發生年度,發生月,發生日,發生時-Hours,發生分,處理別-編號,區序,肇事地點,死亡人數,2-30日死亡人數,受傷人數,當事人序號,車種,天候,道路照明設備,道路類別,速限-速度限制,道路型態,事故位置,路面狀況1,路面狀況2,路面狀況3,道路障礙1,道路障礙2,號誌1,號誌2,車道劃分-分向,車道劃分-分道1,車道劃分-分道2,車道劃分-分道3,事故類型及型態,性別,年齡,受傷程度,主要傷處,保護裝置,行動電話,車輛用途,當事者行動狀態,駕駛資格情形,駕駛執照種類,飲酒情形,車輛撞擊部位1,車輛撞擊部位2,肇因碼-個別,肇因碼-主要,個人肇逃否,職業,座標-X,座標-Y
113,1,2,14,57,2,12內湖區,內湖區民權東路6段135巷與民權東路6段123巷21弄口,0,0,1,2,C03,8,5,5,30,4,1,1,5,4,5,13,4,4,10,5,5,2,15,2,66,2,9,5,1,7,9,1,10,1,11,,108,,1,21,121.5918294,25.07032488
113,1,2,15,6,2,10文山區,文山區羅斯福路5段218巷與羅斯福路5段218巷6弄口,0,0,1,1,B12,8,6,5,30,4,1,1,5,4,5,13,4,4,5,5,5,2,14,1,52,3,10,7,1,7,2,1,3,2,3,,12,,1,21,121.5381063,25.0021363
113,1,2,15,6,2,10文山區,文山區羅斯福路5段218巷與羅斯福路5段218巷6弄口,0,0,1,2,C03,8,6,5,30,4,1,1,5,4,5,13,4,4,5,5,5,2,14,2,31,2,9,6,1,7,11,1,10,2,11,,44,,1,21,121.5381063,25.0021363
113,1,2,15,12,2,10文山區,文山區新光路2段32號對面,0,0,2,2,C03,8,7,5,50,14,9,1,5,4,5,13,4,4,1,4,5,2,17,1,60,2,9,5,1,7,9,1,10,2,11,,108,,1,21,121.5791005,24.9982475
113,1,2,15,12,2,10文山區,文山區新光路2段32號對面,0,0,2,3,H02,8,7,5,50,14,9,1,5,4,5,13,4,4,1,4,5,2,17,2,62,2,9,5,5,7,20,8,20,10,16,,67,,1,21,121.5791005,24.9982475
113,1,2,15,12,2,10文山區,文山區新光路2段32號對面,0,0,2,1,B03,8,7,5,50,14,9,1,5,4,5,13,4,4,1,4,5,2,17,1,70,3,10,7,1,7,2,1,8,2,3,,12,,1,21,121.5791005,24.9982475
113,1,2,15,22,2,12內湖區,內湖區新明路270號,0,0,2,1,C03,8,7,5,50,14,8,1,5,4,5,13,4,4,4,3,4,1,13,1,55,2,9,6,1,7,9,1,10,1,13,,73,,1,21,121.5832652,25.05647008
113,1,2,15,22,2,12內湖區,內湖區新明路270號,0,0,2,2,C03,8,7,5,50,14,8,1,5,4,5,13,4,4,4,3,4,1,13,1,60,2,9,6,1,7,9,1,10,1,11,,14,,1,21,121.5832652,25.05647008
113,1,2,15,35,2,08士林區,士林區建業路36巷13號,0,0,1,1,C03,8,7,8,30,11,9,1,5,4,5,13,4,4,5,5,5,2,11,1,20,3,10,5,1,7,9,1,10,1,11,,17,,1,21,121.5496609,25.13615165
113,1,2,15,35,2,08士林區,士林區建業路36巷13號,0,0,1,2,C03,8,7,8,30,11,9,1,5,4,5,13,4,4,5,5,5,2,11,2,20,2,8,5,1,7,9,1,10,1,11,,17,,1,21,121.5496609,25.13615165
113,1,2,15,44,2,02萬華區,萬華區桂林路與西寧南路口,0,0,2,1,C03,7,6,5,50,3,1,1,5,4,5,13,1,1,1,4,5,2,12,1,49,2,8,6,1,7,9,1,10,1,14,,42,,1,21,121.5064924,25.0375772
113,1,2,15,44,2,02萬華區,萬華區桂林路與西寧南路口,0,0,2,2,C03,7,6,5,50,3,1,1,5,4,5,13,1,1,1,4,5,2,12,2,21,2,9,6,1,7,9,1,10,1,11,,44,,1,21,121.5064924,25.0375772
113,1,2,15,44,2,02萬華區,萬華區桂林路與西寧南路口,0,0,2,3,B01,7,6,5,50,3,1,1,5,4,5,13,1,1,1,4,5,2,12,1,64,3,10,7,1,7,9,1,4,1,2,,44,,1,21,121.5064924,25.0375772
113,1,2,15,46,2,09北投區,北投區崇仁路1段與清江路245巷口,0,0,2,1,C03,7,6,5,30,4,1,1,5,4,5,13,4,4,9,5,5,1,17,1,33,2,9,5,1,7,5,1,10,1,14,,8,,1,21,121.5016157,25.1259984
113,1,2,15,46,2,09北投區,北投區崇仁路1段與清江路245巷口,0,0,2,2,C03,7,6,5,30,4,1,1,5,4,5,13,4,4,9,5,5,1,17,2,52,2,9,5,1,7,9,1,10,1,11,,108,,1,21,121.5016157,25.1259984
113,1,2,16,8,2,05中正區,中正區和平西路2段68號,0,0,2,1,C03,8,6,5,50,14,9,1,5,4,5,13,4,4,1,4,5,2,17,2,38,2,9,5,1,7,9,1,10,2,11,,108,,1,21,121.5115288,25.0292882
113,1,2,16,8,2,05中正區,中正區和平西路2段68號,0,0,2,2,C03,8,6,5,50,14,9,1,5,4,5,13,4,4,1,4,5,2,17,1,73,2,9,6,1,7,1,1,10,2,14,,19,,1,21,121.5115288,25.0292882
113,1,2,16,20,2,05中正區,中正區市民大道2段與市民大道2段口迴轉道,0,0,1,1,B03,8,7,5,40,3,2,1,5,4,5,13,4,4,1,4,5,2,17,1,64,3,10,7,1,7,8,1,8,2,2,,100,,1,21,121.5237227,25.0477348
113,1,2,16,20,2,05中正區,中正區市民大道2段與市民大道2段口迴轉道,0,0,1,2,C03,8,7,5,40,3,2,1,5,4,5,13,4,4,1,4,5,2,17,2,44,2,9,5,1,7,9,1,10,2,14,,13,,1,21,121.5237227,25.0477348
113,1,2,16,20,2,05中正區,中正區市民大道2段與市民大道2段口迴轉道,0,0,1,3,F03,8,7,5,40,3,2,1,5,4,5,13,4,4,1,4,5,2,17,2,20,3,10,4,1,7,9,8,20,2,11,,44,,1,21,121.5237227,25.0477348
113,1,2,16,20,2,12內湖區,內湖區舊宗路1段128號,0,0,1,1,C02,8,6,5,50,14,9,1,5,4,5,13,4,4,9,4,5,2,17,1,33,2,9,6,1,7,9,1,9,2,14,,42,,1,21,121.5784949,25.06110396
113,1,2,16,20,2,12內湖區,內湖區舊宗路1段128號,0,0,1,2,B03,8,6,5,50,14,9,1,5,4,5,13,4,4,9,4,5,2,17,1,32,3,10,7,1,7,7,1,8,2,17,,44,,1,21,121.5784949,25.06110396
113,1,2,16,20,2,12內湖區,內湖區舊宗路1段128號,0,0,1,3,B01,8,6,5,50,14,9,1,5,4,5,13,4,4,9,4,5,2,17,1,60,3,10,7,1,7,14,1,4,9,17,,38,,1,21,121.5784949,25.06110396
113,1,2,16,25,2,08士林區,士林區福林路與自祥街口,0,0,1,1,B03,8,6,5,50,3,1,1,5,4,5,13,2,1,5,4,5,2,17,2,35,3,10,7,1,7,5,1,8,1,4,,44,,1,21,121.5329417,25.0969693
113,1,2,16,25,2,08士林區,士林區福林路與自祥街口,0,0,1,2,C03,8,6,5,50,3,1,1,5,4,5,13,2,1,5,4,5,2,17,2,20,2,9,6,1,7,9,1,10,1,12,,4,,1,25,121.5329417,25.0969693
113,1,2,16,29,2,06松山區,松山區塔悠路與南京東路5段口,0,0,1,1,B02,8,5,5,50,4,2,1,5,4,5,13,2,1,1,4,5,2,16,1,59,3,10,7,1,7,11,1,8,1,4,,10,,1,22,121.5703343,25.05145007
113,1,2,16,29,2,06松山區,松山區塔悠路與南京東路5段口,0,0,1,2,C03,8,5,5,50,4,2,1,5,4,5,13,2,1,1,4,5,2,16,2,35,2,9,5,1,7,9,1,10,1,12,,108,,1,22,121.5703343,25.05145007
113,1,2,16,30,2,07信義區,信義區松山路與林口街口,0,0,1,1,C03,7,7,5,50,5,1,1,5,4,5,13,4,4,9,4,5,2,17,1,63,2,9,6,1,7,9,1,10,2,14,,72,,1,21,121.5789811,25.0355692
113,1,2,16,30,2,07信義區,信義區松山路與林口街口,0,0,1,2,A02,7,7,5,50,5,1,1,5,4,5,13,4,4,9,4,5,2,17,1,48,3,10,7,1,7,9,1,2,2,5,,17,,1,21,121.5789811,25.0355692
113,1,2,16,58,2,04大安區,大安區辛亥路3段與基隆路3段口,0,0,1,1,B03,8,5,5,50,4,4,1,5,4,5,13,2,1,1,3,5,2,13,2,47,3,10,7,1,7,9,1,8,1,8,,116,,1,21,121.5469452,25.0195296
113,1,2,16,58,2,04大安區,大安區辛亥路3段與基隆路3段口,0,0,1,2,C03,8,5,5,50,4,4,1,5,4,5,13,2,1,1,3,5,2,13,1,53,2,9,5,1,7,9,1,10,1,13,,44,,1,21,121.5469452,25.0195296
113,1,2,17,6,2,03中山區,中山區南京東路2段與吉林路口,0,0,1,1,C03,8,5,5,50,4,2,1,5,4,5,13,2,1,5,4,5,2,17,2,26,2,9,3,4,7,5,1,10,1,14,,44,,1,21,121.5300928,25.0520268
113,1,2,17,6,2,03中山區,中山區南京東路2段與吉林路口,0,0,1,2,B03,8,5,5,50,4,2,1,5,4,5,13,2,1,5,4,5,2,17,2,33,3,10,3,4,7,9,1,8,1,5,,44,,1,21,121.5300928,25.0520268
113,1,2,17,21,2,10文山區,文山區木柵路1段與木柵路1段378巷口,0,0,2,1,C03,8,5,5,50,5,2,1,5,4,5,13,1,1,5,4,5,2,17,1,27,2,8,5,1,7,8,6,10,1,12,,100,,1,21,121.5574017,24.988649
113,1,2,17,21,2,10文山區,文山區木柵路1段與木柵路1段378巷口,0,0,2,2,C03,8,5,5,50,5,2,1,5,4,5,13,1,1,5,4,5,2,17,1,20,2,9,5,1,7,9,1,10,1,14,,13,,1,21,121.5574017,24.988649
113,1,2,17,21,2,10文山區,文山區木柵路1段與木柵路1段378巷口,0,0,2,3,B03,8,5,5,50,5,2,1,5,4,5,13,1,1,5,4,5,2,17,1,52,3,10,7,1,7,15,1,8,1,2,,42,,1,21,121.5574017,24.988649
113,1,2,17,24,2,01大同區,大同區鄭州路與西寧北路口,0,0,1,1,B03,8,5,6,40,4,1,1,5,4,5,13,2,1,1,4,5,2,13,2,28,3,10,3,4,7,9,1,8,1,1,,118,,1,21,121.508197,25.0505848
113,1,2,17,24,2,01大同區,大同區鄭州路與西寧北路口,0,0,1,2,C03,8,5,6,40,4,1,1,5,4,5,13,2,1,1,4,5,2,13,1,63,2,9,3,4,7,5,1,10,1,13,,118,,1,21,121.508197,25.0505848
113,1,2,17,46,2,09北投區,北投區洲美快速道路239號燈桿,0,0,2,1,B03,8,5,5,50,14,9,1,5,4,5,13,4,4,1,4,5,2,13,1,47,3,10,7,1,7,9,1,8,1,1,,108,,1,21,121.4946249,25.12150511
113,1,2,17,46,2,09北投區,北投區洲美快速道路239號燈桿,0,0,2,2,B03,8,5,5,50,14,9,1,5,4,5,13,4,4,1,4,5,2,13,1,42,2,9,7,1,7,9,1,8,1,3,,44,,1,21,121.4946249,25.12150511
113,1,2,17,46,2,09北投區,北投區洲美快速道路239號燈桿,0,0,2,3,H02,8,5,5,50,14,9,1,5,4,5,13,4,4,1,4,5,2,13,2,34,2,9,7,5,7,20,8,20,10,17,,67,,1,21,121.4946249,25.12150511
113,1,2,17,50,2,11南港區,南港區忠孝東路6段與向陽路口,0,0,1,1,A12,8,5,5,50,5,1,1,5,4,5,13,2,1,1,4,5,2,17,1,36,3,10,3,4,7,9,1,2,2,2,,108,,1,21,121.5959286,25.0506449
113,1,2,17,50,2,11南港區,南港區忠孝東路6段與向陽路口,0,0,1,2,C03,8,5,5,50,5,1,1,5,4,5,13,2,1,1,4,5,2,17,1,53,2,9,3,4,7,9,1,10,2,13,,44,,1,21,121.5959286,25.0506449
113,1,2,17,50,2,11南港區,南港區忠孝東路6段與向陽路口,0,0,1,3,B03,8,5,5,50,5,1,1,5,4,5,13,2,1,1,4,5,2,17,1,65,3,10,3,4,7,9,1,8,2,4,,44,,1,21,121.5959286,25.0506449
113,1,2,18,0,2,05中正區,中正區重慶南路3段與和平西路1段口,0,0,2,1,B03,8,5,5,50,5,2,1,5,4,5,13,1,1,1,4,5,2,12,1,42,3,10,7,4,7,8,1,8,9,5,,100,,2,21,121.5164599,25.0272013
113,1,2,18,0,2,05中正區,中正區重慶南路3段與和平西路1段口,0,0,2,2,B03,8,5,5,50,5,2,1,5,4,5,13,1,1,1,4,5,2,12,1,69,2,8,7,4,7,14,1,8,1,4,,44,,1,21,121.5164599,25.0272013
113,1,2,18,0,2,05中正區,中正區重慶南路3段與和平西路1段口,0,0,2,3,H02,8,5,5,50,5,2,1,5,4,5,13,1,1,1,4,5,2,12,1,7,2,1,7,5,7,20,8,20,10,16,,67,,1,21,121.5164599,25.0272013
113,1,2,18,13,2,02萬華區,萬華區環河南路2段152號,0,0,1,1,C03,8,5,5,50,14,9,1,5,4,5,13,4,4,9,5,5,2,17,2,18,2,9,5,1,7,15,1,10,1,11,,42,,1,21,121.4945513,25.0358077
113,1,2,18,13,2,02萬華區,萬華區環河南路2段152號,0,0,1,2,B03,8,5,5,50,14,9,1,5,4,5,13,4,4,9,5,5,2,17,1,58,3,10,7,1,7,14,1,8,1,4,,44,,1,21,121.4945513,25.0358077
113,1,2,18,13,2,02萬華區,萬華區環河南路2段152號,0,0,1,3,B03,8,5,5,50,14,9,1,5,4,5,13,4,4,9,5,5,2,17,1,62,3,10,7,1,7,14,1,8,1,6,,44,,1,21,121.4945513,25.0358077
113,1,2,18,17,2,02萬華區,萬華區忠孝西路2段與忠孝西路16巷口,0,0,1,1,B03,7,5,5,50,3,1,1,5,4,5,13,4,4,10,3,5,2,16,1,60,3,10,3,4,7,6,1,8,1,2,,44,,1,22,121.5085495,25.0482424
113,1,2,18,17,2,02萬華區,萬華區忠孝西路2段與忠孝西路16巷口,0,0,1,2,C03,7,5,5,50,3,1,1,5,4,5,13,4,4,10,3,5,2,16,1,50,2,9,5,4,7,5,1,10,1,14,,108,,1,22,121.5085495,25.0482424
113,1,2,18,20,2,04大安區,大安區忠孝東路4段與復興南路1段口,0,0,1,1,A02,8,5,5,50,4,2,1,5,4,5,13,1,1,1,4,5,2,9,1,46,3,10,7,1,7,12,1,2,1,17,,44,,1,21,121.5441229,25.0417126
113,1,2,18,20,2,04大安區,大安區忠孝東路4段與復興南路1段口,0,0,1,2,H02,8,5,5,50,4,2,1,5,4,5,13,1,1,1,4,5,2,9,2,64,2,1,4,5,7,20,8,20,10,16,,67,,1,21,121.5441229,25.0417126
113,1,2,18,35,2,06松山區,松山區南京東路5段與三民路口,0,0,1,1,C03,8,5,5,50,14,9,1,5,4,5,13,1,1,1,2,5,2,12,2,59,2,9,5,1,7,1,1,10,2,11,,116,,1,21,121.564242,25.0514755
113,1,2,18,35,2,06松山區,松山區南京東路5段與三民路口,0,0,1,2,C03,8,5,5,50,14,9,1,5,4,5,13,1,1,1,2,5,2,12,1,34,3,10,5,1,7,14,1,10,2,14,,44,,1,21,121.564242,25.0514755
113,1,2,18,35,2,06松山區,松山區南京東路5段與三民路口,0,0,1,3,C03,8,5,5,50,14,9,1,5,4,5,13,1,1,1,2,5,2,12,1,49,3,10,5,1,7,14,1,10,2,14,,44,,1,21,121.564242,25.0514755
113,1,2,18,46,2,02萬華區,萬華區成都路81號,0,0,1,1,B03,8,5,5,50,14,9,1,5,4,5,13,4,4,8,3,5,1,16,1,47,3,10,3,4,7,6,1,8,2,2,,9,,1,22,121.505159,25.0430059
113,1,2,18,46,2,02萬華區,萬華區成都路81號,0,0,1,2,C03,8,5,5,50,14,9,1,5,4,5,13,4,4,8,3,5,1,16,2,38,2,9,3,4,7,9,1,10,2,14,,44,,1,22,121.505159,25.0430059
113,1,2,18,46,2,12內湖區,內湖區陽光街321巷與陽光街口,0,0,1,1,B03,8,5,5,50,3,2,1,5,4,5,13,4,4,5,4,5,1,13,2,25,3,10,7,1,7,9,1,8,1,5,,108,,1,21,121.5785016,25.07345909
113,1,2,18,46,2,12內湖區,內湖區陽光街321巷與陽光街口,0,0,1,2,C03,8,5,5,50,3,2,1,5,4,5,13,4,4,5,4,5,1,13,2,26,2,9,5,1,7,9,1,10,1,14,,103,,1,21,121.5785016,25.07345909
113,1,2,19,0,2,01大同區,大同區南京西路與太原路口,0,0,1,1,B03,8,5,5,50,4,1,1,5,4,5,13,2,1,8,3,4,2,3,1,61,3,10,7,1,7,5,1,8,1,8,,70,,1,21,121.5161045,25.0535851
113,1,2,19,0,2,01大同區,大同區南京西路與太原路口,0,0,1,2,H01,8,5,5,50,4,1,1,5,4,5,13,2,1,8,3,4,2,3,2,61,2,9,4,5,8,20,8,20,10,16,,67,,1,21,121.5161045,25.0535851
113,1,2,19,7,2,07信義區,信義區基隆路2段與嘉興街127巷口,0,0,1,1,B03,7,5,5,50,3,2,1,5,4,5,13,1,1,1,4,5,1,17,2,64,4,11,3,4,7,6,1,6,11,17,,9,,2,22,121.5573315,25.0291157
113,1,2,19,7,2,07信義區,信義區基隆路2段與嘉興街127巷口,0,0,1,2,C03,7,5,5,50,3,2,1,5,4,5,13,1,1,1,4,5,1,17,1,23,2,8,3,4,7,9,1,10,2,11,,44,,1,21,121.5573315,25.0291157
113,1,2,19,30,2,08士林區,士林區中正路360號,0,0,1,1,B03,8,5,5,50,14,9,1,5,4,5,13,4,4,1,4,5,2,17,1,55,3,10,3,4,7,7,1,8,1,17,,100,,1,21,121.5213137,25.09428005
113,1,2,19,30,2,08士林區,士林區中正路360號,0,0,1,2,C03,8,5,5,50,14,9,1,5,4,5,13,4,4,1,4,5,2,17,1,28,2,9,5,4,7,9,1,10,1,17,,44,,1,21,121.5213137,25.09428005
113,1,2,19,44,2,01大同區,大同區南京西路與南京西路302巷口,0,0,1,1,B01,7,5,5,50,4,18,1,5,4,5,13,4,4,9,4,5,2,3,1,60,3,10,7,4,7,9,1,4,2,5,,70,,1,21,121.5140971,25.0538164
113,1,2,19,44,2,01大同區,大同區南京西路與南京西路302巷口,0,0,1,2,H01,7,5,5,50,4,18,1,5,4,5,13,4,4,9,4,5,2,3,2,34,2,9,4,5,8,16,8,20,10,16,,67,,1,21,121.5140971,25.0538164
113,1,2,20,20,2,03中山區,中山區吉林路299巷與民權東路2段71巷口,0,0,1,1,C03,8,5,5,30,4,1,1,5,4,5,13,4,4,10,5,5,2,15,2,24,2,9,6,1,7,9,1,10,1,11,,80,,1,21,121.5316861,25.06309477
113,1,2,20,20,2,03中山區,中山區吉林路299巷與民權東路2段71巷口,0,0,1,2,B03,8,5,5,30,4,1,1,5,4,5,13,4,4,10,5,5,2,15,1,35,3,10,7,1,7,9,6,4,1,4,,44,,1,21,121.5316861,25.06309477
113,1,2,21,7,2,09北投區,北投區石牌路2段與立農街2段口,0,0,1,1,F01,7,5,5,50,3,1,1,5,4,5,13,1,1,5,4,5,2,12,2,31,2,9,4,1,7,7,8,20,2,14,,44,,1,21,121.5189423,25.1188497
113,1,2,21,7,2,09北投區,北投區石牌路2段與立農街2段口,0,0,1,2,B03,7,5,5,50,3,1,1,5,4,5,13,1,1,5,4,5,2,12,2,58,3,10,7,1,7,6,1,8,2,2,,9,,1,21,121.5189423,25.1188497
113,1,2,21,10,2,12內湖區,內湖區新明路與新明路143巷口,0,0,2,1,C03,8,5,5,50,3,1,1,5,4,5,13,4,4,5,4,4,2,17,1,31,2,9,6,1,7,5,1,10,1,13,,74,,1,21,121.589346,25.05937631
113,1,2,21,10,2,12內湖區,內湖區新明路與新明路143巷口,0,0,2,2,C03,8,5,5,50,3,1,1,5,4,5,13,4,4,5,4,4,2,17,1,18,2,9,6,1,7,9,1,10,1,11,,14,,1,21,121.589346,25.05937631
113,1,2,23,58,2,05中正區,中正區中華路2段與南海路口,0,0,1,1,B02,7,5,5,50,4,1,1,5,4,5,13,2,1,5,4,5,2,16,1,23,3,10,7,1,7,5,1,8,2,8,,80,,1,21,121.5071395,25.0267895
113,1,2,23,58,2,05中正區,中正區中華路2段與南海路口,0,0,1,2,C04,7,5,5,50,4,1,1,5,4,5,13,2,1,5,4,5,2,16,1,31,2,9,5,1,7,9,1,10,2,11,,44,,1,21,121.5071395,25.0267895
113,1,3,6,27,2,01大同區,大同區延平北路3段與民族西路口,0,0,1,1,C03,6,5,5,50,5,1,1,4,4,5,13,2,1,5,4,5,2,9,1,70,3,10,6,1,7,6,3,18,1,12,,70,,1,21,121.5109737,25.0686873
113,1,3,6,27,2,01大同區,大同區延平北路3段與民族西路口,0,0,1,2,H01,6,5,5,50,5,1,1,4,4,5,13,2,1,5,4,5,2,9,2,82,2,9,4,5,8,16,8,20,1,16,,67,,1,21,121.5109737,25.0686873
113,1,3,6,52,2,04大安區,大安區光復南路與光復南路456巷口,0,0,2,1,C03,6,6,5,50,4,1,1,4,4,5,13,2,1,1,4,5,2,9,1,59,2,9,5,1,7,9,1,10,2,15,,44,,1,21,121.5574712,25.03554395
113,1,3,6,52,2,04大安區,大安區光復南路與光復南路456巷口,0,0,2,2,H01,6,6,5,50,4,1,1,4,4,5,13,2,1,1,4,5,2,9,1,90,2,1,4,5,8,16,8,20,10,16,,67,,1,21,121.5574712,25.03554395
113,1,3,7,0,2,12內湖區,內湖區五分街113-1號對面(東湖路160巷上),0,0,1,1,B03,6,6,5,30,14,9,1,4,4,5,13,4,4,5,5,5,2,17,1,39,3,10,7,1,7,11,1,8,2,4,,80,,1,21,121.617273,25.06731498
113,1,3,7,0,2,12內湖區,內湖區五分街113-1號對面(東湖路160巷上),0,0,1,2,C03,6,6,5,30,14,9,1,4,4,5,13,4,4,5,5,5,2,17,1,28,2,9,5,1,7,9,1,10,2,11,,44,,1,21,121.617273,25.06731498
113,1,3,7,4,2,02萬華區,萬華區長順街與雙園街152巷口,0,0,1,1,B12,6,5,5,30,4,2,1,4,4,5,13,1,1,5,5,5,1,17,1,46,3,10,7,1,7,11,1,8,2,17,,10,,1,22,121.4912628,25.0309907
113,1,3,7,4,2,02萬華區,萬華區長順街與雙園街152巷口,0,0,1,2,C03,6,5,5,30,4,2,1,4,4,5,13,1,1,5,5,5,1,17,1,30,2,9,6,1,7,9,1,10,2,17,,44,,1,23,121.4912628,25.0309907
113,1,3,7,11,2,05中正區,中正區市民大道1段168號,0,0,3,3,C03,7,5,5,40,14,9,1,4,4,5,13,4,4,9,4,5,2,17,1,40,2,9,5,1,7,9,1,10,2,11,,13,,1,21,121.51866,25.0483396
113,1,3,7,11,2,05中正區,中正區市民大道1段168號,0,0,3,2,C03,7,5,5,40,14,9,1,4,4,5,13,4,4,9,4,5,2,17,1,41,2,9,5,1,7,9,1,10,2,11,,16,,1,21,121.51866,25.0483396
113,1,3,7,11,2,05中正區,中正區市民大道1段168號,0,0,3,1,C03,7,5,5,40,14,9,1,4,4,5,13,4,4,9,4,5,2,17,1,59,2,8,5,1,7,7,1,10,2,13,,100,,1,21,121.51866,25.0483396
113,1,3,7,30,2,01大同區,大同區承德路3段與民權西路口,0,0,1,1,B01,6,5,5,50,4,1,1,4,4,5,13,2,1,1,2,5,2,13,1,67,3,10,7,1,7,8,1,4,2,6,,100,,1,21,121.5185036,25.0630016
113,1,3,7,30,2,01大同區,大同區承德路3段與民權西路口,0,0,1,2,C03,6,5,5,50,4,1,1,4,4,5,13,2,1,1,2,5,2,13,2,50,2,9,5,1,7,9,1,10,2,11,,44,,1,21,121.5185036,25.0630016
113,1,3,8,5,2,07信義區,信義區松仁路277號,0,0,1,1,B03,6,7,5,50,14,9,1,4,4,5,13,1,1,9,5,5,2,17,4,0,,,,,,,,,,,,119,,2,,121.5698758,25.02406
113,1,3,8,5,2,07信義區,信義區松仁路277號,0,0,1,2,C03,6,7,5,50,14,9,1,4,4,5,13,1,1,9,5,5,2,17,2,36,2,9,5,1,7,9,1,10,1,12,,118,,1,22,121.5698758,25.02406
113,1,3,8,13,2,11南港區,南港區南港路1段與經貿二路口,0,0,1,1,C03,6,6,5,50,4,1,1,4,4,5,13,2,1,1,3,5,2,12,1,22,3,10,3,4,7,9,1,10,1,14,,86,,1,21,121.6164902,25.0552377
113,1,3,8,13,2,11南港區,南港區南港路1段與經貿二路口,0,0,1,2,C03,6,6,5,50,4,1,1,4,4,5,13,2,1,1,3,5,2,12,1,59,2,8,3,4,7,9,1,10,1,14,,44,,1,21,121.6164902,25.0552377
113,1,3,8,15,2,05中正區,中正區公園路21號,0,0,1,1,A02,6,6,5,50,14,9,1,4,4,5,13,1,1,5,4,4,2,9,1,47,3,10,7,1,7,12,1,2,2,17,,103,,1,21,121.5150352,25.0359323
113,1,3,8,15,2,05中正區,中正區公園路21號,0,0,1,2,H02,6,6,5,50,14,9,1,4,4,5,13,1,1,5,4,4,2,9,2,61,2,9,4,5,7,17,8,20,10,16,,67,,1,22,121.5150352,25.0359323
113,1,3,8,48,2,08士林區,士林區至善路1段與福林路254巷口,0,0,1,1,B03,7,6,5,50,3,2,1,4,4,5,13,3,1,1,4,4,1,12,1,71,3,10,7,1,7,8,1,8,1,2,,100,,1,21,121.5377828,25.0983054
113,1,3,8,48,2,08士林區,士林區至善路1段與福林路254巷口,0,0,1,2,C03,7,6,5,50,3,2,1,4,4,5,13,3,1,1,4,4,1,12,2,27,2,9,5,1,7,9,1,10,1,14,,44,,1,21,121.5377828,25.0983054
113,1,3,8,48,2,08士林區,士林區至善路1段與福林路254巷口,0,0,1,3,C03,7,6,5,50,3,2,1,4,4,5,13,3,1,1,4,4,1,12,2,31,3,10,5,1,7,13,1,10,11,14,,44,,1,21,121.5377828,25.0983054
113,1,3,8,49,2,03中山區,中山區中山北路3段與民族東路口,0,0,2,1,C03,6,7,5,40,4,2,1,4,4,5,13,2,1,1,4,5,2,13,1,23,2,9,6,4,7,9,1,10,1,15,,13,,1,21,121.5232298,25.0684637
113,1,3,8,49,2,03中山區,中山區中山北路3段與民族東路口,0,0,2,2,C03,6,7,5,40,4,2,1,4,4,5,13,2,1,1,4,5,2,13,2,35,2,6,6,4,7,9,1,10,1,13,,44,,1,21,121.5232298,25.0684637
113,1,3,8,49,2,03中山區,中山區中山北路3段與民族東路口,0,0,2,3,A02,6,7,5,40,4,2,1,4,4,5,13,2,1,1,4,5,2,13,1,66,3,10,3,4,7,9,1,2,1,5,,108,,1,21,121.5232298,25.0684637
113,1,3,8,49,2,12內湖區,內湖區瑞光路與瑞光路253巷口口,0,0,2,1,C03,6,6,5,50,14,9,1,4,4,5,13,4,4,5,4,5,2,13,2,37,2,9,5,1,7,9,1,10,1,11,,16,,1,21,121.5775514,25.07477897
113,1,3,8,49,2,12內湖區,內湖區瑞光路與瑞光路253巷口口,0,0,2,2,C03,6,6,5,50,14,9,1,4,4,5,13,4,4,5,4,5,2,13,2,35,2,9,5,1,7,9,1,10,1,13,,44,,1,21,121.5775514,25.07477897
113,1,3,8,49,2,12內湖區,內湖區瑞光路與瑞光路253巷口口,0,0,2,3,C03,6,6,5,50,14,9,1,4,4,5,13,4,4,5,4,5,2,13,1,28,3,10,5,1,7,9,1,10,1,11,,108,,1,21,121.5775514,25.07477897
113,1,3,9,6,2,09北投區,北投區大度路3段305號,0,0,1,1,C03,6,7,5,50,14,9,1,4,4,5,13,4,4,3,4,5,1,17,1,22,2,9,6,1,7,9,1,10,9,12,,42,,1,22,121.4651398,25.12341867
113,1,3,9,6,2,09北投區,北投區大度路3段305號,0,0,1,2,B03,6,7,5,50,14,9,1,4,4,5,13,4,4,3,4,5,1,17,1,27,3,10,7,1,7,7,1,8,9,2,,100,,1,22,121.4651398,25.12341867
113,1,3,9,38,2,05中正區,中正區羅斯福路3段與羅斯福路3段210巷口,0,0,1,1,B02,6,6,5,50,3,1,1,4,4,5,13,4,4,3,4,5,2,17,1,45,3,10,7,1,7,6,1,8,1,6,,9,,1,21,121.529498,25.0193087
113,1,3,9,38,2,05中正區,中正區羅斯福路3段與羅斯福路3段210巷口,0,0,1,2,C03,6,6,5,50,3,1,1,4,4,5,13,4,4,3,4,5,2,17,1,29,2,9,5,1,7,9,1,10,1,11,,108,,1,21,121.529498,25.0193087
113,1,3,9,46,2,02萬華區,萬華區萬大路423巷33號,0,0,1,3,B12,6,7,5,50,11,9,1,4,4,5,13,1,1,5,2,5,1,17,1,33,3,10,7,1,7,1,1,8,1,17,,19,,1,21,121.5001389,25.0211761
113,1,3,9,46,2,02萬華區,萬華區萬大路423巷33號,0,0,1,2,B01,6,7,5,50,11,9,1,4,4,5,13,1,1,5,2,5,1,17,1,69,3,10,7,1,7,9,1,4,1,2,,17,,1,21,121.5001389,25.0211761