發生年度,發生月,發生日,發生時-Hours,發生分,處理別-編號,區序,肇事地點,死亡人數,2-30日死亡人數,受傷人數,當事人序號,車種,天候,道路照明設備,道路類別,速限-速度限制,道路型態,事故位置,路面狀況1,路面狀況2,路面狀況3,道路障礙1,道路障礙2,號誌1,號誌2,車道劃分-分向,車道劃分-分道1,車道劃分-分道2,車道劃分-分道3,事故類型及型態,性別,年齡,受傷程度,主要傷處,保護裝置,行動電話,車輛用途,當事者行動狀態,駕駛資格情形,駕駛執照種類,飲酒情形,車輛撞擊部位1,車輛撞擊部位2,肇因碼-個別,肇因碼-主要,個人肇逃否,職業,座標-X,座標-Y
113,1,3,9,46,2,02萬華區,萬華區萬大路423巷33號,0,0,1,1,C03,6,7,5,50,11,9,1,4,4,5,13,1,1,5,2,5,1,17,1,75,2,1,6,1,7,9,1,10,1,14,,17,,1,21,121.5001389,25.0211761
113,1,3,9,58,2,07信義區,信義區信義路6段76巷2弄85號,0,0,1,1,B03,6,7,5,30,14,9,1,4,4,5,13,4,4,10,5,5,1,17,1,85,3,10,7,1,7,5,1,8,1,1,,74,,1,22,121.5758955,25.0329793
113,1,3,9,58,2,07信義區,信義區信義路6段76巷2弄85號,0,0,1,2,C03,6,7,5,30,14,9,1,4,4,5,13,4,4,10,5,5,1,17,1,51,2,9,5,1,7,9,1,10,1,11,,108,,1,22,121.5758955,25.0329793
113,1,3,10,9,2,07信義區,信義區基隆路汽機車混合地下道,0,0,1,1,C03,6,5,5,30,7,11,1,4,4,5,13,4,4,6,4,5,2,17,1,19,2,8,6,1,7,9,1,10,1,12,,116,,1,22,121.5632716,25.03912542
113,1,3,10,9,2,07信義區,信義區基隆路汽機車混合地下道,0,0,1,2,C03,6,5,5,30,7,11,1,4,4,5,13,4,4,6,4,5,2,17,1,61,3,10,6,1,7,9,6,18,9,12,,44,,1,22,121.5632716,25.03912542
113,1,3,10,10,2,09北投區,北投區光明路與七星街口,0,0,1,1,C03,6,6,5,50,14,9,1,4,4,5,13,4,4,9,4,5,2,12,2,20,3,10,5,1,7,8,1,10,1,15,,100,,1,21,121.5039871,25.1370135
113,1,3,10,10,2,09北投區,北投區光明路與七星街口,0,0,1,2,C03,6,6,5,50,14,9,1,4,4,5,13,4,4,9,4,5,2,12,1,42,2,8,5,1,7,9,1,10,1,17,,17,,1,21,121.5039871,25.1370135
113,1,3,10,35,2,03中山區,中山區北安路與自強隧道(外)口機車專用道,0,0,1,1,C03,8,6,5,50,14,11,1,4,4,5,13,4,4,1,4,1,2,13,2,65,2,9,5,1,7,9,1,10,1,11,,44,,1,22,121.5516552,25.08609313
113,1,3,10,35,2,03中山區,中山區北安路與自強隧道(外)口機車專用道,0,0,1,2,C03,8,6,5,50,14,11,1,4,4,5,13,4,4,1,4,1,2,13,1,43,3,10,5,1,7,9,1,10,1,13,,44,,1,22,121.5516552,25.08609313
113,1,3,10,35,2,03中山區,中山區北安路與自強隧道(外)口機車專用道,0,0,1,3,B03,8,6,5,50,14,11,1,4,4,5,13,4,4,1,4,1,2,13,1,22,3,10,3,4,7,9,1,8,1,17,,87,,1,22,121.5516552,25.08609313
113,1,3,10,37,2,08士林區,士林區中山北路5段與劍潭路口,0,0,1,1,B03,6,5,8,50,3,1,1,4,4,5,13,4,4,4,5,5,1,17,2,56,3,10,7,1,7,6,1,8,1,17,,98,,1,21,121.5252548,25.0849172
113,1,3,10,37,2,08士林區,士林區中山北路5段與劍潭路口,0,0,1,2,C03,6,5,8,50,3,1,1,4,4,5,13,4,4,4,5,5,1,17,1,73,2,9,5,1,7,9,1,10,1,12,,44,,1,21,121.5252548,25.0849172
113,1,3,10,40,2,07信義區,信義區松仁路7號,0,0,1,1,C03,6,6,5,50,14,9,1,4,4,5,13,4,4,1,4,5,2,18,1,30,2,9,5,1,7,7,1,10,1,12,,42,,1,22,121.5684556,25.03855422
113,1,3,10,40,2,07信義區,信義區松仁路7號,0,0,1,2,,6,6,5,50,14,9,1,4,4,5,13,4,4,1,4,5,2,18,3,0,,,,,,,,,,,,67,,1,,121.5684556,25.03855422
113,1,3,11,11,2,07信義區,信義區松廉路5號,0,0,1,1,C03,6,5,5,50,14,9,1,4,4,5,13,4,4,9,5,5,2,18,2,19,2,8,5,1,7,9,1,10,1,12,,116,,1,21,121.5667026,25.0339616
113,1,3,11,11,2,07信義區,信義區松廉路5號,0,0,1,2,,6,5,5,50,14,9,1,4,4,5,13,4,4,9,5,5,2,18,3,0,,,,,,,,,,,,67,,1,,121.5667026,25.0339616
113,1,3,11,20,2,04大安區,大安區市民大道4段66號,0,0,1,1,C03,6,6,5,40,14,9,1,4,4,5,13,4,4,1,4,5,2,18,2,26,2,9,5,1,7,12,1,10,1,14,,13,,1,21,121.5471459,25.0449214
113,1,3,11,20,2,04大安區,大安區市民大道4段66號,0,0,1,2,,6,6,5,40,14,9,1,4,4,5,13,4,4,1,4,5,2,18,3,0,,,,,,,,,,,,67,,1,,121.5471459,25.0449214
113,1,3,12,6,2,02萬華區,萬華區西園路2段372巷與西園路2段372巷3弄口,0,0,2,1,C03,7,7,5,30,3,2,1,4,4,5,13,4,4,10,5,5,2,16,1,45,2,7,5,1,7,5,1,10,1,11,,74,,1,21,121.49115,25.0254269
113,1,3,12,6,2,02萬華區,萬華區西園路2段372巷與西園路2段372巷3弄口,0,0,2,2,C03,7,7,5,30,3,2,1,4,4,5,13,4,4,10,5,5,2,16,2,30,2,9,5,1,7,9,1,10,1,11,,13,,1,21,121.49115,25.0254269
113,1,3,12,20,2,05中正區,中正區三元街與三元街230巷口,0,0,1,1,B03,6,6,5,50,4,1,1,4,4,5,13,1,1,3,4,4,2,3,1,58,3,10,7,1,7,5,1,8,2,1,,70,,1,21,121.512901,25.0275215
113,1,3,12,20,2,05中正區,中正區三元街與三元街230巷口,0,0,1,2,H01,6,6,5,50,4,1,1,4,4,5,13,1,1,3,4,4,2,3,1,8,2,9,4,5,8,16,8,20,1,16,,67,,1,14,121.512901,25.0275215
113,1,3,12,21,2,12內湖區,內湖區環山路1段與環山路1段28巷口口,0,0,1,1,C03,7,7,5,50,3,1,1,4,4,5,13,1,1,5,5,4,2,17,1,21,2,9,5,1,7,9,1,10,1,14,,44,,1,21,121.5654995,25.0854808
113,1,3,12,21,2,12內湖區,內湖區環山路1段與環山路1段28巷口口,0,0,1,2,B03,7,7,5,50,3,1,1,4,4,5,13,1,1,5,5,4,2,17,1,44,3,10,7,1,7,5,1,8,1,17,,71,,1,21,121.5654995,25.0854808
113,1,3,12,33,2,02萬華區,萬華區寶興街與寶興街38巷口,0,0,2,1,H01,7,7,5,0,4,1,1,4,4,5,13,4,4,8,3,5,2,3,2,59,2,1,4,5,8,16,8,20,10,16,,53,,1,21,121.4933392,25.0273371
113,1,3,12,33,2,02萬華區,萬華區寶興街與寶興街38巷口,0,0,2,2,C03,7,7,5,0,4,1,1,4,4,5,13,4,4,8,3,5,2,3,1,46,2,9,5,1,7,9,1,9,2,11,,108,,1,21,121.4933392,25.0273371
113,1,3,12,51,2,12內湖區,內湖區成功路2段115巷47弄與成功路2段115巷49弄口,0,0,1,1,C03,6,6,5,30,3,2,1,4,4,5,13,4,4,9,4,5,2,16,1,66,2,9,5,1,7,1,1,10,2,12,,19,,1,21,121.5930104,25.06459207
113,1,3,12,51,2,12內湖區,內湖區成功路2段115巷47弄與成功路2段115巷49弄口,0,0,1,2,B03,6,6,5,30,3,2,1,4,4,5,13,4,4,9,4,5,2,16,1,24,3,10,7,1,7,9,1,8,2,4,,44,,1,21,121.5930104,25.06459207
113,1,3,13,0,2,10文山區,文山區木柵路4段與秀明路1段口,0,0,1,1,C03,7,6,5,50,4,1,1,5,4,5,13,1,1,10,5,5,2,15,1,73,2,9,6,1,7,9,1,10,2,11,,85,,1,21,121.5710876,24.9917296
113,1,3,13,0,2,10文山區,文山區木柵路4段與秀明路1段口,0,0,1,2,B03,7,6,5,50,4,1,1,5,4,5,13,1,1,10,5,5,2,15,1,50,3,10,7,1,7,9,1,8,2,4,,44,,1,21,121.5710876,24.9917296
113,1,3,13,18,2,01大同區,大同區民權西路102巷與民權西路102巷33弄口,0,0,2,1,C03,6,6,5,30,4,1,1,4,4,5,13,4,4,10,5,5,2,15,2,27,2,8,6,1,7,9,1,10,1,11,,4,,1,21,121.5176956,25.0615791
113,1,3,13,18,2,01大同區,大同區民權西路102巷與民權西路102巷33弄口,0,0,2,2,C03,6,6,5,30,4,1,1,4,4,5,13,4,4,10,5,5,2,15,2,55,2,8,6,1,7,9,1,10,1,12,,44,,1,21,121.5176956,25.0615791
113,1,3,13,29,2,05中正區,中正區林森南路與林森南路61巷口,0,0,2,1,C03,6,6,5,50,3,2,1,4,4,5,13,4,4,9,4,5,1,12,1,47,2,9,6,1,7,8,1,10,2,12,,100,,1,22,121.5217278,25.03943588
113,1,3,13,29,2,05中正區,中正區林森南路與林森南路61巷口,0,0,2,2,C03,6,6,5,50,3,2,1,4,4,5,13,4,4,9,4,5,1,12,1,41,2,9,6,1,7,9,1,10,2,14,,44,,1,21,121.5217278,25.03943588
113,1,3,13,35,2,07信義區,信義區基隆路2段161號,0,0,2,1,C03,6,6,5,50,14,9,1,4,4,5,13,4,4,1,4,5,2,13,2,54,2,6,3,4,7,9,1,10,2,13,,44,,1,22,121.5540464,25.0255822
113,1,3,13,35,2,07信義區,信義區基隆路2段161號,0,0,2,2,C03,6,6,5,50,14,9,1,4,4,5,13,4,4,1,4,5,2,13,2,46,2,9,3,4,7,9,3,18,2,11,,16,,1,22,121.5540464,25.0255822
113,1,3,13,45,2,05中正區,中正區博愛路與廣州街口口,0,0,1,1,B03,6,6,5,30,4,1,1,4,4,5,13,4,4,5,5,5,1,17,1,59,3,10,7,1,7,5,1,8,1,1,,14,,1,21,121.5106478,25.03492666
113,1,3,13,45,2,05中正區,中正區博愛路與廣州街口口,0,0,1,2,B01,6,6,5,30,4,1,1,4,4,5,13,4,4,5,5,5,1,17,1,34,3,10,7,1,7,9,1,4,1,2,,14,,1,21,121.5106478,25.03492666
113,1,3,13,45,2,05中正區,中正區博愛路與廣州街口口,0,0,1,3,H02,6,6,5,30,4,1,1,4,4,5,13,4,4,5,5,5,1,17,2,30,2,1,7,5,7,20,8,20,10,16,,67,,1,21,121.5106478,25.03492666
113,1,3,13,50,2,04大安區,大安區信義路4段53巷與復興南路1段295巷口,0,0,2,1,C03,6,6,5,30,4,1,1,4,4,5,13,4,4,10,5,5,2,15,1,26,2,9,5,1,7,9,1,10,1,14,,80,,1,21,121.5451303,25.0351457
113,1,3,13,50,2,04大安區,大安區信義路4段53巷與復興南路1段295巷口,0,0,2,2,C03,6,6,5,30,4,1,1,4,4,5,13,4,4,10,5,5,2,15,1,39,2,9,5,1,7,9,1,10,1,11,,14,,1,21,121.5451303,25.0351457
113,1,3,14,59,2,05中正區,中正區南昌路2段與南昌路2段71巷口,0,0,1,1,B02,7,7,5,50,3,1,1,4,4,5,13,4,4,9,5,5,2,17,2,35,3,10,7,1,7,6,1,15,1,2,,9,,1,22,121.5206376,25.0272839
113,1,3,14,59,2,05中正區,中正區南昌路2段與南昌路2段71巷口,0,0,1,2,C03,7,7,5,50,3,1,1,4,4,5,13,4,4,9,5,5,2,17,2,38,2,7,5,1,7,9,1,10,1,14,,44,,1,22,121.5206376,25.0272839
113,1,3,15,51,2,06松山區,松山區民生東路5段與民生東路5段69巷口,0,0,1,1,B02,7,7,5,50,3,1,1,5,4,5,13,2,1,1,4,5,2,17,1,56,3,10,7,1,7,5,1,8,1,6,,71,,1,21,121.5582855,25.05852313
113,1,3,15,51,2,06松山區,松山區民生東路5段與民生東路5段69巷口,0,0,1,2,C03,7,7,5,50,3,1,1,5,4,5,13,2,1,1,4,5,2,17,1,34,2,8,5,1,7,9,1,10,1,11,,44,,1,21,121.5582855,25.05852313
113,1,3,16,1,2,10文山區,文山區興隆路3段與興隆路3段185巷口,0,0,2,1,C03,8,6,5,50,5,1,1,5,4,5,13,3,1,1,4,5,2,3,1,40,2,7,6,1,7,9,1,10,2,11,,70,,1,21,121.5600244,24.9960605
113,1,3,16,1,2,10文山區,文山區興隆路3段與興隆路3段185巷口,0,0,2,2,H01,8,6,5,50,5,1,1,5,4,5,13,3,1,1,4,5,2,3,2,71,2,8,4,5,8,16,8,20,10,16,,67,,1,21,121.5600244,24.9960605
113,1,3,16,5,2,07信義區,信義區信義路4段456號,0,0,2,1,B12,7,6,5,50,14,9,1,5,4,5,13,4,4,9,5,5,2,12,1,20,3,10,7,1,7,8,1,8,1,2,,100,,1,21,121.5580709,25.0329639
113,1,3,16,5,2,07信義區,信義區信義路4段456號,0,0,2,2,C03,7,6,5,50,14,9,1,5,4,5,13,4,4,9,5,5,2,12,1,68,2,9,6,1,7,9,1,10,1,11,,13,,1,21,121.5580709,25.0329639
113,1,3,16,5,2,07信義區,信義區信義路4段456號,0,0,2,3,H02,7,6,5,50,14,9,1,5,4,5,13,4,4,9,5,5,2,12,2,59,2,9,6,5,7,21,8,20,10,16,,67,,1,21,121.5580709,25.0329639
113,1,3,16,13,2,04大安區,大安區基隆路3段與基隆路3段156巷口,0,0,2,1,C03,7,6,5,50,4,2,2,5,4,5,13,2,1,1,4,5,2,17,1,19,2,9,6,1,7,9,1,10,1,11,,44,,1,21,121.5426085,25.0159951
113,1,3,16,13,2,04大安區,大安區基隆路3段與基隆路3段156巷口,0,0,2,2,B03,7,6,5,50,4,2,2,5,4,5,13,2,1,1,4,5,2,17,2,48,3,10,7,1,7,9,1,8,1,6,,44,,1,21,121.5426085,25.0159951
113,1,3,16,13,2,04大安區,大安區基隆路3段與基隆路3段156巷口,0,0,2,3,H02,7,6,5,50,4,2,2,5,4,5,13,2,1,1,4,5,2,17,2,19,2,8,6,5,7,20,8,20,10,16,,67,,1,21,121.5426085,25.0159951
113,1,3,16,20,2,10文山區,文山區興隆路4段165巷與興隆路4段165巷40弄口,0,0,1,1,C03,7,6,5,50,4,1,1,4,4,5,13,4,4,5,5,5,2,15,1,57,2,9,5,4,7,9,1,9,2,14,,72,,1,21,121.563636,24.98430432
113,1,3,16,20,2,10文山區,文山區興隆路4段165巷與興隆路4段165巷40弄口,0,0,1,2,B03,7,6,5,50,4,1,1,4,4,5,13,4,4,5,5,5,2,15,1,48,3,10,3,4,7,9,1,3,2,1,,44,,1,21,121.563636,24.98430432
113,1,3,16,40,2,07信義區,信義區福德街268巷與福德街300巷43弄口,0,0,1,1,F01,8,5,5,30,3,1,1,5,4,5,13,4,4,9,4,5,2,17,2,55,2,9,2,1,7,6,8,20,1,11,,4,,1,21,121.585465,25.04052442
113,1,3,16,40,2,07信義區,信義區福德街268巷與福德街300巷43弄口,0,0,1,2,C03,8,5,5,30,3,1,1,5,4,5,13,4,4,9,4,5,2,17,1,44,3,10,6,1,7,6,1,10,1,11,,44,,1,21,121.585465,25.04052442
113,1,3,17,8,2,01大同區,大同區鄭州路與西寧北路口,0,0,1,1,B03,7,5,5,40,5,1,1,5,4,5,13,2,1,1,4,5,2,17,1,45,3,10,7,1,7,9,1,8,1,5,,85,,1,21,121.5081966,25.0505824
113,1,3,17,8,2,01大同區,大同區鄭州路與西寧北路口,0,0,1,2,C03,7,5,5,40,5,1,1,5,4,5,13,2,1,1,4,5,2,17,2,24,2,9,6,1,7,5,1,10,1,14,,80,,1,21,121.5081966,25.0505824
113,1,3,17,15,2,08士林區,士林區天母北路56號,0,0,1,1,B03,7,5,8,0,22,22,1,5,4,5,13,4,4,9,5,5,2,17,1,72,3,10,7,1,7,5,1,8,1,5,,101,,1,21,121.5267366,25.12141441
113,1,3,17,15,2,08士林區,士林區天母北路56號,0,0,1,2,C03,7,5,8,0,22,22,1,5,4,5,13,4,4,9,5,5,2,17,1,35,2,9,5,1,7,9,1,10,1,11,,107,,1,21,121.5267366,25.12141441
113,1,3,17,17,2,02萬華區,萬華區漢口街2段53號,0,0,1,1,B03,7,5,5,50,14,9,1,5,4,5,13,4,4,10,3,4,2,16,1,26,3,10,3,4,7,1,1,8,1,8,,19,,1,22,121.5064632,25.045747
113,1,3,17,17,2,02萬華區,萬華區漢口街2段53號,0,0,1,2,B03,7,5,5,50,14,9,1,5,4,5,13,4,4,10,3,4,2,16,1,43,2,9,3,4,7,9,1,8,1,6,,44,,1,22,121.5064632,25.045747
113,1,3,17,27,2,04大安區,大安區基隆路2段182巷,0,0,2,1,B03,8,5,5,50,14,9,1,5,4,5,13,4,4,1,3,1,2,13,2,52,3,10,7,1,7,9,1,14,1,6,,14,,1,21,121.5533393,25.0251341
113,1,3,17,27,2,04大安區,大安區基隆路2段182巷,0,0,2,2,C03,8,5,5,50,14,9,1,5,4,5,13,4,4,1,3,1,2,13,1,31,3,10,6,1,7,9,1,10,1,13,,16,,1,21,121.5533393,25.0251341
113,1,3,17,27,2,04大安區,大安區基隆路2段182巷,0,0,2,3,C03,8,5,5,50,14,9,1,5,4,5,13,4,4,1,3,1,2,13,1,52,2,8,6,1,7,9,1,10,1,11,,16,,1,21,121.5533393,25.0251341
113,1,3,17,27,2,04大安區,大安區基隆路2段182巷,0,0,2,4,C03,8,5,5,50,14,9,1,5,4,5,13,4,4,1,3,1,2,13,1,27,2,9,6,1,7,9,1,10,1,11,,16,,1,21,121.5533393,25.0251341
113,1,3,17,28,2,07信義區,信義區逸仙路與逸仙路26巷口,0,0,1,1,B02,7,5,5,50,3,1,1,5,4,5,13,1,1,5,2,5,2,17,1,57,3,10,7,1,7,5,1,8,1,2,,71,,1,21,121.5615941,25.0395025
113,1,3,17,28,2,07信義區,信義區逸仙路與逸仙路26巷口,0,0,1,2,C03,7,5,5,50,3,1,1,5,4,5,13,1,1,5,2,5,2,17,1,25,2,9,6,1,7,1,1,10,1,11,,108,,1,21,121.5615941,25.0395025
113,1,3,17,32,2,07信義區,信義區忠孝東路5段236巷8號,0,0,1,1,B03,7,5,5,50,14,9,1,5,4,5,13,3,1,5,4,5,2,6,1,74,3,10,7,1,7,9,1,8,1,1,,70,,1,21,121.5718827,25.0400907
113,1,3,17,32,2,07信義區,信義區忠孝東路5段236巷8號,0,0,1,2,H01,7,5,5,50,14,9,1,5,4,5,13,3,1,5,4,5,2,6,1,16,2,9,4,5,8,18,8,20,10,16,,67,,1,16,121.5718827,25.0400907
113,1,3,17,36,2,08士林區,士林區大南路224號,0,0,1,1,B03,7,5,5,50,14,9,1,5,4,5,13,4,4,9,4,5,2,17,1,70,3,10,7,1,7,9,1,8,2,2,,118,,1,21,121.5214672,25.08877729
113,1,3,17,36,2,08士林區,士林區大南路224號,0,0,1,2,F01,7,5,5,50,14,9,1,5,4,5,13,4,4,9,4,5,2,17,2,68,2,7,4,1,7,9,8,20,2,14,,118,,1,21,121.5214672,25.08877729
113,1,3,17,49,2,05中正區,中正區基隆路4段與羅斯福路4段口,0,0,1,1,C03,7,5,5,50,18,9,1,5,4,5,13,1,1,1,4,5,2,17,2,19,2,8,5,1,7,5,1,10,2,14,,96,,1,22,121.5370172,25.0113234
113,1,3,17,49,2,05中正區,中正區基隆路4段與羅斯福路4段口,0,0,1,2,B03,7,5,5,50,18,9,1,5,4,5,13,1,1,1,4,5,2,17,1,59,3,10,7,1,7,9,1,8,2,5,,44,,1,22,121.5370172,25.0113234
113,1,3,17,50,2,03中山區,中山區林森北路與長春路口,0,0,2,1,C03,8,5,5,50,4,2,1,5,4,5,13,2,1,5,4,5,2,17,1,57,2,7,3,4,7,5,1,10,1,12,,71,,1,21,121.5254771,25.0549801
113,1,3,17,50,2,03中山區,中山區林森北路與長春路口,0,0,2,2,C03,8,5,5,50,4,2,1,5,4,5,13,2,1,5,4,5,2,17,1,20,2,7,3,4,7,9,1,10,1,11,,44,,1,21,121.5254771,25.0549801
113,1,3,18,4,2,01大同區,大同區重慶北路2段195號,0,0,1,1,H01,8,5,5,50,14,9,1,5,4,5,13,4,4,9,4,5,1,3,1,66,2,8,4,5,8,16,8,20,10,16,,121,,1,22,121.5136077,25.0601831
113,1,3,18,4,2,01大同區,大同區重慶北路2段195號,0,0,1,2,B03,8,5,5,50,14,9,1,5,4,5,13,4,4,9,4,5,1,3,2,60,3,10,3,4,7,9,1,8,1,8,,107,,1,21,121.5136077,25.0601831
113,1,3,18,20,2,08士林區,士林區承德路4段233號與承德路4段195巷口,0,0,1,1,C03,8,5,5,50,3,2,1,5,4,5,13,3,1,3,3,5,2,17,2,54,2,9,3,4,7,9,1,10,2,15,,16,,1,21,121.5220069,25.0882782
113,1,3,18,20,2,08士林區,士林區承德路4段233號與承德路4段195巷口,0,0,1,2,B03,8,5,5,50,3,2,1,5,4,5,13,3,1,3,3,5,2,17,2,40,3,10,3,4,7,9,1,8,2,6,,44,,1,21,121.5220069,25.0882782
113,1,3,18,26,2,03中山區,中山區北安路55號,0,0,1,1,B02,7,5,5,50,3,2,1,5,4,5,13,2,1,1,4,5,2,16,1,39,3,10,7,1,7,5,1,8,1,5,,71,,1,21,121.5290083,25.0778568
113,1,3,18,26,2,03中山區,中山區北安路55號,0,0,1,2,C03,7,5,5,50,3,2,1,5,4,5,13,2,1,1,4,5,2,16,2,49,2,7,6,1,7,9,1,8,1,14,,108,,1,16,121.5290083,25.0778568
113,1,3,18,32,2,07信義區,信義區松高路20巷,0,0,1,1,C03,8,5,5,50,14,9,1,5,4,5,13,4,4,10,4,5,2,18,2,40,2,9,5,4,7,6,1,10,1,17,,116,,1,21,121.5676274,25.03858408
113,1,3,18,32,2,07信義區,信義區松高路20巷,0,0,1,2,,8,5,5,50,14,9,1,5,4,5,13,4,4,10,4,5,2,18,3,0,,,,,,,,,,,,67,,1,,121.5676274,25.03858408
113,1,3,18,37,2,06松山區,松山區塔悠路與撫遠街389巷口,0,0,1,1,B03,7,5,5,40,4,1,1,5,4,5,13,2,1,1,4,4,2,13,1,41,3,10,7,1,7,12,1,8,1,3,,27,,1,21,121.5678792,25.0652407
113,1,3,18,37,2,06松山區,松山區塔悠路與撫遠街389巷口,0,0,1,2,C03,7,5,5,40,4,1,1,5,4,5,13,2,1,1,4,4,2,13,1,59,2,8,5,1,7,9,1,10,1,11,,13,,1,21,121.5678792,25.0652407
113,1,3,18,40,2,03中山區,中山區林森北路487號,0,0,2,1,C03,7,5,5,50,14,9,1,5,4,5,13,4,4,5,5,5,2,17,2,28,2,9,6,1,7,9,1,10,1,11,12,108,,1,21,121.5256002,25.0613514
113,1,3,18,40,2,03中山區,中山區林森北路487號,0,0,2,2,C03,7,5,5,50,14,9,1,5,4,5,13,4,4,5,5,5,2,17,1,27,2,8,6,1,7,12,1,10,1,14,,44,,1,21,121.5256002,25.0613514
113,1,3,18,40,2,03中山區,中山區林森北路487號,0,0,2,3,C03,7,5,5,50,14,9,1,5,4,5,13,4,4,5,5,5,2,17,2,30,3,10,5,1,7,15,1,10,1,17,,42,,1,21,121.5256002,25.0613514
113,1,3,18,40,2,12內湖區,內湖區民權大橋東向西,0,0,2,1,C03,7,5,5,30,14,11,1,5,4,5,13,4,4,1,4,5,2,13,2,22,2,7,5,1,7,9,1,10,1,11,,16,,1,21,121.5758317,25.06609309
113,1,3,18,40,2,12內湖區,內湖區民權大橋東向西,0,0,2,2,C03,7,5,5,30,14,11,1,5,4,5,13,4,4,1,4,5,2,13,1,22,3,10,5,1,7,9,1,10,1,13,,44,,1,21,121.5758317,25.06609309
113,1,3,18,40,2,12內湖區,內湖區民權大橋東向西,0,0,2,3,C03,7,5,5,30,14,11,1,5,4,5,13,4,4,1,4,5,2,13,1,36,2,9,5,1,7,15,1,10,1,14,,42,,1,21,121.5758317,25.06609309
113,1,3,18,50,2,02萬華區,萬華區桂林路與西寧南路口,0,0,2,1,C03,8,5,5,50,3,1,1,5,4,5,13,2,1,8,3,5,1,13,1,29,2,8,3,4,7,9,1,10,1,11,,16,,1,22,121.5063496,25.0375813
113,1,3,18,50,2,02萬華區,萬華區桂林路與西寧南路口,0,0,2,2,C03,8,5,5,50,3,1,1,5,4,5,13,2,1,8,3,5,1,13,1,36,3,10,3,4,7,9,1,10,1,11,,16,,1,22,121.5063496,25.0375813
113,1,3,18,50,2,02萬華區,萬華區桂林路與西寧南路口,0,0,2,3,B03,8,5,5,50,3,1,1,5,4,5,13,2,1,8,3,5,1,13,1,36,3,10,3,4,7,9,1,8,1,3,,44,,1,22,121.5063496,25.0375813
113,1,3,18,50,2,02萬華區,萬華區桂林路與西寧南路口,0,0,2,4,H02,8,5,5,50,3,1,1,5,4,5,13,2,1,8,3,5,1,13,2,7,2,1,3,5,7,21,8,20,10,16,,67,,1,22,121.5063496,25.0375813
113,1,3,19,8,2,01大同區,大同區南京西路與南京西路155巷口,0,0,1,1,C03,7,5,5,50,4,1,1,5,4,5,13,4,4,5,2,5,2,17,1,57,2,9,5,1,7,9,1,10,1,11,,108,,1,21,121.513654,25.0540491
113,1,3,19,8,2,01大同區,大同區南京西路與南京西路155巷口,0,0,1,2,C03,7,5,5,50,4,1,1,5,4,5,13,4,4,5,2,5,2,17,1,27,3,10,5,1,7,9,1,10,1,13,,44,,1,21,121.513654,25.0540491
113,1,3,19,16,2,03中山區,中山區農安街與農安街227巷口,0,0,3,1,C04,8,5,5,30,4,1,1,5,4,5,13,4,4,4,3,5,1,17,1,53,2,7,6,1,7,11,1,9,1,14,,10,,1,21,121.533659,25.0647389
113,1,3,19,16,2,03中山區,中山區農安街與農安街227巷口,0,0,3,2,C03,8,5,5,30,4,1,1,5,4,5,13,4,4,4,3,5,1,17,1,34,2,9,6,1,7,9,1,10,1,14,,44,,1,21,121.533659,25.0647389
113,1,3,19,16,2,03中山區,中山區農安街與農安街227巷口,0,0,3,3,H02,8,5,5,30,4,1,1,5,4,5,13,4,4,4,3,5,1,17,2,41,2,9,6,5,7,20,8,20,10,16,,67,,1,21,121.533659,25.0647389
113,1,3,20,26,2,08士林區,士林區德行東路233號,0,0,1,1,C03,8,5,5,50,14,9,1,5,4,5,13,4,4,7,5,5,2,17,1,26,2,9,3,4,7,9,1,10,1,12,,13,,1,21,121.533664,25.1095982
113,1,3,20,26,2,08士林區,士林區德行東路233號,0,0,1,2,C03,8,5,5,50,14,9,1,5,4,5,13,4,4,7,5,5,2,17,2,29,3,10,3,4,7,11,1,10,1,17,,10,,1,21,121.533664,25.1095982
113,1,3,20,30,2,08士林區,士林區忠誠路2段與忠誠路2段50巷口,0,0,2,1,B01,7,5,5,50,3,2,1,5,4,5,13,1,1,1,4,4,2,16,1,64,3,10,7,1,7,8,1,4,1,2,,100,,1,21,121.5305606,25.11071282
113,1,3,20,30,2,08士林區,士林區忠誠路2段與忠誠路2段50巷口,0,0,2,2,C03,7,5,5,50,3,2,1,5,4,5,13,1,1,1,4,4,2,16,2,23,2,9,5,1,7,9,1,10,1,12,,44,,1,21,121.5305606,25.11071282
113,1,3,20,30,2,08士林區,士林區忠誠路2段與忠誠路2段50巷口,0,0,2,3,H02,7,5,5,50,3,2,1,5,4,5,13,1,1,1,4,4,2,16,2,24,2,9,5,5,7,20,8,20,10,16,,67,,1,21,121.5305606,25.11071282
113,1,3,20,36,2,03中山區,中山區民族西路西往東.大同大學旁,0,0,1,1,B01,8,5,5,50,14,9,1,5,4,5,13,4,4,9,4,5,2,17,1,57,3,10,7,1,7,11,1,4,2,17,,10,,1,21,121.5204279,25.06848519
113,1,3,20,36,2,03中山區,中山區民族西路西往東.大同大學旁,0,0,1,2,C03,8,5,5,50,14,9,1,5,4,5,13,4,4,9,4,5,2,17,1,25,2,7,6,1,7,9,1,10,2,12,,44,,1,23,121.5204279,25.06848519
113,1,3,20,50,2,11南港區,南港區昆陽街140巷20號與昆陽街140巷口,0,0,1,1,B03,7,5,5,30,3,2,1,5,4,5,13,4,4,10,5,5,2,17,1,61,3,10,7,1,7,13,1,8,2,8,,40,,1,21,121.5937081,25.04961522