發生年度,發生月,發生日,發生時-Hours,發生分,處理別-編號,區序,肇事地點,死亡人數,2-30日死亡人數,受傷人數,當事人序號,車種,天候,道路照明設備,道路類別,速限-速度限制,道路型態,事故位置,路面狀況1,路面狀況2,路面狀況3,道路障礙1,道路障礙2,號誌1,號誌2,車道劃分-分向,車道劃分-分道1,車道劃分-分道2,車道劃分-分道3,事故類型及型態,性別,年齡,受傷程度,主要傷處,保護裝置,行動電話,車輛用途,當事者行動狀態,駕駛資格情形,駕駛執照種類,飲酒情形,車輛撞擊部位1,車輛撞擊部位2,肇因碼-個別,肇因碼-主要,個人肇逃否,職業,座標-X,座標-Y
113,1,3,20,50,2,11南港區,南港區昆陽街140巷20號與昆陽街140巷口,0,0,1,2,C03,7,5,5,30,3,2,1,5,4,5,13,4,4,10,5,5,2,17,1,43,2,9,6,1,7,9,1,10,2,12,,14,,1,21,121.5937081,25.04961522
113,1,3,21,24,2,07信義區,信義區市民大道5段與東興路口,0,0,1,1,B03,7,5,5,40,4,1,1,5,4,5,13,1,1,1,4,5,1,17,2,42,3,10,3,4,7,5,1,8,2,6,,74,,1,21,121.5658164,25.0482055
113,1,3,21,24,2,07信義區,信義區市民大道5段與東興路口,0,0,1,2,C03,7,5,5,40,4,1,1,5,4,5,13,1,1,1,4,5,1,17,1,30,2,9,6,4,7,9,1,10,2,11,,44,,1,21,121.5658164,25.0482055
113,1,3,21,33,2,03中山區,中山區濱江街林安泰古厝,0,0,1,1,C03,8,5,5,50,14,9,1,5,4,5,13,1,1,10,3,5,1,17,2,38,2,9,6,1,7,5,1,10,2,14,,8,,1,21,121.5300741,25.0714875
113,1,3,21,33,2,03中山區,中山區濱江街林安泰古厝,0,0,1,2,B03,8,5,5,50,14,9,1,5,4,5,13,1,1,10,3,5,1,17,1,38,3,10,7,1,7,9,1,8,2,2,,13,,1,21,121.5300741,25.0714875
113,1,3,22,20,2,12內湖區,內湖區成功路2段241號,0,0,1,1,C03,8,5,5,50,14,9,1,5,4,5,13,4,4,5,4,5,2,13,1,44,2,9,5,1,7,9,1,10,1,12,,16,,1,21,121.5908223,25.06785849
113,1,3,22,20,2,12內湖區,內湖區成功路2段241號,0,0,1,2,B03,8,5,5,50,14,9,1,5,4,5,13,4,4,5,4,5,2,13,1,62,3,10,7,1,7,14,1,8,1,7,,44,,1,21,121.5908223,25.06785849
113,1,3,22,42,2,06松山區,松山區南京東路4段133巷與南京東路4段133巷4弄口,0,0,2,1,C03,7,5,5,30,4,1,1,5,4,5,13,4,4,9,5,5,2,15,1,36,2,7,5,1,7,9,1,10,1,12,,75,,1,21,121.5551379,25.0522166
113,1,3,22,42,2,06松山區,松山區南京東路4段133巷與南京東路4段133巷4弄口,0,0,2,2,C03,7,5,5,30,4,1,1,5,4,5,13,4,4,9,5,5,2,15,1,32,2,8,5,1,7,9,1,10,1,11,,13,,1,21,121.5551379,25.0522166
113,1,3,23,10,2,04大安區,大安區市民大道3段與建國南路1段口,0,0,2,1,C03,8,5,5,40,5,1,1,5,4,5,13,1,1,3,4,4,2,15,1,30,2,8,5,4,7,9,1,10,1,11,,81,,1,22,121.5363408,25.0446571
113,1,3,23,10,2,04大安區,大安區市民大道3段與建國南路1段口,0,0,2,2,C04,8,5,5,40,5,1,1,5,4,5,13,1,1,3,4,4,2,15,1,26,2,7,5,4,7,9,1,10,1,12,,44,,1,22,121.5363408,25.0446571
113,1,4,0,0,2,03中山區,中山區龍江路298巷與合江街口,0,0,1,1,B03,8,5,5,30,4,1,1,5,4,5,13,4,4,10,5,5,2,17,1,42,3,10,7,1,7,9,1,8,2,17,,72,,1,21,121.5392868,25.06180447
113,1,4,0,0,2,03中山區,中山區龍江路298巷與合江街口,0,0,1,2,C03,8,5,5,30,4,1,1,5,4,5,13,4,4,10,5,5,2,17,2,43,2,8,6,1,7,9,1,10,2,14,,44,,1,21,121.5392868,25.06180447
113,1,4,2,10,2,12內湖區,內湖區潭美街791號與安康路附近側附近328巷口,0,0,1,1,C03,8,5,5,50,14,7,1,5,4,5,13,4,4,9,4,4,2,16,1,15,2,9,5,1,7,7,2,18,2,11,,4,,1,21,121.6104268,25.06364871
113,1,4,2,10,2,12內湖區,內湖區潭美街791號與安康路附近側附近328巷口,0,0,1,2,E03,8,5,5,50,14,7,1,5,4,5,13,4,4,9,4,4,2,16,1,30,3,10,7,1,7,15,1,8,2,1,,44,,1,23,121.6104268,25.06364871
113,1,4,2,14,2,08士林區,士林區中正路與文林路口,0,0,1,1,B03,7,5,5,50,4,1,1,5,4,5,13,1,1,5,4,5,2,17,1,22,3,10,7,1,7,5,1,8,2,1,,74,,1,22,121.5245349,25.0954295
113,1,4,2,14,2,08士林區,士林區中正路與文林路口,0,0,1,2,C03,7,5,5,50,4,1,1,5,4,5,13,1,1,5,4,5,2,17,1,59,2,9,5,1,7,9,1,10,2,11,,13,,1,22,121.5245349,25.0954295
113,1,4,7,0,2,07信義區,信義區福德街與大道路口,0,0,2,1,C03,7,6,5,50,4,1,1,5,4,5,13,2,1,10,5,5,2,17,1,73,2,9,5,1,7,5,1,10,1,12,,71,,1,21,121.583734,25.0381193
113,1,4,7,0,2,07信義區,信義區福德街與大道路口,0,0,2,2,C03,7,6,5,50,4,1,1,5,4,5,13,2,1,10,5,5,2,17,1,47,2,7,5,1,7,9,1,10,1,11,,44,,1,21,121.583734,25.0381193
113,1,4,7,1,2,04大安區,大安區基隆路2段與敦化南路2段口,0,0,1,1,B03,8,6,5,50,4,1,1,5,4,5,13,2,1,1,4,5,2,17,1,38,3,10,7,1,7,1,1,7,2,5,,103,,1,21,121.5487307,25.021087
113,1,4,7,1,2,04大安區,大安區基隆路2段與敦化南路2段口,0,0,1,2,C03,8,6,5,50,4,1,1,5,4,5,13,2,1,1,4,5,2,17,1,27,2,8,6,1,7,9,1,10,2,11,,44,,1,21,121.5487307,25.021087
113,1,4,7,36,2,10文山區,文山區木柵路4段與木柵路4段159巷口,0,0,1,1,C03,8,6,5,50,3,2,1,5,4,5,13,2,1,4,4,5,2,13,1,27,3,10,3,4,7,9,1,10,1,11,,16,,1,22,121.575626,24.9997669
113,1,4,7,36,2,10文山區,文山區木柵路4段與木柵路4段159巷口,0,0,1,2,C03,8,6,5,50,3,2,1,5,4,5,13,2,1,4,4,5,2,13,2,31,2,9,3,4,7,9,1,10,1,13,,44,,1,22,121.575626,24.9997669
113,1,4,7,46,2,05中正區,中正區中華路2段75巷與中華路2段75巷1弄口口,0,0,1,1,B03,8,6,5,50,3,1,1,5,4,5,13,4,4,5,5,5,1,12,1,61,3,10,7,1,7,9,1,8,2,2,,4,,1,21,121.5062273,25.03395107
113,1,4,7,46,2,05中正區,中正區中華路2段75巷與中華路2段75巷1弄口口,0,0,1,2,F01,8,6,5,50,3,1,1,5,4,5,13,4,4,5,5,5,1,12,2,21,2,7,4,1,7,7,8,20,2,14,,100,,1,21,121.5062273,25.03395107
113,1,4,7,54,2,06松山區,松山區南京東路5段163-3號,0,0,1,1,C03,7,6,8,30,14,9,1,5,4,5,13,4,4,10,5,5,2,17,1,59,3,10,6,1,7,9,1,10,1,11,,16,,1,21,121.5626255,25.0520866
113,1,4,7,54,2,06松山區,松山區南京東路5段163-3號,0,0,1,2,C03,7,6,8,30,14,9,1,5,4,5,13,4,4,10,5,5,2,17,1,40,3,10,6,1,7,5,1,10,1,13,,8,,1,21,121.5626255,25.0520866
113,1,4,7,54,2,06松山區,松山區南京東路5段163-3號,0,0,1,3,H02,7,6,8,30,14,9,1,5,4,5,13,4,4,10,5,5,2,17,2,6,2,8,6,5,7,20,8,20,10,16,,67,,1,21,121.5626255,25.0520866
113,1,4,7,57,2,07信義區,信義區市民大道5段與光復南路口,0,0,1,1,C03,7,5,5,50,5,1,1,5,4,5,13,1,1,2,4,5,2,12,1,53,3,10,5,1,7,8,3,18,1,12,,100,,1,22,121.5578461,25.0452088
113,1,4,7,57,2,07信義區,信義區市民大道5段與光復南路口,0,0,1,2,C03,7,5,5,50,5,1,1,5,4,5,13,1,1,2,4,5,2,12,2,42,2,9,5,1,7,9,1,10,1,14,,44,,1,22,121.5578461,25.0452088
113,1,4,8,20,2,03中山區,中山區建國北路2段與建國北路2段19巷口,0,0,1,1,C03,8,7,5,30,3,1,1,5,4,5,13,4,4,10,5,5,2,17,1,32,2,9,5,1,7,6,1,10,1,14,,72,,1,22,121.537107,25.05432548
113,1,4,8,20,2,03中山區,中山區建國北路2段與建國北路2段19巷口,0,0,1,2,B03,8,7,5,30,3,1,1,5,4,5,13,4,4,10,5,5,2,17,1,29,3,10,7,1,7,9,1,8,1,2,,14,,1,22,121.537107,25.05432548
113,1,4,8,20,2,07信義區,信義區松仁路174號,0,0,1,1,C04,8,6,5,40,14,8,1,5,4,5,13,4,4,8,3,5,2,17,2,48,3,10,3,4,7,1,1,10,1,15,,19,,1,21,121.5683096,25.02801
113,1,4,8,20,2,07信義區,信義區松仁路174號,0,0,1,2,C03,8,6,5,40,14,8,1,5,4,5,13,4,4,8,3,5,2,17,1,26,2,9,3,4,7,15,1,10,1,11,,13,,1,21,121.5683096,25.02801
113,1,4,8,30,2,01大同區,大同區承德橋機車道往北(21路牌),0,0,2,1,C03,7,6,5,40,14,9,1,5,4,5,13,4,4,1,4,5,2,13,1,41,2,9,3,4,7,9,1,10,1,11,,108,,1,21,121.521001,25.0772967
113,1,4,8,30,2,01大同區,大同區承德橋機車道往北(21路牌),0,0,2,2,F01,7,6,5,40,14,9,1,5,4,5,13,4,4,1,4,5,2,13,2,69,2,9,3,4,7,9,8,20,1,13,,118,,1,21,121.521001,25.0772967
113,1,4,8,30,2,05中正區,中正區愛國西路與博愛路口,0,0,3,1,C03,7,6,5,50,4,1,1,5,4,5,13,1,1,10,5,5,2,12,2,35,2,7,6,4,7,8,1,10,2,12,,100,,1,22,121.5108677,25.03594108
113,1,4,8,30,2,05中正區,中正區愛國西路與博愛路口,0,0,3,2,C03,7,6,5,50,4,1,1,5,4,5,13,1,1,10,5,5,2,12,1,21,2,9,6,4,7,9,1,10,2,14,,17,,1,22,121.5108677,25.03594108
113,1,4,8,30,2,05中正區,中正區愛國西路與博愛路口,0,0,3,3,H02,7,6,5,50,4,1,1,5,4,5,13,1,1,10,5,5,2,12,2,37,2,8,6,5,7,20,8,20,10,16,,67,,1,22,121.5108677,25.03594108
113,1,4,8,30,2,05中正區,中正區延平南路179巷與延平南路179巷1弄口,0,0,1,1,B01,8,6,5,30,4,1,1,5,4,5,13,4,4,10,5,5,2,15,1,50,3,10,7,1,7,9,1,4,1,1,,14,,1,21,121.507974,25.03432142
113,1,4,8,30,2,05中正區,中正區延平南路179巷與延平南路179巷1弄口,0,0,1,2,C03,8,6,5,30,4,1,1,5,4,5,13,4,4,10,5,5,2,15,2,44,2,9,5,1,7,9,1,10,1,12,,14,,1,21,121.507974,25.03432142
113,1,4,8,30,2,12內湖區,內湖區康寧路3段75巷137號前,0,0,1,1,B01,7,5,5,30,14,9,1,5,4,5,13,1,1,5,5,5,2,16,1,55,3,10,7,1,7,11,1,4,2,5,,10,,1,21,121.6100388,25.07500543
113,1,4,8,30,2,12內湖區,內湖區康寧路3段75巷137號前,0,0,1,2,C03,7,5,5,30,14,9,1,5,4,5,13,1,1,5,5,5,2,16,2,45,2,9,6,1,7,9,1,10,2,11,,44,,1,21,121.6100388,25.07500543
113,1,4,8,44,2,03中山區,中山區北安路807號,0,0,1,1,A02,7,7,5,50,14,10,1,5,4,5,13,4,4,1,3,5,1,9,1,53,3,10,7,1,7,9,1,2,2,17,,118,,1,21,121.5440841,25.07943254
113,1,4,8,44,2,03中山區,中山區北安路807號,0,0,1,2,H02,7,7,5,50,14,10,1,5,4,5,13,4,4,1,3,5,1,9,2,84,2,1,7,5,7,17,8,20,10,16,,67,,1,21,121.5440841,25.07943254
113,1,4,8,50,2,12內湖區,內湖區行善路與舊宗路1段口,0,0,2,1,C03,8,6,5,50,14,9,1,5,4,5,13,2,1,1,2,5,2,17,1,29,2,8,5,1,7,9,1,10,1,14,,44,,1,21,121.5803233,25.05892662
113,1,4,8,50,2,12內湖區,內湖區行善路與舊宗路1段口,0,0,2,2,C03,8,6,5,50,14,9,1,5,4,5,13,2,1,1,2,5,2,17,1,31,2,9,5,1,7,9,1,10,1,12,,108,,1,21,121.5803233,25.05892662
113,1,4,9,3,2,10文山區,文山區木柵路4段與秀明路1段口,0,0,1,1,B12,7,6,5,50,4,1,1,5,4,5,13,2,1,10,5,5,2,17,1,50,3,10,7,1,7,6,1,8,2,2,,80,,1,21,121.5710803,24.9917784
113,1,4,9,3,2,10文山區,文山區木柵路4段與秀明路1段口,0,0,1,2,C03,7,6,5,50,4,1,1,5,4,5,13,2,1,10,5,5,2,17,1,38,2,8,6,1,7,9,1,9,2,14,,44,,1,21,121.5710803,24.9917784
113,1,4,9,8,2,03中山區,中山區新生北路1段62號與新生北路1段口,0,0,1,1,C04,8,7,5,50,3,1,1,5,3,5,13,2,1,9,4,5,2,17,1,28,3,10,5,1,7,6,1,10,1,12,,16,,1,21,121.530798,25.04683548
113,1,4,9,8,2,03中山區,中山區新生北路1段62號與新生北路1段口,0,0,1,2,C03,8,7,5,50,3,1,1,5,3,5,13,2,1,9,4,5,2,17,2,30,2,9,5,1,7,9,1,10,1,14,,16,,1,21,121.530798,25.04683548
113,1,4,9,15,2,09北投區,北投區承德路6段060燈桿,0,0,1,1,C03,8,7,6,0,14,8,1,5,4,4,13,4,4,1,4,4,2,17,1,55,3,10,5,1,7,9,1,10,9,15,,37,,1,22,121.5118596,25.1071143
113,1,4,9,15,2,09北投區,北投區承德路6段060燈桿,0,0,1,2,C03,8,7,6,0,14,8,1,5,4,4,13,4,4,1,4,4,2,17,2,31,2,9,6,1,7,9,1,10,1,12,,44,,1,22,121.5118596,25.1071143
113,1,4,9,41,2,10文山區,文山區興隆路2段78巷4弄與興隆路2段78巷口口,0,0,1,1,C04,8,6,5,30,3,1,1,5,4,5,13,4,4,10,5,5,2,16,2,73,2,8,5,1,7,6,1,8,1,14,,14,,1,21,121.5484892,24.99949657
113,1,4,9,41,2,10文山區,文山區興隆路2段78巷4弄與興隆路2段78巷口口,0,0,1,2,B03,8,6,5,30,3,1,1,5,4,5,13,4,4,10,5,5,2,16,1,56,3,10,7,1,7,9,1,8,1,1,,44,,1,21,121.5484892,24.99949657
113,1,4,10,18,2,05中正區,中正區西藏路與惠安街口,0,0,1,1,C03,8,6,5,30,4,1,1,5,4,5,13,1,1,1,4,5,2,16,1,72,2,9,5,1,7,5,6,10,2,13,,74,,1,21,121.5059605,25.0303272
113,1,4,10,18,2,05中正區,中正區西藏路與惠安街口,0,0,1,2,C03,8,6,5,30,4,1,1,5,4,5,13,1,1,1,4,5,2,16,1,26,3,10,5,1,7,9,1,10,2,11,,13,,1,21,121.5059605,25.0303272
113,1,4,10,37,2,09北投區,北投區大度路3段270巷與大度路3段296巷口,0,0,1,1,H01,8,7,5,30,3,1,1,5,4,5,13,4,4,10,5,5,1,3,1,68,2,9,4,5,8,16,8,20,10,16,,53,,1,22,121.4670368,25.12483396
113,1,4,10,37,2,09北投區,北投區大度路3段270巷與大度路3段296巷口,0,0,1,2,A02,8,7,5,30,3,1,1,5,4,5,13,4,4,10,5,5,1,3,1,30,3,10,7,1,7,9,1,2,1,8,,44,,1,22,121.4670368,25.12483396
113,1,4,10,52,2,01大同區,大同區長安西路與塔城街口,0,0,1,1,C03,8,6,5,50,4,1,1,5,4,5,13,1,1,5,4,5,2,17,1,39,3,10,6,1,7,5,1,10,1,11,,71,,1,21,121.5104337,25.0520235
113,1,4,10,52,2,01大同區,大同區長安西路與塔城街口,0,0,1,2,C03,8,6,5,50,4,1,1,5,4,5,13,1,1,5,4,5,2,17,1,26,2,8,6,1,7,9,1,10,1,14,,44,,1,21,121.5104337,25.0520235
113,1,4,10,54,2,03中山區,中山區一江街與松江路140巷口,0,0,1,1,H01,8,5,5,50,3,2,1,5,4,5,13,4,4,5,5,5,2,3,2,15,2,9,4,5,8,18,8,20,10,16,,53,,1,21,121.5314991,25.0533235
113,1,4,10,54,2,03中山區,中山區一江街與松江路140巷口,0,0,1,2,B12,8,5,5,50,3,2,1,5,4,5,13,4,4,5,5,5,2,3,1,43,3,10,3,4,7,9,1,8,2,5,,13,,1,21,121.5314991,25.0533235
113,1,4,10,54,2,03中山區,中山區一江街與松江路140巷口,0,0,1,3,C03,8,5,5,50,3,2,1,5,4,5,13,4,4,5,5,5,2,3,3,47,,,,,,,,,10,,,67,,1,,121.5314991,25.0533235
113,1,4,10,54,2,03中山區,中山區一江街與松江路140巷口,0,0,1,4,C03,8,5,5,50,3,2,1,5,4,5,13,4,4,5,5,5,2,3,3,40,,,,,,,,,10,,,67,,1,,121.5314991,25.0533235
113,1,4,10,54,2,03中山區,中山區一江街與松江路140巷口,0,0,1,5,C03,8,5,5,50,3,2,1,5,4,5,13,4,4,5,5,5,2,3,3,31,,,,,,,,,10,,,67,,1,,121.5314991,25.0533235
113,1,4,10,54,2,03中山區,中山區一江街與松江路140巷口,0,0,1,6,C03,8,5,5,50,3,2,1,5,4,5,13,4,4,5,5,5,2,3,3,0,,,,,,,,,10,,,67,,1,,121.5314991,25.0533235
113,1,4,10,54,2,03中山區,中山區一江街與松江路140巷口,0,0,1,7,C03,8,5,5,50,3,2,1,5,4,5,13,4,4,5,5,5,2,3,3,0,,,,,,,,,10,,,67,,1,,121.5314991,25.0533235
113,1,4,11,20,2,06松山區,松山區市民大道4段與延吉街口,0,0,3,1,C03,8,5,5,40,4,1,1,5,4,5,13,2,1,1,4,5,2,17,1,61,3,10,6,1,7,8,1,10,1,12,,100,,1,21,121.5539122,25.0445407
113,1,4,11,20,2,06松山區,松山區市民大道4段與延吉街口,0,0,3,2,C03,8,5,5,40,4,1,1,5,4,5,13,2,1,1,4,5,2,17,1,29,2,6,6,1,7,9,1,10,1,12,,13,,1,21,121.5539122,25.0445407
113,1,4,11,20,2,06松山區,松山區市民大道4段與延吉街口,0,0,3,3,H02,8,5,5,40,4,1,1,5,4,5,13,2,1,1,4,5,2,17,2,23,2,7,6,5,7,20,8,20,10,16,,67,,1,21,121.5539122,25.0445407
113,1,4,11,20,2,06松山區,松山區市民大道4段與延吉街口,0,0,3,4,C03,8,5,5,40,4,1,1,5,4,5,13,2,1,1,4,5,2,17,1,18,3,10,6,1,7,9,1,10,1,12,,44,,1,21,121.5539122,25.0445407
113,1,4,11,20,2,06松山區,松山區市民大道4段與延吉街口,0,0,3,5,C03,8,5,5,40,4,1,1,5,4,5,13,2,1,1,4,5,2,17,2,24,2,8,6,1,7,8,1,10,1,12,,13,,1,21,121.5539122,25.0445407
113,1,4,11,21,2,04大安區,大安區建國南路2段151巷對面,0,0,2,1,C03,8,5,5,50,14,9,1,5,4,5,13,2,1,8,3,4,1,13,1,62,2,9,6,1,7,3,1,10,1,13,,108,,1,22,121.5374438,25.028978
113,1,4,11,21,2,04大安區,大安區建國南路2段151巷對面,0,0,2,2,C03,8,5,5,50,14,9,1,5,4,5,13,2,1,8,3,4,1,13,1,48,2,8,6,1,7,9,1,10,1,11,,44,,1,22,121.5374438,25.028978
113,1,4,11,32,2,03中山區,中山區農安街227巷5號,0,0,1,1,B03,8,7,5,30,14,9,1,5,4,5,13,4,4,10,5,5,2,17,1,76,3,10,7,1,7,9,1,8,2,2,,108,,1,22,121.5338857,25.06541982
113,1,4,11,32,2,03中山區,中山區農安街227巷5號,0,0,1,2,C03,8,7,5,30,14,9,1,5,4,5,13,4,4,10,5,5,2,17,1,27,3,10,3,1,7,13,1,10,1,13,,44,,1,22,121.5338857,25.06541982
113,1,4,11,32,2,03中山區,中山區農安街227巷5號,0,0,1,3,C03,8,7,5,30,14,9,1,5,4,5,13,4,4,10,5,5,2,17,1,20,3,10,3,1,7,13,1,10,1,13,,44,,1,22,121.5338857,25.06541982
113,1,4,11,32,2,03中山區,中山區農安街227巷5號,0,0,1,4,C03,8,7,5,30,14,9,1,5,4,5,13,4,4,10,5,5,2,17,1,24,3,10,3,1,7,13,1,10,1,13,,44,,1,22,121.5338857,25.06541982
113,1,4,11,32,2,03中山區,中山區農安街227巷5號,0,0,1,5,C03,8,7,5,30,14,9,1,5,4,5,13,4,4,10,5,5,2,17,1,25,3,10,3,1,7,13,6,18,1,13,,44,,1,22,121.5338857,25.06541982
113,1,4,11,32,2,03中山區,中山區農安街227巷5號,0,0,1,6,H01,8,7,5,30,14,9,1,5,4,5,13,4,4,10,5,5,2,17,1,29,2,9,4,5,8,16,8,20,10,16,,67,,1,22,121.5338857,25.06541982
113,1,4,11,33,2,10文山區,文山區萬壽橋與木柵路4段口,0,0,2,1,C03,8,6,5,50,14,9,2,5,4,5,13,2,1,1,4,5,2,17,1,49,2,9,5,1,7,9,1,10,1,11,,2,,1,21,121.5711362,24.99170625
113,1,4,11,33,2,10文山區,文山區萬壽橋與木柵路4段口,0,0,2,2,C03,8,6,5,50,14,9,2,5,4,5,13,2,1,1,4,5,2,17,2,19,2,8,5,1,7,15,1,10,1,12,,44,,1,21,121.5711362,24.99170625
113,1,4,11,51,2,01大同區,大同區民生西路與延平北路2段口,0,0,1,1,B03,8,5,5,50,4,1,1,5,4,5,13,2,1,5,2,4,2,17,1,68,3,10,7,1,7,5,1,8,2,17,,71,,1,22,121.5116203,25.0569933
113,1,4,11,51,2,01大同區,大同區民生西路與延平北路2段口,0,0,1,2,C03,8,5,5,50,4,1,1,5,4,5,13,2,1,5,2,4,2,17,1,68,2,7,5,1,7,9,1,10,2,17,,44,,1,22,121.5116203,25.0569933
113,1,4,12,4,2,03中山區,中山區吉林路69號,0,0,1,1,B12,7,6,5,50,14,8,1,5,4,5,13,4,4,8,5,4,1,17,1,65,3,10,3,4,6,11,1,5,1,17,,42,,1,21,121.5301314,25.05422827
113,1,4,12,4,2,03中山區,中山區吉林路69號,0,0,1,2,C03,7,6,5,50,14,8,1,5,4,5,13,4,4,8,5,4,1,17,2,24,2,9,3,4,7,9,1,10,1,12,,44,,1,21,121.5301314,25.05422827
113,1,4,12,18,2,08士林區,士林區中山北路4段往南527號燈桿,0,0,1,1,C03,8,6,5,50,14,9,1,5,4,5,13,4,4,2,4,5,1,13,1,33,2,9,3,4,7,9,1,10,1,11,,108,,1,22,121.524573,25.0815179
113,1,4,12,18,2,08士林區,士林區中山北路4段往南527號燈桿,0,0,1,2,B01,8,6,5,50,14,9,1,5,4,5,13,4,4,2,4,5,1,13,2,38,3,10,3,4,7,14,1,4,1,3,,38,,1,22,121.524573,25.0815179
113,1,4,12,44,2,04大安區,大安區建國南路2段與建國南路2段79巷口,0,0,2,1,C03,7,5,5,50,3,4,2,5,4,5,13,2,1,10,5,5,2,13,2,23,2,7,3,4,7,15,1,10,1,13,,108,,1,22,121.5380015,25.0306463
113,1,4,12,44,2,04大安區,大安區建國南路2段與建國南路2段79巷口,0,0,2,2,C03,7,5,5,50,3,4,2,5,4,5,13,2,1,10,5,5,2,13,1,37,2,8,3,4,7,9,1,10,1,11,,44,,1,22,121.5380015,25.0306463
113,1,4,13,45,2,08士林區,士林區福港街19巷與福港街口,0,0,1,1,C03,8,6,5,30,4,1,1,5,4,5,13,4,4,5,5,5,2,15,1,28,2,9,3,4,7,9,1,10,1,11,,80,,1,21,121.5181372,25.0911381
113,1,4,13,45,2,08士林區,士林區福港街19巷與福港街口,0,0,1,2,B03,8,6,5,30,4,1,1,5,4,5,13,4,4,5,5,5,2,15,1,42,3,10,3,4,7,9,1,8,1,4,,44,,1,21,121.5181372,25.0911381
113,1,4,14,12,2,12內湖區,內湖區新湖二路與新湖三路219巷口,0,0,1,1,B03,8,5,5,50,4,1,1,5,4,5,13,4,4,5,5,5,2,17,1,50,3,10,7,1,7,6,1,8,2,17,,80,,1,21,121.5817825,25.0637719
113,1,4,14,12,2,12內湖區,內湖區新湖二路與新湖三路219巷口,0,0,1,2,C03,8,5,5,50,4,1,1,5,4,5,13,4,4,5,5,5,2,17,1,55,2,9,5,1,7,9,1,10,2,17,,14,,1,21,121.5817825,25.0637719
113,1,4,14,23,2,02萬華區,萬華區西藏路與寶興街口,0,0,1,1,C03,8,6,5,50,5,1,1,5,4,5,13,2,1,5,5,5,2,3,1,23,3,10,6,1,7,5,3,18,1,11,,70,,1,21,121.4923954,25.02829485
113,1,4,14,23,2,02萬華區,萬華區西藏路與寶興街口,0,0,1,2,H01,8,6,5,50,5,1,1,5,4,5,13,2,1,5,5,5,2,3,2,36,2,8,4,5,8,16,8,20,1,16,,67,,1,21,121.4923954,25.02829485
113,1,4,14,23,2,03中山區,中山區林森北路與民生東路1段口,0,0,1,1,B03,8,6,5,50,4,2,1,5,4,5,13,2,1,5,4,5,2,17,1,70,3,10,3,4,7,5,7,19,9,17,,71,,1,21,121.5255717,25.0580654
113,1,4,14,23,2,03中山區,中山區林森北路與民生東路1段口,0,0,1,2,C03,8,6,5,50,4,2,1,5,4,5,13,2,1,5,4,5,2,17,1,35,2,9,3,4,7,9,1,10,1,12,,44,,1,21,121.5255717,25.0580654
113,1,4,14,29,2,02萬華區,萬華區西園路2段372巷與興義街口,0,0,1,1,C04,7,6,5,30,4,1,1,5,4,5,13,4,4,10,5,5,2,15,1,84,2,7,6,1,7,9,3,18,1,12,,80,,1,21,121.4907353,25.0257795
113,1,4,14,29,2,02萬華區,萬華區西園路2段372巷與興義街口,0,0,1,2,B03,7,6,5,30,4,1,1,5,4,5,13,4,4,10,5,5,2,15,1,54,3,10,7,1,7,9,1,8,1,1,,44,,1,21,121.4907353,25.0257795
113,1,4,15,8,2,04大安區,大安區信義路2段與信義路2段228巷口,0,0,1,1,B03,8,7,5,50,3,1,1,5,4,5,13,4,4,10,4,5,1,16,2,38,3,10,3,4,7,6,1,8,1,2,,74,,1,21,121.5315479,25.0335162
113,1,4,15,8,2,04大安區,大安區信義路2段與信義路2段228巷口,0,0,1,2,C03,8,7,5,50,3,1,1,5,4,5,13,4,4,10,4,5,1,16,2,26,2,8,6,4,7,9,1,10,1,11,,108,,1,21,121.5315479,25.0335162
113,1,4,15,10,2,07信義區,信義區松仁路7號,0,0,1,1,C03,8,7,8,50,22,22,1,5,4,5,13,4,4,1,4,5,2,12,1,47,2,7,6,1,7,9,1,10,1,14,,108,,1,22,121.5685474,25.0386218
113,1,4,15,10,2,07信義區,信義區松仁路7號,0,0,1,2,B01,8,7,8,50,22,22,1,5,4,5,13,4,4,1,4,5,2,12,1,65,3,10,7,1,7,8,1,8,1,2,,100,,1,22,121.5685474,25.0386218
113,1,4,15,20,2,08士林區,士林區中山北路5段往南(銘傳前),0,0,2,1,B03,8,6,5,50,14,9,1,5,4,5,13,4,4,5,4,5,1,12,1,58,3,10,3,4,7,8,1,8,1,17,,100,,1,22,121.5273773,25.088845
113,1,4,15,20,2,08士林區,士林區中山北路5段往南(銘傳前),0,0,2,2,C03,8,6,5,50,14,9,1,5,4,5,13,4,4,5,4,5,1,12,2,19,2,9,3,4,7,9,1,10,1,12,,44,,1,22,121.5273773,25.088845
113,1,4,15,20,2,08士林區,士林區中山北路5段往南(銘傳前),0,0,2,3,C03,8,6,5,50,14,9,1,5,4,5,13,4,4,5,4,5,1,12,1,22,2,8,3,4,7,9,1,10,1,11,,16,,1,22,121.5273773,25.088845
113,1,4,15,30,2,04大安區,大安區敦化南路2段63巷與敦化南路2段口,0,0,4,1,B02,8,5,5,50,4,1,1,5,4,5,13,1,1,1,5,5,2,17,1,20,2,8,7,1,7,5,1,8,1,1,,71,,1,21,121.5488306,25.0309283
113,1,4,15,30,2,04大安區,大安區敦化南路2段63巷與敦化南路2段口,0,0,4,2,B03,8,5,5,50,4,1,1,5,4,5,13,1,1,1,5,5,2,17,2,33,2,9,7,1,7,9,1,8,1,1,,44,,1,21,121.5488306,25.0309283