發生年度,發生月,發生日,發生時-Hours,發生分,處理別-編號,區序,肇事地點,死亡人數,2-30日死亡人數,受傷人數,當事人序號,車種,天候,道路照明設備,道路類別,速限-速度限制,道路型態,事故位置,路面狀況1,路面狀況2,路面狀況3,道路障礙1,道路障礙2,號誌1,號誌2,車道劃分-分向,車道劃分-分道1,車道劃分-分道2,車道劃分-分道3,事故類型及型態,性別,年齡,受傷程度,主要傷處,保護裝置,行動電話,車輛用途,當事者行動狀態,駕駛資格情形,駕駛執照種類,飲酒情形,車輛撞擊部位1,車輛撞擊部位2,肇因碼-個別,肇因碼-主要,個人肇逃否,職業,座標-X,座標-Y
113,1,4,15,30,2,04大安區,大安區敦化南路2段63巷與敦化南路2段口,0,0,4,3,H02,8,5,5,50,4,1,1,5,4,5,13,1,1,1,5,5,2,17,1,35,2,9,7,5,7,20,8,20,10,16,,67,,1,21,121.5488306,25.0309283
113,1,4,15,30,2,04大安區,大安區敦化南路2段63巷與敦化南路2段口,0,0,4,4,H02,8,5,5,50,4,1,1,5,4,5,13,1,1,1,5,5,2,17,1,0,2,9,7,5,7,20,8,20,10,16,,67,,1,21,121.5488306,25.0309283
113,1,4,15,56,2,08士林區,士林區至善路2段469號,0,0,2,1,C03,8,6,5,50,14,9,1,5,4,5,13,4,4,5,4,5,2,13,1,31,2,9,3,4,7,9,1,10,2,11,,108,,1,21,121.5578223,25.11102583
113,1,4,15,56,2,08士林區,士林區至善路2段469號,0,0,2,2,F01,8,6,5,50,14,9,1,5,4,5,13,4,4,5,4,5,2,13,1,56,2,7,4,4,7,9,8,20,2,13,,44,,1,21,121.5578223,25.11102583
113,1,4,16,0,2,04大安區,大安區和平東路3段346巷與和平東路3段口,0,0,1,1,B01,7,6,5,50,4,1,1,5,4,5,13,1,1,1,4,4,1,16,1,37,3,10,7,1,7,5,1,4,1,7,,8,,1,21,121.5574615,25.0197002
113,1,4,16,0,2,04大安區,大安區和平東路3段346巷與和平東路3段口,0,0,1,2,C03,7,6,5,50,4,1,1,5,4,5,13,1,1,1,4,4,1,16,2,21,2,9,6,1,7,9,1,10,1,11,,99,,1,21,121.5574615,25.0197002
113,1,4,16,6,2,12內湖區,內湖區金湖路328-5號,0,0,1,1,B01,8,7,5,40,14,9,1,5,4,5,13,4,4,1,5,4,2,17,1,67,3,10,7,1,7,8,6,8,1,2,,100,,1,21,121.602587,25.07369444
113,1,4,16,6,2,12內湖區,內湖區金湖路328-5號,0,0,1,2,C03,8,7,5,40,14,9,1,5,4,5,13,4,4,1,5,4,2,17,1,46,2,9,5,1,7,9,1,10,1,14,,44,,1,21,121.602587,25.07369444
113,1,4,16,37,2,04大安區,大安區和平東路3段與敦化南路2段口,0,0,1,1,F03,8,5,5,50,4,1,1,5,4,5,13,1,1,1,4,5,2,12,2,64,2,9,4,1,7,15,8,20,1,14,,100,,1,21,121.549007,25.0246132
113,1,4,16,37,2,04大安區,大安區和平東路3段與敦化南路2段口,0,0,1,2,B01,8,5,5,50,4,1,1,5,4,5,13,1,1,1,4,5,2,12,1,64,3,10,7,1,7,9,1,4,1,6,,44,,1,21,121.549007,25.0246132
113,1,4,16,45,2,06松山區,松山區北寧路56巷與八德路3段99巷4弄口,0,0,1,1,C03,7,7,5,30,4,2,1,5,4,5,13,4,4,9,4,5,2,15,1,18,2,9,5,1,7,9,1,10,1,12,,80,,1,21,121.5533337,25.04982411
113,1,4,16,45,2,06松山區,松山區北寧路56巷與八德路3段99巷4弄口,0,0,1,2,B03,7,7,5,30,4,2,1,5,4,5,13,4,4,9,4,5,2,15,1,51,3,10,7,1,7,9,1,8,1,8,,44,,1,21,121.5533337,25.04982411
113,1,4,16,58,2,01大同區,大同區華陰街169號,0,0,1,1,B12,8,5,6,30,14,9,1,5,4,5,13,4,4,10,5,5,2,2,1,44,3,10,3,4,7,9,1,8,9,2,,107,,2,21,121.5154368,25.050265
113,1,4,16,58,2,01大同區,大同區華陰街169號,0,0,1,2,H01,8,5,6,30,14,9,1,5,4,5,13,4,4,10,5,5,2,2,2,28,2,9,4,5,8,16,8,20,10,16,,67,,1,21,121.5154368,25.050265
113,1,4,17,11,2,03中山區,中山區建國北路3段39號橋下迴轉道,0,0,2,1,B03,7,5,5,50,14,6,1,5,4,5,13,2,1,5,4,5,2,11,1,79,3,10,7,1,7,9,1,8,9,2,,4,,1,21,121.5370012,25.06367
113,1,4,17,11,2,03中山區,中山區建國北路3段39號橋下迴轉道,0,0,2,2,C03,7,5,5,50,14,6,1,5,4,5,13,2,1,5,4,5,2,11,1,67,2,9,6,1,7,9,1,10,9,12,,44,,1,21,121.5370012,25.06367
113,1,4,17,11,2,03中山區,中山區建國北路3段39號橋下迴轉道,0,0,2,3,H02,7,5,5,50,14,6,1,5,4,5,13,2,1,5,4,5,2,11,2,66,2,9,6,5,7,21,8,20,10,16,,67,,1,21,121.5370012,25.06367
113,1,4,17,13,2,03中山區,中山區北安路47號,0,0,1,1,C03,8,5,5,50,14,9,1,5,4,5,13,4,4,1,4,5,2,12,1,29,2,9,3,4,7,8,1,10,1,12,,100,,1,21,121.5276183,25.07703451
113,1,4,17,13,2,03中山區,中山區北安路47號,0,0,1,2,C03,8,5,5,50,14,9,1,5,4,5,13,4,4,1,4,5,2,12,1,46,3,10,3,4,7,9,1,10,1,14,,44,,1,21,121.5276183,25.07703451
113,1,4,17,19,2,10文山區,文山區木柵路5段與木柵路5段43巷口,0,0,1,1,C03,8,6,5,50,14,9,1,5,4,5,13,4,4,5,2,5,2,13,2,22,2,8,6,1,7,9,1,10,2,11,14,118,,1,21,121.5845424,25.00296665
113,1,4,17,19,2,10文山區,文山區木柵路5段與木柵路5段43巷口,0,0,1,2,C03,8,6,5,50,14,9,1,5,4,5,13,4,4,5,2,5,2,13,1,40,3,10,6,1,7,15,1,10,2,12,,44,,1,21,121.5845424,25.00296665
113,1,4,17,19,2,10文山區,文山區木柵路5段與木柵路5段43巷口,0,0,1,3,A02,8,6,5,50,14,9,1,5,4,5,13,4,4,5,2,5,2,13,1,64,3,10,7,1,7,15,1,2,2,4,,44,,1,21,121.5845424,25.00296665
113,1,4,17,35,2,10文山區,文山區木柵路1段58巷27號,0,0,2,1,C03,7,5,5,30,14,9,1,5,4,5,13,4,4,10,5,5,2,10,2,34,2,9,6,1,7,9,1,10,11,11,,5,,2,21,121.5482533,24.98647936
113,1,4,17,35,2,10文山區,文山區木柵路1段58巷27號,0,0,2,2,C03,7,5,5,30,14,9,1,5,4,5,13,4,4,10,5,5,2,10,2,22,2,7,6,1,7,9,1,10,2,11,,5,,1,21,121.5482533,24.98647936
113,1,4,17,46,2,10文山區,文山區興隆路1段15號,0,0,1,1,C03,8,5,5,50,14,9,1,5,4,5,13,4,4,1,4,5,2,17,1,71,2,9,6,1,7,9,1,10,2,11,,108,,1,21,121.5398735,25.00430075
113,1,4,17,46,2,10文山區,文山區興隆路1段15號,0,0,1,2,A02,8,5,5,50,14,9,1,5,4,5,13,4,4,1,4,5,2,17,1,52,3,10,7,1,7,1,1,2,2,5,,44,,1,21,121.5398735,25.00430075
113,1,4,18,0,2,04大安區,大安區基隆路3段與辛亥路3段口,0,0,1,1,C03,8,5,5,50,14,9,1,5,4,5,13,4,4,1,4,5,1,13,1,23,3,10,6,1,7,9,1,10,1,11,,108,,1,21,121.5472395,25.0194749
113,1,4,18,0,2,04大安區,大安區基隆路3段與辛亥路3段口,0,0,1,2,C03,8,5,5,50,14,9,1,5,4,5,13,4,4,1,4,5,1,13,2,43,2,8,6,1,7,9,1,10,1,13,,44,,1,21,121.5472395,25.0194749
113,1,4,18,26,2,03中山區,中山區北安路與大直街口,0,0,1,1,C03,8,5,5,50,5,1,1,5,4,5,13,1,1,1,4,5,2,15,2,21,2,7,3,4,7,9,1,10,2,11,,44,,1,21,121.5473215,25.0798605
113,1,4,18,26,2,03中山區,中山區北安路與大直街口,0,0,1,2,B01,8,5,5,50,5,1,1,5,4,5,13,1,1,1,4,5,2,15,1,47,3,10,3,4,7,9,1,4,2,8,,44,,1,21,121.5473215,25.0798605
113,1,4,18,31,2,12內湖區,內湖區民權東路6段15巷與瑞湖街口,0,0,1,1,B03,8,5,5,50,4,1,1,5,4,5,13,2,1,5,5,5,2,16,2,63,3,10,7,1,7,5,1,8,2,4,,8,,1,21,121.5764451,25.0689879
113,1,4,18,31,2,12內湖區,內湖區民權東路6段15巷與瑞湖街口,0,0,1,2,C03,8,5,5,50,4,1,1,5,4,5,13,2,1,5,5,5,2,16,1,26,2,9,5,1,7,9,1,10,2,11,14,44,,1,21,121.5764451,25.0689879
113,1,4,18,33,2,04大安區,大安區仁愛路3段與建國南路1段口,0,0,2,1,B03,7,5,5,50,5,1,1,5,4,5,13,1,1,1,3,5,2,15,1,60,2,1,7,1,7,15,1,8,1,7,,81,,1,21,121.5380954,25.0379726
113,1,4,18,33,2,04大安區,大安區仁愛路3段與建國南路1段口,0,0,2,2,B02,7,5,5,50,5,1,1,5,4,5,13,1,1,1,3,5,2,15,1,61,2,7,7,1,7,9,1,8,1,1,,44,,1,21,121.5380954,25.0379726
113,1,4,18,40,2,04大安區,大安區師大路與師大路59巷口口,0,0,2,1,C03,8,5,5,30,4,1,1,5,4,5,13,4,4,5,5,5,2,15,1,48,2,8,3,4,7,9,1,10,1,12,,75,,1,22,121.528502,25.02398657
113,1,4,18,40,2,04大安區,大安區師大路與師大路59巷口口,0,0,2,2,C03,8,5,5,30,4,1,1,5,4,5,13,4,4,5,5,5,2,15,2,68,2,9,3,4,7,9,1,10,1,11,,29,,1,22,121.528502,25.02398657
113,1,4,19,0,2,03中山區,中山區市民高架道往西、林森北路上方,0,0,1,1,B12,7,5,5,60,14,9,1,5,4,5,13,4,4,1,3,5,1,13,1,53,3,10,3,4,7,9,6,8,1,1,,108,,1,21,121.5264119,25.04751985
113,1,4,19,0,2,03中山區,中山區市民高架道往西、林森北路上方,0,0,1,2,B02,7,5,5,60,14,9,1,5,4,5,13,4,4,1,3,5,1,13,2,33,2,1,3,4,7,14,1,8,1,3,,44,,1,21,121.5264119,25.04751985
113,1,4,19,0,2,09北投區,北投區石牌路1段88號,0,0,1,1,C03,8,5,5,50,14,9,1,5,4,5,13,4,4,5,5,5,2,17,2,23,2,8,6,1,7,10,1,10,1,13,,100,,1,21,121.5120238,25.11392788
113,1,4,19,0,2,09北投區,北投區石牌路1段88號,0,0,1,2,B03,8,5,5,50,14,9,1,5,4,5,13,4,4,5,5,5,2,17,1,45,3,10,7,1,7,9,1,8,1,8,,44,,1,21,121.5120238,25.11392788
113,1,4,19,0,2,09北投區,北投區石牌路1段88號,0,0,1,3,B03,8,5,5,50,14,9,1,5,4,5,13,4,4,5,5,5,2,17,1,33,3,10,7,1,7,9,1,8,1,2,,44,,1,21,121.5120238,25.11392788
113,1,4,19,26,2,03中山區,中山區中山北路3段與撫順街口,0,0,2,1,C03,8,5,5,50,3,1,1,5,4,5,13,4,4,1,3,5,1,17,1,26,3,10,6,4,7,6,1,10,1,17,,9,,1,21,121.5222271,25.0639102
113,1,4,19,26,2,03中山區,中山區中山北路3段與撫順街口,0,0,2,2,C03,8,5,5,50,3,1,1,5,4,5,13,4,4,1,3,5,1,17,1,23,2,9,6,4,7,9,1,10,1,14,,16,,1,21,121.5222271,25.0639102
113,1,4,19,26,2,03中山區,中山區中山北路3段與撫順街口,0,0,2,3,H02,8,5,5,50,3,1,1,5,4,5,13,4,4,1,3,5,1,17,2,26,2,9,6,5,7,17,8,20,10,16,,67,,1,21,121.5222271,25.0639102
113,1,4,19,38,2,08士林區,士林區大南路與承德路4段266巷口,0,0,1,1,C03,7,5,5,50,3,2,1,5,4,5,13,4,4,5,5,5,1,17,1,37,2,9,6,1,7,9,1,10,1,14,,116,,1,21,121.5203901,25.0885891
113,1,4,19,38,2,08士林區,士林區大南路與承德路4段266巷口,0,0,1,2,C03,7,5,5,50,3,2,1,5,4,5,13,4,4,5,5,5,1,17,1,72,3,10,6,1,7,1,1,10,1,17,,19,,1,21,121.5203901,25.0885891
113,1,4,20,23,2,12內湖區,內湖區內湖路1段203巷與環山路1段24巷口,0,0,1,2,C03,7,5,6,30,3,1,1,5,4,5,13,4,4,5,5,5,2,16,2,56,2,8,6,1,7,9,1,10,1,11,,44,,1,22,121.5635512,25.084454
113,1,4,20,23,2,12內湖區,內湖區內湖路1段203巷與環山路1段24巷口,0,0,1,1,B03,7,5,6,30,3,1,1,5,4,5,13,4,4,5,5,5,2,16,1,66,3,10,3,4,7,5,1,8,1,8,,72,,1,22,121.5635512,25.084454
113,1,4,20,50,2,09北投區,北投區立賢路111號,0,0,1,1,B03,8,5,6,50,14,9,1,5,4,5,13,4,4,1,4,5,2,12,1,84,3,10,7,1,7,7,1,8,1,4,,100,,1,21,121.5018189,25.1138535
113,1,4,20,50,2,09北投區,北投區立賢路111號,0,0,1,2,C03,8,5,6,50,14,9,1,5,4,5,13,4,4,1,4,5,2,12,1,46,2,1,6,1,7,9,1,10,1,12,,44,,1,21,121.5018189,25.1138535
113,1,4,22,0,2,06松山區,松山區復興北路361巷與民權東路3段106巷口,0,0,1,1,B03,7,5,5,30,4,1,1,5,4,5,13,4,4,4,5,5,2,15,1,66,3,10,7,1,7,9,1,8,2,2,,80,,1,22,121.5448738,25.0604077
113,1,4,22,0,2,06松山區,松山區復興北路361巷與民權東路3段106巷口,0,0,1,2,B03,7,5,5,30,4,1,1,5,4,5,13,4,4,4,5,5,2,15,1,23,2,9,7,1,7,9,1,8,2,1,,13,,1,22,121.5448738,25.0604077
113,1,4,22,3,2,01大同區,大同區環河北路1段317號,0,0,2,2,C02,8,5,5,50,14,9,1,5,4,5,13,4,4,9,4,5,2,17,1,28,2,9,6,4,7,9,1,9,1,14,,42,,1,22,121.5085269,25.0599004
113,1,4,22,3,2,01大同區,大同區環河北路1段317號,0,0,2,3,C03,8,5,5,50,14,9,1,5,4,5,13,4,4,9,4,5,2,17,1,47,2,9,6,4,7,9,1,10,1,14,,44,,1,22,121.5085269,25.0599004
113,1,4,22,3,2,01大同區,大同區環河北路1段317號,0,0,2,4,B03,8,5,5,50,14,9,1,5,4,5,13,4,4,9,4,5,2,17,2,44,3,10,7,4,7,13,1,8,1,7,,44,,1,22,121.5085269,25.0599004
113,1,4,22,3,2,01大同區,大同區環河北路1段317號,0,0,2,1,B03,8,5,5,50,14,9,1,5,4,5,13,4,4,9,4,5,2,17,1,50,4,11,3,4,7,7,7,19,11,15,,100,,2,22,121.5085269,25.0599004
113,1,4,22,18,2,10文山區,文山區木柵路1段與試院路口雙號,0,0,2,1,C03,8,5,5,50,4,2,1,5,4,5,13,1,1,5,5,5,2,16,1,18,2,9,5,1,7,5,1,10,1,14,,8,,1,21,121.5498765,24.9874115
113,1,4,22,18,2,10文山區,文山區木柵路1段與試院路口雙號,0,0,2,2,C03,8,5,5,50,4,2,1,5,4,5,13,1,1,5,5,5,2,16,1,17,2,9,5,1,7,9,2,18,1,12,,13,,1,21,121.5498765,24.9874115
113,1,4,22,44,2,04大安區,大安區建國高架道下辛亥匝道,0,0,1,1,B03,8,5,5,40,14,9,1,5,4,5,13,2,1,10,4,5,1,13,1,38,3,10,3,4,7,9,1,8,1,1,,108,,1,21,121.5373082,25.0225257
113,1,4,22,44,2,04大安區,大安區建國高架道下辛亥匝道,0,0,1,2,B01,8,5,5,40,14,9,1,5,4,5,13,2,1,10,4,5,1,13,1,46,2,2,3,4,7,14,1,4,1,3,,44,,1,21,121.5373082,25.0225257
113,1,4,22,54,2,10文山區,文山區興隆路3段與萬芳路口口,0,0,1,1,B03,8,5,5,50,4,1,1,5,4,5,13,2,1,1,2,5,2,16,1,30,3,10,7,1,7,5,1,8,1,8,,85,,1,21,121.5599585,24.9967856
113,1,4,22,54,2,10文山區,文山區興隆路3段與萬芳路口口,0,0,1,2,C03,8,5,5,50,4,1,1,5,4,5,13,2,1,1,2,5,2,16,1,27,2,8,6,1,7,9,1,10,1,14,,13,,1,21,121.5599585,24.9967856
113,1,4,23,4,2,10文山區,文山區和平東路4段與和平東路4段66巷口,0,0,1,1,B01,8,5,5,40,14,9,1,5,4,5,13,1,1,10,5,5,2,16,1,60,3,10,7,1,7,6,1,4,2,2,,17,,1,21,121.567048,25.0055309
113,1,4,23,4,2,10文山區,文山區和平東路4段與和平東路4段66巷口,0,0,1,2,C03,8,5,5,40,14,9,1,5,4,5,13,1,1,10,5,5,2,16,1,34,2,9,6,1,7,9,1,10,2,11,14,13,,1,21,121.567048,25.0055309
113,1,4,23,15,2,08士林區,士林區承德路5段與通河東街2段10巷口,0,0,1,1,C03,8,5,5,0,5,2,1,5,4,5,13,1,1,10,5,5,1,13,1,24,2,8,6,1,7,9,1,10,1,11,,16,,1,21,121.5156419,25.09148494
113,1,4,23,15,2,08士林區,士林區承德路5段與通河東街2段10巷口,0,0,1,2,C03,8,5,5,0,5,2,1,5,4,5,13,1,1,10,5,5,1,13,1,33,3,10,6,1,7,12,1,10,1,13,,14,,1,22,121.5156419,25.09148494
113,1,4,23,35,2,10文山區,文山區忠順街1段9巷與光輝路口,0,0,1,1,B03,8,5,5,50,4,1,1,5,4,5,13,4,4,10,5,5,2,15,2,81,3,10,3,4,7,9,1,8,2,1,,72,,1,21,121.5566405,24.98494264
113,1,4,23,35,2,10文山區,文山區忠順街1段9巷與光輝路口,0,0,1,2,B03,8,5,5,50,4,1,1,5,4,5,13,4,4,10,5,5,2,15,1,39,3,10,3,4,7,9,1,8,2,8,,42,,1,21,121.5566405,24.98494264
113,1,4,23,35,2,10文山區,文山區忠順街1段9巷與光輝路口,0,0,1,3,H02,8,5,5,50,4,1,1,5,4,5,13,4,4,10,5,5,2,15,2,39,2,4,3,5,7,20,8,20,10,16,,67,,1,21,121.5566405,24.98494264
113,1,5,1,18,2,02萬華區,萬華區長沙街2段與漢中街口,0,0,2,1,C03,7,5,5,50,3,1,1,5,4,5,13,2,1,5,4,5,2,17,1,20,2,9,5,1,7,9,1,10,1,11,14,108,,1,21,121.50627,25.0406938
113,1,5,1,18,2,02萬華區,萬華區長沙街2段與漢中街口,0,0,2,2,C03,7,5,5,50,3,1,1,5,4,5,13,2,1,5,4,5,2,17,1,21,2,9,5,1,7,14,1,10,1,13,12,44,,1,21,121.50627,25.0406938
113,1,5,5,42,2,01大同區,大同區台北橋機慢車道往三重,0,0,1,1,C03,8,5,5,40,14,11,1,5,4,5,13,4,4,9,4,5,2,12,1,23,3,10,3,4,7,9,1,10,11,15,,118,,2,22,121.5080698,25.0636634
113,1,5,5,42,2,01大同區,大同區台北橋機慢車道往三重,0,0,1,2,C03,8,5,5,40,14,11,1,5,4,5,13,4,4,9,4,5,2,12,2,55,2,9,6,4,7,9,1,10,1,14,,118,,1,22,121.5080698,25.0636634
113,1,5,6,17,2,08士林區,士林區延平北路9段206巷延平幹178R7B5856EB93電線桿,0,0,2,1,C03,8,7,5,30,14,9,1,5,4,5,13,4,4,10,5,5,2,13,1,32,2,9,3,4,7,9,1,10,1,11,,108,,1,21,121.473249,25.10919229
113,1,5,6,17,2,08士林區,士林區延平北路9段206巷延平幹178R7B5856EB93電線桿,0,0,2,2,F01,8,7,5,30,14,9,1,5,4,5,13,4,4,10,5,5,2,13,1,68,2,9,4,4,7,9,8,20,1,13,,44,,1,21,121.473249,25.10919229
113,1,5,6,22,2,08士林區,士林區至善路2段34號,0,0,1,1,C03,8,5,5,50,14,9,1,5,4,5,13,1,1,4,5,5,1,13,1,45,2,9,5,1,7,9,1,10,2,11,,16,,1,21,121.5440723,25.0970275
113,1,5,6,22,2,08士林區,士林區至善路2段34號,0,0,1,2,B03,8,5,5,50,14,9,1,5,4,5,13,1,1,4,5,5,1,13,1,42,3,10,7,1,7,12,1,8,2,7,,44,,1,21,121.5440723,25.0970275
113,1,5,6,22,2,08士林區,士林區至善路2段34號,0,0,1,3,F01,8,5,5,50,14,9,1,5,4,5,13,1,1,4,5,5,1,13,4,0,,,,,,,,,,,,100,,2,,121.5440723,25.0970275
113,1,5,7,20,2,04大安區,大安區忠孝東路4段77巷與大安路1段75巷口,0,0,2,1,B01,8,6,5,30,4,1,1,5,4,5,13,4,4,10,5,5,2,15,1,63,2,7,7,1,7,9,1,4,1,1,,14,,1,21,121.5472047,25.0421693
113,1,5,7,20,2,04大安區,大安區忠孝東路4段77巷與大安路1段75巷口,0,0,2,2,B03,8,6,5,30,4,1,1,5,4,5,13,4,4,10,5,5,2,15,1,41,2,2,7,1,7,9,1,8,1,1,,108,,1,21,121.5472047,25.0421693
113,1,5,7,22,2,04大安區,大安區杭州南路2段1號,0,0,1,1,C03,8,7,5,50,14,9,1,5,4,5,13,4,4,1,4,5,2,17,1,46,3,10,5,1,7,7,6,18,1,14,,100,,1,22,121.5241039,25.0350547
113,1,5,7,22,2,04大安區,大安區杭州南路2段1號,0,0,1,2,C03,8,7,5,50,14,9,1,5,4,5,13,4,4,1,4,5,2,17,2,24,2,9,5,1,7,9,1,10,1,11,,44,,1,22,121.5241039,25.0350547
113,1,5,7,25,2,09北投區,北投區文林北路與明德路口,0,0,1,1,B03,8,5,5,50,4,1,1,5,4,5,13,2,1,3,4,5,2,16,2,43,3,10,7,1,7,6,1,8,1,6,,71,,1,21,121.5166715,25.1062427
113,1,5,7,25,2,09北投區,北投區文林北路與明德路口,0,0,1,2,C03,8,5,5,50,4,1,1,5,4,5,13,2,1,3,4,5,2,16,1,70,2,7,5,1,7,9,1,10,1,14,,44,,1,21,121.5166715,25.1062427
113,1,5,7,25,2,09北投區,北投區文林北路與明德路口,0,0,1,3,H02,8,5,5,50,4,1,1,5,4,5,13,2,1,3,4,5,2,16,2,6,3,10,5,5,7,20,8,20,10,16,,67,,1,21,121.5166715,25.1062427
113,1,5,7,27,2,02萬華區,萬華區艋舺大道與艋舺大道168巷口,0,0,1,1,C03,8,7,5,40,3,1,1,5,4,5,13,4,4,1,4,4,2,17,2,57,3,10,5,1,7,7,1,10,1,14,,103,,1,21,121.5008706,25.0328934
113,1,5,7,27,2,02萬華區,萬華區艋舺大道與艋舺大道168巷口,0,0,1,2,C03,8,7,5,40,3,1,1,5,4,5,13,4,4,1,4,4,2,17,2,35,3,10,5,1,7,12,1,10,1,12,,44,,1,21,121.5008706,25.0328934
113,1,5,7,27,2,02萬華區,萬華區艋舺大道與艋舺大道168巷口,0,0,1,3,B03,8,7,5,40,3,1,1,5,4,5,13,4,4,1,4,4,2,17,1,48,3,10,7,1,7,12,1,8,1,3,,44,,1,21,121.5008706,25.0328934
113,1,5,7,27,2,02萬華區,萬華區艋舺大道與艋舺大道168巷口,0,0,1,4,H02,8,7,5,40,3,1,1,5,4,5,13,4,4,1,4,4,2,17,2,17,2,8,5,5,7,17,8,20,10,16,,67,,1,21,121.5008706,25.0328934
113,1,5,7,39,2,06松山區,松山區南京東路5段291巷與南京東路5段口,0,0,1,1,F01,8,5,5,50,4,1,1,5,4,5,13,1,1,8,3,4,1,16,2,41,2,9,3,1,7,9,8,20,1,12,,81,,1,22,121.5661514,25.05143423
113,1,5,7,39,2,06松山區,松山區南京東路5段291巷與南京東路5段口,0,0,1,2,B03,8,5,5,50,4,1,1,5,4,5,13,1,1,8,3,4,1,16,1,50,3,10,2,1,7,9,1,8,1,2,,13,,1,22,121.5661514,25.05143423
113,1,5,7,40,2,12內湖區,內湖區內湖路1段520號,0,0,1,1,C03,8,6,5,50,14,7,1,5,4,5,13,4,4,1,4,4,2,13,2,43,3,10,5,1,7,9,1,10,1,11,,16,,1,21,121.5746741,25.08015533
113,1,5,7,40,2,12內湖區,內湖區內湖路1段520號,0,0,1,2,B03,8,6,5,50,14,7,1,5,4,5,13,4,4,1,4,4,2,13,1,45,3,10,7,1,7,14,1,2,1,6,,44,,1,21,121.5746741,25.08015533
113,1,5,7,40,2,12內湖區,內湖區內湖路1段520號,0,0,1,3,C03,8,6,5,50,14,7,1,5,4,5,13,4,4,1,4,4,2,13,2,37,2,8,5,1,7,9,1,10,1,11,,16,,1,21,121.5746741,25.08015533
113,1,5,7,44,2,01大同區,大同區南京西路與太原路口口,0,0,1,1,C03,8,6,5,50,4,2,1,5,4,5,13,2,1,1,5,5,2,13,2,51,2,9,6,1,7,9,1,10,1,11,,16,,1,21,121.5160509,25.05359445
113,1,5,7,44,2,01大同區,大同區南京西路與太原路口口,0,0,1,2,B01,8,6,5,50,4,2,1,5,4,5,13,2,1,1,5,5,2,13,1,65,3,10,7,1,7,12,1,4,1,7,,44,,1,21,121.5160509,25.05359445
113,1,5,7,53,2,04大安區,(忠孝東路4段302號前),0,0,1,1,B03,8,6,5,50,3,2,1,5,4,5,13,4,4,1,4,5,2,17,1,56,3,10,7,1,7,6,1,8,2,2,,9,,1,21,121.5563615,25.0412497
113,1,5,7,53,2,04大安區,(忠孝東路4段302號前),0,0,1,2,C03,8,6,5,50,3,2,1,5,4,5,13,4,4,1,4,5,2,17,2,22,2,8,6,1,7,9,1,10,2,11,,44,,1,21,121.5563615,25.0412497
113,1,5,8,1,2,04大安區,大安區和平東路3段與基隆路2段口,0,0,1,1,C03,8,6,5,50,4,1,1,5,4,5,13,2,1,1,4,5,1,15,2,53,3,10,3,4,7,9,1,10,11,13,,81,,1,21,121.5524826,25.0242309
113,1,5,8,1,2,04大安區,大安區和平東路3段與基隆路2段口,0,0,1,2,C03,8,6,5,50,4,1,1,5,4,5,13,2,1,1,4,5,1,15,2,59,2,9,3,4,7,9,1,10,11,11,,44,,1,21,121.5524826,25.0242309
113,1,5,8,22,2,02萬華區,萬華區環河南路3段與萬大路口,0,0,1,1,G06,8,6,5,50,5,1,1,5,4,5,13,2,1,5,5,5,2,16,1,52,3,10,4,1,7,1,8,20,1,16,,19,,1,26,121.4959137,25.01645711
113,1,5,8,22,2,02萬華區,萬華區環河南路3段與萬大路口,0,0,1,2,C03,8,6,5,50,5,1,1,5,4,5,13,2,1,5,5,5,2,16,2,41,2,9,5,1,7,9,1,10,1,11,,108,,1,26,121.4959137,25.01645711
113,1,5,8,24,2,10文山區,文山區羅斯福路6段92巷與景仁街20巷口,0,0,1,1,C03,7,6,5,30,4,1,1,5,4,5,13,4,4,10,5,5,2,15,2,53,2,9,5,1,7,9,1,10,1,12,,75,,1,22,121.5398352,24.9981187
113,1,5,8,24,2,10文山區,文山區羅斯福路6段92巷與景仁街20巷口,0,0,1,2,B03,7,6,5,30,4,1,1,5,4,5,13,4,4,10,5,5,2,15,1,53,3,10,7,1,7,9,1,8,1,1,,14,,1,22,121.5398352,24.9981187
113,1,5,8,27,2,12內湖區,內湖區民權東路6段與行愛路口,0,0,2,1,C03,8,5,5,50,4,1,1,5,4,5,13,1,1,5,4,5,2,12,1,49,2,9,6,1,7,12,1,10,1,14,,108,,1,21,121.5784599,25.06680707
113,1,5,8,27,2,12內湖區,內湖區民權東路6段與行愛路口,0,0,2,2,C03,8,5,5,50,4,1,1,5,4,5,13,1,1,5,4,5,2,12,1,35,3,10,6,1,7,12,1,10,1,12,,44,,1,21,121.5784599,25.06680707
113,1,5,8,27,2,12內湖區,內湖區民權東路6段與行愛路口,0,0,2,3,C02,8,5,5,50,4,1,1,5,4,5,13,1,1,5,4,5,2,12,2,24,3,10,6,1,7,12,1,9,1,14,,16,,1,21,121.5784599,25.06680707
113,1,5,8,27,2,12內湖區,內湖區民權東路6段與行愛路口,0,0,2,4,H02,8,5,5,50,4,1,1,5,4,5,13,1,1,5,4,5,2,12,2,48,2,9,6,5,7,20,8,20,10,16,,67,,1,21,121.5784599,25.06680707
113,1,5,8,28,2,03中山區,中山區錦州街48號,0,0,1,1,B03,8,6,5,50,14,9,1,5,4,5,13,4,4,5,1,5,2,12,1,24,3,10,3,1,7,13,1,8,2,4,,40,,1,21,121.5259801,25.0602535
113,1,5,8,28,2,03中山區,中山區錦州街48號,0,0,1,2,C03,8,6,5,50,14,9,1,5,4,5,13,4,4,5,1,5,2,12,1,44,2,9,6,1,7,9,1,10,2,12,,108,,1,21,121.5259801,25.0602535