發生年度,發生月,發生日,發生時-Hours,發生分,處理別-編號,區序,肇事地點,死亡人數,2-30日死亡人數,受傷人數,當事人序號,車種,天候,道路照明設備,道路類別,速限-速度限制,道路型態,事故位置,路面狀況1,路面狀況2,路面狀況3,道路障礙1,道路障礙2,號誌1,號誌2,車道劃分-分向,車道劃分-分道1,車道劃分-分道2,車道劃分-分道3,事故類型及型態,性別,年齡,受傷程度,主要傷處,保護裝置,行動電話,車輛用途,當事者行動狀態,駕駛資格情形,駕駛執照種類,飲酒情形,車輛撞擊部位1,車輛撞擊部位2,肇因碼-個別,肇因碼-主要,個人肇逃否,職業,座標-X,座標-Y
113,1,5,8,28,2,08士林區,士林區雨聲街與忠義街口,0,0,1,1,B03,8,6,5,50,4,1,1,5,4,5,13,1,1,6,1,5,1,17,2,66,3,10,7,1,7,6,1,10,1,8,,9,,1,21,121.5311538,25.1047194
113,1,5,8,28,2,08士林區,士林區雨聲街與忠義街口,0,0,1,2,C03,8,6,5,50,4,1,1,5,4,5,13,1,1,6,1,5,1,17,1,41,2,9,5,1,7,5,1,10,1,14,,8,,1,21,121.5311538,25.1047194
113,1,5,8,29,2,12內湖區,內湖區基湖路35巷與基湖路口,0,0,1,1,B03,8,6,5,50,3,1,1,5,4,5,13,1,1,10,5,5,2,13,1,38,3,10,7,1,7,9,1,8,2,1,,16,,1,21,121.5648154,25.07991824
113,1,5,8,29,2,12內湖區,內湖區基湖路35巷與基湖路口,0,0,1,2,C03,8,6,5,50,3,1,1,5,4,5,13,1,1,10,5,5,2,13,1,26,3,10,6,1,7,9,1,9,2,13,,44,,1,21,121.5648154,25.07991824
113,1,5,8,29,2,12內湖區,內湖區基湖路35巷與基湖路口,0,0,1,3,C03,8,6,5,50,3,1,1,5,4,5,13,1,1,10,5,5,2,13,2,29,2,9,6,1,7,9,1,10,2,13,,44,,1,21,121.5648154,25.07991824
113,1,5,8,29,2,12內湖區,內湖區基湖路35巷與基湖路口,0,0,1,4,C03,8,6,5,50,3,1,1,5,4,5,13,1,1,10,5,5,2,13,1,25,3,10,6,1,7,9,1,9,2,13,,44,,1,21,121.5648154,25.07991824
113,1,5,8,29,2,12內湖區,內湖區基湖路35巷與基湖路口,0,0,1,5,B03,8,6,5,50,3,1,1,5,4,5,13,1,1,10,5,5,2,13,1,50,3,10,7,1,7,9,1,8,2,7,,44,,1,21,121.5648154,25.07991824
113,1,5,8,29,2,12內湖區,內湖區基湖路35巷與基湖路口,0,0,1,6,C03,8,6,5,50,3,1,1,5,4,5,13,1,1,10,5,5,2,13,1,31,3,10,6,1,7,9,1,10,11,13,,44,,1,21,121.5648154,25.07991824
113,1,5,8,40,2,10文山區,文山區和平東路4段與萬寧街口,0,0,1,1,B01,8,5,5,40,4,2,1,5,4,5,13,2,1,5,5,5,1,17,1,63,3,10,7,1,7,8,1,4,1,6,,100,,1,21,121.5678734,25.0050892
113,1,5,8,40,2,10文山區,文山區和平東路4段與萬寧街口,0,0,1,2,C03,8,5,5,40,4,2,1,5,4,5,13,2,1,5,5,5,1,17,1,23,2,8,6,1,7,9,1,10,1,11,,13,,1,21,121.5678734,25.0050892
113,1,5,8,40,2,12內湖區,內湖區民權東路6段與民權東路6段180巷口,0,0,1,1,C03,8,6,5,50,4,1,1,5,4,5,13,1,1,1,3,5,1,16,1,60,4,11,3,4,7,5,7,19,11,15,,119,,2,21,121.5928053,25.0688364
113,1,5,8,40,2,12內湖區,內湖區民權東路6段與民權東路6段180巷口,0,0,1,2,C03,8,6,5,50,4,1,1,5,4,5,13,1,1,1,3,5,1,16,2,42,2,9,5,1,7,9,3,18,9,12,,44,,1,21,121.5928053,25.0688364
113,1,5,8,41,2,01大同區,大同區南京西路與太原路口,0,0,1,1,C03,8,6,5,50,4,1,1,5,4,5,13,1,1,1,4,5,2,17,1,34,3,10,6,1,7,5,1,10,1,15,,96,,1,21,121.5161245,25.05363939
113,1,5,8,41,2,01大同區,大同區南京西路與太原路口,0,0,1,2,C03,8,6,5,50,4,1,1,5,4,5,13,1,1,1,4,5,2,17,1,27,2,9,6,1,7,9,1,9,1,14,,44,,1,21,121.5161245,25.05363939
113,1,5,8,50,2,12內湖區,內湖區民權東路6段50號附近,0,0,1,1,B01,7,6,5,40,14,9,1,5,4,5,13,4,4,1,3,5,1,16,1,63,3,10,7,1,7,6,1,8,2,2,,9,,1,21,121.5838938,25.06854737
113,1,5,8,50,2,12內湖區,內湖區民權東路6段50號附近,0,0,1,2,C03,7,6,5,40,14,9,1,5,4,5,13,4,4,1,3,5,1,16,1,30,2,9,5,1,7,9,1,10,2,14,,44,,1,21,121.5838938,25.06854737
113,1,5,9,20,2,12內湖區,內湖區環山路1段134號,0,0,1,1,B01,8,6,5,50,14,9,1,5,4,5,13,1,1,5,5,5,2,17,1,68,3,10,7,1,7,11,1,4,2,8,,10,,1,21,121.5656678,25.0826777
113,1,5,9,20,2,12內湖區,內湖區環山路1段134號,0,0,1,2,C03,8,6,5,50,14,9,1,5,4,5,13,1,1,5,5,5,2,17,2,33,2,9,6,1,7,9,1,10,2,11,,44,,1,21,121.5656678,25.0826777
113,1,5,9,36,2,10文山區,文山區辛亥路4段與辛亥路4段77巷口,0,0,2,1,C03,8,6,5,50,11,9,1,5,4,5,13,4,4,1,4,5,2,13,1,27,2,9,6,1,7,8,1,9,2,11,,16,,1,21,121.5587178,25.0076517
113,1,5,9,36,2,10文山區,文山區辛亥路4段與辛亥路4段77巷口,0,0,2,2,C03,8,6,5,50,11,9,1,5,4,5,13,4,4,1,4,5,2,13,2,31,2,9,6,1,7,9,1,10,2,13,,44,,1,21,121.5587178,25.0076517
113,1,5,9,44,2,07信義區,信義區松仁路與信義路5段150巷14弄口,0,0,1,1,F01,8,6,5,50,4,1,1,5,4,5,13,2,1,8,3,5,2,17,2,40,3,10,4,4,7,15,8,20,1,17,,81,,1,21,121.5682937,25.0284586
113,1,5,9,44,2,07信義區,信義區松仁路與信義路5段150巷14弄口,0,0,1,2,C03,8,6,5,50,4,1,1,5,4,5,13,2,1,8,3,5,2,17,1,39,2,9,3,4,7,9,1,10,1,11,,13,,1,21,121.5682937,25.0284586
113,1,5,9,48,2,02萬華區,萬華區環河南路1段與康定路口,0,0,2,1,C03,8,6,5,50,3,1,1,5,4,3,10,2,1,5,5,5,2,3,1,30,2,9,6,1,7,9,1,10,2,12,,70,,1,21,121.5030731,25.04611081
113,1,5,9,48,2,02萬華區,萬華區環河南路1段與康定路口,0,0,2,2,H01,8,6,5,50,3,1,1,5,4,3,10,2,1,5,5,5,2,3,1,75,2,9,4,5,8,16,8,20,1,16,,67,,1,21,121.5030731,25.04611081
113,1,5,9,48,2,02萬華區,萬華區環河南路1段與康定路口,0,0,2,3,B03,8,6,5,50,3,1,1,5,4,3,10,2,1,5,5,5,2,3,1,59,3,10,7,1,7,13,1,8,9,17,,38,,1,21,121.5030731,25.04611081
113,1,5,9,50,2,03中山區,中山區中山北路3段往北、圓山派出所對面,0,0,2,1,C03,8,7,5,50,14,9,1,5,4,5,13,4,4,1,4,5,2,12,2,72,2,9,5,4,7,15,1,10,9,14,,100,,1,21,121.5241065,25.0725533
113,1,5,9,50,2,03中山區,中山區中山北路3段往北、圓山派出所對面,0,0,2,2,C03,8,7,5,50,14,9,1,5,4,5,13,4,4,1,4,5,2,12,1,34,2,9,6,4,7,9,1,10,2,14,,13,,1,21,121.5241065,25.0725533
113,1,5,10,0,2,12內湖區,內湖區行忠路42號,0,0,1,1,B01,8,6,5,50,14,7,1,5,4,5,13,4,4,1,4,4,2,17,1,64,3,10,7,1,7,10,1,4,2,8,,100,,1,21,121.5781181,25.06562154
113,1,5,10,0,2,12內湖區,內湖區行忠路42號,0,0,1,2,C03,8,6,5,50,14,7,1,5,4,5,13,4,4,1,4,4,2,17,1,57,2,8,5,1,7,9,1,10,2,12,,44,,1,21,121.5781181,25.06562154
113,1,5,10,20,2,06松山區,松山區光復南路4號,0,0,1,1,B03,8,7,5,50,14,9,1,5,4,5,13,4,4,1,4,5,2,17,1,54,3,10,7,1,7,9,1,8,1,5,,17,,1,28,121.5577609,25.0475746
113,1,5,10,20,2,06松山區,松山區光復南路4號,0,0,1,2,F01,8,7,5,50,14,9,1,5,4,5,13,4,4,1,4,5,2,17,2,74,2,9,4,1,7,1,8,20,1,11,,19,,1,7,121.5577609,25.0475746
113,1,5,10,45,2,04大安區,大安區復興南路1段222號,0,0,1,1,B01,8,5,5,50,14,9,1,5,4,5,13,4,4,6,3,5,1,16,1,62,3,10,7,1,7,8,1,8,1,2,,100,,1,22,121.5436052,25.0391701
113,1,5,10,45,2,04大安區,大安區復興南路1段222號,0,0,1,2,C03,8,5,5,50,14,9,1,5,4,5,13,4,4,6,3,5,1,16,2,23,2,9,6,1,7,9,1,10,1,14,,44,,1,22,121.5436052,25.0391701
113,1,5,10,50,2,10文山區,文山區指南路3段34巷108號路燈,0,0,1,1,C03,8,5,5,30,11,9,1,5,4,5,13,4,4,10,5,5,1,18,2,22,2,9,5,1,7,9,1,10,9,14,,108,,1,21,121.579483,24.97950198
113,1,5,10,50,2,10文山區,文山區指南路3段34巷108號路燈,0,0,1,2,,8,5,5,30,11,9,1,5,4,5,13,4,4,10,5,5,1,18,3,0,,,,,,,,,10,,,67,,1,,121.579483,24.97950198
113,1,5,11,15,2,12內湖區,內湖區環山路1段60巷與環山路1段口,0,0,1,1,C03,8,6,5,50,3,1,1,5,4,5,13,4,4,5,5,5,2,16,1,18,3,10,6,1,7,5,1,10,1,14,,8,,1,25,121.5666334,25.08635067
113,1,5,11,15,2,12內湖區,內湖區環山路1段60巷與環山路1段口,0,0,1,2,C03,8,6,5,50,3,1,1,5,4,5,13,4,4,5,5,5,2,16,1,48,2,8,6,1,7,9,1,10,1,12,,44,,1,21,121.5666334,25.08635067
113,1,5,11,20,2,05中正區,中正區市民大道3段與新生南路1段口,0,0,1,1,B03,8,6,5,40,4,1,1,5,4,5,13,1,1,1,4,5,2,16,1,34,3,10,7,1,7,6,1,8,2,6,,17,,1,22,121.5328657,25.0451402
113,1,5,11,20,2,05中正區,中正區市民大道3段與新生南路1段口,0,0,1,2,C03,8,6,5,40,4,1,1,5,4,5,13,1,1,1,4,5,2,16,2,23,2,9,6,1,7,6,1,10,2,14,,17,,1,22,121.5328657,25.0451402
113,1,5,11,20,2,06松山區,松山區松河街與塔悠路口,0,0,1,1,B01,8,7,5,50,3,1,1,5,4,5,13,4,4,5,5,5,2,16,1,67,3,10,7,1,7,5,1,8,1,8,,74,,1,21,121.5710373,25.05142897
113,1,5,11,20,2,06松山區,松山區松河街與塔悠路口,0,0,1,2,C03,8,7,5,50,3,1,1,5,4,5,13,4,4,5,5,5,2,16,2,48,2,9,5,1,7,9,1,10,1,14,,44,,1,22,121.5710373,25.05142897
113,1,5,11,49,2,02萬華區,萬華區堤外便道與堤外便道口華中露營場出入口,0,0,2,1,B03,7,7,5,50,3,1,1,5,4,5,13,4,4,6,3,5,2,16,1,46,3,10,7,1,7,11,1,4,2,8,,10,,1,21,121.522171,25.04185485
113,1,5,11,49,2,02萬華區,萬華區堤外便道與堤外便道口華中露營場出入口,0,0,2,2,C03,7,7,5,50,3,1,1,5,4,5,13,4,4,6,3,5,2,16,1,69,2,9,5,1,7,9,1,10,2,11,,44,,1,21,121.522171,25.04185485
113,1,5,11,49,2,02萬華區,萬華區堤外便道與堤外便道口華中露營場出入口,0,0,2,3,H02,7,7,5,50,3,1,1,5,4,5,13,4,4,6,3,5,2,16,1,72,2,8,5,5,7,17,8,20,10,16,,67,,1,21,121.522171,25.04185485
113,1,5,11,50,2,12內湖區,內湖區新湖一路128巷36號,0,0,1,1,C03,8,6,5,50,14,9,1,5,4,5,13,4,4,5,5,5,2,10,1,27,3,10,6,1,7,1,1,10,1,11,,19,,1,21,121.5767337,25.0598119
113,1,5,11,50,2,12內湖區,內湖區新湖一路128巷36號,0,0,1,2,C03,8,6,5,50,14,9,1,5,4,5,13,4,4,5,5,5,2,10,1,27,2,9,6,1,7,9,1,10,1,11,,5,,1,21,121.5767337,25.0598119
113,1,5,11,59,2,07信義區,信義區吳興街7巷與松勤街口,0,0,1,2,C03,8,6,5,50,3,2,1,5,4,3,10,4,4,10,5,5,2,17,2,38,2,7,6,1,7,9,1,10,2,12,,44,,1,21,121.5596573,25.0321466
113,1,5,11,59,2,07信義區,信義區吳興街7巷與松勤街口,0,0,1,1,B03,8,6,5,50,3,2,1,5,4,3,10,4,4,10,5,5,2,17,1,46,3,10,7,1,7,1,1,8,2,8,,19,,1,21,121.5596573,25.0321466
113,1,5,11,59,2,07信義區,信義區吳興街7巷與松勤街口,0,0,1,3,B03,8,6,5,50,3,2,1,5,4,3,10,4,4,10,5,5,2,17,1,52,3,10,7,1,7,13,1,8,9,17,,38,,1,21,121.5596573,25.0321466
113,1,5,12,1,2,12內湖區,內湖區行善路48巷18號,0,0,1,1,B03,8,6,6,50,14,9,1,5,4,5,13,4,4,9,5,5,2,12,1,25,3,10,3,4,7,7,1,8,2,17,,47,,1,22,121.5752607,25.05723169
113,1,5,12,1,2,12內湖區,內湖區行善路48巷18號,0,0,1,2,C03,8,6,6,50,14,9,1,5,4,5,13,4,4,9,5,5,2,12,1,29,2,9,6,1,7,9,1,10,2,17,,108,,1,22,121.5752607,25.05723169
113,1,5,12,1,2,12內湖區,內湖區行善路48巷18號,0,0,1,3,B03,8,6,6,50,14,9,1,5,4,5,13,4,4,9,5,5,2,12,1,46,3,10,3,4,7,13,1,8,9,17,,38,,1,22,121.5752607,25.05723169
113,1,5,12,9,2,06松山區,松山區民權東路4段與三民路口,0,0,1,1,B02,8,5,5,40,4,18,1,5,4,5,13,2,1,1,3,4,2,3,1,45,3,10,7,1,7,6,1,4,1,2,,70,,1,21,121.5630307,25.0626735
113,1,5,12,9,2,06松山區,松山區民權東路4段與三民路口,0,0,1,2,H01,8,5,5,40,4,18,1,5,4,5,13,2,1,1,3,4,2,3,2,7,2,9,4,5,8,16,8,20,10,16,,67,,1,14,121.5630307,25.0626735
113,1,5,12,15,2,02萬華區,萬華區長順街與長順街14巷口,0,0,1,1,F01,8,6,5,0,4,2,1,5,4,5,13,4,4,9,4,5,1,17,2,76,2,8,2,4,7,9,8,20,1,14,,42,,1,22,121.4911118,25.03178215
113,1,5,12,15,2,02萬華區,萬華區長順街與長順街14巷口,0,0,1,2,C03,8,6,5,0,4,2,1,5,4,5,13,4,4,9,4,5,1,17,1,27,3,10,3,4,7,9,1,10,1,12,,13,,1,22,121.4911118,25.03178215
113,1,5,12,31,2,07信義區,信義區松仁路1號,0,0,1,1,C03,8,6,5,50,14,9,1,5,4,5,13,2,1,10,4,1,1,13,2,38,2,3,3,4,7,9,1,10,1,11,,16,,1,21,121.5685362,25.0407556
113,1,5,12,31,2,07信義區,信義區松仁路1號,0,0,1,2,B03,8,6,5,50,14,9,1,5,4,5,13,2,1,10,4,1,1,13,1,66,3,10,3,4,7,14,1,8,1,7,,44,,1,21,121.5685362,25.0407556
113,1,5,13,0,2,09北投區,北投區北投路1段與大興街口,0,0,1,1,B03,8,5,5,50,4,1,1,5,4,5,13,1,1,7,4,5,1,3,2,72,3,10,7,1,7,5,1,8,2,1,,70,,1,21,121.4996512,25.1301846
113,1,5,13,0,2,09北投區,北投區北投路1段與大興街口,0,0,1,2,H01,8,5,5,50,4,1,1,5,4,5,13,1,1,7,4,5,1,3,2,24,2,7,4,5,8,16,8,20,10,16,,67,,1,21,121.4996512,25.1301846
113,1,5,13,2,2,12內湖區,內湖區民權東路6段81巷與民權東路6段136巷口,0,0,2,1,C03,8,6,5,40,4,1,1,5,4,5,13,2,1,1,4,5,2,17,1,41,2,9,6,1,7,5,1,10,9,12,,74,,1,21,121.5878344,25.06902407
113,1,5,13,2,2,12內湖區,內湖區民權東路6段81巷與民權東路6段136巷口,0,0,2,2,C03,8,6,5,40,4,1,1,5,4,5,13,2,1,1,4,5,2,17,1,39,2,9,6,1,7,9,1,10,9,11,,44,,1,21,121.5878344,25.06902407
113,1,5,13,13,2,10文山區,文山區木柵路1段34號,0,0,1,1,C03,8,5,5,50,14,9,1,5,4,5,13,4,4,5,4,5,2,12,2,19,2,9,6,1,7,7,1,10,2,11,,100,,1,25,121.5466569,24.9868561
113,1,5,13,13,2,10文山區,文山區木柵路1段34號,0,0,1,2,B01,8,5,5,50,14,9,1,5,4,5,13,4,4,5,4,5,2,12,1,55,3,10,7,1,7,9,1,1,2,2,,44,,1,21,121.5466569,24.9868561
113,1,5,13,50,2,12內湖區,內湖區環山路3段與內湖路2段103巷口,0,0,2,1,B03,8,6,5,50,3,1,1,5,4,5,13,2,1,5,4,5,2,17,1,42,2,9,7,1,7,5,1,6,2,2,,80,,1,21,121.5809038,25.08469244
113,1,5,13,50,2,12內湖區,內湖區環山路3段與內湖路2段103巷口,0,0,2,2,C03,8,6,5,50,3,1,1,5,4,5,13,2,1,5,4,5,2,17,1,21,2,9,5,1,7,9,1,10,2,11,,44,,1,21,121.5809038,25.08469244
113,1,5,14,12,2,08士林區,士林區延平北路7段209-1號前,0,0,3,1,C03,8,6,5,50,14,9,1,5,4,5,13,4,4,9,4,5,2,13,1,55,2,3,6,1,7,4,1,10,1,11,,1,,1,21,121.4909495,25.1001945
113,1,5,14,12,2,08士林區,士林區延平北路7段209-1號前,0,0,3,2,C03,8,6,5,50,14,9,1,5,4,5,13,4,4,9,4,5,2,13,2,63,2,9,5,1,7,8,1,10,1,13,,4,,1,21,121.4909495,25.1001945
113,1,5,14,12,2,08士林區,士林區延平北路7段209-1號前,0,0,3,3,H02,8,6,5,50,14,9,1,5,4,5,13,4,4,9,4,5,2,13,1,6,2,9,6,5,7,21,8,20,10,17,,67,,1,21,121.4909495,25.1001945
113,1,5,14,53,2,03中山區,中山區民生東路1段70巷與新生北路2段62巷口,0,0,2,1,C03,8,5,5,30,4,1,1,5,4,5,13,4,4,10,3,5,1,15,1,25,2,9,6,1,7,9,1,10,1,12,,14,,1,21,121.5264018,25.0561921
113,1,5,14,53,2,03中山區,中山區民生東路1段70巷與新生北路2段62巷口,0,0,2,2,C03,8,5,5,30,4,1,1,5,4,5,13,4,4,10,3,5,1,15,1,60,2,9,6,1,7,9,1,10,1,11,,108,,1,21,121.5264018,25.0561921
113,1,5,15,1,2,08士林區,士林區承德路4段9巷與承德路4段口,0,0,2,1,C03,8,6,5,50,4,2,1,5,4,5,13,1,1,9,5,5,2,17,1,22,2,7,6,1,7,9,1,10,2,12,,17,,1,22,121.5217134,25.0794134
113,1,5,15,1,2,08士林區,士林區承德路4段9巷與承德路4段口,0,0,2,2,C03,8,6,5,50,4,2,1,5,4,5,13,1,1,9,5,5,2,17,2,53,2,9,6,1,7,5,1,10,2,14,,17,,1,22,121.5217134,25.0794134
113,1,5,15,20,2,01大同區,大同區鄭州路145號前迴轉道口,0,0,3,1,C03,8,6,5,40,14,9,1,5,4,5,13,4,4,9,5,5,2,13,1,18,3,10,5,4,7,11,1,10,1,13,,10,,1,21,121.5084201,25.0504424
113,1,5,15,20,2,01大同區,大同區鄭州路145號前迴轉道口,0,0,3,2,C03,8,6,5,40,14,9,1,5,4,5,13,4,4,9,5,5,2,13,1,68,2,8,5,4,7,9,1,10,1,11,,14,,1,21,121.5084201,25.0504424
113,1,5,15,20,2,01大同區,大同區鄭州路145號前迴轉道口,0,0,3,3,B03,8,6,5,40,14,9,1,5,4,5,13,4,4,9,5,5,2,13,1,31,3,10,7,4,7,9,1,8,1,1,,44,,1,21,121.5084201,25.0504424
113,1,5,15,20,2,01大同區,大同區鄭州路145號前迴轉道口,0,0,3,4,C03,8,6,5,40,14,9,1,5,4,5,13,4,4,9,5,5,2,13,1,44,2,9,5,4,7,9,1,10,1,11,,16,,1,21,121.5084201,25.0504424
113,1,5,15,20,2,01大同區,大同區鄭州路145號前迴轉道口,0,0,3,5,H02,8,6,5,40,14,9,1,5,4,5,13,4,4,9,5,5,2,13,2,43,2,8,5,5,7,20,8,20,10,16,,67,,1,21,121.5084201,25.0504424
113,1,5,15,30,2,08士林區,士林區至善路2段34號與至善路2段口中影前,0,0,1,1,B12,7,7,5,50,4,1,1,5,4,5,13,2,1,1,4,4,1,17,1,25,3,10,7,1,7,6,1,8,2,2,,9,,1,21,121.5442265,25.09703327
113,1,5,15,30,2,08士林區,士林區至善路2段34號與至善路2段口中影前,0,0,1,2,C03,7,7,5,50,4,1,1,5,4,5,13,2,1,1,4,4,1,17,1,56,2,9,5,1,7,9,1,10,2,14,,44,,1,23,121.5442265,25.09703327
113,1,5,15,42,2,05中正區,中正區中山南路(景通停車場前),0,0,1,1,C03,8,6,5,50,14,9,1,5,4,1,13,2,1,3,4,3,2,13,2,28,2,9,6,1,7,9,1,10,2,11,,16,,1,21,121.5183188,25.0416587
113,1,5,15,42,2,05中正區,中正區中山南路(景通停車場前),0,0,1,2,B02,8,6,5,50,14,9,1,5,4,1,13,2,1,3,4,3,2,13,1,50,3,10,7,1,7,12,1,15,2,6,,44,,1,21,121.5183188,25.0416587
113,1,5,15,42,2,05中正區,中正區中山南路(景通停車場前),0,0,1,3,B03,8,6,5,50,14,9,1,5,4,1,13,2,1,3,4,3,2,13,2,52,3,10,7,1,7,7,1,8,1,17,,100,,2,21,121.5183188,25.0416587
113,1,5,16,14,2,08士林區,士林區中山北路6段與中山北路6段195巷口,0,0,1,1,B03,8,6,5,50,4,1,1,5,4,5,13,1,1,1,4,5,1,16,1,50,3,10,3,4,7,5,1,8,2,5,,85,,1,22,121.5250485,25.10789796
113,1,5,16,14,2,08士林區,士林區中山北路6段與中山北路6段195巷口,0,0,1,2,C03,8,6,5,50,4,1,1,5,4,5,13,1,1,1,4,5,1,16,1,62,2,8,3,4,7,9,1,10,2,11,,44,,1,22,121.5250485,25.10789796
113,1,5,16,20,2,12內湖區,內湖區瑞光路356號,0,0,1,1,B02,7,6,5,50,14,9,1,5,4,5,13,4,4,4,4,5,1,16,1,73,3,10,7,1,7,6,1,8,2,2,,9,,1,21,121.5730996,25.07713396
113,1,5,16,20,2,12內湖區,內湖區瑞光路356號,0,0,1,2,C03,7,6,5,50,14,9,1,5,4,5,13,4,4,4,4,5,1,16,1,34,2,8,5,1,7,9,1,10,2,14,,44,,1,21,121.5730996,25.07713396
113,1,5,16,35,2,12內湖區,內湖區成功路3段與文德路口,0,0,1,1,C03,8,6,5,50,3,1,1,5,4,5,13,1,1,1,5,5,2,16,1,68,3,10,6,1,7,8,1,10,2,12,,100,,1,21,121.5895344,25.07935802
113,1,5,16,35,2,12內湖區,內湖區成功路3段與文德路口,0,0,1,2,C03,8,6,5,50,3,1,1,5,4,5,13,1,1,1,5,5,2,16,1,32,2,9,6,1,7,9,1,10,2,14,,44,,1,21,121.5895344,25.07935802
113,1,5,16,54,2,04大安區,大安區基隆路2段233號與基隆路2段口,0,0,1,1,C02,8,6,5,50,14,9,1,5,4,5,13,4,4,10,4,5,2,29,1,28,2,9,6,1,7,7,1,9,1,14,,108,,1,21,121.5504918,25.0225149
113,1,5,16,54,2,04大安區,大安區基隆路2段233號與基隆路2段口,0,0,1,2,,8,6,5,50,14,9,1,5,4,5,13,4,4,10,4,5,2,29,3,0,,,,,,,,,,,,67,,1,,121.5504918,25.0225149
113,1,5,16,57,2,09北投區,北投區中央北路4段220號,0,0,1,1,B12,7,6,5,50,14,9,1,5,4,5,13,4,4,4,4,5,2,16,1,65,3,10,7,1,7,11,1,8,2,4,,10,,1,21,121.4741986,25.1320425
113,1,5,16,57,2,09北投區,北投區中央北路4段220號,0,0,1,2,C03,7,6,5,50,14,9,1,5,4,5,13,4,4,4,4,5,2,16,1,68,2,9,5,1,7,12,1,10,2,14,,44,,1,21,121.4741986,25.1320425
113,1,5,17,34,2,04大安區,大安區信義路2段246號,0,0,1,1,B12,8,5,5,50,14,9,1,5,4,5,13,2,1,10,4,5,2,12,1,47,3,10,7,1,7,8,1,8,1,6,,100,,1,22,121.5322968,25.0335288
113,1,5,17,34,2,04大安區,大安區信義路2段246號,0,0,1,2,C03,8,5,5,50,14,9,1,5,4,5,13,2,1,10,4,5,2,12,1,41,2,9,5,1,7,9,1,10,1,14,,44,,1,22,121.5322968,25.0335288
113,1,5,17,42,2,03中山區,中山區民族東路538號,0,0,1,1,C03,8,5,5,50,14,9,1,5,4,5,13,3,1,1,3,5,1,16,2,39,2,8,6,1,7,5,1,10,1,12,,74,,1,21,121.5432823,25.0671956
113,1,5,17,42,2,03中山區,中山區民族東路538號,0,0,1,2,C03,8,5,5,50,14,9,1,5,4,5,13,3,1,1,3,5,1,16,2,37,3,10,6,1,7,9,1,10,1,11,,44,,1,21,121.5432823,25.0671956
113,1,5,17,58,2,09北投區,北投區中和街40-3號,0,0,1,1,B03,8,5,5,50,14,9,1,5,4,5,13,4,4,7,4,5,1,12,2,53,3,10,7,1,7,9,1,8,2,5,,118,,1,21,121.5027132,25.1385196
113,1,5,17,58,2,09北投區,北投區中和街40-3號,0,0,1,2,C03,8,5,5,50,14,9,1,5,4,5,13,4,4,7,4,5,1,12,2,53,2,8,6,1,7,9,1,10,2,14,,118,,1,21,121.5027132,25.1385196
113,1,5,18,0,2,08士林區,士林區承德路5段與士商路口,0,0,1,1,B03,8,5,5,50,4,1,1,5,4,5,13,1,1,9,4,4,1,17,2,34,3,10,7,1,7,6,1,8,2,2,,9,,1,21,121.514134,25.09610304
113,1,5,18,0,2,08士林區,士林區承德路5段與士商路口,0,0,1,2,C03,8,5,5,50,4,1,1,5,4,5,13,1,1,9,4,4,1,17,1,16,2,1,6,1,7,9,2,18,2,11,,44,,1,21,121.514134,25.09610304
113,1,5,18,0,2,07信義區,信義區基隆路2段與嘉興街216巷口口,0,0,1,1,B03,7,5,5,50,4,1,1,5,4,5,13,1,1,1,4,5,2,17,1,41,3,10,7,1,7,9,1,8,1,5,,16,,1,22,121.5560144,25.0273443
113,1,5,18,0,2,07信義區,信義區基隆路2段與嘉興街216巷口口,0,0,1,2,C03,7,5,5,50,4,1,1,5,4,5,13,1,1,1,4,5,2,17,1,40,2,9,6,1,7,5,1,10,1,13,,17,,1,22,121.5560144,25.0273443
113,1,5,18,13,2,03中山區,中山區長安東路2段與吉林路口,0,0,1,1,C03,8,5,5,50,5,1,1,5,4,5,13,1,1,5,4,5,2,16,2,47,2,8,3,4,7,8,1,10,1,14,,100,,1,21,121.5299652,25.0485516
113,1,5,18,13,2,03中山區,中山區長安東路2段與吉林路口,0,0,1,2,B03,8,5,5,50,5,1,1,5,4,5,13,1,1,5,4,5,2,16,2,50,3,10,3,4,7,9,1,8,1,5,,44,,1,21,121.5299652,25.0485516
113,1,5,18,26,2,10文山區,文山區辛亥路4段與辛亥路4段166巷口,0,0,1,1,B03,8,5,5,50,3,1,1,5,4,5,13,2,1,1,4,5,2,12,1,52,3,10,7,1,7,4,1,8,1,2,,108,,1,21,121.5563678,25.0037839
113,1,5,18,26,2,10文山區,文山區辛亥路4段與辛亥路4段166巷口,0,0,1,2,C03,8,5,5,50,3,1,1,5,4,5,13,2,1,1,4,5,2,12,1,75,2,9,6,1,7,7,1,10,1,14,,100,,1,21,121.5563678,25.0037839
113,1,5,18,40,2,04大安區,大安區復興南路2段353號,0,0,1,1,C03,8,5,5,40,14,8,1,5,4,5,13,4,4,1,4,4,1,13,1,31,2,8,5,1,7,9,1,10,1,11,,107,,1,21,121.5434849,25.02315502
113,1,5,18,40,2,04大安區,大安區復興南路2段353號,0,0,1,2,B03,8,5,5,40,14,8,1,5,4,5,13,4,4,1,4,4,1,13,2,44,3,10,3,4,7,14,1,8,1,7,,38,,1,21,121.5434849,25.02315502
113,1,5,18,45,2,03中山區,中山區民權東路3段與建國北路2段口,0,0,1,1,B02,8,5,5,50,4,1,1,5,4,5,13,1,1,1,3,5,1,16,2,67,3,10,7,1,7,6,1,8,1,5,,9,,1,21,121.5372774,25.0622792