發生年度,發生月,發生日,發生時-Hours,發生分,處理別-編號,區序,肇事地點,死亡人數,2-30日死亡人數,受傷人數,當事人序號,車種,天候,道路照明設備,道路類別,速限-速度限制,道路型態,事故位置,路面狀況1,路面狀況2,路面狀況3,道路障礙1,道路障礙2,號誌1,號誌2,車道劃分-分向,車道劃分-分道1,車道劃分-分道2,車道劃分-分道3,事故類型及型態,性別,年齡,受傷程度,主要傷處,保護裝置,行動電話,車輛用途,當事者行動狀態,駕駛資格情形,駕駛執照種類,飲酒情形,車輛撞擊部位1,車輛撞擊部位2,肇因碼-個別,肇因碼-主要,個人肇逃否,職業,座標-X,座標-Y
113,1,5,18,45,2,03中山區,中山區民權東路3段與建國北路2段口,0,0,1,2,C03,8,5,5,50,4,1,1,5,4,5,13,1,1,1,3,5,1,16,1,22,2,9,6,1,7,9,1,10,1,14,,107,,1,21,121.5372774,25.0622792
113,1,5,19,24,2,06松山區,松山區塔悠路與南京東路5段口,0,0,1,1,C03,8,6,6,50,5,1,1,5,4,5,13,2,1,1,2,5,2,16,2,33,2,9,6,4,7,9,1,9,1,12,,107,,1,21,121.5704126,25.05143983
113,1,5,19,24,2,06松山區,松山區塔悠路與南京東路5段口,0,0,1,2,B03,8,6,6,50,5,1,1,5,4,5,13,2,1,1,2,5,2,16,1,46,3,10,7,4,7,5,1,8,1,8,,8,,1,21,121.5704126,25.05143983
113,1,5,21,0,2,04大安區,大安區仁愛路4段與敦化南路1段口,0,0,1,1,B02,8,6,5,50,4,1,1,5,4,5,13,1,1,1,4,5,2,16,2,63,3,10,7,1,7,5,1,8,1,8,,44,,1,21,121.5479696,25.0377645
113,1,5,21,0,2,04大安區,大安區仁愛路4段與敦化南路1段口,0,0,1,2,C03,8,6,5,50,4,1,1,5,4,5,13,1,1,1,4,5,2,16,1,38,3,10,6,1,7,9,1,10,1,12,,44,,1,21,121.5479696,25.0377645
113,1,5,21,0,2,04大安區,大安區仁愛路4段與敦化南路1段口,0,0,1,3,H02,8,6,5,50,4,1,1,5,4,5,13,1,1,1,4,5,2,16,2,33,2,9,6,5,7,21,8,20,10,16,,67,,1,22,121.5479696,25.0377645
113,1,5,21,10,2,04大安區,大安區信義路4段與信義路4段400巷口,0,0,1,1,B03,8,5,5,50,3,2,1,5,4,5,13,4,4,9,4,5,1,16,1,33,3,10,3,4,7,6,1,8,1,2,,17,,1,21,121.5565745,25.0329959
113,1,5,21,10,2,04大安區,大安區信義路4段與信義路4段400巷口,0,0,1,2,C03,8,5,5,50,3,2,1,5,4,5,13,4,4,9,4,5,1,16,1,49,2,8,5,1,7,9,1,10,1,11,,108,,1,21,121.5565745,25.0329959
113,1,5,21,20,2,07信義區,信義區忠孝東路5段222號,0,0,1,1,B01,8,5,5,50,14,9,1,5,4,5,13,4,4,3,4,5,2,13,1,46,3,10,3,4,7,9,1,4,1,1,,108,,1,21,121.5716872,25.0408728
113,1,5,21,20,2,07信義區,信義區忠孝東路5段222號,0,0,1,2,F01,8,5,5,50,14,9,1,5,4,5,13,4,4,3,4,5,2,13,2,75,2,9,3,4,7,9,8,20,1,13,,44,,1,21,121.5716872,25.0408728
113,1,5,21,50,2,03中山區,中山區長春路137巷與松江路170巷口,0,0,1,1,B03,8,5,5,30,5,1,1,5,4,5,13,4,4,5,5,5,2,17,1,26,3,10,3,4,7,5,1,8,1,8,,14,,1,22,121.5315586,25.0560388
113,1,5,21,50,2,03中山區,中山區長春路137巷與松江路170巷口,0,0,1,2,C03,8,5,5,30,5,1,1,5,4,5,13,4,4,5,5,5,2,17,2,32,2,8,6,1,7,14,1,10,1,11,,44,,1,21,121.5315586,25.0560388
113,1,5,21,52,2,03中山區,中山區市民大道2段與林森北路口,0,0,2,1,C03,8,5,5,40,14,9,1,5,4,5,13,1,1,1,4,5,2,16,1,48,2,9,3,4,7,5,1,10,1,14,,8,,1,21,121.5240482,25.0478979
113,1,5,21,52,2,03中山區,中山區市民大道2段與林森北路口,0,0,2,2,B03,8,5,5,40,14,9,1,5,4,5,13,1,1,1,4,5,2,16,1,25,3,10,3,4,7,9,1,8,1,5,,44,,1,21,121.5240482,25.0478979
113,1,5,21,52,2,03中山區,中山區市民大道2段與林森北路口,0,0,2,3,H02,8,5,5,40,14,9,1,5,4,5,13,1,1,1,4,5,2,16,2,48,2,9,3,5,7,20,8,20,10,16,,67,,1,21,121.5240482,25.0478979
113,1,5,21,58,2,12內湖區,內湖區新湖一路與新湖二路191巷附近口,0,0,1,1,B01,8,5,5,50,14,9,1,5,4,5,13,4,4,5,4,5,2,13,1,39,4,11,3,4,7,1,7,19,11,15,,44,,2,22,121.5798196,25.06064861
113,1,5,21,58,2,12內湖區,內湖區新湖一路與新湖二路191巷附近口,0,0,1,2,C03,8,5,5,50,14,9,1,5,4,5,13,4,4,5,4,5,2,13,1,26,2,8,6,1,7,9,1,10,1,11,,108,,1,21,121.5798196,25.06064861
113,1,5,21,58,2,12內湖區,內湖區新湖一路與新湖二路191巷附近口,0,0,1,3,B03,8,5,5,50,14,9,1,5,4,5,13,4,4,5,4,5,2,13,1,28,3,10,7,1,7,14,3,18,1,7,,38,,1,21,121.5798196,25.06064861
113,1,5,22,9,2,04大安區,大安區忠孝東路4段223巷與忠孝東路4段口口,0,0,1,2,F01,8,5,5,50,4,1,1,5,4,5,13,2,1,1,4,5,2,16,2,35,2,8,4,1,7,11,8,20,9,11,,11,,1,21,121.5530102,25.0416056
113,1,5,22,9,2,04大安區,大安區忠孝東路4段223巷與忠孝東路4段口口,0,0,1,1,B03,8,5,5,50,4,1,1,5,4,5,13,2,1,1,4,5,2,16,1,23,3,10,7,1,7,6,1,8,9,2,,44,,1,21,121.5530102,25.0416056
113,1,5,22,31,2,03中山區,中山區中山北路2段71號,0,0,1,1,C03,7,5,5,50,14,9,1,5,4,5,13,4,4,1,4,5,2,13,1,18,2,9,3,4,7,9,3,18,1,11,,108,,1,21,121.5229106,25.056676
113,1,5,22,31,2,03中山區,中山區中山北路2段71號,0,0,1,2,B03,7,5,5,50,14,9,1,5,4,5,13,4,4,1,4,5,2,13,1,27,3,10,3,4,7,7,1,8,1,3,,100,,1,21,121.5229106,25.056676
113,1,5,22,55,2,05中正區,中正區羅斯福路4段與基隆路4段口,0,0,1,1,B02,8,5,5,50,5,1,1,5,4,5,13,1,1,1,4,5,2,16,2,20,3,10,7,1,7,5,1,8,1,8,,8,,1,21,121.536981,25.0112564
113,1,5,22,55,2,05中正區,中正區羅斯福路4段與基隆路4段口,0,0,1,2,C03,8,5,5,50,5,1,1,5,4,5,13,1,1,1,4,5,2,16,1,37,2,9,5,1,7,9,1,10,1,12,,87,,1,21,121.536981,25.0112564
113,1,5,23,21,2,02萬華區,萬華區萬大路與萬大路329巷口,0,0,3,1,C03,8,5,5,30,4,1,1,5,4,5,13,1,1,2,4,5,2,17,1,24,2,9,5,1,7,5,1,10,2,12,,71,,1,21,121.5002584,25.02417489
113,1,5,23,21,2,02萬華區,萬華區萬大路與萬大路329巷口,0,0,3,2,C03,8,5,5,30,4,1,1,5,4,5,13,1,1,2,4,5,2,17,1,26,2,9,5,1,7,9,1,10,2,11,,44,,1,21,121.5002584,25.02417489
113,1,5,23,21,2,02萬華區,萬華區萬大路與萬大路329巷口,0,0,3,3,H02,8,5,5,30,4,1,1,5,4,5,13,1,1,2,4,5,2,17,2,22,2,9,5,5,7,20,8,20,10,16,,67,,1,21,121.5002584,25.02417489
113,1,5,23,24,2,03中山區,中山區松江路與長安東路2段口,0,0,2,1,C03,7,5,5,50,4,1,1,5,4,5,12,1,1,1,4,5,2,15,2,22,2,9,3,4,7,9,1,10,1,12,,108,,1,21,121.5328897,25.048577
113,1,5,23,24,2,03中山區,中山區松江路與長安東路2段口,0,0,2,2,C03,7,5,5,50,4,1,1,5,4,5,12,1,1,1,4,5,2,15,2,26,2,9,3,4,7,9,1,10,1,11,,44,,1,21,121.5328897,25.048577
113,1,5,23,49,2,02萬華區,萬華區艋舺大道與西園路1段口,0,0,1,1,B03,8,5,6,50,4,1,1,5,4,5,13,2,1,1,4,5,2,17,1,54,3,10,7,1,7,6,1,8,2,2,,9,,1,23,121.4979259,25.03324332
113,1,5,23,49,2,02萬華區,萬華區艋舺大道與西園路1段口,0,0,1,2,C03,8,5,6,50,4,1,1,5,4,5,13,2,1,1,4,5,2,17,1,21,2,8,6,1,7,9,1,10,2,14,,44,,1,21,121.4979259,25.03324332
113,1,6,0,30,2,04大安區,大安區信義路3段與建國南路1段口,0,0,5,1,B03,8,7,5,50,4,1,1,5,4,5,13,1,1,9,4,5,2,16,1,29,2,7,3,4,7,5,3,18,1,1,,98,,1,21,121.5379729,25.0335651
113,1,6,0,30,2,04大安區,大安區信義路3段與建國南路1段口,0,0,5,2,B01,8,7,5,50,4,1,1,5,4,5,13,1,1,9,4,5,2,16,1,43,2,7,3,4,7,9,1,4,1,2,,44,,1,21,121.5379729,25.0335651
113,1,6,0,30,2,04大安區,大安區信義路3段與建國南路1段口,0,0,5,3,H02,8,7,5,50,4,1,1,5,4,5,13,1,1,9,4,5,2,16,1,22,2,9,3,5,7,21,8,20,10,16,,67,,1,21,121.5379729,25.0335651
113,1,6,0,30,2,04大安區,大安區信義路3段與建國南路1段口,0,0,5,4,H02,8,7,5,50,4,1,1,5,4,5,13,1,1,9,4,5,2,16,1,29,2,9,3,5,7,21,8,20,10,16,,67,,1,21,121.5379729,25.0335651
113,1,6,0,30,2,04大安區,大安區信義路3段與建國南路1段口,0,0,5,5,H02,8,7,5,50,4,1,1,5,4,5,13,1,1,9,4,5,2,16,1,31,2,9,3,5,7,21,8,20,10,16,,67,,1,21,121.5379729,25.0335651
113,1,6,0,34,2,05中正區,中正區市民大道3段與金山北路1段口,0,0,1,1,B03,7,5,5,40,4,1,1,5,4,5,13,1,1,1,4,1,2,16,1,18,3,10,7,1,7,8,1,8,2,5,,100,,1,21,121.53085,25.04586833
113,1,6,0,34,2,05中正區,中正區市民大道3段與金山北路1段口,0,0,1,2,C03,7,5,5,40,4,1,1,5,4,5,13,1,1,1,4,1,2,16,2,21,2,9,5,1,7,9,1,10,2,14,,44,,1,21,121.53085,25.04586833
113,1,6,6,6,2,12內湖區,內湖區內湖路1段與港墘路口,0,0,2,1,B03,8,5,5,50,4,1,1,5,4,5,13,1,1,1,3,1,1,15,2,27,2,9,3,4,7,15,1,8,2,8,,85,,1,22,121.5768842,25.07945386
113,1,6,6,6,2,12內湖區,內湖區內湖路1段與港墘路口,0,0,2,2,C03,8,5,5,50,4,1,1,5,4,5,13,1,1,1,3,1,1,15,1,47,2,9,3,4,7,9,6,18,9,14,,44,,1,22,121.5768842,25.07945386
113,1,6,7,3,2,03中山區,中山區吉林路與吉林路199巷口,0,0,2,1,C03,8,6,5,30,3,1,1,5,4,5,13,4,4,5,4,4,2,15,1,21,2,9,3,4,7,9,1,10,2,11,,72,,1,21,121.530286,25.059933
113,1,6,7,3,2,03中山區,中山區吉林路與吉林路199巷口,0,0,2,2,C03,8,6,5,30,3,1,1,5,4,5,13,4,4,5,4,4,2,15,1,42,2,9,3,4,7,9,1,10,2,11,,14,,1,21,121.530286,25.059933
113,1,6,7,37,2,04大安區,大安區仁愛路3段與新生南路1段口口,0,0,1,1,B13,8,6,5,50,4,1,1,5,4,5,13,2,1,3,4,5,2,17,1,31,3,10,7,1,7,6,1,15,1,6,,86,,1,22,121.5329359,25.0379604
113,1,6,7,37,2,04大安區,大安區仁愛路3段與新生南路1段口口,0,0,1,2,C03,8,6,5,50,4,1,1,5,4,5,13,2,1,3,4,5,2,17,2,46,2,9,5,1,7,9,1,10,1,11,,44,,1,22,121.5329359,25.0379604
113,1,6,7,53,2,04大安區,大安區市民大道4段190號與市民大道4段口,0,0,2,1,C03,8,6,5,40,3,1,1,5,4,5,13,1,1,1,4,1,2,17,1,62,2,9,6,1,7,5,1,10,1,13,,44,,1,21,121.5541994,25.0443426
113,1,6,7,53,2,04大安區,大安區市民大道4段190號與市民大道4段口,0,0,2,2,C03,8,6,5,40,3,1,1,5,4,5,13,1,1,1,4,1,2,17,1,20,2,9,6,1,7,9,1,10,1,11,,44,,1,21,121.5541994,25.0443426
113,1,6,8,0,2,10文山區,文山區和平東路4段031路燈,0,0,1,1,C03,8,5,5,40,14,9,1,5,4,5,13,4,4,9,4,5,1,13,2,67,2,9,5,1,7,9,1,10,1,11,,108,,1,21,121.5724057,25.00142472
113,1,6,8,0,2,10文山區,文山區和平東路4段031路燈,0,0,1,2,B03,8,5,5,40,14,9,1,5,4,5,13,4,4,9,4,5,1,13,2,57,3,10,7,1,7,13,1,8,1,3,,44,,1,21,121.5724057,25.00142472
113,1,6,8,58,2,03中山區,中山區五常街與龍江路口,0,0,1,1,B03,8,6,5,50,4,2,1,5,4,5,13,2,1,5,5,5,2,3,1,37,3,10,7,1,7,5,1,8,2,8,,70,,1,21,121.5410229,25.064286
113,1,6,8,58,2,03中山區,中山區五常街與龍江路口,0,0,1,2,H01,8,6,5,50,4,2,1,5,4,5,13,2,1,5,5,5,2,3,2,61,2,9,4,5,8,16,8,20,10,16,,67,,1,21,121.5410229,25.064286
113,1,6,9,20,2,08士林區,士林區德行東路90巷與德行東路90巷33弄口,0,0,3,1,C03,8,6,5,30,4,1,1,5,4,5,13,4,4,10,5,5,2,15,2,37,2,9,6,1,7,9,1,10,1,11,,72,,1,21,121.5281248,25.1059956
113,1,6,9,20,2,08士林區,士林區德行東路90巷與德行東路90巷33弄口,0,0,3,2,C04,8,6,5,30,4,1,1,5,4,5,13,4,4,10,5,5,2,15,1,42,2,9,6,1,7,9,1,11,1,14,,108,,1,21,121.5281248,25.1059956
113,1,6,9,20,2,08士林區,士林區德行東路90巷與德行東路90巷33弄口,0,0,3,3,H02,8,6,5,30,4,1,1,5,4,5,13,4,4,10,5,5,2,15,2,6,2,8,5,5,7,20,8,20,10,16,,67,,1,14,121.5281248,25.1059956
113,1,6,9,20,2,08士林區,士林區德行東路90巷與德行東路90巷33弄口,0,0,3,4,H02,8,6,5,30,4,1,1,5,4,5,13,4,4,10,5,5,2,15,2,3,3,10,6,5,7,20,8,20,10,16,,67,,1,24,121.5281248,25.1059956
113,1,6,9,30,2,07信義區,信義區吳興街220巷與吳興街口側附近口,0,0,1,2,C03,8,7,5,50,4,2,1,5,4,5,13,2,1,5,5,5,2,12,1,24,2,7,5,1,7,13,1,10,1,14,,44,,1,21,121.5630332,25.0276067
113,1,6,9,30,2,07信義區,信義區吳興街220巷與吳興街口側附近口,0,0,1,1,A05,8,7,5,50,4,2,1,5,4,5,13,2,1,5,5,5,2,12,1,59,4,11,3,4,7,8,7,19,11,15,,100,,2,22,121.5630332,25.0276067
113,1,6,9,50,2,09北投區,北投區承德路7段141號,0,0,1,1,F01,8,7,5,50,14,9,1,5,4,5,13,4,4,1,4,5,2,17,2,28,2,9,3,4,7,15,8,20,1,14,,42,,1,22,121.5085915,25.1128466
113,1,6,9,50,2,09北投區,北投區承德路7段141號,0,0,1,2,B03,8,7,5,50,14,9,1,5,4,5,13,4,4,1,4,5,2,17,2,38,3,10,3,4,7,1,1,8,1,17,,19,,1,21,121.5085915,25.1128466
113,1,6,10,0,2,12內湖區,內湖區金湖路363巷與金湖路口,0,0,1,1,B03,8,6,5,50,3,1,1,5,4,5,13,4,4,1,5,5,2,16,1,27,3,10,7,1,7,6,1,8,2,5,,9,,1,21,121.6016928,25.07415773
113,1,6,10,0,2,12內湖區,內湖區金湖路363巷與金湖路口,0,0,1,2,C03,8,6,5,50,3,1,1,5,4,5,13,4,4,1,5,5,2,16,2,57,2,9,6,1,7,9,1,10,2,14,,108,,1,21,121.6016928,25.07415773
113,1,6,10,19,2,07信義區,信義區松信路67號,0,0,2,1,B03,8,6,5,50,14,9,1,5,4,5,13,4,4,8,3,5,2,17,1,63,3,10,3,4,7,1,1,8,1,8,,19,,1,22,121.5721485,25.0465958
113,1,6,10,19,2,07信義區,信義區松信路67號,0,0,2,2,C03,8,6,5,50,14,9,1,5,4,5,13,4,4,8,3,5,2,17,2,38,2,9,3,4,7,9,1,10,1,11,,13,,1,21,121.5721485,25.0465958
113,1,6,10,19,2,07信義區,信義區松信路67號,0,0,2,3,H02,8,6,5,50,14,9,1,5,4,5,13,4,4,8,3,5,2,17,1,4,2,1,3,5,7,20,8,20,10,16,,67,,1,22,121.5721485,25.0465958
113,1,6,10,25,2,06松山區,松山區光復南路與八德路4段口,0,0,1,1,C03,7,7,5,50,14,9,1,5,4,5,13,4,4,1,3,5,2,16,1,79,3,10,5,1,7,7,1,10,1,17,,100,,1,21,121.557867,25.0480174
113,1,6,10,25,2,06松山區,松山區光復南路與八德路4段口,0,0,1,2,C03,7,7,5,50,14,9,1,5,4,5,13,4,4,1,3,5,2,16,2,49,2,9,6,1,7,9,1,10,1,11,,44,,1,21,121.557867,25.0480174
113,1,6,10,40,2,10文山區,文山區指南路1段10號,0,0,1,1,B03,8,5,5,50,14,9,1,5,4,5,13,4,4,9,5,5,2,17,1,45,2,7,7,1,7,13,1,8,1,4,,40,,1,21,121.5690314,24.98765623
113,1,6,10,40,2,10文山區,文山區指南路1段10號,0,0,1,2,B01,8,5,5,50,14,9,1,5,4,5,13,4,4,9,5,5,2,17,1,61,3,10,7,1,7,9,1,4,1,6,,44,,1,21,121.5690314,24.98765623
113,1,6,10,48,2,02萬華區,萬華區昆明街與洛陽停車場口出入口前,0,0,1,1,C03,8,6,5,50,4,2,1,5,4,5,13,4,4,9,4,5,1,17,2,60,2,8,3,4,7,1,1,10,1,12,,19,,1,22,121.5063741,25.04855756
113,1,6,10,48,2,02萬華區,萬華區昆明街與洛陽停車場口出入口前,0,0,1,2,B12,8,6,5,50,4,2,1,5,4,5,13,4,4,9,4,5,1,17,1,40,3,10,3,4,7,9,1,8,1,8,,42,,1,22,121.5063741,25.04855756
113,1,6,10,55,2,08士林區,士林區延平北路8段157巷46弄18號堤外自行車道,0,0,1,1,,8,7,5,40,14,23,1,5,4,5,13,4,4,9,5,5,2,17,4,0,,,,,,,,,,,,119,,2,,121.4808484,25.10380662
113,1,6,10,55,2,08士林區,士林區延平北路8段157巷46弄18號堤外自行車道,0,0,1,2,F01,8,7,5,40,14,23,1,5,4,5,13,4,4,9,5,5,2,17,2,18,2,9,2,1,7,9,8,20,1,14,,44,,1,21,121.4808484,25.10380662
113,1,6,10,55,2,10文山區,文山區辛亥路4段110號,0,0,3,1,B12,8,6,5,50,14,9,1,5,4,5,13,4,4,1,4,5,2,13,1,48,2,9,7,1,7,9,1,8,2,5,,108,,1,21,121.5573893,25.0055992
113,1,6,10,55,2,10文山區,文山區辛亥路4段110號,0,0,3,2,B03,8,6,5,50,14,9,1,5,4,5,13,4,4,1,4,5,2,13,1,20,2,1,7,1,5,15,1,17,2,7,,44,,1,21,121.5573893,25.0055992
113,1,6,10,55,2,10文山區,文山區辛亥路4段110號,0,0,3,3,H02,8,6,5,50,14,9,1,5,4,5,13,4,4,1,4,5,2,13,1,59,2,1,7,5,5,20,8,20,10,16,,67,,1,21,121.5573893,25.0055992
113,1,6,11,1,2,10文山區,文山區萬美街1段與萬樂街口,0,0,1,1,C03,8,6,5,40,3,1,1,5,4,5,13,3,1,5,5,5,1,17,2,27,2,9,3,4,7,6,1,10,1,11,,72,,1,22,121.5655586,25.0014557
113,1,6,11,1,2,10文山區,文山區萬美街1段與萬樂街口,0,0,1,2,B12,8,6,5,40,3,1,1,5,4,5,13,3,1,5,5,5,1,17,1,42,3,10,3,4,7,9,1,8,1,6,,14,,1,22,121.5655586,25.0014557
113,1,6,11,7,2,10文山區,文山區木新路3段22號前,0,0,1,1,B03,8,6,5,50,14,8,1,5,4,5,13,4,4,5,4,4,2,3,1,53,3,10,7,1,7,9,3,18,2,4,,70,,1,21,121.5648724,24.98264467
113,1,6,11,7,2,10文山區,文山區木新路3段22號前,0,0,1,2,H01,8,6,5,50,14,8,1,5,4,5,13,4,4,5,4,4,2,3,1,81,2,3,4,5,8,16,8,20,10,16,,67,,1,21,121.5648724,24.98264467
113,1,6,11,7,2,10文山區,文山區木新路3段22號前,0,0,1,3,B01,8,6,5,50,14,8,1,5,4,5,13,4,4,5,4,4,2,3,1,49,3,10,7,1,7,14,1,4,2,4,,44,,1,21,121.5648724,24.98264467
113,1,6,11,17,2,04大安區,大安區建國南路2段308巷與建國南路2段口,0,0,1,1,B03,8,5,5,30,3,1,1,5,4,5,13,4,4,10,5,5,2,15,1,33,3,10,7,1,7,9,1,8,1,8,,80,,1,21,121.5444994,25.03754272
113,1,6,11,17,2,04大安區,大安區建國南路2段308巷與建國南路2段口,0,0,1,2,F02,8,5,5,30,3,1,1,5,4,5,13,4,4,10,5,5,2,15,2,41,2,8,4,1,7,1,8,20,1,11,,19,,1,21,121.5444994,25.03754272
113,1,6,11,29,2,12內湖區,內湖區康寧路3段220號前,0,0,1,1,C03,8,6,5,50,14,9,1,5,4,5,13,1,1,1,5,5,2,17,1,51,3,10,6,1,7,7,1,10,2,15,,100,,1,21,121.6104853,25.0664602
113,1,6,11,29,2,12內湖區,內湖區康寧路3段220號前,0,0,1,2,C03,8,6,5,50,14,9,1,5,4,5,13,1,1,1,5,5,2,17,2,61,2,9,6,1,7,9,1,10,2,12,,44,,1,21,121.6104853,25.0664602
113,1,6,11,29,2,12內湖區,內湖區康寧路3段220號前,0,0,1,3,B01,8,6,5,50,14,9,1,5,4,5,13,1,1,1,5,5,2,17,1,62,3,10,7,1,7,14,1,4,2,2,,44,,1,21,121.6104853,25.0664602
113,1,6,11,44,2,07信義區,信義區基隆路1段98號與東興路口,0,0,1,1,B03,8,7,5,50,14,9,1,5,4,3,13,1,1,9,4,5,2,13,2,64,3,10,7,1,7,1,1,8,1,1,,19,,1,21,121.5671235,25.0459142
113,1,6,11,44,2,07信義區,信義區基隆路1段98號與東興路口,0,0,1,2,C03,8,7,5,50,14,9,1,5,4,3,13,1,1,9,4,5,2,13,1,42,2,7,5,1,7,14,1,10,1,13,,44,,1,21,121.5671235,25.0459142
113,1,6,12,28,2,12內湖區,內湖區民權大橋東往西,0,0,2,1,C03,8,6,5,30,8,11,1,5,4,5,13,4,4,2,4,4,1,18,1,33,2,9,5,1,7,9,1,10,1,12,,42,,1,21,121.5719929,25.06479946
113,1,6,12,28,2,12內湖區,內湖區民權大橋東往西,0,0,2,2,,8,6,5,30,8,11,1,5,4,5,13,4,4,2,4,4,1,18,3,0,,,,,,,,,,,,67,,1,,121.5719929,25.06479946
113,1,6,12,28,2,12內湖區,內湖區民權大橋東往西,0,0,2,3,H02,8,6,5,30,8,11,1,5,4,5,13,4,4,2,4,4,1,18,2,32,2,7,6,5,7,21,8,20,10,16,,67,,1,21,121.5719929,25.06479946
113,1,6,12,44,2,07信義區,信義區富陽街21巷與富陽街口口,0,0,1,1,B12,8,7,5,50,4,1,1,5,4,5,13,4,4,9,4,5,2,14,1,46,3,10,7,1,7,2,1,8,1,3,,12,,1,21,121.5563315,25.023157
113,1,6,12,44,2,07信義區,信義區富陽街21巷與富陽街口口,0,0,1,2,C03,8,7,5,50,4,1,1,5,4,5,13,4,4,9,4,5,2,14,2,39,2,8,5,1,7,14,1,10,1,12,,44,,1,21,121.5563315,25.023157
113,1,6,12,58,2,10文山區,文山區興隆路2段與景華街口,0,0,2,1,C03,8,6,5,50,5,1,1,5,4,5,13,2,1,1,4,5,2,16,1,39,2,9,6,1,7,11,1,10,2,12,,10,,1,21,121.5473866,24.99937575
113,1,6,12,58,2,10文山區,文山區興隆路2段與景華街口,0,0,2,2,C03,8,6,5,50,5,1,1,5,4,5,13,2,1,1,4,5,2,16,1,27,2,9,6,1,7,9,1,10,2,11,,13,,1,21,121.5473866,24.99937575
113,1,6,13,49,2,04大安區,大安區敦化南路1段295巷與仁愛路4段112巷口口,0,0,1,2,C03,8,6,5,30,4,2,1,5,4,5,13,4,4,10,5,5,1,15,1,49,2,9,6,1,7,9,1,10,1,11,,80,,1,21,121.5496746,25.03547924
113,1,6,13,49,2,04大安區,大安區敦化南路1段295巷與仁愛路4段112巷口口,0,0,1,1,B01,8,6,5,30,4,2,1,5,4,5,13,4,4,10,5,5,1,15,1,42,3,10,7,1,7,9,1,4,1,1,,14,,1,21,121.5496746,25.03547924
113,1,6,14,1,2,08士林區,士林區中山北路6段776巷與中山北路6段口口,0,0,3,1,C03,8,6,5,50,3,1,1,5,4,5,13,2,1,1,4,4,2,16,2,25,2,9,6,1,7,5,1,10,1,12,,74,,1,21,121.5286294,25.11638016
113,1,6,14,1,2,08士林區,士林區中山北路6段776巷與中山北路6段口口,0,0,3,2,C03,8,6,5,50,3,1,1,5,4,5,13,2,1,1,4,4,2,16,1,23,2,9,6,1,7,9,1,10,1,11,,14,,1,21,121.5286294,25.11638016
113,1,6,14,1,2,08士林區,士林區中山北路6段776巷與中山北路6段口口,0,0,3,3,H02,8,6,5,50,3,1,1,5,4,5,13,2,1,1,4,4,2,16,2,25,2,9,4,5,7,21,8,20,10,16,,67,,1,21,121.5286294,25.11638016
113,1,6,14,22,2,01大同區,大同區台北橋機慢車道（東向西）,0,0,2,1,C03,8,6,5,50,14,16,1,5,4,5,13,4,4,8,3,5,1,13,1,38,2,7,6,1,7,9,1,10,1,11,,16,,1,21,121.5087526,25.0634666
113,1,6,14,22,2,01大同區,大同區台北橋機慢車道（東向西）,0,0,2,2,C03,8,6,5,50,14,16,1,5,4,5,13,4,4,8,3,5,1,13,1,29,2,9,6,1,7,7,1,10,1,13,,100,,1,21,121.5087526,25.0634666
113,1,6,14,30,2,01大同區,大同區重慶北路3段與民權西路口,0,0,1,1,F03,8,6,5,50,4,1,1,5,4,5,13,2,1,1,5,5,2,15,2,34,3,10,4,1,7,1,8,20,1,11,,19,,1,21,121.5134659,25.06318728
113,1,6,14,30,2,01大同區,大同區重慶北路3段與民權西路口,0,0,1,2,C03,8,6,5,50,4,1,1,5,4,5,13,2,1,1,5,5,2,15,1,35,2,8,6,1,7,9,1,10,1,11,,44,,1,21,121.5134659,25.06318728
113,1,6,14,56,2,03中山區,中山區南京東路1段92號,0,0,1,1,B03,8,7,5,40,14,7,1,5,4,5,13,4,4,1,4,4,2,12,1,48,3,10,7,1,7,1,1,8,1,4,,19,,1,21,121.5260163,25.05200774
113,1,6,14,56,2,03中山區,中山區南京東路1段92號,0,0,1,2,C03,8,7,5,40,14,7,1,5,4,5,13,4,4,1,4,4,2,12,2,29,2,7,6,1,7,9,1,10,1,11,,44,,1,26,121.5260163,25.05200774
113,1,6,15,38,2,10文山區,文山區木柵路5段與信義快速道路口,0,0,1,1,B03,8,6,5,50,3,1,1,5,4,5,13,1,1,1,4,5,1,17,1,42,3,10,3,4,7,6,1,8,1,2,,9,,1,22,121.5769509,25.0002868
113,1,6,15,38,2,10文山區,文山區木柵路5段與信義快速道路口,0,0,1,2,C03,8,6,5,50,3,1,1,5,4,5,13,1,1,1,4,5,1,17,2,33,2,9,3,4,7,9,1,10,1,11,,44,,1,22,121.5769509,25.0002868
113,1,6,15,43,2,04大安區,大安區和平東路1段與麗水街口,0,0,1,1,F01,8,6,5,0,14,20,4,5,4,5,13,4,4,10,5,5,2,1,1,48,3,10,4,1,7,9,8,20,1,17,,4,,1,21,121.5280573,25.0268034
113,1,6,15,43,2,04大安區,大安區和平東路1段與麗水街口,0,0,1,2,H01,8,6,5,0,14,20,4,5,4,5,13,4,4,10,5,5,2,1,2,41,3,10,4,5,8,16,8,20,10,16,,67,,1,21,121.5280573,25.0268034
113,1,6,15,43,2,04大安區,大安區和平東路1段與麗水街口,0,0,1,3,H03,8,6,5,0,14,20,4,5,4,5,13,4,4,10,5,5,2,1,1,2,2,8,4,5,8,21,8,20,10,16,,67,,1,21,121.5280573,25.0268034
113,1,6,15,45,2,06松山區,松山區敦化北路155巷100弄與健康路口,0,0,1,1,C03,7,6,5,50,3,2,1,5,4,5,13,4,4,10,5,5,2,17,1,32,2,9,6,1,7,6,1,10,2,11,,116,,1,21,121.55218,25.05339835