發生年度,發生月,發生日,發生時-Hours,發生分,處理別-編號,區序,肇事地點,死亡人數,2-30日死亡人數,受傷人數,當事人序號,車種,天候,道路照明設備,道路類別,速限-速度限制,道路型態,事故位置,路面狀況1,路面狀況2,路面狀況3,道路障礙1,道路障礙2,號誌1,號誌2,車道劃分-分向,車道劃分-分道1,車道劃分-分道2,車道劃分-分道3,事故類型及型態,性別,年齡,受傷程度,主要傷處,保護裝置,行動電話,車輛用途,當事者行動狀態,駕駛資格情形,駕駛執照種類,飲酒情形,車輛撞擊部位1,車輛撞擊部位2,肇因碼-個別,肇因碼-主要,個人肇逃否,職業,座標-X,座標-Y
113,1,6,15,45,2,06松山區,松山區敦化北路155巷100弄與健康路口,0,0,1,2,B03,7,6,5,50,3,2,1,5,4,5,13,4,4,10,5,5,2,17,2,24,3,10,7,1,7,9,1,8,2,8,,5,,1,21,121.55218,25.05339835
113,1,6,15,56,2,01大同區,大同區環河北路2段與民族西路口,0,0,1,1,B12,7,6,5,50,5,1,1,5,4,5,13,1,1,1,4,5,2,13,1,44,3,10,7,1,7,9,1,8,1,1,,16,,1,21,121.5091627,25.0683567
113,1,6,15,56,2,01大同區,大同區環河北路2段與民族西路口,0,0,1,2,C01,7,6,5,50,5,1,1,5,4,5,13,1,1,1,4,5,2,13,1,65,3,10,6,1,7,9,1,9,1,13,,44,,1,21,121.5091627,25.0683567
113,1,6,15,56,2,01大同區,大同區環河北路2段與民族西路口,0,0,1,3,H02,7,6,5,50,5,1,1,5,4,5,13,1,1,1,4,5,2,13,2,64,2,5,6,5,7,20,8,20,10,16,,67,,1,21,121.5091627,25.0683567
113,1,6,16,27,2,04大安區,大安區羅斯福路2段79號,0,0,2,1,C03,8,6,5,50,14,9,1,5,4,5,13,4,4,3,4,5,2,13,2,19,2,8,5,1,7,9,1,10,1,11,,16,,1,22,121.5233505,25.0259694
113,1,6,16,27,2,04大安區,大安區羅斯福路2段79號,0,0,2,2,B03,8,6,5,50,14,9,1,5,4,5,13,4,4,3,4,5,2,13,1,44,3,10,7,1,7,12,1,8,1,7,,44,,1,22,121.5233505,25.0259694
113,1,6,16,27,2,04大安區,大安區羅斯福路2段79號,0,0,2,3,H02,8,6,5,50,14,9,1,5,4,5,13,4,4,3,4,5,2,13,2,18,2,1,5,5,7,17,8,20,10,16,,67,,1,22,121.5233505,25.0259694
113,1,6,16,27,2,04大安區,大安區羅斯福路2段79號,0,0,2,4,B03,8,6,5,50,14,9,1,5,4,5,13,4,4,3,4,5,2,13,1,49,4,11,3,4,7,7,1,8,9,17,,100,,1,22,121.5233505,25.0259694
113,1,6,16,32,2,03中山區,中山區松江路與德惠街口,0,0,1,1,B03,8,5,5,50,4,1,1,5,4,5,13,1,1,1,4,5,2,3,1,35,3,10,3,4,7,5,1,8,2,8,,70,,1,21,121.533313,25.0666484
113,1,6,16,32,2,03中山區,中山區松江路與德惠街口,0,0,1,2,H01,8,5,5,50,4,1,1,5,4,5,13,1,1,1,4,5,2,3,2,55,2,9,4,5,8,16,8,20,10,16,,67,,1,21,121.533313,25.0666484
113,1,6,17,30,2,03中山區,中山區民權東路1段5號前,0,0,1,1,B03,7,5,8,50,14,9,1,5,4,5,13,4,4,1,4,5,2,17,1,31,3,10,3,4,7,7,1,8,2,2,,100,,1,21,121.5231045,25.0628452
113,1,6,17,30,2,03中山區,中山區民權東路1段5號前,0,0,1,2,C02,7,5,8,50,14,9,1,5,4,5,13,4,4,1,4,5,2,17,2,24,2,9,3,4,7,9,1,9,2,14,,44,,1,22,121.5231045,25.0628452
113,1,6,17,40,2,04大安區,大安區大安路1段116巷與復興南路1段口,0,0,1,1,C03,8,5,5,50,4,3,1,5,4,5,13,1,1,1,5,5,2,17,1,59,2,8,6,1,7,9,1,10,1,11,,108,,1,21,121.5438407,25.039876
113,1,6,17,40,2,04大安區,大安區大安路1段116巷與復興南路1段口,0,0,1,2,C03,8,5,5,50,4,3,1,5,4,5,13,1,1,1,5,5,2,17,1,36,3,10,6,1,7,15,1,10,1,11,,44,,1,21,121.5438407,25.039876
113,1,6,17,40,2,10文山區,文山區木柵路1段與辛亥路7段口,0,0,1,1,C04,8,5,5,50,4,1,1,5,4,5,13,2,1,5,4,5,2,17,1,21,3,10,5,4,7,8,1,8,1,17,,100,,1,21,121.5523322,24.9877465
113,1,6,17,40,2,10文山區,文山區木柵路1段與辛亥路7段口,0,0,1,2,C03,8,5,5,50,4,1,1,5,4,5,13,2,1,5,4,5,2,17,1,48,2,9,5,4,7,9,1,10,1,14,,42,,1,21,121.5523322,24.9877465
113,1,6,17,53,2,08士林區,士林區中山北路5段與雙溪街口,0,0,2,1,C03,8,5,5,40,5,2,1,5,4,5,13,3,1,5,5,5,1,13,2,28,2,9,6,1,7,9,1,10,1,11,,16,,1,21,121.52628,25.10077473
113,1,6,17,53,2,08士林區,士林區中山北路5段與雙溪街口,0,0,2,2,C03,8,5,5,40,5,2,1,5,4,5,13,3,1,5,5,5,1,13,1,36,2,8,6,1,7,14,1,10,1,13,,44,,1,21,121.52628,25.10077473
113,1,6,18,6,2,01大同區,大同區鄭州路與塔城街口,0,0,1,1,C03,7,5,5,50,4,1,1,5,4,5,13,1,1,5,2,5,2,17,1,48,2,9,5,1,7,10,3,18,2,15,,101,,1,21,121.5105421,25.0500253
113,1,6,18,6,2,01大同區,大同區鄭州路與塔城街口,0,0,1,2,B03,7,5,5,50,4,1,1,5,4,5,13,1,1,5,2,5,2,17,1,25,3,10,7,1,7,9,1,8,2,5,,44,,1,21,121.5105421,25.0500253
113,1,6,18,7,2,07信義區,信義區松山路與忠孝東路5段口,0,0,1,2,B03,8,5,5,0,4,2,1,5,4,5,13,2,1,3,4,5,2,16,1,35,3,10,3,4,7,5,1,8,1,4,,107,,1,21,121.578045,25.0408094
113,1,6,18,7,2,07信義區,信義區松山路與忠孝東路5段口,0,0,1,1,F01,8,5,5,0,4,2,1,5,4,5,13,2,1,3,4,5,2,16,1,70,2,9,4,4,7,9,8,20,1,11,,81,,1,21,121.578045,25.0408094
113,1,6,18,11,2,12內湖區,內湖區康寧路3段189巷163弄與康寧路3段189巷157弄口,0,0,1,1,C03,7,5,5,30,4,1,1,5,4,5,13,4,4,10,5,5,2,15,2,19,2,9,5,1,7,9,1,10,1,14,,108,,1,21,121.6113007,25.0749187
113,1,6,18,11,2,12內湖區,內湖區康寧路3段189巷163弄與康寧路3段189巷157弄口,0,0,1,2,B03,7,5,5,30,4,1,1,5,4,5,13,4,4,10,5,5,2,15,1,69,3,10,7,1,7,9,1,8,1,1,,72,,1,21,121.6113007,25.0749187
113,1,6,18,12,2,05中正區,中正區中華路2段313巷39號與中華路2段313巷口,0,0,1,1,C03,8,5,5,30,4,1,1,5,4,3,10,4,4,10,5,5,2,15,1,59,3,10,5,1,7,1,1,10,2,11,,19,,1,21,121.5064344,25.0292065
113,1,6,18,12,2,05中正區,中正區中華路2段313巷39號與中華路2段313巷口,0,0,1,2,C03,8,5,5,30,4,1,1,5,4,3,10,4,4,10,5,5,2,15,1,51,2,9,5,1,7,9,1,9,2,14,,108,,1,21,121.5064344,25.0292065
113,1,6,18,12,2,05中正區,中正區中華路2段313巷39號與中華路2段313巷口,0,0,1,3,B12,8,5,5,30,4,1,1,5,4,3,10,4,4,10,5,5,2,15,1,41,3,10,3,4,7,13,7,19,11,15,,44,,1,21,121.5064344,25.0292065
113,1,6,18,18,2,04大安區,大安區新生南路3段21號,0,0,1,1,C03,8,7,5,50,14,9,1,5,4,5,13,4,4,1,4,5,2,12,2,39,2,8,3,4,7,9,3,18,1,12,,108,,1,22,121.5347353,25.0251212
113,1,6,18,18,2,04大安區,大安區新生南路3段21號,0,0,1,2,B03,8,7,5,50,14,9,1,5,4,5,13,4,4,1,4,5,2,12,1,40,3,10,3,4,7,13,1,8,1,7,,38,,1,22,121.5347353,25.0251212
113,1,6,18,31,2,09北投區,北投區大度路3段與大度路3段270巷口,0,0,2,1,C03,7,5,5,50,4,1,1,5,4,5,13,1,1,5,4,5,1,16,1,19,2,7,5,1,7,5,1,10,2,14,,71,,1,21,121.4669282,25.1233965
113,1,6,18,31,2,09北投區,北投區大度路3段與大度路3段270巷口,0,0,2,2,C03,7,5,5,50,4,1,1,5,4,5,13,1,1,5,4,5,1,16,1,19,2,9,5,1,7,9,1,10,2,11,,44,,1,21,121.4669282,25.1233965
113,1,6,18,45,2,06松山區,松山區塔悠路332號,0,0,1,1,B01,8,5,5,40,14,8,1,5,4,5,13,4,4,3,4,4,2,17,1,37,3,10,3,4,7,6,1,8,2,6,,44,,1,22,121.5678717,25.06525343
113,1,6,18,45,2,06松山區,松山區塔悠路332號,0,0,1,2,C03,8,5,5,40,14,8,1,5,4,5,13,4,4,3,4,4,2,17,1,24,2,9,6,4,7,9,1,10,2,11,,108,,1,22,121.5678717,25.06525343
113,1,6,19,0,2,03中山區,中山區北安路301號對面,0,0,3,1,C03,8,5,5,50,14,9,1,5,4,5,13,4,4,1,4,5,2,13,1,48,2,7,6,1,7,9,6,18,2,11,,107,,1,21,121.5356175,25.0778956
113,1,6,19,0,2,03中山區,中山區北安路301號對面,0,0,3,2,B12,8,5,5,50,14,9,1,5,4,5,13,4,4,1,4,5,2,13,1,31,3,10,7,1,7,13,1,8,2,7,,39,,1,21,121.5356175,25.0778956
113,1,6,19,0,2,03中山區,中山區北安路301號對面,0,0,3,3,C03,8,5,5,50,14,9,1,5,4,5,13,4,4,1,4,5,2,13,1,41,2,7,6,1,7,9,1,10,2,11,,44,,1,21,121.5356175,25.0778956
113,1,6,19,0,2,03中山區,中山區北安路301號對面,0,0,3,4,H02,8,5,5,50,14,9,1,5,4,5,13,4,4,1,4,5,2,13,2,33,2,9,6,5,7,20,8,20,10,16,,67,,1,21,121.5356175,25.0778956
113,1,6,19,0,2,10文山區,文山區羅斯福路4段與基隆路4段口口,0,0,1,1,B01,8,5,5,50,5,18,1,5,4,5,13,2,1,1,4,5,2,3,1,63,3,10,7,1,7,6,6,18,2,1,,70,,1,21,121.5370748,25.0107725
113,1,6,19,0,2,10文山區,文山區羅斯福路4段與基隆路4段口口,0,0,1,2,H01,8,5,5,50,5,18,1,5,4,5,13,2,1,1,4,5,2,3,2,23,2,9,4,5,8,16,8,20,10,16,,67,,1,25,121.5370748,25.0107725
113,1,6,19,15,2,06松山區,松山區南京東路5段23巷與南京東路5段23巷7弄口,0,0,1,1,C03,8,5,5,30,14,9,1,5,4,5,13,4,4,10,5,5,2,13,2,25,3,10,6,1,7,9,1,10,1,11,,16,,1,21,121.5580218,25.05216916
113,1,6,19,15,2,06松山區,松山區南京東路5段23巷與南京東路5段23巷7弄口,0,0,1,2,C03,8,5,5,30,14,9,1,5,4,5,13,4,4,10,5,5,2,13,1,27,2,8,6,1,7,14,1,10,1,13,,44,,1,21,121.5580218,25.05216916
113,1,6,19,16,2,01大同區,大同區鄭州路145號,0,0,1,1,B03,7,5,5,40,14,9,1,5,4,5,13,4,4,1,4,5,2,17,1,28,3,10,7,1,7,9,1,8,1,5,,108,,1,21,121.5090393,25.0504957
113,1,6,19,16,2,01大同區,大同區鄭州路145號,0,0,1,2,C03,7,5,5,40,14,9,1,5,4,5,13,4,4,1,4,5,2,17,2,28,2,9,5,1,7,14,1,10,1,13,,44,,1,21,121.5090393,25.0504957
113,1,6,19,16,2,01大同區,大同區鄭州路145號,0,0,1,3,B01,7,5,5,40,14,9,1,5,4,5,13,4,4,1,4,5,2,17,1,39,3,10,7,1,7,14,1,8,1,7,,44,,1,21,121.5090393,25.0504957
113,1,6,19,20,2,09北投區,北投區承德路7段與實踐街口,0,0,1,1,B03,8,5,5,50,14,9,1,5,4,5,13,1,1,9,4,5,2,13,1,23,3,10,7,1,7,5,1,8,11,5,,42,,2,21,121.507332,25.1145441
113,1,6,19,20,2,09北投區,北投區承德路7段與實踐街口,0,0,1,2,C03,8,5,5,50,14,9,1,5,4,5,13,1,1,9,4,5,2,13,1,33,2,9,5,1,7,6,1,10,1,14,,108,,1,21,121.507332,25.1145441
113,1,6,19,22,2,12內湖區,內湖區環山路2段與環山路2段53巷口,0,0,2,1,C03,8,5,5,50,4,2,1,5,4,5,13,2,1,5,4,5,2,17,2,23,2,8,6,1,7,6,1,10,1,11,,17,,1,21,121.5737821,25.08530652
113,1,6,19,22,2,12內湖區,內湖區環山路2段與環山路2段53巷口,0,0,2,2,B03,8,5,5,50,4,2,1,5,4,5,13,2,1,5,4,5,2,17,1,25,3,10,7,1,7,9,1,8,1,8,,44,,1,21,121.5737821,25.08530652
113,1,6,19,22,2,12內湖區,內湖區環山路2段與環山路2段53巷口,0,0,2,3,H02,8,5,5,50,4,2,1,5,4,5,13,2,1,5,4,5,2,17,2,21,2,8,6,5,7,20,8,20,10,16,,67,,1,21,121.5737821,25.08530652
113,1,6,19,55,2,02萬華區,萬華區成都路與昆明街口,0,0,1,1,B03,8,5,5,50,4,18,1,5,4,5,13,1,1,9,4,5,2,3,1,55,3,10,3,4,7,15,1,8,11,8,,70,,1,21,121.5047959,25.04313236
113,1,6,19,55,2,02萬華區,萬華區成都路與昆明街口,0,0,1,2,H01,8,5,5,50,4,18,1,5,4,5,13,1,1,9,4,5,2,3,2,31,2,8,4,5,8,16,8,20,11,16,,67,,1,22,121.5047959,25.04313236
113,1,6,21,47,2,02萬華區,萬華區昆明街23號,0,0,1,1,B03,8,5,5,50,14,9,1,5,4,5,13,4,4,10,4,5,2,12,2,27,3,10,3,4,7,1,1,8,1,5,,19,,1,22,121.5054646,25.045194
113,1,6,21,47,2,02萬華區,萬華區昆明街23號,0,0,1,2,C03,8,5,5,50,14,9,1,5,4,5,13,4,4,10,4,5,2,12,2,32,2,9,6,1,7,9,1,10,1,12,,44,,1,22,121.5054646,25.045194
113,1,6,22,15,2,08士林區,士林區承德路4段179巷與基河路口,0,0,1,1,C03,7,5,5,50,4,1,1,5,4,5,13,1,1,5,4,5,2,17,1,27,2,9,6,1,7,5,1,10,2,14,,8,,1,22,121.5238091,25.0880777
113,1,6,22,15,2,08士林區,士林區承德路4段179巷與基河路口,0,0,1,2,B03,7,5,5,50,4,1,1,5,4,5,13,1,1,5,4,5,2,17,1,47,3,10,7,1,7,9,1,8,2,5,,44,,1,22,121.5238091,25.0880777
113,1,6,22,27,2,01大同區,大同區忠孝橋機慢車道往三重,0,0,3,1,C03,7,5,5,40,8,11,1,5,4,5,13,4,4,1,5,4,1,17,1,39,2,9,6,4,7,15,1,10,2,11,,116,,1,22,121.5060271,25.0491728
113,1,6,22,27,2,01大同區,大同區忠孝橋機慢車道往三重,0,0,3,2,C03,7,5,5,40,8,11,1,5,4,5,13,4,4,1,5,4,1,17,1,19,2,9,6,4,7,9,1,10,2,11,,13,,1,22,121.5060271,25.0491728
113,1,6,22,27,2,01大同區,大同區忠孝橋機慢車道往三重,0,0,3,3,C03,7,5,5,40,8,11,1,5,4,5,13,4,4,1,5,4,1,17,1,23,3,10,6,4,7,12,1,10,2,13,,44,,1,22,121.5060271,25.0491728
113,1,6,22,27,2,01大同區,大同區忠孝橋機慢車道往三重,0,0,3,4,C03,7,5,5,40,8,11,1,5,4,5,13,4,4,1,5,4,1,17,1,32,2,8,6,4,7,9,1,10,2,11,,16,,1,22,121.5060271,25.0491728
113,1,6,22,30,2,04大安區,大安區和平東路3段與基隆路2段口,0,0,1,1,C03,8,5,5,50,14,9,1,5,4,5,13,1,1,1,4,5,2,12,2,30,2,7,3,4,7,8,1,21,1,12,,100,,1,21,121.5522696,25.0242935
113,1,6,22,30,2,04大安區,大安區和平東路3段與基隆路2段口,0,0,1,2,B03,8,5,5,50,14,9,1,5,4,5,13,1,1,1,4,5,2,12,1,65,3,10,3,4,7,9,1,8,1,4,,44,,1,21,121.5522696,25.0242935
113,1,6,22,55,2,04大安區,大安區復興南路1段107巷與復興南路1段口,0,0,2,1,B03,8,5,5,50,14,9,1,5,4,5,13,2,1,9,5,5,2,12,1,57,3,10,7,1,7,15,1,8,1,2,,80,,1,21,121.5439662,25.0436085
113,1,6,22,55,2,04大安區,大安區復興南路1段107巷與復興南路1段口,0,0,2,2,C03,8,5,5,50,14,9,1,5,4,5,13,2,1,9,5,5,2,12,1,19,2,7,6,1,7,15,1,10,1,11,,108,,1,21,121.5439662,25.0436085
113,1,6,22,55,2,04大安區,大安區復興南路1段107巷與復興南路1段口,0,0,2,3,H02,8,5,5,50,14,9,1,5,4,5,13,2,1,9,5,5,2,12,2,20,2,9,6,5,7,21,8,20,10,16,,60,,1,21,121.5439662,25.0436085
113,1,6,23,31,2,10文山區,口(興隆路3段58號),0,0,1,1,B03,8,5,5,50,3,1,1,5,4,5,13,2,1,1,4,5,2,16,2,27,3,10,7,1,7,11,1,8,1,5,,71,,1,21,121.5560785,25.0000835
113,1,6,23,31,2,10文山區,口(興隆路3段58號),0,0,1,2,C03,8,5,5,50,3,1,1,5,4,5,13,2,1,1,4,5,2,16,1,23,2,9,6,1,7,9,1,10,1,11,,107,,1,21,121.5560785,25.0000835
113,1,7,0,8,2,07信義區,信義區永吉路326巷與永吉路口口,0,0,4,1,B01,7,5,5,50,4,1,1,5,4,5,13,1,1,1,4,5,2,17,1,57,2,9,7,1,7,5,1,8,2,2,,71,,1,22,121.5754477,25.045451
113,1,7,0,8,2,07信義區,信義區永吉路326巷與永吉路口口,0,0,4,2,B01,7,5,5,50,4,1,1,5,4,5,13,1,1,1,4,5,2,17,1,64,2,9,7,1,7,9,1,8,2,1,,108,,1,22,121.5754477,25.045451
113,1,7,0,8,2,07信義區,信義區永吉路326巷與永吉路口口,0,0,4,3,,7,5,5,50,4,1,1,5,4,5,13,1,1,1,4,5,2,17,3,56,,,,,,,,,,,,67,,1,,121.5754477,25.045451
113,1,7,0,8,2,07信義區,信義區永吉路326巷與永吉路口口,0,0,4,4,,7,5,5,50,4,1,1,5,4,5,13,1,1,1,4,5,2,17,3,56,,,,,,,,,,,,67,,1,,121.5754477,25.045451
113,1,7,0,8,2,07信義區,信義區永吉路326巷與永吉路口口,0,0,4,5,H02,7,5,5,50,4,1,1,5,4,5,13,1,1,1,4,5,2,17,1,28,2,9,7,5,7,19,8,20,10,16,,60,,1,22,121.5754477,25.045451
113,1,7,0,8,2,07信義區,信義區永吉路326巷與永吉路口口,0,0,4,6,H02,7,5,5,50,4,1,1,5,4,5,13,1,1,1,4,5,2,17,1,58,2,9,7,5,7,19,8,20,10,16,,60,,1,22,121.5754477,25.045451
113,1,7,0,12,2,08士林區,士林區忠誠路2段207巷與東山路口,0,0,2,1,C03,8,5,5,50,4,1,1,5,4,5,13,3,1,1,4,5,2,15,1,22,2,9,6,4,7,9,1,10,1,11,,80,,1,22,121.5390204,25.1164068
113,1,7,0,12,2,08士林區,士林區忠誠路2段207巷與東山路口,0,0,2,2,B01,8,5,5,50,4,1,1,5,4,5,13,3,1,1,4,5,2,15,1,50,3,10,7,1,7,9,1,2,2,2,,13,,1,21,121.5390204,25.1164068
113,1,7,0,12,2,08士林區,士林區忠誠路2段207巷與東山路口,0,0,2,3,H02,8,5,5,50,4,1,1,5,4,5,13,3,1,1,4,5,2,15,2,15,2,9,6,5,7,20,8,20,10,16,,67,,1,21,121.5390204,25.1164068
113,1,7,1,2,2,05中正區,中正區基隆路4段與羅斯福路4段口,0,0,1,1,C03,8,5,5,50,4,1,1,5,4,5,13,1,1,1,5,5,2,17,1,19,3,10,5,1,7,5,1,10,1,14,,96,,1,22,121.5371055,25.0113542
113,1,7,1,2,2,05中正區,中正區基隆路4段與羅斯福路4段口,0,0,1,2,C03,8,5,5,50,4,1,1,5,4,5,13,1,1,1,5,5,2,17,1,24,2,9,5,1,7,9,1,10,1,12,,44,,1,22,121.5371055,25.0113542
113,1,7,3,13,2,02萬華區,萬華區環河南路1段與環河南路1段348巷口口,0,0,1,1,B03,8,5,5,40,4,1,1,5,4,5,13,2,1,10,5,5,2,16,1,25,3,10,7,4,7,6,1,8,1,5,,98,,1,21,121.497795,25.04005646
113,1,7,3,13,2,02萬華區,萬華區環河南路1段與環河南路1段348巷口口,0,0,1,2,C03,8,5,5,40,4,1,1,5,4,5,13,2,1,10,5,5,2,16,2,25,2,9,5,1,7,9,1,10,1,14,,44,,1,21,121.497795,25.04005646
113,1,7,7,13,2,04大安區,大安區基隆路2段與敦化南路2段口,0,0,2,1,C03,7,5,5,50,3,1,1,5,4,5,13,1,1,1,4,5,2,13,1,31,2,9,5,1,7,12,1,10,1,11,,16,,1,21,121.5488354,25.0212155
113,1,7,7,13,2,04大安區,大安區基隆路2段與敦化南路2段口,0,0,2,2,C03,7,5,5,50,3,1,1,5,4,5,13,1,1,1,4,5,2,13,1,48,2,9,5,1,7,12,1,10,1,13,,44,,1,21,121.5488354,25.0212155
113,1,7,7,21,2,04大安區,大安區基隆路4段與羅斯福路4段口,0,0,1,2,C03,8,5,5,50,5,2,1,5,4,5,13,2,1,1,4,5,2,17,2,27,2,8,6,1,7,14,1,10,1,13,,44,,1,21,121.5373204,25.011259
113,1,7,7,21,2,04大安區,大安區基隆路4段與羅斯福路4段口,0,0,1,1,C03,8,5,5,50,5,2,1,5,4,5,13,2,1,1,4,5,2,17,1,64,3,10,6,1,7,9,1,10,9,12,,108,,1,21,121.5373204,25.011259
113,1,7,8,37,2,04大安區,大安區和平東路3段308巷與臥龍街口,0,0,1,1,F06,8,6,5,50,5,1,1,5,4,5,13,2,1,9,4,5,2,17,1,36,2,9,2,4,7,15,8,20,1,17,,81,,1,21,121.5545716,25.0187894
113,1,7,8,37,2,04大安區,大安區和平東路3段308巷與臥龍街口,0,0,1,2,B03,8,6,5,50,5,1,1,5,4,5,13,2,1,9,4,5,2,17,1,37,3,10,7,1,7,9,1,8,1,8,,44,,1,21,121.5545716,25.0187894
113,1,7,8,40,2,02萬華區,萬華區中華路1段150號,0,0,1,1,C03,8,7,5,50,14,9,1,5,4,5,13,4,4,1,5,5,2,17,1,54,3,10,5,1,7,9,1,10,1,15,,42,,1,21,121.5082216,25.0426633
113,1,7,8,40,2,02萬華區,萬華區中華路1段150號,0,0,1,2,C03,8,7,5,50,14,9,1,5,4,5,13,4,4,1,5,5,2,17,1,64,2,9,5,1,7,9,1,10,1,11,,44,,1,21,121.5082216,25.0426633
113,1,7,8,47,2,01大同區,大同區重慶北路3段236巷45弄與重慶北路3段236巷口,0,0,2,1,C03,7,7,5,30,4,1,1,5,4,5,13,2,1,10,5,5,2,16,2,37,2,9,5,1,7,5,1,10,1,14,,80,,1,21,121.5123013,25.07056133
113,1,7,8,47,2,01大同區,大同區重慶北路3段236巷45弄與重慶北路3段236巷口,0,0,2,2,C03,7,7,5,30,4,1,1,5,4,5,13,2,1,10,5,5,2,16,2,23,3,10,5,1,7,9,1,10,1,11,,108,,1,21,121.5123013,25.07056133
113,1,7,8,47,2,01大同區,大同區重慶北路3段236巷45弄與重慶北路3段236巷口,0,0,2,3,H02,7,7,5,30,4,1,1,5,4,5,13,2,1,10,5,5,2,16,2,10,2,8,5,5,7,20,8,20,10,16,,67,,1,21,121.5123013,25.07056133
113,1,7,8,55,2,03中山區,中山區敬業四路與植福路口,0,0,1,1,B01,8,6,5,50,4,1,1,5,4,5,13,2,1,5,4,5,2,16,1,49,3,10,3,4,7,6,1,4,2,2,,74,,1,21,121.5585022,25.0839257
113,1,7,8,55,2,03中山區,中山區敬業四路與植福路口,0,0,1,2,C03,8,6,5,50,4,1,1,5,4,5,13,2,1,5,4,5,2,16,1,27,2,9,3,4,7,9,1,10,2,11,,81,,1,21,121.5585022,25.0839257
113,1,7,8,55,2,05中正區,中正區林森南路與信義路1段口,0,0,1,1,B03,7,5,5,50,3,1,1,5,4,5,13,1,1,1,4,1,1,3,1,51,3,10,7,1,7,9,1,8,2,5,,70,,1,21,121.5209557,25.0372383
113,1,7,8,55,2,05中正區,中正區林森南路與信義路1段口,0,0,1,2,H01,7,5,5,50,3,1,1,5,4,5,13,1,1,1,4,1,1,3,2,71,2,1,4,5,8,18,8,20,10,16,,122,,1,21,121.5209557,25.0372383
113,1,7,9,10,2,03中山區,中山區民生東路2段160號,0,0,2,1,B03,8,6,5,50,14,9,1,5,4,5,13,2,1,5,4,5,2,13,1,25,2,1,7,1,7,9,1,8,2,1,,108,,1,21,121.532634,25.0578974
113,1,7,9,10,2,03中山區,中山區民生東路2段160號,0,0,2,2,B01,8,6,5,50,14,9,1,5,4,5,13,2,1,5,4,5,2,13,1,51,2,9,7,1,7,9,1,8,2,7,,44,,1,21,121.532634,25.0578974
113,1,7,9,10,2,03中山區,中山區民生東路2段160號,0,0,2,3,B03,8,6,5,50,14,9,1,5,4,5,13,2,1,5,4,5,2,13,1,55,3,10,7,1,7,14,1,8,2,6,,44,,1,21,121.532634,25.0578974
113,1,7,9,46,2,08士林區,士林區承德路4段與中正路口,0,0,1,1,C03,8,6,5,50,4,1,1,5,4,5,13,1,1,10,5,5,1,13,1,30,3,10,5,1,7,8,1,10,2,13,,100,,1,21,121.5165908,25.09101042
113,1,7,9,46,2,08士林區,士林區承德路4段與中正路口,0,0,1,2,C03,8,6,5,50,4,1,1,5,4,5,13,1,1,10,5,5,1,13,2,44,2,9,5,1,7,9,1,10,2,11,,108,,1,21,121.5165908,25.09101042
113,1,7,10,26,2,04大安區,大安區辛亥路3段157巷12弄口側附近,0,0,1,1,B03,8,6,5,30,3,1,1,5,4,5,13,4,4,10,5,5,2,16,1,26,3,10,7,1,7,5,1,8,2,4,,72,,1,21,121.549489,25.0175667
113,1,7,10,26,2,04大安區,大安區辛亥路3段157巷12弄口側附近,0,0,1,2,C03,8,6,5,30,3,1,1,5,4,5,13,4,4,10,5,5,2,16,1,30,2,9,6,1,7,9,1,10,2,11,,108,,1,21,121.549489,25.0175667
113,1,7,10,26,2,06松山區,松山區光復北路與光復北路11巷口,0,0,2,1,C03,8,6,5,50,4,1,1,5,4,5,13,2,1,1,4,5,2,16,1,77,2,9,5,1,7,5,1,10,2,12,,71,,1,22,121.5579013,25.0491875
113,1,7,10,26,2,06松山區,松山區光復北路與光復北路11巷口,0,0,2,2,C03,8,6,5,50,4,1,1,5,4,5,13,2,1,1,4,5,2,16,2,31,2,9,6,1,7,9,1,10,2,11,,44,,1,22,121.5579013,25.0491875
113,1,7,10,43,2,07信義區,信義區吳興街281巷5號,0,0,2,1,C03,7,6,5,50,14,9,1,5,4,5,13,4,4,9,4,5,2,17,2,23,2,8,6,1,7,9,1,10,1,12,,44,,1,22,121.5644632,25.0264871
113,1,7,10,43,2,07信義區,信義區吳興街281巷5號,0,0,2,2,C03,7,6,5,50,14,9,1,5,4,5,13,4,4,9,4,5,2,17,1,34,2,7,6,1,7,5,1,10,1,14,,8,,1,22,121.5644632,25.0264871
113,1,7,11,14,2,08士林區,士林區士東路91巷4號,0,0,1,1,B03,8,5,5,30,14,9,1,5,4,5,13,4,4,5,5,5,2,17,1,40,3,10,7,1,7,1,1,8,1,8,,19,,1,21,121.529136,25.11238618
113,1,7,11,14,2,08士林區,士林區士東路91巷4號,0,0,1,2,C03,8,5,5,30,14,9,1,5,4,5,13,4,4,5,5,5,2,17,1,34,2,9,5,1,7,9,1,10,1,11,,13,,1,21,121.529136,25.11238618
113,1,7,11,14,2,08士林區,士林區士東路91巷4號,0,0,1,3,B03,8,5,5,30,14,9,1,5,4,5,13,4,4,5,5,5,2,17,1,77,3,10,2,1,7,14,1,8,9,17,,38,,1,21,121.529136,25.11238618
113,1,7,11,45,2,03中山區,中山區松江路69巷與松江路口,0,0,1,1,A01,8,6,5,50,14,10,1,5,4,5,13,4,4,9,4,5,2,9,1,62,3,10,7,1,7,1,1,6,2,17,,19,,1,21,121.5330645,25.049381
113,1,7,11,45,2,03中山區,中山區松江路69巷與松江路口,0,0,1,2,H02,8,6,5,50,14,10,1,5,4,5,13,4,4,9,4,5,2,9,2,69,2,9,4,5,7,21,8,20,10,16,,67,,1,21,121.5330645,25.049381