發生年度,發生月,發生日,發生時-Hours,發生分,處理別-編號,區序,肇事地點,死亡人數,2-30日死亡人數,受傷人數,當事人序號,車種,天候,道路照明設備,道路類別,速限-速度限制,道路型態,事故位置,路面狀況1,路面狀況2,路面狀況3,道路障礙1,道路障礙2,號誌1,號誌2,車道劃分-分向,車道劃分-分道1,車道劃分-分道2,車道劃分-分道3,事故類型及型態,性別,年齡,受傷程度,主要傷處,保護裝置,行動電話,車輛用途,當事者行動狀態,駕駛資格情形,駕駛執照種類,飲酒情形,車輛撞擊部位1,車輛撞擊部位2,肇因碼-個別,肇因碼-主要,個人肇逃否,職業,座標-X,座標-Y
113,1,7,11,52,2,01大同區,大同區酒泉街與大龍街口,0,0,1,1,C03,7,6,5,50,4,1,1,5,4,5,13,1,1,5,5,5,2,16,2,71,2,9,6,1,7,5,1,10,2,11,,8,,1,21,121.5159162,25.0720305
113,1,7,11,52,2,01大同區,大同區酒泉街與大龍街口,0,0,1,2,B01,7,6,5,50,4,1,1,5,4,5,13,1,1,5,5,5,2,16,1,48,3,10,7,1,7,9,1,4,2,2,,44,,1,21,121.5159162,25.0720305
113,1,7,12,10,2,10文山區,文山區木柵路2段138巷與興隆路4段101巷口,0,0,1,1,C03,8,5,5,30,4,2,1,5,4,5,13,3,1,10,5,5,2,17,1,20,2,9,5,1,7,9,1,10,2,12,,80,,1,21,121.5619544,24.9883203
113,1,7,12,10,2,10文山區,文山區木柵路2段138巷與興隆路4段101巷口,0,0,1,2,B03,8,5,5,30,4,2,1,5,4,5,13,3,1,10,5,5,2,17,1,62,3,10,7,1,7,9,1,8,2,1,,13,,1,21,121.5619544,24.9883203
113,1,7,12,14,2,07信義區,信義區福德街251巷7弄與福德街309巷口口,0,0,1,1,C03,8,7,5,30,3,1,1,5,4,5,12,4,4,10,5,5,2,11,2,55,3,10,5,1,7,9,1,10,1,11,,72,,1,21,121.5879821,25.0384114
113,1,7,12,14,2,07信義區,信義區福德街251巷7弄與福德街309巷口口,0,0,1,2,C03,8,7,5,30,3,1,1,5,4,5,12,4,4,10,5,5,2,11,2,38,2,9,5,1,7,6,1,10,1,11,,14,,1,21,121.5879821,25.0384114
113,1,7,12,31,2,08士林區,士林區故宮路021號電燈桿,0,0,1,1,C03,7,6,5,50,11,9,1,5,4,5,13,4,4,3,4,5,2,11,2,63,2,7,6,1,7,15,3,18,1,14,,118,,1,21,121.5473404,25.0964964
113,1,7,12,31,2,08士林區,士林區故宮路021號電燈桿,0,0,1,2,B03,7,6,5,50,11,9,1,5,4,5,13,4,4,3,4,5,2,11,1,72,3,10,7,1,7,15,1,8,1,2,,118,,1,21,121.5473404,25.0964964
113,1,7,12,50,2,07信義區,信義區忠孝東路4段國館4號出口,0,0,2,1,C03,7,6,5,50,14,9,1,5,4,5,13,4,4,1,4,5,2,18,2,58,2,9,6,1,7,9,1,10,1,12,,50,,1,22,121.5583968,25.0412507
113,1,7,12,50,2,07信義區,信義區忠孝東路4段國館4號出口,0,0,2,3,H02,7,6,5,50,14,9,1,5,4,5,13,4,4,1,4,5,2,18,2,27,2,9,6,5,7,20,8,20,10,16,,67,,1,22,121.5583968,25.0412507
113,1,7,12,50,2,07信義區,信義區忠孝東路4段國館4號出口,0,0,2,2,,7,6,5,50,14,9,1,5,4,5,13,4,4,1,4,5,2,18,3,0,,,,,,,,,,,,67,,1,,121.5583968,25.0412507
113,1,7,12,55,2,12內湖區,內湖區康寧路3段與康寧路3段165巷口,0,0,1,1,B03,8,6,5,50,4,1,1,5,4,5,13,1,1,1,3,5,1,16,1,31,3,10,7,1,7,5,1,8,2,6,,74,,1,21,121.6113246,25.070488
113,1,7,12,55,2,12內湖區,內湖區康寧路3段與康寧路3段165巷口,0,0,1,2,C03,8,6,5,50,4,1,1,5,4,5,13,1,1,1,3,5,1,16,1,32,2,7,6,1,7,9,1,10,2,12,,44,,1,21,121.6113246,25.070488
113,1,7,13,20,2,12內湖區,內湖區文德路93號,0,0,1,1,B03,8,6,5,40,14,7,1,5,4,5,13,4,4,1,4,4,2,17,1,52,3,10,7,1,7,1,1,8,2,4,,19,,1,21,121.5831875,25.07855228
113,1,7,13,20,2,12內湖區,內湖區文德路93號,0,0,1,2,C03,8,6,5,40,14,7,1,5,4,5,13,4,4,1,4,4,2,17,1,35,2,9,6,1,7,9,1,10,2,11,,44,,1,21,121.5831875,25.07855228
113,1,7,13,30,2,06松山區,松山區市民大道6段與中坡北路口,0,0,1,1,B03,8,6,5,40,4,1,1,5,4,5,13,1,1,5,4,5,2,17,1,63,3,10,7,4,7,1,1,8,1,4,,19,,1,22,121.5799988,25.0495051
113,1,7,13,30,2,06松山區,松山區市民大道6段與中坡北路口,0,0,1,2,C03,8,6,5,40,4,1,1,5,4,5,13,1,1,5,4,5,2,17,2,36,2,9,6,1,7,9,1,10,1,12,,44,,1,22,121.5799988,25.0495051
113,1,7,13,42,2,02萬華區,萬華區東園街與東園街73巷口,0,0,1,1,B03,8,6,5,50,4,2,1,5,4,5,13,2,1,5,4,5,2,17,2,46,2,1,7,1,7,9,1,8,1,2,,108,,1,21,121.4964454,25.0260344
113,1,7,13,42,2,02萬華區,萬華區東園街與東園街73巷口,0,0,1,2,B01,8,6,5,50,4,2,1,5,4,5,13,2,1,5,4,5,2,17,1,59,3,10,7,1,7,14,1,2,1,4,,38,,1,21,121.4964454,25.0260344
113,1,7,14,35,2,09北投區,北投區西安街1段與西安街1段299巷口,0,0,1,1,B03,8,6,5,50,3,1,1,5,4,5,13,4,4,1,4,5,1,12,2,34,3,10,7,1,7,1,1,8,1,5,,19,,1,21,121.5165361,25.1126572
113,1,7,14,35,2,09北投區,北投區西安街1段與西安街1段299巷口,0,0,1,2,C03,8,6,5,50,3,1,1,5,4,5,13,4,4,1,4,5,1,12,1,29,3,10,5,1,7,9,1,10,1,14,,108,,1,21,121.5165361,25.1126572
113,1,7,14,35,2,09北投區,北投區西安街1段與西安街1段299巷口,0,0,1,3,H02,8,6,5,50,3,1,1,5,4,5,13,4,4,1,4,5,1,12,2,28,2,8,5,5,7,17,8,20,10,16,,67,,1,21,121.5165361,25.1126572
113,1,7,14,50,2,07信義區,信義區莊敬路與莊敬路239巷口口,0,0,1,2,C03,8,7,8,50,4,1,1,5,4,5,13,1,1,5,4,5,2,17,2,21,2,8,6,1,7,9,1,10,1,11,,44,,1,22,121.5623226,25.029569
113,1,7,14,50,2,07信義區,信義區莊敬路與莊敬路239巷口口,0,0,1,1,B12,8,7,8,50,4,1,1,5,4,5,13,1,1,5,4,5,2,17,1,62,3,10,7,1,7,5,1,8,1,2,,71,,1,22,121.5623226,25.029569
113,1,7,15,41,2,10文山區,文山區木柵路4段26號,0,0,1,1,B03,8,7,5,50,14,9,1,5,4,5,13,4,4,5,4,5,2,16,1,21,3,10,7,1,7,6,3,18,1,2,,9,,1,21,121.5732395,24.99692
113,1,7,15,41,2,10文山區,文山區木柵路4段26號,0,0,1,2,C03,8,7,5,50,14,9,1,5,4,5,13,4,4,5,4,5,2,16,1,38,2,9,5,1,7,9,1,10,1,14,,42,,1,21,121.5732395,24.99692
113,1,7,15,43,2,10文山區,文山區木柵路1段與木柵路1段76巷口口,0,0,2,1,C03,8,5,5,50,4,1,1,5,4,5,13,2,1,4,3,5,2,13,1,18,2,8,5,1,7,9,1,10,2,11,,16,,1,21,121.550321,24.9875118
113,1,7,15,43,2,10文山區,文山區木柵路1段與木柵路1段76巷口口,0,0,2,2,C03,8,5,5,50,4,1,1,5,4,5,13,2,1,4,3,5,2,13,1,48,2,8,5,1,7,9,1,10,2,13,,44,,1,21,121.550321,24.9875118
113,1,7,15,43,2,10文山區,文山區木柵路1段與木柵路1段76巷口口,0,0,2,3,C03,8,5,5,50,4,1,1,5,4,5,13,2,1,4,3,5,2,13,1,35,4,11,6,4,7,14,1,10,11,12,,44,,2,21,121.550321,24.9875118
113,1,7,15,59,2,05中正區,中正區重慶南路3段52號,0,0,1,1,B03,8,7,5,50,14,9,1,5,4,5,13,4,4,1,4,5,2,12,1,35,4,11,3,4,7,9,7,19,11,15,,108,,2,22,121.5157015,25.0279203
113,1,7,15,59,2,05中正區,中正區重慶南路3段52號,0,0,1,2,C04,8,7,5,50,14,9,1,5,4,5,13,4,4,1,4,5,2,12,1,67,2,9,5,1,7,9,1,10,2,14,,44,,1,21,121.5157015,25.0279203
113,1,7,17,19,2,01大同區,大同區重慶北路1段與長安西路口,0,0,1,1,B03,8,5,5,50,4,1,1,5,4,5,13,2,1,1,4,5,2,16,1,82,4,11,3,4,7,21,7,19,11,15,,71,,2,22,121.5138967,25.0515924
113,1,7,17,19,2,01大同區,大同區重慶北路1段與長安西路口,0,0,1,2,C03,8,5,5,50,4,1,1,5,4,5,13,2,1,1,4,5,2,16,2,21,2,8,5,1,7,9,1,10,1,11,,44,,1,21,121.5138967,25.0515924
113,1,7,17,35,2,09北投區,北投區崗山路與崗山路5巷口,0,0,1,1,B03,7,6,5,30,4,1,1,5,4,5,13,4,4,10,5,5,2,15,1,47,3,10,7,1,7,9,1,8,1,8,,107,,1,21,121.4867934,25.1402949
113,1,7,17,35,2,09北投區,北投區崗山路與崗山路5巷口,0,0,1,2,C03,7,6,5,30,4,1,1,5,4,5,13,4,4,10,5,5,2,15,1,23,2,8,5,1,7,9,1,10,1,11,12,72,,1,21,121.4867934,25.1402949
113,1,7,18,1,2,08士林區,士林區通河東街1段188號,0,0,2,1,B01,7,5,5,30,14,9,1,5,4,5,13,4,4,10,5,5,1,16,1,41,3,10,7,1,7,11,1,4,1,4,,10,,1,21,121.5155163,25.08909826
113,1,7,18,1,2,08士林區,士林區通河東街1段188號,0,0,2,2,C03,7,5,5,30,14,9,1,5,4,5,13,4,4,10,5,5,1,16,2,21,2,9,5,1,7,9,1,10,1,11,,44,,1,21,121.5155163,25.08909826
113,1,7,18,1,2,08士林區,士林區通河東街1段188號,0,0,2,3,H02,7,5,5,30,14,9,1,5,4,5,13,4,4,10,5,5,1,16,2,21,2,9,5,5,7,20,8,20,10,17,,67,,1,21,121.5155163,25.08909826
113,1,7,18,45,2,05中正區,中正區中華路1段39號,0,0,1,1,C03,7,5,5,50,14,9,1,5,4,5,13,1,1,1,4,5,2,16,1,53,4,11,3,1,7,9,7,19,11,13,,119,,2,21,121.5094143,25.0455086
113,1,7,18,45,2,05中正區,中正區中華路1段39號,0,0,1,2,C03,7,5,5,50,14,9,1,5,4,5,13,1,1,1,4,5,2,16,1,24,2,9,6,1,7,7,1,10,2,14,,100,,1,21,121.5094143,25.0455086
113,1,7,19,11,2,07信義區,信義區吳興街553號,0,0,2,1,B03,8,5,5,50,14,9,1,5,4,5,13,4,4,9,1,5,2,17,2,54,3,10,7,1,7,1,1,8,1,8,,19,,1,21,121.5694659,25.02293108
113,1,7,19,11,2,07信義區,信義區吳興街553號,0,0,2,2,C03,8,5,5,50,14,9,1,5,4,5,13,4,4,9,1,5,2,17,1,37,2,7,6,1,7,9,1,10,1,12,,44,,1,21,121.5694659,25.02293108
113,1,7,19,11,2,07信義區,信義區吳興街553號,0,0,2,3,H02,8,5,5,50,14,9,1,5,4,5,13,4,4,9,1,5,2,17,2,28,2,1,6,5,7,21,8,20,10,16,,67,,1,21,121.5694659,25.02293108
113,1,7,19,22,2,09北投區,北投區石牌路2段與裕民四路口,0,0,1,1,B03,7,5,5,50,11,9,1,5,4,5,13,4,4,1,4,5,2,13,1,56,3,10,7,1,7,9,1,8,2,8,,108,,1,21,121.5156111,25.1156102
113,1,7,19,22,2,09北投區,北投區石牌路2段與裕民四路口,0,0,1,2,C03,7,5,5,50,11,9,1,5,4,5,13,4,4,1,4,5,2,13,1,47,2,8,5,1,7,9,1,10,2,13,,44,,1,21,121.5156111,25.1156102
113,1,7,19,22,2,09北投區,北投區石牌路2段與裕民四路口,0,0,1,3,B03,7,5,5,50,11,9,1,5,4,5,13,4,4,1,4,5,2,13,1,27,3,10,7,1,7,12,1,8,2,6,,44,,1,21,121.5156111,25.1156102
113,1,7,19,41,2,08士林區,士林區士東路200巷與芝玉路2段20巷口,0,0,1,1,C03,8,5,5,30,5,1,1,5,4,5,13,4,4,9,5,5,2,17,1,41,2,8,6,2,7,9,1,10,1,11,,108,,1,21,121.5340416,25.1104009
113,1,7,19,41,2,08士林區,士林區士東路200巷與芝玉路2段20巷口,0,0,1,2,B02,8,5,5,30,5,1,1,5,4,5,13,4,4,9,5,5,2,17,1,46,3,10,3,4,7,14,1,8,1,7,,44,,1,21,121.5340416,25.1104009
113,1,7,20,15,2,10文山區,文山區興隆路2段與興隆路2段244巷口口,0,0,3,1,C03,8,5,5,50,3,1,1,5,4,5,13,4,4,5,5,5,2,16,2,50,2,9,6,1,7,5,1,10,1,11,,74,,1,21,121.5538379,25.0010854
113,1,7,20,15,2,10文山區,文山區興隆路2段與興隆路2段244巷口口,0,0,3,2,C03,8,5,5,50,3,1,1,5,4,5,13,4,4,5,5,5,2,16,1,24,3,10,6,1,7,9,1,10,1,11,,14,,1,21,121.5538379,25.0010854
113,1,7,20,15,2,10文山區,文山區興隆路2段與興隆路2段244巷口口,0,0,3,3,H02,8,5,5,50,3,1,1,5,4,5,13,4,4,5,5,5,2,16,2,22,2,8,6,5,7,21,8,20,10,17,,67,,1,21,121.5538379,25.0010854
113,1,7,20,15,2,10文山區,文山區興隆路2段與興隆路2段244巷口口,0,0,3,4,H02,8,5,5,50,3,1,1,5,4,5,13,4,4,5,5,5,2,16,2,21,2,8,6,5,7,21,8,20,10,17,,67,,1,21,121.5538379,25.0010854
113,1,7,21,0,2,04大安區,大安區仁愛路3段9號,0,0,2,1,B03,8,5,5,50,14,9,1,5,4,5,13,4,4,1,4,5,2,16,1,27,3,10,7,1,7,7,1,8,1,17,,100,,1,21,121.5349913,25.0384783
113,1,7,21,0,2,04大安區,大安區仁愛路3段9號,0,0,2,2,C03,8,5,5,50,14,9,1,5,4,5,13,4,4,1,4,5,2,16,1,32,2,9,5,1,7,9,1,10,1,14,,44,,1,21,121.5349913,25.0384783
113,1,7,21,0,2,04大安區,大安區仁愛路3段9號,0,0,2,3,H02,8,5,5,50,14,9,1,5,4,5,13,4,4,1,4,5,2,16,2,33,2,9,5,5,7,21,8,20,10,16,,67,,1,21,121.5349913,25.0384783
113,1,7,21,30,2,03中山區,中山區北安路與大直街口,0,0,1,1,B03,8,5,5,50,5,1,1,5,4,5,13,1,1,3,4,5,2,16,1,46,3,10,3,4,7,6,1,8,1,5,,80,,1,21,121.546709,25.0802036
113,1,7,21,30,2,03中山區,中山區北安路與大直街口,0,0,1,2,C03,8,5,5,50,5,1,1,5,4,5,13,1,1,3,4,5,2,16,1,37,2,8,3,4,7,9,1,10,1,13,,44,,1,21,121.546709,25.0802036
113,1,7,21,30,2,10文山區,文山區木柵路1段205號,0,0,3,1,B03,8,5,5,50,14,9,1,5,4,5,13,4,4,5,4,5,2,10,1,45,2,7,7,1,7,9,1,8,4,1,,4,,1,21,121.551542,24.9877174
113,1,7,21,30,2,10文山區,文山區木柵路1段205號,0,0,3,2,B03,8,5,5,50,14,9,1,5,4,5,13,4,4,5,4,5,2,10,1,65,2,7,7,1,7,12,1,8,2,1,,44,,1,21,121.551542,24.9877174
113,1,7,21,30,2,10文山區,文山區木柵路1段205號,0,0,3,3,B03,8,5,5,50,14,9,1,5,4,5,13,4,4,5,4,5,2,10,2,61,3,10,7,1,7,12,1,8,2,1,,44,,1,21,121.551542,24.9877174
113,1,7,21,30,2,10文山區,文山區木柵路1段205號,0,0,3,4,H02,8,5,5,50,14,9,1,5,4,5,13,4,4,5,4,5,2,10,1,29,2,8,7,5,7,20,8,20,10,16,,67,,1,21,121.551542,24.9877174
113,1,7,21,45,2,05中正區,中正區牯嶺街與寧波西街口,0,0,1,1,C03,8,5,5,50,4,1,1,5,4,5,13,1,1,5,4,5,2,17,1,47,2,9,5,1,7,9,1,10,2,14,,44,,1,21,121.5165118,25.0301019
113,1,7,21,45,2,05中正區,中正區牯嶺街與寧波西街口,0,0,1,2,B03,8,5,5,50,4,1,1,5,4,5,13,1,1,5,4,5,2,17,1,20,3,10,7,1,7,5,1,8,2,1,,71,,1,21,121.5165118,25.0301019
113,1,7,21,45,2,05中正區,中正區牯嶺街與寧波西街口,0,0,1,3,H02,8,5,5,50,4,1,1,5,4,5,13,1,1,5,4,5,2,17,2,37,4,11,5,5,7,20,8,20,10,16,,67,,1,21,121.5165118,25.0301019
113,1,7,21,53,2,01大同區,大同區重慶北路3段與昌吉街口,0,0,1,1,B03,8,5,5,50,5,2,1,5,4,5,13,4,4,1,4,5,2,13,2,55,3,10,2,1,7,8,1,14,2,7,,100,,1,22,121.5137942,25.0661844
113,1,7,21,53,2,01大同區,大同區重慶北路3段與昌吉街口,0,0,1,2,C03,8,5,5,50,5,2,1,5,4,5,13,4,4,1,4,5,2,13,1,18,2,9,6,1,7,1,1,10,2,11,,108,,1,22,121.5137942,25.0661844
113,1,7,22,40,2,05中正區,中正區中山南路5號與徐州路口,0,0,1,1,B03,7,5,5,50,3,2,1,5,4,5,13,1,1,1,4,5,2,16,1,64,3,10,7,1,7,5,1,8,2,8,,71,,1,22,121.518543,25.0418865
113,1,7,22,40,2,05中正區,中正區中山南路5號與徐州路口,0,0,1,2,C03,7,5,5,50,3,2,1,5,4,5,13,1,1,1,4,5,2,16,1,26,2,9,6,1,7,9,1,10,2,11,,44,,1,21,121.518543,25.0418865
113,1,8,2,23,2,01大同區,大同區民權西路與民權西路225巷口,0,0,2,1,B01,7,5,5,50,4,1,1,5,4,5,13,3,1,1,4,5,2,15,2,31,2,5,3,4,7,9,1,4,2,7,,72,,1,22,121.5121932,25.0630286
113,1,8,2,23,2,01大同區,大同區民權西路與民權西路225巷口,0,0,2,2,C03,7,5,5,50,4,1,1,5,4,5,13,3,1,1,4,5,2,15,1,19,2,9,6,4,7,9,1,10,2,11,,108,,1,22,121.5121932,25.0630286
113,1,8,6,43,2,07信義區,信義區福德街與大道路口,0,0,1,1,B01,8,7,5,30,4,2,1,5,4,5,13,1,1,1,3,5,2,17,1,62,3,10,3,4,7,5,1,4,1,2,,74,,1,22,121.5837584,25.0380752
113,1,8,6,43,2,07信義區,信義區福德街與大道路口,0,0,1,2,C01,8,7,5,30,4,2,1,5,4,5,13,1,1,1,3,5,2,17,1,42,2,9,3,4,7,9,1,9,1,11,,13,,1,22,121.5837584,25.0380752
113,1,8,7,14,2,12內湖區,內湖區新湖一路79號,0,0,1,1,B03,7,7,5,50,14,9,1,5,4,5,13,4,4,5,4,5,2,16,1,44,3,10,7,1,7,6,1,8,1,5,,9,,1,21,121.5753834,25.0585647
113,1,8,7,14,2,12內湖區,內湖區新湖一路79號,0,0,1,2,C03,7,7,5,50,14,9,1,5,4,5,13,4,4,5,4,5,2,16,1,51,2,9,5,1,7,9,1,10,1,11,,44,,1,21,121.5753834,25.0585647
113,1,8,7,30,2,12內湖區,內湖區瑞光路76巷與瑞光路112巷口,0,0,2,1,B03,8,7,5,50,4,1,1,5,4,5,13,1,1,5,5,5,2,16,2,66,2,6,7,1,7,5,1,8,1,5,,80,,1,21,121.5803171,25.0704054
113,1,8,7,30,2,12內湖區,內湖區瑞光路76巷與瑞光路112巷口,0,0,2,2,C03,8,7,5,50,4,1,1,5,4,5,13,1,1,5,5,5,2,16,1,29,2,9,5,1,7,10,1,10,1,11,,44,,1,21,121.5803171,25.0704054
113,1,8,7,55,2,08士林區,士林區承德路4段與承德路4段77巷口,0,0,2,1,C03,8,6,5,50,5,2,1,5,4,5,13,1,1,1,4,5,2,17,1,41,2,9,5,1,7,9,1,10,1,11,,108,,1,21,121.5232019,25.08217789
113,1,8,7,55,2,08士林區,士林區承德路4段與承德路4段77巷口,0,0,2,2,C03,8,6,5,50,5,2,1,5,4,5,13,1,1,1,4,5,2,17,1,26,2,9,5,1,7,12,1,10,1,13,,44,,1,21,121.5232019,25.08217789
113,1,8,7,55,2,08士林區,士林區承德路4段與承德路4段77巷口,0,0,2,3,B03,8,6,5,50,5,2,1,5,4,5,13,1,1,1,4,5,2,17,1,52,3,10,7,1,7,11,1,8,1,17,,10,,1,21,121.5232019,25.08217789
113,1,8,8,0,2,08士林區,士林區天母橋與中山北路6段405巷口,0,0,1,1,C03,8,6,5,50,3,1,1,5,4,5,13,4,4,5,5,5,2,16,1,40,2,8,6,1,7,5,1,10,1,14,,80,,1,21,121.525997,25.1136388
113,1,8,8,0,2,08士林區,士林區天母橋與中山北路6段405巷口,0,0,1,2,B03,8,6,5,50,3,1,1,5,4,5,13,4,4,5,5,5,2,16,1,35,3,10,7,1,7,9,1,8,1,1,,80,,1,21,121.525997,25.1136388
113,1,8,8,20,2,03中山區,中山區建國北路2段108號,0,0,1,1,B03,8,5,5,50,14,9,1,5,4,5,13,4,4,1,3,5,1,16,1,55,3,10,7,1,7,8,1,8,1,5,,100,,1,21,121.53667,25.05843541
113,1,8,8,20,2,03中山區,中山區建國北路2段108號,0,0,1,2,C03,8,5,5,50,14,9,1,5,4,5,13,4,4,1,3,5,1,16,1,43,2,9,6,1,7,9,1,10,1,14,,44,,1,21,121.53667,25.05843541
113,1,8,8,20,2,08士林區,士林區通河西街2段與通河西街2段102巷口,0,0,2,1,C03,8,6,5,50,3,2,1,5,4,5,13,4,4,10,5,5,1,16,2,43,2,9,5,1,7,1,1,10,1,12,,19,,1,21,121.5083177,25.0927314
113,1,8,8,20,2,08士林區,士林區通河西街2段與通河西街2段102巷口,0,0,2,2,C03,8,6,5,50,3,2,1,5,4,5,13,4,4,10,5,5,1,16,1,25,2,9,5,1,7,9,1,10,1,11,,44,,1,21,121.5083177,25.0927314
113,1,8,8,22,2,10文山區,文山區木新路3段45巷與木新路3段45巷10弄口,0,0,1,1,B01,7,6,5,30,3,1,1,5,4,5,13,4,4,10,5,5,2,16,1,47,3,10,7,1,7,6,1,4,1,8,,17,,1,21,121.5644649,24.9815885
113,1,8,8,22,2,10文山區,文山區木新路3段45巷與木新路3段45巷10弄口,0,0,1,2,C03,7,6,5,30,3,1,1,5,4,5,13,4,4,10,5,5,2,16,1,34,2,9,5,1,7,9,1,10,1,11,,13,,1,21,121.5644649,24.9815885
113,1,8,8,24,2,04大安區,大安區羅斯福路4段與基隆路4段口,0,0,3,1,C03,8,6,5,50,5,1,1,5,4,5,13,2,1,1,4,5,2,12,1,43,2,5,5,1,7,15,1,10,1,12,,108,,1,21,121.5372683,25.01087861
113,1,8,8,24,2,04大安區,大安區羅斯福路4段與基隆路4段口,0,0,3,2,C03,8,6,5,50,5,1,1,5,4,5,13,2,1,1,4,5,2,12,2,31,2,9,5,1,7,9,1,10,1,14,,44,,1,21,121.5372683,25.01087861
113,1,8,8,24,2,04大安區,大安區羅斯福路4段與基隆路4段口,0,0,3,3,H02,8,6,5,50,5,1,1,5,4,5,13,2,1,1,4,5,2,12,2,46,2,8,5,5,7,20,8,20,10,16,,67,,1,21,121.5372683,25.01087861
113,1,8,8,27,2,07信義區,信義區松德路133巷與松德路169巷口口,0,0,2,1,C03,8,7,5,30,4,1,1,5,4,5,13,4,4,10,5,5,2,15,1,61,2,3,6,1,7,9,1,10,1,11,,14,,1,21,121.5758896,25.036366
113,1,8,8,27,2,07信義區,信義區松德路133巷與松德路169巷口口,0,0,2,2,C03,8,7,5,30,4,1,1,5,4,5,13,4,4,10,5,5,2,15,1,25,2,7,6,1,7,9,1,10,1,14,,14,,1,21,121.5758896,25.036366
113,1,8,8,35,2,12內湖區,內湖區康寧街3段81號,0,0,1,1,C03,7,7,5,50,14,9,1,5,4,5,13,1,1,1,3,1,2,12,1,38,2,8,6,1,7,8,1,10,1,14,,100,,1,21,121.6313496,25.06827156
113,1,8,8,35,2,12內湖區,內湖區康寧街3段81號,0,0,1,2,B01,7,7,5,50,14,9,1,5,4,5,13,1,1,1,3,1,2,12,1,57,3,10,7,1,7,9,1,8,1,2,,44,,1,21,121.6313496,25.06827156
113,1,8,8,41,2,03中山區,中山區中山北路2段36巷與撫順街口,0,0,2,1,B01,7,5,5,50,3,1,1,5,4,5,13,4,4,5,5,5,2,16,1,61,3,10,3,4,7,5,1,4,1,4,,72,,1,21,121.5221391,25.0638769
113,1,8,8,41,2,03中山區,中山區中山北路2段36巷與撫順街口,0,0,2,2,C03,7,5,5,50,3,1,1,5,4,5,13,4,4,5,5,5,2,16,1,36,2,8,3,4,7,9,1,10,1,14,,44,,1,21,121.5221391,25.0638769
113,1,8,8,41,2,03中山區,中山區中山北路2段36巷與撫順街口,0,0,2,3,H02,7,5,5,50,3,1,1,5,4,5,13,4,4,5,5,5,2,16,2,35,2,9,3,5,7,21,8,20,10,16,,67,,1,21,121.5221391,25.0638769
113,1,8,8,47,2,09北投區,北投區承德路7段與立賢路口,0,0,1,1,A31,8,6,5,50,4,2,1,5,4,5,13,2,1,1,4,5,2,13,1,57,3,10,7,1,7,9,1,5,2,1,,108,,1,21,121.5047956,25.1159759
113,1,8,8,47,2,09北投區,北投區承德路7段與立賢路口,0,0,1,2,C03,8,6,5,50,4,2,1,5,4,5,13,2,1,1,4,5,2,13,1,18,2,8,5,1,7,9,1,9,2,13,,44,,1,21,121.5047956,25.1159759
113,1,8,8,54,2,03中山區,中山區八德路2段與龍江路口,0,0,2,1,C03,7,5,5,50,3,1,1,5,4,5,13,1,1,4,3,5,1,16,1,59,2,9,6,4,7,5,1,10,2,14,,99,,1,21,121.5404182,25.0467157
113,1,8,8,54,2,03中山區,中山區八德路2段與龍江路口,0,0,2,2,B02,7,5,5,50,3,1,1,5,4,5,13,1,1,4,3,5,1,16,2,58,3,10,3,4,7,9,1,8,2,1,,13,,1,21,121.5404182,25.0467157
113,1,8,8,54,2,03中山區,中山區八德路2段與龍江路口,0,0,2,3,H02,7,5,5,50,3,1,1,5,4,5,13,1,1,4,3,5,1,16,2,59,2,9,6,5,7,17,8,20,10,16,,67,,1,21,121.5404182,25.0467157
113,1,8,8,55,2,11南港區,南港區興中路68巷9號,0,0,1,1,B03,8,6,5,50,14,9,1,5,4,5,13,4,4,5,3,5,2,12,1,41,3,10,3,4,7,1,1,8,1,8,,19,,1,22,121.6061381,25.0568431
113,1,8,8,55,2,11南港區,南港區興中路68巷9號,0,0,1,2,C04,8,6,5,50,14,9,1,5,4,5,13,4,4,5,3,5,2,12,1,19,2,8,5,4,7,9,1,10,1,11,,44,,1,21,121.6061381,25.0568431
113,1,8,9,15,2,03中山區,中山區市民大道2段東往西市民林森公車站,0,0,2,1,C03,8,7,5,40,14,9,1,5,4,5,13,4,4,1,4,5,2,12,1,50,3,10,6,1,7,8,1,8,1,13,,100,,1,21,121.5235199,25.04798674
113,1,8,9,15,2,03中山區,中山區市民大道2段東往西市民林森公車站,0,0,2,2,C03,8,7,5,40,14,9,1,5,4,5,13,4,4,1,4,5,2,12,1,23,2,8,6,1,7,9,1,10,1,11,,108,,1,21,121.5235199,25.04798674
113,1,8,9,15,2,03中山區,中山區市民大道2段東往西市民林森公車站,0,0,2,3,H02,8,7,5,40,14,9,1,5,4,5,13,4,4,1,4,5,2,12,2,23,2,8,6,5,7,20,8,20,10,16,,67,,1,21,121.5235199,25.04798674
113,1,8,9,35,2,05中正區,中正區汀州路2段與金門街口,0,0,1,1,B01,7,7,5,50,4,1,1,5,4,5,13,1,1,4,5,5,2,16,1,48,3,10,7,1,7,11,1,4,1,1,,10,,1,21,121.5238823,25.0222944
113,1,8,9,35,2,05中正區,中正區汀州路2段與金門街口,0,0,1,2,C03,7,7,5,50,4,1,1,5,4,5,13,1,1,4,5,5,2,16,1,19,2,9,6,1,7,9,1,10,1,14,,44,,1,21,121.5238823,25.0222944
113,1,8,10,49,2,02萬華區,萬華區和平西路3段與和平西路3段382巷口,0,0,1,1,C03,8,7,5,50,4,2,1,5,4,5,13,1,1,1,5,5,2,17,2,35,2,8,5,1,7,5,1,10,1,14,,8,,1,21,121.4915,25.03535799
113,1,8,10,49,2,02萬華區,萬華區和平西路3段與和平西路3段382巷口,0,0,1,2,C03,8,7,5,50,4,2,1,5,4,5,13,1,1,1,5,5,2,17,1,25,3,10,5,1,7,9,1,10,1,12,,44,,1,21,121.4915,25.03535799