發生年度,發生月,發生日,發生時-Hours,發生分,處理別-編號,區序,肇事地點,死亡人數,2-30日死亡人數,受傷人數,當事人序號,車種,天候,道路照明設備,道路類別,速限-速度限制,道路型態,事故位置,路面狀況1,路面狀況2,路面狀況3,道路障礙1,道路障礙2,號誌1,號誌2,車道劃分-分向,車道劃分-分道1,車道劃分-分道2,車道劃分-分道3,事故類型及型態,性別,年齡,受傷程度,主要傷處,保護裝置,行動電話,車輛用途,當事者行動狀態,駕駛資格情形,駕駛執照種類,飲酒情形,車輛撞擊部位1,車輛撞擊部位2,肇因碼-個別,肇因碼-主要,個人肇逃否,職業,座標-X,座標-Y
113,1,8,11,4,2,04大安區,大安區浦城街與浦城街16巷口,0,0,2,1,C03,8,7,5,30,4,1,1,5,4,5,13,4,4,10,5,5,1,15,2,41,2,9,5,4,7,9,1,10,1,11,,4,,1,21,121.5268355,25.023703
113,1,8,11,4,2,04大安區,大安區浦城街與浦城街16巷口,0,0,2,2,C03,8,7,5,30,4,1,1,5,4,5,13,4,4,10,5,5,1,15,1,32,2,9,5,4,7,9,1,10,1,11,,14,,1,21,121.5268355,25.023703
113,1,8,11,25,2,06松山區,松山區敦化北路與民生東路4段口,0,0,1,1,B13,8,5,5,30,4,2,1,5,4,5,13,2,1,1,4,5,2,12,1,46,3,10,7,1,7,1,1,6,1,7,,19,,1,22,121.549337,25.05792944
113,1,8,11,25,2,06松山區,松山區敦化北路與民生東路4段口,0,0,1,2,C03,8,5,5,30,4,2,1,5,4,5,13,2,1,1,4,5,2,12,1,25,2,9,5,1,7,9,1,10,1,11,,44,,1,22,121.549337,25.05792944
113,1,8,11,30,2,09北投區,北投區大業路300巷9弄與無名巷口,0,0,1,1,B01,8,7,5,30,4,1,1,5,4,5,10,4,4,10,5,5,2,15,1,68,3,10,7,1,7,9,1,4,1,1,,75,,1,21,121.4989833,25.1285891
113,1,8,11,30,2,09北投區,北投區大業路300巷9弄與無名巷口,0,0,1,2,C03,8,7,5,30,4,1,1,5,4,5,10,4,4,10,5,5,2,15,1,70,2,9,6,1,7,9,1,10,1,14,,42,,1,21,121.4989833,25.1285891
113,1,8,11,30,2,09北投區,北投區大業路300巷9弄與無名巷口,0,0,1,3,B12,8,7,5,30,4,1,1,5,4,5,10,4,4,10,5,5,2,15,1,40,3,10,3,4,7,13,1,8,1,17,,38,,1,21,121.4989833,25.1285891
113,1,8,12,0,2,03中山區,中山區八德路2段與復興北路口,0,0,1,1,B01,8,7,5,50,4,2,1,5,4,5,13,2,1,5,4,5,2,16,1,48,3,10,7,1,7,11,1,4,1,2,,10,,1,21,121.5437918,25.04755461
113,1,8,12,0,2,03中山區,中山區八德路2段與復興北路口,0,0,1,2,C03,8,7,5,50,4,2,1,5,4,5,13,2,1,5,4,5,2,16,1,34,2,8,6,1,7,9,1,10,1,11,,44,,1,21,121.5437918,25.04755461
113,1,8,12,5,2,05中正區,中正區中華路1段29-2號,0,0,1,1,C03,8,7,5,50,14,9,1,5,4,5,13,4,4,1,4,5,2,12,1,80,2,9,5,1,7,9,1,10,2,14,,101,,1,21,121.5095083,25.0457901
113,1,8,12,5,2,05中正區,中正區中華路1段29-2號,0,0,1,2,B02,8,7,5,50,14,9,1,5,4,5,13,4,4,1,4,5,2,12,2,56,3,10,7,1,7,9,1,4,2,5,,44,,1,21,121.5095083,25.0457901
113,1,8,12,10,2,08士林區,士林區平菁街42巷與平菁街口,0,0,1,1,C03,8,6,5,30,4,2,1,5,4,5,13,4,4,10,5,5,1,15,2,59,2,9,5,1,7,9,1,10,1,11,,75,,1,21,121.5729194,25.1307839
113,1,8,12,10,2,08士林區,士林區平菁街42巷與平菁街口,0,0,1,2,B03,8,6,5,30,4,2,1,5,4,5,13,4,4,10,5,5,1,15,1,71,3,10,7,1,7,9,1,8,2,4,,107,,1,21,121.5729194,25.1307839
113,1,8,12,14,2,10文山區,文山區羅斯福路6段與羅斯福路6段455巷口,0,0,1,1,C03,8,6,5,50,4,2,1,5,4,5,13,1,1,1,4,5,2,13,2,32,2,8,6,1,7,9,6,18,1,11,,108,,1,21,121.5397999,24.9901974
113,1,8,12,14,2,10文山區,文山區羅斯福路6段與羅斯福路6段455巷口,0,0,1,2,C03,8,6,5,50,4,2,1,5,4,5,13,1,1,1,4,5,2,13,2,29,3,10,6,1,7,9,1,10,1,13,,44,,1,21,121.5397999,24.9901974
113,1,8,13,20,2,03中山區,中山區建國北路1段73號,0,0,1,1,F07,8,7,5,50,14,9,1,5,4,1,12,4,4,1,4,4,2,9,1,41,3,10,4,4,7,9,8,20,1,17,,42,,1,21,121.5370383,25.05156142
113,1,8,13,20,2,03中山區,中山區建國北路1段73號,0,0,1,2,H03,8,7,5,50,14,9,1,5,4,1,12,4,4,1,4,4,2,9,2,66,2,8,4,5,8,17,8,20,10,16,,67,,1,21,121.5370383,25.05156142
113,1,8,13,20,2,05中正區,中正區愛國西路與重慶南路1段口,0,0,1,1,C03,8,6,5,50,4,1,1,5,4,5,13,1,1,1,4,5,2,13,1,70,3,10,6,1,7,9,1,10,2,11,,108,,1,21,121.5126622,25.0355358
113,1,8,13,20,2,05中正區,中正區愛國西路與重慶南路1段口,0,0,1,2,C03,8,6,5,50,4,1,1,5,4,5,13,1,1,1,4,5,2,13,2,28,2,9,6,1,7,15,1,10,2,13,,44,,1,21,121.5126622,25.0355358
113,1,8,13,22,2,10文山區,文山區忠順街1段與忠順街1段41巷口口,0,0,2,1,F01,8,7,5,30,3,1,1,5,4,5,13,4,4,10,5,5,2,16,2,84,2,1,4,1,7,6,8,20,1,15,,72,,1,21,121.558613,24.9840286
113,1,8,13,22,2,10文山區,文山區忠順街1段與忠順街1段41巷口口,0,0,2,2,C03,8,7,5,30,3,1,1,5,4,5,13,4,4,10,5,5,2,16,2,41,2,7,5,1,7,9,1,11,1,12,,44,,1,21,121.558613,24.9840286
113,1,8,14,10,2,05中正區,中正區中山南路與信義路1段口,0,0,1,1,C03,7,6,5,50,5,1,1,5,4,5,13,1,1,10,5,5,2,12,2,40,2,9,5,1,7,5,1,10,2,14,,96,,1,22,121.517912,25.03877133
113,1,8,14,10,2,05中正區,中正區中山南路與信義路1段口,0,0,1,2,B03,7,6,5,50,5,1,1,5,4,5,13,1,1,10,5,5,2,12,1,52,3,10,2,1,7,9,1,8,2,6,,44,,1,22,121.517912,25.03877133
113,1,8,14,22,2,09北投區,北投區竹子湖路33號燈桿,0,0,1,1,A02,8,6,5,40,14,9,1,5,4,5,13,4,4,5,4,5,2,2,1,51,3,10,7,1,7,9,1,2,2,2,,108,,1,21,121.5468882,25.1579984
113,1,8,14,22,2,09北投區,北投區竹子湖路33號燈桿,0,0,1,2,H01,8,6,5,40,14,9,1,5,4,5,13,4,4,5,4,5,2,2,1,55,2,9,4,5,8,16,8,20,10,16,,67,,1,21,121.5468882,25.1579984
113,1,8,15,4,2,05中正區,中正區貴陽街1段235號對面,0,0,1,1,A12,8,7,5,50,14,9,1,5,4,5,13,4,4,9,4,5,2,17,1,58,3,10,7,1,7,7,1,3,2,2,,100,,1,21,121.5093291,25.03911239
113,1,8,15,4,2,05中正區,中正區貴陽街1段235號對面,0,0,1,2,C03,8,7,5,50,14,9,1,5,4,5,13,4,4,9,4,5,2,17,1,21,2,8,5,1,7,9,1,10,2,14,,44,,1,21,121.5093291,25.03911239
113,1,8,15,12,2,03中山區,中山區北安路與敬業二路口,0,0,2,1,C03,7,5,5,50,3,1,1,5,4,5,13,4,4,1,3,5,1,16,1,19,2,6,6,4,7,6,1,10,1,12,,9,,1,21,121.554356,25.0850976
113,1,8,15,12,2,03中山區,中山區北安路與敬業二路口,0,0,2,2,C03,7,5,5,50,3,1,1,5,4,5,13,4,4,1,3,5,1,16,2,19,2,9,6,4,7,9,1,10,1,11,,44,,1,21,121.554356,25.0850976
113,1,8,15,32,2,02萬華區,萬華區堤外便道近桂林水門口,0,0,1,1,B12,7,6,5,40,14,9,1,5,4,5,13,4,4,4,4,5,1,16,1,47,3,10,3,4,7,9,1,8,1,8,,44,,1,21,121.4952064,25.03871588
113,1,8,15,32,2,02萬華區,萬華區堤外便道近桂林水門口,0,0,1,2,C03,7,6,5,40,14,9,1,5,4,5,13,4,4,4,4,5,1,16,1,53,2,9,3,4,7,9,1,10,1,12,,44,,1,21,121.4952064,25.03871588
113,1,8,15,32,2,02萬華區,萬華區堤外便道近桂林水門口,0,0,1,3,B03,7,6,5,40,14,9,1,5,4,5,13,4,4,4,4,5,1,16,1,112,3,10,3,4,7,1,7,19,11,17,,19,,1,21,121.4952064,25.03871588
113,1,8,16,19,2,09北投區,北投區中央南路2段26號停車格,0,0,1,1,C03,8,6,5,40,14,9,1,5,4,5,13,4,4,5,4,5,2,12,1,19,2,9,5,1,7,9,1,10,2,11,,108,,1,21,121.5001318,25.12381919
113,1,8,16,19,2,09北投區,北投區中央南路2段26號停車格,0,0,1,2,B03,8,6,5,40,14,9,1,5,4,5,13,4,4,5,4,5,2,12,1,34,3,10,7,1,7,3,1,8,1,4,,10,,1,21,121.5001318,25.12381919
113,1,8,16,27,2,05中正區,中正區牯嶺街與廈門街99巷口,0,0,1,1,B12,7,7,5,30,4,1,1,4,4,5,13,4,4,10,5,5,2,17,1,46,3,10,7,1,7,9,1,8,1,17,,72,,1,21,121.5190466,25.0238465
113,1,8,16,27,2,05中正區,中正區牯嶺街與廈門街99巷口,0,0,1,2,C03,7,7,5,30,4,1,1,4,4,5,13,4,4,10,5,5,2,17,1,25,2,9,6,1,7,9,1,10,1,14,,13,,1,21,121.5190466,25.0238465
113,1,8,16,31,2,08士林區,士林區菁山路與菁山路34巷口,0,0,2,1,C03,7,7,5,40,3,1,1,5,4,5,13,4,4,9,5,5,2,12,1,24,2,9,6,1,7,4,1,10,1,12,,108,,1,21,121.5473082,25.13820793
113,1,8,16,31,2,08士林區,士林區菁山路與菁山路34巷口,0,0,2,2,C03,7,7,5,40,3,1,1,5,4,5,13,4,4,9,5,5,2,12,1,21,2,7,6,1,7,5,1,10,1,14,,8,,1,21,121.5473082,25.13820793
113,1,8,16,46,2,10文山區,文山區木新路3段336號,0,0,1,1,C03,7,5,5,50,14,9,1,5,4,5,13,4,4,5,4,5,2,16,2,18,2,8,6,1,7,1,1,10,1,11,,19,,1,21,121.5552733,24.9803307
113,1,8,16,46,2,10文山區,文山區木新路3段336號,0,0,1,2,B12,7,5,5,50,14,9,1,5,4,5,13,4,4,5,4,5,2,16,1,39,3,10,7,1,7,9,1,8,1,5,,44,,1,21,121.5552733,24.9803307
113,1,8,16,46,2,12內湖區,內湖區文德路210巷30弄與文德路210巷口,0,0,1,1,B03,7,7,5,30,4,1,1,5,4,5,13,4,4,5,5,5,2,16,1,56,3,10,7,1,7,6,1,4,1,1,,72,,1,21,121.5838219,25.0771621
113,1,8,16,46,2,12內湖區,內湖區文德路210巷30弄與文德路210巷口,0,0,1,2,C03,7,7,5,30,4,1,1,5,4,5,13,4,4,5,5,5,2,16,1,42,2,9,5,1,7,9,1,10,1,12,,14,,1,21,121.5838219,25.0771621
113,1,8,16,57,2,08士林區,士林區百齡左岸河濱公園與通河西街2段口堤外便道百齡左岸233燈桿處,0,0,1,1,F01,8,5,5,40,14,9,1,5,4,5,13,4,4,9,5,5,2,16,1,59,2,8,4,1,7,6,8,20,2,12,,9,,1,21,121.5125937,25.0876585
113,1,8,16,57,2,08士林區,士林區百齡左岸河濱公園與通河西街2段口堤外便道百齡左岸233燈桿處,0,0,1,2,B03,8,5,5,40,14,9,1,5,4,5,13,4,4,9,5,5,2,16,1,30,3,10,7,1,7,9,1,8,2,8,,13,,1,21,121.5125937,25.0876585
113,1,8,17,4,2,11南港區,南港區南港路2段28號對面,0,0,1,1,C03,8,6,5,40,14,8,1,5,4,5,13,4,4,5,4,4,2,13,1,61,2,9,3,4,7,9,1,10,1,11,,107,,1,21,121.6054196,25.0540885
113,1,8,17,4,2,11南港區,南港區南港路2段28號對面,0,0,1,2,C03,8,6,5,40,14,8,1,5,4,5,13,4,4,5,4,4,2,13,2,30,3,10,3,4,7,14,1,10,1,13,,44,,1,21,121.6054196,25.0540885
113,1,8,17,21,2,08士林區,士林區中山北路6段與中山北路6段450巷口,0,0,1,1,B03,7,5,5,50,4,1,1,5,4,5,13,1,1,1,5,5,1,16,2,41,3,10,7,1,7,5,1,8,1,2,,74,,1,21,121.5273211,25.11422218
113,1,8,17,21,2,08士林區,士林區中山北路6段與中山北路6段450巷口,0,0,1,2,C03,7,5,5,50,4,1,1,5,4,5,13,1,1,1,5,5,1,16,1,48,2,9,5,1,7,9,1,10,1,11,,44,,1,21,121.5273211,25.11422218
113,1,8,17,45,2,08士林區,士林區天母北路87巷22弄111035燈桿,0,0,1,1,B03,8,5,5,30,11,9,1,5,4,3,10,4,4,10,5,5,2,17,2,47,3,10,3,4,7,9,1,8,2,8,,17,,1,21,121.5279088,25.12287233
113,1,8,17,45,2,08士林區,士林區天母北路87巷22弄111035燈桿,0,0,1,2,C03,8,5,5,30,11,9,1,5,4,3,10,4,4,10,5,5,2,17,2,29,2,9,3,4,7,9,1,10,2,11,,17,,1,21,121.5279088,25.12287233
113,1,8,18,0,2,11南港區,南港區舊莊街1段50號,0,0,2,1,C03,8,5,5,50,14,9,1,5,4,5,13,4,4,9,5,5,2,16,2,46,2,8,5,1,7,5,1,10,1,14,,8,,1,21,121.6184575,25.0412596
113,1,8,18,0,2,11南港區,南港區舊莊街1段50號,0,0,2,2,C03,8,5,5,50,14,9,1,5,4,5,13,4,4,9,5,5,2,16,1,17,3,10,5,1,7,9,2,18,1,11,,44,,1,21,121.6184575,25.0412596
113,1,8,18,0,2,11南港區,南港區舊莊街1段50號,0,0,2,3,H02,8,5,5,50,14,9,1,5,4,5,13,4,4,9,5,5,2,16,2,17,2,7,5,5,7,20,8,20,10,16,,67,,1,21,121.6184575,25.0412596
113,1,8,18,9,2,04大安區,大安區信義路4段與信義路4段265巷口,0,0,1,1,B01,7,5,5,50,4,1,1,5,4,5,13,4,4,10,5,5,2,17,1,62,3,10,7,1,7,1,1,8,1,17,,19,,1,21,121.5543293,25.0333509
113,1,8,18,9,2,04大安區,大安區信義路4段與信義路4段265巷口,0,0,1,2,C03,7,5,5,50,4,1,1,5,4,5,13,4,4,10,5,5,2,17,1,30,2,9,5,1,7,12,1,10,1,14,,44,,1,21,121.5543293,25.0333509
113,1,8,18,20,2,03中山區,中山區新生北路2段101巷25號,0,0,2,1,C03,8,5,5,30,14,9,1,5,4,5,13,4,4,10,3,5,1,13,2,23,2,9,6,1,7,9,1,10,1,11,,108,,1,21,121.5290704,25.0574256
113,1,8,18,20,2,03中山區,中山區新生北路2段101巷25號,0,0,2,2,C03,8,5,5,30,14,9,1,5,4,5,13,4,4,10,3,5,1,13,1,56,2,9,6,1,7,6,1,10,1,13,,9,,1,21,121.5290704,25.0574256
113,1,8,18,20,2,03中山區,中山區新生北路2段101巷25號,0,0,2,3,C03,8,5,5,30,14,9,1,5,4,5,13,4,4,10,3,5,1,13,3,37,,,,,,,,,,,,67,,1,,121.5290704,25.0574256
113,1,8,18,30,2,06松山區,松山區八德路4段與東興路口,0,0,1,1,B12,7,5,5,50,4,2,1,5,4,5,13,1,1,9,4,5,2,17,1,23,3,10,7,4,7,6,1,8,1,8,,9,,1,21,121.5652609,25.0489721
113,1,8,18,30,2,06松山區,松山區八德路4段與東興路口,0,0,1,2,F01,7,5,5,50,4,2,1,5,4,5,13,1,1,9,4,5,2,17,1,60,2,1,4,4,7,5,8,20,1,11,,42,,1,21,121.5652609,25.0489721
113,1,8,18,49,2,12內湖區,內湖區瑞光路218號,0,0,1,1,C03,8,5,5,50,4,1,1,5,4,5,13,2,1,5,4,5,2,13,2,24,2,8,6,1,7,9,1,10,1,11,,16,,1,21,121.5759947,25.07572255
113,1,8,18,49,2,12內湖區,內湖區瑞光路218號,0,0,1,2,B03,8,5,5,50,4,1,1,5,4,5,13,2,1,5,4,5,2,13,2,44,3,10,7,1,7,9,1,8,1,3,,44,,1,21,121.5759947,25.07572255
113,1,8,19,5,2,12內湖區,內湖區新明路80號,0,0,1,1,C03,7,5,5,30,14,9,1,5,4,5,13,4,4,5,3,5,2,16,1,19,2,9,5,1,7,5,1,10,1,13,,80,,1,21,121.5900501,25.05978892
113,1,8,19,5,2,12內湖區,內湖區新明路80號,0,0,1,2,B03,7,5,5,30,14,9,1,5,4,5,13,4,4,5,3,5,2,16,1,31,3,10,7,1,7,9,1,8,1,8,,14,,1,21,121.5900501,25.05978892
113,1,8,19,8,2,03中山區,中山區南京東路1段與新生北路1段口,0,0,1,1,B03,7,5,5,50,4,1,1,5,4,5,13,2,1,1,5,5,1,13,1,31,3,10,3,4,7,8,1,8,1,3,,100,,1,21,121.5275816,25.0519789
113,1,8,19,8,2,03中山區,中山區南京東路1段與新生北路1段口,0,0,1,2,C03,7,5,5,50,4,1,1,5,4,5,13,2,1,1,5,5,1,13,1,28,2,9,3,4,7,9,1,10,1,11,,44,,1,21,121.5275816,25.0519789
113,1,8,19,25,2,03中山區,中山區中山北路3段與撫順街口,0,0,1,1,C03,8,5,5,50,3,1,1,5,4,5,13,4,4,1,4,1,2,16,2,58,2,9,5,1,7,6,1,10,1,12,,9,,1,22,121.5222264,25.0639519
113,1,8,19,25,2,03中山區,中山區中山北路3段與撫順街口,0,0,1,2,C03,8,5,5,50,3,1,1,5,4,5,13,4,4,1,4,1,2,16,1,29,3,10,5,1,7,9,1,10,1,14,,44,,1,22,121.5222264,25.0639519
113,1,8,19,30,2,08士林區,士林區華齡街185巷與福港街149巷15弄口,0,0,2,1,C03,8,5,5,30,3,1,1,5,4,5,13,4,4,10,5,5,2,17,1,32,2,7,3,4,7,5,1,10,1,14,,80,,1,21,121.519058,25.0876994
113,1,8,19,30,2,08士林區,士林區華齡街185巷與福港街149巷15弄口,0,0,2,2,C03,8,5,5,30,3,1,1,5,4,5,13,4,4,10,5,5,2,17,2,28,2,7,3,4,7,9,1,10,1,11,,44,,1,21,121.519058,25.0876994
113,1,8,19,50,2,05中正區,中正區臨沂街71巷19弄與臨沂街63巷口,0,0,2,1,C03,8,5,5,30,4,1,1,5,4,5,13,4,4,10,5,5,1,17,1,47,2,9,6,1,7,9,1,10,2,11,,72,,1,22,121.5302219,25.0358986
113,1,8,19,50,2,05中正區,中正區臨沂街71巷19弄與臨沂街63巷口,0,0,2,2,C03,8,5,5,30,4,1,1,5,4,5,13,4,4,10,5,5,1,17,1,62,2,9,6,1,7,9,1,9,2,12,,44,,1,22,121.5302219,25.0358986
113,1,8,19,55,2,09北投區,北投區三合街1段79巷與三合街1段口,0,0,1,1,B01,8,5,5,40,14,9,1,5,4,5,13,3,1,9,4,5,2,17,1,58,3,10,7,1,7,9,1,4,1,1,,42,,1,21,121.5050349,25.12693865
113,1,8,19,55,2,09北投區,北投區三合街1段79巷與三合街1段口,0,0,1,2,C03,8,5,5,40,14,9,1,5,4,5,13,3,1,9,4,5,2,17,1,44,3,10,5,1,7,9,1,10,1,14,,42,,1,21,121.5050349,25.12693865
113,1,8,19,55,2,09北投區,北投區三合街1段79巷與三合街1段口,0,0,1,3,H02,8,5,5,40,14,9,1,5,4,5,13,3,1,9,4,5,2,17,2,44,2,7,5,5,7,20,8,20,10,16,,67,,1,21,121.5050349,25.12693865
113,1,8,20,33,2,07信義區,信義區忠孝東路5段與忠孝東路5段743巷口,0,0,2,1,C03,8,5,5,50,5,2,1,5,4,5,13,1,1,3,3,5,2,12,1,24,2,7,6,1,7,8,1,10,1,12,,100,,2,21,121.5810807,25.0432058
113,1,8,20,33,2,07信義區,信義區忠孝東路5段與忠孝東路5段743巷口,0,0,2,2,C03,8,5,5,50,5,2,1,5,4,5,13,1,1,3,3,5,2,12,2,33,2,7,6,1,7,9,1,10,1,14,,44,,1,21,121.5810807,25.0432058
113,1,8,22,10,2,09北投區,北投區立農街1段與吉利街123巷8弄口,0,0,2,1,C03,8,5,5,30,4,1,1,5,4,5,13,4,4,10,5,5,2,15,1,26,2,3,5,1,7,9,1,10,2,12,,80,,1,22,121.5067371,25.11950103
113,1,8,22,10,2,09北投區,北投區立農街1段與吉利街123巷8弄口,0,0,2,2,C03,8,5,5,30,4,1,1,5,4,5,13,4,4,10,5,5,2,15,2,28,2,9,5,1,7,9,1,10,2,11,,108,,1,22,121.5067371,25.11950103
113,1,8,23,30,2,02萬華區,萬華區環河南路2段與和平西路3段口,0,0,1,1,B12,7,5,5,50,5,4,1,5,4,5,13,2,1,2,2,5,2,13,2,66,3,10,7,1,7,1,6,18,1,1,,107,,1,21,121.4946018,25.0357473
113,1,8,23,30,2,02萬華區,萬華區環河南路2段與和平西路3段口,0,0,1,2,C04,7,5,5,50,5,4,1,5,4,5,13,2,1,2,2,5,2,13,1,31,2,8,6,1,7,14,1,9,1,13,,44,,1,21,121.4946018,25.0357473
113,1,8,23,53,2,07信義區,信義區永吉路174號,0,0,4,2,B01,8,5,5,50,14,9,1,5,4,5,13,1,1,3,4,5,2,10,1,49,2,7,3,4,7,9,1,8,2,1,,44,,1,21,121.5717956,25.0456012
113,1,8,23,53,2,07信義區,信義區永吉路174號,0,0,4,1,B03,8,5,5,50,14,9,1,5,4,5,13,1,1,3,4,5,2,10,1,25,2,7,3,4,7,9,1,8,2,1,,4,,1,21,121.5717956,25.0456012
113,1,8,23,53,2,07信義區,信義區永吉路174號,0,0,4,3,H02,8,5,5,50,14,9,1,5,4,5,13,1,1,3,4,5,2,10,2,22,2,9,3,5,7,20,8,20,10,16,,67,,1,21,121.5717956,25.0456012
113,1,8,23,53,2,07信義區,信義區永吉路174號,0,0,4,4,H02,8,5,5,50,14,9,1,5,4,5,13,1,1,3,4,5,2,10,2,20,2,7,3,5,7,20,8,20,10,16,,67,,1,21,121.5717956,25.0456012
113,1,8,23,53,2,07信義區,信義區永吉路174號,0,0,4,5,H02,8,5,5,50,14,9,1,5,4,5,13,1,1,3,4,5,2,10,2,22,3,10,3,5,7,20,8,20,10,16,,67,,1,21,121.5717956,25.0456012
113,1,9,5,15,2,06松山區,松山區民權東路4段180號,0,0,2,1,C03,6,5,5,50,14,7,1,4,4,5,13,1,1,1,4,4,2,12,1,62,3,10,6,4,7,9,1,10,1,12,,108,,1,21,121.5591408,25.06226772
113,1,9,5,15,2,06松山區,松山區民權東路4段180號,0,0,2,2,C04,6,5,5,50,14,7,1,4,4,5,13,1,1,1,4,4,2,12,2,48,2,9,5,4,7,9,1,10,1,11,,108,,1,21,121.5591408,25.06226772
113,1,9,5,15,2,06松山區,松山區民權東路4段180號,0,0,2,3,C03,6,5,5,50,14,7,1,4,4,5,13,1,1,1,4,4,2,12,2,43,2,9,6,4,7,9,1,10,1,13,,44,,1,21,121.5591408,25.06226772
113,1,9,6,40,2,02萬華區,萬華區萬大路與萬大路449巷口,0,0,1,1,B12,7,7,5,30,3,3,1,5,4,5,13,4,4,1,4,5,2,16,2,56,3,10,7,1,7,6,1,8,1,2,,9,,1,21,121.4946555,25.02763841
113,1,9,6,40,2,02萬華區,萬華區萬大路與萬大路449巷口,0,0,1,2,C03,7,7,5,30,3,3,1,5,4,5,13,4,4,1,4,5,2,16,2,51,2,9,5,1,7,9,1,10,1,14,,44,,1,21,121.4946555,25.02763841
113,1,9,7,14,2,04大安區,大安區和平東路3段36號,0,0,1,1,C03,6,7,5,50,14,9,1,4,4,5,13,4,4,1,3,5,2,13,1,41,2,8,6,1,7,9,1,9,1,11,,16,,1,21,121.5476272,25.024531
113,1,9,7,14,2,04大安區,大安區和平東路3段36號,0,0,1,2,A02,6,7,5,50,14,9,1,4,4,5,13,4,4,1,3,5,2,13,1,57,3,10,7,1,7,14,1,2,1,7,,38,,1,21,121.5476272,25.024531
113,1,9,7,17,2,11南港區,南港區富康街49巷與富康街口,0,0,3,1,C03,7,7,5,50,4,1,1,5,4,5,13,4,4,4,1,5,1,12,1,36,2,7,3,4,7,7,1,10,2,14,,44,,1,22,121.6171448,25.0528071
113,1,9,7,17,2,11南港區,南港區富康街49巷與富康街口,0,0,3,2,C03,7,7,5,50,4,1,1,5,4,5,13,4,4,4,1,5,1,12,2,40,2,8,3,4,7,9,1,10,2,12,,4,,1,22,121.6171448,25.0528071
113,1,9,7,17,2,11南港區,南港區富康街49巷與富康街口,0,0,3,3,H02,7,7,5,50,4,1,1,5,4,5,13,4,4,4,1,5,1,12,2,39,2,8,4,5,7,17,8,20,10,17,,60,,1,22,121.6171448,25.0528071
113,1,9,7,18,2,04大安區,大安區復興南路1段237號,0,0,1,1,B03,6,6,5,50,14,9,1,4,4,5,13,4,4,1,4,5,2,17,1,58,3,10,7,1,7,10,1,8,1,17,,100,,1,21,121.5437514,25.0371981
113,1,9,7,18,2,04大安區,大安區復興南路1段237號,0,0,1,2,C03,6,6,5,50,14,9,1,4,4,5,13,4,4,1,4,5,2,17,2,53,2,7,5,1,7,12,1,10,1,14,,42,,1,21,121.5437514,25.0371981
113,1,9,7,25,2,08士林區,士林區福國路9號,0,0,1,1,B03,6,6,5,50,14,9,1,4,4,5,13,4,4,1,4,5,1,12,2,47,3,10,7,1,7,9,1,8,1,2,,118,,1,22,121.5250311,25.1022445
113,1,9,7,25,2,08士林區,士林區福國路9號,0,0,1,2,C03,6,6,5,50,14,9,1,4,4,5,13,4,4,1,4,5,1,12,2,50,2,9,6,1,7,9,1,10,1,11,,118,,1,22,121.5250311,25.1022445
113,1,9,7,30,2,10文山區,文山區基隆路4段與汀州路4段口口,0,0,1,1,C03,6,6,5,40,5,1,1,4,4,5,13,2,1,1,4,1,1,16,1,52,3,10,6,1,7,8,1,10,11,13,,100,,1,21,121.5364261,25.0108145
113,1,9,7,30,2,10文山區,文山區基隆路4段與汀州路4段口口,0,0,1,2,C03,6,6,5,40,5,1,1,4,4,5,13,2,1,1,4,1,1,16,2,44,2,9,6,1,7,9,1,10,11,11,,44,,1,21,121.5364261,25.0108145
113,1,9,7,56,2,12內湖區,內湖區康樂街與康樂街61巷口,0,0,1,1,B01,6,7,5,50,4,2,1,4,4,5,13,1,1,4,3,5,1,17,1,67,3,10,7,1,7,11,1,8,1,4,,98,,1,21,121.6183223,25.06842652
113,1,9,7,56,2,12內湖區,內湖區康樂街與康樂街61巷口,0,0,1,2,C03,6,7,5,50,4,2,1,4,4,5,13,1,1,4,3,5,1,17,2,35,2,9,6,1,7,9,1,10,1,12,,44,,1,22,121.6183223,25.06842652
113,1,9,7,57,2,06松山區,松山區八德路4段與八德路4段91巷口,0,0,1,1,B03,6,5,5,50,4,1,1,4,4,5,13,2,1,9,4,5,2,16,1,59,3,10,7,1,7,5,1,8,1,6,,71,,1,21,121.5609082,25.04852605
113,1,9,7,57,2,06松山區,松山區八德路4段與八德路4段91巷口,0,0,1,2,C03,6,5,5,50,4,1,1,4,4,5,13,2,1,9,4,5,2,16,1,53,2,8,5,1,7,9,1,10,1,11,,44,,1,21,121.5609082,25.04852605
113,1,9,8,0,2,03中山區,中山區復興北路與錦州街口,0,0,1,1,C03,6,5,5,50,14,9,1,4,4,5,13,4,4,1,4,5,2,17,2,32,2,9,3,4,7,9,1,10,1,15,,42,,1,21,121.5441126,25.05998433
113,1,9,8,0,2,03中山區,中山區復興北路與錦州街口,0,0,1,2,C03,6,5,5,50,14,9,1,4,4,5,13,4,4,1,4,5,2,17,1,29,3,10,3,4,7,9,1,10,1,15,,44,,1,21,121.5441126,25.05998433
113,1,9,8,17,2,04大安區,大安區市民大道3段與復興南路1段口口,0,0,1,1,C03,6,6,5,40,4,1,1,4,4,5,13,2,1,1,4,4,2,16,1,32,3,10,5,1,7,6,1,10,2,12,,42,,1,21,121.5437417,25.04469848