發生年度,發生月,發生日,發生時-Hours,發生分,處理別-編號,區序,肇事地點,死亡人數,2-30日死亡人數,受傷人數,當事人序號,車種,天候,道路照明設備,道路類別,速限-速度限制,道路型態,事故位置,路面狀況1,路面狀況2,路面狀況3,道路障礙1,道路障礙2,號誌1,號誌2,車道劃分-分向,車道劃分-分道1,車道劃分-分道2,車道劃分-分道3,事故類型及型態,性別,年齡,受傷程度,主要傷處,保護裝置,行動電話,車輛用途,當事者行動狀態,駕駛資格情形,駕駛執照種類,飲酒情形,車輛撞擊部位1,車輛撞擊部位2,肇因碼-個別,肇因碼-主要,個人肇逃否,職業,座標-X,座標-Y
113,1,9,8,17,2,04大安區,大安區市民大道3段與復興南路1段口口,0,0,1,2,C03,6,6,5,40,4,1,1,4,4,5,13,2,1,1,4,4,2,16,2,21,2,9,5,1,7,9,1,10,2,14,,42,,1,21,121.5437417,25.04469848
113,1,9,8,25,2,01大同區,大同區延平北路4段與酒泉街口,0,0,1,1,C03,6,6,5,50,4,1,1,4,4,5,13,1,1,5,4,4,2,13,2,66,2,9,6,1,7,9,1,10,1,11,,16,,1,21,121.5109263,25.07206539
113,1,9,8,25,2,01大同區,大同區延平北路4段與酒泉街口,0,0,1,2,C03,6,6,5,50,4,1,1,4,4,5,13,1,1,5,4,4,2,13,1,34,3,10,6,1,7,9,1,10,1,13,,44,,1,21,121.5109263,25.07206539
113,1,9,8,30,2,03中山區,中山區大直橋北往南,0,0,1,1,C03,6,7,5,50,8,9,1,4,4,5,13,4,4,1,4,5,2,18,2,42,2,8,6,1,7,9,1,10,1,14,,42,,1,21,121.5442379,25.07276323
113,1,9,8,30,2,03中山區,中山區大直橋北往南,0,0,1,2,,6,7,5,50,8,9,1,4,4,5,13,4,4,1,4,5,2,18,3,0,,,,,,,,,,,,67,,1,,121.5442379,25.07276323
113,1,9,8,35,2,03中山區,中山區松江路與德惠街口,0,0,1,1,B03,6,5,5,50,4,1,1,4,4,5,13,1,1,1,3,5,1,17,1,66,3,10,7,1,7,9,1,8,1,17,,81,,1,21,121.5331897,25.0666086
113,1,9,8,35,2,03中山區,中山區松江路與德惠街口,0,0,1,2,C03,6,5,5,50,4,1,1,4,4,5,13,1,1,1,3,5,1,17,2,23,2,9,6,1,7,9,1,10,1,12,,108,,1,21,121.5331897,25.0666086
113,1,9,8,35,2,03中山區,中山區松江路與德惠街口,0,0,1,3,C03,6,5,5,50,4,1,1,4,4,5,13,1,1,1,3,5,1,17,1,24,3,10,6,1,7,9,1,10,1,14,,44,,1,21,121.5331897,25.0666086
113,1,9,8,36,2,06松山區,松山區復興北路與南京東路3段口,0,0,1,1,B01,7,7,5,50,4,2,1,4,4,5,13,1,1,9,4,5,2,12,1,62,3,10,7,4,7,7,1,4,1,17,,100,,1,21,121.5442873,25.05797465
113,1,9,8,36,2,06松山區,松山區復興北路與南京東路3段口,0,0,1,2,C03,7,7,5,50,4,2,1,4,4,5,13,1,1,9,4,5,2,12,1,34,3,10,6,1,7,9,1,10,1,13,,16,,1,21,121.5442873,25.05797465
113,1,9,8,36,2,06松山區,松山區復興北路與南京東路3段口,0,0,1,3,C03,7,7,5,50,4,2,1,4,4,5,13,1,1,9,4,5,2,12,1,28,3,10,6,1,7,9,1,10,1,11,,16,,1,21,121.5442873,25.05797465
113,1,9,8,36,2,06松山區,松山區復興北路與南京東路3段口,0,0,1,4,C03,7,7,5,50,4,2,1,4,4,5,13,1,1,9,4,5,2,12,2,36,2,7,6,1,7,9,1,10,1,11,,16,,1,21,121.5442873,25.05797465
113,1,9,8,37,2,05中正區,中正區和平西路2段21-1號,0,0,1,1,B03,7,7,5,50,14,9,1,4,4,5,13,4,4,1,4,5,2,17,1,69,3,10,7,1,7,7,1,8,2,7,,100,,1,22,121.5133619,25.0283905
113,1,9,8,37,2,05中正區,中正區和平西路2段21-1號,0,0,1,2,C03,7,7,5,50,14,9,1,4,4,5,13,4,4,1,4,5,2,17,1,69,2,9,5,1,7,9,1,10,2,14,,44,,1,22,121.5133619,25.0283905
113,1,9,8,43,2,07信義區,信義區一號道路,0,0,1,1,C03,7,7,5,50,14,9,4,4,4,5,13,4,4,6,4,5,2,18,2,32,2,9,3,4,7,9,1,10,1,12,,42,,1,22,121.5620182,25.0362482
113,1,9,8,43,2,07信義區,信義區一號道路,0,0,1,2,,7,7,5,50,14,9,4,4,4,5,13,4,4,6,4,5,2,18,3,0,,,,,,,,,,,,67,,1,,121.5620182,25.0362482
113,1,9,8,49,2,03中山區,中山區大直橋北往南,0,0,1,1,C03,6,7,5,50,8,9,1,4,4,5,13,4,4,1,4,5,2,18,1,28,2,8,6,1,7,9,1,10,1,14,,42,,1,21,121.5442385,25.07282757
113,1,9,8,49,2,03中山區,中山區大直橋北往南,0,0,1,2,,6,7,5,50,8,9,1,4,4,5,13,4,4,1,4,5,2,18,3,0,,,,,,,,,,,,67,,1,,121.5442385,25.07282757
113,1,9,8,53,2,06松山區,松山區南京東路5段354號,0,0,1,1,C03,6,7,8,50,22,22,1,4,4,5,13,3,1,1,4,5,2,13,1,53,2,7,5,1,7,9,1,10,1,11,,42,,1,22,121.5694734,25.05115456
113,1,9,8,53,2,06松山區,松山區南京東路5段354號,0,0,1,2,B03,6,7,8,50,22,22,1,4,4,5,13,3,1,1,4,5,2,13,1,55,3,10,7,1,7,12,1,8,1,3,,42,,1,22,121.5694734,25.05115456
113,1,9,8,55,2,04大安區,大安區信義路3段與建國南路2段口,0,0,1,2,B01,7,6,5,50,4,1,1,4,4,5,13,1,1,7,4,5,2,13,1,65,3,10,7,1,7,14,1,4,1,6,,44,,1,21,121.5378448,25.0334375
113,1,9,8,55,2,04大安區,大安區信義路3段與建國南路2段口,0,0,1,1,C03,7,6,5,50,4,1,1,4,4,5,13,1,1,7,4,5,2,13,1,27,2,7,5,1,7,12,1,10,1,11,14,108,,1,21,121.5378448,25.0334375
113,1,9,9,0,2,05中正區,中正區南陽街38巷與南陽街口側附近口口,0,0,2,1,C03,7,7,5,30,3,1,1,4,4,5,13,4,4,10,5,5,2,17,1,22,2,8,5,1,7,5,1,10,1,14,,8,,1,21,121.5160636,25.04405582
113,1,9,9,0,2,05中正區,中正區南陽街38巷與南陽街口側附近口口,0,0,2,2,C03,7,7,5,30,3,1,1,4,4,5,13,4,4,10,5,5,2,17,1,36,2,9,5,1,7,9,1,10,1,12,,116,,1,21,121.5160636,25.04405582
113,1,9,9,5,2,05中正區,中正區市民大道2段與天津街口,0,0,2,1,C03,7,5,5,40,4,2,1,5,4,5,13,1,1,1,4,5,1,17,1,34,2,9,5,1,7,15,1,10,1,11,,16,,1,21,121.522153,25.0478455
113,1,9,9,5,2,05中正區,中正區市民大道2段與天津街口,0,0,2,2,C03,7,5,5,40,4,2,1,5,4,5,13,1,1,1,4,5,1,17,1,45,3,10,5,1,7,14,1,10,1,13,,44,,1,21,121.522153,25.0478455
113,1,9,9,5,2,05中正區,中正區市民大道2段與天津街口,0,0,2,3,C03,7,5,5,40,4,2,1,5,4,5,13,1,1,1,4,5,1,17,2,23,2,1,5,1,7,15,1,10,1,12,,108,,1,21,121.522153,25.0478455
113,1,9,9,5,2,05中正區,中正區市民大道2段與天津街口,0,0,2,4,C03,7,5,5,40,4,2,1,5,4,5,13,1,1,1,4,5,1,17,2,33,3,10,5,1,7,9,1,10,1,11,,108,,1,21,121.522153,25.0478455
113,1,9,9,5,2,05中正區,中正區仁愛路2段與仁愛路2段65巷口,0,0,1,1,B01,7,6,5,50,3,2,1,4,4,5,13,4,4,10,4,5,2,17,1,58,3,10,7,3,7,7,1,8,2,17,,44,,1,22,121.53065,25.03831109
113,1,9,9,5,2,05中正區,中正區仁愛路2段與仁愛路2段65巷口,0,0,1,2,C04,7,6,5,50,3,2,1,4,4,5,13,4,4,10,4,5,2,17,2,39,2,9,5,1,7,7,1,11,2,14,,42,,1,22,121.53065,25.03831109
113,1,9,9,5,2,07信義區,信義區基隆路2段151號,0,0,1,1,C03,8,7,5,50,14,9,1,5,4,5,13,4,4,3,4,5,2,17,2,32,2,8,6,1,7,9,1,10,1,17,,42,,1,21,121.5548305,25.0262894
113,1,9,9,5,2,07信義區,信義區基隆路2段151號,0,0,1,2,B03,8,7,5,50,14,9,1,5,4,5,13,4,4,3,4,5,2,17,1,61,3,10,7,1,7,9,1,6,1,17,,42,,1,21,121.5548305,25.0262894
113,1,9,9,8,2,01大同區,大同區環河北路1段179號,0,0,1,1,B03,6,6,5,50,14,9,1,4,4,5,13,4,4,1,4,5,2,17,4,0,,,,,,,,,11,,,119,,2,,121.508146,25.0560692
113,1,9,9,8,2,01大同區,大同區環河北路1段179號,0,0,1,2,C03,6,6,5,50,14,9,1,4,4,5,13,4,4,1,4,5,2,17,1,50,4,11,3,4,7,9,1,10,11,17,,42,,2,22,121.508146,25.0560692
113,1,9,9,8,2,01大同區,大同區環河北路1段179號,0,0,1,3,B12,6,6,5,50,14,9,1,4,4,5,13,4,4,1,4,5,2,17,1,48,3,10,7,1,7,7,1,8,2,17,,100,,1,21,121.508146,25.0560692
113,1,9,9,8,2,01大同區,大同區環河北路1段179號,0,0,1,4,C03,6,6,5,50,14,9,1,4,4,5,13,4,4,1,4,5,2,17,1,36,2,9,6,1,7,9,1,10,2,17,,42,,1,21,121.508146,25.0560692
113,1,9,9,9,2,10文山區,文山區辛亥路7段35號,0,0,1,1,C03,7,6,5,50,14,8,1,5,4,5,13,3,1,5,5,4,2,18,2,34,2,9,6,1,7,9,1,10,1,12,,117,,1,21,121.5537204,24.9856772
113,1,9,9,9,2,10文山區,文山區辛亥路7段35號,0,0,1,2,,7,6,5,50,14,8,1,5,4,5,13,3,1,5,5,4,2,18,3,0,,,,,,,,,,,,67,,1,,121.5537204,24.9856772
113,1,9,9,11,2,10文山區,文山區木柵路1段與木柵路1段58巷口口,0,0,2,1,C03,6,5,5,50,4,4,1,4,4,5,13,2,1,5,4,5,2,13,1,24,2,8,5,1,7,9,1,10,2,11,,16,,1,21,121.5471328,24.9869112
113,1,9,9,11,2,10文山區,文山區木柵路1段與木柵路1段58巷口口,0,0,2,2,C03,6,5,5,50,4,4,1,4,4,5,13,2,1,5,4,5,2,13,2,41,2,8,5,1,7,9,1,10,2,13,,44,,1,21,121.5471328,24.9869112
113,1,9,9,34,2,03中山區,中山區明水路往東(大直橋下),0,0,2,1,C03,6,5,5,50,14,9,1,4,4,5,13,1,1,5,4,5,2,13,2,23,2,9,3,4,7,9,1,10,1,11,,108,,1,21,121.5443758,25.07743894
113,1,9,9,34,2,03中山區,中山區明水路往東(大直橋下),0,0,2,2,C03,6,5,5,50,14,9,1,4,4,5,13,1,1,5,4,5,2,13,2,44,2,9,3,4,7,8,1,10,1,13,,100,,1,21,121.5443758,25.07743894
113,1,9,9,34,2,07信義區,信義區永吉路278巷與永吉路200巷81弄口,0,0,3,1,C03,7,6,5,30,4,1,1,4,4,5,13,4,4,5,5,5,2,15,1,55,2,9,5,4,7,9,6,10,2,13,,80,,1,22,121.5741457,25.0434409
113,1,9,9,34,2,07信義區,信義區永吉路278巷與永吉路200巷81弄口,0,0,3,2,C03,7,6,5,30,4,1,1,4,4,5,13,4,4,5,5,5,2,15,1,34,2,9,3,4,7,9,1,10,2,11,,14,,1,22,121.5741457,25.0434409
113,1,9,9,34,2,07信義區,信義區永吉路278巷與永吉路200巷81弄口,0,0,3,3,F01,7,6,5,30,4,1,1,4,4,5,13,4,4,5,5,5,2,15,2,70,2,9,4,4,7,5,8,20,2,13,,4,,1,22,121.5741457,25.0434409
113,1,9,9,34,2,07信義區,信義區永吉路278巷與永吉路200巷81弄口,0,0,3,4,C03,7,6,5,30,4,1,1,4,4,5,13,4,4,5,5,5,2,15,1,24,3,10,3,4,7,13,7,19,11,14,,44,,1,22,121.5741457,25.0434409
113,1,9,9,34,2,07信義區,信義區永吉路278巷與永吉路200巷81弄口,0,0,3,5,C03,7,6,5,30,4,1,1,4,4,5,13,4,4,5,5,5,2,15,2,28,3,10,3,4,7,13,7,19,11,14,,44,,1,21,121.5741457,25.0434409
113,1,9,9,34,2,07信義區,信義區永吉路278巷與永吉路200巷81弄口,0,0,3,6,C03,7,6,5,30,4,1,1,4,4,5,13,4,4,5,5,5,2,15,1,38,3,10,3,4,7,13,7,19,11,14,,44,,1,22,121.5741457,25.0434409
113,1,9,9,40,2,06松山區,松山區民權東路4段與新中街口,0,0,1,1,C03,7,5,5,50,4,1,1,4,3,5,13,2,1,1,4,4,2,18,1,30,2,8,6,1,7,9,1,10,1,12,,13,,1,21,121.5601688,25.06239575
113,1,9,9,40,2,06松山區,松山區民權東路4段與新中街口,0,0,1,2,,7,5,5,50,4,1,1,4,3,5,13,2,1,1,4,4,2,18,3,0,,,,,,,,,,,,67,,1,,121.5601688,25.06239575
113,1,9,9,50,2,08士林區,士林區百齡橋與中正路口,0,0,2,1,C03,7,6,5,30,3,2,1,5,4,5,13,4,4,3,4,5,1,13,1,20,2,9,6,1,7,9,1,10,2,11,,108,,1,22,121.5148962,25.0902616
113,1,9,9,50,2,08士林區,士林區百齡橋與中正路口,0,0,2,2,F01,7,6,5,30,3,2,1,5,4,5,13,4,4,3,4,5,1,13,1,82,2,3,4,1,7,9,8,20,2,13,,44,,1,22,121.5148962,25.0902616
113,1,9,9,50,2,08士林區,士林區百齡橋與中正路口,0,0,2,3,B03,7,6,5,30,3,2,1,5,4,5,13,4,4,3,4,5,1,13,1,30,3,10,7,1,7,9,1,8,2,8,,16,,1,22,121.5148962,25.0902616
113,1,9,9,50,2,08士林區,士林區百齡橋與中正路口,0,0,2,4,B03,7,6,5,30,3,2,1,5,4,5,13,4,4,3,4,5,1,13,1,63,3,10,7,1,7,12,1,8,2,3,,44,,1,22,121.5148962,25.0902616
113,1,9,10,5,2,03中山區,中山區民族東路與林森北路口,0,0,1,1,C03,7,6,5,50,4,1,1,5,4,5,13,1,1,3,4,5,2,12,2,75,3,10,6,1,7,9,1,10,1,12,,17,,1,21,121.5257364,25.0683527
113,1,9,10,5,2,03中山區,中山區民族東路與林森北路口,0,0,1,2,C04,7,6,5,50,4,1,1,5,4,5,13,1,1,3,4,5,2,12,1,85,2,9,6,1,7,9,1,10,1,14,,17,,1,21,121.5257364,25.0683527
113,1,9,10,10,2,04大安區,大安區信義路4段與敦化南路2段口,0,0,1,1,B03,7,5,5,50,4,1,1,5,4,5,13,2,1,1,4,1,2,12,2,56,3,10,3,4,7,9,1,8,1,4,,17,,1,22,121.5483299,25.0332121
113,1,9,10,10,2,04大安區,大安區信義路4段與敦化南路2段口,0,0,1,2,C03,7,5,5,50,4,1,1,5,4,5,13,2,1,1,4,1,2,12,2,43,2,9,3,4,7,9,1,10,1,14,,44,,1,22,121.5483299,25.0332121
113,1,9,10,49,2,01大同區,大同區延平北路3段30號,0,0,1,1,B03,7,5,5,50,14,9,1,5,4,5,13,4,4,9,4,5,1,17,1,29,3,10,3,4,7,1,1,8,1,15,,19,,1,22,121.5110968,25.0641829
113,1,9,10,49,2,01大同區,大同區延平北路3段30號,0,0,1,2,C03,7,5,5,50,14,9,1,5,4,5,13,4,4,9,4,5,1,17,1,41,2,8,3,4,7,9,1,10,1,13,,44,,1,22,121.5110968,25.0641829
113,1,9,10,49,2,01大同區,大同區延平北路3段30號,0,0,1,3,C03,7,5,5,50,14,9,1,5,4,5,13,4,4,9,4,5,1,17,1,20,3,10,3,4,7,9,1,10,1,11,,16,,1,22,121.5110968,25.0641829
113,1,9,11,1,2,12內湖區,內湖區新明路161號,0,0,1,1,C03,7,6,5,50,14,7,1,5,4,5,13,4,4,5,4,4,2,16,1,24,2,9,6,1,7,9,1,9,1,11,,13,,1,21,121.5887479,25.05894102
113,1,9,11,1,2,12內湖區,內湖區新明路161號,0,0,1,2,C03,7,6,5,50,14,7,1,5,4,5,13,4,4,5,4,4,2,16,1,70,3,10,5,1,7,11,1,10,1,14,,103,,1,21,121.5887479,25.05894102
113,1,9,11,24,2,04大安區,大安區仁愛路4段118號,0,0,1,1,C03,7,7,5,50,14,8,1,5,4,5,13,4,4,10,4,5,1,13,1,39,2,9,6,4,7,9,1,10,1,11,,14,,1,21,121.550015,25.0376272
113,1,9,11,24,2,04大安區,大安區仁愛路4段118號,0,0,1,2,B03,7,7,5,50,14,8,1,5,4,5,13,4,4,10,4,5,1,13,2,32,3,10,3,4,7,9,1,8,1,6,,44,,1,21,121.550015,25.0376272
113,1,9,12,2,2,02萬華區,萬華區和平西路3段162號,0,0,1,1,B03,7,6,5,40,14,7,1,5,4,5,13,4,4,1,4,4,2,12,1,70,3,10,7,1,7,1,1,8,1,5,,19,,1,21,121.4982014,25.0352577
113,1,9,12,2,2,02萬華區,萬華區和平西路3段162號,0,0,1,2,C03,7,6,5,40,14,7,1,5,4,5,13,4,4,1,4,4,2,12,1,71,2,9,6,1,7,9,1,10,1,12,,44,,1,21,121.4982014,25.0352577
113,1,9,12,16,2,02萬華區,萬華區忠孝橋(往台北市方向),0,0,1,1,C03,8,6,5,50,10,8,1,5,4,5,13,4,4,2,4,5,2,17,1,19,3,10,5,1,7,8,1,10,1,11,12,108,,1,21,121.506686,25.0487362
113,1,9,12,16,2,02萬華區,萬華區忠孝橋(往台北市方向),0,0,1,2,C03,8,6,5,50,10,8,1,5,4,5,13,4,4,2,4,5,2,17,1,87,2,9,6,1,7,9,1,10,1,13,14,44,,1,21,121.506686,25.0487362
113,1,9,12,18,2,12內湖區,內湖區港墘路與洲子街口,0,0,1,1,B03,8,7,5,50,4,1,1,5,4,5,13,2,1,1,4,5,2,17,1,57,3,10,3,4,7,6,1,8,1,4,,9,,1,21,121.5759273,25.07808935
113,1,9,12,18,2,12內湖區,內湖區港墘路與洲子街口,0,0,1,2,C03,8,7,5,50,4,1,1,5,4,5,13,2,1,1,4,5,2,17,2,57,2,9,5,1,7,5,1,10,1,12,,44,,1,21,121.5759273,25.07808935
113,1,9,12,23,2,10文山區,文山區新光路1段13號前,0,0,1,1,C03,8,5,5,50,14,9,1,5,4,5,13,4,4,9,5,5,2,16,1,19,3,10,5,1,7,11,1,10,2,14,,101,,1,21,121.5737032,24.9886411
113,1,9,12,23,2,10文山區,文山區新光路1段13號前,0,0,1,2,C03,8,5,5,50,14,9,1,5,4,5,13,4,4,9,5,5,2,16,2,58,2,1,5,1,7,9,1,10,2,11,,44,,1,21,121.5737032,24.9886411
113,1,9,12,23,2,10文山區,文山區新光路1段13號前,0,0,1,3,C03,8,5,5,50,14,9,1,5,4,5,13,4,4,9,5,5,2,16,1,25,3,10,3,4,7,13,1,10,1,14,,44,,1,21,121.5737032,24.9886411
113,1,9,12,59,2,12內湖區,內湖區內湖路3段143巷與內湖路3段191巷口,0,0,1,1,B03,8,7,5,30,4,1,1,5,4,5,13,4,4,10,5,5,2,15,1,51,3,10,7,1,7,9,1,8,1,2,,14,,1,21,121.5884718,25.0878013
113,1,9,12,59,2,12內湖區,內湖區內湖路3段143巷與內湖路3段191巷口,0,0,1,2,C03,8,7,5,30,4,1,1,5,4,5,13,4,4,10,5,5,2,15,2,21,2,9,5,1,7,9,1,10,1,11,,42,,1,21,121.5884718,25.0878013
113,1,9,13,21,2,08士林區,士林區福林橋與中山北路5段699巷口,0,0,1,1,B03,7,7,5,50,5,1,1,5,4,5,13,1,1,1,4,5,2,13,1,79,3,10,3,4,7,9,1,8,1,1,,16,,1,21,121.5272631,25.09784976
113,1,9,13,21,2,08士林區,士林區福林橋與中山北路5段699巷口,0,0,1,2,C01,7,7,5,50,5,1,1,5,4,5,13,1,1,1,4,5,2,13,1,25,2,9,3,4,7,14,1,9,1,13,,44,,1,21,121.5272631,25.09784976
113,1,9,13,21,2,08士林區,士林區福林橋與中山北路5段699巷口,0,0,1,3,C03,7,7,5,50,5,1,1,5,4,5,13,1,1,1,4,5,2,13,1,28,3,10,3,4,7,14,1,10,1,13,,44,,1,21,121.5272631,25.09784976
113,1,9,13,55,2,05中正區,中正區徐州路19號與紹興南街口,0,0,1,1,B03,7,7,5,50,14,9,1,4,4,5,13,4,4,10,4,5,2,16,1,71,3,10,7,1,7,10,1,8,2,8,,100,,1,21,121.5241262,25.0409339
113,1,9,13,55,2,05中正區,中正區徐州路19號與紹興南街口,0,0,1,2,C03,7,7,5,50,14,9,1,4,4,5,13,4,4,10,4,5,2,16,2,20,2,9,5,1,7,9,1,10,2,12,,44,,1,21,121.5241262,25.0409339
113,1,9,13,55,2,05中正區,中正區徐州路19號與紹興南街口,0,0,1,3,B03,7,7,5,50,14,9,1,4,4,5,13,4,4,10,4,5,2,16,3,59,,,,,,,,,,,,67,,1,,121.5241262,25.0409339
113,1,9,14,10,2,04大安區,大安區忠孝東路3段248巷15號,0,0,1,1,B01,7,7,5,30,14,9,1,5,4,5,13,4,4,10,5,5,1,3,1,67,3,10,3,4,7,9,1,4,1,5,,5,,1,21,121.5413208,25.0404716
113,1,9,14,10,2,04大安區,大安區忠孝東路3段248巷15號,0,0,1,2,H01,7,7,5,30,14,9,1,5,4,5,13,4,4,10,5,5,1,3,2,85,2,9,4,5,8,16,8,20,10,16,,121,,1,21,121.5413208,25.0404716
113,1,9,14,25,2,03中山區,中山區民族東路與新生北路3段口,0,0,1,1,B03,8,7,5,50,4,1,1,5,4,5,13,2,1,10,5,5,2,16,1,53,3,10,7,1,7,5,1,1,1,1,,71,,1,21,121.5279998,25.06842259
113,1,9,14,25,2,03中山區,中山區民族東路與新生北路3段口,0,0,1,2,C03,8,7,5,50,4,1,1,5,4,5,13,2,1,10,5,5,2,16,2,30,2,8,6,1,7,9,1,10,1,11,,44,,1,21,121.5279998,25.06842259
113,1,9,14,33,2,02萬華區,萬華區西寧南路與內江街口,0,0,1,1,C03,7,5,5,50,4,1,1,5,4,5,13,1,1,10,4,5,2,11,2,64,2,9,5,4,7,7,1,8,1,14,,100,,1,21,121.5059642,25.04169698
113,1,9,14,33,2,02萬華區,萬華區西寧南路與內江街口,0,0,1,2,B13,7,5,5,50,4,1,1,5,4,5,13,1,1,10,4,5,2,11,1,54,3,10,7,4,7,9,1,8,1,5,,44,,1,21,121.5059642,25.04169698
113,1,9,14,35,2,06松山區,松山區市民大道5段與八德路4段口302號旁無名巷,0,0,1,1,B03,8,7,5,30,4,1,1,5,4,5,13,3,1,1,4,5,2,17,1,31,3,10,7,1,7,6,1,8,1,17,,71,,1,22,121.5673153,25.04873446
113,1,9,14,35,2,06松山區,松山區市民大道5段與八德路4段口302號旁無名巷,0,0,1,2,C03,8,7,5,30,4,1,1,5,4,5,13,3,1,1,4,5,2,17,1,27,2,8,5,1,7,9,1,10,1,14,,14,,1,22,121.5673153,25.04873446
113,1,9,14,39,2,08士林區,士林區雨農路與中正路口,0,0,1,1,B03,8,7,5,50,4,1,1,5,4,5,13,2,1,6,5,5,1,17,1,52,3,10,7,1,7,6,1,8,1,5,,9,,1,21,121.5320705,25.0972482
113,1,9,14,39,2,08士林區,士林區雨農路與中正路口,0,0,1,2,C03,8,7,5,50,4,1,1,5,4,5,13,2,1,6,5,5,1,17,2,29,2,9,5,1,7,9,1,10,1,14,,44,,1,21,121.5320705,25.0972482
113,1,9,15,0,2,04大安區,大安區安和路1段29號,0,0,2,1,B03,7,7,5,50,14,9,1,5,4,5,13,4,4,9,4,5,2,17,2,49,2,9,7,1,7,9,1,8,1,1,,108,,1,21,121.5497698,25.0396105
113,1,9,15,0,2,04大安區,大安區安和路1段29號,0,0,2,2,B02,7,7,5,50,14,9,1,5,4,5,13,4,4,9,4,5,2,17,1,42,2,9,3,4,7,14,1,8,1,3,,38,,1,21,121.5497698,25.0396105
113,1,9,15,0,2,11南港區,南港區研究院路1段與南港路1段口,0,0,1,1,C03,7,7,5,50,4,1,1,5,4,5,13,2,1,1,4,5,2,16,1,33,2,7,5,1,7,9,1,10,1,12,,44,,1,21,121.6166915,25.055068
113,1,9,15,0,2,11南港區,南港區研究院路1段與南港路1段口,0,0,1,2,C03,7,7,5,50,4,1,1,5,4,5,13,2,1,1,4,5,2,16,2,39,3,10,5,1,7,9,1,10,1,14,,86,,1,21,121.6166915,25.055068
113,1,9,15,26,2,05中正區,中正區忠孝東路1段與林森北路口,0,0,3,1,C03,8,6,5,50,4,2,1,5,4,5,13,2,1,1,4,5,2,16,1,24,2,8,5,1,7,6,1,10,2,12,,9,,1,22,121.5233648,25.04487669
113,1,9,15,26,2,05中正區,中正區忠孝東路1段與林森北路口,0,0,3,2,C03,8,6,5,50,4,2,1,5,4,5,13,2,1,1,4,5,2,16,1,49,2,9,5,1,7,9,1,10,3,14,,108,,1,22,121.5233648,25.04487669
113,1,9,15,26,2,05中正區,中正區忠孝東路1段與林森北路口,0,0,3,3,H02,8,6,5,50,4,2,1,5,4,5,13,2,1,1,4,5,2,16,2,43,2,9,5,5,7,20,8,20,10,16,,67,,1,22,121.5233648,25.04487669
113,1,9,15,30,2,12內湖區,內湖區內湖路2段261號,0,0,1,1,C03,8,5,5,50,14,9,1,5,4,5,13,4,4,4,5,5,1,9,1,49,3,10,3,4,7,2,1,10,1,13,,12,,1,22,121.59036,25.080734
113,1,9,15,30,2,12內湖區,內湖區內湖路2段261號,0,0,1,2,H01,8,5,5,50,14,9,1,5,4,5,13,4,4,4,5,5,1,9,2,80,2,8,4,5,8,16,8,20,10,16,,67,,1,22,121.59036,25.080734
113,1,9,16,16,2,04大安區,大安區忠孝東路4段17巷與復興南路1段135巷口,0,0,2,1,C03,7,6,5,30,4,1,1,5,4,5,13,4,4,10,5,5,2,15,1,37,2,7,5,1,7,9,1,10,1,11,,72,,1,21,121.5444814,25.0426738
113,1,9,16,16,2,04大安區,大安區忠孝東路4段17巷與復興南路1段135巷口,0,0,2,2,F01,7,6,5,30,4,1,1,5,4,5,13,4,4,10,5,5,2,15,1,25,2,8,2,4,7,9,8,20,1,12,,44,,1,21,121.5444814,25.0426738
113,1,9,16,16,2,04大安區,大安區忠孝東路4段17巷與復興南路1段135巷口,0,0,2,3,B11,7,6,5,30,4,1,1,5,4,5,13,4,4,10,5,5,2,15,3,0,,,,,,,,,,,,38,,1,,121.5444814,25.0426738
113,1,9,16,37,2,12內湖區,內湖區民權東路6段210巷,0,0,2,1,C03,7,7,5,50,14,9,1,5,4,5,13,4,4,3,4,5,2,12,2,49,2,9,5,1,7,9,1,10,1,11,,44,,1,21,121.5973673,25.0675023
113,1,9,16,37,2,12內湖區,內湖區民權東路6段210巷,0,0,2,2,C03,7,7,5,50,14,9,1,5,4,5,13,4,4,3,4,5,2,12,2,52,2,9,5,1,7,8,1,10,1,14,,100,,1,21,121.5973673,25.0675023
113,1,9,16,47,2,03中山區,中山區市民大道3段與八德路2段口,0,0,1,1,B03,7,6,5,40,4,1,1,5,4,5,13,1,1,1,4,5,2,17,1,57,3,10,7,1,7,6,1,8,1,5,,9,,1,21,121.5348152,25.04507628
113,1,9,16,47,2,03中山區,中山區市民大道3段與八德路2段口,0,0,1,2,C03,7,6,5,40,4,1,1,5,4,5,13,1,1,1,4,5,2,17,1,18,2,9,6,1,7,9,1,10,1,14,,13,,1,21,121.5348152,25.04507628
113,1,9,16,49,2,04大安區,大安區金山南路2段與金華街口,0,0,1,1,B01,7,7,5,50,4,1,1,5,4,5,13,1,1,1,3,5,2,17,1,58,3,10,7,1,7,11,1,4,1,6,,10,,1,21,121.5266565,25.030315
113,1,9,16,49,2,04大安區,大安區金山南路2段與金華街口,0,0,1,2,C02,7,7,5,50,4,1,1,5,4,5,13,1,1,1,3,5,2,17,1,24,2,9,6,1,7,9,1,9,1,11,,108,,1,21,121.5266565,25.030315
113,1,9,17,20,2,05中正區,中正區濟南路2段與臨沂街口,0,0,1,1,C03,7,5,5,50,4,2,1,5,4,5,13,4,4,9,4,5,2,17,1,50,2,9,5,1,7,9,1,10,2,12,,108,,1,21,121.5302089,25.04061548
113,1,9,17,20,2,05中正區,中正區濟南路2段與臨沂街口,0,0,1,2,B03,7,5,5,50,4,2,1,5,4,5,13,4,4,9,4,5,2,17,2,32,3,10,7,1,7,13,1,8,9,4,,44,,1,21,121.5302089,25.04061548