發生年度,發生月,發生日,發生時-Hours,發生分,處理別-編號,區序,肇事地點,死亡人數,2-30日死亡人數,受傷人數,當事人序號,車種,天候,道路照明設備,道路類別,速限-速度限制,道路型態,事故位置,路面狀況1,路面狀況2,路面狀況3,道路障礙1,道路障礙2,號誌1,號誌2,車道劃分-分向,車道劃分-分道1,車道劃分-分道2,車道劃分-分道3,事故類型及型態,性別,年齡,受傷程度,主要傷處,保護裝置,行動電話,車輛用途,當事者行動狀態,駕駛資格情形,駕駛執照種類,飲酒情形,車輛撞擊部位1,車輛撞擊部位2,肇因碼-個別,肇因碼-主要,個人肇逃否,職業,座標-X,座標-Y
113,1,9,17,20,2,05中正區,中正區濟南路2段與臨沂街口,0,0,1,3,B03,7,5,5,50,4,2,1,5,4,5,13,4,4,9,4,5,2,17,1,52,3,10,7,1,7,8,1,8,11,17,,100,,2,21,121.5302089,25.04061548
113,1,9,17,30,2,01大同區,大同區台北橋機慢車道往三重,0,0,1,1,C03,8,5,7,50,8,11,1,5,4,5,13,4,4,8,3,5,2,12,1,20,3,10,6,1,7,7,1,10,1,13,,100,,1,21,121.508498,25.06362733
113,1,9,17,30,2,01大同區,大同區台北橋機慢車道往三重,0,0,1,2,C03,8,5,7,50,8,11,1,5,4,5,13,4,4,8,3,5,2,12,1,66,2,9,6,1,7,9,1,10,1,11,,44,,1,21,121.508498,25.06362733
113,1,9,17,40,2,10文山區,文山區萬和街與萬安街16巷口,0,0,2,1,B03,8,5,5,30,14,9,2,5,4,5,13,2,1,5,4,5,2,17,1,57,3,10,3,4,7,6,1,4,1,4,,80,,1,21,121.5687567,25.00041646
113,1,9,17,40,2,10文山區,文山區萬和街與萬安街16巷口,0,0,2,2,C04,8,5,5,30,14,9,2,5,4,5,13,2,1,5,4,5,2,17,2,41,2,9,5,4,7,5,1,10,1,12,,44,,1,21,121.5687567,25.00041646
113,1,9,17,40,2,10文山區,文山區萬和街與萬安街16巷口,0,0,2,3,H02,8,5,5,30,14,9,2,5,4,5,13,2,1,5,4,5,2,17,2,8,2,8,5,5,7,17,8,20,10,16,,67,,1,21,121.5687567,25.00041646
113,1,9,17,50,2,03中山區,中山區林森北路與雙城街49巷口,0,0,1,1,C03,7,5,5,50,4,1,1,5,4,5,13,4,4,9,5,5,2,13,1,30,3,10,6,1,7,9,1,10,1,11,,108,,1,21,121.5257575,25.06790333
113,1,9,17,50,2,03中山區,中山區林森北路與雙城街49巷口,0,0,1,2,B01,7,5,5,50,4,1,1,5,4,5,13,4,4,9,5,5,2,13,1,50,3,10,7,1,7,11,1,4,1,7,,44,,1,21,121.5257575,25.06790333
113,1,9,17,50,2,03中山區,中山區林森北路與雙城街49巷口,0,0,1,3,H02,7,5,5,50,4,1,1,5,4,5,13,4,4,9,5,5,2,13,2,32,2,3,6,5,7,20,8,20,10,16,,67,,1,21,121.5257575,25.06790333
113,1,9,17,57,2,12內湖區,內湖區洲子街12號附近,0,0,1,1,C03,7,5,5,50,14,9,1,5,4,5,13,4,4,5,4,5,2,12,1,75,2,9,5,1,7,7,1,10,2,14,,100,,1,21,121.5754335,25.07833395
113,1,9,17,57,2,12內湖區,內湖區洲子街12號附近,0,0,1,2,B03,7,5,5,50,14,9,1,5,4,5,13,4,4,5,4,5,2,12,2,45,3,10,7,1,7,9,1,8,2,5,,44,,1,21,121.5754335,25.07833395
113,1,9,18,0,2,12內湖區,內湖區成功路5段與大湖街166巷口,0,0,1,1,B03,8,5,5,50,4,1,1,5,4,5,13,2,1,1,4,4,2,17,2,46,3,10,7,1,7,5,1,8,2,17,,85,,1,21,121.6013293,25.08432115
113,1,9,18,0,2,12內湖區,內湖區成功路5段與大湖街166巷口,0,0,1,2,A02,8,5,5,50,4,1,1,5,4,5,13,2,1,1,4,4,2,17,1,57,3,10,7,1,7,12,1,2,2,17,,44,,1,21,121.6013293,25.08432115
113,1,9,18,0,2,12內湖區,內湖區成功路5段與大湖街166巷口,0,0,1,3,H02,8,5,5,50,4,1,1,5,4,5,13,2,1,1,4,4,2,17,2,58,2,9,4,5,7,20,8,20,10,16,,67,,1,21,121.6013293,25.08432115
113,1,9,18,1,2,12內湖區,內湖區民善街與新湖二路口,0,0,1,1,B03,7,5,5,50,4,1,1,5,4,5,13,2,1,9,4,5,2,16,1,54,3,10,7,1,7,5,1,8,1,8,,8,,1,21,121.575505,25.06072365
113,1,9,18,1,2,12內湖區,內湖區民善街與新湖二路口,0,0,1,2,C03,7,5,5,50,4,1,1,5,4,5,13,2,1,9,4,5,2,16,1,41,2,8,6,1,7,9,1,10,1,12,,44,,1,21,121.575505,25.06072365
113,1,9,18,10,2,08士林區,士林區百齡橋與承德路5段口引道,0,0,1,1,B03,8,5,5,50,3,1,1,5,4,5,13,4,4,3,4,4,1,17,1,71,3,10,3,4,7,7,1,8,1,4,,80,,1,21,121.5150797,25.0902562
113,1,9,18,10,2,08士林區,士林區百齡橋與承德路5段口引道,0,0,1,2,C03,8,5,5,50,3,1,1,5,4,5,13,4,4,3,4,4,1,17,1,37,2,8,3,4,7,9,1,10,1,12,,44,,1,21,121.5150797,25.0902562
113,1,9,18,15,2,06松山區,松山區延壽街與塔悠路口,0,0,1,1,C03,7,5,5,50,3,1,1,5,4,5,13,2,1,1,2,4,2,13,1,41,2,9,6,4,7,9,6,10,2,11,,16,,1,21,121.5694268,25.05735863
113,1,9,18,15,2,06松山區,松山區延壽街與塔悠路口,0,0,1,2,C03,7,5,5,50,3,1,1,5,4,5,13,2,1,1,2,4,2,13,1,51,3,10,6,4,7,9,1,10,2,13,,44,,1,21,121.5694268,25.05735863
113,1,9,18,15,2,06松山區,松山區延壽街與塔悠路口,0,0,1,3,B12,7,5,5,50,3,1,1,5,4,5,13,2,1,1,2,4,2,13,1,39,3,10,7,4,7,9,1,8,2,1,,16,,1,21,121.5694268,25.05735863
113,1,9,18,22,2,08士林區,士林區延平北路6段427號,0,0,1,1,C02,7,5,5,50,14,9,1,5,4,5,13,4,4,1,4,5,1,13,1,51,2,9,6,1,7,9,1,9,1,11,,16,,1,21,121.5000295,25.0914795
113,1,9,18,22,2,08士林區,士林區延平北路6段427號,0,0,1,2,B03,7,5,5,50,14,9,1,5,4,5,13,4,4,1,4,5,1,13,1,45,3,10,7,1,7,9,1,8,1,3,,44,,1,21,121.5000295,25.0914795
113,1,9,18,25,2,07信義區,信義區莊敬路325巷與莊敬路341巷3弄口,0,0,1,1,C03,7,5,5,30,3,1,1,5,4,5,13,4,4,9,5,5,2,15,1,50,3,10,5,1,7,1,1,10,1,11,,80,,1,21,121.5646372,25.0288534
113,1,9,18,25,2,07信義區,信義區莊敬路325巷與莊敬路341巷3弄口,0,0,1,2,C03,7,5,5,30,3,1,1,5,4,5,13,4,4,9,5,5,2,15,1,28,2,9,5,1,7,9,1,10,1,11,,44,,1,21,121.5646372,25.0288534
113,1,9,18,26,2,01大同區,大同區南京西路與太原路口,0,0,1,1,B03,8,5,5,50,5,18,1,5,4,5,13,2,1,1,4,4,2,3,1,41,3,10,7,1,7,5,1,8,1,1,,70,,1,21,121.5161829,25.053755
113,1,9,18,26,2,01大同區,大同區南京西路與太原路口,0,0,1,2,H01,8,5,5,50,5,18,1,5,4,5,13,2,1,1,4,4,2,3,1,11,2,9,4,5,8,18,8,20,10,16,,53,,1,21,121.5161829,25.053755
113,1,9,18,30,2,05中正區,中正區愛國西路52號前,0,0,1,1,C03,7,5,5,40,14,8,1,5,4,5,13,4,4,1,3,4,1,17,1,55,2,9,6,2,7,9,1,4,8,11,,21,,1,21,121.5072686,25.0367996
113,1,9,18,30,2,05中正區,中正區愛國西路52號前,0,0,1,2,B03,7,5,5,40,14,8,1,5,4,5,13,4,4,1,3,4,1,17,1,34,3,10,3,1,7,13,1,8,1,7,,38,,1,21,121.5072686,25.0367996
113,1,9,18,30,2,07信義區,信義區基隆路2段149號,0,0,1,1,C03,8,5,5,50,14,9,1,5,4,5,13,4,4,9,4,5,2,17,1,25,3,10,6,1,7,9,1,10,1,17,,37,,1,21,121.5543922,25.0259292
113,1,9,18,30,2,07信義區,信義區基隆路2段149號,0,0,1,2,C03,8,5,5,50,14,9,1,5,4,5,13,4,4,9,4,5,2,17,2,21,2,9,6,1,7,9,1,10,1,11,,44,,1,21,121.5543922,25.0259292
113,1,9,18,33,2,09北投區,北投區大業路與豐年路2段口,0,0,1,1,B03,8,5,5,50,5,1,1,5,4,5,13,2,1,1,4,5,2,17,1,34,3,10,7,1,7,5,1,8,1,2,,98,,1,22,121.4963797,25.1348255
113,1,9,18,33,2,09北投區,北投區大業路與豐年路2段口,0,0,1,2,C01,8,5,5,50,5,1,1,5,4,5,13,2,1,1,4,5,2,17,1,22,2,9,6,1,7,9,1,9,1,11,,13,,1,29,121.4963797,25.1348255
113,1,9,18,44,2,08士林區,士林區大南路229號,0,0,1,1,C03,7,5,5,40,14,9,1,5,4,5,13,4,4,9,4,5,1,17,1,61,4,11,3,4,7,9,7,19,11,15,,4,,2,22,121.5209494,25.08849578
113,1,9,18,44,2,08士林區,士林區大南路229號,0,0,1,2,C02,7,5,5,40,14,9,1,5,4,5,13,4,4,9,4,5,1,17,1,42,2,8,5,1,7,11,1,9,9,14,,44,,1,21,121.5209494,25.08849578
113,1,9,18,50,2,01大同區,大同區民權西路102巷與民權西路102巷4弄口口,0,0,1,1,C03,8,5,5,30,4,1,1,5,4,5,13,4,4,10,4,5,2,15,1,35,2,9,6,1,7,9,1,10,1,14,,72,,1,21,121.5177148,25.06156512
113,1,9,18,50,2,01大同區,大同區民權西路102巷與民權西路102巷4弄口口,0,0,1,2,B03,8,5,5,30,4,1,1,5,4,5,13,4,4,10,4,5,2,15,2,36,3,10,7,1,7,9,1,8,1,1,,14,,1,21,121.5177148,25.06156512
113,1,9,19,0,2,09北投區,北投區立農街2段與東華街2段202巷口,0,0,1,1,C03,8,5,5,50,4,1,1,5,4,5,13,2,1,1,4,5,2,17,2,54,2,9,6,1,7,5,1,10,2,13,,8,,1,21,121.5135442,25.1177349
113,1,9,19,0,2,09北投區,北投區立農街2段與東華街2段202巷口,0,0,1,2,B03,8,5,5,50,4,1,1,5,4,5,13,2,1,1,4,5,2,17,1,29,3,10,7,1,7,9,1,8,2,1,,44,,1,21,121.5135442,25.1177349
113,1,9,19,9,2,03中山區,中山區錦州街353號,0,0,1,1,C03,8,5,5,50,14,9,1,5,4,5,13,4,4,9,5,5,2,16,1,32,3,10,6,1,7,5,1,10,1,14,,8,,1,21,121.5400682,25.0603048
113,1,9,19,9,2,03中山區,中山區錦州街353號,0,0,1,2,C03,8,5,5,50,14,9,1,5,4,5,13,4,4,9,5,5,2,16,2,34,2,8,6,1,7,9,1,10,1,12,,44,,1,21,121.5400682,25.0603048
113,1,9,19,9,2,03中山區,中山區錦州街353號,0,0,1,3,C03,8,5,5,50,14,9,1,5,4,5,13,4,4,9,5,5,2,16,3,28,,,,,,,,,,,,67,,1,,121.5400682,25.0603048
113,1,9,19,9,2,03中山區,中山區錦州街353號,0,0,1,4,C03,8,5,5,50,14,9,1,5,4,5,13,4,4,9,5,5,2,16,3,27,,,,,,,,,,,,67,,1,,121.5400682,25.0603048
113,1,9,19,9,2,07信義區,信義區基隆路2段79巷,0,0,1,2,C03,8,5,5,50,14,9,1,5,4,5,13,4,4,3,4,5,2,12,1,22,2,8,6,1,7,9,1,10,2,12,,42,,1,21,121.5579802,25.0302214
113,1,9,19,9,2,07信義區,信義區基隆路2段79巷,0,0,1,1,C03,8,5,5,50,14,9,1,5,4,5,13,4,4,3,4,5,2,12,1,28,3,10,6,1,7,6,1,10,11,17,,9,,1,21,121.5579802,25.0302214
113,1,9,19,10,2,04大安區,大安區潮州街82巷與潮州街98巷口口,0,0,2,1,C03,7,5,5,30,5,1,1,5,4,5,13,4,4,10,5,5,1,17,2,40,2,9,5,1,7,9,1,10,1,11,,72,,1,21,121.5252262,25.0284147
113,1,9,19,10,2,04大安區,大安區潮州街82巷與潮州街98巷口口,0,0,2,2,C03,7,5,5,30,5,1,1,5,4,5,13,4,4,10,5,5,1,17,2,27,2,9,5,1,7,9,1,10,1,14,,13,,1,21,121.5252262,25.0284147
113,1,9,19,12,2,11南港區,南港區八德路4段與東新街口,0,0,1,1,F01,8,5,5,50,5,2,1,5,4,5,13,2,1,1,4,5,2,16,2,53,2,9,3,4,7,6,8,20,1,11,,82,,1,21,121.5832174,25.051462
113,1,9,19,12,2,11南港區,南港區八德路4段與東新街口,0,0,1,2,B03,8,5,5,50,5,2,1,5,4,5,13,2,1,1,4,5,2,16,1,40,3,10,3,4,7,6,1,8,1,5,,44,,1,21,121.5832174,25.051462
113,1,9,20,54,2,04大安區,大安區仁愛路4段與敦化南路1段口,0,0,1,1,B03,8,5,5,50,18,17,1,5,4,5,13,2,1,10,3,1,1,16,2,32,3,10,3,4,7,5,1,8,1,8,,8,,1,21,121.5479851,25.0377475
113,1,9,20,54,2,04大安區,大安區仁愛路4段與敦化南路1段口,0,0,1,2,C03,8,5,5,50,18,17,1,5,4,5,13,2,1,10,3,1,1,16,2,30,2,9,5,4,7,9,1,10,1,12,,108,,1,21,121.5479851,25.0377475
113,1,9,21,11,2,06松山區,松山區塔悠路303號,0,0,2,1,C03,8,5,5,50,3,2,1,5,4,5,13,4,4,1,3,5,2,13,1,23,2,9,5,1,7,5,1,10,2,13,,44,,1,22,121.568759,25.0606698
113,1,9,21,11,2,06松山區,松山區塔悠路303號,0,0,2,2,C03,8,5,5,50,3,2,1,5,4,5,13,4,4,1,3,5,2,13,1,42,2,9,5,1,7,5,1,10,2,12,,8,,1,22,121.568759,25.0606698
113,1,9,22,37,2,08士林區,士林區天母東路與天母東路43巷口,0,0,1,1,A02,8,5,5,50,4,2,1,5,4,5,13,1,1,1,5,5,2,17,1,59,3,10,7,1,7,9,1,2,1,17,,44,,1,21,121.5323599,25.11807413
113,1,9,22,37,2,08士林區,士林區天母東路與天母東路43巷口,0,0,1,3,H02,8,5,5,50,4,2,1,5,4,5,13,1,1,1,5,5,2,17,2,60,2,6,3,5,7,19,8,20,10,16,,67,,1,21,121.5323599,25.11807413
113,1,9,22,37,2,08士林區,士林區天母東路與天母東路43巷口,0,0,1,2,C03,8,5,5,50,4,2,1,5,4,5,13,1,1,1,5,5,2,17,1,44,3,10,6,1,7,11,1,10,11,17,,10,,1,21,121.5323599,25.11807413
113,1,9,22,51,2,03中山區,中山區建國北路2段15號與建國北路2段口迴轉道,0,0,2,1,C03,8,5,5,50,3,2,1,5,4,5,13,4,4,1,4,5,2,13,1,40,2,8,3,4,7,8,1,10,1,13,,100,,1,21,121.5371079,25.0540905
113,1,9,22,51,2,03中山區,中山區建國北路2段15號與建國北路2段口迴轉道,0,0,2,2,C03,8,5,5,50,3,2,1,5,4,5,13,4,4,1,4,5,2,13,1,18,2,8,3,4,7,9,1,10,1,11,,44,,1,21,121.5371079,25.0540905
113,1,9,23,3,2,04大安區,大安區市民大道3段與建國南路1段口,0,0,3,1,C03,8,5,5,40,4,1,1,5,4,5,13,2,1,1,4,5,2,15,1,35,2,9,6,1,7,9,1,10,1,11,,81,,1,21,121.5363398,25.0446887
113,1,9,23,3,2,04大安區,大安區市民大道3段與建國南路1段口,0,0,3,2,C03,8,5,5,40,4,1,1,5,4,5,13,2,1,1,4,5,2,15,1,27,2,9,6,1,7,9,1,10,1,12,,44,,1,21,121.5363398,25.0446887
113,1,9,23,3,2,04大安區,大安區市民大道3段與建國南路1段口,0,0,3,3,C03,8,5,5,40,4,1,1,5,4,5,13,2,1,1,4,5,2,15,2,19,2,9,6,1,7,21,7,19,11,12,,44,,1,21,121.5363398,25.0446887
113,1,9,23,10,2,03中山區,中山區天祥路與民權西路口,0,0,2,1,C03,8,5,5,50,4,2,1,5,4,5,13,1,1,1,4,5,2,16,2,20,2,9,5,1,7,8,1,10,1,11,,100,,1,22,121.5209631,25.0629206
113,1,9,23,10,2,03中山區,中山區天祥路與民權西路口,0,0,2,2,C03,8,5,5,50,4,2,1,5,4,5,13,1,1,1,4,5,2,16,2,33,3,10,5,1,7,9,1,10,1,13,,44,,1,22,121.5209631,25.0629206
113,1,9,23,10,2,03中山區,中山區天祥路與民權西路口,0,0,2,3,H02,8,5,5,50,4,2,1,5,4,5,13,1,1,1,4,5,2,16,2,20,2,9,5,5,7,17,8,20,10,16,,67,,1,22,121.5209631,25.0629206
113,1,9,23,10,2,10文山區,文山區景美街75號附近,0,0,1,1,B02,8,5,5,30,14,9,2,5,4,5,13,4,4,10,5,5,1,9,1,22,3,10,7,1,7,7,1,8,1,2,,108,,1,21,121.5416943,24.99065332
113,1,9,23,10,2,10文山區,文山區景美街75號附近,0,0,1,2,H01,8,5,5,30,14,9,2,5,4,5,13,4,4,10,5,5,1,9,2,20,2,7,4,5,8,16,8,20,10,16,,67,,1,21,121.5416943,24.99065332
113,1,10,0,20,2,04大安區,大安區市民大道4段與光復南路口,0,0,1,1,B03,7,5,5,50,5,1,1,5,4,5,13,2,1,1,4,4,2,15,2,35,3,10,7,1,7,9,1,8,1,5,,85,,1,21,121.5576444,25.0449754
113,1,10,0,20,2,04大安區,大安區市民大道4段與光復南路口,0,0,1,2,C03,7,5,5,50,5,1,1,5,4,5,13,2,1,1,4,4,2,15,2,25,2,8,5,1,7,9,1,10,1,14,,44,,1,21,121.5576444,25.0449754
113,1,10,0,35,2,03中山區,中山區錦州街與民權東路2段92巷口,0,0,1,1,C03,8,5,5,30,4,2,1,5,4,5,13,4,4,10,5,5,2,15,1,20,3,10,3,4,7,9,1,10,1,13,,14,,1,21,121.5316689,25.0603302
113,1,10,0,35,2,03中山區,中山區錦州街與民權東路2段92巷口,0,0,1,2,C03,8,5,5,30,4,2,1,5,4,5,13,4,4,10,5,5,2,15,2,66,2,9,3,4,7,9,1,10,2,11,,14,,1,21,121.5316689,25.0603302
113,1,10,3,20,2,08士林區,士林區承德橋與通河街口,0,0,1,1,B03,7,5,5,50,4,1,1,4,4,5,13,1,1,2,4,5,2,17,1,27,3,10,3,4,7,6,1,8,1,5,,9,,1,21,121.5222639,25.0802243
113,1,10,3,20,2,08士林區,士林區承德橋與通河街口,0,0,1,2,C03,7,5,5,50,4,1,1,4,4,5,13,1,1,2,4,5,2,17,1,18,3,10,6,1,7,9,1,10,1,14,,13,,1,21,121.5222639,25.0802243
113,1,10,3,20,2,08士林區,士林區承德橋與通河街口,0,0,1,3,H02,7,5,5,50,4,1,1,4,4,5,13,1,1,2,4,5,2,17,2,20,2,8,6,5,7,20,8,20,10,16,,67,,1,21,121.5222639,25.0802243
113,1,10,6,47,2,03中山區,中山區北安路139號,0,0,1,1,C03,8,6,5,50,11,9,1,5,4,5,13,4,4,5,4,5,2,13,1,39,2,7,5,4,7,9,1,10,1,11,,108,,1,22,121.5332192,25.07792669
113,1,10,6,47,2,03中山區,中山區北安路139號,0,0,1,2,C03,8,6,5,50,11,9,1,5,4,5,13,4,4,5,4,5,2,13,1,47,3,10,5,4,7,9,1,10,1,13,,34,,1,22,121.5332192,25.07792669
113,1,10,8,0,2,11南港區,南港區研究院路4段008號燈桿(廣化天宮),0,0,1,1,C03,8,5,5,50,14,9,1,4,4,5,13,4,4,5,5,5,1,18,2,53,2,9,6,1,7,9,1,10,1,14,,116,,1,22,121.5850331,25.01459
113,1,10,8,0,2,11南港區,南港區研究院路4段008號燈桿(廣化天宮),0,0,1,2,,8,5,5,50,14,9,1,4,4,5,13,4,4,5,5,5,1,18,3,0,,,,,,,,,,,,67,,1,,121.5850331,25.01459
113,1,10,8,13,2,03中山區,中山區林森北路與德惠街口,0,0,2,1,C04,7,6,5,50,4,1,1,5,4,5,13,1,1,5,5,5,2,17,1,31,2,9,5,1,7,5,1,10,1,14,,8,,1,21,121.5257193,25.0667108
113,1,10,8,13,2,03中山區,中山區林森北路與德惠街口,0,0,2,2,C03,7,6,5,50,4,1,1,5,4,5,13,1,1,5,5,5,2,17,1,41,2,9,5,1,7,9,1,9,1,12,,13,,1,21,121.5257193,25.0667108
113,1,10,8,15,2,12內湖區,內湖區舊宗路2段121巷與舊宗路2段口,0,0,1,1,B03,8,6,5,50,5,2,1,5,4,5,13,2,1,3,4,5,2,13,1,47,3,10,3,4,7,1,1,8,9,17,,19,,2,22,121.574828,25.0694723
113,1,10,8,15,2,12內湖區,內湖區舊宗路2段121巷與舊宗路2段口,0,0,1,2,C03,8,6,5,50,5,2,1,5,4,5,13,2,1,3,4,5,2,13,1,32,2,8,6,4,7,9,1,10,1,11,,16,,1,22,121.574828,25.0694723
113,1,10,8,15,2,12內湖區,內湖區舊宗路2段121巷與舊宗路2段口,0,0,1,3,C03,8,6,5,50,5,2,1,5,4,5,13,2,1,3,4,5,2,13,1,30,3,10,6,4,7,12,1,10,1,13,,44,,1,22,121.574828,25.0694723
113,1,10,8,23,2,04大安區,大安區辛亥路3段157巷與辛亥路3段157巷22弄口,0,0,2,1,C03,7,7,5,50,3,1,1,5,4,5,13,4,4,4,3,5,2,9,2,23,2,9,6,1,7,9,1,10,1,11,,70,,1,21,121.5499099,25.0180113
113,1,10,8,23,2,04大安區,大安區辛亥路3段157巷與辛亥路3段157巷22弄口,0,0,2,2,H01,7,7,5,50,3,1,1,5,4,5,13,4,4,4,3,5,2,9,2,69,2,9,4,5,8,16,8,20,10,16,,67,,1,21,121.5499099,25.0180113
113,1,10,8,25,2,03中山區,中山區建國北路2段3巷與建國北路口側附近2段口,0,0,1,1,B03,7,5,8,50,3,2,1,5,4,5,13,4,4,1,4,5,2,13,1,66,3,10,3,4,7,6,1,8,1,6,,101,,1,7,121.537086,25.052495
113,1,10,8,25,2,03中山區,中山區建國北路2段3巷與建國北路口側附近2段口,0,0,1,2,C03,7,5,8,50,3,2,1,5,4,5,13,4,4,1,4,5,2,13,1,39,2,9,3,4,7,9,1,10,1,11,,44,,1,27,121.537086,25.052495
113,1,10,8,28,2,03中山區,中山區朱崙街20號,0,0,1,2,C03,8,5,5,50,14,9,1,5,4,5,13,4,4,9,5,5,2,16,1,42,2,8,3,4,7,9,1,10,1,14,,44,,1,21,121.5398999,25.050018
113,1,10,8,28,2,03中山區,中山區朱崙街20號,0,0,1,1,B03,8,5,5,50,14,9,1,5,4,5,13,4,4,9,5,5,2,16,2,61,3,10,3,4,7,6,1,10,1,2,,9,,1,21,121.5398999,25.050018
113,1,10,8,34,2,05中正區,中正區八德路1段與金山北路口,0,0,1,1,B01,7,5,5,50,14,9,1,5,4,5,13,2,1,9,4,5,2,17,1,48,3,10,7,1,7,7,1,4,1,4,,100,,1,21,121.5296877,25.0435513
113,1,10,8,34,2,05中正區,中正區八德路1段與金山北路口,0,0,1,2,C03,7,5,5,50,14,9,1,5,4,5,13,2,1,9,4,5,2,17,1,51,2,9,5,1,7,9,1,10,1,12,,44,,1,21,121.5296877,25.0435513
113,1,10,8,57,2,04大安區,大安區大安路1段與大安路1段157巷口,0,0,3,2,C03,7,6,5,50,3,1,1,5,4,5,13,4,4,10,5,5,2,16,1,58,2,8,5,1,7,5,1,10,1,14,,44,,1,21,121.5460244,25.0371974
113,1,10,8,57,2,04大安區,大安區大安路1段與大安路1段157巷口,0,0,3,1,C03,7,6,5,50,3,1,1,5,4,5,13,4,4,10,5,5,2,16,1,44,2,8,5,1,7,9,1,10,1,12,,4,,2,21,121.5460244,25.0371974
113,1,10,8,57,2,04大安區,大安區大安路1段與大安路1段157巷口,0,0,3,3,H02,7,6,5,50,3,1,1,5,4,5,13,4,4,10,5,5,2,16,2,52,2,9,5,5,7,20,8,20,10,16,,67,,1,21,121.5460244,25.0371974
113,1,10,9,0,2,09北投區,北投區大業路與大業路280巷口,0,0,2,1,B03,7,6,5,30,3,1,1,5,4,5,13,2,1,1,4,4,2,16,1,66,3,10,7,1,7,5,1,8,2,8,,8,,1,21,121.497995,25.127041
113,1,10,9,0,2,09北投區,北投區大業路與大業路280巷口,0,0,2,2,C03,7,6,5,30,3,1,1,5,4,5,13,2,1,1,4,4,2,16,2,51,2,9,5,1,7,1,3,18,1,14,,19,,1,21,121.497995,25.127041
113,1,10,9,0,2,09北投區,北投區大業路與大業路280巷口,0,0,2,3,H02,7,6,5,30,3,1,1,5,4,5,13,2,1,1,4,4,2,16,2,16,2,8,5,5,7,20,8,20,10,16,,67,,1,21,121.497995,25.127041
113,1,10,9,1,2,06松山區,松山區八德路4段165號,0,0,1,1,F07,8,5,5,0,14,20,1,5,4,5,13,4,4,10,5,5,2,9,4,0,,,,,,,,,11,,,119,,2,,121.5627347,25.04870159
113,1,10,9,1,2,06松山區,松山區八德路4段165號,0,0,1,2,H01,8,5,5,0,14,20,1,5,4,5,13,4,4,10,5,5,2,9,1,44,2,9,4,5,8,20,8,20,10,16,,119,,1,21,121.5627347,25.04870159
113,1,10,9,30,2,01大同區,大同區塔城街與長安西路口,0,0,1,1,B12,7,6,5,50,14,9,1,5,4,5,13,4,4,8,3,5,1,16,1,62,3,10,7,1,7,6,1,8,2,2,,9,,1,21,121.5105297,25.0517632
113,1,10,9,30,2,01大同區,大同區塔城街與長安西路口,0,0,1,2,C03,7,6,5,50,14,9,1,5,4,5,13,4,4,8,3,5,1,16,1,57,2,9,6,1,7,9,1,10,2,11,,108,,1,21,121.5105297,25.0517632
113,1,10,9,50,2,04大安區,大安區和平東路1段與新生南路3段口,0,0,1,1,B01,8,5,5,50,4,1,1,5,4,5,13,2,1,10,5,5,2,16,1,67,3,10,3,4,7,6,1,8,1,5,,9,,1,22,121.5347319,25.0258946
113,1,10,9,50,2,04大安區,大安區和平東路1段與新生南路3段口,0,0,1,2,F02,8,5,5,50,4,1,1,5,4,5,13,2,1,10,5,5,2,16,2,71,2,9,3,4,7,11,8,20,1,12,,11,,1,22,121.5347319,25.0258946
113,1,10,10,2,2,12內湖區,內湖區成功路4段182巷與成功路4段口,0,0,1,1,B03,8,6,5,30,3,1,1,5,4,5,13,4,4,1,4,4,2,17,1,55,3,10,7,1,7,6,1,8,2,8,,80,,1,21,121.5942218,25.08362415
113,1,10,10,2,2,12內湖區,內湖區成功路4段182巷與成功路4段口,0,0,1,2,F01,8,6,5,30,3,1,1,5,4,5,13,4,4,1,4,4,2,17,2,67,2,9,4,1,7,9,8,20,2,12,,44,,1,21,121.5942218,25.08362415
113,1,10,10,14,2,01大同區,大同區長安西路324號,0,0,1,1,F01,8,6,5,50,14,9,1,5,4,5,13,4,4,5,4,5,2,17,2,67,2,8,4,1,7,8,8,20,1,11,,100,,1,21,121.5115895,25.05201982
113,1,10,10,14,2,01大同區,大同區長安西路324號,0,0,1,2,C03,8,6,5,50,14,9,1,5,4,5,13,4,4,5,4,5,2,17,2,31,3,10,6,1,7,9,1,10,1,13,,44,,1,21,121.5115895,25.05201982
113,1,10,10,38,2,11南港區,南港區重陽路與興中路86巷口,0,0,1,2,C03,8,6,5,30,3,2,1,5,4,5,13,4,4,5,4,4,2,16,2,55,2,8,6,1,7,5,1,10,1,14,,44,,1,21,121.6055968,25.057941
113,1,10,10,38,2,11南港區,南港區重陽路與興中路86巷口,0,0,1,1,B01,8,6,5,30,3,2,1,5,4,5,13,4,4,5,4,4,2,16,1,47,3,10,7,1,7,5,1,3,1,1,,4,,1,21,121.6055968,25.057941
113,1,10,10,54,2,05中正區,中正區汀州路2段73號,0,0,2,1,H01,7,7,5,0,14,9,1,5,4,5,13,4,4,5,5,5,2,3,1,24,2,7,4,5,8,16,8,20,10,16,,121,,1,22,121.5167463,25.0256486
113,1,10,10,54,2,05中正區,中正區汀州路2段73號,0,0,2,2,C03,7,7,5,0,14,9,1,5,4,5,13,4,4,5,5,5,2,3,2,45,2,8,5,1,7,9,1,10,2,11,,44,,1,22,121.5167463,25.0256486
113,1,10,11,0,2,09北投區,北投區自強街31巷42號,0,0,1,1,B12,7,6,5,30,11,9,1,5,4,5,13,4,4,10,5,5,2,10,1,27,3,10,7,1,7,9,1,8,1,1,,108,,1,21,121.5124382,25.1115488