發生年度,發生月,發生日,發生時-Hours,發生分,處理別-編號,區序,肇事地點,死亡人數,2-30日死亡人數,受傷人數,當事人序號,車種,天候,道路照明設備,道路類別,速限-速度限制,道路型態,事故位置,路面狀況1,路面狀況2,路面狀況3,道路障礙1,道路障礙2,號誌1,號誌2,車道劃分-分向,車道劃分-分道1,車道劃分-分道2,車道劃分-分道3,事故類型及型態,性別,年齡,受傷程度,主要傷處,保護裝置,行動電話,車輛用途,當事者行動狀態,駕駛資格情形,駕駛執照種類,飲酒情形,車輛撞擊部位1,車輛撞擊部位2,肇因碼-個別,肇因碼-主要,個人肇逃否,職業,座標-X,座標-Y
113,1,10,11,0,2,09北投區,北投區自強街31巷42號,0,0,1,2,C03,7,6,5,30,11,9,1,5,4,5,13,4,4,10,5,5,2,10,2,46,2,9,5,1,7,9,1,10,1,11,,44,,1,21,121.5124382,25.1115488
113,1,10,11,1,2,03中山區,中山區民權東路2段與建國北路3段口,0,0,1,1,C03,8,5,5,50,14,9,1,5,4,5,13,1,1,1,4,5,2,12,1,57,4,11,3,4,7,21,7,19,11,15,,44,,2,22,121.5367759,25.06247013
113,1,10,11,1,2,03中山區,中山區民權東路2段與建國北路3段口,0,0,1,2,C03,8,5,5,50,14,9,1,5,4,5,13,1,1,1,4,5,2,12,2,22,2,8,3,4,7,9,1,10,1,14,,44,,1,21,121.5367759,25.06247013
113,1,10,11,1,2,03中山區,中山區民權東路2段與建國北路3段口,0,0,1,3,C04,8,5,5,50,14,9,1,5,4,5,13,1,1,1,4,5,2,12,1,47,3,10,5,1,7,9,6,11,11,17,,81,,1,21,121.5367759,25.06247013
113,1,10,11,37,2,04大安區,大安區大安路1段53號,0,0,1,1,B03,7,7,5,40,14,9,1,5,4,5,13,4,4,10,4,5,1,3,2,40,3,10,3,4,7,9,1,8,2,2,,44,,1,21,121.5461901,25.0429867
113,1,10,11,37,2,04大安區,大安區大安路1段53號,0,0,1,2,H01,7,7,5,40,14,9,1,5,4,5,13,4,4,10,4,5,1,3,2,45,2,9,4,5,8,16,8,20,10,16,,121,,1,21,121.5461901,25.0429867
113,1,10,11,38,2,05中正區,中正區南昌路1段與南昌路1段125巷口口,0,0,1,1,B12,8,6,5,50,3,2,1,5,4,5,13,4,4,5,5,5,1,17,1,53,3,10,7,1,7,1,1,8,2,3,,19,,1,21,121.5180418,25.03018801
113,1,10,11,38,2,05中正區,中正區南昌路1段與南昌路1段125巷口口,0,0,1,2,C03,8,6,5,50,3,2,1,5,4,5,13,4,4,5,5,5,1,17,1,25,2,8,6,1,7,9,1,10,2,14,,108,,1,21,121.5180418,25.03018801
113,1,10,11,43,2,07信義區,信義區和平東路3段341巷54號,0,0,1,1,C03,8,5,5,30,14,9,1,5,4,5,13,4,4,10,5,5,1,13,2,21,2,7,5,1,7,9,1,10,1,11,,16,,1,22,121.5588692,25.0220419
113,1,10,11,43,2,07信義區,信義區和平東路3段341巷54號,0,0,1,2,B03,8,5,5,30,14,9,1,5,4,5,13,4,4,10,5,5,1,13,1,83,3,10,7,1,7,9,1,8,1,7,,44,,1,22,121.5588692,25.0220419
113,1,10,11,45,2,01大同區,大同區鄭州路與西寧北路口,0,0,1,1,B03,7,7,5,40,4,1,1,5,4,5,13,1,1,1,4,1,2,16,1,68,3,10,7,1,7,9,1,8,2,1,,86,,1,21,121.5082021,25.0506052
113,1,10,11,45,2,01大同區,大同區鄭州路與西寧北路口,0,0,1,2,C03,7,7,5,40,4,1,1,5,4,5,13,1,1,1,4,1,2,16,1,27,2,7,5,1,7,11,1,10,2,14,,10,,1,23,121.5082021,25.0506052
113,1,10,12,17,2,03中山區,中山區新生北路2段62巷36號,0,0,1,1,B12,7,6,5,30,14,9,1,5,4,5,13,4,4,10,5,5,2,17,1,61,3,10,7,1,7,1,6,8,1,5,,19,,1,21,121.5260815,25.05621666
113,1,10,12,17,2,03中山區,中山區新生北路2段62巷36號,0,0,1,2,C03,7,6,5,30,14,9,1,5,4,5,13,4,4,10,5,5,2,17,2,74,2,8,6,1,7,9,1,10,1,14,,108,,1,21,121.5260815,25.05621666
113,1,10,12,20,2,04大安區,大安區和平東路1段141巷7-1號,0,0,2,1,B12,8,7,5,30,14,9,1,5,4,5,13,4,4,10,5,5,2,12,1,42,3,10,3,4,7,9,1,8,1,2,,108,,1,22,121.5304809,25.0276197
113,1,10,12,20,2,04大安區,大安區和平東路1段141巷7-1號,0,0,2,2,C03,8,7,5,30,14,9,1,5,4,5,13,4,4,10,5,5,2,12,2,45,2,9,3,4,7,7,1,21,1,14,,100,,1,21,121.5304809,25.0276197
113,1,10,12,20,2,04大安區,大安區和平東路1段141巷7-1號,0,0,2,3,H02,8,7,5,30,14,9,1,5,4,5,13,4,4,10,5,5,2,12,2,12,2,9,3,5,7,21,8,20,10,16,,67,,1,21,121.5304809,25.0276197
113,1,10,12,31,2,05中正區,中正區汀州路3段與師大路口,0,0,1,1,C03,7,7,5,50,4,1,1,5,4,5,13,1,1,5,5,5,2,17,2,22,2,9,5,1,7,5,1,10,2,14,,71,,1,22,121.5254805,25.0208423
113,1,10,12,31,2,05中正區,中正區汀州路3段與師大路口,0,0,1,2,B03,7,7,5,50,4,1,1,5,4,5,13,1,1,5,5,5,2,17,2,41,3,10,7,1,7,9,1,8,2,5,,44,,1,22,121.5254805,25.0208423
113,1,10,12,35,2,10文山區,文山區木新路2段與木新路2段66巷口,0,0,1,1,F03,8,6,5,50,14,9,1,5,4,3,10,4,4,5,2,5,2,16,2,37,2,7,4,1,7,1,8,20,9,11,,19,,1,21,121.5706273,24.98570475
113,1,10,12,35,2,10文山區,文山區木新路2段與木新路2段66巷口,0,0,1,2,C03,8,6,5,50,14,9,1,5,4,3,10,4,4,5,2,5,2,16,1,31,3,10,6,1,7,9,1,10,9,12,,14,,1,21,121.5706273,24.98570475
113,1,10,12,51,2,03中山區,中山區林森北路247號對面晶華酒店停車場出入口,0,0,1,1,B03,8,5,8,0,22,22,1,5,4,5,13,4,4,10,5,5,2,9,4,0,,,,,,,,,11,,,119,,2,,121.525378,25.054069
113,1,10,12,51,2,03中山區,中山區林森北路247號對面晶華酒店停車場出入口,0,0,1,2,H01,8,5,8,0,22,22,1,5,4,5,13,4,4,10,5,5,2,9,1,69,2,9,4,5,8,17,8,20,10,16,,67,,1,22,121.525378,25.054069
113,1,10,12,55,2,02萬華區,萬華區環河南路1段330號,0,0,1,1,C03,7,6,5,50,14,9,1,5,4,5,13,4,4,5,4,5,2,17,1,56,2,7,5,1,7,9,1,10,1,12,,108,,1,21,121.4985891,25.0407338
113,1,10,12,55,2,02萬華區,萬華區環河南路1段330號,0,0,1,2,B01,7,6,5,50,14,9,1,5,4,5,13,4,4,5,4,5,2,17,1,56,3,10,7,1,7,5,1,2,1,4,,10,,1,21,121.4985891,25.0407338
113,1,10,13,20,2,05中正區,中正區博愛路98號,0,0,1,1,B01,7,6,5,50,14,9,1,5,4,5,13,4,4,10,4,5,2,12,1,44,3,10,7,1,7,9,1,4,2,4,,108,,1,21,121.511481,25.0439123
113,1,10,13,20,2,05中正區,中正區博愛路98號,0,0,1,2,C03,7,6,5,50,14,9,1,5,4,5,13,4,4,10,4,5,2,12,2,43,2,7,6,1,7,8,1,10,2,12,,100,,1,22,121.511481,25.0439123
113,1,10,13,25,2,07信義區,信義區松勤街66號對面,0,0,1,1,B03,8,5,8,30,14,9,1,5,4,5,13,4,4,9,5,5,2,17,1,21,2,7,7,4,7,9,1,8,2,5,,108,,1,22,121.5639397,25.03202879
113,1,10,13,25,2,07信義區,信義區松勤街66號對面,0,0,1,2,B01,8,5,8,30,14,9,1,5,4,5,13,4,4,9,5,5,2,17,1,55,3,10,3,4,7,14,1,4,2,4,,38,,1,22,121.5639397,25.03202879
113,1,10,14,34,2,10文山區,文山區木新路3段與木新路3段232巷口,0,0,2,2,C03,7,5,5,50,3,2,1,5,4,5,13,2,1,5,4,5,2,16,1,18,2,7,6,1,7,9,1,10,2,11,,13,,1,25,121.5591429,24.98132774
113,1,10,14,34,2,10文山區,文山區木新路3段與木新路3段232巷口,0,0,2,1,B03,7,5,5,50,3,2,1,5,4,5,13,2,1,5,4,5,2,16,1,42,2,1,7,1,7,11,1,8,2,7,,10,,1,22,121.5591429,24.98132774
113,1,10,14,40,2,10文山區,文山區興隆路3段192巷8弄19號,0,0,1,1,C03,7,6,5,30,14,9,1,5,4,5,13,4,4,9,5,5,2,17,1,25,2,9,6,1,7,9,1,10,2,11,,108,,1,21,121.5565406,24.99827283
113,1,10,14,40,2,10文山區,文山區興隆路3段192巷8弄19號,0,0,1,2,B03,7,6,5,30,14,9,1,5,4,5,13,4,4,9,5,5,2,17,2,28,3,10,3,1,7,13,1,8,11,7,,44,,1,21,121.5565406,24.99827283
113,1,10,14,45,2,03中山區,中山區新生北路3段40號,0,0,1,1,C03,7,5,5,50,14,9,1,5,4,5,13,4,4,1,4,5,2,17,1,25,2,5,3,4,7,9,1,10,1,14,,44,,1,21,121.5275819,25.06380684
113,1,10,14,45,2,03中山區,中山區新生北路3段40號,0,0,1,2,B03,7,5,5,50,14,9,1,5,4,5,13,4,4,1,4,5,2,17,2,35,3,10,3,4,7,12,1,8,1,6,,44,,1,21,121.5275819,25.06380684
113,1,10,15,9,2,04大安區,大安區和平東路1段218號,0,0,1,1,B03,7,6,5,50,14,7,1,5,4,5,13,2,1,1,4,4,2,12,1,88,3,10,7,1,7,9,1,8,1,2,,108,,1,21,121.5446108,25.03743286
113,1,10,15,9,2,04大安區,大安區和平東路1段218號,0,0,1,2,C03,7,6,5,50,14,7,1,5,4,5,13,2,1,1,4,4,2,12,2,30,2,9,5,1,7,9,1,10,1,14,,17,,1,21,121.5446108,25.03743286
113,1,10,15,22,2,12內湖區,內湖區新明路298巷6號,0,0,1,1,A02,8,6,5,50,14,9,1,5,4,5,13,4,4,5,4,5,2,29,1,61,3,10,7,1,7,15,1,2,9,17,,42,,1,21,121.5819361,25.05633962
113,1,10,15,22,2,12內湖區,內湖區新明路298巷6號,0,0,1,2,H02,8,6,5,50,14,9,1,5,4,5,13,4,4,5,4,5,2,29,2,52,2,9,4,5,7,19,8,20,10,16,,67,,1,21,121.5819361,25.05633962
113,1,10,16,33,2,08士林區,士林區延平北路7段106巷327弄與延平北路7段106巷口,0,0,1,1,C03,7,6,5,30,3,2,1,5,4,5,13,1,1,10,5,5,1,17,1,24,2,9,6,1,7,9,1,10,2,11,,13,,1,21,121.4959627,25.104263
113,1,10,16,33,2,08士林區,士林區延平北路7段106巷327弄與延平北路7段106巷口,0,0,1,2,G03,7,6,5,30,3,2,1,5,4,5,13,1,1,10,5,5,1,17,1,49,3,10,2,1,7,2,1,8,2,16,,12,,1,21,121.4959627,25.104263
113,1,10,16,56,2,03中山區,中山區林森北路85巷49號,0,0,1,2,H01,7,6,5,30,14,9,5,5,4,5,13,4,4,10,5,5,2,2,1,22,2,7,4,5,8,16,8,20,10,16,,67,,1,21,121.5265658,25.04945255
113,1,10,16,56,2,03中山區,中山區林森北路85巷49號,0,0,1,1,B01,7,6,5,30,14,9,5,5,4,5,13,4,4,10,5,5,2,2,1,62,3,10,3,4,7,9,1,4,11,15,,118,,2,21,121.5265658,25.04945255
113,1,10,16,56,2,03中山區,中山區中山北路2段與長春路口,0,0,1,1,C03,8,5,5,50,4,2,1,5,4,5,13,2,1,3,4,5,2,17,1,27,2,8,3,4,7,5,1,10,1,12,,44,,1,21,121.5226543,25.0548915
113,1,10,16,56,2,03中山區,中山區中山北路2段與長春路口,0,0,1,2,B03,8,5,5,50,4,2,1,5,4,5,13,2,1,3,4,5,2,17,1,46,3,10,3,4,7,6,1,8,1,1,,44,,1,21,121.5226543,25.0548915
113,1,10,17,0,2,10文山區,文山區木柵路1段與景美溪橋口口,0,0,3,1,C03,8,6,5,50,3,1,1,5,4,5,13,2,1,1,4,4,2,12,1,19,2,8,6,4,7,9,1,10,2,14,,108,,1,25,121.5453084,24.98680861
113,1,10,17,0,2,10文山區,文山區木柵路1段與景美溪橋口口,0,0,3,2,C03,8,6,5,50,3,1,1,5,4,5,13,2,1,1,4,4,2,12,1,83,2,8,5,4,7,8,1,10,2,12,,100,,1,26,121.5453084,24.98680861
113,1,10,17,0,2,10文山區,文山區木柵路1段與景美溪橋口口,0,0,3,3,H01,8,6,5,50,3,1,1,5,4,5,13,2,1,1,4,4,2,12,2,67,2,8,4,5,8,16,8,20,1,16,,67,,1,22,121.5453084,24.98680861
113,1,10,17,6,2,05中正區,中正區愛國西路48巷與廣州街口,0,0,1,1,B01,8,6,5,30,3,1,1,5,4,5,13,4,4,5,4,5,2,16,1,49,3,10,7,1,7,5,1,4,2,5,,108,,1,21,121.5072674,25.0358711
113,1,10,17,6,2,05中正區,中正區愛國西路48巷與廣州街口,0,0,1,2,C03,8,6,5,30,3,1,1,5,4,5,13,4,4,5,4,5,2,16,1,63,2,8,5,1,7,9,1,10,2,12,,99,,1,21,121.5072674,25.0358711
113,1,10,17,8,2,10文山區,文山區木柵路5段52號,0,0,2,1,C03,8,5,5,30,11,9,1,5,4,3,13,4,4,10,5,5,1,11,1,42,2,7,6,1,7,9,1,10,1,14,,5,,1,21,121.5845018,25.0033999
113,1,10,17,8,2,10文山區,文山區木柵路5段52號,0,0,2,2,C03,8,5,5,30,11,9,1,5,4,3,13,4,4,10,5,5,1,11,1,46,2,7,6,1,7,9,1,10,1,14,,5,,1,21,121.5845018,25.0033999
113,1,10,17,30,2,07信義區,信義區忠孝東路5段與大道路口,0,0,1,1,B03,7,5,5,50,5,2,1,5,4,5,13,1,1,1,4,5,2,9,1,76,3,10,7,1,7,5,1,8,2,5,,70,,1,21,121.5809498,25.0430146
113,1,10,17,30,2,07信義區,信義區忠孝東路5段與大道路口,0,0,1,2,H01,7,5,5,50,5,2,1,5,4,5,13,1,1,1,4,5,2,9,2,78,2,9,4,5,8,16,8,20,10,16,,67,,1,21,121.5809498,25.0430146
113,1,10,17,32,2,03中山區,中山區北安路490號,0,0,1,1,B03,8,5,5,50,14,9,1,5,4,5,13,4,4,1,4,5,2,16,1,76,3,10,7,1,7,1,1,8,1,8,,19,,1,22,121.5455424,25.07975444
113,1,10,17,32,2,03中山區,中山區北安路490號,0,0,1,2,C03,8,5,5,50,14,9,1,5,4,5,13,4,4,1,4,5,2,16,2,37,2,9,5,1,7,9,1,9,1,11,,44,,1,22,121.5455424,25.07975444
113,1,10,17,35,2,03中山區,中山區北安路575-3號,0,0,1,1,B03,8,5,5,50,14,9,1,5,4,5,13,4,4,1,4,5,2,16,1,57,3,10,3,4,7,1,1,8,1,8,,19,,1,22,121.5485536,25.08137496
113,1,10,17,35,2,03中山區,中山區北安路575-3號,0,0,1,2,C03,8,5,5,50,14,9,1,5,4,5,13,4,4,1,4,5,2,16,2,37,2,7,6,4,7,9,1,10,1,12,,44,,1,21,121.5485536,25.08137496
113,1,10,17,36,2,04大安區,大安區辛亥路3段與復興南路2段口,0,0,1,1,B03,8,5,5,50,3,1,1,5,4,5,13,1,1,1,3,5,2,17,1,35,3,10,7,1,7,6,1,8,1,5,,9,,1,21,121.5433918,25.021594
113,1,10,17,36,2,04大安區,大安區辛亥路3段與復興南路2段口,0,0,1,2,F01,8,5,5,50,3,1,1,5,4,5,13,1,1,1,3,5,2,17,2,79,2,9,4,1,7,9,8,20,1,14,,99,,1,21,121.5433918,25.021594
113,1,10,17,38,2,05中正區,中正區重慶南路1段136巷,0,0,1,2,C03,7,5,5,30,14,9,1,5,4,5,13,4,4,10,5,5,2,16,1,55,2,9,6,4,7,9,1,10,11,12,,44,,1,22,121.5116138,25.03638934
113,1,10,17,38,2,05中正區,中正區重慶南路1段136巷,0,0,1,1,B12,7,5,5,30,14,9,1,5,4,5,13,4,4,10,5,5,2,16,1,62,3,10,7,4,7,7,1,8,11,8,,100,,1,21,121.5116138,25.03638934
113,1,10,17,40,2,03中山區,中山區市民大道3段與復興南路1段口,0,0,2,1,C03,8,5,5,40,4,1,1,5,4,5,13,1,1,10,4,5,2,16,2,18,2,8,6,1,7,5,1,10,1,14,,8,,1,21,121.5437626,25.0451708
113,1,10,17,40,2,03中山區,中山區市民大道3段與復興南路1段口,0,0,2,2,C03,8,5,5,40,4,1,1,5,4,5,13,1,1,10,4,5,2,16,1,20,3,10,6,1,7,9,1,10,1,12,,13,,1,21,121.5437626,25.0451708
113,1,10,17,40,2,03中山區,中山區市民大道3段與復興南路1段口,0,0,2,3,H02,8,5,5,40,4,1,1,5,4,5,13,1,1,10,4,5,2,16,2,18,2,8,6,5,7,20,8,20,10,16,,67,,1,21,121.5437626,25.0451708
113,1,10,17,40,2,04大安區,大安區敦化南路1段262號,0,0,1,1,B03,7,5,5,50,14,10,1,5,4,5,13,4,4,5,2,5,2,12,2,45,3,10,7,1,7,8,1,8,1,2,,100,,1,21,121.5488206,25.0408553
113,1,10,17,40,2,04大安區,大安區敦化南路1段262號,0,0,1,2,A02,7,5,5,50,14,10,1,5,4,5,13,4,4,5,2,5,2,12,1,47,3,10,7,1,7,9,1,2,1,8,,44,,1,21,121.5488206,25.0408553
113,1,10,17,40,2,04大安區,大安區敦化南路1段262號,0,0,1,3,H02,7,5,5,50,14,10,1,5,4,5,13,4,4,5,2,5,2,12,2,65,2,9,3,5,7,21,8,20,10,16,,67,,1,21,121.5488206,25.0408553
113,1,10,17,45,2,07信義區,信義區信義路5段與基隆路2段口,0,0,1,1,C03,8,5,5,50,4,4,1,5,4,5,13,2,1,3,4,5,2,17,1,20,2,9,5,1,7,9,1,10,2,17,,16,,1,21,121.5595172,25.0327786
113,1,10,17,45,2,07信義區,信義區信義路5段與基隆路2段口,0,0,1,2,C03,8,5,5,50,4,4,1,5,4,5,13,2,1,3,4,5,2,17,2,65,3,10,5,1,7,12,1,10,2,17,,44,,1,21,121.5595172,25.0327786
113,1,10,17,48,2,02萬華區,萬華區西園路2段292-2號,0,0,1,1,C03,8,5,5,50,14,9,1,5,4,5,13,4,4,3,4,5,2,16,2,56,2,7,5,1,7,15,1,10,1,12,,101,,1,21,121.4933581,25.02668953
113,1,10,17,48,2,02萬華區,萬華區西園路2段292-2號,0,0,1,2,C03,8,5,5,50,14,9,1,5,4,5,13,4,4,3,4,5,2,16,1,37,3,10,5,1,7,9,1,10,1,14,,44,,1,21,121.4933581,25.02668953
113,1,10,17,48,2,02萬華區,萬華區西園路2段292-2號,0,0,1,3,C03,8,5,5,50,14,9,1,5,4,5,13,4,4,3,4,5,2,16,1,33,3,10,5,1,7,9,1,10,1,17,,106,,1,21,121.4933581,25.02668953
113,1,10,17,54,2,07信義區,信義區松德路202號,0,0,1,2,C03,7,5,5,50,14,9,1,5,4,5,13,1,1,1,4,5,2,13,2,25,2,8,5,1,7,12,1,10,1,13,,44,,1,21,121.5744711,25.03409311
113,1,10,17,54,2,07信義區,信義區松德路202號,0,0,1,1,C03,7,5,5,50,14,9,1,5,4,5,13,1,1,1,4,5,2,13,1,42,3,10,5,1,7,9,1,10,1,11,,16,,1,21,121.5744711,25.03409311
113,1,10,18,3,2,05中正區,中正區中山南路與青島東路口,0,0,1,1,C03,8,5,5,50,4,1,1,5,4,5,13,2,1,5,4,5,2,12,1,24,3,10,5,1,7,8,1,10,1,12,,100,,1,22,121.5194135,25.04448228
113,1,10,18,3,2,05中正區,中正區中山南路與青島東路口,0,0,1,2,C03,8,5,5,50,4,1,1,5,4,5,13,2,1,5,4,5,2,12,2,42,2,9,5,2,7,9,1,10,1,14,,44,,1,22,121.5194135,25.04448228
113,1,10,18,25,2,12內湖區,內湖區麥帥一橋,0,0,2,1,C03,8,5,5,40,8,11,1,5,4,5,13,4,4,1,4,1,1,13,1,23,3,10,5,1,7,9,1,10,2,11,,16,,1,21,121.5748436,25.05376206
113,1,10,18,25,2,12內湖區,內湖區麥帥一橋,0,0,2,2,C03,8,5,5,40,8,11,1,5,4,5,13,4,4,1,4,1,1,13,1,19,3,10,5,1,7,9,1,10,2,11,,16,,1,21,121.5748436,25.05376206
113,1,10,18,25,2,12內湖區,內湖區麥帥一橋,0,0,2,3,C03,8,5,5,40,8,11,1,5,4,5,13,4,4,1,4,1,1,13,1,32,2,8,5,3,7,12,1,10,2,13,,44,,1,21,121.5748436,25.05376206
113,1,10,18,25,2,12內湖區,內湖區麥帥一橋,0,0,2,4,C03,8,5,5,40,8,11,1,5,4,5,13,4,4,1,4,1,1,13,1,45,3,10,5,1,7,12,1,10,2,13,,44,,1,21,121.5748436,25.05376206
113,1,10,18,25,2,12內湖區,內湖區麥帥一橋,0,0,2,5,C03,8,5,5,40,8,11,1,5,4,5,13,4,4,1,4,1,1,13,1,22,3,10,5,1,7,12,1,10,2,13,,44,,1,21,121.5748436,25.05376206
113,1,10,18,25,2,12內湖區,內湖區麥帥一橋,0,0,2,6,C03,8,5,5,40,8,11,1,5,4,5,13,4,4,1,4,1,1,13,1,18,2,8,5,1,7,12,1,10,2,13,,44,,1,21,121.5748436,25.05376206
113,1,10,18,28,2,08士林區,士林區承德路4段與通河街口,0,0,1,1,C03,8,5,5,50,14,9,1,5,4,5,13,4,4,1,3,5,1,12,2,38,2,8,5,1,7,8,1,10,1,12,,100,,1,21,121.5221088,25.0804584
113,1,10,18,28,2,08士林區,士林區承德路4段與通河街口,0,0,1,2,B03,8,5,5,50,14,9,1,5,4,5,13,4,4,1,3,5,1,12,1,45,3,10,7,1,7,9,1,8,1,4,,108,,1,21,121.5221088,25.0804584
113,1,10,18,30,2,12內湖區,內湖區麥帥一橋東向西機慢車道,0,0,2,1,C03,7,6,5,40,8,12,1,5,4,5,13,4,4,9,4,5,2,13,1,29,2,7,6,1,7,9,1,10,1,11,,16,,1,21,121.5733338,25.05295224
113,1,10,18,30,2,12內湖區,內湖區麥帥一橋東向西機慢車道,0,0,2,2,C03,7,6,5,40,8,12,1,5,4,5,13,4,4,9,4,5,2,13,1,38,3,10,6,1,7,9,1,10,1,13,,44,,1,21,121.5733338,25.05295224
113,1,10,18,30,2,12內湖區,內湖區麥帥一橋東向西機慢車道,0,0,2,3,C03,7,6,5,40,8,12,1,5,4,5,13,4,4,9,4,5,2,13,2,29,3,10,6,1,7,9,1,10,1,17,,44,,1,21,121.5733338,25.05295224
113,1,10,18,30,2,12內湖區,內湖區麥帥一橋東向西機慢車道,0,0,2,4,C03,7,6,5,40,8,12,1,5,4,5,13,4,4,9,4,5,2,13,1,30,3,10,6,1,7,9,1,10,1,13,,44,,1,21,121.5733338,25.05295224
113,1,10,18,30,2,12內湖區,內湖區麥帥一橋東向西機慢車道,0,0,2,5,C03,7,6,5,40,8,12,1,5,4,5,13,4,4,9,4,5,2,13,2,42,2,8,6,1,7,9,1,10,1,11,,16,,1,21,121.5733338,25.05295224
113,1,10,18,51,2,04大安區,大安區和平東路1段與金山南路2段口,0,0,2,1,B03,8,5,5,50,4,1,1,5,4,5,13,2,1,1,2,5,1,16,1,84,3,10,3,4,7,6,1,8,2,5,,9,,1,21,121.5259906,25.0269217
113,1,10,18,51,2,04大安區,大安區和平東路1段與金山南路2段口,0,0,2,2,C03,8,5,5,50,4,1,1,5,4,5,13,2,1,1,2,5,1,16,1,57,2,9,3,4,7,9,1,10,2,14,,99,,1,21,121.5259906,25.0269217
113,1,10,18,51,2,04大安區,大安區和平東路1段與金山南路2段口,0,0,2,3,H02,8,5,5,50,4,1,1,5,4,5,13,2,1,1,2,5,1,16,2,66,2,9,3,5,7,20,8,20,10,16,,67,,1,21,121.5259906,25.0269217
113,1,10,19,6,2,03中山區,中山區民權東路2段與林森北路口,0,0,4,1,B01,8,5,5,50,14,9,1,5,4,5,13,4,4,1,4,5,2,12,1,53,3,10,7,1,7,7,1,4,1,4,,100,,1,21,121.5258435,25.06263566
113,1,10,19,6,2,03中山區,中山區民權東路2段與林森北路口,0,0,4,2,C03,8,5,5,50,14,9,1,5,4,5,13,4,4,1,4,5,2,12,2,32,2,9,5,1,7,9,1,10,1,12,,44,,1,21,121.5258435,25.06263566
113,1,10,19,6,2,03中山區,中山區民權東路2段與林森北路口,0,0,4,3,C03,8,5,5,50,14,9,1,5,4,5,13,4,4,1,4,5,2,12,2,30,2,9,6,1,7,9,1,10,1,11,,16,,1,21,121.5258435,25.06263566
113,1,10,19,6,2,03中山區,中山區民權東路2段與林森北路口,0,0,4,5,C03,8,5,5,50,14,9,1,5,4,5,13,4,4,1,4,5,2,12,1,38,2,9,6,1,7,9,1,10,1,13,,44,,1,21,121.5258435,25.06263566
113,1,10,19,6,2,03中山區,中山區民權東路2段與林森北路口,0,0,4,4,C03,8,5,5,50,14,9,1,5,4,5,13,4,4,1,4,5,2,12,2,23,2,9,6,1,7,9,1,10,1,11,,16,,1,21,121.5258435,25.06263566
113,1,10,20,0,2,05中正區,中正區三元街與南海路口,0,0,1,1,B03,7,5,8,50,5,1,1,5,4,5,13,2,1,1,4,4,1,16,1,28,3,10,7,1,7,6,1,4,2,5,,9,,1,21,121.5088383,25.02973233
113,1,10,20,0,2,05中正區,中正區三元街與南海路口,0,0,1,2,C03,7,5,8,50,5,1,1,5,4,5,13,2,1,1,4,4,1,16,1,39,2,9,5,1,7,9,1,10,2,14,,108,,1,21,121.5088383,25.02973233
113,1,10,20,0,2,05中正區,中正區三元街與南海路口,0,0,1,3,H02,7,5,8,50,5,1,1,5,4,5,13,2,1,1,4,4,1,16,2,36,4,11,5,5,7,17,8,20,10,16,,67,,1,21,121.5088383,25.02973233
113,1,10,20,13,2,01大同區,大同區延平北路2段與民權西路口,0,0,1,1,C03,8,5,5,50,5,1,1,5,4,5,13,2,1,1,4,1,2,13,2,41,2,9,5,1,7,9,1,10,2,12,,16,,1,22,121.5112044,25.0629896
113,1,10,20,13,2,01大同區,大同區延平北路2段與民權西路口,0,0,1,2,C03,8,5,5,50,5,1,1,5,4,5,13,2,1,1,4,1,2,13,1,33,3,10,5,1,7,5,1,10,2,13,,16,,1,22,121.5112044,25.0629896
113,1,10,20,19,2,02萬華區,萬華區長沙街2段與西昌街口,0,0,1,1,B03,8,5,5,50,4,1,1,5,4,5,13,2,1,9,5,5,2,9,1,31,3,10,7,1,7,5,1,8,1,1,,44,,1,21,121.500698,25.0409232
113,1,10,20,19,2,02萬華區,萬華區長沙街2段與西昌街口,0,0,1,2,H01,8,5,5,50,4,1,1,5,4,5,13,2,1,9,5,5,2,9,2,54,2,7,4,5,8,16,8,20,10,16,,67,,1,21,121.500698,25.0409232
113,1,10,20,22,2,01大同區,大同區忠孝橋機慢車道往西,0,0,1,1,C03,7,5,5,50,8,9,1,5,4,5,13,4,4,1,4,5,2,17,1,36,3,10,3,4,7,9,1,10,1,11,,108,,1,21,121.5061542,25.0491071
113,1,10,20,22,2,01大同區,大同區忠孝橋機慢車道往西,0,0,1,2,C03,7,5,5,50,8,9,1,5,4,5,13,4,4,1,4,5,2,17,2,50,2,9,3,4,7,9,1,10,1,13,,44,,1,21,121.5061542,25.0491071
113,1,10,20,40,2,07信義區,信義區崇德街81巷與崇德街口,0,0,1,1,B01,8,5,5,50,3,1,1,5,4,5,13,1,1,1,4,5,2,13,1,34,3,10,3,4,7,9,1,4,1,1,,16,,1,21,121.5554275,25.0243474
113,1,10,20,40,2,07信義區,信義區崇德街81巷與崇德街口,0,0,1,2,B01,8,5,5,50,3,1,1,5,4,5,13,1,1,1,4,5,2,13,2,59,2,3,3,4,7,14,1,4,1,3,,44,,1,21,121.5554275,25.0243474