發生年度,發生月,發生日,發生時-Hours,發生分,處理別-編號,區序,肇事地點,死亡人數,2-30日死亡人數,受傷人數,當事人序號,車種,天候,道路照明設備,道路類別,速限-速度限制,道路型態,事故位置,路面狀況1,路面狀況2,路面狀況3,道路障礙1,道路障礙2,號誌1,號誌2,車道劃分-分向,車道劃分-分道1,車道劃分-分道2,車道劃分-分道3,事故類型及型態,性別,年齡,受傷程度,主要傷處,保護裝置,行動電話,車輛用途,當事者行動狀態,駕駛資格情形,駕駛執照種類,飲酒情形,車輛撞擊部位1,車輛撞擊部位2,肇因碼-個別,肇因碼-主要,個人肇逃否,職業,座標-X,座標-Y
113,1,10,20,45,2,04大安區,大安區羅斯福路2段與和平東路1段口,0,0,2,1,C03,8,5,5,50,4,1,1,5,4,5,13,2,1,3,4,5,1,12,1,29,3,10,6,4,7,9,1,10,2,13,,17,,1,21,121.5226264,25.0270031
113,1,10,20,45,2,04大安區,大安區羅斯福路2段與和平東路1段口,0,0,2,2,C03,8,5,5,50,4,1,1,5,4,5,13,2,1,3,4,5,1,12,1,42,2,9,6,4,7,9,1,10,2,11,,86,,1,21,121.5226264,25.0270031
113,1,10,20,45,2,04大安區,大安區羅斯福路2段與和平東路1段口,0,0,2,3,H02,8,5,5,50,4,1,1,5,4,5,13,2,1,3,4,5,1,12,2,57,3,10,6,5,7,20,8,20,10,16,,67,,1,21,121.5226264,25.0270031
113,1,10,20,45,2,04大安區,大安區羅斯福路2段與和平東路1段口,0,0,2,4,H02,8,5,5,50,4,1,1,5,4,5,13,2,1,3,4,5,1,12,2,52,2,9,6,5,7,20,8,20,10,16,,67,,1,21,121.5226264,25.0270031
113,1,10,21,6,2,01大同區,大同區市民大道1段(京站停車場),0,0,1,1,B02,7,5,5,40,3,1,1,5,4,5,13,4,4,9,4,5,2,17,1,33,3,10,7,1,7,6,1,8,1,2,,9,,1,21,121.5181017,25.0486397
113,1,10,21,6,2,01大同區,大同區市民大道1段(京站停車場),0,0,1,2,C03,7,5,5,40,3,1,1,5,4,5,13,4,4,9,4,5,2,17,1,23,2,9,5,1,7,9,1,10,1,14,,13,,1,21,121.5181017,25.0486397
113,1,10,21,16,2,04大安區,大安區通化街與通化街39巷口,0,0,1,1,B03,8,5,5,50,4,1,1,5,4,5,13,4,4,9,5,5,1,15,1,27,4,11,3,4,7,9,7,19,11,1,,108,,2,21,121.5542689,25.0309121
113,1,10,21,16,2,04大安區,大安區通化街與通化街39巷口,0,0,1,2,F01,8,5,5,50,4,1,1,5,4,5,13,4,4,9,5,5,1,15,2,64,2,9,4,4,7,9,8,20,1,14,,72,,1,21,121.5542689,25.0309121
113,1,10,21,31,2,10文山區,文山區景華街與景興路口,0,0,2,1,C03,8,5,5,30,4,2,1,5,4,5,13,2,1,10,5,5,2,16,1,62,2,9,5,1,7,5,1,10,2,12,,83,,1,21,121.5447869,24.9951228
113,1,10,21,31,2,10文山區,文山區景華街與景興路口,0,0,2,2,C03,8,5,5,30,4,2,1,5,4,5,13,2,1,10,5,5,2,16,1,51,2,9,5,1,7,9,1,10,2,11,,44,,1,21,121.5447869,24.9951228
113,1,10,21,32,2,12內湖區,內湖區潭美街328巷(往汐止方向),0,0,1,1,C03,8,5,5,50,11,9,1,5,4,5,13,4,4,9,5,5,2,10,1,25,3,10,6,1,7,12,1,10,2,11,,4,,1,21,121.6100962,25.06252349
113,1,10,21,32,2,12內湖區,內湖區潭美街328巷(往汐止方向),0,0,1,2,C03,8,5,5,50,11,9,1,5,4,5,13,4,4,9,5,5,2,10,2,34,2,9,6,1,7,12,1,10,2,11,,44,,1,21,121.6100962,25.06252349
113,1,10,21,39,2,12內湖區,內湖區內湖路1段629巷42號麗山國中,0,0,1,1,F01,7,6,5,50,14,9,1,5,4,5,13,4,4,9,4,5,2,16,1,14,2,8,4,1,7,5,8,20,1,12,,80,,1,15,121.5754619,25.08154259
113,1,10,21,39,2,12內湖區,內湖區內湖路1段629巷42號麗山國中,0,0,1,2,C03,7,6,5,50,14,9,1,5,4,5,13,4,4,9,4,5,2,16,2,27,3,10,6,1,7,9,1,10,1,11,,44,,1,21,121.5754619,25.08154259
113,1,10,22,12,2,01大同區,大同區環河北路1段與南京西路口,0,0,1,2,C03,7,5,5,50,3,2,1,5,4,5,13,2,1,1,4,5,2,17,1,53,2,9,3,4,7,9,1,10,1,12,,44,,1,21,121.5170135,25.06632998
113,1,10,22,12,2,01大同區,大同區環河北路1段與南京西路口,0,0,1,1,B02,7,5,5,50,3,2,1,5,4,5,13,2,1,1,4,5,2,17,1,33,4,11,3,4,7,6,7,19,11,15,,82,,2,22,121.5170135,25.06632998
113,1,10,22,12,2,10文山區,與木柵路二段138巷多岔路口,0,0,1,1,C03,8,5,5,50,4,2,1,5,4,5,13,2,1,5,2,5,2,17,2,42,3,10,3,4,7,5,1,10,2,11,,4,,1,22,121.5617671,24.9888576
113,1,10,22,12,2,10文山區,與木柵路二段138巷多岔路口,0,0,1,2,C03,8,5,5,50,4,2,1,5,4,5,13,2,1,5,2,5,2,17,1,18,2,9,3,4,7,5,1,10,2,11,,13,,1,25,121.5617671,24.9888576
113,1,10,22,23,2,01大同區,大同區鄭州路與西寧北路口,0,0,1,1,B02,7,5,5,40,4,1,1,5,4,5,13,1,1,5,2,5,2,17,1,33,3,10,7,1,7,15,1,8,1,1,,107,,1,21,121.5081449,25.0504517
113,1,10,22,23,2,01大同區,大同區鄭州路與西寧北路口,0,0,1,2,C03,7,5,5,40,4,1,1,5,4,5,13,1,1,5,2,5,2,17,2,30,2,9,5,1,7,14,1,10,1,13,,44,,1,21,121.5081449,25.0504517
113,1,10,22,30,2,04大安區,大安區大安路1段與復興南路1段135巷口,0,0,1,1,F01,7,5,5,0,4,1,1,5,4,5,13,4,4,10,4,5,2,17,2,30,3,10,2,1,7,5,8,20,1,17,,8,,1,21,121.5461221,25.0425991
113,1,10,22,30,2,04大安區,大安區大安路1段與復興南路1段135巷口,0,0,1,2,C03,7,5,5,0,4,1,1,5,4,5,13,4,4,10,4,5,2,17,1,28,2,8,5,1,7,9,1,8,1,14,,44,,1,21,121.5461221,25.0425991
113,1,10,22,31,2,01大同區,大同區承德路2段與民權西路口,0,0,1,1,C03,8,5,5,50,4,1,1,5,4,5,13,2,1,1,4,5,2,13,1,30,3,10,6,1,7,9,1,10,2,13,,44,,1,21,121.5184207,25.0628527
113,1,10,22,31,2,01大同區,大同區承德路2段與民權西路口,0,0,1,2,C03,8,5,5,50,4,1,1,5,4,5,13,2,1,1,4,5,2,13,2,55,2,9,5,1,7,8,1,10,2,11,,100,,1,21,121.5184207,25.0628527
113,1,10,22,40,2,03中山區,中山區長春路與遼寧街口,0,0,1,1,B03,8,6,5,30,4,1,1,5,4,5,13,2,1,5,4,5,2,16,1,35,3,10,3,4,7,5,1,8,2,6,,74,,1,21,121.5421061,25.0546247
113,1,10,22,40,2,03中山區,中山區長春路與遼寧街口,0,0,1,2,C03,8,6,5,30,4,1,1,5,4,5,13,2,1,5,4,5,2,16,1,26,2,9,6,4,7,9,1,10,2,12,,44,,1,21,121.5421061,25.0546247
113,1,11,1,29,2,07信義區,信義區忠孝東路5段與基隆路1段口,0,0,2,1,C03,7,5,5,50,14,9,1,5,4,5,13,1,1,1,4,5,2,16,1,20,2,5,5,1,7,6,1,10,2,13,,80,,1,21,121.5651666,25.0412883
113,1,11,1,29,2,07信義區,信義區忠孝東路5段與基隆路1段口,0,0,2,2,C03,7,5,5,50,14,9,1,5,4,5,13,1,1,1,4,5,2,16,1,23,2,1,5,1,7,9,3,18,2,11,,13,,1,21,121.5651666,25.0412883
113,1,11,5,0,2,04大安區,大安區忠孝東路3段251巷與忠孝東路3段口,0,0,2,1,C03,8,5,5,50,3,1,1,5,4,5,13,2,1,1,4,5,2,13,1,29,2,9,6,1,7,9,6,10,1,11,,108,,1,21,121.5418814,25.0417385
113,1,11,5,0,2,04大安區,大安區忠孝東路3段251巷與忠孝東路3段口,0,0,2,2,C03,8,5,5,50,3,1,1,5,4,5,13,2,1,1,4,5,2,13,1,32,2,9,6,1,7,14,1,10,1,13,,44,,1,21,121.5418814,25.0417385
113,1,11,6,52,2,08士林區,士林區延平北路6段與社子街口,0,0,1,1,B03,8,5,5,50,3,1,1,5,4,5,13,2,1,5,5,5,1,17,1,48,3,10,7,1,7,5,1,8,1,1,,74,,1,21,121.5048866,25.08934857
113,1,11,6,52,2,08士林區,士林區延平北路6段與社子街口,0,0,1,2,C03,8,5,5,50,3,1,1,5,4,5,13,2,1,5,5,5,1,17,1,29,2,9,5,1,7,15,1,10,1,11,,14,,1,21,121.5048866,25.08934857
113,1,11,7,10,2,08士林區,士林區承德路5段北士商旁,0,0,2,1,C03,8,6,5,40,14,8,1,5,4,5,13,4,4,10,4,4,2,12,2,53,3,10,6,1,7,9,1,10,2,14,,108,,1,22,121.5146628,25.0950538
113,1,11,7,10,2,08士林區,士林區承德路5段北士商旁,0,0,2,2,C03,8,6,5,40,14,8,1,5,4,5,13,4,4,10,4,4,2,12,1,52,2,8,5,1,7,9,1,10,2,12,,44,,1,22,121.5146628,25.0950538
113,1,11,7,10,2,08士林區,士林區承德路5段北士商旁,0,0,2,3,H02,8,6,5,40,14,8,1,5,4,5,13,4,4,10,4,4,2,12,2,50,2,8,5,5,7,17,8,20,10,17,,67,,1,22,121.5146628,25.0950538
113,1,11,7,16,2,07信義區,信義區福德街300巷與福德街300巷43弄口口,0,0,3,1,C03,8,6,5,30,4,1,1,5,4,5,13,4,4,10,5,5,2,15,2,23,2,7,6,1,7,9,1,10,1,11,,42,,1,22,121.5865287,25.0408523
113,1,11,7,16,2,07信義區,信義區福德街300巷與福德街300巷43弄口口,0,0,3,2,C03,8,6,5,30,4,1,1,5,4,5,13,4,4,10,5,5,2,15,2,31,2,8,6,1,7,9,1,10,1,14,,42,,1,22,121.5865287,25.0408523
113,1,11,7,16,2,07信義區,信義區福德街300巷與福德街300巷43弄口口,0,0,3,3,H02,8,6,5,30,4,1,1,5,4,5,13,4,4,10,5,5,2,15,1,6,2,1,6,5,7,20,8,20,10,17,,67,,1,14,121.5865287,25.0408523
113,1,11,7,20,2,03中山區,中山區中山北路3段與中山北路3段36巷口,0,0,1,1,C03,8,7,5,50,3,1,1,5,4,5,13,4,4,9,4,5,2,16,1,26,2,9,6,1,7,9,1,10,1,14,,44,,1,21,121.5219999,25.0657562
113,1,11,7,20,2,03中山區,中山區中山北路3段與中山北路3段36巷口,0,0,1,2,B03,8,7,5,50,3,1,1,5,4,5,13,4,4,9,4,5,2,16,1,41,3,10,7,1,7,6,5,8,1,5,,9,,1,21,121.5219999,25.0657562
113,1,11,7,28,2,02萬華區,萬華區東園街與東園街46巷口,0,0,1,1,B01,7,7,5,50,3,1,1,5,4,5,13,4,4,9,5,5,2,3,1,62,3,10,7,1,7,9,1,4,9,5,,14,,2,22,121.4961577,25.0265163
113,1,11,7,28,2,02萬華區,萬華區東園街與東園街46巷口,0,0,1,2,H01,7,7,5,50,3,1,1,5,4,5,13,4,4,9,5,5,2,3,1,10,2,8,4,5,8,16,8,20,10,16,,121,,1,22,121.4961577,25.0265163
113,1,11,7,35,2,06松山區,松山區南京東路5段250巷與東興路15巷口,0,0,1,1,B03,8,6,5,30,4,1,1,5,4,5,13,4,4,10,5,5,2,2,1,46,3,10,7,1,7,6,1,8,1,5,,108,,1,21,121.5660944,25.05014948
113,1,11,7,35,2,06松山區,松山區南京東路5段250巷與東興路15巷口,0,0,1,2,H01,8,6,5,30,4,1,1,5,4,5,13,4,4,10,5,5,2,2,1,9,2,8,4,5,8,16,8,20,10,16,,54,,1,21,121.5660944,25.05014948
113,1,11,7,36,2,07信義區,信義區松勤街138號,0,0,1,1,B03,8,7,8,50,22,22,1,5,4,5,13,4,4,5,4,5,2,12,1,42,3,10,7,1,7,9,1,8,2,2,,108,,1,22,121.5686861,25.0318787
113,1,11,7,36,2,07信義區,信義區松勤街138號,0,0,1,2,F01,8,7,8,50,22,22,1,5,4,5,13,4,4,5,4,5,2,12,1,75,2,9,4,1,7,9,8,20,2,14,,44,,1,22,121.5686861,25.0318787
113,1,11,7,40,2,03中山區,中山區中山北路3段與民族西路口,0,0,2,1,C03,8,7,5,50,4,1,1,5,4,5,13,1,1,9,4,5,2,12,1,55,3,10,6,1,7,8,1,10,9,12,,100,,1,21,121.5226852,25.0683835
113,1,11,7,40,2,03中山區,中山區中山北路3段與民族西路口,0,0,2,2,C03,8,7,5,50,4,1,1,5,4,5,13,1,1,9,4,5,2,12,1,41,2,8,6,1,7,9,1,10,1,14,,108,,1,21,121.5226852,25.0683835
113,1,11,7,40,2,03中山區,中山區中山北路3段與民族西路口,0,0,2,3,H02,8,7,5,50,4,1,1,5,4,5,13,1,1,9,4,5,2,12,2,28,2,8,6,5,7,20,8,20,10,16,,67,,1,21,121.5226852,25.0683835
113,1,11,7,40,2,07信義區,信義區富陽街71巷與富陽街21巷口,0,0,2,1,C03,7,7,5,30,4,1,1,5,4,5,13,4,4,9,5,5,2,15,2,33,2,9,6,1,7,9,1,10,1,11,,72,,1,21,121.5576685,25.0222726
113,1,11,7,40,2,07信義區,信義區富陽街71巷與富陽街21巷口,0,0,2,2,C03,7,7,5,30,4,1,1,5,4,5,13,4,4,9,5,5,2,15,2,61,2,9,6,1,7,9,1,10,1,14,,13,,1,21,121.5576685,25.0222726
113,1,11,7,47,2,11南港區,南港區市民大道7段396號與昆陽街口,0,0,1,1,C03,8,7,5,50,4,1,1,5,4,5,13,2,1,1,3,5,2,17,2,44,3,10,5,1,7,5,1,10,1,17,,8,,1,21,121.5942305,25.0511647
113,1,11,7,47,2,11南港區,南港區市民大道7段396號與昆陽街口,0,0,1,2,C03,8,7,5,50,4,1,1,5,4,5,13,2,1,1,3,5,2,17,2,30,2,9,5,1,7,9,1,10,1,17,,108,,1,21,121.5942305,25.0511647
113,1,11,7,50,2,10文山區,文山區興隆路3段與萬芳路口口,0,0,1,1,B01,8,6,5,30,4,1,1,5,4,5,13,2,1,5,5,5,2,16,1,62,3,10,7,1,7,6,1,2,1,2,,17,,1,21,121.5597826,24.9967202
113,1,11,7,50,2,10文山區,文山區興隆路3段與萬芳路口口,0,0,1,2,C03,8,6,5,30,4,1,1,5,4,5,13,2,1,5,5,5,2,16,2,40,2,9,6,1,7,9,1,10,1,14,,17,,1,21,121.5597826,24.9967202
113,1,11,7,56,2,05中正區,中正區重慶南路1段122號,0,0,1,1,B01,8,5,5,50,14,9,1,5,4,5,13,4,4,9,4,5,2,17,1,63,3,10,7,1,7,9,5,4,4,5,,107,,1,21,121.5129236,25.0392588
113,1,11,7,56,2,05中正區,中正區重慶南路1段122號,0,0,1,2,C03,8,5,5,50,14,9,1,5,4,5,13,4,4,9,4,5,2,17,1,49,2,9,5,1,7,9,1,10,2,13,,44,,1,21,121.5129236,25.0392588
113,1,11,7,56,2,05中正區,中正區重慶南路1段122號,0,0,1,3,B03,8,5,5,50,14,9,1,5,4,5,13,4,4,9,4,5,2,17,4,0,,,,,,,,,11,,,119,,2,,121.5129236,25.0392588
113,1,11,7,56,2,05中正區,中正區重慶南路1段122號,0,0,1,4,,8,5,5,50,14,9,1,5,4,5,13,4,4,9,4,5,2,17,3,0,,,,,,,,,,,,67,,1,,121.5129236,25.0392588
113,1,11,8,0,2,10文山區,文山區辛亥路5段與興隆路3段口,0,0,2,1,B03,8,6,5,50,4,1,1,5,4,5,13,2,1,1,2,5,2,17,1,65,3,10,7,1,7,6,1,8,11,17,,71,,2,21,121.5546151,25.0008128
113,1,11,8,0,2,10文山區,文山區辛亥路5段與興隆路3段口,0,0,2,2,C03,8,6,5,50,4,1,1,5,4,5,13,2,1,1,2,5,2,17,2,33,2,8,6,1,7,9,1,10,1,12,,16,,1,21,121.5546151,25.0008128
113,1,11,8,0,2,10文山區,文山區辛亥路5段與興隆路3段口,0,0,2,3,C03,8,6,5,50,4,1,1,5,4,5,13,2,1,1,2,5,2,17,1,46,2,7,6,1,7,9,1,10,1,14,,44,,1,21,121.5546151,25.0008128
113,1,11,8,0,2,10文山區,文山區辛亥路5段與興隆路3段口,0,0,2,4,H03,8,6,5,50,4,1,1,5,4,5,13,2,1,1,2,5,2,17,1,53,3,10,4,5,8,20,8,20,10,16,,67,,1,21,121.5546151,25.0008128
113,1,11,8,3,2,12內湖區,內湖區新湖二路211號,0,0,1,1,H01,8,6,5,50,14,9,1,5,4,5,13,4,4,5,4,5,1,3,2,22,3,10,4,5,8,16,8,20,1,16,,121,,1,21,121.5796037,25.0626959
113,1,11,8,3,2,12內湖區,內湖區新湖二路211號,0,0,1,2,C03,8,6,5,50,14,9,1,5,4,5,13,4,4,5,4,5,1,3,1,23,2,9,6,1,7,9,1,10,1,17,,44,,1,21,121.5796037,25.0626959
113,1,11,8,8,2,12內湖區,內湖區內湖路1段與內湖路1段120巷口,0,0,2,1,C03,8,6,5,50,4,2,1,5,4,5,13,2,1,1,4,5,2,17,1,21,2,9,6,1,7,15,1,10,1,12,,108,,1,21,121.5635066,25.08320573
113,1,11,8,8,2,12內湖區,內湖區內湖路1段與內湖路1段120巷口,0,0,2,2,C04,8,6,5,50,4,2,1,5,4,5,13,2,1,1,4,5,2,17,1,27,2,7,6,1,7,7,1,10,1,14,,100,,1,21,121.5635066,25.08320573
113,1,11,8,20,2,06松山區,松山區延壽街13號,0,0,2,1,C03,8,5,5,50,22,9,1,5,4,3,13,4,4,9,4,5,2,13,1,42,2,8,6,1,7,9,1,10,2,11,,108,,1,21,121.5686023,25.05728262
113,1,11,8,20,2,06松山區,松山區延壽街13號,0,0,2,2,B03,8,5,5,50,22,9,1,5,4,3,13,4,4,9,4,5,2,13,1,59,3,10,7,1,7,14,1,8,1,7,,38,,1,21,121.5686023,25.05728262
113,1,11,8,20,2,06松山區,松山區延壽街13號,0,0,2,3,C03,8,5,5,50,22,9,1,5,4,3,13,4,4,9,4,5,2,13,2,42,2,7,6,1,7,9,1,10,2,11,,44,,1,21,121.5686023,25.05728262
113,1,11,8,30,2,08士林區,士林區中山北路7段81巷與中山北路7段口,0,0,2,1,C03,8,6,5,50,4,2,1,5,4,5,13,1,1,1,4,5,2,17,1,49,2,8,6,1,7,15,1,10,2,12,,9,,1,22,121.5315508,25.1216796
113,1,11,8,30,2,08士林區,士林區中山北路7段81巷與中山北路7段口,0,0,2,2,C03,8,6,5,50,4,2,1,5,4,5,13,1,1,1,4,5,2,17,2,27,2,8,6,1,7,15,1,10,2,11,,44,,1,22,121.5315508,25.1216796
113,1,11,8,30,2,08士林區,士林區中山北路7段81巷與中山北路7段口,0,0,2,3,C03,8,6,5,50,4,2,1,5,4,5,13,1,1,1,4,5,2,17,1,35,3,10,3,4,7,13,7,19,11,11,,44,,1,22,121.5315508,25.1216796
113,1,11,8,30,2,08士林區,士林區中山北路7段81巷與中山北路7段口,0,0,2,4,C04,8,6,5,50,4,2,1,5,4,5,13,1,1,1,4,5,2,17,3,0,,,,,,,,,,,,67,,1,,121.5315508,25.1216796
113,1,11,8,30,2,08士林區,士林區中山北路7段81巷與中山北路7段口,0,0,2,5,C03,8,6,5,50,4,2,1,5,4,5,13,1,1,1,4,5,2,17,2,39,3,10,3,4,7,13,7,19,11,12,,44,,1,22,121.5315508,25.1216796
113,1,11,8,31,2,04大安區,大安區金山南路2段155號,0,0,1,1,C03,8,5,5,50,14,7,1,5,4,5,13,4,4,10,4,4,2,13,1,52,2,9,3,4,7,9,1,10,1,11,,16,,1,22,121.5272372,25.0335868
113,1,11,8,31,2,04大安區,大安區金山南路2段155號,0,0,1,2,B01,8,5,5,50,14,7,1,5,4,5,13,4,4,10,4,4,2,13,1,57,3,10,3,4,7,14,1,4,1,3,,44,,1,22,121.5272372,25.0335868
113,1,11,8,35,2,05中正區,中正區羅斯福路4段70號,0,0,1,1,C03,8,6,5,50,14,9,1,5,4,5,13,4,4,1,4,5,1,13,2,23,2,8,6,1,7,9,1,10,1,11,,16,,1,21,121.5347431,25.0142804
113,1,11,8,35,2,05中正區,中正區羅斯福路4段70號,0,0,1,2,C03,8,6,5,50,14,9,1,5,4,5,13,4,4,1,4,5,1,13,2,25,3,10,6,1,7,9,1,10,1,13,,44,,1,21,121.5347431,25.0142804
113,1,11,9,1,2,08士林區,士林區至善路2段與臨溪路口,0,0,2,1,C03,8,7,5,50,3,4,1,5,4,5,13,2,1,1,5,5,1,13,2,26,2,9,5,1,7,9,1,10,1,11,,108,,1,21,121.5418761,25.0970558
113,1,11,9,1,2,08士林區,士林區至善路2段與臨溪路口,0,0,2,2,C03,8,7,5,50,3,4,1,5,4,5,13,2,1,1,5,5,1,13,1,38,2,9,5,1,7,14,1,10,1,13,,44,,1,21,121.5418761,25.0970558
113,1,11,9,10,2,02萬華區,萬華區堤外便道往北近忠孝橋,0,0,2,1,C03,7,7,7,30,14,11,1,5,4,5,13,4,4,8,5,5,2,12,1,30,2,9,5,1,7,9,1,10,1,11,,16,,1,22,121.5088648,25.0517571
113,1,11,9,10,2,02萬華區,萬華區堤外便道往北近忠孝橋,0,0,2,2,C03,7,7,7,30,14,11,1,5,4,5,13,4,4,8,5,5,2,12,2,27,2,9,5,1,7,9,1,10,1,13,,44,,1,22,121.5088648,25.0517571
113,1,11,9,10,2,03中山區,中山區復興北路514巷與民權東路3段39巷口口,0,0,1,1,F01,8,7,5,50,3,1,1,5,4,5,13,4,4,5,5,5,2,17,2,77,2,1,3,4,7,5,8,20,1,11,,4,,1,21,121.5425024,25.065952
113,1,11,9,10,2,03中山區,中山區復興北路514巷與民權東路3段39巷口口,0,0,1,2,B03,8,7,5,50,3,1,1,5,4,5,13,4,4,5,5,5,2,17,1,72,3,10,3,4,7,9,1,8,1,4,,44,,1,22,121.5425024,25.065952
113,1,11,9,21,2,02萬華區,萬華區西寧南路241號,0,0,2,1,C03,7,7,5,50,14,9,1,5,4,5,13,4,4,10,3,5,2,16,1,42,2,8,5,1,7,5,1,10,2,14,,8,,1,21,121.5061746,25.04007797
113,1,11,9,21,2,02萬華區,萬華區西寧南路241號,0,0,2,2,C03,7,7,5,50,14,9,1,5,4,5,13,4,4,10,3,5,2,16,1,36,2,7,5,1,7,9,1,10,2,11,,13,,1,21,121.5061746,25.04007797
113,1,11,9,33,2,06松山區,松山區寶清街89巷25號,0,0,1,1,B03,8,6,5,30,14,9,1,5,4,5,13,4,4,10,5,5,2,16,1,70,3,10,7,1,7,1,1,8,1,8,,19,,1,22,121.5688111,25.05238543
113,1,11,9,33,2,06松山區,松山區寶清街89巷25號,0,0,1,2,C03,8,6,5,30,14,9,1,5,4,5,13,4,4,10,5,5,2,16,2,37,2,8,6,1,7,9,1,10,1,12,,44,,1,22,121.5688111,25.05238543
113,1,11,9,44,2,05中正區,中正區中山北路1段與市民大道1段口,0,0,2,1,C03,8,7,5,40,4,2,1,5,4,5,13,1,1,1,4,1,2,13,1,23,2,9,5,1,7,9,1,10,2,13,,16,,1,21,121.5205239,25.04794681
113,1,11,9,44,2,05中正區,中正區中山北路1段與市民大道1段口,0,0,2,2,C03,8,7,5,40,4,2,1,5,4,5,13,1,1,1,4,1,2,13,1,54,2,9,5,1,7,9,1,10,2,11,,16,,1,21,121.5205239,25.04794681
113,1,11,9,45,2,03中山區,中山區建國北路3段93巷與龍江路356巷口,0,0,1,1,B03,8,7,5,50,4,1,1,5,4,5,13,4,4,9,5,5,2,16,2,59,3,10,7,1,7,9,1,8,1,8,,72,,1,21,121.5371048,25.0658969
113,1,11,9,45,2,03中山區,中山區建國北路3段93巷與龍江路356巷口,0,0,1,2,F01,8,7,5,50,4,1,1,5,4,5,13,4,4,9,5,5,2,16,2,76,2,9,4,1,7,5,8,20,1,11,,8,,1,21,121.5371048,25.0658969
113,1,11,9,48,2,03中山區,中山區樂群一路往東(267號燈桿),0,0,2,1,C03,8,5,5,50,14,9,1,5,4,5,13,4,4,1,4,5,2,13,1,30,2,9,3,4,7,9,1,10,2,11,,108,,1,21,121.5533663,25.0771773
113,1,11,9,48,2,03中山區,中山區樂群一路往東(267號燈桿),0,0,2,2,B12,8,5,5,50,14,9,1,5,4,5,13,4,4,1,4,5,2,13,1,44,3,10,3,4,7,14,1,8,2,7,,44,,1,21,121.5533663,25.0771773
113,1,11,9,48,2,03中山區,中山區樂群一路往東(267號燈桿),0,0,2,3,B03,8,5,5,50,14,9,1,5,4,5,13,4,4,1,4,5,2,13,1,58,3,10,3,4,7,9,1,8,2,2,,13,,1,21,121.5533663,25.0771773
113,1,11,9,48,2,03中山區,中山區樂群一路往東(267號燈桿),0,0,2,4,B03,8,5,5,50,14,9,1,5,4,5,13,4,4,1,4,5,2,13,2,33,3,10,3,4,7,14,1,8,2,7,,44,,1,21,121.5533663,25.0771773
113,1,11,9,48,2,03中山區,中山區樂群一路往東(267號燈桿),0,0,2,5,H02,8,5,5,50,14,9,1,5,4,5,13,4,4,1,4,5,2,13,2,30,2,9,3,5,7,20,8,20,10,16,,67,,1,21,121.5533663,25.0771773
113,1,11,10,7,2,02萬華區,萬華區西藏路萬華國中停車場出入口,0,0,1,1,B02,8,6,5,50,14,9,1,5,4,5,13,4,4,1,3,5,1,16,1,42,3,10,3,4,7,1,1,8,1,4,,19,,1,21,121.4996102,25.0291847
113,1,11,10,7,2,02萬華區,萬華區西藏路萬華國中停車場出入口,0,0,1,2,C03,8,6,5,50,14,9,1,5,4,5,13,4,4,1,3,5,1,16,2,56,2,7,3,4,7,9,1,10,9,11,,13,,1,21,121.4996102,25.0291847
113,1,11,10,20,2,07信義區,信義區松仁路206號,0,0,1,1,B03,8,7,5,0,14,9,1,5,4,5,13,4,4,9,5,5,2,17,4,68,4,11,3,4,7,11,7,19,11,15,,10,,2,22,121.5683315,25.0270936
113,1,11,10,20,2,07信義區,信義區松仁路206號,0,0,1,2,C03,8,7,5,0,14,9,1,5,4,5,13,4,4,9,5,5,2,17,1,46,2,9,6,1,7,9,1,10,1,14,,13,,1,21,121.5683315,25.0270936
113,1,11,10,33,2,04大安區,大安區羅斯福路4段107號,0,0,2,1,B01,8,6,8,50,14,9,1,5,4,5,13,4,4,10,4,5,1,12,1,58,3,10,3,4,7,9,1,1,1,2,,107,,1,21,121.5370372,25.0115772
113,1,11,10,33,2,04大安區,大安區羅斯福路4段107號,0,0,2,2,C03,8,6,8,50,14,9,1,5,4,5,13,4,4,10,4,5,1,12,1,42,2,9,3,4,7,9,1,10,1,14,,2,,1,21,121.5370372,25.0115772
113,1,11,10,33,2,04大安區,大安區羅斯福路4段107號,0,0,2,3,H02,8,6,8,50,14,9,1,5,4,5,13,4,4,10,4,5,1,12,2,43,2,8,3,5,7,20,8,20,10,16,,67,,1,21,121.5370372,25.0115772
113,1,11,10,39,2,10文山區,文山區興隆路1段70巷11弄與景明街口口,0,0,2,1,C03,8,6,5,30,4,1,1,5,4,5,13,4,4,10,5,5,2,15,1,76,2,9,6,1,7,9,1,10,1,11,,14,,1,21,121.5409837,25.00153783
113,1,11,10,39,2,10文山區,文山區興隆路1段70巷11弄與景明街口口,0,0,2,2,C03,8,6,5,30,4,1,1,5,4,5,13,4,4,10,5,5,2,15,1,74,2,9,6,1,7,9,1,10,1,14,,108,,1,21,121.5409837,25.00153783
113,1,11,10,56,2,07信義區,信義區基隆路1段37巷與基隆路1段87巷口,0,0,1,1,B01,8,6,5,30,4,1,1,5,4,5,13,4,4,8,3,5,2,15,1,50,3,10,3,4,7,9,1,8,1,1,,72,,1,21,121.5688636,25.0462635
113,1,11,10,56,2,07信義區,信義區基隆路1段37巷與基隆路1段87巷口,0,0,1,2,C03,8,6,5,30,4,1,1,5,4,5,13,4,4,8,3,5,2,15,1,61,2,9,3,4,7,9,1,10,1,11,,108,,1,21,121.5688636,25.0462635