發生年度,發生月,發生日,發生時-Hours,發生分,處理別-編號,區序,肇事地點,死亡人數,2-30日死亡人數,受傷人數,當事人序號,車種,天候,道路照明設備,道路類別,速限-速度限制,道路型態,事故位置,路面狀況1,路面狀況2,路面狀況3,道路障礙1,道路障礙2,號誌1,號誌2,車道劃分-分向,車道劃分-分道1,車道劃分-分道2,車道劃分-分道3,事故類型及型態,性別,年齡,受傷程度,主要傷處,保護裝置,行動電話,車輛用途,當事者行動狀態,駕駛資格情形,駕駛執照種類,飲酒情形,車輛撞擊部位1,車輛撞擊部位2,肇因碼-個別,肇因碼-主要,個人肇逃否,職業,座標-X,座標-Y
113,1,11,12,10,2,07信義區,信義區松山路650巷15弄18-22號,0,0,1,1,C03,8,6,8,30,12,9,1,5,4,5,13,4,4,9,5,5,2,11,2,35,2,8,3,4,7,9,1,10,1,11,,5,,1,21,121.5793692,25.0317391
113,1,11,12,10,2,07信義區,信義區松山路650巷15弄18-22號,0,0,1,2,B03,8,6,8,30,12,9,1,5,4,5,13,4,4,9,5,5,2,11,1,43,3,10,3,4,7,15,1,10,1,1,,44,,1,22,121.5793692,25.0317391
113,1,11,12,15,2,05中正區,中正區愛國西路與南昌路1段口,0,0,2,1,C03,8,6,5,50,14,9,1,5,4,5,13,4,4,1,4,5,2,13,1,20,3,10,5,1,7,12,1,10,2,13,,14,,1,21,121.5142661,25.034873
113,1,11,12,15,2,05中正區,中正區愛國西路與南昌路1段口,0,0,2,2,C03,8,6,5,50,14,9,1,5,4,5,13,4,4,1,4,5,2,13,1,60,2,9,5,1,7,9,1,10,2,11,,44,,1,21,121.5142661,25.034873
113,1,11,12,15,2,05中正區,中正區愛國西路與南昌路1段口,0,0,2,3,C03,8,6,5,50,14,9,1,5,4,5,13,4,4,1,4,5,2,13,1,30,2,9,5,1,7,9,1,10,2,11,,44,,1,21,121.5142661,25.034873
113,1,11,12,50,2,12內湖區,內湖區內湖路1段91巷與內湖路1段91巷12弄口口,0,0,1,1,C03,8,6,5,30,3,2,1,5,4,5,13,4,4,10,5,5,2,16,1,19,3,10,5,1,7,4,1,10,1,14,,1,,1,21,121.5616188,25.08499833
113,1,11,12,50,2,12內湖區,內湖區內湖路1段91巷與內湖路1段91巷12弄口口,0,0,1,2,C03,8,6,5,30,3,2,1,5,4,5,13,4,4,10,5,5,2,16,2,35,2,8,6,1,7,6,1,10,1,12,,9,,1,21,121.5616188,25.08499833
113,1,11,12,55,2,12內湖區,內湖區新明路與新明路246巷口,0,0,1,1,B12,8,6,5,50,3,2,1,5,4,5,13,2,1,5,4,5,2,17,2,63,3,10,7,1,7,6,1,7,2,2,,9,,1,21,121.5837058,25.05669638
113,1,11,12,55,2,12內湖區,內湖區新明路與新明路246巷口,0,0,1,2,C03,8,6,5,50,3,2,1,5,4,5,13,2,1,5,4,5,2,17,1,29,2,9,5,1,7,9,1,10,2,11,,44,,1,21,121.5837058,25.05669638
113,1,11,13,3,2,02萬華區,萬華區環河南路1段與內江街口,0,0,1,1,B03,8,7,5,50,4,1,1,5,4,5,13,1,1,4,1,5,2,16,1,31,3,10,7,1,7,9,1,8,1,4,,4,,1,22,121.5001835,25.04191736
113,1,11,13,3,2,02萬華區,萬華區環河南路1段與內江街口,0,0,1,2,C03,8,7,5,50,4,1,1,5,4,5,13,1,1,4,1,5,2,16,2,45,2,7,6,1,7,5,1,10,1,12,,44,,1,22,121.5001835,25.04191736
113,1,11,13,10,2,03中山區,中山區新生北路2段58巷與長春路61巷口,0,0,1,2,C03,8,6,5,30,4,1,1,5,4,5,13,4,4,10,5,5,2,15,1,52,3,10,6,1,7,9,1,10,1,11,,108,,1,22,121.5263529,25.05536943
113,1,11,13,10,2,03中山區,中山區新生北路2段58巷與長春路61巷口,0,0,1,1,C03,8,6,5,30,4,1,1,5,4,5,13,4,4,10,5,5,2,15,1,24,2,8,6,1,7,9,1,10,1,14,,72,,1,22,121.5263529,25.05536943
113,1,11,13,25,2,05中正區,中正區羅斯福路1段與愛國西路口,0,0,2,1,C03,8,7,5,50,4,1,1,5,4,5,13,1,1,1,4,1,2,13,2,18,2,9,5,4,7,9,1,10,1,11,,108,,1,21,121.5166314,25.0345858
113,1,11,13,25,2,05中正區,中正區羅斯福路1段與愛國西路口,0,0,2,2,C03,8,7,5,50,4,1,1,5,4,5,13,1,1,1,4,1,2,13,2,33,2,9,5,4,7,14,1,10,1,13,,44,,1,21,121.5166314,25.0345858
113,1,11,13,30,2,08士林區,士林區中山北路6段與德行東路口,0,0,1,1,B03,8,6,5,0,4,2,1,5,4,5,13,1,1,9,4,5,1,17,2,52,3,10,7,1,7,6,1,8,2,8,,44,,1,21,121.5249595,25.10650075
113,1,11,13,30,2,08士林區,士林區中山北路6段與德行東路口,0,0,1,2,C03,8,6,5,0,4,2,1,5,4,5,13,1,1,9,4,5,1,17,2,38,2,9,6,1,7,6,1,10,2,12,,9,,1,21,121.5249595,25.10650075
113,1,11,13,43,2,08士林區,士林區中山北路6段與福國路口,0,0,2,1,C03,8,6,5,50,3,2,1,5,4,5,13,1,1,3,4,5,1,16,1,32,2,9,3,4,7,8,1,10,1,12,,100,,1,22,121.5255999,25.1026842
113,1,11,13,43,2,08士林區,士林區中山北路6段與福國路口,0,0,2,2,C03,8,6,5,50,3,2,1,5,4,5,13,1,1,3,4,5,1,16,1,36,2,9,3,4,7,9,1,10,1,14,,44,,1,22,121.5255999,25.1026842
113,1,11,14,25,2,08士林區,士林區中山北路7段天母圓環,0,0,1,1,B03,8,6,5,50,18,9,1,5,4,5,13,4,4,1,4,5,2,17,1,63,3,10,7,1,7,6,1,8,2,8,,17,,1,21,121.5329369,25.12476813
113,1,11,14,25,2,08士林區,士林區中山北路7段天母圓環,0,0,1,2,C03,8,6,5,50,18,9,1,5,4,5,13,4,4,1,4,5,2,17,1,19,4,11,6,1,7,9,1,10,2,12,,44,,1,21,121.5329369,25.12476813
113,1,11,14,25,2,08士林區,士林區中山北路7段天母圓環,0,0,1,3,H02,8,6,5,50,18,9,1,5,4,5,13,4,4,1,4,5,2,17,2,20,2,8,6,5,7,20,8,20,10,16,,67,,1,21,121.5329369,25.12476813
113,1,11,14,27,2,12內湖區,內湖區內湖路3段326巷與內湖路3段口,0,0,1,1,B03,8,6,5,30,4,1,1,5,4,5,13,4,4,10,5,5,2,17,1,21,3,10,7,1,7,5,1,8,1,1,,72,,1,21,121.5845654,25.08915866
113,1,11,14,27,2,12內湖區,內湖區內湖路3段326巷與內湖路3段口,0,0,1,2,C03,8,6,5,30,4,1,1,5,4,5,13,4,4,10,5,5,2,17,2,50,2,9,6,1,7,9,1,10,1,12,,14,,1,21,121.5845654,25.08915866
113,1,11,14,27,2,12內湖區,內湖區內湖路3段326巷與內湖路3段口,0,0,1,3,B03,8,6,5,30,4,1,1,5,4,5,13,4,4,10,5,5,2,17,1,53,3,10,3,4,7,13,1,8,9,17,,38,,1,21,121.5845654,25.08915866
113,1,11,14,34,2,06松山區,松山區民權東路5段34-2號,0,0,1,2,C03,8,6,5,30,14,9,1,5,4,5,13,4,4,10,5,5,1,17,2,54,2,7,6,1,7,9,1,10,1,11,,44,,1,22,121.5645547,25.06277123
113,1,11,14,34,2,06松山區,松山區民權東路5段34-2號,0,0,1,1,B03,8,6,5,30,14,9,1,5,4,5,13,4,4,10,5,5,1,17,1,48,3,10,7,1,7,14,1,8,1,4,,40,,1,22,121.5645547,25.06277123
113,1,11,14,34,2,12內湖區,內湖區民權東路6段與康寧路3段口引道,0,0,1,1,C03,8,6,5,40,3,2,1,5,4,5,13,4,4,1,4,4,2,17,1,70,2,9,6,1,7,6,1,10,1,12,,9,,1,21,121.6054663,25.07281353
113,1,11,14,34,2,12內湖區,內湖區民權東路6段與康寧路3段口引道,0,0,1,2,C03,8,6,5,40,3,2,1,5,4,5,13,4,4,1,4,4,2,17,1,30,3,10,6,1,7,10,1,10,1,14,,44,,1,21,121.6054663,25.07281353
113,1,11,14,59,2,04大安區,大安區辛亥路3段與臥龍街188巷口,0,0,1,1,B03,8,5,5,30,3,1,1,5,4,5,13,4,4,10,5,5,2,16,1,58,3,10,7,1,7,6,6,18,1,8,,9,,1,21,121.5504423,25.0162492
113,1,11,14,59,2,04大安區,大安區辛亥路3段與臥龍街188巷口,0,0,1,2,F02,8,5,5,30,3,1,1,5,4,5,13,4,4,10,5,5,2,16,2,65,2,9,4,1,7,11,8,20,1,14,,11,,1,21,121.5504423,25.0162492
113,1,11,15,4,2,04大安區,大安區大安路1段31巷32號與忠孝東路4段77巷口,0,0,2,1,C03,8,5,5,30,4,2,1,5,4,5,13,4,4,10,5,5,2,17,1,23,2,9,5,1,7,5,1,10,1,14,,8,,1,21,121.5472676,25.04421745
113,1,11,15,4,2,04大安區,大安區大安路1段31巷32號與忠孝東路4段77巷口,0,0,2,2,C03,8,5,5,30,4,2,1,5,4,5,13,4,4,10,5,5,2,17,1,31,2,9,5,1,7,9,1,10,1,12,,44,,1,21,121.5472676,25.04421745
113,1,11,15,4,2,05中正區,中正區重慶南路1段與貴陽街1段口,0,0,2,1,C03,8,6,5,50,4,1,1,5,4,5,13,1,1,9,4,5,1,16,1,21,2,9,6,1,7,5,1,10,2,11,,96,,1,22,121.5129073,25.0387475
113,1,11,15,4,2,05中正區,中正區重慶南路1段與貴陽街1段口,0,0,2,2,C03,8,6,5,50,4,1,1,5,4,5,13,1,1,9,4,5,1,16,1,31,2,8,6,1,7,9,1,10,2,14,,44,,1,22,121.5129073,25.0387475
113,1,11,15,18,2,05中正區,中正區愛國東路(國家戲劇院停車場入口),0,0,1,1,C03,8,6,5,50,14,9,1,5,4,5,13,1,1,7,2,5,2,17,1,73,2,8,6,1,7,14,1,10,2,14,,44,,1,22,121.5171406,25.03481106
113,1,11,15,18,2,05中正區,中正區愛國東路(國家戲劇院停車場入口),0,0,1,2,B03,8,6,5,50,14,9,1,5,4,5,13,1,1,7,2,5,2,17,1,27,3,10,2,1,7,15,1,8,2,2,,44,,1,22,121.5171406,25.03481106
113,1,11,15,20,2,03中山區,中山區市民大道1段與天津街口,0,0,2,1,C03,8,6,5,40,4,2,1,5,4,5,13,2,1,1,4,5,2,13,2,46,2,9,3,4,7,9,1,10,1,11,,16,,1,22,121.5231425,25.0481357
113,1,11,15,20,2,03中山區,中山區市民大道1段與天津街口,0,0,2,2,C03,8,6,5,40,4,2,1,5,4,5,13,2,1,1,4,5,2,13,2,36,2,7,3,4,7,9,1,10,1,13,,44,,1,22,121.5231425,25.0481357
113,1,11,15,26,2,07信義區,信義區松高路79號對面,0,0,1,1,B03,8,7,5,50,14,9,1,5,4,5,13,4,4,9,4,5,2,13,1,25,3,10,3,4,7,9,1,8,1,1,,118,,1,21,121.5714816,25.0390183
113,1,11,15,26,2,07信義區,信義區松高路79號對面,0,0,1,2,B03,8,7,5,50,14,9,1,5,4,5,13,4,4,9,4,5,2,13,1,59,3,10,3,4,7,9,1,8,1,3,,118,,1,21,121.5714816,25.0390183
113,1,11,15,26,2,07信義區,信義區松高路79號對面,0,0,1,3,H02,8,7,5,50,14,9,1,5,4,5,13,4,4,9,4,5,2,13,2,57,2,6,3,5,7,20,8,20,10,16,,67,,1,21,121.5714816,25.0390183
113,1,11,15,31,2,04大安區,大安區雲和街75巷與雲和街口,0,0,1,1,B12,8,6,5,30,4,1,1,5,4,5,12,4,4,10,5,5,1,15,1,38,3,10,7,1,7,9,1,4,1,1,,80,,1,21,121.5301281,25.0234999
113,1,11,15,31,2,04大安區,大安區雲和街75巷與雲和街口,0,0,1,2,C03,8,6,5,30,4,1,1,5,4,5,12,4,4,10,5,5,1,15,1,42,2,9,6,1,7,9,1,10,1,12,,107,,1,21,121.5301281,25.0234999
113,1,11,15,40,2,05中正區,中正區忠孝西路1段與館前路口,0,0,1,1,A02,8,5,5,50,14,9,1,5,4,5,13,4,4,1,4,5,2,9,1,41,3,10,7,1,7,14,1,6,9,15,,44,,2,21,121.515667,25.0465239
113,1,11,15,40,2,05中正區,中正區忠孝西路1段與館前路口,0,0,1,2,H02,8,5,5,50,14,9,1,5,4,5,13,4,4,1,4,5,2,9,2,39,2,8,5,5,7,19,8,20,10,16,,56,,1,21,121.515667,25.0465239
113,1,11,15,43,2,12內湖區,內湖區內湖路1段與內湖路1段600巷口,0,0,2,1,B03,8,6,5,50,4,1,1,5,4,5,13,2,1,1,4,5,2,17,1,57,3,10,7,1,7,9,1,8,1,2,,44,,1,21,121.5782301,25.07884453
113,1,11,15,43,2,12內湖區,內湖區內湖路1段與內湖路1段600巷口,0,0,2,2,C03,8,6,5,50,4,1,1,5,4,5,13,2,1,1,4,5,2,17,1,24,2,9,5,1,7,7,1,10,1,14,,100,,1,21,121.5782301,25.07884453
113,1,11,15,43,2,12內湖區,內湖區內湖路1段與內湖路1段600巷口,0,0,2,3,C03,8,6,5,50,4,1,1,5,4,5,13,2,1,1,4,5,2,17,1,30,2,8,5,1,7,9,1,10,1,14,,44,,1,21,121.5782301,25.07884453
113,1,11,15,53,2,07信義區,信義區信義路4段460號,0,0,2,1,C03,8,7,5,50,14,9,1,5,4,5,13,4,4,3,4,5,2,17,2,42,3,10,5,1,7,8,1,10,2,15,,100,,1,21,121.5589817,25.0329529
113,1,11,15,53,2,07信義區,信義區信義路4段460號,0,0,2,2,C04,8,7,5,50,14,9,1,5,4,5,13,4,4,3,4,5,2,17,2,25,2,9,5,1,7,9,1,10,2,15,,44,,1,21,121.5589817,25.0329529
113,1,11,15,53,2,07信義區,信義區信義路4段460號,0,0,2,3,H02,8,7,5,50,14,9,1,5,4,5,13,4,4,3,4,5,2,17,2,22,2,7,5,5,7,21,8,20,10,16,,67,,1,21,121.5589817,25.0329529
113,1,11,16,19,2,03中山區,中山區中山北路2段與中山北路2段11巷口,0,0,1,1,C03,8,6,5,50,3,2,1,5,4,5,13,4,4,1,5,1,1,13,1,19,3,10,3,4,7,9,1,10,1,11,,14,,1,21,121.5227057,25.05277418
113,1,11,16,19,2,03中山區,中山區中山北路2段與中山北路2段11巷口,0,0,1,2,C03,8,6,5,50,3,2,1,5,4,5,13,4,4,1,5,1,1,13,1,25,2,7,3,4,7,6,1,10,1,13,,9,,1,21,121.5227057,25.05277418
113,1,11,16,19,2,03中山區,中山區中山北路2段與中山北路2段11巷口,0,0,1,3,B02,8,6,5,50,3,2,1,5,4,5,13,4,4,1,5,1,1,13,1,62,3,10,3,4,7,7,1,1,9,17,,100,,2,21,121.5227057,25.05277418
113,1,11,16,26,2,12內湖區,內湖區康湖路與康寧路3段75巷207弄口引道,0,0,1,1,C03,8,6,5,50,3,1,1,5,4,5,13,2,1,9,4,5,2,13,1,20,3,10,6,1,7,6,1,10,1,13,,9,,1,21,121.6135574,25.07804859
113,1,11,16,26,2,12內湖區,內湖區康湖路與康寧路3段75巷207弄口引道,0,0,1,2,C03,8,6,5,50,3,1,1,5,4,5,13,2,1,9,4,5,2,13,2,62,2,9,5,1,7,9,1,10,1,11,,44,,1,21,121.6135574,25.07804859
113,1,11,16,43,2,06松山區,松山區市民大道6段與松山路口,0,0,1,2,C03,7,5,6,40,4,1,1,5,4,5,13,2,1,1,4,5,2,17,2,26,2,9,6,4,7,9,1,10,1,14,,13,,1,21,121.5778866,25.04896345
113,1,11,16,43,2,06松山區,松山區市民大道6段與松山路口,0,0,1,1,C03,7,5,6,40,4,1,1,5,4,5,13,2,1,1,4,5,2,17,4,32,4,11,3,4,7,6,7,19,11,15,,10,,2,22,121.5778866,25.04896345
113,1,11,17,10,2,03中山區,中山區八德路2段232號前,0,0,1,1,B01,8,7,5,50,14,9,1,5,4,5,13,4,4,5,4,5,2,17,1,48,3,10,3,4,7,14,1,4,1,2,,38,,1,21,121.5405656,25.0463333
113,1,11,17,10,2,03中山區,中山區八德路2段232號前,0,0,1,2,F01,8,7,5,50,14,9,1,5,4,5,13,4,4,5,4,5,2,17,1,55,2,9,3,4,7,9,8,20,1,14,,44,,1,21,121.5405656,25.0463333
113,1,11,17,10,2,03中山區,中山區八德路2段232號前,0,0,1,3,H02,8,7,5,50,14,9,1,5,4,5,13,4,4,5,4,5,2,17,1,42,3,10,3,5,7,20,8,20,10,16,,126,,1,26,121.5405656,25.0463333
113,1,11,17,22,2,11南港區,南港區經貿一路南港展覽館1館停車場出入口,0,0,1,1,B03,7,5,5,50,14,9,1,5,4,5,13,4,4,1,4,5,2,16,1,40,3,10,3,4,7,6,1,8,1,5,,9,,1,21,121.6207002,25.0570608
113,1,11,17,22,2,11南港區,南港區經貿一路南港展覽館1館停車場出入口,0,0,1,2,C03,7,5,5,50,14,9,1,5,4,5,13,4,4,1,4,5,2,16,2,22,2,9,5,4,7,9,1,10,1,14,,44,,1,21,121.6207002,25.0570608
113,1,11,17,29,2,02萬華區,萬華區大理街114號,0,0,1,1,C03,8,7,5,30,14,9,1,5,4,5,13,4,4,10,5,5,2,10,1,112,4,11,5,4,7,9,7,19,11,11,,17,,2,21,121.4974696,25.0342392
113,1,11,17,29,2,02萬華區,萬華區大理街114號,0,0,1,2,C03,8,7,5,30,14,9,1,5,4,5,13,4,4,10,5,5,2,10,1,48,2,8,5,1,7,9,1,10,1,11,,17,,1,21,121.4974696,25.0342392
113,1,11,17,30,2,12內湖區,內湖區民權東路6段15巷與瑞湖街口,0,0,1,1,C03,8,5,5,50,4,1,1,5,4,5,13,2,1,5,5,5,2,16,1,24,2,8,6,1,7,5,1,10,1,14,,8,,1,21,121.5764451,25.0689879
113,1,11,17,30,2,12內湖區,內湖區民權東路6段15巷與瑞湖街口,0,0,1,2,B03,8,5,5,50,4,1,1,5,4,5,13,2,1,5,5,5,2,16,2,44,3,10,7,1,7,9,1,8,1,5,,44,,1,21,121.5764451,25.0689879
113,1,11,17,31,2,05中正區,中正區中山南路與濟南路1段口,0,0,1,1,B03,8,5,5,50,3,2,1,5,4,5,13,1,1,9,4,1,1,12,2,39,3,10,7,1,7,9,1,8,1,8,,16,,1,22,121.5187108,25.04308834
113,1,11,17,31,2,05中正區,中正區中山南路與濟南路1段口,0,0,1,2,C03,8,5,5,50,3,2,1,5,4,5,13,1,1,9,4,1,1,12,1,81,2,9,6,1,7,8,1,10,1,12,,44,,1,22,121.5187108,25.04308834
113,1,11,17,33,2,02萬華區,萬華區西園路1段123號,0,0,2,1,H01,8,5,5,0,14,9,1,5,4,5,13,4,4,10,5,5,2,9,2,71,2,8,4,5,8,16,8,20,1,16,,60,,1,22,121.4997178,25.03799223
113,1,11,17,33,2,02萬華區,萬華區西園路1段123號,0,0,2,2,C03,8,5,5,0,14,9,1,5,4,5,13,4,4,10,5,5,2,9,1,22,2,9,3,4,7,15,1,10,1,11,,108,,1,21,121.4997178,25.03799223
113,1,11,17,42,2,10文山區,文山區下崙路與下崙路11巷口,0,0,1,1,B01,8,5,5,30,3,1,1,5,4,5,13,3,1,9,5,5,2,3,1,58,3,10,2,4,7,9,1,4,2,1,,14,,1,21,121.5600993,24.9865676
113,1,11,17,42,2,10文山區,文山區下崙路與下崙路11巷口,0,0,1,2,H01,8,5,5,30,3,1,1,5,4,5,13,3,1,9,5,5,2,3,1,13,2,9,4,5,8,16,8,20,10,16,,67,,1,15,121.5600993,24.9865676
113,1,11,17,55,2,01大同區,大同區大稻埕堤外便道四號水門口,0,0,2,1,F01,8,5,5,40,3,2,1,5,4,5,13,1,1,7,5,5,2,12,1,74,2,9,3,4,7,8,8,20,2,13,,100,,1,22,121.5113064,25.0627243
113,1,11,17,55,2,01大同區,大同區大稻埕堤外便道四號水門口,0,0,2,2,C03,8,5,5,40,3,2,1,5,4,5,13,1,1,7,5,5,2,12,1,60,2,9,6,4,7,9,1,10,2,11,,108,,1,22,121.5113064,25.0627243
113,1,11,18,7,2,10文山區,文山區辛亥路5段與辛亥路5段73巷口,0,0,1,1,C03,8,5,5,50,3,1,1,5,4,5,13,2,1,1,4,5,2,12,1,23,3,10,6,1,7,1,1,10,1,14,,19,,1,21,121.5530489,24.9981571
113,1,11,18,7,2,10文山區,文山區辛亥路5段與辛亥路5段73巷口,0,0,1,2,C03,8,5,5,50,3,1,1,5,4,5,13,2,1,1,4,5,2,12,1,21,2,9,6,1,7,9,1,10,1,11,,13,,1,21,121.5530489,24.9981571
113,1,11,18,8,2,04大安區,大安區基隆路2段與敦化南路2段口,0,0,1,1,C03,7,5,5,50,3,1,1,5,4,5,13,1,1,1,4,5,1,12,1,23,2,9,5,1,7,8,1,10,1,12,,100,,1,21,121.5490126,25.0210778
113,1,11,18,8,2,04大安區,大安區基隆路2段與敦化南路2段口,0,0,1,2,B01,7,5,5,50,3,1,1,5,4,5,13,1,1,1,4,5,1,12,1,24,3,10,7,1,7,9,1,4,1,8,,44,,1,21,121.5490126,25.0210778
113,1,11,18,14,2,02萬華區,萬華區環河南路3段347號,0,0,1,1,C03,8,5,5,50,14,9,1,5,4,5,13,4,4,10,5,5,2,13,1,40,4,11,5,4,7,9,7,19,11,11,,44,,2,21,121.4947655,25.0171354
113,1,11,18,14,2,02萬華區,萬華區環河南路3段347號,0,0,1,2,C03,8,5,5,50,14,9,1,5,4,5,13,4,4,10,5,5,2,13,1,43,3,10,5,1,7,9,1,10,1,13,,44,,1,21,121.4947655,25.0171354
113,1,11,18,14,2,02萬華區,萬華區環河南路3段347號,0,0,1,3,H02,8,5,5,50,14,9,1,5,4,5,13,4,4,10,5,5,2,13,2,37,2,8,5,5,7,17,8,20,10,16,,67,,1,21,121.4947655,25.0171354
113,1,11,18,24,2,05中正區,中正區濟南路2段3-7號,0,0,1,1,B03,7,5,5,30,22,9,1,5,4,5,13,4,4,10,5,5,2,9,1,47,3,10,3,4,7,15,1,8,11,15,,118,,2,22,121.5267355,25.04147454
113,1,11,18,24,2,05中正區,中正區濟南路2段3-7號,0,0,1,2,H01,7,5,5,30,22,9,1,5,4,5,13,4,4,10,5,5,2,9,1,24,2,8,4,5,8,16,8,20,10,16,,67,,1,22,121.5267355,25.04147454
113,1,11,18,35,2,03中山區,中山區建國北路3段與建國北路3段93巷口,0,0,1,1,B03,7,5,5,50,3,2,1,5,4,5,13,4,4,10,4,5,2,16,1,44,3,10,7,1,7,6,1,8,2,8,,9,,1,21,121.5364874,25.0657658
113,1,11,18,35,2,03中山區,中山區建國北路3段與建國北路3段93巷口,0,0,1,2,C03,7,5,5,50,3,2,1,5,4,5,13,4,4,10,4,5,2,16,2,30,2,9,6,1,7,1,1,10,2,12,,19,,1,21,121.5364874,25.0657658
113,1,11,18,37,2,03中山區,中山區市民大道2段與林森北路口,0,0,1,1,C03,7,6,5,40,14,9,1,5,4,5,13,4,4,9,4,5,2,12,2,30,2,9,5,1,7,7,1,10,1,13,,100,,1,21,121.5247115,25.0478018
113,1,11,18,37,2,03中山區,中山區市民大道2段與林森北路口,0,0,1,2,B03,7,6,5,40,14,9,1,5,4,5,13,4,4,9,4,5,2,12,1,28,3,10,7,1,7,9,1,8,1,2,,44,,1,21,121.5247115,25.0478018
113,1,11,18,37,2,11南港區,南港區三重路與經貿二路口,0,0,2,1,C03,8,5,5,50,4,1,1,5,4,5,13,2,1,1,3,5,2,13,2,66,2,9,3,4,7,9,1,10,2,11,,16,,1,21,121.6143298,25.0607919
113,1,11,18,37,2,11南港區,南港區三重路與經貿二路口,0,0,2,2,C03,8,5,5,50,4,1,1,5,4,5,13,2,1,1,3,5,2,13,1,39,2,9,3,4,7,9,1,10,2,13,,44,,1,21,121.6143298,25.0607919
113,1,11,18,51,2,04大安區,大安區仁愛路3段160號,0,0,1,1,C03,8,5,5,50,14,9,1,5,4,5,13,4,4,1,4,5,2,13,2,36,2,9,3,4,7,9,1,10,1,11,,108,,1,21,121.5432073,25.0378208
113,1,11,18,51,2,04大安區,大安區仁愛路3段160號,0,0,1,2,B03,8,5,5,50,14,9,1,5,4,5,13,4,4,1,4,5,2,13,1,46,3,10,3,4,7,12,1,8,1,3,,44,,1,21,121.5432073,25.0378208
113,1,11,18,51,2,04大安區,大安區仁愛路3段160號,0,0,1,3,C03,8,5,5,50,14,9,1,5,4,5,13,4,4,1,4,5,2,13,1,62,3,10,3,4,7,9,1,10,9,17,,30,,1,21,121.5432073,25.0378208
113,1,11,18,54,2,09北投區,北投區大度路3段151號對面,0,0,3,1,C03,8,5,5,50,14,9,1,5,4,5,13,4,4,1,4,5,1,17,1,26,2,9,6,1,7,10,1,10,1,12,,102,,1,22,121.4735225,25.12285624
113,1,11,18,54,2,09北投區,北投區大度路3段151號對面,0,0,3,2,C03,8,5,5,50,14,9,1,5,4,5,13,4,4,1,4,5,1,17,1,25,2,9,6,1,7,9,1,10,1,14,,44,,1,22,121.4735225,25.12285624
113,1,11,18,54,2,09北投區,北投區大度路3段151號對面,0,0,3,3,C03,8,5,5,50,14,9,1,5,4,5,13,4,4,1,4,5,1,17,1,23,2,9,6,1,7,9,1,10,1,11,,16,,1,22,121.4735225,25.12285624
113,1,11,18,54,2,09北投區,北投區大度路3段151號對面,0,0,3,4,B03,8,5,5,50,14,9,1,5,4,5,13,4,4,1,4,5,1,17,1,48,3,10,7,1,7,7,1,8,1,5,,100,,1,22,121.4735225,25.12285624
113,1,11,19,20,2,05中正區,中正區愛國西路與博愛路口,0,0,1,1,B03,8,5,5,50,5,1,1,5,4,5,13,2,1,3,4,3,2,16,1,57,3,10,7,1,7,5,1,8,2,5,,83,,1,21,121.5108911,25.0359372
113,1,11,19,20,2,05中正區,中正區愛國西路與博愛路口,0,0,1,2,C03,8,5,5,50,5,1,1,5,4,5,13,2,1,3,4,3,2,16,1,21,2,8,6,1,7,9,1,10,2,11,,44,,1,21,121.5108911,25.0359372
113,1,11,19,38,2,10文山區,文山區景美街45號旁,0,0,1,2,H01,8,5,5,50,14,9,1,5,4,5,13,4,4,9,5,5,2,1,1,40,2,7,4,5,8,16,8,20,1,16,,118,,1,21,121.5422519,24.991561
113,1,11,19,38,2,10文山區,文山區景美街45號旁,0,0,1,1,B03,8,5,5,50,14,9,1,5,4,5,13,4,4,9,5,5,2,1,1,59,3,10,7,1,7,9,1,8,1,5,,118,,2,21,121.5422519,24.991561
113,1,11,19,47,2,06松山區,松山區南京東路5段與南京東路5段66巷口,0,0,1,1,A02,8,5,5,50,4,2,1,5,4,5,13,1,1,1,4,4,2,9,1,65,3,10,7,1,7,15,1,2,1,15,,102,,1,22,121.5605609,25.0514858
113,1,11,19,47,2,06松山區,松山區南京東路5段與南京東路5段66巷口,0,0,1,2,H02,8,5,5,50,4,2,1,5,4,5,13,1,1,1,4,4,2,9,2,41,2,8,4,5,7,19,8,20,10,16,,56,,1,22,121.5605609,25.0514858
113,1,11,20,0,2,11南港區,南港區忠孝東路5段與中坡北路口,0,0,1,1,C03,7,5,5,50,4,2,1,5,4,5,13,2,1,1,4,5,2,12,1,18,3,10,5,4,7,8,1,10,1,12,,100,,1,21,121.5825083,25.0443462
113,1,11,20,0,2,11南港區,南港區忠孝東路5段與中坡北路口,0,0,1,2,C03,7,5,5,50,4,2,1,5,4,5,13,2,1,1,4,5,2,12,2,38,2,8,6,4,7,9,1,10,1,11,,44,,1,21,121.5825083,25.0443462
113,1,11,20,4,2,12內湖區,內湖區新明路143巷與新明路口,0,0,2,1,C03,8,5,5,50,3,1,1,5,4,5,13,4,4,10,5,5,2,16,2,24,2,9,6,1,7,5,1,10,1,12,,73,,1,21,121.5890122,25.0593817
113,1,11,20,4,2,12內湖區,內湖區新明路143巷與新明路口,0,0,2,2,C03,8,5,5,50,3,1,1,5,4,5,13,4,4,10,5,5,2,16,1,29,2,9,6,1,7,9,1,10,1,14,,13,,1,21,121.5890122,25.0593817
113,1,11,20,17,2,05中正區,中正區重慶南路3段與和平西路1段口,0,0,1,1,C03,8,5,5,50,4,1,1,5,4,5,13,1,1,2,4,5,2,16,1,25,2,9,6,1,7,8,1,10,2,12,,100,,1,22,121.5161274,25.027159