發生年度,發生月,發生日,發生時-Hours,發生分,處理別-編號,區序,肇事地點,死亡人數,2-30日死亡人數,受傷人數,當事人序號,車種,天候,道路照明設備,道路類別,速限-速度限制,道路型態,事故位置,路面狀況1,路面狀況2,路面狀況3,道路障礙1,道路障礙2,號誌1,號誌2,車道劃分-分向,車道劃分-分道1,車道劃分-分道2,車道劃分-分道3,事故類型及型態,性別,年齡,受傷程度,主要傷處,保護裝置,行動電話,車輛用途,當事者行動狀態,駕駛資格情形,駕駛執照種類,飲酒情形,車輛撞擊部位1,車輛撞擊部位2,肇因碼-個別,肇因碼-主要,個人肇逃否,職業,座標-X,座標-Y
113,1,11,20,17,2,05中正區,中正區重慶南路3段與和平西路1段口,0,0,1,2,C03,8,5,5,50,4,1,1,5,4,5,13,1,1,2,4,5,2,16,1,36,3,10,6,1,7,9,1,10,2,14,,44,,1,23,121.5161274,25.027159
113,1,11,20,17,2,05中正區,中正區重慶南路3段與和平西路1段口,0,0,1,3,H02,8,5,5,50,4,1,1,5,4,5,13,1,1,2,4,5,2,16,2,25,4,11,6,5,7,20,8,20,10,16,,67,,1,21,121.5161274,25.027159
113,1,11,20,40,2,12內湖區,內湖區民權東路6段與成功路2段口,0,0,1,1,B03,8,5,5,50,3,1,1,5,4,5,13,4,4,1,4,5,2,3,1,71,3,10,7,1,7,6,6,8,1,5,,70,,1,21,121.5903691,25.06891431
113,1,11,20,40,2,12內湖區,內湖區民權東路6段與成功路2段口,0,0,1,2,H01,8,5,5,50,3,1,1,5,4,5,13,4,4,1,4,5,2,3,1,40,2,5,4,5,8,16,8,20,10,16,,67,,1,21,121.5903691,25.06891431
113,1,11,20,42,2,08士林區,士林區文林路159號前,0,0,1,1,C03,8,5,5,50,14,9,1,5,4,5,13,4,4,9,5,5,2,12,2,40,2,9,6,1,7,4,1,10,1,13,,1,,1,21,121.5267598,25.08920197
113,1,11,20,42,2,08士林區,士林區文林路159號前,0,0,1,2,B03,8,5,5,50,14,9,1,5,4,5,13,4,4,9,5,5,2,12,1,35,3,10,7,1,7,9,1,8,1,8,,108,,1,21,121.5267598,25.08920197
113,1,11,20,56,2,12內湖區,內湖區成功路4段與成功路4段61巷口,0,0,2,1,F01,8,5,5,50,3,1,1,5,4,5,13,1,1,1,3,5,1,16,1,60,2,9,4,1,7,6,8,20,6,12,,21,,1,21,121.5923841,25.08204715
113,1,11,20,56,2,12內湖區,內湖區成功路4段與成功路4段61巷口,0,0,2,2,C03,8,5,5,50,3,1,1,5,4,5,13,1,1,1,3,5,1,16,2,27,2,8,5,1,7,9,1,10,2,11,,44,,1,21,121.5923841,25.08204715
113,1,11,21,25,2,04大安區,大安區愛國東路246號,0,0,2,1,C03,8,5,5,50,14,7,1,5,4,5,13,3,1,1,4,4,2,17,1,58,2,8,6,1,7,9,1,10,1,11,,16,,1,21,121.5252685,25.0318636
113,1,11,21,25,2,04大安區,大安區愛國東路246號,0,0,2,2,C04,8,5,5,50,14,7,1,5,4,5,13,3,1,1,4,4,2,17,2,28,2,8,6,1,7,15,1,10,1,13,,44,,1,21,121.5252685,25.0318636
113,1,11,21,30,2,12內湖區,內湖區行忠路28巷與新湖三路口,0,0,1,1,B03,8,5,5,50,4,1,1,5,4,5,13,2,1,5,4,5,2,16,1,43,3,10,7,1,7,5,1,8,1,1,,71,,1,21,121.5781759,25.0642487
113,1,11,21,30,2,12內湖區,內湖區行忠路28巷與新湖三路口,0,0,1,2,C03,8,5,5,50,4,1,1,5,4,5,13,2,1,5,4,5,2,16,1,20,2,9,6,1,7,9,1,10,1,11,,44,,1,21,121.5781759,25.0642487
113,1,11,21,54,2,09北投區,北投區大度路3段與立德路口,0,0,1,1,C03,8,5,5,50,3,2,1,5,4,5,13,2,1,1,4,5,1,13,1,22,3,10,6,1,7,9,1,10,1,11,,16,,1,22,121.471826,25.12297165
113,1,11,21,54,2,09北投區,北投區大度路3段與立德路口,0,0,1,2,C03,8,5,5,50,3,2,1,5,4,5,13,2,1,1,4,5,1,13,2,52,2,9,6,1,7,9,1,10,1,13,,44,,1,22,121.471826,25.12297165
113,1,11,22,41,2,04大安區,大安區信義路4段239巷與安和路1段135巷口,0,0,2,1,C03,7,5,5,30,4,1,1,5,4,5,13,4,4,10,5,5,1,15,1,46,2,9,5,1,7,9,1,10,1,12,,72,,1,21,121.5533874,25.0342539
113,1,11,22,41,2,04大安區,大安區信義路4段239巷與安和路1段135巷口,0,0,2,2,C03,7,5,5,30,4,1,1,5,4,5,13,4,4,10,5,5,1,15,1,20,2,6,5,1,7,9,1,10,1,11,,108,,1,21,121.5533874,25.0342539
113,1,11,23,14,2,04大安區,大安區通化街19巷與文昌街250巷口,0,0,1,1,C03,7,5,5,30,4,1,1,5,4,5,13,4,4,10,5,5,2,17,1,52,2,9,5,1,7,9,1,10,1,11,,14,,1,21,121.5557126,25.0316566
113,1,11,23,14,2,04大安區,大安區通化街19巷與文昌街250巷口,0,0,1,2,B01,7,5,5,30,4,1,1,5,4,5,13,4,4,10,5,5,2,17,1,52,3,10,7,1,7,9,1,8,1,4,,14,,1,21,121.5557126,25.0316566
113,1,11,23,39,2,06松山區,松山區南京東路4段53巷與南京東路4段口,0,0,1,1,C03,7,5,5,40,14,8,1,5,4,5,13,4,4,1,3,4,2,13,1,45,2,8,6,1,7,9,1,10,1,11,,14,,1,21,121.5510743,25.05176868
113,1,11,23,39,2,06松山區,松山區南京東路4段53巷與南京東路4段口,0,0,1,2,B01,7,5,5,40,14,8,1,5,4,5,13,4,4,1,3,4,2,13,1,40,3,10,7,1,7,14,1,4,1,7,,38,,1,21,121.5510743,25.05176868
113,1,11,23,55,2,10文山區,文山區木柵路5段57號旁(樟湖幹126號一枝B7332-BD59),0,0,2,1,C03,8,5,5,30,14,9,2,5,4,5,13,4,4,10,5,5,2,9,1,22,2,9,5,4,7,9,1,10,2,11,,44,,1,21,121.5878411,25.00275506
113,1,11,23,55,2,10文山區,文山區木柵路5段57號旁(樟湖幹126號一枝B7332-BD59),0,0,2,2,H01,8,5,5,30,14,9,2,5,4,5,13,4,4,10,5,5,2,9,1,66,2,9,4,5,8,21,8,20,10,16,,67,,1,21,121.5878411,25.00275506
113,1,12,6,22,2,05中正區,中正區延平南路與延平南路230巷口口,0,0,2,1,C03,8,5,5,50,3,1,1,5,4,5,13,4,4,5,5,5,1,3,1,62,2,8,6,1,7,9,1,10,2,11,,108,,1,21,121.5074562,25.0339525
113,1,12,6,22,2,05中正區,中正區延平南路與延平南路230巷口口,0,0,2,2,H01,8,5,5,50,3,1,1,5,4,5,13,4,4,5,5,5,1,3,1,89,2,8,4,5,8,16,8,20,10,16,,123,,1,21,121.5074562,25.0339525
113,1,12,6,55,2,10文山區,文山區木柵路1段54號,0,0,3,1,C03,8,6,5,50,14,9,1,5,4,5,13,4,4,5,4,5,2,17,1,56,2,9,3,4,7,9,6,18,2,12,,4,,1,22,121.5469383,24.98689139
113,1,12,6,55,2,10文山區,文山區木柵路1段54號,0,0,3,2,C03,8,6,5,50,14,9,1,5,4,5,13,4,4,5,4,5,2,17,1,28,2,8,3,4,7,5,1,10,2,11,,44,,1,23,121.5469383,24.98689139
113,1,12,6,55,2,10文山區,文山區木柵路1段54號,0,0,3,3,H02,8,6,5,50,14,9,1,5,4,5,13,4,4,5,4,5,2,17,2,43,2,9,3,5,7,20,8,20,10,16,,67,,1,22,121.5469383,24.98689139
113,1,12,7,19,2,07信義區,信義區富陽街72巷5號,0,0,2,1,C03,8,5,8,30,14,9,1,5,4,5,13,4,4,5,5,5,2,12,1,32,2,9,5,1,7,7,7,19,9,14,,100,,1,21,121.556023,25.022086
113,1,12,7,19,2,07信義區,信義區富陽街72巷5號,0,0,2,2,C04,8,5,8,30,14,9,1,5,4,5,13,4,4,5,5,5,2,12,2,22,2,9,5,1,7,9,1,10,9,12,,44,,1,21,121.556023,25.022086
113,1,12,7,39,2,07信義區,信義區信義路5段台北101世貿站3號出口,0,0,1,1,B01,7,5,5,50,14,9,1,5,4,5,13,4,4,5,5,5,2,17,1,41,3,10,7,1,7,1,1,4,1,8,,19,,1,21,121.5639588,25.032876
113,1,12,7,39,2,07信義區,信義區信義路5段台北101世貿站3號出口,0,0,1,2,C03,7,5,5,50,14,9,1,5,4,5,13,4,4,5,5,5,2,17,1,38,2,9,5,1,7,9,1,10,1,12,,44,,1,21,121.5639588,25.032876
113,1,12,7,48,2,05中正區,中正區重慶南路2段與南海路口,0,0,2,1,C03,8,6,5,50,4,1,1,5,4,5,13,1,1,1,4,5,2,17,1,31,2,9,5,1,7,6,1,10,1,12,,9,,1,21,121.5143427,25.0318706
113,1,12,7,48,2,05中正區,中正區重慶南路2段與南海路口,0,0,2,2,C03,8,6,5,50,4,1,1,5,4,5,13,1,1,1,4,5,2,17,2,44,2,9,5,1,7,9,1,10,1,11,,44,,1,21,121.5143427,25.0318706
113,1,12,7,48,2,05中正區,中正區重慶南路2段與南海路口,0,0,2,3,H02,8,6,5,50,4,1,1,5,4,5,13,1,1,1,4,5,2,17,1,12,4,11,5,5,7,20,8,20,10,16,,67,,1,21,121.5143427,25.0318706
113,1,12,7,57,2,04大安區,大安區臥龍街129號,0,0,2,1,B03,8,5,5,30,14,9,1,5,4,3,13,4,4,10,5,5,2,13,1,52,3,10,7,1,7,9,1,8,1,5,,108,,1,21,121.548893,25.0200504
113,1,12,7,57,2,04大安區,大安區臥龍街129號,0,0,2,2,C03,8,5,5,30,14,9,1,5,4,3,13,4,4,10,5,5,2,13,1,38,2,9,6,1,7,12,1,10,1,13,,44,,1,21,121.548893,25.0200504
113,1,12,7,57,2,04大安區,大安區臥龍街129號,0,0,2,3,H02,8,5,5,30,14,9,1,5,4,3,13,4,4,10,5,5,2,13,2,10,2,6,6,5,7,19,8,20,10,16,,67,,1,21,121.548893,25.0200504
113,1,12,8,0,2,06松山區,松山區延吉街與延吉街23巷口,0,0,2,1,F01,8,6,5,50,4,1,1,5,4,5,13,2,1,9,4,5,2,15,1,69,2,9,2,1,7,5,8,20,1,11,,8,,1,22,121.5535667,25.04619813
113,1,12,8,0,2,06松山區,松山區延吉街與延吉街23巷口,0,0,2,2,C03,8,6,5,50,4,1,1,5,4,5,13,2,1,9,4,5,2,15,1,18,2,3,6,1,7,15,1,10,1,11,,44,,1,22,121.5535667,25.04619813
113,1,12,8,10,2,03中山區,中山區明水路與明水路494巷口,0,0,1,1,B03,8,7,5,40,3,1,1,5,4,5,13,4,4,1,4,4,2,16,1,45,3,10,7,1,7,6,1,8,1,2,,14,,1,22,121.5522832,25.07851327
113,1,12,8,10,2,03中山區,中山區明水路與明水路494巷口,0,0,1,2,C03,8,7,5,40,3,1,1,5,4,5,13,4,4,1,4,4,2,16,2,39,2,9,5,1,7,9,1,10,1,14,,13,,1,22,121.5522832,25.07851327
113,1,12,8,15,2,05中正區,中正區重慶南路3段與寧波西街口,0,0,2,1,C03,8,6,5,50,4,1,1,5,1,5,13,1,1,1,4,4,2,16,1,27,2,9,5,1,7,6,1,10,1,12,,9,,1,21,121.5153764,25.029821
113,1,12,8,15,2,05中正區,中正區重慶南路3段與寧波西街口,0,0,2,2,C03,8,6,5,50,4,1,1,5,1,5,13,1,1,1,4,4,2,16,2,46,2,9,5,1,7,9,1,10,2,14,,44,,1,21,121.5153764,25.029821
113,1,12,8,28,2,06松山區,松山區市民大道4段與敦化南路1段口,0,0,1,1,C03,8,6,5,40,4,1,1,5,4,5,13,2,1,1,4,5,2,17,1,20,2,9,6,1,7,9,1,10,1,11,,108,,1,22,121.5492688,25.0448918
113,1,12,8,28,2,06松山區,松山區市民大道4段與敦化南路1段口,0,0,1,2,C03,8,6,5,40,4,1,1,5,4,5,13,2,1,1,4,5,2,17,1,51,3,10,6,1,7,5,1,10,9,17,,8,,2,21,121.5492688,25.0448918
113,1,12,8,30,2,03中山區,中山區中山北路1段105巷與中山北路1段口,0,0,2,1,C03,8,6,5,50,14,9,1,5,4,5,13,4,4,10,4,5,2,13,1,23,2,9,3,4,7,9,1,10,1,11,,16,,1,21,121.5228912,25.0512021
113,1,12,8,30,2,03中山區,中山區中山北路1段105巷與中山北路1段口,0,0,2,2,C03,8,6,5,50,14,9,1,5,4,5,13,4,4,10,4,5,2,13,2,56,2,8,3,4,7,9,1,10,1,13,,44,,1,21,121.5228912,25.0512021
113,1,12,8,33,2,11南港區,南港區忠孝東路7段與忠孝東路7段325巷口,0,0,1,1,C03,8,5,6,40,3,1,1,5,4,5,13,2,1,1,4,4,1,16,1,33,3,10,5,4,7,10,1,10,1,11,,13,,1,22,121.6060885,25.0521644
113,1,12,8,33,2,11南港區,南港區忠孝東路7段與忠孝東路7段325巷口,0,0,1,2,C03,8,5,6,40,3,1,1,5,4,5,13,2,1,1,4,4,1,16,2,33,2,9,5,4,7,8,1,10,1,12,,100,,1,22,121.6060885,25.0521644
113,1,12,8,38,2,03中山區,中山區錦州街30巷與中山北路2段93巷口,0,0,1,1,C03,8,5,5,30,3,2,1,5,4,5,13,4,4,5,5,5,2,15,2,34,2,8,3,4,7,9,1,10,1,11,,80,,1,21,121.5247731,25.059351
113,1,12,8,38,2,03中山區,中山區錦州街30巷與中山北路2段93巷口,0,0,1,2,B02,8,5,5,30,3,2,1,5,4,5,13,4,4,5,5,5,2,15,2,38,3,10,3,4,7,9,1,8,2,2,,44,,1,21,121.5247731,25.059351
113,1,12,8,51,2,06松山區,松山區吉祥路53號,0,0,1,1,C03,8,7,5,30,14,9,1,5,4,5,13,2,1,5,2,5,2,17,2,26,2,9,6,1,7,5,1,10,2,14,,8,,1,22,121.5625607,25.05035407
113,1,12,8,51,2,06松山區,松山區吉祥路53號,0,0,1,2,B03,8,7,5,30,14,9,1,5,4,5,13,2,1,5,2,5,2,17,1,37,3,10,7,1,7,9,1,8,2,5,,44,,1,22,121.5625607,25.05035407
113,1,12,9,0,2,06松山區,松山區撫遠街與富錦街口,0,0,2,1,C03,8,7,5,40,4,2,1,5,4,5,13,1,1,9,4,4,1,12,2,25,2,7,6,1,7,9,1,10,1,11,,108,,1,21,121.5664027,25.0618687
113,1,12,9,0,2,06松山區,松山區撫遠街與富錦街口,0,0,2,2,C03,8,7,5,40,4,2,1,5,4,5,13,1,1,9,4,4,1,12,2,51,2,9,6,1,7,7,1,10,1,13,,100,,1,21,121.5664027,25.0618687
113,1,12,9,3,2,12內湖區,內湖區陽光街與文德路220巷口,0,0,1,1,C03,8,5,5,50,3,2,1,5,4,5,13,2,1,7,4,5,2,13,1,24,2,9,5,1,7,9,1,10,2,11,,16,,1,21,121.5881409,25.07702998
113,1,12,9,3,2,12內湖區,內湖區陽光街與文德路220巷口,0,0,1,2,C03,8,5,5,50,3,2,1,5,4,5,13,2,1,7,4,5,2,13,1,28,3,10,5,1,7,9,1,10,2,13,,44,,1,21,121.5881409,25.07702998
113,1,12,9,8,2,09北投區,北投區承德路6段與福國路口,0,0,1,1,B03,8,6,5,60,4,1,1,5,4,5,13,2,1,8,3,5,2,16,1,42,3,10,7,1,7,6,1,8,1,2,,9,,1,22,121.5121893,25.10163846
113,1,12,9,8,2,09北投區,北投區承德路6段與福國路口,0,0,1,2,C03,8,6,5,60,4,1,1,5,4,5,13,2,1,8,3,5,2,16,1,25,2,9,6,1,7,9,1,10,1,11,,44,,1,22,121.5121893,25.10163846
113,1,12,9,22,2,03中山區,中山區南京東路2段8號,0,0,1,1,F01,8,7,5,50,22,23,1,5,4,5,13,4,4,10,5,5,2,9,2,26,3,10,4,1,7,9,8,20,1,11,,70,,1,22,121.5287611,25.05186739
113,1,12,9,22,2,03中山區,中山區南京東路2段8號,0,0,1,2,H01,8,7,5,50,22,23,1,5,4,5,13,4,4,10,5,5,2,9,2,63,2,9,4,5,8,16,8,20,10,16,,67,,1,22,121.5287611,25.05186739
113,1,12,9,35,2,09北投區,北投區中央北路1段與大業路口,0,0,1,1,C03,8,7,5,50,4,1,1,5,4,5,13,1,1,4,4,5,2,17,1,23,2,8,6,1,7,6,1,10,1,13,,17,,1,21,121.497127,25.13608427
113,1,12,9,35,2,09北投區,北投區中央北路1段與大業路口,0,0,1,2,B03,8,7,5,50,4,1,1,5,4,5,13,1,1,4,4,5,2,17,1,71,3,10,7,1,7,6,1,8,1,5,,42,,1,21,121.497127,25.13608427
113,1,12,9,35,2,11南港區,南港區重陽路與惠民街口,0,0,1,1,B03,8,7,5,50,3,1,1,5,4,5,13,1,1,4,3,5,2,16,1,54,3,10,7,1,7,5,1,8,1,1,,83,,1,22,121.6101078,25.0590965
113,1,12,9,35,2,11南港區,南港區重陽路與惠民街口,0,0,1,2,C03,8,7,5,50,3,1,1,5,4,5,13,1,1,4,3,5,2,16,1,37,2,3,6,1,7,9,1,10,9,11,,81,,1,22,121.6101078,25.0590965
113,1,12,9,38,2,08士林區,士林區延平北路6段與中正路口,0,0,1,1,C03,8,6,5,50,4,2,1,5,4,5,13,1,1,5,4,5,1,17,1,28,2,8,6,1,7,9,1,10,1,11,,44,,1,21,121.5093184,25.0865994
113,1,12,9,38,2,08士林區,士林區延平北路6段與中正路口,0,0,1,2,C03,8,6,5,50,4,2,1,5,4,5,13,1,1,5,4,5,1,17,1,31,3,10,6,1,7,5,1,10,1,13,,8,,1,21,121.5093184,25.0865994
113,1,12,10,14,2,08士林區,士林區中山北路7段219巷與中山北路7段219巷3弄口,0,0,1,1,B01,8,6,5,30,4,2,1,5,4,5,13,1,1,10,5,5,2,3,1,67,3,10,7,1,7,5,1,4,1,4,,70,,1,21,121.5323443,25.1268063
113,1,12,10,14,2,08士林區,士林區中山北路7段219巷與中山北路7段219巷3弄口,0,0,1,2,H01,8,6,5,30,4,2,1,5,4,5,13,1,1,10,5,5,2,3,2,87,2,8,4,5,8,16,8,20,10,16,,67,,1,21,121.5323443,25.1268063
113,1,12,10,15,2,03中山區,中山區龍江路298巷與合江街口,0,0,1,1,C03,8,6,5,30,4,2,1,5,4,5,13,4,4,9,5,5,2,15,1,42,2,9,3,4,7,9,1,10,1,11,,72,,1,21,121.5396085,25.0617749
113,1,12,10,15,2,03中山區,中山區龍江路298巷與合江街口,0,0,1,2,B03,8,6,5,30,4,2,1,5,4,5,13,4,4,9,5,5,2,15,1,59,3,10,3,4,7,9,1,8,1,5,,108,,1,22,121.5396085,25.0617749
113,1,12,10,33,2,05中正區,中正區忠孝東路1段與紹興南街口,0,0,1,1,B02,8,5,5,40,4,1,1,5,4,5,13,1,1,9,4,5,2,17,1,31,2,2,7,1,7,5,1,4,2,1,,16,,1,21,121.5251927,25.044442
113,1,12,10,33,2,05中正區,中正區忠孝東路1段與紹興南街口,0,0,1,3,H01,8,5,5,40,4,1,1,5,4,5,13,1,1,9,4,5,2,17,4,0,,,,,,,,,10,,,119,,2,,121.5251927,25.044442
113,1,12,10,33,2,05中正區,中正區忠孝東路1段與紹興南街口,0,0,1,2,B01,8,5,5,40,4,1,1,5,4,5,13,1,1,9,4,5,2,17,1,38,3,10,7,1,7,14,1,4,2,7,,44,,1,21,121.5251927,25.044442
113,1,12,10,45,2,03中山區,中山區吉林路與松江路362巷口口,0,0,2,1,C03,8,7,5,50,4,2,1,5,4,5,13,4,4,9,4,4,2,17,1,20,2,9,3,4,7,9,1,10,1,11,,14,,1,21,121.5303066,25.06200995
113,1,12,10,45,2,03中山區,中山區吉林路與松江路362巷口口,0,0,2,2,B01,8,7,5,50,4,2,1,5,4,5,13,4,4,9,4,4,2,17,1,57,3,10,3,4,7,5,1,8,1,3,,72,,1,21,121.5303066,25.06200995
113,1,12,10,45,2,03中山區,中山區吉林路與松江路362巷口口,0,0,2,3,H02,8,7,5,50,4,2,1,5,4,5,13,4,4,9,4,4,2,17,2,20,2,9,3,5,7,20,8,20,10,16,,60,,1,21,121.5303066,25.06200995
113,1,12,11,0,2,05中正區,中正區中山南路與青島東路口,0,0,1,1,B02,8,6,5,50,4,2,1,5,4,5,13,1,1,1,4,5,2,13,1,62,3,10,7,1,7,15,1,8,2,1,,108,,1,21,121.5193078,25.0443067
113,1,12,11,0,2,05中正區,中正區中山南路與青島東路口,0,0,1,2,C03,8,6,5,50,4,2,1,5,4,5,13,1,1,1,4,5,2,13,1,37,2,8,6,1,7,14,1,10,2,13,,44,,1,21,121.5193078,25.0443067
113,1,12,11,8,2,07信義區,信義區和平東路3段與信安街口,0,0,2,1,F01,8,6,5,50,4,1,1,5,4,5,13,2,1,8,3,5,2,17,2,67,2,9,4,4,7,15,8,20,1,14,,96,,1,22,121.5546537,25.0224598
113,1,12,11,8,2,07信義區,信義區和平東路3段與信安街口,0,0,2,2,C04,8,6,5,50,4,1,1,5,4,5,13,2,1,8,3,5,2,17,2,44,2,9,3,4,7,9,1,10,1,11,,14,,1,21,121.5546537,25.0224598
113,1,12,11,15,2,12內湖區,內湖區瑞光路76巷與民權東路6段19巷口口,0,0,2,1,C03,8,6,5,50,14,9,1,5,4,5,13,1,1,5,5,5,2,13,2,69,2,9,5,1,7,8,1,10,1,13,,100,,1,21,121.5790761,25.06893199
113,1,12,11,15,2,12內湖區,內湖區瑞光路76巷與民權東路6段19巷口口,0,0,2,2,C03,8,6,5,50,14,9,1,5,4,5,13,1,1,5,5,5,2,13,1,33,2,7,5,1,7,9,1,10,1,14,,16,,1,21,121.5790761,25.06893199
113,1,12,11,38,2,12內湖區,內湖區瑞湖街101號,0,0,1,1,B03,8,6,5,50,14,9,1,5,4,5,13,4,4,9,5,5,2,17,2,64,3,10,7,1,7,1,1,8,1,8,,19,,1,21,121.575903,25.07373519
113,1,12,11,38,2,12內湖區,內湖區瑞湖街101號,0,0,1,2,C04,8,6,5,50,14,9,1,5,4,5,13,4,4,9,5,5,2,17,2,69,2,9,5,1,7,9,1,11,1,11,,44,,1,21,121.575903,25.07373519
113,1,12,12,2,2,07信義區,信義區嘉興街179-35號,0,0,1,1,C03,7,5,5,30,14,9,1,5,4,5,13,4,4,9,5,5,2,17,1,39,2,9,5,1,7,9,1,10,1,15,,108,,1,21,121.5565732,25.0265328
113,1,12,12,2,2,07信義區,信義區嘉興街179-35號,0,0,1,2,C04,7,5,5,30,14,9,1,5,4,5,13,4,4,9,5,5,2,17,1,32,3,10,3,1,7,13,1,10,1,13,,44,,1,21,121.5565732,25.0265328
113,1,12,12,15,2,04大安區,大安區新生南路3段21號,0,0,1,1,C03,8,6,5,50,14,9,1,5,4,5,13,4,4,10,5,5,2,17,2,42,2,9,6,1,7,7,1,10,1,14,,100,,1,21,121.5348459,25.0250854
113,1,12,12,15,2,04大安區,大安區新生南路3段21號,0,0,1,2,B03,8,6,5,50,14,9,1,5,4,5,13,4,4,10,5,5,2,17,2,53,3,10,7,1,7,9,1,8,1,2,,44,,1,21,121.5348459,25.0250854
113,1,12,12,15,2,04大安區,大安區新生南路3段21號,0,0,1,3,A02,8,6,5,50,14,9,1,5,4,5,13,4,4,10,5,5,2,17,1,54,3,10,7,1,7,14,1,2,1,3,,44,,1,21,121.5348459,25.0250854
113,1,12,12,30,2,08士林區,士林區百齡橋往西(010桿),0,0,3,1,C03,8,5,8,50,14,11,1,5,4,5,13,4,4,1,2,4,1,13,2,52,2,9,5,1,7,9,1,10,1,15,,108,,1,21,121.513513,25.08915627
113,1,12,12,30,2,08士林區,士林區百齡橋往西(010桿),0,0,3,2,C03,8,5,8,50,14,11,1,5,4,5,13,4,4,1,2,4,1,13,2,28,2,9,5,1,7,9,1,10,1,11,,44,,1,21,121.513513,25.08915627
113,1,12,12,30,2,08士林區,士林區百齡橋往西(010桿),0,0,3,3,F01,8,5,8,50,14,11,1,5,4,5,13,4,4,1,2,4,1,13,2,53,2,9,4,1,7,9,8,20,1,13,,44,,1,21,121.513513,25.08915627
113,1,12,12,36,2,10文山區,文山區辛亥路4段與萬美街2段口口,0,0,1,1,C03,8,6,5,50,3,1,1,5,4,5,13,2,1,1,4,5,2,13,1,27,2,7,6,1,7,9,1,10,1,11,,108,,1,21,121.5579747,25.0059918
113,1,12,12,36,2,10文山區,文山區辛亥路4段與萬美街2段口口,0,0,1,2,C03,8,6,5,50,3,1,1,5,4,5,13,2,1,1,4,5,2,13,1,28,3,10,6,1,7,9,1,10,1,13,,44,,1,21,121.5579747,25.0059918
113,1,12,12,48,2,01大同區,大同區市民大道1段209號與無名巷口,0,0,1,1,B01,8,6,5,40,3,2,1,5,4,5,13,4,4,1,4,5,2,12,1,62,3,10,7,4,7,11,1,4,1,2,,72,,1,21,121.5181894,25.04842
113,1,12,12,48,2,01大同區,大同區市民大道1段209號與無名巷口,0,0,1,2,C03,8,6,5,40,3,2,1,5,4,5,13,4,4,1,4,5,2,12,1,18,2,9,5,4,7,9,1,10,1,14,,13,,1,21,121.5181894,25.04842
113,1,12,12,55,2,03中山區,中山區農安街與民權東路2段135巷口,0,0,2,1,C03,8,6,5,50,4,2,1,5,4,5,13,1,1,5,5,5,2,17,2,23,2,9,5,1,7,9,1,10,1,12,,4,,1,21,121.5350319,25.06471204
113,1,12,12,55,2,03中山區,中山區農安街與民權東路2段135巷口,0,0,2,2,B02,8,6,5,50,4,2,1,5,4,5,13,1,1,5,5,5,2,17,1,33,3,10,7,1,7,5,1,8,1,4,,44,,1,21,121.5350319,25.06471204
113,1,12,12,55,2,03中山區,中山區農安街與民權東路2段135巷口,0,0,2,3,H02,8,6,5,50,4,2,1,5,4,5,13,1,1,5,5,5,2,17,2,49,2,8,5,5,7,20,8,20,10,16,,67,,1,21,121.5350319,25.06471204
113,1,12,12,55,2,08士林區,士林區至善路1段與福林路口,0,0,1,1,B03,8,6,5,50,3,2,1,5,4,5,13,1,1,1,4,5,1,17,2,49,3,10,7,1,7,5,1,8,2,2,,17,,1,21,121.5358564,25.0989444
113,1,12,12,55,2,08士林區,士林區至善路1段與福林路口,0,0,1,2,C03,8,6,5,50,3,2,1,5,4,5,13,1,1,1,4,5,1,17,1,72,2,9,5,1,7,5,1,10,2,14,,17,,1,21,121.5358564,25.0989444
113,1,12,13,13,2,07信義區,信義區吳興街247號,0,0,2,1,H01,8,6,5,50,14,9,1,5,4,4,13,4,4,8,5,5,2,3,2,45,2,9,4,5,8,16,8,20,10,16,,121,,1,21,121.56347,25.0273116
113,1,12,13,13,2,07信義區,信義區吳興街247號,0,0,2,2,C03,8,6,5,50,14,9,1,5,4,4,13,4,4,8,5,5,2,3,1,38,2,8,5,1,7,4,6,18,2,11,14,108,,1,21,121.56347,25.0273116
113,1,12,13,20,2,05中正區,中正區中山北路1段與市民大道1段口,0,0,1,1,C03,8,6,5,50,4,1,1,5,4,5,13,1,1,1,4,5,2,12,2,23,2,8,6,1,7,8,1,10,2,12,,100,,1,21,121.5207821,25.0479567
113,1,12,13,20,2,05中正區,中正區中山北路1段與市民大道1段口,0,0,1,2,C03,8,6,5,50,4,1,1,5,4,5,13,1,1,1,4,5,2,12,1,38,3,10,6,1,7,15,1,9,2,13,,100,,1,21,121.5207821,25.0479567
113,1,12,13,20,2,05中正區,中正區中山北路1段與市民大道1段口,0,0,1,3,C03,8,6,5,50,4,1,1,5,4,5,13,1,1,1,4,5,2,12,1,23,3,10,6,1,7,15,1,10,2,11,,44,,1,21,121.5207821,25.0479567
113,1,12,13,25,2,03中山區,中山區民權東路1段與民權東路1段71巷口,0,0,1,1,B01,8,7,5,50,3,1,1,5,4,5,13,4,4,1,4,5,2,16,2,53,3,10,7,1,7,6,1,4,1,5,,9,,1,21,121.5271437,25.062894
113,1,12,13,25,2,03中山區,中山區民權東路1段與民權東路1段71巷口,0,0,1,2,C03,8,7,5,50,3,1,1,5,4,5,13,4,4,1,4,5,2,16,1,23,2,4,6,1,7,9,1,10,1,14,,14,,1,21,121.5271437,25.062894