發生年度,發生月,發生日,發生時-Hours,發生分,處理別-編號,區序,肇事地點,死亡人數,2-30日死亡人數,受傷人數,當事人序號,車種,天候,道路照明設備,道路類別,速限-速度限制,道路型態,事故位置,路面狀況1,路面狀況2,路面狀況3,道路障礙1,道路障礙2,號誌1,號誌2,車道劃分-分向,車道劃分-分道1,車道劃分-分道2,車道劃分-分道3,事故類型及型態,性別,年齡,受傷程度,主要傷處,保護裝置,行動電話,車輛用途,當事者行動狀態,駕駛資格情形,駕駛執照種類,飲酒情形,車輛撞擊部位1,車輛撞擊部位2,肇因碼-個別,肇因碼-主要,個人肇逃否,職業,座標-X,座標-Y
113,1,12,13,38,2,09北投區,北投區承德路7段與大業路口,0,0,1,1,C03,8,6,5,50,14,9,1,5,4,5,13,1,1,9,4,4,1,16,1,45,2,9,5,1,7,5,1,10,1,14,,85,,1,21,121.4994951,25.12101029
113,1,12,13,38,2,09北投區,北投區承德路7段與大業路口,0,0,1,2,B03,8,6,5,50,14,9,1,5,4,5,13,1,1,9,4,4,1,16,2,43,3,10,7,1,7,9,1,8,1,5,,44,,1,21,121.4994951,25.12101029
113,1,12,13,48,2,05中正區,中正區南昌路1段與南海路口,0,0,1,1,B03,8,6,6,30,4,1,2,5,4,5,13,1,1,10,4,5,2,17,1,28,3,10,7,1,7,6,1,8,2,6,,9,,1,21,121.516308,25.03241701
113,1,12,13,48,2,05中正區,中正區南昌路1段與南海路口,0,0,1,2,C03,8,6,6,30,4,1,2,5,4,5,13,1,1,10,4,5,2,17,1,36,2,8,5,1,7,9,1,9,2,11,,44,,1,21,121.516308,25.03241701
113,1,12,14,17,2,04大安區,大安區忠孝東路4段216巷51號前,0,0,2,1,C03,8,7,5,30,14,9,1,5,4,5,13,4,4,4,1,5,1,12,1,31,2,8,5,1,7,12,1,10,1,12,,108,,1,21,121.5529875,25.03884894
113,1,12,14,17,2,04大安區,大安區忠孝東路4段216巷51號前,0,0,2,2,C03,8,7,5,30,14,9,1,5,4,5,13,4,4,4,1,5,1,12,1,33,2,9,5,1,7,12,1,10,1,13,,44,,1,21,121.5529875,25.03884894
113,1,12,14,20,2,12內湖區,內湖區瑞光路66巷37號,0,0,1,1,B03,8,5,5,50,14,9,1,5,4,5,13,4,4,7,5,5,2,16,1,64,3,10,7,1,7,1,1,8,1,1,,19,,1,21,121.5813111,25.06958796
113,1,12,14,20,2,12內湖區,內湖區瑞光路66巷37號,0,0,1,2,C03,8,5,5,50,14,9,1,5,4,5,13,4,4,7,5,5,2,16,1,30,2,8,6,1,7,9,1,10,1,11,,44,,1,21,121.5813111,25.06958796
113,1,12,14,28,2,10文山區,文山區木新路1段與開元街口,0,0,1,1,B03,8,7,5,50,14,9,1,5,4,5,11,4,4,5,4,5,2,12,1,69,3,10,7,1,7,9,1,8,1,5,,42,,1,21,121.5706276,24.9891479
113,1,12,14,28,2,10文山區,文山區木新路1段與開元街口,0,0,1,2,C03,8,7,5,50,14,9,1,5,4,5,11,4,4,5,4,5,2,12,1,53,2,5,5,1,7,15,1,10,1,14,,118,,1,21,121.5706276,24.9891479
113,1,12,14,36,2,03中山區,中山區濱江街142號,0,0,1,1,C02,8,7,5,50,14,9,1,5,4,5,13,1,1,1,4,5,2,13,1,46,2,9,5,1,7,9,1,9,1,11,,108,,1,22,121.5365128,25.07250287
113,1,12,14,36,2,03中山區,中山區濱江街142號,0,0,1,2,B03,8,7,5,50,14,9,1,5,4,5,13,1,1,1,4,5,2,13,2,53,3,10,7,1,7,14,1,8,1,3,,44,,1,22,121.5365128,25.07250287
113,1,12,14,41,2,07信義區,信義區吳興街156巷與吳興街156巷7弄口,0,0,1,1,C03,8,7,5,30,4,2,1,5,4,5,13,4,4,9,5,5,2,16,1,40,2,7,5,1,7,9,1,10,1,11,,16,,1,21,121.5614095,25.0289478
113,1,12,14,41,2,07信義區,信義區吳興街156巷與吳興街156巷7弄口,0,0,1,2,B12,8,7,5,30,4,2,1,5,4,5,13,4,4,9,5,5,2,16,1,48,3,10,3,4,7,6,1,8,1,2,,44,,1,21,121.5614095,25.0289478
113,1,12,14,43,2,03中山區,中山區民權東路1段12巷與民權東路1段口,0,0,3,1,C03,7,7,5,50,4,2,1,5,4,5,13,4,4,1,3,4,1,16,1,69,2,9,6,1,7,6,1,10,1,14,,9,,1,21,121.5236313,25.06274245
113,1,12,14,43,2,03中山區,中山區民權東路1段12巷與民權東路1段口,0,0,3,2,C03,7,7,5,50,4,2,1,5,4,5,13,4,4,1,3,4,1,16,1,26,2,9,5,1,7,6,1,10,1,12,,44,,1,21,121.5236313,25.06274245
113,1,12,14,43,2,03中山區,中山區民權東路1段12巷與民權東路1段口,0,0,3,3,H02,7,7,5,50,4,2,1,5,4,5,13,4,4,1,3,4,1,16,2,66,2,8,5,5,7,17,8,20,10,16,,67,,1,21,121.5236313,25.06274245
113,1,12,14,44,2,06松山區,松山區撫遠街391號,0,0,2,1,B03,8,5,5,50,14,9,1,5,4,5,13,4,4,3,4,5,2,3,2,39,3,10,3,4,7,9,1,8,2,5,,70,,1,22,121.565714,25.06495039
113,1,12,14,44,2,06松山區,松山區撫遠街391號,0,0,2,2,H01,8,5,5,50,14,9,1,5,4,5,13,4,4,3,4,5,2,3,2,52,2,9,4,5,8,16,8,20,10,16,,67,,1,22,121.565714,25.06495039
113,1,12,14,44,2,06松山區,松山區撫遠街391號,0,0,2,3,H01,8,5,5,50,14,9,1,5,4,5,13,4,4,3,4,5,2,3,1,15,2,9,4,5,8,16,8,20,10,16,,67,,1,22,121.565714,25.06495039
113,1,12,14,52,2,09北投區,北投區公館路與公館路209巷口,0,0,1,1,B02,8,6,5,30,4,18,1,5,4,5,13,1,1,10,5,5,2,2,1,65,3,10,7,1,7,5,1,5,2,1,,70,,1,21,121.5078413,25.1275879
113,1,12,14,52,2,09北投區,北投區公館路與公館路209巷口,0,0,1,2,H01,8,6,5,30,4,18,1,5,4,5,13,1,1,10,5,5,2,2,1,74,2,9,4,5,8,16,8,20,10,16,,67,,1,21,121.5078413,25.1275879
113,1,12,15,0,2,04大安區,大安區延吉街與延吉街137巷口,0,0,1,1,B03,8,6,5,50,3,1,1,5,4,5,13,4,4,9,4,5,1,16,1,23,3,10,3,4,7,5,1,8,1,4,,80,,1,21,121.5543148,25.0420581
113,1,12,15,0,2,04大安區,大安區延吉街與延吉街137巷口,0,0,1,2,C03,8,6,5,50,3,1,1,5,4,5,13,4,4,9,4,5,1,16,2,21,2,8,6,1,7,9,1,10,1,12,,14,,1,21,121.5543148,25.0420581
113,1,12,15,28,2,12內湖區,內湖區瑞光路258巷51號,0,0,1,1,B03,8,6,5,50,14,9,1,5,4,3,10,4,4,9,4,5,1,17,1,38,3,10,7,1,7,2,1,8,1,7,,12,,1,21,121.5747393,25.07470448
113,1,12,15,28,2,12內湖區,內湖區瑞光路258巷51號,0,0,1,2,C03,8,6,5,50,14,9,1,5,4,3,10,4,4,9,4,5,1,17,2,21,2,9,5,1,7,9,1,10,1,11,,44,,1,21,121.5747393,25.07470448
113,1,12,15,35,2,12內湖區,內湖區大湖街158巷與成功路4段323巷14弄口,0,0,1,1,B03,8,6,5,30,3,2,1,5,4,3,10,4,4,5,5,5,2,17,1,36,3,10,7,1,7,5,1,8,1,1,,80,,1,21,121.6002709,25.08432853
113,1,12,15,35,2,12內湖區,內湖區大湖街158巷與成功路4段323巷14弄口,0,0,1,2,C03,8,6,5,30,3,2,1,5,4,3,10,4,4,5,5,5,2,17,1,20,2,8,6,1,7,9,1,10,1,11,,44,,1,21,121.6002709,25.08432853
113,1,12,15,35,2,12內湖區,內湖區大湖街158巷與成功路4段323巷14弄口,0,0,1,3,B03,8,6,5,30,3,2,1,5,4,3,10,4,4,5,5,5,2,17,1,56,3,10,3,1,7,13,1,8,9,17,,44,,1,21,121.6002709,25.08432853
113,1,12,15,40,2,03中山區,中山區濱江街與濱江街301巷口,0,0,1,1,B12,8,6,5,50,3,1,1,5,4,5,13,4,4,1,5,5,1,16,1,57,3,10,3,4,7,6,1,8,1,2,,9,,1,21,121.5456947,25.0724712
113,1,12,15,40,2,03中山區,中山區濱江街與濱江街301巷口,0,0,1,2,C03,8,6,5,50,3,1,1,5,4,5,13,4,4,1,5,5,1,16,1,20,2,9,3,4,7,9,1,10,1,14,,108,,1,21,121.5456947,25.0724712
113,1,12,15,40,2,03中山區,中山區濱江街與濱江街301巷口,0,0,1,3,B03,8,6,5,50,3,1,1,5,4,5,13,4,4,1,5,5,1,16,1,59,3,10,3,4,7,13,1,8,1,8,,44,,1,21,121.5456947,25.0724712
113,1,12,15,40,2,07信義區,信義區忠孝東路5段790巷與忠孝東路5段790巷22弄口,0,0,2,1,C03,7,5,8,30,4,1,1,5,4,5,13,4,4,10,5,5,2,9,1,20,2,9,6,1,7,9,1,10,1,11,,108,,1,21,121.5823959,25.0426593
113,1,12,15,40,2,07信義區,信義區忠孝東路5段790巷與忠孝東路5段790巷22弄口,0,0,2,2,H01,7,5,8,30,4,1,1,5,4,5,13,4,4,10,5,5,2,9,1,45,2,9,4,5,8,16,8,20,10,16,,67,,1,21,121.5823959,25.0426593
113,1,12,15,50,2,06松山區,松山區民權東路4段121號,0,0,2,1,C03,8,5,5,50,14,7,1,5,4,5,13,1,1,1,3,4,2,13,1,26,2,9,5,1,7,9,1,10,1,11,,16,,1,22,121.5593086,25.0624212
113,1,12,15,50,2,06松山區,松山區民權東路4段121號,0,0,2,2,C03,8,5,5,50,14,7,1,5,4,5,13,1,1,1,3,4,2,13,1,48,2,9,5,1,7,14,1,9,1,13,,44,,1,22,121.5593086,25.0624212
113,1,12,15,55,2,04大安區,大安區和平東路1段23號前,0,0,1,1,C03,8,7,5,0,14,9,1,5,4,5,13,4,4,8,3,5,1,17,2,38,4,11,5,1,7,8,7,19,10,15,,100,,2,22,121.5215271,25.02781936
113,1,12,15,55,2,04大安區,大安區和平東路1段23號前,0,0,1,2,C03,8,7,5,0,14,9,1,5,4,5,13,4,4,8,3,5,1,17,1,26,2,9,5,1,7,12,1,10,1,12,,119,,1,26,121.5215271,25.02781936
113,1,12,16,7,2,08士林區,士林區中山北路5段北向南,0,0,1,1,C03,8,6,5,50,14,9,1,5,4,5,13,4,4,10,5,5,1,16,2,21,2,9,5,1,7,8,1,10,1,12,,100,,1,21,121.5268294,25.0876603
113,1,12,16,7,2,08士林區,士林區中山北路5段北向南,0,0,1,2,C03,8,6,5,50,14,9,1,5,4,5,13,4,4,10,5,5,1,16,1,60,3,10,5,1,7,9,1,10,1,14,,108,,1,21,121.5268294,25.0876603
113,1,12,16,11,2,08士林區,士林區延平北路7段106巷325號,0,0,1,1,C03,8,5,5,30,14,9,1,5,4,5,13,4,4,10,5,5,1,11,1,21,3,10,6,1,7,9,1,10,1,14,,17,,1,25,121.4959687,25.10398
113,1,12,16,11,2,08士林區,士林區延平北路7段106巷325號,0,0,1,2,B03,8,5,5,30,14,9,1,5,4,5,13,4,4,10,5,5,1,11,2,54,3,10,7,1,7,9,1,8,1,4,,44,,1,21,121.4959687,25.10398
113,1,12,16,11,2,08士林區,士林區延平北路7段106巷325號,0,0,1,3,H02,8,5,5,30,14,9,1,5,4,5,13,4,4,10,5,5,1,11,2,21,2,8,6,5,7,20,8,20,10,16,,67,,1,25,121.4959687,25.10398
113,1,12,16,13,2,09北投區,北投區實踐街與實踐街6巷口,0,0,1,1,B01,8,6,5,30,14,9,1,5,4,5,13,4,4,9,4,5,2,17,1,46,3,10,7,1,7,9,1,8,1,8,,80,,1,21,121.5076194,25.11473139
113,1,12,16,13,2,09北投區,北投區實踐街與實踐街6巷口,0,0,1,2,C03,8,6,5,30,14,9,1,5,4,5,13,4,4,9,4,5,2,17,1,71,2,8,5,1,7,9,1,10,1,12,,14,,1,21,121.5076194,25.11473139
113,1,12,16,27,2,03中山區,中山區民生東路1段與林森北路口,0,0,2,1,B03,8,7,5,50,4,1,1,5,4,5,13,1,1,5,4,5,2,16,2,37,3,10,7,1,7,5,1,8,1,2,,74,,1,22,121.5255708,25.0580632
113,1,12,16,27,2,03中山區,中山區民生東路1段與林森北路口,0,0,2,2,C03,8,7,5,50,4,1,1,5,4,5,13,1,1,5,4,5,2,16,1,40,2,9,5,1,7,9,1,10,1,11,,44,,1,22,121.5255708,25.0580632
113,1,12,16,27,2,03中山區,中山區民生東路1段與林森北路口,0,0,2,3,H02,8,7,5,50,4,1,1,5,4,5,13,1,1,5,4,5,2,16,2,41,2,9,5,5,7,17,8,20,10,16,,67,,1,22,121.5255708,25.0580632
113,1,12,16,33,2,06松山區,松山區復興北路與民權東路3段口,0,0,1,1,B01,8,5,5,50,4,1,1,5,4,4,13,2,1,3,4,5,2,17,1,45,3,10,3,4,7,8,1,4,1,8,,44,,1,22,121.5443337,25.06226109
113,1,12,16,33,2,06松山區,松山區復興北路與民權東路3段口,0,0,1,2,C03,8,5,5,50,4,1,1,5,4,4,13,2,1,3,4,5,2,17,1,18,2,9,6,4,7,9,1,10,1,11,,107,,1,22,121.5443337,25.06226109
113,1,12,16,47,2,07信義區,信義區基隆路1段與基隆路1段102巷口,0,0,1,1,B03,7,5,5,50,3,2,1,5,4,5,13,4,4,10,4,5,1,16,1,28,3,10,7,1,7,6,5,8,2,2,,9,,1,21,121.566806,25.0453479
113,1,12,16,47,2,07信義區,信義區基隆路1段與基隆路1段102巷口,0,0,1,2,C03,7,5,5,50,3,2,1,5,4,5,13,4,4,10,4,5,1,16,1,25,2,9,6,1,7,9,1,10,2,14,,14,,1,21,121.566806,25.0453479
113,1,12,17,2,2,05中正區,中正區中華路2段與愛國西路口,0,0,1,1,B03,8,6,5,50,5,1,1,5,4,5,13,1,1,1,4,5,2,17,1,27,3,10,7,1,7,6,1,8,2,2,,9,,1,21,121.5069025,25.03703804
113,1,12,17,2,2,05中正區,中正區中華路2段與愛國西路口,0,0,1,2,C03,8,6,5,50,5,1,1,5,4,5,13,1,1,1,4,5,2,17,1,26,2,7,5,1,7,10,1,10,2,11,,100,,1,21,121.5069025,25.03703804
113,1,12,17,2,2,07信義區,信義區虎林街232巷64號,0,0,1,1,C03,8,7,5,30,14,9,1,5,4,5,13,4,4,10,5,5,2,16,1,56,2,9,5,1,7,1,1,10,2,11,,19,,1,21,121.5759305,25.03579322
113,1,12,17,2,2,07信義區,信義區虎林街232巷64號,0,0,1,2,B03,8,7,5,30,14,9,1,5,4,5,13,4,4,10,5,5,2,16,1,58,3,10,3,4,7,9,1,8,2,8,,44,,1,21,121.5759305,25.03579322
113,1,12,17,2,2,07信義區,信義區虎林街232巷64號,0,0,1,3,C03,8,7,5,30,14,9,1,5,4,5,13,4,4,10,5,5,2,16,1,54,3,10,3,4,7,13,1,10,9,13,,44,,1,21,121.5759305,25.03579322
113,1,12,17,5,2,12內湖區,內湖區金湖路347巷與金湖路326巷口,0,0,1,1,B03,8,7,8,30,4,2,1,5,4,5,13,1,1,1,5,4,2,16,2,62,3,10,2,1,7,6,1,8,2,8,,80,,1,21,121.6018534,25.07419139
113,1,12,17,5,2,12內湖區,內湖區金湖路347巷與金湖路326巷口,0,0,1,2,C03,8,7,8,30,4,2,1,5,4,5,13,1,1,1,5,4,2,16,2,65,2,9,5,1,7,5,1,10,2,12,,44,,1,21,121.6018534,25.07419139
113,1,12,17,10,2,12內湖區,內湖區舊宗路1段86號附近側附近,0,0,2,1,B12,8,5,5,50,14,9,1,5,4,5,13,4,4,9,4,4,2,13,1,62,3,10,7,1,7,9,1,8,1,1,,108,,1,21,121.5796199,25.05963975
113,1,12,17,10,2,12內湖區,內湖區舊宗路1段86號附近側附近,0,0,2,2,B03,8,5,5,50,14,9,1,5,4,5,13,4,4,9,4,4,2,13,1,71,3,10,7,1,7,14,1,8,1,3,,44,,1,21,121.5796199,25.05963975
113,1,12,17,10,2,12內湖區,內湖區舊宗路1段86號附近側附近,0,0,2,3,H02,8,5,5,50,14,9,1,5,4,5,13,4,4,9,4,4,2,13,2,55,2,1,7,5,7,20,8,20,10,17,,67,,1,21,121.5796199,25.05963975
113,1,12,17,10,2,12內湖區,內湖區舊宗路1段86號附近側附近,0,0,2,4,H02,8,5,5,50,14,9,1,5,4,5,13,4,4,9,4,4,2,13,2,74,2,2,7,5,7,20,8,20,10,17,,67,,1,21,121.5796199,25.05963975
113,1,12,17,31,2,07信義區,信義區信義路5段150巷401弄與松仁路275巷口口,0,0,2,1,C03,8,5,5,30,3,1,1,5,4,5,13,4,4,10,5,5,1,16,1,41,2,7,3,4,7,5,1,10,1,11,,74,,1,22,121.5702128,25.02519352
113,1,12,17,31,2,07信義區,信義區信義路5段150巷401弄與松仁路275巷口口,0,0,2,2,C03,8,5,5,30,3,1,1,5,4,5,13,4,4,10,5,5,1,16,1,54,2,8,3,4,7,9,1,10,1,11,,14,,1,22,121.5702128,25.02519352
113,1,12,17,57,2,06松山區,松山區南京東路5段225號,0,0,1,1,C03,8,5,5,50,14,9,1,5,4,5,13,2,1,3,4,5,2,17,1,50,3,10,6,4,7,8,1,10,1,12,,100,,1,22,121.5644108,25.05146627
113,1,12,17,57,2,06松山區,松山區南京東路5段225號,0,0,1,2,C03,8,5,5,50,14,9,1,5,4,5,13,2,1,3,4,5,2,17,1,35,2,8,6,4,7,9,1,10,1,11,,116,,1,22,121.5644108,25.05146627
113,1,12,17,57,2,06松山區,松山區南京東路5段225號,0,0,1,3,B03,8,5,5,50,14,9,1,5,4,5,13,2,1,3,4,5,2,17,2,56,3,10,3,4,7,14,1,8,1,6,,44,,1,22,121.5644108,25.05146627
113,1,12,18,0,2,05中正區,中正區北平東路與林森北路口口,0,0,2,2,C03,8,5,5,50,4,1,1,5,4,5,13,2,1,9,4,4,1,16,1,24,2,9,5,1,7,9,1,10,2,11,,44,,1,21,121.523849,25.0462784
113,1,12,18,0,2,05中正區,中正區北平東路與林森北路口口,0,0,2,1,B12,8,5,5,50,4,1,1,5,4,5,13,2,1,9,4,4,1,16,1,59,3,10,7,1,7,5,1,8,2,5,,74,,1,21,121.523849,25.0462784
113,1,12,18,0,2,05中正區,中正區北平東路與林森北路口口,0,0,2,3,C03,8,5,5,50,4,1,1,5,4,5,13,2,1,9,4,4,1,16,1,28,2,8,6,1,7,14,1,10,2,14,,44,,1,21,121.523849,25.0462784
113,1,12,18,4,2,08士林區,士林區中山北路6段與中山北路6段450巷口,0,0,1,1,B03,8,5,5,50,4,1,1,5,4,5,13,1,1,1,4,5,2,16,2,46,3,10,7,1,7,11,1,8,2,8,,71,,1,21,121.5274659,25.1144177
113,1,12,18,4,2,08士林區,士林區中山北路6段與中山北路6段450巷口,0,0,1,2,C03,8,5,5,50,4,1,1,5,4,5,13,1,1,1,4,5,2,16,1,22,2,9,6,1,7,9,1,10,2,11,,14,,1,21,121.5274659,25.1144177
113,1,12,18,19,2,03中山區,中山區中山北路3段與農安街口,0,0,1,2,C03,8,5,5,50,4,1,1,5,4,5,13,2,1,1,5,1,2,16,1,24,2,8,3,4,7,9,1,10,2,14,,44,,1,21,121.5222664,25.0648661
113,1,12,18,19,2,03中山區,中山區中山北路3段與農安街口,0,0,1,1,B01,8,5,5,50,4,1,1,5,4,5,13,2,1,1,5,1,2,16,1,47,3,10,3,4,7,6,1,4,2,8,,4,,1,21,121.5222664,25.0648661
113,1,12,18,23,2,08士林區,士林區延平北路6段與延平北路6段116巷口,0,0,2,1,C03,8,5,5,50,4,1,1,5,4,5,13,4,4,5,5,5,2,17,2,29,2,9,6,1,7,15,1,10,2,12,,4,,1,21,121.507973,25.089099
113,1,12,18,23,2,08士林區,士林區延平北路6段與延平北路6段116巷口,0,0,2,2,C03,8,5,5,50,4,1,1,5,4,5,13,4,4,5,5,5,2,17,1,31,2,9,6,1,7,9,1,10,2,14,,44,,1,23,121.507973,25.089099
113,1,12,18,27,2,08士林區,士林區通河街與通河街2巷口,0,0,1,1,C03,8,5,5,50,4,1,1,5,4,5,13,3,1,9,5,5,2,13,2,53,3,10,6,1,7,9,1,10,1,11,,108,,1,21,121.5236815,25.07988615
113,1,12,18,27,2,08士林區,士林區通河街與通河街2巷口,0,0,1,2,C03,8,5,5,50,4,1,1,5,4,5,13,3,1,9,5,5,2,13,2,32,2,4,6,1,7,14,1,10,1,13,,44,,1,21,121.5236815,25.07988615
113,1,12,18,28,2,05中正區,中正區寧波東街與寧波東街9巷口,0,0,1,1,B03,8,5,5,30,3,2,1,5,4,5,13,4,4,10,5,5,1,17,2,63,3,10,7,1,7,2,1,8,2,3,,12,,1,21,121.5201107,25.0326553
113,1,12,18,28,2,05中正區,中正區寧波東街與寧波東街9巷口,0,0,1,2,C03,8,5,5,30,3,2,1,5,4,5,13,4,4,10,5,5,1,17,2,26,2,9,5,1,7,14,1,10,2,12,,44,,1,21,121.5201107,25.0326553
113,1,12,18,40,2,03中山區,中山區龍江路281巷與龍江路口,0,0,1,1,F01,8,5,6,50,4,1,1,5,4,5,13,4,4,9,4,5,2,17,1,13,2,9,4,1,7,9,8,20,1,12,,4,,1,21,121.5407086,25.059737
113,1,12,18,40,2,03中山區,中山區龍江路281巷與龍江路口,0,0,1,2,B03,8,5,6,50,4,1,1,5,4,5,13,4,4,9,4,5,2,17,1,21,3,10,7,1,7,9,1,8,1,1,,44,,1,21,121.5407086,25.059737
113,1,12,18,45,2,10文山區,文山區木新路2段158巷與木新路2段口,0,0,2,1,C03,8,5,5,30,4,1,1,5,4,5,13,2,1,10,5,5,1,17,1,26,3,10,5,1,7,5,1,10,1,13,,71,,1,21,121.568751,24.9839936
113,1,12,18,45,2,10文山區,文山區木新路2段158巷與木新路2段口,0,0,2,2,C03,8,5,5,30,4,1,1,5,4,5,13,2,1,10,5,5,1,17,2,43,2,9,6,1,7,9,1,10,1,11,,108,,1,21,121.568751,24.9839936
113,1,12,18,45,2,10文山區,文山區木新路2段158巷與木新路2段口,0,0,2,3,H02,8,5,5,30,4,1,1,5,4,5,13,2,1,10,5,5,1,17,2,11,2,9,5,5,7,21,8,20,10,16,,67,,1,21,121.568751,24.9839936
113,1,12,18,58,2,12內湖區,內湖區內湖路2段179巷242號,0,0,1,1,C03,8,5,6,50,14,9,1,5,4,5,13,3,1,8,3,5,1,12,1,50,2,7,6,1,7,9,1,10,2,11,,16,,1,21,121.5842006,25.08444692
113,1,12,18,58,2,12內湖區,內湖區內湖路2段179巷242號,0,0,1,2,C03,8,5,6,50,14,9,1,5,4,5,13,3,1,8,3,5,1,12,1,25,3,10,6,1,7,9,1,10,2,13,,44,,1,21,121.5842006,25.08444692
113,1,12,18,58,2,12內湖區,內湖區內湖路2段179巷242號,0,0,1,3,C03,8,5,6,50,14,9,1,5,4,5,13,3,1,8,3,5,1,12,1,24,3,10,6,1,7,9,1,10,2,17,,60,,1,21,121.5842006,25.08444692
113,1,12,18,58,2,12內湖區,內湖區內湖路2段179巷242號,0,0,1,4,H02,8,5,6,50,14,9,1,5,4,5,13,3,1,8,3,5,1,12,2,25,3,10,6,5,7,20,8,20,10,16,,60,,1,21,121.5842006,25.08444692
113,1,12,19,3,2,01大同區,大同區西寧北路與迪化街1段32巷口,0,0,2,1,C03,8,5,5,50,3,19,1,5,4,5,13,4,4,5,5,5,2,3,1,46,2,9,6,1,7,9,1,10,9,11,,70,,1,21,121.5087912,25.05449504
113,1,12,19,3,2,01大同區,大同區西寧北路與迪化街1段32巷口,0,0,2,2,H01,8,5,5,50,3,19,1,5,4,5,13,4,4,5,5,5,2,3,2,71,2,9,4,5,8,16,8,20,10,16,,121,,1,21,121.5087912,25.05449504
113,1,12,19,13,2,08士林區,士林區士東路與德行東路331巷口,0,0,1,1,C03,8,5,5,50,3,1,1,5,4,5,13,4,4,1,3,5,1,13,2,44,3,10,5,1,7,11,1,10,2,13,,118,,1,21,121.5379506,25.1136477
113,1,12,19,13,2,08士林區,士林區士東路與德行東路331巷口,0,0,1,2,C03,8,5,5,50,3,1,1,5,4,5,13,4,4,1,3,5,1,13,2,21,2,8,5,1,7,9,1,10,2,11,,118,,1,21,121.5379506,25.1136477
113,1,12,19,21,2,01大同區,大同區承德橋與敦煌路口,0,0,2,1,C03,8,5,5,50,4,2,1,5,4,5,13,1,1,1,4,5,2,17,1,39,2,9,3,4,7,6,1,10,2,11,,85,,1,21,121.5200637,25.0753165
113,1,12,19,21,2,01大同區,大同區承德橋與敦煌路口,0,0,2,2,C03,8,5,5,50,4,2,1,5,4,5,13,1,1,1,4,5,2,17,1,41,2,7,3,4,7,9,1,10,2,11,,44,,1,21,121.5200637,25.0753165
113,1,12,19,26,2,10文山區,文山區羅斯福路6段222巷與景福街口,0,0,1,1,B03,8,5,5,30,4,1,1,5,4,5,13,4,4,10,5,5,2,3,1,54,3,10,3,1,7,,7,19,11,1,,70,,2,21,121.5403315,24.9933544
113,1,12,19,26,2,10文山區,文山區羅斯福路6段222巷與景福街口,0,0,1,2,H01,8,5,5,30,4,1,1,5,4,5,13,4,4,10,5,5,2,3,1,28,2,9,4,5,8,16,8,20,10,16,,67,,1,21,121.5403315,24.9933544
113,1,12,19,48,2,06松山區,松山區塔悠路與無名巷口,0,0,2,1,C03,8,5,5,50,3,2,1,5,4,5,13,1,1,1,4,4,2,11,1,32,2,8,6,1,7,8,1,10,1,12,,100,,1,22,121.5694239,25.0563685
113,1,12,19,48,2,06松山區,松山區塔悠路與無名巷口,0,0,2,2,C03,8,5,5,50,3,2,1,5,4,5,13,1,1,1,4,4,2,11,2,21,2,9,6,1,7,9,1,10,1,11,,44,,1,22,121.5694239,25.0563685
113,1,12,19,50,2,06松山區,松山區八德路4段與松山路口,0,0,1,1,B03,7,5,5,50,4,1,1,5,4,5,13,2,1,1,4,5,2,17,1,58,3,10,7,4,7,2,1,8,9,3,,12,,2,22,121.5778523,25.0499217
113,1,12,19,50,2,06松山區,松山區八德路4段與松山路口,0,0,1,2,C03,7,5,5,50,4,1,1,5,4,5,13,2,1,1,4,5,2,17,2,21,2,8,6,4,7,9,1,10,9,11,,44,,1,21,121.5778523,25.0499217
113,1,12,19,52,2,06松山區,松山區八德路4段與中坡北路口,0,0,1,1,B03,8,5,5,50,14,9,1,5,4,5,13,2,1,1,5,4,2,13,1,49,3,10,7,1,7,9,1,8,1,1,,108,,1,22,121.579599,25.05026149
113,1,12,19,52,2,06松山區,松山區八德路4段與中坡北路口,0,0,1,2,C03,8,5,5,50,14,9,1,5,4,5,13,2,1,1,5,4,2,13,1,34,2,8,6,1,7,9,1,10,1,13,,44,,1,22,121.579599,25.05026149
113,1,12,20,2,2,01大同區,大同區長安西路與太原路口,0,0,1,1,B12,8,5,4,50,5,2,1,5,4,5,13,4,4,5,5,5,2,12,1,47,4,11,3,4,7,9,6,8,11,2,,17,,2,21,121.5156214,25.05124104
113,1,12,20,2,2,01大同區,大同區長安西路與太原路口,0,0,1,2,C03,8,5,4,50,5,2,1,5,4,5,13,4,4,5,5,5,2,12,2,25,2,9,6,1,7,9,1,10,2,14,,44,,1,21,121.5156214,25.05124104
113,1,12,20,45,2,09北投區,北投區中央北路4段與一德街口,0,0,1,1,B03,8,5,5,50,3,1,1,5,4,5,13,1,1,5,4,5,1,16,1,32,3,10,3,4,7,1,1,8,2,8,,19,,1,21,121.4689592,25.1284286
113,1,12,20,45,2,09北投區,北投區中央北路4段與一德街口,0,0,1,2,C03,8,5,5,50,3,1,1,5,4,5,13,1,1,5,4,5,1,16,1,22,2,9,3,4,7,9,1,10,2,11,,44,,1,21,121.4689592,25.1284286
113,1,12,21,22,2,03中山區,中山區建國北路1段與建國北路1段口迴轉道,0,0,1,1,B03,8,5,5,50,3,2,1,5,4,5,13,2,1,1,4,5,2,3,2,55,3,10,3,4,7,5,1,8,2,8,,70,,1,21,121.5369943,25.0496461