發生年度,發生月,發生日,發生時-Hours,發生分,處理別-編號,區序,肇事地點,死亡人數,2-30日死亡人數,受傷人數,當事人序號,車種,天候,道路照明設備,道路類別,速限-速度限制,道路型態,事故位置,路面狀況1,路面狀況2,路面狀況3,道路障礙1,道路障礙2,號誌1,號誌2,車道劃分-分向,車道劃分-分道1,車道劃分-分道2,車道劃分-分道3,事故類型及型態,性別,年齡,受傷程度,主要傷處,保護裝置,行動電話,車輛用途,當事者行動狀態,駕駛資格情形,駕駛執照種類,飲酒情形,車輛撞擊部位1,車輛撞擊部位2,肇因碼-個別,肇因碼-主要,個人肇逃否,職業,座標-X,座標-Y
113,1,12,21,22,2,03中山區,中山區建國北路1段與建國北路1段口迴轉道,0,0,1,2,H01,8,5,5,50,3,2,1,5,4,5,13,2,1,1,4,5,2,3,2,34,2,9,4,5,8,16,8,20,10,16,,67,,1,21,121.5369943,25.0496461
113,1,12,21,37,2,03中山區,中山區南京東路3段77號,0,0,1,1,C03,7,5,5,40,14,8,1,5,4,5,13,4,4,1,4,4,2,13,2,45,2,9,6,2,7,9,1,10,2,11,,108,,1,21,121.5382035,25.0520939
113,1,12,21,37,2,03中山區,中山區南京東路3段77號,0,0,1,2,B03,7,5,5,40,14,8,1,5,4,5,13,4,4,1,4,4,2,13,1,68,3,10,3,1,7,14,1,8,2,3,,38,,1,21,121.5382035,25.0520939
113,1,12,22,0,2,04大安區,大安區忠孝東路3段211號,0,0,2,1,B03,7,5,5,50,14,9,1,5,4,5,13,4,4,1,4,5,1,13,1,37,3,10,7,1,7,12,1,8,1,7,,44,,1,21,121.5394832,25.0417673
113,1,12,22,0,2,04大安區,大安區忠孝東路3段211號,0,0,2,2,C03,7,5,5,50,14,9,1,5,4,5,13,4,4,1,4,5,1,13,2,30,2,9,5,1,7,9,1,10,1,12,,16,,1,21,121.5394832,25.0417673
113,1,12,22,0,2,04大安區,大安區忠孝東路3段211號,0,0,2,3,H02,7,5,5,50,14,9,1,5,4,5,13,4,4,1,4,5,1,13,2,28,2,8,5,5,7,17,8,20,10,16,,67,,1,21,121.5394832,25.0417673
113,1,12,22,0,2,06松山區,松山區民權大橋西往東第751045號燈桿前,0,0,2,1,C03,8,5,5,30,8,11,1,5,4,5,13,4,4,1,5,5,2,13,1,28,2,8,6,1,7,9,1,10,1,11,,16,,1,22,121.5664716,25.06326766
113,1,12,22,0,2,06松山區,松山區民權大橋西往東第751045號燈桿前,0,0,2,2,C03,8,5,5,30,8,11,1,5,4,5,13,4,4,1,5,5,2,13,2,18,3,10,6,1,7,12,1,10,1,13,,44,,1,22,121.5664716,25.06326766
113,1,12,22,0,2,06松山區,松山區民權大橋西往東第751045號燈桿前,0,0,2,3,H02,8,5,5,30,8,11,1,5,4,5,13,4,4,1,5,5,2,13,2,27,2,8,6,5,7,20,8,20,10,16,,58,,1,22,121.5664716,25.06326766
113,1,12,22,5,2,10文山區,文山區興隆路2段與辛亥路4段口,0,0,1,1,B03,7,5,5,50,4,1,1,5,4,5,13,2,1,1,4,5,2,16,1,44,3,10,7,1,7,5,1,8,11,2,,42,,1,21,121.5546431,25.0006776
113,1,12,22,5,2,10文山區,文山區興隆路2段與辛亥路4段口,0,0,1,2,C03,7,5,5,50,4,1,1,5,4,5,13,2,1,1,4,5,2,16,1,32,2,9,6,1,7,9,1,10,11,11,,42,,1,21,121.5546431,25.0006776
113,1,12,22,16,2,07信義區,信義區忠孝東路4段512號,0,0,1,1,B01,8,5,5,50,14,9,1,5,4,5,13,1,1,1,4,5,2,12,1,51,3,10,3,4,7,8,1,4,1,5,,100,,1,21,121.5624356,25.0411461
113,1,12,22,16,2,07信義區,信義區忠孝東路4段512號,0,0,1,2,C03,8,5,5,50,14,9,1,5,4,5,13,1,1,1,4,5,2,12,1,39,2,9,3,4,7,9,1,10,1,14,,44,,1,21,121.5624356,25.0411461
113,1,12,22,50,2,11南港區,南港區南港路1段與中南街口,0,0,2,1,C03,8,5,5,50,3,2,1,5,4,5,13,1,1,5,4,5,2,13,2,29,2,5,5,1,7,9,1,10,1,11,,16,,1,21,121.615359,25.0552845
113,1,12,22,50,2,11南港區,南港區南港路1段與中南街口,0,0,2,2,C03,8,5,5,50,3,2,1,5,4,5,13,1,1,5,4,5,2,13,1,19,2,8,5,1,7,5,1,10,1,13,,44,,1,21,121.615359,25.0552845
113,1,12,23,9,2,11南港區,南港區南港路1段263號,0,0,1,1,C03,7,5,5,50,14,9,1,5,4,5,13,4,4,9,4,5,2,16,1,63,2,8,6,4,7,11,1,10,1,11,,10,,1,21,121.610402,25.0549573
113,1,12,23,9,2,11南港區,南港區南港路1段263號,0,0,1,2,C03,7,5,5,50,14,9,1,5,4,5,13,4,4,9,4,5,2,16,1,29,3,10,5,4,7,9,1,10,1,11,,44,,1,21,121.610402,25.0549573
113,1,12,23,23,2,02萬華區,萬華區西園路1段與長沙街2段口,0,0,1,1,B03,8,5,5,50,4,1,1,5,4,5,13,2,1,5,5,5,2,16,1,21,3,10,7,4,7,11,1,8,1,8,,10,,1,21,121.5000613,25.04125509
113,1,12,23,23,2,02萬華區,萬華區西園路1段與長沙街2段口,0,0,1,2,C03,8,5,5,50,4,1,1,5,4,5,13,2,1,5,5,5,2,16,1,20,2,7,5,4,7,9,1,10,1,11,,44,,1,21,121.5000613,25.04125509
113,1,13,0,0,2,03中山區,中山區市民大道2段49號,0,0,2,1,C03,7,6,5,40,14,9,1,5,4,5,13,4,4,9,4,5,2,17,1,61,2,9,5,1,7,9,1,10,11,11,,44,,2,21,121.5287705,25.04676636
113,1,13,0,0,2,03中山區,中山區市民大道2段49號,0,0,2,2,C03,7,6,5,40,14,9,1,5,4,5,13,4,4,9,4,5,2,17,2,22,2,9,5,1,7,9,1,10,1,11,,44,,1,21,121.5287705,25.04676636
113,1,13,0,0,2,11南港區,南港區忠孝東路7段與忠孝東路7段口西往東龍巖1號門入口,0,0,1,1,A41,8,5,5,50,14,9,1,5,4,5,13,4,4,5,4,5,2,13,1,52,3,10,7,1,7,13,1,5,1,7,,38,,1,21,121.6084137,25.05218594
113,1,13,0,0,2,11南港區,南港區忠孝東路7段與忠孝東路7段口西往東龍巖1號門入口,0,0,1,2,C03,8,5,5,50,14,9,1,5,4,5,13,4,4,5,4,5,2,13,2,18,2,1,5,1,7,9,1,10,1,11,,108,,1,21,121.6084137,25.05218594
113,1,13,0,50,2,03中山區,中山區長春路124號,0,0,2,1,C03,7,5,5,40,14,8,1,5,4,5,13,4,4,9,4,4,2,16,1,28,2,9,6,1,7,1,1,10,2,13,,19,,1,21,121.530502,25.0548154
113,1,13,0,50,2,03中山區,中山區長春路124號,0,0,2,2,C03,7,5,5,40,14,8,1,5,4,5,13,4,4,9,4,4,2,16,1,27,2,8,6,1,7,9,5,10,2,11,,13,,1,21,121.530502,25.0548154
113,1,13,1,50,2,05中正區,中正區重慶南路3段102號,0,0,2,1,B03,8,5,5,30,14,9,1,5,4,5,13,4,4,3,4,5,2,17,1,40,3,10,7,1,7,7,1,8,2,17,,100,,1,21,121.5164445,25.0252015
113,1,13,1,50,2,05中正區,中正區重慶南路3段102號,0,0,2,2,C03,8,5,5,30,14,9,1,5,4,5,13,4,4,3,4,5,2,17,1,27,3,10,5,1,7,9,1,10,2,17,,44,,1,21,121.5164445,25.0252015
113,1,13,1,50,2,05中正區,中正區重慶南路3段102號,0,0,2,3,C03,8,5,5,30,14,9,1,5,4,5,13,4,4,3,4,5,2,17,1,26,3,10,5,1,7,15,1,10,2,12,,13,,1,21,121.5164445,25.0252015
113,1,13,1,50,2,05中正區,中正區重慶南路3段102號,0,0,2,4,C04,8,5,5,30,14,9,1,5,4,5,13,4,4,3,4,5,2,17,1,26,2,7,5,1,7,9,1,10,2,13,,108,,1,21,121.5164445,25.0252015
113,1,13,1,50,2,05中正區,中正區重慶南路3段102號,0,0,2,5,C03,8,5,5,30,14,9,1,5,4,5,13,4,4,3,4,5,2,17,1,24,2,9,5,1,7,9,1,10,2,11,,108,,1,21,121.5164445,25.0252015
113,1,13,5,45,2,05中正區,中正區寧波西街230號,0,0,2,1,C03,7,5,5,30,14,9,1,5,4,5,13,4,4,10,5,5,2,16,1,73,2,8,6,1,7,11,1,10,2,12,,10,,1,21,121.5108165,25.026746
113,1,13,5,45,2,05中正區,中正區寧波西街230號,0,0,2,2,C03,7,5,5,30,14,9,1,5,4,5,13,4,4,10,5,5,2,16,1,40,2,8,6,1,7,9,1,10,2,11,,13,,1,21,121.5108165,25.026746
113,1,13,5,45,2,05中正區,中正區寧波西街230號,0,0,2,3,H02,7,5,5,30,14,9,1,5,4,5,13,4,4,10,5,5,2,16,2,65,4,11,6,5,7,20,8,20,10,16,,67,,1,21,121.5108165,25.026746
113,1,13,6,18,2,10文山區,文山區木新路3段與樟新街口,0,0,2,1,C03,8,5,5,50,4,1,1,5,4,5,13,2,1,5,4,5,2,3,1,67,2,1,5,1,7,9,1,10,9,11,,81,,2,21,121.5549293,24.98022527
113,1,13,6,18,2,10文山區,文山區木新路3段與樟新街口,0,0,2,2,H01,8,5,5,50,4,1,1,5,4,5,13,2,1,5,4,5,2,3,2,73,2,9,4,5,8,16,8,20,10,16,,67,,1,21,121.5549293,24.98022527
113,1,13,7,26,2,02萬華區,萬華區環河南路2段與長順街口,0,0,1,1,B12,8,6,5,50,4,1,1,5,4,5,13,2,1,1,4,5,2,17,1,55,3,10,7,1,7,5,1,8,1,8,,71,,1,21,121.4908943,25.0313272
113,1,13,7,26,2,02萬華區,萬華區環河南路2段與長順街口,0,0,1,2,C03,8,6,5,50,4,1,1,5,4,5,13,2,1,1,4,5,2,17,1,79,2,9,5,1,7,9,1,10,1,11,12,44,,1,21,121.4908943,25.0313272
113,1,13,8,26,2,10文山區,文山區光輝路與光輝路21巷口,0,0,3,2,C03,8,7,5,30,4,1,1,5,4,5,12,4,4,10,5,5,2,15,1,62,2,9,5,1,7,9,1,10,2,11,,108,,1,21,121.5549274,24.9858007
113,1,13,8,26,2,10文山區,文山區光輝路與光輝路21巷口,0,0,3,3,H02,8,7,5,30,4,1,1,5,4,5,12,4,4,10,5,5,2,15,2,57,2,9,5,5,7,20,8,20,10,17,,67,,1,21,121.5549274,24.9858007
113,1,13,8,26,2,10文山區,文山區光輝路與光輝路21巷口,0,0,3,1,C03,8,7,5,30,4,1,1,5,4,5,12,4,4,10,5,5,2,15,2,61,2,9,5,1,7,9,1,11,2,14,,72,,1,21,121.5549274,24.9858007
113,1,13,8,35,2,05中正區,中正區汀州路1段與西藏路口,0,0,2,1,C03,8,6,5,50,4,1,1,5,4,5,13,2,1,2,4,5,1,16,1,61,2,9,6,1,7,6,1,9,1,12,,9,,1,21,121.5073887,25.03052225
113,1,13,8,35,2,05中正區,中正區汀州路1段與西藏路口,0,0,2,2,C03,8,6,5,50,4,1,1,5,4,5,13,2,1,2,4,5,1,16,1,24,2,9,5,1,7,9,1,10,1,14,,44,,1,21,121.5073887,25.03052225
113,1,13,8,35,2,05中正區,中正區汀州路1段與西藏路口,0,0,2,3,H02,8,6,5,50,4,1,1,5,4,5,13,2,1,2,4,5,1,16,1,26,4,11,5,5,7,17,8,20,10,16,,67,,1,21,121.5073887,25.03052225
113,1,13,8,50,2,10文山區,文山區興隆路2段244巷11號前,0,0,1,1,H01,8,6,5,30,14,9,1,5,4,5,13,4,4,5,5,5,2,3,2,81,2,9,4,5,8,16,8,20,1,16,,121,,1,22,121.5537667,25.0000086
113,1,13,8,50,2,10文山區,文山區興隆路2段244巷11號前,0,0,1,2,B11,8,6,5,30,14,9,1,5,4,5,13,4,4,5,5,5,2,3,1,25,3,10,7,1,7,9,1,4,1,8,,108,,1,22,121.5537667,25.0000086
113,1,13,8,51,2,05中正區,中正區羅斯福路4段32號,0,0,1,1,C04,8,6,5,50,14,9,1,5,4,5,13,4,4,3,4,5,2,17,2,24,2,9,5,1,7,9,1,10,2,12,,107,,1,21,121.533505,25.01540872
113,1,13,8,51,2,05中正區,中正區羅斯福路4段32號,0,0,1,2,B03,8,6,5,50,14,9,1,5,4,5,13,4,4,3,4,5,2,17,1,32,3,10,7,1,7,14,1,8,2,4,,44,,1,21,121.533505,25.01540872
113,1,13,9,6,2,05中正區,中正區市民大道1段與中山北路1段口,0,0,1,1,B01,8,7,5,50,4,1,1,5,4,5,13,1,1,1,4,1,2,12,1,66,3,10,7,1,7,1,1,4,1,8,,44,,1,21,121.5208141,25.0479334
113,1,13,9,6,2,05中正區,中正區市民大道1段與中山北路1段口,0,0,1,2,C03,8,7,5,50,4,1,1,5,4,5,13,1,1,1,4,1,2,12,2,23,2,9,6,1,7,8,1,10,1,12,,100,,1,21,121.5208141,25.0479334
113,1,13,9,35,2,03中山區,中山區北安路與明水路口,0,0,2,1,C03,8,7,5,50,3,2,1,5,4,5,13,2,1,1,4,5,2,13,1,29,2,9,6,4,7,9,1,10,2,11,,108,,1,21,121.5386678,25.07768487
113,1,13,9,35,2,03中山區,中山區北安路與明水路口,0,0,2,2,C03,8,7,5,50,3,2,1,5,4,5,13,2,1,1,4,5,2,13,1,24,2,8,6,4,7,9,1,10,2,13,,44,,1,21,121.5386678,25.07768487
113,1,13,9,35,2,03中山區,中山區中山北路3段與民族西路口,0,0,2,1,C03,8,7,5,50,4,2,1,5,4,5,13,1,1,1,4,1,2,16,1,78,3,10,5,1,7,6,1,10,1,12,,9,,1,22,121.5227398,25.06853
113,1,13,9,35,2,03中山區,中山區中山北路3段與民族西路口,0,0,2,2,C03,8,7,5,50,4,2,1,5,4,5,13,1,1,1,4,1,2,16,2,20,2,9,5,1,7,9,1,10,1,14,,44,,1,22,121.5227398,25.06853
113,1,13,9,35,2,03中山區,中山區中山北路3段與民族西路口,0,0,2,3,H02,8,7,5,50,4,2,1,5,4,5,13,1,1,1,4,1,2,16,2,46,2,9,5,5,7,17,8,20,10,16,,67,,1,22,121.5227398,25.06853
113,1,13,9,53,2,09北投區,北投區承德路7段與大度路口,0,0,1,1,B03,8,7,5,60,5,1,1,5,4,5,13,1,1,1,4,5,2,16,1,67,3,10,7,1,7,5,1,8,2,2,,98,,1,21,121.4996849,25.1208364
113,1,13,9,53,2,09北投區,北投區承德路7段與大度路口,0,0,1,2,C03,8,7,5,60,5,1,1,5,4,5,13,1,1,1,4,5,2,16,1,31,2,9,6,1,7,9,1,10,2,11,,44,,1,21,121.4996849,25.1208364
113,1,13,10,11,2,10文山區,文山區秀明路1段103巷1弄與秀明路1段79巷口,0,0,1,1,C03,8,6,5,30,4,1,1,5,4,5,8,4,4,10,5,5,2,15,2,41,2,9,3,4,7,9,1,10,1,11,,75,,1,22,121.5657232,24.99056454
113,1,13,10,11,2,10文山區,文山區秀明路1段103巷1弄與秀明路1段79巷口,0,0,1,2,B03,8,6,5,30,4,1,1,5,4,5,8,4,4,10,5,5,2,15,1,67,3,10,3,4,7,9,1,8,1,8,,44,,1,22,121.5657232,24.99056454
113,1,13,10,23,2,09北投區,北投區石牌路1段與石牌路1段58巷口,0,0,1,1,B03,8,6,5,50,14,9,1,5,4,5,13,4,4,9,4,5,2,12,1,43,3,10,7,1,7,9,1,8,1,8,,108,,1,21,121.5107686,25.1132745
113,1,13,10,23,2,09北投區,北投區石牌路1段與石牌路1段58巷口,0,0,1,2,C03,8,6,5,50,14,9,1,5,4,5,13,4,4,9,4,5,2,12,1,41,2,8,5,1,7,14,1,10,1,13,,44,,1,21,121.5107686,25.1132745
113,1,13,10,23,2,09北投區,北投區石牌路1段與石牌路1段58巷口,0,0,1,3,E01,8,6,5,50,14,9,1,5,4,5,13,4,4,9,4,5,2,12,1,29,3,10,7,1,7,9,1,8,1,6,,44,,1,21,121.5107686,25.1132745
113,1,13,10,40,2,08士林區,士林區通河西街2段風箏公園,0,0,2,1,,8,5,8,30,22,22,1,5,4,5,9,4,4,10,5,5,1,29,3,39,,,,,,,,,,,,67,,1,,121.5026855,25.09397573
113,1,13,10,40,2,08士林區,士林區通河西街2段風箏公園,0,0,2,2,C03,8,5,8,30,22,22,1,5,4,5,9,4,4,10,5,5,1,29,1,25,2,9,5,1,7,9,1,10,1,11,,44,,1,21,121.5026855,25.09397573
113,1,13,10,40,2,08士林區,士林區通河西街2段風箏公園,0,0,2,3,H02,8,5,8,30,22,22,1,5,4,5,9,4,4,10,5,5,1,29,2,27,2,9,5,5,7,20,8,20,10,16,,67,,1,21,121.5026855,25.09397573
113,1,13,10,56,2,07信義區,信義區信義路6段82號,0,0,2,1,C03,8,6,5,50,14,9,1,5,4,5,13,4,4,8,3,5,2,13,1,57,2,8,5,1,7,1,1,10,2,14,,19,,1,21,121.5772509,25.0355378
113,1,13,10,56,2,07信義區,信義區信義路6段82號,0,0,2,2,C03,8,6,5,50,14,9,1,5,4,5,13,4,4,8,3,5,2,13,1,65,2,9,5,1,7,9,1,10,1,11,14,16,,1,21,121.5772509,25.0355378
113,1,13,10,57,2,03中山區,中山區民權西路66號,0,0,1,3,C03,8,7,5,40,14,8,1,5,4,5,13,4,4,1,4,4,2,13,2,37,2,7,6,1,7,9,1,10,1,11,,44,,1,21,121.5202284,25.0627433
113,1,13,10,57,2,03中山區,中山區民權西路66號,0,0,1,1,B12,8,7,5,40,14,8,1,5,4,5,13,4,4,1,4,4,2,13,1,35,3,10,3,4,7,14,1,4,1,17,,40,,1,21,121.5202284,25.0627433
113,1,13,10,57,2,03中山區,中山區民權西路66號,0,0,1,2,C03,8,7,5,40,14,8,1,5,4,5,13,4,4,1,4,4,2,13,1,48,3,10,6,1,7,12,1,10,1,13,,44,,1,21,121.5202284,25.0627433
113,1,13,10,57,2,03中山區,中山區民權西路66號,0,0,1,4,C03,8,7,5,40,14,8,1,5,4,5,13,4,4,1,4,4,2,13,1,38,3,10,6,1,7,9,1,10,1,12,,44,,1,21,121.5202284,25.0627433
113,1,13,10,57,2,09北投區,北投區公館路與承德路7段口,0,0,1,1,C03,8,6,5,60,4,2,1,5,4,5,13,2,1,1,4,5,2,17,2,17,2,7,6,1,7,7,2,18,1,14,,100,,1,16,121.5013992,25.1194802
113,1,13,10,57,2,09北投區,北投區公館路與承德路7段口,0,0,1,2,B03,8,6,5,60,4,2,1,5,4,5,13,2,1,1,4,5,2,17,1,69,3,10,7,1,7,9,1,8,1,2,,44,,1,22,121.5013992,25.1194802
113,1,13,10,58,2,04大安區,大安區基隆路4段43號,0,0,1,1,A04,8,6,5,50,14,8,1,5,4,5,13,4,4,1,4,4,2,9,1,48,3,10,7,4,7,1,1,2,1,4,,44,,1,21,121.5404261,25.0141113
113,1,13,10,58,2,04大安區,大安區基隆路4段43號,0,0,1,2,H02,8,6,5,50,14,8,1,5,4,5,13,4,4,1,4,4,2,9,1,68,2,8,7,5,7,20,8,20,10,16,,60,,1,21,121.5404261,25.0141113
113,1,13,11,0,2,07信義區,信義區忠孝東路5段729號,0,0,1,1,C03,8,7,5,50,14,9,1,5,4,5,13,4,4,9,4,5,2,17,1,19,2,7,6,1,7,9,1,10,1,12,,17,,1,21,121.5808178,25.0429356
113,1,13,11,0,2,07信義區,信義區忠孝東路5段729號,0,0,1,2,B03,8,7,5,50,14,9,1,5,4,5,13,4,4,9,4,5,2,17,2,24,3,10,3,1,7,13,1,8,1,4,,44,,1,21,121.5808178,25.0429356
113,1,13,11,16,2,05中正區,中正區中華路1段與寶慶路口,0,0,3,1,B01,8,6,5,50,4,2,1,5,4,5,13,1,1,1,4,1,1,12,1,60,3,10,7,1,7,7,1,4,2,4,,100,,1,21,121.5084202,25.041955
113,1,13,11,16,2,05中正區,中正區中華路1段與寶慶路口,0,0,3,2,C03,8,6,5,50,4,2,1,5,4,5,13,1,1,1,4,1,1,12,1,57,2,8,6,1,7,9,1,10,2,12,,44,,1,22,121.5084202,25.041955
113,1,13,11,16,2,05中正區,中正區中華路1段與寶慶路口,0,0,3,3,C03,8,6,5,50,4,2,1,5,4,5,13,1,1,1,4,1,1,12,1,63,3,10,6,1,7,9,1,10,2,11,,44,,1,22,121.5084202,25.041955
113,1,13,11,16,2,05中正區,中正區中華路1段與寶慶路口,0,0,3,4,C03,8,6,5,50,4,2,1,5,4,5,13,1,1,1,4,1,1,12,2,48,2,9,6,1,7,9,1,10,1,11,,44,,1,22,121.5084202,25.041955
113,1,13,11,16,2,05中正區,中正區中華路1段與寶慶路口,0,0,3,5,C03,8,6,5,50,4,2,1,5,4,5,13,1,1,1,4,1,1,12,2,27,2,9,6,1,7,9,1,10,2,12,,44,,1,22,121.5084202,25.041955
113,1,13,11,33,2,09北投區,北投區大度路3段與關渡路口西往東方向,0,0,1,1,C03,8,5,5,50,3,2,1,5,4,5,13,1,1,9,4,5,1,17,2,21,2,7,6,1,7,9,1,10,2,14,,16,,1,21,121.4686805,25.1229774
113,1,13,11,33,2,09北投區,北投區大度路3段與關渡路口西往東方向,0,0,1,2,B03,8,5,5,50,3,2,1,5,4,5,13,1,1,9,4,5,1,17,1,22,3,10,7,1,7,9,3,18,2,17,,44,,1,21,121.4686805,25.1229774
113,1,13,11,33,2,09北投區,北投區大度路3段與關渡路口西往東方向,0,0,1,3,B03,8,5,5,50,3,2,1,5,4,5,13,1,1,9,4,5,1,17,1,72,4,11,7,1,7,8,1,8,9,17,,100,,2,21,121.4686805,25.1229774
113,1,13,11,45,2,04大安區,大安區潮州街55巷與潮州街口,0,0,2,1,B01,8,6,5,50,5,2,1,5,4,5,13,4,4,10,5,5,2,15,1,35,3,10,7,1,7,6,1,4,1,8,,9,,1,21,121.5240444,25.0293663
113,1,13,11,45,2,04大安區,大安區潮州街55巷與潮州街口,0,0,2,2,C03,8,6,5,50,5,2,1,5,4,5,13,4,4,10,5,5,2,15,1,68,2,9,6,1,7,9,1,10,1,14,,44,,1,21,121.5240444,25.0293663
113,1,13,11,45,2,04大安區,大安區潮州街55巷與潮州街口,0,0,2,3,H02,8,6,5,50,5,2,1,5,4,5,13,4,4,10,5,5,2,15,2,69,2,9,6,5,7,21,8,20,10,16,,67,,1,21,121.5240444,25.0293663
113,1,13,11,57,2,05中正區,中正區中華路1段95巷8號,0,0,1,1,B03,8,5,5,30,14,9,1,5,4,5,13,4,4,5,5,5,2,9,1,64,3,10,7,1,7,14,1,8,1,2,2,38,,1,21,121.5078734,25.03757676
113,1,13,11,57,2,05中正區,中正區中華路1段95巷8號,0,0,1,2,H02,8,5,5,30,14,9,1,5,4,5,13,4,4,5,5,5,2,9,2,59,3,10,7,5,7,20,8,20,10,16,16,126,,1,21,121.5078734,25.03757676
113,1,13,11,57,2,05中正區,中正區中華路1段95巷8號,0,0,1,3,C03,8,5,5,30,14,9,1,5,4,5,13,4,4,5,5,5,2,9,2,51,2,9,5,1,7,9,1,10,1,12,12,44,,1,21,121.5078734,25.03757676
113,1,13,11,58,2,09北投區,北投區中央北路4段318號對面,0,0,1,1,C03,8,7,5,50,14,9,1,5,4,5,13,1,1,4,4,5,2,13,1,75,2,9,6,1,7,9,1,10,2,14,,108,,1,21,121.4726229,25.1307289
113,1,13,11,58,2,09北投區,北投區中央北路4段318號對面,0,0,1,2,C03,8,7,5,50,14,9,1,5,4,5,13,1,1,4,4,5,2,13,1,41,3,10,5,1,7,15,1,10,2,13,,44,,1,21,121.4726229,25.1307289
113,1,13,12,0,2,04大安區,大安區和平東路1段129號,0,0,1,1,B02,8,7,5,50,14,7,1,5,4,5,13,4,4,1,4,4,2,17,1,61,3,10,3,4,7,8,1,8,1,3,,100,,1,22,121.5298817,25.026517
113,1,13,12,0,2,04大安區,大安區和平東路1段129號,0,0,1,2,C03,8,7,5,50,14,7,1,5,4,5,13,4,4,1,4,4,2,17,1,75,2,9,3,4,7,9,1,10,1,11,,87,,1,22,121.5298817,25.026517
113,1,13,12,0,2,10文山區,文山區福興路82巷1弄與福興路106巷28弄口,0,0,1,1,C03,8,6,5,30,3,1,1,5,4,5,13,4,4,10,5,5,2,16,1,25,3,10,5,1,7,5,1,10,1,11,,74,,1,21,121.5501532,25.0059825
113,1,13,12,0,2,10文山區,文山區福興路82巷1弄與福興路106巷28弄口,0,0,1,2,B03,8,6,5,30,3,1,1,5,4,5,13,4,4,10,5,5,2,16,1,58,3,10,7,1,7,9,1,8,1,8,,5,,1,21,121.5501532,25.0059825
113,1,13,12,0,2,10文山區,文山區福興路82巷1弄與福興路106巷28弄口,0,0,1,3,H02,8,6,5,30,3,1,1,5,4,5,13,4,4,10,5,5,2,16,2,25,2,8,5,5,7,20,8,20,10,16,,67,,1,21,121.5501532,25.0059825
113,1,13,12,11,2,05中正區,中正區中華路1段與中華路1段9巷口,0,0,1,1,B03,8,7,5,50,4,2,1,5,4,5,13,1,1,1,3,4,2,12,2,53,3,10,7,1,7,8,1,8,1,5,,100,,1,21,121.5098978,25.04709577
113,1,13,12,11,2,05中正區,中正區中華路1段與中華路1段9巷口,0,0,1,2,C03,8,7,5,50,4,2,1,5,4,5,13,1,1,1,3,4,2,12,2,38,2,9,6,1,7,7,1,10,1,14,,44,,1,21,121.5098978,25.04709577
113,1,13,12,15,2,03中山區,中山區新生北路1段45號,0,0,1,1,B03,8,6,5,50,14,9,1,5,4,5,13,1,1,1,5,5,2,17,1,81,3,10,3,4,7,9,1,8,1,5,,108,,1,22,121.5301394,25.0479033
113,1,13,12,15,2,03中山區,中山區新生北路1段45號,0,0,1,2,C03,8,6,5,50,14,9,1,5,4,5,13,1,1,1,5,5,2,17,1,58,2,8,5,4,7,14,1,10,1,17,,44,,1,22,121.5301394,25.0479033
113,1,13,12,46,2,12內湖區,內湖區康寧路3段56巷130號,0,0,1,1,B01,8,7,5,30,14,9,1,5,4,5,13,4,4,10,5,5,1,9,1,65,3,10,3,4,7,1,1,4,1,17,,19,,1,22,121.6096701,25.0680899
113,1,13,12,46,2,12內湖區,內湖區康寧路3段56巷130號,0,0,1,2,H02,8,7,5,30,14,9,1,5,4,5,13,4,4,10,5,5,1,9,2,57,2,9,4,5,7,19,8,20,10,16,,67,,1,22,121.6096701,25.0680899
113,1,13,12,57,2,11南港區,南港區研究院路1段187號,0,0,2,1,C03,8,7,5,50,14,9,1,5,4,5,13,2,1,1,4,5,2,16,1,29,2,9,5,1,7,8,1,10,1,12,,100,,1,21,121.6158534,25.04936627
113,1,13,12,57,2,11南港區,南港區研究院路1段187號,0,0,2,2,C03,8,7,5,50,14,9,1,5,4,5,13,2,1,1,4,5,2,16,2,31,2,9,5,1,7,9,1,10,1,14,,44,,1,21,121.6158534,25.04936627
113,1,13,13,4,2,02萬華區,萬華區寶興街19號,0,0,1,1,B03,7,5,5,50,14,9,1,5,4,5,13,4,4,8,3,5,1,12,1,59,3,10,3,4,7,13,1,8,1,4,,38,,1,22,121.4927107,25.0279237
113,1,13,13,4,2,02萬華區,萬華區寶興街19號,0,0,1,2,C03,7,5,5,50,14,9,1,5,4,5,13,4,4,8,3,5,1,12,1,62,2,9,3,4,7,9,1,10,1,12,,44,,1,22,121.4927107,25.0279237
113,1,13,14,9,2,05中正區,中正區中華路2段1號,0,0,1,1,C03,8,7,5,50,14,9,1,5,4,5,13,1,1,1,4,5,2,13,1,30,2,8,5,1,7,9,1,10,1,12,,16,,1,22,121.5068001,25.0367208
113,1,13,14,9,2,05中正區,中正區中華路2段1號,0,0,1,2,C03,8,7,5,50,14,9,1,5,4,5,13,1,1,1,4,5,2,13,1,35,3,10,5,1,7,12,1,10,1,13,,44,,1,22,121.5068001,25.0367208
113,1,13,14,9,2,05中正區,中正區中華路2段1號,0,0,1,3,H02,8,7,5,50,14,9,1,5,4,5,13,1,1,1,4,5,2,13,2,31,4,11,5,5,7,20,8,20,10,16,,67,,1,22,121.5068001,25.0367208