發生年度,發生月,發生日,發生時-Hours,發生分,處理別-編號,區序,肇事地點,死亡人數,2-30日死亡人數,受傷人數,當事人序號,車種,天候,道路照明設備,道路類別,速限-速度限制,道路型態,事故位置,路面狀況1,路面狀況2,路面狀況3,道路障礙1,道路障礙2,號誌1,號誌2,車道劃分-分向,車道劃分-分道1,車道劃分-分道2,車道劃分-分道3,事故類型及型態,性別,年齡,受傷程度,主要傷處,保護裝置,行動電話,車輛用途,當事者行動狀態,駕駛資格情形,駕駛執照種類,飲酒情形,車輛撞擊部位1,車輛撞擊部位2,肇因碼-個別,肇因碼-主要,個人肇逃否,職業,座標-X,座標-Y
113,1,13,14,27,2,08士林區,士林區重慶北路4段與百齡橋口,0,0,1,1,B02,8,6,5,50,3,2,1,5,4,5,13,1,1,1,4,5,1,13,1,20,3,10,7,1,7,9,1,8,1,1,,16,,1,21,121.5113077,25.0871362
113,1,13,14,27,2,08士林區,士林區重慶北路4段與百齡橋口,0,0,1,2,C03,8,6,5,50,3,2,1,5,4,5,13,1,1,1,4,5,1,13,2,42,2,9,5,1,7,14,1,10,1,13,,44,,1,21,121.5113077,25.0871362
113,1,13,14,30,2,04大安區,大安區樂業街118巷與樂業街口,0,0,2,1,F01,8,6,5,0,4,1,1,5,4,5,13,4,4,9,5,5,2,16,1,85,2,1,4,4,7,5,8,20,1,14,,74,,1,21,121.55199,25.0209203
113,1,13,14,30,2,04大安區,大安區樂業街118巷與樂業街口,0,0,2,2,C03,8,6,5,0,4,1,1,5,4,5,13,4,4,9,5,5,2,16,2,27,2,8,6,4,7,9,1,10,1,11,,,,1,21,121.55199,25.0209203
113,1,13,14,40,2,12內湖區,內湖區成功路2段456巷3-1號,0,0,3,1,C03,8,6,5,30,11,9,1,5,4,5,13,4,4,10,5,5,2,10,1,23,2,9,5,1,7,9,3,18,1,11,,5,,1,21,121.5871305,25.07380058
113,1,13,14,40,2,12內湖區,內湖區成功路2段456巷3-1號,0,0,3,2,C03,8,6,5,30,11,9,1,5,4,5,13,4,4,10,5,5,2,10,2,25,2,9,5,1,7,9,1,10,1,11,,44,,1,21,121.5871305,25.07380058
113,1,13,14,40,2,12內湖區,內湖區成功路2段456巷3-1號,0,0,3,3,H02,8,6,5,30,11,9,1,5,4,5,13,4,4,10,5,5,2,10,2,23,2,9,5,5,7,20,8,20,10,16,,67,,1,21,121.5871305,25.07380058
113,1,13,14,43,2,07信義區,信義區和平東路3段475號,0,0,1,1,C04,8,7,5,50,14,9,1,5,4,5,13,4,4,3,5,5,2,18,1,22,2,8,6,2,7,12,1,10,1,12,,42,,1,21,121.5592884,25.0182206
113,1,13,14,43,2,07信義區,信義區和平東路3段475號,0,0,1,2,,8,7,5,50,14,9,1,5,4,5,13,4,4,3,5,5,2,18,3,0,,,,,,,,,1,,,67,,1,,121.5592884,25.0182206
113,1,13,14,52,2,01大同區,大同區南京西路與華亭街口,0,0,1,1,B01,8,6,5,50,3,2,1,5,4,5,13,4,4,5,4,5,2,12,1,67,3,10,3,4,7,15,1,4,2,5,,17,,1,22,121.5133848,25.0539327
113,1,13,14,52,2,01大同區,大同區南京西路與華亭街口,0,0,1,2,C03,8,6,5,50,3,2,1,5,4,5,13,4,4,5,4,5,2,12,1,26,2,7,6,4,7,1,1,10,2,14,,19,,1,23,121.5133848,25.0539327
113,1,13,15,5,2,02萬華區,萬華區永福街與貴陽街2段96巷口,0,0,1,1,F01,8,5,5,30,4,1,1,5,4,3,13,4,4,5,4,5,2,17,2,47,3,10,4,1,7,6,8,20,2,11,,5,,1,22,121.5030678,25.03871914
113,1,13,15,5,2,02萬華區,萬華區永福街與貴陽街2段96巷口,0,0,1,2,C03,8,5,5,30,4,1,1,5,4,3,13,4,4,5,4,5,2,17,2,31,2,9,6,1,7,9,1,10,2,11,,14,,1,23,121.5030678,25.03871914
113,1,13,15,5,2,02萬華區,萬華區永福街與貴陽街2段96巷口,0,0,1,3,B03,8,5,5,30,4,1,1,5,4,3,13,4,4,5,4,5,2,17,1,44,3,10,2,1,7,14,1,8,1,17,,38,,1,22,121.5030678,25.03871914
113,1,13,15,16,2,08士林區,士林區中正路與承德路5段口,0,0,1,1,C03,8,6,5,50,4,1,1,5,4,5,13,4,4,10,5,5,1,13,2,30,2,8,5,1,7,9,1,10,1,14,,16,,1,21,121.5164558,25.0911201
113,1,13,15,16,2,08士林區,士林區中正路與承德路5段口,0,0,1,2,B01,8,6,5,50,4,1,1,5,4,5,13,4,4,10,5,5,1,13,1,63,3,10,7,1,7,14,1,8,1,3,,44,,1,21,121.5164558,25.0911201
113,1,13,15,22,2,01大同區,大同區雙連街與萬全街口,0,0,2,1,B03,8,5,5,30,4,1,1,5,4,5,13,4,4,10,5,5,1,15,1,31,3,10,3,4,7,9,1,8,1,1,,72,,1,21,121.5190395,25.0585362
113,1,13,15,22,2,01大同區,大同區雙連街與萬全街口,0,0,2,2,C03,8,5,5,30,4,1,1,5,4,5,13,4,4,10,5,5,1,15,2,18,2,9,3,4,7,9,1,10,1,14,,5,,1,21,121.5190395,25.0585362
113,1,13,15,22,2,01大同區,大同區雙連街與萬全街口,0,0,2,3,H02,8,5,5,30,4,1,1,5,4,5,13,4,4,10,5,5,1,15,2,19,2,8,4,5,7,20,8,20,10,16,,67,,1,21,121.5190395,25.0585362
113,1,13,15,27,2,04大安區,大安區辛亥路3段隧道前往東方向,0,0,1,1,C01,8,7,5,50,14,9,1,5,4,5,13,4,4,8,3,5,1,13,1,26,2,8,5,1,7,12,1,9,1,11,,16,,1,21,121.5464732,25.01838751
113,1,13,15,27,2,04大安區,大安區辛亥路3段隧道前往東方向,0,0,1,2,B03,8,7,5,50,14,9,1,5,4,5,13,4,4,8,3,5,1,13,1,67,3,10,7,1,7,15,1,8,1,6,,44,,1,21,121.5464732,25.01838751
113,1,13,15,32,2,01大同區,大同區重慶北路3段與民族西路221巷口,0,0,1,2,C04,8,5,5,50,4,2,1,5,4,5,13,4,4,1,4,5,2,17,2,61,2,9,3,4,7,9,1,8,2,14,,14,,1,21,121.5136282,25.0696402
113,1,13,15,32,2,01大同區,大同區重慶北路3段與民族西路221巷口,0,0,1,1,B12,8,5,5,50,4,2,1,5,4,5,13,4,4,1,4,5,2,17,1,37,4,11,3,4,7,6,6,8,11,5,,9,,2,22,121.5136282,25.0696402
113,1,13,15,33,2,07信義區,信義區基隆路2段107號,0,0,1,1,B03,8,7,5,50,14,9,1,5,4,5,13,4,4,3,4,5,2,12,1,31,3,10,3,4,7,1,1,8,1,8,,19,,1,21,121.5574719,25.0293981
113,1,13,15,33,2,07信義區,信義區基隆路2段107號,0,0,1,2,C03,8,7,5,50,14,9,1,5,4,5,13,4,4,3,4,5,2,12,2,50,2,9,3,4,7,1,1,10,1,12,,19,,1,21,121.5574719,25.0293981
113,1,13,15,44,2,10文山區,文山區和平東路4段與萬美街1段口口,0,0,2,1,C03,8,6,5,40,3,1,1,5,4,5,13,1,1,5,5,5,1,17,1,23,2,9,3,4,7,5,1,10,2,14,,9,,1,21,121.5719163,25.0022856
113,1,13,15,44,2,10文山區,文山區和平東路4段與萬美街1段口口,0,0,2,2,C03,8,6,5,40,3,1,1,5,4,5,13,1,1,5,5,5,1,17,1,22,2,9,3,4,7,9,1,10,2,12,,44,,1,21,121.5719163,25.0022856
113,1,13,15,45,2,08士林區,士林區中正路與福港街口,0,0,1,1,B03,8,5,5,50,3,1,1,5,4,5,13,1,1,3,4,5,1,15,1,34,3,10,7,1,7,9,6,8,2,1,,81,,1,21,121.5176294,25.0919491
113,1,13,15,45,2,08士林區,士林區中正路與福港街口,0,0,1,2,C03,8,5,5,50,3,1,1,5,4,5,13,1,1,3,4,5,1,15,2,31,2,9,6,1,7,9,1,10,2,14,,44,,1,21,121.5176294,25.0919491
113,1,13,15,45,2,08士林區,士林區中正路與福港街口,0,0,1,3,B03,8,5,5,50,3,1,1,5,4,5,13,1,1,3,4,5,1,15,1,48,3,10,7,1,7,14,1,8,2,3,,38,,1,21,121.5176294,25.0919491
113,1,13,15,52,2,08士林區,士林區承德路5段南向北,0,0,1,1,C03,8,6,5,60,14,8,1,5,4,5,13,4,4,10,3,4,1,17,1,72,2,9,5,1,7,10,1,10,2,15,,100,,1,21,121.5144235,25.0954852
113,1,13,15,52,2,08士林區,士林區承德路5段南向北,0,0,1,2,C03,8,6,5,60,14,8,1,5,4,5,13,4,4,10,3,4,1,17,1,20,3,10,5,1,7,9,1,10,2,14,,17,,1,21,121.5144235,25.0954852
113,1,13,16,20,2,12內湖區,內湖區民權東路6段174巷與民權東路6段口,0,0,1,1,B03,8,7,5,50,3,1,1,5,4,5,13,4,4,1,4,5,2,16,2,63,3,10,7,1,7,6,1,8,1,2,,9,,1,21,121.5920052,25.06881865
113,1,13,16,20,2,12內湖區,內湖區民權東路6段174巷與民權東路6段口,0,0,1,2,C03,8,7,5,50,3,1,1,5,4,5,13,4,4,1,4,5,2,16,2,37,2,9,5,1,7,9,1,10,1,14,,14,,1,21,121.5920052,25.06881865
113,1,13,16,40,2,03中山區,中山區自強隧道(外)與北安路口,0,0,1,1,C03,7,6,5,50,14,9,1,5,4,5,13,4,4,8,5,5,2,12,1,36,2,9,5,1,7,9,1,10,1,11,,44,,1,21,121.549552,25.085412
113,1,13,16,40,2,03中山區,中山區自強隧道(外)與北安路口,0,0,1,2,B03,7,6,5,50,14,9,1,5,4,5,13,4,4,8,5,5,2,12,1,56,3,10,7,1,7,9,1,8,1,2,,42,,1,21,121.549552,25.085412
113,1,13,16,55,2,12內湖區,內湖區成功路3段與文德路口,0,0,2,1,,8,5,5,50,5,1,1,5,4,5,13,2,1,3,4,4,2,18,3,0,,,,,,,,,,,,67,,1,,121.5894125,25.07921983
113,1,13,16,55,2,12內湖區,內湖區成功路3段與文德路口,0,0,2,2,C03,8,5,5,50,5,1,1,5,4,5,13,2,1,3,4,4,2,18,1,33,2,9,6,1,7,5,1,10,2,17,,44,,1,21,121.5894125,25.07921983
113,1,13,16,55,2,12內湖區,內湖區成功路3段與文德路口,0,0,2,3,H02,8,5,5,50,5,1,1,5,4,5,13,2,1,3,4,4,2,18,2,29,2,9,6,5,7,20,8,20,10,17,,67,,1,21,121.5894125,25.07921983
113,1,13,16,56,2,03中山區,中山區建國北路3段與農安街口,0,0,1,1,B03,8,7,5,50,3,1,1,5,4,5,13,1,1,5,5,5,2,16,1,48,3,10,2,1,7,5,1,8,1,8,,8,,1,22,121.5369427,25.0650321
113,1,13,16,56,2,03中山區,中山區建國北路3段與農安街口,0,0,1,2,F03,8,7,5,50,3,1,1,5,4,5,13,1,1,5,5,5,2,16,1,75,2,9,4,1,7,1,8,20,1,14,,19,,1,22,121.5369427,25.0650321
113,1,13,17,14,2,11南港區,南港區研究院路1段187號,0,0,1,1,B03,8,5,5,50,11,9,1,5,4,5,13,1,1,1,4,1,2,16,2,54,3,10,3,4,7,11,1,8,1,2,,10,,1,21,121.6158147,25.0494448
113,1,13,17,14,2,11南港區,南港區研究院路1段187號,0,0,1,2,C03,8,5,5,50,11,9,1,5,4,5,13,1,1,1,4,1,2,16,1,18,2,9,3,4,7,9,1,10,1,11,,108,,1,21,121.6158147,25.0494448
113,1,13,17,49,2,09北投區,北投區大同街與永興路1段口,0,0,1,1,B03,8,5,5,50,14,9,1,5,4,5,13,1,1,9,4,5,2,16,1,62,3,10,7,1,7,5,1,8,1,8,,42,,1,21,121.4993095,25.1386774
113,1,13,17,49,2,09北投區,北投區大同街與永興路1段口,0,0,1,2,C03,8,5,5,50,14,9,1,5,4,5,13,1,1,9,4,5,2,16,2,60,2,8,5,1,7,9,1,10,1,12,,42,,1,21,121.4993095,25.1386774
113,1,13,18,28,2,01大同區,大同區延平北路3段與昌吉街口,0,0,3,1,C03,7,5,5,50,4,1,1,5,4,5,13,2,1,5,4,5,2,17,1,23,2,8,6,4,7,6,1,9,1,12,,17,,1,22,121.5110474,25.0659384
113,1,13,18,28,2,01大同區,大同區延平北路3段與昌吉街口,0,0,3,2,C03,7,5,5,50,4,1,1,5,4,5,13,2,1,5,4,5,2,17,2,34,2,7,6,4,7,9,1,10,1,11,,44,,1,22,121.5110474,25.0659384
113,1,13,18,28,2,01大同區,大同區延平北路3段與昌吉街口,0,0,3,3,H02,7,5,5,50,4,1,1,5,4,5,13,2,1,5,4,5,2,17,2,34,2,7,6,5,7,20,8,20,10,16,,67,,1,22,121.5110474,25.0659384
113,1,13,18,45,2,05中正區,中正區開封街1段與懷寧街口,0,0,2,1,C03,7,5,5,50,4,1,1,5,4,5,13,3,1,10,4,5,2,13,1,40,2,8,6,4,7,9,1,10,2,11,,108,,1,22,121.514284,25.04606821
113,1,13,18,45,2,05中正區,中正區開封街1段與懷寧街口,0,0,2,2,C03,7,5,5,50,4,1,1,5,4,5,13,3,1,10,4,5,2,13,1,33,2,7,6,4,7,15,1,10,2,13,,100,,1,21,121.514284,25.04606821
113,1,13,18,50,2,08士林區,士林區中正路與中山北路5段口,0,0,2,1,C03,7,5,5,40,4,2,1,5,4,5,13,2,1,1,4,1,1,17,2,56,2,9,5,1,7,7,1,10,2,14,,100,,1,21,121.5280645,25.0957367
113,1,13,18,50,2,08士林區,士林區中正路與中山北路5段口,0,0,2,2,B03,7,5,5,40,4,2,1,5,4,5,13,2,1,1,4,1,1,17,1,57,3,10,7,1,7,9,1,8,2,2,,44,,1,21,121.5280645,25.0957367
113,1,13,18,50,2,08士林區,士林區中正路與中山北路5段口,0,0,2,3,H02,7,5,5,40,4,2,1,5,4,5,13,2,1,1,4,1,1,17,2,81,2,5,5,5,7,20,8,20,10,17,,67,,1,21,121.5280645,25.0957367
113,1,13,19,33,2,03中山區,中山區市民大道3段83號,0,0,2,1,C03,8,5,5,40,14,9,1,5,4,5,13,2,1,1,4,5,2,13,1,31,3,10,3,4,7,9,1,9,1,11,,16,,1,21,121.5378419,25.04480728
113,1,13,19,33,2,03中山區,中山區市民大道3段83號,0,0,2,2,C04,8,5,5,40,14,9,1,5,4,5,13,2,1,1,4,5,2,13,2,28,2,9,3,4,7,9,1,9,1,13,,44,,1,21,121.5378419,25.04480728
113,1,13,19,33,2,03中山區,中山區市民大道3段83號,0,0,2,3,C03,8,5,5,40,14,9,1,5,4,5,13,2,1,1,4,5,2,13,2,56,3,10,3,4,7,14,1,10,1,13,,44,,1,21,121.5378419,25.04480728
113,1,13,19,33,2,03中山區,中山區市民大道3段83號,0,0,2,4,H02,8,5,5,40,14,9,1,5,4,5,13,2,1,1,4,5,2,13,2,30,2,9,3,5,7,20,8,20,10,17,,67,,1,21,121.5378419,25.04480728
113,1,13,20,0,2,10文山區,文山區忠順街1段與忠順街1段9巷口,0,0,1,1,C03,8,5,5,30,3,2,1,5,4,5,13,3,1,10,5,5,1,17,2,57,2,9,5,1,7,5,1,10,1,11,,72,,1,21,121.557517,24.9837258
113,1,13,20,0,2,10文山區,文山區忠順街1段與忠順街1段9巷口,0,0,1,2,B03,8,5,5,30,3,2,1,5,4,5,13,3,1,10,5,5,1,17,1,70,3,10,7,1,7,9,1,8,1,4,,13,,1,21,121.557517,24.9837258
113,1,13,20,4,2,03中山區,中山區新生北路2段68巷與民生東路1段70巷口,0,0,1,1,C03,8,5,5,30,4,1,1,5,4,5,13,4,4,10,4,5,1,15,2,53,2,9,6,1,7,9,1,10,2,11,,72,,1,21,121.5264121,25.0566225
113,1,13,20,4,2,03中山區,中山區新生北路2段68巷與民生東路1段70巷口,0,0,1,2,B03,8,5,5,30,4,1,1,5,4,5,13,4,4,10,4,5,1,15,1,62,3,10,7,1,7,9,1,8,2,2,,108,,1,21,121.5264121,25.0566225
113,1,13,21,23,2,09北投區,北投區稻香路41號公車站牌前,0,0,2,1,C03,8,5,5,50,14,9,1,5,4,5,13,4,4,9,4,5,2,3,1,40,2,9,5,1,7,9,1,10,2,11,,108,,1,21,121.4897321,25.1398012
113,1,13,21,23,2,09北投區,北投區稻香路41號公車站牌前,0,0,2,2,H01,8,5,5,50,14,9,1,5,4,5,13,4,4,9,4,5,2,3,1,70,2,1,4,5,8,16,8,20,10,16,,53,,1,21,121.4897321,25.1398012
113,1,13,22,22,2,02萬華區,萬華區水源快速道路與水源快速道路口接華中橋匝道,0,0,1,1,B03,7,5,7,40,3,1,1,5,4,5,13,1,1,2,3,2,2,16,1,55,3,10,7,1,7,6,1,8,1,4,,82,,1,21,121.4955071,25.0165298
113,1,13,22,22,2,02萬華區,萬華區水源快速道路與水源快速道路口接華中橋匝道,0,0,1,2,C03,7,5,7,40,3,1,1,5,4,5,13,1,1,2,3,2,2,16,2,24,2,9,5,1,7,9,1,10,1,11,,44,,1,21,121.4955071,25.0165298
113,1,13,22,37,2,12內湖區,內湖區成功路3段與星雲街口,0,0,1,1,B01,7,5,5,50,4,1,1,5,4,5,13,1,1,1,4,5,2,16,1,54,3,10,7,1,7,5,6,18,2,1,,74,,1,21,121.590007,25.0775326
113,1,13,22,37,2,12內湖區,內湖區成功路3段與星雲街口,0,0,1,2,C03,7,5,5,50,4,1,1,5,4,5,13,1,1,1,4,5,2,16,1,53,2,9,5,1,7,9,1,10,2,11,,44,,1,21,121.590007,25.0775326
113,1,13,23,9,2,10文山區,文山區木新路1段與無名巷口,0,0,1,1,C03,8,5,5,50,3,1,1,5,4,5,13,1,1,10,4,5,2,16,2,59,2,9,6,1,7,5,1,10,1,14,,8,,1,21,121.5707213,24.98877054
113,1,13,23,9,2,10文山區,文山區木新路1段與無名巷口,0,0,1,2,B03,8,5,5,50,3,1,1,5,4,5,13,1,1,10,4,5,2,16,1,45,3,10,7,1,7,5,1,8,1,8,,8,,1,21,121.5707213,24.98877054
113,1,14,0,22,2,01大同區,大同區民生西路與承德路2段口,0,0,1,1,B11,8,5,5,50,5,1,1,5,4,5,13,4,4,5,5,5,2,16,1,40,3,10,7,1,7,5,1,8,2,6,,74,,1,21,121.5181723,25.0573012
113,1,14,0,22,2,01大同區,大同區民生西路與承德路2段口,0,0,1,2,C01,8,5,5,50,5,1,1,5,4,5,13,4,4,5,5,5,2,16,1,24,2,7,5,1,7,9,1,9,2,11,,44,,1,21,121.5181723,25.0573012
113,1,14,2,59,2,11南港區,南港區忠孝東路7段與忠孝東路7段265巷口,0,0,1,1,C03,7,5,5,50,3,1,1,5,4,1,13,1,1,1,4,4,2,15,1,21,3,10,6,1,7,9,1,10,1,12,,81,,1,21,121.6035403,25.0516639
113,1,14,2,59,2,11南港區,南港區忠孝東路7段與忠孝東路7段265巷口,0,0,1,2,C03,7,5,5,50,3,1,1,5,4,1,13,1,1,1,4,4,2,15,2,26,2,8,6,1,7,9,1,10,1,11,,44,,1,21,121.6035403,25.0516639
113,1,14,6,35,2,10文山區,文山區木柵路4段與木柵路4段33巷口口,0,0,1,1,C03,8,5,5,50,14,9,1,5,4,5,13,1,1,5,4,5,2,12,2,68,2,9,5,1,7,9,1,10,2,14,,107,,1,21,121.5716485,24.9940181
113,1,14,6,35,2,10文山區,文山區木柵路4段與木柵路4段33巷口口,0,0,1,2,C03,8,5,5,50,14,9,1,5,4,5,13,1,1,5,4,5,2,12,2,51,3,10,5,1,7,12,1,10,2,12,,42,,1,21,121.5716485,24.9940181
113,1,14,7,2,2,10文山區,文山區木柵路4段與秀明路1段口,0,0,1,1,C03,8,6,5,50,4,1,1,5,4,5,13,2,1,10,5,5,2,15,1,21,2,9,6,4,7,9,1,10,2,12,,79,,1,21,121.5710648,24.9916515
113,1,14,7,2,2,10文山區,文山區木柵路4段與秀明路1段口,0,0,1,2,E01,8,6,5,50,4,1,1,5,4,5,13,2,1,10,5,5,2,15,1,34,3,10,3,4,7,9,1,8,2,4,,42,,1,21,121.5710648,24.9916515
113,1,14,8,50,2,07信義區,信義區吳興街193號,0,0,1,1,B12,8,7,6,30,14,9,1,5,4,5,13,4,4,5,5,5,2,2,1,68,3,10,7,1,7,9,3,18,9,1,,108,,1,21,121.5629513,25.027985
113,1,14,8,50,2,07信義區,信義區吳興街193號,0,0,1,2,H01,8,7,6,30,14,9,1,5,4,5,13,4,4,5,5,5,2,2,2,71,2,9,4,5,8,16,8,20,10,16,,67,,1,21,121.5629513,25.027985
113,1,14,9,5,2,01大同區,大同區台北橋機慢車道282593號燈桿,0,0,2,1,C03,8,6,5,40,8,11,1,5,4,5,13,4,4,9,4,5,2,17,1,20,2,9,5,4,7,9,1,10,2,11,,108,,1,21,121.5063963,25.063496
113,1,14,9,5,2,01大同區,大同區台北橋機慢車道282593號燈桿,0,0,2,2,F01,8,6,5,40,8,11,1,5,4,5,13,4,4,9,4,5,2,17,1,64,2,9,4,4,7,9,8,20,2,13,,44,,1,21,121.5063963,25.063496
113,1,14,9,31,2,02萬華區,萬華區德昌街154巷與民和街口,0,0,1,1,C03,7,7,5,30,4,1,1,5,4,5,13,4,4,10,5,5,2,15,1,46,3,10,5,4,7,9,1,10,1,11,,72,,1,22,121.495726,25.0245572
113,1,14,9,31,2,02萬華區,萬華區德昌街154巷與民和街口,0,0,1,2,C03,7,7,5,30,4,1,1,5,4,5,13,4,4,10,5,5,2,15,2,64,2,9,5,4,7,9,1,10,1,12,,44,,1,22,121.495726,25.0245572
113,1,14,9,49,2,09北投區,北投區知行路260巷與關渡路口,0,0,1,1,C03,8,6,5,30,3,1,1,5,4,5,13,3,1,5,5,5,2,16,2,27,2,9,5,1,7,6,1,10,1,14,12,72,,1,21,121.4693031,25.1208393
113,1,14,9,49,2,09北投區,北投區知行路260巷與關渡路口,0,0,1,2,B02,8,6,5,30,3,1,1,5,4,5,13,3,1,5,5,5,2,16,1,32,3,10,7,1,7,9,1,8,1,1,,14,,1,21,121.4693031,25.1208393
113,1,14,9,50,2,08士林區,士林區雨聲街陽明醫院前,0,0,3,1,B03,8,5,5,50,14,9,1,5,4,3,12,4,4,5,5,5,1,17,1,63,3,10,7,1,7,5,1,8,1,1,,8,,1,21,121.5312203,25.1049427
113,1,14,9,50,2,08士林區,士林區雨聲街陽明醫院前,0,0,3,2,C03,8,5,5,50,14,9,1,5,4,3,12,4,4,5,5,5,1,17,2,42,2,9,5,1,7,9,1,10,1,14,,14,,1,21,121.5312203,25.1049427
113,1,14,9,50,2,08士林區,士林區雨聲街陽明醫院前,0,0,3,3,H02,8,5,5,50,14,9,1,5,4,3,12,4,4,5,5,5,1,17,2,10,2,9,5,5,7,20,8,20,10,16,,67,,1,21,121.5312203,25.1049427
113,1,14,9,50,2,08士林區,士林區雨聲街陽明醫院前,0,0,3,4,H02,8,5,5,50,14,9,1,5,4,3,12,4,4,5,5,5,1,17,2,8,2,9,5,5,7,20,8,20,10,16,,67,,1,21,121.5312203,25.1049427
113,1,14,9,55,2,03中山區,中山區龍江路370巷21號,0,0,1,1,F06,8,7,5,30,14,9,1,5,4,5,13,4,4,10,5,5,2,17,1,14,3,10,4,1,7,5,8,20,1,11,,101,,1,21,121.5400738,25.06641675
113,1,14,9,55,2,03中山區,中山區龍江路370巷21號,0,0,1,2,F01,8,7,5,30,14,9,1,5,4,5,13,4,4,10,5,5,2,17,2,66,2,9,4,1,7,9,8,20,1,11,,44,,1,21,121.5400738,25.06641675
113,1,14,10,15,2,12內湖區,內湖區文德路66巷與文德路66巷11弄口,0,0,1,1,C03,8,6,5,30,4,1,1,5,4,5,13,4,4,10,5,5,2,15,1,65,2,9,5,1,7,9,1,10,1,11,,72,,1,21,121.5814177,25.07795189
113,1,14,10,15,2,12內湖區,內湖區文德路66巷與文德路66巷11弄口,0,0,1,2,B03,8,6,5,30,4,1,1,5,4,5,13,4,4,10,5,5,2,15,1,65,3,10,7,1,7,9,1,8,1,1,,108,,1,21,121.5814177,25.07795189
113,1,14,10,19,2,09北投區,北投區行義路186巷與行義路口,0,0,2,1,B03,8,6,5,30,3,1,1,5,4,5,13,3,1,4,5,5,1,36,1,72,2,3,7,1,7,5,1,8,1,1,,116,,1,21,121.5285069,25.13274761
113,1,14,10,19,2,09北投區,北投區行義路186巷與行義路口,0,0,2,2,,8,6,5,30,3,1,1,5,4,5,13,3,1,4,5,5,1,36,3,0,,,,,,,,,,,,67,,1,,121.5285069,25.13274761
113,1,14,10,19,2,09北投區,北投區行義路186巷與行義路口,0,0,2,3,,8,6,5,30,3,1,1,5,4,5,13,3,1,4,5,5,1,36,3,56,,,,,,,,,,,,67,,1,,121.5285069,25.13274761
113,1,14,10,19,2,09北投區,北投區行義路186巷與行義路口,0,0,2,4,H02,8,6,5,30,3,1,1,5,4,5,13,3,1,4,5,5,1,36,2,50,2,3,7,5,7,17,8,20,10,16,,67,,1,21,121.5285069,25.13274761
113,1,14,11,20,2,10文山區,文山區基隆路4段與羅斯福路4段口,0,0,1,1,C03,8,6,5,50,5,1,1,5,4,5,13,2,1,1,4,5,2,13,1,33,2,8,6,1,7,14,1,10,1,13,,44,,1,21,121.5370305,25.0107834
113,1,14,11,20,2,10文山區,文山區基隆路4段與羅斯福路4段口,0,0,1,2,C03,8,6,5,50,5,1,1,5,4,5,13,2,1,1,4,5,2,13,1,60,3,10,5,1,7,6,1,10,1,11,,16,,1,21,121.5370305,25.0107834
113,1,14,11,35,2,05中正區,中正區市民大道2段華山大草原前,0,0,4,1,C03,8,6,5,40,14,9,1,5,4,5,13,2,1,1,4,1,2,9,2,33,2,9,6,1,7,3,1,10,2,11,,42,,1,21,121.5304404,25.0460135
113,1,14,11,35,2,05中正區,中正區市民大道2段華山大草原前,0,0,4,3,C03,8,6,5,40,14,9,1,5,4,5,13,2,1,1,4,1,2,9,1,36,2,7,6,1,7,14,1,10,2,13,,44,,1,21,121.5304404,25.0460135
113,1,14,11,35,2,05中正區,中正區市民大道2段華山大草原前,0,0,4,2,H02,8,6,5,40,14,9,1,5,4,5,13,2,1,1,4,1,2,9,2,33,2,8,6,5,7,20,8,20,10,17,,67,,1,21,121.5304404,25.0460135
113,1,14,11,35,2,05中正區,中正區市民大道2段華山大草原前,0,0,4,4,H02,8,6,5,40,14,9,1,5,4,5,13,2,1,1,4,1,2,9,2,38,2,9,6,5,7,20,8,20,10,17,,67,,1,21,121.5304404,25.0460135
113,1,14,12,13,2,09北投區,北投區公館路與無名巷口,0,0,1,1,C03,8,7,5,50,3,1,1,5,4,5,13,1,1,5,5,5,2,16,1,19,3,10,5,1,7,6,1,10,1,12,,80,,1,22,121.5027777,25.12206678
113,1,14,12,13,2,09北投區,北投區公館路與無名巷口,0,0,1,2,C03,8,7,5,50,3,1,1,5,4,5,13,1,1,5,5,5,2,16,1,28,2,9,5,1,7,9,1,10,1,11,,44,,1,22,121.5027777,25.12206678
113,1,14,12,47,2,08士林區,士林區承德路4段與承德路4段266巷口,0,0,1,1,C03,8,6,5,30,4,2,1,5,4,5,13,2,1,1,3,4,2,17,1,60,3,10,3,4,7,1,1,10,1,12,,19,,1,21,121.5200152,25.0892903
113,1,14,12,47,2,08士林區,士林區承德路4段與承德路4段266巷口,0,0,1,2,C03,8,6,5,30,4,2,1,5,4,5,13,2,1,1,3,4,2,17,1,32,3,10,3,4,7,9,1,10,1,14,,44,,1,21,121.5200152,25.0892903
113,1,14,12,47,2,08士林區,士林區承德路4段與承德路4段266巷口,0,0,1,3,H02,8,6,5,30,4,2,1,5,4,5,13,2,1,1,3,4,2,17,2,32,2,8,3,5,7,20,8,20,10,16,,67,,1,22,121.5200152,25.0892903
113,1,14,12,55,2,12內湖區,內湖區民權東路6段180巷與成功路2段115巷47弄口,0,0,1,1,B03,8,5,5,50,3,2,1,5,4,5,13,4,4,10,5,5,2,16,1,59,3,10,7,1,7,1,1,4,1,1,,19,,1,21,121.5925477,25.06511929