發生年度,發生月,發生日,發生時-Hours,發生分,處理別-編號,區序,肇事地點,死亡人數,2-30日死亡人數,受傷人數,當事人序號,車種,天候,道路照明設備,道路類別,速限-速度限制,道路型態,事故位置,路面狀況1,路面狀況2,路面狀況3,道路障礙1,道路障礙2,號誌1,號誌2,車道劃分-分向,車道劃分-分道1,車道劃分-分道2,車道劃分-分道3,事故類型及型態,性別,年齡,受傷程度,主要傷處,保護裝置,行動電話,車輛用途,當事者行動狀態,駕駛資格情形,駕駛執照種類,飲酒情形,車輛撞擊部位1,車輛撞擊部位2,肇因碼-個別,肇因碼-主要,個人肇逃否,職業,座標-X,座標-Y
113,1,14,12,55,2,12內湖區,內湖區民權東路6段180巷與成功路2段115巷47弄口,0,0,1,2,C03,8,5,5,50,3,2,1,5,4,5,13,4,4,10,5,5,2,16,1,26,2,9,5,1,7,9,1,10,1,12,,44,,1,21,121.5925477,25.06511929
113,1,14,12,59,2,10文山區,文山區新光路1段118巷與萬壽橋口旁,0,0,1,1,C03,8,7,5,30,14,9,1,5,4,5,13,4,4,10,5,5,2,18,2,38,2,9,5,1,7,11,1,10,2,14,,116,,1,21,121.573099,24.99175083
113,1,14,12,59,2,10文山區,文山區新光路1段118巷與萬壽橋口旁,0,0,1,2,,8,7,5,30,14,9,1,5,4,5,13,4,4,10,5,5,2,18,3,,,,,,,,,,10,,,67,,1,,121.573099,24.99175083
113,1,14,13,20,2,01大同區,大同區民族西路與承德路3段口,0,0,1,1,B01,8,5,5,50,4,2,1,5,4,5,13,2,1,5,4,5,2,17,1,64,3,10,3,4,7,6,1,8,1,2,,42,,1,21,121.51831,25.0684616
113,1,14,13,20,2,01大同區,大同區民族西路與承德路3段口,0,0,1,2,C03,8,5,5,50,4,2,1,5,4,5,13,2,1,5,4,5,2,17,1,31,2,8,3,4,7,9,1,10,1,11,,42,,1,21,121.51831,25.0684616
113,1,14,14,16,2,12內湖區,內湖區江南街與瑞光路口,0,0,2,1,C03,8,6,5,50,3,1,1,5,4,5,13,3,1,9,4,5,2,16,1,39,2,9,6,1,7,6,1,10,2,11,,72,,1,21,121.5754364,25.0760766
113,1,14,14,16,2,12內湖區,內湖區江南街與瑞光路口,0,0,2,2,C03,8,6,5,50,3,1,1,5,4,5,13,3,1,9,4,5,2,16,1,30,2,9,6,1,7,9,1,10,2,11,,14,,1,21,121.5754364,25.0760766
113,1,14,14,42,2,10文山區,文山區久康街與秀明路1段22巷口,0,0,1,1,C03,8,7,5,30,3,1,1,5,4,5,13,4,4,5,5,5,2,17,2,52,2,9,6,1,7,9,1,10,1,11,,5,,1,21,121.5647506,24.9890372
113,1,14,14,42,2,10文山區,文山區久康街與秀明路1段22巷口,0,0,1,2,B03,8,7,5,30,3,1,1,5,4,5,13,4,4,5,5,5,2,17,2,57,3,10,7,1,7,6,1,8,1,5,,44,,1,21,121.5647506,24.9890372
113,1,14,15,5,2,05中正區,中正區忠孝西路1段38號,0,0,1,3,B02,8,6,8,50,22,22,1,5,4,5,13,4,4,10,4,5,2,9,1,43,2,9,4,5,8,13,8,20,2,16,,38,,1,21,121.5164222,25.0463492
113,1,14,15,5,2,05中正區,中正區忠孝西路1段38號,0,0,1,2,A05,8,6,8,50,22,22,1,5,4,5,13,4,4,10,4,5,2,9,1,61,3,10,7,1,7,9,1,2,2,5,,108,,1,21,121.5164222,25.0463492
113,1,14,15,5,2,05中正區,中正區忠孝西路1段38號,0,0,1,1,H01,8,6,8,50,22,22,1,5,4,5,13,4,4,10,4,5,2,9,1,43,4,11,4,5,8,16,8,20,2,16,,53,,1,21,121.5164222,25.0463492
113,1,14,15,30,2,03中山區,中山區北安路與大直街口,0,0,2,1,B01,8,7,5,50,4,1,1,5,4,5,13,2,1,1,4,5,2,12,1,67,3,10,3,4,7,8,1,4,2,5,,100,,1,21,121.547357,25.07990436
113,1,14,15,30,2,03中山區,中山區北安路與大直街口,0,0,2,2,C03,8,7,5,50,4,1,1,5,4,5,13,2,1,1,4,5,2,12,2,53,2,9,6,4,7,7,1,10,2,14,,100,,1,21,121.547357,25.07990436
113,1,14,15,30,2,03中山區,中山區北安路與大直街口,0,0,2,3,H02,8,7,5,50,4,1,1,5,4,5,13,2,1,1,4,5,2,12,2,55,2,9,6,5,7,21,8,20,10,16,,67,,1,21,121.547357,25.07990436
113,1,14,15,34,2,05中正區,中正區古亭河濱公園,0,0,1,1,F01,8,6,7,30,22,23,1,5,4,5,13,4,4,5,4,5,2,12,4,0,,,,,,,,,,,,119,,2,,121.5306041,25.010368
113,1,14,15,34,2,05中正區,中正區古亭河濱公園,0,0,1,2,F01,8,6,7,30,22,23,1,5,4,5,13,4,4,5,4,5,2,12,2,27,2,8,4,1,7,9,8,20,9,11,,44,,1,21,121.5306041,25.010368
113,1,14,15,46,2,05中正區,中正區中山北路1段與市民大道1段口口,0,0,2,1,C03,8,5,5,50,4,1,1,5,4,5,13,2,1,5,4,5,1,13,1,32,2,8,6,1,7,9,1,10,1,11,,16,,1,21,121.5207084,25.0478038
113,1,14,15,46,2,05中正區,中正區中山北路1段與市民大道1段口口,0,0,2,2,C03,8,5,5,50,4,1,1,5,4,5,13,2,1,5,4,5,1,13,1,24,2,8,6,1,7,9,1,10,1,13,,44,,1,21,121.5207084,25.0478038
113,1,14,16,50,2,04大安區,大安區杭州南路2段與潮州街口,0,0,1,1,C03,8,6,5,50,4,1,1,5,4,5,13,2,1,5,5,5,2,16,1,27,2,9,6,1,7,5,1,10,1,11,,74,,1,21,121.521996,25.0295749
113,1,14,16,50,2,04大安區,大安區杭州南路2段與潮州街口,0,0,1,2,B03,8,6,5,50,4,1,1,5,4,5,13,2,1,5,5,5,2,16,2,42,3,10,7,1,7,9,1,8,1,8,,44,,1,21,121.521996,25.0295749
113,1,14,17,30,2,09北投區,北投區承德路7段95號,0,0,1,1,B03,8,5,5,50,14,9,1,5,4,3,10,4,4,1,4,5,2,16,1,49,3,10,7,1,7,6,1,8,1,2,,9,,1,21,121.5098485,25.1116958
113,1,14,17,30,2,09北投區,北投區承德路7段95號,0,0,1,2,C03,8,5,5,50,14,9,1,5,4,3,10,4,4,1,4,5,2,16,1,47,2,3,5,1,7,9,1,10,1,14,,44,,1,21,121.5098485,25.1116958
113,1,14,17,30,2,09北投區,北投區承德路7段95號,0,0,1,3,B03,8,5,5,50,14,9,1,5,4,3,10,4,4,1,4,5,2,16,1,29,3,10,7,1,7,14,1,8,9,17,,38,,2,21,121.5098485,25.1116958
113,1,14,17,30,2,10文山區,文山區景文街146巷(景新高爾夫球場)旁,0,0,1,1,F01,8,6,5,30,14,9,1,5,4,5,13,4,4,10,5,5,2,17,1,13,2,1,4,1,7,9,8,20,1,11,,108,,1,15,121.5345537,24.99469847
113,1,14,17,30,2,10文山區,文山區景文街146巷(景新高爾夫球場)旁,0,0,1,2,B03,8,6,5,30,14,9,1,5,4,5,13,4,4,10,5,5,2,17,1,64,3,10,3,4,7,13,1,8,11,3,,38,,1,21,121.5345537,24.99469847
113,1,14,17,46,2,12內湖區,內湖區新明路與新明路321巷口,0,0,1,1,C03,8,5,5,50,3,2,1,5,4,5,13,1,1,5,4,4,2,16,1,72,2,9,5,1,7,5,1,10,2,12,,8,,1,21,121.5844139,25.0569509
113,1,14,17,46,2,12內湖區,內湖區新明路與新明路321巷口,0,0,1,2,B03,8,5,5,50,3,2,1,5,4,5,13,1,1,5,4,4,2,16,1,60,3,10,7,1,7,9,1,8,2,8,,44,,1,21,121.5844139,25.0569509
113,1,14,18,7,2,09北投區,北投區明德路與明德路113巷口,0,0,1,1,C03,8,5,5,50,4,2,1,5,4,5,13,4,4,5,2,5,2,3,1,53,3,10,6,1,7,9,1,10,1,11,,70,,1,22,121.5199175,25.1097574
113,1,14,18,7,2,09北投區,北投區明德路與明德路113巷口,0,0,1,2,H01,8,5,5,50,4,2,1,5,4,5,13,4,4,5,2,5,2,3,2,63,2,1,4,5,8,16,8,20,10,16,,67,,1,22,121.5199175,25.1097574
113,1,14,18,9,2,04大安區,大安區羅斯福路3段283巷與溫州街68巷口,0,0,1,1,B03,7,5,5,30,4,1,1,5,4,5,13,4,4,10,5,5,2,3,1,60,3,10,3,4,7,5,1,7,1,8,,70,,1,22,121.5318332,25.020189
113,1,14,18,9,2,04大安區,大安區羅斯福路3段283巷與溫州街68巷口,0,0,1,2,H01,7,5,5,30,4,1,1,5,4,5,13,4,4,10,5,5,2,3,1,25,2,8,4,5,8,16,8,20,10,16,,67,,1,22,121.5318332,25.020189
113,1,14,18,11,2,07信義區,信義區逸仙路50巷與無名巷口,0,0,1,1,B03,8,5,5,30,4,1,1,5,4,5,13,4,4,10,5,5,2,15,1,45,3,10,7,1,7,9,1,8,1,1,,14,,1,21,121.562566,25.0406262
113,1,14,18,11,2,07信義區,信義區逸仙路50巷與無名巷口,0,0,1,2,C03,8,5,5,30,4,1,1,5,4,5,13,4,4,10,5,5,2,15,2,40,2,7,6,1,7,9,1,10,1,14,,108,,1,21,121.562566,25.0406262
113,1,14,18,21,2,05中正區,中正區羅斯福路2段166號,0,0,1,1,B03,8,5,5,50,14,9,1,5,4,5,13,4,4,1,4,5,2,12,1,33,3,10,7,1,7,1,1,8,2,17,,19,,1,22,121.5233928,25.0255709
113,1,14,18,21,2,05中正區,中正區羅斯福路2段166號,0,0,1,2,C03,8,5,5,50,14,9,1,5,4,5,13,4,4,1,4,5,2,12,1,65,3,10,5,1,7,9,1,10,2,17,,44,,1,22,121.5233928,25.0255709
113,1,14,18,21,2,05中正區,中正區羅斯福路2段166號,0,0,1,3,C03,8,5,5,50,14,9,1,5,4,5,13,4,4,1,4,5,2,12,2,57,2,9,5,1,7,9,1,10,2,14,,44,,1,22,121.5233928,25.0255709
113,1,14,18,21,2,05中正區,中正區羅斯福路2段166號,0,0,1,4,C03,8,5,5,50,14,9,1,5,4,5,13,4,4,1,4,5,2,12,1,59,3,10,5,1,7,9,1,10,2,12,,44,,1,22,121.5233928,25.0255709
113,1,14,18,51,2,03中山區,中山區北安路47號,0,0,4,1,B01,7,5,5,50,14,9,1,5,4,5,13,4,4,3,4,5,2,13,1,56,3,10,7,1,7,9,1,4,1,8,,108,,1,21,121.5286352,25.0776167
113,1,14,18,51,2,03中山區,中山區北安路47號,0,0,4,3,B03,7,5,5,50,14,9,1,5,4,5,13,4,4,3,4,5,2,13,2,53,3,10,7,1,7,14,1,8,1,3,,44,,1,21,121.5286352,25.0776167
113,1,14,18,51,2,03中山區,中山區北安路47號,0,0,4,2,B01,7,5,5,50,14,9,1,5,4,5,13,4,4,3,4,5,2,13,1,51,3,10,7,1,7,14,1,4,1,6,,44,,1,21,121.5286352,25.0776167
113,1,14,18,51,2,03中山區,中山區北安路47號,0,0,4,4,H02,7,5,5,50,14,9,1,5,4,5,13,4,4,3,4,5,2,13,2,80,2,1,7,5,7,20,8,20,10,16,,67,,1,21,121.5286352,25.0776167
113,1,14,18,51,2,03中山區,中山區北安路47號,0,0,4,5,H02,7,5,5,50,14,9,1,5,4,5,13,4,4,3,4,5,2,13,1,57,2,1,3,5,7,20,8,20,10,16,,67,,1,21,121.5286352,25.0776167
113,1,14,18,51,2,03中山區,中山區北安路47號,0,0,4,6,H02,7,5,5,50,14,9,1,5,4,5,13,4,4,3,4,5,2,13,2,53,2,1,3,5,7,20,8,20,10,16,,67,,1,21,121.5286352,25.0776167
113,1,14,18,51,2,03中山區,中山區北安路47號,0,0,4,7,H02,7,5,5,50,14,9,1,5,4,5,13,4,4,3,4,5,2,13,2,15,2,1,3,5,7,21,8,20,10,16,,67,,1,21,121.5286352,25.0776167
113,1,14,18,51,2,08士林區,士林區文昌路38號,0,0,2,1,C03,8,5,5,50,14,9,1,5,4,5,13,4,4,5,4,4,2,16,2,34,2,5,5,1,7,1,1,10,1,14,,19,,1,21,121.5214936,25.09545799
113,1,14,18,51,2,08士林區,士林區文昌路38號,0,0,2,2,C03,8,5,5,50,14,9,1,5,4,5,13,4,4,5,4,4,2,16,1,19,2,9,5,1,7,9,1,10,1,12,,44,,1,21,121.5214936,25.09545799
113,1,14,20,21,2,12內湖區,內湖區瑞光路478巷與瑞光路口,0,0,1,1,B03,7,6,5,50,4,1,1,5,4,5,13,2,1,9,4,5,2,16,1,62,3,10,7,1,7,5,1,15,2,2,,71,,1,21,121.5694737,25.07886866
113,1,14,20,21,2,12內湖區,內湖區瑞光路478巷與瑞光路口,0,0,1,2,C03,7,6,5,50,4,1,1,5,4,5,13,2,1,9,4,5,2,16,1,19,2,9,6,1,7,9,1,10,2,11,,44,,1,21,121.5694737,25.07886866
113,1,14,20,23,2,08士林區,士林區中山北路5段525號,0,0,1,1,B03,8,5,5,40,14,9,1,5,4,5,13,4,4,4,4,5,2,17,1,23,3,10,7,1,7,14,1,8,1,2,,40,,1,21,121.5279532,25.0939917
113,1,14,20,23,2,08士林區,士林區中山北路5段525號,0,0,1,2,C03,8,5,5,40,14,9,1,5,4,5,13,4,4,4,4,5,2,17,1,23,2,9,6,1,7,9,1,8,1,14,,44,,1,21,121.5279532,25.0939917
113,1,14,20,23,2,08士林區,士林區中山北路5段525號,0,0,1,3,H02,8,5,5,40,14,9,1,5,4,5,13,4,4,4,4,5,2,17,4,0,4,11,3,4,7,21,7,20,10,17,,119,,2,21,121.5279532,25.0939917
113,1,14,21,45,2,09北投區,北投區大度路與中央北路2段257巷口,0,0,2,1,,8,5,5,50,5,2,1,5,4,5,13,2,1,1,4,1,1,27,3,0,,,,,,,,,,,,67,,1,,121.4864658,25.1220991
113,1,14,21,45,2,09北投區,北投區大度路與中央北路2段257巷口,0,0,2,2,C03,8,5,5,50,5,2,1,5,4,5,13,2,1,1,4,1,1,27,1,20,2,9,3,4,7,9,1,10,1,11,,44,,1,21,121.4864658,25.1220991
113,1,14,21,45,2,09北投區,北投區大度路與中央北路2段257巷口,0,0,2,3,H02,8,5,5,50,5,2,1,5,4,5,13,2,1,1,4,1,1,27,2,19,2,9,3,5,7,20,8,20,10,16,,67,,1,21,121.4864658,25.1220991
113,1,14,22,9,2,10文山區,文山區辛亥路6段與木柵路1段口口,0,0,1,1,B03,8,5,5,50,4,1,1,5,4,5,13,2,1,1,4,5,2,13,1,54,3,10,7,1,7,9,1,8,2,8,,107,,1,21,121.5523155,24.9878403
113,1,14,22,9,2,10文山區,文山區辛亥路6段與木柵路1段口口,0,0,1,2,C03,8,5,5,50,4,1,1,5,4,5,13,2,1,1,4,5,2,13,2,21,2,8,5,1,7,5,1,10,2,13,,44,,1,21,121.5523155,24.9878403
113,1,14,22,30,2,05中正區,中正區重慶南路1段與開封街1段口,0,0,3,1,C04,8,5,5,50,4,2,1,5,4,5,13,1,1,10,4,5,1,17,1,29,2,9,5,1,7,5,1,10,1,14,,8,,1,21,121.5132707,25.0461092
113,1,14,22,30,2,05中正區,中正區重慶南路1段與開封街1段口,0,0,3,2,C03,8,5,5,50,4,2,1,5,4,5,13,1,1,10,4,5,1,17,1,55,2,9,5,1,7,10,1,10,1,12,,100,,1,21,121.5132707,25.0461092
113,1,14,22,30,2,05中正區,中正區重慶南路1段與開封街1段口,0,0,3,3,H02,8,5,5,50,4,2,1,5,4,5,13,1,1,10,4,5,1,17,2,19,2,9,5,5,7,21,8,20,10,16,,67,,1,21,121.5132707,25.0461092
113,1,14,23,24,2,02萬華區,萬華區忠孝西路2段與西寧南路口,0,0,1,1,C03,8,5,5,50,4,1,1,5,4,5,13,1,1,8,3,5,1,13,1,20,3,10,5,1,7,9,3,18,1,11,,108,,1,21,121.5073453,25.0485756
113,1,14,23,24,2,02萬華區,萬華區忠孝西路2段與西寧南路口,0,0,1,2,C03,8,5,5,50,4,1,1,5,4,5,13,1,1,8,3,5,1,13,1,41,3,10,5,1,7,14,1,10,1,13,,44,,1,21,121.5073453,25.0485756
113,1,14,23,24,2,02萬華區,萬華區忠孝西路2段與西寧南路口,0,0,1,3,H02,8,5,5,50,4,1,1,5,4,5,13,1,1,8,3,5,1,13,2,40,2,7,5,5,7,21,8,20,10,16,,67,,1,21,121.5073453,25.0485756
113,1,14,23,41,2,01大同區,大同區長安西路與塔城街口,0,0,2,1,B01,8,5,5,50,4,1,1,5,4,5,13,2,1,5,4,5,2,15,1,43,2,9,7,1,7,9,1,4,2,1,,79,,1,21,121.5104839,25.0519959
113,1,14,23,41,2,01大同區,大同區長安西路與塔城街口,0,0,2,2,E03,8,5,5,50,4,1,1,5,4,5,13,2,1,5,4,5,2,15,1,27,2,9,7,1,7,9,1,8,2,2,,42,,1,23,121.5104839,25.0519959
113,1,14,23,50,2,12內湖區,內湖區民權大橋(西往東方向)往內湖方向7510468燈桿附近,0,0,2,1,C03,8,5,5,50,14,9,1,5,4,5,13,4,4,1,3,5,1,12,1,18,2,9,6,1,7,9,1,10,2,11,,16,,1,21,121.5712358,25.06449769
113,1,14,23,50,2,12內湖區,內湖區民權大橋(西往東方向)往內湖方向7510468燈桿附近,0,0,2,2,F01,8,5,5,50,14,9,1,5,4,5,13,4,4,1,3,5,1,12,2,34,2,9,4,1,7,9,8,20,2,13,,44,,1,21,121.5712358,25.06449769
113,1,15,6,26,2,06松山區,松山區民權東路4段與光復北路口,0,0,1,1,C03,7,7,5,40,4,1,1,5,4,5,13,1,1,1,4,4,2,16,1,39,3,10,6,1,7,6,1,10,2,13,,9,,1,21,121.5546237,25.0617306
113,1,15,6,26,2,06松山區,松山區民權東路4段與光復北路口,0,0,1,2,C03,7,7,5,40,4,1,1,5,4,5,13,1,1,1,4,4,2,16,1,42,2,9,5,1,7,9,1,10,2,11,,44,,1,21,121.5546237,25.0617306
113,1,15,7,23,2,02萬華區,萬華區大理街170巷與環河南路2段175巷口,0,0,1,1,C03,8,7,5,30,3,1,1,5,4,5,13,4,4,8,3,5,2,12,2,62,2,9,5,4,7,9,1,10,1,12,,14,,1,22,121.4928828,25.0323287
113,1,15,7,23,2,02萬華區,萬華區大理街170巷與環河南路2段175巷口,0,0,1,2,B03,8,7,5,30,3,1,1,5,4,5,13,4,4,8,3,5,2,12,1,56,3,10,3,4,7,9,1,8,1,4,,14,,1,22,121.4928828,25.0323287
113,1,15,7,30,2,08士林區,士林區社子街63巷與社子街口,0,0,1,1,C04,8,6,5,50,4,1,1,5,4,5,10,4,4,5,5,5,2,17,1,68,2,9,3,4,7,5,1,10,9,11,,74,,1,21,121.5070131,25.0874433
113,1,15,7,30,2,08士林區,士林區社子街63巷與社子街口,0,0,1,2,B03,8,6,5,50,4,1,1,5,4,5,10,4,4,5,5,5,2,17,2,54,3,10,3,4,7,9,1,8,9,4,,44,,1,21,121.5070131,25.0874433
113,1,15,7,43,2,05中正區,中正區和平西路1段與羅斯福路2段口,0,0,3,1,C03,7,6,5,50,4,1,1,5,4,5,13,2,1,3,4,5,2,17,1,31,2,7,5,1,7,9,1,10,1,11,,42,,1,21,121.5221544,25.0270834
113,1,15,7,43,2,05中正區,中正區和平西路1段與羅斯福路2段口,0,0,3,2,C03,7,6,5,50,4,1,1,5,4,5,13,2,1,3,4,5,2,17,2,43,2,9,5,1,7,9,1,10,1,13,,44,,1,21,121.5221544,25.0270834
113,1,15,7,43,2,05中正區,中正區和平西路1段與羅斯福路2段口,0,0,3,3,C03,7,6,5,50,4,1,1,5,4,5,13,2,1,3,4,5,2,17,1,52,2,3,5,1,7,9,1,10,1,14,,44,,1,21,121.5221544,25.0270834
113,1,15,7,43,2,05中正區,中正區和平西路1段與羅斯福路2段口,0,0,3,4,A02,7,6,5,50,4,1,1,5,4,5,13,2,1,3,4,5,2,17,1,41,3,10,7,1,7,9,1,2,1,7,,44,,1,21,121.5221544,25.0270834
113,1,15,7,55,2,10文山區,文山區木柵路2段8號對面,0,0,1,1,B01,7,6,5,50,14,9,1,5,4,5,13,4,4,5,4,5,2,16,1,65,3,10,7,1,7,11,1,4,2,4,,10,,1,21,121.5581298,24.9887961
113,1,15,7,55,2,10文山區,文山區木柵路2段8號對面,0,0,1,2,C03,7,6,5,50,14,9,1,5,4,5,13,4,4,5,4,5,2,16,1,29,2,9,6,1,7,9,1,9,2,11,14,44,,1,21,121.5581298,24.9887961
113,1,15,8,10,2,01大同區,大同區民權西路與延平北路3段口,0,0,1,1,C03,7,5,5,50,4,1,1,5,4,5,13,2,1,1,4,5,2,13,1,37,2,9,5,1,7,9,1,10,2,11,,108,,1,22,121.51114,25.0629894
113,1,15,8,10,2,01大同區,大同區民權西路與延平北路3段口,0,0,1,2,B11,7,5,5,50,4,1,1,5,4,5,13,2,1,1,4,5,2,13,1,43,3,10,7,1,7,14,1,4,2,6,,44,,1,26,121.51114,25.0629894
113,1,15,8,13,2,12內湖區,內湖區行忠路28巷與行忠路口,0,0,1,1,C03,7,6,5,50,3,1,1,5,4,5,13,4,4,1,4,5,2,16,1,36,2,8,6,1,7,7,6,10,1,14,,100,,1,22,121.577412,25.0653783
113,1,15,8,13,2,12內湖區,內湖區行忠路28巷與行忠路口,0,0,1,2,B03,7,6,5,50,3,1,1,5,4,5,13,4,4,1,4,5,2,16,1,44,3,10,3,4,7,9,1,8,1,2,,44,,1,22,121.577412,25.0653783
113,1,15,8,21,2,05中正區,中正區中山南路與青島西路口,0,0,3,1,B01,7,5,5,50,4,1,1,5,4,5,13,1,1,9,4,5,2,17,1,67,2,9,7,1,7,9,1,4,2,8,,13,,1,21,121.5191943,25.0444811
113,1,15,8,21,2,05中正區,中正區中山南路與青島西路口,0,0,3,2,B01,7,5,5,50,4,1,1,5,4,5,13,1,1,9,4,5,2,17,1,57,3,10,3,4,7,8,1,4,11,17,,100,,1,21,121.5191943,25.0444811
113,1,15,8,21,2,05中正區,中正區中山南路與青島西路口,0,0,3,3,H02,7,5,5,50,4,1,1,5,4,5,13,1,1,9,4,5,2,17,1,39,2,9,2,5,7,20,8,20,10,16,,67,,1,21,121.5191943,25.0444811
113,1,15,8,21,2,05中正區,中正區中山南路與青島西路口,0,0,3,4,H02,7,5,5,50,4,1,1,5,4,5,13,1,1,9,4,5,2,17,2,38,2,4,7,5,7,20,8,20,10,16,,67,,1,21,121.5191943,25.0444811
113,1,15,8,21,2,05中正區,中正區中山南路與青島西路口,0,0,3,5,,7,5,5,50,4,1,1,5,4,5,13,1,1,9,4,5,2,17,3,0,,,,,,,,,10,,,67,,1,,121.5191943,25.0444811
113,1,15,8,28,2,11南港區,南港區研究院路2段與舊莊街1段口,0,0,1,1,C03,8,6,5,50,3,2,1,5,4,5,13,2,1,5,2,5,2,16,1,64,2,9,6,1,7,5,1,10,1,14,,16,,1,21,121.6168843,25.0422904
113,1,15,8,28,2,11南港區,南港區研究院路2段與舊莊街1段口,0,0,1,2,B12,8,6,5,50,3,2,1,5,4,5,13,2,1,5,2,5,2,16,1,43,3,10,7,1,7,5,1,7,1,6,,44,,1,21,121.6168843,25.0422904
113,1,15,8,29,2,09北投區,北投區復興四路41號,0,0,1,1,B03,8,6,5,30,3,1,1,5,4,5,13,4,4,9,5,5,1,15,2,58,3,10,7,1,7,9,1,8,2,1,,74,,1,21,121.5008149,25.1427584
113,1,15,8,29,2,09北投區,北投區復興四路41號,0,0,1,2,C03,8,6,5,30,3,1,1,5,4,5,13,4,4,9,5,5,1,15,2,43,2,9,5,1,7,9,1,10,2,14,,44,,1,21,121.5008149,25.1427584
113,1,15,8,41,2,11南港區,南港區園區街23號,0,0,1,1,C03,7,6,5,30,14,9,1,5,4,5,13,4,4,10,4,5,2,12,2,49,2,9,6,1,7,7,1,10,1,14,,100,,1,21,121.6108327,25.0591753
113,1,15,8,41,2,11南港區,南港區園區街23號,0,0,1,2,B02,7,6,5,30,14,9,1,5,4,5,13,4,4,10,4,5,2,12,1,56,3,10,7,1,7,9,1,8,1,2,,44,,1,21,121.6108327,25.0591753
113,1,15,8,44,2,12內湖區,內湖區新湖一路東向西(近IKEA停車場出入口),0,0,1,1,B03,8,7,5,50,14,9,1,5,4,5,13,4,4,4,3,5,1,17,2,41,3,10,7,1,7,6,1,8,1,2,,9,,1,21,121.5787769,25.06002079
113,1,15,8,44,2,12內湖區,內湖區新湖一路東向西(近IKEA停車場出入口),0,0,1,2,C03,8,7,5,50,14,9,1,5,4,5,13,4,4,4,3,5,1,17,2,32,2,9,6,1,7,9,1,10,1,14,,108,,1,21,121.5787769,25.06002079
113,1,15,8,48,2,04大安區,大安區羅斯福路4段與基隆路4段口,0,0,1,1,C03,8,6,5,50,4,1,1,5,4,5,13,2,1,10,4,5,1,15,2,52,2,9,3,4,7,15,1,10,2,11,,44,,1,21,121.5374372,25.0112125
113,1,15,8,48,2,04大安區,大安區羅斯福路4段與基隆路4段口,0,0,1,2,C03,8,6,5,50,4,1,1,5,4,5,13,2,1,10,4,5,1,15,2,32,3,10,3,4,7,15,1,10,2,15,,44,,1,21,121.5374372,25.0112125
113,1,15,8,49,2,08士林區,士林區通河街76巷與承德路4段10巷口,0,0,1,1,C03,8,6,5,30,4,1,1,5,4,5,13,4,4,10,5,5,2,15,1,46,3,10,6,1,7,9,1,10,1,14,,80,,1,21,121.5201491,25.0801127
113,1,15,8,49,2,08士林區,士林區通河街76巷與承德路4段10巷口,0,0,1,2,C03,8,6,5,30,4,1,1,5,4,5,13,4,4,10,5,5,2,15,2,35,2,8,6,1,7,9,1,10,1,11,,14,,1,21,121.5201491,25.0801127
113,1,15,9,3,2,07信義區,信義區信安街67巷平面停車場入口前,0,0,1,1,C03,6,7,5,50,14,9,1,4,4,5,13,4,4,9,4,5,2,16,1,61,2,9,5,1,7,9,1,10,1,14,,16,,1,21,121.5588212,25.0259318
113,1,15,9,3,2,07信義區,信義區信安街67巷平面停車場入口前,0,0,1,2,C03,6,7,5,50,14,9,1,4,4,5,13,4,4,9,4,5,2,16,1,26,3,10,5,1,7,8,1,10,1,12,,16,,1,21,121.5588212,25.0259318
113,1,15,9,31,2,08士林區,士林區中正路603號與百齡橋口迴轉道,0,0,1,1,C03,6,6,5,50,3,1,1,4,4,5,13,4,4,1,4,5,1,16,2,25,2,9,6,1,7,6,1,10,1,12,,72,,1,22,121.5097874,25.0867196
113,1,15,9,31,2,08士林區,士林區中正路603號與百齡橋口迴轉道,0,0,1,2,C03,6,6,5,50,3,1,1,4,4,5,13,4,4,1,4,5,1,16,1,19,3,10,6,1,7,9,1,10,1,14,,14,,1,22,121.5097874,25.0867196
113,1,15,9,37,2,07信義區,信義區和平東路3段與基隆路2段口,0,0,1,1,C04,8,7,5,50,4,1,1,5,4,5,13,1,1,9,4,5,2,18,1,54,2,9,6,1,7,9,1,11,1,14,,44,,1,21,121.5528001,25.0246197
113,1,15,9,37,2,07信義區,信義區和平東路3段與基隆路2段口,0,0,1,2,,8,7,5,50,4,1,1,5,4,5,13,1,1,9,4,5,2,18,3,0,,,,,,,,,,,,67,,1,,121.5528001,25.0246197
113,1,15,9,44,2,10文山區,文山區木新路3段與一壽街口,0,0,1,1,B12,6,6,5,50,14,9,1,4,4,5,13,1,1,5,4,5,2,16,1,56,3,10,7,1,7,9,1,8,1,1,,44,,1,21,121.5563772,24.9805884
113,1,15,9,44,2,10文山區,文山區木新路3段與一壽街口,0,0,1,2,C03,6,6,5,50,14,9,1,4,4,5,13,1,1,5,4,5,2,16,2,64,2,8,6,1,7,5,1,10,1,12,,44,,1,21,121.5563772,24.9805884
113,1,15,10,0,2,10文山區,文山區辛亥路4段191號,0,0,1,1,B01,6,6,5,50,14,9,1,4,4,5,13,2,1,1,4,5,2,17,1,54,3,10,7,1,7,11,1,4,1,17,,10,,1,21,121.5570284,25.0048476
113,1,15,10,0,2,10文山區,文山區辛亥路4段191號,0,0,1,2,C03,6,6,5,50,14,9,1,4,4,5,13,2,1,1,4,5,2,17,1,26,2,9,5,1,7,9,1,10,1,11,,44,,1,21,121.5570284,25.0048476
113,1,15,10,22,2,06松山區,松山區復興北路31號,0,0,1,1,C03,6,7,5,50,14,9,1,4,4,5,13,4,4,1,4,5,2,18,2,27,2,9,6,1,7,9,1,10,1,12,,44,,1,21,121.5440449,25.0495207