發生年度,發生月,發生日,發生時-Hours,發生分,處理別-編號,區序,肇事地點,死亡人數,2-30日死亡人數,受傷人數,當事人序號,車種,天候,道路照明設備,道路類別,速限-速度限制,道路型態,事故位置,路面狀況1,路面狀況2,路面狀況3,道路障礙1,道路障礙2,號誌1,號誌2,車道劃分-分向,車道劃分-分道1,車道劃分-分道2,車道劃分-分道3,事故類型及型態,性別,年齡,受傷程度,主要傷處,保護裝置,行動電話,車輛用途,當事者行動狀態,駕駛資格情形,駕駛執照種類,飲酒情形,車輛撞擊部位1,車輛撞擊部位2,肇因碼-個別,肇因碼-主要,個人肇逃否,職業,座標-X,座標-Y
113,1,15,10,22,2,06松山區,松山區復興北路31號,0,0,1,2,,6,7,5,50,14,9,1,4,4,5,13,4,4,1,4,5,2,18,3,0,,,,,,,,,9,,,67,,1,,121.5440449,25.0495207
113,1,15,10,22,2,06松山區,松山區復興北路31號,0,0,1,3,B03,6,7,5,50,14,9,1,4,4,5,13,4,4,1,4,5,2,18,1,40,3,10,7,1,7,8,1,10,1,17,,100,,1,21,121.5440449,25.0495207
113,1,15,10,55,2,03中山區,中山區建國北路2段19巷與建國北路2段口,0,0,1,1,B03,6,7,5,50,3,2,1,4,4,5,13,4,4,1,4,5,2,16,2,39,3,10,7,1,7,8,1,8,9,4,,100,,1,22,121.5370781,25.0543051
113,1,15,10,55,2,03中山區,中山區建國北路2段19巷與建國北路2段口,0,0,1,2,C03,6,7,5,50,3,2,1,4,4,5,13,4,4,1,4,5,2,16,1,34,2,9,5,1,7,9,1,10,9,12,,44,,1,22,121.5370781,25.0543051
113,1,15,11,8,2,03中山區,中山區民權東路2段與中原街口,0,0,1,1,C03,6,7,5,50,4,2,1,4,4,5,13,1,1,1,4,5,2,17,1,71,3,10,5,1,7,8,1,10,1,13,,100,,1,22,121.5288654,25.0625126
113,1,15,11,8,2,03中山區,中山區民權東路2段與中原街口,0,0,1,2,C03,6,7,5,50,4,2,1,4,4,5,13,1,1,1,4,5,2,17,1,28,2,9,5,1,7,9,1,10,1,14,,44,,1,22,121.5288654,25.0625126
113,1,15,11,10,2,03中山區,中山區錦州街與錦州街30巷口,0,0,2,1,C03,6,7,5,30,3,1,1,4,4,5,13,4,4,5,4,5,2,16,2,57,2,8,6,4,7,5,1,10,1,11,,72,,1,21,121.5247105,25.0603098
113,1,15,11,10,2,03中山區,中山區錦州街與錦州街30巷口,0,0,2,2,C03,6,7,5,30,3,1,1,4,4,5,13,4,4,5,4,5,2,16,1,48,2,8,6,4,7,9,1,10,1,12,,13,,1,21,121.5247105,25.0603098
113,1,15,11,10,2,03中山區,中山區龍江路與錦州街口,0,0,1,1,B01,6,5,5,50,4,1,1,4,4,5,13,1,1,5,5,5,2,16,1,60,3,10,7,1,7,6,1,8,1,2,,9,,1,21,121.5407412,25.0602275
113,1,15,11,10,2,03中山區,中山區龍江路與錦州街口,0,0,1,2,C03,6,5,5,50,4,1,1,4,4,5,13,1,1,5,5,5,2,16,2,36,2,9,6,1,7,9,1,10,1,12,,44,,1,21,121.5407412,25.0602275
113,1,15,11,11,2,06松山區,松山區三民路31號,0,0,2,1,C03,6,6,5,50,14,9,1,4,4,5,13,4,4,5,4,5,2,12,2,33,2,9,6,1,7,8,1,10,1,12,,100,,1,21,121.563733,25.05516028
113,1,15,11,11,2,06松山區,松山區三民路31號,0,0,2,2,C03,6,6,5,50,14,9,1,4,4,5,13,4,4,5,4,5,2,12,2,37,2,9,6,1,7,9,1,10,1,14,,44,,1,21,121.563733,25.05516028
113,1,15,11,18,2,06松山區,松山區南京東路4段與健康路口,0,0,1,1,B01,6,5,5,50,4,2,1,4,4,5,13,2,1,3,4,4,2,17,1,68,3,10,3,4,7,6,1,4,1,6,,9,,1,22,121.5527678,25.05175158
113,1,15,11,18,2,06松山區,松山區南京東路4段與健康路口,0,0,1,2,C03,6,5,5,50,4,2,1,4,4,5,13,2,1,3,4,4,2,17,1,26,2,9,6,4,7,9,1,10,1,11,,13,,1,22,121.5527678,25.05175158
113,1,15,11,23,2,07信義區,信義區松信路與松隆路口,0,0,1,1,C03,6,5,5,50,4,1,1,4,4,5,12,1,1,5,5,4,2,17,1,43,3,10,3,4,7,5,1,10,1,17,,8,,1,21,121.5721481,25.0470889
113,1,15,11,23,2,07信義區,信義區松信路與松隆路口,0,0,1,2,C03,6,5,5,50,4,1,1,4,4,5,12,1,1,5,5,4,2,17,2,24,2,8,3,4,7,9,1,10,1,14,,44,,1,21,121.5721481,25.0470889
113,1,15,11,52,2,11南港區,南港區南港路3段53號,0,0,1,1,B03,6,6,5,50,14,9,1,4,4,5,13,4,4,5,4,5,2,17,1,67,3,10,7,1,7,1,1,8,1,8,,19,,1,21,121.5891109,25.0531219
113,1,15,11,52,2,11南港區,南港區南港路3段53號,0,0,1,2,C03,6,6,5,50,14,9,1,4,4,5,13,4,4,5,4,5,2,17,1,26,2,9,6,1,7,9,1,10,1,11,,13,,1,21,121.5891109,25.0531219
113,1,15,11,59,2,09北投區,北投區復興三路第復三幹66號電桿,0,0,3,1,B03,7,6,5,30,11,9,1,5,4,5,13,4,4,5,5,5,1,9,1,22,3,10,7,1,7,5,1,8,2,1,,108,,1,21,121.498327,25.1566093
113,1,15,11,59,2,09北投區,北投區復興三路第復三幹66號電桿,0,0,3,2,H02,7,6,5,30,11,9,1,5,4,5,13,4,4,5,5,5,1,9,1,17,2,9,2,5,7,17,8,20,10,16,,67,,1,21,121.498327,25.1566093
113,1,15,11,59,2,09北投區,北投區復興三路第復三幹66號電桿,0,0,3,3,H02,7,6,5,30,11,9,1,5,4,5,13,4,4,5,5,5,1,9,2,17,2,6,7,5,7,17,8,20,10,16,,67,,1,21,121.498327,25.1566093
113,1,15,11,59,2,09北投區,北投區復興三路第復三幹66號電桿,0,0,3,4,H02,7,6,5,30,11,9,1,5,4,5,13,4,4,5,5,5,1,9,1,19,2,9,7,5,7,17,8,20,10,16,,67,,1,21,121.498327,25.1566093
113,1,15,11,59,2,09北投區,北投區復興三路第復三幹66號電桿,0,0,3,5,,7,6,5,30,11,9,1,5,4,5,13,4,4,5,5,5,1,9,3,0,,,,,,,,,,,,67,,1,,121.498327,25.1566093
113,1,15,12,3,2,09北投區,北投區中央北路4段與中央北路4段515巷口,0,0,1,1,C03,8,7,5,50,3,2,1,5,4,5,13,1,1,9,5,4,1,13,1,68,2,7,5,1,7,9,1,10,2,11,,108,,1,21,121.4685507,25.128295
113,1,15,12,3,2,09北投區,北投區中央北路4段與中央北路4段515巷口,0,0,1,2,B03,8,7,5,50,3,2,1,5,4,5,13,1,1,9,5,4,1,13,1,67,3,10,7,1,7,14,1,8,2,6,,44,,1,21,121.4685507,25.128295
113,1,15,12,33,2,12內湖區,內湖區成功路2段312巷與成功路2段口,0,0,1,1,C03,6,6,5,50,3,2,1,4,4,5,13,4,4,9,4,5,2,17,2,49,2,9,6,1,7,9,1,10,2,11,,16,,1,21,121.5905884,25.06713064
113,1,15,12,33,2,12內湖區,內湖區成功路2段312巷與成功路2段口,0,0,1,2,B03,6,6,5,50,3,2,1,4,4,5,13,4,4,9,4,5,2,17,2,34,3,10,7,1,7,9,1,8,2,7,,44,,1,21,121.5905884,25.06713064
113,1,15,12,33,2,12內湖區,內湖區成功路2段312巷與成功路2段口,0,0,1,3,B03,6,6,5,50,3,2,1,4,4,5,13,4,4,9,4,5,2,17,1,49,3,10,7,1,7,9,1,8,2,6,,44,,1,21,121.5905884,25.06713064
113,1,15,13,38,2,12內湖區,內湖區麗山街與麗山街15巷口,0,0,1,1,C03,6,7,5,50,3,1,1,4,4,5,13,4,4,4,1,5,1,17,1,69,2,9,6,1,7,11,1,10,1,14,,10,,1,21,121.580289,25.08196258
113,1,15,13,38,2,12內湖區,內湖區麗山街與麗山街15巷口,0,0,1,2,C03,6,7,5,50,3,1,1,4,4,5,13,4,4,4,1,5,1,17,1,19,3,10,6,1,7,9,1,10,1,11,,14,,1,21,121.580289,25.08196258
113,1,15,14,25,2,09北投區,北投區承德路6段120號與無名路口,0,0,1,1,B12,7,6,5,50,3,1,1,5,4,5,13,4,4,1,4,4,1,16,1,63,3,10,7,1,7,6,1,8,1,4,,73,,1,21,121.5122935,25.1034914
113,1,15,14,25,2,09北投區,北投區承德路6段120號與無名路口,0,0,1,2,C03,7,6,5,50,3,1,1,5,4,5,13,4,4,1,4,4,1,16,2,36,2,9,5,1,7,9,1,10,1,11,,14,,1,21,121.5122935,25.1034914
113,1,15,14,29,2,03中山區,中山區中山北路3段54號,0,0,1,1,B01,8,6,5,50,14,9,1,5,4,5,13,4,4,9,5,5,2,12,1,60,3,10,7,1,7,1,1,4,1,8,,19,,1,21,121.5226197,25.06804376
113,1,15,14,29,2,03中山區,中山區中山北路3段54號,0,0,1,2,C03,8,6,5,50,14,9,1,5,4,5,13,4,4,9,5,5,2,12,1,18,2,9,5,1,7,9,1,10,1,11,,13,,1,21,121.5226197,25.06804376
113,1,15,14,30,2,08士林區,士林區百齡橋往西機車道(013電桿),0,0,2,1,C03,6,6,5,50,8,11,1,4,4,5,13,4,4,9,4,5,2,17,2,59,2,9,5,1,7,9,1,10,1,11,,16,,1,21,121.5137922,25.08933306
113,1,15,14,30,2,08士林區,士林區百齡橋往西機車道(013電桿),0,0,2,2,C03,6,6,5,50,8,11,1,4,4,5,13,4,4,9,4,5,2,17,2,21,2,9,5,1,7,12,1,10,1,13,,44,,1,21,121.5137922,25.08933306
113,1,15,14,30,2,08士林區,士林區百齡橋往西機車道(013電桿),0,0,2,3,C03,6,6,5,50,8,11,1,4,4,5,13,4,4,9,4,5,2,17,1,25,3,10,5,1,7,14,1,10,1,17,,44,,1,21,121.5137922,25.08933306
113,1,15,14,30,2,08士林區,士林區百齡橋往西機車道(013電桿),0,0,1,1,C03,6,6,5,50,8,11,1,4,4,5,13,4,4,1,4,5,1,12,2,70,2,9,6,1,7,9,1,10,1,11,,44,,1,22,121.5124987,25.0885717
113,1,15,14,30,2,08士林區,士林區百齡橋往西機車道(013電桿),0,0,1,2,C03,6,6,5,50,8,11,1,4,4,5,13,4,4,1,4,5,1,12,1,30,3,10,6,1,7,9,1,10,1,12,,108,,1,22,121.5124987,25.0885717
113,1,15,14,55,2,07信義區,信義區富陽街與富陽街21巷口,0,0,1,1,B12,8,6,5,30,4,1,1,4,4,5,13,4,4,9,4,5,2,16,1,67,3,10,7,1,7,5,1,8,1,8,,72,,1,21,121.5563138,25.0231816
113,1,15,14,55,2,07信義區,信義區富陽街與富陽街21巷口,0,0,1,2,C03,8,6,5,30,4,1,1,4,4,5,13,4,4,9,4,5,2,16,1,21,2,9,6,1,7,9,1,10,1,11,,14,,1,21,121.5563138,25.0231816
113,1,15,15,25,2,03中山區,中山區南京東路3段與復興北路口,0,0,1,1,C03,6,6,5,50,4,1,1,4,4,5,13,4,4,9,5,5,2,13,1,31,2,9,5,1,7,9,1,10,1,11,,16,,1,21,121.5440119,25.0519308
113,1,15,15,25,2,03中山區,中山區南京東路3段與復興北路口,0,0,1,2,B01,6,6,5,50,4,1,1,4,4,5,13,4,4,9,5,5,2,13,1,64,3,10,7,1,7,12,1,8,1,6,,44,,1,21,121.5440119,25.0519308
113,1,15,15,40,2,08士林區,士林區德行西路與文林路口,0,0,1,1,B01,8,6,5,50,4,2,1,5,4,5,13,1,1,1,4,5,1,16,1,59,3,10,3,4,7,5,1,4,1,8,,44,,1,22,121.5196661,25.1032738
113,1,15,15,40,2,08士林區,士林區德行西路與文林路口,0,0,1,2,C03,8,6,5,50,4,2,1,5,4,5,13,1,1,1,4,5,1,16,2,19,2,9,3,4,7,1,1,10,1,14,,19,,1,22,121.5196661,25.1032738
113,1,15,15,57,2,01大同區,大同區民權西路102巷4弄與民權西路102巷4弄口08002429號燈桿,0,0,1,1,C03,6,5,5,30,4,2,1,4,4,5,13,4,4,10,5,5,2,13,1,18,3,10,6,1,7,5,1,10,2,14,,8,,1,22,121.5173165,25.0615777
113,1,15,15,57,2,01大同區,大同區民權西路102巷4弄與民權西路102巷4弄口08002429號燈桿,0,0,1,2,C03,6,5,5,30,4,2,1,4,4,5,13,4,4,10,5,5,2,13,1,42,2,9,6,1,7,9,1,10,2,12,,13,,1,22,121.5173165,25.0615777
113,1,15,16,0,2,12內湖區,內湖區民權東路6段與成功路2段320巷31弄口,0,0,1,1,C03,6,7,5,50,14,9,1,4,4,5,13,1,1,1,3,5,1,17,1,41,2,9,6,1,7,8,1,10,1,12,,16,,1,21,121.5892495,25.06894006
113,1,15,16,0,2,12內湖區,內湖區民權東路6段與成功路2段320巷31弄口,0,0,1,2,B03,6,7,5,50,14,9,1,4,4,5,13,1,1,1,3,5,1,17,1,20,3,10,7,1,7,8,1,8,1,17,,100,,1,21,121.5892495,25.06894006
113,1,15,16,20,2,05中正區,中正區市民大道2段華山公園前,0,0,1,1,C03,6,5,5,40,14,9,1,4,4,5,13,4,4,1,4,5,2,17,1,46,2,9,6,1,7,9,1,10,2,14,,16,,1,21,121.5270447,25.0470144
113,1,15,16,20,2,05中正區,中正區市民大道2段華山公園前,0,0,1,2,,6,5,5,40,14,9,1,4,4,5,13,4,4,1,4,5,2,17,4,0,4,11,3,4,7,15,7,19,11,17,,119,,2,22,121.5270447,25.0470144
113,1,15,16,20,2,05中正區,中正區市民大道2段華山公園前,0,0,1,3,,6,5,5,40,14,9,1,4,4,5,13,4,4,1,4,5,2,17,4,0,4,11,3,4,7,15,7,19,11,17,,119,,2,21,121.5270447,25.0470144
113,1,15,16,37,2,05中正區,中正區和平西路2段134巷與汀州路1段口,0,0,2,1,B03,6,7,5,50,4,1,1,4,4,5,13,4,4,5,5,5,2,17,1,51,3,10,7,1,7,5,1,8,1,17,,72,,1,22,121.5062815,25.0319029
113,1,15,16,37,2,05中正區,中正區和平西路2段134巷與汀州路1段口,0,0,2,2,C03,6,7,5,50,4,1,1,4,4,5,13,4,4,5,5,5,2,17,2,32,2,9,6,1,7,9,1,10,1,17,,44,,1,22,121.5062815,25.0319029
113,1,15,16,37,2,05中正區,中正區和平西路2段134巷與汀州路1段口,0,0,2,3,H02,6,7,5,50,4,1,1,4,4,5,13,4,4,5,5,5,2,17,1,37,2,8,6,5,7,20,8,20,10,16,,67,,1,22,121.5062815,25.0319029
113,1,15,16,45,2,12內湖區,內湖區成功路2段320巷與成功路2段口,0,0,1,1,B03,6,7,5,50,3,1,1,4,4,5,13,2,1,1,4,5,2,16,1,32,3,10,7,1,7,5,1,8,1,5,,85,,1,21,121.5906221,25.06756812
113,1,15,16,45,2,12內湖區,內湖區成功路2段320巷與成功路2段口,0,0,1,2,C03,6,7,5,50,3,1,1,4,4,5,13,2,1,1,4,5,2,16,1,47,2,9,5,1,7,9,1,10,1,11,,44,,1,21,121.5906221,25.06756812
113,1,15,16,54,2,03中山區,中山區市民大道3段1號,0,0,1,1,C03,8,5,5,40,14,9,1,5,4,5,13,2,1,9,4,5,2,17,1,66,2,9,5,1,7,9,3,18,1,11,,108,,1,21,121.5311963,25.0459954
113,1,15,16,54,2,03中山區,中山區市民大道3段1號,0,0,1,2,B02,8,5,5,40,14,9,1,5,4,5,13,2,1,9,4,5,2,17,1,65,3,10,7,1,7,9,1,8,1,3,,44,,1,21,121.5311963,25.0459954
113,1,15,17,20,2,07信義區,信義區松勇路57號對面,0,0,1,1,B03,6,5,5,30,14,9,1,4,4,5,13,4,4,9,4,5,2,12,1,56,3,10,7,1,7,9,1,8,1,5,,108,,1,21,121.5696794,25.033895
113,1,15,17,20,2,07信義區,信義區松勇路57號對面,0,0,1,2,C03,6,5,5,30,14,9,1,4,4,5,13,4,4,9,4,5,2,12,1,29,2,8,5,1,7,14,1,10,1,14,,44,,1,21,121.5696794,25.033895
113,1,15,17,44,2,10文山區,文山區木新路3段163號,0,0,1,1,C03,6,5,5,50,14,9,1,4,4,5,13,4,4,5,4,5,2,12,1,28,3,10,5,1,7,7,1,10,2,11,,100,,1,21,121.5608749,24.9817263
113,1,15,17,44,2,10文山區,文山區木新路3段163號,0,0,1,2,C03,6,5,5,50,14,9,1,4,4,5,13,4,4,5,4,5,2,12,1,24,2,9,5,1,7,9,1,10,2,12,,44,,1,21,121.5608749,24.9817263
113,1,15,17,44,2,10文山區,文山區木新路3段163號,0,0,1,3,B03,6,5,5,50,14,9,1,4,4,5,13,4,4,5,4,5,2,12,2,59,3,10,7,1,7,14,1,8,9,17,,38,,1,21,121.5608749,24.9817263
113,1,15,17,44,2,10文山區,文山區試院路1號,0,0,1,1,C03,6,5,5,30,14,9,2,4,4,5,13,4,4,5,5,5,2,18,1,24,2,8,5,4,7,9,1,10,2,11,,44,,1,21,121.5498617,24.98746034
113,1,15,17,44,2,10文山區,文山區試院路1號,0,0,1,2,,6,5,5,30,14,9,2,4,4,5,13,4,4,5,5,5,2,18,3,0,,,,,,,,,10,,,67,,1,,121.5498617,24.98746034
113,1,15,17,55,2,04大安區,大安區辛亥路3段與基隆路3段口,0,0,1,1,C03,6,5,5,50,4,2,1,4,4,5,13,2,1,1,4,5,1,16,1,33,3,10,3,4,7,6,1,10,1,12,,9,,1,21,121.5467384,25.0194267
113,1,15,17,55,2,04大安區,大安區辛亥路3段與基隆路3段口,0,0,1,2,C03,6,5,5,50,4,2,1,4,4,5,13,2,1,1,4,5,1,16,2,44,2,9,3,4,7,9,1,10,1,11,,44,,1,21,121.5467384,25.0194267
113,1,15,17,59,2,08士林區,士林區雨聲街雨農國小後門,0,0,1,1,C03,6,5,5,30,14,9,1,4,4,5,13,4,4,5,5,5,2,17,1,27,2,9,6,1,7,9,1,10,1,11,,16,,1,21,121.530187,25.10458241
113,1,15,17,59,2,08士林區,士林區雨聲街雨農國小後門,0,0,1,2,B03,6,5,5,30,14,9,1,4,4,5,13,4,4,5,5,5,2,17,2,74,3,10,3,4,7,14,1,8,1,6,,44,,1,21,121.530187,25.10458241
113,1,15,18,14,2,08士林區,士林區德行東路190巷與德行東路190巷30弄口口,0,0,1,1,C03,6,5,5,30,4,1,1,4,4,5,13,4,4,10,5,5,2,17,1,38,3,10,6,1,7,15,1,10,1,17,,72,,1,21,121.5318198,25.1073433
113,1,15,18,14,2,08士林區,士林區德行東路190巷與德行東路190巷30弄口口,0,0,1,2,C03,6,5,5,30,4,1,1,4,4,5,13,4,4,10,5,5,2,17,1,26,2,9,6,1,7,9,1,9,1,17,,14,,1,21,121.5318198,25.1073433
113,1,15,18,35,2,04大安區,大安區金華街與愛國東路210巷口,0,0,1,1,C03,8,5,5,30,3,2,1,5,4,5,13,1,3,9,4,5,2,17,1,60,2,9,3,4,7,12,1,10,1,14,,72,,1,21,121.5238659,25.0306054
113,1,15,18,35,2,04大安區,大安區金華街與愛國東路210巷口,0,0,1,2,B01,8,5,5,30,3,2,1,5,4,5,13,1,3,9,4,5,2,17,1,63,3,10,3,4,7,9,1,4,1,17,,44,,1,21,121.5238659,25.0306054
113,1,15,18,35,2,05中正區,中正區忠孝東路2段94號,0,0,1,1,B01,6,5,5,50,14,9,1,4,4,5,13,4,4,1,4,5,2,17,1,59,3,10,3,4,7,14,1,8,9,17,,38,,1,22,121.5300519,25.04302473
113,1,15,18,35,2,05中正區,中正區忠孝東路2段94號,0,0,1,2,C03,6,5,5,50,14,9,1,4,4,5,13,4,4,1,4,5,2,17,1,27,2,9,5,1,7,9,1,10,1,14,,44,,1,22,121.5300519,25.04302473
113,1,15,18,35,2,05中正區,中正區忠孝東路2段94號,0,0,1,3,B03,6,5,5,50,14,9,1,4,4,5,13,4,4,1,4,5,2,17,1,38,3,10,7,1,7,13,1,8,9,17,,38,,1,22,121.5300519,25.04302473
113,1,15,18,35,2,05中正區,中正區忠孝東路2段94號,0,0,1,4,B12,6,5,5,50,14,9,1,4,4,5,13,4,4,1,4,5,2,17,1,32,3,10,3,1,7,14,1,8,9,17,,38,,1,22,121.5300519,25.04302473
113,1,15,18,35,2,05中正區,中正區忠孝東路2段94號,0,0,1,5,B03,6,5,5,50,14,9,1,4,4,5,13,4,4,1,4,5,2,17,1,50,3,10,7,1,7,14,1,8,9,17,,38,,1,22,121.5300519,25.04302473
113,1,15,18,40,2,07信義區,信義區忠孝東路5段68號,0,0,1,2,,6,5,5,0,22,20,4,4,4,5,13,4,4,10,5,5,2,18,3,0,,,,,,,,,,,,67,,1,,121.5674067,25.0409202
113,1,15,18,40,2,07信義區,信義區忠孝東路5段68號,0,0,1,1,F01,6,5,5,0,22,20,4,4,4,5,13,4,4,10,5,5,2,18,1,41,2,9,4,1,7,9,8,20,9,15,,116,,1,21,121.5674067,25.0409202
113,1,15,18,50,2,11南港區,南港區研究院路1段與研究院路1段151巷口,0,0,2,1,C03,6,5,5,50,4,2,1,4,4,5,13,1,1,1,4,5,2,13,1,25,2,8,3,1,7,9,1,10,1,11,,16,,1,21,121.6157154,25.0495407
113,1,15,18,50,2,11南港區,南港區研究院路1段與研究院路1段151巷口,0,0,2,2,C03,6,5,5,50,4,2,1,4,4,5,13,1,1,1,4,5,2,13,1,43,2,8,3,1,7,9,1,10,1,13,,103,,1,21,121.6157154,25.0495407
113,1,15,19,8,2,10文山區,文山區木柵路1段106號,0,0,1,1,H01,7,6,5,50,14,9,1,4,4,5,13,4,4,5,4,5,2,3,2,73,2,9,4,5,8,16,8,20,10,16,,53,,1,21,121.5509589,24.9875526
113,1,15,19,8,2,10文山區,文山區木柵路1段106號,0,0,1,2,C03,7,6,5,50,14,9,1,4,4,5,13,4,4,5,4,5,2,3,1,23,3,10,6,1,7,9,1,10,2,11,,108,,1,21,121.5509589,24.9875526
113,1,15,19,18,2,10文山區,文山區木新路3段與木新路3段74巷口口,0,0,1,1,B03,6,5,5,50,3,1,1,4,4,5,13,4,4,5,5,4,2,16,1,52,3,10,7,1,7,7,1,8,2,4,,101,,1,21,121.5636242,24.9823973
113,1,15,19,18,2,10文山區,文山區木新路3段與木新路3段74巷口口,0,0,1,2,C04,6,5,5,50,3,1,1,4,4,5,13,4,4,5,5,4,2,16,2,47,2,9,5,1,7,9,1,10,2,12,,108,,1,21,121.5636242,24.9823973
113,1,15,19,18,2,10文山區,文山區木新路3段與木新路3段74巷口口,0,0,1,3,,6,5,5,50,3,1,1,4,4,5,13,4,4,5,5,4,2,16,3,0,,,,,,,,,,,,67,,1,,121.5636242,24.9823973
113,1,15,19,27,2,04大安區,大安區和平東路3段與和平東路3段346巷口,0,0,1,1,B03,6,5,5,50,4,2,1,4,4,5,13,1,1,8,3,4,1,13,1,22,3,10,7,1,7,15,1,8,1,3,,99,,1,21,121.557435,25.0196857
113,1,15,19,27,2,04大安區,大安區和平東路3段與和平東路3段346巷口,0,0,1,2,C03,6,5,5,50,4,2,1,4,4,5,13,1,1,8,3,4,1,13,2,23,2,9,5,1,7,9,1,10,1,11,,13,,1,21,121.557435,25.0196857
113,1,15,19,30,2,12內湖區,內湖區舊宗路1段與新湖二路口,0,0,1,2,H01,6,5,5,50,4,1,1,4,4,5,13,2,1,5,4,5,2,2,1,50,2,9,4,5,8,16,8,20,10,16,,67,,1,21,121.5779356,25.06188692
113,1,15,19,30,2,12內湖區,內湖區舊宗路1段與新湖二路口,0,0,1,1,B03,6,5,5,50,4,1,1,4,4,5,13,2,1,5,4,5,2,2,4,0,4,11,3,4,7,21,7,19,9,15,,119,,2,22,121.5779356,25.06188692
113,1,15,19,41,2,07信義區,信義區松山路287巷40號,0,0,2,1,C03,6,5,5,30,14,9,1,4,4,5,13,4,4,10,5,5,2,13,2,25,2,8,6,1,7,9,1,10,1,11,,107,,1,21,121.5801682,25.0429103
113,1,15,19,41,2,07信義區,信義區松山路287巷40號,0,0,2,2,C03,6,5,5,30,14,9,1,4,4,5,13,4,4,10,5,5,2,13,2,38,2,8,6,1,7,5,1,10,1,14,,8,,1,21,121.5801682,25.0429103
113,1,15,19,52,2,06松山區,松山區塔悠路與撫遠街261巷口,0,0,1,1,B12,7,5,5,30,14,9,1,4,4,5,13,4,4,1,4,5,2,17,1,58,3,10,7,1,7,9,1,8,2,1,,101,,1,21,121.5684161,25.0621985
113,1,15,19,52,2,06松山區,松山區塔悠路與撫遠街261巷口,0,0,1,2,C03,7,5,5,30,14,9,1,4,4,5,13,4,4,1,4,5,2,17,1,35,2,9,6,1,7,9,1,10,2,11,,42,,1,21,121.5684161,25.0621985
113,1,15,19,55,2,08士林區,士林區中山北路7段天母圓環,0,0,1,1,C03,6,5,5,50,18,9,1,4,4,5,13,4,4,1,4,1,2,17,1,54,2,9,5,1,7,10,1,10,1,14,,78,,1,21,121.5328816,25.12484863
113,1,15,19,55,2,08士林區,士林區中山北路7段天母圓環,0,0,1,2,B03,6,5,5,50,18,9,1,4,4,5,13,4,4,1,4,1,2,17,2,52,3,10,7,1,7,9,1,8,1,5,,44,,1,21,121.5328816,25.12484863
113,1,15,19,57,2,02萬華區,萬華區中華路1段與南寧路口,0,0,1,1,C03,7,5,5,50,5,2,1,5,4,5,13,1,1,1,2,1,2,9,1,27,3,10,5,4,7,9,1,10,2,17,,99,,1,23,121.5064704,25.03698667
113,1,15,19,57,2,02萬華區,萬華區中華路1段與南寧路口,0,0,1,2,H01,7,5,5,50,5,2,1,5,4,5,13,1,1,1,2,1,2,9,1,57,2,9,4,5,8,18,8,20,10,16,,67,,1,21,121.5064704,25.03698667
113,1,15,20,5,2,12內湖區,內湖區新明路與新明路298巷口,0,0,1,1,C03,6,5,8,50,14,9,1,4,4,5,13,2,1,5,4,5,2,17,1,33,2,9,5,1,7,8,1,10,1,14,,100,,1,21,121.5821787,25.05581408
113,1,15,20,5,2,12內湖區,內湖區新明路與新明路298巷口,0,0,1,2,B03,6,5,8,50,14,9,1,4,4,5,13,2,1,5,4,5,2,17,2,47,3,10,7,1,7,9,1,8,1,5,,44,,1,21,121.5821787,25.05581408
113,1,15,20,10,2,12內湖區,內湖區民權東路6段與行愛路口,0,0,1,1,C03,6,5,5,50,8,11,1,4,4,5,13,2,1,1,4,5,2,18,1,26,2,9,6,4,7,21,1,10,2,15,,44,,1,21,121.578127,25.06654114
113,1,15,20,10,2,12內湖區,內湖區民權東路6段與行愛路口,0,0,1,2,,6,5,5,50,8,11,1,4,4,5,13,2,1,1,4,5,2,18,3,0,,,,,,,,,,,,67,,1,,121.578127,25.06654114
113,1,15,20,50,2,05中正區,中正區羅斯福路4段與羅斯福路4段24巷口,0,0,1,1,B01,7,5,5,50,3,1,1,4,4,5,13,4,4,1,4,5,2,17,1,54,3,10,7,1,7,6,1,2,1,8,,72,,1,22,121.5333741,25.0155371
113,1,15,20,50,2,05中正區,中正區羅斯福路4段與羅斯福路4段24巷口,0,0,1,2,C03,7,5,5,50,3,1,1,4,4,5,13,4,4,1,4,5,2,17,1,34,2,8,5,1,7,9,1,10,1,12,,44,,1,22,121.5333741,25.0155371
113,1,15,20,50,2,05中正區,中正區羅斯福路4段與羅斯福路4段24巷口,0,0,1,3,H02,7,5,5,50,3,1,1,4,4,5,13,4,4,1,4,5,2,17,2,33,4,11,5,5,7,20,8,20,10,16,,67,,1,22,121.5333741,25.0155371
113,1,15,21,8,2,03中山區,中山區北安路與大直街口,0,0,1,1,B03,7,5,5,50,4,1,1,5,4,5,13,1,1,1,2,5,2,16,2,29,3,10,7,1,7,10,1,8,1,5,,100,,1,21,121.5470764,25.0799907
113,1,15,21,8,2,03中山區,中山區北安路與大直街口,0,0,1,2,C03,7,5,5,50,4,1,1,5,4,5,13,1,1,1,2,5,2,16,1,26,2,7,6,1,7,9,1,10,1,14,,44,,1,21,121.5470764,25.0799907