發生年度,發生月,發生日,發生時-Hours,發生分,處理別-編號,區序,肇事地點,死亡人數,2-30日死亡人數,受傷人數,當事人序號,車種,天候,道路照明設備,道路類別,速限-速度限制,道路型態,事故位置,路面狀況1,路面狀況2,路面狀況3,道路障礙1,道路障礙2,號誌1,號誌2,車道劃分-分向,車道劃分-分道1,車道劃分-分道2,車道劃分-分道3,事故類型及型態,性別,年齡,受傷程度,主要傷處,保護裝置,行動電話,車輛用途,當事者行動狀態,駕駛資格情形,駕駛執照種類,飲酒情形,車輛撞擊部位1,車輛撞擊部位2,肇因碼-個別,肇因碼-主要,個人肇逃否,職業,座標-X,座標-Y
113,1,15,21,34,2,11南港區,南港區忠孝東路7段512號,0,0,1,1,B01,8,5,5,40,14,8,1,4,4,5,13,4,4,1,4,4,2,17,1,67,3,10,3,4,7,7,1,4,11,17,,100,,2,21,121.6105627,25.0524286
113,1,15,21,34,2,11南港區,南港區忠孝東路7段512號,0,0,1,2,C03,8,5,5,40,14,8,1,4,4,5,13,4,4,1,4,4,2,17,1,24,3,10,5,4,7,9,1,10,1,13,,44,,1,21,121.6105627,25.0524286
113,1,15,21,34,2,11南港區,南港區忠孝東路7段512號,0,0,1,3,C03,8,5,5,40,14,8,1,4,4,5,13,4,4,1,4,4,2,17,2,56,3,10,5,4,7,9,1,10,1,11,,16,,1,21,121.6105627,25.0524286
113,1,15,21,34,2,11南港區,南港區忠孝東路7段512號,0,0,1,4,C03,8,5,5,40,14,8,1,4,4,5,13,4,4,1,4,4,2,17,2,29,2,7,5,4,7,9,1,10,1,11,,16,,1,21,121.6105627,25.0524286
113,1,15,22,30,2,08士林區,士林區中正路與中正路212巷口,0,0,1,1,B01,7,5,5,50,3,1,1,5,4,5,13,2,1,1,4,5,2,16,1,68,3,10,7,1,7,11,1,4,2,4,,103,,1,21,121.52632,25.09545485
113,1,15,22,30,2,08士林區,士林區中正路與中正路212巷口,0,0,1,2,C03,7,5,5,50,3,1,1,5,4,5,13,2,1,1,4,5,2,16,2,23,2,9,6,1,7,9,1,10,2,11,,44,,1,21,121.52632,25.09545485
113,1,15,22,48,2,03中山區,中山區北安路與大直街口,0,0,1,1,C03,7,5,5,50,4,1,1,5,4,5,13,1,1,3,4,5,2,12,1,21,2,9,6,1,7,5,1,10,1,14,,96,,1,21,121.547349,25.07989319
113,1,15,22,48,2,03中山區,中山區北安路與大直街口,0,0,1,2,B03,7,5,5,50,4,1,1,5,4,5,13,1,1,3,4,5,2,12,2,41,3,10,7,1,7,9,1,8,1,2,,44,,1,21,121.547349,25.07989319
113,1,15,23,17,2,04大安區,大安區羅斯福路4段與新生南路3段口,0,0,2,1,C03,7,5,5,50,4,1,1,5,4,5,13,2,1,10,5,5,2,17,1,43,2,9,3,4,7,8,1,10,2,13,,100,,1,21,121.5327145,25.0163305
113,1,15,23,17,2,04大安區,大安區羅斯福路4段與新生南路3段口,0,0,2,2,C03,7,5,5,50,4,1,1,5,4,5,13,2,1,10,5,5,2,17,1,20,2,9,3,4,7,21,1,10,2,15,,100,,1,22,121.5327145,25.0163305
113,1,15,23,31,2,01大同區,大同區承德路1段與承德路1段24巷口,0,0,1,1,B01,8,5,5,50,5,2,1,5,4,5,13,4,4,1,4,5,2,16,1,56,3,10,7,1,7,7,1,4,2,6,,100,,1,21,121.5167634,25.0503252
113,1,15,23,31,2,01大同區,大同區承德路1段與承德路1段24巷口,0,0,1,2,C03,8,5,5,50,5,2,1,5,4,5,13,4,4,1,4,5,2,16,2,29,2,9,6,1,7,9,1,10,3,11,,13,,1,21,121.5167634,25.0503252
113,1,16,0,18,2,01大同區,大同區忠孝西路2段13號,0,0,1,1,C03,8,5,5,50,14,9,1,5,4,5,13,4,4,1,4,5,2,17,1,28,2,9,6,1,7,9,1,10,2,11,,108,,1,22,121.5092874,25.04831986
113,1,16,0,18,2,01大同區,大同區忠孝西路2段13號,0,0,1,2,B02,8,5,5,50,14,9,1,5,4,5,13,4,4,1,4,5,2,17,1,44,3,10,7,1,7,14,1,4,2,7,,38,,1,21,121.5092874,25.04831986
113,1,16,1,52,2,08士林區,士林區延平北路6段與社子街口,0,0,2,2,C03,8,5,5,50,4,1,1,5,4,5,13,2,1,5,4,5,2,17,1,18,2,9,5,1,7,5,1,10,1,12,,71,,1,21,121.5088991,25.0876962
113,1,16,1,52,2,08士林區,士林區延平北路6段與社子街口,0,0,2,1,C03,8,5,5,50,4,1,1,5,4,5,13,2,1,5,4,5,2,17,1,42,2,9,5,1,7,15,1,10,1,11,,71,,1,21,121.5088991,25.0876962
113,1,16,5,25,2,07信義區,信義區光復南路419巷與光復南路口,0,0,1,1,B03,7,5,5,30,3,1,1,5,4,5,13,4,4,10,5,5,2,16,1,74,3,10,7,1,7,5,1,8,1,5,,80,,1,21,121.5576727,25.0365772
113,1,16,5,25,2,07信義區,信義區光復南路419巷與光復南路口,0,0,1,2,F01,7,5,5,30,3,1,1,5,4,5,13,4,4,10,5,5,2,16,2,60,2,8,4,1,7,9,8,20,1,11,,14,,1,21,121.5576727,25.0365772
113,1,16,6,5,2,09北投區,北投區復興三路68號,0,0,1,1,B12,8,5,5,30,14,9,1,5,4,5,13,4,4,5,4,5,2,36,1,39,2,9,7,1,7,9,1,8,2,1,,44,,1,21,121.5042208,25.14569095
113,1,16,6,5,2,09北投區,北投區復興三路68號,0,0,1,2,,8,5,5,30,14,9,1,5,4,5,13,4,4,5,4,5,2,36,3,0,,,,,,,,,,,,67,,1,,121.5042208,25.14569095
113,1,16,6,5,2,09北投區,北投區復興三路68號,0,0,1,3,B03,8,5,5,30,14,9,1,5,4,5,13,4,4,5,4,5,2,36,1,58,3,10,2,1,7,13,1,8,1,1,,44,,1,21,121.5042208,25.14569095
113,1,16,6,55,2,02萬華區,萬華區青年路48號對面74號停車格,0,0,1,1,B03,7,7,5,30,14,9,1,5,4,5,13,4,4,9,1,5,1,17,1,39,3,10,7,1,7,1,1,8,1,4,,19,,1,22,121.5040721,25.025332
113,1,16,6,55,2,02萬華區,萬華區青年路48號對面74號停車格,0,0,1,2,C03,7,7,5,30,14,9,1,5,4,5,13,4,4,9,1,5,1,17,1,35,2,9,6,1,7,9,1,10,1,11,,108,,1,22,121.5040721,25.025332
113,1,16,7,16,2,01大同區,大同區延平北路3段與民族西路口,0,0,2,1,C03,7,6,5,50,4,1,1,5,4,5,13,1,1,5,2,5,2,17,1,30,2,9,5,1,7,5,1,10,1,13,,8,,1,21,121.5109284,25.0686584
113,1,16,7,16,2,01大同區,大同區延平北路3段與民族西路口,0,0,2,2,C03,7,6,5,50,4,1,1,5,4,5,13,1,1,5,2,5,2,17,1,30,2,9,5,1,7,9,1,10,1,11,,44,,1,21,121.5109284,25.0686584
113,1,16,7,21,2,04大安區,大安區仁愛路4段222巷與仁愛路4段266巷口,0,0,1,1,C03,8,7,5,50,5,1,1,5,4,5,13,4,4,5,4,5,2,15,1,49,2,9,3,4,7,9,1,8,1,14,,72,,1,22,121.5527567,25.0364461
113,1,16,7,21,2,04大安區,大安區仁愛路4段222巷與仁愛路4段266巷口,0,0,1,2,B03,8,7,5,50,5,1,1,5,4,5,13,4,4,5,4,5,2,15,1,46,3,10,3,4,7,9,1,8,1,8,,44,,1,22,121.5527567,25.0364461
113,1,16,7,30,2,03中山區,中山區建國北路3段與松江路口,0,0,1,1,C03,8,7,5,50,4,1,1,5,4,5,13,2,1,10,5,5,2,12,2,48,3,10,6,1,7,8,1,10,1,13,,100,,1,21,121.5331408,25.0677805
113,1,16,7,30,2,03中山區,中山區建國北路3段與松江路口,0,0,1,2,C03,8,7,5,50,4,1,1,5,4,5,13,2,1,10,5,5,2,12,1,57,2,8,6,1,7,9,1,10,1,11,,108,,1,21,121.5331408,25.0677805
113,1,16,7,30,2,07信義區,信義區莊敬路325巷45弄與松智路口,0,0,2,1,C03,8,6,8,50,4,2,1,5,4,5,13,2,1,9,5,5,2,13,2,47,2,1,6,1,7,9,3,18,2,11,,108,,1,21,121.5649667,25.029193
113,1,16,7,30,2,07信義區,信義區莊敬路325巷45弄與松智路口,0,0,2,2,F01,8,6,8,50,4,2,1,5,4,5,13,2,1,9,5,5,2,13,2,50,2,6,4,1,7,9,8,20,2,13,,44,,1,21,121.5649667,25.029193
113,1,16,7,45,2,10文山區,文山區景中街與景後街口,0,0,2,1,B12,7,6,5,50,4,2,1,5,4,5,13,2,1,9,5,5,2,16,1,48,3,10,7,1,7,6,1,8,1,2,,9,,1,21,121.543271,24.9926131
113,1,16,7,45,2,10文山區,文山區景中街與景後街口,0,0,2,2,C03,7,6,5,50,4,2,1,5,4,5,13,2,1,9,5,5,2,16,1,49,2,7,6,1,7,9,1,10,1,14,,44,,1,21,121.543271,24.9926131
113,1,16,7,45,2,10文山區,文山區景中街與景後街口,0,0,2,3,H02,7,6,5,50,4,2,1,5,4,5,13,2,1,9,5,5,2,16,1,14,2,9,6,5,7,20,8,20,10,16,,67,,1,15,121.543271,24.9926131
113,1,16,7,56,2,04大安區,大安區辛亥路3段與辛亥路3段21巷口,0,0,1,1,B03,7,7,5,50,3,2,1,5,4,5,13,4,4,10,4,5,1,12,1,42,3,10,3,4,7,9,1,8,1,1,,108,,1,21,121.5444142,25.0213235
113,1,16,7,56,2,04大安區,大安區辛亥路3段與辛亥路3段21巷口,0,0,1,2,C03,7,7,5,50,3,2,1,5,4,5,13,4,4,10,4,5,1,12,2,34,2,8,6,4,7,7,1,10,1,13,,100,,1,21,121.5444142,25.0213235
113,1,16,8,25,2,04大安區,大安區復興南路1段137號,0,0,2,1,A02,8,6,5,50,14,9,1,5,4,5,13,4,4,1,4,5,2,12,1,58,4,11,3,4,7,8,7,19,9,15,,100,,2,21,121.5438878,25.0425034
113,1,16,8,25,2,04大安區,大安區復興南路1段137號,0,0,2,2,C03,8,6,5,50,14,9,1,5,4,5,13,4,4,1,4,5,2,12,2,30,2,8,6,4,7,9,1,10,1,14,,44,,1,21,121.5438878,25.0425034
113,1,16,8,25,2,04大安區,大安區復興南路1段137號,0,0,2,3,H02,8,6,5,50,14,9,1,5,4,5,13,4,4,1,4,5,2,12,2,25,2,8,6,5,7,21,8,20,10,16,,67,,1,21,121.5438878,25.0425034
113,1,16,8,29,2,08士林區,士林區中山北路5段北往南(近通河街),0,0,1,1,C03,7,6,5,50,14,9,1,5,4,5,13,4,4,2,4,5,2,12,2,40,2,9,6,1,7,7,1,10,1,14,,100,,1,21,121.5242181,25.08038813
113,1,16,8,29,2,08士林區,士林區中山北路5段北往南(近通河街),0,0,1,2,B03,7,6,5,50,14,9,1,5,4,5,13,4,4,2,4,5,2,12,2,24,3,10,7,1,7,9,1,8,1,2,,44,,1,21,121.5242181,25.08038813
113,1,16,8,35,2,05中正區,中正區廣州街與愛國西路48巷口,0,0,1,1,B03,8,6,5,40,3,1,1,5,4,5,13,4,4,5,4,5,2,16,1,57,3,10,7,1,7,5,1,8,1,8,,44,,1,21,121.5072284,25.0358785
113,1,16,8,35,2,05中正區,中正區廣州街與愛國西路48巷口,0,0,1,2,C03,8,6,5,40,3,1,1,5,4,5,13,4,4,5,4,5,2,16,2,28,2,9,5,1,7,9,1,10,1,12,,4,,1,21,121.5072284,25.0358785
113,1,16,8,47,2,05中正區,中正區和平西路1段與晉江街口口,0,0,2,2,C03,8,6,5,50,5,1,1,5,4,5,13,1,1,1,4,5,2,12,1,23,2,7,5,1,7,9,1,10,1,14,,44,,1,21,121.5209357,25.0267218
113,1,16,8,47,2,05中正區,中正區和平西路1段與晉江街口口,0,0,2,1,C03,8,6,5,50,5,1,1,5,4,5,13,1,1,1,4,5,2,12,1,21,2,8,5,1,7,8,1,10,9,12,,100,,1,21,121.5209357,25.0267218
113,1,16,8,54,2,12內湖區,內湖區成功路2段378號,0,0,1,1,C03,7,6,5,50,14,9,1,5,4,5,13,4,4,1,4,5,2,17,1,54,2,9,5,1,7,15,6,10,1,14,,42,,1,21,121.5905871,25.0695668
113,1,16,8,54,2,12內湖區,內湖區成功路2段378號,0,0,1,2,B03,7,6,5,50,14,9,1,5,4,5,13,4,4,1,4,5,2,17,1,44,3,10,7,1,7,14,1,8,1,2,,44,,1,21,121.5905871,25.0695668
113,1,16,8,56,2,03中山區,中山區民權東路2段71巷與松江路402巷8弄口,0,0,2,1,C03,7,6,5,30,5,1,1,5,4,5,13,4,4,9,5,5,2,15,1,76,2,9,6,1,7,9,1,10,1,13,,80,,1,21,121.5316709,25.0634954
113,1,16,8,56,2,03中山區,中山區民權東路2段71巷與松江路402巷8弄口,0,0,2,2,C03,7,6,5,30,5,1,1,5,4,5,13,4,4,9,5,5,2,15,2,26,2,9,6,1,7,9,1,10,1,11,,44,,1,21,121.5316709,25.0634954
113,1,16,9,0,2,12內湖區,內湖區康樂街與康樂街162巷口附近,0,0,1,1,C03,7,6,5,50,3,2,1,5,4,5,13,4,4,9,4,5,2,17,2,43,3,10,5,1,7,7,1,10,1,17,,100,,1,21,121.6194356,25.07300373
113,1,16,9,0,2,12內湖區,內湖區康樂街與康樂街162巷口附近,0,0,1,2,C04,7,6,5,50,3,2,1,5,4,5,13,4,4,9,4,5,2,17,2,51,2,9,5,1,7,9,1,8,1,17,,42,,1,21,121.6194356,25.07300373
113,1,16,9,9,2,03中山區,中山區民族東路410巷23弄2號,0,0,1,1,C03,8,7,5,30,14,9,1,5,4,5,13,4,4,10,5,5,2,17,1,29,3,10,5,1,7,3,1,10,1,14,,18,,1,21,121.5384844,25.06681814
113,1,16,9,9,2,03中山區,中山區民族東路410巷23弄2號,0,0,1,2,C03,8,7,5,30,14,9,1,5,4,5,13,4,4,10,5,5,2,17,2,35,2,8,6,1,7,9,1,10,1,12,,44,,1,21,121.5384844,25.06681814
113,1,16,10,15,2,05中正區,中正區重慶南路2段與南海路口,0,0,1,1,B03,8,6,5,30,3,1,1,5,4,5,13,1,1,10,4,5,2,16,2,38,3,10,7,1,7,6,1,8,2,2,,9,,1,21,121.5145214,25.0319681
113,1,16,10,15,2,05中正區,中正區重慶南路2段與南海路口,0,0,1,2,C03,8,6,5,30,3,1,1,5,4,5,13,1,1,10,4,5,2,16,1,52,2,9,5,1,7,9,1,9,2,11,,13,,1,21,121.5145214,25.0319681
113,1,16,10,19,2,02萬華區,萬華區萬大路486巷與萬大路486巷59弄口,0,0,1,1,C03,8,5,5,30,4,1,1,5,4,5,13,4,4,9,5,5,1,15,1,19,2,9,3,4,7,9,1,10,1,11,,14,,1,22,121.4958647,25.0204932
113,1,16,10,19,2,02萬華區,萬華區萬大路486巷與萬大路486巷59弄口,0,0,1,2,C03,8,5,5,30,4,1,1,5,4,5,13,4,4,9,5,5,1,15,1,44,3,10,3,4,7,9,1,10,1,12,,80,,1,22,121.4958647,25.0204932
113,1,16,10,30,2,04大安區,大安區仁愛路4段與敦化南路1段口,0,0,1,1,B01,8,6,5,50,18,9,1,5,4,5,13,1,1,10,4,5,2,17,1,26,2,2,7,4,7,15,1,8,1,7,,78,,1,21,121.5492042,25.03808
113,1,16,10,30,2,04大安區,大安區仁愛路4段與敦化南路1段口,0,0,1,2,B02,8,6,5,50,18,9,1,5,4,5,13,1,1,10,4,5,2,17,1,72,3,10,7,4,7,15,1,8,1,5,,100,,1,21,121.5492042,25.03808
113,1,16,10,54,2,07信義區,信義區吳興街220巷69號,0,0,1,1,B03,8,6,5,50,14,9,1,5,4,5,13,4,4,9,4,5,2,17,1,46,3,10,7,1,7,9,1,8,1,8,,108,,1,21,121.5611748,25.0261698
113,1,16,10,54,2,07信義區,信義區吳興街220巷69號,0,0,1,2,B03,8,6,5,50,14,9,1,5,4,5,13,4,4,9,4,5,2,17,2,65,3,10,7,1,7,9,1,8,1,6,,44,,1,21,121.5611748,25.0261698
113,1,16,10,54,2,07信義區,信義區吳興街220巷69號,0,0,1,3,H01,8,6,5,50,14,9,1,5,4,5,13,4,4,9,4,5,2,17,1,54,2,9,4,5,8,16,8,20,10,16,,67,,1,21,121.5611748,25.0261698
113,1,16,11,45,2,12內湖區,內湖區安美街與潭美街口,0,0,1,1,C03,8,7,8,40,4,1,1,5,4,5,13,2,1,5,5,5,2,17,2,43,3,10,5,1,7,5,1,10,1,17,,8,,1,21,121.5968661,25.06043589
113,1,16,11,45,2,12內湖區,內湖區安美街與潭美街口,0,0,1,2,C03,8,7,8,40,4,1,1,5,4,5,13,2,1,5,5,5,2,17,1,18,2,8,5,1,7,9,1,10,1,14,,44,,1,21,121.5968661,25.06043589
113,1,16,11,46,2,04大安區,大安區杭州南路2段93巷與潮州街60巷口,0,0,2,1,C03,8,6,5,30,4,1,1,5,4,5,13,4,4,10,5,5,1,15,2,60,2,8,5,1,7,9,1,10,1,11,,72,,1,21,121.5237501,25.0284876
113,1,16,11,46,2,04大安區,大安區杭州南路2段93巷與潮州街60巷口,0,0,2,2,C03,8,6,5,30,4,1,1,5,4,5,13,4,4,10,5,5,1,15,1,30,2,8,6,1,7,9,1,10,1,11,,13,,1,21,121.5237501,25.0284876
113,1,16,11,55,2,03中山區,中山區建國高架道與長安東路1段口,0,0,1,1,B03,7,7,9,70,14,9,1,5,4,5,13,4,4,1,3,5,1,13,1,30,3,10,7,1,7,9,1,8,1,1,,16,,1,21,121.5368803,25.05159665
113,1,16,11,55,2,03中山區,中山區建國高架道與長安東路1段口,0,0,1,2,B01,7,7,9,70,14,9,1,5,4,5,13,4,4,1,3,5,1,13,1,67,3,10,7,1,7,14,1,4,1,3,,44,,1,21,121.5368803,25.05159665
113,1,16,11,55,2,03中山區,中山區建國高架道與長安東路1段口,0,0,1,3,B01,7,7,9,70,14,9,1,5,4,5,13,4,4,1,3,5,1,13,1,57,2,7,7,1,7,14,1,4,1,3,,44,,1,21,121.5368803,25.05159665
113,1,16,12,10,2,07信義區,信義區松信路與永吉路180巷29弄口,0,0,1,1,B03,8,7,5,50,4,1,1,5,4,5,13,1,1,9,4,4,2,12,2,54,3,10,7,1,7,11,1,8,1,4,,10,,1,21,121.5720758,25.0446213
113,1,16,12,10,2,07信義區,信義區松信路與永吉路180巷29弄口,0,0,1,2,C03,8,7,5,50,4,1,1,5,4,5,13,1,1,9,4,4,2,12,1,45,2,9,6,1,7,9,1,10,1,11,,13,,1,21,121.5720758,25.0446213
113,1,16,12,40,2,08士林區,士林區士商路與承德路5段口,0,0,1,1,B03,8,7,5,40,4,1,1,5,4,5,13,2,1,1,4,4,1,17,1,40,3,10,7,1,7,6,1,8,2,6,,44,,1,21,121.5141421,25.09610259
113,1,16,12,40,2,08士林區,士林區士商路與承德路5段口,0,0,1,2,C03,8,7,5,40,4,1,1,5,4,5,13,2,1,1,4,4,1,17,1,23,2,9,5,1,7,9,1,10,2,11,,13,,1,21,121.5141421,25.09610259
113,1,16,12,43,2,04大安區,大安區文昌街與通安街口,0,0,2,1,B12,8,5,5,30,4,2,1,5,4,5,13,1,1,10,5,5,2,17,1,44,3,10,7,1,7,5,1,8,1,4,,8,,1,21,121.5533163,25.0325243
113,1,16,12,43,2,04大安區,大安區文昌街與通安街口,0,0,2,2,C03,8,5,5,30,4,2,1,5,4,5,13,1,1,10,5,5,2,17,2,27,2,9,5,1,7,9,1,10,1,12,,108,,1,21,121.5533163,25.0325243
113,1,16,12,43,2,04大安區,大安區文昌街與通安街口,0,0,2,3,H01,8,5,5,30,4,2,1,5,4,5,13,1,1,10,5,5,2,17,2,30,2,9,4,5,8,17,8,20,1,16,,67,,1,21,121.5533163,25.0325243
113,1,16,12,52,2,02萬華區,萬華區桂林路與桂林路242巷口,0,0,1,1,C03,8,7,5,50,5,1,1,5,4,5,13,2,1,1,4,5,2,17,2,26,3,10,6,1,7,8,1,10,1,13,,100,,1,21,121.4962539,25.0388652
113,1,16,12,52,2,02萬華區,萬華區桂林路與桂林路242巷口,0,0,1,2,C03,8,7,5,50,5,1,1,5,4,5,13,2,1,1,4,5,2,17,2,20,2,8,6,1,7,9,1,10,1,11,,44,,1,21,121.4962539,25.0388652
113,1,16,13,9,2,03中山區,中山區北安路139號,0,0,2,1,C03,8,7,5,50,18,9,1,5,4,5,13,4,4,9,4,5,2,17,1,79,2,9,5,1,7,9,1,10,1,14,,16,,1,21,121.5330275,25.0777534
113,1,16,13,9,2,03中山區,中山區北安路139號,0,0,2,2,B03,8,7,5,50,18,9,1,5,4,5,13,4,4,9,4,5,2,17,1,32,3,10,7,1,7,9,1,8,1,2,,108,,1,21,121.5330275,25.0777534
113,1,16,13,9,2,03中山區,中山區北安路139號,0,0,2,3,H02,8,7,5,50,18,9,1,5,4,5,13,4,4,9,4,5,2,17,2,75,2,9,4,5,7,20,8,20,10,16,,67,,1,21,121.5330275,25.0777534
113,1,16,13,25,2,07信義區,信義區松信路與永吉路200巷56弄口口,0,0,2,1,B01,8,7,5,30,4,2,1,5,4,5,13,2,1,5,5,5,2,17,1,69,3,10,7,1,7,14,1,4,1,17,,38,,1,21,121.5722266,25.0435045
113,1,16,13,25,2,07信義區,信義區松信路與永吉路200巷56弄口口,0,0,2,2,C03,8,7,5,30,4,2,1,5,4,5,13,2,1,5,5,5,2,17,1,71,2,2,6,1,7,9,1,10,1,17,,44,,1,21,121.5722266,25.0435045
113,1,16,13,25,2,07信義區,信義區松信路與永吉路200巷56弄口口,0,0,2,3,H02,8,7,5,30,4,2,1,5,4,5,13,2,1,5,5,5,2,17,2,51,3,10,7,5,7,19,8,20,10,16,,126,,1,21,121.5722266,25.0435045
113,1,16,13,25,2,07信義區,信義區松信路與永吉路200巷56弄口口,0,0,2,4,H02,8,7,5,30,4,2,1,5,4,5,13,2,1,5,5,5,2,17,2,70,2,7,6,5,7,20,8,20,10,16,,67,,1,21,121.5722266,25.0435045
113,1,16,13,30,2,05中正區,中正區汀州路3段與羅斯福路3段210巷口,0,0,2,2,C03,8,6,5,50,3,1,1,5,4,5,12,4,4,5,4,5,2,16,1,38,2,8,5,1,7,9,1,10,1,11,,44,,1,21,121.5282911,25.0178775
113,1,16,13,30,2,05中正區,中正區汀州路3段與羅斯福路3段210巷口,0,0,2,1,C03,8,6,5,50,3,1,1,5,4,5,12,4,4,5,4,5,2,16,2,65,2,1,5,1,7,5,1,10,1,12,,74,,1,21,121.5282911,25.0178775
113,1,16,13,45,2,11南港區,南港區市民大道7段與忠孝東路6段269巷口,0,0,2,1,C03,8,6,5,50,3,2,1,5,4,5,13,1,1,1,4,5,2,13,1,35,2,9,6,1,7,9,1,10,1,11,,118,,1,21,121.5895961,25.0506165
113,1,16,13,45,2,11南港區,南港區市民大道7段與忠孝東路6段269巷口,0,0,2,2,C03,8,6,5,50,3,2,1,5,4,5,13,1,1,1,4,5,2,13,1,51,2,8,6,1,7,9,1,10,1,13,,118,,1,21,121.5895961,25.0506165
113,1,16,13,45,2,11南港區,南港區市民大道7段與忠孝東路6段269巷口,0,0,2,3,C03,8,6,5,50,3,2,1,5,4,5,13,1,1,1,4,5,2,13,1,33,3,10,6,1,7,9,1,10,1,13,,118,,1,21,121.5895961,25.0506165
113,1,16,14,2,2,03中山區,中山區建國北路1段與長安東路2段口,0,0,3,1,C03,8,6,5,40,4,1,1,5,4,5,13,1,1,1,4,4,2,16,1,72,2,5,5,1,7,6,1,10,2,12,,99,,1,22,121.5369679,25.0483889
113,1,16,14,2,2,03中山區,中山區建國北路1段與長安東路2段口,0,0,3,2,C03,8,6,5,40,4,1,1,5,4,5,13,1,1,1,4,4,2,16,2,35,2,9,5,1,7,9,1,10,2,11,,44,,1,22,121.5369679,25.0483889
113,1,16,14,2,2,03中山區,中山區建國北路1段與長安東路2段口,0,0,3,3,H02,8,6,5,40,4,1,1,5,4,5,13,1,1,1,4,4,2,16,2,70,2,8,5,5,7,20,8,20,10,16,,67,,1,22,121.5369679,25.0483889
113,1,16,14,7,2,04大安區,大安區新生南路1段與新生南路1段103巷口口,0,0,1,1,B03,8,7,5,50,3,1,1,5,4,5,13,4,4,1,1,5,2,16,1,66,3,10,3,4,7,6,1,8,1,2,,80,,1,22,121.5333806,25.0406102
113,1,16,14,7,2,04大安區,大安區新生南路1段與新生南路1段103巷口口,0,0,1,2,C03,8,7,5,50,3,1,1,5,4,5,13,4,4,1,1,5,2,16,1,21,2,9,3,4,7,9,1,10,1,14,,108,,1,22,121.5333806,25.0406102
113,1,16,14,15,2,07信義區,信義區松智路與松智路15巷口,0,0,1,1,B03,8,7,5,50,3,1,1,5,4,5,13,4,4,10,5,5,2,17,1,50,3,10,7,1,7,5,1,8,1,2,,74,,1,21,121.5655721,25.0370156
113,1,16,14,15,2,07信義區,信義區松智路與松智路15巷口,0,0,1,2,C03,8,7,5,50,3,1,1,5,4,5,13,4,4,10,5,5,2,17,1,45,2,9,5,1,7,9,1,10,1,11,,107,,1,21,121.5655721,25.0370156
113,1,16,14,16,2,08士林區,士林區中正路118號對面,0,0,1,1,C03,8,6,5,50,14,9,1,5,4,5,13,4,4,9,4,5,2,17,1,51,2,9,5,1,7,1,1,10,2,14,,19,,1,21,121.5284802,25.09583111
113,1,16,14,16,2,08士林區,士林區中正路118號對面,0,0,1,2,B03,8,6,5,50,14,9,1,5,4,5,13,4,4,9,4,5,2,17,1,24,3,10,7,1,7,9,1,8,2,2,,44,,1,21,121.5284802,25.09583111
113,1,16,14,36,2,08士林區,士林區承德路4段與大南路口,0,0,1,1,C03,8,6,5,50,5,2,1,5,4,5,13,1,1,1,4,5,2,17,1,58,3,10,6,1,7,8,1,10,1,17,,100,,1,22,121.5215851,25.08869972
113,1,16,14,36,2,08士林區,士林區承德路4段與大南路口,0,0,1,2,C03,8,6,5,50,5,2,1,5,4,5,13,1,1,1,4,5,2,17,1,67,2,8,6,1,7,9,1,10,2,17,,44,,1,22,121.5215851,25.08869972
113,1,16,14,40,2,12內湖區,內湖區堤頂大道1段2031722燈桿,0,0,1,1,B03,7,6,5,50,14,9,1,5,4,5,13,4,4,9,5,5,2,12,1,41,2,9,3,4,7,9,1,8,1,1,,108,,1,22,121.57357,25.0560363
113,1,16,14,40,2,12內湖區,內湖區堤頂大道1段2031722燈桿,0,0,1,2,B12,7,6,5,50,14,9,1,5,4,5,13,4,4,9,5,5,2,12,1,55,3,10,3,4,7,13,1,8,1,3,,38,,1,22,121.57357,25.0560363
113,1,16,15,13,2,12內湖區,內湖區內湖路1段579號,0,0,1,1,B03,8,6,5,40,14,7,1,5,4,5,13,4,4,1,4,4,2,17,1,53,3,10,7,1,7,13,5,8,1,4,,38,,1,21,121.5683904,25.08221398
113,1,16,15,13,2,12內湖區,內湖區內湖路1段579號,0,0,1,2,C03,8,6,5,40,14,7,1,5,4,5,13,4,4,1,4,4,2,17,2,49,2,9,6,1,7,9,3,18,1,12,,44,,1,21,121.5683904,25.08221398
113,1,16,15,45,2,03中山區,中山區民生東路2段101號,0,0,1,1,B03,8,7,5,50,14,9,1,5,4,5,13,4,4,5,4,5,2,12,1,62,3,10,7,1,7,9,1,8,1,6,,118,,1,21,121.5313526,25.05800323
113,1,16,15,45,2,03中山區,中山區民生東路2段101號,0,0,1,2,C03,8,7,5,50,14,9,1,5,4,5,13,4,4,5,4,5,2,12,1,40,2,8,6,1,7,9,3,18,1,14,,118,,1,21,121.5313526,25.05800323
113,1,16,15,49,2,10文山區,文山區木柵路1段135號,0,0,3,1,C03,7,6,8,50,22,22,1,5,4,5,13,1,1,5,4,5,2,17,2,73,2,9,3,4,7,11,1,10,2,13,,80,,1,22,121.5562256,24.9884683
113,1,16,15,49,2,10文山區,文山區木柵路1段135號,0,0,3,2,C03,7,6,8,50,22,22,1,5,4,5,13,1,1,5,4,5,2,17,1,30,2,9,3,4,7,7,6,18,2,13,,100,,1,22,121.5562256,24.9884683
113,1,16,15,49,2,10文山區,文山區木柵路1段135號,0,0,3,3,C03,7,6,8,50,22,22,1,5,4,5,13,1,1,5,4,5,2,17,1,30,2,9,3,4,7,9,1,10,2,11,,42,,1,22,121.5562256,24.9884683