發生年度,發生月,發生日,發生時-Hours,發生分,處理別-編號,區序,肇事地點,死亡人數,2-30日死亡人數,受傷人數,當事人序號,車種,天候,道路照明設備,道路類別,速限-速度限制,道路型態,事故位置,路面狀況1,路面狀況2,路面狀況3,道路障礙1,道路障礙2,號誌1,號誌2,車道劃分-分向,車道劃分-分道1,車道劃分-分道2,車道劃分-分道3,事故類型及型態,性別,年齡,受傷程度,主要傷處,保護裝置,行動電話,車輛用途,當事者行動狀態,駕駛資格情形,駕駛執照種類,飲酒情形,車輛撞擊部位1,車輛撞擊部位2,肇因碼-個別,肇因碼-主要,個人肇逃否,職業,座標-X,座標-Y
113,1,16,16,0,2,12內湖區,內湖區行善路181巷與新豐街口附近,0,0,1,1,H01,8,6,5,30,3,2,1,5,4,5,13,4,4,10,4,5,2,3,1,11,2,9,4,5,8,20,8,20,10,16,,121,,1,14,121.5818234,25.05929666
113,1,16,16,0,2,12內湖區,內湖區行善路181巷與新豐街口附近,0,0,1,2,B01,8,6,5,30,3,2,1,5,4,5,13,4,4,10,4,5,2,3,1,29,3,10,7,1,7,9,1,4,2,5,,108,,1,21,121.5818234,25.05929666
113,1,16,16,4,2,06松山區,松山區塔悠路97號後方堤外便道,0,0,1,1,C02,8,6,5,30,3,1,1,5,4,5,13,4,4,10,5,5,2,16,1,22,3,10,6,1,7,6,1,9,1,14,,74,,1,22,121.5705856,25.05271839
113,1,16,16,4,2,06松山區,松山區塔悠路97號後方堤外便道,0,0,1,2,C03,8,6,5,30,3,1,1,5,4,5,13,4,4,10,5,5,2,16,2,21,2,7,6,1,7,9,1,10,1,12,,108,,1,22,121.5705856,25.05271839
113,1,16,16,9,2,01大同區,大同區承德路3段與民權西路口,0,0,2,1,C03,7,6,5,50,4,1,1,5,4,5,13,2,1,1,4,5,2,16,1,23,2,9,3,4,7,8,1,10,1,12,,100,,1,21,121.5182016,25.06293168
113,1,16,16,9,2,01大同區,大同區承德路3段與民權西路口,0,0,2,2,B03,7,6,5,50,4,1,1,5,4,5,13,2,1,1,4,5,2,16,1,26,3,10,3,4,7,9,1,8,1,8,,42,,1,21,121.5182016,25.06293168
113,1,16,16,9,2,01大同區,大同區承德路3段與民權西路口,0,0,2,3,C03,7,6,5,50,4,1,1,5,4,5,13,2,1,1,4,5,2,16,1,20,2,9,3,4,7,9,1,10,1,11,,42,,1,21,121.5182016,25.06293168
113,1,16,16,12,2,02萬華區,萬華區艋舺大道與和平西路3段52巷口,0,0,1,1,C03,8,5,8,30,22,22,1,5,4,3,10,4,4,10,5,5,2,17,2,26,2,8,3,4,7,5,1,10,1,14,,101,,1,21,121.5033389,25.03367785
113,1,16,16,12,2,02萬華區,萬華區艋舺大道與和平西路3段52巷口,0,0,1,2,C03,8,5,8,30,22,22,1,5,4,3,10,4,4,10,5,5,2,17,1,47,3,10,3,4,7,9,1,10,1,12,,13,,1,21,121.5033389,25.03367785
113,1,16,16,40,2,11南港區,南港區中南街154號,0,0,1,1,C03,7,6,5,30,14,9,1,5,4,5,13,4,4,10,5,5,2,17,2,68,2,9,6,1,7,9,1,10,9,12,,108,,1,21,121.6154806,25.0515113
113,1,16,16,40,2,11南港區,南港區中南街154號,0,0,1,2,B03,7,6,5,30,14,9,1,5,4,5,13,4,4,10,5,5,2,17,2,60,3,10,2,1,7,13,1,8,9,7,,44,,1,21,121.6154806,25.0515113
113,1,16,16,42,2,03中山區,中山區長安東路2段與建國北路1段口,0,0,1,1,B01,7,6,5,50,4,2,1,5,4,5,13,2,1,5,4,5,2,16,1,63,3,10,7,1,7,6,1,4,1,6,,16,,1,21,121.5365429,25.0482656
113,1,16,16,42,2,03中山區,中山區長安東路2段與建國北路1段口,0,0,1,2,C03,7,6,5,50,4,2,1,5,4,5,13,2,1,5,4,5,2,16,2,35,2,9,6,1,7,6,1,10,1,11,,16,,1,21,121.5365429,25.0482656
113,1,16,17,10,2,05中正區,中正區中山南路與仁愛路1段口往北  台大醫院車道口,0,0,1,1,B03,7,6,5,50,3,1,1,5,4,5,13,4,4,5,4,5,2,16,1,48,3,10,7,4,7,6,1,2,2,5,,9,,1,21,121.5180432,25.03986934
113,1,16,17,10,2,05中正區,中正區中山南路與仁愛路1段口往北  台大醫院車道口,0,0,1,2,C03,7,6,5,50,3,1,1,5,4,5,13,4,4,5,4,5,2,16,2,23,2,9,6,4,7,9,1,10,2,14,,44,,1,21,121.5180432,25.03986934
113,1,16,17,15,2,11南港區,南港區市民大道8段與向陽路口,0,0,1,1,B12,8,6,5,50,14,9,1,5,4,5,13,1,1,1,3,5,2,12,1,61,3,10,3,4,7,9,1,8,9,2,,108,,2,21,121.5960198,25.0516156
113,1,16,17,15,2,11南港區,南港區市民大道8段與向陽路口,0,0,1,2,C03,8,6,5,50,14,9,1,5,4,5,13,1,1,1,3,5,2,12,2,58,2,8,3,4,7,7,1,10,1,14,,100,,1,22,121.5960198,25.0516156
113,1,16,17,15,2,11南港區,南港區市民大道8段與向陽路口,0,0,1,3,A04,8,6,5,50,14,9,1,5,4,5,13,1,1,1,3,5,2,12,1,49,3,10,3,4,7,9,1,2,1,4,,17,,1,22,121.5960198,25.0516156
113,1,16,17,18,2,03中山區,中山區大直街5號,0,0,1,1,C03,8,6,5,30,14,9,1,5,4,5,13,4,4,9,5,5,2,12,1,41,3,10,5,1,7,9,1,10,11,14,,108,,2,21,121.5466148,25.0805444
113,1,16,17,18,2,03中山區,中山區大直街5號,0,0,1,2,B01,8,6,5,30,14,9,1,5,4,5,13,4,4,9,5,5,2,12,1,47,2,7,7,1,7,8,1,4,9,2,,100,,1,21,121.5466148,25.0805444
113,1,16,17,40,2,03中山區,中山區基湖路與基湖路166巷口,0,0,3,1,C03,7,6,5,30,3,1,1,5,4,5,13,4,4,3,4,5,2,15,1,40,2,8,6,1,7,9,1,10,1,14,12,80,,1,21,121.5631924,25.07739586
113,1,16,17,40,2,03中山區,中山區基湖路與基湖路166巷口,0,0,3,2,C03,7,6,5,30,3,1,1,5,4,5,13,4,4,3,4,5,2,15,1,32,2,9,6,1,7,9,1,10,1,11,14,14,,1,21,121.5631924,25.07739586
113,1,16,17,40,2,03中山區,中山區基湖路與基湖路166巷口,0,0,3,3,H02,7,6,5,30,3,1,1,5,4,5,13,4,4,3,4,5,2,15,1,11,2,1,6,5,7,20,8,20,10,16,,67,,1,21,121.5631924,25.07739586
113,1,16,17,48,2,04大安區,大安區羅斯福路3段283巷與溫州街52巷口,0,0,1,1,F01,8,5,5,30,3,1,2,5,4,5,13,4,4,10,5,5,1,16,2,69,2,9,4,4,7,9,8,20,1,14,,99,,1,21,121.5319305,25.0210466
113,1,16,17,48,2,04大安區,大安區羅斯福路3段283巷與溫州街52巷口,0,0,1,2,B03,8,5,5,30,3,1,2,5,4,5,13,4,4,10,5,5,1,16,1,43,3,10,3,4,7,5,1,8,1,4,,8,,1,21,121.5319305,25.0210466
113,1,16,18,13,2,04大安區,大安區和平東路2段與和平東路2段311巷口,0,0,1,1,C03,8,6,5,30,3,2,1,5,4,5,13,2,1,5,5,5,2,17,2,47,2,8,5,1,7,1,1,10,1,11,,19,,1,22,121.5451003,25.0249349
113,1,16,18,13,2,04大安區,大安區和平東路2段與和平東路2段311巷口,0,0,1,2,B03,8,6,5,30,3,2,1,5,4,5,13,2,1,5,5,5,2,17,1,37,3,10,3,4,7,9,1,8,1,4,,44,,1,22,121.5451003,25.0249349
113,1,16,18,19,2,03中山區,中山區新生北路3段與農安街口,0,0,1,1,C03,8,5,5,50,14,9,1,5,4,5,13,1,1,1,4,5,2,16,2,58,2,8,3,4,7,7,1,10,1,14,,100,,1,21,121.5279708,25.0645799
113,1,16,18,19,2,03中山區,中山區新生北路3段與農安街口,0,0,1,2,B03,8,5,5,50,14,9,1,5,4,5,13,1,1,1,4,5,2,16,1,65,3,10,3,4,7,9,1,8,1,5,,108,,1,21,121.5279708,25.0645799
113,1,16,18,19,2,05中正區,市民大道停車場(公園-中山)段入口,0,0,2,1,C03,8,6,5,40,14,9,1,5,4,5,13,4,4,1,4,5,2,12,1,27,3,10,6,1,7,9,1,10,2,14,,44,,1,22,121.5193522,25.04819125
113,1,16,18,19,2,05中正區,市民大道停車場(公園-中山)段入口,0,0,2,2,C03,8,6,5,40,14,9,1,5,4,5,13,4,4,1,4,5,2,12,2,34,2,8,6,1,7,8,1,10,2,12,,100,,1,22,121.5193522,25.04819125
113,1,16,18,19,2,05中正區,市民大道停車場(公園-中山)段入口,0,0,2,3,H02,8,6,5,40,14,9,1,5,4,5,13,4,4,1,4,5,2,12,2,36,2,9,5,5,7,20,8,20,10,16,,67,,1,22,121.5193522,25.04819125
113,1,16,18,20,2,10文山區,文山區興隆路2段244巷與興隆路2段244巷口口,0,0,2,1,C03,8,5,5,30,3,1,1,5,4,5,13,4,4,5,5,5,2,16,1,26,3,10,6,1,7,11,1,10,1,13,,10,,1,21,121.5535092,25.0000806
113,1,16,18,20,2,10文山區,文山區興隆路2段244巷與興隆路2段244巷口口,0,0,2,2,C03,8,5,5,30,3,1,1,5,4,5,13,4,4,5,5,5,2,16,2,23,2,8,6,1,7,9,1,10,1,11,,13,,1,21,121.5535092,25.0000806
113,1,16,18,20,2,10文山區,文山區興隆路2段244巷與興隆路2段244巷口口,0,0,2,3,H02,8,5,5,30,3,1,1,5,4,5,13,4,4,5,5,5,2,16,2,25,2,7,6,5,7,20,8,20,10,16,,67,,1,21,121.5535092,25.0000806
113,1,16,18,30,2,10文山區,文山區木新路3段45巷與木新路3段45巷7弄口,0,0,2,1,C03,8,5,5,30,4,1,1,5,4,5,13,4,4,10,5,5,1,15,2,23,2,9,5,1,7,9,1,10,1,11,,80,,1,21,121.5644314,24.9817819
113,1,16,18,30,2,10文山區,文山區木新路3段45巷與木新路3段45巷7弄口,0,0,2,2,C03,8,5,5,30,4,1,1,5,4,5,13,4,4,10,5,5,1,15,1,39,2,9,5,1,7,9,1,10,1,14,,80,,1,21,121.5644314,24.9817819
113,1,16,18,40,2,07信義區,信義區基隆路2段96號,0,0,2,1,C03,8,5,5,50,14,9,1,5,4,5,13,2,1,1,4,5,2,17,1,37,2,8,6,1,7,9,1,10,1,12,,108,,1,22,121.5575251,25.0298348
113,1,16,18,40,2,07信義區,信義區基隆路2段96號,0,0,2,2,C03,8,5,5,50,14,9,1,5,4,5,13,2,1,1,4,5,2,17,1,55,3,10,6,1,7,9,1,10,1,14,,17,,1,22,121.5575251,25.0298348
113,1,16,18,40,2,07信義區,信義區基隆路2段96號,0,0,2,3,B02,8,5,5,50,14,9,1,5,4,5,13,2,1,1,4,5,2,17,2,52,3,10,7,1,7,9,1,8,1,7,,44,,1,22,121.5575251,25.0298348
113,1,16,18,40,2,07信義區,信義區基隆路2段96號,0,0,2,4,C02,8,5,5,50,14,9,1,5,4,5,13,2,1,1,4,5,2,17,1,37,2,8,6,1,7,9,1,9,1,11,,16,,1,22,121.5575251,25.0298348
113,1,16,18,54,2,10文山區,文山區羅斯福路4段與基隆路4段口口,0,0,2,1,C03,8,5,5,50,5,1,1,5,4,5,13,2,1,1,4,5,1,12,2,39,3,10,6,1,7,8,1,10,2,11,,100,,1,21,121.5369125,25.011004
113,1,16,18,54,2,10文山區,文山區羅斯福路4段與基隆路4段口口,0,0,2,2,C03,8,5,5,50,5,1,1,5,4,5,13,2,1,1,4,5,1,12,2,59,2,9,6,1,7,9,1,10,2,11,,44,,1,21,121.5369125,25.011004
113,1,16,18,54,2,10文山區,文山區羅斯福路4段與基隆路4段口口,0,0,2,3,H02,8,5,5,50,5,1,1,5,4,5,13,2,1,1,4,5,1,12,2,28,2,8,6,5,7,20,8,20,10,16,,67,,1,21,121.5369125,25.011004
113,1,16,18,55,2,02萬華區,萬華區和平西路3段146號,0,0,1,1,B03,8,5,5,50,14,9,1,5,4,5,13,4,4,1,4,5,2,9,1,48,3,10,7,1,7,2,1,8,1,3,,12,,1,22,121.4987249,25.0352054
113,1,16,18,55,2,02萬華區,萬華區和平西路3段146號,0,0,1,2,H01,8,5,5,50,14,9,1,5,4,5,13,4,4,1,4,5,2,9,2,71,2,9,4,5,8,17,8,20,10,16,,67,,1,22,121.4987249,25.0352054
113,1,16,19,10,2,10文山區,文山區興隆路3段145號,0,0,1,1,C03,8,5,5,50,14,9,1,5,4,5,13,4,4,1,4,5,2,12,1,18,3,10,6,1,7,9,1,10,2,14,,108,,1,21,121.5587789,24.99823059
113,1,16,19,10,2,10文山區,文山區興隆路3段145號,0,0,1,2,C04,8,5,5,50,14,9,1,5,4,5,13,4,4,1,4,5,2,12,1,26,2,9,6,1,7,9,1,10,2,11,,101,,1,21,121.5587789,24.99823059
113,1,16,19,41,2,11南港區,南港區向陽路與市民大道7段口,0,0,1,1,C03,8,5,5,50,4,1,1,5,4,5,13,2,1,1,4,5,2,16,1,25,3,10,5,1,7,8,1,10,2,12,,100,,1,21,121.5953911,25.0514893
113,1,16,19,41,2,11南港區,南港區向陽路與市民大道7段口,0,0,1,2,C03,8,5,5,50,4,1,1,5,4,5,13,2,1,1,4,5,2,16,2,37,2,9,5,1,7,9,1,10,2,14,,44,,1,21,121.5953911,25.0514893
113,1,16,19,42,2,02萬華區,萬華區光復橋往新北市,0,0,2,1,C03,8,5,5,50,8,9,1,5,4,5,13,4,4,3,4,5,2,17,1,27,2,9,6,4,7,9,1,10,1,15,,108,,1,22,121.4906459,25.02438342
113,1,16,19,42,2,02萬華區,萬華區光復橋往新北市,0,0,2,2,C03,8,5,5,50,8,9,1,5,4,5,13,4,4,3,4,5,2,17,2,24,2,9,6,4,7,9,1,10,1,11,,108,,1,22,121.4906459,25.02438342
113,1,16,19,42,2,02萬華區,萬華區光復橋往新北市,0,0,2,3,,8,5,5,50,8,9,1,5,4,5,13,4,4,3,4,5,2,17,3,0,,,,,,,,,10,,,67,,1,,121.4906459,25.02438342
113,1,16,19,45,2,07信義區,信義區忠孝東路4段553巷與忠孝東路4段553巷2弄口,0,0,1,1,C03,8,5,5,30,3,1,1,5,4,5,13,4,4,9,3,5,2,17,1,51,2,9,3,4,7,15,1,10,1,12,,72,,1,21,121.5627324,25.0418406
113,1,16,19,45,2,07信義區,信義區忠孝東路4段553巷與忠孝東路4段553巷2弄口,0,0,1,2,B01,8,5,5,30,3,1,1,5,4,5,13,4,4,9,3,5,2,17,1,53,3,10,3,4,7,15,1,8,1,8,,14,,1,21,121.5627324,25.0418406
113,1,16,20,19,2,02萬華區,萬華區環河南路2段與環河南路2段149巷口,0,0,1,1,C03,7,5,5,50,3,2,1,5,4,5,13,1,1,3,4,5,2,17,1,54,3,10,5,1,7,7,1,10,11,17,,100,,2,22,121.4928125,25.0337265
113,1,16,20,19,2,02萬華區,萬華區環河南路2段與環河南路2段149巷口,0,0,1,2,C03,7,5,5,50,3,2,1,5,4,5,13,1,1,3,4,5,2,17,2,27,2,9,5,1,7,9,1,10,1,14,,42,,1,22,121.4928125,25.0337265
113,1,16,21,0,2,04大安區,大安區忠孝東路4段221號,0,0,1,1,B02,8,5,5,50,14,9,1,5,4,5,13,4,4,1,4,5,2,17,1,24,3,10,3,4,7,7,1,8,4,5,,16,,1,22,121.5527127,25.0415194
113,1,16,21,0,2,04大安區,大安區忠孝東路4段221號,0,0,1,2,C03,8,5,5,50,14,9,1,5,4,5,13,4,4,1,4,5,2,17,1,40,2,9,5,4,7,9,1,11,2,12,,44,,1,22,121.5527127,25.0415194
113,1,16,21,0,2,04大安區,大安區忠孝東路4段221號,0,0,1,3,B03,8,5,5,50,14,9,1,5,4,5,13,4,4,1,4,5,2,17,1,29,3,10,3,4,7,9,1,8,2,7,,44,,1,22,121.5527127,25.0415194
113,1,16,21,14,2,01大同區,大同區大稻埕堤外便道,0,0,1,1,C03,8,5,5,30,14,9,1,5,4,5,13,4,4,10,5,5,2,17,1,19,2,9,6,1,7,9,1,10,2,11,,4,,1,21,121.5073858,25.05442502
113,1,16,21,14,2,01大同區,大同區大稻埕堤外便道,0,0,1,2,B03,8,5,5,30,14,9,1,5,4,5,13,4,4,10,5,5,2,17,1,21,3,10,7,1,7,1,1,8,2,5,,44,,1,21,121.5073858,25.05442502
113,1,16,21,48,2,07信義區,信義區林口街與松山路515巷口口,0,0,1,1,C03,8,5,5,30,4,1,1,5,4,5,13,4,4,5,5,4,2,17,2,38,3,10,6,1,7,9,1,10,1,17,,72,,1,22,121.579255,25.0386912
113,1,16,21,48,2,07信義區,信義區林口街與松山路515巷口口,0,0,1,2,C03,8,5,5,30,4,1,1,5,4,5,13,4,4,5,5,4,2,17,1,42,2,9,6,1,7,9,1,10,1,14,,13,,1,22,121.579255,25.0386912
113,1,16,21,48,2,07信義區,信義區林口街與松山路515巷口口,0,0,1,3,B03,8,5,5,30,4,1,1,5,4,5,13,4,4,5,5,4,2,17,1,25,3,10,7,1,7,5,1,8,1,8,,44,,1,22,121.579255,25.0386912
113,1,16,21,50,2,03中山區,中山區中山北路3段花博公園圓山4號出入口,0,0,2,1,C03,8,5,5,40,14,11,1,5,4,5,13,1,1,1,2,4,2,13,2,19,2,9,3,4,7,9,1,10,1,11,,108,,1,25,121.5233992,25.0709545
113,1,16,21,50,2,03中山區,中山區中山北路3段花博公園圓山4號出入口,0,0,2,2,C03,8,5,5,40,14,11,1,5,4,5,13,1,1,1,2,4,2,13,2,34,2,9,3,4,7,13,1,10,1,13,,44,,1,21,121.5233992,25.0709545
113,1,16,22,3,2,11南港區,南港區南港路1段與南港路1段277巷口,0,0,1,1,B03,8,5,5,50,3,1,1,5,4,5,13,2,1,5,4,5,2,16,2,19,3,10,7,1,7,5,1,8,1,2,,74,,1,21,121.6086338,25.054676
113,1,16,22,3,2,11南港區,南港區南港路1段與南港路1段277巷口,0,0,1,2,C03,8,5,5,50,3,1,1,5,4,5,13,2,1,5,4,5,2,16,1,18,2,4,5,1,7,9,3,18,1,11,,44,,1,21,121.6086338,25.054676
113,1,16,22,35,2,07信義區,信義區永吉路30巷與忠孝東路5段71巷11弄口,0,0,1,1,C03,8,5,5,30,4,1,1,5,4,5,13,4,4,9,4,5,2,17,2,46,2,9,5,1,7,5,1,10,1,11,,14,,1,21,121.5687416,25.0419917
113,1,16,22,35,2,07信義區,信義區永吉路30巷與忠孝東路5段71巷11弄口,0,0,1,2,B01,8,5,5,30,4,1,1,5,4,5,13,4,4,9,4,5,2,17,1,53,3,10,7,1,7,9,1,4,1,4,,14,,1,21,121.5687416,25.0419917
113,1,16,22,50,2,02萬華區,萬華區青年路與青年路68巷口,0,0,2,1,C01,8,5,5,30,3,2,1,5,4,5,13,1,1,9,5,5,2,17,1,45,2,9,5,1,7,8,1,9,1,12,,100,,1,21,121.5027044,25.0235219
113,1,16,22,50,2,02萬華區,萬華區青年路與青年路68巷口,0,0,2,2,C03,8,5,5,30,3,2,1,5,4,5,13,1,1,9,5,5,2,17,1,23,2,9,5,1,7,9,1,10,1,11,,13,,1,21,121.5027044,25.0235219
113,1,17,0,7,2,07信義區,信義區松智路與松廉路口,0,0,1,1,C03,8,5,5,50,3,1,1,5,4,5,13,3,1,9,4,5,2,17,2,27,2,9,5,1,7,5,1,10,1,13,,72,,1,21,121.5653727,25.033767
113,1,17,0,7,2,07信義區,信義區松智路與松廉路口,0,0,1,2,B01,8,5,5,50,3,1,1,5,4,5,13,3,1,9,4,5,2,17,1,52,3,10,7,1,7,9,1,4,1,4,,44,,1,21,121.5653727,25.033767
113,1,17,0,20,2,04大安區,大安區忠孝東路4段與仁愛路4段151巷口,0,0,1,1,B12,8,5,5,50,3,2,1,5,4,5,13,4,4,1,4,5,1,16,1,37,3,10,3,4,7,6,1,8,1,2,,9,,1,21,121.5517848,25.0413422
113,1,17,0,20,2,04大安區,大安區忠孝東路4段與仁愛路4段151巷口,0,0,1,2,C03,8,5,5,50,3,2,1,5,4,5,13,4,4,1,4,5,1,16,2,28,2,8,5,1,7,9,1,10,1,14,,44,,1,21,121.5517848,25.0413422
113,1,17,1,13,2,02萬華區,萬華區忠孝西路2段與昆明街口,0,0,1,1,B03,8,5,8,50,4,1,1,5,4,5,13,3,1,9,5,5,2,13,1,22,3,10,7,1,7,12,1,8,1,8,,108,,1,21,121.5064587,25.0486921
113,1,17,1,13,2,02萬華區,萬華區忠孝西路2段與昆明街口,0,0,1,2,B03,8,5,8,50,4,1,1,5,4,5,13,3,1,9,5,5,2,13,1,35,3,10,7,1,7,14,1,8,1,6,,44,,1,21,121.5064587,25.0486921
113,1,17,1,13,2,02萬華區,萬華區忠孝西路2段與昆明街口,0,0,1,3,H02,8,5,8,50,4,1,1,5,4,5,13,3,1,9,5,5,2,13,2,34,2,1,7,5,7,20,8,20,10,16,,67,,1,21,121.5064587,25.0486921
113,1,17,6,31,2,03中山區,中山區民權東路1段69號,0,0,1,1,C03,8,5,5,50,14,9,1,5,4,5,13,4,4,1,3,5,1,12,1,51,3,10,6,4,7,8,1,10,1,13,,118,,1,21,121.5261636,25.06277504
113,1,17,6,31,2,03中山區,中山區民權東路1段69號,0,0,1,2,C03,8,5,5,50,14,9,1,5,4,5,13,4,4,1,3,5,1,12,1,71,2,9,5,4,7,9,1,10,1,11,,118,,1,21,121.5261636,25.06277504
113,1,17,6,55,2,08士林區,士林區建業路與建業路11巷口,0,0,3,1,C02,8,5,8,30,4,1,1,5,4,5,13,4,4,10,5,5,2,15,1,21,2,9,3,4,7,9,1,9,1,12,,75,,1,22,121.5477886,25.1353464
113,1,17,6,55,2,08士林區,士林區建業路與建業路11巷口,0,0,3,2,C03,8,5,8,30,4,1,1,5,4,5,13,4,4,10,5,5,2,15,1,36,2,9,3,4,7,9,1,10,1,11,,14,,1,22,121.5477886,25.1353464
113,1,17,6,55,2,08士林區,士林區建業路與建業路11巷口,0,0,3,3,H02,8,5,8,30,4,1,1,5,4,5,13,4,4,10,5,5,2,15,2,16,2,9,3,5,7,17,8,20,10,16,,60,,1,22,121.5477886,25.1353464
113,1,17,6,59,2,05中正區,中正區寧波東街與羅斯福路1段口,0,0,1,1,A02,8,7,5,50,4,2,1,5,4,5,13,1,1,1,4,4,2,17,1,43,3,10,7,1,7,9,1,2,2,2,,44,,1,21,121.5190623,25.0319623
113,1,17,6,59,2,05中正區,中正區寧波東街與羅斯福路1段口,0,0,1,2,C03,8,7,5,50,4,2,1,5,4,5,13,1,1,1,4,4,2,17,1,51,2,9,5,1,7,1,1,10,2,14,,19,,1,21,121.5190623,25.0319623
113,1,17,7,53,2,05中正區,中正區市民大道3段與新生北路1段口,0,0,1,1,B03,8,5,5,40,4,1,1,5,4,5,13,1,1,9,4,5,2,17,1,33,3,10,7,1,7,6,1,8,2,5,,9,,1,21,121.5326808,25.0453389
113,1,17,7,53,2,05中正區,中正區市民大道3段與新生北路1段口,0,0,1,2,C03,8,5,5,40,4,1,1,5,4,5,13,1,1,9,4,5,2,17,2,43,2,9,5,1,7,9,1,11,2,14,,44,,1,21,121.5326808,25.0453389
113,1,17,8,3,2,08士林區,士林區士東路200巷49弄與芝玉路2段口,0,0,1,1,C03,8,6,5,30,4,1,1,5,4,5,13,4,4,10,5,5,2,17,1,32,2,9,5,1,7,9,1,10,1,11,,14,,1,21,121.5346274,25.11103183
113,1,17,8,3,2,08士林區,士林區士東路200巷49弄與芝玉路2段口,0,0,1,2,B01,8,6,5,30,4,1,1,5,4,5,13,4,4,10,5,5,2,17,1,64,3,10,7,1,7,9,1,8,1,2,,14,,1,21,121.5346274,25.11103183
113,1,17,8,8,2,10文山區,文山區萬隆街64號前,0,0,1,1,C03,8,6,5,50,14,9,1,5,4,5,13,4,4,9,5,5,2,17,1,37,3,10,5,1,7,5,1,10,2,17,,8,,1,26,121.5370376,25.0007817
113,1,17,8,8,2,10文山區,文山區萬隆街64號前,0,0,1,2,C02,8,6,5,50,14,9,1,5,4,5,13,4,4,9,5,5,2,17,1,38,2,8,6,1,7,9,1,9,2,11,,44,,1,21,121.5370376,25.0007817
113,1,17,8,9,2,10文山區,文山區木柵路4段33巷與木柵路4段口,0,0,2,1,C03,8,7,5,50,3,1,1,5,4,5,13,2,1,5,5,5,2,15,2,29,2,9,5,1,7,15,1,10,1,12,,71,,1,21,121.5715365,24.9940796
113,1,17,8,9,2,10文山區,文山區木柵路4段33巷與木柵路4段口,0,0,2,2,C03,8,7,5,50,3,1,1,5,4,5,13,2,1,5,5,5,2,15,2,69,2,7,6,1,7,9,1,10,1,11,,44,,1,21,121.5715365,24.9940796
113,1,17,8,10,2,07信義區,信義區吳興街156巷65弄與信安街15巷口,0,0,3,1,C03,8,7,5,30,4,1,1,5,4,5,13,4,4,9,5,5,2,15,1,29,2,9,5,1,7,9,1,10,2,11,,72,,1,21,121.5591183,25.027835
113,1,17,8,10,2,07信義區,信義區吳興街156巷65弄與信安街15巷口,0,0,3,2,C03,8,7,5,30,4,1,1,5,4,5,13,4,4,9,5,5,2,15,1,30,2,9,5,1,7,9,1,10,2,12,,13,,1,21,121.5591183,25.027835
113,1,17,8,10,2,07信義區,信義區吳興街156巷65弄與信安街15巷口,0,0,3,3,H02,8,7,5,30,4,1,1,5,4,5,13,4,4,9,5,5,2,15,2,29,2,9,5,5,7,20,8,20,10,16,,67,,1,21,121.5591183,25.027835
113,1,17,8,15,2,06松山區,松山區濱江街15號停車格,0,0,1,1,B02,7,6,5,40,14,9,1,5,4,5,13,4,4,1,4,4,1,12,1,30,3,10,7,1,7,1,1,4,2,1,,19,,1,21,121.5638823,25.070462
113,1,17,8,15,2,06松山區,松山區濱江街15號停車格,0,0,1,2,C03,7,6,5,40,14,9,1,5,4,5,13,4,4,1,4,4,1,12,1,32,2,9,6,1,7,9,1,10,2,12,,13,,1,21,121.5638823,25.070462
113,1,17,8,19,2,12內湖區,內湖區舊宗路1段18號,0,0,2,1,C03,8,6,5,50,14,9,1,5,4,5,13,4,4,1,4,5,2,17,1,50,2,9,6,1,7,8,1,10,1,12,,100,,1,21,121.5804017,25.05857834
113,1,17,8,19,2,12內湖區,內湖區舊宗路1段18號,0,0,2,2,C03,8,6,5,50,14,9,1,5,4,5,13,4,4,1,4,5,2,17,1,58,2,9,6,1,7,9,1,10,1,14,,44,,1,21,121.5804017,25.05857834
113,1,17,8,26,2,01大同區,大同區貴德街與貴德街36巷口,0,0,2,1,C03,8,5,5,30,4,2,1,5,4,5,13,4,4,9,5,5,2,17,1,35,2,9,6,4,7,5,1,10,1,11,,14,,1,21,121.5082767,25.0544686
113,1,17,8,26,2,01大同區,大同區貴德街與貴德街36巷口,0,0,2,2,C02,8,5,5,30,4,2,1,5,4,5,13,4,4,9,5,5,2,17,1,78,2,9,6,4,7,9,1,9,1,11,,44,,1,21,121.5082767,25.0544686
113,1,17,8,30,2,01大同區,大同區承德路3段與酒泉街口,0,0,1,1,B03,8,6,5,50,4,1,1,5,4,5,13,2,1,8,3,5,2,16,1,55,3,10,7,1,7,5,1,8,1,2,,98,,1,21,121.5185519,25.07057055
113,1,17,8,30,2,01大同區,大同區承德路3段與酒泉街口,0,0,1,2,C03,8,6,5,50,4,1,1,5,4,5,13,2,1,8,3,5,2,16,1,25,2,9,6,1,7,9,1,10,1,11,,44,,1,21,121.5185519,25.07057055
113,1,17,8,31,2,03中山區,中山區中山北路2段128巷與中山北路2段口,0,0,1,1,C03,8,5,5,50,14,9,1,5,4,5,13,4,4,1,3,5,1,12,1,33,3,10,6,4,7,9,1,10,1,12,,44,,1,21,121.5227577,25.06174691
113,1,17,8,31,2,03中山區,中山區中山北路2段128巷與中山北路2段口,0,0,1,2,C03,8,5,5,50,14,9,1,5,4,5,13,4,4,1,3,5,1,12,1,19,2,8,6,4,7,7,1,10,1,14,,100,,1,21,121.5227577,25.06174691