發生年度,發生月,發生日,發生時-Hours,發生分,處理別-編號,區序,肇事地點,死亡人數,2-30日死亡人數,受傷人數,當事人序號,車種,天候,道路照明設備,道路類別,速限-速度限制,道路型態,事故位置,路面狀況1,路面狀況2,路面狀況3,道路障礙1,道路障礙2,號誌1,號誌2,車道劃分-分向,車道劃分-分道1,車道劃分-分道2,車道劃分-分道3,事故類型及型態,性別,年齡,受傷程度,主要傷處,保護裝置,行動電話,車輛用途,當事者行動狀態,駕駛資格情形,駕駛執照種類,飲酒情形,車輛撞擊部位1,車輛撞擊部位2,肇因碼-個別,肇因碼-主要,個人肇逃否,職業,座標-X,座標-Y
113,1,17,8,51,2,10文山區,文山區和平東路4段與和平東路4段295巷口口,0,0,1,1,B03,8,7,5,40,3,1,1,5,4,5,13,1,1,10,5,5,2,16,1,59,3,10,7,1,7,5,1,8,2,6,,71,,1,22,121.5732075,25.0005336
113,1,17,8,51,2,10文山區,文山區和平東路4段與和平東路4段295巷口口,0,0,1,2,C03,8,7,5,40,3,1,1,5,4,5,13,1,1,10,5,5,2,16,1,29,2,9,6,1,7,9,1,10,2,11,,13,,1,22,121.5732075,25.0005336
113,1,17,8,52,2,11南港區,南港區合順街8巷5弄與大坑街口,0,0,2,1,C03,8,5,5,50,4,1,1,5,4,5,13,4,4,9,5,5,2,16,1,44,2,9,6,1,7,5,1,10,2,14,,8,,1,22,121.6199314,25.0424342
113,1,17,8,52,2,11南港區,南港區合順街8巷5弄與大坑街口,0,0,2,2,C03,8,5,5,50,4,1,1,5,4,5,13,4,4,9,5,5,2,16,2,38,2,9,6,4,7,9,1,10,1,12,,108,,1,22,121.6199314,25.0424342
113,1,17,9,0,2,08士林區,士林區福林路與福林路100巷口,0,0,1,1,B01,8,6,5,50,3,1,1,5,4,5,13,3,1,7,2,5,1,12,1,57,3,10,7,1,7,15,1,4,1,6,,80,,1,21,121.5319763,25.09525681
113,1,17,9,0,2,08士林區,士林區福林路與福林路100巷口,0,0,1,2,C03,8,6,5,50,3,1,1,5,4,5,13,3,1,7,2,5,1,12,1,28,2,9,5,1,7,9,1,10,1,14,,13,,1,21,121.5319763,25.09525681
113,1,17,9,0,2,07信義區,信義區中坡南路與中坡南路168巷口,0,0,1,1,B03,8,5,5,30,5,1,1,5,4,5,13,2,1,5,2,5,1,15,1,34,3,10,7,1,7,9,1,8,1,8,,85,,1,21,121.5841722,25.0391605
113,1,17,9,0,2,07信義區,信義區中坡南路與中坡南路168巷口,0,0,1,2,C03,8,5,5,30,5,1,1,5,4,5,13,2,1,5,2,5,1,15,1,87,2,9,5,1,7,1,1,10,1,11,,19,,1,21,121.5841722,25.0391605
113,1,17,9,10,2,07信義區,信義區忠孝東路5段與忠孝東路5段423巷口,0,0,1,1,C03,7,5,5,50,4,2,1,4,4,5,13,1,1,1,4,5,1,13,1,31,2,9,6,1,7,9,1,10,1,11,,16,,1,21,121.5751548,25.0408146
113,1,17,9,10,2,07信義區,信義區忠孝東路5段與忠孝東路5段423巷口,0,0,1,2,C03,7,5,5,50,4,2,1,4,4,5,13,1,1,1,4,5,1,13,1,33,3,10,6,1,7,9,1,10,1,13,,44,,1,21,121.5751548,25.0408146
113,1,17,9,25,2,01大同區,大同區大龍街與大龍街187巷口,0,0,1,1,B03,8,6,5,50,3,1,1,5,4,5,13,4,4,9,5,5,2,1,1,78,3,10,7,1,7,5,1,8,2,1,,70,,1,21,121.5159999,25.0691809
113,1,17,9,25,2,01大同區,大同區大龍街與大龍街187巷口,0,0,1,2,H01,8,6,5,50,3,1,1,5,4,5,13,4,4,9,5,5,2,1,1,29,2,8,4,5,8,16,8,20,10,16,,67,,1,21,121.5159999,25.0691809
113,1,17,9,30,2,10文山區,文山區羅斯福路6段285號,0,0,2,1,C03,8,6,5,50,14,9,1,5,4,5,13,4,4,1,4,5,2,12,1,75,2,8,6,1,7,9,1,10,1,14,,118,,1,21,121.5412757,24.9946369
113,1,17,9,30,2,10文山區,文山區羅斯福路6段285號,0,0,2,2,C03,8,6,5,50,14,9,1,5,4,5,13,4,4,1,4,5,2,12,1,34,2,8,6,1,7,4,1,10,1,12,,118,,1,21,121.5412757,24.9946369
113,1,17,9,38,2,12內湖區,內湖區成功路2段與成功路2段426巷口,0,0,1,1,C03,8,7,5,50,4,1,1,5,4,5,13,2,1,5,4,5,2,16,2,51,2,8,5,1,7,6,1,10,1,12,,9,,1,21,121.589746,25.07157776
113,1,17,9,38,2,12內湖區,內湖區成功路2段與成功路2段426巷口,0,0,1,2,B03,8,7,5,50,4,1,1,5,4,5,13,2,1,5,4,5,2,16,1,19,3,10,7,1,7,9,1,8,1,8,,118,,1,21,121.589746,25.07157776
113,1,17,10,0,2,12內湖區,內湖區舊宗路2段169號,0,0,1,1,B03,8,6,5,50,3,1,1,5,4,5,13,2,1,1,4,5,2,17,1,33,3,10,7,1,7,6,1,8,1,8,,42,,1,21,121.5748245,25.07083944
113,1,17,10,0,2,12內湖區,內湖區舊宗路2段169號,0,0,1,2,B03,8,6,5,50,3,1,1,5,4,5,13,2,1,1,4,5,2,17,2,28,2,5,7,1,7,6,1,8,1,2,,17,,1,21,121.5748245,25.07083944
113,1,17,10,0,2,11南港區,南港區市民大道7段與向陽路口,0,0,2,1,C03,8,5,5,50,4,1,1,5,4,5,13,1,1,5,5,5,1,16,2,51,2,9,5,1,7,5,1,10,1,14,,8,,1,21,121.5955197,25.0514515
113,1,17,10,0,2,11南港區,南港區市民大道7段與向陽路口,0,0,2,2,C03,8,5,5,50,4,1,1,5,4,5,13,1,1,5,5,5,1,16,1,27,2,9,5,1,7,9,1,10,1,11,,13,,1,21,121.5955197,25.0514515
113,1,17,10,3,2,03中山區,中山區堤頂大道2段與基湖路口,0,0,1,1,B03,8,6,5,50,4,1,1,5,4,5,13,2,1,9,4,5,2,17,2,40,3,10,7,1,7,5,1,8,1,17,,103,,1,21,121.5643122,25.07868634
113,1,17,10,3,2,03中山區,中山區堤頂大道2段與基湖路口,0,0,1,2,C03,8,6,5,50,4,1,1,5,4,5,13,2,1,9,4,5,2,17,1,25,2,9,5,1,7,5,1,10,1,17,,99,,1,21,121.5643122,25.07868634
113,1,17,10,10,2,08士林區,士林區中山北路5段與中山北路5段470巷口,0,0,1,1,B02,8,6,5,50,3,2,1,5,4,5,13,4,4,1,3,1,1,11,2,28,3,10,7,1,7,15,1,8,1,2,,80,,1,21,121.5279099,25.09222795
113,1,17,10,10,2,08士林區,士林區中山北路5段與中山北路5段470巷口,0,0,1,2,C03,8,6,5,50,3,2,1,5,4,5,13,4,4,1,3,1,1,11,1,53,2,9,5,1,7,9,1,10,1,14,,14,,1,21,121.5279099,25.09222795
113,1,17,10,29,2,09北投區,北投區承德路7段與承德路7段344巷口,0,0,1,1,B03,8,6,5,60,14,9,1,5,4,5,13,4,4,9,4,4,2,12,2,70,3,10,3,4,7,7,1,8,11,17,,100,,2,21,121.5040584,25.1172825
113,1,17,10,29,2,09北投區,北投區承德路7段與承德路7段344巷口,0,0,1,2,C03,8,6,5,60,14,9,1,5,4,5,13,4,4,9,4,4,2,12,1,23,2,8,5,1,7,9,1,10,1,17,,13,,1,21,121.5040584,25.1172825
113,1,17,10,50,2,12內湖區,內湖區康寧路3段165巷與康寧路3段口,0,0,1,1,A05,8,6,5,50,4,1,1,5,4,5,13,1,1,1,5,5,2,16,1,51,3,10,7,1,7,11,1,2,2,2,,10,,1,21,121.6106431,25.0706196
113,1,17,10,50,2,12內湖區,內湖區康寧路3段165巷與康寧路3段口,0,0,1,2,C03,8,6,5,50,4,1,1,5,4,5,13,1,1,1,5,5,2,16,2,30,2,9,6,1,7,9,1,10,2,11,,14,,1,21,121.6106431,25.0706196
113,1,17,11,11,2,04大安區,大安區信義路4段往東(公車專用道),0,0,1,1,A02,8,7,5,40,14,10,1,5,4,5,13,4,4,4,1,2,1,9,1,58,3,10,7,1,7,15,1,2,1,17,,44,,1,26,121.54809,25.03322017
113,1,17,11,11,2,04大安區,大安區信義路4段往東(公車專用道),0,0,1,2,H02,8,7,5,40,14,10,1,5,4,5,13,4,4,4,1,2,1,9,2,73,2,1,3,5,7,20,8,20,10,17,,67,,1,21,121.54809,25.03322017
113,1,17,11,24,2,01大同區,大同區重慶北路2段與保安街口,0,0,1,1,B01,8,6,5,50,4,1,1,5,4,5,13,2,1,1,4,5,2,17,1,54,3,10,3,4,7,8,1,4,1,6,,100,,1,22,121.5137208,25.0592711
113,1,17,11,24,2,01大同區,大同區重慶北路2段與保安街口,0,0,1,2,C03,8,6,5,50,4,1,1,5,4,5,13,2,1,1,4,5,2,17,1,36,2,7,6,4,7,9,1,10,1,11,,16,,1,22,121.5137208,25.0592711
113,1,17,11,25,2,04大安區,大安區建國南路1段與忠孝東路3段口,0,0,1,1,C03,7,6,5,40,14,9,1,5,4,5,13,4,4,1,5,5,1,13,1,19,2,9,6,1,7,8,1,10,1,11,,108,,1,21,121.5371751,25.0424664
113,1,17,11,25,2,04大安區,大安區建國南路1段與忠孝東路3段口,0,0,1,2,B11,7,6,5,40,14,9,1,5,4,5,13,4,4,1,5,5,1,13,1,35,3,10,7,1,7,14,1,4,1,3,,38,,1,21,121.5371751,25.0424664
113,1,17,11,35,2,04大安區,大安區信義路3段109號,0,0,1,1,B03,7,6,5,50,14,9,1,5,4,5,13,2,1,9,4,5,1,12,2,35,4,11,3,4,7,9,1,8,11,4,,107,,1,22,121.5393564,25.0335623
113,1,17,11,35,2,04大安區,大安區信義路3段109號,0,0,1,2,C03,7,6,5,50,14,9,1,5,4,5,13,2,1,9,4,5,1,12,2,46,2,5,5,1,7,9,1,10,9,12,,44,,1,21,121.5393564,25.0335623
113,1,17,11,45,2,05中正區,中正區重慶南路3段與和平西路1段口,0,0,1,1,C03,8,7,5,50,5,1,1,5,4,5,13,1,1,1,4,5,2,16,1,19,3,10,5,4,7,6,1,10,1,13,,44,,1,21,121.5158765,25.027233
113,1,17,11,45,2,05中正區,中正區重慶南路3段與和平西路1段口,0,0,1,2,C03,8,7,5,50,5,1,1,5,4,5,13,1,1,1,4,5,2,16,1,56,2,9,5,4,7,9,1,10,1,11,,44,,1,21,121.5158765,25.027233
113,1,17,11,50,2,12內湖區,內湖區潭美街與潭美街口動物之家公車站,0,0,1,1,B01,8,6,5,50,3,1,1,5,4,5,13,4,4,9,5,5,2,17,1,44,3,10,7,1,7,6,1,4,1,5,,9,,1,21,121.6098543,25.0634717
113,1,17,11,50,2,12內湖區,內湖區潭美街與潭美街口動物之家公車站,0,0,1,2,C04,8,6,5,50,3,1,1,5,4,5,13,4,4,9,5,5,2,17,1,24,2,9,6,1,7,9,1,8,1,11,,108,,1,21,121.6098543,25.0634717
113,1,17,11,50,2,12內湖區,內湖區潭美街與潭美街口動物之家公車站,0,0,1,3,A12,8,6,5,50,3,1,1,5,4,5,13,4,4,9,5,5,2,17,1,60,3,10,3,4,7,14,1,3,9,17,,38,,1,21,121.6098543,25.0634717
113,1,17,12,15,2,03中山區,中山區八德路2段199巷與八德路2段口,0,0,1,1,C03,8,7,5,50,4,1,1,5,4,5,13,2,1,5,2,5,2,17,1,23,3,10,5,1,7,9,1,10,1,14,,16,,1,21,121.5393531,25.0465391
113,1,17,12,15,2,03中山區,中山區八德路2段199巷與八德路2段口,0,0,1,2,C03,8,7,5,50,4,1,1,5,4,5,13,2,1,5,2,5,2,17,1,26,2,9,5,1,7,9,1,10,1,12,,16,,1,21,121.5393531,25.0465391
113,1,17,12,50,2,08士林區,士林區中山北路5段與劍潭路口,0,0,1,1,C03,8,6,5,50,3,2,1,5,4,5,13,1,1,1,4,5,2,17,2,48,2,8,5,1,7,15,1,10,2,17,,42,,1,22,121.5253639,25.0844568
113,1,17,12,50,2,08士林區,士林區中山北路5段與劍潭路口,0,0,1,2,B03,8,6,5,50,3,2,1,5,4,5,13,1,1,1,4,5,2,17,1,69,3,10,7,1,7,9,1,8,2,17,,44,,1,22,121.5253639,25.0844568
113,1,17,12,50,2,08士林區,士林區中山北路5段與劍潭路口,0,0,1,3,H02,8,6,5,50,3,2,1,5,4,5,13,1,1,1,4,5,2,17,2,10,3,10,5,5,7,17,8,20,10,16,,67,,1,22,121.5253639,25.0844568
113,1,17,13,20,2,12內湖區,內湖區內湖路1段91巷15號,0,0,2,1,H01,8,6,5,30,14,9,1,5,4,5,13,4,4,10,5,5,2,3,2,34,2,9,4,5,8,18,8,20,10,16,,121,,1,21,121.5615037,25.08490512
113,1,17,13,20,2,12內湖區,內湖區內湖路1段91巷15號,0,0,2,2,C03,8,6,5,30,14,9,1,5,4,5,13,4,4,10,5,5,2,3,1,35,2,9,6,1,7,9,1,10,2,11,,108,,1,21,121.5615037,25.08490512
113,1,17,13,44,2,08士林區,士林區美崙街39號,0,0,1,1,C03,8,6,5,30,14,9,1,5,4,5,13,4,4,10,5,5,1,2,1,48,4,11,6,4,7,9,3,18,9,15,,16,,1,22,121.5229059,25.0971484
113,1,17,13,44,2,08士林區,士林區美崙街39號,0,0,1,2,H01,8,6,5,30,14,9,1,5,4,5,13,4,4,10,5,5,1,2,2,56,2,8,4,5,8,16,8,20,10,16,,67,,1,21,121.5229059,25.0971484
113,1,17,13,51,2,12內湖區,內湖區民權東路6段與成功路2段口,0,0,1,1,B03,8,5,5,50,4,1,1,5,4,5,13,1,1,1,4,5,2,13,1,45,3,10,7,1,7,9,1,8,2,1,,108,,1,21,121.5909565,25.06887746
113,1,17,13,51,2,12內湖區,內湖區民權東路6段與成功路2段口,0,0,1,2,B03,8,5,5,50,4,1,1,5,4,5,13,1,1,1,4,5,2,13,2,32,2,5,7,1,7,14,1,8,2,3,,44,,1,21,121.5909565,25.06887746
113,1,17,14,0,2,12內湖區,內湖區民權東路6段191巷與民權東路6段口,0,0,1,1,B03,8,6,5,50,4,1,1,5,4,5,13,2,1,1,4,4,2,17,1,56,3,10,7,1,7,6,1,8,1,8,,99,,1,21,121.5975789,25.06760006
113,1,17,14,0,2,12內湖區,內湖區民權東路6段191巷與民權東路6段口,0,0,1,2,C03,8,6,5,50,4,1,1,5,4,5,13,2,1,1,4,4,2,17,1,25,2,9,6,1,7,5,1,10,1,12,,42,,1,21,121.5975789,25.06760006
113,1,17,14,56,2,03中山區,中山區長安東路1段與林森北路口,0,0,1,1,B03,8,6,5,50,4,1,1,5,4,5,13,2,1,1,4,5,2,16,1,53,3,10,3,4,7,8,1,8,1,5,,100,,1,21,121.5244695,25.0490716
113,1,17,14,56,2,03中山區,中山區長安東路1段與林森北路口,0,0,1,2,C03,8,6,5,50,4,1,1,5,4,5,13,2,1,1,4,5,2,16,1,24,2,9,3,4,7,9,1,10,1,14,,44,,1,21,121.5244695,25.0490716
113,1,17,14,57,2,05中正區,中正區開封街1段97號旁,0,0,2,1,A02,7,6,6,50,14,9,1,5,4,5,13,2,1,10,4,5,2,17,1,57,3,10,7,1,7,14,1,2,2,17,,38,,1,21,121.510616,25.0460193
113,1,17,14,57,2,05中正區,中正區開封街1段97號旁,0,0,2,2,C03,7,6,6,50,14,9,1,5,4,5,13,2,1,10,4,5,2,17,1,24,2,9,6,1,7,9,1,10,2,11,,44,,1,21,121.510616,25.0460193
113,1,17,14,57,2,05中正區,中正區開封街1段97號旁,0,0,2,3,H02,7,6,6,50,14,9,1,5,4,5,13,2,1,10,4,5,2,17,2,46,2,8,4,5,7,19,8,20,10,16,,56,,1,21,121.510616,25.0460193
113,1,17,15,9,2,04大安區,大安區安和路2段與樂利路口口,0,0,2,1,C03,8,6,5,50,4,1,1,5,4,5,13,1,1,1,4,5,2,16,1,27,2,9,5,1,7,5,1,10,2,12,,74,,1,21,121.551187,25.028975
113,1,17,15,9,2,04大安區,大安區安和路2段與樂利路口口,0,0,2,2,C03,8,6,5,50,4,1,1,5,4,5,13,1,1,1,4,5,2,16,1,51,2,9,5,1,7,9,1,10,2,11,,44,,1,23,121.551187,25.028975
113,1,17,15,9,2,10文山區,文山區木柵路5段43巷燈桿編號南23前,0,0,1,1,C03,8,6,5,30,11,9,1,5,4,5,13,4,4,5,4,5,2,11,1,19,2,9,5,1,7,9,1,10,1,14,,4,,1,21,121.5862061,25.00685569
113,1,17,15,9,2,10文山區,文山區木柵路5段43巷燈桿編號南23前,0,0,1,2,B03,8,6,5,30,11,9,1,5,4,5,13,4,4,5,4,5,2,11,1,73,3,10,7,1,7,9,1,8,1,4,,44,,1,21,121.5862061,25.00685569
113,1,17,15,9,2,10文山區,文山區木柵路5段43巷燈桿編號南23前,0,0,1,3,B03,8,6,5,30,11,9,1,5,4,5,13,4,4,5,4,5,2,11,1,58,3,10,7,1,7,9,1,8,1,4,,44,,1,21,121.5862061,25.00685569
113,1,17,15,21,2,10文山區,文山區景文街與景文街142巷口,0,0,2,1,C03,8,6,5,50,4,1,1,5,4,5,13,2,1,5,5,4,2,16,1,22,2,8,6,1,7,5,1,10,1,12,,71,,1,21,121.5408063,24.9884388
113,1,17,15,21,2,10文山區,文山區景文街與景文街142巷口,0,0,2,2,C03,8,6,5,50,4,1,1,5,4,5,13,2,1,5,5,4,2,16,1,19,2,9,6,1,7,9,1,10,1,11,,13,,1,21,121.5408063,24.9884388
113,1,17,15,33,2,12內湖區,內湖區內湖路2段179巷與內湖路2段179巷224弄口,0,0,1,1,B03,8,6,5,50,3,1,1,5,4,5,13,4,4,5,4,5,2,16,2,71,3,10,7,1,7,6,1,8,1,2,,4,,1,21,121.5837986,25.0845127
113,1,17,15,33,2,12內湖區,內湖區內湖路2段179巷與內湖路2段179巷224弄口,0,0,1,2,C03,8,6,5,50,3,1,1,5,4,5,13,4,4,5,4,5,2,16,1,24,2,9,5,1,7,9,1,10,1,11,,13,,1,21,121.5837986,25.0845127
113,1,17,15,41,2,09北投區,北投區大同街114巷與大同街口口,0,0,1,1,C03,8,5,5,30,3,1,1,5,4,5,13,4,4,10,5,5,2,16,2,47,3,10,5,1,7,5,1,10,1,11,,74,,1,21,121.4984826,25.13460661
113,1,17,15,41,2,09北投區,北投區大同街114巷與大同街口口,0,0,1,2,C03,8,5,5,30,3,1,1,5,4,5,13,4,4,10,5,5,2,16,2,37,2,9,5,1,7,9,1,10,1,12,,44,,1,21,121.4984826,25.13460661
113,1,17,15,50,2,08士林區,士林區中正路602號,0,0,1,1,C03,8,6,5,50,14,9,1,5,4,5,13,4,4,10,4,5,1,17,2,69,2,9,6,1,7,1,1,10,2,14,,19,,1,22,121.5097549,25.08701205
113,1,17,15,50,2,08士林區,士林區中正路602號,0,0,1,2,C03,8,6,5,50,14,9,1,5,4,5,13,4,4,10,4,5,1,17,1,29,3,10,6,1,7,9,1,10,2,11,,108,,1,22,121.5097549,25.08701205
113,1,17,16,14,2,10文山區,文山區忠順街1段26巷與忠順街1段26巷12弄口,0,0,1,1,C03,8,7,5,30,4,1,1,5,4,5,13,4,4,10,5,5,2,15,2,64,2,9,5,1,7,9,1,10,1,11,,44,,1,21,121.5593752,24.9834987
113,1,17,16,14,2,10文山區,文山區忠順街1段26巷與忠順街1段26巷12弄口,0,0,1,2,B03,8,7,5,30,4,1,1,5,4,5,13,4,4,10,5,5,2,15,1,45,3,10,7,1,7,9,1,8,1,4,,44,,1,21,121.5593752,24.9834987
113,1,17,16,35,2,05中正區,中正區重慶南路1段與貴陽街1段口,0,0,1,1,B03,7,6,5,50,4,1,1,5,4,5,13,1,3,5,4,5,2,12,1,65,3,10,7,4,7,15,1,4,2,8,,100,,1,22,121.5130995,25.03874304
113,1,17,16,35,2,05中正區,中正區重慶南路1段與貴陽街1段口,0,0,1,2,B03,7,6,5,50,4,1,1,5,4,5,13,1,3,5,4,5,2,12,1,38,2,9,7,4,7,15,1,8,2,5,,17,,1,22,121.5130995,25.03874304
113,1,17,16,50,2,08士林區,士林區士商路與基河路240巷口口,0,0,3,1,C03,7,7,5,50,3,1,1,5,4,5,13,2,1,9,4,5,1,17,1,65,2,8,5,1,7,5,1,10,2,14,,44,,1,21,121.520233,25.09058064
113,1,17,16,50,2,08士林區,士林區士商路與基河路240巷口口,0,0,3,2,C03,7,7,5,50,3,1,1,5,4,5,13,2,1,9,4,5,1,17,2,56,2,6,5,1,7,9,1,10,2,12,,44,,1,21,121.520233,25.09058064
113,1,17,16,50,2,08士林區,士林區士商路與基河路240巷口口,0,0,3,3,H02,7,7,5,50,3,1,1,5,4,5,13,2,1,9,4,5,1,17,2,30,2,2,5,5,7,20,8,20,10,17,,60,,1,21,121.520233,25.09058064
113,1,17,17,14,2,01大同區,大同區長安西路與長安西路172巷口,0,0,2,1,C03,8,5,5,50,5,2,1,5,4,5,13,4,4,5,4,5,2,17,1,58,2,9,3,4,7,5,1,10,1,12,,74,,1,21,121.5164196,25.0509407
113,1,17,17,14,2,01大同區,大同區長安西路與長安西路172巷口,0,0,2,2,C03,8,5,5,50,5,2,1,5,4,5,13,4,4,5,4,5,2,17,1,21,2,9,3,4,7,9,1,10,1,11,,13,,1,21,121.5164196,25.0509407
113,1,17,17,18,2,03中山區,中山區錦州街與民權東路2段152巷口,0,0,1,1,B01,8,5,5,50,4,18,1,5,4,5,13,1,1,4,5,5,1,3,1,66,3,10,3,4,7,6,1,4,2,5,,9,,1,21,121.534886,25.0604053
113,1,17,17,18,2,03中山區,中山區錦州街與民權東路2段152巷口,0,0,1,2,H01,8,5,5,50,4,18,1,5,4,5,13,1,1,4,5,5,1,3,2,28,2,8,4,5,8,16,8,20,10,16,,67,,1,21,121.534886,25.0604053
113,1,17,17,43,2,12內湖區,內湖區瑞光路358巷30弄與瑞光路358巷38弄口,0,0,1,1,C03,8,5,5,50,3,1,1,5,4,5,13,4,4,5,5,5,2,16,1,58,2,9,6,1,7,1,1,10,2,12,,19,,1,21,121.5729956,25.0760973
113,1,17,17,43,2,12內湖區,內湖區瑞光路358巷30弄與瑞光路358巷38弄口,0,0,1,2,B03,8,5,5,50,3,1,1,5,4,5,13,4,4,5,5,5,2,16,2,46,3,10,7,1,7,9,1,8,2,8,,44,,1,21,121.5729956,25.0760973
113,1,17,17,50,2,12內湖區,內湖區成美橋往南港,0,0,1,1,C03,8,5,5,50,8,9,1,5,4,5,13,4,4,4,5,5,2,13,2,27,2,8,6,1,7,9,1,10,1,11,,17,,1,21,121.5827122,25.05381895
113,1,17,17,50,2,12內湖區,內湖區成美橋往南港,0,0,1,2,C03,8,5,5,50,8,9,1,5,4,5,13,4,4,4,5,5,2,13,1,28,3,10,6,1,7,14,1,10,1,13,,44,,1,21,121.5827122,25.05381895
113,1,17,17,50,2,12內湖區,內湖區成美橋往南港,0,0,1,3,C04,8,5,5,50,8,9,1,5,4,5,13,4,4,4,5,5,2,13,1,39,3,10,6,1,7,14,1,10,1,13,,108,,1,21,121.5827122,25.05381895
113,1,17,18,2,2,01大同區,大同區錦西街與興城街口,0,0,1,1,C03,8,5,5,50,3,1,1,5,4,5,13,4,4,9,5,5,2,17,1,32,2,8,6,1,7,6,1,10,1,12,,9,,1,21,121.5173285,25.0601497
113,1,17,18,2,2,01大同區,大同區錦西街與興城街口,0,0,1,2,C03,8,5,5,50,3,1,1,5,4,5,13,4,4,9,5,5,2,17,2,24,3,10,6,1,7,9,1,10,1,14,,44,,1,21,121.5173285,25.0601497
113,1,17,18,4,2,09北投區,北投區新民路與新民路62巷口,0,0,1,1,B03,8,5,5,30,3,1,1,5,4,5,13,4,4,4,5,5,1,16,2,47,3,10,7,1,7,5,1,8,1,5,,74,,1,22,121.5107372,25.1401099
113,1,17,18,4,2,09北投區,北投區新民路與新民路62巷口,0,0,1,2,C03,8,5,5,30,3,1,1,5,4,5,13,4,4,4,5,5,1,16,1,30,2,9,6,1,7,9,1,10,1,11,,44,,1,22,121.5107372,25.1401099
113,1,17,18,11,2,08士林區,士林區劍潭路與基河路口,0,0,1,1,B01,8,5,5,50,4,1,1,5,4,5,13,1,1,1,5,5,2,3,1,54,3,10,7,1,7,6,1,4,2,1,,70,,1,21,121.5247442,25.0842567
113,1,17,18,11,2,08士林區,士林區劍潭路與基河路口,0,0,1,2,H01,8,5,5,50,4,1,1,5,4,5,13,1,1,1,5,5,2,3,1,12,2,9,4,5,8,18,8,20,10,16,,67,,1,21,121.5247442,25.0842567
113,1,17,18,19,2,05中正區,中正區信義路2段與臨沂街口,0,0,1,1,B01,8,6,5,30,3,1,1,5,4,5,13,4,4,1,4,1,2,16,2,57,3,10,2,1,7,5,1,4,1,2,,73,,1,22,121.5277541,25.0341039
113,1,17,18,19,2,05中正區,中正區信義路2段與臨沂街口,0,0,1,2,C03,8,6,5,30,3,1,1,5,4,5,13,4,4,1,4,1,2,16,2,54,2,9,5,1,7,9,1,10,1,11,,44,,1,22,121.5277541,25.0341039
113,1,17,18,27,2,06松山區,松山區民生東路4段69號,0,0,2,1,C03,7,5,5,50,14,9,1,5,4,5,13,4,4,1,4,5,2,12,2,58,2,7,6,1,7,8,1,10,1,12,,100,,1,21,121.5511254,25.05796875
113,1,17,18,27,2,06松山區,松山區民生東路4段69號,0,0,2,2,C03,7,5,5,50,14,9,1,5,4,5,13,4,4,1,4,5,2,12,1,22,2,8,6,1,7,9,1,10,1,11,,44,,1,21,121.5511254,25.05796875
113,1,17,18,30,2,08士林區,士林區文昌路44號,0,0,1,1,C03,8,5,5,50,14,9,1,5,4,5,13,4,4,5,4,5,2,17,1,42,2,9,5,1,7,9,1,10,1,11,,16,,1,21,121.5213143,25.095823
113,1,17,18,30,2,08士林區,士林區文昌路44號,0,0,1,2,B03,8,5,5,50,14,9,1,5,4,5,13,4,4,5,4,5,2,17,1,59,3,10,7,1,7,11,1,8,1,7,,99,,1,21,121.5213143,25.095823
113,1,17,18,48,2,05中正區,中正區金山北路與市民大道2段口,0,0,1,1,C03,8,5,5,50,4,1,1,5,4,5,13,1,1,1,4,1,2,17,1,59,3,10,6,1,7,15,1,10,2,12,,44,,1,21,121.5306008,25.04603722
113,1,17,18,48,2,05中正區,中正區金山北路與市民大道2段口,0,0,1,2,C03,8,5,5,50,4,1,1,5,4,5,13,1,1,1,4,1,2,17,1,50,2,8,6,1,7,15,1,10,2,11,,16,,1,21,121.5306008,25.04603722
113,1,17,18,51,2,01大同區,大同區昌吉街100號,0,0,1,1,C03,7,6,5,50,14,9,1,5,4,5,13,4,4,5,2,4,2,17,1,30,3,10,5,4,7,11,1,10,1,12,,10,,1,21,121.5150518,25.06595253
113,1,17,18,51,2,01大同區,大同區昌吉街100號,0,0,1,2,C03,7,6,5,50,14,9,1,5,4,5,13,4,4,5,2,4,2,17,1,47,2,9,5,4,7,9,1,10,1,11,,44,,1,21,121.5150518,25.06595253
113,1,17,19,19,2,11南港區,南港區中坡南路與中坡南路31巷口,0,0,1,1,B03,8,5,5,50,4,1,1,5,4,5,13,4,4,4,3,4,2,11,1,46,3,10,3,4,7,7,1,8,1,4,,100,,1,22,121.5832501,25.0430961
113,1,17,19,19,2,11南港區,南港區中坡南路與中坡南路31巷口,0,0,1,2,C03,8,5,5,50,4,1,1,5,4,5,13,4,4,4,3,4,2,11,1,47,2,9,3,4,7,9,1,10,1,11,,108,,1,22,121.5832501,25.0430961
113,1,17,19,46,2,12內湖區,內湖區陽光街與文德路22巷口,0,0,1,1,B03,8,5,5,50,4,2,1,5,4,5,13,1,1,5,5,5,2,13,1,61,3,10,7,1,7,15,6,8,1,5,,108,,1,21,121.5810626,25.07455512
113,1,17,19,46,2,12內湖區,內湖區陽光街與文德路22巷口,0,0,1,2,C01,8,5,5,50,4,2,1,5,4,5,13,1,1,5,5,5,2,13,1,22,3,10,6,1,7,14,1,9,1,13,,44,,1,21,121.5810626,25.07455512
113,1,17,19,46,2,12內湖區,內湖區陽光街與文德路22巷口,0,0,1,3,H02,8,5,5,50,4,2,1,5,4,5,13,1,1,5,5,5,2,13,2,22,2,8,6,5,7,20,8,20,10,16,,67,,1,21,121.5810626,25.07455512