發生年度,發生月,發生日,發生時-Hours,發生分,處理別-編號,區序,肇事地點,死亡人數,2-30日死亡人數,受傷人數,當事人序號,車種,天候,道路照明設備,道路類別,速限-速度限制,道路型態,事故位置,路面狀況1,路面狀況2,路面狀況3,道路障礙1,道路障礙2,號誌1,號誌2,車道劃分-分向,車道劃分-分道1,車道劃分-分道2,車道劃分-分道3,事故類型及型態,性別,年齡,受傷程度,主要傷處,保護裝置,行動電話,車輛用途,當事者行動狀態,駕駛資格情形,駕駛執照種類,飲酒情形,車輛撞擊部位1,車輛撞擊部位2,肇因碼-個別,肇因碼-主要,個人肇逃否,職業,座標-X,座標-Y
113,1,17,20,13,2,04大安區,大安區忠孝東路3段與新生南路1段口,0,0,1,1,C03,7,5,5,50,4,1,1,5,4,5,13,1,1,1,5,5,1,12,2,22,2,9,5,1,7,7,1,10,1,14,,100,,1,21,121.5329173,25.0423526
113,1,17,20,13,2,04大安區,大安區忠孝東路3段與新生南路1段口,0,0,1,2,B01,7,5,5,50,4,1,1,5,4,5,13,1,1,1,5,5,1,12,1,58,3,10,7,1,7,9,1,4,1,2,,44,,1,21,121.5329173,25.0423526
113,1,17,20,13,2,04大安區,大安區忠孝東路3段與新生南路1段口,0,0,1,3,B01,7,5,5,50,4,1,1,5,4,5,13,1,1,1,5,5,1,12,1,44,3,10,7,1,7,9,1,4,1,7,,44,,1,21,121.5329173,25.0423526
113,1,17,20,30,2,04大安區,大安區市民大道4段與延吉街口西側迴轉道前,0,0,2,1,C03,8,5,5,40,5,1,1,5,4,5,13,1,1,1,4,5,2,17,2,56,2,9,5,1,7,5,1,10,1,11,,103,,1,22,121.5531146,25.0443026
113,1,17,20,30,2,04大安區,大安區市民大道4段與延吉街口西側迴轉道前,0,0,2,2,C03,8,5,5,40,5,1,1,5,4,5,13,1,1,1,4,5,2,17,1,24,3,10,5,1,7,9,1,10,1,12,,13,,1,22,121.5531146,25.0443026
113,1,17,20,30,2,04大安區,大安區市民大道4段與延吉街口西側迴轉道前,0,0,2,3,H02,8,5,5,40,5,1,1,5,4,5,13,1,1,1,4,5,2,17,2,24,2,9,5,5,7,20,8,20,10,16,,67,,1,22,121.5531146,25.0443026
113,1,17,20,35,2,09北投區,北投區育仁路與大業路452巷口,0,0,1,1,B03,7,5,5,50,3,1,1,5,4,5,13,3,1,10,5,5,1,16,1,54,3,10,7,1,7,5,1,8,1,8,,80,,1,21,121.498097,25.1332378
113,1,17,20,35,2,09北投區,北投區育仁路與大業路452巷口,0,0,1,2,C03,7,5,5,50,3,1,1,5,4,5,13,3,1,10,5,5,1,16,1,64,2,9,6,1,7,9,1,10,1,11,,44,,1,21,121.498097,25.1332378
113,1,17,20,52,2,08士林區,士林區中山北路5段與福國路口,0,0,2,1,C03,7,5,5,50,3,1,1,5,4,5,13,2,1,2,4,5,1,17,1,24,2,8,5,1,7,5,1,10,1,14,,85,,1,21,121.525565,25.10255706
113,1,17,20,52,2,08士林區,士林區中山北路5段與福國路口,0,0,2,2,C03,7,5,5,50,3,1,1,5,4,5,13,2,1,2,4,5,1,17,1,35,2,9,5,1,7,9,1,10,1,11,,13,,1,21,121.525565,25.10255706
113,1,17,20,53,2,08士林區,士林區中山北路4段與無名巷口劍潭活動中心前,0,0,1,1,B03,7,5,5,50,3,2,1,5,4,5,13,4,4,3,3,5,1,17,1,23,3,10,7,1,7,15,1,8,2,8,,72,,1,21,121.5243666,25.079549
113,1,17,20,53,2,08士林區,士林區中山北路4段與無名巷口劍潭活動中心前,0,0,1,2,C03,7,5,5,50,3,2,1,5,4,5,13,4,4,3,3,5,1,17,1,40,2,8,5,1,7,9,1,10,2,11,,108,,1,21,121.5243666,25.079549
113,1,17,21,0,2,05中正區,中正區羅斯福路1段與南海路口,0,0,1,1,B03,7,5,5,30,5,18,1,5,4,5,13,2,1,1,4,4,1,3,1,63,3,10,7,1,7,5,1,8,9,1,,70,,1,21,121.5182928,25.03283622
113,1,17,21,0,2,05中正區,中正區羅斯福路1段與南海路口,0,0,1,2,H01,7,5,5,30,5,18,1,5,4,5,13,2,1,1,4,4,1,3,2,43,2,8,4,5,8,18,8,20,9,16,,60,,1,21,121.5182928,25.03283622
113,1,17,21,0,2,12內湖區,內湖區堤頂大道2段293號前,0,0,1,1,C04,8,5,5,50,14,9,1,5,4,5,13,4,4,1,5,5,2,18,2,51,2,9,5,1,7,9,1,10,1,12,,44,,1,21,121.5651749,25.07853944
113,1,17,21,0,2,12內湖區,內湖區堤頂大道2段293號前,0,0,1,2,,8,5,5,50,14,9,1,5,4,5,13,4,4,1,5,5,2,18,3,0,,,,,,,,,,,,67,,1,,121.5651749,25.07853944
113,1,17,22,17,2,03中山區,中山區農安街26-3號,0,0,1,2,C03,8,5,5,40,14,7,1,5,4,5,13,4,4,9,4,4,2,17,1,20,2,9,5,1,7,9,1,10,1,12,11,13,,1,21,121.5262244,25.06490135
113,1,17,22,17,2,03中山區,中山區農安街26-3號,0,0,1,1,B03,8,5,5,40,14,7,1,5,4,5,13,4,4,9,4,4,2,17,1,44,3,10,2,1,7,11,1,8,1,7,,10,,1,21,121.5262244,25.06490135
113,1,17,22,23,2,02萬華區,萬華區成都路67號,0,0,2,1,C03,8,5,5,0,14,25,4,5,4,5,13,4,4,10,5,5,2,7,1,50,3,10,5,1,7,15,6,18,1,11,,116,,1,21,121.5057835,25.0429015
113,1,17,22,23,2,02萬華區,萬華區成都路67號,0,0,2,2,H01,8,5,5,0,14,25,4,5,4,5,13,4,4,10,5,5,2,7,2,21,2,9,4,5,8,17,8,20,10,16,,67,,1,21,121.5057835,25.0429015
113,1,17,22,23,2,02萬華區,萬華區成都路67號,0,0,2,3,H01,8,5,5,0,14,25,4,5,4,5,13,4,4,10,5,5,2,7,2,21,2,9,4,5,8,17,8,20,10,16,,67,,1,21,121.5057835,25.0429015
113,1,18,5,2,2,01大同區,大同區承德路2段與民權西路口,0,0,1,1,B01,7,5,5,50,4,2,1,5,4,5,13,2,1,1,4,5,2,17,1,51,3,10,7,4,7,9,1,4,1,1,,108,,1,21,121.5183505,25.06282782
113,1,18,5,2,2,01大同區,大同區承德路2段與民權西路口,0,0,1,2,C03,7,5,5,50,4,2,1,5,4,5,13,2,1,1,4,5,2,17,2,65,2,9,5,4,7,14,1,10,1,13,,42,,1,21,121.5183505,25.06282782
113,1,18,6,14,2,12內湖區,內湖區東湖路113巷與東湖路113巷3弄口口,0,0,1,1,B03,8,5,5,50,3,1,1,5,4,5,13,4,4,9,5,5,2,16,1,69,3,10,7,1,7,6,1,8,1,2,,9,,1,21,121.6152815,25.06902236
113,1,18,6,14,2,12內湖區,內湖區東湖路113巷與東湖路113巷3弄口口,0,0,1,2,F03,8,5,5,50,3,1,1,5,4,5,13,4,4,9,5,5,2,16,1,16,2,9,4,1,7,4,8,20,1,14,,44,,1,21,121.6152815,25.06902236
113,1,18,6,48,2,12內湖區,內湖區康寧路3段與康寧路3段222巷口,0,0,1,1,C03,8,5,5,50,5,1,1,5,4,5,13,2,1,9,5,5,2,13,1,67,2,9,6,1,7,9,1,10,2,11,,16,,1,21,121.6108223,25.06573505
113,1,18,6,48,2,12內湖區,內湖區康寧路3段與康寧路3段222巷口,0,0,1,2,B03,8,5,5,50,5,1,1,5,4,5,13,2,1,9,5,5,2,13,1,55,3,10,7,1,7,9,1,8,2,3,,44,,1,21,121.6108223,25.06573505
113,1,18,7,11,2,08士林區,士林區文林路與德行西路口,0,0,1,1,B03,8,5,5,50,4,1,1,5,4,5,13,2,1,1,4,4,2,17,1,61,3,10,3,4,7,5,6,18,1,2,,71,,1,22,121.5196871,25.103315
113,1,18,7,11,2,08士林區,士林區文林路與德行西路口,0,0,1,2,C03,8,5,5,50,4,1,1,5,4,5,13,2,1,1,4,4,2,17,1,19,2,8,3,4,7,9,1,10,1,12,,44,,1,22,121.5196871,25.103315
113,1,18,7,54,2,03中山區,中山區吉林路與民族東路口,0,0,1,1,F03,7,5,5,40,3,1,1,5,4,5,13,1,1,1,3,4,1,13,1,17,2,8,4,4,7,9,8,20,1,11,,108,,1,21,121.5302718,25.0682177
113,1,18,7,54,2,03中山區,中山區吉林路與民族東路口,0,0,1,2,B03,7,5,5,40,3,1,1,5,4,5,13,1,1,1,3,4,1,13,1,74,3,10,3,4,7,6,1,8,1,3,,44,,1,21,121.5302718,25.0682177
113,1,18,8,10,2,08士林區,士林區福林路100巷與福林路口,0,0,1,1,B03,7,6,5,50,3,1,1,5,4,5,13,1,1,5,5,5,1,17,2,67,3,10,7,1,7,6,1,8,1,2,,9,,1,22,121.5312437,25.0958989
113,1,18,8,10,2,08士林區,士林區福林路100巷與福林路口,0,0,1,2,C03,7,6,5,50,3,1,1,5,4,5,13,1,1,5,5,5,1,17,2,36,2,8,6,1,7,9,1,10,1,11,,44,,1,22,121.5312437,25.0958989
113,1,18,8,37,2,12內湖區,內湖區瑞光路407號,0,0,2,1,C03,8,6,5,50,14,9,1,5,4,5,13,4,4,9,4,5,2,16,2,29,2,9,6,1,7,15,1,10,1,12,,80,,1,21,121.571348,25.07804529
113,1,18,8,37,2,12內湖區,內湖區瑞光路407號,0,0,2,2,C03,8,6,5,50,14,9,1,5,4,5,13,4,4,9,4,5,2,16,1,46,2,9,6,1,7,9,1,10,1,11,,44,,1,21,121.571348,25.07804529
113,1,18,8,52,2,12內湖區,內湖區行善路與行善路25巷口,0,0,1,1,B03,8,6,5,30,3,1,1,5,4,5,13,4,4,9,5,5,2,16,2,42,3,10,7,1,7,5,1,8,1,4,,72,,1,21,121.5768169,25.05718
113,1,18,8,52,2,12內湖區,內湖區行善路與行善路25巷口,0,0,1,2,C03,8,6,5,30,3,1,1,5,4,5,13,4,4,9,5,5,2,16,1,22,2,8,5,1,7,9,1,10,1,11,,14,,1,21,121.5768169,25.05718
113,1,18,8,52,2,12內湖區,內湖區行善路與行善路25巷口,0,0,1,3,B03,8,6,5,30,3,1,1,5,4,5,13,4,4,9,5,5,2,16,1,35,3,10,3,1,7,14,1,8,1,15,,38,,1,21,121.5768169,25.05718
113,1,18,8,58,2,06松山區,松山區富錦街359巷3弄9號,0,0,1,1,B01,8,6,5,30,14,9,1,5,4,5,13,4,4,10,5,5,2,17,1,35,3,10,7,4,7,14,1,8,2,4,,38,,1,21,121.557413,25.06105623
113,1,18,8,58,2,06松山區,松山區富錦街359巷3弄9號,0,0,1,2,C03,8,6,5,30,14,9,1,5,4,5,13,4,4,10,5,5,2,17,2,40,2,9,5,4,7,9,1,10,2,11,,44,,1,22,121.557413,25.06105623
113,1,18,8,58,2,06松山區,松山區富錦街359巷3弄9號,0,0,1,3,H02,8,6,5,30,14,9,1,5,4,5,13,4,4,10,5,5,2,17,2,31,3,10,7,5,7,19,8,20,10,16,,56,,1,21,121.557413,25.06105623
113,1,18,9,2,2,03中山區,中山區建國北路3段24號,0,0,1,1,B03,8,5,5,50,14,9,1,5,4,5,13,1,1,1,4,5,2,16,1,40,3,10,3,4,7,6,1,8,1,2,,9,,1,21,121.5367555,25.0638302
113,1,18,9,2,2,03中山區,中山區建國北路3段24號,0,0,1,2,C03,8,5,5,50,14,9,1,5,4,5,13,1,1,1,4,5,2,16,1,45,2,9,3,4,7,9,1,10,1,14,,44,,1,21,121.5367555,25.0638302
113,1,18,9,20,2,09北投區,北投區承德路7段與大度路1段口,0,0,1,1,B12,7,6,5,50,5,2,1,5,4,5,13,2,1,1,4,4,2,17,1,38,3,10,7,1,7,8,1,8,1,2,,17,,1,21,121.5000266,25.1207744
113,1,18,9,20,2,09北投區,北投區承德路7段與大度路1段口,0,0,1,2,C03,7,6,5,50,5,2,1,5,4,5,13,2,1,1,4,4,2,17,2,22,2,9,6,1,7,9,1,10,1,14,,108,,1,21,121.5000266,25.1207744
113,1,18,9,27,2,03中山區,中山區民生東路3段82號,0,0,2,1,C03,8,7,5,50,14,9,1,5,4,5,13,4,4,1,4,5,2,12,1,53,2,8,6,1,7,7,6,10,1,14,,100,,1,21,121.5417653,25.05770516
113,1,18,9,27,2,03中山區,中山區民生東路3段82號,0,0,2,2,C03,8,7,5,50,14,9,1,5,4,5,13,4,4,1,4,5,2,12,2,24,3,10,6,1,7,9,1,10,1,12,,108,,1,21,121.5417653,25.05770516
113,1,18,9,27,2,03中山區,中山區民生東路3段82號,0,0,2,3,C03,8,7,5,50,14,9,1,5,4,5,13,4,4,1,4,5,2,12,2,61,2,8,6,1,7,9,1,10,1,12,,44,,1,21,121.5417653,25.05770516
113,1,18,9,27,2,03中山區,中山區民生東路3段82號,0,0,2,4,B03,8,7,5,50,14,9,1,5,4,5,13,4,4,1,4,5,2,12,4,0,3,10,3,4,7,21,7,19,9,17,,119,,2,21,121.5417653,25.05770516
113,1,18,9,31,2,09北投區,北投區關渡路與知行路316巷口,0,0,2,1,C03,8,5,5,30,3,2,1,5,4,5,13,3,1,5,4,5,1,16,2,66,2,9,5,1,7,6,1,10,1,12,,72,,1,21,121.4695604,25.12254122
113,1,18,9,31,2,09北投區,北投區關渡路與知行路316巷口,0,0,2,2,B12,8,5,5,30,3,2,1,5,4,5,13,3,1,5,4,5,1,16,1,61,3,10,7,1,7,9,1,8,1,4,,44,,1,21,121.4695604,25.12254122
113,1,18,9,31,2,09北投區,北投區關渡路與知行路316巷口,0,0,2,3,H02,8,5,5,30,3,2,1,5,4,5,13,3,1,5,4,5,1,16,1,73,2,9,5,5,7,20,8,20,10,16,,67,,1,21,121.4695604,25.12254122
113,1,18,9,33,2,03中山區,中山區樂群一路與基湖路口,0,0,1,1,C03,8,5,5,50,3,1,1,5,4,5,13,1,1,1,3,5,1,16,1,30,3,10,6,4,7,9,1,10,2,12,,86,,1,21,121.5631747,25.07611747
113,1,18,9,33,2,03中山區,中山區樂群一路與基湖路口,0,0,1,2,C03,8,5,5,50,3,1,1,5,4,5,13,1,1,1,3,5,1,16,2,35,2,7,6,4,7,5,1,10,2,14,,86,,1,21,121.5631747,25.07611747
113,1,18,9,47,2,04大安區,大安區辛亥路3段與建國南路2段口,0,0,1,1,B03,8,6,5,50,3,1,1,5,4,5,13,1,1,3,3,5,1,16,1,64,3,10,7,1,7,9,1,8,1,2,,81,,1,21,121.5379146,25.0227172
113,1,18,9,47,2,04大安區,大安區辛亥路3段與建國南路2段口,0,0,1,2,C03,8,6,5,50,3,1,1,5,4,5,13,1,1,3,3,5,1,16,1,74,2,7,5,1,7,5,1,10,1,14,,44,,1,21,121.5379146,25.0227172
113,1,18,9,55,2,05中正區,中正區中山南路與愛國西路口往南未過路口,0,0,2,1,B03,8,6,5,50,4,2,1,5,4,5,13,4,4,5,4,5,2,17,1,64,4,11,3,4,7,7,7,19,11,17,,100,,1,22,121.5166194,25.03580948
113,1,18,9,55,2,05中正區,中正區中山南路與愛國西路口往南未過路口,0,0,2,2,C03,8,6,5,50,4,2,1,5,4,5,13,4,4,5,4,5,2,17,2,31,2,7,6,4,7,15,1,10,2,13,,100,,1,22,121.5166194,25.03580948
113,1,18,9,55,2,05中正區,中正區中山南路與愛國西路口往南未過路口,0,0,2,3,C03,8,6,5,50,4,2,1,5,4,5,13,4,4,5,4,5,2,17,1,18,2,9,6,4,7,9,1,10,2,11,,44,,1,22,121.5166194,25.03580948
113,1,18,9,55,2,10文山區,文山區萬芳路50-12號,0,0,1,1,C03,8,7,5,40,11,9,1,5,4,5,13,4,4,5,4,5,2,13,1,22,2,9,5,1,7,5,1,10,1,11,,16,,1,22,121.5710621,24.99743721
113,1,18,9,55,2,10文山區,文山區萬芳路50-12號,0,0,1,2,B03,8,7,5,40,11,9,1,5,4,5,13,4,4,5,4,5,2,13,1,49,3,10,2,1,7,14,1,8,1,6,,44,,1,22,121.5710621,24.99743721
113,1,18,9,55,2,10文山區,文山區萬芳路50-12號,0,0,1,3,B03,8,7,5,40,11,9,1,5,4,5,13,4,4,5,4,5,2,13,1,41,3,10,2,1,7,14,1,8,1,6,,44,,1,22,121.5710621,24.99743721
113,1,18,10,0,2,04大安區,大安區仁愛路3段143巷與仁愛路3段123巷13弄口,0,0,1,1,B03,8,6,5,30,4,1,1,5,4,5,13,4,4,10,5,5,1,15,2,60,3,10,3,4,7,9,1,8,1,1,,14,,1,21,121.5430277,25.03983
113,1,18,10,0,2,04大安區,大安區仁愛路3段143巷與仁愛路3段123巷13弄口,0,0,1,2,C04,8,6,5,30,4,1,1,5,4,5,13,4,4,10,5,5,1,15,1,74,2,3,5,1,7,9,1,8,1,12,,14,,1,21,121.5430277,25.03983
113,1,18,10,6,2,05中正區,中正區羅斯福路4段與基隆路4段口,0,0,1,1,C03,8,7,5,50,4,1,1,5,4,5,13,1,1,1,4,5,2,15,2,18,2,9,6,1,7,9,1,10,2,12,,81,,1,22,121.5368959,25.0112585
113,1,18,10,6,2,05中正區,中正區羅斯福路4段與基隆路4段口,0,0,1,2,B03,8,7,5,50,4,1,1,5,4,5,13,1,1,1,4,5,2,15,1,47,3,10,7,1,7,9,1,8,2,1,,44,,1,22,121.5368959,25.0112585
113,1,18,10,6,2,05中正區,中正區羅斯福路4段與基隆路4段口,0,0,1,3,H02,8,7,5,50,4,1,1,5,4,5,13,1,1,1,4,5,2,15,2,18,4,11,7,5,7,20,8,20,10,16,,67,,1,22,121.5368959,25.0112585
113,1,18,10,57,2,07信義區,信義區信義路5段與松智路口口,0,0,1,2,C03,8,7,5,50,4,2,1,5,4,5,13,2,1,9,5,5,2,12,1,30,2,9,5,1,7,9,1,10,1,14,,44,,1,22,121.5653393,25.0328351
113,1,18,10,57,2,07信義區,信義區信義路5段與松智路口口,0,0,1,1,B12,8,7,5,50,4,2,1,5,4,5,13,2,1,9,5,5,2,12,1,50,4,11,3,4,7,9,1,8,11,15,,118,,2,21,121.5653393,25.0328351
113,1,18,11,0,2,09北投區,北投區石牌路1段與石牌路1段166巷口,0,0,1,1,B13,7,6,5,50,3,1,1,5,4,5,13,2,1,5,4,5,2,17,2,44,3,10,7,1,7,5,1,8,1,2,,74,,1,21,121.5134953,25.1144499
113,1,18,11,0,2,09北投區,北投區石牌路1段與石牌路1段166巷口,0,0,1,2,C03,7,6,5,50,3,1,1,5,4,5,13,2,1,5,4,5,2,17,1,19,2,7,6,1,7,9,1,10,1,11,,44,,1,21,121.5134953,25.1144499
113,1,18,11,5,2,12內湖區,內湖區康寧路3段與民權東路6段口,0,0,1,1,C03,8,6,5,50,5,1,1,5,4,5,13,1,1,1,3,5,1,12,1,44,2,7,6,1,7,15,1,10,1,12,,108,,1,21,121.6058593,25.07329996
113,1,18,11,5,2,12內湖區,內湖區康寧路3段與民權東路6段口,0,0,1,2,B03,8,6,5,50,5,1,1,5,4,5,13,1,1,1,3,5,1,12,2,46,3,10,2,1,7,11,1,8,1,4,,10,,1,21,121.6058593,25.07329996
113,1,18,11,6,2,10文山區,文山區興隆路2段與興隆路1段271巷4弄口,0,0,1,1,C04,8,6,5,50,3,1,1,5,4,5,13,4,4,1,4,5,2,12,1,69,3,10,6,1,7,9,1,10,2,12,,16,,1,21,121.5453944,24.9988109
113,1,18,11,6,2,10文山區,文山區興隆路2段與興隆路1段271巷4弄口,0,0,1,2,C03,8,6,5,50,3,1,1,5,4,5,13,4,4,1,4,5,2,12,2,57,2,9,6,1,7,9,1,10,2,13,,44,,1,21,121.5453944,24.9988109
113,1,18,11,10,2,05中正區,中正區汀州路2段與廈門街口,0,0,1,1,B12,8,7,5,50,4,1,1,5,4,5,13,1,1,5,4,5,2,17,1,38,3,10,7,1,7,5,1,8,1,5,,107,,1,21,121.5174156,25.0256027
113,1,18,11,10,2,05中正區,中正區汀州路2段與廈門街口,0,0,1,2,C03,8,7,5,50,4,1,1,5,4,5,13,1,1,5,4,5,2,17,2,66,2,9,5,1,7,9,1,10,1,14,,44,,1,21,121.5174156,25.0256027
113,1,18,11,34,2,03中山區,中山區中山北路2段與中山北路2段44巷口,0,0,1,1,C03,8,5,5,50,4,1,1,5,4,5,13,1,1,1,3,5,1,13,1,26,2,9,6,4,7,5,1,10,1,13,,8,,1,21,121.5227438,25.0549725
113,1,18,11,34,2,03中山區,中山區中山北路2段與中山北路2段44巷口,0,0,1,2,B01,8,5,5,50,4,1,1,5,4,5,13,1,1,1,3,5,1,13,1,51,3,10,3,4,7,9,1,4,1,1,,44,,1,21,121.5227438,25.0549725
113,1,18,12,15,2,11南港區,南港區南港路3段1號與南港路3段16巷口,0,0,1,1,B12,8,7,5,50,3,2,1,5,4,5,13,4,4,5,5,5,2,12,1,30,3,10,7,1,7,14,1,8,1,5,,108,,1,21,121.5926994,25.0543275
113,1,18,12,15,2,11南港區,南港區南港路3段1號與南港路3段16巷口,0,0,1,2,C01,8,7,5,50,3,2,1,5,4,5,13,4,4,5,5,5,2,12,1,25,2,8,5,1,7,9,1,10,1,17,,42,,1,21,121.5926994,25.0543275
113,1,18,12,19,2,05中正區,中正區中山南路與凱達格蘭大道口口,0,0,1,1,B03,8,5,5,50,4,1,1,5,4,5,13,2,1,5,4,4,1,15,1,71,3,10,7,1,7,6,1,8,2,2,,9,,1,21,121.5173076,25.039293
113,1,18,12,19,2,05中正區,中正區中山南路與凱達格蘭大道口口,0,0,1,2,C03,8,5,5,50,4,1,1,5,4,5,13,2,1,5,4,4,1,15,1,33,2,9,6,1,7,9,1,10,2,11,,78,,1,21,121.5173076,25.039293
113,1,18,12,40,2,06松山區,松山區民權東路4段121號,0,0,1,1,C03,8,5,5,50,14,9,1,5,4,5,13,2,1,3,4,4,2,13,1,36,2,8,6,4,7,9,1,10,1,11,,16,,1,22,121.5591497,25.0623978
113,1,18,12,40,2,06松山區,松山區民權東路4段121號,0,0,1,2,C03,8,5,5,50,14,9,1,5,4,5,13,2,1,3,4,4,2,13,1,28,3,10,6,4,7,12,1,10,1,13,,44,,1,22,121.5591497,25.0623978
113,1,18,13,16,2,08士林區,士林區延平北路7段106巷與延平北路7段106巷94弄口,0,0,1,1,B03,8,7,5,30,3,1,1,5,4,5,13,4,4,10,5,5,1,17,1,21,3,10,7,1,7,6,1,14,2,8,,72,,1,21,121.4962531,25.09914627
113,1,18,13,16,2,08士林區,士林區延平北路7段106巷與延平北路7段106巷94弄口,0,0,1,2,C03,8,7,5,30,3,1,1,5,4,5,13,4,4,10,5,5,1,17,1,19,2,9,5,1,7,9,1,10,2,11,,13,,1,21,121.4962531,25.09914627
113,1,18,13,21,2,12內湖區,內湖區康樂街162巷與康樂街136巷3弄口,0,0,2,1,C03,8,6,5,30,3,2,1,5,4,5,13,4,4,5,5,5,2,17,2,56,2,8,6,1,7,6,1,10,1,14,,5,,1,21,121.6189789,25.07294616
113,1,18,13,21,2,12內湖區,內湖區康樂街162巷與康樂街136巷3弄口,0,0,2,2,C03,8,6,5,30,3,2,1,5,4,5,13,4,4,5,5,5,2,17,1,50,2,9,5,1,7,9,1,10,1,11,,107,,1,21,121.6189789,25.07294616
113,1,18,13,25,2,10文山區,文山區木柵路1段與木柵路1段191巷口口,0,0,2,1,C03,8,5,5,50,3,1,1,5,4,5,13,2,1,5,4,5,2,16,1,77,2,9,5,1,7,11,1,10,2,12,,80,,1,21,121.5513941,24.9876378
113,1,18,13,25,2,10文山區,文山區木柵路1段與木柵路1段191巷口口,0,0,2,2,C03,8,5,5,50,3,1,1,5,4,5,13,2,1,5,4,5,2,16,1,21,2,9,5,1,7,9,1,10,2,11,,13,,1,21,121.5513941,24.9876378
113,1,18,13,45,2,08士林區,士林區文林路與德行西路口,0,0,1,1,B03,8,5,5,50,4,2,1,5,4,5,13,1,1,1,4,5,1,17,1,63,3,10,7,1,7,5,6,18,1,2,,71,,1,21,121.5196049,25.1031568
113,1,18,13,45,2,08士林區,士林區文林路與德行西路口,0,0,1,2,C03,8,5,5,50,4,2,1,5,4,5,13,1,1,1,4,5,1,17,1,21,2,9,6,1,7,9,1,10,1,11,,13,,1,21,121.5196049,25.1031568
113,1,18,14,6,2,02萬華區,萬華區環河南路1段與貴陽街2段口,0,0,1,1,B03,8,7,5,50,5,2,1,5,4,5,13,2,1,1,4,5,2,17,1,29,3,10,7,1,7,8,1,8,1,5,,100,,1,21,121.4980654,25.04030106
113,1,18,14,6,2,02萬華區,萬華區環河南路1段與貴陽街2段口,0,0,1,2,C03,8,7,5,50,5,2,1,5,4,5,13,2,1,1,4,5,2,17,1,31,2,9,6,1,7,9,1,10,1,14,,44,,1,21,121.4980654,25.04030106
113,1,18,14,13,2,04大安區,大安區辛亥路2段與建國南路2段口,0,0,1,1,B03,8,7,5,50,11,9,1,5,4,5,13,2,1,2,3,2,1,17,1,21,3,10,7,1,7,9,1,8,1,2,,81,,1,21,121.5378531,25.02278131
113,1,18,14,13,2,04大安區,大安區辛亥路2段與建國南路2段口,0,0,1,2,C03,8,7,5,50,11,9,1,5,4,5,13,2,1,2,3,2,1,17,2,50,2,8,5,1,7,5,1,10,1,14,,44,,1,26,121.5378531,25.02278131
113,1,18,14,13,2,06松山區,松山區饒河街219號附近側附近,0,0,1,1,B03,8,5,5,30,4,2,1,5,4,5,13,4,4,4,3,5,1,16,1,71,3,10,7,1,7,9,1,8,1,1,,14,,1,21,121.5767358,25.05078015
113,1,18,14,13,2,06松山區,松山區饒河街219號附近側附近,0,0,1,2,F01,8,5,5,30,4,2,1,5,4,5,13,4,4,4,3,5,1,16,2,19,2,9,4,1,7,9,8,20,1,12,,75,,1,21,121.5767358,25.05078015
113,1,18,14,13,2,07信義區,信義區吳興街220巷與吳興街口北醫西側門,0,0,1,1,B01,8,5,5,50,4,1,1,5,4,5,13,1,1,5,5,5,2,17,1,57,3,10,7,1,7,5,1,4,1,17,,80,,1,21,121.5623295,25.0270231
113,1,18,14,13,2,07信義區,信義區吳興街220巷與吳興街口北醫西側門,0,0,1,2,C03,8,5,5,50,4,1,1,5,4,5,13,1,1,5,5,5,2,17,2,25,2,9,5,1,7,9,1,10,1,12,,108,,1,21,121.5623295,25.0270231
113,1,18,14,14,2,09北投區,北投區吉利街與吉利街213巷口,0,0,1,1,B01,8,7,5,50,4,1,1,5,4,5,13,4,4,5,5,5,1,16,1,51,3,10,7,1,7,5,1,4,1,5,,74,,1,22,121.5094618,25.11884999
113,1,18,14,14,2,09北投區,北投區吉利街與吉利街213巷口,0,0,1,2,C03,8,7,5,50,4,1,1,5,4,5,13,4,4,5,5,5,1,16,1,38,2,9,6,1,7,9,1,10,1,14,,44,,1,22,121.5094618,25.11884999
113,1,18,14,21,2,03中山區,中山區民權東路2段135巷與民權東路2段135巷29弄口,0,0,3,4,H02,8,6,5,30,4,1,5,5,4,5,13,4,4,10,5,5,2,12,2,19,2,9,5,5,7,20,8,20,10,16,,67,,1,21,121.5349359,25.0642629
113,1,18,14,21,2,03中山區,中山區民權東路2段135巷與民權東路2段135巷29弄口,0,0,3,2,A11,8,6,5,30,4,1,5,5,4,5,13,4,4,10,5,5,2,12,1,30,3,10,7,1,7,13,1,3,9,17,,38,,1,21,121.5349359,25.0642629
113,1,18,14,21,2,03中山區,中山區民權東路2段135巷與民權東路2段135巷29弄口,0,0,3,1,C03,8,6,5,30,4,1,5,5,4,5,13,4,4,10,5,5,2,12,1,19,2,9,5,1,7,4,1,10,1,12,,14,,1,21,121.5349359,25.0642629
113,1,18,14,21,2,03中山區,中山區民權東路2段135巷與民權東路2段135巷29弄口,0,0,3,3,C03,8,6,5,30,4,1,5,5,4,5,13,4,4,10,5,5,2,12,1,43,2,9,5,1,7,5,1,10,1,11,,8,,1,21,121.5349359,25.0642629
113,1,18,14,29,2,03中山區,中山區南京東路3段89巷15-1號與南京東路3段89巷15弄口,0,0,2,1,C03,8,5,5,30,4,2,1,5,4,5,8,4,4,10,5,5,2,15,1,38,2,8,3,4,7,9,1,10,1,14,,72,,1,21,121.5383168,25.0530358
113,1,18,14,29,2,03中山區,中山區南京東路3段89巷15-1號與南京東路3段89巷15弄口,0,0,2,2,C03,8,5,5,30,4,2,1,5,4,5,8,4,4,10,5,5,2,15,1,47,2,8,3,4,7,9,1,10,1,11,,108,,1,21,121.5383168,25.0530358