發生年度,發生月,發生日,發生時-Hours,發生分,處理別-編號,區序,肇事地點,死亡人數,2-30日死亡人數,受傷人數,當事人序號,車種,天候,道路照明設備,道路類別,速限-速度限制,道路型態,事故位置,路面狀況1,路面狀況2,路面狀況3,道路障礙1,道路障礙2,號誌1,號誌2,車道劃分-分向,車道劃分-分道1,車道劃分-分道2,車道劃分-分道3,事故類型及型態,性別,年齡,受傷程度,主要傷處,保護裝置,行動電話,車輛用途,當事者行動狀態,駕駛資格情形,駕駛執照種類,飲酒情形,車輛撞擊部位1,車輛撞擊部位2,肇因碼-個別,肇因碼-主要,個人肇逃否,職業,座標-X,座標-Y
113,1,18,14,40,2,07信義區,信義區忠孝東路5段372巷28弄與忠孝東路5段236巷口,0,0,1,1,C03,8,6,5,30,4,2,1,5,4,5,13,1,1,9,5,5,2,18,1,22,2,9,6,1,7,9,1,10,1,14,,13,,1,21,121.5719587,25.0389848
113,1,18,14,40,2,07信義區,信義區忠孝東路5段372巷28弄與忠孝東路5段236巷口,0,0,1,2,,8,6,5,30,4,2,1,5,4,5,13,1,1,9,5,5,2,18,3,0,,,,,,,,,,,,67,,1,,121.5719587,25.0389848
113,1,18,14,53,2,08士林區,士林區承德路5段80號,0,0,1,1,C03,8,6,5,50,14,12,1,5,4,5,13,4,4,1,1,4,1,17,1,18,3,10,6,1,7,1,1,10,1,13,,19,,1,25,121.5143862,25.09458055
113,1,18,14,53,2,08士林區,士林區承德路5段80號,0,0,1,2,C03,8,6,5,50,14,12,1,5,4,5,13,4,4,1,1,4,1,17,1,38,2,7,6,1,7,9,1,10,1,11,,44,,1,21,121.5143862,25.09458055
113,1,18,14,53,2,09北投區,北投區承德路7段153號,0,0,1,1,C03,8,7,5,50,14,7,1,5,4,5,13,4,4,1,4,4,2,16,2,18,2,9,5,1,7,7,1,10,1,11,,44,,1,22,121.5077185,25.11369805
113,1,18,14,53,2,09北投區,北投區承德路7段153號,0,0,1,2,B01,8,7,5,50,14,7,1,5,4,5,13,4,4,1,4,4,2,16,1,59,3,10,7,1,7,9,1,4,1,7,,44,,1,21,121.5077185,25.11369805
113,1,18,15,28,2,09北投區,北投區磺港路與清江路177巷口,0,0,2,1,C03,8,7,5,30,3,2,1,5,4,5,13,4,4,5,5,5,1,16,1,19,2,9,6,1,7,6,1,10,1,12,,9,,1,22,121.503075,25.12818676
113,1,18,15,28,2,09北投區,北投區磺港路與清江路177巷口,0,0,2,2,C03,8,7,5,30,3,2,1,5,4,5,13,4,4,5,5,5,1,16,1,18,2,9,6,1,7,9,1,10,1,14,,13,,1,22,121.503075,25.12818676
113,1,18,15,31,2,04大安區,大安區敦化南路1段370號,0,0,2,1,C03,8,7,5,50,14,8,1,5,4,5,13,4,4,1,4,5,2,12,1,42,2,8,3,4,7,8,1,9,1,12,,100,,1,21,121.5485501,25.03373586
113,1,18,15,31,2,04大安區,大安區敦化南路1段370號,0,0,2,2,C03,8,7,5,50,14,8,1,5,4,5,13,4,4,1,4,5,2,12,2,19,2,7,3,4,7,9,1,10,1,11,,44,,1,21,121.5485501,25.03373586
113,1,18,15,52,2,09北投區,北投區大業路與豐年路2段口,0,0,1,1,B03,8,7,6,50,5,1,1,5,4,5,13,2,1,1,4,5,2,15,1,68,3,10,3,4,7,9,1,8,2,1,,81,,1,22,121.4963822,25.1347258
113,1,18,15,52,2,09北投區,北投區大業路與豐年路2段口,0,0,1,2,C03,8,7,6,50,5,1,1,5,4,5,13,2,1,1,4,5,2,15,2,42,2,9,3,4,7,9,1,10,2,14,,44,,1,22,121.4963822,25.1347258
113,1,18,15,54,2,05中正區,中正區市民大道1段168號前迴轉道,0,0,2,2,C03,8,6,5,40,14,9,1,5,4,5,13,4,4,1,4,5,2,16,1,26,2,9,6,1,7,9,1,10,2,11,,44,,1,22,121.5186478,25.0483413
113,1,18,15,54,2,05中正區,中正區市民大道1段168號前迴轉道,0,0,2,1,C03,8,6,5,40,14,9,1,5,4,5,13,4,4,1,4,5,2,16,1,56,2,9,6,1,7,5,1,10,2,14,,8,,1,22,121.5186478,25.0483413
113,1,18,17,5,2,12內湖區,內湖區瑞湖街與舊宗路2段121巷口,0,0,1,1,B03,8,5,8,50,4,1,1,5,4,5,13,1,1,4,1,5,1,17,1,35,3,10,3,4,7,5,1,8,1,4,,8,,1,22,121.5764451,25.0689879
113,1,18,17,5,2,12內湖區,內湖區瑞湖街與舊宗路2段121巷口,0,0,1,2,C03,8,5,8,50,4,1,1,5,4,5,13,1,1,4,1,5,1,17,2,21,2,8,3,4,7,9,1,10,1,12,,44,,1,22,121.5764451,25.0689879
113,1,18,17,57,2,08士林區,士林區華齡街88號,0,0,1,1,C03,8,6,5,50,14,9,1,5,4,5,13,4,4,4,5,5,1,13,1,23,3,10,5,1,7,9,1,10,2,11,,108,,1,21,121.5193515,25.0849631
113,1,18,17,57,2,08士林區,士林區華齡街88號,0,0,1,2,C03,8,6,5,50,14,9,1,5,4,5,13,4,4,4,5,5,1,13,1,53,2,8,5,1,7,9,1,10,2,13,,94,,1,21,121.5193515,25.0849631
113,1,18,17,58,2,02萬華區,萬華區西藏路與雙園街口,0,0,1,1,B03,7,5,5,50,3,1,1,5,4,5,13,3,1,1,4,5,2,9,2,55,3,10,7,1,7,9,1,8,1,5,,108,,1,21,121.495225,25.0288723
113,1,18,17,58,2,02萬華區,萬華區西藏路與雙園街口,0,0,1,2,H01,7,5,5,50,3,1,1,5,4,5,13,3,1,1,4,5,2,9,2,71,2,9,4,5,8,16,8,20,10,16,,121,,1,21,121.495225,25.0288723
113,1,18,18,4,2,05中正區,中正區中山南路立法院出入口,0,0,1,1,B03,8,6,5,50,14,9,1,5,4,5,13,4,4,5,4,5,2,16,1,52,3,10,7,1,7,1,1,8,2,8,,19,,1,22,121.5193205,25.0443007
113,1,18,18,4,2,05中正區,中正區中山南路立法院出入口,0,0,1,2,C03,8,6,5,50,14,9,1,5,4,5,13,4,4,5,4,5,2,16,1,39,2,9,5,1,7,9,1,10,2,11,,44,,1,22,121.5193205,25.0443007
113,1,18,18,32,2,11南港區,南港區成福路與成福路171巷口口,0,0,2,1,C03,7,5,5,50,4,1,1,5,4,5,13,4,4,5,5,5,2,3,1,21,2,8,5,1,7,9,1,10,2,11,,70,,1,21,121.5882767,25.0410452
113,1,18,18,32,2,11南港區,南港區成福路與成福路171巷口口,0,0,2,2,H01,7,5,5,50,4,1,1,5,4,5,13,4,4,5,5,5,2,3,2,53,2,9,4,5,8,16,8,20,10,16,,121,,1,21,121.5882767,25.0410452
113,1,18,18,36,2,08士林區,士林區社正路59號,0,0,2,1,F01,8,5,5,30,14,9,1,5,4,5,13,4,4,5,5,5,2,17,2,62,2,9,4,1,7,1,8,20,2,12,,19,,1,21,121.5103294,25.0889465
113,1,18,18,36,2,08士林區,士林區社正路59號,0,0,2,2,C03,8,5,5,30,14,9,1,5,4,5,13,4,4,5,5,5,2,17,1,34,2,3,6,1,7,9,1,10,2,11,,44,,1,21,121.5103294,25.0889465
113,1,18,20,36,2,08士林區,士林區大南路與承德路4段口,0,0,1,1,B03,8,5,5,50,5,1,1,5,4,5,13,2,1,1,5,5,1,17,1,47,3,10,7,1,7,9,1,8,1,1,,81,,1,21,121.522237,25.0885207
113,1,18,20,36,2,08士林區,士林區大南路與承德路4段口,0,0,1,2,C03,8,5,5,50,5,1,1,5,4,5,13,2,1,1,5,5,1,17,1,47,2,9,5,1,7,9,1,10,1,14,,44,,1,21,121.522237,25.0885207
113,1,18,21,7,2,02萬華區,萬華區和平西路3段與康定路口,0,0,1,1,C03,7,5,5,50,4,2,1,5,4,5,13,2,1,5,4,5,2,17,1,45,3,10,6,1,7,7,1,10,11,17,,100,,2,21,121.5012838,25.0354434
113,1,18,21,7,2,02萬華區,萬華區和平西路3段與康定路口,0,0,1,2,C03,7,5,5,50,4,2,1,5,4,5,13,2,1,5,4,5,2,17,1,25,2,9,6,1,7,9,1,10,1,14,,44,,1,21,121.5012838,25.0354434
113,1,18,21,18,2,08士林區,士林區文林路117號,0,0,1,2,B01,7,5,5,50,14,9,1,5,4,5,13,4,4,9,5,5,1,17,1,50,3,10,7,1,7,9,1,1,2,5,,44,,1,21,121.5263627,25.0884385
113,1,18,21,18,2,08士林區,士林區文林路117號,0,0,1,1,C03,7,5,5,50,14,9,1,5,4,5,13,4,4,9,5,5,1,17,2,31,2,7,5,1,7,11,1,10,5,14,,10,,1,21,121.5263627,25.0884385
113,1,18,21,32,2,03中山區,中山區長安東路2段11號,0,0,1,1,B01,8,5,6,50,14,9,1,5,4,5,13,4,4,5,4,5,2,13,1,35,3,10,3,4,7,9,1,4,2,1,,108,,1,21,121.530401,25.0485236
113,1,18,21,32,2,03中山區,中山區長安東路2段11號,0,0,1,2,C03,8,5,6,50,14,9,1,5,4,5,13,4,4,5,4,5,2,13,2,26,2,9,3,4,7,7,1,10,2,13,,44,,1,21,121.530401,25.0485236
113,1,18,21,32,2,03中山區,中山區長安東路2段11號,0,0,1,3,B03,8,5,6,50,14,9,1,5,4,5,13,4,4,5,4,5,2,13,1,25,3,10,3,4,7,7,1,8,2,4,,100,,1,21,121.530401,25.0485236
113,1,18,21,32,2,03中山區,中山區長安東路2段11號,0,0,1,4,B01,8,5,6,50,14,9,1,5,4,5,13,4,4,5,4,5,2,13,1,35,3,10,3,4,7,14,1,4,9,17,,38,,1,21,121.530401,25.0485236
113,1,18,21,40,2,04大安區,大安區辛亥路1段與羅斯福路3段口,0,0,2,1,C03,8,5,5,50,4,1,1,5,4,5,13,1,1,3,4,5,2,17,1,29,2,9,6,1,7,5,1,10,1,15,,98,,1,21,121.5294731,25.01958782
113,1,18,21,40,2,04大安區,大安區辛亥路1段與羅斯福路3段口,0,0,2,2,C01,8,5,5,50,4,1,1,5,4,5,13,1,1,3,4,5,2,17,1,47,3,10,6,1,7,15,1,9,1,12,,17,,1,21,121.5294731,25.01958782
113,1,18,21,40,2,04大安區,大安區辛亥路1段與羅斯福路3段口,0,0,2,3,C02,8,5,5,50,4,1,1,5,4,5,13,1,1,3,4,5,2,17,1,35,2,9,6,1,7,9,1,9,1,11,,108,,1,21,121.5294731,25.01958782
113,1,18,22,6,2,03中山區,中山區美堤河濱公園自行車道,0,0,1,1,B12,8,5,7,0,22,23,1,5,4,5,13,4,4,9,5,5,2,16,2,74,3,10,7,1,7,15,1,8,2,4,,108,,1,22,121.5692482,25.07686443
113,1,18,22,6,2,03中山區,中山區美堤河濱公園自行車道,0,0,1,2,F01,8,5,7,0,22,23,1,5,4,5,13,4,4,9,5,5,2,16,1,37,2,9,4,1,7,9,8,20,2,14,,44,,1,22,121.5692482,25.07686443
113,1,18,22,11,2,08士林區,士林區延平北路6段與通河西街2段口,0,0,2,1,B01,8,5,5,50,5,1,1,5,4,5,13,2,1,3,5,4,1,17,1,45,2,9,7,1,7,5,1,4,2,2,,8,,1,21,121.4978843,25.094065
113,1,18,22,11,2,08士林區,士林區延平北路6段與通河西街2段口,0,0,2,2,C03,8,5,5,50,5,1,1,5,4,5,13,2,1,3,5,4,1,17,1,35,2,9,5,1,7,9,1,10,9,11,,13,,1,21,121.4978843,25.094065
113,1,18,22,11,2,08士林區,士林區延平北路6段與通河西街2段口,0,0,2,3,,8,5,5,50,5,1,1,5,4,5,13,2,1,3,5,4,1,17,3,0,,,,,,,,,,,,67,,1,,121.4978843,25.094065
113,1,18,22,13,2,03中山區,中山區民權東路1段與雙城街口,0,0,2,2,C03,7,5,5,50,4,1,1,5,4,5,13,2,1,1,5,5,1,16,1,34,2,7,3,4,7,9,1,10,1,14,,44,,1,21,121.524376,25.0628521
113,1,18,22,13,2,03中山區,中山區民權東路1段與雙城街口,0,0,2,1,C03,7,5,5,50,4,1,1,5,4,5,13,2,1,1,5,5,1,16,1,33,2,9,3,4,7,6,1,10,1,12,,1,,1,21,121.524376,25.0628521
113,1,18,22,52,2,01大同區,大同區民權西路與大龍街口,0,0,1,1,B01,8,5,5,50,14,9,1,5,4,5,13,2,1,4,3,5,1,12,1,49,3,10,7,1,7,1,1,8,1,4,,19,,1,21,121.5159879,25.0630423
113,1,18,22,52,2,01大同區,大同區民權西路與大龍街口,0,0,1,2,C03,8,5,5,50,14,9,1,5,4,5,13,2,1,4,3,5,1,12,1,24,2,9,6,1,7,9,1,10,1,12,,13,,1,21,121.5159879,25.0630423
113,1,18,23,30,2,10文山區,文山區木柵路2段與興隆路4段口,0,0,2,1,C03,8,5,5,50,4,1,1,5,4,5,13,1,1,10,5,5,2,16,1,18,2,9,5,1,7,5,1,10,1,11,,99,,1,21,121.5600453,24.9887654
113,1,18,23,30,2,10文山區,文山區木柵路2段與興隆路4段口,0,0,2,2,C03,8,5,5,50,4,1,1,5,4,5,13,1,1,10,5,5,2,16,1,19,2,9,5,1,7,9,1,10,1,11,,44,,1,21,121.5600453,24.9887654
113,1,18,23,30,2,10文山區,文山區木柵路2段與興隆路4段口,0,0,2,3,,8,5,5,50,4,1,1,5,4,5,13,1,1,10,5,5,2,16,3,0,,,,,,,,,,,,67,,1,,121.5600453,24.9887654
113,1,18,23,43,2,05中正區,中正區新生南路1段與仁愛路2段口,0,0,2,1,C03,7,5,5,50,4,1,1,5,4,5,13,1,1,1,4,1,2,15,2,61,2,9,5,1,7,9,1,11,2,14,,81,,1,21,121.5325719,25.03827849
113,1,18,23,43,2,05中正區,中正區新生南路1段與仁愛路2段口,0,0,2,2,C03,7,5,5,50,4,1,1,5,4,5,13,1,1,1,4,1,2,15,1,25,2,9,5,1,7,9,1,10,2,11,,44,,1,21,121.5325719,25.03827849
113,1,19,0,3,2,04大安區,大安區忠孝東路4段77巷與敦化南路1段190巷口,0,0,1,1,C03,8,5,5,30,4,1,1,5,4,5,13,4,4,5,5,5,2,15,1,35,2,9,5,1,7,9,1,10,1,11,,72,,1,21,121.5472255,25.0426322
113,1,19,0,3,2,04大安區,大安區忠孝東路4段77巷與敦化南路1段190巷口,0,0,1,2,B03,8,5,5,30,4,1,1,5,4,5,13,4,4,5,5,5,2,15,1,20,3,10,7,1,7,9,1,8,1,8,,14,,1,21,121.5472255,25.0426322
113,1,19,2,27,2,05中正區,中正區博愛路與愛國西路口,0,0,1,1,B12,8,5,5,50,4,1,1,5,4,5,13,1,1,1,4,5,2,17,1,49,3,10,7,1,7,6,1,8,2,1,,9,,1,21,121.5107148,25.0353894
113,1,19,2,27,2,05中正區,中正區博愛路與愛國西路口,0,0,1,2,F01,8,5,5,50,4,1,1,5,4,5,13,1,1,1,4,5,2,17,1,24,2,9,4,1,7,9,8,20,2,14,,44,,1,21,121.5107148,25.0353894
113,1,19,2,30,2,10文山區,文山區和平東路4段359號,0,0,1,1,C03,7,5,5,40,14,9,1,5,4,5,13,4,4,5,5,5,2,27,1,23,2,9,5,1,7,9,1,10,1,11,,108,,1,21,121.5734768,25.00019745
113,1,19,2,30,2,10文山區,文山區和平東路4段359號,0,0,1,2,,7,5,5,40,14,9,1,5,4,5,13,4,4,5,5,5,2,27,3,,,,,,,,,,,,,67,,1,,121.5734768,25.00019745
113,1,19,6,3,2,08士林區,士林區文林路與福國路口,0,0,1,1,A05,7,5,6,50,5,1,1,2,4,5,13,2,1,2,4,5,1,17,4,0,,,,,7,,7,,11,,,119,,2,,121.5215889,25.10159666
113,1,19,6,3,2,08士林區,士林區文林路與福國路口,0,0,1,2,C03,7,5,6,50,5,1,1,2,4,5,13,2,1,2,4,5,1,17,1,30,2,9,5,1,7,5,1,10,2,14,,119,,1,23,121.5215889,25.10159666
113,1,19,6,20,2,09北投區,北投區三合街2段與清江路口,0,0,2,1,C03,8,6,5,50,4,1,1,5,4,5,13,4,4,10,5,5,2,16,1,46,2,7,5,1,7,5,1,10,2,11,,74,,1,21,121.5017197,25.1263958
113,1,19,6,20,2,09北投區,北投區三合街2段與清江路口,0,0,2,2,C03,8,6,5,50,4,1,1,5,4,5,13,4,4,10,5,5,2,16,1,26,2,9,5,1,7,9,1,10,2,11,,44,,1,21,121.5017197,25.1263958
113,1,19,7,10,2,05中正區,中正區中華路2段33號,0,0,1,1,C03,8,7,5,50,14,9,1,5,4,5,13,4,4,1,4,5,2,12,2,24,2,8,5,1,7,7,1,10,1,14,,100,,1,22,121.5063334,25.0352351
113,1,19,7,10,2,05中正區,中正區中華路2段33號,0,0,1,2,C03,8,7,5,50,14,9,1,5,4,5,13,4,4,1,4,5,2,12,1,71,3,10,5,1,7,9,1,10,1,12,,44,,1,22,121.5063334,25.0352351
113,1,19,7,32,2,04大安區,大安區新生南路1段161-1號,0,0,1,1,C03,8,7,5,50,14,9,1,5,4,5,13,4,4,3,2,5,2,12,2,26,2,9,6,1,7,15,1,10,1,14,,100,,1,21,121.5328613,25.0346533
113,1,19,7,32,2,04大安區,大安區新生南路1段161-1號,0,0,1,2,B12,8,7,5,50,14,9,1,5,4,5,13,4,4,3,2,5,2,12,1,46,3,10,7,1,7,9,1,8,1,2,,108,,1,21,121.5328613,25.0346533
113,1,19,7,32,2,09北投區,北投區三合街2段424巷422號門牌前,0,0,1,1,B03,8,5,5,30,14,9,1,5,4,5,13,4,4,10,5,5,2,17,1,53,2,9,7,1,7,15,1,8,1,2,,102,,1,21,121.5025306,25.1274088
113,1,19,7,32,2,09北投區,北投區三合街2段424巷422號門牌前,0,0,1,2,C03,8,5,5,30,14,9,1,5,4,5,13,4,4,10,5,5,2,17,1,41,3,10,5,1,7,2,1,10,1,17,,107,,1,21,121.5025306,25.1274088
113,1,19,7,32,2,09北投區,北投區三合街2段424巷422號門牌前,0,0,1,3,,8,5,5,30,14,9,1,5,4,5,13,4,4,10,5,5,2,17,3,0,,,,,,,,,,,,67,,1,,121.5025306,25.1274088
113,1,19,7,40,2,10文山區,文山區福和橋機車道(近接水快匝道),0,0,1,1,C03,8,6,5,40,14,8,1,5,4,5,13,4,4,10,4,1,2,13,1,66,2,9,6,1,7,9,1,10,2,11,,16,,1,21,121.5321475,25.00863809
113,1,19,7,40,2,10文山區,文山區福和橋機車道(近接水快匝道),0,0,1,2,C03,8,6,5,40,14,8,1,5,4,5,13,4,4,10,4,1,2,13,1,53,3,10,5,1,7,9,1,10,2,13,,44,,1,21,121.5321475,25.00863809
113,1,19,7,43,2,12內湖區,內湖區內湖路1段318號,0,0,1,1,B03,8,6,5,0,14,20,1,5,4,5,13,4,4,10,5,5,2,17,2,46,3,10,7,1,7,1,1,8,2,8,,19,,1,21,121.5692138,25.0820115
113,1,19,7,43,2,12內湖區,內湖區內湖路1段318號,0,0,1,2,F01,8,6,5,0,14,20,1,5,4,5,13,4,4,10,5,5,2,17,1,30,2,9,4,1,7,9,8,20,2,12,,44,,1,21,121.5692138,25.0820115
113,1,19,7,45,2,04大安區,大安區金山南路2段與金華街口,0,0,1,1,C03,8,6,5,50,4,1,1,5,4,5,13,1,1,3,3,5,2,13,1,22,2,8,5,1,7,9,1,10,1,11,14,16,,1,21,121.5266511,25.030263
113,1,19,7,45,2,04大安區,大安區金山南路2段與金華街口,0,0,1,2,B03,8,6,5,50,4,1,1,5,4,5,13,1,1,3,3,5,2,13,1,54,3,10,7,1,7,9,1,8,1,3,6,44,,1,21,121.5266511,25.030263
113,1,19,8,20,2,05中正區,中正區和平西路2段30號,0,0,1,1,B01,8,7,5,50,14,9,1,5,4,5,13,4,4,1,4,5,2,17,1,52,3,10,7,1,7,6,1,4,2,2,,9,,1,22,121.5132552,25.0283153
113,1,19,8,20,2,05中正區,中正區和平西路2段30號,0,0,1,2,C03,8,7,5,50,14,9,1,5,4,5,13,4,4,1,4,5,2,17,1,43,2,9,5,1,7,9,1,10,2,14,,13,,1,22,121.5132552,25.0283153
113,1,19,8,20,2,05中正區,中正區羅斯福路1段7號,0,0,2,1,C03,8,7,5,50,14,7,1,5,4,5,13,4,4,1,4,4,2,17,1,41,4,11,3,4,7,21,7,19,11,15,,118,,2,22,121.5177015,25.0336951
113,1,19,8,20,2,05中正區,中正區羅斯福路1段7號,0,0,2,2,C03,8,7,5,50,14,7,1,5,4,5,13,4,4,1,4,4,2,17,1,56,2,9,5,1,7,9,1,10,2,11,,44,,1,21,121.5177015,25.0336951
113,1,19,8,20,2,05中正區,中正區羅斯福路1段7號,0,0,2,3,C03,8,7,5,50,14,7,1,5,4,5,13,4,4,1,4,4,2,17,2,39,2,9,5,1,7,9,1,10,2,13,,44,,1,21,121.5177015,25.0336951
113,1,19,8,27,2,10文山區,文山區光輝路與光輝路21巷口口,0,0,2,1,C03,8,6,5,30,4,1,1,5,4,5,13,4,4,10,5,5,1,15,1,71,2,8,6,1,7,9,1,10,1,14,,72,,1,21,121.5549196,24.9858301
113,1,19,8,27,2,10文山區,文山區光輝路與光輝路21巷口口,0,0,2,2,C03,8,6,5,30,4,1,1,5,4,5,13,4,4,10,5,5,1,15,1,18,2,8,6,1,7,9,1,10,1,11,,14,,1,16,121.5549196,24.9858301
113,1,19,8,30,2,03中山區,中山區復興北路與復興北路402巷口,0,0,1,1,C03,8,6,5,50,3,1,1,5,4,5,13,1,1,3,4,5,2,17,1,25,3,10,6,1,7,6,1,10,1,17,,44,,1,21,121.5441256,25.0617836
113,1,19,8,30,2,03中山區,中山區復興北路與復興北路402巷口,0,0,1,3,C03,8,6,5,50,3,1,1,5,4,5,13,1,1,3,4,5,2,17,1,29,2,9,6,1,7,12,1,10,1,12,,16,,1,21,121.5441256,25.0617836
113,1,19,8,30,2,03中山區,中山區復興北路與復興北路402巷口,0,0,1,2,C03,8,6,5,50,3,1,1,5,4,5,13,1,1,3,4,5,2,17,1,32,3,10,6,1,7,12,1,10,1,17,,44,,1,21,121.5441256,25.0617836
113,1,19,8,40,2,07信義區,信義區松山路與松山路615巷口,0,0,2,1,C03,8,7,5,50,14,18,1,5,4,5,13,4,4,5,5,5,2,3,1,42,2,9,6,4,7,9,1,10,2,11,,80,,1,21,121.5784386,25.0367923
113,1,19,8,40,2,07信義區,信義區松山路與松山路615巷口,0,0,2,2,H01,8,7,5,50,14,18,1,5,4,5,13,4,4,5,5,5,2,3,2,75,2,9,4,5,8,16,8,20,10,16,,67,,1,21,121.5784386,25.0367923
113,1,19,8,41,2,09北投區,北投區大度路3段往淡水方向靠近立德路口,0,0,1,1,C03,8,6,5,50,14,9,1,5,4,5,13,4,4,1,4,5,1,13,1,32,2,9,5,1,7,9,1,10,2,11,,108,,1,21,121.4736389,25.122878
113,1,19,8,41,2,09北投區,北投區大度路3段往淡水方向靠近立德路口,0,0,1,2,B01,8,6,5,50,14,9,1,5,4,5,13,4,4,1,4,5,1,13,1,43,3,10,7,1,7,12,1,4,2,7,,44,,1,21,121.4736389,25.122878
113,1,19,8,48,2,08士林區,士林區仰德大道3段61號,0,0,2,1,C03,8,6,5,40,14,9,1,5,4,5,13,1,1,5,5,5,1,12,2,48,2,9,6,1,7,9,1,10,2,11,,16,,1,21,121.552932,25.1193249
113,1,19,8,48,2,08士林區,士林區仰德大道3段61號,0,0,2,2,C03,8,6,5,40,14,9,1,5,4,5,13,1,1,5,5,5,1,12,1,25,2,8,6,1,7,14,1,10,2,13,,44,,1,21,121.552932,25.1193249
113,1,19,8,48,2,08士林區,士林區仰德大道3段61號,0,0,2,3,C03,8,6,5,40,14,9,1,5,4,5,13,1,1,5,5,5,1,12,1,28,3,10,6,1,7,14,1,10,2,12,,44,,1,21,121.552932,25.1193249
113,1,19,8,56,2,03中山區,中山區樂群二路與敬業四路口,0,0,1,1,C03,8,5,5,50,3,1,1,5,4,5,13,1,1,1,3,5,1,16,1,30,2,9,6,4,7,5,1,10,1,14,,8,,1,21,121.5584782,25.0799079
113,1,19,8,56,2,03中山區,中山區樂群二路與敬業四路口,0,0,1,2,B03,8,5,5,50,3,1,1,5,4,5,13,1,1,1,3,5,1,16,1,45,3,10,3,4,7,9,1,10,1,5,,44,,1,21,121.5584782,25.0799079
113,1,19,9,14,1,03中山區,中山區八德路2段與龍江路口,1,0,0,1,C03,8,7,5,50,4,2,1,5,4,5,13,4,4,9,4,5,2,13,1,69,1,9,6,1,7,7,1,10,9,14,,42,,1,21,121.5401623,25.0466532
113,1,19,9,14,1,03中山區,中山區八德路2段與龍江路口,1,0,0,2,B01,8,7,5,50,4,2,1,5,4,5,13,4,4,9,4,5,2,13,1,54,3,10,7,1,7,9,1,4,2,5,,13,,1,21,121.5401623,25.0466532
113,1,19,9,14,2,07信義區,信義區福德街241號,0,0,2,1,C03,8,6,5,50,14,9,1,5,4,5,13,4,4,4,5,5,2,16,1,59,2,9,5,1,7,5,1,10,1,14,,99,,1,21,121.585673,25.0387348
113,1,19,9,14,2,07信義區,信義區福德街241號,0,0,2,2,C03,8,6,5,50,14,9,1,5,4,5,13,4,4,4,5,5,2,16,1,21,2,8,6,1,7,9,1,10,1,11,,44,,1,21,121.585673,25.0387348
113,1,19,9,17,2,07信義區,信義區忠孝東路5段6號,0,0,1,1,B01,7,5,6,50,14,9,1,5,4,5,13,4,4,10,4,5,2,13,1,41,3,10,7,1,7,9,1,4,1,5,,16,,1,21,121.5642415,25.0404304
113,1,19,9,17,2,07信義區,信義區忠孝東路5段6號,0,0,1,2,F01,7,5,6,50,14,9,1,5,4,5,13,4,4,10,4,5,2,13,2,36,2,9,2,1,7,9,8,20,1,13,,44,,1,21,121.5642415,25.0404304
113,1,19,9,19,2,03中山區,中山區農安街227巷與農安街口,0,0,1,1,B01,8,6,5,30,4,2,1,5,4,5,13,4,4,5,5,5,2,15,2,50,3,10,3,4,7,9,1,4,2,1,,80,,1,21,121.5338752,25.0647734
113,1,19,9,19,2,03中山區,中山區農安街227巷與農安街口,0,0,1,2,F01,8,6,5,30,4,2,1,5,4,5,13,4,4,5,5,5,2,15,2,69,2,9,4,4,7,9,8,20,2,12,,44,,1,21,121.5338752,25.0647734
113,1,19,9,20,2,03中山區,中山區北安路305號對面,0,0,1,1,C03,8,6,5,50,14,9,1,5,4,5,13,1,1,1,4,5,2,13,1,48,2,8,3,4,7,9,1,10,1,11,,16,,1,22,121.5373656,25.0777594
113,1,19,9,20,2,03中山區,中山區北安路305號對面,0,0,1,2,C03,8,6,5,50,14,9,1,5,4,5,13,1,1,1,4,5,2,13,1,20,3,10,3,4,7,9,1,10,1,13,,44,,1,21,121.5373656,25.0777594
113,1,19,9,20,2,03中山區,中山區北安路305號對面,0,0,1,3,B03,8,6,5,50,14,9,1,5,4,5,13,1,1,1,4,5,2,13,1,55,3,10,3,4,7,14,1,8,1,6,,44,,1,21,121.5373656,25.0777594
113,1,19,9,22,2,11南港區,南港區南港路1段263號對面,0,0,2,1,C03,8,6,5,50,14,7,1,5,4,5,13,4,4,8,3,5,2,13,2,25,2,7,5,1,7,9,1,10,1,14,,16,,1,22,121.6100341,25.054947
113,1,19,9,22,2,11南港區,南港區南港路1段263號對面,0,0,2,2,C03,8,6,5,50,14,7,1,5,4,5,13,4,4,8,3,5,2,13,1,30,2,8,5,1,7,9,1,10,1,12,,44,,1,22,121.6100341,25.054947
113,1,19,9,40,2,10文山區,文山區羅斯福路5段127號,0,0,1,1,C03,8,6,5,50,14,9,1,5,4,5,13,4,4,1,4,5,2,12,1,21,2,9,6,1,7,9,1,10,2,14,,42,,1,21,121.5389336,25.0047127
113,1,19,9,40,2,10文山區,文山區羅斯福路5段127號,0,0,1,2,A12,8,6,5,50,14,9,1,5,4,5,13,4,4,1,4,5,2,12,1,30,3,10,7,1,7,9,1,2,2,6,,44,,1,21,121.5389336,25.0047127
113,1,19,9,42,2,12內湖區,內湖區民權東路6段36號,0,0,1,1,C03,8,6,5,50,14,9,1,5,4,5,13,4,4,9,4,5,2,16,2,39,3,10,6,1,7,7,1,10,1,14,,100,,1,21,121.5807395,25.06747237