發生年度,發生月,發生日,發生時-Hours,發生分,處理別-編號,區序,肇事地點,死亡人數,2-30日死亡人數,受傷人數,當事人序號,車種,天候,道路照明設備,道路類別,速限-速度限制,道路型態,事故位置,路面狀況1,路面狀況2,路面狀況3,道路障礙1,道路障礙2,號誌1,號誌2,車道劃分-分向,車道劃分-分道1,車道劃分-分道2,車道劃分-分道3,事故類型及型態,性別,年齡,受傷程度,主要傷處,保護裝置,行動電話,車輛用途,當事者行動狀態,駕駛資格情形,駕駛執照種類,飲酒情形,車輛撞擊部位1,車輛撞擊部位2,肇因碼-個別,肇因碼-主要,個人肇逃否,職業,座標-X,座標-Y
113,1,19,9,42,2,12內湖區,內湖區民權東路6段36號,0,0,1,2,C03,8,6,5,50,14,9,1,5,4,5,13,4,4,9,4,5,2,16,2,43,2,9,6,1,7,9,1,10,1,12,,108,,1,21,121.5807395,25.06747237
113,1,19,9,58,2,01大同區,大同區延平北路2段239號,0,0,1,1,B03,8,6,5,50,14,9,1,5,4,5,13,4,4,9,4,5,2,12,1,76,3,10,7,4,7,14,1,4,1,4,,40,,1,22,121.5113459,25.0614473
113,1,19,9,58,2,01大同區,大同區延平北路2段239號,0,0,1,2,C03,8,6,5,50,14,9,1,5,4,5,13,4,4,9,4,5,2,12,2,66,2,9,6,4,7,9,1,10,1,11,,44,,1,22,121.5113459,25.0614473
113,1,19,10,0,2,04大安區,大安區信義路3段157巷與信義路3段口,0,0,1,1,B01,8,6,5,50,14,9,1,5,4,5,13,4,4,10,5,5,1,12,2,48,3,10,7,1,7,5,1,4,1,8,,8,,1,21,121.5429172,25.0335179
113,1,19,10,0,2,04大安區,大安區信義路3段157巷與信義路3段口,0,0,1,2,C03,8,6,5,50,14,9,1,5,4,5,13,4,4,10,5,5,1,12,2,26,2,8,6,1,7,9,1,10,1,12,,44,,1,21,121.5429172,25.0335179
113,1,19,10,13,2,08士林區,士林區建業路7號,0,0,1,1,B03,8,6,5,40,11,9,1,5,4,5,13,4,4,9,5,5,1,17,1,55,3,10,7,1,7,9,1,8,2,8,,4,,1,21,121.5476157,25.13530542
113,1,19,10,13,2,08士林區,士林區建業路7號,0,0,1,2,C03,8,6,5,40,11,9,1,5,4,5,13,4,4,9,5,5,1,17,1,18,2,9,6,1,7,9,1,10,2,11,,44,,1,21,121.5476157,25.13530542
113,1,19,10,25,2,03中山區,中山區中山北路3段往南、水晶橋下,0,0,2,1,C03,7,5,5,50,14,9,1,5,4,5,13,1,1,1,3,5,1,12,2,37,2,9,6,4,7,8,1,10,1,14,,100,,1,21,121.5234139,25.0709582
113,1,19,10,25,2,03中山區,中山區中山北路3段往南、水晶橋下,0,0,2,2,C03,7,5,5,50,14,9,1,5,4,5,13,1,1,1,3,5,1,12,2,40,2,9,6,4,7,8,1,10,1,14,,100,,1,21,121.5234139,25.0709582
113,1,19,10,30,2,02萬華區,萬華區西園路1段與桂林路口,0,0,1,1,B01,8,5,5,50,4,1,1,5,4,5,13,1,1,8,3,4,1,17,1,69,3,10,7,1,7,1,1,4,1,3,,19,,1,21,121.4998813,25.0384854
113,1,19,10,30,2,02萬華區,萬華區西園路1段與桂林路口,0,0,1,2,C03,8,5,5,50,4,1,1,5,4,5,13,1,1,8,3,4,1,17,1,33,2,7,5,1,7,9,1,10,1,11,,16,,1,21,121.4998813,25.0384854
113,1,19,10,50,2,07信義區,信義區大道路與林口街38巷口,0,0,2,1,C03,8,5,5,50,3,2,1,5,4,5,13,4,4,5,2,5,2,17,1,72,2,9,5,1,7,11,1,10,1,14,,10,,1,22,121.5831299,25.0393674
113,1,19,10,50,2,07信義區,信義區大道路與林口街38巷口,0,0,2,2,C03,8,5,5,50,3,2,1,5,4,5,13,4,4,5,2,5,2,17,1,36,2,9,5,1,7,9,1,10,1,11,,13,,1,22,121.5831299,25.0393674
113,1,19,11,0,2,05中正區,中正區和平西路2段與寧波西街口,0,0,1,1,B03,8,7,5,50,4,1,1,5,4,5,13,1,1,1,4,5,2,16,1,72,3,10,7,4,7,5,1,8,1,5,,74,,1,21,121.5120462,25.0292052
113,1,19,11,0,2,05中正區,中正區和平西路2段與寧波西街口,0,0,1,2,C03,8,7,5,50,4,1,1,5,4,5,13,1,1,1,4,5,2,16,1,20,2,9,5,4,7,9,1,10,1,11,,44,,1,21,121.5120462,25.0292052
113,1,19,11,0,2,08士林區,士林區後港街與前港街口,0,0,1,1,C03,8,6,5,30,4,1,1,5,4,5,13,4,4,5,5,5,2,15,1,25,2,7,3,4,7,9,1,10,1,14,,80,,1,21,121.5213792,25.0847257
113,1,19,11,0,2,08士林區,士林區後港街與前港街口,0,0,1,2,B01,8,6,5,30,4,1,1,5,4,5,13,4,4,5,5,5,2,15,1,54,3,10,3,4,7,9,1,4,1,1,,14,,1,21,121.5213792,25.0847257
113,1,19,11,5,2,02萬華區,萬華區萬大路242號,0,0,2,1,C03,8,7,5,30,14,9,1,5,4,5,13,1,1,10,4,5,1,11,1,40,2,9,6,1,7,8,1,10,1,12,,100,,1,21,121.5003491,25.0264516
113,1,19,11,5,2,02萬華區,萬華區萬大路242號,0,0,2,2,C03,8,7,5,30,14,9,1,5,4,5,13,1,1,10,4,5,1,11,2,34,2,7,6,1,7,9,1,10,1,14,,44,,1,21,121.5003491,25.0264516
113,1,19,11,21,2,09北投區,北投區尊賢街與尊賢街230巷口,0,0,1,1,B03,8,6,5,30,4,1,1,5,4,5,13,4,4,10,5,5,2,15,1,47,3,10,7,1,7,1,1,8,1,8,,80,,1,21,121.507625,25.1161918
113,1,19,11,21,2,09北投區,北投區尊賢街與尊賢街230巷口,0,0,1,2,C03,8,6,5,30,4,1,1,5,4,5,13,4,4,10,5,5,2,15,1,24,2,8,5,1,7,9,1,10,1,12,,14,,1,21,121.507625,25.1161918
113,1,19,11,38,2,02萬華區,萬華區西園路2段與艋舺大道口,0,0,1,1,B03,8,6,5,50,5,1,1,5,4,5,13,1,1,8,3,5,1,17,1,41,3,10,7,1,7,6,1,8,1,5,,80,,1,21,121.4977558,25.033076
113,1,19,11,38,2,02萬華區,萬華區西園路2段與艋舺大道口,0,0,1,2,C03,8,6,5,50,5,1,1,5,4,5,13,1,1,8,3,5,1,17,1,25,2,7,5,1,7,9,1,10,1,14,,44,,1,21,121.4977558,25.033076
113,1,19,11,45,2,01大同區,大同區承德路3段與昌吉街口,0,0,2,1,C03,8,5,5,50,3,1,1,5,4,5,13,2,1,1,4,5,2,17,1,21,3,10,3,4,7,8,1,10,1,13,,100,,1,21,121.5184706,25.0659245
113,1,19,11,45,2,01大同區,大同區承德路3段與昌吉街口,0,0,2,2,C03,8,5,5,50,3,1,1,5,4,5,13,2,1,1,4,5,2,17,1,40,2,9,3,4,7,9,1,10,1,11,,44,,1,21,121.5184706,25.0659245
113,1,19,11,45,2,01大同區,大同區承德路3段與昌吉街口,0,0,2,3,H02,8,5,5,50,3,1,1,5,4,5,13,2,1,1,4,5,2,17,2,35,2,9,3,5,7,20,8,20,10,16,,67,,1,21,121.5184706,25.0659245
113,1,19,11,48,2,05中正區,中正區寧波西街與羅斯福路1段口,0,0,2,1,C03,8,7,5,50,4,1,1,5,4,5,13,1,1,10,4,5,2,17,1,44,2,9,5,1,7,5,1,10,1,14,,8,,1,22,121.5189984,25.0316207
113,1,19,11,48,2,05中正區,中正區寧波西街與羅斯福路1段口,0,0,2,2,B02,8,7,5,50,4,1,1,5,4,5,13,1,1,10,4,5,2,17,2,44,3,10,7,1,7,9,1,8,1,5,,108,,1,22,121.5189984,25.0316207
113,1,19,11,48,2,05中正區,中正區寧波西街與羅斯福路1段口,0,0,2,3,C03,8,7,5,50,4,1,1,5,4,5,13,1,1,10,4,5,2,17,1,43,2,3,5,1,7,9,1,10,1,11,,16,,1,22,121.5189984,25.0316207
113,1,19,11,54,2,03中山區,中山區長安東路1段52巷與長安東路1段口,0,0,2,1,C03,8,6,5,50,4,1,1,5,4,5,13,2,1,4,4,5,2,12,1,19,2,7,3,4,7,5,1,10,2,14,,8,,1,21,121.5281869,25.0483283
113,1,19,11,54,2,03中山區,中山區長安東路1段52巷與長安東路1段口,0,0,2,2,C03,8,6,5,50,4,1,1,5,4,5,13,2,1,4,4,5,2,12,1,58,2,9,3,4,7,9,1,10,2,11,,108,,1,21,121.5281869,25.0483283
113,1,19,12,6,2,12內湖區,內湖區成功路4段與金龍路口,0,0,2,1,C03,8,5,5,50,4,1,1,5,4,5,13,1,1,1,4,5,2,16,2,20,2,8,6,1,7,5,1,10,1,11,,80,,1,21,121.5952695,25.08407127
113,1,19,12,6,2,12內湖區,內湖區成功路4段與金龍路口,0,0,2,2,C03,8,5,5,50,4,1,1,5,4,5,13,1,1,1,4,5,2,16,1,44,2,8,6,1,7,9,1,10,1,11,,44,,1,21,121.5952695,25.08407127
113,1,19,12,10,2,04大安區,大安區市民大道4段與忠孝東路4段205巷口,0,0,2,1,C03,7,6,5,40,3,2,1,5,4,1,13,4,4,1,5,5,2,16,1,34,2,9,5,1,7,4,1,10,1,14,,108,,1,21,121.5519282,25.0443836
113,1,19,12,10,2,04大安區,大安區市民大道4段與忠孝東路4段205巷口,0,0,2,2,C03,7,6,5,40,3,2,1,5,4,1,13,4,4,1,5,5,2,16,1,67,2,9,5,1,7,6,1,10,1,12,,9,,1,21,121.5519282,25.0443836
113,1,19,12,11,2,06松山區,松山區復興北路33號,0,0,1,1,C03,8,5,5,50,14,9,1,5,4,5,13,4,4,1,3,5,2,16,2,47,3,10,6,1,7,1,1,10,1,14,,19,,1,22,121.5441316,25.04958584
113,1,19,12,11,2,06松山區,松山區復興北路33號,0,0,1,2,C03,8,5,5,50,14,9,1,5,4,5,13,4,4,1,3,5,2,16,2,46,2,9,6,1,7,9,1,10,1,12,,44,,1,22,121.5441316,25.04958584
113,1,19,12,15,2,04大安區,大安區忠孝東路4段與忠孝東路4段49巷口,0,0,1,1,B01,8,6,5,50,3,1,1,5,4,5,13,4,4,1,4,5,2,3,1,62,3,10,7,1,7,6,1,4,1,6,,9,,1,21,121.54527,25.0417507
113,1,19,12,15,2,04大安區,大安區忠孝東路4段與忠孝東路4段49巷口,0,0,1,2,H01,8,6,5,50,3,1,1,5,4,5,13,4,4,1,4,5,2,3,1,24,2,8,4,5,8,20,8,20,10,16,,67,,1,21,121.54527,25.0417507
113,1,19,12,17,2,04大安區,大安區和平東路1段104巷附近,0,0,2,1,C03,8,6,5,50,14,9,1,5,4,5,13,4,4,1,4,5,2,12,2,20,2,9,6,4,7,10,1,10,1,12,,100,,1,21,121.5250586,25.0267641
113,1,19,12,17,2,04大安區,大安區和平東路1段104巷附近,0,0,2,2,C03,8,6,5,50,14,9,1,5,4,5,13,4,4,1,4,5,2,12,1,28,2,9,6,4,7,9,1,10,1,15,,17,,1,22,121.5250586,25.0267641
113,1,19,12,25,2,03中山區,中山區南京東路1段13巷與中山北路2段11巷口,0,0,2,1,B03,8,5,5,30,4,1,1,5,4,5,13,4,4,10,5,5,1,15,1,27,2,9,3,4,7,9,1,8,1,5,,80,,1,21,121.5236389,25.0527614
113,1,19,12,25,2,03中山區,中山區南京東路1段13巷與中山北路2段11巷口,0,0,2,2,B03,8,5,5,30,4,1,1,5,4,5,13,4,4,10,5,5,1,15,1,40,2,1,3,4,7,9,1,8,1,8,,14,,1,21,121.5236389,25.0527614
113,1,19,12,25,2,03中山區,中山區南京東路1段13巷與中山北路2段11巷口,0,0,2,3,B13,8,5,5,30,4,1,1,5,4,5,13,4,4,10,5,5,1,15,1,41,4,11,3,4,7,14,1,8,9,15,,38,,2,21,121.5236389,25.0527614
113,1,19,12,51,2,05中正區,中正區中山南路與凱達格蘭大道口,0,0,2,1,C03,8,6,5,50,5,1,1,5,4,5,13,1,1,10,4,5,2,13,1,61,2,8,6,4,7,9,1,10,2,11,,108,,1,22,121.5173497,25.0387642
113,1,19,12,51,2,05中正區,中正區中山南路與凱達格蘭大道口,0,0,2,2,C03,8,6,5,50,5,1,1,5,4,5,13,1,1,10,4,5,2,13,2,30,2,9,6,4,7,14,1,10,2,13,,44,,1,22,121.5173497,25.0387642
113,1,19,13,32,2,12內湖區,內湖區瑞光路53號旁,0,0,1,1,C03,8,7,5,50,14,9,1,5,4,5,13,4,4,9,4,5,2,12,1,56,2,9,5,1,7,8,1,10,2,12,,100,,1,21,121.5831478,25.07000796
113,1,19,13,32,2,12內湖區,內湖區瑞光路53號旁,0,0,1,2,C03,8,7,5,50,14,9,1,5,4,5,13,4,4,9,4,5,2,12,1,28,3,10,6,1,7,9,1,9,2,13,,17,,1,21,121.5831478,25.07000796
113,1,19,13,33,2,05中正區,中正區重慶南路3段與寧波西街口,0,0,1,1,C03,8,7,5,50,4,2,1,5,4,5,13,1,1,1,4,5,2,13,2,31,2,9,5,1,7,9,1,10,2,11,,108,,1,22,121.515345,25.0298268
113,1,19,13,33,2,05中正區,中正區重慶南路3段與寧波西街口,0,0,1,2,B03,8,7,5,50,4,2,1,5,4,5,13,1,1,1,4,5,2,13,2,61,3,10,7,1,7,12,1,8,2,3,,44,,1,22,121.515345,25.0298268
113,1,19,13,48,2,02萬華區,萬華區長沙街2段與雅江街口,0,0,1,1,B03,8,6,5,50,3,1,1,5,4,5,13,4,4,8,5,5,1,17,1,53,3,10,7,1,7,5,1,5,1,8,,74,,1,21,121.5013051,25.0407294
113,1,19,13,48,2,02萬華區,萬華區長沙街2段與雅江街口,0,0,1,2,C03,8,6,5,50,3,1,1,5,4,5,13,4,4,8,5,5,1,17,2,46,2,9,5,1,7,9,1,10,1,12,,44,,1,21,121.5013051,25.0407294
113,1,19,13,50,2,05中正區,中正區襄陽路2號,0,0,1,1,C03,8,6,5,50,14,9,1,5,4,5,13,4,4,5,4,5,2,13,4,0,4,11,3,4,7,12,7,19,11,15,,119,,2,22,121.5148339,25.0433514
113,1,19,13,50,2,05中正區,中正區襄陽路2號,0,0,1,2,A02,8,6,5,50,14,9,1,5,4,5,13,4,4,5,4,5,2,13,1,47,3,10,7,1,7,1,1,2,2,5,,19,,1,21,121.5148339,25.0433514
113,1,19,13,50,2,05中正區,中正區襄陽路2號,0,0,1,3,H02,8,6,5,50,14,9,1,5,4,5,13,4,4,5,4,5,2,13,2,78,2,9,4,5,7,17,8,20,10,16,,67,,1,22,121.5148339,25.0433514
113,1,19,13,52,2,09北投區,北投區泉源路硫磺谷停車場,0,0,2,1,H03,8,6,8,0,22,22,1,5,4,5,13,4,4,7,2,5,2,8,1,62,2,3,4,5,8,17,8,20,10,16,,60,,1,21,121.5210622,25.1436379
113,1,19,13,52,2,09北投區,北投區泉源路硫磺谷停車場,0,0,2,2,C03,8,6,8,0,22,22,1,5,4,5,13,4,4,7,2,5,2,8,1,73,2,9,5,1,7,9,1,10,9,12,,108,,1,21,121.5210622,25.1436379
113,1,19,14,43,2,07信義區,信義區信義路5段與松勇路口口,0,0,2,1,B02,8,6,5,50,3,1,1,5,4,5,13,4,4,1,4,5,1,16,1,38,3,10,3,4,7,6,1,8,1,2,,9,,1,22,121.5696717,25.0329344
113,1,19,14,43,2,07信義區,信義區信義路5段與松勇路口口,0,0,2,2,C03,8,6,5,50,3,1,1,5,4,5,13,4,4,1,4,5,1,16,1,40,2,9,3,4,7,9,1,10,1,11,,14,,1,22,121.5696717,25.0329344
113,1,19,14,43,2,07信義區,信義區信義路5段與松勇路口口,0,0,2,3,H02,8,6,5,50,3,1,1,5,4,5,13,4,4,1,4,5,1,16,1,41,2,9,3,5,7,17,8,20,10,16,,67,,1,22,121.5696717,25.0329344
113,1,19,14,45,2,03中山區,中山區大直街96號對面停車場出口,0,0,2,1,C03,8,6,5,50,14,9,1,5,4,5,13,4,4,9,4,5,2,11,1,29,2,9,5,1,7,1,1,10,2,14,,19,,1,22,121.5462774,25.08403903
113,1,19,14,45,2,03中山區,中山區大直街96號對面停車場出口,0,0,2,2,C03,8,6,5,50,14,9,1,5,4,5,13,4,4,9,4,5,2,11,1,57,2,9,5,1,7,1,1,10,2,11,,19,,1,22,121.5462774,25.08403903
113,1,19,14,45,2,07信義區,信義區基隆路1段37巷與基隆路1段45巷口,0,0,1,1,C03,8,6,5,30,3,2,1,5,4,3,10,4,4,5,5,5,2,16,2,32,2,8,3,4,7,1,1,10,1,12,,19,,1,22,121.5688822,25.0475136
113,1,19,14,45,2,07信義區,信義區基隆路1段37巷與基隆路1段45巷口,0,0,1,2,B12,8,6,5,30,3,2,1,5,4,3,10,4,4,5,5,5,2,16,1,27,3,10,3,4,7,9,1,8,1,8,,44,,1,22,121.5688822,25.0475136
113,1,19,15,10,2,09北投區,北投區承德路7段與承德路7段393巷口,0,0,1,1,B03,8,5,5,60,4,1,1,5,4,5,13,2,1,3,3,4,2,16,1,72,3,10,7,1,7,5,1,8,2,5,,71,,1,21,121.5014006,25.1194385
113,1,19,15,10,2,09北投區,北投區承德路7段與承德路7段393巷口,0,0,1,2,C03,8,5,5,60,4,1,1,5,4,5,13,2,1,3,3,4,2,16,2,18,2,9,5,1,7,9,1,10,2,11,,44,,1,21,121.5014006,25.1194385
113,1,19,15,20,2,12內湖區,內湖區康寧路3段與康寧路3段165巷口,0,0,1,1,B03,8,6,5,50,4,1,1,5,4,5,13,1,1,1,4,5,2,11,2,60,3,10,7,1,7,11,1,8,1,5,,71,,1,21,121.6113307,25.07048949
113,1,19,15,20,2,12內湖區,內湖區康寧路3段與康寧路3段165巷口,0,0,1,2,C03,8,6,5,50,4,1,1,5,4,5,13,1,1,1,4,5,2,11,1,32,2,9,5,1,7,9,1,10,1,11,,44,,1,21,121.6113307,25.07048949
113,1,19,15,22,2,02萬華區,萬華區中華路2段418號,0,0,1,1,C03,8,5,5,50,14,9,1,5,4,5,13,4,4,9,4,4,2,13,2,62,2,9,5,1,7,9,6,10,1,11,,44,,1,21,121.5060208,25.0278507
113,1,19,15,22,2,02萬華區,萬華區中華路2段418號,0,0,1,2,B03,8,5,5,50,14,9,1,5,4,5,13,4,4,9,4,4,2,13,1,72,3,10,7,1,7,12,1,8,1,6,,44,,1,21,121.5060208,25.0278507
113,1,19,15,30,2,04大安區,大安區市民大道4段102號,0,0,1,1,B12,8,6,5,40,14,9,1,5,4,5,13,4,4,1,4,5,2,12,1,36,3,10,7,1,7,4,1,8,1,2,,17,,1,21,121.5502044,25.0446213
113,1,19,15,30,2,04大安區,大安區市民大道4段102號,0,0,1,2,C03,8,6,5,40,14,9,1,5,4,5,13,4,4,1,4,5,2,12,1,40,2,9,6,1,7,8,1,10,1,14,,100,,1,21,121.5502044,25.0446213
113,1,19,15,47,2,01大同區,大同區延平北路4段與酒泉街口,0,0,2,1,C03,8,6,5,50,4,1,1,5,4,5,13,2,1,5,4,5,2,15,1,64,2,1,5,1,7,9,1,10,1,11,,81,,1,21,121.5109671,25.0720792
113,1,19,15,47,2,01大同區,大同區延平北路4段與酒泉街口,0,0,2,2,C03,8,6,5,50,4,1,1,5,4,5,13,2,1,5,4,5,2,15,2,21,2,8,5,1,7,9,1,10,1,14,,44,,1,21,121.5109671,25.0720792
113,1,19,16,5,2,04大安區,大安區仁愛路3段123巷與仁愛路3段123巷26弄口,0,0,2,1,C03,8,6,5,30,4,1,1,5,4,5,13,4,4,10,5,5,2,15,1,36,2,7,6,1,7,9,1,10,1,11,,14,,1,21,121.5419925,25.0390695
113,1,19,16,5,2,04大安區,大安區仁愛路3段123巷與仁愛路3段123巷26弄口,0,0,2,2,C03,8,6,5,30,4,1,1,5,4,5,13,4,4,10,5,5,2,15,1,52,2,9,5,1,7,9,1,10,1,12,,108,,1,21,121.5419925,25.0390695
113,1,19,16,5,2,04大安區,大安區仁愛路3段123巷與仁愛路3段123巷26弄口,0,0,2,3,B03,8,6,5,30,4,1,1,5,4,5,13,4,4,10,5,5,2,15,1,74,3,10,7,1,7,14,1,8,1,1,,44,,1,21,121.5419925,25.0390695
113,1,19,16,5,2,06松山區,松山區民生東路5段與新東街口,0,0,2,1,B03,8,7,5,50,4,1,1,5,4,5,13,1,1,1,4,5,2,15,2,67,2,2,7,1,7,11,1,8,1,5,,10,,1,21,121.5659869,25.0590463
113,1,19,16,5,2,06松山區,松山區民生東路5段與新東街口,0,0,2,2,C03,8,7,5,50,4,1,1,5,4,5,13,1,1,1,4,5,2,15,1,26,2,9,6,1,7,9,1,10,1,11,,44,,1,21,121.5659869,25.0590463
113,1,19,16,10,2,05中正區,中正區永福橋與思源街口,0,0,2,1,C03,8,6,5,50,14,9,1,5,4,5,13,4,4,5,5,5,1,12,2,24,2,7,6,1,7,7,1,10,2,14,,100,,1,21,121.5296021,25.0130308
113,1,19,16,10,2,05中正區,中正區永福橋與思源街口,0,0,2,2,C03,8,6,5,50,14,9,1,5,4,5,13,4,4,5,5,5,1,12,1,30,2,8,6,1,7,9,1,10,2,12,,44,,1,21,121.5296021,25.0130308
113,1,19,16,13,2,03中山區,中山區北安路與大直街口,0,0,1,1,B12,8,6,5,50,4,1,1,5,4,5,13,1,1,1,4,5,2,16,1,30,3,10,7,1,7,5,1,8,1,5,,8,,1,21,121.5472813,25.0798577
113,1,19,16,13,2,03中山區,中山區北安路與大直街口,0,0,1,2,C03,8,6,5,50,4,1,1,5,4,5,13,1,1,1,4,5,2,16,1,69,2,9,5,1,7,9,1,10,2,11,,44,,1,21,121.5472813,25.0798577
113,1,19,16,28,2,04大安區,大安區忠孝東路4段216巷與安和路1段49巷口,0,0,2,1,C03,8,7,8,30,4,1,1,5,4,5,13,4,4,8,3,5,2,15,1,21,2,9,3,4,7,9,1,10,1,12,,80,,1,21,121.5529572,25.0384972
113,1,19,16,28,2,04大安區,大安區忠孝東路4段216巷與安和路1段49巷口,0,0,2,2,C04,8,7,8,30,4,1,1,5,4,5,13,4,4,8,3,5,2,15,1,34,2,7,3,4,7,9,1,11,1,11,,44,,1,21,121.5529572,25.0384972
113,1,19,16,48,2,08士林區,士林區磺溪街與磺溪街55巷口,0,0,1,1,C03,8,6,5,50,4,1,1,5,4,5,13,4,4,5,5,5,1,13,1,21,2,9,5,1,7,9,1,10,1,11,,16,,1,21,121.5231287,25.10747141
113,1,19,16,48,2,08士林區,士林區磺溪街與磺溪街55巷口,0,0,1,2,B03,8,6,5,50,4,1,1,5,4,5,13,4,4,5,5,5,1,13,1,45,3,10,7,1,7,12,1,8,1,3,,44,,1,21,121.5231287,25.10747141
113,1,19,16,55,2,07信義區,信義區吳興街284巷與吳興街260巷21弄口,0,0,1,1,B01,8,6,5,30,3,1,1,5,4,5,13,4,4,10,5,5,1,16,1,26,3,10,3,4,7,6,1,4,1,8,,80,,1,22,121.5637806,25.02526428
113,1,19,16,55,2,07信義區,信義區吳興街284巷與吳興街260巷21弄口,0,0,1,2,C03,8,6,5,30,3,1,1,5,4,5,13,4,4,10,5,5,1,16,2,47,2,9,3,4,7,1,1,10,1,11,,19,,1,22,121.5637806,25.02526428
113,1,19,17,7,2,10文山區,文山區木新路3段河堤便道第91號汽車停車格,0,0,1,2,C03,8,6,5,30,14,9,1,5,4,5,13,4,4,10,5,5,2,17,2,19,2,9,3,4,7,9,1,10,2,12,,42,,1,21,121.562248,24.98048837
113,1,19,17,7,2,10文山區,文山區木新路3段河堤便道第91號汽車停車格,0,0,1,3,B03,8,6,5,30,14,9,1,5,4,5,13,4,4,10,5,5,2,17,2,29,3,10,3,4,7,13,1,8,9,8,,44,,1,21,121.562248,24.98048837
113,1,19,17,7,2,10文山區,文山區木新路3段河堤便道第91號汽車停車格,0,0,1,1,B03,8,6,5,30,14,9,1,5,4,5,13,4,4,10,5,5,2,17,1,56,3,10,3,4,7,1,1,8,2,8,,19,,1,21,121.562248,24.98048837
113,1,19,17,20,2,09北投區,北投區承德路7段與承德路7段1巷口,0,0,1,1,C03,8,5,5,60,3,1,1,5,4,5,13,2,1,1,3,4,2,12,1,15,2,9,5,1,7,7,2,18,2,14,,100,,1,21,121.5107094,25.1109434
113,1,19,17,20,2,09北投區,北投區承德路7段與承德路7段1巷口,0,0,1,2,B02,8,5,5,60,3,1,1,5,4,5,13,2,1,1,3,4,2,12,1,41,3,10,7,1,7,9,1,8,2,5,,44,,1,21,121.5107094,25.1109434
113,1,19,17,36,2,10文山區,文山區木新路3段與興隆路4段口,0,0,2,1,C03,7,5,5,50,14,9,1,5,4,5,13,2,1,5,4,5,2,13,1,32,2,9,5,1,7,9,1,10,1,11,,44,,1,21,121.5623534,24.9820616
113,1,19,17,36,2,10文山區,文山區木新路3段與興隆路4段口,0,0,2,2,C03,7,5,5,50,14,9,1,5,4,5,13,2,1,5,4,5,2,13,1,40,2,9,5,1,7,7,1,10,1,13,,8,,1,21,121.5623534,24.9820616
113,1,19,17,46,2,10文山區,文山區木柵路3段與木柵路3段48巷口,0,0,1,1,B03,8,5,5,50,4,18,1,5,4,5,13,1,1,10,5,5,2,1,1,66,3,10,7,1,7,5,1,7,2,8,,70,,1,21,121.5652587,24.988314
113,1,19,17,46,2,10文山區,文山區木柵路3段與木柵路3段48巷口,0,0,1,2,H01,8,5,5,50,4,18,1,5,4,5,13,1,1,10,5,5,2,1,2,58,2,9,4,5,8,16,8,20,9,16,,60,,1,21,121.5652587,24.988314
113,1,19,18,6,2,05中正區,中正區中華路1段59號,0,0,1,1,F01,7,5,5,0,14,25,4,5,4,5,13,4,4,10,5,5,2,18,1,52,2,9,4,1,7,15,8,20,7,11,,21,,1,22,121.5081966,25.0408785
113,1,19,18,6,2,05中正區,中正區中華路1段59號,0,0,1,2,,7,5,5,0,14,25,4,5,4,5,13,4,4,10,5,5,2,18,3,0,,,,,,,,,,,,67,,1,,121.5081966,25.0408785
113,1,19,18,12,2,04大安區,大安區辛亥路3段157巷14號,0,0,1,1,B03,8,5,5,30,3,1,1,5,4,5,13,4,4,5,5,5,2,15,1,61,3,10,7,1,7,1,1,8,1,1,,80,,1,21,121.5494835,25.0176207
113,1,19,18,12,2,04大安區,大安區辛亥路3段157巷14號,0,0,1,2,C03,8,5,5,30,3,1,1,5,4,5,13,4,4,5,5,5,2,15,1,24,2,9,5,1,7,9,1,10,1,11,,14,,1,21,121.5494835,25.0176207
113,1,19,18,14,2,11南港區,南港區南港路2段與成功路口側附近1段口,0,0,1,1,B03,8,5,5,50,3,1,1,5,4,5,13,1,1,9,4,5,2,12,1,39,3,10,3,1,7,11,1,8,2,4,,10,,1,21,121.5933094,25.0544601
113,1,19,18,14,2,11南港區,南港區南港路2段與成功路口側附近1段口,0,0,1,2,C03,8,5,5,50,3,1,1,5,4,5,13,1,1,9,4,5,2,12,1,53,2,8,3,1,7,9,1,10,2,12,,108,,1,21,121.5933094,25.0544601
113,1,19,18,28,2,05中正區,中正區中華路1段29號1段,0,0,1,1,A04,8,5,5,50,14,9,1,5,4,5,13,4,4,1,4,1,2,9,1,58,3,10,7,1,7,1,1,2,2,2,,19,,1,21,121.5093574,25.04528869
113,1,19,18,28,2,05中正區,中正區中華路1段29號1段,0,0,1,2,H02,8,5,5,50,14,9,1,5,4,5,13,4,4,1,4,1,2,9,2,91,2,9,4,5,7,19,8,20,10,16,,56,,1,21,121.5093574,25.04528869
113,1,19,18,40,2,03中山區,中山區中山北路1段與中山北路1段126巷口,0,0,1,2,B03,8,5,5,50,14,9,1,5,4,5,13,4,4,1,4,5,2,13,1,48,3,10,2,1,7,14,1,8,1,6,,44,,1,22,121.5427481,25.0791157
113,1,19,18,40,2,03中山區,中山區中山北路1段與中山北路1段126巷口,0,0,1,1,C03,8,5,5,50,14,9,1,5,4,5,13,4,4,1,4,5,2,13,2,43,2,9,5,1,7,9,1,10,1,11,,16,,1,22,121.5427481,25.0791157
113,1,19,18,41,2,09北投區,北投區大度路3段#1205122燈桿,0,0,2,2,C03,7,5,5,50,14,9,1,5,4,5,13,1,1,1,4,1,1,17,2,44,2,9,5,1,7,9,1,10,9,14,,118,,1,21,121.4719851,25.12299349