發生年度,發生月,發生日,發生時-Hours,發生分,處理別-編號,區序,肇事地點,死亡人數,2-30日死亡人數,受傷人數,當事人序號,車種,天候,道路照明設備,道路類別,速限-速度限制,道路型態,事故位置,路面狀況1,路面狀況2,路面狀況3,道路障礙1,道路障礙2,號誌1,號誌2,車道劃分-分向,車道劃分-分道1,車道劃分-分道2,車道劃分-分道3,事故類型及型態,性別,年齡,受傷程度,主要傷處,保護裝置,行動電話,車輛用途,當事者行動狀態,駕駛資格情形,駕駛執照種類,飲酒情形,車輛撞擊部位1,車輛撞擊部位2,肇因碼-個別,肇因碼-主要,個人肇逃否,職業,座標-X,座標-Y
113,1,19,18,41,2,09北投區,北投區大度路3段#1205122燈桿,0,0,2,1,C03,7,5,5,50,14,9,1,5,4,5,13,1,1,1,4,1,1,17,1,28,2,9,5,1,7,9,1,10,9,14,,118,,1,21,121.4719851,25.12299349
113,1,19,19,8,2,03中山區,中山區中原街10號,0,0,2,1,C03,8,5,5,50,14,9,1,5,4,5,13,4,4,5,5,4,2,16,1,74,2,8,6,1,7,11,1,10,1,14,,10,,1,21,121.5288618,25.05627389
113,1,19,19,8,2,03中山區,中山區中原街10號,0,0,2,2,C03,8,5,5,50,14,9,1,5,4,5,13,4,4,5,5,4,2,16,2,33,2,9,6,1,7,9,1,10,1,11,,44,,1,21,121.5288618,25.05627389
113,1,19,19,16,2,10文山區,文山區辛亥路7段與木柵路1段口,0,0,2,1,C03,8,5,5,50,4,1,1,5,4,5,13,2,1,10,5,5,2,16,1,41,2,9,5,4,7,5,1,10,2,12,,42,,1,21,121.5523016,24.9878256
113,1,19,19,16,2,10文山區,文山區辛亥路7段與木柵路1段口,0,0,2,2,C03,8,5,5,50,4,1,1,5,4,5,13,2,1,10,5,5,2,16,2,64,2,9,5,4,7,9,1,10,2,11,,81,,1,21,121.5523016,24.9878256
113,1,19,19,28,2,06松山區,松山區敦化北路與民權東路4段口,0,0,2,1,B03,8,5,5,50,4,2,1,5,4,5,13,1,1,8,3,4,1,16,1,60,3,10,3,1,7,6,1,8,1,1,,9,,1,22,121.5511908,25.0614021
113,1,19,19,28,2,06松山區,松山區敦化北路與民權東路4段口,0,0,2,2,F02,8,5,5,50,4,2,1,5,4,5,13,1,1,8,3,4,1,16,2,41,2,6,3,1,7,9,8,20,1,14,,44,,1,22,121.5511908,25.0614021
113,1,19,19,28,2,06松山區,松山區敦化北路與民權東路4段口,0,0,2,3,H02,8,5,5,50,4,2,1,5,4,5,13,1,1,8,3,4,1,16,2,4,2,8,3,5,7,21,8,20,10,16,,67,,1,24,121.5511908,25.0614021
113,1,19,19,42,2,02萬華區,萬華區西藏路201號對面,0,0,5,1,C03,8,5,5,50,14,9,1,5,4,5,13,4,4,1,4,5,2,17,1,39,2,8,5,1,7,9,1,10,1,14,,16,,1,21,121.4986775,25.02937886
113,1,19,19,42,2,02萬華區,萬華區西藏路201號對面,0,0,5,2,C02,8,5,5,50,14,9,1,5,4,5,13,4,4,1,4,5,2,17,1,52,2,9,5,1,7,9,1,9,1,13,,44,,1,21,121.4986775,25.02937886
113,1,19,19,42,2,02萬華區,萬華區西藏路201號對面,0,0,5,3,C03,8,5,5,50,14,9,1,5,4,5,13,4,4,1,4,5,2,17,1,50,2,8,5,1,7,9,1,10,1,12,,44,,1,21,121.4986775,25.02937886
113,1,19,19,42,2,02萬華區,萬華區西藏路201號對面,0,0,5,4,C03,8,5,5,50,14,9,1,5,4,5,13,4,4,1,4,5,2,17,2,49,2,8,5,1,7,9,6,18,1,11,,16,,1,21,121.4986775,25.02937886
113,1,19,19,42,2,02萬華區,萬華區西藏路201號對面,0,0,5,5,H02,8,5,5,50,14,9,1,5,4,5,13,4,4,1,4,5,2,17,1,22,2,8,5,5,7,20,8,20,10,16,,67,,1,21,121.4986775,25.02937886
113,1,19,19,42,2,07信義區,信義區基隆路2段與嘉興街口,0,0,2,1,B01,8,5,5,50,3,2,1,5,4,5,13,4,4,3,4,5,2,12,1,60,3,10,7,1,7,8,1,4,2,4,,100,,1,21,121.5580772,25.0306509
113,1,19,19,42,2,07信義區,信義區基隆路2段與嘉興街口,0,0,2,2,C03,8,5,5,50,3,2,1,5,4,5,13,4,4,3,4,5,2,12,1,18,2,8,6,1,7,9,1,10,2,12,,44,,1,21,121.5580772,25.0306509
113,1,19,19,42,2,07信義區,信義區基隆路2段與嘉興街口,0,0,2,3,H02,8,5,5,50,3,2,1,5,4,5,13,4,4,3,4,5,2,12,2,17,2,8,6,5,7,20,8,20,10,16,,67,,1,21,121.5580772,25.0306509
113,1,19,19,58,2,02萬華區,萬華區長順街與環河南路2段口,0,0,2,1,B03,7,5,5,50,4,1,1,5,4,5,13,2,1,1,4,5,2,16,1,22,3,10,7,1,7,5,1,8,1,5,,80,,1,21,121.4907031,25.0313718
113,1,19,19,58,2,02萬華區,萬華區長順街與環河南路2段口,0,0,2,2,C03,7,5,5,50,4,1,1,5,4,5,13,2,1,1,4,5,2,16,1,57,2,9,6,1,7,9,1,10,1,11,,44,,1,21,121.4907031,25.0313718
113,1,19,19,58,2,02萬華區,萬華區長順街與環河南路2段口,0,0,2,3,H02,7,5,5,50,4,1,1,5,4,5,13,2,1,1,4,5,2,16,2,60,2,9,6,5,7,17,8,20,10,16,,67,,1,21,121.4907031,25.0313718
113,1,19,20,41,2,08士林區,士林區承德路4段與承德路4段9巷口口,0,0,2,1,C03,7,5,5,50,4,1,1,5,4,5,13,2,1,9,5,5,2,16,1,80,2,9,6,1,7,5,1,10,1,12,,74,,1,21,121.5218414,25.0794115
113,1,19,20,41,2,08士林區,士林區承德路4段與承德路4段9巷口口,0,0,2,2,C03,7,5,5,50,4,1,1,5,4,5,13,2,1,9,5,5,2,16,1,33,2,9,5,1,7,9,1,9,1,11,,44,,1,21,121.5218414,25.0794115
113,1,19,21,37,2,01大同區,大同區承德路3段與敦煌路口口,0,0,1,1,C03,7,6,5,50,4,1,1,5,4,5,13,2,1,1,4,5,2,16,1,21,2,9,5,4,7,5,1,10,2,12,,80,,1,21,121.5192907,25.0749466
113,1,19,21,37,2,01大同區,大同區承德路3段與敦煌路口口,0,0,1,2,A02,7,6,5,50,4,1,1,5,4,5,13,2,1,1,4,5,2,16,1,50,3,10,7,4,7,9,1,2,2,5,,44,,1,21,121.5192907,25.0749466
113,1,19,21,40,2,07信義區,信義區市民大道5段與東興路口,0,0,1,1,B03,8,5,5,50,4,1,1,5,4,5,13,2,1,1,4,5,1,16,1,48,3,10,3,4,7,5,1,8,2,2,,71,,1,21,121.5658573,25.048269
113,1,19,21,40,2,07信義區,信義區市民大道5段與東興路口,0,0,1,2,C01,8,5,5,50,4,1,1,5,4,5,13,2,1,1,4,5,1,16,1,24,2,7,3,4,7,9,1,9,2,11,,44,,1,21,121.5658573,25.048269
113,1,19,22,5,2,05中正區,中正區和平西路1段與南昌路2段口,0,0,1,1,B03,8,5,5,50,5,1,1,5,4,5,13,2,1,5,5,5,2,9,1,52,3,10,7,1,7,15,1,8,9,1,,70,,1,22,121.5212722,25.0266747
113,1,19,22,5,2,05中正區,中正區和平西路1段與南昌路2段口,0,0,1,2,H01,8,5,5,50,5,1,1,5,4,5,13,2,1,5,5,5,2,9,2,30,2,9,4,5,8,16,8,20,10,16,,121,,1,22,121.5212722,25.0266747
113,1,19,22,5,2,08士林區,士林區重慶北路4段143巷與重慶北路4段口,0,0,1,1,B02,8,5,5,50,3,2,1,5,4,5,13,4,4,1,4,4,1,16,1,40,3,10,3,4,7,8,1,8,1,5,,100,,1,22,121.5119815,25.0831981
113,1,19,22,5,2,08士林區,士林區重慶北路4段143巷與重慶北路4段口,0,0,1,2,C03,8,5,5,50,3,2,1,5,4,5,13,4,4,1,4,4,1,16,1,22,2,9,3,4,7,9,1,10,1,14,,13,,1,22,121.5119815,25.0831981
113,1,19,22,30,2,03中山區,中山區建國北路3段與建國北路3段151巷口,0,0,1,1,C03,8,5,5,50,4,1,1,5,4,5,13,2,1,1,4,5,2,16,2,24,2,9,6,4,7,5,1,10,2,13,,96,,1,21,121.5345517,25.0673109
113,1,19,22,30,2,03中山區,中山區建國北路3段與建國北路3段151巷口,0,0,1,2,B03,8,5,5,50,4,1,1,5,4,5,13,2,1,1,4,5,2,16,1,44,3,10,3,4,7,9,1,8,2,1,,44,,1,21,121.5345517,25.0673109
113,1,20,0,3,2,11南港區,南港區忠孝東路7段與興中路口,0,0,1,1,B02,8,5,5,50,3,2,1,5,4,5,13,2,1,1,4,5,1,16,2,22,3,10,3,4,7,7,1,8,1,8,,100,,1,22,121.6080723,25.0521825
113,1,20,0,3,2,11南港區,南港區忠孝東路7段與興中路口,0,0,1,2,C03,8,5,5,50,3,2,1,5,4,5,13,2,1,1,4,5,1,16,1,33,2,9,5,4,7,9,1,10,1,11,,81,,1,22,121.6080723,25.0521825
113,1,20,0,29,2,05中正區,中正區市民大道1段168號前,0,0,2,1,C03,8,5,5,40,22,6,1,5,4,5,13,4,4,1,4,5,2,16,1,21,2,9,5,1,7,11,1,10,2,13,,10,,1,22,121.5186458,25.04829006
113,1,20,0,29,2,05中正區,中正區市民大道1段168號前,0,0,2,2,C03,8,5,5,40,22,6,1,5,4,5,13,4,4,1,4,5,2,16,1,26,2,9,5,1,7,8,1,10,2,11,,13,,1,22,121.5186458,25.04829006
113,1,20,4,37,2,08士林區,士林區百齡橋與承德路5段口第001號燈桿,0,0,2,1,C03,8,5,5,30,3,1,1,5,4,5,13,4,4,1,5,5,1,17,1,71,2,9,5,1,7,15,1,10,1,11,,108,,1,21,121.5149775,25.0903054
113,1,20,4,37,2,08士林區,士林區百齡橋與承德路5段口第001號燈桿,0,0,2,2,F01,8,5,5,30,3,1,1,5,4,5,13,4,4,1,5,5,1,17,1,68,2,9,4,1,7,9,8,20,1,13,,44,,1,21,121.5149775,25.0903054
113,1,20,5,35,2,05中正區,中正區中華路2段與廣州街口,0,0,1,1,B01,7,5,5,50,4,18,1,5,4,5,13,2,1,1,3,5,1,3,1,46,3,10,7,1,7,5,1,4,2,8,,70,,1,21,121.5066256,25.0360612
113,1,20,5,35,2,05中正區,中正區中華路2段與廣州街口,0,0,1,2,H01,7,5,5,50,4,18,1,5,4,5,13,2,1,1,3,5,1,3,1,84,2,8,4,5,8,16,8,20,10,16,,67,,1,21,121.5066256,25.0360612
113,1,20,5,35,2,07信義區,信義區虎林街120巷270號,0,0,2,1,B03,8,5,5,30,14,9,1,5,4,5,13,4,4,10,5,5,1,17,1,23,3,10,3,4,7,11,1,8,1,17,,10,,1,21,121.5706786,25.0422828
113,1,20,5,35,2,07信義區,信義區虎林街120巷270號,0,0,2,2,C03,8,5,5,30,14,9,1,5,4,5,13,4,4,10,5,5,1,17,2,19,2,8,3,4,7,9,1,10,1,14,,44,,1,21,121.5706786,25.0422828
113,1,20,5,35,2,07信義區,信義區虎林街120巷270號,0,0,2,3,H02,8,5,5,30,14,9,1,5,4,5,13,4,4,10,5,5,1,17,1,21,2,7,3,5,7,20,8,20,10,16,,67,,1,21,121.5706786,25.0422828
113,1,20,6,22,2,02萬華區,萬華區富民路20號,0,0,1,1,B12,8,5,5,50,14,9,1,5,4,5,13,4,4,10,4,5,2,17,1,51,3,10,7,4,7,13,1,4,1,4,,40,,1,21,121.4979615,25.0190432
113,1,20,6,22,2,02萬華區,萬華區富民路20號,0,0,1,2,F07,8,5,5,50,14,9,1,5,4,5,13,4,4,10,4,5,2,17,1,47,2,8,4,4,7,9,8,20,1,15,,44,,1,21,121.4979615,25.0190432
113,1,20,6,50,2,07信義區,信義區基隆路1段與一之六號道路口,0,0,3,1,C03,8,6,5,50,3,2,1,5,4,5,13,4,4,3,3,5,2,13,1,24,2,9,6,4,7,9,1,10,1,11,,107,,1,21,121.5605201,25.0343495
113,1,20,6,50,2,07信義區,信義區基隆路1段與一之六號道路口,0,0,3,2,C03,8,6,5,50,3,2,1,5,4,5,13,4,4,3,3,5,2,13,1,73,2,8,6,4,7,9,3,18,1,13,,44,,1,21,121.5605201,25.0343495
113,1,20,6,50,2,07信義區,信義區基隆路1段與一之六號道路口,0,0,3,3,H02,8,6,5,50,3,2,1,5,4,5,13,4,4,3,3,5,2,13,2,20,2,7,6,5,7,20,8,20,10,16,,67,,1,21,121.5605201,25.0343495
113,1,20,7,15,2,09北投區,北投區西安街2段與公館路口,0,0,1,1,B01,7,6,5,50,14,9,1,5,4,5,13,1,1,9,4,5,2,16,1,66,3,10,7,1,7,5,1,4,1,8,,85,,1,21,121.5026812,25.1214268
113,1,20,7,15,2,09北投區,北投區西安街2段與公館路口,0,0,1,2,C03,7,6,5,50,14,9,1,5,4,5,13,1,1,9,4,5,2,16,1,24,2,9,5,1,7,9,1,10,1,14,,44,,1,21,121.5026812,25.1214268
113,1,20,8,0,2,07信義區,信義區信安街與信安街67巷口,0,0,1,1,C03,8,7,5,50,14,9,1,5,4,5,13,1,1,9,5,5,2,16,2,36,2,9,6,4,7,6,1,10,1,11,,9,,1,21,121.5575103,25.0260105
113,1,20,8,0,2,07信義區,信義區信安街與信安街67巷口,0,0,1,2,C03,8,7,5,50,14,9,1,5,4,5,13,1,1,9,5,5,2,16,1,62,3,10,6,4,7,9,1,10,1,13,,44,,1,21,121.5575103,25.0260105
113,1,20,8,18,2,02萬華區,萬華區忠孝橋下橋處,0,0,1,1,B03,8,5,8,50,22,22,1,5,4,5,13,1,1,10,5,5,2,17,1,41,3,10,3,4,7,9,1,8,2,5,,108,,1,21,121.5094233,25.04813478
113,1,20,8,18,2,02萬華區,萬華區忠孝橋下橋處,0,0,1,2,C02,8,5,8,50,22,22,1,5,4,5,13,1,1,10,5,5,2,17,1,54,2,8,3,4,7,15,1,8,2,17,,100,,1,21,121.5094233,25.04813478
113,1,20,8,40,2,03中山區,中山區新生北路2段與民生東路1段口,0,0,1,1,C03,8,6,5,50,4,1,1,5,4,5,13,1,1,5,4,5,2,12,1,47,3,10,5,1,7,8,1,10,1,12,,100,,1,22,121.5274817,25.05805841
113,1,20,8,40,2,03中山區,中山區新生北路2段與民生東路1段口,0,0,1,2,C03,8,6,5,50,4,1,1,5,4,5,13,1,1,5,4,5,2,12,1,31,2,9,5,1,7,9,1,10,1,14,,44,,1,22,121.5274817,25.05805841
113,1,20,9,15,2,12內湖區,內湖區行善路與行愛路口,0,0,1,1,B03,8,6,5,50,4,1,1,5,4,5,13,2,1,1,4,5,2,16,1,31,3,10,7,1,7,5,1,8,1,2,,71,,1,21,121.5826093,25.0606723
113,1,20,9,15,2,12內湖區,內湖區行善路與行愛路口,0,0,1,2,C03,8,6,5,50,4,1,1,5,4,5,13,2,1,1,4,5,2,16,1,45,2,9,6,1,7,9,1,10,1,11,,44,,1,21,121.5826093,25.0606723
113,1,20,9,25,2,07信義區,信義區松仁路281巷與信義路5段150巷401弄口,0,0,1,1,B03,8,6,5,30,4,2,1,5,4,5,13,4,4,8,5,5,2,16,1,58,3,10,3,4,7,5,1,8,2,8,,74,,1,21,121.5703066,25.0240802
113,1,20,9,25,2,07信義區,信義區松仁路281巷與信義路5段150巷401弄口,0,0,1,2,C03,8,6,5,30,4,2,1,5,4,5,13,4,4,8,5,5,2,16,1,79,2,9,5,1,7,9,1,10,2,14,,44,,1,21,121.5703066,25.0240802
113,1,20,9,43,2,07信義區,信義區基隆路2段79巷與基隆路2段79巷30弄口,0,0,2,1,C03,8,7,5,30,4,1,1,5,4,5,13,4,4,10,5,5,1,15,1,32,2,9,5,4,7,9,1,10,2,11,,80,,1,21,121.559764,25.0294189
113,1,20,9,43,2,07信義區,信義區基隆路2段79巷與基隆路2段79巷30弄口,0,0,2,2,F01,8,7,5,30,4,1,1,5,4,5,13,4,4,10,5,5,1,15,2,80,2,9,3,4,7,9,8,20,2,14,,44,,1,21,121.559764,25.0294189
113,1,20,9,51,2,12內湖區,內湖區康樂街136巷與康樂街136巷15弄口,0,0,3,1,C03,8,5,5,30,4,1,1,5,4,5,13,4,4,10,5,5,2,15,2,63,2,9,5,1,7,9,1,10,2,15,,80,,1,21,121.6185501,25.0729986
113,1,20,9,51,2,12內湖區,內湖區康樂街136巷與康樂街136巷15弄口,0,0,3,2,B01,8,5,5,30,4,1,1,5,4,5,13,4,4,10,5,5,2,15,2,47,2,1,7,1,7,9,1,4,2,8,,44,,1,21,121.6185501,25.0729986
113,1,20,9,51,2,12內湖區,內湖區康樂街136巷與康樂街136巷15弄口,0,0,3,3,H02,8,5,5,30,4,1,1,5,4,5,13,4,4,10,5,5,2,15,2,59,2,9,5,5,7,20,8,20,10,16,,67,,1,21,121.6185501,25.0729986
113,1,20,10,0,2,02萬華區,萬華區中華路2段2號,0,0,1,1,B03,8,5,5,50,14,9,1,5,4,5,13,1,1,5,4,5,2,17,1,34,3,10,7,4,7,5,1,8,1,5,,44,,1,22,121.5056241,25.03407048
113,1,20,10,0,2,02萬華區,萬華區中華路2段2號,0,0,1,2,C03,8,5,5,50,14,9,1,5,4,5,13,1,1,5,4,5,2,17,2,52,2,8,5,4,7,5,1,10,1,14,,44,,1,22,121.5056241,25.03407048
113,1,20,10,14,2,09北投區,北投區大興街24巷與大興街24巷6弄口,0,0,1,1,B01,8,6,5,30,4,1,1,5,4,5,13,4,4,10,5,5,2,15,1,61,3,10,7,1,7,9,1,4,1,7,,72,,1,21,121.4988034,25.1291166
113,1,20,10,14,2,09北投區,北投區大興街24巷與大興街24巷6弄口,0,0,1,2,C03,8,6,5,30,4,1,1,5,4,5,13,4,4,10,5,5,2,15,2,60,2,9,5,1,7,9,1,10,1,11,,44,,1,21,121.4988034,25.1291166
113,1,20,10,20,2,10文山區,文山區羅斯福路6段159巷與景興路42巷8弄口,0,0,1,1,C03,8,6,5,30,4,1,1,5,4,5,13,4,4,10,5,5,2,15,1,27,2,7,6,1,7,9,1,10,1,12,,72,,1,21,121.5427732,24.9969732
113,1,20,10,20,2,10文山區,文山區羅斯福路6段159巷與景興路42巷8弄口,0,0,1,2,B01,8,6,5,30,4,1,1,5,4,5,13,4,4,10,5,5,2,15,1,63,3,10,7,1,7,9,1,4,1,1,,107,,1,21,121.5427732,24.9969732
113,1,20,10,25,2,06松山區,松山區延壽街72巷與健康路325巷19弄口,0,0,1,1,F01,8,5,5,30,4,1,1,5,4,5,13,4,4,10,5,5,2,17,2,77,2,9,4,1,7,5,8,20,2,12,,8,,1,21,121.5654939,25.055641
113,1,20,10,25,2,06松山區,松山區延壽街72巷與健康路325巷19弄口,0,0,1,2,B03,8,5,5,30,4,1,1,5,4,5,13,4,4,10,5,5,2,17,1,57,3,10,7,1,7,9,1,8,2,4,,108,,1,21,121.5654939,25.055641
113,1,20,10,29,2,07信義區,信義區基隆路2段39巷與基隆路2段39巷8弄口,0,0,1,1,B01,8,6,5,50,4,2,1,5,4,5,13,4,4,5,5,5,2,16,1,50,3,10,3,4,7,5,1,2,1,8,,74,,1,22,121.5590909,25.031114
113,1,20,10,29,2,07信義區,信義區基隆路2段39巷與基隆路2段39巷8弄口,0,0,1,2,C03,8,6,5,50,4,2,1,5,4,5,13,4,4,5,5,5,2,16,1,46,2,9,3,4,7,9,1,10,1,11,,44,,1,22,121.5590909,25.031114
113,1,20,10,30,2,09北投區,北投區豐年路2段與豐年路2段32巷口,0,0,3,1,C03,7,6,5,30,3,1,1,5,4,5,13,4,4,5,4,5,2,17,1,45,2,7,6,1,7,5,1,10,1,14,,8,,1,21,121.4957603,25.13553535
113,1,20,10,30,2,09北投區,北投區豐年路2段與豐年路2段32巷口,0,0,3,2,C03,7,6,5,30,3,1,1,5,4,5,13,4,4,5,4,5,2,17,1,24,2,9,6,1,7,9,1,10,1,12,,108,,1,21,121.4957603,25.13553535
113,1,20,10,30,2,09北投區,北投區豐年路2段與豐年路2段32巷口,0,0,3,3,H02,7,6,5,30,3,1,1,5,4,5,13,4,4,5,4,5,2,17,2,23,2,7,6,5,7,21,8,20,10,16,,67,,1,21,121.4957603,25.13553535
113,1,20,10,33,2,08士林區,士林區天母東路105巷與天母東路口,0,0,1,1,C04,7,6,5,50,3,1,1,5,4,5,13,2,1,1,4,5,2,13,2,39,2,9,6,1,7,9,1,10,2,11,,16,,1,21,121.5363953,25.1181004
113,1,20,10,33,2,08士林區,士林區天母東路105巷與天母東路口,0,0,1,2,B03,7,6,5,50,3,1,1,5,4,5,13,2,1,1,4,5,2,13,2,59,3,10,7,1,7,5,1,8,2,3,,8,,1,21,121.5363953,25.1181004
113,1,20,11,0,2,04大安區,大安區忠孝東路4段320號前,0,0,1,1,B12,8,7,5,0,14,9,1,5,4,5,13,4,4,8,3,5,1,12,1,49,3,10,7,1,7,8,1,8,11,15,,100,,2,21,121.5574735,25.0411809
113,1,20,11,0,2,04大安區,大安區忠孝東路4段320號前,0,0,1,2,C03,8,7,5,0,14,9,1,5,4,5,13,4,4,8,3,5,1,12,1,29,2,9,5,1,7,9,1,10,1,14,,44,,1,26,121.5574735,25.0411809
113,1,20,12,0,2,02萬華區,萬華區堤外便道自行車道往南近3014012號燈桿,0,0,1,1,F01,7,6,7,50,14,23,1,5,4,5,13,4,4,10,3,5,1,8,1,52,2,9,3,4,7,9,8,20,9,12,,44,,1,22,121.4907369,25.0177753
113,1,20,12,0,2,02萬華區,萬華區堤外便道自行車道往南近3014012號燈桿,0,0,1,2,H01,7,6,7,50,14,23,1,5,4,5,13,4,4,10,3,5,1,8,1,48,3,10,4,5,8,17,8,20,10,16,,67,,1,22,121.4907369,25.0177753
113,1,20,12,11,2,06松山區,松山區三民路113巷1-3號,0,0,1,1,C03,8,5,5,50,14,9,1,5,4,5,13,4,4,1,3,5,2,12,1,58,2,9,5,1,7,9,1,10,1,14,,17,,1,22,121.5634278,25.0578272
113,1,20,12,11,2,06松山區,松山區三民路113巷1-3號,0,0,1,2,B03,8,5,5,50,14,9,1,5,4,5,13,4,4,1,3,5,2,12,2,56,3,10,7,1,7,9,1,8,1,2,,17,,1,22,121.5634278,25.0578272
113,1,20,12,16,2,06松山區,松山區八德路4段36巷與光復南路17巷口,0,0,1,1,F01,8,6,5,30,4,1,1,5,4,5,10,4,4,10,5,5,2,15,2,33,2,9,4,1,7,9,8,20,2,12,,4,,1,21,121.559226,25.0473605
113,1,20,12,16,2,06松山區,松山區八德路4段36巷與光復南路17巷口,0,0,1,2,B03,8,6,5,30,4,1,1,5,4,5,10,4,4,10,5,5,2,15,1,38,3,10,3,4,7,9,1,6,2,1,,44,,1,21,121.559226,25.0473605
113,1,20,12,16,2,06松山區,松山區八德路4段36巷與光復南路17巷口,0,0,1,3,B12,8,6,5,30,4,1,1,5,4,5,10,4,4,10,5,5,2,15,1,52,3,10,3,1,7,13,1,8,11,17,,38,,1,21,121.559226,25.0473605
113,1,20,12,23,2,09北投區,北投區立賢路168-1號,0,0,3,1,B03,7,6,5,50,14,9,1,5,4,5,13,3,1,1,4,5,1,16,1,58,2,9,7,1,7,1,1,8,1,1,,19,,1,21,121.5022576,25.11425314
113,1,20,12,23,2,09北投區,北投區立賢路168-1號,0,0,3,2,B12,7,6,5,50,14,9,1,5,4,5,13,3,1,1,4,5,1,16,1,39,2,9,7,1,7,9,1,8,1,1,,13,,1,21,121.5022576,25.11425314
113,1,20,12,23,2,09北投區,北投區立賢路168-1號,0,0,3,3,H02,7,6,5,50,14,9,1,5,4,5,13,3,1,1,4,5,1,16,1,39,2,9,7,5,7,20,8,20,10,16,,67,,1,21,121.5022576,25.11425314
113,1,20,12,41,2,07信義區,信義區信義路4段與基隆路1段口,0,0,2,1,B03,7,5,5,50,5,2,1,5,4,5,13,1,1,5,5,5,2,16,1,66,3,10,7,1,7,5,1,8,1,1,,44,,1,21,121.5597625,25.0331866
113,1,20,12,41,2,07信義區,信義區信義路4段與基隆路1段口,0,0,2,2,C03,7,5,5,50,5,2,1,5,4,5,13,1,1,5,5,5,2,16,1,63,2,9,5,1,7,5,1,10,1,13,,8,,1,21,121.5597625,25.0331866
113,1,20,12,41,2,07信義區,信義區信義路4段與基隆路1段口,0,0,2,3,H02,7,5,5,50,5,2,1,5,4,5,13,1,1,5,5,5,2,16,2,57,2,9,4,5,7,21,8,20,10,16,,67,,1,21,121.5597625,25.0331866
113,1,20,12,47,2,03中山區,中山區中山北路3段與農安街口,0,0,1,1,B03,8,5,5,50,4,1,1,5,4,5,13,1,1,4,3,4,1,17,1,29,3,10,7,1,7,5,1,8,1,8,,44,,1,21,121.5223523,25.0649629
113,1,20,12,47,2,03中山區,中山區中山北路3段與農安街口,0,0,1,2,C04,8,5,5,50,4,1,1,5,4,5,13,1,1,4,3,4,1,17,1,27,2,9,6,1,7,5,1,10,1,11,,8,,1,21,121.5223523,25.0649629
113,1,20,12,55,2,02萬華區,萬華區永福街與貴陽街2段96巷口,0,0,2,1,C03,8,6,5,30,4,1,1,5,4,5,13,4,4,10,5,5,2,15,2,20,2,9,6,1,7,9,1,10,1,11,,72,,1,21,121.5030685,25.03873844
113,1,20,12,55,2,02萬華區,萬華區永福街與貴陽街2段96巷口,0,0,2,2,C03,8,6,5,30,4,1,1,5,4,5,13,4,4,10,5,5,2,15,1,45,2,9,5,1,7,9,1,10,1,11,,108,,1,26,121.5030685,25.03873844
113,1,20,13,11,2,12內湖區,內湖區港墘路95巷3號附近,0,0,1,1,C03,7,6,5,30,14,9,1,5,4,5,13,4,4,10,5,5,1,2,1,52,4,11,3,4,7,9,7,19,11,15,,44,,2,21,121.5783573,25.0802329
113,1,20,13,11,2,12內湖區,內湖區港墘路95巷3號附近,0,0,1,2,H01,7,6,5,30,14,9,1,5,4,5,13,4,4,10,5,5,1,2,2,69,2,8,4,5,8,16,8,20,10,16,,67,,1,21,121.5783573,25.0802329
113,1,20,13,25,2,05中正區,中正區汀州路2段65號,0,0,1,1,C04,8,7,5,50,14,9,1,5,4,5,13,4,4,5,5,5,2,12,2,47,2,9,5,1,7,9,1,9,2,11,,108,,1,22,121.5160519,25.0258095
113,1,20,13,25,2,05中正區,中正區汀州路2段65號,0,0,1,2,C03,8,7,5,50,14,9,1,5,4,5,13,4,4,5,5,5,2,12,1,34,3,10,5,1,7,8,1,9,2,13,,100,,1,22,121.5160519,25.0258095
113,1,20,13,43,2,08士林區,士林區中正路與延平北路6段口,0,0,4,1,C03,8,6,5,50,4,2,1,5,4,5,13,1,1,9,4,5,2,17,1,43,2,9,5,1,7,5,1,10,2,11,,8,,1,21,121.5092205,25.08685809
113,1,20,13,43,2,08士林區,士林區中正路與延平北路6段口,0,0,4,2,C03,8,6,5,50,4,2,1,5,4,5,13,1,1,9,4,5,2,17,1,37,2,8,5,1,7,9,1,10,2,12,,44,,1,21,121.5092205,25.08685809
113,1,20,13,43,2,08士林區,士林區中正路與延平北路6段口,0,0,4,3,C03,8,6,5,50,4,2,1,5,4,5,13,1,1,9,4,5,2,17,2,55,2,9,5,1,7,9,1,11,2,11,,108,,1,21,121.5092205,25.08685809
113,1,20,13,43,2,08士林區,士林區中正路與延平北路6段口,0,0,4,4,H02,8,6,5,50,4,2,1,5,4,5,13,1,1,9,4,5,2,17,2,39,2,8,5,5,7,20,8,20,10,16,,67,,1,21,121.5092205,25.08685809
113,1,20,13,51,2,12內湖區,內湖區康寧路3段75巷218弄與康寧路3段75巷口,0,0,1,1,B03,8,6,5,30,3,1,1,5,4,5,13,3,1,10,5,5,2,15,2,57,3,10,7,1,7,1,1,8,1,5,,80,,1,21,121.6141843,25.07653778
113,1,20,13,51,2,12內湖區,內湖區康寧路3段75巷218弄與康寧路3段75巷口,0,0,1,2,C03,8,6,5,30,3,1,1,5,4,5,13,3,1,10,5,5,2,15,2,59,2,9,5,1,7,9,3,18,1,12,,108,,1,21,121.6141843,25.07653778
113,1,20,13,54,2,07信義區,信義區大道路與忠孝東路5段790巷24弄口,0,0,2,1,C03,8,6,5,50,4,2,1,5,4,5,13,4,4,9,5,5,2,16,2,50,2,9,3,4,7,5,1,10,1,14,,8,,1,21,121.581927,25.0419366