發生年度,發生月,發生日,發生時-Hours,發生分,處理別-編號,區序,肇事地點,死亡人數,2-30日死亡人數,受傷人數,當事人序號,車種,天候,道路照明設備,道路類別,速限-速度限制,道路型態,事故位置,路面狀況1,路面狀況2,路面狀況3,道路障礙1,道路障礙2,號誌1,號誌2,車道劃分-分向,車道劃分-分道1,車道劃分-分道2,車道劃分-分道3,事故類型及型態,性別,年齡,受傷程度,主要傷處,保護裝置,行動電話,車輛用途,當事者行動狀態,駕駛資格情形,駕駛執照種類,飲酒情形,車輛撞擊部位1,車輛撞擊部位2,肇因碼-個別,肇因碼-主要,個人肇逃否,職業,座標-X,座標-Y
113,1,20,13,54,2,07信義區,信義區大道路與忠孝東路5段790巷24弄口,0,0,2,2,C03,8,6,5,50,4,2,1,5,4,5,13,4,4,9,5,5,2,16,2,26,3,10,3,4,7,9,1,10,1,12,,14,,1,21,121.581927,25.0419366
113,1,20,13,54,2,07信義區,信義區大道路與忠孝東路5段790巷24弄口,0,0,2,3,H02,8,6,5,50,4,2,1,5,4,5,13,4,4,9,5,5,2,16,1,11,2,9,3,5,7,20,8,20,10,16,,67,,1,14,121.581927,25.0419366
113,1,20,14,25,2,03中山區,中山區農安街6號,0,0,1,1,B01,8,5,5,50,14,9,1,5,4,5,13,4,4,9,4,5,2,12,1,52,3,10,3,4,7,1,1,4,1,8,,19,,1,21,121.521486,25.06646816
113,1,20,14,25,2,03中山區,中山區農安街6號,0,0,1,2,C03,8,5,5,50,14,9,1,5,4,5,13,4,4,9,4,5,2,12,2,23,2,9,3,4,7,9,1,10,1,12,,44,,1,21,121.521486,25.06646816
113,1,20,14,30,2,03中山區,中山區中山北路2段與中山北路2段44巷口,0,0,1,1,B12,7,5,5,50,4,1,1,5,4,5,13,1,1,1,3,5,1,17,1,37,3,10,3,4,7,6,1,4,1,5,,9,,1,21,121.522581,25.0549454
113,1,20,14,30,2,03中山區,中山區中山北路2段與中山北路2段44巷口,0,0,1,2,C03,7,5,5,50,4,1,1,5,4,5,13,1,1,1,3,5,1,17,1,63,2,8,6,4,7,6,1,10,1,11,,107,,1,21,121.522581,25.0549454
113,1,20,15,3,2,11南港區,南港區南港路2段與興南街口,0,0,1,1,B03,8,6,5,50,3,1,1,5,4,5,13,2,1,5,4,4,2,15,1,50,3,10,3,4,7,11,1,8,2,1,,10,,1,21,121.5979707,25.0541772
113,1,20,15,3,2,11南港區,南港區南港路2段與興南街口,0,0,1,2,C03,8,6,5,50,3,1,1,5,4,5,13,2,1,5,4,4,2,15,1,23,2,9,3,4,7,9,1,10,1,11,,44,,1,21,121.5979707,25.0541772
113,1,20,15,3,2,11南港區,南港區南港路2段與興南街口,0,0,1,3,B01,8,6,5,50,3,1,1,5,4,5,13,2,1,5,4,4,2,15,1,41,3,10,3,4,7,14,1,4,1,17,,38,,1,21,121.5979707,25.0541772
113,1,20,15,31,2,10文山區,文山區汀州路4段與基隆路4段口,0,0,1,1,B03,8,6,5,50,5,18,1,5,4,5,13,2,1,1,4,1,2,9,1,71,3,10,7,1,7,5,1,8,11,17,,70,,1,21,121.536445,25.0109338
113,1,20,15,31,2,10文山區,文山區汀州路4段與基隆路4段口,0,0,1,2,H01,8,6,5,50,5,18,1,5,4,5,13,2,1,1,4,1,2,9,2,74,2,9,4,5,8,16,8,20,10,16,,67,,1,21,121.536445,25.0109338
113,1,20,15,32,2,05中正區,中正區羅斯福路3段90號,0,0,1,1,C03,7,7,5,50,14,9,1,5,4,5,13,4,4,1,4,5,2,12,1,24,2,7,5,1,7,8,1,10,1,14,,100,,1,22,121.5267279,25.0218434
113,1,20,15,32,2,05中正區,中正區羅斯福路3段90號,0,0,1,2,B03,7,7,5,50,14,9,1,5,4,5,13,4,4,1,4,5,2,12,2,53,3,10,7,1,7,9,1,8,1,6,,44,,1,22,121.5267279,25.0218434
113,1,20,15,59,2,03中山區,中山區新生北路2段與錦州街口橋上,0,0,1,1,C03,8,6,5,50,4,1,1,5,4,5,13,1,1,5,4,5,2,12,1,29,3,10,6,1,7,9,1,10,1,12,,108,,1,22,121.5278357,25.06034254
113,1,20,15,59,2,03中山區,中山區新生北路2段與錦州街口橋上,0,0,1,2,C03,8,6,5,50,4,1,1,5,4,5,13,1,1,5,4,5,2,12,1,72,2,7,5,1,7,1,1,10,1,14,,19,,1,22,121.5278357,25.06034254
113,1,20,16,2,2,06松山區,松山區敦化北路與民權東路3段口,0,0,2,1,C03,8,6,5,50,4,1,1,5,4,5,13,1,1,5,4,1,2,16,1,48,2,9,6,1,7,5,1,10,1,12,,96,,1,21,121.5505661,25.06165375
113,1,20,16,2,2,06松山區,松山區敦化北路與民權東路3段口,0,0,2,2,B02,8,6,5,50,4,1,1,5,4,5,13,1,1,5,4,1,2,16,1,30,3,10,7,1,7,9,1,4,1,1,,44,,1,21,121.5505661,25.06165375
113,1,20,16,2,2,06松山區,松山區敦化北路與民權東路3段口,0,0,2,3,H02,8,6,5,50,4,1,1,5,4,5,13,1,1,5,4,1,2,16,1,9,2,9,6,5,7,21,8,20,10,16,,67,,1,14,121.5505661,25.06165375
113,1,20,16,58,2,10文山區,文山區福興路與福興路63巷口,0,0,2,1,C03,8,6,5,30,4,1,1,5,4,5,13,4,4,10,5,5,2,16,1,77,2,8,5,1,7,5,1,10,1,12,,74,,1,21,121.5501527,25.0035507
113,1,20,16,58,2,10文山區,文山區福興路與福興路63巷口,0,0,2,2,C03,8,6,5,30,4,1,1,5,4,5,13,4,4,10,5,5,2,16,1,30,2,9,5,1,7,9,1,10,1,11,,14,,1,21,121.5501527,25.0035507
113,1,20,16,58,2,10文山區,文山區福興路與福興路63巷口,0,0,2,3,B12,8,6,5,30,4,1,1,5,4,5,13,4,4,10,5,5,2,16,1,49,3,10,7,1,7,13,1,8,11,17,,38,,1,21,121.5501527,25.0035507
113,1,20,17,39,2,01大同區,大同區環河北路1段171號,0,0,1,1,C03,7,5,5,50,14,9,1,5,4,5,13,4,4,10,4,5,2,12,1,59,2,8,5,1,7,8,1,10,1,12,,100,,1,21,121.5079276,25.05553256
113,1,20,17,39,2,01大同區,大同區環河北路1段171號,0,0,1,2,B03,7,5,5,50,14,9,1,5,4,5,13,4,4,10,4,5,2,12,1,47,3,10,3,4,7,9,1,8,1,8,,17,,1,21,121.5079276,25.05553256
113,1,20,17,39,2,01大同區,大同區環河北路1段171號,0,0,1,3,B03,7,5,5,50,14,9,1,5,4,5,13,4,4,10,4,5,2,12,2,34,3,10,3,4,7,8,1,8,1,5,,44,,1,21,121.5079276,25.05553256
113,1,20,18,12,2,06松山區,松山區長春路339巷與長春路口,0,0,1,1,B03,7,5,5,30,4,18,1,5,4,5,13,4,4,10,5,5,2,3,2,72,3,10,7,1,7,5,1,8,1,1,,70,,1,21,121.5447913,25.0545445
113,1,20,18,12,2,06松山區,松山區長春路339巷與長春路口,0,0,1,2,H01,7,5,5,30,4,18,1,5,4,5,13,4,4,10,5,5,2,3,2,50,2,8,4,5,8,16,8,20,1,16,,67,,1,21,121.5447913,25.0545445
113,1,20,18,14,2,06松山區,松山區新東街3巷與延壽街119巷口口,0,0,1,1,B03,8,5,5,30,4,18,1,5,4,5,13,4,4,10,5,5,2,9,1,64,3,10,7,1,7,5,1,8,11,8,,70,,1,21,121.5648071,25.0574937
113,1,20,18,14,2,06松山區,松山區新東街3巷與延壽街119巷口口,0,0,1,2,H01,8,5,5,30,4,18,1,5,4,5,13,4,4,10,5,5,2,9,2,65,2,9,4,5,8,16,8,20,10,16,,67,,1,21,121.5648071,25.0574937
113,1,20,18,52,2,09北投區,北投區大度路與中央北路4段口,0,0,1,1,C03,8,5,5,50,4,1,1,5,4,5,13,1,1,3,4,3,2,12,2,23,2,7,3,4,7,15,1,10,1,14,,100,,1,22,121.4646393,25.1238166
113,1,20,18,52,2,09北投區,北投區大度路與中央北路4段口,0,0,1,2,B13,8,5,5,50,4,1,1,5,4,5,13,1,1,3,4,3,2,12,1,41,3,10,3,4,7,9,1,8,1,2,,44,,1,21,121.4646393,25.1238166
113,1,20,18,58,2,12內湖區,內湖區新明路與新明路321巷口,0,0,1,1,C03,8,5,5,50,3,4,1,5,4,5,13,2,1,9,4,4,2,16,1,64,3,10,5,4,7,5,1,10,11,17,,8,,2,21,121.5844548,25.05691734
113,1,20,18,58,2,12內湖區,內湖區新明路與新明路321巷口,0,0,1,2,C03,8,5,5,50,3,4,1,5,4,5,13,2,1,9,4,4,2,16,2,30,2,9,6,1,7,9,1,10,2,17,,44,,1,21,121.5844548,25.05691734
113,1,20,19,30,2,03中山區,中山區吉林路與新生北路2段149巷口,0,0,1,1,B03,7,5,5,50,4,1,1,5,4,5,13,4,4,9,4,5,2,16,1,43,3,10,3,4,7,11,1,8,1,8,,10,,1,21,121.5302746,25.0620005
113,1,20,19,30,2,03中山區,中山區吉林路與新生北路2段149巷口,0,0,1,2,C03,7,5,5,50,4,1,1,5,4,5,13,4,4,9,4,5,2,16,1,26,2,9,6,4,7,9,1,10,1,12,,14,,1,21,121.5302746,25.0620005
113,1,20,20,30,2,12內湖區,內湖區成功路3段174巷與成功路4段口,0,0,2,1,C03,7,5,5,50,4,1,1,5,4,5,13,2,1,1,4,5,1,12,1,66,2,8,6,1,7,7,1,10,2,14,,100,,1,22,121.5909701,25.080857
113,1,20,20,30,2,12內湖區,內湖區成功路3段174巷與成功路4段口,0,0,2,2,C03,7,5,5,50,4,1,1,5,4,5,13,2,1,1,4,5,1,12,1,23,2,8,6,1,7,9,1,10,1,12,,44,,1,22,121.5909701,25.080857
113,1,20,21,9,2,10文山區,文山區木新路3段與木新路3段310巷口,0,0,2,1,C03,7,5,5,50,4,1,1,5,4,5,13,1,1,10,5,5,2,16,1,73,2,8,5,1,7,5,1,10,1,11,,71,,1,21,121.5572166,24.9808906
113,1,20,21,9,2,10文山區,文山區木新路3段與木新路3段310巷口,0,0,2,2,C03,7,5,5,50,4,1,1,5,4,5,13,1,1,10,5,5,2,16,1,20,2,9,5,1,7,9,1,10,1,11,,44,,1,21,121.5572166,24.9808906
113,1,20,21,9,2,10文山區,文山區木新路3段與木新路3段310巷口,0,0,2,3,B13,7,5,5,50,4,1,1,5,4,5,13,1,1,10,5,5,2,16,1,35,3,10,3,1,7,13,1,8,9,6,,44,,1,21,121.5572166,24.9808906
113,1,20,21,43,2,03中山區,中山區大直街與北安路口,0,0,1,1,B03,7,5,5,50,4,2,1,5,4,5,13,1,1,1,3,5,1,12,1,49,3,10,7,1,7,8,1,8,1,2,,17,,1,21,121.5461839,25.07900217
113,1,20,21,43,2,03中山區,中山區大直街與北安路口,0,0,1,2,C03,7,5,5,50,4,2,1,5,4,5,13,1,1,1,3,5,1,12,2,31,2,7,6,1,7,9,1,10,1,14,,44,,1,21,121.5461839,25.07900217
113,1,20,22,35,2,08士林區,士林區中山北路5段與劍潭路口,0,0,1,1,B01,8,5,5,50,3,2,1,5,4,5,13,2,1,1,4,5,1,17,1,43,3,10,7,1,7,6,1,4,1,5,,9,,1,21,121.5253529,25.0842343
113,1,20,22,35,2,08士林區,士林區中山北路5段與劍潭路口,0,0,1,2,C03,8,5,5,50,3,2,1,5,4,5,13,2,1,1,4,5,1,17,1,24,2,9,5,1,7,9,1,10,1,14,,13,,1,21,121.5253529,25.0842343
113,1,20,22,45,2,10文山區,文山區木新路3段與木新路3段95巷口,0,0,1,1,C03,8,5,5,50,14,9,1,5,4,5,13,4,4,5,5,4,2,16,1,54,2,9,6,1,7,5,1,10,2,12,,74,,1,21,121.5628657,24.98217198
113,1,20,22,45,2,10文山區,文山區木新路3段與木新路3段95巷口,0,0,1,2,C03,8,5,5,50,14,9,1,5,4,5,13,4,4,5,5,4,2,16,1,24,2,9,6,1,7,9,1,10,2,11,12,108,,1,21,121.5628657,24.98217198
113,1,21,6,15,2,01大同區,大同區重慶北路3段與民族西路口,0,0,2,1,C03,6,5,5,50,4,1,1,4,4,5,13,2,1,1,2,5,2,15,1,23,2,9,3,4,7,9,3,18,7,11,,21,,1,21,121.5138429,25.0686899
113,1,21,6,15,2,01大同區,大同區重慶北路3段與民族西路口,0,0,2,2,B01,6,5,5,50,4,1,1,4,4,5,13,2,1,1,2,5,2,15,1,61,3,10,3,4,7,9,1,4,2,2,,42,,1,21,121.5138429,25.0686899
113,1,21,6,15,2,01大同區,大同區重慶北路3段與民族西路口,0,0,2,3,H02,6,5,5,50,4,1,1,4,4,5,13,2,1,1,2,5,2,15,1,26,2,9,3,5,7,20,8,20,10,16,,60,,1,21,121.5138429,25.0686899
113,1,21,6,17,2,05中正區,中正區忠孝東路2段與八德路1段口,0,0,1,1,C03,6,5,5,50,3,2,1,4,4,5,13,2,1,3,4,4,2,17,1,31,2,9,5,1,7,9,1,10,2,12,,16,,1,22,121.5286866,25.04339324
113,1,21,6,17,2,05中正區,中正區忠孝東路2段與八德路1段口,0,0,1,2,B02,6,5,5,50,3,2,1,4,4,5,13,2,1,3,4,4,2,17,1,56,3,10,7,1,7,12,1,8,2,6,,44,,1,22,121.5286866,25.04339324
113,1,21,6,30,1,08士林區,士林區福華路與福華路157巷口,1,0,0,1,B12,6,6,5,50,3,2,1,4,4,5,13,4,4,10,4,5,2,3,1,43,3,10,7,1,7,9,1,8,2,1,,70,,1,21,121.5221685,25.10374934
113,1,21,6,30,1,08士林區,士林區福華路與福華路157巷口,1,0,0,2,H01,6,6,5,50,3,2,1,4,4,5,13,4,4,10,4,5,2,3,2,62,1,9,4,5,8,20,8,20,10,16,,67,,1,21,121.5221685,25.10374934
113,1,21,6,49,2,06松山區,松山區新中街與新中街52巷口口,0,0,2,1,C03,6,5,5,50,4,2,1,4,4,5,13,4,4,8,4,5,2,16,1,57,2,9,5,1,7,5,1,9,1,11,,74,,1,22,121.5602434,25.0614007
113,1,21,6,49,2,06松山區,松山區新中街與新中街52巷口口,0,0,2,2,C03,6,5,5,50,4,2,1,4,4,5,13,4,4,8,4,5,2,16,2,46,2,9,5,1,7,9,1,10,1,11,,44,,1,22,121.5602434,25.0614007
113,1,21,7,37,2,05中正區,中正區廈門街與廈門街135巷口,0,0,1,1,B03,6,6,5,30,3,1,1,4,4,5,13,4,4,9,5,5,2,17,1,31,2,1,7,1,7,5,1,8,2,4,,8,,1,21,121.5174208,25.0222313
113,1,21,7,37,2,05中正區,中正區廈門街與廈門街135巷口,0,0,1,2,B03,6,6,5,30,3,1,1,4,4,5,13,4,4,9,5,5,2,17,1,54,3,10,7,1,7,9,3,18,2,5,,14,,1,21,121.5174208,25.0222313
113,1,21,7,40,2,07信義區,信義區福德街221巷240號,0,0,1,1,C03,8,7,5,30,14,9,1,5,4,5,13,4,4,10,5,5,2,18,2,44,2,9,3,4,7,9,1,10,9,12,,44,,1,21,121.5863954,25.0309576
113,1,21,7,40,2,07信義區,信義區福德街221巷240號,0,0,1,2,,8,7,5,30,14,9,1,5,4,5,13,4,4,10,5,5,2,18,3,0,,,,,,,,,,,,67,,1,,121.5863954,25.0309576
113,1,21,8,2,2,02萬華區,萬華區中華路1段與桂林路口,0,0,4,1,B01,6,5,5,50,5,1,1,4,4,5,13,1,1,1,3,1,1,15,1,51,2,9,7,1,7,9,1,4,2,2,,81,,1,21,121.5068628,25.0375423
113,1,21,8,2,2,02萬華區,萬華區中華路1段與桂林路口,0,0,4,2,B03,6,5,5,50,5,1,1,4,4,5,13,1,1,1,3,1,1,15,1,31,2,8,7,1,7,9,1,1,2,1,,44,,1,21,121.5068628,25.0375423
113,1,21,8,2,2,02萬華區,萬華區中華路1段與桂林路口,0,0,4,3,H02,6,5,5,50,5,1,1,4,4,5,13,1,1,1,3,1,1,15,2,23,2,9,7,5,7,20,8,20,10,16,,67,,1,21,121.5068628,25.0375423
113,1,21,8,2,2,02萬華區,萬華區中華路1段與桂林路口,0,0,4,4,H02,6,5,5,50,5,1,1,4,4,5,13,1,1,1,3,1,1,15,1,19,2,8,7,5,7,20,8,20,10,16,,67,,1,22,121.5068628,25.0375423
113,1,21,8,25,2,10文山區,文山區木柵路1段與木柵路1段70巷口,0,0,1,1,B01,6,5,5,50,4,1,1,4,4,5,13,2,1,10,5,5,1,17,2,42,3,10,7,1,7,11,1,4,1,3,,10,,1,21,121.5487692,24.987288
113,1,21,8,25,2,10文山區,文山區木柵路1段與木柵路1段70巷口,0,0,1,2,C03,6,5,5,50,4,1,1,4,4,5,13,2,1,10,5,5,1,17,1,23,2,8,6,1,7,9,1,10,1,11,,42,,1,21,121.5487692,24.987288
113,1,21,8,55,2,03中山區,中山區建國北路2段與長春路口,0,0,1,1,B03,6,6,5,50,14,8,1,4,4,5,13,2,1,1,5,5,1,17,1,54,3,10,3,4,7,7,1,8,2,15,,100,,1,21,121.5366263,25.05499028
113,1,21,8,55,2,03中山區,中山區建國北路2段與長春路口,0,0,1,2,C03,6,6,5,50,14,8,1,4,4,5,13,2,1,1,5,5,1,17,1,26,2,7,3,4,7,9,1,10,2,14,,44,,1,21,121.5366263,25.05499028
113,1,21,9,37,2,03中山區,中山區錦州街與民權東路2段92巷口,0,0,2,1,C03,6,6,5,30,4,1,1,4,4,5,13,4,4,10,5,5,2,15,1,30,2,8,5,1,7,9,1,10,1,11,12,72,,1,21,121.5317008,25.06035135
113,1,21,9,37,2,03中山區,中山區錦州街與民權東路2段92巷口,0,0,2,2,C03,6,6,5,30,4,1,1,4,4,5,13,4,4,10,5,5,2,15,1,22,2,9,5,1,7,9,1,10,1,11,12,13,,1,21,121.5317008,25.06035135
113,1,21,9,39,2,09北投區,北投區大業路與育仁路口,0,0,1,1,B03,6,6,5,50,4,1,1,4,4,5,13,1,1,10,5,5,2,16,1,63,3,10,7,1,7,6,1,8,2,5,,9,,1,21,121.5009452,25.1370079
113,1,21,9,39,2,09北投區,北投區大業路與育仁路口,0,0,1,2,C03,6,6,5,50,4,1,1,4,4,5,13,1,1,10,5,5,2,16,1,18,2,9,5,1,7,9,1,10,2,14,,44,,1,21,121.5009452,25.1370079
113,1,21,9,51,2,08士林區,士林區天母西路62巷與天母橋口,0,0,1,1,B03,6,7,5,30,4,1,1,4,4,5,13,4,4,10,5,5,2,15,1,72,3,10,3,4,7,9,1,8,2,1,,72,,1,21,121.5257027,25.11376566
113,1,21,9,51,2,08士林區,士林區天母西路62巷與天母橋口,0,0,1,2,C03,6,7,5,30,4,1,1,4,4,5,13,4,4,10,5,5,2,15,2,68,2,9,6,1,7,9,1,10,2,12,,44,,1,21,121.5257027,25.11376566
113,1,21,11,37,2,08士林區,士林區克強路10巷與克強路口,0,0,1,1,C03,7,5,5,50,3,1,1,5,4,5,13,4,4,5,5,5,2,3,1,33,3,10,3,4,7,9,1,10,1,11,,70,,1,22,121.524472,25.10881515
113,1,21,11,37,2,08士林區,士林區克強路10巷與克強路口,0,0,1,2,H01,7,5,5,50,3,1,1,5,4,5,13,4,4,5,5,5,2,3,1,6,2,7,4,5,8,18,8,20,10,16,,54,,1,22,121.524472,25.10881515
113,1,21,11,37,2,08士林區,士林區克強路10巷與克強路口,0,0,1,3,B03,7,5,5,50,3,1,1,5,4,5,13,4,4,5,5,5,2,3,1,42,3,10,3,4,7,13,1,8,1,17,,38,,1,22,121.524472,25.10881515
113,1,21,12,1,2,03中山區,中山區八德路2段199巷與建國北路1段23巷口,0,0,2,1,C03,7,5,5,30,4,1,1,5,4,5,13,4,4,10,5,5,2,17,1,37,2,9,3,4,7,9,1,10,1,12,,80,,1,21,121.5390516,25.0473122
113,1,21,12,1,2,03中山區,中山區八德路2段199巷與建國北路1段23巷口,0,0,2,2,C03,7,5,5,30,4,1,1,5,4,5,13,4,4,10,5,5,2,17,1,40,2,5,3,4,7,9,1,10,1,11,,14,,1,21,121.5390516,25.0473122
113,1,21,12,37,2,07信義區,信義區基隆路2段與基隆路2段39巷口口,0,0,1,1,C03,7,7,5,50,3,2,1,5,4,5,13,4,4,5,5,5,2,18,1,18,2,9,6,1,7,9,1,10,1,14,,44,,1,21,121.5586764,25.03138
113,1,21,12,37,2,07信義區,信義區基隆路2段與基隆路2段39巷口口,0,0,1,2,,7,7,5,50,3,2,1,5,4,5,13,4,4,5,5,5,2,18,3,0,,,,,,,,,,,,67,,1,,121.5586764,25.03138
113,1,21,12,51,2,02萬華區,萬華區東園街與長泰街口,0,0,2,1,C03,8,6,5,40,4,1,1,5,4,5,13,2,1,5,5,5,2,16,1,61,2,9,6,1,7,7,1,11,1,14,,100,,1,26,121.4981502,25.0222912
113,1,21,12,51,2,02萬華區,萬華區東園街與長泰街口,0,0,2,2,C03,8,6,5,40,4,1,1,5,4,5,13,2,1,5,5,5,2,16,2,64,2,9,6,1,7,9,3,18,1,12,,4,,1,26,121.4981502,25.0222912
113,1,21,12,59,2,07信義區,信義區大道路與忠孝東路5段790巷24弄口,0,0,1,1,C04,7,6,6,30,4,2,1,4,4,5,13,4,4,9,5,5,2,16,2,37,2,9,2,4,7,6,1,11,1,12,,14,,1,22,121.5819476,25.0418233
113,1,21,12,59,2,07信義區,信義區大道路與忠孝東路5段790巷24弄口,0,0,1,2,B03,7,6,6,30,4,2,1,4,4,5,13,4,4,9,5,5,2,16,1,40,3,10,3,4,7,9,1,8,1,4,,44,,1,21,121.5819476,25.0418233
113,1,21,13,38,2,03中山區,中山區建國北路2段216號前,0,0,1,1,B12,7,5,5,50,14,9,1,5,4,5,13,4,4,1,4,5,2,17,1,46,3,10,3,4,7,14,1,8,1,4,,44,,1,27,121.5366774,25.0599469
113,1,21,13,38,2,03中山區,中山區建國北路2段216號前,0,0,1,2,C03,7,5,5,50,14,9,1,5,4,5,13,4,4,1,4,5,2,17,2,36,2,9,3,4,7,9,1,10,1,12,,44,,1,21,121.5366774,25.0599469
113,1,21,13,38,2,03中山區,中山區建國北路2段216號前,0,0,1,3,B03,7,5,5,50,14,9,1,5,4,5,13,4,4,1,4,5,2,17,1,47,3,10,3,4,7,14,1,8,1,6,,44,,1,21,121.5366774,25.0599469
113,1,21,14,2,2,12內湖區,內湖區金龍路與金龍路13巷口,0,0,1,1,C03,6,7,5,50,3,1,1,4,4,5,13,4,4,9,4,4,2,17,1,44,3,10,6,1,7,14,1,10,2,17,,80,,1,21,121.5947512,25.08448707
113,1,21,14,2,2,12內湖區,內湖區金龍路與金龍路13巷口,0,0,1,2,C03,6,7,5,50,3,1,1,4,4,5,13,4,4,9,4,4,2,17,1,21,2,9,6,1,7,9,1,9,2,17,,14,,1,21,121.5947512,25.08448707
113,1,21,14,8,2,11南港區,南港區興中路與興中路28巷口,0,0,1,1,B03,8,6,5,50,3,2,1,5,4,5,13,4,4,4,5,5,2,12,1,55,3,10,3,4,7,11,1,8,1,8,,74,,1,21,121.6072206,25.0556923
113,1,21,14,8,2,11南港區,南港區興中路與興中路28巷口,0,0,1,2,C03,8,6,5,50,3,2,1,5,4,5,13,4,4,4,5,5,2,12,2,28,2,7,3,4,7,9,1,10,1,11,,16,,1,21,121.6072206,25.0556923
113,1,21,15,7,2,02萬華區,萬華區萬大路與艋舺大道口,0,0,2,1,B03,8,7,5,50,4,1,1,5,4,5,13,1,1,9,4,5,2,17,1,62,3,10,7,1,7,5,1,8,1,6,,71,,1,21,121.5005768,25.0329425
113,1,21,15,7,2,02萬華區,萬華區萬大路與艋舺大道口,0,0,2,2,C03,8,7,5,50,4,1,1,5,4,5,13,1,1,9,4,5,2,17,2,23,2,9,5,1,7,9,1,10,1,11,,16,,1,21,121.5005768,25.0329425
113,1,21,15,7,2,02萬華區,萬華區萬大路與艋舺大道口,0,0,2,3,C03,8,7,5,50,4,1,1,5,4,5,13,1,1,9,4,5,2,17,1,65,2,9,5,1,7,9,1,10,1,13,12,44,,1,21,121.5005768,25.0329425
113,1,21,15,10,2,05中正區,中正區仁愛路1段與杭州南路1段口,0,0,2,1,C03,7,6,5,50,4,1,1,5,4,5,13,1,1,1,4,1,2,16,1,54,2,5,6,1,7,5,6,10,2,13,,27,,1,21,121.5251679,25.03833277
113,1,21,15,10,2,05中正區,中正區仁愛路1段與杭州南路1段口,0,0,2,2,C03,7,6,5,50,4,1,1,5,4,5,13,1,1,1,4,1,2,16,1,55,2,9,6,1,7,9,1,10,2,11,,108,,1,21,121.5251679,25.03833277
113,1,21,15,22,2,05中正區,中正區忠孝東路1段與紹興北街口,0,0,2,1,C03,8,7,5,50,4,2,1,5,4,5,13,1,1,3,3,5,2,12,2,32,2,8,5,1,7,7,1,10,2,14,,100,,1,26,121.5248335,25.0445046
113,1,21,15,22,2,05中正區,中正區忠孝東路1段與紹興北街口,0,0,2,2,A02,8,7,5,50,4,2,1,5,4,5,13,1,1,3,3,5,2,12,1,56,3,10,7,1,7,9,1,2,2,2,,44,,1,26,121.5248335,25.0445046
113,1,21,15,22,2,05中正區,中正區忠孝東路1段與紹興北街口,0,0,2,3,B03,8,7,5,50,4,2,1,5,4,5,13,1,1,3,3,5,2,12,1,28,3,10,2,1,7,9,1,8,2,3,,44,,1,26,121.5248335,25.0445046
113,1,21,15,22,2,05中正區,中正區忠孝東路1段與紹興北街口,0,0,2,4,H02,8,7,5,50,4,2,1,5,4,5,13,1,1,3,3,5,2,12,2,22,2,8,5,5,7,20,8,20,10,16,,67,,1,21,121.5248335,25.0445046
113,1,21,15,37,2,05中正區,中正區貴陽街1段與重慶南路1段口,0,0,1,1,C03,7,6,5,50,4,1,1,5,4,5,13,1,1,10,5,5,2,18,1,73,2,9,5,1,7,9,1,10,2,17,,44,,1,22,121.5127696,25.0388137
113,1,21,15,37,2,05中正區,中正區貴陽街1段與重慶南路1段口,0,0,1,2,,7,6,5,50,4,1,1,5,4,5,13,1,1,10,5,5,2,18,3,0,,,,,,,,,,,,67,,1,,121.5127696,25.0388137
113,1,21,17,52,2,08士林區,士林區堤外便道與通河西街1段越堤坡道口(百齡左岸076燈桿前),0,0,1,1,C04,7,6,5,30,3,2,1,5,4,5,13,4,4,10,5,5,2,17,2,25,2,8,5,1,7,5,1,10,1,14,,72,,1,21,121.5126559,25.08589943
113,1,21,17,52,2,08士林區,士林區堤外便道與通河西街1段越堤坡道口(百齡左岸076燈桿前),0,0,1,2,B01,7,6,5,30,3,2,1,5,4,5,13,4,4,10,5,5,2,17,1,59,3,10,7,1,7,9,1,4,1,1,,14,,1,21,121.5126559,25.08589943
113,1,21,17,58,2,11南港區,南港區南深路31號,0,0,2,1,C03,6,5,5,50,14,9,1,4,4,5,13,4,4,5,5,5,2,16,1,19,3,10,3,4,7,5,1,10,1,14,,8,,1,21,121.6215529,25.0377576
113,1,21,17,58,2,11南港區,南港區南深路31號,0,0,2,2,C03,6,5,5,50,14,9,1,4,4,5,13,4,4,5,5,5,2,16,1,36,2,8,3,4,7,9,1,10,1,12,,44,,1,21,121.6215529,25.0377576
113,1,21,17,58,2,11南港區,南港區南深路31號,0,0,2,3,H02,6,5,5,50,14,9,1,4,4,5,13,4,4,5,5,5,2,16,1,19,2,9,3,5,7,20,8,20,10,16,,67,,1,21,121.6215529,25.0377576
113,1,21,18,33,2,12內湖區,內湖區陽光街與江南街71巷口,0,0,2,1,C03,7,5,5,50,3,1,1,5,4,5,13,4,4,5,4,5,2,13,1,34,2,9,5,1,7,9,1,10,1,11,,107,,1,21,121.5795429,25.0738756
113,1,21,18,33,2,12內湖區,內湖區陽光街與江南街71巷口,0,0,2,2,C03,7,5,5,50,3,1,1,5,4,5,13,4,4,5,4,5,2,13,1,42,2,9,5,1,7,14,1,10,1,12,,44,,1,21,121.5795429,25.0738756
113,1,21,19,4,2,07信義區,信義區信義路5段150巷14弄與松仁路口,0,0,1,1,B01,6,5,5,50,4,2,1,4,4,5,13,2,1,9,4,5,2,17,1,28,3,10,7,1,7,6,1,4,1,2,,4,,1,21,121.5683784,25.0286258