發生年度,發生月,發生日,發生時-Hours,發生分,處理別-編號,區序,肇事地點,死亡人數,2-30日死亡人數,受傷人數,當事人序號,車種,天候,道路照明設備,道路類別,速限-速度限制,道路型態,事故位置,路面狀況1,路面狀況2,路面狀況3,道路障礙1,道路障礙2,號誌1,號誌2,車道劃分-分向,車道劃分-分道1,車道劃分-分道2,車道劃分-分道3,事故類型及型態,性別,年齡,受傷程度,主要傷處,保護裝置,行動電話,車輛用途,當事者行動狀態,駕駛資格情形,駕駛執照種類,飲酒情形,車輛撞擊部位1,車輛撞擊部位2,肇因碼-個別,肇因碼-主要,個人肇逃否,職業,座標-X,座標-Y
113,1,21,19,4,2,07信義區,信義區信義路5段150巷14弄與松仁路口,0,0,1,2,C03,6,5,5,50,4,2,1,4,4,5,13,2,1,9,4,5,2,17,1,45,2,8,6,1,7,9,1,9,1,12,,44,,1,21,121.5683784,25.0286258
113,1,21,19,20,2,01大同區,大同區民權西路與民權西路225巷口口,0,0,1,1,B01,8,5,5,50,4,1,1,5,4,5,13,2,1,8,3,5,2,16,1,57,3,10,7,1,7,1,1,4,1,8,,19,,1,21,121.5121738,25.0630899
113,1,21,19,20,2,01大同區,大同區民權西路與民權西路225巷口口,0,0,1,2,C03,8,5,5,50,4,1,1,5,4,5,13,2,1,8,3,5,2,16,1,22,2,9,6,1,7,9,1,10,1,11,,13,,1,21,121.5121738,25.0630899
113,1,21,19,30,2,10文山區,文山區興隆路3段與興隆路3段112巷口,0,0,1,1,B02,6,5,5,50,4,2,1,4,4,5,13,2,1,1,4,5,2,12,2,52,3,10,7,1,7,13,1,8,1,1,,108,,1,22,121.5573357,24.9993577
113,1,21,19,30,2,10文山區,文山區興隆路3段與興隆路3段112巷口,0,0,1,2,C03,6,5,5,50,4,2,1,4,4,5,13,2,1,1,4,5,2,12,1,65,2,9,6,1,7,14,1,10,1,13,,44,,1,22,121.5573357,24.9993577
113,1,21,20,16,2,12內湖區,內湖區康樂街136巷29弄與安泰街口,0,0,1,1,F01,6,5,5,30,3,1,1,4,4,5,13,4,4,10,5,5,2,17,1,13,2,9,4,1,7,5,8,20,1,11,,80,,1,21,121.6181884,25.07349044
113,1,21,20,16,2,12內湖區,內湖區康樂街136巷29弄與安泰街口,0,0,1,2,B03,6,5,5,30,3,1,1,4,4,5,13,4,4,10,5,5,2,17,1,69,3,10,7,1,7,9,1,8,1,5,,44,,1,21,121.6181884,25.07349044
113,1,21,20,50,2,11南港區,南港區市民大道8段與忠孝東路7段415巷口,0,0,1,1,C03,6,5,5,50,4,2,1,4,4,5,12,2,1,5,2,5,2,17,1,22,3,10,3,4,7,7,1,10,2,13,,100,,1,21,121.6057977,25.0530949
113,1,21,20,50,2,11南港區,南港區市民大道8段與忠孝東路7段415巷口,0,0,1,2,C03,6,5,5,50,4,2,1,4,4,5,12,2,1,5,2,5,2,17,1,46,2,9,3,4,7,9,1,10,2,11,,44,,1,21,121.6057977,25.0530949
113,1,21,21,43,2,05中正區,中正區中華路1段與愛國西路口口,0,0,1,1,B01,7,5,5,50,4,2,1,5,4,5,13,2,1,9,4,5,2,16,1,35,3,10,7,1,7,9,1,4,2,8,,44,,1,21,121.5071915,25.0374673
113,1,21,21,43,2,05中正區,中正區中華路1段與愛國西路口口,0,0,1,2,C03,7,5,5,50,4,2,1,5,4,5,13,2,1,9,4,5,2,16,1,27,2,8,6,1,7,6,1,10,2,12,,9,,1,21,121.5071915,25.0374673
113,1,21,22,16,2,12內湖區,內湖區內湖路1段與基湖路口,0,0,2,1,B01,7,5,5,50,4,1,1,5,4,5,13,2,1,1,4,5,2,12,1,54,3,10,3,4,7,9,1,4,2,1,,108,,1,22,121.5655126,25.0823612
113,1,21,22,16,2,12內湖區,內湖區內湖路1段與基湖路口,0,0,2,2,C03,7,5,5,50,4,1,1,5,4,5,13,2,1,1,4,5,2,12,1,19,2,8,5,1,7,5,1,10,2,13,,8,,1,22,121.5655126,25.0823612
113,1,21,22,16,2,12內湖區,內湖區內湖路1段與基湖路口,0,0,2,3,H02,7,5,5,50,4,1,1,5,4,5,13,2,1,1,4,5,2,12,2,18,2,8,5,5,7,17,8,20,10,16,,67,,1,22,121.5655126,25.0823612
113,1,21,23,8,2,07信義區,信義區信義路5段150巷424號,0,0,1,1,C03,6,5,5,30,14,9,1,4,4,5,13,4,4,10,5,5,2,17,1,25,3,10,6,1,7,9,1,10,1,17,,14,,1,21,121.5711511,25.0241897
113,1,21,23,8,2,07信義區,信義區信義路5段150巷424號,0,0,1,2,C03,6,5,5,30,14,9,1,4,4,5,13,4,4,10,5,5,2,17,1,26,2,9,6,1,7,9,1,10,1,12,,13,,1,21,121.5711511,25.0241897
113,1,21,23,37,2,07信義區,信義區中坡南路58號,0,0,2,1,C03,6,5,5,30,14,9,1,4,4,5,13,3,1,10,5,4,2,2,1,28,2,9,5,1,7,9,1,10,2,11,,108,,1,22,121.5845064,25.0420755
113,1,21,23,37,2,07信義區,信義區中坡南路58號,0,0,2,2,H01,6,5,5,30,14,9,1,4,4,5,13,3,1,10,5,4,2,2,2,49,2,9,4,5,8,16,8,20,10,16,,54,,1,22,121.5845064,25.0420755
113,1,22,0,31,2,01大同區,大同區民族西路與承德路3段口,0,0,1,1,B03,7,5,5,50,4,2,1,5,4,5,13,2,1,3,4,5,2,17,1,51,3,10,7,1,7,5,1,8,1,6,,71,,1,21,121.5184485,25.0685719
113,1,22,0,31,2,01大同區,大同區民族西路與承德路3段口,0,0,1,2,C03,7,5,5,50,4,2,1,5,4,5,13,2,1,3,4,5,2,17,2,30,2,8,6,1,7,9,1,10,1,11,,13,,1,21,121.5184485,25.0685719
113,1,22,1,17,2,06松山區,松山區民權東路3段110號,0,0,1,1,B03,7,5,5,50,14,9,1,5,4,5,13,4,4,9,4,5,2,29,1,24,2,9,3,4,7,9,1,8,2,2,,108,,1,22,121.5451005,25.06202586
113,1,22,1,17,2,06松山區,松山區民權東路3段110號,0,0,1,2,C03,7,5,5,50,14,9,1,5,4,5,13,4,4,9,4,5,2,29,3,27,,,,,,,,,,,,67,,1,,121.5451005,25.06202586
113,1,22,1,17,2,06松山區,松山區民權東路3段110號,0,0,1,3,C03,7,5,5,50,14,9,1,5,4,5,13,4,4,9,4,5,2,29,3,25,,,,,,,,,,,,67,,1,,121.5451005,25.06202586
113,1,22,1,17,2,06松山區,松山區民權東路3段110號,0,0,1,4,C03,7,5,5,50,14,9,1,5,4,5,13,4,4,9,4,5,2,29,3,65,,,,,,,,,,,,67,,1,,121.5451005,25.06202586
113,1,22,1,17,2,06松山區,松山區民權東路3段110號,0,0,1,5,C03,7,5,5,50,14,9,1,5,4,5,13,4,4,9,4,5,2,29,3,31,,,,,,,,,,,,67,,1,,121.5451005,25.06202586
113,1,22,1,17,2,06松山區,松山區民權東路3段110號,0,0,1,6,C03,7,5,5,50,14,9,1,5,4,5,13,4,4,9,4,5,2,29,3,31,,,,,,,,,,,,67,,1,,121.5451005,25.06202586
113,1,22,1,17,2,06松山區,松山區民權東路3段110號,0,0,1,7,C03,7,5,5,50,14,9,1,5,4,5,13,4,4,9,4,5,2,29,3,35,,,,,,,,,,,,67,,1,,121.5451005,25.06202586
113,1,22,1,17,2,06松山區,松山區民權東路3段110號,0,0,1,8,C03,7,5,5,50,14,9,1,5,4,5,13,4,4,9,4,5,2,29,3,64,,,,,,,,,,,,67,,1,,121.5451005,25.06202586
113,1,22,1,17,2,06松山區,松山區民權東路3段110號,0,0,1,9,,7,5,5,50,14,9,1,5,4,5,13,4,4,9,4,5,2,29,3,0,,,,,,,,,,,,67,,1,,121.5451005,25.06202586
113,1,22,1,17,2,06松山區,松山區民權東路3段110號,0,0,1,10,C03,7,5,5,50,14,9,1,5,4,5,13,4,4,9,4,5,2,29,3,31,,,,,,,,,,,,67,,1,,121.5451005,25.06202586
113,1,22,2,5,2,03中山區,中山區錦州街與林森北路口,0,0,1,1,B03,8,5,5,50,4,1,1,5,4,5,13,4,4,5,2,5,2,17,1,33,3,10,7,1,7,7,1,8,1,15,,99,,1,21,121.5253433,25.0603507
113,1,22,2,5,2,03中山區,中山區錦州街與林森北路口,0,0,1,2,C03,8,5,5,50,4,1,1,5,4,5,13,4,4,5,2,5,2,17,2,19,2,9,5,1,7,9,1,10,1,11,,44,,1,21,121.5253433,25.0603507
113,1,22,2,5,2,03中山區,中山區錦州街與林森北路口,0,0,1,3,B01,8,5,5,50,4,1,1,5,4,5,13,4,4,5,2,5,2,17,1,60,3,10,7,1,7,13,1,4,1,7,,38,,1,21,121.5253433,25.0603507
113,1,22,2,5,2,03中山區,中山區錦州街與林森北路口,0,0,1,4,B03,8,5,5,50,4,1,1,5,4,5,13,4,4,5,2,5,2,17,1,29,3,10,7,1,7,9,1,8,1,17,,14,,1,21,121.5253433,25.0603507
113,1,22,6,6,2,11南港區,南港區忠孝東路7段415號,0,0,1,1,F01,6,5,5,50,14,9,1,4,4,5,13,4,4,9,4,5,2,13,1,33,2,9,2,4,7,9,8,20,1,11,,108,,1,21,121.6088203,25.0524025
113,1,22,6,6,2,11南港區,南港區忠孝東路7段415號,0,0,1,2,A41,6,5,5,50,14,9,1,4,4,5,13,4,4,9,4,5,2,13,1,40,3,10,3,1,7,15,1,1,1,3,,60,,1,22,121.6088203,25.0524025
113,1,22,6,6,2,11南港區,南港區忠孝東路7段415號,0,0,1,3,H03,6,5,5,50,14,9,1,4,4,5,13,4,4,9,4,5,2,13,1,54,3,10,4,5,8,21,8,20,10,16,,60,,1,22,121.6088203,25.0524025
113,1,22,7,45,2,05中正區,中正區寧波西街與南昌路1段口,0,0,1,1,B03,8,7,5,50,4,1,1,5,4,5,13,1,1,10,4,5,2,12,1,34,3,10,7,1,7,15,1,8,1,5,,100,,1,21,121.517916,25.0308131
113,1,22,7,45,2,05中正區,中正區寧波西街與南昌路1段口,0,0,1,2,C03,8,7,5,50,4,1,1,5,4,5,13,1,1,10,4,5,2,12,2,38,2,9,5,1,7,9,1,10,1,12,,44,,1,21,121.517916,25.0308131
113,1,22,7,45,2,05中正區,中正區寧波西街與南昌路1段口,0,0,1,3,B03,8,7,5,50,4,1,1,5,4,5,13,1,1,10,4,5,2,12,1,65,3,10,7,1,7,9,1,8,9,6,,44,,1,21,121.517916,25.0308131
113,1,22,7,55,2,12內湖區,內湖區南京東路6段與新明路426巷口,0,0,2,1,C03,6,5,5,50,4,1,1,4,4,5,13,1,1,10,4,5,2,16,1,34,2,9,6,1,7,5,1,10,1,14,,80,,1,21,121.5792007,25.0555243
113,1,22,7,55,2,12內湖區,內湖區南京東路6段與新明路426巷口,0,0,2,2,C03,6,5,5,50,4,1,1,4,4,5,13,1,1,10,4,5,2,16,1,40,2,9,6,1,7,9,1,10,1,11,,16,,1,21,121.5792007,25.0555243
113,1,22,8,13,2,06松山區,松山區復興北路15號,0,0,3,1,C03,8,5,5,50,14,9,1,5,4,5,13,4,4,1,3,5,2,13,1,33,2,9,5,1,7,9,1,10,1,11,13,16,,1,26,121.5440799,25.0491825
113,1,22,8,13,2,06松山區,松山區復興北路15號,0,0,3,2,C03,8,5,5,50,14,9,1,5,4,5,13,4,4,1,3,5,2,13,1,52,2,9,5,1,7,9,1,10,1,11,,16,,1,26,121.5440799,25.0491825
113,1,22,8,13,2,06松山區,松山區復興北路15號,0,0,3,3,C03,8,5,5,50,14,9,1,5,4,5,13,4,4,1,3,5,2,13,1,29,2,9,5,1,7,9,1,10,1,14,,44,,1,22,121.5440799,25.0491825
113,1,22,8,28,2,04大安區,大安區市民大道3段與安東街40巷口,0,0,3,1,C03,7,6,5,40,14,9,1,5,4,5,13,4,4,1,4,5,2,13,2,31,2,8,5,1,7,9,1,10,1,11,,16,,1,21,121.5406122,25.044454
113,1,22,8,28,2,04大安區,大安區市民大道3段與安東街40巷口,0,0,3,2,C03,7,6,5,40,14,9,1,5,4,5,13,4,4,1,4,5,2,13,1,30,2,8,5,1,7,9,1,10,1,13,,44,,1,21,121.5406122,25.044454
113,1,22,8,28,2,04大安區,大安區市民大道3段與安東街40巷口,0,0,3,3,C03,7,6,5,40,14,9,1,5,4,5,13,4,4,1,4,5,2,13,2,32,2,8,5,1,7,9,1,10,1,11,,16,,1,21,121.5406122,25.044454
113,1,22,8,30,2,12內湖區,內湖區內湖路1段655號,0,0,1,1,C03,6,7,5,30,14,9,1,4,4,5,13,4,4,10,5,5,1,12,2,53,3,10,3,4,7,6,1,10,1,17,,9,,1,22,121.5683655,25.0823089
113,1,22,8,30,2,12內湖區,內湖區內湖路1段655號,0,0,1,2,C03,6,7,5,30,14,9,1,4,4,5,13,4,4,10,5,5,1,12,2,41,2,8,3,4,7,9,1,10,1,17,,44,,1,22,121.5683655,25.0823089
113,1,22,8,37,2,01大同區,大同區民權西路與承德路2段口,0,0,7,1,C03,8,6,5,50,5,1,1,5,4,5,13,2,1,1,4,5,2,13,1,27,3,10,6,1,7,9,1,10,2,11,,16,,1,21,121.5187533,25.0628265
113,1,22,8,37,2,01大同區,大同區民權西路與承德路2段口,0,0,7,2,B01,8,6,5,50,5,1,1,5,4,5,13,2,1,1,4,5,2,13,1,65,3,10,7,1,7,9,1,4,2,3,,44,,1,21,121.5187533,25.0628265
113,1,22,8,37,2,01大同區,大同區民權西路與承德路2段口,0,0,7,3,A02,8,6,5,50,5,1,1,5,4,5,13,2,1,1,4,5,2,13,1,63,3,10,7,1,7,9,1,2,2,17,,44,,1,21,121.5187533,25.0628265
113,1,22,8,37,2,01大同區,大同區民權西路與承德路2段口,0,0,7,4,H02,8,6,5,50,5,1,1,5,4,5,13,2,1,1,4,5,2,13,2,53,2,9,4,5,7,17,8,20,10,16,,67,,1,21,121.5187533,25.0628265
113,1,22,8,37,2,01大同區,大同區民權西路與承德路2段口,0,0,7,5,H02,8,6,5,50,5,1,1,5,4,5,13,2,1,1,4,5,2,13,2,28,2,9,4,5,7,17,8,20,10,16,,67,,1,21,121.5187533,25.0628265
113,1,22,8,37,2,01大同區,大同區民權西路與承德路2段口,0,0,7,6,H02,8,6,5,50,5,1,1,5,4,5,13,2,1,1,4,5,2,13,2,50,2,9,4,5,7,17,8,20,10,16,,67,,1,21,121.5187533,25.0628265
113,1,22,8,37,2,01大同區,大同區民權西路與承德路2段口,0,0,7,7,H02,8,6,5,50,5,1,1,5,4,5,13,2,1,1,4,5,2,13,2,75,2,9,4,5,7,17,8,20,10,16,,67,,1,21,121.5187533,25.0628265
113,1,22,8,37,2,01大同區,大同區民權西路與承德路2段口,0,0,7,8,H02,8,6,5,50,5,1,1,5,4,5,13,2,1,1,4,5,2,13,1,32,2,9,4,5,7,17,8,20,10,16,,67,,1,21,121.5187533,25.0628265
113,1,22,8,37,2,01大同區,大同區民權西路與承德路2段口,0,0,7,9,H02,8,6,5,50,5,1,1,5,4,5,13,2,1,1,4,5,2,13,2,38,2,9,4,5,7,17,8,20,10,16,,67,,1,21,121.5187533,25.0628265
113,1,22,8,37,2,01大同區,大同區民權西路與承德路2段口,0,0,7,10,H02,8,6,5,50,5,1,1,5,4,5,13,2,1,1,4,5,2,13,2,7,2,9,4,5,7,17,8,20,10,16,,67,,1,21,121.5187533,25.0628265
113,1,22,8,44,2,07信義區,信義區信安街153號,0,0,2,1,C03,8,7,5,50,14,9,1,5,4,5,13,4,4,5,4,5,2,12,1,22,2,8,5,1,7,9,1,10,1,11,,16,,1,21,121.5552342,25.02291427
113,1,22,8,44,2,07信義區,信義區信安街153號,0,0,2,2,C03,8,7,5,50,14,9,1,5,4,5,13,4,4,5,4,5,2,12,1,26,2,8,5,1,7,12,1,10,1,13,,44,,1,21,121.5552342,25.02291427
113,1,22,8,57,2,02萬華區,萬華區康定路與桂林路口,0,0,1,1,B03,7,5,5,50,4,1,1,5,4,5,13,1,1,5,4,5,1,13,1,67,3,10,7,1,7,5,1,8,2,8,,16,,1,21,121.501791,25.0384941
113,1,22,8,57,2,02萬華區,萬華區康定路與桂林路口,0,0,1,2,C03,7,5,5,50,4,1,1,5,4,5,13,1,1,5,4,5,1,13,1,48,2,9,6,1,7,14,1,10,1,13,,44,,1,21,121.501791,25.0384941
113,1,22,8,57,2,07信義區,信義區市府路45號旁往南方向,0,0,1,1,C03,6,6,5,50,22,9,1,4,4,5,13,4,4,3,4,5,2,13,2,43,2,1,6,1,7,9,1,10,1,11,,16,,1,21,121.5634924,25.0340583
113,1,22,8,57,2,07信義區,信義區市府路45號旁往南方向,0,0,1,2,C03,6,6,5,50,22,9,1,4,4,5,13,4,4,3,4,5,2,13,1,51,3,10,6,1,7,11,1,10,1,13,,44,,1,21,121.5634924,25.0340583
113,1,22,9,6,2,06松山區,松山區南京東路5段與南京東路5段23巷口,0,0,1,1,B03,7,7,5,50,5,2,1,5,4,5,13,1,1,9,4,4,2,16,1,72,3,10,7,1,7,15,1,8,1,7,,16,,1,22,121.5580602,25.0516445
113,1,22,9,6,2,06松山區,松山區南京東路5段與南京東路5段23巷口,0,0,1,2,C03,7,7,5,50,5,2,1,5,4,5,13,1,1,9,4,4,2,16,2,22,2,9,5,1,7,9,1,10,1,12,,108,,1,22,121.5580602,25.0516445
113,1,22,9,22,2,03中山區,中山區濱江街285號,0,0,1,1,B03,8,5,5,50,14,9,1,5,4,5,13,4,4,1,4,5,2,16,1,62,3,10,3,4,7,6,1,10,1,6,,80,,1,22,121.5439353,25.07245428
113,1,22,9,22,2,03中山區,中山區濱江街285號,0,0,1,2,C03,8,5,5,50,14,9,1,5,4,5,13,4,4,1,4,5,2,16,1,46,2,9,6,1,7,9,1,10,1,11,,107,,1,22,121.5439353,25.07245428
113,1,22,9,37,2,09北投區,北投區東陽街與東陽街411巷16弄口,0,0,1,1,C03,7,7,5,30,5,2,1,5,4,5,13,4,4,9,5,5,2,17,1,68,3,10,5,1,7,6,1,10,1,13,,14,,1,22,121.5187714,25.11246428
113,1,22,9,37,2,09北投區,北投區東陽街與東陽街411巷16弄口,0,0,1,2,C03,7,7,5,30,5,2,1,5,4,5,13,4,4,9,5,5,2,17,2,36,2,8,5,1,7,9,1,10,1,11,,13,,1,22,121.5187714,25.11246428
113,1,22,9,44,2,03中山區,中山區松江路與錦州街口,0,0,2,1,C03,8,6,5,50,4,1,1,5,4,5,13,1,1,1,4,5,2,15,2,18,2,7,5,1,7,5,3,18,1,11,,96,,1,22,121.5331053,25.06033
113,1,22,9,44,2,03中山區,中山區松江路與錦州街口,0,0,2,2,C03,8,6,5,50,4,1,1,5,4,5,13,1,1,1,4,5,2,15,1,24,2,9,6,1,7,9,1,10,1,11,,13,,1,22,121.5331053,25.06033
113,1,22,9,49,2,09北投區,北投區承德路7段393巷與承德路7段口口,0,0,1,1,B03,7,5,5,60,4,1,1,5,4,5,13,1,1,1,4,5,2,17,1,39,3,10,7,1,7,5,1,8,11,17,,71,,2,21,121.5013724,25.1194215
113,1,22,9,49,2,09北投區,北投區承德路7段393巷與承德路7段口口,0,0,1,2,C03,7,5,5,60,4,1,1,5,4,5,13,1,1,1,4,5,2,17,1,20,2,9,5,1,7,9,1,10,1,14,,42,,1,21,121.5013724,25.1194215
113,1,22,11,0,2,09北投區,北投區承德路7段與承德路7段393巷口,0,0,1,1,A41,7,7,5,40,4,1,1,5,4,5,13,1,1,1,4,4,2,2,1,58,3,10,7,1,1,5,1,1,2,1,,70,,1,22,121.5014211,25.11963653
113,1,22,11,0,2,09北投區,北投區承德路7段與承德路7段393巷口,0,0,1,2,H01,7,7,5,40,4,1,1,5,4,5,13,1,1,1,4,4,2,2,1,18,2,9,4,5,8,16,8,20,10,16,,67,,1,22,121.5014211,25.11963653
113,1,22,11,5,2,03中山區,中山區南京東路3段48巷與南京東路3段口,0,0,1,1,B03,8,6,5,50,3,1,1,5,4,5,13,4,4,1,4,1,2,16,1,26,3,10,3,4,7,6,1,8,1,2,,9,,1,22,121.5384236,25.05189166
113,1,22,11,5,2,03中山區,中山區南京東路3段48巷與南京東路3段口,0,0,1,2,C03,8,6,5,50,3,1,1,5,4,5,13,4,4,1,4,1,2,16,1,70,2,9,6,4,7,9,1,10,1,11,,107,,1,22,121.5384236,25.05189166
113,1,22,11,9,2,02萬華區,萬華區康定路與內江街口,0,0,1,1,B03,8,7,5,50,4,1,1,5,4,5,13,2,1,9,5,5,2,17,1,24,3,10,7,1,7,5,1,8,1,8,,8,,1,21,121.502277,25.0417228
113,1,22,11,9,2,02萬華區,萬華區康定路與內江街口,0,0,1,2,C03,8,7,5,50,4,1,1,5,4,5,13,2,1,9,5,5,2,17,2,26,2,9,5,1,7,9,1,10,1,12,,94,,1,21,121.502277,25.0417228
113,1,22,11,12,2,08士林區,士林區文林路615巷1109338燈桿,0,0,2,1,C03,7,6,5,30,14,9,1,5,4,5,13,4,4,10,5,5,2,17,1,64,2,9,6,1,7,1,1,10,1,14,,19,,1,21,121.5211153,25.09934863
113,1,22,11,12,2,08士林區,士林區文林路615巷1109338燈桿,0,0,2,2,C03,7,6,5,30,14,9,1,5,4,5,13,4,4,10,5,5,2,17,1,20,2,9,6,1,7,9,1,10,1,11,,108,,1,21,121.5211153,25.09934863
113,1,22,11,37,2,11南港區,南港區向陽路與市民大道7段口,0,0,1,1,C03,6,7,5,50,4,1,1,4,4,5,13,2,1,1,4,5,2,12,1,18,2,8,5,1,7,8,1,10,1,12,,100,,1,21,121.5953675,25.0515289
113,1,22,11,37,2,11南港區,南港區向陽路與市民大道7段口,0,0,1,2,C03,6,7,5,50,4,1,1,4,4,5,13,2,1,1,4,5,2,12,1,23,3,10,5,1,7,9,1,10,1,14,,44,,1,21,121.5953675,25.0515289
113,1,22,12,10,2,05中正區,中正區詔安街240號,0,0,1,1,C03,7,6,5,30,14,9,1,5,4,5,13,4,4,10,5,5,2,17,1,66,2,9,5,1,7,1,1,10,2,12,,19,,1,21,121.5091536,25.02697466
113,1,22,12,10,2,05中正區,中正區詔安街240號,0,0,1,2,C03,7,6,5,30,14,9,1,5,4,5,13,4,4,10,5,5,2,17,1,23,3,10,5,1,7,9,1,10,2,14,,44,,1,21,121.5091536,25.02697466
113,1,22,12,40,2,06松山區,松山區南京東路5段66巷與南京東路5段口,0,0,1,1,C03,8,7,5,40,4,1,1,5,4,5,13,1,1,1,4,4,2,13,1,45,2,7,6,1,7,10,1,10,1,11,,100,,1,21,121.5609927,25.0513883
113,1,22,12,40,2,06松山區,松山區南京東路5段66巷與南京東路5段口,0,0,1,2,B01,8,7,5,40,4,1,1,5,4,5,13,1,1,1,4,4,2,13,1,59,3,10,7,1,7,14,1,4,1,3,,38,,1,21,121.5609927,25.0513883
113,1,22,12,51,2,10文山區,文山區興隆路2段與福興路口,0,0,1,1,B01,6,6,5,30,3,18,1,4,4,5,13,2,1,5,5,5,2,3,1,56,3,10,7,1,7,5,1,4,2,4,,70,,1,21,121.5518239,25.00180208
113,1,22,12,51,2,10文山區,文山區興隆路2段與福興路口,0,0,1,2,H01,6,6,5,30,3,18,1,4,4,5,13,2,1,5,5,5,2,3,2,60,2,6,4,5,8,16,8,20,10,16,,67,,1,21,121.5518239,25.00180208
113,1,22,12,52,2,08士林區,士林區東山路與東山路25巷口,0,0,2,1,C03,6,7,5,50,4,1,1,4,4,5,13,3,1,1,4,5,2,17,1,24,2,9,6,1,7,9,1,10,2,11,,72,,1,21,121.5391051,25.1164896
113,1,22,12,52,2,08士林區,士林區東山路與東山路25巷口,0,0,2,2,C03,6,7,5,50,4,1,1,4,4,5,13,3,1,1,4,5,2,17,2,43,2,9,5,1,7,9,1,10,2,12,,14,,1,21,121.5391051,25.1164896
113,1,22,13,0,2,09北投區,北投區文林北路與明德路口,0,0,1,1,A12,7,6,5,50,4,1,1,5,4,5,13,2,1,1,4,4,2,16,1,32,3,10,7,1,7,5,1,3,3,1,,71,,1,21,121.5165045,25.1061245
113,1,22,13,0,2,09北投區,北投區文林北路與明德路口,0,0,1,2,B03,7,6,5,50,4,1,1,5,4,5,13,2,1,1,4,4,2,16,2,38,2,9,7,1,7,9,1,8,2,4,,44,,1,21,121.5165045,25.1061245
113,1,22,13,6,2,09北投區,北投區自強街120巷15弄與自強街120巷口,0,0,1,1,B13,7,6,5,30,4,1,1,5,4,5,13,4,4,10,5,5,1,15,1,47,3,10,7,1,7,9,1,8,1,1,,75,,1,21,121.5158507,25.11031897
113,1,22,13,6,2,09北投區,北投區自強街120巷15弄與自強街120巷口,0,0,1,2,C04,7,6,5,30,4,1,1,5,4,5,13,4,4,10,5,5,1,15,1,76,2,7,5,1,7,9,1,11,1,11,,44,,1,21,121.5158507,25.11031897
113,1,22,13,10,2,03中山區,中山區建國北路3段85號對面,0,0,1,1,C03,7,7,5,50,14,9,1,5,4,5,13,4,4,1,4,5,2,17,2,23,2,9,3,4,7,8,1,10,1,14,,100,,1,21,121.5368516,25.0652319
113,1,22,13,10,2,03中山區,中山區建國北路3段85號對面,0,0,1,2,B01,7,7,5,50,14,9,1,5,4,5,13,4,4,1,4,5,2,17,2,54,3,10,3,4,7,9,1,4,1,5,,44,,1,21,121.5368516,25.0652319
113,1,22,13,15,2,06松山區,松山區長春路與慶城街口,0,0,2,3,H02,7,6,5,30,4,1,1,5,4,5,13,1,1,1,4,5,2,16,2,27,2,8,6,5,7,20,8,20,10,16,,67,,1,22,121.5462727,25.0545571
113,1,22,13,15,2,06松山區,松山區長春路與慶城街口,0,0,2,2,C03,7,6,5,30,4,1,1,5,4,5,13,1,1,1,4,5,2,16,2,28,2,6,6,1,7,9,1,10,2,14,,44,,1,22,121.5462727,25.0545571
113,1,22,13,15,2,06松山區,松山區長春路與慶城街口,0,0,2,1,B03,7,6,5,30,4,1,1,5,4,5,13,1,1,1,4,5,2,16,1,35,3,10,7,1,7,11,1,8,2,5,,10,,1,22,121.5462727,25.0545571
113,1,22,13,17,2,03中山區,中山區民族東路與建國北路3段113巷口,0,0,1,1,C03,8,6,5,50,4,1,1,5,4,5,13,1,1,1,4,1,2,16,2,23,2,7,6,4,7,11,1,10,2,14,,10,,1,21,121.5362443,25.06810534
113,1,22,13,17,2,03中山區,中山區民族東路與建國北路3段113巷口,0,0,1,2,B02,8,6,5,50,4,1,1,5,4,5,13,1,1,1,4,1,2,16,1,45,3,10,3,4,7,9,1,8,2,5,,44,,1,21,121.5362443,25.06810534
113,1,22,14,5,2,12內湖區,內湖區文德路與文德路208巷口,0,0,2,1,B03,6,6,5,50,4,1,1,4,4,5,13,2,1,1,4,5,2,17,2,55,3,10,7,1,7,5,1,8,2,17,,85,,1,21,121.5836287,25.07842146
113,1,22,14,5,2,12內湖區,內湖區文德路與文德路208巷口,0,0,2,2,C03,6,6,5,50,4,1,1,4,4,5,13,2,1,1,4,5,2,17,2,52,2,9,5,1,7,9,1,10,2,17,,44,,1,21,121.5836287,25.07842146
113,1,22,14,5,2,12內湖區,內湖區文德路與文德路208巷口,0,0,2,3,H02,6,6,5,50,4,1,1,4,4,5,13,2,1,1,4,5,2,17,1,17,2,7,5,5,7,20,8,20,10,17,,67,,1,21,121.5836287,25.07842146
113,1,22,14,15,2,05中正區,中正區忠孝東路2段與新生南路1段口,0,0,1,1,B01,8,6,5,50,4,1,1,5,4,5,13,1,1,10,2,5,2,16,1,62,3,10,7,4,7,6,1,4,2,2,,9,,1,21,121.532806,25.0421322
113,1,22,14,15,2,05中正區,中正區忠孝東路2段與新生南路1段口,0,0,1,2,F01,8,6,5,50,4,1,1,5,4,5,13,1,1,10,2,5,2,16,2,50,2,9,2,4,7,9,8,20,1,11,,44,,1,22,121.532806,25.0421322
113,1,22,14,37,2,03中山區,中山區南京東路2段11號,0,0,1,1,C03,8,5,5,50,14,9,1,5,4,5,13,4,4,3,4,4,2,13,2,41,2,9,3,4,7,9,1,10,1,11,,16,,1,21,121.5284517,25.0521684