發生年度,發生月,發生日,發生時-Hours,發生分,處理別-編號,區序,肇事地點,死亡人數,2-30日死亡人數,受傷人數,當事人序號,車種,天候,道路照明設備,道路類別,速限-速度限制,道路型態,事故位置,路面狀況1,路面狀況2,路面狀況3,道路障礙1,道路障礙2,號誌1,號誌2,車道劃分-分向,車道劃分-分道1,車道劃分-分道2,車道劃分-分道3,事故類型及型態,性別,年齡,受傷程度,主要傷處,保護裝置,行動電話,車輛用途,當事者行動狀態,駕駛資格情形,駕駛執照種類,飲酒情形,車輛撞擊部位1,車輛撞擊部位2,肇因碼-個別,肇因碼-主要,個人肇逃否,職業,座標-X,座標-Y
113,1,22,14,37,2,03中山區,中山區南京東路2段11號,0,0,1,2,B02,8,5,5,50,14,9,1,5,4,5,13,4,4,3,4,4,2,13,1,35,3,10,3,4,7,12,1,8,1,3,,44,,1,21,121.5284517,25.0521684
113,1,22,14,37,2,03中山區,中山區南京東路2段11號,0,0,1,3,B01,8,5,5,50,14,9,1,5,4,5,13,4,4,3,4,4,2,13,1,62,3,10,3,4,7,14,1,4,1,17,,38,,1,21,121.5284517,25.0521684
113,1,22,14,45,2,04大安區,大安區羅斯福路4段125號,0,0,1,1,B01,6,7,5,50,14,9,1,4,4,5,13,4,4,1,4,5,2,17,1,55,3,10,7,1,7,7,1,4,1,17,,100,,1,21,121.5372907,25.0106321
113,1,22,14,45,2,04大安區,大安區羅斯福路4段125號,0,0,1,2,C03,6,7,5,50,14,9,1,4,4,5,13,4,4,1,4,5,2,17,1,20,2,9,6,1,7,7,1,10,1,17,,108,,1,21,121.5372907,25.0106321
113,1,22,15,40,2,09北投區,北投區石牌路2段360號,0,0,1,1,B03,7,6,5,50,14,9,1,5,4,5,13,4,4,5,5,5,2,16,1,58,3,10,7,1,7,11,1,8,1,4,,10,,1,21,121.5255029,25.1235948
113,1,22,15,40,2,09北投區,北投區石牌路2段360號,0,0,1,2,C03,7,6,5,50,14,9,1,5,4,5,13,4,4,5,5,5,2,16,1,50,2,7,5,1,7,9,1,9,1,14,,44,,1,21,121.5255029,25.1235948
113,1,22,16,0,2,03中山區,中山區松江路與民族東路口,0,0,1,1,B03,8,7,5,50,3,1,1,5,4,5,13,4,4,9,4,5,2,17,1,44,3,10,7,1,7,6,1,8,1,15,,9,,1,21,121.5325903,25.068175
113,1,22,16,0,2,03中山區,中山區松江路與民族東路口,0,0,1,2,C03,8,7,5,50,3,1,1,5,4,5,13,4,4,9,4,5,2,17,2,49,2,9,5,1,7,9,1,10,1,15,,44,,1,21,121.5325903,25.068175
113,1,22,16,0,2,07信義區,信義區東寧路與市民大道5段口,0,0,2,1,C03,6,6,5,50,3,3,1,4,4,5,13,1,1,1,4,5,2,13,1,33,2,8,6,1,7,9,1,10,1,11,,118,,1,21,121.5630807,25.0471997
113,1,22,16,0,2,07信義區,信義區東寧路與市民大道5段口,0,0,2,2,C03,6,6,5,50,3,3,1,4,4,5,13,1,1,1,4,5,2,13,1,47,2,8,6,1,7,9,1,10,1,13,,118,,1,21,121.5630807,25.0471997
113,1,22,16,10,2,03中山區,中山區中山北路2段93巷與林森北路口,0,0,1,1,B03,8,5,5,30,3,2,1,5,4,5,13,4,4,5,5,5,2,17,2,48,3,10,3,4,7,6,1,8,1,8,,72,,1,21,121.5255121,25.0592996
113,1,22,16,10,2,03中山區,中山區中山北路2段93巷與林森北路口,0,0,1,2,C03,8,5,5,30,3,2,1,5,4,5,13,4,4,5,5,5,2,17,1,35,2,9,3,4,7,9,1,10,1,11,,44,,1,21,121.5255121,25.0592996
113,1,22,16,10,2,04大安區,大安區和平東路2段107巷與和平東路2段口,0,0,1,1,B01,6,7,5,50,3,1,1,4,4,5,13,2,1,1,4,4,2,17,1,53,3,10,7,1,7,5,1,4,1,5,,8,,1,21,121.5402954,25.0253806
113,1,22,16,10,2,04大安區,大安區和平東路2段107巷與和平東路2段口,0,0,1,2,C03,6,7,5,50,3,1,1,4,4,5,13,2,1,1,4,4,2,17,2,23,2,5,6,1,7,9,1,10,1,11,,44,,1,21,121.5402954,25.0253806
113,1,22,16,14,2,07信義區,信義區信義路5段與莊敬路口口,0,0,1,1,B03,6,6,5,50,4,2,1,4,4,5,13,2,1,1,4,5,2,17,2,38,3,10,7,1,7,1,1,8,2,8,,19,,1,22,121.5611696,25.0330306
113,1,22,16,14,2,07信義區,信義區信義路5段與莊敬路口口,0,0,1,2,C02,6,6,5,50,4,2,1,4,4,5,13,2,1,1,4,5,2,17,1,47,2,9,6,1,7,5,1,9,2,13,,8,,1,22,121.5611696,25.0330306
113,1,22,16,28,2,05中正區,中正區汀州路3段305號,0,0,2,1,C03,6,6,5,50,14,9,1,4,4,5,13,4,4,5,4,5,2,13,1,56,2,9,6,1,7,9,1,10,1,11,,16,,1,21,121.5359389,25.0115739
113,1,22,16,28,2,05中正區,中正區汀州路3段305號,0,0,2,2,C03,6,6,5,50,14,9,1,4,4,5,13,4,4,5,4,5,2,13,1,60,2,9,5,1,7,14,1,10,1,13,,44,,1,21,121.5359389,25.0115739
113,1,22,16,30,2,04大安區,大安區辛亥路1段迴轉道,0,0,1,1,C03,7,5,5,50,11,6,1,5,4,5,13,1,1,8,4,5,1,18,1,18,2,9,5,1,7,5,1,10,9,17,,44,,1,21,121.5352991,25.0225458
113,1,22,16,30,2,04大安區,大安區辛亥路1段迴轉道,0,0,1,2,,7,5,5,50,11,6,1,5,4,5,13,1,1,8,4,5,1,18,3,,,,,,,,,,,,,67,,1,,121.5352991,25.0225458
113,1,22,16,45,2,04大安區,大安區羅斯福路3段與師大路口,0,0,1,1,C03,6,6,5,50,4,1,1,4,4,5,13,1,1,1,5,5,1,12,2,71,2,9,5,1,7,7,1,10,2,14,,100,,1,21,121.5277361,25.0211801
113,1,22,16,45,2,04大安區,大安區羅斯福路3段與師大路口,0,0,1,2,B01,6,6,5,50,4,1,1,4,4,5,13,1,1,1,5,5,1,12,1,53,3,10,7,1,7,9,1,4,2,2,,44,,1,21,121.5277361,25.0211801
113,1,22,17,0,2,08士林區,士林區承德路4段6巷與承德路4段口口,0,0,1,1,C03,8,6,5,30,4,1,1,5,4,5,13,4,4,10,5,5,2,15,2,71,2,8,6,1,7,9,1,10,1,12,,72,,1,21,121.5213098,25.07902153
113,1,22,17,0,2,08士林區,士林區承德路4段6巷與承德路4段口口,0,0,1,2,B03,8,6,5,30,4,1,1,5,4,5,13,4,4,10,5,5,2,15,1,62,3,10,7,1,7,9,1,8,1,8,,44,,1,21,121.5213098,25.07902153
113,1,22,17,41,2,07信義區,信義區嘉興街與嘉興街181巷口,0,0,1,1,B01,6,5,5,30,3,1,1,4,4,5,13,1,1,5,2,5,2,16,1,57,3,10,7,1,7,5,1,4,1,4,,71,,1,21,121.5564712,25.0263806
113,1,22,17,41,2,07信義區,信義區嘉興街與嘉興街181巷口,0,0,1,2,C03,6,5,5,30,3,1,1,4,4,5,13,1,1,5,2,5,2,16,1,43,2,8,6,1,7,9,1,10,1,12,,13,,1,21,121.5564712,25.0263806
113,1,22,17,42,2,01大同區,大同區承德橋北往南,0,0,2,1,C03,8,5,5,40,14,11,1,5,4,5,13,4,4,4,3,3,2,2,2,50,2,9,6,1,7,9,3,18,1,11,,108,,1,21,121.5201456,25.0755774
113,1,22,17,42,2,01大同區,大同區承德橋北往南,0,0,2,2,H01,8,5,5,40,14,11,1,5,4,5,13,4,4,4,3,3,2,2,2,84,2,9,4,5,8,16,8,20,10,16,,60,,1,21,121.5201456,25.0755774
113,1,22,17,50,2,07信義區,信義區富陽街與富陽街87巷口口,0,0,1,1,B01,6,5,5,30,4,1,1,4,4,5,13,4,4,5,5,5,2,3,1,42,3,10,7,1,7,5,1,4,2,8,,4,,1,22,121.5566459,25.0212572
113,1,22,17,50,2,07信義區,信義區富陽街與富陽街87巷口口,0,0,1,2,H01,6,5,5,30,4,1,1,4,4,5,13,4,4,5,5,5,2,3,1,9,2,9,4,5,8,16,8,20,10,16,,121,,1,22,121.5566459,25.0212572
113,1,22,18,12,2,07信義區,信義區忠孝東路5段236巷10弄與忠孝東路5段口,0,0,2,1,C03,6,5,5,50,3,1,1,4,4,5,13,3,1,10,5,5,2,3,1,43,2,8,6,1,7,9,1,10,2,14,,70,,1,22,121.5719494,25.0400881
113,1,22,18,12,2,07信義區,信義區忠孝東路5段236巷10弄與忠孝東路5段口,0,0,2,2,H01,6,5,5,50,3,1,1,4,4,5,13,3,1,10,5,5,2,3,1,59,2,8,4,5,8,16,8,20,10,16,,67,,1,22,121.5719494,25.0400881
113,1,22,18,15,2,07信義區,信義區忠孝東路5段623號,0,0,1,1,C03,6,5,5,50,14,9,1,4,4,5,13,4,4,1,4,5,2,18,2,30,2,8,6,1,7,9,1,10,1,14,,42,,1,22,121.5792794,25.0416879
113,1,22,18,15,2,07信義區,信義區忠孝東路5段623號,0,0,1,2,,6,5,5,50,14,9,1,4,4,5,13,4,4,1,4,5,2,18,3,0,,,,,,,,,,,,67,,1,,121.5792794,25.0416879
113,1,22,18,17,2,10文山區,文山區指南路2段197巷與萬壽路口,0,0,1,1,B12,6,5,5,30,3,18,1,4,4,5,13,3,1,5,5,5,2,9,2,47,3,10,3,4,7,5,1,8,2,1,,70,,1,22,121.5775624,24.9887995
113,1,22,18,17,2,10文山區,文山區指南路2段197巷與萬壽路口,0,0,1,2,H01,6,5,5,30,3,18,1,4,4,5,13,3,1,5,5,5,2,9,1,20,2,8,4,5,8,16,8,20,10,16,,67,,1,22,121.5775624,24.9887995
113,1,22,18,22,2,03中山區,中山區民權東路3段與民權東路3段75巷口,0,0,1,1,C03,8,5,5,50,3,1,1,5,4,5,13,4,4,1,4,5,2,16,1,29,3,10,6,1,7,6,1,10,1,12,,9,,1,21,121.5436606,25.06245276
113,1,22,18,22,2,03中山區,中山區民權東路3段與民權東路3段75巷口,0,0,1,2,C03,8,5,5,50,3,1,1,5,4,5,13,4,4,1,4,5,2,16,1,60,2,5,6,1,7,9,1,10,1,11,,108,,1,21,121.5436606,25.06245276
113,1,22,18,24,2,03中山區,中山區龍江路39號與龍江路口,0,0,1,1,F01,8,5,5,50,4,2,1,5,4,5,13,4,4,9,5,5,2,9,2,54,3,10,4,1,7,9,8,20,11,11,,4,,1,21,121.5404553,25.0488351
113,1,22,18,24,2,03中山區,中山區龍江路39號與龍江路口,0,0,1,2,H01,8,5,5,50,4,2,1,5,4,5,13,4,4,9,5,5,2,9,2,31,2,9,4,5,8,16,8,20,10,16,,67,,1,22,121.5404553,25.0488351
113,1,22,18,46,2,06松山區,松山區復興北路145號,0,0,1,1,C04,7,5,5,50,14,9,1,5,4,5,13,4,4,1,4,5,2,13,2,42,2,9,5,1,7,9,1,8,1,11,,16,,1,22,121.5441547,25.0536722
113,1,22,18,46,2,06松山區,松山區復興北路145號,0,0,1,2,C03,7,5,5,50,14,9,1,5,4,5,13,4,4,1,4,5,2,13,1,29,3,10,6,1,7,9,1,10,1,13,,44,,1,22,121.5441547,25.0536722
113,1,22,19,2,2,12內湖區,內湖區康寧路3段與康寧路3段165巷口,0,0,1,1,B03,6,5,5,30,4,2,1,4,4,5,13,2,1,10,5,5,2,3,1,31,3,10,7,1,7,9,1,8,1,1,,70,,1,21,121.6113557,25.07052928
113,1,22,19,2,2,12內湖區,內湖區康寧路3段與康寧路3段165巷口,0,0,1,2,H01,6,5,5,30,4,2,1,4,4,5,13,2,1,10,5,5,2,3,2,41,2,9,4,5,8,16,8,20,10,16,,67,,1,21,121.6113557,25.07052928
113,1,22,19,5,2,02萬華區,萬華區西藏路與西藏路125巷口,0,0,1,1,B02,6,5,6,50,3,1,1,4,4,5,13,1,1,1,3,1,2,3,2,34,3,10,7,1,7,5,1,8,1,1,,44,,1,22,121.5023016,25.0297598
113,1,22,19,5,2,02萬華區,萬華區西藏路與西藏路125巷口,0,0,1,2,H01,6,5,6,50,3,1,1,4,4,5,13,1,1,1,3,1,2,3,2,63,2,9,4,5,8,16,8,20,1,16,,67,,1,22,121.5023016,25.0297598
113,1,22,19,19,2,03中山區,中山區長安東路2段與伊通街口,0,0,1,1,H01,8,5,5,50,4,2,1,5,4,5,13,1,1,5,4,5,2,7,2,44,2,9,4,5,8,16,8,20,10,16,,54,,1,22,121.5345179,25.048313
113,1,22,19,19,2,03中山區,中山區長安東路2段與伊通街口,0,0,1,2,B12,8,5,5,50,4,2,1,5,4,5,13,1,1,5,4,5,2,7,1,22,3,10,7,1,7,3,1,8,9,3,,18,,1,22,121.5345179,25.048313
113,1,22,19,46,1,08士林區,士林區忠誠路1段與德行東路132巷7弄口,1,0,1,1,C03,7,5,5,50,3,1,1,5,4,5,13,4,4,1,4,4,2,3,1,21,2,9,6,1,7,9,1,10,2,14,,107,,1,25,121.5297289,25.1068045
113,1,22,19,46,1,08士林區,士林區忠誠路1段與德行東路132巷7弄口,1,0,1,2,H01,7,5,5,50,3,1,1,5,4,5,13,4,4,1,4,4,2,3,2,77,1,1,4,5,8,16,8,20,10,16,,121,,1,21,121.5297289,25.1068045
113,1,22,21,12,2,12內湖區,內湖區康樂街129號,0,0,2,1,C03,6,5,5,50,14,9,1,4,4,5,13,4,4,9,5,5,2,17,1,23,2,8,5,1,7,9,1,10,2,11,,108,,1,21,121.6196037,25.07374203
113,1,22,21,12,2,12內湖區,內湖區康樂街129號,0,0,2,2,B03,6,5,5,50,14,9,1,4,4,5,13,4,4,9,5,5,2,17,1,23,3,10,3,4,7,13,3,18,9,7,,38,,1,21,121.6196037,25.07374203
113,1,22,21,12,2,12內湖區,內湖區康樂街129號,0,0,2,3,H02,6,5,5,50,14,9,1,4,4,5,13,4,4,9,5,5,2,17,2,19,2,9,6,5,7,21,8,20,10,16,,67,,1,21,121.6196037,25.07374203
113,1,22,21,46,2,03中山區,中山區濱江街與濱江街口七號水門口,0,0,1,1,B03,6,5,5,50,4,1,1,4,4,5,13,2,1,1,4,4,2,12,1,33,3,10,3,4,7,7,1,8,1,4,,100,,1,21,121.550998,25.0724639
113,1,22,21,46,2,03中山區,中山區濱江街與濱江街口七號水門口,0,0,1,2,C03,6,5,5,50,4,1,1,4,4,5,13,2,1,1,4,4,2,12,1,30,2,9,3,4,7,9,1,10,1,12,,13,,1,21,121.550998,25.0724639
113,1,22,21,55,2,06松山區,松山區長春路與慶城街口,0,0,1,1,B01,6,5,5,50,4,1,1,4,4,5,13,2,1,1,4,5,2,12,1,48,3,10,7,1,7,15,1,4,2,7,,71,,1,21,121.5459856,25.0545031
113,1,22,21,55,2,06松山區,松山區長春路與慶城街口,0,0,1,2,C03,6,5,5,50,4,1,1,4,4,5,13,2,1,1,4,5,2,12,1,39,2,9,5,1,7,9,1,10,2,11,,17,,1,26,121.5459856,25.0545031
113,1,22,22,2,2,08士林區,士林區格致路7號,0,0,1,1,B03,6,5,5,40,14,9,1,4,4,5,13,4,4,8,5,5,1,13,2,20,3,10,7,1,7,9,1,8,1,1,,108,,1,21,121.5462619,25.13632228
113,1,22,22,2,2,08士林區,士林區格致路7號,0,0,1,2,C03,6,5,5,40,14,9,1,4,4,5,13,4,4,8,5,5,1,13,2,22,2,8,5,1,7,14,1,10,1,13,,44,,1,21,121.5462619,25.13632228
113,1,22,23,6,2,12內湖區,內湖區內湖路1段91巷與內湖路1段口,0,0,1,1,B03,6,5,5,50,4,18,1,4,4,5,13,2,1,1,3,1,1,3,1,28,3,10,7,1,7,5,1,8,2,8,,70,,1,21,121.5612441,25.08450315
113,1,22,23,6,2,12內湖區,內湖區內湖路1段91巷與內湖路1段口,0,0,1,2,H01,6,5,5,50,4,18,1,4,4,5,13,2,1,1,3,1,1,3,1,23,2,9,4,5,8,16,8,20,1,16,,67,,1,21,121.5612441,25.08450315
113,1,23,2,35,1,02萬華區,萬華區環河快速道路往南上華中橋匝道,1,0,1,1,B03,6,5,5,60,8,7,1,4,4,5,13,4,4,3,4,5,2,35,1,54,2,9,7,1,7,9,1,8,2,5,,108,,1,22,121.4949059,25.0382832
113,1,23,2,35,1,02萬華區,萬華區環河快速道路往南上華中橋匝道,1,0,1,3,H02,6,5,5,60,8,7,1,4,4,5,13,4,4,3,4,5,2,35,1,57,1,9,2,5,7,20,8,20,10,16,,67,,1,22,121.4949059,25.0382832
113,1,23,2,35,1,02萬華區,萬華區環河快速道路往南上華中橋匝道,1,0,1,2,,6,5,5,60,8,7,1,4,4,5,13,4,4,3,4,5,2,35,3,0,,,,,,,,,,,,67,,1,,121.4949059,25.0382832
113,1,23,6,31,2,05中正區,中正區中華路1段與寶慶路口,0,0,1,1,C03,6,5,5,50,14,9,1,4,4,5,13,4,4,9,4,5,2,17,1,23,3,10,5,1,7,9,1,10,2,11,,42,,1,21,121.5083814,25.0418144
113,1,23,6,31,2,05中正區,中正區中華路1段與寶慶路口,0,0,1,2,F01,6,5,5,50,14,9,1,4,4,5,13,4,4,9,4,5,2,17,2,72,2,7,4,1,7,9,8,20,1,13,,42,,1,21,121.5083814,25.0418144
113,1,23,6,58,2,02萬華區,萬華區環河南路1段65號對面,0,0,3,1,C03,6,6,5,50,14,9,1,4,4,5,13,4,4,9,4,5,2,3,1,15,2,9,6,1,7,9,2,18,2,11,,108,,1,22,121.5028272,25.0459093
113,1,23,6,58,2,02萬華區,萬華區環河南路1段65號對面,0,0,3,2,H01,6,6,5,50,14,9,1,4,4,5,13,4,4,9,4,5,2,3,1,69,2,9,4,5,8,16,8,20,10,16,,121,,1,22,121.5028272,25.0459093
113,1,23,6,58,2,02萬華區,萬華區環河南路1段65號對面,0,0,3,3,C03,6,6,5,50,14,9,1,4,4,5,13,4,4,9,4,5,2,3,1,52,2,9,6,1,7,9,1,10,2,11,,108,,1,21,121.5028272,25.0459093
113,1,23,7,0,2,02萬華區,萬華區昆明街201巷與柳州街口,0,0,2,1,B03,8,7,5,30,3,2,1,4,4,5,10,4,4,9,5,5,2,17,1,54,3,10,7,1,7,5,1,8,1,8,,72,,1,21,121.5053732,25.03883987
113,1,23,7,0,2,02萬華區,萬華區昆明街201巷與柳州街口,0,0,2,2,C03,8,7,5,30,3,2,1,4,4,5,10,4,4,9,5,5,2,17,2,18,2,8,5,1,7,9,1,10,1,12,,44,,1,21,121.5053732,25.03883987
113,1,23,7,0,2,02萬華區,萬華區昆明街201巷與柳州街口,0,0,2,4,H02,8,7,5,30,3,2,1,4,4,5,10,4,4,9,5,5,2,17,2,18,2,1,5,5,7,21,8,20,10,16,,67,,1,21,121.5053732,25.03883987
113,1,23,7,0,2,02萬華區,萬華區昆明街201巷與柳州街口,0,0,2,3,B01,8,7,5,30,3,2,1,4,4,5,10,4,4,9,5,5,2,17,1,68,3,10,3,4,7,13,1,4,11,17,,38,,1,21,121.5053732,25.03883987
113,1,23,7,0,2,08士林區,士林區福華路與福華路147巷口,0,0,1,1,C03,6,5,5,50,3,18,1,4,4,5,13,4,4,1,4,5,2,3,1,56,3,10,6,1,7,9,1,10,9,11,,14,,2,22,121.5222449,25.1032833
113,1,23,7,0,2,08士林區,士林區福華路與福華路147巷口,0,0,1,2,H01,6,5,5,50,3,18,1,4,4,5,13,4,4,1,4,5,2,3,2,75,2,9,4,5,8,16,8,20,10,16,,121,,1,21,121.5222449,25.1032833
113,1,23,7,15,2,10文山區,文山區興隆路1段70巷11弄與景明街口口,0,0,1,1,F03,6,6,5,30,4,1,1,4,4,5,13,4,4,10,5,5,2,15,2,51,2,8,4,1,7,9,8,20,2,14,,72,,1,21,121.5409111,25.0015422
113,1,23,7,15,2,10文山區,文山區興隆路1段70巷11弄與景明街口口,0,0,1,2,B03,6,6,5,30,4,1,1,4,4,5,13,4,4,10,5,5,2,15,1,50,3,10,7,1,7,9,1,8,2,1,,44,,1,21,121.5409111,25.0015422
113,1,23,7,28,2,09北投區,北投區大業路與中和街口,0,0,1,1,B12,6,7,5,50,4,2,1,4,4,5,13,1,1,1,4,5,2,16,1,42,3,10,7,1,7,6,1,8,3,8,,108,,1,22,121.5034992,25.13736835
113,1,23,7,28,2,09北投區,北投區大業路與中和街口,0,0,1,2,C03,6,7,5,50,4,2,1,4,4,5,13,1,1,1,4,5,2,16,1,65,2,5,5,1,7,5,1,10,2,12,,42,,1,22,121.5034992,25.13736835
113,1,23,7,31,2,05中正區,中正區杭州南路1段與濟南路1段口,0,0,2,1,C03,6,7,5,50,3,1,1,4,4,5,13,1,1,9,4,5,2,16,1,62,2,8,5,1,7,5,6,9,2,13,,8,,1,21,121.5261275,25.04155582
113,1,23,7,31,2,05中正區,中正區杭州南路1段與濟南路1段口,0,0,2,2,C02,6,7,5,50,3,1,1,4,4,5,13,1,1,9,4,5,2,16,1,56,2,9,5,1,7,9,1,9,2,11,,13,,1,21,121.5261275,25.04155582
113,1,23,7,50,2,09北投區,北投區致遠一路2段與致遠一路2段111巷口,0,0,2,1,C03,6,6,5,50,4,1,1,4,4,5,13,4,4,9,4,5,2,15,2,25,2,9,5,1,7,9,1,10,1,11,,107,,1,21,121.5127502,25.1132693
113,1,23,7,50,2,09北投區,北投區致遠一路2段與致遠一路2段111巷口,0,0,2,2,C03,6,6,5,50,4,1,1,4,4,5,13,4,4,9,4,5,2,15,2,42,2,1,5,1,7,9,1,10,1,14,,72,,1,21,121.5127502,25.1132693
113,1,23,8,0,2,11南港區,南港區松河街長虹工地出入口,0,0,2,1,C03,6,6,5,40,14,9,1,4,4,5,13,4,4,8,3,5,2,17,1,48,2,9,3,4,7,15,1,10,1,11,,42,,1,21,121.6059406,25.058892
113,1,23,8,0,2,11南港區,南港區松河街長虹工地出入口,0,0,2,2,C03,6,6,5,40,14,9,1,4,4,5,13,4,4,8,3,5,2,17,1,31,2,9,3,4,7,15,1,10,1,13,,44,,1,21,121.6059406,25.058892
113,1,23,8,2,2,09北投區,北投區中和街與中和街57巷口,0,0,1,1,C03,9,7,5,50,3,1,1,4,4,5,13,4,4,5,5,5,2,17,2,20,2,9,5,1,7,9,1,10,2,14,,14,,1,22,121.5021319,25.13864593
113,1,23,8,2,2,09北投區,北投區中和街與中和街57巷口,0,0,1,2,,9,7,5,50,3,1,1,4,4,5,13,4,4,5,5,5,2,17,4,0,,,,,,,,,,,,119,,2,,121.5021319,25.13864593
113,1,23,8,15,2,02萬華區,萬華區堤外便道與長順街口底水門口,0,0,1,1,B03,6,6,5,40,4,1,1,4,4,5,13,2,1,5,5,5,2,17,1,68,3,10,7,1,7,5,1,8,1,1,,8,,1,21,121.4884767,25.03255878
113,1,23,8,15,2,02萬華區,萬華區堤外便道與長順街口底水門口,0,0,1,2,C03,6,6,5,40,4,1,1,4,4,5,13,2,1,5,5,5,2,17,1,51,2,9,6,1,7,9,1,10,1,11,,44,,1,21,121.4884767,25.03255878
113,1,23,8,15,2,12內湖區,內湖區民權東路6段153巷與民權東路6段口,0,0,1,1,B03,6,6,5,50,3,1,1,4,4,5,13,4,4,1,4,5,2,16,1,60,3,10,7,1,7,6,1,8,9,5,,42,,1,21,121.594854,25.06879324
113,1,23,8,15,2,12內湖區,內湖區民權東路6段153巷與民權東路6段口,0,0,1,2,C03,6,6,5,50,3,1,1,4,4,5,13,4,4,1,4,5,2,16,1,39,2,9,6,1,7,9,1,10,1,14,,108,,1,21,121.594854,25.06879324
113,1,23,8,16,2,09北投區,北投區明德路321號,0,0,1,1,C03,8,7,5,50,14,9,1,4,4,5,13,2,1,5,5,5,2,13,1,21,3,10,6,1,7,9,1,10,1,11,,17,,1,22,121.5203486,25.1155085
113,1,23,8,16,2,09北投區,北投區明德路321號,0,0,1,2,C03,8,7,5,50,14,9,1,4,4,5,13,2,1,5,5,5,2,13,2,41,2,9,6,1,7,9,1,10,1,13,,44,,1,22,121.5203486,25.1155085
113,1,23,8,19,2,12內湖區,內湖區文德路與文德路101巷口,0,0,1,1,B02,6,6,5,50,4,1,1,4,4,5,13,1,1,1,3,5,1,16,2,35,3,10,7,1,7,5,1,8,1,7,,71,,1,21,121.5835621,25.07858436
113,1,23,8,19,2,12內湖區,內湖區文德路與文德路101巷口,0,0,1,2,C03,6,6,5,50,4,1,1,4,4,5,13,1,1,1,3,5,1,16,1,28,2,7,6,1,7,9,1,10,1,11,,108,,1,21,121.5835621,25.07858436
113,1,23,8,25,2,12內湖區,內湖區新湖一路288號旁,0,0,1,1,B03,6,6,5,50,14,9,1,4,4,5,13,4,4,9,5,5,2,12,1,30,3,10,7,1,7,6,1,8,2,5,,9,,1,21,121.582754,25.06278174
113,1,23,8,25,2,12內湖區,內湖區新湖一路288號旁,0,0,1,2,C03,6,6,5,50,14,9,1,4,4,5,13,4,4,9,5,5,2,12,1,57,2,9,5,1,7,9,1,10,2,14,,44,,1,21,121.582754,25.06278174
113,1,23,8,34,2,10文山區,文山區木新路3段與一壽街口口前,0,0,1,1,C03,6,6,5,50,3,1,1,4,4,5,13,2,1,5,4,5,2,3,1,47,3,10,6,1,7,5,1,10,2,11,,70,,1,21,121.5561882,24.980578
113,1,23,8,34,2,10文山區,文山區木新路3段與一壽街口口前,0,0,1,2,H01,6,6,5,50,3,1,1,4,4,5,13,2,1,5,4,5,2,3,2,16,2,1,4,5,8,16,8,20,10,16,,53,,1,16,121.5561882,24.980578
113,1,23,8,47,2,05中正區,中正區重慶南路3段87號,0,0,1,1,C03,6,7,5,50,14,9,1,4,4,5,13,4,4,1,4,5,2,17,1,42,3,10,5,1,7,8,1,10,9,17,,100,,1,22,121.5165582,25.0252603
113,1,23,8,47,2,05中正區,中正區重慶南路3段87號,0,0,1,2,C03,6,7,5,50,14,9,1,4,4,5,13,4,4,1,4,5,2,17,1,21,2,7,5,1,7,9,1,10,1,14,,44,,1,22,121.5165582,25.0252603
113,1,23,9,24,2,02萬華區,萬華區長順街水門東側無名巷２３號停車格,0,0,1,1,B03,6,5,5,30,14,9,1,4,4,5,13,4,4,10,5,5,1,17,1,61,3,10,7,1,7,15,1,8,1,4,,40,,1,21,121.5072165,25.03516311
113,1,23,9,24,2,02萬華區,萬華區長順街水門東側無名巷２３號停車格,0,0,1,2,C03,6,5,5,30,14,9,1,4,4,5,13,4,4,10,5,5,1,17,1,67,2,9,6,1,7,9,1,8,1,14,,44,,1,21,121.5072165,25.03516311
113,1,23,9,24,2,04大安區,大安區和平東路3段與安和路2段口,0,0,1,1,B03,6,7,5,50,4,2,1,4,4,5,13,2,1,8,3,5,1,17,4,0,4,11,3,4,7,5,7,19,11,17,,119,,2,22,121.5503622,25.02463386
113,1,23,9,24,2,04大安區,大安區和平東路3段與安和路2段口,0,0,1,2,C03,6,7,5,50,4,2,1,4,4,5,13,2,1,8,3,5,1,17,1,36,2,8,5,1,7,9,1,10,1,17,,42,,1,26,121.5503622,25.02463386
113,1,23,9,33,2,02萬華區,萬華區忠孝橋機車道往臺北市,0,0,3,1,C03,6,7,5,40,8,11,1,4,4,5,13,4,4,1,5,5,2,17,1,60,2,8,5,1,7,9,1,10,1,15,,13,,1,21,121.5051583,25.04937567
113,1,23,9,33,2,02萬華區,萬華區忠孝橋機車道往臺北市,0,0,3,2,C03,6,7,5,40,8,11,1,4,4,5,13,4,4,1,5,5,2,17,1,54,3,10,5,1,7,9,1,10,1,11,,108,,1,21,121.5051583,25.04937567
113,1,23,9,33,2,02萬華區,萬華區忠孝橋機車道往臺北市,0,0,3,3,C03,6,7,5,40,8,11,1,4,4,5,13,4,4,1,5,5,2,17,1,24,2,7,5,1,7,9,1,10,1,11,,108,,1,21,121.5051583,25.04937567
113,1,23,9,33,2,02萬華區,萬華區忠孝橋機車道往臺北市,0,0,3,4,H02,6,7,5,40,8,11,1,4,4,5,13,4,4,1,5,5,2,17,2,54,2,8,5,5,7,20,8,20,10,16,,67,,1,21,121.5051583,25.04937567
113,1,23,9,40,2,07信義區,信義區嘉興街127巷與基隆路2段口,0,0,1,1,B03,6,7,5,50,3,2,1,4,4,5,13,1,1,3,4,5,2,12,1,31,4,11,3,4,7,8,7,19,9,15,,100,,2,22,121.5576006,25.0296138