發生年度,發生月,發生日,發生時-Hours,發生分,處理別-編號,區序,肇事地點,死亡人數,2-30日死亡人數,受傷人數,當事人序號,車種,天候,道路照明設備,道路類別,速限-速度限制,道路型態,事故位置,路面狀況1,路面狀況2,路面狀況3,道路障礙1,道路障礙2,號誌1,號誌2,車道劃分-分向,車道劃分-分道1,車道劃分-分道2,車道劃分-分道3,事故類型及型態,性別,年齡,受傷程度,主要傷處,保護裝置,行動電話,車輛用途,當事者行動狀態,駕駛資格情形,駕駛執照種類,飲酒情形,車輛撞擊部位1,車輛撞擊部位2,肇因碼-個別,肇因碼-主要,個人肇逃否,職業,座標-X,座標-Y
113,1,23,9,40,2,07信義區,信義區嘉興街127巷與基隆路2段口,0,0,1,2,C03,6,7,5,50,3,2,1,4,4,5,13,1,1,3,4,5,2,12,1,23,2,9,5,1,7,9,1,10,9,11,,119,,1,21,121.5576006,25.0296138
113,1,23,10,32,2,04大安區,大安區和平東路3段與基隆路2段口,0,0,1,1,B03,6,7,5,50,4,2,1,4,4,5,13,2,1,8,3,5,1,17,1,23,3,10,7,1,7,6,1,8,1,2,,5,,1,21,121.5527999,25.0246519
113,1,23,10,32,2,04大安區,大安區和平東路3段與基隆路2段口,0,0,1,2,C03,6,7,5,50,4,2,1,4,4,5,13,2,1,8,3,5,1,17,1,22,2,8,5,1,7,9,1,10,1,14,,13,,1,26,121.5527999,25.0246519
113,1,23,11,4,2,02萬華區,萬華區環河南路2段與環河南路2段149巷口,0,0,2,1,C03,6,7,5,50,3,2,1,4,4,5,13,1,1,1,4,5,2,16,1,73,2,9,5,1,7,11,1,10,1,14,,10,,1,21,121.492895,25.0338209
113,1,23,11,4,2,02萬華區,萬華區環河南路2段與環河南路2段149巷口,0,0,2,2,C03,6,7,5,50,3,2,1,4,4,5,13,1,1,1,4,5,2,16,1,35,2,8,5,1,7,9,1,10,1,12,,44,,1,21,121.492895,25.0338209
113,1,23,11,43,2,04大安區,大安區忠孝東路4段與忠孝東路4段77巷口,0,0,1,1,C03,6,5,5,50,4,2,1,4,4,5,13,2,1,1,4,5,2,17,1,24,2,9,6,1,7,3,1,9,1,14,,42,,1,21,121.5474446,25.0416437
113,1,23,11,43,2,04大安區,大安區忠孝東路4段與忠孝東路4段77巷口,0,0,1,2,B01,6,5,5,50,4,2,1,4,4,5,13,2,1,1,4,5,2,17,1,59,3,10,7,1,7,9,1,4,1,17,,14,,1,21,121.5474446,25.0416437
113,1,23,11,55,2,01大同區,大同區環河北路1段191號,0,0,1,1,C03,7,6,5,50,14,9,1,4,4,5,13,4,4,10,4,5,2,17,1,73,2,9,6,1,7,8,1,10,2,12,,100,,1,21,121.5080279,25.0558567
113,1,23,11,55,2,01大同區,大同區環河北路1段191號,0,0,1,2,C03,7,6,5,50,14,9,1,4,4,5,13,4,4,10,4,5,2,17,1,19,3,10,6,1,7,9,1,10,2,14,,44,,1,21,121.5080279,25.0558567
113,1,23,12,4,2,02萬華區,萬華區西寧南路4號,0,0,1,1,H01,6,7,5,50,14,9,1,4,4,3,10,4,4,5,4,5,2,3,2,75,2,9,4,5,8,16,8,20,10,16,,121,,1,22,121.507473,25.0482578
113,1,23,12,4,2,02萬華區,萬華區西寧南路4號,0,0,1,2,C03,6,7,5,50,14,9,1,4,4,3,10,4,4,5,4,5,2,3,1,38,3,10,5,1,7,9,1,10,1,11,,44,,1,22,121.507473,25.0482578
113,1,23,12,29,2,01大同區,大同區塔城街與鄭州路口,0,0,1,1,B12,7,6,5,50,5,1,1,4,4,5,13,2,1,5,4,5,2,12,1,38,4,11,3,4,7,9,7,8,11,6,,17,,2,21,121.510554,25.0504679
113,1,23,12,29,2,01大同區,大同區塔城街與鄭州路口,0,0,1,2,C03,7,6,5,50,5,1,1,4,4,5,13,2,1,5,4,5,2,12,1,29,2,9,6,1,7,9,1,10,1,14,,17,,1,21,121.510554,25.0504679
113,1,23,12,37,2,10文山區,文山區辛亥路5段與興隆路2段244巷口,0,0,1,1,B03,7,6,5,30,4,18,1,4,4,5,13,2,1,5,5,5,2,2,1,59,3,10,7,1,7,5,1,8,2,8,,70,,1,21,121.5540084,24.9998269
113,1,23,12,37,2,10文山區,文山區辛亥路5段與興隆路2段244巷口,0,0,1,2,H01,7,6,5,30,4,18,1,4,4,5,13,2,1,5,5,5,2,2,2,64,2,9,4,5,8,16,8,20,10,16,,67,,1,21,121.5540084,24.9998269
113,1,23,12,44,2,05中正區,中正區林森北路與林森北路9巷口,0,0,1,1,C03,7,6,5,50,3,1,1,4,4,5,13,4,4,7,4,5,2,13,1,23,2,8,6,1,7,9,1,10,2,14,,108,,1,21,121.5235872,25.04589033
113,1,23,12,44,2,05中正區,中正區林森北路與林森北路9巷口,0,0,1,2,B13,7,6,5,50,3,1,1,4,4,5,13,4,4,7,4,5,2,13,1,37,3,10,7,1,7,14,1,8,2,6,,44,,1,21,121.5235872,25.04589033
113,1,23,12,53,2,03中山區,中山區合江街93巷與合江街口,0,0,2,1,C03,6,6,5,30,4,1,1,4,4,5,13,4,4,8,5,5,1,15,1,32,2,8,3,4,7,9,1,9,1,14,,80,,1,21,121.5392204,25.05950244
113,1,23,12,53,2,03中山區,中山區合江街93巷與合江街口,0,0,2,2,C03,6,6,5,30,4,1,1,4,4,5,13,4,4,8,5,5,1,15,1,23,2,9,3,4,7,9,1,9,1,11,,14,,1,21,121.5392204,25.05950244
113,1,23,12,53,2,03中山區,中山區合江街93巷與合江街口,0,0,2,3,B01,6,6,5,30,4,1,1,4,4,5,13,4,4,8,5,5,1,15,1,71,4,11,3,4,7,11,1,8,9,15,,10,,2,21,121.5392204,25.05950244
113,1,23,12,59,2,08士林區,士林區中正路287號,0,0,1,1,B03,8,6,5,50,14,9,1,5,4,5,13,4,4,1,4,5,2,16,1,18,3,10,3,4,7,7,3,18,1,7,,100,,1,22,121.5235775,25.09473729
113,1,23,12,59,2,08士林區,士林區中正路287號,0,0,1,2,C03,8,6,5,50,14,9,1,5,4,5,13,4,4,1,4,5,2,16,2,29,2,8,3,4,7,9,1,10,1,12,,44,,1,22,121.5235775,25.09473729
113,1,23,13,21,2,03中山區,中山區長安東路2段與八德路2段167巷口,0,0,3,1,C03,6,6,5,50,3,1,1,4,4,5,13,4,4,5,4,5,2,17,1,73,2,9,5,1,7,5,6,10,2,14,12,8,,1,21,121.5379437,25.04839206
113,1,23,13,21,2,03中山區,中山區長安東路2段與八德路2段167巷口,0,0,3,2,C03,6,6,5,50,3,1,1,4,4,5,13,4,4,5,4,5,2,17,1,36,2,9,5,1,7,9,1,10,2,11,12,13,,1,21,121.5379437,25.04839206
113,1,23,13,21,2,03中山區,中山區長安東路2段與八德路2段167巷口,0,0,3,3,H02,6,6,5,50,3,1,1,4,4,5,13,4,4,5,4,5,2,17,2,55,2,9,5,5,7,20,8,20,10,16,,67,,1,21,121.5379437,25.04839206
113,1,23,13,54,2,11南港區,南港區南港路1段與興中路口,0,0,1,1,B01,6,6,5,50,4,1,1,4,4,5,13,2,1,5,4,5,2,16,1,58,3,10,3,4,7,5,1,5,2,8,,74,,1,21,121.6074658,25.0544381
113,1,23,13,54,2,11南港區,南港區南港路1段與興中路口,0,0,1,2,C03,6,6,5,50,4,1,1,4,4,5,13,2,1,5,4,5,2,16,1,54,2,8,3,4,7,9,1,10,2,11,,13,,1,21,121.6074658,25.0544381
113,1,23,15,0,2,03中山區,中山區中山北路1段與市民大道2段口,0,0,1,1,C03,8,5,5,50,4,1,1,5,4,5,13,1,1,1,4,5,2,13,1,19,3,10,6,1,7,9,1,10,1,11,,16,,1,21,121.5209664,25.04824713
113,1,23,15,0,2,03中山區,中山區中山北路1段與市民大道2段口,0,0,1,2,C03,8,5,5,50,4,1,1,5,4,5,13,1,1,1,4,5,2,13,1,44,3,10,6,1,7,9,1,10,1,13,,44,,1,21,121.5209664,25.04824713
113,1,23,15,0,2,03中山區,中山區中山北路1段與市民大道2段口,0,0,1,3,C03,8,5,5,50,4,1,1,5,4,5,13,1,1,1,4,5,2,13,2,24,2,8,6,1,7,9,1,10,1,13,,44,,1,21,121.5209664,25.04824713
113,1,23,15,11,2,09北投區,北投區承德路7段與吉利街口,0,0,2,1,C03,6,6,5,30,14,9,1,4,4,5,13,4,4,9,4,5,2,16,2,38,2,7,5,1,7,6,1,10,1,11,,80,,1,21,121.5036945,25.11797281
113,1,23,15,11,2,09北投區,北投區承德路7段與吉利街口,0,0,2,2,F01,6,6,5,30,14,9,1,4,4,5,13,4,4,9,4,5,2,16,2,50,2,7,4,1,7,9,8,20,1,11,,53,,1,21,121.5036945,25.11797281
113,1,23,15,28,2,03中山區,中山區建國北路1段1號,0,0,1,1,C03,7,7,5,50,14,9,1,5,4,5,13,4,4,1,4,5,2,13,1,25,2,9,5,1,7,9,1,10,1,12,,108,,1,22,121.5369571,25.046525
113,1,23,15,28,2,03中山區,中山區建國北路1段1號,0,0,1,2,B03,7,7,5,50,14,9,1,5,4,5,13,4,4,1,4,5,2,13,2,40,3,10,7,1,7,6,1,8,1,7,,44,,1,22,121.5369571,25.046525
113,1,23,15,52,2,09北投區,北投區石牌路1段158號,0,0,1,1,B03,7,7,5,50,14,9,1,5,4,5,13,4,4,5,4,5,2,16,2,33,3,10,7,1,7,5,1,8,1,1,,99,,1,22,121.5132019,25.11443899
113,1,23,15,52,2,09北投區,北投區石牌路1段158號,0,0,1,2,C03,7,7,5,50,14,9,1,5,4,5,13,4,4,5,4,5,2,16,1,43,2,9,5,1,7,9,1,9,1,11,,44,,1,22,121.5132019,25.11443899
113,1,23,15,54,2,01大同區,大同區承德路3段與民族西路口,0,0,1,1,C03,7,5,5,50,4,2,1,5,4,5,13,2,1,1,4,5,2,12,1,52,2,9,3,4,7,15,6,18,1,14,,42,,1,21,121.518663,25.0685757
113,1,23,15,54,2,01大同區,大同區承德路3段與民族西路口,0,0,1,2,A11,7,5,5,50,4,2,1,5,4,5,13,2,1,1,4,5,2,12,1,42,3,10,3,4,7,9,1,1,1,2,,108,,1,21,121.518663,25.0685757
113,1,23,17,11,2,11南港區,南港區南港路2段99號與南港路2段口,0,0,1,1,B03,6,6,5,50,3,1,1,4,4,5,13,2,1,4,3,4,2,17,1,26,3,10,3,4,7,11,1,8,2,1,,10,,1,21,121.5970823,25.0542361
113,1,23,17,11,2,11南港區,南港區南港路2段99號與南港路2段口,0,0,1,2,C03,6,6,5,50,3,1,1,4,4,5,13,2,1,4,3,4,2,17,1,25,2,9,3,4,7,9,3,18,2,11,,44,,1,21,121.5970823,25.0542361
113,1,23,17,17,2,05中正區,中正區重慶南路2段與愛國西路口,0,0,1,1,B13,8,5,5,50,4,2,1,5,4,5,13,1,1,1,4,5,2,13,1,40,3,10,7,1,7,15,1,8,11,8,,16,,1,22,121.5127129,25.0347951
113,1,23,17,17,2,05中正區,中正區重慶南路2段與愛國西路口,0,0,1,2,C03,8,5,5,50,4,2,1,5,4,5,13,1,1,1,4,5,2,13,2,47,2,9,6,1,7,15,1,10,9,13,,44,,1,22,121.5127129,25.0347951
113,1,23,17,25,2,04大安區,大安區忠孝東路4段55號,0,0,1,1,A02,6,5,5,50,14,9,1,4,4,5,13,4,4,1,4,5,2,17,1,32,3,10,7,1,7,9,1,2,1,15,,44,,1,21,121.5454181,25.0416996
113,1,23,17,25,2,04大安區,大安區忠孝東路4段55號,0,0,1,2,F01,6,5,5,50,14,9,1,4,4,5,13,4,4,1,4,5,2,17,2,18,2,9,4,1,7,10,8,20,1,15,,100,,1,21,121.5454181,25.0416996
113,1,23,17,45,2,03中山區,中山區林森北路與新生北路2段58巷口,0,0,2,1,C03,7,5,5,30,4,1,1,5,4,5,13,4,4,10,5,5,2,15,2,47,2,8,6,1,7,9,1,10,1,14,,4,,1,21,121.5254654,25.055381
113,1,23,17,45,2,03中山區,中山區林森北路與新生北路2段58巷口,0,0,2,2,C03,7,5,5,30,4,1,1,5,4,5,13,4,4,10,5,5,2,15,1,49,2,8,6,1,7,9,1,10,1,11,,13,,1,21,121.5254654,25.055381
113,1,23,17,50,2,06松山區,松山區南京東路3段300號,0,0,1,1,F01,8,5,5,0,22,20,4,5,4,5,13,4,4,10,5,5,2,17,4,0,,,,,,,,,,,,119,,2,,121.5459504,25.05167769
113,1,23,17,50,2,06松山區,松山區南京東路3段300號,0,0,1,2,F01,8,5,5,0,22,20,4,5,4,5,13,4,4,10,5,5,2,17,2,37,2,8,3,4,7,9,8,20,1,15,,118,,1,22,121.5459504,25.05167769
113,1,23,18,0,2,05中正區,中正區衡陽路與博愛路口,0,0,1,1,C03,7,5,5,50,4,2,1,5,4,5,13,1,1,9,4,5,2,16,1,46,3,10,5,1,7,6,1,10,2,12,,9,,1,21,121.5115182,25.04232383
113,1,23,18,0,2,05中正區,中正區衡陽路與博愛路口,0,0,1,2,C03,7,5,5,50,4,2,1,5,4,5,13,1,1,9,4,5,2,16,1,48,2,9,5,1,7,9,1,10,2,11,,108,,1,21,121.5115182,25.04232383
113,1,23,18,10,2,03中山區,中山區復興北路與民生東路3段口,0,0,1,1,C03,8,5,8,50,4,1,1,5,4,5,13,1,1,1,3,5,1,17,1,46,2,9,6,1,7,9,1,10,2,11,,16,,1,21,121.5439966,25.0578758
113,1,23,18,10,2,03中山區,中山區復興北路與民生東路3段口,0,0,1,2,C03,8,5,8,50,4,1,1,5,4,5,13,1,1,1,3,5,1,17,1,29,3,10,6,1,7,9,1,10,2,13,,44,,1,21,121.5439966,25.0578758
113,1,23,18,30,2,01大同區,大同區承德路2段53巷與赤峰街口,0,0,1,1,C03,7,6,5,30,4,1,1,5,4,5,13,4,4,10,5,5,1,15,1,24,3,10,6,1,7,9,1,10,1,12,,14,,1,21,121.5196521,25.05530278
113,1,23,18,30,2,01大同區,大同區承德路2段53巷與赤峰街口,0,0,1,2,C03,7,6,5,30,4,1,1,5,4,5,13,4,4,10,5,5,1,15,1,44,2,9,6,1,7,9,1,10,1,11,,14,,1,21,121.5196521,25.05530278
113,1,23,18,30,2,07信義區,信義區信安街與信安街103巷口,0,0,1,1,B03,6,5,5,50,4,18,1,4,4,5,13,4,4,9,5,5,2,3,1,54,3,10,3,4,7,9,1,8,2,1,,70,,1,22,121.5565315,25.0253329
113,1,23,18,30,2,07信義區,信義區信安街與信安街103巷口,0,0,1,2,H01,6,5,5,50,4,18,1,4,4,5,13,4,4,9,5,5,2,3,2,59,2,9,4,5,8,16,8,20,10,16,,67,,1,22,121.5565315,25.0253329
113,1,23,18,37,2,07信義區,信義區松仁路226號,0,0,1,1,C03,6,5,5,50,14,9,1,4,4,5,13,4,4,9,4,5,2,18,2,39,2,1,6,1,7,9,1,10,9,12,,44,,1,22,121.5689067,25.0256678
113,1,23,18,37,2,07信義區,信義區松仁路226號,0,0,1,2,,6,5,5,50,14,9,1,4,4,5,13,4,4,9,4,5,2,18,3,0,,,,,,,,,,,,67,,1,,121.5689067,25.0256678
113,1,23,18,46,2,03中山區,中山區明水路往西北安國中前,0,0,1,1,C03,8,5,5,50,14,9,1,5,4,5,13,4,4,1,4,5,1,17,2,20,2,9,6,1,7,9,1,10,1,14,,108,,1,21,121.5410974,25.0777135
113,1,23,18,46,2,03中山區,中山區明水路往西北安國中前,0,0,1,2,C03,8,5,5,50,14,9,1,5,4,5,13,4,4,1,4,5,1,17,1,28,3,10,6,1,7,9,1,10,1,11,,108,,1,21,121.5410974,25.0777135
113,1,23,18,55,2,03中山區,中山區市民大道2段與林森北路口,0,0,1,1,B03,7,5,5,50,4,1,1,5,4,5,13,2,1,1,3,5,2,16,1,37,3,10,3,4,7,5,5,4,2,6,,98,,1,22,121.5241835,25.047873
113,1,23,18,55,2,03中山區,中山區市民大道2段與林森北路口,0,0,1,2,C03,7,5,5,50,4,1,1,5,4,5,13,2,1,1,3,5,2,16,1,27,2,8,3,4,7,9,1,10,2,11,,44,,1,22,121.5241835,25.047873
113,1,23,18,55,2,12內湖區,內湖區新湖一路東向西(近路燈0305025),0,0,1,1,B03,6,5,8,50,14,9,1,4,4,5,13,4,4,5,5,5,2,17,1,38,3,10,7,1,7,15,1,8,2,4,,40,,1,21,121.5800652,25.06081627
113,1,23,18,55,2,12內湖區,內湖區新湖一路東向西(近路燈0305025),0,0,1,2,C03,6,5,8,50,14,9,1,4,4,5,13,4,4,5,5,5,2,17,2,40,2,9,5,1,7,9,1,10,2,12,,44,,1,21,121.5800652,25.06081627
113,1,23,18,55,2,12內湖區,內湖區新湖一路東向西(近路燈0305025),0,0,1,3,B03,6,5,8,50,14,9,1,4,4,5,13,4,4,5,5,5,2,17,1,64,3,10,7,1,7,14,1,8,2,6,,44,,1,21,121.5800652,25.06081627
113,1,23,19,29,2,05中正區,中正區羅斯福路1段7號,0,0,1,1,B03,7,7,5,50,14,7,1,5,4,5,13,4,4,1,4,4,2,12,1,24,4,11,3,4,7,9,7,19,11,5,,108,,2,22,121.5175712,25.033569
113,1,23,19,29,2,05中正區,中正區羅斯福路1段7號,0,0,1,2,C03,7,7,5,50,14,7,1,5,4,5,13,4,4,1,4,4,2,12,2,26,2,2,5,4,7,7,1,10,9,13,,100,,1,21,121.5175712,25.033569
113,1,23,19,32,2,03中山區,中山區北安路608巷4弄與北安路608巷14弄口,0,0,1,1,B12,8,5,5,30,3,1,1,5,4,5,13,4,4,4,3,5,1,3,1,66,3,10,7,1,7,5,1,8,2,8,,70,,1,21,121.5502506,25.0814926
113,1,23,19,32,2,03中山區,中山區北安路608巷4弄與北安路608巷14弄口,0,0,1,2,H01,8,5,5,30,3,1,1,5,4,5,13,4,4,4,3,5,1,3,2,62,2,9,4,5,8,16,8,20,10,16,,67,,1,21,121.5502506,25.0814926
113,1,23,20,7,2,02萬華區,萬華區康定路24號附近側附近,0,0,1,1,C03,7,5,5,50,14,9,1,5,4,5,13,4,4,5,5,5,2,12,2,48,2,9,6,1,7,7,1,10,1,14,,100,,1,21,121.5029217,25.0446115
113,1,23,20,7,2,02萬華區,萬華區康定路24號附近側附近,0,0,1,2,B01,7,5,5,50,14,9,1,5,4,5,13,4,4,5,5,5,2,12,2,48,3,10,7,1,7,9,1,4,1,2,,44,,1,21,121.5029217,25.0446115
113,1,23,20,40,2,09北投區,北投區大業路與豐年路2段口,0,0,1,1,B03,8,5,8,50,4,1,1,5,4,5,13,2,1,1,3,1,1,17,2,48,3,10,7,1,7,5,1,8,1,17,,71,,1,21,121.4964239,25.1348952
113,1,23,20,40,2,09北投區,北投區大業路與豐年路2段口,0,0,1,2,C03,8,5,8,50,4,1,1,5,4,5,13,2,1,1,3,1,1,17,1,16,2,9,6,1,7,9,2,18,1,11,2,44,,1,21,121.4964239,25.1348952
113,1,23,20,47,2,07信義區,信義區基隆路1段149號,0,0,1,1,B02,7,5,5,50,14,9,1,5,4,5,13,4,4,10,4,5,2,17,1,23,3,10,7,1,7,15,1,8,1,2,,108,,1,21,121.565504,25.0425814
113,1,23,20,47,2,07信義區,信義區基隆路1段149號,0,0,1,2,C03,7,5,5,50,14,9,1,5,4,5,13,4,4,10,4,5,2,17,1,25,2,9,5,1,7,9,1,10,1,14,,44,,1,21,121.565504,25.0425814
113,1,23,21,6,2,03中山區,中山區吉林路24號,0,0,1,1,B01,8,5,5,50,14,9,1,5,4,5,13,4,4,4,3,5,1,17,1,31,3,10,7,1,7,11,1,4,1,7,,103,,1,21,121.5300109,25.0515021
113,1,23,21,6,2,03中山區,中山區吉林路24號,0,0,1,2,C03,8,5,5,50,14,9,1,5,4,5,13,4,4,4,3,5,1,17,1,38,2,9,6,1,7,9,1,10,1,14,,44,,1,21,121.5300109,25.0515021
113,1,23,21,24,2,09北投區,北投區公館路423巷8弄與公館路口,0,0,1,1,C03,8,5,5,30,3,1,1,5,4,5,13,3,1,9,4,5,2,17,2,54,3,10,3,4,7,5,1,10,1,11,,72,,1,21,121.5020014,25.1201657
113,1,23,21,24,2,09北投區,北投區公館路423巷8弄與公館路口,0,0,1,2,C03,8,5,5,30,3,1,1,5,4,5,13,3,1,9,4,5,2,17,1,23,2,9,3,4,7,9,1,10,1,11,,44,,1,21,121.5020014,25.1201657
113,1,23,22,0,2,02萬華區,萬華區中華路1段與忠孝西路2段口,0,0,1,1,B11,7,5,5,50,4,2,1,5,4,5,13,1,1,1,3,5,1,13,1,29,3,10,3,4,7,9,1,8,1,1,,16,,1,21,121.5101649,25.0474822
113,1,23,22,0,2,02萬華區,萬華區中華路1段與忠孝西路2段口,0,0,1,2,B02,7,5,5,50,4,2,1,5,4,5,13,1,1,1,3,5,1,13,2,48,2,9,3,4,7,9,1,8,1,3,,44,,1,21,121.5101649,25.0474822
113,1,23,22,25,2,12內湖區,內湖區新明路與新明路321巷口,0,0,1,1,C03,8,5,5,50,3,2,1,5,4,1,11,2,1,5,4,5,1,17,1,29,2,6,6,1,7,6,1,10,1,12,,9,,1,21,121.5843616,25.0568665
113,1,23,22,25,2,12內湖區,內湖區新明路與新明路321巷口,0,0,1,2,C03,8,5,5,50,3,2,1,5,4,1,11,2,1,5,4,5,1,17,1,19,3,10,6,1,7,9,1,10,1,14,,44,,1,21,121.5843616,25.0568665
113,1,23,22,25,2,12內湖區,內湖區新明路與新明路321巷口,0,0,1,3,,8,5,5,50,3,2,1,5,4,1,11,2,1,5,4,5,1,17,3,0,,,,,,,,,,,,67,,1,,121.5843616,25.0568665
113,1,23,22,31,2,06松山區,松山區長春路與長春路339巷口,0,0,1,1,B03,7,5,5,30,4,1,1,5,4,5,13,4,4,5,4,5,2,15,1,57,3,10,7,1,7,9,1,4,2,5,,80,,1,22,121.5447671,25.0544995
113,1,23,22,31,2,06松山區,松山區長春路與長春路339巷口,0,0,1,2,C03,7,5,5,30,4,1,1,5,4,5,13,4,4,5,4,5,2,15,1,41,2,9,6,1,7,9,1,10,2,11,,14,,1,22,121.5447671,25.0544995
113,1,23,23,6,2,06松山區,松山區健康路225巷與延壽街330巷17弄口,0,0,2,1,C03,7,5,5,30,4,1,1,5,4,5,13,4,4,10,5,5,2,15,2,23,2,7,6,1,7,9,1,10,1,14,,118,,1,21,121.5623731,25.05489295
113,1,23,23,6,2,06松山區,松山區健康路225巷與延壽街330巷17弄口,0,0,2,2,C03,7,5,5,30,4,1,1,5,4,5,13,4,4,10,5,5,2,15,2,26,2,7,6,1,7,9,1,10,1,11,,118,,1,21,121.5623731,25.05489295
113,1,23,23,16,2,03中山區,中山區新生北路1段與長安東路1段口,0,0,1,1,B03,8,5,5,50,4,1,1,5,4,5,13,1,1,1,3,5,1,15,1,24,3,10,7,1,7,9,1,8,2,4,,81,,1,21,121.5294923,25.0481402
113,1,23,23,16,2,03中山區,中山區新生北路1段與長安東路1段口,0,0,1,2,C03,8,5,5,50,4,1,1,5,4,5,13,1,1,1,3,5,1,15,1,19,2,9,6,1,7,9,1,10,2,11,,44,,1,21,121.5294923,25.0481402
113,1,24,0,47,2,07信義區,信義區信安街與嘉興街181巷口,0,0,1,1,B03,7,5,5,50,4,2,1,5,4,5,13,2,1,9,5,5,2,3,1,60,3,10,7,1,7,5,1,8,2,8,,70,,1,21,121.5575654,25.0262242
113,1,24,0,47,2,07信義區,信義區信安街與嘉興街181巷口,0,0,1,2,H01,7,5,5,50,4,2,1,5,4,5,13,2,1,9,5,5,2,3,1,44,2,9,4,5,8,16,8,20,10,16,,123,,1,21,121.5575654,25.0262242
113,1,24,6,53,2,12內湖區,內湖區民權東路6段與瑞光路口,0,0,2,1,C03,7,6,5,50,4,1,1,5,4,5,13,2,1,9,4,5,2,16,1,44,2,8,6,1,7,9,1,10,1,11,,13,,1,21,121.5842827,25.06883938
113,1,24,6,53,2,12內湖區,內湖區民權東路6段與瑞光路口,0,0,2,2,C03,7,6,5,50,4,1,1,5,4,5,13,2,1,9,4,5,2,16,1,36,2,9,6,1,7,6,1,10,1,13,,9,,1,21,121.5842827,25.06883938
113,1,24,7,0,2,08士林區,士林區仁民路東往西,0,0,1,1,B03,7,6,5,30,11,9,1,5,4,5,13,4,4,10,5,5,2,10,2,57,3,10,7,1,7,9,1,8,9,8,,5,,1,21,121.545707,25.13401744
113,1,24,7,0,2,08士林區,士林區仁民路東往西,0,0,1,2,C03,7,6,5,30,11,9,1,5,4,5,13,4,4,10,5,5,2,10,1,20,2,8,5,1,7,9,1,10,9,11,,108,,1,21,121.545707,25.13401744
113,1,24,7,40,2,02萬華區,萬華區萬大路與萬大路186巷口,0,0,2,1,C03,7,6,5,30,3,1,1,5,4,5,13,2,1,10,5,5,2,16,2,31,2,9,6,1,7,5,1,10,1,12,,98,,1,21,121.5005227,25.02783905
113,1,24,7,40,2,02萬華區,萬華區萬大路與萬大路186巷口,0,0,2,2,C03,7,6,5,30,3,1,1,5,4,5,13,2,1,10,5,5,2,16,1,58,2,9,5,1,7,9,1,10,1,11,,13,,1,26,121.5005227,25.02783905
113,1,24,7,52,2,10文山區,文山區和平東路4段第232號燈桿前,0,0,1,1,C03,7,6,5,40,11,9,1,5,4,5,13,4,4,4,5,5,1,18,1,24,2,9,6,1,7,9,1,10,1,12,,118,,1,21,121.571537,25.004356
113,1,24,7,52,2,10文山區,文山區和平東路4段第232號燈桿前,0,0,1,2,,7,6,5,40,11,9,1,5,4,5,13,4,4,4,5,5,1,18,3,0,,,,,,,,,,,,67,,1,,121.571537,25.004356
113,1,24,7,55,2,10文山區,文山區木柵路5段43巷2070123燈桿對面,0,0,1,1,C03,7,6,5,30,11,9,1,4,4,5,13,4,4,5,5,5,2,18,1,26,2,9,3,4,7,9,1,10,9,14,,44,,1,22,121.5863078,25.00696652
113,1,24,7,55,2,10文山區,文山區木柵路5段43巷2070123燈桿對面,0,0,1,2,,7,6,5,30,11,9,1,4,4,5,13,4,4,5,5,5,2,18,3,0,,,,,,,,,10,,,67,,1,,121.5863078,25.00696652
113,1,24,7,59,2,08士林區,士林區延平北路7段106巷與延平北路7段106巷327弄口,0,0,2,1,C03,7,7,5,40,3,1,1,5,4,5,13,1,1,10,5,5,1,17,1,35,2,9,6,1,7,5,1,10,1,11,,80,,1,21,121.4959412,25.10453769
113,1,24,7,59,2,08士林區,士林區延平北路7段106巷與延平北路7段106巷327弄口,0,0,2,2,C03,7,7,5,40,3,1,1,5,4,5,13,1,1,10,5,5,1,17,1,18,2,9,6,1,7,9,1,10,1,11,,13,,1,21,121.4959412,25.10453769
113,1,24,8,0,2,06松山區,松山區松河街240號,0,0,1,1,C03,7,6,5,40,14,9,1,5,4,5,13,4,4,9,5,5,2,13,2,22,2,9,6,1,7,9,1,10,1,12,,16,,1,21,121.5785974,25.05183517
113,1,24,8,0,2,06松山區,松山區松河街240號,0,0,1,2,C03,7,6,5,40,14,9,1,5,4,5,13,4,4,9,5,5,2,13,1,59,3,10,6,1,7,9,1,10,1,13,,44,,1,22,121.5785974,25.05183517
113,1,24,8,5,2,09北投區,北投區裕民一路與裕民一路40巷口,0,0,1,1,C03,7,7,5,30,3,2,1,5,4,5,13,4,4,10,5,5,2,18,1,28,2,8,5,1,7,5,1,10,9,12,,42,,1,22,121.517197,25.11653819
113,1,24,8,5,2,09北投區,北投區裕民一路與裕民一路40巷口,0,0,1,2,,7,7,5,30,3,2,1,5,4,5,13,4,4,10,5,5,2,18,3,0,,,,,,,,,10,,,67,,,,121.517197,25.11653819
113,1,24,8,7,2,07信義區,信義區吳興街與吳興街345巷口,0,0,1,1,B03,8,7,5,50,3,1,1,5,4,5,13,4,4,9,5,5,2,17,1,39,3,10,3,4,7,6,1,8,1,8,,108,,1,21,121.565958,25.0265442
113,1,24,8,7,2,07信義區,信義區吳興街與吳興街345巷口,0,0,1,2,C03,8,7,5,50,3,1,1,5,4,5,13,4,4,9,5,5,2,17,2,57,2,9,3,4,7,15,1,10,1,11,,80,,1,21,121.565958,25.0265442