發生年度,發生月,發生日,發生時-Hours,發生分,處理別-編號,區序,肇事地點,死亡人數,2-30日死亡人數,受傷人數,當事人序號,車種,天候,道路照明設備,道路類別,速限-速度限制,道路型態,事故位置,路面狀況1,路面狀況2,路面狀況3,道路障礙1,道路障礙2,號誌1,號誌2,車道劃分-分向,車道劃分-分道1,車道劃分-分道2,車道劃分-分道3,事故類型及型態,性別,年齡,受傷程度,主要傷處,保護裝置,行動電話,車輛用途,當事者行動狀態,駕駛資格情形,駕駛執照種類,飲酒情形,車輛撞擊部位1,車輛撞擊部位2,肇因碼-個別,肇因碼-主要,個人肇逃否,職業,座標-X,座標-Y
113,1,24,8,10,2,08士林區,士林區中山北路5段250號往南,0,0,1,1,A02,8,6,5,50,14,9,1,5,4,5,13,4,4,4,3,5,1,9,1,49,3,10,7,1,7,12,1,1,9,17,,42,,1,22,121.5257892,25.0863362
113,1,24,8,10,2,08士林區,士林區中山北路5段250號往南,0,0,1,2,H02,8,6,5,50,14,9,1,5,4,5,13,4,4,4,3,5,1,9,2,57,2,3,4,5,7,17,8,20,10,16,,60,,1,22,121.5257892,25.0863362
113,1,24,8,11,2,08士林區,士林區福華路173號,0,0,1,1,C03,8,5,5,50,14,9,1,5,4,5,13,4,4,9,4,5,1,17,2,41,2,8,6,1,7,7,1,10,1,13,,100,,1,21,121.5220121,25.1044306
113,1,24,8,11,2,08士林區,士林區福華路173號,0,0,1,2,B01,8,5,5,50,14,9,1,5,4,5,13,4,4,9,4,5,1,17,1,65,3,10,7,1,7,9,1,4,1,5,,42,,1,21,121.5220121,25.1044306
113,1,24,8,22,2,07信義區,信義區虎林街74巷與永吉路236巷口,0,0,1,1,C03,7,6,5,30,4,1,1,5,4,5,13,4,4,9,4,5,2,18,1,30,2,9,6,1,7,5,1,10,1,15,,108,,1,21,121.5753916,25.0437534
113,1,24,8,22,2,07信義區,信義區虎林街74巷與永吉路236巷口,0,0,1,2,,7,6,5,30,4,1,1,5,4,5,13,4,4,9,4,5,2,18,3,0,,,,,,,,,10,,,67,,1,,121.5753916,25.0437534
113,1,24,8,57,2,01大同區,大同區長安西路與南京西路64巷口口,0,0,1,1,B03,7,6,5,50,3,2,1,5,4,5,13,2,1,5,5,5,2,16,2,42,3,10,7,1,7,6,1,8,1,5,,9,,1,21,121.5182154,25.05059116
113,1,24,8,57,2,01大同區,大同區長安西路與南京西路64巷口口,0,0,1,2,C03,7,6,5,50,3,2,1,5,4,5,13,2,1,5,5,5,2,16,2,27,2,8,6,1,7,9,1,10,1,14,,44,,1,21,121.5182154,25.05059116
113,1,24,9,0,2,05中正區,中正區惠安街5號前,0,0,2,1,C03,8,7,5,30,14,9,1,5,4,5,13,4,4,10,5,5,2,3,1,29,2,8,6,1,7,9,1,10,2,11,,108,,1,22,121.5074575,25.02862832
113,1,24,9,0,2,05中正區,中正區惠安街5號前,0,0,2,2,H01,8,7,5,30,14,9,1,5,4,5,13,4,4,10,5,5,2,3,2,72,2,9,4,5,8,18,8,20,10,16,,121,,1,22,121.5074575,25.02862832
113,1,24,9,0,2,12內湖區,內湖區舊宗路2段五汐高架南下出口附近,0,0,1,1,C03,7,6,5,50,14,9,1,5,4,5,13,1,1,1,3,5,1,12,2,31,2,9,6,1,7,7,1,10,2,14,,100,,1,21,121.5748775,25.07067861
113,1,24,9,0,2,12內湖區,內湖區舊宗路2段五汐高架南下出口附近,0,0,1,2,A04,7,6,5,50,14,9,1,5,4,5,13,1,1,1,3,5,1,12,1,45,3,10,7,1,7,9,1,6,2,2,,16,,1,21,121.5748775,25.07067861
113,1,24,9,0,2,12內湖區,內湖區舊宗路2段五汐高架南下出口附近,0,0,1,3,B03,7,6,5,50,14,9,1,5,4,5,13,1,1,1,3,5,1,12,1,40,3,10,7,1,7,14,1,8,2,4,,44,,1,21,121.5748775,25.07067861
113,1,24,9,2,2,12內湖區,內湖區潭美街399號旁(機車停車格),0,0,1,1,C03,7,5,5,40,14,9,1,5,4,5,13,4,4,5,5,5,2,12,2,33,2,9,6,1,7,9,1,10,1,11,,108,,1,21,121.5926185,25.06064065
113,1,24,9,2,2,12內湖區,內湖區潭美街399號旁(機車停車格),0,0,1,2,C03,7,5,5,40,14,9,1,5,4,5,13,4,4,5,5,5,2,12,1,48,3,10,3,4,7,13,1,10,1,12,,44,,1,21,121.5926185,25.06064065
113,1,24,9,4,2,07信義區,信義區福德街251巷與福德街口,0,0,1,1,F03,8,7,5,50,4,1,1,5,4,5,13,1,1,5,5,5,2,17,2,38,2,8,3,4,7,5,8,20,1,14,,80,,1,21,121.5861112,25.0388951
113,1,24,9,4,2,07信義區,信義區福德街251巷與福德街口,0,0,1,2,C03,8,7,5,50,4,1,1,5,4,5,13,1,1,5,5,5,2,17,1,33,3,10,3,4,7,9,1,10,1,11,,44,,1,21,121.5861112,25.0388951
113,1,24,9,4,2,07信義區,信義區福德街251巷與福德街口,0,0,1,3,B12,8,7,5,50,4,1,1,5,4,5,13,1,1,5,5,5,2,17,1,29,3,10,3,4,7,9,1,8,1,1,,44,,1,21,121.5861112,25.0388951
113,1,24,9,5,2,03中山區,中山區錦州街325號,0,0,2,1,B01,7,7,5,50,14,9,1,5,4,5,13,4,4,8,5,5,1,17,1,56,3,10,7,1,7,14,1,4,1,6,,38,,1,21,121.5389759,25.06026636
113,1,24,9,5,2,03中山區,中山區錦州街325號,0,0,2,3,H02,7,7,5,50,14,9,1,5,4,5,13,4,4,8,5,5,1,17,1,32,2,1,4,5,7,19,8,20,10,16,,67,,1,21,121.5389759,25.06026636
113,1,24,9,5,2,03中山區,中山區錦州街325號,0,0,2,2,C03,7,7,5,50,14,9,1,5,4,5,13,4,4,8,5,5,1,17,2,26,2,7,6,1,7,9,1,10,1,11,,44,,1,21,121.5389759,25.06026636
113,1,24,9,5,2,03中山區,中山區錦州街325號,0,0,2,4,B02,7,7,5,50,14,9,1,5,4,5,13,4,4,8,5,5,1,17,1,27,3,10,7,4,7,15,7,19,11,7,,44,,1,21,121.5389759,25.06026636
113,1,24,9,15,2,12內湖區,內湖區南京東路6段與行善路59巷口,0,0,1,1,B03,8,7,5,30,4,1,1,4,4,5,13,1,1,10,3,1,1,17,2,41,3,10,3,4,7,6,1,8,1,6,,86,,1,22,121.5788707,25.0561614
113,1,24,9,15,2,12內湖區,內湖區南京東路6段與行善路59巷口,0,0,1,2,C03,8,7,5,30,4,1,1,4,4,5,13,1,1,10,3,1,1,17,1,37,2,9,3,4,7,9,1,10,1,14,,13,,1,22,121.5788707,25.0561614
113,1,24,9,25,2,12內湖區,內湖區瑞光路與港墘路口,0,0,1,1,B03,7,6,5,50,4,1,1,5,4,5,13,1,1,5,4,5,2,12,1,75,3,10,7,1,7,6,1,8,1,2,,9,,1,21,121.5749786,25.07637535
113,1,24,9,25,2,12內湖區,內湖區瑞光路與港墘路口,0,0,1,2,C03,7,6,5,50,4,1,1,5,4,5,13,1,1,5,4,5,2,12,1,23,2,8,5,1,7,9,1,10,1,14,,44,,1,21,121.5749786,25.07637535
113,1,24,9,34,2,05中正區,中正區臨沂街63巷與臨沂街口,0,0,1,1,B01,8,6,5,30,4,1,1,5,4,5,13,4,4,10,5,5,2,15,1,69,3,10,7,1,7,9,1,8,9,1,,108,,1,22,121.5287546,25.03663935
113,1,24,9,34,2,05中正區,中正區臨沂街63巷與臨沂街口,0,0,1,2,C04,8,6,5,30,4,1,1,5,4,5,13,4,4,10,5,5,2,15,1,25,2,9,5,1,7,9,1,11,9,12,,75,,1,22,121.5287546,25.03663935
113,1,24,9,41,2,10文山區,文山區辛亥路7段與辛亥路7段26巷口口,0,0,1,1,C03,7,5,5,50,3,2,1,5,4,5,13,2,1,5,5,4,2,17,1,52,2,9,5,1,7,9,1,10,2,11,,42,,1,21,121.5534609,24.9859461
113,1,24,9,41,2,10文山區,文山區辛亥路7段與辛亥路7段26巷口口,0,0,1,2,B03,7,5,5,50,3,2,1,5,4,5,13,2,1,5,5,4,2,17,1,31,3,10,7,1,7,14,1,8,2,7,,44,,1,21,121.5534609,24.9859461
113,1,24,9,50,2,12內湖區,內湖區民善街與新湖一路口,0,0,1,1,B03,7,5,5,50,4,1,1,5,4,5,13,1,1,5,4,5,2,3,2,58,3,10,7,1,7,5,3,18,1,8,,16,,1,21,121.5762509,25.0588317
113,1,24,9,50,2,12內湖區,內湖區民善街與新湖一路口,0,0,1,2,H01,7,5,5,50,4,1,1,5,4,5,13,1,1,5,4,5,2,3,2,29,2,9,4,5,8,16,8,20,1,16,,121,,1,21,121.5762509,25.0588317
113,1,24,9,52,2,03中山區,中山區新生北路2段與錦州街口,0,0,2,1,C03,8,5,5,50,4,1,1,5,4,5,13,2,1,1,4,5,2,13,1,50,2,8,3,4,7,5,1,10,1,13,,8,,1,21,121.527509,25.0603016
113,1,24,9,52,2,03中山區,中山區新生北路2段與錦州街口,0,0,2,2,C03,8,5,5,50,4,1,1,5,4,5,13,2,1,1,4,5,2,13,2,61,2,9,3,4,7,9,1,10,2,11,,44,,1,21,121.527509,25.0603016
113,1,24,9,53,2,11南港區,南港區市民大道8段與南港路1段277巷口口,0,0,1,1,C03,7,6,5,50,4,1,1,5,4,5,13,2,1,10,4,5,2,17,1,60,4,11,3,4,7,6,1,10,11,12,,44,,2,22,121.6088501,25.05357601
113,1,24,9,53,2,11南港區,南港區市民大道8段與南港路1段277巷口口,0,0,1,2,C03,7,6,5,50,4,1,1,5,4,5,13,2,1,10,4,5,2,17,1,35,2,9,5,4,7,9,1,10,1,12,,44,,1,22,121.6088501,25.05357601
113,1,24,10,18,2,07信義區,信義區松山路與永吉路口,0,0,1,1,F01,8,7,5,50,4,1,1,5,4,5,13,1,1,1,4,5,2,17,1,78,3,10,3,4,7,5,8,20,1,12,,44,,1,21,121.5778544,25.0455194
113,1,24,10,18,2,07信義區,信義區松山路與永吉路口,0,0,1,2,C03,8,7,5,50,4,1,1,5,4,5,13,1,1,1,4,5,2,17,1,23,2,8,3,4,7,9,1,10,1,14,,44,,1,21,121.5778544,25.0455194
113,1,24,10,21,2,12內湖區,內湖區成功路2段與安康路口,0,0,1,1,B01,8,6,5,50,3,1,1,5,4,5,13,4,4,1,4,5,2,17,1,53,3,10,7,1,7,6,1,4,1,5,,9,,1,21,121.5910155,25.0619653
113,1,24,10,21,2,12內湖區,內湖區成功路2段與安康路口,0,0,1,2,C03,8,6,5,50,3,1,1,5,4,5,13,4,4,1,4,5,2,17,1,25,2,7,5,1,7,9,1,10,1,14,,44,,1,21,121.5910155,25.0619653
113,1,24,10,21,2,12內湖區,內湖區成功路2段與安康路口,0,0,1,3,B12,8,6,5,50,3,1,1,5,4,5,13,4,4,1,4,5,2,17,1,24,3,10,7,1,7,14,1,8,1,4,,44,,1,21,121.5910155,25.0619653
113,1,24,10,38,2,10文山區,文山區興隆路4段105巷45號前,0,0,1,1,C03,7,6,5,30,14,9,1,5,4,5,13,4,4,9,5,5,2,17,2,54,3,10,5,1,7,5,1,10,1,17,,118,,1,21,121.5629553,24.9879349
113,1,24,10,38,2,10文山區,文山區興隆路4段105巷45號前,0,0,1,2,C03,7,6,5,30,14,9,1,5,4,5,13,4,4,9,5,5,2,17,1,66,2,9,5,1,7,9,1,10,1,14,,118,,1,21,121.5629553,24.9879349
113,1,24,11,20,2,02萬華區,萬華區青年路與青年路30巷口,0,0,1,1,B01,7,5,5,30,3,1,1,5,4,5,13,3,1,5,5,5,2,3,1,66,3,10,7,4,7,9,1,4,2,8,,70,,1,21,121.5049637,25.02562994
113,1,24,11,20,2,02萬華區,萬華區青年路與青年路30巷口,0,0,1,2,H01,7,5,5,30,3,1,1,5,4,5,13,3,1,5,5,5,2,3,2,70,2,7,4,5,8,16,8,20,10,16,,121,,1,21,121.5049637,25.02562994
113,1,24,11,31,2,04大安區,大安區和平東路3段與基隆路2段口,0,0,1,1,C03,8,6,5,50,4,1,1,5,4,5,13,1,1,1,4,5,2,16,1,18,2,9,5,1,7,8,1,10,1,12,,100,,1,21,121.5524636,25.0242122
113,1,24,11,31,2,04大安區,大安區和平東路3段與基隆路2段口,0,0,1,2,C03,8,6,5,50,4,1,1,5,4,5,13,1,1,1,4,5,2,16,1,18,3,10,5,1,7,9,1,10,1,12,,44,,1,21,121.5524636,25.0242122
113,1,24,11,42,2,02萬華區,萬華區中華路2段416巷與國興路口,0,0,1,1,C03,7,7,5,50,4,1,1,5,4,5,13,1,1,8,3,5,2,15,1,60,3,10,5,1,7,9,1,10,1,11,,81,,1,21,121.5052275,25.0274417
113,1,24,11,42,2,02萬華區,萬華區中華路2段416巷與國興路口,0,0,1,2,C02,7,7,5,50,4,1,1,5,4,5,13,1,1,8,3,5,2,15,1,24,2,5,6,1,7,9,1,9,1,14,,44,,1,21,121.5052275,25.0274417
113,1,24,11,42,2,11南港區,南港區南港路1段271號與南港路1段277巷口,0,0,1,1,C03,7,6,5,50,3,4,1,5,4,5,13,2,1,5,4,5,2,17,1,50,2,8,3,4,7,12,1,10,1,12,,108,,1,22,121.6087648,25.0547582
113,1,24,11,42,2,11南港區,南港區南港路1段271號與南港路1段277巷口,0,0,1,2,C03,7,6,5,50,3,4,1,5,4,5,13,2,1,5,4,5,2,17,1,55,3,10,3,4,7,12,1,10,1,17,,44,,1,22,121.6087648,25.0547582
113,1,24,12,0,2,12內湖區,內湖區潭美街與安康路106巷口,0,0,1,1,B03,8,5,5,40,4,1,1,4,4,5,13,1,1,4,3,5,1,13,1,58,3,10,3,4,7,6,1,8,1,6,,9,,1,22,121.5992423,25.06064041
113,1,24,12,0,2,12內湖區,內湖區潭美街與安康路106巷口,0,0,1,2,C03,8,5,5,40,4,1,1,4,4,5,13,1,1,4,3,5,1,13,1,19,2,8,3,4,7,9,1,10,1,11,,13,,1,22,121.5992423,25.06064041
113,1,24,12,24,2,04大安區,大安區信義路3段與新生南路1段口,0,0,1,1,B03,8,7,5,50,4,2,1,5,4,5,13,1,1,8,3,5,2,17,2,76,3,10,3,4,7,6,1,8,1,1,,9,,1,21,121.5329893,25.0336851
113,1,24,12,24,2,04大安區,大安區信義路3段與新生南路1段口,0,0,1,2,F01,8,7,5,50,4,2,1,5,4,5,13,1,1,8,3,5,2,17,1,35,2,9,3,4,7,11,8,20,1,14,,11,,1,21,121.5329893,25.0336851
113,1,24,12,35,2,12內湖區,內湖區成功路2段440號,0,0,1,1,C03,8,6,8,50,14,9,1,5,4,5,13,2,1,1,4,5,2,17,2,23,3,10,5,1,7,8,1,10,2,13,,100,,1,21,121.5896825,25.07186293
113,1,24,12,35,2,12內湖區,內湖區成功路2段440號,0,0,1,2,C03,8,6,8,50,14,9,1,5,4,5,13,2,1,1,4,5,2,17,1,36,2,8,5,1,7,9,1,10,2,11,,13,,1,21,121.5896825,25.07186293
113,1,24,12,45,2,05中正區,中正區福州街56號與福州街口56號,0,0,1,1,F01,8,6,5,30,3,2,1,5,4,3,10,4,4,1,5,5,1,17,4,0,3,10,3,4,7,15,8,20,11,15,,119,,2,21,121.5155583,25.0269367
113,1,24,12,45,2,05中正區,中正區福州街56號與福州街口56號,0,0,1,2,C03,8,6,5,30,3,2,1,5,4,3,10,4,4,1,5,5,1,17,2,67,2,7,6,1,7,5,1,10,1,11,,44,,1,21,121.5155583,25.0269367
113,1,24,12,49,2,03中山區,中山區中山北路3段與民權西路口,0,0,1,1,C03,7,7,5,50,4,2,1,5,4,5,13,4,4,1,4,5,2,12,1,63,2,9,6,4,7,7,1,10,2,14,,100,,1,21,121.5222188,25.0628683
113,1,24,12,49,2,03中山區,中山區中山北路3段與民權西路口,0,0,1,2,B03,7,7,5,50,4,2,1,5,4,5,13,4,4,1,4,5,2,12,1,29,3,10,3,4,7,9,1,8,2,2,,44,,1,21,121.5222188,25.0628683
113,1,24,12,51,2,05中正區,中正區三元街96號,0,0,1,1,C03,7,6,5,50,14,9,1,5,4,5,13,4,4,2,3,4,1,16,1,67,2,9,6,1,7,7,1,10,1,14,,100,,1,21,121.5096521,25.0286515
113,1,24,12,51,2,05中正區,中正區三元街96號,0,0,1,2,B01,7,6,5,50,14,9,1,5,4,5,13,4,4,2,3,4,1,16,1,63,3,10,7,1,7,9,1,4,1,2,,44,,1,21,121.5096521,25.0286515
113,1,24,13,19,2,05中正區,中正區南昌路2段與南昌路2段202巷口,0,0,2,1,C03,8,7,5,50,4,2,1,5,4,5,13,1,1,5,5,5,2,16,1,50,2,8,6,1,7,5,1,10,1,11,,101,,1,22,121.5242122,25.0242333
113,1,24,13,19,2,05中正區,中正區南昌路2段與南昌路2段202巷口,0,0,2,2,C03,8,7,5,50,4,2,1,5,4,5,13,1,1,5,5,5,2,16,2,22,2,8,6,1,7,9,1,10,1,12,,44,,1,22,121.5242122,25.0242333
113,1,24,13,20,2,03中山區,中山區中山北路1段與市民大道1段口,0,0,1,1,C03,7,6,5,50,4,1,1,5,4,5,13,1,1,5,4,4,2,13,1,37,2,8,3,4,7,9,1,10,1,11,,44,,1,21,121.5214332,25.0479497
113,1,24,13,20,2,03中山區,中山區中山北路1段與市民大道1段口,0,0,1,2,C03,7,6,5,50,4,1,1,5,4,5,13,1,1,5,4,4,2,13,2,33,3,10,3,4,7,3,1,10,1,13,,44,,1,21,121.5214332,25.0479497
113,1,24,13,23,2,02萬華區,萬華區桂林路與西昌街口,0,0,1,1,C03,7,7,5,50,4,1,1,5,4,5,13,1,1,8,3,5,2,17,1,61,3,10,5,1,7,6,1,10,1,17,,17,,1,21,121.5006511,25.0384071
113,1,24,13,23,2,02萬華區,萬華區桂林路與西昌街口,0,0,1,2,C03,7,7,5,50,4,1,1,5,4,5,13,1,1,8,3,5,2,17,1,25,2,9,5,1,7,9,1,10,1,14,,13,,1,21,121.5006511,25.0384071
113,1,24,13,27,2,10文山區,文山區木新路3段232巷7弄與木新路3段232巷45弄口口,0,0,2,1,F01,7,6,5,30,3,2,1,5,4,5,13,4,4,10,5,5,2,17,2,69,2,9,4,1,7,5,8,20,1,14,,8,,1,21,121.5585096,24.9817397
113,1,24,13,27,2,10文山區,文山區木新路3段232巷7弄與木新路3段232巷45弄口口,0,0,2,2,C03,7,6,5,30,3,2,1,5,4,5,13,4,4,10,5,5,2,17,2,37,2,9,5,1,7,9,1,10,1,11,,4,,1,21,121.5585096,24.9817397
113,1,24,13,28,2,08士林區,士林區中正路與文林路口口,0,0,1,1,C03,8,6,5,50,4,2,1,5,4,5,13,2,1,3,4,5,2,16,2,62,2,8,6,1,7,7,1,10,1,14,,100,,1,22,121.5244703,25.09495773
113,1,24,13,28,2,08士林區,士林區中正路與文林路口口,0,0,1,2,B03,8,6,5,50,4,2,1,5,4,5,13,2,1,3,4,5,2,16,2,40,3,10,7,1,7,1,1,8,1,5,,19,,1,22,121.5244703,25.09495773
113,1,24,13,45,2,10文山區,文山區懷恩隧道（北向南）出口,0,0,1,1,C03,7,6,5,50,6,9,1,5,4,5,13,4,4,10,2,5,2,19,1,28,2,9,6,1,7,9,1,10,1,11,,116,,1,21,121.5513496,24.9917639
113,1,24,13,45,2,10文山區,文山區懷恩隧道（北向南）出口,0,0,1,2,,7,6,5,50,6,9,1,5,4,5,13,4,4,10,2,5,2,19,3,,,,,,,,,,,,,67,,1,,121.5513496,24.9917639
113,1,24,14,15,2,02萬華區,萬華區艋舺大道336巷(西園路2段50巷4弄11-1號前),0,0,1,1,C03,8,7,5,30,11,9,1,5,4,5,13,4,4,10,5,5,2,10,1,58,2,7,5,1,7,9,1,10,1,11,,44,,1,21,121.4960971,25.0324334
113,1,24,14,15,2,02萬華區,萬華區艋舺大道336巷(西園路2段50巷4弄11-1號前),0,0,1,2,F01,8,7,5,30,11,9,1,5,4,5,13,4,4,10,5,5,2,10,2,57,3,10,4,1,7,9,8,20,1,11,,44,,1,21,121.4960971,25.0324334
113,1,24,14,40,2,10文山區,文山區木新路3段與忠順街1段26巷口,0,0,1,1,B03,7,7,5,50,3,1,1,5,4,5,13,1,1,10,5,5,2,16,1,65,3,10,7,1,7,5,1,8,1,8,,71,,1,21,121.5599662,24.9815822
113,1,24,14,40,2,10文山區,文山區木新路3段與忠順街1段26巷口,0,0,1,2,C03,7,7,5,50,3,1,1,5,4,5,13,1,1,10,5,5,2,16,1,20,2,9,5,1,7,9,1,10,1,14,,13,,1,21,121.5599662,24.9815822
113,1,24,14,40,2,10文山區,文山區木新路3段與忠順街1段26巷口,0,0,1,3,B03,7,7,5,50,3,1,1,5,4,5,13,1,1,10,5,5,2,16,1,24,3,10,3,1,7,13,1,8,9,3,,44,,1,21,121.5599662,24.9815822
113,1,24,15,11,2,08士林區,士林區延平北路5段與延平北路5段147巷口,0,0,3,1,C03,8,6,5,50,3,2,1,5,4,5,13,4,4,1,4,5,1,17,2,69,2,9,5,1,7,7,1,10,2,14,,100,,1,21,121.5102477,25.08235472
113,1,24,15,11,2,08士林區,士林區延平北路5段與延平北路5段147巷口,0,0,3,2,C03,8,6,5,50,3,2,1,5,4,5,13,4,4,1,4,5,1,17,1,19,2,9,5,1,7,9,1,10,2,12,,44,,1,21,121.5102477,25.08235472
113,1,24,15,11,2,08士林區,士林區延平北路5段與延平北路5段147巷口,0,0,3,3,H02,8,6,5,50,3,2,1,5,4,5,13,4,4,1,4,5,1,17,2,18,2,9,5,5,7,20,8,20,10,16,,67,,1,21,121.5102477,25.08235472
113,1,24,15,26,2,04大安區,大安區金山南路2段13巷7號,0,0,1,1,B03,7,6,5,30,14,9,1,5,4,5,13,4,4,10,5,5,1,16,2,53,3,10,7,1,7,1,1,8,1,8,,19,,1,21,121.5280235,25.0333719
113,1,24,15,26,2,04大安區,大安區金山南路2段13巷7號,0,0,1,2,C03,7,6,5,30,14,9,1,5,4,5,13,4,4,10,5,5,1,16,2,26,2,9,6,1,7,9,1,10,1,11,,13,,1,21,121.5280235,25.0333719
113,1,24,15,37,2,03中山區,中山區松江路330巷與錦州街231巷口,0,0,2,1,C03,7,7,5,30,4,2,1,5,4,5,13,4,4,10,5,5,1,15,2,67,2,7,5,1,7,9,1,10,4,14,,14,,1,21,121.5325283,25.06119179
113,1,24,15,37,2,03中山區,中山區松江路330巷與錦州街231巷口,0,0,2,2,C03,7,7,5,30,4,2,1,5,4,5,13,4,4,10,5,5,1,15,2,59,2,7,6,1,7,9,1,10,2,11,,14,,1,21,121.5325283,25.06119179
113,1,24,16,0,2,03中山區,中山區合江街36巷45號與合江街36巷口,0,0,2,1,C04,7,7,5,30,3,1,1,5,4,5,13,4,4,10,5,5,2,15,1,35,2,8,6,4,7,9,1,10,1,11,,4,,1,21,121.5377583,25.05547237
113,1,24,16,0,2,03中山區,中山區合江街36巷45號與合江街36巷口,0,0,2,2,C03,7,7,5,30,3,1,1,5,4,5,13,4,4,10,5,5,2,15,2,37,2,9,6,4,7,9,1,10,1,14,,44,,1,21,121.5377583,25.05547237
113,1,24,16,12,2,07信義區,信義區信義路5段8號,0,0,1,1,C03,7,6,5,50,14,9,1,5,4,5,13,4,4,1,4,5,2,12,2,19,2,8,5,1,7,7,3,18,2,14,,100,,1,22,121.5609281,25.0329431
113,1,24,16,12,2,07信義區,信義區信義路5段8號,0,0,1,2,B03,7,6,5,50,14,9,1,5,4,5,13,4,4,1,4,5,2,12,1,23,3,10,3,4,7,9,1,8,2,2,,44,,1,22,121.5609281,25.0329431
113,1,24,16,15,2,04大安區,大安區和平東路2段365號,0,0,1,1,B01,7,6,5,50,14,9,1,5,4,5,13,4,4,1,4,5,2,12,1,60,3,10,7,1,7,7,1,4,1,2,,100,,1,21,121.5464327,25.0247917
113,1,24,16,15,2,04大安區,大安區和平東路2段365號,0,0,1,2,C03,7,6,5,50,14,9,1,5,4,5,13,4,4,1,4,5,2,12,2,42,2,3,6,1,7,9,1,10,1,11,,44,,1,21,121.5464327,25.0247917
113,1,24,16,29,2,02萬華區,萬華區康定路與長沙街2段口,0,0,1,1,B01,7,7,5,50,4,1,1,5,4,5,13,1,1,9,4,5,2,17,1,45,3,10,7,1,7,6,1,8,1,17,,4,,1,21,121.4987946,25.03791809
113,1,24,16,29,2,02萬華區,萬華區康定路與長沙街2段口,0,0,1,2,C03,7,7,5,50,4,1,1,5,4,5,13,1,1,9,4,5,2,17,1,29,2,9,5,1,7,9,1,10,1,17,,13,,1,21,121.4987946,25.03791809
113,1,24,16,48,2,02萬華區,萬華區萬大路355號對面,0,0,1,1,F01,8,7,5,50,14,9,1,5,4,5,13,1,1,1,5,5,2,17,2,68,2,8,4,1,7,8,8,20,1,12,,100,,1,21,121.4998133,25.02349868
113,1,24,16,48,2,02萬華區,萬華區萬大路355號對面,0,0,1,2,C04,8,7,5,50,14,9,1,5,4,5,13,1,1,1,5,5,2,17,1,43,4,11,5,4,7,9,7,19,11,15,,1,,2,21,121.4998133,25.02349868
113,1,24,17,7,2,07信義區,信義區環東大道下基隆(平面處),0,0,1,1,B12,7,5,5,50,10,16,1,5,4,5,13,4,4,10,3,5,2,13,1,53,3,10,3,4,7,9,1,4,1,1,,16,,1,22,121.5679721,25.0470153
113,1,24,17,7,2,07信義區,信義區環東大道下基隆(平面處),0,0,1,2,B03,7,5,5,50,10,16,1,5,4,5,13,4,4,10,3,5,2,13,2,68,2,6,3,4,7,14,1,8,1,3,,44,,1,22,121.5679721,25.0470153
113,1,24,17,39,2,02萬華區,萬華區環河南路2段與和平西路3段口,0,0,1,1,B03,7,7,5,50,4,2,1,5,4,5,13,1,1,1,4,5,2,13,1,49,3,10,7,1,7,1,1,8,9,1,,108,,1,21,121.4945015,25.0357671
113,1,24,17,39,2,02萬華區,萬華區環河南路2段與和平西路3段口,0,0,1,2,C02,7,7,5,50,4,2,1,5,4,5,13,1,1,1,4,5,2,13,1,30,2,9,5,1,7,14,1,9,1,13,,44,,1,21,121.4945015,25.0357671
113,1,24,17,53,2,08士林區,士林區重慶北路4段49巷15弄與重慶北路4段49巷口,0,0,1,1,C03,8,6,5,30,4,2,1,5,4,5,13,4,4,9,5,5,1,15,2,48,2,9,5,1,7,9,1,10,2,12,,72,,1,21,121.5116945,25.08099977
113,1,24,17,53,2,08士林區,士林區重慶北路4段49巷15弄與重慶北路4段49巷口,0,0,1,2,B01,8,6,5,30,4,2,1,5,4,5,13,4,4,9,5,5,1,15,1,47,3,10,7,1,7,9,1,4,2,1,,108,,1,21,121.5116945,25.08099977
113,1,24,18,3,2,07信義區,信義區忠孝東路4段與基隆路1段口,0,0,2,1,C02,7,5,5,50,5,1,1,5,4,5,13,2,1,1,4,5,1,13,1,31,2,8,3,4,7,9,1,9,1,11,,16,,1,21,121.5645857,25.0416026
113,1,24,18,3,2,07信義區,信義區忠孝東路4段與基隆路1段口,0,0,2,2,C03,7,5,5,50,5,1,1,5,4,5,13,2,1,1,4,5,1,13,1,53,2,8,3,4,7,9,1,10,1,14,,16,,1,21,121.5645857,25.0416026
113,1,24,18,3,2,07信義區,信義區忠孝東路4段與基隆路1段口,0,0,2,3,C03,7,5,5,50,5,1,1,5,4,5,13,2,1,1,4,5,1,13,1,62,3,10,3,4,7,9,1,10,1,12,,44,,1,21,121.5645857,25.0416026
113,1,24,18,10,2,11南港區,南港區向陽路與重陽路口,0,0,2,1,C03,8,5,5,50,4,2,1,5,4,5,13,1,1,5,4,5,2,13,1,26,2,8,5,1,7,9,1,10,1,11,,16,,1,21,121.5944135,25.0549665
113,1,24,18,10,2,11南港區,南港區向陽路與重陽路口,0,0,2,2,C03,8,5,5,50,4,2,1,5,4,5,13,1,1,5,4,5,2,13,1,52,2,8,5,1,7,9,1,10,1,13,,44,,1,21,121.5944135,25.0549665
113,1,24,18,14,2,09北投區,北投區大度路2段1208613燈桿機慢車優先道,0,0,2,2,C03,8,5,5,50,14,12,1,5,4,5,13,4,4,1,4,5,2,13,1,62,2,9,6,1,7,9,3,18,1,13,,44,,1,22,121.4803146,25.1224856