發生年度,發生月,發生日,發生時-Hours,發生分,處理別-編號,區序,肇事地點,死亡人數,2-30日死亡人數,受傷人數,當事人序號,車種,天候,道路照明設備,道路類別,速限-速度限制,道路型態,事故位置,路面狀況1,路面狀況2,路面狀況3,道路障礙1,道路障礙2,號誌1,號誌2,車道劃分-分向,車道劃分-分道1,車道劃分-分道2,車道劃分-分道3,事故類型及型態,性別,年齡,受傷程度,主要傷處,保護裝置,行動電話,車輛用途,當事者行動狀態,駕駛資格情形,駕駛執照種類,飲酒情形,車輛撞擊部位1,車輛撞擊部位2,肇因碼-個別,肇因碼-主要,個人肇逃否,職業,座標-X,座標-Y
113,1,24,18,14,2,09北投區,北投區大度路2段1208613燈桿機慢車優先道,0,0,2,1,C03,8,5,5,50,14,12,1,5,4,5,13,4,4,1,4,5,2,13,1,22,2,9,6,1,7,9,1,10,1,11,,16,,1,22,121.4803146,25.1224856
113,1,24,18,41,2,03中山區,中山區民權東路2段41號,0,0,1,1,C03,7,5,5,50,14,9,1,5,4,5,13,4,4,1,4,5,2,13,1,38,2,9,3,4,7,9,1,10,2,12,,108,,1,21,121.5300838,25.0626708
113,1,24,18,41,2,03中山區,中山區民權東路2段41號,0,0,1,2,B03,7,5,5,50,14,9,1,5,4,5,13,4,4,1,4,5,2,13,2,64,3,10,3,4,7,8,1,8,2,7,,44,,1,21,121.5300838,25.0626708
113,1,24,18,45,2,04大安區,大安區仁愛路4段27巷與仁愛路4段27巷27弄口,0,0,1,1,C03,7,5,5,30,4,1,1,5,4,5,13,4,4,10,5,5,2,15,1,31,2,9,3,4,7,9,1,10,1,12,,80,,1,21,121.5452217,25.0405987
113,1,24,18,45,2,04大安區,大安區仁愛路4段27巷與仁愛路4段27巷27弄口,0,0,1,2,B03,7,5,5,30,4,1,1,5,4,5,13,4,4,10,5,5,2,15,2,22,3,10,3,4,7,9,1,8,1,1,,44,,1,21,121.5452217,25.0405987
113,1,24,18,45,2,04大安區,大安區仁愛路4段27巷與仁愛路4段27巷27弄口,0,0,1,3,C03,7,5,5,30,4,1,1,5,4,5,13,4,4,10,5,5,2,15,1,34,3,10,3,4,7,13,1,10,9,14,,38,,1,21,121.5452217,25.0405987
113,1,24,18,45,2,04大安區,大安區仁愛路4段27巷與仁愛路4段27巷27弄口,0,0,1,4,C03,7,5,5,30,4,1,1,5,4,5,13,4,4,10,5,5,2,15,3,0,,,,,,,,,,,,38,,1,,121.5452217,25.0405987
113,1,24,18,56,2,11南港區,南港區南港路2段與南港路2段41巷口,0,0,1,1,C03,7,5,5,50,3,1,1,5,4,5,12,2,1,5,2,5,2,17,1,30,3,10,3,4,7,5,1,10,2,11,,74,,1,21,121.6032012,25.0529119
113,1,24,18,56,2,11南港區,南港區南港路2段與南港路2段41巷口,0,0,1,2,C03,7,5,5,50,3,1,1,5,4,5,12,2,1,5,2,5,2,17,1,42,2,9,3,4,7,9,1,10,2,11,,44,,1,21,121.6032012,25.0529119
113,1,24,19,6,2,06松山區,松山區八德路4段與塔悠路口,0,0,1,1,B01,8,5,5,50,5,1,1,5,4,5,13,2,1,1,4,5,2,16,1,43,3,10,7,1,7,9,1,4,1,5,,17,,1,22,121.5721493,25.04996442
113,1,24,19,6,2,06松山區,松山區八德路4段與塔悠路口,0,0,1,2,C03,8,5,5,50,5,1,1,5,4,5,13,2,1,1,4,5,2,16,2,30,2,9,6,1,7,5,1,10,1,14,,8,,1,22,121.5721493,25.04996442
113,1,24,19,22,2,03中山區,中山區吉林路148號,0,0,1,1,B03,7,5,5,40,14,8,1,5,4,5,13,4,4,4,5,4,2,13,1,63,3,10,3,4,7,8,6,4,1,1,,100,,1,22,121.5301274,25.05632717
113,1,24,19,22,2,03中山區,中山區吉林路148號,0,0,1,2,B03,7,5,5,40,14,8,1,5,4,5,13,4,4,4,5,4,2,13,1,27,3,10,3,4,7,9,1,8,1,3,,44,,1,22,121.5301274,25.05632717
113,1,24,19,22,2,03中山區,中山區吉林路148號,0,0,1,3,H02,7,5,5,40,14,8,1,5,4,5,13,4,4,4,5,4,2,13,2,27,2,5,3,5,7,20,8,20,10,16,,67,,1,22,121.5301274,25.05632717
113,1,24,19,33,2,02萬華區,萬華區和平西路3段與艋舺大道口,0,0,1,1,C03,7,5,5,50,4,1,1,5,4,5,13,2,1,1,3,5,1,13,1,59,2,8,3,4,7,10,1,10,1,15,,102,,1,22,121.5046564,25.0340907
113,1,24,19,33,2,02萬華區,萬華區和平西路3段與艋舺大道口,0,0,1,2,C03,7,5,5,50,4,1,1,5,4,5,13,2,1,1,3,5,1,13,1,39,3,10,3,4,7,9,1,9,1,15,,44,,1,22,121.5046564,25.0340907
113,1,24,19,33,2,02萬華區,萬華區和平西路3段與艋舺大道口,0,0,1,3,C03,7,5,5,50,4,1,1,5,4,5,13,2,1,1,3,5,1,13,1,34,3,10,3,4,7,9,1,10,1,17,,44,,1,22,121.5046564,25.0340907
113,1,24,19,38,2,08士林區,士林區中山北路4段67號,0,0,1,1,C03,8,5,5,50,11,9,1,5,4,5,13,4,4,2,5,5,1,13,1,30,3,10,5,1,7,9,1,10,1,11,,16,,1,21,121.5243644,25.0803332
113,1,24,19,38,2,08士林區,士林區中山北路4段67號,0,0,1,2,C03,8,5,5,50,11,9,1,5,4,5,13,4,4,2,5,5,1,13,2,34,2,6,5,1,7,12,1,10,1,13,,44,,1,21,121.5243644,25.0803332
113,1,24,19,55,2,08士林區,士林區中山北路5段與文林路口口,0,0,1,1,B03,7,5,5,50,4,1,1,5,4,5,13,1,1,1,2,1,1,12,1,20,3,10,7,1,7,11,1,8,1,7,,10,,1,21,121.5257119,25.0855828
113,1,24,19,55,2,08士林區,士林區中山北路5段與文林路口口,0,0,1,2,C03,7,5,5,50,4,1,1,5,4,5,13,1,1,1,2,1,1,12,1,38,2,7,5,1,7,9,1,10,1,11,,27,,1,21,121.5257119,25.0855828
113,1,24,19,56,2,12內湖區,內湖區內湖路2段44號停車格,0,0,2,1,C03,8,5,5,50,14,9,1,5,4,5,13,4,4,9,5,5,2,9,1,33,2,9,5,1,7,9,1,10,2,11,,108,,1,21,121.5863653,25.08106716
113,1,24,19,56,2,12內湖區,內湖區內湖路2段44號停車格,0,0,2,2,H01,8,5,5,50,14,9,1,5,4,5,13,4,4,9,5,5,2,9,1,74,2,9,4,5,8,16,8,20,2,16,,60,,1,21,121.5863653,25.08106716
113,1,24,19,56,2,12內湖區,內湖區內湖路2段44號停車格,0,0,2,3,C03,8,5,5,50,14,9,1,5,4,5,13,4,4,9,5,5,2,9,3,0,,,,,,,,,,,,67,,1,,121.5863653,25.08106716
113,1,24,19,56,2,12內湖區,內湖區內湖路2段44號停車格,0,0,2,4,C03,8,5,5,50,14,9,1,5,4,5,13,4,4,9,5,5,2,9,3,0,,,,,,,,,,,,67,,1,,121.5863653,25.08106716
113,1,24,19,56,2,12內湖區,內湖區內湖路2段44號停車格,0,0,2,5,C03,8,5,5,50,14,9,1,5,4,5,13,4,4,9,5,5,2,9,3,0,,,,,,,,,,,,67,,1,,121.5863653,25.08106716
113,1,24,20,10,2,03中山區,中山區新生北路1段林森公園停車場出口,0,0,1,1,B03,8,5,6,50,14,9,1,5,4,5,13,4,4,1,3,5,1,9,1,52,3,10,7,1,7,9,1,8,2,5,,108,,1,21,121.5274488,25.05264982
113,1,24,20,10,2,03中山區,中山區新生北路1段林森公園停車場出口,0,0,1,2,H01,8,5,6,50,14,9,1,5,4,5,13,4,4,1,3,5,1,9,2,61,2,9,4,5,8,16,8,20,10,16,,67,,1,21,121.5274488,25.05264982
113,1,24,20,45,2,07信義區,信義區松仁路與松壽路口,0,0,1,1,B03,7,5,5,50,14,9,1,5,4,5,13,1,1,10,4,5,2,17,1,39,3,10,7,1,7,6,1,8,2,5,,9,,1,22,121.5682564,25.0358901
113,1,24,20,45,2,07信義區,信義區松仁路與松壽路口,0,0,1,2,C03,7,5,5,50,14,9,1,5,4,5,13,1,1,10,4,5,2,17,1,28,2,8,6,1,7,9,1,10,2,14,,44,,1,22,121.5682564,25.0358901
113,1,24,20,45,2,07信義區,信義區松仁路與松壽路口,0,0,1,3,B02,7,5,5,50,14,9,1,5,4,5,13,1,1,10,4,5,2,17,1,56,3,10,7,1,7,9,1,8,2,6,,44,,1,22,121.5682564,25.0358901
113,1,24,20,52,2,03中山區,中山區建國高架道,0,0,1,1,B03,7,5,5,70,10,7,1,5,4,5,13,4,4,1,3,5,2,13,1,31,2,8,3,4,7,9,1,8,2,1,,16,,1,21,121.5369281,25.05652469
113,1,24,20,52,2,03中山區,中山區建國高架道,0,0,1,2,B03,7,5,5,70,10,7,1,5,4,5,13,4,4,1,3,5,2,13,1,55,3,10,3,4,7,9,1,8,2,3,,44,,1,21,121.5369281,25.05652469
113,1,24,20,56,2,02萬華區,萬華區內江街29號,0,0,1,1,C03,7,5,5,50,14,9,1,5,4,5,13,4,4,10,3,5,2,16,2,21,2,9,5,1,7,10,1,10,2,13,,100,,1,21,121.5063921,25.0416171
113,1,24,20,56,2,02萬華區,萬華區內江街29號,0,0,1,2,C03,7,5,5,50,14,9,1,5,4,5,13,4,4,10,3,5,2,16,2,47,3,10,5,1,7,9,1,10,2,11,,44,,1,21,121.5063921,25.0416171
113,1,24,21,8,2,06松山區,松山區三民路與富錦街口,0,0,1,1,B03,8,5,5,50,4,1,1,5,4,5,13,2,2,9,4,5,2,15,1,49,3,10,7,1,7,9,1,8,1,4,,14,,1,22,121.5632747,25.0609381
113,1,24,21,8,2,06松山區,松山區三民路與富錦街口,0,0,1,2,C03,8,5,5,50,4,1,1,5,4,5,13,2,2,9,4,5,2,15,1,58,2,9,5,1,7,9,1,10,1,11,,44,,1,22,121.5632747,25.0609381
113,1,24,21,13,2,04大安區,大安區羅斯福路5段與基隆路4段口公館圓環,0,0,1,1,C03,7,5,5,30,5,1,1,5,4,5,13,1,1,10,4,5,2,10,1,31,2,5,6,1,7,7,1,10,1,11,,100,,1,21,121.5374179,25.011197
113,1,24,21,13,2,04大安區,大安區羅斯福路5段與基隆路4段口公館圓環,0,0,1,2,B03,7,5,5,30,5,1,1,5,4,5,13,1,1,10,4,5,2,10,1,19,3,10,3,4,7,9,1,8,1,2,,44,,1,21,121.5374179,25.011197
113,1,24,21,20,2,10文山區,文山區景中街與景文街口,0,0,1,1,B03,8,5,5,50,4,1,1,5,4,5,13,2,1,1,4,5,2,16,1,33,3,10,7,1,7,5,1,8,2,1,,71,,1,21,121.5413004,24.9928937
113,1,24,21,20,2,10文山區,文山區景中街與景文街口,0,0,1,2,C03,8,5,5,50,4,1,1,5,4,5,13,2,1,1,4,5,2,16,1,30,2,8,5,1,7,9,1,10,2,14,,44,,1,21,121.5413004,24.9928937
113,1,24,22,0,2,03中山區,(中山北路1段58號前),0,0,2,1,B02,7,5,5,50,14,9,1,5,4,5,13,4,4,5,4,5,2,16,1,18,3,10,3,4,7,6,1,8,2,2,,9,,1,21,121.5208916,25.04858197
113,1,24,22,0,2,03中山區,(中山北路1段58號前),0,0,2,2,C03,7,5,5,50,14,9,1,5,4,5,13,4,4,5,4,5,2,16,1,42,2,9,3,4,7,9,1,10,2,14,,14,,1,21,121.5208916,25.04858197
113,1,24,22,0,2,03中山區,(中山北路1段58號前),0,0,2,3,H02,7,5,5,50,14,9,1,5,4,5,13,4,4,5,4,5,2,16,2,39,2,9,3,5,7,17,8,20,10,16,,67,,1,21,121.5208916,25.04858197
113,1,24,22,4,2,01大同區,大同區環河快速道路與涼州街口,0,0,1,1,B03,8,5,5,60,14,7,1,5,4,5,13,4,4,1,4,5,2,17,1,44,3,10,3,4,7,7,1,8,2,17,,100,,1,21,121.5083899,25.0605055
113,1,24,22,4,2,01大同區,大同區環河快速道路與涼州街口,0,0,1,2,C01,8,5,5,60,14,7,1,5,4,5,13,4,4,1,4,5,2,17,1,31,2,9,3,4,7,9,1,9,2,14,,42,,1,21,121.5083899,25.0605055
113,1,24,22,28,2,08士林區,士林區格致路與格致路8巷口,0,0,1,1,B12,8,5,5,40,3,1,1,5,4,5,13,4,4,10,5,5,1,14,1,46,3,10,7,1,7,2,1,8,2,3,,12,,1,21,121.5461818,25.1359153
113,1,24,22,28,2,08士林區,士林區格致路與格致路8巷口,0,0,1,2,C03,8,5,5,40,3,1,1,5,4,5,13,4,4,10,5,5,1,14,1,18,2,7,5,1,7,9,1,10,2,11,,13,,1,21,121.5461818,25.1359153
113,1,25,0,14,2,08士林區,士林區中山北路6段315巷22弄與天母橋口,0,0,1,1,B01,8,5,5,30,3,1,1,5,4,5,13,4,4,10,5,5,1,15,1,36,3,10,7,1,7,9,1,4,2,1,,72,,1,21,121.5256861,25.1137347
113,1,25,0,14,2,08士林區,士林區中山北路6段315巷22弄與天母橋口,0,0,1,2,C03,8,5,5,30,3,1,1,5,4,5,13,4,4,10,5,5,1,15,1,21,2,9,5,1,7,9,1,10,2,12,,14,,1,21,121.5256861,25.1137347
113,1,25,6,1,2,03中山區,中山區松江路與農安街口,0,0,1,1,B03,7,5,5,50,4,1,1,5,4,5,13,1,1,3,4,5,2,2,1,70,3,10,7,1,7,5,1,8,1,8,,70,,1,21,121.5331586,25.06469156
113,1,25,6,1,2,03中山區,中山區松江路與農安街口,0,0,1,2,H01,7,5,5,50,4,1,1,5,4,5,13,1,1,3,4,5,2,2,2,82,2,9,4,5,8,16,8,20,10,16,,67,,1,21,121.5331586,25.06469156
113,1,25,6,7,2,07信義區,信義區吳興街220巷與吳興街口,0,0,2,1,C03,7,5,5,50,4,1,1,5,4,5,13,2,1,10,5,5,2,17,1,34,2,8,5,1,7,5,6,10,9,11,,4,,1,21,121.5630823,25.0277648
113,1,25,6,7,2,07信義區,信義區吳興街220巷與吳興街口,0,0,2,2,C03,7,5,5,50,4,1,1,5,4,5,13,2,1,10,5,5,2,17,1,26,2,9,5,1,7,9,1,10,9,11,,44,,1,21,121.5630823,25.0277648
113,1,25,6,14,2,05中正區,中正區和平西路1段與牯嶺街口,0,0,1,1,B01,7,5,5,50,4,2,1,4,4,5,13,1,1,1,4,5,2,17,1,63,3,10,7,1,7,5,1,4,2,4,,17,,1,22,121.5192152,25.0263996
113,1,25,6,14,2,05中正區,中正區和平西路1段與牯嶺街口,0,0,1,2,C03,7,5,5,50,4,2,1,4,4,5,13,1,1,1,4,5,2,17,2,21,2,9,5,1,7,8,1,10,2,12,,100,,1,22,121.5192152,25.0263996
113,1,25,6,33,2,07信義區,信義區吳興街220巷33號,0,0,1,1,A05,7,7,5,50,4,2,1,5,4,5,13,1,1,5,5,5,2,17,1,56,3,10,7,1,7,5,1,2,1,17,,71,,1,21,121.5623091,25.0270219
113,1,25,6,33,2,07信義區,信義區吳興街220巷33號,0,0,1,2,C03,7,7,5,50,4,2,1,5,4,5,13,1,1,5,5,5,2,17,2,63,2,8,5,1,7,9,1,10,1,14,,,,1,21,121.5623091,25.0270219
113,1,25,6,39,2,02萬華區,萬華區中華路2段606巷6號對面,0,0,1,1,C02,8,5,5,50,14,9,1,4,4,5,13,4,4,9,5,5,2,12,1,54,2,8,5,1,7,1,1,9,9,14,,19,,1,21,121.509805,25.0237443
113,1,25,6,39,2,02萬華區,萬華區中華路2段606巷6號對面,0,0,1,2,B01,8,5,5,50,14,9,1,4,4,5,13,4,4,9,5,5,2,12,1,68,3,10,7,1,7,9,1,4,9,2,,44,,1,21,121.509805,25.0237443
113,1,25,7,41,2,06松山區,松山區民權東路3段122號,0,0,2,1,C03,7,5,5,50,14,9,1,5,4,5,13,4,4,1,3,5,2,13,1,58,2,9,6,1,7,9,1,10,1,11,,16,,1,21,121.544896,25.0620119
113,1,25,7,41,2,06松山區,松山區民權東路3段122號,0,0,2,2,C03,7,5,5,50,14,9,1,5,4,5,13,4,4,1,3,5,2,13,2,69,2,9,6,1,7,9,1,10,1,13,,16,,1,21,121.544896,25.0620119
113,1,25,7,41,2,06松山區,松山區民權東路3段122號,0,0,2,4,C03,7,5,5,50,14,9,1,5,4,5,13,4,4,1,3,5,2,13,2,41,3,10,6,1,7,9,1,10,11,13,,44,,2,21,121.544896,25.0620119
113,1,25,7,41,2,06松山區,松山區民權東路3段122號,0,0,2,3,C03,7,5,5,50,14,9,1,5,4,5,13,4,4,1,3,5,2,13,1,42,3,10,6,1,7,9,1,10,11,17,,44,,2,21,121.544896,25.0620119
113,1,25,7,54,2,06松山區,松山區八德路4段與東寧路口,0,0,1,1,B03,7,6,5,50,4,1,1,5,4,5,13,1,1,5,4,5,2,16,1,54,3,10,7,1,7,6,1,8,1,6,,9,,1,22,121.5628589,25.0486263
113,1,25,7,54,2,06松山區,松山區八德路4段與東寧路口,0,0,1,2,C03,7,6,5,50,4,1,1,5,4,5,13,1,1,5,4,5,2,16,1,25,2,8,6,1,7,6,1,10,1,14,,44,,1,22,121.5628589,25.0486263
113,1,25,8,0,2,04大安區,大安區樂利路11巷與通化街200巷口,0,0,1,1,C03,7,6,5,30,4,1,1,5,4,5,13,4,4,10,5,5,2,16,1,46,2,8,6,4,7,5,1,10,1,14,,80,,1,22,121.5516154,25.0283412
113,1,25,8,0,2,04大安區,大安區樂利路11巷與通化街200巷口,0,0,1,2,C03,7,6,5,30,4,1,1,5,4,5,13,4,4,10,5,5,2,16,1,34,3,10,6,4,7,9,1,10,1,11,,14,,1,22,121.5516154,25.0283412
113,1,25,8,0,2,12內湖區,內湖區成功路2段與成功路2段456巷口,0,0,1,1,C03,6,7,5,50,14,9,1,4,4,5,13,4,4,1,4,5,2,12,1,73,2,9,6,1,7,7,1,10,2,14,,100,,1,21,121.5897362,25.07264954
113,1,25,8,0,2,12內湖區,內湖區成功路2段與成功路2段456巷口,0,0,1,2,B03,6,7,5,50,14,9,1,4,4,5,13,4,4,1,4,5,2,12,1,67,3,10,3,4,7,9,1,8,2,2,,108,,1,21,121.5897362,25.07264954
113,1,25,8,0,2,12內湖區,內湖區成功路2段與成功路2段456巷口,0,0,1,3,B03,6,7,5,50,14,9,1,4,4,5,13,4,4,1,4,5,2,12,1,44,3,10,2,1,7,13,5,8,9,17,,38,,1,21,121.5897362,25.07264954
113,1,25,8,6,2,03中山區,中山區民權東路2段144號,0,0,1,1,B03,8,7,5,50,14,9,1,5,4,5,13,4,4,1,4,5,2,17,2,50,3,10,3,4,7,9,1,8,9,17,,17,,1,21,121.5341173,25.06242543
113,1,25,8,6,2,03中山區,中山區民權東路2段144號,0,0,1,2,C03,8,7,5,50,14,9,1,5,4,5,13,4,4,1,4,5,2,17,2,25,2,8,6,4,7,7,1,10,9,17,,100,,1,21,121.5341173,25.06242543
113,1,25,8,13,2,03中山區,中山區松江路402巷7弄與農安街口,0,0,2,1,B03,7,5,5,30,3,1,1,5,4,5,13,4,4,10,5,5,2,16,1,60,3,10,7,1,7,5,1,8,1,4,,72,,1,21,121.5326402,25.0648304
113,1,25,8,13,2,03中山區,中山區松江路402巷7弄與農安街口,0,0,2,2,C03,7,5,5,30,3,1,1,5,4,5,13,4,4,10,5,5,2,16,1,38,2,7,6,1,7,9,1,10,1,11,,44,,1,21,121.5326402,25.0648304
113,1,25,8,13,2,03中山區,中山區松江路402巷7弄與農安街口,0,0,2,3,H02,7,5,5,30,3,1,1,5,4,5,13,4,4,10,5,5,2,16,2,40,2,8,6,5,7,21,8,20,10,16,,67,,1,21,121.5326402,25.0648304
113,1,25,8,39,2,12內湖區,內湖區瑞湖街161號,0,0,1,1,B03,6,6,5,50,14,9,2,4,4,5,13,4,4,9,4,5,2,16,1,30,3,10,7,1,7,6,1,8,1,2,,9,,1,21,121.5764585,25.06851504
113,1,25,8,39,2,12內湖區,內湖區瑞湖街161號,0,0,1,2,C03,6,6,5,50,14,9,2,4,4,5,13,4,4,9,4,5,2,16,2,30,2,9,6,1,7,9,1,10,1,14,,42,,1,21,121.5764585,25.06851504
113,1,25,8,40,2,02萬華區,萬華區堤外便道與水源快速道路口匝道處,0,0,1,1,B11,7,6,5,50,3,1,1,4,4,5,13,4,4,1,5,5,2,17,1,60,3,10,7,1,7,6,1,4,1,2,,9,,1,22,121.4983426,25.0161998
113,1,25,8,40,2,02萬華區,萬華區堤外便道與水源快速道路口匝道處,0,0,1,2,C03,7,6,5,50,3,1,1,4,4,5,13,4,4,1,5,5,2,17,1,26,2,9,2,1,7,9,1,10,1,11,,44,,1,22,121.4983426,25.0161998
113,1,25,8,40,2,02萬華區,萬華區堤外便道與水源快速道路口匝道處,0,0,1,3,B03,7,6,5,50,3,1,1,4,4,5,13,4,4,1,5,5,2,17,1,68,3,10,7,1,7,14,1,8,1,4,,38,,1,22,121.4983426,25.0161998
113,1,25,8,50,2,03中山區,中山區長春路16號,0,0,3,1,C03,6,5,5,40,14,8,1,4,4,5,13,4,4,5,5,4,2,17,1,40,2,9,3,4,6,9,1,10,1,11,,16,,1,21,121.523609,25.0549283
113,1,25,8,50,2,03中山區,中山區長春路16號,0,0,3,2,C03,6,5,5,40,14,8,1,4,4,5,13,4,4,5,5,4,2,17,2,37,2,8,3,4,7,9,1,10,1,13,,44,,1,21,121.523609,25.0549283
113,1,25,8,50,2,03中山區,中山區長春路16號,0,0,3,3,C03,6,5,5,40,14,8,1,4,4,5,13,4,4,5,5,4,2,17,2,31,2,8,3,4,7,9,1,10,1,12,,44,,1,21,121.523609,25.0549283
113,1,25,9,0,2,06松山區,松山區三民路與民生東路5段口,0,0,1,1,C03,6,6,5,50,18,9,1,4,4,5,13,2,1,1,4,5,2,17,1,42,4,11,3,4,7,21,1,10,9,17,,44,,2,21,121.5637857,25.05874657
113,1,25,9,0,2,06松山區,松山區三民路與民生東路5段口,0,0,1,2,C03,6,6,5,50,18,9,1,4,4,5,13,2,1,1,4,5,2,17,1,43,2,9,6,1,7,9,1,10,1,14,,116,,1,21,121.5637857,25.05874657
113,1,25,9,0,2,11南港區,南港區中南街33號,0,0,1,1,H01,6,7,8,30,14,9,1,4,4,5,13,4,4,10,5,5,2,3,1,23,3,10,4,5,8,16,8,20,1,16,,121,,1,21,121.615256,25.0540704
113,1,25,9,0,2,11南港區,南港區中南街33號,0,0,1,2,C03,6,7,8,30,14,9,1,4,4,5,13,4,4,10,5,5,2,3,2,45,2,7,5,4,7,9,1,10,1,11,,44,,1,21,121.615256,25.0540704
113,1,25,9,0,2,11南港區,南港區中南街33號,0,0,1,3,C03,6,7,8,30,14,9,1,4,4,5,13,4,4,10,5,5,2,3,1,23,3,10,5,1,7,13,1,10,1,17,,38,,1,21,121.615256,25.0540704
113,1,25,9,10,2,10文山區,文山區一壽街與一壽街17巷口,0,0,1,1,C03,7,6,5,30,4,1,1,4,4,5,13,4,4,9,5,5,2,15,1,35,3,10,6,1,7,9,1,10,1,17,,72,,1,21,121.5566871,24.9794357
113,1,25,9,10,2,10文山區,文山區一壽街與一壽街17巷口,0,0,1,2,C03,7,6,5,30,4,1,1,4,4,5,13,4,4,9,5,5,2,15,2,43,2,8,6,1,7,9,1,10,1,11,,44,,1,21,121.5566871,24.9794357
113,1,25,9,19,2,06松山區,松山區南京東路3段342號,0,0,2,1,C03,6,6,5,50,14,7,1,4,4,5,13,1,1,1,4,4,2,13,1,29,2,8,6,1,7,9,1,10,1,11,,108,,1,22,121.5477574,25.0516776
113,1,25,9,19,2,06松山區,松山區南京東路3段342號,0,0,2,2,C03,6,6,5,50,14,7,1,4,4,5,13,1,1,1,4,4,2,13,1,29,2,9,6,1,7,14,1,10,1,13,,44,,1,22,121.5477574,25.0516776
113,1,25,9,25,2,12內湖區,內湖區洲子街70號,0,0,2,1,C03,6,6,5,50,14,9,1,4,4,5,13,4,4,9,5,5,2,3,1,25,2,9,5,1,7,9,1,10,1,14,,108,,1,21,121.5720473,25.07964923
113,1,25,9,25,2,12內湖區,內湖區洲子街70號,0,0,2,2,H01,6,6,5,50,14,9,1,4,4,5,13,4,4,9,5,5,2,3,2,25,2,9,4,5,8,16,8,20,10,16,,53,,1,21,121.5720473,25.07964923
113,1,25,9,30,2,01大同區,大同區通河西街堤外便道,0,0,1,1,B03,6,5,5,30,22,9,1,4,4,5,13,4,4,1,5,5,2,17,2,44,4,11,3,4,7,21,7,19,11,15,,118,,2,22,121.5183588,25.0775293
113,1,25,9,30,2,01大同區,大同區通河西街堤外便道,0,0,1,2,C03,6,5,5,30,22,9,1,4,4,5,13,4,4,1,5,5,2,17,1,19,2,9,3,4,7,9,1,10,1,14,,118,,1,21,121.5183588,25.0775293
113,1,25,9,30,2,09北投區,北投區石牌路1段71巷與石牌路1段71巷9弄口,0,0,2,1,C03,6,6,5,30,4,1,1,4,4,5,13,4,4,10,5,5,2,15,2,25,2,7,6,1,7,9,1,10,1,11,,72,,1,21,121.5110442,25.1141079
113,1,25,9,30,2,09北投區,北投區石牌路1段71巷與石牌路1段71巷9弄口,0,0,2,2,C03,6,6,5,30,4,1,1,4,4,5,13,4,4,10,5,5,2,15,2,23,2,9,6,1,7,9,1,10,1,12,,14,,1,21,121.5110442,25.1141079
113,1,25,9,43,2,10文山區,文山區木新路3段95巷52弄與木新路3段127巷12弄口,0,0,1,1,B03,6,6,5,30,3,1,1,4,4,5,13,4,4,10,5,5,2,16,1,52,3,10,7,1,7,5,1,8,1,7,,72,,1,21,121.5617628,24.98114265
113,1,25,9,43,2,10文山區,文山區木新路3段95巷52弄與木新路3段127巷12弄口,0,0,1,2,C03,6,6,5,30,3,1,1,4,4,5,13,4,4,10,5,5,2,16,2,83,2,9,5,1,7,9,1,10,1,14,,14,,1,21,121.5617628,24.98114265
113,1,25,9,47,2,04大安區,大安區延吉街131巷與光復南路116巷口(廢鐵道),0,0,1,1,C03,7,6,5,30,4,1,1,4,4,5,13,4,4,1,5,5,2,16,2,50,2,8,6,1,7,5,1,10,1,11,,74,,1,21,121.5562175,25.0430033
113,1,25,9,47,2,04大安區,大安區延吉街131巷與光復南路116巷口(廢鐵道),0,0,1,2,C03,7,6,5,30,4,1,1,4,4,5,13,4,4,1,5,5,2,16,1,24,3,10,6,1,7,9,1,10,1,14,,13,,1,21,121.5562175,25.0430033
113,1,25,11,0,2,07信義區,信義區基隆路1段與一之六號道路口,0,0,1,1,B03,7,6,5,50,3,2,1,5,4,5,13,4,4,3,3,5,2,16,1,45,3,10,3,4,7,6,1,8,9,5,,9,,1,21,121.5605254,25.0342825
113,1,25,11,0,2,07信義區,信義區基隆路1段與一之六號道路口,0,0,1,2,C03,7,6,5,50,3,2,1,5,4,5,13,4,4,3,3,5,2,16,1,25,2,9,6,4,7,9,1,9,9,14,,44,,1,21,121.5605254,25.0342825
113,1,25,11,9,2,02萬華區,萬華區西寧南路與漢口街2段口,0,0,2,1,C03,8,6,5,50,4,2,1,5,4,5,13,2,1,9,4,5,2,17,1,23,2,9,6,1,7,7,1,10,9,14,,100,,1,21,121.5067398,25.0455811
113,1,25,11,9,2,02萬華區,萬華區西寧南路與漢口街2段口,0,0,2,2,C03,8,6,5,50,4,2,1,5,4,5,13,2,1,9,4,5,2,17,2,26,2,9,5,1,7,9,1,10,9,12,,44,,1,21,121.5067398,25.0455811
113,1,25,11,34,2,01大同區,大同區重慶北路3段與重慶北路3段236巷口,0,0,1,1,A04,7,6,5,50,4,2,1,5,4,5,13,2,1,1,3,5,1,16,1,60,3,10,7,1,7,9,1,1,2,1,,81,,1,21,121.5137649,25.07049
113,1,25,11,34,2,01大同區,大同區重慶北路3段與重慶北路3段236巷口,0,0,1,2,F01,7,6,5,50,4,2,1,5,4,5,13,2,1,1,3,5,1,16,1,64,2,9,2,4,7,21,8,20,9,14,,44,,1,21,121.5137649,25.07049
113,1,25,12,58,2,05中正區,中正區忠孝東路2段134巷16號,0,0,2,1,C03,6,6,5,50,14,9,1,4,4,5,13,4,4,5,5,5,2,13,1,43,2,9,5,1,7,9,1,10,1,11,,107,,1,22,121.531546,25.04102399