發生年度,發生月,發生日,發生時-Hours,發生分,處理別-編號,區序,肇事地點,死亡人數,2-30日死亡人數,受傷人數,當事人序號,車種,天候,道路照明設備,道路類別,速限-速度限制,道路型態,事故位置,路面狀況1,路面狀況2,路面狀況3,道路障礙1,道路障礙2,號誌1,號誌2,車道劃分-分向,車道劃分-分道1,車道劃分-分道2,車道劃分-分道3,事故類型及型態,性別,年齡,受傷程度,主要傷處,保護裝置,行動電話,車輛用途,當事者行動狀態,駕駛資格情形,駕駛執照種類,飲酒情形,車輛撞擊部位1,車輛撞擊部位2,肇因碼-個別,肇因碼-主要,個人肇逃否,職業,座標-X,座標-Y
113,1,25,12,58,2,05中正區,中正區忠孝東路2段134巷16號,0,0,2,2,C03,6,6,5,50,14,9,1,4,4,5,13,4,4,5,5,5,2,13,1,46,2,9,5,1,7,9,1,10,1,13,,44,,1,22,121.531546,25.04102399
113,1,25,12,58,2,05中正區,中正區忠孝東路2段134巷16號,0,0,2,3,C03,6,6,5,50,14,9,1,4,4,5,13,4,4,5,5,5,2,13,1,45,3,10,3,1,7,13,1,10,9,12,,44,,1,22,121.531546,25.04102399
113,1,25,13,2,2,03中山區,中山區南京東路2段與吉林路口,0,0,1,1,B03,6,7,5,50,4,2,1,4,4,5,13,1,1,1,4,4,2,13,1,66,3,10,7,1,7,9,1,8,1,1,,16,,1,22,121.5303511,25.052156
113,1,25,13,2,2,03中山區,中山區南京東路2段與吉林路口,0,0,1,2,C03,6,7,5,50,4,2,1,4,4,5,13,1,1,1,4,4,2,13,2,53,2,9,5,1,7,9,1,10,1,13,,44,,1,22,121.5303511,25.052156
113,1,25,13,50,2,12內湖區,內湖區民權東路6段180巷70弄與民權東路6段180巷42弄口口,0,0,1,1,C03,6,6,5,30,14,9,1,4,4,5,13,4,4,10,5,5,2,17,2,59,2,8,6,1,7,9,1,10,1,11,,108,,1,21,121.5919779,25.06663153
113,1,25,13,50,2,12內湖區,內湖區民權東路6段180巷70弄與民權東路6段180巷42弄口口,0,0,1,2,B03,6,6,5,30,14,9,1,4,4,5,13,4,4,10,5,5,2,17,1,60,3,10,7,1,7,9,1,8,1,17,,44,,1,21,121.5919779,25.06663153
113,1,25,13,50,2,12內湖區,內湖區民權東路6段180巷70弄與民權東路6段180巷42弄口口,0,0,1,3,,6,6,5,30,14,9,1,4,4,5,13,4,4,10,5,5,2,17,3,0,,,,,,,,,10,,,67,,1,,121.5919779,25.06663153
113,1,25,14,16,2,01大同區,大同區承德路3段與庫倫街口,0,0,1,1,B03,6,6,5,50,14,9,1,4,4,5,13,2,1,1,3,5,1,17,1,44,3,10,7,1,7,8,1,10,1,17,,100,,1,21,121.5188751,25.07188416
113,1,25,14,16,2,01大同區,大同區承德路3段與庫倫街口,0,0,1,2,C03,6,6,5,50,14,9,1,4,4,5,13,2,1,1,3,5,1,17,2,43,2,9,6,1,7,12,1,10,1,14,,44,,1,21,121.5188751,25.07188416
113,1,25,15,6,2,06松山區,松山區八德路4段245巷與東興路口無名巷,0,0,1,1,B01,6,7,5,30,4,1,1,4,4,1,13,2,1,5,4,5,2,1,1,66,3,10,7,1,7,5,1,4,1,5,,70,,1,16,121.5645822,25.0499985
113,1,25,15,6,2,06松山區,松山區八德路4段245巷與東興路口無名巷,0,0,1,2,H01,6,7,5,30,4,1,1,4,4,1,13,2,1,5,4,5,2,1,2,45,2,8,4,5,8,16,8,20,10,16,,53,,1,25,121.5645822,25.0499985
113,1,25,15,11,2,01大同區,大同區延平北路3段與民族西路口,0,0,1,1,B03,6,6,5,50,5,2,1,4,4,5,13,4,4,5,5,5,2,16,1,37,3,10,7,1,7,6,1,8,1,2,,9,,1,21,121.5108245,25.0685607
113,1,25,15,11,2,01大同區,大同區延平北路3段與民族西路口,0,0,1,2,C03,6,6,5,50,5,2,1,4,4,5,13,4,4,5,5,5,2,16,1,54,2,9,6,1,7,9,1,10,1,14,,44,,1,21,121.5108245,25.0685607
113,1,25,15,44,2,06松山區,松山區八德路4段與八德路4段17巷口,0,0,1,1,C03,7,6,5,50,3,1,1,4,4,5,13,4,4,4,3,5,2,17,1,37,2,9,6,1,7,9,1,10,1,14,,17,,1,21,121.5584559,25.04831074
113,1,25,15,44,2,06松山區,松山區八德路4段與八德路4段17巷口,0,0,1,2,C03,7,6,5,50,3,1,1,4,4,5,13,4,4,4,3,5,2,17,1,67,3,10,6,1,7,9,1,10,1,14,,17,,1,21,121.5584559,25.04831074
113,1,25,16,20,2,05中正區,中正區市民大道1段168號,0,0,1,1,C03,6,7,5,40,14,9,1,4,4,5,13,4,4,1,4,5,2,13,1,18,2,9,6,1,7,7,3,18,2,11,,16,,1,21,121.5194993,25.04810335
113,1,25,16,20,2,05中正區,中正區市民大道1段168號,0,0,1,2,B03,6,7,5,40,14,9,1,4,4,5,13,4,4,1,4,5,2,13,1,24,3,10,7,1,7,9,1,8,2,3,,44,,1,21,121.5194993,25.04810335
113,1,25,16,21,2,12內湖區,內湖區康樂街72巷與康樂街72巷17弄口,0,0,3,1,C03,6,6,5,50,3,1,1,4,4,5,13,4,4,5,5,5,2,11,1,17,2,9,5,1,7,5,2,18,1,12,,8,,1,21,121.6178087,25.06959208
113,1,25,16,21,2,12內湖區,內湖區康樂街72巷與康樂街72巷17弄口,0,0,3,2,C03,6,6,5,50,3,1,1,4,4,5,13,4,4,5,5,5,2,11,1,43,2,9,5,1,7,9,1,10,1,11,,44,,1,21,121.6178087,25.06959208
113,1,25,16,21,2,12內湖區,內湖區康樂街72巷與康樂街72巷17弄口,0,0,3,3,H02,6,6,5,50,3,1,1,4,4,5,13,4,4,5,5,5,2,11,1,13,2,9,5,5,7,20,8,20,10,17,,67,,1,21,121.6178087,25.06959208
113,1,25,16,29,2,06松山區,松山區撫遠街435號,0,0,1,1,B12,7,6,5,40,14,8,1,4,4,5,13,4,4,1,3,4,2,17,1,62,3,10,3,1,7,13,1,8,1,4,,40,,1,21,121.5681296,25.07016242
113,1,25,16,29,2,06松山區,松山區撫遠街435號,0,0,1,2,C03,7,6,5,40,14,8,1,4,4,5,13,4,4,1,3,4,2,17,1,23,2,9,6,1,7,9,1,10,1,11,,44,,1,21,121.5681296,25.07016242
113,1,25,16,30,2,02萬華區,萬華區雙園街3號,0,0,1,1,C03,6,7,5,50,14,9,1,4,4,5,13,4,4,1,4,5,2,17,2,38,2,8,6,1,7,10,1,10,1,11,,108,,1,21,121.4953999,25.0288778
113,1,25,16,30,2,02萬華區,萬華區雙園街3號,0,0,1,2,C03,6,7,5,50,14,9,1,4,4,5,13,4,4,1,4,5,2,17,1,19,3,10,6,1,7,13,1,10,9,12,,44,,1,21,121.4953999,25.0288778
113,1,25,16,35,2,07信義區,信義區忠孝東路5段2號,0,0,1,1,C03,6,6,5,50,14,9,1,4,4,5,13,4,4,1,4,5,2,13,1,33,2,7,5,1,7,9,1,10,1,11,,108,,1,21,121.5673402,25.0411696
113,1,25,16,35,2,07信義區,信義區忠孝東路5段2號,0,0,1,2,B01,6,6,5,50,14,9,1,4,4,5,13,4,4,1,4,5,2,13,1,24,3,10,3,4,7,14,1,4,1,3,,44,,1,21,121.5673402,25.0411696
113,1,25,16,50,2,09北投區,北投區大度路1段1205091燈桿,0,0,1,1,C03,6,5,5,50,14,12,1,4,4,5,13,4,4,3,4,3,1,9,2,52,2,9,5,1,7,9,3,18,1,11,,108,,1,21,121.4961973,25.121552
113,1,25,16,50,2,09北投區,北投區大度路1段1205091燈桿,0,0,1,2,H03,6,5,5,50,14,12,1,4,4,5,13,4,4,3,4,3,1,9,1,49,3,10,4,5,8,20,8,20,11,16,,125,,1,21,121.4961973,25.121552
113,1,25,17,11,2,10文山區,文山區和平東路4段與萬寧街口口,0,0,1,1,C03,6,5,5,40,5,1,1,4,4,5,13,2,1,10,5,5,2,3,2,42,2,9,5,1,7,9,1,10,2,11,,70,,1,21,121.5679084,25.00499243
113,1,25,17,11,2,10文山區,文山區和平東路4段與萬寧街口口,0,0,1,2,H01,6,5,5,40,5,1,1,4,4,5,13,2,1,10,5,5,2,3,1,12,2,9,4,5,8,16,8,20,10,16,,67,,1,22,121.5679084,25.00499243
113,1,25,17,27,2,12內湖區,內湖區康寧路3段與東湖路口,0,0,1,1,B02,6,5,8,50,3,2,1,4,4,5,13,1,1,1,4,4,2,12,2,27,3,10,7,1,7,9,1,8,1,5,,44,,1,21,121.6120305,25.06902724
113,1,25,17,27,2,12內湖區,內湖區康寧路3段與東湖路口,0,0,1,2,C03,6,5,8,50,3,2,1,4,4,5,13,1,1,1,4,4,2,12,1,72,2,9,5,1,7,15,1,10,1,14,,100,,1,21,121.6120305,25.06902724
113,1,25,17,41,2,07信義區,信義區松仁路280號,0,0,1,1,C04,6,5,5,30,11,9,1,4,4,5,13,3,1,9,5,5,2,17,1,68,2,9,3,4,7,5,1,10,2,12,,80,,1,22,121.5698639,25.0234737
113,1,25,17,41,2,07信義區,信義區松仁路280號,0,0,1,2,B03,6,5,5,30,11,9,1,4,4,5,13,3,1,9,5,5,2,17,1,63,3,10,3,4,7,9,1,8,2,8,,44,,1,22,121.5698639,25.0234737
113,1,25,17,45,2,05中正區,中正區羅斯福路2段與和平西路1段口,0,0,2,1,C03,6,5,5,50,4,1,1,4,4,5,13,1,1,2,4,5,2,15,1,68,2,8,6,1,7,9,1,10,1,12,,81,,1,22,121.5222184,25.0271515
113,1,25,17,45,2,05中正區,中正區羅斯福路2段與和平西路1段口,0,0,2,2,C03,6,5,5,50,4,1,1,4,4,5,13,1,1,2,4,5,2,15,2,31,2,8,6,1,7,1,1,10,1,11,,44,,1,22,121.5222184,25.0271515
113,1,25,17,45,2,06松山區,松山區敦化北路與敦化北路4巷口,0,0,1,1,B03,6,6,5,50,3,1,1,4,4,5,13,1,1,4,3,1,2,3,1,38,3,10,3,1,7,9,1,8,1,1,,118,,1,21,121.5486042,25.050132
113,1,25,17,45,2,06松山區,松山區敦化北路與敦化北路4巷口,0,0,1,2,H01,6,6,5,50,3,1,1,4,4,5,13,1,1,4,3,1,2,3,2,36,2,9,4,5,8,18,8,20,10,16,,67,,1,21,121.5486042,25.050132
113,1,25,17,50,2,05中正區,中正區和平西路1段62號,0,0,1,1,C03,6,5,5,40,14,8,1,4,4,3,13,4,4,1,4,4,2,12,1,20,2,8,5,1,7,9,1,10,1,11,,108,,1,21,121.5193385,25.0264071
113,1,25,17,50,2,05中正區,中正區和平西路1段62號,0,0,1,2,B03,6,5,5,40,14,8,1,4,4,3,13,4,4,1,4,4,2,12,1,28,3,10,2,1,7,13,1,8,1,7,,38,,1,21,121.5193385,25.0264071
113,1,25,18,2,2,03中山區,中山區林森北路119巷與新生北路1段口,0,0,1,2,C03,6,5,5,50,4,1,1,4,4,5,13,1,1,1,3,5,1,16,1,20,2,8,6,1,7,6,1,10,1,14,,17,,1,21,121.5280178,25.0503854
113,1,25,18,2,2,03中山區,中山區林森北路119巷與新生北路1段口,0,0,1,1,B03,6,5,5,50,4,1,1,4,4,5,13,1,1,1,3,5,1,16,1,40,3,10,7,1,7,6,1,8,1,2,,17,,1,21,121.5280178,25.0503854
113,1,25,18,8,2,05中正區,中正區林森北路與忠孝東路1段口,0,0,2,1,C03,6,5,5,50,4,1,1,4,4,5,13,2,1,1,4,5,2,17,1,39,3,10,5,1,7,11,1,10,1,17,,10,,1,22,121.5233648,25.04487966
113,1,25,18,8,2,05中正區,中正區林森北路與忠孝東路1段口,0,0,2,2,C03,6,5,5,50,4,1,1,4,4,5,13,2,1,1,4,5,2,17,2,44,2,9,5,1,7,9,1,10,1,14,,44,,1,22,121.5233648,25.04487966
113,1,25,18,8,2,05中正區,中正區林森北路與忠孝東路1段口,0,0,2,3,C03,6,5,5,50,4,1,1,4,4,5,13,2,1,1,4,5,2,17,1,40,3,10,5,1,7,12,1,10,1,11,,16,,1,22,121.5233648,25.04487966
113,1,25,18,8,2,05中正區,中正區林森北路與忠孝東路1段口,0,0,2,4,C03,6,5,5,50,4,1,1,4,4,5,13,2,1,1,4,5,2,17,1,35,2,8,5,1,7,9,1,10,1,11,,16,,1,22,121.5233648,25.04487966
113,1,25,18,10,2,03中山區,中山區民生東路2段與復興北路口,0,0,1,1,C03,6,5,5,50,4,1,1,4,4,5,13,1,1,1,4,5,2,17,2,51,2,9,3,4,7,8,1,10,1,15,,100,,1,21,121.5441433,25.0578753
113,1,25,18,10,2,03中山區,中山區民生東路2段與復興北路口,0,0,1,2,C03,6,5,5,50,4,1,1,4,4,5,13,1,1,1,4,5,2,17,1,29,3,10,3,4,7,9,1,10,1,15,,44,,1,21,121.5441433,25.0578753
113,1,25,18,25,2,10文山區,文山區羅斯福路6段與景中街口,0,0,2,1,C03,6,5,5,50,4,18,1,4,4,5,13,2,1,1,4,5,2,9,1,69,2,9,5,1,7,9,1,10,1,11,,70,,1,21,121.5410372,24.9932495
113,1,25,18,25,2,10文山區,文山區羅斯福路6段與景中街口,0,0,2,2,H01,6,5,5,50,4,18,1,4,4,5,13,2,1,1,4,5,2,9,2,52,2,9,4,5,8,16,8,20,10,16,,67,,1,21,121.5410372,24.9932495
113,1,25,18,31,2,05中正區,中正區西藏路116號,0,0,2,1,H01,6,5,5,30,14,9,1,4,4,5,13,1,1,1,4,5,2,9,2,63,2,9,4,5,8,16,8,20,10,16,,60,,1,22,121.5049219,25.0302742
113,1,25,18,31,2,05中正區,中正區西藏路116號,0,0,2,2,C03,6,5,5,30,14,9,1,4,4,5,13,1,1,1,4,5,2,9,1,24,2,8,5,4,7,9,1,10,2,11,,108,,1,22,121.5049219,25.0302742
113,1,25,18,35,2,07信義區,信義區基隆路2段107號,0,0,1,1,C03,6,5,5,50,14,9,1,4,4,5,13,4,4,1,4,5,2,18,1,36,2,9,5,1,7,9,1,10,1,14,,118,,1,22,121.5575557,25.0295204
113,1,25,18,35,2,07信義區,信義區基隆路2段107號,0,0,1,2,,6,5,5,50,14,9,1,4,4,5,13,4,4,1,4,5,2,18,3,,,,,,,,,,10,,,67,,1,,121.5575557,25.0295204
113,1,25,18,44,2,08士林區,士林區後港街與劍潭路口,0,0,1,1,F01,6,5,5,30,4,2,1,4,4,5,13,4,4,10,4,5,2,3,4,0,,,,,,,,,,,,119,,2,,121.5227474,25.0841712
113,1,25,18,44,2,08士林區,士林區後港街與劍潭路口,0,0,1,2,H01,6,5,5,30,4,2,1,4,4,5,13,4,4,10,4,5,2,3,2,56,2,6,4,5,8,16,8,20,10,16,,67,,1,22,121.5227474,25.0841712
113,1,25,18,54,2,07信義區,信義區仁愛路4段與逸仙路口,0,0,1,1,B01,7,5,5,50,4,2,1,4,4,5,13,1,1,5,4,5,1,2,1,68,3,10,7,1,7,6,1,4,1,5,,70,,1,21,121.5615497,25.0377477
113,1,25,18,54,2,07信義區,信義區仁愛路4段與逸仙路口,0,0,1,2,H01,7,5,5,50,4,2,1,4,4,5,13,1,1,5,4,5,1,2,1,47,2,9,4,5,8,16,8,20,10,16,,67,,1,21,121.5615497,25.0377477
113,1,25,18,58,2,12內湖區,內湖區成功路2段299號,0,0,1,1,B03,6,5,5,30,14,9,1,4,4,5,13,4,4,1,5,5,2,17,1,58,3,10,7,1,7,15,1,8,9,15,,118,,2,21,121.5911086,25.06941795
113,1,25,18,58,2,12內湖區,內湖區成功路2段299號,0,0,1,2,C03,6,5,5,30,14,9,1,4,4,5,13,4,4,1,5,5,2,17,1,35,2,8,5,1,7,15,1,10,2,11,,44,,1,21,121.5911086,25.06941795
113,1,25,19,0,2,10文山區,文山區一壽街17巷與樟新街15巷口,0,0,1,1,C03,6,5,5,30,14,9,2,4,4,5,13,4,4,10,5,5,2,9,2,52,2,9,5,4,7,9,1,10,1,11,,108,,1,21,121.5566157,24.9794086
113,1,25,19,0,2,10文山區,文山區一壽街17巷與樟新街15巷口,0,0,1,2,H01,6,5,5,30,14,9,2,4,4,5,13,4,4,10,5,5,2,9,1,32,2,9,4,5,8,16,8,20,10,16,,67,,1,21,121.5566157,24.9794086
113,1,25,19,0,2,07信義區,信義區松德路200巷與信義路5段91巷口,0,0,1,1,B02,6,5,5,30,3,2,1,4,4,5,13,4,4,9,4,5,2,17,1,75,3,10,7,1,7,5,1,8,9,5,,118,,1,22,121.571789,25.034724
113,1,25,19,0,2,07信義區,信義區松德路200巷與信義路5段91巷口,0,0,1,2,F01,6,5,5,30,3,2,1,4,4,5,13,4,4,9,4,5,2,17,2,48,2,9,4,1,7,9,8,20,10,15,,108,,1,22,121.571789,25.034724
113,1,25,19,10,2,01大同區,大同區民權西路136號,0,0,1,1,C03,6,5,5,50,14,9,1,4,4,5,13,4,4,1,4,5,2,17,1,20,2,9,5,1,7,9,1,10,1,11,,108,,1,21,121.5164908,25.0628287
113,1,25,19,10,2,01大同區,大同區民權西路136號,0,0,1,2,B01,6,5,5,50,14,9,1,4,4,5,13,4,4,1,4,5,2,17,1,62,3,10,7,1,7,14,1,4,1,7,,38,,1,21,121.5164908,25.0628287
113,1,25,19,50,2,08士林區,士林區中正路與延平北路5段口,0,0,1,1,C03,6,5,6,50,4,2,1,4,4,5,13,1,1,10,4,5,2,18,2,19,2,8,6,1,7,12,1,10,1,14,,42,,1,22,121.5097921,25.0870088
113,1,25,19,50,2,08士林區,士林區中正路與延平北路5段口,0,0,1,2,,6,5,6,50,4,2,1,4,4,5,13,1,1,10,4,5,2,18,3,0,,,,,,,,,10,,,67,,1,,121.5097921,25.0870088
113,1,25,20,5,2,03中山區,中山區民生西路7號,0,0,1,1,A02,6,5,5,50,14,9,1,4,4,5,13,4,4,9,4,5,2,9,1,59,3,10,7,1,7,12,1,1,1,17,,42,,1,21,121.5217866,25.0578493
113,1,25,20,5,2,03中山區,中山區民生西路7號,0,0,1,2,H02,6,5,5,50,14,9,1,4,4,5,13,4,4,9,4,5,2,9,2,45,2,5,4,5,7,17,8,20,10,16,,67,,1,21,121.5217866,25.0578493
113,1,25,20,10,2,07信義區,信義區松勇路31號,0,0,2,1,C03,8,5,5,30,14,9,1,5,4,5,13,4,4,8,3,5,2,3,1,54,2,8,3,4,7,15,1,10,1,11,,108,,1,21,121.5697777,25.0369152
113,1,25,20,10,2,07信義區,信義區松勇路31號,0,0,2,2,H01,8,5,5,30,14,9,1,5,4,5,13,4,4,8,3,5,2,3,1,32,2,9,4,5,8,16,8,20,1,16,,53,,1,21,121.5697777,25.0369152
113,1,25,21,5,2,01大同區,大同區鄭州路與西寧北路口,0,0,1,1,C03,6,5,5,40,4,1,1,4,4,5,13,2,1,1,4,5,2,17,2,25,2,6,6,4,7,5,1,10,1,14,,8,,1,22,121.5081686,25.0505849
113,1,25,21,5,2,01大同區,大同區鄭州路與西寧北路口,0,0,1,2,B03,6,5,5,40,4,1,1,4,4,5,13,2,1,1,4,5,2,17,2,37,3,10,3,4,7,9,1,8,1,2,,99,,1,22,121.5081686,25.0505849
113,1,25,21,10,2,08士林區,士林區承德路5段往南,0,0,3,1,C03,7,5,5,50,14,11,1,4,4,5,13,4,4,1,4,5,2,13,1,19,2,9,6,1,7,9,1,10,2,11,,16,,1,22,121.5142614,25.0951891
113,1,25,21,10,2,08士林區,士林區承德路5段往南,0,0,3,2,C03,7,5,5,50,14,11,1,4,4,5,13,4,4,1,4,5,2,13,1,60,2,9,5,1,7,9,1,10,2,13,,44,,1,22,121.5142614,25.0951891
113,1,25,21,10,2,08士林區,士林區承德路5段往南,0,0,3,3,H02,7,5,5,50,14,11,1,4,4,5,13,4,4,1,4,5,2,13,2,20,2,9,6,5,7,17,8,20,10,17,,67,,1,22,121.5142614,25.0951891
113,1,25,22,7,2,04大安區,大安區信義路2段198巷與永康街17巷口,0,0,1,1,B01,6,5,5,30,4,1,1,4,4,5,13,4,4,10,5,5,2,17,1,52,3,10,7,1,7,9,1,4,1,4,,72,,1,21,121.5307223,25.0323733
113,1,25,22,7,2,04大安區,大安區信義路2段198巷與永康街17巷口,0,0,1,2,C03,6,5,5,30,4,1,1,4,4,5,13,4,4,10,5,5,2,17,1,26,2,9,5,1,7,9,3,18,1,11,,14,,1,21,121.5307223,25.0323733
113,1,25,22,12,2,04大安區,大安區敦化南路1段295巷與仁愛路4段122巷口,0,0,1,1,C03,6,5,5,30,4,1,1,4,4,5,13,4,4,10,5,5,1,15,1,64,2,9,5,1,7,9,1,10,1,11,,4,,1,21,121.5502552,25.0354827
113,1,25,22,12,2,04大安區,大安區敦化南路1段295巷與仁愛路4段122巷口,0,0,1,2,B01,6,5,5,30,4,1,1,4,4,5,13,4,4,10,5,5,1,15,1,57,3,10,7,1,7,9,1,4,1,8,,80,,1,21,121.5502552,25.0354827
113,1,25,22,17,2,11南港區,南港區松河街與中坡北路口,0,0,2,1,C03,7,5,5,50,14,9,1,4,4,5,13,4,4,5,5,5,2,16,1,44,2,9,5,1,7,8,1,10,1,12,,100,,1,21,121.579854,25.05201365
113,1,25,22,17,2,11南港區,南港區松河街與中坡北路口,0,0,2,2,C03,7,5,5,50,14,9,1,4,4,5,13,4,4,5,5,5,2,16,2,32,2,9,5,1,7,9,1,10,1,14,,13,,1,21,121.579854,25.05201365
113,1,26,3,25,2,03中山區,中山區中山北路2段與錦州街口,0,0,1,1,C03,7,5,5,50,4,2,1,5,4,5,13,1,1,5,4,5,2,17,1,41,2,9,3,4,7,11,1,10,1,11,,103,,1,21,121.5233229,25.0603416
113,1,26,3,25,2,03中山區,中山區中山北路2段與錦州街口,0,0,1,2,B01,7,5,5,50,4,2,1,5,4,5,13,1,1,5,4,5,2,17,1,59,3,10,3,4,7,9,1,4,1,5,,44,,1,21,121.5233229,25.0603416
113,1,26,4,44,2,02萬華區,萬華區忠孝橋往北市下橋處,0,0,1,1,B02,8,5,5,50,14,9,1,5,4,5,13,4,4,1,4,5,2,12,1,24,3,10,3,4,7,9,1,4,1,2,,108,,1,22,121.5077545,25.0484774
113,1,26,4,44,2,02萬華區,萬華區忠孝橋往北市下橋處,0,0,1,2,C03,8,5,5,50,14,9,1,5,4,5,13,4,4,1,4,5,2,12,1,44,2,8,6,1,7,14,1,10,1,14,,44,,1,22,121.5077545,25.0484774
113,1,26,6,10,2,04大安區,大安區臥龍街與臥龍街151巷口,0,0,1,1,B03,7,5,5,50,5,1,1,4,4,5,13,1,1,5,4,5,1,16,1,60,3,10,7,1,7,5,1,8,1,1,,71,,1,21,121.5509792,25.0182376
113,1,26,6,10,2,04大安區,大安區臥龍街與臥龍街151巷口,0,0,1,2,C03,7,5,5,50,5,1,1,4,4,5,13,1,1,5,4,5,1,16,2,48,2,9,6,1,7,9,1,10,1,14,,44,,1,21,121.5509792,25.0182376
113,1,26,7,2,2,10文山區,文山區忠順街2段與興隆路4段165巷口,0,0,1,1,B03,7,5,5,30,3,1,1,4,4,5,13,4,4,9,5,5,1,16,1,45,3,10,7,1,7,5,1,8,2,8,,72,,1,21,121.5633796,24.9847665
113,1,26,7,2,2,10文山區,文山區忠順街2段與興隆路4段165巷口,0,0,1,2,C03,7,5,5,30,3,1,1,4,4,5,13,4,4,9,5,5,1,16,1,54,2,9,6,1,7,9,1,10,2,11,,108,,1,21,121.5633796,24.9847665
113,1,26,7,30,2,09北投區,北投區承德路6段與文承路口,0,0,2,1,C03,7,7,5,40,3,1,1,5,4,5,13,2,1,1,4,4,2,13,1,42,2,9,6,1,7,9,1,10,1,11,,16,,1,22,121.5121708,25.104563
113,1,26,7,30,2,09北投區,北投區承德路6段與文承路口,0,0,2,2,C03,7,7,5,40,3,1,1,5,4,5,13,2,1,1,4,4,2,13,1,63,2,8,6,1,7,3,1,10,1,13,,18,,1,21,121.5121708,25.104563
113,1,26,8,5,2,12內湖區,內湖區新湖三路與新湖二路250巷口,0,0,2,1,C03,8,5,5,50,14,9,1,5,4,5,13,4,4,5,5,5,2,17,2,64,2,6,5,1,7,9,1,10,1,11,,16,,1,21,121.5816747,25.06588923
113,1,26,8,5,2,12內湖區,內湖區新湖三路與新湖二路250巷口,0,0,2,2,C03,8,5,5,50,14,9,1,5,4,5,13,4,4,5,5,5,2,17,1,26,2,7,5,1,7,15,1,10,1,14,,44,,1,21,121.5816747,25.06588923
113,1,26,8,6,1,03中山區,中山區民生東路1段與林森北路口,1,0,0,1,B01,7,6,5,50,5,1,1,5,4,5,13,2,1,5,4,5,2,16,1,61,3,10,7,1,7,5,1,3,2,8,,83,,1,21,121.5255356,25.0580815
113,1,26,8,6,1,03中山區,中山區民生東路1段與林森北路口,1,0,0,2,C03,7,6,5,50,5,1,1,5,4,5,13,2,1,5,4,5,2,16,2,39,1,9,6,1,7,9,1,10,9,11,,81,,1,21,121.5255356,25.0580815
113,1,26,8,15,2,11南港區,南港區向陽路120巷2弄與重陽路39巷口,0,0,1,1,B03,8,6,5,50,4,2,1,5,4,5,13,1,1,10,5,5,2,1,1,59,3,10,3,4,7,9,1,8,2,1,,108,,1,22,121.596016,25.0551578
113,1,26,8,15,2,11南港區,南港區向陽路120巷2弄與重陽路39巷口,0,0,1,2,H01,8,6,5,50,4,2,1,5,4,5,13,1,1,10,5,5,2,1,1,4,2,8,4,5,8,16,8,20,1,16,,67,,1,22,121.596016,25.0551578
113,1,26,8,18,2,09北投區,北投區大度路3段與立功街口,0,0,1,1,C03,8,7,5,50,3,2,1,5,4,5,13,2,1,3,4,5,1,17,2,25,2,9,6,1,7,4,1,10,1,12,,108,,1,22,121.46947,25.12322944
113,1,26,8,18,2,09北投區,北投區大度路3段與立功街口,0,0,1,2,B03,8,7,5,50,3,2,1,5,4,5,13,2,1,3,4,5,1,17,1,50,3,10,7,1,7,8,1,8,1,2,,44,,1,22,121.46947,25.12322944
113,1,26,8,23,2,08士林區,士林區通河西街1段堤外機車練習場,0,0,3,1,C03,7,6,5,40,14,9,1,5,4,5,13,4,4,9,5,5,2,17,1,22,2,9,6,1,7,4,1,9,1,11,,1,,1,21,121.5132708,25.08317733
113,1,26,8,23,2,08士林區,士林區通河西街1段堤外機車練習場,0,0,3,2,C03,7,6,5,40,14,9,1,5,4,5,13,4,4,9,5,5,2,17,2,57,2,9,3,4,7,5,3,18,1,14,,44,,1,21,121.5132708,25.08317733
113,1,26,8,23,2,08士林區,士林區通河西街1段堤外機車練習場,0,0,3,3,H02,7,6,5,40,14,9,1,5,4,5,13,4,4,9,5,5,2,17,1,19,2,9,3,5,7,20,8,20,10,16,,67,,1,21,121.5132708,25.08317733
113,1,26,8,30,2,04大安區,大安區愛國東路與金山南路2段口,0,0,1,1,C03,8,6,5,50,4,1,1,5,4,5,13,2,1,10,5,5,2,12,1,36,3,10,6,4,7,9,1,10,1,14,,99,,1,22,121.5267339,25.0316237
113,1,26,8,30,2,04大安區,大安區愛國東路與金山南路2段口,0,0,1,2,C03,8,6,5,50,4,1,1,5,4,5,13,2,1,10,5,5,2,12,2,48,2,4,6,4,7,9,1,10,1,12,,44,,1,22,121.5267339,25.0316237
113,1,26,8,30,2,12內湖區,內湖區舊宗路2段121巷與瑞湖街口,0,0,1,1,B03,7,6,5,50,4,18,1,5,4,5,13,2,1,5,5,5,2,2,1,32,3,10,7,1,7,5,1,8,2,1,,70,,1,21,121.5765793,25.0689551
113,1,26,8,30,2,12內湖區,內湖區舊宗路2段121巷與瑞湖街口,0,0,1,2,H01,7,6,5,50,4,18,1,5,4,5,13,2,1,5,5,5,2,2,2,47,2,9,4,5,8,16,8,20,10,16,,67,,1,21,121.5765793,25.0689551
113,1,26,8,58,2,04大安區,大安區復興南路2段151巷與復興南路2段151巷35弄口,0,0,1,2,C03,7,6,6,40,3,1,1,5,4,5,13,4,4,5,2,5,1,16,1,26,2,7,5,1,7,9,1,10,1,14,,14,,1,21,121.545059,25.0283705
113,1,26,8,58,2,04大安區,大安區復興南路2段151巷與復興南路2段151巷35弄口,0,0,1,1,B03,7,6,6,40,3,1,1,5,4,5,13,4,4,5,2,5,1,16,1,51,3,10,3,4,7,5,1,8,1,1,,74,,1,21,121.545059,25.0283705