發生年度,發生月,發生日,發生時-Hours,發生分,處理別-編號,區序,肇事地點,死亡人數,2-30日死亡人數,受傷人數,當事人序號,車種,天候,道路照明設備,道路類別,速限-速度限制,道路型態,事故位置,路面狀況1,路面狀況2,路面狀況3,道路障礙1,道路障礙2,號誌1,號誌2,車道劃分-分向,車道劃分-分道1,車道劃分-分道2,車道劃分-分道3,事故類型及型態,性別,年齡,受傷程度,主要傷處,保護裝置,行動電話,車輛用途,當事者行動狀態,駕駛資格情形,駕駛執照種類,飲酒情形,車輛撞擊部位1,車輛撞擊部位2,肇因碼-個別,肇因碼-主要,個人肇逃否,職業,座標-X,座標-Y
113,1,26,10,35,2,03中山區,中山區中山北路2段與長春路口,0,0,1,1,B03,8,7,5,50,4,1,1,5,4,5,13,4,4,5,2,5,2,17,1,50,3,10,7,1,7,6,1,8,1,2,,9,,1,21,121.5228033,25.0549644
113,1,26,10,35,2,03中山區,中山區中山北路2段與長春路口,0,0,1,2,C03,8,7,5,50,4,1,1,5,4,5,13,4,4,5,2,5,2,17,1,30,2,9,5,1,7,9,1,10,1,11,,44,,1,21,121.5228033,25.0549644
113,1,26,10,40,2,09北投區,北投區行義路241號,0,0,1,1,B03,8,7,5,50,11,9,1,5,4,5,13,4,4,4,5,5,1,11,2,58,3,10,7,1,7,15,1,8,1,8,,95,,1,22,121.5287167,25.1347108
113,1,26,10,40,2,09北投區,北投區行義路241號,0,0,1,2,C03,8,7,5,50,11,9,1,5,4,5,13,4,4,4,5,5,1,11,1,28,2,9,6,1,7,9,1,9,1,14,,44,,1,22,121.5287167,25.1347108
113,1,26,10,56,2,05中正區,中正區金山南路1段35號,0,0,1,1,B03,7,6,5,50,14,9,1,5,4,5,13,4,4,3,4,5,2,17,1,71,3,10,2,1,7,15,1,8,2,17,,44,,1,22,121.5290345,25.03992789
113,1,26,10,56,2,05中正區,中正區金山南路1段35號,0,0,1,2,C03,7,6,5,50,14,9,1,5,4,5,13,4,4,3,4,5,2,17,1,33,2,9,5,1,7,9,1,10,2,17,,108,,1,22,121.5290345,25.03992789
113,1,26,11,2,2,01大同區,大同區蘭州街與蘭州街89巷口,0,0,1,1,C03,7,6,5,30,5,2,1,5,4,5,13,4,4,5,5,5,2,13,2,50,2,7,6,1,7,9,1,10,9,11,,108,,1,21,121.515275,25.0643864
113,1,26,11,2,2,01大同區,大同區蘭州街與蘭州街89巷口,0,0,1,2,B03,7,6,5,30,5,2,1,5,4,5,13,4,4,5,5,5,2,13,2,30,3,10,7,1,7,13,1,8,1,7,,38,,1,21,121.515275,25.0643864
113,1,26,11,8,2,01大同區,大同區酒泉街與迪化街2段口,0,0,1,1,C03,8,6,5,50,3,1,1,5,4,5,13,2,1,5,2,5,2,16,1,60,2,9,5,4,7,5,1,10,1,14,,8,,1,21,121.5132318,25.0720258
113,1,26,11,8,2,01大同區,大同區酒泉街與迪化街2段口,0,0,1,2,C03,8,6,5,50,3,1,1,5,4,5,13,2,1,5,2,5,2,16,1,25,3,10,5,4,7,9,1,10,1,12,,44,,1,21,121.5132318,25.0720258
113,1,26,11,15,2,12內湖區,內湖區瑞光路與民權東路6段口,0,0,1,1,C03,7,7,5,50,14,9,1,5,4,5,13,1,1,4,3,5,1,17,2,26,2,9,6,1,7,9,1,10,1,14,,87,,1,21,121.5842064,25.06885515
113,1,26,11,15,2,12內湖區,內湖區瑞光路與民權東路6段口,0,0,1,2,C03,7,7,5,50,14,9,1,5,4,5,13,1,1,4,3,5,1,17,1,19,3,10,6,1,7,8,1,10,1,12,,100,,1,21,121.5842064,25.06885515
113,1,26,11,20,2,08士林區,士林區延平北路7段106巷94弄與延平北路7段106巷口,0,0,1,1,B02,8,5,5,30,3,1,1,5,4,5,13,4,4,10,5,5,2,17,1,50,3,10,7,1,7,5,1,8,1,8,,72,,1,21,121.4962441,25.0991942
113,1,26,11,20,2,08士林區,士林區延平北路7段106巷94弄與延平北路7段106巷口,0,0,1,2,C03,8,5,5,30,3,1,1,5,4,5,13,4,4,10,5,5,2,17,1,21,2,9,6,1,7,9,1,10,1,11,,13,,1,21,121.4962441,25.0991942
113,1,26,11,25,2,01大同區,大同區民權西路與民權西路144巷口,0,0,3,1,C03,8,6,5,50,14,9,1,5,4,5,13,2,1,1,4,5,2,13,1,18,2,9,5,1,7,9,1,10,1,11,,108,,1,25,121.5157589,25.0628478
113,1,26,11,25,2,01大同區,大同區民權西路與民權西路144巷口,0,0,3,2,C03,8,6,5,50,14,9,1,5,4,5,13,2,1,1,4,5,2,13,2,60,2,9,5,1,7,9,1,10,1,13,,44,,1,22,121.5157589,25.0628478
113,1,26,11,25,2,01大同區,大同區民權西路與民權西路144巷口,0,0,3,3,H02,8,6,5,50,14,9,1,5,4,5,13,2,1,1,4,5,2,13,1,60,2,9,5,5,7,21,8,20,10,16,,67,,1,22,121.5157589,25.0628478
113,1,26,11,42,2,10文山區,文山區景興路與景興路153巷口,0,0,1,1,B03,7,6,5,30,3,18,1,5,4,5,13,2,1,10,5,5,2,3,1,42,3,10,7,1,7,5,1,8,2,1,,70,,1,21,121.544552,24.993722
113,1,26,11,42,2,10文山區,文山區景興路與景興路153巷口,0,0,1,2,H01,7,6,5,30,3,18,1,5,4,5,13,2,1,10,5,5,2,3,2,67,2,8,4,5,8,16,8,20,10,16,,67,,1,21,121.544552,24.993722
113,1,26,11,56,2,09北投區,北投區中央北路2段與大業路口,0,0,1,1,C03,7,6,5,50,4,2,1,5,4,5,13,2,1,5,4,5,2,17,2,43,2,8,6,1,7,9,1,10,9,17,,99,,1,21,121.4969071,25.1361534
113,1,26,11,56,2,09北投區,北投區中央北路2段與大業路口,0,0,1,2,B03,7,6,5,50,4,2,1,5,4,5,13,2,1,5,4,5,2,17,2,47,3,10,7,1,7,6,1,8,9,4,,44,,1,21,121.4969071,25.1361534
113,1,26,12,0,2,09北投區,北投區石牌路2段與天母西路口,0,0,1,1,B01,8,7,5,50,3,1,2,5,4,5,13,3,1,5,4,5,2,15,1,61,3,10,7,1,7,1,1,1,1,8,,116,,1,22,121.5219221,25.119222
113,1,26,12,0,2,09北投區,北投區石牌路2段與天母西路口,0,0,1,2,C03,8,7,5,50,3,1,2,5,4,5,13,3,1,5,4,5,2,15,1,51,2,9,6,1,7,9,1,10,1,11,,118,,1,22,121.5219221,25.119222
113,1,26,12,27,2,05中正區,中正區市民大道2段與天津街口,0,0,1,1,B03,7,6,5,40,4,2,1,5,4,5,13,1,1,10,5,5,2,16,2,61,3,10,2,1,7,1,1,8,2,6,,19,,1,22,121.5223444,25.0477893
113,1,26,12,27,2,05中正區,中正區市民大道2段與天津街口,0,0,1,2,C03,7,6,5,40,4,2,1,5,4,5,13,1,1,10,5,5,2,16,1,19,2,8,5,1,7,9,1,10,2,11,,44,,1,22,121.5223444,25.0477893
113,1,26,12,50,2,12內湖區,內湖區安康路282號,0,0,1,1,B03,7,5,5,40,14,9,1,5,4,5,13,4,4,9,5,5,2,17,1,44,3,10,7,1,7,5,1,8,2,8,,8,,1,21,121.6056253,25.06443794
113,1,26,12,50,2,12內湖區,內湖區安康路282號,0,0,1,2,C03,7,5,5,40,14,9,1,5,4,5,13,4,4,9,5,5,2,17,1,26,2,9,5,1,7,9,1,10,2,11,,44,,1,21,121.6056253,25.06443794
113,1,26,13,30,2,12內湖區,內湖區行善路與行愛路口,0,0,1,1,B01,7,6,5,50,4,1,1,5,4,5,13,2,1,9,4,4,2,16,1,50,3,10,7,1,7,5,1,4,1,6,,80,,1,21,121.5826703,25.0606306
113,1,26,13,30,2,12內湖區,內湖區行善路與行愛路口,0,0,1,2,C03,7,6,5,50,4,1,1,5,4,5,13,2,1,9,4,4,2,16,1,60,2,7,6,1,7,9,1,10,1,11,,42,,1,21,121.5826703,25.0606306
113,1,26,13,47,2,07信義區,信義區永吉路30巷與松隆路口,0,0,1,1,B03,7,7,5,30,14,18,1,5,4,5,13,1,1,3,4,5,2,1,1,53,3,10,3,4,7,5,1,8,1,8,,70,,1,21,121.5686825,25.0443629
113,1,26,13,47,2,07信義區,信義區永吉路30巷與松隆路口,0,0,1,2,H01,7,7,5,30,14,18,1,5,4,5,13,1,1,3,4,5,2,1,1,36,2,8,4,5,8,16,8,20,10,16,,67,,1,21,121.5686825,25.0443629
113,1,26,13,55,2,10文山區,文山區基隆路4段與羅斯福路4段口,0,0,1,1,B02,7,6,5,50,5,1,1,5,4,5,13,2,1,1,4,1,1,16,1,39,3,10,7,1,7,6,1,8,2,2,,98,,1,21,121.5370306,25.0109408
113,1,26,13,55,2,10文山區,文山區基隆路4段與羅斯福路4段口,0,0,1,2,C03,7,6,5,50,5,1,1,5,4,5,13,2,1,1,4,1,1,16,1,20,2,9,6,1,7,9,1,10,2,11,,44,,1,21,121.5370306,25.0109408
113,1,26,14,17,2,11南港區,南港區向陽路162巷與重陽路57巷口,0,0,1,1,B01,8,7,5,50,4,1,1,5,4,5,13,4,4,9,5,5,2,15,1,63,3,10,3,4,7,9,1,4,1,7,,72,,1,21,121.5963133,25.0563668
113,1,26,14,17,2,11南港區,南港區向陽路162巷與重陽路57巷口,0,0,1,2,C03,8,7,5,50,4,1,1,5,4,5,13,4,4,9,5,5,2,15,1,47,2,9,3,4,7,9,1,10,1,11,,44,,1,21,121.5963133,25.0563668
113,1,26,14,30,2,09北投區,北投區大度路3段與立功街口口,0,0,1,1,B03,8,5,5,50,3,2,1,5,4,5,13,4,4,3,4,5,2,13,1,51,3,10,7,1,7,9,1,8,1,1,,13,,1,21,121.4691773,25.12319854
113,1,26,14,30,2,09北投區,北投區大度路3段與立功街口口,0,0,1,2,C03,8,5,5,50,3,2,1,5,4,5,13,4,4,3,4,5,2,13,2,69,2,9,5,1,7,15,3,18,1,13,,100,,1,21,121.4691773,25.12319854
113,1,26,14,36,2,05中正區,中正區中山南路與徐州路口,0,0,1,1,A05,7,6,5,50,3,2,1,5,4,5,13,2,1,9,4,1,1,13,1,37,3,10,7,1,7,9,1,2,2,1,,16,,1,21,121.5185497,25.0416697
113,1,26,14,36,2,05中正區,中正區中山南路與徐州路口,0,0,1,2,C03,7,6,5,50,3,2,1,5,4,5,13,2,1,9,4,1,1,13,1,64,2,9,6,1,7,10,1,10,2,13,,100,,1,22,121.5185497,25.0416697
113,1,26,14,44,2,07信義區,信義區信義路5段8號,0,0,1,1,C03,8,5,5,50,14,9,1,5,4,5,13,4,4,5,5,5,2,13,2,66,2,7,5,1,7,9,1,10,1,11,,16,,1,21,121.5607131,25.0329558
113,1,26,14,44,2,07信義區,信義區信義路5段8號,0,0,1,2,B01,8,5,5,50,14,9,1,5,4,5,13,4,4,5,5,5,2,13,1,63,3,10,7,1,7,12,1,4,1,3,,44,,1,21,121.5607131,25.0329558
113,1,26,14,49,2,04大安區,大安區復興南路1段與復興南路1段107巷口,0,0,2,1,B01,7,6,5,50,3,1,1,5,4,5,13,2,1,1,4,5,1,16,1,67,3,10,3,4,7,6,1,4,1,5,,71,,1,21,121.5439657,25.0436003
113,1,26,14,49,2,04大安區,大安區復興南路1段與復興南路1段107巷口,0,0,2,2,C03,7,6,5,50,3,1,1,5,4,5,13,2,1,1,4,5,1,16,2,31,2,9,5,1,7,9,1,10,1,14,,108,,1,21,121.5439657,25.0436003
113,1,26,14,49,2,04大安區,大安區復興南路1段與復興南路1段107巷口,0,0,2,3,H02,7,6,5,50,3,1,1,5,4,5,13,2,1,1,4,5,1,16,1,32,2,8,5,5,7,20,8,20,10,16,,67,,1,21,121.5439657,25.0436003
113,1,26,15,44,2,03中山區,中山區民族東路336號與民族東路口,0,0,1,1,B03,7,6,5,50,5,1,1,5,4,5,13,2,1,1,4,5,2,16,1,70,3,10,7,1,7,5,1,8,2,5,,74,,1,21,121.5365781,25.0681433
113,1,26,15,44,2,03中山區,中山區民族東路336號與民族東路口,0,0,1,2,C03,7,6,5,50,5,1,1,5,4,5,13,2,1,1,4,5,2,16,1,19,2,9,6,1,7,9,1,10,2,11,,13,,1,21,121.5365781,25.0681433
113,1,26,15,59,2,03中山區,中山區錦州街338號,0,0,1,1,C03,8,5,5,50,14,9,1,5,4,5,13,4,4,9,5,5,2,13,1,51,2,9,3,4,7,9,1,10,2,13,,44,,1,21,121.5388661,25.0602284
113,1,26,15,59,2,03中山區,中山區錦州街338號,0,0,1,2,B03,8,5,5,50,14,9,1,5,4,5,13,4,4,9,5,5,2,13,1,29,3,10,3,4,7,9,1,8,2,5,,16,,1,21,121.5388661,25.0602284
113,1,26,15,59,2,03中山區,中山區錦州街338號,0,0,1,3,C03,8,5,5,50,14,9,1,5,4,5,13,4,4,9,5,5,2,13,3,0,,,,,,,,,11,,,67,,1,,121.5388661,25.0602284
113,1,26,15,59,2,03中山區,中山區錦州街338號,0,0,1,4,C03,8,5,5,50,14,9,1,5,4,5,13,4,4,9,5,5,2,13,3,0,,,,,,,,,11,,,67,,1,,121.5388661,25.0602284
113,1,26,16,15,2,10文山區,文山區秀明路2段與新光路1段口,0,0,1,1,B03,8,5,5,50,4,1,1,5,4,5,13,2,1,10,5,5,1,13,1,39,3,10,7,1,7,15,1,8,1,1,,16,,1,21,121.5737692,24.9916075
113,1,26,16,15,2,10文山區,文山區秀明路2段與新光路1段口,0,0,1,2,C03,8,5,5,50,4,1,1,5,4,5,13,2,1,10,5,5,1,13,2,55,2,9,6,1,7,9,1,10,1,13,,44,,1,21,121.5737692,24.9916075
113,1,26,16,30,2,08士林區,士林區百齡橋005燈桿,0,0,2,1,C03,8,6,5,40,8,11,1,5,4,5,13,4,4,3,4,4,1,13,1,16,2,9,3,4,7,9,2,18,1,11,,108,,1,21,121.5148367,25.0901351
113,1,26,16,30,2,08士林區,士林區百齡橋005燈桿,0,0,2,2,F01,8,6,5,40,8,11,1,5,4,5,13,4,4,3,4,4,1,13,2,70,2,9,4,4,7,9,8,20,1,13,,44,,1,21,121.5148367,25.0901351
113,1,26,16,30,2,09北投區,北投區榮華三路與明德路口,0,0,2,1,B03,7,6,5,50,3,1,1,5,4,5,13,3,1,9,4,5,2,17,2,77,3,10,7,1,6,6,1,8,1,5,,108,,1,21,121.5222596,25.1140624
113,1,26,16,30,2,09北投區,北投區榮華三路與明德路口,0,0,2,2,C03,7,6,5,50,3,1,1,5,4,5,13,3,1,9,4,5,2,17,1,71,2,9,5,1,7,5,1,10,1,11,,84,,1,21,121.5222596,25.1140624
113,1,26,16,30,2,09北投區,北投區榮華三路與明德路口,0,0,2,3,H02,7,6,5,50,3,1,1,5,4,5,13,3,1,9,4,5,2,17,2,63,2,8,5,5,7,20,8,20,10,16,,67,,1,21,121.5222596,25.1140624
113,1,26,16,45,2,03中山區,中山區民生東路2段149號,0,0,2,1,A01,8,7,5,50,14,9,1,5,4,5,13,4,4,1,4,5,2,17,1,53,3,10,7,1,7,14,1,2,1,17,,38,,1,21,121.5346787,25.0580873
113,1,26,16,45,2,03中山區,中山區民生東路2段149號,0,0,2,2,C03,8,7,5,50,14,9,1,5,4,5,13,4,4,1,4,5,2,17,2,40,2,8,6,1,7,9,1,10,1,11,,108,,1,21,121.5346787,25.0580873
113,1,26,16,45,2,03中山區,中山區民生東路2段149號,0,0,2,3,H02,8,7,5,50,14,9,1,5,4,5,13,4,4,1,4,5,2,17,2,23,2,1,4,5,7,19,8,20,10,16,,56,,1,21,121.5346787,25.0580873
113,1,26,16,53,2,04大安區,大安區光復南路390號,0,0,2,1,B03,7,6,5,50,14,9,1,5,4,5,13,4,4,1,4,5,1,12,2,33,3,10,3,4,7,8,1,4,1,4,,100,,1,21,121.557524,25.03716296
113,1,26,16,53,2,04大安區,大安區光復南路390號,0,0,2,2,C03,7,6,5,50,14,9,1,5,4,5,13,4,4,1,4,5,1,12,1,31,2,7,5,1,7,9,1,10,1,12,,17,,1,21,121.557524,25.03716296
113,1,26,16,53,2,04大安區,大安區光復南路390號,0,0,2,3,H02,7,6,5,50,14,9,1,5,4,5,13,4,4,1,4,5,1,12,1,27,2,7,5,5,7,20,8,20,10,16,,67,,1,21,121.557524,25.03716296
113,1,26,17,20,2,06松山區,松山區民權東路5段與民權東路5段口1號無名巷,0,0,1,1,C03,7,7,5,50,3,1,1,5,4,5,13,2,1,1,4,5,2,12,1,63,2,9,5,1,7,9,1,9,1,11,,17,,1,7,121.5649087,25.0631773
113,1,26,17,20,2,06松山區,松山區民權東路5段與民權東路5段口1號無名巷,0,0,1,2,C03,7,7,5,50,3,1,1,5,4,5,13,2,1,1,4,5,2,12,1,20,3,10,6,1,7,9,1,10,1,11,,17,,1,7,121.5649087,25.0631773
113,1,26,17,25,2,04大安區,大安區新生南路3段與新生南路3段86巷口,0,0,1,1,F01,8,5,5,50,3,2,1,5,4,5,13,2,1,1,4,4,1,15,1,83,3,10,4,4,7,15,8,20,11,17,,42,,1,21,121.5337111,25.0186756
113,1,26,17,25,2,04大安區,大安區新生南路3段與新生南路3段86巷口,0,0,1,2,C03,8,5,5,50,3,2,1,5,4,5,13,2,1,1,4,4,1,15,1,44,2,9,3,4,7,9,1,10,11,12,,44,,1,21,121.5337111,25.0186756
113,1,26,17,27,2,03中山區,中山區民權西路與天祥路口,0,0,1,1,C01,7,5,5,50,4,2,1,5,4,5,13,2,1,1,4,5,2,16,1,32,3,10,6,1,7,6,1,9,1,12,,9,,1,21,121.520722,25.062711
113,1,26,17,27,2,03中山區,中山區民權西路與天祥路口,0,0,1,2,C03,7,5,5,50,4,2,1,5,4,5,13,2,1,1,4,5,2,16,1,50,2,9,6,1,7,9,1,10,1,14,,108,,1,21,121.520722,25.062711
113,1,26,17,38,2,08士林區,士林區福林橋北往南,0,0,1,1,C03,8,5,5,50,8,9,1,5,4,5,13,4,4,3,5,5,1,17,1,26,3,10,5,1,7,8,1,9,1,11,,100,,1,21,121.5272423,25.0978184
113,1,26,17,38,2,08士林區,士林區福林橋北往南,0,0,1,2,C03,8,5,5,50,8,9,1,5,4,5,13,4,4,3,5,5,1,17,1,23,2,9,5,1,7,9,1,10,1,11,,44,,1,21,121.5272423,25.0978184
113,1,26,17,38,2,08士林區,士林區福林橋北往南,0,0,1,3,B03,8,5,5,50,8,9,1,5,4,5,13,4,4,3,5,5,1,17,1,39,3,10,7,1,7,14,1,8,1,5,,44,,1,21,121.5272423,25.0978184
113,1,26,17,45,2,03中山區,中山區松江路607號,0,0,1,1,C03,8,5,5,50,14,9,1,5,4,5,13,4,4,1,4,5,2,13,1,46,2,8,6,4,7,9,1,9,1,11,,44,,1,22,121.5336674,25.07074548
113,1,26,17,45,2,03中山區,中山區松江路607號,0,0,1,2,B03,8,5,5,50,14,9,1,5,4,5,13,4,4,1,4,5,2,13,1,49,3,10,3,4,7,9,1,4,1,3,,44,,1,22,121.5336674,25.07074548
113,1,26,17,45,2,03中山區,中山區松江路607號,0,0,1,3,B12,8,5,5,50,14,9,1,5,4,5,13,4,4,1,4,5,2,13,1,63,3,10,3,4,7,7,1,8,1,17,,100,,1,22,121.5336674,25.07074548
113,1,26,18,15,2,02萬華區,萬華區華江橋往板橋機車道001047燈桿,0,0,2,1,C03,8,5,5,50,8,11,1,5,4,5,13,4,4,3,5,5,2,13,1,31,2,8,5,4,7,9,1,9,1,11,,16,,1,21,121.4886198,25.03582476
113,1,26,18,15,2,02萬華區,萬華區華江橋往板橋機車道001047燈桿,0,0,2,2,C03,8,5,5,50,8,11,1,5,4,5,13,4,4,3,5,5,2,13,1,38,2,8,5,4,7,12,1,10,1,13,,44,,1,21,121.4886198,25.03582476
113,1,26,18,15,2,02萬華區,萬華區華江橋往板橋機車道001047燈桿,0,0,2,3,C03,8,5,5,50,8,11,1,5,4,5,13,4,4,3,5,5,2,13,2,45,3,10,5,4,7,14,1,10,1,17,,44,,1,21,121.4886198,25.03582476
113,1,26,18,22,2,09北投區,北投區石牌路2段與東華街2段口,0,0,2,1,C03,8,5,5,50,4,2,1,5,4,5,13,1,1,1,4,5,2,12,1,72,2,9,6,1,7,15,1,10,2,14,,100,,1,21,121.514805,25.1151618
113,1,26,18,22,2,09北投區,北投區石牌路2段與東華街2段口,0,0,2,2,B03,8,5,5,50,4,2,1,5,4,5,13,1,1,1,4,5,2,12,1,64,3,10,7,1,7,15,1,8,2,5,,44,,1,21,121.514805,25.1151618
113,1,26,18,22,2,09北投區,北投區石牌路2段與東華街2段口,0,0,2,3,H02,8,5,5,50,4,2,1,5,4,5,13,1,1,1,4,5,2,12,2,68,2,9,6,5,7,20,8,20,10,16,,67,,1,21,121.514805,25.1151618
113,1,26,18,37,2,03中山區,中山區德惠街3巷與德惠街口,0,0,1,1,C03,8,5,5,30,4,1,1,5,4,5,13,4,4,5,5,5,2,15,2,30,2,8,6,1,7,9,1,10,1,12,,72,,1,22,121.5229743,25.06673372
113,1,26,18,37,2,03中山區,中山區德惠街3巷與德惠街口,0,0,1,2,B03,8,5,5,30,4,1,1,5,4,5,13,4,4,5,5,5,2,15,1,67,3,10,3,4,7,9,1,8,1,8,,44,,1,22,121.5229743,25.06673372
113,1,26,18,37,2,06松山區,松山區市民大道4段與延吉街口,0,0,2,1,C03,8,5,5,40,4,2,1,5,4,5,13,2,1,1,4,5,2,12,2,37,2,9,5,1,7,6,1,10,1,12,,9,,1,21,121.5537606,25.04452797
113,1,26,18,37,2,06松山區,松山區市民大道4段與延吉街口,0,0,2,2,C03,8,5,5,40,4,2,1,5,4,5,13,2,1,1,4,5,2,12,1,22,2,8,5,1,7,9,1,10,1,14,,108,,1,21,121.5537606,25.04452797
113,1,26,18,49,2,02萬華區,萬華區西園路2段290-2號,0,0,1,1,C03,7,5,5,50,14,8,1,5,4,5,13,4,4,10,3,4,2,14,1,49,3,10,5,1,7,2,1,10,2,13,,12,,1,21,121.4939449,25.0272295
113,1,26,18,49,2,02萬華區,萬華區西園路2段290-2號,0,0,1,2,F03,7,5,5,50,14,8,1,5,4,5,13,4,4,10,3,4,2,14,2,44,2,8,4,1,7,9,8,20,2,11,,44,,1,21,121.4939449,25.0272295
113,1,26,18,50,2,02萬華區,萬華區環河南路3段與萬大路口,0,0,1,1,B03,8,5,5,50,4,1,1,5,4,5,13,1,1,1,3,5,2,13,1,70,3,10,7,1,7,6,1,8,1,5,,44,,1,22,121.4954889,25.0169536
113,1,26,18,50,2,02萬華區,萬華區環河南路3段與萬大路口,0,0,1,2,F01,8,5,5,50,4,1,1,5,4,5,13,1,1,1,3,5,2,13,2,53,2,8,4,1,7,9,8,20,1,15,,44,,1,22,121.4954889,25.0169536
113,1,26,18,51,2,02萬華區,萬華區中華路2段與艋舺大道口,0,0,2,1,C03,8,5,5,50,3,2,1,5,4,5,13,2,1,1,4,4,2,17,2,24,2,9,6,1,7,7,1,10,1,13,,100,,1,21,121.5056548,25.034653
113,1,26,18,51,2,02萬華區,萬華區中華路2段與艋舺大道口,0,0,2,2,C03,8,5,5,50,3,2,1,5,4,5,13,2,1,1,4,4,2,17,2,34,2,9,6,1,7,9,1,10,1,15,,107,,1,21,121.5056548,25.034653
113,1,26,19,1,2,04大安區,大安區信義路4段265巷與信義路4段265巷21弄口,0,0,1,1,B03,7,5,5,30,4,2,1,5,4,5,13,4,4,5,5,5,2,17,1,26,3,10,7,1,7,14,1,8,1,4,,40,,1,21,121.5548015,25.0344561
113,1,26,19,1,2,04大安區,大安區信義路4段265巷與信義路4段265巷21弄口,0,0,1,2,F01,7,5,5,30,4,2,1,5,4,5,13,4,4,5,5,5,2,17,2,20,2,7,4,1,7,9,8,20,1,11,,44,,1,21,121.5548015,25.0344561
113,1,26,19,10,2,03中山區,中山區中山北路1段57號前,0,0,2,1,C03,7,5,5,50,14,9,1,5,4,5,13,4,4,5,4,5,2,17,1,71,2,9,3,4,7,9,1,10,1,12,,44,,1,21,121.5215443,25.0493632
113,1,26,19,10,2,03中山區,中山區中山北路1段57號前,0,0,2,2,C03,7,5,5,50,14,9,1,5,4,5,13,4,4,5,4,5,2,17,1,21,2,8,3,4,7,9,1,10,1,14,,44,,1,21,121.5215443,25.0493632
113,1,26,19,36,2,04大安區,大安區忠孝東路3段237巷與忠孝東路3段口,0,0,2,1,B03,8,5,5,50,3,1,1,5,4,1,11,4,4,10,4,5,2,17,2,59,3,10,7,1,7,6,1,8,1,5,,9,,1,21,121.5407122,25.0417682
113,1,26,19,36,2,04大安區,大安區忠孝東路3段237巷與忠孝東路3段口,0,0,2,3,H02,8,5,5,50,3,1,1,5,4,1,11,4,4,10,4,5,2,17,2,20,2,8,6,5,7,20,8,20,10,16,,67,,1,21,121.5407122,25.0417682
113,1,26,19,36,2,04大安區,大安區忠孝東路3段237巷與忠孝東路3段口,0,0,2,2,C03,8,5,5,50,3,1,1,5,4,1,11,4,4,10,4,5,2,17,1,19,2,8,6,1,7,9,1,10,1,14,,44,,1,21,121.5407122,25.0417682
113,1,26,20,10,2,12內湖區,內湖區洲子街81號,0,0,1,1,B12,8,5,5,50,14,9,1,5,4,5,13,4,4,9,5,5,2,16,1,27,3,10,7,1,7,5,1,7,1,8,,8,,1,21,121.5709163,25.08012697
113,1,26,20,10,2,12內湖區,內湖區洲子街81號,0,0,1,2,C03,8,5,5,50,14,9,1,5,4,5,13,4,4,9,5,5,2,16,1,35,2,9,5,1,7,9,1,9,1,12,,44,,1,21,121.5709163,25.08012697
113,1,26,20,44,2,09北投區,北投區立德路與立德路120巷口,0,0,2,1,B03,8,5,5,50,4,1,1,5,4,5,13,2,1,5,4,5,2,17,1,60,3,10,2,1,7,5,1,8,1,4,,8,,1,21,121.4718096,25.12653528
113,1,26,20,44,2,09北投區,北投區立德路與立德路120巷口,0,0,2,2,C03,8,5,5,50,4,1,1,5,4,5,13,2,1,5,4,5,2,17,1,38,2,9,5,1,7,5,1,10,1,12,,44,,1,21,121.4718096,25.12653528
113,1,26,20,44,2,09北投區,北投區立德路與立德路120巷口,0,0,2,3,H02,8,5,5,50,4,1,1,5,4,5,13,2,1,5,4,5,2,17,2,30,2,8,5,5,7,20,8,20,10,16,,67,,1,21,121.4718096,25.12653528
113,1,26,21,0,2,03中山區,中山區林森北路85巷16號,0,0,1,1,B01,8,6,5,30,14,9,1,5,4,5,13,4,4,10,5,5,2,2,2,55,4,11,3,4,7,9,1,4,11,4,,108,,2,22,121.5254455,25.04966915
113,1,26,21,0,2,03中山區,中山區林森北路85巷16號,0,0,1,2,H01,8,6,5,30,14,9,1,5,4,5,13,4,4,10,5,5,2,2,2,27,2,7,4,5,8,16,8,20,10,16,,67,,1,22,121.5254455,25.04966915
113,1,26,21,30,2,12內湖區,內湖區成功路2段與成功路2段320巷口,0,0,2,1,B03,8,5,5,30,3,2,1,5,4,5,13,1,1,10,5,5,2,13,1,41,3,10,7,1,7,9,1,8,8,1,,21,,1,21,121.5906644,25.0675678
113,1,26,21,30,2,12內湖區,內湖區成功路2段與成功路2段320巷口,0,0,2,2,F03,8,5,5,30,3,2,1,5,4,5,13,1,1,10,5,5,2,13,2,30,2,8,4,1,7,14,8,20,2,13,,44,,1,21,121.5906644,25.0675678
113,1,26,21,30,2,12內湖區,內湖區成功路2段與成功路2段320巷口,0,0,2,3,C03,8,5,5,30,3,2,1,5,4,5,13,1,1,10,5,5,2,13,1,24,2,8,5,1,7,14,1,10,2,13,,44,,1,21,121.5906644,25.0675678
113,1,26,22,15,2,07信義區,信義區基隆路2段13號,0,0,1,1,B01,7,5,5,50,14,9,1,5,4,5,13,4,4,8,5,5,2,12,1,66,3,10,3,4,7,8,1,10,1,6,2,100,,1,22,121.559135,25.0321235
113,1,26,22,15,2,07信義區,信義區基隆路2段13號,0,0,1,2,C03,7,5,5,50,14,9,1,5,4,5,13,4,4,8,5,5,2,12,2,21,2,9,5,1,7,9,1,10,1,11,12,44,,1,21,121.559135,25.0321235