發生年度,發生月,發生日,發生時-Hours,發生分,處理別-編號,區序,肇事地點,死亡人數,2-30日死亡人數,受傷人數,當事人序號,車種,天候,道路照明設備,道路類別,速限-速度限制,道路型態,事故位置,路面狀況1,路面狀況2,路面狀況3,道路障礙1,道路障礙2,號誌1,號誌2,車道劃分-分向,車道劃分-分道1,車道劃分-分道2,車道劃分-分道3,事故類型及型態,性別,年齡,受傷程度,主要傷處,保護裝置,行動電話,車輛用途,當事者行動狀態,駕駛資格情形,駕駛執照種類,飲酒情形,車輛撞擊部位1,車輛撞擊部位2,肇因碼-個別,肇因碼-主要,個人肇逃否,職業,座標-X,座標-Y
113,1,26,22,41,2,09北投區,北投區中央北路4段400號前,0,0,1,1,B03,7,5,5,50,14,9,1,5,4,5,13,4,4,9,4,5,2,17,1,70,3,10,7,1,7,11,1,8,2,4,,10,,1,21,121.4711457,25.129571
113,1,26,22,41,2,09北投區,北投區中央北路4段400號前,0,0,1,2,C03,7,5,5,50,14,9,1,5,4,5,13,4,4,9,4,5,2,17,1,20,2,9,5,1,7,9,1,10,2,11,,44,,1,21,121.4711457,25.129571
113,1,26,23,0,2,06松山區,松山區塔悠路與八德路4段口,0,0,1,3,H02,7,5,5,50,14,9,1,5,4,5,13,1,1,1,3,1,2,9,2,48,3,10,7,5,7,19,8,20,10,16,,126,,1,26,121.5719224,25.0501394
113,1,26,23,0,2,06松山區,松山區塔悠路與八德路4段口,0,0,1,1,B03,7,5,5,50,14,9,1,5,4,5,13,1,1,1,3,1,2,9,1,45,3,10,7,1,7,14,1,8,1,2,,40,,1,26,121.5719224,25.0501394
113,1,26,23,0,2,06松山區,松山區塔悠路與八德路4段口,0,0,1,2,C03,7,5,5,50,14,9,1,5,4,5,13,1,1,1,3,1,2,9,1,27,2,9,6,1,7,9,1,10,1,14,,44,,1,26,121.5719224,25.0501394
113,1,26,23,2,2,01大同區,大同區鄭州路與西寧北路口,0,0,1,1,B03,7,5,5,50,4,1,1,5,4,5,13,2,1,1,4,5,2,13,1,41,3,10,3,4,7,5,3,18,2,1,,108,,1,22,121.5081356,25.0504691
113,1,26,23,2,2,01大同區,大同區鄭州路與西寧北路口,0,0,1,2,C03,7,5,5,50,4,1,1,5,4,5,13,2,1,1,4,5,2,13,2,46,2,9,6,4,7,14,1,10,2,13,,44,,1,22,121.5081356,25.0504691
113,1,26,23,23,2,09北投區,北投區中央南路1段與大業路280巷口,0,0,1,1,B01,7,5,5,30,4,1,1,5,4,5,13,1,1,10,5,5,2,17,1,45,3,10,7,1,7,5,1,4,1,1,,71,,1,21,121.5004042,25.1277658
113,1,26,23,23,2,09北投區,北投區中央南路1段與大業路280巷口,0,0,1,2,C03,7,5,5,30,4,1,1,5,4,5,13,1,1,10,5,5,2,17,1,59,2,9,5,1,7,9,1,10,1,14,,44,,1,21,121.5004042,25.1277658
113,1,26,23,30,2,05中正區,中正區永福橋上坡處,0,0,2,1,C03,7,5,5,50,14,9,1,5,4,5,12,4,4,5,5,5,2,13,2,49,2,9,5,1,7,9,1,10,2,12,,16,,1,22,121.5294414,25.0128913
113,1,26,23,30,2,05中正區,中正區永福橋上坡處,0,0,2,2,C03,7,5,5,50,14,9,1,5,4,5,12,4,4,5,5,5,2,13,1,28,2,7,5,1,7,14,1,10,2,13,,44,,1,22,121.5294414,25.0128913
113,1,26,23,30,2,05中正區,中正區永福橋上坡處,0,0,2,3,C03,7,5,5,50,14,9,1,5,4,5,12,4,4,5,5,5,2,13,1,32,3,10,5,1,7,14,1,10,2,13,,44,,1,22,121.5294414,25.0128913
113,1,26,23,30,2,05中正區,中正區永福橋上坡處,0,0,2,4,H02,7,5,5,50,14,9,1,5,4,5,12,4,4,5,5,5,2,13,2,28,4,11,5,5,7,20,8,20,10,16,,67,,1,22,121.5294414,25.0128913
113,1,26,23,41,2,07信義區,信義區松壽路19號,0,0,2,1,F01,7,5,5,50,14,9,1,5,4,5,13,4,4,9,4,5,1,12,1,18,3,10,3,4,7,8,8,20,1,13,,100,,1,21,121.5676245,25.0357891
113,1,26,23,41,2,07信義區,信義區松壽路19號,0,0,2,2,C03,7,5,5,50,14,9,1,5,4,5,13,4,4,9,4,5,1,12,2,34,2,7,3,4,7,9,1,10,1,11,,44,,1,21,121.5676245,25.0357891
113,1,26,23,41,2,07信義區,信義區松壽路19號,0,0,2,3,H02,7,5,5,50,14,9,1,5,4,5,13,4,4,9,4,5,1,12,2,31,2,7,3,5,7,20,8,20,10,16,,67,,1,21,121.5676245,25.0357891
113,1,26,23,42,2,09北投區,北投區崇仁路1段與崇仁路1段17巷口,0,0,1,1,C03,7,5,8,30,4,1,1,5,4,5,13,4,4,10,5,5,2,15,1,48,2,9,5,1,7,9,1,10,2,11,,72,,1,21,121.5013009,25.127835
113,1,26,23,42,2,09北投區,北投區崇仁路1段與崇仁路1段17巷口,0,0,1,2,A02,7,5,8,30,4,1,1,5,4,5,13,4,4,10,5,5,2,15,1,54,3,10,7,1,7,9,1,2,2,2,,44,,1,21,121.5013009,25.127835
113,1,26,23,58,2,07信義區,信義區和平東路3段627號,0,0,2,1,C03,7,5,5,40,14,9,1,5,4,5,13,4,4,9,4,5,1,9,2,47,2,3,3,4,7,9,1,10,2,11,,108,,1,21,121.5627639,25.013608
113,1,26,23,58,2,07信義區,信義區和平東路3段627號,0,0,2,2,H01,7,5,5,40,14,9,1,5,4,5,13,4,4,9,4,5,1,9,2,68,2,8,4,5,8,20,8,20,10,16,,60,,1,21,121.5627639,25.013608
113,1,27,3,36,2,02萬華區,萬華區忠孝西路2段與西寧南路口,0,0,1,2,C03,8,5,5,50,4,1,1,5,4,5,13,2,1,5,4,5,2,16,2,28,2,8,5,1,7,9,1,10,1,11,,44,,1,21,121.5075616,25.048519
113,1,27,3,36,2,02萬華區,萬華區忠孝西路2段與西寧南路口,0,0,1,1,B12,8,5,5,50,4,1,1,5,4,5,13,2,1,5,4,5,2,16,1,55,3,10,7,1,7,5,1,8,1,2,,8,,1,21,121.5075616,25.048519
113,1,27,4,30,2,08士林區,士林區延平北路5段與中正路口,0,0,1,1,B01,7,5,5,50,4,2,1,5,4,5,13,1,1,5,4,5,2,17,1,62,3,10,7,1,7,6,1,4,2,1,,99,,1,22,121.5098346,25.086695
113,1,27,4,30,2,08士林區,士林區延平北路5段與中正路口,0,0,1,2,C03,7,5,5,50,4,2,1,5,4,5,13,1,1,5,4,5,2,17,2,69,2,8,5,1,7,5,1,10,2,12,,8,,1,22,121.5098346,25.086695
113,1,27,6,50,2,10文山區,文山區光輝路與下崙路口,0,0,1,1,C03,7,6,5,30,4,1,1,5,4,5,13,4,4,5,5,5,2,15,2,52,2,9,3,4,7,9,1,10,2,12,,14,,1,21,121.5549534,24.9866699
113,1,27,6,50,2,10文山區,文山區光輝路與下崙路口,0,0,1,2,C03,7,6,5,30,4,1,1,5,4,5,13,4,4,5,5,5,2,15,1,33,3,10,3,4,7,9,1,10,2,11,,108,,1,21,121.5549534,24.9866699
113,1,27,7,7,2,05中正區,中正區重慶南路1段與愛國西路口口,0,0,1,1,B12,7,5,5,50,4,2,1,5,4,5,13,2,1,1,4,1,1,17,1,50,3,10,7,1,7,8,1,8,2,17,,100,,1,21,121.5123232,25.0355866
113,1,27,7,7,2,05中正區,中正區重慶南路1段與愛國西路口口,0,0,1,2,C03,7,5,5,50,4,2,1,5,4,5,13,2,1,1,4,1,1,17,2,28,2,9,6,1,7,9,1,10,2,12,,44,,1,21,121.5123232,25.0355866
113,1,27,7,35,2,04大安區,大安區市民大道4段與忠孝東路4段223巷口口,0,0,1,1,B01,7,7,5,40,4,1,1,5,4,5,13,1,1,1,4,5,2,17,1,68,3,10,3,4,7,6,1,4,1,2,,9,,1,22,121.5529607,25.0442471
113,1,27,7,35,2,04大安區,大安區市民大道4段與忠孝東路4段223巷口口,0,0,1,2,C03,7,7,5,40,4,1,1,5,4,5,13,1,1,1,4,5,2,17,1,26,2,9,3,4,7,5,1,10,1,14,,13,,1,22,121.5529607,25.0442471
113,1,27,7,45,2,07信義區,信義區基隆路2段與嘉興街127巷口,0,0,1,1,C03,7,5,5,50,3,1,1,5,4,5,13,4,4,10,4,5,2,17,1,49,3,10,5,1,7,6,1,10,2,11,,9,,1,21,121.5573554,25.029104
113,1,27,7,45,2,07信義區,信義區基隆路2段與嘉興街127巷口,0,0,1,2,F01,7,5,5,50,3,1,1,5,4,5,13,4,4,10,4,5,2,17,1,48,2,9,4,1,7,9,8,20,2,11,,99,,1,21,121.5573554,25.029104
113,1,27,8,33,2,09北投區,北投區福國路與士科路口,0,0,2,1,B03,7,7,5,50,4,1,1,5,4,5,12,2,1,3,4,4,2,15,2,58,3,10,3,4,7,9,1,8,1,1,,81,,1,21,121.5147792,25.1015728
113,1,27,8,33,2,09北投區,北投區福國路與士科路口,0,0,2,2,B03,7,7,5,50,4,1,1,5,4,5,12,2,1,3,4,4,2,15,1,26,3,10,3,4,7,9,1,8,1,1,,44,,1,21,121.5147792,25.1015728
113,1,27,8,33,2,09北投區,北投區福國路與士科路口,0,0,2,3,B03,7,7,5,50,4,1,1,5,4,5,12,2,1,3,4,4,2,15,1,70,2,7,3,4,7,9,1,8,1,1,,44,,1,21,121.5147792,25.1015728
113,1,27,8,33,2,09北投區,北投區福國路與士科路口,0,0,2,4,H02,7,7,5,50,4,1,1,5,4,5,12,2,1,3,4,4,2,15,2,69,2,3,3,5,7,21,8,20,10,16,,67,,1,21,121.5147792,25.1015728
113,1,27,8,55,2,03中山區,中山區新生北路3段與民族東路口,0,0,1,2,C03,7,5,5,50,4,1,1,5,4,5,13,1,1,4,3,5,1,16,2,74,2,9,6,1,7,9,1,10,1,14,,44,,1,21,121.5274814,25.0683102
113,1,27,8,55,2,03中山區,中山區新生北路3段與民族東路口,0,0,1,1,B03,7,5,5,50,4,1,1,5,4,5,13,1,1,4,3,5,1,16,2,53,3,10,3,4,7,6,1,8,11,15,,9,,2,21,121.5274814,25.0683102
113,1,27,9,5,2,07信義區,信義區逸仙路與逸仙路50巷口,0,0,1,1,B01,7,6,5,50,3,1,1,4,4,5,13,4,4,5,4,5,2,12,1,55,3,10,7,1,7,11,1,4,1,4,,10,,1,21,121.5615342,25.040645
113,1,27,9,5,2,07信義區,信義區逸仙路與逸仙路50巷口,0,0,1,2,C03,7,6,5,50,3,1,1,4,4,5,13,4,4,5,4,5,2,12,2,24,2,1,6,1,7,9,1,10,1,11,,44,,1,21,121.5615342,25.040645
113,1,27,9,13,2,04大安區,大安區仁愛路3段123巷與仁愛路3段123巷26弄口,0,0,1,1,C03,6,6,5,30,4,1,1,4,4,5,13,4,4,10,5,5,2,15,2,44,2,8,6,1,7,9,1,10,1,11,,72,,1,21,121.5419921,25.0390643
113,1,27,9,13,2,04大安區,大安區仁愛路3段123巷與仁愛路3段123巷26弄口,0,0,1,2,B03,6,6,5,30,4,1,1,4,4,5,13,4,4,10,5,5,2,15,1,33,3,10,7,1,7,9,1,8,1,7,,14,,1,21,121.5419921,25.0390643
113,1,27,9,28,2,05中正區,中正區羅斯福路3段128巷與羅斯福路3段128巷36弄口口,0,0,1,1,C03,6,6,5,30,4,1,1,4,4,5,10,4,4,10,5,5,1,15,2,54,2,8,6,1,7,9,1,8,2,12,,75,,1,21,121.5270007,25.0202257
113,1,27,9,28,2,05中正區,中正區羅斯福路3段128巷與羅斯福路3段128巷36弄口口,0,0,1,2,B03,6,6,5,30,4,1,1,4,4,5,10,4,4,10,5,5,1,15,1,50,3,10,7,1,7,9,1,8,2,8,,44,,1,21,121.5270007,25.0202257
113,1,27,9,37,2,09北投區,北投區中央北路1段38號,0,0,2,1,H01,7,5,6,50,14,8,1,5,4,5,13,4,4,9,4,4,2,3,2,85,2,9,4,5,8,16,8,20,10,16,,121,,1,21,121.5008495,25.1338536
113,1,27,9,37,2,09北投區,北投區中央北路1段38號,0,0,2,2,C03,7,5,6,50,14,8,1,5,4,5,13,4,4,9,4,4,2,3,2,68,2,9,6,1,7,9,1,10,1,11,,108,,1,21,121.5008495,25.1338536
113,1,27,9,40,2,09北投區,北投區新民路與新民路1巷口,0,0,1,1,C03,6,6,5,40,14,9,1,4,4,5,13,4,4,9,4,5,2,18,1,65,2,9,5,1,7,9,1,10,11,14,,42,,1,21,121.5077674,25.13950266
113,1,27,9,40,2,09北投區,北投區新民路與新民路1巷口,0,0,1,2,,6,6,5,40,14,9,1,4,4,5,13,4,4,9,4,5,2,18,3,,,,,,,,,,,,,67,,1,,121.5077674,25.13950266
113,1,27,9,42,2,03中山區,中山區市民大道3段與建國南路1段口,0,0,3,1,C03,6,6,5,40,4,2,1,4,4,5,13,2,1,5,2,4,2,13,1,30,2,9,5,1,7,9,1,10,1,11,,108,,1,21,121.5371171,25.0448175
113,1,27,9,42,2,03中山區,中山區市民大道3段與建國南路1段口,0,0,3,2,C03,6,6,5,40,4,2,1,4,4,5,13,2,1,5,2,4,2,13,1,28,2,9,5,1,7,14,1,10,1,13,,44,,1,21,121.5371171,25.0448175
113,1,27,9,42,2,03中山區,中山區市民大道3段與建國南路1段口,0,0,3,3,H02,6,6,5,40,4,2,1,4,4,5,13,2,1,5,2,4,2,13,2,27,2,9,5,5,7,21,8,20,10,16,,67,,1,21,121.5371171,25.0448175
113,1,27,9,55,2,02萬華區,萬華區西藏路與西藏路125巷口,0,0,1,1,B01,6,6,5,50,3,1,1,4,4,5,13,2,1,1,5,5,2,17,1,112,3,10,7,1,7,8,7,19,11,17,,5,,1,21,121.5022475,25.02966777
113,1,27,9,55,2,02萬華區,萬華區西藏路與西藏路125巷口,0,0,1,2,C03,6,6,5,50,3,1,1,4,4,5,13,2,1,1,5,5,2,17,1,36,2,9,6,1,7,9,1,10,1,14,,44,,1,21,121.5022475,25.02966777
113,1,27,9,57,2,07信義區,信義區忠孝東路5段與大道路口,0,0,1,1,C03,6,6,5,50,5,2,1,4,4,5,13,2,1,1,2,5,1,16,1,22,2,9,3,4,7,6,1,10,1,12,,4,,1,22,121.5812462,25.0428955
113,1,27,9,57,2,07信義區,信義區忠孝東路5段與大道路口,0,0,1,2,B03,6,6,5,50,5,2,1,4,4,5,13,2,1,1,2,5,1,16,1,40,3,10,3,4,7,5,1,8,1,8,,86,,1,22,121.5812462,25.0428955
113,1,27,10,49,2,07信義區,信義區市民大道6段108號,0,0,2,1,C03,6,7,5,40,14,9,1,4,4,5,13,4,4,9,4,5,2,12,1,54,2,9,5,1,7,9,1,10,2,11,,4,,1,21,121.5725641,25.049173
113,1,27,10,49,2,07信義區,信義區市民大道6段108號,0,0,2,2,C03,6,7,5,40,14,9,1,4,4,5,13,4,4,9,4,5,2,12,2,20,2,8,5,1,7,9,1,10,2,11,,4,,1,21,121.5725641,25.049173
113,1,27,10,50,2,12內湖區,內湖區環山路1段與文湖街口,0,0,1,1,B03,7,6,5,50,3,1,1,4,4,5,13,2,1,5,4,5,2,15,1,50,3,10,3,4,7,11,1,8,1,5,,10,,1,22,121.5657088,25.0863798
113,1,27,10,50,2,12內湖區,內湖區環山路1段與文湖街口,0,0,1,2,C03,7,6,5,50,3,1,1,4,4,5,13,2,1,5,4,5,2,15,1,24,2,8,6,1,7,9,1,10,1,11,,44,,1,22,121.5657088,25.0863798
113,1,27,11,17,2,01大同區,大同區延平北路2段與民生西路口,0,0,2,1,C03,7,6,5,50,4,1,1,4,4,5,13,2,1,9,4,5,2,12,1,70,2,9,5,1,7,7,1,10,1,14,,100,,1,21,121.5115774,25.0572057
113,1,27,11,17,2,01大同區,大同區延平北路2段與民生西路口,0,0,2,2,C03,7,6,5,50,4,1,1,4,4,5,13,2,1,9,4,5,2,12,1,34,2,9,5,1,7,9,1,10,1,12,,44,,1,21,121.5115774,25.0572057
113,1,27,11,17,2,01大同區,大同區延平北路2段與民生西路口,0,0,2,3,B01,7,6,5,50,4,1,1,4,4,5,13,2,1,9,4,5,2,12,1,33,3,10,7,1,7,9,1,8,1,8,,44,,1,21,121.5115774,25.0572057
113,1,27,11,44,2,07信義區,信義區莊敬路與吳興街225巷口,0,0,2,1,C03,7,6,5,50,4,2,1,5,4,5,13,1,1,4,5,5,2,12,1,54,4,11,3,4,7,9,1,10,11,12,,4,,2,21,121.5635229,25.0280641
113,1,27,11,44,2,07信義區,信義區莊敬路與吳興街225巷口,0,0,2,2,C03,7,6,5,50,4,2,1,5,4,5,13,1,1,4,5,5,2,12,1,23,2,8,6,1,7,9,1,10,1,14,,44,,1,21,121.5635229,25.0280641
113,1,27,11,44,2,07信義區,信義區莊敬路與吳興街225巷口,0,0,2,3,H02,7,6,5,50,4,2,1,5,4,5,13,1,1,4,5,5,2,12,2,23,2,8,6,5,7,20,8,20,10,16,,67,,1,21,121.5635229,25.0280641
113,1,27,11,56,2,10文山區,文山區興隆路2段與興隆路2段244巷口,0,0,1,2,H01,7,6,5,50,3,18,1,5,4,5,13,4,4,9,5,5,2,3,2,73,2,9,4,5,8,16,8,20,10,16,,67,,1,21,121.5538275,25.001016
113,1,27,11,56,2,10文山區,文山區興隆路2段與興隆路2段244巷口,0,0,1,1,B11,7,6,5,50,3,18,1,5,4,5,13,4,4,9,5,5,2,3,1,39,3,10,7,1,7,5,1,4,2,1,,70,,1,21,121.5538275,25.001016
113,1,27,12,30,2,11南港區,南港區市民大道7段396-1號對面,0,0,1,1,B12,7,7,5,50,14,9,1,5,4,5,13,4,4,1,4,5,2,12,1,39,3,10,3,4,7,9,1,8,1,2,,44,,1,21,121.5931064,25.051128
113,1,27,12,30,2,11南港區,南港區市民大道7段396-1號對面,0,0,1,2,C03,7,7,5,50,14,9,1,5,4,5,13,4,4,1,4,5,2,12,1,68,2,9,3,4,7,9,1,10,1,14,,44,,1,21,121.5931064,25.051128
113,1,27,14,12,2,10文山區,文山區文和橋與新光路2段口,0,0,1,1,B12,6,6,5,50,3,1,1,4,4,5,13,3,1,5,5,5,1,17,1,75,3,10,3,4,7,5,1,5,2,4,,80,,1,21,121.5963467,25.0013394
113,1,27,14,12,2,10文山區,文山區文和橋與新光路2段口,0,0,1,2,C03,6,6,5,50,3,1,1,4,4,5,13,3,1,5,5,5,1,17,1,21,2,9,3,4,7,9,3,18,2,11,,13,,1,21,121.5963467,25.0013394
113,1,27,14,28,2,06松山區,松山區民權東路3段160巷與民權東路3段106巷3弄口,0,0,2,1,B01,8,7,5,30,4,1,1,5,4,5,13,4,4,10,5,5,2,15,1,67,3,10,7,1,7,9,1,4,2,2,,14,,1,21,121.5479002,25.0613959
113,1,27,14,28,2,06松山區,松山區民權東路3段160巷與民權東路3段106巷3弄口,0,0,2,2,C03,8,7,5,30,4,1,1,5,4,5,13,4,4,10,5,5,2,15,2,52,2,9,5,1,7,9,1,10,2,11,,108,,1,21,121.5479002,25.0613959
113,1,27,14,28,2,06松山區,松山區民權東路3段160巷與民權東路3段106巷3弄口,0,0,2,3,H02,8,7,5,30,4,1,1,5,4,5,13,4,4,10,5,5,2,15,2,15,2,9,4,5,7,17,8,20,10,16,,67,,1,21,121.5479002,25.0613959
113,1,27,14,30,2,12內湖區,內湖區陽光街92巷25弄與文德路208巷口,0,0,2,1,C03,7,6,6,50,3,1,1,4,4,5,13,3,1,5,5,5,2,16,2,62,2,8,5,1,7,5,1,10,2,12,,74,,1,22,121.5836074,25.07605732
113,1,27,14,30,2,12內湖區,內湖區陽光街92巷25弄與文德路208巷口,0,0,2,2,C03,7,6,6,50,3,1,1,4,4,5,13,3,1,5,5,5,2,16,1,23,2,8,6,1,7,9,1,10,2,11,,14,,1,22,121.5836074,25.07605732
113,1,27,14,47,2,06松山區,松山區延壽街402巷3弄5號,0,0,2,1,C03,7,6,5,30,14,9,1,5,4,5,13,4,4,10,5,5,2,14,1,59,2,8,6,1,7,2,1,10,1,13,,12,,1,22,121.5572333,25.0555034
113,1,27,14,47,2,06松山區,松山區延壽街402巷3弄5號,0,0,2,2,C03,7,6,5,30,14,9,1,5,4,5,13,4,4,10,5,5,2,14,1,28,2,9,6,1,7,9,1,10,1,11,,44,,1,22,121.5572333,25.0555034
113,1,27,14,49,2,10文山區,文山區木新路3段與木新路3段74巷口口旁,0,0,1,1,C04,7,6,5,30,3,2,1,5,4,5,13,4,4,5,5,4,2,17,2,70,2,8,5,1,7,5,1,11,1,13,,72,,1,21,121.5636025,24.98233998
113,1,27,14,49,2,10文山區,文山區木新路3段與木新路3段74巷口口旁,0,0,1,2,B03,7,6,5,30,3,2,1,5,4,5,13,4,4,5,5,4,2,17,1,37,3,10,7,1,7,9,1,8,1,8,,44,,1,21,121.5636025,24.98233998
113,1,27,14,57,2,08士林區,士林區文林路587巷兒童新樂園停車場出入口,0,0,1,1,B03,6,7,5,50,14,9,1,5,4,5,13,4,4,5,5,5,2,13,1,44,3,10,7,1,7,9,1,8,1,1,,108,,1,21,121.5148068,25.0981356
113,1,27,14,57,2,08士林區,士林區文林路587巷兒童新樂園停車場出入口,0,0,1,2,B03,6,7,5,50,14,9,1,5,4,5,13,4,4,5,5,5,2,13,1,34,2,1,7,1,7,14,1,8,1,3,,38,,1,21,121.5148068,25.0981356
113,1,27,15,14,2,05中正區,中正區重慶南路1段與襄陽路口,0,0,1,1,C03,6,5,5,50,3,2,1,4,4,5,13,2,1,9,4,5,1,12,2,63,2,8,5,1,7,7,1,10,2,14,,100,,1,21,121.5134213,25.0434827
113,1,27,15,14,2,05中正區,中正區重慶南路1段與襄陽路口,0,0,1,2,B03,6,5,5,50,3,2,1,4,4,5,13,2,1,9,4,5,1,12,1,33,3,10,7,1,7,15,1,8,2,5,,107,,1,21,121.5134213,25.0434827
113,1,27,15,19,2,03中山區,中山區林森北路587號,0,0,2,1,C03,7,5,5,50,14,9,1,4,4,5,13,4,4,4,3,5,1,13,1,21,2,8,6,1,7,9,1,10,1,11,,16,,1,21,121.5257161,25.0660433
113,1,27,15,19,2,03中山區,中山區林森北路587號,0,0,2,3,B03,7,5,5,50,14,9,1,4,4,5,13,4,4,4,3,5,1,13,1,26,3,10,7,1,7,9,1,8,1,4,,44,,1,21,121.5257161,25.0660433
113,1,27,15,19,2,03中山區,中山區林森北路587號,0,0,2,2,C03,7,5,5,50,14,9,1,4,4,5,13,4,4,4,3,5,1,13,1,48,2,7,6,1,7,9,1,10,1,13,,44,,1,21,121.5257161,25.0660433
113,1,27,15,35,2,04大安區,大安區仁愛路4段與大安路1段口口,0,0,2,1,C03,8,7,5,50,4,1,1,4,4,5,13,2,1,1,5,5,2,16,1,34,2,7,3,4,7,5,1,10,1,12,,71,,1,22,121.5458579,25.0384241
113,1,27,15,35,2,04大安區,大安區仁愛路4段與大安路1段口口,0,0,2,2,C03,8,7,5,50,4,1,1,4,4,5,13,2,1,1,5,5,2,16,2,35,2,9,3,4,7,9,1,10,1,11,,44,,1,22,121.5458579,25.0384241
113,1,27,15,38,2,11南港區,南港區南港路1段與經貿一路口,0,0,1,1,B03,7,6,5,50,3,2,1,4,4,5,13,2,1,1,4,5,2,13,1,50,3,10,7,1,7,9,1,4,1,1,,16,,1,22,121.6188217,25.0552114
113,1,27,15,38,2,11南港區,南港區南港路1段與經貿一路口,0,0,1,2,B03,7,6,5,50,3,2,1,4,4,5,13,2,1,1,4,5,2,13,1,41,2,8,7,1,7,14,1,8,1,3,,44,,1,21,121.6188217,25.0552114
113,1,27,15,38,2,11南港區,南港區南港路1段與經貿一路口,0,0,1,3,B03,7,6,5,50,3,2,1,4,4,5,13,2,1,1,4,5,2,13,1,58,3,10,7,1,7,14,1,7,1,3,,44,,1,21,121.6188217,25.0552114
113,1,27,15,55,2,09北投區,北投區承德路7段與實踐街口北往南,0,0,1,1,B03,8,5,5,60,3,2,1,5,4,5,13,1,1,9,4,4,1,12,1,50,3,10,7,1,7,9,1,8,2,7,,42,,1,21,121.5072368,25.1141696
113,1,27,15,55,2,09北投區,北投區承德路7段與實踐街口北往南,0,0,1,2,C03,8,5,5,60,3,2,1,5,4,5,13,1,1,9,4,4,1,12,1,19,2,9,6,1,7,9,1,10,2,11,,108,,1,21,121.5072368,25.1141696
113,1,27,16,0,2,09北投區,北投區中央北路4段往東114號停車格,0,0,1,1,C03,7,7,5,50,14,9,1,5,4,5,13,4,4,4,4,5,2,17,1,58,2,8,5,1,7,9,3,18,1,12,,13,,1,21,121.4703968,25.1289824
113,1,27,16,0,2,09北投區,北投區中央北路4段往東114號停車格,0,0,1,2,B03,7,7,5,50,14,9,1,5,4,5,13,4,4,4,4,5,2,17,1,64,3,10,3,4,7,14,1,8,9,7,,44,,1,21,121.4703968,25.1289824
113,1,27,16,55,2,06松山區,松山區民生東路5段與民生東路5段69巷口,0,0,1,1,B02,6,5,5,50,3,1,1,4,4,5,13,2,1,1,4,5,2,17,2,51,3,10,7,1,7,11,1,8,1,17,,10,,1,22,121.5583647,25.0584662
113,1,27,16,55,2,06松山區,松山區民生東路5段與民生東路5段69巷口,0,0,1,2,C03,6,5,5,50,3,1,1,4,4,5,13,2,1,1,4,5,2,17,2,32,2,9,6,1,7,9,1,10,1,14,,13,,1,22,121.5583647,25.0584662
113,1,27,17,36,2,07信義區,信義區松仁路277號,0,0,1,1,B03,6,5,5,50,14,9,1,4,4,5,13,4,4,9,4,5,2,17,1,32,3,10,7,1,7,6,1,8,1,17,,9,,2,21,121.5699821,25.0238937
113,1,27,17,36,2,07信義區,信義區松仁路277號,0,0,1,2,C03,6,5,5,50,14,9,1,4,4,5,13,4,4,9,4,5,2,17,2,27,2,8,6,1,7,9,1,10,1,14,,44,,1,21,121.5699821,25.0238937
113,1,27,17,38,2,12內湖區,內湖區民權東路6段180巷與民權東路6段180巷41弄口,0,0,1,1,B03,6,5,5,50,4,1,1,4,4,5,13,2,1,5,5,5,2,17,2,67,3,10,7,1,7,6,1,8,2,2,,80,,1,21,121.5927092,25.06739768
113,1,27,17,38,2,12內湖區,內湖區民權東路6段180巷與民權東路6段180巷41弄口,0,0,1,2,C03,6,5,5,50,4,1,1,4,4,5,13,2,1,5,5,5,2,17,2,21,2,9,5,1,7,9,1,10,2,14,,108,,1,21,121.5927092,25.06739768
113,1,27,17,45,2,03中山區,中山區大直街與北安路口,0,0,1,1,B12,7,5,5,50,4,1,1,5,4,5,13,1,1,1,1,5,2,16,1,42,3,10,7,1,7,5,1,8,2,5,,42,,1,21,121.5472465,25.07987
113,1,27,17,45,2,03中山區,中山區大直街與北安路口,0,0,1,2,C03,7,5,5,50,4,1,1,5,4,5,13,1,1,1,1,5,2,16,1,30,2,9,6,1,7,9,1,10,2,11,,44,,1,21,121.5472465,25.07987
113,1,27,18,0,2,04大安區,大安區市民高架道往東下光復南路匝道前,0,0,1,1,B03,7,5,5,80,10,7,1,5,4,5,13,4,4,1,1,5,2,16,2,44,3,10,3,4,7,8,1,8,1,5,,100,,1,22,121.5545894,25.04435324
113,1,27,18,0,2,04大安區,大安區市民高架道往東下光復南路匝道前,0,0,1,2,B03,7,5,5,80,10,7,1,5,4,5,13,4,4,1,1,5,2,16,1,41,3,10,3,4,7,9,1,8,1,8,,44,,1,22,121.5545894,25.04435324
113,1,27,18,0,2,04大安區,大安區市民高架道往東下光復南路匝道前,0,0,1,3,H02,7,5,5,80,10,7,1,5,4,5,13,4,4,1,1,5,2,16,2,48,2,9,3,5,7,20,8,20,10,16,,67,,1,22,121.5545894,25.04435324
113,1,27,18,12,2,07信義區,信義區信安街與信安街15巷口,0,0,1,2,C03,6,5,5,30,4,1,1,4,4,5,13,4,4,9,4,5,1,17,1,20,2,7,3,4,7,9,1,10,1,14,,44,,1,21,121.5580467,25.0278722
113,1,27,18,12,2,07信義區,信義區信安街與信安街15巷口,0,0,1,1,C03,6,5,5,30,4,1,1,4,4,5,13,4,4,9,4,5,1,17,1,32,4,11,6,4,7,9,1,10,11,17,,72,,2,22,121.5580467,25.0278722