發生年度,發生月,發生日,發生時-Hours,發生分,處理別-編號,區序,肇事地點,死亡人數,2-30日死亡人數,受傷人數,當事人序號,車種,天候,道路照明設備,道路類別,速限-速度限制,道路型態,事故位置,路面狀況1,路面狀況2,路面狀況3,道路障礙1,道路障礙2,號誌1,號誌2,車道劃分-分向,車道劃分-分道1,車道劃分-分道2,車道劃分-分道3,事故類型及型態,性別,年齡,受傷程度,主要傷處,保護裝置,行動電話,車輛用途,當事者行動狀態,駕駛資格情形,駕駛執照種類,飲酒情形,車輛撞擊部位1,車輛撞擊部位2,肇因碼-個別,肇因碼-主要,個人肇逃否,職業,座標-X,座標-Y
113,1,27,18,15,2,05中正區,中正區襄陽路與館前路口,0,0,1,1,A02,7,5,5,50,3,2,1,5,4,5,13,4,4,9,4,5,1,17,1,53,3,10,7,1,7,12,1,2,2,3,,44,,1,22,121.5157409,25.0433361
113,1,27,18,15,2,05中正區,中正區襄陽路與館前路口,0,0,1,2,H02,7,5,5,50,3,2,1,5,4,5,13,4,4,9,4,5,1,17,2,76,2,9,7,1,7,12,1,2,1,3,,67,,1,22,121.5157409,25.0433361
113,1,27,18,16,2,10文山區,文山區木柵路4段與木柵路4段21巷口口,0,0,1,1,B03,7,6,5,50,3,1,1,5,4,4,12,4,4,5,5,5,2,17,1,48,3,10,7,1,7,6,1,8,1,5,,17,,1,21,121.5713928,24.99308613
113,1,27,18,16,2,10文山區,文山區木柵路4段與木柵路4段21巷口口,0,0,1,2,C03,7,6,5,50,3,1,1,5,4,4,12,4,4,5,5,5,2,17,2,63,2,9,5,1,7,9,1,10,1,11,,108,,1,21,121.5713928,24.99308613
113,1,27,18,36,2,03中山區,中山區大直街20巷與大直街口,0,0,1,1,B03,7,5,5,30,4,1,1,5,4,5,13,4,4,4,5,5,1,16,2,60,3,10,3,4,7,6,1,8,1,8,,72,,1,21,121.5463991,25.0813173
113,1,27,18,36,2,03中山區,中山區大直街20巷與大直街口,0,0,1,2,C03,7,5,5,30,4,1,1,5,4,5,13,4,4,4,5,5,1,16,1,32,2,8,3,4,7,9,1,10,1,12,,44,,1,21,121.5463991,25.0813173
113,1,27,18,52,2,09北投區,北投區承德路7段312號前,0,0,1,1,C03,7,5,5,60,14,9,1,5,4,5,13,4,4,1,4,5,2,13,1,25,2,9,5,1,7,9,1,10,2,11,,108,,1,21,121.5043958,25.117049
113,1,27,18,52,2,09北投區,北投區承德路7段312號前,0,0,1,2,B12,7,5,5,60,14,9,1,5,4,5,13,4,4,1,4,5,2,13,1,59,3,10,7,1,7,14,1,8,2,7,,44,,1,21,121.5043958,25.117049
113,1,27,19,13,2,08士林區,士林區中正路629號,0,0,1,1,B03,7,6,5,50,14,9,1,5,4,5,13,2,1,1,4,5,1,17,1,69,3,10,7,1,7,9,1,1,1,8,,108,,1,21,121.5085338,25.0863894
113,1,27,19,13,2,08士林區,士林區中正路629號,0,0,1,2,C03,7,6,5,50,14,9,1,5,4,5,13,2,1,1,4,5,1,17,1,43,2,8,5,1,7,14,1,10,1,12,,44,,1,21,121.5085338,25.0863894
113,1,27,19,25,2,12內湖區,內湖區安康路西向東(國道一號康寧交流道下),0,0,1,1,C03,6,5,5,50,14,9,1,4,4,5,13,1,1,1,3,5,1,17,1,26,3,10,6,1,7,8,1,10,1,12,,100,,1,21,121.6104368,25.06486371
113,1,27,19,25,2,12內湖區,內湖區安康路西向東(國道一號康寧交流道下),0,0,1,2,C03,6,5,5,50,14,9,1,4,4,5,13,1,1,1,3,5,1,17,2,23,2,8,6,1,7,9,1,10,1,11,,44,,1,21,121.6104368,25.06486371
113,1,27,20,0,2,05中正區,中正區重慶南路3段52號,0,0,1,1,C03,7,5,5,50,14,9,1,5,4,5,13,1,1,1,4,5,2,13,1,27,2,9,5,1,7,9,1,10,2,11,,108,,1,21,121.5157447,25.0278856
113,1,27,20,0,2,05中正區,中正區重慶南路3段52號,0,0,1,2,B03,7,5,5,50,14,9,1,5,4,5,13,1,1,1,4,5,2,13,1,68,3,10,7,1,7,14,1,8,2,3,,44,,1,21,121.5157447,25.0278856
113,1,27,20,38,2,10文山區,文山區興隆路4段145巷與興隆路4段145巷9弄口口,0,0,1,1,C03,6,5,5,30,3,1,1,4,4,5,13,4,4,9,4,5,2,17,2,18,3,10,5,1,7,5,1,10,1,14,,72,,1,21,121.5621725,24.98506449
113,1,27,20,38,2,10文山區,文山區興隆路4段145巷與興隆路4段145巷9弄口口,0,0,1,2,C03,6,5,5,30,3,1,1,4,4,5,13,4,4,9,4,5,2,17,2,56,2,9,5,1,7,9,1,10,1,11,,44,,1,21,121.5621725,24.98506449
113,1,27,20,38,2,10文山區,文山區興隆路4段145巷與興隆路4段145巷9弄口口,0,0,1,3,H02,6,5,5,30,3,1,1,4,4,5,13,4,4,9,4,5,2,17,2,17,2,8,5,5,7,20,8,20,10,17,,60,,1,21,121.5621725,24.98506449
113,1,27,20,40,2,08士林區,士林區德行西路與福華路口,0,0,3,1,C03,6,5,5,50,4,1,1,4,4,5,13,1,1,10,5,5,1,16,2,19,2,7,2,1,7,5,1,10,2,14,,16,,1,21,121.522352,25.1048562
113,1,27,20,40,2,08士林區,士林區德行西路與福華路口,0,0,3,2,C03,6,5,5,50,4,1,1,4,4,5,13,1,1,10,5,5,1,16,2,29,2,5,5,1,7,9,1,10,2,11,,44,,1,21,121.522352,25.1048562
113,1,27,20,40,2,08士林區,士林區德行西路與福華路口,0,0,3,3,H02,6,5,5,50,4,1,1,4,4,5,13,1,1,10,5,5,1,16,2,41,2,9,5,5,7,20,8,20,10,16,,67,,1,21,121.522352,25.1048562
113,1,27,21,15,2,04大安區,大安區愛國東路與杭州南路2段口,0,0,2,1,B03,8,5,5,50,4,1,1,5,4,5,13,1,1,10,5,5,2,16,1,45,3,10,7,1,7,5,1,8,2,2,,44,,1,21,121.5225604,25.0324192
113,1,27,21,15,2,04大安區,大安區愛國東路與杭州南路2段口,0,0,2,2,C03,8,5,5,50,4,1,1,5,4,5,13,1,1,10,5,5,2,16,1,40,2,9,6,1,7,9,1,10,2,11,,13,,1,21,121.5225604,25.0324192
113,1,27,21,15,2,04大安區,大安區愛國東路與杭州南路2段口,0,0,2,3,H02,8,5,5,50,4,1,1,5,4,5,13,1,1,10,5,5,2,16,2,23,2,9,6,5,7,20,8,20,10,16,,67,,1,21,121.5225604,25.0324192
113,1,27,22,8,2,07信義區,信義區吳興街156巷與吳興街156巷16弄口口,0,0,1,1,C03,7,5,5,30,3,1,1,4,4,5,13,4,4,9,5,5,2,17,1,23,2,9,5,1,7,9,1,10,2,14,,14,,1,21,121.5610579,25.0287725
113,1,27,22,8,2,07信義區,信義區吳興街156巷與吳興街156巷16弄口口,0,0,1,2,B03,7,5,5,30,3,1,1,4,4,5,13,4,4,9,5,5,2,17,1,45,3,10,3,4,7,12,1,8,2,17,,74,,1,21,121.5610579,25.0287725
113,1,27,22,20,2,12內湖區,內湖區內湖路1段520號燈桿0308074,0,0,1,1,B12,6,5,5,50,14,8,1,4,4,5,13,4,4,9,4,4,2,16,1,34,3,10,7,1,7,7,1,8,2,2,,100,,1,21,121.5752749,25.07990037
113,1,27,22,20,2,12內湖區,內湖區內湖路1段520號燈桿0308074,0,0,1,2,C03,6,5,5,50,14,8,1,4,4,5,13,4,4,9,4,4,2,16,2,22,2,8,6,1,7,9,1,10,2,11,,44,,1,21,121.5752749,25.07990037
113,1,27,22,36,2,03中山區,中山區新生北路2段70號,0,0,1,1,B03,7,6,5,30,14,9,1,5,4,5,13,4,4,10,5,5,2,17,1,34,3,10,7,1,7,13,1,8,1,4,,40,,1,21,121.527292,25.05681924
113,1,27,22,36,2,03中山區,中山區新生北路2段70號,0,0,1,2,C03,7,6,5,30,14,9,1,5,4,5,13,4,4,10,5,5,2,17,1,42,2,9,5,1,7,9,1,10,1,12,,44,,1,21,121.527292,25.05681924
113,1,27,23,15,2,05中正區,中正區中華路1段3號,0,0,1,1,B01,6,5,5,50,14,9,1,4,4,5,13,1,1,1,4,5,2,3,1,60,3,10,7,1,7,9,1,4,2,1,,70,,1,21,121.5102259,25.0478149
113,1,27,23,15,2,05中正區,中正區中華路1段3號,0,0,1,2,H01,6,5,5,50,14,9,1,4,4,5,13,1,1,1,4,5,2,3,2,21,2,6,4,5,8,18,8,20,10,16,,122,,1,22,121.5102259,25.0478149
113,1,27,23,20,2,12內湖區,內湖區成功路2段與新明路口,0,0,2,1,C03,8,5,5,50,4,1,1,5,4,5,13,1,1,5,4,5,2,16,1,28,2,9,6,1,7,5,1,10,1,12,,71,,1,21,121.591273,25.0606113
113,1,27,23,20,2,12內湖區,內湖區成功路2段與新明路口,0,0,2,2,C03,8,5,5,50,4,1,1,5,4,5,13,1,1,5,4,5,2,16,1,25,2,9,6,1,7,9,1,10,1,11,,107,,1,21,121.591273,25.0606113
113,1,27,23,37,2,09北投區,北投區豐年路2段與中央北路2段237巷口,0,0,1,1,B01,6,5,5,30,3,2,1,4,4,5,13,4,4,9,4,5,2,16,1,38,3,10,7,1,7,5,1,8,1,5,,72,,1,21,121.4934245,25.13696447
113,1,27,23,37,2,09北投區,北投區豐年路2段與中央北路2段237巷口,0,0,1,2,C03,6,5,5,30,3,2,1,4,4,5,13,4,4,9,4,5,2,16,2,23,2,9,5,1,7,9,1,10,1,12,,13,,1,21,121.4934245,25.13696447
113,1,28,0,2,2,03中山區,中山區長安東路1段43巷與長安東路1段口,0,0,2,4,B01,6,5,5,50,3,1,1,4,4,5,13,4,4,5,4,5,2,12,1,57,3,10,2,1,7,13,1,4,1,15,,38,,1,21,121.5255472,25.04896005
113,1,28,0,2,2,03中山區,中山區長安東路1段43巷與長安東路1段口,0,0,2,5,H02,6,5,5,50,3,1,1,4,4,5,13,4,4,5,4,5,2,12,2,51,2,9,4,5,7,20,8,20,10,16,,67,,1,21,121.5255472,25.04896005
113,1,28,0,2,2,03中山區,中山區長安東路1段43巷與長安東路1段口,0,0,2,1,B03,6,5,5,50,3,1,1,4,4,5,13,4,4,5,4,5,2,12,1,45,3,10,7,1,7,8,1,8,1,5,,100,,1,21,121.5255472,25.04896005
113,1,28,0,2,2,03中山區,中山區長安東路1段43巷與長安東路1段口,0,0,2,2,C03,6,5,5,50,3,1,1,4,4,5,13,4,4,5,4,5,2,12,1,44,2,9,5,1,7,9,1,10,1,14,11,13,,1,21,121.5255472,25.04896005
113,1,28,0,2,2,03中山區,中山區長安東路1段43巷與長安東路1段口,0,0,2,3,B03,6,5,5,50,3,1,1,4,4,5,13,4,4,5,4,5,2,12,2,52,3,10,2,1,7,13,1,8,1,7,,38,,1,21,121.5255472,25.04896005
113,1,28,0,8,2,08士林區,士林區百齡橋東往西1100154燈桿,0,0,1,1,C03,6,5,5,50,8,9,1,4,4,5,13,1,1,1,4,5,2,17,1,51,2,9,5,1,7,9,1,10,2,12,,44,,1,21,121.5154426,25.09044167
113,1,28,0,8,2,08士林區,士林區百齡橋東往西1100154燈桿,0,0,1,2,B03,6,5,5,50,8,9,1,4,4,5,13,1,1,1,4,5,2,17,1,61,3,10,7,1,7,15,1,8,2,4,,100,,1,21,121.5154426,25.09044167
113,1,28,0,17,2,03中山區,中山區建國北路1段與長安東路2段口,0,0,2,1,B01,6,6,5,50,4,1,1,4,4,5,13,1,1,1,5,5,2,2,1,69,3,10,3,4,7,6,1,4,1,3,,9,,1,21,121.5365197,25.04838384
113,1,28,0,17,2,03中山區,中山區建國北路1段與長安東路2段口,0,0,2,2,H01,6,6,5,50,4,1,1,4,4,5,13,1,1,1,5,5,2,2,1,25,2,9,4,5,8,18,8,20,1,16,,67,,1,22,121.5365197,25.04838384
113,1,28,0,17,2,03中山區,中山區建國北路1段與長安東路2段口,0,0,2,3,H01,6,6,5,50,4,1,1,4,4,5,13,1,1,1,5,5,2,2,1,24,2,9,4,5,8,18,8,20,10,16,,67,,1,22,121.5365197,25.04838384
113,1,28,0,30,2,02萬華區,萬華區西園路1段與廣州街口,0,0,1,1,C03,6,5,5,40,4,1,1,4,4,5,13,1,1,1,3,1,2,3,2,55,2,9,6,1,7,9,1,10,1,12,,44,,1,22,121.5001295,25.03986382
113,1,28,0,30,2,02萬華區,萬華區西園路1段與廣州街口,0,0,1,2,H01,6,5,5,40,4,1,1,4,4,5,13,1,1,1,3,1,2,3,1,73,3,10,4,5,8,21,8,20,1,16,,67,,1,22,121.5001295,25.03986382
113,1,28,0,48,2,09北投區,北投區大度路2段1208575燈桿(往北投),0,0,3,1,C03,6,5,5,50,14,12,1,4,4,5,13,4,4,9,4,4,2,13,1,27,2,9,5,1,7,9,1,10,1,11,,108,,1,21,121.4773243,25.1222823
113,1,28,0,48,2,09北投區,北投區大度路2段1208575燈桿(往北投),0,0,3,2,C03,6,5,5,50,14,12,1,4,4,5,13,4,4,9,4,4,2,13,2,67,2,2,5,1,7,9,1,10,1,13,,42,,1,21,121.4773243,25.1222823
113,1,28,0,48,2,09北投區,北投區大度路2段1208575燈桿(往北投),0,0,3,3,C03,6,5,5,50,14,12,1,4,4,5,13,4,4,9,4,4,2,13,1,24,2,8,5,1,7,9,1,10,1,11,,42,,1,21,121.4773243,25.1222823
113,1,28,1,35,2,03中山區,中山區復興北路50號,0,0,1,1,B01,8,5,5,50,14,9,1,5,4,5,13,4,4,1,4,5,2,16,1,57,3,10,3,4,7,1,1,4,1,4,,19,,1,22,121.5437286,25.0497023
113,1,28,1,35,2,03中山區,中山區復興北路50號,0,0,1,2,C03,8,5,5,50,14,9,1,5,4,5,13,4,4,1,4,5,2,16,1,25,2,9,6,1,7,9,1,10,1,12,,107,,1,21,121.5437286,25.0497023
113,1,28,3,17,2,03中山區,中山區林森北路與林森北路107巷口,0,0,1,1,H01,7,5,5,0,4,18,1,5,4,5,13,2,1,1,5,5,1,9,1,54,2,8,4,5,8,16,8,20,10,16,,121,,1,21,121.5248741,25.05037638
113,1,28,3,17,2,03中山區,中山區林森北路與林森北路107巷口,0,0,1,2,C03,7,5,5,0,4,18,1,5,4,5,13,2,1,1,5,5,1,9,1,37,3,10,3,4,7,9,1,10,2,11,,44,,1,21,121.5248741,25.05037638
113,1,28,6,12,2,12內湖區,內湖區瑞光路2號前,0,0,2,1,C03,7,5,5,50,14,9,1,5,4,5,13,4,4,5,4,5,2,12,1,55,2,9,5,1,7,9,1,10,2,11,,108,,1,21,121.5837791,25.0692499
113,1,28,6,12,2,12內湖區,內湖區瑞光路2號前,0,0,2,2,F01,7,5,5,50,14,9,1,5,4,5,13,4,4,5,4,5,2,12,1,41,2,9,2,1,7,9,8,20,2,13,,29,,1,21,121.5837791,25.0692499
113,1,28,8,40,2,12內湖區,內湖區港墘路82巷與內湖路1段629巷口口,0,0,1,1,B03,8,6,5,30,3,1,1,5,4,5,13,3,1,10,5,5,2,16,1,30,3,10,7,1,7,1,1,8,1,1,,19,,1,21,121.576072,25.08135519
113,1,28,8,40,2,12內湖區,內湖區港墘路82巷與內湖路1段629巷口口,0,0,1,2,C03,8,6,5,30,3,1,1,5,4,5,13,3,1,10,5,5,2,16,2,52,2,9,5,1,7,12,1,10,1,14,,44,,1,21,121.576072,25.08135519
113,1,28,8,45,2,07信義區,信義區松仁路與松壽路口,0,0,1,1,C03,8,6,5,50,3,2,1,5,4,5,13,1,1,1,4,5,2,13,1,25,2,1,6,1,7,9,1,10,2,11,,16,,1,21,121.5682664,25.0360065
113,1,28,8,45,2,07信義區,信義區松仁路與松壽路口,0,0,1,2,A02,8,6,5,50,3,2,1,5,4,5,13,1,1,1,4,5,2,13,1,53,3,10,7,1,7,6,1,2,2,3,,44,,1,21,121.5682664,25.0360065
113,1,28,9,18,2,02萬華區,萬華區萬大路與萬大路423巷口,0,0,1,1,B03,7,7,5,30,4,1,1,5,4,5,13,2,1,1,5,5,2,15,1,47,3,10,7,1,7,9,1,8,1,2,,85,,1,21,121.4987528,25.0215545
113,1,28,9,18,2,02萬華區,萬華區萬大路與萬大路423巷口,0,0,1,2,C03,7,7,5,30,4,1,1,5,4,5,13,2,1,1,5,5,2,15,1,41,2,8,5,1,7,9,1,10,1,11,,44,,1,21,121.4987528,25.0215545
113,1,28,10,8,2,04大安區,大安區信義路3段134巷與信義路3段134巷45弄口,0,0,1,1,B02,7,6,5,50,3,1,1,5,4,5,13,4,4,9,4,5,1,16,2,32,3,10,3,4,7,5,1,8,1,4,,74,,1,21,121.5394039,25.0299348
113,1,28,10,8,2,04大安區,大安區信義路3段134巷與信義路3段134巷45弄口,0,0,1,2,C03,7,6,5,50,3,1,1,5,4,5,13,4,4,9,4,5,1,16,1,39,2,7,5,1,7,9,1,10,1,14,,16,,1,21,121.5394039,25.0299348
113,1,28,10,40,2,09北投區,北投區中和街與復興一路口復興公園,0,0,1,1,C03,7,6,5,50,3,18,1,5,4,5,13,4,4,5,4,5,1,3,1,64,3,10,5,1,7,9,1,10,1,11,,70,,1,21,121.5017934,25.13896687
113,1,28,10,40,2,09北投區,北投區中和街與復興一路口復興公園,0,0,1,2,H01,7,6,5,50,3,18,1,5,4,5,13,4,4,5,4,5,1,3,2,85,2,6,4,5,8,16,8,20,1,16,,67,,1,21,121.5017934,25.13896687
113,1,28,10,55,2,11南港區,南港區南港路1段與南港路1段171巷口,0,0,2,1,C03,8,7,5,50,4,1,1,5,4,5,13,2,1,1,4,5,2,17,1,30,2,9,5,1,7,9,1,10,1,11,,44,,1,21,121.6133587,25.055352
113,1,28,10,55,2,11南港區,南港區南港路1段與南港路1段171巷口,0,0,2,2,B03,8,7,5,50,4,1,1,5,4,5,13,2,1,1,4,5,2,17,1,76,3,10,7,1,7,5,1,8,1,3,,8,,1,21,121.6133587,25.055352
113,1,28,10,55,2,11南港區,南港區南港路1段與南港路1段171巷口,0,0,2,3,H02,8,7,5,50,4,1,1,5,4,5,13,2,1,1,4,5,2,17,2,23,2,8,5,5,7,20,8,20,10,16,,67,,1,21,121.6133587,25.055352
113,1,28,11,9,2,03中山區,中山區北安路與明水路口,0,0,2,1,C03,7,6,5,50,3,1,1,5,4,5,13,2,1,1,4,4,2,13,1,19,2,8,3,4,7,9,1,10,1,11,,16,,1,21,121.5388488,25.0776832
113,1,28,11,9,2,03中山區,中山區北安路與明水路口,0,0,2,2,C03,7,6,5,50,3,1,1,5,4,5,13,2,1,1,4,4,2,13,2,24,2,2,3,4,7,9,1,10,1,13,,44,,1,21,121.5388488,25.0776832
113,1,28,11,13,2,07信義區,信義區吳興街220巷與吳興街220巷11弄口,0,0,2,1,C03,7,6,5,50,3,1,1,5,4,5,13,4,4,5,4,5,2,13,1,60,2,9,5,1,7,9,1,10,1,12,,16,,1,21,121.5628045,25.0274257
113,1,28,11,13,2,07信義區,信義區吳興街220巷與吳興街220巷11弄口,0,0,2,2,C03,7,6,5,50,3,1,1,5,4,5,13,4,4,5,4,5,2,13,1,44,3,10,6,1,7,9,1,10,1,14,,44,,1,21,121.5628045,25.0274257
113,1,28,11,13,2,07信義區,信義區吳興街220巷與吳興街220巷11弄口,0,0,2,3,H02,7,6,5,50,3,1,1,5,4,5,13,4,4,5,4,5,2,13,2,20,2,9,5,5,7,20,8,20,10,17,,67,,1,21,121.5628045,25.0274257
113,1,28,11,26,2,02萬華區,萬華區西園路2段與寶興街口,0,0,1,1,C03,8,7,5,50,4,4,1,5,4,5,13,1,1,1,4,5,2,13,1,79,2,9,5,1,7,8,1,10,1,11,,16,,1,21,121.4938876,25.02711394
113,1,28,11,26,2,02萬華區,萬華區西園路2段與寶興街口,0,0,1,2,B01,8,7,5,50,4,4,1,5,4,5,13,1,1,1,4,5,2,13,1,65,3,10,7,1,7,12,1,4,1,6,,44,,1,21,121.4938876,25.02711394
113,1,28,11,26,2,10文山區,文山區指南路1段10號,0,0,1,1,B03,8,7,5,50,14,9,1,5,4,5,10,4,4,9,5,5,2,12,1,65,3,10,7,1,7,9,1,8,1,2,,108,,1,21,121.5689605,24.9876108
113,1,28,11,26,2,10文山區,文山區指南路1段10號,0,0,1,2,C04,8,7,5,50,14,9,1,5,4,5,10,4,4,9,5,5,2,12,1,79,2,8,5,1,7,9,1,10,1,14,,108,,1,21,121.5689605,24.9876108
113,1,28,11,30,2,03中山區,中山區樂群二路295號,0,0,1,1,B01,7,6,5,50,14,9,1,5,4,5,13,4,4,1,4,5,2,16,1,51,3,10,7,1,7,1,1,4,2,4,,19,,1,21,121.5609569,25.0799604
113,1,28,11,30,2,03中山區,中山區樂群二路295號,0,0,1,2,C03,7,6,5,50,14,9,1,5,4,5,13,4,4,1,4,5,2,16,2,49,2,9,6,1,7,9,1,10,2,11,,44,,1,21,121.5609569,25.0799604
113,1,28,12,22,2,07信義區,信義區永吉路與基隆路1段37巷口,0,0,1,1,B03,7,6,5,50,4,1,1,5,4,5,13,1,1,1,4,5,2,15,1,62,3,10,7,1,7,9,1,8,1,8,,81,,1,21,121.5687787,25.0457256
113,1,28,12,22,2,07信義區,信義區永吉路與基隆路1段37巷口,0,0,1,2,C03,7,6,5,50,4,1,1,5,4,5,13,1,1,1,4,5,2,15,1,31,2,9,6,1,7,1,1,10,1,12,,44,,1,21,121.5687787,25.0457256
113,1,28,12,26,2,07信義區,信義區忠孝東路5段493號,0,0,2,1,C03,8,7,5,50,14,9,1,5,4,5,13,4,4,5,4,5,2,17,1,22,2,7,6,1,7,9,3,18,1,11,,16,,1,21,121.5782282,25.0410861
113,1,28,12,26,2,07信義區,信義區忠孝東路5段493號,0,0,2,2,C03,8,7,5,50,14,9,1,5,4,5,13,4,4,5,4,5,2,17,1,35,2,8,6,1,7,9,1,10,1,11,,44,,1,21,121.5782282,25.0410861
113,1,28,13,32,2,08士林區,士林區重慶北路4段與葫東街口,0,0,3,1,B03,7,5,5,50,4,2,1,5,4,5,13,2,1,1,2,5,2,12,2,23,3,10,7,1,7,8,1,8,1,1,,108,,1,21,121.5120741,25.0835701
113,1,28,13,32,2,08士林區,士林區重慶北路4段與葫東街口,0,0,3,2,B03,7,5,5,50,4,2,1,5,4,5,13,2,1,1,2,5,2,12,1,50,2,6,7,1,7,14,1,8,1,3,,44,,1,21,121.5120741,25.0835701
113,1,28,13,32,2,08士林區,士林區重慶北路4段與葫東街口,0,0,3,3,B01,7,5,5,50,4,2,1,5,4,5,13,2,1,1,2,5,2,12,1,58,2,1,7,1,7,14,1,4,1,3,,44,,1,21,121.5120741,25.0835701
113,1,28,13,32,2,08士林區,士林區重慶北路4段與葫東街口,0,0,3,4,B03,7,5,5,50,4,2,1,5,4,5,13,2,1,1,2,5,2,12,1,40,3,10,7,1,7,14,1,4,1,3,,44,,1,21,121.5120741,25.0835701
113,1,28,13,32,2,08士林區,士林區重慶北路4段與葫東街口,0,0,3,5,H02,7,5,5,50,4,2,1,5,4,5,13,2,1,1,2,5,2,12,2,46,2,2,7,5,7,21,8,20,10,16,,67,,1,21,121.5120741,25.0835701
113,1,28,14,19,2,08士林區,士林區大南路119號,0,0,2,1,C03,6,5,5,30,14,9,4,4,4,5,13,4,4,10,5,5,1,11,2,30,2,8,5,1,7,9,1,10,1,11,,5,,1,21,121.5237412,25.0896858
113,1,28,14,19,2,08士林區,士林區大南路119號,0,0,2,2,C03,6,5,5,30,14,9,4,4,4,5,13,4,4,10,5,5,1,11,1,49,2,8,5,1,7,9,1,10,1,14,,44,,1,21,121.5237412,25.0896858
113,1,28,14,23,2,02萬華區,萬華區長泰街246巷與寶興街222巷口,0,0,1,1,C03,8,7,5,30,4,1,1,5,4,5,13,4,4,5,5,5,2,15,1,24,3,10,5,1,7,9,1,10,1,12,,72,,1,21,121.4947144,25.02208217
113,1,28,14,23,2,02萬華區,萬華區長泰街246巷與寶興街222巷口,0,0,1,2,C03,8,7,5,30,4,1,1,5,4,5,13,4,4,5,5,5,2,15,2,47,2,7,5,1,7,9,1,10,1,11,,107,,1,21,121.4947144,25.02208217
113,1,28,15,17,2,02萬華區,萬華區永福街與柳州街口,0,0,1,1,C03,7,5,5,30,4,1,1,5,4,5,13,2,1,9,5,5,1,16,2,78,2,8,3,4,7,5,1,10,1,14,,71,,1,22,121.505344,25.0382516
113,1,28,15,17,2,02萬華區,萬華區永福街與柳州街口,0,0,1,2,B03,7,5,5,30,4,1,1,5,4,5,13,2,1,9,5,5,1,16,1,60,3,10,3,4,7,9,1,8,1,5,,44,,1,22,121.505344,25.0382516
113,1,28,15,31,2,10文山區,文山區羅斯福路6段與羅斯福路6段142巷口,0,0,3,1,B03,7,6,5,50,4,1,1,5,4,5,13,2,1,1,4,5,2,16,2,33,2,9,7,1,7,5,1,8,2,1,,85,,1,21,121.5411194,24.9959997
113,1,28,15,31,2,10文山區,文山區羅斯福路6段與羅斯福路6段142巷口,0,0,3,2,B03,7,6,5,50,4,1,1,5,4,5,13,2,1,1,4,5,2,16,1,71,3,10,7,1,7,9,1,8,2,5,,44,,1,21,121.5411194,24.9959997
113,1,28,15,31,2,10文山區,文山區羅斯福路6段與羅斯福路6段142巷口,0,0,3,3,C03,7,6,5,50,4,1,1,5,4,5,13,2,1,1,4,5,2,16,1,46,2,9,6,1,7,9,1,10,2,14,,44,,1,21,121.5411194,24.9959997
113,1,28,15,31,2,10文山區,文山區羅斯福路6段與羅斯福路6段142巷口,0,0,3,6,H02,7,6,5,50,4,1,1,5,4,5,13,2,1,1,4,5,2,16,2,42,2,9,6,5,7,20,8,20,10,16,,67,,1,21,121.5411194,24.9959997
113,1,28,15,31,2,10文山區,文山區羅斯福路6段與羅斯福路6段142巷口,0,0,3,4,,7,6,5,50,4,1,1,5,4,5,13,2,1,1,4,5,2,16,3,0,,,,,,,,,,,,67,,1,,121.5411194,24.9959997
113,1,28,15,31,2,10文山區,文山區羅斯福路6段與羅斯福路6段142巷口,0,0,3,5,B11,7,6,5,50,4,1,1,5,4,5,13,2,1,1,4,5,2,16,1,50,3,10,7,1,7,6,1,4,2,7,,44,,1,21,121.5411194,24.9959997
113,1,28,16,0,2,10文山區,文山區老泉街45巷西往東0701850燈桿旁,0,0,1,1,F01,7,5,5,30,12,9,1,5,4,5,13,4,4,10,5,5,1,18,1,58,2,7,4,1,7,9,8,20,1,15,,118,,1,21,121.5688085,24.9729415
113,1,28,16,0,2,10文山區,文山區老泉街45巷西往東0701850燈桿旁,0,0,1,2,,7,5,5,30,12,9,1,5,4,5,13,4,4,10,5,5,1,18,3,0,,,,,,,,,,,,67,,1,,121.5688085,24.9729415
113,1,28,16,0,2,12內湖區,內湖區港華街85巷與港華街口,0,0,1,1,C03,7,6,5,30,3,1,1,5,4,5,13,4,4,5,5,5,2,16,1,34,3,10,6,1,7,5,1,10,2,12,,80,,1,21,121.5740421,25.0831734
113,1,28,16,0,2,12內湖區,內湖區港華街85巷與港華街口,0,0,1,2,C03,7,6,5,30,3,1,1,5,4,5,13,4,4,5,5,5,2,16,2,23,2,9,6,1,7,9,1,10,2,11,,108,,1,21,121.5740421,25.0831734
113,1,28,16,10,2,08士林區,士林區仰德大道3段25號,0,0,1,1,C03,8,7,5,40,14,9,1,5,4,5,13,4,4,9,4,5,1,10,2,21,2,9,5,1,7,9,1,10,1,11,,42,,1,21,121.551027,25.1164871
113,1,28,16,10,2,08士林區,士林區仰德大道3段25號,0,0,1,2,B03,8,7,5,40,14,9,1,5,4,5,13,4,4,9,4,5,1,10,1,38,3,10,7,1,7,9,1,8,1,1,,44,,1,21,121.551027,25.1164871
113,1,28,17,17,2,07信義區,信義區忠孝東路5段295巷與忠孝東路5段口口,0,0,1,1,B03,6,5,5,50,3,2,1,4,4,5,13,4,4,9,4,4,2,12,1,40,3,10,7,1,7,6,1,8,1,4,,9,,1,21,121.5725502,25.0410465
113,1,28,17,17,2,07信義區,信義區忠孝東路5段295巷與忠孝東路5段口口,0,0,1,2,C03,6,5,5,50,3,2,1,4,4,5,13,4,4,9,4,4,2,12,1,22,2,9,5,1,7,9,1,10,1,11,,14,,1,21,121.5725502,25.0410465