發生年度,發生月,發生日,發生時-Hours,發生分,處理別-編號,區序,肇事地點,死亡人數,2-30日死亡人數,受傷人數,當事人序號,車種,天候,道路照明設備,道路類別,速限-速度限制,道路型態,事故位置,路面狀況1,路面狀況2,路面狀況3,道路障礙1,道路障礙2,號誌1,號誌2,車道劃分-分向,車道劃分-分道1,車道劃分-分道2,車道劃分-分道3,事故類型及型態,性別,年齡,受傷程度,主要傷處,保護裝置,行動電話,車輛用途,當事者行動狀態,駕駛資格情形,駕駛執照種類,飲酒情形,車輛撞擊部位1,車輛撞擊部位2,肇因碼-個別,肇因碼-主要,個人肇逃否,職業,座標-X,座標-Y
113,1,28,17,24,2,06松山區,松山區松河街3號與松河街口,0,0,1,1,C03,6,6,5,50,3,1,1,4,4,5,13,2,1,5,5,5,2,17,2,22,2,9,6,1,7,9,1,10,1,11,,42,,1,22,121.5720833,25.0508014
113,1,28,17,24,2,06松山區,松山區松河街3號與松河街口,0,0,1,2,C03,6,6,5,50,3,1,1,4,4,5,13,2,1,5,5,5,2,17,1,34,3,10,6,1,7,5,1,9,1,12,,71,,1,22,121.5720833,25.0508014
113,1,28,17,55,2,05中正區,中正區新生南路1段170巷與信義路2段243巷口,0,0,2,1,C03,7,5,5,30,4,1,1,5,4,5,13,4,4,10,5,5,2,16,2,28,2,9,6,4,7,9,1,10,2,12,,72,,1,22,121.5311589,25.03424918
113,1,28,17,55,2,05中正區,中正區新生南路1段170巷與信義路2段243巷口,0,0,2,2,C03,7,5,5,30,4,1,1,5,4,5,13,4,4,10,5,5,2,16,1,56,2,8,6,4,7,9,1,10,2,11,,14,,1,22,121.5311589,25.03424918
113,1,28,17,56,2,03中山區,中山區南京東路3段133號與南京東路3段口私人車道,0,0,1,1,B03,7,5,5,50,3,2,1,5,4,5,13,4,4,3,4,4,2,16,1,24,3,10,3,4,7,6,1,8,2,2,,9,,1,21,121.5414251,25.05199476
113,1,28,17,56,2,03中山區,中山區南京東路3段133號與南京東路3段口私人車道,0,0,1,2,C03,7,5,5,50,3,2,1,5,4,5,13,4,4,3,4,4,2,16,2,39,2,9,3,4,7,9,1,10,2,14,,44,,1,21,121.5414251,25.05199476
113,1,28,18,21,2,01大同區,大同區承德路2段與錦西街口,0,0,2,1,B03,7,5,5,50,4,1,1,5,4,5,13,2,1,5,5,5,2,17,1,40,3,10,3,4,7,9,1,8,2,8,,44,,1,22,121.5182206,25.0601876
113,1,28,18,21,2,01大同區,大同區承德路2段與錦西街口,0,0,2,2,C03,7,5,5,50,4,1,1,5,4,5,13,2,1,5,5,5,2,17,1,22,2,9,6,4,7,5,1,10,2,11,,71,,1,22,121.5182206,25.0601876
113,1,28,18,21,2,01大同區,大同區承德路2段與錦西街口,0,0,2,3,H02,7,5,5,50,4,1,1,5,4,5,13,2,1,5,5,5,2,17,2,23,2,9,6,5,7,20,8,20,10,16,,67,,1,22,121.5182206,25.0601876
113,1,28,18,21,2,04大安區,大安區和平東路3段與和平東路3段346巷口,0,0,1,1,B03,8,5,5,50,4,1,1,5,4,5,13,2,1,1,4,5,2,16,1,59,3,10,7,4,7,5,1,8,2,1,,8,,1,22,121.5574975,25.0196259
113,1,28,18,21,2,04大安區,大安區和平東路3段與和平東路3段346巷口,0,0,1,2,C03,8,5,5,50,4,1,1,5,4,5,13,2,1,1,4,5,2,16,2,40,2,9,5,1,7,9,1,10,2,14,,44,,1,22,121.5574975,25.0196259
113,1,28,18,21,2,04大安區,大安區和平東路3段與和平東路3段346巷口,0,0,1,3,B03,8,5,5,50,4,1,1,5,4,5,13,2,1,1,4,5,2,16,2,37,3,10,3,4,7,14,1,8,2,2,,38,,1,22,121.5574975,25.0196259
113,1,28,18,21,2,04大安區,大安區和平東路3段與和平東路3段346巷口,0,0,1,4,,8,5,5,50,4,1,1,5,4,5,13,2,1,1,4,5,2,16,3,63,,,,,,,,,,,,67,,1,,121.5574975,25.0196259
113,1,28,18,41,2,09北投區,北投區中央北路3段與中央北路3段40巷口,0,0,1,1,B01,6,5,5,50,14,9,1,4,4,5,13,1,1,9,4,5,1,13,1,60,3,10,7,1,7,11,1,4,1,1,,10,,1,21,121.4856599,25.13823238
113,1,28,18,41,2,09北投區,北投區中央北路3段與中央北路3段40巷口,0,0,1,2,C03,6,5,5,50,14,9,1,4,4,5,13,1,1,9,4,5,1,13,1,71,2,8,5,1,7,14,1,10,1,13,,44,,1,21,121.4856599,25.13823238
113,1,28,19,30,2,10文山區,文山區忠順街1段26巷27弄與木新路3段172巷口,0,0,1,1,B03,8,5,5,30,4,1,1,5,4,5,13,4,4,10,5,5,1,15,1,26,3,10,7,1,7,9,1,8,1,1,,72,,1,21,121.5605761,24.982234
113,1,28,19,30,2,10文山區,文山區忠順街1段26巷27弄與木新路3段172巷口,0,0,1,2,C03,8,5,5,30,4,1,1,5,4,5,13,4,4,10,5,5,1,15,1,44,2,7,6,1,7,9,1,10,1,11,,14,,1,21,121.5605761,24.982234
113,1,28,19,33,2,07信義區,信義區市民大道5段與東興路口口,0,0,2,1,B03,7,5,5,40,4,1,1,5,4,5,13,2,1,1,2,5,2,16,1,33,3,10,7,1,7,5,1,8,2,5,,71,,1,21,121.5657871,25.0481663
113,1,28,19,33,2,07信義區,信義區市民大道5段與東興路口口,0,0,2,2,C03,7,5,5,40,4,1,1,5,4,5,13,2,1,1,2,5,2,16,1,52,2,9,6,1,7,9,1,10,2,14,,44,,1,21,121.5657871,25.0481663
113,1,28,19,33,2,07信義區,信義區市民大道5段與東興路口口,0,0,2,3,H02,7,5,5,40,4,1,1,5,4,5,13,2,1,1,2,5,2,16,2,51,2,9,6,5,7,20,8,20,10,16,,67,,1,21,121.5657871,25.0481663
113,1,28,19,50,2,05中正區,中正區中山南路與愛國西路口,0,0,1,1,C03,7,5,5,50,4,1,1,5,4,5,13,1,1,1,4,5,2,12,1,54,3,10,5,2,7,9,1,10,2,12,,108,,1,21,121.5165013,25.0349818
113,1,28,19,50,2,05中正區,中正區中山南路與愛國西路口,0,0,1,2,C03,7,5,5,50,4,1,1,5,4,5,13,1,1,1,4,5,2,12,2,23,2,9,5,1,7,9,3,18,2,14,,44,,1,21,121.5165013,25.0349818
113,1,28,19,59,2,04大安區,大安區羅斯福路2段與羅斯福路2段35巷口,0,0,1,1,C03,7,5,5,50,3,2,1,5,4,5,13,4,4,1,4,5,2,17,2,21,2,9,6,1,7,6,1,10,1,11,,116,,1,21,121.5219693,25.02792017
113,1,28,19,59,2,04大安區,大安區羅斯福路2段與羅斯福路2段35巷口,0,0,1,2,B01,7,5,5,50,3,2,1,5,4,5,13,4,4,1,4,5,2,17,1,31,3,10,7,1,7,14,1,4,1,3,,118,,1,21,121.5219693,25.02792017
113,1,28,20,19,2,12內湖區,內湖區陽光街265巷與陽光街口側附近口,0,0,1,1,B03,6,5,6,50,4,1,1,4,4,5,13,2,1,5,5,5,2,16,1,69,3,10,3,4,7,6,1,8,1,6,,9,,1,22,121.5810708,25.0745132
113,1,28,20,19,2,12內湖區,內湖區陽光街265巷與陽光街口側附近口,0,0,1,2,C03,6,5,6,50,4,1,1,4,4,5,13,2,1,5,5,5,2,16,1,39,2,9,6,1,7,9,1,10,1,11,,108,,1,26,121.5810708,25.0745132
113,1,28,20,22,2,07信義區,信義區嘉興街與嘉興街175巷口,0,0,1,1,B03,8,5,5,30,4,1,1,5,4,5,13,4,4,5,5,5,2,15,2,45,3,10,7,1,7,9,1,8,9,4,,80,,1,21,121.557135,25.0277884
113,1,28,20,22,2,07信義區,信義區嘉興街與嘉興街175巷口,0,0,1,2,C03,8,5,5,30,4,1,1,5,4,5,13,4,4,5,5,5,2,15,1,24,2,8,5,1,7,9,1,10,9,11,,16,,1,21,121.557135,25.0277884
113,1,28,21,8,2,07信義區,信義區基隆路1段133號,0,0,1,1,C03,7,6,5,50,14,9,1,4,4,5,13,4,4,9,3,5,2,18,1,33,2,9,5,4,7,9,1,10,1,12,11,118,,1,21,121.5607148,25.0346486
113,1,28,21,8,2,07信義區,信義區基隆路1段133號,0,0,1,2,,7,6,5,50,14,9,1,4,4,5,13,4,4,9,3,5,2,18,3,,,,,,,,,,,,,67,,1,,121.5607148,25.0346486
113,1,28,21,34,2,01大同區,大同區承德路3段64號,0,0,1,1,C03,6,5,7,50,14,9,1,4,4,5,13,4,4,10,4,5,2,17,1,21,2,9,6,1,7,9,1,10,1,11,,13,,1,21,121.5182392,25.0654657
113,1,28,21,34,2,01大同區,大同區承德路3段64號,0,0,1,2,B02,6,5,7,50,14,9,1,4,4,5,13,4,4,10,4,5,2,17,1,59,3,10,7,1,7,2,1,8,1,8,,12,,1,21,121.5182392,25.0654657
113,1,28,21,34,2,01大同區,大同區承德路3段64號,0,0,1,3,B01,6,5,7,50,14,9,1,4,4,5,13,4,4,10,4,5,2,17,1,58,3,10,7,1,7,13,1,4,11,17,,38,,1,21,121.5182392,25.0654657
113,1,28,21,40,2,08士林區,士林區中正路與士商路口,0,0,1,1,B03,7,5,5,50,4,1,1,4,4,5,13,1,1,5,5,5,1,17,1,56,3,10,7,1,7,6,1,8,1,6,,9,,1,21,121.5187079,25.0923822
113,1,28,21,40,2,08士林區,士林區中正路與士商路口,0,0,1,2,C03,7,5,5,50,4,1,1,4,4,5,13,1,1,5,5,5,1,17,2,26,2,9,5,1,7,9,1,10,1,14,,44,,1,21,121.5187079,25.0923822
113,1,28,21,51,2,03中山區,中山區樂群二路與敬業二路口,0,0,2,1,B03,6,5,5,50,4,2,1,4,4,5,13,2,1,3,4,5,2,16,1,42,2,2,3,4,7,5,1,8,2,6,,71,,1,21,121.5543994,25.0799049
113,1,28,21,51,2,03中山區,中山區樂群二路與敬業二路口,0,0,2,2,C03,6,5,5,50,4,2,1,4,4,5,13,2,1,3,4,5,2,16,1,19,2,9,3,4,7,9,1,10,2,11,,13,,1,21,121.5543994,25.0799049
113,1,28,22,5,2,11南港區,南港區市民大道8段與研究院路1段口,0,0,1,1,B03,6,5,5,50,4,18,1,4,4,5,13,1,1,1,4,5,2,2,1,30,3,10,7,1,7,6,3,18,2,1,,70,,1,21,121.6164246,25.0542121
113,1,28,22,5,2,11南港區,南港區市民大道8段與研究院路1段口,0,0,1,2,H01,6,5,5,50,4,18,1,4,4,5,13,1,1,1,4,5,2,2,1,29,2,9,4,5,8,16,8,20,10,16,,67,,1,21,121.6164246,25.0542121
113,1,28,22,26,2,08士林區,士林區中山北路6段與中山北路6段405巷口,0,0,1,1,C03,6,5,5,50,3,1,1,4,4,5,13,1,1,1,4,5,2,18,1,32,2,9,6,1,7,9,1,10,2,12,,42,,1,22,121.5268758,25.1131677
113,1,28,22,26,2,08士林區,士林區中山北路6段與中山北路6段405巷口,0,0,1,2,,6,5,5,50,3,1,1,4,4,5,13,1,1,1,4,5,2,18,3,0,,,,,,,,,,,,67,,1,,121.5268758,25.1131677
113,1,28,22,34,2,04大安區,大安區金華街148號,0,0,1,1,C03,7,5,5,50,14,9,1,4,4,5,12,3,1,4,3,5,1,13,2,61,2,9,5,1,7,9,3,18,1,11,,108,,1,21,121.5293541,25.0297699
113,1,28,22,34,2,04大安區,大安區金華街148號,0,0,1,2,B01,7,5,5,50,14,9,1,4,4,5,12,3,1,4,3,5,1,13,1,62,3,10,7,1,7,14,1,4,1,4,,40,,1,21,121.5293541,25.0297699
113,1,28,22,46,2,11南港區,南港區玉成街68號與玉成街口,0,0,1,1,C03,6,5,5,30,3,2,1,4,4,5,13,4,4,9,4,5,2,16,1,41,3,10,6,1,7,5,1,10,1,12,,74,,1,21,121.5827217,25.0466437
113,1,28,22,46,2,11南港區,南港區玉成街68號與玉成街口,0,0,1,2,C03,6,5,5,30,3,2,1,4,4,5,13,4,4,9,4,5,2,16,1,27,3,10,6,1,7,9,1,10,1,11,,13,,1,21,121.5827217,25.0466437
113,1,28,22,46,2,11南港區,南港區玉成街68號與玉成街口,0,0,1,3,H02,6,5,5,30,3,2,1,4,4,5,13,4,4,9,4,5,2,16,2,28,3,10,6,5,7,20,8,20,10,16,,67,,1,21,121.5827217,25.0466437
113,1,28,22,46,2,11南港區,南港區玉成街68號與玉成街口,0,0,1,4,H02,6,5,5,30,3,2,1,4,4,5,13,4,4,9,4,5,2,16,2,3,2,2,5,5,7,20,8,20,10,16,,67,,1,24,121.5827217,25.0466437
113,1,29,0,24,2,05中正區,中正區重慶南路3段180號,0,0,1,1,C03,6,5,5,30,14,8,1,4,4,5,13,1,1,1,4,5,2,17,1,23,2,9,5,1,7,9,1,10,2,11,,108,,1,21,121.5167097,25.0229325
113,1,29,0,24,2,05中正區,中正區重慶南路3段180號,0,0,1,2,B03,6,5,5,30,14,8,1,4,4,5,13,1,1,1,4,5,2,17,1,34,3,10,3,1,7,13,1,8,2,6,,38,,1,21,121.5167097,25.0229325
113,1,29,1,0,2,09北投區,北投區承德路7段與大業路口大度路一段口,0,0,2,1,C03,6,5,5,60,5,1,1,4,4,5,13,2,1,1,3,5,2,17,2,23,2,9,6,1,7,5,1,10,2,12,,83,,1,22,121.4995265,25.1212866
113,1,29,1,0,2,09北投區,北投區承德路7段與大業路口大度路一段口,0,0,2,2,B12,6,5,5,60,5,1,1,4,4,5,13,2,1,1,3,5,2,17,1,40,2,9,7,1,7,9,1,8,2,1,,44,,1,22,121.4995265,25.1212866
113,1,29,3,39,2,03中山區,中山區中山北路1段與市民大道2段口,0,0,1,1,B03,6,5,5,50,4,2,1,4,4,5,13,2,1,5,4,5,2,16,1,29,3,10,3,4,7,10,1,8,2,2,,100,,1,21,121.5206367,25.0481758
113,1,29,3,39,2,03中山區,中山區中山北路1段與市民大道2段口,0,0,1,2,C03,6,5,5,50,4,2,1,4,4,5,13,2,1,5,4,5,2,16,2,20,2,9,3,4,7,9,1,10,2,14,,13,,1,21,121.5206367,25.0481758
113,1,29,6,40,2,08士林區,士林區重陽橋機車道往士林下橋處,0,0,2,1,C03,6,6,8,25,14,11,1,4,4,5,13,4,4,3,2,5,1,17,2,42,2,8,5,1,7,9,1,10,1,17,,13,,1,21,121.507723,25.0861513
113,1,29,6,40,2,08士林區,士林區重陽橋機車道往士林下橋處,0,0,2,2,C03,6,6,8,25,14,11,1,4,4,5,13,4,4,3,2,5,1,17,1,28,2,9,5,1,7,9,1,10,1,17,,13,,1,21,121.507723,25.0861513
113,1,29,6,53,2,05中正區,中正區和平西路1段與廈門街口,0,0,1,1,C03,7,7,5,50,4,1,1,4,4,5,13,1,1,1,4,5,2,13,1,26,2,9,5,1,7,9,1,10,2,11,,108,,1,22,121.5178271,25.026761
113,1,29,6,53,2,05中正區,中正區和平西路1段與廈門街口,0,0,1,2,B03,7,7,5,50,4,1,1,4,4,5,13,1,1,1,4,5,2,13,2,64,3,10,7,1,7,14,1,8,2,6,,44,,1,22,121.5178271,25.026761
113,1,29,7,0,2,03中山區,中山區中山北路2段168號,0,0,2,1,C04,6,6,5,50,14,8,1,4,4,5,13,4,4,3,4,5,2,17,1,33,2,9,6,1,7,12,1,10,1,12,,14,,1,21,121.5223616,25.06337641
113,1,29,7,0,2,03中山區,中山區中山北路2段168號,0,0,2,2,C03,6,6,5,50,14,8,1,4,4,5,13,4,4,3,4,5,2,17,1,39,2,9,6,1,7,9,1,10,1,11,14,16,,1,21,121.5223616,25.06337641
113,1,29,7,23,2,02萬華區,萬華區環河南路2段149巷與大理街170巷口,0,0,2,1,C03,7,5,5,30,4,1,1,4,4,5,13,4,4,10,5,5,2,15,1,49,2,5,5,4,7,9,1,10,1,11,,80,,1,21,121.4935658,25.03350785
113,1,29,7,23,2,02萬華區,萬華區環河南路2段149巷與大理街170巷口,0,0,2,2,B01,7,5,5,30,4,1,1,4,4,5,13,4,4,10,5,5,2,15,1,53,3,10,7,4,7,9,1,4,1,4,,14,,1,21,121.4935658,25.03350785
113,1,29,7,23,2,02萬華區,萬華區環河南路2段149巷與大理街170巷口,0,0,2,3,H02,7,5,5,30,4,1,1,4,4,5,13,4,4,10,5,5,2,15,2,49,2,5,5,5,7,20,8,20,10,16,,67,,1,21,121.4935658,25.03350785
113,1,29,7,52,2,06松山區,松山區民生東路5段246號,0,0,1,1,C03,7,7,5,50,14,9,1,5,4,5,13,4,4,1,4,5,2,12,1,53,2,9,6,1,7,7,1,10,1,14,,100,,1,21,121.5667134,25.05907791
113,1,29,7,52,2,06松山區,松山區民生東路5段246號,0,0,1,2,B03,7,7,5,50,14,9,1,5,4,5,13,4,4,1,4,5,2,12,1,46,3,10,7,1,7,9,1,8,1,2,,13,,1,21,121.5667134,25.05907791
113,1,29,8,7,2,10文山區,文山區景美河濱公園福和003燈桿處,0,0,2,1,F01,8,6,8,0,22,22,1,4,4,5,13,4,4,9,5,5,1,2,1,23,2,7,4,1,7,9,8,20,1,11,,108,,1,21,121.5351625,24.99953348
113,1,29,8,7,2,10文山區,文山區景美河濱公園福和003燈桿處,0,0,2,2,H01,8,6,8,0,22,22,1,4,4,5,13,4,4,9,5,5,1,2,2,65,2,7,4,5,8,18,8,20,10,16,,67,,1,21,121.5351625,24.99953348
113,1,29,8,20,2,06松山區,松山區塔悠路179號,0,0,1,1,B03,7,6,5,50,3,2,1,5,4,5,13,1,1,1,3,5,2,17,2,46,3,10,7,1,7,5,1,8,1,17,,71,,1,21,121.5696097,25.05639873
113,1,29,8,20,2,06松山區,松山區塔悠路179號,0,0,1,2,C03,7,6,5,50,3,2,1,5,4,5,13,1,1,1,3,5,2,17,1,18,2,8,6,1,7,9,1,10,1,12,,44,,1,21,121.5696097,25.05639873
113,1,29,8,20,2,08士林區,士林區忠誠路2段與忠誠路2段10巷口,0,0,1,1,B01,8,7,5,30,3,2,1,5,4,5,13,4,4,10,5,5,2,15,1,54,3,10,7,1,7,9,1,4,9,1,,80,,1,21,121.530273,25.1086585
113,1,29,8,20,2,08士林區,士林區忠誠路2段與忠誠路2段10巷口,0,0,1,2,F01,8,7,5,30,3,2,1,5,4,5,13,4,4,10,5,5,2,15,1,26,2,1,4,1,7,9,8,20,9,12,,99,,1,21,121.530273,25.1086585
113,1,29,8,25,2,09北投區,北投區公館路228巷與三合街1段117巷口口,0,0,1,1,C03,8,5,5,30,4,2,1,4,4,5,13,4,4,10,5,5,2,17,1,47,3,10,5,1,7,15,1,10,1,17,,44,,1,21,121.5047235,25.1246443
113,1,29,8,25,2,09北投區,北投區公館路228巷與三合街1段117巷口口,0,0,1,2,C03,8,5,5,30,4,2,1,4,4,5,13,4,4,10,5,5,2,17,2,30,2,9,5,1,7,9,1,10,1,14,,118,,1,21,121.5047235,25.1246443
113,1,29,8,25,2,11南港區,南港區研究院路1段與研究院路1段151巷口,0,0,1,1,B03,7,6,5,50,3,1,1,5,4,5,13,2,2,1,4,5,2,16,1,28,3,10,3,4,7,9,1,8,1,5,,81,,1,22,121.615572,25.0507244
113,1,29,8,25,2,11南港區,南港區研究院路1段與研究院路1段151巷口,0,0,1,2,C03,7,6,5,50,3,1,1,5,4,5,13,2,2,1,4,5,2,16,2,27,2,1,5,1,7,5,1,10,1,14,,44,,1,22,121.615572,25.0507244
113,1,29,8,29,2,12內湖區,內湖區陽光街與文德路22巷口,0,0,3,1,C03,8,6,5,50,4,1,1,4,4,5,13,2,1,5,5,5,2,17,2,37,2,8,5,1,7,5,1,10,1,12,,71,,1,21,121.581073,25.07456302
113,1,29,8,29,2,12內湖區,內湖區陽光街與文德路22巷口,0,0,3,2,C03,8,6,5,50,4,1,1,4,4,5,13,2,1,5,5,5,2,17,1,48,2,6,5,1,7,9,1,10,1,11,,44,,1,21,121.581073,25.07456302
113,1,29,8,29,2,12內湖區,內湖區陽光街與文德路22巷口,0,0,3,3,H02,8,6,5,50,4,1,1,4,4,5,13,2,1,5,5,5,2,17,2,34,2,9,5,5,7,20,8,20,10,17,,67,,1,21,121.581073,25.07456302
113,1,29,8,31,2,07信義區,信義區松隆路123巷與基隆路1段35巷7弄口,0,0,2,1,C03,8,7,5,30,4,1,1,5,4,5,13,4,4,9,5,5,2,15,1,50,2,9,5,1,7,9,1,10,2,11,,72,,1,21,121.5716195,25.0479455
113,1,29,8,31,2,07信義區,信義區松隆路123巷與基隆路1段35巷7弄口,0,0,2,2,C03,8,7,5,30,4,1,1,5,4,5,13,4,4,9,5,5,2,15,1,60,2,9,5,1,7,9,1,10,2,14,,108,,1,21,121.5716195,25.0479455
113,1,29,8,40,2,03中山區,中山區中山北路3段與民族東路口,0,0,2,1,C03,8,5,5,50,4,1,1,5,4,5,13,1,1,5,4,5,2,17,1,51,2,9,3,4,7,9,1,10,1,11,,42,,1,21,121.5229427,25.0683821
113,1,29,8,40,2,03中山區,中山區中山北路3段與民族東路口,0,0,2,2,C03,8,5,5,50,4,1,1,5,4,5,13,1,1,5,4,5,2,17,2,30,2,9,3,4,7,9,1,10,1,14,,44,,1,21,121.5229427,25.0683821
113,1,29,8,41,2,07信義區,信義區松仁路8號,0,0,1,1,B03,7,6,5,50,14,9,1,4,4,5,13,4,4,1,4,5,2,17,1,45,3,10,7,1,7,1,1,8,1,1,,19,,1,21,121.5684256,25.0402135
113,1,29,8,41,2,07信義區,信義區松仁路8號,0,0,1,2,C03,7,6,5,50,14,9,1,4,4,5,13,4,4,1,4,5,2,17,1,46,2,8,6,1,7,9,1,9,1,11,,44,,1,21,121.5684256,25.0402135
113,1,29,8,46,2,07信義區,信義區和平東路3段391弄與和平東路3段391巷57弄口口,0,0,1,1,C03,7,6,5,50,4,1,1,4,4,5,13,4,4,5,5,5,2,16,1,22,3,10,6,1,7,5,1,10,1,11,,74,,1,22,121.5595039,25.020868
113,1,29,8,46,2,07信義區,信義區和平東路3段391弄與和平東路3段391巷57弄口口,0,0,1,2,C03,7,6,5,50,4,1,1,4,4,5,13,4,4,5,5,5,2,16,2,29,2,9,6,1,7,1,1,10,1,11,,14,,1,22,121.5595039,25.020868
113,1,29,8,47,2,04大安區,大安區信義路2段與新生南路2段口,0,0,1,1,C03,8,6,5,50,4,2,1,5,4,5,13,2,1,1,4,5,1,12,1,38,2,7,5,1,7,7,1,9,1,12,,100,,1,21,121.5324793,25.033507
113,1,29,8,47,2,04大安區,大安區信義路2段與新生南路2段口,0,0,1,2,B03,8,6,5,50,4,2,1,5,4,5,13,2,1,1,4,5,1,12,1,40,3,10,3,4,7,14,1,8,1,7,,44,,1,21,121.5324793,25.033507
113,1,29,8,47,2,04大安區,大安區信義路2段與新生南路2段口,0,0,1,3,B03,8,6,5,50,4,2,1,5,4,5,13,2,1,1,4,5,1,12,1,49,3,10,3,4,7,9,1,8,1,17,,108,,1,21,121.5324793,25.033507
113,1,29,8,47,2,07信義區,信義區忠孝東路5段1-5號(基隆路一段上),0,0,1,1,B01,8,5,5,50,14,9,1,5,4,5,13,4,4,10,4,5,2,17,2,39,3,10,7,1,7,9,1,4,11,17,,17,,1,21,121.564912,25.0415936
113,1,29,8,47,2,07信義區,信義區忠孝東路5段1-5號(基隆路一段上),0,0,1,2,C03,8,5,5,50,14,9,1,5,4,5,13,4,4,10,4,5,2,17,1,39,2,9,5,1,7,9,1,10,1,12,,17,,1,21,121.564912,25.0415936
113,1,29,8,55,2,11南港區,南港區園區街與園區街58巷口,0,0,1,1,B03,8,7,5,50,4,1,1,5,4,5,13,2,1,10,5,5,2,17,1,65,3,10,7,1,7,9,1,8,1,5,,72,,1,21,121.6117403,25.0590679
113,1,29,8,55,2,11南港區,南港區園區街與園區街58巷口,0,0,1,2,C03,8,7,5,50,4,1,1,5,4,5,13,2,1,10,5,5,2,17,2,26,2,8,5,1,7,9,1,10,1,12,,44,,1,21,121.6117403,25.0590679
113,1,29,9,43,2,03中山區,中山區民生西路42號前,0,0,2,1,C03,8,5,5,50,14,9,1,5,4,5,13,4,4,5,4,5,2,17,1,29,2,5,3,4,7,9,1,10,1,12,,16,,1,21,121.5214258,25.0577285
113,1,29,9,43,2,03中山區,中山區民生西路42號前,0,0,2,2,C03,8,5,5,50,14,9,1,5,4,5,13,4,4,5,4,5,2,17,1,31,2,9,3,4,7,12,1,10,1,14,,44,,1,21,121.5214258,25.0577285
113,1,29,10,19,2,05中正區,中正區懷寧街與衡陽路口,0,0,2,1,B01,8,6,5,50,3,2,1,5,4,5,13,2,1,9,5,5,2,10,1,65,3,10,7,1,7,6,1,8,2,8,,4,,1,21,121.5140091,25.0422729
113,1,29,10,19,2,05中正區,中正區懷寧街與衡陽路口,0,0,2,2,C03,8,6,5,50,3,2,1,5,4,5,13,2,1,9,5,5,2,10,1,54,2,9,6,1,7,9,1,10,2,11,,108,,1,21,121.5140091,25.0422729
113,1,29,10,19,2,05中正區,中正區懷寧街與衡陽路口,0,0,2,3,H02,8,6,5,50,3,2,1,5,4,5,13,2,1,9,5,5,2,10,1,46,2,8,6,5,7,20,8,20,10,16,,67,,1,21,121.5140091,25.0422729
113,1,29,10,50,2,12內湖區,內湖區康寧路3段與成功路5段450巷23弄口,0,0,2,1,B03,8,5,5,50,3,2,1,5,4,5,13,1,1,1,5,4,2,13,1,61,3,10,7,1,7,9,1,8,2,1,,16,,1,21,121.6081532,25.07231858
113,1,29,10,50,2,12內湖區,內湖區康寧路3段與成功路5段450巷23弄口,0,0,2,2,C03,8,5,5,50,3,2,1,5,4,5,13,1,1,1,5,4,2,13,1,70,2,9,5,1,7,14,1,10,2,13,,44,,1,21,121.6081532,25.07231858
113,1,29,10,50,2,12內湖區,內湖區康寧路3段與成功路5段450巷23弄口,0,0,2,3,H02,8,5,5,50,3,2,1,5,4,5,13,1,1,1,5,4,2,13,2,65,2,9,5,5,7,20,8,20,10,16,,67,,1,21,121.6081532,25.07231858
113,1,29,10,51,2,04大安區,大安區辛亥路3段與芳蘭路口,0,0,1,1,B03,8,6,5,50,4,2,1,5,4,5,13,2,1,3,2,5,2,17,1,65,3,10,7,1,7,6,1,8,1,5,,9,,1,21,121.548807,25.0168812
113,1,29,10,51,2,04大安區,大安區辛亥路3段與芳蘭路口,0,0,1,2,C03,8,6,5,50,4,2,1,5,4,5,13,2,1,3,2,5,2,17,1,32,2,9,6,1,7,9,1,10,1,14,,44,,1,21,121.548807,25.0168812
113,1,29,10,59,2,02萬華區,萬華區康定路與永福街口,0,0,1,1,H01,8,7,5,50,4,2,2,5,4,5,13,1,1,8,3,5,2,3,2,85,2,9,4,5,8,16,8,20,10,16,,121,,1,22,121.5018493,25.0390789
113,1,29,10,59,2,02萬華區,萬華區康定路與永福街口,0,0,1,2,B03,8,7,5,50,4,2,2,5,4,5,13,1,1,8,3,5,2,3,1,36,3,10,3,4,7,9,1,8,1,5,,108,,1,22,121.5018493,25.0390789
113,1,29,12,34,2,03中山區,中山區中山北路2段與撫順街口,0,0,1,1,C03,8,5,5,50,14,9,1,5,4,5,13,4,4,4,3,5,1,17,1,55,2,8,6,1,7,8,1,10,1,17,,100,,1,21,121.5221995,25.0641793
113,1,29,12,34,2,03中山區,中山區中山北路2段與撫順街口,0,0,1,2,B03,8,5,5,50,14,9,1,5,4,5,13,4,4,4,3,5,1,17,1,32,3,10,7,1,7,15,1,8,1,17,,44,,1,21,121.5221995,25.0641793
113,1,29,12,39,2,06松山區,松山區民權東路4段與新中街口,0,0,1,1,B03,8,6,5,50,3,1,1,5,4,5,13,1,1,1,4,4,2,16,1,38,3,10,7,1,7,6,1,8,1,2,,80,,1,22,121.560115,25.0623255
113,1,29,12,39,2,06松山區,松山區民權東路4段與新中街口,0,0,1,2,C03,8,6,5,50,3,1,1,5,4,5,13,1,1,1,4,4,2,16,2,35,2,8,6,1,7,9,1,10,1,14,,108,,1,22,121.560115,25.0623255
113,1,29,12,44,2,08士林區,士林區通河西街2段與通河西街2段口引道,0,0,1,1,C03,8,6,5,30,3,1,1,5,4,5,13,4,4,10,5,5,2,17,2,37,2,9,6,1,7,6,1,10,1,12,,80,,1,21,121.511455,25.090771