發生年度,發生月,發生日,發生時-Hours,發生分,處理別-編號,區序,肇事地點,死亡人數,2-30日死亡人數,受傷人數,當事人序號,車種,天候,道路照明設備,道路類別,速限-速度限制,道路型態,事故位置,路面狀況1,路面狀況2,路面狀況3,道路障礙1,道路障礙2,號誌1,號誌2,車道劃分-分向,車道劃分-分道1,車道劃分-分道2,車道劃分-分道3,事故類型及型態,性別,年齡,受傷程度,主要傷處,保護裝置,行動電話,車輛用途,當事者行動狀態,駕駛資格情形,駕駛執照種類,飲酒情形,車輛撞擊部位1,車輛撞擊部位2,肇因碼-個別,肇因碼-主要,個人肇逃否,職業,座標-X,座標-Y
113,1,29,12,44,2,08士林區,士林區通河西街2段與通河西街2段口引道,0,0,1,2,B13,8,6,5,30,3,1,1,5,4,5,13,4,4,10,5,5,2,17,1,45,3,10,7,1,7,9,1,8,1,4,,14,,1,21,121.511455,25.090771
113,1,29,12,49,2,06松山區,松山區塔悠路與南京東路5段口,0,0,1,1,C03,8,7,5,50,14,9,1,5,4,5,13,2,1,9,4,5,2,13,1,67,2,7,6,1,7,9,1,10,1,11,,16,,1,22,121.5707136,25.05119835
113,1,29,12,49,2,06松山區,松山區塔悠路與南京東路5段口,0,0,1,2,B02,8,7,5,50,14,9,1,5,4,5,13,2,1,9,4,5,2,13,1,41,3,10,7,1,7,12,1,8,1,3,,44,,1,22,121.5707136,25.05119835
113,1,29,12,50,2,12內湖區,內湖區康寧路3段與康寧路3段75巷口,0,0,1,1,B03,8,5,5,50,3,2,1,5,4,5,13,1,1,1,5,5,2,17,1,65,3,10,7,1,7,15,1,8,2,1,,42,,1,21,121.6086969,25.07196683
113,1,29,12,50,2,12內湖區,內湖區康寧路3段與康寧路3段75巷口,0,0,1,2,B01,8,5,5,50,3,2,1,5,4,5,13,1,1,1,5,5,2,17,1,47,3,10,7,1,7,14,1,8,2,3,,44,,1,21,121.6086969,25.07196683
113,1,29,12,50,2,12內湖區,內湖區康寧路3段與康寧路3段75巷口,0,0,1,3,H02,8,5,5,50,3,2,1,5,4,5,13,1,1,1,5,5,2,17,2,72,2,9,7,5,7,20,8,20,10,16,,67,,1,21,121.6086969,25.07196683
113,1,29,13,10,2,05中正區,中正區重慶南路3段與汀州路2段口,0,0,1,1,B03,8,6,5,50,4,1,1,5,4,5,12,2,1,3,4,5,2,16,1,52,3,10,7,1,7,5,1,8,2,5,,71,,1,21,121.5162794,25.0257493
113,1,29,13,10,2,05中正區,中正區重慶南路3段與汀州路2段口,0,0,1,2,C03,8,6,5,50,4,1,1,5,4,5,12,2,1,3,4,5,2,16,1,19,2,1,5,1,7,9,1,10,2,11,,13,,1,21,121.5162794,25.0257493
113,1,29,13,46,2,04大安區,大安區延吉街與延吉街242巷口,0,0,2,1,C03,8,5,5,50,3,1,1,5,4,5,13,4,4,9,4,5,2,13,2,45,2,9,3,4,7,5,1,10,2,13,,80,,1,21,121.555676,25.0357243
113,1,29,13,46,2,04大安區,大安區延吉街與延吉街242巷口,0,0,2,2,B01,8,5,5,50,3,1,1,5,4,5,13,4,4,9,4,5,2,13,1,67,3,10,3,4,7,5,1,4,2,1,,44,,1,21,121.555676,25.0357243
113,1,29,13,46,2,04大安區,大安區延吉街與延吉街242巷口,0,0,2,3,H02,8,5,5,50,3,1,1,5,4,5,13,4,4,9,4,5,2,13,1,7,2,9,3,5,7,20,8,20,10,16,,67,,1,21,121.555676,25.0357243
113,1,29,13,50,2,12內湖區,內湖區麥帥一橋與舊宗路1段口往南京東路六段匝道,0,0,1,1,B12,8,6,5,70,10,7,1,5,4,5,13,4,4,1,5,5,1,13,1,35,3,10,7,1,7,9,1,6,1,1,,16,,1,21,121.5755193,25.05386457
113,1,29,13,50,2,12內湖區,內湖區麥帥一橋與舊宗路1段口往南京東路六段匝道,0,0,1,2,B03,8,6,5,70,10,7,1,5,4,5,13,4,4,1,5,5,1,13,1,40,2,1,7,1,7,14,1,4,1,6,,44,,1,21,121.5755193,25.05386457
113,1,29,13,50,2,12內湖區,內湖區麥帥一橋與舊宗路1段口往南京東路六段匝道,0,0,1,3,B01,8,6,5,70,10,7,1,5,4,5,13,4,4,1,5,5,1,13,1,66,3,10,7,1,7,14,1,4,1,7,,44,,1,21,121.5755193,25.05386457
113,1,29,13,54,2,03中山區,中山區民族東路234號,0,0,1,1,A11,8,5,5,50,14,9,1,5,4,5,13,4,4,1,3,5,1,12,1,48,3,10,7,1,7,9,1,1,2,2,,17,,1,21,121.5319958,25.06824059
113,1,29,13,54,2,03中山區,中山區民族東路234號,0,0,1,2,C03,8,5,5,50,14,9,1,5,4,5,13,4,4,1,3,5,1,12,1,65,2,9,6,1,7,9,1,10,2,14,,17,,1,21,121.5319958,25.06824059
113,1,29,14,1,2,02萬華區,萬華區西園路1段與大理街口,0,0,1,1,B03,8,7,5,50,4,1,1,5,4,5,13,1,1,3,3,5,2,16,2,57,3,10,3,4,7,11,1,8,2,2,,10,,1,22,121.498832,25.0344414
113,1,29,14,1,2,02萬華區,萬華區西園路1段與大理街口,0,0,1,2,C03,8,7,5,50,4,1,1,5,4,5,13,1,1,3,3,5,2,16,1,61,2,9,5,4,7,9,1,10,2,11,,44,,1,22,121.498832,25.0344414
113,1,29,14,6,2,12內湖區,內湖區東湖路119巷50弄19號,0,0,1,1,C03,8,6,5,50,14,9,1,5,4,5,13,4,4,5,5,5,2,17,1,36,2,9,5,1,7,1,1,10,2,14,,19,,1,21,121.6177631,25.06959453
113,1,29,14,6,2,12內湖區,內湖區東湖路119巷50弄19號,0,0,1,2,C03,8,6,5,50,14,9,1,5,4,5,13,4,4,5,5,5,2,17,1,28,3,10,5,1,7,9,1,10,2,14,,44,,1,21,121.6177631,25.06959453
113,1,29,14,45,2,06松山區,松山區南京東路4段與南京東路4段133巷口,0,0,1,2,C03,8,6,5,30,5,1,1,5,4,5,13,2,1,1,4,4,2,16,2,26,2,7,6,1,7,9,1,10,1,12,,44,,1,22,121.5550962,25.0515573
113,1,29,14,45,2,06松山區,松山區南京東路4段與南京東路4段133巷口,0,0,1,1,C03,8,6,5,30,5,1,1,5,4,5,13,2,1,1,4,4,2,16,1,41,4,11,3,4,7,5,7,19,11,15,,8,,2,22,121.5550962,25.0515573
113,1,29,14,55,2,01大同區,大同區南京西路410號,0,0,2,1,H01,8,6,5,50,14,9,1,5,4,5,13,4,4,9,4,5,2,9,2,63,2,9,4,5,8,20,8,20,10,16,,53,,1,21,121.5096511,25.0532705
113,1,29,14,55,2,01大同區,大同區南京西路410號,0,0,2,2,C03,8,6,5,50,14,9,1,5,4,5,13,4,4,9,4,5,2,9,1,60,2,9,6,1,7,9,1,10,2,12,,108,,1,21,121.5096511,25.0532705
113,1,29,14,57,2,07信義區,信義區信安街與信安街103巷口,0,0,1,1,B03,8,5,5,50,4,2,1,5,4,5,13,4,4,9,5,5,2,17,2,33,4,11,3,4,7,6,1,8,9,2,,9,,1,22,121.556571,25.0253547
113,1,29,14,57,2,07信義區,信義區信安街與信安街103巷口,0,0,1,2,C03,8,5,5,50,4,2,1,5,4,5,13,4,4,9,5,5,2,17,1,24,2,7,6,1,7,9,1,10,9,14,,108,,1,22,121.556571,25.0253547
113,1,29,15,24,2,10文山區,文山區木柵路4段153號,0,0,1,1,F01,7,6,5,50,14,9,1,5,4,5,13,4,4,5,4,5,2,18,2,67,2,9,4,1,7,9,8,20,1,12,,42,,1,21,121.5750621,24.9988708
113,1,29,15,24,2,10文山區,文山區木柵路4段153號,0,0,1,2,,7,6,5,50,14,9,1,5,4,5,13,4,4,5,4,5,2,18,3,0,,,,,,,,,,,,67,,1,,121.5750621,24.9988708
113,1,29,15,31,2,07信義區,信義區忠孝東路5段與松山路口,0,0,1,1,B03,8,5,8,50,14,9,1,5,4,5,13,1,1,1,4,5,2,13,1,68,3,10,7,1,7,6,1,8,1,5,,9,,1,22,121.5780459,25.0408372
113,1,29,15,31,2,07信義區,信義區忠孝東路5段與松山路口,0,0,1,2,C03,8,5,8,50,14,9,1,5,4,5,13,1,1,1,4,5,2,13,1,20,2,9,5,1,7,14,1,10,1,13,,44,,1,22,121.5780459,25.0408372
113,1,29,16,3,2,10文山區,文山區保儀路9-1號,0,0,1,1,B03,8,7,5,50,14,9,1,5,4,5,13,2,1,5,5,5,2,17,1,20,3,10,7,1,7,15,3,18,1,2,,44,,1,21,121.56858,24.9887561
113,1,29,16,3,2,10文山區,文山區保儀路9-1號,0,0,1,2,C03,8,7,5,50,14,9,1,5,4,5,13,2,1,5,5,5,2,17,2,53,2,9,5,1,7,9,1,10,1,14,,44,,1,21,121.56858,24.9887561
113,1,29,16,3,2,10文山區,文山區保儀路9-1號,0,0,1,3,H02,8,7,5,50,14,9,1,5,4,5,13,2,1,5,5,5,2,17,1,33,3,10,7,5,7,20,8,20,10,17,,126,,1,21,121.56858,24.9887561
113,1,29,16,20,2,05中正區,中正區中山南路與貴陽街1段口,0,0,3,1,C03,8,6,5,50,3,2,1,5,4,5,13,1,1,4,4,1,2,13,2,37,2,9,5,1,7,9,1,10,1,11,,108,,1,22,121.5172341,25.03813803
113,1,29,16,20,2,05中正區,中正區中山南路與貴陽街1段口,0,0,3,2,C03,8,6,5,50,3,2,1,5,4,5,13,1,1,4,4,1,2,13,2,37,2,9,5,1,7,9,1,10,1,13,,44,,1,22,121.5172341,25.03813803
113,1,29,16,20,2,05中正區,中正區中山南路與貴陽街1段口,0,0,3,3,H02,8,6,5,50,3,2,1,5,4,5,13,1,1,4,4,1,2,13,1,13,2,8,6,5,7,20,8,20,10,16,,67,,1,15,121.5172341,25.03813803
113,1,29,16,22,2,05中正區,中正區忠孝東路2段與杭州北路口,0,0,2,1,C03,8,5,5,50,4,1,1,5,4,5,13,1,1,10,4,5,1,17,2,25,2,7,5,1,7,5,1,10,1,11,,8,,1,21,121.5268343,25.0439585
113,1,29,16,22,2,05中正區,中正區忠孝東路2段與杭州北路口,0,0,2,2,C03,8,5,5,50,4,1,1,5,4,5,13,1,1,10,4,5,1,17,2,28,2,7,5,1,7,9,1,10,1,12,,44,,1,21,121.5268343,25.0439585
113,1,29,16,45,2,12內湖區,內湖區民權東路6段90巷15弄3號,0,0,2,1,C03,8,6,5,30,14,9,1,5,4,5,13,4,4,10,5,5,2,17,1,21,2,9,6,1,7,9,1,10,1,11,,108,,1,21,121.5862202,25.06797682
113,1,29,16,45,2,12內湖區,內湖區民權東路6段90巷15弄3號,0,0,2,2,C03,8,6,5,30,14,9,1,5,4,5,13,4,4,10,5,5,2,17,2,69,2,9,6,1,7,7,1,10,1,13,,100,,1,21,121.5862202,25.06797682
113,1,29,16,45,2,12內湖區,內湖區民權東路6段與瑞光路口口,0,0,1,1,B01,8,6,5,50,14,9,1,5,4,5,13,4,4,1,4,5,2,12,1,58,3,10,7,1,7,9,1,4,1,2,,44,,1,21,121.5846081,25.06888683
113,1,29,16,45,2,12內湖區,內湖區民權東路6段與瑞光路口口,0,0,1,2,C03,8,6,5,50,14,9,1,5,4,5,13,4,4,1,4,5,2,12,2,55,2,9,5,1,7,8,1,10,1,14,,100,,1,21,121.5846081,25.06888683
113,1,29,17,9,2,01大同區,大同區忠孝西路2段與塔城街口,0,0,2,1,C03,7,6,5,50,4,1,1,5,4,5,13,1,1,1,4,5,2,17,1,64,3,10,5,1,7,9,1,10,11,11,,42,,1,21,121.5101798,25.048225
113,1,29,17,9,2,01大同區,大同區忠孝西路2段與塔城街口,0,0,2,2,C03,7,6,5,50,4,1,1,5,4,5,13,1,1,1,4,5,2,17,2,23,2,9,5,1,7,9,1,10,2,12,,42,,1,21,121.5101798,25.048225
113,1,29,17,9,2,01大同區,大同區忠孝西路2段與塔城街口,0,0,2,3,H02,7,6,5,50,4,1,1,5,4,5,13,1,1,1,4,5,2,17,1,32,2,9,5,5,7,20,8,20,10,16,,67,,1,21,121.5101798,25.048225
113,1,29,17,17,2,05中正區,中正區羅斯福路4段與基隆路4段口,0,0,1,1,C03,8,7,5,50,4,1,1,5,4,5,13,1,1,1,4,5,2,17,1,18,3,10,5,1,7,5,1,10,2,14,,96,,1,22,121.5369588,25.0112873
113,1,29,17,17,2,05中正區,中正區羅斯福路4段與基隆路4段口,0,0,1,2,C03,8,7,5,50,4,1,1,5,4,5,13,1,1,1,4,5,2,17,2,69,2,9,5,1,7,9,1,10,2,12,,97,,1,22,121.5369588,25.0112873
113,1,29,17,20,2,08士林區,士林區中山北路7段14巷2-1號,0,0,1,1,H01,8,5,5,50,14,9,1,5,4,5,13,4,4,5,5,5,1,9,2,10,2,9,4,5,8,18,8,20,10,16,,121,,1,21,121.5305257,25.1187541
113,1,29,17,20,2,08士林區,士林區中山北路7段14巷2-1號,0,0,1,2,B01,8,5,5,50,14,9,1,5,4,5,13,4,4,5,5,5,1,9,1,66,3,10,7,1,7,9,1,8,2,8,,108,,1,21,121.5305257,25.1187541
113,1,29,17,34,2,03中山區,中山區長春路124號,0,0,1,1,B03,8,7,5,40,14,8,1,5,4,5,13,4,4,9,5,4,2,8,1,35,3,10,7,1,7,9,1,8,11,5,,108,,1,21,121.5305966,25.0548123
113,1,29,17,34,2,03中山區,中山區長春路124號,0,0,1,2,H01,8,7,5,40,14,8,1,5,4,5,13,4,4,9,5,4,2,8,1,26,2,7,4,5,8,17,8,20,10,16,,54,,1,22,121.5305966,25.0548123
113,1,29,17,53,2,07信義區,信義區基隆路1段與一之六號道路口,0,0,1,1,B02,7,5,5,50,14,9,1,5,4,5,13,4,4,10,4,5,1,17,1,56,3,10,7,1,7,9,1,8,1,5,,44,,1,21,121.560489,25.03435
113,1,29,17,53,2,07信義區,信義區基隆路1段與一之六號道路口,0,0,1,2,B03,7,5,5,50,14,9,1,5,4,5,13,4,4,10,4,5,1,17,2,50,2,7,7,1,7,15,1,8,1,8,,100,,1,21,121.560489,25.03435
113,1,29,17,53,2,07信義區,信義區基隆路1段與一之六號道路口,0,0,1,3,B01,7,5,5,50,14,9,1,5,4,5,13,4,4,10,4,5,1,17,1,63,3,10,7,1,7,1,1,4,9,15,,19,,1,21,121.560489,25.03435
113,1,29,17,55,2,11南港區,南港區市民大道8段西往東(北流中心),0,0,1,1,B03,8,5,5,50,14,9,1,5,4,4,13,4,4,5,4,5,2,12,1,78,3,10,7,1,7,9,1,8,1,5,,44,,1,21,121.5976511,25.05179876
113,1,29,17,55,2,11南港區,南港區市民大道8段西往東(北流中心),0,0,1,2,C03,8,5,5,50,14,9,1,5,4,4,13,4,4,5,4,5,2,12,1,71,2,9,5,1,7,8,1,10,1,13,,100,,1,21,121.5976511,25.05179876
113,1,29,17,58,2,12內湖區,內湖區民權東路6段與行愛路口,0,0,1,1,B03,8,5,6,50,4,1,1,5,4,5,13,1,1,5,4,5,2,16,1,41,3,10,7,1,7,5,1,8,1,5,,80,,1,21,121.5785172,25.066696
113,1,29,17,58,2,12內湖區,內湖區民權東路6段與行愛路口,0,0,1,2,C03,8,5,6,50,4,1,1,5,4,5,13,1,1,5,4,5,2,16,1,27,2,9,6,1,7,9,1,10,1,11,,16,,1,21,121.5785172,25.066696
113,1,29,18,0,2,10文山區,文山區羅斯福路6段與景仁街口,0,0,1,1,B03,8,5,5,50,4,4,1,5,4,5,13,2,1,1,4,5,2,13,2,63,3,10,7,1,7,9,1,8,2,5,,108,,1,21,121.5407863,24.9973372
113,1,29,18,0,2,10文山區,文山區羅斯福路6段與景仁街口,0,0,1,2,C03,8,5,5,50,4,4,1,5,4,5,13,2,1,1,4,5,2,13,1,31,2,9,5,1,7,14,1,10,2,13,,44,,1,21,121.5407863,24.9973372
113,1,29,18,3,2,07信義區,信義區環東大道,0,0,1,1,B03,8,5,5,60,10,9,1,5,4,5,13,4,4,7,3,5,1,13,1,21,3,10,7,1,7,9,3,18,1,1,,16,,1,22,121.5684659,25.0478258
113,1,29,18,3,2,07信義區,信義區環東大道,0,0,1,2,B03,8,5,5,60,10,9,1,5,4,5,13,4,4,7,3,5,1,13,1,66,3,10,7,1,7,14,1,8,1,3,,44,,1,22,121.5684659,25.0478258
113,1,29,18,3,2,07信義區,信義區環東大道,0,0,1,3,H02,8,5,5,60,10,9,1,5,4,5,13,4,4,7,3,5,1,13,2,63,2,2,7,5,7,20,8,20,10,16,,67,,1,22,121.5684659,25.0478258
113,1,29,18,13,2,08士林區,士林區忠誠路1段與忠誠路1段16弄口,0,0,1,1,C03,8,5,5,50,3,2,1,5,4,5,13,4,4,1,5,5,1,15,1,66,2,9,5,1,7,9,1,10,1,11,,16,,1,21,121.5259176,25.1042494
113,1,29,18,13,2,08士林區,士林區忠誠路1段與忠誠路1段16弄口,0,0,1,2,B03,8,5,5,50,3,2,1,5,4,5,13,4,4,1,5,5,1,15,1,73,3,10,7,1,7,12,1,8,1,6,,44,,1,21,121.5259176,25.1042494
113,1,29,18,16,2,05中正區,中正區汀州路3段104巷與汀州路3段160巷口,0,0,3,1,B03,7,5,5,30,3,1,1,5,4,5,13,4,4,10,4,5,1,16,2,53,3,10,7,1,7,5,1,8,2,8,,8,,1,21,121.5315342,25.01642851
113,1,29,18,16,2,05中正區,中正區汀州路3段104巷與汀州路3段160巷口,0,0,3,2,C03,7,5,5,30,3,1,1,5,4,5,13,4,4,10,4,5,1,16,1,24,2,9,6,1,7,9,1,10,2,12,,13,,1,21,121.5315342,25.01642851
113,1,29,18,16,2,05中正區,中正區汀州路3段104巷與汀州路3段160巷口,0,0,3,3,H02,7,5,5,30,3,1,1,5,4,5,13,4,4,10,4,5,1,16,2,24,2,9,6,5,7,17,8,20,10,16,,67,,1,21,121.5315342,25.01642851
113,1,29,18,16,2,05中正區,中正區汀州路3段104巷與汀州路3段160巷口,0,0,3,4,H02,7,5,5,30,3,1,1,5,4,5,13,4,4,10,4,5,1,16,2,5,2,9,6,5,7,17,8,20,10,16,,67,,1,21,121.5315342,25.01642851
113,1,29,18,40,2,08士林區,士林區雨聲街165巷與至誠路1段62巷口,0,0,1,1,B03,8,5,5,30,3,1,1,5,4,5,13,4,4,10,5,5,2,9,1,36,3,10,3,4,7,5,1,8,9,8,,70,,1,21,121.5348406,25.1025124
113,1,29,18,40,2,08士林區,士林區雨聲街165巷與至誠路1段62巷口,0,0,1,2,H01,8,5,5,30,3,1,1,5,4,5,13,4,4,10,5,5,2,9,1,13,2,9,4,5,8,16,8,20,10,16,,67,,1,21,121.5348406,25.1025124
113,1,29,19,0,2,08士林區,士林區平菁街大坪尾一公車站前,0,0,2,1,C03,8,5,5,30,11,9,1,5,4,5,13,4,4,10,5,5,1,10,2,42,2,9,6,1,7,9,1,10,2,11,,5,,1,22,121.5765227,25.1299095
113,1,29,19,0,2,08士林區,士林區平菁街大坪尾一公車站前,0,0,2,2,C03,8,5,5,30,11,9,1,5,4,5,13,4,4,10,5,5,1,10,1,55,2,9,6,1,7,9,1,10,1,11,,5,,1,22,121.5765227,25.1299095
113,1,29,19,35,2,10文山區,文山區興隆路3段與興隆路3段36巷口,0,0,1,1,B03,8,5,5,50,3,2,1,5,4,5,13,4,4,1,4,5,2,12,1,63,3,10,7,1,7,9,1,8,2,5,,44,,1,21,121.5555181,25.0004121
113,1,29,19,35,2,10文山區,文山區興隆路3段與興隆路3段36巷口,0,0,1,2,F02,8,5,5,50,3,2,1,5,4,5,13,4,4,1,4,5,2,12,2,18,2,8,4,1,7,7,8,20,2,14,,100,,1,21,121.5555181,25.0004121
113,1,29,19,35,2,12內湖區,內湖區新明路298巷與南京東路6段口,0,0,1,1,A02,8,5,5,50,4,1,1,5,4,5,13,2,1,1,4,5,2,17,1,59,4,11,3,4,7,21,7,19,11,15,,108,,2,21,121.5815118,25.05714835
113,1,29,19,35,2,12內湖區,內湖區新明路298巷與南京東路6段口,0,0,1,2,C03,8,5,5,50,4,1,1,5,4,5,13,2,1,1,4,5,2,17,1,68,2,9,6,1,7,7,1,10,2,14,,100,,1,21,121.5815118,25.05714835
113,1,29,20,8,2,05中正區,中正區汀州路1段與西藏路口,0,0,2,1,C03,8,5,5,50,4,1,1,5,4,5,13,1,1,5,5,5,2,16,1,66,2,9,6,1,7,5,1,10,2,12,,71,,1,22,121.5071955,25.0306597
113,1,29,20,8,2,05中正區,中正區汀州路1段與西藏路口,0,0,2,2,C03,8,5,5,50,4,1,1,5,4,5,13,1,1,5,5,5,2,16,1,25,2,8,6,1,7,9,1,10,2,11,,13,,1,22,121.5071955,25.0306597
113,1,29,20,8,2,05中正區,中正區汀州路1段與西藏路口,0,0,2,3,H02,8,5,5,50,4,1,1,5,4,5,13,1,1,5,5,5,2,16,2,65,4,11,5,5,7,20,8,20,10,16,,67,,1,22,121.5071955,25.0306597
113,1,29,21,26,2,03中山區,中山區市民大道3段與新生北路2段口,0,0,2,1,C03,8,5,5,40,4,2,1,5,4,5,13,2,1,5,4,5,2,13,2,26,2,8,3,4,7,9,1,10,1,11,,44,,1,21,121.5309729,25.0460568
113,1,29,21,26,2,03中山區,中山區市民大道3段與新生北路2段口,0,0,2,2,B03,8,5,5,40,4,2,1,5,4,5,13,2,1,5,4,5,2,13,1,55,3,10,3,4,7,12,1,8,1,3,,44,,1,21,121.5309729,25.0460568
113,1,29,21,26,2,03中山區,中山區市民大道3段與新生北路2段口,0,0,2,3,H02,8,5,5,40,4,2,1,5,4,5,13,2,1,5,4,5,2,13,2,24,2,7,3,5,7,20,8,20,10,16,,58,,1,21,121.5309729,25.0460568
113,1,29,21,40,2,03中山區,中山區北安路與自強隧道(外)口內湖往士林機車道,0,0,2,1,C03,8,5,5,50,14,11,1,5,4,5,13,4,4,1,5,5,2,16,1,35,2,8,6,1,7,8,1,10,1,11,,100,,1,21,121.5508226,25.08619121
113,1,29,21,40,2,03中山區,中山區北安路與自強隧道(外)口內湖往士林機車道,0,0,2,2,C03,8,5,5,50,14,11,1,5,4,5,13,4,4,1,5,5,2,16,1,38,2,9,6,1,7,9,1,10,1,14,,44,,1,21,121.5508226,25.08619121
113,1,29,21,45,2,08士林區,士林區承德路4段與劍潭路口,0,0,2,1,C03,8,5,5,50,4,1,1,5,4,5,13,2,1,1,4,4,2,9,2,40,2,9,3,4,7,9,1,10,2,11,,108,,1,21,121.5234156,25.0842794
113,1,29,21,45,2,08士林區,士林區承德路4段與劍潭路口,0,0,2,2,H01,8,5,5,50,4,1,1,5,4,5,13,2,1,1,4,4,2,9,1,71,2,9,4,5,8,16,8,20,10,16,,122,,1,21,121.5234156,25.0842794
113,1,29,23,42,2,05中正區,中正區中華路2段與廣州街口,0,0,1,1,C03,8,5,5,50,4,2,1,5,4,5,13,1,1,2,4,5,2,12,1,26,2,8,6,1,7,7,1,10,1,14,,100,,1,22,121.506746,25.0364074
113,1,29,23,42,2,05中正區,中正區中華路2段與廣州街口,0,0,1,2,B01,8,5,5,50,4,2,1,5,4,5,13,1,1,2,4,5,2,12,1,49,3,10,7,1,7,8,1,4,1,2,,100,,1,22,121.506746,25.0364074
113,1,30,0,40,2,07信義區,信義區基隆路1段與松隆路口口,0,0,1,1,B03,8,5,5,50,3,1,1,5,4,5,13,2,1,1,2,5,2,17,1,59,3,10,7,1,7,6,1,8,2,2,,99,,1,22,121.565895,25.0433073
113,1,30,0,40,2,07信義區,信義區基隆路1段與松隆路口口,0,0,1,2,C03,8,5,5,50,3,1,1,5,4,5,13,2,1,1,2,5,2,17,2,19,2,9,6,1,7,9,1,10,2,11,,44,,1,22,121.565895,25.0433073
113,1,30,1,17,2,05中正區,中正區中山南路與信義路1段口,0,0,1,1,B03,8,5,5,50,5,1,1,5,4,5,13,1,1,9,4,1,1,15,1,27,3,10,7,1,7,9,1,4,2,2,,81,,1,21,121.5178258,25.0386178
113,1,30,1,17,2,05中正區,中正區中山南路與信義路1段口,0,0,1,2,C03,8,5,5,50,5,1,1,5,4,5,13,1,1,9,4,1,1,15,1,17,2,9,5,1,7,9,2,18,2,11,,44,,1,21,121.5178258,25.0386178
113,1,30,4,43,2,02萬華區,萬華區寶興街與西藏路259巷口,0,0,2,1,G06,8,5,5,50,4,1,1,5,4,5,13,4,4,10,5,5,2,17,1,112,4,11,3,4,7,5,8,20,11,15,,8,,2,22,121.4934096,25.02737562
113,1,30,4,43,2,02萬華區,萬華區寶興街與西藏路259巷口,0,0,2,2,B12,8,5,5,50,4,1,1,5,4,5,13,4,4,10,5,5,2,17,1,39,3,10,3,4,7,9,1,8,1,5,6,44,,1,21,121.4934096,25.02737562
113,1,30,4,43,2,02萬華區,萬華區寶興街與西藏路259巷口,0,0,2,3,C03,8,5,5,50,4,1,1,5,4,5,13,4,4,10,5,5,2,17,1,20,2,9,3,4,7,9,1,10,1,11,,16,,1,21,121.4934096,25.02737562
113,1,30,4,43,2,02萬華區,萬華區寶興街與西藏路259巷口,0,0,2,4,H02,8,5,5,50,4,1,1,5,4,5,13,4,4,10,5,5,2,17,1,19,2,8,3,5,7,21,8,20,10,16,,67,,1,21,121.4934096,25.02737562
113,1,30,6,31,2,02萬華區,萬華區環河南路1段與開封街2段口,0,0,1,1,B01,7,5,5,50,3,1,1,5,4,5,13,1,1,8,3,5,2,16,1,69,3,10,7,1,7,11,1,4,2,7,,103,,1,21,121.504487,25.0472717
113,1,30,6,31,2,02萬華區,萬華區環河南路1段與開封街2段口,0,0,1,2,C03,7,5,5,50,3,1,1,5,4,5,13,1,1,8,3,5,2,16,1,44,2,9,5,1,7,9,1,10,2,11,,44,,1,21,121.504487,25.0472717
113,1,30,7,25,2,03中山區,中山區民權東路3段與龍江路口,0,0,1,1,C03,8,5,5,50,4,1,1,5,4,5,13,1,1,1,3,5,1,16,1,25,2,9,6,1,7,9,1,10,9,11,,44,,1,21,121.540742,25.0622405
113,1,30,7,25,2,03中山區,中山區民權東路3段與龍江路口,0,0,1,2,C03,8,5,5,50,4,1,1,5,4,5,13,1,1,1,3,5,1,16,1,18,3,10,6,1,7,8,1,10,9,13,,100,,1,21,121.540742,25.0622405
113,1,30,7,47,2,04大安區,大安區瑞安街208巷26號,0,0,1,1,C03,7,7,5,30,14,9,1,5,4,5,13,4,4,8,3,5,2,12,1,53,2,7,3,4,7,1,1,10,1,14,,19,,1,21,121.5403606,25.0287571
113,1,30,7,47,2,04大安區,大安區瑞安街208巷26號,0,0,1,2,B03,7,7,5,30,14,9,1,5,4,5,13,4,4,8,3,5,2,12,2,53,3,10,3,4,7,9,1,8,1,2,,44,,1,21,121.5403606,25.0287571
113,1,30,7,47,2,04大安區,大安區瑞安街208巷26號,0,0,1,3,B03,7,7,5,30,14,9,1,5,4,5,13,4,4,8,3,5,2,12,1,53,3,10,3,4,7,13,1,8,9,7,,44,,1,21,121.5403606,25.0287571
113,1,30,8,4,2,05中正區,中正區金山南路1段97號,0,0,1,1,B01,7,5,5,50,14,9,1,5,4,5,13,4,4,9,4,5,2,17,1,67,3,10,7,1,7,7,1,4,2,2,,100,,1,21,121.5278721,25.0364256
113,1,30,8,4,2,05中正區,中正區金山南路1段97號,0,0,1,2,C03,7,5,5,50,14,9,1,5,4,5,13,4,4,9,4,5,2,17,2,29,2,9,5,1,7,9,1,10,2,14,,44,,1,21,121.5278721,25.0364256
113,1,30,8,54,2,10文山區,文山區和平東路4段258號旁,0,0,1,1,C03,8,7,5,40,14,9,1,5,4,5,13,4,4,5,5,5,1,13,1,30,3,10,5,1,7,9,1,10,2,11,,16,,1,21,121.5729151,25.000901
113,1,30,8,54,2,10文山區,文山區和平東路4段258號旁,0,0,1,2,C03,8,7,5,40,14,9,1,5,4,5,13,4,4,5,5,5,1,13,2,21,2,9,5,1,7,9,1,10,2,13,,44,,1,21,121.5729151,25.000901
113,1,30,8,56,2,12內湖區,內湖區瑞光路與瑞光路188巷口,0,0,1,1,B03,7,6,5,50,4,1,1,5,4,5,13,1,1,8,3,5,1,16,1,34,3,10,7,1,7,6,1,8,1,6,,9,,1,21,121.5778942,25.07446686