發生年度,發生月,發生日,發生時-Hours,發生分,處理別-編號,區序,肇事地點,死亡人數,2-30日死亡人數,受傷人數,當事人序號,車種,天候,道路照明設備,道路類別,速限-速度限制,道路型態,事故位置,路面狀況1,路面狀況2,路面狀況3,道路障礙1,道路障礙2,號誌1,號誌2,車道劃分-分向,車道劃分-分道1,車道劃分-分道2,車道劃分-分道3,事故類型及型態,性別,年齡,受傷程度,主要傷處,保護裝置,行動電話,車輛用途,當事者行動狀態,駕駛資格情形,駕駛執照種類,飲酒情形,車輛撞擊部位1,車輛撞擊部位2,肇因碼-個別,肇因碼-主要,個人肇逃否,職業,座標-X,座標-Y
113,1,30,8,56,2,12內湖區,內湖區瑞光路與瑞光路188巷口,0,0,1,2,C03,7,6,5,50,4,1,1,5,4,5,13,1,1,8,3,5,1,16,1,37,2,9,6,1,7,9,1,10,1,11,,44,,1,21,121.5778942,25.07446686
113,1,30,9,12,2,05中正區,中正區思源街16號對面,0,0,1,1,B03,8,6,5,50,11,9,1,5,4,5,13,4,4,3,4,5,2,12,1,48,3,10,7,1,7,8,6,18,2,2,,100,,1,21,121.5312795,25.0141868
113,1,30,9,12,2,05中正區,中正區思源街16號對面,0,0,1,2,C03,8,6,5,50,11,9,1,5,4,5,13,4,4,3,4,5,2,12,2,46,2,1,6,1,7,9,1,10,9,14,,44,,1,21,121.5312795,25.0141868
113,1,30,9,22,2,07信義區,信義區松勇路13-29號,0,0,1,1,B01,8,7,5,50,14,9,1,5,4,5,13,4,4,9,5,5,2,17,1,60,3,10,7,1,7,11,1,4,1,4,,10,,1,21,121.5697835,25.0378725
113,1,30,9,22,2,07信義區,信義區松勇路13-29號,0,0,1,2,C03,8,7,5,50,14,9,1,5,4,5,13,4,4,9,5,5,2,17,1,31,2,9,5,1,7,9,1,10,1,12,,44,,1,21,121.5697835,25.0378725
113,1,30,9,25,2,07信義區,信義區松仁路與信義路5段口口,0,0,1,1,C03,8,6,5,50,14,9,1,5,5,5,13,2,1,5,4,5,2,18,2,21,2,9,6,1,7,9,1,10,1,12,,13,,1,22,121.5683509,25.0326795
113,1,30,9,25,2,07信義區,信義區松仁路與信義路5段口口,0,0,1,2,,8,6,5,50,14,9,1,5,5,5,13,2,1,5,4,5,2,18,3,0,,,,,,,,,10,,,67,,1,,121.5683509,25.0326795
113,1,30,9,27,2,07信義區,信義區松隆路與永吉路127巷11弄口,0,0,1,1,B03,7,6,5,50,3,2,1,5,4,5,13,4,4,1,4,5,2,17,1,53,3,10,3,4,7,6,1,8,1,5,,9,,1,22,121.5709753,25.0462467
113,1,30,9,27,2,07信義區,信義區松隆路與永吉路127巷11弄口,0,0,1,2,C03,7,6,5,50,3,2,1,5,4,5,13,4,4,1,4,5,2,17,1,35,2,9,5,4,7,9,1,10,1,14,,44,,1,22,121.5709753,25.0462467
113,1,30,9,35,2,05中正區,中正區重慶南路1段130號,0,0,1,1,B01,8,5,5,50,14,9,1,5,4,5,13,4,4,10,5,5,2,17,1,59,3,10,7,1,7,8,1,4,1,6,6,100,,1,21,121.5125679,25.03679451
113,1,30,9,35,2,05中正區,中正區重慶南路1段130號,0,0,1,2,C03,8,5,5,50,14,9,1,5,4,5,13,4,4,10,5,5,2,17,1,29,2,9,6,1,7,9,1,10,1,11,12,16,,1,21,121.5125679,25.03679451
113,1,30,9,36,2,05中正區,中正區中華路1段與酉陽街口,0,0,2,1,B12,8,6,5,30,3,1,1,5,4,5,13,4,4,5,4,5,2,16,1,52,3,10,7,1,7,6,1,8,2,2,,9,,1,22,121.5089382,25.04380985
113,1,30,9,36,2,05中正區,中正區中華路1段與酉陽街口,0,0,2,2,C03,8,6,5,30,3,1,1,5,4,5,13,4,4,5,4,5,2,16,2,45,2,9,5,1,7,9,1,10,2,14,,44,,1,22,121.5089382,25.04380985
113,1,30,9,36,2,05中正區,中正區中華路1段與酉陽街口,0,0,2,3,H02,8,6,5,30,3,1,1,5,4,5,13,4,4,5,4,5,2,16,2,45,2,9,5,5,7,20,8,20,10,16,,67,,1,22,121.5089382,25.04380985
113,1,30,9,41,2,01大同區,大同區環河北路1段與民生西路口,0,0,1,1,C03,7,6,5,50,5,2,1,5,4,5,13,2,1,8,3,5,1,12,2,58,2,9,6,1,7,9,1,11,9,14,,17,,1,21,121.5083629,25.0570407
113,1,30,9,41,2,01大同區,大同區環河北路1段與民生西路口,0,0,1,2,B12,7,6,5,50,5,2,1,5,4,5,13,2,1,8,3,5,1,12,1,62,3,10,7,1,7,9,1,8,9,2,,108,,1,21,121.5083629,25.0570407
113,1,30,9,41,2,06松山區,松山區復興北路與五常街口,0,0,2,1,C03,7,6,5,50,3,1,1,5,4,5,13,1,1,1,3,5,2,15,1,23,2,9,6,1,7,9,1,10,1,11,,16,,1,21,121.5443432,25.064293
113,1,30,9,41,2,06松山區,松山區復興北路與五常街口,0,0,2,2,C03,7,6,5,50,3,1,1,5,4,5,13,1,1,1,3,5,2,15,1,34,2,8,6,1,7,9,1,10,1,13,,44,,1,21,121.5443432,25.064293
113,1,30,9,41,2,06松山區,松山區復興北路與五常街口,0,0,2,3,B02,7,6,5,50,3,1,1,5,4,5,13,1,1,1,3,5,2,15,1,22,3,10,7,1,7,5,1,8,1,2,,71,,1,21,121.5443432,25.064293
113,1,30,9,48,2,05中正區,中正區市民大道2段與林森北路口,0,0,2,1,C03,8,6,5,40,22,9,1,5,4,5,13,2,1,9,4,5,2,16,1,34,2,7,6,1,7,5,1,10,2,14,,96,,1,21,121.5242078,25.04773
113,1,30,9,48,2,05中正區,中正區市民大道2段與林森北路口,0,0,2,2,C03,8,6,5,40,22,9,1,5,4,5,13,2,1,9,4,5,2,16,2,42,2,9,6,1,7,9,1,10,2,11,,16,,1,21,121.5242078,25.04773
113,1,30,10,5,2,07信義區,信義區市府路1號口,0,0,1,1,A02,8,6,5,50,14,9,1,5,4,5,13,2,1,5,4,5,2,9,1,44,3,10,7,1,7,9,1,2,1,17,,14,,1,26,121.5636555,25.0373462
113,1,30,10,5,2,07信義區,信義區市府路1號口,0,0,1,2,H02,8,6,5,50,14,9,1,5,4,5,13,2,1,5,4,5,2,9,1,80,2,9,2,5,7,20,8,20,10,16,,60,,1,22,121.5636555,25.0373462
113,1,30,10,34,2,03中山區,中山區松江路38巷與新生北路1段口,0,0,1,1,B01,7,5,5,50,3,2,1,5,4,5,13,4,4,1,5,5,2,16,1,62,3,10,3,4,7,6,1,4,2,2,,9,,1,21,121.5304896,25.04761446
113,1,30,10,34,2,03中山區,中山區松江路38巷與新生北路1段口,0,0,1,2,C03,7,5,5,50,3,2,1,5,4,5,13,4,4,1,5,5,2,16,1,40,2,9,3,4,7,9,1,8,2,14,,14,,1,21,121.5304896,25.04761446
113,1,30,10,37,2,05中正區,中正區重慶南路1段與重慶南路1段136巷口,0,0,1,1,C02,8,6,5,50,3,2,1,5,4,5,13,4,4,9,4,5,2,13,1,70,2,9,6,1,7,12,1,9,2,11,,107,,1,21,121.5125016,25.0363119
113,1,30,10,37,2,05中正區,中正區重慶南路1段與重慶南路1段136巷口,0,0,1,2,B03,8,6,5,50,3,2,1,5,4,5,13,4,4,9,4,5,2,13,1,33,3,10,7,1,7,6,1,8,2,6,,9,,1,21,121.5125016,25.0363119
113,1,30,10,55,2,01大同區,大同區重慶北路2段90號,0,0,1,2,C03,8,6,5,50,14,9,1,5,4,5,13,4,4,1,4,5,2,17,1,19,2,7,5,4,7,7,1,10,1,14,,100,,1,21,121.5137279,25.0566032
113,1,30,10,55,2,01大同區,大同區重慶北路2段90號,0,0,1,1,B13,8,6,5,50,14,9,1,5,4,5,13,4,4,1,4,5,2,17,1,42,3,10,3,4,7,9,1,4,11,6,,44,,1,21,121.5137279,25.0566032
113,1,30,11,15,2,03中山區,中山區民生西路12號,0,0,1,1,C03,8,6,5,50,14,9,1,5,4,5,13,4,4,5,5,5,2,16,2,46,3,10,5,1,7,5,1,10,1,11,,99,,1,22,121.5221848,25.0577929
113,1,30,11,15,2,03中山區,中山區民生西路12號,0,0,1,2,C03,8,6,5,50,14,9,1,5,4,5,13,4,4,5,5,5,2,16,2,18,2,8,5,1,7,9,1,10,1,14,,44,,1,22,121.5221848,25.0577929
113,1,30,11,15,2,03中山區,中山區松江路170巷與長春路137巷口口,0,0,1,1,C03,7,7,5,30,4,1,1,5,4,5,13,4,4,5,4,5,2,17,2,49,2,9,3,4,7,5,1,10,1,12,,14,,1,21,121.531445,25.0560626
113,1,30,11,15,2,03中山區,中山區松江路170巷與長春路137巷口口,0,0,1,2,B12,7,7,5,30,4,1,1,5,4,5,13,4,4,5,4,5,2,17,1,26,3,10,3,4,7,9,1,8,1,4,,13,,1,21,121.531445,25.0560626
113,1,30,11,19,2,07信義區,信義區大道路與大道路7巷口,0,0,1,1,C03,8,6,5,30,4,2,1,5,4,5,13,2,1,9,5,5,2,16,1,33,3,10,5,1,7,5,1,10,2,12,,80,,1,21,121.581541,25.0426521
113,1,30,11,19,2,07信義區,信義區大道路與大道路7巷口,0,0,1,2,C03,8,6,5,30,4,2,1,5,4,5,13,2,1,9,5,5,2,16,2,28,2,8,5,1,7,9,1,10,2,11,,44,,1,21,121.581541,25.0426521
113,1,30,11,19,2,07信義區,信義區大道路與大道路7巷口,0,0,1,3,B03,8,6,5,30,4,2,1,5,4,5,13,2,1,9,5,5,2,16,1,57,3,10,3,4,7,14,1,8,9,17,,38,,1,21,121.581541,25.0426521
113,1,30,12,4,2,10文山區,文山區萬隆街與溪洲街137巷23弄口,0,0,1,1,C03,8,6,5,30,4,1,1,5,4,5,13,4,4,10,5,5,2,15,1,20,2,9,6,1,7,9,1,10,2,11,,14,,1,26,121.53637,25.0009353
113,1,30,12,4,2,10文山區,文山區萬隆街與溪洲街137巷23弄口,0,0,1,2,B03,8,6,5,30,4,1,1,5,4,5,13,4,4,10,5,5,2,15,1,75,3,10,7,1,7,9,1,8,2,5,,103,,1,21,121.53637,25.0009353
113,1,30,12,34,2,04大安區,大安區通化街與通化街171巷口,0,0,1,1,F01,8,5,5,50,4,1,1,5,4,5,13,2,1,4,3,4,2,17,1,58,3,10,4,1,7,6,8,20,11,15,,82,,1,21,121.5532521,25.028325
113,1,30,12,34,2,04大安區,大安區通化街與通化街171巷口,0,0,1,2,C03,8,5,5,50,4,1,1,5,4,5,13,2,1,4,3,4,2,17,1,22,2,9,6,1,7,9,1,10,2,14,,44,,1,21,121.5532521,25.028325
113,1,30,12,50,2,01大同區,大同區重慶北路1段與長安西路口,0,0,1,1,B03,7,6,5,50,4,1,1,5,4,5,13,1,1,1,4,5,2,17,1,55,3,10,7,1,7,5,1,8,2,6,,74,,1,21,121.5138713,25.0516222
113,1,30,12,50,2,01大同區,大同區重慶北路1段與長安西路口,0,0,1,2,C03,7,6,5,50,4,1,1,5,4,5,13,1,1,1,4,5,2,17,2,32,2,9,5,1,7,9,1,10,2,11,,13,,1,21,121.5138713,25.0516222
113,1,30,13,39,2,06松山區,松山區八德路3段74巷52號,0,0,1,1,C03,8,6,5,30,14,9,1,4,4,5,13,4,4,10,5,5,2,7,1,25,3,10,6,1,7,9,1,10,2,11,,108,,1,21,121.5525024,25.04653827
113,1,30,13,39,2,06松山區,松山區八德路3段74巷52號,0,0,1,2,H01,8,6,5,30,14,9,1,4,4,5,13,4,4,10,5,5,2,7,2,68,2,9,4,5,8,16,8,20,10,16,,121,,1,21,121.5525024,25.04653827
113,1,30,14,14,2,06松山區,松山區南京東路5段與南京東路5段23巷口,0,0,1,1,B03,8,6,5,50,5,1,1,5,4,5,13,1,1,1,3,5,2,15,1,58,3,10,3,1,7,9,1,8,1,15,,81,,1,21,121.5579495,25.05160207
113,1,30,14,14,2,06松山區,松山區南京東路5段與南京東路5段23巷口,0,0,1,2,C03,8,6,5,50,5,1,1,5,4,5,13,1,1,1,3,5,2,15,1,31,2,9,6,1,7,9,1,10,1,12,,16,,1,21,121.5579495,25.05160207
113,1,30,14,20,2,08士林區,士林區至善路2段321號,0,0,2,1,B12,8,6,5,50,14,9,1,5,4,5,13,1,1,1,4,5,2,11,1,43,3,10,3,4,7,9,1,8,2,2,,108,,1,21,121.5523958,25.1016576
113,1,30,14,20,2,08士林區,士林區至善路2段321號,0,0,2,2,C03,8,6,5,50,14,9,1,5,4,5,13,1,1,1,4,5,2,11,1,65,2,9,6,1,7,7,1,10,2,14,,100,,1,21,121.5523958,25.1016576
113,1,30,14,20,2,08士林區,士林區至善路2段321號,0,0,2,3,B03,8,6,5,50,14,9,1,5,4,5,13,1,1,1,4,5,2,11,2,41,3,10,3,1,7,13,1,8,9,7,,44,,1,21,121.5523958,25.1016576
113,1,30,14,20,2,08士林區,士林區至善路2段321號,0,0,2,4,H02,8,6,5,50,14,9,1,5,4,5,13,1,1,1,4,5,2,11,2,63,2,9,6,5,7,20,8,20,10,16,,67,,1,21,121.5523958,25.1016576
113,1,30,14,42,2,04大安區,大安區羅斯福路3段95號前,0,0,2,1,C03,8,7,5,50,14,9,1,5,4,5,13,1,1,1,4,5,2,17,1,18,2,9,6,1,7,9,3,18,1,11,,118,,1,21,121.5263519,25.0224239
113,1,30,14,42,2,04大安區,大安區羅斯福路3段95號前,0,0,2,2,C03,8,7,5,50,14,9,1,5,4,5,13,1,1,1,4,5,2,17,2,31,2,9,6,1,7,8,1,10,1,13,,118,,1,21,121.5263519,25.0224239
113,1,30,14,44,2,02萬華區,萬華區堤外便道(華翠大橋旁),0,0,1,1,G03,8,5,5,50,22,9,1,5,4,5,13,4,4,9,5,5,2,17,1,60,3,10,7,4,7,5,1,3,1,16,,8,,1,21,121.4887369,25.02783984
113,1,30,14,44,2,02萬華區,萬華區堤外便道(華翠大橋旁),0,0,1,2,C03,8,5,5,50,22,9,1,5,4,5,13,4,4,9,5,5,2,17,1,73,2,9,5,4,7,9,1,10,1,11,,108,,1,21,121.4887369,25.02783984
113,1,30,15,11,2,08士林區,士林區承德路4段282號,0,0,1,1,C04,8,5,5,40,14,8,1,5,4,5,13,4,4,1,4,4,1,17,1,48,2,9,6,1,7,9,1,10,1,11,,108,,1,21,121.5190294,25.0896933
113,1,30,15,11,2,08士林區,士林區承德路4段282號,0,0,1,2,B03,8,5,5,40,14,8,1,5,4,5,13,4,4,1,4,4,1,17,1,58,3,10,3,4,7,13,1,8,1,7,,44,,1,21,121.5190294,25.0896933
113,1,30,15,11,2,08士林區,士林區承德路4段282號,0,0,1,3,B12,8,5,5,40,14,8,1,5,4,5,13,4,4,1,4,4,1,17,1,51,3,10,3,4,7,13,1,8,1,4,,38,,1,21,121.5190294,25.0896933
113,1,30,15,34,2,11南港區,南港區東新街與南港路3段口,0,0,1,1,B03,7,7,5,50,5,1,1,5,4,5,13,1,1,4,1,4,2,12,1,66,3,10,7,1,7,9,1,8,1,2,,108,,1,22,121.5828073,25.0519646
113,1,30,15,34,2,11南港區,南港區東新街與南港路3段口,0,0,1,2,C03,7,7,5,50,5,1,1,5,4,5,13,1,1,4,1,4,2,12,2,68,2,6,6,1,7,9,1,10,1,14,,44,,1,22,121.5828073,25.0519646
113,1,30,16,0,2,03中山區,中山區龍江路356巷58號前,0,0,1,1,C03,7,7,5,50,14,9,1,5,4,5,13,4,4,9,5,5,2,17,1,54,3,10,3,4,7,5,1,10,1,14,,10,,1,21,121.5387059,25.0660136
113,1,30,16,0,2,03中山區,中山區龍江路356巷58號前,0,0,1,2,C03,7,7,5,50,14,9,1,5,4,5,13,4,4,9,5,5,2,17,2,58,2,9,3,4,7,9,1,10,1,12,,44,,1,21,121.5387059,25.0660136
113,1,30,16,8,2,03中山區,中山區吉林路370號對面,0,0,2,1,C03,8,5,5,40,14,9,1,5,4,5,13,4,4,5,4,4,2,16,1,41,2,9,6,1,7,7,1,10,1,14,,100,,1,22,121.5303702,25.06430267
113,1,30,16,8,2,03中山區,中山區吉林路370號對面,0,0,2,2,C03,8,5,5,40,14,9,1,5,4,5,13,4,4,5,4,4,2,16,1,83,2,9,6,1,7,9,1,10,1,14,,44,,1,22,121.5303702,25.06430267
113,1,30,16,30,2,03中山區,中山區市民大道1段往西,0,0,2,1,B01,8,7,5,40,14,9,1,5,4,5,13,4,4,1,4,5,2,17,1,68,3,10,7,1,7,14,1,4,1,2,,38,,1,22,121.5204127,25.04838756
113,1,30,16,30,2,03中山區,中山區市民大道1段往西,0,0,2,2,C03,8,7,5,40,14,9,1,5,4,5,13,4,4,1,4,5,2,17,1,21,2,9,5,1,7,9,1,10,1,11,,44,,1,22,121.5204127,25.04838756
113,1,30,16,30,2,03中山區,中山區市民大道1段往西,0,0,2,3,H02,8,7,5,40,14,9,1,5,4,5,13,4,4,1,4,5,2,17,2,19,2,9,5,5,7,17,8,20,10,16,,67,,1,22,121.5204127,25.04838756
113,1,30,16,30,2,03中山區,中山區市民大道1段往西,0,0,2,4,H02,8,7,5,40,14,9,1,5,4,5,13,4,4,1,4,5,2,17,4,0,,,,,,,,,10,,,119,,2,,121.5204127,25.04838756
113,1,30,16,58,2,04大安區,大安區和平東路2段134號前,0,0,2,1,C03,8,7,5,50,14,9,1,5,4,5,13,1,1,1,4,5,2,13,1,22,2,8,6,1,7,9,1,10,1,12,,108,,1,21,121.5449018,25.0247087
113,1,30,16,58,2,04大安區,大安區和平東路2段134號前,0,0,2,2,C03,8,7,5,50,14,9,1,5,4,5,13,1,1,1,4,5,2,13,1,32,2,6,6,1,7,9,1,10,1,13,,44,,1,21,121.5449018,25.0247087
113,1,30,17,18,2,05中正區,中正區愛國西路與公園路口,0,0,1,1,B03,8,7,5,50,4,1,1,5,4,5,13,1,1,1,4,5,2,17,2,61,2,9,7,1,7,6,1,8,2,5,,9,,1,22,121.5149447,25.0347471
113,1,30,17,18,2,05中正區,中正區愛國西路與公園路口,0,0,1,2,B01,8,7,5,50,4,1,1,5,4,5,13,1,1,1,4,5,2,17,1,63,3,10,7,1,7,9,1,4,2,8,,44,,1,22,121.5149447,25.0347471
113,1,30,17,28,2,12內湖區,內湖區行善路與舊宗路1段口,0,0,1,1,B02,8,6,5,50,4,1,1,5,4,5,13,1,1,5,4,5,2,1,2,46,3,10,7,1,7,15,1,8,9,8,,70,,1,21,121.580283,25.05876326
113,1,30,17,28,2,12內湖區,內湖區行善路與舊宗路1段口,0,0,1,2,H01,8,6,5,50,4,1,1,5,4,5,13,1,1,5,4,5,2,1,2,17,2,8,4,5,8,18,8,20,10,16,,67,,1,21,121.580283,25.05876326
113,1,30,17,28,2,12內湖區,內湖區行善路與舊宗路1段口,0,0,1,3,A04,8,6,5,50,4,1,1,5,4,5,13,1,1,5,4,5,2,1,1,62,3,10,7,1,7,21,7,19,9,15,,118,,1,21,121.580283,25.05876326
113,1,30,17,30,2,03中山區,中山區中山北路1段與華陰街口,0,0,2,1,C03,8,7,5,50,3,1,1,5,4,5,13,4,4,9,4,1,2,12,1,69,2,8,5,1,7,7,1,10,1,14,,100,,1,21,121.5210229,25.04892487
113,1,30,17,30,2,03中山區,中山區中山北路1段與華陰街口,0,0,2,2,B03,8,7,5,50,3,1,1,5,4,5,13,4,4,9,4,1,2,12,2,39,3,10,7,1,7,9,1,8,1,7,,44,,1,21,121.5210229,25.04892487
113,1,30,17,30,2,03中山區,中山區中山北路1段與華陰街口,0,0,2,3,A02,8,7,5,50,3,1,1,5,4,5,13,4,4,9,4,1,2,12,1,52,3,10,7,1,7,9,1,2,1,5,,44,,1,21,121.5210229,25.04892487
113,1,30,17,30,2,03中山區,中山區中山北路1段與華陰街口,0,0,2,4,H02,8,7,5,50,3,1,1,5,4,5,13,4,4,9,4,1,2,12,1,65,2,1,4,5,7,17,8,20,10,16,,67,,1,21,121.5210229,25.04892487
113,1,30,17,45,2,01大同區,大同區民權西路與蘭州街口,0,0,1,1,A12,7,5,5,50,4,2,1,5,4,5,13,2,1,1,4,5,2,12,1,46,3,10,3,4,7,9,1,5,1,5,,117,,1,27,121.5086006,25.05140559
113,1,30,17,45,2,01大同區,大同區民權西路與蘭州街口,0,0,1,2,C03,7,5,5,50,4,2,1,5,4,5,13,2,1,1,4,5,2,12,2,59,2,9,3,4,7,7,1,10,1,13,,100,,1,21,121.5086006,25.05140559
113,1,30,18,0,2,04大安區,大安區芳蘭路與基隆路4段41巷68弄口,0,0,1,1,C03,8,5,5,50,3,2,1,5,4,5,13,1,1,1,5,5,2,13,1,21,3,10,5,1,7,9,1,10,1,11,,44,,1,21,121.5438599,25.0115469
113,1,30,18,0,2,04大安區,大安區芳蘭路與基隆路4段41巷68弄口,0,0,1,2,B03,8,5,5,50,3,2,1,5,4,5,13,1,1,1,5,5,2,13,1,41,2,2,7,1,7,11,1,8,1,7,,10,,1,21,121.5438599,25.0115469
113,1,30,18,1,2,04大安區,大安區敦化南路2段與文昌街口,0,0,1,1,C03,8,5,5,50,3,2,1,5,4,5,13,1,1,1,4,5,2,17,2,54,4,11,3,4,7,21,7,19,9,15,,118,,2,22,121.5490739,25.0328836
113,1,30,18,1,2,04大安區,大安區敦化南路2段與文昌街口,0,0,1,2,C03,8,5,5,50,3,2,1,5,4,5,13,1,1,1,4,5,2,17,2,44,2,8,5,1,7,15,1,10,1,17,,44,,1,21,121.5490739,25.0328836
113,1,30,18,4,2,02萬華區,萬華區環河快速道路下桂林匝道,0,0,2,1,B03,8,5,5,40,14,16,1,5,4,5,13,4,4,1,4,5,2,17,1,26,3,10,3,4,7,14,1,8,1,3,,44,,1,22,121.4977941,25.0391965
113,1,30,18,4,2,02萬華區,萬華區環河快速道路下桂林匝道,0,0,2,2,B03,8,5,5,40,14,16,1,5,4,5,13,4,4,1,4,5,2,17,1,42,3,10,3,4,7,14,1,8,1,6,,44,,1,22,121.4977941,25.0391965
113,1,30,18,4,2,02萬華區,萬華區環河快速道路下桂林匝道,0,0,2,3,B12,8,5,5,40,14,16,1,5,4,5,13,4,4,1,4,5,2,17,1,21,2,1,3,4,7,15,1,8,1,1,,116,,1,22,121.4977941,25.0391965
113,1,30,18,4,2,02萬華區,萬華區環河快速道路下桂林匝道,0,0,2,4,B03,8,5,5,40,14,16,1,5,4,5,13,4,4,1,4,5,2,17,1,48,3,10,3,4,7,14,1,8,1,2,,44,,1,22,121.4977941,25.0391965
113,1,30,18,4,2,02萬華區,萬華區環河快速道路下桂林匝道,0,0,2,5,H02,8,5,5,40,14,16,1,5,4,5,13,4,4,1,4,5,2,17,2,42,2,9,3,5,7,20,8,20,10,16,,67,,1,22,121.4977941,25.0391965
113,1,30,18,19,2,10文山區,文山區木新路1段與木新路1段口無名巷口,0,0,1,1,B03,8,5,5,50,3,1,1,5,4,5,13,2,1,10,5,5,2,17,2,67,2,9,7,1,7,6,1,8,2,2,,4,,1,21,121.570728,24.9887565
113,1,30,18,19,2,10文山區,文山區木新路1段與木新路1段口無名巷口,0,0,1,2,F01,8,5,5,50,3,1,1,5,4,5,13,2,1,10,5,5,2,17,1,12,2,9,4,1,7,1,8,20,2,11,,19,,1,21,121.570728,24.9887565
113,1,30,18,41,2,04大安區,大安區文昌街138號,0,0,1,1,B03,8,5,5,30,3,1,1,5,4,5,13,4,4,10,5,5,2,16,2,33,3,10,3,4,7,6,1,8,1,15,,44,,1,22,121.5529284,25.0326069
113,1,30,18,41,2,04大安區,大安區文昌街138號,0,0,1,2,C03,8,5,5,30,3,1,1,5,4,5,13,4,4,10,5,5,2,16,1,43,2,8,3,4,7,9,1,10,1,15,,99,,1,22,121.5529284,25.0326069
113,1,30,18,43,2,01大同區,大同區承德路2段與萬全街口,0,0,1,1,B01,7,5,5,50,4,1,1,5,4,5,13,1,1,1,4,5,2,17,1,69,3,10,7,1,7,9,1,4,2,8,,81,,1,21,121.5181705,25.0583771
113,1,30,18,43,2,01大同區,大同區承德路2段與萬全街口,0,0,1,2,C03,7,5,5,50,4,1,1,5,4,5,13,1,1,1,4,5,2,17,1,38,2,9,5,1,7,9,1,9,2,11,,2,,1,21,121.5181705,25.0583771
113,1,30,18,45,2,10文山區,文山區新光路2段燈桿0707707號,0,0,1,1,C03,8,5,5,50,14,9,1,5,4,5,13,4,4,9,5,5,1,13,1,34,2,9,6,1,7,9,1,10,2,11,,16,,1,21,121.591589,24.99728082
113,1,30,18,45,2,10文山區,文山區新光路2段燈桿0707707號,0,0,1,2,C03,8,5,5,50,14,9,1,5,4,5,13,4,4,9,5,5,1,13,2,57,2,9,6,1,7,9,1,10,2,13,,44,,1,21,121.591589,24.99728082
113,1,30,18,46,2,02萬華區,萬華區國興路與國興路1巷口,0,0,2,1,H01,8,5,8,50,22,22,1,5,4,5,13,4,4,10,5,5,2,9,1,92,2,9,4,5,8,16,8,20,1,16,,60,,1,22,121.5084467,25.02340111
113,1,30,18,46,2,02萬華區,萬華區國興路與國興路1巷口,0,0,2,2,C03,8,5,8,50,22,22,1,5,4,5,13,4,4,10,5,5,2,9,1,40,2,9,3,4,7,9,1,10,1,11,,108,,1,22,121.5084467,25.02340111
113,1,30,18,50,2,04大安區,大安區辛亥路1段與溫州街口,0,0,1,1,B03,8,5,5,40,4,2,1,5,4,5,13,2,1,1,4,4,2,9,1,47,4,11,3,4,7,6,7,19,11,15,,44,,2,22,121.5332379,25.0227349
113,1,30,18,50,2,04大安區,大安區辛亥路1段與溫州街口,0,0,1,2,H01,8,5,5,40,4,2,1,5,4,5,13,2,1,1,4,4,2,9,2,23,2,9,4,5,8,16,8,20,10,16,,67,,1,21,121.5332379,25.0227349
113,1,30,18,53,2,07信義區,信義區永吉路326巷17號,0,0,1,1,B03,7,5,5,30,14,9,1,5,4,5,13,4,4,9,5,5,2,12,1,29,3,10,7,1,7,9,1,8,1,2,,17,,1,21,121.5754681,25.0446714
113,1,30,18,53,2,07信義區,信義區永吉路326巷17號,0,0,1,2,C03,7,5,5,30,14,9,1,5,4,5,13,4,4,9,5,5,2,12,1,77,2,6,6,1,7,9,1,10,1,14,,17,,1,21,121.5754681,25.0446714
113,1,30,19,1,2,01大同區,大同區延平北路4段237號,0,0,2,1,G01,7,5,5,50,14,9,1,5,4,5,13,4,4,5,4,5,2,17,1,75,2,8,3,4,7,14,1,10,2,16,,42,,1,21,121.5124071,25.0762102
113,1,30,19,1,2,01大同區,大同區延平北路4段237號,0,0,2,2,C03,7,5,5,50,14,9,1,5,4,5,13,4,4,5,4,5,2,17,1,55,2,9,3,4,7,9,1,10,2,11,,108,,1,23,121.5124071,25.0762102
113,1,30,19,23,2,02萬華區,萬華區艋舺大道與環河南路3段口,0,0,1,1,B03,8,5,5,50,3,1,1,5,4,5,13,4,4,9,5,5,2,15,1,56,3,10,7,1,7,15,1,8,2,4,,74,,1,21,121.4893343,25.027842
113,1,30,19,23,2,02萬華區,萬華區艋舺大道與環河南路3段口,0,0,1,2,C03,8,5,5,50,3,1,1,5,4,5,13,4,4,9,5,5,2,15,2,53,2,9,5,1,7,9,1,10,2,11,,14,,1,21,121.4893343,25.027842
113,1,30,19,25,2,06松山區,松山區民權東路3段與復興北路口,0,0,1,1,C03,8,5,5,50,4,2,1,5,4,5,13,1,1,1,3,4,1,13,1,35,3,10,5,1,7,9,1,10,1,11,,16,,1,21,121.5445607,25.0622349
113,1,30,19,25,2,06松山區,松山區民權東路3段與復興北路口,0,0,1,2,C03,8,5,5,50,4,2,1,5,4,5,13,1,1,1,3,4,1,13,2,34,2,9,5,1,7,12,1,10,1,13,,44,,1,21,121.5445607,25.0622349
113,1,30,20,39,2,02萬華區,萬華區西園路2段與西園路2段281巷口,0,0,1,1,C03,8,5,8,50,4,1,1,5,4,5,13,3,1,10,5,5,2,15,1,50,2,9,3,4,7,9,1,10,1,11,,72,,1,21,121.4916334,25.02492774