發生年度,發生月,發生日,發生時-Hours,發生分,處理別-編號,區序,肇事地點,死亡人數,2-30日死亡人數,受傷人數,當事人序號,車種,天候,道路照明設備,道路類別,速限-速度限制,道路型態,事故位置,路面狀況1,路面狀況2,路面狀況3,道路障礙1,道路障礙2,號誌1,號誌2,車道劃分-分向,車道劃分-分道1,車道劃分-分道2,車道劃分-分道3,事故類型及型態,性別,年齡,受傷程度,主要傷處,保護裝置,行動電話,車輛用途,當事者行動狀態,駕駛資格情形,駕駛執照種類,飲酒情形,車輛撞擊部位1,車輛撞擊部位2,肇因碼-個別,肇因碼-主要,個人肇逃否,職業,座標-X,座標-Y
113,1,30,20,39,2,02萬華區,萬華區西園路2段與西園路2段281巷口,0,0,1,2,B03,8,5,8,50,4,1,1,5,4,5,13,3,1,10,5,5,2,15,1,23,3,10,3,4,7,9,1,8,1,8,,14,,1,21,121.4916334,25.02492774
113,1,30,21,0,2,01大同區,大同區承德路3段與承德路3段285巷口口,0,0,1,1,,8,5,5,50,4,2,1,5,4,5,13,2,1,1,4,5,2,17,4,0,4,11,3,4,7,21,7,19,11,15,,119,,2,22,121.519789,25.07402386
113,1,30,21,0,2,01大同區,大同區承德路3段與承德路3段285巷口口,0,0,1,2,C03,8,5,5,50,4,2,1,5,4,5,13,2,1,1,4,5,2,17,2,20,2,9,6,1,7,9,1,10,1,14,,119,,1,25,121.519789,25.07402386
113,1,30,21,2,2,04大安區,大安區復興南路2段與復興南路2段160巷口,0,0,1,1,B03,8,5,5,50,4,1,1,5,4,5,13,2,1,1,5,5,2,15,1,44,3,10,3,4,7,9,1,8,2,8,,44,,1,22,121.5434581,25.0277817
113,1,30,21,2,2,04大安區,大安區復興南路2段與復興南路2段160巷口,0,0,1,2,F02,8,5,5,50,4,1,1,5,4,5,13,2,1,1,5,5,2,15,1,45,2,9,3,4,7,9,8,20,2,12,,44,,1,22,121.5434581,25.0277817
113,1,30,21,28,2,09北投區,北投區行義路269號,0,0,1,1,B03,8,5,5,50,11,9,1,5,4,5,13,4,4,4,5,5,1,16,1,71,3,10,7,1,7,1,1,8,1,8,,19,,1,22,121.528214,25.13776866
113,1,30,21,28,2,09北投區,北投區行義路269號,0,0,1,2,C03,8,5,5,50,11,9,1,5,4,5,13,4,4,4,5,5,1,16,1,18,2,9,5,1,7,9,1,10,1,11,,108,,1,22,121.528214,25.13776866
113,1,30,21,33,2,07信義區,信義區基隆路2段155號,0,0,1,1,B03,7,5,5,50,14,9,1,5,4,5,13,2,1,3,4,5,2,16,2,51,3,10,7,1,7,11,1,8,2,5,,10,,1,21,121.5543183,25.0258453
113,1,30,21,33,2,07信義區,信義區基隆路2段155號,0,0,1,2,C03,7,5,5,50,14,9,1,5,4,5,13,2,1,3,4,5,2,16,1,27,2,9,6,1,7,9,1,10,2,14,,13,,1,21,121.5543183,25.0258453
113,1,30,22,0,2,03中山區,中山區合江街180巷與錦州街305巷口,0,0,2,1,B02,8,5,5,30,4,1,1,5,4,5,13,4,4,10,5,5,2,15,2,59,3,10,3,4,7,9,1,8,1,5,,72,,1,21,121.5378659,25.0610737
113,1,30,22,0,2,03中山區,中山區合江街180巷與錦州街305巷口,0,0,2,2,C03,8,5,5,30,4,1,1,5,4,5,13,4,4,10,5,5,2,15,2,21,2,9,6,4,7,9,1,10,1,14,,14,,1,21,121.5378659,25.0610737
113,1,30,22,0,2,03中山區,中山區合江街180巷與錦州街305巷口,0,0,2,3,H02,8,5,5,30,4,1,1,5,4,5,13,4,4,10,5,5,2,15,2,45,2,8,6,5,7,20,8,20,10,16,,67,,1,21,121.5378659,25.0610737
113,1,30,22,25,2,02萬華區,萬華區成都路與西寧南路口,0,0,1,1,B03,8,5,5,50,4,2,1,5,4,5,13,2,1,10,5,5,2,17,1,19,3,10,3,4,7,6,1,8,1,8,,9,,1,21,121.5058203,25.04281577
113,1,30,22,25,2,02萬華區,萬華區成都路與西寧南路口,0,0,1,2,C03,8,5,5,50,4,2,1,5,4,5,13,2,1,10,5,5,2,17,2,43,2,8,3,4,7,7,1,10,1,14,,100,,1,21,121.5058203,25.04281577
113,1,30,23,0,2,10文山區,文山區木柵路4段與萬芳交流道口,0,0,1,1,B03,7,5,5,50,3,1,1,5,4,5,13,1,1,10,5,5,2,16,1,55,3,10,7,1,7,5,1,8,2,6,,8,,1,21,121.5768535,25.00020807
113,1,30,23,0,2,10文山區,文山區木柵路4段與萬芳交流道口,0,0,1,2,C03,7,5,5,50,3,1,1,5,4,5,13,1,1,10,5,5,2,16,1,43,2,9,6,1,7,9,1,10,2,11,,13,,1,21,121.5768535,25.00020807
113,1,30,23,50,2,03中山區,中山區長春路132號,0,0,1,2,H01,8,5,5,40,14,8,1,5,4,5,13,4,4,9,4,4,2,2,1,36,2,7,4,5,8,16,8,20,10,16,,67,,1,22,121.5310432,25.05482753
113,1,30,23,50,2,03中山區,中山區長春路132號,0,0,1,1,B03,8,5,5,40,14,8,1,5,4,5,13,4,4,9,4,4,2,2,1,24,3,10,3,4,7,9,1,8,1,2,,108,,1,21,121.5310432,25.05482753
113,1,31,0,17,2,09北投區,北投區光明路與中央北路1段口,0,0,2,1,C03,7,5,5,50,5,1,1,5,4,5,13,3,1,1,4,5,2,17,2,38,2,9,5,1,7,6,1,10,1,11,,72,,1,21,121.5015546,25.1332578
113,1,31,0,17,2,09北投區,北投區光明路與中央北路1段口,0,0,2,2,C03,7,5,5,50,5,1,1,5,4,5,13,3,1,1,4,5,2,17,1,37,2,9,5,1,7,9,1,10,1,11,,42,,1,21,121.5015546,25.1332578
113,1,31,0,30,2,03中山區,中山區中山北路2段與錦西街口,0,0,1,1,B01,8,5,5,50,4,1,1,5,4,5,13,1,1,1,5,1,1,16,1,59,3,10,7,1,7,5,1,4,1,1,,74,,1,21,121.5228476,25.06033132
113,1,31,0,30,2,03中山區,中山區中山北路2段與錦西街口,0,0,1,2,C03,8,5,5,50,4,1,1,5,4,5,13,1,1,1,5,1,1,16,1,21,2,7,6,1,7,9,1,10,1,14,,13,,1,21,121.5228476,25.06033132
113,1,31,0,32,2,01大同區,大同區重慶北路1段1號,0,0,1,1,C03,7,5,5,40,14,9,1,5,4,5,13,4,4,1,4,5,1,17,1,19,2,9,3,4,7,9,1,10,1,12,,13,,1,21,121.5088226,25.05162151
113,1,31,0,32,2,01大同區,大同區重慶北路1段1號,0,0,1,2,B03,7,5,5,40,14,9,1,5,4,5,13,4,4,1,4,5,1,17,1,30,4,11,,4,7,9,7,19,11,15,,119,,2,21,121.5088226,25.05162151
113,1,31,6,18,2,07信義區,信義區信義路6段36號,0,0,1,1,H01,8,5,5,50,14,9,1,5,4,5,13,4,4,9,4,5,2,3,2,71,2,9,4,5,8,16,8,20,10,16,,121,,1,21,121.5758271,25.0344329
113,1,31,6,18,2,07信義區,信義區信義路6段36號,0,0,1,2,A05,8,5,5,50,14,9,1,5,4,5,13,4,4,9,4,5,2,3,1,64,3,10,7,1,7,9,1,2,1,1,,108,,1,21,121.5758271,25.0344329
113,1,31,7,1,2,02萬華區,萬華區環河南路2段與和平西路3段口,0,0,2,1,C03,7,5,5,50,4,1,1,5,4,5,13,1,1,1,4,5,2,15,1,58,2,8,5,4,7,1,1,10,1,14,,19,,1,21,121.4943926,25.0353098
113,1,31,7,1,2,02萬華區,萬華區環河南路2段與和平西路3段口,0,0,2,2,C03,7,5,5,50,4,1,1,5,4,5,13,1,1,1,4,5,2,15,1,32,2,8,5,4,7,9,1,10,1,11,,44,,1,21,121.4943926,25.0353098
113,1,31,7,18,2,05中正區,中正區仁愛路1段與金山南路1段口,0,0,1,1,C03,8,6,8,50,22,22,1,5,4,5,13,2,1,9,4,3,2,16,1,49,2,8,6,1,7,9,1,10,1,11,,44,,1,21,121.5284285,25.0383617
113,1,31,7,18,2,05中正區,中正區仁愛路1段與金山南路1段口,0,0,1,2,B03,8,6,8,50,22,22,1,5,4,5,13,2,1,9,4,3,2,16,1,47,3,10,7,1,7,8,1,8,1,6,,100,,1,21,121.5284285,25.0383617
113,1,31,7,18,2,05中正區,中正區仁愛路1段與金山南路1段口,0,0,1,3,B03,8,6,8,50,22,22,1,5,4,5,13,2,1,9,4,3,2,16,1,47,3,10,7,1,7,14,1,8,1,7,,44,,1,21,121.5284285,25.0383617
113,1,31,7,28,2,07信義區,信義區基隆路1段97號,0,0,1,1,C03,8,6,5,50,14,9,1,5,4,5,13,1,1,1,4,5,2,12,1,39,2,8,3,4,7,9,1,10,1,17,,17,,1,22,121.5671962,25.0454874
113,1,31,7,28,2,07信義區,信義區基隆路1段97號,0,0,1,2,C03,8,6,5,50,14,9,1,5,4,5,13,1,1,1,4,5,2,12,2,41,3,10,3,4,7,14,1,10,1,14,,44,,1,22,121.5671962,25.0454874
113,1,31,7,40,2,05中正區,中正區汀州路1段與三元街口口,0,0,1,1,C03,8,6,5,30,4,2,1,5,4,5,13,1,1,1,4,4,1,12,1,32,3,10,6,1,7,15,1,10,1,14,,100,,1,21,121.5073174,25.03058903
113,1,31,7,40,2,05中正區,中正區汀州路1段與三元街口口,0,0,1,2,B03,8,6,5,30,4,2,1,5,4,5,13,1,1,1,4,4,1,12,1,49,3,10,7,1,7,9,1,8,1,6,,44,,1,21,121.5073174,25.03058903
113,1,31,7,40,2,05中正區,中正區汀州路1段與三元街口口,0,0,1,3,H02,8,6,5,30,4,2,1,5,4,5,13,1,1,1,4,4,1,12,2,33,2,8,6,5,7,17,8,20,10,16,,67,,1,21,121.5073174,25.03058903
113,1,31,7,44,2,12內湖區,內湖區民權東路6段119號,0,0,1,1,B03,8,7,5,50,14,9,1,5,4,5,13,4,4,3,4,5,2,12,1,51,3,10,7,1,7,7,1,8,1,3,,100,,1,21,121.5924532,25.0689695
113,1,31,7,44,2,12內湖區,內湖區民權東路6段119號,0,0,1,2,C03,8,7,5,50,14,9,1,5,4,5,13,4,4,3,4,5,2,12,1,32,2,9,5,1,7,9,1,10,1,12,,13,,1,21,121.5924532,25.0689695
113,1,31,8,0,2,12內湖區,內湖區大湖街202號前,0,0,1,1,C03,8,6,5,30,12,9,1,5,4,5,13,4,4,10,5,5,1,18,2,35,2,9,5,1,7,15,1,10,1,14,,,,1,21,121.6041304,25.09797124
113,1,31,8,0,2,12內湖區,內湖區大湖街202號前,0,0,1,2,,8,6,5,30,12,9,1,5,4,5,13,4,4,10,5,5,1,18,3,0,,,,,,,,,,,,67,,1,,121.6041304,25.09797124
113,1,31,8,0,2,12內湖區,內湖區大湖街202號前,0,0,1,3,G06,8,6,5,30,12,9,1,5,4,5,13,4,4,10,5,5,1,18,1,112,4,11,3,4,7,21,7,19,11,15,,118,,1,22,121.6041304,25.09797124
113,1,31,8,3,2,05中正區,中正區南陽街與許昌街口,0,0,1,1,C03,8,6,5,30,4,2,1,5,4,5,13,4,4,10,5,5,2,17,1,60,2,7,5,1,7,5,1,10,1,12,,72,,1,22,121.5161183,25.04550741
113,1,31,8,3,2,05中正區,中正區南陽街與許昌街口,0,0,1,2,B02,8,6,5,30,4,2,1,5,4,5,13,4,4,10,5,5,2,17,1,48,3,10,7,1,7,9,1,8,1,4,,14,,1,22,121.5161183,25.04550741
113,1,31,8,20,2,05中正區,中正區館前路46號,0,0,1,1,C03,8,5,5,50,14,9,1,5,4,5,13,4,4,10,4,5,2,16,1,38,3,10,6,4,7,5,1,10,2,11,,8,,1,22,121.5149541,25.04414675
113,1,31,8,20,2,05中正區,中正區館前路46號,0,0,1,2,C03,8,5,5,50,14,9,1,5,4,5,13,4,4,10,4,5,2,16,1,47,2,5,6,4,7,9,1,10,2,11,,108,,1,22,121.5149541,25.04414675
113,1,31,8,22,2,11南港區,南港區舊莊街1段145巷與舊莊街1段口,0,0,1,1,C03,8,6,5,50,3,2,1,5,4,5,13,3,1,5,2,5,2,17,1,25,3,10,5,1,7,5,1,10,1,17,,8,,1,22,121.6203313,25.0399266
113,1,31,8,22,2,11南港區,南港區舊莊街1段145巷與舊莊街1段口,0,0,1,2,C03,8,6,5,50,3,2,1,5,4,5,13,3,1,5,2,5,2,17,1,53,3,10,5,1,7,6,1,10,1,17,,44,,1,22,121.6203313,25.0399266
113,1,31,8,22,2,11南港區,南港區舊莊街1段145巷與舊莊街1段口,0,0,1,3,H02,8,6,5,50,3,2,1,5,4,5,13,3,1,5,2,5,2,17,2,49,2,7,5,5,7,20,8,20,10,17,,67,,1,22,121.6203313,25.0399266
113,1,31,8,31,2,05中正區,中正區忠孝東路1段84巷善導寺捷運站四號出口,0,0,1,1,B03,8,6,8,30,22,22,1,5,4,5,13,4,4,9,4,5,2,16,2,37,3,10,7,1,7,1,1,8,2,8,,19,,1,21,121.5241648,25.0441179
113,1,31,8,31,2,05中正區,中正區忠孝東路1段84巷善導寺捷運站四號出口,0,0,1,2,C03,8,6,8,30,22,22,1,5,4,5,13,4,4,9,4,5,2,16,1,42,2,9,6,1,7,9,1,10,2,12,,44,,1,21,121.5241648,25.0441179
113,1,31,8,35,2,10文山區,文山區興隆路4段109巷139號,0,0,1,1,B03,8,6,5,50,14,9,1,5,4,5,13,4,4,9,5,5,2,12,1,49,3,10,3,4,7,8,1,8,1,5,,100,,1,21,121.5657139,24.98705396
113,1,31,8,35,2,10文山區,文山區興隆路4段109巷139號,0,0,1,2,C03,8,6,5,50,14,9,1,5,4,5,13,4,4,9,5,5,2,12,1,24,2,9,5,4,7,9,1,10,1,14,,108,,1,21,121.5657139,24.98705396
113,1,31,8,47,2,05中正區,中正區羅斯福路3段258號,0,0,1,1,C03,8,7,5,50,14,9,1,5,4,5,13,4,4,1,4,5,2,17,1,28,2,8,5,1,7,8,1,10,1,12,,100,,1,22,121.5316611,25.0171428
113,1,31,8,47,2,05中正區,中正區羅斯福路3段258號,0,0,1,2,C03,8,7,5,50,14,9,1,5,4,5,13,4,4,1,4,5,2,17,1,27,3,10,5,1,7,9,1,10,1,14,,44,,1,22,121.5316611,25.0171428
113,1,31,8,54,2,12內湖區,內湖區民權東路6段161號,0,0,1,1,B03,8,7,5,50,14,9,1,5,4,5,13,1,1,1,4,5,2,12,1,60,3,10,7,1,7,7,1,8,1,4,,100,,1,21,121.5953705,25.0685414
113,1,31,8,54,2,12內湖區,內湖區民權東路6段161號,0,0,1,2,F03,8,7,5,50,14,9,1,5,4,5,13,1,1,1,4,5,2,12,2,60,2,9,4,1,7,7,8,20,1,12,,100,,1,21,121.5953705,25.0685414
113,1,31,8,57,2,08士林區,士林區文林路615巷10號,0,0,2,1,C03,8,7,5,30,14,9,1,5,4,5,13,4,4,10,5,5,1,17,1,38,2,9,6,1,7,5,1,10,1,13,,80,,1,21,121.5223329,25.0992926
113,1,31,8,57,2,08士林區,士林區文林路615巷10號,0,0,2,2,C03,8,7,5,30,14,9,1,5,4,5,13,4,4,10,5,5,1,17,1,21,2,9,6,1,7,9,1,10,1,11,,108,,1,21,121.5223329,25.0992926
113,1,31,9,5,2,03中山區,中山區南京東路2段與新生北路2段口,0,0,1,1,C03,7,6,5,50,4,2,1,5,4,5,13,2,1,1,4,4,2,12,1,31,3,10,6,1,7,8,1,10,9,12,,100,,1,21,121.5281589,25.0521821
113,1,31,9,5,2,03中山區,中山區南京東路2段與新生北路2段口,0,0,1,2,C03,7,6,5,50,4,2,1,5,4,5,13,2,1,1,4,4,2,12,2,28,2,9,6,1,7,9,1,10,9,14,,13,,1,21,121.5281589,25.0521821
113,1,31,9,15,2,03中山區,中山區北安路305號海軍司令部對面,0,0,1,1,C03,8,7,5,50,14,9,1,5,4,5,13,1,1,1,4,5,2,13,2,35,2,9,3,4,7,9,1,10,1,11,,44,,1,21,121.5386032,25.077686
113,1,31,9,15,2,03中山區,中山區北安路305號海軍司令部對面,0,0,1,2,C03,8,7,5,50,14,9,1,5,4,5,13,1,1,1,4,5,2,13,1,31,3,10,3,4,7,14,1,10,1,13,,44,,1,21,121.5386032,25.077686
113,1,31,9,25,2,08士林區,士林區中山北路6段23號,0,0,1,1,C03,8,6,5,50,14,9,1,5,4,5,13,4,4,1,4,5,2,17,1,19,2,8,6,1,7,7,1,10,1,11,,100,,1,21,121.525002,25.103382
113,1,31,9,25,2,08士林區,士林區中山北路6段23號,0,0,1,2,B02,8,6,5,50,14,9,1,5,4,5,13,4,4,1,4,5,2,17,1,71,3,10,7,1,7,14,1,8,1,7,,44,,1,21,121.525002,25.103382
113,1,31,9,25,2,08士林區,士林區中山北路6段23號,0,0,1,3,B02,8,6,5,50,14,9,1,5,4,5,13,4,4,1,4,5,2,17,1,42,3,10,7,1,7,9,1,8,1,5,,44,,1,21,121.525002,25.103382
113,1,31,9,27,2,11南港區,南港區松河街0402336燈桿,0,0,2,1,C03,8,6,5,40,14,9,1,5,4,5,13,4,4,9,5,5,2,12,1,36,2,8,5,4,7,9,1,10,1,15,,118,,1,22,121.5860294,25.0537142
113,1,31,9,27,2,11南港區,南港區松河街0402336燈桿,0,0,2,2,F01,8,6,5,40,14,9,1,5,4,5,13,4,4,9,5,5,2,12,2,31,2,9,4,4,7,9,8,20,1,13,,118,,1,22,121.5860294,25.0537142
113,1,31,10,18,2,08士林區,士林區美崙街與美崙街152巷口口,0,0,1,1,B03,8,6,5,30,3,2,1,5,4,5,13,4,4,5,2,5,1,16,1,36,3,10,7,1,7,9,1,8,1,4,,108,,1,21,121.5193187,25.0967835
113,1,31,10,18,2,08士林區,士林區美崙街與美崙街152巷口口,0,0,1,2,C03,8,6,5,30,3,2,1,5,4,5,13,4,4,5,2,5,1,16,2,73,2,9,5,1,7,5,1,10,1,12,,74,,1,21,121.5193187,25.0967835
113,1,31,10,26,2,03中山區,中山區中山北路2段102號,0,0,3,1,C03,8,7,5,50,14,9,1,5,4,5,13,4,4,9,4,1,2,13,2,65,2,6,6,1,7,9,1,10,1,11,,16,,1,21,121.5228429,25.0601002
113,1,31,10,26,2,03中山區,中山區中山北路2段102號,0,0,3,2,C03,8,7,5,50,14,9,1,5,4,5,13,4,4,9,4,1,2,13,2,23,2,8,6,1,7,9,1,10,1,13,,44,,1,21,121.5228429,25.0601002
113,1,31,10,26,2,03中山區,中山區中山北路2段102號,0,0,3,3,C03,8,7,5,50,14,9,1,5,4,5,13,4,4,9,4,1,2,13,2,27,2,8,6,1,7,9,1,10,1,11,,16,,1,21,121.5228429,25.0601002
113,1,31,10,31,2,06松山區,松山區八德路4段與八德路4段106巷口,0,0,1,1,B03,8,6,5,50,4,1,1,5,4,5,13,2,1,5,4,5,2,16,1,72,3,10,3,4,7,5,1,8,2,8,,8,,1,21,121.5610013,25.0485357
113,1,31,10,31,2,06松山區,松山區八德路4段與八德路4段106巷口,0,0,1,2,C03,8,6,5,50,4,1,1,5,4,5,13,2,1,5,4,5,2,16,1,51,2,8,6,4,7,9,1,9,11,12,,13,,1,21,121.5610013,25.0485357
113,1,31,10,42,2,04大安區,大安區四維路170巷與四維路口,0,0,1,1,B03,8,7,5,40,4,19,1,5,4,5,13,3,1,9,4,5,2,3,1,50,3,10,3,4,7,15,1,8,1,1,,70,,1,21,121.5479701,25.0281586
113,1,31,10,42,2,04大安區,大安區四維路170巷與四維路口,0,0,1,2,H01,8,7,5,40,4,19,1,5,4,5,13,3,1,9,4,5,2,3,1,78,2,9,4,5,8,16,8,20,1,16,,67,,1,21,121.5479701,25.0281586
113,1,31,11,6,2,12內湖區,內湖區瑞光路390號,0,0,1,1,B01,8,6,5,50,14,9,1,5,4,5,13,4,4,5,4,5,2,17,1,55,3,10,7,1,7,11,1,4,1,8,,10,,1,21,121.5716399,25.07783756
113,1,31,11,6,2,12內湖區,內湖區瑞光路390號,0,0,1,2,C03,8,6,5,50,14,9,1,5,4,5,13,4,4,5,4,5,2,17,1,47,2,9,5,1,7,9,1,10,1,12,,44,,1,21,121.5716399,25.07783756
113,1,31,11,21,2,05中正區,中正區公園路與愛國西路口,0,0,1,1,A02,7,7,5,50,4,1,1,5,4,5,13,1,1,1,4,5,2,17,1,65,3,10,7,1,7,12,1,2,2,17,,44,,1,22,121.5147044,25.034805
113,1,31,11,21,2,05中正區,中正區公園路與愛國西路口,0,0,1,3,H02,7,7,5,50,4,1,1,5,4,5,13,1,1,1,4,5,2,17,2,73,2,9,2,5,7,20,8,20,10,16,,60,,1,22,121.5147044,25.034805
113,1,31,11,21,2,05中正區,中正區公園路與愛國西路口,0,0,1,2,C03,7,7,5,50,4,1,1,5,4,5,13,1,1,1,4,5,2,17,1,45,3,10,5,1,7,7,1,10,9,17,,100,,1,22,121.5147044,25.034805
113,1,31,11,29,2,05中正區,中正區延平南路與延平南路192巷口,0,0,1,1,B03,8,6,5,50,14,9,1,5,4,5,13,4,4,9,5,5,2,17,2,33,3,10,7,1,7,15,1,8,2,4,,40,,1,21,121.5078249,25.03609056
113,1,31,11,29,2,05中正區,中正區延平南路與延平南路192巷口,0,0,1,2,C03,8,6,5,50,14,9,1,5,4,5,13,4,4,9,5,5,2,17,1,26,2,7,5,1,7,9,1,10,2,12,,44,,1,21,121.5078249,25.03609056
113,1,31,11,29,2,05中正區,中正區延平南路與延平南路192巷口,0,0,1,3,B03,8,6,5,50,14,9,1,5,4,5,13,4,4,9,5,5,2,17,2,57,3,10,7,1,7,9,1,8,2,6,,44,,1,21,121.5078249,25.03609056
113,1,31,11,33,2,04大安區,大安區安居街與安居街75巷口,0,0,1,1,C03,8,7,5,30,4,1,1,5,4,5,13,4,4,8,3,4,2,15,1,32,2,9,6,1,7,9,1,10,1,11,,72,,1,21,121.5527771,25.0191159
113,1,31,11,33,2,04大安區,大安區安居街與安居街75巷口,0,0,1,2,B13,8,7,5,30,4,1,1,5,4,5,13,4,4,8,3,4,2,15,1,25,3,10,7,1,7,9,1,8,1,8,,13,,1,21,121.5527771,25.0191159
113,1,31,11,45,2,10文山區,文山區新光路1段22號對面,0,0,2,1,C03,8,6,5,50,14,9,1,5,4,5,13,4,4,10,5,5,2,16,2,67,2,9,5,1,7,9,3,18,2,11,12,4,,1,21,121.5737435,24.98881846
113,1,31,11,45,2,10文山區,文山區新光路1段22號對面,0,0,2,2,C03,8,6,5,50,14,9,1,5,4,5,13,4,4,10,5,5,2,16,2,55,2,9,6,1,7,5,1,10,2,14,,44,,1,21,121.5737435,24.98881846
113,1,31,11,50,2,01大同區,大同區承德路2段與平陽街口,0,0,1,1,B03,8,6,5,50,4,1,1,5,4,5,13,2,1,1,4,5,2,16,1,49,3,10,7,4,7,5,1,8,2,6,,71,,1,21,121.5170282,25.0546754
113,1,31,11,50,2,01大同區,大同區承德路2段與平陽街口,0,0,1,2,C03,8,6,5,50,4,1,1,5,4,5,13,2,1,1,4,5,2,16,1,22,2,9,5,4,7,9,1,10,2,11,,44,,1,21,121.5170282,25.0546754
113,1,31,12,15,2,02萬華區,萬華區華中橋往新北機車道,0,0,2,1,C03,8,6,5,40,14,11,1,5,4,5,13,4,4,10,3,5,1,16,2,55,2,9,3,4,7,8,1,10,1,12,,108,,1,21,121.4955002,25.0118283
113,1,31,12,15,2,02萬華區,萬華區華中橋往新北機車道,0,0,2,2,F02,8,6,5,40,14,11,1,5,4,5,13,4,4,10,3,5,1,16,2,69,2,9,3,4,7,9,8,20,1,14,,44,,1,21,121.4955002,25.0118283
113,1,31,12,17,2,07信義區,信義區基隆路1段與市民大道6段口,0,0,1,1,C03,7,7,5,50,14,9,1,5,4,5,13,4,4,1,4,5,2,16,1,56,3,10,6,4,7,6,1,10,1,11,,9,,1,21,121.5694568,25.049127
113,1,31,12,17,2,07信義區,信義區基隆路1段與市民大道6段口,0,0,1,2,F01,7,7,5,50,14,9,1,5,4,5,13,4,4,1,4,5,2,16,1,70,2,9,3,4,7,9,8,20,1,14,,44,,1,21,121.5694568,25.049127
113,1,31,12,20,2,03中山區,中山區建國北路2段與建國北路2段186巷口,0,0,1,1,B01,8,7,5,50,3,2,1,5,4,5,13,1,1,10,4,5,2,13,1,54,3,10,7,1,7,9,1,4,2,1,,44,,1,21,121.5367593,25.0595455
113,1,31,12,20,2,03中山區,中山區建國北路2段與建國北路2段186巷口,0,0,1,2,F01,8,7,5,50,3,2,1,5,4,5,13,1,1,10,4,5,2,13,1,70,2,1,4,1,7,5,8,20,2,13,,83,,1,21,121.5367593,25.0595455
113,1,31,12,23,2,07信義區,信義區松隆路與永吉路30巷口,0,0,1,1,B03,8,6,5,50,4,1,1,5,4,5,13,2,1,1,4,5,1,16,2,27,3,10,3,4,7,5,1,8,1,8,,71,,1,22,121.568797,25.0443653
113,1,31,12,23,2,07信義區,信義區松隆路與永吉路30巷口,0,0,1,2,C03,8,6,5,50,4,1,1,5,4,5,13,2,1,1,4,5,1,16,1,62,2,7,3,4,7,9,1,10,1,14,,44,,1,22,121.568797,25.0443653
113,1,31,12,32,2,11南港區,南港區忠孝東路6段與昆陽街157巷口,0,0,1,1,B03,8,7,5,50,5,2,1,5,4,5,13,2,1,5,5,5,2,17,1,40,3,10,7,1,7,5,1,8,11,17,,44,,1,22,121.5954429,25.0506071
113,1,31,12,32,2,11南港區,南港區忠孝東路6段與昆陽街157巷口,0,0,1,2,C03,8,7,5,50,5,2,1,5,4,5,13,2,1,5,5,5,2,17,1,39,2,9,5,1,7,12,1,10,1,17,,116,,1,22,121.5954429,25.0506071
113,1,31,12,36,2,08士林區,士林區社中街298巷4弄與無名巷口,0,0,2,1,C03,8,6,5,30,4,1,1,5,4,5,13,4,4,10,5,5,2,15,2,42,2,9,6,1,7,9,1,10,2,12,,80,,1,21,121.5065485,25.09255584
113,1,31,12,36,2,08士林區,士林區社中街298巷4弄與無名巷口,0,0,2,2,C03,8,6,5,30,4,1,1,5,4,5,13,4,4,10,5,5,2,15,1,29,2,9,6,1,7,9,1,10,2,11,,80,,1,21,121.5065485,25.09255584
113,1,31,12,39,2,07信義區,信義區逸仙路與逸仙路32巷口,0,0,1,1,B02,8,7,5,30,3,1,1,5,4,5,13,4,4,5,4,5,2,1,1,30,3,10,3,4,7,5,1,8,1,8,,42,,1,21,121.5615548,25.03983913
113,1,31,12,39,2,07信義區,信義區逸仙路與逸仙路32巷口,0,0,1,2,H01,8,7,5,30,3,1,1,5,4,5,13,4,4,5,4,5,2,1,2,38,2,9,4,5,8,20,8,20,10,16,,67,,1,21,121.5615548,25.03983913
113,1,31,12,53,2,03中山區,中山區朱崙街20號前,0,0,2,1,C03,8,5,5,50,14,9,1,5,4,5,13,4,4,9,4,5,2,17,1,54,2,9,3,4,7,5,1,10,1,12,,44,,1,21,121.539827,25.0499927
113,1,31,12,53,2,03中山區,中山區朱崙街20號前,0,0,2,2,C03,8,5,5,50,14,9,1,5,4,5,13,4,4,9,4,5,2,17,1,32,2,9,3,4,7,9,1,10,1,11,,13,,1,21,121.539827,25.0499927
113,1,31,12,55,2,03中山區,中山區民權東路3段與龍江路口,0,0,1,1,A04,8,6,6,50,14,10,1,5,4,5,13,1,1,1,4,5,2,9,1,51,3,10,3,4,7,9,1,2,1,17,,44,,1,22,121.5406577,25.0623569
113,1,31,12,55,2,03中山區,中山區民權東路3段與龍江路口,0,0,1,2,H02,8,6,6,50,14,10,1,5,4,5,13,1,1,1,4,5,2,9,2,72,2,1,4,5,7,20,8,20,10,17,,67,,1,22,121.5406577,25.0623569
113,1,31,12,56,2,01大同區,大同區鄭州路21巷與鄭州路口,0,0,1,1,B03,7,6,5,40,3,2,1,5,4,5,13,4,4,1,4,5,2,17,2,30,3,10,7,1,7,6,1,8,1,2,,9,,1,21,121.5145017,25.049272
113,1,31,12,56,2,01大同區,大同區鄭州路21巷與鄭州路口,0,0,1,2,C03,7,6,5,40,3,2,1,5,4,5,13,4,4,1,4,5,2,17,2,66,2,8,6,1,7,9,1,10,1,11,,44,,1,21,121.5145017,25.049272