發生年度,發生月,發生日,發生時-Hours,發生分,處理別-編號,區序,肇事地點,死亡人數,2-30日死亡人數,受傷人數,當事人序號,車種,天候,道路照明設備,道路類別,速限-速度限制,道路型態,事故位置,路面狀況1,路面狀況2,路面狀況3,道路障礙1,道路障礙2,號誌1,號誌2,車道劃分-分向,車道劃分-分道1,車道劃分-分道2,車道劃分-分道3,事故類型及型態,性別,年齡,受傷程度,主要傷處,保護裝置,行動電話,車輛用途,當事者行動狀態,駕駛資格情形,駕駛執照種類,飲酒情形,車輛撞擊部位1,車輛撞擊部位2,肇因碼-個別,肇因碼-主要,個人肇逃否,職業,座標-X,座標-Y
113,1,31,12,56,2,07信義區,信義區信義路5段與松德路口,0,0,3,1,C03,8,6,5,50,4,1,1,5,4,5,13,2,1,1,4,5,1,12,2,23,2,9,3,4,7,9,1,10,1,14,,99,,1,22,121.5745751,25.033424
113,1,31,12,56,2,07信義區,信義區信義路5段與松德路口,0,0,3,2,C03,8,6,5,50,4,1,1,5,4,5,13,2,1,1,4,5,1,12,1,26,2,9,3,4,7,9,1,10,1,12,,44,,1,22,121.5745751,25.033424
113,1,31,12,56,2,07信義區,信義區信義路5段與松德路口,0,0,3,3,H02,8,6,5,50,4,1,1,5,4,5,13,2,1,1,4,5,1,12,2,13,2,9,3,5,7,20,8,20,10,16,,67,,1,22,121.5745751,25.033424
113,1,31,13,6,2,04大安區,大安區延吉街與光復南路240巷口,0,0,1,1,C03,8,7,5,50,14,9,1,5,4,5,13,4,4,5,4,5,2,17,1,43,2,9,3,4,7,4,1,10,1,12,,4,,1,21,121.5546624,25.0407128
113,1,31,13,6,2,04大安區,大安區延吉街與光復南路240巷口,0,0,1,2,C03,8,7,5,50,14,9,1,5,4,5,13,4,4,5,4,5,2,17,1,59,3,10,3,4,7,5,1,10,1,17,,27,,1,21,121.5546624,25.0407128
113,1,31,13,28,2,05中正區,中正區重慶南路1段44號,0,0,2,1,C03,8,5,5,50,14,9,1,5,4,5,13,4,4,5,5,5,2,9,1,35,2,9,6,1,7,9,1,10,1,11,11,44,,1,21,121.5131799,25.04475311
113,1,31,13,28,2,05中正區,中正區重慶南路1段44號,0,0,2,2,H01,8,5,5,50,14,9,1,5,4,5,13,4,4,5,5,5,2,9,2,75,2,9,4,5,8,16,8,20,1,16,16,121,,1,21,121.5131799,25.04475311
113,1,31,14,0,2,12內湖區,內湖區民權東路6段與行愛路口,0,0,1,1,C03,8,6,5,50,4,1,1,5,4,5,13,1,1,1,3,5,1,16,1,22,3,10,6,1,7,5,1,10,2,12,,16,,1,21,121.5785172,25.066696
113,1,31,14,0,2,12內湖區,內湖區民權東路6段與行愛路口,0,0,1,2,C03,8,6,5,50,4,1,1,5,4,5,13,1,1,1,3,5,1,16,2,45,2,9,6,1,7,9,1,10,2,11,,44,,1,21,121.5785172,25.066696
113,1,31,14,25,2,12內湖區,內湖區行善路168巷與新湖一路口,0,0,1,1,B03,8,6,5,50,3,2,1,5,4,5,13,4,4,5,5,5,2,17,1,30,3,10,7,1,7,11,1,8,1,4,,10,,1,21,121.5779603,25.05957695
113,1,31,14,25,2,12內湖區,內湖區行善路168巷與新湖一路口,0,0,1,2,C03,8,6,5,50,3,2,1,5,4,5,13,4,4,5,5,5,2,17,1,28,2,9,6,1,7,9,1,10,1,11,,44,,1,21,121.5779603,25.05957695
113,1,31,14,30,2,04大安區,大安區光復南路82號,0,0,1,2,F01,8,5,8,0,22,20,2,4,4,4,12,4,4,10,5,5,2,9,2,31,2,9,4,4,7,9,8,20,1,15,,118,,1,21,121.5575361,25.0446523
113,1,31,14,30,2,04大安區,大安區光復南路82號,0,0,1,1,H03,8,5,8,0,22,20,2,4,4,4,12,4,4,10,5,5,2,9,1,45,3,10,4,5,8,20,8,20,10,16,,118,,1,21,121.5575361,25.0446523
113,1,31,14,40,2,12內湖區,內湖區陽光街68巷102弄與陽光街口,0,0,1,1,B13,8,5,5,30,3,1,1,5,4,5,10,4,4,9,5,5,2,16,1,45,3,10,7,1,7,5,1,8,1,8,,72,,1,21,121.5838208,25.0750042
113,1,31,14,40,2,12內湖區,內湖區陽光街68巷102弄與陽光街口,0,0,1,2,C03,8,5,5,30,3,1,1,5,4,5,10,4,4,9,5,5,2,16,2,59,2,9,6,1,7,9,3,18,1,12,,44,,1,21,121.5838208,25.0750042
113,1,31,14,40,2,12內湖區,內湖區陽光街68巷102弄與陽光街口,0,0,1,3,B12,8,5,5,30,3,1,1,5,4,5,10,4,4,9,5,5,2,16,1,48,3,10,7,1,7,13,1,8,1,17,,38,,1,21,121.5838208,25.0750042
113,1,31,14,45,2,03中山區,中山區民生東路1段12號,0,0,1,1,C03,8,6,5,50,14,9,1,5,4,5,13,4,4,4,5,5,1,13,1,27,3,10,3,4,7,9,1,10,1,11,,16,,1,21,121.5235708,25.0579463
113,1,31,14,45,2,03中山區,中山區民生東路1段12號,0,0,1,2,C03,8,6,5,50,14,9,1,5,4,5,13,4,4,4,5,5,1,13,1,32,2,9,3,4,7,9,1,10,1,13,,44,,1,21,121.5235708,25.0579463
113,1,31,14,46,2,05中正區,中正區師大路與水源路口口,0,0,1,1,B03,8,6,5,50,5,1,1,5,4,5,13,1,1,1,4,5,1,17,1,50,3,10,7,1,7,8,1,8,2,4,,108,,1,21,121.5223947,25.02046884
113,1,31,14,46,2,05中正區,中正區師大路與水源路口口,0,0,1,2,C03,8,6,5,50,5,1,1,5,4,5,13,1,1,1,4,5,1,17,2,36,2,8,6,1,7,9,1,10,2,12,,44,,1,21,121.5223947,25.02046884
113,1,31,14,58,2,03中山區,中山區民生東路2段123號,0,0,3,1,C03,8,6,5,50,14,9,1,5,4,5,13,1,1,5,4,5,2,12,1,31,3,10,3,4,7,8,1,10,1,12,,100,,1,21,121.5323573,25.0578159
113,1,31,14,58,2,03中山區,中山區民生東路2段123號,0,0,3,2,B02,8,6,5,50,14,9,1,5,4,5,13,1,1,5,4,5,2,12,1,64,3,10,3,4,7,9,1,8,1,8,,44,,1,21,121.5323573,25.0578159
113,1,31,14,58,2,03中山區,中山區民生東路2段123號,0,0,3,3,C03,8,6,5,50,14,9,1,5,4,5,13,1,1,5,4,5,2,12,2,40,2,9,3,4,7,12,1,10,1,12,,16,,1,21,121.5323573,25.0578159
113,1,31,14,58,2,03中山區,中山區民生東路2段123號,0,0,3,4,C03,8,6,5,50,14,9,1,5,4,5,13,1,1,5,4,5,2,12,2,51,2,9,3,4,7,9,1,10,1,14,,44,,1,21,121.5323573,25.0578159
113,1,31,14,58,2,03中山區,中山區民生東路2段123號,0,0,3,5,H02,8,6,5,50,14,9,1,5,4,5,13,1,1,5,4,5,2,12,2,32,2,9,4,5,7,21,8,20,10,17,,67,,1,21,121.5323573,25.0578159
113,1,31,15,4,2,10文山區,文山區木柵路1段與景美溪橋口,0,0,1,1,B03,8,5,5,50,3,1,1,5,4,5,13,2,1,5,5,5,1,17,2,39,3,10,7,1,7,6,1,8,2,5,,17,,1,21,121.5452854,24.9868347
113,1,31,15,4,2,10文山區,文山區木柵路1段與景美溪橋口,0,0,1,2,C03,8,5,5,50,3,1,1,5,4,5,13,2,1,5,5,5,1,17,2,44,2,8,6,1,7,5,1,10,2,15,,17,,1,21,121.5452854,24.9868347
113,1,31,15,9,2,04大安區,大安區新生南路1段157巷與仁愛路3段24巷口,0,0,1,1,B12,8,5,5,30,4,1,1,5,4,5,13,4,4,10,5,5,2,15,1,41,3,10,7,1,7,9,1,3,1,6,,75,,1,21,121.5359505,25.03494698
113,1,31,15,9,2,04大安區,大安區新生南路1段157巷與仁愛路3段24巷口,0,0,1,2,C03,8,5,5,30,4,1,1,5,4,5,13,4,4,10,5,5,2,15,2,37,2,9,6,1,7,9,1,10,1,11,,14,,1,21,121.5359505,25.03494698
113,1,31,15,13,2,08士林區,士林區中社路2段與中社路2段91巷口,0,0,1,1,F01,8,6,5,50,4,2,1,5,4,5,13,4,4,9,4,4,2,17,1,51,2,9,4,1,7,9,8,20,1,17,,42,,1,21,121.5666129,25.10747378
113,1,31,15,13,2,08士林區,士林區中社路2段與中社路2段91巷口,0,0,1,2,B12,8,6,5,50,4,2,1,5,4,5,13,4,4,9,4,4,2,17,1,60,3,10,7,1,7,6,1,8,1,17,,72,,1,21,121.5666129,25.10747378
113,1,31,16,12,2,03中山區,中山區松江路與民族東路口旁,0,0,1,1,A12,8,5,5,50,14,9,1,5,4,5,13,4,4,1,4,5,2,12,1,57,3,10,7,1,7,9,1,1,1,2,,17,,1,21,121.5329974,25.06874804
113,1,31,16,12,2,03中山區,中山區松江路與民族東路口旁,0,0,1,2,C03,8,5,5,50,14,9,1,5,4,5,13,4,4,1,4,5,2,12,1,46,2,9,6,1,7,9,1,10,1,14,,17,,1,21,121.5329974,25.06874804
113,1,31,16,49,2,09北投區,北投區承德路6段1200008燈桿,0,0,1,1,B03,8,6,5,40,14,8,1,5,4,5,13,4,4,1,4,4,2,12,1,27,3,10,7,1,7,1,1,8,1,4,,19,,1,21,121.5122405,25.10375563
113,1,31,16,49,2,09北投區,北投區承德路6段1200008燈桿,0,0,1,2,C03,8,6,5,40,14,8,1,5,4,5,13,4,4,1,4,4,2,12,2,22,2,9,5,1,7,9,1,10,1,12,,44,,1,21,121.5122405,25.10375563
113,1,31,17,8,2,10文山區,文山區辛亥路7段(北往南往新店）,0,0,2,1,C03,8,5,5,50,14,9,1,5,4,5,13,4,4,1,4,5,2,12,1,32,2,9,5,1,7,8,1,10,2,11,,100,,1,21,121.5536491,24.9808704
113,1,31,17,8,2,10文山區,文山區辛亥路7段(北往南往新店）,0,0,2,2,C03,8,5,5,50,14,9,1,5,4,5,13,4,4,1,4,5,2,12,1,24,3,10,5,1,7,9,1,10,2,12,,44,,1,21,121.5536491,24.9808704
113,1,31,17,8,2,10文山區,文山區辛亥路7段(北往南往新店）,0,0,2,3,H02,8,5,5,50,14,9,1,5,4,5,13,4,4,1,4,5,2,12,2,30,2,9,5,5,7,20,8,20,10,16,,67,,1,21,121.5536491,24.9808704
113,1,31,17,10,2,05中正區,中正區忠孝東路1段與天津街口,0,0,1,1,C03,7,6,5,50,4,1,1,5,4,5,13,1,1,2,4,5,2,12,1,54,2,9,6,4,7,7,1,10,2,13,,100,,1,22,121.5217838,25.04528505
113,1,31,17,10,2,05中正區,中正區忠孝東路1段與天津街口,0,0,1,2,B01,7,6,5,50,4,1,1,5,4,5,13,1,1,2,4,5,2,12,1,63,3,10,7,4,7,9,1,4,2,5,,44,,1,21,121.5217838,25.04528505
113,1,31,17,17,2,05中正區,中正區貴陽街1段(北一女187號燈桿),0,0,1,1,C03,8,5,5,50,14,9,1,5,4,5,13,4,4,9,4,5,2,12,1,63,3,10,6,1,7,8,1,10,2,12,,100,,1,21,121.514312,25.03865674
113,1,31,17,17,2,05中正區,中正區貴陽街1段(北一女187號燈桿),0,0,1,2,C03,8,5,5,50,14,9,1,5,4,5,13,4,4,9,4,5,2,12,2,55,2,9,6,1,7,9,1,10,2,11,,44,,1,21,121.514312,25.03865674
113,1,31,17,40,2,12內湖區,內湖區內湖路1段737巷與內湖路1段737巷50弄口,0,0,1,1,C03,8,6,5,30,4,1,1,5,4,5,13,4,4,5,5,5,2,3,2,55,3,10,5,1,7,9,1,10,9,12,,70,,1,21,121.5789863,25.08046473
113,1,31,17,40,2,12內湖區,內湖區內湖路1段737巷與內湖路1段737巷50弄口,0,0,1,2,H01,8,6,5,30,4,1,1,5,4,5,13,4,4,5,5,5,2,3,2,73,2,8,4,5,8,16,8,20,10,16,,67,,1,21,121.5789863,25.08046473
113,1,31,17,45,2,03中山區,中山區中山北路1段與市民大道1段口,0,0,1,1,,8,5,5,50,4,3,1,5,4,5,13,1,1,1,4,1,2,12,4,0,4,11,3,4,,,,,11,,,119,,2,,121.5207293,25.04827537
113,1,31,17,45,2,03中山區,中山區中山北路1段與市民大道1段口,0,0,1,2,C03,8,5,5,50,4,3,1,5,4,5,13,1,1,1,4,1,2,12,2,51,2,9,6,4,7,9,1,10,1,14,,44,,1,22,121.5207293,25.04827537
113,1,31,18,0,2,03中山區,中山區長安東路1段與長安東路1段30巷口,0,0,1,1,B03,8,5,5,50,4,1,1,5,4,5,13,1,1,5,4,5,2,16,1,72,3,10,7,1,7,11,1,8,1,8,,10,,1,21,121.526337,25.04873881
113,1,31,18,0,2,03中山區,中山區長安東路1段與長安東路1段30巷口,0,0,1,2,C03,8,5,5,50,4,1,1,5,4,5,13,1,1,5,4,5,2,16,1,47,2,8,6,1,7,9,1,10,1,12,,44,,1,21,121.526337,25.04873881
113,1,31,18,16,2,05中正區,中正區重慶南路2段與南海路口口,0,0,2,1,C03,7,5,5,50,4,2,1,5,4,5,13,1,1,1,4,5,2,12,2,46,2,8,6,4,7,4,1,10,1,12,,101,,1,21,121.5141719,25.032105
113,1,31,18,16,2,05中正區,中正區重慶南路2段與南海路口口,0,0,2,2,C03,7,5,5,50,4,2,1,5,4,5,13,1,1,1,4,5,2,12,1,51,2,8,6,1,7,4,1,10,1,14,,44,,1,21,121.5141719,25.032105
113,1,31,18,16,2,05中正區,中正區重慶南路2段與南海路口口,0,0,2,3,B01,7,5,5,50,4,2,1,5,4,5,13,1,1,1,4,5,2,12,1,59,3,10,3,4,7,9,1,2,1,6,,44,,1,21,121.5141719,25.032105
113,1,31,18,17,2,04大安區,信義區信義路4段與光復南路口,0,0,1,1,,8,5,6,50,4,1,1,5,4,5,13,1,1,10,5,5,2,9,4,0,,,,,,,,,,,,119,,2,,121.5576783,25.0330265
113,1,31,18,17,2,04大安區,信義區信義路4段與光復南路口,0,0,1,2,H01,8,5,6,50,4,1,1,5,4,5,13,1,1,10,5,5,2,9,2,48,2,7,4,5,8,16,8,20,10,16,,67,,1,21,121.5576783,25.0330265
113,1,31,18,20,2,09北投區,北投區中央北路4段與自立路口,0,0,1,1,B03,8,5,5,50,4,1,1,5,4,5,13,1,1,5,4,5,2,16,1,18,3,10,3,4,7,5,1,8,2,2,,71,,1,22,121.4654855,25.1259953
113,1,31,18,20,2,09北投區,北投區中央北路4段與自立路口,0,0,1,2,C03,8,5,5,50,4,1,1,5,4,5,13,1,1,5,4,5,2,16,1,27,2,9,3,4,7,9,1,10,2,12,,108,,1,21,121.4654855,25.1259953
113,1,31,18,35,2,02萬華區,萬華區環河南路1段與峨眉街口,0,0,1,1,B03,8,5,5,30,3,1,1,5,4,5,13,4,4,8,3,5,1,17,1,22,3,10,7,1,7,6,1,8,1,5,,74,,1,21,121.501198,25.04458177
113,1,31,18,35,2,02萬華區,萬華區環河南路1段與峨眉街口,0,0,1,2,C03,8,5,5,30,3,1,1,5,4,5,13,4,4,8,3,5,1,17,1,22,2,8,5,1,7,9,1,10,1,14,,44,,1,21,121.501198,25.04458177
113,1,31,18,45,2,03中山區,中山區濱江街與復興北路地下道口往南,0,0,1,1,C03,8,5,5,40,14,9,1,5,4,5,13,4,4,1,4,5,2,13,2,49,2,9,6,4,7,9,1,10,1,11,,108,,1,21,121.5442334,25.0718643
113,1,31,18,45,2,03中山區,中山區濱江街與復興北路地下道口往南,0,0,1,2,B12,8,5,5,40,14,9,1,5,4,5,13,4,4,1,4,5,2,13,1,21,3,10,3,4,7,14,1,8,1,6,,44,,1,21,121.5442334,25.0718643
113,1,31,18,47,2,04大安區,大安區羅斯福路4段與基隆路4段口,0,0,2,1,B03,8,5,5,50,18,9,1,5,4,5,13,2,1,10,5,5,2,12,1,80,3,10,3,4,7,8,1,8,1,1,,44,,1,22,121.5372005,25.0113516
113,1,31,18,47,2,04大安區,大安區羅斯福路4段與基隆路4段口,0,0,2,2,C03,8,5,5,50,18,9,1,5,4,5,13,2,1,10,5,5,2,12,1,38,2,8,3,4,7,5,1,10,1,14,,8,,1,22,121.5372005,25.0113516
113,1,31,18,47,2,04大安區,大安區羅斯福路4段與基隆路4段口,0,0,2,3,H02,8,5,5,50,18,9,1,5,4,5,13,2,1,10,5,5,2,12,2,35,2,9,4,5,7,20,8,20,10,16,,67,,1,22,121.5372005,25.0113516
113,1,31,19,58,2,04大安區,大安區基隆路3段與臥龍街口,0,0,1,1,C03,8,5,5,30,3,2,1,5,4,5,13,4,4,1,4,5,2,17,1,37,3,10,5,1,7,6,1,10,1,17,,72,,1,21,121.548456,25.0205294
113,1,31,19,58,2,04大安區,大安區基隆路3段與臥龍街口,0,0,1,2,C03,8,5,5,30,3,2,1,5,4,5,13,4,4,1,4,5,2,17,1,19,2,9,5,1,7,12,1,10,1,12,,13,,1,21,121.548456,25.0205294
113,1,31,20,9,2,10文山區,文山區興隆路4段與興隆路4段58巷口,0,0,1,1,B03,8,5,5,50,3,1,1,5,4,5,13,1,1,1,4,5,2,16,1,35,3,10,7,1,7,11,1,8,2,1,,10,,1,21,121.5613008,24.9854901
113,1,31,20,9,2,10文山區,文山區興隆路4段與興隆路4段58巷口,0,0,1,2,C03,8,5,5,50,3,1,1,5,4,5,13,1,1,1,4,5,2,16,1,23,2,9,6,1,7,9,1,10,2,14,,44,,1,21,121.5613008,24.9854901
113,1,31,20,9,2,10文山區,文山區興隆路4段與興隆路4段58巷口,0,0,1,3,B03,8,5,5,50,3,1,1,5,4,5,13,1,1,1,4,5,2,16,1,44,3,10,7,1,7,13,1,8,1,3,,44,,1,21,121.5613008,24.9854901
113,1,31,20,14,2,08士林區,士林區天母西路與天母西路13巷口,0,0,1,1,B03,8,5,5,50,3,1,1,5,4,5,13,2,1,5,5,5,2,16,2,49,3,10,3,4,7,5,1,8,1,4,,8,,1,22,121.5284504,25.11840681
113,1,31,20,14,2,08士林區,士林區天母西路與天母西路13巷口,0,0,1,2,C02,8,5,5,50,3,1,1,5,4,5,13,2,1,5,5,5,2,16,1,51,2,8,3,4,7,9,1,9,1,12,,44,,1,22,121.5284504,25.11840681
113,1,31,20,22,2,08士林區,士林區延平北路6段與中正路口,0,0,1,2,C03,7,5,5,50,4,1,1,5,4,5,13,1,1,1,4,5,2,17,2,34,2,8,6,1,7,9,1,10,2,12,,44,,1,22,121.5093191,25.0868557
113,1,31,20,22,2,08士林區,士林區延平北路6段與中正路口,0,0,1,1,C03,7,5,5,50,4,1,1,5,4,5,13,1,1,1,4,5,2,17,2,17,3,10,5,1,7,5,3,18,11,17,,8,,2,22,121.5093191,25.0868557
113,1,31,20,55,2,04大安區,大安區忠孝東路4段295號,0,0,1,1,B03,8,5,5,50,14,9,1,5,4,5,13,4,4,10,5,5,2,13,1,58,3,10,3,4,7,9,6,8,1,1,,44,,1,22,121.5548975,25.0414583
113,1,31,20,55,2,04大安區,大安區忠孝東路4段295號,0,0,1,2,C03,8,5,5,50,14,9,1,5,4,5,13,4,4,10,5,5,2,13,1,36,2,8,3,4,7,9,1,10,1,13,,44,,1,22,121.5548975,25.0414583
113,1,31,22,12,2,03中山區,中山區市民大道2段與天津街口,0,0,1,1,C03,7,5,5,50,4,1,1,5,4,5,13,2,1,5,5,5,2,16,1,19,3,10,6,1,7,9,1,10,2,11,,44,,1,21,121.5223836,25.0480169
113,1,31,22,12,2,03中山區,中山區市民大道2段與天津街口,0,0,1,2,C03,7,5,5,50,4,1,1,5,4,5,13,2,1,5,5,5,2,16,1,37,2,9,6,1,7,5,1,10,2,13,,71,,1,21,121.5223836,25.0480169
113,1,31,22,15,2,07信義區,信義區忠孝東路5段431號,0,0,3,1,C03,7,5,8,50,22,22,1,5,4,5,13,1,1,1,4,5,2,17,1,25,2,9,6,1,7,9,1,10,2,11,,16,,1,22,121.5756611,25.0409048
113,1,31,22,15,2,07信義區,信義區忠孝東路5段431號,0,0,3,2,C03,7,5,8,50,22,22,1,5,4,5,13,1,1,1,4,5,2,17,2,43,2,9,6,1,7,9,1,10,2,14,,44,,1,22,121.5756611,25.0409048
113,1,31,22,15,2,07信義區,信義區忠孝東路5段431號,0,0,3,3,C03,7,5,8,50,22,22,1,5,4,5,13,1,1,1,4,5,2,17,2,22,3,10,6,1,7,9,1,10,2,13,,44,,1,22,121.5756611,25.0409048
113,1,31,22,15,2,07信義區,信義區忠孝東路5段431號,0,0,3,4,A04,7,5,8,50,22,22,1,5,4,5,13,1,1,1,4,5,2,17,1,50,3,10,7,1,7,1,1,2,9,17,,19,,2,22,121.5756611,25.0409048
113,1,31,22,15,2,07信義區,信義區忠孝東路5段431號,0,0,3,5,H02,7,5,8,50,22,22,1,5,4,5,13,1,1,1,4,5,2,17,2,28,2,7,6,5,7,19,8,20,10,16,,67,,1,22,121.5756611,25.0409048
113,1,31,22,38,2,06松山區,松山區八德路4段339號,0,0,1,1,C03,7,5,5,50,14,9,1,5,4,5,13,4,4,5,4,5,2,17,2,68,3,10,6,1,7,15,1,10,2,11,,108,,1,21,121.5675429,25.0492675
113,1,31,22,38,2,06松山區,松山區八德路4段339號,0,0,1,2,C03,7,5,5,50,14,9,1,5,4,5,13,4,4,5,4,5,2,17,1,29,2,9,5,1,7,13,1,10,2,13,,44,,1,21,121.5675429,25.0492675
113,1,31,23,55,2,06松山區,松山區敦化北路與八德路2段口,0,0,1,1,C03,8,5,5,50,4,1,1,5,4,5,13,1,1,1,4,1,1,15,1,26,2,9,5,1,7,9,1,10,2,13,,81,,1,21,121.5486852,25.0481622
113,1,31,23,55,2,06松山區,松山區敦化北路與八德路2段口,0,0,1,2,B03,8,5,5,50,4,1,1,5,4,5,13,1,1,1,4,1,1,15,2,47,3,10,7,1,7,9,1,8,2,1,,44,,1,21,121.5486852,25.0481622
113,2,1,6,20,2,09北投區,北投區福美路199號,0,0,1,1,A02,8,5,5,30,14,9,1,5,4,5,13,4,4,5,5,5,2,9,1,55,3,10,3,4,7,1,1,2,9,15,,44,,1,22,121.505605,25.1004345
113,2,1,6,20,2,09北投區,北投區福美路199號,0,0,1,2,H02,8,5,5,30,14,9,1,5,4,5,13,4,4,5,5,5,2,9,2,53,2,9,3,5,7,21,8,20,10,16,,60,,1,22,121.505605,25.1004345
113,2,1,7,15,2,05中正區,中正區市民大道2段近金山北路西向東P168柱子,0,0,3,1,C03,8,6,5,40,14,9,1,5,4,5,13,4,4,1,4,5,2,12,2,43,2,9,6,1,7,9,1,10,2,12,,108,,1,21,121.5294911,25.0462649
113,2,1,7,15,2,05中正區,中正區市民大道2段近金山北路西向東P168柱子,0,0,3,2,C03,8,6,5,40,14,9,1,5,4,5,13,4,4,1,4,5,2,12,1,33,2,9,6,1,7,9,1,9,2,11,,44,,1,21,121.5294911,25.0462649
113,2,1,7,15,2,05中正區,中正區市民大道2段近金山北路西向東P168柱子,0,0,3,3,F01,8,6,5,40,14,9,1,5,4,5,13,4,4,1,4,5,2,12,1,62,2,9,4,1,7,9,8,20,2,14,,44,,1,21,121.5294911,25.0462649
113,2,1,7,19,2,05中正區,中正區汀州路1段116號,0,0,2,1,C03,8,6,5,50,14,9,1,5,4,5,13,4,4,9,4,5,2,13,2,44,2,9,6,1,7,9,1,10,2,11,,16,,1,21,121.5111876,25.02693617
113,2,1,7,19,2,05中正區,中正區汀州路1段116號,0,0,2,2,C03,8,6,5,50,14,9,1,5,4,5,13,4,4,9,4,5,2,13,1,43,2,8,5,1,7,9,1,10,2,13,,44,,1,21,121.5111876,25.02693617
113,2,1,7,19,2,05中正區,中正區汀州路1段116號,0,0,2,3,H02,8,6,5,50,14,9,1,5,4,5,13,4,4,9,4,5,2,13,2,26,4,11,6,5,7,20,8,20,10,16,,67,,1,21,121.5111876,25.02693617
113,2,1,7,25,2,05中正區,中正區和平西路2段與寧波西街口,0,0,1,1,A02,8,7,5,50,4,1,1,5,4,5,13,1,1,1,4,5,2,9,1,62,3,10,7,4,7,15,1,2,1,17,,42,,1,21,121.5119422,25.0290247
113,2,1,7,25,2,05中正區,中正區和平西路2段與寧波西街口,0,0,1,2,H02,8,7,5,50,4,1,1,5,4,5,13,1,1,1,4,5,2,9,2,74,2,9,3,5,7,20,8,20,10,16,,67,,1,21,121.5119422,25.0290247
113,2,1,7,35,2,05中正區,中正區市民高架道往東第30號燈桿,0,0,1,1,C02,8,6,5,60,8,9,1,5,4,5,13,4,4,9,4,5,2,13,1,34,2,9,6,4,7,7,1,9,2,11,,107,,1,22,121.5145528,25.04918867
113,2,1,7,35,2,05中正區,中正區市民高架道往東第30號燈桿,0,0,1,2,B12,8,6,5,60,8,9,1,5,4,5,13,4,4,9,4,5,2,13,1,61,3,10,7,4,7,9,1,8,2,7,,44,,1,22,121.5145528,25.04918867
113,2,1,7,37,2,05中正區,中正區寧波西街48號,0,0,2,1,C03,8,6,5,50,14,9,1,5,4,5,13,4,4,10,4,5,2,17,1,33,2,9,5,1,7,9,1,10,2,11,,108,,1,21,121.5178031,25.0308836
113,2,1,7,37,2,05中正區,中正區寧波西街48號,0,0,2,2,F01,8,6,5,50,14,9,1,5,4,5,13,4,4,10,4,5,2,17,2,80,2,9,4,1,7,7,8,20,2,13,,100,,1,21,121.5178031,25.0308836
113,2,1,7,52,2,04大安區,大安區新生南路2段與金華街口,0,0,3,1,B03,8,6,5,50,3,1,1,5,4,5,13,1,1,1,4,5,2,16,2,48,3,10,3,4,7,5,1,8,2,2,,85,,1,21,121.5335143,25.0306065
113,2,1,7,52,2,04大安區,大安區新生南路2段與金華街口,0,0,3,2,C03,8,6,5,50,3,1,1,5,4,5,13,1,1,1,4,5,2,16,2,60,2,9,3,4,7,9,1,10,2,11,,44,,1,21,121.5335143,25.0306065
113,2,1,7,52,2,04大安區,大安區新生南路2段與金華街口,0,0,3,3,H02,8,6,5,50,3,1,1,5,4,5,13,1,1,1,4,5,2,16,1,19,2,9,3,5,7,20,8,20,10,17,,67,,1,21,121.5335143,25.0306065
113,2,1,7,52,2,04大安區,大安區新生南路2段與金華街口,0,0,3,4,H02,8,6,5,50,3,1,1,5,4,5,13,1,1,1,4,5,2,16,1,22,2,9,3,5,7,20,8,20,10,17,,67,,1,21,121.5335143,25.0306065
113,2,1,7,56,2,05中正區,中正區羅斯福路1段與南海路口口,0,0,2,1,C03,8,6,5,30,5,1,1,5,4,5,13,1,1,10,4,5,1,17,1,40,2,8,6,1,7,5,1,10,1,14,,8,,1,21,121.5181551,25.03290953
113,2,1,7,56,2,05中正區,中正區羅斯福路1段與南海路口口,0,0,2,2,C03,8,6,5,30,5,1,1,5,4,5,13,1,1,10,4,5,1,17,1,43,2,8,6,1,7,9,1,10,1,11,,44,,1,21,121.5181551,25.03290953
113,2,1,8,20,2,05中正區,中正區市民大道1段台北車站北一門前,0,0,2,1,C03,8,6,5,40,14,9,1,5,4,5,13,4,4,1,4,5,2,17,2,55,2,9,6,1,7,12,1,10,2,11,,16,,1,21,121.5183417,25.0483898
113,2,1,8,20,2,05中正區,中正區市民大道1段台北車站北一門前,0,0,2,2,C03,8,6,5,40,14,9,1,5,4,5,13,4,4,1,4,5,2,17,1,55,2,9,6,1,7,12,1,10,2,13,,16,,1,21,121.5183417,25.0483898
113,2,1,8,20,2,05中正區,中正區市民大道1段台北車站北一門前,0,0,2,3,,8,6,5,40,14,9,1,5,4,5,13,4,4,1,4,5,2,17,4,0,,,,,,,,,11,,,119,,2,,121.5183417,25.0483898
113,2,1,8,24,2,05中正區,中正區林森南路與徐州路口,0,0,1,1,B12,8,6,5,50,4,1,1,5,4,5,13,1,1,5,4,5,2,16,2,63,3,10,7,1,7,5,1,8,2,4,,44,,1,21,121.5222463,25.0411323
113,2,1,8,24,2,05中正區,中正區林森南路與徐州路口,0,0,1,2,C03,8,6,5,50,4,1,1,5,4,5,13,1,1,5,4,5,2,16,1,21,2,8,6,1,7,9,1,10,2,11,,44,,1,21,121.5222463,25.0411323
113,2,1,8,38,2,02萬華區,萬華區南寧路與廣州街口,0,0,1,1,C03,8,7,5,50,4,2,1,5,4,5,13,1,1,5,4,5,1,17,1,48,2,9,6,1,7,6,3,18,2,11,,9,,1,22,121.5049309,25.0364535