發生年度,發生月,發生日,發生時-Hours,發生分,處理別-編號,區序,肇事地點,死亡人數,2-30日死亡人數,受傷人數,當事人序號,車種,天候,道路照明設備,道路類別,速限-速度限制,道路型態,事故位置,路面狀況1,路面狀況2,路面狀況3,道路障礙1,道路障礙2,號誌1,號誌2,車道劃分-分向,車道劃分-分道1,車道劃分-分道2,車道劃分-分道3,事故類型及型態,性別,年齡,受傷程度,主要傷處,保護裝置,行動電話,車輛用途,當事者行動狀態,駕駛資格情形,駕駛執照種類,飲酒情形,車輛撞擊部位1,車輛撞擊部位2,肇因碼-個別,肇因碼-主要,個人肇逃否,職業,座標-X,座標-Y
113,2,1,8,38,2,02萬華區,萬華區南寧路與廣州街口,0,0,1,2,B03,8,7,5,50,4,2,1,5,4,5,13,1,1,5,4,5,1,17,2,45,3,10,7,1,7,6,1,8,2,2,,9,,1,22,121.5049309,25.0364535
113,2,1,8,45,2,05中正區,中正區市民大道2段與天津街口,0,0,1,1,C03,8,7,5,40,4,2,1,5,4,5,13,1,1,1,4,1,2,13,1,51,2,9,6,1,7,9,1,10,1,11,,16,,1,21,121.5223534,25.04780403
113,2,1,8,45,2,05中正區,中正區市民大道2段與天津街口,0,0,1,2,C03,8,7,5,40,4,2,1,5,4,5,13,1,1,1,4,1,2,13,2,42,3,10,6,1,7,15,1,10,1,13,,44,,1,21,121.5223534,25.04780403
113,2,1,9,33,2,12內湖區,內湖區瑞光路28號,0,0,1,1,B03,8,7,5,50,14,9,1,5,4,5,13,1,1,4,3,5,1,16,1,45,3,10,7,1,7,6,1,8,1,2,,9,,1,21,121.5830597,25.07003375
113,2,1,9,33,2,12內湖區,內湖區瑞光路28號,0,0,1,2,C03,8,7,5,50,14,9,1,5,4,5,13,1,1,4,3,5,1,16,1,29,2,9,6,1,7,9,1,10,1,11,,44,,1,21,121.5830597,25.07003375
113,2,1,9,45,2,01大同區,大同區迪化街2段146巷與迪化街2段194巷口,0,0,1,1,C03,8,6,5,30,4,1,1,5,4,5,13,4,4,1,5,5,2,15,2,18,3,10,5,4,7,9,1,10,2,11,,72,,1,21,121.5098396,25.0681423
113,2,1,9,45,2,01大同區,大同區迪化街2段146巷與迪化街2段194巷口,0,0,1,2,C03,8,6,5,30,4,1,1,5,4,5,13,4,4,1,5,5,2,15,1,71,2,9,5,4,7,9,1,10,2,12,,44,,1,21,121.5098396,25.0681423
113,2,1,9,58,2,04大安區,大安區辛亥路3段往西方向(二殯對面),0,0,2,1,C03,8,7,5,50,14,9,1,5,4,5,13,2,1,8,3,5,1,12,1,65,3,10,5,1,7,15,1,10,1,14,,100,,1,26,121.5524326,25.01488245
113,2,1,9,58,2,04大安區,大安區辛亥路3段往西方向(二殯對面),0,0,2,2,C03,8,7,5,50,14,9,1,5,4,5,13,2,1,8,3,5,1,12,2,47,2,8,5,1,7,9,1,10,1,12,,44,,1,21,121.5524326,25.01488245
113,2,1,9,58,2,04大安區,大安區辛亥路3段往西方向(二殯對面),0,0,2,3,C03,8,7,5,50,14,9,1,5,4,5,13,2,1,8,3,5,1,12,2,27,2,7,5,1,7,12,1,10,1,11,,16,,1,21,121.5524326,25.01488245
113,2,1,10,6,2,01大同區,大同區承德路3段196號,0,0,3,1,C03,8,6,5,50,14,9,1,5,4,5,13,4,4,1,4,5,2,17,2,48,2,9,5,1,7,9,1,10,1,14,,17,,1,21,121.5183206,25.0698905
113,2,1,10,6,2,01大同區,大同區承德路3段196號,0,0,3,2,C03,8,6,5,50,14,9,1,5,4,5,13,4,4,1,4,5,2,17,1,27,3,10,5,1,7,9,1,9,1,12,,108,,1,21,121.5183206,25.0698905
113,2,1,10,6,2,01大同區,大同區承德路3段196號,0,0,3,3,C03,8,6,5,50,14,9,1,5,4,5,13,4,4,1,4,5,2,17,1,30,2,8,5,1,7,15,1,10,1,11,,108,,1,21,121.5183206,25.0698905
113,2,1,10,6,2,01大同區,大同區承德路3段196號,0,0,3,4,H02,8,6,5,50,14,9,1,5,4,5,13,4,4,1,4,5,2,17,2,28,2,8,4,5,7,20,8,20,10,16,,67,,1,21,121.5183206,25.0698905
113,2,1,10,33,2,06松山區,松山區民權東路4段與光復北路口,0,0,1,1,B01,8,6,5,50,4,2,1,5,4,5,13,1,1,1,3,4,2,16,1,68,3,10,3,4,7,8,1,4,1,6,,100,,1,21,121.5542675,25.0617835
113,2,1,10,33,2,06松山區,松山區民權東路4段與光復北路口,0,0,1,2,C03,8,6,5,50,4,2,1,5,4,5,13,1,1,1,3,4,2,16,1,24,2,9,6,1,7,9,1,10,1,11,,108,,1,21,121.5542675,25.0617835
113,2,1,10,37,2,05中正區,中正區汀州路1段與寧波西街口,0,0,1,1,B12,8,6,5,30,4,2,1,5,4,5,13,1,1,10,5,5,2,13,1,32,3,10,7,1,7,9,1,8,11,1,,108,,1,21,121.5108284,25.0268746
113,2,1,10,37,2,05中正區,中正區汀州路1段與寧波西街口,0,0,1,2,C03,8,6,5,30,4,2,1,5,4,5,13,1,1,10,5,5,2,13,1,83,2,7,5,1,7,14,1,10,11,13,,44,,1,21,121.5108284,25.0268746
113,2,1,10,37,2,05中正區,中正區汀州路1段與寧波西街口,0,0,1,3,H02,8,6,5,30,4,2,1,5,4,5,13,1,1,10,5,5,2,13,2,75,4,11,5,5,7,20,8,20,10,16,,67,,1,21,121.5108284,25.0268746
113,2,1,10,53,2,04大安區,大安區敦化南路1段270巷與仁愛路4段71巷口,0,0,1,1,C03,8,6,5,30,4,2,1,5,4,5,13,4,4,10,4,5,2,15,2,52,2,9,5,1,7,9,1,21,11,11,,14,,1,21,121.5471333,25.0389703
113,2,1,10,53,2,04大安區,大安區敦化南路1段270巷與仁愛路4段71巷口,0,0,1,2,B03,8,6,5,30,4,2,1,5,4,5,13,4,4,10,4,5,2,15,2,42,3,10,7,1,7,9,1,8,1,2,,44,,1,21,121.5471333,25.0389703
113,2,1,11,16,2,08士林區,士林區中山北路5段R1853燈桿,0,0,1,1,C03,8,6,5,50,22,20,4,5,4,3,13,4,4,10,5,5,2,17,1,77,2,7,5,1,7,9,1,10,2,12,,108,,1,21,121.5253391,25.0839186
113,2,1,11,16,2,08士林區,士林區中山北路5段R1853燈桿,0,0,1,2,C03,8,6,5,50,22,20,4,5,4,3,13,4,4,10,5,5,2,17,1,30,3,10,3,4,7,13,1,10,11,14,,44,,1,21,121.5253391,25.0839186
113,2,1,11,16,2,08士林區,士林區中山北路5段R1853燈桿,0,0,1,3,F01,8,6,5,50,22,20,4,5,4,3,13,4,4,10,5,5,2,17,3,0,,,,,,,,,,,,67,,1,,121.5253391,25.0839186
113,2,1,11,19,2,07信義區,信義區永吉路與松隆路口,0,0,1,1,A05,8,6,5,50,5,2,1,5,4,5,13,1,1,3,3,5,2,16,1,66,3,10,3,4,7,6,1,2,1,5,,9,,1,21,121.5700735,25.0455624
113,2,1,11,19,2,07信義區,信義區永吉路與松隆路口,0,0,1,2,C03,8,6,5,50,5,2,1,5,4,5,13,1,1,3,3,5,2,16,1,33,2,9,6,4,7,9,1,10,1,11,,44,,1,21,121.5700735,25.0455624
113,2,1,11,46,2,06松山區,松山區復興北路233號,0,0,1,1,C03,8,7,5,50,14,9,1,5,4,5,13,4,4,1,4,1,2,13,1,61,2,9,5,1,7,9,1,10,1,14,,108,,1,26,121.5442443,25.0573131
113,2,1,11,46,2,06松山區,松山區復興北路233號,0,0,1,2,B13,8,7,5,50,14,9,1,5,4,5,13,4,4,1,4,1,2,13,1,53,3,10,7,1,7,9,1,8,9,17,,44,,1,26,121.5442443,25.0573131
113,2,1,11,52,2,04大安區,大安區市民大道3段與復興南路1段口,0,0,2,1,C03,8,7,5,40,14,9,1,5,4,5,13,2,1,1,4,5,2,12,1,56,2,9,3,4,7,9,1,10,2,14,,118,,1,21,121.5435565,25.0447184
113,2,1,11,52,2,04大安區,大安區市民大道3段與復興南路1段口,0,0,2,2,C03,8,7,5,40,14,9,1,5,4,5,13,2,1,1,4,5,2,12,2,52,2,9,3,4,7,12,1,10,2,13,,118,,1,21,121.5435565,25.0447184
113,2,1,11,53,2,02萬華區,萬華區東園街58號,0,0,1,1,C03,8,6,5,50,14,9,1,5,4,5,13,4,4,8,3,5,1,16,2,54,3,10,3,4,7,5,3,18,1,11,,8,,1,21,121.4963173,25.0260448
113,2,1,11,53,2,02萬華區,萬華區東園街58號,0,0,1,2,C03,8,6,5,50,14,9,1,5,4,5,13,4,4,8,3,5,1,16,2,42,2,7,3,4,7,10,1,10,1,15,,44,,1,21,121.4963173,25.0260448
113,2,1,12,4,2,08士林區,士林區延平北路8段2巷200弄百齡左岸堤防便道,0,0,1,1,B03,8,6,5,30,4,1,1,5,4,5,13,4,4,5,5,5,1,17,1,63,3,10,7,1,7,5,1,14,1,8,,72,,1,21,121.4935503,25.11121036
113,2,1,12,4,2,08士林區,士林區延平北路8段2巷200弄百齡左岸堤防便道,0,0,1,2,C03,8,6,5,30,4,1,1,5,4,5,13,4,4,5,5,5,1,17,1,66,2,9,5,1,7,9,1,10,1,11,,14,,1,21,121.4935503,25.11121036
113,2,1,12,6,2,02萬華區,萬華區環河快速道路(往北),0,0,1,1,C02,8,7,5,70,10,7,1,5,4,5,13,4,4,2,4,5,2,13,1,39,2,8,6,1,7,9,1,9,1,11,,16,,1,21,121.5054645,25.04875705
113,2,1,12,6,2,02萬華區,萬華區環河快速道路(往北),0,0,1,2,B03,8,7,5,70,10,7,1,5,4,5,13,4,4,2,4,5,2,13,1,65,3,10,7,1,7,12,1,8,1,3,,44,,1,21,121.5054645,25.04875705
113,2,1,12,6,2,02萬華區,萬華區環河快速道路(往北),0,0,1,3,A12,8,7,5,70,10,7,1,5,4,5,13,4,4,2,4,5,2,13,1,22,3,10,7,1,7,12,1,6,11,17,,44,,1,21,121.5054645,25.04875705
113,2,1,12,7,2,03中山區,中山區濱江街與復興北路地下道口,0,0,1,1,B03,8,7,5,50,4,1,1,5,4,5,13,1,1,1,4,5,2,16,1,45,3,10,7,1,7,6,1,8,2,5,,9,,1,21,121.5441869,25.07213555
113,2,1,12,7,2,03中山區,中山區濱江街與復興北路地下道口,0,0,1,2,C03,8,7,5,50,4,1,1,5,4,5,13,1,1,1,4,5,2,16,1,18,2,8,6,1,7,9,1,10,2,14,,44,,1,21,121.5441869,25.07213555
113,2,1,12,20,2,12內湖區,內湖區行善路與行愛路口,0,0,1,1,B03,8,6,5,50,4,1,1,5,4,5,13,1,1,1,3,5,1,16,1,64,3,10,7,1,7,5,1,8,1,8,,71,,1,21,121.5826703,25.0606306
113,2,1,12,20,2,12內湖區,內湖區行善路與行愛路口,0,0,1,2,C03,8,6,5,50,4,1,1,5,4,5,13,1,1,1,3,5,1,16,1,28,2,8,6,1,7,9,1,10,1,14,,44,,1,21,121.5826703,25.0606306
113,2,1,12,35,2,03中山區,中山區林森北路383巷與林森北路口,0,0,1,1,C03,8,5,5,50,4,1,1,5,4,5,13,4,4,5,5,5,2,12,1,27,2,8,6,1,7,9,1,10,1,12,,107,,1,22,121.5257,25.0584975
113,2,1,12,35,2,03中山區,中山區林森北路383巷與林森北路口,0,0,1,2,B01,8,5,5,50,4,1,1,5,4,5,13,4,4,5,5,5,2,12,1,57,3,10,3,4,7,9,1,4,1,4,,108,,1,22,121.5257,25.0584975
113,2,1,12,41,2,05中正區,中正區汀州路1段與西藏路口,0,0,1,1,B01,8,6,5,50,4,1,1,5,4,5,13,1,1,3,4,5,2,17,1,67,3,10,7,1,7,11,1,4,1,5,,10,,1,21,121.5073661,25.0305786
113,2,1,12,41,2,05中正區,中正區汀州路1段與西藏路口,0,0,1,2,C03,8,6,5,50,4,1,1,5,4,5,13,1,1,3,4,5,2,17,2,27,2,9,5,1,7,9,1,10,1,14,,44,,1,21,121.5073661,25.0305786
113,2,1,12,53,2,04大安區,大安區龍泉街與雲和街口口,0,0,1,1,B01,8,7,5,30,4,1,1,5,4,5,13,4,4,10,5,5,1,15,1,53,3,10,7,1,7,9,1,14,1,5,,72,,1,21,121.5293565,25.0234971
113,2,1,12,53,2,04大安區,大安區龍泉街與雲和街口口,0,0,1,2,C03,8,7,5,30,4,1,1,5,4,5,13,4,4,10,5,5,1,15,1,37,2,9,6,1,7,9,1,10,1,11,,14,,1,21,121.5293565,25.0234971
113,2,1,13,9,2,05中正區,中正區重慶南路1段與凱達格蘭大道口,0,0,1,1,C03,8,6,5,50,3,1,1,5,4,5,13,1,1,10,5,5,2,13,1,42,2,8,6,4,7,9,1,10,2,11,,108,,1,22,121.5128897,25.03969475
113,2,1,13,9,2,05中正區,中正區重慶南路1段與凱達格蘭大道口,0,0,1,2,B03,8,6,5,50,3,1,1,5,4,5,13,1,1,10,5,5,2,13,1,47,3,10,7,4,7,9,1,8,2,6,,44,,1,22,121.5128897,25.03969475
113,2,1,13,47,2,03中山區,中山區長春路11號,0,0,1,2,C03,8,6,5,40,14,8,1,5,4,5,13,4,4,9,4,4,2,3,1,20,3,10,5,1,7,9,1,10,1,11,,44,,1,21,121.5236127,25.05501497
113,2,1,13,47,2,03中山區,中山區長春路11號,0,0,1,1,H01,8,6,5,40,14,8,1,5,4,5,13,4,4,9,4,4,2,3,2,60,2,9,4,5,8,16,8,20,10,16,,123,,1,21,121.5236127,25.05501497
113,2,1,13,52,2,12內湖區,內湖區成功路3段與成功路3段76巷口,0,0,1,1,C03,8,5,5,50,3,1,1,5,4,5,13,4,4,1,4,5,2,16,1,40,3,10,5,1,7,6,1,10,1,12,,9,,1,21,121.589629,25.07826633
113,2,1,13,52,2,12內湖區,內湖區成功路3段與成功路3段76巷口,0,0,1,2,C03,8,5,5,50,3,1,1,5,4,5,13,4,4,1,4,5,2,16,1,28,2,8,5,1,7,9,1,9,1,11,,44,,1,21,121.589629,25.07826633
113,2,1,14,1,2,12內湖區,內湖區民權東路6段與民權東路6段19巷口,0,0,1,1,B03,8,5,5,50,14,7,1,5,4,5,13,1,1,9,4,4,2,13,1,60,3,10,7,1,7,9,1,8,1,1,,16,,1,21,121.5816031,25.06806727
113,2,1,14,1,2,12內湖區,內湖區民權東路6段與民權東路6段19巷口,0,0,1,2,B03,8,5,5,50,14,7,1,5,4,5,13,1,1,9,4,4,2,13,1,36,3,10,7,1,7,9,1,8,1,3,,44,,1,21,121.5816031,25.06806727
113,2,1,14,1,2,12內湖區,內湖區民權東路6段與民權東路6段19巷口,0,0,1,3,B03,8,5,5,50,14,7,1,5,4,5,13,1,1,9,4,4,2,13,1,55,3,10,7,1,7,9,1,8,1,3,,44,,1,21,121.5816031,25.06806727
113,2,1,14,1,2,12內湖區,內湖區民權東路6段與民權東路6段19巷口,0,0,1,4,B12,8,5,5,50,14,7,1,5,4,5,13,1,1,9,4,4,2,13,1,33,3,10,7,1,7,9,1,8,1,1,,17,,1,21,121.5816031,25.06806727
113,2,1,14,1,2,12內湖區,內湖區民權東路6段與民權東路6段19巷口,0,0,1,5,H02,8,5,5,50,14,7,1,5,4,5,13,1,1,9,4,4,2,13,2,53,2,8,7,5,7,20,8,20,10,17,,67,,1,21,121.5816031,25.06806727
113,2,1,14,4,2,12內湖區,內湖區安美街與潭美街口善德堂,0,0,1,1,B01,8,5,5,50,4,1,1,5,4,5,13,2,1,7,4,5,2,16,1,57,3,10,7,1,7,6,1,8,9,2,,9,,1,21,121.5967437,25.06054811
113,2,1,14,4,2,12內湖區,內湖區安美街與潭美街口善德堂,0,0,1,2,C03,8,5,5,50,4,1,1,5,4,5,13,2,1,7,4,5,2,16,1,59,2,3,6,1,7,9,1,10,9,11,,44,,1,21,121.5967437,25.06054811
113,2,1,14,5,2,12內湖區,內湖區內湖路1段與港墘路口,0,0,1,1,C03,8,7,5,50,4,2,1,5,4,5,13,1,1,1,4,5,2,13,1,34,2,8,5,1,7,9,1,10,1,11,,16,,1,21,121.5765983,25.0794395
113,2,1,14,5,2,12內湖區,內湖區內湖路1段與港墘路口,0,0,1,2,B01,8,7,5,50,4,2,1,5,4,5,13,1,1,1,4,5,2,13,1,55,3,10,7,1,7,9,1,4,1,3,,44,,1,21,121.5765983,25.0794395
113,2,1,14,17,2,05中正區,中正區金門街與金門街24巷口,0,0,1,1,B03,8,6,5,30,4,1,1,5,4,5,13,4,4,10,5,5,2,15,1,25,2,9,7,1,7,9,1,8,1,1,,14,,1,21,121.5230929,25.0214985
113,2,1,14,17,2,05中正區,中正區金門街與金門街24巷口,0,0,1,2,B03,8,6,5,30,4,1,1,5,4,5,13,4,4,10,5,5,2,15,1,69,3,10,7,1,7,9,1,8,1,2,,14,,1,21,121.5230929,25.0214985
113,2,1,14,17,2,05中正區,中正區金門街與金門街24巷口,0,0,1,3,B12,8,6,5,30,4,1,1,5,4,5,13,4,4,10,5,5,2,15,1,50,3,10,7,1,7,13,1,8,1,3,,44,,1,21,121.5230929,25.0214985
113,2,1,14,25,2,08士林區,士林區承德路5段與士商路口,0,0,1,1,B03,8,6,5,50,4,18,1,5,4,5,13,1,1,3,4,4,2,3,1,46,3,10,7,1,7,5,1,8,2,8,,70,,1,22,121.5140796,25.0966595
113,2,1,14,25,2,08士林區,士林區承德路5段與士商路口,0,0,1,2,H01,8,6,5,50,4,18,1,5,4,5,13,1,1,3,4,4,2,3,1,31,2,8,4,5,8,16,8,20,10,16,,67,,1,22,121.5140796,25.0966595
113,2,1,14,50,2,10文山區,文山區新光路2段捷運動物園公車站,0,0,1,1,A02,8,5,5,50,14,10,1,5,4,5,13,4,4,1,4,5,1,9,1,48,3,10,7,1,7,14,1,2,1,2,,40,,1,21,121.580154,24.99870395
113,2,1,14,50,2,10文山區,文山區新光路2段捷運動物園公車站,0,0,1,2,H02,8,5,5,50,14,10,1,5,4,5,13,4,4,1,4,5,1,9,1,51,2,8,4,5,7,19,8,20,10,16,,56,,1,21,121.580154,24.99870395
113,2,1,15,8,2,02萬華區,萬華區環河南路1段與漢口街2段口,0,0,1,1,B03,8,6,5,50,3,1,1,5,4,5,13,3,1,9,4,5,2,17,2,30,3,10,3,4,7,5,1,8,1,2,,71,,1,22,121.5041091,25.046757
113,2,1,15,8,2,02萬華區,萬華區環河南路1段與漢口街2段口,0,0,1,2,C03,8,6,5,50,3,1,1,5,4,5,13,3,1,9,4,5,2,17,1,51,2,9,6,1,7,9,1,10,1,11,,42,,1,22,121.5041091,25.046757
113,2,1,15,26,2,01大同區,大同區鄭州路145號,0,0,1,1,C03,7,5,5,40,14,9,1,5,4,5,13,4,4,9,4,5,1,13,1,69,3,10,5,1,7,7,1,10,11,15,,100,,2,22,121.5086767,25.0505439
113,2,1,15,26,2,01大同區,大同區鄭州路145號,0,0,1,2,B03,7,5,5,40,14,9,1,5,4,5,13,4,4,9,4,5,1,13,1,56,3,10,3,4,7,9,1,8,1,7,,44,,1,21,121.5086767,25.0505439
113,2,1,15,26,2,01大同區,大同區鄭州路145號,0,0,1,3,C03,7,5,5,40,14,9,1,5,4,5,13,4,4,9,4,5,1,13,1,38,2,8,3,4,7,9,1,9,1,11,,16,,1,21,121.5086767,25.0505439
113,2,1,15,28,2,07信義區,信義區松壽路1號,0,0,1,1,B02,8,6,5,50,14,9,1,5,4,5,13,4,4,8,3,5,2,17,4,0,,,,,7,,7,,11,,,119,,2,,121.5631551,25.0359172
113,2,1,15,28,2,07信義區,信義區松壽路1號,0,0,1,2,A02,8,6,5,50,14,9,1,5,4,5,13,4,4,8,3,5,2,17,1,56,3,10,3,4,7,15,1,2,11,17,,44,,1,21,121.5631551,25.0359172
113,2,1,15,28,2,07信義區,信義區松壽路1號,0,0,1,3,H02,8,6,5,50,14,9,1,5,4,5,13,4,4,8,3,5,2,17,2,32,2,9,4,5,7,17,8,20,10,16,,67,,1,22,121.5631551,25.0359172
113,2,1,16,1,2,04大安區,大安區新生南路1段與新生南路1段161巷口,0,0,1,1,B03,8,6,5,30,3,1,1,5,4,5,13,4,4,1,4,5,2,17,2,59,3,10,3,4,7,6,1,8,1,17,,72,,1,21,121.5328659,25.034707
113,2,1,16,1,2,04大安區,大安區新生南路1段與新生南路1段161巷口,0,0,1,2,C03,8,6,5,30,3,1,1,5,4,5,13,4,4,1,4,5,2,17,1,20,2,9,3,4,7,9,1,10,1,17,,14,,1,21,121.5328659,25.034707
113,2,1,16,16,2,02萬華區,萬華區環河南路1段與漢口街2段口,0,0,1,1,B02,8,5,5,50,3,1,1,5,4,5,13,4,4,5,4,5,2,16,1,49,3,10,7,4,7,5,1,8,1,1,,74,,1,21,121.5036859,25.04650199
113,2,1,16,16,2,02萬華區,萬華區環河南路1段與漢口街2段口,0,0,1,2,C02,8,5,5,50,3,1,1,5,4,5,13,4,4,5,4,5,2,16,1,58,2,8,5,1,7,9,1,9,1,14,,44,,1,21,121.5036859,25.04650199
113,2,1,16,19,2,06松山區,松山區市民大道4段與復興南路1段口,0,0,1,1,B03,8,5,5,50,4,1,1,5,4,5,13,2,1,1,4,5,2,12,1,29,3,10,7,1,7,7,1,8,1,4,,80,,1,21,121.5439249,25.04497157
113,2,1,16,19,2,06松山區,松山區市民大道4段與復興南路1段口,0,0,1,2,C01,8,5,5,50,4,1,1,5,4,5,13,2,1,1,4,5,2,12,1,34,2,7,6,1,7,9,1,9,1,11,,13,,1,21,121.5439249,25.04497157
113,2,1,16,19,2,06松山區,松山區市民大道4段與復興南路1段口,0,0,1,3,B03,8,5,5,50,4,1,1,5,4,5,13,2,1,1,4,5,2,12,1,61,3,10,7,1,7,14,1,8,1,4,,44,,1,21,121.5439249,25.04497157
113,2,1,16,44,2,12內湖區,內湖區堤外便道與五分街口,0,0,1,1,B03,8,7,8,50,3,1,1,5,4,5,13,1,1,5,5,5,2,16,1,40,3,10,7,1,7,5,1,8,1,2,,80,,1,21,121.617882,25.0658333
113,2,1,16,44,2,12內湖區,內湖區堤外便道與五分街口,0,0,1,2,C03,8,7,8,50,3,1,1,5,4,5,13,1,1,5,5,5,2,16,1,36,2,9,5,1,7,9,1,10,1,11,,44,,1,21,121.617882,25.0658333
113,2,1,16,50,2,10文山區,文山區景中街與景後街口,0,0,3,1,C03,8,6,5,50,4,1,1,5,4,5,13,2,1,1,4,5,2,16,2,43,2,9,5,1,7,5,1,10,2,12,,71,,1,21,121.5432946,24.9927331
113,2,1,16,50,2,10文山區,文山區景中街與景後街口,0,0,3,2,C03,8,6,5,50,4,1,1,5,4,5,13,2,1,1,4,5,2,16,1,18,2,9,5,1,7,9,1,10,2,11,,13,,1,21,121.5432946,24.9927331
113,2,1,16,50,2,10文山區,文山區景中街與景後街口,0,0,3,3,H02,8,6,5,50,4,1,1,5,4,5,13,2,1,1,4,5,2,16,1,13,2,9,5,5,7,20,8,20,10,16,,67,,1,16,121.5432946,24.9927331
113,2,1,17,24,2,12內湖區,內湖區康寧路3段56巷,0,0,1,1,B03,7,5,5,50,3,1,1,5,4,5,13,4,4,1,4,4,2,16,1,50,3,10,7,1,7,5,1,8,1,5,,69,,1,21,121.6102386,25.0710786
113,2,1,17,24,2,12內湖區,內湖區康寧路3段56巷,0,0,1,2,C03,7,5,5,50,3,1,1,5,4,5,13,4,4,1,4,4,2,16,1,67,2,9,5,1,7,9,3,18,1,14,,13,,1,21,121.6102386,25.0710786
113,2,1,17,36,2,01大同區,大同區寧夏路與錦西街口,0,0,2,2,C03,8,5,5,50,4,2,1,5,4,5,13,2,1,5,5,5,2,3,1,21,2,8,3,4,7,9,1,10,2,11,,108,,1,21,121.5149027,25.0590261
113,2,1,17,36,2,01大同區,大同區寧夏路與錦西街口,0,0,2,1,H01,8,5,5,50,4,2,1,5,4,5,13,2,1,5,5,5,2,3,2,66,2,9,4,5,8,16,8,20,10,16,,121,,1,22,121.5149027,25.0590261
113,2,1,17,44,2,01大同區,大同區台北橋機慢車道往西,0,0,3,1,C03,8,5,5,50,14,11,1,5,4,5,13,4,4,1,4,5,2,17,2,32,2,9,3,4,7,15,1,10,1,12,,101,,1,21,121.5075701,25.0635983
113,2,1,17,44,2,01大同區,大同區台北橋機慢車道往西,0,0,3,2,C03,8,5,5,50,14,11,1,5,4,5,13,4,4,1,4,5,2,17,2,37,2,9,3,4,7,9,1,10,1,14,,42,,1,21,121.5075701,25.0635983
113,2,1,17,44,2,01大同區,大同區台北橋機慢車道往西,0,0,3,3,H02,8,5,5,50,14,11,1,5,4,5,13,4,4,1,4,5,2,17,2,3,2,9,3,5,7,20,8,20,10,16,,67,,1,21,121.5075701,25.0635983
113,2,1,17,50,2,10文山區,文山區辛亥路6段84號對面,0,0,2,1,C03,7,5,5,50,14,9,1,5,4,5,13,1,1,1,4,5,2,13,1,32,2,9,6,1,7,9,1,10,1,11,,108,,1,21,121.5523791,24.9888121
113,2,1,17,50,2,10文山區,文山區辛亥路6段84號對面,0,0,2,2,C03,7,5,5,50,14,9,1,5,4,5,13,1,1,1,4,5,2,13,2,42,2,5,6,1,7,9,1,10,1,12,,44,,1,21,121.5523791,24.9888121
113,2,1,17,56,2,08士林區,士林區菁山路101巷71弄與菁山路101巷口,0,0,2,1,B03,8,5,5,50,3,1,1,5,4,5,13,3,1,8,5,5,1,16,1,50,3,10,7,1,7,5,1,4,2,4,,71,,1,21,121.5618437,25.1512623
113,2,1,17,56,2,08士林區,士林區菁山路101巷71弄與菁山路101巷口,0,0,2,2,C03,8,5,5,50,3,1,1,5,4,5,13,3,1,8,5,5,1,16,1,20,2,9,5,1,7,9,1,10,2,11,,14,,1,21,121.5618437,25.1512623
113,2,1,17,56,2,08士林區,士林區菁山路101巷71弄與菁山路101巷口,0,0,2,3,H02,8,5,5,50,3,1,1,5,4,5,13,3,1,8,5,5,1,16,2,19,2,9,5,5,7,20,8,20,10,16,,67,,1,21,121.5618437,25.1512623
113,2,1,18,0,2,03中山區,中山區長安東路1段與長安東路1段52巷口,0,0,2,1,C04,7,5,5,50,4,1,1,5,4,5,13,2,1,5,4,5,2,13,2,27,2,9,6,1,7,9,1,10,1,11,,16,,1,21,121.5282322,25.0483159
113,2,1,18,0,2,03中山區,中山區長安東路1段與長安東路1段52巷口,0,0,2,2,C03,7,5,5,50,4,1,1,5,4,5,13,2,1,5,4,5,2,13,1,22,2,8,6,1,7,7,1,10,1,14,,100,,1,21,121.5282322,25.0483159
113,2,1,18,5,2,04大安區,大安區潮州街98巷與金山南路2段192巷口,0,0,1,1,C03,8,5,5,30,3,1,1,5,4,5,13,4,4,10,5,5,2,17,2,46,3,10,3,4,7,6,1,10,1,17,,103,,1,22,121.5251839,25.0281037
113,2,1,18,5,2,04大安區,大安區潮州街98巷與金山南路2段192巷口,0,0,1,2,F01,8,5,5,30,3,1,1,5,4,5,13,4,4,10,5,5,2,17,2,57,2,9,3,4,7,9,8,20,1,17,,44,,1,22,121.5251839,25.0281037
113,2,1,18,10,2,04大安區,大安區仁愛路4段110號,0,0,1,1,B03,8,5,5,50,14,9,1,5,4,5,13,4,4,8,3,5,1,16,1,50,3,10,7,1,7,7,1,8,1,4,,100,,1,21,121.5493804,25.0372181
113,2,1,18,10,2,04大安區,大安區仁愛路4段110號,0,0,1,2,C03,8,5,5,50,14,9,1,5,4,5,13,4,4,8,3,5,1,16,1,73,3,10,6,1,7,9,1,10,1,12,,44,,1,21,121.5493804,25.0372181
113,2,1,18,10,2,04大安區,大安區仁愛路4段110號,0,0,1,3,H02,8,5,5,50,14,9,1,5,4,5,13,4,4,8,3,5,1,16,2,70,2,9,6,5,7,21,8,20,10,16,,67,,1,22,121.5493804,25.0372181
113,2,1,18,31,2,04大安區,大安區羅斯福路4段119巷與基隆路4段口,0,0,1,1,C03,8,5,5,30,5,1,1,5,4,5,13,2,1,1,4,5,2,17,2,22,2,4,3,4,7,10,1,10,1,14,,100,,1,21,121.5374188,25.0111399
113,2,1,18,31,2,04大安區,大安區羅斯福路4段119巷與基隆路4段口,0,0,1,2,B03,8,5,5,30,5,1,1,5,4,5,13,2,1,1,4,5,2,17,1,70,3,10,3,4,7,9,1,8,1,5,,44,,1,21,121.5374188,25.0111399