發生年度,發生月,發生日,發生時-Hours,發生分,處理別-編號,區序,肇事地點,死亡人數,2-30日死亡人數,受傷人數,當事人序號,車種,天候,道路照明設備,道路類別,速限-速度限制,道路型態,事故位置,路面狀況1,路面狀況2,路面狀況3,道路障礙1,道路障礙2,號誌1,號誌2,車道劃分-分向,車道劃分-分道1,車道劃分-分道2,車道劃分-分道3,事故類型及型態,性別,年齡,受傷程度,主要傷處,保護裝置,行動電話,車輛用途,當事者行動狀態,駕駛資格情形,駕駛執照種類,飲酒情形,車輛撞擊部位1,車輛撞擊部位2,肇因碼-個別,肇因碼-主要,個人肇逃否,職業,座標-X,座標-Y
113,2,1,18,40,2,10文山區,文山區興隆路2段220巷與興隆路2段220巷31弄口口,0,0,1,1,B03,8,5,5,30,4,1,1,5,4,5,13,2,1,5,5,5,2,16,1,36,3,10,7,1,7,6,1,8,2,2,,9,,1,21,121.5523089,25.0005541
113,2,1,18,40,2,10文山區,文山區興隆路2段220巷與興隆路2段220巷31弄口口,0,0,1,2,C04,8,5,5,30,4,1,1,5,4,5,13,2,1,5,5,5,2,16,2,29,2,9,6,1,7,9,1,10,2,14,,44,,1,21,121.5523089,25.0005541
113,2,1,19,14,2,07信義區,信義區和平東路3段與富陽街口口,0,0,1,1,B01,7,5,5,30,5,1,1,5,4,5,13,1,1,1,4,5,2,9,1,68,3,10,7,1,7,5,1,4,2,8,,16,,1,22,121.5564627,25.0207676
113,2,1,19,14,2,07信義區,信義區和平東路3段與富陽街口口,0,0,1,2,H01,7,5,5,30,5,1,1,5,4,5,13,1,1,1,4,5,2,9,2,70,2,7,4,5,8,16,8,20,10,16,,60,,1,22,121.5564627,25.0207676
113,2,1,19,29,2,05中正區,中正區和平西路1段與泉州街口口,0,0,1,1,B03,7,5,5,50,5,1,1,5,4,5,13,1,1,1,4,4,2,12,2,51,3,10,3,4,7,9,1,8,2,5,,44,,1,21,121.5147901,25.0276448
113,2,1,19,29,2,05中正區,中正區和平西路1段與泉州街口口,0,0,1,2,C03,7,5,5,50,5,1,1,5,4,5,13,1,1,1,4,4,2,12,2,29,2,8,5,1,7,5,1,10,2,14,,8,,1,21,121.5147901,25.0276448
113,2,1,19,48,2,02萬華區,萬華區民和街與西藏路199巷口,0,0,2,1,C03,8,5,5,30,5,1,1,5,4,5,13,3,1,9,5,5,2,17,1,30,3,10,6,1,7,9,7,19,11,17,,14,,1,21,121.4998003,25.02639353
113,2,1,19,48,2,02萬華區,萬華區民和街與西藏路199巷口,0,0,2,2,C03,8,5,5,30,5,1,1,5,4,5,13,3,1,9,5,5,2,17,1,31,2,9,6,1,7,9,1,10,1,12,,13,,1,21,121.4998003,25.02639353
113,2,1,19,48,2,02萬華區,萬華區民和街與西藏路199巷口,0,0,2,3,H02,8,5,5,30,5,1,1,5,4,5,13,3,1,9,5,5,2,17,2,30,2,8,6,5,7,20,8,20,10,16,,67,,1,21,121.4998003,25.02639353
113,2,1,20,0,2,08士林區,士林區社子大橋下自行車道,0,0,2,1,F01,8,5,8,0,14,23,1,5,4,5,13,4,4,10,5,5,1,17,2,60,2,7,4,1,7,4,8,20,1,11,,108,,1,22,121.4970585,25.1116078
113,2,1,20,0,2,08士林區,士林區社子大橋下自行車道,0,0,2,2,F01,8,5,8,0,14,23,1,5,4,5,13,4,4,10,5,5,1,17,1,66,2,1,4,1,7,15,8,20,1,14,,44,,1,22,121.4970585,25.1116078
113,2,1,20,5,2,10文山區,文山區木柵路1段311巷與木柵路1段311巷口工地,0,0,1,1,C03,7,5,5,50,11,9,1,4,4,5,13,4,4,9,5,5,2,16,1,29,2,9,6,1,7,1,1,10,2,12,,19,,1,21,121.5556605,24.9886242
113,2,1,20,5,2,10文山區,文山區木柵路1段311巷與木柵路1段311巷口工地,0,0,1,2,B03,7,5,5,50,11,9,1,4,4,5,13,4,4,9,5,5,2,16,1,27,3,10,7,1,7,9,1,8,2,8,,44,,1,21,121.5556605,24.9886242
113,2,1,20,50,2,09北投區,北投區石牌路1段166巷與石牌路1段166巷69弄口,0,0,2,1,C03,8,5,5,30,4,1,1,5,4,5,13,4,4,10,5,5,2,16,2,20,3,10,5,1,7,9,1,10,2,11,,72,,1,22,121.5147383,25.1128648
113,2,1,20,50,2,09北投區,北投區石牌路1段166巷與石牌路1段166巷69弄口,0,0,2,2,C03,8,5,5,30,4,1,1,5,4,5,13,4,4,10,5,5,2,16,1,30,2,9,5,1,7,9,1,10,2,12,,14,,1,22,121.5147383,25.1128648
113,2,1,20,50,2,09北投區,北投區石牌路1段166巷與石牌路1段166巷69弄口,0,0,2,3,H02,8,5,5,30,4,1,1,5,4,5,13,4,4,10,5,5,2,16,1,25,2,9,4,5,7,20,8,20,10,16,,67,,1,22,121.5147383,25.1128648
113,2,1,21,6,2,05中正區,中正區汀州路2段130號,0,0,1,1,C03,7,5,5,50,14,9,1,5,4,5,13,4,4,5,5,5,2,12,1,18,2,8,5,1,7,4,1,10,1,14,,17,,1,25,121.5205448,25.0246434
113,2,1,21,6,2,05中正區,中正區汀州路2段130號,0,0,1,2,B03,7,5,5,50,14,9,1,5,4,5,13,4,4,5,5,5,2,12,1,53,3,10,3,4,7,9,1,8,1,2,,44,,1,21,121.5205448,25.0246434
113,2,1,21,30,2,11南港區,南港區園區街與三重路口口,0,0,1,1,C03,8,5,5,30,3,2,1,5,4,5,13,1,1,5,4,5,2,13,2,33,2,9,5,1,7,5,1,10,1,11,,16,,1,21,121.6142087,25.0591076
113,2,1,21,30,2,11南港區,南港區園區街與三重路口口,0,0,1,2,B03,8,5,5,30,3,2,1,5,4,5,13,1,1,5,4,5,2,13,1,46,3,10,7,1,7,14,1,8,1,6,,44,,1,21,121.6142087,25.0591076
113,2,1,22,10,2,09北投區,北投區大度路3段與立德路口,0,0,1,1,B03,8,5,5,50,3,2,1,5,4,5,13,2,1,1,5,5,1,13,1,33,2,9,7,1,7,9,1,8,1,1,,108,,1,22,121.4720259,25.12293157
113,2,1,22,10,2,09北投區,北投區大度路3段與立德路口,0,0,1,2,B01,8,5,5,50,3,2,1,5,4,5,13,2,1,1,5,5,1,13,1,51,3,10,7,1,7,14,1,4,1,3,,44,,1,22,121.4720259,25.12293157
113,2,1,22,10,2,09北投區,北投區大度路3段與立德路口,0,0,1,3,B03,8,5,5,50,3,2,1,5,4,5,13,2,1,1,5,5,1,13,1,38,3,10,7,1,7,14,1,8,1,3,,44,,1,22,121.4720259,25.12293157
113,2,1,22,20,2,05中正區,中正區重慶南路3段與和平西路1段口,0,0,2,1,C03,8,5,5,50,5,2,2,5,4,5,13,2,1,3,4,5,2,17,1,31,2,8,5,1,7,9,1,10,1,13,,16,,1,21,121.51639,25.0272495
113,2,1,22,20,2,05中正區,中正區重慶南路3段與和平西路1段口,0,0,2,2,C03,8,5,5,50,5,2,2,5,4,5,13,2,1,3,4,5,2,17,2,20,3,10,5,1,7,12,1,10,1,13,,44,,1,21,121.51639,25.0272495
113,2,1,22,20,2,05中正區,中正區重慶南路3段與和平西路1段口,0,0,2,3,C03,8,5,5,50,5,2,2,5,4,5,13,2,1,3,4,5,2,17,1,24,2,9,5,1,7,9,1,10,1,11,,42,,1,21,121.51639,25.0272495
113,2,1,22,20,2,05中正區,中正區重慶南路3段與和平西路1段口,0,0,2,4,H02,8,5,5,50,5,2,2,5,4,5,13,2,1,3,4,5,2,17,2,25,4,11,5,5,7,20,8,20,10,16,,67,,1,21,121.51639,25.0272495
113,2,1,23,28,2,02萬華區,萬華區中華路1段168號,0,0,1,1,C03,8,5,5,50,14,9,1,5,3,5,13,4,4,9,5,5,2,29,1,65,2,9,5,1,7,9,1,10,1,11,,44,,1,21,121.5077246,25.0409602
113,2,1,23,28,2,02萬華區,萬華區中華路1段168號,0,0,1,2,,8,5,5,50,14,9,1,5,3,5,13,4,4,9,5,5,2,29,3,0,,,,,,,,,,,,67,,1,,121.5077246,25.0409602
113,2,2,0,0,2,03中山區,中山區民權東路2段與中原街口,0,0,2,1,C03,7,5,5,50,4,1,1,5,4,5,13,2,1,1,4,5,2,15,2,29,2,9,5,1,7,9,1,10,2,11,,14,,1,21,121.5290217,25.0626873
113,2,2,0,0,2,03中山區,中山區民權東路2段與中原街口,0,0,2,2,F01,7,5,5,50,4,1,1,5,4,5,13,2,1,1,4,5,2,15,1,57,2,9,4,1,7,9,8,20,7,12,,118,,1,21,121.5290217,25.0626873
113,2,2,2,25,2,04大安區,大安區復興南路2段與瑞安街23巷口,0,0,1,1,B01,8,5,5,50,4,1,1,5,4,5,13,1,1,1,3,5,2,17,1,57,4,11,3,4,7,5,1,4,11,7,,74,,2,22,121.5436537,25.0310598
113,2,2,2,25,2,04大安區,大安區復興南路2段與瑞安街23巷口,0,0,1,2,C03,8,5,5,50,4,1,1,5,4,5,13,1,1,1,3,5,2,17,1,25,2,9,5,1,7,9,1,10,1,11,,13,,1,21,121.5436537,25.0310598
113,2,2,7,34,2,12內湖區,內湖區江南街71巷65弄與江南街71巷口,0,0,1,1,B03,7,6,6,30,14,9,1,5,4,5,13,4,4,5,5,5,2,10,1,25,3,10,3,4,7,9,1,8,2,8,,4,,1,22,121.5785969,25.0759667
113,2,2,7,34,2,12內湖區,內湖區江南街71巷65弄與江南街71巷口,0,0,1,2,B03,7,6,6,30,14,9,1,5,4,5,13,4,4,5,5,5,2,10,1,57,2,7,3,4,7,9,1,8,2,8,,44,,1,22,121.5785969,25.0759667
113,2,2,7,45,2,09北投區,北投區承德路7段與承德路7段393巷口,0,0,1,1,C03,7,6,5,60,4,2,1,5,4,5,13,1,1,1,4,5,1,13,1,62,2,9,5,1,7,9,6,18,1,11,,108,,1,21,121.5231899,25.11581644
113,2,2,7,45,2,09北投區,北投區承德路7段與承德路7段393巷口,0,0,1,2,B03,7,6,5,60,4,2,1,5,4,5,13,1,1,1,4,5,1,13,1,51,3,10,7,1,7,14,1,8,1,6,,44,,1,21,121.5231899,25.11581644
113,2,2,7,47,2,07信義區,信義區松仁路1號,0,0,1,1,B02,7,7,5,50,14,9,1,5,4,5,13,4,4,9,5,5,2,16,1,52,3,10,3,4,7,5,1,8,1,8,,8,,1,21,121.568915,25.0404985
113,2,2,7,47,2,07信義區,信義區松仁路1號,0,0,1,2,C03,7,7,5,50,14,9,1,5,4,5,13,4,4,9,5,5,2,16,2,54,2,9,6,4,7,9,1,10,1,12,,44,,1,21,121.568915,25.0404985
113,2,2,7,49,2,04大安區,大安區信義路4段265巷與信義路4段265巷20弄口,0,0,2,1,C03,8,5,5,30,4,2,1,5,4,5,13,4,4,5,4,5,2,16,2,38,2,9,3,4,7,5,1,10,1,14,,80,,1,21,121.5546431,25.0343803
113,2,2,7,49,2,04大安區,大安區信義路4段265巷與信義路4段265巷20弄口,0,0,2,2,C03,8,5,5,30,4,2,1,5,4,5,13,4,4,5,4,5,2,16,1,37,2,9,3,4,7,9,1,10,1,11,,44,,1,21,121.5546431,25.0343803
113,2,2,8,15,2,01大同區,大同區承德路2段與平陽街口,0,0,1,1,B01,7,6,5,30,4,1,1,5,4,5,13,2,1,9,4,5,2,17,1,54,3,10,7,1,7,6,1,4,1,8,,108,,1,21,121.5181987,25.0548801
113,2,2,8,15,2,01大同區,大同區承德路2段與平陽街口,0,0,1,2,C03,7,6,5,30,4,1,1,5,4,5,13,2,1,9,4,5,2,17,2,31,2,9,6,1,7,5,1,10,1,11,,80,,1,21,121.5181987,25.0548801
113,2,2,8,22,2,02萬華區,萬華區西園路2段11巷與西園路2段13巷口,0,0,2,1,C03,7,6,5,30,4,1,1,5,4,5,13,4,4,5,5,5,2,15,2,66,2,9,5,1,7,9,1,10,1,11,,14,,1,21,121.4981462,25.0322141
113,2,2,8,22,2,02萬華區,萬華區西園路2段11巷與西園路2段13巷口,0,0,2,2,C03,7,6,5,30,4,1,1,5,4,5,13,4,4,5,5,5,2,15,1,29,2,9,6,1,7,9,1,10,1,12,,14,,1,21,121.4981462,25.0322141
113,2,2,8,26,2,03中山區,中山區大直街與大直街20巷口,0,0,1,1,B03,8,7,5,30,3,1,1,5,4,5,13,4,4,10,5,5,2,17,1,57,3,10,7,1,7,5,1,8,1,8,,72,,1,22,121.5463912,25.0814364
113,2,2,8,26,2,03中山區,中山區大直街與大直街20巷口,0,0,1,2,C03,8,7,5,30,3,1,1,5,4,5,13,4,4,10,5,5,2,17,1,51,2,9,5,1,7,9,1,10,1,11,,44,,1,22,121.5463912,25.0814364
113,2,2,8,35,2,03中山區,中山區民權東路1段中山國小對面,0,0,2,1,B03,7,7,5,50,14,9,1,5,4,5,13,4,4,1,4,5,2,17,2,37,3,10,3,4,7,8,1,8,1,6,,100,,1,21,121.5264247,25.0626086
113,2,2,8,35,2,03中山區,中山區民權東路1段中山國小對面,0,0,2,2,C03,7,7,5,50,14,9,1,5,4,5,13,4,4,1,4,5,2,17,1,26,2,9,6,4,7,9,1,10,1,11,,13,,1,21,121.5264247,25.0626086
113,2,2,8,35,2,03中山區,中山區民權東路1段中山國小對面,0,0,2,3,B03,7,7,5,50,14,9,1,5,4,5,13,4,4,1,4,5,2,17,1,34,3,10,3,4,7,9,1,8,1,1,,44,,1,21,121.5264247,25.0626086
113,2,2,8,35,2,03中山區,中山區民權東路1段中山國小對面,0,0,2,4,C03,7,7,5,50,14,9,1,5,4,5,13,4,4,1,4,5,2,17,1,29,2,9,6,4,7,9,1,10,1,11,,16,,1,21,121.5264247,25.0626086
113,2,2,8,35,2,03中山區,中山區民權東路1段中山國小對面,0,0,2,5,B03,7,7,5,50,14,9,1,5,4,5,13,4,4,1,4,5,2,17,1,64,3,10,3,4,7,9,1,8,1,6,,44,,1,21,121.5264247,25.0626086
113,2,2,9,25,2,08士林區,士林區承德路4段與承德路4段3巷口,0,0,1,1,B03,8,6,5,30,4,1,1,5,4,5,13,4,4,9,5,5,2,15,1,32,3,10,7,1,7,9,1,8,1,5,,72,,1,21,121.5217874,25.0792749
113,2,2,9,25,2,08士林區,士林區承德路4段與承德路4段3巷口,0,0,1,2,C03,8,6,5,30,4,1,1,5,4,5,13,4,4,9,5,5,2,15,1,36,2,9,6,1,7,9,1,10,1,11,,13,,1,21,121.5217874,25.0792749
113,2,2,9,42,2,06松山區,松山區八德路4段與南京東路5段66巷22弄口,0,0,2,1,C03,8,5,5,30,3,1,1,5,4,5,13,4,4,4,3,5,1,15,1,74,2,9,3,1,7,9,1,10,1,14,,72,,1,22,121.5594252,25.0484008
113,2,2,9,42,2,06松山區,松山區八德路4段與南京東路5段66巷22弄口,0,0,2,2,C03,8,5,5,30,3,1,1,5,4,5,13,4,4,4,3,5,1,15,2,24,2,9,3,4,7,9,1,9,1,12,,44,,1,22,121.5594252,25.0484008
113,2,2,11,15,2,05中正區,中正區重慶南路2段45號,0,0,1,1,C03,8,6,5,50,14,9,1,5,4,5,13,4,4,1,4,5,1,17,2,21,2,8,6,1,7,7,1,10,2,12,,100,,1,21,121.5145413,25.03146112
113,2,2,11,15,2,05中正區,中正區重慶南路2段45號,0,0,1,2,C03,8,6,5,50,14,9,1,5,4,5,13,4,4,1,4,5,1,17,1,31,3,10,6,1,7,9,1,10,2,11,,44,,1,21,121.5145413,25.03146112
113,2,2,11,15,2,05中正區,中正區重慶南路2段45號,0,0,1,3,H02,8,6,5,50,14,9,1,5,4,5,13,4,4,1,4,5,1,17,2,22,4,11,6,5,7,20,8,20,10,16,,67,,1,21,121.5145413,25.03146112
113,2,2,11,16,2,07信義區,信義區永吉路278巷57弄與永吉路278巷口,0,0,1,1,C03,7,6,5,30,4,2,1,4,4,5,13,4,4,5,5,5,2,15,1,39,3,10,6,1,7,9,1,10,1,14,,14,,1,21,121.5741104,25.043433
113,2,2,11,16,2,07信義區,信義區永吉路278巷57弄與永吉路278巷口,0,0,1,2,C03,7,6,5,30,4,2,1,4,4,5,13,4,4,5,5,5,2,15,2,30,2,8,6,1,7,9,1,10,1,11,,14,,1,21,121.5741104,25.043433
113,2,2,11,16,2,07信義區,信義區永吉路278巷57弄與永吉路278巷口,0,0,1,3,B12,7,6,5,30,4,2,1,4,4,5,13,4,4,5,5,5,2,15,1,41,3,10,7,1,7,13,1,8,1,17,,38,,1,21,121.5741104,25.043433
113,2,2,11,43,2,02萬華區,萬華區環河南路1段101號,0,0,2,1,C03,8,7,5,50,14,7,1,5,4,5,13,4,4,4,1,5,2,12,1,66,2,7,5,1,7,7,1,10,1,14,,100,,1,22,121.5006963,25.0436644
113,2,2,11,43,2,02萬華區,萬華區環河南路1段101號,0,0,2,2,C03,8,7,5,50,14,7,1,5,4,5,13,4,4,4,1,5,2,12,2,30,2,9,5,1,7,9,1,10,1,14,,44,,1,22,121.5006963,25.0436644
113,2,2,11,43,2,04大安區,大安區羅斯福路3段273號,0,0,2,1,C03,8,7,5,50,14,9,1,5,4,5,13,4,4,1,4,5,2,13,2,24,2,9,3,4,7,9,1,10,1,11,,108,,1,21,121.5307846,25.0183434
113,2,2,11,43,2,04大安區,大安區羅斯福路3段273號,0,0,2,2,C03,8,7,5,50,14,9,1,5,4,5,13,4,4,1,4,5,2,13,2,44,2,9,3,4,7,12,1,10,1,13,,44,,1,21,121.5307846,25.0183434
113,2,2,11,43,2,04大安區,大安區羅斯福路3段273號,0,0,2,3,B01,8,7,5,50,14,9,1,5,4,5,13,4,4,1,4,5,2,13,1,67,3,10,3,4,7,8,1,4,1,17,,100,,1,21,121.5307846,25.0183434
113,2,2,11,57,2,05中正區,中正區和平西路2段126巷與汀州路1段口,0,0,1,1,B01,8,6,5,30,5,1,1,5,4,5,13,1,1,10,5,5,2,13,1,68,3,10,7,1,7,5,1,4,1,8,,107,,1,21,121.5067002,25.0313539
113,2,2,11,57,2,05中正區,中正區和平西路2段126巷與汀州路1段口,0,0,1,2,C03,8,6,5,30,5,1,1,5,4,5,13,1,1,10,5,5,2,13,1,32,2,9,5,1,7,14,1,10,1,13,,44,,1,21,121.5067002,25.0313539
113,2,2,12,25,2,10文山區,文山區興隆路3段181巷與興隆路3段181巷1弄口,0,0,1,1,C03,8,6,5,30,3,2,1,5,4,5,13,4,4,10,5,5,2,10,1,41,2,9,5,1,7,9,1,10,2,11,,13,,1,21,121.5605027,24.99627284
113,2,2,12,25,2,10文山區,文山區興隆路3段181巷與興隆路3段181巷1弄口,0,0,1,2,B11,8,6,5,30,3,2,1,5,4,5,13,4,4,10,5,5,2,10,1,25,3,10,7,1,7,9,1,4,2,8,,5,,1,21,121.5605027,24.99627284
113,2,2,12,40,2,06松山區,松山區復興北路361巷與復興北路口,0,0,1,1,B03,8,7,5,30,3,1,1,5,4,5,13,4,4,1,4,5,2,16,1,62,3,10,2,1,7,6,1,8,9,2,,108,,1,21,121.5443909,25.06047765
113,2,2,12,40,2,06松山區,松山區復興北路361巷與復興北路口,0,0,1,2,C04,8,7,5,30,3,1,1,5,4,5,13,4,4,1,4,5,2,16,2,65,2,9,5,1,7,7,1,8,9,14,,100,,1,21,121.5443909,25.06047765
113,2,2,13,9,2,10文山區,文山區興隆路4段145巷9弄2號,0,0,2,1,B03,7,7,5,30,14,9,1,5,4,5,13,4,4,10,5,5,2,17,1,56,3,10,7,1,7,1,1,8,2,4,,19,,1,22,121.5620399,24.9854373
113,2,2,13,9,2,10文山區,文山區興隆路4段145巷9弄2號,0,0,2,2,C03,7,7,5,30,14,9,1,5,4,5,13,4,4,10,5,5,2,17,2,49,2,9,5,1,7,9,1,10,2,12,,44,,1,22,121.5620399,24.9854373
113,2,2,13,9,2,10文山區,文山區興隆路4段145巷9弄2號,0,0,2,3,H02,7,7,5,30,14,9,1,5,4,5,13,4,4,10,5,5,2,17,2,13,2,9,5,5,7,20,8,20,10,17,,67,,1,21,121.5620399,24.9854373
113,2,2,13,13,2,06松山區,松山區南京東路5段266號,0,0,1,1,C03,7,5,5,50,14,9,1,5,4,5,13,4,4,9,4,5,2,12,1,63,2,1,6,1,7,7,1,10,1,14,,100,,1,21,121.5667086,25.05129307
113,2,2,13,13,2,06松山區,松山區南京東路5段266號,0,0,1,2,B03,7,5,5,50,14,9,1,5,4,5,13,4,4,9,4,5,2,12,2,34,3,10,7,1,7,10,1,8,1,2,,17,,1,21,121.5667086,25.05129307
113,2,2,13,34,2,03中山區,中山區錦州街259號,0,0,2,1,H01,8,6,5,50,14,9,1,5,4,5,13,4,4,5,5,5,2,2,2,70,2,9,4,5,8,16,8,20,10,16,,53,,1,22,121.5346094,25.0603325
113,2,2,13,34,2,03中山區,中山區錦州街259號,0,0,2,2,C03,8,6,5,50,14,9,1,5,4,5,13,4,4,5,5,5,2,2,2,56,2,9,5,1,7,9,1,10,1,11,,108,,1,22,121.5346094,25.0603325
113,2,2,13,40,2,03中山區,中山區民族東路與雙城街口,0,0,2,1,C03,7,6,5,50,3,2,1,5,4,5,13,4,4,1,4,5,2,12,1,22,2,9,5,1,7,8,1,10,1,13,,100,,1,21,121.5239993,25.06847045
113,2,2,13,40,2,03中山區,中山區民族東路與雙城街口,0,0,2,2,C03,7,6,5,50,3,2,1,5,4,5,13,4,4,1,4,5,2,12,1,21,2,9,5,1,7,9,1,10,1,11,,13,,1,21,121.5239993,25.06847045
113,2,2,13,50,2,09北投區,北投區致遠二路與致遠二路71巷口,0,0,1,1,B03,8,6,5,50,3,1,1,5,4,5,13,1,1,5,4,5,2,17,1,40,3,10,7,1,7,5,1,8,1,8,,8,,1,21,121.5115821,25.11561339
113,2,2,13,50,2,09北投區,北投區致遠二路與致遠二路71巷口,0,0,1,2,C03,8,6,5,50,3,1,1,5,4,5,13,1,1,5,4,5,2,17,1,32,2,9,6,1,7,9,1,10,1,11,,44,,1,21,121.5115821,25.11561339
113,2,2,13,56,2,05中正區,中正區重慶南路3段與和平西路1段口,0,0,1,1,B03,8,6,5,50,4,1,1,5,4,5,13,1,1,1,4,5,2,17,1,44,3,10,7,1,7,6,1,8,1,2,,9,,1,21,121.5161722,25.0270512
113,2,2,13,56,2,05中正區,中正區重慶南路3段與和平西路1段口,0,0,1,2,C03,8,6,5,50,4,1,1,5,4,5,13,1,1,1,4,5,2,17,1,51,2,7,5,1,7,9,1,10,1,14,,108,,1,21,121.5161722,25.0270512
113,2,2,13,58,2,02萬華區,萬華區梧州街36號,0,0,1,1,B03,7,6,5,30,14,9,1,5,4,5,13,4,4,5,5,5,2,2,2,45,3,10,7,1,7,9,1,8,9,5,,108,,1,21,121.4976243,25.0371661
113,2,2,13,58,2,02萬華區,萬華區梧州街36號,0,0,1,2,H01,7,6,5,30,14,9,1,5,4,5,13,4,4,5,5,5,2,2,1,63,2,9,4,5,8,16,8,20,10,16,,60,,1,21,121.4976243,25.0371661
113,2,2,14,0,2,04大安區,大安區安和路1段27號,0,0,1,1,C03,7,6,5,50,14,9,1,5,4,5,13,4,4,2,3,5,1,13,2,43,2,9,6,1,7,9,1,10,1,11,,16,,1,21,121.5501644,25.03928818
113,2,2,14,0,2,04大安區,大安區安和路1段27號,0,0,1,2,C03,7,6,5,50,14,9,1,5,4,5,13,4,4,2,3,5,1,13,1,33,3,10,6,1,7,9,1,10,1,13,,44,,1,21,121.5501644,25.03928818
113,2,2,14,13,2,08士林區,士林區中正路588號,0,0,1,1,B12,7,6,5,50,11,9,1,5,4,5,13,4,4,8,5,5,1,17,1,44,3,10,3,1,7,13,1,8,2,4,,40,,1,21,121.510049,25.0871231
113,2,2,14,13,2,08士林區,士林區中正路588號,0,0,1,2,C03,7,6,5,50,11,9,1,5,4,5,13,4,4,8,5,5,1,17,2,47,2,8,5,1,7,9,1,10,2,12,,44,,1,21,121.510049,25.0871231
113,2,2,14,15,2,05中正區,中正區忠孝東路2段與新生南路1段口,0,0,1,1,B01,7,7,5,50,4,1,1,5,4,5,13,1,1,1,4,5,2,12,1,67,3,10,7,1,7,9,1,4,9,17,,108,,2,22,121.5327218,25.0423012
113,2,2,14,15,2,05中正區,中正區忠孝東路2段與新生南路1段口,0,0,1,2,C03,7,7,5,50,4,1,1,5,4,5,13,1,1,1,4,5,2,12,2,60,2,9,5,1,7,7,1,10,1,14,,100,,1,21,121.5327218,25.0423012
113,2,2,14,32,2,07信義區,信義區忠孝東路5段22巷與忠孝東路5段口,0,0,1,1,B03,8,6,5,50,3,2,1,5,4,5,13,1,1,1,4,5,2,16,2,55,3,10,3,4,7,6,1,8,1,5,,9,,1,22,121.5660245,25.0410236
113,2,2,14,32,2,07信義區,信義區忠孝東路5段22巷與忠孝東路5段口,0,0,1,2,C03,8,6,5,50,3,2,1,5,4,5,13,1,1,1,4,5,2,16,1,31,2,8,3,4,7,9,1,10,1,14,,44,,1,22,121.5660245,25.0410236
113,2,2,14,36,1,09北投區,北投區立農街1段與吉利街123巷8弄口,1,0,0,1,B12,8,7,5,30,4,1,1,5,4,5,13,4,4,10,5,5,1,15,1,63,3,10,7,1,7,4,1,8,2,2,1,80,,1,21,121.506631,25.119081
113,2,2,14,36,1,09北投區,北投區立農街1段與吉利街123巷8弄口,1,0,0,2,C03,8,7,5,30,4,1,1,5,4,5,13,4,4,10,5,5,1,15,2,66,1,1,5,1,7,9,1,10,9,11,2,107,,1,21,121.506631,25.119081
113,2,2,14,37,2,12內湖區,內湖區康寧路3段189巷與東湖路43巷口,0,0,2,1,C03,7,7,5,30,4,1,1,5,4,5,13,4,4,10,5,5,1,15,2,31,2,9,6,1,7,9,1,10,1,11,,14,,1,21,121.6129471,25.07058562
113,2,2,14,37,2,12內湖區,內湖區康寧路3段189巷與東湖路43巷口,0,0,2,2,C03,7,7,5,30,4,1,1,5,4,5,13,4,4,10,5,5,1,15,2,23,2,9,6,1,7,9,1,10,1,11,,13,,1,21,121.6129471,25.07058562
113,2,2,14,40,2,11南港區,南港區成福路與成福路26巷口,0,0,1,1,C03,7,6,6,30,4,2,1,5,4,5,13,3,1,5,5,5,2,11,2,65,2,9,2,1,7,9,3,18,1,11,,72,,1,21,121.5861861,25.0454265
113,2,2,14,40,2,11南港區,南港區成福路與成福路26巷口,0,0,1,2,B01,7,6,6,30,4,2,1,5,4,5,13,3,1,5,5,5,2,11,1,64,3,10,2,1,7,9,1,4,1,2,,13,,1,21,121.5861861,25.0454265
113,2,2,14,50,2,12內湖區,內湖區成美橋與新明路298巷口,0,0,1,1,C03,8,5,5,50,4,1,1,5,4,5,13,1,1,5,5,5,2,17,1,46,2,9,5,1,7,9,1,10,2,11,,44,,1,21,121.5821984,25.0556472
113,2,2,14,50,2,12內湖區,內湖區成美橋與新明路298巷口,0,0,1,2,B12,8,5,5,50,4,1,1,5,4,5,13,1,1,5,5,5,2,17,1,58,3,10,7,1,7,3,1,8,2,8,,71,,1,21,121.5821984,25.0556472
113,2,2,15,11,2,05中正區,中正區新生北路1段與八德路1段口,0,0,2,1,C03,8,6,5,50,4,2,1,5,4,5,13,2,1,3,4,5,2,17,2,53,2,8,5,1,7,1,1,10,1,14,,19,,1,22,121.532798,25.04436437
113,2,2,15,11,2,05中正區,中正區新生北路1段與八德路1段口,0,0,2,2,B03,8,6,5,50,4,2,1,5,4,5,13,2,1,3,4,5,2,17,1,57,3,10,7,1,7,9,1,8,1,2,,44,,1,22,121.532798,25.04436437
113,2,2,15,11,2,05中正區,中正區新生北路1段與八德路1段口,0,0,2,3,H02,8,6,5,50,4,2,1,5,4,5,13,2,1,3,4,5,2,17,1,23,2,8,5,5,7,20,8,20,10,16,,67,,1,21,121.532798,25.04436437
113,2,2,15,13,2,04大安區,大安區信義路3段147巷18號,0,0,1,1,B03,8,7,5,30,14,9,1,5,4,5,13,4,4,9,4,5,1,17,4,0,,,,,,,,,11,,,119,,2,,121.5419163,25.0359027
113,2,2,15,13,2,04大安區,大安區信義路3段147巷18號,0,0,1,2,F01,8,7,5,30,14,9,1,5,4,5,13,4,4,9,4,5,1,17,2,38,2,8,3,4,7,9,8,20,9,12,,119,,1,22,121.5419163,25.0359027
113,2,2,15,14,2,02萬華區,萬華區莒光路與莒光路183巷口,0,0,2,1,C03,7,6,5,50,4,1,1,5,4,5,13,2,1,1,4,5,2,16,2,59,2,9,6,4,7,11,1,10,2,14,,10,,1,22,121.5022083,25.0311987