發生年度,發生月,發生日,發生時-Hours,發生分,處理別-編號,區序,肇事地點,死亡人數,2-30日死亡人數,受傷人數,當事人序號,車種,天候,道路照明設備,道路類別,速限-速度限制,道路型態,事故位置,路面狀況1,路面狀況2,路面狀況3,道路障礙1,道路障礙2,號誌1,號誌2,車道劃分-分向,車道劃分-分道1,車道劃分-分道2,車道劃分-分道3,事故類型及型態,性別,年齡,受傷程度,主要傷處,保護裝置,行動電話,車輛用途,當事者行動狀態,駕駛資格情形,駕駛執照種類,飲酒情形,車輛撞擊部位1,車輛撞擊部位2,肇因碼-個別,肇因碼-主要,個人肇逃否,職業,座標-X,座標-Y
113,2,2,15,14,2,02萬華區,萬華區莒光路與莒光路183巷口,0,0,2,2,C03,7,6,5,50,4,1,1,5,4,5,13,2,1,1,4,5,2,16,1,39,2,9,6,1,7,9,1,10,2,11,,44,,1,22,121.5022083,25.0311987
113,2,2,15,37,2,03中山區,中山區長春路27號,0,0,1,1,B03,7,7,5,40,14,8,1,5,4,3,13,4,4,9,4,4,2,16,1,35,3,10,7,1,7,6,1,8,1,5,,9,,1,22,121.5242536,25.0550125
113,2,2,15,37,2,03中山區,中山區長春路27號,0,0,1,2,C03,7,7,5,40,14,8,1,5,4,3,13,4,4,9,4,4,2,16,2,58,2,9,5,1,7,9,1,10,1,14,,14,,1,22,121.5242536,25.0550125
113,2,2,15,37,2,03中山區,中山區長春路27號,0,0,1,3,B03,7,7,5,40,14,8,1,5,4,3,13,4,4,9,4,4,2,16,3,0,,,,,,,,,,,,67,,1,,121.5242536,25.0550125
113,2,2,15,50,2,08士林區,士林區福華路164巷與福華路口,0,0,1,1,C03,7,6,5,50,5,1,1,5,4,5,13,4,4,10,4,5,2,17,2,33,2,8,6,1,7,5,1,10,1,12,,72,,1,22,121.5225647,25.10425
113,2,2,15,50,2,08士林區,士林區福華路164巷與福華路口,0,0,1,2,B12,7,6,5,50,5,1,1,5,4,5,13,4,4,10,4,5,2,17,1,46,3,10,7,1,7,9,1,8,1,8,,44,,1,22,121.5225647,25.10425
113,2,2,15,50,2,08士林區,士林區福華路164巷與福華路口,0,0,1,3,B03,7,6,5,50,5,1,1,5,4,5,13,4,4,10,4,5,2,17,1,37,3,10,7,1,7,9,1,8,1,6,,44,,1,22,121.5225647,25.10425
113,2,2,16,10,2,03中山區,中山區民權東路3段與合江街口,0,0,2,1,C03,8,5,5,50,3,2,1,5,4,5,13,4,4,5,5,5,2,3,1,20,2,9,3,4,7,6,1,10,2,11,,107,,1,21,121.539212,25.0621189
113,2,2,16,10,2,03中山區,中山區民權東路3段與合江街口,0,0,2,2,H01,8,5,5,50,3,2,1,5,4,5,13,4,4,5,5,5,2,3,1,84,2,9,4,5,8,16,8,20,10,16,,121,,1,21,121.539212,25.0621189
113,2,2,16,38,2,10文山區,文山區羅斯福路6段與景華街口,0,0,1,1,C03,7,6,5,50,4,1,1,5,4,5,13,2,1,1,4,5,2,16,2,54,2,8,6,1,7,5,1,8,1,14,,96,,1,21,121.5412208,24.9948413
113,2,2,16,38,2,10文山區,文山區羅斯福路6段與景華街口,0,0,1,2,B03,7,6,5,50,4,1,1,5,4,5,13,2,1,1,4,5,2,16,1,25,3,10,7,1,7,9,1,8,1,5,,44,,1,21,121.5412208,24.9948413
113,2,2,16,47,2,04大安區,大安區羅斯福路3段283巷與新生南路3段86巷口,0,0,2,1,C03,7,5,5,20,4,1,1,5,4,5,13,4,4,10,5,5,2,15,1,19,2,9,3,4,7,9,1,10,2,11,,72,,1,21,121.5316556,25.0189313
113,2,2,16,47,2,04大安區,大安區羅斯福路3段283巷與新生南路3段86巷口,0,0,2,2,B03,7,5,5,20,4,1,1,5,4,5,13,4,4,10,5,5,2,15,1,51,3,10,3,4,7,9,1,8,2,2,,14,,1,21,121.5316556,25.0189313
113,2,2,16,47,2,04大安區,大安區羅斯福路3段283巷與新生南路3段86巷口,0,0,2,3,H02,7,5,5,20,4,1,1,5,4,5,13,4,4,10,5,5,2,15,1,18,2,9,3,5,7,21,8,20,10,17,,67,,1,21,121.5316556,25.0189313
113,2,2,16,55,2,10文山區,文山區忠順街1段26巷27弄與木新路3段172巷口口,0,0,2,1,C03,6,6,5,30,4,1,1,4,4,5,13,4,4,10,5,5,2,15,2,57,2,7,5,1,7,9,1,10,1,11,,72,,1,21,121.5605403,24.98224046
113,2,2,16,55,2,10文山區,文山區忠順街1段26巷27弄與木新路3段172巷口口,0,0,2,2,C03,6,6,5,30,4,1,1,4,4,5,13,4,4,10,5,5,2,15,2,66,2,9,5,1,7,9,1,10,1,12,,108,,1,21,121.5605403,24.98224046
113,2,2,17,9,2,03中山區,中山區民族東路與松江路581巷42弄口,0,0,2,1,C03,8,5,5,30,4,2,4,5,4,5,13,2,1,3,5,5,2,15,1,30,2,9,3,4,7,9,1,10,1,12,,108,,1,21,121.5363296,25.0683123
113,2,2,17,9,2,03中山區,中山區民族東路與松江路581巷42弄口,0,0,2,2,F01,8,5,5,30,4,2,4,5,4,5,13,2,1,3,5,5,2,15,1,12,2,9,4,4,7,9,8,20,1,11,,44,,1,21,121.5363296,25.0683123
113,2,2,17,15,2,04大安區,大安區信義路4段199巷與安和路1段102巷口,0,0,1,1,B03,7,5,5,30,4,1,1,5,4,5,13,4,4,5,4,5,2,15,2,71,3,10,7,1,7,9,1,8,1,8,,108,,1,21,121.5516576,25.0342895
113,2,2,17,15,2,04大安區,大安區信義路4段199巷與安和路1段102巷口,0,0,1,2,F01,7,5,5,30,4,1,1,5,4,5,13,4,4,5,4,5,2,15,1,47,2,9,4,1,7,9,8,20,1,11,,75,,1,21,121.5516576,25.0342895
113,2,2,17,30,2,04大安區,大安區忠孝東路3段與忠孝東路3段217巷口口,0,0,1,1,C03,7,7,5,50,3,1,1,5,4,5,13,2,1,1,4,5,1,13,2,46,2,9,6,1,7,9,1,10,1,11,,16,,1,21,121.5396529,25.0417614
113,2,2,17,30,2,04大安區,大安區忠孝東路3段與忠孝東路3段217巷口口,0,0,1,2,C03,7,7,5,50,3,1,1,5,4,5,13,2,1,1,4,5,1,13,1,50,3,10,6,1,7,12,1,10,1,13,,44,,1,21,121.5396529,25.0417614
113,2,2,17,30,2,08士林區,士林區中正路與延平北路6段口,0,0,1,1,B12,7,6,5,50,4,2,1,5,4,5,13,1,1,10,4,5,2,13,1,65,3,10,7,1,7,9,1,8,2,1,,16,,1,22,121.5098401,25.0870166
113,2,2,17,30,2,08士林區,士林區中正路與延平北路6段口,0,0,1,2,C03,7,6,5,50,4,2,1,5,4,5,13,1,1,10,4,5,2,13,1,53,2,8,6,1,7,15,1,10,2,13,,44,,1,22,121.5098401,25.0870166
113,2,2,17,40,2,04大安區,大安區和平東路2段134號與和平東路2段口,0,0,3,1,C03,8,5,5,50,14,9,1,5,4,5,13,1,1,1,3,5,2,13,1,22,2,9,5,1,7,9,1,10,1,11,,16,,1,21,121.544766,25.02472196
113,2,2,17,40,2,04大安區,大安區和平東路2段134號與和平東路2段口,0,0,3,2,C03,8,5,5,50,14,9,1,5,4,5,13,1,1,1,3,5,2,13,1,57,2,9,5,1,7,14,1,10,1,13,,44,,1,21,121.544766,25.02472196
113,2,2,17,40,2,04大安區,大安區和平東路2段134號與和平東路2段口,0,0,3,3,H02,8,5,5,50,14,9,1,5,4,5,13,1,1,1,3,5,2,13,2,21,2,9,5,5,7,20,8,20,10,16,,67,,1,21,121.544766,25.02472196
113,2,2,17,44,2,01大同區,大同區民生西路與承德路2段口,0,0,1,1,B01,8,5,5,50,5,2,1,5,4,5,13,2,1,8,3,5,2,17,1,66,3,10,2,1,7,9,1,4,11,5,,118,,1,21,121.5184762,25.05742
113,2,2,17,44,2,01大同區,大同區民生西路與承德路2段口,0,0,1,2,C03,8,5,5,50,5,2,1,5,4,5,13,2,1,8,3,5,2,17,2,33,2,8,6,1,7,15,1,10,2,14,,44,,1,22,121.5184762,25.05742
113,2,2,17,55,2,06松山區,松山區市民大道4段與八德路4段106巷口,0,0,1,1,C03,7,5,5,40,3,1,1,5,4,5,13,3,1,1,4,5,2,13,1,29,2,7,5,1,7,9,1,10,1,11,,16,,1,21,121.5612184,25.0466401
113,2,2,17,55,2,06松山區,松山區市民大道4段與八德路4段106巷口,0,0,1,2,B03,7,5,5,40,3,1,1,5,4,5,13,3,1,1,4,5,2,13,1,70,3,10,7,1,7,12,1,8,1,3,,44,,1,21,121.5612184,25.0466401
113,2,2,18,5,2,02萬華區,萬華區康定路與和平西路3段口,0,0,1,1,B03,7,5,5,50,4,2,1,5,4,5,13,2,1,9,4,5,2,13,1,30,3,10,3,4,7,9,1,8,1,1,,107,,1,22,121.5011746,25.0356198
113,2,2,18,5,2,02萬華區,萬華區康定路與和平西路3段口,0,0,1,2,C03,7,5,5,50,4,2,1,5,4,5,13,2,1,9,4,5,2,13,1,70,2,9,6,4,7,7,1,10,1,13,,100,,1,22,121.5011746,25.0356198
113,2,2,18,10,2,05中正區,中正區博愛路與漢口街1段口,0,0,1,1,C03,8,5,5,50,4,1,1,5,4,5,13,2,1,10,5,5,2,3,2,45,2,9,5,1,7,12,1,10,2,14,,44,,1,26,121.5114526,25.0450234
113,2,2,18,10,2,05中正區,中正區博愛路與漢口街1段口,0,0,1,2,H01,8,5,5,50,4,1,1,5,4,5,13,2,1,10,5,5,2,3,2,72,3,10,4,5,8,18,8,20,2,16,,121,,1,26,121.5114526,25.0450234
113,2,2,18,29,2,03中山區,中山區民權東路2段92巷與錦州街口,0,0,2,1,C03,8,5,5,30,4,1,1,5,4,3,13,4,4,10,4,5,2,15,1,27,2,7,6,1,7,9,1,10,1,14,,72,,1,21,121.5316945,25.06034406
113,2,2,18,29,2,03中山區,中山區民權東路2段92巷與錦州街口,0,0,2,2,C03,8,5,5,30,4,1,1,5,4,3,13,4,4,10,4,5,2,15,2,33,2,9,6,1,7,9,1,10,1,11,,14,,1,21,121.5316945,25.06034406
113,2,2,19,10,2,12內湖區,內湖區康寧路3段16巷103號與無名巷口,0,0,1,1,B03,8,5,5,30,3,18,1,5,4,5,13,4,4,10,5,5,2,3,1,68,3,10,7,1,7,5,1,8,2,8,,8,,1,21,121.6092128,25.07093824
113,2,2,19,10,2,12內湖區,內湖區康寧路3段16巷103號與無名巷口,0,0,1,2,H01,8,5,5,30,3,18,1,5,4,5,13,4,4,10,5,5,2,3,1,18,2,8,4,5,8,16,8,20,10,16,,67,,1,21,121.6092128,25.07093824
113,2,2,19,27,2,01大同區,大同區承德路2段239號,0,0,1,1,C03,8,5,5,50,4,2,1,5,4,5,13,2,1,1,2,5,2,12,1,23,2,9,6,1,7,7,1,10,1,13,,100,,1,21,121.5183707,25.06265019
113,2,2,19,27,2,01大同區,大同區承德路2段239號,0,0,1,2,B03,8,5,5,50,4,2,1,5,4,5,13,2,1,1,2,5,2,12,2,57,3,10,7,1,7,9,1,8,1,5,,44,,1,21,121.5183707,25.06265019
113,2,2,19,30,2,08士林區,士林區中山北路5段376號對面,0,0,1,1,C03,8,5,8,50,22,22,1,5,4,5,13,2,1,1,5,1,1,17,2,19,3,10,5,1,7,6,1,10,1,12,,9,,1,21,121.5273726,25.09025805
113,2,2,19,30,2,08士林區,士林區中山北路5段376號對面,0,0,1,2,C03,8,5,8,50,22,22,1,5,4,5,13,2,1,1,5,1,1,17,1,72,2,8,5,1,7,9,1,10,1,14,,14,,1,21,121.5273726,25.09025805
113,2,2,19,30,2,08士林區,士林區文林路與基河路口,0,0,1,1,C03,8,5,5,50,4,2,1,5,4,5,13,1,1,10,1,5,1,16,1,44,2,9,5,1,7,6,1,10,2,11,,44,,1,21,121.5251457,25.0860671
113,2,2,19,30,2,08士林區,士林區文林路與基河路口,0,0,1,2,C03,8,5,5,50,4,2,1,5,4,5,13,1,1,10,1,5,1,16,1,24,3,10,5,1,7,6,1,10,2,12,,9,,1,21,121.5251457,25.0860671
113,2,2,19,41,2,07信義區,信義區市民大道5段82號,0,0,1,1,B03,8,5,5,50,22,6,1,5,4,5,13,4,4,5,5,5,2,13,1,35,3,10,7,1,7,1,1,8,1,4,,108,,1,21,121.5668593,25.0486009
113,2,2,19,41,2,07信義區,信義區市民大道5段82號,0,0,1,2,C03,8,5,5,50,22,6,1,5,4,5,13,4,4,5,5,5,2,13,2,27,2,8,5,1,7,14,1,10,1,12,,44,,1,21,121.5668593,25.0486009
113,2,2,20,30,2,05中正區,中正區重慶南路3段與寧波西街口口,0,0,1,1,C03,7,5,5,50,4,1,1,5,4,5,13,1,1,1,4,5,2,13,1,27,2,8,3,4,7,9,1,10,2,11,,16,,1,21,121.5151626,25.0298889
113,2,2,20,30,2,05中正區,中正區重慶南路3段與寧波西街口口,0,0,1,2,C03,7,5,5,50,4,1,1,5,4,5,13,1,1,1,4,5,2,13,1,44,3,10,3,4,7,9,1,10,2,13,,44,,1,21,121.5151626,25.0298889
113,2,2,21,2,2,05中正區,中正區中正橋上橋處(往新北市方向),0,0,1,1,B03,8,5,5,30,14,9,2,5,4,5,13,4,4,1,4,5,1,17,1,56,3,10,7,1,7,8,1,8,11,5,,118,,2,21,121.5166904,25.0225233
113,2,2,21,2,2,05中正區,中正區中正橋上橋處(往新北市方向),0,0,1,3,C03,8,5,5,30,14,9,2,5,4,5,13,4,4,1,4,5,1,17,1,29,2,9,5,1,7,9,1,10,11,14,,44,,1,21,121.5166904,25.0225233
113,2,2,21,2,2,05中正區,中正區中正橋上橋處(往新北市方向),0,0,1,2,C03,8,5,5,30,14,9,2,5,4,5,13,4,4,1,4,5,1,17,2,51,3,10,5,1,7,9,1,10,11,13,,118,,2,21,121.5166904,25.0225233
113,2,2,21,5,2,09北投區,北投區中央北路3段與中央北路3段118巷口,0,0,2,1,B03,8,5,5,50,14,9,1,5,4,5,13,4,4,9,4,5,2,16,2,32,3,10,7,1,7,1,1,8,1,4,,19,,1,21,121.4835548,25.13742459
113,2,2,21,5,2,09北投區,北投區中央北路3段與中央北路3段118巷口,0,0,2,3,B03,8,5,5,50,14,9,1,5,4,5,13,4,4,9,4,5,2,16,1,29,3,10,7,1,7,9,1,8,1,5,,44,,1,21,121.4835548,25.13742459
113,2,2,21,5,2,09北投區,北投區中央北路3段與中央北路3段118巷口,0,0,2,2,C03,8,5,5,50,14,9,1,5,4,5,13,4,4,9,4,5,2,16,1,33,2,4,5,1,7,9,1,10,1,11,,108,,1,21,121.4835548,25.13742459
113,2,2,21,5,2,09北投區,北投區中央北路3段與中央北路3段118巷口,0,0,2,4,H02,8,5,5,50,14,9,1,5,4,5,13,4,4,9,4,5,2,16,2,34,2,4,5,5,7,20,8,20,10,16,,67,,1,21,121.4835548,25.13742459
113,2,2,21,7,2,12內湖區,內湖區金龍路與內湖路3段口,0,0,1,1,C03,8,5,5,50,5,2,1,5,4,5,13,1,1,5,4,5,2,17,1,54,3,10,5,1,7,1,1,10,1,13,,19,,1,21,121.5927295,25.08498256
113,2,2,21,7,2,12內湖區,內湖區金龍路與內湖路3段口,0,0,1,2,C02,8,5,5,50,5,2,1,5,4,5,13,1,1,5,4,5,2,17,1,27,2,8,5,1,7,9,1,9,1,14,,13,,1,21,121.5927295,25.08498256
113,2,2,21,15,2,07信義區,信義區林口街80巷51號,0,0,2,1,B02,6,5,8,30,22,22,1,4,4,5,13,4,4,10,5,5,2,17,1,57,3,10,7,1,7,14,1,8,2,4,,38,,1,22,121.5810992,25.0398696
113,2,2,21,15,2,07信義區,信義區林口街80巷51號,0,0,2,2,C04,6,5,8,30,22,22,1,4,4,5,13,4,4,10,5,5,2,17,2,40,2,9,6,1,7,9,1,11,2,14,,44,,1,22,121.5810992,25.0398696
113,2,2,21,15,2,07信義區,信義區林口街80巷51號,0,0,2,3,H02,6,5,8,30,22,22,1,4,4,5,13,4,4,10,5,5,2,17,2,23,2,9,6,5,7,19,8,20,10,16,,60,,1,22,121.5810992,25.0398696
113,2,2,21,20,2,09北投區,北投區中央北路4段與中央北路4段515巷口,0,0,1,1,H02,8,5,5,50,3,2,1,5,4,5,13,2,1,5,4,5,2,9,1,38,3,10,7,5,7,20,8,20,10,16,,67,,1,22,121.4685979,25.12833847
113,2,2,21,20,2,09北投區,北投區中央北路4段與中央北路4段515巷口,0,0,1,2,C03,8,5,5,50,3,2,1,5,4,5,13,2,1,5,4,5,2,9,1,20,2,9,6,1,7,9,1,10,1,14,,44,,1,22,121.4685979,25.12833847
113,2,2,21,20,2,09北投區,北投區中央北路4段與中央北路4段515巷口,0,0,1,3,B01,8,5,5,50,3,2,1,5,4,5,13,2,1,5,4,5,2,9,1,62,3,10,7,1,7,14,1,4,1,2,,44,,1,22,121.4685979,25.12833847
113,2,2,21,32,2,06松山區,松山區八德路3段74巷3弄6號,0,0,1,1,C03,6,5,5,30,14,9,1,4,4,5,13,4,4,10,5,5,2,2,1,33,3,10,5,1,7,9,1,10,1,12,,108,,1,22,121.5526888,25.04762062
113,2,2,21,32,2,06松山區,松山區八德路3段74巷3弄6號,0,0,1,2,H01,6,5,5,30,14,9,1,4,4,5,13,4,4,10,5,5,2,2,2,70,2,9,4,5,8,16,8,20,1,16,,67,,1,22,121.5526888,25.04762062
113,2,2,21,36,2,03中山區,中山區長安東路2段與吉林路口,0,0,2,1,C03,8,5,5,50,5,1,1,5,4,5,13,2,1,5,4,5,2,12,1,24,2,9,3,4,7,7,1,10,2,14,,100,,1,21,121.5298897,25.0485237
113,2,2,21,36,2,03中山區,中山區長安東路2段與吉林路口,0,0,2,2,B03,8,5,5,50,5,1,1,5,4,5,13,2,1,5,4,5,2,12,1,51,3,10,3,4,7,9,1,8,2,2,,44,,1,21,121.5298897,25.0485237
113,2,2,21,36,2,03中山區,中山區長安東路2段與吉林路口,0,0,2,3,H02,8,5,5,50,5,1,1,5,4,5,13,2,1,5,4,5,2,12,1,25,2,9,3,5,7,21,8,20,10,16,,67,,1,21,121.5298897,25.0485237
113,2,2,21,48,2,06松山區,松山區民生東路3段117號,0,0,1,1,C03,8,5,5,50,14,9,1,5,4,5,13,4,4,1,4,5,2,13,2,27,2,9,5,1,7,9,1,10,2,11,,108,,1,21,121.5465218,25.0578713
113,2,2,21,48,2,06松山區,松山區民生東路3段117號,0,0,1,2,B01,8,5,5,50,14,9,1,5,4,5,13,4,4,1,4,5,2,13,1,37,3,10,7,1,7,12,1,8,2,7,,44,,1,21,121.5465218,25.0578713
113,2,2,21,48,2,06松山區,松山區民生東路3段117號,0,0,1,3,B12,8,5,5,50,14,9,1,5,4,5,13,4,4,1,4,5,2,13,1,52,3,10,7,1,7,9,1,8,2,6,,44,,1,21,121.5465218,25.0578713
113,2,2,21,48,2,06松山區,松山區民生東路3段117號,0,0,1,4,B01,8,5,5,50,14,9,1,5,4,5,13,4,4,1,4,5,2,13,1,57,4,11,3,4,7,8,7,19,11,15,,100,,2,22,121.5465218,25.0578713
113,2,2,21,57,2,07信義區,信義區忠孝東路5段與忠孝東路5段345巷口,0,0,1,1,B01,6,5,5,50,4,1,1,4,4,5,13,2,1,3,4,5,2,16,1,61,3,10,3,4,7,11,1,4,1,5,,85,,1,21,121.5739662,25.0409513
113,2,2,21,57,2,07信義區,信義區忠孝東路5段與忠孝東路5段345巷口,0,0,1,2,C03,6,5,5,50,4,1,1,4,4,5,13,2,1,3,4,5,2,16,1,23,2,8,6,4,7,9,1,8,1,11,,44,,1,21,121.5739662,25.0409513
113,2,2,23,20,2,11南港區,南港區忠孝東路7段510號,0,0,3,1,C03,6,5,8,40,14,8,1,4,4,5,13,4,4,1,5,4,2,17,1,55,2,5,5,1,7,9,1,10,2,12,,13,,1,21,121.6100446,25.052385
113,2,2,23,20,2,11南港區,南港區忠孝東路7段510號,0,0,3,2,C03,6,5,8,40,14,8,1,4,4,5,13,4,4,1,5,4,2,17,2,58,2,8,5,1,7,7,1,10,2,14,,100,,1,21,121.6100446,25.052385
113,2,2,23,20,2,11南港區,南港區忠孝東路7段510號,0,0,3,3,H02,6,5,8,40,14,8,1,4,4,5,13,4,4,1,5,4,2,17,2,67,2,7,5,5,7,20,8,20,10,16,,67,,1,21,121.6100446,25.052385
113,2,2,23,30,2,03中山區,中山區北安路與自強隧道(外)口圓環,0,0,1,1,C03,8,5,5,50,18,9,1,5,4,5,13,1,1,1,4,5,2,13,1,49,3,10,6,1,7,9,1,9,1,11,,108,,1,21,121.5504948,25.0854366
113,2,2,23,30,2,03中山區,中山區北安路與自強隧道(外)口圓環,0,0,1,2,C03,8,5,5,50,18,9,1,5,4,5,13,1,1,1,4,5,2,13,1,36,2,8,6,1,7,14,1,10,1,13,,44,,1,21,121.5504948,25.0854366
113,2,3,2,14,2,03中山區,中山區松江路與德惠街口,0,0,4,1,A11,8,5,5,50,14,9,1,5,4,5,13,1,1,3,4,4,2,13,1,21,3,10,3,4,7,9,1,3,1,1,,108,,1,21,121.5337839,25.0667794
113,2,3,2,14,2,03中山區,中山區松江路與德惠街口,0,0,4,2,B01,8,5,5,50,14,9,1,5,4,5,13,1,1,3,4,4,2,13,1,60,2,2,3,4,7,14,1,4,1,3,,44,,1,21,121.5337839,25.0667794
113,2,3,2,14,2,03中山區,中山區松江路與德惠街口,0,0,4,3,H02,8,5,5,50,14,9,1,5,4,5,13,1,1,3,4,4,2,13,2,50,2,8,3,5,7,20,8,20,10,16,,67,,1,21,121.5337839,25.0667794
113,2,3,2,14,2,03中山區,中山區松江路與德惠街口,0,0,4,4,H02,8,5,5,50,14,9,1,5,4,5,13,1,1,3,4,4,2,13,2,49,2,2,3,5,7,20,8,20,10,16,,67,,1,21,121.5337839,25.0667794
113,2,3,2,14,2,03中山區,中山區松江路與德惠街口,0,0,4,5,H02,8,5,5,50,14,9,1,5,4,5,13,1,1,3,4,4,2,13,2,50,2,2,3,5,7,20,8,20,10,16,,67,,1,21,121.5337839,25.0667794
113,2,3,6,16,2,07信義區,信義區信義路4段與光復南路口,0,0,2,1,C03,8,7,5,50,5,1,1,5,4,5,13,1,1,5,5,5,2,15,2,60,2,8,5,1,7,9,1,10,1,11,,81,,1,21,121.5575344,25.0331927
113,2,3,6,16,2,07信義區,信義區信義路4段與光復南路口,0,0,2,2,C03,8,7,5,50,5,1,1,5,4,5,13,1,1,5,5,5,2,15,2,58,2,2,5,1,7,9,1,10,1,14,,44,,1,21,121.5575344,25.0331927
113,2,3,8,21,2,08士林區,士林區文林路89號,0,0,1,1,C03,7,7,5,50,14,9,1,5,4,5,13,4,4,4,5,5,1,17,2,67,2,9,5,1,7,1,1,10,1,14,,19,,1,21,121.5260728,25.0879637
113,2,3,8,21,2,08士林區,士林區文林路89號,0,0,1,2,A04,7,7,5,50,14,9,1,5,4,5,13,4,4,4,5,5,1,17,1,54,3,10,7,1,7,9,1,2,1,2,,44,,1,21,121.5260728,25.0879637
113,2,3,8,21,2,08士林區,士林區文林路89號,0,0,1,3,B03,7,7,5,50,14,9,1,5,4,5,13,4,4,4,5,5,1,17,1,62,3,10,7,1,7,14,1,4,1,4,,38,,1,21,121.5260728,25.0879637
113,2,3,8,26,2,02萬華區,萬華區西藏路與中華路2段口,0,0,1,1,B12,8,7,5,50,4,2,1,5,4,5,11,1,1,1,4,5,2,17,1,55,3,10,7,1,7,11,1,8,11,17,,85,,1,21,121.5040506,25.03006856
113,2,3,8,26,2,02萬華區,萬華區西藏路與中華路2段口,0,0,1,2,C03,8,7,5,50,4,2,1,5,4,5,11,1,1,1,4,5,2,17,1,29,2,9,5,1,7,9,1,10,1,17,,42,,1,21,121.5040506,25.03006856
113,2,3,8,30,2,10文山區,文山區興隆路4段108號,0,0,1,1,C03,8,6,6,50,14,9,1,5,4,2,13,4,4,1,4,4,1,13,1,58,2,7,6,1,7,9,1,10,1,11,,16,,1,21,121.5620848,24.98317631
113,2,3,8,30,2,10文山區,文山區興隆路4段108號,0,0,1,2,C03,8,6,6,50,14,9,1,5,4,2,13,4,4,1,4,4,1,13,1,29,3,10,6,1,7,9,1,10,1,13,,44,,1,21,121.5620848,24.98317631
113,2,3,9,0,2,11南港區,南港區舊莊街1段與舊莊街1段91巷口,0,0,1,1,C03,7,5,5,50,3,1,1,4,4,5,13,3,1,9,4,5,2,17,1,40,2,9,5,1,7,9,1,10,2,17,,13,,1,21,121.6191615,25.0407342
113,2,3,9,0,2,11南港區,南港區舊莊街1段與舊莊街1段91巷口,0,0,1,2,B03,7,5,5,50,3,1,1,4,4,5,13,3,1,9,4,5,2,17,1,48,3,10,7,1,7,6,1,14,2,17,,103,,1,21,121.6191615,25.0407342
113,2,3,9,0,2,07信義區,信義區忠孝東路5段423巷與虎林街82巷口,0,0,1,1,C03,6,7,5,30,4,1,1,4,4,5,13,4,4,9,4,5,2,15,1,62,3,10,5,1,7,9,1,10,2,11,,72,,1,22,121.5753904,25.043351
113,2,3,9,0,2,07信義區,信義區忠孝東路5段423巷與虎林街82巷口,0,0,1,2,C03,6,7,5,30,4,1,1,4,4,5,13,4,4,9,4,5,2,15,1,70,2,8,6,1,7,9,1,10,2,12,,14,,1,22,121.5753904,25.043351
113,2,3,9,15,2,05中正區,中正區忠孝東路2段與八德路1段口,0,0,1,1,B02,7,6,5,50,4,1,1,5,4,5,13,1,1,9,4,5,2,17,1,48,3,10,7,1,7,5,1,8,2,5,,44,,1,21,121.5289328,25.0433899
113,2,3,9,15,2,05中正區,中正區忠孝東路2段與八德路1段口,0,0,1,2,C03,7,6,5,50,4,1,1,5,4,5,13,1,1,9,4,5,2,17,1,69,2,9,5,1,7,5,1,10,2,14,,44,,1,21,121.5289328,25.0433899
113,2,3,9,34,2,03中山區,中山區建國北路3段86巷與松江路469巷口,0,0,1,1,C03,7,6,5,50,4,1,1,5,4,5,13,4,4,8,5,5,1,15,2,66,2,7,3,4,7,9,1,10,9,11,,44,,1,21,121.535069,25.06574601
113,2,3,9,34,2,03中山區,中山區建國北路3段86巷與松江路469巷口,0,0,1,2,C03,7,6,5,50,4,1,1,5,4,5,13,4,4,8,5,5,1,15,1,49,3,10,3,4,7,9,1,9,11,12,,80,,1,21,121.535069,25.06574601
113,2,3,9,34,2,09北投區,北投區石牌路1段166巷43弄與西安街1段313巷16弄口,0,0,1,1,C03,7,7,5,30,4,1,1,5,4,5,13,4,4,10,5,5,2,15,1,51,3,10,6,1,7,9,1,10,9,12,,108,,2,21,121.514733,25.1137115
113,2,3,9,34,2,09北投區,北投區石牌路1段166巷43弄與西安街1段313巷16弄口,0,0,1,2,C03,7,7,5,30,4,1,1,5,4,5,13,4,4,10,5,5,2,15,2,47,2,9,6,1,7,9,1,10,1,11,,14,,1,21,121.514733,25.1137115
113,2,3,9,34,2,09北投區,北投區石牌路1段166巷43弄與西安街1段313巷16弄口,0,0,1,3,B03,7,7,5,30,4,1,1,5,4,5,13,4,4,10,5,5,2,15,2,66,3,10,3,4,7,13,1,8,9,17,,38,,1,21,121.514733,25.1137115
113,2,3,10,5,2,12內湖區,內湖區內湖路2段261號,0,0,1,1,F02,8,6,5,50,14,9,1,5,4,5,13,2,1,9,5,5,2,3,2,47,3,10,4,1,7,9,8,20,2,11,,70,,1,21,121.5902814,25.08201232
113,2,3,10,5,2,12內湖區,內湖區內湖路2段261號,0,0,1,2,H01,8,6,5,50,14,9,1,5,4,5,13,2,1,9,5,5,2,3,2,66,2,9,4,5,8,16,8,20,10,16,,67,,1,21,121.5902814,25.08201232
113,2,3,10,11,2,07信義區,信義區松信路154號,0,0,1,1,B03,8,7,5,50,14,9,1,5,4,5,13,4,4,5,4,4,2,9,1,33,3,10,7,1,7,2,1,8,1,3,,12,,1,21,121.571963,25.0433986
113,2,3,10,11,2,07信義區,信義區松信路154號,0,0,1,2,H01,8,7,5,50,14,9,1,5,4,5,13,4,4,5,4,4,2,9,2,85,2,9,4,5,8,17,8,20,10,16,,60,,1,21,121.571963,25.0433986