發生年度,發生月,發生日,發生時-Hours,發生分,處理別-編號,區序,肇事地點,死亡人數,2-30日死亡人數,受傷人數,當事人序號,車種,天候,道路照明設備,道路類別,速限-速度限制,道路型態,事故位置,路面狀況1,路面狀況2,路面狀況3,道路障礙1,道路障礙2,號誌1,號誌2,車道劃分-分向,車道劃分-分道1,車道劃分-分道2,車道劃分-分道3,事故類型及型態,性別,年齡,受傷程度,主要傷處,保護裝置,行動電話,車輛用途,當事者行動狀態,駕駛資格情形,駕駛執照種類,飲酒情形,車輛撞擊部位1,車輛撞擊部位2,肇因碼-個別,肇因碼-主要,個人肇逃否,職業,座標-X,座標-Y
113,2,3,10,51,2,09北投區,北投區建民路129巷與致遠一路1段46巷口,0,0,2,1,C03,8,7,5,30,4,1,1,5,4,5,13,4,4,10,5,5,2,15,2,67,2,9,5,1,7,9,3,18,1,11,,72,,1,21,121.5175932,25.1101435
113,2,3,10,51,2,09北投區,北投區建民路129巷與致遠一路1段46巷口,0,0,2,2,C03,8,7,5,30,4,1,1,5,4,5,13,4,4,10,5,5,2,15,2,47,2,7,6,1,7,9,1,10,1,12,,44,,1,21,121.5175932,25.1101435
113,2,3,11,10,2,05中正區,中正區重慶南路3段103號,0,0,1,1,C03,8,6,5,30,14,9,1,5,4,5,13,4,4,2,4,5,1,13,1,33,2,9,5,1,7,9,1,10,1,11,,108,,1,21,121.5168657,25.0246419
113,2,3,11,10,2,05中正區,中正區重慶南路3段103號,0,0,1,2,B03,8,6,5,30,14,9,1,5,4,5,13,4,4,2,4,5,1,13,2,51,3,10,7,1,7,9,1,8,1,7,,44,,1,21,121.5168657,25.0246419
113,2,3,11,10,2,12內湖區,內湖區大湖街五指幹45號電桿,0,0,1,1,F01,8,7,5,30,11,9,5,5,4,5,13,4,4,10,5,5,1,18,2,63,2,1,4,1,7,12,8,20,1,15,,116,,1,21,121.6046998,25.09645914
113,2,3,11,10,2,12內湖區,內湖區大湖街五指幹45號電桿,0,0,1,2,,8,7,5,30,11,9,5,5,4,5,13,4,4,10,5,5,1,18,3,0,,,,,,,,,,,,67,,1,,121.6046998,25.09645914
113,2,3,11,12,2,08士林區,士林區中山北路7段141巷與中山北路7段181巷口,0,0,2,1,B03,8,6,5,50,3,1,1,5,4,5,13,4,4,5,5,5,2,17,1,53,3,10,7,1,7,11,1,8,2,8,,10,,1,21,121.5306302,25.12491131
113,2,3,11,12,2,08士林區,士林區中山北路7段141巷與中山北路7段181巷口,0,0,2,2,C03,8,6,5,50,3,1,1,5,4,5,13,4,4,5,5,5,2,17,2,29,2,9,6,1,7,9,1,10,2,11,,14,,1,21,121.5306302,25.12491131
113,2,3,11,12,2,08士林區,士林區中山北路7段141巷與中山北路7段181巷口,0,0,2,3,H02,8,6,5,50,3,1,1,5,4,5,13,4,4,5,5,5,2,17,2,32,2,9,6,5,7,20,8,20,10,16,,67,,1,21,121.5306302,25.12491131
113,2,3,11,40,2,01大同區,大同區延平北路4段與酒泉街口,0,0,1,1,C03,8,6,5,50,4,2,1,5,4,5,13,2,1,5,4,4,2,17,1,74,4,11,3,4,7,21,7,19,11,15,,119,,2,22,121.5108604,25.0719231
113,2,3,11,40,2,01大同區,大同區延平北路4段與酒泉街口,0,0,1,2,C03,8,6,5,50,4,2,1,5,4,5,13,2,1,5,4,4,2,17,2,25,2,8,6,4,7,9,1,10,1,12,,44,,1,22,121.5108604,25.0719231
113,2,3,11,59,2,10文山區,文山區興隆路2段66號,0,0,1,1,C03,8,6,5,50,14,9,1,5,4,5,13,4,4,1,4,5,2,12,2,61,2,9,6,1,7,7,3,18,2,14,,100,,1,21,121.5478275,24.9997385
113,2,3,11,59,2,10文山區,文山區興隆路2段66號,0,0,1,2,B03,8,6,5,50,14,9,1,5,4,5,13,4,4,1,4,5,2,12,1,85,3,10,7,1,7,9,1,8,2,2,,108,,1,21,121.5478275,24.9997385
113,2,3,11,59,2,10文山區,文山區興隆路2段66號,0,0,1,3,A02,8,6,5,50,14,9,1,5,4,5,13,4,4,1,4,5,2,12,1,61,3,10,7,1,7,14,1,2,2,17,,38,,1,21,121.5478275,24.9997385
113,2,3,12,0,2,10文山區,文山區木新路3段與樟新街口口,0,0,3,1,C03,8,6,5,50,3,1,1,5,4,5,13,2,1,4,4,5,1,16,1,36,2,9,6,1,7,5,3,18,2,12,,71,,1,21,121.5550004,24.98021584
113,2,3,12,0,2,10文山區,文山區木新路3段與樟新街口口,0,0,3,2,C03,8,6,5,50,3,1,1,5,4,5,13,2,1,4,4,5,1,16,1,18,2,9,6,1,7,9,1,10,2,11,,81,,1,21,121.5550004,24.98021584
113,2,3,12,0,2,10文山區,文山區木新路3段與樟新街口口,0,0,3,3,H01,8,6,5,50,3,1,1,5,4,5,13,2,1,4,4,5,1,16,2,60,2,1,4,5,8,17,8,20,10,16,,60,,1,21,121.5550004,24.98021584
113,2,3,12,2,2,06松山區,松山區民生東路5段36巷與民生東路5段36巷8弄口,0,0,1,1,B03,7,6,5,50,3,1,1,5,4,5,13,4,4,5,5,5,2,16,1,35,3,10,7,1,7,5,1,8,1,8,,74,,1,22,121.5571322,25.0570882
113,2,3,12,2,2,06松山區,松山區民生東路5段36巷與民生東路5段36巷8弄口,0,0,1,2,C03,7,6,5,50,3,1,1,5,4,5,13,4,4,5,5,5,2,16,2,60,2,8,5,1,7,9,1,10,1,14,,44,,1,22,121.5571322,25.0570882
113,2,3,12,4,2,09北投區,北投區中央北路3段與中央北路3段118巷口,0,0,2,1,C03,8,5,5,50,3,1,1,5,4,5,13,4,4,5,4,5,2,16,1,67,2,9,5,1,7,5,1,10,2,14,,8,,1,21,121.4835701,25.13737813
113,2,3,12,4,2,09北投區,北投區中央北路3段與中央北路3段118巷口,0,0,2,2,C03,8,5,5,50,3,1,1,5,4,5,13,4,4,5,4,5,2,16,2,42,2,9,5,1,7,9,1,10,2,11,,44,,1,21,121.4835701,25.13737813
113,2,3,12,25,2,04大安區,大安區忠孝東路4段與敦化南路1段口,0,0,1,1,B03,8,5,5,50,4,1,1,5,4,5,13,2,1,1,3,4,1,16,1,29,3,10,7,1,7,6,1,8,1,2,,71,,1,21,121.5489583,25.0416361
113,2,3,12,25,2,04大安區,大安區忠孝東路4段與敦化南路1段口,0,0,1,2,C04,8,5,5,50,4,1,1,5,4,5,13,2,1,1,3,4,1,16,2,24,2,8,5,1,7,9,1,10,1,14,,44,,1,21,121.5489583,25.0416361
113,2,3,12,47,2,02萬華區,萬華區青年路與國興路口,0,0,2,1,C03,8,5,8,30,4,1,1,5,4,5,13,1,1,10,5,5,2,17,1,48,2,9,3,4,7,1,1,10,2,11,,19,,1,21,121.5064727,25.0260628
113,2,3,12,47,2,02萬華區,萬華區青年路與國興路口,0,0,2,2,C03,8,5,8,30,4,1,1,5,4,5,13,1,1,10,5,5,2,17,2,25,2,9,3,4,7,9,1,10,2,11,,13,,1,21,121.5064727,25.0260628
113,2,3,13,3,2,05中正區,中正區市民大道3段8號前,0,0,1,1,B03,8,5,5,40,14,9,1,5,4,5,13,4,4,9,4,5,1,12,1,39,3,10,7,1,7,4,1,8,2,4,,1,,1,21,121.5321209,25.045506
113,2,3,13,3,2,05中正區,中正區市民大道3段8號前,0,0,1,2,B01,8,5,5,40,14,9,1,5,4,5,13,4,4,9,4,5,1,12,1,47,2,2,7,1,7,9,1,4,2,5,,17,,1,21,121.5321209,25.045506
113,2,3,13,10,2,05中正區,中正區詔安街59號,0,0,1,1,C03,8,6,5,30,14,9,1,5,4,5,13,4,4,10,5,5,1,17,2,69,3,10,6,1,7,5,3,18,1,12,,8,,1,21,121.5114052,25.0257444
113,2,3,13,10,2,05中正區,中正區詔安街59號,0,0,1,2,C03,8,6,5,30,14,9,1,5,4,5,13,4,4,10,5,5,1,17,1,28,2,9,6,1,7,9,1,10,1,11,,13,,1,21,121.5114052,25.0257444
113,2,3,13,28,2,05中正區,中正區愛國西路與公園路口,0,0,1,1,B03,8,5,6,50,4,2,1,5,4,5,13,1,1,1,5,5,2,16,1,66,3,10,7,1,7,9,1,8,1,4,4,85,,1,21,121.5148172,25.0352684
113,2,3,13,28,2,05中正區,中正區愛國西路與公園路口,0,0,1,2,C03,8,5,6,50,4,2,1,5,4,5,13,1,1,1,5,5,2,16,1,71,2,9,5,1,7,9,1,10,1,11,14,85,,1,21,121.5148172,25.0352684
113,2,3,13,30,2,01大同區,大同區民生西路與承德路2段口,0,0,1,1,B03,8,5,5,50,4,1,1,5,4,5,13,2,1,1,3,5,2,17,1,52,3,10,7,1,7,9,1,8,11,5,,44,,2,21,121.5184274,25.0574254
113,2,3,13,30,2,01大同區,大同區民生西路與承德路2段口,0,0,1,2,C03,8,5,5,50,4,1,1,5,4,5,13,2,1,1,3,5,2,17,2,61,2,8,6,1,7,9,1,10,1,14,,101,,1,21,121.5184274,25.0574254
113,2,3,13,30,2,01大同區,大同區民生西路與承德路2段口,0,0,1,3,B03,8,5,5,50,4,1,1,5,4,5,13,2,1,1,3,5,2,17,1,40,3,10,7,1,7,14,1,8,1,4,,44,,1,21,121.5184274,25.0574254
113,2,3,13,42,1,06松山區,松山區八德路4段與塔悠路口,1,0,0,1,A41,7,7,5,50,5,1,1,5,4,5,13,1,1,1,3,4,2,17,1,31,3,10,7,1,1,6,1,1,2,5,,9,,1,26,121.5720541,25.0502918
113,2,3,13,42,1,06松山區,松山區八德路4段與塔悠路口,1,0,0,2,C03,7,7,5,50,5,1,1,5,4,5,13,1,1,1,3,4,2,17,2,55,1,9,5,1,7,6,1,10,2,14,,44,,1,22,121.5720541,25.0502918
113,2,3,13,51,2,04大安區,大安區敦化南路1段187巷與敦化南路1段口,0,0,1,1,B03,8,5,5,50,4,18,1,5,4,5,13,2,1,1,3,1,1,1,1,22,3,10,7,1,7,5,1,8,1,8,,88,,1,21,121.5488464,25.0425012
113,2,3,13,51,2,04大安區,大安區敦化南路1段187巷與敦化南路1段口,0,0,1,2,H01,8,5,5,50,4,18,1,5,4,5,13,2,1,1,3,1,1,1,2,45,5,1,4,5,8,16,8,20,1,16,,67,,1,21,121.5488464,25.0425012
113,2,3,13,56,2,12內湖區,內湖區舊宗路2段111號,0,0,1,1,B03,8,7,5,50,14,9,1,5,4,5,13,1,1,1,3,5,1,17,1,59,3,10,7,1,7,15,1,8,1,17,,100,,1,21,121.5748305,25.06910729
113,2,3,13,56,2,12內湖區,內湖區舊宗路2段111號,0,0,1,2,C03,8,7,5,50,14,9,1,5,4,5,13,1,1,1,3,5,1,17,1,46,2,9,5,1,7,9,1,10,1,12,,13,,1,21,121.5748305,25.06910729
113,2,3,14,14,2,04大安區,大安區市民大道4段與敦化南路1段口,0,0,2,1,B03,8,6,5,50,5,1,1,5,4,5,13,1,1,1,4,5,2,12,1,23,3,10,3,4,7,6,1,8,1,6,,80,,1,21,121.5488304,25.0447193
113,2,3,14,14,2,04大安區,大安區市民大道4段與敦化南路1段口,0,0,2,2,C03,8,6,5,50,5,1,1,5,4,5,13,1,1,1,4,5,2,12,1,53,2,9,5,1,7,9,1,10,1,11,,44,,1,21,121.5488304,25.0447193
113,2,3,14,14,2,04大安區,大安區市民大道4段與敦化南路1段口,0,0,2,3,H02,8,6,5,50,5,1,1,5,4,5,13,1,1,1,4,5,2,12,2,45,2,9,5,5,7,20,8,20,10,17,,67,,1,21,121.5488304,25.0447193
113,2,3,14,39,2,04大安區,大安區杭州南路2段與杭州南路2段9巷口,0,0,2,1,C03,8,6,5,50,3,2,1,5,4,5,13,4,4,1,4,5,2,17,1,72,2,9,6,4,7,6,1,9,1,14,,72,,1,22,121.523849,25.0343109
113,2,3,14,39,2,04大安區,大安區杭州南路2段與杭州南路2段9巷口,0,0,2,2,C04,8,6,5,50,3,2,1,5,4,5,13,4,4,1,4,5,2,17,2,43,3,10,6,4,7,9,1,10,1,17,,44,,1,22,121.523849,25.0343109
113,2,3,14,39,2,04大安區,大安區杭州南路2段與杭州南路2段9巷口,0,0,2,3,H02,8,6,5,50,3,2,1,5,4,5,13,4,4,1,4,5,2,17,2,69,2,7,6,5,7,17,8,20,10,16,,67,,1,22,121.523849,25.0343109
113,2,3,15,2,2,03中山區,中山區南京東路2段與伊通街口,0,0,1,1,C03,8,5,5,50,4,1,1,5,4,5,13,1,1,1,4,4,2,16,2,47,3,10,6,1,7,6,1,10,1,12,,9,,1,21,121.5347954,25.0519303
113,2,3,15,2,2,03中山區,中山區南京東路2段與伊通街口,0,0,1,2,C03,8,5,5,50,4,1,1,5,4,5,13,1,1,1,4,4,2,16,2,38,2,2,6,1,7,9,1,10,1,14,,44,,1,21,121.5347954,25.0519303
113,2,3,15,5,2,08士林區,士林區福林路254巷099燈桿處,0,0,1,1,B03,8,6,5,40,14,9,1,5,4,5,13,4,4,10,5,5,1,17,1,56,3,10,7,1,7,8,1,8,2,15,,100,,1,22,121.5370437,25.0981004
113,2,3,15,5,2,08士林區,士林區福林路254巷099燈桿處,0,0,1,2,C03,8,6,5,40,14,9,1,5,4,5,13,4,4,10,5,5,1,17,1,19,2,8,6,1,7,9,1,10,2,12,,108,,1,21,121.5370437,25.0981004
113,2,3,15,5,2,08士林區,士林區福林路254巷099燈桿處,0,0,1,3,,8,6,5,40,14,9,1,5,4,5,13,4,4,10,5,5,1,17,3,0,,,,,,,,,,,,67,,1,,121.5370437,25.0981004
113,2,3,15,53,2,02萬華區,接華中橋匝道口,0,0,1,1,B03,8,7,8,40,3,1,1,5,4,5,13,1,1,1,5,5,2,15,1,35,3,10,7,1,7,15,1,8,1,5,,44,,1,21,121.4955132,25.0165208
113,2,3,15,53,2,02萬華區,接華中橋匝道口,0,0,1,2,C03,8,7,8,40,3,1,1,5,4,5,13,1,1,1,5,5,2,15,1,69,3,10,5,1,7,9,1,10,1,12,,44,,1,21,121.4955132,25.0165208
113,2,3,15,53,2,02萬華區,接華中橋匝道口,0,0,1,3,H02,8,7,8,40,3,1,1,5,4,5,13,1,1,1,5,5,2,15,2,64,2,8,5,5,7,17,8,20,10,16,,67,,1,21,121.4955132,25.0165208
113,2,3,15,56,2,04大安區,大安區復興南路2段17號與無名巷口,0,0,2,1,B03,8,7,5,50,3,2,1,5,4,5,13,4,4,1,4,4,2,17,1,36,3,10,7,1,7,6,1,8,1,2,,44,,1,21,121.543573,25.02573
113,2,3,15,56,2,04大安區,大安區復興南路2段17號與無名巷口,0,0,2,2,C03,8,7,5,50,3,2,1,5,4,5,13,4,4,1,4,4,2,17,2,23,2,9,6,1,7,9,1,10,1,14,,108,,1,21,121.543573,25.02573
113,2,3,15,56,2,04大安區,大安區復興南路2段17號與無名巷口,0,0,2,3,H02,8,7,5,50,3,2,1,5,4,5,13,4,4,1,4,4,2,17,2,24,2,9,6,5,7,21,8,20,10,16,,67,,1,21,121.543573,25.02573
113,2,3,16,9,2,04大安區,大安區復興南路1段與復興南路1段313巷口,0,0,2,1,C03,8,6,5,50,3,2,1,5,4,5,13,4,4,1,4,5,2,17,1,49,2,8,6,4,7,9,1,10,1,11,,16,,1,22,121.5436487,25.03420658
113,2,3,16,9,2,04大安區,大安區復興南路1段與復興南路1段313巷口,0,0,2,2,C03,8,6,5,50,3,2,1,5,4,5,13,4,4,1,4,5,2,17,2,43,2,8,6,4,7,9,1,10,1,13,,44,,1,22,121.5436487,25.03420658
113,2,3,16,9,2,04大安區,大安區復興南路1段與復興南路1段313巷口,0,0,2,3,B01,8,6,5,50,3,2,1,5,4,5,13,4,4,1,4,5,2,17,1,53,3,10,3,4,7,8,1,3,1,17,,100,,1,22,121.5436487,25.03420658
113,2,3,16,17,2,05中正區,中正區重慶南路2段59號對面,0,0,1,1,C03,8,6,5,50,14,9,1,5,4,5,13,4,4,1,4,5,2,13,2,41,2,7,5,1,7,9,1,10,2,11,,16,,1,21,121.5148633,25.03078806
113,2,3,16,17,2,05中正區,中正區重慶南路2段59號對面,0,0,1,2,B03,8,6,5,50,14,9,1,5,4,5,13,4,4,1,4,5,2,13,1,60,3,10,7,1,7,15,1,8,2,6,,44,,1,21,121.5148633,25.03078806
113,2,3,16,18,2,02萬華區,萬華區昆明街與西寧南路50巷口,0,0,1,1,B03,8,6,5,50,3,2,1,5,4,5,13,4,4,9,4,5,2,17,2,33,3,10,7,1,7,7,1,8,1,8,,100,,1,21,121.5052277,25.0443668
113,2,3,16,18,2,02萬華區,萬華區昆明街與西寧南路50巷口,0,0,1,2,C03,8,6,5,50,3,2,1,5,4,5,13,4,4,9,4,5,2,17,2,47,2,8,5,1,7,9,1,10,1,12,,44,,1,21,121.5052277,25.0443668
113,2,3,16,30,2,03中山區,中山區民權東路1段與林森北路口,0,0,1,1,C03,7,7,5,50,14,9,1,5,4,5,13,4,4,1,4,5,2,12,2,55,2,9,6,4,7,7,1,10,1,14,,100,,1,21,121.5261085,25.0627766
113,2,3,16,30,2,03中山區,中山區民權東路1段與林森北路口,0,0,1,2,B02,7,7,5,50,14,9,1,5,4,5,13,4,4,1,4,5,2,12,1,50,3,10,3,4,7,9,1,8,1,2,,44,,1,21,121.5261085,25.0627766
113,2,3,16,36,2,07信義區,信義區忠孝東路5段與永吉路30巷口口,0,0,1,1,B03,8,6,5,50,4,1,1,5,4,5,13,2,1,9,4,5,2,12,1,59,3,10,3,4,7,8,1,8,1,2,,100,,1,21,121.5686665,25.0411294
113,2,3,16,36,2,07信義區,信義區忠孝東路5段與永吉路30巷口口,0,0,1,2,C03,8,6,5,50,4,1,1,5,4,5,13,2,1,9,4,5,2,12,1,50,3,10,5,1,7,9,1,10,1,14,,44,,1,21,121.5686665,25.0411294
113,2,3,16,36,2,07信義區,信義區忠孝東路5段與永吉路30巷口口,0,0,1,3,H02,8,6,5,50,4,1,1,5,4,5,13,2,1,9,4,5,2,12,2,39,2,8,5,5,7,17,8,20,10,16,,67,,1,21,121.5686665,25.0411294
113,2,3,16,38,2,07信義區,信義區忠孝東路5段423巷6弄與忠孝東路5段423巷口,0,0,1,1,C01,8,6,5,30,4,2,1,5,4,5,13,4,4,10,5,5,1,16,1,56,3,10,3,4,7,6,1,9,1,12,,9,,1,21,121.575382,25.0417144
113,2,3,16,38,2,07信義區,信義區忠孝東路5段423巷6弄與忠孝東路5段423巷口,0,0,1,2,C03,8,6,5,30,4,2,1,5,4,5,13,4,4,10,5,5,1,16,1,59,2,8,3,4,7,9,1,10,1,14,,13,,1,21,121.575382,25.0417144
113,2,3,16,39,2,03中山區,中山區新生北路2段與民生東路1段口,0,0,2,1,C03,8,6,5,50,4,1,1,5,4,5,13,2,1,1,4,5,2,16,2,27,2,9,3,4,7,5,1,10,2,14,,8,,1,21,121.5274203,25.0579987
113,2,3,16,39,2,03中山區,中山區新生北路2段與民生東路1段口,0,0,2,2,C03,8,6,5,50,4,1,1,5,4,5,13,2,1,1,4,5,2,16,2,32,2,9,3,4,7,9,1,10,2,11,,44,,1,21,121.5274203,25.0579987
113,2,3,17,5,2,12內湖區,內湖區成功路2段與成功路1段口口,0,0,1,1,B03,8,6,5,50,3,2,1,5,4,5,13,4,4,1,4,5,2,17,1,59,3,10,7,1,7,6,1,8,1,6,,9,,1,21,121.5911002,25.06195579
113,2,3,17,5,2,12內湖區,內湖區成功路2段與成功路1段口口,0,0,1,2,C03,8,6,5,50,3,2,1,5,4,5,13,4,4,1,4,5,2,17,1,52,2,7,5,1,7,9,1,10,1,14,,44,,1,21,121.5911002,25.06195579
113,2,3,17,16,2,07信義區,信義區福德街與大道路口,0,0,1,1,B03,8,6,5,50,4,2,1,5,4,5,13,1,1,1,5,5,2,3,1,40,3,10,3,4,7,5,1,8,1,1,,70,,1,21,121.5838389,25.0380319
113,2,3,17,16,2,07信義區,信義區福德街與大道路口,0,0,1,2,H01,8,6,5,50,4,2,1,5,4,5,13,1,1,1,5,5,2,3,2,23,2,9,4,5,8,16,8,20,10,16,,67,,1,21,121.5838389,25.0380319
113,2,3,17,24,2,08士林區,士林區承德路4段與中正路口,0,0,1,1,B03,8,6,5,40,4,2,1,5,4,5,13,1,1,10,4,4,1,17,1,30,3,10,7,1,7,6,1,8,2,2,,9,,1,21,121.5166065,25.09101251
113,2,3,17,24,2,08士林區,士林區承德路4段與中正路口,0,0,1,2,C03,8,6,5,40,4,2,1,5,4,5,13,1,1,10,4,4,1,17,1,27,2,9,6,1,7,9,1,10,2,14,,13,,1,21,121.5166065,25.09101251
113,2,3,17,30,2,08士林區,士林區承德路4段與承德路4段40巷口,0,0,1,1,B03,8,5,5,50,4,1,1,5,4,5,13,2,1,9,4,5,1,17,1,29,3,10,7,1,7,6,1,8,1,6,,9,,1,21,121.5223529,25.080889
113,2,3,17,30,2,08士林區,士林區承德路4段與承德路4段40巷口,0,0,1,2,C04,8,5,5,50,4,1,1,5,4,5,13,2,1,9,4,5,1,17,1,49,2,9,6,1,7,9,1,10,1,14,,44,,1,21,121.5223529,25.080889
113,2,3,17,30,2,12內湖區,內湖區民權東路6段50號,0,0,1,1,B03,8,5,8,40,22,22,1,5,4,5,13,4,4,1,4,4,2,16,1,63,3,10,7,1,7,6,1,8,2,2,,9,,1,21,121.5832773,25.0683933
113,2,3,17,30,2,12內湖區,內湖區民權東路6段50號,0,0,1,2,C03,8,5,8,40,22,22,1,5,4,5,13,4,4,1,4,4,2,16,1,28,2,9,5,1,7,9,1,10,2,11,,16,,1,21,121.5832773,25.0683933
113,2,3,17,30,2,12內湖區,內湖區民權東路6段50號,0,0,1,3,,8,5,8,40,22,22,1,5,4,5,13,4,4,1,4,4,2,16,3,59,,,,,,,,,,,,67,,1,,121.5832773,25.0683933
113,2,3,17,35,2,04大安區,大安區新生南路1段與新生南路1段143巷口,0,0,1,1,B01,7,6,5,30,14,20,1,5,4,5,13,4,4,10,5,5,2,16,1,64,3,10,3,4,7,6,1,4,1,5,,80,,1,21,121.533007,25.0358449
113,2,3,17,35,2,04大安區,大安區新生南路1段與新生南路1段143巷口,0,0,1,2,F02,7,6,5,30,14,20,1,5,4,5,13,4,4,10,5,5,2,16,1,67,2,9,3,4,7,9,8,20,1,11,,42,,1,21,121.533007,25.0358449
113,2,3,18,5,2,12內湖區,內湖區舊宗路2段與舊宗路2段171巷口,0,0,2,1,C03,8,5,5,50,3,1,1,5,4,5,13,4,4,1,4,5,2,16,1,27,3,10,5,1,7,4,1,9,1,13,,80,,1,21,121.5747069,25.07125567
113,2,3,18,5,2,12內湖區,內湖區舊宗路2段與舊宗路2段171巷口,0,0,2,2,C03,8,5,5,50,3,1,1,5,4,5,13,4,4,1,4,5,2,16,1,35,2,9,5,1,7,9,1,10,1,11,,44,,1,21,121.5747069,25.07125567
113,2,3,18,5,2,12內湖區,內湖區舊宗路2段與舊宗路2段171巷口,0,0,2,3,H02,8,5,5,50,3,1,1,5,4,5,13,4,4,1,4,5,2,16,2,35,2,9,5,5,7,21,8,20,10,17,,67,,1,21,121.5747069,25.07125567
113,2,3,18,6,2,12內湖區,內湖區江南街71巷16弄42號前,0,0,2,1,C03,8,5,5,50,14,9,1,5,4,5,13,4,4,9,5,5,2,13,2,23,2,9,6,1,7,9,1,10,1,11,,108,,1,21,121.5778765,25.07560808
113,2,3,18,6,2,12內湖區,內湖區江南街71巷16弄42號前,0,0,2,2,C03,8,5,5,50,14,9,1,5,4,5,13,4,4,9,5,5,2,13,1,52,2,9,6,1,7,12,1,10,1,13,,44,,1,21,121.5778765,25.07560808
113,2,3,18,10,2,07信義區,信義區信安街67巷與無名巷口0602649燈桿對面,0,0,1,1,B03,7,5,5,50,3,2,1,5,4,5,13,4,4,9,5,4,2,17,2,21,3,10,3,4,7,5,1,8,2,1,,71,,1,21,121.5602301,25.0258982
113,2,3,18,10,2,07信義區,信義區信安街67巷與無名巷口0602649燈桿對面,0,0,1,2,C03,7,5,5,50,3,2,1,5,4,5,13,4,4,9,5,4,2,17,1,60,3,10,5,1,7,15,1,10,2,11,,44,,1,21,121.5602301,25.0258982
113,2,3,18,10,2,07信義區,信義區信安街67巷與無名巷口0602649燈桿對面,0,0,1,3,H02,7,5,5,50,3,2,1,5,4,5,13,4,4,9,5,4,2,17,2,57,2,1,5,5,7,17,8,20,10,16,,67,,1,21,121.5602301,25.0258982
113,2,3,18,43,2,04大安區,大安區光復南路116巷、廢鐵道,0,0,1,1,B03,8,5,5,30,4,1,1,5,4,5,13,4,4,10,5,5,1,16,1,58,3,10,3,4,7,5,1,8,1,5,,80,,1,22,121.5562477,25.043
113,2,3,18,43,2,04大安區,大安區光復南路116巷、廢鐵道,0,0,1,3,B03,8,5,5,30,4,1,1,5,4,5,13,4,4,10,5,5,1,16,1,42,3,10,3,4,7,14,1,8,1,4,,38,,1,22,121.5562477,25.043
113,2,3,18,43,2,04大安區,大安區光復南路116巷、廢鐵道,0,0,1,2,C03,8,5,5,30,4,1,1,5,4,5,13,4,4,10,5,5,1,16,1,19,2,9,6,1,7,9,1,10,1,14,,13,,1,22,121.5562477,25.043
113,2,3,18,55,2,06松山區,松山區民生東路4段80巷與民生東路4段56巷3弄口,0,0,1,1,F01,8,6,5,50,4,1,1,5,4,5,13,4,4,7,5,5,2,17,2,71,2,8,4,1,7,6,8,20,9,12,,9,,1,21,121.5529652,25.0572218
113,2,3,18,55,2,06松山區,松山區民生東路4段80巷與民生東路4段56巷3弄口,0,0,1,2,F01,8,6,5,50,4,1,1,5,4,5,13,4,4,7,5,5,2,17,1,20,3,10,4,1,7,9,8,20,9,12,,44,,1,21,121.5529652,25.0572218
113,2,3,19,36,2,04大安區,大安區建國南路2段南往北（勝利加油站旁）,0,0,2,1,F01,7,5,5,50,14,9,1,5,4,5,13,4,4,1,4,5,2,12,2,74,2,1,4,1,7,1,8,20,1,15,,19,,1,21,121.5375124,25.0311538
113,2,3,19,36,2,04大安區,大安區建國南路2段南往北（勝利加油站旁）,0,0,2,2,C03,7,5,5,50,14,9,1,5,4,5,13,4,4,1,4,5,2,12,2,30,2,7,6,1,7,9,1,10,1,15,,44,,1,21,121.5375124,25.0311538
113,2,3,19,57,2,10文山區,文山區辛亥路7段燈桿0706687旁,0,0,3,1,C03,7,5,5,40,14,8,1,5,4,5,13,4,4,5,4,4,2,12,1,59,2,9,5,1,7,7,1,10,2,13,,100,,1,21,121.5539565,24.9827546
113,2,3,19,57,2,10文山區,文山區辛亥路7段燈桿0706687旁,0,0,3,2,C03,7,5,5,40,14,8,1,5,4,5,13,4,4,5,4,4,2,12,1,24,2,9,5,1,7,9,3,18,2,14,,16,,1,21,121.5539565,24.9827546
113,2,3,19,57,2,10文山區,文山區辛亥路7段燈桿0706687旁,0,0,3,3,H02,7,5,5,40,14,8,1,5,4,5,13,4,4,5,4,4,2,12,2,30,2,9,5,5,7,20,8,20,10,17,,67,,1,21,121.5539565,24.9827546
113,2,3,19,57,2,10文山區,文山區辛亥路7段燈桿0706687旁,0,0,3,4,C03,7,5,5,40,14,8,1,5,4,5,13,4,4,5,4,4,2,12,1,41,3,10,3,4,7,13,1,10,1,14,,44,,1,21,121.5539565,24.9827546
113,2,3,19,57,2,10文山區,文山區辛亥路7段燈桿0706687旁,0,0,3,5,B03,7,5,5,40,14,8,1,5,4,5,13,4,4,5,4,4,2,12,1,42,3,10,3,4,7,13,1,8,1,3,,44,,1,21,121.5539565,24.9827546
113,2,3,19,57,2,10文山區,文山區辛亥路7段燈桿0706687旁,0,0,3,6,,7,5,5,40,14,8,1,5,4,5,13,4,4,5,4,4,2,12,3,0,,,,,,,,,,,,67,,1,,121.5539565,24.9827546
113,2,3,19,57,2,10文山區,文山區辛亥路7段燈桿0706687旁,0,0,3,7,,7,5,5,40,14,8,1,5,4,5,13,4,4,5,4,4,2,12,3,0,,,,,,,,,,,,67,,1,,121.5539565,24.9827546
113,2,3,20,19,2,12內湖區,內湖區民權大橋與民權大橋口西往東(編號7510465路燈處),0,0,2,1,C03,8,5,5,40,8,11,1,5,4,5,13,4,4,5,4,4,1,13,1,17,2,8,6,1,7,4,2,18,1,12,,118,,1,21,121.5714732,25.06454473