發生年度,發生月,發生日,發生時-Hours,發生分,處理別-編號,區序,肇事地點,死亡人數,2-30日死亡人數,受傷人數,當事人序號,車種,天候,道路照明設備,道路類別,速限-速度限制,道路型態,事故位置,路面狀況1,路面狀況2,路面狀況3,道路障礙1,道路障礙2,號誌1,號誌2,車道劃分-分向,車道劃分-分道1,車道劃分-分道2,車道劃分-分道3,事故類型及型態,性別,年齡,受傷程度,主要傷處,保護裝置,行動電話,車輛用途,當事者行動狀態,駕駛資格情形,駕駛執照種類,飲酒情形,車輛撞擊部位1,車輛撞擊部位2,肇因碼-個別,肇因碼-主要,個人肇逃否,職業,座標-X,座標-Y
113,2,3,20,19,2,12內湖區,內湖區民權大橋與民權大橋口西往東(編號7510465路燈處),0,0,2,2,C03,8,5,5,40,8,11,1,5,4,5,13,4,4,5,4,4,1,13,1,73,3,10,5,1,7,9,1,10,1,13,,44,,1,21,121.5714732,25.06454473
113,2,3,20,19,2,12內湖區,內湖區民權大橋與民權大橋口西往東(編號7510465路燈處),0,0,2,3,C03,8,5,5,40,8,11,1,5,4,5,13,4,4,5,4,4,1,13,1,46,2,9,5,1,7,8,1,10,1,11,,13,,1,21,121.5714732,25.06454473
113,2,3,22,21,2,12內湖區,內湖區環山路3段與內湖路2段103巷口,0,0,1,1,C03,8,5,5,50,4,1,1,5,4,5,13,1,1,5,4,5,2,13,2,27,2,9,5,1,7,8,1,10,2,13,,100,,1,21,121.5808984,25.0847075
113,2,3,22,21,2,12內湖區,內湖區環山路3段與內湖路2段103巷口,0,0,1,2,B03,8,5,5,50,4,1,1,5,4,5,13,1,1,5,4,5,2,13,1,51,3,10,7,1,7,9,1,8,2,1,,81,,1,21,121.5808984,25.0847075
113,2,3,22,40,2,12內湖區,內湖區成功路2段南向北(南京東路六段),0,0,2,1,B03,7,5,5,50,3,1,1,5,4,5,13,4,4,1,4,5,2,16,4,67,,,,,,,,,11,,,119,,2,,121.5909417,25.06280434
113,2,3,22,40,2,12內湖區,內湖區成功路2段南向北(南京東路六段),0,0,2,2,C03,7,5,5,50,3,1,1,5,4,5,13,4,4,1,4,5,2,16,1,24,2,9,6,1,7,9,1,10,2,14,,42,,1,21,121.5909417,25.06280434
113,2,3,22,40,2,12內湖區,內湖區成功路2段南向北(南京東路六段),0,0,2,3,H02,7,5,5,50,3,1,1,5,4,5,13,4,4,1,4,5,2,16,2,24,2,8,6,5,7,20,8,20,10,16,,67,,1,21,121.5909417,25.06280434
113,2,3,22,54,2,01大同區,大同區鄭州路與西寧北路口,0,0,1,1,C03,8,5,5,40,4,1,1,5,4,5,13,1,1,1,2,5,2,17,1,81,2,9,6,1,7,5,1,10,1,14,,103,,1,21,121.5082021,25.0506052
113,2,3,22,54,2,01大同區,大同區鄭州路與西寧北路口,0,0,1,2,B03,8,5,5,40,4,1,1,5,4,5,13,1,1,1,2,5,2,17,1,39,3,10,7,1,7,9,1,8,1,5,,99,,1,21,121.5082021,25.0506052
113,2,3,23,45,2,06松山區,松山區民權東路3段與敦化北路口,0,0,2,1,C03,7,5,5,50,5,2,1,5,4,5,13,1,1,3,2,5,2,13,1,22,2,9,6,1,7,9,1,10,1,11,,108,,1,21,121.5505016,25.06150688
113,2,3,23,45,2,06松山區,松山區民權東路3段與敦化北路口,0,0,2,2,B03,7,5,5,50,5,2,1,5,4,5,13,1,1,3,2,5,2,13,2,33,2,9,7,1,7,14,1,8,1,6,,44,,1,21,121.5505016,25.06150688
113,2,4,0,0,2,06松山區,松山區塔悠路與塔悠路口25號旁無名巷,0,0,1,1,C03,8,5,5,30,3,2,1,5,4,5,13,3,1,3,4,4,2,17,1,18,2,9,6,1,7,6,1,10,1,14,,72,,1,21,121.5717077,25.05048026
113,2,4,0,0,2,06松山區,松山區塔悠路與塔悠路口25號旁無名巷,0,0,1,2,B03,8,5,5,30,3,2,1,5,4,5,13,3,1,3,4,4,2,17,1,31,3,10,7,1,7,7,1,8,1,6,,14,,1,21,121.5717077,25.05048026
113,2,4,0,0,2,06松山區,松山區塔悠路與塔悠路口25號旁無名巷,0,0,1,3,C03,8,5,5,30,3,2,1,5,4,5,13,3,1,3,4,4,2,17,1,23,3,10,6,1,7,5,1,10,1,11,,80,,1,21,121.5717077,25.05048026
113,2,4,0,33,2,04大安區,大安區忠孝東路4段77巷與敦化南路1段190巷口,0,0,1,1,C03,7,5,5,30,4,1,1,5,4,5,13,4,4,10,5,5,2,15,1,47,2,9,5,4,7,9,1,10,1,11,,14,,1,21,121.5472133,25.0426279
113,2,4,0,33,2,04大安區,大安區忠孝東路4段77巷與敦化南路1段190巷口,0,0,1,2,B01,7,5,5,30,4,1,1,5,4,5,13,4,4,10,5,5,2,15,1,56,3,10,3,4,7,9,1,4,1,1,,108,,1,21,121.5472133,25.0426279
113,2,4,1,20,2,03中山區,中山區市民大道3段83號,0,0,1,1,B03,8,5,5,40,14,9,1,5,4,5,13,1,1,1,4,4,2,13,1,22,3,10,3,4,7,9,6,8,1,1,,108,,1,21,121.5378844,25.0447255
113,2,4,1,20,2,03中山區,中山區市民大道3段83號,0,0,1,2,B01,8,5,5,40,14,9,1,5,4,5,13,1,1,1,4,4,2,13,1,55,2,2,3,4,7,14,1,4,1,3,,44,,1,21,121.5378844,25.0447255
113,2,4,3,31,2,02萬華區,萬華區青年路與水源路口,0,0,1,1,B12,7,5,5,30,4,1,1,5,4,5,13,1,1,8,3,5,2,16,1,23,3,10,7,1,7,6,1,8,2,1,,4,,1,21,121.5042619,25.020024
113,2,4,3,31,2,02萬華區,萬華區青年路與水源路口,0,0,1,2,F01,7,5,5,30,4,1,1,5,4,5,13,1,1,8,3,5,2,16,1,77,5,1,4,1,7,9,8,20,2,12,,29,,1,21,121.5042619,25.020024
113,2,4,7,0,2,06松山區,松山區南京東路4段與健康路口,0,0,1,1,C03,7,7,6,50,4,1,1,5,4,5,13,2,1,1,4,5,2,18,1,40,2,9,5,1,7,9,1,10,1,14,,42,,1,7,121.5530583,25.0514128
113,2,4,7,0,2,06松山區,松山區南京東路4段與健康路口,0,0,1,2,,7,7,6,50,4,1,1,5,4,5,13,2,1,1,4,5,2,18,3,0,,,,,,,,,,,,67,,1,,121.5530583,25.0514128
113,2,4,7,16,2,03中山區,中山區錦州街與中原街口,0,0,1,1,B03,8,6,5,50,4,18,1,5,4,5,13,2,1,9,4,5,2,2,1,33,3,10,7,1,7,5,1,8,1,1,,70,,1,21,121.5287798,25.0603601
113,2,4,7,16,2,03中山區,中山區錦州街與中原街口,0,0,1,2,H01,8,6,5,50,4,18,1,5,4,5,13,2,1,9,4,5,2,2,1,42,2,9,4,5,8,16,8,20,10,16,,67,,1,21,121.5287798,25.0603601
113,2,4,7,44,2,08士林區,士林區承德路4段與通河街口,0,0,1,1,B03,8,6,5,50,4,2,1,5,4,5,13,1,1,2,4,5,1,15,1,62,3,10,3,4,7,9,1,8,1,1,,81,,1,22,121.5222142,25.0802599
113,2,4,7,44,2,08士林區,士林區承德路4段與通河街口,0,0,1,2,C03,8,6,5,50,4,2,1,5,4,5,13,1,1,2,4,5,1,15,2,57,2,9,3,4,7,9,1,10,1,14,,44,,1,22,121.5222142,25.0802599
113,2,4,8,2,2,08士林區,士林區延平北路6段與社中街口,0,0,1,1,C03,8,7,5,50,4,2,1,5,4,5,13,2,1,1,4,4,1,17,1,72,2,9,6,1,7,5,1,10,1,14,,83,,1,21,121.5011257,25.0903817
113,2,4,8,2,2,08士林區,士林區延平北路6段與社中街口,0,0,1,2,B02,8,7,5,50,4,2,1,5,4,5,13,2,1,1,4,4,1,17,1,35,3,10,7,1,7,9,1,4,1,1,,13,,1,21,121.5011257,25.0903817
113,2,4,8,2,2,08士林區,士林區延平北路6段與社中街口,0,0,1,3,B12,8,7,5,50,4,2,1,5,4,5,13,2,1,1,4,4,1,17,1,54,3,10,7,1,7,12,1,8,1,5,,44,,1,21,121.5011257,25.0903817
113,2,4,8,50,2,03中山區,中山區中山北路3段往北、美術館前,0,0,3,1,C03,8,7,5,50,14,9,1,5,4,5,13,4,4,1,4,5,2,13,1,67,2,9,5,4,7,9,1,11,2,11,,108,,1,21,121.5242555,25.0729861
113,2,4,8,50,2,03中山區,中山區中山北路3段往北、美術館前,0,0,3,2,B01,8,7,5,50,14,9,1,5,4,5,13,4,4,1,4,5,2,13,1,49,2,2,3,4,7,9,1,4,2,7,,44,,1,21,121.5242555,25.0729861
113,2,4,8,50,2,03中山區,中山區中山北路3段往北、美術館前,0,0,3,3,C03,8,7,5,50,14,9,1,5,4,5,13,4,4,1,4,5,2,13,1,48,2,9,6,4,7,9,1,10,2,11,,16,,1,21,121.5242555,25.0729861
113,2,4,9,0,2,04大安區,大安區麗水街與金山南路2段185巷口,0,0,2,1,C03,8,6,5,30,4,1,1,5,4,5,13,4,4,5,4,5,2,15,2,49,2,7,6,1,7,9,1,10,1,12,,72,,1,21,121.528221,25.028165
113,2,4,9,0,2,04大安區,大安區麗水街與金山南路2段185巷口,0,0,2,2,C03,8,6,5,30,4,1,1,5,4,5,13,4,4,5,4,5,2,15,1,43,2,7,6,1,7,9,1,10,1,14,,14,,1,21,121.528221,25.028165
113,2,4,9,25,2,09北投區,北投區懷德街與榮華三路口,0,0,1,1,B01,8,7,5,50,4,1,1,5,4,5,13,2,1,5,5,5,2,1,1,65,3,10,7,1,7,5,1,4,2,8,,70,,1,21,121.5198546,25.11421743
113,2,4,9,25,2,09北投區,北投區懷德街與榮華三路口,0,0,1,2,H01,8,7,5,50,4,1,1,5,4,5,13,2,1,5,5,5,2,1,2,81,2,6,4,5,8,16,8,20,10,16,,67,,1,21,121.5198546,25.11421743
113,2,4,9,39,2,03中山區,中山區長安東路1段53巷與林森北路85巷口,0,0,1,1,B01,7,5,5,30,4,1,5,5,4,5,13,4,4,10,5,5,2,15,1,69,3,10,7,1,7,9,1,4,1,1,,14,,1,21,121.5265659,25.04941931
113,2,4,9,39,2,03中山區,中山區長安東路1段53巷與林森北路85巷口,0,0,1,2,C03,7,5,5,30,4,1,5,5,4,5,13,4,4,10,5,5,2,15,1,35,2,9,6,1,7,9,1,10,1,12,,14,,1,21,121.5265659,25.04941931
113,2,4,9,53,2,08士林區,士林區通河西街2段堤外便道百齡左岸249號燈桿,0,0,1,1,B03,8,7,5,40,14,9,1,5,4,5,13,4,4,5,5,5,1,17,2,68,3,10,7,1,7,4,1,8,1,2,,94,,1,21,121.5078371,25.0932079
113,2,4,9,53,2,08士林區,士林區通河西街2段堤外便道百齡左岸249號燈桿,0,0,1,2,C03,8,7,5,40,14,9,1,5,4,5,13,4,4,5,5,5,1,17,2,60,2,9,6,1,7,9,1,10,1,14,,44,,1,21,121.5078371,25.0932079
113,2,4,9,53,2,10文山區,、興隆路四段66巷多岔路口,0,0,2,1,C03,8,6,5,50,4,1,1,5,4,5,13,4,4,10,5,1,2,15,1,39,2,8,3,4,7,9,1,10,2,11,,108,,1,22,121.5615699,24.9849408
113,2,4,9,53,2,10文山區,、興隆路四段66巷多岔路口,0,0,2,2,F02,8,6,5,50,4,1,1,5,4,5,13,4,4,10,5,1,2,15,2,74,2,9,3,4,7,9,8,20,2,12,,72,,1,22,121.5615699,24.9849408
113,2,4,10,10,2,02萬華區,萬華區華中橋機車道往台北市,0,0,2,1,C03,7,5,5,30,8,11,1,5,4,5,13,4,4,5,4,5,2,13,1,62,2,9,6,1,7,9,1,10,1,15,,108,,1,21,121.4954118,25.0150154
113,2,4,10,10,2,02萬華區,萬華區華中橋機車道往台北市,0,0,2,2,C03,7,5,5,30,8,11,1,5,4,5,13,4,4,5,4,5,2,13,1,47,3,10,6,1,7,14,1,10,1,14,,44,,1,21,121.4954118,25.0150154
113,2,4,10,10,2,02萬華區,萬華區華中橋機車道往台北市,0,0,2,3,H02,7,5,5,30,8,11,1,5,4,5,13,4,4,5,4,5,2,13,2,74,2,8,6,5,7,17,8,20,10,17,,67,,1,21,121.4954118,25.0150154
113,2,4,10,13,2,05中正區,中正區重慶南路3段182號,0,0,1,1,B03,8,6,5,30,14,9,1,5,4,5,13,4,4,2,3,5,1,16,1,58,3,10,7,1,7,9,1,8,1,8,,44,,1,21,121.5167651,25.02285561
113,2,4,10,13,2,05中正區,中正區重慶南路3段182號,0,0,1,2,C03,8,6,5,30,14,9,1,5,4,5,13,4,4,2,3,5,1,16,2,69,2,9,6,1,7,8,1,10,1,12,,100,,1,21,121.5167651,25.02285561
113,2,4,10,30,2,07信義區,信義區永吉路180巷66弄16號,0,0,3,1,C03,8,7,5,30,14,9,1,5,4,5,13,4,4,9,4,5,2,11,1,20,2,7,5,1,7,4,1,10,1,11,,1,,1,21,121.570576,25.0434903
113,2,4,10,30,2,07信義區,信義區永吉路180巷66弄16號,0,0,3,2,C03,8,7,5,30,14,9,1,5,4,5,13,4,4,9,4,5,2,11,1,20,2,9,5,1,7,9,1,10,1,11,,44,,1,21,121.570576,25.0434903
113,2,4,10,30,2,07信義區,信義區永吉路180巷66弄16號,0,0,3,3,H02,8,7,5,30,14,9,1,5,4,5,13,4,4,9,4,5,2,11,2,57,2,8,5,5,7,21,8,20,10,16,,67,,1,21,121.570576,25.0434903
113,2,4,11,8,2,08士林區,士林區延平北路7段與延平北路7段106巷口,0,0,2,1,F01,8,5,6,50,3,1,1,5,4,5,13,4,4,10,5,5,1,17,1,56,2,9,4,1,7,11,8,20,1,14,,11,,1,21,121.497324,25.0967187
113,2,4,11,8,2,08士林區,士林區延平北路7段與延平北路7段106巷口,0,0,2,2,C03,8,5,6,50,3,1,1,5,4,5,13,4,4,10,5,5,1,17,2,31,2,9,5,1,7,9,1,10,1,11,,13,,1,21,121.497324,25.0967187
113,2,4,11,17,2,04大安區,大安區四維路170巷與敦化南路2段口,0,0,2,1,C03,7,7,5,40,4,2,1,5,4,5,13,1,1,5,4,5,2,17,1,76,2,9,6,1,7,15,1,10,2,11,,4,,1,21,121.5484161,25.0281623
113,2,4,11,17,2,04大安區,大安區四維路170巷與敦化南路2段口,0,0,2,2,C03,7,7,5,40,4,2,1,5,4,5,13,1,1,5,4,5,2,17,1,42,2,9,6,1,7,5,1,10,2,14,,8,,1,21,121.5484161,25.0281623
113,2,4,11,40,2,08士林區,士林區德行東路331巷與德行東路331巷36弄口口,0,0,1,1,B03,8,6,5,30,3,1,1,5,4,5,13,4,4,9,4,5,1,15,1,45,3,10,7,1,7,15,1,8,1,8,,80,,1,21,121.5375204,25.1116058
113,2,4,11,40,2,08士林區,士林區德行東路331巷與德行東路331巷36弄口口,0,0,1,2,C03,8,6,5,30,3,1,1,5,4,5,13,4,4,9,4,5,1,15,2,18,2,9,5,1,7,9,1,10,1,11,,14,,1,21,121.5375204,25.1116058
113,2,4,11,50,2,09北投區,北投區石牌路1段158號對面,0,0,1,1,B03,8,7,5,50,14,9,1,5,4,5,13,4,4,5,4,5,2,17,1,47,3,10,7,1,7,15,1,8,2,6,,99,,1,21,121.513245,25.1144559
113,2,4,11,50,2,09北投區,北投區石牌路1段158號對面,0,0,1,2,C03,8,7,5,50,14,9,1,5,4,5,13,4,4,5,4,5,2,17,2,47,2,9,6,1,7,9,1,10,2,11,,44,,1,21,121.513245,25.1144559
113,2,4,12,14,2,08士林區,士林區德行東路與芝玉路1段口,0,0,1,1,C03,8,7,8,30,5,2,1,5,4,5,13,3,1,5,5,5,1,15,2,26,2,9,5,1,7,9,1,10,1,12,,80,,1,21,121.5341053,25.10973526
113,2,4,12,14,2,08士林區,士林區德行東路與芝玉路1段口,0,0,1,2,B03,8,7,8,30,5,2,1,5,4,5,13,3,1,5,5,5,1,15,1,35,3,10,7,1,7,9,1,10,1,5,,44,,1,21,121.5341053,25.10973526
113,2,4,12,20,2,01大同區,大同區重慶北路3段與昌吉街口,0,0,1,1,C03,8,6,5,50,4,2,1,5,4,5,13,2,1,8,4,5,2,12,1,40,2,3,6,1,7,9,1,10,1,11,,16,,1,21,121.5139304,25.06594442
113,2,4,12,20,2,01大同區,大同區重慶北路3段與昌吉街口,0,0,1,2,C03,8,6,5,50,4,2,1,5,4,5,13,2,1,8,4,5,2,12,2,36,3,10,5,1,7,9,1,10,1,13,,44,,1,21,121.5139304,25.06594442
113,2,4,12,20,2,01大同區,大同區重慶北路3段與昌吉街口,0,0,1,3,C03,8,6,5,50,4,2,1,5,4,5,13,2,1,8,4,5,2,12,1,67,3,10,6,1,7,6,1,10,1,17,,9,,1,21,121.5139304,25.06594442
113,2,4,12,22,2,02萬華區,萬華區西園路2段與東園街口,0,0,1,1,C03,8,5,5,50,3,2,1,5,4,5,13,2,1,3,3,5,2,16,1,73,2,8,5,1,7,11,1,10,1,14,,10,,1,21,121.4950587,25.02813673
113,2,4,12,22,2,02萬華區,萬華區西園路2段與東園街口,0,0,1,2,B03,8,5,5,50,3,2,1,5,4,5,13,2,1,3,3,5,2,16,1,41,3,10,7,4,7,9,1,8,1,2,,108,,1,21,121.4950587,25.02813673
113,2,4,12,40,2,02萬華區,萬華區艋舺大道與雙園街口,0,0,3,1,C03,8,5,5,50,4,1,1,5,4,5,13,1,1,9,4,5,2,17,1,75,2,8,5,4,7,5,1,10,1,14,,8,,1,22,121.4935791,25.0304413
113,2,4,12,40,2,02萬華區,萬華區艋舺大道與雙園街口,0,0,3,2,C03,8,5,5,50,4,1,1,5,4,5,13,1,1,9,4,5,2,17,2,71,2,9,5,4,7,9,1,10,1,12,,44,,1,22,121.4935791,25.0304413
113,2,4,12,40,2,02萬華區,萬華區艋舺大道與雙園街口,0,0,3,3,H02,8,5,5,50,4,1,1,5,4,5,13,1,1,9,4,5,2,17,2,73,2,8,4,5,7,20,8,20,10,17,,67,,1,22,121.4935791,25.0304413
113,2,4,13,8,2,09北投區,北投區中和街與珠海路口,0,0,1,1,C03,8,6,5,0,4,2,1,5,4,5,13,1,1,9,4,5,2,16,1,49,3,10,5,1,7,6,1,10,1,12,,71,,1,21,121.5025653,25.13838041
113,2,4,13,8,2,09北投區,北投區中和街與珠海路口,0,0,1,2,C03,8,6,5,0,4,2,1,5,4,5,13,1,1,9,4,5,2,16,1,79,2,1,5,1,7,9,1,10,1,14,,44,,1,21,121.5025653,25.13838041
113,2,4,14,0,2,05中正區,中正區汀州路3段230巷23號前,0,0,2,1,C03,8,7,5,30,14,9,1,5,4,5,13,4,4,10,5,5,2,16,1,51,3,10,5,1,7,7,1,10,1,14,,100,,1,22,121.5336657,25.0103171
113,2,4,14,0,2,05中正區,中正區汀州路3段230巷23號前,0,0,2,2,C03,8,7,5,30,14,9,1,5,4,5,13,4,4,10,5,5,2,16,2,52,2,7,6,1,7,9,1,10,1,12,,44,,1,22,121.5336657,25.0103171
113,2,4,14,0,2,05中正區,中正區汀州路3段230巷23號前,0,0,2,3,H02,8,7,5,30,14,9,1,5,4,5,13,4,4,10,5,5,2,16,2,21,2,9,6,5,7,20,8,20,10,16,,67,,1,22,121.5336657,25.0103171
113,2,4,15,14,2,12內湖區,內湖區民權東路6段26號前,0,0,1,1,C03,8,6,5,50,14,9,1,5,4,5,13,4,4,1,4,5,2,12,1,64,2,9,5,1,7,8,1,10,1,14,,100,,1,21,121.5791963,25.0668343
113,2,4,15,14,2,12內湖區,內湖區民權東路6段26號前,0,0,1,2,B03,8,6,5,50,14,9,1,5,4,5,13,4,4,1,4,5,2,12,1,50,3,10,7,1,7,8,1,8,1,2,,100,,1,21,121.5791963,25.0668343
113,2,4,15,29,2,03中山區,中山區市民大道3段與建國南路1段口,0,0,1,1,B03,8,7,5,40,4,1,1,5,4,5,13,2,1,7,2,5,2,17,1,61,3,10,7,1,7,6,1,8,1,2,,9,,1,21,121.5369448,25.0448913
113,2,4,15,29,2,03中山區,中山區市民大道3段與建國南路1段口,0,0,1,2,C03,8,7,5,40,4,1,1,5,4,5,13,2,1,7,2,5,2,17,2,18,2,9,5,1,7,9,1,10,1,11,,99,,1,21,121.5369448,25.0448913
113,2,4,15,44,2,10文山區,文山區興隆路3段與興隆路4段1巷口,0,0,3,1,F01,8,6,5,50,3,2,1,5,4,5,13,2,1,1,4,5,2,16,1,66,2,9,4,1,7,5,8,20,1,12,,71,,1,21,121.5589405,24.9912277
113,2,4,15,44,2,10文山區,文山區興隆路3段與興隆路4段1巷口,0,0,3,2,C03,8,6,5,50,3,2,1,5,4,5,13,2,1,1,4,5,2,16,1,27,2,9,6,1,7,9,1,10,1,11,,44,,1,21,121.5589405,24.9912277
113,2,4,15,44,2,10文山區,文山區興隆路3段與興隆路4段1巷口,0,0,3,3,H02,8,6,5,50,3,2,1,5,4,5,13,2,1,1,4,5,2,16,2,27,2,9,6,5,7,20,8,20,10,16,,67,,1,21,121.5589405,24.9912277
113,2,4,15,50,2,06松山區,松山區敦化北路與敦化北路222巷口,0,0,2,1,B03,8,6,8,50,3,2,1,5,4,5,13,4,4,1,4,4,2,12,2,40,3,10,7,1,7,8,1,8,1,2,,80,,1,21,121.549044,25.05854516
113,2,4,15,50,2,06松山區,松山區敦化北路與敦化北路222巷口,0,0,2,2,C03,8,6,8,50,3,2,1,5,4,5,13,4,4,1,4,4,2,12,1,39,2,9,5,1,7,9,1,10,1,11,,14,,1,21,121.549044,25.05854516
113,2,4,15,50,2,06松山區,松山區敦化北路與敦化北路222巷口,0,0,2,3,H02,8,6,8,50,3,2,1,5,4,5,13,4,4,1,4,4,2,12,1,10,2,9,5,5,7,20,8,20,10,16,,60,,1,21,121.549044,25.05854516
113,2,4,16,1,2,04大安區,大安區基隆路2段222號,0,0,1,1,B03,8,6,5,50,14,9,1,5,4,5,13,4,4,5,3,5,2,12,1,24,3,10,7,1,7,9,1,8,1,1,,16,,1,21,121.5515259,25.02343395
113,2,4,16,1,2,04大安區,大安區基隆路2段222號,0,0,1,2,B03,8,6,5,50,14,9,1,5,4,5,13,4,4,5,3,5,2,12,1,60,3,10,7,1,7,14,1,8,1,3,,44,,1,21,121.5515259,25.02343395
113,2,4,16,1,2,04大安區,大安區基隆路2段222號,0,0,1,3,H02,8,6,5,50,14,9,1,5,4,5,13,4,4,5,3,5,2,12,2,54,2,2,7,5,7,17,8,20,10,16,,67,,1,21,121.5515259,25.02343395
113,2,4,16,9,2,05中正區,中正區重慶南路3段143號前,0,0,1,1,B03,8,7,5,50,14,9,1,5,4,5,13,4,4,2,4,5,2,16,1,40,3,10,7,1,7,1,1,8,2,8,,19,,1,22,121.5169519,25.0234212
113,2,4,16,9,2,05中正區,中正區重慶南路3段143號前,0,0,1,2,C03,8,7,5,50,14,9,1,5,4,5,13,4,4,2,4,5,2,16,1,62,2,7,6,1,7,9,1,10,2,12,,44,,1,22,121.5169519,25.0234212
113,2,4,16,18,2,01大同區,大同區鄭州路東往西(1006368燈桿),0,0,4,1,C03,8,6,5,40,14,9,1,5,4,5,13,4,4,1,4,5,2,17,1,22,2,9,5,1,7,8,1,10,1,12,,100,,1,21,121.5160149,25.0489688
113,2,4,16,18,2,01大同區,大同區鄭州路東往西(1006368燈桿),0,0,4,2,C03,8,6,5,40,14,9,1,5,4,5,13,4,4,1,4,5,2,17,1,39,2,7,5,1,7,9,1,9,1,11,,44,,1,21,121.5160149,25.0489688
113,2,4,16,18,2,01大同區,大同區鄭州路東往西(1006368燈桿),0,0,4,3,H02,8,6,5,40,14,9,1,5,4,5,13,4,4,1,4,5,2,17,2,23,2,9,5,5,7,20,8,20,10,16,,67,,1,21,121.5160149,25.0489688
113,2,4,16,18,2,01大同區,大同區鄭州路東往西(1006368燈桿),0,0,4,4,H02,8,6,5,40,14,9,1,5,4,5,13,4,4,1,4,5,2,17,2,40,2,7,5,5,7,20,8,20,10,16,,67,,1,21,121.5160149,25.0489688
113,2,4,16,22,2,07信義區,信義區虎林街132巷與無名巷口,0,0,2,1,F01,8,7,5,30,3,1,1,5,4,5,13,4,4,10,5,5,2,3,1,16,2,9,4,1,7,9,8,20,1,11,,70,,1,16,121.5753925,25.0403438
113,2,4,16,22,2,07信義區,信義區虎林街132巷與無名巷口,0,0,2,2,H01,8,7,5,30,3,1,1,5,4,5,13,4,4,10,5,5,2,3,2,69,2,9,4,5,8,16,8,20,1,16,,67,,1,21,121.5753925,25.0403438
113,2,4,16,39,2,08士林區,士林區至善路2段往故宮,0,0,1,1,C03,8,7,5,50,11,9,1,5,4,5,13,4,4,1,5,5,2,17,1,64,3,10,6,3,7,9,1,10,1,11,,108,,1,21,121.5536445,25.10316302
113,2,4,16,39,2,08士林區,士林區至善路2段往故宮,0,0,1,2,F01,8,7,5,50,11,9,1,5,4,5,13,4,4,1,5,5,2,17,2,47,2,1,4,1,7,9,8,20,1,13,,44,,1,21,121.5536445,25.10316302
113,2,4,16,44,2,12內湖區,內湖區新明路與新明路298巷口口,0,0,1,1,B03,8,6,5,50,4,2,1,5,4,5,13,2,1,5,2,5,2,17,1,44,3,10,7,1,7,8,1,8,1,15,,100,,1,21,121.5823851,25.05588873
113,2,4,16,44,2,12內湖區,內湖區新明路與新明路298巷口口,0,0,1,2,C03,8,6,5,50,4,2,1,5,4,5,13,2,1,5,2,5,2,17,1,29,2,9,5,1,7,12,1,10,1,12,,116,,1,21,121.5823851,25.05588873
113,2,4,17,50,2,03中山區,中山區中山北路1段140巷與中山北路1段口,0,0,3,1,C03,8,5,5,50,3,1,1,5,4,5,13,4,4,9,4,5,2,17,1,58,2,9,5,1,7,7,1,10,1,12,,9,,1,21,121.5221922,25.05139919
113,2,4,17,50,2,03中山區,中山區中山北路1段140巷與中山北路1段口,0,0,3,2,C03,8,5,5,50,3,1,1,5,4,5,13,4,4,9,4,5,2,17,1,74,2,9,5,1,7,9,1,10,1,11,,44,,1,21,121.5221922,25.05139919
113,2,4,17,50,2,03中山區,中山區中山北路1段140巷與中山北路1段口,0,0,3,3,H02,8,5,5,50,3,1,1,5,4,5,13,4,4,9,4,5,2,17,2,69,2,9,4,5,7,20,8,20,10,16,,67,,1,21,121.5221922,25.05139919
113,2,4,17,51,2,02萬華區,萬華區青年公園旁人行道(國興路與國興路1巷口),0,0,1,1,F01,8,5,8,30,22,20,4,5,4,5,13,4,4,10,5,5,2,1,1,69,2,1,2,4,7,9,8,20,1,11,,44,,1,21,121.5081747,25.0241574
113,2,4,17,51,2,02萬華區,萬華區青年公園旁人行道(國興路與國興路1巷口),0,0,1,2,H01,8,5,8,30,22,20,4,5,4,5,13,4,4,10,5,5,2,1,1,50,3,10,4,5,8,16,8,20,10,16,,67,,1,21,121.5081747,25.0241574
113,2,4,18,0,2,11南港區,南港區南湖大橋上橋處,0,0,1,1,C03,8,5,5,50,8,5,1,5,4,5,12,4,4,9,4,5,2,17,1,76,2,9,3,4,7,8,1,10,1,11,,100,,1,21,121.6123709,25.0627236
113,2,4,18,0,2,11南港區,南港區南湖大橋上橋處,0,0,1,2,B03,8,5,5,50,8,5,1,5,4,5,12,4,4,9,4,5,2,17,1,65,3,10,3,4,7,9,3,18,2,7,,44,,1,21,121.6123709,25.0627236
113,2,4,18,2,2,08士林區,士林區雨農橋南往北,0,0,1,1,B01,8,5,5,50,8,9,1,5,4,5,13,4,4,5,5,5,1,12,1,58,3,10,3,4,7,9,1,4,2,2,,44,,1,21,121.5325974,25.0995328
113,2,4,18,2,2,08士林區,士林區雨農橋南往北,0,0,1,2,C03,8,5,5,50,8,9,1,5,4,5,13,4,4,5,5,5,1,12,1,73,2,9,6,1,7,4,1,10,2,14,,1,,1,21,121.5325974,25.0995328
113,2,4,18,2,2,08士林區,士林區雨農橋南往北,0,0,1,3,F01,8,5,5,50,8,9,1,5,4,5,13,4,4,5,5,5,1,12,4,0,,,,,,,,,11,,,119,,2,,121.5325974,25.0995328
113,2,4,18,10,2,03中山區,中山區市民大道2段與長安東路1段52巷口,0,0,3,1,B03,8,5,5,40,3,2,1,5,4,5,13,2,1,1,4,5,2,17,1,33,3,10,3,4,7,6,1,8,1,5,,72,,1,22,121.5278172,25.0470354
113,2,4,18,10,2,03中山區,中山區市民大道2段與長安東路1段52巷口,0,0,3,2,C03,8,5,5,40,3,2,1,5,4,5,13,2,1,1,4,5,2,17,1,21,2,9,6,4,7,9,1,10,1,11,,44,,1,22,121.5278172,25.0470354