發生年度,發生月,發生日,發生時-Hours,發生分,處理別-編號,區序,肇事地點,死亡人數,2-30日死亡人數,受傷人數,當事人序號,車種,天候,道路照明設備,道路類別,速限-速度限制,道路型態,事故位置,路面狀況1,路面狀況2,路面狀況3,道路障礙1,道路障礙2,號誌1,號誌2,車道劃分-分向,車道劃分-分道1,車道劃分-分道2,車道劃分-分道3,事故類型及型態,性別,年齡,受傷程度,主要傷處,保護裝置,行動電話,車輛用途,當事者行動狀態,駕駛資格情形,駕駛執照種類,飲酒情形,車輛撞擊部位1,車輛撞擊部位2,肇因碼-個別,肇因碼-主要,個人肇逃否,職業,座標-X,座標-Y
113,2,4,18,10,2,03中山區,中山區市民大道2段與長安東路1段52巷口,0,0,3,3,H01,8,5,5,40,3,2,1,5,4,5,13,2,1,1,4,5,2,17,1,74,2,9,4,5,8,16,8,20,10,16,,67,,1,22,121.5278172,25.0470354
113,2,4,18,10,2,03中山區,中山區市民大道2段與長安東路1段52巷口,0,0,3,4,H01,8,5,5,40,3,2,1,5,4,5,13,2,1,1,4,5,2,17,2,10,2,9,4,5,8,16,8,20,10,16,,67,,1,22,121.5278172,25.0470354
113,2,4,18,15,2,01大同區,大同區延平北路1段與南京西路口,0,0,1,1,C03,7,5,5,50,4,1,1,5,4,5,13,1,1,5,2,5,2,17,1,73,2,8,5,1,7,5,1,10,1,13,,8,,1,21,121.5116732,25.0538685
113,2,4,18,15,2,01大同區,大同區延平北路1段與南京西路口,0,0,1,2,B03,7,5,5,50,4,1,1,5,4,5,13,1,1,5,2,5,2,17,1,37,3,10,7,1,7,9,1,8,1,5,,44,,1,21,121.5116732,25.0538685
113,2,4,18,15,2,04大安區,大安區市民大道4段與忠孝東路4段223巷口,0,0,2,1,F01,7,5,5,40,4,2,1,5,4,5,13,2,1,1,4,5,2,17,2,23,2,9,2,4,7,9,8,20,1,11,,4,,1,21,121.553151,25.0441733
113,2,4,18,15,2,04大安區,大安區市民大道4段與忠孝東路4段223巷口,0,0,2,2,C03,7,5,5,40,4,2,1,5,4,5,13,2,1,1,4,5,2,17,1,33,2,9,6,1,7,5,1,10,1,11,,13,,1,21,121.553151,25.0441733
113,2,4,18,32,2,04大安區,大安區光復南路與信義路4段口,0,0,2,1,C03,8,5,5,50,5,1,1,5,4,5,13,1,1,3,4,5,2,17,1,53,2,8,5,4,7,9,1,10,1,14,,16,,1,22,121.5572873,25.0329957
113,2,4,18,32,2,04大安區,大安區光復南路與信義路4段口,0,0,2,2,B03,8,5,5,50,5,1,1,5,4,5,13,1,1,3,4,5,2,17,2,47,3,10,7,4,7,6,1,8,1,7,,44,,1,21,121.5572873,25.0329957
113,2,4,18,32,2,04大安區,大安區光復南路與信義路4段口,0,0,2,3,B03,8,5,5,50,5,1,1,5,4,5,13,1,1,3,4,5,2,17,1,53,3,10,7,4,7,15,1,8,1,2,,,,1,21,121.5572873,25.0329957
113,2,4,18,32,2,04大安區,大安區光復南路與信義路4段口,0,0,2,4,H02,8,5,5,50,5,1,1,5,4,5,13,1,1,3,4,5,2,17,2,52,2,8,5,5,7,20,8,20,10,16,,67,,1,21,121.5572873,25.0329957
113,2,4,18,33,2,10文山區,文山區忠順街1段9巷與光輝路口,0,0,1,1,B03,8,5,5,50,4,1,1,5,4,5,13,4,4,10,5,5,2,15,1,72,3,10,3,4,7,9,1,8,1,4,,72,,1,21,121.5566274,24.98494857
113,2,4,18,33,2,10文山區,文山區忠順街1段9巷與光輝路口,0,0,1,2,C03,8,5,5,50,4,1,1,5,4,5,13,4,4,10,5,5,2,15,1,18,2,9,5,4,7,9,1,10,1,11,,13,,1,21,121.5566274,24.98494857
113,2,4,18,44,2,05中正區,中正區汀州路1段與西藏路口,0,0,2,1,C03,7,5,5,50,4,2,1,5,4,5,13,1,1,5,5,5,2,17,1,42,2,9,5,1,7,6,1,10,1,12,,71,,1,22,121.5070607,25.0308095
113,2,4,18,44,2,05中正區,中正區汀州路1段與西藏路口,0,0,2,2,C03,7,5,5,50,4,2,1,5,4,5,13,1,1,5,5,5,2,17,1,54,2,9,5,1,7,9,1,9,1,14,,44,,1,22,121.5070607,25.0308095
113,2,4,18,44,2,05中正區,中正區汀州路1段與西藏路口,0,0,2,3,H02,7,5,5,50,4,2,1,5,4,5,13,1,1,5,5,5,2,17,1,10,4,11,5,5,7,20,8,20,10,16,,67,,1,22,121.5070607,25.0308095
113,2,4,19,7,2,03中山區,中山區松江路199號,0,0,1,1,B01,7,5,5,50,14,9,1,5,4,5,13,4,4,3,4,5,2,17,1,46,3,10,7,1,7,8,1,4,1,17,,100,,1,21,121.5332062,25.05690626
113,2,4,19,7,2,03中山區,中山區松江路199號,0,0,1,2,C03,7,5,5,50,14,9,1,5,4,5,13,4,4,3,4,5,2,17,1,27,2,9,6,1,7,12,1,10,1,12,,13,,1,21,121.5332062,25.05690626
113,2,4,19,54,2,08士林區,士林區文林路191號,0,0,1,1,C03,7,5,5,50,14,9,1,5,4,5,13,4,4,9,4,5,2,13,1,22,2,8,5,1,7,9,1,10,1,11,,16,,1,21,121.5269921,25.08969666
113,2,4,19,54,2,08士林區,士林區文林路191號,0,0,1,2,C03,7,5,5,50,14,9,1,5,4,5,13,4,4,9,4,5,2,13,1,29,3,10,5,1,7,12,1,10,1,13,,44,,1,21,121.5269921,25.08969666
113,2,4,19,54,2,08士林區,士林區文林路191號,0,0,1,3,C03,7,5,5,50,14,9,1,5,4,5,13,4,4,9,4,5,2,13,2,36,3,10,5,1,7,12,1,10,1,17,,44,,1,21,121.5269921,25.08969666
113,2,4,19,54,2,09北投區,北投區中央北路2段257巷與中央北路2段口,0,0,1,1,B03,7,5,5,50,4,19,1,5,4,5,13,2,1,4,4,5,2,3,1,65,3,10,7,1,7,5,1,8,2,1,,70,,1,21,121.4910745,25.13848121
113,2,4,19,54,2,09北投區,北投區中央北路2段257巷與中央北路2段口,0,0,1,2,H01,7,5,5,50,4,19,1,5,4,5,13,2,1,4,4,5,2,3,2,84,2,9,4,5,8,16,8,20,10,16,,122,,1,21,121.4910745,25.13848121
113,2,4,20,5,2,09北投區,北投區尊賢街與尊賢街230巷口,0,0,1,1,B03,8,5,5,30,4,2,1,5,4,5,13,4,4,10,5,5,1,9,1,38,3,10,7,1,7,5,1,8,1,8,,107,,1,22,121.5076903,25.1162245
113,2,4,20,5,2,09北投區,北投區尊賢街與尊賢街230巷口,0,0,1,2,H01,8,5,5,30,4,2,1,5,4,5,13,4,4,10,5,5,1,9,2,74,2,9,4,5,8,16,8,20,1,16,,67,,1,22,121.5076903,25.1162245
113,2,4,20,10,2,05中正區,中正區忠孝東路1段10號旁,0,0,1,1,A02,7,5,5,50,14,9,1,5,4,5,13,2,1,9,4,4,1,9,1,44,3,10,7,1,7,12,1,2,9,17,,44,,1,21,121.5236122,25.0447975
113,2,4,20,10,2,05中正區,中正區忠孝東路1段10號旁,0,0,1,2,H02,7,5,5,50,14,9,1,5,4,5,13,2,1,9,4,4,1,9,1,68,2,9,2,5,7,20,8,20,10,16,,58,,1,21,121.5236122,25.0447975
113,2,4,20,14,2,05中正區,中正區林森南路與林森南路61巷口,0,0,2,1,C03,7,5,5,50,3,1,1,5,4,5,13,1,1,9,4,5,1,13,1,33,2,9,6,1,7,9,1,10,2,11,,108,,1,22,121.5219026,25.0397489
113,2,4,20,14,2,05中正區,中正區林森南路與林森南路61巷口,0,0,2,2,C03,7,5,5,50,3,1,1,5,4,5,13,1,1,9,4,5,1,13,1,28,2,9,6,1,7,14,1,10,2,13,,44,,1,22,121.5219026,25.0397489
113,2,4,20,42,2,12內湖區,內湖區行善路與行愛路口,0,0,2,1,B03,7,5,5,50,4,1,1,5,4,5,13,1,1,1,3,5,1,16,1,33,3,10,7,1,7,5,1,8,1,5,,74,,1,21,121.5826703,25.0606306
113,2,4,20,42,2,12內湖區,內湖區行善路與行愛路口,0,0,2,2,C03,7,5,5,50,4,1,1,5,4,5,13,1,1,1,3,5,1,16,1,22,2,9,6,1,7,9,1,10,1,11,,44,,1,21,121.5826703,25.0606306
113,2,4,20,42,2,12內湖區,內湖區行善路與行愛路口,0,0,2,3,H02,7,5,5,50,4,1,1,5,4,5,13,1,1,1,3,5,1,16,2,21,2,9,6,5,7,20,8,20,10,16,,67,,1,21,121.5826703,25.0606306
113,2,4,20,48,2,01大同區,大同區民生西路與承德路2段口,0,0,2,1,,6,6,5,50,4,2,1,4,4,5,13,2,1,1,3,5,1,16,4,0,4,11,3,4,7,,7,,11,,,119,,2,,121.5182373,25.05736962
113,2,4,20,48,2,01大同區,大同區民生西路與承德路2段口,0,0,2,2,C03,6,6,5,50,4,2,1,4,4,5,13,2,1,1,3,5,1,16,1,43,2,5,6,1,7,9,1,10,1,11,,119,,1,21,121.5182373,25.05736962
113,2,4,20,48,2,01大同區,大同區民生西路與承德路2段口,0,0,2,3,H02,6,6,5,50,4,2,1,4,4,5,13,2,1,1,3,5,1,16,1,17,2,8,6,5,7,20,8,20,10,17,,119,,1,21,121.5182373,25.05736962
113,2,4,21,0,2,08士林區,士林區仰德大道4段1106069燈桿,0,0,1,1,A02,7,5,5,40,11,9,1,5,4,5,13,4,4,5,5,5,1,17,1,48,4,11,7,1,7,9,1,1,11,17,,44,,2,22,121.547449,25.129937
113,2,4,21,0,2,08士林區,士林區仰德大道4段1106069燈桿,0,0,1,2,C03,7,5,5,40,11,9,1,5,4,5,13,4,4,5,5,5,1,17,1,19,2,8,6,1,7,4,1,10,2,17,,108,,1,22,121.547449,25.129937
113,2,4,21,5,2,05中正區,中正區寧波西街與牯嶺街口,0,0,1,1,B03,6,5,5,50,4,2,1,4,4,5,13,1,1,10,4,5,2,3,1,56,3,10,7,1,7,5,1,8,2,1,,70,,1,21,121.5163645,25.0301405
113,2,4,21,5,2,05中正區,中正區寧波西街與牯嶺街口,0,0,1,2,H01,6,5,5,50,4,2,1,4,4,5,13,1,1,10,4,5,2,3,1,76,2,9,4,5,8,16,8,20,1,16,,67,,1,21,121.5163645,25.0301405
113,2,4,21,10,2,08士林區,士林區中山北路5段與中山北路5段470巷口,0,0,1,1,B02,8,5,5,50,3,1,1,5,4,5,13,4,4,4,4,5,1,17,1,31,3,10,3,4,7,6,1,15,1,2,,9,,1,21,121.5278727,25.0922042
113,2,4,21,10,2,08士林區,士林區中山北路5段與中山北路5段470巷口,0,0,1,2,C03,8,5,5,50,3,1,1,5,4,5,13,4,4,4,4,5,1,17,1,31,2,9,3,4,7,9,1,10,1,14,,13,,1,21,121.5278727,25.0922042
113,2,4,21,13,2,04大安區,大安區建國南路1段與新生南路1段161巷口,0,0,2,1,B03,6,5,5,50,5,1,1,4,4,5,13,1,1,1,4,5,2,17,1,47,3,10,7,4,7,8,1,8,1,6,,100,,1,21,121.537549,25.0343717
113,2,4,21,13,2,04大安區,大安區建國南路1段與新生南路1段161巷口,0,0,2,3,H02,6,5,5,50,5,1,1,4,4,5,13,1,1,1,4,5,2,17,2,22,2,8,6,5,7,21,8,20,10,16,,67,,1,21,121.537549,25.0343717
113,2,4,21,13,2,04大安區,大安區建國南路1段與新生南路1段161巷口,0,0,2,2,C03,6,5,5,50,5,1,1,4,4,5,13,1,1,1,4,5,2,17,1,22,2,8,6,4,7,9,1,10,1,14,,42,,1,21,121.537549,25.0343717
113,2,4,21,28,2,02萬華區,萬華區忠孝西路2段與忠孝西路2段16巷口口,0,0,1,1,B03,8,5,5,50,3,1,1,5,4,5,13,4,4,3,4,5,2,16,1,22,3,10,7,4,7,6,1,8,1,6,,9,,1,21,121.5085654,25.04819314
113,2,4,21,28,2,02萬華區,萬華區忠孝西路2段與忠孝西路2段16巷口口,0,0,1,2,C03,8,5,5,50,3,1,1,5,4,5,13,4,4,3,4,5,2,16,1,53,2,8,5,4,7,9,1,9,1,14,,14,,1,21,121.5085654,25.04819314
113,2,4,21,50,2,07信義區,信義區吳興街220巷33號,0,0,1,1,B01,7,5,5,50,14,9,1,5,4,5,13,2,1,5,5,5,2,17,1,62,3,10,3,4,7,11,1,4,2,7,,10,,1,21,121.5623306,25.0271066
113,2,4,21,50,2,07信義區,信義區吳興街220巷33號,0,0,1,2,C03,7,5,5,50,14,9,1,5,4,5,13,2,1,5,5,5,2,17,1,21,2,9,3,4,7,9,1,10,2,15,,108,,1,21,121.5623306,25.0271066
113,2,4,22,11,2,07信義區,信義區逸仙路與逸仙路50巷口口,0,0,2,1,C03,7,5,5,30,3,1,1,5,4,5,13,4,4,5,4,5,2,16,2,32,2,7,6,1,7,6,1,10,1,14,,80,,1,22,121.5616177,25.0408199
113,2,4,22,11,2,07信義區,信義區逸仙路與逸仙路50巷口口,0,0,2,2,C03,7,5,5,30,3,1,1,5,4,5,13,4,4,5,4,5,2,16,1,24,3,10,6,1,7,9,1,10,1,11,,14,,1,22,121.5616177,25.0408199
113,2,4,22,11,2,07信義區,信義區逸仙路與逸仙路50巷口口,0,0,2,3,H02,7,5,5,30,3,1,1,5,4,5,13,4,4,5,4,5,2,16,2,31,2,9,6,5,7,20,8,20,10,16,,67,,1,22,121.5616177,25.0408199
113,2,4,22,13,2,01大同區,大同區迪化街1段與涼州街口,0,0,1,1,B03,7,5,5,30,4,1,1,5,4,5,13,3,1,9,4,5,2,15,1,32,3,10,7,1,7,9,1,8,2,8,,72,,1,21,121.5093343,25.0605353
113,2,4,22,13,2,01大同區,大同區迪化街1段與涼州街口,0,0,1,2,C03,7,5,5,30,4,1,1,5,4,5,13,3,1,9,4,5,2,15,1,18,2,9,6,1,7,9,1,10,2,12,,44,,1,21,121.5093343,25.0605353
113,2,4,22,33,2,03中山區,中山區南京東路3段與南京東路3段194巷口,0,0,2,1,B02,7,5,5,50,3,1,1,5,4,5,13,4,4,3,4,5,2,17,1,64,3,10,3,4,7,1,7,19,11,17,,19,,2,21,121.5427857,25.05179053
113,2,4,22,33,2,03中山區,中山區南京東路3段與南京東路3段194巷口,0,0,2,2,C03,7,5,5,50,3,1,1,5,4,5,13,4,4,3,4,5,2,17,2,26,2,9,6,1,7,9,1,10,1,12,,44,,1,21,121.5427857,25.05179053
113,2,4,22,33,2,03中山區,中山區南京東路3段與南京東路3段194巷口,0,0,2,3,H02,7,5,5,50,3,1,1,5,4,5,13,4,4,3,4,5,2,17,2,41,2,9,6,5,7,20,8,20,10,16,,67,,1,21,121.5427857,25.05179053
113,2,4,22,39,2,07信義區,信義區和平東路3段281號,0,0,1,1,F01,7,7,5,0,14,20,4,5,4,4,8,4,4,10,5,5,2,1,1,33,3,10,3,4,7,9,8,20,9,14,,87,,1,21,121.5550683,25.0221741
113,2,4,22,39,2,07信義區,信義區和平東路3段281號,0,0,1,2,H01,7,7,5,0,14,20,4,5,4,4,8,4,4,10,5,5,2,1,1,35,2,9,4,5,8,16,8,20,1,16,,60,,1,21,121.5550683,25.0221741
113,2,4,22,45,2,07信義區,信義區基隆路1段與松壽路口,0,0,1,2,C03,7,5,5,50,4,2,1,5,4,5,13,1,1,1,4,5,2,16,1,43,2,9,3,4,7,9,1,10,2,11,,44,,1,21,121.5615023,25.0359371
113,2,4,22,45,2,07信義區,信義區基隆路1段與松壽路口,0,0,1,1,,7,5,5,50,4,2,1,5,4,5,13,1,1,1,4,5,2,16,4,0,,,,,,,,,11,,,119,,2,,121.5615023,25.0359371
113,2,4,23,15,2,09北投區,北投區大度路3段109燈桿,0,0,3,1,C03,6,5,5,50,14,12,1,4,4,5,13,4,4,1,4,5,1,12,1,22,2,9,5,1,7,9,1,10,1,11,,16,,1,21,121.4726531,25.12290631
113,2,4,23,15,2,09北投區,北投區大度路3段109燈桿,0,0,3,2,C03,6,5,5,50,14,12,1,4,4,5,13,4,4,1,4,5,1,12,1,51,2,9,5,1,7,9,1,10,1,13,,44,,1,21,121.4726531,25.12290631
113,2,4,23,15,2,09北投區,北投區大度路3段109燈桿,0,0,3,3,C03,6,5,5,50,14,12,1,4,4,5,13,4,4,1,4,5,1,12,1,32,2,7,5,1,7,7,1,10,1,11,,108,,1,21,121.4726531,25.12290631
113,2,4,23,54,2,06松山區,松山區市民大道4段與延吉街口,0,0,1,1,C03,7,7,5,40,14,9,1,5,4,5,13,2,1,1,4,5,2,17,1,25,2,9,6,1,7,9,1,10,1,14,,13,,1,21,121.5535017,25.0444687
113,2,4,23,54,2,06松山區,松山區市民大道4段與延吉街口,0,0,1,2,C03,7,7,5,40,14,9,1,5,4,5,13,2,1,1,4,5,2,17,1,31,3,10,6,1,7,9,1,10,1,17,,13,,1,21,121.5535017,25.0444687
113,2,4,23,54,2,06松山區,松山區市民大道4段與延吉街口,0,0,1,3,C03,7,7,5,40,14,9,1,5,4,5,13,2,1,1,4,5,2,17,1,43,3,10,6,1,7,9,1,10,11,17,,44,,2,21,121.5535017,25.0444687
113,2,5,0,32,2,07信義區,信義區永吉路321巷與永吉路口,0,0,2,1,B03,8,5,5,50,4,2,1,5,4,5,13,1,1,5,4,4,2,17,1,40,3,10,3,4,7,11,3,18,1,5,,10,,1,22,121.5754484,25.0455336
113,2,5,0,32,2,07信義區,信義區永吉路321巷與永吉路口,0,0,2,2,B01,8,5,5,50,4,2,1,5,4,5,13,1,1,5,4,4,2,17,1,37,2,9,3,4,7,9,1,4,1,8,,44,,1,21,121.5754484,25.0455336
113,2,5,0,32,2,07信義區,信義區永吉路321巷與永吉路口,0,0,2,3,H02,8,5,5,50,4,2,1,5,4,5,13,1,1,5,4,4,2,17,1,27,2,1,2,5,7,20,8,20,10,16,,67,,1,21,121.5754484,25.0455336
113,2,5,0,54,2,07信義區,信義區信義路5段與松仁路口,0,0,1,1,B02,7,5,5,50,4,2,1,5,4,5,13,1,1,1,4,5,2,16,1,24,3,10,3,4,7,5,1,8,1,6,,85,,1,21,121.5683729,25.0327882
113,2,5,0,54,2,07信義區,信義區信義路5段與松仁路口,0,0,1,2,C04,7,5,5,50,4,2,1,5,4,5,13,1,1,1,4,5,2,16,1,23,2,9,3,4,7,9,1,10,1,11,,99,,1,21,121.5683729,25.0327882
113,2,5,3,2,2,11南港區,南港區向陽路162巷與重陽路39巷口,0,0,1,1,C03,8,6,5,50,4,1,1,5,4,5,13,4,4,5,5,5,2,15,1,32,2,7,5,1,7,9,1,10,1,11,,80,,1,22,121.5953222,25.0560244
113,2,5,3,2,2,11南港區,南港區向陽路162巷與重陽路39巷口,0,0,1,2,B01,8,6,5,50,4,1,1,5,4,5,13,4,4,5,5,5,2,15,1,37,3,10,3,4,7,9,1,4,1,7,,80,,1,22,121.5953222,25.0560244
113,2,5,5,16,2,01大同區,大同區延平北路2段239號(太平國小旁）,0,0,1,1,B01,6,6,5,50,14,9,1,4,4,5,13,4,4,8,3,5,1,16,1,67,3,10,7,1,7,11,1,8,1,8,,10,,1,21,121.5112907,25.0618231
113,2,5,5,16,2,01大同區,大同區延平北路2段239號(太平國小旁）,0,0,1,2,C03,6,6,5,50,14,9,1,4,4,5,13,4,4,8,3,5,1,16,1,24,2,8,6,1,7,9,1,10,1,12,,107,,1,21,121.5112907,25.0618231
113,2,5,5,59,2,02萬華區,萬華區萬大路與興寧街口,0,0,1,1,H01,6,5,5,50,4,1,1,4,4,5,13,1,1,8,3,5,2,3,1,85,2,9,4,5,8,16,8,20,10,16,,122,,1,21,121.5005808,25.0322509
113,2,5,5,59,2,02萬華區,萬華區萬大路與興寧街口,0,0,1,2,B12,6,5,5,50,4,1,1,4,4,5,13,1,1,8,3,5,2,3,1,32,3,10,7,1,7,9,6,8,2,8,,44,,1,21,121.5005808,25.0322509
113,2,5,6,30,2,10文山區,文山區木柵路1段與木柵路1段76巷口,0,0,1,1,B03,7,5,5,50,4,2,2,5,4,5,13,2,1,10,5,5,2,17,1,40,3,10,3,4,7,5,1,8,2,2,,71,,1,21,121.5501697,24.98746178
113,2,5,6,30,2,10文山區,文山區木柵路1段與木柵路1段76巷口,0,0,1,2,C03,7,5,5,50,4,2,2,5,4,5,13,2,1,10,5,5,2,17,1,66,2,9,5,4,7,9,1,10,2,11,,44,,1,21,121.5501697,24.98746178
113,2,5,6,50,2,01大同區,大同區延平北路2段與民生西路口,0,0,2,2,C03,6,5,5,50,4,1,1,4,4,5,13,2,1,8,3,5,2,16,1,83,2,9,6,1,7,9,1,10,1,11,,44,,1,21,121.5115808,25.0569516
113,2,5,6,50,2,01大同區,大同區延平北路2段與民生西路口,0,0,2,3,H02,6,5,5,50,4,1,1,4,4,5,13,2,1,8,3,5,2,16,2,81,2,1,6,5,7,20,8,20,10,16,,67,,1,21,121.5115808,25.0569516
113,2,5,6,50,2,01大同區,大同區延平北路2段與民生西路口,0,0,2,1,C03,6,5,5,50,4,1,1,4,4,5,13,2,1,8,3,5,2,16,2,29,3,10,6,1,7,6,1,10,1,13,,9,,1,21,121.5115808,25.0569516
113,2,5,7,23,2,11南港區,南港區向陽路21號前,0,0,2,1,A04,7,5,5,50,14,9,1,5,4,5,13,1,1,5,4,5,2,13,1,61,3,10,7,4,7,9,1,5,2,5,,44,,1,21,121.5953344,25.0516893
113,2,5,7,23,2,11南港區,南港區向陽路21號前,0,0,2,2,C03,7,5,5,50,14,9,1,5,4,5,13,1,1,5,4,5,2,13,1,32,2,8,5,1,7,7,1,10,2,14,,100,,1,21,121.5953344,25.0516893
113,2,5,7,23,2,11南港區,南港區向陽路21號前,0,0,2,3,H02,7,5,5,50,14,9,1,5,4,5,13,1,1,5,4,5,2,13,2,30,2,9,5,5,7,20,8,20,10,17,,67,,1,21,121.5953344,25.0516893
113,2,5,7,44,2,09北投區,北投區大興街與大興街66巷口,0,0,1,1,C03,6,5,5,50,3,2,1,4,4,5,13,4,4,9,5,5,1,17,1,76,3,10,5,1,7,1,1,10,9,17,,19,,2,21,121.5007472,25.1305853
113,2,5,7,44,2,09北投區,北投區大興街與大興街66巷口,0,0,1,2,C04,6,5,5,50,3,2,1,4,4,5,13,4,4,9,5,5,1,17,2,57,2,3,5,1,7,9,1,11,1,12,,44,,1,21,121.5007472,25.1305853
113,2,5,8,9,2,07信義區,信義區信義路6段15巷(松德路233號前),0,0,1,1,B03,6,7,5,30,14,9,1,4,4,5,10,4,4,10,5,5,2,17,1,37,3,10,7,1,7,1,1,8,1,1,,19,,1,22,121.5750976,25.03471494
113,2,5,8,9,2,07信義區,信義區信義路6段15巷(松德路233號前),0,0,1,2,C03,6,7,5,30,14,9,1,4,4,5,10,4,4,10,5,5,2,17,1,29,2,8,6,1,7,9,1,10,1,12,,44,,1,22,121.5750976,25.03471494
113,2,5,8,12,2,11南港區,南港區忠孝東路6段451號,0,0,1,1,C03,7,5,5,50,14,7,1,4,4,5,13,4,4,1,4,4,2,12,1,22,3,10,3,1,7,9,1,10,1,14,,108,,1,21,121.5935884,25.05041836
113,2,5,8,12,2,11南港區,南港區忠孝東路6段451號,0,0,1,2,C03,7,5,5,50,14,7,1,4,4,5,13,4,4,1,4,4,2,12,2,29,2,8,3,1,7,9,1,10,1,12,,44,,1,21,121.5935884,25.05041836
113,2,5,8,30,2,06松山區,松山區延壽街316號,0,0,1,1,B03,7,6,5,50,14,9,1,5,4,5,13,4,4,5,5,5,2,17,1,55,3,10,7,1,7,13,1,8,1,8,,40,,1,22,121.561292,25.05669322
113,2,5,8,30,2,06松山區,松山區延壽街316號,0,0,1,2,C03,7,6,5,50,14,9,1,5,4,5,13,4,4,5,5,5,2,17,1,29,2,9,6,1,7,9,1,10,1,12,,44,,1,22,121.561292,25.05669322
113,2,5,8,50,2,06松山區,松山區八德路4段與南京東路5段66巷22弄口,0,0,3,1,C03,7,6,5,50,3,2,1,5,4,5,13,4,4,4,3,5,2,13,1,31,2,9,6,1,7,9,1,10,1,11,,16,,1,21,121.5594561,25.04835368
113,2,5,8,50,2,06松山區,松山區八德路4段與南京東路5段66巷22弄口,0,0,3,2,C03,7,6,5,50,3,2,1,5,4,5,13,4,4,4,3,5,2,13,1,49,2,9,6,1,7,9,1,10,1,11,,16,,1,21,121.5594561,25.04835368
113,2,5,8,50,2,06松山區,松山區八德路4段與南京東路5段66巷22弄口,0,0,3,3,C03,7,6,5,50,3,2,1,5,4,5,13,4,4,4,3,5,2,13,1,40,2,9,6,1,7,9,1,10,1,11,,16,,1,21,121.5594561,25.04835368
113,2,5,9,4,2,02萬華區,萬華區萬大路與艋舺大道120巷38弄口,0,0,1,1,B01,7,6,5,50,4,1,1,5,4,5,13,4,4,9,4,5,2,17,1,67,3,10,7,1,7,1,1,4,1,8,,19,,1,22,121.5005877,25.0316232
113,2,5,9,4,2,02萬華區,萬華區萬大路與艋舺大道120巷38弄口,0,0,1,2,C03,7,6,5,50,4,1,1,5,4,5,13,4,4,9,4,5,2,17,2,25,2,9,6,1,7,6,1,10,1,12,,9,,1,22,121.5005877,25.0316232
113,2,5,9,11,2,03中山區,中山區龍江路與朱崙街口,0,0,1,1,B01,8,6,5,50,4,2,1,5,4,5,13,2,1,5,5,5,2,9,1,64,3,10,3,4,7,14,1,4,1,2,,38,,1,21,121.5404083,25.0501866
113,2,5,9,11,2,03中山區,中山區龍江路與朱崙街口,0,0,1,2,H02,8,6,5,50,4,2,1,5,4,5,13,2,1,5,5,5,2,9,2,60,3,10,4,5,7,19,8,20,10,16,,126,,1,21,121.5404083,25.0501866
113,2,5,9,11,2,03中山區,中山區龍江路與朱崙街口,0,0,1,3,C03,8,6,5,50,4,2,1,5,4,5,13,2,1,5,5,5,2,9,1,35,2,9,3,4,7,9,1,10,1,11,,44,,1,21,121.5404083,25.0501866
113,2,5,9,21,2,08士林區,士林區承德路5段78號對面車道,0,0,3,1,C03,6,5,5,40,14,9,1,4,4,5,13,4,4,1,5,4,1,17,2,54,2,9,5,1,7,9,1,10,1,12,,44,,1,21,121.514864,25.09450322
113,2,5,9,21,2,08士林區,士林區承德路5段78號對面車道,0,0,3,2,C03,6,5,5,40,14,9,1,4,4,5,13,4,4,1,5,4,1,17,1,30,2,9,5,1,7,8,1,10,1,11,,42,,1,21,121.514864,25.09450322
113,2,5,9,21,2,08士林區,士林區承德路5段78號對面車道,0,0,3,3,C03,6,5,5,40,14,9,1,4,4,5,13,4,4,1,5,4,1,17,2,62,3,10,5,1,7,9,1,10,1,11,,44,,1,21,121.514864,25.09450322
113,2,5,9,21,2,08士林區,士林區承德路5段78號對面車道,0,0,3,4,C03,6,5,5,40,14,9,1,4,4,5,13,4,4,1,5,4,1,17,1,41,2,9,5,1,7,9,1,10,1,12,,44,,1,21,121.514864,25.09450322
113,2,5,9,24,2,09北投區,北投區承德路6段與福國路口北往南,0,0,1,1,B03,6,5,5,60,4,2,1,4,4,5,13,1,1,9,4,4,1,16,2,39,3,10,7,1,7,6,1,8,2,2,,9,,1,21,121.5121542,25.1017131
113,2,5,9,24,2,09北投區,北投區承德路6段與福國路口北往南,0,0,1,2,C03,6,5,5,60,4,2,1,4,4,5,13,1,1,9,4,4,1,16,1,34,2,7,5,1,7,9,1,10,2,14,,44,,1,21,121.5121542,25.1017131
113,2,5,9,45,2,08士林區,士林區中山北路4段北往南機慢車專用道,0,0,1,1,A02,6,7,5,50,14,11,1,4,4,5,13,4,4,1,4,4,1,17,1,46,3,10,7,1,7,10,1,2,1,17,,100,,1,21,121.5244212,25.07921635
113,2,5,9,45,2,08士林區,士林區中山北路4段北往南機慢車專用道,0,0,1,2,C03,6,7,5,50,14,11,1,4,4,5,13,4,4,1,4,4,1,17,1,56,2,9,5,1,7,12,1,10,1,14,,13,,1,21,121.5244212,25.07921635
113,2,5,10,38,2,07信義區,信義區吳興街50巷與基隆路2段39巷口,0,0,3,1,C03,7,6,5,30,4,1,1,5,4,5,13,4,4,9,5,5,2,17,1,52,2,8,5,1,7,9,1,10,2,14,,14,,1,22,121.5595195,25.0305932
113,2,5,10,38,2,07信義區,信義區吳興街50巷與基隆路2段39巷口,0,0,3,2,C03,7,6,5,30,4,1,1,5,4,5,13,4,4,9,5,5,2,17,1,24,2,9,5,1,7,9,1,10,2,11,,108,,1,22,121.5595195,25.0305932