發生年度,發生月,發生日,發生時-Hours,發生分,處理別-編號,區序,肇事地點,死亡人數,2-30日死亡人數,受傷人數,當事人序號,車種,天候,道路照明設備,道路類別,速限-速度限制,道路型態,事故位置,路面狀況1,路面狀況2,路面狀況3,道路障礙1,道路障礙2,號誌1,號誌2,車道劃分-分向,車道劃分-分道1,車道劃分-分道2,車道劃分-分道3,事故類型及型態,性別,年齡,受傷程度,主要傷處,保護裝置,行動電話,車輛用途,當事者行動狀態,駕駛資格情形,駕駛執照種類,飲酒情形,車輛撞擊部位1,車輛撞擊部位2,肇因碼-個別,肇因碼-主要,個人肇逃否,職業,座標-X,座標-Y
113,2,5,10,38,2,07信義區,信義區吳興街50巷與基隆路2段39巷口,0,0,3,3,H02,7,6,5,30,4,1,1,5,4,5,13,4,4,9,5,5,2,17,1,13,2,8,5,5,7,17,8,20,10,16,,67,,1,22,121.5595195,25.0305932
113,2,5,10,45,2,12內湖區,內湖區內湖路2段103巷16號,0,0,1,1,B02,8,6,5,30,14,9,1,5,4,5,13,4,4,9,5,5,2,17,1,30,3,10,7,1,7,5,1,8,1,8,,8,,1,21,121.5815674,25.08061312
113,2,5,10,45,2,12內湖區,內湖區內湖路2段103巷16號,0,0,1,2,C03,8,6,5,30,14,9,1,5,4,5,13,4,4,9,5,5,2,17,2,31,2,9,6,1,7,9,1,10,1,11,,108,,1,21,121.5815674,25.08061312
113,2,5,10,54,2,09北投區,北投區承德路6段359號對面(南往北方向),0,0,1,1,B12,7,5,5,40,14,8,1,5,4,5,13,4,4,9,4,4,1,11,1,40,3,10,7,1,7,10,1,8,9,6,,100,,2,21,121.5119312,25.1068205
113,2,5,10,54,2,09北投區,北投區承德路6段359號對面(南往北方向),0,0,1,2,C03,7,5,5,40,14,8,1,5,4,5,13,4,4,9,4,4,1,11,1,62,2,9,6,1,7,9,1,10,1,14,,44,,1,21,121.5119312,25.1068205
113,2,5,11,14,2,09北投區,北投區天母西路與天母西路117巷口,0,0,3,1,C03,7,6,5,30,3,1,1,4,4,5,13,1,1,5,5,5,2,16,2,57,2,9,5,1,7,5,1,10,2,11,14,44,,1,21,121.5232654,25.1188535
113,2,5,11,14,2,09北投區,北投區天母西路與天母西路117巷口,0,0,3,2,C03,7,6,5,30,3,1,1,4,4,5,13,1,1,5,5,5,2,16,2,26,2,8,5,1,7,9,1,10,2,11,12,4,,1,21,121.5232654,25.1188535
113,2,5,11,14,2,09北投區,北投區天母西路與天母西路117巷口,0,0,3,3,H02,7,6,5,30,3,1,1,4,4,5,13,1,1,5,5,5,2,16,2,23,2,8,5,5,7,17,8,20,10,16,,67,,1,21,121.5232654,25.1188535
113,2,5,11,20,2,01大同區,大同區承德路3段與昌吉街口,0,0,2,1,B01,7,6,5,50,4,2,1,5,4,5,13,1,1,1,4,5,2,17,1,66,3,10,7,1,7,6,1,4,1,2,,9,,1,21,121.5182195,25.0659154
113,2,5,11,20,2,01大同區,大同區承德路3段與昌吉街口,0,0,2,2,C03,7,6,5,50,4,2,1,5,4,5,13,1,1,1,4,5,2,17,2,32,2,9,6,1,7,9,1,10,1,14,,44,,1,21,121.5182195,25.0659154
113,2,5,11,20,2,01大同區,大同區承德路3段與昌吉街口,0,0,2,3,H02,7,6,5,50,4,2,1,5,4,5,13,1,1,1,4,5,2,17,2,28,2,9,6,5,7,20,8,20,10,16,,67,,1,21,121.5182195,25.0659154
113,2,5,12,0,2,12內湖區,內湖區內湖路1段737巷8弄與內湖路1段737巷口,0,0,1,1,C03,8,6,5,50,4,2,1,5,4,5,13,4,4,10,4,5,2,3,1,64,3,10,6,1,7,9,1,10,2,14,,108,,1,21,121.5785119,25.07936282
113,2,5,12,0,2,12內湖區,內湖區內湖路1段737巷8弄與內湖路1段737巷口,0,0,1,2,H01,8,6,5,50,4,2,1,5,4,5,13,4,4,10,4,5,2,3,2,41,2,9,4,5,8,16,8,20,10,16,,67,,1,21,121.5785119,25.07936282
113,2,5,12,2,2,07信義區,信義區基隆路1段與基隆路1段147巷口口,0,0,1,1,C03,8,6,5,50,3,2,1,5,4,5,13,4,4,1,4,5,2,12,1,59,2,9,6,1,7,7,1,10,11,14,,100,,2,22,121.5654946,25.0426232
113,2,5,12,2,2,07信義區,信義區基隆路1段與基隆路1段147巷口口,0,0,1,2,B02,8,6,5,50,3,2,1,5,4,5,13,4,4,1,4,5,2,12,1,47,3,10,7,1,7,9,1,8,1,2,,108,,1,22,121.5654946,25.0426232
113,2,5,12,29,2,10文山區,文山區木柵路1段1號,0,0,1,1,C02,7,6,5,50,14,9,2,5,4,5,13,4,4,5,5,5,2,17,2,51,3,10,5,4,7,9,1,9,2,17,,30,,1,21,121.5422765,24.98830146
113,2,5,12,29,2,10文山區,文山區木柵路1段1號,0,0,1,2,F01,7,6,5,50,14,9,2,5,4,5,13,4,4,5,5,5,2,17,1,68,2,9,4,4,7,9,8,20,2,17,,44,,1,21,121.5422765,24.98830146
113,2,5,12,30,2,05中正區,中正區市民大道2段與林森北路口,0,0,1,1,B02,8,6,5,40,4,1,1,5,4,5,13,1,1,10,5,5,2,16,1,48,3,10,7,1,7,6,1,8,2,5,,9,,1,26,121.5240555,25.0476874
113,2,5,12,30,2,05中正區,中正區市民大道2段與林森北路口,0,0,1,2,C03,8,6,5,40,4,1,1,5,4,5,13,1,1,10,5,5,2,16,1,18,2,9,5,1,7,15,1,10,2,14,,44,,1,26,121.5240555,25.0476874
113,2,5,12,35,2,03中山區,中山區天津街與林森北路138巷口,0,0,1,1,B12,7,7,5,50,3,1,1,5,4,5,13,4,4,9,4,5,2,14,1,27,3,10,3,4,7,2,1,8,1,3,,12,,1,21,121.5235471,25.0518348
113,2,5,12,35,2,03中山區,中山區天津街與林森北路138巷口,0,0,1,2,C03,7,7,5,50,3,1,1,5,4,5,13,4,4,9,4,5,2,14,1,37,2,8,6,4,7,5,1,9,1,14,,44,,1,21,121.5235471,25.0518348
113,2,5,13,20,2,11南港區,南港區中坡北路94號,0,0,1,1,B03,8,6,6,50,14,9,1,5,4,5,13,4,4,1,3,5,2,12,1,65,3,10,3,4,7,9,1,8,1,2,,17,,1,21,121.5803157,25.0479429
113,2,5,13,20,2,11南港區,南港區中坡北路94號,0,0,1,2,C03,8,6,6,50,14,9,1,5,4,5,13,4,4,1,3,5,2,12,1,72,2,9,3,4,7,9,1,10,1,14,,17,,1,21,121.5803157,25.0479429
113,2,5,13,32,2,07信義區,信義區吳興街260巷與吳興街260巷19弄口口,0,0,3,1,C03,8,6,5,30,3,1,1,5,4,5,13,4,4,10,5,5,2,16,2,45,2,7,6,1,7,5,1,10,1,14,,8,,1,22,121.5633674,25.0263204
113,2,5,13,32,2,07信義區,信義區吳興街260巷與吳興街260巷19弄口口,0,0,3,2,C04,8,6,5,30,3,1,1,5,4,5,13,4,4,10,5,5,2,16,2,52,2,9,6,1,7,9,1,10,1,12,,44,,1,22,121.5633674,25.0263204
113,2,5,13,32,2,07信義區,信義區吳興街260巷與吳興街260巷19弄口口,0,0,3,3,H02,8,6,5,30,3,1,1,5,4,5,13,4,4,10,5,5,2,16,2,10,2,9,6,5,7,20,8,20,10,16,,67,,1,14,121.5633674,25.0263204
113,2,5,13,35,2,11南港區,南港區松河街316號,0,0,1,1,B03,8,5,8,40,22,22,1,5,4,5,13,4,4,5,5,5,2,16,1,47,3,10,3,4,7,5,1,8,1,1,,80,,1,21,121.5832601,25.0528739
113,2,5,13,35,2,11南港區,南港區松河街316號,0,0,1,2,C03,8,5,8,40,22,22,1,5,4,5,13,4,4,5,5,5,2,16,2,34,2,9,5,1,7,9,1,10,1,11,,14,,1,21,121.5832601,25.0528739
113,2,5,13,55,2,01大同區,大同區敦煌路與敦煌路21巷口,0,0,1,1,B01,7,5,5,50,4,1,1,5,4,5,13,3,1,4,4,5,2,15,1,65,3,10,3,4,7,9,1,4,1,5,,72,,1,21,121.5157707,25.07644734
113,2,5,13,55,2,01大同區,大同區敦煌路與敦煌路21巷口,0,0,1,2,C03,7,5,5,50,4,1,1,5,4,5,13,3,1,4,4,5,2,15,1,27,2,8,3,4,7,9,1,10,1,14,,44,,1,21,121.5157707,25.07644734
113,2,5,14,5,2,12內湖區,內湖區民權東路6段180巷與民權東路6段180巷10弄口口,0,0,1,1,C03,8,6,5,50,3,1,1,5,4,5,13,4,4,9,5,5,2,16,1,52,3,10,5,1,7,6,1,10,1,12,,9,,1,21,121.5926938,25.06792602
113,2,5,14,5,2,12內湖區,內湖區民權東路6段180巷與民權東路6段180巷10弄口口,0,0,1,2,C03,8,6,5,50,3,1,1,5,4,5,13,4,4,9,5,5,2,16,1,30,2,8,5,1,7,9,1,9,1,14,,44,,1,21,121.5926938,25.06792602
113,2,5,15,30,2,12內湖區,內湖區行忠路與行愛路口口,0,0,1,1,B03,8,6,5,50,4,1,1,5,4,5,13,2,1,1,4,5,2,16,1,34,3,10,7,1,7,5,1,8,1,1,,8,,1,21,121.5788322,25.0659523
113,2,5,15,30,2,12內湖區,內湖區行忠路與行愛路口口,0,0,1,2,C03,8,6,5,50,4,1,1,5,4,5,13,2,1,1,4,5,2,16,1,22,2,5,5,1,7,9,1,10,1,12,,42,,1,21,121.5788322,25.0659523
113,2,5,15,30,2,11南港區,南港區市民大道7段與東新街口,0,0,1,1,B01,6,6,5,50,4,1,1,4,4,5,12,2,1,5,2,5,2,17,1,67,3,10,3,4,7,6,1,8,2,1,,108,,1,21,121.5838971,25.0497024
113,2,5,15,30,2,11南港區,南港區市民大道7段與東新街口,0,0,1,2,C03,6,6,5,50,4,1,1,4,4,5,12,2,1,5,2,5,2,17,2,29,2,9,3,4,7,14,1,10,2,11,,44,,1,21,121.5838971,25.0497024
113,2,5,15,36,2,11南港區,南港區南港路2段18號,0,0,2,1,H01,7,6,5,0,14,8,1,5,4,5,13,4,4,5,5,4,2,3,1,69,2,9,4,5,8,16,8,20,10,16,,121,,1,21,121.6057556,25.0541506
113,2,5,15,36,2,11南港區,南港區南港路2段18號,0,0,2,2,C03,7,6,5,0,14,8,1,5,4,5,13,4,4,5,5,4,2,3,2,32,2,8,6,1,7,9,1,10,2,11,,44,,1,21,121.6057556,25.0541506
113,2,5,15,40,2,07信義區,信義區松仁路2號,0,0,1,1,C03,8,7,5,50,4,1,1,5,4,5,13,4,4,1,4,5,2,17,2,19,2,9,6,1,7,9,1,10,1,11,,87,,1,21,121.5684388,25.0404852
113,2,5,15,40,2,07信義區,信義區松仁路2號,0,0,1,2,B03,8,7,5,50,4,1,1,5,4,5,13,4,4,1,4,5,2,17,1,71,3,10,7,1,7,9,1,8,1,5,,44,,1,21,121.5684388,25.0404852
113,2,5,15,43,2,09北投區,北投區北投路1段與無名巷口,0,0,1,1,B11,7,6,5,50,3,1,1,5,4,5,13,2,1,5,4,5,2,17,1,43,3,10,7,1,7,4,1,8,2,2,,4,,2,22,121.5008642,25.12525162
113,2,5,15,43,2,09北投區,北投區北投路1段與無名巷口,0,0,1,2,C03,7,6,5,50,3,1,1,5,4,5,13,2,1,5,4,5,2,17,1,31,2,1,6,1,7,9,1,10,2,14,,44,,1,21,121.5008642,25.12525162
113,2,5,15,55,2,03中山區,中山區民權東路3段與龍江路口,0,0,1,1,B03,8,6,5,50,4,18,1,5,4,5,13,2,1,9,4,5,2,9,2,35,3,10,7,1,7,15,1,8,2,1,,70,,1,21,121.5408938,25.06242974
113,2,5,15,55,2,03中山區,中山區民權東路3段與龍江路口,0,0,1,2,H01,8,6,5,50,4,18,1,5,4,5,13,2,1,9,4,5,2,9,2,44,2,8,4,5,8,16,8,20,10,16,,67,,1,21,121.5408938,25.06242974
113,2,5,16,2,2,03中山區,中山區中山北路2段62巷口側附近,0,0,1,1,A02,7,6,5,50,14,9,1,5,4,5,13,4,4,5,4,1,2,12,1,62,3,10,3,4,7,10,1,2,1,6,,100,,1,21,121.5226936,25.0568171
113,2,5,16,2,2,03中山區,中山區中山北路2段62巷口側附近,0,0,1,2,C02,7,6,5,50,14,9,1,5,4,5,13,4,4,5,4,1,2,12,1,21,2,8,3,4,7,9,1,9,1,12,,17,,1,21,121.5226936,25.0568171
113,2,5,16,2,2,03中山區,中山區中山北路2段62巷口側附近,0,0,1,3,B02,7,6,5,50,14,9,1,5,4,5,13,4,4,5,4,1,2,12,1,57,3,10,3,4,7,14,1,8,1,4,,38,,1,21,121.5226936,25.0568171
113,2,5,16,3,2,08士林區,士林區中山北路7段與中山北路7段38巷口,0,0,1,1,B02,7,6,5,50,4,1,1,5,4,5,13,3,1,1,4,5,2,17,1,60,3,10,3,4,7,11,1,8,1,6,,10,,1,21,121.5311144,25.1202976
113,2,5,16,3,2,08士林區,士林區中山北路7段與中山北路7段38巷口,0,0,1,2,C01,7,6,5,50,4,1,1,5,4,5,13,3,1,1,4,5,2,17,1,31,3,10,6,1,7,9,1,9,1,11,,14,,1,21,121.5311144,25.1202976
113,2,5,16,3,2,08士林區,士林區中山北路7段與中山北路7段38巷口,0,0,1,3,H02,7,6,5,50,4,1,1,5,4,5,13,3,1,1,4,5,2,17,2,34,2,9,6,5,7,20,8,20,10,16,,67,,1,21,121.5311144,25.1202976
113,2,5,16,10,2,08士林區,士林區通河西街2段9號,0,0,2,1,C03,7,6,5,50,3,1,1,5,4,5,13,4,4,5,4,5,1,16,2,58,2,7,3,4,7,5,1,10,1,11,,74,,1,22,121.5118232,25.08817726
113,2,5,16,10,2,08士林區,士林區通河西街2段9號,0,0,2,2,C03,7,6,5,50,3,1,1,5,4,5,13,4,4,5,4,5,1,16,2,20,2,8,3,4,7,9,3,18,1,14,,14,,1,21,121.5118232,25.08817726
113,2,5,16,10,2,07信義區,信義區和平東路3段435巷與和平東路3段435巷7弄口口,0,0,2,1,C03,7,7,5,30,4,1,1,5,4,5,13,4,4,10,5,5,2,15,1,57,2,8,6,1,7,9,1,10,2,12,,80,,1,21,121.5586921,25.0194193
113,2,5,16,10,2,07信義區,信義區和平東路3段435巷與和平東路3段435巷7弄口口,0,0,2,2,C03,7,7,5,30,4,1,1,5,4,5,13,4,4,10,5,5,2,15,2,47,2,1,6,1,7,9,1,10,2,11,,14,,1,21,121.5586921,25.0194193
113,2,5,16,20,2,05中正區,中正區重慶南路1段124號,0,0,1,1,B01,7,6,5,50,14,9,1,5,4,5,13,4,4,5,4,5,2,12,1,66,3,10,2,1,7,9,1,4,2,2,,44,,1,22,121.5126063,25.03743676
113,2,5,16,20,2,05中正區,中正區重慶南路1段124號,0,0,1,2,F02,7,6,5,50,14,9,1,5,4,5,13,4,4,5,4,5,2,12,2,66,2,9,4,1,7,7,8,20,2,14,,100,,1,22,121.5126063,25.03743676
113,2,5,16,40,2,08士林區,士林區延平北路6段與社正路口,0,0,2,1,C03,7,6,5,50,3,1,1,5,4,5,13,4,4,5,4,5,2,17,2,18,2,8,3,4,7,9,1,10,1,11,,44,,1,21,121.5088789,25.0879418
113,2,5,16,40,2,08士林區,士林區延平北路6段與社正路口,0,0,2,2,C03,7,6,5,50,3,1,1,5,4,5,13,4,4,5,4,5,2,17,1,71,2,8,3,4,7,1,1,10,1,11,,19,,1,21,121.5088789,25.0879418
113,2,5,16,52,2,05中正區,中正區林森北路與北平東路口,0,0,1,1,B03,7,6,5,50,4,1,1,5,4,5,13,1,1,5,4,5,2,16,2,33,3,10,7,1,7,5,1,8,2,6,,71,,1,21,121.5238526,25.04635938
113,2,5,16,52,2,05中正區,中正區林森北路與北平東路口,0,0,1,2,C03,7,6,5,50,4,1,1,5,4,5,13,1,1,5,4,5,2,16,1,27,2,8,6,1,7,9,1,10,2,11,,13,,1,21,121.5238526,25.04635938
113,2,5,17,5,2,12內湖區,內湖區民權東路6段與瑞光路口,0,0,2,1,C03,7,6,5,50,4,1,1,5,4,5,13,1,1,5,4,5,2,12,2,27,2,9,5,1,7,9,1,10,1,14,,42,,1,21,121.5842403,25.06884276
113,2,5,17,5,2,12內湖區,內湖區民權東路6段與瑞光路口,0,0,2,2,C03,7,6,5,50,4,1,1,5,4,5,13,1,1,5,4,5,2,12,1,58,2,8,5,1,7,8,1,10,1,12,,100,,1,21,121.5842403,25.06884276
113,2,5,17,7,2,06松山區,松山區民生東路5段與三民路口口,0,0,1,1,B03,7,7,5,50,18,9,1,5,4,5,13,2,1,1,4,4,2,16,2,64,3,10,7,1,7,6,1,8,2,2,,42,,1,21,121.5631284,25.05912785
113,2,5,17,7,2,06松山區,松山區民生東路5段與三民路口口,0,0,1,2,C03,7,7,5,50,18,9,1,5,4,5,13,2,1,1,4,4,2,16,1,26,2,9,6,1,7,9,3,18,2,11,,78,,1,21,121.5631284,25.05912785
113,2,5,17,28,2,03中山區,中山區濱江街與濱江街口無名巷,0,0,1,1,C03,6,6,5,50,3,1,1,4,4,5,13,4,4,5,5,5,2,16,1,60,3,10,3,4,7,6,3,18,2,12,,9,,1,21,121.54557,25.0721157
113,2,5,17,28,2,03中山區,中山區濱江街與濱江街口無名巷,0,0,1,2,C03,6,6,5,50,3,1,1,4,4,5,13,4,4,5,5,5,2,16,2,53,2,9,3,4,7,9,1,10,2,11,,44,,1,21,121.54557,25.0721157
113,2,5,17,30,2,03中山區,中山區市民大道2段95號,0,0,1,1,C03,7,7,8,0,14,20,4,5,4,5,13,4,4,10,5,5,2,2,3,0,4,11,6,1,7,9,7,19,11,17,,67,,1,21,121.5303492,25.04629932
113,2,5,17,30,2,03中山區,中山區市民大道2段95號,0,0,1,2,H01,7,7,8,0,14,20,4,5,4,5,13,4,4,10,5,5,2,2,1,35,2,5,4,5,8,16,8,20,9,16,,67,,1,21,121.5303492,25.04629932
113,2,5,17,30,2,04大安區,大安區和平東路2段155號,0,0,1,1,C03,7,5,5,50,14,9,1,5,4,5,13,1,1,3,4,5,1,17,2,58,2,1,6,1,7,9,1,10,1,14,,44,,1,21,121.5413814,25.0252598
113,2,5,17,30,2,04大安區,大安區和平東路2段155號,0,0,1,2,B12,7,5,5,50,14,9,1,5,4,5,13,1,1,3,4,5,1,17,1,58,3,10,7,1,7,13,1,8,9,17,,44,,1,21,121.5413814,25.0252598
113,2,5,17,30,2,04大安區,大安區羅斯福路4段與基隆路4段口,0,0,1,1,C03,8,5,5,50,4,2,1,4,4,5,13,2,1,10,3,5,2,17,1,20,3,10,6,1,7,5,1,10,1,14,,96,,1,21,121.5373759,25.0111294
113,2,5,17,30,2,04大安區,大安區羅斯福路4段與基隆路4段口,0,0,1,2,C03,8,5,5,50,4,2,1,4,4,5,13,2,1,10,3,5,2,17,2,39,2,9,6,1,7,6,1,10,1,12,,44,,1,21,121.5373759,25.0111294
113,2,5,17,42,2,04大安區,大安區新生南路3段與新生南路3段86巷口口,0,0,1,1,B01,6,5,5,30,3,1,1,4,4,5,13,1,1,10,4,5,1,1,1,69,3,10,7,1,7,9,1,4,1,1,,70,,1,21,121.5335611,25.0187359
113,2,5,17,42,2,04大安區,大安區新生南路3段與新生南路3段86巷口口,0,0,1,3,H01,6,5,5,30,3,1,1,4,4,5,13,1,1,10,4,5,1,1,2,74,3,10,4,5,8,16,8,20,1,17,,122,,1,21,121.5335611,25.0187359
113,2,5,17,42,2,04大安區,大安區新生南路3段與新生南路3段86巷口口,0,0,1,2,H01,6,5,5,30,3,1,1,4,4,5,13,1,1,10,4,5,1,1,1,89,2,9,4,5,8,16,8,20,1,16,,122,,1,21,121.5335611,25.0187359
113,2,5,17,54,2,01大同區,大同區塔城街10號,0,0,1,1,C03,6,5,5,50,14,9,1,4,4,5,13,4,4,5,4,5,2,17,1,53,3,10,3,4,7,15,1,10,1,14,,100,,1,21,121.509887,25.0492916
113,2,5,17,54,2,01大同區,大同區塔城街10號,0,0,1,2,C03,6,5,5,50,14,9,1,4,4,5,13,4,4,5,4,5,2,17,2,34,2,9,3,4,7,9,1,10,1,12,,44,,1,21,121.509887,25.0492916
113,2,5,17,55,2,04大安區,大安區辛亥路3段與臥龍街188巷口,0,0,1,1,C03,6,5,5,50,14,9,1,4,4,5,13,4,4,9,4,5,1,13,1,29,2,8,6,4,7,9,1,10,1,11,,16,,1,21,121.5503323,25.016204
113,2,5,17,55,2,04大安區,大安區辛亥路3段與臥龍街188巷口,0,0,1,2,B02,6,5,5,50,14,9,1,4,4,5,13,4,4,9,4,5,1,13,1,21,3,10,3,4,7,12,1,8,1,3,,44,,1,21,121.5503323,25.016204
113,2,5,18,5,2,05中正區,中正區重慶南路3段與重慶南路3段174巷口,0,0,1,1,B13,6,5,5,50,4,1,1,4,4,5,13,1,1,1,4,5,2,12,1,32,3,10,7,1,7,9,1,8,11,2,,108,,2,21,121.5167749,25.0230847
113,2,5,18,5,2,05中正區,中正區重慶南路3段與重慶南路3段174巷口,0,0,1,2,C03,6,5,5,50,4,1,1,4,4,5,13,1,1,1,4,5,2,12,2,33,2,7,5,1,7,9,1,10,1,14,,44,,1,21,121.5167749,25.0230847
113,2,5,18,7,2,04大安區,大安區光復南路420巷與光復南路口,0,0,1,1,B03,6,5,5,50,5,18,1,4,4,5,13,1,1,3,4,5,2,3,2,71,3,10,7,4,7,9,1,8,1,8,,81,,1,21,121.5575157,25.0364071
113,2,5,18,7,2,04大安區,大安區光復南路420巷與光復南路口,0,0,1,2,H01,6,5,5,50,5,18,1,4,4,5,13,1,1,3,4,5,2,3,2,79,2,1,4,5,8,16,8,20,10,16,,67,,1,21,121.5575157,25.0364071
113,2,5,18,20,2,05中正區,中正區和平西路2段與泉州街口,0,0,1,1,B03,6,6,5,50,5,1,1,4,4,5,13,2,1,3,4,5,2,12,1,47,3,10,7,1,7,9,1,8,1,2,,17,,1,21,121.5145212,25.0278159
113,2,5,18,20,2,05中正區,中正區和平西路2段與泉州街口,0,0,1,2,C03,6,6,5,50,5,1,1,4,4,5,13,2,1,3,4,5,2,12,1,43,2,9,5,1,7,9,1,10,1,14,,17,,1,21,121.5145212,25.0278159
113,2,5,18,21,2,10文山區,文山區景後街與景後街105巷口口,0,0,3,1,C03,6,5,5,50,4,18,1,4,4,5,13,4,4,9,5,5,2,3,1,20,3,10,6,1,7,9,1,10,1,11,,70,,1,21,121.5425204,24.9913113
113,2,5,18,21,2,10文山區,文山區景後街與景後街105巷口口,0,0,3,2,H01,6,5,5,50,4,18,1,4,4,5,13,4,4,9,5,5,2,3,1,40,2,8,4,5,8,16,8,20,10,16,,67,,1,21,121.5425204,24.9913113
113,2,5,18,21,2,10文山區,文山區景後街與景後街105巷口口,0,0,3,3,H01,6,5,5,50,4,18,1,4,4,5,13,4,4,9,5,5,2,3,2,30,2,8,4,5,8,16,8,20,10,16,,67,,1,21,121.5425204,24.9913113
113,2,5,18,21,2,10文山區,文山區景後街與景後街105巷口口,0,0,3,4,H02,6,5,5,50,4,18,1,4,4,5,13,4,4,9,5,5,2,3,2,25,2,8,6,5,7,20,8,20,10,16,,67,,1,21,121.5425204,24.9913113
113,2,5,18,27,2,02萬華區,萬華區東園街14巷與東園街口,0,0,1,2,B03,6,5,5,50,3,1,1,4,4,5,13,4,4,8,3,5,1,12,1,53,3,10,7,1,7,9,1,8,1,2,,44,,1,21,121.4956488,25.02772062
113,2,5,18,27,2,02萬華區,萬華區東園街14巷與東園街口,0,0,1,1,C03,6,5,5,50,3,1,1,4,4,5,13,4,4,8,3,5,1,12,2,55,2,7,5,1,7,9,1,10,1,14,,116,,1,21,121.4956488,25.02772062
113,2,5,18,41,2,05中正區,中正區羅斯福路4段60號,0,0,1,1,B02,7,5,5,50,14,9,1,4,4,5,13,4,4,1,4,5,2,13,1,45,3,10,7,1,7,9,1,4,2,1,,16,,1,22,121.5338913,25.0150511
113,2,5,18,41,2,05中正區,中正區羅斯福路4段60號,0,0,1,2,C03,7,5,5,50,14,9,1,4,4,5,13,4,4,1,4,5,2,13,1,39,2,6,5,1,7,14,1,9,2,13,,44,,1,22,121.5338913,25.0150511
113,2,5,18,41,2,05中正區,中正區羅斯福路4段60號,0,0,1,3,B03,7,5,5,50,14,9,1,4,4,5,13,4,4,1,4,5,2,13,1,49,3,10,7,1,7,14,1,8,2,3,,44,,1,22,121.5338913,25.0150511
113,2,5,18,45,2,02萬華區,萬華區華中橋往台北市下橋處,0,0,2,1,B03,6,5,5,50,14,9,1,4,4,5,13,4,4,1,4,5,2,12,2,55,3,10,7,4,7,7,1,8,1,4,,100,,1,21,121.4970251,25.01871451
113,2,5,18,45,2,02萬華區,萬華區華中橋往台北市下橋處,0,0,2,2,C03,6,5,5,50,14,9,1,4,4,5,13,4,4,1,4,5,2,12,1,75,2,9,5,4,7,9,1,10,1,12,,44,,1,21,121.4970251,25.01871451
113,2,5,18,45,2,02萬華區,萬華區華中橋往台北市下橋處,0,0,2,3,C03,6,5,5,50,14,9,1,4,4,5,13,4,4,1,4,5,2,12,1,43,2,9,5,4,7,10,1,10,1,17,,101,,1,21,121.4970251,25.01871451
113,2,5,18,59,2,02萬華區,萬華區萬大路346號與萬大路口,0,0,2,1,C03,7,5,5,30,14,9,1,4,4,5,13,2,1,1,5,5,2,17,2,24,2,9,6,1,7,9,1,10,1,12,,44,,1,21,121.4997316,25.02356651
113,2,5,18,59,2,02萬華區,萬華區萬大路346號與萬大路口,0,0,2,2,C03,7,5,5,30,14,9,1,4,4,5,13,2,1,1,5,5,2,17,2,52,2,9,6,1,7,9,1,10,1,15,,44,,1,21,121.4997316,25.02356651
113,2,5,19,1,2,12內湖區,內湖區成功交流道與成功交流道口西北角(往國道南下路口),0,0,1,1,B03,7,5,5,50,14,9,1,5,4,5,13,4,4,1,4,5,2,13,1,53,3,10,7,1,7,9,1,8,1,1,,108,,1,21,121.5903696,25.06570594
113,2,5,19,1,2,12內湖區,內湖區成功交流道與成功交流道口西北角(往國道南下路口),0,0,1,2,C03,7,5,5,50,14,9,1,5,4,5,13,4,4,1,4,5,2,13,2,31,2,8,6,1,7,14,1,10,1,13,,44,,1,21,121.5903696,25.06570594
113,2,5,19,2,2,08士林區,士林區社中街250巷21弄與通河西街2段108巷口,0,0,2,1,C03,7,5,5,30,4,2,1,5,4,5,13,4,4,10,5,5,2,17,2,35,2,9,5,1,7,9,1,10,2,11,,14,,1,21,121.5077218,25.09225299
113,2,5,19,2,2,08士林區,士林區社中街250巷21弄與通河西街2段108巷口,0,0,2,2,C03,7,5,5,30,4,2,1,5,4,5,13,4,4,10,5,5,2,17,1,59,2,3,5,1,7,9,1,10,2,11,,13,,1,21,121.5077218,25.09225299
113,2,5,19,5,2,03中山區,中山區民族東路與濱江街180巷口,0,0,1,1,B03,7,5,5,50,4,1,1,4,4,5,13,1,1,1,4,4,2,16,1,28,3,10,3,4,7,5,1,8,1,5,,74,,1,21,121.5381083,25.0682963
113,2,5,19,5,2,03中山區,中山區民族東路與濱江街180巷口,0,0,1,2,C03,7,5,5,50,4,1,1,4,4,5,13,1,1,1,4,4,2,16,1,28,2,8,3,4,7,9,1,10,1,14,,44,,1,21,121.5381083,25.0682963
113,2,5,19,6,2,05中正區,中正區汀州路3段24巷與汀州路3段24巷5弄口,0,0,1,1,C03,6,5,5,30,3,1,1,4,4,5,13,4,4,10,5,5,1,17,1,30,3,10,5,1,7,5,1,10,2,11,,8,,1,21,121.5278839,25.0171025
113,2,5,19,6,2,05中正區,中正區汀州路3段24巷與汀州路3段24巷5弄口,0,0,1,2,C03,6,5,5,30,3,1,1,4,4,5,13,4,4,10,5,5,1,17,1,21,2,9,5,1,7,9,1,10,2,11,,14,,1,21,121.5278839,25.0171025
113,2,5,19,10,2,02萬華區,萬華區堤外便道機車道059桿,0,0,3,1,C03,7,5,7,40,14,11,1,5,4,5,13,4,4,1,4,5,2,13,2,55,2,9,6,1,7,12,1,10,1,13,,30,,1,21,121.5026508,25.04589423
113,2,5,19,10,2,02萬華區,萬華區堤外便道機車道059桿,0,0,3,2,C03,7,5,7,40,14,11,1,5,4,5,13,4,4,1,4,5,2,13,2,38,2,9,5,1,7,12,1,10,1,13,11,16,,1,21,121.5026508,25.04589423