發生年度,發生月,發生日,發生時-Hours,發生分,處理別-編號,區序,肇事地點,死亡人數,2-30日死亡人數,受傷人數,當事人序號,車種,天候,道路照明設備,道路類別,速限-速度限制,道路型態,事故位置,路面狀況1,路面狀況2,路面狀況3,道路障礙1,道路障礙2,號誌1,號誌2,車道劃分-分向,車道劃分-分道1,車道劃分-分道2,車道劃分-分道3,事故類型及型態,性別,年齡,受傷程度,主要傷處,保護裝置,行動電話,車輛用途,當事者行動狀態,駕駛資格情形,駕駛執照種類,飲酒情形,車輛撞擊部位1,車輛撞擊部位2,肇因碼-個別,肇因碼-主要,個人肇逃否,職業,座標-X,座標-Y
113,2,5,19,10,2,02萬華區,萬華區堤外便道機車道059桿,0,0,3,3,C03,7,5,7,40,14,11,1,5,4,5,13,4,4,1,4,5,2,13,1,49,2,9,5,1,7,12,1,10,1,13,11,44,,1,21,121.5026508,25.04589423
113,2,5,19,10,2,11南港區,南港區松河街418號,0,0,1,1,B03,6,5,5,50,14,9,1,4,4,5,13,4,4,5,5,5,2,17,1,23,3,10,7,1,7,11,1,8,1,7,,10,,1,21,121.591018,25.057
113,2,5,19,10,2,11南港區,南港區松河街418號,0,0,1,2,C03,6,5,5,50,14,9,1,4,4,5,13,4,4,5,5,5,2,17,1,40,2,8,5,1,7,9,1,10,1,12,,44,,1,21,121.591018,25.057
113,2,5,19,17,2,10文山區,文山區羅斯福路6段94號前,0,0,1,1,C03,7,5,5,50,14,9,1,4,4,5,13,4,4,1,4,5,2,13,2,32,2,8,5,1,7,9,1,10,2,11,,108,,1,21,121.5403547,24.9982336
113,2,5,19,17,2,10文山區,文山區羅斯福路6段94號前,0,0,1,2,B03,7,5,5,50,14,9,1,4,4,5,13,4,4,1,4,5,2,13,1,43,3,10,3,4,7,13,1,8,11,3,,38,,1,21,121.5403547,24.9982336
113,2,5,20,11,2,05中正區,中正區公園路與許昌街口口,0,0,1,1,C03,7,5,5,30,4,1,1,5,4,5,13,3,1,9,4,5,1,16,2,51,2,9,6,1,7,6,1,10,2,12,,72,,1,21,121.5172085,25.0453619
113,2,5,20,11,2,05中正區,中正區公園路與許昌街口口,0,0,1,2,B01,7,5,5,30,4,1,1,5,4,5,13,3,1,9,4,5,1,16,1,50,3,10,7,1,7,9,1,4,2,4,,44,,1,21,121.5172085,25.0453619
113,2,5,20,57,2,07信義區,信義區虎林街與虎林街70巷口,0,0,1,1,B03,6,5,5,30,4,1,1,4,4,5,13,4,4,10,5,5,2,15,1,26,3,10,3,4,7,9,3,18,1,1,,80,,1,21,121.5774374,25.0443333
113,2,5,20,57,2,07信義區,信義區虎林街與虎林街70巷口,0,0,1,2,C03,6,5,5,30,4,1,1,4,4,5,13,4,4,10,5,5,2,15,1,34,2,5,5,1,7,9,1,10,1,12,,13,,1,21,121.5774374,25.0443333
113,2,5,21,40,2,03中山區,中山區吉林路407巷與德惠街170巷口,0,0,1,1,B02,8,5,5,30,4,1,1,5,4,5,13,4,4,10,5,5,2,16,1,35,3,10,7,1,7,6,1,8,9,7,,72,,1,21,121.531812,25.06606752
113,2,5,21,40,2,03中山區,中山區吉林路407巷與德惠街170巷口,0,0,1,2,C03,8,5,5,30,4,1,1,5,4,5,13,4,4,10,5,5,2,16,1,20,2,9,6,1,7,9,1,10,9,11,,44,,1,21,121.531812,25.06606752
113,2,5,21,40,2,10文山區,文山區木柵路1段17巷1號旁,0,0,1,1,C03,6,5,5,50,11,9,1,4,4,5,13,4,4,5,5,5,2,18,1,22,2,9,5,1,7,9,1,9,1,11,,116,,1,21,121.5431726,24.98854274
113,2,5,21,40,2,10文山區,文山區木柵路1段17巷1號旁,0,0,1,2,,6,5,5,50,11,9,1,4,4,5,13,4,4,5,5,5,2,18,3,0,,,,,,,,,,,,67,,1,,121.5431726,24.98854274
113,2,5,21,50,2,10文山區,文山區景文街與景文街90巷口,0,0,1,1,B03,8,5,5,30,3,1,1,5,4,5,13,4,4,10,5,5,2,16,2,56,3,10,7,1,7,5,1,8,2,8,,72,,1,21,121.5410881,24.9904267
113,2,5,21,50,2,10文山區,文山區景文街與景文街90巷口,0,0,1,2,C03,8,5,5,30,3,1,1,5,4,5,13,4,4,10,5,5,2,16,2,23,2,8,6,1,7,9,1,10,2,11,,14,,1,21,121.5410881,24.9904267
113,2,5,21,51,2,10文山區,文山區忠順街1段113號前,0,0,2,1,C03,8,5,5,50,14,9,1,5,4,5,13,4,4,9,5,5,2,14,1,51,2,9,6,1,7,2,1,10,2,12,,12,,1,21,121.5596532,24.98417304
113,2,5,21,51,2,10文山區,文山區忠順街1段113號前,0,0,2,2,C03,8,5,5,50,14,9,1,5,4,5,13,4,4,9,5,5,2,14,2,38,2,8,6,1,7,9,1,10,2,11,12,108,,1,21,121.5596532,24.98417304
113,2,5,21,55,2,11南港區,南港區市民大道8段99號對面,0,0,1,1,C04,7,5,5,50,14,9,1,5,4,5,13,4,4,1,4,5,2,18,2,19,2,1,5,1,7,9,1,11,1,14,,44,,1,21,121.5969582,25.051716
113,2,5,21,55,2,11南港區,南港區市民大道8段99號對面,0,0,1,2,,7,5,5,50,14,9,1,5,4,5,13,4,4,1,4,5,2,18,3,0,,,,,,,,,,,,67,,1,,121.5969582,25.051716
113,2,5,22,26,2,04大安區,大安區建國南路2段276號,0,0,1,1,C03,7,5,5,50,14,9,1,5,4,5,13,2,1,10,4,5,1,13,1,26,3,10,5,3,7,9,1,10,1,11,,16,,1,21,121.5373824,25.0252512
113,2,5,22,26,2,04大安區,大安區建國南路2段276號,0,0,1,2,C03,7,5,5,50,14,9,1,5,4,5,13,2,1,10,4,5,1,13,1,22,3,10,6,4,7,14,1,10,1,13,,44,,1,21,121.5373824,25.0252512
113,2,5,22,26,2,04大安區,大安區建國南路2段276號,0,0,1,3,H02,7,5,5,50,14,9,1,5,4,5,13,2,1,10,4,5,1,13,2,21,2,6,6,5,7,20,8,20,10,16,,67,,1,21,121.5373824,25.0252512
113,2,5,22,44,2,02萬華區,萬華區西藏路與西藏路125巷口,0,0,1,1,B02,7,5,5,30,3,1,1,5,4,5,13,2,1,1,4,5,2,3,2,34,3,10,7,4,7,5,1,4,1,4,,8,,1,21,121.5022294,25.02972924
113,2,5,22,44,2,02萬華區,萬華區西藏路與西藏路125巷口,0,0,1,2,H01,7,5,5,30,3,1,1,5,4,5,13,2,1,1,4,5,2,3,2,68,2,7,4,5,8,16,8,20,10,16,,67,,1,21,121.5022294,25.02972924
113,2,5,22,44,2,02萬華區,萬華區華江橋機車道下橋,0,0,1,1,,7,5,5,40,14,11,1,5,4,5,13,4,4,1,5,5,2,27,3,0,,,,,,,,,,,,67,,1,,121.5092621,25.05134583
113,2,5,22,44,2,02萬華區,萬華區華江橋機車道下橋,0,0,1,2,C03,7,5,5,40,14,11,1,5,4,5,13,4,4,1,5,5,2,27,2,21,2,9,5,1,7,9,1,10,1,11,,44,,1,21,121.5092621,25.05134583
113,2,5,22,45,2,06松山區,松山區光復北路13號,0,0,1,1,C03,8,5,8,50,22,22,1,5,4,5,13,4,4,7,5,5,2,18,2,22,2,7,5,1,7,9,1,10,1,12,,116,,1,21,121.5584592,25.04937127
113,2,5,22,45,2,06松山區,松山區光復北路13號,0,0,1,2,,8,5,8,50,22,22,1,5,4,5,13,4,4,7,5,5,2,18,3,0,,,,,,,,,,,,67,,1,,121.5584592,25.04937127
113,2,5,23,35,2,08士林區,士林區中山北路4段與通河街口,0,0,3,1,B01,7,5,5,50,3,2,1,5,4,5,13,1,1,3,4,5,2,9,1,60,2,7,7,1,7,9,1,4,2,8,,108,,1,22,121.5244138,25.0797063
113,2,5,23,35,2,08士林區,士林區中山北路4段與通河街口,0,0,3,3,H02,7,5,5,50,3,2,1,5,4,5,13,1,1,3,4,5,2,9,2,28,2,8,7,5,7,17,8,20,10,17,,67,,1,22,121.5244138,25.0797063
113,2,5,23,35,2,08士林區,士林區中山北路4段與通河街口,0,0,3,4,H02,7,5,5,50,3,2,1,5,4,5,13,1,1,3,4,5,2,9,1,58,2,1,7,5,7,17,8,20,10,17,,67,,1,22,121.5244138,25.0797063
113,2,5,23,35,2,08士林區,士林區中山北路4段與通河街口,0,0,3,2,,7,5,5,50,3,2,1,5,4,5,13,1,1,3,4,5,2,9,3,0,,,,,,,,,10,,,67,,1,,121.5244138,25.0797063
113,2,6,0,34,2,02萬華區,萬華區康定路與大理街口,0,0,1,1,C03,8,5,5,50,4,1,1,5,4,5,13,2,1,5,5,5,2,16,1,19,2,9,6,1,7,7,1,10,1,14,,100,,1,21,121.5011296,25.03452057
113,2,6,0,34,2,02萬華區,萬華區康定路與大理街口,0,0,1,2,B03,8,5,5,50,4,1,1,5,4,5,13,2,1,5,5,5,2,16,1,47,3,10,7,1,7,9,1,4,1,2,,13,,1,21,121.5011296,25.03452057
113,2,6,1,4,2,08士林區,士林區通河街與通河街1巷口,0,0,1,1,C03,8,5,5,50,4,2,1,5,4,5,13,3,1,5,5,5,1,17,2,30,2,9,6,1,7,5,1,10,1,14,,44,,1,21,121.5237317,25.0799162
113,2,6,1,4,2,08士林區,士林區通河街與通河街1巷口,0,0,1,2,C03,8,5,5,50,4,2,1,5,4,5,13,3,1,5,5,5,1,17,1,46,3,10,6,1,7,9,1,10,1,12,,4,,1,21,121.5237317,25.0799162
113,2,6,1,26,2,01大同區,大同區民生西路與寧夏路口,0,0,1,1,B01,7,6,5,50,4,2,1,5,4,5,13,2,1,6,3,5,1,16,1,34,3,10,7,1,7,11,1,8,2,2,,10,,1,21,121.5155674,25.05704541
113,2,6,1,26,2,01大同區,大同區民生西路與寧夏路口,0,0,1,2,C02,7,6,5,50,4,2,1,5,4,5,13,2,1,6,3,5,1,16,1,23,2,9,6,1,7,9,1,9,2,11,,13,,1,21,121.5155674,25.05704541
113,2,6,3,50,2,04大安區,大安區羅斯福路3段189號,0,0,2,1,A12,8,5,5,50,14,9,1,5,4,5,13,1,1,3,4,5,2,13,1,34,3,10,7,4,7,9,1,8,2,1,,108,,1,22,121.5279569,25.0210284
113,2,6,3,50,2,04大安區,大安區羅斯福路3段189號,0,0,2,2,C03,8,5,5,50,14,9,1,5,4,5,13,1,1,3,4,5,2,13,1,61,2,8,5,4,7,14,1,10,2,13,,44,,1,22,121.5279569,25.0210284
113,2,6,3,50,2,04大安區,大安區羅斯福路3段189號,0,0,2,3,H02,8,5,5,50,14,9,1,5,4,5,13,1,1,3,4,5,2,13,2,53,2,3,5,5,7,20,8,20,10,16,,67,,1,21,121.5279569,25.0210284
113,2,6,4,52,2,02萬華區,萬華區萬大路497號,0,0,1,1,B12,8,5,5,30,14,9,1,5,4,5,13,1,1,1,4,5,2,12,1,33,3,10,7,4,7,9,1,8,2,6,,44,,1,21,121.4977625,25.01999886
113,2,6,4,52,2,02萬華區,萬華區萬大路497號,0,0,1,2,B03,8,5,5,30,14,9,1,5,4,5,13,1,1,1,4,5,2,12,1,32,2,2,7,4,7,7,1,8,2,8,,100,,1,21,121.4977625,25.01999886
113,2,6,5,9,2,02萬華區,萬華區西園路2段372巷66號,0,0,1,1,C03,8,5,5,30,14,9,1,5,4,5,13,4,4,10,3,5,2,13,1,38,2,9,5,4,7,9,1,10,9,11,,13,,2,22,121.4899607,25.0265308
113,2,6,5,9,2,02萬華區,萬華區西園路2段372巷66號,0,0,1,2,C03,8,5,5,30,14,9,1,5,4,5,13,4,4,10,3,5,2,13,2,54,3,10,5,4,7,15,1,10,9,13,,44,,1,22,121.4899607,25.0265308
113,2,6,5,9,2,02萬華區,萬華區西園路2段372巷66號,0,0,1,3,B03,8,5,5,30,14,9,1,5,4,5,13,4,4,10,3,5,2,13,1,52,3,10,3,4,7,15,1,8,9,3,,44,,1,22,121.4899607,25.0265308
113,2,6,5,9,2,02萬華區,萬華區西園路2段372巷66號,0,0,1,4,C03,8,5,5,30,14,9,1,5,4,5,13,4,4,10,3,5,2,13,2,53,3,10,3,4,7,13,1,10,9,13,,44,,1,22,121.4899607,25.0265308
113,2,6,5,9,2,02萬華區,萬華區西園路2段372巷66號,0,0,1,5,C03,8,5,5,30,14,9,1,5,4,5,13,4,4,10,3,5,2,13,2,53,3,10,3,4,7,13,1,10,9,13,,44,,1,22,121.4899607,25.0265308
113,2,6,5,10,2,06松山區,松山區松河街240號,0,0,2,2,C03,7,5,5,40,14,9,1,5,4,5,13,4,4,8,3,5,2,3,1,68,2,9,5,1,7,9,1,10,2,11,,108,,1,22,121.5783948,25.0517535
113,2,6,5,10,2,06松山區,松山區松河街240號,0,0,2,1,H01,7,5,5,40,14,9,1,5,4,5,13,4,4,8,3,5,2,3,1,70,2,8,4,5,8,16,8,20,10,16,,123,,1,22,121.5783948,25.0517535
113,2,6,6,10,2,02萬華區,萬華區青年路68巷與青年路口,0,0,1,1,B03,7,5,5,50,3,1,1,5,4,5,13,1,1,8,3,5,2,2,1,66,3,10,3,4,7,5,1,8,1,1,,70,,1,22,121.4946181,25.02760379
113,2,6,6,10,2,02萬華區,萬華區青年路68巷與青年路口,0,0,1,2,H01,7,5,5,50,3,1,1,5,4,5,13,1,1,8,3,5,2,2,1,53,2,9,4,5,8,16,8,20,10,16,,67,,1,22,121.4946181,25.02760379
113,2,6,6,24,2,02萬華區,萬華區萬大路往南接水源快速道路匝道,0,0,1,1,B12,7,5,9,0,14,16,1,5,4,5,13,4,4,10,5,5,1,9,1,39,3,10,3,4,7,9,1,8,1,5,,108,,1,21,121.496691,25.01616138
113,2,6,6,24,2,02萬華區,萬華區萬大路往南接水源快速道路匝道,0,0,1,2,H03,7,5,9,0,14,16,1,5,4,5,13,4,4,10,5,5,1,9,1,35,2,8,4,5,8,17,8,20,10,16,,60,,1,21,121.496691,25.01616138
113,2,6,6,24,2,02萬華區,萬華區萬大路往南接水源快速道路匝道,0,0,1,3,B12,7,5,9,0,14,16,1,5,4,5,13,4,4,10,5,5,1,9,1,35,3,10,3,4,7,13,7,19,11,17,,38,,1,21,121.496691,25.01616138
113,2,6,6,24,2,02萬華區,萬華區萬大路往南接水源快速道路匝道,0,0,1,4,G06,7,5,9,0,14,16,1,5,4,5,13,4,4,10,5,5,1,9,1,35,3,10,3,4,7,15,7,19,11,17,,60,,1,21,121.496691,25.01616138
113,2,6,6,24,2,02萬華區,萬華區萬大路往南接水源快速道路匝道,0,0,1,5,G06,7,5,9,0,14,16,1,5,4,5,13,4,4,10,5,5,1,9,1,112,3,10,3,4,7,15,8,20,11,17,,60,,1,21,121.496691,25.01616138
113,2,6,7,50,2,08士林區,士林區中正路628號,0,0,1,1,B03,8,6,5,50,14,9,1,5,4,5,13,2,1,10,5,5,1,13,1,63,3,10,7,1,7,9,1,8,2,1,,108,,1,21,121.5084661,25.0866453
113,2,6,7,50,2,08士林區,士林區中正路628號,0,0,1,2,C03,8,6,5,50,14,9,1,5,4,5,13,2,1,10,5,5,1,13,1,56,2,8,5,1,7,14,1,10,2,13,,44,,1,21,121.5084661,25.0866453
113,2,6,7,55,2,08士林區,士林區中山北路6段776巷與中山北路6段口,0,0,1,1,B03,8,6,5,50,3,2,1,5,4,5,13,1,1,1,4,5,1,12,2,41,3,10,3,4,7,1,1,8,2,8,,19,,1,22,121.5287707,25.1165831
113,2,6,7,55,2,08士林區,士林區中山北路6段776巷與中山北路6段口,0,0,1,2,C03,8,6,5,50,3,2,1,5,4,5,13,1,1,1,4,5,1,12,2,52,2,9,3,4,7,9,3,18,2,11,,13,,1,22,121.5287707,25.1165831
113,2,6,8,0,2,03中山區,中山區民族東路194號,0,0,1,1,C03,8,7,5,50,14,9,1,5,4,5,13,4,4,3,4,5,2,18,1,38,2,9,6,1,7,9,1,10,1,14,,42,,1,21,121.5308433,25.06822082
113,2,6,8,0,2,03中山區,中山區民族東路194號,0,0,1,2,,8,7,5,50,14,9,1,5,4,5,13,4,4,3,4,5,2,18,3,0,,,,,,,,,,,,67,,1,,121.5308433,25.06822082
113,2,6,8,5,2,04大安區,大安區和平東路1段與和平東路1段248巷口,0,0,2,1,B13,8,7,5,50,3,1,1,5,4,5,13,4,4,7,3,5,2,12,1,56,3,10,7,1,7,9,1,8,2,1,,17,,1,21,121.5328563,25.0261671
113,2,6,8,5,2,04大安區,大安區和平東路1段與和平東路1段248巷口,0,0,2,2,C03,8,7,5,50,3,1,1,5,4,5,13,4,4,7,3,5,2,12,2,47,2,9,6,1,7,9,1,10,2,13,,17,,1,21,121.5328563,25.0261671
113,2,6,8,5,2,04大安區,大安區和平東路1段與和平東路1段248巷口,0,0,2,3,H02,8,7,5,50,3,1,1,5,4,5,13,4,4,7,3,5,2,12,1,17,2,1,6,5,7,20,8,20,10,16,,67,,1,21,121.5328563,25.0261671
113,2,6,8,25,2,05中正區,中正區杭州南路2段與金華街口口,0,0,1,1,C03,8,6,5,50,4,2,1,5,4,5,13,1,1,5,5,5,1,17,1,69,4,11,3,4,7,21,7,19,11,15,,118,,2,22,121.5222227,25.03089154
113,2,6,8,25,2,05中正區,中正區杭州南路2段與金華街口口,0,0,1,2,C03,8,6,5,50,4,2,1,5,4,5,13,1,1,5,5,5,1,17,2,27,2,8,6,1,7,15,1,10,1,12,,118,,1,21,121.5222227,25.03089154
113,2,6,8,26,2,01大同區,大同區赤峰街與赤峰街41巷口,0,0,2,1,C03,7,6,5,30,5,1,1,5,4,5,13,4,4,10,5,5,2,15,1,56,2,9,6,1,7,9,1,10,1,11,,14,,1,21,121.5196168,25.0548874
113,2,6,8,26,2,01大同區,大同區赤峰街與赤峰街41巷口,0,0,2,2,C03,7,6,5,30,5,1,1,5,4,5,13,4,4,10,5,5,2,15,2,39,2,9,6,1,7,9,1,10,1,12,,14,,1,21,121.5196168,25.0548874
113,2,6,8,30,2,10文山區,文山區信義快速道路文山隧道南往北,0,0,1,1,B12,8,5,5,70,6,7,1,5,4,5,13,4,4,7,2,5,1,13,1,36,3,10,7,1,7,9,1,8,1,1,,16,,1,21,121.5817327,25.01078905
113,2,6,8,30,2,10文山區,文山區信義快速道路文山隧道南往北,0,0,1,2,B03,8,5,5,70,6,7,1,5,4,5,13,4,4,7,2,5,1,13,2,48,2,1,7,1,7,9,1,8,1,3,,44,,1,21,121.5817327,25.01078905
113,2,6,8,33,2,03中山區,中山區松江路133巷與南京東路2段115巷口,0,0,1,1,B01,8,6,5,30,4,1,1,5,4,5,13,4,4,10,5,5,2,15,1,55,3,10,3,4,7,9,1,4,2,4,,72,,1,21,121.5336403,25.0543573
113,2,6,8,33,2,03中山區,中山區松江路133巷與南京東路2段115巷口,0,0,1,2,C04,8,6,5,30,4,1,1,5,4,5,13,4,4,10,5,5,2,15,2,57,2,9,3,4,7,9,1,21,2,11,,14,,1,21,121.5336403,25.0543573
113,2,6,8,46,2,04大安區,大安區東豐街28號,0,0,1,1,C03,8,7,5,50,14,8,1,5,4,5,13,4,4,9,4,4,2,12,1,23,3,10,3,4,7,6,1,10,1,12,,9,,1,21,121.545449,25.036003
113,2,6,8,46,2,04大安區,大安區東豐街28號,0,0,1,2,C03,8,7,5,50,14,8,1,5,4,5,13,4,4,9,4,4,2,12,2,23,2,6,3,4,7,9,1,10,1,11,,44,,1,21,121.545449,25.036003
113,2,6,9,1,2,05中正區,中正區汀州路3段208號,0,0,2,1,C03,7,6,5,50,14,9,1,5,4,5,13,4,4,8,4,5,1,16,1,75,2,9,6,1,7,5,1,10,2,12,,101,,1,21,121.535495,25.0121035
113,2,6,9,1,2,05中正區,中正區汀州路3段208號,0,0,2,2,C03,7,6,5,50,14,9,1,5,4,5,13,4,4,8,4,5,1,16,1,21,2,9,5,1,7,9,1,10,2,11,,108,,1,21,121.535495,25.0121035
113,2,6,9,15,2,08士林區,士林區仰德大道2段與永公路口,0,0,1,1,C03,7,7,5,40,3,1,1,5,4,5,13,2,2,5,5,5,1,17,1,29,2,9,5,1,7,9,1,8,1,11,,108,,1,21,121.550265,25.1134657
113,2,6,9,15,2,08士林區,士林區仰德大道2段與永公路口,0,0,1,2,B03,7,7,5,40,3,1,1,5,4,5,13,2,2,5,5,5,1,17,1,27,3,10,7,1,7,9,1,8,1,5,,14,,1,21,121.550265,25.1134657
113,2,6,9,17,2,09北投區,北投區西安街1段281巷4號,0,0,1,1,B12,8,7,5,30,14,9,1,5,4,6,13,4,4,10,5,5,2,9,1,33,3,10,7,1,7,15,1,8,9,4,,108,,2,21,121.5166979,25.1118905
113,2,6,9,17,2,09北投區,北投區西安街1段281巷4號,0,0,1,2,H01,8,7,5,30,14,9,1,5,4,6,13,4,4,10,5,5,2,9,2,41,2,9,4,5,8,17,8,20,10,16,,67,,1,21,121.5166979,25.1118905
113,2,6,9,24,2,10文山區,文山區景後街與景後街149巷口,0,0,1,1,B03,8,6,5,50,3,1,1,5,4,5,13,4,4,9,5,5,2,17,1,50,3,10,7,1,7,8,1,8,1,17,,100,,1,21,121.541906,24.9902569
113,2,6,9,24,2,10文山區,文山區景後街與景後街149巷口,0,0,1,2,C03,8,6,5,50,3,1,1,5,4,5,13,4,4,9,5,5,2,17,2,36,2,9,6,1,7,9,1,10,1,14,,44,,1,21,121.541906,24.9902569
113,2,6,9,35,2,08士林區,士林區社中街80號前,0,0,1,2,H01,8,6,5,50,14,9,1,5,4,5,13,4,4,4,5,5,1,2,1,88,2,8,4,5,8,16,8,20,10,16,,67,,1,21,121.5106083,25.0887278
113,2,6,9,35,2,08士林區,士林區社中街80號前,0,0,1,1,B03,8,6,5,50,14,9,1,5,4,5,13,4,4,4,5,5,1,2,4,0,,,,,,,,,,,,119,,2,,121.5106083,25.0887278
113,2,6,9,38,2,12內湖區,內湖區潭美街與安美街175巷口,0,0,2,1,B01,7,7,5,40,4,2,1,5,4,5,13,4,4,5,5,5,2,16,1,57,3,10,7,1,7,6,1,4,1,6,,9,,1,21,121.6008492,25.06079747
113,2,6,9,38,2,12內湖區,內湖區潭美街與安美街175巷口,0,0,2,2,C03,7,7,5,40,4,2,1,5,4,5,13,4,4,5,5,5,2,16,1,74,2,8,5,1,7,9,1,10,1,11,,13,,1,21,121.6008492,25.06079747
113,2,6,9,38,2,12內湖區,內湖區潭美街與安美街175巷口,0,0,2,3,H02,7,7,5,40,4,2,1,5,4,5,13,4,4,5,5,5,2,16,2,69,2,7,5,5,7,20,8,20,10,16,,67,,1,21,121.6008492,25.06079747
113,2,6,10,4,2,10文山區,文山區新光路2段與無名巷口,0,0,1,1,B03,7,6,5,50,4,2,2,5,4,5,13,4,4,5,4,5,2,17,1,44,3,10,3,4,7,6,1,8,1,6,,9,,1,21,121.5788523,24.99783842
113,2,6,10,4,2,10文山區,文山區新光路2段與無名巷口,0,0,1,2,C03,7,6,5,50,4,2,2,5,4,5,13,4,4,5,4,5,2,17,2,57,2,9,5,4,7,9,1,10,1,11,,108,,1,21,121.5788523,24.99783842
113,2,6,10,42,2,02萬華區,萬華區堤外便道進華中橋水門往北機車練習場旁,0,0,2,1,B03,8,5,5,40,14,9,1,5,4,5,13,4,4,10,5,5,2,11,2,70,2,8,7,4,7,9,1,8,2,8,,5,,1,21,121.4922955,25.019905
113,2,6,10,42,2,02萬華區,萬華區堤外便道進華中橋水門往北機車練習場旁,0,0,2,2,B03,8,5,5,40,14,9,1,5,4,5,13,4,4,10,5,5,2,11,1,84,3,10,7,4,7,9,1,8,2,8,,44,,1,21,121.4922955,25.019905
113,2,6,10,42,2,02萬華區,萬華區堤外便道進華中橋水門往北機車練習場旁,0,0,2,3,H02,8,5,5,40,14,9,1,5,4,5,13,4,4,10,5,5,2,11,2,74,2,1,7,5,7,21,8,20,10,16,,67,,1,21,121.4922955,25.019905
113,2,6,11,7,2,04大安區,大安區復興南路2段210巷與和平東路2段210巷口,0,0,2,2,C03,8,7,5,30,4,1,1,5,4,5,13,4,4,10,5,5,2,17,1,60,2,9,6,1,7,5,1,10,1,14,,14,,1,21,121.5427428,25.0265017
113,2,6,11,7,2,04大安區,大安區復興南路2段210巷與和平東路2段210巷口,0,0,2,1,C03,8,7,5,30,4,1,1,5,4,5,13,4,4,10,5,5,2,17,1,31,2,9,6,1,7,5,1,10,1,14,,14,,1,21,121.5427428,25.0265017
113,2,6,11,8,2,08士林區,士林區福林路與福林路254巷口口,0,0,1,1,B01,7,6,5,50,4,1,1,5,4,5,13,2,1,5,4,5,1,16,1,40,3,10,7,1,7,6,1,4,1,5,,71,,1,21,121.5344878,25.0979126
113,2,6,11,8,2,08士林區,士林區福林路與福林路254巷口口,0,0,1,2,C03,7,6,5,50,4,1,1,5,4,5,13,2,1,5,4,5,1,16,1,47,3,10,5,1,7,9,1,10,1,14,,44,,1,21,121.5344878,25.0979126
113,2,6,11,8,2,08士林區,士林區福林路與福林路254巷口口,0,0,1,3,H02,7,6,5,50,4,1,1,5,4,5,13,2,1,5,4,5,1,16,2,46,2,8,5,5,7,20,8,20,10,17,,67,,1,21,121.5344878,25.0979126
113,2,6,11,40,2,04大安區,大安區基隆路4段與羅斯福路4段口,0,0,2,1,C03,8,6,5,50,4,2,1,5,4,5,13,1,1,1,5,5,2,13,2,66,2,9,6,1,7,3,1,10,1,11,,116,,1,21,121.5374545,25.0115937
113,2,6,11,40,2,04大安區,大安區基隆路4段與羅斯福路4段口,0,0,2,2,C03,8,6,5,50,4,2,1,5,4,5,13,1,1,1,5,5,2,13,2,60,2,9,6,1,7,13,1,10,1,13,,44,,1,21,121.5374545,25.0115937
113,2,6,12,0,2,05中正區,中正區忠孝西路1段與重慶北路1段口,0,0,1,1,A02,8,6,5,50,5,1,1,5,4,5,13,1,1,1,4,5,2,9,1,59,3,10,7,1,7,15,1,2,9,15,,44,,1,21,121.5134572,25.0474029
113,2,6,12,0,2,05中正區,中正區忠孝西路1段與重慶北路1段口,0,0,1,2,H02,8,6,5,50,5,1,1,5,4,5,13,1,1,1,4,5,2,9,2,67,2,9,4,5,7,20,8,20,10,16,,67,,1,21,121.5134572,25.0474029
113,2,6,12,0,2,05中正區,中正區忠孝西路1段與重慶北路1段口,0,0,1,3,,8,6,5,50,5,1,1,5,4,5,13,1,1,1,4,5,2,9,4,0,,,,,,,,,,,,119,,2,,121.5134572,25.0474029
113,2,6,12,20,2,05中正區,中正區和平西路2段98巷與三元街口口,0,0,1,1,C02,7,6,5,30,3,1,1,5,4,5,13,4,4,1,4,4,2,15,1,36,2,8,5,1,7,9,1,9,1,11,,99,,1,21,121.5107169,25.0283527
113,2,6,12,20,2,05中正區,中正區和平西路2段98巷與三元街口口,0,0,1,2,F01,7,6,5,30,3,1,1,5,4,5,13,4,4,1,4,4,2,15,1,42,3,10,4,1,7,9,8,20,1,14,,11,,1,21,121.5107169,25.0283527
113,2,6,12,42,2,12內湖區,內湖區港墘路與港華街口,0,0,1,1,C03,8,6,5,50,4,2,1,5,4,5,13,1,1,1,4,5,2,17,1,33,2,8,6,1,7,9,1,10,1,11,,108,,1,21,121.5781179,25.08224163
113,2,6,12,42,2,12內湖區,內湖區港墘路與港華街口,0,0,1,2,B03,8,6,5,50,4,2,1,5,4,5,13,1,1,1,4,5,2,17,1,63,3,10,7,1,7,6,1,8,1,7,,44,,1,21,121.5781179,25.08224163
113,2,6,12,47,2,06松山區,松山區塔悠路與民權東路5段口,0,0,1,1,C03,8,5,5,50,4,1,1,5,4,1,13,2,1,1,4,5,2,13,2,27,2,8,6,1,7,9,1,10,1,12,,16,,1,21,121.5683514,25.06343981
113,2,6,12,47,2,06松山區,松山區塔悠路與民權東路5段口,0,0,1,2,B03,8,5,5,50,4,1,1,5,4,1,13,2,1,1,4,5,2,13,1,43,3,10,7,1,7,9,1,8,1,3,,44,,1,21,121.5683514,25.06343981
113,2,6,12,47,2,06松山區,松山區塔悠路與民權東路5段口,0,0,1,3,C03,8,5,5,50,4,1,1,5,4,1,13,2,1,1,4,5,2,13,2,44,3,10,6,1,7,7,1,10,9,17,,44,,1,21,121.5683514,25.06343981
113,2,6,13,0,2,10文山區,文山區忠順街2段與忠順街2段57巷口,0,0,2,1,F01,7,5,5,50,3,1,1,5,4,5,13,4,4,5,5,5,2,16,1,68,2,9,4,1,7,5,8,20,2,13,,8,,1,21,121.5642598,24.9849029