發生年度,發生月,發生日,發生時-Hours,發生分,處理別-編號,區序,肇事地點,死亡人數,2-30日死亡人數,受傷人數,當事人序號,車種,天候,道路照明設備,道路類別,速限-速度限制,道路型態,事故位置,路面狀況1,路面狀況2,路面狀況3,道路障礙1,道路障礙2,號誌1,號誌2,車道劃分-分向,車道劃分-分道1,車道劃分-分道2,車道劃分-分道3,事故類型及型態,性別,年齡,受傷程度,主要傷處,保護裝置,行動電話,車輛用途,當事者行動狀態,駕駛資格情形,駕駛執照種類,飲酒情形,車輛撞擊部位1,車輛撞擊部位2,肇因碼-個別,肇因碼-主要,個人肇逃否,職業,座標-X,座標-Y
113,2,6,13,0,2,10文山區,文山區忠順街2段與忠順街2段57巷口,0,0,2,2,C03,7,5,5,50,3,1,1,5,4,5,13,4,4,5,5,5,2,16,2,47,2,8,5,1,7,9,1,10,2,11,,44,,1,21,121.5642598,24.9849029
113,2,6,13,10,2,01大同區,大同區萬全街3巷1號,0,0,1,1,B03,8,6,5,30,14,9,1,5,4,5,13,4,4,9,5,5,2,16,1,44,3,10,7,1,7,6,1,8,2,5,,9,,1,21,121.5201344,25.05893668
113,2,6,13,10,2,01大同區,大同區萬全街3巷1號,0,0,1,2,C03,8,6,5,30,14,9,1,5,4,5,13,4,4,9,5,5,2,16,1,43,2,8,6,1,7,9,1,10,2,14,,1,,1,21,121.5201344,25.05893668
113,2,6,13,25,2,05中正區,中正區中山南路與信義路1段口,0,0,1,1,C03,7,6,5,50,5,1,1,5,4,5,13,1,1,1,4,5,2,16,1,19,2,9,6,1,7,5,1,10,2,14,,96,,1,21,121.5179863,25.03868
113,2,6,13,25,2,05中正區,中正區中山南路與信義路1段口,0,0,1,2,B01,7,6,5,50,5,1,1,5,4,5,13,1,1,1,4,5,2,16,1,69,3,10,7,1,7,9,1,4,2,5,,44,,1,21,121.5179863,25.03868
113,2,6,13,31,2,03中山區,中山區龍江路356巷81號,0,0,2,1,C03,7,6,5,50,14,9,1,5,4,3,13,4,4,9,5,5,2,16,2,71,2,8,6,1,7,1,1,11,1,11,,19,,1,21,121.5377236,25.0660452
113,2,6,13,31,2,03中山區,中山區龍江路356巷81號,0,0,2,2,C03,7,6,5,50,14,9,1,5,4,3,13,4,4,9,5,5,2,16,1,42,2,8,6,1,7,9,1,10,1,11,,44,,1,21,121.5377236,25.0660452
113,2,6,13,33,2,09北投區,北投區明德路與西安街1段口,0,0,1,1,B03,8,6,5,50,4,2,1,5,4,5,13,1,1,10,5,5,2,13,1,71,3,10,7,1,7,15,1,8,1,8,,108,,1,21,121.5190943,25.1091403
113,2,6,13,33,2,09北投區,北投區明德路與西安街1段口,0,0,1,2,C03,8,6,5,50,4,2,1,5,4,5,13,1,1,10,5,5,2,13,1,49,2,9,5,1,7,14,1,10,1,13,,44,,1,21,121.5190943,25.1091403
113,2,6,13,34,2,10文山區,文山區興隆路3段與興德路口,0,0,2,1,C03,8,6,5,50,3,2,1,5,4,5,13,3,1,1,4,5,2,17,1,67,2,3,6,1,7,11,1,10,1,12,,10,,1,21,121.5551861,25.00069347
113,2,6,13,34,2,10文山區,文山區興隆路3段與興德路口,0,0,2,2,B03,8,6,5,50,3,2,1,5,4,5,13,3,1,1,4,5,2,17,2,56,3,10,7,1,7,9,1,8,1,8,,44,,1,21,121.5551861,25.00069347
113,2,6,13,34,2,10文山區,文山區興隆路3段與興德路口,0,0,2,3,H02,8,6,5,50,3,2,1,5,4,5,13,3,1,1,4,5,2,17,2,61,2,9,5,5,7,20,8,20,10,16,,67,,1,21,121.5551861,25.00069347
113,2,6,14,9,2,12內湖區,內湖區環山路3段與港墘路口,0,0,1,1,C03,7,6,5,50,3,1,1,5,4,5,13,2,1,9,4,5,2,16,2,75,2,9,5,1,7,5,3,18,2,14,,8,,1,21,121.5782315,25.0840241
113,2,6,14,9,2,12內湖區,內湖區環山路3段與港墘路口,0,0,1,2,B03,7,6,5,50,3,1,1,5,4,5,13,2,1,9,4,5,2,16,2,45,3,10,7,1,7,9,1,8,2,5,,44,,1,21,121.5782315,25.0840241
113,2,6,14,17,2,02萬華區,萬華區桂林路242巷與桂林路口水門口,0,0,1,1,B03,8,5,5,50,5,1,1,5,4,5,13,2,1,5,5,5,2,16,1,20,3,10,7,4,7,8,1,8,2,17,,100,,1,21,121.4960519,25.03883088
113,2,6,14,17,2,02萬華區,萬華區桂林路242巷與桂林路口水門口,0,0,1,2,C03,8,5,5,50,5,1,1,5,4,5,13,2,1,5,5,5,2,16,1,30,2,8,5,1,7,9,1,10,2,17,,13,,1,21,121.4960519,25.03883088
113,2,6,14,19,1,12內湖區,內湖區行忠路與行善路口,1,0,0,1,B03,8,5,5,50,4,1,1,5,4,5,13,1,1,2,3,5,1,16,1,37,3,10,3,4,7,5,1,8,2,1,,71,,1,21,121.5856837,25.0663199
113,2,6,14,19,1,12內湖區,內湖區行忠路與行善路口,1,0,0,2,C03,8,5,5,50,4,1,1,5,4,5,13,1,1,2,3,5,1,16,1,63,1,9,3,4,7,9,1,10,9,14,,44,,1,21,121.5856837,25.0663199
113,2,6,14,41,2,10文山區,文山區羅斯福路6段與羅斯福路6段92巷口,0,0,1,1,C03,7,6,5,50,3,1,1,4,4,5,13,4,4,1,4,5,2,17,1,69,2,8,6,1,7,9,1,10,2,11,,44,,1,21,121.5403555,24.9983543
113,2,6,14,41,2,10文山區,文山區羅斯福路6段與羅斯福路6段92巷口,0,0,1,2,B03,7,6,5,50,3,1,1,4,4,5,13,4,4,1,4,5,2,17,1,47,3,10,7,1,7,8,1,8,2,3,,100,,1,21,121.5403555,24.9983543
113,2,6,15,15,1,12內湖區,內湖區堤外便道東向西no.616燈桿,1,0,0,1,C03,7,6,5,50,14,9,1,5,4,5,13,4,4,9,4,5,2,20,1,21,1,9,6,1,7,9,1,10,9,11,,108,,1,21,121.613126,25.06528413
113,2,6,15,15,1,12內湖區,內湖區堤外便道東向西no.616燈桿,1,0,0,2,,7,6,5,50,14,9,1,5,4,5,13,4,4,9,4,5,2,20,3,0,,,,,,,,,,,,67,,1,,121.613126,25.06528413
113,2,6,15,27,2,02萬華區,萬華區中華路2段150巷與中華路2段口,0,0,1,1,A02,8,6,5,50,4,1,1,5,4,5,13,4,4,8,3,5,1,12,1,34,3,10,7,1,7,9,1,2,1,2,,108,,1,21,121.5040771,25.0305134
113,2,6,15,27,2,02萬華區,萬華區中華路2段150巷與中華路2段口,0,0,1,2,F01,8,6,5,50,4,1,1,5,4,5,13,4,4,8,3,5,1,12,1,67,2,8,4,1,7,9,8,20,1,14,,44,,1,21,121.5040771,25.0305134
113,2,6,15,37,2,09北投區,北投區西安街2段213號前,0,0,2,1,C03,8,6,5,50,14,9,1,5,4,5,13,4,4,9,4,5,2,18,2,54,2,9,5,1,7,10,1,10,1,14,,102,,1,21,121.5096855,25.1199901
113,2,6,15,37,2,09北投區,北投區西安街2段213號前,0,0,2,2,,8,6,5,50,14,9,1,5,4,5,13,4,4,9,4,5,2,18,3,0,,,,,,,,,,,,67,,1,,121.5096855,25.1199901
113,2,6,15,37,2,09北投區,北投區西安街2段213號前,0,0,2,3,H02,8,6,5,50,14,9,1,5,4,5,13,4,4,9,4,5,2,18,2,28,2,9,5,5,7,20,8,20,10,16,,67,,1,21,121.5096855,25.1199901
113,2,6,15,53,1,09北投區,北投區大度路與怡和巷口,1,0,1,1,B03,8,6,5,70,3,1,1,5,4,5,13,4,4,1,4,1,1,16,1,33,2,7,7,1,7,6,1,8,2,6,,9,,1,21,121.4958195,25.1215688
113,2,6,15,53,1,09北投區,北投區大度路與怡和巷口,1,0,1,2,C03,8,6,5,70,3,1,1,5,4,5,13,4,4,1,4,1,1,16,1,59,1,9,5,1,7,9,1,10,9,11,,13,,1,21,121.4958195,25.1215688
113,2,6,16,0,2,12內湖區,內湖區康樂街61巷與康樂街口,0,0,2,1,C03,7,5,5,50,4,1,1,5,4,5,13,2,1,5,5,5,2,16,1,61,3,10,5,1,7,5,1,10,1,12,,8,,1,21,121.6183647,25.06842925
113,2,6,16,0,2,12內湖區,內湖區康樂街61巷與康樂街口,0,0,2,2,C03,7,5,5,50,4,1,1,5,4,5,13,2,1,5,5,5,2,16,2,35,2,9,5,1,7,9,1,10,1,11,,44,,1,21,121.6183647,25.06842925
113,2,6,16,0,2,12內湖區,內湖區康樂街61巷與康樂街口,0,0,2,3,H02,7,5,5,50,4,1,1,5,4,5,13,2,1,5,5,5,2,16,1,4,2,7,5,5,7,20,8,20,10,16,,67,,1,22,121.6183647,25.06842925
113,2,6,16,25,2,05中正區,中正區信義路2段79巷12弄2號旁,0,0,1,1,C03,8,5,8,30,22,22,2,5,4,5,13,4,4,10,5,5,2,9,2,61,3,10,6,1,7,15,1,10,11,13,,44,,1,22,121.5267595,25.0349455
113,2,6,16,25,2,05中正區,中正區信義路2段79巷12弄2號旁,0,0,1,2,H01,8,5,8,30,22,22,2,5,4,5,13,4,4,10,5,5,2,9,2,75,2,9,4,5,8,16,8,20,10,16,,60,,1,22,121.5267595,25.0349455
113,2,6,16,27,2,05中正區,中正區仁愛路2段43號,0,0,1,1,B01,7,6,5,50,14,9,1,4,4,5,13,4,4,1,4,5,2,13,1,28,3,10,7,1,7,8,1,4,2,5,,44,,1,21,121.5289878,25.0383638
113,2,6,16,27,2,05中正區,中正區仁愛路2段43號,0,0,1,2,C03,7,6,5,50,14,9,1,4,4,5,13,4,4,1,4,5,2,13,1,52,2,9,6,1,7,9,1,10,2,13,,44,,1,21,121.5289878,25.0383638
113,2,6,16,30,2,08士林區,士林區中山北路5段829巷與中山北路5段口口,0,0,1,1,B12,7,7,5,30,3,1,1,5,4,5,13,4,4,10,4,5,1,17,1,54,3,10,7,1,7,6,1,8,2,2,,44,,1,21,121.5257774,25.1017739
113,2,6,16,30,2,08士林區,士林區中山北路5段829巷與中山北路5段口口,0,0,1,2,C03,7,7,5,30,3,1,1,5,4,5,13,4,4,10,4,5,1,17,2,27,2,9,5,1,7,9,1,10,2,14,,108,,1,21,121.5257774,25.1017739
113,2,6,17,4,2,09北投區,北投區立賢路073號燈桿,0,0,2,1,C03,7,7,5,50,14,6,1,4,4,5,13,4,4,1,4,5,2,13,1,21,2,9,5,1,7,9,1,10,2,11,,108,,1,22,121.501801,25.11404
113,2,6,17,4,2,09北投區,北投區立賢路073號燈桿,0,0,2,2,B11,7,7,5,50,14,6,1,4,4,5,13,4,4,1,4,5,2,13,1,39,3,10,7,1,7,14,1,4,2,7,,38,,1,22,121.501801,25.11404
113,2,6,17,4,2,09北投區,北投區立賢路073號燈桿,0,0,2,3,H02,7,7,5,50,14,6,1,4,4,5,13,4,4,1,4,5,2,13,2,21,2,9,5,5,7,20,8,20,10,16,,67,,1,21,121.501801,25.11404
113,2,6,17,26,2,12內湖區,內湖區港華街73號,0,0,1,1,B02,7,6,5,50,14,9,1,5,4,5,13,4,4,5,5,5,2,17,1,53,3,10,7,1,7,14,1,8,1,4,,40,,1,21,121.5748961,25.08309037
113,2,6,17,26,2,12內湖區,內湖區港華街73號,0,0,1,2,C03,7,6,5,50,14,9,1,5,4,5,13,4,4,5,5,5,2,17,2,33,2,9,5,1,7,9,1,10,1,12,,44,,1,21,121.5748961,25.08309037
113,2,6,17,28,2,12內湖區,內湖區內湖路1段與內湖路1段629巷口,0,0,1,1,B03,7,5,5,50,3,2,1,5,4,5,13,1,1,1,3,5,2,12,1,31,3,10,7,1,7,8,1,8,1,6,,100,,1,21,121.5744845,25.08041493
113,2,6,17,28,2,12內湖區,內湖區內湖路1段與內湖路1段629巷口,0,0,1,2,C03,7,5,5,50,3,2,1,5,4,5,13,1,1,1,3,5,2,12,1,52,2,9,5,1,7,7,1,10,1,14,,100,,1,21,121.5744845,25.08041493
113,2,6,17,40,2,08士林區,士林區福華路167號,0,0,1,1,H01,7,5,5,0,14,9,1,5,4,5,13,4,4,10,4,5,1,9,2,19,2,9,4,5,8,18,8,20,10,16,,60,,1,21,121.5220694,25.10419754
113,2,6,17,40,2,08士林區,士林區福華路167號,0,0,1,2,C03,7,5,5,0,14,9,1,5,4,5,13,4,4,10,4,5,1,9,1,25,3,10,5,1,7,9,1,10,9,12,,108,,1,21,121.5220694,25.10419754
113,2,6,18,6,2,09北投區,北投區北投路2段北投捷運站前,0,0,1,1,B01,8,5,5,50,14,9,1,5,4,5,13,1,1,5,4,5,2,16,1,61,3,10,3,4,7,11,1,4,2,8,,10,,1,22,121.4980423,25.132057
113,2,6,18,6,2,09北投區,北投區北投路2段北投捷運站前,0,0,1,2,C03,8,5,5,50,14,9,1,5,4,5,13,1,1,5,4,5,2,16,1,43,2,9,3,1,7,9,1,10,2,12,,44,,1,22,121.4980423,25.132057
113,2,6,18,10,2,06松山區,松山區復興北路與復興北路427巷口,0,0,1,1,C03,8,5,5,30,4,1,1,5,4,5,13,4,4,1,4,5,2,11,2,70,2,8,5,1,7,15,1,10,1,11,,8,,1,21,121.5443284,25.063357
113,2,6,18,10,2,06松山區,松山區復興北路與復興北路427巷口,0,0,1,2,C03,8,5,5,30,4,1,1,5,4,5,13,4,4,1,4,5,2,11,1,48,3,10,5,1,7,9,1,10,1,11,,44,,1,21,121.5443284,25.063357
113,2,6,18,25,2,03中山區,中山區民族東路206號對面,0,0,3,1,C03,7,5,5,50,14,9,1,5,4,5,13,4,4,1,4,5,2,13,1,23,2,8,6,1,7,9,1,10,1,11,,17,,1,21,121.5311479,25.06833331
113,2,6,18,25,2,03中山區,中山區民族東路206號對面,0,0,3,2,C03,7,5,5,50,14,9,1,5,4,5,13,4,4,1,4,5,2,13,1,43,2,8,6,1,7,9,1,10,1,13,,17,,1,21,121.5311479,25.06833331
113,2,6,18,25,2,03中山區,中山區民族東路206號對面,0,0,3,3,C03,7,5,5,50,14,9,1,5,4,5,13,4,4,1,4,5,2,13,1,18,3,10,6,1,7,9,1,10,1,13,,44,,1,21,121.5311479,25.06833331
113,2,6,18,25,2,03中山區,中山區民族東路206號對面,0,0,3,4,H02,7,5,5,50,14,9,1,5,4,5,13,4,4,1,4,5,2,13,2,24,2,8,6,5,7,20,8,20,10,16,,67,,1,21,121.5311479,25.06833331
113,2,6,18,30,2,06松山區,松山區民權大橋西往東第751045號燈桿處,0,0,2,1,C03,7,5,5,40,14,8,1,5,4,5,13,4,4,2,2,4,1,13,1,63,2,9,6,1,7,9,1,10,2,11,,16,,1,21,121.5667436,25.0633219
113,2,6,18,30,2,06松山區,松山區民權大橋西往東第751045號燈桿處,0,0,2,2,C03,7,5,5,40,14,8,1,5,4,5,13,4,4,2,2,4,1,13,1,41,2,9,6,1,7,9,1,10,2,13,,44,,1,21,121.5667436,25.0633219
113,2,6,18,50,2,10文山區,文山區萬芳路與木柵路4段33巷口,0,0,3,1,C03,7,5,5,30,3,1,1,5,4,5,13,4,4,10,5,5,2,16,1,75,2,3,5,1,7,5,1,10,1,14,,72,,1,21,121.5710016,24.9952909
113,2,6,18,50,2,10文山區,文山區萬芳路與木柵路4段33巷口,0,0,3,2,C03,7,5,5,30,3,1,1,5,4,5,13,4,4,10,5,5,2,16,2,31,2,7,5,1,7,9,1,10,1,11,,44,,1,21,121.5710016,24.9952909
113,2,6,18,50,2,10文山區,文山區萬芳路與木柵路4段33巷口,0,0,3,3,H02,7,5,5,30,3,1,1,5,4,5,13,4,4,10,5,5,2,16,2,41,2,8,5,5,7,20,8,20,10,16,,67,,1,21,121.5710016,24.9952909
113,2,6,19,2,2,06松山區,松山區光復北路與光復北路11巷口口,0,0,1,1,C03,8,5,5,50,4,2,1,5,4,5,13,1,1,1,3,5,2,13,2,26,2,8,5,1,7,6,1,10,2,11,,9,,1,22,121.5579269,25.0493247
113,2,6,19,2,2,06松山區,松山區光復北路與光復北路11巷口口,0,0,1,2,G06,8,5,5,50,4,2,1,5,4,5,13,1,1,1,3,5,2,13,1,65,3,10,4,1,7,5,8,20,2,13,,8,,1,22,121.5579269,25.0493247
113,2,6,19,42,2,11南港區,南港區忠孝東路7段與向陽路口,0,0,3,2,H01,7,5,5,50,5,19,1,4,4,5,13,2,1,1,4,4,2,3,2,51,2,1,4,5,8,18,8,20,10,16,,67,,1,22,121.595852,25.0507671
113,2,6,19,42,2,11南港區,南港區忠孝東路7段與向陽路口,0,0,3,3,H02,7,5,5,50,5,19,1,4,4,5,13,2,1,1,4,4,2,3,2,22,2,8,3,5,7,21,8,20,10,16,,67,,1,22,121.595852,25.0507671
113,2,6,19,42,2,11南港區,南港區忠孝東路7段與向陽路口,0,0,3,1,C03,7,5,5,50,5,19,1,4,4,5,13,2,1,1,4,4,2,3,2,61,2,8,5,4,7,5,1,10,2,11,,70,,1,22,121.595852,25.0507671
113,2,6,21,0,2,07信義區,信義區永吉路48號,0,0,1,1,B03,6,5,5,50,14,9,1,4,4,5,13,4,4,1,4,1,2,13,1,73,3,10,7,1,7,9,1,8,1,1,,16,,1,21,121.569227,25.0456239
113,2,6,21,0,2,07信義區,信義區永吉路48號,0,0,1,2,B01,6,5,5,50,14,9,1,4,4,5,13,4,4,1,4,1,2,13,1,35,2,1,7,1,7,9,1,4,1,3,,44,,1,21,121.569227,25.0456239
113,2,6,21,5,2,08士林區,士林區至善路2段與至善路2段25巷口,0,0,1,2,B03,7,5,5,0,3,1,1,5,4,5,13,1,1,1,4,4,2,17,2,51,3,10,3,4,7,15,1,8,2,17,,42,,1,21,121.5445546,25.0975234
113,2,6,21,5,2,08士林區,士林區至善路2段與至善路2段25巷口,0,0,1,3,C03,7,5,5,0,3,1,1,5,4,5,13,1,1,1,4,4,2,17,1,64,2,9,3,4,7,15,1,10,2,15,,44,,1,21,121.5445546,25.0975234
113,2,6,21,5,2,08士林區,士林區至善路2段與至善路2段25巷口,0,0,1,1,B03,7,5,5,0,3,1,1,5,4,5,13,1,1,1,4,4,2,17,1,45,3,10,3,4,7,15,1,8,11,17,,42,,2,21,121.5445546,25.0975234
113,2,6,21,15,2,04大安區,大安區金山南路2段與愛國東路口,0,0,1,1,C03,8,5,5,50,5,1,1,5,4,5,13,1,1,3,4,5,2,12,2,50,2,8,5,4,7,9,1,10,2,14,,44,,1,21,121.5267856,25.0317274
113,2,6,21,15,2,04大安區,大安區金山南路2段與愛國東路口,0,0,1,2,B03,8,5,5,50,5,1,1,5,4,5,13,1,1,3,4,5,2,12,1,68,3,10,7,4,7,8,1,8,2,6,,100,,1,21,121.5267856,25.0317274
113,2,6,21,15,2,04大安區,大安區金山南路2段與愛國東路口,0,0,1,3,C03,8,5,5,50,5,1,1,5,4,5,13,1,1,3,4,5,2,12,1,55,3,10,6,4,7,9,1,10,2,14,,44,,1,21,121.5267856,25.0317274
113,2,6,21,33,2,03中山區,中山區中原街108號,0,0,1,1,H01,7,5,5,0,14,9,1,5,3,5,13,4,4,5,4,5,2,3,1,14,2,9,4,5,8,18,8,20,10,16,,53,,1,22,121.5289371,25.06080971
113,2,6,21,33,2,03中山區,中山區中原街108號,0,0,1,2,B01,7,5,5,0,14,9,1,5,3,5,13,4,4,5,4,5,2,3,1,48,3,10,3,4,7,9,1,4,1,8,,44,,1,21,121.5289371,25.06080971
113,2,6,22,29,2,07信義區,信義區信義路5段150巷14弄16號,0,0,1,1,C04,7,5,5,30,14,9,1,4,4,5,13,4,4,10,4,5,2,18,1,41,2,9,6,4,7,9,1,8,9,12,,42,,1,21,121.5699456,25.0285419
113,2,6,22,29,2,07信義區,信義區信義路5段150巷14弄16號,0,0,1,2,,7,5,5,30,14,9,1,4,4,5,13,4,4,10,4,5,2,18,3,0,,,,,,,,,,,,67,,1,,121.5699456,25.0285419
113,2,6,22,33,2,08士林區,士林區中山北路4段往南近圓山涵洞,0,0,1,1,B03,7,5,5,50,14,11,1,5,4,5,13,4,4,1,1,5,2,12,2,37,3,10,7,1,7,8,1,8,2,5,,100,,1,21,121.5250236,25.0771528
113,2,6,22,33,2,08士林區,士林區中山北路4段往南近圓山涵洞,0,0,1,2,C03,7,5,5,50,14,11,1,5,4,5,13,4,4,1,1,5,2,12,1,18,2,9,6,1,7,9,1,10,2,11,,13,,1,25,121.5250236,25.0771528
113,2,6,23,30,1,02萬華區,萬華區堤外便道北向南過光復橋,1,0,1,1,C03,8,7,5,40,14,9,1,5,4,5,13,4,4,5,4,5,2,12,1,26,1,1,6,1,7,21,6,18,1,17,,108,,1,22,121.4881965,25.030935
113,2,6,23,30,1,02萬華區,萬華區堤外便道北向南過光復橋,1,0,1,2,F01,8,7,5,40,14,9,1,5,4,5,13,4,4,5,4,5,2,12,1,60,2,1,2,1,7,9,8,20,3,15,,101,,1,22,121.4881965,25.030935
113,2,6,23,36,2,07信義區,信義區虎林街與市民大道6段口,0,0,2,1,B13,8,5,5,40,4,1,1,5,4,5,13,1,1,1,4,5,2,15,1,25,3,10,7,1,7,9,1,8,2,1,,81,,1,21,121.5759454,25.0491308
113,2,6,23,36,2,07信義區,信義區虎林街與市民大道6段口,0,0,2,2,C03,8,5,5,40,4,1,1,5,4,5,13,1,1,1,4,5,2,15,1,21,2,9,6,1,7,9,1,9,2,14,,13,,1,21,121.5759454,25.0491308
113,2,6,23,36,2,07信義區,信義區虎林街與市民大道6段口,0,0,2,3,H02,8,5,5,40,4,1,1,5,4,5,13,1,1,1,4,5,2,15,2,21,2,8,6,5,7,20,8,20,10,16,,67,,1,21,121.5759454,25.0491308
113,2,6,23,36,2,07信義區,信義區虎林街與市民大道6段口,0,0,2,4,,8,5,5,40,4,1,1,5,4,5,13,1,1,1,4,5,2,15,3,0,,,,,,,,,,,,67,,1,,121.5759454,25.0491308
113,2,7,0,34,2,02萬華區,萬華區中華路1段與開封街2段口,0,0,1,1,B01,8,5,5,50,4,1,1,5,4,5,13,2,1,1,5,5,2,3,1,64,3,10,7,1,7,6,1,4,1,1,,70,,1,26,121.5091088,25.04607782
113,2,7,0,34,2,02萬華區,萬華區中華路1段與開封街2段口,0,0,1,2,H01,8,5,5,50,4,1,1,5,4,5,13,2,1,1,5,5,2,3,1,29,2,7,4,5,8,16,8,20,10,16,,67,,1,26,121.5091088,25.04607782
113,2,7,0,35,2,02萬華區,萬華區民和街81巷與德昌街口,0,0,2,2,C03,8,5,5,30,5,1,1,5,4,5,13,4,4,10,5,5,1,15,2,23,3,10,5,1,7,9,1,10,1,11,,44,,1,21,121.4984311,25.02430441
113,2,7,0,35,2,02萬華區,萬華區民和街81巷與德昌街口,0,0,2,1,C03,8,5,5,30,5,1,1,5,4,5,13,4,4,10,5,5,1,15,2,24,2,8,5,1,7,9,1,10,1,12,,72,,1,21,121.4984311,25.02430441
113,2,7,0,35,2,02萬華區,萬華區民和街81巷與德昌街口,0,0,2,4,H02,8,5,5,30,5,1,1,5,4,5,13,4,4,10,5,5,1,15,2,29,3,10,5,5,7,21,8,20,10,16,,67,,1,21,121.4984311,25.02430441
113,2,7,0,35,2,02萬華區,萬華區民和街81巷與德昌街口,0,0,2,3,H02,8,5,5,30,5,1,1,5,4,5,13,4,4,10,5,5,1,15,2,52,2,8,5,5,7,21,8,20,10,16,,67,,1,21,121.4984311,25.02430441
113,2,7,1,42,2,11南港區,南港區東新街187號與東新街180巷口,0,0,2,1,H01,6,7,5,50,3,2,1,4,4,5,13,4,4,5,4,5,2,3,1,33,2,5,4,5,8,16,8,20,10,16,,118,,1,22,121.5936314,25.0463543
113,2,7,1,42,2,11南港區,南港區東新街187號與東新街180巷口,0,0,2,2,C03,6,7,5,50,3,2,1,4,4,5,13,4,4,5,4,5,2,3,1,43,2,1,6,1,7,9,1,10,2,11,,118,,1,26,121.5936314,25.0463543
113,2,7,4,5,2,02萬華區,萬華區西藏路(萬板大橋旁),0,0,1,1,C03,6,5,5,50,14,9,1,4,4,5,13,4,4,10,5,5,2,13,1,67,2,9,5,1,7,9,1,10,1,11,,107,,1,21,121.4903723,25.030364
113,2,7,4,5,2,02萬華區,萬華區西藏路(萬板大橋旁),0,0,1,2,B12,6,5,5,50,14,9,1,4,4,5,13,4,4,10,5,5,2,13,1,73,3,10,7,1,7,15,1,8,1,7,,44,,1,21,121.4903723,25.030364
113,2,7,4,30,2,02萬華區,萬華區堤外便道果菜市場堤外停車場前,0,0,2,1,B12,7,5,5,30,14,9,1,4,4,5,13,4,4,9,4,5,1,17,1,50,3,10,3,4,7,6,1,8,1,6,,9,,1,22,121.4989318,25.01477988
113,2,7,4,30,2,02萬華區,萬華區堤外便道果菜市場堤外停車場前,0,0,2,2,G04,7,5,5,30,14,9,1,4,4,5,13,4,4,9,4,5,1,17,1,41,2,9,4,4,7,9,7,19,1,16,,42,,1,22,121.4989318,25.01477988
113,2,7,4,30,2,02萬華區,萬華區堤外便道果菜市場堤外停車場前,0,0,2,3,H02,7,5,5,30,14,9,1,4,4,5,13,4,4,9,4,5,1,17,1,66,2,9,4,5,8,20,8,20,10,16,,60,,1,22,121.4989318,25.01477988
113,2,7,4,45,2,05中正區,中正區汀州路3段與辛亥路1段口,0,0,3,1,C03,6,5,5,50,4,1,1,4,4,5,13,1,1,5,4,5,2,13,1,31,2,9,5,1,7,9,1,10,2,11,,108,,1,21,121.5279537,25.0180949
113,2,7,4,45,2,05中正區,中正區汀州路3段與辛亥路1段口,0,0,3,2,C03,6,5,5,50,4,1,1,4,4,5,13,1,1,5,4,5,2,13,1,70,2,9,5,1,7,9,1,10,2,13,,44,,1,21,121.5279537,25.0180949
113,2,7,4,45,2,05中正區,中正區汀州路3段與辛亥路1段口,0,0,3,3,C03,6,5,5,50,4,1,1,4,4,5,13,1,1,5,4,5,2,13,1,34,2,9,5,1,7,9,1,10,2,11,,108,,1,21,121.5279537,25.0180949
113,2,7,4,45,2,05中正區,中正區汀州路3段與辛亥路1段口,0,0,3,4,H02,6,5,5,50,4,1,1,4,4,5,13,1,1,5,4,5,2,13,1,32,4,11,5,5,7,20,8,20,10,16,,67,,1,21,121.5279537,25.0180949
113,2,7,5,13,2,04大安區,大安區建國南路1段與忠孝東路3段口,0,0,1,1,B03,8,5,5,50,4,2,1,4,4,5,13,2,1,1,4,4,1,12,1,59,3,10,3,4,7,7,1,8,2,4,,108,,1,21,121.5369597,25.0413854
113,2,7,5,13,2,04大安區,大安區建國南路1段與忠孝東路3段口,0,0,1,2,C03,8,5,5,50,4,2,1,4,4,5,13,2,1,1,4,4,1,12,1,62,2,9,6,4,7,9,1,10,2,12,,44,,1,21,121.5369597,25.0413854
113,2,7,6,36,2,03中山區,中山區崇實路與大直街2巷口,0,0,1,1,B03,6,6,5,30,3,1,1,4,4,5,13,4,4,1,4,5,2,15,1,64,3,10,3,1,7,15,1,8,1,4,,73,,1,21,121.544507,25.0808332
113,2,7,6,36,2,03中山區,中山區崇實路與大直街2巷口,0,0,1,2,C03,6,6,5,30,3,1,1,4,4,5,13,4,4,1,4,5,2,15,2,19,2,9,6,1,7,9,1,10,1,11,,44,,1,21,121.544507,25.0808332
113,2,7,6,45,2,06松山區,松山區民權東路3段與敦化北路口,0,0,1,1,C03,7,6,5,50,4,1,1,4,4,5,13,2,1,3,4,5,2,17,2,56,2,9,6,1,7,8,1,10,1,12,,100,,1,21,121.5505571,25.0616328
113,2,7,6,45,2,06松山區,松山區民權東路3段與敦化北路口,0,0,1,2,B01,7,6,5,50,4,1,1,4,4,5,13,2,1,3,4,5,2,17,1,61,3,10,7,1,7,1,1,4,1,4,,107,,1,21,121.5505571,25.0616328
113,2,7,7,5,2,10文山區,文山區景文街與景興路282巷口,0,0,1,1,B03,6,6,5,50,5,1,1,4,4,5,13,1,1,5,5,4,2,16,1,63,3,10,7,1,7,1,6,18,2,8,,19,,1,21,121.5409416,24.9898285
113,2,7,7,5,2,10文山區,文山區景文街與景興路282巷口,0,0,1,2,C03,6,6,5,50,5,1,1,4,4,5,13,1,1,5,5,4,2,16,2,20,2,9,6,1,7,9,1,10,2,11,,44,,1,21,121.5409416,24.9898285