發生年度,發生月,發生日,發生時-Hours,發生分,處理別-編號,區序,肇事地點,死亡人數,2-30日死亡人數,受傷人數,當事人序號,車種,天候,道路照明設備,道路類別,速限-速度限制,道路型態,事故位置,路面狀況1,路面狀況2,路面狀況3,道路障礙1,道路障礙2,號誌1,號誌2,車道劃分-分向,車道劃分-分道1,車道劃分-分道2,車道劃分-分道3,事故類型及型態,性別,年齡,受傷程度,主要傷處,保護裝置,行動電話,車輛用途,當事者行動狀態,駕駛資格情形,駕駛執照種類,飲酒情形,車輛撞擊部位1,車輛撞擊部位2,肇因碼-個別,肇因碼-主要,個人肇逃否,職業,座標-X,座標-Y
113,2,7,7,32,2,07信義區,信義區市民大道5段與東興路口,0,0,2,1,C03,7,6,5,50,4,1,1,4,4,5,13,2,1,8,3,5,2,17,1,67,2,6,3,4,7,15,1,10,1,13,,17,,1,22,121.5658942,25.0481842
113,2,7,7,32,2,07信義區,信義區市民大道5段與東興路口,0,0,2,2,C03,7,6,5,50,4,1,1,4,4,5,13,2,1,8,3,5,2,17,2,43,2,9,3,4,7,9,1,10,1,11,,44,,1,21,121.5658942,25.0481842
113,2,7,7,56,2,12內湖區,內湖區民權東路6段與行愛路口口,0,0,1,1,C03,7,5,5,50,14,11,1,5,4,5,13,1,1,1,1,4,1,13,2,41,2,9,6,1,7,9,1,10,2,11,,16,,1,22,121.5785552,25.06662767
113,2,7,7,56,2,12內湖區,內湖區民權東路6段與行愛路口口,0,0,1,2,C03,7,5,5,50,14,11,1,5,4,5,13,1,1,1,1,4,1,13,1,54,3,10,6,1,7,14,1,10,2,13,,44,,1,22,121.5785552,25.06662767
113,2,7,8,15,2,11南港區,南港區市民大道8段與中南街口,0,0,1,1,C03,7,7,5,50,4,1,1,4,4,5,13,2,1,1,4,5,2,16,2,71,2,9,5,1,7,5,1,11,1,12,,74,,1,22,121.6152463,25.0544098
113,2,7,8,15,2,11南港區,南港區市民大道8段與中南街口,0,0,1,2,B03,7,7,5,50,4,1,1,4,4,5,13,2,1,1,4,5,2,16,1,28,3,10,7,1,7,9,1,8,1,1,,44,,1,22,121.6152463,25.0544098
113,2,7,8,23,2,02萬華區,萬華區富民路與富民路155巷口,0,0,1,1,G06,8,7,5,30,3,1,1,5,4,5,13,4,4,9,5,5,2,15,1,41,3,10,4,1,7,9,8,20,1,16,,4,,1,21,121.5001071,25.0178238
113,2,7,8,23,2,02萬華區,萬華區富民路與富民路155巷口,0,0,1,2,C03,8,7,5,30,3,1,1,5,4,5,13,4,4,9,5,5,2,15,1,25,2,1,5,1,7,9,3,18,1,11,,44,,1,21,121.5001071,25.0178238
113,2,7,8,40,2,03中山區,中山區民族東路410巷2弄6號對面,0,0,1,1,B13,7,6,5,50,14,9,1,5,4,5,13,4,4,9,5,5,2,2,1,58,3,10,7,1,7,9,1,4,2,15,,108,,1,21,121.5378233,25.0668746
113,2,7,8,40,2,03中山區,中山區民族東路410巷2弄6號對面,0,0,1,2,H01,7,6,5,50,14,9,1,5,4,5,13,4,4,9,5,5,2,2,2,73,2,9,4,5,8,16,8,20,10,16,,67,,1,21,121.5378233,25.0668746
113,2,7,8,40,2,10文山區,文山區興隆路2段與景豐街口,0,0,1,1,C03,6,6,5,50,3,1,1,4,4,5,13,1,1,1,3,5,2,17,1,33,2,8,6,1,7,9,1,10,2,14,,13,,1,21,121.5464543,24.9991046
113,2,7,8,40,2,10文山區,文山區興隆路2段與景豐街口,0,0,1,2,B03,6,6,5,50,3,1,1,4,4,5,13,1,1,1,3,5,2,17,2,28,3,10,7,1,7,6,1,8,2,17,,72,,1,21,121.5464543,24.9991046
113,2,7,9,40,2,09北投區,北投區大業路527巷與大業路527巷口,0,0,3,1,C03,7,6,5,40,3,1,1,5,4,5,13,4,4,5,4,5,2,17,1,26,2,9,6,1,7,11,1,10,1,14,,4,,1,21,121.4930254,25.13641488
113,2,7,9,40,2,09北投區,北投區大業路527巷與大業路527巷口,0,0,3,2,C03,7,6,5,40,3,1,1,5,4,5,13,4,4,5,4,5,2,17,1,50,2,9,6,1,7,9,1,10,1,11,,44,,1,22,121.4930254,25.13641488
113,2,7,9,40,2,09北投區,北投區大業路527巷與大業路527巷口,0,0,3,3,H02,7,6,5,40,3,1,1,5,4,5,13,4,4,5,4,5,2,17,2,24,2,9,6,5,7,21,8,20,10,17,,67,,1,21,121.4930254,25.13641488
113,2,7,9,54,2,04大安區,大安區和平東路3段與安和路2段口,0,0,2,1,C03,7,5,5,50,3,2,1,5,4,5,13,2,1,1,4,5,2,15,1,57,2,7,6,1,7,9,1,10,1,11,,81,,1,21,121.5504115,25.0244091
113,2,7,9,54,2,04大安區,大安區和平東路3段與安和路2段口,0,0,2,2,F01,7,5,5,50,3,2,1,5,4,5,13,2,1,1,4,5,2,15,2,59,2,8,4,1,7,9,8,20,1,14,,44,,1,21,121.5504115,25.0244091
113,2,7,10,11,2,08士林區,士林區中正路與中正路586巷口,0,0,1,1,C03,7,6,5,50,3,2,1,5,4,5,13,4,4,1,4,5,1,17,1,63,3,10,5,1,7,9,3,18,2,12,,108,,1,21,121.5101212,25.0871328
113,2,7,10,11,2,08士林區,士林區中正路與中正路586巷口,0,0,1,2,C03,7,6,5,50,3,2,1,5,4,5,13,4,4,1,4,5,1,17,2,63,2,9,5,1,7,7,1,10,2,12,,100,,1,21,121.5101212,25.0871328
113,2,7,10,12,2,10文山區,文山區萬利街2巷與萬樂街口,0,0,1,1,B03,7,6,5,30,3,1,1,4,4,5,12,4,4,10,5,5,2,17,1,60,3,10,3,4,7,6,1,8,2,8,,72,,1,21,121.5683477,24.99945757
113,2,7,10,12,2,10文山區,文山區萬利街2巷與萬樂街口,0,0,1,2,C03,7,6,5,30,3,1,1,4,4,5,12,4,4,10,5,5,2,17,1,66,2,9,5,1,7,9,1,10,2,11,,107,,1,21,121.5683477,24.99945757
113,2,7,10,12,2,10文山區,文山區萬利街2巷與萬樂街口,0,0,1,3,G03,7,6,5,30,3,1,1,4,4,5,12,4,4,10,5,5,2,17,1,58,3,10,4,1,7,13,8,20,1,16,,38,,1,21,121.5683477,24.99945757
113,2,7,10,18,2,08士林區,士林區中山北路6段405巷64號,0,0,2,1,B03,7,5,5,50,14,9,1,5,4,5,13,4,4,6,5,5,1,17,1,62,3,10,7,1,7,1,1,8,1,5,,19,,1,21,121.5261933,25.1165726
113,2,7,10,18,2,08士林區,士林區中山北路6段405巷64號,0,0,2,2,C03,7,5,5,50,14,9,1,5,4,5,13,4,4,6,5,5,1,17,1,60,2,9,5,1,7,9,1,10,1,11,,44,,1,21,121.5261933,25.1165726
113,2,7,10,18,2,08士林區,士林區中山北路6段405巷64號,0,0,2,3,C03,7,5,5,50,14,9,1,5,4,5,13,4,4,6,5,5,1,17,1,47,3,10,5,1,7,13,1,10,1,13,,44,,1,21,121.5261933,25.1165726
113,2,7,10,18,2,08士林區,士林區中山北路6段405巷64號,0,0,2,4,C03,7,5,5,50,14,9,1,5,4,5,13,4,4,6,5,5,1,17,1,58,3,10,5,1,7,13,1,10,1,13,,44,,1,21,121.5261933,25.1165726
113,2,7,10,18,2,08士林區,士林區中山北路6段405巷64號,0,0,2,5,C03,7,5,5,50,14,9,1,5,4,5,13,4,4,6,5,5,1,17,2,32,3,10,5,1,7,13,1,10,1,13,,44,,1,21,121.5261933,25.1165726
113,2,7,10,18,2,08士林區,士林區中山北路6段405巷64號,0,0,2,6,H02,7,5,5,50,14,9,1,5,4,5,13,4,4,6,5,5,1,17,2,49,2,9,5,5,7,21,8,20,10,16,,67,,1,21,121.5261933,25.1165726
113,2,7,10,22,2,02萬華區,萬華區艋舺大道120巷11弄與無名巷口,0,0,1,1,C03,8,7,5,30,3,1,1,5,4,5,13,4,4,10,5,5,2,17,2,50,3,10,5,1,7,5,1,10,1,17,,103,,1,21,121.5031034,25.0327709
113,2,7,10,22,2,02萬華區,萬華區艋舺大道120巷11弄與無名巷口,0,0,1,2,C03,8,7,5,30,3,1,1,5,4,5,13,4,4,10,5,5,2,17,1,71,2,9,5,1,7,9,1,10,1,12,,5,,1,21,121.5031034,25.0327709
113,2,7,10,42,2,10文山區,文山區木柵路4段161號口側附近旁,0,0,2,1,C03,6,6,5,50,14,9,1,4,4,5,13,2,1,10,5,5,2,12,1,22,2,8,5,1,7,9,1,10,1,14,,17,,1,21,121.5756833,24.9998369
113,2,7,10,42,2,10文山區,文山區木柵路4段161號口側附近旁,0,0,2,2,C03,6,6,5,50,14,9,1,4,4,5,13,2,1,10,5,5,2,12,2,48,2,8,5,1,7,9,1,10,1,12,,44,,1,21,121.5756833,24.9998369
113,2,7,10,50,2,11南港區,南港區成美橋與東新街口,0,0,1,1,C03,7,7,5,50,5,1,1,5,4,5,13,2,1,5,2,5,2,12,1,31,3,10,5,1,7,9,1,10,1,15,,86,,1,21,121.5826734,25.0516615
113,2,7,10,50,2,11南港區,南港區成美橋與東新街口,0,0,1,2,C03,7,7,5,50,5,1,1,5,4,5,13,2,1,5,2,5,2,12,1,25,2,8,5,1,7,9,1,8,1,15,,13,,1,22,121.5826734,25.0516615
113,2,7,11,3,2,03中山區,中山區龍江路370巷29號,0,0,1,1,C03,8,6,5,30,14,9,1,5,4,5,13,4,4,10,5,5,2,9,1,27,3,10,5,1,7,15,6,10,2,11,,108,,1,21,121.5394951,25.0665086
113,2,7,11,3,2,03中山區,中山區龍江路370巷29號,0,0,1,2,H01,8,6,5,30,14,9,1,5,4,5,13,4,4,10,5,5,2,9,2,81,2,9,4,5,8,17,8,20,10,16,,67,,1,21,121.5394951,25.0665086
113,2,7,11,55,2,02萬華區,萬華區華中橋機車道往中和方向,0,0,1,1,C03,7,6,5,40,8,11,1,5,4,5,13,4,4,1,4,3,2,13,1,63,3,10,5,4,7,9,1,10,1,13,,42,,1,22,121.4954354,25.0159969
113,2,7,11,55,2,02萬華區,萬華區華中橋機車道往中和方向,0,0,1,2,C03,7,6,5,40,8,11,1,5,4,5,13,4,4,1,4,3,2,13,2,65,2,8,6,4,7,9,1,10,1,11,,16,,1,22,121.4954354,25.0159969
113,2,7,11,55,2,02萬華區,萬華區華中橋機車道往中和方向,0,0,1,3,C03,7,6,5,40,8,11,1,5,4,5,13,4,4,1,4,3,2,13,2,54,3,10,6,4,7,9,1,10,1,11,,16,,1,22,121.4954354,25.0159969
113,2,7,12,0,2,12內湖區,內湖區成功路4段與成功路4段182巷口,0,0,1,1,C03,8,6,5,40,3,1,1,5,4,4,12,4,4,1,4,4,2,17,2,26,2,9,5,1,7,6,1,10,2,12,,80,,1,21,121.5942131,25.08363532
113,2,7,12,0,2,12內湖區,內湖區成功路4段與成功路4段182巷口,0,0,1,2,F01,8,6,5,40,3,1,1,5,4,4,12,4,4,1,4,4,2,17,1,13,3,10,4,1,7,9,8,20,2,11,,42,,1,21,121.5942131,25.08363532
113,2,7,12,2,2,02萬華區,萬華區環河南路2段與貴陽街2段口,0,0,1,1,B12,7,7,5,50,4,1,1,5,4,5,13,1,1,10,3,5,2,16,1,42,3,10,7,1,7,5,1,8,2,5,,85,,1,21,121.4979517,25.0400844
113,2,7,12,2,2,02萬華區,萬華區環河南路2段與貴陽街2段口,0,0,1,2,C03,7,7,5,50,4,1,1,5,4,5,13,1,1,10,3,5,2,16,1,18,2,9,6,1,7,9,1,10,2,11,,44,,1,21,121.4979517,25.0400844
113,2,7,12,5,2,07信義區,信義區松信路143號,0,0,1,1,C03,8,6,5,40,14,8,1,5,4,5,13,2,1,9,5,4,2,17,2,47,3,10,5,1,7,9,3,18,2,17,,4,,1,21,121.5720866,25.0436423
113,2,7,12,5,2,07信義區,信義區松信路143號,0,0,1,2,F01,8,6,5,40,14,8,1,5,4,5,13,2,1,9,5,4,2,17,2,68,2,9,4,1,7,6,8,20,9,17,,44,,1,21,121.5720866,25.0436423
113,2,7,12,37,2,03中山區,中山區民族東路336號,0,0,1,1,C03,8,7,5,50,14,7,1,5,4,5,13,4,4,1,4,4,2,18,1,22,2,9,6,1,7,9,1,10,1,14,,116,,1,25,121.5371336,25.06807739
113,2,7,12,37,2,03中山區,中山區民族東路336號,0,0,1,2,,8,7,5,50,14,7,1,5,4,5,13,4,4,1,4,4,2,18,3,0,,,,,,,,,,,,67,,1,,121.5371336,25.06807739
113,2,7,12,44,2,02萬華區,萬華區雙園街(環河南路2段209號旁),0,0,1,1,C03,7,6,5,30,14,9,1,5,4,5,13,4,4,9,4,5,2,3,1,66,3,10,6,1,7,9,1,10,1,11,,108,,1,22,121.4918854,25.0316697
113,2,7,12,44,2,02萬華區,萬華區雙園街(環河南路2段209號旁),0,0,1,2,H01,7,6,5,30,14,9,1,5,4,5,13,4,4,9,4,5,2,3,2,74,2,9,4,5,8,16,8,20,10,16,,121,,1,22,121.4918854,25.0316697
113,2,7,13,0,2,12內湖區,內湖區碧山路no.189燈桿,0,0,1,1,C03,7,6,5,30,11,9,1,5,4,5,13,4,4,10,5,5,1,11,1,20,2,7,6,1,7,9,1,10,1,12,,42,,1,21,121.5787835,25.10504486
113,2,7,13,0,2,12內湖區,內湖區碧山路no.189燈桿,0,0,1,2,B03,7,6,5,30,11,9,1,5,4,5,13,4,4,10,5,5,1,11,1,18,3,10,7,1,7,9,1,8,1,6,,44,,1,21,121.5787835,25.10504486
113,2,7,13,30,2,11南港區,南港區南港路3段106巷與南港路3段106巷5弄口,0,0,1,1,B13,7,6,5,30,3,1,1,5,4,5,13,4,4,10,5,5,2,2,1,42,3,10,7,1,7,9,1,8,1,2,,108,,1,22,121.5895045,25.0541032
113,2,7,13,30,2,11南港區,南港區南港路3段106巷與南港路3段106巷5弄口,0,0,1,2,H01,7,6,5,30,3,1,1,5,4,5,13,4,4,10,5,5,2,2,2,44,2,7,4,5,8,16,8,20,1,16,,53,,1,22,121.5895045,25.0541032
113,2,7,13,58,2,03中山區,中山區德惠街42號,0,0,2,1,C03,7,6,5,40,14,8,1,5,4,5,13,4,4,9,4,4,2,3,1,20,2,8,5,1,7,1,1,10,1,11,12,107,,1,21,121.5267016,25.06669091
113,2,7,13,58,2,03中山區,中山區德惠街42號,0,0,2,2,H01,7,6,5,40,14,8,1,5,4,5,13,4,4,9,4,4,2,3,2,42,2,9,4,5,8,16,8,20,10,16,,121,,1,21,121.5267016,25.06669091
113,2,7,14,30,2,05中正區,中正區市民大道3段8號前,0,0,1,1,B02,8,6,5,40,14,9,1,5,4,5,13,4,4,1,4,5,2,12,2,50,3,10,7,1,7,9,1,8,1,5,,44,,1,22,121.532312,25.04546129
113,2,7,14,30,2,05中正區,中正區市民大道3段8號前,0,0,1,2,C03,8,6,5,40,14,9,1,5,4,5,13,4,4,1,4,5,2,12,2,51,2,9,5,1,7,7,1,10,1,14,,100,,1,22,121.532312,25.04546129
113,2,7,14,30,2,05中正區,中正區市民大道3段8號前,0,0,1,3,C03,8,6,5,40,14,9,1,5,4,5,13,4,4,1,4,5,2,12,2,33,3,10,5,1,7,9,1,10,1,13,,44,,1,22,121.532312,25.04546129
113,2,7,14,42,2,11南港區,南港區南港路2段36號,0,0,2,1,C03,6,6,5,40,14,8,1,4,4,5,13,4,4,5,4,4,2,13,1,47,2,7,5,1,7,9,1,10,1,11,,16,,1,21,121.6051148,25.0540362
113,2,7,14,42,2,11南港區,南港區南港路2段36號,0,0,2,2,C03,6,6,5,40,14,8,1,4,4,5,13,4,4,5,4,4,2,13,2,68,2,8,5,1,7,9,1,10,1,13,,44,,1,21,121.6051148,25.0540362
113,2,7,14,42,2,11南港區,南港區南港路2段36號,0,0,2,3,C03,6,6,5,40,14,8,1,4,4,5,13,4,4,5,4,4,2,13,2,50,3,10,5,1,7,9,1,10,1,13,,44,,1,21,121.6051148,25.0540362
113,2,7,14,42,2,11南港區,南港區南港路2段36號,0,0,2,4,C04,6,6,5,40,14,8,1,4,4,5,13,4,4,5,4,4,2,13,1,39,3,10,5,1,7,12,1,10,1,17,,42,,1,21,121.6051148,25.0540362
113,2,7,14,56,2,09北投區,北投區大業路527巷1204044號燈桿,0,0,1,1,B03,6,7,5,20,14,9,1,4,4,5,13,4,4,5,5,5,2,16,1,38,3,10,7,1,7,5,1,6,1,4,,8,,1,22,121.4747393,25.131752
113,2,7,14,56,2,09北投區,北投區大業路527巷1204044號燈桿,0,0,1,2,C02,6,7,5,20,14,9,1,4,4,5,13,4,4,5,5,5,2,16,1,42,2,9,5,1,7,9,1,9,1,12,,44,,1,22,121.4747393,25.131752
113,2,7,15,16,2,10文山區,文山區忠順街2段與興隆路4段145巷22弄口口,0,0,3,1,C03,7,7,5,50,5,1,1,4,4,5,13,4,4,10,5,5,2,17,1,72,2,8,5,1,7,5,1,10,2,11,,74,,2,22,121.5627919,24.98468059
113,2,7,15,16,2,10文山區,文山區忠順街2段與興隆路4段145巷22弄口口,0,0,3,2,C03,7,7,5,50,5,1,1,4,4,5,13,4,4,10,5,5,2,17,1,23,2,8,5,1,7,9,1,10,2,11,,14,,1,22,121.5627919,24.98468059
113,2,7,15,16,2,10文山區,文山區忠順街2段與興隆路4段145巷22弄口口,0,0,3,3,H02,7,7,5,50,5,1,1,4,4,5,13,4,4,10,5,5,2,17,2,23,2,8,5,5,7,20,8,20,10,17,,67,,1,22,121.5627919,24.98468059
113,2,7,15,26,2,06松山區,松山區塔悠路與民權東路5段口,0,0,1,1,C03,6,6,5,30,5,1,1,4,4,1,13,1,1,1,3,5,2,13,1,27,3,10,6,1,7,9,1,10,1,11,,16,,1,21,121.5682307,25.06340218
113,2,7,15,26,2,06松山區,松山區塔悠路與民權東路5段口,0,0,1,2,C03,6,6,5,30,5,1,1,4,4,1,13,1,1,1,3,5,2,13,2,30,2,8,6,1,7,9,1,10,1,13,,44,,1,21,121.5682307,25.06340218
113,2,7,15,26,2,06松山區,松山區塔悠路與民權東路5段口,0,0,1,3,B03,6,6,5,30,5,1,1,4,4,1,13,1,1,1,3,5,2,13,1,33,3,10,3,4,7,12,1,8,1,3,,44,,1,21,121.5682307,25.06340218
113,2,7,16,30,2,12內湖區,內湖區潭美街與安康路22巷口,0,0,1,1,B03,8,5,5,40,3,1,1,4,4,5,13,2,1,5,5,5,2,16,1,47,3,10,7,1,7,5,1,8,1,2,,71,,1,21,121.5939072,25.0610215
113,2,7,16,30,2,12內湖區,內湖區潭美街與安康路22巷口,0,0,1,2,C03,8,5,5,40,3,1,1,4,4,5,13,2,1,5,5,5,2,16,1,39,2,9,5,1,7,9,1,10,1,11,,44,,1,21,121.5939072,25.0610215
113,2,7,16,30,2,07信義區,信義區忠孝東路5段520號,0,0,1,1,C03,6,7,5,50,14,9,1,4,4,5,13,1,1,3,4,5,2,13,2,27,2,9,6,4,7,9,1,10,1,11,,108,,1,21,121.5791162,25.0414055
113,2,7,16,30,2,07信義區,信義區忠孝東路5段520號,0,0,1,2,C03,6,7,5,50,14,9,1,4,4,5,13,1,1,3,4,5,2,13,1,56,3,10,6,4,7,14,1,10,1,13,,44,,1,21,121.5791162,25.0414055
113,2,7,17,0,2,01大同區,大同區長安西路與南京西路64巷口口,0,0,1,1,C03,6,5,5,50,3,1,1,4,4,5,13,2,1,8,3,5,2,12,1,50,3,10,6,1,7,9,1,10,1,11,,16,,1,21,121.5182575,25.05064952
113,2,7,17,0,2,01大同區,大同區長安西路與南京西路64巷口口,0,0,1,2,C03,6,5,5,50,3,1,1,4,4,5,13,2,1,8,3,5,2,12,2,30,2,8,6,1,7,9,1,10,1,11,,16,,1,21,121.5182575,25.05064952
113,2,7,17,0,2,01大同區,大同區長安西路與南京西路64巷口口,0,0,1,3,C03,6,5,5,50,3,1,1,4,4,5,13,2,1,8,3,5,2,12,1,63,3,10,6,1,7,9,1,10,1,13,,44,,1,21,121.5182575,25.05064952
113,2,7,17,11,2,08士林區,士林區通河西街1段與無名巷口(一段11號前),0,0,1,1,B03,6,5,5,40,3,1,1,4,4,5,13,4,4,5,5,5,2,17,1,38,3,10,3,4,7,11,1,8,2,2,,10,,1,21,121.5140944,25.0807696
113,2,7,17,11,2,08士林區,士林區通河西街1段與無名巷口(一段11號前),0,0,1,2,C03,6,5,5,40,3,1,1,4,4,5,13,4,4,5,5,5,2,17,1,38,2,9,3,1,7,9,1,10,2,11,,108,,1,21,121.5140944,25.0807696
113,2,7,17,25,2,04大安區,大安區復興南路2段151巷10號,0,0,1,1,C03,6,5,5,50,14,9,1,4,4,5,13,4,4,9,5,5,2,12,2,41,2,7,5,1,7,9,1,10,1,11,,99,,1,21,121.5443671,25.0283925
113,2,7,17,25,2,04大安區,大安區復興南路2段151巷10號,0,0,1,2,B03,6,5,5,50,14,9,1,4,4,5,13,4,4,9,5,5,2,12,1,61,3,10,7,1,7,11,1,8,1,4,,10,,1,21,121.5443671,25.0283925
113,2,7,17,30,2,03中山區,中山區中山北路3段與民族西路口,0,0,2,1,C03,6,7,5,50,4,1,1,4,4,5,13,1,1,1,4,5,2,13,1,52,3,10,5,1,7,9,1,10,9,14,,16,,1,22,121.522818,25.0687674
113,2,7,17,30,2,03中山區,中山區中山北路3段與民族西路口,0,0,2,2,C03,6,7,5,50,4,1,1,4,4,5,13,1,1,1,4,5,2,13,1,44,3,10,5,1,7,14,1,10,9,12,,44,,1,22,121.522818,25.0687674
113,2,7,17,30,2,03中山區,中山區中山北路3段與民族西路口,0,0,2,3,C03,6,7,5,50,4,1,1,4,4,5,13,1,1,1,4,5,2,13,2,31,2,9,5,1,7,9,1,10,9,11,,16,,1,22,121.522818,25.0687674
113,2,7,17,30,2,03中山區,中山區中山北路3段與民族西路口,0,0,2,4,C03,6,7,5,50,4,1,1,4,4,5,13,1,1,1,4,5,2,13,2,46,2,9,5,1,7,9,1,11,9,12,,42,,1,22,121.522818,25.0687674
113,2,7,17,31,2,04大安區,大安區瑞安街208巷與瑞安街208巷14弄口,0,0,1,1,B03,6,7,5,30,3,1,1,4,4,5,13,4,4,10,5,5,2,14,2,48,3,10,3,4,7,2,1,8,1,3,,12,,1,22,121.5404866,25.0282725
113,2,7,17,31,2,04大安區,大安區瑞安街208巷與瑞安街208巷14弄口,0,0,1,2,C03,6,7,5,30,3,1,1,4,4,5,13,4,4,10,5,5,2,14,2,29,2,8,6,1,7,14,1,10,1,11,,44,,1,21,121.5404866,25.0282725
113,2,7,17,37,2,02萬華區,萬華區中華路1段與貴陽街2段口,0,0,1,1,C03,6,5,5,50,4,1,1,4,4,5,13,1,1,8,3,1,1,17,2,24,2,8,5,1,7,9,1,10,1,12,,17,,1,21,121.5073122,25.0395022
113,2,7,17,37,2,02萬華區,萬華區中華路1段與貴陽街2段口,0,0,1,2,B02,6,5,5,50,4,1,1,4,4,5,13,1,1,8,3,1,1,17,1,51,3,10,7,1,7,14,1,8,1,4,,44,,1,21,121.5073122,25.0395022
113,2,7,17,49,2,06松山區,松山區塔悠路與南京東路5段口,0,0,1,1,C03,6,6,5,50,5,1,1,4,4,5,13,1,1,4,3,5,2,16,2,23,2,9,6,1,7,5,1,10,1,14,,44,,1,21,121.5705366,25.05135169
113,2,7,17,49,2,06松山區,松山區塔悠路與南京東路5段口,0,0,1,2,C03,6,6,5,50,5,1,1,4,4,5,13,1,1,4,3,5,2,16,1,28,3,10,6,1,7,9,1,10,1,12,,44,,1,21,121.5705366,25.05135169
113,2,7,17,58,2,12內湖區,內湖區潭美街與安美街175巷口,0,0,2,1,C03,6,5,5,50,3,1,1,4,4,5,13,4,4,5,5,5,2,3,1,28,2,8,5,1,7,9,1,10,2,11,,108,,1,21,121.6008464,25.0608381
113,2,7,17,58,2,12內湖區,內湖區潭美街與安美街175巷口,0,0,2,2,H01,6,5,5,50,3,1,1,4,4,5,13,4,4,5,5,5,2,3,1,86,2,9,4,5,8,16,8,20,10,16,,121,,1,21,121.6008464,25.0608381
113,2,7,18,27,2,05中正區,中正區汀州路3段與思源街口,0,0,1,1,C03,6,5,5,50,5,2,1,4,4,5,13,2,1,4,4,5,1,17,2,22,3,10,5,1,7,7,1,9,1,17,,100,,1,21,121.5321837,25.0151115
113,2,7,18,27,2,05中正區,中正區汀州路3段與思源街口,0,0,1,2,C03,6,5,5,50,5,2,1,4,4,5,13,2,1,4,4,5,1,17,2,33,2,9,5,1,7,9,1,10,1,14,,,,1,21,121.5321837,25.0151115
113,2,7,19,19,2,01大同區,大同區天水路73號,0,0,1,1,B03,6,5,5,30,14,9,1,4,4,5,13,4,4,10,4,5,2,17,1,41,3,10,3,4,7,9,1,8,6,2,,21,,1,21,121.5121395,25.0524521
113,2,7,19,19,2,01大同區,大同區天水路73號,0,0,1,2,C03,6,5,5,30,14,9,1,4,4,5,13,4,4,10,4,5,2,17,2,32,2,8,3,4,7,15,1,10,1,13,,44,,1,21,121.5121395,25.0524521
113,2,7,19,19,2,01大同區,大同區天水路73號,0,0,1,3,C03,6,5,5,30,14,9,1,4,4,5,13,4,4,10,4,5,2,17,2,22,3,10,3,4,7,13,1,10,1,13,,44,,1,21,121.5121395,25.0524521
113,2,7,19,19,2,01大同區,大同區天水路73號,0,0,1,4,C03,6,5,5,30,14,9,1,4,4,5,13,4,4,10,4,5,2,17,1,35,3,10,3,4,7,21,7,19,1,13,,44,,1,21,121.5121395,25.0524521
113,2,7,19,19,2,01大同區,大同區天水路73號,0,0,1,5,C03,6,5,5,30,14,9,1,4,4,5,13,4,4,10,4,5,2,17,2,22,3,10,3,4,7,21,7,19,11,13,,44,,1,21,121.5121395,25.0524521
113,2,7,19,19,2,01大同區,大同區天水路73號,0,0,1,6,C03,6,5,5,30,14,9,1,4,4,5,13,4,4,10,4,5,2,17,1,34,3,10,3,4,7,21,7,19,11,13,,44,,1,21,121.5121395,25.0524521
113,2,7,19,19,2,01大同區,大同區天水路73號,0,0,1,7,C03,6,5,5,30,14,9,1,4,4,5,13,4,4,10,4,5,2,17,2,42,3,10,3,4,7,21,7,19,11,13,,44,,1,21,121.5121395,25.0524521
113,2,7,19,19,2,01大同區,大同區天水路73號,0,0,1,8,C03,6,5,5,30,14,9,1,4,4,5,13,4,4,10,4,5,2,17,1,50,3,10,3,4,7,21,7,19,11,13,,44,,1,21,121.5121395,25.0524521
113,2,7,19,21,2,04大安區,大安區忠孝東路4段與敦化南路1段口,0,0,1,1,C03,6,5,5,50,4,2,1,4,4,5,13,1,1,1,4,5,2,17,2,61,2,9,5,1,7,7,1,10,2,14,,100,,1,21,121.5485244,25.0416355
113,2,7,19,21,2,04大安區,大安區忠孝東路4段與敦化南路1段口,0,0,1,2,A04,6,5,5,50,4,2,1,4,4,5,13,1,1,1,4,5,2,17,1,53,3,10,7,1,7,9,1,2,2,2,,44,,1,21,121.5485244,25.0416355
113,2,7,19,25,2,09北投區,北投區建民路151巷與建民路150巷口口,0,0,2,1,C03,6,5,5,30,4,1,1,4,4,5,13,4,4,10,5,5,2,15,1,48,2,9,5,1,7,9,1,10,11,11,,72,,2,21,121.5192917,25.110431
113,2,7,19,25,2,09北投區,北投區建民路151巷與建民路150巷口口,0,0,2,2,C03,6,5,5,30,4,1,1,4,4,5,13,4,4,10,5,5,2,15,1,34,2,9,5,1,7,9,1,10,1,14,,13,,1,21,121.5192917,25.110431
113,2,7,19,40,2,12內湖區,內湖區內湖路1段387巷與內湖路1段411巷62弄口,0,0,1,1,B03,8,5,5,30,3,1,1,5,4,5,13,4,4,10,5,5,2,9,1,37,4,11,3,4,7,21,7,19,11,15,,119,,2,22,121.5706614,25.08383823
113,2,7,19,40,2,12內湖區,內湖區內湖路1段387巷與內湖路1段411巷62弄口,0,0,1,2,H01,8,5,5,30,3,1,1,5,4,5,13,4,4,10,5,5,2,9,2,59,2,9,4,5,8,16,8,20,10,16,,67,,1,21,121.5706614,25.08383823
113,2,7,19,58,2,07信義區,信義區吳興街252號,0,0,1,1,F01,6,5,5,30,14,9,1,4,4,5,13,4,4,10,4,5,2,13,1,28,2,7,2,1,7,9,8,20,1,11,,108,,1,21,121.5635358,25.0271979