發生年度,發生月,發生日,發生時-Hours,發生分,處理別-編號,區序,肇事地點,死亡人數,2-30日死亡人數,受傷人數,當事人序號,車種,天候,道路照明設備,道路類別,速限-速度限制,道路型態,事故位置,路面狀況1,路面狀況2,路面狀況3,道路障礙1,道路障礙2,號誌1,號誌2,車道劃分-分向,車道劃分-分道1,車道劃分-分道2,車道劃分-分道3,事故類型及型態,性別,年齡,受傷程度,主要傷處,保護裝置,行動電話,車輛用途,當事者行動狀態,駕駛資格情形,駕駛執照種類,飲酒情形,車輛撞擊部位1,車輛撞擊部位2,肇因碼-個別,肇因碼-主要,個人肇逃否,職業,座標-X,座標-Y
113,2,7,19,58,2,07信義區,信義區吳興街252號,0,0,1,2,B03,6,5,5,30,14,9,1,4,4,5,13,4,4,10,4,5,2,13,1,28,3,10,7,1,7,14,1,8,1,3,,44,,1,21,121.5635358,25.0271979
113,2,7,20,42,2,05中正區,中正區忠孝西路1段與館前路口,0,0,1,1,B12,6,5,5,50,4,1,1,4,4,5,13,2,1,10,5,5,2,2,1,25,3,10,7,1,7,5,1,8,2,8,,70,,1,26,121.5149319,25.0469077
113,2,7,20,42,2,05中正區,中正區忠孝西路1段與館前路口,0,0,1,2,H01,6,5,5,50,4,1,1,4,4,5,13,2,1,10,5,5,2,2,2,24,2,8,4,5,8,16,8,20,2,16,,67,,1,25,121.5149319,25.0469077
113,2,7,21,19,2,09北投區,北投區知行路302號,0,0,2,1,C03,6,5,5,50,14,9,1,4,4,5,13,4,4,5,5,5,2,3,1,32,2,8,5,1,7,4,1,10,2,11,,108,,1,21,121.4673264,25.1220021
113,2,7,21,19,2,09北投區,北投區知行路302號,0,0,2,2,H01,6,5,5,50,14,9,1,4,4,5,13,4,4,5,5,5,2,3,1,75,2,1,4,5,8,16,8,20,10,16,,121,,1,21,121.4673264,25.1220021
113,2,7,22,18,2,12內湖區,內湖區成功路4段與成功路4段182巷口,0,0,1,1,H01,6,5,5,30,14,9,1,4,4,5,13,4,4,10,5,5,2,9,1,73,2,9,4,5,8,16,8,20,10,16,,121,,1,21,121.5940001,25.08384471
113,2,7,22,18,2,12內湖區,內湖區成功路4段與成功路4段182巷口,0,0,1,2,B03,6,5,5,30,14,9,1,4,4,5,13,4,4,10,5,5,2,9,1,23,3,10,7,1,7,9,1,8,2,1,,108,,1,21,121.5940001,25.08384471
113,2,7,22,50,2,04大安區,大安區敦化南路2段與四維路170巷口,0,0,1,1,B01,7,6,5,50,5,2,1,5,4,5,13,1,1,1,4,1,2,16,1,40,3,10,7,1,7,11,1,4,1,5,,10,,1,21,121.5485334,25.0280308
113,2,7,22,50,2,04大安區,大安區敦化南路2段與四維路170巷口,0,0,1,2,C03,7,6,5,50,5,2,1,5,4,5,13,1,1,1,4,1,2,16,1,24,2,9,6,1,7,9,1,21,1,14,,44,,1,21,121.5485334,25.0280308
113,2,7,22,56,2,03中山區,中山區長安東路1段30號,0,0,2,1,C03,6,5,5,30,14,9,1,4,4,5,13,4,4,10,5,5,1,9,1,19,2,9,6,1,7,9,1,10,1,11,,108,,1,21,121.5262931,25.0485864
113,2,7,22,56,2,03中山區,中山區長安東路1段30號,0,0,2,2,H01,6,5,5,30,14,9,1,4,4,5,13,4,4,10,5,5,1,9,2,54,2,9,4,5,8,16,8,20,10,16,,67,,1,21,121.5262931,25.0485864
113,2,7,23,24,2,03中山區,中山區市民大道3段與復興南路1段口,0,0,1,1,C03,6,5,5,50,4,1,1,4,4,5,13,1,1,1,4,5,2,16,1,26,3,10,6,1,7,1,1,10,1,13,,19,,1,22,121.5439143,25.04495674
113,2,7,23,24,2,03中山區,中山區市民大道3段與復興南路1段口,0,0,1,2,C03,6,5,5,50,4,1,1,4,4,5,13,1,1,1,4,5,2,16,1,32,2,9,6,1,7,9,1,10,1,11,,13,,1,22,121.5439143,25.04495674
113,2,7,23,33,2,10文山區,文山區景華街與景興路口,0,0,2,1,C03,6,5,5,30,4,1,1,4,4,5,13,2,1,10,5,5,2,1,1,36,2,8,6,1,7,5,1,10,2,11,,108,,1,21,121.5446889,24.9950908
113,2,7,23,33,2,10文山區,文山區景華街與景興路口,0,0,2,2,H01,6,5,5,30,4,1,1,4,4,5,13,2,1,10,5,5,2,1,1,27,2,9,4,5,8,16,8,20,10,16,,121,,1,21,121.5446889,24.9950908
113,2,7,23,35,2,11南港區,南港區忠孝東路5段與玉成街口,0,0,1,1,B03,6,5,5,50,5,2,1,4,4,5,13,2,1,1,3,4,2,12,2,33,3,10,3,4,7,9,1,8,2,5,,107,,1,22,121.5825352,25.0449025
113,2,7,23,35,2,11南港區,南港區忠孝東路5段與玉成街口,0,0,1,2,C03,6,5,5,50,5,2,1,4,4,5,13,2,1,1,3,4,2,12,2,37,2,5,3,4,7,1,1,10,2,13,,19,,1,22,121.5825352,25.0449025
113,2,7,23,50,2,12內湖區,內湖區民權東路6段280巷78號與民權東路6段280巷口78號旁無名巷,0,0,1,1,C02,6,5,5,30,3,1,1,4,4,5,13,4,4,10,5,5,1,17,1,27,2,9,3,4,7,9,1,9,1,17,,13,,1,22,121.6083271,25.069869
113,2,7,23,50,2,12內湖區,內湖區民權東路6段280巷78號與民權東路6段280巷口78號旁無名巷,0,0,1,2,C03,6,5,5,30,3,1,1,4,4,5,13,4,4,10,5,5,1,17,1,20,3,10,3,4,7,6,1,10,1,17,,14,,1,22,121.6083271,25.069869
113,2,7,23,58,2,02萬華區,萬華區長順街與長順街107巷口,0,0,1,1,C03,6,5,5,30,4,1,1,4,4,4,10,4,4,9,4,5,2,17,1,39,2,7,6,4,7,5,1,10,1,11,,72,,1,22,121.4893554,25.03217398
113,2,7,23,58,2,02萬華區,萬華區長順街與長順街107巷口,0,0,1,2,B03,6,5,5,30,4,1,1,4,4,4,10,4,4,9,4,5,2,17,1,24,3,10,7,4,7,9,1,8,1,5,,14,,1,21,121.4893554,25.03217398
113,2,7,23,58,2,02萬華區,萬華區長順街與長順街107巷口,0,0,1,3,B12,6,5,5,30,4,1,1,4,4,4,10,4,4,9,4,5,2,17,1,29,3,10,3,4,7,13,1,8,11,17,,38,,1,22,121.4893554,25.03217398
113,2,8,0,0,2,02萬華區,萬華區漢中街與內江街口,0,0,1,1,B03,6,5,5,50,3,1,1,4,4,5,13,3,1,9,4,5,2,17,1,32,3,10,7,1,7,5,1,8,11,17,,80,,2,21,121.5070008,25.0415261
113,2,8,0,0,2,02萬華區,萬華區漢中街與內江街口,0,0,1,2,C03,6,5,5,50,3,1,1,4,4,5,13,3,1,9,4,5,2,17,1,21,2,9,6,1,7,9,1,10,9,17,14,44,,1,21,121.5070008,25.0415261
113,2,8,0,0,2,02萬華區,萬華區漢中街與內江街口,0,0,1,3,B12,6,5,5,50,3,1,1,4,4,5,13,3,1,9,4,5,2,17,1,63,3,10,3,1,7,13,1,8,11,17,,38,,1,21,121.5070008,25.0415261
113,2,8,0,15,2,03中山區,中山區民權東路2段與中原街口,0,0,1,1,B01,6,5,5,50,4,1,1,4,4,5,13,2,1,7,2,5,2,9,1,53,3,10,7,1,7,5,1,4,1,1,,70,,1,21,121.5288973,25.0626378
113,2,8,0,15,2,03中山區,中山區民權東路2段與中原街口,0,0,1,2,H01,6,5,5,50,4,1,1,4,4,5,13,2,1,7,2,5,2,9,2,34,2,9,4,5,8,16,8,20,1,16,,67,,1,21,121.5288973,25.0626378
113,2,8,0,22,2,01大同區,大同區鄭州路與鄭州路29巷口,0,0,1,1,C03,6,5,5,40,3,2,1,4,4,5,13,1,1,1,4,5,2,13,1,31,2,9,5,4,7,9,1,10,2,11,,108,,1,22,121.5142585,25.0493089
113,2,8,0,22,2,01大同區,大同區鄭州路與鄭州路29巷口,0,0,1,2,B03,6,5,5,40,3,2,1,4,4,5,13,1,1,1,4,5,2,13,2,46,3,10,3,4,7,14,1,8,2,3,,44,,1,22,121.5142585,25.0493089
113,2,8,0,35,2,03中山區,中山區民權東路2段84號,0,0,1,1,C03,6,5,5,50,14,9,1,4,4,5,13,1,1,1,3,5,2,13,1,26,2,9,5,1,7,9,1,10,1,12,,42,,1,22,121.5314323,25.0624519
113,2,8,0,35,2,03中山區,中山區民權東路2段84號,0,0,1,2,B03,6,5,5,50,14,9,1,4,4,5,13,1,1,1,3,5,2,13,1,39,3,10,7,1,7,14,1,8,1,7,,44,,1,22,121.5314323,25.0624519
113,2,8,1,20,2,03中山區,中山區松江路與長春路口,0,0,1,1,B01,6,5,5,50,4,1,1,4,4,5,13,1,1,1,4,1,2,9,1,49,4,11,3,4,7,6,7,19,11,15,,70,,2,22,121.5331665,25.0548153
113,2,8,1,20,2,03中山區,中山區松江路與長春路口,0,0,1,2,H01,6,5,5,50,4,1,1,4,4,5,13,1,1,1,4,1,2,9,2,29,2,9,4,5,8,16,8,20,10,16,,67,,1,22,121.5331665,25.0548153
113,2,8,1,30,2,08士林區,士林區中山北路4段北往南限速牌旁,0,0,2,1,B03,6,5,5,40,10,9,1,4,4,5,13,4,4,3,4,5,2,12,1,47,3,10,3,4,7,10,1,8,1,5,,100,,1,22,121.524575,25.07929311
113,2,8,1,30,2,08士林區,士林區中山北路4段北往南限速牌旁,0,0,2,2,B01,6,5,5,40,10,9,1,4,4,5,13,4,4,3,4,5,2,12,1,59,3,10,3,4,7,9,1,4,1,4,,44,,1,22,121.524575,25.07929311
113,2,8,1,30,2,08士林區,士林區中山北路4段北往南限速牌旁,0,0,2,3,B01,6,5,5,40,10,9,1,4,4,5,13,4,4,3,4,5,2,12,1,53,2,8,3,4,7,9,1,4,1,3,,44,,1,22,121.524575,25.07929311
113,2,8,1,30,2,08士林區,士林區中山北路4段北往南限速牌旁,0,0,2,4,B01,6,5,5,40,10,9,1,4,4,5,13,4,4,3,4,5,2,12,1,36,2,1,3,4,7,9,1,4,1,1,,80,,1,22,121.524575,25.07929311
113,2,8,6,10,2,10文山區,文山區保儀路與木柵路3段102巷口,0,0,1,1,B01,6,5,5,50,4,18,1,4,4,5,13,2,1,10,5,5,2,1,1,32,3,10,3,4,7,5,1,4,2,4,,42,,1,21,121.568263,24.9868271
113,2,8,6,10,2,10文山區,文山區保儀路與木柵路3段102巷口,0,0,1,2,H01,6,5,5,50,4,18,1,4,4,5,13,2,1,10,5,5,2,1,1,64,2,7,4,5,8,16,8,20,10,16,,60,,1,21,121.568263,24.9868271
113,2,8,8,39,2,01大同區,大同區重慶北路2段與民生西路口,0,0,1,1,C03,6,6,5,50,5,2,1,4,4,5,13,1,1,1,4,5,2,13,1,19,2,3,6,1,7,9,1,10,2,11,,44,,1,21,121.5136765,25.05718176
113,2,8,8,39,2,01大同區,大同區重慶北路2段與民生西路口,0,0,1,2,B01,6,6,5,50,5,2,1,4,4,5,13,1,1,1,4,5,2,13,1,56,3,10,7,1,7,14,1,4,2,3,,44,,1,21,121.5136765,25.05718176
113,2,8,9,15,2,02萬華區,萬華區西昌街與貴陽街2段口,0,0,2,1,C03,7,6,5,50,4,2,1,4,4,5,13,2,1,9,4,5,1,17,2,44,3,10,3,4,7,5,1,10,1,17,,8,,1,22,121.5006621,25.04028199
113,2,8,9,15,2,02萬華區,萬華區西昌街與貴陽街2段口,0,0,2,2,C03,7,6,5,50,4,2,1,4,4,5,13,2,1,9,4,5,1,17,1,41,2,9,3,4,7,9,1,10,1,17,,44,,1,22,121.5006621,25.04028199
113,2,8,9,15,2,02萬華區,萬華區西昌街與貴陽街2段口,0,0,2,3,H02,7,6,5,50,4,2,1,4,4,5,13,2,1,9,4,5,1,17,2,38,2,8,3,5,7,20,8,20,10,16,,67,,1,22,121.5006621,25.04028199
113,2,8,10,24,2,01大同區,大同區延平北路2段與保安街口,0,0,1,1,B03,7,5,5,50,3,2,1,4,4,5,13,2,1,5,4,5,2,17,1,73,3,10,3,4,7,9,6,8,2,2,,44,,1,21,121.5114737,25.0589018
113,2,8,10,24,2,01大同區,大同區延平北路2段與保安街口,0,0,1,2,C03,7,5,5,50,3,2,1,4,4,5,13,2,1,5,4,5,2,17,2,72,2,9,3,4,7,7,1,10,2,14,,100,,1,21,121.5114737,25.0589018
113,2,8,10,24,2,01大同區,大同區延平北路2段與保安街口,0,0,1,3,B03,7,5,5,50,3,2,1,4,4,5,13,2,1,5,4,5,2,17,1,57,3,10,3,4,7,14,1,8,2,3,,44,,1,21,121.5114737,25.0589018
113,2,8,10,46,2,12內湖區,內湖區堤頂大道1段與舊宗路1段150巷口,0,0,3,1,B03,7,5,5,60,14,7,1,4,4,5,13,4,4,9,4,3,2,13,1,31,3,10,7,1,7,9,1,8,1,1,,17,,1,21,121.5728772,25.06150786
113,2,8,10,46,2,12內湖區,內湖區堤頂大道1段與舊宗路1段150巷口,0,0,3,2,B03,7,5,5,60,14,7,1,4,4,5,13,4,4,9,4,3,2,13,1,44,3,10,7,1,7,12,1,8,1,3,,44,,1,21,121.5728772,25.06150786
113,2,8,10,46,2,12內湖區,內湖區堤頂大道1段與舊宗路1段150巷口,0,0,3,3,H02,7,5,5,60,14,7,1,4,4,5,13,4,4,9,4,3,2,13,1,61,2,9,7,5,7,20,8,20,10,16,,67,,1,21,121.5728772,25.06150786
113,2,8,10,46,2,12內湖區,內湖區堤頂大道1段與舊宗路1段150巷口,0,0,3,4,H02,7,5,5,60,14,7,1,4,4,5,13,4,4,9,4,3,2,13,2,53,2,5,7,5,7,20,8,20,10,16,,67,,1,21,121.5728772,25.06150786
113,2,8,10,46,2,12內湖區,內湖區堤頂大道1段與舊宗路1段150巷口,0,0,3,5,H02,7,5,5,60,14,7,1,4,4,5,13,4,4,9,4,3,2,13,2,39,2,1,7,5,7,20,8,20,10,16,,67,,1,21,121.5728772,25.06150786
113,2,8,11,0,2,01大同區,大同區延平北路3段與延平北路3段18巷口,0,0,2,1,C03,7,6,5,40,3,2,1,5,4,3,10,4,4,9,5,4,2,16,1,77,3,10,5,1,7,1,1,10,1,11,,19,,1,22,121.5111059,25.0639681
113,2,8,11,0,2,01大同區,大同區延平北路3段與延平北路3段18巷口,0,0,2,2,C03,7,6,5,40,3,2,1,5,4,3,10,4,4,9,5,4,2,16,2,51,2,9,5,1,7,9,1,10,1,12,,44,,1,22,121.5111059,25.0639681
113,2,8,11,0,2,01大同區,大同區延平北路3段與延平北路3段18巷口,0,0,2,3,H02,7,6,5,40,3,2,1,5,4,3,10,4,4,9,5,4,2,16,2,71,2,9,5,5,7,20,8,20,10,16,,67,,1,22,121.5111059,25.0639681
113,2,8,11,31,2,05中正區,中正區羅斯福路2段與和平西路1段口,0,0,2,2,C03,7,6,5,50,4,1,1,5,4,5,13,2,1,1,4,5,1,15,1,34,2,9,5,1,7,9,1,10,1,11,,44,,1,21,121.5225559,25.0270167
113,2,8,11,31,2,05中正區,中正區羅斯福路2段與和平西路1段口,0,0,2,1,C03,7,6,5,50,4,1,1,5,4,5,13,2,1,1,4,5,1,15,1,81,2,9,6,1,7,10,1,10,1,12,,42,,1,21,121.5225559,25.0270167
113,2,8,11,40,2,10文山區,文山區保儀路37號,0,0,1,1,B01,7,6,5,50,14,9,1,4,4,5,13,4,4,5,5,5,2,17,1,66,3,10,3,4,7,15,1,4,1,2,,118,,1,21,121.5685073,24.98704201
113,2,8,11,40,2,10文山區,文山區保儀路37號,0,0,1,2,C03,7,6,5,50,14,9,1,4,4,5,13,4,4,5,5,5,2,17,2,54,2,9,5,4,7,9,1,10,1,12,,118,,1,21,121.5685073,24.98704201
113,2,8,11,40,2,10文山區,文山區保儀路37號,0,0,1,3,H02,7,6,5,50,14,9,1,4,4,5,13,4,4,5,5,5,2,17,2,62,3,10,4,5,7,19,8,20,10,16,,118,,1,21,121.5685073,24.98704201
113,2,8,11,58,2,07信義區,信義區富陽街21巷與富陽街55巷口,0,0,1,1,C03,6,7,6,30,4,1,1,4,4,5,13,4,4,5,5,5,2,15,2,29,2,8,5,1,7,9,1,10,1,11,,80,,1,21,121.5574448,25.0225919
113,2,8,11,58,2,07信義區,信義區富陽街21巷與富陽街55巷口,0,0,1,2,B12,6,7,6,30,4,1,1,4,4,5,13,4,4,5,5,5,2,15,1,45,3,10,7,1,7,9,1,8,1,4,,108,,1,21,121.5574448,25.0225919
113,2,8,12,0,2,03中山區,中山區龍江路356巷78-1號,0,0,2,1,B03,8,6,5,50,14,9,1,5,4,5,13,4,4,9,5,5,2,17,1,58,3,10,3,4,7,14,1,8,1,2,,40,,1,22,121.5377192,25.0659969
113,2,8,12,0,2,03中山區,中山區龍江路356巷78-1號,0,0,2,2,C03,8,6,5,50,14,9,1,5,4,5,13,4,4,9,5,5,2,17,1,68,2,7,6,4,7,9,1,10,1,14,,44,,1,22,121.5377192,25.0659969
113,2,8,12,0,2,03中山區,中山區龍江路356巷78-1號,0,0,2,3,C03,8,6,5,50,14,9,1,5,4,5,13,4,4,9,5,5,2,17,1,69,2,8,6,4,7,14,1,10,1,14,,44,,1,22,121.5377192,25.0659969
113,2,8,12,0,2,03中山區,中山區龍江路356巷78-1號,0,0,2,4,H02,8,6,5,50,14,9,1,5,4,5,13,4,4,9,5,5,2,17,2,63,3,10,4,5,7,20,8,20,10,16,,40,,1,22,121.5377192,25.0659969
113,2,8,12,0,2,07信義區,信義區松信路128號,0,0,1,1,C03,8,5,5,50,14,7,1,5,4,5,13,4,4,9,4,4,2,17,1,51,3,10,6,1,7,1,6,18,1,17,,19,,1,21,121.5719114,25.0440807
113,2,8,12,0,2,07信義區,信義區松信路128號,0,0,1,2,C03,8,5,5,50,14,7,1,5,4,5,13,4,4,9,4,4,2,17,1,30,2,9,6,1,7,9,1,10,1,14,,42,,1,21,121.5719114,25.0440807
113,2,8,12,20,2,04大安區,大安區敦化南路2段與敦化南路2段63巷口,0,0,1,1,B03,7,6,5,50,4,2,1,5,4,5,13,2,1,10,5,5,2,16,2,50,3,10,3,4,7,5,1,8,1,8,,98,,1,22,121.5490025,25.0309713
113,2,8,12,20,2,04大安區,大安區敦化南路2段與敦化南路2段63巷口,0,0,1,2,C03,7,6,5,50,4,2,1,5,4,5,13,2,1,10,5,5,2,16,1,46,2,9,6,4,7,9,1,10,1,12,,44,,1,22,121.5490025,25.0309713
113,2,8,12,46,2,05中正區,中正區西藏路與中華路2段口口,0,0,2,1,C03,7,6,5,50,4,1,1,5,4,5,13,1,1,5,4,5,2,16,2,37,2,5,6,1,7,9,1,9,1,11,,108,,1,21,121.5042166,25.0301505
113,2,8,12,46,2,05中正區,中正區西藏路與中華路2段口口,0,0,2,2,C03,7,6,5,50,4,1,1,5,4,5,13,1,1,5,4,5,2,16,1,22,2,8,6,1,7,6,1,10,1,12,,9,,1,21,121.5042166,25.0301505
113,2,8,13,30,2,03中山區,中山區民權東路1段72號,0,0,1,1,C03,7,7,5,50,14,9,1,5,4,5,13,4,4,1,4,4,2,13,1,28,2,9,5,1,7,9,1,9,1,11,,108,,1,22,121.5246795,25.0626096
113,2,8,13,30,2,03中山區,中山區民權東路1段72號,0,0,1,2,C03,7,7,5,50,14,9,1,5,4,5,13,4,4,1,4,4,2,13,1,28,3,10,5,1,7,9,1,10,1,15,,44,,1,22,121.5246795,25.0626096
113,2,8,13,30,2,03中山區,中山區民權東路1段72號,0,0,1,3,B03,7,7,5,50,14,9,1,5,4,5,13,4,4,1,4,4,2,13,1,39,3,10,7,1,7,7,1,8,1,2,,100,,1,22,121.5246795,25.0626096
113,2,8,14,30,2,02萬華區,萬華區環河南路1段與峨眉街口,0,0,2,1,B03,8,5,5,30,3,1,1,5,4,5,13,4,4,9,4,5,2,17,1,26,3,10,7,4,7,5,1,8,1,6,,9,,1,22,121.5017966,25.0450492
113,2,8,14,30,2,02萬華區,萬華區環河南路1段與峨眉街口,0,0,2,2,C03,8,5,5,30,3,1,1,5,4,5,13,4,4,9,4,5,2,17,1,55,2,9,5,4,7,9,1,10,1,14,,108,,1,22,121.5017966,25.0450492
113,2,8,14,30,2,02萬華區,萬華區環河南路1段與峨眉街口,0,0,2,3,H02,8,5,5,30,3,1,1,5,4,5,13,4,4,9,4,5,2,17,2,55,2,9,4,5,7,20,8,20,10,17,,67,,1,22,121.5017966,25.0450492
113,2,8,14,43,2,06松山區,松山區八德路3段與八德路3段155巷口,0,0,1,1,B03,7,6,5,50,4,1,1,5,4,5,13,2,1,5,4,5,2,13,1,63,3,10,3,4,7,5,1,8,2,6,,71,,1,21,121.5550802,25.0481196
113,2,8,14,43,2,06松山區,松山區八德路3段與八德路3段155巷口,0,0,1,2,C03,7,6,5,50,4,1,1,5,4,5,13,2,1,5,4,5,2,13,2,24,2,9,6,4,7,9,1,9,2,11,,13,,1,21,121.5550802,25.0481196
113,2,8,15,4,2,02萬華區,萬華區康定路與康定路287巷口,0,0,2,1,C03,8,7,5,50,4,1,1,5,4,5,13,1,1,9,5,5,2,13,2,25,2,9,6,1,7,9,1,10,1,11,,107,,1,21,121.5010413,25.0340501
113,2,8,15,4,2,02萬華區,萬華區康定路與康定路287巷口,0,0,2,2,C03,8,7,5,50,4,1,1,5,4,5,13,1,1,9,5,5,2,13,2,31,2,9,5,1,7,15,1,10,1,13,,44,,1,21,121.5010413,25.0340501
113,2,8,15,25,2,06松山區,松山區南京東路5段251巷22弄與南京東路5段251巷口,0,0,2,1,C03,7,6,5,30,4,1,1,4,4,5,13,4,4,5,5,5,2,15,1,41,2,9,6,4,7,9,1,10,1,11,,14,,1,22,121.5651068,25.05198421
113,2,8,15,25,2,06松山區,松山區南京東路5段251巷22弄與南京東路5段251巷口,0,0,2,2,C03,7,6,5,30,4,1,1,4,4,5,13,4,4,5,5,5,2,15,2,22,2,9,6,4,7,9,1,10,1,11,,14,,1,22,121.5651068,25.05198421
113,2,8,15,35,2,02萬華區,萬華區成都路14號,0,0,2,1,C03,7,6,5,50,14,9,1,5,4,5,13,4,4,8,3,5,1,3,1,23,2,8,5,1,7,9,1,10,1,11,,108,,1,21,121.5072766,25.0424327
113,2,8,15,35,2,02萬華區,萬華區成都路14號,0,0,2,2,H01,7,6,5,50,14,9,1,5,4,5,13,4,4,8,3,5,1,3,1,62,2,9,4,5,8,18,8,20,10,16,,121,,1,21,121.5072766,25.0424327
113,2,8,15,35,2,07信義區,信義區莊敬路325巷與莊敬路391巷11弄口,0,0,1,1,C03,6,5,5,30,14,9,1,4,4,5,13,1,1,9,5,5,2,18,2,51,2,9,5,1,7,9,1,10,1,12,,42,,1,22,121.5650307,25.0290535
113,2,8,15,35,2,07信義區,信義區莊敬路325巷與莊敬路391巷11弄口,0,0,1,2,,6,5,5,30,14,9,1,4,4,5,13,1,1,9,5,5,2,18,3,0,,,,,,,,,,,,67,,1,,121.5650307,25.0290535
113,2,8,16,0,2,12內湖區,內湖區民權東路6段56巷與民權東路6段90巷16弄口,0,0,2,1,C03,7,7,5,50,3,1,1,5,4,5,13,4,4,5,5,4,2,16,2,28,2,8,5,1,7,5,1,10,1,12,,71,,1,21,121.5851302,25.06789819
113,2,8,16,0,2,12內湖區,內湖區民權東路6段56巷與民權東路6段90巷16弄口,0,0,2,2,C03,7,7,5,50,3,1,1,5,4,5,13,4,4,5,5,4,2,16,1,29,2,8,5,1,7,9,1,10,1,11,,44,,1,21,121.5851302,25.06789819
113,2,8,17,54,2,01大同區,大同區西寧北路與南京西路口,0,0,2,1,B03,6,5,5,50,4,2,1,4,4,5,13,2,1,5,5,5,2,17,1,50,3,10,3,4,7,6,1,8,1,2,,42,,1,21,121.5087283,25.0532802
113,2,8,17,54,2,01大同區,大同區西寧北路與南京西路口,0,0,2,2,C03,6,5,5,50,4,2,1,4,4,5,13,2,1,5,5,5,2,17,1,58,2,8,3,4,7,9,1,10,1,14,,42,,1,21,121.5087283,25.0532802
113,2,8,17,54,2,01大同區,大同區西寧北路與南京西路口,0,0,2,3,H02,6,5,5,50,4,2,1,4,4,5,13,2,1,5,5,5,2,17,2,58,2,8,3,5,7,21,8,20,10,16,,60,,1,21,121.5087283,25.0532802
113,2,8,18,30,2,01大同區,大同區承德路3段249號,0,0,1,1,B03,8,5,5,50,14,9,1,5,4,5,13,4,4,8,3,5,2,17,1,52,3,10,7,1,7,15,1,8,1,2,,100,,1,21,121.5185822,25.07134014
113,2,8,18,30,2,01大同區,大同區承德路3段249號,0,0,1,2,C03,8,5,5,50,14,9,1,5,4,5,13,4,4,8,3,5,2,17,1,28,2,9,6,1,7,9,1,9,1,14,,108,,1,21,121.5185822,25.07134014
113,2,8,19,25,2,06松山區,松山區松河街與饒河街221巷口,0,0,2,1,C03,6,5,5,40,14,9,1,4,4,5,13,1,1,8,5,5,2,11,1,43,3,10,6,1,7,11,1,8,1,12,,99,,1,26,121.5797822,25.05020671
113,2,8,19,25,2,06松山區,松山區松河街與饒河街221巷口,0,0,2,2,C03,6,5,5,40,14,9,1,4,4,5,13,1,1,8,5,5,2,11,2,45,2,9,6,1,7,9,1,10,1,11,,44,,1,26,121.5797822,25.05020671
113,2,8,19,25,2,06松山區,松山區松河街與饒河街221巷口,0,0,2,3,H02,6,5,5,40,14,9,1,4,4,5,13,1,1,8,5,5,2,11,1,46,2,8,6,5,7,17,8,20,10,16,,67,,1,26,121.5797822,25.05020671
113,2,8,19,45,2,02萬華區,萬華區和平西路3段與南寧路口,0,0,1,1,B03,6,5,5,50,5,2,1,4,4,5,13,2,1,2,4,5,2,12,1,54,3,10,7,1,7,9,1,8,1,5,,108,,1,21,121.5035886,25.03495518
113,2,8,19,45,2,02萬華區,萬華區和平西路3段與南寧路口,0,0,1,2,C03,6,5,5,50,5,2,1,4,4,5,13,2,1,2,4,5,2,12,2,44,2,9,6,1,7,14,1,10,1,13,,44,,1,21,121.5035886,25.03495518
113,2,8,20,17,2,05中正區,中正區愛國西路50號,0,0,1,1,B03,6,5,5,40,14,9,1,4,4,5,13,4,4,1,4,4,2,12,1,21,3,10,7,1,7,7,1,8,2,4,,100,,1,21,121.5075298,25.0367822
113,2,8,20,17,2,05中正區,中正區愛國西路50號,0,0,1,2,C03,6,5,5,40,14,9,1,4,4,5,13,4,4,1,4,4,2,12,1,29,2,9,5,1,7,8,1,10,2,12,,100,,1,21,121.5075298,25.0367822
113,2,8,21,4,2,02萬華區,萬華區萬大路與萬大路423巷口,0,0,1,1,B01,6,5,5,30,4,1,1,4,4,5,13,1,1,4,3,5,2,11,1,66,3,10,7,1,7,9,1,4,1,1,,81,,1,22,121.4986978,25.0215201
113,2,8,21,4,2,02萬華區,萬華區萬大路與萬大路423巷口,0,0,1,2,C03,6,5,5,30,4,1,1,4,4,5,13,1,1,4,3,5,2,11,1,31,2,8,6,1,7,9,1,10,1,14,,44,,1,22,121.4986978,25.0215201
113,2,8,21,44,2,03中山區,中山區長春路68號,0,0,1,2,C03,6,5,5,50,14,9,1,4,4,5,13,4,4,9,4,4,2,29,1,25,2,9,5,1,7,9,1,10,1,11,,44,,1,22,121.5263219,25.0549098
113,2,8,21,44,2,03中山區,中山區長春路68號,0,0,1,1,F01,6,5,5,50,14,9,1,4,4,5,13,4,4,9,4,4,2,29,3,0,,,,,,,,,,,,67,,1,,121.5263219,25.0549098
113,2,8,21,51,2,01大同區,大同區長安西路與長安西路138巷口,0,0,3,1,C03,6,5,6,50,4,2,1,4,4,5,13,4,4,5,5,5,2,3,1,49,2,1,5,4,7,9,1,10,2,11,,108,,1,22,121.5176863,25.0507048
113,2,8,21,51,2,01大同區,大同區長安西路與長安西路138巷口,0,0,3,2,H01,6,5,6,50,4,2,1,4,4,5,13,4,4,5,5,5,2,3,2,64,2,9,4,5,8,16,8,20,10,16,,121,,1,22,121.5176863,25.0507048
113,2,8,21,51,2,01大同區,大同區長安西路與長安西路138巷口,0,0,3,3,H01,6,5,6,50,4,2,1,4,4,5,13,4,4,5,5,5,2,3,2,65,2,7,4,5,8,16,8,20,10,16,,121,,1,22,121.5176863,25.0507048
113,2,8,21,52,2,11南港區,南港區福德街與福德街339巷口,0,0,1,1,C03,6,5,5,50,3,1,1,4,4,5,13,4,4,4,5,4,2,3,1,40,3,10,3,4,7,9,1,10,1,11,,70,,1,22,121.5885258,25.0395272