發生年度,發生月,發生日,發生時-Hours,發生分,處理別-編號,區序,肇事地點,死亡人數,2-30日死亡人數,受傷人數,當事人序號,車種,天候,道路照明設備,道路類別,速限-速度限制,道路型態,事故位置,路面狀況1,路面狀況2,路面狀況3,道路障礙1,道路障礙2,號誌1,號誌2,車道劃分-分向,車道劃分-分道1,車道劃分-分道2,車道劃分-分道3,事故類型及型態,性別,年齡,受傷程度,主要傷處,保護裝置,行動電話,車輛用途,當事者行動狀態,駕駛資格情形,駕駛執照種類,飲酒情形,車輛撞擊部位1,車輛撞擊部位2,肇因碼-個別,肇因碼-主要,個人肇逃否,職業,座標-X,座標-Y
113,2,8,21,52,2,11南港區,南港區福德街與福德街339巷口,0,0,1,2,H01,6,5,5,50,3,1,1,4,4,5,13,4,4,4,5,4,2,3,1,14,2,8,4,5,8,16,8,20,1,16,,53,,1,22,121.5885258,25.0395272
113,2,8,22,12,2,05中正區,中正區南昌路2段140號,0,0,2,1,C03,6,5,5,50,14,9,1,4,4,5,13,4,4,5,4,5,2,3,1,53,2,8,5,1,7,9,1,10,2,11,,108,,1,21,121.5229698,25.0252497
113,2,8,22,12,2,05中正區,中正區南昌路2段140號,0,0,2,2,H01,6,5,5,50,14,9,1,4,4,5,13,4,4,5,4,5,2,3,1,74,2,9,4,5,8,16,8,20,10,16,,121,,1,21,121.5229698,25.0252497
113,2,8,22,34,2,08士林區,士林區通河街與通河街1巷口口,0,0,1,1,C03,6,5,5,50,4,1,1,4,4,5,13,3,1,5,4,5,1,17,1,28,2,9,5,1,7,9,1,10,2,17,,44,,1,21,121.5237182,25.0799516
113,2,8,22,34,2,08士林區,士林區通河街與通河街1巷口口,0,0,1,2,B03,6,5,5,50,4,1,1,4,4,5,13,3,1,5,4,5,1,17,1,41,3,10,7,1,7,12,1,8,2,17,,72,,1,21,121.5237182,25.0799516
113,2,8,22,51,2,04大安區,大安區師大路63號與師大路口,0,0,1,1,B03,6,5,5,50,4,2,1,4,4,5,13,4,4,7,4,5,2,2,1,68,3,10,3,1,7,9,6,8,1,4,,108,,1,22,121.5284941,25.0239627
113,2,8,22,51,2,04大安區,大安區師大路63號與師大路口,0,0,1,2,H01,6,5,5,50,4,2,1,4,4,5,13,4,4,7,4,5,2,2,2,66,2,7,4,5,8,16,8,20,1,16,,53,,1,22,121.5284941,25.0239627
113,2,8,23,10,2,02萬華區,萬華區萬大路與長泰街口,0,0,1,1,B01,6,6,5,30,3,1,2,4,4,5,13,2,1,4,4,5,2,17,1,67,3,10,7,1,7,6,1,4,1,6,,9,,1,21,121.4991684,25.02253009
113,2,8,23,10,2,02萬華區,萬華區萬大路與長泰街口,0,0,1,2,C03,6,6,5,30,3,1,2,4,4,5,13,2,1,4,4,5,2,17,1,28,2,9,6,1,7,9,1,10,1,11,,44,,1,21,121.4991684,25.02253009
113,2,8,23,14,2,07信義區,信義區忠孝東路5段790巷與忠孝東路5段790巷25弄口,0,0,1,1,C03,6,5,5,30,4,1,1,4,4,5,13,4,4,10,5,5,2,15,2,27,3,10,6,1,7,9,1,10,1,11,,80,,1,21,121.5827214,25.0423794
113,2,8,23,14,2,07信義區,信義區忠孝東路5段790巷與忠孝東路5段790巷25弄口,0,0,1,2,C03,6,5,5,30,4,1,1,4,4,5,13,4,4,10,5,5,2,15,1,39,2,8,6,1,7,9,1,10,1,11,,13,,1,21,121.5827214,25.0423794
113,2,9,0,3,2,04大安區,大安區和平東路2段與建國南路2段口,0,0,1,1,B03,6,5,5,50,4,1,1,4,4,5,13,1,1,1,5,5,2,17,1,31,3,10,7,1,7,6,1,8,1,2,,44,,1,21,121.5374108,25.0257981
113,2,9,0,3,2,04大安區,大安區和平東路2段與建國南路2段口,0,0,1,2,C03,6,5,5,50,4,1,1,4,4,5,13,1,1,1,5,5,2,17,1,49,2,9,6,1,7,9,1,10,1,11,,44,,1,21,121.5374108,25.0257981
113,2,9,1,17,2,03中山區,中山區民生東路1段23巷與林森北路口側附近口,0,0,3,1,H01,6,5,5,50,4,1,1,4,4,5,13,1,1,5,5,5,2,3,1,44,2,9,4,5,8,17,8,20,10,16,,122,,1,21,121.5255136,25.059074
113,2,9,1,17,2,03中山區,中山區民生東路1段23巷與林森北路口側附近口,0,0,3,2,C03,6,5,5,50,4,1,1,4,4,5,13,1,1,5,5,5,2,3,1,25,2,9,3,4,7,9,1,10,1,11,,108,,1,21,121.5255136,25.059074
113,2,9,1,17,2,03中山區,中山區民生東路1段23巷與林森北路口側附近口,0,0,3,3,H02,6,5,5,50,4,1,1,4,4,5,13,1,1,5,5,5,2,3,2,22,2,9,3,5,7,21,8,20,10,16,,67,,1,21,121.5255136,25.059074
113,2,9,2,50,2,03中山區,中山區林森北路與民生東路1段口,0,0,1,1,B02,6,5,5,50,4,1,1,4,4,5,13,1,1,5,5,5,2,16,2,33,3,10,7,1,7,5,1,8,1,4,,108,,1,21,121.5255298,25.05806515
113,2,9,2,50,2,03中山區,中山區林森北路與民生東路1段口,0,0,1,2,C03,6,5,5,50,4,1,1,4,4,5,13,1,1,5,5,5,2,16,1,37,2,8,6,1,7,14,1,10,1,11,,44,,1,21,121.5255298,25.05806515
113,2,9,6,1,2,05中正區,中正區三元街與南海路口,0,0,1,1,B03,6,5,5,50,4,1,1,4,4,5,13,1,1,5,4,5,2,17,1,49,3,10,7,1,7,5,1,8,1,8,,8,,1,21,121.5088099,25.0297158
113,2,9,6,1,2,05中正區,中正區三元街與南海路口,0,0,1,2,F01,6,5,5,50,4,1,1,4,4,5,13,1,1,5,4,5,2,17,2,53,2,9,4,1,7,9,8,20,1,12,,44,,1,21,121.5088099,25.0297158
113,2,9,8,2,2,10文山區,文山區木新路2段與木新路2段299巷口,0,0,1,1,B03,6,6,5,50,4,1,1,4,4,5,13,1,1,5,4,4,2,17,1,57,3,10,3,4,7,1,1,8,9,17,,19,,1,21,121.5652856,24.9827548
113,2,9,8,2,2,10文山區,文山區木新路2段與木新路2段299巷口,0,0,1,2,C03,6,6,5,50,4,1,1,4,4,5,13,1,1,5,4,4,2,17,1,60,2,9,3,1,7,9,1,10,2,14,,42,,1,21,121.5652856,24.9827548
113,2,9,9,58,2,02萬華區,萬華區萬大路與莒光路口,0,0,1,1,C03,7,6,5,50,4,1,1,4,4,5,13,2,1,9,4,5,2,17,2,51,3,10,3,1,7,8,7,19,11,17,,100,,2,22,121.5007156,25.0308104
113,2,9,9,58,2,02萬華區,萬華區萬大路與莒光路口,0,0,1,2,C03,7,6,5,50,4,1,1,4,4,5,13,2,1,9,4,5,2,17,1,31,2,9,6,1,7,9,1,10,1,17,,13,,1,22,121.5007156,25.0308104
113,2,9,10,8,2,07信義區,信義區虎林街132巷59號,0,0,1,1,B03,7,7,5,30,14,9,1,5,4,5,13,4,4,9,5,5,2,17,1,54,3,10,3,4,7,1,1,8,1,5,,19,,1,22,121.5745612,25.0403322
113,2,9,10,8,2,07信義區,信義區虎林街132巷59號,0,0,1,2,C03,7,7,5,30,14,9,1,5,4,5,13,4,4,9,5,5,2,17,1,39,2,9,3,4,7,15,1,10,1,11,,13,,1,21,121.5745612,25.0403322
113,2,9,11,7,2,01大同區,大同區承德路2段142號,0,0,1,1,B01,7,6,5,50,14,9,1,5,4,5,13,4,4,1,4,4,1,17,1,60,3,10,3,4,7,8,1,4,11,17,,100,,2,22,121.518099,25.0597087
113,2,9,11,7,2,01大同區,大同區承德路2段142號,0,0,1,2,C03,7,6,5,50,14,9,1,5,4,5,13,4,4,1,4,4,1,17,1,31,2,9,6,1,7,9,1,10,1,11,,42,,1,21,121.518099,25.0597087
113,2,9,11,55,2,06松山區,松山區松河街2號與松河街口,0,0,2,1,C03,8,5,5,40,3,1,1,5,4,5,12,4,4,9,4,5,2,17,2,60,2,9,6,1,7,5,1,10,1,12,,74,,1,21,121.5710369,25.05142445
113,2,9,11,55,2,06松山區,松山區松河街2號與松河街口,0,0,2,2,C03,8,5,5,40,3,1,1,5,4,5,12,4,4,9,4,5,2,17,1,24,2,8,6,1,7,9,1,10,1,11,,44,,1,21,121.5710369,25.05142445
113,2,9,11,59,2,11南港區,南港區舊莊街1段3巷與大坑街口,0,0,1,1,B03,6,7,5,50,4,1,1,4,4,5,13,1,1,5,4,5,2,16,1,22,3,10,3,4,7,5,1,8,2,2,,71,,1,21,121.61915,25.0431683
113,2,9,11,59,2,11南港區,南港區舊莊街1段3巷與大坑街口,0,0,1,2,C03,6,7,5,50,4,1,1,4,4,5,13,1,1,5,4,5,2,16,2,29,2,9,5,1,7,9,1,10,2,11,,44,,1,21,121.61915,25.0431683
113,2,9,12,1,2,08士林區,士林區忠誠路1段173巷與忠義街口,0,0,1,1,B02,7,5,5,30,4,1,1,5,4,5,13,3,1,4,5,5,1,15,1,53,3,10,7,1,7,9,1,8,1,1,,72,,1,21,121.5329377,25.1080306
113,2,9,12,1,2,08士林區,士林區忠誠路1段173巷與忠義街口,0,0,1,2,C03,7,5,5,30,4,1,1,5,4,5,13,3,1,4,5,5,1,15,1,60,2,9,5,1,7,9,1,10,1,12,,44,,1,21,121.5329377,25.1080306
113,2,9,12,1,2,08士林區,士林區忠誠路1段173巷與忠義街口,0,0,1,3,A02,7,5,5,30,4,1,1,5,4,5,13,3,1,4,5,5,1,15,1,66,3,10,7,1,7,9,1,2,1,1,,44,,1,21,121.5329377,25.1080306
113,2,9,12,26,2,09北投區,北投區三合街2段與清江路口,0,0,1,1,C03,8,6,5,30,3,1,1,5,4,5,13,4,4,10,5,5,2,16,2,68,2,9,5,1,7,5,1,10,1,12,,72,,1,21,121.5021159,25.1264893
113,2,9,12,26,2,09北投區,北投區三合街2段與清江路口,0,0,1,2,B12,8,6,5,30,3,1,1,5,4,5,13,4,4,10,5,5,2,16,1,43,3,10,7,1,7,9,1,8,1,8,,44,,1,21,121.5021159,25.1264893
113,2,9,13,49,2,10文山區,文山區羅斯福路5段211巷26弄與興隆路1段70巷口口,0,0,2,1,C03,7,6,5,30,5,1,1,4,4,5,13,4,4,10,5,5,2,15,1,30,2,9,2,1,7,9,1,10,1,11,,72,,1,21,121.5399101,25.0016211
113,2,9,13,49,2,10文山區,文山區羅斯福路5段211巷26弄與興隆路1段70巷口口,0,0,2,2,C03,7,6,5,30,5,1,1,4,4,5,13,4,4,10,5,5,2,15,1,42,2,7,5,1,7,9,1,9,1,14,,14,,1,21,121.5399101,25.0016211
113,2,9,13,53,2,12內湖區,內湖區五分街20號,0,0,1,1,C03,7,6,5,40,14,9,1,4,4,5,13,4,4,9,4,5,2,17,1,58,3,10,6,1,7,3,1,10,9,14,,18,,1,21,121.6139671,25.06746919
113,2,9,13,53,2,12內湖區,內湖區五分街20號,0,0,1,2,C03,7,6,5,40,14,9,1,4,4,5,13,4,4,9,4,5,2,17,2,60,2,8,6,1,7,14,1,10,9,15,,44,,1,21,121.6139671,25.06746919
113,2,9,14,8,2,05中正區,中正區仁愛路2段與金山南路1段口,0,0,1,1,B03,8,7,5,50,4,1,1,5,4,5,13,1,1,1,3,1,2,12,1,42,3,10,7,1,7,15,1,8,1,4,,100,,1,21,121.5283155,25.03811685
113,2,9,14,8,2,05中正區,中正區仁愛路2段與金山南路1段口,0,0,1,2,C03,8,7,5,50,4,1,1,5,4,5,13,1,1,1,3,1,2,12,2,37,2,9,6,1,7,9,1,10,1,12,,44,,1,21,121.5283155,25.03811685
113,2,9,14,15,2,04大安區,大安區和平東路2段與建國南路2段口,0,0,1,1,C03,7,6,5,50,14,9,1,5,4,5,13,4,4,1,4,5,2,18,1,65,2,9,6,4,7,9,1,10,1,17,,42,,1,22,121.5382765,25.0256632
113,2,9,14,15,2,04大安區,大安區和平東路2段與建國南路2段口,0,0,1,2,,7,6,5,50,14,9,1,5,4,5,13,4,4,1,4,5,2,18,3,0,,,,,,,,,,,,67,,1,,121.5382765,25.0256632
113,2,9,15,42,2,09北投區,北投區承德路7段與承德路7段401巷口,0,0,2,1,C04,7,7,5,60,3,2,1,5,4,5,13,4,4,1,4,5,2,13,2,46,2,9,5,1,7,9,1,11,2,11,,16,,1,22,121.500721,25.12000153
113,2,9,15,42,2,09北投區,北投區承德路7段與承德路7段401巷口,0,0,2,2,C03,7,7,5,60,3,2,1,5,4,5,13,4,4,1,4,5,2,13,2,47,2,9,5,1,7,9,1,10,2,13,,44,,1,22,121.500721,25.12000153
113,2,9,15,42,2,09北投區,北投區承德路7段與承德路7段401巷口,0,0,2,3,C03,7,7,5,60,3,2,1,5,4,5,13,4,4,1,4,5,2,13,1,70,3,10,5,1,7,9,1,10,9,17,,37,,2,21,121.500721,25.12000153
113,2,9,15,52,2,10文山區,文山區辛亥路4段與辛亥路4段252巷口,0,0,1,1,B03,6,6,5,50,3,2,1,4,4,5,13,4,4,1,4,5,2,17,1,40,3,10,7,1,7,14,1,8,2,2,,38,,1,21,121.5548068,25.0013505
113,2,9,15,52,2,10文山區,文山區辛亥路4段與辛亥路4段252巷口,0,0,1,2,C03,6,6,5,50,3,2,1,4,4,5,13,4,4,1,4,5,2,17,2,48,2,7,6,1,7,9,1,10,2,14,,44,,1,21,121.5548068,25.0013505
113,2,9,15,52,2,10文山區,文山區辛亥路4段與辛亥路4段252巷口,0,0,1,3,H02,6,6,5,50,3,2,1,4,4,5,13,4,4,1,4,5,2,17,2,67,3,10,7,5,7,19,8,20,10,16,,56,,1,21,121.5548068,25.0013505
113,2,9,15,53,2,03中山區,中山區大直橋與濱江街口,0,0,1,1,C01,7,7,5,50,4,1,1,5,4,5,13,1,1,1,4,5,2,16,1,27,3,10,5,1,7,6,1,9,1,13,,9,,1,22,121.5444016,25.0724272
113,2,9,15,53,2,03中山區,中山區大直橋與濱江街口,0,0,1,2,C03,7,7,5,50,4,1,1,5,4,5,13,1,1,1,4,5,2,16,2,36,2,9,5,1,7,9,1,10,1,14,,99,,1,22,121.5444016,25.0724272
113,2,9,15,55,2,01大同區,大同區南京西路與華亭街口,0,0,1,1,C02,7,6,5,50,3,1,1,5,4,5,13,4,4,4,4,5,2,3,1,37,3,10,3,4,7,9,1,9,2,11,,70,,1,21,121.5086116,25.0514671
113,2,9,15,55,2,01大同區,大同區南京西路與華亭街口,0,0,1,2,H01,7,6,5,50,3,1,1,5,4,5,13,4,4,4,4,5,2,3,2,80,2,9,4,5,8,16,8,20,10,16,,67,,1,21,121.5086116,25.0514671
113,2,9,17,18,2,12內湖區,內湖區內湖路1段411巷與環山路2段口,0,0,1,1,B03,8,5,5,50,14,9,1,5,4,5,13,2,1,5,4,5,2,16,1,62,3,10,7,1,7,11,1,8,2,4,,10,,1,21,121.5726562,25.0857596
113,2,9,17,18,2,12內湖區,內湖區內湖路1段411巷與環山路2段口,0,0,1,2,C03,8,5,5,50,14,9,1,5,4,5,13,2,1,5,4,5,2,16,1,48,2,9,6,1,7,9,1,10,2,11,,14,,1,21,121.5726562,25.0857596
113,2,9,17,30,2,12內湖區,內湖區行善路與行善路48巷口,0,0,1,1,C03,8,5,5,50,4,1,1,5,4,5,13,1,1,4,5,5,2,17,1,25,2,9,5,1,7,9,1,10,1,14,,107,,1,21,121.5755237,25.05653502
113,2,9,17,30,2,12內湖區,內湖區行善路與行善路48巷口,0,0,1,2,B01,8,5,5,50,4,1,1,5,4,5,13,1,1,4,5,5,2,17,1,70,3,10,7,1,7,5,1,8,9,2,,74,,1,21,121.5755237,25.05653502
113,2,9,18,8,2,08士林區,士林區堤外便道堤防便道口,0,0,1,1,B03,8,5,5,30,14,9,1,5,4,5,13,4,4,10,5,5,2,16,1,29,3,10,7,1,7,5,1,7,1,4,,80,,1,21,121.5026616,25.09399855
113,2,9,18,8,2,08士林區,士林區堤外便道堤防便道口,0,0,1,2,C03,8,5,5,30,14,9,1,5,4,5,13,4,4,10,5,5,2,16,1,36,2,9,6,1,7,9,1,10,1,11,,108,,1,21,121.5026616,25.09399855
113,2,9,18,51,2,07信義區,信義區吳興街260巷與吳興街260巷21弄口,0,0,1,1,B02,8,5,5,30,3,18,1,5,4,5,13,4,4,10,5,5,2,3,2,46,3,10,7,1,7,5,1,2,1,4,,14,,1,21,121.5629981,25.02596735
113,2,9,18,51,2,07信義區,信義區吳興街260巷與吳興街260巷21弄口,0,0,1,2,H01,8,5,5,30,3,18,1,5,4,5,13,4,4,10,5,5,2,3,2,76,2,1,4,5,8,16,8,20,1,16,,67,,1,21,121.5629981,25.02596735
113,2,9,22,11,2,07信義區,信義區市民大道5段與東興路附近口,0,0,1,1,C03,8,5,5,50,14,9,1,5,4,5,13,1,1,1,4,5,2,13,1,31,2,8,5,1,7,12,1,10,1,11,,108,,1,21,121.5664717,25.0480276
113,2,9,22,11,2,07信義區,信義區市民大道5段與東興路附近口,0,0,1,2,B03,8,5,5,50,14,9,1,5,4,5,13,1,1,1,4,5,2,13,1,29,3,10,7,1,7,14,1,8,1,6,,44,,1,21,121.5664717,25.0480276
113,2,9,22,20,2,08士林區,士林區基河路15號前,0,0,1,1,B03,8,5,5,50,14,9,1,5,4,5,13,4,4,9,4,5,1,12,1,34,3,10,7,1,7,11,1,8,1,4,,11,,1,21,121.5244218,25.08695859
113,2,9,22,20,2,08士林區,士林區基河路15號前,0,0,1,2,C02,8,5,5,50,14,9,1,5,4,5,13,4,4,9,4,5,1,12,1,37,2,9,5,1,7,9,1,9,1,11,,14,,1,21,121.5244218,25.08695859
113,2,9,22,20,2,08士林區,士林區基河路15號前,0,0,1,3,C03,8,5,5,50,14,9,1,5,4,5,13,4,4,9,4,5,1,12,1,20,4,11,3,1,7,13,1,10,11,15,,44,,1,21,121.5244218,25.08695859
113,2,9,22,20,2,08士林區,士林區基河路15號前,0,0,1,4,C03,8,5,5,50,14,9,1,5,4,5,13,4,4,9,4,5,1,12,2,24,4,11,3,1,7,13,1,10,11,15,,44,,1,21,121.5244218,25.08695859
113,2,9,22,36,2,10文山區,文山區景文街與羅斯福路6段401巷口,0,0,2,1,H01,8,5,5,50,3,1,1,5,4,5,13,4,4,5,5,4,1,3,2,74,2,9,4,5,8,16,8,20,10,16,,121,,1,21,121.541348,24.9917743
113,2,9,22,36,2,10文山區,文山區景文街與羅斯福路6段401巷口,0,0,2,2,C03,8,5,5,50,3,1,1,5,4,5,13,4,4,5,5,4,1,3,1,32,2,7,6,1,7,9,1,10,1,11,,108,,1,21,121.541348,24.9917743
113,2,9,22,52,2,05中正區,中正區南海路42號,0,0,1,1,C03,8,5,5,30,14,9,2,5,4,5,13,4,4,10,4,5,1,13,1,66,2,8,5,1,7,9,1,8,2,11,,16,,1,21,121.5157372,25.032204
113,2,9,22,52,2,05中正區,中正區南海路42號,0,0,1,2,B03,8,5,5,30,14,9,2,5,4,5,13,4,4,10,4,5,1,13,1,40,3,10,7,1,7,9,1,8,2,3,,44,,1,21,121.5157372,25.032204
113,2,10,1,47,2,02萬華區,萬華區康定路260號,0,0,1,1,C03,8,5,6,50,14,7,1,5,4,5,13,4,4,8,1,5,2,13,1,19,2,9,5,1,7,9,1,10,2,11,,44,,1,22,121.5014442,25.0371563
113,2,10,1,47,2,02萬華區,萬華區康定路260號,0,0,1,2,C02,8,5,6,50,14,7,1,5,4,5,13,4,4,8,1,5,2,13,1,36,3,10,6,1,7,14,1,9,2,13,,44,,1,22,121.5014442,25.0371563
113,2,10,1,47,2,02萬華區,萬華區康定路260號,0,0,1,3,B01,8,5,6,50,14,7,1,5,4,5,13,4,4,8,1,5,2,13,1,46,3,10,7,1,7,9,1,4,2,1,,108,,1,22,121.5014442,25.0371563
113,2,10,7,3,2,09北投區,北投區知行路關渡河濱038燈桿,0,0,1,1,C03,8,7,5,50,14,9,1,5,4,5,13,4,4,9,5,5,1,13,1,45,2,9,6,1,7,9,1,10,1,11,,16,,1,22,121.4625718,25.12030339
113,2,10,7,3,2,09北投區,北投區知行路關渡河濱038燈桿,0,0,1,2,B03,8,7,5,50,14,9,1,5,4,5,13,4,4,9,5,5,1,13,1,41,3,10,7,1,7,9,1,8,1,7,,44,,1,22,121.4625718,25.12030339
113,2,10,9,6,2,11南港區,南港區忠孝東路6段與忠孝東路6段403巷口,0,0,3,1,C03,8,6,5,30,4,1,1,5,4,5,13,4,4,10,5,5,2,16,1,22,2,8,5,1,7,9,1,10,1,12,,72,,1,21,121.5926027,25.0504182
113,2,10,9,6,2,11南港區,南港區忠孝東路6段與忠孝東路6段403巷口,0,0,3,2,C03,8,6,5,30,4,1,1,5,4,5,13,4,4,10,5,5,2,16,2,57,2,8,5,1,7,9,1,10,1,11,,108,,1,21,121.5926027,25.0504182
113,2,10,9,6,2,11南港區,南港區忠孝東路6段與忠孝東路6段403巷口,0,0,3,3,H02,8,6,5,30,4,1,1,5,4,5,13,4,4,10,5,5,2,16,2,34,2,8,5,5,7,21,8,20,10,16,,67,,1,21,121.5926027,25.0504182
113,2,10,9,46,2,08士林區,士林區至誠路2段22號,0,0,2,1,C03,7,7,5,50,11,9,1,5,4,5,13,4,4,9,5,5,1,17,2,28,2,8,6,1,7,1,1,10,1,11,,19,,1,21,121.5296964,25.1021665
113,2,10,9,46,2,08士林區,士林區至誠路2段22號,0,0,2,2,B03,7,7,5,50,11,9,1,5,4,5,13,4,4,9,5,5,1,17,1,45,3,10,7,1,7,9,1,8,1,4,,44,,1,21,121.5296964,25.1021665
113,2,10,9,46,2,08士林區,士林區至誠路2段22號,0,0,2,3,H02,7,7,5,50,11,9,1,5,4,5,13,4,4,9,5,5,1,17,2,58,2,9,6,5,7,20,8,20,10,16,,67,,1,21,121.5296964,25.1021665
113,2,10,11,35,2,06松山區,松山區民生東路5段與民生東路5段36巷口,0,0,1,1,C03,7,5,5,50,3,1,2,5,4,5,13,2,1,9,4,5,2,17,1,45,2,8,6,1,7,5,1,10,1,13,,71,,1,21,121.5570685,25.0584423
113,2,10,11,35,2,06松山區,松山區民生東路5段與民生東路5段36巷口,0,0,1,2,C03,7,5,5,50,3,1,2,5,4,5,13,2,1,9,4,5,2,17,2,21,3,10,6,1,7,9,1,10,1,11,,16,,1,21,121.5570685,25.0584423
113,2,10,11,42,2,01大同區,大同區哈密街59巷與哈密街59巷56弄口,0,0,1,1,B03,8,6,5,30,4,1,1,5,4,5,13,4,4,10,4,5,1,16,1,67,3,10,3,4,7,5,1,8,1,8,,8,,1,21,121.5157475,25.0753657
113,2,10,11,42,2,01大同區,大同區哈密街59巷與哈密街59巷56弄口,0,0,1,2,C03,8,6,5,30,4,1,1,5,4,5,13,4,4,10,4,5,1,16,1,72,2,9,3,4,7,9,1,10,1,12,,14,,1,21,121.5157475,25.0753657
113,2,10,11,52,2,04大安區,大安區復興南路2段與瑞安街口附近,0,0,1,1,C03,7,6,5,50,14,7,1,5,4,5,13,4,4,1,4,4,2,13,1,62,2,9,6,4,7,21,1,10,2,11,,108,,1,22,121.5436272,25.0296184
113,2,10,11,52,2,04大安區,大安區復興南路2段與瑞安街口附近,0,0,1,2,B03,7,6,5,50,14,7,1,5,4,5,13,4,4,1,4,4,2,13,1,53,3,10,3,4,7,14,1,8,2,3,,44,,1,22,121.5436272,25.0296184
113,2,10,12,11,2,04大安區,大安區和平東路2段與建國南路2段口,0,0,1,1,B03,8,6,5,40,5,1,1,5,4,5,13,1,1,10,3,5,2,17,2,61,3,10,7,1,7,6,1,8,1,5,,85,,1,21,121.5374045,25.025806
113,2,10,12,11,2,04大安區,大安區和平東路2段與建國南路2段口,0,0,1,2,C03,8,6,5,40,5,1,1,5,4,5,13,1,1,10,3,5,2,17,2,45,2,9,5,1,7,9,1,10,1,14,,44,,1,21,121.5374045,25.025806
113,2,10,12,23,2,08士林區,士林區平菁街平菁幹99號電桿,0,0,1,1,C03,8,6,5,30,14,9,1,5,4,5,13,4,4,10,5,5,1,13,1,72,2,7,3,4,7,9,1,10,1,14,,16,,1,21,121.5737137,25.12230466
113,2,10,12,23,2,08士林區,士林區平菁街平菁幹99號電桿,0,0,1,2,B03,8,6,5,30,14,9,1,5,4,5,13,4,4,10,5,5,1,13,1,20,3,10,3,4,7,9,1,8,1,6,,44,,1,21,121.5737137,25.12230466
113,2,10,13,10,2,06松山區,松山區八德路4段746號對面,0,0,1,1,B03,8,6,5,50,14,9,1,5,4,5,13,4,4,9,4,5,1,17,1,42,3,10,7,1,7,7,1,8,1,17,,100,,1,21,121.5781928,25.05008107
113,2,10,13,10,2,06松山區,松山區八德路4段746號對面,0,0,1,2,C03,8,6,5,50,14,9,1,5,4,5,13,4,4,9,4,5,1,17,1,48,2,9,6,1,7,9,1,10,1,17,,44,,1,21,121.5781928,25.05008107
113,2,10,13,13,2,02萬華區,萬華區環河南路2段35巷與桂林路151巷口,0,0,3,1,C03,7,6,5,30,3,1,1,5,4,5,13,4,4,10,5,5,2,17,1,46,2,7,6,1,7,13,1,10,1,11,,44,,1,22,121.4982913,25.0389465
113,2,10,13,13,2,02萬華區,萬華區環河南路2段35巷與桂林路151巷口,0,0,3,2,C03,7,6,5,30,3,1,1,5,4,5,13,4,4,10,5,5,2,17,1,43,2,9,6,1,7,9,1,10,1,11,,14,,1,22,121.4982913,25.0389465
113,2,10,13,13,2,02萬華區,萬華區環河南路2段35巷與桂林路151巷口,0,0,3,3,H02,7,6,5,30,3,1,1,5,4,5,13,4,4,10,5,5,2,17,2,43,2,9,6,5,7,20,8,20,10,16,,67,,1,22,121.4982913,25.0389465
113,2,10,13,13,2,02萬華區,萬華區環河南路2段35巷與桂林路151巷口,0,0,3,4,B03,7,6,5,30,3,1,1,5,4,5,13,4,4,10,5,5,2,17,3,0,,,,,,,,,10,,,67,,1,,121.4982913,25.0389465
113,2,10,13,40,2,12內湖區,內湖區內湖路3段路燈0301964附近,0,0,3,1,B02,8,6,5,30,11,9,1,5,4,5,13,4,4,10,5,5,2,17,1,38,2,9,7,1,7,15,1,8,1,8,,5,,1,21,121.575027,25.09666449
113,2,10,13,40,2,12內湖區,內湖區內湖路3段路燈0301964附近,0,0,3,2,B03,8,6,5,30,11,9,1,5,4,5,13,4,4,10,5,5,2,17,1,41,2,8,7,1,7,15,1,8,1,1,,13,,1,21,121.575027,25.09666449
113,2,10,13,40,2,12內湖區,內湖區內湖路3段路燈0301964附近,0,0,3,3,H02,8,6,5,30,11,9,1,5,4,5,13,4,4,10,5,5,2,17,2,8,2,2,7,5,7,20,8,20,10,16,,67,,1,21,121.575027,25.09666449
113,2,10,13,40,2,11南港區,南港區大坑街與研究院路2段口,0,0,1,1,B02,7,7,5,50,4,1,1,5,4,5,13,2,1,5,5,5,2,16,1,13,3,10,7,1,7,5,2,18,1,5,,83,,1,15,121.6179125,25.04536725
113,2,10,13,40,2,11南港區,南港區大坑街與研究院路2段口,0,0,1,2,C03,7,7,5,50,4,1,1,5,4,5,13,2,1,5,5,5,2,16,2,23,2,9,5,1,7,9,1,10,1,13,,44,,1,22,121.6179125,25.04536725
113,2,10,14,6,2,07信義區,信義區大道路125號,0,0,1,1,B01,7,7,5,50,14,9,1,5,4,5,13,4,4,9,5,5,2,9,1,58,3,10,3,4,7,14,1,8,1,6,5,38,,1,21,121.5832144,25.039172
113,2,10,14,6,2,07信義區,信義區大道路125號,0,0,1,2,H02,7,7,5,50,14,9,1,5,4,5,13,4,4,9,5,5,2,9,2,56,3,10,4,5,7,19,8,20,10,16,,126,,1,21,121.5832144,25.039172
113,2,10,14,6,2,07信義區,信義區大道路125號,0,0,1,3,C03,7,7,5,50,14,9,1,5,4,5,13,4,4,9,5,5,2,9,1,48,2,9,5,4,7,9,1,10,1,11,12,44,,1,21,121.5832144,25.039172
113,2,10,14,6,2,07信義區,信義區大道路125號,0,0,1,4,C03,7,7,5,50,14,9,1,5,4,5,13,4,4,9,5,5,2,9,3,0,,,,,,,,,,,,67,,1,,121.5832144,25.039172
113,2,10,14,6,2,07信義區,信義區大道路125號,0,0,1,5,C04,7,7,5,50,14,9,1,5,4,5,13,4,4,9,5,5,2,9,3,0,,,,,,,,,,,,67,,1,,121.5832144,25.039172