發生年度,發生月,發生日,發生時-Hours,發生分,處理別-編號,區序,肇事地點,死亡人數,2-30日死亡人數,受傷人數,當事人序號,車種,天候,道路照明設備,道路類別,速限-速度限制,道路型態,事故位置,路面狀況1,路面狀況2,路面狀況3,道路障礙1,道路障礙2,號誌1,號誌2,車道劃分-分向,車道劃分-分道1,車道劃分-分道2,車道劃分-分道3,事故類型及型態,性別,年齡,受傷程度,主要傷處,保護裝置,行動電話,車輛用途,當事者行動狀態,駕駛資格情形,駕駛執照種類,飲酒情形,車輛撞擊部位1,車輛撞擊部位2,肇因碼-個別,肇因碼-主要,個人肇逃否,職業,座標-X,座標-Y
113,2,10,14,6,2,07信義區,信義區大道路125號,0,0,1,6,C04,7,7,5,50,14,9,1,5,4,5,13,4,4,9,5,5,2,9,3,0,,,,,,,,,,,,67,,1,,121.5832144,25.039172
113,2,10,14,6,2,07信義區,信義區大道路125號,0,0,1,7,C03,7,7,5,50,14,9,1,5,4,5,13,4,4,9,5,5,2,9,3,0,,,,,,,,,,,,67,,1,,121.5832144,25.039172
113,2,10,14,20,2,01大同區,大同區台北橋機慢車道往北市,0,0,1,1,C03,8,6,7,40,14,11,1,5,4,5,13,4,4,9,4,5,2,17,1,44,4,11,6,1,7,9,6,10,11,15,,44,,2,22,121.5110164,25.0628504
113,2,10,14,20,2,01大同區,大同區台北橋機慢車道往北市,0,0,1,2,C03,8,6,7,40,14,11,1,5,4,5,13,4,4,9,4,5,2,17,1,22,2,9,6,1,7,9,1,10,1,14,,44,,1,21,121.5110164,25.0628504
113,2,10,14,44,2,09北投區,北投區承德路7段與立農街1段口,0,0,2,1,B03,8,6,5,30,3,2,1,5,4,5,13,4,4,8,3,5,2,13,1,77,3,10,7,1,7,6,1,8,1,1,,16,,1,22,121.5025921,25.11866001
113,2,10,14,44,2,09北投區,北投區承德路7段與立農街1段口,0,0,2,2,C03,8,6,5,30,3,2,1,5,4,5,13,4,4,8,3,5,2,13,2,34,2,9,6,1,7,6,1,10,1,13,,44,,1,22,121.5025921,25.11866001
113,2,10,14,44,2,09北投區,北投區承德路7段與立農街1段口,0,0,2,3,H02,8,6,5,30,3,2,1,5,4,5,13,4,4,8,3,5,2,13,2,4,2,7,6,5,7,21,8,20,10,16,,67,,1,22,121.5025921,25.11866001
113,2,10,15,30,2,10文山區,文山區新光路2段(0707699燈桿),0,0,2,1,B03,8,6,5,50,14,9,2,5,4,5,13,4,4,9,5,5,2,17,2,48,3,10,3,4,7,5,1,8,1,7,,101,,1,21,121.598677,25.00220471
113,2,10,15,30,2,10文山區,文山區新光路2段(0707699燈桿),0,0,2,2,C03,8,6,5,50,14,9,2,5,4,5,13,4,4,9,5,5,2,17,1,48,2,8,5,4,7,9,1,10,1,12,,108,,1,21,121.598677,25.00220471
113,2,10,15,30,2,10文山區,文山區新光路2段(0707699燈桿),0,0,2,3,H02,8,6,5,50,14,9,2,5,4,5,13,4,4,9,5,5,2,17,1,10,2,8,5,5,7,17,8,20,10,16,,67,,1,21,121.598677,25.00220471
113,2,10,15,49,2,07信義區,信義區福德街218號,0,0,2,1,B03,8,6,5,30,14,9,1,5,4,5,13,4,4,5,5,5,2,9,2,22,3,10,7,1,7,14,1,8,1,2,,38,,1,21,121.5845013,25.0384234
113,2,10,15,49,2,07信義區,信義區福德街218號,0,0,2,2,H02,8,6,5,30,14,9,1,5,4,5,13,4,4,5,5,5,2,9,1,62,3,10,7,5,7,19,8,20,10,16,,40,,1,21,121.5845013,25.0384234
113,2,10,15,49,2,07信義區,信義區福德街218號,0,0,2,3,C03,8,6,5,30,14,9,1,5,4,5,13,4,4,5,5,5,2,9,1,69,2,7,6,1,7,9,1,10,1,14,,44,,1,21,121.5845013,25.0384234
113,2,10,15,49,2,07信義區,信義區福德街218號,0,0,2,4,H02,8,6,5,30,14,9,1,5,4,5,13,4,4,5,5,5,2,9,2,66,2,8,6,5,7,20,8,20,10,16,,67,,1,21,121.5845013,25.0384234
113,2,10,15,53,2,02萬華區,萬華區堤外便道北往南往方向(編號DSR265牌面前),0,0,1,1,B03,7,6,6,40,14,9,1,5,4,5,13,4,4,10,5,5,1,17,1,41,3,10,7,1,7,1,1,8,1,4,,19,,1,21,121.4917338,25.0363659
113,2,10,15,53,2,02萬華區,萬華區堤外便道北往南往方向(編號DSR265牌面前),0,0,1,2,C03,7,6,6,40,14,9,1,5,4,5,13,4,4,10,5,5,1,17,1,72,2,8,5,1,7,9,1,10,1,12,,44,,1,21,121.4917338,25.0363659
113,2,10,16,11,2,07信義區,信義區松智路40號,0,0,1,1,B03,7,7,5,50,14,9,1,5,4,5,13,1,1,9,5,5,2,13,1,26,3,10,3,4,7,9,1,8,1,5,,108,,1,21,121.5649978,25.0292131
113,2,10,16,11,2,07信義區,信義區松智路40號,0,0,1,2,C04,7,7,5,50,14,9,1,5,4,5,13,1,1,9,5,5,2,13,1,33,3,10,5,4,7,14,1,10,1,14,,44,,1,21,121.5649978,25.0292131
113,2,10,16,11,2,07信義區,信義區松智路40號,0,0,1,3,H02,7,7,5,50,14,9,1,5,4,5,13,1,1,9,5,5,2,13,2,33,2,8,5,5,7,20,8,20,10,16,,67,,1,21,121.5649978,25.0292131
113,2,10,16,47,2,05中正區,中正區衡陽路與桃源街口,0,0,1,1,B03,8,6,5,50,3,1,1,5,4,5,13,4,4,5,4,5,2,15,1,23,3,10,7,1,7,11,1,8,2,8,,44,,1,21,121.5104788,25.0421765
113,2,10,16,47,2,05中正區,中正區衡陽路與桃源街口,0,0,1,2,C03,8,6,5,50,3,1,1,5,4,5,13,4,4,5,4,5,2,15,1,39,2,9,6,1,7,9,1,10,2,11,,44,,1,21,121.5104788,25.0421765
113,2,10,18,18,2,02萬華區,萬華區西園路2段與西藏路口,0,0,3,1,B03,8,5,5,50,4,1,1,5,4,5,13,1,1,8,3,5,1,17,1,56,3,10,7,1,7,5,1,8,1,2,,71,,1,21,121.4955815,25.0287481
113,2,10,18,18,2,02萬華區,萬華區西園路2段與西藏路口,0,0,3,2,C03,8,5,5,50,4,1,1,5,4,5,13,1,1,8,3,5,1,17,1,71,2,9,5,1,7,9,1,10,1,11,,13,,1,21,121.4955815,25.0287481
113,2,10,18,18,2,02萬華區,萬華區西園路2段與西藏路口,0,0,3,3,C03,8,5,5,50,4,1,1,5,4,5,13,1,1,8,3,5,1,17,2,29,2,9,5,1,7,12,1,10,1,17,,108,,1,21,121.4955815,25.0287481
113,2,10,18,18,2,02萬華區,萬華區西園路2段與西藏路口,0,0,3,4,H02,8,5,5,50,4,1,1,5,4,5,13,1,1,8,3,5,1,17,2,46,2,1,7,5,7,21,8,20,10,16,,67,,1,21,121.4955815,25.0287481
113,2,10,18,20,2,12內湖區,內湖區行善路與行愛路口,0,0,1,1,B03,8,5,8,50,4,1,1,5,4,5,13,1,1,1,3,4,1,16,1,34,3,10,3,4,7,5,1,8,1,6,,71,,1,22,121.5826703,25.0606306
113,2,10,18,20,2,12內湖區,內湖區行善路與行愛路口,0,0,1,2,C03,8,5,8,50,4,1,1,5,4,5,13,1,1,1,3,4,1,16,1,35,2,9,3,4,7,9,1,10,1,11,,13,,1,22,121.5826703,25.0606306
113,2,10,18,45,2,01大同區,大同區鄭州路143巷與長安西路口口,0,0,1,1,B03,8,5,5,30,3,1,1,5,4,5,13,4,4,8,3,5,2,16,1,41,3,10,7,1,7,5,1,8,1,4,,74,,1,21,121.5100175,25.05198572
113,2,10,18,45,2,01大同區,大同區鄭州路143巷與長安西路口口,0,0,1,2,C03,8,5,5,30,3,1,1,5,4,5,13,4,4,8,3,5,2,16,1,17,2,9,5,1,7,9,2,18,1,15,,14,,1,21,121.5100175,25.05198572
113,2,10,19,19,2,01大同區,大同區重慶北路3段與重慶北路3段120巷口,0,0,2,1,B03,7,5,5,50,4,18,1,5,4,5,13,2,1,1,4,5,2,3,1,44,3,10,3,4,7,5,1,8,2,1,,70,,1,22,121.513662,25.0671836
113,2,10,19,19,2,01大同區,大同區重慶北路3段與重慶北路3段120巷口,0,0,2,2,H01,7,5,5,50,4,18,1,5,4,5,13,2,1,1,4,5,2,3,1,36,2,9,4,5,8,16,8,20,10,16,,67,,1,22,121.513662,25.0671836
113,2,10,19,19,2,01大同區,大同區重慶北路3段與重慶北路3段120巷口,0,0,2,3,H01,7,5,5,50,4,18,1,5,4,5,13,2,1,1,4,5,2,3,1,35,2,7,4,5,8,16,8,20,10,16,,67,,1,22,121.513662,25.0671836
113,2,10,19,54,2,04大安區,大安區仁愛路4段與敦化南路1段口,0,0,1,1,B01,7,5,5,50,18,9,1,5,4,5,13,2,1,1,4,5,1,17,1,56,2,9,3,4,7,8,1,4,2,2,,44,,1,22,121.5490268,25.0372998
113,2,10,19,54,2,04大安區,大安區仁愛路4段與敦化南路1段口,0,0,1,2,B03,7,5,5,50,18,9,1,5,4,5,13,2,1,1,4,5,1,17,1,26,3,10,3,4,7,9,1,14,2,1,,44,,1,22,121.5490268,25.0372998
113,2,10,20,48,2,12內湖區,內湖區民權東路6段與舊宗路1段口,0,0,1,1,B03,8,5,5,50,4,1,1,5,4,5,13,1,1,5,4,5,2,17,4,38,,,,,,,,,11,,,81,,2,,121.574987,25.0655547
113,2,10,20,48,2,12內湖區,內湖區民權東路6段與舊宗路1段口,0,0,1,2,B03,8,5,5,50,4,1,1,5,4,5,13,1,1,5,4,5,2,17,1,33,2,1,7,1,7,9,1,8,9,17,,44,,1,21,121.574987,25.0655547
113,2,10,21,5,2,05中正區,中正區永福橋(往新北市方向),0,0,1,1,B03,8,5,5,30,8,17,1,5,4,5,13,4,4,5,2,5,1,17,1,31,3,10,7,1,7,10,1,8,2,4,,100,,1,21,121.5282591,25.0117448
113,2,10,21,5,2,05中正區,中正區永福橋(往新北市方向),0,0,1,2,C03,8,5,5,30,8,17,1,5,4,5,13,4,4,5,2,5,1,17,1,40,2,9,5,1,7,9,1,10,2,12,,44,,1,21,121.5282591,25.0117448
113,2,10,22,3,2,06松山區,松山區南京東路4段133巷與南京東路4段133巷4弄口,0,0,1,1,C03,7,5,5,30,4,1,1,5,4,5,13,4,4,8,3,5,2,15,1,36,2,9,6,1,7,9,1,10,1,11,,75,,1,21,121.5551049,25.05221076
113,2,10,22,3,2,06松山區,松山區南京東路4段133巷與南京東路4段133巷4弄口,0,0,1,2,B03,7,5,5,30,4,1,1,5,4,5,13,4,4,8,3,5,2,15,1,68,3,10,3,4,7,9,1,8,1,8,,44,,1,21,121.5551049,25.05221076
113,2,10,23,3,2,03中山區,中山區大直橋與濱江街口,0,0,1,1,C03,7,5,5,50,4,2,1,5,4,5,13,1,1,1,3,5,1,13,1,37,2,9,5,1,7,9,1,10,1,11,,108,,1,21,121.5441958,25.07234927
113,2,10,23,3,2,03中山區,中山區大直橋與濱江街口,0,0,1,2,C03,7,5,5,50,4,2,1,5,4,5,13,1,1,1,3,5,1,13,1,29,3,10,6,1,7,14,1,10,1,13,,44,,1,21,121.5441958,25.07234927
113,2,10,23,3,2,03中山區,中山區大直橋與濱江街口,0,0,1,3,,7,5,5,50,4,2,1,5,4,5,13,1,1,1,3,5,1,13,3,0,,,,,,,,,,,,67,,1,,121.5441958,25.07234927
113,2,10,23,10,2,03中山區,中山區中山北路3段(0101523燈桿),0,0,1,1,C03,8,6,5,50,14,9,1,5,4,5,13,4,4,5,4,1,2,13,1,35,2,9,6,1,7,9,1,10,1,11,,108,,1,21,121.5228778,25.069075
113,2,10,23,10,2,03中山區,中山區中山北路3段(0101523燈桿),0,0,1,2,B03,8,6,5,50,14,9,1,5,4,5,13,4,4,5,4,1,2,13,1,28,3,10,3,4,7,13,1,8,9,7,,38,,1,21,121.5228778,25.069075
113,2,11,0,15,2,12內湖區,內湖區內湖路1段與內湖路1段91巷口,0,0,2,1,C03,8,5,5,50,4,1,1,5,4,5,13,2,1,1,4,5,2,16,1,28,2,9,6,4,7,5,1,10,2,12,,8,,1,21,121.5612273,25.08459269
113,2,11,0,15,2,12內湖區,內湖區內湖路1段與內湖路1段91巷口,0,0,2,2,C02,8,5,5,50,4,1,1,5,4,5,13,2,1,1,4,5,2,16,1,20,2,7,6,4,7,9,3,18,2,11,,13,,1,21,121.5612273,25.08459269
113,2,11,10,28,2,08士林區,士林區延平北路8段2巷55弄與延平北路8段2巷口,0,0,3,1,C03,8,6,5,30,4,1,1,5,4,5,13,4,4,10,5,5,1,15,1,37,2,9,6,1,7,9,1,10,1,12,,80,,1,21,121.4868846,25.1055451
113,2,11,10,28,2,08士林區,士林區延平北路8段2巷55弄與延平北路8段2巷口,0,0,3,2,C03,8,6,5,30,4,1,1,5,4,5,13,4,4,10,5,5,1,15,1,55,2,9,6,1,7,9,1,10,1,14,,108,,1,21,121.4868846,25.1055451
113,2,11,10,28,2,08士林區,士林區延平北路8段2巷55弄與延平北路8段2巷口,0,0,3,3,H02,8,6,5,30,4,1,1,5,4,5,13,4,4,10,5,5,1,15,2,32,2,9,6,5,7,17,8,20,10,16,,67,,1,21,121.4868846,25.1055451
113,2,11,10,29,2,06松山區,松山區東興路與東興路15巷口,0,0,1,1,B01,7,6,5,50,4,2,1,5,4,5,13,2,1,5,4,5,2,17,1,56,3,10,7,1,7,15,1,4,1,17,,100,,1,22,121.5653516,25.0501855
113,2,11,10,29,2,06松山區,松山區東興路與東興路15巷口,0,0,1,2,C03,7,6,5,50,4,2,1,5,4,5,13,2,1,5,4,5,2,17,1,26,2,9,6,1,7,12,1,10,1,17,,13,,1,22,121.5653516,25.0501855
113,2,11,10,46,2,03中山區,中山區民權東路2段92巷與松江路362巷口,0,0,1,1,C03,8,5,5,30,4,1,1,5,4,5,13,4,4,9,5,5,2,15,1,36,2,9,6,1,7,9,1,10,1,11,,13,,1,21,121.531729,25.06197183
113,2,11,10,46,2,03中山區,中山區民權東路2段92巷與松江路362巷口,0,0,1,2,C03,8,5,5,30,4,1,1,5,4,5,13,4,4,9,5,5,2,15,1,32,3,10,6,4,7,9,1,10,1,13,,72,,1,21,121.531729,25.06197183
113,2,11,10,52,2,06松山區,松山區光復北路11巷81號,0,0,1,1,B03,8,6,5,50,14,9,1,5,4,5,13,4,4,8,5,5,2,17,1,55,3,10,7,1,7,5,1,4,1,5,,101,,1,22,121.5614231,25.0501941
113,2,11,10,52,2,06松山區,松山區光復北路11巷81號,0,0,1,2,C03,8,6,5,50,14,9,1,5,4,5,13,4,4,8,5,5,2,17,1,55,2,9,6,1,7,9,1,10,1,11,,13,,1,22,121.5614231,25.0501941
113,2,11,11,15,2,11南港區,南港區八德路4段與成美橋口,0,0,2,1,C03,8,7,5,50,5,2,1,5,4,5,13,1,1,5,4,5,2,17,1,48,2,9,5,1,7,6,1,10,1,14,,9,,1,21,121.5824986,25.051508
113,2,11,11,15,2,11南港區,南港區八德路4段與成美橋口,0,0,2,2,C03,8,7,5,50,5,2,1,5,4,5,13,1,1,5,4,5,2,17,2,27,2,9,5,1,7,5,1,10,1,14,,17,,1,21,121.5824986,25.051508
113,2,11,11,18,2,09北投區,北投區致遠一路2段129巷與致遠一路2段口,0,0,2,1,C03,8,7,5,50,3,1,1,5,4,5,13,4,4,9,5,5,2,16,1,19,2,8,6,1,7,11,1,10,2,11,,74,,1,21,121.5124201,25.1137139
113,2,11,11,18,2,09北投區,北投區致遠一路2段129巷與致遠一路2段口,0,0,2,2,C03,8,7,5,50,3,1,1,5,4,5,13,4,4,9,5,5,2,16,2,48,2,8,5,1,7,9,1,10,2,11,,44,,1,21,121.5124201,25.1137139
113,2,11,11,28,2,07信義區,信義區祥雲街11號,0,0,1,1,B03,8,5,5,50,14,9,1,5,4,5,13,4,4,10,5,5,2,17,1,75,3,10,2,1,7,14,1,8,1,4,,40,,1,21,121.5740865,25.0190871
113,2,11,11,28,2,07信義區,信義區祥雲街11號,0,0,1,2,C03,8,5,5,50,14,9,1,5,4,5,13,4,4,10,5,5,2,17,1,45,2,9,5,1,7,9,1,10,1,11,,44,,1,21,121.5740865,25.0190871
113,2,11,12,5,2,09北投區,北投區立功街82號,0,0,1,1,B03,8,6,5,50,14,9,1,5,4,5,13,1,1,9,4,5,2,13,1,37,3,10,7,1,7,6,1,8,1,2,,108,,1,21,121.4699843,25.125936
113,2,11,12,5,2,09北投區,北投區立功街82號,0,0,1,2,C03,8,6,5,50,14,9,1,5,4,5,13,1,1,9,4,5,2,13,1,59,2,7,5,1,7,6,1,10,1,14,,44,,1,21,121.4699843,25.125936
113,2,11,12,29,2,02萬華區,萬華區和平西路3段與康定路口,0,0,1,1,C03,7,7,5,50,4,1,1,5,4,5,13,1,1,1,1,4,2,15,1,60,2,9,5,1,7,9,3,18,1,11,,4,,1,21,121.5011307,25.035178
113,2,11,12,29,2,02萬華區,萬華區和平西路3段與康定路口,0,0,1,2,B03,7,7,5,50,4,1,1,5,4,5,13,1,1,1,1,4,2,15,1,40,3,10,7,1,7,9,1,8,1,4,,44,,1,21,121.5011307,25.035178
113,2,11,12,50,2,08士林區,士林區延平北路5段與延平北路5段136巷口,0,0,1,1,B03,8,6,5,30,3,19,1,5,4,5,13,1,1,1,4,5,2,3,1,60,3,10,7,1,7,5,1,4,2,1,,70,,1,22,121.510286,25.0820166
113,2,11,12,50,2,08士林區,士林區延平北路5段與延平北路5段136巷口,0,0,1,2,H01,8,6,5,30,3,19,1,5,4,5,13,1,1,1,4,5,2,3,1,83,2,7,4,5,8,16,8,20,10,16,,123,,1,22,121.510286,25.0820166
113,2,11,14,33,2,12內湖區,內湖區環山路3段與環山路3段30巷口,0,0,1,1,B03,8,6,5,50,3,1,1,5,4,5,13,4,4,5,4,5,2,17,1,58,3,10,7,1,7,11,1,8,1,17,,80,,2,21,121.5800823,25.08471601
113,2,11,14,33,2,12內湖區,內湖區環山路3段與環山路3段30巷口,0,0,1,2,C03,8,6,5,50,3,1,1,5,4,5,13,4,4,5,4,5,2,17,1,41,2,9,5,1,7,9,1,10,1,17,,44,,1,21,121.5800823,25.08471601
113,2,11,15,3,2,01大同區,大同區延平北路2段與民生西路口,0,0,1,1,B03,8,5,5,50,4,2,2,5,4,5,13,4,4,9,4,5,2,12,1,54,3,10,7,1,7,1,1,8,2,4,,19,,1,22,121.511557,25.0567456
113,2,11,15,3,2,01大同區,大同區延平北路2段與民生西路口,0,0,1,2,C03,8,5,5,50,4,2,2,5,4,5,13,4,4,9,4,5,2,12,2,28,2,9,5,1,7,9,1,10,2,12,,108,,1,22,121.511557,25.0567456
113,2,11,15,20,2,10文山區,文山區木柵路2段109巷2-1號,0,0,1,1,C03,7,6,5,30,11,9,1,5,4,5,13,4,4,10,5,5,2,13,1,36,2,9,6,1,7,9,1,10,2,11,,108,,1,21,121.5617553,24.9890676
113,2,11,15,20,2,10文山區,文山區木柵路2段109巷2-1號,0,0,1,2,B01,7,6,5,30,11,9,1,5,4,5,13,4,4,10,5,5,2,13,1,70,3,10,7,1,7,15,1,8,2,3,,14,,1,21,121.5617553,24.9890676
113,2,11,16,5,2,11南港區,南港區舊莊街1段91巷與大坑街口,0,0,1,1,B03,8,6,5,30,4,1,1,5,4,5,12,4,4,5,2,5,2,17,1,21,3,10,3,4,7,6,1,8,2,8,,14,,1,21,121.6171357,25.0423051
113,2,11,16,5,2,11南港區,南港區舊莊街1段91巷與大坑街口,0,0,1,2,C03,8,6,5,30,4,1,1,5,4,5,12,4,4,5,2,5,2,17,1,38,2,9,3,4,7,9,1,10,2,11,,108,,1,21,121.6171357,25.0423051
113,2,11,16,26,2,03中山區,中山區民權東路3段與建國北路3段口,0,0,1,1,C04,8,7,5,50,4,2,1,5,4,5,13,2,2,1,4,5,2,13,1,39,2,8,5,4,7,9,1,10,1,12,,16,,1,21,121.5373535,25.0624837
113,2,11,16,26,2,03中山區,中山區民權東路3段與建國北路3段口,0,0,1,2,C03,8,7,5,50,4,2,1,5,4,5,13,2,2,1,4,5,2,13,1,34,3,10,6,4,7,14,1,10,1,13,,44,,1,21,121.5373535,25.0624837
113,2,11,17,52,2,03中山區,中山區農安街與中山北路3段口,0,0,1,1,C03,8,5,5,50,4,2,1,5,4,5,13,2,1,3,4,5,2,18,1,40,2,9,3,4,7,10,1,10,2,12,,108,,1,21,121.5223467,25.0652561
113,2,11,17,52,2,03中山區,中山區農安街與中山北路3段口,0,0,1,2,,8,5,5,50,4,2,1,5,4,5,13,2,1,3,4,5,2,18,3,0,,,,,,,,,,,,67,,1,,121.5223467,25.0652561
113,2,11,17,52,2,03中山區,中山區農安街與中山北路3段口,0,0,1,3,A04,8,5,5,50,4,2,1,5,4,5,13,2,1,3,4,5,2,18,1,59,3,10,3,4,7,7,1,2,2,17,,44,,1,21,121.5223467,25.0652561
113,2,11,18,10,2,03中山區,中山區新生北路2段131-2號與錦州街口,0,0,2,1,C03,8,5,5,50,4,2,1,5,4,5,13,4,4,1,4,5,2,16,2,33,2,9,6,1,7,9,1,10,1,12,,13,,1,21,121.5278236,25.06061573
113,2,11,18,10,2,03中山區,中山區新生北路2段131-2號與錦州街口,0,0,2,2,C03,8,5,5,50,4,2,1,5,4,5,13,4,4,1,4,5,2,16,1,37,2,9,6,1,7,6,1,10,1,14,,72,,1,21,121.5278236,25.06061573
113,2,11,18,10,2,03中山區,中山區南京西路與中山北路1段口,0,0,2,3,B03,8,5,5,50,4,1,1,5,4,5,13,1,1,3,4,5,2,17,1,28,3,10,7,1,7,14,1,8,1,7,,44,,1,21,121.5223354,25.05218839
113,2,11,18,10,2,03中山區,中山區南京西路與中山北路1段口,0,0,2,1,C03,8,5,5,50,4,1,1,5,4,5,13,1,1,3,4,5,2,17,1,45,2,8,6,1,7,9,1,10,1,11,14,16,,1,21,121.5223354,25.05218839
113,2,11,18,10,2,03中山區,中山區南京西路與中山北路1段口,0,0,2,2,C03,8,5,5,50,4,1,1,5,4,5,13,1,1,3,4,5,2,17,2,44,2,8,6,1,7,14,1,10,1,13,12,44,,1,21,121.5223354,25.05218839
113,2,11,18,10,2,09北投區,北投區大度路043燈桿,0,0,1,1,C03,7,5,5,50,14,12,1,5,4,5,13,4,4,1,4,1,1,13,2,26,2,9,5,1,7,9,1,10,1,11,,16,,1,21,121.480366,25.12239337
113,2,11,18,10,2,09北投區,北投區大度路043燈桿,0,0,1,2,C03,7,5,5,50,14,12,1,5,4,5,13,4,4,1,4,1,1,13,1,59,3,10,5,1,7,9,1,10,1,13,,44,,1,21,121.480366,25.12239337
113,2,11,18,19,2,08士林區,士林區前港街與前港街68巷口,0,0,1,1,B03,7,5,5,30,4,2,1,5,4,5,13,4,4,10,5,5,2,17,1,49,3,10,7,1,7,8,1,8,1,5,,100,,1,21,121.5203505,25.08490643
113,2,11,18,19,2,08士林區,士林區前港街與前港街68巷口,0,0,1,2,C02,7,5,5,30,4,2,1,5,4,5,13,4,4,10,5,5,2,17,1,42,3,10,5,1,7,6,1,9,1,14,,80,,1,21,121.5203505,25.08490643
113,2,11,18,19,2,08士林區,士林區前港街與前港街68巷口,0,0,1,3,H02,7,5,5,30,4,2,1,5,4,5,13,4,4,10,5,5,2,17,2,39,2,7,5,5,7,20,8,20,10,16,,67,,1,21,121.5203505,25.08490643
113,2,11,19,18,2,08士林區,士林區百齡橋與承德路5段口引道往社子方向,0,0,2,1,B03,8,5,5,50,5,2,1,5,4,5,13,4,4,1,4,5,1,12,1,66,3,10,7,1,7,7,1,8,2,4,,73,,1,22,121.5150714,25.0902599
113,2,11,19,18,2,08士林區,士林區百齡橋與承德路5段口引道往社子方向,0,0,2,2,C03,8,5,5,50,5,2,1,5,4,5,13,4,4,1,4,5,1,12,1,64,2,9,5,1,7,9,1,10,2,11,,44,,1,22,121.5150714,25.0902599
113,2,11,19,18,2,08士林區,士林區百齡橋與承德路5段口引道往社子方向,0,0,2,3,H02,8,5,5,50,5,2,1,5,4,5,13,4,4,1,4,5,1,12,2,61,2,9,5,5,7,21,8,20,10,16,,67,,1,22,121.5150714,25.0902599
113,2,11,20,25,2,05中正區,中正區中華路1段3號,0,0,1,1,B01,7,5,5,50,14,9,1,5,4,5,13,4,4,1,2,5,2,17,1,50,3,10,7,1,7,9,1,4,2,5,,44,,1,21,121.5100558,25.0475073
113,2,11,20,25,2,05中正區,中正區中華路1段3號,0,0,1,2,B03,7,5,5,50,14,9,1,5,4,5,13,4,4,1,2,5,2,17,1,40,3,10,7,1,7,7,1,8,2,7,,44,,1,22,121.5100558,25.0475073
113,2,11,20,25,2,05中正區,中正區中華路1段3號,0,0,1,3,B03,7,5,5,50,14,9,1,5,4,5,13,4,4,1,2,5,2,17,1,40,3,10,7,1,7,9,1,8,2,15,,44,,1,22,121.5100558,25.0475073
113,2,11,20,25,2,05中正區,中正區中華路1段3號,0,0,1,4,H02,7,5,5,50,14,9,1,5,4,5,13,4,4,1,2,5,2,17,1,9,2,1,7,5,7,17,8,20,10,16,,67,,1,14,121.5100558,25.0475073
113,2,11,21,3,2,10文山區,文山區指南路2段與萬壽路口,0,0,1,1,C03,8,5,5,40,3,1,1,5,4,5,13,3,1,5,5,5,2,16,1,76,3,10,6,1,7,5,1,10,1,14,,118,,1,21,121.5756715,24.9876575
113,2,11,21,3,2,10文山區,文山區指南路2段與萬壽路口,0,0,1,2,C03,8,5,5,40,3,1,1,5,4,5,13,3,1,5,5,5,2,16,1,41,2,8,6,1,7,9,1,10,1,14,,118,,1,21,121.5756715,24.9876575
113,2,11,21,35,2,08士林區,士林區承德路4段與福港街口,0,0,1,1,B03,8,5,5,50,4,1,1,5,4,5,13,2,1,1,4,4,1,17,1,20,3,10,7,1,7,11,1,8,1,6,,10,,1,21,121.5183935,25.08996013
113,2,11,21,35,2,08士林區,士林區承德路4段與福港街口,0,0,1,2,C01,8,5,5,50,4,1,1,5,4,5,13,2,1,1,4,4,1,17,1,61,2,9,5,1,7,9,1,9,1,11,,13,,1,21,121.5183935,25.08996013
113,2,11,21,38,2,12內湖區,內湖區內湖路2段與文德路101巷口,0,0,3,1,C03,8,5,5,50,4,1,1,5,4,5,13,1,1,8,3,5,1,16,1,28,2,9,6,1,7,13,1,10,2,12,,38,,1,21,121.5828443,25.07978038
113,2,11,21,38,2,12內湖區,內湖區內湖路2段與文德路101巷口,0,0,3,2,C03,8,5,5,50,4,1,1,5,4,5,13,1,1,8,3,5,1,16,1,18,2,9,6,1,7,9,1,10,2,11,,87,,1,21,121.5828443,25.07978038
113,2,11,21,38,2,12內湖區,內湖區內湖路2段與文德路101巷口,0,0,3,3,H02,8,5,5,50,4,1,1,5,4,5,13,1,1,8,3,5,1,16,2,19,2,7,6,5,7,20,8,20,10,16,,67,,1,21,121.5828443,25.07978038
113,2,11,21,44,2,05中正區,中正區中山南路與愛國西路口,0,0,1,1,B02,7,5,5,50,4,1,1,5,4,5,13,1,1,10,4,5,2,17,1,34,3,10,7,4,7,5,1,15,2,17,,98,,1,22,121.5164361,25.03502099
113,2,11,21,44,2,05中正區,中正區中山南路與愛國西路口,0,0,1,2,C03,7,5,5,50,4,1,1,5,4,5,13,1,1,10,4,5,2,17,1,33,2,9,6,4,7,9,1,10,2,17,,44,,1,22,121.5164361,25.03502099
113,2,11,22,13,2,02萬華區,萬華區華江橋機車道往台北市（燈桿001033）,0,0,2,1,C03,8,5,7,40,11,11,1,5,4,5,13,4,4,10,5,5,1,13,1,35,2,9,3,4,7,9,1,10,1,11,,16,,1,22,121.489173,25.0349361
113,2,11,22,13,2,02萬華區,萬華區華江橋機車道往台北市（燈桿001033）,0,0,2,2,F01,8,5,7,40,11,11,1,5,4,5,13,4,4,10,5,5,1,13,1,46,2,9,3,4,7,9,8,20,1,13,,44,,1,22,121.489173,25.0349361