發生年度,發生月,發生日,發生時-Hours,發生分,處理別-編號,區序,肇事地點,死亡人數,2-30日死亡人數,受傷人數,當事人序號,車種,天候,道路照明設備,道路類別,速限-速度限制,道路型態,事故位置,路面狀況1,路面狀況2,路面狀況3,道路障礙1,道路障礙2,號誌1,號誌2,車道劃分-分向,車道劃分-分道1,車道劃分-分道2,車道劃分-分道3,事故類型及型態,性別,年齡,受傷程度,主要傷處,保護裝置,行動電話,車輛用途,當事者行動狀態,駕駛資格情形,駕駛執照種類,飲酒情形,車輛撞擊部位1,車輛撞擊部位2,肇因碼-個別,肇因碼-主要,個人肇逃否,職業,座標-X,座標-Y
113,2,11,22,13,2,02萬華區,萬華區華江橋機車道往台北市（燈桿001033）,0,0,2,3,,8,5,7,40,11,11,1,5,4,5,13,4,4,10,5,5,1,13,4,0,4,11,3,4,7,4,7,19,9,15,,119,,2,22,121.489173,25.0349361
113,2,11,22,45,2,02萬華區,萬華區和平西路3段與環河南路2段口,0,0,1,1,B03,7,5,5,50,4,1,1,5,4,5,13,2,1,1,4,5,2,12,1,42,3,10,7,1,7,10,1,8,1,2,,101,,1,21,121.4943638,25.0355052
113,2,11,22,45,2,02萬華區,萬華區和平西路3段與環河南路2段口,0,0,1,2,C03,7,5,5,50,4,1,1,5,4,5,13,2,1,1,4,5,2,12,1,61,2,9,6,1,7,9,1,10,1,14,,87,,1,21,121.4943638,25.0355052
113,2,11,22,45,2,02萬華區,萬華區和平西路3段與環河南路2段口,0,0,1,3,B01,7,5,5,50,4,1,1,5,4,5,13,2,1,1,4,5,2,12,1,68,3,10,7,1,7,12,1,4,9,17,,14,,1,21,121.4943638,25.0355052
113,2,11,23,40,2,08士林區,士林區中山北路6段與忠誠路1段口,0,0,1,1,B03,8,5,5,50,4,2,1,5,4,5,13,1,1,10,4,5,1,17,1,36,3,10,7,1,7,15,1,8,2,1,,107,,1,22,121.5249574,25.103695
113,2,11,23,40,2,08士林區,士林區中山北路6段與忠誠路1段口,0,0,1,2,C03,8,5,5,50,4,2,1,5,4,5,13,1,1,10,4,5,1,17,1,43,2,8,6,1,7,15,1,10,2,13,,44,,1,21,121.5249574,25.103695
113,2,12,0,10,2,02萬華區,萬華區西園路2段與東園街口,0,0,2,2,C03,7,5,5,50,3,1,1,5,4,5,13,2,1,1,4,5,2,17,2,51,2,9,6,1,7,9,1,10,1,12,,44,,1,21,121.4952087,25.0282414
113,2,12,0,10,2,02萬華區,萬華區西園路2段與東園街口,0,0,2,1,C03,7,5,5,50,3,1,1,5,4,5,13,2,1,1,4,5,2,17,1,67,2,7,6,1,7,9,1,10,1,11,,81,,1,21,121.4952087,25.0282414
113,2,12,0,40,2,10文山區,文山區興隆路4段109巷94號,0,0,1,1,B03,8,5,5,50,14,9,1,5,4,5,13,3,1,5,5,5,1,16,1,27,3,10,7,4,7,11,1,8,1,4,,80,,1,21,121.5636274,24.9868545
113,2,12,0,40,2,10文山區,文山區興隆路4段109巷94號,0,0,1,2,C03,8,5,5,50,14,9,1,5,4,5,13,3,1,5,5,5,1,16,1,17,2,8,6,4,7,9,2,18,1,11,,44,,1,21,121.5636274,24.9868545
113,2,12,0,52,2,05中正區,中正區中山南路與愛國西路口,0,0,2,1,C03,7,5,5,50,4,1,1,5,4,5,13,1,1,1,4,5,2,12,1,19,2,9,6,1,7,9,1,10,2,14,,17,,1,22,121.5164899,25.0349918
113,2,12,0,52,2,05中正區,中正區中山南路與愛國西路口,0,0,2,2,C03,7,5,5,50,4,1,1,5,4,5,13,1,1,1,4,5,2,12,2,18,2,9,6,1,7,9,1,10,2,12,,17,,1,22,121.5164899,25.0349918
113,2,12,6,48,2,01大同區,大同區延平北路3段與民權西路口口,0,0,2,1,C03,8,6,5,50,4,1,1,5,4,5,13,2,1,1,5,5,2,15,1,64,2,9,6,1,7,9,1,10,2,11,,81,,1,21,121.511301,25.0629943
113,2,12,6,48,2,01大同區,大同區延平北路3段與民權西路口口,0,0,2,2,C03,8,6,5,50,4,1,1,5,4,5,13,2,1,1,5,5,2,15,2,27,2,9,6,1,7,9,1,10,2,11,,44,,1,21,121.511301,25.0629943
113,2,12,8,35,2,03中山區,中山區民族東路與松江路口,0,0,1,1,B03,8,5,5,50,4,1,1,5,4,5,13,1,1,1,4,5,2,16,1,67,3,10,3,4,7,6,1,8,1,5,,98,,1,21,121.5330857,25.06816273
113,2,12,8,35,2,03中山區,中山區民族東路與松江路口,0,0,1,2,C03,8,5,5,50,4,1,1,5,4,5,13,1,1,1,4,5,2,16,1,31,2,9,5,1,7,9,1,10,1,14,,13,,1,22,121.5330857,25.06816273
113,2,12,9,20,2,08士林區,士林區承德路5段與士商路口,0,0,1,1,B03,8,6,5,60,4,1,1,5,4,5,13,1,1,1,4,5,2,17,1,28,3,10,7,1,7,6,1,8,2,5,,9,,1,22,121.514225,25.0959998
113,2,12,9,20,2,08士林區,士林區承德路5段與士商路口,0,0,1,2,C03,8,6,5,60,4,1,1,5,4,5,13,1,1,1,4,5,2,17,1,21,2,9,6,1,7,9,1,10,2,14,,13,,1,22,121.514225,25.0959998
113,2,12,10,6,2,07信義區,信義區基隆路2段11號,0,0,1,2,C03,8,6,5,50,14,9,1,5,4,5,13,4,4,1,4,5,2,12,1,66,2,9,6,1,7,9,1,10,1,14,,44,,1,22,121.5593315,25.0324581
113,2,12,10,6,2,07信義區,信義區基隆路2段11號,0,0,1,1,B03,8,6,5,50,14,9,1,5,4,5,13,4,4,1,4,5,2,12,1,39,3,10,7,1,7,7,1,8,1,5,,100,,1,22,121.5593315,25.0324581
113,2,12,11,11,2,10文山區,文山區萬樂街與萬和街口,0,0,1,1,C03,8,6,5,40,3,1,1,5,4,5,13,4,4,5,5,5,2,16,1,55,2,7,5,1,7,5,6,18,1,11,,72,,1,21,121.5690418,24.99943364
113,2,12,11,11,2,10文山區,文山區萬樂街與萬和街口,0,0,1,2,B03,8,6,5,40,3,1,1,5,4,5,13,4,4,5,5,5,2,16,1,51,3,10,7,1,7,9,1,8,1,5,,108,,1,21,121.5690418,24.99943364
113,2,12,11,12,2,05中正區,中正區中華路1段與衡陽路口,0,0,1,1,C03,8,7,5,50,4,2,1,5,4,5,13,2,1,1,4,1,1,12,1,19,2,9,6,1,7,9,3,18,2,11,,16,,1,22,121.508528,25.0423387
113,2,12,11,12,2,05中正區,中正區中華路1段與衡陽路口,0,0,1,2,C03,8,7,5,50,4,2,1,5,4,5,13,2,1,1,4,1,1,12,1,42,4,11,3,4,7,9,1,10,11,13,,44,,2,22,121.508528,25.0423387
113,2,12,12,30,2,08士林區,士林區承德路4段與中正路口,0,0,1,1,B03,8,6,5,50,4,2,1,5,4,5,13,4,4,3,3,5,1,12,2,74,3,10,7,1,7,8,1,6,2,5,,100,,1,21,121.5166731,25.0913255
113,2,12,12,30,2,08士林區,士林區承德路4段與中正路口,0,0,1,2,C01,8,6,5,50,4,2,1,5,4,5,13,4,4,3,3,5,1,12,1,25,2,8,5,1,7,9,1,10,2,14,,13,,1,21,121.5166731,25.0913255
113,2,12,12,30,2,09北投區,北投區三合街1段與三合街1段117巷口,0,0,1,1,C03,8,6,5,30,4,1,1,5,4,5,13,3,1,9,4,5,1,15,2,58,2,9,5,1,7,9,1,10,1,11,,84,,1,21,121.5041664,25.12677198
113,2,12,12,30,2,09北投區,北投區三合街1段與三合街1段117巷口,0,0,1,2,B03,8,6,5,30,4,1,1,5,4,5,13,3,1,9,4,5,1,15,1,61,3,10,7,1,7,9,1,8,1,4,,44,,1,21,121.5041664,25.12677198
113,2,12,12,31,2,03中山區,中山區天津街56號,0,0,1,1,B01,8,6,5,50,14,9,1,5,4,5,13,4,4,8,5,5,1,12,1,56,3,10,3,4,7,9,1,4,1,5,,44,,1,21,121.5230483,25.05029353
113,2,12,12,31,2,03中山區,中山區天津街56號,0,0,1,2,C03,8,6,5,50,14,9,1,5,4,5,13,4,4,8,5,5,1,12,1,24,2,8,3,4,7,7,1,10,1,14,,100,,1,21,121.5230483,25.05029353
113,2,12,13,5,2,01大同區,大同區鄭州路與塔城街口,0,0,2,1,C03,8,5,5,40,5,1,1,5,4,5,13,2,1,1,4,1,2,12,1,23,2,1,5,1,7,9,1,10,2,14,,44,,1,22,121.5104874,25.0503001
113,2,12,13,5,2,01大同區,大同區鄭州路與塔城街口,0,0,2,2,C03,8,5,5,40,5,1,1,5,4,5,13,2,1,1,4,1,2,12,1,64,2,9,5,1,7,8,1,10,2,12,,100,,1,22,121.5104874,25.0503001
113,2,12,13,10,2,05中正區,中正區市民大道3段與新生北路1段口,0,0,1,1,B03,7,7,5,40,14,9,1,5,4,5,13,4,4,1,4,1,2,17,2,62,3,10,7,1,7,7,1,8,2,4,,100,,1,21,121.5330435,25.04501574
113,2,12,13,10,2,05中正區,中正區市民大道3段與新生北路1段口,0,0,1,2,C03,7,7,5,40,14,9,1,5,4,5,13,4,4,1,4,1,2,17,1,31,2,9,5,1,7,8,1,10,2,11,,13,,1,21,121.5330435,25.04501574
113,2,12,13,20,2,08士林區,士林區仰德大道1段與仰德大道1段口上山路段1106013號路燈桿處,0,0,3,1,C02,8,7,5,40,11,9,1,5,4,5,13,4,4,9,4,5,1,17,1,50,2,7,5,1,7,5,1,9,2,11,,8,,1,21,121.536465,25.10846445
113,2,12,13,20,2,08士林區,士林區仰德大道1段與仰德大道1段口上山路段1106013號路燈桿處,0,0,3,2,C03,8,7,5,40,11,9,1,5,4,5,13,4,4,9,4,5,1,17,1,21,2,9,5,1,7,6,1,10,2,14,,13,,1,21,121.536465,25.10846445
113,2,12,13,20,2,08士林區,士林區仰德大道1段與仰德大道1段口上山路段1106013號路燈桿處,0,0,3,3,C03,8,7,5,40,11,9,1,5,4,5,13,4,4,9,4,5,1,17,2,21,2,9,5,1,7,5,1,10,2,11,,44,,1,21,121.536465,25.10846445
113,2,12,13,50,2,02萬華區,萬華區貴陽街2段與昆明街口,0,0,3,1,C03,8,5,5,50,4,1,1,5,4,5,13,1,1,5,4,5,2,17,1,61,3,10,5,4,7,5,1,10,2,14,,8,,1,21,121.5040628,25.03976916
113,2,12,13,50,2,02萬華區,萬華區貴陽街2段與昆明街口,0,0,3,2,C03,8,5,5,50,4,1,1,5,4,5,13,1,1,5,4,5,2,17,2,30,2,8,5,4,7,9,1,9,2,11,,44,,1,21,121.5040628,25.03976916
113,2,12,13,50,2,02萬華區,萬華區貴陽街2段與昆明街口,0,0,3,3,H02,8,5,5,50,4,1,1,5,4,5,13,1,1,5,4,5,2,17,2,63,2,8,5,5,7,20,8,20,10,16,,67,,1,21,121.5040628,25.03976916
113,2,12,13,50,2,02萬華區,萬華區貴陽街2段與昆明街口,0,0,3,4,H02,8,5,5,50,4,1,1,5,4,5,13,1,1,5,4,5,2,17,2,29,2,8,5,5,7,20,8,20,10,16,,67,,1,21,121.5040628,25.03976916
113,2,12,14,42,2,07信義區,信義區信安街132號,0,0,1,1,H01,8,7,5,50,14,9,1,5,4,5,13,4,4,5,4,5,2,3,2,81,2,1,4,5,8,16,8,20,10,16,,121,,1,22,121.5558236,25.024269
113,2,12,14,42,2,07信義區,信義區信安街132號,0,0,1,2,C03,8,7,5,50,14,9,1,5,4,5,13,4,4,5,4,5,2,3,1,63,3,10,3,4,7,9,1,10,2,11,,108,,1,22,121.5558236,25.024269
113,2,12,14,53,2,09北投區,北投區大度路(燈桿1208633)往淡水,0,0,2,1,C03,8,6,5,50,14,12,1,5,4,5,13,4,4,9,4,4,1,13,1,19,2,9,5,1,7,9,1,10,1,11,,118,,1,21,121.4692654,25.1203856
113,2,12,14,53,2,09北投區,北投區大度路(燈桿1208633)往淡水,0,0,2,2,C03,8,6,5,50,14,12,1,5,4,5,13,4,4,9,4,4,1,13,2,59,2,9,5,1,7,9,1,10,1,13,,118,,1,21,121.4692654,25.1203856
113,2,12,15,18,2,01大同區,大同區西寧北路與南京西路239巷口,0,0,2,1,B01,8,6,5,30,14,9,1,5,4,5,13,4,4,9,4,5,2,16,1,67,3,10,7,4,7,6,6,4,1,1,,80,,1,21,121.5087936,25.0538774
113,2,12,15,18,2,01大同區,大同區西寧北路與南京西路239巷口,0,0,2,2,C03,8,6,5,30,14,9,1,5,4,5,13,4,4,9,4,5,2,16,1,37,2,9,6,4,7,9,1,10,1,11,,14,,1,21,121.5087936,25.0538774
113,2,12,15,18,2,01大同區,大同區西寧北路與南京西路239巷口,0,0,2,3,H02,8,6,5,30,14,9,1,5,4,5,13,4,4,9,4,5,2,16,2,35,2,9,6,5,7,20,8,20,10,16,,67,,1,21,121.5087936,25.0538774
113,2,12,15,41,2,07信義區,信義區永吉路278巷58弄與永吉路278巷口,0,0,1,1,B02,8,7,5,30,4,1,1,5,4,5,13,4,4,9,4,5,2,15,1,51,3,10,7,1,7,9,1,8,4,1,,72,,1,21,121.5741357,25.0434393
113,2,12,15,41,2,07信義區,信義區永吉路278巷58弄與永吉路278巷口,0,0,1,2,C03,8,7,5,30,4,1,1,5,4,5,13,4,4,9,4,5,2,15,1,22,2,9,5,1,7,9,1,10,2,14,,13,,1,21,121.5741357,25.0434393
113,2,12,15,41,2,07信義區,信義區永吉路278巷58弄與永吉路278巷口,0,0,1,3,C03,8,7,5,30,4,1,1,5,4,5,13,4,4,9,4,5,2,15,3,0,,,,,,,,,,,,67,,1,,121.5741357,25.0434393
113,2,12,15,41,2,07信義區,信義區永吉路278巷58弄與永吉路278巷口,0,0,1,4,C03,8,7,5,30,4,1,1,5,4,5,13,4,4,9,4,5,2,15,3,0,,,,,,,,,,,,67,,1,,121.5741357,25.0434393
113,2,12,15,43,2,02萬華區,萬華區西園路2段140巷與雙園街67巷口,0,0,1,1,H01,8,7,5,30,5,1,1,5,4,5,13,4,4,10,5,5,1,3,2,74,2,9,4,5,8,16,8,20,10,16,,67,,1,21,121.4952595,25.0312888
113,2,12,15,43,2,02萬華區,萬華區西園路2段140巷與雙園街67巷口,0,0,1,2,C03,8,7,5,30,5,1,1,5,4,5,13,4,4,10,5,5,1,3,4,0,,,,,,,,,,,,119,,2,,121.4952595,25.0312888
113,2,12,16,10,2,08士林區,士林區中山北路5段公車劍潭站牌,0,0,1,1,C03,7,5,5,50,14,9,1,5,4,5,13,4,4,1,4,5,2,13,1,22,2,9,5,1,7,9,1,10,1,11,,16,,1,21,121.5248726,25.0819232
113,2,12,16,10,2,08士林區,士林區中山北路5段公車劍潭站牌,0,0,1,2,B02,7,5,5,50,14,9,1,5,4,5,13,4,4,1,4,5,2,13,1,58,3,10,7,1,7,9,1,8,1,3,,44,,1,21,121.5248726,25.0819232
113,2,12,17,50,2,12內湖區,內湖區新湖一路與新湖二路口,0,0,2,1,B03,8,5,5,40,4,1,1,5,4,5,13,4,4,5,4,5,2,15,1,25,2,9,7,1,7,9,1,8,2,7,,108,,1,21,121.5846783,25.0650208
113,2,12,17,50,2,12內湖區,內湖區新湖一路與新湖二路口,0,0,2,2,B02,8,5,5,40,4,1,1,5,4,5,13,4,4,5,4,5,2,15,1,27,2,7,7,1,7,9,1,8,2,1,,72,,1,21,121.5846783,25.0650208
113,2,12,18,48,2,04大安區,大安區辛亥路3段與芳蘭路口口,0,0,1,1,B12,8,5,5,50,4,1,1,5,4,5,13,2,1,3,4,5,2,12,1,46,3,10,7,1,7,9,1,8,2,2,,108,,1,22,121.5489066,25.0168624
113,2,12,18,48,2,04大安區,大安區辛亥路3段與芳蘭路口口,0,0,1,2,C03,8,5,5,50,4,1,1,5,4,5,13,2,1,3,4,5,2,12,1,61,2,9,5,1,7,9,1,10,2,13,,44,,1,22,121.5489066,25.0168624
113,2,12,20,26,2,10文山區,文山區木柵路4段電燈桿102號,0,0,1,1,C03,8,6,5,50,14,9,1,5,4,5,13,4,4,4,4,5,2,13,1,36,2,9,6,2,7,9,1,10,2,11,12,108,,1,21,121.5783237,25.00057126
113,2,12,20,26,2,10文山區,文山區木柵路4段電燈桿102號,0,0,1,2,B03,8,6,5,50,14,9,1,5,4,5,13,4,4,4,4,5,2,13,1,39,4,11,3,4,7,13,1,8,9,3,,44,,1,21,121.5783237,25.00057126
113,2,12,22,0,2,03中山區,中山區明水路447號,0,0,1,1,C03,8,5,5,50,14,9,1,5,4,5,13,4,4,1,4,5,2,17,1,36,2,9,6,4,7,15,6,11,2,14,,108,,1,21,121.5502666,25.0773891
113,2,12,22,0,2,03中山區,中山區明水路447號,0,0,1,4,B03,8,5,5,50,14,9,1,5,4,5,13,4,4,1,4,5,2,17,1,37,3,10,3,4,7,13,1,8,9,7,,44,,1,21,121.5502666,25.0773891
113,2,12,22,0,2,03中山區,中山區明水路447號,0,0,1,2,B03,8,5,5,50,14,9,1,5,4,5,13,4,4,1,4,5,2,17,1,29,3,10,3,4,7,13,1,8,9,4,,44,,1,21,121.5502666,25.0773891
113,2,12,22,0,2,03中山區,中山區明水路447號,0,0,1,3,B03,8,5,5,50,14,9,1,5,4,5,13,4,4,1,4,5,2,17,1,52,3,10,3,4,7,13,1,8,9,4,,44,,1,21,121.5502666,25.0773891
113,2,12,22,4,2,08士林區,士林區基河路與大南路口,0,0,1,2,C03,8,5,5,50,4,2,1,5,4,5,13,2,1,10,4,5,1,17,2,23,2,9,6,1,7,9,1,10,2,11,,16,,1,22,121.5227093,25.0899167
113,2,12,22,4,2,08士林區,士林區基河路與大南路口,0,0,1,1,B03,8,5,5,50,4,2,1,5,4,5,13,2,1,10,4,5,1,17,1,52,3,10,7,1,7,11,1,8,2,6,,92,,1,22,121.5227093,25.0899167
113,2,12,22,14,2,01大同區,大同區承德路1段與長安西路口,0,0,1,1,B01,7,5,5,50,4,1,1,5,4,5,13,2,1,1,4,5,2,17,1,66,3,10,7,4,7,5,1,4,2,17,,71,,1,21,121.5170743,25.050852
113,2,12,22,14,2,01大同區,大同區承德路1段與長安西路口,0,0,1,2,C03,7,5,5,50,4,1,1,5,4,5,13,2,1,1,4,5,2,17,1,19,2,9,5,4,7,9,1,10,2,14,,44,,1,21,121.5170743,25.050852
113,2,12,23,41,2,04大安區,大安區忠孝東路3段與建國南路1段口,0,0,1,1,B01,8,5,5,50,4,1,1,5,4,5,13,2,1,1,4,5,2,16,1,69,3,10,7,1,7,6,1,4,1,2,,9,,1,21,121.5374397,25.0415486
113,2,12,23,41,2,04大安區,大安區忠孝東路3段與建國南路1段口,0,0,1,2,C03,8,5,5,50,4,1,1,5,4,5,13,2,1,1,4,5,2,16,1,18,2,8,5,1,7,9,1,10,1,11,,13,,1,21,121.5374397,25.0415486
113,2,13,2,11,2,05中正區,中正區仁愛路2段48號與仁愛路2段口,0,0,1,1,B03,8,5,5,50,5,2,1,5,4,5,13,2,1,1,2,5,2,9,1,32,3,10,7,1,7,5,1,8,1,1,1,70,,1,21,121.5282309,25.03805828
113,2,13,2,11,2,05中正區,中正區仁愛路2段48號與仁愛路2段口,0,0,1,2,H01,8,5,5,50,5,2,1,5,4,5,13,2,1,1,2,5,2,9,2,35,2,9,4,5,8,16,8,20,1,16,16,53,,1,21,121.5282309,25.03805828
113,2,13,3,40,2,05中正區,中正區中華路1段39號,0,0,1,1,B03,8,5,5,50,14,9,1,5,4,5,13,1,1,10,4,5,2,16,1,68,3,10,7,1,7,5,1,8,2,8,,8,,1,22,121.5093039,25.0451878
113,2,13,3,40,2,05中正區,中正區中華路1段39號,0,0,1,2,C04,8,5,5,50,14,9,1,5,4,5,13,1,1,10,4,5,2,16,2,22,2,9,6,1,7,9,1,10,2,12,,44,,1,26,121.5093039,25.0451878
113,2,13,6,58,2,05中正區,中正區和平西路1段與泉州街口,0,0,1,1,B01,8,7,5,50,5,1,1,5,4,5,13,1,1,1,4,4,2,16,1,25,3,10,7,4,7,5,1,4,1,8,,9,,1,21,121.514592,25.0276492
113,2,13,6,58,2,05中正區,中正區和平西路1段與泉州街口,0,0,1,2,C03,8,7,5,50,5,1,1,5,4,5,13,1,1,1,4,4,2,16,1,31,2,9,5,4,7,9,1,10,1,14,,13,,1,21,121.514592,25.0276492
113,2,13,10,30,2,12內湖區,內湖區成功路3段174巷與成功路3段口,0,0,1,1,B03,8,6,5,50,3,1,1,5,4,5,13,2,1,5,5,5,2,16,1,60,3,10,7,1,7,6,1,8,1,2,,1,,1,21,121.5906976,25.0808683
113,2,13,10,30,2,12內湖區,內湖區成功路3段174巷與成功路3段口,0,0,1,2,C03,8,6,5,50,3,1,1,5,4,5,13,2,1,5,5,5,2,16,2,65,2,9,6,1,7,9,1,10,1,14,,42,,1,21,121.5906976,25.0808683
113,2,13,11,10,2,07信義區,信義區崇德街土地公嶺古道前,0,0,1,1,C03,7,7,5,30,11,9,1,5,4,5,13,4,4,10,5,5,2,11,1,40,2,9,5,1,7,9,1,10,2,14,,44,,1,21,121.5745837,25.0116588
113,2,13,11,10,2,07信義區,信義區崇德街土地公嶺古道前,0,0,1,2,B03,7,7,5,30,11,9,1,5,4,5,13,4,4,10,5,5,2,11,2,39,3,10,7,1,7,9,1,8,2,4,,5,,1,21,121.5745837,25.0116588
113,2,13,11,46,2,07信義區,信義區信義路5段55號,0,0,3,1,B03,7,6,5,50,14,9,1,5,4,5,13,4,4,3,4,5,2,13,1,35,3,10,3,4,7,9,3,18,2,1,,108,,1,21,121.5690406,25.032926
113,2,13,11,46,2,07信義區,信義區信義路5段55號,0,0,3,2,C03,7,6,5,50,14,9,1,5,4,5,13,4,4,3,4,5,2,13,1,46,2,9,3,4,7,10,1,8,2,13,,44,,1,21,121.5690406,25.032926
113,2,13,11,46,2,07信義區,信義區信義路5段55號,0,0,3,3,H02,7,6,5,50,14,9,1,5,4,5,13,4,4,3,4,5,2,13,2,47,2,8,3,5,7,21,8,20,10,16,,67,,1,21,121.5690406,25.032926
113,2,13,11,46,2,07信義區,信義區信義路5段55號,0,0,3,4,H02,7,6,5,50,14,9,1,5,4,5,13,4,4,3,4,5,2,13,1,7,2,7,3,5,7,21,8,20,10,16,,67,,1,21,121.5690406,25.032926
113,2,13,12,2,2,05中正區,中正區南昌路1段與南海路口,0,0,1,1,B03,8,6,5,30,4,1,1,5,4,5,13,1,1,10,4,5,2,15,1,45,3,10,7,1,7,9,1,4,2,5,,44,,1,22,121.5163418,25.03248387
113,2,13,12,2,2,05中正區,中正區南昌路1段與南海路口,0,0,1,2,C03,8,6,5,30,4,1,1,5,4,5,13,1,1,10,4,5,2,15,2,73,2,9,5,1,7,9,3,18,2,11,,81,,1,21,121.5163418,25.03248387
113,2,13,12,3,2,08士林區,士林區菁山路101巷與無名巷口田尾湖公車站,0,0,2,1,B03,8,6,5,30,3,2,1,5,4,5,13,4,4,4,3,5,1,17,1,50,3,10,7,1,7,5,1,8,2,5,,80,,1,21,121.5650895,25.161377
113,2,13,12,3,2,08士林區,士林區菁山路101巷與無名巷口田尾湖公車站,0,0,2,2,C03,8,6,5,30,3,2,1,5,4,5,13,4,4,4,3,5,1,17,1,32,2,5,5,1,7,9,1,10,2,12,,108,,1,21,121.5650895,25.161377
113,2,13,12,3,2,08士林區,士林區菁山路101巷與無名巷口田尾湖公車站,0,0,2,3,H02,8,6,5,30,3,2,1,5,4,5,13,4,4,4,3,5,1,17,2,33,2,8,5,5,7,17,8,20,10,16,,67,,1,21,121.5650895,25.161377
113,2,13,12,22,2,04大安區,大安區市民大道3段與復興南路1段口,0,0,2,1,C03,8,6,5,50,14,9,1,5,4,5,13,2,1,5,3,5,2,12,2,41,2,9,5,1,7,9,1,10,2,11,,16,,1,21,121.5437546,25.04483
113,2,13,12,22,2,04大安區,大安區市民大道3段與復興南路1段口,0,0,2,2,C03,8,6,5,50,14,9,1,5,4,5,13,2,1,5,3,5,2,12,2,35,3,10,6,1,7,14,1,10,2,13,,44,,1,21,121.5437546,25.04483
113,2,13,12,22,2,04大安區,大安區市民大道3段與復興南路1段口,0,0,2,3,H02,8,6,5,50,14,9,1,5,4,5,13,2,1,5,3,5,2,12,1,5,2,1,6,5,7,20,8,20,10,16,,67,,1,21,121.5437546,25.04483
113,2,13,12,28,2,03中山區,中山區松江路75號,0,0,1,1,C03,8,5,5,50,14,9,1,5,4,5,10,4,4,1,4,5,2,13,1,32,2,8,3,4,7,9,1,10,1,11,,14,,1,21,121.532882,25.0497269
113,2,13,12,28,2,03中山區,中山區松江路75號,0,0,1,2,B03,8,5,5,50,14,9,1,5,4,5,10,4,4,1,4,5,2,13,1,46,3,10,3,4,7,6,1,8,1,3,,44,,1,21,121.532882,25.0497269
113,2,13,12,53,2,05中正區,中正區忠孝東路1段11-1號旁,0,0,2,1,C03,8,5,5,50,14,9,1,5,4,5,13,1,1,9,4,5,1,13,1,19,2,9,5,1,7,9,1,10,1,11,,16,,1,21,121.5238737,25.0447655
113,2,13,12,53,2,05中正區,中正區忠孝東路1段11-1號旁,0,0,2,2,B01,8,5,5,50,14,9,1,5,4,5,13,1,1,9,4,5,1,13,1,47,3,10,7,1,7,9,1,4,1,7,,44,,1,21,121.5238737,25.0447655
113,2,13,12,53,2,05中正區,中正區忠孝東路1段11-1號旁,0,0,2,3,H02,8,5,5,50,14,9,1,5,4,5,13,1,1,9,4,5,1,13,1,20,2,9,5,5,7,20,8,20,10,16,,67,,1,21,121.5238737,25.0447655
113,2,13,12,57,2,01大同區,大同區忠孝西路2段13號,0,0,4,1,C03,8,7,5,50,14,9,1,5,4,5,13,4,4,1,4,5,2,13,1,64,3,10,5,1,7,9,1,10,1,17,,37,,1,21,121.509715,25.04824006
113,2,13,12,57,2,01大同區,大同區忠孝西路2段13號,0,0,4,2,C03,8,7,5,50,14,9,1,5,4,5,13,4,4,1,4,5,2,13,2,44,2,3,5,1,7,9,1,10,1,11,,16,,1,21,121.509715,25.04824006
113,2,13,12,57,2,01大同區,大同區忠孝西路2段13號,0,0,4,3,C03,8,7,5,50,14,9,1,5,4,5,13,4,4,1,4,5,2,13,2,24,2,8,5,1,7,12,1,10,1,13,,44,,1,21,121.509715,25.04824006
113,2,13,12,57,2,01大同區,大同區忠孝西路2段13號,0,0,4,4,H02,8,7,5,50,14,9,1,5,4,5,13,4,4,1,4,5,2,13,1,3,2,7,5,5,7,20,8,20,10,16,,67,,1,24,121.509715,25.04824006
113,2,13,12,57,2,01大同區,大同區忠孝西路2段13號,0,0,4,5,H02,8,7,5,50,14,9,1,5,4,5,13,4,4,1,4,5,2,13,2,24,2,8,5,5,7,20,8,20,10,16,,67,,1,21,121.509715,25.04824006
113,2,13,13,30,2,05中正區,中正區貴陽街1段與懷寧街口,0,0,1,1,B03,8,7,5,50,3,1,1,5,4,5,13,4,4,9,4,5,2,16,1,69,3,10,7,1,7,5,1,8,2,8,,44,,1,21,121.5135691,25.03908635
113,2,13,13,30,2,05中正區,中正區貴陽街1段與懷寧街口,0,0,1,2,C03,8,7,5,50,3,1,1,5,4,5,13,4,4,9,4,5,2,16,1,21,2,9,5,1,7,9,1,10,2,12,,4,,1,21,121.5135691,25.03908635
113,2,13,14,40,2,05中正區,中正區林森南路與徐州路口,0,0,2,1,C03,8,6,5,50,4,1,1,5,4,5,13,1,1,10,4,5,2,16,1,63,2,8,6,4,7,5,1,10,1,14,,96,,1,22,121.5222585,25.04109532
113,2,13,14,40,2,05中正區,中正區林森南路與徐州路口,0,0,2,2,C03,8,6,5,50,4,1,1,5,4,5,13,1,1,10,4,5,2,16,1,34,2,9,6,4,7,9,1,9,1,12,,44,,1,22,121.5222585,25.04109532
113,2,13,14,51,2,08士林區,士林區忠誠路2段168號,0,0,1,1,B01,8,5,5,40,14,9,1,5,4,5,13,4,4,10,5,4,1,17,1,35,3,10,7,1,7,9,1,8,2,5,,108,,2,21,121.5330422,25.1152729
113,2,13,14,51,2,08士林區,士林區忠誠路2段168號,0,0,1,2,C03,8,5,5,40,14,9,1,5,4,5,13,4,4,10,5,4,1,17,1,59,2,9,5,1,7,3,1,10,2,12,,42,,1,21,121.5330422,25.1152729