發生年度,發生月,發生日,發生時-Hours,發生分,處理別-編號,區序,肇事地點,死亡人數,2-30日死亡人數,受傷人數,當事人序號,車種,天候,道路照明設備,道路類別,速限-速度限制,道路型態,事故位置,路面狀況1,路面狀況2,路面狀況3,道路障礙1,道路障礙2,號誌1,號誌2,車道劃分-分向,車道劃分-分道1,車道劃分-分道2,車道劃分-分道3,事故類型及型態,性別,年齡,受傷程度,主要傷處,保護裝置,行動電話,車輛用途,當事者行動狀態,駕駛資格情形,駕駛執照種類,飲酒情形,車輛撞擊部位1,車輛撞擊部位2,肇因碼-個別,肇因碼-主要,個人肇逃否,職業,座標-X,座標-Y
113,2,13,15,15,2,08士林區,士林區通河西街2段(堤外風箏公園),0,0,1,1,B03,8,5,8,50,22,22,1,5,4,5,13,4,4,4,5,5,1,17,1,62,3,10,7,1,7,5,1,8,1,5,,80,,1,21,121.5026968,25.09399
113,2,13,15,15,2,08士林區,士林區通河西街2段(堤外風箏公園),0,0,1,2,C03,8,5,8,50,22,22,1,5,4,5,13,4,4,4,5,5,1,17,1,24,2,9,5,1,7,9,1,10,1,11,,14,,1,21,121.5026968,25.09399
113,2,13,15,55,2,11南港區,南港區忠孝東路7段與忠孝東路7段487巷口,0,0,2,1,C03,8,6,5,40,3,1,1,5,4,5,13,4,4,1,3,4,2,12,1,26,2,9,3,4,7,8,1,10,2,12,,100,,1,21,121.611515,25.0527179
113,2,13,15,55,2,11南港區,南港區忠孝東路7段與忠孝東路7段487巷口,0,0,2,2,C03,8,6,5,40,3,1,1,5,4,5,13,4,4,1,3,4,2,12,1,53,2,9,3,4,7,9,1,10,2,14,,44,,1,21,121.611515,25.0527179
113,2,13,16,25,2,08士林區,士林區延平北路7段提防上淡水右岸腳踏車專用車道約淡水右岸2.5KM處,0,0,2,1,F02,8,6,7,30,14,23,1,5,4,5,12,4,4,9,4,5,2,16,2,70,2,9,4,1,7,4,8,20,1,11,,118,,1,21,121.4876554,25.1006717
113,2,13,16,25,2,08士林區,士林區延平北路7段提防上淡水右岸腳踏車專用車道約淡水右岸2.5KM處,0,0,2,2,F01,8,6,7,30,14,23,1,5,4,5,12,4,4,9,4,5,2,16,1,13,2,9,4,1,7,4,8,20,1,13,,118,,1,21,121.4876554,25.1006717
113,2,13,16,36,2,04大安區,大安區忠孝東路3段1號,0,0,2,1,B03,8,6,5,50,14,9,1,5,4,5,13,4,4,3,4,5,2,12,1,61,3,10,7,4,7,8,1,8,1,5,,100,,1,21,121.53392,25.0422927
113,2,13,16,36,2,04大安區,大安區忠孝東路3段1號,0,0,2,2,C03,8,6,5,50,14,9,1,5,4,5,13,4,4,3,4,5,2,12,1,29,2,7,6,4,7,9,1,10,1,14,,44,,1,21,121.53392,25.0422927
113,2,13,16,36,2,04大安區,大安區忠孝東路3段1號,0,0,2,3,H02,8,6,5,50,14,9,1,5,4,5,13,4,4,3,4,5,2,12,2,30,2,8,6,5,7,20,8,20,10,16,,67,,1,21,121.53392,25.0422927
113,2,13,18,25,2,08士林區,士林區士東路與士東路299巷口,0,0,1,1,B03,7,5,5,50,3,1,1,5,4,4,13,4,4,1,4,5,2,17,1,20,3,10,7,1,7,6,1,8,1,8,,74,,1,21,121.5373833,25.1135297
113,2,13,18,25,2,08士林區,士林區士東路與士東路299巷口,0,0,1,2,C03,7,5,5,50,3,1,1,5,4,4,13,4,4,1,4,5,2,17,1,21,2,9,5,1,7,9,1,10,1,11,,14,,1,21,121.5373833,25.1135297
113,2,13,18,30,2,06松山區,松山區基隆路1段與市民大道6段口,0,0,1,1,B03,8,5,5,40,4,1,1,5,4,5,13,1,1,10,5,5,2,17,2,46,3,10,3,4,7,5,1,8,1,8,,98,,1,22,121.5689385,25.04902242
113,2,13,18,30,2,06松山區,松山區基隆路1段與市民大道6段口,0,0,1,2,C03,8,5,5,40,4,1,1,5,4,5,13,1,1,10,5,5,2,17,2,40,2,9,5,4,7,9,1,10,1,12,,13,,1,22,121.5689385,25.04902242
113,2,13,20,11,2,05中正區,中正區汀州路1段與三元街212巷口,0,0,1,1,C03,7,5,5,50,3,1,1,5,4,5,13,1,1,5,5,5,2,15,2,62,3,10,5,1,7,9,1,10,1,12,,81,,1,22,121.5122598,25.0266418
113,2,13,20,11,2,05中正區,中正區汀州路1段與三元街212巷口,0,0,1,2,C03,7,5,5,50,3,1,1,5,4,5,13,1,1,5,5,5,2,15,1,36,2,7,5,1,7,9,1,10,1,11,,44,,1,22,121.5122598,25.0266418
113,2,13,20,20,2,06松山區,松山區民權東路3段與復興北路口,0,0,2,1,C03,8,5,5,50,4,2,1,5,4,5,13,2,1,1,4,5,2,17,1,31,2,9,5,1,7,15,1,10,1,11,,16,,1,21,121.544351,25.06225717
113,2,13,20,20,2,06松山區,松山區民權東路3段與復興北路口,0,0,2,2,C03,8,5,5,50,4,2,1,5,4,5,13,2,1,1,4,5,2,17,2,49,2,8,5,1,7,14,1,10,1,13,,44,,1,21,121.544351,25.06225717
113,2,13,20,24,2,04大安區,大安區延吉街與延吉街236巷口口,0,0,1,1,B03,8,5,5,30,3,1,1,5,4,5,13,4,4,5,5,5,1,17,1,70,3,10,7,1,7,6,3,18,1,4,,74,,1,21,121.5539224,25.0435194
113,2,13,20,24,2,04大安區,大安區延吉街與延吉街236巷口口,0,0,1,2,C03,8,5,5,30,3,1,1,5,4,5,13,4,4,5,5,5,1,17,1,34,2,9,6,1,7,9,1,10,1,11,,14,,1,21,121.5539224,25.0435194
113,2,13,20,31,2,12內湖區,內湖區永保街與安康路129巷口,0,0,2,1,F01,8,5,5,40,3,1,1,5,4,5,13,4,4,10,5,5,2,15,1,68,2,1,4,1,7,11,8,20,1,12,,11,,1,21,121.5997735,25.06360953
113,2,13,20,31,2,12內湖區,內湖區永保街與安康路129巷口,0,0,2,2,C03,8,5,5,40,3,1,1,5,4,5,13,4,4,10,5,5,2,15,1,26,2,9,5,1,7,9,1,9,1,11,,13,,1,21,121.5997735,25.06360953
113,2,13,20,31,2,12內湖區,內湖區永保街與安康路129巷口,0,0,2,3,B03,8,5,5,40,3,1,1,5,4,5,13,4,4,10,5,5,2,15,1,41,3,10,7,1,7,14,1,8,9,17,,38,,1,21,121.5997735,25.06360953
113,2,13,20,39,2,02萬華區,萬華區昆明街與昆明街74巷口,0,0,1,1,C03,8,5,5,50,3,1,1,5,4,5,13,4,4,8,3,5,1,16,1,54,3,10,3,4,7,5,1,10,1,14,,74,,1,22,121.5055173,25.0454916
113,2,13,20,39,2,02萬華區,萬華區昆明街與昆明街74巷口,0,0,1,2,C03,8,5,5,50,3,1,1,5,4,5,13,4,4,8,3,5,1,16,1,32,2,9,3,4,7,9,1,10,1,12,,14,,1,22,121.5055173,25.0454916
113,2,13,22,5,2,08士林區,士林區基河路與大南路口,0,0,1,1,B03,8,5,5,50,3,2,1,5,4,5,13,2,1,5,4,5,2,17,1,24,3,10,7,1,7,7,1,8,1,8,,100,,1,21,121.5226913,25.08988214
113,2,13,22,5,2,08士林區,士林區基河路與大南路口,0,0,1,2,C03,8,5,5,50,3,2,1,5,4,5,13,2,1,5,4,5,2,17,1,36,2,8,5,1,7,9,3,18,1,11,,81,,1,21,121.5226913,25.08988214
113,2,13,22,20,2,05中正區,中正區南海路與泉州街口,0,0,1,1,C03,8,5,5,50,3,1,1,5,4,5,13,3,1,10,4,4,2,17,1,30,4,11,3,4,7,5,1,10,11,12,,8,,1,22,121.5136884,25.0317117
113,2,13,22,20,2,05中正區,中正區南海路與泉州街口,0,0,1,2,C03,8,5,5,50,3,1,1,5,4,5,13,3,1,10,4,4,2,17,2,23,2,7,6,1,7,9,1,10,2,12,,13,,1,22,121.5136884,25.0317117
113,2,13,22,55,2,06松山區,松山區塔悠路56號,0,0,1,1,C03,8,5,5,50,14,9,1,5,4,5,13,4,4,1,4,5,2,16,2,57,2,8,5,1,7,7,1,10,1,14,,100,,1,22,121.5701555,25.05188929
113,2,13,22,55,2,06松山區,松山區塔悠路56號,0,0,1,2,B03,8,5,5,50,14,9,1,5,4,5,13,4,4,1,4,5,2,16,1,25,3,10,7,1,7,9,1,8,1,5,,44,,1,22,121.5701555,25.05188929
113,2,13,23,47,2,12內湖區,內湖區南湖大橋與安康路口,0,0,1,1,B03,7,5,5,50,5,3,1,5,4,5,13,1,1,1,3,5,1,16,2,20,3,10,7,1,7,6,1,10,1,2,,9,,1,21,121.6109912,25.06503168
113,2,13,23,47,2,12內湖區,內湖區南湖大橋與安康路口,0,0,1,2,C03,7,5,5,50,5,3,1,5,4,5,13,1,1,1,3,5,1,16,1,40,2,9,6,1,7,9,1,10,1,14,,13,,1,21,121.6109912,25.06503168
113,2,14,0,20,2,03中山區,中山區錦州街東往西(林森與新生之間),0,0,1,1,C03,8,5,4,50,14,9,1,5,4,5,13,4,4,9,4,5,2,13,1,45,2,9,6,1,7,9,1,10,1,11,,108,,1,21,121.5266352,25.0603411
113,2,14,0,20,2,03中山區,中山區錦州街東往西(林森與新生之間),0,0,1,2,B12,8,5,4,50,14,9,1,5,4,5,13,4,4,9,4,5,2,13,1,33,3,10,3,1,7,13,1,8,9,7,,38,,1,21,121.5266352,25.0603411
113,2,14,1,30,2,03中山區,中山區南京東路1段100號,0,0,1,1,C03,8,5,5,50,14,9,1,5,4,5,13,1,1,1,4,4,2,12,1,23,2,9,6,1,7,9,1,10,1,11,,108,,1,21,121.5264706,25.0520094
113,2,14,1,30,2,03中山區,中山區南京東路1段100號,0,0,1,2,B03,8,5,5,50,14,9,1,5,4,5,13,1,1,1,4,4,2,12,1,27,3,10,3,1,7,13,1,8,1,7,,38,,1,21,121.5264706,25.0520094
113,2,14,5,22,2,03中山區,中山區民權西路70巷與民權西路口口,0,0,2,1,C03,8,5,5,50,4,1,1,5,4,5,13,1,1,1,4,5,2,13,1,65,2,9,5,4,7,9,6,10,1,11,,16,,1,21,121.5197378,25.0620254
113,2,14,5,22,2,03中山區,中山區民權西路70巷與民權西路口口,0,0,2,2,C03,8,5,5,50,4,1,1,5,4,5,13,1,1,1,4,5,2,13,1,23,2,9,5,1,7,14,1,10,1,13,,44,,1,22,121.5197378,25.0620254
113,2,14,8,20,2,04大安區,大安區和平東路3段308巷與安居街9巷口,0,0,1,1,C04,8,6,5,50,5,1,1,5,4,5,13,4,4,8,5,5,2,17,4,0,4,11,3,4,7,21,7,19,11,15,,119,,2,22,121.556146,25.0202047
113,2,14,8,20,2,04大安區,大安區和平東路3段308巷與安居街9巷口,0,0,1,2,F01,8,6,5,50,5,1,1,5,4,5,13,4,4,8,5,5,2,17,1,51,2,8,4,4,7,6,8,20,1,12,,42,,1,21,121.556146,25.0202047
113,2,14,8,25,2,05中正區,中正區中正河濱公園(中正橋下),0,0,2,1,F01,8,6,5,30,11,9,1,5,4,5,13,4,4,10,5,5,2,1,1,50,2,9,4,1,7,9,8,20,2,11,,5,,1,21,121.5163812,25.02168696
113,2,14,8,25,2,05中正區,中正區中正河濱公園(中正橋下),0,0,2,2,H01,8,6,5,30,11,9,1,5,4,5,13,4,4,10,5,5,2,1,1,36,2,9,4,5,8,18,8,20,10,16,,67,,1,21,121.5163812,25.02168696
113,2,14,8,50,2,09北投區,北投區中央北路3段與中央北路3段276巷口,0,0,2,1,B03,8,6,5,50,3,1,1,5,4,5,13,4,4,4,4,5,2,16,1,58,3,10,7,1,7,1,1,10,1,8,,19,,1,21,121.4790185,25.1355196
113,2,14,8,50,2,09北投區,北投區中央北路3段與中央北路3段276巷口,0,0,2,2,C03,8,6,5,50,3,1,1,5,4,5,13,4,4,4,4,5,2,16,2,22,2,9,5,1,7,9,1,10,1,12,,13,,1,21,121.4790185,25.1355196
113,2,14,8,50,2,09北投區,北投區中央北路3段與中央北路3段276巷口,0,0,2,3,H02,8,6,5,50,3,1,1,5,4,5,13,4,4,4,4,5,2,16,2,57,2,9,5,5,7,17,8,20,10,16,,67,,1,21,121.4790185,25.1355196
113,2,14,9,22,2,07信義區,信義區忠孝東路5段與松山路口口,0,0,1,1,C03,8,6,5,50,4,2,1,5,4,5,13,2,1,1,4,5,2,17,2,57,2,8,6,1,7,7,1,10,1,14,,100,,1,22,121.5778227,25.0410805
113,2,14,9,22,2,07信義區,信義區忠孝東路5段與松山路口口,0,0,1,2,B01,8,6,5,50,4,2,1,5,4,5,13,2,1,1,4,5,2,17,1,61,3,10,7,1,7,5,1,4,1,5,,44,,1,26,121.5778227,25.0410805
113,2,14,10,22,2,05中正區,中正區八德路1段與臨沂街口口,0,0,1,1,B03,8,5,5,50,3,1,1,5,4,5,13,3,1,9,4,5,1,3,1,77,3,10,7,1,7,9,1,8,2,1,,70,,1,21,121.5307938,25.04385
113,2,14,10,22,2,05中正區,中正區八德路1段與臨沂街口口,0,0,1,2,H01,8,5,5,50,3,1,1,5,4,5,13,3,1,9,4,5,1,3,2,24,2,9,4,5,8,16,8,20,10,16,,67,,1,21,121.5307938,25.04385
113,2,14,10,23,2,12內湖區,內湖區環山路2段與環山路2段50巷口,0,0,2,1,C03,8,5,5,50,4,1,1,5,4,5,13,1,1,5,4,5,2,16,2,30,2,9,5,1,7,5,1,10,1,15,,8,,1,21,121.5738431,25.08532
113,2,14,10,23,2,12內湖區,內湖區環山路2段與環山路2段50巷口,0,0,2,2,C03,8,5,5,50,4,1,1,5,4,5,13,1,1,5,4,5,2,16,1,19,2,9,5,1,7,9,1,10,1,11,,13,,1,21,121.5738431,25.08532
113,2,14,10,40,2,03中山區,與無名巷口(建國北路2段226巷41號前),0,0,1,1,C04,8,7,5,30,4,1,1,5,4,5,13,4,4,10,5,5,2,17,1,45,2,7,6,1,7,9,1,10,1,12,,42,,1,21,121.536095,25.0610301
113,2,14,10,40,2,03中山區,與無名巷口(建國北路2段226巷41號前),0,0,1,2,B03,8,7,5,30,4,1,1,5,4,5,13,4,4,10,5,5,2,17,1,41,3,10,7,1,7,9,1,8,1,17,,44,,1,21,121.536095,25.0610301
113,2,14,10,40,2,08士林區,士林區雨聲街芝山加油站入口,0,0,1,1,C03,8,6,5,30,3,1,1,5,4,5,13,4,4,5,5,5,1,17,1,65,2,9,5,1,7,1,1,10,1,11,,19,,1,21,121.5289878,25.10212284
113,2,14,10,40,2,08士林區,士林區雨聲街芝山加油站入口,0,0,1,2,B03,8,6,5,30,3,1,1,5,4,5,13,4,4,5,5,5,1,17,1,35,3,10,7,1,7,9,1,8,1,4,,44,,1,21,121.5289878,25.10212284
113,2,14,11,34,2,11南港區,南港區研究院路1段20號,0,0,1,1,C03,8,6,5,50,14,9,1,5,4,5,12,4,4,3,4,5,2,17,2,58,2,9,3,4,7,9,1,10,1,11,,16,,1,21,121.616026,25.0486776
113,2,14,11,34,2,11南港區,南港區研究院路1段20號,0,0,1,2,B03,8,6,5,50,14,9,1,5,4,5,12,4,4,3,4,5,2,17,1,67,3,10,3,4,7,9,1,8,1,6,,44,,1,21,121.616026,25.0486776
113,2,14,11,34,2,11南港區,南港區研究院路1段20號,0,0,1,3,B03,8,6,5,50,14,9,1,5,4,5,12,4,4,3,4,5,2,17,1,45,3,10,3,4,7,7,1,8,1,17,,100,,1,21,121.616026,25.0486776
113,2,14,11,34,2,11南港區,南港區研究院路1段20號,0,0,1,4,B03,8,6,5,50,14,9,1,5,4,5,12,4,4,3,4,5,2,17,1,55,3,10,3,4,7,13,1,8,1,17,,44,,1,21,121.616026,25.0486776
113,2,14,11,57,2,07信義區,信義區忠孝東路4段與光復南路口側附近口,0,0,1,1,B03,8,6,5,50,5,1,1,5,4,5,13,2,1,3,4,4,2,16,1,50,3,10,3,4,7,6,1,8,1,2,,9,,1,21,121.5577549,25.0415085
113,2,14,11,57,2,07信義區,信義區忠孝東路4段與光復南路口側附近口,0,0,1,2,C03,8,6,5,50,5,1,1,5,4,5,13,2,1,3,4,4,2,16,1,39,2,9,3,4,7,9,1,10,1,11,,44,,1,21,121.5577549,25.0415085
113,2,14,12,1,2,08士林區,士林區至善路3段71巷30號,0,0,1,1,B03,8,6,5,30,14,9,1,5,4,5,13,4,4,10,5,5,1,14,1,55,3,10,7,1,7,2,1,8,1,3,,12,,1,21,121.5688861,25.11872005
113,2,14,12,1,2,08士林區,士林區至善路3段71巷30號,0,0,1,2,C03,8,6,5,30,14,9,1,5,4,5,13,4,4,10,5,5,1,14,2,28,2,9,6,1,7,9,1,10,1,11,,108,,1,21,121.5688861,25.11872005
113,2,14,12,23,2,03中山區,中山區中山北路3段與民族東路口,0,0,1,1,B03,8,5,5,50,4,1,1,5,4,5,13,1,1,5,4,5,2,16,1,42,3,10,3,4,7,6,1,8,1,5,,44,,1,21,121.5227233,25.06838622
113,2,14,12,23,2,03中山區,中山區中山北路3段與民族東路口,0,0,1,2,C03,8,5,5,50,4,1,1,5,4,5,13,1,1,5,4,5,2,16,2,31,2,8,3,4,7,9,1,10,1,14,,13,,1,21,121.5227233,25.06838622
113,2,14,12,26,2,10文山區,文山區忠順街1段26巷與忠順街1段26巷3弄口,0,0,1,1,B01,8,7,5,30,4,1,1,5,4,5,13,4,4,10,5,5,2,15,1,49,3,10,7,1,7,9,1,4,1,1,,80,,1,21,121.5593435,24.9835086
113,2,14,12,26,2,10文山區,文山區忠順街1段26巷與忠順街1段26巷3弄口,0,0,1,2,C03,8,7,5,30,4,1,1,5,4,5,13,4,4,10,5,5,2,15,1,29,2,8,6,1,7,9,1,10,1,12,,108,,1,21,121.5593435,24.9835086
113,2,14,12,52,2,12內湖區,內湖區成功路4段303號,0,0,1,1,C03,8,6,5,40,14,8,1,5,4,5,13,4,4,1,4,4,2,13,1,62,2,9,5,1,7,9,1,10,1,11,,16,,1,21,121.5979475,25.08461851
113,2,14,12,52,2,12內湖區,內湖區成功路4段303號,0,0,1,2,C03,8,6,5,40,14,8,1,5,4,5,13,4,4,1,4,4,2,13,1,28,3,10,5,1,7,9,1,10,1,13,,44,,1,21,121.5979475,25.08461851
113,2,14,13,5,2,10文山區,文山區久康街24巷與久康街60巷口口,0,0,1,1,C03,7,5,5,30,3,1,1,5,4,5,13,4,4,9,5,5,2,16,1,22,3,10,5,1,7,1,1,10,1,12,,19,,1,21,121.5663698,24.9893447
113,2,14,13,5,2,10文山區,文山區久康街24巷與久康街60巷口口,0,0,1,2,C03,7,5,5,30,3,1,1,5,4,5,13,4,4,9,5,5,2,16,2,52,2,9,5,1,7,9,1,10,1,11,,44,,1,21,121.5663698,24.9893447
113,2,14,13,10,2,01大同區,大同區環河北路1段與涼州街口,0,0,3,1,B03,8,6,5,50,3,1,1,5,4,5,13,4,4,1,4,5,2,17,1,73,3,10,7,1,7,6,1,8,1,5,,9,,1,21,121.5085324,25.0604627
113,2,14,13,10,2,01大同區,大同區環河北路1段與涼州街口,0,0,3,2,C03,8,6,5,50,3,1,1,5,4,5,13,4,4,1,4,5,2,17,1,60,2,9,6,1,7,9,1,10,1,14,,44,,1,21,121.5085324,25.0604627
113,2,14,13,10,2,01大同區,大同區環河北路1段與涼州街口,0,0,3,3,H02,8,6,5,50,3,1,1,5,4,5,13,4,4,1,4,5,2,17,2,59,2,9,6,5,7,17,8,20,10,16,,67,,1,21,121.5085324,25.0604627
113,2,14,13,10,2,01大同區,大同區環河北路1段與涼州街口,0,0,3,4,H02,8,6,5,50,3,1,1,5,4,5,13,4,4,1,4,5,2,17,1,2,2,9,2,5,7,17,8,20,10,16,,67,,1,21,121.5085324,25.0604627
113,2,14,13,10,2,01大同區,大同區環河北路1段與涼州街口,0,0,3,5,B01,8,6,5,50,3,1,1,5,4,5,13,4,4,1,4,5,2,17,1,67,3,10,7,1,7,14,1,4,9,17,,38,,1,21,121.5085324,25.0604627
113,2,14,13,14,2,12內湖區,內湖區民權東路6段409號前,0,0,1,1,C03,8,5,5,40,14,8,1,5,4,5,13,4,4,1,4,4,2,13,1,34,2,9,6,1,7,9,1,10,1,11,,16,,1,21,121.603536,25.07035011
113,2,14,13,14,2,12內湖區,內湖區民權東路6段409號前,0,0,1,2,C03,8,5,5,40,14,8,1,5,4,5,13,4,4,1,4,4,2,13,1,42,3,10,6,1,7,12,1,10,1,13,,44,,1,21,121.603536,25.07035011
113,2,14,13,41,2,08士林區,士林區中正路120號,0,0,1,1,B03,8,6,5,40,14,8,1,5,4,5,13,4,4,3,4,4,1,17,2,33,3,10,7,1,7,9,1,8,1,2,,108,,1,21,121.5285475,25.0959802
113,2,14,13,41,2,08士林區,士林區中正路120號,0,0,1,2,B03,8,6,5,40,14,8,1,5,4,5,13,4,4,3,4,4,1,17,2,51,3,10,7,1,7,14,1,8,1,4,,38,,1,21,121.5285475,25.0959802
113,2,14,13,41,2,08士林區,士林區中正路120號,0,0,1,3,H02,8,6,5,40,14,8,1,5,4,5,13,4,4,3,4,4,1,17,1,84,2,3,7,5,7,17,8,20,10,16,,67,,1,21,121.5285475,25.0959802
113,2,14,14,24,2,04大安區,大安區和平東路3段308巷15弄與和平東路3段308巷口,0,0,2,1,B03,8,7,5,50,3,2,1,5,4,5,13,4,4,8,3,5,1,12,1,40,3,10,7,1,7,15,1,8,1,5,,9,,1,21,121.5560347,25.0200135
113,2,14,14,24,2,04大安區,大安區和平東路3段308巷15弄與和平東路3段308巷口,0,0,2,2,C03,8,7,5,50,3,2,1,5,4,5,13,4,4,8,3,5,1,12,1,31,2,9,5,1,7,9,1,9,1,14,,44,,1,21,121.5560347,25.0200135
113,2,14,14,24,2,04大安區,大安區和平東路3段308巷15弄與和平東路3段308巷口,0,0,2,3,H02,8,7,5,50,3,2,1,5,4,5,13,4,4,8,3,5,1,12,2,29,2,9,5,5,7,20,8,20,10,17,,67,,1,21,121.5560347,25.0200135
113,2,14,14,26,2,12內湖區,內湖區堤外便道與五分街口,0,0,1,1,B03,8,7,5,50,4,1,1,5,4,5,13,1,1,5,5,5,2,16,1,33,3,10,7,1,7,5,1,8,1,5,,71,,1,21,121.6178665,25.06580604
113,2,14,14,26,2,12內湖區,內湖區堤外便道與五分街口,0,0,1,2,C03,8,7,5,50,4,1,1,5,4,5,13,1,1,5,5,5,2,16,1,33,2,9,6,1,7,9,6,10,1,11,,44,,1,21,121.6178665,25.06580604
113,2,14,14,40,2,01大同區,大同區承德路2段與民生西路口口,0,0,1,1,C03,8,6,5,50,4,2,1,5,4,5,13,2,1,1,4,5,2,13,1,48,2,9,6,1,7,8,1,10,2,13,,100,,1,21,121.5182794,25.05728165
113,2,14,14,40,2,01大同區,大同區承德路2段與民生西路口口,0,0,1,2,B03,8,6,5,50,4,2,1,5,4,5,13,2,1,1,4,5,2,13,2,62,3,10,7,1,7,9,1,8,2,8,,44,,1,21,121.5182794,25.05728165
113,2,14,15,9,2,07信義區,信義區福德街251巷與福德街251巷7弄口,0,0,1,1,C03,8,6,5,30,4,1,1,5,4,5,13,4,4,9,5,5,2,17,1,69,2,9,5,1,7,9,1,10,1,11,,72,,1,22,121.5863156,25.0379743
113,2,14,15,9,2,07信義區,信義區福德街251巷與福德街251巷7弄口,0,0,1,2,B03,8,6,5,30,4,1,1,5,4,5,13,4,4,9,5,5,2,17,1,23,3,10,3,4,7,9,1,8,1,4,,14,,1,22,121.5863156,25.0379743
113,2,14,15,10,2,09北投區,北投區大興街24巷與大興街24巷5弄口,0,0,1,1,C03,8,6,5,30,4,1,1,5,4,5,13,4,4,10,5,5,2,15,2,22,3,10,5,1,7,9,1,10,1,11,,72,,1,21,121.4987823,25.1291284
113,2,14,15,10,2,09北投區,北投區大興街24巷與大興街24巷5弄口,0,0,1,2,C03,8,6,5,30,4,1,1,5,4,5,13,4,4,10,5,5,2,15,2,41,2,9,5,1,7,9,1,10,1,14,,44,,1,21,121.4987823,25.1291284
113,2,14,15,38,2,08士林區,士林區至善路3段110號,0,0,1,1,C03,8,6,5,40,11,9,1,5,4,5,13,4,4,4,5,5,1,12,2,18,2,8,5,1,7,9,1,10,2,12,,44,,1,21,121.5693511,25.114479
113,2,14,15,38,2,08士林區,士林區至善路3段110號,0,0,1,2,B03,8,6,5,40,11,9,1,5,4,5,13,4,4,4,5,5,1,12,1,25,3,10,7,1,7,11,1,8,2,4,,10,,1,21,121.5693511,25.114479
113,2,14,16,5,2,11南港區,南港區南深路與南深路19巷口,0,0,2,1,B03,8,7,5,50,3,2,1,5,4,5,13,4,4,5,4,5,2,16,1,55,3,10,7,1,7,5,1,8,1,2,,14,,1,21,121.6213992,25.0383177
113,2,14,16,5,2,11南港區,南港區南深路與南深路19巷口,0,0,2,2,C03,8,7,5,50,3,2,1,5,4,5,13,4,4,5,4,5,2,16,1,22,2,9,5,1,7,9,1,10,1,14,,13,,1,21,121.6213992,25.0383177
113,2,14,16,5,2,11南港區,南港區南深路與南深路19巷口,0,0,2,3,H02,8,7,5,50,3,2,1,5,4,5,13,4,4,5,4,5,2,16,2,21,2,9,5,5,7,17,8,20,10,17,,67,,1,21,121.6213992,25.0383177
113,2,14,16,24,2,01大同區,大同區南京西路與承德路2段口(西北角),0,0,1,1,B01,8,6,5,50,14,8,1,5,4,5,13,4,4,8,3,5,1,16,2,66,3,10,,,7,,7,,11,,,100,,2,,121.5174557,25.0533958
113,2,14,16,24,2,01大同區,大同區南京西路與承德路2段口(西北角),0,0,1,2,A04,8,6,5,50,14,8,1,5,4,5,13,4,4,8,3,5,1,16,1,34,3,10,7,1,7,9,1,2,1,4,,44,,1,21,121.5174557,25.0533958
113,2,14,16,24,2,01大同區,大同區南京西路與承德路2段口(西北角),0,0,1,3,H02,8,6,5,50,14,8,1,5,4,5,13,4,4,8,3,5,1,16,2,62,2,9,4,5,7,17,8,20,10,16,,67,,1,21,121.5174557,25.0533958
113,2,14,17,2,2,09北投區,北投區竹子湖路(燈桿1207701),0,0,1,1,C03,8,6,5,40,14,9,1,5,4,5,13,1,1,9,4,5,2,13,1,31,2,9,5,1,7,9,1,10,1,11,,16,,1,21,121.546011,25.1553027
113,2,14,17,2,2,09北投區,北投區竹子湖路(燈桿1207701),0,0,1,2,C01,8,6,5,40,14,9,1,5,4,5,13,1,1,9,4,5,2,13,1,51,3,10,5,1,7,14,1,9,1,13,,44,,1,21,121.546011,25.1553027
113,2,14,17,45,2,09北投區,北投區承德路7段413巷自行車道,0,0,1,1,F01,8,6,8,10,14,23,1,5,4,5,13,4,4,9,4,5,1,10,2,13,3,10,4,1,7,9,8,20,1,14,,107,,1,21,121.4983236,25.11192319
113,2,14,17,45,2,09北投區,北投區承德路7段413巷自行車道,0,0,1,2,F01,8,6,8,10,14,23,1,5,4,5,13,4,4,9,4,5,1,10,1,55,2,7,4,1,7,9,8,20,1,14,,44,,1,21,121.4983236,25.11192319
113,2,14,20,17,2,08士林區,士林區忠誠路2段與忠誠路2段154巷口,0,0,1,2,B03,7,5,5,50,3,1,1,5,4,5,13,1,1,1,4,4,2,17,1,42,3,10,7,1,7,6,1,8,1,17,,103,,1,21,121.5328413,25.114979
113,2,14,20,17,2,08士林區,士林區忠誠路2段與忠誠路2段154巷口,0,0,1,1,C03,7,5,5,50,3,1,1,5,4,5,13,1,1,1,4,4,2,17,1,47,2,9,5,1,7,9,1,10,1,12,,116,,1,21,121.5328413,25.114979
113,2,14,21,29,2,05中正區,中正區廣州街花園酒店停車場出入口前,0,0,1,1,B01,8,5,5,40,14,9,1,5,4,5,13,4,4,5,5,5,2,17,1,70,3,10,7,1,7,11,1,6,1,8,,10,,1,22,121.507165,25.0359095
113,2,14,21,29,2,05中正區,中正區廣州街花園酒店停車場出入口前,0,0,1,2,C03,8,5,5,40,14,9,1,5,4,5,13,4,4,5,5,5,2,17,1,23,2,9,5,1,7,9,1,10,1,14,,108,,1,22,121.507165,25.0359095
113,2,14,22,1,2,03中山區,中山區民權東路3段58號,0,0,1,1,C03,8,5,5,50,14,9,1,5,4,5,13,2,1,1,5,5,1,13,1,71,3,10,3,4,7,9,1,10,1,11,,108,,1,21,121.5424369,25.0622751