發生年度,發生月,發生日,發生時-Hours,發生分,處理別-編號,區序,肇事地點,死亡人數,2-30日死亡人數,受傷人數,當事人序號,車種,天候,道路照明設備,道路類別,速限-速度限制,道路型態,事故位置,路面狀況1,路面狀況2,路面狀況3,道路障礙1,道路障礙2,號誌1,號誌2,車道劃分-分向,車道劃分-分道1,車道劃分-分道2,車道劃分-分道3,事故類型及型態,性別,年齡,受傷程度,主要傷處,保護裝置,行動電話,車輛用途,當事者行動狀態,駕駛資格情形,駕駛執照種類,飲酒情形,車輛撞擊部位1,車輛撞擊部位2,肇因碼-個別,肇因碼-主要,個人肇逃否,職業,座標-X,座標-Y
113,2,14,22,1,2,03中山區,中山區民權東路3段58號,0,0,1,2,C03,8,5,5,50,14,9,1,5,4,5,13,2,1,1,5,5,1,13,2,32,2,8,3,4,7,14,1,10,1,13,,44,,1,21,121.5424369,25.0622751
113,2,14,22,50,2,09北投區,北投區三合街2段與中央南路2段口,0,0,1,1,B03,7,5,5,50,4,1,1,5,4,5,13,1,1,5,4,5,1,15,1,27,3,10,7,1,7,9,1,8,1,8,,81,,1,21,121.5118563,25.1101023
113,2,14,22,50,2,09北投區,北投區三合街2段與中央南路2段口,0,0,1,2,C03,7,5,5,50,4,1,1,5,4,5,13,1,1,5,4,5,1,15,2,22,2,9,5,1,7,9,1,10,1,11,,44,,1,21,121.5118563,25.1101023
113,2,14,23,55,2,04大安區,大安區復興南路1段129號,0,0,2,2,C03,8,5,5,50,14,9,1,5,4,5,13,4,4,1,4,5,2,13,1,54,2,8,5,1,7,8,1,10,1,12,,100,,1,21,121.543861,25.04315784
113,2,14,23,55,2,04大安區,大安區復興南路1段129號,0,0,2,1,C03,8,5,5,50,14,9,1,5,4,5,13,4,4,1,4,5,2,13,1,38,2,8,5,1,7,9,1,9,1,11,,16,,1,21,121.543861,25.04315784
113,2,14,23,55,2,04大安區,大安區復興南路1段129號,0,0,2,3,C03,8,5,5,50,14,9,1,5,4,5,13,4,4,1,4,5,2,13,3,0,,,,,,,,,,,,67,,1,,121.543861,25.04315784
113,2,15,6,15,2,01大同區,大同區酒泉街74號,0,0,2,1,C03,7,5,5,30,14,9,1,5,4,5,13,4,4,5,4,5,1,12,2,55,2,9,5,1,7,13,1,10,1,13,,38,,1,22,121.5150658,25.07196137
113,2,15,6,15,2,01大同區,大同區酒泉街74號,0,0,2,2,B01,7,5,5,30,14,9,1,5,4,5,13,4,4,5,4,5,1,12,1,66,3,10,7,1,7,9,1,4,1,8,,14,,1,22,121.5150658,25.07196137
113,2,15,6,15,2,01大同區,大同區酒泉街74號,0,0,2,3,H02,7,5,5,30,14,9,1,5,4,5,13,4,4,5,4,5,1,12,1,10,2,9,4,5,7,21,8,20,10,16,,67,,1,22,121.5150658,25.07196137
113,2,15,6,56,2,12內湖區,內湖區安康路32巷24弄與安康路32巷口,0,0,1,1,C03,8,5,5,50,4,1,1,5,4,5,13,4,4,5,5,5,2,15,1,36,2,9,6,1,7,9,3,18,2,11,,14,,1,21,121.5949678,25.0619197
113,2,15,6,56,2,12內湖區,內湖區安康路32巷24弄與安康路32巷口,0,0,1,2,B03,8,5,5,50,4,1,1,5,4,5,13,4,4,5,5,5,2,15,1,40,3,10,7,1,7,9,1,8,2,7,,14,,1,21,121.5949678,25.0619197
113,2,15,7,0,2,08士林區,士林區中山北路5段1112010號電燈桿,0,0,2,1,B03,8,6,5,50,14,9,1,5,4,5,13,4,4,4,3,5,1,17,1,48,2,2,7,1,7,9,1,2,1,8,,90,,1,21,121.5259605,25.0863829
113,2,15,7,0,2,08士林區,士林區中山北路5段1112010號電燈桿,0,0,2,2,B03,8,6,5,50,14,9,1,5,4,5,13,4,4,4,3,5,1,17,1,54,2,3,7,1,7,8,1,8,1,8,,90,,1,21,121.5259605,25.0863829
113,2,15,7,10,2,02萬華區,萬華區華中橋機車道往中和方向(編號051牌面前),0,0,1,1,C03,8,6,5,40,8,11,1,5,4,5,13,4,4,9,4,3,1,17,1,62,2,9,5,1,7,12,1,10,1,11,,118,,1,21,121.4953739,25.01185292
113,2,15,7,10,2,02萬華區,萬華區華中橋機車道往中和方向(編號051牌面前),0,0,1,2,C03,8,6,5,40,8,11,1,5,4,5,13,4,4,9,4,3,1,17,1,70,3,10,5,1,7,15,1,10,1,13,,44,,1,21,121.4953739,25.01185292
113,2,15,7,15,1,02萬華區,萬華區環河快速高架道往南中興橋匝道口,1,0,0,1,B03,8,6,5,60,10,7,1,5,4,5,13,4,4,3,4,5,1,20,1,31,1,9,3,4,7,9,6,8,9,1,,108,,1,21,121.5014458,25.04528549
113,2,15,7,15,1,02萬華區,萬華區環河快速高架道往南中興橋匝道口,1,0,0,2,,8,6,5,60,10,7,1,5,4,5,13,4,4,3,4,5,1,20,3,0,,,,,,,,,,,,67,,1,,121.5014458,25.04528549
113,2,15,7,26,2,04大安區,大安區基隆路3段153號,0,0,3,1,C03,8,7,5,40,14,8,1,5,4,5,13,4,4,1,4,4,2,13,2,20,2,9,3,4,7,9,1,10,1,13,,16,,1,21,121.5427812,25.0157456
113,2,15,7,26,2,04大安區,大安區基隆路3段153號,0,0,3,2,C04,8,7,5,40,14,8,1,5,4,5,13,4,4,1,4,4,2,13,2,41,3,10,3,4,7,12,1,10,1,13,,103,,1,21,121.5427812,25.0157456
113,2,15,7,26,2,04大安區,大安區基隆路3段153號,0,0,3,3,C03,8,7,5,40,14,8,1,5,4,5,13,4,4,1,4,4,2,13,1,24,2,9,3,4,7,9,1,10,1,11,,44,,1,21,121.5427812,25.0157456
113,2,15,7,26,2,04大安區,大安區基隆路3段153號,0,0,3,4,H02,8,7,5,40,14,8,1,5,4,5,13,4,4,1,4,4,2,13,2,26,2,9,3,5,7,20,8,20,10,17,,67,,1,21,121.5427812,25.0157456
113,2,15,7,33,2,01大同區,大同區忠孝西路2段與昆明街口,0,0,1,1,B03,8,6,5,50,3,1,1,5,4,5,13,1,1,1,2,5,2,17,1,58,3,10,7,1,7,6,1,8,1,8,,4,,1,21,121.5065238,25.0490174
113,2,15,7,33,2,01大同區,大同區忠孝西路2段與昆明街口,0,0,1,2,C03,8,6,5,50,3,1,1,5,4,5,13,1,1,1,2,5,2,17,2,32,2,8,5,1,7,14,1,10,1,11,,44,,1,21,121.5065238,25.0490174
113,2,15,7,45,2,08士林區,士林區承德路4段179巷東向西,0,0,1,1,B03,8,6,5,30,14,9,1,5,4,5,13,4,4,4,1,5,1,16,1,66,3,10,7,1,7,9,1,8,2,2,,44,,1,21,121.523552,25.087838
113,2,15,7,45,2,08士林區,士林區承德路4段179巷東向西,0,0,1,2,C03,8,6,5,30,14,9,1,5,4,5,13,4,4,4,1,5,1,16,1,72,2,9,5,1,7,1,1,10,2,14,,19,,1,21,121.523552,25.087838
113,2,15,7,49,2,07信義區,信義區富陽街90號與富陽街87巷口,0,0,1,1,F01,8,6,5,50,3,1,1,5,4,5,13,4,4,5,5,5,2,17,2,67,2,9,2,1,7,6,8,20,2,14,,4,,1,22,121.5565312,25.0211575
113,2,15,7,49,2,07信義區,信義區富陽街90號與富陽街87巷口,0,0,1,2,C03,8,6,5,50,3,1,1,5,4,5,13,4,4,5,5,5,2,17,1,27,3,10,6,1,7,9,1,10,2,11,,13,,1,22,121.5565312,25.0211575
113,2,15,7,50,2,07信義區,信義區莊敬路178巷18號,0,0,2,1,C03,8,7,5,30,14,9,1,5,4,5,13,4,4,10,5,5,2,17,1,55,2,9,3,4,7,5,1,10,1,13,,8,,1,21,121.5602629,25.03150752
113,2,15,7,50,2,07信義區,信義區莊敬路178巷18號,0,0,2,2,C03,8,7,5,30,14,9,1,5,4,5,13,4,4,10,5,5,2,17,1,43,2,9,3,4,7,9,1,10,1,11,,13,,1,21,121.5602629,25.03150752
113,2,15,7,50,2,07信義區,信義區莊敬路178巷18號,0,0,2,3,C03,8,7,5,30,14,9,1,5,4,5,13,4,4,10,5,5,2,17,3,42,3,10,3,4,7,13,1,10,11,14,,67,,1,21,121.5602629,25.03150752
113,2,15,7,52,2,10文山區,文山區福興路82巷與福興路口84號,0,0,2,1,B03,8,6,5,30,14,9,1,5,4,5,13,4,4,10,5,5,1,9,1,42,3,10,7,1,7,14,1,8,2,4,,38,,1,22,121.5499302,25.0055786
113,2,15,7,52,2,10文山區,文山區福興路82巷與福興路口84號,0,0,2,3,C03,8,6,5,30,14,9,1,5,4,5,13,4,4,10,5,5,1,9,2,43,2,9,6,1,7,9,1,10,2,11,,44,,1,22,121.5499302,25.0055786
113,2,15,7,52,2,10文山區,文山區福興路82巷與福興路口84號,0,0,2,4,H02,8,6,5,30,14,9,1,5,4,5,13,4,4,10,5,5,1,9,1,8,2,9,6,5,7,20,8,20,10,16,,67,,1,14,121.5499302,25.0055786
113,2,15,7,52,2,10文山區,文山區福興路82巷與福興路口84號,0,0,2,2,H02,8,6,5,30,14,9,1,5,4,5,13,4,4,10,5,5,1,9,1,12,3,10,7,5,7,19,8,20,10,16,,126,,1,14,121.5499302,25.0055786
113,2,15,7,52,2,10文山區,文山區羅斯福路6段142巷與羅斯福路6段150巷口,0,0,1,1,F01,8,6,5,40,4,2,1,5,4,5,13,4,4,10,5,5,2,17,2,75,2,7,4,1,7,1,8,20,11,11,,19,,1,21,121.540506,24.9963014
113,2,15,7,52,2,10文山區,文山區羅斯福路6段142巷與羅斯福路6段150巷口,0,0,1,2,B03,8,6,5,40,4,2,1,5,4,5,13,4,4,10,5,5,2,17,1,49,3,10,7,1,7,9,1,8,11,5,,108,,1,21,121.540506,24.9963014
113,2,15,7,56,2,06松山區,松山區民權東路4段與新中街口,0,0,3,1,C03,8,6,5,50,3,2,1,5,4,5,13,1,1,8,3,4,1,17,1,39,2,9,3,1,7,9,1,10,1,11,,16,,1,22,121.5601139,25.0623623
113,2,15,7,56,2,06松山區,松山區民權東路4段與新中街口,0,0,3,2,C03,8,6,5,50,3,2,1,5,4,5,13,1,1,8,3,4,1,17,1,24,2,9,3,1,7,9,1,10,1,13,,44,,1,22,121.5601139,25.0623623
113,2,15,7,56,2,06松山區,松山區民權東路4段與新中街口,0,0,3,3,C03,8,6,5,50,3,2,1,5,4,5,13,1,1,8,3,4,1,17,1,40,3,10,3,1,7,9,1,10,1,17,,44,,1,22,121.5601139,25.0623623
113,2,15,7,56,2,06松山區,松山區民權東路4段與新中街口,0,0,3,4,C03,8,6,5,50,3,2,1,5,4,5,13,1,1,8,3,4,1,17,2,37,2,7,3,1,7,9,1,10,1,11,,108,,1,22,121.5601139,25.0623623
113,2,15,7,56,2,06松山區,松山區民權東路4段與新中街口,0,0,3,5,C03,8,6,5,50,3,2,1,5,4,5,13,1,1,8,3,4,1,17,4,0,,,,,,,,,11,,,119,,2,,121.5601139,25.0623623
113,2,15,7,56,2,06松山區,松山區民權東路4段與新中街口,0,0,3,6,C03,8,6,5,50,3,2,1,5,4,5,13,1,1,8,3,4,1,17,4,0,,,,,,,,,11,,,119,,2,,121.5601139,25.0623623
113,2,15,8,0,2,12內湖區,內湖區文德路208巷20號,0,0,1,1,C03,8,6,5,50,4,1,1,5,4,5,13,2,1,5,5,5,2,16,1,31,3,10,6,1,7,6,1,10,1,12,,9,,1,21,121.58362,25.07710969
113,2,15,8,0,2,12內湖區,內湖區文德路208巷20號,0,0,1,2,C03,8,6,5,50,4,1,1,5,4,5,13,2,1,5,5,5,2,16,1,37,2,9,6,1,7,9,1,10,1,14,,108,,1,21,121.58362,25.07710969
113,2,15,8,5,2,05中正區,中正區三元街與寧波西街口,0,0,1,1,B03,8,6,5,50,4,1,1,5,4,5,13,1,1,3,4,4,2,16,1,42,3,10,7,1,7,5,1,8,2,6,,8,,1,21,121.5113244,25.0279466
113,2,15,8,5,2,05中正區,中正區三元街與寧波西街口,0,0,1,2,C03,8,6,5,50,4,1,1,5,4,5,13,1,1,3,4,4,2,16,1,35,2,9,5,1,7,9,1,10,2,11,,13,,1,21,121.5113244,25.0279466
113,2,15,8,5,2,12內湖區,內湖區環山路1段與內湖路1段口,0,0,1,1,A02,8,7,5,50,4,1,1,5,4,5,13,1,1,1,3,4,1,13,1,49,3,10,3,4,7,6,1,2,1,1,,108,,1,21,121.5654895,25.08252886
113,2,15,8,5,2,12內湖區,內湖區環山路1段與內湖路1段口,0,0,1,2,C03,8,7,5,50,4,1,1,5,4,5,13,1,1,1,3,4,1,13,1,36,2,9,3,4,7,5,1,10,1,13,,44,,1,21,121.5654895,25.08252886
113,2,15,8,17,2,12內湖區,內湖區陽光街與陽光街285巷口,0,0,2,1,C03,8,7,5,50,3,1,1,5,4,5,13,4,4,5,4,4,2,16,1,46,2,9,6,1,7,5,1,10,1,14,,8,,1,21,121.5800698,25.074121
113,2,15,8,17,2,12內湖區,內湖區陽光街與陽光街285巷口,0,0,2,2,C03,8,7,5,50,3,1,1,5,4,5,13,4,4,5,4,4,2,16,1,47,2,9,6,1,7,9,1,10,1,12,,4,,1,21,121.5800698,25.074121
113,2,15,8,32,2,09北投區,北投區承德路7段第1205070號燈桿,0,0,2,1,B03,8,6,5,60,14,7,1,5,4,5,13,4,4,1,2,5,2,13,1,44,2,1,7,1,7,1,1,8,2,7,,19,,1,21,121.5032908,25.1177612
113,2,15,8,32,2,09北投區,北投區承德路7段第1205070號燈桿,0,0,2,2,C03,8,6,5,60,14,7,1,5,4,5,13,4,4,1,2,5,2,13,1,54,2,9,5,1,7,9,1,10,2,11,12,44,,1,21,121.5032908,25.1177612
113,2,15,8,32,2,09北投區,北投區承德路7段第1205070號燈桿,0,0,2,3,C03,8,6,5,60,14,7,1,5,4,5,13,4,4,1,2,5,2,13,1,25,4,11,5,1,7,9,1,10,2,14,,44,,1,21,121.5032908,25.1177612
113,2,15,8,45,2,03中山區,中山區南京東路3段19號,0,0,2,1,C03,8,6,5,50,14,9,1,5,4,5,13,4,4,3,4,5,2,17,1,26,2,7,6,1,7,9,1,10,1,11,,16,,1,21,121.5281468,25.05215969
113,2,15,8,45,2,03中山區,中山區南京東路3段19號,0,0,2,2,C03,8,6,5,50,14,9,1,5,4,5,13,4,4,3,4,5,2,17,1,63,2,8,6,1,7,12,1,10,1,13,,44,,1,21,121.5281468,25.05215969
113,2,15,8,45,2,03中山區,中山區南京東路3段19號,0,0,2,3,B03,8,6,5,50,14,9,1,5,4,5,13,4,4,3,4,5,2,17,2,63,3,10,7,1,7,8,1,8,1,17,,100,,1,21,121.5281468,25.05215969
113,2,15,9,0,2,09北投區,北投區承德路6段與福國路口,0,0,1,1,B03,8,6,5,60,14,9,1,5,4,5,13,1,1,9,4,4,2,16,1,36,3,10,7,1,7,6,1,8,1,7,,80,,1,21,121.5121162,25.1017361
113,2,15,9,0,2,09北投區,北投區承德路6段與福國路口,0,0,1,2,C03,8,6,5,60,14,9,1,5,4,5,13,1,1,9,4,4,2,16,1,29,2,9,5,1,7,9,1,10,1,11,,44,,1,21,121.5121162,25.1017361
113,2,15,9,13,2,07信義區,信義區信義路6段42號,0,0,1,1,C03,8,5,5,50,14,9,1,5,4,5,13,4,4,9,4,5,2,17,1,23,2,9,6,1,7,6,1,10,1,13,,9,,1,22,121.5759834,25.0345307
113,2,15,9,13,2,07信義區,信義區信義路6段42號,0,0,1,2,A02,8,5,5,50,14,9,1,5,4,5,13,4,4,9,4,5,2,17,1,41,3,10,7,1,7,9,1,2,1,5,,44,,1,22,121.5759834,25.0345307
113,2,15,9,20,2,08士林區,士林區中山北路6段370號,0,0,1,1,C03,8,6,5,50,14,9,1,5,4,5,13,4,4,1,4,5,2,13,1,60,2,8,6,1,7,9,1,10,1,11,,16,,1,21,121.5264117,25.112425
113,2,15,9,20,2,08士林區,士林區中山北路6段370號,0,0,1,2,B03,8,6,5,50,14,9,1,5,4,5,13,4,4,1,4,5,2,13,1,56,3,10,7,1,7,9,1,8,1,6,,44,,1,21,121.5264117,25.112425
113,2,15,9,31,2,01大同區,大同區環河北路1段與長安西路口,0,0,1,1,C03,8,6,5,50,3,1,1,5,4,5,13,1,1,9,4,5,2,17,2,50,3,10,6,4,7,6,1,10,11,15,,9,,2,21,121.5073597,25.0523472
113,2,15,9,31,2,01大同區,大同區環河北路1段與長安西路口,0,0,1,2,C03,8,6,5,50,3,1,1,5,4,5,13,1,1,9,4,5,2,17,2,24,2,5,5,1,7,6,1,10,2,14,,44,,1,21,121.5073597,25.0523472
113,2,15,10,7,2,08士林區,士林區承德路5段60號,0,0,1,1,C03,8,6,5,40,14,9,1,5,4,5,13,4,4,10,5,5,1,17,4,44,,,,,,,,,9,,,119,,2,,121.5150679,25.0928741
113,2,15,10,7,2,08士林區,士林區承德路5段60號,0,0,1,2,C03,8,6,5,40,14,9,1,5,4,5,13,4,4,10,5,5,1,17,1,25,2,9,5,1,7,12,1,10,1,14,,16,,1,21,121.5150679,25.0928741
113,2,15,10,50,2,09北投區,北投區大業路65巷與大業路口,0,0,1,1,B01,7,6,5,30,14,9,1,5,4,5,13,4,4,9,5,5,2,16,2,60,3,10,7,1,7,6,1,4,1,8,,80,,1,21,121.4989555,25.12323416
113,2,15,10,50,2,09北投區,北投區大業路65巷與大業路口,0,0,1,2,C03,7,6,5,30,14,9,1,5,4,5,13,4,4,9,5,5,2,16,2,62,2,9,5,1,7,9,1,10,1,12,,14,,1,21,121.4989555,25.12323416
113,2,15,11,15,2,01大同區,大同區歸綏街234號,0,0,2,1,C03,8,6,5,30,14,9,1,5,4,5,13,4,4,9,4,5,2,17,1,67,2,9,6,4,7,5,1,10,1,12,,8,,1,22,121.5092904,25.0581183
113,2,15,11,15,2,01大同區,大同區歸綏街234號,0,0,2,2,C03,8,6,5,30,14,9,1,5,4,5,13,4,4,9,4,5,2,17,1,26,2,9,6,4,7,9,1,10,1,11,,44,,1,22,121.5092904,25.0581183
113,2,15,11,18,2,06松山區,松山區民權東路3段106巷與復興北路361巷口,0,0,2,1,C03,8,5,5,30,4,1,1,5,4,5,13,4,4,10,5,5,2,15,1,36,2,9,5,1,7,9,1,10,1,11,,80,,1,22,121.5448924,25.06045762
113,2,15,11,18,2,06松山區,松山區民權東路3段106巷與復興北路361巷口,0,0,2,2,C03,8,5,5,30,4,1,1,5,4,5,13,4,4,10,5,5,2,15,1,53,2,8,5,1,7,9,1,10,1,12,,108,,1,22,121.5448924,25.06045762
113,2,15,11,45,2,12內湖區,內湖區舊宗路1段與行善路口,0,0,1,1,B03,8,7,5,50,4,1,1,5,4,5,13,1,1,3,2,5,2,16,1,35,3,10,7,1,7,11,1,8,1,1,,10,,1,21,121.5806505,25.0589855
113,2,15,11,45,2,12內湖區,內湖區舊宗路1段與行善路口,0,0,1,2,C03,8,7,5,50,4,1,1,5,4,5,13,1,1,3,2,5,2,16,1,27,2,9,6,1,7,9,1,10,1,14,,44,,1,21,121.5806505,25.0589855
113,2,15,12,42,2,03中山區,中山區長春路310號對面,0,0,1,1,B03,8,7,5,0,14,8,1,5,4,5,13,4,4,9,4,4,2,17,1,73,3,10,7,1,7,1,1,8,1,3,,19,,1,21,121.540065,25.05473049
113,2,15,12,42,2,03中山區,中山區長春路310號對面,0,0,1,2,C03,8,7,5,0,14,8,1,5,4,5,13,4,4,9,4,4,2,17,2,43,2,7,6,1,7,9,1,10,1,11,,44,,1,21,121.540065,25.05473049
113,2,15,12,48,2,09北投區,北投區中央北路4段與中央北路4段515巷口,0,0,1,1,C03,8,7,5,50,3,2,1,5,4,5,13,2,1,5,4,5,1,16,1,61,3,10,6,1,7,6,1,10,1,12,,101,,1,22,121.4682287,25.1280769
113,2,15,12,48,2,09北投區,北投區中央北路4段與中央北路4段515巷口,0,0,1,2,C03,8,7,5,50,3,2,1,5,4,5,13,2,1,5,4,5,1,16,2,19,2,9,6,1,7,9,1,10,1,14,,44,,1,22,121.4682287,25.1280769
113,2,15,13,25,2,09北投區,北投區立農街1段與立農街1段320巷口,0,0,2,1,C03,8,6,5,30,4,1,1,5,4,5,13,4,4,10,5,5,2,15,2,46,2,9,5,1,7,9,1,10,1,12,,72,,1,21,121.5067367,25.1194989
113,2,15,13,25,2,09北投區,北投區立農街1段與立農街1段320巷口,0,0,2,2,C03,8,6,5,30,4,1,1,5,4,5,13,4,4,10,5,5,2,15,1,70,2,9,5,1,7,9,1,10,1,11,,13,,1,21,121.5067367,25.1194989
113,2,15,13,50,2,09北投區,北投區西安街1段與文林北路94巷口,0,0,1,1,B03,8,6,5,50,4,1,1,5,4,5,13,2,1,1,4,5,2,12,2,65,3,10,7,1,7,1,1,8,1,7,,19,,1,21,121.5199277,25.10781755
113,2,15,13,50,2,09北投區,北投區西安街1段與文林北路94巷口,0,0,1,2,C03,8,6,5,50,4,1,1,5,4,5,13,2,1,1,4,5,2,12,1,21,2,8,5,1,7,9,1,10,1,11,,13,,1,21,121.5199277,25.10781755
113,2,15,14,10,2,06松山區,松山區塔悠路與南京東路5段389巷5弄口,0,0,1,1,B12,8,6,5,30,3,1,1,5,4,5,13,4,4,9,4,5,2,17,1,37,3,10,7,4,7,6,1,8,1,8,,72,,1,22,121.5701654,25.0518613
113,2,15,14,10,2,06松山區,松山區塔悠路與南京東路5段389巷5弄口,0,0,1,2,C03,8,6,5,30,3,1,1,5,4,5,13,4,4,9,4,5,2,17,1,50,2,9,6,4,7,9,1,10,1,12,,44,,1,22,121.5701654,25.0518613
113,2,15,14,20,2,03中山區,中山區建國北路1段78巷8號,0,0,1,1,B03,8,6,5,30,14,24,1,5,4,5,13,4,4,10,4,5,2,12,1,65,3,10,3,4,7,6,1,8,1,6,,17,,1,21,121.5359502,25.0494227
113,2,15,14,20,2,03中山區,中山區建國北路1段78巷8號,0,0,1,2,F02,8,6,5,30,14,24,1,5,4,5,13,4,4,10,4,5,2,12,2,73,2,9,3,4,7,13,8,20,1,11,,44,,1,21,121.5359502,25.0494227
113,2,15,15,40,2,08士林區,士林區重陽橋機車道 往三重,0,0,1,1,C03,8,5,5,50,11,11,1,5,4,5,13,4,4,1,3,1,1,12,1,33,3,10,5,1,7,9,1,10,11,15,,118,,1,22,121.5053361,25.08582803
113,2,15,15,40,2,08士林區,士林區重陽橋機車道 往三重,0,0,1,2,C03,8,5,5,50,11,11,1,5,4,5,13,4,4,1,3,1,1,12,1,46,2,7,5,1,7,9,1,9,2,14,,118,,1,21,121.5053361,25.08582803
113,2,15,16,5,2,07信義區,信義區松信路148號,0,0,2,1,F01,8,7,5,50,14,9,1,5,4,5,13,1,1,9,4,5,2,13,1,83,2,9,4,1,7,8,8,20,1,13,,5,,1,21,121.5719871,25.0437771
113,2,15,16,5,2,07信義區,信義區松信路148號,0,0,2,2,C03,8,7,5,50,14,9,1,5,4,5,13,1,1,9,4,5,2,13,1,20,2,9,5,1,7,9,1,10,1,11,,44,,1,21,121.5719871,25.0437771
113,2,15,16,39,2,02萬華區,萬華區民和街與德昌街132巷口,0,0,2,1,C03,8,7,5,30,4,1,1,5,4,5,13,4,4,9,5,5,2,15,2,37,2,9,6,1,7,9,1,10,1,12,,14,,1,22,121.4963294,25.0248961
113,2,15,16,39,2,02萬華區,萬華區民和街與德昌街132巷口,0,0,2,2,C03,8,7,5,30,4,1,1,5,4,5,13,4,4,9,5,5,2,15,1,53,2,9,6,1,7,9,1,10,1,12,,14,,1,22,121.4963294,25.0248961
113,2,15,16,49,2,01大同區,大同區重慶北路1段與長安西路口,0,0,1,1,C03,8,6,5,50,4,1,1,5,4,5,13,1,1,1,4,5,2,17,1,19,2,9,6,1,7,9,1,10,1,14,,44,,1,21,121.5138895,25.05163763
113,2,15,16,49,2,01大同區,大同區重慶北路1段與長安西路口,0,0,1,2,C03,8,6,5,50,4,1,1,5,4,5,13,1,1,1,4,5,2,17,2,26,3,10,6,1,7,8,1,10,1,15,,100,,1,21,121.5138895,25.05163763
113,2,15,16,51,2,12內湖區,內湖區舊宗路2段與舊宗路2段口五汐高架南下出口,0,0,1,1,C03,8,6,5,50,4,1,1,5,4,5,13,2,1,3,4,5,2,13,1,71,2,9,5,1,7,9,1,10,1,12,,108,,1,21,121.5748267,25.07079621
113,2,15,16,51,2,12內湖區,內湖區舊宗路2段與舊宗路2段口五汐高架南下出口,0,0,1,2,C03,8,6,5,50,4,1,1,5,4,5,13,2,1,3,4,5,2,13,2,54,3,10,5,1,7,12,1,10,1,13,,44,,1,21,121.5748267,25.07079621
113,2,15,16,51,2,12內湖區,內湖區舊宗路2段與舊宗路2段口五汐高架南下出口,0,0,1,3,B03,8,6,5,50,4,1,1,5,4,5,13,2,1,3,4,5,2,13,1,59,3,10,7,1,7,6,1,8,1,17,,71,,1,21,121.5748267,25.07079621
113,2,15,17,5,2,10文山區,文山區萬壽橋與新光路1段口,0,0,1,1,B12,8,6,5,50,4,1,1,5,4,5,13,1,1,10,5,5,2,17,1,23,3,10,3,4,7,5,1,8,2,1,,71,,1,21,121.5736484,24.9916817
113,2,15,17,5,2,10文山區,文山區萬壽橋與新光路1段口,0,0,1,2,C03,8,6,5,50,4,1,1,5,4,5,13,1,1,10,5,5,2,17,1,21,2,9,5,4,7,9,1,10,2,11,,42,,1,21,121.5736484,24.9916817
113,2,15,17,18,2,03中山區,中山區吉林路與長安東路2段口,0,0,1,1,A05,7,5,5,50,4,1,1,5,4,5,13,1,1,5,4,5,2,16,1,56,3,10,3,4,7,6,1,2,1,8,,42,,1,21,121.5298233,25.0485615
113,2,15,17,18,2,03中山區,中山區吉林路與長安東路2段口,0,0,1,2,C03,7,5,5,50,4,1,1,5,4,5,13,1,1,5,4,5,2,16,1,31,2,1,3,4,7,9,1,10,1,12,,107,,1,21,121.5298233,25.0485615
113,2,15,17,18,2,04大安區,大安區市民大道4段136-4號,0,0,2,1,C02,8,7,5,40,14,9,1,5,4,5,13,4,4,1,4,5,2,12,1,33,2,9,3,4,7,8,1,9,1,12,,100,,1,21,121.5504159,25.0445615
113,2,15,17,18,2,04大安區,大安區市民大道4段136-4號,0,0,2,2,C03,8,7,5,40,14,9,1,5,4,5,13,4,4,1,4,5,2,12,1,18,2,9,3,4,7,9,1,10,1,12,,44,,1,21,121.5504159,25.0445615
113,2,15,17,33,2,01大同區,大同區鄭州路71號,0,0,3,1,C03,7,6,5,40,14,9,1,5,4,5,13,4,4,1,4,5,2,13,1,40,2,9,5,4,7,9,1,10,1,11,,16,,1,21,121.5122291,25.0497204
113,2,15,17,33,2,01大同區,大同區鄭州路71號,0,0,3,2,B03,7,6,5,40,14,9,1,5,4,5,13,4,4,1,4,5,2,13,1,48,3,10,7,4,7,9,1,8,1,6,,44,,1,21,121.5122291,25.0497204
113,2,15,17,33,2,01大同區,大同區鄭州路71號,0,0,3,3,H02,7,6,5,40,14,9,1,5,4,5,13,4,4,1,4,5,2,13,2,37,2,8,5,5,7,20,8,20,10,16,,67,,1,21,121.5122291,25.0497204
113,2,15,17,33,2,01大同區,大同區鄭州路71號,0,0,3,4,H02,7,6,5,40,14,9,1,5,4,5,13,4,4,1,4,5,2,13,2,6,2,1,5,5,7,20,8,20,10,16,,67,,1,21,121.5122291,25.0497204
113,2,15,18,4,2,07信義區,信義區永吉路30巷與永吉路30巷12弄口,0,0,1,1,B03,7,5,5,30,4,1,1,5,4,5,13,4,4,9,5,5,2,14,1,33,3,10,3,4,7,2,1,7,2,3,,42,,1,22,121.5688105,25.0451615
113,2,15,18,4,2,07信義區,信義區永吉路30巷與永吉路30巷12弄口,0,0,1,2,F01,7,5,5,30,4,1,1,5,4,5,13,4,4,9,5,5,2,14,2,25,2,9,4,1,7,9,8,20,2,11,,108,,1,22,121.5688105,25.0451615