發生年度,發生月,發生日,發生時-Hours,發生分,處理別-編號,區序,肇事地點,死亡人數,2-30日死亡人數,受傷人數,當事人序號,車種,天候,道路照明設備,道路類別,速限-速度限制,道路型態,事故位置,路面狀況1,路面狀況2,路面狀況3,道路障礙1,道路障礙2,號誌1,號誌2,車道劃分-分向,車道劃分-分道1,車道劃分-分道2,車道劃分-分道3,事故類型及型態,性別,年齡,受傷程度,主要傷處,保護裝置,行動電話,車輛用途,當事者行動狀態,駕駛資格情形,駕駛執照種類,飲酒情形,車輛撞擊部位1,車輛撞擊部位2,肇因碼-個別,肇因碼-主要,個人肇逃否,職業,座標-X,座標-Y
113,2,15,18,15,2,03中山區,中山區市民大道3段19號,0,0,1,1,C03,8,5,5,40,14,9,1,5,4,5,13,4,4,5,4,5,2,13,1,22,3,10,3,4,7,9,1,10,1,11,,118,,1,21,121.5335084,25.045342
113,2,15,18,15,2,03中山區,中山區市民大道3段19號,0,0,1,2,C03,8,5,5,40,14,9,1,5,4,5,13,4,4,5,4,5,2,13,2,27,2,6,3,4,7,9,1,10,1,13,,118,,1,21,121.5335084,25.045342
113,2,15,18,26,2,11南港區,南港區園區街18號,0,0,2,1,C03,8,5,5,30,14,9,1,5,4,5,13,4,4,9,4,5,2,16,2,32,2,8,5,1,7,1,1,10,1,14,,19,,1,22,121.6132202,25.0590366
113,2,15,18,26,2,11南港區,南港區園區街18號,0,0,2,2,C03,8,5,5,30,14,9,1,5,4,5,13,4,4,9,4,5,2,16,1,60,2,3,5,1,7,9,1,10,1,11,,13,,1,22,121.6132202,25.0590366
113,2,15,18,34,2,08士林區,士林區大南路與承德路4段266巷口,0,0,1,1,C03,8,5,5,50,3,1,1,5,4,5,13,4,4,10,5,5,1,17,2,28,2,9,6,1,7,10,1,10,2,11,,102,,1,21,121.5204358,25.0885506
113,2,15,18,34,2,08士林區,士林區大南路與承德路4段266巷口,0,0,1,2,C03,8,5,5,50,3,1,1,5,4,5,13,4,4,10,5,5,1,17,1,43,3,10,6,1,7,11,1,10,2,13,,42,,1,21,121.5204358,25.0885506
113,2,15,18,39,2,05中正區,中正區重慶南路1段124號,0,0,1,1,B03,7,5,5,50,14,9,1,5,4,5,13,4,4,9,4,5,1,12,1,52,3,10,7,1,7,13,1,8,2,4,,40,,1,22,121.5126214,25.0373948
113,2,15,18,39,2,05中正區,中正區重慶南路1段124號,0,0,1,2,C03,7,5,5,50,14,9,1,5,4,5,13,4,4,9,4,5,1,12,1,46,2,9,6,1,7,9,1,10,2,12,,44,,1,22,121.5126214,25.0373948
113,2,15,18,41,2,05中正區,中正區忠孝東路2段1號,0,0,2,1,C03,8,5,5,50,14,9,1,5,4,5,13,2,1,3,4,5,2,13,2,45,2,9,6,1,7,12,1,10,2,11,,16,,1,21,121.5271917,25.0439448
113,2,15,18,41,2,05中正區,中正區忠孝東路2段1號,0,0,2,2,C03,8,5,5,50,14,9,1,5,4,5,13,2,1,3,4,5,2,13,2,48,2,9,6,1,7,15,1,10,2,13,,44,,1,21,121.5271917,25.0439448
113,2,15,19,33,2,02萬華區,萬華區桂林路與昆明街口,0,0,1,1,C03,8,5,5,50,4,1,1,5,4,5,13,2,1,9,4,5,2,13,1,46,2,9,6,1,7,9,1,10,1,13,,42,,1,22,121.5041079,25.0378131
113,2,15,19,33,2,02萬華區,萬華區桂林路與昆明街口,0,0,1,2,B01,8,5,5,50,4,1,1,5,4,5,13,2,1,9,4,5,2,13,1,57,3,10,3,4,7,9,1,4,1,1,,108,,1,21,121.5041079,25.0378131
113,2,15,19,40,2,07信義區,信義區忠孝東路5段與忠孝東路5段15巷口,0,0,1,1,B01,7,5,5,30,3,1,1,5,4,5,13,4,4,10,4,5,1,17,1,60,3,10,7,1,7,6,1,4,1,8,,14,,1,21,121.5652956,25.0412249
113,2,15,19,40,2,07信義區,信義區忠孝東路5段與忠孝東路5段15巷口,0,0,1,2,C03,7,5,5,30,3,1,1,5,4,5,13,4,4,10,4,5,1,17,2,25,2,7,6,1,7,9,1,10,1,13,,44,,1,21,121.5652956,25.0412249
113,2,15,19,43,2,01大同區,大同區南京西路與華亭街口,0,0,1,1,B03,7,5,5,50,3,1,1,5,4,5,13,4,4,5,2,5,2,15,1,39,3,10,7,4,7,9,1,8,1,8,,108,,1,21,121.5125862,25.0540417
113,2,15,19,43,2,01大同區,大同區南京西路與華亭街口,0,0,1,2,F01,7,5,5,50,3,1,1,5,4,5,13,4,4,5,2,5,2,15,2,45,2,7,4,4,7,9,8,20,1,12,,16,,1,21,121.5125862,25.0540417
113,2,15,20,33,2,02萬華區,萬華區中華路1段108號,0,0,1,1,B01,8,5,5,50,14,9,1,5,4,5,13,4,4,1,4,5,2,12,1,55,3,10,3,4,7,7,1,4,1,4,,100,,1,21,121.5084351,25.043471
113,2,15,20,33,2,02萬華區,萬華區中華路1段108號,0,0,1,2,C03,8,5,5,50,14,9,1,5,4,5,13,4,4,1,4,5,2,12,1,37,2,9,6,1,7,9,1,10,1,12,,108,,1,22,121.5084351,25.043471
113,2,15,20,42,2,12內湖區,內湖區成功路3段174巷與內湖路2段口,0,0,1,1,C03,8,5,5,50,4,2,1,5,4,5,13,2,1,5,5,5,2,17,1,62,3,10,6,1,7,9,1,10,1,14,,108,,1,21,121.5903271,25.08197754
113,2,15,20,42,2,12內湖區,內湖區成功路3段174巷與內湖路2段口,0,0,1,2,C03,8,5,5,50,4,2,1,5,4,5,13,2,1,5,5,5,2,17,1,41,2,8,6,1,7,14,1,10,1,13,,44,,1,21,121.5903271,25.08197754
113,2,15,20,45,2,02萬華區,萬華區萬大路與莒光路口,0,0,1,1,B03,8,6,5,50,4,1,1,5,4,5,13,2,1,5,4,5,2,17,1,41,3,10,7,1,7,6,1,8,1,6,,44,,1,21,121.5004566,25.03119449
113,2,15,20,45,2,02萬華區,萬華區萬大路與莒光路口,0,0,1,2,F01,8,6,5,50,4,1,1,5,4,5,13,2,1,5,4,5,2,17,1,58,2,1,4,1,7,9,8,20,1,11,,44,,1,21,121.5004566,25.03119449
113,2,15,21,38,2,04大安區,大安區建國南路1段與市民大道3段口,0,0,1,1,F01,8,5,5,50,4,1,1,5,4,5,13,2,1,1,4,1,2,15,1,18,4,11,3,4,7,15,8,20,1,17,,81,,1,21,121.536359,25.0446052
113,2,15,21,38,2,04大安區,大安區建國南路1段與市民大道3段口,0,0,1,2,C03,8,5,5,50,4,1,1,5,4,5,13,2,1,1,4,1,2,15,1,29,2,9,3,4,7,9,1,10,1,14,,13,,1,21,121.536359,25.0446052
113,2,15,21,43,2,04大安區,大安區仁愛路3段與仁愛路3段5巷口,0,0,2,1,C03,8,5,5,50,3,2,1,5,4,5,13,4,4,10,4,5,1,13,1,29,2,8,6,4,7,9,1,10,2,11,,16,,1,21,121.5334627,25.0383217
113,2,15,21,43,2,04大安區,大安區仁愛路3段與仁愛路3段5巷口,0,0,2,2,C03,8,5,5,50,3,2,1,5,4,5,13,4,4,10,4,5,1,13,1,18,2,9,6,4,7,12,1,10,2,13,,44,,1,21,121.5334627,25.0383217
113,2,15,21,44,2,06松山區,松山區八德路3段12巷16弄與八德路3段8巷口,0,0,2,1,C03,8,5,5,50,4,1,1,5,4,5,13,4,4,9,4,5,2,15,1,31,2,9,5,1,7,9,1,10,1,14,,72,,1,22,121.549717,25.0471391
113,2,15,21,44,2,06松山區,松山區八德路3段12巷16弄與八德路3段8巷口,0,0,2,2,C03,8,5,5,50,4,1,1,5,4,5,13,4,4,9,4,5,2,15,1,19,2,9,5,1,7,9,1,10,1,11,,44,,1,22,121.549717,25.0471391
113,2,15,22,15,2,02萬華區,萬華區環河快速道路（近燈桿6011200),0,0,2,1,C02,8,5,5,40,14,16,1,5,4,5,13,4,4,10,4,5,2,13,1,31,2,9,6,4,7,9,1,9,1,13,,44,,1,22,121.5032463,25.0464433
113,2,15,22,15,2,02萬華區,萬華區環河快速道路（近燈桿6011200),0,0,2,2,B02,8,5,5,40,14,16,1,5,4,5,13,4,4,10,4,5,2,13,1,29,3,10,3,4,7,9,1,8,1,1,,16,,1,22,121.5032463,25.0464433
113,2,15,22,15,2,02萬華區,萬華區環河快速道路（近燈桿6011200),0,0,2,3,B03,8,5,5,40,14,16,1,5,4,5,13,4,4,10,4,5,2,13,1,39,3,10,3,4,7,9,1,8,1,1,,16,,1,22,121.5032463,25.0464433
113,2,15,22,15,2,02萬華區,萬華區環河快速道路（近燈桿6011200),0,0,2,4,H02,8,5,5,40,14,16,1,5,4,5,13,4,4,10,4,5,2,13,2,26,2,9,6,5,7,20,8,20,10,16,,67,,1,22,121.5032463,25.0464433
113,2,15,22,28,2,02萬華區,萬華區中華路2段與廣州街口,0,0,2,1,C03,8,5,5,50,4,1,1,5,4,5,13,1,1,4,1,5,2,12,1,39,3,10,6,1,7,8,1,10,1,13,,100,,1,22,121.5066256,25.0360612
113,2,15,22,28,2,02萬華區,萬華區中華路2段與廣州街口,0,0,2,2,C03,8,5,5,50,4,1,1,5,4,5,13,1,1,4,1,5,2,12,2,20,2,8,6,1,7,9,1,10,1,11,,108,,1,22,121.5066256,25.0360612
113,2,15,22,28,2,02萬華區,萬華區中華路2段與廣州街口,0,0,2,3,H02,8,5,5,50,4,1,1,5,4,5,13,1,1,4,1,5,2,12,2,35,2,5,4,5,7,20,8,20,10,16,,67,,1,22,121.5066256,25.0360612
113,2,15,23,28,2,03中山區,中山區林森北路與錦州街口,0,0,1,1,C03,8,5,5,50,22,9,1,5,4,5,13,2,1,10,5,5,1,16,1,26,2,9,5,1,7,9,1,10,1,11,,108,,1,21,121.5256055,25.060276
113,2,15,23,28,2,03中山區,中山區林森北路與錦州街口,0,0,1,2,B01,8,5,5,50,22,9,1,5,4,5,13,2,1,10,5,5,1,16,1,42,3,10,7,1,7,5,1,4,1,6,,71,,1,21,121.5256055,25.060276
113,2,16,1,12,2,11南港區,南港區忠孝東路7段與中南街口,0,0,2,1,C03,8,5,5,40,4,1,1,5,4,5,13,2,1,1,4,5,1,15,1,23,2,8,5,4,7,9,1,10,1,11,,81,,1,22,121.6152291,25.0531352
113,2,16,1,12,2,11南港區,南港區忠孝東路7段與中南街口,0,0,2,2,C03,8,5,5,40,4,1,1,5,4,5,13,2,1,1,4,5,1,15,1,66,2,9,5,4,7,9,1,10,1,14,,44,,1,22,121.6152291,25.0531352
113,2,16,6,40,2,08士林區,士林區士林橋與文林路594巷口,0,0,1,1,C03,7,6,5,50,5,1,1,5,4,5,13,3,1,5,5,4,2,18,2,46,2,7,6,1,7,9,1,10,1,12,,108,,1,21,121.5237088,25.0984783
113,2,16,6,40,2,08士林區,士林區士林橋與文林路594巷口,0,0,1,2,,7,6,5,50,5,1,1,5,4,5,13,3,1,5,5,4,2,18,3,0,,,,,,,,,,,,67,,1,,121.5237088,25.0984783
113,2,16,7,15,2,05中正區,中正區南海路與牯嶺街口,0,0,1,1,C03,7,7,5,30,5,1,1,5,4,5,13,1,1,1,4,5,2,15,2,39,2,9,5,1,7,9,1,10,2,12,,81,,1,22,121.514945,25.0319998
113,2,16,7,15,2,05中正區,中正區南海路與牯嶺街口,0,0,1,2,B03,7,7,5,30,5,1,1,5,4,5,13,1,1,1,4,5,2,15,1,63,3,10,7,1,7,9,1,8,2,1,,13,,1,22,121.514945,25.0319998
113,2,16,7,37,2,11南港區,南港區興中路與忠孝東路7段口,0,0,2,1,C03,7,6,5,50,3,1,1,5,4,5,13,2,1,1,4,5,2,13,1,27,2,7,5,1,7,9,1,10,1,12,,16,,1,22,121.6081755,25.0522987
113,2,16,7,37,2,11南港區,南港區興中路與忠孝東路7段口,0,0,2,2,C03,7,6,5,50,3,1,1,5,4,5,13,2,1,1,4,5,2,13,2,29,2,8,5,1,7,9,1,10,1,11,,16,,1,22,121.6081755,25.0522987
113,2,16,7,37,2,11南港區,南港區興中路與忠孝東路7段口,0,0,2,3,B03,7,6,5,50,3,1,1,5,4,5,13,2,1,1,4,5,2,13,1,44,3,10,7,1,7,9,3,18,1,3,,44,,1,22,121.6081755,25.0522987
113,2,16,7,45,2,12內湖區,內湖區行忠路與行愛路口,0,0,1,1,C03,7,6,5,50,4,1,1,5,4,5,13,1,1,1,3,5,1,11,2,26,2,9,6,1,7,9,1,10,2,11,,108,,1,21,121.5788322,25.0659523
113,2,16,7,45,2,12內湖區,內湖區行忠路與行愛路口,0,0,1,2,A02,7,6,5,50,4,1,1,5,4,5,13,1,1,1,3,5,1,11,1,48,3,10,7,1,7,1,1,8,2,4,,85,,1,21,121.5788322,25.0659523
113,2,16,7,47,2,01大同區,大同區重慶北路3段與民族西路口,0,0,1,1,B02,7,6,5,50,4,2,1,5,4,5,13,1,1,5,2,5,2,17,1,76,3,10,7,1,7,6,1,8,1,2,,9,,1,21,121.5136259,25.0685573
113,2,16,7,47,2,01大同區,大同區重慶北路3段與民族西路口,0,0,1,2,C03,7,6,5,50,4,2,1,5,4,5,13,1,1,5,2,5,2,17,1,28,2,9,5,1,7,9,1,10,1,11,,13,,1,21,121.5136259,25.0685573
113,2,16,7,50,2,09北投區,北投區承德路7段與中央南路2段口,0,0,1,1,B03,7,6,5,50,5,1,1,5,4,5,13,2,1,1,4,5,2,17,2,61,3,10,7,1,7,6,1,8,1,1,,82,,1,22,121.500011,25.1210582
113,2,16,7,50,2,09北投區,北投區承德路7段與中央南路2段口,0,0,1,2,C03,7,6,5,50,5,1,1,5,4,5,13,2,1,1,4,5,2,17,1,51,2,9,6,1,7,9,1,10,1,11,,44,,1,22,121.500011,25.1210582
113,2,16,7,56,2,08士林區,士林區天母東路116號,0,0,3,1,C03,8,6,5,0,14,9,1,5,4,5,13,4,4,10,5,5,1,16,2,40,2,9,5,1,7,1,1,10,2,14,,19,,1,21,121.5368151,25.1180986
113,2,16,7,56,2,08士林區,士林區天母東路116號,0,0,3,2,C03,8,6,5,0,14,9,1,5,4,5,13,4,4,10,5,5,1,16,1,63,2,8,5,1,7,9,1,10,2,11,,44,,1,21,121.5368151,25.1180986
113,2,16,7,56,2,08士林區,士林區天母東路116號,0,0,3,3,H02,8,6,5,0,14,9,1,5,4,5,13,4,4,10,5,5,1,16,1,1,2,8,2,5,7,20,8,20,10,16,,67,,1,21,121.5368151,25.1180986
113,2,16,8,8,2,05中正區,中正區市民大道2段與金山北路口,0,0,2,1,C03,7,5,5,40,14,9,1,5,4,5,13,4,4,1,4,5,1,12,1,30,2,7,5,1,7,9,1,10,2,12,,17,,1,21,121.5299394,25.0461488
113,2,16,8,8,2,05中正區,中正區市民大道2段與金山北路口,0,0,2,2,C03,7,5,5,40,14,9,1,5,4,5,13,4,4,1,4,5,1,12,2,55,2,9,5,1,7,9,1,10,2,14,,17,,1,21,121.5299394,25.0461488
113,2,16,8,13,2,12內湖區,內湖區東湖路43巷與東湖路43巷32弄口,0,0,1,1,C02,7,6,5,30,3,1,1,5,4,5,13,4,4,10,5,5,2,3,1,50,3,10,5,1,7,9,1,9,1,11,,108,,1,21,121.6133256,25.07015266
113,2,16,8,13,2,12內湖區,內湖區東湖路43巷與東湖路43巷32弄口,0,0,1,2,H01,7,6,5,30,3,1,1,5,4,5,13,4,4,10,5,5,2,3,2,22,2,9,4,5,8,16,8,20,10,16,,53,,1,21,121.6133256,25.07015266
113,2,16,8,30,2,03中山區,中山區復興北路地下道與民族東路口,0,0,2,1,B03,8,6,5,50,7,9,1,5,4,5,13,1,1,8,3,4,2,11,1,41,3,10,3,1,7,10,1,8,1,2,,100,,1,21,121.5438662,25.0665106
113,2,16,8,30,2,03中山區,中山區復興北路地下道與民族東路口,0,0,2,2,C03,8,6,5,50,7,9,1,5,4,5,13,1,1,8,3,4,2,11,2,33,2,9,6,1,7,9,1,10,1,14,,44,,1,21,121.5438662,25.0665106
113,2,16,8,30,2,03中山區,中山區復興北路地下道與民族東路口,0,0,2,3,H02,8,6,5,50,7,9,1,5,4,5,13,1,1,8,3,4,2,11,2,25,2,9,6,5,7,21,8,20,10,16,,67,,1,21,121.5438662,25.0665106
113,2,16,8,34,2,12內湖區,內湖區康寧路3段東湖捷運站公車站牌,0,0,1,1,A02,7,6,5,50,14,9,1,5,4,5,13,4,4,1,4,5,2,6,1,41,3,10,7,1,7,1,1,2,9,2,,19,,1,21,121.6112028,25.06752939
113,2,16,8,34,2,12內湖區,內湖區康寧路3段東湖捷運站公車站牌,0,0,1,2,H01,7,6,5,50,14,9,1,5,4,5,13,4,4,1,4,5,2,6,2,43,2,9,4,5,8,18,8,20,10,16,,67,,1,21,121.6112028,25.06752939
113,2,16,9,5,2,03中山區,中山區吉林路220巷與吉林路口側附近口,0,0,1,1,C03,7,7,5,30,3,1,1,5,4,5,13,4,4,10,5,5,2,17,2,68,3,10,3,4,7,5,1,10,1,14,,80,,1,21,121.530113,25.0585108
113,2,16,9,5,2,03中山區,中山區吉林路220巷與吉林路口側附近口,0,0,1,2,F01,7,7,5,30,3,1,1,5,4,5,13,4,4,10,5,5,2,17,2,63,2,9,3,4,7,1,8,20,1,11,,19,,1,21,121.530113,25.0585108
113,2,16,9,6,2,03中山區,中山區中山北路3段與圓山涵洞口下坡處,0,0,1,1,C03,8,6,5,50,14,9,1,5,4,5,13,4,4,3,4,3,2,12,1,28,2,9,6,1,7,9,1,10,1,14,,17,,1,21,121.525725,25.07465235
113,2,16,9,6,2,03中山區,中山區中山北路3段與圓山涵洞口下坡處,0,0,1,2,B03,8,6,5,50,14,9,1,5,4,5,13,4,4,3,4,3,2,12,2,44,3,10,7,1,7,9,1,8,1,6,,17,,1,21,121.525725,25.07465235
113,2,16,9,18,2,07信義區,信義區松德路200巷18號,0,0,1,1,B01,8,5,5,30,14,9,1,5,4,5,13,4,4,9,5,5,2,17,1,60,3,10,7,1,7,1,1,4,1,5,,19,,1,22,121.572912,25.034743
113,2,16,9,18,2,07信義區,信義區松德路200巷18號,0,0,1,2,F01,8,5,5,30,14,9,1,5,4,5,13,4,4,9,5,5,2,17,1,33,2,9,4,1,7,5,8,20,1,12,,44,,1,22,121.572912,25.034743
113,2,16,9,20,2,12內湖區,內湖區內湖路1段285巷65弄26號前,0,0,1,1,C03,7,6,5,30,14,9,1,5,4,5,13,4,4,10,4,5,2,17,1,69,3,10,5,1,7,5,1,10,2,15,,8,,1,21,121.5683655,25.0823089
113,2,16,9,20,2,12內湖區,內湖區內湖路1段285巷65弄26號前,0,0,1,2,C03,7,6,5,30,14,9,1,5,4,5,13,4,4,10,4,5,2,17,2,22,2,9,6,1,7,9,1,10,2,14,,42,,1,21,121.5683655,25.0823089
113,2,16,9,45,2,03中山區,中山區長春路與龍江路口,0,0,1,1,B01,7,7,5,40,4,1,1,5,4,5,13,1,1,9,4,5,2,16,1,60,3,10,7,1,7,9,1,4,1,1,,108,,1,21,121.5404658,25.0547132
113,2,16,9,45,2,03中山區,中山區長春路與龍江路口,0,0,1,2,C03,7,7,5,40,4,1,1,5,4,5,13,1,1,9,4,5,2,16,1,34,2,9,6,1,7,6,1,10,1,12,,17,,1,21,121.5404658,25.0547132
113,2,16,10,11,2,01大同區,大同區鄭州路119號,0,0,2,1,C03,7,6,5,40,14,9,1,5,4,5,13,4,4,1,4,5,2,17,1,73,2,9,6,1,7,7,3,18,1,15,,100,,1,21,121.5109071,25.0502095
113,2,16,10,11,2,01大同區,大同區鄭州路119號,0,0,2,2,C03,7,6,5,40,14,9,1,5,4,5,13,4,4,1,4,5,2,17,1,53,2,9,5,1,7,9,1,10,1,12,,13,,1,21,121.5109071,25.0502095
113,2,16,10,23,2,06松山區,松山區南京東路4段75-1號,0,0,1,1,B01,7,7,5,50,14,9,2,5,4,5,13,4,4,1,4,5,2,12,1,73,3,10,7,1,7,8,6,4,1,6,,100,,1,26,121.5535189,25.05176003
113,2,16,10,23,2,06松山區,松山區南京東路4段75-1號,0,0,1,2,C03,7,7,5,50,14,9,2,5,4,5,13,4,4,1,4,5,2,12,1,63,2,9,5,1,7,9,1,10,1,14,,17,,1,7,121.5535189,25.05176003
113,2,16,11,3,2,10文山區,文山區辛亥路4段與辛亥路4段130巷口,0,0,1,1,C03,8,6,5,50,14,9,1,5,4,5,13,2,1,1,4,5,2,12,1,46,3,10,6,1,7,8,1,10,2,12,,100,,1,22,121.5571593,25.0050173
113,2,16,11,3,2,10文山區,文山區辛亥路4段與辛亥路4段130巷口,0,0,1,2,C03,8,6,5,50,14,9,1,5,4,5,13,2,1,1,4,5,2,12,1,19,2,9,6,1,7,9,1,10,2,11,,16,,1,22,121.5571593,25.0050173
113,2,16,11,38,2,10文山區,文山區木新路3段與興隆路4段口口,0,0,1,1,B02,7,5,5,50,3,1,1,5,4,5,13,2,1,10,5,5,2,16,2,38,3,10,7,1,7,5,1,8,2,1,,71,,1,21,121.5625564,24.9821725
113,2,16,11,38,2,10文山區,文山區木新路3段與興隆路4段口口,0,0,1,2,C03,7,5,5,50,3,1,1,5,4,5,13,2,1,10,5,5,2,16,1,22,2,8,5,1,7,9,1,10,2,11,,13,,1,21,121.5625564,24.9821725
113,2,16,11,58,2,03中山區,中山區復興北路58號,0,0,1,1,B03,8,6,5,50,14,9,1,5,4,5,13,4,4,1,4,4,2,12,1,60,3,10,3,4,7,11,1,8,1,6,,10,,1,21,121.5438019,25.0507075
113,2,16,11,58,2,03中山區,中山區復興北路58號,0,0,1,2,C02,8,6,5,50,14,9,1,5,4,5,13,4,4,1,4,4,2,12,1,18,2,9,5,4,7,9,1,10,1,11,,13,,1,22,121.5438019,25.0507075
113,2,16,12,40,2,03中山區,中山區中山北路3段中山橋北往南,0,0,1,1,C03,8,7,5,50,8,7,1,5,4,5,13,4,4,1,4,4,2,13,1,21,2,9,6,1,7,9,1,10,1,11,,16,,1,25,121.5248399,25.07401476
113,2,16,12,40,2,03中山區,中山區中山北路3段中山橋北往南,0,0,1,2,C03,8,7,5,50,8,7,1,5,4,5,13,4,4,1,4,4,2,13,1,18,3,10,6,1,7,9,1,10,1,13,,44,,1,25,121.5248399,25.07401476
113,2,16,13,4,2,08士林區,士林區福國路與福華路口,0,0,2,1,C03,8,6,5,50,4,2,1,5,4,5,13,2,1,1,5,5,2,13,1,50,2,9,5,1,7,9,1,9,2,11,,16,,1,21,121.5225002,25.1020125
113,2,16,13,4,2,08士林區,士林區福國路與福華路口,0,0,2,2,C03,8,6,5,50,4,2,1,5,4,5,13,2,1,1,5,5,2,13,1,23,2,6,5,1,7,14,1,10,2,13,,44,,1,21,121.5225002,25.1020125
113,2,16,13,45,2,12內湖區,內湖區成功路2段與民權東路6段口口,0,0,1,1,B01,8,6,5,50,4,1,1,5,4,5,13,2,1,1,4,5,2,16,1,69,3,10,7,1,7,5,1,4,1,5,,85,,1,21,121.5910757,25.06889456
113,2,16,13,45,2,12內湖區,內湖區成功路2段與民權東路6段口口,0,0,1,2,C03,8,6,5,50,4,1,1,5,4,5,13,2,1,1,4,5,2,16,1,34,2,9,5,1,7,9,1,10,1,14,,44,,1,21,121.5910757,25.06889456
113,2,16,14,0,2,09北投區,北投區登山路與無名巷口No.1209732燈桿,0,0,2,1,B03,8,7,5,50,4,2,1,5,4,5,13,4,4,5,5,5,1,11,1,23,2,9,7,1,7,9,3,18,1,8,,4,,1,22,121.5220283,25.1498363
113,2,16,14,0,2,09北投區,北投區登山路與無名巷口No.1209732燈桿,0,0,2,2,B03,8,7,5,50,4,2,1,5,4,5,13,4,4,5,5,5,1,11,2,64,2,9,7,1,7,9,1,8,1,8,,42,,1,22,121.5220283,25.1498363
113,2,16,14,1,2,10文山區,文山區興隆路4段62巷與無名巷口口,0,0,2,1,C03,7,5,5,30,4,1,1,5,4,5,13,4,4,10,5,5,2,15,2,27,2,9,5,1,7,9,1,10,1,11,,72,,1,21,121.5606322,24.9850666
113,2,16,14,1,2,10文山區,文山區興隆路4段62巷與無名巷口口,0,0,2,2,C03,7,5,5,30,4,1,1,5,4,5,13,4,4,10,5,5,2,15,2,51,2,3,5,1,7,9,1,10,1,12,,44,,1,21,121.5606322,24.9850666
113,2,16,14,1,2,10文山區,文山區興隆路4段62巷與無名巷口口,0,0,2,3,B12,7,5,5,30,4,1,1,5,4,5,13,4,4,10,5,5,2,15,1,46,3,10,7,1,7,13,1,8,1,8,,44,,1,21,121.5606322,24.9850666
113,2,16,14,34,2,09北投區,北投區明德路與東華街1段口,0,0,1,1,C03,7,6,5,50,4,1,1,5,4,5,13,2,1,5,5,5,2,17,2,40,2,9,6,1,7,5,1,10,1,13,,8,,1,22,121.5193667,25.1092865
113,2,16,14,34,2,09北投區,北投區明德路與東華街1段口,0,0,1,2,B03,7,6,5,50,4,1,1,5,4,5,13,2,1,5,5,5,2,17,2,34,3,10,7,1,7,9,1,8,1,5,,108,,1,22,121.5193667,25.1092865
113,2,16,14,56,2,04大安區,大安區仁愛路4段與延吉街口口,0,0,1,1,B03,8,6,5,50,4,1,1,5,4,5,13,2,1,5,4,5,2,17,1,50,3,10,7,1,7,6,1,8,1,2,,9,,1,22,121.555549,25.0374911
113,2,16,14,56,2,04大安區,大安區仁愛路4段與延吉街口口,0,0,1,2,C03,8,6,5,50,4,1,1,5,4,5,13,2,1,5,4,5,2,17,1,23,2,8,5,1,7,9,1,10,1,14,,108,,1,22,121.555549,25.0374911
113,2,16,14,59,2,05中正區,中正區中華路1段與中華路1段9巷口,0,0,1,1,B12,8,5,5,50,4,2,1,5,4,5,13,2,1,1,4,5,2,12,1,38,3,10,7,1,7,7,1,8,1,4,,100,,1,22,121.5100313,25.04736804
113,2,16,14,59,2,05中正區,中正區中華路1段與中華路1段9巷口,0,0,1,2,C02,8,5,5,50,4,2,1,5,4,5,13,2,1,1,4,5,2,12,1,33,2,7,6,1,7,9,1,9,1,12,,44,,1,22,121.5100313,25.04736804
113,2,16,15,2,2,01大同區,大同區鄭州路與西寧北路口口,0,0,1,1,C03,8,6,5,40,4,1,1,5,4,5,13,2,1,1,5,5,2,16,1,43,2,9,6,1,7,5,1,10,1,14,,8,,1,21,121.5081623,25.0505884
113,2,16,15,2,2,01大同區,大同區鄭州路與西寧北路口口,0,0,1,2,B03,8,6,5,40,4,1,1,5,4,5,13,2,1,1,5,5,2,16,1,51,3,10,7,1,7,9,1,8,1,5,,86,,1,21,121.5081623,25.0505884
113,2,16,15,30,2,07信義區,信義區忠孝東路4段508號,0,0,1,1,C03,8,7,5,50,14,9,1,5,4,5,13,4,4,3,4,5,2,18,1,24,2,9,5,1,7,9,1,10,9,17,,116,,1,21,121.5621152,25.0411473
113,2,16,15,30,2,07信義區,信義區忠孝東路4段508號,0,0,1,2,,8,7,5,50,14,9,1,5,4,5,13,4,4,3,4,5,2,18,3,0,,,,,,,,,,,,67,,1,,121.5621152,25.0411473
113,2,16,15,40,2,05中正區,中正區杭州北路與北平東路口,0,0,1,1,C03,8,7,5,40,3,1,1,5,4,5,13,3,1,10,4,5,2,13,1,56,2,9,5,1,7,9,1,10,2,11,,108,,1,21,121.5272359,25.0453739
113,2,16,15,40,2,05中正區,中正區杭州北路與北平東路口,0,0,1,2,C03,8,7,5,40,3,1,1,5,4,5,13,3,1,10,4,5,2,13,1,26,3,10,5,1,7,12,1,10,2,13,,44,,1,23,121.5272359,25.0453739
113,2,16,17,7,2,07信義區,信義區市民大道5段與東興路口,0,0,1,2,B03,8,7,5,40,4,1,1,5,4,5,13,1,1,1,2,5,2,17,1,43,3,10,3,4,7,9,1,8,1,8,,13,,1,21,121.5658203,25.0481909
113,2,16,17,7,2,07信義區,信義區市民大道5段與東興路口,0,0,1,1,C03,8,7,5,40,4,1,1,5,4,5,13,1,1,1,2,5,2,17,1,18,2,9,3,4,7,5,1,10,1,12,,71,,1,21,121.5658203,25.0481909
113,2,16,18,0,2,05中正區,中正區襄陽路23號與館前路口,0,0,2,1,C03,7,5,5,50,4,2,1,5,4,5,13,1,1,5,4,5,2,16,1,30,3,10,6,1,7,6,1,10,2,12,,71,,1,22,121.5150791,25.0434551