發生年度,發生月,發生日,發生時-Hours,發生分,處理別-編號,區序,肇事地點,死亡人數,2-30日死亡人數,受傷人數,當事人序號,車種,天候,道路照明設備,道路類別,速限-速度限制,道路型態,事故位置,路面狀況1,路面狀況2,路面狀況3,道路障礙1,道路障礙2,號誌1,號誌2,車道劃分-分向,車道劃分-分道1,車道劃分-分道2,車道劃分-分道3,事故類型及型態,性別,年齡,受傷程度,主要傷處,保護裝置,行動電話,車輛用途,當事者行動狀態,駕駛資格情形,駕駛執照種類,飲酒情形,車輛撞擊部位1,車輛撞擊部位2,肇因碼-個別,肇因碼-主要,個人肇逃否,職業,座標-X,座標-Y
113,2,16,18,0,2,05中正區,中正區襄陽路23號與館前路口,0,0,2,2,C03,7,5,5,50,4,2,1,5,4,5,13,1,1,5,4,5,2,16,1,61,2,9,6,1,7,9,1,10,2,14,,44,,1,22,121.5150791,25.0434551
113,2,16,18,0,2,05中正區,中正區襄陽路23號與館前路口,0,0,2,3,H02,7,5,5,50,4,2,1,5,4,5,13,1,1,5,4,5,2,16,2,60,2,9,6,5,7,17,8,20,10,16,,67,,1,22,121.5150791,25.0434551
113,2,16,18,23,2,10文山區,文山區景華街與景華街52巷口,0,0,1,1,B03,7,5,5,50,3,1,1,5,4,5,13,4,4,9,5,5,2,16,1,58,3,10,7,1,7,11,1,8,11,8,,74,,1,21,121.543787,24.9950878
113,2,16,18,23,2,10文山區,文山區景華街與景華街52巷口,0,0,1,2,C03,7,5,5,50,3,1,1,5,4,5,13,4,4,9,5,5,2,16,1,43,2,9,6,1,7,9,1,10,11,12,,44,,1,21,121.543787,24.9950878
113,2,16,18,24,2,03中山區,中山區南京東路3段89巷6-1號,0,0,1,1,B03,7,5,5,30,14,9,1,5,4,5,13,4,4,10,5,5,2,17,1,23,3,10,7,1,7,1,1,8,1,5,,19,,1,22,121.5387404,25.05277518
113,2,16,18,24,2,03中山區,中山區南京東路3段89巷6-1號,0,0,1,2,C03,7,5,5,30,14,9,1,5,4,5,13,4,4,10,5,5,2,17,2,53,2,9,5,1,7,9,1,10,1,14,,44,,1,22,121.5387404,25.05277518
113,2,16,18,28,2,03中山區,中山區民權東路3段4號,0,0,3,1,C03,7,5,5,50,22,9,1,5,4,5,13,1,1,8,3,5,1,12,2,31,2,9,5,1,7,9,1,10,1,11,,107,,1,22,121.5388322,25.0621679
113,2,16,18,28,2,03中山區,中山區民權東路3段4號,0,0,3,2,B02,7,5,5,50,22,9,1,5,4,5,13,1,1,8,3,5,1,12,1,29,3,10,7,1,7,14,1,8,1,7,,38,,1,22,121.5388322,25.0621679
113,2,16,18,28,2,03中山區,中山區民權東路3段4號,0,0,3,3,C03,7,5,5,50,22,9,1,5,4,5,13,1,1,8,3,5,1,12,1,54,2,9,5,1,7,10,1,10,1,11,,102,,1,22,121.5388322,25.0621679
113,2,16,18,28,2,03中山區,中山區民權東路3段4號,0,0,3,4,C03,7,5,5,50,22,9,1,5,4,5,13,1,1,8,3,5,1,12,1,51,2,9,5,1,7,9,1,10,1,12,,44,,1,21,121.5388322,25.0621679
113,2,16,18,35,2,06松山區,松山區復興北路與長春路口,0,0,1,1,B03,8,5,5,50,14,9,1,5,4,5,13,1,1,9,4,5,2,12,2,64,3,10,7,1,7,9,1,8,1,2,,17,,1,22,121.5441965,25.0544066
113,2,16,18,35,2,06松山區,松山區復興北路與長春路口,0,0,1,2,C03,8,5,5,50,14,9,1,5,4,5,13,1,1,9,4,5,2,12,2,26,2,9,5,1,7,7,1,10,1,14,,100,,1,22,121.5441965,25.0544066
113,2,16,18,40,2,03中山區,中山區龍江路與龍江路345巷口,0,0,1,1,C03,8,5,5,50,3,1,1,5,4,5,13,4,4,9,5,5,2,3,1,51,3,10,6,1,7,9,1,10,1,11,,70,,1,21,121.5409184,25.0633702
113,2,16,18,40,2,03中山區,中山區龍江路與龍江路345巷口,0,0,1,2,H01,8,5,5,50,3,1,1,5,4,5,13,4,4,9,5,5,2,3,1,79,2,1,4,5,8,16,8,20,1,16,,67,,1,21,121.5409184,25.0633702
113,2,16,18,45,2,02萬華區,萬華區雙和街(西藏路125巷17號旁),0,0,1,1,C03,8,5,5,30,14,9,1,5,4,5,13,4,4,10,5,5,2,11,1,55,3,10,5,1,7,9,6,18,1,12,,108,,1,22,121.5033459,25.0279686
113,2,16,18,45,2,02萬華區,萬華區雙和街(西藏路125巷17號旁),0,0,1,2,C03,8,5,5,30,14,9,1,5,4,5,13,4,4,10,5,5,2,11,2,53,3,10,5,1,7,13,1,10,1,12,,44,,1,22,121.5033459,25.0279686
113,2,16,18,45,2,02萬華區,萬華區雙和街(西藏路125巷17號旁),0,0,1,3,C03,8,5,5,30,14,9,1,5,4,5,13,4,4,10,5,5,2,11,2,57,2,9,5,1,7,13,1,10,1,12,,44,,1,22,121.5033459,25.0279686
113,2,16,18,45,2,02萬華區,萬華區雙和街(西藏路125巷17號旁),0,0,1,4,H01,8,5,5,30,14,9,1,5,4,5,13,4,4,10,5,5,2,11,1,71,3,10,4,5,8,20,8,20,10,16,,60,,1,22,121.5033459,25.0279686
113,2,16,18,59,2,12內湖區,內湖區瑞光路316巷60號,0,0,2,1,B03,8,5,5,50,14,9,1,5,4,5,13,4,4,9,5,5,2,17,1,20,2,1,7,1,7,5,6,18,1,1,,8,,1,21,121.5732567,25.07560349
113,2,16,18,59,2,12內湖區,內湖區瑞光路316巷60號,0,0,2,2,C03,8,5,5,50,14,9,1,5,4,5,13,4,4,9,5,5,2,17,2,32,2,8,6,1,7,9,1,10,1,11,,44,,1,21,121.5732567,25.07560349
113,2,16,19,14,2,12內湖區,內湖區新明路305號,0,0,1,1,B02,7,5,5,40,14,7,1,5,4,5,13,4,4,5,4,4,2,12,1,39,3,10,3,4,7,11,1,8,1,8,,103,,1,22,121.5849612,25.05711032
113,2,16,19,14,2,12內湖區,內湖區新明路305號,0,0,1,2,C03,7,5,5,40,14,7,1,5,4,5,13,4,4,5,4,4,2,12,1,34,2,9,6,1,7,9,1,10,1,12,,13,,1,22,121.5849612,25.05711032
113,2,16,20,3,2,07信義區,信義區忠孝東路4段與基隆路1段口,0,0,1,1,B01,8,7,5,50,14,9,1,5,4,5,13,2,1,1,5,5,2,12,1,65,3,10,3,4,7,8,1,4,1,2,,100,,1,21,121.5638264,25.0410795
113,2,16,20,3,2,07信義區,信義區忠孝東路4段與基隆路1段口,0,0,1,2,C03,8,7,5,50,14,9,1,5,4,5,13,2,1,1,5,5,2,12,1,58,2,7,3,4,7,7,1,10,1,15,,44,,1,21,121.5638264,25.0410795
113,2,16,20,17,2,04大安區,大安區基隆路2段與敦化南路2段口,0,0,2,1,C03,7,5,5,50,3,2,1,5,4,5,13,2,1,1,4,5,1,13,2,34,2,7,6,4,7,11,1,10,1,14,,10,,1,22,121.549348,25.0216322
113,2,16,20,17,2,04大安區,大安區基隆路2段與敦化南路2段口,0,0,2,2,C03,7,5,5,50,3,2,1,5,4,5,13,2,1,1,4,5,1,13,1,39,2,8,6,4,7,9,1,10,1,12,,108,,1,22,121.549348,25.0216322
113,2,16,20,50,2,03中山區,中山區遼寧街與遼寧街81巷口,0,0,2,1,F01,7,5,5,50,4,1,1,5,4,5,13,4,4,9,4,5,2,9,1,70,2,3,3,4,7,5,8,20,7,12,,101,,1,21,121.5422292,25.04951404
113,2,16,20,50,2,03中山區,中山區遼寧街與遼寧街81巷口,0,0,2,2,H01,7,5,5,50,4,1,1,5,4,5,13,4,4,9,4,5,2,9,2,26,2,8,4,5,8,17,8,20,10,16,,67,,1,21,121.5422292,25.04951404
113,2,16,20,50,2,03中山區,中山區遼寧街與遼寧街81巷口,0,0,2,3,C02,7,5,5,50,4,1,1,5,4,5,13,4,4,9,4,5,2,9,1,30,3,10,3,4,7,13,1,9,2,14,,38,,1,21,121.5422292,25.04951404
113,2,16,20,50,2,03中山區,中山區遼寧街與遼寧街81巷口,0,0,2,4,C03,7,5,5,50,4,1,1,5,4,5,13,4,4,9,4,5,2,9,1,31,3,10,3,4,7,13,1,10,9,14,,38,,1,21,121.5422292,25.04951404
113,2,16,21,36,2,03中山區,中山區北安路與北安路608巷口,0,0,2,1,C03,8,5,5,50,4,2,1,5,4,5,13,2,1,3,4,5,2,16,2,33,2,9,3,4,7,11,1,10,2,14,,10,,1,21,121.5488143,25.0819809
113,2,16,21,36,2,03中山區,中山區北安路與北安路608巷口,0,0,2,2,C03,8,5,5,50,4,2,1,5,4,5,13,2,1,3,4,5,2,16,1,25,2,9,3,4,7,9,1,10,2,11,,13,,1,21,121.5488143,25.0819809
113,2,16,21,42,2,04大安區,大安區復興南路2段80號,0,0,1,1,B03,8,5,5,50,14,9,1,5,4,5,13,2,1,1,4,5,2,12,1,33,3,10,3,4,7,7,1,8,1,8,,100,,1,22,121.5435228,25.0308937
113,2,16,21,42,2,04大安區,大安區復興南路2段80號,0,0,1,2,C03,8,5,5,50,14,9,1,5,4,5,13,2,1,1,4,5,2,12,2,18,2,9,3,4,7,9,1,8,1,12,,13,,1,22,121.5435228,25.0308937
113,2,16,21,45,2,04大安區,大安區復興南路2段與復興南路2段160巷口,0,0,3,1,C03,8,5,5,50,14,9,1,5,4,5,13,2,1,1,4,5,1,13,2,26,2,8,3,4,7,9,1,10,2,12,,81,,1,21,121.5434114,25.0279084
113,2,16,21,45,2,04大安區,大安區復興南路2段與復興南路2段160巷口,0,0,3,2,C03,8,5,5,50,14,9,1,5,4,5,13,2,1,1,4,5,1,13,1,54,2,8,3,4,7,14,1,10,2,14,,44,,1,21,121.5434114,25.0279084
113,2,16,21,45,2,04大安區,大安區復興南路2段與復興南路2段160巷口,0,0,3,3,H02,8,5,5,50,14,9,1,5,4,5,13,2,1,1,4,5,1,13,2,25,2,8,3,5,7,20,8,20,10,16,,67,,1,21,121.5434114,25.0279084
113,2,16,22,17,2,03中山區,中山區中山北路2段與民生東路1段口,0,0,4,1,C03,8,5,5,50,4,1,1,5,4,5,13,1,1,1,4,5,2,13,1,28,2,9,6,1,7,9,1,10,1,11,,14,,1,21,121.5229908,25.05788378
113,2,16,22,17,2,03中山區,中山區中山北路2段與民生東路1段口,0,0,4,3,C03,8,5,5,50,4,1,1,5,4,5,13,1,1,1,4,5,2,13,2,41,2,8,6,1,7,14,1,10,1,14,,44,,1,21,121.5229908,25.05788378
113,2,16,22,17,2,03中山區,中山區中山北路2段與民生東路1段口,0,0,4,2,C03,8,5,5,50,4,1,1,5,4,5,13,1,1,1,4,5,2,13,2,29,2,8,6,1,7,9,1,10,1,12,,44,,1,21,121.5229908,25.05788378
113,2,16,22,17,2,03中山區,中山區中山北路2段與民生東路1段口,0,0,4,4,C03,8,5,5,50,4,1,1,5,4,5,13,1,1,1,4,5,2,13,2,28,2,8,6,1,7,14,1,10,1,14,,44,,1,21,121.5229908,25.05788378
113,2,16,22,25,2,04大安區,大安區市民大道3段與復興南路1段口口,0,0,1,1,C03,8,5,5,40,4,2,1,5,4,5,13,2,1,1,4,5,2,13,1,34,2,9,5,1,7,9,1,10,2,11,,16,,1,22,121.5435384,25.0447017
113,2,16,22,25,2,04大安區,大安區市民大道3段與復興南路1段口口,0,0,1,2,B03,8,5,5,40,4,2,1,5,4,5,13,2,1,1,4,5,2,13,1,27,3,10,7,1,7,12,1,8,2,3,,44,,1,22,121.5435384,25.0447017
113,2,16,22,32,2,03中山區,中山區中山北路2段77巷45號,0,0,1,1,C03,8,5,5,30,14,9,1,5,4,5,13,4,4,10,5,5,2,16,1,58,3,10,5,1,7,5,1,10,1,11,,108,,1,22,121.524856,25.05750418
113,2,16,22,32,2,03中山區,中山區中山北路2段77巷45號,0,0,1,2,C03,8,5,5,30,14,9,1,5,4,5,13,4,4,10,5,5,2,16,1,27,2,9,5,1,7,9,1,10,1,14,,44,,1,22,121.524856,25.05750418
113,2,16,22,32,2,03中山區,中山區中山北路2段77巷45號,0,0,1,3,B03,8,5,5,30,14,9,1,5,4,5,13,4,4,10,5,5,2,16,3,0,,,,,,,,,,,,67,,1,,121.524856,25.05750418
113,2,17,1,32,2,01大同區,大同區民族西路與環河北路2段口,0,0,2,1,C03,7,5,5,50,3,1,1,5,4,5,13,2,1,1,2,5,2,17,1,18,2,9,5,4,7,9,1,10,2,11,,81,,1,21,121.5094951,25.0692047
113,2,17,1,32,2,01大同區,大同區民族西路與環河北路2段口,0,0,2,2,B01,7,5,5,50,3,1,1,5,4,5,13,2,1,1,2,5,2,17,1,59,3,10,7,4,7,5,1,4,2,2,,44,,1,21,121.5094951,25.0692047
113,2,17,1,32,2,01大同區,大同區民族西路與環河北路2段口,0,0,2,3,H02,7,5,5,50,3,1,1,5,4,5,13,2,1,1,2,5,2,17,2,19,2,9,5,5,7,20,8,20,10,16,,67,,1,21,121.5094951,25.0692047
113,2,17,1,48,2,05中正區,中正區市民大道1段台北車站北三門前,0,0,2,1,C04,8,5,5,40,14,9,1,5,4,5,13,1,1,1,4,5,2,16,2,42,2,9,6,2,7,7,1,10,2,14,,100,,1,21,121.5168767,25.04861
113,2,17,1,48,2,05中正區,中正區市民大道1段台北車站北三門前,0,0,2,2,C03,8,5,5,40,14,9,1,5,4,5,13,1,1,1,4,5,2,16,1,21,2,9,6,1,7,9,1,10,2,11,,13,,1,21,121.5168767,25.04861
113,2,17,7,23,2,03中山區,中山區中山北路1段與中山北路1段121巷口,0,0,1,1,B01,8,5,5,50,4,1,1,5,4,5,13,4,4,5,4,3,2,17,1,62,3,10,7,1,7,6,1,4,1,5,2,9,,1,21,121.522436,25.05133889
113,2,17,7,23,2,03中山區,中山區中山北路1段與中山北路1段121巷口,0,0,1,2,C03,8,5,5,50,4,1,1,5,4,5,13,4,4,5,4,3,2,17,1,33,2,9,5,1,7,9,1,10,1,14,12,44,,1,21,121.522436,25.05133889
113,2,17,7,30,2,08士林區,士林區百齡橋與承德路4段口,0,0,1,2,C03,8,6,5,50,4,2,1,5,4,5,13,1,1,3,4,5,1,13,1,74,2,9,5,1,7,9,1,10,2,11,,16,,1,22,121.5162312,25.0907086
113,2,17,7,30,2,08士林區,士林區百齡橋與承德路4段口,0,0,1,3,C03,8,6,5,50,4,2,1,5,4,5,13,1,1,3,4,5,1,13,1,21,3,10,6,1,7,12,1,10,2,13,,44,,1,22,121.5162312,25.0907086
113,2,17,7,30,2,08士林區,士林區百齡橋與承德路4段口,0,0,1,1,C03,8,6,5,50,4,2,1,5,4,5,13,1,1,3,4,5,1,13,4,0,,,,,,,,,11,,,119,,2,,121.5162312,25.0907086
113,2,17,7,40,2,10文山區,文山區羅斯福路5段與興隆路1段口口,0,0,2,1,C03,8,6,5,50,4,1,1,5,4,5,13,2,1,1,4,5,2,12,1,44,2,9,6,1,7,9,1,10,1,12,,108,,1,21,121.5389215,25.0045952
113,2,17,7,40,2,10文山區,文山區羅斯福路5段與興隆路1段口口,0,0,2,2,C03,8,6,5,50,4,1,1,5,4,5,13,2,1,1,4,5,2,12,2,42,2,9,6,1,7,9,1,10,1,14,,17,,1,21,121.5389215,25.0045952
113,2,17,8,10,2,07信義區,信義區松仁路228巷與吳興街口,0,0,1,1,B01,8,6,5,30,4,1,1,5,4,5,13,2,1,8,3,5,2,9,1,49,3,10,3,4,7,15,1,4,1,1,,70,,1,21,121.5676664,25.0248076
113,2,17,8,10,2,07信義區,信義區松仁路228巷與吳興街口,0,0,1,2,H01,8,6,5,30,4,1,1,5,4,5,13,2,1,8,3,5,2,9,2,70,2,8,4,5,8,16,8,20,10,16,,67,,1,22,121.5676664,25.0248076
113,2,17,8,29,2,10文山區,文山區木新路2段251號,0,0,1,1,C03,8,6,5,50,14,9,1,5,4,5,13,4,4,5,4,5,2,12,1,80,3,10,6,1,7,8,1,10,1,14,,118,,1,21,121.5669018,24.9832983
113,2,17,8,29,2,10文山區,文山區木新路2段251號,0,0,1,2,C03,8,6,5,50,14,9,1,5,4,5,13,4,4,5,4,5,2,12,2,34,2,9,6,1,7,9,1,10,1,12,,118,,1,21,121.5669018,24.9832983
113,2,17,9,5,2,08士林區,士林區福林路與福林路251巷口,0,0,2,1,C03,8,6,5,50,3,1,1,5,4,5,13,4,4,5,4,5,2,17,2,62,2,9,6,1,7,11,1,10,1,14,,10,,1,22,121.535343,25.0985799
113,2,17,9,5,2,08士林區,士林區福林路與福林路251巷口,0,0,2,2,C03,8,6,5,50,3,1,1,5,4,5,13,4,4,5,4,5,2,17,1,31,2,8,6,1,7,9,1,10,1,11,,14,,1,22,121.535343,25.0985799
113,2,17,9,45,2,04大安區,大安區新生南路3段與新生南路3段86巷口口,0,0,1,1,B02,8,6,5,50,3,1,1,5,4,5,13,2,1,1,4,5,2,17,1,35,3,10,3,4,7,11,1,8,2,5,,92,,1,22,121.5337272,25.0187232
113,2,17,9,45,2,04大安區,大安區新生南路3段與新生南路3段86巷口口,0,0,1,2,C03,8,6,5,50,3,1,1,5,4,5,13,2,1,1,4,5,2,17,1,22,2,9,5,1,7,9,1,10,2,11,,42,,1,22,121.5337272,25.0187232
113,2,17,9,53,2,02萬華區,萬華區光復橋往台北市下橋處(燈桿:003016),0,0,1,1,C03,8,5,5,50,14,9,1,5,4,5,13,4,4,1,5,5,2,13,2,60,2,9,5,4,7,9,1,10,1,11,,108,,1,21,121.491687,25.02512736
113,2,17,9,53,2,02萬華區,萬華區光復橋往台北市下橋處(燈桿:003016),0,0,1,2,C03,8,5,5,50,14,9,1,5,4,5,13,4,4,1,5,5,2,13,2,52,3,10,5,4,7,9,1,10,1,13,,45,,1,21,121.491687,25.02512736
113,2,17,10,3,2,02萬華區,萬華區萬大路331號,0,0,2,1,H01,8,7,5,30,14,9,1,5,4,5,13,4,4,2,3,5,2,3,2,86,2,9,4,5,8,16,8,20,10,16,,53,,1,21,121.5001562,25.023935
113,2,17,10,3,2,02萬華區,萬華區萬大路331號,0,0,2,2,C03,8,7,5,30,14,9,1,5,4,5,13,4,4,2,3,5,2,3,1,56,2,9,5,1,7,9,1,10,2,11,,108,,1,21,121.5001562,25.023935
113,2,17,10,40,2,01大同區,大同區重慶北路3段與敦煌路口,0,0,1,1,C03,8,6,5,30,5,1,1,5,4,5,13,4,4,1,4,5,2,17,2,59,2,9,6,1,7,9,1,10,1,14,,80,,1,21,121.5137452,25.0763139
113,2,17,10,40,2,01大同區,大同區重慶北路3段與敦煌路口,0,0,1,2,A04,8,6,5,30,5,1,1,5,4,5,13,4,4,1,4,5,2,17,1,35,3,10,7,1,7,9,1,6,1,2,,13,,1,21,121.5137452,25.0763139
113,2,17,10,59,2,01大同區,大同區環河北路1段161號,0,0,1,1,A11,8,5,5,50,14,9,1,5,4,5,13,4,4,1,4,5,2,17,1,45,3,10,3,4,7,9,1,3,1,2,,17,,1,21,121.5078497,25.0551076
113,2,17,10,59,2,01大同區,大同區環河北路1段161號,0,0,1,2,C03,8,5,5,50,14,9,1,5,4,5,13,4,4,1,4,5,2,17,2,72,2,9,3,4,7,9,1,10,1,14,,17,,1,21,121.5078497,25.0551076
113,2,17,11,38,2,03中山區,中山區北安路與敬業二路口,0,0,1,1,C03,8,6,5,50,3,1,1,5,4,5,13,4,4,3,4,5,2,17,1,43,3,10,6,1,7,6,1,10,1,12,,74,,1,21,121.554352,25.08509476
113,2,17,11,38,2,03中山區,中山區北安路與敬業二路口,0,0,1,2,C03,8,6,5,50,3,1,1,5,4,5,13,4,4,3,4,5,2,17,2,27,2,9,6,1,7,9,1,10,1,14,,108,,1,21,121.554352,25.08509476
113,2,17,11,48,2,12內湖區,內湖區港墘路與港墘路82巷口口,0,0,1,1,B03,8,6,5,50,4,18,1,5,4,5,13,2,1,10,5,5,2,3,1,55,3,10,2,1,7,6,1,8,1,5,,80,,1,21,121.5777556,25.0807221
113,2,17,11,48,2,12內湖區,內湖區港墘路與港墘路82巷口口,0,0,1,2,H01,8,6,5,50,4,18,1,5,4,5,13,2,1,10,5,5,2,3,2,66,2,9,4,5,8,16,8,20,10,16,,67,,1,21,121.5777556,25.0807221
113,2,17,11,51,2,07信義區,信義區福德街與福德街84巷口,0,0,1,1,C03,8,6,5,30,4,1,4,5,4,5,13,2,1,10,4,4,1,17,2,56,2,8,3,4,7,5,1,10,1,12,,98,,1,21,121.5815015,25.0372103
113,2,17,11,51,2,07信義區,信義區福德街與福德街84巷口,0,0,1,2,B03,8,6,5,30,4,1,4,5,4,5,13,2,1,10,4,4,1,17,2,46,3,10,3,4,7,9,1,8,1,1,,13,,1,21,121.5815015,25.0372103
113,2,17,11,59,2,12內湖區,內湖區潭美街與安康路228巷口,0,0,1,1,B03,8,6,5,40,3,1,1,5,4,5,13,2,1,5,5,5,2,17,1,76,3,10,7,1,7,5,1,8,2,1,,80,,1,21,121.6035895,25.06114701
113,2,17,11,59,2,12內湖區,內湖區潭美街與安康路228巷口,0,0,1,2,C03,8,6,5,40,3,1,1,5,4,5,13,2,1,5,5,5,2,17,2,23,2,9,5,1,7,9,1,10,2,14,,44,,1,21,121.6035895,25.06114701
113,2,17,12,0,2,04大安區,大安區辛亥路3段與芳蘭路口,0,0,1,1,B03,8,5,5,50,4,2,1,5,4,5,13,1,1,9,4,5,2,12,1,50,3,10,7,1,7,8,1,8,1,2,,71,,1,21,121.5490065,25.0168126
113,2,17,12,0,2,04大安區,大安區辛亥路3段與芳蘭路口,0,0,1,2,F01,8,5,5,50,4,2,1,5,4,5,13,1,1,9,4,5,2,12,2,63,2,9,4,1,7,9,8,20,1,14,,44,,1,21,121.5490065,25.0168126
113,2,17,13,8,2,04大安區,大安區信義路2段242號,0,0,1,1,C03,8,6,5,50,14,9,1,5,4,5,13,2,1,1,4,5,2,12,2,44,3,10,6,4,7,7,6,10,1,17,,100,,1,21,121.5322666,25.033541
113,2,17,13,8,2,04大安區,大安區信義路2段242號,0,0,1,2,C03,8,6,5,50,14,9,1,5,4,5,13,2,1,1,4,5,2,12,1,40,3,10,5,4,7,9,1,10,1,11,,44,,1,21,121.5322666,25.033541
113,2,17,13,8,2,04大安區,大安區信義路2段242號,0,0,1,3,C03,8,6,5,50,14,9,1,5,4,5,13,2,1,1,4,5,2,12,1,30,2,9,5,4,7,9,1,10,1,13,,44,,1,21,121.5322666,25.033541
113,2,17,13,8,2,05中正區,中正區羅斯福路2段與和平西路1段口口,0,0,1,1,F01,8,6,5,40,4,1,1,5,4,5,13,1,1,1,4,4,1,17,2,73,2,1,4,1,7,11,8,20,11,14,,11,,1,21,121.5225517,25.02693987
113,2,17,13,8,2,05中正區,中正區羅斯福路2段與和平西路1段口口,0,0,1,2,B11,8,6,5,40,4,1,1,5,4,5,13,1,1,1,4,4,1,17,1,35,3,10,7,1,7,6,1,2,1,5,,9,,1,21,121.5225517,25.02693987
113,2,17,13,58,2,09北投區,北投區石牌路2段與東華街2段口,0,0,2,1,C03,8,7,5,50,4,1,1,5,4,5,13,2,1,1,4,5,2,16,2,21,2,9,6,1,7,5,1,10,1,12,,71,,1,22,121.515214,25.11536877
113,2,17,13,58,2,09北投區,北投區石牌路2段與東華街2段口,0,0,2,2,C03,8,7,5,50,4,1,1,5,4,5,13,2,1,1,4,5,2,16,1,24,2,9,6,1,7,9,1,10,1,11,,44,,1,22,121.515214,25.11536877
113,2,17,14,8,2,05中正區,中正區寧波東街15號,0,0,1,1,C03,8,7,5,50,14,9,1,5,4,5,13,1,1,10,4,5,2,13,2,47,2,9,5,1,7,9,1,10,2,11,,107,,1,22,121.5202611,25.0328809
113,2,17,14,8,2,05中正區,中正區寧波東街15號,0,0,1,2,B03,8,7,5,50,14,9,1,5,4,5,13,1,1,10,4,5,2,13,1,54,3,10,7,1,7,14,1,8,2,6,,44,,1,22,121.5202611,25.0328809
113,2,17,14,15,2,09北投區,北投區育仁路與育仁路119巷口,0,0,1,1,C03,8,7,5,50,3,2,1,5,4,5,13,4,4,5,5,5,2,17,1,76,2,9,6,1,7,15,1,10,1,14,,118,,1,22,121.5000868,25.13570628
113,2,17,14,15,2,09北投區,北投區育仁路與育仁路119巷口,0,0,1,2,C03,8,7,5,50,3,2,1,5,4,5,13,4,4,5,5,5,2,17,1,27,3,10,6,1,7,9,1,10,1,12,,42,,1,22,121.5000868,25.13570628
113,2,17,14,33,2,03中山區,中山區南京東路2段115巷與松江路133巷口,0,0,3,1,C03,8,6,5,30,4,1,1,5,4,5,13,4,4,10,5,5,2,15,1,43,2,9,5,1,7,9,1,10,1,14,,80,,1,21,121.5336335,25.05435993
113,2,17,14,33,2,03中山區,中山區南京東路2段115巷與松江路133巷口,0,0,3,2,C03,8,6,5,30,4,1,1,5,4,5,13,4,4,10,5,5,2,15,1,30,2,8,5,1,7,9,1,10,1,11,12,14,,1,21,121.5336335,25.05435993
113,2,17,14,33,2,03中山區,中山區南京東路2段115巷與松江路133巷口,0,0,3,3,H02,8,6,5,30,4,1,1,5,4,5,13,4,4,10,5,5,2,15,2,30,2,9,5,5,7,20,8,20,10,16,,67,,1,21,121.5336335,25.05435993
113,2,17,14,33,2,03中山區,中山區新生北路3段19巷13號,0,0,1,1,B03,8,5,5,30,14,9,1,5,4,5,13,4,4,10,5,5,2,3,1,60,3,10,7,1,7,9,1,8,1,8,,108,,1,21,121.5283321,25.0640421
113,2,17,14,33,2,03中山區,中山區新生北路3段19巷13號,0,0,1,2,H01,8,5,5,30,14,9,1,5,4,5,13,4,4,10,5,5,2,3,2,46,2,8,4,5,8,16,8,20,10,16,,53,,1,21,121.5283321,25.0640421
113,2,17,14,33,2,10文山區,文山區老泉街45巷25-7號,0,0,1,1,C03,8,6,5,30,11,9,1,5,4,5,13,4,4,10,5,5,2,11,1,77,2,9,6,1,7,9,1,10,2,14,,5,,1,21,121.5744276,24.9732457
113,2,17,14,33,2,10文山區,文山區老泉街45巷25-7號,0,0,1,2,B03,8,6,5,30,11,9,1,5,4,5,13,4,4,10,5,5,2,11,1,35,3,10,7,1,7,9,1,8,2,8,,44,,1,21,121.5744276,24.9732457
113,2,17,14,58,2,05中正區,中正區汀州路2段220號,0,0,2,1,C03,8,6,5,50,14,9,1,5,4,5,13,4,4,5,4,5,2,12,1,54,2,9,5,1,7,9,1,10,2,12,,108,,1,21,121.5240487,25.0221436
113,2,17,14,58,2,05中正區,中正區汀州路2段220號,0,0,2,2,F01,8,6,5,50,14,9,1,5,4,5,13,4,4,5,4,5,2,12,2,78,2,1,4,1,7,9,8,20,2,14,,44,,1,21,121.5240487,25.0221436
113,2,17,15,15,2,01大同區,大同區承德路3段與民權西路口,0,0,2,1,C03,8,6,5,50,4,2,1,5,4,5,13,2,1,1,2,5,2,13,1,28,2,9,6,4,7,9,1,10,2,11,,16,,1,22,121.5186224,25.0629979
113,2,17,15,15,2,01大同區,大同區承德路3段與民權西路口,0,0,2,2,C03,8,6,5,50,4,2,1,5,4,5,13,2,1,1,2,5,2,13,1,59,2,9,5,4,7,12,1,10,2,13,,44,,1,22,121.5186224,25.0629979
113,2,17,15,15,2,01大同區,大同區承德路3段與民權西路口,0,0,2,3,C03,8,6,5,50,4,2,1,5,4,5,13,2,1,1,2,5,2,13,1,36,3,10,6,4,7,9,6,10,2,12,,44,,1,22,121.5186224,25.0629979
113,2,17,15,23,2,04大安區,大安區信義路3段與新生南路1段口,0,0,2,1,C03,8,6,5,50,4,1,1,4,4,5,13,1,1,1,4,5,2,15,2,23,2,9,3,4,7,1,1,10,1,12,,19,,1,21,121.5328727,25.0335048
113,2,17,15,23,2,04大安區,大安區信義路3段與新生南路1段口,0,0,2,2,C03,8,6,5,50,4,1,1,4,4,5,13,1,1,1,4,5,2,15,1,28,2,9,3,4,7,9,1,10,1,11,,44,,1,21,121.5328727,25.0335048
113,2,17,15,25,2,08士林區,士林區故宮路與故宮路47巷口,0,0,1,1,B03,8,6,5,50,4,1,1,5,4,5,13,2,1,3,4,5,2,17,1,47,3,10,3,4,7,11,1,8,2,4,,103,,1,21,121.5473284,25.0964084