發生年度,發生月,發生日,發生時-Hours,發生分,處理別-編號,區序,肇事地點,死亡人數,2-30日死亡人數,受傷人數,當事人序號,車種,天候,道路照明設備,道路類別,速限-速度限制,道路型態,事故位置,路面狀況1,路面狀況2,路面狀況3,道路障礙1,道路障礙2,號誌1,號誌2,車道劃分-分向,車道劃分-分道1,車道劃分-分道2,車道劃分-分道3,事故類型及型態,性別,年齡,受傷程度,主要傷處,保護裝置,行動電話,車輛用途,當事者行動狀態,駕駛資格情形,駕駛執照種類,飲酒情形,車輛撞擊部位1,車輛撞擊部位2,肇因碼-個別,肇因碼-主要,個人肇逃否,職業,座標-X,座標-Y
113,2,17,15,25,2,08士林區,士林區故宮路與故宮路47巷口,0,0,1,2,C03,8,6,5,50,4,1,1,5,4,5,13,2,1,3,4,5,2,17,1,24,2,9,3,4,7,9,1,10,2,11,,44,,1,21,121.5473284,25.0964084
113,2,17,15,40,2,02萬華區,萬華區忠孝橋機車道往台北市方向,0,0,3,1,C03,8,7,5,40,8,11,1,5,4,5,13,4,4,10,5,5,2,13,1,19,2,9,6,1,7,9,1,10,1,11,,16,,1,25,121.5053476,25.0493129
113,2,17,15,40,2,02萬華區,萬華區忠孝橋機車道往台北市方向,0,0,3,2,C03,8,7,5,40,8,11,1,5,4,5,13,4,4,10,5,5,2,13,1,67,2,9,6,1,7,9,1,10,1,13,,44,,1,21,121.5053476,25.0493129
113,2,17,15,40,2,02萬華區,萬華區忠孝橋機車道往台北市方向,0,0,3,3,H02,8,7,5,40,8,11,1,5,4,5,13,4,4,10,5,5,2,13,2,61,2,8,6,5,7,20,8,20,10,16,,67,,1,21,121.5053476,25.0493129
113,2,17,16,13,2,01大同區,大同區民生西路與西寧北路口,0,0,1,1,C03,7,6,5,50,4,1,1,5,4,5,13,2,1,5,4,5,2,17,1,42,3,10,6,4,7,5,1,10,1,14,,8,,1,22,121.508998,25.0568745
113,2,17,16,13,2,01大同區,大同區民生西路與西寧北路口,0,0,1,2,C02,7,6,5,50,4,1,1,5,4,5,13,2,1,5,4,5,2,17,1,36,2,9,6,4,7,9,1,9,1,11,,44,,1,22,121.508998,25.0568745
113,2,17,17,33,2,05中正區,中正區同安街66號,0,0,1,1,B03,8,6,5,30,14,9,1,5,4,5,13,4,4,10,5,5,2,12,1,24,3,10,7,1,7,14,3,18,2,2,,40,,1,21,121.5209718,25.0230831
113,2,17,17,33,2,05中正區,中正區同安街66號,0,0,1,2,F01,8,6,5,30,14,9,1,5,4,5,13,4,4,10,5,5,2,12,2,79,2,9,4,1,7,9,8,20,1,12,,44,,1,21,121.5209718,25.0230831
113,2,17,17,45,2,03中山區,中山區南京東路3段224號前,0,0,1,1,B03,8,5,5,50,14,9,1,5,4,5,13,1,1,1,4,5,2,13,1,35,3,10,3,4,7,9,1,8,2,1,,108,,1,21,121.5436666,25.0517853
113,2,17,17,45,2,03中山區,中山區南京東路3段224號前,0,0,1,2,C03,8,5,5,50,14,9,1,5,4,5,13,1,1,1,4,5,2,13,2,27,2,6,3,4,7,14,1,10,2,13,,44,,1,21,121.5436666,25.0517853
113,2,17,17,55,2,03中山區,中山區民權東路3段與民權東路3段75巷口,0,0,1,1,B03,8,5,5,30,3,2,1,5,4,5,13,4,4,10,5,5,2,13,1,41,3,10,7,1,7,6,1,8,1,5,,108,,1,22,121.5436422,25.06254446
113,2,17,17,55,2,03中山區,中山區民權東路3段與民權東路3段75巷口,0,0,1,2,C03,8,5,5,30,3,2,1,5,4,5,13,4,4,10,5,5,2,13,2,23,2,9,5,1,7,6,1,10,1,13,,44,,1,22,121.5436422,25.06254446
113,2,17,17,57,2,05中正區,中正區羅斯福路4段158號,0,0,1,1,C03,8,5,5,50,14,9,1,5,4,5,13,4,4,1,4,5,2,12,1,36,2,7,5,1,7,8,1,10,1,12,,100,,1,22,121.5362046,25.0125903
113,2,17,17,57,2,05中正區,中正區羅斯福路4段158號,0,0,1,2,C03,8,5,5,50,14,9,1,5,4,5,13,4,4,1,4,5,2,12,1,41,3,10,5,1,7,9,1,10,1,14,,108,,1,22,121.5362046,25.0125903
113,2,17,17,57,2,05中正區,中正區羅斯福路4段158號,0,0,1,3,H02,8,5,5,50,14,9,1,5,4,5,13,4,4,1,4,5,2,12,2,40,4,11,5,5,7,20,8,20,10,16,,67,,1,22,121.5362046,25.0125903
113,2,17,18,27,2,01大同區,大同區保安街與甘州街口,0,0,1,1,B03,8,5,5,50,4,1,1,5,4,5,13,1,1,5,5,5,2,16,2,34,3,10,7,1,7,5,1,8,2,8,,83,,1,21,121.512823,25.05915647
113,2,17,18,27,2,01大同區,大同區保安街與甘州街口,0,0,1,2,C03,8,5,5,50,4,1,1,5,4,5,13,1,1,5,5,5,2,16,1,48,2,9,6,1,7,9,1,10,2,14,,81,,1,21,121.512823,25.05915647
113,2,17,18,27,2,01大同區,大同區保安街與甘州街口,0,0,1,3,B03,8,5,5,50,4,1,1,5,4,5,13,1,1,5,5,5,2,16,1,34,3,10,7,1,7,13,1,8,9,6,,44,,1,21,121.512823,25.05915647
113,2,17,18,40,2,12內湖區,內湖區成功路4段234號,0,0,1,1,B12,8,5,5,40,14,7,1,5,4,5,13,4,4,1,4,4,2,17,1,67,3,10,7,1,7,1,1,8,2,17,,19,,1,21,121.5966996,25.0846208
113,2,17,18,40,2,12內湖區,內湖區成功路4段234號,0,0,1,2,C01,8,5,5,40,14,7,1,5,4,5,13,4,4,1,4,4,2,17,1,43,2,9,5,1,7,9,1,9,2,11,,13,,1,21,121.5966996,25.0846208
113,2,17,18,43,2,09北投區,北投區承德路7段與石牌路1段口,0,0,1,1,C03,8,5,5,60,4,1,1,5,4,5,13,1,1,1,4,4,2,15,1,53,3,10,5,1,7,9,1,10,11,12,,81,,2,21,121.5091289,25.1123959
113,2,17,18,43,2,09北投區,北投區承德路7段與石牌路1段口,0,0,1,2,C03,8,5,5,60,4,1,1,5,4,5,13,1,1,1,4,4,2,15,2,32,2,9,5,1,7,9,1,10,1,11,,44,,1,21,121.5091289,25.1123959
113,2,17,18,52,2,12內湖區,內湖區民權東路6段與民權東路6段413巷口,0,0,2,1,C03,8,5,5,50,3,2,1,5,4,5,13,4,4,9,4,4,2,13,1,59,2,9,6,1,7,10,1,10,2,13,,100,,1,21,121.6033579,25.07006563
113,2,17,18,52,2,12內湖區,內湖區民權東路6段與民權東路6段413巷口,0,0,2,2,C03,8,5,5,50,3,2,1,5,4,5,13,4,4,9,4,4,2,13,1,23,2,9,6,1,7,9,1,10,2,11,,14,,1,21,121.6033579,25.07006563
113,2,17,19,5,2,12內湖區,內湖區成功路2段與新明路口,0,0,2,1,C03,8,5,5,50,4,2,1,5,4,5,13,2,1,1,2,5,2,13,1,37,2,9,5,1,7,9,1,9,2,11,,44,,1,21,121.5912219,25.06075446
113,2,17,19,5,2,12內湖區,內湖區成功路2段與新明路口,0,0,2,2,C01,8,5,5,50,4,2,1,5,4,5,13,2,1,1,2,5,2,13,1,38,2,9,6,1,7,7,1,9,2,13,,8,,1,21,121.5912219,25.06075446
113,2,17,19,9,2,04大安區,大安區八德路2段與新生南路1段口,0,0,1,1,B01,7,5,5,50,4,4,1,5,4,5,13,1,1,1,3,5,2,13,1,59,3,10,7,1,7,9,1,4,2,1,,108,,1,21,121.5330226,25.0441629
113,2,17,19,9,2,04大安區,大安區八德路2段與新生南路1段口,0,0,1,2,C03,7,5,5,50,4,4,1,5,4,5,13,1,1,1,3,5,2,13,1,34,2,7,5,1,7,14,1,10,2,13,,44,,1,21,121.5330226,25.0441629
113,2,17,19,19,2,05中正區,中正區林森南路與濟南路1段口,0,0,2,1,B03,7,6,5,50,4,1,1,5,4,5,13,1,1,10,4,5,2,16,1,57,3,10,7,4,7,6,1,8,2,5,,17,,1,22,121.5226715,25.04243515
113,2,17,19,19,2,05中正區,中正區林森南路與濟南路1段口,0,0,2,2,C03,7,6,5,50,4,1,1,5,4,5,13,1,1,10,4,5,2,16,1,31,2,9,6,4,7,9,1,10,2,14,,44,,1,22,121.5226715,25.04243515
113,2,17,19,19,2,05中正區,中正區林森南路與濟南路1段口,0,0,2,3,C04,7,6,5,50,4,1,1,5,4,5,13,1,1,10,4,5,2,16,2,48,2,8,6,4,7,9,1,10,2,14,,44,,1,22,121.5226715,25.04243515
113,2,17,19,19,2,05中正區,中正區林森南路與濟南路1段口,0,0,2,4,B03,7,6,5,50,4,1,1,5,4,5,13,1,1,10,4,5,2,16,1,62,3,10,7,4,7,9,1,8,11,17,,42,,1,22,121.5226715,25.04243515
113,2,17,19,21,2,11南港區,南港區南港路3段與玉成街口,0,0,1,2,H01,8,5,5,50,4,1,1,5,4,5,13,1,1,9,4,5,2,3,1,40,2,8,4,5,8,16,8,20,1,16,,67,,1,21,121.5815277,25.05192566
113,2,17,19,21,2,11南港區,南港區南港路3段與玉成街口,0,0,1,1,C04,8,5,5,50,4,1,1,5,4,5,13,1,1,9,4,5,2,3,2,32,3,10,3,4,7,5,1,11,1,11,,70,,1,21,121.5815277,25.05192566
113,2,17,19,40,2,08士林區,士林區天母西路42號,0,0,1,1,C03,7,5,5,50,14,9,1,5,4,5,13,4,4,9,4,5,1,17,1,65,2,8,5,1,7,15,1,10,2,13,,12,,1,21,121.5256858,25.11845099
113,2,17,19,40,2,08士林區,士林區天母西路42號,0,0,1,2,B03,7,5,5,50,14,9,1,5,4,5,13,4,4,9,4,5,1,17,2,57,3,10,7,1,7,9,1,8,2,2,,44,,1,21,121.5256858,25.11845099
113,2,17,19,40,2,08士林區,士林區天母西路42號,0,0,1,3,B03,7,5,5,50,14,9,1,5,4,5,13,4,4,9,4,5,1,17,2,43,3,10,3,4,7,13,1,8,9,7,,44,,1,21,121.5256858,25.11845099
113,2,17,19,45,2,08士林區,士林區承德路4段與劍潭路口,0,0,1,1,B03,8,5,5,50,4,2,1,5,4,5,13,2,1,3,4,5,2,16,1,48,3,10,7,1,7,6,1,8,1,5,,44,,1,21,121.5236281,25.08421123
113,2,17,19,45,2,08士林區,士林區承德路4段與劍潭路口,0,0,1,2,C03,8,5,5,50,4,2,1,5,4,5,13,2,1,3,4,5,2,16,1,31,2,9,5,1,7,5,1,10,1,14,,108,,1,21,121.5236281,25.08421123
113,2,17,20,0,2,12內湖區,內湖區新湖一路東往西(IKEA停車場出入口),0,0,1,1,B03,8,5,5,50,14,9,1,5,4,5,13,4,4,9,5,5,2,17,1,35,3,10,7,1,7,1,1,8,1,1,,19,,1,21,121.5787323,25.0600609
113,2,17,20,0,2,12內湖區,內湖區新湖一路東往西(IKEA停車場出入口),0,0,1,2,C03,8,5,5,50,14,9,1,5,4,5,13,4,4,9,5,5,2,17,1,55,2,9,6,1,7,9,1,10,1,12,,44,,1,21,121.5787323,25.0600609
113,2,17,20,8,2,10文山區,文山區辛亥路6段86巷對面,0,0,1,1,C02,8,5,5,50,14,9,1,5,4,5,13,3,1,1,4,5,2,13,1,56,2,8,5,1,7,9,3,18,1,14,,108,,1,22,121.5523842,24.9887929
113,2,17,20,8,2,10文山區,文山區辛亥路6段86巷對面,0,0,1,2,B03,8,5,5,50,14,9,1,5,4,5,13,3,1,1,4,5,2,13,2,57,3,10,7,1,7,14,1,8,1,6,,44,,1,22,121.5523842,24.9887929
113,2,17,20,8,2,10文山區,文山區辛亥路6段86巷對面,0,0,1,3,C03,8,5,5,50,14,9,1,5,4,5,13,3,1,1,4,5,2,13,1,26,3,10,5,1,7,14,1,10,1,17,,44,,1,22,121.5523842,24.9887929
113,2,17,20,30,2,08士林區,士林區中山北路5段與中山北路5段699巷口口,0,0,2,1,C03,7,5,5,50,4,1,1,5,4,5,13,2,1,1,4,5,1,17,1,49,3,10,5,1,7,8,1,10,2,13,,100,,1,21,121.5273027,25.09780472
113,2,17,20,30,2,08士林區,士林區中山北路5段與中山北路5段699巷口口,0,0,2,2,C04,7,5,5,50,4,1,1,5,4,5,13,2,1,1,4,5,1,17,2,57,2,9,5,1,7,9,1,8,2,11,,44,,1,21,121.5273027,25.09780472
113,2,17,20,30,2,08士林區,士林區中山北路5段與中山北路5段699巷口口,0,0,2,3,H02,7,5,5,50,4,1,1,5,4,5,13,2,1,1,4,5,1,17,2,29,2,7,5,5,7,21,8,20,10,17,,67,,1,21,121.5273027,25.09780472
113,2,17,20,42,2,08士林區,士林區承德路4段292巷與大南路口,0,0,2,1,C03,8,5,5,50,4,1,1,5,4,5,13,2,1,5,5,5,2,12,1,53,2,9,5,1,7,9,1,10,6,11,,101,,1,21,121.5190665,25.0887703
113,2,17,20,42,2,08士林區,士林區承德路4段292巷與大南路口,0,0,2,2,C03,8,5,5,50,4,1,1,5,4,5,13,2,1,5,5,5,2,12,1,29,3,10,5,1,7,14,1,10,2,13,,44,,1,21,121.5190665,25.0887703
113,2,17,20,42,2,08士林區,士林區承德路4段292巷與大南路口,0,0,2,3,C03,8,5,5,50,4,1,1,5,4,5,13,2,1,5,5,5,2,12,1,26,3,10,5,1,7,14,1,10,2,12,,44,,1,21,121.5190665,25.0887703
113,2,17,20,42,2,08士林區,士林區承德路4段292巷與大南路口,0,0,2,4,H02,8,5,5,50,4,1,1,5,4,5,13,2,1,5,5,5,2,12,2,25,2,9,5,5,7,,8,20,10,16,,67,,1,21,121.5190665,25.0887703
113,2,17,20,42,2,08士林區,士林區承德路4段292巷與大南路口,0,0,2,5,H02,8,5,5,50,4,1,1,5,4,5,13,2,1,5,5,5,2,12,2,47,3,10,7,5,7,20,8,20,10,17,,21,,1,22,121.5190665,25.0887703
113,2,17,21,5,2,11南港區,南港區南港路3段192號與南港路3段190巷口口,0,0,2,1,C03,8,5,5,50,3,1,1,5,4,5,13,1,1,9,4,5,2,16,1,29,2,9,5,1,7,5,1,10,1,14,,8,,1,21,121.5868356,25.053046
113,2,17,21,5,2,11南港區,南港區南港路3段192號與南港路3段190巷口口,0,0,2,2,C03,8,5,5,50,3,1,1,5,4,5,13,1,1,9,4,5,2,16,1,18,2,9,5,1,7,9,1,10,1,11,,44,,1,21,121.5868356,25.053046
113,2,17,21,50,2,03中山區,中山區長安東路2段與伊通街口,0,0,1,1,B03,8,5,5,50,4,1,1,5,4,5,13,1,1,5,4,5,2,16,1,74,3,10,7,1,7,5,1,8,1,8,,74,,1,21,121.534753,25.04843244
113,2,17,21,50,2,03中山區,中山區長安東路2段與伊通街口,0,0,1,2,C03,8,5,5,50,4,1,1,5,4,5,13,1,1,5,4,5,2,16,1,22,2,9,6,1,7,9,1,10,1,14,,13,,1,21,121.534753,25.04843244
113,2,17,22,0,2,03中山區,中山區大直街與北安路口,0,0,1,1,B03,8,5,5,50,4,1,1,5,4,5,13,2,1,7,2,5,2,17,1,40,3,10,7,1,7,9,1,8,1,2,,85,,1,21,121.5472583,25.0798145
113,2,17,22,0,2,03中山區,中山區大直街與北安路口,0,0,1,2,C03,8,5,5,50,4,1,1,5,4,5,13,2,1,7,2,5,2,17,1,56,2,9,5,1,7,9,1,10,1,11,,44,,1,21,121.5472583,25.0798145
113,2,17,22,50,2,09北投區,北投區大度路3段往淡水070燈桿,0,0,1,1,C03,8,5,5,50,14,12,1,5,4,5,13,4,4,1,3,1,1,13,1,20,2,9,6,1,7,7,1,10,1,11,,16,,1,21,121.4719534,25.1229168
113,2,17,22,50,2,09北投區,北投區大度路3段往淡水070燈桿,0,0,1,2,C03,8,5,5,50,14,12,1,5,4,5,13,4,4,1,3,1,1,13,1,20,3,10,6,1,7,9,1,10,1,13,,44,,1,21,121.4719534,25.1229168
113,2,17,23,5,2,03中山區,中山區樂群二路與敬業一路口,0,0,2,1,B03,8,5,5,50,4,1,1,5,4,5,13,2,1,1,4,5,2,17,1,33,3,10,3,4,7,11,1,8,2,7,,10,,1,21,121.5532196,25.0799984
113,2,17,23,5,2,03中山區,中山區樂群二路與敬業一路口,0,0,2,2,C03,8,5,5,50,4,1,1,5,4,5,13,2,1,1,4,5,2,17,1,24,2,9,6,4,7,9,1,10,2,11,,108,,1,21,121.5532196,25.0799984
113,2,17,23,5,2,03中山區,中山區樂群二路與敬業一路口,0,0,2,3,H02,8,5,5,50,4,1,1,5,4,5,13,2,1,1,4,5,2,17,2,20,2,9,5,5,7,20,8,20,10,16,,67,,1,21,121.5532196,25.0799984
113,2,17,23,45,2,03中山區,中山區林森北路與中山北路2段65巷口,0,0,1,1,B01,8,5,5,50,4,1,1,5,4,5,13,4,4,9,5,5,2,16,1,62,3,10,7,1,7,9,1,4,1,8,,108,,1,21,121.5254869,25.0570364
113,2,17,23,45,2,03中山區,中山區林森北路與中山北路2段65巷口,0,0,1,2,C03,8,5,5,50,4,1,1,5,4,5,13,4,4,9,5,5,2,16,2,35,2,7,6,1,7,5,1,10,1,14,,44,,1,21,121.5254869,25.0570364
113,2,18,7,43,2,07信義區,信義區莊敬路196號,0,0,1,1,C04,8,5,5,50,14,8,1,5,4,5,13,2,1,5,4,4,2,18,1,28,2,9,5,1,7,9,1,10,7,14,,101,,1,22,121.5613459,25.0306068
113,2,18,7,43,2,07信義區,信義區莊敬路196號,0,0,1,2,,8,5,5,50,14,8,1,5,4,5,13,2,1,5,4,4,2,18,3,0,,,,,,,,,,,,67,,1,,121.5613459,25.0306068
113,2,18,7,47,2,03中山區,中山區建國北路2段119號,0,0,2,1,F01,8,5,5,50,3,2,1,5,4,5,13,1,1,10,4,5,2,17,1,68,2,9,4,1,7,7,8,20,1,14,12,100,,1,21,121.5372085,25.05959825
113,2,18,7,47,2,03中山區,中山區建國北路2段119號,0,0,2,2,C03,8,5,5,50,3,2,1,5,4,5,13,1,1,10,4,5,2,17,1,64,2,9,5,1,7,9,1,10,1,11,12,44,,1,21,121.5372085,25.05959825
113,2,18,8,48,2,03中山區,中山區民權西路與天祥路口,0,0,1,1,B03,8,6,5,50,4,1,1,5,4,5,13,1,1,1,4,5,2,12,1,52,3,10,3,4,7,7,1,8,1,6,,100,,1,22,121.5211653,25.0625184
113,2,18,8,48,2,03中山區,中山區民權西路與天祥路口,0,0,1,2,C03,8,6,5,50,4,1,1,5,4,5,13,1,1,1,4,5,2,12,1,19,2,7,6,1,7,9,1,10,1,14,,105,,1,22,121.5211653,25.0625184
113,2,18,10,13,2,10文山區,文山區木柵路5段與萬福橋口,0,0,1,1,B03,8,6,5,50,4,1,1,5,4,5,13,1,1,5,4,5,2,16,1,70,3,10,7,1,7,6,1,8,1,5,,101,,1,21,121.5838625,25.00275919
113,2,18,10,13,2,10文山區,文山區木柵路5段與萬福橋口,0,0,1,2,F01,8,6,5,50,4,1,1,5,4,5,13,1,1,5,4,5,2,16,2,53,2,9,4,1,7,9,8,20,1,14,,44,,1,21,121.5838625,25.00275919
113,2,18,10,34,2,08士林區,士林區堤外便道與通河西街1段口越堤坡道堤外槌球場南側臨時停車場,0,0,1,1,C03,8,7,5,50,4,1,1,5,4,5,13,4,4,5,4,5,1,11,1,69,5,1,5,1,7,9,1,10,11,14,,72,,1,22,121.5126519,25.08586594
113,2,18,10,34,2,08士林區,士林區堤外便道與通河西街1段口越堤坡道堤外槌球場南側臨時停車場,0,0,1,2,B12,8,7,5,50,4,1,1,5,4,5,13,4,4,5,4,5,1,11,1,60,3,10,7,1,7,9,1,8,2,2,,108,,1,22,121.5126519,25.08586594
113,2,18,10,39,2,10文山區,文山區木新路2段161巷24弄2號,0,0,1,1,C04,7,6,5,30,14,9,1,5,4,5,13,4,4,10,5,5,2,11,2,74,2,9,6,1,7,15,1,10,1,14,,42,,1,21,121.5693678,24.9825809
113,2,18,10,39,2,10文山區,文山區木新路2段161巷24弄2號,0,0,1,2,B03,7,6,5,30,14,9,1,5,4,5,13,4,4,10,5,5,2,11,1,65,3,10,7,1,7,9,1,8,1,4,,14,,1,21,121.5693678,24.9825809
113,2,18,10,58,2,02萬華區,萬華區雙園街86號,0,0,3,1,C03,8,6,5,50,14,9,1,5,4,5,13,4,4,5,4,5,2,17,1,27,2,9,5,1,7,5,1,10,1,11,,94,,1,21,121.4931733,25.0307666
113,2,18,10,58,2,02萬華區,萬華區雙園街86號,0,0,3,2,C03,8,6,5,50,14,9,1,5,4,5,13,4,4,5,4,5,2,17,1,38,2,9,5,1,7,9,1,10,1,14,,32,,1,21,121.4931733,25.0307666
113,2,18,10,58,2,02萬華區,萬華區雙園街86號,0,0,3,3,H02,8,6,5,50,14,9,1,5,4,5,13,4,4,5,4,5,2,17,2,38,2,8,5,5,7,20,8,20,10,17,,67,,1,21,121.4931733,25.0307666
113,2,18,11,7,2,02萬華區,萬華區西園路2段與艋舺大道口,0,0,2,1,C02,8,7,5,50,4,2,1,5,4,5,13,1,1,3,3,5,2,13,1,20,2,9,5,4,7,9,1,9,1,11,,16,,1,22,121.497621,25.0331023
113,2,18,11,7,2,02萬華區,萬華區西園路2段與艋舺大道口,0,0,2,2,B01,8,7,5,50,4,2,1,5,4,5,13,1,1,3,3,5,2,13,1,57,3,10,3,4,7,14,1,4,1,6,,44,,1,22,121.497621,25.0331023
113,2,18,11,7,2,02萬華區,萬華區西園路2段與艋舺大道口,0,0,2,3,H02,8,7,5,50,4,2,1,5,4,5,13,1,1,3,3,5,2,13,2,19,2,9,3,5,7,20,8,20,10,16,,67,,1,22,121.497621,25.0331023
113,2,18,11,10,2,10文山區,文山區木柵路3段66巷(西往東0700212燈桿旁）,0,0,1,1,B03,8,5,5,50,14,9,1,5,4,5,13,4,4,5,5,5,2,17,1,72,3,10,7,1,7,13,1,8,2,4,,40,,1,21,121.5675072,24.9868342
113,2,18,11,10,2,10文山區,文山區木柵路3段66巷(西往東0700212燈桿旁）,0,0,1,2,C03,8,5,5,50,14,9,1,5,4,5,13,4,4,5,5,5,2,17,1,50,2,9,5,1,7,9,1,10,2,12,,44,,1,21,121.5675072,24.9868342
113,2,18,11,39,2,04大安區,大安區光復南路686號,0,0,1,1,B01,8,6,5,50,14,9,1,5,4,5,13,2,1,1,4,5,2,17,1,72,3,10,3,4,7,15,3,18,9,6,,44,,1,21,121.5573111,25.0300187
113,2,18,11,39,2,04大安區,大安區光復南路686號,0,0,1,2,F01,8,6,5,50,14,9,1,5,4,5,13,2,1,1,4,5,2,17,2,31,2,9,4,1,7,9,8,20,1,11,,119,,1,21,121.5573111,25.0300187
113,2,18,11,39,2,04大安區,大安區光復南路686號,0,0,1,3,H02,8,6,5,50,14,9,1,5,4,5,13,2,1,1,4,5,2,17,4,0,,,,,,,,,10,,,119,,2,,121.5573111,25.0300187
113,2,18,11,46,2,09北投區,北投區大同街204巷與永興路1段32巷口,0,0,2,1,C03,8,6,5,30,4,1,1,5,4,5,13,4,4,10,5,5,2,15,1,32,2,6,5,1,7,9,1,10,1,11,,72,,1,21,121.5001171,25.13807
113,2,18,11,46,2,09北投區,北投區大同街204巷與永興路1段32巷口,0,0,2,2,C03,8,6,5,30,4,1,1,5,4,5,13,4,4,10,5,5,2,15,1,60,2,6,5,1,7,9,1,10,1,11,,108,,1,21,121.5001171,25.13807
113,2,18,11,54,2,10文山區,文山區興隆路4段179巷與中崙路25巷口,0,0,1,1,C03,8,6,5,30,4,2,1,5,4,5,13,4,4,10,5,5,2,17,2,42,3,10,6,1,7,5,1,10,9,11,,74,,2,22,121.5639024,24.9838485
113,2,18,11,54,2,10文山區,文山區興隆路4段179巷與中崙路25巷口,0,0,1,2,C03,8,6,5,30,4,2,1,5,4,5,13,4,4,10,5,5,2,17,2,23,2,9,6,1,7,9,1,10,1,11,,44,,1,21,121.5639024,24.9838485
113,2,18,11,55,2,01大同區,大同區忠孝西路2段與西寧北路口口,0,0,1,1,C03,8,6,5,50,4,1,1,5,4,5,13,2,1,1,2,4,2,17,1,48,2,9,6,1,7,5,1,10,1,14,,8,,1,21,121.507652,25.04879865
113,2,18,11,55,2,01大同區,大同區忠孝西路2段與西寧北路口口,0,0,1,2,B03,8,6,5,50,4,1,1,5,4,5,13,2,1,1,2,4,2,17,1,50,3,10,7,1,7,5,1,8,1,5,,8,,1,21,121.507652,25.04879865
113,2,18,11,57,2,08士林區,士林區延平北路8段2巷153弄附近社子廣和宮前腳踏車專用道,0,0,1,1,F01,8,6,8,20,22,22,1,5,4,1,13,4,4,10,5,5,2,29,1,17,2,9,4,4,7,9,8,20,1,17,,108,,1,21,121.4809071,25.11102381
113,2,18,11,57,2,08士林區,士林區延平北路8段2巷153弄附近社子廣和宮前腳踏車專用道,0,0,1,2,H03,8,6,8,20,22,22,1,5,4,1,13,4,4,10,5,5,2,29,3,67,3,10,4,5,8,21,8,20,10,16,,67,,1,21,121.4809071,25.11102381
113,2,18,12,10,2,09北投區,北投區福國路與承德路6段口,0,0,1,1,B03,8,6,5,50,4,1,1,5,4,5,13,2,1,1,2,5,2,17,1,60,3,10,7,1,7,6,1,8,1,2,,9,,1,22,121.5125407,25.1013456
113,2,18,12,10,2,09北投區,北投區福國路與承德路6段口,0,0,1,2,C03,8,6,5,50,4,1,1,5,4,5,13,2,1,1,2,5,2,17,1,21,2,9,6,1,7,9,1,10,1,11,,44,,1,21,121.5125407,25.1013456
113,2,18,12,19,2,08士林區,士林區中山北路5段第14停車格前,0,0,2,1,B03,8,6,5,0,14,9,1,5,4,5,13,4,4,1,5,5,1,17,1,49,4,11,3,1,7,1,1,8,11,17,,19,,1,21,121.5273441,25.09737733
113,2,18,12,19,2,08士林區,士林區中山北路5段第14停車格前,0,0,2,2,C03,8,6,5,0,14,9,1,5,4,5,13,4,4,1,5,5,1,17,1,55,2,9,5,1,7,10,1,10,2,13,,101,,1,21,121.5273441,25.09737733
113,2,18,12,19,2,08士林區,士林區中山北路5段第14停車格前,0,0,2,3,C03,8,6,5,0,14,9,1,5,4,5,13,4,4,1,5,5,1,17,2,45,2,9,5,1,7,9,1,10,2,11,,44,,1,21,121.5273441,25.09737733
113,2,18,12,29,2,05中正區,中正區愛國東路24號,0,0,1,1,C03,8,7,5,40,14,8,1,5,4,5,13,1,1,1,4,4,2,17,1,59,3,10,5,1,7,12,1,10,1,17,,14,,1,22,121.5179796,25.0343094
113,2,18,12,29,2,05中正區,中正區愛國東路24號,0,0,1,2,B01,8,7,5,40,14,8,1,5,4,5,13,1,1,1,4,4,2,17,1,40,3,10,7,1,7,10,1,4,1,17,,100,,1,22,121.5179796,25.0343094
113,2,18,12,29,2,05中正區,中正區愛國東路24號,0,0,1,3,H02,8,7,5,40,14,8,1,5,4,5,13,1,1,1,4,4,2,17,2,44,2,2,7,5,7,20,8,20,10,16,,67,,1,22,121.5179796,25.0343094
113,2,18,12,53,2,06松山區,松山區市民大道5段與東興路口,0,0,1,1,B03,7,6,5,50,4,1,1,5,4,5,13,1,1,1,4,5,2,17,2,48,3,10,7,1,7,5,1,8,1,8,,85,,1,21,121.5657693,25.0483443
113,2,18,12,53,2,06松山區,松山區市民大道5段與東興路口,0,0,1,2,C01,7,6,5,50,4,1,1,5,4,5,13,1,1,1,4,5,2,17,1,29,2,9,6,1,7,9,1,9,1,14,,13,,1,21,121.5657693,25.0483443
113,2,18,13,3,2,02萬華區,萬華區雙園街86號,0,0,2,1,C03,8,7,5,50,14,9,1,5,4,5,13,4,4,8,3,5,2,13,1,33,2,9,5,4,7,9,1,10,1,11,,108,,1,22,121.4931769,25.0307872
113,2,18,13,3,2,02萬華區,萬華區雙園街86號,0,0,2,2,C03,8,7,5,50,14,9,1,5,4,5,13,4,4,8,3,5,2,13,1,51,2,9,5,4,7,9,1,10,1,13,,44,,1,22,121.4931769,25.0307872
113,2,18,13,30,2,03中山區,中山區民權東路3段16號前,0,0,1,2,C03,8,7,5,50,14,9,1,5,4,5,13,4,4,1,4,5,2,17,1,31,2,9,3,4,7,9,1,10,1,17,,44,,1,21,121.5399498,25.0622773