發生年度,發生月,發生日,發生時-Hours,發生分,處理別-編號,區序,肇事地點,死亡人數,2-30日死亡人數,受傷人數,當事人序號,車種,天候,道路照明設備,道路類別,速限-速度限制,道路型態,事故位置,路面狀況1,路面狀況2,路面狀況3,道路障礙1,道路障礙2,號誌1,號誌2,車道劃分-分向,車道劃分-分道1,車道劃分-分道2,車道劃分-分道3,事故類型及型態,性別,年齡,受傷程度,主要傷處,保護裝置,行動電話,車輛用途,當事者行動狀態,駕駛資格情形,駕駛執照種類,飲酒情形,車輛撞擊部位1,車輛撞擊部位2,肇因碼-個別,肇因碼-主要,個人肇逃否,職業,座標-X,座標-Y
113,2,18,13,30,2,03中山區,中山區民權東路3段16號前,0,0,1,1,B01,8,7,5,50,14,9,1,5,4,5,13,4,4,1,4,5,2,17,1,47,3,10,3,4,7,1,1,4,9,17,,19,,1,22,121.5399498,25.0622773
113,2,18,13,56,2,06松山區,松山區南京東路5段286巷與南京東路5段口,0,0,1,1,C03,8,6,5,30,3,1,1,5,4,5,13,4,4,1,4,4,2,17,1,29,2,7,6,4,7,15,1,10,1,13,,74,,1,21,121.5672928,25.05128541
113,2,18,13,56,2,06松山區,松山區南京東路5段286巷與南京東路5段口,0,0,1,2,B01,8,6,5,30,3,1,1,5,4,5,13,4,4,1,4,4,2,17,1,40,3,10,7,4,7,9,1,4,1,1,,44,,1,21,121.5672928,25.05128541
113,2,18,14,17,2,05中正區,中正區愛國西路與延平南路口,0,0,2,1,C03,8,7,5,40,4,2,1,5,4,5,13,1,1,1,4,4,2,17,1,25,2,7,5,1,7,6,1,10,1,12,,9,,1,22,121.5079281,25.0365752
113,2,18,14,17,2,05中正區,中正區愛國西路與延平南路口,0,0,2,2,C03,8,7,5,40,4,2,1,5,4,5,13,1,1,1,4,4,2,17,1,19,2,9,5,1,7,9,1,10,1,14,,44,,1,22,121.5079281,25.0365752
113,2,18,14,17,2,05中正區,中正區愛國西路與延平南路口,0,0,2,3,H02,8,7,5,40,4,2,1,5,4,5,13,1,1,1,4,4,2,17,2,24,4,11,5,5,7,20,8,20,10,16,,67,,1,22,121.5079281,25.0365752
113,2,18,14,50,2,05中正區,中正區重慶南路2段與重慶南路2段7巷口,0,0,1,1,B01,8,6,5,50,3,1,1,5,4,5,13,4,4,1,4,5,2,17,1,64,3,10,7,1,7,6,1,4,2,2,,9,,1,21,121.5137225,25.0331776
113,2,18,14,50,2,05中正區,中正區重慶南路2段與重慶南路2段7巷口,0,0,1,2,C03,8,6,5,50,3,1,1,5,4,5,13,4,4,1,4,5,2,17,1,19,2,9,5,1,7,9,1,10,2,11,,108,,1,21,121.5137225,25.0331776
113,2,18,14,50,2,05中正區,中正區重慶南路2段與重慶南路2段7巷口,0,0,1,3,,8,6,5,50,3,1,1,5,4,5,13,4,4,1,4,5,2,17,3,0,,,,,,,,,,,,67,,1,,121.5137225,25.0331776
113,2,18,15,6,2,03中山區,中山區南京西路12巷,0,0,1,1,C03,8,6,5,50,22,9,1,5,4,5,13,4,4,10,5,5,1,16,1,60,2,8,6,1,7,7,1,10,1,14,,100,,1,22,121.5427726,25.0792088
113,2,18,15,6,2,03中山區,中山區南京西路12巷,0,0,1,2,B03,8,6,5,50,22,9,1,5,4,5,13,4,4,10,5,5,1,16,1,51,3,10,3,1,7,9,1,8,1,5,,16,,1,22,121.5427726,25.0792088
113,2,18,15,18,2,07信義區,信義區松壽路11號,0,0,1,1,A02,8,6,8,50,22,22,1,5,4,5,13,1,1,5,4,5,2,17,1,56,3,10,7,1,7,5,1,4,2,2,,17,,1,21,121.5671293,25.0359067
113,2,18,15,18,2,07信義區,信義區松壽路11號,0,0,1,2,C01,8,6,8,50,22,22,1,5,4,5,13,1,1,5,4,5,2,17,1,54,2,9,6,1,7,14,1,9,2,14,,38,,1,22,121.5671293,25.0359067
113,2,18,15,36,2,03中山區,中山區明水路397巷2弄與明水路397巷口,0,0,2,1,B03,8,6,8,30,4,1,1,5,4,5,13,4,4,10,5,5,2,17,1,56,2,8,7,1,7,5,1,8,1,1,10,14,,1,21,121.5476849,25.07804835
113,2,18,15,36,2,03中山區,中山區明水路397巷2弄與明水路397巷口,0,0,2,2,C03,8,6,8,30,4,1,1,5,4,5,13,4,4,10,5,5,2,17,1,34,2,9,5,1,7,9,1,10,1,14,12,14,,1,21,121.5476849,25.07804835
113,2,18,15,36,2,03中山區,中山區明水路397巷2弄與明水路397巷口,0,0,2,3,C03,8,6,8,30,4,1,1,5,4,5,13,4,4,10,5,5,2,17,3,0,,,,,,,,,,,,67,,1,,121.5476849,25.07804835
113,2,18,15,36,2,03中山區,中山區明水路397巷2弄與明水路397巷口,0,0,2,4,C03,8,6,8,30,4,1,1,5,4,5,13,4,4,10,5,5,2,17,3,0,,,,,,,,,,,,67,,1,,121.5476849,25.07804835
113,2,18,15,36,2,03中山區,中山區明水路397巷2弄與明水路397巷口,0,0,2,5,F02,8,6,8,30,4,1,1,5,4,5,13,4,4,10,5,5,2,17,3,0,,,,,,,,,,,,67,,1,,121.5476849,25.07804835
113,2,18,15,36,2,03中山區,中山區明水路397巷2弄與明水路397巷口,0,0,2,6,C03,8,6,8,30,4,1,1,5,4,5,13,4,4,10,5,5,2,17,3,0,,,,,,,,,,,,67,,1,,121.5476849,25.07804835
113,2,18,15,36,2,03中山區,中山區明水路397巷2弄與明水路397巷口,0,0,2,7,C03,8,6,8,30,4,1,1,5,4,5,13,4,4,10,5,5,2,17,3,0,,,,,,,,,,,,67,,1,,121.5476849,25.07804835
113,2,18,15,36,2,03中山區,中山區明水路397巷2弄與明水路397巷口,0,0,2,8,C03,8,6,8,30,4,1,1,5,4,5,13,4,4,10,5,5,2,17,1,30,3,10,3,4,7,13,1,10,11,15,,44,,1,22,121.5476849,25.07804835
113,2,18,15,36,2,03中山區,中山區明水路397巷2弄與明水路397巷口,0,0,2,9,C03,8,6,8,30,4,1,1,5,4,5,13,4,4,10,5,5,2,17,3,0,,,,,,,,,,,,67,,1,,121.5476849,25.07804835
113,2,18,15,36,2,03中山區,中山區明水路397巷2弄與明水路397巷口,0,0,2,10,C03,8,6,8,30,4,1,1,5,4,5,13,4,4,10,5,5,2,17,1,33,3,10,3,1,7,15,7,19,9,15,,44,,1,21,121.5476849,25.07804835
113,2,18,15,36,2,03中山區,中山區明水路397巷2弄與明水路397巷口,0,0,2,11,C03,8,6,8,30,4,1,1,5,4,5,13,4,4,10,5,5,2,17,3,0,,,,,,,,,,,,67,,1,,121.5476849,25.07804835
113,2,18,15,36,2,03中山區,中山區明水路397巷2弄與明水路397巷口,0,0,2,12,C03,8,6,8,30,4,1,1,5,4,5,13,4,4,10,5,5,2,17,3,0,,,,,,,,,,,,67,,1,,121.5476849,25.07804835
113,2,18,15,36,2,03中山區,中山區明水路397巷2弄與明水路397巷口,0,0,2,13,C03,8,6,8,30,4,1,1,5,4,5,13,4,4,10,5,5,2,17,3,0,,,,,,,,,,,,67,,1,,121.5476849,25.07804835
113,2,18,15,36,2,03中山區,中山區明水路397巷2弄與明水路397巷口,0,0,2,14,C03,8,6,8,30,4,1,1,5,4,5,13,4,4,10,5,5,2,17,1,64,3,10,3,1,7,15,7,19,9,15,,44,,1,21,121.5476849,25.07804835
113,2,18,15,36,2,03中山區,中山區明水路397巷2弄與明水路397巷口,0,0,2,15,,8,6,8,30,4,1,1,5,4,5,13,4,4,10,5,5,2,17,3,0,,,,,,,,,,,,67,,1,,121.5476849,25.07804835
113,2,18,16,35,2,04大安區,大安區辛亥路2段與復興南路2段口,0,0,2,2,B03,8,6,5,50,5,1,1,5,4,5,13,2,1,1,4,5,2,13,2,35,3,10,7,1,7,14,1,8,1,7,,42,,1,21,121.543364,25.0214758
113,2,18,16,35,2,04大安區,大安區辛亥路2段與復興南路2段口,0,0,2,3,H02,8,6,5,50,5,1,1,5,4,5,13,2,1,1,4,5,2,13,2,38,2,8,5,5,7,20,8,20,10,16,,67,,1,21,121.543364,25.0214758
113,2,18,16,35,2,04大安區,大安區辛亥路2段與復興南路2段口,0,0,2,1,C03,8,6,5,50,5,1,1,5,4,5,13,2,1,1,4,5,2,13,1,42,2,8,5,1,7,9,1,10,1,11,,42,,1,21,121.543364,25.0214758
113,2,18,17,49,2,05中正區,中正區思源街1號(自來水園區)永福橋頭,0,0,2,1,F01,8,7,5,50,12,23,1,5,4,5,13,4,4,1,4,5,1,17,1,11,2,6,4,1,7,9,8,20,11,11,,108,,2,14,121.5284718,25.01182986
113,2,18,17,49,2,05中正區,中正區思源街1號(自來水園區)永福橋頭,0,0,2,2,F01,8,7,5,50,12,23,1,5,4,5,13,4,4,1,4,5,1,17,2,41,2,7,4,1,7,9,8,20,11,11,,44,,1,21,121.5284718,25.01182986
113,2,18,18,31,2,12內湖區,內湖區新明路與新明路380巷口,0,0,1,1,C03,8,5,5,30,4,2,1,5,4,5,13,4,4,10,5,5,2,17,1,45,3,10,5,1,7,6,1,10,2,11,,72,,1,21,121.5804781,25.05478185
113,2,18,18,31,2,12內湖區,內湖區新明路與新明路380巷口,0,0,1,2,C03,8,5,5,30,4,2,1,5,4,5,13,4,4,10,5,5,2,17,2,32,2,9,6,1,7,9,1,10,2,11,,44,,1,21,121.5804781,25.05478185
113,2,18,18,35,2,05中正區,中正區羅斯福路2段與和平西路1段口,0,0,1,1,C03,8,6,5,50,4,1,1,5,4,5,13,2,1,1,4,5,2,16,2,22,2,6,5,1,7,8,1,10,1,11,,100,,1,21,121.5221558,25.0272051
113,2,18,18,35,2,05中正區,中正區羅斯福路2段與和平西路1段口,0,0,1,2,C03,8,6,5,50,4,1,1,5,4,5,13,2,1,1,4,5,2,16,1,63,3,10,5,1,7,9,1,10,1,13,,44,,1,21,121.5221558,25.0272051
113,2,18,18,46,2,02萬華區,萬華區萬大路323號,0,0,1,1,C03,8,5,5,30,14,9,1,5,4,5,13,4,4,1,5,5,2,13,2,48,2,9,5,1,7,9,1,10,1,11,,16,,1,26,121.5003693,25.02441415
113,2,18,18,46,2,02萬華區,萬華區萬大路323號,0,0,1,2,C03,8,5,5,30,14,9,1,5,4,5,13,4,4,1,5,5,2,13,1,37,3,10,5,1,7,12,1,10,1,13,,44,,1,21,121.5003693,25.02441415
113,2,18,19,9,2,10文山區,文山區羅斯福路4段與基隆路4段口,0,0,1,1,C03,8,5,5,50,4,1,1,5,4,5,13,2,1,1,4,5,2,16,1,38,3,10,5,1,7,5,1,10,2,14,,96,,1,21,121.5369747,25.0110012
113,2,18,19,9,2,10文山區,文山區羅斯福路4段與基隆路4段口,0,0,1,2,C03,8,5,5,50,4,1,1,5,4,5,13,2,1,1,4,5,2,16,2,56,2,9,5,1,7,9,1,10,2,12,,44,,1,21,121.5369747,25.0110012
113,2,18,19,45,2,05中正區,中正區重慶南路1段與襄陽路口,0,0,1,1,C03,8,5,5,50,3,1,1,5,4,5,13,2,1,5,4,5,2,16,2,21,2,9,5,1,7,9,1,10,2,14,,86,,1,21,121.5132673,25.0433761
113,2,18,19,45,2,05中正區,中正區重慶南路1段與襄陽路口,0,0,1,2,B03,8,5,5,50,3,1,1,5,4,5,13,2,1,5,4,5,2,16,2,54,3,10,7,1,7,6,1,8,2,2,,44,,1,21,121.5132673,25.0433761
113,2,18,19,55,2,08士林區,士林區天母西路38巷與天母西路38巷口停車場出入口,0,0,1,1,B03,8,5,5,50,5,1,1,5,4,3,10,4,4,7,5,5,2,17,1,33,3,10,3,4,7,1,1,8,1,8,,19,,1,21,121.5260672,25.1178396
113,2,18,19,55,2,08士林區,士林區天母西路38巷與天母西路38巷口停車場出入口,0,0,1,2,C03,8,5,5,50,5,1,1,5,4,3,10,4,4,7,5,5,2,17,1,26,2,9,3,4,7,9,1,10,1,11,,13,,1,21,121.5260672,25.1178396
113,2,18,21,15,2,11南港區,南港區南港路1段與興華路口,0,0,2,1,C03,8,5,5,50,4,1,1,5,4,5,13,1,1,5,4,5,2,16,1,19,2,9,5,1,7,5,1,10,1,12,,80,,1,21,121.6062349,25.0542589
113,2,18,21,15,2,11南港區,南港區南港路1段與興華路口,0,0,2,2,C03,8,5,5,50,4,1,1,5,4,5,13,1,1,5,4,5,2,16,1,28,2,7,5,1,7,9,1,10,1,11,,44,,1,21,121.6062349,25.0542589
113,2,18,21,40,2,08士林區,士林區中山北路5段6號,0,0,1,1,B03,8,5,5,40,11,9,1,5,4,5,13,4,4,4,3,1,1,17,1,27,3,10,2,1,7,6,1,8,1,2,,9,,1,22,121.5255689,25.0827532
113,2,18,21,40,2,08士林區,士林區中山北路5段6號,0,0,1,2,C03,8,5,5,40,11,9,1,5,4,5,13,4,4,4,3,1,1,17,2,45,2,7,5,1,7,9,1,10,1,14,,44,,1,22,121.5255689,25.0827532
113,2,18,22,2,2,02萬華區,萬華區西藏路125巷與西藏路口,0,0,2,1,C03,8,5,5,50,3,1,1,5,4,5,13,1,1,8,3,5,1,3,1,30,2,9,5,1,7,9,1,10,2,11,,70,,1,21,121.5023901,25.0296801
113,2,18,22,2,2,02萬華區,萬華區西藏路125巷與西藏路口,0,0,2,2,H01,8,5,5,50,3,1,1,5,4,5,13,1,1,8,3,5,1,3,2,65,2,2,4,5,8,16,8,20,1,16,,122,,1,22,121.5023901,25.0296801
113,2,18,22,40,2,07信義區,信義區松德路與松德路12巷口口,0,0,1,1,B03,7,5,8,50,3,1,1,5,4,5,13,4,4,1,4,4,2,17,1,51,3,10,7,1,7,6,1,4,2,2,,17,,1,22,121.5774423,25.0394302
113,2,18,22,40,2,07信義區,信義區松德路與松德路12巷口口,0,0,1,2,C03,7,5,8,50,3,1,1,5,4,5,13,4,4,1,4,4,2,17,2,24,2,9,6,1,7,9,1,10,2,14,,13,,1,22,121.5774423,25.0394302
113,2,19,5,25,2,06松山區,松山區饒河街與八德路4段口,0,0,1,1,B03,7,5,5,50,5,1,1,5,4,5,13,2,1,1,2,5,2,17,1,42,3,10,3,4,7,5,1,8,2,17,,99,,1,21,121.5724524,25.0500596
113,2,19,5,25,2,06松山區,松山區饒河街與八德路4段口,0,0,1,2,C03,7,5,5,50,5,1,1,5,4,5,13,2,1,1,2,5,2,17,1,52,2,9,6,4,7,9,1,10,2,14,,42,,1,21,121.5724524,25.0500596
113,2,19,5,33,2,12內湖區,內湖區成功路4段與金湖路口,0,0,1,1,H01,8,5,5,50,4,1,1,5,4,5,13,2,1,1,4,5,2,3,1,26,2,9,4,5,8,18,8,20,10,16,,122,,1,21,121.5951839,25.08400304
113,2,19,5,33,2,12內湖區,內湖區成功路4段與金湖路口,0,0,1,2,C02,8,5,5,50,4,1,1,5,4,5,13,2,1,1,4,5,2,3,1,55,3,10,5,1,7,9,1,9,2,11,,70,,1,21,121.5951839,25.08400304
113,2,19,5,56,2,03中山區,中山區濱江街356號與濱江街口無名巷,0,0,1,1,B12,8,5,5,30,3,2,1,5,4,5,13,4,4,9,4,5,2,17,1,61,3,10,7,1,7,8,6,4,2,4,,14,,1,21,121.5500229,25.07210269
113,2,19,5,56,2,03中山區,中山區濱江街356號與濱江街口無名巷,0,0,1,2,C03,8,5,5,30,3,2,1,5,4,5,13,4,4,9,4,5,2,17,1,69,2,9,5,1,7,9,1,10,2,11,,44,,1,21,121.5500229,25.07210269
113,2,19,6,40,2,04大安區,大安區基隆路2段200號,0,0,2,1,C03,8,5,5,50,14,9,1,5,4,5,13,4,4,5,4,5,2,12,1,42,2,8,6,1,7,7,1,10,2,14,,100,,1,21,121.5517808,25.0238351
113,2,19,6,40,2,04大安區,大安區基隆路2段200號,0,0,2,2,C04,8,5,5,50,14,9,1,5,4,5,13,4,4,5,4,5,2,12,1,33,2,8,6,1,7,9,1,10,2,11,,108,,1,21,121.5517808,25.0238351
113,2,19,7,3,2,02萬華區,萬華區內江街與雅江街口,0,0,2,2,B03,7,7,5,30,4,1,1,5,4,5,13,4,4,9,5,5,2,15,1,43,3,10,7,1,7,9,1,8,1,8,,44,,1,21,121.5015906,25.0417699
113,2,19,7,3,2,02萬華區,萬華區內江街與雅江街口,0,0,2,3,H02,7,7,5,30,4,1,1,5,4,5,13,4,4,9,5,5,2,15,2,17,2,9,5,5,7,20,8,20,10,16,,67,,1,21,121.5015906,25.0417699
113,2,19,7,3,2,02萬華區,萬華區內江街與雅江街口,0,0,2,1,C03,7,7,5,30,4,1,1,5,4,5,13,4,4,9,5,5,2,15,1,24,2,9,5,1,7,9,1,10,1,11,,14,,1,21,121.5015906,25.0417699
113,2,19,7,10,2,12內湖區,內湖區民權東路6段與民權東路6段289巷口,0,0,1,1,B02,8,7,5,40,3,1,1,5,4,5,13,4,4,1,4,4,2,16,1,30,3,10,7,1,7,6,1,8,1,5,,9,,1,21,121.6019317,25.0682929
113,2,19,7,10,2,12內湖區,內湖區民權東路6段與民權東路6段289巷口,0,0,1,2,C03,8,7,5,40,3,1,1,5,4,5,13,4,4,1,4,4,2,16,1,52,2,9,5,1,7,9,1,10,1,14,,13,,1,21,121.6019317,25.0682929
113,2,19,7,22,2,08士林區,士林區福林路與福林路254巷口,0,0,1,1,B03,8,6,5,50,4,1,1,5,4,5,13,1,1,5,4,5,2,17,1,66,3,10,3,4,7,6,5,8,11,2,,9,,1,21,121.534323,25.0977859
113,2,19,7,22,2,08士林區,士林區福林路與福林路254巷口,0,0,1,2,C03,8,6,5,50,4,1,1,5,4,5,13,1,1,5,4,5,2,17,2,65,2,9,5,1,7,9,6,10,2,14,,44,,1,22,121.534323,25.0977859
113,2,19,7,33,2,05中正區,中正區羅斯福路1段96號,0,0,1,3,C03,8,7,5,50,14,9,1,5,4,5,13,4,4,3,4,5,2,17,1,52,3,10,5,1,7,8,1,10,11,12,,100,,2,21,121.5200688,25.03012875
113,2,19,7,33,2,05中正區,中正區羅斯福路1段96號,0,0,1,1,C03,8,7,5,50,14,9,1,5,4,5,13,4,4,3,4,5,2,17,1,43,2,9,5,1,7,15,1,9,1,11,,102,,1,21,121.5200688,25.03012875
113,2,19,7,33,2,05中正區,中正區羅斯福路1段96號,0,0,1,2,C03,8,7,5,50,14,9,1,5,4,5,13,4,4,3,4,5,2,17,1,63,3,10,3,4,7,13,7,19,11,13,,44,,1,21,121.5200688,25.03012875
113,2,19,7,57,2,03中山區,中山區中山北路2段65巷與林森北路口,0,0,1,1,B03,8,7,5,30,4,1,1,5,4,5,13,4,4,10,5,5,2,17,1,30,3,10,7,1,7,6,1,8,1,8,,17,,1,22,121.5254757,25.0570802
113,2,19,7,57,2,03中山區,中山區中山北路2段65巷與林森北路口,0,0,1,2,C03,8,7,5,30,4,1,1,5,4,5,13,4,4,10,5,5,2,17,2,39,2,9,5,1,7,9,1,10,1,11,,14,,1,22,121.5254757,25.0570802
113,2,19,7,58,2,04大安區,大安區市民大道3段與建國南路1段口,0,0,1,1,C03,8,6,5,40,4,2,1,5,4,5,13,2,1,1,4,4,2,12,2,64,2,9,5,1,7,9,1,10,1,12,,107,,1,22,121.5361296,25.0446803
113,2,19,7,58,2,04大安區,大安區市民大道3段與建國南路1段口,0,0,1,2,C03,8,6,5,40,4,2,1,5,4,5,13,2,1,1,4,4,2,12,1,34,3,10,5,1,7,9,1,10,1,14,,44,,1,22,121.5361296,25.0446803
113,2,19,8,17,2,04大安區,大安區忠孝東路4段與敦化南路1段口,0,0,1,2,B03,8,7,5,50,4,1,1,5,4,5,13,1,1,1,4,5,2,17,1,50,3,10,7,1,7,9,1,8,1,5,,108,,1,21,121.5490298,25.0414652
113,2,19,8,17,2,04大安區,大安區忠孝東路4段與敦化南路1段口,0,0,1,1,C03,8,7,5,50,4,1,1,5,4,5,13,1,1,1,4,5,2,17,2,37,2,9,6,1,7,9,1,10,1,14,,17,,1,21,121.5490298,25.0414652
113,2,19,8,36,2,08士林區,士林區通河街2巷與承德路4段3巷口,0,0,1,1,B03,8,6,5,30,3,2,1,5,4,5,13,4,4,10,5,5,2,17,1,46,3,10,7,1,7,5,1,8,1,4,,80,,1,21,121.5229089,25.07840831
113,2,19,8,36,2,08士林區,士林區通河街2巷與承德路4段3巷口,0,0,1,2,C03,8,6,5,30,3,2,1,5,4,5,13,4,4,10,5,5,2,17,1,26,2,9,5,1,7,9,1,10,1,11,,13,,1,21,121.5229089,25.07840831
113,2,19,8,36,2,08士林區,士林區通河街2巷與承德路4段3巷口,0,0,1,3,C03,8,6,5,30,3,2,1,5,4,5,13,4,4,10,5,5,2,17,2,27,3,10,3,1,7,13,1,10,9,14,,44,,1,21,121.5229089,25.07840831
113,2,19,8,45,2,10文山區,文山區木柵路2段與興隆路4段口,0,0,1,1,C03,8,6,5,50,4,1,1,5,4,5,13,1,1,1,4,5,2,16,1,18,2,9,6,1,7,8,1,10,1,12,,100,,1,21,121.5602342,24.98871411
113,2,19,8,45,2,10文山區,文山區木柵路2段與興隆路4段口,0,0,1,2,B12,8,6,5,50,4,1,1,5,4,5,13,1,1,1,4,5,2,16,1,36,3,10,7,1,7,9,1,4,1,8,,44,,1,21,121.5602342,24.98871411
113,2,19,8,53,2,05中正區,中正區重慶南路3段5號,0,0,1,1,C03,8,6,5,50,14,9,1,5,4,5,13,4,4,1,4,5,2,17,2,68,2,9,5,1,7,9,1,10,2,11,,44,,1,21,121.5154999,25.02922
113,2,19,8,53,2,05中正區,中正區重慶南路3段5號,0,0,1,2,C03,8,6,5,50,14,9,1,5,4,5,13,4,4,1,4,5,2,17,2,30,3,10,5,1,7,10,1,10,2,13,,100,,1,21,121.5154999,25.02922
113,2,19,8,55,2,03中山區,中山區民權東路2段與中原街口,0,0,2,1,A41,8,6,5,50,4,1,1,3,4,4,13,1,1,1,4,1,2,17,4,0,,,,,,,,,11,,,119,,2,,121.5289692,25.0626746
113,2,19,8,55,2,03中山區,中山區民權東路2段與中原街口,0,0,2,2,C03,8,6,5,50,4,1,1,3,4,4,13,1,1,1,4,1,2,17,1,44,2,8,6,1,7,9,1,10,1,17,,44,,1,22,121.5289692,25.0626746
113,2,19,8,55,2,03中山區,中山區民權東路2段與中原街口,0,0,2,3,H02,8,6,5,50,4,1,1,3,4,4,13,1,1,1,4,1,2,17,2,44,2,8,6,5,7,17,8,20,10,17,,67,,1,22,121.5289692,25.0626746
113,2,19,8,57,2,12內湖區,內湖區新湖三路與民善街口,0,0,1,1,C03,8,6,5,50,4,1,1,5,4,5,13,2,1,9,4,5,2,17,2,26,2,8,6,1,7,5,1,10,1,13,,8,,1,21,121.574831,25.06267437
113,2,19,8,57,2,12內湖區,內湖區新湖三路與民善街口,0,0,1,2,B03,8,6,5,50,4,1,1,5,4,5,13,2,1,9,4,5,2,17,2,51,3,10,7,1,7,1,1,8,1,1,,44,,1,21,121.574831,25.06267437
113,2,19,9,8,2,07信義區,信義區忠孝東路5段345巷與忠孝東路5段口,0,0,1,1,C03,8,6,5,50,4,2,1,5,4,5,13,1,1,1,4,5,2,13,2,26,2,8,3,4,7,9,1,10,1,11,,108,,1,22,121.5741356,25.04093
113,2,19,9,8,2,07信義區,信義區忠孝東路5段345巷與忠孝東路5段口,0,0,1,2,B03,8,6,5,50,4,2,1,5,4,5,13,1,1,1,4,5,2,13,1,41,3,10,3,4,7,9,1,8,1,3,,44,,1,22,121.5741356,25.04093
113,2,19,9,25,2,03中山區,中山區民權東路3段與復興北路口,0,0,3,1,C03,8,7,5,50,4,2,1,5,4,5,13,1,1,1,4,5,2,13,1,42,2,9,5,1,7,15,1,10,1,13,,16,,1,22,121.5441443,25.0625621
113,2,19,9,25,2,03中山區,中山區民權東路3段與復興北路口,0,0,3,2,C03,8,7,5,50,4,2,1,5,4,5,13,1,1,1,4,5,2,13,1,44,2,9,5,1,7,9,1,10,1,11,,44,,1,22,121.5441443,25.0625621
113,2,19,9,25,2,03中山區,中山區民權東路3段與復興北路口,0,0,3,3,C04,8,7,5,50,4,2,1,5,4,5,13,1,1,1,4,5,2,13,2,27,2,9,5,1,7,9,1,10,1,11,,16,,1,22,121.5441443,25.0625621
113,2,19,9,30,2,07信義區,信義區基隆路1段往環東大道引道,0,0,1,1,B03,8,5,5,50,10,7,1,5,4,5,13,4,4,10,4,5,2,13,1,76,3,10,7,1,7,9,1,8,1,1,,16,,1,22,121.5661297,25.0439132
113,2,19,9,30,2,07信義區,信義區基隆路1段往環東大道引道,0,0,1,2,B01,8,5,5,50,10,7,1,5,4,5,13,4,4,10,4,5,2,13,1,58,3,10,7,1,7,9,1,4,1,3,,44,,1,22,121.5661297,25.0439132
113,2,19,9,30,2,07信義區,信義區基隆路1段往環東大道引道,0,0,1,3,H02,8,5,5,50,10,7,1,5,4,5,13,4,4,10,4,5,2,13,2,36,2,1,7,5,7,20,8,20,10,17,,67,,1,22,121.5661297,25.0439132
113,2,19,9,55,2,07信義區,信義區光復南路471號,0,0,1,1,C03,8,6,5,50,14,9,1,5,4,5,13,4,4,1,4,5,2,13,1,57,2,8,3,4,7,9,1,9,1,11,,16,,1,21,121.5575209,25.0336629
113,2,19,9,55,2,07信義區,信義區光復南路471號,0,0,1,2,B03,8,6,5,50,14,9,1,5,4,5,13,4,4,1,4,5,2,13,1,53,3,10,3,4,7,9,1,8,1,3,,44,,1,21,121.5575209,25.0336629
113,2,19,9,58,2,10文山區,文山區景華街128巷與景華街128巷3弄口,0,0,2,1,C03,8,6,5,30,4,1,1,5,4,5,13,4,4,10,5,5,2,15,1,73,2,9,5,1,7,9,1,10,1,14,,72,,1,22,121.5473095,24.9954284
113,2,19,9,58,2,10文山區,文山區景華街128巷與景華街128巷3弄口,0,0,2,2,C03,8,6,5,30,4,1,1,5,4,5,13,4,4,10,5,5,2,15,1,22,2,9,6,1,7,9,1,10,1,11,,108,,1,22,121.5473095,24.9954284
113,2,19,10,0,2,08士林區,士林區和豐街3號,0,0,2,1,F01,8,5,8,30,14,9,1,5,4,5,13,4,4,10,5,5,2,17,1,31,2,9,4,1,7,15,8,20,1,14,,100,,1,21,121.5193171,25.08271081
113,2,19,10,0,2,08士林區,士林區和豐街3號,0,0,2,2,C03,8,5,8,30,14,9,1,5,4,5,13,4,4,10,5,5,2,17,1,29,2,9,5,1,7,9,1,10,1,12,,44,,1,21,121.5193171,25.08271081
113,2,19,10,0,2,08士林區,士林區和豐街3號,0,0,2,3,C03,8,5,8,30,14,9,1,5,4,5,13,4,4,10,5,5,2,17,1,75,3,10,5,1,7,13,1,10,1,14,,44,,1,21,121.5193171,25.08271081
113,2,19,10,9,2,09北投區,北投區承德路6段449巷449-2號與承德路6段449巷口,0,0,1,1,C03,8,6,5,30,3,1,1,5,4,5,13,4,4,10,5,5,2,16,2,31,2,7,5,1,7,4,1,10,1,14,,108,,1,21,121.5097092,25.1083101
113,2,19,10,9,2,09北投區,北投區承德路6段449巷449-2號與承德路6段449巷口,0,0,1,2,B02,8,6,5,30,3,1,1,5,4,5,13,4,4,10,5,5,2,16,2,54,3,10,7,1,7,6,1,4,1,5,,9,,1,21,121.5097092,25.1083101
113,2,19,10,16,2,06松山區,松山區敦化北路168號與無名巷口,0,0,1,1,B01,8,5,5,50,3,2,1,5,4,5,13,4,4,1,4,4,2,16,1,70,3,10,7,1,7,15,1,8,2,8,,72,,1,22,121.5487406,25.05634794
113,2,19,10,16,2,06松山區,松山區敦化北路168號與無名巷口,0,0,1,2,C03,8,5,5,50,3,2,1,5,4,5,13,4,4,1,4,4,2,16,2,59,2,9,5,1,7,9,1,10,2,11,,44,,1,22,121.5487406,25.05634794
113,2,19,10,48,2,04大安區,大安區敦化南路2段與安和路2段171巷口,0,0,4,1,B02,8,5,5,50,4,1,1,5,4,5,13,2,1,5,4,5,2,15,1,45,2,8,7,1,7,15,1,8,2,5,,74,,1,21,121.5489729,25.0281375
113,2,19,10,48,2,04大安區,大安區敦化南路2段與安和路2段171巷口,0,0,4,2,B11,8,5,5,50,4,1,1,5,4,5,13,2,1,5,4,5,2,15,1,58,2,1,7,1,7,9,1,3,2,8,,44,,1,21,121.5489729,25.0281375