發生年度,發生月,發生日,發生時-Hours,發生分,處理別-編號,區序,肇事地點,死亡人數,2-30日死亡人數,受傷人數,當事人序號,車種,天候,道路照明設備,道路類別,速限-速度限制,道路型態,事故位置,路面狀況1,路面狀況2,路面狀況3,道路障礙1,道路障礙2,號誌1,號誌2,車道劃分-分向,車道劃分-分道1,車道劃分-分道2,車道劃分-分道3,事故類型及型態,性別,年齡,受傷程度,主要傷處,保護裝置,行動電話,車輛用途,當事者行動狀態,駕駛資格情形,駕駛執照種類,飲酒情形,車輛撞擊部位1,車輛撞擊部位2,肇因碼-個別,肇因碼-主要,個人肇逃否,職業,座標-X,座標-Y
113,2,19,10,48,2,04大安區,大安區敦化南路2段與安和路2段171巷口,0,0,4,3,H02,8,5,5,50,4,1,1,5,4,5,13,2,1,5,4,5,2,15,2,45,2,9,7,5,7,21,8,20,10,16,,67,,1,21,121.5489729,25.0281375
113,2,19,10,48,2,04大安區,大安區敦化南路2段與安和路2段171巷口,0,0,4,4,H02,8,5,5,50,4,1,1,5,4,5,13,2,1,5,4,5,2,15,2,25,2,9,7,5,7,21,8,20,10,16,,67,,1,21,121.5489729,25.0281375
113,2,19,10,48,2,04大安區,大安區敦化南路2段與安和路2段171巷口,0,0,4,5,,8,5,5,50,4,1,1,5,4,5,13,2,1,5,4,5,2,15,3,0,,,,,,,,,,,,67,,1,,121.5489729,25.0281375
113,2,19,10,53,2,08士林區,士林區延平北路8段與延平北路8段2巷口,0,0,1,1,B12,8,5,5,40,5,2,1,5,4,5,13,1,1,5,5,5,1,17,1,45,3,10,7,1,7,5,1,7,2,8,,44,,1,21,121.4872115,25.1033191
113,2,19,10,53,2,08士林區,士林區延平北路8段與延平北路8段2巷口,0,0,1,2,C03,8,5,5,40,5,2,1,5,4,5,13,1,1,5,5,5,1,17,1,19,2,9,6,1,7,4,1,10,2,11,,94,,1,21,121.4872115,25.1033191
113,2,19,11,19,2,10文山區,文山區木柵路3段與秀明路1段口,0,0,1,1,B03,8,6,5,50,4,1,1,5,4,5,13,1,1,5,4,5,2,16,1,35,3,10,7,1,7,6,1,8,2,5,,9,,1,21,121.5710147,24.99171939
113,2,19,11,19,2,10文山區,文山區木柵路3段與秀明路1段口,0,0,1,2,C03,8,6,5,50,4,1,1,5,4,5,13,1,1,5,4,5,2,16,2,26,2,9,6,1,7,9,1,10,2,14,,44,,1,21,121.5710147,24.99171939
113,2,19,11,34,2,01大同區,大同區民權西路102巷與民權西路102巷4弄口,0,0,2,1,C03,8,6,5,30,4,1,1,5,4,5,13,4,4,10,5,5,2,15,2,59,2,9,6,1,7,9,1,10,2,11,,72,,1,21,121.5177057,25.06156706
113,2,19,11,34,2,01大同區,大同區民權西路102巷與民權西路102巷4弄口,0,0,2,2,C03,8,6,5,30,4,1,1,5,4,5,13,4,4,10,5,5,2,15,2,28,2,9,6,1,7,9,1,10,2,12,,107,,1,21,121.5177057,25.06156706
113,2,19,12,25,2,11南港區,南港區南港路2段與南港路2段41巷口口,0,0,1,1,B03,8,6,5,50,3,1,1,5,4,5,13,2,1,5,5,4,2,12,1,36,3,10,7,1,7,9,1,8,1,5,,44,,1,21,121.6025751,25.0536213
113,2,19,12,25,2,11南港區,南港區南港路2段與南港路2段41巷口口,0,0,1,2,C03,8,6,5,50,3,1,1,5,4,5,13,2,1,5,5,4,2,12,2,60,2,9,6,1,7,7,1,10,1,14,,100,,1,21,121.6025751,25.0536213
113,2,19,12,25,2,11南港區,南港區南港路2段與南港路2段41巷口口,0,0,1,3,C04,8,6,5,50,3,1,1,5,4,5,13,2,1,5,5,4,2,12,1,41,3,10,6,1,7,7,1,10,1,15,,100,,1,21,121.6025751,25.0536213
113,2,19,12,32,2,08士林區,士林區文林路與文林路404巷口,0,0,2,1,C03,8,6,8,50,3,1,1,5,4,5,13,4,4,5,2,5,1,17,1,32,2,9,6,1,7,11,1,10,2,11,,80,,1,21,121.5249305,25.09389992
113,2,19,12,32,2,08士林區,士林區文林路與文林路404巷口,0,0,2,2,C03,8,6,8,50,3,1,1,5,4,5,13,4,4,5,2,5,1,17,2,30,2,7,6,1,7,9,1,10,2,14,,44,,1,21,121.5249305,25.09389992
113,2,19,12,57,2,12內湖區,內湖區民權東路6段21巷與民權東路6段口,0,0,1,1,B03,8,7,5,50,3,1,1,5,4,1,13,4,4,1,4,5,2,16,1,34,3,10,7,1,7,6,1,8,1,6,,9,,1,21,121.5826343,25.068382
113,2,19,12,57,2,12內湖區,內湖區民權東路6段21巷與民權東路6段口,0,0,1,2,C03,8,7,5,50,3,1,1,5,4,1,13,4,4,1,4,5,2,16,2,71,2,9,5,1,7,9,1,10,1,11,,108,,1,21,121.5826343,25.068382
113,2,19,13,20,2,03中山區,中山區南京東路2段102號,0,0,3,1,C03,8,6,5,50,14,9,1,5,4,5,13,4,4,1,4,5,2,13,1,56,2,4,5,1,7,9,1,10,1,11,,16,,1,22,121.5323669,25.0519635
113,2,19,13,20,2,03中山區,中山區南京東路2段102號,0,0,3,2,C03,8,6,5,50,14,9,1,5,4,5,13,4,4,1,4,5,2,13,1,47,2,7,5,1,7,9,1,10,1,11,,16,,1,22,121.5323669,25.0519635
113,2,19,13,20,2,03中山區,中山區南京東路2段102號,0,0,3,3,C03,8,6,5,50,14,9,1,5,4,5,13,4,4,1,4,5,2,13,1,29,2,8,5,1,7,9,1,10,1,13,,44,,1,22,121.5323669,25.0519635
113,2,19,14,7,2,07信義區,信義區永吉路30巷與永吉路30巷178弄口,0,0,2,1,C02,8,6,5,30,4,1,1,5,4,5,13,4,4,9,5,5,2,15,1,32,2,7,6,1,7,9,1,10,2,11,,72,,1,21,121.5686606,25.0415759
113,2,19,14,7,2,07信義區,信義區永吉路30巷與永吉路30巷178弄口,0,0,2,2,C03,8,6,5,30,4,1,1,5,4,5,13,4,4,9,5,5,2,15,2,43,2,8,6,1,7,9,1,10,2,14,,14,,1,21,121.5686606,25.0415759
113,2,19,15,11,2,10文山區,文山區興隆路3段與興隆路3段229巷口,0,0,1,1,C03,8,6,5,50,3,1,1,5,4,5,13,1,1,1,4,5,2,13,1,22,2,1,6,1,7,15,1,10,2,11,,108,,1,21,121.5591265,24.9934555
113,2,19,15,11,2,10文山區,文山區興隆路3段與興隆路3段229巷口,0,0,1,2,B12,8,6,5,50,3,1,1,5,4,5,13,1,1,1,4,5,2,13,1,41,3,10,7,1,7,11,1,8,2,3,,44,,1,21,121.5591265,24.9934555
113,2,19,15,14,2,07信義區,信義區虎林街120巷與永吉路180巷口,0,0,1,1,B03,7,5,5,30,4,1,1,5,4,5,13,4,4,5,5,5,2,15,2,44,3,10,7,1,7,9,1,8,1,4,,72,,1,21,121.5713937,25.0422674
113,2,19,15,14,2,07信義區,信義區虎林街120巷與永吉路180巷口,0,0,1,2,C03,7,5,5,30,4,1,1,5,4,5,13,4,4,5,5,5,2,15,2,31,2,9,5,1,7,9,1,10,11,11,,44,,1,21,121.5713937,25.0422674
113,2,19,15,19,2,04大安區,大安區建國南路2段25巷與建國南路2段口,0,0,1,1,B03,8,5,5,30,3,1,1,5,4,5,13,4,4,10,5,5,2,16,1,35,3,10,3,4,7,8,1,8,1,6,,100,,1,22,121.5380389,25.0324711
113,2,19,15,19,2,04大安區,大安區建國南路2段25巷與建國南路2段口,0,0,1,2,C03,8,5,5,30,3,1,1,5,4,5,13,4,4,10,5,5,2,16,1,26,2,9,3,4,7,9,1,10,1,11,,44,,1,22,121.5380389,25.0324711
113,2,19,15,37,2,11南港區,南港區向陽路49號,0,0,2,1,B02,8,7,5,50,14,9,1,5,4,5,13,4,4,3,4,5,2,17,1,47,2,8,7,1,7,9,3,18,2,1,,108,,1,21,121.5953611,25.05395
113,2,19,15,37,2,11南港區,南港區向陽路49號,0,0,2,2,C03,8,7,5,50,14,9,1,5,4,5,13,4,4,3,4,5,2,17,2,24,2,9,6,1,7,9,1,10,2,11,,44,,1,21,121.5953611,25.05395
113,2,19,15,37,2,11南港區,南港區向陽路49號,0,0,2,3,,8,7,5,50,14,9,1,5,4,5,13,4,4,3,4,5,2,17,3,0,,,,,,,,,,,,67,,1,,121.5953611,25.05395
113,2,19,16,0,2,01大同區,大同區承德路2段與民生西路口,0,0,1,1,C03,7,6,5,50,4,2,1,5,4,5,13,2,1,1,4,5,2,13,2,83,3,10,3,4,7,1,1,10,1,11,,108,,1,21,121.5180975,25.05744
113,2,19,16,0,2,01大同區,大同區承德路2段與民生西路口,0,0,1,2,C03,7,6,5,50,4,2,1,5,4,5,13,2,1,1,4,5,2,13,2,60,2,8,3,4,7,14,1,10,1,12,,44,,1,21,121.5180975,25.05744
113,2,19,16,18,2,08士林區,士林區基河路240巷8號,0,0,1,1,A05,8,6,5,50,14,9,1,5,4,5,13,4,4,9,5,5,2,16,1,60,3,10,7,1,7,8,1,1,1,2,,100,,1,21,121.5206194,25.09080927
113,2,19,16,18,2,08士林區,士林區基河路240巷8號,0,0,1,2,F01,8,6,5,50,14,9,1,5,4,5,13,4,4,9,5,5,2,16,2,78,2,9,4,1,7,9,8,20,1,14,,44,,1,21,121.5206194,25.09080927
113,2,19,16,28,2,10文山區,文山區木新路2段43巷河堤停車格393旁,0,0,1,1,C03,8,5,5,30,14,9,1,5,4,5,13,4,4,10,5,5,1,11,1,34,2,8,6,1,7,9,1,10,2,11,,5,,1,21,121.5714238,24.9861941
113,2,19,16,28,2,10文山區,文山區木新路2段43巷河堤停車格393旁,0,0,1,2,B03,8,5,5,30,14,9,1,5,4,5,13,4,4,10,5,5,1,11,1,61,3,10,7,1,7,9,1,8,2,4,,13,,1,21,121.5714238,24.9861941
113,2,19,16,43,2,01大同區,大同區長安西路與塔城街口口,0,0,2,1,C03,8,6,5,50,4,2,1,5,4,5,13,1,1,5,4,5,2,17,1,48,2,9,6,1,7,5,1,10,2,12,,71,,1,21,121.5104337,25.0520235
113,2,19,16,43,2,01大同區,大同區長安西路與塔城街口口,0,0,2,2,C03,8,6,5,50,4,2,1,5,4,5,13,1,1,5,4,5,2,17,1,23,2,9,6,1,7,9,1,10,2,11,,44,,1,21,121.5104337,25.0520235
113,2,19,16,47,2,08士林區,士林區仰德大道2段2巷旁,0,0,1,3,C03,8,5,5,40,12,9,1,5,4,5,13,4,4,4,5,5,1,13,2,18,3,10,5,1,7,12,1,10,1,13,,44,,1,21,121.5395853,25.10204048
113,2,19,16,47,2,08士林區,士林區仰德大道2段2巷旁,0,0,1,1,C03,8,5,5,40,12,9,1,5,4,5,13,4,4,4,5,5,1,13,1,22,2,9,5,1,7,9,1,10,1,11,,16,,1,21,121.5395853,25.10204048
113,2,19,16,47,2,08士林區,士林區仰德大道2段2巷旁,0,0,1,2,C03,8,5,5,40,12,9,1,5,4,5,13,4,4,4,5,5,1,13,1,20,3,10,5,1,7,12,1,10,1,13,,16,,1,21,121.5395853,25.10204048
113,2,19,17,12,2,02萬華區,萬華區萬大路與莒光路口,0,0,1,1,C03,8,6,5,50,4,1,1,5,4,5,13,2,1,2,4,5,2,17,2,59,2,9,6,1,7,15,1,10,1,15,,100,,1,21,121.5006178,25.0311271
113,2,19,17,12,2,02萬華區,萬華區萬大路與莒光路口,0,0,1,2,C03,8,6,5,50,4,1,1,5,4,5,13,2,1,2,4,5,2,17,2,43,3,10,6,1,7,9,1,10,1,12,,44,,1,21,121.5006178,25.0311271
113,2,19,17,15,2,10文山區,文山區保儀路177號,0,0,2,1,C03,8,6,5,50,14,9,1,5,4,5,13,4,4,10,5,5,2,17,1,32,2,7,5,1,7,1,1,10,1,11,,19,,1,21,121.565778,24.98340422
113,2,19,17,15,2,10文山區,文山區保儀路177號,0,0,2,2,C03,8,6,5,50,14,9,1,5,4,5,13,4,4,10,5,5,2,17,2,61,2,8,5,1,7,9,3,18,1,11,,44,,1,21,121.565778,24.98340422
113,2,19,17,16,2,05中正區,中正區南昌路2段與南昌路2段202巷口,0,0,1,1,C03,8,7,5,50,4,2,1,5,4,5,13,2,1,1,1,5,2,17,1,25,2,9,5,1,7,9,1,10,1,17,,44,,1,21,121.5242969,25.0241503
113,2,19,17,16,2,05中正區,中正區南昌路2段與南昌路2段202巷口,0,0,1,2,H01,8,7,5,50,4,2,1,5,4,5,13,2,1,1,1,5,2,17,4,0,,,,,,,,,10,,,119,,2,,121.5242969,25.0241503
113,2,19,17,24,2,05中正區,中正區羅斯福路4段20號,0,0,1,1,C03,8,6,5,50,14,9,1,5,4,5,13,4,4,3,4,5,2,12,1,20,2,7,5,1,7,8,1,10,2,14,,100,,1,21,121.5332652,25.0156647
113,2,19,17,24,2,05中正區,中正區羅斯福路4段20號,0,0,1,2,B03,8,6,5,50,14,9,1,5,4,5,13,4,4,3,4,5,2,12,2,37,3,10,7,1,7,9,1,8,2,2,,44,,1,21,121.5332652,25.0156647
113,2,19,17,30,2,06松山區,松山區八德路4段692號,0,0,1,1,A02,8,5,5,50,14,7,1,5,4,5,13,4,4,1,3,4,2,9,1,49,3,10,7,1,7,9,1,2,2,17,,44,,1,26,121.5769113,25.0499713
113,2,19,17,30,2,06松山區,松山區八德路4段692號,0,0,1,2,H02,8,5,5,50,14,7,1,5,4,5,13,4,4,1,3,4,2,9,2,76,2,9,4,5,7,20,8,20,10,17,,58,,1,22,121.5769113,25.0499713
113,2,19,17,45,2,12內湖區,內湖區康寧路3段225號車道口,0,0,2,1,B03,8,5,5,50,14,9,1,5,4,5,13,4,4,1,4,5,2,16,1,55,3,10,3,4,7,6,1,8,2,2,,9,,1,21,121.6115239,25.06695278
113,2,19,17,45,2,12內湖區,內湖區康寧路3段225號車道口,0,0,2,2,C03,8,5,5,50,14,9,1,5,4,5,13,4,4,1,4,5,2,16,1,26,2,7,6,4,7,9,1,10,2,14,,44,,1,21,121.6115239,25.06695278
113,2,19,17,45,2,12內湖區,內湖區康寧路3段225號車道口,0,0,2,3,H02,8,5,5,50,14,9,1,5,4,5,13,4,4,1,4,5,2,16,2,31,2,9,6,5,7,21,8,20,10,16,,67,,1,21,121.6115239,25.06695278
113,2,19,18,21,2,05中正區,中正區濟南路2段60-7號,0,0,1,1,C03,8,7,5,50,14,7,2,5,4,5,13,4,4,4,3,5,2,13,1,57,3,10,5,1,7,9,1,10,2,11,,108,,1,26,121.5323165,25.0401561
113,2,19,18,21,2,05中正區,中正區濟南路2段60-7號,0,0,1,2,C03,8,7,5,50,14,7,2,5,4,5,13,4,4,4,3,5,2,13,1,28,2,7,5,1,7,12,1,10,2,12,,44,,1,26,121.5323165,25.0401561
113,2,19,18,28,2,04大安區,大安區忠孝東路3段與新生南路1段口,0,0,1,1,B02,8,5,5,50,4,1,1,5,4,5,13,2,1,1,4,5,2,16,2,20,3,10,7,1,7,6,1,8,1,2,,9,,1,21,121.5329809,25.0422053
113,2,19,18,28,2,04大安區,大安區忠孝東路3段與新生南路1段口,0,0,1,2,C03,8,5,5,50,4,1,1,5,4,5,13,2,1,1,4,5,2,16,2,40,2,9,5,1,7,9,1,10,1,11,,44,,1,21,121.5329809,25.0422053
113,2,19,18,36,2,11南港區,南港區研究院路1段101巷與研究院路1段口,0,0,1,1,C02,8,6,5,50,4,1,1,5,4,5,13,2,1,4,3,5,2,16,1,21,3,10,3,4,7,6,3,18,2,12,,9,,1,21,121.6161531,25.05197924
113,2,19,18,36,2,11南港區,南港區研究院路1段101巷與研究院路1段口,0,0,1,2,C03,8,6,5,50,4,1,1,5,4,5,13,2,1,4,3,5,2,16,2,61,2,9,3,4,7,9,1,10,2,14,,44,,1,21,121.6161531,25.05197924
113,2,19,19,0,2,12內湖區,內湖區大湖山莊街148號,0,0,1,1,C03,8,5,5,30,14,9,1,5,4,5,13,4,4,9,5,5,2,17,1,43,3,10,5,1,7,6,1,10,1,17,,17,,1,22,121.6015683,25.08616898
113,2,19,19,0,2,12內湖區,內湖區大湖山莊街148號,0,0,1,2,F02,8,5,5,30,14,9,1,5,4,5,13,4,4,9,5,5,2,17,1,14,2,8,4,2,7,12,8,20,1,12,,111,,1,15,121.6015683,25.08616898
113,2,19,19,15,2,03中山區,中山區明水路與明水路397巷口,0,0,1,1,C03,8,5,5,50,4,2,1,5,4,5,13,2,1,9,4,5,2,12,1,61,2,9,5,1,7,8,1,10,2,12,,100,,1,21,121.5479321,25.0773084
113,2,19,19,15,2,03中山區,中山區明水路與明水路397巷口,0,0,1,2,B03,8,5,5,50,4,2,1,5,4,5,13,2,1,9,4,5,2,12,1,64,3,10,7,1,7,9,1,8,2,4,,44,,1,21,121.5479321,25.0773084
113,2,19,19,26,2,04大安區,大安區樂業街與和平東路3段228巷口,0,0,1,1,C03,8,5,5,50,4,1,1,5,4,5,13,1,1,4,1,5,2,11,2,45,2,1,5,1,7,9,3,18,7,11,,107,,1,21,121.5526257,25.0203521
113,2,19,19,26,2,04大安區,大安區樂業街與和平東路3段228巷口,0,0,1,2,B03,8,5,5,50,4,1,1,5,4,5,13,1,1,4,1,5,2,11,2,62,3,10,7,1,7,15,1,8,2,1,,80,,1,21,121.5526257,25.0203521
113,2,19,19,40,2,03中山區,中山區天祥路與撫順街口,0,0,1,1,B03,8,5,5,30,4,1,1,5,4,5,13,4,4,10,5,5,2,15,1,49,3,10,7,1,7,9,1,6,1,1,,80,,1,21,121.520743,25.0636172
113,2,19,19,40,2,03中山區,中山區天祥路與撫順街口,0,0,1,2,C03,8,5,5,30,4,1,1,5,4,5,13,4,4,10,5,5,2,15,1,26,2,9,6,1,7,9,1,10,1,12,,80,,1,21,121.520743,25.0636172
113,2,19,19,53,2,12內湖區,內湖區環山路1段與內湖路1段217巷口,0,0,3,3,H02,8,5,5,30,3,1,1,5,4,5,13,4,4,5,4,4,2,16,1,9,2,7,5,5,7,21,8,20,10,17,,67,,1,21,121.5655246,25.0839915
113,2,19,19,53,2,12內湖區,內湖區環山路1段與內湖路1段217巷口,0,0,3,2,C03,8,5,5,30,3,1,1,5,4,5,13,4,4,5,4,4,2,16,1,32,2,8,5,1,7,9,1,10,1,12,,44,,1,21,121.5655246,25.0839915
113,2,19,19,53,2,12內湖區,內湖區環山路1段與內湖路1段217巷口,0,0,3,1,C03,8,5,5,30,3,1,1,5,4,5,13,4,4,5,4,4,2,16,2,46,2,8,5,1,7,1,1,10,1,14,,19,,1,21,121.5655246,25.0839915
113,2,19,19,53,2,12內湖區,內湖區環山路1段與內湖路1段217巷口,0,0,3,4,B03,8,5,5,30,3,1,1,5,4,5,13,4,4,5,4,4,2,16,1,47,3,10,3,4,7,14,1,8,9,17,,38,,1,21,121.5655246,25.0839915
113,2,19,20,15,2,09北投區,北投區稻香路與稻香路161巷口,0,0,1,1,B03,8,5,5,50,3,1,1,5,4,5,12,1,1,9,4,5,2,17,1,40,3,10,3,4,7,5,1,8,2,5,,71,,1,21,121.4890798,25.1426602
113,2,19,20,15,2,09北投區,北投區稻香路與稻香路161巷口,0,0,1,2,C03,8,5,5,50,3,1,1,5,4,5,12,1,1,9,4,5,2,17,1,59,2,9,3,4,7,9,1,10,2,11,,44,,1,21,121.4890798,25.1426602
113,2,19,20,23,2,03中山區,中山區中山北路2段18號,0,0,1,1,C03,8,5,5,50,14,9,1,5,4,5,13,4,4,5,4,5,2,12,1,21,2,8,6,1,7,7,1,9,1,14,,100,,1,21,121.5225018,25.05313831
113,2,19,20,23,2,03中山區,中山區中山北路2段18號,0,0,1,2,B03,8,5,5,50,14,9,1,5,4,5,13,4,4,5,4,5,2,12,1,42,3,10,7,1,7,9,1,8,1,2,,44,,1,21,121.5225018,25.05313831
113,2,19,20,40,2,04大安區,大安區建國南路2段280號,0,0,2,1,C03,8,5,5,50,5,1,1,5,4,5,13,1,1,1,2,5,1,13,2,30,2,9,5,1,7,5,1,10,2,13,,8,,1,21,121.5374139,25.0251203
113,2,19,20,40,2,04大安區,大安區建國南路2段280號,0,0,2,2,C03,8,5,5,50,5,1,1,5,4,5,13,1,1,1,2,5,1,13,1,29,2,9,5,1,7,9,1,10,2,11,,16,,1,21,121.5374139,25.0251203
113,2,19,20,40,2,10文山區,文山區和平東路4段與和平東路4段295巷口口,0,0,1,1,B03,8,5,5,40,3,1,1,5,4,5,13,2,1,5,5,5,1,16,1,47,3,10,7,1,7,5,1,8,1,2,,71,,1,21,121.5731181,25.00065505
113,2,19,20,40,2,10文山區,文山區和平東路4段與和平東路4段295巷口口,0,0,1,2,C03,8,5,5,40,3,1,1,5,4,5,13,2,1,5,5,5,1,16,1,44,2,8,6,1,7,9,1,10,1,11,,44,,1,21,121.5731181,25.00065505
113,2,19,20,53,2,04大安區,大安區辛亥路2段169號,0,0,1,1,B03,8,5,5,50,14,9,1,5,4,5,13,2,1,1,4,5,2,13,2,23,2,8,7,1,7,9,1,8,1,1,,16,,1,21,121.5409499,25.0213161
113,2,19,20,53,2,04大安區,大安區辛亥路2段169號,0,0,1,2,B02,8,5,5,50,14,9,1,5,4,5,13,2,1,1,4,5,2,13,1,46,3,10,7,1,7,14,1,8,1,3,,44,,1,21,121.5409499,25.0213161
113,2,19,22,44,2,02萬華區,萬華區和平西路2段與艋舺大道口,0,0,1,1,C03,8,5,5,50,5,1,1,5,4,5,13,2,1,1,4,5,2,17,1,24,3,10,3,4,7,8,7,19,11,17,,100,,2,22,121.5055349,25.0333241
113,2,19,22,44,2,02萬華區,萬華區和平西路2段與艋舺大道口,0,0,1,2,C03,8,5,5,50,5,1,1,5,4,5,13,2,1,1,4,5,2,17,2,25,3,10,6,4,7,12,1,10,1,17,,44,,1,22,121.5055349,25.0333241
113,2,19,22,44,2,02萬華區,萬華區和平西路2段與艋舺大道口,0,0,1,3,C04,8,5,5,50,5,1,1,5,4,5,13,2,1,1,4,5,2,17,2,27,2,9,6,4,7,9,1,10,1,17,,42,,1,22,121.5055349,25.0333241
113,2,20,7,20,2,12內湖區,內湖區內湖路1段629巷103弄與港華街口,0,0,1,1,C04,8,5,5,50,4,2,1,5,4,5,13,4,4,5,5,5,2,3,1,83,3,10,5,1,7,9,6,10,2,11,,80,,1,22,121.5767811,25.08256362
113,2,20,7,20,2,12內湖區,內湖區內湖路1段629巷103弄與港華街口,0,0,1,2,H01,8,5,5,50,4,2,1,5,4,5,13,4,4,5,5,5,2,3,2,67,2,1,4,5,8,16,8,20,10,16,,67,,1,22,121.5767811,25.08256362
113,2,20,7,20,2,12內湖區,內湖區民權東路6段與成功路2段口西南角,0,0,1,1,B03,8,6,5,50,14,9,1,5,4,5,13,2,1,1,4,5,2,17,1,56,3,10,7,1,7,9,1,8,2,2,,17,,1,21,121.5905935,25.06889778
113,2,20,7,20,2,12內湖區,內湖區民權東路6段與成功路2段口西南角,0,0,1,2,C03,8,6,5,50,14,9,1,5,4,5,13,2,1,1,4,5,2,17,1,68,2,7,5,1,7,9,1,10,2,14,,44,,1,21,121.5905935,25.06889778
113,2,20,7,28,2,07信義區,信義區吳興街450巷5弄與吳興街450巷口口,0,0,1,1,C03,8,6,5,30,4,1,1,5,4,3,10,4,4,9,5,5,2,15,2,62,2,9,5,1,7,9,1,10,1,11,14,72,,1,21,121.5685296,25.0238682
113,2,20,7,28,2,07信義區,信義區吳興街450巷5弄與吳興街450巷口口,0,0,1,2,C03,8,6,5,30,4,1,1,5,4,3,10,4,4,9,5,5,2,15,1,44,3,10,5,1,7,9,1,10,1,13,,14,,1,21,121.5685296,25.0238682
113,2,20,7,28,2,07信義區,信義區吳興街450巷5弄與吳興街450巷口口,0,0,1,3,B12,8,6,5,30,4,1,1,5,4,3,10,4,4,9,5,5,2,15,1,44,3,10,3,4,7,14,1,8,1,17,,38,,1,21,121.5685296,25.0238682
113,2,20,7,30,2,08士林區,士林區基河路10號,0,0,1,1,C02,8,6,5,50,14,9,1,5,4,5,13,4,4,10,2,5,2,13,1,49,2,9,6,1,7,9,1,9,1,11,,16,,1,22,121.5239137,25.080932
113,2,20,7,30,2,08士林區,士林區基河路10號,0,0,1,2,B03,8,6,5,50,14,9,1,5,4,5,13,4,4,10,2,5,2,13,1,35,3,10,7,1,7,12,1,8,1,6,,44,,1,22,121.5239137,25.080932
113,2,20,7,33,2,03中山區,中山區敬業三路與植福路口,0,0,2,1,C04,8,5,5,50,4,2,1,5,4,5,13,2,1,5,5,5,2,16,1,51,2,9,3,4,7,11,1,10,1,14,,10,,1,21,121.5560089,25.0839658
113,2,20,7,33,2,03中山區,中山區敬業三路與植福路口,0,0,2,2,C03,8,5,5,50,4,2,1,5,4,5,13,2,1,5,5,5,2,16,1,57,2,9,3,4,7,9,1,10,1,11,,44,,1,21,121.5560089,25.0839658
113,2,20,7,39,2,10文山區,文山區興隆路4段與忠順街2段口,0,0,2,1,C03,8,5,5,50,4,1,1,5,4,5,13,2,1,10,5,5,1,16,1,27,2,8,6,1,7,5,3,18,2,11,,71,,1,21,121.5617244,24.984536
113,2,20,7,39,2,10文山區,文山區興隆路4段與忠順街2段口,0,0,2,2,C03,8,5,5,50,4,1,1,5,4,5,13,2,1,10,5,5,1,16,1,40,2,9,6,1,7,9,1,10,2,11,,44,,1,21,121.5617244,24.984536
113,2,20,7,44,2,05中正區,中正區鄭州路與延平北路口,0,0,1,1,C03,8,7,5,40,4,2,1,5,4,5,13,1,1,1,4,5,1,12,4,38,,,,,,,,,9,,,100,,2,,121.5122507,25.0496775
113,2,20,7,44,2,05中正區,中正區鄭州路與延平北路口,0,0,1,2,A04,8,7,5,40,4,2,1,5,4,5,13,1,1,1,4,5,1,12,1,36,3,10,7,1,7,9,1,2,2,4,,44,,1,21,121.5122507,25.0496775
113,2,20,7,44,2,05中正區,中正區鄭州路與延平北路口,0,0,1,3,H02,8,7,5,40,4,2,1,5,4,5,13,1,1,1,4,5,1,12,2,42,2,9,7,5,7,20,8,20,10,16,,67,,1,21,121.5122507,25.0496775
113,2,20,7,55,2,07信義區,信義區和平東路3段與信安街口口,0,0,1,1,B03,8,7,5,50,4,2,1,5,4,5,13,2,1,5,5,5,2,12,1,54,3,10,7,1,7,9,1,8,1,2,,108,,1,21,121.5547887,25.0225521
113,2,20,7,55,2,07信義區,信義區和平東路3段與信安街口口,0,0,1,2,C03,8,7,5,50,4,2,1,5,4,5,13,2,1,5,5,5,2,12,2,26,2,8,6,1,7,9,1,10,1,14,,44,,1,21,121.5547887,25.0225521
113,2,20,8,1,2,01大同區,大同區重慶北路3段與重慶北路3段322巷口,0,0,1,1,C03,8,6,5,50,3,1,1,5,4,5,13,4,4,1,4,5,2,17,2,41,2,9,6,1,7,9,1,10,1,11,,16,,1,21,121.5137346,25.0755688
113,2,20,8,1,2,01大同區,大同區重慶北路3段與重慶北路3段322巷口,0,0,1,2,B03,8,6,5,50,3,1,1,5,4,5,13,4,4,1,4,5,2,17,1,62,3,10,7,1,7,9,1,8,1,6,,44,,1,21,121.5137346,25.0755688
113,2,20,8,1,2,01大同區,大同區重慶北路3段與重慶北路3段322巷口,0,0,1,3,C03,8,6,5,50,3,1,1,5,4,5,13,4,4,1,4,5,2,17,1,33,3,10,6,1,7,5,1,10,1,17,,4,,1,21,121.5137346,25.0755688
113,2,20,8,6,2,10文山區,文山區木柵路1段111號,0,0,1,1,C03,7,6,5,50,22,9,1,5,4,5,13,4,4,5,4,5,2,17,1,20,3,10,3,4,7,6,1,10,2,13,,9,,1,25,121.548254,24.98713955
113,2,20,8,6,2,10文山區,文山區木柵路1段111號,0,0,1,2,C03,7,6,5,50,22,9,1,5,4,5,13,4,4,5,4,5,2,17,2,67,2,9,3,4,7,9,1,10,2,11,,42,,1,22,121.548254,24.98713955
113,2,20,8,23,2,02萬華區,萬華區忠孝橋往北市機車道,0,0,1,1,C03,7,6,7,50,14,11,1,5,4,5,13,4,4,10,5,5,1,17,2,32,2,8,3,4,7,9,1,10,1,11,,42,,1,22,121.5047708,25.04949713