發生年度,發生月,發生日,發生時-Hours,發生分,處理別-編號,區序,肇事地點,死亡人數,2-30日死亡人數,受傷人數,當事人序號,車種,天候,道路照明設備,道路類別,速限-速度限制,道路型態,事故位置,路面狀況1,路面狀況2,路面狀況3,道路障礙1,道路障礙2,號誌1,號誌2,車道劃分-分向,車道劃分-分道1,車道劃分-分道2,車道劃分-分道3,事故類型及型態,性別,年齡,受傷程度,主要傷處,保護裝置,行動電話,車輛用途,當事者行動狀態,駕駛資格情形,駕駛執照種類,飲酒情形,車輛撞擊部位1,車輛撞擊部位2,肇因碼-個別,肇因碼-主要,個人肇逃否,職業,座標-X,座標-Y
113,2,20,8,23,2,02萬華區,萬華區忠孝橋往北市機車道,0,0,1,2,C03,7,6,7,50,14,11,1,5,4,5,13,4,4,10,5,5,1,17,1,39,3,10,3,4,7,9,1,10,1,13,,42,,1,22,121.5047708,25.04949713
113,2,20,8,23,2,02萬華區,萬華區忠孝橋往北市機車道,0,0,1,3,C03,7,6,7,50,14,11,1,5,4,5,13,4,4,10,5,5,1,17,1,47,3,10,3,4,7,9,1,10,1,13,,42,,1,22,121.5047708,25.04949713
113,2,20,8,29,2,01大同區,大同區重慶北路3段113巷60號,0,0,2,1,C03,8,6,5,50,14,9,1,5,4,5,13,4,4,9,5,5,2,16,1,34,2,7,6,1,7,5,1,10,2,14,,8,,1,21,121.5154942,25.067324
113,2,20,8,29,2,01大同區,大同區重慶北路3段113巷60號,0,0,2,2,C03,8,6,5,50,14,9,1,5,4,5,13,4,4,9,5,5,2,16,2,27,2,8,6,1,7,9,1,10,2,11,,44,,1,21,121.5154942,25.067324
113,2,20,8,32,2,03中山區,中山區民生東路2段與吉林路口,0,0,2,1,C03,8,6,5,50,5,2,1,5,4,5,13,2,1,10,3,5,1,16,2,26,2,9,5,1,7,5,1,10,1,12,,74,,1,22,121.5302607,25.0579438
113,2,20,8,32,2,03中山區,中山區民生東路2段與吉林路口,0,0,2,2,C03,8,6,5,50,5,2,1,5,4,5,13,2,1,10,3,5,1,16,1,34,2,7,5,1,7,9,1,10,1,11,,13,,1,22,121.5302607,25.0579438
113,2,20,8,45,2,05中正區,中正區重慶南路3段83號,0,0,2,1,C03,8,6,5,30,14,9,1,5,4,5,13,2,1,2,4,5,1,12,1,47,2,7,5,1,7,9,1,10,2,14,,44,,1,21,121.516519,25.0255519
113,2,20,8,45,2,05中正區,中正區重慶南路3段83號,0,0,2,2,C03,8,6,5,30,14,9,1,5,4,5,13,2,1,2,4,5,1,12,1,21,2,8,5,1,7,9,1,10,2,12,,44,,1,21,121.516519,25.0255519
113,2,20,9,6,2,10文山區,文山區興隆路3段192巷8弄與興隆路3段192巷8弄口,0,0,2,1,C03,8,6,5,30,3,1,1,5,4,5,13,4,4,9,5,5,2,17,1,59,2,8,6,1,7,15,1,10,1,12,,86,,1,21,121.5579612,24.99767555
113,2,20,9,6,2,10文山區,文山區興隆路3段192巷8弄與興隆路3段192巷8弄口,0,0,2,2,C03,8,6,5,30,3,1,1,5,4,5,13,4,4,9,5,5,2,17,1,35,2,9,6,1,7,5,1,10,1,14,,44,,1,21,121.5579612,24.99767555
113,2,20,9,20,2,11南港區,南港區南湖大橋(北向南燈桿7010373),0,0,2,1,C03,8,6,5,50,8,9,1,5,4,5,13,4,4,1,4,5,1,16,1,63,3,10,6,1,7,7,1,10,1,14,,100,,1,21,121.6123709,25.0627236
113,2,20,9,20,2,11南港區,南港區南湖大橋(北向南燈桿7010373),0,0,2,2,C03,8,6,5,50,8,9,1,5,4,5,13,4,4,1,4,5,1,16,1,43,2,8,6,1,7,9,1,10,1,11,,44,,1,21,121.6123709,25.0627236
113,2,20,9,20,2,11南港區,南港區南湖大橋(北向南燈桿7010373),0,0,2,3,H02,8,6,5,50,8,9,1,5,4,5,13,4,4,1,4,5,1,16,2,59,2,3,6,5,7,20,8,20,10,16,,67,,1,21,121.6123709,25.0627236
113,2,20,9,22,2,06松山區,松山區八德路3段199巷與八德路3段155巷26弄口,0,0,1,1,B01,8,7,5,30,3,1,1,5,4,5,13,4,4,10,5,5,2,3,1,58,3,10,3,4,7,5,1,4,9,8,,8,,2,21,121.5563191,25.0494723
113,2,20,9,22,2,06松山區,松山區八德路3段199巷與八德路3段155巷26弄口,0,0,1,2,H01,8,7,5,30,3,1,1,5,4,5,13,4,4,10,5,5,2,3,1,31,2,8,4,5,8,16,8,20,10,16,,67,,1,21,121.5563191,25.0494723
113,2,20,9,28,2,03中山區,中山區八德路2段305號,0,0,2,1,C03,8,7,5,50,14,9,1,5,4,5,13,4,4,5,4,5,2,16,2,29,2,9,5,1,7,5,1,10,1,14,,8,,1,22,121.542922,25.04736296
113,2,20,9,28,2,03中山區,中山區八德路2段305號,0,0,2,2,C03,8,7,5,50,14,9,1,5,4,5,13,4,4,5,4,5,2,16,1,28,2,9,5,1,7,9,1,10,1,11,,44,,1,22,121.542922,25.04736296
113,2,20,9,34,2,12內湖區,內湖區瑞光路431號前,0,0,1,1,A02,8,6,5,50,14,9,1,5,4,5,13,4,4,5,4,5,2,13,1,67,3,10,7,1,7,9,1,2,1,1,,108,,1,21,121.5701662,25.07855468
113,2,20,9,34,2,12內湖區,內湖區瑞光路431號前,0,0,1,2,B01,8,6,5,50,14,9,1,5,4,5,13,4,4,5,4,5,2,13,1,34,2,9,7,1,7,14,1,4,1,3,,44,,1,21,121.5701662,25.07855468
113,2,20,9,38,2,02萬華區,萬華區西園路2段與莒光路口,0,0,2,1,F01,7,7,5,50,3,2,1,5,4,5,13,1,1,1,3,5,2,17,1,69,2,9,4,1,7,9,8,20,2,11,,4,,1,21,121.4970975,25.0310343
113,2,20,9,38,2,02萬華區,萬華區西園路2段與莒光路口,0,0,2,2,C03,7,7,5,50,3,2,1,5,4,5,13,1,1,1,3,5,2,17,1,37,2,9,5,1,7,6,1,9,2,12,,44,,1,21,121.4970975,25.0310343
113,2,20,9,50,2,05中正區,中正區杭州南路1段105巷與杭州南路1段口口,0,0,2,1,C03,8,7,5,30,3,2,1,5,4,5,13,4,4,10,4,5,2,17,2,20,2,9,6,1,7,6,1,10,1,13,,72,,1,21,121.5250237,25.03752932
113,2,20,9,50,2,05中正區,中正區杭州南路1段105巷與杭州南路1段口口,0,0,2,2,C03,8,7,5,30,3,2,1,5,4,5,13,4,4,10,4,5,2,17,2,46,2,9,6,1,7,9,1,10,1,11,,14,,1,21,121.5250237,25.03752932
113,2,20,9,55,2,07信義區,信義區基隆路2段149號,0,0,1,1,C03,8,5,5,50,14,9,1,5,4,5,13,4,4,1,4,5,2,13,1,35,2,8,3,4,7,9,1,10,1,11,,16,,1,21,121.5553478,25.0267781
113,2,20,9,55,2,07信義區,信義區基隆路2段149號,0,0,1,2,B03,8,5,5,50,14,9,1,5,4,5,13,4,4,1,4,5,2,13,1,40,3,10,3,4,7,9,1,8,1,3,,44,,1,21,121.5553478,25.0267781
113,2,20,10,3,2,01大同區,大同區民族西路138號,0,0,2,1,C03,8,6,5,50,14,9,1,5,4,5,13,4,4,5,4,5,2,17,2,19,2,9,6,1,7,8,1,10,1,12,,100,,1,21,121.5162721,25.0684961
113,2,20,10,3,2,01大同區,大同區民族西路138號,0,0,2,2,C03,8,6,5,50,14,9,1,5,4,5,13,4,4,5,4,5,2,17,2,29,2,9,6,1,7,9,1,10,1,14,,44,,1,21,121.5162721,25.0684961
113,2,20,10,21,2,12內湖區,內湖區民權東路6段與民權東路6段413巷口,0,0,1,1,B03,8,7,5,50,3,1,1,5,4,5,13,4,4,1,4,4,2,16,2,72,3,10,7,1,7,8,1,8,1,2,,100,,1,21,121.6033154,25.070091
113,2,20,10,21,2,12內湖區,內湖區民權東路6段與民權東路6段413巷口,0,0,1,2,C03,8,7,5,50,3,1,1,5,4,5,13,4,4,1,4,4,2,16,1,45,2,9,5,1,7,9,1,10,1,11,,44,,1,21,121.6033154,25.070091
113,2,20,10,25,2,11南港區,南港區東新街170巷路邊停車格(89)),0,0,1,2,C03,8,7,5,50,14,9,1,5,4,5,13,4,4,5,4,5,2,12,1,38,2,9,5,1,7,9,1,10,1,12,,44,,1,21,121.5927816,25.0431103
113,2,20,10,25,2,11南港區,南港區東新街170巷路邊停車格(89)),0,0,1,1,B03,8,7,5,50,14,9,1,5,4,5,13,4,4,5,4,5,2,12,1,70,3,10,7,1,7,1,1,8,1,8,,19,,1,21,121.5927816,25.0431103
113,2,20,10,45,2,04大安區,大安區泰順街38巷與龍泉街口口,0,0,1,1,C03,8,6,5,30,4,1,1,5,4,5,13,4,4,10,5,5,1,15,2,31,2,9,6,1,7,9,1,10,1,11,,72,,1,21,121.5294044,25.0245804
113,2,20,10,45,2,04大安區,大安區泰順街38巷與龍泉街口口,0,0,1,2,C03,8,6,5,30,4,1,1,5,4,5,13,4,4,10,5,5,1,15,2,19,3,10,6,1,7,9,1,10,1,11,,13,,1,21,121.5294044,25.0245804
113,2,20,10,46,2,09北投區,北投區大業路262號,0,0,1,1,B13,8,6,5,60,14,9,1,5,4,5,13,4,4,1,4,5,2,17,1,43,3,10,7,1,7,7,1,8,1,4,,44,,1,22,121.4982328,25.1266672
113,2,20,10,46,2,09北投區,北投區大業路262號,0,0,1,2,C01,8,6,5,60,14,9,1,5,4,5,13,4,4,1,4,5,2,17,1,47,2,9,6,1,7,9,1,9,1,11,,44,,1,22,121.4982328,25.1266672
113,2,20,11,20,2,07信義區,信義區吳興街156巷與莊敬路口,0,0,1,1,C03,8,7,5,50,4,1,1,5,4,5,13,2,1,9,4,5,2,17,2,32,2,8,6,1,7,9,1,10,1,11,,44,,1,22,121.5622469,25.0295131
113,2,20,11,20,2,07信義區,信義區吳興街156巷與莊敬路口,0,0,1,2,C03,8,7,5,50,4,1,1,5,4,5,13,2,1,9,4,5,2,17,2,46,3,10,6,1,7,6,1,10,1,11,,4,,1,22,121.5622469,25.0295131
113,2,20,11,35,2,08士林區,士林區仰德大道2段與仰德大道2段2巷口,0,0,1,1,C02,8,6,5,40,3,1,1,5,4,5,13,2,1,4,5,5,1,11,1,21,2,8,6,1,7,9,1,9,1,11,,13,,1,25,121.5395928,25.1019784
113,2,20,11,35,2,08士林區,士林區仰德大道2段與仰德大道2段2巷口,0,0,1,2,B03,8,6,5,40,3,1,1,5,4,5,13,2,1,4,5,5,1,11,2,51,3,10,7,1,7,9,1,8,1,5,,44,,1,21,121.5395928,25.1019784
113,2,20,11,55,2,04大安區,大安區麗水街與金山南路2段185巷口,0,0,2,1,C03,8,6,5,30,4,1,1,5,4,5,13,4,4,10,5,5,2,17,1,21,2,7,6,1,7,9,1,10,1,12,,72,,1,21,121.5282176,25.02816434
113,2,20,11,55,2,04大安區,大安區麗水街與金山南路2段185巷口,0,0,2,2,C03,8,6,5,30,4,1,1,5,4,5,13,4,4,10,5,5,2,17,2,38,2,8,6,1,7,9,1,10,1,11,,13,,1,21,121.5282176,25.02816434
113,2,20,12,13,2,10文山區,文山區新光路2段與無名巷口,0,0,1,1,B01,8,5,5,50,3,1,1,5,4,5,13,4,4,10,5,5,1,17,1,56,3,10,7,1,7,11,1,4,2,17,,72,,1,21,121.5990219,25.0021985
113,2,20,12,13,2,10文山區,文山區新光路2段與無名巷口,0,0,1,2,C03,8,5,5,50,3,1,1,5,4,5,13,4,4,10,5,5,1,17,2,39,2,1,6,1,7,9,6,18,2,17,,42,,1,21,121.5990219,25.0021985
113,2,20,12,17,2,04大安區,大安區忠孝東路4段與敦化南路1段口口,0,0,1,1,C03,8,6,5,50,4,1,1,5,4,5,13,1,1,1,1,4,1,13,2,47,2,9,6,1,7,9,1,10,1,11,,16,,1,21,121.5488848,25.04156719
113,2,20,12,17,2,04大安區,大安區忠孝東路4段與敦化南路1段口口,0,0,1,2,C03,8,6,5,50,4,1,1,5,4,5,13,1,1,1,1,4,1,13,1,42,3,10,6,1,7,9,1,10,1,13,,44,,1,21,121.5488848,25.04156719
113,2,20,12,18,2,07信義區,信義區忠孝東路5段6號,0,0,1,1,C04,8,5,6,50,14,9,1,5,4,5,13,4,4,10,4,5,1,12,2,32,2,7,2,1,7,7,1,8,1,14,,100,,1,22,121.5641523,25.0402973
113,2,20,12,18,2,07信義區,信義區忠孝東路5段6號,0,0,1,2,B01,8,5,6,50,14,9,1,5,4,5,13,4,4,10,4,5,1,12,1,59,3,10,7,1,7,9,1,4,1,2,,44,,1,22,121.5641523,25.0402973
113,2,20,12,23,2,06松山區,松山區光復南路58巷與光復南路32巷16弄口,0,0,1,1,C03,8,6,5,30,4,1,1,5,4,5,13,4,4,10,5,5,2,15,1,23,2,9,5,1,7,9,1,10,1,14,,72,,1,21,121.5565957,25.0455995
113,2,20,12,23,2,06松山區,松山區光復南路58巷與光復南路32巷16弄口,0,0,1,2,B03,8,6,5,30,4,1,1,5,4,5,13,4,4,10,5,5,2,15,1,73,3,10,7,1,7,9,1,8,1,5,,108,,1,21,121.5565957,25.0455995
113,2,20,12,54,2,03中山區,中山區農安街與民權東路2段135巷口,0,0,1,1,C03,8,7,5,30,4,2,1,5,4,5,13,4,4,5,5,5,2,13,1,33,3,10,5,1,7,3,1,10,1,11,,18,,1,22,121.5349648,25.064597
113,2,20,12,54,2,03中山區,中山區農安街與民權東路2段135巷口,0,0,1,2,F01,8,7,5,30,4,2,1,5,4,5,13,4,4,5,5,5,2,13,1,72,2,9,4,1,7,13,8,20,1,13,,38,,1,22,121.5349648,25.064597
113,2,20,13,20,2,04大安區,大安區敦化南路2段70號,0,0,1,1,B01,8,7,5,50,14,9,1,5,4,5,13,4,4,10,3,5,1,17,1,69,3,10,3,4,7,3,1,4,1,17,,44,,1,21,121.5484946,25.0297432
113,2,20,13,20,2,04大安區,大安區敦化南路2段70號,0,0,1,2,C03,8,7,5,50,14,9,1,5,4,5,13,4,4,10,3,5,1,17,2,36,2,9,6,1,7,9,1,10,1,12,,42,,1,21,121.5484946,25.0297432
113,2,20,13,30,2,12內湖區,內湖區金龍路與金龍路47巷口,0,0,2,1,B03,8,5,5,50,4,1,1,5,4,5,13,2,1,5,5,5,2,16,1,64,3,10,7,1,7,5,1,8,1,4,,8,,1,21,121.593741,25.0849311
113,2,20,13,30,2,12內湖區,內湖區金龍路與金龍路47巷口,0,0,2,2,C03,8,5,5,50,4,1,1,5,4,5,13,2,1,5,5,5,2,16,1,61,2,9,5,1,7,9,1,10,1,15,,44,,1,21,121.593741,25.0849311
113,2,20,13,30,2,12內湖區,內湖區金龍路與金龍路47巷口,0,0,2,3,H02,8,5,5,50,4,1,1,5,4,5,13,2,1,5,5,5,2,16,2,62,2,9,5,5,7,21,8,20,10,16,,67,,1,21,121.593741,25.0849311
113,2,20,13,37,2,09北投區,北投區懷德街與建民路口,0,0,2,1,H04,8,7,5,30,4,2,1,5,4,5,13,4,4,9,5,5,2,3,2,79,2,9,4,5,8,16,8,20,1,16,,53,,1,22,121.5197013,25.1106643
113,2,20,13,37,2,09北投區,北投區懷德街與建民路口,0,0,2,2,C03,8,7,5,30,4,2,1,5,4,5,13,4,4,9,5,5,2,3,1,35,2,9,6,1,7,9,1,10,1,12,,108,,1,22,121.5197013,25.1106643
113,2,20,14,27,2,01大同區,大同區哈密街70巷1弄與庫倫街13巷3弄口,0,0,1,1,B03,8,6,5,30,3,1,1,5,4,5,13,4,4,10,5,5,2,17,1,49,3,10,7,1,7,5,1,8,1,5,,72,,1,21,121.5184285,25.0730608
113,2,20,14,27,2,01大同區,大同區哈密街70巷1弄與庫倫街13巷3弄口,0,0,1,2,C03,8,6,5,30,3,1,1,5,4,5,13,4,4,10,5,5,2,17,1,76,2,9,6,1,7,9,1,10,1,12,,108,,1,21,121.5184285,25.0730608
113,2,20,14,30,2,03中山區,中山區南京東路2段115巷與南京東路2段115巷3弄口,0,0,1,1,B03,8,7,5,30,3,2,1,5,4,5,13,4,4,10,5,5,2,9,2,69,3,10,7,1,7,9,1,8,1,8,,108,,1,22,121.5222075,25.05805506
113,2,20,14,30,2,03中山區,中山區南京東路2段115巷與南京東路2段115巷3弄口,0,0,1,2,H01,8,7,5,30,3,2,1,5,4,5,13,4,4,10,5,5,2,9,2,60,2,9,4,5,8,20,8,20,10,16,,54,,1,22,121.5222075,25.05805506
113,2,20,14,31,2,10文山區,文山區萬隆街2號,0,0,1,1,F01,8,6,5,50,14,9,1,5,4,5,13,4,4,9,5,5,2,17,2,21,2,9,4,1,7,8,8,20,1,12,,100,,1,21,121.5392062,25.00043409
113,2,20,14,31,2,10文山區,文山區萬隆街2號,0,0,1,2,B01,8,6,5,50,14,9,1,5,4,5,13,4,4,9,5,5,2,17,1,34,3,10,7,1,7,9,1,4,1,4,,44,,1,21,121.5392062,25.00043409
113,2,20,14,40,2,07信義區,信義區嘉興街268號,0,0,1,1,C03,8,5,5,50,14,9,1,5,4,5,13,4,4,5,2,5,2,17,1,69,2,9,6,1,7,9,1,10,9,17,,17,,1,22,121.5554275,25.0244327
113,2,20,14,40,2,07信義區,信義區嘉興街268號,0,0,1,2,B02,8,5,5,50,14,9,1,5,4,5,13,4,4,5,2,5,2,17,1,57,3,10,7,1,7,9,1,8,9,17,,44,,1,22,121.5554275,25.0244327
113,2,20,14,50,2,09北投區,北投區行義路260巷前,0,0,1,1,B12,8,5,5,40,14,9,1,5,4,5,13,4,4,4,5,5,1,13,1,63,3,10,7,1,7,9,1,8,1,1,,108,,1,21,121.528703,25.1357684
113,2,20,14,50,2,09北投區,北投區行義路260巷前,0,0,1,2,B03,8,5,5,40,14,9,1,5,4,5,13,4,4,4,5,5,1,13,2,34,2,2,7,1,7,9,1,8,1,3,,44,,1,21,121.528703,25.1357684
113,2,20,14,50,2,09北投區,北投區行義路260巷前,0,0,1,3,B03,8,5,5,40,14,9,1,5,4,5,13,4,4,4,5,5,1,13,2,54,3,10,7,1,7,14,1,8,1,3,,44,,1,21,121.528703,25.1357684
113,2,20,14,54,2,08士林區,士林區至善路3段與至善路3段71巷口,0,0,1,1,C03,8,6,5,50,3,1,1,5,4,5,13,2,1,5,4,5,1,17,1,69,2,9,5,1,7,7,1,9,2,14,,100,,1,21,121.5664017,25.1133724
113,2,20,14,54,2,08士林區,士林區至善路3段與至善路3段71巷口,0,0,1,2,B03,8,6,5,50,3,1,1,5,4,5,13,2,1,5,4,5,1,17,1,44,3,10,7,1,7,9,1,8,2,2,,44,,1,21,121.5664017,25.1133724
113,2,20,15,18,2,05中正區,中正區中華路1段與開封街1段口口,0,0,1,1,C03,8,5,5,50,4,1,1,5,4,5,13,2,1,9,4,5,1,16,1,79,2,9,5,1,7,5,1,10,1,14,,8,,1,21,121.5093533,25.0460048
113,2,20,15,18,2,05中正區,中正區中華路1段與開封街1段口口,0,0,1,2,B01,8,5,5,50,4,1,1,5,4,5,13,2,1,9,4,5,1,16,1,63,3,10,7,1,7,9,1,4,1,5,,44,,1,21,121.5093533,25.0460048
113,2,20,15,25,2,01大同區,大同區重慶北路2段18號,0,0,1,1,B01,8,5,5,50,14,9,1,5,4,5,13,4,4,7,4,1,1,17,4,59,,,,,,,,,11,,,99,,2,,121.5141877,25.05468519
113,2,20,15,25,2,01大同區,大同區重慶北路2段18號,0,0,1,2,C03,8,5,5,50,14,9,1,5,4,5,13,4,4,7,4,1,1,17,1,24,2,9,5,1,7,9,1,10,1,12,,13,,1,21,121.5141877,25.05468519
113,2,20,15,25,2,03中山區,中山區南京東路1段與天津街口,0,0,1,1,B03,7,7,5,50,3,1,1,5,4,5,13,2,1,1,4,4,2,12,1,67,3,10,3,4,7,9,1,15,1,7,,44,,1,21,121.523673,25.05212212
113,2,20,15,25,2,03中山區,中山區南京東路1段與天津街口,0,0,1,2,C03,7,7,5,50,3,1,1,5,4,5,13,2,1,1,4,4,2,12,1,63,2,9,6,4,7,15,1,10,1,12,,108,,1,21,121.523673,25.05212212
113,2,20,15,29,2,04大安區,大安區敦化南路1段198號,0,0,1,1,C03,8,6,6,50,14,9,1,5,4,5,13,4,4,10,3,5,2,17,2,30,2,9,6,1,7,1,1,10,1,11,,19,,1,21,121.5486138,25.042434
113,2,20,15,29,2,04大安區,大安區敦化南路1段198號,0,0,1,2,C03,8,6,6,50,14,9,1,5,4,5,13,4,4,10,3,5,2,17,1,52,3,10,6,1,7,12,1,10,1,13,,44,,1,21,121.5486138,25.042434
113,2,20,15,29,2,04大安區,大安區敦化南路1段198號,0,0,1,3,B03,8,6,6,50,14,9,1,5,4,5,13,4,4,10,3,5,2,17,1,54,3,10,7,1,7,1,1,8,1,17,,19,,1,21,121.5486138,25.042434
113,2,20,15,29,2,04大安區,大安區敦化南路1段198號,0,0,1,4,B01,8,6,6,50,14,9,1,5,4,5,13,4,4,10,3,5,2,17,3,0,,,,,,,,,,,,67,,1,,121.5486138,25.042434
113,2,20,15,55,2,04大安區,大安區仁愛路4段71巷與大安路1段101巷口,0,0,1,1,B03,8,5,5,30,4,1,1,5,4,5,13,4,4,10,5,5,2,15,1,28,3,10,7,1,7,9,1,8,1,8,,72,,1,21,121.5471578,25.0401708
113,2,20,15,55,2,04大安區,大安區仁愛路4段71巷與大安路1段101巷口,0,0,1,2,C03,8,5,5,30,4,1,1,5,4,5,13,4,4,10,5,5,2,15,2,51,2,8,6,1,7,9,1,10,1,12,,13,,1,22,121.5471578,25.0401708
113,2,20,16,25,2,07信義區,信義區基隆路1段333號,0,0,1,1,B03,8,6,5,50,14,9,1,5,4,5,13,4,4,1,4,5,2,12,1,54,3,10,7,1,7,4,1,8,1,2,,108,,1,22,121.560695,25.034712
113,2,20,16,25,2,07信義區,信義區基隆路1段333號,0,0,1,2,C03,8,6,5,50,14,9,1,5,4,5,13,4,4,1,4,5,2,12,2,60,2,9,6,1,7,9,1,10,1,14,,44,,1,22,121.560695,25.034712
113,2,20,16,28,2,05中正區,中正區重慶南路1段130號,0,0,1,1,B03,8,6,5,0,14,9,1,5,4,5,13,4,4,5,4,5,2,17,1,47,3,10,7,1,7,1,1,2,2,1,,19,,1,21,121.5125496,25.03684246
113,2,20,16,28,2,05中正區,中正區重慶南路1段130號,0,0,1,2,C03,8,6,5,0,14,9,1,5,4,5,13,4,4,5,4,5,2,17,1,45,2,9,5,1,7,9,1,10,2,11,,44,,1,21,121.5125496,25.03684246
113,2,20,16,30,2,10文山區,文山區興隆路2段與興隆路2段86巷口,0,0,1,1,B03,8,6,5,50,3,2,1,5,4,5,13,4,4,1,4,5,2,16,1,60,3,10,7,1,7,6,1,8,2,2,,80,,1,21,121.5482627,25.0000364
113,2,20,16,30,2,10文山區,文山區興隆路2段與興隆路2段86巷口,0,0,1,2,C03,8,6,5,50,3,2,1,5,4,5,13,4,4,1,4,5,2,16,1,46,2,9,6,1,7,9,1,10,2,14,,16,,1,21,121.5482627,25.0000364
113,2,20,16,35,2,03中山區,中山區北安路488號,0,0,1,1,C03,7,7,5,50,14,9,1,5,4,5,13,4,4,1,4,5,2,12,1,53,3,10,5,4,7,7,1,10,2,14,,44,,1,21,121.5453627,25.07973648
113,2,20,16,35,2,03中山區,中山區北安路488號,0,0,1,2,C03,7,7,5,50,14,9,1,5,4,5,13,4,4,1,4,5,2,12,1,21,2,9,6,4,7,9,1,10,2,12,,16,,1,21,121.5453627,25.07973648
113,2,20,16,45,2,03中山區,中山區新生北路3段與農安街口迴轉道,0,0,1,1,C03,8,6,5,50,14,9,1,5,4,5,13,4,4,1,5,5,1,17,1,52,3,10,3,4,7,5,1,9,2,17,,8,,1,21,121.5274491,25.0644882
113,2,20,16,45,2,03中山區,中山區新生北路3段與農安街口迴轉道,0,0,1,2,C03,8,6,5,50,14,9,1,5,4,5,13,4,4,1,5,5,1,17,1,22,2,9,3,4,7,9,1,10,2,14,,44,,1,21,121.5274491,25.0644882
113,2,20,16,49,2,03中山區,中山區復興北路與民生東路3段口,0,0,2,1,C03,8,6,5,50,14,9,1,5,4,5,13,4,4,9,5,5,2,13,1,48,2,9,5,1,7,9,1,10,9,11,,16,,1,21,121.5439426,25.05781871
113,2,20,16,49,2,03中山區,中山區復興北路與民生東路3段口,0,0,2,2,C03,8,6,5,50,14,9,1,5,4,5,13,4,4,9,5,5,2,13,2,43,2,9,5,1,7,9,1,10,1,13,,44,,1,21,121.5439426,25.05781871
113,2,20,16,49,2,03中山區,中山區復興北路與民生東路3段口,0,0,2,3,B12,8,6,5,50,14,9,1,5,4,5,13,4,4,9,5,5,2,13,1,44,3,10,7,1,7,1,1,4,1,17,,19,,1,21,121.5439426,25.05781871
113,2,20,17,10,2,12內湖區,內湖區舊宗路1段128號,0,0,1,1,A02,8,5,5,50,14,9,1,5,4,5,13,4,4,1,4,5,2,9,1,59,3,10,7,1,7,9,1,2,9,17,,118,,1,21,121.5787775,25.06070849
113,2,20,17,10,2,12內湖區,內湖區舊宗路1段128號,0,0,1,2,H02,8,5,5,50,14,9,1,5,4,5,13,4,4,1,4,5,2,9,1,73,2,9,4,5,8,20,8,20,10,16,,118,,1,21,121.5787775,25.06070849
113,2,20,17,29,2,04大安區,大安區樂業街41巷16弄4號,0,0,1,1,B03,8,6,5,30,14,9,1,5,4,5,13,4,4,10,5,5,2,9,1,37,3,10,7,1,7,2,1,8,9,3,,12,,1,21,121.5503119,25.0234444
113,2,20,17,29,2,04大安區,大安區樂業街41巷16弄4號,0,0,1,2,H01,8,6,5,30,14,9,1,5,4,5,13,4,4,10,5,5,2,9,2,36,2,8,4,5,8,20,8,20,10,16,,67,,1,21,121.5503119,25.0234444
113,2,20,17,51,2,12內湖區,內湖區瑞湖街與舊宗路2段121巷口,0,0,1,1,B03,8,5,5,50,4,1,1,5,4,5,13,1,1,5,5,5,2,16,1,35,3,10,7,1,7,5,1,8,1,4,,8,,1,21,121.5764451,25.0689879
113,2,20,17,51,2,12內湖區,內湖區瑞湖街與舊宗路2段121巷口,0,0,1,2,C03,8,5,5,50,4,1,1,5,4,5,13,1,1,5,5,5,2,16,1,39,2,9,5,1,7,9,1,10,1,11,,13,,1,21,121.5764451,25.0689879
113,2,20,18,2,2,11南港區,南港區向陽路191號,0,0,1,1,C04,8,6,5,50,14,9,1,5,4,5,13,4,4,1,4,5,2,12,2,42,2,9,6,1,7,9,1,10,1,11,,42,,1,21,121.5934019,25.05668686
113,2,20,18,2,2,11南港區,南港區向陽路191號,0,0,1,2,B03,8,6,5,50,14,9,1,5,4,5,13,4,4,1,4,5,2,12,1,46,3,10,7,1,7,14,1,8,1,5,,44,,1,21,121.5934019,25.05668686
113,2,20,18,5,2,12內湖區,內湖區基湖路與堤頂大道2段口,0,0,1,1,B03,8,5,5,50,4,1,1,5,4,5,13,2,1,9,4,3,2,16,2,70,3,10,7,1,7,6,1,8,1,2,,71,,1,21,121.5645303,25.07881088
113,2,20,18,5,2,12內湖區,內湖區基湖路與堤頂大道2段口,0,0,1,2,C03,8,5,5,50,4,1,1,5,4,5,13,2,1,9,4,3,2,16,2,44,2,9,6,1,7,9,1,10,1,14,,44,,1,21,121.5645303,25.07881088
113,2,20,18,10,2,01大同區,大同區重慶北路2段與民權西路口,0,0,2,1,C03,8,5,5,50,4,1,1,5,4,5,13,2,1,1,4,5,2,12,1,55,2,9,5,1,7,7,1,10,1,14,,100,,1,21,121.5135434,25.0629258
113,2,20,18,10,2,01大同區,大同區重慶北路2段與民權西路口,0,0,2,2,C03,8,5,5,50,4,1,1,5,4,5,13,2,1,1,4,5,2,12,1,21,2,9,5,1,7,9,1,9,1,14,,44,,1,21,121.5135434,25.0629258
113,2,20,18,24,2,04大安區,大安區辛亥路3段自來水廠旁,0,0,1,1,C03,8,5,5,50,14,9,1,5,4,5,13,4,4,10,3,5,2,13,1,22,2,9,5,1,7,9,1,10,1,11,,13,,1,21,121.55125,25.015266