發生年度,發生月,發生日,發生時-Hours,發生分,處理別-編號,區序,肇事地點,死亡人數,2-30日死亡人數,受傷人數,當事人序號,車種,天候,道路照明設備,道路類別,速限-速度限制,道路型態,事故位置,路面狀況1,路面狀況2,路面狀況3,道路障礙1,道路障礙2,號誌1,號誌2,車道劃分-分向,車道劃分-分道1,車道劃分-分道2,車道劃分-分道3,事故類型及型態,性別,年齡,受傷程度,主要傷處,保護裝置,行動電話,車輛用途,當事者行動狀態,駕駛資格情形,駕駛執照種類,飲酒情形,車輛撞擊部位1,車輛撞擊部位2,肇因碼-個別,肇因碼-主要,個人肇逃否,職業,座標-X,座標-Y
113,2,20,18,24,2,04大安區,大安區辛亥路3段自來水廠旁,0,0,1,2,B03,8,5,5,50,14,9,1,5,4,5,13,4,4,10,3,5,2,13,1,43,3,10,7,1,7,14,1,8,1,6,,44,,1,21,121.55125,25.015266
113,2,20,18,26,2,01大同區,大同區民權西路102巷與民權西路102巷4弄口,0,0,2,1,C03,8,5,5,30,4,1,1,5,4,5,13,4,4,10,5,5,2,17,2,53,3,10,6,1,7,5,1,10,2,13,,72,,1,21,121.5176841,25.06156522
113,2,20,18,26,2,01大同區,大同區民權西路102巷與民權西路102巷4弄口,0,0,2,2,C03,8,5,5,30,4,1,1,5,4,5,13,4,4,10,5,5,2,17,2,18,2,8,6,1,7,9,1,10,2,11,,107,,1,21,121.5176841,25.06156522
113,2,20,18,26,2,01大同區,大同區民權西路102巷與民權西路102巷4弄口,0,0,2,3,H02,8,5,5,30,4,1,1,5,4,5,13,4,4,10,5,5,2,17,2,18,2,7,6,5,7,20,8,20,10,16,,67,,1,21,121.5176841,25.06156522
113,2,20,18,31,2,02萬華區,萬華區艋舺大道389號,0,0,2,1,C03,8,5,5,50,14,9,1,5,4,5,13,3,1,1,5,5,2,17,1,19,2,9,5,1,7,9,1,10,2,11,,14,,1,21,121.4939203,25.0310903
113,2,20,18,31,2,02萬華區,萬華區艋舺大道389號,0,0,2,2,F01,8,5,5,50,14,9,1,5,4,5,13,3,1,1,5,5,2,17,1,13,2,9,4,1,7,15,8,20,9,14,,99,,1,21,121.4939203,25.0310903
113,2,20,18,39,2,07信義區,信義區信義路5段1號,0,0,1,1,B03,8,5,5,50,14,9,1,5,4,5,13,1,1,9,4,5,2,12,2,54,3,10,7,1,7,9,1,8,1,5,,44,,1,21,121.560313,25.0330863
113,2,20,18,39,2,07信義區,信義區信義路5段1號,0,0,1,2,C03,8,5,5,50,14,9,1,5,4,5,13,1,1,9,4,5,2,12,2,33,2,8,5,1,7,7,1,10,1,14,,100,,1,21,121.560313,25.0330863
113,2,20,18,44,2,01大同區,大同區萬全街與歸綏街86巷口,0,0,3,1,C03,7,5,5,30,4,2,1,5,4,5,13,4,4,10,5,5,2,17,1,64,2,9,6,1,7,9,1,10,1,14,,72,,1,21,121.517021,25.0581754
113,2,20,18,44,2,01大同區,大同區萬全街與歸綏街86巷口,0,0,3,2,C03,7,5,5,30,4,2,1,5,4,5,13,4,4,10,5,5,2,17,1,18,2,9,5,1,7,9,1,10,1,11,,42,,1,21,121.517021,25.0581754
113,2,20,18,44,2,01大同區,大同區萬全街與歸綏街86巷口,0,0,3,3,H02,7,5,5,30,4,2,1,5,4,5,13,4,4,10,5,5,2,17,2,12,2,9,5,5,7,20,8,20,10,16,,67,,1,21,121.517021,25.0581754
113,2,20,18,47,2,12內湖區,內湖區康寧路1段與星雲街口,0,0,1,2,C03,8,5,5,50,14,9,1,5,4,5,13,1,1,4,5,5,1,17,1,24,2,1,6,1,7,9,1,10,1,17,,44,,1,21,121.5938166,25.07942376
113,2,20,18,47,2,12內湖區,內湖區康寧路1段與星雲街口,0,0,1,1,B03,8,5,5,50,14,9,1,5,4,5,13,1,1,4,5,5,1,17,1,35,3,10,7,1,7,9,1,8,1,5,,44,,1,22,121.5938166,25.07942376
113,2,20,18,49,2,04大安區,大安區辛亥路3段(西往東),0,0,1,1,C03,8,5,5,50,14,9,1,5,4,5,13,4,4,1,4,5,1,12,1,28,2,9,3,4,7,8,1,10,11,14,,100,,1,21,121.5501085,25.01607912
113,2,20,18,49,2,04大安區,大安區辛亥路3段(西往東),0,0,1,2,B03,8,5,5,50,14,9,1,5,4,5,13,4,4,1,4,5,1,12,1,36,3,10,3,4,7,9,1,8,11,2,,44,,1,21,121.5501085,25.01607912
113,2,20,19,4,2,11南港區,南港區向陽路108號前,0,0,1,1,C03,8,5,5,50,14,7,1,5,4,5,13,4,4,1,4,5,2,12,1,32,2,9,5,4,7,8,1,10,1,13,,100,,1,21,121.5950942,25.0535124
113,2,20,19,4,2,11南港區,南港區向陽路108號前,0,0,1,2,C03,8,5,5,50,14,7,1,5,4,5,13,4,4,1,4,5,2,12,2,44,3,10,5,4,7,9,1,10,1,13,,108,,1,21,121.5950942,25.0535124
113,2,20,19,20,2,07信義區,信義區信安街67巷,0,0,1,1,B03,8,5,8,50,22,22,1,5,4,5,13,4,4,8,3,4,2,17,1,46,3,10,3,4,7,1,1,8,1,2,,19,,1,21,121.5601887,25.0259432
113,2,20,19,20,2,07信義區,信義區信安街67巷,0,0,1,2,C03,8,5,8,50,22,22,1,5,4,5,13,4,4,8,3,4,2,17,1,25,2,9,6,4,7,9,1,10,1,11,,44,,1,21,121.5601887,25.0259432
113,2,20,19,31,2,04大安區,大安區和平東路1段與師大路口,0,0,1,1,B03,8,5,5,50,3,1,1,5,4,5,13,2,1,1,4,4,2,23,1,72,2,9,7,1,7,15,1,15,1,8,,108,,1,21,121.5283824,25.02660898
113,2,20,19,31,2,04大安區,大安區和平東路1段與師大路口,0,0,1,2,,8,5,5,50,3,1,1,5,4,5,13,2,1,1,4,4,2,23,3,0,,,,,,,,,,,,67,,1,,121.5283824,25.02660898
113,2,20,20,30,2,01大同區,大同區長安西路301號對面,0,0,1,1,A04,7,5,5,50,14,9,1,5,4,5,13,4,4,5,2,5,2,17,1,50,4,11,3,4,7,13,1,1,11,17,,38,,2,22,121.5077666,25.052199
113,2,20,20,30,2,01大同區,大同區長安西路301號對面,0,0,1,2,B03,7,5,5,50,14,9,1,5,4,5,13,4,4,5,2,5,2,17,1,58,3,10,7,1,7,1,1,8,1,4,,19,,1,21,121.5077666,25.052199
113,2,20,20,30,2,01大同區,大同區長安西路301號對面,0,0,1,3,C03,7,5,5,50,14,9,1,5,4,5,13,4,4,5,2,5,2,17,2,20,2,7,5,1,7,9,1,10,1,11,,44,,1,21,121.5077666,25.052199
113,2,20,21,17,2,04大安區,大安區基隆路4段與羅斯福路4段119巷口,0,0,1,1,C03,8,5,5,50,18,9,1,5,4,5,13,2,1,1,4,5,2,17,1,22,2,9,6,1,7,7,1,10,1,14,,100,,1,21,121.5374283,25.0111644
113,2,20,21,17,2,04大安區,大安區基隆路4段與羅斯福路4段119巷口,0,0,1,2,B03,8,5,5,50,18,9,1,5,4,5,13,2,1,1,4,5,2,17,1,20,3,10,7,1,7,9,1,8,1,5,,44,,1,21,121.5374283,25.0111644
113,2,20,21,34,2,03中山區,中山區民生東路3段7號,0,0,1,1,B03,8,5,5,50,14,9,1,5,4,5,13,4,4,3,4,5,2,12,1,32,3,10,7,1,7,8,3,18,2,2,,100,,1,21,121.5373239,25.0579803
113,2,20,21,34,2,03中山區,中山區民生東路3段7號,0,0,1,2,C03,8,5,5,50,14,9,1,5,4,5,13,4,4,3,4,5,2,12,2,31,2,9,6,1,7,9,1,10,2,14,,44,,1,21,121.5373239,25.0579803
113,2,20,21,36,2,07信義區,信義區基隆路1段與基隆路1段364巷口,0,0,2,1,C03,8,5,5,50,3,2,1,5,4,5,13,4,4,10,3,5,2,12,2,56,2,9,6,4,7,7,1,10,1,12,,100,,1,21,121.5608378,25.0354222
113,2,20,21,36,2,07信義區,信義區基隆路1段與基隆路1段364巷口,0,0,2,2,C03,8,5,5,50,3,2,1,5,4,5,13,4,4,10,3,5,2,12,2,24,2,9,6,4,7,9,1,10,1,14,,14,,1,21,121.5608378,25.0354222
113,2,20,21,37,2,01大同區,大同區赤峰街與承德路2段75巷口,0,0,1,1,C03,7,5,5,40,4,1,1,5,4,5,13,4,4,10,5,5,2,17,2,46,2,9,5,1,7,9,1,10,2,12,,72,,1,21,121.5196639,25.0557369
113,2,20,21,37,2,01大同區,大同區赤峰街與承德路2段75巷口,0,0,1,2,B03,7,5,5,40,4,1,1,5,4,5,13,4,4,10,5,5,2,17,1,33,3,10,7,1,7,9,1,8,2,8,,14,,1,21,121.5196639,25.0557369
113,2,20,22,47,2,03中山區,中山區建國北路1段與長安東路2段口,0,0,1,1,B03,8,5,5,50,4,2,1,5,4,5,13,1,1,10,4,5,2,12,1,43,3,10,7,1,7,9,1,8,1,4,,108,,1,21,121.5365268,25.04833759
113,2,20,22,47,2,03中山區,中山區建國北路1段與長安東路2段口,0,0,1,2,C04,8,5,5,50,4,2,1,5,4,5,13,1,1,10,4,5,2,12,2,35,2,9,6,1,7,8,1,10,1,14,,100,,1,21,121.5365268,25.04833759
113,2,20,23,59,2,04大安區,大安區新生南路3段與新生南路3段98巷口,0,0,2,1,C03,8,5,5,50,4,1,1,5,4,5,13,3,1,1,3,4,2,17,1,19,2,9,6,1,7,9,1,10,2,11,,108,,1,21,121.5334388,25.017034
113,2,20,23,59,2,04大安區,大安區新生南路3段與新生南路3段98巷口,0,0,2,2,F01,8,5,5,50,4,1,1,5,4,5,13,3,1,1,3,4,2,17,1,18,2,9,4,1,7,9,8,20,2,14,,80,,1,21,121.5334388,25.017034
113,2,21,1,8,2,02萬華區,萬華區忠孝西路2段與西寧南路口,0,0,1,1,B02,8,5,5,50,4,1,1,5,4,5,13,2,1,3,2,5,2,16,1,22,3,10,7,4,7,11,3,18,2,7,,103,,1,21,121.5075616,25.048519
113,2,21,1,8,2,02萬華區,萬華區忠孝西路2段與西寧南路口,0,0,1,2,A02,8,5,5,50,4,1,1,5,4,5,13,2,1,3,2,5,2,16,1,26,3,10,7,4,7,9,1,2,2,5,,13,,1,21,121.5075616,25.048519
113,2,21,1,8,2,02萬華區,萬華區忠孝西路2段與西寧南路口,0,0,1,3,H02,8,5,5,50,4,1,1,5,4,5,13,2,1,3,2,5,2,16,1,24,2,7,7,5,7,21,8,20,10,16,,67,,1,21,121.5075616,25.048519
113,2,21,7,9,2,10文山區,文山區木柵路1段230號,0,0,3,1,C03,8,7,5,50,14,9,1,5,4,5,13,2,1,5,4,5,2,13,1,40,2,8,5,1,7,9,1,10,1,11,,16,,1,21,121.5536678,24.9880247
113,2,21,7,9,2,10文山區,文山區木柵路1段230號,0,0,3,2,C03,8,7,5,50,14,9,1,5,4,5,13,2,1,5,4,5,2,13,1,33,3,10,5,1,7,14,1,10,1,13,,44,,1,21,121.5536678,24.9880247
113,2,21,7,9,2,10文山區,文山區木柵路1段230號,0,0,3,3,C03,8,7,5,50,14,9,1,5,4,5,13,2,1,5,4,5,2,13,1,45,2,8,5,1,7,14,1,10,1,12,,44,,1,21,121.5536678,24.9880247
113,2,21,7,9,2,10文山區,文山區木柵路1段230號,0,0,3,4,C03,8,7,5,50,14,9,1,5,4,5,13,2,1,5,4,5,2,13,1,57,3,10,5,1,7,14,1,10,1,14,,44,,1,21,121.5536678,24.9880247
113,2,21,7,9,2,10文山區,文山區木柵路1段230號,0,0,3,5,C03,8,7,5,50,14,9,1,5,4,5,13,2,1,5,4,5,2,13,1,24,2,8,5,1,7,14,1,10,1,14,,44,,1,21,121.5536678,24.9880247
113,2,21,7,13,2,06松山區,松山區民生東路5段與新中街口口,0,0,2,1,B02,8,7,5,50,4,1,1,5,4,5,13,2,1,1,4,5,2,16,1,45,3,10,7,1,7,5,1,4,2,2,,71,,1,21,121.5605206,25.0586376
113,2,21,7,13,2,06松山區,松山區民生東路5段與新中街口口,0,0,2,2,C03,8,7,5,50,4,1,1,5,4,5,13,2,1,1,4,5,2,16,2,30,2,9,6,1,7,9,1,10,2,11,,14,,1,21,121.5605206,25.0586376
113,2,21,7,13,2,06松山區,松山區民生東路5段與新中街口口,0,0,2,3,H02,8,7,5,50,4,1,1,5,4,5,13,2,1,1,4,5,2,16,2,32,2,9,6,5,7,20,8,20,10,16,,67,,1,21,121.5605206,25.0586376
113,2,21,7,29,2,10文山區,文山區忠順街1段9巷與忠順街1段口,0,0,1,1,C03,8,5,5,30,3,2,1,5,4,5,13,3,1,9,5,5,2,16,1,31,2,9,6,1,7,5,1,10,2,12,,84,,1,21,121.5571412,24.9836044
113,2,21,7,29,2,10文山區,文山區忠順街1段9巷與忠順街1段口,0,0,1,2,B01,8,5,5,30,3,2,1,5,4,5,13,3,1,9,5,5,2,16,1,65,3,10,7,1,7,9,1,4,2,8,,14,,1,21,121.5571412,24.9836044
113,2,21,7,51,2,05中正區,中正區長沙街1段與延平南路口,0,0,1,1,B03,8,6,5,50,4,1,1,5,4,5,13,2,1,5,5,5,2,16,2,32,3,10,7,1,7,6,1,8,9,2,,9,,1,22,121.5090318,25.04039155
113,2,21,7,51,2,05中正區,中正區長沙街1段與延平南路口,0,0,1,2,C03,8,6,5,50,4,1,1,5,4,5,13,2,1,5,5,5,2,16,2,39,2,9,5,1,7,9,1,10,9,14,,44,,1,22,121.5090318,25.04039155
113,2,21,8,1,2,03中山區,中山區中山北路3段與撫順街口,0,0,1,1,C03,8,7,5,50,3,2,1,5,4,5,13,4,4,1,4,1,2,16,1,53,3,10,5,1,7,7,7,19,11,15,,100,,2,22,121.5222543,25.063918
113,2,21,8,1,2,03中山區,中山區中山北路3段與撫順街口,0,0,1,2,C03,8,7,5,50,3,2,1,5,4,5,13,4,4,1,4,1,2,16,1,18,2,9,5,1,7,9,1,10,1,11,,108,,1,22,121.5222543,25.063918
113,2,21,8,1,2,03中山區,中山區中山北路3段與撫順街口,0,0,1,3,B03,8,7,5,50,3,2,1,5,4,5,13,4,4,1,4,1,2,16,1,50,3,10,7,1,7,14,1,8,1,4,,44,,1,22,121.5222543,25.063918
113,2,21,8,1,2,03中山區,中山區中山北路3段與撫順街口,0,0,1,4,B01,8,7,5,50,3,2,1,5,4,5,13,4,4,1,4,1,2,16,1,55,3,10,7,1,7,6,1,4,9,17,,72,,1,22,121.5222543,25.063918
113,2,21,8,4,2,05中正區,中正區中山南路與青島西路口口,0,0,1,1,B03,8,5,5,50,4,1,1,5,4,5,13,2,1,9,4,5,1,16,1,47,3,10,7,1,7,9,1,8,2,5,,107,,1,21,121.5194328,25.0444607
113,2,21,8,4,2,05中正區,中正區中山南路與青島西路口口,0,0,1,2,C03,8,5,5,50,4,1,1,5,4,5,13,2,1,9,4,5,1,16,2,19,2,9,5,1,7,5,1,10,2,14,,103,,1,21,121.5194328,25.0444607
113,2,21,8,14,2,09北投區,北投區中央北路1段與中央北路口側附近2段口大業路口,0,0,2,1,C03,8,6,5,50,4,1,1,5,4,5,13,2,1,4,4,5,2,17,1,29,2,9,6,1,7,5,1,10,2,12,,71,,1,22,121.4972514,25.1360797
113,2,21,8,14,2,09北投區,北投區中央北路1段與中央北路口側附近2段口大業路口,0,0,2,2,C03,8,6,5,50,4,1,1,5,4,5,13,2,1,4,4,5,2,17,2,54,2,9,6,1,7,9,1,10,2,11,,44,,1,22,121.4972514,25.1360797
113,2,21,8,28,2,08士林區,士林區承德路4段與承德路4段266巷口,0,0,1,1,B03,8,6,5,50,5,2,1,5,4,5,13,2,1,1,4,4,1,16,1,33,3,10,7,1,7,8,1,8,1,2,,100,,1,21,121.5203165,25.0892722
113,2,21,8,28,2,08士林區,士林區承德路4段與承德路4段266巷口,0,0,1,2,C03,8,6,5,50,5,2,1,5,4,5,13,2,1,1,4,4,1,16,1,20,2,9,5,1,7,9,1,10,1,14,,44,,1,21,121.5203165,25.0892722
113,2,21,8,28,2,08士林區,士林區承德路4段與承德路4段266巷口,0,0,1,3,C03,8,6,5,50,5,2,1,5,4,5,13,2,1,1,4,4,1,16,1,49,3,10,5,1,7,13,1,10,11,14,,44,,1,21,121.5203165,25.0892722
113,2,21,8,32,2,07信義區,信義區富陽街21巷與富陽街71巷口口,0,0,1,1,B03,8,7,5,30,4,1,1,5,4,5,13,4,4,10,5,5,2,15,1,40,3,10,7,1,7,9,1,8,1,8,,72,,1,21,121.5576566,25.0222377
113,2,21,8,32,2,07信義區,信義區富陽街21巷與富陽街71巷口口,0,0,1,2,C03,8,7,5,30,4,1,1,5,4,5,13,4,4,10,5,5,2,15,1,37,2,8,6,1,7,9,1,10,1,12,,14,,1,21,121.5576566,25.0222377
113,2,21,8,44,2,10文山區,文山區辛亥路7段與木柵路1段口,0,0,2,1,B12,8,7,5,50,14,9,1,5,4,5,13,2,1,5,4,5,2,13,1,31,3,10,7,1,7,9,1,8,1,5,,107,,1,21,121.5523803,24.9876138
113,2,21,8,44,2,10文山區,文山區辛亥路7段與木柵路1段口,0,0,2,2,C02,8,7,5,50,14,9,1,5,4,5,13,2,1,5,4,5,2,13,1,44,2,8,6,1,7,14,1,9,1,13,,44,,1,21,121.5523803,24.9876138
113,2,21,8,44,2,10文山區,文山區辛亥路7段與木柵路1段口,0,0,2,3,H02,8,7,5,50,14,9,1,5,4,5,13,2,1,5,4,5,2,13,2,44,2,8,6,5,7,20,8,20,10,17,,67,,1,21,121.5523803,24.9876138
113,2,21,8,49,2,01大同區,大同區民生西路與太原路口,0,0,1,1,B03,8,5,5,50,3,2,1,5,4,5,13,2,1,5,4,5,2,17,2,34,3,10,3,4,7,5,1,8,1,8,,71,,1,21,121.516934,25.0571657
113,2,21,8,49,2,01大同區,大同區民生西路與太原路口,0,0,1,2,C03,8,5,5,50,3,2,1,5,4,5,13,2,1,5,4,5,2,17,2,54,2,9,3,4,7,9,1,10,1,14,,44,,1,21,121.516934,25.0571657
113,2,21,8,59,2,07信義區,信義區嘉興街219巷與嘉興街口,0,0,1,1,B12,8,5,5,50,3,2,1,5,4,5,13,4,4,9,5,5,2,14,1,57,3,10,3,4,7,2,1,8,1,3,,12,,1,22,121.5562846,25.0258313
113,2,21,8,59,2,07信義區,信義區嘉興街219巷與嘉興街口,0,0,1,2,C03,8,5,5,50,3,2,1,5,4,5,13,4,4,9,5,5,2,14,2,29,2,8,3,4,7,14,1,10,1,12,,44,,1,21,121.5562846,25.0258313
113,2,21,9,0,2,09北投區,北投區承德路7段與大業路口,0,0,1,1,B03,8,6,5,50,14,9,1,5,4,5,13,1,1,9,4,5,2,13,1,77,3,10,7,1,7,9,6,8,1,5,,8,,1,21,121.4995435,25.12124494
113,2,21,9,0,2,09北投區,北投區承德路7段與大業路口,0,0,1,2,C03,8,6,5,50,14,9,1,5,4,5,13,1,1,9,4,5,2,13,2,71,2,9,5,1,7,5,1,10,1,14,,8,,1,21,121.4995435,25.12124494
113,2,21,9,3,2,11南港區,南港區三重路與園區街口,0,0,1,1,A02,8,7,5,50,3,2,1,5,4,5,13,2,1,9,4,5,2,12,1,61,3,10,7,1,7,7,1,2,1,8,,100,,1,21,121.6142073,25.0593913
113,2,21,9,3,2,11南港區,南港區三重路與園區街口,0,0,1,2,C03,8,7,5,50,3,2,1,5,4,5,13,2,1,9,4,5,2,12,2,35,2,9,5,1,7,14,1,10,1,12,,44,,1,21,121.6142073,25.0593913
113,2,21,9,18,2,02萬華區,萬華區東園街73巷與東園街73巷40弄口,0,0,1,1,F02,7,7,5,30,4,1,1,5,4,5,13,4,4,10,5,5,2,15,2,81,2,9,3,4,7,9,8,20,1,11,,72,,1,22,121.4976026,25.026375
113,2,21,9,18,2,02萬華區,萬華區東園街73巷與東園街73巷40弄口,0,0,1,2,C03,7,7,5,30,4,1,1,5,4,5,13,4,4,10,5,5,2,15,2,38,3,10,3,4,7,9,1,10,1,12,,13,,1,22,121.4976026,25.026375
113,2,21,9,20,2,03中山區,中山區長安東路2段與長安東路2段201巷口,0,0,2,1,C03,8,5,5,30,4,1,1,5,4,5,13,4,4,9,5,5,2,16,2,45,2,7,6,1,7,11,1,10,1,14,,72,,1,21,121.5433698,25.04826908
113,2,21,9,20,2,03中山區,中山區長安東路2段與長安東路2段201巷口,0,0,2,2,C03,8,5,5,30,4,1,1,5,4,5,13,4,4,9,5,5,2,16,1,32,2,9,6,1,7,9,1,10,1,11,,13,,1,21,121.5433698,25.04826908
113,2,21,9,51,2,07信義區,信義區崇德街與崇德街225巷口口,0,0,1,1,B03,8,7,5,30,3,1,1,5,4,5,13,4,4,10,5,5,2,16,1,68,3,10,7,1,7,5,6,18,1,4,,44,,1,21,121.5582972,25.0233271
113,2,21,9,51,2,07信義區,信義區崇德街與崇德街225巷口口,0,0,1,2,C03,8,7,5,30,3,1,1,5,4,5,13,4,4,10,5,5,2,16,1,23,2,7,6,1,7,4,1,10,1,12,,44,,1,21,121.5582972,25.0233271
113,2,21,9,53,2,02萬華區,萬華區青年路152巷17號,0,0,1,1,C03,8,7,5,30,14,9,1,5,4,5,13,4,4,9,5,5,2,13,2,45,2,1,5,1,7,9,1,10,1,11,,108,,1,21,121.5018345,25.02072582
113,2,21,9,53,2,02萬華區,萬華區青年路152巷17號,0,0,1,2,B12,8,7,5,30,14,9,1,5,4,5,13,4,4,9,5,5,2,13,1,60,3,10,7,1,7,14,1,8,1,7,,38,,1,21,121.5018345,25.02072582
113,2,21,10,7,2,11南港區,南港區研究院路2段70巷10弄與研究院路2段98巷21弄口,0,0,1,1,C03,8,7,5,30,3,2,1,5,4,5,13,4,4,10,5,5,2,16,1,44,2,7,5,1,7,5,1,10,9,11,,108,,1,21,121.6153815,25.0449664
113,2,21,10,7,2,11南港區,南港區研究院路2段70巷10弄與研究院路2段98巷21弄口,0,0,1,2,B03,8,7,5,30,3,2,1,5,4,5,13,4,4,10,5,5,2,16,1,25,3,10,7,1,7,6,1,8,9,8,,5,,1,21,121.6153815,25.0449664
113,2,21,10,7,2,11南港區,南港區研究院路2段70巷10弄與研究院路2段98巷21弄口,0,0,1,3,B12,8,7,5,30,3,2,1,5,4,5,13,4,4,10,5,5,2,16,1,34,3,10,3,4,7,13,1,8,9,17,,44,,1,21,121.6153815,25.0449664
113,2,21,10,10,2,06松山區,松山區八德路3段158巷與光復南路46巷口,0,0,1,1,B01,8,6,5,30,4,1,1,5,4,5,13,4,4,10,5,5,2,15,1,53,3,10,7,1,7,9,1,4,1,8,,72,,1,21,121.5553642,25.04588662
113,2,21,10,10,2,06松山區,松山區八德路3段158巷與光復南路46巷口,0,0,1,2,C03,8,6,5,30,4,1,1,5,4,5,13,4,4,10,5,5,2,15,1,64,2,9,5,1,7,9,6,10,1,12,,42,,1,21,121.5553642,25.04588662
113,2,21,10,10,2,06松山區,松山區撫遠街與塔悠路口,0,0,2,1,B01,8,7,5,50,3,2,1,5,4,5,13,2,1,1,4,4,2,17,1,42,3,10,7,1,7,7,1,4,1,1,,107,,1,21,121.5682071,25.06826466
113,2,21,10,10,2,06松山區,松山區撫遠街與塔悠路口,0,0,2,2,B03,8,7,5,50,3,2,1,5,4,5,13,2,1,1,4,4,2,17,2,64,2,5,7,1,7,11,1,8,1,6,,44,,1,21,121.5682071,25.06826466
113,2,21,10,10,2,06松山區,松山區撫遠街與塔悠路口,0,0,2,3,H02,8,7,5,50,3,2,1,5,4,5,13,2,1,1,4,4,2,17,1,65,2,2,7,5,7,20,8,20,10,16,,67,,1,21,121.5682071,25.06826466
113,2,21,10,10,2,06松山區,松山區撫遠街與塔悠路口,0,0,2,4,B12,8,7,5,50,3,2,1,5,4,5,13,2,1,1,4,4,2,17,3,0,,,,,,,,,,,,67,,1,,121.5682071,25.06826466
113,2,21,10,10,2,06松山區,松山區撫遠街與塔悠路口,0,0,2,5,B03,8,7,5,50,3,2,1,5,4,5,13,2,1,1,4,4,2,17,3,29,,,,,,,,,,,,67,,1,,121.5682071,25.06826466
113,2,21,10,14,2,08士林區,士林區中山北路5段470巷與中山北路5段口,0,0,1,1,B03,8,6,5,50,3,1,1,5,4,5,13,4,4,4,3,5,1,16,1,51,3,10,7,1,7,6,1,8,1,6,,9,,1,22,121.5278629,25.0921822
113,2,21,10,14,2,08士林區,士林區中山北路5段470巷與中山北路5段口,0,0,1,2,C03,8,6,5,50,3,1,1,5,4,5,13,4,4,4,3,5,1,16,1,29,2,7,6,1,7,9,1,10,1,14,,14,,1,22,121.5278629,25.0921822
113,2,21,10,20,2,12內湖區,內湖區民權東路6段13-15號前,0,0,1,1,C03,8,6,5,50,14,9,1,5,4,5,13,4,4,1,4,5,2,13,1,56,2,9,5,1,7,21,1,10,1,11,,16,,1,21,121.5793757,25.06700928
113,2,21,10,20,2,12內湖區,內湖區民權東路6段13-15號前,0,0,1,2,B03,8,6,5,50,14,9,1,5,4,5,13,4,4,1,4,5,2,13,2,40,3,10,7,1,7,12,1,8,1,3,,44,,1,21,121.5793757,25.06700928
113,2,21,10,34,2,03中山區,中山區建國北路2段3巷17號,0,0,1,1,B03,8,7,5,30,14,9,1,5,4,5,13,4,4,10,5,5,2,17,1,48,3,10,7,1,7,14,1,8,1,2,,38,,1,22,121.5476094,25.0482045
113,2,21,10,34,2,03中山區,中山區建國北路2段3巷17號,0,0,1,2,C03,8,7,5,30,14,9,1,5,4,5,13,4,4,10,5,5,2,17,1,33,2,9,5,1,7,9,1,10,1,14,,44,,1,22,121.5476094,25.0482045
113,2,21,10,34,2,03中山區,中山區建國北路2段3巷17號,0,0,1,3,H02,8,7,5,30,14,9,1,5,4,5,13,4,4,10,5,5,2,17,1,39,3,10,4,5,7,19,8,20,10,16,,56,,1,22,121.5476094,25.0482045
113,2,21,10,34,2,03中山區,中山區龍江路91巷10號,0,0,1,1,B02,8,5,5,30,14,9,1,5,4,5,13,4,4,10,5,5,2,2,1,62,3,10,3,4,7,9,1,8,1,2,,108,,1,21,121.5412579,25.0513025
113,2,21,10,34,2,03中山區,中山區龍江路91巷10號,0,0,1,2,H01,8,5,5,30,14,9,1,5,4,5,13,4,4,10,5,5,2,2,1,42,2,7,4,5,8,16,8,20,1,16,,60,,1,21,121.5412579,25.0513025
113,2,21,10,37,2,07信義區,信義區永吉路278巷58弄與永吉路278巷口,0,0,1,1,B03,8,5,5,30,4,1,1,5,4,5,13,4,4,10,5,5,2,17,1,56,3,10,7,1,7,5,1,8,1,1,,119,,1,21,121.5740657,25.0434011
113,2,21,10,37,2,07信義區,信義區永吉路278巷58弄與永吉路278巷口,0,0,1,2,C03,8,5,5,30,4,1,1,5,4,5,13,4,4,10,5,5,2,17,2,63,2,8,5,1,7,15,1,10,1,11,,44,,1,21,121.5740657,25.0434011
113,2,21,11,14,2,01大同區,大同區民生西路423巷與民生西路口,0,0,1,1,B12,8,6,5,50,4,1,1,5,4,5,13,1,1,10,5,5,2,17,1,52,3,10,7,1,7,6,1,7,1,15,,9,,1,21,121.5088096,25.0569028
113,2,21,11,14,2,01大同區,大同區民生西路423巷與民生西路口,0,0,1,2,C03,8,6,5,50,4,1,1,5,4,5,13,1,1,10,5,5,2,17,2,57,2,8,6,1,7,6,1,10,1,15,,44,,1,21,121.5088096,25.0569028
113,2,21,11,22,2,05中正區,中正區杭州南路1段15號,0,0,1,1,F01,8,7,5,50,14,9,1,5,4,1,13,4,4,10,4,5,1,13,1,44,2,8,2,4,7,15,8,20,2,11,,108,,2,22,121.5267002,25.0432935
113,2,21,11,22,2,05中正區,中正區杭州南路1段15號,0,0,1,2,C03,8,7,5,50,14,9,1,5,4,1,13,4,4,10,4,5,1,13,1,37,3,10,6,1,7,14,1,10,2,13,,38,,1,22,121.5267002,25.0432935
113,2,21,11,22,2,05中正區,中正區杭州南路1段15號,0,0,1,3,C03,8,7,5,50,14,9,1,5,4,1,13,4,4,10,4,5,1,13,1,24,3,10,6,4,7,13,1,10,11,14,,44,,1,22,121.5267002,25.0432935