發生年度,發生月,發生日,發生時-Hours,發生分,處理別-編號,區序,肇事地點,死亡人數,2-30日死亡人數,受傷人數,當事人序號,車種,天候,道路照明設備,道路類別,速限-速度限制,道路型態,事故位置,路面狀況1,路面狀況2,路面狀況3,道路障礙1,道路障礙2,號誌1,號誌2,車道劃分-分向,車道劃分-分道1,車道劃分-分道2,車道劃分-分道3,事故類型及型態,性別,年齡,受傷程度,主要傷處,保護裝置,行動電話,車輛用途,當事者行動狀態,駕駛資格情形,駕駛執照種類,飲酒情形,車輛撞擊部位1,車輛撞擊部位2,肇因碼-個別,肇因碼-主要,個人肇逃否,職業,座標-X,座標-Y
113,2,21,11,22,2,05中正區,中正區杭州南路1段15號,0,0,1,4,C03,8,7,5,50,14,9,1,5,4,1,13,4,4,10,4,5,1,13,1,32,3,10,6,4,7,13,1,10,11,14,,44,,1,22,121.5267002,25.0432935
113,2,21,11,50,2,05中正區,中正區南昌路2段與南昌路2段42巷口口,0,0,1,1,B12,8,6,5,50,3,1,1,5,4,5,13,4,4,9,5,5,1,17,1,77,3,10,7,1,7,2,1,8,2,7,,12,,1,21,121.5202296,25.02749203
113,2,21,11,50,2,05中正區,中正區南昌路2段與南昌路2段42巷口口,0,0,1,2,C03,8,6,5,50,3,1,1,5,4,5,13,4,4,9,5,5,1,17,1,80,2,7,6,1,7,9,1,10,2,11,,108,,1,21,121.5202296,25.02749203
113,2,21,12,59,2,02萬華區,萬華區西藏路與西園路2段口,0,0,1,1,B12,7,6,5,0,4,1,1,5,4,5,13,1,1,1,3,5,1,16,1,56,3,10,3,4,7,5,1,8,1,2,,71,,1,21,121.4956456,25.028624
113,2,21,12,59,2,02萬華區,萬華區西藏路與西園路2段口,0,0,1,2,C03,7,6,5,0,4,1,1,5,4,5,13,1,1,1,3,5,1,16,2,47,2,7,3,4,7,9,1,10,1,11,,44,,1,21,121.4956456,25.028624
113,2,21,13,39,2,03中山區,中山區民權東路3段60巷3弄與復興北路402巷8弄口,0,0,1,1,F01,8,7,5,30,3,1,1,5,4,5,13,4,4,10,5,5,2,16,2,41,2,9,4,1,7,9,8,20,1,11,,4,,1,22,121.5436314,25.0614167
113,2,21,13,39,2,03中山區,中山區民權東路3段60巷3弄與復興北路402巷8弄口,0,0,1,2,B03,8,7,5,30,3,1,1,5,4,5,13,4,4,10,5,5,2,16,1,43,3,10,7,1,7,6,1,8,1,8,,80,,1,22,121.5436314,25.0614167
113,2,21,13,50,2,02萬華區,萬華區西昌街206號,0,0,1,1,C03,8,6,5,50,14,9,1,5,4,5,13,4,4,9,5,5,2,2,2,45,4,11,6,1,7,9,3,18,11,12,,108,,1,21,121.5004907,25.0373018
113,2,21,13,50,2,02萬華區,萬華區西昌街206號,0,0,1,2,H01,8,6,5,50,14,9,1,5,4,5,13,4,4,9,5,5,2,2,2,88,2,1,4,5,8,16,8,20,10,16,,67,,1,21,121.5004907,25.0373018
113,2,21,13,53,2,04大安區,大安區敦化南路1段187巷與忠孝東路4段147巷口,0,0,1,1,B01,8,7,5,30,4,1,1,5,4,5,13,4,4,10,5,5,2,15,1,61,3,10,3,4,7,9,1,4,1,1,,72,,1,21,121.5496716,25.0426087
113,2,21,13,53,2,04大安區,大安區敦化南路1段187巷與忠孝東路4段147巷口,0,0,1,2,C03,8,7,5,30,4,1,1,5,4,5,13,4,4,10,5,5,2,15,2,48,2,8,3,4,7,9,1,10,1,12,,108,,1,21,121.5496716,25.0426087
113,2,21,15,25,2,05中正區,中正區杭州南路2段與潮州街口口,0,0,2,1,C03,8,6,5,50,4,2,1,5,4,5,13,1,1,5,5,5,1,17,1,82,2,8,6,1,7,1,1,10,2,14,,19,,1,21,121.5219972,25.02974138
113,2,21,15,25,2,05中正區,中正區杭州南路2段與潮州街口口,0,0,2,2,C03,8,6,5,50,4,2,1,5,4,5,13,1,1,5,5,5,1,17,1,30,2,7,6,1,7,9,1,10,2,11,,44,,1,21,121.5219972,25.02974138
113,2,21,15,25,2,05中正區,中正區杭州南路2段與潮州街口口,0,0,2,3,C03,8,6,5,50,4,2,1,5,4,5,13,1,1,5,5,5,1,17,1,25,3,10,3,1,7,13,1,10,11,12,,44,,1,21,121.5219972,25.02974138
113,2,21,15,39,2,07信義區,信義區基隆路1段與基隆路1段102巷口,0,0,1,1,B01,8,7,5,50,3,1,1,5,4,5,13,4,4,10,4,5,2,16,1,36,3,10,3,4,7,6,1,4,2,5,,9,,1,21,121.566789,25.0453243
113,2,21,15,39,2,07信義區,信義區基隆路1段與基隆路1段102巷口,0,0,1,2,C03,8,7,5,50,3,1,1,5,4,5,13,4,4,10,4,5,2,16,2,65,2,9,3,4,7,9,1,10,2,14,,44,,1,21,121.566789,25.0453243
113,2,21,15,40,2,03中山區,中山區中山北路2段與民生東路1段口,0,0,2,1,C03,7,7,5,50,4,1,1,5,4,5,13,2,1,1,4,5,2,16,1,22,3,10,6,4,7,6,1,10,1,13,,9,,1,21,121.5229912,25.0579044
113,2,21,15,40,2,03中山區,中山區中山北路2段與民生東路1段口,0,0,2,2,C03,7,7,5,50,4,1,1,5,4,5,13,2,1,1,4,5,2,16,1,25,2,9,6,4,7,9,1,10,1,11,,44,,1,21,121.5229912,25.0579044
113,2,21,15,40,2,03中山區,中山區中山北路2段與民生東路1段口,0,0,2,3,H02,7,7,5,50,4,1,1,5,4,5,13,2,1,1,4,5,2,16,2,27,2,9,6,5,7,20,8,20,10,16,,67,,1,21,121.5229912,25.0579044
113,2,21,16,20,2,10文山區,文山區老泉街43號,0,0,1,1,B12,7,7,5,30,11,9,1,5,4,5,13,4,4,10,5,5,2,17,1,68,3,10,7,1,7,5,1,8,1,8,,5,,1,21,121.5664943,24.9791693
113,2,21,16,20,2,10文山區,文山區老泉街43號,0,0,1,2,F01,7,7,5,30,11,9,1,5,4,5,13,4,4,10,5,5,2,17,1,42,2,9,4,1,7,6,8,20,1,11,,14,,1,21,121.5664943,24.9791693
113,2,21,16,30,2,07信義區,信義區中坡南路10號與無名巷口,0,0,1,1,F01,8,7,5,30,3,2,1,5,4,5,13,4,4,10,5,5,2,15,2,12,2,7,4,1,7,15,8,20,1,12,,72,,1,14,121.5824539,25.0437392
113,2,21,16,30,2,07信義區,信義區中坡南路10號與無名巷口,0,0,1,2,B03,8,7,5,30,3,2,1,5,4,5,13,4,4,10,5,5,2,15,1,61,3,10,7,1,7,9,1,8,1,5,,44,,1,21,121.5824539,25.0437392
113,2,21,16,53,2,03中山區,中山區樂群二路與敬業四路口,0,0,1,1,C03,8,6,5,50,3,2,1,5,4,5,13,2,1,3,4,5,2,16,2,22,2,9,6,1,7,5,1,10,1,13,,8,,1,21,121.558377,25.0799124
113,2,21,16,53,2,03中山區,中山區樂群二路與敬業四路口,0,0,1,2,B03,8,6,5,50,3,2,1,5,4,5,13,2,1,3,4,5,2,16,1,45,3,10,7,1,7,9,1,8,1,5,,44,,1,21,121.558377,25.0799124
113,2,21,17,20,2,08士林區,士林區德行東路與德行東路46巷口,0,0,2,1,C03,8,6,5,50,4,2,1,5,4,5,13,4,4,9,5,5,1,13,1,27,2,9,5,1,7,9,1,9,2,11,,107,,1,21,121.5261202,25.106893
113,2,21,17,20,2,08士林區,士林區德行東路與德行東路46巷口,0,0,2,2,B03,8,6,5,50,4,2,1,5,4,5,13,4,4,9,5,5,1,13,2,43,3,10,7,1,7,14,1,8,2,6,,44,,1,21,121.5261202,25.106893
113,2,21,17,20,2,08士林區,士林區德行東路與德行東路46巷口,0,0,2,3,H02,8,6,5,50,4,2,1,5,4,5,13,4,4,9,5,5,1,13,2,27,2,7,5,5,7,20,8,20,10,16,,67,,1,21,121.5261202,25.106893
113,2,21,17,20,2,12內湖區,內湖區內湖路2段179巷與無名巷口口,0,0,1,1,C03,8,5,5,30,14,9,1,5,4,5,13,4,4,10,5,5,2,10,2,40,2,9,5,1,7,9,1,10,1,11,,108,,1,21,121.5872845,25.08175701
113,2,21,17,20,2,12內湖區,內湖區內湖路2段179巷與無名巷口口,0,0,1,2,B03,8,5,5,30,14,9,1,5,4,5,13,4,4,10,5,5,2,10,2,57,3,10,7,1,7,9,1,8,1,8,,5,,1,21,121.5872845,25.08175701
113,2,21,17,52,2,12內湖區,內湖區成功路3段與星雲街口,0,0,1,1,F01,8,5,5,40,4,1,1,5,4,5,13,2,1,9,4,5,2,13,2,65,2,9,4,1,7,6,8,20,2,11,,16,,1,21,121.5900844,25.07751223
113,2,21,17,52,2,12內湖區,內湖區成功路3段與星雲街口,0,0,1,2,B03,8,5,5,40,4,1,1,5,4,5,13,2,1,9,4,5,2,13,1,40,3,10,7,1,7,6,1,8,2,3,,44,,1,21,121.5900844,25.07751223
113,2,21,17,52,2,12內湖區,內湖區成功路3段與星雲街口,0,0,1,3,C03,8,5,5,40,4,1,1,5,4,5,13,2,1,9,4,5,2,13,1,25,3,10,6,1,7,6,1,10,2,17,,44,,1,21,121.5900844,25.07751223
113,2,21,17,53,2,06松山區,松山區民族東路與民權東路3段口,0,0,2,1,C03,8,5,5,50,3,1,1,5,4,5,13,4,4,1,4,5,2,13,2,36,2,9,6,1,7,9,1,10,1,11,,101,,1,21,121.5500965,25.061746
113,2,21,17,53,2,06松山區,松山區民族東路與民權東路3段口,0,0,2,2,C03,8,5,5,50,3,1,1,5,4,5,13,4,4,1,4,5,2,13,2,46,3,10,6,1,7,9,1,10,1,13,,101,,1,21,121.5500965,25.061746
113,2,21,17,53,2,06松山區,松山區民族東路與民權東路3段口,0,0,2,3,H02,8,5,5,50,3,1,1,5,4,5,13,4,4,1,4,5,2,13,2,26,2,7,6,5,7,20,8,20,10,16,,58,,1,22,121.5500965,25.061746
113,2,21,17,58,2,12內湖區,內湖區安康路258號對面,0,0,1,1,B03,8,5,5,50,14,9,1,5,4,5,13,4,4,9,5,5,2,17,1,37,3,10,3,4,7,13,1,2,1,4,,40,,1,21,121.6042203,25.06325211
113,2,21,17,58,2,12內湖區,內湖區安康路258號對面,0,0,1,2,C03,8,5,5,50,14,9,1,5,4,5,13,4,4,9,5,5,2,17,2,47,2,9,5,1,7,9,1,8,1,12,,44,,1,21,121.6042203,25.06325211
113,2,21,18,24,2,08士林區,士林區華岡路47巷與華岡路47巷2弄口,0,0,2,1,B03,8,5,5,30,3,1,1,5,4,5,13,4,4,10,5,5,2,17,1,22,3,10,3,4,7,6,1,8,1,8,,74,,1,21,121.5418309,25.1378437
113,2,21,18,24,2,08士林區,士林區華岡路47巷與華岡路47巷2弄口,0,0,2,2,C03,8,5,5,30,3,1,1,5,4,5,13,4,4,10,5,5,2,17,1,23,2,9,6,1,7,9,1,10,1,13,,14,,1,21,121.5418309,25.1378437
113,2,21,18,24,2,08士林區,士林區華岡路47巷與華岡路47巷2弄口,0,0,2,3,H02,8,5,5,30,3,1,1,5,4,5,13,4,4,10,5,5,2,17,1,22,2,7,6,5,7,20,8,20,10,16,,67,,1,21,121.5418309,25.1378437
113,2,21,18,40,2,12內湖區,內湖區安康路22巷與安康路32巷24弄口,0,0,2,1,C03,7,5,6,30,3,1,1,5,4,5,13,4,4,5,5,5,2,16,2,30,2,8,6,4,7,9,1,10,1,11,,108,,1,22,121.5936643,25.0619442
113,2,21,18,40,2,12內湖區,內湖區安康路22巷與安康路32巷24弄口,0,0,2,2,C03,7,5,6,30,3,1,1,5,4,5,13,4,4,5,5,5,2,16,1,22,2,9,6,4,7,5,1,10,1,12,,8,,1,22,121.5936643,25.0619442
113,2,21,19,0,2,09北投區,北投區承德路6段第1203711號燈桿,0,0,1,1,C03,7,5,5,60,14,7,1,5,4,5,13,4,4,1,4,4,2,13,1,34,2,8,5,1,7,9,1,10,1,11,,16,,1,21,121.5117372,25.1082846
113,2,21,19,0,2,09北投區,北投區承德路6段第1203711號燈桿,0,0,1,2,B03,7,5,5,60,14,7,1,5,4,5,13,4,4,1,4,4,2,13,1,43,3,10,7,1,7,12,1,8,1,3,,44,,1,21,121.5117372,25.1082846
113,2,21,19,0,2,09北投區,北投區承德路6段第1203711號燈桿,0,0,1,3,,7,5,5,60,14,7,1,5,4,5,13,4,4,1,4,4,2,13,3,0,,,,,,,,,,,,67,,1,,121.5117372,25.1082846
113,2,21,19,4,2,09北投區,北投區稻香路與重三路口,0,0,1,1,C03,8,5,5,50,3,1,1,5,4,5,13,4,4,5,5,5,2,16,2,73,2,8,6,1,7,5,1,10,2,12,,74,,1,21,121.489594,25.1402004
113,2,21,19,4,2,09北投區,北投區稻香路與重三路口,0,0,1,2,C03,8,5,5,50,3,1,1,5,4,5,13,4,4,5,5,5,2,16,1,43,3,10,6,1,7,9,1,10,2,11,,14,,1,21,121.489594,25.1402004
113,2,21,19,4,2,11南港區,南港區永吉路541號,0,0,2,1,C03,8,5,5,40,14,8,1,5,4,5,13,4,4,5,4,4,2,12,2,60,2,8,5,1,7,1,1,10,1,13,,19,,1,21,121.5811668,25.04541366
113,2,21,19,4,2,11南港區,南港區永吉路541號,0,0,2,2,C03,8,5,5,40,14,8,1,5,4,5,13,4,4,5,4,4,2,12,1,48,2,9,5,4,7,8,1,10,1,11,,100,,1,21,121.5811668,25.04541366
113,2,21,19,43,2,05中正區,中正區西藏路與中華路2段315巷5弄口,0,0,1,1,C03,8,5,5,30,4,1,1,5,4,1,11,1,1,1,4,5,2,15,1,70,2,9,5,1,7,15,1,10,2,11,,98,,1,22,121.5050745,25.0301071
113,2,21,19,43,2,05中正區,中正區西藏路與中華路2段315巷5弄口,0,0,1,2,B03,8,5,5,30,4,1,1,5,4,1,11,1,1,1,4,5,2,15,1,51,3,10,7,1,7,9,1,8,2,8,,13,,1,22,121.5050745,25.0301071
113,2,21,19,43,2,05中正區,中正區西藏路與中華路2段315巷5弄口,0,0,1,3,H02,8,5,5,30,4,1,1,5,4,1,11,1,1,1,4,5,2,15,2,68,4,11,5,5,7,20,8,20,10,16,,67,,1,22,121.5050745,25.0301071
113,2,21,19,46,2,05中正區,中正區和平西路2段與莒光路口,0,0,1,1,C03,8,5,5,30,3,1,1,5,4,5,13,1,1,1,4,4,2,12,1,30,3,10,5,4,7,15,1,10,1,11,,8,,1,21,121.5081736,25.0312469
113,2,21,19,46,2,05中正區,中正區和平西路2段與莒光路口,0,0,1,2,C03,8,5,5,30,3,1,1,5,4,5,13,1,1,1,4,4,2,12,2,36,2,9,5,4,7,9,1,10,1,12,,108,,1,21,121.5081736,25.0312469
113,2,21,20,25,2,05中正區,中正區八德路1段42號,0,0,2,1,C03,7,5,5,50,14,9,1,5,4,5,13,3,1,5,4,5,2,3,1,27,2,9,6,1,7,9,1,10,2,11,,70,,1,22,121.5306729,25.043779
113,2,21,20,25,2,05中正區,中正區八德路1段42號,0,0,2,2,H01,7,5,5,50,14,9,1,5,4,5,13,3,1,5,4,5,2,3,2,57,2,9,4,5,8,18,8,20,10,16,,67,,1,22,121.5306729,25.043779
113,2,21,21,39,2,07信義區,信義區松壽路12號對面,0,0,1,1,B01,8,5,5,50,14,9,1,5,4,5,13,4,4,5,4,5,2,9,2,63,3,10,7,1,7,9,1,4,1,2,,44,,1,21,121.5657818,25.0359379
113,2,21,21,39,2,07信義區,信義區松壽路12號對面,0,0,1,2,H02,8,5,5,50,14,9,1,5,4,5,13,4,4,5,4,5,2,9,1,43,3,10,7,5,7,20,8,20,10,16,,126,,1,21,121.5657818,25.0359379
113,2,21,21,39,2,07信義區,信義區松壽路12號對面,0,0,1,3,C03,8,5,5,50,14,9,1,5,4,5,13,4,4,5,4,5,2,9,1,31,3,10,6,1,7,9,1,10,1,14,,44,,1,21,121.5657818,25.0359379
113,2,21,21,39,2,07信義區,信義區松壽路12號對面,0,0,1,4,H02,8,5,5,50,14,9,1,5,4,5,13,4,4,5,4,5,2,9,2,21,2,9,6,5,7,20,8,20,10,16,,67,,1,21,121.5657818,25.0359379
113,2,21,21,48,2,03中山區,中山區長春路與建國北路2段口,0,0,1,1,B01,7,5,5,50,4,1,1,5,4,5,12,1,1,5,4,4,2,17,1,39,3,10,3,4,7,5,1,4,2,17,,71,,1,21,121.5370796,25.0547962
113,2,21,21,48,2,03中山區,中山區長春路與建國北路2段口,0,0,1,2,C03,7,5,5,50,4,1,1,5,4,5,12,1,1,5,4,4,2,17,1,33,2,9,3,4,7,9,1,10,2,17,,13,,1,21,121.5370796,25.0547962
113,2,21,22,31,2,06松山區,松山區民權大橋東往西,0,0,5,1,C03,7,5,5,40,14,11,1,5,4,5,13,4,4,1,2,5,2,13,1,20,2,9,6,1,7,9,1,10,2,11,,17,,1,21,121.5678959,25.06363276
113,2,21,22,31,2,06松山區,松山區民權大橋東往西,0,0,5,2,C04,7,5,5,40,14,11,1,5,4,5,13,4,4,1,2,5,2,13,2,35,2,8,6,1,7,9,1,8,2,13,,44,,1,21,121.5678959,25.06363276
113,2,21,22,31,2,06松山區,松山區民權大橋東往西,0,0,5,3,C03,7,5,5,40,14,11,1,5,4,5,13,4,4,1,2,5,2,13,1,20,2,9,6,1,7,9,1,10,2,11,,44,,1,21,121.5678959,25.06363276
113,2,21,22,31,2,06松山區,松山區民權大橋東往西,0,0,5,4,H02,7,5,5,40,14,11,1,5,4,5,13,4,4,1,2,5,2,13,2,23,2,9,6,5,7,17,8,20,10,16,,67,,1,21,121.5678959,25.06363276
113,2,21,22,31,2,06松山區,松山區民權大橋東往西,0,0,5,5,H02,7,5,5,40,14,11,1,5,4,5,13,4,4,1,2,5,2,13,2,23,2,9,6,5,7,17,8,20,10,16,,67,,1,21,121.5678959,25.06363276
113,2,21,23,5,2,10文山區,文山區辛亥路4段與萬美街2段口口,0,0,1,1,B03,7,5,5,50,3,1,1,5,4,5,13,2,1,5,2,5,2,13,1,20,3,10,7,1,7,9,1,8,1,1,,108,,1,21,121.5581148,25.0061268
113,2,21,23,5,2,10文山區,文山區辛亥路4段與萬美街2段口口,0,0,1,2,C03,7,5,5,50,3,1,1,5,4,5,13,2,1,5,2,5,2,13,1,46,2,9,6,1,7,14,1,10,1,13,,44,,1,21,121.5581148,25.0061268
113,2,22,1,40,2,10文山區,文山區木柵路4段26號,0,0,1,1,C03,8,5,5,50,14,9,1,5,4,5,13,4,4,9,4,5,1,18,1,21,2,9,5,1,7,9,1,10,1,14,,118,,1,25,121.5734625,24.9971433
113,2,22,1,40,2,10文山區,文山區木柵路4段26號,0,0,1,2,,8,5,5,50,14,9,1,5,4,5,13,4,4,9,4,5,1,18,3,0,,,,,,,,,,,,67,,1,,121.5734625,24.9971433
113,2,22,5,38,2,01大同區,大同區錦西街與雙連街口,0,0,1,1,B12,8,6,5,50,3,2,1,5,4,5,12,3,1,9,5,5,2,3,1,66,3,10,7,4,7,5,1,8,2,5,,70,,1,22,121.5187238,25.0601583
113,2,22,5,38,2,01大同區,大同區錦西街與雙連街口,0,0,1,2,H01,8,6,5,50,3,2,1,5,4,5,12,3,1,9,5,5,2,3,2,75,2,9,4,5,8,16,8,20,10,16,,67,,1,22,121.5187238,25.0601583
113,2,22,5,50,2,12內湖區,內湖區民權東路6段與民權東路5段90巷口,0,0,3,1,C03,8,5,5,50,3,2,1,5,4,5,13,1,1,1,3,5,1,12,1,67,2,9,3,4,7,8,1,10,1,12,,100,,1,22,121.5864818,25.06913075
113,2,22,5,50,2,12內湖區,內湖區民權東路6段與民權東路5段90巷口,0,0,3,2,C03,8,5,5,50,3,2,1,5,4,5,13,1,1,1,3,5,1,12,1,60,2,9,3,4,7,9,1,10,1,14,,44,,1,22,121.5864818,25.06913075
113,2,22,5,50,2,12內湖區,內湖區民權東路6段與民權東路5段90巷口,0,0,3,3,H02,8,5,5,50,3,2,1,5,4,5,13,1,1,1,3,5,1,12,2,60,2,9,3,5,7,20,8,20,10,16,,67,,1,22,121.5864818,25.06913075
113,2,22,6,50,2,06松山區,松山區南京東路5段23巷與南京東路5段59巷28弄口,0,0,1,1,B03,8,6,5,30,4,1,1,5,4,5,13,4,4,10,5,5,2,15,2,57,3,10,7,1,7,9,1,8,1,8,,14,,1,21,121.5580389,25.0526227
113,2,22,6,50,2,06松山區,松山區南京東路5段23巷與南京東路5段59巷28弄口,0,0,1,2,C03,8,6,5,30,4,1,1,5,4,5,13,4,4,10,5,5,2,15,2,60,2,9,5,1,7,9,1,10,1,11,,108,,1,21,121.5580389,25.0526227
113,2,22,7,20,2,10文山區,文山區木柵路3段與木柵路3段48巷口,0,0,1,1,B03,8,7,5,50,4,2,1,5,4,5,13,2,1,10,5,5,2,3,1,32,3,10,7,1,7,5,1,8,2,1,,70,,1,21,121.5651974,24.9884133
113,2,22,7,20,2,10文山區,文山區木柵路3段與木柵路3段48巷口,0,0,1,2,H01,8,7,5,50,4,2,1,5,4,5,13,2,1,10,5,5,2,3,2,85,2,9,4,5,8,16,8,20,10,17,,67,,1,21,121.5651974,24.9884133
113,2,22,7,20,2,07信義區,信義區吳興街131號,0,0,1,1,F01,8,7,5,30,14,9,1,5,4,5,13,4,4,9,4,5,2,18,2,62,2,9,4,1,7,15,8,20,1,14,,44,,1,21,121.5616316,25.0295875
113,2,22,7,20,2,07信義區,信義區吳興街131號,0,0,1,2,,8,7,5,30,14,9,1,5,4,5,13,4,4,9,4,5,2,18,3,0,,,,,,,,,,,,67,,1,,121.5616316,25.0295875
113,2,22,7,35,2,02萬華區,萬華區堤外便道近果菜市場停車場二區,0,0,2,1,G06,7,6,5,50,14,9,1,5,4,5,13,4,4,5,4,5,1,17,1,45,3,10,3,4,7,13,7,19,2,17,,30,,1,21,121.4946162,25.02763978
113,2,22,7,35,2,02萬華區,萬華區堤外便道近果菜市場停車場二區,0,0,2,2,C03,7,6,5,50,14,9,1,5,4,5,13,4,4,5,4,5,1,17,1,46,2,9,6,1,7,9,1,10,2,15,,44,,1,21,121.4946162,25.02763978
113,2,22,7,35,2,02萬華區,萬華區堤外便道近果菜市場停車場二區,0,0,2,3,C03,7,6,5,50,14,9,1,5,4,5,13,4,4,5,4,5,1,17,1,38,2,9,6,1,7,9,1,10,2,13,,44,,1,21,121.4946162,25.02763978
113,2,22,7,51,2,04大安區,大安區復興南路2段112號對面,0,0,2,1,C03,8,5,5,50,14,9,1,5,4,5,13,4,4,8,4,5,2,11,2,42,2,9,5,1,7,8,1,10,1,12,,100,,1,22,121.5436562,25.0296987
113,2,22,7,51,2,04大安區,大安區復興南路2段112號對面,0,0,2,2,C03,8,5,5,50,14,9,1,5,4,5,13,4,4,8,4,5,2,11,1,26,2,7,5,1,7,9,1,10,1,14,,13,,1,22,121.5436562,25.0296987
113,2,22,7,54,2,04大安區,大安區建國南路1段105號(億光停車場),0,0,1,1,C03,8,5,5,50,14,9,1,5,4,5,13,4,4,10,3,5,1,17,1,40,2,9,3,4,7,15,1,10,1,11,,44,,1,21,121.5366467,25.0436785
113,2,22,7,54,2,04大安區,大安區建國南路1段105號(億光停車場),0,0,1,2,B03,8,5,5,50,14,9,1,5,4,5,13,4,4,10,3,5,1,17,1,55,3,10,3,4,7,1,1,8,1,1,,19,,1,21,121.5366467,25.0436785
113,2,22,7,54,2,10文山區,文山區忠順街2段與忠順街2段90巷口,0,0,2,1,C03,7,6,5,50,3,1,1,5,4,5,13,4,4,10,5,5,2,17,1,28,2,9,3,4,7,5,1,10,2,14,,72,,1,22,121.5658339,24.9850453
113,2,22,7,54,2,10文山區,文山區忠順街2段與忠順街2段90巷口,0,0,2,2,C03,7,6,5,50,3,1,1,5,4,5,13,4,4,10,5,5,2,17,1,18,2,9,3,4,7,9,1,10,2,11,,13,,1,22,121.5658339,24.9850453
113,2,22,7,54,2,10文山區,文山區忠順街2段與忠順街2段90巷口,0,0,2,3,H02,7,6,5,50,3,1,1,5,4,5,13,4,4,10,5,5,2,17,2,16,2,9,3,5,7,20,8,20,10,16,,67,,1,22,121.5658339,24.9850453
113,2,22,8,4,2,01大同區,大同區哈密街與哈密街59巷口往北,0,0,3,1,B03,8,6,5,30,14,9,1,5,4,5,13,4,4,9,5,5,2,17,2,34,3,10,7,1,7,15,1,8,1,8,,99,,1,21,121.5158213,25.07337089
113,2,22,8,4,2,01大同區,大同區哈密街與哈密街59巷口往北,0,0,3,2,C03,8,6,5,30,14,9,1,5,4,5,13,4,4,9,5,5,2,17,1,49,2,9,6,1,7,9,1,9,1,14,,44,,1,21,121.5158213,25.07337089
113,2,22,8,4,2,01大同區,大同區哈密街與哈密街59巷口往北,0,0,3,3,C03,8,6,5,30,14,9,1,5,4,5,13,4,4,9,5,5,2,17,2,37,2,9,6,1,7,9,1,10,1,14,,44,,1,21,121.5158213,25.07337089
113,2,22,8,4,2,01大同區,大同區哈密街與哈密街59巷口往北,0,0,3,4,C03,8,6,5,30,14,9,1,5,4,5,13,4,4,9,5,5,2,17,2,54,3,10,3,4,7,15,1,10,1,13,,44,,1,21,121.5158213,25.07337089
113,2,22,8,4,2,01大同區,大同區哈密街與哈密街59巷口往北,0,0,3,5,H02,8,6,5,30,14,9,1,5,4,5,13,4,4,9,5,5,2,17,1,4,2,7,6,5,7,21,8,20,10,16,,67,,1,21,121.5158213,25.07337089
113,2,22,8,4,2,01大同區,大同區哈密街與哈密街59巷口往北,0,0,3,6,B03,8,6,5,30,14,9,1,5,4,5,13,4,4,9,5,5,2,17,1,40,3,10,3,4,7,13,1,8,11,15,,38,,1,21,121.5158213,25.07337089
113,2,22,8,21,2,03中山區,中山區中山北路1段與華陰街口,0,0,1,1,B13,7,5,5,50,3,1,1,5,4,5,13,4,4,1,4,5,2,16,1,46,3,10,7,1,7,6,1,8,2,2,,9,,1,21,121.5210133,25.0489491
113,2,22,8,21,2,03中山區,中山區中山北路1段與華陰街口,0,0,1,2,C03,7,5,5,50,3,1,1,5,4,5,13,4,4,1,4,5,2,16,1,30,2,8,6,1,7,9,1,10,2,11,,13,,1,21,121.5210133,25.0489491
113,2,22,8,41,2,02萬華區,萬華區康定路與桂林路口,0,0,2,1,C03,7,7,5,50,4,1,1,5,4,5,13,1,1,8,3,5,2,15,1,26,2,9,5,4,7,9,1,10,1,11,,81,,1,22,121.5018156,25.0383786
113,2,22,8,41,2,02萬華區,萬華區康定路與桂林路口,0,0,2,2,C03,7,7,5,50,4,1,1,5,4,5,13,1,1,8,3,5,2,15,1,28,2,9,5,4,7,15,1,10,1,12,,44,,1,22,121.5018156,25.0383786
113,2,22,8,59,2,08士林區,士林區華齡街175號66號停車格,0,0,1,1,B03,8,6,5,50,14,9,1,5,4,5,13,4,4,4,5,5,1,17,1,58,3,10,7,1,7,15,1,8,2,4,,40,,1,21,121.5194953,25.0871341
113,2,22,8,59,2,08士林區,士林區華齡街175號66號停車格,0,0,1,2,C03,8,6,5,50,14,9,1,5,4,5,13,4,4,4,5,5,1,17,1,49,2,9,5,2,7,9,1,10,2,11,,108,,1,21,121.5194953,25.0871341
113,2,22,8,59,2,09北投區,北投區中山北路7段219巷3弄47號,0,0,1,1,B03,8,7,5,30,14,9,1,5,4,5,13,4,4,10,5,5,2,16,2,41,3,10,7,1,7,1,1,8,1,1,,19,,1,22,121.5308628,25.12726879
113,2,22,8,59,2,09北投區,北投區中山北路7段219巷3弄47號,0,0,1,2,C03,8,7,5,30,14,9,1,5,4,5,13,4,4,10,5,5,2,16,2,33,2,9,5,1,7,9,1,10,1,12,,44,,1,22,121.5308628,25.12726879
113,2,22,9,3,2,04大安區,大安區通化街與通化街39巷口,0,0,1,1,C03,7,6,5,30,4,2,1,5,4,5,13,4,4,5,5,5,2,17,1,83,2,7,6,4,7,5,6,18,1,12,,17,,1,22,121.5542091,25.0307787
113,2,22,9,3,2,04大安區,大安區通化街與通化街39巷口,0,0,1,2,B03,7,6,5,30,4,2,1,5,4,5,13,4,4,5,5,5,2,17,1,65,3,10,3,4,7,9,1,8,1,4,,94,,1,22,121.5542091,25.0307787
113,2,22,9,12,2,08士林區,士林區至誠路2段102號,0,0,1,1,B03,8,6,5,50,14,9,1,5,4,5,13,4,4,9,5,5,2,16,1,31,3,10,7,1,7,9,1,8,1,5,,108,,1,21,121.5274345,25.1013175