發生年度,發生月,發生日,發生時-Hours,發生分,處理別-編號,區序,肇事地點,死亡人數,2-30日死亡人數,受傷人數,當事人序號,車種,天候,道路照明設備,道路類別,速限-速度限制,道路型態,事故位置,路面狀況1,路面狀況2,路面狀況3,道路障礙1,道路障礙2,號誌1,號誌2,車道劃分-分向,車道劃分-分道1,車道劃分-分道2,車道劃分-分道3,事故類型及型態,性別,年齡,受傷程度,主要傷處,保護裝置,行動電話,車輛用途,當事者行動狀態,駕駛資格情形,駕駛執照種類,飲酒情形,車輛撞擊部位1,車輛撞擊部位2,肇因碼-個別,肇因碼-主要,個人肇逃否,職業,座標-X,座標-Y
113,2,22,9,12,2,08士林區,士林區至誠路2段102號,0,0,1,2,F01,8,6,5,50,14,9,1,5,4,5,13,4,4,9,5,5,2,16,1,84,2,9,4,1,7,1,8,20,1,15,,19,,1,21,121.5274345,25.1013175
113,2,22,9,25,2,07信義區,信義區松勤街100號,0,0,1,1,B03,8,6,5,50,14,9,1,5,4,5,13,4,4,9,4,5,2,13,1,38,3,10,7,1,7,9,1,8,1,1,,108,,1,21,121.5667346,25.0319776
113,2,22,9,25,2,07信義區,信義區松勤街100號,0,0,1,2,C03,8,6,5,50,14,9,1,5,4,5,13,4,4,9,4,5,2,13,1,25,2,8,5,1,7,14,1,10,1,13,,44,,1,21,121.5667346,25.0319776
113,2,22,9,26,2,05中正區,中正區羅斯福路3段272號,0,0,1,1,B01,8,6,5,50,14,9,1,5,4,3,13,4,4,3,4,5,2,17,1,59,3,10,7,1,7,8,1,4,11,7,,100,,2,21,121.5319397,25.0169348
113,2,22,9,26,2,05中正區,中正區羅斯福路3段272號,0,0,1,2,C03,8,6,5,50,14,9,1,5,4,3,13,4,4,3,4,5,2,17,1,20,2,9,5,1,7,9,1,10,1,11,,108,,1,21,121.5319397,25.0169348
113,2,22,9,26,2,05中正區,中正區羅斯福路3段272號,0,0,1,3,B12,8,6,5,50,14,9,1,5,4,3,13,4,4,3,4,5,2,17,3,0,,,,,,,,,10,,,67,,1,,121.5319397,25.0169348
113,2,22,9,35,2,08士林區,士林區福華路與磺溪街21巷口,0,0,1,1,B03,8,6,5,50,14,9,1,5,4,5,13,1,1,9,4,5,1,17,1,29,3,10,7,1,7,9,1,8,2,1,,108,,1,21,121.5215795,25.10616023
113,2,22,9,35,2,08士林區,士林區福華路與磺溪街21巷口,0,0,1,2,G06,8,6,5,50,14,9,1,5,4,5,13,1,1,9,4,5,1,17,2,76,2,8,2,4,7,14,8,20,2,13,,42,,1,21,121.5215795,25.10616023
113,2,22,9,44,2,12內湖區,內湖區內湖路1段91巷與堤頂大道2段口,0,0,2,1,C03,8,5,5,50,4,1,1,5,4,5,13,1,1,1,4,5,2,16,2,28,2,9,6,1,7,8,1,10,1,12,,100,,1,21,121.5612178,25.08452475
113,2,22,9,44,2,12內湖區,內湖區內湖路1段91巷與堤頂大道2段口,0,0,2,2,C03,8,5,5,50,4,1,1,5,4,5,13,1,1,1,4,5,2,16,1,40,2,9,6,1,7,9,1,10,1,11,,44,,1,21,121.5612178,25.08452475
113,2,22,9,45,2,08士林區,士林區承德路5段與士商路口,0,0,1,1,B03,8,6,5,40,4,2,1,5,4,5,13,2,1,1,4,4,1,17,1,42,3,10,7,1,7,6,1,8,1,2,,9,,1,21,121.514234,25.09605519
113,2,22,9,45,2,08士林區,士林區承德路5段與士商路口,0,0,1,2,C03,8,6,5,40,4,2,1,5,4,5,13,2,1,1,4,4,1,17,1,20,2,9,5,1,7,9,1,10,1,11,,13,,1,21,121.514234,25.09605519
113,2,22,11,0,2,12內湖區,內湖區民權東路6段191巷62弄與民權東路6段175巷口,0,0,1,1,C03,8,6,5,30,3,2,1,5,4,5,13,4,4,10,5,5,2,17,1,38,3,10,5,1,7,9,1,10,1,11,,108,,1,21,121.5972343,25.06961479
113,2,22,11,0,2,12內湖區,內湖區民權東路6段191巷62弄與民權東路6段175巷口,0,0,1,2,C03,8,6,5,30,3,2,1,5,4,5,13,4,4,10,5,5,2,17,1,69,2,9,5,1,7,1,1,10,1,14,,19,,1,21,121.5972343,25.06961479
113,2,22,11,20,2,09北投區,北投區知行路360-1號關渡宮水樣停車場前,0,0,1,1,B03,8,6,5,50,14,9,1,5,4,5,13,4,4,9,4,5,2,12,1,56,3,10,7,1,7,12,1,8,1,2,,44,,1,21,121.4629752,25.1185372
113,2,22,11,20,2,09北投區,北投區知行路360-1號關渡宮水樣停車場前,0,0,1,2,C03,8,6,5,50,14,9,1,5,4,5,13,4,4,9,4,5,2,12,1,91,2,8,5,1,7,9,3,18,1,14,,108,,1,21,121.4629752,25.1185372
113,2,22,11,28,2,12內湖區,內湖區安康路32巷21弄與安康路32巷口,0,0,1,1,A12,7,6,5,30,4,1,1,5,4,5,13,3,1,8,3,5,1,17,1,52,3,10,7,1,7,9,1,5,2,4,,80,,1,21,121.5949689,25.06192903
113,2,22,11,28,2,12內湖區,內湖區安康路32巷21弄與安康路32巷口,0,0,1,2,C03,7,6,5,30,4,1,1,5,4,5,13,3,1,8,3,5,1,17,2,18,2,8,6,1,7,9,1,10,2,11,,80,,1,21,121.5949689,25.06192903
113,2,22,11,45,2,08士林區,士林區格致路與凱旋路口,0,0,1,1,C03,8,6,5,40,3,2,1,5,4,5,13,4,4,9,4,5,2,17,2,21,2,9,5,1,7,5,1,10,1,13,,8,,1,21,121.5464155,25.13699987
113,2,22,11,45,2,08士林區,士林區格致路與凱旋路口,0,0,1,2,B03,8,6,5,40,3,2,1,5,4,5,13,4,4,9,4,5,2,17,1,77,3,10,7,1,7,9,1,8,1,1,,16,,1,21,121.5464155,25.13699987
113,2,22,11,57,2,06松山區,松山區塔悠路335號,0,0,1,1,B02,8,6,5,50,14,9,1,5,4,5,13,4,4,1,3,5,2,12,2,33,3,10,7,1,7,6,1,8,1,2,,14,,1,22,121.5686911,25.06178646
113,2,22,11,57,2,06松山區,松山區塔悠路335號,0,0,1,2,C03,8,6,5,50,14,9,1,5,4,5,13,4,4,1,3,5,2,12,1,23,2,9,6,1,7,9,1,10,1,11,,14,,1,22,121.5686911,25.06178646
113,2,22,12,25,2,07信義區,信義區莊敬路與莊敬路6巷口,0,0,1,1,C03,8,6,8,50,3,1,1,5,4,5,13,4,4,9,3,5,2,17,1,25,2,8,3,4,7,15,1,10,1,11,,17,,1,21,121.5612787,25.03254
113,2,22,12,25,2,07信義區,信義區莊敬路與莊敬路6巷口,0,0,1,2,B03,8,6,8,50,3,1,1,5,4,5,13,4,4,9,3,5,2,17,1,26,3,10,3,4,7,15,1,8,1,8,,44,,1,21,121.5612787,25.03254
113,2,22,13,57,2,05中正區,中正區中華路1段與貴陽街1段口口,0,0,1,1,C03,8,5,5,50,4,2,1,5,4,5,13,2,1,9,4,5,1,16,2,37,2,9,5,1,7,7,1,10,2,14,,100,,1,21,121.507851,25.0391741
113,2,22,13,57,2,05中正區,中正區中華路1段與貴陽街1段口口,0,0,1,2,B03,8,5,5,50,4,2,1,5,4,5,13,2,1,9,4,5,1,16,1,72,3,10,7,1,7,9,1,8,2,1,,16,,1,21,121.507851,25.0391741
113,2,22,14,28,1,09北投區,北投區東昇路與登山路口,1,0,0,1,B12,8,5,5,50,3,1,1,5,4,5,13,4,4,5,4,5,1,3,1,34,3,10,7,1,7,5,1,8,2,8,,8,,1,21,121.5226652,25.15026059
113,2,22,14,28,1,09北投區,北投區東昇路與登山路口,1,0,0,2,H01,8,5,5,50,3,1,1,5,4,5,13,4,4,5,4,5,1,3,1,86,1,1,4,5,8,16,8,20,10,16,,53,,1,21,121.5226652,25.15026059
113,2,22,14,53,2,04大安區,大安區和平東路3段與敦化南路2段口,0,0,1,1,F01,7,5,5,50,4,2,1,5,4,5,13,1,1,1,4,5,2,15,1,79,2,5,4,1,7,9,8,20,1,14,,81,,1,21,121.5490547,25.0245209
113,2,22,14,53,2,04大安區,大安區和平東路3段與敦化南路2段口,0,0,1,2,B03,7,5,5,50,4,2,1,5,4,5,13,1,1,1,4,5,2,15,1,47,3,10,7,1,7,9,6,8,1,5,,14,,1,21,121.5490547,25.0245209
113,2,22,15,10,2,04大安區,大安區基隆路4段(台大停車場)前,0,0,1,1,B03,8,5,5,50,14,8,1,5,4,5,13,4,4,8,3,4,1,16,1,52,3,10,7,1,7,6,1,8,2,5,,9,,1,21,121.5379063,25.0120047
113,2,22,15,10,2,04大安區,大安區基隆路4段(台大停車場)前,0,0,1,2,C03,8,5,5,50,14,8,1,5,4,5,13,4,4,8,3,4,1,16,1,22,2,8,6,1,7,9,1,10,2,11,,108,,1,21,121.5379063,25.0120047
113,2,22,16,8,2,03中山區,中山區南京東路2段1號,0,0,4,1,C03,7,7,5,50,14,9,1,5,4,5,13,1,1,1,3,4,1,17,2,30,2,8,6,1,7,8,1,10,1,12,,100,,1,21,121.5284087,25.05215471
113,2,22,16,8,2,03中山區,中山區南京東路2段1號,0,0,4,2,B01,7,7,5,50,14,9,1,5,4,5,13,1,1,1,3,4,1,17,1,46,3,10,7,1,7,9,1,4,1,4,,44,,1,21,121.5284087,25.05215471
113,2,22,16,8,2,03中山區,中山區南京東路2段1號,0,0,4,3,H02,7,7,5,50,14,9,1,5,4,5,13,1,1,1,3,4,1,17,1,5,2,8,6,5,7,17,8,20,10,16,,67,,1,21,121.5284087,25.05215471
113,2,22,16,8,2,03中山區,中山區南京東路2段1號,0,0,4,4,H02,7,7,5,50,14,9,1,5,4,5,13,1,1,1,3,4,1,17,1,4,2,8,6,5,7,17,8,20,10,16,,67,,1,21,121.5284087,25.05215471
113,2,22,16,8,2,03中山區,中山區南京東路2段1號,0,0,4,5,H02,7,7,5,50,14,9,1,5,4,5,13,1,1,1,3,4,1,17,2,3,2,8,6,5,7,17,8,20,10,16,,67,,1,21,121.5284087,25.05215471
113,2,22,17,8,2,08士林區,士林區延平北路8段2巷與延平北路8段2巷200弄口,0,0,1,1,B12,8,6,5,40,5,1,1,5,4,5,13,3,1,10,5,5,2,17,1,29,3,10,3,4,7,5,1,8,1,6,,71,,1,21,121.4905356,25.11289247
113,2,22,17,8,2,08士林區,士林區延平北路8段2巷與延平北路8段2巷200弄口,0,0,1,2,C03,8,6,5,40,5,1,1,5,4,5,13,3,1,10,5,5,2,17,1,18,2,9,6,1,7,9,1,10,1,11,,44,,1,21,121.4905356,25.11289247
113,2,22,17,20,2,09北投區,北投區實踐街35號,0,0,1,1,C03,7,6,5,30,14,9,1,5,4,5,13,4,4,9,5,5,2,16,1,79,2,8,5,1,7,11,1,10,2,14,,10,,1,21,121.5087405,25.115173
113,2,22,17,20,2,09北投區,北投區實踐街35號,0,0,1,2,C03,7,6,5,30,14,9,1,5,4,5,13,4,4,9,5,5,2,16,2,49,3,10,5,1,7,9,1,10,2,12,,44,,1,21,121.5087405,25.115173
113,2,22,17,25,2,05中正區,中正區羅斯福路2段與和平西路1段口,0,0,2,1,C03,8,7,5,50,4,1,1,5,4,5,13,1,1,2,4,5,2,15,1,61,2,9,6,1,7,9,1,10,1,12,,42,,1,22,121.5222156,25.0271531
113,2,22,17,25,2,05中正區,中正區羅斯福路2段與和平西路1段口,0,0,2,2,C03,8,7,5,50,4,1,1,5,4,5,13,1,1,2,4,5,2,15,2,25,2,9,6,1,7,1,1,10,1,11,,19,,1,22,121.5222156,25.0271531
113,2,22,17,30,2,06松山區,松山區南京東路4段116號,0,0,1,2,H02,8,5,5,50,14,10,1,5,4,5,13,2,1,1,4,5,2,9,2,78,2,9,4,5,7,19,8,20,10,16,,118,,1,21,121.5548049,25.05154196
113,2,22,17,30,2,06松山區,松山區南京東路4段116號,0,0,1,1,A02,8,5,5,50,14,10,1,5,4,5,13,2,1,1,4,5,2,9,1,30,3,10,7,1,7,9,1,6,9,17,,118,,1,21,121.5548049,25.05154196
113,2,22,17,40,2,03中山區,中山區中原街與新生北路2段141巷口,0,0,2,1,C03,7,5,5,50,14,9,1,5,4,5,13,4,4,9,5,5,2,16,1,42,2,7,6,1,7,5,1,10,2,14,,8,,1,21,121.5289697,25.0616531
113,2,22,17,40,2,03中山區,中山區中原街與新生北路2段141巷口,0,0,2,2,C03,7,5,5,50,14,9,1,5,4,5,13,4,4,9,5,5,2,16,1,60,2,9,6,1,7,9,1,10,2,12,,44,,1,21,121.5289697,25.0616531
113,2,22,17,45,2,12內湖區,內湖區金湖路342號附近,0,0,1,1,C03,7,6,5,50,14,9,1,5,4,5,13,4,4,1,3,5,1,17,1,31,3,10,6,1,7,9,1,10,1,17,,27,,1,21,121.6034514,25.07354388
113,2,22,17,45,2,12內湖區,內湖區金湖路342號附近,0,0,1,2,C03,7,6,5,50,14,9,1,5,4,5,13,4,4,1,3,5,1,17,2,40,3,10,6,1,7,9,1,10,1,17,,44,,1,21,121.6034514,25.07354388
113,2,22,17,45,2,12內湖區,內湖區金湖路342號附近,0,0,1,3,C03,7,6,5,50,14,9,1,5,4,5,13,4,4,1,3,5,1,17,2,32,3,10,6,1,7,9,1,10,1,17,,44,,1,21,121.6034514,25.07354388
113,2,22,17,45,2,12內湖區,內湖區金湖路342號附近,0,0,1,4,C03,7,6,5,50,14,9,1,5,4,5,13,4,4,1,3,5,1,17,1,55,2,7,6,1,7,9,1,10,1,12,,16,,1,21,121.6034514,25.07354388
113,2,22,17,49,2,06松山區,松山區八德路3段12巷51弄與八德路3段12巷口,0,0,1,1,B01,7,5,5,30,4,1,1,5,4,5,13,4,4,4,5,5,2,17,1,61,3,10,7,1,7,9,1,4,1,1,,72,,1,21,121.5507271,25.0461889
113,2,22,17,49,2,06松山區,松山區八德路3段12巷51弄與八德路3段12巷口,0,0,1,2,C03,7,5,5,30,4,1,1,5,4,5,13,4,4,4,5,5,2,17,1,36,2,9,6,1,7,9,1,10,1,12,,44,,1,22,121.5507271,25.0461889
113,2,22,17,55,2,06松山區,松山區光復北路與延壽街口,0,0,1,1,B03,8,5,5,50,4,1,1,5,4,5,13,1,1,5,4,5,2,16,2,45,3,10,7,1,7,5,1,8,2,1,,71,,1,22,121.5556647,25.0562186
113,2,22,17,55,2,06松山區,松山區光復北路與延壽街口,0,0,1,2,C03,8,5,5,50,4,1,1,5,4,5,13,1,1,5,4,5,2,16,1,74,2,8,6,1,7,9,1,10,2,11,,44,,1,22,121.5556647,25.0562186
113,2,22,17,56,2,06松山區,松山區南京東路5段286號,0,0,2,1,C03,7,5,5,50,14,9,1,5,4,5,13,4,4,9,4,5,2,12,1,24,3,10,5,1,7,9,1,10,1,17,,17,,1,22,121.5671761,25.0512113
113,2,22,17,56,2,06松山區,松山區南京東路5段286號,0,0,2,2,C03,7,5,5,50,14,9,1,5,4,5,13,4,4,9,4,5,2,12,2,43,3,10,5,1,7,10,1,10,1,14,,100,,1,22,121.5671761,25.0512113
113,2,22,17,56,2,06松山區,松山區南京東路5段286號,0,0,2,3,C03,7,5,5,50,14,9,1,5,4,5,13,4,4,9,4,5,2,12,2,26,2,9,5,1,7,9,1,10,1,12,,16,,1,22,121.5671761,25.0512113
113,2,22,17,56,2,06松山區,松山區南京東路5段286號,0,0,2,4,C04,7,5,5,50,14,9,1,5,4,5,13,4,4,9,4,5,2,12,2,46,2,9,5,1,7,9,1,10,1,12,,16,,1,22,121.5671761,25.0512113
113,2,22,18,5,2,05中正區,中正區忠孝東路2段62號,0,0,1,1,C03,8,5,5,30,14,9,1,5,4,5,13,4,4,3,4,5,2,16,2,29,3,10,6,1,7,6,1,10,1,11,,80,,1,22,121.5288456,25.0431318
113,2,22,18,5,2,05中正區,中正區忠孝東路2段62號,0,0,1,2,C03,8,5,5,30,14,9,1,5,4,5,13,4,4,3,4,5,2,16,1,26,2,9,6,1,7,9,1,10,1,12,,108,,1,22,121.5288456,25.0431318
113,2,22,18,8,2,05中正區,中正區寶慶路與博愛路口,0,0,1,1,A02,8,5,5,50,4,2,1,5,4,5,13,2,1,10,4,5,2,9,1,55,3,10,7,1,7,15,1,6,1,17,,44,,1,21,121.5113652,25.04127225
113,2,22,18,8,2,05中正區,中正區寶慶路與博愛路口,0,0,1,2,H02,8,5,5,50,4,2,1,5,4,5,13,2,1,10,4,5,2,9,2,61,2,9,4,5,7,20,8,20,10,16,,60,,1,22,121.5113652,25.04127225
113,2,22,18,17,2,11南港區,南港區市民大道8段82號對面(TIMES停車場前),0,0,1,1,B03,7,5,5,50,14,9,1,5,4,5,13,4,4,1,4,5,2,16,2,50,3,10,7,1,7,6,1,8,1,2,,9,,1,21,121.6042633,25.0528869
113,2,22,18,17,2,11南港區,南港區市民大道8段82號對面(TIMES停車場前),0,0,1,2,C03,7,5,5,50,14,9,1,5,4,5,13,4,4,1,4,5,2,16,1,29,2,9,6,1,7,9,1,10,1,11,,44,,1,21,121.6042633,25.0528869
113,2,22,18,22,2,05中正區,中正區羅斯福路3段與羅斯福路3段284巷口,0,0,1,1,C03,8,6,5,50,4,2,1,5,4,5,13,2,1,3,4,5,2,17,1,47,2,7,5,1,7,9,1,10,2,11,,108,,1,21,121.5320521,25.0168423
113,2,22,18,22,2,05中正區,中正區羅斯福路3段與羅斯福路3段284巷口,0,0,1,2,B12,8,6,5,50,4,2,1,5,4,5,13,2,1,3,4,5,2,17,1,40,3,10,7,1,7,12,1,8,2,7,,44,,1,27,121.5320521,25.0168423
113,2,22,19,13,2,04大安區,大安區和平東路2段339號,0,0,1,1,C03,8,5,5,50,14,9,1,5,4,5,13,4,4,1,4,5,2,17,2,33,2,7,5,1,7,7,1,10,1,11,,100,,1,22,121.5456854,25.0248262
113,2,22,19,13,2,04大安區,大安區和平東路2段339號,0,0,1,2,C03,8,5,5,50,14,9,1,5,4,5,13,4,4,1,4,5,2,17,1,27,3,10,5,1,7,8,1,10,1,13,,44,,1,22,121.5456854,25.0248262
113,2,22,19,15,2,07信義區,信義區松壽路與市府路口,0,0,1,1,C03,8,5,5,50,4,1,1,5,4,5,13,1,1,5,4,5,2,13,2,45,2,9,3,4,7,9,1,10,1,11,,108,,1,21,121.5638632,25.0359703
113,2,22,19,15,2,07信義區,信義區松壽路與市府路口,0,0,1,2,B03,8,5,5,50,4,1,1,5,4,5,13,1,1,5,4,5,2,13,2,33,3,10,3,4,7,9,1,8,1,7,,44,,1,21,121.5638632,25.0359703
113,2,22,19,42,2,11南港區,南港區研究院路2段與舊莊街1段口,0,0,1,1,A12,6,5,5,50,3,1,1,4,4,5,13,2,1,1,4,5,2,16,1,31,3,10,3,4,7,5,1,2,11,17,,42,,1,21,121.61697,25.0424054
113,2,22,19,42,2,11南港區,南港區研究院路2段與舊莊街1段口,0,0,1,2,C03,6,5,5,50,3,1,1,4,4,5,13,2,1,1,4,5,2,16,1,46,2,9,5,1,7,9,1,9,1,11,,116,,1,22,121.61697,25.0424054
113,2,22,20,11,2,07信義區,信義區吳興街462號,0,0,1,1,C03,7,5,5,30,14,9,1,5,4,5,13,4,4,9,4,5,2,2,1,48,3,10,6,1,7,10,1,9,2,12,,101,,1,21,121.5694962,25.0235279
113,2,22,20,11,2,07信義區,信義區吳興街462號,0,0,1,2,H01,7,5,5,30,14,9,1,5,4,5,13,4,4,9,4,5,2,2,2,74,2,9,4,5,8,16,8,20,10,16,,67,,1,21,121.5694962,25.0235279
113,2,22,20,19,2,04大安區,大安區辛亥路3段157巷與辛亥路3段口,0,0,1,1,C03,7,5,5,50,4,2,1,5,4,5,13,1,1,5,5,5,1,16,1,53,2,8,5,1,7,5,1,10,1,12,,8,,1,21,121.549091,25.0168231
113,2,22,20,19,2,04大安區,大安區辛亥路3段157巷與辛亥路3段口,0,0,1,2,B02,7,5,5,50,4,2,1,5,4,5,13,1,1,5,5,5,1,16,1,19,3,10,7,1,7,6,1,8,1,8,,9,,1,21,121.549091,25.0168231
113,2,22,21,37,2,05中正區,中正區南海路與牯嶺街口,0,0,1,1,B01,8,5,5,30,4,1,4,5,4,5,13,1,1,10,4,5,2,17,1,64,3,10,7,1,7,5,1,4,1,17,,8,,1,22,121.5149819,25.032006
113,2,22,21,37,2,05中正區,中正區南海路與牯嶺街口,0,0,1,2,C03,8,5,5,30,4,1,4,5,4,5,13,1,1,10,4,5,2,17,1,37,2,9,5,1,7,9,1,9,1,14,,13,,1,22,121.5149819,25.032006
113,2,22,21,51,2,04大安區,大安區忠孝東路4段285號,0,0,1,1,C03,7,5,5,50,14,9,1,5,4,5,13,4,4,1,5,5,2,12,1,40,3,10,5,1,7,8,1,10,1,14,,100,,1,21,121.5541301,25.0414764
113,2,22,21,51,2,04大安區,大安區忠孝東路4段285號,0,0,1,2,C03,7,5,5,50,14,9,1,5,4,5,13,4,4,1,5,5,2,12,1,29,2,9,5,1,7,9,1,10,1,12,,44,,1,21,121.5541301,25.0414764
113,2,22,22,16,2,04大安區,大安區建國南路2段迴轉道欲往北方向(近瑞安路256巷),0,0,1,1,C03,7,5,5,50,14,6,1,5,4,5,13,4,4,4,1,5,1,17,1,41,2,9,5,1,7,11,1,9,1,11,,42,,1,21,121.5377835,25.0280922
113,2,22,22,16,2,04大安區,大安區建國南路2段迴轉道欲往北方向(近瑞安路256巷),0,0,1,2,B03,7,5,5,50,14,6,1,5,4,5,13,4,4,4,1,5,1,17,2,39,3,10,7,1,7,1,1,8,1,2,,19,,1,21,121.5377835,25.0280922
113,2,22,23,4,2,09北投區,北投區中央北路4段與大度路3段口,0,0,1,1,C03,8,5,5,50,4,1,1,5,4,5,13,1,1,5,5,5,2,16,4,0,4,11,5,1,7,5,7,19,11,14,,8,,2,21,121.4648246,25.1243155
113,2,22,23,4,2,09北投區,北投區中央北路4段與大度路3段口,0,0,1,2,C03,8,5,5,50,4,1,1,5,4,5,13,1,1,5,5,5,2,16,1,74,2,9,5,1,7,9,1,10,2,11,,44,,1,21,121.4648246,25.1243155
113,2,22,23,58,2,04大安區,大安區市民大道4段與光復南路口,0,0,1,1,B03,8,5,5,50,5,2,1,5,4,5,13,2,1,8,3,4,1,15,2,26,3,10,7,1,7,9,1,8,1,2,,81,,2,21,121.5576324,25.0449669
113,2,22,23,58,2,04大安區,大安區市民大道4段與光復南路口,0,0,1,2,C03,8,5,5,50,5,2,1,5,4,5,13,2,1,8,3,4,1,15,2,29,2,9,6,1,7,9,1,10,1,11,,44,,1,21,121.5576324,25.0449669
113,2,23,1,51,2,04大安區,大安區新生南路3段與新生南路3段19巷口,0,0,1,1,C03,7,5,5,50,14,9,1,4,4,5,13,4,4,9,4,5,1,13,1,52,2,8,5,1,7,9,6,10,1,11,,108,,1,21,121.5348846,25.025083
113,2,23,1,51,2,04大安區,大安區新生南路3段與新生南路3段19巷口,0,0,1,2,B03,7,5,5,50,14,9,1,4,4,5,13,4,4,9,4,5,1,13,1,32,3,10,3,1,7,13,1,8,1,7,,38,,1,21,121.5348846,25.025083
113,2,23,6,19,2,03中山區,中山區北安路478號,0,0,1,1,B12,8,5,5,50,14,9,1,5,4,5,13,4,4,1,4,5,2,16,1,24,3,10,7,1,7,8,1,8,1,5,,100,,1,21,121.5450373,25.0797063
113,2,23,6,19,2,03中山區,中山區北安路478號,0,0,1,2,C02,8,5,5,50,14,9,1,5,4,5,13,4,4,1,4,5,2,16,1,51,2,9,6,1,7,9,1,10,1,14,,44,,1,21,121.5450373,25.0797063
113,2,23,6,34,2,01大同區,大同區酒泉街234號,0,0,1,1,F01,7,6,5,50,14,9,1,5,4,5,13,4,4,5,5,5,2,17,2,81,2,8,4,1,7,5,8,20,2,14,,44,,1,21,121.5098957,25.0721272
113,2,23,6,34,2,01大同區,大同區酒泉街234號,0,0,1,2,B03,7,6,5,50,14,9,1,5,4,5,13,4,4,5,5,5,2,17,1,48,3,10,7,1,7,9,6,3,2,2,,44,,1,21,121.5098957,25.0721272
113,2,23,6,42,2,05中正區,中正區中華路1段與愛國西路口,0,0,1,1,A02,8,6,5,50,5,1,1,5,4,5,13,1,1,1,4,5,2,17,1,60,3,10,7,1,7,7,1,2,9,17,,100,,1,21,121.5070013,25.037352
113,2,23,6,42,2,05中正區,中正區中華路1段與愛國西路口,0,0,1,2,H02,8,6,5,50,5,1,1,5,4,5,13,1,1,1,4,5,2,17,2,57,2,9,2,5,7,17,8,20,10,16,,67,,1,22,121.5070013,25.037352
113,2,23,6,42,2,05中正區,中正區中華路1段與愛國西路口,0,0,1,3,A05,8,6,5,50,5,1,1,5,4,5,13,1,1,1,4,5,2,17,1,44,3,10,7,1,7,8,1,2,9,17,,44,,1,21,121.5070013,25.037352
113,2,23,7,10,2,12內湖區,內湖區文德路208巷6弄內,0,0,1,1,C03,8,7,5,30,14,9,1,5,4,5,13,4,4,10,5,5,2,16,1,31,2,8,5,1,7,1,1,10,1,14,,19,,1,21,121.5833974,25.0779338
113,2,23,7,10,2,12內湖區,內湖區文德路208巷6弄內,0,0,1,2,B03,8,7,5,30,14,9,1,5,4,5,13,4,4,10,5,5,2,16,1,43,3,10,7,1,7,9,1,8,1,1,,108,,1,21,121.5833974,25.0779338
113,2,23,7,16,2,01大同區,大同區承德路3段與承德路3段8巷口口,0,0,2,1,C03,7,6,5,50,3,2,1,5,4,5,13,4,4,1,4,5,2,13,2,53,2,9,6,1,7,9,1,10,1,11,,108,,1,21,121.5181868,25.0636351
113,2,23,7,16,2,01大同區,大同區承德路3段與承德路3段8巷口口,0,0,2,2,C03,7,6,5,50,3,2,1,5,4,5,13,4,4,1,4,5,2,13,1,33,2,9,6,1,7,14,1,10,1,13,,44,,1,21,121.5181868,25.0636351
113,2,23,7,21,2,03中山區,中山區南京東路1段36號,0,0,1,1,C03,7,7,5,50,14,7,1,5,4,5,13,4,4,1,3,4,1,13,1,52,2,7,6,1,7,9,1,10,1,11,,16,,1,21,121.5241324,25.05234223
113,2,23,7,21,2,03中山區,中山區南京東路1段36號,0,0,1,2,B01,7,7,5,50,14,7,1,5,4,5,13,4,4,1,3,4,1,13,1,65,3,10,7,1,7,9,1,4,1,7,,44,,1,21,121.5241324,25.05234223
113,2,23,7,21,2,03中山區,中山區南京東路1段36號,0,0,1,3,B12,7,7,5,50,14,7,1,5,4,5,13,4,4,1,3,4,1,13,4,0,,,,,,,,,11,,,119,,2,,121.5241324,25.05234223
113,2,23,7,30,2,12內湖區,內湖區康寧路1段與康寧路1段255巷口,0,0,4,1,C03,7,5,5,40,3,1,1,5,4,5,13,4,4,8,3,5,1,16,1,37,2,9,6,1,7,5,1,10,2,11,,8,,1,21,121.5981439,25.07872412
113,2,23,7,30,2,12內湖區,內湖區康寧路1段與康寧路1段255巷口,0,0,4,2,C03,7,5,5,40,3,1,1,5,4,5,13,4,4,8,3,5,1,16,2,50,2,9,6,1,7,9,1,10,2,11,,14,,1,21,121.5981439,25.07872412
113,2,23,7,30,2,12內湖區,內湖區康寧路1段與康寧路1段255巷口,0,0,4,3,H02,7,5,5,40,3,1,1,5,4,5,13,4,4,8,3,5,1,16,2,7,2,8,6,5,7,20,8,20,10,16,,67,,1,21,121.5981439,25.07872412
113,2,23,7,30,2,12內湖區,內湖區康寧路1段與康寧路1段255巷口,0,0,4,4,H02,7,5,5,40,3,1,1,5,4,5,13,4,4,8,3,5,1,16,2,2,2,1,6,5,7,20,8,20,10,16,,67,,1,21,121.5981439,25.07872412
113,2,23,7,34,2,05中正區,中正區市民高架道與市民高架道口往東過重慶北路匝道,0,0,2,1,B03,8,6,5,80,8,9,2,5,4,5,13,4,4,1,4,5,2,17,1,46,3,10,7,4,7,9,1,8,2,1,,16,,1,22,121.5178926,25.04858364
113,2,23,7,34,2,05中正區,中正區市民高架道與市民高架道口往東過重慶北路匝道,0,0,2,2,B03,8,6,5,80,8,9,2,5,4,5,13,4,4,1,4,5,2,17,2,38,2,1,7,4,7,14,1,8,2,3,1,44,,1,22,121.5178926,25.04858364