發生年度,發生月,發生日,發生時-Hours,發生分,處理別-編號,區序,肇事地點,死亡人數,2-30日死亡人數,受傷人數,當事人序號,車種,天候,道路照明設備,道路類別,速限-速度限制,道路型態,事故位置,路面狀況1,路面狀況2,路面狀況3,道路障礙1,道路障礙2,號誌1,號誌2,車道劃分-分向,車道劃分-分道1,車道劃分-分道2,車道劃分-分道3,事故類型及型態,性別,年齡,受傷程度,主要傷處,保護裝置,行動電話,車輛用途,當事者行動狀態,駕駛資格情形,駕駛執照種類,飲酒情形,車輛撞擊部位1,車輛撞擊部位2,肇因碼-個別,肇因碼-主要,個人肇逃否,職業,座標-X,座標-Y
113,2,23,7,34,2,05中正區,中正區市民高架道與市民高架道口往東過重慶北路匝道,0,0,2,3,B03,8,6,5,80,8,9,2,5,4,5,13,4,4,1,4,5,2,17,2,35,2,2,7,4,7,14,1,8,2,3,,44,,1,22,121.5178926,25.04858364
113,2,23,7,37,2,09北投區,北投區承德路5段與文林北路5巷口,0,0,1,1,C03,7,7,5,40,4,2,1,5,4,5,13,1,1,1,4,5,2,13,1,66,2,7,5,1,7,9,1,10,1,12,,16,,1,22,121.5130565,25.09896578
113,2,23,7,37,2,09北投區,北投區承德路5段與文林北路5巷口,0,0,1,2,B03,7,7,5,40,4,2,1,5,4,5,13,1,1,1,4,5,2,13,1,49,3,10,7,1,7,6,1,8,1,7,,44,,1,22,121.5130565,25.09896578
113,2,23,7,42,2,02萬華區,萬華區中興橋,0,0,1,1,C03,7,5,5,30,8,11,1,5,4,5,13,4,4,10,5,5,2,13,1,39,2,8,6,1,7,9,1,10,1,11,,16,,1,21,121.499858,25.0426138
113,2,23,7,42,2,02萬華區,萬華區中興橋,0,0,1,2,C03,7,5,5,30,8,11,1,5,4,5,13,4,4,10,5,5,2,13,2,44,3,10,6,1,7,12,1,10,1,13,,44,,1,21,121.499858,25.0426138
113,2,23,8,12,2,12內湖區,內湖區南京東路6段東向西P136柱前,0,0,1,1,C03,6,7,5,50,14,9,1,4,4,5,13,4,4,1,4,5,2,12,1,47,2,9,6,1,7,9,1,10,2,11,,108,,1,21,121.5869401,25.06023631
113,2,23,8,12,2,12內湖區,內湖區南京東路6段東向西P136柱前,0,0,1,2,B03,6,7,5,50,14,9,1,4,4,5,13,4,4,1,4,5,2,12,1,44,3,10,3,4,7,9,1,8,2,6,,17,,1,21,121.5869401,25.06023631
113,2,23,8,19,2,12內湖區,內湖區行愛路與新湖三路口,0,0,2,1,C03,8,7,5,50,4,2,1,5,4,5,13,1,1,5,4,4,2,16,1,28,2,5,5,1,7,5,1,10,1,11,,71,,1,21,121.579554,25.0649802
113,2,23,8,19,2,12內湖區,內湖區行愛路與新湖三路口,0,0,2,2,C03,8,7,5,50,4,2,1,5,4,5,13,1,1,5,4,4,2,16,1,21,2,9,5,1,7,9,1,10,1,11,,44,,1,21,121.579554,25.0649802
113,2,23,8,30,2,12內湖區,內湖區成功路4段與金龍路口,0,0,1,1,C03,7,5,5,50,4,1,1,5,4,5,13,1,1,1,4,5,2,13,1,25,2,9,6,1,7,9,1,10,1,11,,16,,1,21,121.5951342,25.0842222
113,2,23,8,30,2,12內湖區,內湖區成功路4段與金龍路口,0,0,1,2,B03,7,5,5,50,4,1,1,5,4,5,13,1,1,1,4,5,2,13,1,29,3,10,7,1,7,12,1,8,1,7,,44,,1,21,121.5951342,25.0842222
113,2,23,8,30,2,12內湖區,內湖區成功路4段與金龍路口,0,0,1,3,B03,7,5,5,50,4,1,1,5,4,5,13,1,1,1,4,5,2,13,1,41,3,10,7,1,7,9,1,8,1,1,,16,,1,21,121.5951342,25.0842222
113,2,23,8,30,2,12內湖區,內湖區成功路4段與金龍路口,0,0,1,4,B03,7,5,5,50,4,1,1,5,4,5,13,1,1,1,4,5,2,13,1,63,3,10,7,1,7,14,1,8,1,3,,44,,1,21,121.5951342,25.0842222
113,2,23,8,32,2,01大同區,大同區民權西路144巷與民權西路144巷10弄口,0,0,2,1,C03,8,6,5,30,4,1,1,5,4,5,13,4,4,10,5,5,2,15,1,19,2,8,5,1,7,9,1,10,1,11,,80,,1,21,121.5159383,25.0621863
113,2,23,8,32,2,01大同區,大同區民權西路144巷與民權西路144巷10弄口,0,0,2,2,C03,8,6,5,30,4,1,1,5,4,5,13,4,4,10,5,5,2,15,2,42,2,5,5,1,7,9,1,10,1,12,,44,,1,21,121.5159383,25.0621863
113,2,23,8,46,2,02萬華區,萬華區忠孝橋往台北市,0,0,1,1,C03,7,5,5,50,8,9,1,5,4,5,13,4,4,1,4,5,2,13,1,22,3,10,6,1,7,9,1,10,1,11,,16,,1,21,121.506773,25.0487081
113,2,23,8,46,2,02萬華區,萬華區忠孝橋往台北市,0,0,1,2,C03,7,5,5,50,8,9,1,5,4,5,13,4,4,1,4,5,2,13,1,42,2,8,6,1,7,14,1,10,1,13,,44,,1,21,121.506773,25.0487081
113,2,23,8,50,2,07信義區,信義區信義快速道路往北,0,0,1,1,B03,8,5,5,50,10,7,1,5,4,5,13,4,4,7,4,5,2,13,1,27,3,10,7,1,7,9,1,8,1,1,,108,,1,21,121.5719455,25.0314203
113,2,23,8,50,2,07信義區,信義區信義快速道路往北,0,0,1,2,C02,8,5,5,50,10,7,1,5,4,5,13,4,4,7,4,5,2,13,1,49,2,9,6,1,7,14,1,9,1,13,,44,,1,21,121.5719455,25.0314203
113,2,23,8,50,2,07信義區,信義區信義快速道路往北,0,0,1,3,B03,8,5,5,50,10,7,1,5,4,5,13,4,4,7,4,5,2,13,2,40,3,10,7,1,7,9,1,8,1,3,,44,,1,21,121.5719455,25.0314203
113,2,23,8,50,2,07信義區,信義區信義快速道路往北,0,0,1,4,B03,8,5,5,50,10,7,1,5,4,5,13,4,4,7,4,5,2,13,1,65,3,10,7,1,7,9,1,8,1,3,,44,,1,21,121.5719455,25.0314203
113,2,23,8,50,2,07信義區,信義區信義快速道路往北,0,0,1,5,B03,8,5,5,50,10,7,1,5,4,5,13,4,4,7,4,5,2,13,1,44,3,10,7,1,7,9,1,8,1,3,,44,,1,21,121.5719455,25.0314203
113,2,23,8,50,2,07信義區,信義區信義快速道路往北,0,0,1,6,B03,8,5,5,50,10,7,1,5,4,5,13,4,4,7,4,5,2,13,1,53,3,10,7,1,7,9,1,8,1,3,,44,,1,21,121.5719455,25.0314203
113,2,23,9,12,2,08士林區,士林區重慶北路4段250號,0,0,1,1,C03,7,6,5,30,14,9,1,5,4,5,13,4,4,10,5,5,2,12,1,83,2,8,6,1,7,9,1,10,1,14,,44,,1,21,121.5112455,25.0866989
113,2,23,9,12,2,08士林區,士林區重慶北路4段250號,0,0,1,2,B03,7,6,5,30,14,9,1,5,4,5,13,4,4,10,5,5,2,12,1,29,3,10,7,1,7,9,1,8,1,2,,44,,1,21,121.5112455,25.0866989
113,2,23,9,13,2,03中山區,中山區民族東路410巷與民族東路口,0,0,1,1,B03,7,7,5,50,4,2,1,5,4,5,13,1,1,1,5,5,1,1,1,30,3,10,7,1,7,5,1,8,1,1,,70,,1,21,121.5378757,25.06805057
113,2,23,9,13,2,03中山區,中山區民族東路410巷與民族東路口,0,0,1,2,H01,7,7,5,50,4,2,1,5,4,5,13,1,1,1,5,5,1,1,2,69,2,9,4,5,8,16,8,20,10,16,,121,,1,21,121.5378757,25.06805057
113,2,23,9,33,2,06松山區,松山區三民路與三民路62巷口口,0,0,1,1,F02,7,6,5,50,3,1,1,5,4,5,13,4,4,5,4,5,2,17,1,50,2,9,4,1,7,9,8,20,1,13,,42,,1,21,121.5639262,25.0545796
113,2,23,9,33,2,06松山區,松山區三民路與三民路62巷口口,0,0,1,2,B03,7,6,5,50,3,1,1,5,4,5,13,4,4,5,4,5,2,17,1,44,3,10,7,1,7,6,1,8,1,5,,107,,1,21,121.5639262,25.0545796
113,2,23,9,48,2,03中山區,中山區中山北路2段16號,0,0,2,1,C03,8,7,5,50,14,9,1,5,4,5,13,4,4,9,4,5,2,17,1,22,2,9,5,1,7,9,1,10,1,14,,108,,1,21,121.5225076,25.05325482
113,2,23,9,48,2,03中山區,中山區中山北路2段16號,0,0,2,2,C03,8,7,5,50,14,9,1,5,4,5,13,4,4,9,4,5,2,17,2,47,2,9,5,1,7,9,1,10,1,12,,44,,1,21,121.5225076,25.05325482
113,2,23,10,42,2,10文山區,文山區木新路3段與木新路3段172巷口,0,0,1,1,B03,8,7,5,50,3,1,1,5,4,5,13,4,4,10,5,5,2,17,1,55,4,11,3,4,7,6,7,19,11,17,,73,,2,21,121.5607947,24.9817691
113,2,23,10,42,2,10文山區,文山區木新路3段與木新路3段172巷口,0,0,1,2,C03,8,7,5,50,3,1,1,5,4,5,13,4,4,10,5,5,2,17,2,50,2,9,5,1,7,9,1,10,1,17,,14,,1,21,121.5607947,24.9817691
113,2,23,10,50,2,08士林區,士林區中山北路5段銘傳大學公車站旁,0,0,2,1,C03,8,6,5,40,14,9,1,5,4,5,13,4,4,1,4,5,2,13,1,18,2,8,6,1,7,9,1,10,2,11,,16,,1,22,121.5272002,25.0882509
113,2,23,10,50,2,08士林區,士林區中山北路5段銘傳大學公車站旁,0,0,2,2,C03,8,6,5,40,14,9,1,5,4,5,13,4,4,1,4,5,2,13,1,21,2,8,6,1,7,9,1,10,2,13,,44,,1,22,121.5272002,25.0882509
113,2,23,10,50,2,08士林區,士林區中山北路5段銘傳大學公車站旁,0,0,2,3,C03,8,6,5,40,14,9,1,5,4,5,13,4,4,1,4,5,2,13,2,22,3,10,3,4,7,21,1,10,9,13,,44,,1,22,121.5272002,25.0882509
113,2,23,11,5,2,04大安區,大安區芳蘭路與基隆路4段41巷68弄口口,0,0,1,1,C03,7,6,5,30,3,1,1,5,4,5,13,3,1,5,4,5,2,16,2,30,2,7,5,1,7,5,1,10,1,14,,84,,1,21,121.5441973,25.0117903
113,2,23,11,5,2,04大安區,大安區芳蘭路與基隆路4段41巷68弄口口,0,0,1,2,B02,7,6,5,30,3,1,1,5,4,5,13,3,1,5,4,5,2,16,1,54,3,10,7,1,7,9,1,8,1,1,,44,,1,21,121.5441973,25.0117903
113,2,23,11,15,2,12內湖區,內湖區成功路3段與成功路3段174巷口,0,0,1,1,C03,8,6,5,50,4,2,1,5,4,5,13,2,1,5,5,5,2,17,2,69,2,8,5,1,7,8,1,10,1,11,,100,,1,21,121.5906799,25.08088462
113,2,23,11,15,2,12內湖區,內湖區成功路3段與成功路3段174巷口,0,0,1,2,C03,8,6,5,50,4,2,1,5,4,5,13,2,1,5,5,5,2,17,2,72,3,10,5,1,7,6,1,10,1,17,,44,,1,21,121.5906799,25.08088462
113,2,23,11,34,2,05中正區,中正區南海路與重慶南路2段口,0,0,1,1,C03,8,6,5,50,4,1,1,5,4,5,13,1,1,1,4,5,2,17,2,34,3,10,5,1,7,5,1,10,2,14,,8,,1,21,121.5144286,25.0318957
113,2,23,11,34,2,05中正區,中正區南海路與重慶南路2段口,0,0,1,2,C03,8,6,5,50,4,1,1,5,4,5,13,1,1,1,4,5,2,17,2,56,2,9,5,1,7,9,1,10,2,11,,44,,1,21,121.5144286,25.0318957
113,2,23,11,34,2,05中正區,中正區南海路與重慶南路2段口,0,0,1,3,H02,8,6,5,50,4,1,1,5,4,5,13,1,1,1,4,5,2,17,2,60,4,11,5,5,7,20,8,20,10,16,,67,,1,21,121.5144286,25.0318957
113,2,23,11,37,2,09北投區,北投區立德路與立德路159巷口,0,0,1,1,B03,7,7,5,30,4,2,1,5,4,5,13,4,4,9,4,5,2,17,1,61,3,10,7,1,7,11,1,8,1,17,,80,,1,22,121.4729963,25.12869371
113,2,23,11,37,2,09北投區,北投區立德路與立德路159巷口,0,0,1,2,C03,7,7,5,30,4,2,1,5,4,5,13,4,4,9,4,5,2,17,2,28,2,9,5,1,7,9,1,10,1,14,,44,,1,22,121.4729963,25.12869371
113,2,23,11,40,2,04大安區,大安區龍泉街與師大路49巷口口,0,0,1,1,B13,8,6,5,30,4,1,1,5,4,5,13,4,4,10,5,5,2,3,1,39,3,10,7,1,7,9,1,8,2,8,,70,,1,21,121.5294232,25.0242644
113,2,23,11,40,2,04大安區,大安區龍泉街與師大路49巷口口,0,0,1,2,H01,8,6,5,30,4,1,1,5,4,5,13,4,4,10,5,5,2,3,2,59,2,9,4,5,8,16,8,20,10,16,,67,,1,22,121.5294232,25.0242644
113,2,23,11,55,2,04大安區,大安區忠孝東路3段與新生南路1段口,0,0,1,1,C03,7,6,5,50,14,9,1,5,4,5,13,4,4,1,4,5,2,13,1,53,2,9,5,1,7,9,1,10,1,11,,108,,1,21,121.5331339,25.0423767
113,2,23,11,55,2,04大安區,大安區忠孝東路3段與新生南路1段口,0,0,1,2,C03,7,6,5,50,14,9,1,5,4,5,13,4,4,1,4,5,2,13,1,61,3,10,5,1,7,9,6,10,1,13,,44,,1,21,121.5331339,25.0423767
113,2,23,12,5,2,03中山區,中山區北安路518巷與北安路458巷41弄口,0,0,2,1,C03,8,7,5,30,4,1,1,5,4,5,13,2,1,5,4,5,2,17,1,70,2,9,5,1,7,9,1,10,1,12,,44,,1,21,121.54627,25.0790043
113,2,23,12,5,2,03中山區,中山區北安路518巷與北安路458巷41弄口,0,0,2,2,C03,8,7,5,30,4,1,1,5,4,5,13,2,1,5,4,5,2,17,2,47,2,9,5,1,7,9,1,10,1,11,,81,,1,21,121.54627,25.0790043
113,2,23,12,10,2,05中正區,中正區寧波西街與牯嶺街口口,0,0,1,1,B12,8,6,5,50,4,1,1,5,4,5,13,1,1,10,4,5,1,17,1,41,3,10,7,1,7,5,1,4,2,4,,8,,1,21,121.516453,25.03010043
113,2,23,12,10,2,05中正區,中正區寧波西街與牯嶺街口口,0,0,1,2,C03,8,6,5,50,4,1,1,5,4,5,13,1,1,10,4,5,1,17,1,54,2,7,6,1,7,9,1,10,2,12,,44,,1,21,121.516453,25.03010043
113,2,23,12,18,2,12內湖區,內湖區港墘路與港華街口,0,0,2,1,C03,8,6,5,50,4,1,1,5,4,5,13,2,1,1,4,5,2,17,1,40,2,8,6,1,7,5,1,10,1,14,,8,,1,21,121.5781762,25.0821888
113,2,23,12,18,2,12內湖區,內湖區港墘路與港華街口,0,0,2,2,C03,8,6,5,50,4,1,1,5,4,5,13,2,1,1,4,5,2,17,2,31,2,9,6,1,7,9,1,10,1,11,,44,,1,21,121.5781762,25.0821888
113,2,23,12,31,2,03中山區,中山區松江路133巷與南京東路2段115巷口,0,0,1,1,C03,8,6,5,30,4,1,1,5,4,5,13,4,4,10,5,5,2,15,1,69,3,10,6,1,7,9,1,10,2,11,,72,,1,21,121.5336429,25.0543606
113,2,23,12,31,2,03中山區,中山區松江路133巷與南京東路2段115巷口,0,0,1,2,C03,8,6,5,30,4,1,1,5,4,5,13,4,4,10,5,5,2,15,1,45,2,9,5,1,7,9,1,10,2,12,,14,,1,21,121.5336429,25.0543606
113,2,23,13,0,2,07信義區,信義區莊敬路289巷與莊敬路289巷5弄口,0,0,1,1,B03,7,5,5,30,4,2,1,5,4,5,13,4,4,10,5,5,2,17,1,23,3,10,7,1,7,9,1,8,1,1,,75,,1,22,121.5633719,25.0289601
113,2,23,13,0,2,07信義區,信義區莊敬路289巷與莊敬路289巷5弄口,0,0,1,2,C03,7,5,5,30,4,2,1,5,4,5,13,4,4,10,5,5,2,17,2,52,2,9,6,1,7,9,1,10,1,14,,14,,1,22,121.5633719,25.0289601
113,2,23,13,1,2,04大安區,大安區敦化南路1段190巷與忠孝東路4段77巷口口,0,0,2,1,C03,7,6,5,30,4,1,1,5,4,5,13,4,4,9,4,5,2,15,1,43,2,9,5,1,7,9,1,10,1,14,,14,,1,21,121.5471884,25.042658
113,2,23,13,1,2,04大安區,大安區敦化南路1段190巷與忠孝東路4段77巷口口,0,0,2,2,C03,7,6,5,30,4,1,1,5,4,5,13,4,4,9,4,5,2,15,1,55,2,9,5,1,7,9,1,10,1,11,,14,,1,21,121.5471884,25.042658
113,2,23,13,36,2,01大同區,大同區民權西路與蘭州街口,0,0,2,1,C03,8,6,5,50,4,1,1,5,4,5,13,2,1,1,4,5,2,17,1,19,2,9,5,4,7,5,1,10,1,14,,8,,1,21,121.5154791,25.0631808
113,2,23,13,36,2,01大同區,大同區民權西路與蘭州街口,0,0,2,2,C03,8,6,5,50,4,1,1,5,4,5,13,2,1,1,4,5,2,17,1,32,2,8,5,4,7,9,1,10,1,11,,44,,1,21,121.5154791,25.0631808
113,2,23,13,53,2,04大安區,大安區敦化南路1段246號,0,0,1,1,B02,7,5,5,50,14,9,1,5,4,5,13,4,4,9,4,1,1,13,1,37,3,10,3,4,7,9,1,8,1,1,,108,,1,21,121.5488335,25.0396347
113,2,23,13,53,2,04大安區,大安區敦化南路1段246號,0,0,1,2,B01,7,5,5,50,14,9,1,5,4,5,13,4,4,9,4,1,1,13,1,53,2,8,3,4,7,14,1,8,1,3,,44,,1,21,121.5488335,25.0396347
113,2,23,13,53,2,04大安區,大安區敦化南路1段246號,0,0,1,3,B12,7,5,5,50,14,9,1,5,4,5,13,4,4,9,4,1,1,13,1,29,3,10,3,4,7,14,1,8,1,3,,44,,1,21,121.5488335,25.0396347
113,2,23,13,53,2,04大安區,大安區敦化南路1段246號,0,0,1,4,B03,7,5,5,50,14,9,1,5,4,5,13,4,4,9,4,1,1,13,1,50,3,10,3,4,7,14,1,8,1,3,,44,,1,21,121.5488335,25.0396347
113,2,23,14,43,2,08士林區,士林區莊頂路與莊頂路80巷口,0,0,1,1,C03,8,6,5,30,5,2,1,5,4,5,13,4,4,10,5,5,2,17,4,0,4,11,3,4,7,21,7,19,11,15,,119,,2,22,121.5523181,25.11010182
113,2,23,14,43,2,08士林區,士林區莊頂路與莊頂路80巷口,0,0,1,2,C03,8,6,5,30,5,2,1,5,4,5,13,4,4,10,5,5,2,17,1,42,2,9,5,1,7,9,1,10,2,17,,44,,1,21,121.5523181,25.11010182
113,2,23,16,10,2,12內湖區,內湖區民權東路6段16號附近,0,0,1,1,B03,7,6,5,50,14,9,1,5,4,5,13,4,4,1,3,5,1,13,1,43,3,10,7,1,7,9,1,8,2,1,,16,,1,21,121.5772068,25.06625592
113,2,23,16,10,2,12內湖區,內湖區民權東路6段16號附近,0,0,1,2,B01,7,6,5,50,14,9,1,5,4,5,13,4,4,1,3,5,1,13,1,64,2,2,7,1,7,14,1,8,2,3,,44,,1,21,121.5772068,25.06625592
113,2,23,16,18,2,08士林區,士林區文林路與文林路404巷口口,0,0,1,1,B03,8,6,5,30,3,1,1,5,4,5,13,4,4,10,5,5,2,17,1,64,3,10,3,4,7,6,1,8,9,17,,72,,1,21,121.5249338,25.0939836
113,2,23,16,18,2,08士林區,士林區文林路與文林路404巷口口,0,0,1,2,A02,8,6,5,30,3,1,1,5,4,5,13,4,4,10,5,5,2,17,1,56,3,10,7,1,7,9,1,6,2,17,,44,,1,21,121.5249338,25.0939836
113,2,23,16,18,2,08士林區,士林區文林路與文林路404巷口口,0,0,1,3,H02,8,6,5,30,3,1,1,5,4,5,13,4,4,10,5,5,2,17,2,86,2,1,3,5,7,17,8,20,10,16,,67,,1,21,121.5249338,25.0939836
113,2,23,16,43,2,08士林區,士林區延平北路6段與社正路口,0,0,1,1,C03,8,6,8,50,3,2,1,5,4,5,13,4,4,9,4,5,1,16,1,68,3,10,3,4,7,5,1,10,1,14,,73,,1,21,121.50883,25.0880597
113,2,23,16,43,2,08士林區,士林區延平北路6段與社正路口,0,0,1,2,C03,8,6,8,50,3,2,1,5,4,5,13,4,4,9,4,5,1,16,1,28,2,9,3,4,7,9,1,10,1,12,,44,,1,21,121.50883,25.0880597
113,2,23,16,44,2,04大安區,大安區和平東路1段162號,0,0,1,1,C03,7,6,5,50,14,9,1,5,4,5,13,4,4,1,4,5,2,17,1,72,3,10,5,4,7,4,1,10,1,13,,108,,1,22,121.5271169,25.0266273
113,2,23,16,44,2,04大安區,大安區和平東路1段162號,0,0,1,2,C03,7,6,5,50,14,9,1,5,4,5,13,4,4,1,4,5,2,17,2,34,2,9,6,4,7,9,1,10,1,11,,44,,1,22,121.5271169,25.0266273
113,2,23,16,50,2,01大同區,大同區民生西路305號對面,0,0,1,1,B03,7,6,5,50,14,9,1,5,4,5,13,4,4,9,4,5,2,17,1,63,3,10,7,1,7,5,1,8,1,1,,8,,1,21,121.512684,25.0569436
113,2,23,16,50,2,01大同區,大同區民生西路305號對面,0,0,1,2,C03,7,6,5,50,14,9,1,5,4,5,13,4,4,9,4,5,2,17,1,18,2,9,5,1,7,9,1,10,1,11,,13,,1,21,121.512684,25.0569436
113,2,23,17,9,2,10文山區,文山區光輝路與忠順街1段9巷口口,0,0,1,3,H02,7,6,5,50,4,1,1,5,4,5,13,4,4,10,5,5,2,15,2,43,2,4,7,5,7,20,8,20,10,16,,72,,1,21,121.5566095,24.98492685
113,2,23,17,9,2,10文山區,文山區光輝路與忠順街1段9巷口口,0,0,1,2,B03,7,6,5,50,4,1,1,5,4,5,13,4,4,10,5,5,2,15,1,43,3,10,7,1,7,9,1,8,2,6,,44,,1,21,121.5566095,24.98492685
113,2,23,17,9,2,10文山區,文山區光輝路與忠順街1段9巷口口,0,0,1,1,C03,7,6,5,50,4,1,1,5,4,5,13,4,4,10,5,5,2,15,1,76,2,8,5,1,7,9,1,10,2,11,,72,,1,21,121.5566095,24.98492685
113,2,23,17,17,2,04大安區,大安區市民大道3段與八德路2段口,0,0,1,1,B03,7,5,5,40,14,9,1,5,4,5,13,2,1,1,4,5,2,12,2,59,4,11,3,4,7,7,7,19,11,15,,100,,2,22,121.5342501,25.0449607
113,2,23,17,17,2,04大安區,大安區市民大道3段與八德路2段口,0,0,1,2,C03,7,5,5,40,14,9,1,5,4,5,13,2,1,1,4,5,2,12,1,52,2,9,6,1,7,9,1,10,1,12,,108,,1,21,121.5342501,25.0449607
113,2,23,17,17,2,04大安區,大安區市民大道3段與八德路2段口,0,0,1,3,B03,7,5,5,40,14,9,1,5,4,5,13,2,1,1,4,5,2,12,2,64,3,10,7,1,7,9,1,8,1,5,,44,,1,21,121.5342501,25.0449607
113,2,23,17,24,2,03中山區,中山區復興北路422號,0,0,1,1,B03,8,6,5,50,14,9,1,5,4,5,13,4,4,1,4,5,2,12,2,38,3,10,7,1,7,8,1,8,1,2,,100,,1,21,121.5441321,25.0627541
113,2,23,17,24,2,03中山區,中山區復興北路422號,0,0,1,2,C03,8,6,5,50,14,9,1,5,4,5,13,4,4,1,4,5,2,12,1,48,2,9,5,1,7,9,1,10,1,14,,108,,1,21,121.5441321,25.0627541
113,2,23,17,33,2,02萬華區,萬華區和平西路3段與梧州街口,0,0,1,1,C03,8,6,5,50,4,1,1,5,4,5,13,2,1,1,4,4,2,15,1,79,2,9,5,1,7,9,1,11,1,12,,81,,1,21,121.4976046,25.03531407
113,2,23,17,33,2,02萬華區,萬華區和平西路3段與梧州街口,0,0,1,2,C03,8,6,5,50,4,1,1,5,4,5,13,2,1,1,4,4,2,15,1,71,3,10,5,1,7,9,1,10,1,11,,44,,1,21,121.4976046,25.03531407
113,2,23,17,40,2,08士林區,士林區堤外便道與社正路口越堤道口,0,0,1,1,C03,8,5,5,30,3,1,1,5,4,5,13,4,4,10,5,5,2,17,2,19,2,8,6,1,7,9,1,10,1,11,,16,,1,21,121.5115423,25.0904832
113,2,23,17,40,2,08士林區,士林區堤外便道與社正路口越堤道口,0,0,1,2,C03,8,5,5,30,3,1,1,5,4,5,13,4,4,10,5,5,2,17,2,22,3,10,6,1,7,12,1,10,1,13,,44,,1,21,121.5115423,25.0904832
113,2,23,17,40,2,08士林區,士林區堤外便道與社正路口越堤道口,0,0,1,3,B03,8,5,5,30,3,1,1,5,4,5,13,4,4,10,5,5,2,17,1,60,3,10,3,4,7,9,1,7,1,8,,44,,1,21,121.5115423,25.0904832
113,2,23,18,0,2,04大安區,大安區市民大道4段與光復南路口,0,0,1,1,B03,7,5,5,40,4,2,1,5,4,5,13,2,1,8,3,5,1,12,1,57,3,10,7,1,7,9,1,8,1,5,,42,,1,21,121.5577176,25.044962
113,2,23,18,0,2,04大安區,大安區市民大道4段與光復南路口,0,0,1,2,C03,7,5,5,40,4,2,1,5,4,5,13,2,1,8,3,5,1,12,1,31,2,8,5,1,7,9,1,10,1,14,,42,,1,26,121.5577176,25.044962
113,2,23,18,3,2,08士林區,士林區延平北路8段2巷與延平北路8段2巷200弄口,0,0,3,2,C03,8,5,5,30,3,2,1,5,4,5,13,4,4,10,5,5,1,17,1,70,2,7,5,1,7,9,1,10,2,11,,44,,1,21,121.5183568,25.04847309
113,2,23,18,3,2,08士林區,士林區延平北路8段2巷與延平北路8段2巷200弄口,0,0,3,1,C03,8,5,5,30,3,2,1,5,4,5,13,4,4,10,5,5,1,17,1,24,2,9,5,1,7,5,1,10,2,11,,72,,1,21,121.5183568,25.04847309
113,2,23,18,3,2,08士林區,士林區延平北路8段2巷與延平北路8段2巷200弄口,0,0,3,3,H02,8,5,5,30,3,2,1,5,4,5,13,4,4,10,5,5,1,17,2,70,2,4,5,5,7,20,8,20,10,16,,67,,1,21,121.5183568,25.04847309
113,2,23,18,6,2,06松山區,松山區南京東路5段與三民路口,0,0,1,1,C03,7,5,5,50,4,1,1,5,4,5,13,2,1,9,4,5,2,13,2,68,4,11,3,4,7,9,1,10,11,11,,16,,2,22,121.5639947,25.0513418
113,2,23,18,6,2,06松山區,松山區南京東路5段與三民路口,0,0,1,2,C03,7,5,5,50,4,1,1,5,4,5,13,2,1,9,4,5,2,13,2,51,2,8,6,1,7,12,1,10,1,13,,44,,1,22,121.5639947,25.0513418
113,2,23,18,8,2,06松山區,松山區民權大橋(西往東),0,0,2,1,C03,7,5,5,40,8,11,1,5,4,5,13,4,4,1,4,5,2,17,1,38,3,10,3,4,7,9,1,10,11,15,,44,,1,22,121.5663609,25.06338006
113,2,23,18,8,2,06松山區,松山區民權大橋(西往東),0,0,2,2,C03,7,5,5,40,8,11,1,5,4,5,13,4,4,1,4,5,2,17,2,29,2,9,6,4,7,9,1,10,2,11,,42,,1,21,121.5663609,25.06338006
113,2,23,18,8,2,06松山區,松山區民權大橋(西往東),0,0,2,3,C03,7,5,5,40,8,11,1,5,4,5,13,4,4,1,4,5,2,17,1,64,3,10,6,4,7,9,1,10,2,14,,44,,1,21,121.5663609,25.06338006
113,2,23,18,8,2,06松山區,松山區民權大橋(西往東),0,0,2,4,C03,7,5,5,40,8,11,1,5,4,5,13,4,4,1,4,5,2,17,1,24,3,10,6,4,7,9,1,10,2,13,,44,,1,21,121.5663609,25.06338006
113,2,23,18,8,2,06松山區,松山區民權大橋(西往東),0,0,2,5,C03,7,5,5,40,8,11,1,5,4,5,13,4,4,1,4,5,2,17,1,70,3,10,3,4,7,9,1,10,11,11,,16,,2,21,121.5663609,25.06338006
113,2,23,18,8,2,06松山區,松山區民權大橋(西往東),0,0,2,6,C03,7,5,5,40,8,11,1,5,4,5,13,4,4,1,4,5,2,17,1,45,2,7,6,4,7,9,1,10,2,11,,16,,1,21,121.5663609,25.06338006
113,2,23,18,10,2,12內湖區,內湖區康寧路3段與康寧路3段222巷口,0,0,1,1,B03,7,5,5,50,4,2,1,5,4,5,13,1,1,5,4,5,2,13,2,34,3,10,7,1,7,9,1,8,1,1,,16,,1,21,121.6111776,25.06563754
113,2,23,18,10,2,12內湖區,內湖區康寧路3段與康寧路3段222巷口,0,0,1,2,B03,7,5,5,50,4,2,1,5,4,5,13,1,1,5,4,5,2,13,1,56,3,10,7,1,7,14,1,8,1,3,,44,,1,21,121.6111776,25.06563754
113,2,23,18,10,2,12內湖區,內湖區康寧路3段與康寧路3段222巷口,0,0,1,3,H02,7,5,5,50,4,2,1,5,4,5,13,1,1,5,4,5,2,13,2,55,2,5,7,5,7,21,8,20,10,16,,67,,1,21,121.6111776,25.06563754