發生年度,發生月,發生日,發生時-Hours,發生分,處理別-編號,區序,肇事地點,死亡人數,2-30日死亡人數,受傷人數,當事人序號,車種,天候,道路照明設備,道路類別,速限-速度限制,道路型態,事故位置,路面狀況1,路面狀況2,路面狀況3,道路障礙1,道路障礙2,號誌1,號誌2,車道劃分-分向,車道劃分-分道1,車道劃分-分道2,車道劃分-分道3,事故類型及型態,性別,年齡,受傷程度,主要傷處,保護裝置,行動電話,車輛用途,當事者行動狀態,駕駛資格情形,駕駛執照種類,飲酒情形,車輛撞擊部位1,車輛撞擊部位2,肇因碼-個別,肇因碼-主要,個人肇逃否,職業,座標-X,座標-Y
113,2,23,18,20,2,06松山區,松山區民生東路5段與三民路口,0,0,1,1,B01,8,5,8,50,22,22,1,5,4,5,13,2,1,9,4,5,2,17,1,37,3,10,7,1,7,6,1,4,1,5,,78,,1,22,121.5638005,25.05879632
113,2,23,18,20,2,06松山區,松山區民生東路5段與三民路口,0,0,1,2,C03,8,5,8,50,22,22,1,5,4,5,13,2,1,9,4,5,2,17,2,59,2,3,5,1,7,9,1,10,1,13,,44,,1,22,121.5638005,25.05879632
113,2,23,18,21,2,07信義區,信義區吳興街與吳興街260巷口,0,0,3,1,C03,7,5,5,30,14,18,1,4,4,5,13,4,4,9,5,5,2,3,2,26,2,9,6,4,7,9,1,10,1,11,,70,,1,21,121.5639447,25.0267278
113,2,23,18,21,2,07信義區,信義區吳興街與吳興街260巷口,0,0,3,2,H01,7,5,5,30,14,18,1,4,4,5,13,4,4,9,5,5,2,3,2,77,2,9,4,5,8,16,8,20,10,16,,67,,1,21,121.5639447,25.0267278
113,2,23,18,21,2,07信義區,信義區吳興街與吳興街260巷口,0,0,3,3,H01,7,5,5,30,14,18,1,4,4,5,13,4,4,9,5,5,2,3,2,53,2,9,4,5,8,16,8,20,10,16,,67,,1,21,121.5639447,25.0267278
113,2,23,18,28,2,02萬華區,萬華區華中橋機車道往新北市(橋樑伸縮縫:華中023),0,0,3,1,C03,8,5,6,40,8,11,1,5,4,5,13,4,4,1,4,5,2,13,1,28,2,1,5,4,7,9,1,10,9,11,,108,,1,21,121.4954296,25.01511011
113,2,23,18,28,2,02萬華區,萬華區華中橋機車道往新北市(橋樑伸縮縫:華中023),0,0,3,2,C03,8,5,6,40,8,11,1,5,4,5,13,4,4,1,4,5,2,13,2,42,2,3,5,4,7,9,1,10,2,13,,44,,1,21,121.4954296,25.01511011
113,2,23,18,28,2,02萬華區,萬華區華中橋機車道往新北市(橋樑伸縮縫:華中023),0,0,3,3,H02,8,5,6,40,8,11,1,5,4,5,13,4,4,1,4,5,2,13,1,46,2,8,5,5,7,20,8,20,10,16,,67,,1,21,121.4954296,25.01511011
113,2,23,18,30,2,01大同區,大同區延平北路3段與延平北路3段66巷口,0,0,2,1,C03,7,5,5,50,3,2,1,5,4,5,13,4,4,5,2,5,2,17,1,49,2,9,5,1,7,5,1,10,1,12,,74,,1,21,121.511015,25.0654494
113,2,23,18,30,2,01大同區,大同區延平北路3段與延平北路3段66巷口,0,0,2,2,C03,7,5,5,50,3,2,1,5,4,5,13,4,4,5,2,5,2,17,1,29,2,9,5,1,7,9,1,10,1,11,,13,,1,21,121.511015,25.0654494
113,2,23,18,30,2,03中山區,中山區民族東路與民族東路口無名巷,0,0,1,1,C03,7,5,5,50,3,1,1,5,4,5,13,4,4,3,4,5,2,17,1,45,2,9,6,1,7,6,1,10,1,12,,74,,1,21,121.5240046,25.06845912
113,2,23,18,30,2,03中山區,中山區民族東路與民族東路口無名巷,0,0,1,2,C03,7,5,5,50,3,1,1,5,4,5,13,4,4,3,4,5,2,17,1,37,3,10,6,1,7,9,1,10,1,14,,14,,1,21,121.5240046,25.06845912
113,2,23,18,35,2,02萬華區,萬華區中華路2段與廣州街口,0,0,2,1,C03,8,5,5,50,4,1,1,1,4,5,13,1,1,1,4,4,2,12,2,38,2,7,5,1,7,8,1,10,1,12,,100,,1,21,121.5072678,25.03517566
113,2,23,18,35,2,02萬華區,萬華區中華路2段與廣州街口,0,0,2,2,C03,8,5,5,50,4,1,1,1,4,5,13,1,1,1,4,4,2,12,2,36,3,10,5,1,7,15,1,10,1,14,,32,,1,21,121.5072678,25.03517566
113,2,23,18,35,2,02萬華區,萬華區中華路2段與廣州街口,0,0,2,3,H02,8,5,5,50,4,1,1,1,4,5,13,1,1,1,4,4,2,12,1,37,2,8,5,5,7,20,8,20,10,16,,67,,1,21,121.5072678,25.03517566
113,2,23,18,40,2,05中正區,中正區福和橋往新北上橋處,0,0,1,1,C03,8,5,5,50,14,9,1,5,4,5,13,4,4,1,4,5,2,12,1,61,2,8,5,1,7,10,1,10,2,14,,100,,1,21,121.5353749,25.01073448
113,2,23,18,40,2,05中正區,中正區福和橋往新北上橋處,0,0,1,2,C01,8,5,5,50,14,9,1,5,4,5,13,4,4,1,4,5,2,12,1,52,3,10,5,1,7,9,1,9,2,12,,17,,1,21,121.5353749,25.01073448
113,2,23,18,44,2,05中正區,中正區師大路上水源快速道路匝道,0,0,1,1,C01,7,5,5,40,14,16,1,5,4,5,13,4,4,1,5,5,1,13,2,23,2,8,6,1,7,9,1,9,1,11,,16,,1,22,121.5227666,25.0200613
113,2,23,18,44,2,05中正區,中正區師大路上水源快速道路匝道,0,0,1,2,B03,7,5,5,40,14,16,1,5,4,5,13,4,4,1,5,5,1,13,2,36,3,10,7,1,7,14,1,8,1,6,,44,,1,22,121.5227666,25.0200613
113,2,23,19,5,2,05中正區,中正區羅斯福路2段與羅斯福路2段66巷口,0,0,1,1,B11,7,5,5,50,3,2,1,5,4,5,13,4,4,1,4,5,2,17,1,40,3,10,7,1,7,8,1,1,1,2,,100,,1,22,121.5219854,25.0274348
113,2,23,19,5,2,05中正區,中正區羅斯福路2段與羅斯福路2段66巷口,0,0,1,2,C04,7,5,5,50,3,2,1,5,4,5,13,4,4,1,4,5,2,17,2,48,2,9,5,1,7,9,1,10,1,14,,44,,1,22,121.5219854,25.0274348
113,2,23,19,22,2,07信義區,信義區信義路5段與松德路口,0,0,2,1,C03,6,5,5,50,4,1,1,4,4,5,13,2,1,3,2,4,2,12,1,28,2,8,6,1,7,9,1,10,2,12,,86,,1,21,121.5745975,25.0333959
113,2,23,19,22,2,07信義區,信義區信義路5段與松德路口,0,0,2,2,C03,6,5,5,50,4,1,1,4,4,5,13,2,1,3,2,4,2,12,2,25,2,8,6,1,7,9,1,10,2,14,,44,,1,21,121.5745975,25.0333959
113,2,23,20,11,2,04大安區,大安區信義路3段147巷與信義路3段口,0,0,1,1,B02,7,5,5,50,4,2,1,5,4,5,13,2,1,8,3,5,1,17,1,39,3,10,7,1,7,5,1,8,1,8,,98,,1,21,121.5419685,25.0335383
113,2,23,20,11,2,04大安區,大安區信義路3段147巷與信義路3段口,0,0,1,2,C03,7,5,5,50,4,2,1,5,4,5,13,2,1,8,3,5,1,17,1,37,2,9,5,1,7,9,1,10,1,11,,44,,1,21,121.5419685,25.0335383
113,2,23,21,2,2,08士林區,士林區延平北路5段與中正路口,0,0,1,1,B03,8,5,5,50,4,2,1,5,4,5,13,2,1,1,4,5,1,17,1,68,3,10,7,1,7,5,1,8,1,1,,16,,1,21,121.5091617,25.0868391
113,2,23,21,2,2,08士林區,士林區延平北路5段與中正路口,0,0,1,2,C03,8,5,5,50,4,2,1,5,4,5,13,2,1,1,4,5,1,17,1,33,2,8,5,1,7,14,1,10,1,13,,44,,1,21,121.5091617,25.0868391
113,2,23,21,11,2,03中山區,中山區北安路與大直街口,0,0,2,1,C03,8,5,5,50,4,1,1,5,4,5,13,1,1,1,4,5,2,17,1,28,2,8,6,1,7,5,1,10,1,14,,96,,1,21,121.5473542,25.0799377
113,2,23,21,11,2,03中山區,中山區北安路與大直街口,0,0,2,2,B02,8,5,5,50,4,1,1,5,4,5,13,1,1,1,4,5,2,17,1,27,3,10,7,1,7,9,1,8,1,5,,44,,1,21,121.5473542,25.0799377
113,2,23,21,11,2,03中山區,中山區北安路與大直街口,0,0,2,3,H02,8,5,5,50,4,1,1,5,4,5,13,1,1,1,4,5,2,17,2,56,2,7,6,5,7,20,8,20,10,16,,67,,1,21,121.5473542,25.0799377
113,2,23,21,23,2,11南港區,南港區興中路28巷28號,0,0,2,1,B03,6,5,5,50,14,9,1,4,4,5,13,4,4,9,4,5,2,12,1,52,3,10,7,1,7,1,1,14,1,8,,19,,1,22,121.6064207,25.0554194
113,2,23,21,23,2,11南港區,南港區興中路28巷28號,0,0,2,2,C03,6,5,5,50,14,9,1,4,4,5,13,4,4,9,4,5,2,12,1,23,2,9,5,1,7,9,1,10,1,13,,44,,1,22,121.6064207,25.0554194
113,2,23,21,23,2,11南港區,南港區興中路28巷28號,0,0,2,3,H02,6,5,5,50,14,9,1,4,4,5,13,4,4,9,4,5,2,12,2,23,2,9,5,5,7,20,8,20,10,16,,67,,1,22,121.6064207,25.0554194
113,2,23,21,46,2,03中山區,中山區天津街與市民大道2段口,0,0,1,1,F01,8,5,5,0,14,20,4,5,3,5,13,4,4,10,5,5,2,18,1,52,2,7,4,1,7,10,8,20,1,11,,102,,1,21,121.5217852,25.04812415
113,2,23,21,46,2,03中山區,中山區天津街與市民大道2段口,0,0,1,2,H03,8,5,5,0,14,20,4,5,3,5,13,4,4,10,5,5,2,18,3,0,,,,,,,,,,,,67,,1,,121.5217852,25.04812415
113,2,23,22,3,2,03中山區,中山區建國北路2段與民權東路3段口,0,0,1,1,B01,8,5,5,50,4,1,1,5,4,5,13,1,1,10,4,5,2,12,1,57,3,10,7,1,7,6,1,4,1,2,,9,,1,21,121.5377458,25.0622272
113,2,23,22,3,2,03中山區,中山區建國北路2段與民權東路3段口,0,0,1,2,C03,8,5,5,50,4,1,1,5,4,5,13,1,1,10,4,5,2,12,2,26,2,9,5,1,7,9,1,10,1,14,,86,,1,21,121.5377458,25.0622272
113,2,23,22,6,2,07信義區,信義區和平東路3段與和平東路3段632巷口,0,0,1,1,B03,7,5,5,40,4,1,1,5,4,5,13,4,4,5,4,5,2,17,1,64,3,10,7,1,7,5,1,8,1,1,,74,,1,21,121.5627661,25.0136179
113,2,23,22,6,2,07信義區,信義區和平東路3段與和平東路3段632巷口,0,0,1,2,C03,7,5,5,40,4,1,1,5,4,5,13,4,4,5,4,5,2,17,1,27,2,9,6,1,7,9,1,10,1,11,,13,,1,21,121.5627661,25.0136179
113,2,23,22,23,2,04大安區,大安區敦南街與基隆路3段口,0,0,1,1,B03,7,5,5,30,3,2,1,5,4,5,13,4,4,1,4,5,2,17,1,56,3,10,7,1,7,6,1,8,1,15,,72,,1,21,121.5480986,25.0205576
113,2,23,22,23,2,04大安區,大安區敦南街與基隆路3段口,0,0,1,2,C03,7,5,5,30,3,2,1,5,4,5,13,4,4,1,4,5,2,17,2,20,2,9,6,1,7,12,1,10,1,17,,13,,1,21,121.5480986,25.0205576
113,2,23,22,24,2,05中正區,中正區南海路與牯嶺街口,0,0,1,1,B01,7,5,5,30,4,1,1,5,4,5,13,1,1,10,4,5,2,12,1,55,3,10,7,1,7,9,1,3,2,4,,108,,1,21,121.5150347,25.0320177
113,2,23,22,24,2,05中正區,中正區南海路與牯嶺街口,0,0,1,2,C03,7,5,5,30,4,1,1,5,4,5,13,1,1,10,4,5,2,12,2,25,2,7,5,1,7,9,1,10,2,12,,17,,1,21,121.5150347,25.0320177
113,2,23,22,46,2,07信義區,信義區環東大道下基隆路匝道,0,0,2,1,B03,6,5,5,40,10,7,1,4,4,5,13,1,1,9,4,5,2,13,2,32,2,8,7,1,7,9,1,8,1,1,,16,,1,22,121.567805,25.04669162
113,2,23,22,46,2,07信義區,信義區環東大道下基隆路匝道,0,0,2,2,B01,6,5,5,40,10,7,1,4,4,5,13,1,1,9,4,5,2,13,1,55,2,1,7,1,7,14,1,4,1,3,,44,,1,21,121.567805,25.04669162
113,2,23,22,52,2,01大同區,大同區民生西路292號,0,0,1,1,C03,7,5,5,50,14,9,1,5,4,5,13,4,4,9,5,5,2,17,1,59,2,9,5,4,7,9,1,10,2,11,,107,,1,22,121.5126485,25.0569074
113,2,23,22,52,2,01大同區,大同區民生西路292號,0,0,1,2,B03,7,5,5,50,14,9,1,5,4,5,13,4,4,9,5,5,2,17,1,36,3,10,3,4,7,11,1,8,2,6,,10,,1,22,121.5126485,25.0569074
113,2,23,23,15,2,03中山區,中山區林森北路與新生北路2段76巷口,0,0,1,1,C03,7,5,5,30,4,2,1,5,4,5,13,4,4,5,4,5,2,17,2,52,3,10,3,4,7,5,1,10,1,17,,74,,1,21,121.5255413,25.0575194
113,2,23,23,15,2,03中山區,中山區林森北路與新生北路2段76巷口,0,0,1,2,C03,7,5,5,30,4,2,1,5,4,5,13,4,4,5,4,5,2,17,2,20,2,9,3,4,7,9,1,10,1,17,,42,,1,22,121.5255413,25.0575194
113,2,23,23,20,2,07信義區,信義區市民高架道,0,0,1,1,B02,8,7,5,80,10,7,1,5,4,5,13,4,4,3,4,5,2,12,1,34,3,10,3,4,7,15,1,8,2,2,4,61,,1,21,121.5629218,25.0449492
113,2,23,23,20,2,07信義區,信義區市民高架道,0,0,1,2,B03,8,7,5,80,10,7,1,5,4,5,13,4,4,3,4,5,2,12,1,74,3,10,3,4,7,15,1,8,2,4,,108,,1,21,121.5629218,25.0449492
113,2,23,23,20,2,07信義區,信義區市民高架道,0,0,1,3,B03,8,7,5,80,10,7,1,5,4,5,13,4,4,3,4,5,2,12,1,52,2,8,3,4,7,9,1,8,2,5,,108,,1,21,121.5629218,25.0449492
113,2,23,23,45,2,02萬華區,萬華區西園路2段219號,0,0,1,1,B01,8,5,5,50,14,9,1,5,4,5,13,4,4,8,3,5,1,17,1,39,3,10,7,1,7,10,1,4,1,2,,100,,1,21,121.4939565,25.02704535
113,2,23,23,45,2,02萬華區,萬華區西園路2段219號,0,0,1,2,C03,8,5,5,50,14,9,1,5,4,5,13,4,4,8,3,5,1,17,1,24,2,7,5,1,7,12,1,10,1,14,,44,,1,21,121.4939565,25.02704535
113,2,24,0,47,2,02萬華區,萬華區環河南路3段與萬大路口,0,0,1,1,H01,8,5,5,50,4,2,1,5,4,5,13,2,1,8,3,5,1,3,1,67,2,8,4,5,8,16,8,20,9,16,,121,,1,22,121.4958676,25.0164906
113,2,24,0,47,2,02萬華區,萬華區環河南路3段與萬大路口,0,0,1,2,A11,8,5,5,50,4,2,1,5,4,5,13,2,1,8,3,5,1,3,1,54,3,10,3,4,7,5,1,3,9,8,,108,,1,22,121.4958676,25.0164906
113,2,24,0,58,2,06松山區,松山區復興北路99號,0,0,1,1,B01,7,5,5,50,14,9,1,5,4,5,13,4,4,1,4,5,2,12,1,56,3,10,3,4,7,7,1,4,2,5,,100,,1,21,121.5441843,25.0530525
113,2,24,0,58,2,06松山區,松山區復興北路99號,0,0,1,2,C03,7,5,5,50,14,9,1,5,4,5,13,4,4,1,4,5,2,12,2,23,2,9,6,4,7,9,1,10,2,14,,44,,1,21,121.5441843,25.0530525
113,2,24,2,21,2,05中正區,中正區忠孝東路1段與忠孝東路1段70巷口,0,0,2,1,C04,8,5,5,50,3,1,1,5,4,5,13,4,4,1,4,1,2,16,1,21,2,9,6,1,7,6,1,10,2,13,,9,,1,21,121.523767,25.0446068
113,2,24,2,21,2,05中正區,中正區忠孝東路1段與忠孝東路1段70巷口,0,0,2,2,C03,8,5,5,50,3,1,1,5,4,5,13,4,4,1,4,1,2,16,1,24,2,9,6,1,7,9,1,10,2,11,,13,,1,21,121.523767,25.0446068
113,2,24,3,25,2,07信義區,信義區松仁路89號,0,0,1,1,B01,6,5,5,50,14,18,1,4,4,5,13,3,1,1,4,5,2,3,1,70,3,10,3,4,7,9,1,8,2,1,,70,,1,21,121.5684547,25.0374276
113,2,24,3,25,2,07信義區,信義區松仁路89號,0,0,1,2,H01,6,5,5,50,14,18,1,4,4,5,13,3,1,1,4,5,2,3,2,34,2,9,4,5,8,16,8,20,10,16,,67,,1,21,121.5684547,25.0374276
113,2,24,4,28,2,07信義區,信義區市民大道6段250號,0,0,1,1,C03,6,5,5,40,14,9,1,4,4,5,13,1,1,1,4,5,2,37,1,26,2,9,3,4,7,7,1,10,7,15,,100,,1,21,121.5774272,25.0488883
113,2,24,4,28,2,07信義區,信義區市民大道6段250號,0,0,1,2,,6,5,5,40,14,9,1,4,4,5,13,1,1,1,4,5,2,37,3,0,,,,,,,,,,,,67,,1,,121.5774272,25.0488883
113,2,24,7,4,2,10文山區,文山區木柵路1段與木柵路1段58巷口,0,0,1,1,C03,8,6,5,50,14,9,1,5,4,5,13,4,4,5,4,5,2,17,1,70,2,9,6,1,7,1,1,10,2,14,,19,,1,21,121.5475255,24.9869438
113,2,24,7,4,2,10文山區,文山區木柵路1段與木柵路1段58巷口,0,0,1,2,B12,8,6,5,50,14,9,1,5,4,5,13,4,4,5,4,5,2,17,1,35,3,10,7,1,7,9,1,8,2,5,,44,,1,21,121.5475255,24.9869438
113,2,24,7,9,2,02萬華區,萬華區西園路2段96巷與西園路2段140巷口,0,0,2,1,B03,8,7,5,50,5,2,1,5,4,5,13,4,4,5,5,5,2,3,1,67,3,10,7,1,7,5,1,8,1,1,,42,,1,21,121.4952792,25.03131978
113,2,24,7,9,2,02萬華區,萬華區西園路2段96巷與西園路2段140巷口,0,0,2,2,H01,8,7,5,50,5,2,1,5,4,5,13,4,4,5,5,5,2,3,2,67,2,5,4,5,8,16,8,20,10,16,,121,,1,21,121.4952792,25.03131978
113,2,24,7,9,2,02萬華區,萬華區西園路2段96巷與西園路2段140巷口,0,0,2,3,H01,8,7,5,50,5,2,1,5,4,5,13,4,4,5,5,5,2,3,1,70,2,6,4,5,8,16,8,20,10,16,,121,,1,21,121.4952792,25.03131978
113,2,24,7,26,2,02萬華區,萬華區和平西路3段與桂林路246巷口,0,0,2,1,C03,7,5,5,30,3,2,1,5,4,5,13,1,1,1,5,5,2,13,1,63,2,9,6,1,7,9,1,10,1,11,,16,,1,21,121.4908168,25.0355871
113,2,24,7,26,2,02萬華區,萬華區和平西路3段與桂林路246巷口,0,0,2,2,C03,7,5,5,30,3,2,1,5,4,5,13,1,1,1,5,5,2,13,1,61,2,8,6,1,7,9,1,10,1,13,,44,,1,21,121.4908168,25.0355871
113,2,24,7,40,2,07信義區,信義區市民大道6段與松信路口口,0,0,2,1,C03,8,7,8,50,4,1,1,5,4,5,13,1,1,5,4,5,2,17,1,20,2,8,6,1,7,5,1,10,1,14,,8,,1,22,121.5722442,25.049226
113,2,24,7,40,2,07信義區,信義區市民大道6段與松信路口口,0,0,2,2,C03,8,7,8,50,4,1,1,5,4,5,13,1,1,5,4,5,2,17,1,32,2,9,6,1,7,9,1,10,1,12,,13,,1,22,121.5722442,25.049226
113,2,24,7,52,2,07信義區,信義區和平東路3段391巷7弄與和平東路3段391巷口,0,0,1,1,C03,8,6,5,30,3,1,1,4,4,5,13,4,4,9,5,5,2,15,2,27,2,9,5,1,7,9,1,10,1,11,,13,,1,21,121.5595665,25.0208499
113,2,24,7,52,2,07信義區,信義區和平東路3段391巷7弄與和平東路3段391巷口,0,0,1,2,C03,8,6,5,30,3,1,1,4,4,5,13,4,4,9,5,5,2,15,1,76,3,10,5,1,7,9,1,10,1,13,,14,,1,21,121.5595665,25.0208499
113,2,24,8,3,2,09北投區,北投區承德路7段與立農街1段口,0,0,2,1,C03,8,7,5,60,3,2,1,5,4,5,13,4,4,1,4,5,2,16,2,30,2,9,6,1,7,6,1,10,1,12,,9,,1,22,121.5027645,25.1185912
113,2,24,8,3,2,09北投區,北投區承德路7段與立農街1段口,0,0,2,2,C03,8,7,5,60,3,2,1,5,4,5,13,4,4,1,4,5,2,16,1,65,2,9,5,1,7,9,1,10,1,14,,44,,1,22,121.5027645,25.1185912
113,2,24,8,31,2,11南港區,南港區南港路3段與南港路3段106巷口,0,0,2,1,C03,8,6,5,50,4,1,1,5,4,5,13,1,1,5,4,5,2,16,1,37,2,8,5,4,7,9,1,10,1,11,,13,,1,22,121.5898536,25.0534435
113,2,24,8,31,2,11南港區,南港區南港路3段與南港路3段106巷口,0,0,2,2,C03,8,6,5,50,4,1,1,5,4,5,13,1,1,5,4,5,2,16,2,61,2,9,5,4,7,6,1,10,1,12,,44,,1,22,121.5898536,25.0534435
113,2,24,8,42,2,08士林區,士林區中山北路5段與中山北路5段260巷口銘傳大學對面,0,0,2,1,C03,8,6,5,40,3,1,1,5,4,5,13,1,1,4,3,5,1,12,1,49,2,9,6,1,7,15,1,10,1,14,,100,,1,21,121.5266436,25.0873985
113,2,24,8,42,2,08士林區,士林區中山北路5段與中山北路5段260巷口銘傳大學對面,0,0,2,2,C03,8,6,5,40,3,1,1,5,4,5,13,1,1,4,3,5,1,12,1,26,2,9,6,1,7,9,1,10,1,12,,13,,1,21,121.5266436,25.0873985
113,2,24,9,50,2,03中山區,下長安東路匝道口,0,0,1,1,B02,8,7,5,40,10,16,1,5,4,5,13,4,4,9,4,3,2,13,1,22,4,11,3,4,7,9,3,18,11,1,,16,,2,21,121.537638,25.0481081
113,2,24,9,50,2,03中山區,下長安東路匝道口,0,0,1,2,B03,8,7,5,40,10,16,1,5,4,5,13,4,4,9,4,3,2,13,1,38,2,1,3,4,7,3,1,8,1,3,,44,,1,21,121.537638,25.0481081
113,2,24,9,53,2,07信義區,信義區虎林街164巷與松德路118巷口口,0,0,1,1,B03,8,6,8,30,4,1,1,5,4,5,13,4,4,9,5,5,2,17,1,51,3,10,7,1,7,9,1,8,1,2,,72,,1,22,121.5744981,25.0378408
113,2,24,9,53,2,07信義區,信義區虎林街164巷與松德路118巷口口,0,0,1,2,C03,8,6,8,30,4,1,1,5,4,5,13,4,4,9,5,5,2,17,1,59,2,8,6,1,7,9,1,10,1,17,,13,,1,22,121.5744981,25.0378408
113,2,24,10,0,2,06松山區,松山區塔悠路6號水門旁,0,0,1,1,B03,7,6,5,50,14,9,1,5,4,5,13,4,4,1,4,5,2,12,1,43,3,10,7,1,7,8,1,8,1,5,,100,,1,21,121.5680383,25.06522282
113,2,24,10,0,2,06松山區,松山區塔悠路6號水門旁,0,0,1,2,C03,7,6,5,50,14,9,1,5,4,5,13,4,4,1,4,5,2,12,2,21,2,9,5,1,7,9,1,10,1,11,,44,,1,21,121.5680383,25.06522282
113,2,24,10,7,2,02萬華區,萬華區忠孝橋往北市7010676燈桿,0,0,2,1,C01,7,6,5,50,8,9,1,5,4,5,13,4,4,2,4,5,1,13,1,19,2,9,6,1,7,8,1,10,1,11,,16,,1,21,121.5086799,25.05140632
113,2,24,10,7,2,02萬華區,萬華區忠孝橋往北市7010676燈桿,0,0,2,2,B03,7,6,5,50,8,9,1,5,4,5,13,4,4,2,4,5,1,13,1,53,2,2,7,1,7,8,1,8,1,3,,44,,1,21,121.5086799,25.05140632
113,2,24,10,12,2,07信義區,信義區松高路20巷,0,0,1,1,C03,8,7,5,30,14,9,1,5,4,5,13,4,4,9,4,5,2,18,1,40,2,9,5,1,7,9,1,9,9,14,,42,,1,21,121.5676154,25.0365693
113,2,24,10,12,2,07信義區,信義區松高路20巷,0,0,1,2,,8,7,5,30,14,9,1,5,4,5,13,4,4,9,4,5,2,18,3,0,,,,,,,,,,,,67,,1,,121.5676154,25.0365693
113,2,24,10,47,2,02萬華區,萬華區華中橋往北市(汽車道),0,0,1,1,B03,8,5,5,50,8,7,1,5,4,5,13,4,4,9,4,4,2,17,1,49,3,10,7,4,7,9,1,8,2,1,,108,,1,22,121.4955002,25.0118283
113,2,24,10,47,2,02萬華區,萬華區華中橋往北市(汽車道),0,0,1,2,C03,8,5,5,50,8,7,1,5,4,5,13,4,4,9,4,4,2,17,1,26,2,9,6,1,7,7,1,10,2,13,,44,,1,23,121.4955002,25.0118283
113,2,24,11,21,2,12內湖區,內湖區民權東路6段19巷與民權東路6段口,0,0,1,1,C03,8,5,5,50,4,2,1,5,4,5,13,2,1,9,4,4,2,13,1,23,2,9,6,1,7,9,1,10,2,11,,104,,1,21,121.5815002,25.06803872
113,2,24,11,21,2,12內湖區,內湖區民權東路6段19巷與民權東路6段口,0,0,1,2,C03,8,5,5,50,4,2,1,5,4,5,13,2,1,9,4,4,2,13,2,36,3,10,5,1,7,9,1,10,2,13,,44,,1,21,121.5815002,25.06803872
113,2,24,12,9,2,10文山區,文山區羅斯福路5段與萬盛街口,0,0,2,1,B01,7,6,5,50,4,1,1,5,4,5,13,2,1,1,4,5,2,16,1,68,2,8,7,1,7,6,1,4,2,2,,71,,1,21,121.5383256,25.0081035
113,2,24,12,9,2,10文山區,文山區羅斯福路5段與萬盛街口,0,0,2,2,C03,7,6,5,50,4,1,1,5,4,5,13,2,1,1,4,5,2,16,1,31,2,9,6,1,7,9,1,10,2,11,,44,,1,21,121.5383256,25.0081035
113,2,24,12,26,2,04大安區,大安區忠孝東路3段與建國南路1段口,0,0,1,1,B03,7,6,5,50,4,1,1,5,4,5,13,1,1,10,5,5,2,16,1,36,3,10,7,1,7,6,1,8,1,3,,9,,1,21,121.5369256,25.0416099
113,2,24,12,26,2,04大安區,大安區忠孝東路3段與建國南路1段口,0,0,1,2,C03,7,6,5,50,4,1,1,5,4,5,13,1,1,10,5,5,2,16,1,23,2,9,5,1,7,9,1,10,1,11,,44,,1,21,121.5369256,25.0416099
113,2,24,12,35,2,09北投區,北投區大度路3段270巷與無名路口,0,0,1,1,C03,8,7,5,30,4,1,1,5,4,5,13,4,4,10,5,5,2,15,1,32,2,8,6,1,7,9,1,10,1,11,,72,,1,21,121.4675159,25.12482186
113,2,24,12,35,2,09北投區,北投區大度路3段270巷與無名路口,0,0,1,2,B01,8,7,5,30,4,1,1,5,4,5,13,4,4,10,5,5,2,15,1,61,3,10,7,1,7,9,1,4,1,8,,44,,1,21,121.4675159,25.12482186
113,2,24,12,45,2,01大同區,大同區民權西路245巷與延平北路3段18巷口,0,0,2,1,C03,8,6,5,30,4,1,1,5,4,5,13,4,4,10,5,5,2,15,1,37,2,9,5,4,7,9,1,10,1,11,,80,,1,21,121.5108414,25.063971
113,2,24,12,45,2,01大同區,大同區民權西路245巷與延平北路3段18巷口,0,0,2,2,C03,8,6,5,30,4,1,1,5,4,5,13,4,4,10,5,5,2,15,2,40,2,9,5,4,7,9,1,10,1,12,,13,,1,21,121.5108414,25.063971
113,2,24,12,45,2,04大安區,大安區仁愛路4段27巷與復興南路1段219巷口口,0,0,1,1,B03,8,6,5,30,4,1,1,5,4,5,13,4,4,10,5,5,2,15,2,50,3,10,7,1,7,9,1,8,1,1,,72,,1,22,121.5451894,25.0390105
113,2,24,12,45,2,04大安區,大安區仁愛路4段27巷與復興南路1段219巷口口,0,0,1,2,B03,8,6,5,30,4,1,1,5,4,5,13,4,4,10,5,5,2,15,2,48,3,10,7,1,7,9,1,8,1,2,,14,,1,22,121.5451894,25.0390105
113,2,24,12,45,2,04大安區,大安區仁愛路4段27巷與復興南路1段219巷口口,0,0,1,3,H02,8,6,5,30,4,1,1,5,4,5,13,4,4,10,5,5,2,15,1,12,2,5,7,5,7,17,8,20,10,16,,67,,1,22,121.5451894,25.0390105
113,2,24,13,31,2,08士林區,士林區延平北路6段與洲美快速道路口,0,0,5,1,B12,8,6,5,50,3,1,1,5,4,5,13,1,1,1,4,5,1,17,1,52,2,9,7,1,7,15,1,4,2,1,,107,,1,22,121.4974094,25.0947472
113,2,24,13,31,2,08士林區,士林區延平北路6段與洲美快速道路口,0,0,5,2,B03,8,6,5,50,3,1,1,5,4,5,13,1,1,1,4,5,1,17,1,46,2,9,7,1,7,9,1,8,2,2,,107,,1,22,121.4974094,25.0947472
113,2,24,13,31,2,08士林區,士林區延平北路6段與洲美快速道路口,0,0,5,3,H02,8,6,5,50,3,1,1,5,4,5,13,1,1,1,4,5,1,17,2,47,2,9,7,5,7,20,8,20,10,16,,67,,1,22,121.4974094,25.0947472