發生年度,發生月,發生日,發生時-Hours,發生分,處理別-編號,區序,肇事地點,死亡人數,2-30日死亡人數,受傷人數,當事人序號,車種,天候,道路照明設備,道路類別,速限-速度限制,道路型態,事故位置,路面狀況1,路面狀況2,路面狀況3,道路障礙1,道路障礙2,號誌1,號誌2,車道劃分-分向,車道劃分-分道1,車道劃分-分道2,車道劃分-分道3,事故類型及型態,性別,年齡,受傷程度,主要傷處,保護裝置,行動電話,車輛用途,當事者行動狀態,駕駛資格情形,駕駛執照種類,飲酒情形,車輛撞擊部位1,車輛撞擊部位2,肇因碼-個別,肇因碼-主要,個人肇逃否,職業,座標-X,座標-Y
113,2,24,13,31,2,08士林區,士林區延平北路6段與洲美快速道路口,0,0,5,4,H02,8,6,5,50,3,1,1,5,4,5,13,1,1,1,4,5,1,17,1,17,2,9,7,5,7,20,8,20,10,16,,67,,1,22,121.4974094,25.0947472
113,2,24,13,31,2,08士林區,士林區延平北路6段與洲美快速道路口,0,0,5,5,H02,8,6,5,50,3,1,1,5,4,5,13,1,1,1,4,5,1,17,1,15,2,9,7,5,7,20,8,20,10,16,,67,,1,22,121.4974094,25.0947472
113,2,24,13,40,2,12內湖區,內湖區成功路2段與成功路2段273巷口,0,0,1,1,B03,8,5,5,50,3,1,1,5,4,5,13,4,4,7,2,5,2,16,1,62,3,10,7,1,7,6,1,8,2,2,,9,,1,21,121.5909363,25.06849523
113,2,24,13,40,2,12內湖區,內湖區成功路2段與成功路2段273巷口,0,0,1,2,C03,8,5,5,50,3,1,1,5,4,5,13,4,4,7,2,5,2,16,1,28,2,9,5,1,7,9,1,10,2,14,,44,,1,21,121.5909363,25.06849523
113,2,24,13,50,2,02萬華區,萬華區康定路288號,0,0,1,2,C03,8,5,5,50,14,9,1,5,4,5,13,1,1,5,4,5,2,17,1,33,2,9,6,4,7,9,1,10,1,17,,42,,1,21,121.5014703,25.03685376
113,2,24,13,50,2,02萬華區,萬華區康定路288號,0,0,1,1,C03,8,5,5,50,14,9,1,5,4,5,13,1,1,5,4,5,2,17,1,112,4,11,3,4,7,7,7,19,11,17,,42,,1,22,121.5014703,25.03685376
113,2,24,14,15,2,03中山區,中山區新生北路1段與吉林路22巷口,0,0,2,1,B01,7,6,5,50,3,1,1,5,4,5,13,4,4,1,5,5,2,16,1,66,3,10,7,1,7,6,1,4,2,5,,9,,1,21,121.52817,25.0510158
113,2,24,14,15,2,03中山區,中山區新生北路1段與吉林路22巷口,0,0,2,2,C03,7,6,5,50,3,1,1,5,4,5,13,4,4,1,5,5,2,16,1,18,2,9,6,1,7,9,1,10,2,11,,44,,1,21,121.52817,25.0510158
113,2,24,14,15,2,03中山區,中山區新生北路1段與吉林路22巷口,0,0,2,3,H02,7,6,5,50,3,1,1,5,4,5,13,4,4,1,5,5,2,16,1,18,2,9,6,5,7,20,8,20,10,16,,67,,1,21,121.52817,25.0510158
113,2,24,14,19,2,06松山區,松山區敦化北路與長春路口,0,0,1,1,B01,8,6,5,50,4,1,1,5,4,5,13,2,1,1,4,1,2,17,1,61,3,10,7,1,7,5,1,4,1,1,,85,,1,21,121.5487411,25.0544379
113,2,24,14,19,2,06松山區,松山區敦化北路與長春路口,0,0,1,2,C03,8,6,5,50,4,1,1,5,4,5,13,2,1,1,4,1,2,17,1,27,2,9,6,1,7,9,1,10,1,14,,81,,1,21,121.5487411,25.0544379
113,2,24,14,25,2,08士林區,士林區中正路與延平北路5段口,0,0,2,1,C03,8,6,5,50,4,1,1,5,4,5,13,1,1,5,4,5,2,17,2,28,2,7,6,1,7,5,1,10,1,14,,8,,1,22,121.5092613,25.0866746
113,2,24,14,25,2,08士林區,士林區中正路與延平北路5段口,0,0,2,2,C03,8,6,5,50,4,1,1,5,4,5,13,1,1,5,4,5,2,17,1,50,2,8,6,1,7,9,1,10,1,12,,44,,1,22,121.5092613,25.0866746
113,2,24,14,25,2,08士林區,士林區中正路與延平北路5段口,0,0,2,3,H02,8,6,5,50,4,1,1,5,4,5,13,1,1,5,4,5,2,17,1,30,3,10,5,5,7,17,8,20,10,16,,67,,1,22,121.5092613,25.0866746
113,2,24,14,40,2,05中正區,中正區金山南路1段與濟南路2段口,0,0,1,1,B03,7,6,5,50,4,1,1,5,4,5,13,1,1,10,5,5,2,16,1,25,3,10,7,4,7,6,1,8,2,5,,9,,1,22,121.5293591,25.04085808
113,2,24,14,40,2,05中正區,中正區金山南路1段與濟南路2段口,0,0,1,2,C04,7,6,5,50,4,1,1,5,4,5,13,1,1,10,5,5,2,16,2,39,2,9,5,4,7,9,1,10,2,14,,107,,1,22,121.5293591,25.04085808
113,2,24,15,6,2,02萬華區,萬華區堤外便道與華中河濱公園口露營場出入口,0,0,1,1,A02,7,6,5,40,3,1,1,5,4,5,13,4,4,5,5,5,2,16,1,49,3,10,7,1,7,1,1,2,1,4,,19,,1,26,121.4964893,25.01591692
113,2,24,15,6,2,02萬華區,萬華區堤外便道與華中河濱公園口露營場出入口,0,0,1,2,C03,7,6,5,40,3,1,1,5,4,5,13,4,4,5,5,5,2,16,1,17,2,9,6,1,7,9,2,18,1,11,,44,,1,16,121.4964893,25.01591692
113,2,24,15,37,2,02萬華區,萬華區青年路22號,0,0,2,1,C04,8,5,5,30,14,9,1,5,4,5,13,4,4,10,4,5,1,17,1,80,2,9,5,1,7,5,1,10,1,14,,8,,1,21,121.5055249,25.0257791
113,2,24,15,37,2,02萬華區,萬華區青年路22號,0,0,2,2,C03,8,5,5,30,14,9,1,5,4,5,13,4,4,10,4,5,1,17,1,30,2,7,5,1,7,9,1,10,1,11,,44,,1,21,121.5055249,25.0257791
113,2,24,16,0,2,09北投區,北投區中央北路1段與育仁路口,0,0,1,1,B12,8,7,5,50,4,2,1,5,4,5,13,2,1,8,3,5,2,13,1,51,3,10,7,1,7,6,1,8,1,4,,108,,1,21,121.4995871,25.1347179
113,2,24,16,0,2,09北投區,北投區中央北路1段與育仁路口,0,0,1,2,C03,8,7,5,50,4,2,1,5,4,5,13,2,1,8,3,5,2,13,2,61,2,8,6,1,7,5,3,18,1,15,,44,,1,21,121.4995871,25.1347179
113,2,24,16,5,2,04大安區,大安區復興南路1段與仁愛路3段口,0,0,1,1,C03,8,6,5,50,5,1,1,5,4,5,13,2,1,1,4,5,2,17,1,46,4,11,3,4,7,6,7,19,11,15,,9,,2,22,121.5435286,25.0381722
113,2,24,16,5,2,04大安區,大安區復興南路1段與仁愛路3段口,0,0,1,2,F01,8,6,5,50,5,1,1,5,4,5,13,2,1,1,4,5,2,17,2,33,2,8,2,4,7,9,8,20,1,17,,42,,1,21,121.5435286,25.0381722
113,2,24,16,40,2,08士林區,士林區通河街與通河街141巷口,0,0,2,1,C03,8,5,5,50,4,1,1,5,4,5,13,4,4,5,5,5,2,16,1,29,2,9,6,1,7,4,1,10,2,11,,94,,1,21,121.5207849,25.0808386
113,2,24,16,40,2,08士林區,士林區通河街與通河街141巷口,0,0,2,2,C03,8,5,5,50,4,1,1,5,4,5,13,4,4,5,5,5,2,16,1,18,2,9,6,1,7,5,1,10,2,14,,44,,1,21,121.5207849,25.0808386
113,2,24,17,10,2,04大安區,大安區青田街與青田街5巷口,0,0,1,1,B03,8,5,5,30,4,1,1,5,4,5,13,4,4,10,5,5,1,15,1,74,3,10,7,1,7,9,1,8,1,1,,72,,1,21,121.5319714,25.0285958
113,2,24,17,10,2,04大安區,大安區青田街與青田街5巷口,0,0,1,2,C03,8,5,5,30,4,1,1,5,4,5,13,4,4,10,5,5,1,15,1,61,2,9,5,1,7,9,1,10,1,12,,14,,1,21,121.5319714,25.0285958
113,2,24,17,50,2,02萬華區,萬華區萬大路與萬大路237巷口,0,0,1,1,C03,8,5,5,30,4,1,4,5,4,5,13,2,1,1,5,5,2,8,2,54,3,10,5,1,7,9,1,10,1,12,,107,,1,21,121.5005865,25.0264176
113,2,24,17,50,2,02萬華區,萬華區萬大路與萬大路237巷口,0,0,1,2,H01,8,5,5,30,4,1,4,5,4,5,13,2,1,1,5,5,2,8,1,68,2,8,4,5,8,17,8,20,1,16,,54,,1,26,121.5005865,25.0264176
113,2,24,18,0,2,12內湖區,內湖區成功路3段與成功路3段174巷口,0,0,1,1,C03,8,5,5,50,3,2,1,5,4,5,13,4,4,1,3,5,1,12,1,40,3,10,3,4,7,15,1,10,11,15,,100,,1,22,121.5909051,25.08085129
113,2,24,18,0,2,12內湖區,內湖區成功路3段與成功路3段174巷口,0,0,1,2,C03,8,5,5,50,3,2,1,5,4,5,13,4,4,1,3,5,1,12,1,24,2,8,3,4,7,9,1,10,1,11,,44,,1,22,121.5909051,25.08085129
113,2,24,18,30,2,05中正區,中正區辛亥路1段與羅斯福路3段口,0,0,1,1,C04,7,5,5,50,4,1,1,5,4,5,13,1,1,1,4,5,2,16,2,22,2,9,5,1,7,5,1,10,1,14,,98,,1,21,121.5290933,25.0198117
113,2,24,18,30,2,05中正區,中正區辛亥路1段與羅斯福路3段口,0,0,1,2,B03,7,5,5,50,4,1,1,5,4,5,13,1,1,1,4,5,2,16,1,21,3,10,7,1,7,9,1,8,1,1,,44,,1,21,121.5290933,25.0198117
113,2,24,19,32,2,03中山區,中山區明水路與北安路458巷口,0,0,1,1,B03,7,5,5,50,3,1,1,5,4,5,13,1,1,3,4,5,2,17,2,24,3,10,7,1,7,6,1,8,1,2,,9,,1,21,121.544579,25.07751877
113,2,24,19,32,2,03中山區,中山區明水路與北安路458巷口,0,0,1,2,C03,7,5,5,50,3,1,1,5,4,5,13,1,1,3,4,5,2,17,1,25,2,7,5,1,7,9,1,10,1,14,,44,,1,21,121.544579,25.07751877
113,2,24,19,52,2,08士林區,士林區仰德大道3段86號,0,0,2,1,C03,7,5,5,40,14,9,1,5,4,5,13,4,4,4,5,5,1,17,1,21,2,9,5,1,7,9,1,10,1,11,,118,,1,21,121.5530391,25.11985244
113,2,24,19,52,2,08士林區,士林區仰德大道3段86號,0,0,2,2,C03,7,5,5,40,14,9,1,5,4,5,13,4,4,4,5,5,1,17,1,23,2,9,5,1,7,9,1,10,1,13,,118,,1,21,121.5530391,25.11985244
113,2,24,19,52,2,08士林區,士林區仰德大道3段86號,0,0,2,3,,7,5,5,40,14,9,1,5,4,5,13,4,4,4,5,5,1,17,3,0,,,,,,,,,,,,67,,1,,121.5530391,25.11985244
113,2,24,20,55,2,10文山區,文山區景文街與羅斯福路6段469巷口口,0,0,1,1,B03,8,5,5,50,5,1,1,5,4,5,13,2,1,5,5,4,2,16,1,51,3,10,7,1,7,6,1,8,1,5,,9,,1,21,121.5408835,24.9897596
113,2,24,20,55,2,10文山區,文山區景文街與羅斯福路6段469巷口口,0,0,1,2,C03,8,5,5,50,5,1,1,5,4,5,13,2,1,5,5,4,2,16,2,23,2,9,6,1,7,9,1,10,1,14,,107,,1,21,121.5408835,24.9897596
113,2,24,20,56,2,05中正區,中正區重慶南路1段與重慶南路1段126巷口,0,0,2,1,C04,7,5,5,50,3,1,1,5,4,5,13,4,4,10,5,5,2,13,1,23,2,8,5,1,7,9,1,10,2,12,,108,,1,22,121.5125809,25.03714536
113,2,24,20,56,2,05中正區,中正區重慶南路1段與重慶南路1段126巷口,0,0,2,2,C03,7,5,5,50,3,1,1,5,4,5,13,4,4,10,5,5,2,13,2,26,2,9,5,1,7,9,1,10,2,13,,44,,1,22,121.5125809,25.03714536
113,2,24,21,4,2,03中山區,中山區中山橋與圓山河濱公園口自行車道入口處,0,0,1,1,B01,8,5,5,40,3,1,1,5,4,5,13,4,4,2,4,5,2,12,1,36,3,10,7,1,7,8,1,4,1,2,,100,,1,21,121.525612,25.07429844
113,2,24,21,4,2,03中山區,中山區中山橋與圓山河濱公園口自行車道入口處,0,0,1,2,C03,8,5,5,40,3,1,1,5,4,5,13,4,4,2,4,5,2,12,2,21,2,8,5,1,7,9,1,10,1,14,12,13,,1,21,121.525612,25.07429844
113,2,24,21,4,2,12內湖區,內湖區康寧路3段189巷與康寧路3段189巷21弄口,0,0,1,1,B03,8,5,5,30,4,1,1,5,4,5,13,4,4,10,5,5,2,15,1,38,3,10,2,1,7,9,1,8,1,8,,72,,1,21,121.6129661,25.0707242
113,2,24,21,4,2,12內湖區,內湖區康寧路3段189巷與康寧路3段189巷21弄口,0,0,1,2,C03,8,5,5,30,4,1,1,5,4,5,13,4,4,10,5,5,2,15,1,31,2,9,5,1,7,9,1,10,1,12,,44,,1,21,121.6129661,25.0707242
113,2,24,21,12,2,05中正區,中正區南昌路2段與寧波西街口,0,0,2,1,C03,8,5,5,50,4,1,1,5,4,5,13,1,1,10,4,5,2,17,1,28,2,9,5,1,7,9,1,10,2,11,,14,,1,21,121.5175332,25.0307277
113,2,24,21,12,2,05中正區,中正區南昌路2段與寧波西街口,0,0,2,2,F07,8,5,5,50,4,1,1,5,4,5,13,1,1,10,4,5,2,17,1,17,2,9,4,1,7,5,8,20,2,14,,8,,1,16,121.5175332,25.0307277
113,2,24,21,17,2,08士林區,士林區環河北路3段No.1104504燈桿,0,0,3,1,F01,8,5,5,50,14,11,1,5,4,5,13,4,4,1,4,3,1,17,2,31,2,8,4,1,7,15,8,20,1,14,,42,,1,21,121.5081968,25.080186
113,2,24,21,17,2,08士林區,士林區環河北路3段No.1104504燈桿,0,0,3,2,C03,8,5,5,50,14,11,1,5,4,5,13,4,4,1,4,3,1,17,2,22,2,9,5,1,7,9,1,10,1,12,,44,,1,21,121.5081968,25.080186
113,2,24,21,17,2,08士林區,士林區環河北路3段No.1104504燈桿,0,0,3,3,H02,8,5,5,50,14,11,1,5,4,5,13,4,4,1,4,3,1,17,2,21,2,3,5,5,7,20,8,20,10,16,,67,,1,21,121.5081968,25.080186
113,2,24,21,52,2,10文山區,文山區和平東路4段與和平東路4段66巷口,0,0,1,1,C03,7,5,5,40,4,2,1,5,4,5,13,1,1,5,5,5,1,17,1,28,3,10,6,1,7,6,1,10,2,17,,80,,1,21,121.5670341,25.0055763
113,2,24,21,52,2,10文山區,文山區和平東路4段與和平東路4段66巷口,0,0,1,2,C03,7,5,5,40,4,2,1,5,4,5,13,1,1,5,5,5,1,17,1,21,2,9,6,1,7,9,1,10,2,14,,116,,1,21,121.5670341,25.0055763
113,2,24,22,0,2,03中山區,中山區松江路133巷與南京東路2段115巷口,0,0,1,1,B03,8,5,5,30,4,1,1,5,4,5,13,4,4,10,5,5,2,15,1,36,3,10,3,4,7,9,1,8,1,8,,72,,1,22,121.533639,25.0543609
113,2,24,22,0,2,03中山區,中山區松江路133巷與南京東路2段115巷口,0,0,1,2,C03,8,5,5,30,4,1,1,5,4,5,13,4,4,10,5,5,2,15,1,23,2,8,6,1,7,9,1,10,1,11,,107,,1,22,121.533639,25.0543609
113,2,24,22,50,2,09北投區,北投區北投路1段與三合街2段口,0,0,1,1,B11,7,5,5,50,4,2,1,5,4,5,13,2,1,5,4,5,2,9,1,39,3,10,7,1,7,5,1,4,1,1,,8,,1,21,121.5007312,25.12615531
113,2,24,22,50,2,09北投區,北投區北投路1段與三合街2段口,0,0,1,2,H01,7,5,5,50,4,2,1,5,4,5,13,2,1,5,4,5,2,9,2,21,2,1,4,5,8,16,8,20,10,16,,121,,1,21,121.5007312,25.12615531
113,2,24,23,6,2,02萬華區,萬華區三水街與三水街39巷口,0,0,2,1,C03,8,5,5,30,4,1,1,5,4,5,13,4,4,10,5,5,2,15,1,19,3,10,6,1,7,9,1,10,1,11,,80,,1,21,121.5041065,25.03531969
113,2,24,23,6,2,02萬華區,萬華區三水街與三水街39巷口,0,0,2,2,C03,8,5,5,30,4,1,1,5,4,5,13,4,4,10,5,5,2,15,1,53,2,9,5,1,7,9,1,10,1,11,,14,,1,26,121.5041065,25.03531969
113,2,24,23,6,2,02萬華區,萬華區三水街與三水街39巷口,0,0,2,3,H02,8,5,5,30,4,1,1,5,4,5,13,4,4,10,5,5,2,15,2,52,2,9,5,5,7,20,8,20,10,16,,67,,1,26,121.5041065,25.03531969
113,2,24,23,36,2,07信義區,信義區信安街與信安街67巷口,0,0,1,1,C03,8,5,5,50,4,2,1,5,4,5,13,2,1,5,4,5,2,18,1,40,2,8,6,1,7,9,1,10,9,12,,108,,1,21,121.5576681,25.0260603
113,2,24,23,36,2,07信義區,信義區信安街與信安街67巷口,0,0,1,2,,8,5,5,50,4,2,1,5,4,5,13,2,1,5,4,5,2,18,3,0,,,,,,,,,,,,67,,1,,121.5576681,25.0260603
113,2,25,0,45,2,01大同區,大同區重慶北路3段與民權西路口,0,0,1,1,B03,7,5,5,50,4,1,1,5,4,5,13,2,1,1,4,5,2,17,1,38,3,10,3,4,7,6,1,8,1,2,,9,,1,22,121.5133894,25.0631917
113,2,25,0,45,2,01大同區,大同區重慶北路3段與民權西路口,0,0,1,2,C03,7,5,5,50,4,1,1,5,4,5,13,2,1,1,4,5,2,17,1,30,2,9,5,4,7,9,1,10,1,14,,44,,1,22,121.5133894,25.0631917
113,2,25,1,5,2,09北投區,北投區光明路與七星街口,0,0,1,1,B03,6,6,5,50,5,1,1,4,4,5,13,2,1,5,4,5,2,17,1,45,3,10,7,1,7,5,1,8,1,8,,44,,1,21,121.5043301,25.1367928
113,2,25,1,5,2,09北投區,北投區光明路與七星街口,0,0,1,2,C03,6,6,5,50,5,1,1,4,4,5,13,2,1,5,4,5,2,17,1,18,2,9,6,1,7,9,1,10,1,12,,4,,1,21,121.5043301,25.1367928
113,2,25,4,24,2,12內湖區,內湖區南京東路6段東往西向第124號燈桿,0,0,1,1,C01,6,5,5,50,14,9,1,4,4,5,13,4,4,1,4,5,2,13,1,26,2,9,5,1,7,8,1,9,1,11,,108,,1,21,121.5794258,25.05626908
113,2,25,4,24,2,12內湖區,內湖區南京東路6段東往西向第124號燈桿,0,0,1,2,B03,6,5,5,50,14,9,1,4,4,5,13,4,4,1,4,5,2,13,1,58,3,10,7,1,7,9,1,8,1,6,,44,,1,21,121.5794258,25.05626908
113,2,25,5,46,2,07信義區,信義區嘉興街181巷11號,0,0,1,1,H01,8,5,5,50,14,9,1,5,4,5,13,1,1,5,4,5,2,3,2,74,2,9,4,5,8,16,8,20,10,16,,121,,1,21,121.5570069,25.0262601
113,2,25,5,46,2,07信義區,信義區嘉興街181巷11號,0,0,1,2,C03,8,5,5,50,14,9,1,5,4,5,13,1,1,5,4,5,2,3,1,36,3,10,3,4,7,9,1,10,1,11,,108,,1,21,121.5570069,25.0262601
113,2,25,5,49,2,01大同區,大同區台北橋機慢車道701074燈桿,0,0,1,2,H01,8,5,5,50,10,11,1,5,4,5,13,4,4,10,4,5,2,2,2,69,2,9,4,5,8,16,8,20,10,16,,60,,1,22,121.5116115,25.0629737
113,2,25,5,49,2,01大同區,大同區台北橋機慢車道701074燈桿,0,0,1,1,C03,8,5,5,50,10,11,1,5,4,5,13,4,4,10,4,5,2,2,1,65,4,11,5,1,7,9,1,10,2,11,,108,,1,22,121.5116115,25.0629737
113,2,25,7,33,2,09北投區,北投區陽金公路016號燈桿,0,0,2,1,C03,7,5,5,40,11,9,1,5,4,5,13,4,4,4,1,5,1,17,1,17,2,9,5,1,7,5,2,18,2,11,,42,,1,16,121.5478931,25.1541391
113,2,25,7,33,2,09北投區,北投區陽金公路016號燈桿,0,0,2,2,C03,7,5,5,40,11,9,1,5,4,5,13,4,4,4,1,5,1,17,1,52,2,9,6,1,7,9,1,10,2,14,,44,,1,23,121.5478931,25.1541391
113,2,25,8,40,2,09北投區,北投區中央北路4段268號與中央北路4段口,0,0,1,1,B01,7,7,5,50,3,1,1,5,4,5,13,4,4,9,4,5,2,16,1,64,3,10,3,4,7,11,1,4,2,6,,103,,1,26,121.4737963,25.1317328
113,2,25,8,40,2,09北投區,北投區中央北路4段268號與中央北路4段口,0,0,1,2,C03,7,7,5,50,3,1,1,5,4,5,13,4,4,9,4,5,2,16,1,23,2,9,3,4,7,9,1,10,2,11,,44,,1,21,121.4737963,25.1317328
113,2,25,9,37,2,08士林區,士林區基河路251巷與福德路口,0,0,1,1,C03,7,6,5,30,4,2,1,5,4,5,13,4,4,10,5,5,1,17,1,36,2,8,6,1,7,6,1,10,9,11,,9,,1,21,121.5226068,25.0922609
113,2,25,9,37,2,08士林區,士林區基河路251巷與福德路口,0,0,1,2,B03,7,6,5,30,4,2,1,5,4,5,13,4,4,10,5,5,1,17,2,26,3,10,7,1,7,9,1,8,9,8,,108,,1,21,121.5226068,25.0922609
113,2,25,9,40,2,12內湖區,內湖區康樂街與康樂街61巷口,0,0,2,1,C03,7,5,5,50,3,1,1,5,4,5,13,1,1,5,5,5,2,17,1,51,2,9,5,1,7,5,1,10,2,11,,71,,1,21,121.6183953,25.06847996
113,2,25,9,40,2,12內湖區,內湖區康樂街與康樂街61巷口,0,0,2,2,C03,7,5,5,50,3,1,1,5,4,5,13,1,1,5,5,5,2,17,1,30,2,9,5,1,7,9,1,10,2,11,,108,,1,21,121.6183953,25.06847996
113,2,25,9,44,2,08士林區,士林區福林路203號,0,0,2,1,C03,8,5,5,50,14,9,1,5,4,5,13,4,4,5,4,5,1,12,1,27,2,9,5,1,7,8,1,10,1,14,,100,,1,21,121.5333616,25.0972204
113,2,25,9,44,2,08士林區,士林區福林路203號,0,0,2,2,B01,8,5,5,50,14,9,1,5,4,5,13,4,4,5,4,5,1,12,1,69,3,10,7,1,7,9,1,8,1,5,,44,,1,21,121.5333616,25.0972204
113,2,25,9,44,2,08士林區,士林區福林路203號,0,0,2,3,H02,8,5,5,50,14,9,1,5,4,5,13,4,4,5,4,5,1,12,2,51,2,9,6,5,7,21,8,20,10,17,,67,,1,21,121.5333616,25.0972204
113,2,25,9,49,2,03中山區,中山區民生東路1段與新生北路2段口,0,0,2,1,C03,7,6,5,50,4,1,1,5,4,5,13,1,1,1,4,5,2,17,1,68,2,9,6,1,7,5,1,8,1,14,,8,,1,21,121.5274412,25.05803031
113,2,25,9,49,2,03中山區,中山區民生東路1段與新生北路2段口,0,0,2,2,C03,7,6,5,50,4,1,1,5,4,5,13,1,1,1,4,5,2,17,1,26,2,9,6,1,7,9,1,10,1,12,,13,,1,21,121.5274412,25.05803031
113,2,25,10,0,2,08士林區,士林區文林路與雙溪街口,0,0,2,1,C04,8,5,5,30,4,1,1,5,4,5,13,2,1,5,4,5,1,17,2,72,2,9,5,1,7,1,3,18,1,11,,19,,1,21,121.5233798,25.0996841
113,2,25,10,0,2,08士林區,士林區文林路與雙溪街口,0,0,2,2,C03,8,5,5,30,4,1,1,5,4,5,13,2,1,5,4,5,1,17,1,26,2,9,5,1,7,9,1,10,1,14,,13,,1,21,121.5233798,25.0996841
113,2,25,10,0,2,08士林區,士林區文林路與雙溪街口,0,0,2,3,H02,8,5,5,30,4,1,1,5,4,5,13,2,1,5,4,5,1,17,2,25,3,10,5,5,7,20,8,20,10,16,,67,,1,21,121.5233798,25.0996841
113,2,25,10,50,2,10文山區,文山區萬和街1號,0,0,1,1,B03,8,7,5,40,14,9,1,5,4,5,13,2,1,5,5,5,2,13,1,39,3,10,7,1,7,9,6,8,2,1,,16,,1,21,121.5678297,25.0013203
113,2,25,10,50,2,10文山區,文山區萬和街1號,0,0,1,2,B03,8,7,5,40,14,9,1,5,4,5,13,2,1,5,5,5,2,13,2,38,2,1,7,1,7,14,1,8,2,7,,44,,1,21,121.5678297,25.0013203
113,2,25,10,52,2,07信義區,信義區崇德街81巷與崇德街口,0,0,2,1,C03,7,6,5,50,4,1,1,5,4,4,12,3,1,1,4,5,2,15,1,24,2,8,3,4,7,9,1,10,1,11,,42,,1,21,121.5553526,25.0242253
113,2,25,10,52,2,07信義區,信義區崇德街81巷與崇德街口,0,0,2,2,C03,7,6,5,50,4,1,1,5,4,4,12,3,1,1,4,5,2,15,1,48,2,8,3,4,7,9,1,10,1,11,,44,,1,21,121.5553526,25.0242253
113,2,25,10,55,2,10文山區,文山區興隆路4段與興隆路4段115巷口,0,0,1,1,B03,7,6,5,30,4,1,1,5,4,5,13,4,4,10,5,5,2,16,1,66,3,10,7,1,7,6,1,8,2,2,,17,,1,21,121.561139,24.98600188
113,2,25,10,55,2,10文山區,文山區興隆路4段與興隆路4段115巷口,0,0,1,2,C03,7,6,5,30,4,1,1,5,4,5,13,4,4,10,5,5,2,16,1,19,2,9,6,1,7,9,1,10,2,11,12,13,,1,25,121.561139,24.98600188
113,2,25,11,2,2,03中山區,中山區南京東路3段與建國北路1段口,0,0,1,1,B03,7,5,5,50,14,9,1,5,4,5,13,4,4,1,4,5,2,16,1,54,3,10,3,4,7,7,1,8,1,2,,100,,1,21,121.5370408,25.0516088
113,2,25,11,2,2,03中山區,中山區南京東路3段與建國北路1段口,0,0,1,2,C03,7,5,5,50,14,9,1,5,4,5,13,4,4,1,4,5,2,16,1,54,2,9,3,4,7,9,1,10,1,11,,44,,1,21,121.5370408,25.0516088
113,2,25,11,15,2,10文山區,文山區辛亥路4段與辛亥路4段口南往北(路燈號碼0703823附近),0,0,2,1,C03,8,6,5,50,4,2,1,5,4,5,13,4,4,1,4,5,2,17,2,18,2,7,6,1,7,9,1,10,2,12,,108,,1,21,121.5578667,25.00946093
113,2,25,11,15,2,10文山區,文山區辛亥路4段與辛亥路4段口南往北(路燈號碼0703823附近),0,0,2,2,C03,8,6,5,50,4,2,1,5,4,5,13,4,4,1,4,5,2,17,2,68,2,9,6,1,7,9,1,10,2,14,,44,,1,21,121.5578667,25.00946093
113,2,25,11,15,2,10文山區,文山區辛亥路4段與辛亥路4段口南往北(路燈號碼0703823附近),0,0,2,3,B03,8,6,5,50,4,2,1,5,4,5,13,4,4,1,4,5,2,17,1,43,3,10,7,1,7,8,1,8,11,2,,107,,1,21,121.5578667,25.00946093
113,2,25,11,33,2,04大安區,大安區復興南路1段與復興南路1段340巷口,0,0,1,1,B03,7,6,5,50,4,1,1,5,4,5,13,1,1,1,4,5,2,16,1,44,3,10,7,1,7,5,1,8,1,5,,8,,1,21,121.5435923,25.0360954
113,2,25,11,33,2,04大安區,大安區復興南路1段與復興南路1段340巷口,0,0,1,2,C04,7,6,5,50,4,1,1,5,4,5,13,1,1,1,4,5,2,16,2,32,2,9,5,1,7,9,1,10,1,11,,13,,1,21,121.5435923,25.0360954
113,2,25,12,18,2,03中山區,中山區中山北路3段與德惠街口,0,0,2,1,B03,7,6,5,50,14,8,1,5,4,5,13,1,1,3,4,3,2,17,1,46,3,10,7,1,7,7,1,8,1,17,,100,,1,21,121.5223209,25.0668651
113,2,25,12,18,2,03中山區,中山區中山北路3段與德惠街口,0,0,2,2,C03,7,6,5,50,14,8,1,5,4,5,13,1,1,3,4,3,2,17,1,26,2,9,6,1,7,9,1,10,1,14,,116,,1,21,121.5223209,25.0668651
113,2,25,12,18,2,03中山區,中山區中山北路3段與德惠街口,0,0,2,3,C03,7,6,5,50,14,8,1,5,4,5,13,1,1,3,4,3,2,17,1,37,3,10,6,1,7,12,1,10,1,17,,44,,1,21,121.5223209,25.0668651
113,2,25,12,18,2,03中山區,中山區中山北路3段與德惠街口,0,0,2,4,C03,7,6,5,50,14,8,1,5,4,5,13,1,1,3,4,3,2,17,2,21,2,9,6,1,7,9,1,10,1,14,,16,,1,21,121.5223209,25.0668651
113,2,25,12,18,2,03中山區,中山區中山北路3段與德惠街口,0,0,2,5,B03,7,6,5,50,14,8,1,5,4,5,13,1,1,3,4,3,2,17,1,64,3,10,7,1,7,14,1,8,9,17,,38,,1,21,121.5223209,25.0668651
113,2,25,12,31,2,05中正區,中正區中華路1段與衡陽路口,0,0,1,1,C03,7,7,5,50,4,1,1,5,4,5,13,1,1,1,4,1,1,13,2,22,2,9,6,1,7,9,1,10,2,14,,16,,1,22,121.5084715,25.0421442
113,2,25,12,31,2,05中正區,中正區中華路1段與衡陽路口,0,0,1,2,C03,7,7,5,50,4,1,1,5,4,5,13,1,1,1,4,1,1,13,1,24,3,10,6,1,7,9,1,10,2,13,,44,,1,22,121.5084715,25.0421442