發生年度,發生月,發生日,發生時-Hours,發生分,處理別-編號,區序,肇事地點,死亡人數,2-30日死亡人數,受傷人數,當事人序號,車種,天候,道路照明設備,道路類別,速限-速度限制,道路型態,事故位置,路面狀況1,路面狀況2,路面狀況3,道路障礙1,道路障礙2,號誌1,號誌2,車道劃分-分向,車道劃分-分道1,車道劃分-分道2,車道劃分-分道3,事故類型及型態,性別,年齡,受傷程度,主要傷處,保護裝置,行動電話,車輛用途,當事者行動狀態,駕駛資格情形,駕駛執照種類,飲酒情形,車輛撞擊部位1,車輛撞擊部位2,肇因碼-個別,肇因碼-主要,個人肇逃否,職業,座標-X,座標-Y
113,2,25,12,41,2,09北投區,北投區東華街1段與裕民二路口,0,0,1,1,C03,7,7,5,50,3,1,1,5,4,5,13,1,1,10,4,5,2,16,1,55,3,10,6,1,7,6,1,10,2,12,,9,,1,21,121.5160631,25.11417357
113,2,25,12,41,2,09北投區,北投區東華街1段與裕民二路口,0,0,1,2,C03,7,7,5,50,3,1,1,5,4,5,13,1,1,10,4,5,2,16,1,28,2,9,5,1,7,9,1,10,2,11,,44,,1,21,121.5160631,25.11417357
113,2,25,12,51,2,09北投區,北投區中和街32號,0,0,1,1,C03,7,7,5,50,14,9,1,5,4,5,13,4,4,5,5,5,2,17,2,56,3,10,6,1,7,1,1,10,9,17,,19,,2,21,121.5028251,25.1380295
113,2,25,12,51,2,09北投區,北投區中和街32號,0,0,1,2,C03,7,7,5,50,14,9,1,5,4,5,13,4,4,5,5,5,2,17,2,33,2,9,6,1,7,9,1,8,1,14,,44,,1,21,121.5028251,25.1380295
113,2,25,13,2,2,12內湖區,內湖區康樂街125號,0,0,1,1,C03,7,6,5,50,14,9,1,5,4,5,13,4,4,9,4,4,1,17,1,25,2,9,5,1,7,9,1,10,1,17,,13,,1,21,121.6191887,25.0711397
113,2,25,13,2,2,12內湖區,內湖區康樂街125號,0,0,1,2,C03,7,6,5,50,14,9,1,5,4,5,13,4,4,9,4,4,1,17,1,68,3,10,5,1,7,1,1,10,1,17,,19,,1,21,121.6191887,25.0711397
113,2,25,14,29,2,03中山區,中山區北安路與明水路口,0,0,1,1,B03,7,5,5,50,11,9,1,5,4,5,13,4,4,1,4,5,2,12,1,60,3,10,3,4,7,9,1,8,2,2,,108,,1,21,121.5523187,25.0858205
113,2,25,14,29,2,03中山區,中山區北安路與明水路口,0,0,1,2,C03,7,5,5,50,11,9,1,5,4,5,13,4,4,1,4,5,2,12,2,41,2,9,3,4,7,9,1,10,2,14,,44,,1,21,121.5523187,25.0858205
113,2,25,15,10,2,07信義區,信義區忠孝東路4段與忠孝東路4段556巷口,0,0,1,1,C03,7,6,5,50,3,2,1,5,4,5,13,4,4,3,3,5,2,16,1,19,3,10,6,1,7,6,1,10,1,12,,9,,1,21,121.5636302,25.0410637
113,2,25,15,10,2,07信義區,信義區忠孝東路4段與忠孝東路4段556巷口,0,0,1,2,C03,7,6,5,50,3,2,1,5,4,5,13,4,4,3,3,5,2,16,1,53,2,8,5,1,7,8,1,9,1,14,,44,,1,21,121.5636302,25.0410637
113,2,25,15,23,2,08士林區,士林區基河路240巷2號前,0,0,2,1,B01,8,6,5,50,14,9,1,5,4,5,13,4,4,9,4,5,1,12,1,65,3,10,7,1,7,11,1,4,2,4,,10,,1,21,121.5210284,25.0910706
113,2,25,15,23,2,08士林區,士林區基河路240巷2號前,0,0,2,2,C03,8,6,5,50,14,9,1,5,4,5,13,4,4,9,4,5,1,12,2,47,2,9,5,1,7,9,1,10,2,11,,14,,1,21,121.5210284,25.0910706
113,2,25,15,23,2,08士林區,士林區基河路240巷2號前,0,0,2,3,H02,8,6,5,50,14,9,1,5,4,5,13,4,4,9,4,5,1,12,2,16,2,9,5,5,7,20,8,20,10,16,,67,,1,21,121.5210284,25.0910706
113,2,25,16,40,2,09北投區,北投區石牌路1段166巷69弄與西安街1段313巷16弄口,0,0,1,1,C03,7,7,5,30,4,1,1,5,4,5,8,4,4,10,5,5,2,15,2,52,2,9,6,1,7,9,1,10,2,11,,72,,1,21,121.5151828,25.11314738
113,2,25,16,40,2,09北投區,北投區石牌路1段166巷69弄與西安街1段313巷16弄口,0,0,1,2,B01,7,7,5,30,4,1,1,5,4,5,8,4,4,10,5,5,2,15,1,44,3,10,7,1,7,9,1,4,2,8,,14,,1,21,121.5151828,25.11314738
113,2,25,16,40,2,12內湖區,內湖區康樂街110巷與康樂街136巷18弄口,0,0,2,1,C03,7,5,5,30,4,1,1,5,4,5,13,4,4,10,5,5,2,15,2,61,2,9,5,1,7,9,1,10,1,12,,72,,1,21,121.6182947,25.07072075
113,2,25,16,40,2,12內湖區,內湖區康樂街110巷與康樂街136巷18弄口,0,0,2,2,C03,7,5,5,30,4,1,1,5,4,5,13,4,4,10,5,5,2,15,1,59,2,9,5,1,7,9,1,10,1,11,,108,,1,21,121.6182947,25.07072075
113,2,25,17,13,2,02萬華區,萬華區桂林路109號,0,0,1,1,A02,8,6,5,40,14,8,1,5,4,5,13,4,4,9,4,4,2,9,1,61,3,10,7,1,7,1,1,2,9,17,,44,,1,21,121.5007671,25.0384704
113,2,25,17,13,2,02萬華區,萬華區桂林路109號,0,0,1,2,H02,8,6,5,40,14,8,1,5,4,5,13,4,4,9,4,4,2,9,2,81,2,9,4,5,7,19,8,20,10,16,,67,,1,21,121.5007671,25.0384704
113,2,25,17,15,2,02萬華區,萬華區昆明街與內江街口,0,0,1,1,C03,8,5,5,50,4,1,1,5,4,5,13,1,1,8,3,5,1,17,2,27,2,8,5,1,7,9,1,10,1,11,,108,,1,21,121.504474,25.0415475
113,2,25,17,15,2,02萬華區,萬華區昆明街與內江街口,0,0,1,2,B03,8,5,5,50,4,1,1,5,4,5,13,1,1,8,3,5,1,17,1,62,3,10,7,1,7,5,1,8,1,6,,44,,1,21,121.504474,25.0415475
113,2,25,17,21,2,03中山區,中山區市民大道2段與長安東路1段52巷口,0,0,1,1,C03,8,6,5,40,3,2,1,5,4,5,13,3,1,10,4,5,2,12,1,79,2,8,5,1,7,7,1,10,1,14,,100,,1,21,121.5277974,25.047021
113,2,25,17,21,2,03中山區,中山區市民大道2段與長安東路1段52巷口,0,0,1,2,B03,8,6,5,40,3,2,1,5,4,5,13,3,1,10,4,5,2,12,1,37,3,10,7,1,7,1,1,8,1,5,,44,,1,21,121.5277974,25.047021
113,2,25,17,38,2,10文山區,文山區景美街125號,0,0,2,1,B03,7,5,5,30,14,9,1,5,4,5,13,4,4,10,5,5,2,17,1,46,3,10,7,1,7,14,1,8,1,7,,40,,1,22,121.5414068,24.9897748
113,2,25,17,38,2,10文山區,文山區景美街125號,0,0,2,2,C03,7,5,5,30,14,9,1,5,4,5,13,4,4,10,5,5,2,17,1,45,2,7,6,1,7,9,1,10,1,14,,32,,1,22,121.5414068,24.9897748
113,2,25,17,38,2,10文山區,文山區景美街125號,0,0,2,3,H02,7,5,5,30,14,9,1,5,4,5,13,4,4,10,5,5,2,17,2,5,2,8,6,5,7,20,8,20,10,16,,60,,1,22,121.5414068,24.9897748
113,2,25,17,38,2,10文山區,文山區景美街125號,0,0,2,4,H02,7,5,5,30,14,9,1,5,4,5,13,4,4,10,5,5,2,17,2,44,3,10,4,5,7,20,8,20,10,16,,60,,1,22,121.5414068,24.9897748
113,2,25,18,0,2,07信義區,信義區信義路5段16-1號,0,0,1,1,B01,7,5,5,50,14,9,1,5,4,5,13,4,4,3,4,5,2,12,1,33,3,10,3,4,7,1,1,4,1,8,,19,,1,21,121.5633352,25.0328887
113,2,25,18,0,2,07信義區,信義區信義路5段16-1號,0,0,1,2,C03,7,5,5,50,14,9,1,5,4,5,13,4,4,3,4,5,2,12,2,23,2,9,6,4,7,9,1,10,1,12,,44,,1,21,121.5633352,25.0328887
113,2,25,18,45,2,09北投區,北投區石牌路1段與石牌路1段71巷口,0,0,1,1,C03,8,6,5,30,3,1,1,5,4,5,13,4,4,5,4,5,2,16,1,82,3,10,5,1,7,6,6,18,1,13,,72,,2,21,121.5112502,25.11357715
113,2,25,18,45,2,09北投區,北投區石牌路1段與石牌路1段71巷口,0,0,1,2,C03,8,6,5,30,3,1,1,5,4,5,13,4,4,5,4,5,2,16,1,45,2,9,5,1,7,9,1,10,1,11,,14,,1,21,121.5112502,25.11357715
113,2,25,19,26,2,06松山區,松山區民生東路5段92號,0,0,2,1,C03,8,5,5,50,14,9,1,5,1,5,13,4,4,6,3,5,1,6,1,31,2,9,3,1,7,9,1,10,2,11,,44,,1,22,121.5595851,25.0585684
113,2,25,19,26,2,06松山區,松山區民生東路5段92號,0,0,2,2,H01,8,5,5,50,14,9,1,5,1,5,13,4,4,6,3,5,1,6,1,68,2,6,4,5,8,18,8,20,10,16,,60,,1,22,121.5595851,25.0585684
113,2,25,19,29,2,02萬華區,萬華區雙園街與雙園街89巷口,0,0,1,1,B01,8,5,5,30,3,1,1,5,4,5,13,4,4,9,5,5,2,17,2,72,3,10,7,4,7,14,6,4,2,4,,38,,1,21,121.4922456,25.03148335
113,2,25,19,29,2,02萬華區,萬華區雙園街與雙園街89巷口,0,0,1,2,C03,8,5,5,30,3,1,1,5,4,5,13,4,4,9,5,5,2,17,2,28,2,9,5,4,7,9,1,10,2,11,,14,,1,21,121.4922456,25.03148335
113,2,25,19,29,2,02萬華區,萬華區雙園街與雙園街89巷口,0,0,1,3,H02,8,5,5,30,3,1,1,5,4,5,13,4,4,9,5,5,2,17,1,15,3,10,4,5,7,20,8,20,10,16,,126,,1,21,121.4922456,25.03148335
113,2,25,19,55,2,08士林區,士林區文林路與大東路口,0,0,3,1,C03,7,5,5,50,3,1,1,5,4,5,13,2,1,5,5,5,1,17,1,33,2,9,6,1,7,12,1,10,2,11,,72,,1,21,121.5249933,25.0937015
113,2,25,19,55,2,08士林區,士林區文林路與大東路口,0,0,3,2,C02,7,5,5,50,3,1,1,5,4,5,13,2,1,5,5,5,1,17,1,33,2,8,5,1,7,9,1,9,2,11,,13,,1,21,121.5249933,25.0937015
113,2,25,19,55,2,08士林區,士林區文林路與大東路口,0,0,3,3,H02,7,5,5,50,3,1,1,5,4,5,13,2,1,5,5,5,1,17,2,32,2,7,5,5,7,20,8,20,10,16,,67,,1,21,121.5249933,25.0937015
113,2,25,20,40,2,08士林區,士林區天母西路60號,0,0,1,1,B01,7,7,8,502,14,9,1,5,4,5,13,1,1,5,1,5,1,13,1,64,3,10,7,1,7,9,1,8,1,1,,16,,1,21,121.5244017,25.11859864
113,2,25,20,40,2,08士林區,士林區天母西路60號,0,0,1,2,C03,7,7,8,502,14,9,1,5,4,5,13,1,1,5,1,5,1,13,1,63,2,9,5,1,7,14,1,10,1,13,,44,,1,21,121.5244017,25.11859864
113,2,25,20,40,2,08士林區,士林區忠誠路1段與德行東路132巷7弄口,0,0,1,1,B03,8,5,5,30,3,2,1,5,4,5,13,4,4,1,4,4,1,17,1,33,3,10,7,1,7,6,1,8,1,6,,72,,1,21,121.5297066,25.10680111
113,2,25,20,40,2,08士林區,士林區忠誠路1段與德行東路132巷7弄口,0,0,1,2,C03,8,5,5,30,3,2,1,5,4,5,13,4,4,1,4,4,1,17,1,23,2,9,5,1,7,9,3,18,1,11,,44,,1,21,121.5297066,25.10680111
113,2,25,20,57,2,07信義區,信義區忠孝東路5段498號,0,0,2,1,C03,7,5,5,50,14,9,1,5,4,5,13,4,4,1,4,5,2,9,1,25,2,7,6,1,7,9,1,10,1,14,,48,,1,22,121.5782087,25.0409366
113,2,25,20,57,2,07信義區,信義區忠孝東路5段498號,0,0,2,2,H02,7,5,5,50,14,9,1,5,4,5,13,4,4,1,4,5,2,9,2,24,2,9,6,5,7,21,8,20,10,16,,67,,1,21,121.5782087,25.0409366
113,2,25,20,57,2,07信義區,信義區忠孝東路5段498號,0,0,2,3,,7,5,5,50,14,9,1,5,4,5,13,4,4,1,4,5,2,9,3,,,,,,,,,,,,,67,,1,,121.5782087,25.0409366
113,2,25,21,16,2,02萬華區,萬華區萬青街與萬大路329巷口,0,0,3,1,C03,7,5,5,30,4,1,1,5,4,5,13,3,1,8,5,5,2,15,1,58,2,9,5,1,7,9,1,10,2,11,,72,,1,21,121.50158,25.0235932
113,2,25,21,16,2,02萬華區,萬華區萬青街與萬大路329巷口,0,0,3,2,C03,7,5,5,30,4,1,1,5,4,5,13,3,1,8,5,5,2,15,1,53,2,9,5,1,7,9,1,10,2,14,,44,,1,21,121.50158,25.0235932
113,2,25,21,16,2,02萬華區,萬華區萬青街與萬大路329巷口,0,0,3,3,H02,7,5,5,30,4,1,1,5,4,5,13,3,1,8,5,5,2,15,2,47,2,9,5,5,7,17,8,20,10,16,,67,,1,21,121.50158,25.0235932
113,2,25,21,21,2,04大安區,大安區市民大道4段與光復南路口,0,0,1,1,B03,7,5,5,50,4,1,1,5,4,5,13,2,1,1,4,5,1,15,2,35,3,10,3,4,7,9,1,8,2,5,,81,,1,21,121.5576357,25.0449596
113,2,25,21,21,2,04大安區,大安區市民大道4段與光復南路口,0,0,1,2,C03,7,5,5,50,4,1,1,5,4,5,13,2,1,1,4,5,1,15,1,60,2,8,5,1,7,9,1,10,9,11,,44,,1,21,121.5576357,25.0449596
113,2,25,21,24,2,04大安區,大安區敦化南路1段190巷與忠孝東路4段77巷口,0,0,1,1,C04,7,5,5,30,4,1,1,5,4,5,13,4,4,10,5,5,2,16,2,27,2,9,5,1,7,6,1,10,2,14,,72,,1,21,121.5471262,25.0426464
113,2,25,21,24,2,04大安區,大安區敦化南路1段190巷與忠孝東路4段77巷口,0,0,1,2,C03,7,5,5,30,4,1,1,5,4,5,13,4,4,10,5,5,2,16,1,27,3,10,6,1,7,9,1,10,2,12,,14,,1,21,121.5471262,25.0426464
113,2,25,21,31,2,06松山區,松山區塔悠路與南京東路5段口,0,0,1,1,C03,7,5,5,50,5,2,1,4,4,5,13,2,1,1,4,5,2,12,1,50,3,10,6,4,7,9,1,10,1,14,,17,,1,21,121.5704109,25.0513116
113,2,25,21,31,2,06松山區,松山區塔悠路與南京東路5段口,0,0,1,2,C03,7,5,5,50,5,2,1,4,4,5,13,2,1,1,4,5,2,12,2,28,2,9,6,4,7,9,1,10,1,12,,17,,1,21,121.5704109,25.0513116
113,2,25,21,34,2,05中正區,中正區忠孝東路1段與林森北路口,0,0,1,1,B01,7,5,5,50,4,2,1,5,4,5,13,1,1,4,4,5,1,17,1,59,3,10,7,1,7,6,1,4,1,5,,9,,1,21,121.5232997,25.0449432
113,2,25,21,34,2,05中正區,中正區忠孝東路1段與林森北路口,0,0,1,2,C03,7,5,5,50,4,2,1,5,4,5,13,1,1,4,4,5,1,17,2,31,2,8,5,1,7,9,1,10,1,14,,108,,1,21,121.5232997,25.0449432
113,2,25,22,38,2,07信義區,信義區基隆路2段與光復南路口,0,0,2,2,C03,7,5,5,50,14,9,1,5,4,5,13,1,1,3,4,5,2,12,1,32,2,8,6,4,7,9,1,10,1,14,,44,,1,21,121.5576601,25.0300075
113,2,25,22,38,2,07信義區,信義區基隆路2段與光復南路口,0,0,2,3,H02,7,5,5,50,14,9,1,5,4,5,13,1,1,3,4,5,2,12,2,28,2,8,6,5,7,20,8,20,10,16,,67,,1,21,121.5576601,25.0300075
113,2,25,22,38,2,07信義區,信義區基隆路2段與光復南路口,0,0,2,1,B03,7,5,5,50,14,9,1,5,4,5,13,1,1,3,4,5,2,12,2,51,3,10,3,4,7,9,1,8,1,2,,16,,1,21,121.5576601,25.0300075
113,2,25,23,12,2,09北投區,北投區石牌路2段與立農街2段口口,0,0,3,1,H01,7,5,5,50,3,18,1,5,4,5,13,2,1,10,5,5,2,3,1,47,2,9,4,5,8,16,8,20,10,16,,122,,1,21,121.5186276,25.1188799
113,2,25,23,12,2,09北投區,北投區石牌路2段與立農街2段口口,0,0,3,2,C03,7,5,5,50,3,18,1,5,4,5,13,2,1,10,5,5,2,3,1,19,2,9,5,1,7,9,1,10,1,11,,44,,1,21,121.5186276,25.1188799
113,2,25,23,12,2,09北投區,北投區石牌路2段與立農街2段口口,0,0,3,3,H02,7,5,5,50,3,18,1,5,4,5,13,2,1,10,5,5,2,3,2,24,2,9,5,5,7,20,8,20,10,16,,67,,1,21,121.5186276,25.1188799
113,2,26,0,16,2,04大安區,大安區信義路3段11號,0,0,1,1,B03,8,5,5,50,14,9,1,5,4,5,13,4,4,3,4,5,2,12,1,21,4,11,3,4,7,21,7,19,11,15,,108,,2,22,121.5335142,25.0337054
113,2,26,0,16,2,04大安區,大安區信義路3段11號,0,0,1,2,C04,8,5,5,50,14,9,1,5,4,5,13,4,4,3,4,5,2,12,1,47,2,8,5,4,7,14,1,10,1,12,,38,,1,21,121.5335142,25.0337054
113,2,26,4,12,2,01大同區,大同區酒泉街105號,0,0,2,1,C03,7,5,5,50,14,9,1,5,4,5,13,4,4,4,4,5,2,3,1,42,2,7,3,4,7,9,1,10,1,11,,108,,1,21,121.5150504,25.0720536
113,2,26,4,12,2,01大同區,大同區酒泉街105號,0,0,2,2,H01,7,5,5,50,14,9,1,5,4,5,13,4,4,4,4,5,2,3,2,74,2,9,4,5,8,16,8,20,10,16,,121,,1,21,121.5150504,25.0720536
113,2,26,5,27,2,03中山區,中山區中山橋南往北,0,0,1,1,C03,8,5,5,40,11,9,1,5,4,5,13,4,4,3,4,5,2,23,1,29,2,9,3,4,7,9,1,10,5,11,,73,,1,21,121.5246878,25.0738929
113,2,26,5,27,2,03中山區,中山區中山橋南往北,0,0,1,2,,8,5,5,40,11,9,1,5,4,5,13,4,4,3,4,5,2,23,3,0,,,,,,,,,,,,67,,1,,121.5246878,25.0738929
113,2,26,6,49,2,12內湖區,內湖區康樂街與康樂街151巷口,0,0,2,1,C03,8,6,5,30,4,1,1,5,4,5,13,2,1,10,5,5,2,17,1,42,2,8,5,1,7,5,1,10,1,14,,8,,1,22,121.6192914,25.07188361
113,2,26,6,49,2,12內湖區,內湖區康樂街與康樂街151巷口,0,0,2,2,C03,8,6,5,30,4,1,1,5,4,5,13,2,1,10,5,5,2,17,1,20,2,9,5,1,7,9,1,10,1,12,,5,,1,21,121.6192914,25.07188361
113,2,26,7,27,2,06松山區,松山區南京東路5段286巷與南京東路5段250巷2弄口,0,0,1,1,C03,7,5,5,30,4,1,1,5,4,5,13,4,4,10,5,5,2,15,1,39,2,9,6,4,7,9,1,10,2,12,,14,,1,22,121.567241,25.05069654
113,2,26,7,27,2,06松山區,松山區南京東路5段286巷與南京東路5段250巷2弄口,0,0,1,2,B03,7,5,5,30,4,1,1,5,4,5,13,4,4,10,5,5,2,15,2,50,3,10,3,4,7,9,1,8,2,1,,44,,1,22,121.567241,25.05069654
113,2,26,7,33,2,04大安區,大安區復興南路2段171巷與和平東路2段265巷口,0,0,1,1,B01,8,6,8,30,4,1,1,5,4,5,13,4,4,7,5,5,2,15,1,46,3,10,7,1,7,9,1,4,1,4,,14,,1,21,121.5440753,25.0277391
113,2,26,7,33,2,04大安區,大安區復興南路2段171巷與和平東路2段265巷口,0,0,1,2,C03,8,6,8,30,4,1,1,5,4,5,13,4,4,7,5,5,2,15,1,20,2,9,6,1,7,9,1,10,1,11,,108,,1,21,121.5440753,25.0277391
113,2,26,7,41,2,04大安區,大安區金山南路2段138號,0,0,2,1,C03,7,6,5,40,14,8,1,5,4,5,13,4,4,1,4,4,2,17,2,18,2,9,6,1,7,15,1,10,2,11,,108,,1,21,121.526358,25.02947321
113,2,26,7,41,2,04大安區,大安區金山南路2段138號,0,0,2,2,C03,7,6,5,40,14,8,1,5,4,5,13,4,4,1,4,4,2,17,1,50,3,10,5,1,7,10,1,10,2,13,,102,,1,21,121.526358,25.02947321
113,2,26,7,41,2,04大安區,大安區金山南路2段138號,0,0,2,3,B01,7,6,5,40,14,8,1,5,4,5,13,4,4,1,4,4,2,17,1,67,3,10,7,1,7,1,1,4,2,17,,19,,1,21,121.526358,25.02947321
113,2,26,7,41,2,04大安區,大安區金山南路2段138號,0,0,2,4,B03,7,6,5,40,14,8,1,5,4,5,13,4,4,1,4,4,2,17,1,60,3,10,7,1,7,13,1,7,9,7,,44,,1,21,121.526358,25.02947321
113,2,26,7,41,2,04大安區,大安區金山南路2段138號,0,0,2,5,H02,7,6,5,40,14,8,1,5,4,5,13,4,4,1,4,4,2,17,2,24,2,1,5,5,7,21,8,20,10,16,,67,,1,21,121.526358,25.02947321
113,2,26,7,43,2,08士林區,士林區士林橋與文林路594巷口,0,0,1,1,B03,8,5,8,50,4,1,1,5,4,5,13,3,1,4,5,4,1,17,1,26,4,11,3,4,7,6,7,19,11,6,,9,,2,21,121.5237578,25.0988626
113,2,26,7,43,2,08士林區,士林區士林橋與文林路594巷口,0,0,1,2,C03,8,5,8,50,4,1,1,5,4,5,13,3,1,4,5,4,1,17,2,43,2,9,5,1,7,9,1,10,1,11,,14,,1,21,121.5237578,25.0988626
113,2,26,7,47,2,05中正區,中正區杭州南路2段與金華街口,0,0,1,1,H01,7,7,5,0,4,2,1,5,4,5,13,2,1,5,5,5,2,3,1,27,3,10,4,5,8,16,8,20,10,16,,122,,1,22,121.5221908,25.0308884
113,2,26,7,47,2,05中正區,中正區杭州南路2段與金華街口,0,0,1,2,F01,7,7,5,0,4,2,1,5,4,5,13,2,1,5,5,5,2,3,2,66,2,9,4,1,7,9,8,20,1,11,,81,,1,22,121.5221908,25.0308884
113,2,26,8,13,2,12內湖區,內湖區民權東路6段99號車道出入口,0,0,1,1,B03,8,6,5,50,14,9,1,5,4,5,13,4,4,1,4,5,2,17,2,57,3,10,7,1,7,6,1,8,1,17,,9,,1,21,121.5893239,25.06912431
113,2,26,8,13,2,12內湖區,內湖區民權東路6段99號車道出入口,0,0,1,2,C03,8,6,5,50,14,9,1,5,4,5,13,4,4,1,4,5,2,17,1,32,2,9,5,1,7,9,1,10,1,12,,108,,1,21,121.5893239,25.06912431
113,2,26,8,13,2,11南港區,南港區忠孝東路6段317號,0,0,2,1,C03,8,6,5,40,3,1,1,5,4,5,13,2,1,1,4,4,2,16,2,53,2,1,5,4,7,9,1,10,1,11,,44,,1,22,121.5912172,25.0498719
113,2,26,8,13,2,11南港區,南港區忠孝東路6段317號,0,0,2,2,C03,8,6,5,40,3,1,1,5,4,5,13,2,1,1,4,4,2,16,1,27,2,7,5,4,7,6,1,9,1,12,,9,,1,22,121.5912172,25.0498719
113,2,26,8,30,2,02萬華區,萬華區中華路2段416巷與國興路口,0,0,1,1,B03,8,7,5,50,4,1,1,5,4,5,13,1,1,4,1,5,2,3,1,38,3,10,7,1,7,5,1,8,1,1,,44,,1,22,121.5052164,25.0274417
113,2,26,8,30,2,02萬華區,萬華區中華路2段416巷與國興路口,0,0,1,2,H01,8,7,5,50,4,1,1,5,4,5,13,1,1,4,1,5,2,3,2,87,2,5,4,5,8,21,8,20,1,16,,67,,1,22,121.5052164,25.0274417
113,2,26,8,41,2,05中正區,中正區羅斯福路2段與和平西路1段口,0,0,1,1,A02,8,7,5,50,4,2,1,5,4,5,13,1,1,1,4,5,2,9,2,54,3,10,7,1,7,12,1,2,1,17,,116,,1,22,121.5222207,25.0273195
113,2,26,8,41,2,05中正區,中正區羅斯福路2段與和平西路1段口,0,0,1,2,H02,8,7,5,50,4,2,1,5,4,5,13,1,1,1,4,5,2,9,2,56,2,9,2,5,7,20,8,20,10,16,,67,,1,22,121.5222207,25.0273195
113,2,26,9,19,2,10文山區,文山區興隆路2段與興隆路2段22巷口口,0,0,1,1,C03,8,6,5,50,3,18,1,5,4,5,13,4,4,1,4,5,2,3,1,62,3,10,6,1,7,9,1,10,1,11,,70,,1,21,121.5456107,24.9988395
113,2,26,9,19,2,10文山區,文山區興隆路2段與興隆路2段22巷口口,0,0,1,2,H01,8,6,5,50,3,18,1,5,4,5,13,4,4,1,4,5,2,3,2,76,2,9,4,5,8,16,8,20,10,16,,67,,1,21,121.5456107,24.9988395
113,2,26,9,21,2,12內湖區,內湖區成功路2段317巷與民權東路6段123巷20弄口,0,0,1,1,B03,7,7,5,30,3,1,1,5,4,5,13,4,4,9,5,5,2,16,1,70,3,10,7,1,7,5,1,8,1,7,,8,,2,21,121.5919454,25.0697344
113,2,26,9,21,2,12內湖區,內湖區成功路2段317巷與民權東路6段123巷20弄口,0,0,1,2,C03,7,7,5,30,3,1,1,5,4,5,13,4,4,9,5,5,2,16,1,35,2,9,5,1,7,9,1,10,1,11,,17,,1,21,121.5919454,25.0697344
113,2,26,9,31,2,12內湖區,內湖區舊宗路2段133號,0,0,1,1,B12,8,6,5,50,14,9,1,5,4,5,13,4,4,1,4,5,2,17,1,61,3,10,7,1,7,6,1,8,1,5,,9,,1,21,121.574846,25.06971562
113,2,26,9,31,2,12內湖區,內湖區舊宗路2段133號,0,0,1,2,C03,8,6,5,50,14,9,1,5,4,5,13,4,4,1,4,5,2,17,1,19,2,8,5,1,7,9,1,10,1,14,,107,,1,21,121.574846,25.06971562
113,2,26,9,52,2,01大同區,大同區延平北路3段17巷與延平北路3段口,0,0,1,1,C03,8,5,5,50,3,1,1,5,4,5,13,4,4,5,4,5,2,13,1,31,3,10,5,1,7,9,1,10,1,11,,16,,1,21,121.5111958,25.06378294
113,2,26,9,52,2,01大同區,大同區延平北路3段17巷與延平北路3段口,0,0,1,2,C03,8,5,5,50,3,1,1,5,4,5,13,4,4,5,4,5,2,13,2,34,2,8,5,1,7,12,1,10,1,13,,44,,1,21,121.5111958,25.06378294
113,2,26,9,54,2,08士林區,士林區至善路1段與福林路254巷口,0,0,1,1,B03,8,6,5,40,5,1,1,5,4,5,13,3,1,1,4,4,1,17,1,20,3,10,7,1,7,8,1,8,11,15,,14,,2,21,121.5161345,25.08777256
113,2,26,9,54,2,08士林區,士林區至善路1段與福林路254巷口,0,0,1,2,C03,8,6,5,40,5,1,1,5,4,5,13,3,1,1,4,4,1,17,1,33,2,9,5,1,7,9,1,10,1,14,,13,,1,21,121.5161345,25.08777256
113,2,26,10,10,2,08士林區,士林區葫蘆街104巷與葫蘆街口,0,0,1,1,F02,7,6,5,30,3,2,1,5,4,5,13,4,4,10,5,5,2,17,1,37,2,8,4,1,7,6,8,20,9,15,,42,,1,22,121.5080445,25.0823932
113,2,26,10,10,2,08士林區,士林區葫蘆街104巷與葫蘆街口,0,0,1,2,C03,7,6,5,30,3,2,1,5,4,5,13,4,4,10,5,5,2,17,1,20,3,10,3,4,7,13,6,10,9,14,,38,,1,22,121.5080445,25.0823932
113,2,26,10,10,2,08士林區,士林區中山北路5段南向北422燈桿,0,0,3,1,C03,8,7,5,50,14,9,1,5,4,5,13,4,4,5,4,5,2,17,1,62,2,9,3,4,7,9,1,10,1,11,,108,,1,21,121.5273688,25.088086
113,2,26,10,10,2,08士林區,士林區中山北路5段南向北422燈桿,0,0,3,2,C03,8,7,5,50,14,9,1,5,4,5,13,4,4,5,4,5,2,17,2,21,3,10,3,4,7,14,1,10,1,15,,38,,1,21,121.5273688,25.088086
113,2,26,10,10,2,08士林區,士林區中山北路5段南向北422燈桿,0,0,3,3,C03,8,7,5,50,14,9,1,5,4,5,13,4,4,5,4,5,2,17,1,21,2,9,3,4,7,9,1,10,1,11,,16,,1,21,121.5273688,25.088086
113,2,26,10,10,2,08士林區,士林區中山北路5段南向北422燈桿,0,0,3,4,C03,8,7,5,50,14,9,1,5,4,5,13,4,4,5,4,5,2,17,1,18,2,9,3,4,7,9,1,10,1,11,,16,,1,21,121.5273688,25.088086
113,2,26,10,31,2,12內湖區,內湖區民權東路6段56巷與民權東路6段9巷16弄口,0,0,1,1,B01,7,6,5,50,3,1,1,5,4,5,13,4,4,5,4,4,2,16,1,66,3,10,7,1,7,5,1,4,1,6,,80,,1,21,121.5850999,25.06790198