發生年度,發生月,發生日,發生時-Hours,發生分,處理別-編號,區序,肇事地點,死亡人數,2-30日死亡人數,受傷人數,當事人序號,車種,天候,道路照明設備,道路類別,速限-速度限制,道路型態,事故位置,路面狀況1,路面狀況2,路面狀況3,道路障礙1,道路障礙2,號誌1,號誌2,車道劃分-分向,車道劃分-分道1,車道劃分-分道2,車道劃分-分道3,事故類型及型態,性別,年齡,受傷程度,主要傷處,保護裝置,行動電話,車輛用途,當事者行動狀態,駕駛資格情形,駕駛執照種類,飲酒情形,車輛撞擊部位1,車輛撞擊部位2,肇因碼-個別,肇因碼-主要,個人肇逃否,職業,座標-X,座標-Y
113,2,26,10,31,2,12內湖區,內湖區民權東路6段56巷與民權東路6段9巷16弄口,0,0,1,2,C03,7,6,5,50,3,1,1,5,4,5,13,4,4,5,4,4,2,16,1,38,2,8,6,1,7,9,1,10,1,11,,44,,1,21,121.5850999,25.06790198
113,2,26,10,45,2,05中正區,中正區貴陽街1段與公園路口,0,0,2,1,C03,8,5,5,50,4,1,1,5,4,5,13,1,1,5,4,5,2,17,2,43,2,8,5,1,7,5,1,10,1,11,,71,,1,21,121.5152812,25.0385961
113,2,26,10,45,2,05中正區,中正區貴陽街1段與公園路口,0,0,2,2,C03,8,5,5,50,4,1,1,5,4,5,13,1,1,5,4,5,2,17,1,47,2,5,5,1,7,9,1,10,1,14,,44,,1,21,121.5152812,25.0385961
113,2,26,11,31,2,08士林區,士林區中山北路5段470巷與福林路口,0,0,1,1,C03,8,6,5,50,14,9,1,5,4,5,13,4,4,5,4,5,1,12,1,71,2,8,5,1,7,9,1,10,2,11,,101,,1,21,121.5281407,25.09385847
113,2,26,11,31,2,08士林區,士林區中山北路5段470巷與福林路口,0,0,1,2,B01,8,6,5,50,14,9,1,5,4,5,13,4,4,5,4,5,1,12,1,59,3,10,7,1,7,7,1,4,2,7,,100,,1,21,121.5281407,25.09385847
113,2,26,11,43,2,03中山區,中山區德惠街與新生北路3段口,0,0,1,1,C03,7,5,5,30,4,1,1,5,4,5,8,1,1,1,4,5,2,15,1,33,2,9,3,4,7,9,1,10,2,12,,44,,1,21,121.5276591,25.0669549
113,2,26,11,43,2,03中山區,中山區德惠街與新生北路3段口,0,0,1,2,B03,7,5,5,30,4,1,1,5,4,5,8,1,1,1,4,5,2,15,2,22,3,10,3,4,7,9,1,8,2,8,,81,,1,21,121.5276591,25.0669549
113,2,26,12,19,2,09北投區,北投區學園路2號與學園路口,0,0,2,1,C03,8,7,5,30,4,1,1,5,4,5,13,2,1,5,5,5,1,17,1,28,2,9,6,1,7,15,1,10,1,11,,100,,1,22,121.4673089,25.1329818
113,2,26,12,19,2,09北投區,北投區學園路2號與學園路口,0,0,2,2,C03,8,7,5,30,4,1,1,5,4,5,13,2,1,5,5,5,1,17,1,20,2,9,6,1,7,9,1,10,1,11,,44,,1,22,121.4673089,25.1329818
113,2,26,12,48,2,01大同區,大同區民權西路144巷19弄9號,0,0,1,1,B03,8,6,5,30,14,9,1,5,4,5,13,4,4,10,5,5,2,17,1,61,3,10,7,1,7,11,1,6,1,8,,10,,1,21,121.5165338,25.06160966
113,2,26,12,48,2,01大同區,大同區民權西路144巷19弄9號,0,0,1,2,C03,8,6,5,30,14,9,1,5,4,5,13,4,4,10,5,5,2,17,1,44,2,9,6,1,7,9,1,10,1,12,,44,,1,21,121.5165338,25.06160966
113,2,26,13,14,2,04大安區,大安區新生南路1段與濟南路3段口,0,0,1,1,B03,7,6,5,50,4,2,1,5,4,5,13,1,1,4,5,5,2,13,1,68,3,10,7,1,7,9,1,8,1,1,,108,,1,21,121.5332294,25.0402149
113,2,26,13,14,2,04大安區,大安區新生南路1段與濟南路3段口,0,0,1,2,B03,7,6,5,50,4,2,1,5,4,5,13,1,1,4,5,5,2,13,1,44,3,10,7,1,7,14,1,8,1,3,,44,,1,21,121.5332294,25.0402149
113,2,26,13,14,2,04大安區,大安區新生南路1段與濟南路3段口,0,0,1,3,B03,7,6,5,50,4,2,1,5,4,5,13,1,1,4,5,5,2,13,2,88,2,1,3,5,7,20,8,20,10,16,,44,,1,22,121.5332294,25.0402149
113,2,26,13,16,2,04大安區,大安區新生南路2段與金華街口,0,0,1,1,C03,7,6,5,50,3,1,1,5,4,5,13,1,1,5,5,5,2,18,1,24,2,9,5,1,7,9,1,10,1,14,,42,,1,21,121.5337673,25.0307157
113,2,26,13,16,2,04大安區,大安區新生南路2段與金華街口,0,0,1,2,,7,6,5,50,3,1,1,5,4,5,13,1,1,5,5,5,2,18,3,0,,,,,,,,,,,,67,,1,,121.5337673,25.0307157
113,2,26,13,43,2,06松山區,松山區民生東路5段117號,0,0,1,1,C03,7,7,5,50,22,9,1,5,4,5,13,1,1,1,4,5,2,16,1,40,3,10,6,4,7,5,1,10,1,11,,80,,1,21,121.5604853,25.058727
113,2,26,13,43,2,06松山區,松山區民生東路5段117號,0,0,1,2,C03,7,7,5,50,22,9,1,5,4,5,13,1,1,1,4,5,2,16,1,26,2,9,6,4,7,9,1,10,1,14,,33,,1,21,121.5604853,25.058727
113,2,26,13,47,2,09北投區,北投區明德路161號,0,0,1,1,C03,7,7,5,50,4,1,1,5,4,5,13,4,4,9,5,5,2,13,1,68,2,9,5,1,7,9,1,10,2,11,,16,,1,21,121.52116,25.1113183
113,2,26,13,47,2,09北投區,北投區明德路161號,0,0,1,2,B12,7,7,5,50,4,1,1,5,4,5,13,4,4,9,5,5,2,13,1,46,3,10,7,1,7,15,1,8,2,7,,44,,1,21,121.52116,25.1113183
113,2,26,13,47,2,09北投區,北投區承德路7段與承德路7段106巷口,0,0,1,1,B03,8,5,6,60,3,2,1,5,4,5,13,4,4,9,4,5,1,12,1,49,3,10,7,1,7,8,1,8,1,6,,100,,1,21,121.5100754,25.1119401
113,2,26,13,47,2,09北投區,北投區承德路7段與承德路7段106巷口,0,0,1,2,C03,8,5,6,60,3,2,1,5,4,5,13,4,4,9,4,5,1,12,2,33,2,8,6,1,7,9,1,10,1,14,,44,,1,21,121.5100754,25.1119401
113,2,26,14,41,2,06松山區,松山區堤外便道4號水門(成美左岸013)旁,0,0,2,1,F01,7,7,8,30,22,22,1,5,4,5,13,4,4,9,4,5,2,3,1,15,2,9,4,1,7,9,8,20,1,11,,42,,1,22,121.5763079,25.05146915
113,2,26,14,41,2,06松山區,松山區堤外便道4號水門(成美左岸013)旁,0,0,2,2,H01,7,7,8,30,22,22,1,5,4,5,13,4,4,9,4,5,2,3,1,23,2,9,4,5,8,18,8,20,1,16,,53,,1,21,121.5763079,25.05146915
113,2,26,15,28,2,07信義區,信義區信義路5段與莊敬路口,0,0,1,1,B01,8,6,5,50,4,18,1,5,4,5,13,2,1,1,4,5,2,3,1,62,3,10,7,1,7,5,1,4,2,8,,70,,1,21,121.5612274,25.0330417
113,2,26,15,28,2,07信義區,信義區信義路5段與莊敬路口,0,0,1,2,H01,8,6,5,50,4,18,1,5,4,5,13,2,1,1,4,5,2,3,2,67,2,9,4,5,8,16,8,20,10,16,,67,,1,21,121.5612274,25.0330417
113,2,26,16,5,2,03中山區,中山區八德路2段191號前,0,0,1,1,C03,7,5,5,50,14,9,1,5,4,5,13,4,4,5,4,5,2,13,2,45,2,8,3,4,7,9,1,10,1,11,,16,,1,21,121.5388108,25.0464707
113,2,26,16,5,2,03中山區,中山區八德路2段191號前,0,0,1,2,B03,7,5,5,50,14,9,1,5,4,5,13,4,4,5,4,5,2,13,1,61,3,10,3,4,7,12,1,8,1,6,,44,,1,21,121.5388108,25.0464707
113,2,26,16,11,2,03中山區,中山區中山北路1段與市民大道2段口,0,0,1,1,B02,7,5,5,40,3,1,1,5,4,5,13,3,1,1,4,5,2,15,1,57,3,10,3,4,7,1,1,8,1,8,,19,,1,21,121.5212938,25.0480615
113,2,26,16,11,2,03中山區,中山區中山北路1段與市民大道2段口,0,0,1,2,C03,7,5,5,40,3,1,1,5,4,5,13,3,1,1,4,5,2,15,1,35,2,9,3,4,7,9,1,10,1,11,,44,,1,21,121.5212938,25.0480615
113,2,26,16,16,2,12內湖區,內湖區港墘路82巷與內湖路1段667巷口,0,0,1,1,B03,7,5,5,30,3,1,1,5,4,5,13,1,1,5,5,5,2,3,2,46,3,10,7,1,7,9,1,8,9,2,,70,,2,21,121.5764289,25.0812611
113,2,26,16,16,2,12內湖區,內湖區港墘路82巷與內湖路1段667巷口,0,0,1,2,H01,7,5,5,30,3,1,1,5,4,5,13,1,1,5,5,5,2,3,2,12,2,8,4,5,8,16,8,20,10,16,,67,,1,21,121.5764289,25.0812611
113,2,26,16,23,2,02萬華區,萬華區萬大路與萬大路90巷口,0,0,1,1,F01,8,7,5,50,4,1,1,5,4,5,13,2,1,9,5,5,2,9,2,12,3,10,4,1,7,9,8,20,1,11,,44,,1,14,121.5004567,25.0302555
113,2,26,16,23,2,02萬華區,萬華區萬大路與萬大路90巷口,0,0,1,2,H01,8,7,5,50,4,1,1,5,4,5,13,2,1,9,5,5,2,9,2,54,2,9,4,5,8,16,8,20,11,16,,67,,1,21,121.5004567,25.0302555
113,2,26,16,27,2,09北投區,北投區泉源路與行義路口,0,0,1,1,B12,7,7,5,40,4,1,1,5,4,5,13,1,1,5,4,5,2,16,1,53,3,10,7,1,7,5,1,8,1,6,,71,,1,21,121.5267365,25.1439945
113,2,26,16,27,2,09北投區,北投區泉源路與行義路口,0,0,1,2,F01,7,7,5,40,4,1,1,5,4,5,13,1,1,5,4,5,2,16,1,26,2,7,4,1,7,9,8,20,1,11,,108,,1,21,121.5267365,25.1439945
113,2,26,16,31,2,02萬華區,萬華區西藏路與萬大路口,0,0,1,1,B03,8,5,5,50,4,1,1,5,4,5,13,1,1,8,3,4,1,13,1,59,3,10,7,1,7,9,3,18,1,1,,16,,1,21,121.5004823,25.0296043
113,2,26,16,31,2,02萬華區,萬華區西藏路與萬大路口,0,0,1,2,C03,8,5,5,50,4,1,1,5,4,5,13,1,1,8,3,4,1,13,2,24,2,7,5,1,7,9,1,10,1,13,,44,,1,21,121.5004823,25.0296043
113,2,26,16,45,2,12內湖區,內湖區環山路2段109巷6弄與港墘路口,0,0,1,1,C03,7,5,5,30,4,1,1,5,4,5,13,4,4,1,5,5,2,15,2,57,2,9,5,1,7,9,1,10,2,14,,80,,1,21,121.5781646,25.0832331
113,2,26,16,45,2,12內湖區,內湖區環山路2段109巷6弄與港墘路口,0,0,1,2,B03,7,5,5,30,4,1,1,5,4,5,13,4,4,1,5,5,2,15,1,61,3,10,7,1,7,9,1,8,2,5,,14,,1,21,121.5781646,25.0832331
113,2,26,16,54,2,12內湖區,內湖區內湖路1段671號,0,0,2,1,C03,8,6,5,50,14,9,1,5,4,5,13,4,4,1,4,4,2,13,1,20,2,9,5,1,7,9,1,10,1,11,,16,,1,21,121.5759823,25.07990464
113,2,26,16,54,2,12內湖區,內湖區內湖路1段671號,0,0,2,2,B03,8,6,5,50,14,9,1,5,4,5,13,4,4,1,4,4,2,13,1,42,3,10,7,1,7,14,1,8,1,7,,44,,1,21,121.5759823,25.07990464
113,2,26,16,54,2,12內湖區,內湖區內湖路1段671號,0,0,2,3,H02,8,6,5,50,14,9,1,5,4,5,13,4,4,1,4,4,2,13,1,18,2,4,5,5,7,20,8,20,10,16,,67,,1,21,121.5759823,25.07990464
113,2,26,16,54,2,12內湖區,內湖區內湖路1段671號,0,0,2,4,B01,8,6,5,50,14,9,1,5,4,5,13,4,4,1,4,4,2,13,1,67,3,10,7,1,7,8,1,4,9,17,,44,,1,21,121.5759823,25.07990464
113,2,26,16,57,2,08士林區,士林區延平北路5段與葫蘆街口,0,0,1,1,B03,8,6,5,50,4,1,1,5,4,5,13,1,1,1,4,5,2,17,1,66,3,10,3,4,7,1,1,7,1,7,,19,,1,21,121.5099705,25.0841285
113,2,26,16,57,2,08士林區,士林區延平北路5段與葫蘆街口,0,0,1,2,C03,8,6,5,50,4,1,1,5,4,5,13,1,1,1,4,5,2,17,1,22,2,8,6,1,7,9,1,10,1,11,,44,,1,21,121.5099705,25.0841285
113,2,26,17,7,2,06松山區,松山區市民大道4段37巷與市民大道4段口,0,0,2,1,C03,8,7,5,40,3,1,1,5,4,5,13,4,4,1,4,5,2,16,1,42,2,9,6,1,7,5,1,10,2,11,,72,,1,21,121.545137,25.0450656
113,2,26,17,7,2,06松山區,松山區市民大道4段37巷與市民大道4段口,0,0,2,2,C03,8,7,5,40,3,1,1,5,4,5,13,4,4,1,4,5,2,16,1,35,2,9,6,1,7,9,1,10,2,14,,44,,1,21,121.545137,25.0450656
113,2,26,17,10,2,07信義區,信義區基隆路1段176號,0,0,1,1,C03,8,7,5,50,14,9,1,5,4,5,13,4,4,9,4,5,2,13,1,56,2,9,5,1,7,9,6,10,2,11,,108,,1,21,121.5655283,25.0431406
113,2,26,17,10,2,07信義區,信義區基隆路1段176號,0,0,1,2,B01,8,7,5,50,14,9,1,5,4,5,13,4,4,9,4,5,2,13,1,35,3,10,7,1,7,14,1,4,2,6,,44,,1,21,121.5655283,25.0431406
113,2,26,17,30,2,05中正區,中正區中華路1段與延平南路95巷口口,0,0,1,1,C03,8,5,5,50,14,9,1,5,4,5,13,4,4,9,4,4,1,16,2,20,2,9,6,1,7,8,1,10,2,14,,100,,1,21,121.5099763,25.0472638
113,2,26,17,30,2,05中正區,中正區中華路1段與延平南路95巷口口,0,0,1,2,B12,8,5,5,50,14,9,1,5,4,5,13,4,4,9,4,4,1,16,1,43,3,10,7,1,7,9,1,8,2,5,,44,,1,21,121.5099763,25.0472638
113,2,26,17,30,2,10文山區,文山區新光路2段圓環,0,0,1,1,C03,6,6,5,50,18,9,1,4,4,5,13,3,1,1,4,5,2,13,1,31,2,9,6,1,7,9,1,10,1,17,,17,,1,21,121.5831876,25.00015733
113,2,26,17,30,2,10文山區,文山區新光路2段圓環,0,0,1,2,B03,6,6,5,50,18,9,1,4,4,5,13,3,1,1,4,5,2,13,1,33,3,10,7,1,7,9,1,8,9,17,,44,,1,21,121.5831876,25.00015733
113,2,26,17,42,2,10文山區,文山區老泉街,0,0,1,1,C03,6,5,5,40,14,9,1,4,4,5,13,4,4,10,5,5,2,17,2,62,2,9,5,1,7,9,1,10,1,12,,75,,1,21,121.5670475,24.9797651
113,2,26,17,42,2,10文山區,文山區老泉街,0,0,1,2,B03,6,5,5,40,14,9,1,4,4,5,13,4,4,10,5,5,2,17,1,38,3,10,7,1,7,9,6,8,1,4,,44,,1,21,121.5670475,24.9797651
113,2,26,17,45,2,04大安區,大安區仁愛路4段37號,0,0,1,1,B03,7,6,5,50,14,9,1,5,4,5,13,4,4,10,4,5,1,13,2,67,3,10,3,4,7,9,1,8,1,5,,44,,1,21,121.5464124,25.0380969
113,2,26,17,45,2,04大安區,大安區仁愛路4段37號,0,0,1,2,C03,7,6,5,50,14,9,1,5,4,5,13,4,4,10,4,5,1,13,1,23,2,8,6,4,7,7,1,10,1,13,,100,,1,21,121.5464124,25.0380969
113,2,26,17,56,2,01大同區,大同區塔城街與忠孝西路2段口,0,0,1,1,B03,8,5,5,50,14,9,1,5,4,5,13,4,4,5,4,5,2,12,1,54,3,10,7,1,7,15,1,8,1,2,,100,,1,21,121.5102647,25.0485228
113,2,26,17,56,2,01大同區,大同區塔城街與忠孝西路2段口,0,0,1,2,C03,8,5,5,50,14,9,1,5,4,5,13,4,4,5,4,5,2,12,2,56,2,8,6,1,7,9,1,10,1,14,,44,,1,21,121.5102647,25.0485228
113,2,26,18,18,2,07信義區,信義區松仁路246號附近側附近,0,0,2,1,C03,6,5,5,50,14,9,1,4,4,5,13,4,4,9,5,5,2,3,1,41,2,7,6,1,7,9,1,10,2,11,,108,,1,21,121.5695971,25.0245625
113,2,26,18,18,2,07信義區,信義區松仁路246號附近側附近,0,0,2,2,H01,6,5,5,50,14,9,1,4,4,5,13,4,4,9,5,5,2,3,2,64,2,9,4,5,8,16,8,20,10,16,,53,,1,21,121.5695971,25.0245625
113,2,26,18,20,2,05中正區,中正區重慶南路1段與重慶南路1段136巷口,0,0,1,1,B03,8,5,5,50,3,1,1,5,4,5,13,4,4,4,3,4,2,12,1,43,3,10,7,1,7,15,1,8,1,6,,17,,1,21,121.5124932,25.03633316
113,2,26,18,20,2,05中正區,中正區重慶南路1段與重慶南路1段136巷口,0,0,1,2,C03,8,5,5,50,3,1,1,5,4,5,13,4,4,4,3,4,2,12,2,29,2,8,6,1,7,15,1,10,1,14,,17,,1,21,121.5124932,25.03633316
113,2,26,18,29,2,03中山區,中山區遼寧街與遼寧街116巷口,0,0,1,1,B03,8,5,5,30,3,1,1,5,4,5,13,4,4,10,5,5,2,1,1,48,3,10,7,1,7,6,1,8,1,1,,70,,1,22,121.5420522,25.0526938
113,2,26,18,29,2,03中山區,中山區遼寧街與遼寧街116巷口,0,0,1,2,H01,8,5,5,30,3,1,1,5,4,5,13,4,4,10,5,5,2,1,2,57,2,9,4,5,8,16,8,20,10,16,,67,,1,22,121.5420522,25.0526938
113,2,26,18,45,2,09北投區,北投區東華街2段296號前,0,0,1,1,C03,7,5,5,50,14,9,1,5,4,5,13,4,4,9,4,5,2,12,2,46,3,10,5,1,7,7,1,11,2,14,,100,,1,21,121.5072753,25.1208364
113,2,26,18,45,2,09北投區,北投區東華街2段296號前,0,0,1,2,B03,7,5,5,50,14,9,1,5,4,5,13,4,4,9,4,5,2,12,1,45,3,10,7,1,7,9,1,8,2,5,,44,,1,21,121.5072753,25.1208364
113,2,26,18,45,2,09北投區,北投區東華街2段296號前,0,0,1,4,H02,7,5,5,50,14,9,1,5,4,5,13,4,4,9,4,5,2,12,2,13,2,8,5,5,7,20,8,20,10,16,,67,,1,21,121.5072753,25.1208364
113,2,26,18,45,2,09北投區,北投區東華街2段296號前,0,0,1,3,A05,7,5,5,50,14,9,1,5,4,5,13,4,4,9,4,5,2,12,1,59,3,10,7,1,7,1,1,2,9,17,,19,,1,21,121.5072753,25.1208364
113,2,26,19,2,2,04大安區,大安區和平東路3段與基隆路2段口,0,0,1,1,C03,7,5,5,50,5,1,1,5,4,5,13,2,1,10,5,5,2,17,1,43,3,10,3,4,7,9,1,10,1,11,,108,,1,22,121.5529892,25.0248285
113,2,26,19,2,2,04大安區,大安區和平東路3段與基隆路2段口,0,0,1,2,C03,7,5,5,50,5,1,1,5,4,5,13,2,1,10,5,5,2,17,1,24,2,8,3,4,7,9,1,10,1,11,,16,,1,22,121.5529892,25.0248285
113,2,26,19,2,2,04大安區,大安區和平東路3段與基隆路2段口,0,0,1,3,C03,7,5,5,50,5,1,1,5,4,5,13,2,1,10,5,5,2,17,1,43,3,10,3,4,7,9,1,10,1,13,,44,,1,22,121.5529892,25.0248285
113,2,26,19,2,2,04大安區,大安區和平東路3段與基隆路2段口,0,0,1,4,C03,7,5,5,50,5,1,1,5,4,5,13,2,1,10,5,5,2,17,1,43,3,10,3,4,7,6,1,10,1,17,,44,,1,22,121.5529892,25.0248285
113,2,26,19,3,2,11南港區,南港區忠孝東路7段與忠孝東路7段265巷口,0,0,2,1,C03,7,5,5,50,3,2,1,5,4,5,13,2,1,9,4,5,2,13,2,36,2,9,6,1,7,9,1,10,1,11,,16,,1,21,121.6036493,25.051789
113,2,26,19,3,2,11南港區,南港區忠孝東路7段與忠孝東路7段265巷口,0,0,2,2,C03,7,5,5,50,3,2,1,5,4,5,13,2,1,9,4,5,2,13,1,32,2,9,6,1,7,14,1,10,1,13,,44,,1,21,121.6036493,25.051789
113,2,26,19,17,2,08士林區,士林區中山北路7段與中山北路7段181巷口,0,0,1,1,B01,8,5,5,50,5,1,1,5,4,5,13,4,4,5,5,5,2,3,1,45,3,10,7,1,7,2,1,4,1,3,,12,,1,21,121.5324351,25.1246572
113,2,26,19,17,2,08士林區,士林區中山北路7段與中山北路7段181巷口,0,0,1,2,H01,8,5,5,50,5,1,1,5,4,5,13,4,4,5,5,5,2,3,1,42,2,9,4,5,8,16,8,20,10,16,,123,,1,21,121.5324351,25.1246572
113,2,26,19,40,2,02萬華區,萬華區萬大路143號,0,0,1,1,A02,8,5,5,30,14,9,1,5,4,5,13,4,4,1,4,5,2,9,1,44,3,10,7,1,7,15,1,2,11,17,,118,,2,21,121.5005881,25.02884885
113,2,26,19,40,2,02萬華區,萬華區萬大路143號,0,0,1,2,H02,8,5,5,30,14,9,1,5,4,5,13,4,4,1,4,5,2,9,2,50,2,9,4,5,7,20,8,20,10,16,,67,,1,21,121.5005881,25.02884885
113,2,26,19,45,2,12內湖區,內湖區舊宗路2段121巷與瑞湖街口,0,0,1,1,B03,7,5,5,50,4,1,1,5,4,5,13,2,1,5,5,5,2,16,2,45,3,10,7,1,7,6,1,8,9,6,,9,,1,21,121.5764527,25.06898212
113,2,26,19,45,2,12內湖區,內湖區舊宗路2段121巷與瑞湖街口,0,0,1,2,C03,7,5,5,50,4,1,1,5,4,5,13,2,1,5,5,5,2,16,1,49,2,9,6,1,7,9,1,10,9,14,,44,,1,21,121.5764527,25.06898212
113,2,26,20,12,2,02萬華區,萬華區西園路2段與西藏路口,0,0,2,1,C03,8,5,5,50,4,2,1,5,4,5,13,2,1,1,4,5,2,13,1,52,2,9,6,1,7,8,1,10,1,13,,100,,1,21,121.4959052,25.0286234
113,2,26,20,12,2,02萬華區,萬華區西園路2段與西藏路口,0,0,2,2,C03,8,5,5,50,4,2,1,5,4,5,13,2,1,1,4,5,2,13,2,34,2,9,6,1,7,9,1,10,1,11,,16,,1,21,121.4959052,25.0286234
113,2,26,20,45,2,01大同區,大同區延平北路2段與涼州街口,0,0,2,1,B03,8,5,5,50,4,1,1,5,4,5,13,2,1,5,4,5,2,17,1,70,3,10,7,1,7,5,1,8,2,6,,71,,1,21,121.5113998,25.060643
113,2,26,20,45,2,01大同區,大同區延平北路2段與涼州街口,0,0,2,2,C03,8,5,5,50,4,1,1,5,4,5,13,2,1,5,4,5,2,17,1,18,2,9,6,1,7,9,1,10,2,11,,13,,1,21,121.5113998,25.060643
113,2,26,20,45,2,01大同區,大同區延平北路2段與涼州街口,0,0,2,3,H02,8,5,5,50,4,1,1,5,4,5,13,2,1,5,4,5,2,17,2,19,2,9,6,5,7,17,8,20,10,16,,67,,1,21,121.5113998,25.060643
113,2,26,21,7,2,03中山區,中山區建國北路1段與長安東路2段口,0,0,1,1,B03,8,5,5,50,4,1,1,5,4,5,13,1,1,1,4,5,2,16,1,39,3,10,7,1,7,5,1,8,1,4,,98,,1,22,121.5369124,25.0483438
113,2,26,21,7,2,03中山區,中山區建國北路1段與長安東路2段口,0,0,1,2,C03,8,5,5,50,4,1,1,5,4,5,13,1,1,1,4,5,2,16,1,22,2,9,5,1,7,9,1,10,1,12,,44,,1,22,121.5369124,25.0483438
113,2,26,21,49,2,02萬華區,萬華區萬大路與萬大路322巷口,0,0,1,1,B01,8,5,5,30,4,1,1,5,4,5,13,1,1,1,4,5,2,17,1,62,3,10,7,1,7,5,1,4,1,5,,71,,1,21,121.5001742,25.02425928
113,2,26,21,49,2,02萬華區,萬華區萬大路與萬大路322巷口,0,0,1,2,C03,8,5,5,30,4,1,1,5,4,5,13,1,1,1,4,5,2,17,1,18,2,7,5,1,7,9,1,10,1,14,,13,,1,21,121.5001742,25.02425928
113,2,26,21,50,2,04大安區,大安區光復南路與光復南路692巷口口,0,0,1,1,B01,8,5,5,50,14,9,1,5,4,5,13,2,1,1,4,1,2,13,1,63,3,10,3,4,7,9,1,4,1,5,,108,,1,22,121.5579435,25.0300129
113,2,26,21,50,2,04大安區,大安區光復南路與光復南路692巷口口,0,0,1,2,C03,8,5,5,50,14,9,1,5,4,5,13,2,1,1,4,1,2,13,1,27,2,8,3,4,7,14,1,10,1,13,,44,,1,22,121.5579435,25.0300129
113,2,26,21,56,2,07信義區,信義區吳興街220巷與吳興街220巷11弄口,0,0,1,1,C03,7,5,5,50,3,2,1,5,4,5,13,4,4,9,5,5,2,12,2,21,3,10,5,1,7,8,1,10,1,13,,100,,1,21,121.5627062,25.0274302
113,2,26,21,56,2,07信義區,信義區吳興街220巷與吳興街220巷11弄口,0,0,1,2,F01,7,5,5,50,3,2,1,5,4,5,13,4,4,9,5,5,2,12,2,20,2,9,4,1,7,9,8,20,1,11,,44,,1,21,121.5627062,25.0274302
113,2,26,22,7,2,03中山區,中山區林森北路與新生北路3段88巷口,0,0,2,1,C03,8,5,5,50,5,1,1,5,4,5,13,4,4,5,5,5,2,16,1,25,2,9,5,1,7,6,1,10,1,12,,4,,1,22,121.5086674,25.05147355
113,2,26,22,7,2,03中山區,中山區林森北路與新生北路3段88巷口,0,0,2,2,C03,8,5,5,50,5,1,1,5,4,5,13,4,4,5,5,5,2,16,2,18,2,9,5,1,7,9,1,10,1,11,,44,,1,22,121.5086674,25.05147355
113,2,26,22,16,2,11南港區,南港區南港路1段與中南街口,0,0,1,1,B01,6,5,5,50,3,2,1,4,4,5,13,2,1,9,4,4,2,16,1,53,3,10,7,1,7,5,1,4,1,8,,71,,1,21,121.615073,25.0552073
113,2,26,22,16,2,11南港區,南港區南港路1段與中南街口,0,0,1,2,C03,6,5,5,50,3,2,1,4,4,5,13,2,1,9,4,4,2,16,1,27,2,9,6,1,7,9,1,10,1,14,,108,,1,21,121.615073,25.0552073
113,2,26,22,18,2,10文山區,文山區萬盛街與羅斯福路5段97巷口,0,0,1,1,B01,7,5,5,50,4,1,1,5,4,5,13,4,4,5,5,5,2,10,1,65,3,10,7,1,7,9,1,4,2,8,,99,,1,21,121.5409203,25.0056904
113,2,26,22,18,2,10文山區,文山區萬盛街與羅斯福路5段97巷口,0,0,1,2,C03,7,5,5,50,4,1,1,5,4,5,13,4,4,5,5,5,2,10,1,33,2,9,6,1,7,9,1,10,2,11,,14,,1,21,121.5409203,25.0056904
113,2,26,22,39,2,09北投區,北投區復興四路6號,0,0,1,1,C03,8,5,5,30,14,9,1,5,4,5,13,4,4,9,4,5,2,16,1,49,3,10,5,1,7,11,1,10,1,14,,10,,1,21,121.4996288,25.14161433
113,2,26,22,39,2,09北投區,北投區復興四路6號,0,0,1,2,C03,8,5,5,30,14,9,1,5,4,5,13,4,4,9,4,5,2,16,1,16,2,9,5,1,7,9,2,18,1,12,,44,,1,21,121.4996288,25.14161433
113,2,26,22,39,2,09北投區,北投區復興四路6號,0,0,1,3,B03,8,5,5,30,14,9,1,5,4,5,13,4,4,9,4,5,2,16,3,28,,,,,,,,,,,,67,,1,,121.4996288,25.14161433
113,2,26,23,51,2,03中山區,中山區中山北路1段與長安東路1段口,0,0,1,1,C03,8,5,5,50,4,2,1,5,4,5,13,2,1,5,4,5,2,17,2,19,2,9,3,4,7,9,1,10,1,12,,44,,1,21,121.5217731,25.0498141
113,2,26,23,51,2,03中山區,中山區中山北路1段與長安東路1段口,0,0,1,2,B01,8,5,5,50,4,2,1,5,4,5,13,2,1,5,4,5,2,17,1,56,3,10,3,4,7,6,1,4,1,17,,44,,1,21,121.5217731,25.0498141
113,2,27,0,41,2,02萬華區,萬華區堤外便道與桂林路口,0,0,2,1,C03,8,5,7,40,4,1,1,5,4,5,13,1,1,1,5,5,2,17,1,24,2,9,5,1,7,15,1,10,1,12,,4,,1,21,121.4958654,25.0389907
113,2,27,0,41,2,02萬華區,萬華區堤外便道與桂林路口,0,0,2,2,C03,8,5,7,40,4,1,1,5,4,5,13,1,1,1,5,5,2,17,1,27,2,9,5,1,7,5,1,10,1,14,,44,,1,21,121.4958654,25.0389907
113,2,27,1,16,2,03中山區,中山區長春路與吉林路口,0,0,1,1,B02,8,5,5,40,4,1,1,5,4,5,13,1,1,5,5,5,2,16,1,26,3,10,7,1,7,5,1,8,1,8,,8,,1,22,121.5301371,25.0548678
113,2,27,1,16,2,03中山區,中山區長春路與吉林路口,0,0,1,2,C03,8,5,5,40,4,1,1,5,4,5,13,1,1,5,5,5,2,16,1,21,2,9,5,1,7,9,1,10,1,12,,44,,1,22,121.5301371,25.0548678