發生年度,發生月,發生日,發生時-Hours,發生分,處理別-編號,區序,肇事地點,死亡人數,2-30日死亡人數,受傷人數,當事人序號,車種,天候,道路照明設備,道路類別,速限-速度限制,道路型態,事故位置,路面狀況1,路面狀況2,路面狀況3,道路障礙1,道路障礙2,號誌1,號誌2,車道劃分-分向,車道劃分-分道1,車道劃分-分道2,車道劃分-分道3,事故類型及型態,性別,年齡,受傷程度,主要傷處,保護裝置,行動電話,車輛用途,當事者行動狀態,駕駛資格情形,駕駛執照種類,飲酒情形,車輛撞擊部位1,車輛撞擊部位2,肇因碼-個別,肇因碼-主要,個人肇逃否,職業,座標-X,座標-Y
113,2,27,3,0,2,07信義區,信義區吳興街549號,0,0,1,1,B03,6,5,5,50,14,9,1,4,4,5,13,4,4,9,5,5,2,16,4,0,,,,,,,,,,,,119,,2,,121.5695124,25.0229526
113,2,27,3,0,2,07信義區,信義區吳興街549號,0,0,1,2,C04,6,5,5,50,14,9,1,4,4,5,13,4,4,9,5,5,2,16,2,27,2,9,5,1,7,9,1,10,9,11,,119,,1,21,121.5695124,25.0229526
113,2,27,5,6,2,01大同區,大同區酒泉街107號,0,0,1,2,H01,7,5,5,40,14,9,1,5,4,5,13,4,4,5,2,5,2,3,1,75,2,1,4,5,8,16,8,20,10,16,,121,,1,21,121.5151911,25.0720564
113,2,27,5,6,2,01大同區,大同區酒泉街107號,0,0,1,1,B03,7,5,5,40,14,9,1,5,4,5,13,4,4,5,2,5,2,3,1,63,4,11,3,4,7,21,7,19,11,15,,108,,2,22,121.5151911,25.0720564
113,2,27,6,11,2,04大安區,大安區仁愛路3段與建國南路1段口,0,0,1,1,B12,6,6,5,40,4,1,1,4,4,5,13,2,1,9,4,5,1,16,1,52,3,10,3,4,7,6,1,8,1,5,,9,,1,21,121.5376291,25.0382699
113,2,27,6,11,2,04大安區,大安區仁愛路3段與建國南路1段口,0,0,1,2,C03,6,6,5,40,4,1,1,4,4,5,13,2,1,9,4,5,1,16,1,29,2,7,5,1,7,9,1,10,1,11,,44,,1,21,121.5376291,25.0382699
113,2,27,7,6,2,12內湖區,內湖區五分街與五分街14巷口,0,0,1,1,C03,6,6,5,50,4,1,1,4,4,5,13,4,4,9,5,5,2,17,1,49,3,10,6,1,7,9,1,9,1,12,,72,,1,21,121.6137433,25.0674928
113,2,27,7,6,2,12內湖區,內湖區五分街與五分街14巷口,0,0,1,2,C03,6,6,5,50,4,1,1,4,4,5,13,4,4,9,5,5,2,17,1,49,2,9,6,1,7,9,1,9,1,11,,108,,1,21,121.6137433,25.0674928
113,2,27,7,20,2,11南港區,南港區研究院路2段4號,0,0,1,1,C03,6,7,5,50,14,9,1,4,4,5,13,4,4,1,4,5,1,13,1,18,2,8,5,4,7,9,3,18,1,11,,16,,1,22,121.6157761,25.0479947
113,2,27,7,20,2,11南港區,南港區研究院路2段4號,0,0,1,2,B03,6,7,5,50,14,9,1,4,4,5,13,4,4,1,4,5,1,13,1,50,3,10,3,4,7,12,1,8,1,3,,44,,1,22,121.6157761,25.0479947
113,2,27,7,33,2,08士林區,士林區雨聲街與雨聲街165巷口,0,0,1,1,B03,7,5,5,50,3,1,1,4,4,5,13,3,1,5,4,5,1,17,2,50,3,10,7,1,7,5,1,8,1,4,,44,,1,21,121.5335671,25.1024305
113,2,27,7,33,2,08士林區,士林區雨聲街與雨聲街165巷口,0,0,1,2,C03,7,5,5,50,3,1,1,4,4,5,13,3,1,5,4,5,1,17,2,55,2,8,6,1,7,9,1,10,1,11,,14,,1,21,121.5335671,25.1024305
113,2,27,7,42,2,08士林區,士林區承德路4段77巷與承德路4段口,0,0,1,1,B03,6,5,5,50,5,1,1,4,4,5,13,2,1,1,4,1,1,17,1,71,3,10,7,1,7,5,1,8,2,5,,71,,1,21,121.5232416,25.0822124
113,2,27,7,42,2,08士林區,士林區承德路4段77巷與承德路4段口,0,0,1,2,C03,6,5,5,50,5,1,1,4,4,5,13,2,1,1,4,1,1,17,1,38,2,9,6,1,7,9,1,10,1,11,,44,,1,21,121.5232416,25.0822124
113,2,27,7,45,2,02萬華區,萬華區艋舺大道與西藏路口,0,0,2,1,B12,6,7,5,50,4,18,1,4,4,5,13,2,1,3,4,5,2,3,1,24,3,10,7,1,7,6,1,4,1,1,,70,,1,21,121.491776,25.0290967
113,2,27,7,45,2,02萬華區,萬華區艋舺大道與西藏路口,0,0,2,2,H01,6,7,5,50,4,18,1,4,4,5,13,2,1,3,4,5,2,3,2,73,2,9,4,5,8,16,8,20,10,16,,67,,1,21,121.491776,25.0290967
113,2,27,7,45,2,02萬華區,萬華區艋舺大道與西藏路口,0,0,2,3,H01,6,7,5,50,4,18,1,4,4,5,13,2,1,3,4,5,2,3,2,65,2,9,4,5,8,16,8,20,10,16,,67,,1,21,121.491776,25.0290967
113,2,27,7,46,2,06松山區,松山區敦化北路與民生東路3段口,0,0,1,1,B02,6,5,5,50,4,1,1,4,4,5,13,1,1,1,3,5,2,11,1,59,3,10,7,1,7,8,1,8,1,6,,100,,1,22,121.548787,25.0578198
113,2,27,7,46,2,06松山區,松山區敦化北路與民生東路3段口,0,0,1,2,C04,6,5,5,50,4,1,1,4,4,5,13,1,1,1,3,5,2,11,2,25,2,9,5,1,7,9,1,10,1,14,,44,,1,22,121.548787,25.0578198
113,2,27,8,0,2,12內湖區,內湖區港墘路與麗山街口,0,0,2,1,C03,7,6,5,50,4,1,1,5,4,5,13,4,4,1,4,5,2,17,1,70,2,8,5,1,7,9,1,10,1,12,,80,,1,21,121.5782753,25.0831053
113,2,27,8,0,2,12內湖區,內湖區港墘路與麗山街口,0,0,2,2,C03,7,6,5,50,4,1,1,5,4,5,13,4,4,1,4,5,2,17,2,65,2,9,5,1,7,9,1,10,1,14,,44,,1,21,121.5782753,25.0831053
113,2,27,8,3,2,04大安區,東往西方向(辛亥路3段330號對面),0,0,1,1,B03,6,6,5,50,14,9,1,4,4,5,13,4,4,1,4,5,2,13,1,48,3,10,7,1,7,9,1,8,1,1,,108,,1,21,121.5523906,25.01490732
113,2,27,8,3,2,04大安區,東往西方向(辛亥路3段330號對面),0,0,1,2,B02,6,6,5,50,14,9,1,4,4,5,13,4,4,1,4,5,2,13,1,33,2,2,7,1,7,14,1,8,1,3,,44,,1,21,121.5523906,25.01490732
113,2,27,8,10,2,04大安區,大安區和平東路2段與新生南路3段口,0,0,1,1,C02,6,6,5,50,4,2,1,4,4,5,13,2,1,3,4,3,1,11,1,28,2,9,5,1,7,9,1,9,1,11,,85,,1,21,121.5347897,25.0257457
113,2,27,8,10,2,04大安區,大安區和平東路2段與新生南路3段口,0,0,1,2,B03,6,6,5,50,4,2,1,4,4,5,13,2,1,3,4,3,1,11,1,42,3,10,7,1,7,9,1,8,1,1,,44,,1,21,121.5347897,25.0257457
113,2,27,8,12,2,12內湖區,內湖區民權東路6段與民權東路6段90巷口,0,0,2,1,C03,8,6,5,50,14,9,1,5,4,5,13,2,1,1,4,5,2,13,1,20,2,9,6,1,7,9,1,10,1,11,,16,,1,21,121.5859948,25.06902024
113,2,27,8,12,2,12內湖區,內湖區民權東路6段與民權東路6段90巷口,0,0,2,2,C03,8,6,5,50,14,9,1,5,4,5,13,2,1,1,4,5,2,13,1,65,2,7,5,1,7,9,1,10,1,13,,44,,1,21,121.5859948,25.06902024
113,2,27,8,12,2,07信義區,信義區松隆路107號,0,0,1,1,B03,8,5,5,50,14,9,1,4,4,5,13,4,4,1,4,5,2,16,1,84,3,10,7,1,7,6,1,8,1,6,,80,,1,21,121.5714418,25.0461787
113,2,27,8,12,2,07信義區,信義區松隆路107號,0,0,1,2,C04,8,5,5,50,14,9,1,4,4,5,13,4,4,1,4,5,2,16,2,26,2,7,5,1,7,9,1,10,1,11,,14,,1,21,121.5714418,25.0461787
113,2,27,8,21,2,05中正區,中正區中華路1段與寶慶路口,0,0,1,1,C03,6,6,5,50,5,2,1,4,4,5,13,1,1,10,5,5,2,17,1,50,3,10,5,1,7,8,1,10,1,17,,44,,1,22,121.5084758,25.04211821
113,2,27,8,21,2,05中正區,中正區中華路1段與寶慶路口,0,0,1,2,C03,6,6,5,50,5,2,1,4,4,5,13,1,1,10,5,5,2,17,1,30,2,9,5,1,7,9,1,9,1,17,,108,,1,22,121.5084758,25.04211821
113,2,27,8,29,2,01大同區,大同區重慶北路3段335巷2號,0,0,2,1,H01,6,6,5,0,14,9,1,4,4,5,13,4,4,10,5,5,1,3,2,68,2,8,4,5,8,20,8,20,10,16,,121,,1,21,121.5141792,25.0745872
113,2,27,8,29,2,01大同區,大同區重慶北路3段335巷2號,0,0,2,2,F03,6,6,5,0,14,9,1,4,4,5,13,4,4,10,5,5,1,3,2,30,2,9,4,1,7,9,8,20,1,11,,108,,1,21,121.5141792,25.0745872
113,2,27,8,30,2,03中山區,中山區林森北路568號前,0,0,2,1,C03,6,7,5,50,14,9,1,4,4,5,13,4,4,5,4,5,2,13,1,33,2,8,3,4,7,8,1,10,1,11,,100,,1,21,121.525636,25.0647644
113,2,27,8,30,2,03中山區,中山區林森北路568號前,0,0,2,2,C03,6,7,5,50,14,9,1,4,4,5,13,4,4,5,4,5,2,13,1,30,2,8,3,4,7,12,1,10,1,12,,108,,1,21,121.525636,25.0647644
113,2,27,8,37,2,10文山區,文山區木柵路5段100號,0,0,1,1,B12,6,6,5,50,14,9,1,4,4,5,13,4,4,5,4,5,1,17,1,62,3,10,7,1,7,1,1,8,1,7,,19,,1,21,121.5912509,24.99935864
113,2,27,8,37,2,10文山區,文山區木柵路5段100號,0,0,1,2,C03,6,6,5,50,14,9,1,4,4,5,13,4,4,5,4,5,1,17,2,37,2,9,6,1,7,9,1,10,1,11,,44,,1,21,121.5912509,24.99935864
113,2,27,8,50,2,04大安區,大安區敦化南路1段247巷與敦化南路1段口,0,0,1,1,B03,6,6,5,50,3,1,1,4,4,5,13,4,4,1,4,5,2,17,2,60,3,10,7,1,7,6,1,8,1,5,,44,,1,21,121.5490937,25.0389107
113,2,27,8,50,2,04大安區,大安區敦化南路1段247巷與敦化南路1段口,0,0,1,2,C03,6,6,5,50,3,1,1,4,4,5,13,4,4,1,4,5,2,17,1,47,2,9,6,1,7,9,1,10,1,14,,44,,1,21,121.5490937,25.0389107
113,2,27,9,11,2,03中山區,中山區北安路與大直街口,0,0,1,1,C03,7,6,5,50,4,2,1,5,4,5,13,1,1,3,4,5,2,12,1,32,2,8,5,1,7,9,1,10,1,11,14,16,,1,21,121.549284,25.08417017
113,2,27,9,11,2,03中山區,中山區北安路與大直街口,0,0,1,2,B01,7,6,5,50,4,2,1,5,4,5,13,1,1,3,4,5,2,12,1,65,3,10,7,1,7,9,1,4,1,7,,44,,1,21,121.549284,25.08417017
113,2,27,9,11,2,03中山區,中山區北安路與大直街口,0,0,1,3,B03,7,6,5,50,4,2,1,5,4,5,13,1,1,3,4,5,2,12,1,52,3,10,7,1,7,14,1,8,1,5,,44,,1,21,121.549284,25.08417017
113,2,27,9,13,2,05中正區,中正區思源街16號與思源街口16號對面與無名巷口,0,0,1,1,C03,8,6,5,50,3,2,1,4,4,5,13,4,4,1,4,5,1,17,1,33,2,7,6,1,7,9,1,10,2,11,,108,,1,21,121.5309592,25.01400982
113,2,27,9,13,2,05中正區,中正區思源街16號與思源街口16號對面與無名巷口,0,0,1,2,C03,8,6,5,50,3,2,1,4,4,5,13,4,4,1,4,5,1,17,1,31,3,10,6,1,7,15,1,10,2,13,,100,,1,21,121.5309592,25.01400982
113,2,27,9,13,2,05中正區,中正區思源街16號與思源街口16號對面與無名巷口,0,0,1,3,H03,8,6,5,50,3,2,1,4,4,5,13,4,4,1,4,5,1,17,1,49,3,10,4,5,8,20,8,20,10,16,,60,,1,21,121.5309592,25.01400982
113,2,27,9,52,2,04大安區,大安區大安路1段與復興南路1段107巷口口,0,0,1,1,B03,6,6,5,30,4,1,1,4,4,5,13,4,4,10,4,5,2,17,1,57,3,10,7,1,7,9,1,8,1,17,,72,,1,22,121.5461681,25.0435813
113,2,27,9,52,2,04大安區,大安區大安路1段與復興南路1段107巷口口,0,0,1,2,C03,6,6,5,30,4,1,1,4,4,5,13,4,4,10,4,5,2,17,2,29,2,8,5,1,7,9,1,10,1,17,,13,,1,22,121.5461681,25.0435813
113,2,27,9,53,2,05中正區,中正區重慶南路3段81號,0,0,1,2,C03,7,7,5,50,14,9,1,4,4,5,13,1,1,1,4,5,2,17,2,64,2,9,5,1,7,7,1,11,2,14,,100,,1,22,121.5165124,25.0254816
113,2,27,9,53,2,05中正區,中正區重慶南路3段81號,0,0,1,1,B02,7,7,5,50,14,9,1,4,4,5,13,1,1,1,4,5,2,17,1,46,3,10,7,1,7,8,1,2,2,2,,100,,1,22,121.5165124,25.0254816
113,2,27,10,7,2,06松山區,松山區敦化北路165巷與敦化北路155巷66弄口,0,0,2,1,C03,6,5,5,30,4,2,1,4,4,5,13,4,4,9,5,5,2,16,1,22,2,8,5,1,7,5,1,10,1,12,,74,,1,22,121.5513361,25.0547149
113,2,27,10,7,2,06松山區,松山區敦化北路165巷與敦化北路155巷66弄口,0,0,2,2,C03,6,5,5,30,4,2,1,4,4,5,13,4,4,9,5,5,2,16,1,47,2,7,5,1,7,9,1,10,1,11,,44,,1,22,121.5513361,25.0547149
113,2,27,10,57,2,08士林區,士林區中山北路5段500號,0,0,1,1,C03,6,5,8,50,14,8,1,4,4,5,13,4,4,4,5,1,1,29,1,23,2,8,5,1,7,15,1,10,1,12,,107,,1,21,121.5280494,25.09299
113,2,27,10,57,2,08士林區,士林區中山北路5段500號,0,0,1,2,C03,6,5,8,50,14,8,1,4,4,5,13,4,4,4,5,1,1,29,1,56,4,11,3,4,7,15,1,10,11,15,,37,,1,22,121.5280494,25.09299
113,2,27,10,57,2,08士林區,士林區中山北路5段500號,0,0,1,3,B03,6,5,8,50,14,8,1,4,4,5,13,4,4,4,5,1,1,29,2,61,3,10,7,1,7,9,1,8,1,2,,44,,1,21,121.5280494,25.09299
113,2,27,11,20,2,12內湖區,內湖區內湖路1段與麗山街口,0,0,1,1,B01,7,5,5,50,3,2,1,5,4,5,13,2,1,1,4,5,2,17,1,51,3,10,7,1,7,11,1,4,1,8,,10,,1,21,121.5723056,25.08117708
113,2,27,11,20,2,12內湖區,內湖區內湖路1段與麗山街口,0,0,1,2,C03,7,5,5,50,3,2,1,5,4,5,13,2,1,1,4,5,2,17,1,29,2,8,5,1,7,9,1,10,1,13,11,44,,1,21,121.5723056,25.08117708
113,2,27,11,20,2,12內湖區,內湖區內湖路1段與麗山街口,0,0,1,3,B03,7,5,5,50,3,2,1,5,4,5,13,2,1,1,4,5,2,17,1,55,3,10,7,1,7,14,1,7,1,3,,44,,1,21,121.5723056,25.08117708
113,2,27,11,39,2,09北投區,北投區中央北路3段與中央北路3段40巷口,0,0,2,1,B03,7,5,5,50,3,1,1,5,4,5,13,2,1,5,4,4,2,16,1,36,2,7,7,1,7,9,1,8,11,4,,81,,2,21,121.4857281,25.1382022
113,2,27,11,39,2,09北投區,北投區中央北路3段與中央北路3段40巷口,0,0,2,2,C03,7,5,5,50,3,1,1,5,4,5,13,2,1,5,4,4,2,16,2,73,2,9,5,1,7,5,1,10,1,12,,44,,1,21,121.4857281,25.1382022
113,2,27,11,58,2,10文山區,文山區興隆路3段112巷與興隆路3段192巷2弄口,0,0,1,1,B01,6,6,5,30,4,1,1,4,4,5,13,4,4,10,5,5,2,16,1,68,3,10,7,1,7,6,1,4,1,8,,72,,1,21,121.5571169,24.9985952
113,2,27,11,58,2,10文山區,文山區興隆路3段112巷與興隆路3段192巷2弄口,0,0,1,2,C03,6,6,5,30,4,1,1,4,4,5,13,4,4,10,5,5,2,16,2,28,2,9,6,1,7,9,1,10,1,12,,44,,1,21,121.5571169,24.9985952
113,2,27,12,53,2,01大同區,大同區延平北路3段與延平北路3段61巷口,0,0,2,1,H01,7,7,5,0,3,2,1,5,4,5,13,4,4,5,4,5,2,3,2,72,2,1,4,5,8,16,8,20,10,16,,121,,1,21,121.5110136,25.0656602
113,2,27,12,53,2,01大同區,大同區延平北路3段與延平北路3段61巷口,0,0,2,2,C03,7,7,5,0,3,2,1,5,4,5,13,4,4,5,4,5,2,3,1,49,2,9,6,1,7,9,1,10,1,11,,42,,1,22,121.5110136,25.0656602
113,2,27,13,22,2,11南港區,南港區南港路1段與興中路口,0,0,1,1,B03,6,7,5,50,4,2,1,4,4,5,13,2,1,5,4,5,2,16,2,39,3,10,7,1,7,6,1,8,1,6,,80,,1,22,121.6075758,25.0545703
113,2,27,13,22,2,11南港區,南港區南港路1段與興中路口,0,0,1,2,C03,6,7,5,50,4,2,1,4,4,5,13,2,1,5,4,5,2,16,1,50,2,9,5,1,7,9,1,10,1,14,,108,,1,22,121.6075758,25.0545703
113,2,27,13,29,2,05中正區,中正區金門街與金門街24巷口,0,0,1,2,C03,7,7,5,30,4,1,1,5,4,5,13,4,4,10,5,5,2,17,1,62,2,1,5,1,7,9,1,10,1,12,,14,,1,22,121.5230973,25.0215058
113,2,27,13,29,2,05中正區,中正區金門街與金門街24巷口,0,0,1,1,B02,7,7,5,30,4,1,1,5,4,5,13,4,4,10,5,5,2,17,1,32,3,10,7,1,7,9,1,8,9,1,,72,,1,22,121.5230973,25.0215058
113,2,27,13,40,2,03中山區,中山區北安路139號(忠烈祠)對面,0,0,1,1,B12,8,6,5,30,14,9,1,5,4,5,13,4,4,1,4,5,2,12,1,26,3,10,3,4,7,9,1,8,2,2,,108,,1,22,121.5325623,25.077997
113,2,27,13,40,2,03中山區,中山區北安路139號(忠烈祠)對面,0,0,1,2,C03,8,6,5,30,14,9,1,5,4,5,13,4,4,1,4,5,2,12,2,50,2,9,6,4,7,7,1,10,2,14,,100,,1,22,121.5325623,25.077997
113,2,27,13,49,2,03中山區,中山區合江街105巷,0,0,2,1,C03,8,5,5,50,14,9,1,5,4,5,13,4,4,5,5,5,2,16,1,19,2,9,3,4,7,5,1,10,1,14,,8,,1,21,121.539235,25.05985704
113,2,27,13,49,2,03中山區,中山區合江街105巷,0,0,2,2,C03,8,5,5,50,14,9,1,5,4,5,13,4,4,5,5,5,2,16,1,33,2,9,3,4,7,9,1,10,1,11,,44,,1,21,121.539235,25.05985704
113,2,27,14,30,2,12內湖區,內湖區堤頂大道1段與民權東路6段口,0,0,1,1,B02,7,7,5,50,3,1,1,5,4,5,13,1,1,1,4,5,1,16,1,60,3,10,7,1,7,9,1,8,2,1,,81,,1,21,121.572416,25.06507292
113,2,27,14,30,2,12內湖區,內湖區堤頂大道1段與民權東路6段口,0,0,1,2,B03,7,7,5,50,3,1,1,5,4,5,13,1,1,1,4,5,1,16,1,76,2,7,7,1,7,5,1,8,2,8,,44,,1,21,121.572416,25.06507292
113,2,27,14,30,2,12內湖區,內湖區堤頂大道1段與民權東路6段口,0,0,1,3,B03,7,7,5,50,3,1,1,5,4,5,13,1,1,1,4,5,1,16,1,66,3,10,7,1,7,5,1,8,2,8,,44,,1,21,121.572416,25.06507292
113,2,27,15,7,2,05中正區,中正區中山南路與信義路1段口,0,0,2,1,C03,8,6,5,50,5,1,1,5,4,5,13,1,1,10,5,5,2,16,1,19,2,8,5,1,7,6,1,10,1,14,,96,,1,22,121.5179789,25.03870355
113,2,27,15,7,2,05中正區,中正區中山南路與信義路1段口,0,0,2,2,B01,8,6,5,50,5,1,1,5,4,5,13,1,1,10,5,5,2,16,1,60,3,10,2,1,7,9,1,4,1,2,,44,,1,22,121.5179789,25.03870355
113,2,27,15,7,2,05中正區,中正區中山南路與信義路1段口,0,0,2,3,H02,8,6,5,50,5,1,1,5,4,5,13,1,1,10,5,5,2,16,2,20,2,8,5,5,7,20,8,20,10,16,,67,,1,22,121.5179789,25.03870355
113,2,27,15,31,2,06松山區,松山區八德路4段與東寧路口,0,0,1,1,F01,8,7,8,50,4,1,1,5,4,5,13,1,1,9,4,5,2,16,2,78,2,9,4,1,7,5,8,20,2,14,,96,,1,21,121.5625261,25.0486397
113,2,27,15,31,2,06松山區,松山區八德路4段與東寧路口,0,0,1,2,B01,8,7,8,50,4,1,1,5,4,5,13,1,1,9,4,5,2,16,1,69,3,10,7,1,7,9,1,4,2,2,,108,,1,21,121.5625261,25.0486397
113,2,27,16,22,2,05中正區,中正區重慶南路1段與沅陵街口,0,0,1,1,B03,7,7,5,50,3,1,1,5,4,5,13,4,4,9,4,5,1,12,1,33,3,10,7,1,7,11,1,8,2,8,,98,,1,22,121.5132304,25.0427472
113,2,27,16,22,2,05中正區,中正區重慶南路1段與沅陵街口,0,0,1,2,C03,7,7,5,50,3,1,1,5,4,5,13,4,4,9,4,5,1,12,1,18,2,8,6,1,7,9,1,10,2,12,,107,,1,22,121.5132304,25.0427472
113,2,27,16,37,2,04大安區,大安區市民大道4段30號,0,0,1,1,C03,7,5,5,40,14,6,1,5,4,5,13,4,4,1,4,5,2,17,1,23,3,10,5,1,7,5,1,10,1,13,,8,,1,22,121.5451244,25.0449149
113,2,27,16,37,2,04大安區,大安區市民大道4段30號,0,0,1,2,C03,7,5,5,40,14,6,1,5,4,5,13,4,4,1,4,5,2,17,1,30,2,8,5,1,7,9,1,10,1,11,,13,,1,22,121.5451244,25.0449149
113,2,27,16,37,2,04大安區,大安區市民大道4段30號,0,0,1,3,C03,7,5,5,40,14,6,1,5,4,5,13,4,4,1,4,5,2,17,1,28,3,10,5,1,7,9,1,10,1,11,,13,,1,22,121.5451244,25.0449149
113,2,27,16,43,2,06松山區,松山區富錦街第2020042號燈桿旁,0,0,1,1,B03,7,7,5,50,14,9,1,5,4,5,13,4,4,5,4,5,2,11,2,77,2,9,7,1,7,7,1,8,2,1,,42,,1,21,121.5558943,25.06036573
113,2,27,16,43,2,06松山區,松山區富錦街第2020042號燈桿旁,0,0,1,2,B02,7,7,5,50,14,9,1,5,4,5,13,4,4,5,4,5,2,11,1,46,3,10,7,1,7,13,1,8,1,1,,44,,1,21,121.5558943,25.06036573
113,2,27,16,43,2,06松山區,松山區富錦街第2020042號燈桿旁,0,0,1,3,B02,7,7,5,50,14,9,1,5,4,5,13,4,4,5,4,5,2,11,1,58,3,10,7,1,7,13,1,8,1,1,,44,,1,21,121.5558943,25.06036573
113,2,27,16,43,2,06松山區,松山區富錦街第2020042號燈桿旁,0,0,1,4,B03,7,7,5,50,14,9,1,5,4,5,13,4,4,5,4,5,2,11,1,65,3,10,7,1,7,13,1,8,1,1,,44,,1,21,121.5558943,25.06036573
113,2,27,16,56,2,12內湖區,內湖區南湖大橋與安康路口,0,0,1,1,B03,7,6,5,40,5,1,1,5,4,5,13,1,1,2,4,5,1,15,1,45,3,10,3,4,7,9,1,10,1,2,,81,,1,22,121.6110268,25.064937
113,2,27,16,56,2,12內湖區,內湖區南湖大橋與安康路口,0,0,1,2,C03,7,6,5,40,5,1,1,5,4,5,13,1,1,2,4,5,1,15,2,21,2,9,6,1,7,9,1,10,1,11,,44,,1,22,121.6110268,25.064937
113,2,27,17,29,2,05中正區,中正區中華路2段313巷19號,0,0,1,1,C03,7,5,5,30,14,9,1,5,4,5,13,4,4,9,5,5,2,2,1,65,3,10,5,1,7,9,1,9,2,11,,108,,1,22,121.5064885,25.0285131
113,2,27,17,29,2,05中正區,中正區中華路2段313巷19號,0,0,1,2,H01,7,5,5,30,14,9,1,5,4,5,13,4,4,9,5,5,2,2,2,54,2,8,4,5,8,16,8,20,10,16,,67,,1,22,121.5064885,25.0285131
113,2,27,17,31,2,03中山區,中山區建國北路3段與建國北路3段113巷口,0,0,1,1,B02,8,5,5,50,3,1,1,5,4,5,13,1,1,5,5,5,2,17,1,27,4,11,3,4,7,6,1,8,9,17,,82,,1,21,121.5492386,25.05603304
113,2,27,17,31,2,03中山區,中山區建國北路3段與建國北路3段113巷口,0,0,1,2,C03,8,5,5,50,3,1,1,5,4,5,13,1,1,5,5,5,2,17,2,20,2,9,5,1,7,9,1,10,1,13,,44,,1,22,121.5492386,25.05603304
113,2,27,17,31,2,03中山區,中山區建國北路3段與建國北路3段113巷口,0,0,1,3,A05,8,5,5,50,3,1,1,5,4,5,13,1,1,5,5,5,2,17,1,62,4,11,3,4,7,9,1,2,9,5,,42,,1,21,121.5492386,25.05603304
113,2,27,17,31,2,03中山區,中山區建國北路3段與建國北路3段113巷口,0,0,1,4,,8,5,5,50,3,1,1,5,4,5,13,1,1,5,5,5,2,17,3,0,,,,,,,,,,,,67,,1,,121.5492386,25.05603304
113,2,27,17,31,2,03中山區,中山區建國北路3段與建國北路3段113巷口,0,0,1,5,C03,8,5,5,50,3,1,1,5,4,5,13,1,1,5,5,5,2,17,1,27,3,10,3,1,7,13,1,10,11,13,,44,,1,22,121.5492386,25.05603304
113,2,27,17,35,2,04大安區,大安區金山南路2段與愛國東路口,0,0,1,1,C03,7,6,5,50,4,2,1,5,4,5,13,2,1,1,4,5,2,17,1,35,3,10,6,1,7,6,1,10,2,12,,44,,1,21,121.5267724,25.0318163
113,2,27,17,35,2,04大安區,大安區金山南路2段與愛國東路口,0,0,1,2,C03,7,6,5,50,4,2,1,5,4,5,13,2,1,1,4,5,2,17,1,61,2,8,5,1,7,9,1,10,2,11,,44,,1,21,121.5267724,25.0318163
113,2,27,17,36,2,04大安區,大安區復興南路2段210巷5弄與復興南路2段160巷口,0,0,1,1,B03,8,5,5,30,4,1,1,5,4,5,12,4,4,10,5,5,2,17,2,46,3,10,2,1,7,9,1,8,1,1,,72,,1,21,121.5427786,25.0278402
113,2,27,17,36,2,04大安區,大安區復興南路2段210巷5弄與復興南路2段160巷口,0,0,1,2,C03,8,5,5,30,4,1,1,5,4,5,12,4,4,10,5,5,2,17,2,37,2,8,6,1,7,9,1,10,1,14,,108,,1,21,121.5427786,25.0278402
113,2,27,17,58,2,12內湖區,內湖區成功路5段大湖公園捷運站2號出口,0,0,1,1,B03,6,5,5,50,14,7,1,4,4,5,13,4,4,1,4,4,2,12,2,44,3,10,7,1,7,1,1,8,1,8,,19,,1,21,121.6027517,25.08341502
113,2,27,17,58,2,12內湖區,內湖區成功路5段大湖公園捷運站2號出口,0,0,1,2,C03,6,5,5,50,14,7,1,4,4,5,13,4,4,1,4,4,2,12,2,19,3,10,5,1,7,9,1,10,1,12,,44,,1,21,121.6027517,25.08341502
113,2,27,17,58,2,12內湖區,內湖區成功路5段大湖公園捷運站2號出口,0,0,1,3,H02,6,5,5,50,14,7,1,4,4,5,13,4,4,1,4,4,2,12,2,20,2,8,5,5,7,20,8,20,10,16,,67,,1,21,121.6027517,25.08341502
113,2,27,18,11,2,02萬華區,萬華區寶興街127號,0,0,1,1,C03,8,5,5,50,14,9,1,5,4,5,13,4,4,8,3,5,2,17,2,70,3,10,5,1,7,9,1,10,1,11,,108,,1,21,121.4947955,25.0250667
113,2,27,18,11,2,02萬華區,萬華區寶興街127號,0,0,1,2,C03,8,5,5,50,14,9,1,5,4,5,13,4,4,8,3,5,2,17,2,61,3,10,5,1,7,5,1,10,1,17,,80,,1,21,121.4947955,25.0250667
113,2,27,18,11,2,02萬華區,萬華區寶興街127號,0,0,1,3,C03,8,5,5,50,14,9,1,5,4,5,13,4,4,8,3,5,2,17,2,43,3,10,5,1,7,9,1,10,1,13,,44,,1,21,121.4947955,25.0250667
113,2,27,18,11,2,02萬華區,萬華區寶興街127號,0,0,1,4,H02,8,5,5,50,14,9,1,5,4,5,13,4,4,8,3,5,2,17,1,13,2,7,5,5,7,17,8,20,10,16,,67,,1,21,121.4947955,25.0250667
113,2,27,18,14,2,02萬華區,萬華區中華路2段364巷與中華路2段364巷24弄口,0,0,1,1,B03,8,5,5,50,4,1,1,5,4,5,13,1,1,5,5,5,2,3,1,49,3,10,7,4,7,6,1,8,1,5,,70,,1,21,121.5040369,25.02864985