發生年度,發生月,發生日,發生時-Hours,發生分,處理別-編號,區序,肇事地點,死亡人數,2-30日死亡人數,受傷人數,當事人序號,車種,天候,道路照明設備,道路類別,速限-速度限制,道路型態,事故位置,路面狀況1,路面狀況2,路面狀況3,道路障礙1,道路障礙2,號誌1,號誌2,車道劃分-分向,車道劃分-分道1,車道劃分-分道2,車道劃分-分道3,事故類型及型態,性別,年齡,受傷程度,主要傷處,保護裝置,行動電話,車輛用途,當事者行動狀態,駕駛資格情形,駕駛執照種類,飲酒情形,車輛撞擊部位1,車輛撞擊部位2,肇因碼-個別,肇因碼-主要,個人肇逃否,職業,座標-X,座標-Y
113,2,27,18,14,2,02萬華區,萬華區中華路2段364巷與中華路2段364巷24弄口,0,0,1,2,H01,8,5,5,50,4,1,1,5,4,5,13,1,1,5,5,5,2,3,1,50,2,8,4,5,8,16,8,20,10,16,,67,,1,21,121.5040369,25.02864985
113,2,27,18,41,2,08士林區,士林區中正路與延平北路5段口,0,0,1,1,C03,8,5,5,50,4,2,1,5,4,5,13,1,1,1,4,5,1,16,1,18,3,10,3,4,7,5,1,10,1,14,,8,,1,21,121.509184,25.0868183
113,2,27,18,41,2,08士林區,士林區中正路與延平北路5段口,0,0,1,2,C03,8,5,5,50,4,2,1,5,4,5,13,1,1,1,4,5,1,16,1,31,2,9,3,4,7,9,1,10,1,11,,44,,1,21,121.509184,25.0868183
113,2,27,19,8,2,09北投區,北投區中央北路4段380號,0,0,2,1,B03,8,5,5,50,14,9,1,5,4,5,13,4,4,5,4,5,2,17,1,42,3,10,7,1,7,11,1,8,1,4,,10,,1,21,121.4713258,25.12976156
113,2,27,19,8,2,09北投區,北投區中央北路4段380號,0,0,2,2,C03,8,5,5,50,14,9,1,5,4,5,13,4,4,5,4,5,2,17,2,36,2,7,6,1,7,9,1,10,1,11,,108,,1,21,121.4713258,25.12976156
113,2,27,19,8,2,09北投區,北投區中央北路4段380號,0,0,2,3,H02,8,5,5,50,14,9,1,5,4,5,13,4,4,5,4,5,2,17,2,39,2,8,6,5,7,21,8,20,10,16,,67,,1,21,121.4713258,25.12976156
113,2,27,19,12,2,01大同區,大同區承德路3段與庫倫街口,0,0,1,1,F03,8,5,5,50,5,1,1,5,4,5,13,2,1,3,4,5,2,13,2,74,2,9,4,1,7,12,8,20,2,11,,108,,1,22,121.5185785,25.0722041
113,2,27,19,12,2,01大同區,大同區承德路3段與庫倫街口,0,0,1,2,C03,8,5,5,50,5,1,1,5,4,5,13,2,1,3,4,5,2,13,1,38,3,10,6,1,7,12,1,10,2,13,,44,,1,22,121.5185785,25.0722041
113,2,27,19,50,2,12內湖區,內湖區民權東路6段58號,0,0,1,1,C03,7,6,5,40,14,8,1,5,4,5,13,4,4,9,4,4,2,16,1,25,3,10,6,1,7,8,1,10,1,13,,100,,1,21,121.5846246,25.06875546
113,2,27,19,50,2,12內湖區,內湖區民權東路6段58號,0,0,1,2,C03,7,6,5,40,14,8,1,5,4,5,13,4,4,9,4,4,2,16,1,33,2,9,6,1,7,9,1,10,1,11,,44,,1,21,121.5846246,25.06875546
113,2,27,20,13,2,06松山區,松山區敦化北路199號,0,0,1,1,B03,7,5,5,30,14,9,1,5,4,5,13,4,4,9,4,5,2,17,1,53,3,10,7,1,7,2,1,8,1,3,,12,,1,7,121.5498098,25.0558634
113,2,27,20,13,2,06松山區,松山區敦化北路199號,0,0,1,2,C02,7,5,5,30,14,9,1,5,4,5,13,4,4,9,4,5,2,17,1,44,2,8,6,1,7,13,1,9,1,11,,38,,1,7,121.5498098,25.0558634
113,2,27,20,16,2,05中正區,中正區林森北路與林森北路9巷口,0,0,2,1,C03,8,5,5,50,3,1,1,5,4,5,13,4,4,7,4,5,2,13,2,28,2,9,5,1,7,9,1,10,2,11,,16,,1,22,121.5236384,25.045828
113,2,27,20,16,2,05中正區,中正區林森北路與林森北路9巷口,0,0,2,2,C03,8,5,5,50,3,1,1,5,4,5,13,4,4,7,4,5,2,13,2,24,2,9,5,1,7,14,1,10,2,13,,44,,1,22,121.5236384,25.045828
113,2,27,20,20,2,01大同區,大同區南京西路與太原路口,0,0,1,1,C03,7,5,5,40,4,2,1,5,4,5,13,2,1,1,4,4,2,17,1,20,2,9,3,4,7,6,1,10,1,12,,9,,1,21,121.5161965,25.0536984
113,2,27,20,20,2,01大同區,大同區南京西路與太原路口,0,0,1,2,C03,7,5,5,40,4,2,1,5,4,5,13,2,1,1,4,4,2,17,1,20,3,10,3,4,7,9,1,10,1,14,,44,,1,21,121.5161965,25.0536984
113,2,27,21,30,2,04大安區,大安區基隆路2段144巷,0,0,1,1,,8,5,5,50,14,9,1,5,4,5,13,4,4,5,4,5,2,13,4,0,4,11,3,4,7,21,7,19,11,15,,119,,2,22,121.557016,25.0281283
113,2,27,21,30,2,04大安區,大安區基隆路2段144巷,0,0,1,2,C03,8,5,5,50,14,9,1,5,4,5,13,4,4,5,4,5,2,13,2,27,2,9,5,1,7,9,1,10,1,13,,44,,1,21,121.557016,25.0281283
113,2,27,22,30,2,01大同區,大同區赤峰街41巷與赤峰街口,0,0,3,1,C03,7,5,5,30,5,1,1,5,4,5,13,4,4,10,5,5,2,15,2,19,2,8,6,1,7,9,1,10,1,11,,72,,1,21,121.5196083,25.0548851
113,2,27,22,30,2,01大同區,大同區赤峰街41巷與赤峰街口,0,0,3,2,C03,7,5,5,30,5,1,1,5,4,5,13,4,4,10,5,5,2,15,2,46,2,6,6,1,7,9,1,10,1,12,,108,,1,21,121.5196083,25.0548851
113,2,27,22,30,2,01大同區,大同區赤峰街41巷與赤峰街口,0,0,3,3,H02,7,5,5,30,5,1,1,5,4,5,13,4,4,10,5,5,2,15,2,35,2,8,6,5,7,17,8,20,10,16,,67,,1,21,121.5196083,25.0548851
113,2,27,22,40,2,11南港區,南港區惠民街與南港路1段口,0,0,2,1,C03,7,5,5,50,3,2,1,5,4,5,13,1,1,5,4,5,2,17,2,62,2,9,5,1,7,5,1,10,1,11,,8,,2,21,121.6102564,25.0550187
113,2,27,22,40,2,11南港區,南港區惠民街與南港路1段口,0,0,2,2,C03,7,5,5,50,3,2,1,5,4,5,13,1,1,5,4,5,2,17,2,47,2,9,5,1,7,9,1,10,1,14,,44,,1,21,121.6102564,25.0550187
113,2,27,22,53,2,10文山區,文山區羅斯福路5段20號,0,0,1,1,B03,8,5,5,50,14,9,1,5,4,5,13,4,4,1,4,5,2,17,1,49,3,10,7,1,7,1,1,8,1,4,,19,,1,21,121.5374631,25.00932209
113,2,27,22,53,2,10文山區,文山區羅斯福路5段20號,0,0,1,2,C03,8,5,5,50,14,9,1,5,4,5,13,4,4,1,4,5,2,17,1,56,2,9,5,1,7,9,1,10,1,12,,44,,1,21,121.5374631,25.00932209
113,2,27,22,55,2,08士林區,士林區百齡橋東向西,0,0,4,1,B03,8,5,5,50,14,9,1,5,4,5,13,4,4,1,4,5,1,23,1,28,2,9,7,1,7,9,3,18,2,1,,108,,1,21,121.5116396,25.0878819
113,2,27,22,55,2,08士林區,士林區百齡橋東向西,0,0,4,2,,8,5,5,50,14,9,1,5,4,5,13,4,4,1,4,5,1,23,3,,,,,,,,,,,,,67,,1,,121.5116396,25.0878819
113,2,27,22,55,2,08士林區,士林區百齡橋東向西,0,0,4,3,H02,8,5,5,50,14,9,1,5,4,5,13,4,4,1,4,5,1,23,1,30,2,7,7,5,7,20,8,20,10,16,,67,,1,21,121.5116396,25.0878819
113,2,27,22,55,2,08士林區,士林區百齡橋東向西,0,0,4,4,H02,8,5,5,50,14,9,1,5,4,5,13,4,4,1,4,5,1,23,1,30,2,9,7,5,7,20,8,20,10,16,,67,,1,21,121.5116396,25.0878819
113,2,27,22,55,2,08士林區,士林區百齡橋東向西,0,0,4,5,H02,8,5,5,50,14,9,1,5,4,5,13,4,4,1,4,5,1,23,1,20,2,9,7,5,7,20,8,20,10,16,,67,,1,21,121.5116396,25.0878819
113,2,27,23,11,2,04大安區,大安區和平東路3段與基隆路2段口,0,0,2,1,B03,8,5,5,50,4,1,1,5,4,5,13,2,1,1,4,5,1,16,1,44,3,10,3,4,7,6,1,8,1,5,,9,,1,21,121.5524629,25.0244031
113,2,27,23,11,2,04大安區,大安區和平東路3段與基隆路2段口,0,0,2,2,C03,8,5,5,50,4,1,1,5,4,5,13,2,1,1,4,5,1,16,1,48,2,9,3,4,7,9,1,10,1,14,,44,,1,21,121.5524629,25.0244031
113,2,27,23,11,2,04大安區,大安區和平東路3段與基隆路2段口,0,0,2,3,H02,8,5,5,50,4,1,1,5,4,5,13,2,1,1,4,5,1,16,2,50,2,9,3,5,7,20,8,20,10,16,,67,,1,21,121.5524629,25.0244031
113,2,28,2,43,2,03中山區,中山區中山北路2段與民生西路口,0,0,1,1,B03,7,5,5,50,4,2,1,5,4,5,13,1,1,1,3,5,1,16,1,48,3,10,7,1,7,5,6,8,1,1,,8,,1,21,121.5224423,25.05804347
113,2,28,2,43,2,03中山區,中山區中山北路2段與民生西路口,0,0,1,2,C03,7,5,5,50,4,2,1,5,4,5,13,1,1,1,3,5,1,16,2,19,2,8,6,1,7,9,1,10,1,14,,13,,1,21,121.5224423,25.05804347
113,2,28,6,0,2,04大安區,大安區樂利路86巷與樂利路口口,0,0,1,1,B03,8,5,5,30,3,1,1,5,4,5,13,4,4,5,4,5,2,16,1,57,3,10,3,4,7,6,6,18,1,8,,72,,1,22,121.5525433,25.025456
113,2,28,6,0,2,04大安區,大安區樂利路86巷與樂利路口口,0,0,1,2,C03,8,5,5,30,3,1,1,5,4,5,13,4,4,5,4,5,2,16,1,36,2,9,3,4,7,9,1,10,1,11,,13,,1,22,121.5525433,25.025456
113,2,28,7,37,2,04大安區,大安區敦化南路1段295巷與仁愛路4段112巷口,0,0,1,1,B03,7,6,5,30,4,1,1,5,4,5,13,4,4,10,5,5,2,15,1,22,3,10,7,1,7,9,3,18,1,4,,14,,1,21,121.5496632,25.0354834
113,2,28,7,37,2,04大安區,大安區敦化南路1段295巷與仁愛路4段112巷口,0,0,1,2,C03,7,6,5,30,4,1,1,5,4,5,13,4,4,10,5,5,2,15,2,22,2,9,5,1,7,9,1,10,1,11,,80,,1,21,121.5496632,25.0354834
113,2,28,8,11,2,01大同區,大同區重慶北路3段與民權西路口,0,0,2,1,C03,8,6,5,50,4,2,1,5,4,5,13,2,1,1,2,5,2,12,1,40,2,9,5,4,7,9,1,10,1,14,,108,,1,21,121.5145499,25.0631004
113,2,28,8,11,2,01大同區,大同區重慶北路3段與民權西路口,0,0,2,2,C03,8,6,5,50,4,2,1,5,4,5,13,2,1,1,2,5,2,12,2,40,2,8,5,4,7,15,1,10,1,12,,44,,1,21,121.5145499,25.0631004
113,2,28,8,27,2,12內湖區,內湖區新湖二路146巷33號,0,0,1,1,H01,8,6,5,50,14,9,1,4,4,1,13,4,4,9,4,5,1,3,1,23,2,9,4,5,8,16,8,20,10,16,,123,,1,21,121.5785219,25.06372519
113,2,28,8,27,2,12內湖區,內湖區新湖二路146巷33號,0,0,1,2,C03,8,6,5,50,14,9,1,4,4,1,13,4,4,9,4,5,1,3,1,37,4,11,3,4,7,9,7,19,11,11,,108,,2,22,121.5785219,25.06372519
113,2,28,8,34,2,10文山區,文山區木柵路1段355號,0,0,1,1,C03,8,6,5,50,14,9,1,5,4,5,13,2,1,5,4,5,1,13,1,27,2,8,6,1,7,9,1,10,1,11,,108,,1,21,121.5578031,24.98874186
113,2,28,8,34,2,10文山區,文山區木柵路1段355號,0,0,1,2,C03,8,6,5,50,14,9,1,5,4,5,13,2,1,5,4,5,1,13,1,54,3,10,6,1,7,9,1,10,1,13,,13,,1,22,121.5578031,24.98874186
113,2,28,9,39,2,10文山區,文山區興隆路3段與興隆路3段221巷口口,0,0,1,1,C03,8,6,5,30,3,2,1,5,4,5,13,4,4,10,5,5,2,16,2,62,2,9,6,1,7,6,1,10,1,13,,72,,1,21,121.5468805,25.00002926
113,2,28,9,39,2,10文山區,文山區興隆路3段與興隆路3段221巷口口,0,0,1,2,B03,8,6,5,30,3,2,1,5,4,5,13,4,4,10,5,5,2,16,2,45,3,10,7,1,7,9,1,8,1,1,,107,,1,21,121.5468805,25.00002926
113,2,28,10,0,2,12內湖區,內湖區成功交流道圓環西南角,0,0,3,1,C03,8,6,5,50,18,9,1,5,4,5,13,2,1,1,4,5,2,17,1,19,2,7,6,1,7,9,1,10,1,11,,16,,1,21,121.5801905,25.058883
113,2,28,10,0,2,12內湖區,內湖區成功交流道圓環西南角,0,0,3,2,C03,8,6,5,50,18,9,1,5,4,5,13,2,1,1,4,5,2,17,1,19,2,8,5,1,7,9,1,10,1,13,,44,,1,21,121.5801905,25.058883
113,2,28,10,0,2,12內湖區,內湖區成功交流道圓環西南角,0,0,3,3,C03,8,6,5,50,18,9,1,5,4,5,13,2,1,1,4,5,2,17,1,19,2,9,6,1,7,9,1,10,1,11,,16,,1,21,121.5801905,25.058883
113,2,28,10,11,2,09北投區,北投區西安街2段353號,0,0,1,1,C03,8,6,5,50,14,9,1,5,4,5,13,4,4,10,4,5,2,12,1,55,2,7,5,1,7,7,1,10,1,14,,100,,1,21,121.5046144,25.12090699
113,2,28,10,11,2,09北投區,北投區西安街2段353號,0,0,1,2,B03,8,6,5,50,14,9,1,5,4,5,13,4,4,10,4,5,2,12,1,30,3,10,7,1,7,9,1,8,1,5,,44,,1,21,121.5046144,25.12090699
113,2,28,10,11,2,09北投區,北投區西安街2段353號,0,0,1,3,B03,8,6,5,50,14,9,1,5,4,5,13,4,4,10,4,5,2,12,1,59,3,10,7,1,7,14,1,8,9,15,,38,,1,21,121.5046144,25.12090699
113,2,28,10,13,2,02萬華區,萬華區艋舺大道與和平西路2段口,0,0,1,1,B03,8,7,5,50,4,1,1,5,4,5,13,1,1,1,4,5,1,17,1,63,3,10,7,1,7,6,6,8,2,2,,98,,1,21,121.5047078,25.0337904
113,2,28,10,13,2,02萬華區,萬華區艋舺大道與和平西路2段口,0,0,1,2,C03,8,7,5,50,4,1,1,5,4,5,13,1,1,1,4,5,1,17,2,20,2,9,6,1,7,6,1,10,2,11,,44,,1,21,121.5047078,25.0337904
113,2,28,10,44,2,09北投區,北投區承德路7段32巷與承德路7段口口,0,0,1,1,C03,8,5,5,50,3,1,1,5,4,5,13,1,1,1,4,4,2,16,2,67,2,8,5,1,7,6,1,10,1,12,,9,,1,22,121.5111905,25.1109884
113,2,28,10,44,2,09北投區,北投區承德路7段32巷與承德路7段口口,0,0,1,2,C04,8,5,5,50,3,1,1,5,4,5,13,1,1,1,4,4,2,16,1,46,3,10,5,1,7,9,1,10,1,14,,44,,1,22,121.5111905,25.1109884
113,2,28,11,25,2,03中山區,中山區民族東路117號,0,0,1,1,C03,8,5,5,50,14,7,1,5,4,5,13,4,4,1,4,4,2,13,2,14,2,7,6,1,7,9,2,18,1,11,,16,,1,21,121.5388052,25.0681892
113,2,28,11,25,2,03中山區,中山區民族東路117號,0,0,1,2,B02,8,5,5,50,14,7,1,5,4,5,13,4,4,1,4,4,2,13,1,29,3,10,7,1,7,14,1,8,1,6,,44,,1,21,121.5388052,25.0681892
113,2,28,11,25,2,12內湖區,內湖區成功路2段488號前,0,0,1,1,B03,8,6,5,50,14,9,1,5,4,5,13,2,1,1,4,5,2,12,1,41,3,10,7,1,7,7,1,8,2,2,,107,,1,21,121.5897947,25.0733032
113,2,28,11,25,2,12內湖區,內湖區成功路2段488號前,0,0,1,2,C03,8,6,5,50,14,9,1,5,4,5,13,2,1,1,4,5,2,12,2,41,2,9,5,1,7,7,1,10,2,14,,100,,1,21,121.5897947,25.0733032
113,2,28,11,40,2,12內湖區,內湖區金龍路與內湖路2段口,0,0,3,1,C03,7,5,5,50,4,2,1,5,4,5,13,1,1,5,5,5,2,9,2,23,2,9,5,1,7,1,1,10,2,14,,19,,1,21,121.5925229,25.08500151
113,2,28,11,40,2,12內湖區,內湖區金龍路與內湖路2段口,0,0,3,2,H02,7,5,5,50,4,2,1,5,4,5,13,1,1,5,5,5,2,9,2,23,2,9,5,5,7,20,8,20,10,16,,67,,1,21,121.5925229,25.08500151
113,2,28,11,40,2,12內湖區,內湖區金龍路與內湖路2段口,0,0,3,3,C03,7,5,5,50,4,2,1,5,4,5,13,1,1,5,5,5,2,9,1,56,2,9,5,1,7,9,1,10,2,11,,44,,1,21,121.5925229,25.08500151
113,2,28,11,45,2,01大同區,大同區重慶北路2段與涼州街口口,0,0,2,1,C02,8,6,5,50,4,2,1,5,4,5,13,2,1,8,1,5,2,16,1,26,2,9,6,1,7,5,1,10,9,11,,83,,1,21,121.5132879,25.0607846
113,2,28,11,45,2,01大同區,大同區重慶北路2段與涼州街口口,0,0,2,2,B03,8,6,5,50,4,2,1,5,4,5,13,2,1,8,1,5,2,16,1,22,3,10,7,1,7,9,1,8,2,1,,13,,1,21,121.5132879,25.0607846
113,2,28,11,45,2,01大同區,大同區重慶北路2段與涼州街口口,0,0,2,3,H01,8,6,5,50,4,2,1,5,4,5,13,2,1,8,1,5,2,16,1,72,2,9,4,5,8,21,8,20,10,16,,60,,1,21,121.5132879,25.0607846
113,2,28,12,15,2,01大同區,大同區大龍街與昌吉街口,0,0,2,1,C03,8,5,5,50,4,1,1,5,4,5,13,2,1,7,4,5,1,16,1,80,2,9,5,1,7,5,1,10,1,14,,17,,1,22,121.516031,25.06584662
113,2,28,12,15,2,01大同區,大同區大龍街與昌吉街口,0,0,2,2,C03,8,5,5,50,4,1,1,5,4,5,13,2,1,7,4,5,1,16,1,26,2,9,5,1,7,9,1,10,1,12,,44,,1,22,121.516031,25.06584662
113,2,28,12,40,2,03中山區,中山區長安東路1段與新生北路1段口,0,0,1,1,B03,7,6,5,50,4,1,1,5,4,5,13,1,1,5,4,5,2,16,1,40,3,10,7,1,7,5,1,8,2,5,,71,,1,22,121.5297125,25.0484018
113,2,28,12,40,2,03中山區,中山區長安東路1段與新生北路1段口,0,0,1,2,C03,7,6,5,50,4,1,1,5,4,5,13,1,1,5,4,5,2,16,1,33,2,8,5,1,7,9,1,10,2,11,,44,,1,22,121.5297125,25.0484018
113,2,28,13,28,2,11南港區,南港區經貿二路62巷與經貿二路口側附近62巷5弄口,0,0,2,1,B03,8,6,5,50,3,1,1,5,4,5,13,4,4,9,4,5,2,16,1,64,3,10,7,1,7,5,1,14,1,1,,74,,1,22,121.6152871,25.0569559
113,2,28,13,28,2,11南港區,南港區經貿二路62巷與經貿二路口側附近62巷5弄口,0,0,2,2,C03,8,6,5,50,3,1,1,5,4,5,13,4,4,9,4,5,2,16,1,28,2,9,5,1,7,9,1,10,1,11,,44,,1,22,121.6152871,25.0569559
113,2,28,13,28,2,11南港區,南港區經貿二路62巷與經貿二路口側附近62巷5弄口,0,0,2,3,H02,8,6,5,50,3,1,1,5,4,5,13,4,4,9,4,5,2,16,2,45,2,9,5,5,7,21,8,20,10,16,,67,,1,22,121.6152871,25.0569559
113,2,28,13,34,2,05中正區,中正區市民高架道與金山北路1段口(往東下新生南路),0,0,1,1,B03,7,5,5,60,10,9,1,5,4,5,13,4,4,9,4,5,1,13,2,46,2,8,7,4,7,9,1,8,2,1,,108,,1,21,121.5305855,25.04611327
113,2,28,13,34,2,05中正區,中正區市民高架道與金山北路1段口(往東下新生南路),0,0,1,2,B03,7,5,5,60,10,9,1,5,4,5,13,4,4,9,4,5,1,13,1,19,3,10,7,1,7,14,1,8,2,3,,44,,1,21,121.5305855,25.04611327
113,2,28,13,59,2,08士林區,士林區通河西街1段與百齡橋口堤外便道槌球場南側停車場出入口處,0,0,1,1,B03,7,6,5,40,3,2,1,5,4,5,13,4,4,10,5,5,2,16,1,62,3,10,7,1,7,1,1,8,1,5,,19,,1,21,121.5126559,25.0859238
113,2,28,13,59,2,08士林區,士林區通河西街1段與百齡橋口堤外便道槌球場南側停車場出入口處,0,0,1,2,C03,7,6,5,40,3,2,1,5,4,5,13,4,4,10,5,5,2,16,2,20,2,9,5,1,7,9,1,10,1,11,,13,,1,21,121.5126559,25.0859238
113,2,28,14,31,2,09北投區,北投區大度路3段270巷與立功街55巷口,0,0,2,1,B03,7,6,5,30,4,1,1,5,4,5,13,4,4,10,4,5,2,15,1,48,3,10,7,1,7,9,1,8,1,2,,72,,1,21,121.4674746,25.1248074
113,2,28,14,31,2,09北投區,北投區大度路3段270巷與立功街55巷口,0,0,2,2,C04,7,6,5,30,4,1,1,5,4,5,13,4,4,10,4,5,2,15,2,18,2,9,5,1,7,9,1,10,1,11,14,108,,1,21,121.4674746,25.1248074
113,2,28,14,31,2,09北投區,北投區大度路3段270巷與立功街55巷口,0,0,2,3,H02,7,6,5,30,4,1,1,5,4,5,13,4,4,10,4,5,2,15,2,18,2,8,5,5,7,17,8,20,10,16,,67,,1,21,121.4674746,25.1248074
113,2,28,14,41,2,05中正區,中正區忠孝東路2段62號,0,0,1,1,A02,8,6,5,50,14,9,1,5,4,5,13,1,1,1,2,4,2,17,1,44,3,10,7,1,7,9,1,2,2,17,,44,,1,21,121.5285255,25.0433071
113,2,28,14,41,2,05中正區,中正區忠孝東路2段62號,0,0,1,3,H02,8,6,5,50,14,9,1,5,4,5,13,1,1,1,2,4,2,17,2,65,2,1,4,5,7,20,8,20,10,16,,67,,1,22,121.5285255,25.0433071
113,2,28,14,41,2,05中正區,中正區忠孝東路2段62號,0,0,1,2,B03,8,6,5,50,14,9,1,5,4,5,13,1,1,1,2,4,2,17,1,77,3,10,7,1,7,12,1,8,11,17,,14,,2,22,121.5285255,25.0433071
113,2,28,14,51,2,03中山區,中山區建國北路3段與松江路口,0,0,1,1,C03,7,6,5,50,3,2,1,5,4,5,13,2,1,8,3,5,1,16,2,29,2,8,5,1,7,9,1,10,1,14,,13,,1,21,121.5334181,25.0676164
113,2,28,14,51,2,03中山區,中山區建國北路3段與松江路口,0,0,1,2,C03,7,6,5,50,3,2,1,5,4,5,13,2,1,8,3,5,1,16,1,31,3,10,5,1,7,5,1,10,1,11,,8,,1,21,121.5334181,25.0676164
113,2,28,15,15,2,08士林區,士林區士東路200巷58弄與忠誠路2段21巷45弄口,0,0,2,1,C03,7,7,5,30,4,1,1,5,4,5,13,4,4,10,4,5,1,17,1,33,2,9,5,1,7,9,1,10,2,12,,80,,1,21,121.5328859,25.1104567
113,2,28,15,15,2,08士林區,士林區士東路200巷58弄與忠誠路2段21巷45弄口,0,0,2,2,C03,7,7,5,30,4,1,1,5,4,5,13,4,4,10,4,5,1,17,2,38,2,9,5,1,7,9,1,10,2,11,,13,,1,21,121.5328859,25.1104567
113,2,28,15,32,2,09北投區,北投區尊賢街245巷7號,0,0,1,1,B12,7,6,5,30,14,9,1,5,4,5,13,4,4,10,5,5,2,9,1,50,3,10,7,1,7,14,1,8,2,2,,38,,1,21,121.5067022,25.1172639
113,2,28,15,32,2,09北投區,北投區尊賢街245巷7號,0,0,1,2,H02,7,6,5,30,14,9,1,5,4,5,13,4,4,10,5,5,2,9,1,22,3,10,7,5,7,19,8,20,10,16,,126,,1,21,121.5067022,25.1172639
113,2,28,15,32,2,09北投區,北投區尊賢街245巷7號,0,0,1,3,C03,7,6,5,30,14,9,1,5,4,5,13,4,4,10,5,5,2,9,2,54,2,9,5,1,7,9,1,10,2,14,12,44,,1,21,121.5067022,25.1172639
113,2,28,15,44,2,08士林區,士林區天母西路與中山北路6段口,0,0,2,1,B03,8,5,5,50,5,1,1,5,4,5,13,2,1,1,4,5,1,17,4,0,,,,,,,,,,,,119,,2,,121.5183568,25.04847309
113,2,28,15,44,2,08士林區,士林區天母西路與中山北路6段口,0,0,2,2,C03,8,5,5,50,5,1,1,5,4,5,13,2,1,1,4,5,1,17,1,23,2,9,5,1,7,9,1,10,1,12,,44,,1,21,121.5183568,25.04847309
113,2,28,15,44,2,08士林區,士林區天母西路與中山北路6段口,0,0,2,3,H02,8,5,5,50,5,1,1,5,4,5,13,2,1,1,4,5,1,17,2,24,2,9,5,5,7,20,8,20,10,16,,67,,1,21,121.5183568,25.04847309
113,2,28,15,57,2,02萬華區,萬華區堤外便道與富民路口水門口,0,0,2,1,C03,7,6,5,30,3,2,1,5,4,5,13,4,4,9,4,5,1,17,1,61,2,8,3,4,7,6,1,10,1,12,,72,,1,21,121.5071159,25.03514832
113,2,28,15,57,2,02萬華區,萬華區堤外便道與富民路口水門口,0,0,2,2,B01,7,6,5,30,3,2,1,5,4,5,13,4,4,9,4,5,1,17,1,65,3,10,3,4,7,9,1,8,1,8,,14,,1,21,121.5071159,25.03514832
113,2,28,15,57,2,02萬華區,萬華區堤外便道與富民路口水門口,0,0,2,3,H02,7,6,5,30,3,2,1,5,4,5,13,4,4,9,4,5,1,17,2,75,2,9,3,5,7,20,8,20,10,16,,60,,1,21,121.5071159,25.03514832
113,2,28,16,17,2,08士林區,士林區社正路與社中街口,0,0,1,1,C03,7,7,5,50,4,1,1,5,4,5,13,2,1,5,5,5,2,16,2,53,2,9,6,1,7,5,1,10,1,13,,8,,1,21,121.510605,25.0889423
113,2,28,16,17,2,08士林區,士林區社正路與社中街口,0,0,1,2,B01,7,7,5,50,4,1,1,5,4,5,13,2,1,5,5,5,2,16,1,35,3,10,7,1,7,1,1,4,1,1,,19,,1,21,121.510605,25.0889423
113,2,28,17,23,2,02萬華區,萬華區內江街與昆明街口,0,0,1,1,B02,8,7,5,50,4,2,1,5,4,5,13,2,1,10,3,5,2,3,1,61,3,10,7,1,7,6,1,8,2,1,,70,,1,21,121.5046313,25.041501
113,2,28,17,23,2,02萬華區,萬華區內江街與昆明街口,0,0,1,2,H01,8,7,5,50,4,2,1,5,4,5,13,2,1,10,3,5,2,3,2,76,2,9,4,5,8,16,8,20,10,16,,67,,1,21,121.5046313,25.041501
113,2,28,17,36,2,03中山區,中山區新生北路2段58巷與長春路61巷口,0,0,2,1,C03,7,5,5,30,4,1,1,5,4,5,13,4,4,10,5,5,2,15,1,20,2,8,6,1,7,9,1,10,1,11,14,14,,1,21,121.5263626,25.05535527
113,2,28,17,36,2,03中山區,中山區新生北路2段58巷與長春路61巷口,0,0,2,2,C03,7,5,5,30,4,1,1,5,4,5,13,4,4,10,5,5,2,15,1,57,2,9,5,1,7,9,1,10,1,11,12,14,,1,21,121.5263626,25.05535527
113,2,28,17,40,2,08士林區,士林區長春街與光華路附近口,0,0,1,1,B03,7,5,5,30,11,9,1,5,4,5,13,4,4,10,4,5,1,17,1,52,3,10,7,1,7,9,1,8,2,1,,5,,1,21,121.5431581,25.13744073
113,2,28,17,40,2,08士林區,士林區長春街與光華路附近口,0,0,1,2,C03,7,5,5,30,11,9,1,5,4,5,13,4,4,10,4,5,1,17,1,25,2,9,5,1,7,6,1,10,2,11,,5,,1,21,121.5431581,25.13744073
113,2,28,18,21,2,05中正區,中正區基隆路4段160-1號,0,0,1,1,C03,8,5,5,50,14,9,1,5,4,5,13,4,4,1,4,5,1,17,1,41,3,10,6,1,7,9,1,10,1,14,,108,,1,21,121.5352812,25.01066228
113,2,28,18,21,2,05中正區,中正區基隆路4段160-1號,0,0,1,2,C03,8,5,5,50,14,9,1,5,4,5,13,4,4,1,4,5,1,17,1,29,2,8,6,1,7,9,1,10,1,12,,44,,1,21,121.5352812,25.01066228
113,2,28,19,34,2,04大安區,大安區忠孝東路4段181巷與敦化南路1段177巷口,0,0,1,1,B03,8,5,5,30,4,1,1,5,4,5,13,4,4,1,5,5,2,15,1,29,3,10,7,1,7,9,1,8,1,1,,72,,1,21,121.5511611,25.0429454
113,2,28,19,34,2,04大安區,大安區忠孝東路4段181巷與敦化南路1段177巷口,0,0,1,2,C03,8,5,5,30,4,1,1,5,4,5,13,4,4,1,5,5,2,15,1,28,2,9,5,1,7,9,1,10,1,12,,14,,1,21,121.5511611,25.0429454