發生年度,發生月,發生日,發生時-Hours,發生分,處理別-編號,區序,肇事地點,死亡人數,2-30日死亡人數,受傷人數,當事人序號,車種,天候,道路照明設備,道路類別,速限-速度限制,道路型態,事故位置,路面狀況1,路面狀況2,路面狀況3,道路障礙1,道路障礙2,號誌1,號誌2,車道劃分-分向,車道劃分-分道1,車道劃分-分道2,車道劃分-分道3,事故類型及型態,性別,年齡,受傷程度,主要傷處,保護裝置,行動電話,車輛用途,當事者行動狀態,駕駛資格情形,駕駛執照種類,飲酒情形,車輛撞擊部位1,車輛撞擊部位2,肇因碼-個別,肇因碼-主要,個人肇逃否,職業,座標-X,座標-Y
113,2,28,19,55,2,06松山區,松山區八德路3段199巷與八德路3段199巷4弄口,0,0,1,1,B03,8,5,5,30,4,1,1,5,4,5,13,4,4,10,5,5,2,15,2,32,3,10,7,1,7,9,1,8,1,5,,14,,1,22,121.5563175,25.0486488
113,2,28,19,55,2,06松山區,松山區八德路3段199巷與八德路3段199巷4弄口,0,0,1,2,C03,8,5,5,30,4,1,1,5,4,5,13,4,4,10,5,5,2,15,1,45,2,9,6,1,7,9,1,10,1,13,,13,,1,22,121.5563175,25.0486488
113,2,28,20,25,2,11南港區,南港區忠孝東路6段與忠孝東路6段81巷口,0,0,4,1,C03,8,5,5,40,3,2,1,5,4,5,13,4,4,5,4,4,2,13,2,18,2,9,5,1,7,9,1,10,1,11,,16,,1,21,121.5847672,25.0478536
113,2,28,20,25,2,11南港區,南港區忠孝東路6段與忠孝東路6段81巷口,0,0,4,2,C03,8,5,5,40,3,2,1,5,4,5,13,4,4,5,4,4,2,13,2,33,2,9,5,1,7,14,1,10,1,13,,44,,1,21,121.5847672,25.0478536
113,2,28,20,25,2,11南港區,南港區忠孝東路6段與忠孝東路6段81巷口,0,0,4,3,C03,8,5,5,40,3,2,1,5,4,5,13,4,4,5,4,4,2,13,1,28,3,10,5,1,7,9,1,10,1,11,,16,,1,21,121.5847672,25.0478536
113,2,28,20,25,2,11南港區,南港區忠孝東路6段與忠孝東路6段81巷口,0,0,4,4,C03,8,5,5,40,3,2,1,5,4,5,13,4,4,5,4,4,2,13,2,38,2,5,5,1,7,14,1,10,1,13,,44,,1,21,121.5847672,25.0478536
113,2,28,20,25,2,11南港區,南港區忠孝東路6段與忠孝東路6段81巷口,0,0,4,5,C03,8,5,5,40,3,2,1,5,4,5,13,4,4,5,4,4,2,13,1,43,3,10,5,1,7,9,1,10,1,17,,44,,1,21,121.5847672,25.0478536
113,2,28,20,25,2,11南港區,南港區忠孝東路6段與忠孝東路6段81巷口,0,0,4,6,H02,8,5,5,40,3,2,1,5,4,5,13,4,4,5,4,4,2,13,1,19,2,9,5,5,7,17,8,20,10,17,,67,,1,21,121.5847672,25.0478536
113,2,28,20,33,2,04大安區,大安區仁愛路4段71巷與敦化南路1段270巷口,0,0,1,1,C03,7,5,5,30,4,1,1,5,4,5,13,4,4,10,5,5,2,15,1,22,3,10,6,1,7,9,1,10,1,14,,14,,1,21,121.5471278,25.0389718
113,2,28,20,33,2,04大安區,大安區仁愛路4段71巷與敦化南路1段270巷口,0,0,1,2,C03,7,5,5,30,4,1,1,5,4,5,13,4,4,10,5,5,2,15,2,24,2,7,6,1,7,9,1,10,1,11,,108,,1,21,121.5471278,25.0389718
113,2,28,21,36,2,04大安區,大安區市民大道3段208號,0,0,1,1,B03,8,5,5,40,14,9,1,5,4,5,13,4,4,5,4,5,2,16,1,34,3,10,7,1,7,7,1,8,1,2,,100,,1,21,121.540246,25.0444662
113,2,28,21,36,2,04大安區,大安區市民大道3段208號,0,0,1,2,C03,8,5,5,40,14,9,1,5,4,5,13,4,4,5,4,5,2,16,1,24,2,9,6,1,7,9,1,10,1,14,,13,,1,21,121.540246,25.0444662
113,2,28,22,1,2,01大同區,大同區忠孝橋機慢車道,0,0,1,1,C03,7,5,5,50,14,11,1,5,4,5,13,4,4,1,4,5,2,13,1,19,3,10,3,4,7,9,1,10,1,11,,16,,1,21,121.5070898,25.0488678
113,2,28,22,1,2,01大同區,大同區忠孝橋機慢車道,0,0,1,2,C03,7,5,5,50,14,11,1,5,4,5,13,4,4,1,4,5,2,13,2,36,2,9,3,4,7,9,1,10,1,13,,44,,1,21,121.5070898,25.0488678
113,2,28,22,5,2,05中正區,中正區南海路與牯嶺街口,0,0,1,1,C03,8,5,5,30,4,1,1,5,4,5,13,2,1,10,4,5,2,12,1,18,3,10,5,1,7,15,1,10,1,14,,100,,1,21,121.5150054,25.0320129
113,2,28,22,5,2,05中正區,中正區南海路與牯嶺街口,0,0,1,2,C03,8,5,5,30,4,1,1,5,4,5,13,2,1,10,4,5,2,12,2,24,2,8,5,1,7,9,1,10,1,11,,13,,1,21,121.5150054,25.0320129
113,2,28,22,5,2,05中正區,中正區南海路與牯嶺街口,0,0,1,3,H02,8,5,5,30,4,1,1,5,4,5,13,2,1,10,4,5,2,12,2,19,4,11,5,5,7,20,8,20,10,16,,67,,1,21,121.5150054,25.0320129
113,2,28,22,42,2,09北投區,北投區承德路7段384號,0,0,2,1,C03,7,5,5,60,14,9,1,5,4,5,13,4,4,1,4,5,2,13,1,47,2,9,5,1,7,9,1,9,2,11,,108,,1,22,121.5022746,25.1190127
113,2,28,22,42,2,09北投區,北投區承德路7段384號,0,0,2,2,B03,7,5,5,60,14,9,1,5,4,5,13,4,4,1,4,5,2,13,1,41,3,10,7,1,7,8,1,2,2,7,,44,,1,22,121.5022746,25.1190127
113,2,28,22,42,2,09北投區,北投區承德路7段384號,0,0,2,3,B03,7,5,5,60,14,9,1,5,4,5,13,4,4,1,4,5,2,13,1,22,3,10,7,1,7,10,1,8,2,17,,100,,1,22,121.5022746,25.1190127
113,2,28,22,42,2,09北投區,北投區承德路7段384號,0,0,2,4,H02,7,5,5,60,14,9,1,5,4,5,13,4,4,1,4,5,2,13,2,45,2,9,5,5,7,20,8,20,10,16,,67,,1,22,121.5022746,25.1190127
113,2,29,0,50,2,01大同區,大同區鄭州路與太原路11巷口,0,0,1,1,B03,7,5,5,30,3,1,1,5,4,5,13,4,4,1,4,5,2,17,1,24,3,10,7,1,7,1,1,8,1,8,,19,,1,21,121.5156815,25.0490106
113,2,29,0,50,2,01大同區,大同區鄭州路與太原路11巷口,0,0,1,2,C03,7,5,5,30,3,1,1,5,4,5,13,4,4,1,4,5,2,17,1,20,2,9,6,1,7,9,1,10,1,11,,108,,1,21,121.5156815,25.0490106
113,2,29,1,25,2,12內湖區,內湖區康樂街217號,0,0,1,1,C03,7,5,5,50,11,9,1,5,4,5,13,4,4,5,5,5,2,17,2,33,2,9,6,1,7,5,1,10,8,12,,21,,1,21,121.6222981,25.07652257
113,2,29,1,25,2,12內湖區,內湖區康樂街217號,0,0,1,2,B03,7,5,5,50,11,9,1,5,4,5,13,4,4,5,5,5,2,17,1,31,3,10,7,4,7,13,3,18,11,7,,38,,1,21,121.6222981,25.07652257
113,2,29,6,14,2,07信義區,信義區忠孝東路5段與忠孝東路5段71巷口,0,0,1,1,B03,8,5,5,50,14,9,1,5,4,5,13,4,4,1,4,5,2,16,2,42,3,10,7,1,7,6,1,8,1,5,,9,,1,21,121.5673341,25.0411828
113,2,29,6,14,2,07信義區,信義區忠孝東路5段與忠孝東路5段71巷口,0,0,1,2,C03,8,5,5,50,14,9,1,5,4,5,13,4,4,1,4,5,2,16,2,26,2,9,5,1,7,9,1,10,1,14,,14,,1,21,121.5673341,25.0411828
113,2,29,7,40,2,01大同區,大同區酒泉街與迪化街2段口,0,0,1,1,B03,8,7,5,50,3,1,1,5,4,5,13,2,1,5,4,5,2,16,1,31,3,10,7,1,7,11,1,8,2,5,,10,,1,22,121.5127804,25.0720436
113,2,29,7,40,2,01大同區,大同區酒泉街與迪化街2段口,0,0,1,2,C03,8,7,5,50,3,1,1,5,4,5,13,2,1,5,4,5,2,16,2,42,2,9,5,1,7,9,1,10,2,14,,44,,1,22,121.5127804,25.0720436
113,2,29,7,44,2,04大安區,大安區基隆路3段與辛亥路3段口,0,0,1,1,C03,7,6,5,50,5,1,1,5,4,5,13,2,1,1,4,5,2,12,1,47,2,9,5,1,7,8,6,10,1,13,,100,,1,21,121.5468835,25.0195031
113,2,29,7,44,2,04大安區,大安區基隆路3段與辛亥路3段口,0,0,1,2,B02,7,6,5,50,5,1,1,5,4,5,13,2,1,1,4,5,2,12,1,53,3,10,7,1,7,9,1,8,1,8,,44,,1,21,121.5468835,25.0195031
113,2,29,8,3,2,05中正區,中正區重慶南路1段122號對面公車停靠區,0,0,1,1,C03,8,6,5,50,14,9,1,5,4,5,13,4,4,7,4,5,2,17,1,45,3,10,5,1,7,9,1,10,1,14,,108,,1,22,121.5127996,25.0374575
113,2,29,8,3,2,05中正區,中正區重慶南路1段122號對面公車停靠區,0,0,1,2,A02,8,6,5,50,14,9,1,5,4,5,13,4,4,7,4,5,2,17,1,48,3,10,2,1,7,14,1,2,1,17,,44,,1,22,121.5127996,25.0374575
113,2,29,8,3,2,05中正區,中正區重慶南路1段122號對面公車停靠區,0,0,1,3,H02,8,6,5,50,14,9,1,5,4,5,13,4,4,7,4,5,2,17,2,18,2,9,4,5,7,19,8,20,10,16,,67,,1,22,121.5127996,25.0374575
113,2,29,8,38,2,03中山區,中山區明水路與北安路口,0,0,2,1,C03,8,5,5,50,4,1,1,5,4,5,13,1,1,1,4,5,2,13,1,29,2,8,6,1,7,9,1,10,1,11,,107,,1,22,121.538705,25.07764901
113,2,29,8,38,2,03中山區,中山區明水路與北安路口,0,0,2,2,C03,8,5,5,50,4,1,1,5,4,5,13,1,1,1,4,5,2,13,1,37,2,8,6,4,7,14,1,10,1,13,,44,,1,22,121.538705,25.07764901
113,2,29,8,45,2,05中正區,中正區信義路1段與紹興南街口,0,0,1,1,B01,8,5,5,50,3,2,1,5,4,5,13,1,1,5,4,1,1,17,1,56,3,10,7,1,7,8,6,4,1,3,,100,,1,21,121.5227867,25.03609677
113,2,29,8,45,2,05中正區,中正區信義路1段與紹興南街口,0,0,1,2,C03,8,5,5,50,3,2,1,5,4,5,13,1,1,5,4,1,1,17,1,29,2,9,5,1,7,9,1,10,1,11,,13,,1,21,121.5227867,25.03609677
113,2,29,8,47,2,06松山區,松山區民生東路5段與撫遠街口,0,0,1,1,C03,8,6,5,50,14,9,1,5,4,5,13,2,1,9,4,5,2,13,1,59,2,9,5,1,7,9,1,10,1,11,,16,,1,21,121.5684391,25.05929326
113,2,29,8,47,2,06松山區,松山區民生東路5段與撫遠街口,0,0,1,2,C03,8,6,5,50,14,9,1,5,4,5,13,2,1,9,4,5,2,13,1,53,3,10,6,1,7,14,1,10,1,13,,44,,1,21,121.5684391,25.05929326
113,2,29,8,50,2,03中山區,中山區北安路與明水路口,0,0,2,1,C03,8,6,5,50,3,2,1,5,4,5,13,1,1,3,4,5,2,13,2,50,2,9,5,1,7,9,1,10,1,11,14,107,,1,21,121.5385777,25.0776764
113,2,29,8,50,2,03中山區,中山區北安路與明水路口,0,0,2,2,C03,8,6,5,50,3,2,1,5,4,5,13,1,1,3,4,5,2,13,1,41,2,8,5,1,7,14,1,10,1,13,14,44,,1,21,121.5385777,25.0776764
113,2,29,9,9,2,12內湖區,內湖區康寧路3段245巷與安康路口,0,0,1,1,B03,8,6,5,50,4,1,1,5,4,5,12,1,1,5,4,5,1,17,1,65,3,10,7,1,7,6,1,4,1,5,,9,,1,21,121.6136869,25.0661561
113,2,29,9,9,2,12內湖區,內湖區康寧路3段245巷與安康路口,0,0,1,2,C03,8,6,5,50,4,1,1,5,4,5,12,1,1,5,4,5,1,17,2,50,2,9,5,1,7,9,1,10,1,14,,107,,1,21,121.6136869,25.0661561
113,2,29,9,15,2,04大安區,大安區忠孝東路3段251巷3弄5號,0,0,1,1,H01,8,6,5,30,14,9,1,5,4,5,13,4,4,10,4,5,2,1,1,67,2,7,4,5,8,16,8,20,10,16,,60,,1,21,121.541914,25.0423419
113,2,29,9,15,2,04大安區,大安區忠孝東路3段251巷3弄5號,0,0,1,2,B03,8,6,5,30,14,9,1,5,4,5,13,4,4,10,4,5,2,1,1,41,3,10,7,1,7,9,1,8,1,2,,42,,1,21,121.541914,25.0423419
113,2,29,9,24,2,08士林區,士林區至善路1段與臨溪路口,0,0,1,1,B03,8,6,5,50,3,2,1,5,4,5,13,2,1,1,4,5,2,16,1,62,3,10,7,1,7,6,1,8,1,5,,9,,1,21,121.5424245,25.09711209
113,2,29,9,24,2,08士林區,士林區至善路1段與臨溪路口,0,0,1,2,C03,8,6,5,50,3,2,1,5,4,5,13,2,1,1,4,5,2,16,1,38,2,9,5,1,7,9,1,10,1,14,,44,,1,21,121.5424245,25.09711209
113,2,29,9,34,2,09北投區,北投區承德路7段與承德路7段344巷口,0,0,2,1,C03,8,6,5,50,14,7,1,5,4,5,13,2,1,1,4,4,1,13,1,68,2,9,5,1,7,9,1,10,1,12,,108,,1,21,121.5037645,25.1173078
113,2,29,9,34,2,09北投區,北投區承德路7段與承德路7段344巷口,0,0,2,2,C03,8,6,5,50,14,7,1,5,4,5,13,2,1,1,4,4,1,13,1,32,2,7,5,1,7,14,1,10,1,14,,44,,1,21,121.5037645,25.1173078
113,2,29,9,45,2,05中正區,中正區市民大道2段往東(229號燈桿前迴轉道),0,0,1,1,C03,8,6,5,40,14,6,1,5,4,5,13,4,4,1,4,5,2,16,4,0,,,,,,,,,11,,,119,,2,,121.5288985,25.04639114
113,2,29,9,45,2,05中正區,中正區市民大道2段往東(229號燈桿前迴轉道),0,0,1,2,C03,8,6,5,40,14,6,1,5,4,5,13,4,4,1,4,5,2,16,1,26,3,10,5,1,7,7,1,10,2,14,,100,,1,22,121.5288985,25.04639114
113,2,29,9,45,2,05中正區,中正區市民大道2段往東(229號燈桿前迴轉道),0,0,1,3,C03,8,6,5,40,14,6,1,5,4,5,13,4,4,1,4,5,2,16,1,25,2,9,5,1,7,9,1,10,2,11,,13,,1,22,121.5288985,25.04639114
113,2,29,10,0,2,04大安區,大安區基隆路3段與基隆路3段155巷口,0,0,1,1,C03,8,6,5,50,4,2,1,5,4,5,13,1,1,1,2,4,2,16,1,58,2,7,5,1,7,7,1,10,1,14,,100,,1,21,121.5427901,25.0158216
113,2,29,10,0,2,04大安區,大安區基隆路3段與基隆路3段155巷口,0,0,1,2,B03,8,6,5,50,4,2,1,5,4,5,13,1,1,1,2,4,2,16,1,37,3,10,7,1,7,9,1,8,1,2,,44,,1,21,121.5427901,25.0158216
113,2,29,10,0,2,04大安區,大安區基隆路3段與基隆路3段155巷口,0,0,1,3,A31,8,6,5,50,4,2,1,5,4,5,13,1,1,1,2,4,2,16,3,0,,,,,,,,,,,,67,,1,,121.5427901,25.0158216
113,2,29,10,4,2,07信義區,信義區永吉路30巷與忠孝東路5段165巷3弄口,0,0,2,1,C03,8,7,5,30,4,1,1,5,4,5,13,4,4,9,5,5,2,15,2,61,2,9,5,1,7,9,1,10,2,11,,80,,1,21,121.5686649,25.0415738
113,2,29,10,4,2,07信義區,信義區永吉路30巷與忠孝東路5段165巷3弄口,0,0,2,2,C03,8,7,5,30,4,1,1,5,4,5,13,4,4,9,5,5,2,15,2,30,2,9,5,1,7,9,1,10,2,11,,13,,1,21,121.5686649,25.0415738
113,2,29,10,9,2,05中正區,中正區中山南路與中山南路2巷口口,0,0,2,1,C03,8,5,5,50,3,2,1,5,4,5,13,4,4,1,4,5,2,13,1,19,2,7,6,2,7,9,3,18,1,11,,108,,1,21,121.519245,25.0450226
113,2,29,10,9,2,05中正區,中正區中山南路與中山南路2巷口口,0,0,2,2,C03,8,5,5,50,3,2,1,5,4,5,13,4,4,1,4,5,2,13,1,41,2,5,5,1,7,9,1,10,1,13,,44,,1,21,121.519245,25.0450226
113,2,29,10,30,2,10文山區,文山區木新路2段299巷與木新路2段299巷1弄口口,0,0,1,1,B03,8,6,5,30,3,1,1,5,4,5,10,4,4,10,5,5,2,15,2,50,3,10,7,1,7,9,1,8,1,1,,80,,1,21,121.5653932,24.98252414
113,2,29,10,30,2,10文山區,文山區木新路2段299巷與木新路2段299巷1弄口口,0,0,1,2,C03,8,6,5,30,3,1,1,5,4,5,10,4,4,10,5,5,2,15,2,50,2,9,5,1,7,9,1,10,1,12,,80,,1,21,121.5653932,24.98252414
113,2,29,10,36,2,05中正區,中正區重慶南路2段與重慶南路2段6巷口,0,0,1,1,B03,8,6,5,50,3,1,1,5,4,5,13,3,1,1,2,5,2,17,1,30,3,10,7,1,7,5,1,8,2,5,,71,,1,21,121.5127631,25.0343766
113,2,29,10,36,2,05中正區,中正區重慶南路2段與重慶南路2段6巷口,0,0,1,2,C03,8,6,5,50,3,1,1,5,4,5,13,3,1,1,2,5,2,17,1,25,2,9,6,1,7,9,1,10,2,11,,14,,1,21,121.5127631,25.0343766
113,2,29,10,45,2,12內湖區,內湖區成功路2段與民權東路6段口東南角,0,0,2,1,C03,8,5,5,50,3,2,1,5,4,5,13,4,4,7,2,4,2,16,1,38,2,9,5,1,7,6,1,10,2,12,,74,,1,21,121.5909068,25.06846708
113,2,29,10,45,2,12內湖區,內湖區成功路2段與民權東路6段口東南角,0,0,2,2,C03,8,5,5,50,3,2,1,5,4,5,13,4,4,7,2,4,2,16,1,19,2,9,6,1,7,9,1,10,2,14,,44,,1,21,121.5909068,25.06846708
113,2,29,11,0,2,10文山區,文山區秀明路1段185巷與秀明路1段口,0,0,1,1,C03,8,6,5,40,3,2,1,5,4,5,13,4,4,1,4,4,2,16,1,42,2,9,6,1,7,1,1,10,1,14,,19,,1,21,121.5683596,24.99151079
113,2,29,11,0,2,10文山區,文山區秀明路1段185巷與秀明路1段口,0,0,1,2,B02,8,6,5,40,3,2,1,5,4,5,13,4,4,1,4,4,2,16,1,60,3,10,7,1,7,9,1,8,2,5,,99,,1,21,121.5683596,24.99151079
113,2,29,11,29,2,02萬華區,萬華區堤外便道往北中興橋下(DSR-347牌面前),0,0,2,1,C03,8,6,5,40,14,11,1,5,4,5,13,4,4,3,4,5,1,10,1,41,2,8,5,1,7,12,1,10,1,11,,108,,1,21,121.4882697,25.0310277
113,2,29,11,29,2,02萬華區,萬華區堤外便道往北中興橋下(DSR-347牌面前),0,0,2,2,C03,8,6,5,40,14,11,1,5,4,5,13,4,4,3,4,5,1,10,1,59,3,10,5,1,7,12,1,10,1,13,,44,,1,21,121.4882697,25.0310277
113,2,29,11,29,2,02萬華區,萬華區堤外便道往北中興橋下(DSR-347牌面前),0,0,2,3,B12,8,6,5,40,14,11,1,5,4,5,13,4,4,3,4,5,1,10,1,28,3,10,7,1,7,9,1,3,1,8,,4,,1,21,121.4882697,25.0310277
113,2,29,11,29,2,02萬華區,萬華區堤外便道往北中興橋下(DSR-347牌面前),0,0,2,4,H02,8,6,5,40,14,11,1,5,4,5,13,4,4,3,4,5,1,10,2,36,2,8,5,5,7,21,8,20,10,16,,67,,1,21,121.4882697,25.0310277
113,2,29,11,33,2,09北投區,北投區中央北路2段與文化三路口,0,0,1,1,B01,8,6,5,50,3,2,1,5,4,5,13,2,1,5,5,5,2,13,1,66,3,10,7,1,7,1,1,4,1,1,,108,,1,21,121.4962758,25.136736
113,2,29,11,33,2,09北投區,北投區中央北路2段與文化三路口,0,0,1,2,C03,8,6,5,50,3,2,1,5,4,5,13,2,1,5,5,5,2,13,1,47,2,2,5,1,7,14,1,10,1,13,,44,,1,21,121.4962758,25.136736
113,2,29,11,50,2,03中山區,中山區新生北路3段與農安街口迴轉道,0,0,1,1,B02,7,6,5,50,3,2,1,5,4,5,13,4,4,1,4,4,2,17,2,54,3,10,7,1,7,5,1,8,2,17,,72,,1,22,121.5275993,25.06430223
113,2,29,11,50,2,03中山區,中山區新生北路3段與農安街口迴轉道,0,0,1,2,C03,7,6,5,50,3,2,1,5,4,5,13,4,4,1,4,4,2,17,1,33,2,9,5,1,7,9,1,10,2,17,,44,,1,22,121.5275993,25.06430223
113,2,29,12,10,2,07信義區,信義區忠孝東路5段6號1段,0,0,1,1,B01,8,6,5,50,14,9,1,5,4,5,13,2,1,1,4,1,2,13,1,59,3,10,7,1,7,9,1,4,1,1,,108,,1,21,121.5642586,25.0404734
113,2,29,12,10,2,07信義區,信義區忠孝東路5段6號1段,0,0,1,2,C03,8,6,5,50,14,9,1,5,4,5,13,2,1,1,4,1,2,13,1,39,2,9,5,1,7,14,1,10,1,13,,44,,1,21,121.5642586,25.0404734
113,2,29,12,20,2,09北投區,北投區裕民一路21號,0,0,1,1,H01,7,5,5,50,14,13,1,5,4,5,13,4,4,9,4,5,2,2,1,21,2,7,4,5,8,16,8,20,10,16,,60,,1,21,121.5166333,25.1167217
113,2,29,12,20,2,09北投區,北投區裕民一路21號,0,0,1,2,B11,7,5,5,50,14,13,1,5,4,5,13,4,4,9,4,5,2,2,1,36,3,10,7,1,7,9,1,2,9,2,,44,,1,21,121.5166333,25.1167217
113,2,29,12,35,2,05中正區,中正區汀州路3段60巷與汀州路3段口,0,0,1,1,B03,8,6,5,50,4,1,1,5,4,5,13,1,1,5,4,5,2,13,2,60,3,10,7,1,7,9,1,8,1,8,,108,,1,21,121.5313959,25.0156765
113,2,29,12,35,2,05中正區,中正區汀州路3段60巷與汀州路3段口,0,0,1,2,C03,8,6,5,50,4,1,1,5,4,5,13,1,1,5,4,5,2,13,1,46,2,5,5,1,7,14,1,9,1,13,,44,,1,21,121.5313959,25.0156765
113,2,29,12,37,2,08士林區,士林區忠誠路2段40巷14弄與士東路口,0,0,1,1,B01,8,6,5,30,3,18,1,5,4,5,8,4,4,10,5,5,2,9,1,68,3,10,3,4,7,6,1,4,2,1,,70,,1,21,121.5299569,25.11218104
113,2,29,12,37,2,08士林區,士林區忠誠路2段40巷14弄與士東路口,0,0,1,2,H01,8,6,5,30,3,18,1,5,4,5,8,4,4,10,5,5,2,9,1,39,2,9,4,5,8,18,8,20,10,16,,67,,1,21,121.5299569,25.11218104
113,2,29,12,38,2,08士林區,士林區中山北路5段465號,0,0,1,1,C03,8,6,5,40,14,9,1,5,4,5,13,4,4,4,4,1,1,17,1,63,4,11,3,4,7,7,7,,11,15,,100,,2,22,121.5277481,25.09276989
113,2,29,12,38,2,08士林區,士林區中山北路5段465號,0,0,1,2,C03,8,6,5,40,14,9,1,5,4,5,13,4,4,4,4,1,1,17,1,24,2,8,6,1,7,9,1,10,1,12,,108,,1,21,121.5277481,25.09276989
113,2,29,12,39,2,04大安區,大安區光復南路與光復南路456巷口,0,0,2,1,C03,8,6,5,50,14,9,1,5,4,5,13,4,4,9,4,5,1,13,1,44,2,8,6,4,7,8,1,10,1,13,,100,,1,22,121.5574058,25.0335767
113,2,29,12,39,2,04大安區,大安區光復南路與光復南路456巷口,0,0,2,2,C03,8,6,5,50,14,9,1,5,4,5,13,4,4,9,4,5,1,13,1,65,2,7,6,4,7,9,1,10,1,11,,44,,1,22,121.5574058,25.0335767
113,2,29,13,5,2,05中正區,中正區和平西路1段與重慶南路3段口,0,0,1,1,C03,8,6,5,50,5,1,1,5,4,5,13,1,1,1,4,5,2,17,1,41,2,7,5,1,7,6,1,10,1,12,,82,,1,21,121.5161539,25.0273244
113,2,29,13,5,2,05中正區,中正區和平西路1段與重慶南路3段口,0,0,1,2,B03,8,6,5,50,5,1,1,5,4,5,13,1,1,1,4,5,2,17,1,76,3,10,7,1,7,14,1,8,1,7,,44,,1,21,121.5161539,25.0273244
113,2,29,13,5,2,05中正區,中正區和平西路1段與重慶南路3段口,0,0,1,3,H02,8,6,5,50,5,1,1,5,4,5,13,1,1,1,4,5,2,17,2,63,4,11,5,5,7,20,8,20,10,16,,67,,1,21,121.5161539,25.0273244
113,2,29,13,9,2,08士林區,士林區中正路與百齡橋口,0,0,1,2,C03,8,5,5,30,3,2,1,5,4,5,13,4,4,3,4,5,2,17,2,54,2,9,6,1,7,9,1,10,2,12,,44,,1,22,121.515255,25.0904021
113,2,29,13,9,2,08士林區,士林區中正路與百齡橋口,0,0,1,1,B03,8,5,5,30,3,2,1,5,4,5,13,4,4,3,4,5,2,17,1,67,3,10,7,1,7,7,1,8,2,4,,73,,1,22,121.515255,25.0904021
113,2,29,13,17,2,10文山區,文山區木柵路4段161號,0,0,1,1,C03,8,6,5,50,14,9,1,5,4,5,13,4,4,4,4,5,1,17,1,24,2,8,6,1,7,9,1,10,1,14,,42,,1,21,121.5758549,24.9998825
113,2,29,13,17,2,10文山區,文山區木柵路4段161號,0,0,1,2,B03,8,6,5,50,14,9,1,5,4,5,13,4,4,4,4,5,1,17,1,36,3,10,7,1,7,9,1,8,1,4,,44,,1,21,121.5758549,24.9998825
113,2,29,13,24,2,10文山區,文山區溪洲街43號,0,0,2,1,B03,8,6,5,30,11,9,1,5,4,5,13,4,4,9,5,5,2,17,1,40,3,10,7,1,7,9,1,8,11,17,,4,,1,21,121.5341942,25.00622804
113,2,29,13,24,2,10文山區,文山區溪洲街43號,0,0,2,2,C03,8,6,5,30,11,9,1,5,4,5,13,4,4,9,5,5,2,17,1,19,2,8,6,1,7,9,1,10,2,12,,44,,1,21,121.5341942,25.00622804
113,2,29,13,24,2,10文山區,文山區溪洲街43號,0,0,2,3,H02,8,6,5,30,11,9,1,5,4,5,13,4,4,9,5,5,2,17,1,18,2,2,6,5,7,20,8,20,10,16,,67,,1,21,121.5341942,25.00622804
113,2,29,14,19,2,01大同區,大同區延平北路2段272巷與安西街口,0,0,2,1,C03,7,6,5,30,4,1,1,5,4,5,13,4,4,10,5,5,2,15,1,65,2,9,5,4,7,9,1,10,2,11,,72,,1,21,121.5097531,25.0620841
113,2,29,14,19,2,01大同區,大同區延平北路2段272巷與安西街口,0,0,2,2,C03,7,6,5,30,4,1,1,5,4,5,13,4,4,10,5,5,2,15,1,37,2,7,5,4,7,9,1,10,2,14,,13,,1,21,121.5097531,25.0620841
113,2,29,14,24,2,01大同區,大同區寧夏路與重慶北路2段73巷口,0,0,2,1,F03,7,6,5,40,3,2,4,5,4,5,13,4,4,1,5,5,2,17,1,66,2,7,4,1,7,15,8,20,1,11,,4,,1,21,121.5153404,25.056215
113,2,29,14,24,2,01大同區,大同區寧夏路與重慶北路2段73巷口,0,0,2,2,C03,7,6,5,40,3,2,4,5,4,5,13,4,4,1,5,5,2,17,1,67,2,9,6,1,7,5,1,10,1,14,,14,,1,21,121.5153404,25.056215
113,2,29,14,59,2,01大同區,大同區民族西路與民族西路32巷口,0,0,2,1,B03,7,6,5,50,4,2,1,5,4,5,13,2,1,8,3,5,1,16,2,30,2,9,7,1,7,6,1,8,1,2,,9,,1,21,121.5195458,25.0684479
113,2,29,14,59,2,01大同區,大同區民族西路與民族西路32巷口,0,0,2,2,C03,7,6,5,50,4,2,1,5,4,5,13,2,1,8,3,5,1,16,1,42,2,8,6,1,7,9,1,10,1,11,,44,,1,21,121.5195458,25.0684479
113,2,29,15,2,2,09北投區,北投區中央北路4段第94號停車格前,0,0,1,1,B12,8,6,5,50,14,9,1,5,4,5,13,4,4,5,4,5,2,12,1,39,3,10,2,1,7,9,1,8,2,6,,17,,2,21,121.467269,25.12759236
113,2,29,15,2,2,09北投區,北投區中央北路4段第94號停車格前,0,0,1,2,C03,8,6,5,50,14,9,1,5,4,5,13,4,4,5,4,5,2,12,2,45,2,9,5,1,7,9,1,10,2,14,,17,,1,21,121.467269,25.12759236
113,2,29,15,2,2,09北投區,北投區中央北路4段第94號停車格前,0,0,1,3,B03,8,6,5,50,14,9,1,5,4,5,13,4,4,5,4,5,2,12,1,51,3,10,3,1,7,13,1,8,11,7,,44,,1,21,121.467269,25.12759236
113,2,29,15,22,2,06松山區,松山區市民大道6段與松山路口,0,0,2,1,C03,7,6,5,40,4,2,1,5,4,5,13,1,1,1,3,5,2,16,1,63,2,9,6,1,7,5,1,10,1,14,,8,,1,21,121.5778991,25.0494938
113,2,29,15,22,2,06松山區,松山區市民大道6段與松山路口,0,0,2,2,C03,7,6,5,40,4,2,1,5,4,5,13,1,1,1,3,5,2,16,1,44,2,9,6,1,7,5,1,10,1,12,,14,,1,21,121.5778991,25.0494938