發生年度,發生月,發生日,發生時-Hours,發生分,處理別-編號,區序,肇事地點,死亡人數,2-30日死亡人數,受傷人數,當事人序號,車種,天候,道路照明設備,道路類別,速限-速度限制,道路型態,事故位置,路面狀況1,路面狀況2,路面狀況3,道路障礙1,道路障礙2,號誌1,號誌2,車道劃分-分向,車道劃分-分道1,車道劃分-分道2,車道劃分-分道3,事故類型及型態,性別,年齡,受傷程度,主要傷處,保護裝置,行動電話,車輛用途,當事者行動狀態,駕駛資格情形,駕駛執照種類,飲酒情形,車輛撞擊部位1,車輛撞擊部位2,肇因碼-個別,肇因碼-主要,個人肇逃否,職業,座標-X,座標-Y
113,2,29,15,26,2,10文山區,文山區辛亥路7段與光輝路21巷口口,0,0,2,1,C03,7,6,5,50,3,1,1,4,4,5,13,1,1,5,4,4,2,16,1,27,2,9,6,1,7,5,1,10,1,12,,74,,1,21,121.5538049,24.9855096
113,2,29,15,26,2,10文山區,文山區辛亥路7段與光輝路21巷口口,0,0,2,2,C03,7,6,5,50,3,1,1,4,4,5,13,1,1,5,4,4,2,16,1,48,2,9,6,1,7,9,1,10,1,11,,44,,1,21,121.5538049,24.9855096
113,2,29,15,46,2,05中正區,中正區金山南路1段與齊東街口,0,0,2,1,B02,7,6,5,50,4,1,1,5,4,5,12,4,4,10,5,5,2,16,1,21,3,10,7,4,7,15,1,8,2,1,,80,,1,22,121.5295968,25.04265304
113,2,29,15,46,2,05中正區,中正區金山南路1段與齊東街口,0,0,2,2,C03,7,6,5,50,4,1,1,5,4,5,12,4,4,10,5,5,2,16,1,27,2,9,6,4,7,9,1,10,2,14,,108,,1,22,121.5295968,25.04265304
113,2,29,15,46,2,05中正區,中正區金山南路1段與齊東街口,0,0,2,3,H02,7,6,5,50,4,1,1,5,4,5,12,4,4,10,5,5,2,16,2,52,2,9,6,5,7,20,8,20,10,16,,67,,1,22,121.5295968,25.04265304
113,2,29,16,28,2,03中山區,中山區南京東路2段與松江路口,0,0,1,1,A04,8,5,5,50,4,2,1,5,4,5,13,2,1,3,4,5,2,9,1,57,3,10,3,4,7,12,1,2,1,17,,60,,1,21,121.5328461,25.0520377
113,2,29,16,28,2,03中山區,中山區南京東路2段與松江路口,0,0,1,2,H02,8,5,5,50,4,2,1,5,4,5,13,2,1,3,4,5,2,9,1,85,2,3,4,5,7,20,8,20,10,16,,60,,1,21,121.5328461,25.0520377
113,2,29,16,28,2,08士林區,士林區基河路21號,0,0,1,1,B03,6,6,5,50,14,9,1,4,4,3,10,4,4,9,4,5,2,17,2,70,3,10,7,1,7,1,1,8,1,8,,19,,1,21,121.5244363,25.08698302
113,2,29,16,28,2,08士林區,士林區基河路21號,0,0,1,2,B01,6,6,5,50,14,9,1,4,4,3,10,4,4,9,4,5,2,17,1,44,2,9,7,1,7,9,1,4,1,2,,44,,1,21,121.5244363,25.08698302
113,2,29,16,28,2,08士林區,士林區基河路21號,0,0,1,3,B12,6,6,5,50,14,9,1,4,4,3,10,4,4,9,4,5,2,17,1,46,3,10,3,1,7,13,1,8,1,17,,38,,1,21,121.5244363,25.08698302
113,2,29,16,28,2,08士林區,士林區基河路21號,0,0,1,4,B03,6,6,5,50,14,9,1,4,4,3,10,4,4,9,4,5,2,17,1,72,3,10,7,1,7,14,1,8,9,17,,38,,1,21,121.5244363,25.08698302
113,2,29,16,28,2,08士林區,士林區基河路21號,0,0,1,5,H03,6,6,5,50,14,9,1,4,4,3,10,4,4,9,4,5,2,17,1,29,3,10,4,5,8,17,8,20,10,16,,60,,1,21,121.5244363,25.08698302
113,2,29,16,33,2,07信義區,信義區永吉路525號,0,0,3,1,F01,8,6,5,40,14,8,1,5,4,5,13,4,4,1,4,4,2,13,1,66,2,9,4,1,7,21,8,20,1,13,,10,,1,21,121.5804094,25.0454536
113,2,29,16,33,2,07信義區,信義區永吉路525號,0,0,3,2,C03,8,6,5,40,14,8,1,5,4,5,13,4,4,1,4,4,2,13,2,36,2,9,5,1,7,9,1,10,1,11,,108,,1,21,121.5804094,25.0454536
113,2,29,16,33,2,07信義區,信義區永吉路525號,0,0,3,3,H02,8,6,5,40,14,8,1,5,4,5,13,4,4,1,4,4,2,13,2,5,2,9,4,5,7,21,8,20,10,16,,67,,1,21,121.5804094,25.0454536
113,2,29,16,49,2,03中山區,中山區南京東路1段35號林森公園地下停車場出入口,0,0,1,1,C03,7,6,5,50,14,7,1,5,4,5,13,4,4,10,3,4,1,12,1,58,2,8,5,1,7,9,6,10,1,11,,16,,1,21,121.5277947,25.0522293
113,2,29,16,49,2,03中山區,中山區南京東路1段35號林森公園地下停車場出入口,0,0,1,2,B02,7,6,5,50,14,7,1,5,4,5,13,4,4,10,3,4,1,12,1,62,3,10,7,1,7,9,1,8,1,3,,16,,1,21,121.5277947,25.0522293
113,2,29,16,50,2,07信義區,信義區基隆路2段151-7號,0,0,2,1,C03,7,5,7,50,14,9,1,5,4,5,13,4,4,10,4,5,2,12,1,22,2,9,5,1,7,9,6,10,2,14,,108,,1,22,121.5548217,25.02625746
113,2,29,16,50,2,07信義區,信義區基隆路2段151-7號,0,0,2,2,C03,7,5,7,50,14,9,1,5,4,5,13,4,4,10,4,5,2,12,1,55,2,9,5,1,7,8,1,10,2,12,,100,,1,22,121.5548217,25.02625746
113,2,29,16,50,2,07信義區,信義區基隆路2段151-7號,0,0,2,3,C04,7,5,7,50,14,9,1,5,4,5,13,4,4,10,4,5,2,12,2,51,3,10,2,4,7,13,1,11,11,14,,44,,1,22,121.5548217,25.02625746
113,2,29,16,50,2,07信義區,信義區基隆路2段151-7號,0,0,2,4,C03,7,5,7,50,14,9,1,5,4,5,13,4,4,10,4,5,2,12,1,53,3,10,2,4,7,13,1,10,11,14,,44,,1,22,121.5548217,25.02625746
113,2,29,17,8,2,11南港區,南港區昆陽街與昆陽街152巷口,0,0,1,1,C03,7,5,5,50,3,2,1,5,4,5,13,4,4,5,4,5,2,16,2,66,2,9,6,1,7,5,3,18,1,14,,8,,1,21,121.5942105,25.0489887
113,2,29,17,8,2,11南港區,南港區昆陽街與昆陽街152巷口,0,0,1,2,B03,7,5,5,50,3,2,1,5,4,5,13,4,4,5,4,5,2,16,1,41,3,10,2,1,7,9,1,6,1,1,,108,,1,21,121.5942105,25.0489887
113,2,29,17,26,2,02萬華區,萬華區光復橋往新北市,0,0,2,3,H02,7,5,5,50,14,9,1,5,4,5,13,4,4,1,5,5,2,23,2,14,2,8,5,5,7,20,8,20,10,16,,67,,1,21,121.49041,25.02429103
113,2,29,17,26,2,02萬華區,萬華區光復橋往新北市,0,0,2,1,C03,7,5,5,50,14,9,1,5,4,5,13,4,4,1,5,5,2,23,1,18,2,9,5,4,7,9,3,18,1,14,,108,,1,21,121.49041,25.02429103
113,2,29,17,26,2,02萬華區,萬華區光復橋往新北市,0,0,2,2,,7,5,5,50,14,9,1,5,4,5,13,4,4,1,5,5,2,23,3,0,,,,,,,,,,,,67,,1,,121.49041,25.02429103
113,2,29,17,31,2,06松山區,松山區民權東路4段與敦化北路口,0,0,1,1,B03,7,5,5,50,4,1,1,5,4,5,13,1,1,1,3,5,2,16,1,40,3,10,3,4,7,6,1,8,1,2,,42,,1,21,121.5510988,25.06161832
113,2,29,17,31,2,06松山區,松山區民權東路4段與敦化北路口,0,0,1,2,C03,7,5,5,50,4,1,1,5,4,5,13,1,1,1,3,5,2,16,2,32,2,9,6,1,7,9,1,10,1,14,,42,,1,21,121.5510988,25.06161832
113,2,29,17,49,2,01大同區,大同區環河北路2段197號,0,0,1,1,C03,6,6,5,50,14,9,1,4,4,5,13,4,4,8,3,5,1,12,2,58,2,9,6,1,7,9,1,10,2,12,,44,,1,22,121.5092344,25.0689583
113,2,29,17,49,2,01大同區,大同區環河北路2段197號,0,0,1,2,B03,6,6,5,50,14,9,1,4,4,5,13,4,4,8,3,5,1,12,1,79,3,10,7,1,7,9,1,8,2,4,,106,,1,22,121.5092344,25.0689583
113,2,29,17,50,2,12內湖區,內湖區民權東路6段200號,0,0,1,1,B03,6,5,5,50,14,9,1,4,4,5,13,1,1,1,5,5,2,16,2,21,3,10,7,1,7,9,1,8,2,8,,81,,1,21,121.5952744,25.06839835
113,2,29,17,50,2,12內湖區,內湖區民權東路6段200號,0,0,1,2,C03,6,5,5,50,14,9,1,4,4,5,13,1,1,1,5,5,2,16,1,68,2,9,5,1,7,9,1,10,2,12,,44,,1,21,121.5952744,25.06839835
113,2,29,17,57,2,01大同區,大同區忠孝西路2段與塔城街口,0,0,1,1,C03,6,6,5,50,5,1,1,4,4,5,13,2,1,1,4,5,2,17,1,60,2,9,5,1,7,8,1,10,2,12,,100,,1,21,121.5101353,25.0482244
113,2,29,17,57,2,01大同區,大同區忠孝西路2段與塔城街口,0,0,1,2,B03,6,6,5,50,5,1,1,4,4,5,13,2,1,1,4,5,2,17,2,38,3,10,7,1,7,7,1,8,2,8,,100,,1,21,121.5101353,25.0482244
113,2,29,17,59,2,08士林區,士林區大東路165號,0,0,1,1,C03,6,5,5,50,14,9,1,4,4,5,13,1,1,9,4,5,1,17,1,43,2,9,5,1,7,7,1,10,2,14,,100,,1,21,121.524997,25.09356855
113,2,29,17,59,2,08士林區,士林區大東路165號,0,0,1,2,B11,6,5,5,50,14,9,1,4,4,5,13,1,1,9,4,5,1,17,1,44,3,10,7,1,7,4,1,8,2,2,,108,,1,21,121.524997,25.09356855
113,2,29,18,6,2,07信義區,信義區松壽路與松壽路20巷口,0,0,1,1,C03,6,5,5,50,4,2,1,4,4,5,13,4,4,5,4,4,2,17,1,28,2,9,3,4,7,6,1,10,1,14,,72,,1,21,121.567638,25.035805
113,2,29,18,6,2,07信義區,信義區松壽路與松壽路20巷口,0,0,1,2,B03,6,5,5,50,4,2,1,4,4,5,13,4,4,5,4,4,2,17,1,53,3,10,3,4,7,9,1,8,1,2,,14,,1,21,121.567638,25.035805
113,2,29,18,8,2,09北投區,北投區文林北路80巷與西安街1段口,0,0,1,1,B03,6,5,5,50,3,1,1,4,4,5,13,4,4,9,4,5,2,17,1,35,3,10,7,1,7,6,1,8,1,4,,80,,1,21,121.5181692,25.1052769
113,2,29,18,8,2,09北投區,北投區文林北路80巷與西安街1段口,0,0,1,2,C03,6,5,5,50,3,1,1,4,4,5,13,4,4,9,4,5,2,17,2,21,2,9,5,1,7,9,1,10,1,12,,13,,1,21,121.5181692,25.1052769
113,2,29,18,30,2,07信義區,信義區忠孝東路5段709號,0,0,2,1,C03,6,5,5,50,14,9,1,4,4,5,13,4,4,1,4,5,2,12,1,32,2,8,3,4,7,9,1,10,1,14,,108,,1,22,121.5805171,25.0426414
113,2,29,18,30,2,07信義區,信義區忠孝東路5段709號,0,0,2,2,C03,6,5,5,50,14,9,1,4,4,5,13,4,4,1,4,5,2,12,1,26,2,9,3,4,7,9,1,10,1,14,,44,,1,22,121.5805171,25.0426414
113,2,29,18,30,2,07信義區,信義區忠孝東路5段709號,0,0,2,3,C03,6,5,5,50,14,9,1,4,4,5,13,4,4,1,4,5,2,12,1,47,3,10,3,4,7,9,1,10,1,12,,44,,1,22,121.5805171,25.0426414
113,2,29,18,35,2,08士林區,士林區通河東街1段188號,0,0,1,1,C03,6,5,5,30,14,9,1,4,4,5,13,4,4,10,5,5,2,29,1,32,3,10,6,1,7,9,1,10,2,11,,108,,1,21,121.5155044,25.08909816
113,2,29,18,35,2,08士林區,士林區通河東街1段188號,0,0,1,2,C03,6,5,5,30,14,9,1,4,4,5,13,4,4,10,5,5,2,29,2,21,3,10,6,1,7,13,1,10,1,12,,44,,1,21,121.5155044,25.08909816
113,2,29,18,35,2,08士林區,士林區通河東街1段188號,0,0,1,3,C03,6,5,5,30,14,9,1,4,4,5,13,4,4,10,5,5,2,29,1,32,2,8,6,1,7,13,1,10,1,12,,44,,1,21,121.5155044,25.08909816
113,2,29,18,38,2,11南港區,南港區南港路1段4號對面,0,0,1,1,B03,6,5,5,50,14,9,1,4,4,5,13,4,4,5,4,4,2,17,1,64,3,10,7,1,7,8,1,8,1,2,,100,,1,21,121.6199334,25.0547171
113,2,29,18,38,2,11南港區,南港區南港路1段4號對面,0,0,1,2,C03,6,5,5,50,14,9,1,4,4,5,13,4,4,5,4,4,2,17,1,26,2,7,5,1,7,9,1,10,1,14,,44,,1,21,121.6199334,25.0547171
113,2,29,18,39,2,09北投區,北投區中央北路4段與大度路3段口引道,0,0,2,1,C03,6,5,5,50,4,1,1,4,4,5,13,1,1,5,4,5,2,9,2,47,2,9,5,1,7,5,1,10,2,11,,70,,1,22,121.4649774,25.12432076
113,2,29,18,39,2,09北投區,北投區中央北路4段與大度路3段口引道,0,0,2,2,H01,6,5,5,50,4,1,1,4,4,5,13,1,1,5,4,5,2,9,2,41,2,9,4,5,8,16,8,20,10,16,,67,,1,22,121.4649774,25.12432076
113,2,29,18,51,2,10文山區,文山區羅斯福路6段136號,0,0,1,1,C03,6,5,5,50,14,9,1,4,4,5,13,4,4,1,4,5,2,13,1,20,2,9,6,1,7,9,1,10,2,11,,108,,1,21,121.5408731,24.9968195
113,2,29,18,51,2,10文山區,文山區羅斯福路6段136號,0,0,1,2,B03,6,5,5,50,14,9,1,4,4,5,13,4,4,1,4,5,2,13,1,45,3,10,7,1,7,13,1,8,2,7,,38,,1,21,121.5408731,24.9968195
113,2,29,18,53,2,12內湖區,內湖區民權東路6段423巷與民權東路6段423巷9弄口,0,0,1,1,B03,6,5,5,30,4,1,1,4,4,5,13,4,4,5,5,5,2,15,1,35,3,10,3,4,7,9,1,8,1,2,,14,,1,21,121.6037229,25.07141741
113,2,29,18,53,2,12內湖區,內湖區民權東路6段423巷與民權東路6段423巷9弄口,0,0,1,2,C03,6,5,5,30,4,1,1,4,4,5,13,4,4,5,5,5,2,15,1,43,2,9,6,1,7,9,1,10,1,11,,108,,1,21,121.6037229,25.07141741
113,2,29,18,56,2,12內湖區,內湖區行善路417巷30號旁(停車格),0,0,1,1,C03,7,5,5,50,14,9,1,5,4,5,13,4,4,9,5,5,2,17,1,47,2,7,6,1,7,9,1,10,1,12,,108,,1,21,121.5867451,25.06461663
113,2,29,18,56,2,12內湖區,內湖區行善路417巷30號旁(停車格),0,0,1,2,B03,7,5,5,50,14,9,1,5,4,5,13,4,4,9,5,5,2,17,1,31,3,10,7,1,7,13,1,8,1,8,,40,,1,21,121.5867451,25.06461663
113,2,29,18,59,2,05中正區,中正區南海路與和平西路2段口,0,0,1,1,C03,6,5,5,30,4,1,1,4,4,5,13,1,1,10,4,5,1,17,2,47,2,9,5,1,7,5,1,10,11,13,,8,,1,21,121.5094836,25.0305819
113,2,29,18,59,2,05中正區,中正區南海路與和平西路2段口,0,0,1,2,B03,6,5,5,30,4,1,1,4,4,5,13,1,1,10,4,5,1,17,1,40,3,10,7,1,7,9,1,8,11,5,,44,,1,21,121.5094836,25.0305819
113,2,29,19,4,2,01大同區,大同區重慶北路1段與華陰街口,0,0,1,2,H01,6,5,5,30,5,18,1,4,4,5,13,2,1,1,4,5,2,9,2,40,2,9,4,5,8,16,8,20,10,16,,67,,1,21,121.5137458,25.0507039
113,2,29,19,4,2,01大同區,大同區重慶北路1段與華陰街口,0,0,1,1,B03,6,5,5,30,5,18,1,4,4,5,13,2,1,1,4,5,2,9,1,67,3,10,7,1,7,5,1,8,1,1,,70,,1,21,121.5137458,25.0507039
113,2,29,19,27,2,08士林區,士林區克強路與磺溪街口,0,0,1,1,F03,6,5,5,50,3,1,1,4,4,5,13,1,1,10,5,5,1,16,2,72,2,9,4,1,7,6,8,20,2,12,,9,,1,21,121.5232907,25.1089432
113,2,29,19,27,2,08士林區,士林區克強路與磺溪街口,0,0,1,2,B03,6,5,5,50,3,1,1,4,4,5,13,1,1,10,5,5,1,16,1,24,3,10,7,1,7,9,1,8,2,8,,44,,1,21,121.5232907,25.1089432
113,2,29,19,29,2,07信義區,信義區吳興街432巷110號,0,0,1,1,C03,6,5,5,30,12,9,1,4,4,5,13,4,4,10,5,5,2,17,1,34,2,8,5,1,7,5,1,10,2,14,,74,,1,21,121.5678746,25.0232811
113,2,29,19,29,2,07信義區,信義區吳興街432巷110號,0,0,1,2,C03,6,5,5,30,12,9,1,4,4,5,13,4,4,10,5,5,2,17,1,70,3,10,5,1,7,9,1,8,2,11,,108,,1,21,121.5678746,25.0232811
113,2,29,19,30,2,01大同區,大同區重慶北路3段與民族西路口,0,0,1,1,B01,8,5,5,50,4,2,1,4,4,5,13,2,1,1,4,5,2,17,1,55,3,10,3,4,7,6,1,4,1,2,,9,,1,21,121.5138216,25.0687537
113,2,29,19,30,2,01大同區,大同區重慶北路3段與民族西路口,0,0,1,2,F01,8,5,5,50,4,2,1,4,4,5,13,2,1,1,4,5,2,17,1,84,2,9,2,4,7,11,8,20,1,11,,11,,1,21,121.5138216,25.0687537
113,2,29,20,19,2,06松山區,松山區光復北路34號,0,0,1,1,A02,8,5,5,50,14,9,1,5,4,5,13,4,4,1,4,5,2,9,1,47,3,10,7,1,7,14,1,2,1,15,,40,,1,22,121.5577523,25.049347
113,2,29,20,19,2,06松山區,松山區光復北路34號,0,0,1,2,H02,8,5,5,50,14,9,1,5,4,5,13,4,4,1,4,5,2,9,2,25,2,9,4,5,7,19,8,20,10,16,,56,,1,22,121.5577523,25.049347
113,2,29,20,40,2,07信義區,信義區忠孝東路5段236巷2弄27號,0,0,1,1,H01,6,5,5,30,14,9,1,4,4,5,13,4,4,10,5,5,2,3,2,56,3,10,4,5,8,16,8,20,10,16,,121,,1,22,121.57031,25.0404974
113,2,29,20,40,2,07信義區,信義區忠孝東路5段236巷2弄27號,0,0,1,2,C03,6,5,5,30,14,9,1,4,4,5,13,4,4,10,5,5,2,3,1,27,2,9,3,1,7,9,1,10,1,12,,116,,1,22,121.57031,25.0404974
113,2,29,20,40,2,07信義區,信義區忠孝東路5段236巷2弄27號,0,0,1,3,B02,6,5,5,30,14,9,1,4,4,5,13,4,4,10,5,5,2,3,1,31,3,10,3,4,7,13,1,4,1,4,,38,,1,21,121.57031,25.0404974
113,2,29,20,48,2,10文山區,文山區興隆路4段58巷37號,0,0,1,1,B03,6,5,5,50,14,9,1,4,4,3,13,4,4,9,5,5,2,2,1,69,3,10,7,1,7,9,1,8,2,5,,108,,1,21,121.5592349,24.9852131
113,2,29,20,48,2,10文山區,文山區興隆路4段58巷37號,0,0,1,2,H01,6,5,5,50,14,9,1,4,4,3,13,4,4,9,5,5,2,2,1,77,2,9,4,5,8,16,8,20,10,16,,60,,1,21,121.5592349,24.9852131
113,2,29,21,10,2,03中山區,中山區錦州街與復興北路口,0,0,1,1,C03,6,5,5,50,4,2,2,4,4,5,13,2,1,10,4,5,2,16,1,24,2,8,6,1,7,5,1,10,1,11,,8,,1,21,121.5440278,25.06018266
113,2,29,21,10,2,03中山區,中山區錦州街與復興北路口,0,0,1,2,F01,6,5,5,50,4,2,2,4,4,5,13,2,1,10,4,5,2,16,1,21,3,10,4,1,7,5,8,20,1,13,,8,,1,25,121.5440278,25.06018266
113,2,29,21,55,2,03中山區,中山區敬業三路100號,0,0,1,1,B03,6,5,8,30,22,23,1,4,4,5,13,4,4,10,5,5,2,17,1,19,3,10,7,1,7,1,1,8,9,1,,19,,2,21,121.5565142,25.08193464
113,2,29,21,55,2,03中山區,中山區敬業三路100號,0,0,1,2,F01,6,5,8,30,22,23,1,4,4,5,13,4,4,10,5,5,2,17,2,19,2,9,4,1,7,9,8,20,10,11,,44,,1,21,121.5565142,25.08193464
113,2,29,21,55,2,08士林區,士林區福林路與中山北路5段470巷口,0,0,2,1,C03,6,5,5,50,3,1,1,4,4,5,13,4,4,10,5,5,1,16,1,27,2,9,5,1,7,5,1,10,2,11,,74,,1,21,121.5291542,25.0944479
113,2,29,21,55,2,08士林區,士林區福林路與中山北路5段470巷口,0,0,2,2,C03,6,5,5,50,3,1,1,4,4,5,13,4,4,10,5,5,1,16,1,19,2,9,5,1,7,9,1,10,2,11,,14,,1,21,121.5291542,25.0944479
113,2,29,22,10,2,03中山區,中山區南京東路1段與林森北路口,0,0,2,1,H01,6,6,5,50,4,18,1,4,4,5,13,2,1,9,4,5,2,9,2,46,2,7,4,5,8,18,8,20,10,16,,122,,1,21,121.5252709,25.05203428
113,2,29,22,10,2,03中山區,中山區南京東路1段與林森北路口,0,0,2,2,C03,6,6,5,50,4,18,1,4,4,5,13,2,1,9,4,5,2,9,1,26,2,9,5,1,7,9,1,10,1,11,,70,,1,21,121.5252709,25.05203428
113,2,29,22,15,2,03中山區,中山區大直橋往北,0,0,1,1,C03,6,5,5,50,8,11,1,4,4,5,13,4,4,1,5,5,2,13,1,22,2,9,6,1,7,9,1,10,2,13,,13,,1,21,121.5444503,25.0756175
113,2,29,22,15,2,03中山區,中山區大直橋往北,0,0,1,2,C03,6,5,5,50,8,11,1,4,4,5,13,4,4,1,5,5,2,13,1,38,3,10,6,1,7,9,1,10,2,11,,44,,1,21,121.5444503,25.0756175
113,2,29,22,37,2,10文山區,文山區木柵路1段與辛亥路6段口,0,0,1,1,C03,6,5,5,50,4,1,1,4,4,5,13,2,1,10,5,5,2,16,1,68,3,10,5,1,7,5,3,18,1,11,,71,,1,21,121.5523408,24.987869
113,2,29,22,37,2,10文山區,文山區木柵路1段與辛亥路6段口,0,0,1,2,C03,6,5,5,50,4,1,1,4,4,5,13,2,1,10,5,5,2,16,1,26,2,9,5,1,7,9,1,10,1,14,,14,,1,21,121.5523408,24.987869
113,2,29,22,38,2,01大同區,大同區民權西路194號(中油加油站出口),0,0,1,1,B03,7,5,5,50,22,19,1,4,4,5,13,4,4,10,5,5,2,3,1,45,3,10,7,1,7,1,1,8,9,15,,19,,1,21,121.5144641,25.0628479
113,2,29,22,38,2,01大同區,大同區民權西路194號(中油加油站出口),0,0,1,2,H01,7,5,5,50,22,19,1,4,4,5,13,4,4,10,5,5,2,3,2,32,2,8,4,5,8,16,8,20,10,16,,67,,1,21,121.5144641,25.0628479
113,2,29,22,50,2,12內湖區,內湖區內湖路1段與港墘路口,0,0,1,1,B02,6,5,5,50,4,1,1,4,4,5,13,1,1,1,5,5,2,17,1,28,3,10,7,1,7,5,1,8,2,17,,8,,1,21,121.5768735,25.07934515
113,2,29,22,50,2,12內湖區,內湖區內湖路1段與港墘路口,0,0,1,2,C03,6,5,5,50,4,1,1,4,4,5,13,1,1,1,5,5,2,17,2,26,2,9,6,1,7,9,1,10,2,14,,42,,1,21,121.5768735,25.07934515
113,2,29,23,14,2,02萬華區,萬華區富民路與富民路145巷口,0,0,1,1,B03,7,5,5,50,3,2,1,4,4,5,13,4,4,10,3,5,2,17,1,56,3,10,7,1,7,1,1,8,2,17,,19,,1,21,121.4998588,25.01803283
113,2,29,23,14,2,02萬華區,萬華區富民路與富民路145巷口,0,0,1,2,C03,7,5,5,50,3,2,1,4,4,5,13,4,4,10,3,5,2,17,2,28,2,9,5,1,7,9,1,10,2,14,,42,,1,21,121.4998588,25.01803283
113,2,29,23,38,2,11南港區,南港區南港路2段95號與南港路2段口前,0,0,1,1,B03,6,5,5,50,3,1,1,4,4,5,13,1,1,5,4,4,1,16,2,56,3,10,3,1,7,5,1,8,1,5,,71,,1,21,121.5976405,25.0540823
113,2,29,23,38,2,11南港區,南港區南港路2段95號與南港路2段口前,0,0,1,2,C03,6,5,5,50,3,1,1,4,4,5,13,1,1,5,4,4,1,16,1,32,2,7,5,1,7,9,1,10,1,11,,27,,1,21,121.5976405,25.0540823
113,3,1,6,30,2,11南港區,南港區南港路3段與成功路1段口口,0,0,1,1,B03,6,5,5,50,3,2,1,4,4,5,13,2,1,5,2,5,2,12,2,47,3,10,7,1,7,11,1,8,4,8,,10,,1,21,121.593355,25.05445381
113,3,1,6,30,2,11南港區,南港區南港路3段與成功路1段口口,0,0,1,2,C03,6,5,5,50,3,2,1,4,4,5,13,2,1,5,2,5,2,12,2,27,2,9,6,1,7,9,1,10,2,11,,44,,1,21,121.593355,25.05445381
113,3,1,7,9,2,04大安區,大安區樂利路86巷與樂利路口,0,0,1,1,B03,6,5,5,40,3,2,1,4,4,5,13,4,4,10,5,5,2,17,1,74,3,10,3,4,7,9,7,19,11,15,,72,,2,22,121.5520879,25.0254569
113,3,1,7,9,2,04大安區,大安區樂利路86巷與樂利路口,0,0,1,2,C03,6,5,5,40,3,2,1,4,4,5,13,4,4,10,5,5,2,17,1,61,2,9,3,4,7,9,1,10,1,17,,44,,1,22,121.5520879,25.0254569
113,3,1,7,27,2,05中正區,中正區水源路49-3號旁停車場出入口,0,0,1,1,B03,7,6,5,50,14,9,1,4,4,5,13,4,4,10,5,5,1,17,1,47,3,10,7,1,7,1,1,8,11,2,,19,,1,21,121.5231954,25.01966733
113,3,1,7,27,2,05中正區,中正區水源路49-3號旁停車場出入口,0,0,1,2,C03,7,6,5,50,14,9,1,4,4,5,13,4,4,10,5,5,1,17,1,33,2,8,6,1,7,1,1,10,11,14,,44,,1,21,121.5231954,25.01966733
113,3,1,7,29,2,12內湖區,內湖區潭美街與安美街175巷口,0,0,1,1,C03,6,7,5,40,3,2,1,4,4,5,13,4,4,5,5,5,2,17,1,77,3,10,5,1,7,1,1,10,1,13,,19,,1,21,121.6008836,25.0608529
113,3,1,7,29,2,12內湖區,內湖區潭美街與安美街175巷口,0,0,1,2,C03,6,7,5,40,3,2,1,4,4,5,13,4,4,5,5,5,2,17,1,44,2,9,5,1,7,9,1,9,1,11,,44,,1,21,121.6008836,25.0608529
113,3,1,7,37,2,05中正區,中正區重慶南路3段與廈門街82巷口,0,0,1,2,C03,6,7,5,30,3,2,1,4,4,5,13,4,4,1,4,5,2,17,1,23,2,9,5,1,7,12,1,10,1,11,,44,,1,22,121.5167796,25.0245874
113,3,1,7,37,2,05中正區,中正區重慶南路3段與廈門街82巷口,0,0,1,1,B03,6,7,5,30,3,2,1,4,4,5,13,4,4,1,4,5,2,17,2,55,3,10,7,1,7,6,1,8,9,8,,72,,1,22,121.5167796,25.0245874
113,3,1,7,41,2,02萬華區,萬華區華中橋機車道（近燈桿7010478),0,0,3,1,C03,6,6,5,40,8,11,1,4,4,5,13,4,4,1,4,3,2,13,1,65,2,9,5,4,7,9,1,10,1,11,,16,,1,22,121.4953216,25.0116085
113,3,1,7,41,2,02萬華區,萬華區華中橋機車道（近燈桿7010478),0,0,3,2,C03,6,6,5,40,8,11,1,4,4,5,13,4,4,1,4,3,2,13,1,47,2,9,5,4,7,9,1,10,1,13,,44,,1,22,121.4953216,25.0116085
113,3,1,7,41,2,02萬華區,萬華區華中橋機車道（近燈桿7010478),0,0,3,3,H02,6,6,5,40,8,11,1,4,4,5,13,4,4,1,4,3,2,13,2,59,2,9,5,5,7,20,8,20,10,16,,67,,1,22,121.4953216,25.0116085
113,3,1,7,41,2,03中山區,中山區大直橋往北上橋第2支燈桿處,0,0,2,1,C03,6,6,5,50,14,9,1,4,4,5,13,4,4,2,4,5,2,17,2,27,2,8,5,1,7,9,1,10,1,11,14,16,,1,21,121.5443855,25.07262569
113,3,1,7,41,2,03中山區,中山區大直橋往北上橋第2支燈桿處,0,0,2,2,C03,6,6,5,50,14,9,1,4,4,5,13,4,4,2,4,5,2,17,1,63,2,9,5,1,7,15,1,10,1,14,,116,,1,21,121.5443855,25.07262569
113,3,1,7,50,2,03中山區,中山區南京東路3段與建國北路1段口,0,0,1,1,B01,6,7,5,50,4,1,1,4,4,5,13,1,1,1,4,5,2,1,1,69,3,10,7,1,7,6,1,4,1,1,,70,,1,22,121.5371957,25.0519289