發生年度,發生月,發生日,發生時-Hours,發生分,處理別-編號,區序,肇事地點,死亡人數,2-30日死亡人數,受傷人數,當事人序號,車種,天候,道路照明設備,道路類別,速限-速度限制,道路型態,事故位置,路面狀況1,路面狀況2,路面狀況3,道路障礙1,道路障礙2,號誌1,號誌2,車道劃分-分向,車道劃分-分道1,車道劃分-分道2,車道劃分-分道3,事故類型及型態,性別,年齡,受傷程度,主要傷處,保護裝置,行動電話,車輛用途,當事者行動狀態,駕駛資格情形,駕駛執照種類,飲酒情形,車輛撞擊部位1,車輛撞擊部位2,肇因碼-個別,肇因碼-主要,個人肇逃否,職業,座標-X,座標-Y
113,3,1,7,50,2,03中山區,中山區南京東路3段與建國北路1段口,0,0,1,2,H01,6,7,5,50,4,1,1,4,4,5,13,1,1,1,4,5,2,1,2,15,2,9,4,5,8,18,8,20,10,16,,67,,1,22,121.5371957,25.0519289
113,3,1,7,58,2,01大同區,大同區承德路2段與平陽街口,0,0,1,1,B01,8,6,5,50,3,1,1,5,4,5,13,2,1,1,4,5,2,16,1,69,3,10,7,1,7,6,1,4,11,2,,9,,2,21,121.5180656,25.0548316
113,3,1,7,58,2,01大同區,大同區承德路2段與平陽街口,0,0,1,2,C03,8,6,5,50,3,1,1,5,4,5,13,2,1,1,4,5,2,16,1,39,3,10,5,1,7,9,1,10,9,11,,44,,1,21,121.5180656,25.0548316
113,3,1,7,58,2,01大同區,大同區承德路2段與平陽街口,0,0,1,3,H02,8,6,5,50,3,1,1,5,4,5,13,2,1,1,4,5,2,16,2,11,2,8,5,5,7,20,8,20,10,16,,67,,1,14,121.5180656,25.0548316
113,3,1,8,0,2,11南港區,南港區舊莊街1段91巷與舊莊街1段91巷16弄口,0,0,1,1,B03,6,6,5,30,3,2,1,4,4,5,13,4,4,10,5,5,2,17,2,46,3,10,7,1,7,5,1,8,9,17,,72,,1,21,121.6197178,25.0413225
113,3,1,8,0,2,11南港區,南港區舊莊街1段91巷與舊莊街1段91巷16弄口,0,0,1,2,C03,6,6,5,30,3,2,1,4,4,5,13,4,4,10,5,5,2,17,1,42,2,9,6,1,7,9,1,10,9,12,,14,,1,21,121.6197178,25.0413225
113,3,1,8,23,2,07信義區,信義區忠孝東路5段781號,0,0,1,1,C03,6,7,5,50,14,9,1,4,4,5,13,4,4,2,4,5,2,17,1,42,2,9,5,4,7,9,1,10,1,15,,116,,1,21,121.5815101,25.0436976
113,3,1,8,23,2,07信義區,信義區忠孝東路5段781號,0,0,1,2,C03,6,7,5,50,14,9,1,4,4,5,13,4,4,2,4,5,2,17,2,36,3,10,5,4,7,14,1,10,1,13,,44,,1,21,121.5815101,25.0436976
113,3,1,8,30,2,04大安區,大安區和平東路2段134-1號旁,0,0,1,1,C03,6,6,5,50,14,9,1,4,4,5,13,4,4,1,4,5,2,13,1,29,2,9,5,1,7,12,1,10,1,12,11,108,,1,21,121.5462329,25.0246323
113,3,1,8,30,2,04大安區,大安區和平東路2段134-1號旁,0,0,1,2,B03,6,6,5,50,14,9,1,4,4,5,13,4,4,1,4,5,2,13,1,46,3,10,7,1,7,12,1,8,1,6,,44,,1,21,121.5462329,25.0246323
113,3,1,8,30,2,04大安區,大安區和平東路2段134-1號旁,0,0,1,3,B12,6,6,5,50,14,9,1,4,4,5,13,4,4,1,4,5,2,13,1,36,3,10,7,1,7,8,1,8,9,17,,100,,2,21,121.5462329,25.0246323
113,3,1,8,34,2,03中山區,中山區南京東路2段與吉林路口,0,0,3,1,C03,6,6,5,40,4,1,1,4,4,5,13,1,1,1,4,4,2,13,1,36,2,7,6,1,7,9,1,10,1,11,,107,,1,22,121.5300624,25.05197695
113,3,1,8,34,2,03中山區,中山區南京東路2段與吉林路口,0,0,3,2,C03,6,6,5,40,4,1,1,4,4,5,13,1,1,1,4,4,2,13,2,32,2,9,6,1,7,9,1,10,1,11,,44,,1,22,121.5300624,25.05197695
113,3,1,8,34,2,03中山區,中山區南京東路2段與吉林路口,0,0,3,3,C03,6,6,5,40,4,1,1,4,4,5,13,1,1,1,4,4,2,13,1,22,2,8,6,1,7,9,1,10,1,11,,107,,1,22,121.5300624,25.05197695
113,3,1,8,35,2,06松山區,松山區光復北路190巷0202561燈桿,0,0,1,1,B03,6,6,5,30,14,9,1,4,4,5,13,4,4,9,5,5,2,13,2,55,3,10,7,1,7,9,1,8,1,5,,16,,1,22,121.5531803,25.05449698
113,3,1,8,35,2,06松山區,松山區光復北路190巷0202561燈桿,0,0,1,2,C03,6,6,5,30,14,9,1,4,4,5,13,4,4,9,5,5,2,13,1,45,2,9,6,1,7,14,1,10,1,13,,44,,1,22,121.5531803,25.05449698
113,3,1,8,40,2,03中山區,中山區濱江街350號,0,0,1,1,B03,6,7,5,50,14,9,1,4,4,5,13,4,4,3,4,4,2,16,1,25,3,10,3,4,7,10,1,8,2,5,,100,,1,21,121.5484085,25.0721039
113,3,1,8,40,2,03中山區,中山區濱江街350號,0,0,1,2,C01,6,7,5,50,14,9,1,4,4,5,13,4,4,3,4,4,2,16,1,58,2,9,3,4,7,9,1,9,2,11,,13,,1,21,121.5484085,25.0721039
113,3,1,8,40,2,03中山區,中山區濱江街350號,0,0,1,3,,6,7,5,50,14,9,1,4,4,5,13,4,4,3,4,4,2,16,3,67,,,,,,,,,,,,67,,1,,121.5484085,25.0721039
113,3,1,8,46,2,04大安區,大安區和平東路3段228巷與安居街60巷口,0,0,1,1,C03,6,6,5,50,14,9,1,4,4,5,13,4,4,7,4,5,2,13,1,28,2,9,5,1,7,9,1,10,1,11,,118,,1,21,121.5531759,25.0207381
113,3,1,8,46,2,04大安區,大安區和平東路3段228巷與安居街60巷口,0,0,1,2,C03,6,6,5,50,14,9,1,4,4,5,13,4,4,7,4,5,2,13,1,31,3,10,5,1,7,14,1,9,1,13,,44,,1,21,121.5531759,25.0207381
113,3,1,8,46,2,06松山區,松山區民權大橋(西往東第7510451號燈),0,0,2,1,C03,6,7,5,40,14,9,1,4,4,5,13,4,4,9,4,4,2,13,1,25,2,9,5,1,7,9,1,10,1,11,,108,,1,22,121.5672324,25.06336506
113,3,1,8,46,2,06松山區,松山區民權大橋(西往東第7510451號燈),0,0,2,2,C03,6,7,5,40,14,9,1,4,4,5,13,4,4,9,4,4,2,13,1,24,2,9,5,1,7,9,1,10,1,13,,44,,1,22,121.5672324,25.06336506
113,3,1,8,46,2,06松山區,松山區民權大橋(西往東第7510451號燈),0,0,2,3,B03,6,7,5,40,14,9,1,4,4,5,13,4,4,9,4,4,2,13,1,28,3,10,7,1,7,9,1,8,1,5,,44,,1,22,121.5672324,25.06336506
113,3,1,8,50,2,03中山區,中山區復興北路62號,0,0,1,1,C03,6,7,5,50,14,9,1,4,4,5,13,2,1,8,3,5,1,12,1,40,2,9,5,1,7,9,1,10,1,11,,42,,1,21,121.5438349,25.0499249
113,3,1,8,50,2,03中山區,中山區復興北路62號,0,0,1,2,B03,6,7,5,50,14,9,1,4,4,5,13,2,1,8,3,5,1,12,1,30,3,10,7,1,7,9,1,8,1,6,,16,,1,21,121.5438349,25.0499249
113,3,1,8,51,2,06松山區,松山區敦化北路153號,0,0,1,1,C03,6,5,5,50,14,7,1,4,4,5,13,2,1,3,4,4,2,13,1,36,2,9,6,4,7,9,1,10,1,11,,107,,1,22,121.5492058,25.05426119
113,3,1,8,51,2,06松山區,松山區敦化北路153號,0,0,1,2,B03,6,5,5,50,14,7,1,4,4,5,13,2,1,3,4,4,2,13,1,40,3,10,3,4,7,9,1,8,1,7,,44,,1,22,121.5492058,25.05426119
113,3,1,8,53,2,03中山區,中山區吉林路47號,0,0,1,1,C03,6,6,5,50,22,9,1,4,4,5,13,4,4,10,3,5,1,12,1,38,2,9,5,1,7,9,1,10,1,11,,16,,1,21,121.530113,25.0525839
113,3,1,8,53,2,03中山區,中山區吉林路47號,0,0,1,2,B01,6,6,5,50,22,9,1,4,4,5,13,4,4,10,3,5,1,12,1,56,3,10,7,1,7,9,1,4,1,6,,44,,1,21,121.530113,25.0525839
113,3,1,8,53,2,03中山區,中山區北安路608巷與北安路口,0,0,1,1,C03,8,5,5,50,4,1,1,4,4,5,13,1,1,1,4,5,2,12,2,44,3,10,3,4,7,21,1,10,1,13,,44,,1,22,121.5488821,25.08205836
113,3,1,8,53,2,03中山區,中山區北安路608巷與北安路口,0,0,1,2,C03,8,5,5,50,4,1,1,4,4,5,13,1,1,1,4,5,2,12,1,26,2,8,3,4,7,9,1,10,1,14,,13,,1,22,121.5488821,25.08205836
113,3,1,9,17,2,03中山區,中山區北安路與北安路841巷口,0,0,1,2,F01,6,7,5,50,3,2,1,4,4,5,13,4,4,1,4,5,2,17,2,37,2,9,4,1,7,9,8,20,1,14,,42,,1,22,121.5492554,25.05598449
113,3,1,9,17,2,03中山區,中山區北安路與北安路841巷口,0,0,1,1,C03,6,7,5,50,3,2,1,4,4,5,13,4,4,1,4,5,2,17,1,41,3,10,5,1,7,6,1,10,1,12,,9,,1,22,121.5492554,25.05598449
113,3,1,9,32,2,01大同區,大同區民生西路與寧夏路口,0,0,1,1,C03,6,6,5,50,4,1,1,4,4,5,13,2,1,5,4,5,2,17,2,25,2,7,5,4,7,5,1,10,1,13,,8,,1,21,121.5147778,25.0569589
113,3,1,9,32,2,01大同區,大同區民生西路與寧夏路口,0,0,1,2,B03,6,6,5,50,4,1,1,4,4,5,13,2,1,5,4,5,2,17,1,38,3,10,7,4,7,9,1,8,1,8,,16,,1,21,121.5147778,25.0569589
113,3,1,9,37,2,04大安區,大安區文昌街與文昌街136巷口,0,0,1,1,B03,6,6,5,30,3,1,1,4,4,5,13,4,4,10,5,5,2,16,2,40,3,10,7,1,7,6,1,8,1,2,,9,,1,21,121.5528845,25.0326453
113,3,1,9,37,2,04大安區,大安區文昌街與文昌街136巷口,0,0,1,2,C03,6,6,5,30,3,1,1,4,4,5,13,4,4,10,5,5,2,16,1,48,2,7,5,1,7,12,1,10,1,14,,118,,1,21,121.5528845,25.0326453
113,3,1,9,47,2,03中山區,中山區建國北路2段258巷與建國北路2段口,0,0,1,1,B03,6,6,5,50,3,1,1,4,4,5,13,4,4,1,4,5,2,17,1,50,3,10,3,4,7,14,1,14,1,17,,38,,1,22,121.5367122,25.06182764
113,3,1,9,47,2,03中山區,中山區建國北路2段258巷與建國北路2段口,0,0,1,2,B03,6,6,5,50,3,1,1,4,4,5,13,4,4,1,4,5,2,17,1,30,3,10,3,4,7,14,1,14,1,17,,38,,1,22,121.5367122,25.06182764
113,3,1,9,47,2,03中山區,中山區建國北路2段258巷與建國北路2段口,0,0,1,3,C03,6,6,5,50,3,1,1,4,4,5,13,4,4,1,4,5,2,17,2,28,2,8,6,1,7,9,1,10,1,14,,108,,1,22,121.5367122,25.06182764
113,3,1,9,47,2,03中山區,中山區建國北路2段258巷與建國北路2段口,0,0,1,4,B03,6,6,5,50,3,1,1,4,4,5,13,4,4,1,4,5,2,17,2,54,3,10,3,4,7,6,1,8,9,17,,9,,2,22,121.5367122,25.06182764
113,3,1,9,50,2,09北投區,北投區中央北路4段301號,0,0,1,1,B03,7,6,5,50,14,9,1,4,4,5,13,4,4,5,4,5,2,16,1,74,3,10,7,1,7,11,1,8,2,4,,10,,1,21,121.4732593,25.1312711
113,3,1,9,50,2,09北投區,北投區中央北路4段301號,0,0,1,2,C03,7,6,5,50,14,9,1,4,4,5,13,4,4,5,4,5,2,16,1,40,2,9,5,1,7,9,1,10,2,11,,44,,1,27,121.4732593,25.1312711
113,3,1,10,2,2,01大同區,大同區酒泉街與庫倫街口,0,0,1,1,B03,6,6,5,30,4,1,1,4,4,5,13,4,4,5,2,5,2,17,1,49,3,10,7,1,7,5,1,8,2,1,,8,,1,21,121.5162726,25.0719584
113,3,1,10,2,2,01大同區,大同區酒泉街與庫倫街口,0,0,1,2,C03,6,6,5,30,4,1,1,4,4,5,13,4,4,5,2,5,2,17,1,62,2,9,5,1,7,9,1,10,2,12,,44,,1,21,121.5162726,25.0719584
113,3,1,10,16,2,04大安區,大安區新生北路1段與八德路2段口口,0,0,1,1,C04,6,6,5,50,4,1,1,4,4,5,13,2,1,5,4,5,2,16,1,27,2,7,5,1,7,5,1,10,2,12,,71,,1,22,121.5330064,25.0444467
113,3,1,10,16,2,04大安區,大安區新生北路1段與八德路2段口口,0,0,1,2,B03,6,6,5,50,4,1,1,4,4,5,13,2,1,5,4,5,2,16,1,46,3,10,7,1,7,9,1,8,2,1,,44,,1,22,121.5330064,25.0444467
113,3,1,10,16,2,05中正區,中正區汀州路3段230巷與汀州路3段口,0,0,1,1,F01,6,7,6,0,4,2,1,4,4,5,13,4,4,5,5,5,2,17,2,21,2,9,4,4,7,9,8,20,1,11,,97,,1,22,121.5358881,25.0115039
113,3,1,10,16,2,05中正區,中正區汀州路3段230巷與汀州路3段口,0,0,1,2,C03,6,7,6,0,4,2,1,4,4,5,13,4,4,5,5,5,2,17,1,48,3,10,5,3,7,6,1,10,1,12,,80,,1,22,121.5358881,25.0115039
113,3,1,10,18,2,02萬華區,萬華區西園路2段與寶興街口,0,0,1,1,B03,6,7,8,50,4,2,1,4,4,5,13,2,1,9,4,5,2,13,1,35,3,10,3,4,7,9,1,8,1,8,,42,,1,22,121.4940428,25.0273722
113,3,1,10,18,2,02萬華區,萬華區西園路2段與寶興街口,0,0,1,2,C03,6,7,8,50,4,2,1,4,4,5,13,2,1,9,4,5,2,13,1,62,2,5,6,1,7,12,1,10,1,13,,14,,1,22,121.4940428,25.0273722
113,3,1,10,18,2,02萬華區,萬華區西園路2段與寶興街口,0,0,1,3,B03,6,7,8,50,4,2,1,4,4,5,13,2,1,9,4,5,2,13,1,33,3,10,3,4,7,14,1,8,1,4,,44,,1,22,121.4940428,25.0273722
113,3,1,11,1,2,04大安區,大安區新生南路1段與忠孝東路3段口,0,0,1,1,C02,6,7,5,50,4,1,1,4,4,5,13,2,1,1,3,5,1,13,1,21,3,10,6,1,7,9,1,10,1,11,,108,,1,25,121.5329704,25.0422335
113,3,1,11,1,2,04大安區,大安區新生南路1段與忠孝東路3段口,0,0,1,2,C03,6,7,5,50,4,1,1,4,4,5,13,2,1,1,3,5,1,13,1,46,2,9,6,1,7,9,1,10,1,13,,44,,1,26,121.5329704,25.0422335
113,3,1,11,4,2,04大安區,大安區忠孝東路3段1號,0,0,1,1,C03,6,7,5,50,14,9,1,4,4,5,13,2,1,1,3,5,1,13,2,25,2,9,5,4,7,9,1,10,1,11,,17,,1,21,121.5339686,25.0422441
113,3,1,11,4,2,04大安區,大安區忠孝東路3段1號,0,0,1,2,B01,6,7,5,50,14,9,1,4,4,5,13,2,1,1,3,5,1,13,1,45,3,10,3,4,7,14,1,4,1,3,,44,,1,21,121.5339686,25.0422441
113,3,1,11,4,2,04大安區,大安區忠孝東路3段1號,0,0,1,3,C03,6,7,5,50,14,9,1,4,4,5,13,2,1,1,3,5,1,13,1,27,3,10,6,4,7,7,1,10,1,17,,100,,1,22,121.5339686,25.0422441
113,3,1,11,15,2,06松山區,松山區民生東路3段與民生東路3段110巷口,0,0,2,1,C03,6,7,5,50,3,2,1,4,4,5,13,4,4,9,4,5,2,17,2,65,2,7,6,1,7,6,1,10,1,15,,80,,1,22,121.5448361,25.0576865
113,3,1,11,15,2,06松山區,松山區民生東路3段與民生東路3段110巷口,0,0,2,2,C03,6,7,5,50,3,2,1,4,4,5,13,4,4,9,4,5,2,17,1,28,2,5,6,1,7,9,1,10,1,11,,44,,1,22,121.5448361,25.0576865
113,3,1,11,46,2,10文山區,文山區木柵路2段138巷與木柵路2段口,0,0,1,1,A11,6,6,5,30,4,2,1,4,4,5,13,2,1,5,4,5,2,16,1,43,3,10,3,4,7,6,1,3,2,2,,17,,1,22,121.5617427,24.9887036
113,3,1,11,46,2,10文山區,文山區木柵路2段138巷與木柵路2段口,0,0,1,2,C03,6,6,5,30,4,2,1,4,4,5,13,2,1,5,4,5,2,16,1,79,2,9,3,4,7,6,1,10,2,14,,17,,1,22,121.5617427,24.9887036
113,3,1,11,50,2,12內湖區,內湖區瑞湖街80號,0,0,1,1,C03,8,5,5,50,14,9,1,5,4,5,13,4,4,4,4,5,1,12,1,42,3,10,3,4,7,15,1,10,1,14,,80,,1,22,121.5763307,25.0724526
113,3,1,11,50,2,12內湖區,內湖區瑞湖街80號,0,0,1,2,C03,8,5,5,50,14,9,1,5,4,5,13,4,4,4,4,5,1,12,2,35,2,6,3,4,7,9,1,10,1,12,,44,,1,22,121.5763307,25.0724526
113,3,1,12,18,2,12內湖區,內湖區民權東路6段25號,0,0,1,1,C03,6,6,5,40,14,8,1,4,4,5,13,4,4,1,4,4,2,17,1,21,2,9,6,1,7,7,1,10,2,11,,100,,1,21,121.5832691,25.0685612
113,3,1,12,18,2,12內湖區,內湖區民權東路6段25號,0,0,1,2,C03,6,6,5,40,14,8,1,4,4,5,13,4,4,1,4,4,2,17,1,35,3,10,6,1,7,9,1,10,2,12,,44,,1,21,121.5832691,25.0685612
113,3,1,12,30,2,09北投區,北投區東華街1段與石牌路2段口,0,0,2,1,B01,6,6,5,50,4,2,1,4,4,5,13,2,1,1,4,5,2,16,1,63,3,10,7,1,7,6,1,4,2,2,,9,,1,21,121.5153307,25.1152791
113,3,1,12,30,2,09北投區,北投區東華街1段與石牌路2段口,0,0,2,2,C03,6,6,5,50,4,2,1,4,4,5,13,2,1,1,4,5,2,16,1,43,2,9,5,1,7,9,1,10,2,11,,44,,1,21,121.5153307,25.1152791
113,3,1,12,30,2,09北投區,北投區東華街1段與石牌路2段口,0,0,2,3,H02,6,6,5,50,4,2,1,4,4,5,13,2,1,1,4,5,2,16,2,38,2,8,5,5,7,20,8,20,10,16,,67,,1,21,121.5153307,25.1152791
113,3,1,12,34,2,03中山區,中山區北安路與中山北路3段口823紀念公園旁,0,0,1,1,C03,6,6,5,50,5,2,1,4,4,5,13,2,1,8,3,5,1,12,1,24,2,9,5,1,7,15,1,10,1,11,,100,,1,21,121.5272229,25.0762256
113,3,1,12,34,2,03中山區,中山區北安路與中山北路3段口823紀念公園旁,0,0,1,2,B03,6,6,5,50,5,2,1,4,4,5,13,2,1,8,3,5,1,12,2,44,3,10,7,1,7,15,1,8,1,6,,16,,1,21,121.5272229,25.0762256
113,3,1,13,3,2,10文山區,文山區景華街58號,0,0,1,1,B03,6,6,5,50,14,9,1,4,4,5,13,4,4,9,5,5,2,12,1,69,3,10,7,1,7,1,1,8,1,8,,19,,1,21,121.5440136,24.9950844
113,3,1,13,3,2,10文山區,文山區景華街58號,0,0,1,2,C03,6,6,5,50,14,9,1,4,4,5,13,4,4,9,5,5,2,12,1,49,2,4,5,1,7,9,1,10,1,11,,14,,1,21,121.5440136,24.9950844
113,3,1,13,21,2,09北投區,北投區中和街與中和街20巷口,0,0,1,1,B01,6,6,5,50,4,1,1,4,4,5,13,4,4,5,4,5,2,12,1,41,3,10,7,1,7,1,1,4,2,4,,19,,1,21,121.5032067,25.13762578
113,3,1,13,21,2,09北投區,北投區中和街與中和街20巷口,0,0,1,2,C03,6,6,5,50,4,1,1,4,4,5,13,4,4,5,4,5,2,12,1,27,2,9,5,1,7,9,1,10,2,11,,44,,1,21,121.5032067,25.13762578
113,3,1,13,22,2,08士林區,士林區福德路與基河路251巷口,0,0,2,1,C03,6,6,5,30,4,1,1,4,4,5,13,4,4,10,5,5,2,15,1,20,2,8,6,1,7,9,1,10,1,12,,80,,1,21,121.522602,25.09227421
113,3,1,13,22,2,08士林區,士林區福德路與基河路251巷口,0,0,2,2,C03,6,6,5,30,4,1,1,4,4,5,13,4,4,10,5,5,2,15,2,57,2,8,5,1,7,9,1,10,1,11,,13,,1,21,121.522602,25.09227421
113,3,1,13,51,2,03中山區,中山區民權東路2段52號,0,0,1,1,C03,6,7,5,50,14,9,1,4,4,5,13,4,4,1,4,5,2,17,1,28,2,9,5,1,7,9,1,10,1,14,,13,,1,22,121.529892,25.06303596
113,3,1,13,51,2,03中山區,中山區民權東路2段52號,0,0,1,2,C03,6,7,5,50,14,9,1,4,4,5,13,4,4,1,4,5,2,17,1,53,3,10,5,1,7,9,1,10,1,14,,44,,1,22,121.529892,25.06303596
113,3,1,13,51,2,03中山區,中山區民權東路2段52號,0,0,1,3,B03,6,7,5,50,14,9,1,4,4,5,13,4,4,1,4,5,2,17,1,43,3,10,7,1,7,1,1,8,9,17,,19,,1,22,121.529892,25.06303596
113,3,1,13,57,2,06松山區,松山區延壽街356巷4弄與延壽街356巷口,0,0,1,1,B03,6,7,5,30,4,1,1,4,4,5,13,4,4,10,5,5,2,15,1,66,3,10,7,1,7,9,1,8,1,5,,72,,1,22,121.5589776,25.05575253
113,3,1,13,57,2,06松山區,松山區延壽街356巷4弄與延壽街356巷口,0,0,1,2,C03,6,7,5,30,4,1,1,4,4,5,13,4,4,10,5,5,2,15,1,33,2,8,6,1,7,9,1,10,1,14,,14,,1,22,121.5589776,25.05575253
113,3,1,14,0,2,12內湖區,內湖區舊宗路2段與民權東路6段口,0,0,1,1,B02,6,5,5,50,4,2,1,4,4,5,13,1,1,1,3,5,1,17,1,48,3,10,3,4,7,15,1,8,1,1,,44,,1,22,121.5750866,25.06574868
113,3,1,14,0,2,12內湖區,內湖區舊宗路2段與民權東路6段口,0,0,1,2,C03,6,5,5,50,4,2,1,4,4,5,13,1,1,1,3,5,1,17,1,42,2,9,3,4,7,5,1,10,1,14,,103,,1,22,121.5750866,25.06574868
113,3,1,14,1,2,02萬華區,萬華區堤外便道與堤外便道口環南平面停車場出入口,0,0,1,1,B13,6,6,5,40,4,1,1,4,4,5,13,3,1,5,5,5,2,16,1,53,3,10,7,1,7,6,1,8,1,2,,9,,1,26,121.4882773,25.02924898
113,3,1,14,1,2,02萬華區,萬華區堤外便道與堤外便道口環南平面停車場出入口,0,0,1,2,C03,6,6,5,40,4,1,1,4,4,5,13,3,1,5,5,5,2,16,1,26,2,9,6,1,7,9,1,9,1,14,,108,,1,26,121.4882773,25.02924898
113,3,1,14,10,2,12內湖區,內湖區成功路2段與成功路2段426巷口,0,0,1,1,B01,6,6,5,50,3,2,2,4,4,5,13,2,1,1,4,5,2,17,1,59,3,10,7,1,7,5,1,4,2,6,,8,,1,21,121.5898117,25.07179908
113,3,1,14,10,2,12內湖區,內湖區成功路2段與成功路2段426巷口,0,0,1,2,C03,6,6,5,50,3,2,2,4,4,5,13,2,1,1,4,5,2,17,1,29,2,9,6,1,7,9,1,10,2,11,,108,,1,21,121.5898117,25.07179908
113,3,1,14,11,2,12內湖區,內湖區成功路2段與石潭路口,0,0,1,1,B03,6,6,5,50,3,2,1,4,4,5,13,2,1,9,4,5,2,16,1,31,3,10,7,1,7,6,1,8,1,2,,98,,1,21,121.590613,25.06361896
113,3,1,14,11,2,12內湖區,內湖區成功路2段與石潭路口,0,0,1,2,C03,6,6,5,50,3,2,1,4,4,5,13,2,1,9,4,5,2,16,2,24,2,9,6,1,7,9,1,10,1,14,,44,,1,21,121.590613,25.06361896
113,3,1,14,30,2,04大安區,大安區復興南路2段143號,0,0,1,1,B03,6,6,5,50,14,9,1,4,4,5,13,2,1,1,4,5,1,12,2,28,3,10,3,4,7,8,1,8,1,2,,100,,1,21,121.5436162,25.0286654
113,3,1,14,30,2,04大安區,大安區復興南路2段143號,0,0,1,2,C03,6,6,5,50,14,9,1,4,4,5,13,2,1,1,4,5,1,12,2,39,2,9,6,4,7,9,1,10,1,14,,44,,1,21,121.5436162,25.0286654
113,3,1,14,32,2,04大安區,大安區大安路1段與大安路1段101巷口,0,0,1,1,B03,6,5,5,30,4,1,1,4,4,5,13,4,4,8,3,5,1,15,1,37,3,10,7,1,7,9,1,8,1,1,,73,,1,21,121.5461314,25.0402036
113,3,1,14,32,2,04大安區,大安區大安路1段與大安路1段101巷口,0,0,1,2,C03,6,5,5,30,4,1,1,4,4,5,13,4,4,8,3,5,1,15,2,19,2,8,5,1,7,9,1,10,1,14,,44,,1,21,121.5461314,25.0402036
113,3,1,14,32,2,09北投區,北投區文林北路與明德路口,0,0,1,1,C03,6,5,5,50,4,1,1,4,4,5,13,2,1,1,4,4,2,16,1,48,3,10,5,1,7,5,3,18,11,11,,8,,1,21,121.5166685,25.1061882
113,3,1,14,32,2,09北投區,北投區文林北路與明德路口,0,0,1,2,C03,6,5,5,50,4,1,1,4,4,5,13,2,1,1,4,4,2,16,1,19,2,9,5,1,7,9,1,10,2,11,,44,,1,21,121.5166685,25.1061882
113,3,1,14,43,2,09北投區,北投區東華街2段36號,0,0,1,1,A12,6,5,6,50,14,9,1,4,4,5,13,4,4,9,4,5,1,12,1,39,3,10,7,1,7,9,1,7,1,5,,17,,1,21,121.5142437,25.1167975
113,3,1,14,43,2,09北投區,北投區東華街2段36號,0,0,1,2,C03,6,5,6,50,14,9,1,4,4,5,13,4,4,9,4,5,1,12,1,23,2,7,6,1,7,9,1,10,1,14,,44,,1,21,121.5142437,25.1167975
113,3,1,15,4,2,01大同區,大同區鄭州路145號,0,0,1,1,B01,6,6,5,40,14,9,1,4,4,5,13,4,4,1,4,5,2,17,1,35,3,10,3,4,7,15,1,2,1,2,,9,,1,22,121.5094183,25.0504542
113,3,1,15,4,2,01大同區,大同區鄭州路145號,0,0,1,2,C03,6,6,5,40,14,9,1,4,4,5,13,4,4,1,4,5,2,17,2,23,2,8,6,4,7,9,1,10,1,11,,116,,1,22,121.5094183,25.0504542
113,3,1,15,5,2,04大安區,大安區信義路2段198巷與永康街17巷口,0,0,1,1,C03,6,6,5,30,4,1,1,4,4,5,13,4,4,10,5,5,2,17,1,35,3,10,5,1,7,6,1,10,1,17,,80,,1,21,121.5307121,25.0324091
113,3,1,15,5,2,04大安區,大安區信義路2段198巷與永康街17巷口,0,0,1,2,C03,6,6,5,30,4,1,1,4,4,5,13,4,4,10,5,5,2,17,1,24,2,9,5,1,7,12,1,10,1,14,,42,,1,21,121.5307121,25.0324091
113,3,1,15,30,2,06松山區,松山區民生東路3段與民生東路3段130巷口,0,0,1,1,C03,6,6,5,50,4,2,1,4,4,5,13,1,1,1,3,5,2,13,2,36,2,9,6,1,7,9,1,10,1,11,,16,,1,21,121.546612,25.0576085
113,3,1,15,30,2,06松山區,松山區民生東路3段與民生東路3段130巷口,0,0,1,2,C03,6,6,5,50,4,2,1,4,4,5,13,1,1,1,3,5,2,13,1,18,3,10,6,1,7,9,1,10,1,13,,44,,1,21,121.546612,25.0576085
113,3,1,16,15,2,10文山區,文山區木柵路4段105號,0,0,1,1,C03,6,5,5,50,14,9,1,4,4,5,13,2,1,10,4,5,1,13,1,22,2,7,5,1,7,9,1,10,1,11,,16,,1,25,121.5735963,24.9973718
113,3,1,16,15,2,10文山區,文山區木柵路4段105號,0,0,1,2,B03,6,5,5,50,14,9,1,4,4,5,13,2,1,10,4,5,1,13,2,55,3,10,7,1,7,9,1,8,1,3,,44,,1,21,121.5735963,24.9973718
113,3,1,16,38,2,05中正區,中正區南海路與牯嶺街口,0,0,1,1,B01,6,5,5,30,4,2,4,4,4,5,13,1,1,1,4,5,2,17,1,53,3,10,7,1,7,5,1,4,1,8,,71,,1,22,121.5150542,25.0320208
113,3,1,16,38,2,05中正區,中正區南海路與牯嶺街口,0,0,1,2,C03,6,5,5,30,4,2,4,4,4,5,13,1,1,1,4,5,2,17,1,25,2,8,5,1,7,9,1,9,1,12,,108,,1,22,121.5150542,25.0320208
113,3,1,17,2,2,07信義區,信義區松德路106號,0,0,1,1,B03,6,6,5,40,14,8,1,4,4,5,13,4,4,1,4,4,1,17,1,45,3,10,3,4,7,13,1,8,1,4,,40,,1,22,121.5751167,25.0377284
113,3,1,17,2,2,07信義區,信義區松德路106號,0,0,1,2,C03,6,6,5,40,14,8,1,4,4,5,13,4,4,1,4,4,1,17,1,71,2,9,3,4,7,9,1,10,1,12,,44,,1,22,121.5751167,25.0377284