發生年度,發生月,發生日,發生時-Hours,發生分,處理別-編號,區序,肇事地點,死亡人數,2-30日死亡人數,受傷人數,當事人序號,車種,天候,道路照明設備,道路類別,速限-速度限制,道路型態,事故位置,路面狀況1,路面狀況2,路面狀況3,道路障礙1,道路障礙2,號誌1,號誌2,車道劃分-分向,車道劃分-分道1,車道劃分-分道2,車道劃分-分道3,事故類型及型態,性別,年齡,受傷程度,主要傷處,保護裝置,行動電話,車輛用途,當事者行動狀態,駕駛資格情形,駕駛執照種類,飲酒情形,車輛撞擊部位1,車輛撞擊部位2,肇因碼-個別,肇因碼-主要,個人肇逃否,職業,座標-X,座標-Y
113,3,1,17,32,2,06松山區,松山區敦化北路135號,0,0,1,1,B03,6,5,5,40,14,9,1,4,4,5,13,4,4,1,5,4,2,12,1,30,3,10,3,4,7,1,1,8,2,4,,19,,1,22,121.5492457,25.05280708
113,3,1,17,32,2,06松山區,松山區敦化北路135號,0,0,1,2,C03,6,5,5,40,14,9,1,4,4,5,13,4,4,1,5,4,2,12,1,81,2,9,6,4,7,9,1,10,2,12,,16,,1,22,121.5492457,25.05280708
113,3,1,17,33,2,04大安區,大安區和平東路3段228巷與樂業街口,0,0,1,1,B01,6,5,5,50,4,2,1,4,4,5,13,2,1,10,5,5,2,17,1,50,3,10,3,4,7,6,1,4,2,17,,9,,1,22,121.5527335,25.0204578
113,3,1,17,33,2,04大安區,大安區和平東路3段228巷與樂業街口,0,0,1,2,C03,6,5,5,50,4,2,1,4,4,5,13,2,1,10,5,5,2,17,1,58,2,9,3,4,7,9,1,10,2,14,,44,,1,22,121.5527335,25.0204578
113,3,1,17,45,2,12內湖區,內湖區民權東路6段280巷18-4號,0,0,1,1,B03,6,5,6,50,22,9,1,4,4,4,12,4,4,10,5,5,1,17,2,43,3,10,7,1,7,5,1,8,1,4,,8,,1,21,121.6061202,25.07136379
113,3,1,17,45,2,12內湖區,內湖區民權東路6段280巷18-4號,0,0,1,2,C03,6,5,6,50,22,9,1,4,4,4,12,4,4,10,5,5,1,17,2,34,2,9,5,1,7,4,1,10,1,12,,5,,1,21,121.6061202,25.07136379
113,3,1,17,52,2,12內湖區,內湖區金湖路47巷與金湖路口,0,0,1,1,B03,6,5,5,50,4,2,1,4,4,5,13,2,1,3,4,5,2,12,1,57,3,10,7,1,7,1,1,8,1,4,,19,,1,21,121.5967156,25.08222871
113,3,1,17,52,2,12內湖區,內湖區金湖路47巷與金湖路口,0,0,1,2,C02,6,5,5,50,4,2,1,4,4,5,13,2,1,3,4,5,2,12,1,21,2,8,5,1,7,9,1,9,1,12,,108,,1,21,121.5967156,25.08222871
113,3,1,17,53,2,01大同區,大同區南京西路與南京西路262巷口,0,0,1,1,C03,6,5,5,50,3,19,1,4,4,5,13,3,1,1,4,4,2,3,1,27,3,10,6,4,7,9,1,10,2,12,,14,,1,22,121.5151162,25.053823
113,3,1,17,53,2,01大同區,大同區南京西路與南京西路262巷口,0,0,1,2,H01,6,5,5,50,3,19,1,4,4,5,13,3,1,1,4,4,2,3,1,77,2,8,4,5,8,16,8,20,10,16,,121,,1,22,121.5151162,25.053823
113,3,1,18,14,2,06松山區,松山區健康路156號,0,0,1,1,B03,6,5,5,50,14,7,1,4,4,5,13,4,4,8,3,4,1,16,1,27,3,10,3,1,7,7,1,8,1,7,,100,,1,22,121.5573323,25.0537044
113,3,1,18,14,2,06松山區,松山區健康路156號,0,0,1,2,C03,6,5,5,50,14,7,1,4,4,5,13,4,4,8,3,4,1,16,2,56,2,9,3,1,7,9,1,10,1,12,,97,,1,22,121.5573323,25.0537044
113,3,1,18,20,2,11南港區,南港區研究院路2段12巷與研究院路2段12巷14弄口,0,0,1,1,H01,6,5,5,30,14,9,1,4,4,5,13,4,4,5,2,5,2,3,2,71,2,9,4,5,8,16,8,20,10,16,,121,,1,22,121.6154409,25.0476864
113,3,1,18,20,2,11南港區,南港區研究院路2段12巷與研究院路2段12巷14弄口,0,0,1,2,C03,6,5,5,30,14,9,1,4,4,5,13,4,4,5,2,5,2,3,1,68,3,10,6,1,7,9,1,10,1,11,,107,,1,22,121.6154409,25.0476864
113,3,1,18,34,2,06松山區,松山區民生東路4段97巷4弄25號,0,0,1,1,C03,6,5,5,30,14,9,1,4,4,5,13,4,4,10,5,5,2,2,1,31,3,10,6,1,7,9,1,10,1,11,,108,,1,22,121.5536085,25.0589905
113,3,1,18,34,2,06松山區,松山區民生東路4段97巷4弄25號,0,0,1,2,H01,6,5,5,30,14,9,1,4,4,5,13,4,4,10,5,5,2,2,1,31,2,8,4,5,8,16,8,20,10,16,,121,,1,22,121.5536085,25.0589905
113,3,1,18,35,2,11南港區,南港區經貿二路235巷60弄與經貿二路235巷口,0,0,1,1,B03,6,5,5,50,3,1,1,4,4,5,13,4,4,5,5,5,2,3,2,50,3,10,3,4,7,6,1,8,1,1,,4,,1,22,121.6156591,25.062421
113,3,1,18,35,2,11南港區,南港區經貿二路235巷60弄與經貿二路235巷口,0,0,1,2,H01,6,5,5,50,3,1,1,4,4,5,13,4,4,5,5,5,2,3,1,38,2,7,4,5,8,16,8,20,1,16,,67,,1,22,121.6156591,25.062421
113,3,1,18,38,2,03中山區,中山區錦州街21-2號,0,0,1,1,B03,6,5,5,50,14,9,1,4,4,5,13,4,4,5,5,5,2,17,1,33,3,10,3,4,7,13,1,8,2,4,,40,,1,21,121.5250972,25.0603665
113,3,1,18,38,2,03中山區,中山區錦州街21-2號,0,0,1,2,C03,6,5,5,50,14,9,1,4,4,5,13,4,4,5,5,5,2,17,1,46,2,9,5,1,7,9,1,10,2,11,,44,,1,21,121.5250972,25.0603665
113,3,1,18,55,2,07信義區,信義區忠孝東路5段22巷(松高11號旁),0,0,1,1,B01,6,5,5,50,14,18,1,4,4,5,13,4,4,9,4,5,2,3,1,66,3,10,3,4,7,9,1,4,2,8,,70,,1,21,121.5661006,25.0400485
113,3,1,18,55,2,07信義區,信義區忠孝東路5段22巷(松高11號旁),0,0,1,2,H01,6,5,5,50,14,18,1,4,4,5,13,4,4,9,4,5,2,3,1,44,2,7,4,5,8,16,8,20,10,16,,67,,1,22,121.5661006,25.0400485
113,3,1,19,0,2,06松山區,松山區復興北路與八德路2段口,0,0,1,1,C03,6,5,5,50,4,1,1,4,4,5,13,2,1,1,4,5,2,12,1,32,2,8,6,1,7,7,1,10,1,13,,100,,1,22,121.544007,25.04758963
113,3,1,19,0,2,06松山區,松山區復興北路與八德路2段口,0,0,1,2,B03,6,5,5,50,4,1,1,4,4,5,13,2,1,1,4,5,2,12,1,35,3,10,7,1,7,9,1,8,1,5,,44,,1,22,121.544007,25.04758963
113,3,1,19,9,2,06松山區,松山區南京東路4段75巷14弄與南京東路4段133巷4弄口,0,0,1,1,B02,7,5,5,30,4,1,1,4,4,5,13,4,4,10,5,5,2,17,2,40,3,10,7,4,7,9,1,8,2,4,,72,,1,22,121.5537001,25.05224643
113,3,1,19,9,2,06松山區,松山區南京東路4段75巷14弄與南京東路4段133巷4弄口,0,0,1,2,C03,7,5,5,30,4,1,1,4,4,5,13,4,4,10,5,5,2,17,2,46,2,8,6,4,7,9,1,10,2,11,,44,,1,22,121.5537001,25.05224643
113,3,1,19,13,2,07信義區,信義區松仁路與忠孝東路5段口口,0,0,2,1,B01,6,5,5,50,14,9,1,4,4,5,13,2,1,1,4,5,2,13,2,46,3,10,7,1,7,9,1,4,2,1,,16,,1,22,121.5685893,25.0407374
113,3,1,19,13,2,07信義區,信義區松仁路與忠孝東路5段口口,0,0,2,2,B03,6,5,5,50,14,9,1,4,4,5,13,2,1,1,4,5,2,13,1,32,3,10,7,1,7,13,1,8,2,3,,44,,1,22,121.5685893,25.0407374
113,3,1,19,13,2,07信義區,信義區松仁路與忠孝東路5段口口,0,0,2,3,H02,6,5,5,50,14,9,1,4,4,5,13,2,1,1,4,5,2,13,2,37,2,9,2,5,7,20,8,20,10,16,,58,,1,22,121.5685893,25.0407374
113,3,1,19,13,2,07信義區,信義區松仁路與忠孝東路5段口口,0,0,2,4,H02,6,5,5,50,14,9,1,4,4,5,13,2,1,1,4,5,2,13,1,47,2,9,2,5,7,20,8,20,10,16,,58,,1,22,121.5685893,25.0407374
113,3,1,19,25,2,06松山區,松山區八德路3段與北寧路口,0,0,1,2,C03,6,5,5,50,4,1,1,4,4,5,13,2,1,9,4,5,2,12,2,35,2,9,5,1,7,10,1,10,1,12,,100,,1,22,121.5525201,25.04821541
113,3,1,19,25,2,06松山區,松山區八德路3段與北寧路口,0,0,1,1,B02,6,5,5,50,4,1,1,4,4,5,13,2,1,9,4,5,2,12,1,55,3,10,7,1,7,4,1,4,1,4,,108,,1,22,121.5525201,25.04821541
113,3,1,19,28,2,05中正區,中正區愛國西路與延平南路口,0,0,2,1,C03,8,5,5,50,4,18,1,5,4,5,13,2,1,1,4,3,2,9,1,56,3,10,5,4,7,9,1,10,2,11,,44,,1,21,121.5079449,25.0365203
113,3,1,19,28,2,05中正區,中正區愛國西路與延平南路口,0,0,2,2,H01,8,5,5,50,4,18,1,5,4,5,13,2,1,1,4,3,2,9,2,67,2,9,4,5,8,17,8,20,10,16,,67,,1,21,121.5079449,25.0365203
113,3,1,19,28,2,05中正區,中正區愛國西路與延平南路口,0,0,2,3,H01,8,5,5,50,4,18,1,5,4,5,13,2,1,1,4,3,2,9,2,33,2,6,4,5,8,17,8,20,10,16,,67,,1,21,121.5079449,25.0365203
113,3,1,19,55,2,07信義區,信義區信義路5段150巷290號,0,0,2,1,C03,6,5,8,30,22,22,1,4,4,5,13,4,4,10,5,5,1,3,1,36,2,7,3,4,7,9,1,10,1,11,,14,,1,21,121.5690252,25.0274483
113,3,1,19,55,2,07信義區,信義區信義路5段150巷290號,0,0,2,2,H01,6,5,8,30,22,22,1,4,4,5,13,4,4,10,5,5,1,3,1,58,2,8,4,5,8,16,8,20,10,16,,60,,1,21,121.5690252,25.0274483
113,3,1,20,16,2,12內湖區,內湖區新湖二路與新湖二路259巷口,0,0,1,1,B03,6,5,5,50,4,1,1,4,4,5,13,4,4,9,4,5,2,15,2,30,3,10,3,1,7,9,1,4,2,2,,72,,1,21,121.5818132,25.06401503
113,3,1,20,16,2,12內湖區,內湖區新湖二路與新湖二路259巷口,0,0,1,2,C03,6,5,5,50,4,1,1,4,4,5,13,4,4,9,4,5,2,15,1,46,2,9,6,1,7,9,1,10,2,11,,14,,1,21,121.5818132,25.06401503
113,3,1,20,28,2,11南港區,南港區忠孝東路6段與忠孝東路6段188巷口口,0,0,1,1,B03,6,5,5,50,4,1,1,4,4,5,13,1,1,1,4,5,2,15,1,27,3,10,3,4,7,11,1,8,2,5,,10,,1,21,121.5867891,25.0487154
113,3,1,20,28,2,11南港區,南港區忠孝東路6段與忠孝東路6段188巷口口,0,0,1,2,C03,6,5,5,50,4,1,1,4,4,5,13,1,1,1,4,5,2,15,2,27,2,8,5,4,7,9,1,10,2,11,,44,,1,21,121.5867891,25.0487154
113,3,1,20,32,2,08士林區,士林區承德路4段40巷109號,0,0,2,1,C03,6,5,5,50,14,9,1,4,4,5,13,4,4,8,5,5,1,3,1,51,2,8,5,1,7,9,1,10,2,11,,108,,1,21,121.5206164,25.0815991
113,3,1,20,32,2,08士林區,士林區承德路4段40巷109號,0,0,2,2,H01,6,5,5,50,14,9,1,4,4,5,13,4,4,8,5,5,1,3,2,60,2,8,4,5,8,16,8,20,10,16,,121,,1,21,121.5206164,25.0815991
113,3,1,20,59,2,07信義區,信義區松信路與松隆路口,0,0,2,1,C03,6,5,8,50,4,1,1,4,4,5,13,2,1,1,4,5,1,13,1,34,2,7,3,4,7,9,1,10,1,11,,108,,1,21,121.572112,25.0470181
113,3,1,20,59,2,07信義區,信義區松信路與松隆路口,0,0,2,2,C03,6,5,8,50,4,1,1,4,4,5,13,2,1,1,4,5,1,13,2,63,2,7,3,4,7,14,1,10,1,13,,44,,1,21,121.572112,25.0470181
113,3,1,21,12,2,04大安區,大安區仁愛路4段71巷21號,0,0,1,1,C04,6,5,5,30,14,9,1,4,4,5,13,4,4,8,5,5,2,29,1,27,2,9,3,4,7,9,1,11,1,12,,42,,1,21,121.5471372,25.0392871
113,3,1,21,12,2,04大安區,大安區仁愛路4段71巷21號,0,0,1,2,H01,6,5,5,30,14,9,1,4,4,5,13,4,4,8,5,5,2,29,3,78,,,,,,,,,10,,,67,,1,,121.5471372,25.0392871
113,3,1,21,34,2,08士林區,士林區格致路與凱旋路口,0,0,1,1,B03,6,5,5,40,3,2,1,4,4,5,13,4,4,8,5,5,1,17,2,40,3,10,7,1,7,1,1,8,1,5,,80,,1,21,121.5465358,25.1371039
113,3,1,21,34,2,08士林區,士林區格致路與凱旋路口,0,0,1,2,C03,6,5,5,40,3,2,1,4,4,5,13,4,4,8,5,5,1,17,1,21,2,9,5,1,7,9,1,10,1,11,,44,,1,21,121.5465358,25.1371039
113,3,1,21,34,2,08士林區,士林區格致路與凱旋路口,0,0,1,3,A11,6,5,5,40,3,2,1,4,4,5,13,4,4,8,5,5,1,17,1,57,3,10,7,1,7,14,1,8,11,17,,38,,1,21,121.5465358,25.1371039
113,3,1,21,51,2,03中山區,中山區植福路與內湖路1段32巷口,0,0,2,2,H01,6,5,5,50,3,2,1,4,4,5,13,4,4,5,5,5,2,3,2,64,2,9,4,5,8,16,8,20,10,16,,67,,1,21,121.5593272,25.0838276
113,3,1,21,51,2,03中山區,中山區植福路與內湖路1段32巷口,0,0,2,1,C03,6,5,5,50,3,2,1,4,4,5,13,4,4,5,5,5,2,3,2,38,2,9,5,1,7,9,1,10,1,14,,14,,1,21,121.5593272,25.0838276
113,3,1,22,30,2,10文山區,文山區忠順街2段69號,0,0,1,1,C03,6,5,5,50,14,9,1,4,4,5,13,4,4,9,5,5,2,17,1,62,2,1,3,4,7,9,1,10,8,11,,21,,1,21,121.5649821,24.9851078
113,3,1,22,30,2,10文山區,文山區忠順街2段69號,0,0,1,2,C03,6,5,5,50,14,9,1,4,4,5,13,4,4,9,5,5,2,17,1,52,3,10,3,4,7,13,1,10,9,13,,44,,1,21,121.5649821,24.9851078
113,3,1,22,30,2,10文山區,文山區忠順街2段69號,0,0,1,3,C03,6,5,5,50,14,9,1,4,4,5,13,4,4,9,5,5,2,17,1,67,3,10,3,4,7,13,6,10,9,13,,44,,1,21,121.5649821,24.9851078
113,3,1,22,30,2,10文山區,文山區忠順街2段69號,0,0,1,4,C03,6,5,5,50,14,9,1,4,4,5,13,4,4,9,5,5,2,17,2,41,3,10,3,4,7,13,1,10,9,12,,44,,1,21,121.5649821,24.9851078
113,3,1,22,30,2,10文山區,文山區忠順街2段69號,0,0,1,5,C03,6,5,5,50,14,9,1,4,4,5,13,4,4,9,5,5,2,17,1,56,3,10,3,4,7,13,1,10,9,12,,44,,1,21,121.5649821,24.9851078
113,3,1,22,30,2,10文山區,文山區忠順街2段69號,0,0,1,6,F01,6,5,5,50,14,9,1,4,4,5,13,4,4,9,5,5,2,17,1,112,3,10,3,4,7,13,8,20,9,12,,44,,1,21,121.5649821,24.9851078
113,3,1,22,30,2,10文山區,文山區忠順街2段69號,0,0,1,7,C03,6,5,5,50,14,9,1,4,4,5,13,4,4,9,5,5,2,17,2,45,3,10,3,4,7,13,1,10,9,12,,44,,1,21,121.5649821,24.9851078
113,3,1,22,30,2,10文山區,文山區忠順街2段69號,0,0,1,8,C03,6,5,5,50,14,9,1,4,4,5,13,4,4,9,5,5,2,17,2,45,3,10,3,4,7,13,1,10,9,12,,44,,1,21,121.5649821,24.9851078
113,3,1,22,46,2,03中山區,中山區敬業四路與植福路286巷口,0,0,2,1,C03,6,5,5,50,14,9,1,4,4,5,13,4,4,9,4,5,2,1,1,26,2,9,6,1,7,9,1,10,2,11,,107,,1,21,121.5588673,25.0816123
113,3,1,22,46,2,03中山區,中山區敬業四路與植福路286巷口,0,0,2,2,H01,6,5,5,50,14,9,1,4,4,5,13,4,4,9,4,5,2,1,2,37,2,9,4,5,8,16,8,20,10,16,,121,,1,21,121.5588673,25.0816123
113,3,1,23,3,2,03中山區,中山區市民大道2段與長安東路1段52巷口,0,0,1,1,B03,6,5,5,50,3,1,1,4,4,5,13,3,1,3,4,5,2,17,1,43,3,10,7,1,7,6,1,8,2,7,,80,,1,21,121.527699,25.0470653
113,3,1,23,3,2,03中山區,中山區市民大道2段與長安東路1段52巷口,0,0,1,2,C03,6,5,5,50,3,1,1,4,4,5,13,3,1,3,4,5,2,17,1,29,2,9,6,1,7,9,1,10,2,12,,13,,1,21,121.527699,25.0470653
113,3,2,0,27,2,04大安區,大安區通化街與通化街120巷口,0,0,1,1,B03,7,5,5,30,4,1,1,4,4,5,13,4,4,8,1,5,1,15,1,23,3,10,7,1,7,9,1,8,1,1,,72,,1,21,121.5539435,25.0293083
113,3,2,0,27,2,04大安區,大安區通化街與通化街120巷口,0,0,1,2,C03,7,5,5,30,4,1,1,4,4,5,13,4,4,8,1,5,1,15,1,27,2,8,5,1,7,9,1,10,1,12,,14,,1,21,121.5539435,25.0293083
113,3,2,0,42,2,02萬華區,萬華區桂林路與桂林路29巷口,0,0,1,1,B03,6,5,5,30,3,2,1,4,4,5,13,4,4,8,3,5,2,16,1,31,3,10,7,1,7,6,3,18,1,8,,72,,1,21,121.5047129,25.0378901
113,3,2,0,42,2,02萬華區,萬華區桂林路與桂林路29巷口,0,0,1,2,C03,6,5,5,30,3,2,1,4,4,5,13,4,4,8,3,5,2,16,1,23,2,8,5,1,7,9,1,10,1,12,,44,,1,21,121.5047129,25.0378901
113,3,2,1,24,2,12內湖區,內湖區環山路2段與環山路2段53巷口,0,0,2,1,B03,6,5,5,50,4,1,1,4,4,5,13,1,1,5,4,5,2,13,1,21,3,10,7,1,7,9,1,8,2,1,,108,,1,21,121.5737676,25.0853432
113,3,2,1,24,2,12內湖區,內湖區環山路2段與環山路2段53巷口,0,0,2,2,C03,6,5,5,50,4,1,1,4,4,5,13,1,1,5,4,5,2,13,1,28,2,9,6,1,7,14,1,9,2,13,,44,,1,21,121.5737676,25.0853432
113,3,2,1,24,2,12內湖區,內湖區環山路2段與環山路2段53巷口,0,0,2,3,H02,6,5,5,50,4,1,1,4,4,5,13,1,1,5,4,5,2,13,2,25,2,9,6,5,7,20,8,20,10,16,,67,,1,21,121.5737676,25.0853432
113,3,2,5,25,2,08士林區,士林區德行西路與福華路口,0,0,1,1,B01,6,5,5,50,4,1,1,4,4,5,13,1,1,10,5,5,1,17,1,68,3,10,7,4,7,1,1,4,9,17,,19,,2,21,121.5219631,25.1046416
113,3,2,5,25,2,08士林區,士林區德行西路與福華路口,0,0,1,2,C03,6,5,5,50,4,1,1,4,4,5,13,1,1,10,5,5,1,17,1,55,2,7,5,1,7,9,1,10,1,12,,44,,1,21,121.5219631,25.1046416
113,3,2,6,15,2,04大安區,大安區敦化南路1段211號,0,0,1,1,C03,6,5,5,50,14,9,1,4,4,5,13,4,4,1,4,1,2,13,2,59,2,9,5,1,7,9,1,10,1,11,,108,,1,21,121.5492347,25.0418286
113,3,2,6,15,2,04大安區,大安區敦化南路1段211號,0,0,1,2,B01,6,5,5,50,14,9,1,4,4,5,13,4,4,1,4,1,2,13,1,57,3,10,7,1,7,14,1,4,1,3,,38,,1,21,121.5492347,25.0418286
113,3,2,6,30,2,08士林區,士林區延平北路5段132號,0,0,1,1,B03,6,6,5,50,14,9,1,4,4,5,13,1,1,1,4,5,2,13,1,68,3,10,7,1,7,9,1,8,1,1,,108,,1,21,121.5103971,25.0819637
113,3,2,6,30,2,08士林區,士林區延平北路5段132號,0,0,1,2,C03,6,6,5,50,14,9,1,4,4,5,13,1,1,1,4,5,2,13,2,50,2,9,6,1,7,14,1,10,1,11,,44,,1,21,121.5103971,25.0819637
113,3,2,7,36,2,02萬華區,萬華區西園路2段11巷與西園路2段13巷口,0,0,1,1,C03,7,6,5,30,4,2,1,4,4,5,8,4,4,10,5,5,1,17,1,67,3,10,3,4,7,5,1,10,1,17,,101,,1,21,121.4981923,25.0322351
113,3,2,7,36,2,02萬華區,萬華區西園路2段11巷與西園路2段13巷口,0,0,1,2,C03,7,6,5,30,4,2,1,4,4,5,8,4,4,10,5,5,1,17,1,19,2,7,3,4,7,9,1,10,1,11,,14,,1,21,121.4981923,25.0322351
113,3,2,7,36,2,02萬華區,萬華區西園路2段11巷與西園路2段13巷口,0,0,1,3,B03,7,6,5,30,4,2,1,4,4,5,8,4,4,10,5,5,1,17,1,46,3,10,3,4,7,13,1,8,1,3,,44,,1,21,121.4981923,25.0322351
113,3,2,7,55,2,02萬華區,萬華區堤外便道近華翠橋,0,0,1,1,B03,6,5,5,40,14,9,1,4,4,5,13,4,4,9,4,5,2,17,1,36,3,10,7,4,7,11,1,8,1,4,,10,,1,22,121.488952,25.02734667
113,3,2,7,55,2,02萬華區,萬華區堤外便道近華翠橋,0,0,1,2,C03,6,5,5,40,14,9,1,4,4,5,13,4,4,9,4,5,2,17,1,23,2,8,6,4,7,9,1,10,1,12,,44,,1,21,121.488952,25.02734667
113,3,2,8,9,2,05中正區,中正區金山北路與新生高架道口下方迴轉道,0,0,1,1,B02,6,6,5,30,3,1,1,4,4,5,13,4,4,1,5,5,2,16,1,53,3,10,7,1,7,5,1,8,1,4,,8,,1,22,121.5304048,25.04547743
113,3,2,8,9,2,05中正區,中正區金山北路與新生高架道口下方迴轉道,0,0,1,2,C03,6,6,5,30,3,1,1,4,4,5,13,4,4,1,5,5,2,16,1,27,2,7,5,1,7,9,1,10,1,12,,13,,1,22,121.5304048,25.04547743
113,3,2,8,25,2,03中山區,中山區民族東路與雙城街口,0,0,1,1,C03,6,7,5,40,3,1,1,4,4,5,13,2,1,1,4,4,2,12,1,24,3,10,6,4,7,8,1,10,1,14,,108,,1,21,121.5246302,25.06835915
113,3,2,8,25,2,03中山區,中山區民族東路與雙城街口,0,0,1,2,B03,6,7,5,40,3,1,1,4,4,5,13,2,1,1,4,4,2,12,1,34,2,9,3,4,7,8,1,8,1,6,,100,,1,21,121.5246302,25.06835915
113,3,2,8,25,2,03中山區,中山區民族東路與雙城街口,0,0,1,3,C03,6,7,5,40,3,1,1,4,4,5,13,2,1,1,4,4,2,12,3,0,,,,,,,,,,,,67,,1,,121.5246302,25.06835915
113,3,2,8,59,2,04大安區,大安區金山南路2段與金華街口,0,0,1,1,B01,6,6,5,50,4,1,1,4,4,5,13,1,1,10,5,5,2,16,1,50,3,10,7,1,7,5,1,4,1,2,,71,,1,21,121.5266578,25.0301727
113,3,2,8,59,2,04大安區,大安區金山南路2段與金華街口,0,0,1,2,C03,6,6,5,50,4,1,1,4,4,5,13,1,1,10,5,5,2,16,2,36,2,8,5,1,7,9,1,10,1,11,,44,,1,21,121.5266578,25.0301727
113,3,2,9,11,2,12內湖區,內湖區內湖路1段285巷69弄與內湖路1段285巷口,0,0,1,1,C03,6,7,5,30,3,1,1,4,4,5,13,4,4,10,4,5,2,16,1,21,3,10,6,1,7,5,1,10,2,11,,74,,1,21,121.566958,25.08500907
113,3,2,9,11,2,12內湖區,內湖區內湖路1段285巷69弄與內湖路1段285巷口,0,0,1,2,C03,6,7,5,30,3,1,1,4,4,5,13,4,4,10,4,5,2,16,1,29,2,9,6,1,7,9,1,10,2,11,,14,,1,21,121.566958,25.08500907
113,3,2,9,21,2,05中正區,中正區中華路2段57號前,0,0,2,1,B03,6,7,5,50,14,9,1,4,4,5,13,4,4,1,2,5,2,17,1,65,3,10,7,1,7,7,1,8,1,8,,99,,1,22,121.5061293,25.0349312
113,3,2,9,21,2,05中正區,中正區中華路2段57號前,0,0,2,2,C03,6,7,5,50,14,9,1,4,4,5,13,4,4,1,2,5,2,17,1,20,2,9,6,1,7,9,1,10,1,12,,44,,1,22,121.5061293,25.0349312
113,3,2,9,21,2,05中正區,中正區中華路2段57號前,0,0,2,3,C03,6,7,5,50,14,9,1,4,4,5,13,4,4,1,2,5,2,17,1,50,3,10,6,1,7,9,1,10,1,13,,44,,1,22,121.5061293,25.0349312
113,3,2,9,21,2,05中正區,中正區中華路2段57號前,0,0,2,4,C03,6,7,5,50,14,9,1,4,4,5,13,4,4,1,2,5,2,17,1,25,2,9,6,1,7,9,1,10,1,11,,16,,1,22,121.5061293,25.0349312
113,3,2,9,35,2,08士林區,士林區忠誠路1段與德行東路104巷口,0,0,1,1,B03,6,6,5,50,4,1,1,4,4,5,13,1,1,1,4,4,1,16,2,64,3,10,3,4,7,5,1,8,1,2,,80,,1,22,121.5289254,25.10571934
113,3,2,9,35,2,08士林區,士林區忠誠路1段與德行東路104巷口,0,0,1,2,C03,6,6,5,50,4,1,1,4,4,5,13,1,1,1,4,4,1,16,1,24,2,9,3,4,7,9,1,10,1,11,,44,,1,21,121.5289254,25.10571934
113,3,2,9,47,2,09北投區,北投區西安街2段與立農街1段１８７巷口,0,0,2,1,C03,7,6,5,50,4,2,1,5,4,5,13,1,1,1,4,1,1,16,2,65,2,9,5,1,7,10,1,10,1,12,,100,,1,21,121.504892,25.120854
113,3,2,9,47,2,09北投區,北投區西安街2段與立農街1段１８７巷口,0,0,2,2,C03,7,6,5,50,4,2,1,5,4,5,13,1,1,1,4,1,1,16,1,58,2,9,5,1,7,9,1,10,1,12,,44,,1,21,121.504892,25.120854
113,3,2,10,1,2,09北投區,北投區大度路3段與大度路3段270巷口,0,0,1,1,B01,6,6,5,50,4,1,1,4,4,5,13,1,1,5,4,5,1,17,1,34,3,10,7,1,7,6,1,3,2,8,,4,,1,21,121.4669006,25.1233164
113,3,2,10,1,2,09北投區,北投區大度路3段與大度路3段270巷口,0,0,1,2,C03,6,6,5,50,4,1,1,4,4,5,13,1,1,5,4,5,1,17,2,40,2,8,5,1,7,14,1,10,2,12,,44,,1,21,121.4669006,25.1233164
113,3,2,10,20,2,03中山區,中山區民族東路與新生北路3段口,0,0,1,1,B03,6,7,5,50,4,1,1,4,4,5,13,2,1,5,2,5,2,17,1,43,3,10,7,1,7,6,1,8,1,2,,16,,1,21,121.5275794,25.0683036
113,3,2,10,20,2,03中山區,中山區民族東路與新生北路3段口,0,0,1,2,C03,6,7,5,50,4,1,1,4,4,5,13,2,1,5,2,5,2,17,2,76,2,9,5,1,7,9,1,10,1,14,,16,,1,21,121.5275794,25.0683036
113,3,2,10,37,2,02萬華區,萬華區寶興街191號,0,0,1,1,B12,6,5,8,50,22,22,1,4,4,5,13,4,4,10,5,5,2,14,1,62,3,10,3,4,7,2,1,8,1,3,,12,,1,21,121.4957235,25.02282129
113,3,2,10,37,2,02萬華區,萬華區寶興街191號,0,0,1,2,F01,6,5,8,50,22,22,1,4,4,5,13,4,4,10,5,5,2,14,2,75,2,7,3,4,7,11,8,20,1,11,,42,,1,21,121.4957235,25.02282129
113,3,2,10,45,2,10文山區,文山區興隆路3段54號旁,0,0,1,1,B01,6,6,5,30,14,9,1,4,4,5,13,2,1,10,5,5,2,2,1,60,3,10,7,1,7,9,1,4,1,2,,108,,1,21,121.5558871,25.000043
113,3,2,10,45,2,10文山區,文山區興隆路3段54號旁,0,0,1,2,H01,6,6,5,30,14,9,1,4,4,5,13,2,1,10,5,5,2,2,2,82,2,8,4,5,8,16,8,20,10,16,,67,,1,21,121.5558871,25.000043
113,3,2,11,58,2,08士林區,士林區中正路與中正路399巷口,0,0,1,1,C03,6,5,5,50,3,1,1,4,4,5,13,4,4,1,4,1,2,13,1,18,2,7,3,4,7,4,1,10,1,12,,108,,1,22,121.5212101,25.0941025
113,3,2,11,58,2,08士林區,士林區中正路與中正路399巷口,0,0,1,2,B03,6,5,5,50,3,1,1,4,4,5,13,4,4,1,4,1,2,13,1,43,3,10,3,4,7,1,1,8,1,3,,19,,1,22,121.5212101,25.0941025
113,3,2,12,25,2,09北投區,北投區復興二路與開明街口口,0,0,1,1,C03,7,6,5,30,4,1,1,4,4,5,13,4,4,10,5,5,2,15,1,66,2,8,6,1,7,9,1,10,1,12,14,72,,1,21,121.5021566,25.1414032