發生年度,發生月,發生日,發生時-Hours,發生分,處理別-編號,區序,肇事地點,死亡人數,2-30日死亡人數,受傷人數,當事人序號,車種,天候,道路照明設備,道路類別,速限-速度限制,道路型態,事故位置,路面狀況1,路面狀況2,路面狀況3,道路障礙1,道路障礙2,號誌1,號誌2,車道劃分-分向,車道劃分-分道1,車道劃分-分道2,車道劃分-分道3,事故類型及型態,性別,年齡,受傷程度,主要傷處,保護裝置,行動電話,車輛用途,當事者行動狀態,駕駛資格情形,駕駛執照種類,飲酒情形,車輛撞擊部位1,車輛撞擊部位2,肇因碼-個別,肇因碼-主要,個人肇逃否,職業,座標-X,座標-Y
113,3,4,15,39,2,08士林區,士林區承德路5段與士商路口,0,0,1,2,C03,8,5,5,40,4,1,1,5,4,5,13,2,1,3,4,4,1,17,2,29,2,7,6,1,7,9,1,10,1,11,,13,,1,21,121.5142316,25.0960476
113,3,4,16,20,2,05中正區,中正區信義路1段與中山南路口21-1號,0,0,1,1,C03,8,7,5,50,14,9,1,5,4,5,13,4,4,1,4,5,2,12,1,37,2,9,5,1,7,10,1,10,2,14,,100,,1,21,121.5207441,25.03707693
113,3,4,16,20,2,05中正區,中正區信義路1段與中山南路口21-1號,0,0,1,2,B03,8,7,5,50,14,9,1,5,4,5,13,4,4,1,4,5,2,12,1,49,3,10,7,1,7,9,1,8,2,2,,44,,1,21,121.5207441,25.03707693
113,3,4,16,20,2,05中正區,中正區信義路1段與中山南路口21-1號,0,0,1,3,A05,8,7,5,50,14,9,1,5,4,5,13,4,4,1,4,5,2,12,1,48,3,10,7,1,7,14,1,1,9,17,,38,,2,21,121.5207441,25.03707693
113,3,4,16,22,2,10文山區,文山區木柵路1段與景美溪橋口,0,0,1,1,C03,8,7,5,50,14,9,1,5,4,5,13,1,1,5,2,5,2,17,1,38,3,10,5,1,7,7,1,10,9,13,,100,,2,21,121.5456601,24.9867653
113,3,4,16,22,2,10文山區,文山區木柵路1段與景美溪橋口,0,0,1,2,C03,8,7,5,50,14,9,1,5,4,5,13,1,1,5,2,5,2,17,2,70,2,9,5,1,7,9,1,10,1,11,,44,,1,21,121.5456601,24.9867653
113,3,4,16,32,2,07信義區,信義區松隆路9巷與松隆路9巷30弄口,0,0,1,1,C03,7,5,5,30,3,1,1,5,4,3,12,4,4,10,5,5,2,17,2,53,2,9,5,1,7,6,1,10,1,11,,14,,1,21,121.5671996,25.0444458
113,3,4,16,32,2,07信義區,信義區松隆路9巷與松隆路9巷30弄口,0,0,1,2,B03,7,5,5,30,3,1,1,5,4,3,12,4,4,10,5,5,2,17,2,60,3,10,7,1,7,9,1,8,1,8,,14,,1,21,121.5671996,25.0444458
113,3,4,16,32,2,07信義區,信義區松隆路9巷與松隆路9巷30弄口,0,0,1,3,A11,7,5,5,30,3,1,1,5,4,3,12,4,4,10,5,5,2,17,1,30,3,10,3,1,7,13,1,7,1,15,,38,,1,21,121.5671996,25.0444458
113,3,4,16,37,2,05中正區,中正區金山北路橋下迴轉道,0,0,1,2,C03,8,6,5,50,14,6,1,5,4,4,13,4,4,1,5,5,2,16,1,25,2,9,5,1,7,9,1,10,2,12,,108,,1,21,121.5303675,25.04517317
113,3,4,16,37,2,05中正區,中正區金山北路橋下迴轉道,0,0,1,1,B03,8,6,5,50,14,6,1,5,4,4,13,4,4,1,5,5,2,16,1,71,3,10,2,1,7,5,1,8,2,4,,44,,1,21,121.5303675,25.04517317
113,3,4,16,55,2,07信義區,信義區永吉路321巷與永吉路口,0,0,1,1,C03,8,6,5,40,4,1,1,5,4,5,13,1,1,1,4,4,2,16,1,68,3,10,6,1,7,8,1,10,1,13,,100,,1,21,121.575553,25.045602
113,3,4,16,55,2,07信義區,信義區永吉路321巷與永吉路口,0,0,1,2,C03,8,6,5,40,4,1,1,5,4,5,13,1,1,1,4,4,2,16,1,25,2,9,6,1,7,9,1,10,1,11,,44,,1,21,121.575553,25.045602
113,3,4,17,10,2,06松山區,松山區民權東路4段100號,0,0,2,1,C03,7,5,6,50,14,9,1,5,4,5,13,2,1,1,4,4,2,13,1,26,2,9,6,1,7,9,1,10,2,11,,108,,1,22,121.5563385,25.06209754
113,3,4,17,10,2,06松山區,松山區民權東路4段100號,0,0,2,2,C03,7,5,6,50,14,9,1,5,4,5,13,2,1,1,4,4,2,13,1,40,2,9,6,1,7,12,1,10,2,13,,44,,1,22,121.5563385,25.06209754
113,3,4,17,43,2,09北投區,北投區大業路與大業路65巷口,0,0,1,1,B03,8,5,5,50,14,9,1,5,4,5,13,1,1,9,4,5,2,13,1,67,3,10,7,1,7,10,1,8,1,1,,100,,1,21,121.4990677,25.12351454
113,3,4,17,43,2,09北投區,北投區大業路與大業路65巷口,0,0,1,2,B03,8,5,5,50,14,9,1,5,4,5,13,1,1,9,4,5,2,13,2,53,3,10,7,1,7,9,1,8,1,6,,44,,1,21,121.4990677,25.12351454
113,3,4,17,43,2,09北投區,北投區大業路與大業路65巷口,0,0,1,3,B01,8,5,5,50,14,9,1,5,4,5,13,1,1,9,4,5,2,13,1,41,3,10,7,1,7,9,1,8,1,2,,44,,1,21,121.4990677,25.12351454
113,3,4,17,43,2,09北投區,北投區大業路與大業路65巷口,0,0,1,4,B03,8,5,5,50,14,9,1,5,4,5,13,1,1,9,4,5,2,13,1,56,3,10,7,1,7,9,1,8,1,6,,44,,1,21,121.4990677,25.12351454
113,3,4,17,43,2,09北投區,北投區大業路與大業路65巷口,0,0,1,5,C03,8,5,5,50,14,9,1,5,4,5,13,1,1,9,4,5,2,13,2,31,2,6,5,1,7,14,1,10,1,13,,44,,1,21,121.4990677,25.12351454
113,3,4,17,55,2,04大安區,大安區基隆路4段與羅斯福路4段口,0,0,1,1,B03,8,5,5,50,4,2,1,5,4,5,13,1,1,1,4,5,2,15,2,39,3,10,7,1,7,9,1,8,1,2,,81,,1,21,121.5371396,25.0113959
113,3,4,17,55,2,04大安區,大安區基隆路4段與羅斯福路4段口,0,0,1,2,C03,8,5,5,50,4,2,1,5,4,5,13,1,1,1,4,5,2,15,2,21,2,9,5,1,7,9,1,10,1,11,,44,,1,21,121.5371396,25.0113959
113,3,4,17,58,2,03中山區,中山區民權東路2段115號,0,0,1,1,B03,7,5,5,50,14,9,1,5,4,5,13,4,4,3,4,5,2,17,2,33,3,10,7,1,7,8,1,8,1,5,,100,,1,21,121.5342686,25.06258669
113,3,4,17,58,2,03中山區,中山區民權東路2段115號,0,0,1,2,C03,7,5,5,50,14,9,1,5,4,5,13,4,4,3,4,5,2,17,1,20,2,9,6,1,7,9,1,10,1,14,,44,,1,21,121.5342686,25.06258669
113,3,4,18,12,2,02萬華區,萬華區堤外便道往南近中興橋,0,0,1,1,C03,7,5,5,40,14,11,1,5,4,5,13,4,4,8,3,5,2,12,1,19,3,10,3,4,7,15,1,10,1,14,,42,,1,22,121.5005986,25.0436005
113,3,4,18,12,2,02萬華區,萬華區堤外便道往南近中興橋,0,0,1,2,C03,7,5,5,40,14,11,1,5,4,5,13,4,4,8,3,5,2,12,1,27,2,9,3,4,7,9,1,10,1,12,,44,,1,22,121.5005986,25.0436005
113,3,4,18,34,2,08士林區,士林區百齡左岸河濱公園150燈桿往南方向,0,0,2,1,C03,7,6,8,50,14,9,1,5,4,5,13,4,4,9,4,5,1,13,1,23,2,9,5,1,7,9,1,10,1,11,,108,,1,21,121.5127975,25.0851123
113,3,4,18,34,2,08士林區,士林區百齡左岸河濱公園150燈桿往南方向,0,0,2,2,F01,7,6,8,50,14,9,1,5,4,5,13,4,4,9,4,5,1,13,1,63,2,9,4,1,7,9,8,20,1,13,,44,,1,21,121.5127975,25.0851123
113,3,4,18,43,2,11南港區,南港區忠孝東路7段415巷與市民大道8段口,0,0,1,1,B03,8,5,5,30,4,1,1,5,4,5,13,2,1,5,4,5,2,16,1,51,3,10,7,1,7,5,1,8,1,8,,8,,1,21,121.6088586,25.0535496
113,3,4,18,43,2,11南港區,南港區忠孝東路7段415巷與市民大道8段口,0,0,1,2,C03,8,5,5,30,4,1,1,5,4,5,13,2,1,5,4,5,2,16,1,43,2,8,5,1,7,1,1,10,1,14,,44,,1,21,121.6088586,25.0535496
113,3,4,18,48,2,08士林區,士林區文林路與美崙街口,0,0,2,1,C03,8,5,5,50,4,2,1,5,4,5,13,1,1,5,5,5,2,3,1,41,2,8,6,1,7,9,1,10,2,11,,108,,1,22,121.5238534,25.0972746
113,3,4,18,48,2,08士林區,士林區文林路與美崙街口,0,0,2,2,H01,8,5,5,50,4,2,1,5,4,5,13,1,1,5,5,5,2,3,2,84,2,8,4,5,8,16,8,20,10,16,,121,,1,22,121.5238534,25.0972746
113,3,4,18,50,2,08士林區,士林區忠誠路1段173巷與德行東路190巷口,0,0,1,1,B03,7,5,5,30,4,1,1,5,4,5,13,4,4,10,5,5,2,15,1,27,3,10,7,1,7,9,1,8,1,4,,14,,1,22,121.5313125,25.1080843
113,3,4,18,50,2,08士林區,士林區忠誠路1段173巷與德行東路190巷口,0,0,1,2,C03,7,5,5,30,4,1,1,5,4,5,13,4,4,10,5,5,2,15,1,40,2,8,6,1,7,9,1,10,1,11,,13,,1,22,121.5313125,25.1080843
113,3,4,19,52,2,04大安區,大安區市民大道4段與敦化南路1段口,0,0,1,1,B01,8,5,5,40,4,2,1,5,4,5,13,2,1,1,4,5,2,16,1,61,3,10,3,4,7,6,1,4,2,2,,71,,1,21,121.5485876,25.0447605
113,3,4,19,52,2,04大安區,大安區市民大道4段與敦化南路1段口,0,0,1,2,C03,8,5,5,40,4,2,1,5,4,5,13,2,1,1,4,5,2,16,1,24,2,9,3,4,7,9,1,10,2,11,,108,,1,25,121.5485876,25.0447605
113,3,4,20,20,2,08士林區,士林區社子街28號,0,0,1,1,C03,7,5,5,50,14,9,1,5,4,5,13,4,4,9,5,5,2,17,1,54,3,10,5,1,7,5,3,18,2,12,,8,,1,22,121.5078023,25.0875444
113,3,4,20,20,2,08士林區,士林區社子街28號,0,0,1,2,C03,7,5,5,50,14,9,1,5,4,5,13,4,4,9,5,5,2,17,1,19,2,8,6,1,7,9,1,10,2,12,,108,,1,22,121.5078023,25.0875444
113,3,4,20,51,2,08士林區,士林區延平北路7段106巷與延平北路7段106巷口社子大橋下越堤道,0,0,1,1,C03,8,5,5,30,3,2,1,5,4,5,13,4,4,10,5,5,1,10,1,25,3,10,3,4,7,9,1,10,1,11,,13,,1,22,121.4944899,25.11066835
113,3,4,20,51,2,08士林區,士林區延平北路7段106巷與延平北路7段106巷口社子大橋下越堤道,0,0,1,2,F01,8,5,5,30,3,2,1,5,4,5,13,4,4,10,5,5,1,10,1,34,2,9,3,4,7,9,8,20,1,11,,44,,1,22,121.4944899,25.11066835
113,3,4,21,21,2,04大安區,大安區延吉街131巷1弄50號,0,0,1,1,B03,7,5,5,30,14,9,1,5,4,5,13,4,4,10,5,5,2,12,2,45,3,10,3,4,7,3,1,8,2,8,,80,,1,21,121.5548344,25.0435398
113,3,4,21,21,2,04大安區,大安區延吉街131巷1弄50號,0,0,1,2,C03,7,5,5,30,14,9,1,5,4,5,13,4,4,10,5,5,2,12,1,25,2,9,3,4,7,9,1,10,2,12,,108,,1,21,121.5548344,25.0435398
113,3,4,21,21,2,04大安區,大安區延吉街131巷1弄50號,0,0,1,3,B03,7,5,5,30,14,9,1,5,4,5,13,4,4,10,5,5,2,12,1,22,3,10,3,4,7,13,1,8,9,3,,44,,1,21,121.5548344,25.0435398
113,3,4,21,21,2,04大安區,大安區延吉街131巷1弄50號,0,0,1,4,B03,7,5,5,30,14,9,1,5,4,5,13,4,4,10,5,5,2,12,1,34,3,10,3,4,7,13,1,8,9,3,,44,,1,21,121.5548344,25.0435398
113,3,4,22,19,2,03中山區,中山區建國北路3段93巷與五常街11巷口,0,0,1,1,F01,8,5,5,30,4,2,1,5,4,5,13,4,4,10,5,5,2,17,2,71,2,9,2,4,7,5,8,20,1,11,14,4,,1,21,121.5369831,25.06601088
113,3,4,22,19,2,03中山區,中山區建國北路3段93巷與五常街11巷口,0,0,1,2,C03,8,5,5,30,4,2,1,5,4,5,13,4,4,10,5,5,2,17,1,28,3,10,5,1,7,9,1,10,1,11,,14,,1,21,121.5369831,25.06601088
113,3,4,23,9,2,07信義區,信義區永吉路30巷98號,0,0,1,1,F02,7,5,8,30,22,22,1,5,4,5,13,4,4,9,4,5,2,17,2,40,2,8,2,1,7,9,8,20,9,14,,116,,1,22,121.5688091,25.0437519
113,3,4,23,9,2,07信義區,信義區永吉路30巷98號,0,0,1,2,B01,7,5,8,30,22,22,1,5,4,5,13,4,4,9,4,5,2,17,1,57,3,10,7,1,7,14,1,4,9,6,,44,,1,22,121.5688091,25.0437519
113,3,4,23,13,2,06松山區,松山區南京東路5段與基隆路1段口,0,0,1,1,C03,8,5,5,50,5,1,1,5,4,5,13,2,1,1,4,5,2,16,2,31,2,9,6,1,7,15,1,10,2,12,,100,,1,22,121.5701815,25.0510979
113,3,4,23,13,2,06松山區,松山區南京東路5段與基隆路1段口,0,0,1,2,B01,8,5,5,50,5,1,1,5,4,5,13,2,1,1,4,5,2,16,1,60,3,10,7,1,7,10,1,4,2,8,,108,,1,22,121.5701815,25.0510979
113,3,4,23,31,2,12內湖區,內湖區民權東路6段56巷與民權東路6段56巷25弄口,0,0,1,1,B03,7,5,5,50,4,1,1,5,4,5,13,4,4,9,5,5,2,16,1,61,3,10,7,1,7,5,1,8,1,4,,8,,1,21,121.5854365,25.0672334
113,3,4,23,31,2,12內湖區,內湖區民權東路6段56巷與民權東路6段56巷25弄口,0,0,1,2,C03,7,5,5,50,4,1,1,5,4,5,13,4,4,9,5,5,2,16,1,31,2,9,5,1,7,9,1,10,1,11,,44,,1,21,121.5854365,25.0672334
113,3,5,6,6,2,01大同區,大同區承德路2段與民權西路口,0,0,3,1,C03,8,5,5,50,4,2,1,5,4,5,13,2,1,1,3,5,1,3,1,64,2,8,6,1,7,9,1,10,2,11,,81,,1,21,121.5180283,25.0628319
113,3,5,6,6,2,01大同區,大同區承德路2段與民權西路口,0,0,3,2,H01,8,5,5,50,4,2,1,5,4,5,13,2,1,1,3,5,1,3,1,69,2,9,4,5,8,16,8,20,10,16,,67,,1,21,121.5180283,25.0628319
113,3,5,6,6,2,01大同區,大同區承德路2段與民權西路口,0,0,3,3,H01,8,5,5,50,4,2,1,5,4,5,13,2,1,1,3,5,1,3,2,51,2,9,4,5,8,16,8,20,10,16,,67,,1,21,121.5180283,25.0628319
113,3,5,6,37,2,10文山區,文山區和平東路4段與萬美街1段口,0,0,1,1,B03,8,6,5,40,3,1,1,5,4,5,13,1,1,5,5,5,2,16,1,19,3,10,7,1,7,5,1,8,2,8,,74,,1,21,121.5718897,25.0022853
113,3,5,6,37,2,10文山區,文山區和平東路4段與萬美街1段口,0,0,1,2,C03,8,6,5,40,3,1,1,5,4,5,13,1,1,5,5,5,2,16,1,28,2,9,6,1,7,9,1,10,2,14,,44,,1,23,121.5718897,25.0022853
113,3,5,6,50,2,02萬華區,萬華區和平西路3段339號,0,0,1,1,F01,8,6,5,50,14,9,1,5,4,5,13,4,4,10,5,5,1,12,1,16,2,8,4,1,7,15,8,20,1,14,,101,,1,21,121.4925587,25.0355682
113,3,5,6,50,2,02萬華區,萬華區和平西路3段339號,0,0,1,2,B01,8,6,5,50,14,9,1,5,4,5,13,4,4,10,5,5,1,12,1,67,3,10,7,1,7,9,1,4,1,5,,44,,1,21,121.4925587,25.0355682
113,3,5,6,50,2,08士林區,士林區福國路與福國路15巷口口,0,0,2,1,B03,8,7,5,50,4,1,1,5,4,5,13,2,1,1,4,4,1,17,2,35,3,10,7,1,7,9,1,8,2,4,,81,,1,21,121.5246783,25.1021356
113,3,5,6,50,2,08士林區,士林區福國路與福國路15巷口口,0,0,2,2,C03,8,7,5,50,4,1,1,5,4,5,13,2,1,1,4,4,1,17,1,49,2,5,5,1,7,9,1,10,2,11,,44,,1,21,121.5246783,25.1021356
113,3,5,6,50,2,08士林區,士林區福國路與福國路15巷口口,0,0,2,3,C03,8,7,5,50,4,1,1,5,4,5,13,2,1,1,4,4,1,17,1,64,2,5,5,1,7,9,1,10,2,11,,44,,1,21,121.5246783,25.1021356
113,3,5,7,28,2,05中正區,中正區重慶南路1段與重慶南路1段136巷口,0,0,1,1,B03,8,5,5,50,3,1,1,5,4,5,13,4,4,9,4,4,1,16,2,59,3,10,7,1,7,5,1,8,2,2,,8,,1,21,121.5125289,25.0362831
113,3,5,7,28,2,05中正區,中正區重慶南路1段與重慶南路1段136巷口,0,0,1,2,C03,8,5,5,50,3,1,1,5,4,5,13,4,4,9,4,4,1,16,1,27,2,9,6,1,7,9,6,18,2,11,,42,,1,21,121.5125289,25.0362831
113,3,5,7,36,2,04大安區,大安區辛亥路2段往西迴轉道（龍安國小側門）,0,0,1,1,B03,8,5,5,50,14,9,1,5,4,5,13,2,1,1,4,5,2,12,1,38,3,10,7,1,7,9,1,8,1,5,,108,,1,21,121.5353026,25.0226913
113,3,5,7,36,2,04大安區,大安區辛亥路2段往西迴轉道（龍安國小側門）,0,0,1,2,C03,8,5,5,50,14,9,1,5,4,5,13,2,1,1,4,5,2,12,2,64,2,8,5,1,7,7,1,10,1,13,,100,,1,21,121.5353026,25.0226913
113,3,5,7,42,2,06松山區,松山區延壽街與延壽街72巷口,0,0,1,1,B03,8,7,5,30,3,2,1,5,4,5,13,4,4,10,5,5,2,14,1,38,3,10,7,1,7,2,6,18,1,7,,12,,1,21,121.5654479,25.0566357
113,3,5,7,42,2,06松山區,松山區延壽街與延壽街72巷口,0,0,1,2,C03,8,7,5,30,3,2,1,5,4,5,13,4,4,10,5,5,2,14,2,55,2,9,6,1,7,14,1,10,1,11,,44,,1,21,121.5654479,25.0566357
113,3,5,7,47,2,05中正區,中正區貴陽街1段與重慶南路1段口,0,0,1,1,C03,8,6,5,50,4,1,1,5,4,5,13,2,1,5,4,5,2,12,2,37,4,11,5,4,7,9,1,10,9,12,,42,,1,22,121.5127864,25.03881783
113,3,5,7,47,2,05中正區,中正區貴陽街1段與重慶南路1段口,0,0,1,2,C03,8,6,5,50,4,1,1,5,4,5,13,2,1,5,4,5,2,12,2,19,2,9,5,1,7,9,1,10,9,14,,44,,1,22,121.5127864,25.03881783
113,3,5,7,51,2,10文山區,文山區木新路2段111巷12弄12號,0,0,1,1,B03,8,6,5,30,14,9,1,5,4,5,13,4,4,10,5,5,2,11,1,36,3,10,7,1,7,9,1,8,1,8,,17,,1,21,121.5699355,24.98340304
113,3,5,7,51,2,10文山區,文山區木新路2段111巷12弄12號,0,0,1,2,C03,8,6,5,30,14,9,1,5,4,5,13,4,4,10,5,5,2,11,1,54,2,9,6,1,7,9,1,10,2,14,,17,,1,21,121.5699355,24.98340304
113,3,5,7,51,2,10文山區,文山區木新路2段111巷12弄12號,0,0,1,3,B03,8,6,5,30,14,9,1,5,4,5,13,4,4,10,5,5,2,11,1,68,3,10,7,1,7,14,1,8,2,17,,38,,1,21,121.5699355,24.98340304
113,3,5,7,53,2,11南港區,南港區三重路與三重路41巷口,0,0,2,1,C01,8,6,5,50,3,1,1,5,4,5,13,4,4,5,4,5,2,16,2,23,2,8,6,1,7,11,1,9,1,14,,10,,1,22,121.6142573,25.0599063
113,3,5,7,53,2,11南港區,南港區三重路與三重路41巷口,0,0,2,2,C03,8,6,5,50,3,1,1,5,4,5,13,4,4,5,4,5,2,16,1,38,2,9,5,1,7,9,1,10,1,11,,108,,1,22,121.6142573,25.0599063
113,3,5,7,54,2,10文山區,文山區木柵路2段與興隆路4段口口,0,0,1,1,B03,8,5,5,50,4,1,1,5,4,5,13,2,1,5,5,5,2,16,1,47,3,10,7,1,7,5,1,8,2,2,,71,,1,21,121.5601095,24.988802
113,3,5,7,54,2,10文山區,文山區木柵路2段與興隆路4段口口,0,0,1,2,C03,8,5,5,50,4,1,1,5,4,5,13,2,1,5,5,5,2,16,1,22,2,9,5,1,7,9,1,10,2,11,,13,,1,21,121.5601095,24.988802
113,3,5,7,57,2,11南港區,南港區松河街與重陽路235巷口,0,0,1,1,C03,8,7,5,40,3,2,1,5,4,5,13,4,4,5,5,5,2,13,1,43,2,9,5,1,7,9,1,10,1,11,,16,,1,22,121.6031178,25.0585516
113,3,5,7,57,2,11南港區,南港區松河街與重陽路235巷口,0,0,1,2,B03,8,7,5,40,3,2,1,5,4,5,13,4,4,5,5,5,2,13,2,50,3,10,7,1,7,14,1,8,1,7,,44,,1,22,121.6031178,25.0585516
113,3,5,8,1,2,07信義區,信義區松山路191巷與永吉路443巷口口,0,0,2,1,C03,8,6,5,30,3,2,1,5,4,5,13,4,4,9,5,5,2,15,1,21,2,8,5,1,7,9,1,10,1,12,14,14,,1,21,121.5783754,25.0457671
113,3,5,8,1,2,07信義區,信義區松山路191巷與永吉路443巷口口,0,0,2,2,C03,8,6,5,30,3,2,1,5,4,5,13,4,4,9,5,5,2,15,2,40,2,9,5,1,7,9,1,10,1,11,14,74,,1,21,121.5783754,25.0457671
113,3,5,8,20,2,03中山區,中山區新生高架道與新生高架道口橋下停車場錦州民權,0,0,1,1,B03,8,7,5,30,3,1,1,5,4,5,13,4,4,9,4,5,2,17,2,57,4,11,3,4,7,21,7,,1,15,,119,,2,22,121.5277609,25.06225301
113,3,5,8,20,2,03中山區,中山區新生高架道與新生高架道口橋下停車場錦州民權,0,0,1,2,C03,8,7,5,30,3,1,1,5,4,5,13,4,4,9,4,5,2,17,2,35,2,9,5,1,7,6,1,10,1,14,,16,,1,21,121.5277609,25.06225301
113,3,5,8,20,2,08士林區,士林區社子街146巷與社子街口,0,0,1,1,B03,8,5,5,50,4,1,1,5,4,5,13,4,4,5,5,5,1,9,1,41,3,10,7,1,7,5,1,8,2,1,,70,,1,21,121.5050485,25.08854103
113,3,5,8,20,2,08士林區,士林區社子街146巷與社子街口,0,0,1,2,H01,8,5,5,50,4,1,1,5,4,5,13,4,4,5,5,5,1,9,2,75,2,6,4,5,8,16,8,20,10,16,,123,,1,21,121.5050485,25.08854103
113,3,5,8,33,2,02萬華區,萬華區長泰街與長泰街19巷口口,0,0,2,1,C03,8,5,5,30,4,1,1,5,4,5,13,4,4,10,5,5,2,17,2,45,2,8,3,4,7,9,1,10,1,14,,108,,1,21,121.5009616,25.02318991
113,3,5,8,33,2,02萬華區,萬華區長泰街與長泰街19巷口口,0,0,2,2,F01,8,5,5,30,4,1,1,5,4,5,13,4,4,10,5,5,2,17,2,45,2,8,3,4,7,6,8,20,1,14,,42,,1,21,121.5009616,25.02318991
113,3,5,8,39,2,04大安區,大安區基隆路4段消防隊前,0,0,1,1,C03,8,7,5,50,14,9,1,5,4,5,13,4,4,10,3,5,2,17,2,29,3,10,6,1,7,8,1,10,1,11,,100,,1,21,121.537623,25.0117702
113,3,5,8,39,2,04大安區,大安區基隆路4段消防隊前,0,0,1,2,C03,8,7,5,50,14,9,1,5,4,5,13,4,4,10,3,5,2,17,2,52,2,9,6,1,7,9,1,10,1,11,,44,,1,21,121.537623,25.0117702
113,3,5,8,54,2,02萬華區,萬華區堤外便道與堤外便道口貴陽疏散門(DSR314牌面前),0,0,2,1,C03,8,6,7,40,3,2,1,5,4,5,13,1,1,9,4,5,1,13,2,24,2,8,5,1,7,9,1,10,1,11,,16,,1,21,121.4988649,25.0413225
113,3,5,8,54,2,02萬華區,萬華區堤外便道與堤外便道口貴陽疏散門(DSR314牌面前),0,0,2,2,C03,8,6,7,40,3,2,1,5,4,5,13,1,1,9,4,5,1,13,1,41,2,8,5,1,7,13,1,9,1,13,,44,,1,21,121.4988649,25.0413225
113,3,5,9,0,2,01大同區,大同區環河北路2段137號,0,0,1,1,C03,8,6,5,50,14,9,1,5,4,5,13,4,4,8,3,5,2,12,1,20,3,10,6,1,7,9,1,10,1,11,,16,,1,21,121.5091775,25.0670388
113,3,5,9,0,2,01大同區,大同區環河北路2段137號,0,0,1,2,C03,8,6,5,50,14,9,1,5,4,5,13,4,4,8,3,5,2,12,2,41,2,8,6,1,7,9,1,10,1,13,,44,,1,21,121.5091775,25.0670388
113,3,5,9,1,2,03中山區,中山區八德路2段與八德路2段174巷口,0,0,1,1,B03,8,7,5,50,4,1,1,5,4,5,13,2,1,9,4,5,2,16,1,64,3,10,7,1,7,5,6,8,2,1,,74,,1,21,121.5381746,25.04629798
113,3,5,9,1,2,03中山區,中山區八德路2段與八德路2段174巷口,0,0,1,2,C03,8,7,5,50,4,1,1,5,4,5,13,2,1,9,4,5,2,16,1,27,2,9,6,1,7,9,1,10,2,14,,44,,1,26,121.5381746,25.04629798
113,3,5,9,7,2,06松山區,松山區南京東路5段23巷15弄與光復北路口,0,0,1,1,A04,8,7,5,50,4,1,1,5,4,5,13,4,4,9,4,5,2,9,1,60,3,10,7,1,7,9,1,2,9,1,,44,,1,21,121.5569233,25.0529107
113,3,5,9,7,2,06松山區,松山區南京東路5段23巷15弄與光復北路口,0,0,1,2,H02,8,7,5,50,4,1,1,5,4,5,13,4,4,9,4,5,2,9,2,37,2,7,4,5,7,17,8,20,10,16,,67,,1,21,121.5569233,25.0529107
113,3,5,9,7,2,06松山區,松山區南京東路5段23巷15弄與光復北路口,0,0,1,3,B03,8,7,5,50,4,1,1,5,4,5,13,4,4,9,4,5,2,9,1,83,3,10,7,1,7,8,1,8,9,5,,100,,1,21,121.5569233,25.0529107
113,3,5,9,15,2,12內湖區,內湖區潭美街與安美街口,0,0,1,1,C03,8,7,5,50,4,2,1,5,4,5,13,1,1,4,3,5,1,12,1,22,3,10,3,4,7,15,1,10,1,14,,16,,1,22,121.5973758,25.06034783
113,3,5,9,15,2,12內湖區,內湖區潭美街與安美街口,0,0,1,2,C03,8,7,5,50,4,2,1,5,4,5,13,1,1,4,3,5,1,12,1,32,2,9,3,4,7,9,1,10,1,11,,44,,1,22,121.5973758,25.06034783
113,3,5,9,54,2,03中山區,中山區明水路397巷與明水路397巷7弄口口,0,0,1,1,B03,8,6,5,30,4,18,1,5,4,5,13,4,4,5,5,5,2,3,1,29,3,10,7,1,7,5,1,8,1,8,,70,,1,21,121.5477775,25.0780271
113,3,5,9,54,2,03中山區,中山區明水路397巷與明水路397巷7弄口口,0,0,1,2,H01,8,6,5,30,4,18,1,5,4,5,13,4,4,5,5,5,2,3,2,54,2,9,4,5,8,16,8,20,10,16,,67,,1,21,121.5477775,25.0780271
113,3,5,9,55,2,03中山區,中山區松江路140巷3號,0,0,1,1,B03,8,7,5,50,14,24,1,5,4,5,13,4,4,10,5,5,2,1,1,37,3,10,7,1,7,9,1,8,1,2,,108,,1,21,121.5321698,25.0532867
113,3,5,9,55,2,03中山區,中山區松江路140巷3號,0,0,1,2,H01,8,7,5,50,14,24,1,5,4,5,13,4,4,10,5,5,2,1,1,32,2,7,4,5,8,16,8,20,10,17,,60,,1,21,121.5321698,25.0532867
113,3,5,10,0,2,08士林區,重陽橋上第270699號路燈桿處,0,0,1,1,C03,8,7,5,40,8,11,1,5,4,5,13,4,4,10,4,5,1,17,1,62,2,9,5,1,7,9,1,10,1,11,,108,,1,21,121.5032189,25.0853069
113,3,5,10,0,2,08士林區,重陽橋上第270699號路燈桿處,0,0,1,2,C03,8,7,5,40,8,11,1,5,4,5,13,4,4,10,4,5,1,17,1,34,3,10,5,1,7,9,1,10,1,13,,44,,1,21,121.5032189,25.0853069
113,3,5,10,7,2,05中正區,中正區林森南路與青島東路口口,0,0,1,1,B01,8,5,5,50,4,1,1,5,4,5,13,2,1,9,4,4,1,16,1,61,3,10,7,1,7,5,1,4,2,5,,71,,1,21,121.522993,25.0436097
113,3,5,10,7,2,05中正區,中正區林森南路與青島東路口口,0,0,1,2,C03,8,5,5,50,4,1,1,5,4,5,13,2,1,9,4,4,1,16,1,37,2,9,6,1,7,9,1,10,2,11,,97,,1,21,121.522993,25.0436097
113,3,5,10,30,2,08士林區,士林區延平北路7段106巷377號,0,0,2,1,B12,8,7,5,40,14,9,1,5,4,5,13,4,4,10,5,5,2,17,1,62,3,10,3,4,7,1,1,8,2,5,,19,,1,22,121.4944,25.11071837