發生年度,發生月,發生日,發生時-Hours,發生分,處理別-編號,區序,肇事地點,死亡人數,2-30日死亡人數,受傷人數,當事人序號,車種,天候,道路照明設備,道路類別,速限-速度限制,道路型態,事故位置,路面狀況1,路面狀況2,路面狀況3,道路障礙1,道路障礙2,號誌1,號誌2,車道劃分-分向,車道劃分-分道1,車道劃分-分道2,車道劃分-分道3,事故類型及型態,性別,年齡,受傷程度,主要傷處,保護裝置,行動電話,車輛用途,當事者行動狀態,駕駛資格情形,駕駛執照種類,飲酒情形,車輛撞擊部位1,車輛撞擊部位2,肇因碼-個別,肇因碼-主要,個人肇逃否,職業,座標-X,座標-Y
113,3,5,10,30,2,08士林區,士林區延平北路7段106巷377號,0,0,2,2,C03,8,7,5,40,14,9,1,5,4,5,13,4,4,10,5,5,2,17,1,18,2,9,3,4,7,9,1,10,2,14,,13,,1,22,121.4944,25.11071837
113,3,5,10,30,2,08士林區,士林區延平北路7段106巷377號,0,0,2,3,C03,8,7,5,40,14,9,1,5,4,5,13,4,4,10,5,5,2,17,1,44,2,9,3,4,7,13,1,10,1,13,,38,,1,22,121.4944,25.11071837
113,3,5,10,30,2,08士林區,士林區延平北路7段106巷377號,0,0,2,4,B03,8,7,5,40,14,9,1,5,4,5,13,4,4,10,5,5,2,17,1,63,3,10,3,4,7,13,1,8,1,7,,38,,1,22,121.4944,25.11071837
113,3,5,10,31,2,03中山區,中山區復興北路26號,0,0,2,1,C03,8,7,5,30,14,9,1,5,4,5,13,4,4,1,4,5,2,13,1,25,2,8,3,4,7,9,1,10,1,11,,16,,1,22,121.5438665,25.0487026
113,3,5,10,31,2,03中山區,中山區復興北路26號,0,0,2,2,C03,8,7,5,30,14,9,1,5,4,5,13,4,4,1,4,5,2,13,1,32,3,10,3,4,7,9,1,10,1,13,,44,,1,22,121.5438665,25.0487026
113,3,5,10,31,2,03中山區,中山區復興北路26號,0,0,2,3,C03,8,7,5,30,14,9,1,5,4,5,13,4,4,1,4,5,2,13,1,52,3,10,3,4,7,15,1,10,1,15,,42,,1,22,121.5438665,25.0487026
113,3,5,10,31,2,03中山區,中山區復興北路26號,0,0,2,4,H02,8,7,5,30,14,9,1,5,4,5,13,4,4,1,4,5,2,13,2,25,2,8,3,5,7,21,8,20,10,16,,67,,1,22,121.5438665,25.0487026
113,3,5,11,13,2,11南港區,南港區經貿二路62巷與經貿二路62巷5弄口,0,0,1,1,B11,8,6,5,50,3,1,1,5,4,5,13,4,4,5,4,5,2,16,1,35,3,10,7,1,7,5,1,2,1,4,,8,,1,22,121.6153569,25.0569288
113,3,5,11,13,2,11南港區,南港區經貿二路62巷與經貿二路62巷5弄口,0,0,1,2,C03,8,6,5,50,3,1,1,5,4,5,13,4,4,5,4,5,2,16,1,38,2,9,5,1,7,9,1,10,1,12,,108,,1,21,121.6153569,25.0569288
113,3,5,11,23,2,03中山區,中山區八德路2段與復興北路口,0,0,2,1,B01,8,6,5,50,4,1,1,5,4,5,13,2,1,1,4,5,2,12,1,51,3,10,7,1,7,11,1,4,1,1,,10,,1,21,121.5438304,25.0476067
113,3,5,11,23,2,03中山區,中山區八德路2段與復興北路口,0,0,2,2,C03,8,6,5,50,4,1,1,5,4,5,13,2,1,1,4,5,2,12,1,37,2,9,6,1,7,9,1,10,1,14,,44,,1,21,121.5438304,25.0476067
113,3,5,11,23,2,03中山區,中山區八德路2段與復興北路口,0,0,2,3,H02,8,6,5,50,4,1,1,5,4,5,13,2,1,1,4,5,2,12,2,28,2,9,6,5,7,20,8,20,10,16,,67,,1,21,121.5438304,25.0476067
113,3,5,11,30,2,01大同區,大同區鄭州路與塔城街口,0,0,1,1,C03,8,6,5,50,4,1,1,5,4,5,13,2,1,8,3,5,2,16,1,38,3,10,6,1,7,9,1,10,1,14,,86,,1,21,121.5104826,25.0500532
113,3,5,11,30,2,01大同區,大同區鄭州路與塔城街口,0,0,1,2,B03,8,6,5,50,4,1,1,5,4,5,13,2,1,8,3,5,2,16,2,44,3,10,7,1,7,6,1,8,1,5,,44,,1,21,121.5104826,25.0500532
113,3,5,11,30,2,01大同區,大同區鄭州路與塔城街口,0,0,1,3,H02,8,6,5,50,4,1,1,5,4,5,13,2,1,8,3,5,2,16,2,41,2,8,6,5,7,20,8,20,10,16,,67,,1,21,121.5104826,25.0500532
113,3,5,11,34,2,03中山區,中山區長安東路1段18號,0,0,1,1,C03,7,7,5,50,14,9,1,5,4,5,13,4,4,4,3,5,1,17,1,67,3,10,5,1,7,7,1,10,1,17,,100,,1,21,121.523816,25.04935294
113,3,5,11,34,2,03中山區,中山區長安東路1段18號,0,0,1,2,C03,7,7,5,50,14,9,1,5,4,5,13,4,4,4,3,5,1,17,1,37,2,7,6,1,7,9,1,10,1,12,,44,,1,21,121.523816,25.04935294
113,3,5,11,45,2,08士林區,士林區至善路2段與力行街口,0,0,1,1,B03,8,6,5,50,3,1,1,5,4,5,13,2,1,1,4,5,1,17,1,67,3,10,7,1,7,9,1,8,2,1,,81,,1,21,121.5473884,25.0986119
113,3,5,11,45,2,08士林區,士林區至善路2段與力行街口,0,0,1,2,C03,8,6,5,50,3,1,1,5,4,5,13,2,1,1,4,5,1,17,1,31,2,9,6,1,7,9,1,10,2,14,,44,,1,21,121.5473884,25.0986119
113,3,5,11,59,2,04大安區,大安區敦化南路1段158號,0,0,2,1,B03,8,7,5,50,14,8,1,5,4,5,13,4,4,1,4,5,2,12,2,56,3,10,3,4,7,7,1,8,1,5,,13,,1,22,121.5486489,25.0443845
113,3,5,11,59,2,04大安區,大安區敦化南路1段158號,0,0,2,2,B03,8,7,5,50,14,8,1,5,4,5,13,4,4,1,4,5,2,12,1,33,2,1,3,4,7,1,1,8,1,1,,19,,1,22,121.5486489,25.0443845
113,3,5,11,59,2,04大安區,大安區敦化南路1段158號,0,0,2,3,B03,8,7,5,50,14,8,1,5,4,5,13,4,4,1,4,5,2,12,1,39,3,10,3,4,7,13,1,8,1,7,,44,,1,22,121.5486489,25.0443845
113,3,5,11,59,2,04大安區,大安區敦化南路1段158號,0,0,2,4,H02,8,7,5,50,14,8,1,5,4,5,13,4,4,1,4,5,2,12,1,36,2,1,3,5,7,21,8,20,10,16,,67,,1,22,121.5486489,25.0443845
113,3,5,12,8,2,05中正區,中正區愛國東路與林森南路口口,0,0,2,1,C03,7,6,5,50,3,1,1,5,4,5,13,4,4,1,4,4,2,13,1,19,2,8,5,1,7,14,1,10,2,13,,44,,1,21,121.5194348,25.0337173
113,3,5,12,8,2,05中正區,中正區愛國東路與林森南路口口,0,0,2,2,C03,7,6,5,50,3,1,1,5,4,5,13,4,4,1,4,4,2,13,1,38,2,1,5,1,7,9,1,10,2,11,,16,,1,21,121.5194348,25.0337173
113,3,5,12,35,2,04大安區,大安區忠孝東路4段77巷與忠孝東路4段口,0,0,1,1,H01,8,6,5,50,14,9,1,5,4,5,13,2,1,10,5,5,2,6,1,24,2,9,4,5,8,18,8,20,10,16,,121,,1,21,121.547123,25.041559
113,3,5,12,35,2,04大安區,大安區忠孝東路4段77巷與忠孝東路4段口,0,0,1,2,B03,8,6,5,50,14,9,1,5,4,5,13,2,1,10,5,5,2,6,2,69,3,10,7,1,7,9,1,8,1,1,,70,,1,21,121.547123,25.041559
113,3,5,12,38,2,01大同區,大同區重慶北路2段與民生西路口,0,0,1,1,C03,8,6,5,50,4,2,1,5,4,5,13,1,1,5,2,5,2,17,1,72,2,8,6,1,7,7,1,10,1,11,,100,,1,21,121.5140146,25.0570266
113,3,5,12,38,2,01大同區,大同區重慶北路2段與民生西路口,0,0,1,2,A02,8,6,5,50,4,2,1,5,4,5,13,1,1,5,2,5,2,17,1,61,3,10,7,1,7,9,1,2,1,2,,44,,1,21,121.5140146,25.0570266
113,3,5,12,55,2,05中正區,中正區金山南路1段108號,0,0,1,1,A12,8,6,5,50,14,9,1,5,4,5,13,4,4,3,4,5,2,13,1,38,3,10,2,1,7,9,1,2,2,1,,44,,1,21,121.5276036,25.03607328
113,3,5,12,55,2,05中正區,中正區金山南路1段108號,0,0,1,2,B01,8,6,5,50,14,9,1,5,4,5,13,4,4,3,4,5,2,13,1,54,3,10,2,1,7,9,1,2,2,3,,44,,1,21,121.5276036,25.03607328
113,3,5,12,55,2,05中正區,中正區金山南路1段108號,0,0,1,3,H02,8,6,5,50,14,9,1,5,4,5,13,4,4,3,4,5,2,13,2,35,2,2,4,5,7,20,8,20,10,16,,67,,1,21,121.5276036,25.03607328
113,3,5,13,14,2,01大同區,大同區民生西路180號,0,0,1,1,C03,8,6,5,50,14,9,1,5,4,5,13,4,4,5,4,5,2,17,1,38,2,7,6,1,7,8,1,10,1,12,,100,,1,21,121.5174124,25.0571854
113,3,5,13,14,2,01大同區,大同區民生西路180號,0,0,1,2,C03,8,6,5,50,14,9,1,5,4,5,13,4,4,5,4,5,2,17,1,45,3,10,6,1,7,9,1,10,1,14,,44,,1,21,121.5174124,25.0571854
113,3,5,13,14,2,01大同區,大同區民生西路180號,0,0,1,3,B03,8,6,5,50,14,9,1,5,4,5,13,4,4,5,4,5,2,17,1,40,3,10,7,1,7,14,1,8,1,4,,38,,1,21,121.5174124,25.0571854
113,3,5,13,20,2,10文山區,文山區萬芳路第184號汽車停車格,0,0,1,1,C03,8,6,5,50,14,9,1,5,4,5,13,4,4,5,4,5,2,17,1,70,2,9,3,4,7,9,1,10,2,15,,118,,1,21,121.5711711,24.9974992
113,3,5,13,20,2,10文山區,文山區萬芳路第184號汽車停車格,0,0,1,2,B03,8,6,5,50,14,9,1,5,4,5,13,4,4,5,4,5,2,17,1,46,3,10,3,4,7,3,1,8,2,15,,118,,1,21,121.5711711,24.9974992
113,3,5,13,42,2,02萬華區,萬華區水源快速道路與青年路口,0,0,1,1,C03,8,7,5,50,5,1,1,5,4,5,13,1,1,1,3,1,2,15,1,29,2,9,5,1,7,9,3,18,2,11,,81,,1,21,121.5043474,25.0199076
113,3,5,13,42,2,02萬華區,萬華區水源快速道路與青年路口,0,0,1,2,B03,8,7,5,50,5,1,1,5,4,5,13,1,1,1,3,1,2,15,1,68,3,10,7,1,7,9,1,8,2,8,,44,,1,21,121.5043474,25.0199076
113,3,5,14,6,2,02萬華區,萬華區萬大路與莒光路口,0,0,1,1,C03,8,5,5,50,4,2,1,5,4,5,13,1,1,1,4,5,2,12,1,74,2,9,5,4,7,7,1,10,1,14,,100,,1,21,121.500626,25.03087478
113,3,5,14,6,2,02萬華區,萬華區萬大路與莒光路口,0,0,1,2,C03,8,5,5,50,4,2,1,5,4,5,13,1,1,1,4,5,2,12,1,22,3,10,5,4,7,9,1,10,1,12,,107,,1,21,121.500626,25.03087478
113,3,5,15,44,2,09北投區,北投區致遠一路2段與致遠一路2段70巷口,0,0,1,1,F01,8,6,5,50,14,9,1,5,4,5,13,4,4,9,4,5,2,16,1,82,2,6,4,1,7,5,8,20,1,14,,80,,1,21,121.5135906,25.11216228
113,3,5,15,44,2,09北投區,北投區致遠一路2段與致遠一路2段70巷口,0,0,1,2,C03,8,6,5,50,14,9,1,5,4,5,13,4,4,9,4,5,2,16,1,25,3,10,5,1,7,9,1,10,1,12,,44,,1,21,121.5135906,25.11216228
113,3,5,15,47,2,04大安區,大安區和平東路3段372號,0,0,1,1,B12,8,5,8,50,14,9,1,5,4,5,13,4,4,1,5,5,2,14,1,77,3,10,7,1,7,2,1,8,2,6,,12,,1,21,121.5579678,25.0191876
113,3,5,15,47,2,04大安區,大安區和平東路3段372號,0,0,1,2,C03,8,5,8,50,14,9,1,5,4,5,13,4,4,1,5,5,2,14,2,42,2,8,6,1,7,9,1,10,2,14,,108,,1,21,121.5579678,25.0191876
113,3,5,16,4,2,02萬華區,萬華區環河南路1段與忠孝西路2段口,0,0,3,1,B03,7,7,8,30,3,1,1,5,4,5,13,1,1,3,3,5,2,16,1,45,3,10,3,4,7,5,1,8,1,4,,83,,1,22,121.5061964,25.048956
113,3,5,16,4,2,02萬華區,萬華區環河南路1段與忠孝西路2段口,0,0,3,2,C03,7,7,8,30,3,1,1,5,4,5,13,1,1,3,3,5,2,16,1,31,2,9,5,4,7,9,1,15,1,11,,44,,1,22,121.5061964,25.048956
113,3,5,16,4,2,02萬華區,萬華區環河南路1段與忠孝西路2段口,0,0,3,3,C03,7,7,8,30,3,1,1,5,4,5,13,1,1,3,3,5,2,16,2,57,2,9,5,4,7,14,1,10,1,12,,44,,1,22,121.5061964,25.048956
113,3,5,16,4,2,02萬華區,萬華區環河南路1段與忠孝西路2段口,0,0,3,4,C03,7,7,8,30,3,1,1,5,4,5,13,1,1,3,3,5,2,16,1,44,2,9,5,4,7,9,1,10,1,14,,44,,1,22,121.5061964,25.048956
113,3,5,16,4,2,02萬華區,萬華區環河南路1段與忠孝西路2段口,0,0,3,5,H02,7,7,8,30,3,1,1,5,4,5,13,1,1,3,3,5,2,16,2,33,3,10,3,5,7,20,8,20,10,16,,67,,1,22,121.5061964,25.048956
113,3,5,16,35,2,01大同區,大同區重慶北路2段與涼州街口,0,0,1,1,C03,7,6,5,50,14,9,1,5,4,5,13,4,4,4,4,5,2,13,1,54,3,10,3,4,7,15,1,10,1,14,,42,,1,21,121.513174,25.0607397
113,3,5,16,35,2,01大同區,大同區重慶北路2段與涼州街口,0,0,1,2,C03,7,6,5,50,14,9,1,5,4,5,13,4,4,4,4,5,2,13,1,73,3,10,3,4,7,14,1,10,1,12,,44,,1,21,121.513174,25.0607397
113,3,5,16,35,2,01大同區,大同區重慶北路2段與涼州街口,0,0,1,3,H02,7,6,5,50,14,9,1,5,4,5,13,4,4,4,4,5,2,13,2,68,2,9,3,5,7,20,8,20,10,16,,67,,1,21,121.513174,25.0607397
113,3,5,16,47,2,02萬華區,萬華區西寧南路與長沙街2段口,0,0,1,1,B03,7,5,5,50,4,1,1,5,4,5,13,2,1,5,4,5,2,3,4,32,,,,,,,,,9,,,119,,2,,121.5060479,25.0407873
113,3,5,16,47,2,02萬華區,萬華區西寧南路與長沙街2段口,0,0,1,2,H01,7,5,5,50,4,1,1,5,4,5,13,2,1,5,4,5,2,3,2,76,2,9,4,5,8,16,8,20,10,16,,67,,1,21,121.5060479,25.0407873
113,3,5,17,15,2,03中山區,中山區天祥路與天祥路60巷口,0,0,1,1,B12,7,6,5,50,4,1,1,5,4,5,13,4,4,7,4,5,2,16,1,63,3,10,7,1,7,6,1,8,1,8,,4,,1,21,121.5210264,25.0621389
113,3,5,17,15,2,03中山區,中山區天祥路與天祥路60巷口,0,0,1,2,C03,7,6,5,50,4,1,1,5,4,5,13,4,4,7,4,5,2,16,1,18,2,9,5,1,7,9,1,10,1,11,,44,,1,22,121.5210264,25.0621389
113,3,5,17,23,2,04大安區,大安區復興南路1段與忠孝東路3段口,0,0,1,1,C03,7,6,5,50,4,1,1,5,4,5,13,1,1,1,5,5,1,12,1,30,2,7,6,1,7,9,1,10,1,11,,44,,1,21,121.5436835,25.0417305
113,3,5,17,23,2,04大安區,大安區復興南路1段與忠孝東路3段口,0,0,1,2,C03,7,6,5,50,4,1,1,5,4,5,13,1,1,1,5,5,1,12,1,35,3,10,6,1,7,8,1,10,1,14,,100,,1,21,121.5436835,25.0417305
113,3,5,17,29,2,05中正區,中正區青島東路與中山南路口,0,0,2,1,B03,8,6,5,50,4,1,1,5,4,5,13,1,1,1,4,5,2,16,2,46,3,10,7,1,7,5,1,8,2,5,,74,,1,22,121.5192678,25.0445521
113,3,5,17,29,2,05中正區,中正區青島東路與中山南路口,0,0,2,2,C03,8,6,5,50,4,1,1,5,4,5,13,1,1,1,4,5,2,16,1,17,2,9,6,1,7,9,2,18,2,11,,44,,1,22,121.5192678,25.0445521
113,3,5,17,29,2,05中正區,中正區青島東路與中山南路口,0,0,2,3,H02,8,6,5,50,4,1,1,5,4,5,13,1,1,1,4,5,2,16,2,17,2,8,6,5,7,20,8,20,10,16,,67,,1,22,121.5192678,25.0445521
113,3,5,17,47,2,10文山區,文山區木新路3段213號,0,0,1,1,B03,8,5,5,50,14,9,1,5,4,5,13,4,4,5,4,5,2,13,1,51,3,10,7,1,7,9,1,8,2,4,,108,,1,21,121.5595769,24.98144138
113,3,5,17,47,2,10文山區,文山區木新路3段213號,0,0,1,2,C03,8,5,5,50,14,9,1,5,4,5,13,4,4,5,4,5,2,13,2,39,2,9,5,1,7,14,1,10,2,13,,44,,1,21,121.5595769,24.98144138
113,3,5,17,47,2,10文山區,文山區木新路3段213號,0,0,1,3,A05,8,5,5,50,14,9,1,5,4,5,13,4,4,5,4,5,2,13,2,65,3,10,7,1,7,9,1,2,2,8,,44,,1,21,121.5595769,24.98144138
113,3,5,17,54,2,09北投區,北投區尊賢街與實踐街口,0,0,1,1,B01,8,5,5,30,14,9,1,5,4,5,13,4,4,9,4,5,2,17,1,49,3,10,7,1,7,9,1,8,2,1,,72,,1,21,121.5082082,25.1150094
113,3,5,17,54,2,09北投區,北投區尊賢街與實踐街口,0,0,1,2,C03,8,5,5,30,14,9,1,5,4,5,13,4,4,9,4,5,2,17,2,49,2,9,5,1,7,9,1,10,2,12,,44,,1,21,121.5082082,25.1150094
113,3,5,18,20,2,04大安區,大安區和平東路2段175巷與和平東路2段175巷35弄口,0,0,1,1,C03,7,5,5,30,3,2,1,5,4,5,13,4,4,10,5,5,2,3,1,36,3,10,5,1,7,9,1,10,1,11,,108,,1,21,121.5418492,25.026868
113,3,5,18,20,2,04大安區,大安區和平東路2段175巷與和平東路2段175巷35弄口,0,0,1,2,H01,7,5,5,30,3,2,1,5,4,5,13,4,4,10,5,5,2,3,2,88,2,1,4,5,8,16,8,20,10,16,,121,,1,21,121.5418492,25.026868
113,3,5,18,30,2,03中山區,中山區大直橋往南,0,0,3,1,C03,8,5,5,50,8,9,1,5,4,5,13,4,4,1,4,5,2,12,2,23,2,9,6,4,7,8,1,10,1,12,,100,,1,21,121.5442756,25.07931118
113,3,5,18,30,2,03中山區,中山區大直橋往南,0,0,3,2,C03,8,5,5,50,8,9,1,5,4,5,13,4,4,1,4,5,2,12,2,31,2,9,6,4,7,9,1,10,1,14,,44,,1,21,121.5442756,25.07931118
113,3,5,18,30,2,03中山區,中山區大直橋往南,0,0,3,3,H02,8,5,5,50,8,9,1,5,4,5,13,4,4,1,4,5,2,12,1,24,2,9,6,5,7,17,8,20,10,16,,67,,1,22,121.5442756,25.07931118
113,3,5,18,30,2,05中正區,中正區牯嶺街與和平西路1段口,0,0,2,1,C03,8,5,5,50,4,1,1,5,4,5,13,1,1,1,4,5,2,13,1,35,2,8,5,1,7,9,1,10,2,11,,16,,1,21,121.5192796,25.0265323
113,3,5,18,30,2,05中正區,中正區牯嶺街與和平西路1段口,0,0,2,2,C03,8,5,5,50,4,1,1,5,4,5,13,1,1,1,4,5,2,13,2,24,2,8,5,1,7,9,1,10,2,11,,16,,1,21,121.5192796,25.0265323
113,3,5,18,30,2,05中正區,中正區牯嶺街與和平西路1段口,0,0,2,3,C03,8,5,5,50,4,1,1,5,4,5,13,1,1,1,4,5,2,13,1,30,3,10,5,1,7,9,1,10,2,13,,44,,1,21,121.5192796,25.0265323
113,3,5,18,30,2,05中正區,中正區牯嶺街與和平西路1段口,0,0,2,4,H02,8,5,5,50,4,1,1,5,4,5,13,1,1,1,4,5,2,13,2,28,3,10,5,5,7,20,8,20,10,16,,67,,1,21,121.5192796,25.0265323
113,3,5,18,31,2,11南港區,南港區市民大道7段與向陽路口,0,0,1,1,B03,8,5,5,50,4,1,1,5,4,5,13,2,1,1,4,1,2,16,1,23,3,10,7,1,7,5,1,14,1,8,,108,,1,22,121.5955272,25.0517981
113,3,5,18,31,2,11南港區,南港區市民大道7段與向陽路口,0,0,1,2,C03,8,5,5,50,4,1,1,5,4,5,13,2,1,1,4,1,2,16,2,24,2,8,5,1,7,5,1,10,1,13,,44,,1,22,121.5955272,25.0517981
113,3,5,18,40,2,12內湖區,內湖區內湖路3段與金龍路口,0,0,1,1,C03,8,5,5,30,4,1,5,5,4,5,13,1,1,10,5,5,2,13,1,81,2,1,5,1,7,5,1,10,2,11,,108,,1,21,121.5926691,25.0849992
113,3,5,18,40,2,12內湖區,內湖區內湖路3段與金龍路口,0,0,1,2,C03,8,5,5,30,4,1,5,5,4,5,13,1,1,10,5,5,2,13,2,38,3,10,6,1,7,5,1,10,2,13,,42,,1,21,121.5926691,25.0849992
113,3,5,18,43,2,10文山區,文山區忠順街1段26巷31號對面,0,0,1,2,C03,8,5,5,30,3,1,1,5,4,5,13,4,4,5,2,5,2,29,1,59,2,9,5,4,7,9,1,10,1,11,,14,,1,21,121.5591106,24.98145888
113,3,5,18,43,2,10文山區,文山區忠順街1段26巷31號對面,0,0,1,1,,8,5,5,30,3,1,1,5,4,5,13,4,4,5,2,5,2,29,3,0,,,,,,,,,,,,67,,1,,121.5591106,24.98145888
113,3,5,18,43,2,10文山區,文山區忠順街1段26巷31號對面,0,0,1,3,C03,8,5,5,30,3,1,1,5,4,5,13,4,4,5,2,5,2,29,1,35,3,10,3,4,7,13,1,10,9,14,,44,,1,21,121.5591106,24.98145888
113,3,5,18,43,2,10文山區,文山區忠順街1段26巷31號對面,0,0,1,4,C03,8,5,5,30,3,1,1,5,4,5,13,4,4,5,2,5,2,29,2,31,3,10,3,4,7,13,1,10,9,12,,44,,1,21,121.5591106,24.98145888
113,3,5,18,49,2,07信義區,信義區松仁路與松勤街口,0,0,1,1,C03,8,5,7,50,4,1,1,5,4,5,13,1,1,9,4,5,2,17,1,21,2,9,6,1,7,9,1,10,1,11,,13,,1,22,121.5683681,25.0319125
113,3,5,18,49,2,07信義區,信義區松仁路與松勤街口,0,0,1,2,B01,8,5,7,50,4,1,1,5,4,5,13,1,1,9,4,5,2,17,1,44,3,10,7,1,7,5,1,4,1,5,,71,,1,22,121.5683681,25.0319125
113,3,5,19,39,2,02萬華區,萬華區漢口街2段54-25號,0,0,1,1,H01,8,5,5,50,14,9,1,5,4,5,13,4,4,10,4,5,2,3,1,70,3,10,4,5,8,16,8,20,10,16,,121,,1,22,121.5063614,25.0457157
113,3,5,19,39,2,02萬華區,萬華區漢口街2段54-25號,0,0,1,2,C03,8,5,5,50,14,9,1,5,4,5,13,4,4,10,4,5,2,3,1,31,2,7,3,4,7,10,1,10,1,17,,101,,1,22,121.5063614,25.0457157
113,3,5,19,39,2,03中山區,中山區長春路與中山北路2段口,0,0,2,1,B01,7,5,5,50,4,2,1,5,4,5,13,2,1,4,5,5,1,16,1,57,3,10,3,4,7,5,1,4,1,8,,80,,1,21,121.5228735,25.0549681
113,3,5,19,39,2,03中山區,中山區長春路與中山北路2段口,0,0,2,2,C03,7,5,5,50,4,2,1,5,4,5,13,2,1,4,5,5,1,16,2,26,2,9,3,4,7,9,1,10,1,14,,44,,1,21,121.5228735,25.0549681
113,3,5,19,39,2,03中山區,中山區長春路與中山北路2段口,0,0,2,3,H02,7,5,5,50,4,2,1,5,4,5,13,2,1,4,5,5,1,16,2,24,2,8,3,5,7,20,8,20,10,16,,67,,1,21,121.5228735,25.0549681
113,3,5,20,45,2,03中山區,中山區南京東路2段21巷與新生北路2段5巷口,0,0,1,1,B03,8,5,5,50,3,1,1,5,4,5,13,4,4,10,5,5,2,15,1,28,3,10,7,1,7,6,1,8,11,8,,74,,2,21,121.5287831,25.05261271
113,3,5,20,45,2,03中山區,中山區南京東路2段21巷與新生北路2段5巷口,0,0,1,2,C03,8,5,5,50,3,1,1,5,4,5,13,4,4,10,5,5,2,15,2,32,2,9,5,1,7,9,1,10,1,12,,119,,1,21,121.5287831,25.05261271
113,3,5,21,10,2,08士林區,士林區重慶北路4段220巷與重慶北路4段口,0,0,1,1,B03,7,5,5,40,3,2,1,5,4,5,13,4,4,1,4,4,1,16,1,26,3,10,3,4,7,6,1,8,1,2,,9,,1,22,121.5114009,25.0857712
113,3,5,21,10,2,08士林區,士林區重慶北路4段220巷與重慶北路4段口,0,0,1,2,C03,7,5,5,40,3,2,1,5,4,5,13,4,4,1,4,4,1,16,1,22,2,9,3,4,7,9,1,10,1,14,,44,,1,22,121.5114009,25.0857712
113,3,5,21,20,2,02萬華區,萬華區西園路2段與西園路2段320巷口,0,1,0,1,C03,7,5,5,50,4,1,1,5,4,5,13,1,1,3,4,5,2,21,1,35,5,9,6,1,7,9,1,10,1,11,,108,,1,22,121.4922183,25.0259901
113,3,5,21,20,2,02萬華區,萬華區西園路2段與西園路2段320巷口,0,1,0,2,,7,5,5,50,4,1,1,5,4,5,13,1,1,3,4,5,2,21,3,0,,,,,,,,,,,,67,,1,,121.4922183,25.0259901
113,3,5,21,25,2,07信義區,信義區信義路5段與松仁路口,0,0,1,1,B03,8,5,5,50,4,1,1,5,4,5,13,1,1,1,4,5,2,17,1,47,3,10,7,1,7,6,1,8,2,2,,9,,1,22,121.5682013,25.0327426
113,3,5,21,25,2,07信義區,信義區信義路5段與松仁路口,0,0,1,2,C03,8,5,5,50,4,1,1,5,4,5,13,1,1,1,4,5,2,17,2,20,2,8,6,1,7,9,1,10,2,14,,44,,1,22,121.5682013,25.0327426
113,3,5,21,55,2,04大安區,大安區敦化南路1段187巷與忠孝東路4段147巷口,0,0,1,1,B02,8,6,5,30,4,1,1,5,4,5,13,4,4,10,5,5,2,15,1,34,3,10,7,1,7,9,1,8,1,8,,72,,1,21,121.5496638,25.0426071
113,3,5,21,55,2,04大安區,大安區敦化南路1段187巷與忠孝東路4段147巷口,0,0,1,2,C03,8,6,5,30,4,1,1,5,4,5,13,4,4,10,5,5,2,15,1,46,2,8,6,1,7,9,1,10,1,11,,14,,1,21,121.5496638,25.0426071
113,3,5,22,22,2,03中山區,中山區松江路133巷與南京東路2段115巷口,0,0,2,1,C03,8,5,5,30,4,1,1,5,4,5,13,4,4,5,1,5,2,15,2,23,2,9,6,4,7,9,1,10,1,11,,108,,1,22,121.5336243,25.05435977
113,3,5,22,22,2,03中山區,中山區松江路133巷與南京東路2段115巷口,0,0,2,2,C03,8,5,5,30,4,1,1,5,4,5,13,4,4,5,1,5,2,15,1,20,2,9,6,4,7,9,1,10,1,11,,80,,1,22,121.5336243,25.05435977
113,3,5,23,46,2,08士林區,士林區德行東路與德行東路93巷口,0,0,1,1,B03,7,5,5,50,3,2,1,5,4,5,13,4,4,9,4,5,2,17,2,42,4,11,3,4,7,21,7,19,9,15,,74,,2,21,121.5278727,25.10753443
113,3,5,23,46,2,08士林區,士林區德行東路與德行東路93巷口,0,0,1,2,C04,7,5,5,50,3,2,1,5,4,5,13,4,4,9,4,5,2,17,2,53,2,9,5,1,7,9,1,10,2,14,,27,,1,21,121.5278727,25.10753443
113,3,5,23,57,2,03中山區,中山區林森北路與民生東路1段23巷口,0,0,1,1,C03,8,5,5,50,4,1,1,5,4,5,13,1,1,5,5,5,2,13,2,43,2,8,5,1,7,9,3,18,1,11,,16,,1,22,121.5255228,25.05911774
113,3,5,23,57,2,03中山區,中山區林森北路與民生東路1段23巷口,0,0,1,2,B03,8,5,5,50,4,1,1,5,4,5,13,1,1,5,5,5,2,13,1,47,3,10,3,4,7,14,1,8,1,3,,44,,1,22,121.5255228,25.05911774
113,3,6,5,47,1,02萬華區,萬華區康定路與廣州街口,1,0,0,2,C03,8,5,5,50,4,1,1,5,4,5,13,2,1,5,5,5,2,16,1,57,1,1,5,1,7,9,6,10,1,12,,4,,1,26,121.5014334,25.03661639
113,3,6,5,47,1,02萬華區,萬華區康定路與廣州街口,1,0,0,1,B12,8,5,5,50,4,1,1,5,4,5,13,2,1,5,5,5,2,16,1,23,3,10,7,1,7,5,1,8,1,8,,8,,1,26,121.5014334,25.03661639
113,3,6,7,18,2,01大同區,大同區民權西路與蘭州街口,0,0,3,1,C03,8,6,5,50,4,2,1,5,4,5,13,2,1,1,5,5,2,16,1,63,2,8,6,1,7,8,6,18,1,13,,100,,1,22,121.5148181,25.0628496