發生年度,發生月,發生日,發生時-Hours,發生分,處理別-編號,區序,肇事地點,死亡人數,2-30日死亡人數,受傷人數,當事人序號,車種,天候,道路照明設備,道路類別,速限-速度限制,道路型態,事故位置,路面狀況1,路面狀況2,路面狀況3,道路障礙1,道路障礙2,號誌1,號誌2,車道劃分-分向,車道劃分-分道1,車道劃分-分道2,車道劃分-分道3,事故類型及型態,性別,年齡,受傷程度,主要傷處,保護裝置,行動電話,車輛用途,當事者行動狀態,駕駛資格情形,駕駛執照種類,飲酒情形,車輛撞擊部位1,車輛撞擊部位2,肇因碼-個別,肇因碼-主要,個人肇逃否,職業,座標-X,座標-Y
113,3,6,7,18,2,01大同區,大同區民權西路與蘭州街口,0,0,3,2,C03,8,6,5,50,4,2,1,5,4,5,13,2,1,1,5,5,2,16,1,46,2,9,6,1,7,9,1,10,1,11,,108,,1,22,121.5148181,25.0628496
113,3,6,7,18,2,01大同區,大同區民權西路與蘭州街口,0,0,3,3,H02,8,6,5,50,4,2,1,5,4,5,13,2,1,1,5,5,2,16,1,16,2,8,6,5,7,21,8,20,10,16,,67,,1,22,121.5148181,25.0628496
113,3,6,7,29,2,05中正區,中正區中山南路與青島西路口,0,0,1,1,C03,8,7,5,50,4,2,1,5,4,5,13,1,1,4,5,5,2,17,1,59,5,3,6,1,7,15,1,10,9,14,,42,,1,21,121.5191095,25.04455478
113,3,6,7,29,2,05中正區,中正區中山南路與青島西路口,0,0,1,2,C03,8,7,5,50,4,2,1,5,4,5,13,1,1,4,5,5,2,17,1,30,3,10,6,1,7,9,1,10,2,12,,44,,1,21,121.5191095,25.04455478
113,3,6,8,1,2,08士林區,士林區洲美快速道路往南,0,0,2,1,C02,6,7,5,50,14,9,1,4,4,5,13,4,4,10,5,5,2,12,1,32,2,9,3,4,7,8,1,9,2,12,,100,,1,21,121.497197,25.09631124
113,3,6,8,1,2,08士林區,士林區洲美快速道路往南,0,0,2,2,C03,6,7,5,50,14,9,1,4,4,5,13,4,4,10,5,5,2,12,1,49,2,9,3,4,7,9,1,10,2,14,,44,,1,21,121.497197,25.09631124
113,3,6,8,2,2,04大安區,大安區愛國東路79巷13號,0,0,1,1,B03,7,6,5,50,14,9,1,5,4,5,13,4,4,9,4,5,1,16,2,29,3,10,3,4,7,5,1,8,1,4,,8,,1,21,121.5276288,25.0325888
113,3,6,8,2,2,04大安區,大安區愛國東路79巷13號,0,0,1,2,C03,7,6,5,50,14,9,1,5,4,5,13,4,4,9,4,5,1,16,1,42,2,8,5,1,7,9,1,10,1,12,,108,,1,21,121.5276288,25.0325888
113,3,6,8,2,2,09北投區,北投區大業路與大業路527巷口,0,0,2,1,C03,6,5,5,50,5,1,1,4,4,5,13,1,1,5,2,4,1,16,1,28,2,9,5,1,7,5,1,10,1,14,,80,,1,21,121.4962507,25.1344628
113,3,6,8,2,2,09北投區,北投區大業路與大業路527巷口,0,0,2,2,C03,6,5,5,50,5,1,1,4,4,5,13,1,1,5,2,4,1,16,1,41,2,7,5,1,7,9,1,10,1,12,,108,,1,21,121.4962507,25.1344628
113,3,6,8,12,2,02萬華區,萬華區西園路2段254巷與西藏路259巷口,0,0,1,1,C03,7,7,5,30,3,2,1,5,4,5,13,4,4,10,5,5,2,15,1,50,3,10,5,1,7,9,1,10,1,11,,14,,1,21,121.494343,25.0282271
113,3,6,8,12,2,02萬華區,萬華區西園路2段254巷與西藏路259巷口,0,0,1,2,C03,7,7,5,30,3,2,1,5,4,5,13,4,4,10,5,5,2,15,1,35,2,9,5,1,7,15,1,10,1,11,,75,,1,21,121.494343,25.0282271
113,3,6,8,13,2,03中山區,中山區松江路與建國北路3段口,0,0,1,1,C03,6,7,5,50,4,1,1,5,4,5,13,1,1,10,5,5,2,16,1,47,3,10,6,1,7,6,1,10,1,12,,9,,1,21,121.533124,25.0677575
113,3,6,8,13,2,03中山區,中山區松江路與建國北路3段口,0,0,1,2,C03,6,7,5,50,4,1,1,5,4,5,13,1,1,10,5,5,2,16,1,29,2,9,6,1,7,9,1,10,1,11,,44,,1,21,121.533124,25.0677575
113,3,6,8,21,2,01大同區,大同區鄭州路與鄭州路29巷口,0,0,1,1,C03,6,6,5,40,3,2,1,4,4,5,13,1,1,1,5,5,2,13,2,27,2,8,6,1,7,9,1,10,1,11,,16,,1,22,121.5141995,25.0492987
113,3,6,8,21,2,01大同區,大同區鄭州路與鄭州路29巷口,0,0,1,2,B03,6,6,5,40,3,2,1,4,4,5,13,1,1,1,5,5,2,13,1,68,3,10,7,1,7,9,1,8,1,3,,44,,1,22,121.5141995,25.0492987
113,3,6,8,21,2,01大同區,大同區鄭州路與鄭州路29巷口,0,0,1,3,B03,6,6,5,40,3,2,1,4,4,5,13,1,1,1,5,5,2,13,1,48,3,10,7,1,7,8,1,8,1,17,,100,,1,22,121.5141995,25.0492987
113,3,6,8,23,2,01大同區,大同區台北橋機慢車道西往東(第1根燈桿旁),0,0,1,1,C03,6,7,5,40,14,11,1,4,4,5,13,4,4,1,4,5,2,12,1,45,3,10,5,1,7,9,1,10,2,15,,118,,1,22,121.5105447,25.0629246
113,3,6,8,23,2,01大同區,大同區台北橋機慢車道西往東(第1根燈桿旁),0,0,1,2,C03,6,7,5,40,14,11,1,4,4,5,13,4,4,1,4,5,2,12,2,50,2,9,5,1,7,9,1,10,2,14,,118,,1,22,121.5105447,25.0629246
113,3,6,8,30,2,09北投區,北投區中央南路2段與三合街2段口,0,0,1,1,C03,6,7,5,40,4,1,1,4,4,5,13,1,1,5,5,5,2,17,2,44,3,10,6,1,7,6,1,10,2,12,,9,,1,21,121.5003998,25.1262335
113,3,6,8,30,2,09北投區,北投區中央南路2段與三合街2段口,0,0,1,2,C03,6,7,5,40,4,1,1,4,4,5,13,1,1,5,5,5,2,17,2,38,2,9,6,1,7,9,1,10,2,11,,108,,1,21,121.5003998,25.1262335
113,3,6,8,33,2,02萬華區,萬華區環河南路3段與艋舺大道口,0,0,1,1,C03,7,6,5,50,3,1,1,5,4,5,13,4,4,8,3,5,1,17,1,44,3,10,5,1,7,1,1,10,2,17,,19,,1,21,121.4895466,25.0275007
113,3,6,8,33,2,02萬華區,萬華區環河南路3段與艋舺大道口,0,0,1,2,C03,7,6,5,50,3,1,1,5,4,5,13,4,4,8,3,5,1,17,1,38,2,9,5,1,7,6,1,10,2,11,,44,,1,21,121.4895466,25.0275007
113,3,6,8,39,2,03中山區,中山區北安路與北安路口側附近630巷口,0,0,1,1,B03,6,6,5,50,4,1,1,4,4,5,13,2,1,3,4,5,2,16,2,40,3,10,7,1,7,5,1,8,2,6,,71,,1,21,121.549046,25.08287505
113,3,6,8,39,2,03中山區,中山區北安路與北安路口側附近630巷口,0,0,1,2,C03,6,6,5,50,4,1,1,4,4,5,13,2,1,3,4,5,2,16,2,35,2,9,5,1,7,9,1,10,2,12,,13,,1,21,121.549046,25.08287505
113,3,6,8,39,2,12內湖區,內湖區麥帥一橋機車道西向東,0,0,1,1,C03,6,6,5,40,8,11,1,4,4,5,13,4,4,3,4,5,1,13,1,24,3,10,5,1,7,9,1,10,1,11,,16,,1,21,121.576343,25.0541361
113,3,6,8,39,2,12內湖區,內湖區麥帥一橋機車道西向東,0,0,1,2,C03,6,6,5,40,8,11,1,4,4,5,13,4,4,3,4,5,1,13,1,34,2,8,5,1,7,15,1,10,1,13,,44,,1,21,121.576343,25.0541361
113,3,6,8,47,2,03中山區,中山區龍江路305巷與龍江路口側附近口,0,0,1,1,B12,6,7,5,50,4,1,1,4,4,5,13,4,4,9,5,5,2,12,1,60,3,10,7,1,7,15,1,8,2,8,,17,,1,22,121.5412148,25.0611288
113,3,6,8,47,2,03中山區,中山區龍江路305巷與龍江路口側附近口,0,0,1,2,C03,6,7,5,50,4,1,1,4,4,5,13,4,4,9,5,5,2,12,2,46,2,9,6,1,7,9,1,10,1,12,,44,,1,22,121.5412148,25.0611288
113,3,6,8,50,2,02萬華區,萬華區堤外便道接水源快速道路匝道口,0,0,1,1,B03,8,7,5,40,3,1,1,5,4,5,13,4,4,9,5,5,2,17,2,71,3,10,7,1,7,6,1,8,1,2,,14,,1,21,121.4982895,25.0161926
113,3,6,8,50,2,02萬華區,萬華區堤外便道接水源快速道路匝道口,0,0,1,2,C03,8,7,5,40,3,1,1,5,4,5,13,4,4,9,5,5,2,17,1,53,2,8,5,1,7,9,1,10,1,14,,14,,1,21,121.4982895,25.0161926
113,3,6,8,55,2,04大安區,大安區臥龍街151巷21號,0,0,1,1,F01,7,5,5,0,14,9,1,5,4,5,13,4,4,9,5,5,2,12,1,95,4,11,4,4,7,5,8,20,11,11,,101,,1,22,121.5520024,25.0199298
113,3,6,8,55,2,04大安區,大安區臥龍街151巷21號,0,0,1,2,C03,7,5,5,0,14,9,1,5,4,5,13,4,4,9,5,5,2,12,2,23,2,8,6,1,7,9,1,10,1,11,,44,,1,21,121.5520024,25.0199298
113,3,6,8,57,2,12內湖區,內湖區行愛路與新湖二路口,0,0,1,2,C03,6,6,5,50,4,1,1,4,4,5,13,1,1,10,5,5,2,17,1,30,2,9,6,1,7,9,1,10,11,12,,16,,1,21,121.5400478,25.0816157
113,3,6,8,57,2,12內湖區,內湖區行愛路與新湖二路口,0,0,1,1,C03,6,6,5,50,4,1,1,4,4,5,13,1,1,10,5,5,2,17,1,32,3,10,6,1,7,5,1,10,11,15,,44,,2,22,121.5400478,25.0816157
113,3,6,9,17,2,06松山區,松山區南京東路4段158巷與南京東路4段口,0,0,1,1,B03,6,6,5,30,3,1,1,4,4,5,13,4,4,1,3,4,2,17,1,41,3,10,7,1,7,6,1,8,1,1,,72,,1,22,121.5563786,25.05142851
113,3,6,9,17,2,06松山區,松山區南京東路4段158巷與南京東路4段口,0,0,1,2,C03,6,6,5,30,3,1,1,4,4,5,13,4,4,1,3,4,2,17,1,63,2,8,6,1,7,9,1,10,1,12,,44,,1,21,121.5563786,25.05142851
113,3,6,9,19,2,02萬華區,萬華區和平西路3段232號,0,0,2,1,H01,7,7,8,50,14,9,1,5,4,5,13,4,4,1,4,5,2,3,1,71,2,9,4,5,8,18,8,20,10,16,,121,,1,21,121.4970887,25.0352789
113,3,6,9,19,2,02萬華區,萬華區和平西路3段232號,0,0,2,2,C03,7,7,8,50,14,9,1,5,4,5,13,4,4,1,4,5,2,3,1,43,2,9,5,1,7,9,1,10,1,14,,108,,1,21,121.4970887,25.0352789
113,3,6,9,29,2,01大同區,大同區重慶北路2段與民權西路口,0,0,1,1,B01,6,6,5,40,4,2,1,4,4,5,13,1,1,1,4,5,2,9,1,61,3,10,7,1,7,9,1,4,1,5,,70,,1,21,121.513815,25.0629329
113,3,6,9,29,2,01大同區,大同區重慶北路2段與民權西路口,0,0,1,2,H01,6,6,5,40,4,2,1,4,4,5,13,1,1,1,4,5,2,9,2,19,2,9,4,5,8,20,8,20,10,16,,67,,1,21,121.513815,25.0629329
113,3,6,9,52,2,07信義區,信義區崇德街146巷與崇德街206巷口,0,0,1,1,B03,8,7,5,30,4,1,1,5,4,5,13,3,1,10,5,5,2,15,1,46,3,10,7,1,7,9,1,8,2,4,,14,,1,21,121.55769,25.022741
113,3,6,9,52,2,07信義區,信義區崇德街146巷與崇德街206巷口,0,0,1,2,C03,8,7,5,30,4,1,1,5,4,5,13,3,1,10,5,5,2,15,2,55,2,9,5,1,7,9,1,10,2,11,,14,,1,21,121.55769,25.022741
113,3,6,11,3,2,07信義區,信義區基隆路2段與基隆路2段147巷口,0,0,2,1,C03,6,7,5,50,3,1,1,4,4,5,13,4,4,3,4,5,2,12,2,58,2,9,5,1,7,9,1,10,2,11,,108,,1,21,121.5556437,25.026973
113,3,6,11,3,2,07信義區,信義區基隆路2段與基隆路2段147巷口,0,0,2,2,C03,6,7,5,50,3,1,1,4,4,5,13,4,4,3,4,5,2,12,1,24,2,9,5,1,7,7,1,10,2,14,,100,,1,21,121.5556437,25.026973
113,3,6,11,3,2,07信義區,信義區基隆路2段與基隆路2段147巷口,0,0,2,3,B03,6,7,5,50,3,1,1,4,4,5,13,4,4,3,4,5,2,12,1,50,3,10,3,4,7,3,1,8,2,4,,44,,1,21,121.5556437,25.026973
113,3,6,11,36,2,09北投區,北投區立農街1段與承德路7段口,0,0,1,1,B03,6,7,5,30,3,1,1,4,4,5,13,4,4,10,5,5,2,16,2,44,3,10,7,1,7,6,1,8,2,8,,72,,1,21,121.5025848,25.1187004
113,3,6,11,36,2,09北投區,北投區立農街1段與承德路7段口,0,0,1,2,C03,6,7,5,30,3,1,1,4,4,5,13,4,4,10,5,5,2,16,1,36,2,9,6,1,7,9,1,9,2,12,,44,,1,21,121.5025848,25.1187004
113,3,6,12,0,2,01大同區,大同區延平北路2段與民生西路口,0,0,1,1,C03,6,6,5,50,14,9,1,4,4,5,13,4,4,5,4,5,2,17,1,47,3,10,5,1,7,15,3,18,1,12,,99,,1,21,121.5116417,25.0567019
113,3,6,12,0,2,01大同區,大同區延平北路2段與民生西路口,0,0,1,2,C03,6,6,5,50,14,9,1,4,4,5,13,4,4,5,4,5,2,17,2,60,2,6,6,1,7,9,1,10,1,14,,44,,1,21,121.5116417,25.0567019
113,3,6,12,20,2,08士林區,士林區德行東路與德行東路81巷口,0,0,1,1,B03,6,5,5,50,4,1,1,4,4,5,13,4,4,5,5,5,1,17,2,62,3,10,7,1,7,5,1,8,1,1,,8,,1,21,121.5269166,25.1071747
113,3,6,12,20,2,08士林區,士林區德行東路與德行東路81巷口,0,0,1,2,C03,6,5,5,50,4,1,1,4,4,5,13,4,4,5,5,5,1,17,2,74,2,9,5,1,7,9,1,10,1,11,,44,,1,21,121.5269166,25.1071747
113,3,6,12,20,2,10文山區,文山區木柵路4段157-1號,0,0,1,1,B03,6,6,5,50,14,9,1,4,4,5,13,4,4,5,4,5,2,16,1,50,3,10,7,1,7,5,1,8,2,1,,8,,1,21,121.575454,24.99951027
113,3,6,12,20,2,10文山區,文山區木柵路4段157-1號,0,0,1,2,C03,6,6,5,50,14,9,1,4,4,5,13,4,4,5,4,5,2,16,1,39,2,9,6,1,7,9,1,10,2,14,,44,,1,21,121.575454,24.99951027
113,3,6,12,31,2,02萬華區,萬華區長沙街2段57號,0,0,1,1,B01,6,7,5,50,14,9,1,4,4,5,13,4,4,8,3,5,2,17,1,67,3,10,7,1,7,8,1,4,9,17,,100,,1,21,121.5055155,25.0406255
113,3,6,12,31,2,02萬華區,萬華區長沙街2段57號,0,0,1,2,C03,6,7,5,50,14,9,1,4,4,5,13,4,4,8,3,5,2,17,1,39,2,9,5,1,7,9,1,9,2,14,,44,,1,21,121.5055155,25.0406255
113,3,6,12,36,2,11南港區,南港區三重路41巷第0405137號燈桿,0,0,1,1,,6,7,5,0,14,9,1,4,5,1,11,4,4,10,1,5,2,28,3,50,,,,,,,,,,,,67,,1,,121.6138774,25.0599394
113,3,6,12,36,2,11南港區,南港區三重路41巷第0405137號燈桿,0,0,1,2,C03,6,7,5,0,14,9,1,4,5,1,11,4,4,10,1,5,2,28,2,54,2,3,5,1,5,9,1,10,2,14,,42,,1,21,121.6138774,25.0599394
113,3,6,13,10,2,08士林區,士林區仁民路與仰德大道4段口,0,0,1,1,B03,6,7,5,30,3,1,2,4,4,5,13,4,4,5,5,5,1,15,2,59,3,10,3,4,7,9,1,8,1,4,,72,,1,21,121.5458522,25.13401224
113,3,6,13,10,2,08士林區,士林區仁民路與仰德大道4段口,0,0,1,2,C03,6,7,5,30,3,1,2,4,4,5,13,4,4,5,5,5,1,15,1,21,2,9,5,1,7,9,1,10,1,11,,13,,1,21,121.5458522,25.13401224
113,3,6,13,12,2,05中正區,中正區中山南路與凱達格蘭大道口,0,0,1,1,B03,6,6,5,50,5,1,1,4,4,5,13,1,1,1,4,5,2,15,1,22,3,10,7,1,7,15,1,8,2,5,,81,,1,21,121.5172722,25.0392491
113,3,6,13,12,2,05中正區,中正區中山南路與凱達格蘭大道口,0,0,1,2,C03,6,6,5,50,5,1,1,4,4,5,13,1,1,1,4,5,2,15,1,53,2,9,6,1,7,15,1,10,2,11,,44,,1,21,121.5172722,25.0392491
113,3,6,13,39,2,06松山區,松山區三民路與南京東路5段251巷32弄口,0,0,2,1,C03,7,7,5,50,3,1,1,4,4,5,13,4,4,5,4,5,2,17,1,73,2,9,6,1,7,5,1,10,1,14,,8,,1,22,121.5638567,25.05294836
113,3,6,13,39,2,06松山區,松山區三民路與南京東路5段251巷32弄口,0,0,2,2,C03,7,7,5,50,3,1,1,4,4,5,13,4,4,5,4,5,2,17,1,27,2,9,6,1,7,9,1,10,1,11,,14,,1,22,121.5638567,25.05294836
113,3,6,13,50,2,11南港區,南港區忠孝東路6段與東新街口,0,0,1,1,B03,7,7,5,50,4,2,1,5,4,5,13,2,1,1,2,4,2,16,1,29,3,10,7,1,7,11,1,8,1,5,,80,,1,21,121.5847169,25.0478178
113,3,6,13,50,2,11南港區,南港區忠孝東路6段與東新街口,0,0,1,2,C03,7,7,5,50,4,2,1,5,4,5,13,2,1,1,2,4,2,16,2,27,2,9,6,1,7,6,1,10,1,11,,80,,1,21,121.5847169,25.0478178
113,3,6,15,53,2,12內湖區,內湖區成功路3段75號,0,0,1,1,B03,6,5,5,50,14,9,1,4,4,5,13,4,4,3,4,5,2,16,2,36,3,10,7,1,7,8,1,8,2,2,,100,,1,21,121.5899212,25.07784112
113,3,6,15,53,2,12內湖區,內湖區成功路3段75號,0,0,1,2,C03,6,5,5,50,14,9,1,4,4,5,13,4,4,3,4,5,2,16,1,39,2,9,5,1,7,9,1,10,2,12,,44,,1,21,121.5899212,25.07784112
113,3,6,15,53,2,12內湖區,內湖區成功路3段75號,0,0,1,3,B03,6,5,5,50,14,9,1,4,4,5,13,4,4,3,4,5,2,16,1,72,4,11,3,4,7,13,7,19,11,4,,44,,1,21,121.5899212,25.07784112
113,3,6,16,13,2,08士林區,士林區延平北路6段511巷延平幹 52 L16 B6152 FD77電桿,0,0,1,1,B03,6,6,5,40,11,9,1,4,4,5,13,4,4,10,5,5,1,17,2,29,3,10,7,1,7,1,1,8,1,8,,19,,1,21,121.4981752,25.09329628
113,3,6,16,13,2,08士林區,士林區延平北路6段511巷延平幹 52 L16 B6152 FD77電桿,0,0,1,2,C03,6,6,5,40,11,9,1,4,4,5,13,4,4,10,5,5,1,17,1,25,2,9,5,1,7,9,1,10,1,11,,44,,1,21,121.4981752,25.09329628
113,3,6,16,47,1,08士林區,士林區至善路2段469號,1,0,0,1,C03,8,6,5,50,14,9,1,4,4,3,13,4,4,4,4,5,2,13,1,38,1,1,5,4,7,9,1,10,9,11,,108,,1,21,121.5575441,25.11079066
113,3,6,16,47,1,08士林區,士林區至善路2段469號,1,0,0,2,B12,8,6,5,50,14,9,1,4,4,3,13,4,4,4,4,5,2,13,1,28,3,10,3,4,7,13,1,8,2,7,,38,,1,21,121.5575441,25.11079066
113,3,6,17,2,2,08士林區,士林區中山北路7段與天玉街38巷口,0,0,1,1,B03,6,6,5,50,4,1,1,4,4,5,13,1,1,1,4,5,1,17,2,49,3,10,7,1,7,5,1,8,2,2,,74,,1,21,121.530477,25.11891724
113,3,6,17,2,2,08士林區,士林區中山北路7段與天玉街38巷口,0,0,1,2,C03,6,6,5,50,4,1,1,4,4,5,13,1,1,1,4,5,1,17,1,29,2,9,6,1,7,9,1,10,2,11,,13,,1,21,121.530477,25.11891724
113,3,6,17,20,2,01大同區,大同區延平北路3段18巷6號,0,0,1,1,B03,6,6,5,30,14,9,1,4,4,5,13,4,4,10,5,5,2,17,1,52,4,11,3,4,7,21,7,19,9,15,,40,,2,21,121.5107744,25.06395153
113,3,6,17,20,2,01大同區,大同區延平北路3段18巷6號,0,0,1,2,C03,6,6,5,30,14,9,1,4,4,5,13,4,4,10,5,5,2,17,1,53,2,9,6,1,7,9,1,10,1,12,,44,,1,21,121.5107744,25.06395153
113,3,6,17,20,2,07信義區,信義區基隆路1段與信義路4段口,0,0,1,1,C03,6,5,5,50,4,1,1,4,4,5,13,1,1,1,4,5,2,12,1,60,3,10,5,4,7,7,1,10,2,14,,100,,1,26,121.5595605,25.0332569
113,3,6,17,20,2,07信義區,信義區基隆路1段與信義路4段口,0,0,1,2,C03,6,5,5,50,4,1,1,4,4,5,13,1,1,1,4,5,2,12,2,37,2,9,3,4,7,9,1,10,2,12,,108,,1,22,121.5595605,25.0332569
113,3,6,17,30,2,01大同區,大同區承德路3段與承德路3段129巷口,0,0,1,1,B03,6,6,5,50,4,2,1,4,4,5,13,1,1,1,4,5,2,17,1,68,3,10,7,1,7,6,1,4,1,8,,9,,1,22,121.5184788,25.06741708
113,3,6,17,30,2,01大同區,大同區承德路3段與承德路3段129巷口,0,0,1,2,C03,6,6,5,50,4,2,1,4,4,5,13,1,1,1,4,5,2,17,2,25,2,9,5,1,7,5,1,10,1,13,,8,,1,22,121.5184788,25.06741708
113,3,6,17,56,2,06松山區,松山區南京東路5段162號,0,0,1,1,B01,6,5,5,50,14,7,1,4,4,5,13,4,4,3,4,4,2,16,1,56,2,1,7,1,7,8,1,4,1,8,,108,,1,22,121.5629985,25.05137702
113,3,6,17,56,2,06松山區,松山區南京東路5段162號,0,0,1,2,B03,6,5,5,50,14,7,1,4,4,5,13,4,4,3,4,4,2,16,1,37,3,10,7,1,7,14,1,8,1,2,,44,,1,22,121.5629985,25.05137702
113,3,6,18,0,2,10文山區,文山區木柵路1段與木柵路1段103巷口,0,0,3,1,C03,6,5,5,50,3,2,1,4,4,5,13,4,4,10,5,5,1,17,1,23,2,9,5,1,7,5,1,10,1,11,,74,,1,21,121.5476834,24.9870903
113,3,6,18,0,2,10文山區,文山區木柵路1段與木柵路1段103巷口,0,0,3,2,C03,6,5,5,50,3,2,1,4,4,5,13,4,4,10,5,5,1,17,1,49,2,9,5,1,7,9,1,10,1,11,,44,,1,21,121.5476834,24.9870903
113,3,6,18,0,2,10文山區,文山區木柵路1段與木柵路1段103巷口,0,0,3,3,H02,6,5,5,50,3,2,1,4,4,5,13,4,4,10,5,5,1,17,2,22,2,9,5,5,7,21,8,20,10,16,,67,,1,21,121.5476834,24.9870903
113,3,6,18,0,2,10文山區,文山區新光路1段32巷19-29號,0,0,1,1,C03,6,5,5,30,14,9,1,4,4,5,13,4,4,10,5,5,1,16,1,30,2,8,6,1,7,1,1,10,1,11,,19,,1,21,121.5726147,24.98984604
113,3,6,18,0,2,10文山區,文山區新光路1段32巷19-29號,0,0,1,2,B02,6,5,5,30,14,9,1,4,4,5,13,4,4,10,5,5,1,16,1,22,3,10,7,4,7,9,1,8,1,8,,44,,1,21,121.5726147,24.98984604
113,3,6,18,5,2,07信義區,信義區一號道路,0,0,1,1,C03,6,5,5,50,14,9,4,4,4,5,13,1,1,9,5,5,2,18,2,32,2,9,3,4,7,9,1,10,9,17,,44,,1,21,121.5624884,25.0373184
113,3,6,18,5,2,07信義區,信義區一號道路,0,0,1,2,F01,6,5,5,50,14,9,4,4,4,5,13,1,1,9,5,5,2,18,4,0,,,,,,,,,11,,,67,,1,,121.5624884,25.0373184
113,3,6,18,14,2,07信義區,信義區基隆路2段與信義路5段口口,0,0,2,1,C03,6,5,5,50,4,1,1,4,4,5,13,2,1,1,4,5,2,9,1,60,2,9,6,1,7,6,1,10,2,11,,70,,1,22,121.5598359,25.032967
113,3,6,18,14,2,07信義區,信義區基隆路2段與信義路5段口口,0,0,2,2,H01,6,5,5,50,4,1,1,4,4,5,13,2,1,1,4,5,2,9,1,54,2,6,4,5,8,16,8,20,10,16,,53,,1,22,121.5598359,25.032967
113,3,6,18,15,2,07信義區,信義區忠孝東路5段236巷與忠孝東路5段236巷45弄口,0,0,1,1,B03,6,5,5,0,4,1,1,4,4,5,13,4,4,5,5,5,2,17,1,62,3,10,3,4,7,1,1,8,1,17,,19,,1,21,121.5718379,25.0375018
113,3,6,18,15,2,07信義區,信義區忠孝東路5段236巷與忠孝東路5段236巷45弄口,0,0,1,2,C03,6,5,5,0,4,1,1,4,4,5,13,4,4,5,5,5,2,17,1,27,2,9,3,4,7,9,1,10,1,14,,13,,1,21,121.5718379,25.0375018
113,3,6,18,16,2,12內湖區,內湖區成功路4段199號前,0,0,1,1,C03,6,5,5,40,14,8,1,4,4,5,13,4,4,1,4,4,2,12,1,33,3,10,5,1,7,7,1,10,2,14,,100,,1,21,121.5958561,25.08426325
113,3,6,18,16,2,12內湖區,內湖區成功路4段199號前,0,0,1,2,C03,6,5,5,40,14,8,1,4,4,5,13,4,4,1,4,4,2,12,1,60,2,9,5,1,7,9,1,10,2,12,,44,,1,21,121.5958561,25.08426325
113,3,6,18,16,2,12內湖區,內湖區成功路4段199號前,0,0,1,3,C03,6,5,5,40,14,8,1,4,4,5,13,4,4,1,4,4,2,12,1,23,3,10,5,1,7,14,1,10,2,17,,44,,1,21,121.5958561,25.08426325
113,3,6,18,22,2,04大安區,大安區和平東路1段129號,0,0,1,1,B03,6,5,5,50,14,9,1,4,4,5,13,2,1,8,3,5,2,12,1,31,3,10,7,1,7,9,1,8,1,1,,107,,1,21,121.5286955,25.0266647
113,3,6,18,22,2,04大安區,大安區和平東路1段129號,0,0,1,2,C03,6,5,5,50,14,9,1,4,4,5,13,2,1,8,3,5,2,12,2,41,2,9,6,1,7,15,1,10,1,13,,44,,1,21,121.5286955,25.0266647
113,3,6,18,44,2,01大同區,大同區承德路3段南往北近敦煌路,0,0,1,1,C03,6,5,5,50,14,9,1,4,4,5,13,4,4,9,4,5,2,17,1,46,2,9,5,1,7,9,1,10,1,12,,118,,1,21,121.5198254,25.0741489
113,3,6,18,44,2,01大同區,大同區承德路3段南往北近敦煌路,0,0,1,2,C03,6,5,5,50,14,9,1,4,4,5,13,4,4,9,4,5,2,17,1,40,3,10,5,1,7,9,1,10,1,13,,118,,1,21,121.5198254,25.0741489
113,3,6,18,44,2,01大同區,大同區承德路3段南往北近敦煌路,0,0,1,3,C03,6,5,5,50,14,9,1,4,4,5,13,4,4,9,4,5,2,17,1,41,3,10,5,1,7,9,1,10,1,13,,44,,1,21,121.5198254,25.0741489
113,3,6,19,3,2,03中山區,中山區崇實路與大直街62巷口對面,0,0,1,1,B03,6,5,5,50,3,1,1,4,4,5,13,2,1,10,3,5,1,12,1,41,3,10,7,1,7,1,1,8,1,4,,19,,1,21,121.5447791,25.080788
113,3,6,19,3,2,03中山區,中山區崇實路與大直街62巷口對面,0,0,1,2,C03,6,5,5,50,3,1,1,4,4,5,13,2,1,10,3,5,1,12,2,18,2,9,5,1,7,9,1,10,1,11,,44,,1,21,121.5447791,25.080788
113,3,6,19,20,2,12內湖區,內湖區內湖路1段711號與內湖路1段口,0,0,1,1,B03,6,5,5,50,3,2,1,4,4,5,13,4,4,1,4,5,2,17,2,28,3,10,7,1,7,6,1,8,1,2,,9,,1,21,121.5773781,25.07935593
113,3,6,19,20,2,12內湖區,內湖區內湖路1段711號與內湖路1段口,0,0,1,2,C03,6,5,5,50,3,2,1,4,4,5,13,4,4,1,4,5,2,17,1,49,2,9,6,1,7,6,1,10,1,11,,9,,1,21,121.5773781,25.07935593
113,3,6,19,28,2,03中山區,中山區南京東路2段與伊通街口,0,0,1,1,C03,6,5,5,50,4,1,1,4,4,5,13,2,1,4,5,5,1,17,1,53,3,10,3,4,7,11,1,10,1,17,,10,,1,21,121.5347773,25.0518715
113,3,6,19,28,2,03中山區,中山區南京東路2段與伊通街口,0,0,1,2,C03,6,5,5,50,4,1,1,4,4,5,13,2,1,4,5,5,1,17,2,28,2,9,3,4,7,9,1,10,1,14,,44,,1,21,121.5347773,25.0518715
113,3,6,19,35,2,03中山區,中山區吉林路與吉林路315巷口,0,0,4,1,C03,6,5,5,30,4,2,1,4,4,5,13,4,4,5,5,4,2,16,2,36,2,9,3,4,7,1,1,10,1,13,,19,,1,21,121.5302759,25.0634111
113,3,6,19,35,2,03中山區,中山區吉林路與吉林路315巷口,0,0,4,2,C03,6,5,5,30,4,2,1,4,4,5,13,4,4,5,5,4,2,16,2,23,2,8,3,4,7,9,1,10,1,11,,44,,1,21,121.5302759,25.0634111