發生年度,發生月,發生日,發生時-Hours,發生分,處理別-編號,區序,肇事地點,死亡人數,2-30日死亡人數,受傷人數,當事人序號,車種,天候,道路照明設備,道路類別,速限-速度限制,道路型態,事故位置,路面狀況1,路面狀況2,路面狀況3,道路障礙1,道路障礙2,號誌1,號誌2,車道劃分-分向,車道劃分-分道1,車道劃分-分道2,車道劃分-分道3,事故類型及型態,性別,年齡,受傷程度,主要傷處,保護裝置,行動電話,車輛用途,當事者行動狀態,駕駛資格情形,駕駛執照種類,飲酒情形,車輛撞擊部位1,車輛撞擊部位2,肇因碼-個別,肇因碼-主要,個人肇逃否,職業,座標-X,座標-Y
113,3,6,19,35,2,03中山區,中山區吉林路與吉林路315巷口,0,0,4,3,C03,6,5,5,30,4,2,1,4,4,5,13,4,4,5,5,4,2,16,1,30,2,9,3,4,7,9,1,10,1,11,,108,,1,21,121.5302759,25.0634111
113,3,6,19,35,2,03中山區,中山區吉林路與吉林路315巷口,0,0,4,4,H02,6,5,5,30,4,2,1,4,4,5,13,4,4,5,5,4,2,16,2,22,2,9,3,5,7,20,8,20,10,16,,67,,1,21,121.5302759,25.0634111
113,3,6,19,35,2,05中正區,中正區羅斯福路3段與羅斯福路3段240巷口,0,0,1,1,B03,6,5,5,30,3,1,1,4,4,5,13,4,4,3,4,5,2,17,1,56,3,10,7,3,7,6,1,8,11,1,,72,,2,21,121.5307434,25.0180888
113,3,6,19,35,2,05中正區,中正區羅斯福路3段與羅斯福路3段240巷口,0,0,1,2,C03,6,5,5,30,3,1,1,4,4,5,13,4,4,3,4,5,2,17,1,18,2,9,5,1,7,9,1,10,1,14,,14,,1,21,121.5307434,25.0180888
113,3,6,19,47,2,03中山區,中山區林森北路104號,0,0,1,1,H01,6,5,5,0,14,9,1,4,4,5,13,4,4,1,5,5,1,3,2,38,2,9,4,5,8,16,8,20,10,16,,53,,1,21,121.525014,25.05080014
113,3,6,19,47,2,03中山區,中山區林森北路104號,0,0,1,2,C03,6,5,5,0,14,9,1,4,4,5,13,4,4,1,5,5,1,3,1,18,3,10,3,4,7,9,1,10,2,11,,108,,1,21,121.525014,25.05080014
113,3,6,19,50,2,08士林區,士林區通河街與通河街2巷口,0,0,1,1,C03,6,5,5,50,4,1,1,4,4,5,13,3,1,5,3,5,1,17,2,32,3,10,5,1,7,9,1,10,1,12,,4,,1,21,121.5237365,25.07989135
113,3,6,19,50,2,08士林區,士林區通河街與通河街2巷口,0,0,1,2,C03,6,5,5,50,4,1,1,4,4,5,13,3,1,5,3,5,1,17,1,37,2,9,5,1,7,5,1,10,1,14,,101,,1,21,121.5237365,25.07989135
113,3,6,19,55,2,03中山區,中山區長安東路1段與長安東路1段56巷口,0,0,2,1,H01,6,5,5,50,4,2,1,4,4,5,13,4,4,5,4,5,2,3,2,72,2,9,4,5,8,16,8,20,10,16,,121,,1,22,121.5291183,25.0480982
113,3,6,19,55,2,03中山區,中山區長安東路1段與長安東路1段56巷口,0,0,2,2,C03,6,5,5,50,4,2,1,4,4,5,13,4,4,5,4,5,2,3,1,33,2,9,5,1,7,9,1,10,2,11,,108,,1,22,121.5291183,25.0480982
113,3,6,20,33,2,03中山區,中山區民族東路67號,0,0,1,1,C03,6,5,5,50,14,5,1,4,4,5,13,4,4,1,4,4,2,10,1,21,2,9,3,4,7,9,1,10,2,11,,99,,1,21,121.5357517,25.06825428
113,3,6,20,33,2,03中山區,中山區民族東路67號,0,0,1,2,E03,6,5,5,50,14,5,1,4,4,5,13,4,4,1,4,4,2,10,1,23,3,10,3,4,7,12,1,8,2,1,,44,,1,23,121.5357517,25.06825428
113,3,6,20,49,2,04大安區,大安區基隆路4段公車公館站,0,0,1,1,A02,8,5,5,50,14,9,1,5,4,5,13,4,4,8,4,5,2,9,1,61,3,10,7,1,7,1,1,2,1,17,,36,,1,21,121.5374911,25.0116573
113,3,6,20,49,2,04大安區,大安區基隆路4段公車公館站,0,0,1,2,H02,8,5,5,50,14,9,1,5,4,5,13,4,4,8,4,5,2,9,1,25,2,8,4,5,7,19,8,20,10,16,,67,,1,21,121.5374911,25.0116573
113,3,6,21,8,2,07信義區,信義區信義路6段與松德路口,0,0,1,1,B03,6,5,5,50,4,2,1,4,4,5,13,2,1,9,4,5,2,12,1,49,3,10,7,1,7,9,1,8,2,2,,17,,1,22,121.5748918,25.0337963
113,3,6,21,8,2,07信義區,信義區信義路6段與松德路口,0,0,1,2,C03,6,5,5,50,4,2,1,4,4,5,13,2,1,9,4,5,2,12,2,32,2,8,6,1,7,7,1,10,2,14,,100,,1,22,121.5748918,25.0337963
113,3,6,21,11,2,04大安區,大安區瑞安街120巷10弄與瑞安街208巷47弄口口,0,0,1,1,C03,6,5,5,30,4,1,1,4,4,5,13,4,4,9,5,5,1,12,1,26,2,9,6,1,7,9,1,10,1,13,,108,,1,21,121.5418443,25.0300479
113,3,6,21,11,2,04大安區,大安區瑞安街120巷10弄與瑞安街208巷47弄口口,0,0,1,2,B03,6,5,5,30,4,1,1,4,4,5,13,4,4,9,5,5,1,12,1,45,3,10,7,1,7,7,1,6,1,8,,100,,1,21,121.5418443,25.0300479
113,3,6,21,15,2,05中正區,中正區重慶南路1段126巷與重慶南路1段口,0,0,3,1,B03,6,5,5,50,3,1,1,4,4,5,13,4,4,5,4,5,2,17,2,38,2,9,7,1,7,5,1,8,2,2,,74,,1,21,121.5126137,25.0371178
113,3,6,21,15,2,05中正區,中正區重慶南路1段126巷與重慶南路1段口,0,0,3,2,C03,6,5,5,50,3,1,1,4,4,5,13,4,4,5,4,5,2,17,2,18,2,9,5,1,7,9,1,10,2,11,,13,,1,21,121.5126137,25.0371178
113,3,6,21,15,2,05中正區,中正區重慶南路1段126巷與重慶南路1段口,0,0,3,3,H02,6,5,5,50,3,1,1,4,4,5,13,4,4,5,4,5,2,17,1,17,2,9,5,5,7,20,8,20,10,16,,67,,1,21,121.5126137,25.0371178
113,3,6,21,54,2,08士林區,士林區百齡橋東往西002燈桿,0,0,1,1,B03,6,5,5,50,8,9,1,4,4,5,13,4,4,9,4,1,2,17,1,28,3,10,7,1,7,7,1,8,1,4,,73,,1,21,121.5154592,25.09046423
113,3,6,21,54,2,08士林區,士林區百齡橋東往西002燈桿,0,0,1,2,C03,6,5,5,50,8,9,1,4,4,5,13,4,4,9,4,1,2,17,2,61,2,9,5,1,7,9,3,18,1,12,,44,,1,21,121.5154592,25.09046423
113,3,6,22,2,2,08士林區,士林區德行東路與德行東路203巷口,0,0,1,1,B03,6,5,5,50,4,2,1,4,4,5,13,4,4,9,5,5,1,17,1,63,3,10,7,1,7,5,1,8,2,2,,74,,1,21,121.5321489,25.1090936
113,3,6,22,2,2,08士林區,士林區德行東路與德行東路203巷口,0,0,1,2,C03,6,5,5,50,4,2,1,4,4,5,13,4,4,9,5,5,1,17,2,23,2,8,5,1,7,9,1,10,2,11,,14,,1,21,121.5321489,25.1090936
113,3,6,22,16,2,04大安區,大安區復興南路1段與復興南路1段126巷口,0,0,1,1,B03,6,5,5,50,3,1,1,4,4,5,13,1,1,1,3,5,2,13,1,36,3,10,7,1,7,9,1,8,1,8,,16,,1,21,121.5436871,25.0431827
113,3,6,22,16,2,04大安區,大安區復興南路1段與復興南路1段126巷口,0,0,1,2,C03,6,5,5,50,3,1,1,4,4,5,13,1,1,1,3,5,2,13,2,36,2,9,6,1,7,14,1,10,1,13,,44,,1,21,121.5436871,25.0431827
113,3,6,22,24,2,05中正區,中正區南昌路2段與同安街口,0,0,2,1,C04,6,5,5,50,4,1,1,4,4,5,13,1,1,5,4,5,2,17,2,41,2,9,5,1,7,5,1,10,2,12,,71,,1,21,121.522746,25.0254337
113,3,6,22,24,2,05中正區,中正區南昌路2段與同安街口,0,0,2,2,C03,6,5,5,50,4,1,1,4,4,5,13,1,1,5,4,5,2,17,1,62,2,9,5,1,7,9,3,18,2,11,,44,,1,21,121.522746,25.0254337
113,3,6,22,29,2,12內湖區,內湖區金龍路182號,0,0,1,1,B03,6,5,5,50,14,7,1,4,4,5,13,4,4,5,5,4,1,16,1,45,3,10,7,1,7,1,1,7,1,8,,19,,1,21,121.5882996,25.08680803
113,3,6,22,29,2,12內湖區,內湖區金龍路182號,0,0,1,2,C03,6,5,5,50,14,7,1,4,4,5,13,4,4,5,5,4,1,16,1,31,2,1,5,1,7,9,1,9,1,11,,44,,1,21,121.5882996,25.08680803
113,3,6,22,51,2,11南港區,南港區南港路3段與玉成街口,0,0,3,1,B03,6,5,5,50,4,1,1,4,4,5,13,2,1,4,3,5,1,16,1,72,2,7,3,4,7,6,1,8,2,8,,74,,1,22,121.5814912,25.0515567
113,3,6,22,51,2,11南港區,南港區南港路3段與玉成街口,0,0,3,2,C03,6,5,5,50,4,1,1,4,4,5,13,2,1,4,3,5,1,16,2,22,2,9,5,4,7,9,1,10,2,14,,44,,1,22,121.5814912,25.0515567
113,3,6,22,51,2,11南港區,南港區南港路3段與玉成街口,0,0,3,3,H02,6,5,5,50,4,1,1,4,4,5,13,2,1,4,3,5,1,16,1,36,2,9,5,5,7,20,8,20,10,17,,67,,1,22,121.5814912,25.0515567
113,3,6,22,56,2,03中山區,中山區吉林路15號,0,0,2,1,C03,6,5,5,50,14,18,1,4,4,5,13,3,1,4,5,5,1,3,1,38,2,9,3,4,7,9,1,10,1,11,,70,,1,21,121.5300315,25.04981404
113,3,6,22,56,2,03中山區,中山區吉林路15號,0,0,2,2,H01,6,5,5,50,14,18,1,4,4,5,13,3,1,4,5,5,1,3,1,30,2,9,4,5,8,16,8,20,10,16,,67,,1,21,121.5300315,25.04981404
113,3,6,23,19,2,07信義區,信義區松仁路99號,0,0,1,1,C03,7,5,5,50,14,9,1,5,4,5,13,2,1,1,4,5,2,13,1,33,3,10,6,1,7,9,1,10,1,11,,16,,1,22,121.5684414,25.0358602
113,3,6,23,19,2,07信義區,信義區松仁路99號,0,0,1,2,C03,7,5,5,50,14,9,1,5,4,5,13,2,1,1,4,5,2,13,1,37,2,9,6,1,7,9,1,10,1,13,,44,,1,22,121.5684414,25.0358602
113,3,6,23,33,2,11南港區,南港區向陽路與重陽路口,0,0,3,1,C03,6,5,5,50,4,1,1,4,4,5,13,1,1,1,4,5,2,10,1,24,2,9,3,4,7,15,1,10,1,11,,71,,1,21,121.5946553,25.0547379
113,3,6,23,33,2,11南港區,南港區向陽路與重陽路口,0,0,3,2,C03,6,5,5,50,4,1,1,4,4,5,13,1,1,1,4,5,2,10,1,34,2,9,3,4,7,9,1,10,1,11,,44,,1,21,121.5946553,25.0547379
113,3,6,23,33,2,11南港區,南港區向陽路與重陽路口,0,0,3,3,C03,6,5,5,50,4,1,1,4,4,5,13,1,1,1,4,5,2,10,2,30,2,9,3,4,7,9,1,10,1,11,,44,,1,21,121.5946553,25.0547379
113,3,7,0,11,2,03中山區,中山區樂群二路與敬業四路口,0,0,1,1,B02,6,5,5,50,4,1,1,4,4,5,13,2,1,1,5,5,1,16,1,24,3,10,3,4,7,5,1,8,1,6,,80,,1,21,121.5585402,25.07996773
113,3,7,0,11,2,03中山區,中山區樂群二路與敬業四路口,0,0,1,2,C03,6,5,5,50,4,1,1,4,4,5,13,2,1,1,5,5,1,16,2,49,2,9,3,4,7,9,1,10,1,11,,44,,1,21,121.5585402,25.07996773
113,3,7,1,34,2,09北投區,北投區光明路178號,0,0,1,1,C03,6,5,5,50,14,9,1,4,4,5,13,4,4,5,5,5,2,13,1,42,2,9,2,1,7,9,3,18,7,11,,21,,1,21,121.5032118,25.135678
113,3,7,1,34,2,09北投區,北投區光明路178號,0,0,1,2,A11,6,5,5,50,14,9,1,4,4,5,13,4,4,5,5,5,2,13,1,46,3,10,3,1,7,14,1,7,2,3,,38,,1,21,121.5032118,25.135678
113,3,7,2,13,2,03中山區,中山區新生北路2段與長春路口,0,0,2,1,B01,6,5,5,50,5,1,1,4,4,5,13,2,1,10,3,5,1,12,1,54,3,10,7,1,7,9,1,4,1,1,,108,,1,21,121.5272092,25.0548663
113,3,7,2,13,2,03中山區,中山區新生北路2段與長春路口,0,0,2,2,C03,6,5,5,50,5,1,1,4,4,5,13,2,1,10,3,5,1,12,1,30,2,7,5,1,7,14,1,21,1,13,,44,,1,21,121.5272092,25.0548663
113,3,7,2,13,2,03中山區,中山區新生北路2段與長春路口,0,0,2,3,H02,6,5,5,50,5,1,1,4,4,5,13,2,1,10,3,5,1,12,1,29,2,9,5,5,7,21,8,20,10,16,,67,,1,21,121.5272092,25.0548663
113,3,7,3,29,2,03中山區,中山區民生東路2段與吉林路口,0,0,1,1,B03,6,5,5,50,4,1,1,4,4,5,13,1,1,5,4,5,2,1,1,37,3,10,7,1,7,5,1,8,1,1,,70,,1,22,121.5303198,25.0579634
113,3,7,3,29,2,03中山區,中山區民生東路2段與吉林路口,0,0,1,2,H01,6,5,5,50,4,1,1,4,4,5,13,1,1,5,4,5,2,1,1,58,2,9,4,5,8,16,8,20,10,16,,67,,1,22,121.5303198,25.0579634
113,3,7,5,31,2,11南港區,南港區研究院路1段與中南街123巷口口,0,0,1,1,C03,6,5,5,50,4,1,1,4,4,5,13,2,1,1,4,5,2,16,1,47,3,10,6,1,7,5,1,2,1,12,,96,,1,21,121.6160337,25.05194347
113,3,7,5,31,2,11南港區,南港區研究院路1段與中南街123巷口口,0,0,1,2,C03,6,5,5,50,4,1,1,4,4,5,13,2,1,1,4,5,2,16,1,23,2,9,6,1,7,9,1,10,1,11,,44,,1,21,121.6160337,25.05194347
113,3,7,5,45,2,02萬華區,萬華區長沙街2段與貴陽街2段115巷口,0,0,1,1,B03,6,6,5,50,4,1,1,4,4,5,13,4,4,9,5,5,2,17,1,19,3,10,3,4,7,11,1,8,1,17,,10,,1,22,121.5033969,25.0404642
113,3,7,5,45,2,02萬華區,萬華區長沙街2段與貴陽街2段115巷口,0,0,1,2,C03,6,6,5,50,4,1,1,4,4,5,13,4,4,9,5,5,2,17,1,37,2,9,3,4,7,9,1,10,1,17,,14,,1,22,121.5033969,25.0404642
113,3,7,5,45,2,08士林區,士林區德行西路與福華路口,0,0,1,1,C03,6,5,5,50,4,2,1,4,4,5,13,1,1,5,4,5,2,3,1,47,3,10,6,1,7,15,1,10,2,11,,108,,1,22,121.5218962,25.104603
113,3,7,5,45,2,08士林區,士林區德行西路與福華路口,0,0,1,2,H01,6,5,5,50,4,2,1,4,4,5,13,1,1,5,4,5,2,3,2,66,2,7,4,5,8,16,8,20,10,16,,67,,1,22,121.5218962,25.104603
113,3,7,6,1,2,01大同區,大同區民權西路與蘭州街口,0,0,3,1,H01,6,5,5,50,14,9,1,4,4,5,13,4,4,9,4,5,2,3,2,79,2,9,4,5,8,16,8,20,2,16,,123,,1,21,121.5135919,25.062696
113,3,7,6,1,2,01大同區,大同區民權西路與蘭州街口,0,0,3,2,C03,6,5,5,50,14,9,1,4,4,5,13,4,4,9,4,5,2,3,1,38,2,9,5,4,7,9,1,10,2,11,,108,,1,21,121.5135919,25.062696
113,3,7,6,1,2,01大同區,大同區民權西路與蘭州街口,0,0,3,3,C03,6,5,5,50,14,9,1,4,4,5,13,4,4,9,4,5,2,3,1,75,2,8,5,4,7,9,1,10,2,14,,44,,1,21,121.5135919,25.062696
113,3,7,6,7,2,12內湖區,內湖區成功路2段與成功路2段193巷口,0,0,2,1,H01,7,5,5,50,3,2,1,4,4,5,13,4,4,1,4,5,2,3,2,87,2,8,4,5,8,16,8,20,10,16,,121,,1,21,121.5907048,25.0668928
113,3,7,6,7,2,12內湖區,內湖區成功路2段與成功路2段193巷口,0,0,2,2,C03,7,5,5,50,3,2,1,4,4,5,13,4,4,1,4,5,2,3,1,76,2,1,5,1,7,9,1,10,2,11,,107,,1,21,121.5907048,25.0668928
113,3,7,6,32,2,08士林區,士林區中山北路5段與福林路口,0,0,1,1,B03,6,7,8,50,4,2,1,4,4,5,13,1,1,1,4,5,1,23,2,38,2,9,3,4,7,9,1,8,8,1,,21,,1,21,121.5280173,25.09373163
113,3,7,6,32,2,08士林區,士林區中山北路5段與福林路口,0,0,1,2,,6,7,8,50,4,2,1,4,4,5,13,1,1,1,4,5,1,23,3,0,,,,,,,,,,,,67,,1,,121.5280173,25.09373163
113,3,7,7,17,2,10文山區,文山區老泉街15號,0,0,1,1,B01,6,6,8,30,22,22,1,4,4,5,13,4,4,10,5,5,2,17,1,47,3,10,3,4,7,14,1,4,1,2,,44,,1,21,121.5587025,24.97582002
113,3,7,7,17,2,10文山區,文山區老泉街15號,0,0,1,3,H02,6,6,8,30,22,22,1,4,4,5,13,4,4,10,5,5,2,17,1,49,3,10,3,5,7,20,8,20,10,16,,126,,1,28,121.5587025,24.97582002
113,3,7,7,17,2,10文山區,文山區老泉街15號,0,0,1,2,C03,6,6,8,30,22,22,1,4,4,5,13,4,4,10,5,5,2,17,1,48,2,7,3,4,7,9,1,10,1,11,,44,,1,21,121.5587025,24.97582002
113,3,7,7,20,2,03中山區,中山區八德路2段與復興南路1段口,0,0,2,1,B03,6,5,5,50,14,9,1,4,4,5,13,1,1,5,4,5,2,16,1,51,3,10,3,4,7,6,1,8,1,2,,9,,1,21,121.5438364,25.0475015
113,3,7,7,20,2,03中山區,中山區八德路2段與復興南路1段口,0,0,2,2,C03,6,5,5,50,14,9,1,4,4,5,13,1,1,5,4,5,2,16,1,38,2,8,3,4,7,9,1,10,1,14,,44,,1,21,121.5438364,25.0475015
113,3,7,7,20,2,03中山區,中山區八德路2段與復興南路1段口,0,0,2,3,H02,6,5,5,50,14,9,1,4,4,5,13,1,1,5,4,5,2,16,2,36,2,9,3,5,7,17,8,20,10,16,,67,,1,21,121.5438364,25.0475015
113,3,7,7,28,2,05中正區,中正區愛國東路與杭州南路2段口口,0,0,2,1,B03,6,5,5,50,4,2,1,4,4,5,13,2,1,9,4,5,1,12,1,50,3,10,7,1,7,6,1,8,2,8,,9,,1,21,121.5222815,25.0324944
113,3,7,7,28,2,05中正區,中正區愛國東路與杭州南路2段口口,0,0,2,2,C03,6,5,5,50,4,2,1,4,4,5,13,2,1,9,4,5,1,12,1,49,2,8,6,1,7,6,1,10,2,12,,9,,1,21,121.5222815,25.0324944
113,3,7,7,28,2,05中正區,中正區愛國東路與杭州南路2段口口,0,0,2,3,H02,6,5,5,50,4,2,1,4,4,5,13,2,1,9,4,5,1,12,1,10,2,9,5,5,7,20,8,20,10,16,,67,,1,14,121.5222815,25.0324944
113,3,7,8,10,2,08士林區,士林區承德路4段與劍潭路口,0,0,1,1,B01,6,6,5,50,4,1,1,4,4,5,13,2,1,1,4,4,1,13,1,66,3,10,7,1,7,9,1,4,1,1,,108,,1,21,121.5235617,25.0838036
113,3,7,8,10,2,08士林區,士林區承德路4段與劍潭路口,0,0,1,2,C03,6,6,5,50,4,1,1,4,4,5,13,2,1,1,4,4,1,13,1,21,2,9,5,1,7,14,1,10,1,13,,44,,1,21,121.5235617,25.0838036
113,3,7,8,10,2,08士林區,士林區承德路4段與劍潭路口,0,0,1,3,B03,6,6,5,50,4,1,1,4,4,5,13,2,1,1,4,4,1,13,1,71,3,10,7,1,7,14,1,8,1,4,,44,,1,21,121.5235617,25.0838036
113,3,7,8,10,2,08士林區,士林區承德路4段與劍潭路口,0,0,1,4,B03,6,6,5,50,4,1,1,4,4,5,13,2,1,1,4,4,1,13,1,50,3,10,7,1,7,14,1,8,1,3,,44,,1,21,121.5235617,25.0838036
113,3,7,8,13,2,01大同區,大同區昌吉街與重慶北路3段口,0,0,2,1,C03,6,6,5,50,5,1,1,4,4,5,13,2,1,1,4,5,2,17,2,51,2,8,6,4,7,5,1,10,1,11,,8,,1,22,121.5137687,25.0658961
113,3,7,8,13,2,01大同區,大同區昌吉街與重慶北路3段口,0,0,2,2,C03,6,6,5,50,5,1,1,4,4,5,13,2,1,1,4,5,2,17,1,43,2,8,6,4,7,9,1,10,1,11,,44,,1,22,121.5137687,25.0658961
113,3,7,8,29,2,04大安區,大安區師大路與師大路59巷口,0,0,1,1,C03,6,6,5,50,5,1,1,4,4,5,13,4,4,9,1,5,2,15,1,21,2,7,6,4,7,9,1,10,1,12,,44,,1,21,121.528565,25.0239846
113,3,7,8,29,2,04大安區,大安區師大路與師大路59巷口,0,0,1,2,C03,6,6,5,50,5,1,1,4,4,5,13,4,4,9,1,5,2,15,1,45,3,10,6,4,7,15,1,10,1,14,,74,,1,21,121.528565,25.0239846
113,3,7,8,37,2,10文山區,文山區木柵路4段與和平東路4段口,0,0,1,1,C03,6,5,5,50,3,2,1,4,4,5,13,2,1,10,4,5,2,17,2,49,3,10,6,1,7,7,1,10,2,13,,100,,1,21,121.5745157,24.9980919
113,3,7,8,37,2,10文山區,文山區木柵路4段與和平東路4段口,0,0,1,2,C03,6,5,5,50,3,2,1,4,4,5,13,2,1,10,4,5,2,17,2,22,2,8,6,1,7,9,1,10,2,11,,44,,1,21,121.5745157,24.9980919
113,3,7,8,38,2,03中山區,中山區明水路341號對面,0,0,2,1,C03,6,7,5,50,14,9,1,4,4,5,13,4,4,1,4,5,2,17,2,27,2,9,3,4,7,15,1,10,1,13,,42,,1,21,121.5447709,25.0774127
113,3,7,8,38,2,03中山區,中山區明水路341號對面,0,0,2,2,C03,6,7,5,50,14,9,1,4,4,5,13,4,4,1,4,5,2,17,2,28,2,9,3,4,7,15,1,10,1,11,,44,,1,21,121.5447709,25.0774127
113,3,7,8,39,2,01大同區,大同區重慶北路3段與重慶北路3段236巷口,0,0,1,1,B03,6,6,5,50,4,2,1,4,4,5,13,1,1,1,4,5,2,17,1,30,4,11,3,4,7,15,7,19,11,15,,100,,2,22,121.5136982,25.0708276
113,3,7,8,39,2,01大同區,大同區重慶北路3段與重慶北路3段236巷口,0,0,1,2,C03,6,6,5,50,4,2,1,4,4,5,13,1,1,1,4,5,2,17,2,26,2,9,6,4,7,9,1,10,2,14,,44,,1,22,121.5136982,25.0708276
113,3,7,8,40,2,09北投區,北投區西安街2段與立農街1段187巷口,0,0,1,1,C03,6,6,5,50,14,9,1,4,4,5,13,1,1,9,4,5,2,18,2,34,2,8,5,1,7,9,1,10,9,14,,118,,1,21,121.5045996,25.1209046
113,3,7,8,40,2,09北投區,北投區西安街2段與立農街1段187巷口,0,0,1,2,,6,6,5,50,14,9,1,4,4,5,13,1,1,9,4,5,2,18,3,0,,,,,,,,,,,,67,,1,,121.5045996,25.1209046
113,3,7,8,45,2,03中山區,中山區南京東路3段208號,0,0,1,1,C03,6,5,5,50,14,9,1,4,4,5,8,1,1,1,4,4,2,13,1,31,3,10,3,4,7,9,1,10,1,11,,16,,1,21,121.5431014,25.05178123
113,3,7,8,45,2,03中山區,中山區南京東路3段208號,0,0,1,2,C03,6,5,5,50,14,9,1,4,4,5,8,1,1,1,4,4,2,13,2,30,2,8,3,4,7,9,1,10,1,13,,44,,1,21,121.5431014,25.05178123
113,3,7,8,56,2,05中正區,中正區林森南路與青島東路口,0,0,1,1,B03,6,5,5,50,4,1,1,4,4,5,13,1,1,5,4,5,1,17,2,32,3,10,7,1,7,5,1,8,2,6,,8,,1,21,121.5230604,25.0436314
113,3,7,8,56,2,05中正區,中正區林森南路與青島東路口,0,0,1,2,C03,6,5,5,50,4,1,1,4,4,5,13,1,1,5,4,5,1,17,1,46,2,9,5,1,7,9,1,10,2,11,,44,,1,21,121.5230604,25.0436314
113,3,7,9,24,2,01大同區,大同區市民大道1段209號,0,0,1,1,B03,6,7,5,40,14,6,1,4,4,5,13,4,4,1,5,5,2,13,1,39,3,10,7,1,7,5,1,8,1,1,,107,,1,22,121.5187032,25.0484899
113,3,7,9,24,2,01大同區,大同區市民大道1段209號,0,0,1,2,C03,6,7,5,40,14,6,1,4,4,5,13,4,4,1,5,5,2,13,1,24,2,9,6,1,7,5,1,10,1,13,,44,,1,22,121.5187032,25.0484899
113,3,7,10,0,2,08士林區,士林區中山北路6段405巷57號前,0,0,2,1,C03,6,6,5,50,14,9,1,4,4,5,13,4,4,1,2,5,1,3,2,21,2,8,5,1,7,9,1,10,1,14,,108,,1,22,121.5266007,25.1159779
113,3,7,10,0,2,08士林區,士林區中山北路6段405巷57號前,0,0,2,2,H01,6,6,5,50,14,9,1,4,4,5,13,4,4,1,2,5,1,3,2,40,2,9,4,5,8,16,8,20,10,16,,121,,1,21,121.5266007,25.1159779
113,3,7,10,0,2,08士林區,士林區中山北路6段405巷57號前,0,0,2,3,B03,6,6,5,50,14,9,1,4,4,5,13,4,4,1,2,5,1,3,1,30,3,10,7,1,7,15,1,8,1,8,,99,,1,21,121.5266007,25.1159779
113,3,7,10,55,2,08士林區,士林區中山北路6段與中山北路6段776巷口,0,0,1,1,G06,7,5,5,50,3,1,1,4,4,5,13,1,1,1,4,5,2,17,1,59,3,10,5,1,7,9,8,20,1,16,,81,,1,21,121.5285805,25.1165657
113,3,7,10,55,2,08士林區,士林區中山北路6段與中山北路6段776巷口,0,0,1,2,F01,7,5,5,50,3,1,1,4,4,5,13,1,1,1,4,5,2,17,2,64,2,9,4,1,7,15,8,20,1,14,,99,,1,21,121.5285805,25.1165657
113,3,7,10,59,2,07信義區,信義區永吉路127巷與永吉路127巷11弄口,0,0,2,1,B03,7,7,5,30,4,1,1,4,4,5,13,4,4,10,5,5,2,15,2,41,2,8,3,4,7,9,1,8,1,5,,80,,1,21,121.5703717,25.0462196
113,3,7,10,59,2,07信義區,信義區永吉路127巷與永吉路127巷11弄口,0,0,2,2,B03,7,7,5,30,4,1,1,4,4,5,13,4,4,10,5,5,2,15,1,56,2,8,3,4,7,9,1,8,1,8,,14,,1,21,121.5703717,25.0462196
113,3,7,11,0,2,12內湖區,內湖區新明路321巷與新明路口,0,0,1,1,B01,6,5,5,50,3,1,1,4,4,5,13,1,1,5,4,5,2,16,1,62,3,10,7,1,7,5,1,4,1,8,,8,,1,21,121.5844319,25.05694956
113,3,7,11,0,2,12內湖區,內湖區新明路321巷與新明路口,0,0,1,2,C03,6,5,5,50,3,1,1,4,4,5,13,1,1,5,4,5,2,16,2,66,2,9,6,1,7,1,1,8,1,14,,19,,1,21,121.5844319,25.05694956
113,3,7,11,20,2,09北投區,北投區西安街1段與明德路口,0,0,1,1,B01,8,5,5,50,4,18,1,5,4,5,13,1,1,9,4,5,1,1,1,66,3,10,7,1,7,5,1,4,2,8,,70,,1,21,121.5191253,25.1090854
113,3,7,11,20,2,09北投區,北投區西安街1段與明德路口,0,0,1,2,H01,8,5,5,50,4,18,1,5,4,5,13,1,1,9,4,5,1,1,2,0,2,7,4,5,8,16,8,20,10,16,,67,,1,21,121.5191253,25.1090854
113,3,7,11,22,2,08士林區,士林區延平北路7段106巷與延平北路7段106巷327弄口,0,0,1,1,B03,7,6,5,40,3,1,1,4,4,5,13,1,1,10,5,5,1,17,1,56,3,10,3,4,7,6,1,8,2,5,,82,,1,21,121.4959017,25.1046632
113,3,7,11,22,2,08士林區,士林區延平北路7段106巷與延平北路7段106巷327弄口,0,0,1,2,C03,7,6,5,40,3,1,1,4,4,5,13,1,1,10,5,5,1,17,1,21,2,8,6,1,7,9,1,9,2,14,,81,,1,21,121.4959017,25.1046632
113,3,7,12,15,2,12內湖區,內湖區江南街與江南街107巷口,0,0,2,1,C03,6,5,5,50,4,1,1,4,4,5,13,4,4,4,3,5,1,3,1,70,2,9,3,4,7,9,1,10,1,11,,70,,1,22,121.576391,25.0767241
113,3,7,12,15,2,12內湖區,內湖區江南街與江南街107巷口,0,0,2,2,H01,6,5,5,50,4,1,1,4,4,5,13,4,4,4,3,5,1,3,1,28,2,9,4,5,8,16,8,20,10,16,,67,,1,22,121.576391,25.0767241
113,3,7,12,35,2,03中山區,中山區中山北路3段與農安街口,0,0,1,1,B01,7,7,5,50,4,1,1,5,4,5,13,2,1,1,4,1,2,3,1,57,3,10,7,1,7,5,1,1,2,5,,70,,1,21,121.5227082,25.0650633