發生年度,發生月,發生日,發生時-Hours,發生分,處理別-編號,區序,肇事地點,死亡人數,2-30日死亡人數,受傷人數,當事人序號,車種,天候,道路照明設備,道路類別,速限-速度限制,道路型態,事故位置,路面狀況1,路面狀況2,路面狀況3,道路障礙1,道路障礙2,號誌1,號誌2,車道劃分-分向,車道劃分-分道1,車道劃分-分道2,車道劃分-分道3,事故類型及型態,性別,年齡,受傷程度,主要傷處,保護裝置,行動電話,車輛用途,當事者行動狀態,駕駛資格情形,駕駛執照種類,飲酒情形,車輛撞擊部位1,車輛撞擊部位2,肇因碼-個別,肇因碼-主要,個人肇逃否,職業,座標-X,座標-Y
113,3,7,12,35,2,03中山區,中山區中山北路3段與農安街口,0,0,1,2,H01,7,7,5,50,4,1,1,5,4,5,13,2,1,1,4,1,2,3,2,55,2,9,4,5,8,16,8,20,10,16,,67,,1,21,121.5227082,25.0650633
113,3,7,12,43,2,06松山區,松山區八德路4段194號,0,0,1,1,B03,6,6,5,50,14,9,1,4,4,5,13,2,1,5,5,5,2,13,1,35,3,10,3,4,7,12,1,8,1,3,,44,,1,22,121.5639345,25.04878925
113,3,7,12,43,2,06松山區,松山區八德路4段194號,0,0,1,2,C03,6,6,5,50,14,9,1,4,4,5,13,2,1,5,5,5,2,13,1,41,2,9,6,4,7,9,1,10,1,11,,16,,1,22,121.5639345,25.04878925
113,3,7,12,44,2,05中正區,中正區思源街與思源街口2號對面,0,0,1,1,B01,7,6,5,50,3,1,1,4,4,5,13,4,4,1,4,5,1,17,1,69,3,10,7,1,7,6,1,4,2,5,,42,,1,21,121.5321099,25.01483626
113,3,7,12,44,2,05中正區,中正區思源街與思源街口2號對面,0,0,1,2,C03,7,6,5,50,3,1,1,4,4,5,13,4,4,1,4,5,1,17,2,39,2,8,6,1,7,9,1,9,2,14,,44,,1,21,121.5321099,25.01483626
113,3,7,12,54,2,07信義區,信義區松德路169巷與信義路6段15巷口,0,0,1,2,H01,7,6,5,30,4,1,1,4,4,5,13,4,4,9,4,5,1,3,2,26,2,7,4,5,8,16,8,20,10,16,,121,,1,21,121.5751247,25.0361073
113,3,7,12,54,2,07信義區,信義區松德路169巷與信義路6段15巷口,0,0,1,1,B03,7,6,5,30,4,1,1,4,4,5,13,4,4,9,4,5,1,3,4,0,,,,,,,,,11,,,119,,2,,121.5751247,25.0361073
113,3,7,12,56,2,08士林區,士林區中正路與延平北路6段口,0,0,3,1,C03,7,5,5,50,4,1,1,4,4,5,13,1,1,1,4,5,2,16,1,78,2,9,6,1,7,5,1,10,1,14,,8,,1,21,121.5091777,25.08682
113,3,7,12,56,2,08士林區,士林區中正路與延平北路6段口,0,0,3,2,C03,7,5,5,50,4,1,1,4,4,5,13,1,1,1,4,5,2,16,1,37,2,8,6,1,7,9,1,10,1,11,,13,,1,21,121.5091777,25.08682
113,3,7,12,56,2,08士林區,士林區中正路與延平北路6段口,0,0,3,3,H02,7,5,5,50,4,1,1,4,4,5,13,1,1,1,4,5,2,16,2,73,2,8,6,5,7,21,8,20,10,16,,67,,1,21,121.5091777,25.08682
113,3,7,13,35,2,05中正區,中正區忠孝東路2段與金山南路1段口,0,0,1,1,B03,6,7,5,50,4,1,1,4,4,5,13,1,1,1,4,1,2,16,1,48,3,10,7,1,7,6,1,8,2,2,,9,,1,21,121.5297762,25.04324607
113,3,7,13,35,2,05中正區,中正區忠孝東路2段與金山南路1段口,0,0,1,2,C03,6,7,5,50,4,1,1,4,4,5,13,1,1,1,4,1,2,16,1,58,2,9,5,1,7,9,1,10,2,11,,44,,1,21,121.5297762,25.04324607
113,3,7,14,18,2,05中正區,中正區市民大道1段168號迴轉道,0,0,1,1,B01,7,5,5,40,14,9,1,5,4,5,13,4,4,5,4,5,1,16,1,58,3,10,7,1,7,11,1,4,2,6,,10,,1,21,121.5189317,25.0483082
113,3,7,14,18,2,05中正區,中正區市民大道1段168號迴轉道,0,0,1,2,C03,7,5,5,40,14,9,1,5,4,5,13,4,4,5,4,5,1,16,1,23,2,8,6,1,7,9,1,10,2,11,,14,,1,21,121.5189317,25.0483082
113,3,7,14,35,2,10文山區,文山區羅斯福路5段與萬盛街口,0,0,1,1,C03,8,6,5,50,4,3,1,5,4,5,13,2,1,1,4,5,2,17,1,56,2,8,6,1,7,9,1,10,2,11,,107,,1,21,121.5381572,25.0078475
113,3,7,14,35,2,10文山區,文山區羅斯福路5段與萬盛街口,0,0,1,2,C03,8,6,5,50,4,3,1,5,4,5,13,2,1,1,4,5,2,17,1,53,3,10,6,1,7,14,1,11,2,11,,44,,1,21,121.5381572,25.0078475
113,3,7,14,36,2,05中正區,中正區廈門街與廈門街114巷口,0,0,1,1,B03,7,7,5,30,3,2,1,5,4,5,13,1,1,5,5,5,2,17,1,61,3,10,7,1,7,6,1,8,1,8,,4,,1,22,121.5172985,25.0231738
113,3,7,14,36,2,05中正區,中正區廈門街與廈門街114巷口,0,0,1,2,C03,7,7,5,30,3,2,1,5,4,5,13,1,1,5,5,5,2,17,1,24,2,9,5,1,7,14,1,10,1,11,,44,,1,22,121.5172985,25.0231738
113,3,7,14,40,2,03中山區,中山區市民大道1段往西(第156號燈桿),0,0,1,1,B12,7,6,5,40,14,9,2,5,4,5,13,4,4,1,4,5,2,11,1,55,3,10,3,4,7,9,1,8,9,2,,108,,1,21,121.5202922,25.0482737
113,3,7,14,40,2,03中山區,中山區市民大道1段往西(第156號燈桿),0,0,1,2,C03,7,6,5,40,14,9,2,5,4,5,13,4,4,1,4,5,2,11,2,57,2,9,3,4,7,9,1,10,1,14,,101,,1,21,121.5202922,25.0482737
113,3,7,15,18,2,04大安區,大安區基隆路4段41巷68弄2號與基隆路4段41巷68弄口,0,0,2,1,C03,7,6,5,30,3,1,1,5,4,5,13,4,4,9,5,5,1,13,1,21,2,8,6,4,7,5,1,10,1,12,,108,,1,21,121.543356,25.0127156
113,3,7,15,18,2,04大安區,大安區基隆路4段41巷68弄2號與基隆路4段41巷68弄口,0,0,2,2,C03,7,6,5,30,3,1,1,5,4,5,13,4,4,9,5,5,1,13,2,62,2,8,6,4,7,6,1,10,1,14,,44,,1,21,121.543356,25.0127156
113,3,7,15,30,2,03中山區,中山區龍江路34號,0,0,1,1,B03,7,6,5,50,14,9,1,5,4,5,13,4,4,5,5,5,2,17,1,72,3,10,7,1,7,14,1,8,1,4,,40,,1,21,121.5403561,25.0486558
113,3,7,15,30,2,03中山區,中山區龍江路34號,0,0,1,2,C03,7,6,5,50,14,9,1,5,4,5,13,4,4,5,5,5,2,17,1,57,2,8,6,1,7,9,6,10,1,12,,44,,1,21,121.5403561,25.0486558
113,3,7,15,30,2,03中山區,中山區龍江路34號,0,0,1,3,B01,7,6,5,50,14,9,1,5,4,5,13,4,4,5,5,5,2,17,1,51,3,10,7,1,7,14,1,4,1,2,,44,,1,21,121.5403561,25.0486558
113,3,7,15,40,2,05中正區,中正區和平西路2段與和平西路2段52巷口口,0,0,1,1,B12,8,6,5,50,3,1,1,5,4,5,13,4,4,1,4,5,1,17,1,28,3,10,7,1,7,1,1,8,1,8,,19,,1,21,121.5126008,25.02866197
113,3,7,15,40,2,05中正區,中正區和平西路2段與和平西路2段52巷口口,0,0,1,2,C03,8,6,5,50,3,1,1,5,4,5,13,4,4,1,4,5,1,17,1,77,2,8,6,1,7,9,1,10,1,12,,44,,1,21,121.5126008,25.02866197
113,3,7,15,49,2,06松山區,松山區市民大道4段與八德路3段74巷口,0,0,1,1,B03,8,5,5,40,3,1,1,5,4,5,13,4,4,9,4,5,2,17,2,68,3,10,7,1,7,6,1,8,1,5,,74,,1,21,121.5524603,25.0445938
113,3,7,15,49,2,06松山區,松山區市民大道4段與八德路3段74巷口,0,0,1,2,C03,8,5,5,40,3,1,1,5,4,5,13,4,4,9,4,5,2,17,2,29,2,8,6,1,7,9,1,10,1,14,,14,,1,21,121.5524603,25.0445938
113,3,7,16,2,2,10文山區,文山區興隆路4段105巷42號旁,0,0,1,1,B02,7,5,5,30,14,9,1,5,4,5,13,2,1,10,5,5,2,13,2,45,3,10,7,1,7,9,1,8,1,1,,108,,1,21,121.5620364,24.9877481
113,3,7,16,2,2,10文山區,文山區興隆路4段105巷42號旁,0,0,1,2,C03,7,5,5,30,14,9,1,5,4,5,13,2,1,10,5,5,2,13,2,45,2,9,6,1,7,14,1,10,1,13,,44,,1,21,121.5620364,24.9877481
113,3,7,16,38,2,04大安區,大安區市民大道4段與忠孝東路4段101巷口,0,0,1,1,C03,7,6,5,40,3,2,1,5,4,5,13,4,4,1,4,5,2,13,1,19,2,7,6,4,7,9,1,10,1,11,,108,,1,21,121.5482169,25.0447633
113,3,7,16,38,2,04大安區,大安區市民大道4段與忠孝東路4段101巷口,0,0,1,2,B03,7,6,5,40,3,2,1,5,4,5,13,4,4,1,4,5,2,13,1,30,3,10,7,1,7,14,1,4,1,6,,44,,2,21,121.5482169,25.0447633
113,3,7,16,44,2,05中正區,中正區博愛路172號旁人行道,0,0,1,1,F01,7,6,8,0,22,20,4,5,4,5,13,4,4,10,5,5,2,9,2,12,3,10,4,1,7,12,8,20,2,11,,107,,1,14,121.5106222,25.0361051
113,3,7,16,44,2,05中正區,中正區博愛路172號旁人行道,0,0,1,2,H01,7,6,8,0,22,20,4,5,4,5,13,4,4,10,5,5,2,9,2,56,2,9,4,5,8,16,8,20,2,16,,67,,1,21,121.5106222,25.0361051
113,3,7,17,11,2,01大同區,大同區延平北路4段與敦煌路口,0,0,2,1,C03,7,6,5,50,4,1,1,4,4,5,13,2,1,5,4,5,2,17,1,57,2,9,6,4,7,7,1,10,2,13,,100,,1,22,121.5119541,25.0762422
113,3,7,17,11,2,01大同區,大同區延平北路4段與敦煌路口,0,0,2,2,C03,7,6,5,50,4,1,1,4,4,5,13,2,1,5,4,5,2,17,1,29,2,8,6,4,7,9,1,10,2,11,,108,,1,22,121.5119541,25.0762422
113,3,7,17,25,2,03中山區,中山區興安街與合江街口,0,0,1,1,B03,7,7,5,50,4,2,1,5,4,5,13,1,1,9,4,4,2,16,1,24,3,10,7,1,7,11,1,8,1,7,,10,,1,21,121.5390387,25.05616782
113,3,7,17,25,2,03中山區,中山區興安街與合江街口,0,0,1,2,C03,7,7,5,50,4,2,1,5,4,5,13,1,1,9,4,4,2,16,1,39,2,3,6,1,7,9,1,10,1,11,,16,,1,21,121.5390387,25.05616782
113,3,7,17,50,2,03中山區,中山區林森北路159巷4號對面,0,0,1,1,B01,7,5,5,30,14,9,1,5,4,5,13,4,4,10,5,5,2,17,4,57,,,,,,,,,9,,,38,,2,,121.5254676,25.05176129
113,3,7,17,50,2,03中山區,中山區林森北路159巷4號對面,0,0,1,3,H02,7,5,5,30,14,9,1,5,4,5,13,4,4,10,5,5,2,17,1,44,3,10,3,5,7,19,8,20,10,16,,126,,1,21,121.5254676,25.05176129
113,3,7,17,50,2,03中山區,中山區林森北路159巷4號對面,0,0,1,2,C03,7,5,5,30,14,9,1,5,4,5,13,4,4,10,5,5,2,17,1,61,2,8,3,4,7,9,1,10,1,14,,44,,1,21,121.5254676,25.05176129
113,3,7,17,50,2,03中山區,中山區建國北路2段與長春路口,0,0,1,1,C03,7,5,5,50,14,9,1,5,4,5,13,1,1,1,4,5,2,13,1,20,2,7,3,4,7,9,1,10,1,12,,16,,1,21,121.5371268,25.0544823
113,3,7,17,50,2,03中山區,中山區建國北路2段與長春路口,0,0,1,2,B03,7,5,5,50,14,9,1,5,4,5,13,1,1,1,4,5,2,13,1,48,3,10,3,4,7,9,1,8,1,7,,44,,1,21,121.5371268,25.0544823
113,3,7,17,50,2,08士林區,士林區福林路254巷與至善路1段口,0,0,1,1,C03,8,6,5,40,3,2,1,5,4,5,13,3,1,7,4,5,1,17,1,20,2,9,5,1,7,7,1,10,11,14,,100,,1,21,121.5380611,25.09802463
113,3,7,17,50,2,08士林區,士林區福林路254巷與至善路1段口,0,0,1,2,C04,8,6,5,40,3,2,1,5,4,5,13,3,1,7,4,5,1,17,1,25,3,10,5,1,7,9,1,9,11,12,,17,,1,21,121.5380611,25.09802463
113,3,7,17,55,2,09北投區,北投區中和街318號,0,0,1,1,C03,7,5,5,50,14,9,1,5,4,5,13,4,4,9,5,5,2,16,1,22,3,10,5,1,7,5,1,10,1,13,,80,,1,22,121.4997703,25.14096086
113,3,7,17,55,2,09北投區,北投區中和街318號,0,0,1,2,C03,7,5,5,50,14,9,1,5,4,5,13,4,4,9,5,5,2,16,1,16,2,9,5,1,7,9,2,18,1,11,,44,,1,22,121.4997703,25.14096086
113,3,7,17,55,2,09北投區,北投區中和街318號,0,0,1,3,C03,7,5,5,50,14,9,1,5,4,5,13,4,4,9,5,5,2,16,2,45,4,11,5,1,7,15,7,19,1,15,,44,,1,22,121.4997703,25.14096086
113,3,7,18,5,2,09北投區,北投區承德路6段與福國路口,0,0,2,1,C03,8,6,5,40,4,1,1,5,4,5,13,1,1,1,5,1,2,17,1,24,2,7,5,1,7,6,1,10,1,11,,9,,1,21,121.5125762,25.1014736
113,3,7,18,5,2,09北投區,北投區承德路6段與福國路口,0,0,2,2,C03,8,6,5,40,4,1,1,5,4,5,13,1,1,1,5,1,2,17,1,46,2,7,5,1,7,9,1,10,1,12,,44,,1,21,121.5125762,25.1014736
113,3,7,18,26,2,05中正區,中正區羅斯福路4段與羅斯福路4段196巷口,0,0,1,1,A05,8,5,5,50,3,1,1,5,4,5,13,4,4,1,4,5,2,17,1,59,3,10,7,4,7,14,1,1,1,2,,38,,1,21,121.5365868,25.0119095
113,3,7,18,26,2,05中正區,中正區羅斯福路4段與羅斯福路4段196巷口,0,0,1,2,C03,8,5,5,50,3,1,1,5,4,5,13,4,4,1,4,5,2,17,1,30,2,9,5,4,7,9,1,10,1,14,,44,,1,21,121.5365868,25.0119095
113,3,7,18,31,2,04大安區,大安區市民大道4段68巷與大安路1段19巷口,0,0,2,1,F01,8,5,5,30,4,1,1,5,4,5,13,4,4,10,5,5,2,17,2,48,2,9,3,4,7,5,8,20,1,14,,8,,1,21,121.5472639,25.0444379
113,3,7,18,31,2,04大安區,大安區市民大道4段68巷與大安路1段19巷口,0,0,2,2,C03,8,5,5,30,4,1,1,5,4,5,13,4,4,10,5,5,2,17,1,27,2,9,3,4,7,9,1,10,1,14,,14,,1,21,121.5472639,25.0444379
113,3,7,18,40,2,12內湖區,內湖區麥帥一橋機車道東向西,0,0,3,1,C03,8,5,5,40,14,11,1,5,4,5,13,4,4,1,4,5,2,13,1,45,2,8,5,1,7,12,1,10,1,13,,44,,1,21,121.5734432,25.05300447
113,3,7,18,40,2,12內湖區,內湖區麥帥一橋機車道東向西,0,0,3,2,C03,8,5,5,40,14,11,1,5,4,5,13,4,4,1,4,5,2,13,1,24,3,10,5,1,7,12,1,10,1,13,,44,,1,21,121.5734432,25.05300447
113,3,7,18,40,2,12內湖區,內湖區麥帥一橋機車道東向西,0,0,3,3,C03,8,5,5,40,14,11,1,5,4,5,13,4,4,1,4,5,2,13,1,25,2,8,5,1,7,12,1,10,1,11,,16,,1,21,121.5734432,25.05300447
113,3,7,18,40,2,12內湖區,內湖區麥帥一橋機車道東向西,0,0,3,4,H02,8,5,5,40,14,11,1,5,4,5,13,4,4,1,4,5,2,13,2,45,2,8,5,5,7,20,8,20,10,17,,67,,1,21,121.5734432,25.05300447
113,3,7,18,43,2,07信義區,信義區忠孝東路5段236巷2弄與松勇路口,0,0,1,1,C03,8,5,5,50,3,1,1,5,4,5,13,4,4,9,3,5,2,17,2,37,2,9,3,4,7,15,1,10,1,11,,74,,1,22,121.5697639,25.040488
113,3,7,18,43,2,07信義區,信義區忠孝東路5段236巷2弄與松勇路口,0,0,1,2,B03,8,5,5,50,3,1,1,5,4,5,13,4,4,9,3,5,2,17,1,45,3,10,3,4,7,9,1,8,1,4,,44,,1,21,121.5697639,25.040488
113,3,7,18,45,2,04大安區,大安區敦化南路1段與忠孝東路4段口,0,0,2,1,A02,8,5,5,50,4,2,1,5,4,5,13,2,1,1,4,5,2,13,1,62,3,10,7,1,7,9,1,2,1,8,,108,,1,21,121.5491162,25.0415655
113,3,7,18,45,2,04大安區,大安區敦化南路1段與忠孝東路4段口,0,0,2,2,B02,8,5,5,50,4,2,1,5,4,5,13,2,1,1,4,5,2,13,2,49,3,10,7,1,7,8,1,8,1,6,,100,,1,21,121.5491162,25.0415655
113,3,7,18,45,2,04大安區,大安區敦化南路1段與忠孝東路4段口,0,0,2,3,H02,8,5,5,50,4,2,1,5,4,5,13,2,1,1,4,5,2,13,2,91,2,9,3,5,7,20,8,20,10,16,,67,,1,21,121.5491162,25.0415655
113,3,7,18,45,2,04大安區,大安區敦化南路1段與忠孝東路4段口,0,0,2,4,H02,8,5,5,50,4,2,1,5,4,5,13,2,1,1,4,5,2,13,2,56,2,9,3,5,7,20,8,20,10,16,,67,,1,21,121.5491162,25.0415655
113,3,7,18,45,2,05中正區,中正區羅斯福路2段與福州街口,0,0,1,1,H01,7,5,5,50,5,1,1,5,4,5,13,2,1,1,4,5,1,3,1,32,3,10,4,5,8,18,8,20,2,17,,121,,1,21,121.5164353,25.03311597
113,3,7,18,45,2,05中正區,中正區羅斯福路2段與福州街口,0,0,1,2,C03,7,5,5,50,5,1,1,5,4,5,13,2,1,1,4,5,1,3,1,41,2,9,5,1,7,9,1,9,2,14,,44,,1,21,121.5164353,25.03311597
113,3,7,19,1,2,01大同區,大同區環河北路2段101號,0,0,1,1,B03,7,6,5,50,14,9,1,5,4,5,13,4,4,8,3,5,1,13,2,65,2,3,7,1,7,9,1,8,2,1,,108,,1,21,121.5089599,25.066057
113,3,7,19,1,2,01大同區,大同區環河北路2段101號,0,0,1,2,B12,7,6,5,50,14,9,1,5,4,5,13,4,4,8,3,5,1,13,1,35,3,10,7,1,7,13,1,8,1,4,,38,,1,21,121.5089599,25.066057
113,3,7,19,1,2,01大同區,大同區環河北路2段101號,0,0,1,3,B12,7,6,5,50,14,9,1,5,4,5,13,4,4,8,3,5,1,13,1,35,3,10,7,1,7,13,1,8,1,3,,38,,1,21,121.5089599,25.066057
113,3,7,19,1,2,01大同區,大同區環河北路2段101號,0,0,1,4,B12,7,6,5,50,14,9,1,5,4,5,13,4,4,8,3,5,1,13,1,59,3,10,7,1,7,13,1,8,1,3,,38,,1,21,121.5089599,25.066057
113,3,7,19,15,2,05中正區,中正區中山南路與愛國西路口,0,0,1,1,C03,7,5,5,50,4,1,1,5,4,5,13,1,1,1,4,5,2,13,1,35,2,9,5,1,7,9,1,10,2,11,,16,,1,21,121.5164476,25.0351008
113,3,7,19,15,2,05中正區,中正區中山南路與愛國西路口,0,0,1,2,B03,7,5,5,50,4,1,1,5,4,5,13,1,1,1,4,5,2,13,2,28,3,10,7,1,7,6,1,8,2,3,,9,,1,21,121.5164476,25.0351008
113,3,7,19,26,2,01大同區,大同區鄭州路145號(中興醫院前),0,0,3,1,C03,8,5,5,40,14,9,1,5,4,5,13,4,4,1,5,5,2,12,2,19,2,9,6,1,7,15,1,10,1,11,,16,,1,25,121.5086678,25.0505534
113,3,7,19,26,2,01大同區,大同區鄭州路145號(中興醫院前),0,0,3,2,C03,8,5,5,40,14,9,1,5,4,5,13,4,4,1,5,5,2,12,1,26,2,9,6,1,7,9,1,10,1,13,,44,,1,21,121.5086678,25.0505534
113,3,7,19,26,2,01大同區,大同區鄭州路145號(中興醫院前),0,0,3,3,H02,8,5,5,40,14,9,1,5,4,5,13,4,4,1,5,5,2,12,2,19,2,9,5,5,7,20,8,20,10,16,,67,,1,25,121.5086678,25.0505534
113,3,7,19,40,2,03中山區,中山區新生北路2段與長春路口,0,0,1,1,C03,7,5,5,50,4,1,1,2,4,5,13,2,1,1,4,5,2,17,1,64,3,10,6,4,7,6,3,18,1,17,,9,,1,21,121.5273858,25.0550094
113,3,7,19,40,2,03中山區,中山區新生北路2段與長春路口,0,0,1,2,C03,7,5,5,50,4,1,1,2,4,5,13,2,1,1,4,5,2,17,1,49,2,8,6,4,7,9,1,10,1,17,,44,,1,21,121.5273858,25.0550094
113,3,7,19,40,2,03中山區,中山區新生北路2段與長春路口,0,0,1,3,B12,7,5,5,50,4,1,1,2,4,5,13,2,1,1,4,5,2,17,1,43,3,10,3,4,7,9,1,8,1,17,,37,,1,21,121.5273858,25.0550094
113,3,7,19,50,2,08士林區,士林區文林路與文林路714巷口,0,0,1,1,B03,7,5,5,40,3,2,1,5,4,5,13,1,1,1,4,4,2,17,1,62,3,10,7,1,7,6,1,8,1,2,,9,,1,22,121.5209538,25.1022891
113,3,7,19,50,2,08士林區,士林區文林路與文林路714巷口,0,0,1,2,C03,7,5,5,40,3,2,1,5,4,5,13,1,1,1,4,4,2,17,2,27,2,8,6,1,7,9,1,10,1,14,,44,,1,22,121.5209538,25.1022891
113,3,7,19,56,2,04大安區,大安區安和路2段與安和路2段189巷口口,0,0,1,1,B03,7,5,5,50,3,1,1,5,4,5,13,3,1,1,3,5,1,3,2,54,3,10,2,1,7,9,1,8,1,1,,70,,1,21,121.5498226,25.0269031
113,3,7,19,56,2,04大安區,大安區安和路2段與安和路2段189巷口口,0,0,1,2,H01,7,5,5,50,3,1,1,5,4,5,13,3,1,1,3,5,1,3,2,64,2,9,4,5,8,16,8,20,1,16,,67,,1,21,121.5498226,25.0269031
113,3,7,19,56,2,04大安區,大安區安和路2段與安和路2段189巷口口,0,0,1,3,H01,7,5,5,50,3,1,1,5,4,5,13,3,1,1,3,5,1,3,1,68,3,10,4,5,8,16,8,20,1,16,,67,,1,21,121.5498226,25.0269031
113,3,7,20,0,2,07信義區,信義區虎林街與虎林街242巷口,0,0,2,1,C03,7,5,6,30,4,2,1,5,4,5,13,4,4,10,5,5,1,17,1,64,2,8,5,1,7,9,1,10,1,14,,14,,1,22,121.5776634,25.0364985
113,3,7,20,0,2,07信義區,信義區虎林街與虎林街242巷口,0,0,2,2,C03,7,5,6,30,4,2,1,5,4,5,13,4,4,10,5,5,1,17,1,23,2,9,5,1,7,9,1,10,1,11,,13,,1,22,121.5776634,25.0364985
113,3,7,20,0,2,07信義區,信義區虎林街與虎林街242巷口,0,0,2,3,C03,7,5,6,30,4,2,1,5,4,5,13,4,4,10,5,5,1,17,2,28,3,10,5,1,7,15,1,10,1,11,,99,,1,22,121.5776634,25.0364985
113,3,7,20,37,2,04大安區,大安區基隆路3段與長興街口,0,0,1,1,B03,7,5,5,50,4,1,1,5,3,5,13,2,2,8,3,5,2,15,1,42,3,10,7,1,7,9,1,8,1,8,,108,,1,21,121.544304,25.017203
113,3,7,20,37,2,04大安區,大安區基隆路3段與長興街口,0,0,1,2,C03,7,5,5,50,4,1,1,5,3,5,13,2,2,8,3,5,2,15,1,19,2,9,6,1,7,9,1,10,1,12,,44,,1,21,121.544304,25.017203
113,3,7,20,45,2,07信義區,信義區吳興街220巷南往北景勤一號公園旁,0,0,2,1,C03,8,5,5,50,14,9,1,5,4,5,13,4,4,8,3,5,2,17,1,51,2,9,3,4,7,15,1,10,1,11,,16,,1,21,121.5618661,25.0266908
113,3,7,20,45,2,07信義區,信義區吳興街220巷南往北景勤一號公園旁,0,0,2,2,C03,8,5,5,50,14,9,1,5,4,5,13,4,4,8,3,5,2,17,1,26,2,9,3,4,7,15,1,10,1,11,,44,,1,21,121.5618661,25.0266908
113,3,7,21,30,2,05中正區,中正區林森南路85號,0,0,1,1,C03,6,5,5,50,14,9,1,4,4,5,13,4,4,5,4,5,2,13,1,18,3,10,6,1,7,9,1,10,2,11,,16,,1,22,121.5217631,25.0395537
113,3,7,21,30,2,05中正區,中正區林森南路85號,0,0,1,2,C03,6,5,5,50,14,9,1,4,4,5,13,4,4,5,4,5,2,13,1,29,2,9,6,1,7,12,1,10,2,13,,44,,1,22,121.5217631,25.0395537
113,3,7,21,35,2,08士林區,士林區文林路與小北街口,0,0,1,1,C03,7,5,5,50,3,2,1,5,4,5,13,2,1,5,4,5,2,16,1,20,3,10,5,1,7,6,1,10,1,12,,9,,1,21,121.5270165,25.0902706
113,3,7,21,35,2,08士林區,士林區文林路與小北街口,0,0,1,2,C03,7,5,5,50,3,2,1,5,4,5,13,2,1,5,4,5,2,16,2,30,2,8,5,1,7,9,1,10,1,14,,44,,1,21,121.5270165,25.0902706
113,3,7,22,25,2,03中山區,中山區德惠街22號,0,0,1,1,B03,7,5,5,50,14,9,1,5,4,5,13,4,4,9,5,5,2,16,1,22,3,10,7,1,7,11,1,8,1,8,,10,,1,21,121.5253595,25.066614
113,3,7,22,25,2,03中山區,中山區德惠街22號,0,0,1,2,C03,7,5,5,50,14,9,1,5,4,5,13,4,4,9,5,5,2,16,2,27,2,9,6,1,7,9,1,10,1,12,,108,,1,21,121.5253595,25.066614
113,3,7,22,31,2,05中正區,中正區汀州路3段與羅斯福路4段24巷口,0,0,1,1,B03,7,5,5,50,4,1,1,5,4,5,13,2,1,4,4,5,1,16,1,27,3,10,7,1,7,6,1,8,2,2,,9,,1,21,121.5325446,25.014876
113,3,7,22,31,2,05中正區,中正區汀州路3段與羅斯福路4段24巷口,0,0,1,2,C03,7,5,5,50,4,1,1,5,4,5,13,2,1,4,4,5,1,16,1,29,2,9,5,1,7,9,1,10,2,14,,44,,1,21,121.5325446,25.014876
113,3,7,23,3,2,12內湖區,內湖區金湖路與康寧路1段口,0,0,2,1,C03,6,5,5,50,3,1,1,4,4,5,13,1,1,1,3,1,1,17,2,21,2,9,6,1,7,5,1,10,1,12,,74,,2,21,121.5995958,25.0789699
113,3,7,23,3,2,12內湖區,內湖區金湖路與康寧路1段口,0,0,2,2,C03,6,5,5,50,3,1,1,4,4,5,13,1,1,1,3,1,1,17,1,27,2,9,6,1,7,9,1,10,1,14,,13,,1,21,121.5995958,25.0789699
113,3,7,23,6,2,09北投區,北投區中央北路4段362號,0,0,2,1,H01,7,5,5,50,14,9,1,5,4,5,13,4,4,5,4,5,2,3,1,30,2,7,4,5,8,16,8,20,10,16,,121,,1,21,121.4715991,25.1299711
113,3,7,23,6,2,09北投區,北投區中央北路4段362號,0,0,2,2,C03,7,5,5,50,14,9,1,5,4,5,13,4,4,5,4,5,2,3,1,20,2,7,5,1,7,9,1,10,2,14,,13,,1,21,121.4715991,25.1299711
113,3,7,23,19,2,08士林區,士林區福林路004號燈桿,0,0,3,1,C03,8,5,5,50,14,9,1,5,4,5,13,4,4,5,5,5,1,17,1,33,2,9,5,1,7,8,1,10,1,12,,100,,1,21,121.5296718,25.094686
113,3,7,23,19,2,08士林區,士林區福林路004號燈桿,0,0,3,2,C03,8,5,5,50,14,9,1,5,4,5,13,4,4,5,5,5,1,17,1,19,2,9,5,1,7,9,1,10,1,14,,16,,1,21,121.5296718,25.094686
113,3,7,23,19,2,08士林區,士林區福林路004號燈桿,0,0,3,3,H02,8,5,5,50,14,9,1,5,4,5,13,4,4,5,5,5,1,17,1,20,2,9,5,5,7,20,8,20,10,16,,67,,1,21,121.5296718,25.094686
113,3,8,6,39,2,08士林區,士林區承德路4段與劍潭路口,0,0,1,1,B03,8,7,5,50,4,1,1,5,4,5,13,1,1,1,3,1,1,16,1,67,3,10,3,1,7,5,1,8,1,2,,74,,1,21,121.5234645,25.0842105
113,3,8,6,39,2,08士林區,士林區承德路4段與劍潭路口,0,0,1,2,C03,8,7,5,50,4,1,1,5,4,5,13,1,1,1,3,1,1,16,1,54,2,9,5,1,7,9,1,10,1,11,,13,,1,21,121.5234645,25.0842105
113,3,8,6,46,2,01大同區,大同區鄭州路0802476燈桿,0,0,1,1,C03,8,5,5,40,14,9,1,5,4,5,13,4,4,1,4,5,2,13,1,18,3,10,6,1,7,12,1,10,2,13,,16,,1,22,121.5075337,25.0504823
113,3,8,6,46,2,01大同區,大同區鄭州路0802476燈桿,0,0,1,2,C03,8,5,5,40,14,9,1,5,4,5,13,4,4,1,4,5,2,13,1,61,2,8,5,1,7,9,1,10,2,12,,16,,1,22,121.5075337,25.0504823