發生年度,發生月,發生日,發生時-Hours,發生分,處理別-編號,區序,肇事地點,死亡人數,2-30日死亡人數,受傷人數,當事人序號,車種,天候,道路照明設備,道路類別,速限-速度限制,道路型態,事故位置,路面狀況1,路面狀況2,路面狀況3,道路障礙1,道路障礙2,號誌1,號誌2,車道劃分-分向,車道劃分-分道1,車道劃分-分道2,車道劃分-分道3,事故類型及型態,性別,年齡,受傷程度,主要傷處,保護裝置,行動電話,車輛用途,當事者行動狀態,駕駛資格情形,駕駛執照種類,飲酒情形,車輛撞擊部位1,車輛撞擊部位2,肇因碼-個別,肇因碼-主要,個人肇逃否,職業,座標-X,座標-Y
113,3,8,6,48,2,07信義區,信義區基隆路1段與市民大道6段口,0,0,2,1,C03,8,7,5,50,4,2,1,5,4,5,13,1,1,1,4,5,2,13,1,43,2,9,3,4,7,9,1,10,1,11,,16,,1,21,121.569264,25.0489204
113,3,8,6,48,2,07信義區,信義區基隆路1段與市民大道6段口,0,0,2,2,C03,8,7,5,50,4,2,1,5,4,5,13,1,1,1,4,5,2,13,1,64,2,1,3,4,7,9,1,10,1,13,,44,,1,21,121.569264,25.0489204
113,3,8,7,30,2,09北投區,北投區石仙路與稻香路125巷口,0,0,2,1,C03,8,6,5,30,3,2,1,5,4,5,13,4,4,10,5,5,2,16,1,35,2,9,5,1,7,5,1,10,1,11,,74,,1,21,121.4894867,25.14152179
113,3,8,7,30,2,09北投區,北投區石仙路與稻香路125巷口,0,0,2,2,C03,8,6,5,30,3,2,1,5,4,5,13,4,4,10,5,5,2,16,2,33,2,8,5,1,7,9,1,10,1,11,,108,,1,21,121.4894867,25.14152179
113,3,8,7,45,2,03中山區,中山區北安路往東七海園區對面,0,0,3,1,C03,7,5,5,50,14,9,1,5,4,5,13,3,1,1,4,5,2,17,1,30,2,8,3,4,7,9,1,10,1,11,,16,,1,21,121.5348927,25.0778965
113,3,8,7,45,2,03中山區,中山區北安路往東七海園區對面,0,0,3,2,C03,7,5,5,50,14,9,1,5,4,5,13,3,1,1,4,5,2,17,1,48,3,10,3,4,7,9,1,10,1,13,,44,,1,21,121.5348927,25.0778965
113,3,8,7,45,2,03中山區,中山區北安路往東七海園區對面,0,0,3,3,C03,7,5,5,50,14,9,1,5,4,5,13,3,1,1,4,5,2,17,1,23,2,8,3,4,7,9,1,10,1,11,,16,,1,22,121.5348927,25.0778965
113,3,8,7,45,2,03中山區,中山區北安路往東七海園區對面,0,0,3,4,H02,7,5,5,50,14,9,1,5,4,5,13,3,1,1,4,5,2,17,2,18,2,8,3,5,7,20,8,20,10,16,,67,,1,21,121.5348927,25.0778965
113,3,8,8,4,2,01大同區,大同區敦煌路迪化污水處理廠旁,0,0,1,1,B03,7,6,5,30,14,9,1,5,4,5,13,4,4,10,5,5,2,17,1,40,3,10,3,4,7,1,1,8,1,8,,19,,1,22,121.5103106,25.0763659
113,3,8,8,4,2,01大同區,大同區敦煌路迪化污水處理廠旁,0,0,1,2,C03,7,6,5,30,14,9,1,5,4,5,13,4,4,10,5,5,2,17,1,23,2,8,6,4,7,9,1,10,1,12,,44,,1,22,121.5103106,25.0763659
113,3,8,8,4,2,09北投區,北投區立德路與立功街口,0,0,1,1,A02,8,6,5,50,4,1,1,5,4,5,13,1,1,10,5,5,2,16,1,33,3,10,7,1,7,5,1,2,2,5,,8,,1,21,121.4716149,25.1253889
113,3,8,8,4,2,09北投區,北投區立德路與立功街口,0,0,1,2,C03,8,6,5,50,4,1,1,5,4,5,13,1,1,10,5,5,2,16,1,35,2,9,5,1,7,9,1,10,2,11,,44,,1,21,121.4716149,25.1253889
113,3,8,8,8,2,10文山區,文山區新光路1段與秀明路2段口,0,0,1,1,B03,8,7,5,50,4,1,1,5,4,5,13,2,1,10,5,5,2,16,1,67,3,10,7,1,7,5,1,8,1,1,,71,,1,21,121.5737227,24.9916723
113,3,8,8,8,2,10文山區,文山區新光路1段與秀明路2段口,0,0,1,2,C03,8,7,5,50,4,1,1,5,4,5,13,2,1,10,5,5,2,16,1,60,2,8,5,1,7,9,1,10,1,12,,14,,1,21,121.5737227,24.9916723
113,3,8,8,29,2,09北投區,北投區大度路3段270巷與大度路3段296巷口,0,0,1,1,F01,8,6,5,30,3,1,1,5,4,5,13,4,4,10,5,5,2,11,2,60,2,9,4,1,7,9,8,20,2,11,,44,,1,21,121.4670361,25.12479353
113,3,8,8,29,2,09北投區,北投區大度路3段270巷與大度路3段296巷口,0,0,1,2,B01,8,6,5,30,3,1,1,5,4,5,13,4,4,10,5,5,2,11,2,51,3,10,7,1,7,9,1,4,2,4,,108,,1,21,121.4670361,25.12479353
113,3,8,8,34,2,02萬華區,萬華區青年路66號,0,0,1,1,C03,8,6,5,30,11,9,1,5,4,5,13,3,1,5,4,5,2,17,1,76,3,10,5,1,7,6,1,10,9,17,,9,,2,21,121.5028603,25.024309
113,3,8,8,34,2,02萬華區,萬華區青年路66號,0,0,1,2,C03,8,6,5,30,11,9,1,5,4,5,13,3,1,5,4,5,2,17,1,40,2,9,5,1,7,9,1,10,1,17,14,13,,1,21,121.5028603,25.024309
113,3,8,8,42,2,03中山區,中山區建國北路1段71號,0,0,1,1,C03,8,5,5,50,14,9,1,5,4,5,13,4,4,1,4,5,2,13,1,41,2,8,3,4,7,9,1,10,1,11,,107,,1,22,121.5370373,25.05144978
113,3,8,8,42,2,03中山區,中山區建國北路1段71號,0,0,1,2,B03,8,5,5,50,14,9,1,5,4,5,13,4,4,1,4,5,2,13,1,55,3,10,3,4,7,9,1,8,1,6,,44,,1,22,121.5370373,25.05144978
113,3,8,8,42,2,03中山區,中山區建國北路1段71號,0,0,1,3,B01,8,5,5,50,14,9,1,5,4,5,13,4,4,1,4,5,2,13,1,52,3,10,3,4,7,8,1,4,9,17,,44,,2,22,121.5370373,25.05144978
113,3,8,8,42,2,03中山區,中山區建國北路1段71號,0,0,1,4,B03,8,5,5,50,14,9,1,5,4,5,13,4,4,1,4,5,2,13,1,40,3,10,3,4,7,8,1,8,9,17,,100,,2,22,121.5370373,25.05144978
113,3,8,8,47,2,11南港區,南港區忠孝東路7段與忠孝東路7段口社會宅工地出入口,0,0,1,1,C03,8,6,5,30,14,8,1,5,4,5,13,4,4,1,3,4,2,13,1,21,2,8,3,4,7,9,1,10,1,11,,108,,1,21,121.5960199,25.0507492
113,3,8,8,47,2,11南港區,南港區忠孝東路7段與忠孝東路7段口社會宅工地出入口,0,0,1,2,B03,8,6,5,30,14,8,1,5,4,5,13,4,4,1,3,4,2,13,1,44,3,10,3,4,7,6,1,8,1,3,,44,,1,21,121.5960199,25.0507492
113,3,8,8,48,2,11南港區,南港區松河街與重陽路203巷口,0,0,1,1,B03,7,7,5,30,3,2,1,5,4,5,13,4,4,5,5,5,2,17,1,40,3,10,7,1,7,5,1,1,1,17,,8,,1,21,121.6002657,25.05831987
113,3,8,8,48,2,11南港區,南港區松河街與重陽路203巷口,0,0,1,2,C03,7,7,5,30,3,2,1,5,4,5,13,4,4,5,5,5,2,17,1,27,2,9,6,1,7,9,1,10,1,12,,44,,1,21,121.6002657,25.05831987
113,3,8,8,49,2,08士林區,士林區大南路與承德路4段266巷口,0,0,2,1,C03,8,7,5,50,3,2,1,5,4,5,13,4,4,5,5,5,1,15,2,69,2,9,5,1,7,9,1,10,1,11,,44,,1,21,121.5204647,25.08858994
113,3,8,8,49,2,08士林區,士林區大南路與承德路4段266巷口,0,0,2,2,C03,8,7,5,50,3,2,1,5,4,5,13,4,4,5,5,5,1,15,1,24,2,9,5,1,7,5,1,10,1,11,,74,,1,21,121.5204647,25.08858994
113,3,8,8,55,2,11南港區,南港區忠孝東路7段591號,0,0,1,1,C03,8,7,5,40,14,8,1,5,4,5,13,4,4,1,4,4,2,13,1,30,2,7,5,1,7,9,1,10,9,11,,16,,1,21,121.613836,25.0529813
113,3,8,8,55,2,11南港區,南港區忠孝東路7段591號,0,0,1,2,C03,8,7,5,40,14,8,1,5,4,5,13,4,4,1,4,4,2,13,1,28,3,10,5,1,7,9,1,10,9,13,,44,,1,21,121.613836,25.0529813
113,3,8,8,55,2,11南港區,南港區忠孝東路7段591號,0,0,1,3,B03,8,7,5,40,14,8,1,5,4,5,13,4,4,1,4,4,2,13,1,51,3,10,7,1,7,9,1,8,9,7,,44,,1,21,121.613836,25.0529813
113,3,8,8,57,2,08士林區,士林區中正路與中正路365巷口,0,0,3,1,C03,8,6,5,50,4,1,1,5,4,5,13,2,1,1,4,5,1,15,1,21,2,9,5,1,7,9,1,10,1,12,,81,,1,21,121.5223633,25.09453826
113,3,8,8,57,2,08士林區,士林區中正路與中正路365巷口,0,0,3,2,C03,8,6,5,50,4,1,1,5,4,5,13,2,1,1,4,5,1,15,1,43,2,9,5,1,7,1,1,10,1,14,,19,,1,21,121.5223633,25.09453826
113,3,8,8,57,2,08士林區,士林區中正路與中正路365巷口,0,0,3,3,H02,8,6,5,50,4,1,1,5,4,5,13,2,1,1,4,5,1,15,2,20,2,9,5,5,7,20,8,20,10,16,,67,,1,21,121.5223633,25.09453826
113,3,8,9,7,2,02萬華區,萬華區萬大路與萬大路329巷口,0,0,1,1,B03,7,6,5,30,4,1,1,5,4,5,13,1,1,3,3,5,2,17,1,39,3,10,3,4,7,6,1,8,9,17,,44,,1,22,121.5071257,25.035155
113,3,8,9,7,2,02萬華區,萬華區萬大路與萬大路329巷口,0,0,1,2,A02,7,6,5,30,4,1,1,5,4,5,13,1,1,3,3,5,2,17,1,55,3,10,3,4,7,1,1,2,1,17,,19,,1,22,121.5071257,25.035155
113,3,8,9,7,2,02萬華區,萬華區萬大路與萬大路329巷口,0,0,1,3,H02,7,6,5,30,4,1,1,5,4,5,13,1,1,3,3,5,2,17,2,73,2,9,3,5,7,17,8,20,10,16,,67,,1,22,121.5071257,25.035155
113,3,8,9,8,2,06松山區,松山區敦化北路與敦化北路244巷口,0,0,1,1,C03,7,7,5,50,3,2,1,5,4,5,13,4,4,9,4,4,2,13,2,24,2,9,6,1,7,9,1,10,2,11,,16,,1,22,121.5500387,25.06053642
113,3,8,9,8,2,06松山區,松山區敦化北路與敦化北路244巷口,0,0,1,2,B01,7,7,5,50,3,2,1,5,4,5,13,4,4,9,4,4,2,13,1,42,3,10,7,1,7,12,1,4,2,3,,44,,1,22,121.5500387,25.06053642
113,3,8,9,22,2,02萬華區,萬華區忠孝橋往北市機車道,0,0,2,1,C03,8,6,5,40,8,11,1,5,4,5,13,4,4,3,5,5,1,17,2,62,3,10,6,1,7,13,1,10,1,13,,38,,1,21,121.5021289,25.0450628
113,3,8,9,22,2,02萬華區,萬華區忠孝橋往北市機車道,0,0,2,2,C03,8,6,5,40,8,11,1,5,4,5,13,4,4,3,5,5,1,17,2,38,2,8,6,1,7,9,1,10,1,11,,108,,1,21,121.5021289,25.0450628
113,3,8,9,22,2,02萬華區,萬華區忠孝橋往北市機車道,0,0,2,3,C03,8,6,5,40,8,11,1,5,4,5,13,4,4,3,5,5,1,17,2,44,2,9,6,1,7,9,1,10,1,13,,44,,1,21,121.5021289,25.0450628
113,3,8,9,22,2,02萬華區,萬華區忠孝橋往北市機車道,0,0,2,4,C03,8,6,5,40,8,11,1,5,4,5,13,4,4,3,5,5,1,17,1,31,3,10,6,1,7,9,1,10,1,11,,44,,1,21,121.5021289,25.0450628
113,3,8,9,22,2,02萬華區,萬華區忠孝橋往北市機車道,0,0,2,5,C03,8,6,5,40,8,11,1,5,4,5,13,4,4,3,5,5,1,17,4,0,,,,,,,,,,,,119,,2,,121.5021289,25.0450628
113,3,8,9,34,2,07信義區,信義區信義路5段與基隆路2段口,0,0,1,1,C03,8,6,5,50,4,4,1,5,4,5,13,2,1,1,2,4,1,13,1,29,2,7,3,4,7,9,1,10,1,11,,16,,1,22,121.5594646,25.0327599
113,3,8,9,34,2,07信義區,信義區信義路5段與基隆路2段口,0,0,1,2,B03,8,6,5,50,4,4,1,5,4,5,13,2,1,1,2,4,1,13,1,67,3,10,3,4,7,12,1,8,1,6,,44,,1,22,121.5594646,25.0327599
113,3,8,9,41,2,07信義區,信義區永吉路200巷與永吉路200巷56弄口,0,0,1,1,B01,8,7,5,30,4,1,1,5,4,5,13,4,4,5,5,5,2,15,1,59,3,10,3,4,7,9,1,4,1,1,,72,,1,21,121.5726071,25.0434805
113,3,8,9,41,2,07信義區,信義區永吉路200巷與永吉路200巷56弄口,0,0,1,2,C03,8,7,5,30,4,1,1,5,4,5,13,4,4,5,5,5,2,15,1,53,2,8,3,4,7,9,1,10,1,12,,14,,1,21,121.5726071,25.0434805
113,3,8,11,5,2,05中正區,中正區博愛路與武昌街1段口,0,0,1,1,C03,7,7,5,50,4,1,1,5,4,5,13,1,1,7,4,5,2,3,2,36,3,10,5,1,7,9,1,10,2,11,,108,,1,21,121.5087453,25.05148627
113,3,8,11,5,2,05中正區,中正區博愛路與武昌街1段口,0,0,1,2,H01,7,7,5,50,4,1,1,5,4,5,13,1,1,7,4,5,2,3,2,85,2,9,4,5,8,16,8,20,10,16,,121,,1,21,121.5087453,25.05148627
113,3,8,11,53,1,01大同區,大同區重慶北路2段太平國小前,1,0,1,1,H01,7,6,5,50,14,9,1,5,4,5,13,4,4,1,4,5,2,3,2,88,1,1,4,5,8,16,8,20,10,16,,121,,1,22,121.5134901,25.0616263
113,3,8,11,53,1,01大同區,大同區重慶北路2段太平國小前,1,0,1,2,C03,7,6,5,50,14,9,1,5,4,5,13,4,4,1,4,5,2,3,1,22,2,9,6,4,7,9,1,10,2,11,,108,,1,22,121.5134901,25.0616263
113,3,8,12,0,2,02萬華區,萬華區西藏路與雙園街口,0,0,1,1,C03,7,5,5,50,3,2,1,5,4,5,13,3,1,1,4,5,2,13,2,19,2,8,6,1,7,8,1,10,1,11,,107,,1,21,121.4950198,25.028738
113,3,8,12,0,2,02萬華區,萬華區西藏路與雙園街口,0,0,1,2,C03,7,5,5,50,3,2,1,5,4,5,13,3,1,1,4,5,2,13,1,43,3,10,6,1,7,10,1,10,1,13,,100,,1,21,121.4950198,25.028738
113,3,8,12,0,2,02萬華區,萬華區西藏路與雙園街口,0,0,1,3,B12,7,5,5,50,3,2,1,5,4,5,13,3,1,1,4,5,2,13,1,47,3,10,7,1,7,14,1,8,9,17,,101,,2,21,121.4950198,25.028738
113,3,8,12,17,2,09北投區,北投區西安街1段345號,0,0,1,1,C03,8,6,5,50,14,9,1,5,4,5,13,4,4,1,4,5,2,13,1,51,2,9,5,1,7,9,1,10,1,11,,16,,1,21,121.5158327,25.11365444
113,3,8,12,17,2,09北投區,北投區西安街1段345號,0,0,1,2,B01,8,6,5,50,14,9,1,5,4,5,13,4,4,1,4,5,2,13,1,56,3,10,7,1,7,9,1,4,1,6,,44,,1,21,121.5158327,25.11365444
113,3,8,12,17,2,09北投區,北投區西安街1段345號,0,0,1,3,C03,8,6,5,50,14,9,1,5,4,5,13,4,4,1,4,5,2,13,2,66,3,10,3,1,7,13,1,10,11,13,,44,,1,21,121.5158327,25.11365444
113,3,8,12,17,2,12內湖區,內湖區潭美街785號堤外便道,0,0,2,1,C03,8,6,5,40,12,9,1,5,4,5,13,4,4,10,4,5,2,10,2,55,2,8,5,1,7,9,1,10,1,12,,4,,1,21,121.6100953,25.0625132
113,3,8,12,17,2,12內湖區,內湖區潭美街785號堤外便道,0,0,2,2,C03,8,6,5,40,12,9,1,5,4,5,13,4,4,10,4,5,2,10,2,48,2,9,5,1,7,9,1,10,1,14,,44,,1,21,121.6100953,25.0625132
113,3,8,12,21,2,07信義區,信義區忠孝東路5段與忠孝東路5段345巷口,0,0,1,1,C03,8,6,5,50,4,2,1,5,4,5,13,1,1,10,5,5,2,9,1,49,2,8,5,1,7,9,1,10,1,11,,70,,1,21,121.5740557,25.0410553
113,3,8,12,21,2,07信義區,信義區忠孝東路5段與忠孝東路5段345巷口,0,0,1,2,H01,8,6,5,50,4,2,1,5,4,5,13,1,1,10,5,5,2,9,1,19,3,10,4,5,8,16,8,20,10,16,,122,,1,21,121.5740557,25.0410553
113,3,8,12,21,2,07信義區,信義區忠孝東路5段與忠孝東路5段345巷口,0,0,1,3,B03,8,6,5,50,4,2,1,5,4,5,13,1,1,10,5,5,2,9,2,56,3,10,3,4,7,9,1,8,1,4,,44,,1,21,121.5740557,25.0410553
113,3,8,12,34,2,04大安區,大安區新生南路1段與濟南路3段口,0,0,1,1,B03,7,6,5,50,4,2,1,5,4,5,13,1,1,3,1,5,2,16,1,29,3,10,7,1,7,6,1,8,1,6,,44,,1,21,121.5329579,25.0401273
113,3,8,12,34,2,04大安區,大安區新生南路1段與濟南路3段口,0,0,1,2,C03,7,6,5,50,4,2,1,5,4,5,13,1,1,3,1,5,2,16,1,26,2,8,5,1,7,9,1,10,1,11,,108,,1,21,121.5329579,25.0401273
113,3,8,12,44,2,09北投區,北投區公館路與北投路1段口,0,0,3,1,C03,8,6,5,50,4,1,1,5,4,5,13,1,1,5,4,5,2,17,1,20,2,8,5,1,7,5,1,10,1,14,,98,,1,21,121.5025466,25.1214618
113,3,8,12,44,2,09北投區,北投區公館路與北投路1段口,0,0,3,2,C02,8,6,5,50,4,1,1,5,4,5,13,1,1,5,4,5,2,17,1,52,2,9,6,1,7,9,1,9,1,12,,44,,1,21,121.5025466,25.1214618
113,3,8,12,44,2,09北投區,北投區公館路與北投路1段口,0,0,3,3,H02,8,6,5,50,4,1,1,5,4,5,13,1,1,5,4,5,2,17,1,61,2,8,6,5,7,21,8,20,10,16,,67,,1,21,121.5025466,25.1214618
113,3,8,13,38,2,06松山區,松山區健康路與延壽街330巷口,0,0,2,1,C03,8,6,5,50,3,1,1,5,4,5,13,2,1,1,4,5,2,13,1,31,2,9,6,4,7,11,1,9,2,13,,10,,1,22,121.5605206,25.0540158
113,3,8,13,38,2,06松山區,松山區健康路與延壽街330巷口,0,0,2,2,B03,8,6,5,50,3,1,1,5,4,5,13,2,1,1,4,5,2,13,1,33,2,9,3,4,7,9,1,8,2,1,,13,,1,22,121.5605206,25.0540158
113,3,8,13,40,2,10文山區,文山區木柵路5段43巷(燈桿0706825),0,0,1,2,B03,8,7,5,30,11,9,1,5,4,5,13,4,4,5,5,5,1,17,1,45,3,10,7,1,7,5,1,8,2,8,,44,,1,21,121.588873,25.01129346
113,3,8,13,40,2,10文山區,文山區木柵路5段43巷(燈桿0706825),0,0,1,1,C03,8,7,5,30,11,9,1,5,4,5,13,4,4,5,5,5,1,17,1,23,2,9,6,1,7,6,1,10,2,12,,13,,1,21,121.588873,25.01129346
113,3,8,13,55,2,03中山區,中山區民權東路2段144號,0,0,4,1,C03,8,7,5,50,14,9,1,5,4,5,13,4,4,1,4,5,2,12,1,34,2,9,6,1,7,9,1,10,2,11,,16,,1,22,121.5339823,25.0626473
113,3,8,13,55,2,03中山區,中山區民權東路2段144號,0,0,4,2,C03,8,7,5,50,14,9,1,5,4,5,13,4,4,1,4,5,2,12,1,42,2,9,6,1,7,12,1,10,2,13,,44,,1,22,121.5339823,25.0626473
113,3,8,13,55,2,03中山區,中山區民權東路2段144號,0,0,4,3,B03,8,7,5,50,14,9,1,5,4,5,13,4,4,1,4,5,2,12,2,48,3,10,7,1,7,1,1,8,2,4,,19,,1,22,121.5339823,25.0626473
113,3,8,13,55,2,03中山區,中山區民權東路2段144號,0,0,4,4,C03,8,7,5,50,14,9,1,5,4,5,13,4,4,1,4,5,2,12,2,59,2,9,6,1,7,9,1,10,2,11,,44,,1,21,121.5339823,25.0626473
113,3,8,13,55,2,03中山區,中山區民權東路2段144號,0,0,4,5,C03,8,7,5,50,14,9,1,5,4,5,13,4,4,1,4,5,2,12,1,27,2,9,6,1,7,9,1,10,2,11,,44,,1,22,121.5339823,25.0626473
113,3,8,13,58,2,12內湖區,內湖區民權東路6段15巷與民權東路6段口,0,0,1,1,B03,8,6,5,40,3,1,1,5,4,5,13,4,4,9,4,4,2,13,1,36,3,10,7,1,7,6,1,8,2,3,,74,,1,21,121.5804103,25.06750945
113,3,8,13,58,2,12內湖區,內湖區民權東路6段15巷與民權東路6段口,0,0,1,2,C03,8,6,5,40,3,1,1,5,4,5,13,4,4,9,4,4,2,13,2,44,2,9,6,1,7,9,1,10,2,11,,14,,1,21,121.5804103,25.06750945
113,3,8,14,1,2,08士林區,士林區大南路與小西街口,0,0,2,1,C03,8,7,8,30,4,1,1,5,4,5,13,4,4,10,5,5,2,17,1,20,2,8,6,1,7,9,1,10,1,11,,80,,1,21,121.5233262,25.0897965
113,3,8,14,1,2,08士林區,士林區大南路與小西街口,0,0,2,2,C03,8,7,8,30,4,1,1,5,4,5,13,4,4,10,5,5,2,17,1,66,2,5,6,1,7,9,1,10,1,13,,44,,1,21,121.5233262,25.0897965
113,3,8,14,50,2,05中正區,中正區重慶南路1段與重慶南路1段136巷口,0,0,1,1,B01,8,7,5,50,3,1,1,5,4,5,13,4,4,8,3,5,2,16,1,44,3,10,7,1,7,6,1,4,2,2,,9,,1,26,121.5124966,25.0363207
113,3,8,14,50,2,05中正區,中正區重慶南路1段與重慶南路1段136巷口,0,0,1,2,C03,8,7,5,50,3,1,1,5,4,5,13,4,4,8,3,5,2,16,1,23,2,8,5,1,7,9,1,10,2,14,,14,,1,26,121.5124966,25.0363207
113,3,8,15,28,2,07信義區,信義區信義路5段150巷431弄23號,0,0,1,1,B03,8,6,5,50,14,9,1,5,4,5,13,4,4,9,4,5,1,12,1,77,3,10,3,4,7,9,1,8,9,6,,118,,2,21,121.5712242,25.023183
113,3,8,15,28,2,07信義區,信義區信義路5段150巷431弄23號,0,0,1,2,F01,8,6,5,50,14,9,1,5,4,5,13,4,4,9,4,5,1,12,1,76,2,8,2,4,7,9,8,20,1,14,,118,,1,21,121.5712242,25.023183
113,3,8,15,50,2,12內湖區,內湖區民權東路6段56巷9號,0,0,2,1,C03,8,6,5,50,3,1,1,5,4,5,13,4,4,10,5,5,2,16,1,41,2,9,6,1,7,1,1,10,2,12,,19,,1,21,121.5848876,25.06811968
113,3,8,15,50,2,12內湖區,內湖區民權東路6段56巷9號,0,0,2,2,C03,8,6,5,50,3,1,1,5,4,5,13,4,4,10,5,5,2,16,1,28,2,9,6,1,7,9,1,10,2,11,,44,,1,21,121.5848876,25.06811968
113,3,8,16,1,2,10文山區,文山區興隆路2段275巷與興隆路2段275巷1弄口,0,0,1,1,C03,7,6,5,30,3,1,1,5,4,5,13,4,4,10,5,5,2,16,2,71,2,9,5,1,7,5,1,10,1,12,,72,,1,21,121.5528977,25.0025829
113,3,8,16,1,2,10文山區,文山區興隆路2段275巷與興隆路2段275巷1弄口,0,0,1,2,B03,7,6,5,30,3,1,1,5,4,5,13,4,4,10,5,5,2,16,2,60,3,10,7,1,7,9,1,8,1,4,,44,,1,21,121.5528977,25.0025829
113,3,8,16,2,2,08士林區,士林區文林路與文林路421巷口,0,0,1,1,C03,8,6,5,30,3,1,1,5,4,5,13,4,4,9,4,5,2,17,1,41,2,8,6,1,7,5,1,10,1,12,,72,,1,21,121.524784,25.0944062
113,3,8,16,2,2,08士林區,士林區文林路與文林路421巷口,0,0,1,2,B03,8,6,5,30,3,1,1,5,4,5,13,4,4,9,4,5,2,17,2,43,3,10,3,4,7,9,1,8,1,4,,44,,1,21,121.524784,25.0944062
113,3,8,16,12,2,12內湖區,內湖區成功路3段175號,0,0,1,1,C03,8,6,5,40,14,8,1,5,4,5,13,4,4,9,4,4,2,12,1,68,4,11,3,4,7,7,1,10,11,15,,100,,2,22,121.5904418,25.08015418
113,3,8,16,12,2,12內湖區,內湖區成功路3段175號,0,0,1,2,C03,8,6,5,40,14,8,1,5,4,5,13,4,4,9,4,4,2,12,2,70,2,9,6,1,7,9,1,10,2,12,,44,,1,21,121.5904418,25.08015418
113,3,8,16,12,2,12內湖區,內湖區成功路3段175號,0,0,1,3,B01,8,6,5,40,14,8,1,5,4,5,13,4,4,9,4,4,2,12,1,44,3,10,7,1,7,14,1,4,2,3,,44,,1,21,121.5904418,25.08015418
113,3,8,16,17,2,01大同區,大同區重慶北路2段與民生西路口,0,0,1,1,B01,8,7,5,50,4,1,1,5,4,5,13,2,1,5,4,5,2,16,1,33,3,10,3,4,7,5,1,4,1,5,,71,,1,21,121.5138603,25.0570792
113,3,8,16,17,2,01大同區,大同區重慶北路2段與民生西路口,0,0,1,2,C03,8,7,5,50,4,1,1,5,4,5,13,2,1,5,4,5,2,16,2,53,2,9,5,1,7,9,1,10,1,11,,44,,1,21,121.5138603,25.0570792
113,3,8,16,17,2,05中正區,中正區汀州路1段54號,0,0,1,1,B02,8,7,5,50,14,9,1,5,4,5,13,4,4,5,5,5,2,12,1,58,3,10,7,1,7,11,1,8,2,8,,10,,1,22,121.5062527,25.0319233
113,3,8,16,17,2,05中正區,中正區汀州路1段54號,0,0,1,2,C03,8,7,5,50,14,9,1,5,4,5,13,4,4,5,5,5,2,12,1,58,2,9,5,1,7,9,1,9,2,12,,14,,1,22,121.5062527,25.0319233
113,3,8,16,45,2,12內湖區,內湖區康寧路3段75巷246號,0,0,1,1,C03,8,6,5,50,12,9,1,5,4,5,13,4,4,9,4,5,2,11,2,20,2,8,6,1,7,9,1,10,1,14,,108,,1,21,121.614936,25.07578558
113,3,8,16,45,2,12內湖區,內湖區康寧路3段75巷246號,0,0,1,2,C03,8,6,5,50,12,9,1,5,4,5,13,4,4,9,4,5,2,11,1,71,3,10,6,1,7,9,1,10,1,15,,17,,1,21,121.614936,25.07578558
113,3,8,16,50,1,02萬華區,萬華區長泰街與長泰街20巷口,1,0,0,1,A12,8,5,5,30,4,2,1,5,4,5,13,4,4,8,3,5,1,3,1,54,3,10,3,4,7,1,1,2,2,5,,19,,1,27,121.5010498,25.0231453
113,3,8,16,50,1,02萬華區,萬華區長泰街與長泰街20巷口,1,0,0,2,H01,8,5,5,30,4,2,1,5,4,5,13,4,4,8,3,5,1,3,1,75,1,9,4,5,8,16,8,20,10,16,,121,,1,22,121.5010498,25.0231453
113,3,8,16,58,2,05中正區,中正區中山南路與凱達格蘭大道口,0,0,1,1,F01,8,6,8,50,22,22,1,5,4,5,13,2,1,3,4,3,2,11,1,73,2,9,2,1,7,9,8,20,2,12,,4,,1,21,121.5173864,25.0384605
113,3,8,16,58,2,05中正區,中正區中山南路與凱達格蘭大道口,0,0,1,2,B13,8,6,8,50,22,22,1,5,4,5,13,2,1,3,4,3,2,11,1,55,3,10,7,1,7,9,1,8,2,1,,44,,1,21,121.5173864,25.0384605
113,3,8,17,0,2,04大安區,大安區基隆路4段與羅斯福路4段口,0,0,2,1,C03,7,6,5,50,5,1,1,5,4,5,13,2,1,10,4,5,1,16,1,23,3,10,6,4,7,5,1,10,1,13,,8,,1,21,121.5373821,25.0111581
113,3,8,17,0,2,04大安區,大安區基隆路4段與羅斯福路4段口,0,0,2,2,C03,7,6,5,50,5,1,1,5,4,5,13,2,1,10,4,5,1,16,2,22,2,8,6,4,7,9,1,10,1,11,,44,,1,21,121.5373821,25.0111581
113,3,8,17,0,2,04大安區,大安區基隆路4段與羅斯福路4段口,0,0,2,3,C03,7,6,5,50,5,1,1,5,4,5,13,2,1,10,4,5,1,16,2,71,2,8,6,4,7,9,1,10,1,11,,44,,1,21,121.5373821,25.0111581
113,3,8,17,36,2,08士林區,士林區中山北路6段172巷與中山北路6段172巷16弄口,0,0,2,1,C03,8,5,5,30,4,1,1,5,4,5,13,4,4,10,5,5,2,17,2,31,2,9,5,1,7,9,1,10,2,12,,72,,1,21,121.5250111,25.1068844
113,3,8,17,36,2,08士林區,士林區中山北路6段172巷與中山北路6段172巷16弄口,0,0,2,2,C03,8,5,5,30,4,1,1,5,4,5,13,4,4,10,5,5,2,17,1,68,2,9,5,1,7,5,1,10,2,14,,14,,1,21,121.5250111,25.1068844
113,3,8,17,45,2,03中山區,中山區長安東路1段與新生北路1段口,0,0,1,1,B03,8,5,5,50,4,1,1,5,4,5,13,1,1,10,4,5,2,16,1,39,2,9,7,1,7,5,6,8,1,4,,8,,1,21,121.5294989,25.04818588