發生年度,發生月,發生日,發生時-Hours,發生分,處理別-編號,區序,肇事地點,死亡人數,2-30日死亡人數,受傷人數,當事人序號,車種,天候,道路照明設備,道路類別,速限-速度限制,道路型態,事故位置,路面狀況1,路面狀況2,路面狀況3,道路障礙1,道路障礙2,號誌1,號誌2,車道劃分-分向,車道劃分-分道1,車道劃分-分道2,車道劃分-分道3,事故類型及型態,性別,年齡,受傷程度,主要傷處,保護裝置,行動電話,車輛用途,當事者行動狀態,駕駛資格情形,駕駛執照種類,飲酒情形,車輛撞擊部位1,車輛撞擊部位2,肇因碼-個別,肇因碼-主要,個人肇逃否,職業,座標-X,座標-Y
113,3,8,17,45,2,03中山區,中山區長安東路1段與新生北路1段口,0,0,1,2,B03,8,5,5,50,4,1,1,5,4,5,13,1,1,10,4,5,2,16,2,60,3,10,7,1,7,9,1,8,1,5,,44,,1,21,121.5294989,25.04818588
113,3,8,18,7,2,12內湖區,內湖區新湖二路與新湖三路口,0,0,1,1,B03,8,5,5,40,4,1,1,5,4,5,13,4,4,5,4,5,1,15,1,57,3,10,7,1,7,9,1,8,1,1,,72,,1,21,121.584678,25.0650413
113,3,8,18,7,2,12內湖區,內湖區新湖二路與新湖三路口,0,0,1,2,C03,8,5,5,40,4,1,1,5,4,5,13,4,4,5,4,5,1,15,1,23,2,5,5,1,7,9,1,10,1,12,,13,,1,21,121.584678,25.0650413
113,3,8,18,9,2,10文山區,文山區興隆路2段345號,0,0,1,1,C03,8,5,5,50,14,9,1,5,4,5,13,4,4,1,4,5,2,13,2,44,2,8,6,1,7,9,1,10,2,11,,108,,1,21,121.5542049,25.00100962
113,3,8,18,9,2,10文山區,文山區興隆路2段345號,0,0,1,2,C03,8,5,5,50,14,9,1,5,4,5,13,4,4,1,4,5,2,13,2,22,3,10,6,1,7,9,3,18,2,13,,44,,1,21,121.5542049,25.00100962
113,3,8,18,9,2,10文山區,文山區興隆路2段345號,0,0,1,3,B03,8,5,5,50,14,9,1,5,4,5,13,4,4,1,4,5,2,13,2,37,3,10,7,1,7,14,1,8,2,17,,38,,1,21,121.5542049,25.00100962
113,3,8,18,27,2,09北投區,北投區文林北路116號,0,0,2,1,C03,7,5,5,50,14,8,1,5,4,5,13,4,4,1,4,4,1,13,1,23,2,9,5,1,7,9,1,10,1,11,,16,,1,21,121.516939,25.10599978
113,3,8,18,27,2,09北投區,北投區文林北路116號,0,0,2,2,C03,7,5,5,50,14,8,1,5,4,5,13,4,4,1,4,4,1,13,1,48,2,8,5,1,7,6,1,10,1,13,,44,,1,21,121.516939,25.10599978
113,3,8,18,27,2,09北投區,北投區文林北路116號,0,0,2,3,B03,7,5,5,50,14,8,1,5,4,5,13,4,4,1,4,4,1,13,1,32,3,10,7,1,7,14,1,8,1,7,,38,,1,21,121.516939,25.10599978
113,3,8,18,40,2,10文山區,文山區辛亥路5段與辛亥路5段25巷口口,0,0,1,1,B03,8,5,5,50,4,1,1,5,4,5,13,2,1,1,4,5,2,17,1,55,3,10,7,1,7,5,1,8,1,17,,71,,1,21,121.5540011,24.9999133
113,3,8,18,40,2,10文山區,文山區辛亥路5段與辛亥路5段25巷口口,0,0,1,2,C03,8,5,5,50,4,1,1,5,4,5,13,2,1,1,4,5,2,17,1,19,2,9,6,1,7,9,1,10,1,14,,44,,1,21,121.5540011,24.9999133
113,3,8,18,48,2,10文山區,文山區景興路與木柵路1段口口,0,0,2,1,C03,8,5,5,50,3,1,1,5,4,5,13,2,1,5,5,5,2,16,2,41,2,8,6,1,7,5,1,10,1,12,,71,,1,21,121.5420881,24.9883395
113,3,8,18,48,2,10文山區,文山區景興路與木柵路1段口口,0,0,2,2,C03,8,5,5,50,3,1,1,5,4,5,13,2,1,5,5,5,2,16,1,47,2,9,6,1,7,9,1,10,1,11,,14,,1,21,121.5420881,24.9883395
113,3,8,18,48,2,10文山區,文山區景興路與木柵路1段口口,0,0,2,3,H02,8,5,5,50,3,1,1,5,4,5,13,2,1,5,5,5,2,16,2,4,3,10,6,5,7,21,8,20,10,16,,67,,1,24,121.5420881,24.9883395
113,3,8,19,10,2,07信義區,信義區松仁路38號,0,0,1,1,B03,8,5,5,50,14,9,1,5,4,5,13,4,4,1,4,5,2,17,1,34,3,10,7,1,7,8,1,8,1,2,,100,,1,22,121.5683067,25.0379563
113,3,8,19,10,2,07信義區,信義區松仁路38號,0,0,1,2,C03,8,5,5,50,14,9,1,5,4,5,13,4,4,1,4,5,2,17,1,26,2,9,6,1,7,9,1,10,1,14,,44,,1,22,121.5683067,25.0379563
113,3,8,19,30,2,12內湖區,內湖區麥帥一橋東向西,0,0,2,1,C03,8,5,5,40,8,11,1,5,4,5,13,4,4,1,4,1,2,17,1,43,2,9,5,1,7,10,1,10,1,11,,102,,1,21,121.5726388,25.05255199
113,3,8,19,30,2,12內湖區,內湖區麥帥一橋東向西,0,0,2,2,C03,8,5,5,40,8,11,1,5,4,5,13,4,4,1,4,1,2,17,2,53,2,9,5,1,7,7,1,10,1,13,,118,,1,21,121.5726388,25.05255199
113,3,8,20,0,2,02萬華區,萬華區華中橋往中和,0,0,2,1,C03,8,5,7,40,8,11,1,5,4,5,13,4,4,7,4,3,2,17,1,45,2,9,5,4,7,10,1,10,2,15,,102,,1,22,121.4954566,25.0138094
113,3,8,20,0,2,02萬華區,萬華區華中橋往中和,0,0,2,2,C03,8,5,7,40,8,11,1,5,4,5,13,4,4,7,4,3,2,17,2,26,2,9,5,4,7,9,1,10,2,15,,13,,1,22,121.4954566,25.0138094
113,3,8,20,0,2,02萬華區,萬華區華中橋往中和,0,0,2,3,,8,5,7,40,8,11,1,5,4,5,13,4,4,7,4,3,2,17,3,0,,,,,,,,,,,,67,,1,,121.4954566,25.0138094
113,3,8,20,7,2,06松山區,松山區南京東路5段256號,0,0,3,1,C03,7,5,5,50,14,9,1,5,4,5,13,4,4,1,4,5,2,13,1,26,2,9,6,1,7,9,1,10,2,11,,16,,1,21,121.5662874,25.0512662
113,3,8,20,7,2,06松山區,松山區南京東路5段256號,0,0,3,2,C03,7,5,5,50,14,9,1,5,4,5,13,4,4,1,4,5,2,13,1,37,2,7,6,1,7,9,1,10,2,13,,44,,1,21,121.5662874,25.0512662
113,3,8,20,7,2,06松山區,松山區南京東路5段256號,0,0,3,3,H02,7,5,5,50,14,9,1,5,4,5,13,4,4,1,4,5,2,13,2,26,2,9,5,5,7,21,8,20,10,16,,67,,1,21,121.5662874,25.0512662
113,3,8,20,42,2,02萬華區,萬華區華江橋機車引道（近燈桿0904461),0,0,2,1,C03,8,5,5,40,14,11,1,5,4,5,13,4,4,10,5,5,2,12,1,18,2,9,3,4,7,9,1,10,2,12,,42,,1,22,121.4935103,25.0377534
113,3,8,20,42,2,02萬華區,萬華區華江橋機車引道（近燈桿0904461),0,0,2,2,C03,8,5,5,40,14,11,1,5,4,5,13,4,4,10,5,5,2,12,1,33,2,9,3,4,7,9,1,10,2,14,,42,,1,22,121.4935103,25.0377534
113,3,8,22,53,2,10文山區,文山區羅斯福路4段與基隆路4段口,0,0,1,1,B03,7,5,5,50,5,1,1,5,4,5,13,2,1,1,4,5,2,12,1,29,3,10,7,1,7,10,1,8,1,5,,100,,1,22,121.5369456,25.01108027
113,3,8,22,53,2,10文山區,文山區羅斯福路4段與基隆路4段口,0,0,1,2,B01,7,5,5,50,5,1,1,5,4,5,13,2,1,1,4,5,2,12,1,48,3,10,7,1,7,9,1,4,1,4,,108,,1,21,121.5369456,25.01108027
113,3,8,22,53,2,10文山區,文山區羅斯福路4段與基隆路4段口,0,0,1,3,H02,7,5,5,50,5,1,1,5,4,5,13,2,1,1,4,5,2,12,2,49,2,9,3,5,7,20,8,20,10,16,,60,,1,22,121.5369456,25.01108027
113,3,8,23,16,2,08士林區,士林區承德路5段62號,0,0,1,1,A12,8,5,5,40,14,8,1,5,4,5,13,4,4,10,5,4,1,17,1,45,3,10,7,1,7,1,1,2,1,7,,19,,1,21,121.5152309,25.0924913
113,3,8,23,16,2,08士林區,士林區承德路5段62號,0,0,1,2,C03,8,5,5,40,14,8,1,5,4,5,13,4,4,10,5,4,1,17,1,22,2,9,6,1,7,9,1,10,1,11,,13,,1,21,121.5152309,25.0924913
113,3,8,23,23,2,05中正區,中正區重慶南路3段89號,0,0,1,1,B01,8,5,5,50,14,9,1,5,4,5,13,4,4,3,4,5,2,17,1,52,3,10,7,1,7,8,1,4,1,6,,100,,1,21,121.5166649,25.0249789
113,3,8,23,23,2,05中正區,中正區重慶南路3段89號,0,0,1,2,C03,8,5,5,50,14,9,1,5,4,5,13,4,4,3,4,5,2,17,1,22,2,9,5,1,7,9,1,10,1,11,,44,,1,21,121.5166649,25.0249789
113,3,8,23,28,2,12內湖區,內湖區東湖路43巷與東湖路43巷26弄口,0,0,1,1,B01,8,5,5,30,4,1,1,5,4,5,13,4,4,10,5,5,1,15,1,45,3,10,7,1,7,9,1,4,1,2,,72,,1,21,121.6136381,25.06981504
113,3,8,23,28,2,12內湖區,內湖區東湖路43巷與東湖路43巷26弄口,0,0,1,2,C03,8,5,5,30,4,1,1,5,4,5,13,4,4,10,5,5,1,15,1,17,2,9,5,1,7,9,2,18,1,12,,13,,1,16,121.6136381,25.06981504
113,3,8,23,32,2,04大安區,大安區信義路2段與杭州南路2段口,0,0,1,1,C03,8,5,5,50,14,18,1,5,4,5,13,2,1,1,4,5,2,3,4,0,,,,,,,,,11,,,119,,2,,121.5244831,25.0352908
113,3,8,23,32,2,04大安區,大安區信義路2段與杭州南路2段口,0,0,1,2,H01,8,5,5,50,14,18,1,5,4,5,13,2,1,1,4,5,2,3,2,28,2,9,4,5,8,16,8,20,1,16,,67,,1,21,121.5244831,25.0352908
113,3,8,23,40,2,02萬華區,萬華區中華路2段與西藏路口,0,0,1,1,C03,7,5,5,50,4,2,1,5,4,5,13,1,1,1,3,5,1,3,1,28,2,9,3,4,7,9,1,10,2,17,,42,,1,21,121.5041507,25.0301077
113,3,8,23,40,2,02萬華區,萬華區中華路2段與西藏路口,0,0,1,2,H01,7,5,5,50,4,2,1,5,4,5,13,1,1,1,3,5,1,3,2,32,3,10,4,5,8,16,8,20,10,17,,122,,1,21,121.5041507,25.0301077
113,3,8,23,47,2,04大安區,大安區樂業街與臥龍街195巷口,0,0,1,1,B03,7,5,5,30,4,1,1,5,4,5,13,4,4,10,5,5,2,17,1,59,3,10,3,4,7,9,1,8,1,2,,14,,1,22,121.554536,25.0187104
113,3,8,23,47,2,04大安區,大安區樂業街與臥龍街195巷口,0,0,1,2,B03,7,5,5,30,4,1,1,5,4,5,13,4,4,10,5,5,2,17,1,57,3,10,3,4,7,9,1,8,1,1,,44,,1,22,121.554536,25.0187104
113,3,8,23,47,2,04大安區,大安區樂業街與臥龍街195巷口,0,0,1,3,B12,7,5,5,30,4,1,1,5,4,5,13,4,4,10,5,5,2,17,1,68,3,10,3,4,7,13,1,8,11,4,,38,,1,22,121.554536,25.0187104
113,3,8,23,47,2,04大安區,大安區樂業街與臥龍街195巷口,0,0,1,4,,7,5,5,30,4,1,1,5,4,5,13,4,4,10,5,5,2,17,3,54,,,,,,,,,,,,67,,1,,121.554536,25.0187104
113,3,8,23,47,2,04大安區,大安區樂業街與臥龍街195巷口,0,0,1,5,H02,7,5,5,30,4,1,1,5,4,5,13,4,4,10,5,5,2,17,1,73,2,3,3,5,7,20,8,20,10,16,,67,,1,22,121.554536,25.0187104
113,3,8,23,57,2,08士林區,士林區建業路與格致路口,0,0,1,1,C03,8,6,5,40,4,2,1,5,4,5,13,2,1,9,4,5,1,16,1,20,2,9,3,4,7,9,1,10,1,11,,81,,1,21,121.5461231,25.1356646
113,3,8,23,57,2,08士林區,士林區建業路與格致路口,0,0,1,2,B03,8,6,5,40,4,2,1,5,4,5,13,2,1,9,4,5,1,16,2,20,3,10,3,4,7,5,1,8,1,8,,44,,1,21,121.5461231,25.1356646
113,3,9,0,14,2,12內湖區,內湖區大湖山莊街176巷與大湖街131巷口,0,0,1,1,B01,8,5,5,30,3,2,1,5,4,5,13,4,4,10,5,5,2,17,1,55,3,10,7,1,7,14,1,4,9,6,,38,,2,21,121.599344,25.08743191
113,3,9,0,14,2,12內湖區,內湖區大湖山莊街176巷與大湖街131巷口,0,0,1,2,C03,8,5,5,30,3,2,1,5,4,5,13,4,4,10,5,5,2,17,2,49,2,8,6,1,7,9,1,10,9,14,,44,,1,21,121.599344,25.08743191
113,3,9,0,14,2,12內湖區,內湖區大湖山莊街176巷與大湖街131巷口,0,0,1,3,H02,8,5,5,30,3,2,1,5,4,5,13,4,4,10,5,5,2,17,2,29,3,10,7,5,7,20,8,20,10,16,,126,,1,21,121.599344,25.08743191
113,3,9,0,50,2,03中山區,中山區錦州街與民權東路2段92巷口,0,0,1,1,C03,8,5,5,30,4,1,1,5,4,5,13,4,4,10,5,5,2,15,1,33,2,8,6,1,7,9,1,10,1,11,,80,,1,21,121.5316972,25.0603458
113,3,9,0,50,2,03中山區,中山區錦州街與民權東路2段92巷口,0,0,1,2,B03,8,5,5,30,4,1,1,5,4,5,13,4,4,10,5,5,2,15,1,19,3,10,7,1,7,9,1,8,1,2,,14,,1,21,121.5316972,25.0603458
113,3,9,1,35,2,09北投區,北投區大度路2段#1208633燈桿,0,0,1,1,C03,7,5,5,50,14,11,1,5,4,5,13,4,4,1,4,1,1,27,1,47,2,9,5,1,7,9,1,10,1,14,,108,,1,21,121.4806123,25.1224642
113,3,9,1,35,2,09北投區,北投區大度路2段#1208633燈桿,0,0,1,2,,7,5,5,50,14,11,1,5,4,5,13,4,4,1,4,1,1,27,3,54,,,,,,,,,,,,67,,1,,121.4806123,25.1224642
113,3,9,6,3,2,01大同區,大同區民權西路與民權西路144巷口,0,0,2,2,C03,7,6,5,50,4,1,1,5,4,5,13,2,1,1,4,5,2,16,1,18,2,9,3,4,7,9,1,10,1,11,,44,,1,21,121.5159006,25.0628322
113,3,9,6,3,2,01大同區,大同區民權西路與民權西路144巷口,0,0,2,1,C03,7,6,5,50,4,1,1,5,4,5,13,2,1,1,4,5,2,16,1,18,3,10,3,4,7,6,1,10,11,15,,9,,1,21,121.5159006,25.0628322
113,3,9,6,3,2,01大同區,大同區民權西路與民權西路144巷口,0,0,2,3,H02,7,6,5,50,4,1,1,5,4,5,13,2,1,1,4,5,2,16,2,21,2,9,3,5,7,20,8,20,10,16,,67,,1,21,121.5159006,25.0628322
113,3,9,6,40,2,03中山區,中山區民族東路與建國北路3段113巷口,0,0,1,1,B03,8,7,5,50,3,1,1,5,4,5,13,4,4,9,4,5,2,17,1,33,3,10,7,1,7,2,1,8,1,3,,12,,1,21,121.5364159,25.0682497
113,3,9,6,40,2,03中山區,中山區民族東路與建國北路3段113巷口,0,0,1,2,C03,8,7,5,50,3,1,1,5,4,5,13,4,4,9,4,5,2,17,2,21,3,10,5,1,7,15,1,10,1,11,,44,,1,21,121.5364159,25.0682497
113,3,9,6,40,2,03中山區,中山區民族東路與建國北路3段113巷口,0,0,1,3,H02,8,7,5,50,3,1,1,5,4,5,13,4,4,9,4,5,2,17,2,21,2,9,4,5,7,20,8,20,10,16,,67,,1,21,121.5364159,25.0682497
113,3,9,7,40,2,09北投區,北投區文林北路53巷與福國路口口,0,0,1,1,B03,7,5,5,50,4,2,1,5,4,5,13,2,1,5,5,5,2,16,1,53,4,11,3,4,7,6,7,19,11,15,,9,,2,21,121.5147978,25.1015272
113,3,9,7,40,2,09北投區,北投區文林北路53巷與福國路口口,0,0,1,2,C03,7,5,5,50,4,2,1,5,4,5,13,2,1,5,5,5,2,16,1,58,2,9,5,1,7,9,1,10,1,11,,44,,1,21,121.5147978,25.1015272
113,3,9,7,42,2,02萬華區,萬華區堤外便道與水源快速道路口,0,0,1,1,B03,7,5,5,50,3,1,1,5,4,5,13,4,4,5,5,5,2,11,2,45,3,10,7,4,7,11,1,8,1,5,,10,,1,21,121.4953614,25.01507365
113,3,9,7,42,2,02萬華區,萬華區堤外便道與水源快速道路口,0,0,1,2,C03,7,5,5,50,3,1,1,5,4,5,13,4,4,5,5,5,2,11,2,56,2,9,5,4,7,9,1,10,1,14,,108,,1,21,121.4953614,25.01507365
113,3,9,8,39,2,05中正區,中正區羅斯福路2段與和平西路1段口,0,0,2,1,C03,8,6,5,50,4,1,1,5,4,5,13,1,1,3,5,5,2,13,2,48,2,5,5,1,7,9,1,10,2,13,,44,,1,21,121.522111,25.0273194
113,3,9,8,39,2,05中正區,中正區羅斯福路2段與和平西路1段口,0,0,2,2,C03,8,6,5,50,4,1,1,5,4,5,13,1,1,3,5,5,2,13,2,49,2,9,5,1,7,9,1,10,2,11,,16,,1,21,121.522111,25.0273194
113,3,9,8,39,2,05中正區,中正區羅斯福路2段與和平西路1段口,0,0,2,3,H02,8,6,5,50,4,1,1,5,4,5,13,1,1,3,5,5,2,13,1,18,4,11,5,5,7,20,8,20,10,16,,67,,1,16,121.522111,25.0273194
113,3,9,9,0,2,08士林區,士林區前港街與後港街口口,0,0,1,1,C03,7,6,5,30,4,1,1,5,4,5,13,4,4,9,4,5,1,15,2,27,2,9,5,1,7,9,1,10,1,11,,44,,1,21,121.5213474,25.0847551
113,3,9,9,0,2,08士林區,士林區前港街與後港街口口,0,0,1,2,B03,7,6,5,30,4,1,1,5,4,5,13,4,4,9,4,5,1,15,1,33,3,10,7,1,7,9,1,8,1,6,,14,,1,21,121.5213474,25.0847551
113,3,9,9,31,2,03中山區,中山區中山北路2段與撫順街口,0,0,2,2,C03,8,6,5,50,3,2,1,5,4,5,13,4,4,4,4,3,2,12,1,19,2,9,5,1,7,9,1,10,1,11,12,13,,1,21,121.5222371,25.06385455
113,3,9,9,31,2,03中山區,中山區中山北路2段與撫順街口,0,0,2,1,B01,8,6,5,50,3,2,1,5,4,5,13,4,4,4,4,3,2,12,1,70,4,11,3,4,7,6,6,18,11,7,,9,,2,21,121.5222371,25.06385455
113,3,9,9,31,2,03中山區,中山區中山北路2段與撫順街口,0,0,2,3,H02,8,6,5,50,3,2,1,5,4,5,13,4,4,4,4,3,2,12,2,19,2,9,5,5,7,20,8,20,10,16,,67,,1,21,121.5222371,25.06385455
113,3,9,9,46,2,10文山區,文山區景華街與景華街97巷口,0,0,1,1,C03,7,6,5,30,3,1,1,5,4,5,13,4,4,10,5,5,2,16,1,36,3,10,6,1,7,5,1,10,2,12,,8,,1,21,121.5463666,24.9954593
113,3,9,9,46,2,10文山區,文山區景華街與景華街97巷口,0,0,1,2,C03,7,6,5,30,3,1,1,5,4,5,13,4,4,10,5,5,2,16,2,37,2,9,6,1,7,9,1,10,2,11,,108,,1,21,121.5463666,24.9954593
113,3,9,10,2,2,08士林區,士林區中正路與延平北路6段口,0,0,1,1,B02,7,7,5,50,4,1,1,5,4,5,13,2,1,9,4,5,1,17,1,52,3,10,7,1,7,5,1,8,2,1,,71,,1,21,121.5092299,25.08686807
113,3,9,10,2,2,08士林區,士林區中正路與延平北路6段口,0,0,1,2,C03,7,7,5,50,4,1,1,5,4,5,13,2,1,9,4,5,1,17,1,26,2,9,5,1,7,9,1,10,2,11,,44,,1,21,121.5092299,25.08686807
113,3,9,10,17,2,04大安區,大安區市民大道4段與敦化南路1段口,0,0,2,1,C03,8,7,5,50,4,1,1,5,4,5,13,2,1,1,3,1,1,13,1,20,2,9,6,1,7,9,1,10,1,11,,108,,1,25,121.5486407,25.0448367
113,3,9,10,17,2,04大安區,大安區市民大道4段與敦化南路1段口,0,0,2,3,H02,8,7,5,50,4,1,1,5,4,5,13,2,1,1,3,1,1,13,2,20,2,9,6,5,7,21,8,20,10,16,,67,,1,25,121.5486407,25.0448367
113,3,9,10,17,2,04大安區,大安區市民大道4段與敦化南路1段口,0,0,2,2,C03,8,7,5,50,4,1,1,5,4,5,13,2,1,1,3,1,1,13,1,71,3,10,6,1,7,14,1,10,1,13,,44,,1,22,121.5486407,25.0448367
113,3,9,11,32,2,02萬華區,萬華區西藏路與莒光路299巷口,0,0,1,1,B03,7,6,8,50,3,2,1,5,4,5,13,1,1,1,4,5,2,17,2,57,3,10,7,1,7,7,1,8,9,17,,44,,1,21,121.4991577,25.0294098
113,3,9,11,32,2,02萬華區,萬華區西藏路與莒光路299巷口,0,0,1,2,A02,7,6,8,50,3,2,1,5,4,5,13,1,1,1,4,5,2,17,1,49,3,10,7,1,7,9,1,2,9,17,,44,,1,21,121.4991577,25.0294098
113,3,9,11,32,2,02萬華區,萬華區西藏路與莒光路299巷口,0,0,1,3,H02,7,6,8,50,3,2,1,5,4,5,13,1,1,1,4,5,2,17,2,30,2,1,4,5,7,17,8,20,10,17,,58,,1,21,121.4991577,25.0294098
113,3,9,11,35,2,10文山區,文山區景興路46巷與景華街49巷口,0,0,1,1,C03,7,6,5,30,4,1,1,5,4,5,13,3,1,10,5,5,2,15,2,65,2,8,6,1,7,9,1,10,2,12,,14,,1,21,121.5428526,24.9960416
113,3,9,11,35,2,10文山區,文山區景興路46巷與景華街49巷口,0,0,1,2,B03,7,6,5,30,4,1,1,5,4,5,13,3,1,10,5,5,2,15,2,59,3,10,7,1,7,9,1,8,2,5,,14,,1,21,121.5428526,24.9960416
113,3,9,11,42,2,03中山區,中山區民權東路3段71號,0,0,1,1,B12,7,5,5,50,14,9,1,5,4,5,13,4,4,1,4,5,2,12,1,59,3,10,7,1,7,1,1,8,1,8,,19,,1,21,121.5434662,25.06245183
113,3,9,11,42,2,03中山區,中山區民權東路3段71號,0,0,1,2,C03,7,5,5,50,14,9,1,5,4,5,13,4,4,1,4,5,2,12,1,34,2,7,6,1,7,9,1,10,1,11,,44,,1,21,121.5434662,25.06245183
113,3,9,11,45,2,12內湖區,內湖區成功路2段456巷3-1號,0,0,3,1,C03,7,5,5,30,11,9,1,5,4,5,13,4,4,10,5,5,2,9,2,66,2,9,5,1,7,6,1,10,2,11,,5,,1,21,121.5875927,25.07359592
113,3,9,11,45,2,12內湖區,內湖區成功路2段456巷3-1號,0,0,3,2,H02,7,5,5,30,11,9,1,5,4,5,13,4,4,10,5,5,2,9,2,12,2,9,5,5,7,20,8,20,10,16,,67,,1,21,121.5875927,25.07359592
113,3,9,11,45,2,12內湖區,內湖區成功路2段456巷3-1號,0,0,3,3,C03,7,5,5,30,11,9,1,5,4,5,13,4,4,10,5,5,2,9,2,58,2,9,5,1,7,15,1,10,2,11,,108,,1,21,121.5875927,25.07359592
113,3,9,11,54,2,12內湖區,內湖區瑞光路504號,0,0,1,1,B03,7,5,5,50,14,9,1,5,4,5,13,4,4,5,4,5,2,16,1,31,3,10,7,1,7,11,1,8,1,4,,10,,1,21,121.568216,25.07938352
113,3,9,11,54,2,12內湖區,內湖區瑞光路504號,0,0,1,2,C03,7,5,5,50,14,9,1,5,4,5,13,4,4,5,4,5,2,16,1,32,2,9,5,1,7,9,1,9,1,11,,13,,1,21,121.568216,25.07938352
113,3,9,12,0,2,11南港區,南港區富康街與市民大道7段口,0,0,1,1,B03,8,6,5,50,5,1,1,5,4,5,13,2,1,5,5,5,2,16,1,20,3,10,3,4,7,9,1,8,1,4,,17,,1,22,121.6163916,25.0544856
113,3,9,12,0,2,11南港區,南港區富康街與市民大道7段口,0,0,1,2,C03,8,6,5,50,5,1,1,5,4,5,13,2,1,5,5,5,2,16,1,26,2,6,5,4,7,5,1,10,1,11,,71,,1,22,121.6163916,25.0544856
113,3,9,12,4,2,01大同區,大同區長安西路35號,0,0,1,1,B01,7,6,5,50,14,9,1,5,4,5,13,4,4,5,5,5,2,13,1,50,3,10,7,1,7,9,1,4,2,1,,108,,1,21,121.5092316,25.05146792
113,3,9,12,4,2,01大同區,大同區長安西路35號,0,0,1,2,C03,7,6,5,50,14,9,1,5,4,5,13,4,4,5,5,5,2,13,2,44,2,8,6,1,7,14,1,10,2,13,,44,,1,21,121.5092316,25.05146792
113,3,9,12,25,2,03中山區,中山區中山北路2段59巷與中山北路口側附近2段口,0,0,2,1,C03,8,5,5,30,3,1,1,5,4,5,13,4,4,1,5,5,2,17,1,52,2,7,3,4,7,6,1,10,1,12,,80,,1,21,121.5229054,25.05588141
113,3,9,12,25,2,03中山區,中山區中山北路2段59巷與中山北路口側附近2段口,0,0,2,2,G06,8,5,5,30,3,1,1,5,4,5,13,4,4,1,5,5,2,17,1,27,2,9,3,4,7,9,8,20,1,16,,42,,1,21,121.5229054,25.05588141
113,3,9,12,54,2,03中山區,中山區民權東路1段與新生北路2段口,0,0,2,1,C03,7,5,5,50,5,1,1,5,4,5,13,1,1,1,4,5,2,16,1,21,2,8,3,4,7,9,1,10,2,11,,44,,1,21,121.527514,25.0625127
113,3,9,12,54,2,03中山區,中山區民權東路1段與新生北路2段口,0,0,2,2,C03,7,5,5,50,5,1,1,5,4,5,13,1,1,1,4,5,2,16,1,54,2,8,3,4,7,6,1,10,2,12,,9,,1,21,121.527514,25.0625127
113,3,9,13,8,2,01大同區,大同區鄭州路143巷0801050燈桿,0,0,1,1,C03,8,5,5,30,14,9,1,5,4,5,13,4,4,10,5,5,2,10,1,43,3,10,5,1,7,9,1,10,2,11,,4,,1,22,121.509908,25.0513246
113,3,9,13,8,2,01大同區,大同區鄭州路143巷0801050燈桿,0,0,1,2,C03,8,5,5,30,14,9,1,5,4,5,13,4,4,10,5,5,2,10,2,26,2,8,5,1,7,9,1,10,2,11,,44,,1,22,121.509908,25.0513246
113,3,9,13,30,2,05中正區,中正區和平西路2段與莒光路口,0,0,1,1,C03,8,6,5,50,3,1,1,5,4,5,13,1,1,1,4,4,2,16,1,64,2,8,5,1,7,5,6,10,1,14,,8,,1,21,121.5078823,25.0313231
113,3,9,13,30,2,05中正區,中正區和平西路2段與莒光路口,0,0,1,2,C03,8,6,5,50,3,1,1,5,4,5,13,1,1,1,4,4,2,16,1,36,3,10,5,1,7,9,1,10,1,12,,44,,1,21,121.5078823,25.0313231
113,3,9,13,35,2,03中山區,中山區美堤河濱公園籃球場自行車道,0,0,1,1,F01,7,6,8,0,14,23,1,5,4,5,13,4,4,9,4,5,2,17,1,43,3,10,4,1,7,7,8,20,1,17,,101,,1,21,121.5524883,25.07647554
113,3,9,13,35,2,03中山區,中山區美堤河濱公園籃球場自行車道,0,0,1,2,F01,7,6,8,0,14,23,1,5,4,5,13,4,4,9,4,5,2,17,1,58,2,9,4,1,7,12,8,20,1,17,,116,,1,21,121.5524883,25.07647554
113,3,9,13,40,2,02萬華區,萬華區廣州街與西昌街口,0,0,1,1,B01,8,6,5,50,4,1,4,5,4,5,13,4,4,5,4,5,2,9,1,69,3,10,7,1,7,9,1,4,1,5,,70,,1,21,121.5004421,25.0366744
113,3,9,13,40,2,02萬華區,萬華區廣州街與西昌街口,0,0,1,2,H01,8,6,5,50,4,1,4,5,4,5,13,4,4,5,4,5,2,9,2,85,2,8,4,5,8,16,8,20,10,16,,67,,1,21,121.5004421,25.0366744
113,3,9,15,18,2,01大同區,大同區延平北路2段與南京西路口,0,0,1,1,B03,8,6,5,50,4,1,1,5,4,5,13,1,1,5,4,5,2,17,4,0,4,11,3,4,7,21,7,19,11,15,,119,,2,22,121.5125273,25.0536975
113,3,9,15,18,2,01大同區,大同區延平北路2段與南京西路口,0,0,1,2,C03,8,6,5,50,4,1,1,5,4,5,13,1,1,5,4,5,2,17,1,30,2,7,6,1,7,5,1,10,1,15,,44,,1,21,121.5125273,25.0536975
113,3,9,15,50,2,09北投區,北投區西安街2段161號,0,0,2,1,C03,8,7,5,50,14,9,1,5,4,5,13,4,4,1,4,5,2,17,1,21,2,9,6,1,7,9,1,10,2,11,,16,,1,22,121.5118788,25.1190798
113,3,9,15,50,2,09北投區,北投區西安街2段161號,0,0,2,2,C04,8,7,5,50,14,9,1,5,4,5,13,4,4,1,4,5,2,17,2,80,2,9,6,1,7,9,1,11,2,13,,44,,1,22,121.5118788,25.1190798
113,3,9,16,3,2,03中山區,中山區大直橋與北安路口,0,0,1,1,C03,7,6,5,50,14,11,1,5,4,5,13,2,1,8,3,5,1,12,1,32,3,10,5,1,7,9,1,10,1,11,,108,,1,21,121.5445512,25.0793659