發生年度,發生月,發生日,發生時-Hours,發生分,處理別-編號,區序,肇事地點,死亡人數,2-30日死亡人數,受傷人數,當事人序號,車種,天候,道路照明設備,道路類別,速限-速度限制,道路型態,事故位置,路面狀況1,路面狀況2,路面狀況3,道路障礙1,道路障礙2,號誌1,號誌2,車道劃分-分向,車道劃分-分道1,車道劃分-分道2,車道劃分-分道3,事故類型及型態,性別,年齡,受傷程度,主要傷處,保護裝置,行動電話,車輛用途,當事者行動狀態,駕駛資格情形,駕駛執照種類,飲酒情形,車輛撞擊部位1,車輛撞擊部位2,肇因碼-個別,肇因碼-主要,個人肇逃否,職業,座標-X,座標-Y
113,3,9,16,3,2,03中山區,中山區大直橋與北安路口,0,0,1,2,C03,7,6,5,50,14,11,1,5,4,5,13,2,1,8,3,5,1,12,1,41,2,8,5,1,7,15,1,10,1,13,,44,,1,21,121.5445512,25.0793659
113,3,9,16,17,2,03中山區,中山區長安東路1段30巷與長安東路1段30巷8弄口,0,0,2,1,C03,8,6,5,30,4,1,1,5,4,5,10,4,4,10,5,5,2,17,2,58,3,10,5,1,7,9,1,10,1,17,,44,,1,22,121.5261025,25.04788166
113,3,9,16,17,2,03中山區,中山區長安東路1段30巷與長安東路1段30巷8弄口,0,0,2,2,C03,8,6,5,30,4,1,1,5,4,5,10,4,4,10,5,5,2,17,1,52,2,8,5,1,7,9,1,10,1,17,,14,,1,22,121.5261025,25.04788166
113,3,9,16,17,2,03中山區,中山區長安東路1段30巷與長安東路1段30巷8弄口,0,0,2,3,B01,8,6,5,30,4,1,1,5,4,5,10,4,4,10,5,5,2,17,1,75,3,10,3,4,7,13,1,4,9,17,,38,,2,22,121.5261025,25.04788166
113,3,9,16,17,2,03中山區,中山區長安東路1段30巷與長安東路1段30巷8弄口,0,0,2,4,H02,8,6,5,30,4,1,1,5,4,5,10,4,4,10,5,5,2,17,2,50,2,9,6,5,7,17,8,20,10,16,,67,,1,22,121.5261025,25.04788166
113,3,9,16,23,2,04大安區,大安區長興街83號,0,0,2,1,F01,7,6,8,0,22,22,1,5,4,5,12,4,4,9,4,5,1,17,2,21,2,8,4,1,7,9,8,20,1,11,,80,,1,21,121.5470688,25.0153514
113,3,9,16,23,2,04大安區,大安區長興街83號,0,0,2,2,C04,7,6,8,0,22,22,1,5,4,5,12,4,4,9,4,5,1,17,2,56,2,8,5,1,7,1,1,10,1,12,,19,,1,21,121.5470688,25.0153514
113,3,9,16,30,1,02萬華區,萬華區光復橋往新北市上橋處（燈桿003012）,1,0,1,1,C01,8,5,5,50,8,9,1,5,4,5,13,4,4,1,3,5,1,23,1,40,1,9,3,4,7,9,1,9,9,14,,13,,1,22,121.4904041,25.024221
113,3,9,16,30,1,02萬華區,萬華區光復橋往新北市上橋處（燈桿003012）,1,0,1,3,A02,8,5,5,50,8,9,1,5,4,5,13,4,4,1,3,5,1,23,1,49,3,10,3,4,7,9,1,2,2,1,,44,,1,22,121.4904041,25.024221
113,3,9,16,30,1,02萬華區,萬華區光復橋往新北市上橋處（燈桿003012）,1,0,1,4,H02,8,5,5,50,8,9,1,5,4,5,13,4,4,1,3,5,1,23,2,77,2,9,4,5,7,21,8,20,10,16,,67,,1,22,121.4904041,25.024221
113,3,9,16,30,1,02萬華區,萬華區光復橋往新北市上橋處（燈桿003012）,1,0,1,2,,8,5,5,50,8,9,1,5,4,5,13,4,4,1,3,5,1,23,3,0,,,,,,,,,,,,67,,1,,121.4904041,25.024221
113,3,9,16,30,2,05中正區,中正區羅斯福路4段與羅斯福路4段90巷口,0,0,1,1,C03,8,6,5,50,3,1,1,5,4,5,13,1,1,3,4,5,2,3,1,20,2,9,5,1,7,9,1,10,2,12,,108,,1,25,121.5348319,25.0141446
113,3,9,16,30,2,05中正區,中正區羅斯福路4段與羅斯福路4段90巷口,0,0,1,2,H01,8,6,5,50,3,1,1,5,4,5,13,1,1,3,4,5,2,3,1,69,3,10,4,5,8,16,8,20,1,16,,67,,1,21,121.5348319,25.0141446
113,3,9,16,30,2,05中正區,中正區羅斯福路4段與羅斯福路4段90巷口,0,0,1,3,H01,8,6,5,50,3,1,1,5,4,5,13,1,1,3,4,5,2,3,2,67,3,10,4,5,8,16,8,20,1,16,,67,,1,21,121.5348319,25.0141446
113,3,9,16,33,2,10文山區,文山區景興路與景興路202巷口,0,0,1,1,B03,7,6,5,50,3,1,1,5,4,5,13,2,1,5,5,5,2,17,2,58,3,10,7,1,7,5,1,8,2,17,,71,,1,22,121.543718,24.9916176
113,3,9,16,33,2,10文山區,文山區景興路與景興路202巷口,0,0,1,2,C03,7,6,5,50,3,1,1,5,4,5,13,2,1,5,5,5,2,17,1,26,2,9,6,1,7,9,1,9,2,12,,42,,1,21,121.543718,24.9916176
113,3,9,16,45,2,04大安區,大安區樂業街與臥龍街195巷口口,0,0,1,1,B03,8,7,5,30,4,1,1,5,4,5,13,4,4,9,5,5,2,15,1,25,3,10,3,4,7,9,1,8,2,8,,72,,1,21,121.5538436,25.0193399
113,3,9,16,45,2,04大安區,大安區樂業街與臥龍街195巷口口,0,0,1,2,C03,8,7,5,30,4,1,1,5,4,5,13,4,4,9,5,5,2,15,2,61,2,9,3,4,7,9,1,10,2,11,,108,,1,21,121.5538436,25.0193399
113,3,9,17,0,2,10文山區,文山區羅斯福路5段與羅斯福路5段211巷口,0,0,1,1,B03,7,6,5,50,4,1,1,5,4,5,13,2,1,1,4,5,2,16,2,62,3,10,7,1,7,5,1,8,2,2,,71,,1,21,121.5389281,25.002235
113,3,9,17,0,2,10文山區,文山區羅斯福路5段與羅斯福路5段211巷口,0,0,1,2,C03,7,6,5,50,4,1,1,5,4,5,13,2,1,1,4,5,2,16,1,23,2,9,6,1,7,9,1,10,9,11,,14,,1,21,121.5389281,25.002235
113,3,9,17,30,2,02萬華區,萬華區環河南路1段與內江街口,0,0,1,1,C03,8,7,5,50,5,2,1,5,4,5,13,2,1,4,2,5,2,17,1,25,3,10,6,1,7,5,1,10,1,14,,8,,1,21,121.500016,25.04202787
113,3,9,17,30,2,02萬華區,萬華區環河南路1段與內江街口,0,0,1,2,C03,8,7,5,50,5,2,1,5,4,5,13,2,1,4,2,5,2,17,2,29,2,9,6,1,7,5,1,10,1,11,,27,,1,21,121.500016,25.04202787
113,3,9,17,50,2,10文山區,文山區木柵路1段與富山路口,0,0,1,1,C03,8,5,5,50,4,2,1,5,4,5,13,1,1,9,4,5,1,12,2,27,2,9,5,1,7,7,1,10,1,14,,100,,1,21,121.5536238,24.9880728
113,3,9,17,50,2,10文山區,文山區木柵路1段與富山路口,0,0,1,2,B03,8,5,5,50,4,2,1,5,4,5,13,1,1,9,4,5,1,12,1,47,3,10,7,1,7,9,1,8,1,2,,16,,1,21,121.5536238,24.9880728
113,3,9,17,50,2,10文山區,文山區木柵路1段與富山路口,0,0,1,3,C03,8,5,5,50,4,2,1,5,4,5,13,1,1,9,4,5,1,12,2,19,3,10,6,1,7,13,1,10,1,14,,44,,1,21,121.5536238,24.9880728
113,3,9,17,50,2,10文山區,文山區木柵路1段與富山路口,0,0,1,4,C03,8,5,5,50,4,2,1,5,4,5,13,1,1,9,4,5,1,12,1,61,3,10,6,1,7,13,1,10,1,14,,44,,1,21,121.5536238,24.9880728
113,3,9,17,50,2,10文山區,文山區木柵路1段與富山路口,0,0,1,5,C03,8,5,5,50,4,2,1,5,4,5,13,1,1,9,4,5,1,12,2,48,3,10,5,1,7,13,1,10,1,14,,44,,1,21,121.5536238,24.9880728
113,3,9,17,50,2,10文山區,文山區木柵路1段與富山路口,0,0,1,6,C03,8,5,5,50,4,2,1,5,4,5,13,1,1,9,4,5,1,12,2,63,3,10,5,1,7,9,1,10,9,17,,44,,1,21,121.5536238,24.9880728
113,3,9,18,5,2,06松山區,松山區光復北路與光復北路11巷口,0,0,1,1,B03,8,5,5,50,4,1,1,5,4,5,13,2,1,1,4,5,2,17,1,25,3,10,7,1,7,5,1,8,1,5,,98,,1,21,121.5579413,25.04916259
113,3,9,18,5,2,06松山區,松山區光復北路與光復北路11巷口,0,0,1,2,C03,8,5,5,50,4,1,1,5,4,5,13,2,1,1,4,5,2,17,1,45,2,8,6,1,7,9,1,10,1,11,,44,,1,21,121.5579413,25.04916259
113,3,9,18,8,2,04大安區,大安區信義路3段與信義路3段166巷口,0,0,1,1,B01,8,6,5,50,4,2,1,5,4,5,13,2,1,10,4,5,1,17,1,59,4,11,3,4,7,6,7,19,9,17,,9,,2,21,121.5418638,25.0333163
113,3,9,18,8,2,04大安區,大安區信義路3段與信義路3段166巷口,0,0,1,2,C03,8,6,5,50,4,2,1,5,4,5,13,2,1,10,4,5,1,17,1,41,2,9,6,4,7,9,1,10,1,17,,44,,1,21,121.5418638,25.0333163
113,3,9,18,10,2,11南港區,南港區南港路3段358號,0,0,1,1,C02,7,5,5,50,14,9,1,5,4,5,13,4,4,5,4,5,2,16,1,41,2,7,6,1,7,11,1,9,1,14,,10,,1,21,121.5808617,25.0515117
113,3,9,18,10,2,11南港區,南港區南港路3段358號,0,0,1,2,C03,7,5,5,50,14,9,1,5,4,5,13,4,4,5,4,5,2,16,1,32,4,11,3,4,7,9,5,10,9,15,,44,,1,21,121.5808617,25.0515117
113,3,9,18,19,2,05中正區,中正區羅斯福路1段與金華街口,0,0,1,1,B03,8,5,5,50,3,2,1,5,4,5,13,4,4,3,4,5,2,17,1,40,3,10,7,1,7,8,1,4,2,17,,100,,1,21,121.5186931,25.0323312
113,3,9,18,19,2,05中正區,中正區羅斯福路1段與金華街口,0,0,1,2,C03,8,5,5,50,3,2,1,5,4,5,13,4,4,3,4,5,2,17,2,27,2,9,5,1,7,9,1,10,2,12,,44,,1,21,121.5186931,25.0323312
113,3,9,18,51,2,07信義區,信義區松智路與松智路9巷口,0,0,2,1,C04,8,5,5,30,3,2,1,5,4,5,13,4,4,9,5,5,2,15,1,29,2,9,5,1,7,15,1,10,1,14,12,72,,1,21,121.5655538,25.0379031
113,3,9,18,51,2,07信義區,信義區松智路與松智路9巷口,0,0,2,2,C03,8,5,5,30,3,2,1,5,4,5,13,4,4,9,5,5,2,15,1,20,2,7,5,1,7,9,1,10,1,11,14,44,,1,22,121.5655538,25.0379031
113,3,9,19,11,2,04大安區,大安區忠孝東路4段180號,0,0,1,1,,8,5,5,50,14,9,1,5,4,5,13,4,4,1,4,5,2,17,4,0,,,,,,,,,11,,,119,,2,,121.5525975,25.0413864
113,3,9,19,11,2,04大安區,大安區忠孝東路4段180號,0,0,1,2,C03,8,5,5,50,14,9,1,5,4,5,13,4,4,1,4,5,2,17,1,26,2,9,5,1,7,7,1,10,1,17,,119,,1,21,121.5525975,25.0413864
113,3,9,20,14,2,08士林區,士林區社中街426巷5號,0,0,2,1,C03,7,5,5,30,14,9,1,5,4,5,13,4,4,10,5,5,2,16,1,48,2,7,5,1,7,9,1,10,2,11,,5,,1,21,121.5024202,25.09198741
113,3,9,20,14,2,08士林區,士林區社中街426巷5號,0,0,2,2,F01,7,5,5,30,14,9,1,5,4,5,13,4,4,10,5,5,2,16,1,33,2,9,4,1,7,9,8,20,2,11,,27,,1,21,121.5024202,25.09198741
113,3,9,20,15,2,01大同區,大同區忠孝橋機慢車道往三重上橋處,0,0,1,1,C03,8,6,7,40,8,11,1,5,4,5,13,4,4,8,3,5,2,12,1,65,3,10,6,1,7,15,1,10,1,12,,39,,1,21,121.5065214,25.0490607
113,3,9,20,15,2,01大同區,大同區忠孝橋機慢車道往三重上橋處,0,0,1,2,C03,8,6,7,40,8,11,1,5,4,5,13,4,4,8,3,5,2,12,2,25,2,8,6,1,7,9,1,10,1,11,,108,,1,21,121.5065214,25.0490607
113,3,9,20,29,2,09北投區,北投區中央北路1段155號,0,0,2,1,C03,7,5,5,50,14,9,1,5,4,5,13,4,4,5,2,5,2,13,2,27,2,9,5,1,7,9,3,18,1,14,,107,,1,21,121.4986079,25.1355976
113,3,9,20,29,2,09北投區,北投區中央北路1段155號,0,0,2,2,C03,7,5,5,50,14,9,1,5,4,5,13,4,4,5,2,5,2,13,1,45,2,8,5,1,7,5,1,10,1,12,,94,,1,21,121.4986079,25.1355976
113,3,9,20,30,2,08士林區,士林區通河東街2段自行車越堤道,0,0,1,1,H03,7,5,5,0,14,9,1,5,4,5,13,4,4,10,5,5,2,17,1,66,3,10,6,1,7,21,1,10,1,17,,66,,1,21,121.5148393,25.09098071
113,3,9,20,30,2,08士林區,士林區通河東街2段自行車越堤道,0,0,1,2,F01,7,5,5,0,14,9,1,5,4,5,13,4,4,10,5,5,2,17,1,50,2,9,4,1,7,9,8,20,1,11,,108,,1,21,121.5148393,25.09098071
113,3,9,20,50,2,03中山區,中山區市民大道3段3號,0,0,1,1,C03,8,5,5,40,14,9,1,5,4,5,13,4,4,9,4,5,2,17,1,71,3,10,5,1,7,9,1,10,1,11,,16,,1,21,121.5312088,25.04603288
113,3,9,20,50,2,03中山區,中山區市民大道3段3號,0,0,1,2,C03,8,5,5,40,14,9,1,5,4,5,13,4,4,9,4,5,2,17,2,32,2,9,5,1,7,9,1,10,1,13,,16,,1,21,121.5312088,25.04603288
113,3,9,21,44,2,01大同區,大同區鄭州路與重慶北路1段口,0,0,1,1,C03,8,5,5,40,4,2,1,5,4,5,13,1,1,1,4,5,2,13,2,22,2,9,6,1,7,9,1,10,2,11,,16,,1,21,121.5133077,25.049565
113,3,9,21,44,2,01大同區,大同區鄭州路與重慶北路1段口,0,0,1,2,C03,8,5,5,40,4,2,1,5,4,5,13,1,1,1,4,5,2,13,1,36,3,10,6,1,7,9,1,10,2,13,,16,,1,21,121.5133077,25.049565
113,3,9,21,44,2,01大同區,大同區鄭州路與重慶北路1段口,0,0,1,3,C03,8,5,5,40,4,2,1,5,4,5,13,1,1,1,4,5,2,13,1,20,3,10,6,1,7,9,1,10,2,13,,44,,1,21,121.5133077,25.049565
113,3,9,22,5,2,04大安區,大安區建國南路1段152號,0,0,2,1,B03,8,5,5,50,14,9,1,5,4,5,13,4,4,1,4,5,2,12,1,66,3,10,3,4,7,7,1,8,1,4,,100,,1,22,121.5369772,25.0413442
113,3,9,22,5,2,04大安區,大安區建國南路1段152號,0,0,2,2,C03,8,5,5,50,14,9,1,5,4,5,13,4,4,1,4,5,2,12,2,26,2,9,6,1,7,8,1,10,1,12,,100,,1,21,121.5369772,25.0413442
113,3,9,22,5,2,04大安區,大安區建國南路1段152號,0,0,2,3,H02,8,5,5,50,14,9,1,5,4,5,13,4,4,1,4,5,2,12,1,25,2,9,5,5,7,20,8,20,10,16,,67,,1,21,121.5369772,25.0413442
113,3,9,22,20,2,11南港區,南港區研究院路2段24號,0,0,1,1,A01,8,5,5,50,14,9,1,5,4,5,13,1,1,1,3,5,1,9,1,62,4,11,7,4,7,15,1,2,9,15,,42,,1,21,121.6154268,25.0472311
113,3,9,22,20,2,11南港區,南港區研究院路2段24號,0,0,1,2,H02,8,5,5,50,14,9,1,5,4,5,13,1,1,1,3,5,1,9,2,56,2,9,4,5,7,19,8,20,10,16,,56,,1,21,121.6154268,25.0472311
113,3,9,23,50,2,02萬華區,萬華區忠孝西路2段與西寧南路口,0,0,2,1,C03,8,5,5,50,5,2,1,5,4,5,13,2,1,5,4,5,2,17,1,21,2,9,6,1,7,6,1,10,1,12,,9,,1,21,121.5199187,25.0413561
113,3,9,23,50,2,02萬華區,萬華區忠孝西路2段與西寧南路口,0,0,2,2,C03,8,5,5,50,5,2,1,5,4,5,13,2,1,5,4,5,2,17,1,21,2,9,6,1,7,9,1,10,1,11,,108,,1,21,121.5199187,25.0413561
113,3,10,0,41,2,02萬華區,萬華區長沙街2段與環河南路1段口,0,0,1,1,C03,8,5,5,50,3,1,1,5,4,5,13,1,1,4,3,5,2,11,1,29,3,10,5,1,7,9,1,10,1,12,,4,,1,22,121.4996138,25.0413266
113,3,10,0,41,2,02萬華區,萬華區長沙街2段與環河南路1段口,0,0,1,2,C03,8,5,5,50,3,1,1,5,4,5,13,1,1,4,3,5,2,11,2,35,2,7,5,1,7,9,6,18,1,12,,42,,1,22,121.4996138,25.0413266
113,3,10,1,55,2,04大安區,大安區忠孝東路4段205巷與忠孝東路4段181巷7弄口口,0,0,3,1,B01,8,5,5,30,4,1,1,5,4,5,13,4,4,10,5,5,2,15,1,53,2,8,3,4,7,9,1,4,1,1,,72,,1,22,121.5525011,25.0420928
113,3,10,1,55,2,04大安區,大安區忠孝東路4段205巷與忠孝東路4段181巷7弄口口,0,0,3,2,B01,8,5,5,30,4,1,1,5,4,5,13,4,4,10,5,5,2,15,2,50,2,8,3,4,7,9,1,4,1,2,,44,,1,22,121.5525011,25.0420928
113,3,10,1,55,2,04大安區,大安區忠孝東路4段205巷與忠孝東路4段181巷7弄口口,0,0,3,3,H02,8,5,5,30,4,1,1,5,4,5,13,4,4,10,5,5,2,15,2,25,2,1,3,5,7,21,8,20,10,16,,67,,1,22,121.5525011,25.0420928
113,3,10,8,0,2,05中正區,中正區中山南路與青島東路口,0,0,1,1,C03,8,7,5,50,4,2,1,5,4,5,13,1,1,8,3,1,2,13,2,30,2,8,5,1,7,9,1,10,2,11,,16,,1,26,121.51934,25.0442852
113,3,10,8,0,2,05中正區,中正區中山南路與青島東路口,0,0,1,2,C03,8,7,5,50,4,2,1,5,4,5,13,1,1,8,3,1,2,13,1,47,3,10,5,1,7,14,1,10,2,13,,44,,1,26,121.51934,25.0442852
113,3,10,8,25,2,08士林區,士林區延平北路5段與中正路口,0,0,1,1,C03,8,6,5,50,4,2,1,5,4,5,13,2,1,9,4,5,1,17,1,56,2,4,5,1,7,5,1,9,2,14,,103,,1,21,121.5092885,25.0865876
113,3,10,8,25,2,08士林區,士林區延平北路5段與中正路口,0,0,1,2,B03,8,6,5,50,4,2,1,5,4,5,13,2,1,9,4,5,1,17,1,31,3,10,7,1,7,9,1,8,2,5,,44,,1,21,121.5092885,25.0865876
113,3,10,8,50,2,01大同區,大同區台北橋機車道282593號燈桿西往東,0,0,2,1,C03,7,6,5,40,14,11,1,5,4,5,13,4,4,1,5,5,2,17,1,39,2,9,6,1,7,9,1,10,1,11,,16,,1,21,121.5064709,25.0635765
113,3,10,8,50,2,01大同區,大同區台北橋機車道282593號燈桿西往東,0,0,2,2,C03,7,6,5,40,14,11,1,5,4,5,13,4,4,1,5,5,2,17,1,26,2,9,6,1,7,15,1,10,1,13,,49,,1,21,121.5064709,25.0635765
113,3,10,9,13,2,11南港區,南港區市民大道8段與南港路2段無名巷口,0,0,2,1,C03,8,7,5,50,3,2,1,5,4,5,13,3,1,5,4,5,2,13,1,35,2,9,5,1,7,6,1,10,1,13,,71,,1,21,121.5995426,25.0521782
113,3,10,9,13,2,11南港區,南港區市民大道8段與南港路2段無名巷口,0,0,2,2,C03,8,7,5,50,3,2,1,5,4,5,13,3,1,5,4,5,2,13,1,22,2,9,5,1,7,9,1,10,1,11,,44,,1,21,121.5995426,25.0521782
113,3,10,10,9,2,02萬華區,萬華區桂林路與梧州街口,0,0,1,1,C03,7,7,5,30,4,1,1,5,4,5,13,4,4,10,5,5,2,17,1,67,2,9,5,1,7,5,6,18,1,14,,72,,1,22,121.4976223,25.0384709
113,3,10,10,9,2,02萬華區,萬華區桂林路與梧州街口,0,0,1,2,C03,7,7,5,30,4,1,1,5,4,5,13,4,4,10,5,5,2,17,1,19,3,10,5,1,7,9,1,10,1,11,,14,,1,22,121.4976223,25.0384709
113,3,10,10,20,1,08士林區,士林區延平北路6段與社中街口口,1,0,0,1,C03,7,6,5,50,5,1,1,5,4,5,13,2,1,1,2,2,1,16,1,72,1,1,5,1,7,1,1,10,2,11,,83,,1,21,121.5011655,25.0903803
113,3,10,10,20,1,08士林區,士林區延平北路6段與社中街口口,1,0,0,2,B03,7,6,5,50,5,1,1,5,4,5,13,2,1,1,2,2,1,16,1,72,3,10,7,1,7,5,1,8,2,2,,44,,1,21,121.5011655,25.0903803
113,3,10,10,30,2,05中正區,中正區仁愛路2段與杭州南路1段口,0,0,1,1,B12,7,6,5,50,4,1,1,5,4,4,13,1,1,10,5,5,1,12,1,58,3,10,7,1,7,9,1,8,1,2,,108,,1,22,121.5253126,25.0386281
113,3,10,10,30,2,05中正區,中正區仁愛路2段與杭州南路1段口,0,0,1,2,C03,7,6,5,50,4,1,1,5,4,4,13,1,1,10,5,5,1,12,1,29,2,8,6,1,7,9,1,10,1,14,,44,,1,22,121.5253126,25.0386281
113,3,10,10,41,2,12內湖區,內湖區陽光街與陽光街202巷口,0,0,1,1,F01,7,5,5,50,3,2,1,5,4,5,13,4,4,5,5,4,2,16,1,69,2,9,4,1,7,5,8,20,2,14,,8,,1,21,121.5801768,25.07416064
113,3,10,10,41,2,12內湖區,內湖區陽光街與陽光街202巷口,0,0,1,2,C03,7,5,5,50,3,2,1,5,4,5,13,4,4,5,5,4,2,16,1,26,3,10,6,1,7,9,1,10,2,11,,13,,1,21,121.5801768,25.07416064
113,3,10,10,45,2,01大同區,大同區西寧北路28號與環河北路1段口(玉泉公園環河北路側),0,0,1,1,B03,8,7,5,50,3,2,1,5,4,5,13,4,4,5,4,5,2,16,1,45,3,10,3,4,7,6,1,8,1,2,,9,,1,21,121.5066514,25.0499661
113,3,10,10,45,2,01大同區,大同區西寧北路28號與環河北路1段口(玉泉公園環河北路側),0,0,1,2,C03,8,7,5,50,3,2,1,5,4,5,13,4,4,5,4,5,2,16,1,26,2,8,5,1,7,9,1,10,1,11,,108,,1,21,121.5066514,25.0499661
113,3,10,10,50,2,05中正區,中正區杭州南路1段11巷與杭州南路1段口,0,0,2,1,B03,8,5,5,30,4,1,1,5,4,5,13,4,4,10,5,5,2,16,1,71,3,10,7,1,7,6,1,8,2,4,,72,,1,26,121.5267329,25.0434831
113,3,10,10,50,2,05中正區,中正區杭州南路1段11巷與杭州南路1段口,0,0,2,2,C03,8,5,5,30,4,1,1,5,4,5,13,4,4,10,5,5,2,16,1,26,2,3,5,1,7,9,1,10,2,11,,44,,1,26,121.5267329,25.0434831
113,3,10,10,50,2,05中正區,中正區杭州南路1段11巷與杭州南路1段口,0,0,2,3,H02,8,5,5,30,4,1,1,5,4,5,13,4,4,10,5,5,2,16,2,25,2,9,4,5,7,20,8,20,10,16,,67,,1,26,121.5267329,25.0434831
113,3,10,10,52,2,10文山區,文山區木柵路4段與木柵路4段149巷口,0,0,2,1,C03,8,6,5,30,14,9,1,5,4,5,13,4,4,5,5,5,2,17,1,29,3,10,5,4,7,9,1,10,2,11,,16,,2,21,121.574896,24.9988207
113,3,10,10,52,2,10文山區,文山區木柵路4段與木柵路4段149巷口,0,0,2,2,C03,8,6,5,30,14,9,1,5,4,5,13,4,4,5,5,5,2,17,1,55,2,8,5,4,7,9,1,10,2,14,,44,,1,21,121.574896,24.9988207
113,3,10,10,52,2,10文山區,文山區木柵路4段與木柵路4段149巷口,0,0,2,3,C03,8,6,5,30,14,9,1,5,4,5,13,4,4,5,5,5,2,17,1,70,3,10,5,4,7,15,1,10,9,13,,44,,1,21,121.574896,24.9988207
113,3,10,10,52,2,10文山區,文山區木柵路4段與木柵路4段149巷口,0,0,2,4,H02,8,6,5,30,14,9,1,5,4,5,13,4,4,5,5,5,2,17,2,51,2,8,5,5,7,20,8,20,10,16,,67,,1,21,121.574896,24.9988207
113,3,10,10,55,2,10文山區,文山區秀明路1段與木柵路3段169巷口,0,0,1,1,B03,7,7,5,30,3,1,1,5,4,5,13,3,1,1,5,4,2,16,1,30,3,10,7,1,7,5,1,8,1,7,,72,,1,21,121.5684568,24.9914954
113,3,10,10,55,2,10文山區,文山區秀明路1段與木柵路3段169巷口,0,0,1,2,C03,7,7,5,30,3,1,1,5,4,5,13,3,1,1,5,4,2,16,2,37,2,9,5,1,7,9,1,10,1,11,,13,,1,21,121.5684568,24.9914954
113,3,10,11,3,2,12內湖區,內湖區內湖路2段179巷與金龍隧道口,0,0,1,1,C01,8,6,5,50,3,2,1,5,4,5,13,2,1,5,4,5,2,17,1,23,2,9,6,1,7,6,1,9,2,12,,42,,1,21,121.5850975,25.08432482
113,3,10,11,3,2,12內湖區,內湖區內湖路2段179巷與金龍隧道口,0,0,1,2,B01,8,6,5,50,3,2,1,5,4,5,13,2,1,5,4,5,2,17,1,53,3,10,7,1,7,14,1,4,2,1,,44,,1,21,121.5850975,25.08432482
113,3,10,11,11,2,02萬華區,萬華區環河南路2段與環河南路2段175巷口,0,0,1,1,B03,7,7,5,50,4,1,1,5,4,5,13,1,1,1,4,5,2,16,1,59,3,10,7,1,7,5,1,8,1,6,,74,,1,21,121.4921621,25.0328703
113,3,10,11,11,2,02萬華區,萬華區環河南路2段與環河南路2段175巷口,0,0,1,2,C03,7,7,5,50,4,1,1,5,4,5,13,1,1,1,4,5,2,16,1,57,2,9,5,1,7,9,1,10,1,11,,108,,1,21,121.4921621,25.0328703
113,3,10,11,17,2,08士林區,士林區東山路25巷81弄38號,0,0,1,1,B02,8,6,5,30,11,9,1,5,4,5,13,1,1,10,5,5,1,17,1,37,3,10,3,4,7,9,1,8,2,8,,85,,1,21,121.5413604,25.1221231
113,3,10,11,17,2,08士林區,士林區東山路25巷81弄38號,0,0,1,2,C03,8,6,5,30,11,9,1,5,4,5,13,1,1,10,5,5,1,17,2,22,2,9,6,1,7,9,1,10,2,11,,42,,1,21,121.5413604,25.1221231
113,3,10,11,25,2,07信義區,信義區基隆路1段333號,0,0,1,1,C03,8,6,5,50,14,9,1,5,4,5,13,4,4,10,4,5,2,12,1,45,3,10,6,1,7,8,1,10,1,12,,100,,1,22,121.5610214,25.03506752
113,3,10,11,25,2,07信義區,信義區基隆路1段333號,0,0,1,2,C03,8,6,5,50,14,9,1,5,4,5,13,4,4,10,4,5,2,12,2,28,2,8,6,1,7,9,1,10,1,11,,44,,1,22,121.5610214,25.03506752
113,3,10,11,25,2,07信義區,信義區基隆路1段333號,0,0,1,3,B03,8,6,5,50,14,9,1,5,4,5,13,4,4,10,4,5,2,12,1,33,3,10,7,1,7,14,1,8,1,2,,44,,1,22,121.5610214,25.03506752
113,3,10,11,33,1,10文山區,文山區老泉街45巷樟湖幹76號(06137126FA30)前,1,0,3,1,B03,7,6,5,40,14,9,1,5,4,5,13,4,4,10,5,5,1,38,1,69,2,9,3,4,7,9,1,8,2,5,,108,,1,22,121.5752356,24.97119465
113,3,10,11,33,1,10文山區,文山區老泉街45巷樟湖幹76號(06137126FA30)前,1,0,3,2,,7,6,5,40,14,9,1,5,4,5,13,4,4,10,5,5,1,38,3,0,,,,,,,,,,,,67,,1,,121.5752356,24.97119465
113,3,10,11,33,1,10文山區,文山區老泉街45巷樟湖幹76號(06137126FA30)前,1,0,3,3,H02,7,6,5,40,14,9,1,5,4,5,13,4,4,10,5,5,1,38,2,65,1,9,3,5,7,20,8,20,10,17,,60,,1,21,121.5752356,24.97119465
113,3,10,11,33,1,10文山區,文山區老泉街45巷樟湖幹76號(06137126FA30)前,1,0,3,4,H02,7,6,5,40,14,9,1,5,4,5,13,4,4,10,5,5,1,38,1,37,2,9,3,5,7,20,8,20,10,17,,67,,1,21,121.5752356,24.97119465
113,3,10,11,33,1,10文山區,文山區老泉街45巷樟湖幹76號(06137126FA30)前,1,0,3,5,H02,7,6,5,40,14,9,1,5,4,5,13,4,4,10,5,5,1,38,2,34,2,9,2,5,7,20,8,20,10,16,,60,,1,22,121.5752356,24.97119465
113,3,10,11,38,2,07信義區,信義區吳興街269巷18弄與吳興街269巷口,0,0,1,1,C03,8,7,5,30,3,1,1,5,4,5,13,4,4,10,5,5,2,18,2,50,2,8,6,1,7,6,1,10,9,12,,116,,1,22,121.5647006,25.02732433
113,3,10,11,38,2,07信義區,信義區吳興街269巷18弄與吳興街269巷口,0,0,1,2,,8,7,5,30,3,1,1,5,4,5,13,4,4,10,5,5,2,18,3,,,,,,,,,,,,,67,,1,,121.5647006,25.02732433