發生年度,發生月,發生日,發生時-Hours,發生分,處理別-編號,區序,肇事地點,死亡人數,2-30日死亡人數,受傷人數,當事人序號,車種,天候,道路照明設備,道路類別,速限-速度限制,道路型態,事故位置,路面狀況1,路面狀況2,路面狀況3,道路障礙1,道路障礙2,號誌1,號誌2,車道劃分-分向,車道劃分-分道1,車道劃分-分道2,車道劃分-分道3,事故類型及型態,性別,年齡,受傷程度,主要傷處,保護裝置,行動電話,車輛用途,當事者行動狀態,駕駛資格情形,駕駛執照種類,飲酒情形,車輛撞擊部位1,車輛撞擊部位2,肇因碼-個別,肇因碼-主要,個人肇逃否,職業,座標-X,座標-Y
113,3,10,11,41,2,02萬華區,萬華區德昌街10巷與東園街73巷口,0,0,2,1,C03,8,7,5,30,5,1,1,5,4,5,13,3,1,10,5,5,2,17,2,29,2,6,5,1,7,9,1,10,1,11,,72,,1,21,121.4997949,25.02637732
113,3,10,11,41,2,02萬華區,萬華區德昌街10巷與東園街73巷口,0,0,2,2,C03,8,7,5,30,5,1,1,5,4,5,13,3,1,10,5,5,2,17,2,50,2,9,5,1,7,9,1,8,1,12,,44,,1,21,121.4997949,25.02637732
113,3,10,12,25,2,07信義區,信義區基隆路1段380巷,0,0,1,1,C03,8,7,5,30,14,9,1,5,4,5,13,4,4,10,5,5,2,17,2,37,2,8,5,1,7,1,1,10,1,11,,19,,1,21,121.5590027,25.03448553
113,3,10,12,25,2,07信義區,信義區基隆路1段380巷,0,0,1,2,B01,8,7,5,30,14,9,1,5,4,5,13,4,4,10,5,5,2,17,1,60,3,10,7,1,7,9,1,4,1,2,,44,,1,21,121.5590027,25.03448553
113,3,10,12,39,2,11南港區,南港區忠孝東路6段159巷與忠孝東路6段口,0,0,1,1,C03,8,6,5,30,4,1,1,5,4,5,13,4,4,10,5,5,2,15,2,19,3,10,5,1,7,9,1,10,1,12,,14,,1,21,121.5865043,25.0489775
113,3,10,12,39,2,11南港區,南港區忠孝東路6段159巷與忠孝東路6段口,0,0,1,2,C03,8,6,5,30,4,1,1,5,4,5,13,4,4,10,5,5,2,15,2,68,2,8,5,1,7,9,1,10,1,11,,14,,1,21,121.5865043,25.0489775
113,3,10,12,43,2,04大安區,大安區信義路2段與麗水街口,0,0,1,1,C03,8,5,5,50,4,2,1,5,4,5,13,4,4,5,5,5,2,17,1,55,3,10,5,1,7,6,1,10,1,17,,80,,1,21,121.529226,25.0336808
113,3,10,12,43,2,04大安區,大安區信義路2段與麗水街口,0,0,1,2,F01,8,5,5,50,4,2,1,5,4,5,13,4,4,5,5,5,2,17,2,62,2,9,4,1,7,9,8,20,1,17,,42,,1,21,121.529226,25.0336808
113,3,10,13,18,2,03中山區,中山區中山北路1段7號,0,0,1,1,C03,8,6,5,50,14,9,1,5,4,5,13,4,4,1,4,5,2,12,1,67,4,11,6,4,7,9,1,10,11,12,,17,,2,22,121.5209727,25.04827795
113,3,10,13,18,2,03中山區,中山區中山北路1段7號,0,0,1,2,C03,8,6,5,50,14,9,1,5,4,5,13,4,4,1,4,5,2,12,1,24,2,9,6,1,7,9,1,10,1,14,,17,,1,22,121.5209727,25.04827795
113,3,10,13,26,2,01大同區,大同區延平北路4段與迪化街2段364巷口,0,0,1,1,B01,7,7,5,50,3,2,1,5,4,5,13,2,1,5,4,5,2,16,1,68,3,10,3,4,7,5,1,4,1,8,,8,,1,21,121.5112541,25.07302261
113,3,10,13,26,2,01大同區,大同區延平北路4段與迪化街2段364巷口,0,0,1,2,C03,7,7,5,50,3,2,1,5,4,5,13,2,1,5,4,5,2,16,1,48,2,8,5,1,7,9,1,10,1,12,,4,,1,21,121.5112541,25.07302261
113,3,10,13,29,2,10文山區,文山區景興路與景華街口,0,0,2,1,C03,7,6,5,50,5,2,1,5,4,5,13,2,1,1,4,5,2,17,2,52,3,10,6,1,7,11,1,10,2,13,,10,,1,21,121.5447392,24.9952594
113,3,10,13,29,2,10文山區,文山區景興路與景華街口,0,0,2,2,C03,7,6,5,50,5,2,1,5,4,5,13,2,1,1,4,5,2,17,2,53,2,8,6,1,7,9,1,10,2,11,,44,,1,21,121.5447392,24.9952594
113,3,10,13,29,2,10文山區,文山區景興路與景華街口,0,0,2,3,H02,7,6,5,50,5,2,1,5,4,5,13,2,1,1,4,5,2,17,1,57,2,7,6,5,7,20,8,20,10,16,,67,,1,21,121.5447392,24.9952594
113,3,10,13,41,2,07信義區,信義區忠孝東路5段790巷與忠孝東路5段790巷23弄口,0,0,1,1,C03,8,7,5,30,4,1,1,5,4,5,13,4,4,10,5,5,2,15,1,72,2,7,6,1,7,9,3,18,1,11,,14,,1,21,121.5824261,25.0426878
113,3,10,13,41,2,07信義區,信義區忠孝東路5段790巷與忠孝東路5段790巷23弄口,0,0,1,2,B01,8,7,5,30,4,1,1,5,4,5,13,4,4,10,5,5,2,15,1,35,3,10,7,1,7,9,1,4,1,2,,14,,1,21,121.5824261,25.0426878
113,3,10,14,27,2,08士林區,士林區復興橋與至誠路1段口便道,0,0,1,2,B03,8,6,5,30,5,2,1,5,4,5,13,2,1,5,4,5,1,17,1,62,3,10,7,1,7,9,1,8,2,5,,44,,1,21,121.5375658,25.10105671
113,3,10,14,27,2,08士林區,士林區復興橋與至誠路1段口便道,0,0,1,1,C03,8,6,5,30,5,2,1,5,4,5,13,2,1,5,4,5,1,17,2,61,2,9,5,1,7,6,6,11,2,12,,4,,1,21,121.5375658,25.10105671
113,3,10,14,35,2,12內湖區,內湖區內湖路1段與內湖路1段737巷口,0,0,1,1,A02,8,6,5,50,14,9,1,5,4,5,13,4,4,1,4,5,2,9,1,55,3,10,7,1,7,9,1,2,9,17,,44,,1,21,121.578663,25.07881623
113,3,10,14,35,2,12內湖區,內湖區內湖路1段與內湖路1段737巷口,0,0,1,2,H02,8,6,5,50,14,9,1,5,4,5,13,4,4,1,4,5,2,9,2,53,2,9,4,5,7,20,8,20,10,16,,67,,1,21,121.578663,25.07881623
113,3,10,15,10,2,01大同區,大同區忠孝西路2段與塔城街口,0,0,1,1,B01,8,5,5,50,4,2,1,5,4,5,13,1,1,1,4,1,2,11,1,68,3,10,7,1,7,9,1,4,1,4,,118,,1,21,121.5098765,25.04824996
113,3,10,15,10,2,01大同區,大同區忠孝西路2段與塔城街口,0,0,1,2,C03,8,5,5,50,4,2,1,5,4,5,13,1,1,1,4,1,2,11,1,36,2,9,5,1,7,9,1,10,1,12,,118,,1,21,121.5098765,25.04824996
113,3,10,15,30,2,08士林區,士林區文林路161號,0,0,2,1,C03,8,5,5,50,14,9,1,5,4,5,13,4,4,9,5,5,2,17,2,31,2,8,6,1,7,11,1,10,1,14,,10,,1,21,121.5267458,25.08924431
113,3,10,15,30,2,08士林區,士林區文林路161號,0,0,2,2,C03,8,5,5,50,14,9,1,5,4,5,13,4,4,9,5,5,2,17,1,30,2,8,6,1,7,9,1,10,1,12,,108,,1,21,121.5267458,25.08924431
113,3,10,15,58,2,08士林區,士林區仰德大道1段與至誠路1段口,0,0,1,2,H03,8,5,5,50,5,1,1,5,4,5,13,2,1,7,4,5,1,5,1,64,2,8,4,5,8,20,8,20,10,16,,67,,1,21,121.5376025,25.1010483
113,3,10,15,58,2,08士林區,士林區仰德大道1段與至誠路1段口,0,0,1,1,B03,8,5,5,50,5,1,1,5,4,5,13,2,1,7,4,5,1,5,4,0,4,11,3,4,7,21,7,19,11,15,,119,,2,21,121.5376025,25.1010483
113,3,10,16,0,2,04大安區,大安區和平東路3段10號,0,0,1,1,C04,8,7,5,50,14,9,1,5,4,5,13,1,1,1,4,5,2,12,2,38,2,9,3,4,7,8,1,10,1,14,,100,,1,21,121.5468081,25.0246495
113,3,10,16,0,2,04大安區,大安區和平東路3段10號,0,0,1,2,B03,8,7,5,50,14,9,1,5,4,5,13,1,1,1,4,5,2,12,1,46,3,10,3,4,7,9,1,8,1,2,,44,,1,21,121.5468081,25.0246495
113,3,10,16,24,2,02萬華區,萬華區艋舺大道與華翠大橋口下迴轉道,0,0,1,1,H01,8,6,5,50,3,1,1,5,4,5,13,4,4,10,4,5,2,3,2,73,2,9,4,5,8,16,8,20,10,16,,121,,1,21,121.4913271,25.02846955
113,3,10,16,24,2,02萬華區,萬華區艋舺大道與華翠大橋口下迴轉道,0,0,1,2,C03,8,6,5,50,3,1,1,5,4,5,13,4,4,10,4,5,2,3,1,42,3,10,6,1,7,5,1,10,1,11,,108,,1,21,121.4913271,25.02846955
113,3,10,16,42,2,07信義區,信義區永吉路225巷與虎林街50巷口,0,0,1,1,B02,7,7,5,30,4,1,1,5,4,5,13,4,4,10,5,5,2,17,1,22,3,10,7,1,7,6,1,3,2,1,,14,,1,22,121.5742471,25.04696239
113,3,10,16,42,2,07信義區,信義區永吉路225巷與虎林街50巷口,0,0,1,2,C03,7,7,5,30,4,1,1,5,4,5,13,4,4,10,5,5,2,17,1,61,2,9,5,1,7,9,1,10,2,11,,108,,1,22,121.5742471,25.04696239
113,3,10,17,27,2,07信義區,信義區松平路81號,0,0,1,1,C03,8,6,5,30,14,9,1,5,4,5,13,4,4,9,5,5,2,16,2,18,2,7,6,1,7,9,1,10,2,11,,13,,1,21,121.5669491,25.0304541
113,3,10,17,27,2,07信義區,信義區松平路81號,0,0,1,2,B03,8,6,5,30,14,9,1,5,4,5,13,4,4,9,5,5,2,16,1,38,3,10,7,1,7,5,1,8,2,4,,80,,1,21,121.5669491,25.0304541
113,3,10,17,32,2,06松山區,松山區北寧路32巷與八德路3段99巷口,0,0,1,1,B03,7,6,5,30,3,1,1,4,4,5,13,4,4,10,5,5,2,3,1,37,3,10,7,1,7,2,1,8,9,3,,12,,1,22,121.5535988,25.04924795
113,3,10,17,32,2,06松山區,松山區北寧路32巷與八德路3段99巷口,0,0,1,2,H01,7,6,5,30,3,1,1,4,4,5,13,4,4,10,5,5,2,3,1,86,2,9,4,5,8,16,8,20,10,16,,67,,1,22,121.5535988,25.04924795
113,3,10,18,55,2,01大同區,大同區赤峰街43號,0,0,2,1,C03,7,5,5,30,14,9,1,5,4,5,13,4,4,10,5,5,2,9,2,35,2,9,5,1,7,9,1,10,1,15,,108,,1,21,121.5196179,25.0550468
113,3,10,18,55,2,01大同區,大同區赤峰街43號,0,0,2,2,H01,7,5,5,30,14,9,1,5,4,5,13,4,4,10,5,5,2,9,2,10,2,9,4,5,8,20,8,20,10,16,,60,,1,21,121.5196179,25.0550468
113,3,10,19,10,2,01大同區,大同區哈密街59巷與哈密街59巷38弄口,0,0,1,1,C03,7,5,5,30,14,9,1,5,4,5,13,4,4,10,5,5,1,16,2,60,3,10,5,4,7,5,1,11,11,11,,14,,2,21,121.5157006,25.0749346
113,3,10,19,10,2,01大同區,大同區哈密街59巷與哈密街59巷38弄口,0,0,1,2,C03,7,5,5,30,14,9,1,5,4,5,13,4,4,10,5,5,1,16,1,43,2,8,3,4,7,9,1,10,1,11,,13,,1,21,121.5157006,25.0749346
113,3,10,19,25,2,07信義區,信義區永吉路326巷40號,0,0,1,1,C03,8,5,5,30,14,9,1,5,4,5,13,4,4,9,5,5,2,16,1,58,3,10,3,4,7,11,1,10,2,17,,10,,1,22,121.5754101,25.0441391
113,3,10,19,25,2,07信義區,信義區永吉路326巷40號,0,0,1,2,C03,8,5,5,30,14,9,1,5,4,5,13,4,4,9,5,5,2,16,1,36,2,8,3,4,7,9,1,10,2,14,,44,,1,22,121.5754101,25.0441391
113,3,10,19,40,2,06松山區,松山區市民大道5段與八德路4段204巷口,0,0,2,1,B03,7,5,5,30,3,1,1,5,4,5,13,4,4,1,4,5,2,15,1,69,3,10,7,4,7,15,1,8,1,4,,74,,1,22,121.5642128,25.04782223
113,3,10,19,40,2,06松山區,松山區市民大道5段與八德路4段204巷口,0,0,2,2,C03,7,5,5,30,3,1,1,5,4,5,13,4,4,1,4,5,2,15,1,26,2,9,6,4,7,9,1,10,1,11,,44,,1,22,121.5642128,25.04782223
113,3,10,19,40,2,06松山區,松山區市民大道5段與八德路4段204巷口,0,0,2,3,H02,7,5,5,30,3,1,1,5,4,5,13,4,4,1,4,5,2,15,2,26,2,9,6,5,7,20,8,20,10,16,,67,,1,22,121.5642128,25.04782223
113,3,10,20,0,2,03中山區,中山區松江路與農安街口,0,0,2,1,B01,8,5,5,50,4,1,1,5,4,5,13,2,1,3,5,5,2,2,1,61,3,10,7,1,7,5,1,4,2,8,,70,,1,21,121.533333,25.0648711
113,3,10,20,0,2,03中山區,中山區松江路與農安街口,0,0,2,2,H01,8,5,5,50,4,1,1,5,4,5,13,2,1,3,5,5,2,2,2,31,2,9,4,5,8,16,8,20,10,16,,67,,1,21,121.533333,25.0648711
113,3,10,20,0,2,03中山區,中山區松江路與農安街口,0,0,2,3,H01,8,5,5,50,4,1,1,5,4,5,13,2,1,3,5,5,2,2,2,27,2,9,4,5,8,16,8,20,10,16,,67,,1,21,121.533333,25.0648711
113,3,10,20,41,2,08士林區,士林區百齡橋與中正路口,0,0,1,1,B03,7,5,5,30,3,2,1,5,4,5,13,4,4,10,4,5,1,17,1,56,3,10,7,1,7,8,1,8,2,4,,80,,1,22,121.5152387,25.0903872
113,3,10,20,41,2,08士林區,士林區百齡橋與中正路口,0,0,1,2,C03,7,5,5,30,3,2,1,5,4,5,13,4,4,10,4,5,1,17,2,71,2,9,6,1,7,9,3,18,2,12,,44,,1,22,121.5152387,25.0903872
113,3,10,21,7,2,01大同區,大同區民族西路與民族西路169巷口,0,0,1,1,B03,7,5,5,50,4,2,1,5,4,5,13,4,4,5,2,5,2,17,1,66,4,11,3,4,7,11,1,8,11,5,,10,,2,22,121.5153973,25.068654
113,3,10,21,7,2,01大同區,大同區民族西路與民族西路169巷口,0,0,1,2,C01,7,5,5,50,4,2,1,5,4,5,13,4,4,5,2,5,2,17,1,26,2,9,5,1,7,9,1,9,2,11,,13,,1,21,121.5153973,25.068654
113,3,10,21,10,2,08士林區,士林區延平北路6段與中正路口,0,0,2,1,C03,8,5,5,50,4,2,1,5,4,5,13,2,1,1,4,5,2,16,1,46,3,10,3,4,7,8,1,10,1,12,,100,,1,22,121.5093714,25.086928
113,3,10,21,10,2,08士林區,士林區延平北路6段與中正路口,0,0,2,2,C03,8,5,5,50,4,2,1,5,4,5,13,2,1,1,4,5,2,16,2,39,2,7,3,4,7,9,1,10,1,14,,44,,1,22,121.5093714,25.086928
113,3,10,21,10,2,08士林區,士林區延平北路6段與中正路口,0,0,2,3,H02,8,5,5,50,4,2,1,5,4,5,13,2,1,1,4,5,2,16,2,37,2,7,3,5,7,17,8,20,10,16,,67,,1,22,121.5093714,25.086928
113,3,10,23,40,2,08士林區,士林區萬溪產業道路3K+300,0,0,1,1,C03,8,6,5,30,11,9,1,5,4,5,13,4,4,10,5,5,1,17,2,19,3,10,5,1,7,9,1,10,1,17,,5,,1,21,121.6011317,25.1351171
113,3,10,23,40,2,08士林區,士林區萬溪產業道路3K+300,0,0,1,2,C01,8,6,5,30,11,9,1,5,4,5,13,4,4,10,5,5,1,17,1,22,2,8,5,1,7,9,1,9,1,17,,44,,1,21,121.6011317,25.1351171
113,3,10,23,54,2,03中山區,中山區市民大道2段與長安東路1段52巷口,0,0,1,1,B01,8,5,5,50,3,2,1,5,4,5,13,3,1,10,4,5,2,16,1,40,3,10,7,1,7,6,1,4,1,4,,80,,1,21,121.5276736,25.0470358
113,3,10,23,54,2,03中山區,中山區市民大道2段與長安東路1段52巷口,0,0,1,2,C03,8,5,5,50,3,2,1,5,4,5,13,3,1,10,4,5,2,16,1,31,2,9,5,1,7,9,1,10,1,11,,13,,1,22,121.5276736,25.0470358
113,3,11,0,46,2,09北投區,北投區石牌路2段與石牌路2段113巷口,0,0,1,1,C03,7,5,5,50,4,1,1,5,4,5,13,3,1,4,4,5,2,17,1,78,2,8,5,1,7,5,1,10,1,12,,72,,1,21,121.5175704,25.11808849
113,3,11,0,46,2,09北投區,北投區石牌路2段與石牌路2段113巷口,0,0,1,2,B03,7,5,5,50,4,1,1,5,4,5,13,3,1,4,4,5,2,17,2,55,3,10,7,1,7,9,1,8,1,1,,14,,1,21,121.5175704,25.11808849
113,3,11,6,36,2,09北投區,北投區承德路7段與承德路7段188巷口,0,0,3,1,C03,8,6,5,30,3,1,1,5,4,5,13,4,4,10,5,5,2,15,1,41,2,9,5,1,7,9,1,10,2,11,,80,,1,21,121.5078696,25.1140729
113,3,11,6,36,2,09北投區,北投區承德路7段與承德路7段188巷口,0,0,3,2,F01,8,6,5,30,3,1,1,5,4,5,13,4,4,10,5,5,2,15,1,16,2,9,4,1,7,9,8,20,2,14,,60,,1,16,121.5078696,25.1140729
113,3,11,6,36,2,09北投區,北投區承德路7段與承德路7段188巷口,0,0,3,3,H02,8,6,5,30,3,1,1,5,4,5,13,4,4,10,5,5,2,15,1,7,2,9,5,5,7,20,8,20,10,16,,67,,1,14,121.5078696,25.1140729
113,3,11,7,17,2,12內湖區,內湖區內湖路1段47巷與內湖路1段口,0,0,1,1,B03,8,5,5,50,3,1,1,5,4,5,13,4,4,10,5,5,2,16,1,65,3,10,7,1,7,6,1,8,1,5,,80,,1,21,121.5593065,25.08509091
113,3,11,7,17,2,12內湖區,內湖區內湖路1段47巷與內湖路1段口,0,0,1,2,F01,8,5,5,50,3,1,1,5,4,5,13,4,4,10,5,5,2,16,1,50,2,8,4,1,7,14,8,20,1,11,,44,,1,21,121.5593065,25.08509091
113,3,11,7,30,2,05中正區,中正區和平西路2段56號前,0,0,1,1,B03,7,6,5,50,14,9,1,5,4,5,13,4,4,1,4,5,1,17,2,40,3,10,7,1,7,7,1,8,1,17,,100,,1,21,121.5123941,25.02885367
113,3,11,7,30,2,05中正區,中正區和平西路2段56號前,0,0,1,2,C03,7,6,5,50,14,9,1,5,4,5,13,4,4,1,4,5,1,17,1,40,2,9,5,1,7,9,1,10,1,12,,16,,1,21,121.5123941,25.02885367
113,3,11,7,30,2,05中正區,中正區和平西路2段56號前,0,0,1,3,B03,7,6,5,50,14,9,1,5,4,5,13,4,4,1,4,5,1,17,1,63,3,10,7,1,7,3,3,18,1,17,,44,,1,21,121.5123941,25.02885367
113,3,11,7,35,2,08士林區,士林區中正路與重陽橋口,0,0,1,2,C03,8,6,5,25,8,11,1,5,4,5,13,4,4,1,4,5,1,13,2,31,2,9,5,1,7,9,1,10,9,13,,44,,1,21,121.5155229,25.08798165
113,3,11,7,35,2,08士林區,士林區中正路與重陽橋口,0,0,1,1,C03,8,6,5,25,8,11,1,5,4,5,13,4,4,1,4,5,1,13,1,59,3,10,5,1,7,9,1,10,9,11,,107,,2,21,121.5155229,25.08798165
113,3,11,8,35,2,03中山區,中山區新生北路2段與林森北路485巷口,0,0,3,1,C03,8,7,5,50,3,2,1,5,4,5,13,4,4,5,4,5,2,17,2,43,2,9,6,4,7,5,1,10,1,13,,8,,1,21,121.5273795,25.0613519
113,3,11,8,35,2,03中山區,中山區新生北路2段與林森北路485巷口,0,0,3,2,C03,8,7,5,50,3,2,1,5,4,5,13,4,4,5,4,5,2,17,2,31,2,8,6,4,7,9,1,10,1,11,,44,,1,21,121.5273795,25.0613519
113,3,11,8,35,2,03中山區,中山區新生北路2段與林森北路485巷口,0,0,3,3,H02,8,7,5,50,3,2,1,5,4,5,13,4,4,5,4,5,2,17,2,42,2,9,6,5,7,20,8,20,10,16,,67,,1,21,121.5273795,25.0613519
113,3,11,8,42,2,04大安區,大安區信義路2段與杭州南路2段口,0,0,1,1,B03,8,6,5,50,14,9,1,5,4,5,13,2,1,1,4,5,1,12,1,39,3,10,3,4,7,15,1,8,9,17,,77,,2,21,121.5243418,25.0353019
113,3,11,8,42,2,04大安區,大安區信義路2段與杭州南路2段口,0,0,1,2,C03,8,6,5,50,14,9,1,5,4,5,13,2,1,1,4,5,1,12,1,24,2,8,3,4,7,15,1,9,1,14,,108,,1,21,121.5243418,25.0353019
113,3,11,8,44,2,06松山區,松山區塔悠路與健康路口,0,0,1,1,B03,6,5,5,50,4,1,1,4,4,5,13,2,1,3,4,4,2,16,2,24,3,10,3,4,7,6,1,8,2,5,,71,,1,22,121.5697099,25.05455564
113,3,11,8,44,2,06松山區,松山區塔悠路與健康路口,0,0,1,2,C03,6,5,5,50,4,1,1,4,4,5,13,2,1,3,4,4,2,16,1,32,2,9,6,4,7,9,1,10,2,14,,44,,1,22,121.5697099,25.05455564
113,3,11,9,5,2,11南港區,南港區研究院路2段與研究院路2段182巷口,0,0,1,1,B03,7,7,5,50,3,2,1,5,4,5,13,2,1,9,5,5,2,17,1,24,3,10,3,4,7,6,1,8,1,5,,17,,1,21,121.6175093,25.0375123
113,3,11,9,5,2,11南港區,南港區研究院路2段與研究院路2段182巷口,0,0,1,2,C03,7,7,5,50,3,2,1,5,4,5,13,2,1,9,5,5,2,17,1,41,2,9,6,4,7,6,1,10,1,14,,107,,1,21,121.6175093,25.0375123
113,3,11,9,11,2,02萬華區,萬華區青年路68巷與青年路106巷30弄口,0,0,2,1,C03,7,7,5,30,3,1,1,5,4,3,10,4,4,4,1,5,2,16,1,62,2,7,5,1,7,5,1,10,2,11,,80,,1,21,121.5024983,25.0235435
113,3,11,9,11,2,02萬華區,萬華區青年路68巷與青年路106巷30弄口,0,0,2,2,C03,7,7,5,30,3,1,1,5,4,3,10,4,4,4,1,5,2,16,2,34,2,9,5,1,7,9,1,10,2,14,,44,,1,21,121.5024983,25.0235435
113,3,11,9,11,2,02萬華區,萬華區青年路68巷與青年路106巷30弄口,0,0,2,3,B03,7,7,5,30,3,1,1,5,4,3,10,4,4,4,1,5,2,16,1,58,3,10,7,1,7,14,1,8,9,17,,38,,1,21,121.5024983,25.0235435
113,3,11,9,24,2,05中正區,中正區仁愛路1段與林森南路口,0,0,1,1,B01,7,7,5,50,4,2,1,5,4,5,13,1,1,9,4,5,1,11,1,68,3,10,7,1,7,1,1,4,2,8,,19,,2,21,121.5214763,25.0384182
113,3,11,9,24,2,05中正區,中正區仁愛路1段與林森南路口,0,0,1,2,C03,7,7,5,50,4,2,1,5,4,5,13,1,1,9,4,5,1,11,2,35,2,1,6,1,7,9,1,10,9,13,,118,,1,22,121.5214763,25.0384182
113,3,11,9,24,2,05中正區,中正區仁愛路1段與林森南路口,0,0,1,3,B01,7,7,5,50,4,2,1,5,4,5,13,1,1,9,4,5,1,11,1,61,3,10,7,1,7,9,1,4,2,5,,44,,1,21,121.5214763,25.0384182
113,3,11,9,25,2,10文山區,文山區木柵路1段與木柵路1段79巷口,0,0,2,1,C03,8,6,5,30,3,1,1,5,4,5,13,4,4,5,4,5,2,17,1,49,2,7,5,4,7,5,1,9,2,11,,42,,1,21,121.5466541,24.98689343
113,3,11,9,25,2,10文山區,文山區木柵路1段與木柵路1段79巷口,0,0,2,2,C02,8,6,5,30,3,1,1,5,4,5,13,4,4,5,4,5,2,17,1,40,2,9,5,4,7,9,1,9,2,12,,4,,1,21,121.5466541,24.98689343
113,3,11,9,25,2,10文山區,文山區木柵路1段與木柵路1段79巷口,0,0,2,3,B03,8,6,5,30,3,1,1,5,4,5,13,4,4,5,4,5,2,17,2,51,3,10,3,4,7,14,1,8,2,7,,44,,1,21,121.5466541,24.98689343
113,3,11,9,27,2,06松山區,松山區八德路4段286號,0,0,2,1,C03,7,5,5,40,14,9,1,5,4,5,13,4,4,1,4,5,2,13,1,24,2,9,5,1,7,10,1,10,1,14,,102,,1,25,121.5672152,25.0487437
113,3,11,9,27,2,06松山區,松山區八德路4段286號,0,0,2,2,C03,7,5,5,40,14,9,1,5,4,5,13,4,4,1,4,5,2,13,1,70,3,10,5,1,7,9,1,10,1,17,,44,,1,7,121.5672152,25.0487437
113,3,11,9,27,2,06松山區,松山區八德路4段286號,0,0,2,3,H02,7,5,5,40,14,9,1,5,4,5,13,4,4,1,4,5,2,13,2,24,2,9,5,5,7,21,8,20,10,16,,67,,1,21,121.5672152,25.0487437
113,3,11,9,40,2,10文山區,文山區指南路2段84號,0,0,2,1,C03,7,7,5,40,14,9,1,5,4,5,13,4,4,9,5,5,2,16,2,29,2,9,5,1,7,5,1,10,1,14,,8,,1,21,121.5789127,24.98667387
113,3,11,9,40,2,10文山區,文山區指南路2段84號,0,0,2,2,C03,7,7,5,40,14,9,1,5,4,5,13,4,4,9,5,5,2,16,2,64,2,9,5,1,7,9,1,10,1,11,,108,,1,21,121.5789127,24.98667387
113,3,11,10,27,2,06松山區,松山區市民大道4段與市民大道4段37巷口,0,0,2,1,C03,7,7,5,40,3,2,1,5,4,5,13,4,4,1,4,1,2,12,1,70,2,7,6,1,7,7,1,10,1,13,,100,,1,21,121.5451767,25.0451188
113,3,11,10,27,2,06松山區,松山區市民大道4段與市民大道4段37巷口,0,0,2,2,C03,7,7,5,40,3,2,1,5,4,5,13,4,4,1,4,1,2,12,1,57,2,7,5,1,7,9,3,18,1,11,,13,,1,21,121.5451767,25.0451188
113,3,11,11,43,2,04大安區,大安區仁愛路4段151巷與忠孝東路4段170巷17弄口,0,0,1,1,B01,7,5,5,30,4,1,1,5,4,5,13,4,4,10,5,5,2,1,1,68,3,10,7,1,7,9,1,4,9,1,,14,,1,21,121.551744,25.0399029
113,3,11,11,43,2,04大安區,大安區仁愛路4段151巷與忠孝東路4段170巷17弄口,0,0,1,2,H01,7,5,5,30,4,1,1,5,4,5,13,4,4,10,5,5,2,1,2,61,2,7,4,5,8,16,8,20,10,16,,67,,1,21,121.551744,25.0399029
113,3,11,12,12,2,08士林區,士林區故宮路19號,0,0,1,1,C03,6,7,5,50,14,9,1,4,4,5,13,4,4,1,4,5,1,17,1,19,2,9,5,1,7,1,1,10,2,14,,19,,1,21,121.5470429,25.09708544
113,3,11,12,12,2,08士林區,士林區故宮路19號,0,0,1,2,C03,6,7,5,50,14,9,1,4,4,5,13,4,4,1,4,5,1,17,1,48,3,10,5,1,7,9,1,10,2,11,,44,,1,21,121.5470429,25.09708544
113,3,11,12,17,2,04大安區,大安區基隆路3段與辛亥路3段口,0,0,1,1,C03,6,6,5,50,14,9,1,4,4,5,13,4,4,1,4,4,2,17,1,19,2,9,6,1,7,9,1,10,1,14,,116,,1,21,121.5469302,25.0196027
113,3,11,12,17,2,04大安區,大安區基隆路3段與辛亥路3段口,0,0,1,2,B03,6,6,5,50,14,9,1,4,4,5,13,4,4,1,4,4,2,17,2,37,3,10,7,1,7,14,1,8,1,3,,44,,1,21,121.5469302,25.0196027
113,3,11,12,45,2,03中山區,中山區林森北路與民生東路1段口,0,0,2,1,B03,6,6,5,50,4,2,1,4,4,5,13,1,1,9,4,5,2,17,2,63,3,10,7,1,7,10,1,8,1,17,,100,,1,22,121.5255107,25.0583357
113,3,11,12,45,2,03中山區,中山區林森北路與民生東路1段口,0,0,2,2,C03,6,6,5,50,4,2,1,4,4,5,13,1,1,9,4,5,2,17,1,23,2,9,5,1,7,9,1,10,1,17,,44,,1,22,121.5255107,25.0583357
113,3,11,12,45,2,03中山區,中山區林森北路與民生東路1段口,0,0,2,3,H02,6,6,5,50,4,2,1,4,4,5,13,1,1,9,4,5,2,17,2,17,2,9,4,5,8,21,8,20,11,17,,60,,1,22,121.5255107,25.0583357
113,3,11,13,3,2,04大安區,大安區復興南路2段與復興南路2段151巷口,0,0,1,1,C03,7,6,5,50,4,1,1,4,4,5,13,1,1,1,4,5,1,15,1,31,2,9,6,1,7,9,1,10,1,11,,81,,1,21,121.5434221,25.0284526
113,3,11,13,3,2,04大安區,大安區復興南路2段與復興南路2段151巷口,0,0,1,2,B03,7,6,5,50,4,1,1,4,4,5,13,1,1,1,4,5,1,15,1,45,3,10,7,1,7,9,1,8,1,2,,44,,1,21,121.5434221,25.0284526
113,3,11,13,37,2,11南港區,南港區南港路1段與興中路口,0,0,1,1,B03,6,7,5,50,4,1,1,4,4,5,13,2,1,4,3,5,2,17,1,29,3,10,7,1,7,5,1,8,1,2,,80,,1,22,121.6074981,25.0545484