發生年度,發生月,發生日,發生時-Hours,發生分,處理別-編號,區序,肇事地點,死亡人數,2-30日死亡人數,受傷人數,當事人序號,車種,天候,道路照明設備,道路類別,速限-速度限制,道路型態,事故位置,路面狀況1,路面狀況2,路面狀況3,道路障礙1,道路障礙2,號誌1,號誌2,車道劃分-分向,車道劃分-分道1,車道劃分-分道2,車道劃分-分道3,事故類型及型態,性別,年齡,受傷程度,主要傷處,保護裝置,行動電話,車輛用途,當事者行動狀態,駕駛資格情形,駕駛執照種類,飲酒情形,車輛撞擊部位1,車輛撞擊部位2,肇因碼-個別,肇因碼-主要,個人肇逃否,職業,座標-X,座標-Y
113,3,11,13,37,2,11南港區,南港區南港路1段與興中路口,0,0,1,2,C03,6,7,5,50,4,1,1,4,4,5,13,2,1,4,3,5,2,17,1,34,2,8,5,1,7,9,1,10,1,11,,44,,1,21,121.6074981,25.0545484
113,3,11,13,59,2,01大同區,大同區市民大道1段與承德路1段口,0,0,1,1,B03,6,6,5,40,14,9,1,4,4,5,13,4,4,1,4,5,2,17,1,61,3,10,7,1,7,7,6,18,1,7,,100,,1,21,121.5168707,25.0487902
113,3,11,13,59,2,01大同區,大同區市民大道1段與承德路1段口,0,0,1,2,C03,6,6,5,40,14,9,1,4,4,5,13,4,4,1,4,5,2,17,1,29,2,9,6,1,7,9,1,10,1,12,,44,,1,21,121.5168707,25.0487902
113,3,11,14,0,2,03中山區,中山區建國北路2段與南京東路3段口,0,0,1,1,C03,6,6,5,50,4,2,1,4,4,5,13,1,1,8,4,5,2,18,2,74,2,9,5,1,7,9,1,10,1,11,,108,,1,21,121.5366032,25.05187452
113,3,11,14,0,2,03中山區,中山區建國北路2段與南京東路3段口,0,0,1,2,,6,6,5,50,4,2,1,4,4,5,13,1,1,8,4,5,2,18,3,0,,,,,,,,,,,,67,,1,,121.5366032,25.05187452
113,3,11,14,35,2,01大同區,大同區延平北路3段113巷與民族西路282巷口,0,0,1,1,C03,6,5,5,30,4,1,1,4,4,5,13,4,4,10,5,5,2,15,1,40,3,10,5,1,7,9,1,10,2,14,,108,,1,21,121.5112325,25.068235
113,3,11,14,35,2,01大同區,大同區延平北路3段113巷與民族西路282巷口,0,0,1,2,C03,6,5,5,30,4,1,1,4,4,5,13,4,4,10,5,5,2,15,2,46,2,9,5,1,7,9,1,10,2,11,,75,,1,21,121.5112325,25.068235
113,3,11,14,47,2,01大同區,大同區酒泉街161號,0,0,1,1,B03,6,6,5,50,14,9,1,4,4,5,13,4,4,8,3,5,1,10,1,19,3,10,3,4,7,15,1,8,2,1,,4,,1,21,121.5125885,25.0721283
113,3,11,14,47,2,01大同區,大同區酒泉街161號,0,0,1,2,B03,6,6,5,50,14,9,1,4,4,5,13,4,4,8,3,5,1,10,2,61,2,5,3,4,7,9,1,8,2,4,,44,,1,21,121.5125885,25.0721283
113,3,11,14,47,2,01大同區,大同區酒泉街161號,0,0,1,3,A04,6,6,5,50,14,9,1,4,4,5,13,4,4,8,3,5,1,10,1,54,3,10,3,4,7,9,1,2,2,1,,44,,1,21,121.5125885,25.0721283
113,3,11,15,30,2,10文山區,文山區木柵路4段與木柵路4段159巷口,0,0,1,1,C03,7,6,5,50,11,9,1,4,4,5,13,1,1,5,2,5,2,13,2,28,2,9,6,1,7,12,1,10,2,11,12,16,,1,21,121.575832,24.9999084
113,3,11,15,30,2,10文山區,文山區木柵路4段與木柵路4段159巷口,0,0,1,2,C03,7,6,5,50,11,9,1,4,4,5,13,1,1,5,2,5,2,13,1,42,3,10,6,1,7,14,1,10,2,13,14,44,,1,21,121.575832,24.9999084
113,3,11,15,45,2,03中山區,中山區新生北路2段與錦州街口,0,0,2,1,B03,6,7,5,30,3,2,1,4,4,5,13,4,4,1,4,5,2,17,1,62,3,10,3,4,7,6,1,8,2,7,,44,,1,21,121.5278317,25.06042977
113,3,11,15,45,2,03中山區,中山區新生北路2段與錦州街口,0,0,2,2,C03,6,7,5,30,3,2,1,4,4,5,13,4,4,1,4,5,2,17,2,33,2,1,3,4,7,9,1,10,2,11,,14,,1,21,121.5278317,25.06042977
113,3,11,15,45,2,03中山區,中山區新生北路2段與錦州街口,0,0,2,3,H02,6,7,5,30,3,2,1,4,4,5,13,4,4,1,4,5,2,17,2,31,2,4,3,5,7,20,8,20,10,16,,60,,1,21,121.5278317,25.06042977
113,3,11,15,57,2,02萬華區,萬華區西藏路125巷與中華路2段416巷口,0,0,1,1,B03,6,5,5,30,4,2,1,4,4,5,13,1,1,9,4,5,2,17,1,35,3,10,7,4,7,9,1,8,1,8,,108,,1,21,121.5031273,25.0267893
113,3,11,15,57,2,02萬華區,萬華區西藏路125巷與中華路2段416巷口,0,0,1,2,C03,6,5,5,30,4,2,1,4,4,5,13,1,1,9,4,5,2,17,2,22,2,8,5,4,7,8,1,10,1,17,,100,,1,22,121.5031273,25.0267893
113,3,11,15,59,2,02萬華區,萬華區青年路152巷與青年路152巷口51號旁無名巷,0,0,1,1,B01,6,6,5,30,4,1,1,4,4,5,13,4,4,5,5,5,2,17,1,59,3,10,7,1,7,5,1,4,1,8,,72,,1,21,121.5011677,25.0199364
113,3,11,15,59,2,02萬華區,萬華區青年路152巷與青年路152巷口51號旁無名巷,0,0,1,2,C03,6,6,5,30,4,1,1,4,4,5,13,4,4,5,5,5,2,17,2,56,2,9,6,1,7,9,1,10,1,11,,108,,1,21,121.5011677,25.0199364
113,3,11,16,5,2,07信義區,信義區忠孝東路4段與基隆路1段口,0,0,1,1,A02,6,7,5,50,5,1,1,4,4,5,13,2,1,3,4,5,2,9,1,64,3,10,7,1,7,9,1,2,2,17,,44,,1,26,121.5644322,25.0411557
113,3,11,16,5,2,07信義區,信義區忠孝東路4段與基隆路1段口,0,0,1,2,H02,6,7,5,50,5,1,1,4,4,5,13,2,1,3,4,5,2,9,2,68,2,5,2,5,7,20,8,20,10,17,,67,,1,22,121.5644322,25.0411557
113,3,11,16,27,2,10文山區,文山區木柵路1段357號,0,0,1,1,B03,6,6,5,50,14,9,2,4,4,5,13,4,4,5,4,5,2,17,2,59,3,10,3,4,7,7,1,8,1,17,,100,,1,21,121.5577928,24.98872038
113,3,11,16,27,2,10文山區,文山區木柵路1段357號,0,0,1,2,C03,6,6,5,50,14,9,2,4,4,5,13,4,4,5,4,5,2,17,1,21,2,9,5,4,7,9,1,9,1,14,,44,,1,21,121.5577928,24.98872038
113,3,11,16,43,2,02萬華區,萬華區長順街46巷與長順街14巷口,0,0,1,1,C03,6,7,5,30,3,1,1,4,4,5,13,4,4,10,5,5,2,13,2,22,3,10,5,1,7,6,1,10,1,12,,9,,1,21,121.4897532,25.0308337
113,3,11,16,43,2,02萬華區,萬華區長順街46巷與長順街14巷口,0,0,1,2,C03,6,7,5,30,3,1,1,4,4,5,13,4,4,10,5,5,2,13,2,72,2,9,5,1,7,9,1,10,1,14,,14,,1,21,121.4897532,25.0308337
113,3,11,17,13,2,07信義區,信義區松仁路38號,0,0,1,1,B02,6,5,5,50,14,9,1,4,4,5,13,4,4,9,4,5,2,17,1,50,4,11,3,4,7,6,7,8,11,17,,9,,2,21,121.568316,25.0385978
113,3,11,17,13,2,07信義區,信義區松仁路38號,0,0,1,2,A04,6,5,5,50,14,9,1,4,4,5,13,4,4,9,4,5,2,17,1,56,3,10,7,1,7,1,1,2,1,17,,19,,1,21,121.568316,25.0385978
113,3,11,17,13,2,07信義區,信義區松仁路38號,0,0,1,3,H02,6,5,5,50,14,9,1,4,4,5,13,4,4,9,4,5,2,17,2,54,2,9,4,5,7,20,8,20,10,17,,58,,1,21,121.568316,25.0385978
113,3,11,17,24,2,01大同區,大同區鄭州路與西寧北路口,0,0,1,1,B03,6,5,5,40,4,2,1,4,4,5,13,2,1,1,4,5,2,17,1,31,3,10,3,4,7,9,1,8,1,5,,42,,1,21,121.5082103,25.0505728
113,3,11,17,24,2,01大同區,大同區鄭州路與西寧北路口,0,0,1,2,C03,6,5,5,40,4,2,1,4,4,5,13,2,1,1,4,5,2,17,1,28,2,9,3,4,7,5,1,10,1,13,,44,,1,21,121.5082103,25.0505728
113,3,11,17,35,2,08士林區,士林區中山北路5段與雙溪街口,0,0,1,1,C03,6,5,5,50,5,2,2,4,4,5,13,3,1,1,2,5,1,12,1,53,2,8,5,1,7,7,1,10,1,14,,100,,1,21,121.5265028,25.10078697
113,3,11,17,35,2,08士林區,士林區中山北路5段與雙溪街口,0,0,1,2,A05,6,5,5,50,5,2,2,4,4,5,13,3,1,1,2,5,1,12,1,43,3,10,7,1,7,9,1,2,1,5,,17,,1,21,121.5265028,25.10078697
113,3,11,17,43,2,10文山區,文山區信義快速道路北往南,0,0,1,1,B03,6,5,5,70,14,9,1,4,4,5,13,4,4,10,4,5,2,13,1,66,3,10,7,1,7,9,1,8,2,1,,108,,1,21,121.5812146,25.00782853
113,3,11,17,43,2,10文山區,文山區信義快速道路北往南,0,0,1,2,B03,6,5,5,70,14,9,1,4,4,5,13,4,4,10,4,5,2,13,1,39,2,9,7,1,7,9,1,8,2,3,,44,,1,21,121.5812146,25.00782853
113,3,11,17,43,2,10文山區,文山區信義快速道路北往南,0,0,1,3,B03,6,5,5,70,14,9,1,4,4,5,13,4,4,10,4,5,2,13,1,43,3,10,7,1,7,14,1,8,2,3,,44,,1,21,121.5812146,25.00782853
113,3,11,17,43,2,10文山區,文山區信義快速道路北往南,0,0,1,4,B03,6,5,5,70,14,9,1,4,4,5,13,4,4,10,4,5,2,13,2,37,3,10,7,1,7,14,1,8,2,3,,44,,1,21,121.5812146,25.00782853
113,3,11,17,52,2,04大安區,大安區建國南路1段63-1號,0,0,1,1,B01,6,5,5,50,14,9,1,4,4,5,13,4,4,5,5,5,1,16,1,65,3,10,3,4,7,5,1,4,1,17,,101,,1,21,121.5366481,25.0436728
113,3,11,17,52,2,04大安區,大安區建國南路1段63-1號,0,0,1,2,C03,6,5,5,50,14,9,1,4,4,5,13,4,4,5,5,5,1,16,1,20,2,8,3,4,7,9,1,10,1,17,,44,,1,21,121.5366481,25.0436728
113,3,11,18,50,2,05中正區,中正區仁愛路1段19號前,0,0,2,1,C03,6,5,5,50,14,9,1,4,4,5,13,4,4,9,4,5,1,17,1,32,2,8,6,1,7,9,1,10,2,11,,107,,1,21,121.5223616,25.0388021
113,3,11,18,50,2,05中正區,中正區仁愛路1段19號前,0,0,2,2,C03,6,5,5,50,14,9,1,4,4,5,13,4,4,9,4,5,1,17,1,67,2,9,5,1,7,9,7,19,2,11,,42,,1,21,121.5223616,25.0388021
113,3,11,18,50,2,05中正區,中正區仁愛路1段19號前,0,0,2,3,E03,6,5,5,50,14,9,1,4,4,5,13,4,4,9,4,5,1,17,3,26,,,,,,,,,,,,67,,1,,121.5223616,25.0388021
113,3,11,19,15,2,03中山區,中山區南京東路3段與復興北路口,0,0,1,1,B03,6,5,5,50,4,2,1,4,4,5,13,2,1,1,4,5,2,12,2,27,3,10,7,1,7,9,1,8,1,8,,44,,1,21,121.5439504,25.0520662
113,3,11,19,15,2,03中山區,中山區南京東路3段與復興北路口,0,0,1,2,C03,6,5,5,50,4,2,1,4,4,5,13,2,1,1,4,5,2,12,2,25,2,9,6,1,7,8,1,10,1,13,,100,,1,21,121.5439504,25.0520662
113,3,11,19,17,2,10文山區,文山區信義快速道路文山隧道內中間車道避難方向牌260公尺處,0,0,26,9,H02,6,5,5,70,6,9,2,4,4,5,13,4,4,6,1,5,1,18,1,13,2,9,3,5,7,17,8,20,10,16,,67,,1,15,121.5812978,25.0094552
113,3,11,19,17,2,10文山區,文山區信義快速道路文山隧道內中間車道避難方向牌260公尺處,0,0,26,10,H02,6,5,5,70,6,9,2,4,4,5,13,4,4,6,1,5,1,18,1,17,2,9,3,5,7,17,8,20,10,16,,67,,1,16,121.5812978,25.0094552
113,3,11,19,17,2,10文山區,文山區信義快速道路文山隧道內中間車道避難方向牌260公尺處,0,0,26,11,H02,6,5,5,70,6,9,2,4,4,5,13,4,4,6,1,5,1,18,1,15,2,9,3,5,7,17,8,20,10,16,,67,,1,16,121.5812978,25.0094552
113,3,11,19,17,2,10文山區,文山區信義快速道路文山隧道內中間車道避難方向牌260公尺處,0,0,26,12,H02,6,5,5,70,6,9,2,4,4,5,13,4,4,6,1,5,1,18,1,13,2,9,3,5,7,17,8,20,10,16,,67,,1,15,121.5812978,25.0094552
113,3,11,19,17,2,10文山區,文山區信義快速道路文山隧道內中間車道避難方向牌260公尺處,0,0,26,13,H02,6,5,5,70,6,9,2,4,4,5,13,4,4,6,1,5,1,18,1,14,2,9,3,5,7,17,8,20,10,16,,67,,1,15,121.5812978,25.0094552
113,3,11,19,17,2,10文山區,文山區信義快速道路文山隧道內中間車道避難方向牌260公尺處,0,0,26,14,H02,6,5,5,70,6,9,2,4,4,5,13,4,4,6,1,5,1,18,1,13,2,9,3,5,7,17,8,20,10,16,,67,,1,15,121.5812978,25.0094552
113,3,11,19,17,2,10文山區,文山區信義快速道路文山隧道內中間車道避難方向牌260公尺處,0,0,26,15,H02,6,5,5,70,6,9,2,4,4,5,13,4,4,6,1,5,1,18,1,13,2,9,3,5,7,17,8,20,10,16,,67,,1,15,121.5812978,25.0094552
113,3,11,19,17,2,10文山區,文山區信義快速道路文山隧道內中間車道避難方向牌260公尺處,0,0,26,16,H02,6,5,5,70,6,9,2,4,4,5,13,4,4,6,1,5,1,18,1,16,2,9,3,5,7,17,8,20,10,16,,67,,1,16,121.5812978,25.0094552
113,3,11,19,17,2,10文山區,文山區信義快速道路文山隧道內中間車道避難方向牌260公尺處,0,0,26,17,H02,6,5,5,70,6,9,2,4,4,5,13,4,4,6,1,5,1,18,2,12,2,9,3,5,7,17,8,20,10,16,,67,,1,16,121.5812978,25.0094552
113,3,11,19,17,2,10文山區,文山區信義快速道路文山隧道內中間車道避難方向牌260公尺處,0,0,26,18,H02,6,5,5,70,6,9,2,4,4,5,13,4,4,6,1,5,1,18,2,15,2,9,3,5,7,17,8,20,10,16,,67,,1,16,121.5812978,25.0094552
113,3,11,19,17,2,10文山區,文山區信義快速道路文山隧道內中間車道避難方向牌260公尺處,0,0,26,19,H02,6,5,5,70,6,9,2,4,4,5,13,4,4,6,1,5,1,18,2,14,2,9,3,5,7,17,8,20,10,16,,67,,1,15,121.5812978,25.0094552
113,3,11,19,17,2,10文山區,文山區信義快速道路文山隧道內中間車道避難方向牌260公尺處,0,0,26,20,H02,6,5,5,70,6,9,2,4,4,5,13,4,4,6,1,5,1,18,1,14,2,9,3,5,7,17,8,20,10,16,,67,,1,15,121.5812978,25.0094552
113,3,11,19,17,2,10文山區,文山區信義快速道路文山隧道內中間車道避難方向牌260公尺處,0,0,26,1,A05,6,5,5,70,6,9,2,4,4,5,13,4,4,6,1,5,1,18,1,60,2,9,7,1,3,9,1,2,2,1,,13,,1,21,121.5812978,25.0094552
113,3,11,19,17,2,10文山區,文山區信義快速道路文山隧道內中間車道避難方向牌260公尺處,0,0,26,2,,6,5,5,70,6,9,2,4,4,5,13,4,4,6,1,5,1,18,3,0,,,,,,,,,,,,67,,1,,121.5812978,25.0094552
113,3,11,19,17,2,10文山區,文山區信義快速道路文山隧道內中間車道避難方向牌260公尺處,0,0,26,3,H02,6,5,5,70,6,9,2,4,4,5,13,4,4,6,1,5,1,18,1,16,2,9,3,5,7,20,8,20,10,16,,67,,1,16,121.5812978,25.0094552
113,3,11,19,17,2,10文山區,文山區信義快速道路文山隧道內中間車道避難方向牌260公尺處,0,0,26,4,H02,6,5,5,70,6,9,2,4,4,5,13,4,4,6,1,5,1,18,1,15,2,9,3,5,7,20,8,20,10,16,,67,,1,16,121.5812978,25.0094552
113,3,11,19,17,2,10文山區,文山區信義快速道路文山隧道內中間車道避難方向牌260公尺處,0,0,26,5,H02,6,5,5,70,6,9,2,4,4,5,13,4,4,6,1,5,1,18,2,18,2,9,3,5,7,17,8,20,10,16,,67,,1,16,121.5812978,25.0094552
113,3,11,19,17,2,10文山區,文山區信義快速道路文山隧道內中間車道避難方向牌260公尺處,0,0,26,6,H02,6,5,5,70,6,9,2,4,4,5,13,4,4,6,1,5,1,18,2,13,2,9,3,5,7,17,8,20,10,16,,67,,1,15,121.5812978,25.0094552
113,3,11,19,17,2,10文山區,文山區信義快速道路文山隧道內中間車道避難方向牌260公尺處,0,0,26,7,H02,6,5,5,70,6,9,2,4,4,5,13,4,4,6,1,5,1,18,1,16,2,9,3,5,7,17,8,20,10,16,,67,,1,16,121.5812978,25.0094552
113,3,11,19,17,2,10文山區,文山區信義快速道路文山隧道內中間車道避難方向牌260公尺處,0,0,26,8,H02,6,5,5,70,6,9,2,4,4,5,13,4,4,6,1,5,1,18,1,13,2,9,3,5,7,17,8,20,10,16,,67,,1,15,121.5812978,25.0094552
113,3,11,19,17,2,10文山區,文山區信義快速道路文山隧道內中間車道避難方向牌260公尺處,0,0,26,21,H02,6,5,5,70,6,9,2,4,4,5,13,4,4,6,1,5,1,18,1,17,2,9,3,5,7,17,8,20,10,16,,67,,1,16,121.5812978,25.0094552
113,3,11,19,17,2,10文山區,文山區信義快速道路文山隧道內中間車道避難方向牌260公尺處,0,0,26,22,H02,6,5,5,70,6,9,2,4,4,5,13,4,4,6,1,5,1,18,1,17,2,9,3,5,7,17,8,20,10,16,,67,,1,16,121.5812978,25.0094552
113,3,11,19,17,2,10文山區,文山區信義快速道路文山隧道內中間車道避難方向牌260公尺處,0,0,26,23,H02,6,5,5,70,6,9,2,4,4,5,13,4,4,6,1,5,1,18,2,18,2,9,3,5,7,17,8,20,10,16,,67,,1,16,121.5812978,25.0094552
113,3,11,19,17,2,10文山區,文山區信義快速道路文山隧道內中間車道避難方向牌260公尺處,0,0,26,24,H02,6,5,5,70,6,9,2,4,4,5,13,4,4,6,1,5,1,18,2,17,2,9,3,5,7,17,8,20,10,16,,67,,1,16,121.5812978,25.0094552
113,3,11,19,17,2,10文山區,文山區信義快速道路文山隧道內中間車道避難方向牌260公尺處,0,0,26,25,H02,6,5,5,70,6,9,2,4,4,5,13,4,4,6,1,5,1,18,1,13,2,9,3,5,7,17,8,20,10,16,,67,,1,15,121.5812978,25.0094552
113,3,11,19,17,2,10文山區,文山區信義快速道路文山隧道內中間車道避難方向牌260公尺處,0,0,26,26,H02,6,5,5,70,6,9,2,4,4,5,13,4,4,6,1,5,1,18,2,17,2,9,3,5,7,17,8,20,10,16,,67,,1,16,121.5812978,25.0094552
113,3,11,19,17,2,10文山區,文山區信義快速道路文山隧道內中間車道避難方向牌260公尺處,0,0,26,27,H02,6,5,5,70,6,9,2,4,4,5,13,4,4,6,1,5,1,18,1,14,2,9,3,5,7,17,8,20,10,16,,67,,1,15,121.5812978,25.0094552
113,3,11,19,31,2,05中正區,中正區忠孝東路2段與新生南路1段口,0,0,1,2,H01,6,5,5,50,4,1,1,4,4,5,13,1,1,1,4,1,2,3,1,29,2,9,4,5,8,16,8,20,10,16,,53,,1,21,121.5327722,25.04244757
113,3,11,19,31,2,05中正區,中正區忠孝東路2段與新生南路1段口,0,0,1,1,C03,6,5,5,50,4,1,1,4,4,5,13,1,1,1,4,1,2,3,4,0,,,,,,,,,11,,,70,,2,,121.5327722,25.04244757
113,3,11,19,46,2,08士林區,士林區延平北路6段與社中街口,0,0,1,1,B03,6,5,5,50,4,2,1,4,4,5,13,1,1,10,3,5,1,17,1,22,3,10,7,1,7,9,1,1,2,4,,81,,1,21,121.5011675,25.09036937
113,3,11,19,46,2,08士林區,士林區延平北路6段與社中街口,0,0,1,2,C02,6,5,5,50,4,2,1,4,4,5,13,1,1,10,3,5,1,17,1,46,2,9,6,1,7,10,1,9,2,11,,100,,1,21,121.5011675,25.09036937
113,3,11,20,0,2,02萬華區,萬華區成都路與成都路105巷口,0,0,1,1,C03,6,5,5,50,3,1,1,4,4,5,13,4,4,10,5,5,2,3,1,18,3,10,5,1,7,9,1,10,1,11,,108,,1,21,121.5041958,25.0431539
113,3,11,20,0,2,02萬華區,萬華區成都路與成都路105巷口,0,0,1,2,H01,6,5,5,50,3,1,1,4,4,5,13,4,4,10,5,5,2,3,2,75,2,7,4,5,8,16,8,20,10,16,,123,,1,21,121.5041958,25.0431539
113,3,11,20,5,2,10文山區,文山區辛亥路5段與辛亥路5段25巷口,0,0,2,1,C03,6,5,5,30,4,1,1,4,4,5,13,2,1,5,5,5,2,16,1,48,2,7,6,1,7,5,1,10,1,11,,8,,1,21,121.5540749,24.9999198
113,3,11,20,5,2,10文山區,文山區辛亥路5段與辛亥路5段25巷口,0,0,2,2,C03,6,5,5,30,4,1,1,4,4,5,13,2,1,5,5,5,2,16,1,44,2,8,6,1,7,9,1,10,1,14,,44,,1,21,121.5540749,24.9999198
113,3,11,20,21,2,07信義區,信義區福德街與大道路口口,0,0,2,1,C03,6,5,5,50,4,2,1,4,4,5,13,2,1,1,4,5,2,3,1,19,2,9,6,1,7,9,1,10,2,11,,60,,1,21,121.5836696,25.0380601
113,3,11,20,21,2,07信義區,信義區福德街與大道路口口,0,0,2,2,H01,6,5,5,50,4,2,1,4,4,5,13,2,1,1,4,5,2,3,2,76,2,9,4,5,8,16,8,20,10,16,,121,,1,21,121.5836696,25.0380601
113,3,11,21,2,2,02萬華區,萬華區內江街與昆明街口,0,0,1,1,B03,6,5,5,50,4,2,1,4,4,5,13,1,1,10,4,5,1,1,1,29,3,10,3,4,7,5,1,8,1,1,,70,,1,21,121.5045007,25.0415498
113,3,11,21,2,2,02萬華區,萬華區內江街與昆明街口,0,0,1,2,H01,6,5,5,50,4,2,1,4,4,5,13,1,1,10,4,5,1,1,2,79,2,9,4,5,8,16,8,20,10,16,,67,,1,21,121.5045007,25.0415498
113,3,11,21,32,2,03中山區,中山區伊通街121號,0,0,2,1,C03,6,7,5,50,14,9,1,4,4,5,12,4,4,10,4,5,2,3,2,31,2,9,6,1,7,9,1,10,2,11,,108,,1,22,121.5352513,25.053804
113,3,11,21,32,2,03中山區,中山區伊通街121號,0,0,2,2,H01,6,7,5,50,14,9,1,4,4,5,12,4,4,10,4,5,2,3,2,71,2,9,4,5,8,16,8,20,10,16,,121,,1,22,121.5352513,25.053804
113,3,11,21,36,2,05中正區,中正區貴陽街1段235號,0,0,1,1,B03,6,5,5,50,14,9,1,4,4,5,13,4,4,5,4,5,2,17,1,25,3,10,7,1,7,11,1,8,2,4,,10,,1,22,121.5094585,25.03910948
113,3,11,21,36,2,05中正區,中正區貴陽街1段235號,0,0,1,2,C03,6,5,5,50,14,9,1,4,4,5,13,4,4,5,4,5,2,17,1,38,2,9,5,1,7,9,1,10,2,12,,44,,1,22,121.5094585,25.03910948
113,3,11,21,36,2,12內湖區,內湖區內湖路2段355巷6弄2-1號對面,0,0,2,1,F01,6,5,5,30,14,9,1,4,4,5,13,4,4,10,5,5,2,12,1,41,2,8,4,1,7,7,8,20,1,14,,100,,1,21,121.591622,25.08369209
113,3,11,21,36,2,12內湖區,內湖區內湖路2段355巷6弄2-1號對面,0,0,2,2,C03,6,5,5,30,14,9,1,4,4,5,13,4,4,10,5,5,2,12,1,36,2,9,5,1,7,9,1,10,1,12,,108,,1,21,121.591622,25.08369209
113,3,11,21,36,2,12內湖區,內湖區內湖路2段355巷6弄2-1號對面,0,0,2,3,B03,6,5,5,30,14,9,1,4,4,5,13,4,4,10,5,5,2,12,1,23,3,10,3,4,7,13,1,8,1,4,,38,,1,21,121.591622,25.08369209
113,3,11,21,59,2,07信義區,信義區忠孝東路4段345號,0,0,1,1,H01,6,5,5,0,14,9,1,4,4,5,13,4,4,3,4,5,2,6,1,59,3,10,4,5,8,18,8,20,10,16,,121,,1,21,121.5604585,25.0413895
113,3,11,21,59,2,07信義區,信義區忠孝東路4段345號,0,0,1,2,C03,6,5,5,0,14,9,1,4,4,5,13,4,4,3,4,5,2,6,2,40,2,9,6,1,7,9,1,11,1,14,,108,,1,21,121.5604585,25.0413895
113,3,11,22,10,2,12內湖區,內湖區環山路1段24巷與環山路1段口,0,0,1,1,C03,6,5,5,50,4,1,1,4,4,5,13,1,1,5,4,5,1,17,2,18,2,9,5,1,7,9,1,10,1,12,,13,,1,25,121.565513,25.08452211
113,3,11,22,10,2,12內湖區,內湖區環山路1段24巷與環山路1段口,0,0,1,2,B01,6,5,5,50,4,1,1,4,4,5,13,1,1,5,4,5,1,17,1,42,3,10,7,1,7,5,1,4,1,4,,101,,1,21,121.565513,25.08452211
113,3,11,22,18,2,08士林區,士林區士林橋與文林路587巷口,0,0,1,1,B01,6,5,5,50,4,2,1,4,4,5,13,4,4,10,5,4,1,17,1,59,3,10,7,1,7,1,1,4,1,8,,19,,1,21,121.5236885,25.098422
113,3,11,22,18,2,08士林區,士林區士林橋與文林路587巷口,0,0,1,2,C03,6,5,5,50,4,2,1,4,4,5,13,4,4,10,5,4,1,17,1,23,2,8,6,1,7,9,1,10,1,11,,44,,1,21,121.5236885,25.098422
113,3,11,23,5,2,02萬華區,萬華區環河南路1段348巷與貴陽街2段口,0,0,1,1,C03,6,5,5,50,4,1,1,4,4,5,13,1,1,9,4,5,2,3,1,64,3,10,5,4,7,5,1,10,1,11,,70,,1,22,121.4980057,25.04016225
113,3,11,23,5,2,02萬華區,萬華區環河南路1段348巷與貴陽街2段口,0,0,1,2,H01,6,5,5,50,4,1,1,4,4,5,13,1,1,9,4,5,2,3,1,54,2,9,4,5,8,16,8,20,10,16,,67,,1,22,121.4980057,25.04016225
113,3,12,0,15,2,07信義區,信義區吳興街50巷與基隆路2段39巷口,0,0,1,1,B03,6,5,5,30,4,1,1,4,4,5,13,4,4,9,5,5,2,15,1,23,3,10,3,4,7,9,1,8,1,4,,14,,1,21,121.5595139,25.0305913
113,3,12,0,15,2,07信義區,信義區吳興街50巷與基隆路2段39巷口,0,0,1,2,C03,6,5,5,30,4,1,1,4,4,5,13,4,4,9,5,5,2,15,2,31,2,9,5,1,7,9,1,10,1,11,,13,,1,21,121.5595139,25.0305913
113,3,12,1,49,2,07信義區,信義區基隆路2段109號,0,0,1,1,C03,6,5,5,50,14,9,1,4,4,5,13,4,4,2,4,5,2,17,1,47,2,9,5,1,7,9,1,10,1,17,,44,,1,21,121.5571688,25.0288582
113,3,12,1,49,2,07信義區,信義區基隆路2段109號,0,0,1,2,B01,6,5,5,50,14,9,1,4,4,5,13,4,4,2,4,5,2,17,1,49,3,10,3,4,7,7,1,4,1,17,,100,,1,21,121.5571688,25.0288582
113,3,12,6,55,2,05中正區,中正區天津街與北平東路口,0,0,2,1,B12,7,7,5,50,4,1,1,4,4,5,13,1,1,10,5,5,2,15,1,67,3,10,7,1,7,9,1,8,2,6,,81,,1,21,121.5221004,25.046783
113,3,12,6,55,2,05中正區,中正區天津街與北平東路口,0,0,2,2,B01,7,7,5,50,4,1,1,4,4,5,13,1,1,10,5,5,2,15,1,58,2,9,7,1,7,9,1,4,2,1,,13,,1,21,121.5221004,25.046783
113,3,12,6,55,2,05中正區,中正區天津街與北平東路口,0,0,2,3,B03,7,7,5,50,4,1,1,4,4,5,13,1,1,10,5,5,2,15,2,56,2,9,7,1,7,14,1,8,2,8,,44,,1,21,121.5221004,25.046783
113,3,12,7,15,2,10文山區,文山區萬寧街139號旁對面,0,0,1,1,C03,8,6,5,40,11,9,1,5,4,5,13,4,4,5,5,5,2,29,2,21,2,9,6,1,7,9,1,10,1,12,,42,,1,25,121.5710754,25.00328205
113,3,12,7,15,2,10文山區,文山區萬寧街139號旁對面,0,0,1,2,,8,6,5,40,11,9,1,5,4,5,13,4,4,5,5,5,2,29,3,0,,,,,,,,,,,,67,,1,,121.5710754,25.00328205
113,3,12,7,34,2,11南港區,南港區忠孝東路6段與東新街口口,0,0,1,1,B03,8,7,5,50,4,2,1,5,4,5,13,1,1,1,4,4,1,16,2,47,2,2,3,4,7,6,1,8,2,8,,9,,1,22,121.5848427,25.047875