發生年度,發生月,發生日,發生時-Hours,發生分,處理別-編號,區序,肇事地點,死亡人數,2-30日死亡人數,受傷人數,當事人序號,車種,天候,道路照明設備,道路類別,速限-速度限制,道路型態,事故位置,路面狀況1,路面狀況2,路面狀況3,道路障礙1,道路障礙2,號誌1,號誌2,車道劃分-分向,車道劃分-分道1,車道劃分-分道2,車道劃分-分道3,事故類型及型態,性別,年齡,受傷程度,主要傷處,保護裝置,行動電話,車輛用途,當事者行動狀態,駕駛資格情形,駕駛執照種類,飲酒情形,車輛撞擊部位1,車輛撞擊部位2,肇因碼-個別,肇因碼-主要,個人肇逃否,職業,座標-X,座標-Y
113,3,12,7,34,2,11南港區,南港區忠孝東路6段與東新街口口,0,0,1,2,B03,8,7,5,50,4,2,1,5,4,5,13,1,1,1,4,4,1,16,2,52,3,10,3,4,7,6,1,8,2,2,,9,,1,22,121.5848427,25.047875
113,3,12,7,37,2,09北投區,北投區三合街1段與三合街1段117巷口,0,0,1,1,C03,8,6,5,40,4,2,1,4,4,5,13,3,1,9,5,5,2,13,1,47,2,8,5,1,7,9,1,10,1,11,,16,,1,21,121.5039817,25.1267437
113,3,12,7,37,2,09北投區,北投區三合街1段與三合街1段117巷口,0,0,1,2,B03,8,6,5,40,4,2,1,4,4,5,13,3,1,9,5,5,2,13,1,48,3,10,7,1,7,12,1,8,1,6,,44,,1,21,121.5039817,25.1267437
113,3,12,7,37,2,09北投區,北投區三合街1段與三合街1段117巷口,0,0,1,3,H02,8,6,5,40,4,2,1,4,4,5,13,3,1,9,5,5,2,13,1,6,4,11,5,5,7,20,8,20,10,16,,67,,1,14,121.5039817,25.1267437
113,3,12,7,50,2,06松山區,松山區新中街2巷與新中街口,0,0,1,1,B03,7,7,5,30,3,1,5,5,4,5,13,4,4,10,5,5,2,12,1,48,3,10,7,1,7,8,1,8,1,5,,100,,1,26,121.5571725,25.05446259
113,3,12,7,50,2,06松山區,松山區新中街2巷與新中街口,0,0,1,2,C03,7,7,5,30,3,1,5,5,4,5,13,4,4,10,5,5,2,12,2,36,2,8,6,1,7,14,1,10,1,14,,44,,1,27,121.5571725,25.05446259
113,3,12,7,53,2,12內湖區,內湖區內湖路1段362號加油站出口,0,0,1,1,B03,8,7,5,40,14,8,1,5,4,5,13,4,4,1,4,4,2,16,2,48,4,11,7,1,7,1,1,8,1,4,,19,,1,21,121.5713167,25.0813182
113,3,12,7,53,2,12內湖區,內湖區內湖路1段362號加油站出口,0,0,1,2,C03,8,7,5,40,14,8,1,5,4,5,13,4,4,1,4,4,2,16,1,56,2,7,5,1,7,9,1,10,1,11,,44,,1,21,121.5713167,25.0813182
113,3,12,7,53,2,12內湖區,內湖區內湖路1段362號加油站出口,0,0,1,3,B03,8,7,5,40,14,8,1,5,4,5,13,4,4,1,4,4,2,16,1,51,3,10,7,1,7,14,1,8,9,15,,38,,1,21,121.5713167,25.0813182
113,3,12,8,0,2,04大安區,大安區辛亥路3段21巷與敦南街口,0,0,1,1,B03,8,6,5,30,4,1,1,5,4,5,13,4,4,10,5,5,2,15,2,38,3,10,7,1,7,9,1,8,1,5,,72,,1,21,121.5466512,25.0223793
113,3,12,8,0,2,04大安區,大安區辛亥路3段21巷與敦南街口,0,0,1,2,C03,8,6,5,30,4,1,1,5,4,5,13,4,4,10,5,5,2,15,1,53,2,8,6,1,7,9,1,10,1,14,,13,,1,21,121.5466512,25.0223793
113,3,12,8,15,2,01大同區,大同區台北橋機慢車道往台北(第282520燈桿),0,0,1,1,C03,8,6,5,40,8,11,1,5,4,5,13,4,4,1,4,5,2,12,1,54,3,10,6,1,7,8,1,10,1,12,,100,,1,22,121.506886,25.0634258
113,3,12,8,15,2,01大同區,大同區台北橋機慢車道往台北(第282520燈桿),0,0,1,2,C03,8,6,5,40,8,11,1,5,4,5,13,4,4,1,4,5,2,12,2,55,2,9,5,1,7,9,1,10,1,11,,44,,1,22,121.506886,25.0634258
113,3,12,8,20,2,11南港區,南港區忠孝東路7段與向陽路口,0,0,1,2,C03,8,7,5,50,5,2,1,5,4,5,13,2,1,1,2,4,2,13,1,29,2,9,6,4,7,9,1,10,2,11,,16,,1,21,121.595658,25.0508388
113,3,12,8,20,2,11南港區,南港區忠孝東路7段與向陽路口,0,0,1,3,B12,8,7,5,50,5,2,1,5,4,5,13,2,1,1,2,4,2,13,1,42,3,10,3,4,7,9,1,8,1,3,,16,,1,21,121.595658,25.0508388
113,3,12,8,20,2,11南港區,南港區忠孝東路7段與向陽路口,0,0,1,4,B12,8,7,5,50,5,2,1,5,4,5,13,2,1,1,2,4,2,13,1,53,3,10,3,4,7,9,1,8,2,3,,44,,1,21,121.595658,25.0508388
113,3,12,8,20,2,11南港區,南港區忠孝東路7段與向陽路口,0,0,1,1,C03,8,7,5,50,5,2,1,5,4,5,13,2,1,1,2,4,2,13,2,35,3,10,6,4,7,5,1,10,2,17,,80,,2,21,121.595658,25.0508388
113,3,12,8,33,2,02萬華區,萬華區漢口街2段與漢口街2段20巷口,0,0,1,1,C03,7,6,5,30,3,2,1,5,4,5,13,4,4,10,5,5,1,9,1,56,4,11,6,1,7,9,1,10,11,11,,42,,2,21,121.5078204,25.04540452
113,3,12,8,33,2,02萬華區,萬華區漢口街2段與漢口街2段20巷口,0,0,1,2,H01,7,6,5,30,3,2,1,5,4,5,13,4,4,10,5,5,1,9,2,23,2,8,4,5,8,17,8,20,10,16,,67,,1,21,121.5078204,25.04540452
113,3,12,8,34,2,04大安區,大安區市民大道4段與敦化南路1段口,0,0,2,2,C03,8,7,5,40,14,9,1,5,4,5,13,4,4,1,4,5,2,13,1,25,2,7,3,4,7,9,1,10,1,11,,119,,1,21,121.5487494,25.0447483
113,3,12,8,34,2,04大安區,大安區市民大道4段與敦化南路1段口,0,0,2,3,,8,7,5,40,14,9,1,5,4,5,13,4,4,1,4,5,2,13,4,0,,,,,,,,,11,,,119,,2,,121.5487494,25.0447483
113,3,12,8,34,2,04大安區,大安區市民大道4段與敦化南路1段口,0,0,2,1,C03,8,7,5,40,14,9,1,5,4,5,13,4,4,1,4,5,2,13,1,22,2,7,3,4,7,9,1,10,1,11,,119,,1,21,121.5487494,25.0447483
113,3,12,8,57,2,12內湖區,內湖區潭美街與安康路106巷口,0,0,1,1,B03,8,5,5,40,4,1,1,5,4,5,13,1,1,5,5,5,2,16,1,46,3,10,7,1,7,6,1,8,1,6,,9,,1,21,121.5992353,25.0606511
113,3,12,8,57,2,12內湖區,內湖區潭美街與安康路106巷口,0,0,1,2,C03,8,5,5,40,4,1,1,5,4,5,13,1,1,5,5,5,2,16,2,27,2,9,6,1,7,9,1,10,1,14,,44,,1,21,121.5992353,25.0606511
113,3,12,9,0,2,04大安區,大安區辛亥路3段11號,0,0,1,1,B02,8,6,5,50,14,9,1,5,4,5,13,4,4,1,4,5,2,17,1,63,3,10,7,1,7,1,1,8,1,5,,19,,1,21,121.5438767,25.021437
113,3,12,9,0,2,04大安區,大安區辛亥路3段11號,0,0,1,2,C04,8,6,5,50,14,9,1,5,4,5,13,4,4,1,4,5,2,17,2,68,2,9,6,1,7,7,1,11,1,14,,100,,1,21,121.5438767,25.021437
113,3,12,9,25,2,09北投區,北投區懷德街與懷德街75巷口,0,0,1,1,B03,8,6,5,50,4,1,1,5,4,5,13,4,4,10,5,5,2,11,2,76,3,10,7,1,7,14,1,8,2,4,,38,,1,21,121.5196774,25.1135876
113,3,12,9,25,2,09北投區,北投區懷德街與懷德街75巷口,0,0,1,2,C03,8,6,5,50,4,1,1,5,4,5,13,4,4,10,5,5,2,11,1,23,2,9,5,1,7,9,1,10,2,12,,44,,1,21,121.5196774,25.1135876
113,3,12,9,25,2,09北投區,北投區懷德街與懷德街75巷口,0,0,1,3,B03,8,6,5,50,4,1,1,5,4,5,13,4,4,10,5,5,2,11,1,65,3,10,7,1,7,9,1,8,2,2,,44,,1,21,121.5196774,25.1135876
113,3,12,9,30,2,11南港區,南港區忠孝東路7段512號對面,0,0,2,1,C03,8,7,5,40,14,8,1,5,4,5,13,4,4,1,4,4,2,12,1,79,2,9,5,4,7,7,1,10,1,14,,100,,1,21,121.6106336,25.0525886
113,3,12,9,30,2,11南港區,南港區忠孝東路7段512號對面,0,0,2,2,C03,8,7,5,40,14,8,1,5,4,5,13,4,4,1,4,4,2,12,2,30,2,7,6,4,7,8,1,10,1,12,,108,,1,21,121.6106336,25.0525886
113,3,12,9,33,2,08士林區,士林區忠誠路1段與德行東路口,0,0,1,1,B12,8,5,5,50,4,1,1,5,4,5,13,2,1,1,4,5,2,17,1,28,3,10,7,1,7,6,1,8,1,2,,9,,1,21,121.530066,25.1082573
113,3,12,9,33,2,08士林區,士林區忠誠路1段與德行東路口,0,0,1,2,C03,8,5,5,50,4,1,1,5,4,5,13,2,1,1,4,5,2,17,1,19,2,9,5,1,7,9,1,10,1,14,,44,,1,21,121.530066,25.1082573
113,3,12,9,42,2,06松山區,松山區敦化北路與民生東路3段口,0,0,2,1,A12,8,7,5,50,5,1,1,5,4,5,13,2,1,1,4,5,2,16,1,43,3,10,7,1,7,9,1,1,9,2,,108,,2,21,121.5487626,25.0577686
113,3,12,9,42,2,06松山區,松山區敦化北路與民生東路3段口,0,0,2,2,C04,8,7,5,50,5,1,1,5,4,5,13,2,1,1,4,5,2,16,2,68,2,9,5,1,7,7,1,10,2,14,,100,,1,7,121.5487626,25.0577686
113,3,12,9,42,2,06松山區,松山區敦化北路與民生東路3段口,0,0,2,3,H02,8,7,5,50,5,1,1,5,4,5,13,2,1,1,4,5,2,16,1,76,2,9,3,5,7,21,8,20,10,17,,67,,1,7,121.5487626,25.0577686
113,3,12,9,45,2,05中正區,中正區中山北路1段與市民大道1段口,0,0,1,1,C03,8,6,5,40,4,1,1,5,4,5,13,1,1,1,2,5,2,12,2,26,4,11,6,4,7,8,7,19,11,13,,100,,2,22,121.5204428,25.04803105
113,3,12,9,45,2,05中正區,中正區中山北路1段與市民大道1段口,0,0,1,2,C03,8,6,5,40,4,1,1,5,4,5,13,1,1,1,2,5,2,12,2,32,2,9,6,4,7,9,1,10,1,11,,44,,1,22,121.5204428,25.04803105
113,3,12,10,0,2,08士林區,士林區菁山路101巷32弄(NO.1111691燈桿前),0,0,1,1,B03,8,7,5,30,11,9,1,5,4,5,13,4,4,10,5,5,2,11,1,70,3,10,7,1,7,1,1,8,11,8,,19,,1,21,121.5181452,25.08702794
113,3,12,10,0,2,08士林區,士林區菁山路101巷32弄(NO.1111691燈桿前),0,0,1,2,C03,8,7,5,30,11,9,1,5,4,5,13,4,4,10,5,5,2,11,1,20,2,8,5,1,7,9,1,10,11,11,,17,,1,21,121.5181452,25.08702794
113,3,12,10,37,2,05中正區,中正區重慶南路1段124號,0,0,1,1,H01,8,6,5,0,14,9,2,5,4,5,13,4,4,5,4,5,2,3,1,81,3,10,4,5,8,16,8,20,10,16,,121,,1,22,121.5126379,25.03749257
113,3,12,10,37,2,05中正區,中正區重慶南路1段124號,0,0,1,2,C03,8,6,5,0,14,9,2,5,4,5,13,4,4,5,4,5,2,3,1,20,3,10,6,4,7,12,1,10,2,13,,44,,1,22,121.5126379,25.03749257
113,3,12,10,37,2,05中正區,中正區重慶南路1段124號,0,0,1,3,C03,8,6,5,0,14,9,2,5,4,5,13,4,4,5,4,5,2,3,2,30,2,9,6,4,7,9,1,10,2,11,,16,,1,22,121.5126379,25.03749257
113,3,12,10,37,2,05中正區,中正區廈門街5號旁,0,0,1,1,B03,8,6,5,50,14,9,1,5,4,5,10,4,4,8,4,5,1,12,1,49,3,10,7,1,7,1,1,4,1,8,,19,,1,21,121.5181732,25.02713425
113,3,12,10,37,2,05中正區,中正區廈門街5號旁,0,0,1,2,C03,8,6,5,50,14,9,1,5,4,5,10,4,4,8,4,5,1,12,1,28,2,9,5,1,7,9,1,10,1,11,,44,,1,21,121.5181732,25.02713425
113,3,12,10,37,2,05中正區,中正區廈門街5號旁,0,0,1,3,H02,8,6,5,50,14,9,1,5,4,5,10,4,4,8,4,5,1,12,2,27,4,11,5,5,7,17,8,20,10,16,,67,,1,21,121.5181732,25.02713425
113,3,12,11,20,2,06松山區,松山區八德路4段與松山路口,0,0,1,1,B01,8,7,5,50,4,2,1,5,4,5,13,2,1,9,4,5,2,17,1,69,3,10,7,1,7,7,1,4,2,8,,42,,1,22,121.5777449,25.05000827
113,3,12,11,20,2,06松山區,松山區八德路4段與松山路口,0,0,1,2,B03,8,7,5,50,4,2,1,5,4,5,13,2,1,9,4,5,2,17,1,64,3,10,7,1,7,14,1,8,2,7,,44,,1,22,121.5777449,25.05000827
113,3,12,11,20,2,06松山區,松山區八德路4段與松山路口,0,0,1,3,,8,7,5,50,4,2,1,5,4,5,13,2,1,9,4,5,2,17,3,0,,,,,,,,,,,,67,,1,,121.5777449,25.05000827
113,3,12,11,20,2,06松山區,松山區八德路4段與松山路口,0,0,1,4,H02,8,7,5,50,4,2,1,5,4,5,13,2,1,9,4,5,2,17,2,62,2,6,7,5,7,21,8,20,10,16,,67,,1,22,121.5777449,25.05000827
113,3,12,11,42,2,10文山區,文山區興隆路4段5號前,0,0,2,1,C04,8,6,5,50,14,9,1,5,4,5,13,4,4,1,4,5,2,16,2,39,2,9,6,1,7,7,1,11,2,11,12,100,,1,21,121.5590406,24.99091046
113,3,12,11,42,2,10文山區,文山區興隆路4段5號前,0,0,2,2,B03,8,6,5,50,14,9,1,5,4,5,13,4,4,1,4,5,2,16,2,23,3,10,7,1,7,9,1,8,2,2,,108,,1,21,121.5590406,24.99091046
113,3,12,11,42,2,10文山區,文山區興隆路4段5號前,0,0,2,3,H02,8,6,5,50,14,9,1,5,4,5,13,4,4,1,4,5,2,16,2,11,2,9,6,5,7,21,8,20,10,16,,67,,1,14,121.5590406,24.99091046
113,3,12,12,4,2,07信義區,信義區莊敬路325巷與莊敬路289巷6弄口,0,0,1,1,B02,8,7,5,30,4,2,1,5,4,5,13,4,4,9,4,5,2,17,1,46,3,10,7,1,7,5,1,8,1,8,,8,,1,21,121.5641954,25.0285156
113,3,12,12,4,2,07信義區,信義區莊敬路325巷與莊敬路289巷6弄口,0,0,1,2,C03,8,7,5,30,4,2,1,5,4,5,13,4,4,9,4,5,2,17,2,66,2,9,5,1,7,9,1,10,1,11,,13,,1,21,121.5641954,25.0285156
113,3,12,12,9,2,04大安區,大安區和平東路2段與新生南路3段口,0,0,1,1,B03,8,7,5,50,4,2,1,5,4,5,13,2,1,8,3,5,1,17,1,61,4,11,7,1,7,21,7,19,11,15,,108,,2,22,121.5349867,25.0258812
113,3,12,12,9,2,04大安區,大安區和平東路2段與新生南路3段口,0,0,1,2,C03,8,7,5,50,4,2,1,5,4,5,13,2,1,8,3,5,1,17,2,50,2,8,5,1,7,15,1,10,1,15,,44,,1,26,121.5349867,25.0258812
113,3,12,12,15,2,09北投區,北投區公館路423巷與立農街1段187巷口,0,0,2,1,C03,7,6,5,30,4,1,1,5,4,5,13,3,1,9,5,5,2,17,2,45,2,8,5,1,7,9,1,10,1,14,,80,,1,22,121.5038062,25.120093
113,3,12,12,15,2,09北投區,北投區公館路423巷與立農街1段187巷口,0,0,2,2,C03,7,6,5,30,4,1,1,5,4,5,13,3,1,9,5,5,2,17,1,58,2,8,6,1,7,9,1,10,1,11,,44,,1,21,121.5038062,25.120093
113,3,12,13,7,2,04大安區,大安區忠孝東路4段177號,0,0,1,1,B12,8,6,6,50,14,9,1,5,4,5,13,4,4,1,4,5,2,12,1,43,3,10,3,4,7,9,6,8,1,2,,44,,1,22,121.5504525,25.0415918
113,3,12,13,7,2,04大安區,大安區忠孝東路4段177號,0,0,1,2,C03,8,6,6,50,14,9,1,5,4,5,13,4,4,1,4,5,2,12,2,54,2,9,6,4,7,7,1,11,1,13,,100,,1,22,121.5504525,25.0415918
113,3,12,13,25,2,02萬華區,萬華區西藏路284號,0,0,1,1,B12,8,7,5,50,14,9,1,5,4,5,13,4,4,3,4,5,2,17,1,72,3,10,7,1,7,1,1,6,1,7,,19,,1,21,121.5012966,25.02945952
113,3,12,13,25,2,02萬華區,萬華區西藏路284號,0,0,1,2,C03,8,7,5,50,14,9,1,5,4,5,13,4,4,3,4,5,2,17,1,31,2,9,6,1,7,9,1,9,1,11,,13,,1,21,121.5012966,25.02945952
113,3,12,13,27,2,12內湖區,內湖區舊宗路1段268號旁,0,0,1,1,B03,8,6,5,50,14,9,1,5,4,5,13,4,4,9,4,5,2,16,1,33,3,10,7,1,7,1,1,8,1,5,,19,,1,21,121.5760713,25.06325106
113,3,12,13,27,2,12內湖區,內湖區舊宗路1段268號旁,0,0,1,2,C03,8,6,5,50,14,9,1,5,4,5,13,4,4,9,4,5,2,16,2,36,2,9,5,1,7,9,1,10,1,11,,44,,1,21,121.5760713,25.06325106
113,3,12,14,0,2,03中山區,中山區中山北路3段與民權西路口,0,0,1,1,C03,8,7,5,50,4,2,1,5,4,5,13,2,1,5,4,5,2,12,1,19,3,10,3,4,7,7,1,10,2,12,,108,,1,21,121.5224007,25.0631689
113,3,12,14,0,2,03中山區,中山區中山北路3段與民權西路口,0,0,1,2,C03,8,7,5,50,4,2,1,5,4,5,13,2,1,5,4,5,2,12,2,61,2,9,3,4,7,7,1,10,2,14,,101,,1,21,121.5224007,25.0631689
113,3,12,14,10,2,03中山區,中山區八德路2段與建國南路1段口,0,0,1,1,C03,8,7,5,50,4,2,1,5,4,5,13,2,1,1,4,5,2,13,2,26,2,9,6,4,7,9,1,10,2,12,,108,,1,21,121.5358189,25.04707268
113,3,12,14,10,2,03中山區,中山區八德路2段與建國南路1段口,0,0,1,2,B01,8,7,5,50,4,2,1,5,4,5,13,2,1,1,4,5,2,13,1,55,3,10,3,4,7,14,1,3,2,7,,44,,1,21,121.5358189,25.04707268
113,3,12,14,45,2,02萬華區,萬華區環河南路2段與環河南路2段250巷3弄口,0,0,1,1,C03,8,5,5,50,4,1,1,5,4,5,13,1,1,3,4,5,2,17,1,61,2,9,5,4,7,5,1,10,2,12,,71,,1,22,121.4913867,25.0321462
113,3,12,14,45,2,02萬華區,萬華區環河南路2段與環河南路2段250巷3弄口,0,0,1,2,B12,8,5,5,50,4,1,1,5,4,5,13,1,1,3,4,5,2,17,1,39,3,10,7,4,7,9,1,8,2,5,,44,,1,22,121.4913867,25.0321462
113,3,12,14,50,2,08士林區,士林區重陽橋機車道往台北,0,0,2,1,F02,8,6,5,40,14,11,1,5,4,5,13,4,4,3,4,5,1,17,1,56,2,9,4,1,7,8,8,20,2,14,,100,,1,22,121.5031771,25.0851182
113,3,12,14,50,2,08士林區,士林區重陽橋機車道往台北,0,0,2,2,C03,8,6,5,40,14,11,1,5,4,5,13,4,4,3,4,5,1,17,1,22,2,7,6,1,7,9,1,10,2,12,,13,,1,22,121.5031771,25.0851182
113,3,12,15,21,2,08士林區,士林區菁山路99巷47號,0,0,1,1,C03,8,5,5,30,14,9,1,5,4,5,13,4,4,10,5,5,1,17,2,20,2,8,6,1,7,9,1,10,1,14,,17,,1,21,121.5531082,25.14741544
113,3,12,15,21,2,08士林區,士林區菁山路99巷47號,0,0,1,2,C03,8,5,5,30,14,9,1,5,4,5,13,4,4,10,5,5,1,17,1,22,3,10,6,1,7,9,1,10,1,14,,17,,1,21,121.5531082,25.14741544
113,3,12,15,27,2,03中山區,中山區民權東路1段與雙城街口,0,0,2,1,C03,8,5,5,50,3,1,1,5,4,5,13,2,1,1,4,5,2,16,1,41,2,9,6,4,7,6,1,10,1,12,,9,,1,21,121.5245132,25.0628444
113,3,12,15,27,2,03中山區,中山區民權東路1段與雙城街口,0,0,2,2,C03,8,5,5,50,3,1,1,5,4,5,13,2,1,1,4,5,2,16,1,51,2,8,6,4,7,9,1,10,1,14,,44,,1,21,121.5245132,25.0628444
113,3,12,15,50,2,10文山區,文山區興隆路4段105巷與興隆路4段口,0,0,2,1,C02,8,5,5,50,4,1,1,5,4,5,13,1,1,10,5,5,1,17,1,22,3,10,6,1,7,5,1,9,1,17,,71,,1,21,121.5606041,24.9876699
113,3,12,15,50,2,10文山區,文山區興隆路4段105巷與興隆路4段口,0,0,2,2,C03,8,5,5,50,4,1,1,5,4,5,13,1,1,10,5,5,1,17,1,60,2,7,5,1,7,9,1,10,1,11,,44,,1,21,121.5606041,24.9876699
113,3,12,15,50,2,10文山區,文山區興隆路4段105巷與興隆路4段口,0,0,2,3,H02,8,5,5,50,4,1,1,5,4,5,13,1,1,10,5,5,1,17,2,55,2,9,5,5,7,21,8,20,10,16,,67,,1,21,121.5606041,24.9876699
113,3,12,16,13,2,10文山區,文山區指南路2段29號,0,0,1,1,C03,8,6,5,40,14,9,1,5,4,5,13,4,4,5,5,5,2,17,2,20,2,9,3,4,7,15,1,10,1,11,,100,,1,25,121.5738451,24.9880726
113,3,12,16,13,2,10文山區,文山區指南路2段29號,0,0,1,2,C03,8,6,5,40,14,9,1,5,4,5,13,4,4,5,5,5,2,17,1,24,3,10,3,4,7,9,1,10,1,14,,42,,1,25,121.5738451,24.9880726
113,3,12,16,46,2,02萬華區,萬華區青年路與青年路106巷口,0,0,1,1,B03,8,6,5,30,3,2,1,5,4,5,13,2,1,9,4,5,1,17,1,65,3,10,3,4,7,5,1,8,1,2,,74,,1,22,121.5027599,25.02270051
113,3,12,16,46,2,02萬華區,萬華區青年路與青年路106巷口,0,0,1,2,C03,8,6,5,30,3,2,1,5,4,5,13,2,1,9,4,5,1,17,1,47,2,8,3,4,7,9,1,10,1,11,,42,,1,22,121.5027599,25.02270051
113,3,12,17,0,2,03中山區,中山區長春路與松江路口,0,0,3,1,B02,7,7,5,50,4,2,1,5,4,5,13,1,1,1,3,5,1,16,1,31,3,10,2,1,7,5,1,8,1,1,,98,,1,21,121.532868,25.05480308
113,3,12,17,0,2,03中山區,中山區長春路與松江路口,0,0,3,2,B01,7,7,5,50,4,2,1,5,4,5,13,1,1,1,3,5,1,16,1,49,3,10,2,1,7,9,1,4,1,4,,44,,1,21,121.532868,25.05480308
113,3,12,17,0,2,03中山區,中山區長春路與松江路口,0,0,3,3,C03,7,7,5,50,4,2,1,5,4,5,13,1,1,1,3,5,1,16,1,43,2,8,6,1,7,14,1,10,1,11,,44,,1,21,121.532868,25.05480308
113,3,12,17,0,2,03中山區,中山區長春路與松江路口,0,0,3,4,C03,7,7,5,50,4,2,1,5,4,5,13,1,1,1,3,5,1,16,1,31,2,5,6,1,7,14,1,10,1,11,,44,,1,21,121.532868,25.05480308
113,3,12,17,0,2,03中山區,中山區長春路與松江路口,0,0,3,5,H02,7,7,5,50,4,2,1,5,4,5,13,1,1,1,3,5,1,16,2,34,2,9,7,5,7,17,8,20,10,16,,67,,1,21,121.532868,25.05480308
113,3,12,17,10,2,07信義區,信義區仁愛路4段505號,0,0,1,1,B02,8,5,5,50,14,9,1,5,4,5,13,4,4,10,5,1,2,13,1,29,3,10,7,1,7,9,1,8,1,1,,108,,1,21,121.5611534,25.0376987
113,3,12,17,10,2,07信義區,信義區仁愛路4段505號,0,0,1,2,B03,8,5,5,50,14,9,1,5,4,5,13,4,4,10,5,1,2,13,2,53,2,2,7,1,7,14,1,8,1,3,,44,,1,21,121.5611534,25.0376987
113,3,12,17,24,2,07信義區,信義區光復南路415巷與光復南路口,0,0,2,3,H02,8,5,5,30,3,2,1,5,4,5,13,4,4,1,4,5,2,17,2,60,2,9,5,5,7,17,8,20,10,16,,67,,1,22,121.5576573,25.0372919
113,3,12,17,24,2,07信義區,信義區光復南路415巷與光復南路口,0,0,2,1,C03,8,5,5,30,3,2,1,5,4,5,13,4,4,1,4,5,2,17,1,40,3,10,6,1,7,6,1,10,1,14,,9,,1,22,121.5576573,25.0372919
113,3,12,17,24,2,07信義區,信義區光復南路415巷與光復南路口,0,0,2,2,C03,8,5,5,30,3,2,1,5,4,5,13,4,4,1,4,5,2,17,1,63,2,9,5,1,7,9,1,10,1,12,,44,,1,22,121.5576573,25.0372919
113,3,12,17,36,2,11南港區,南港區忠孝東路7段與中南街口口,0,0,1,1,B03,7,5,5,50,3,1,1,5,4,5,10,1,1,1,4,5,2,13,1,46,3,10,3,4,7,5,1,8,1,5,,108,,1,22,121.6151919,25.0529604
113,3,12,17,36,2,11南港區,南港區忠孝東路7段與中南街口口,0,0,1,2,C03,7,5,5,50,3,1,1,5,4,5,10,1,1,1,4,5,2,13,1,49,2,7,5,4,7,12,1,10,1,13,,44,,1,22,121.6151919,25.0529604
113,3,12,17,36,2,11南港區,南港區忠孝東路7段與中南街口口,0,0,1,3,B03,7,5,5,50,3,1,1,5,4,5,10,1,1,1,4,5,2,13,1,60,3,10,3,4,7,14,1,8,9,17,,38,,1,22,121.6151919,25.0529604
113,3,12,17,42,2,04大安區,大安區復興南路2段與復興南路2段210巷口,0,0,2,1,C03,8,5,5,50,4,1,1,5,4,5,13,2,1,1,3,1,2,12,2,62,2,7,5,1,7,8,1,11,1,12,,100,,1,21,121.5433888,25.0264935
113,3,12,17,42,2,04大安區,大安區復興南路2段與復興南路2段210巷口,0,0,2,2,F01,8,5,5,50,4,1,1,5,4,5,13,2,1,1,3,1,2,12,1,38,2,7,4,1,7,9,8,20,1,14,,44,,1,21,121.5433888,25.0264935
113,3,12,18,0,2,10文山區,文山區羅斯福路5段128號,0,0,1,1,C03,8,5,5,50,14,9,1,5,4,5,13,4,4,1,4,5,2,12,1,63,2,9,6,1,7,9,1,10,1,14,,101,,1,21,121.5389053,25.00608892
113,3,12,18,0,2,10文山區,文山區羅斯福路5段128號,0,0,1,2,B03,8,5,5,50,14,9,1,5,4,5,13,4,4,1,4,5,2,12,1,63,3,10,7,1,7,9,1,8,1,2,,44,,1,21,121.5389053,25.00608892
113,3,12,18,11,2,06松山區,松山區八德路3段27號,0,0,1,1,C03,7,5,6,50,14,9,1,5,4,5,13,2,1,5,4,5,2,13,1,27,3,10,6,1,7,9,1,10,1,11,,16,,1,21,121.5527453,25.0482273
113,3,12,18,11,2,06松山區,松山區八德路3段27號,0,0,1,2,C03,7,5,6,50,14,9,1,5,4,5,13,2,1,5,4,5,2,13,2,50,2,9,6,1,7,14,1,10,1,13,,44,,1,21,121.5527453,25.0482273
113,3,12,18,22,2,03中山區,中山區建國高架道與長春路口上方,0,0,1,1,B03,8,5,5,70,10,7,1,5,4,5,13,4,4,10,4,5,2,13,1,29,3,10,7,1,7,9,1,8,2,1,,16,,1,22,121.5367201,25.0499072
113,3,12,18,22,2,03中山區,中山區建國高架道與長春路口上方,0,0,1,2,C02,8,5,5,70,10,7,1,5,4,5,13,4,4,10,4,5,2,13,1,53,2,9,6,1,7,9,1,9,2,13,,44,,1,22,121.5367201,25.0499072
113,3,12,18,22,2,03中山區,中山區建國高架道與長春路口上方,0,0,1,3,B03,8,5,5,70,10,7,1,5,4,5,13,4,4,10,4,5,2,13,1,35,3,10,7,1,7,14,1,8,2,6,,44,,1,22,121.5367201,25.0499072
113,3,12,18,36,2,02萬華區,萬華區堤外便道機車道往南(貴陽疏散門附近),0,0,1,1,C03,8,5,8,40,22,22,1,5,4,5,13,2,1,10,5,5,2,17,1,37,2,8,3,4,7,15,1,9,1,13,,98,,1,21,121.4992052,25.04144379
113,3,12,18,36,2,02萬華區,萬華區堤外便道機車道往南(貴陽疏散門附近),0,0,1,2,C03,8,5,8,40,22,22,1,5,4,5,13,2,1,10,5,5,2,17,1,32,3,10,3,4,7,9,1,10,1,11,,108,,1,21,121.4992052,25.04144379
113,3,12,18,37,2,03中山區,中山區大直街與大直街127巷口,0,0,1,1,C03,8,5,5,50,4,1,1,5,4,5,13,4,4,10,5,5,2,13,1,29,3,10,6,1,7,9,1,10,1,11,,16,,1,21,121.5487807,25.08418081