發生年度,發生月,發生日,發生時-Hours,發生分,處理別-編號,區序,肇事地點,死亡人數,2-30日死亡人數,受傷人數,當事人序號,車種,天候,道路照明設備,道路類別,速限-速度限制,道路型態,事故位置,路面狀況1,路面狀況2,路面狀況3,道路障礙1,道路障礙2,號誌1,號誌2,車道劃分-分向,車道劃分-分道1,車道劃分-分道2,車道劃分-分道3,事故類型及型態,性別,年齡,受傷程度,主要傷處,保護裝置,行動電話,車輛用途,當事者行動狀態,駕駛資格情形,駕駛執照種類,飲酒情形,車輛撞擊部位1,車輛撞擊部位2,肇因碼-個別,肇因碼-主要,個人肇逃否,職業,座標-X,座標-Y
113,3,12,18,37,2,03中山區,中山區大直街與大直街127巷口,0,0,1,2,C03,8,5,5,50,4,1,1,5,4,5,13,4,4,10,5,5,2,13,1,29,2,8,6,1,7,5,1,10,1,13,,44,,1,21,121.5487807,25.08418081
113,3,12,18,52,2,01大同區,大同區涼州街與甘州街口,0,0,1,1,C03,7,5,5,50,3,1,1,5,4,5,13,4,4,5,4,5,2,17,1,73,2,8,5,4,7,5,1,10,1,12,,72,,1,21,121.5119402,25.0606565
113,3,12,18,52,2,01大同區,大同區涼州街與甘州街口,0,0,1,2,A02,7,5,5,50,3,1,1,5,4,5,13,4,4,5,4,5,2,17,1,33,3,10,7,4,7,9,1,2,1,8,,44,,1,21,121.5119402,25.0606565
113,3,12,18,52,2,01大同區,大同區涼州街與甘州街口,0,0,1,3,B03,7,5,5,50,3,1,1,5,4,5,13,4,4,5,4,5,2,17,1,31,3,10,2,4,7,13,1,8,1,7,,44,,1,21,121.5119402,25.0606565
113,3,12,19,40,2,03中山區,中山區中山北路2段與南京西路口,0,0,1,1,C03,7,5,5,50,4,1,1,5,4,5,13,1,1,1,3,5,1,13,1,36,2,9,5,1,7,9,1,10,1,12,,16,,1,21,121.5224439,25.0526445
113,3,12,19,40,2,03中山區,中山區中山北路2段與南京西路口,0,0,1,2,C03,7,5,5,50,4,1,1,5,4,5,13,1,1,1,3,5,1,13,2,51,3,10,6,1,7,9,1,10,1,14,,44,,1,21,121.5224439,25.0526445
113,3,12,19,50,2,04大安區,大安區信義路4段與安和路2段口,0,0,1,1,C03,8,6,5,50,4,1,1,5,4,5,13,2,1,5,4,5,2,13,1,33,2,9,6,1,7,15,1,10,1,11,,118,,1,21,121.5525376,25.0330468
113,3,12,19,50,2,04大安區,大安區信義路4段與安和路2段口,0,0,1,2,C03,8,6,5,50,4,1,1,5,4,5,13,2,1,5,4,5,2,13,2,28,3,10,6,1,7,6,1,10,1,13,,44,,1,21,121.5525376,25.0330468
113,3,12,19,50,2,04大安區,大安區信義路4段與安和路2段口,0,0,1,3,B03,8,6,5,50,4,1,1,5,4,5,13,2,1,5,4,5,2,13,3,0,,,,,,,,,,,,67,,1,,121.5525376,25.0330468
113,3,12,20,22,2,07信義區,信義區虎林街121巷2號,0,0,1,1,H01,7,5,5,0,14,9,1,5,4,5,13,4,4,10,5,5,2,3,2,29,2,8,4,5,8,16,8,20,10,16,,53,,1,21,121.5770207,25.0402764
113,3,12,20,22,2,07信義區,信義區虎林街121巷2號,0,0,1,2,C03,7,5,5,0,14,9,1,5,4,5,13,4,4,10,5,5,2,3,1,40,3,10,6,1,7,9,1,10,1,11,,44,,1,21,121.5770207,25.0402764
113,3,12,20,30,2,09北投區,北投區大業路與大業路452巷口,0,0,1,1,B01,8,5,5,60,3,1,1,5,4,5,13,1,1,1,4,4,2,17,1,46,3,10,7,1,7,5,1,4,2,17,,71,,1,21,121.4963105,25.1314173
113,3,12,20,30,2,09北投區,北投區大業路與大業路452巷口,0,0,1,2,C03,8,5,5,60,3,1,1,5,4,5,13,1,1,1,4,4,2,17,1,30,2,9,6,1,7,9,1,10,2,14,,44,,1,21,121.4963105,25.1314173
113,3,12,20,58,2,05中正區,中正區和平西路2段130號,0,0,1,1,C03,7,5,5,50,14,9,1,5,4,5,13,1,1,1,4,5,2,12,2,55,2,7,5,1,7,7,1,10,1,14,,100,,1,22,121.5066873,25.0321619
113,3,12,20,58,2,05中正區,中正區和平西路2段130號,0,0,1,2,B03,7,5,5,50,14,9,1,5,4,5,13,1,1,1,4,5,2,12,2,51,3,10,7,1,7,9,1,8,1,2,,108,,1,22,121.5066873,25.0321619
113,3,12,20,58,2,05中正區,中正區和平西路2段130號,0,0,1,3,B03,7,5,5,50,14,9,1,5,4,5,13,1,1,1,4,5,2,12,2,50,3,10,7,1,7,14,1,8,1,17,,38,,1,22,121.5066873,25.0321619
113,3,12,21,0,2,10文山區,文山區木新路2段69巷與木新路2段口,0,0,1,1,C03,7,5,5,50,4,2,1,5,4,5,13,4,4,5,4,5,2,16,2,19,3,10,6,1,7,5,1,10,1,12,,8,,1,21,121.5706662,24.98568922
113,3,12,21,0,2,10文山區,文山區木新路2段69巷與木新路2段口,0,0,1,2,C03,7,5,5,50,4,2,1,5,4,5,13,4,4,5,4,5,2,16,1,20,2,9,6,1,7,9,1,10,1,11,,44,,1,21,121.5706662,24.98568922
113,3,12,21,5,2,08士林區,士林區通河西街2段203號與通河西街2段口對面基隆河防汛道路,0,0,1,1,B01,8,5,5,40,3,1,1,5,4,5,13,4,4,5,5,5,2,17,1,60,3,10,7,1,7,5,1,4,2,5,,2,,1,21,121.5027893,25.0939224
113,3,12,21,5,2,08士林區,士林區通河西街2段203號與通河西街2段口對面基隆河防汛道路,0,0,1,2,C03,8,5,5,40,3,1,1,5,4,5,13,4,4,5,5,5,2,17,1,36,2,9,5,1,7,9,1,10,9,11,,13,,1,21,121.5027893,25.0939224
113,3,12,21,5,2,08士林區,士林區通河西街2段203號與通河西街2段口對面基隆河防汛道路,0,0,1,3,,8,5,5,40,3,1,1,5,4,5,13,4,4,5,5,5,2,17,3,0,,,,,,,,,,,,67,,1,,121.5027893,25.0939224
113,3,12,21,12,2,09北投區,北投區石牌路1段與西安街2段口,0,0,2,1,C03,7,5,5,50,14,9,1,5,4,5,13,4,4,10,4,5,1,12,2,29,2,9,5,1,7,7,1,10,1,11,,100,,1,21,121.5147378,25.11523147
113,3,12,21,12,2,09北投區,北投區石牌路1段與西安街2段口,0,0,2,2,C03,7,5,5,50,14,9,1,5,4,5,13,4,4,10,4,5,1,12,1,23,2,9,5,1,7,9,1,10,1,11,,44,,1,21,121.5147378,25.11523147
113,3,12,21,19,2,01大同區,大同區承德橋,0,0,3,1,C03,7,5,7,40,8,11,1,5,4,5,13,4,4,5,4,5,2,13,2,51,2,9,5,4,7,9,1,10,2,11,,108,,1,21,121.5212241,25.0761512
113,3,12,21,19,2,01大同區,大同區承德橋,0,0,3,2,C03,7,5,7,40,8,11,1,5,4,5,13,4,4,5,4,5,2,13,1,54,2,8,5,4,7,9,1,10,2,13,,44,,1,21,121.5212241,25.0761512
113,3,12,21,19,2,01大同區,大同區承德橋,0,0,3,3,H01,7,5,7,40,8,11,1,5,4,5,13,4,4,5,4,5,2,13,2,51,3,10,4,5,8,16,8,20,10,17,,54,,1,21,121.5212241,25.0761512
113,3,12,21,19,2,01大同區,大同區承德橋,0,0,3,4,H02,7,5,7,40,8,11,1,5,4,5,13,4,4,5,4,5,2,13,2,49,2,7,5,5,7,20,8,20,10,16,,67,,1,21,121.5212241,25.0761512
113,3,12,21,24,2,04大安區,大安區愛國東路與麗水街口,0,0,2,1,C03,8,5,5,50,4,1,1,5,4,5,13,2,1,5,5,5,2,16,2,30,2,9,6,1,7,5,1,10,1,11,,8,,1,21,121.5287676,25.0313466
113,3,12,21,24,2,04大安區,大安區愛國東路與麗水街口,0,0,2,2,C03,8,5,5,50,4,1,1,5,4,5,13,2,1,5,5,5,2,16,1,21,2,9,6,1,7,9,1,10,1,11,,44,,1,21,121.5287676,25.0313466
113,3,12,21,24,2,04大安區,大安區愛國東路與麗水街口,0,0,2,3,C03,8,5,5,50,4,1,1,5,4,5,13,2,1,5,5,5,2,16,3,24,,,,,,,,,,,,67,,1,,121.5287676,25.0313466
113,3,12,21,24,2,04大安區,大安區愛國東路與麗水街口,0,0,2,4,C03,8,5,5,50,4,1,1,5,4,5,13,2,1,5,5,5,2,16,3,27,,,,,,,,,,,,67,,1,,121.5287676,25.0313466
113,3,12,21,24,2,04大安區,大安區愛國東路與麗水街口,0,0,2,5,C03,8,5,5,50,4,1,1,5,4,5,13,2,1,5,5,5,2,16,3,41,,,,,,,,,,,,67,,1,,121.5287676,25.0313466
113,3,12,21,24,2,04大安區,大安區愛國東路與麗水街口,0,0,2,6,C03,8,5,5,50,4,1,1,5,4,5,13,2,1,5,5,5,2,16,3,0,,,,,,,,,,,,67,,1,,121.5287676,25.0313466
113,3,12,21,24,2,04大安區,大安區愛國東路與麗水街口,0,0,2,7,C03,8,5,5,50,4,1,1,5,4,5,13,2,1,5,5,5,2,16,3,24,,,,,,,,,,,,67,,1,,121.5287676,25.0313466
113,3,12,21,24,2,04大安區,大安區愛國東路與麗水街口,0,0,2,8,C03,8,5,5,50,4,1,1,5,4,5,13,2,1,5,5,5,2,16,3,0,,,,,,,,,,,,67,,1,,121.5287676,25.0313466
113,3,12,21,24,2,04大安區,大安區愛國東路與麗水街口,0,0,2,9,C03,8,5,5,50,4,1,1,5,4,5,13,2,1,5,5,5,2,16,3,38,,,,,,,,,,,,67,,1,,121.5287676,25.0313466
113,3,12,21,24,2,04大安區,大安區愛國東路與麗水街口,0,0,2,10,C03,8,5,5,50,4,1,1,5,4,5,13,2,1,5,5,5,2,16,3,21,,,,,,,,,,,,67,,1,,121.5287676,25.0313466
113,3,12,21,28,2,06松山區,松山區北寧路與北寧路56巷口,0,0,1,1,C03,8,5,5,50,3,1,1,5,4,5,13,2,1,5,2,5,2,17,2,24,3,10,6,4,7,1,1,10,1,11,,19,,1,22,121.5526587,25.0498573
113,3,12,21,28,2,06松山區,松山區北寧路與北寧路56巷口,0,0,1,2,C03,8,5,5,50,3,1,1,5,4,5,13,2,1,5,2,5,2,17,2,28,2,9,6,4,7,9,1,9,1,11,,44,,1,22,121.5526587,25.0498573
113,3,12,21,28,2,06松山區,松山區北寧路與北寧路56巷口,0,0,1,3,B03,8,5,5,50,3,1,1,5,4,5,13,2,1,5,2,5,2,17,1,34,3,10,3,4,7,14,1,8,9,17,,38,,1,21,121.5526587,25.0498573
113,3,12,21,30,2,03中山區,中山區中山北路3段與民族西路口,0,0,1,1,B03,8,5,5,50,4,2,1,5,4,5,13,2,1,5,4,5,2,16,1,50,3,10,7,1,7,6,1,8,2,1,,9,,1,22,121.5225883,25.0685686
113,3,12,21,30,2,03中山區,中山區中山北路3段與民族西路口,0,0,1,2,F01,8,5,5,50,4,2,1,5,4,5,13,2,1,5,4,5,2,16,1,73,2,9,4,1,7,9,8,20,10,12,,60,,1,22,121.5225883,25.0685686
113,3,12,21,41,2,08士林區,自行車道(延平北路7段213-1號),0,0,2,1,H01,8,5,8,0,14,23,1,5,4,5,13,4,4,9,5,5,1,9,2,69,3,10,4,5,8,16,8,20,10,16,,67,,1,21,121.4762422,25.10980381
113,3,12,21,41,2,08士林區,自行車道(延平北路7段213-1號),0,0,2,2,F01,8,5,8,0,14,23,1,5,4,5,13,4,4,9,5,5,1,9,1,41,2,9,4,1,7,9,8,20,1,11,,44,,1,21,121.4762422,25.10980381
113,3,12,21,41,2,08士林區,自行車道(延平北路7段213-1號),0,0,2,3,F01,8,5,8,0,14,23,1,5,4,5,13,4,4,9,5,5,1,9,1,43,2,9,4,1,7,9,8,20,1,11,,44,,1,21,121.4762422,25.10980381
113,3,12,21,41,2,08士林區,自行車道(延平北路7段213-1號),0,0,2,4,,8,5,8,0,14,23,1,5,4,5,13,4,4,9,5,5,1,9,3,0,,,,,,,,,10,,,67,,1,,121.4762422,25.10980381
113,3,12,21,54,2,11南港區,南港區成福路與成福路171巷口,0,0,1,1,C03,8,5,5,50,4,18,1,5,4,5,13,4,4,5,4,5,2,3,4,71,4,11,,4,7,9,7,19,9,11,,70,,2,22,121.5882615,25.0409878
113,3,12,21,54,2,11南港區,南港區成福路與成福路171巷口,0,0,1,2,H01,8,5,5,50,4,18,1,5,4,5,13,4,4,5,4,5,2,3,2,28,2,8,4,5,8,16,8,20,10,16,,67,,1,21,121.5882615,25.0409878
113,3,12,22,0,2,07信義區,信義區莊敬路與莊敬路423巷口,0,0,2,1,C03,7,5,5,50,4,2,1,5,4,5,13,1,1,5,5,5,2,16,1,40,2,5,3,4,7,7,1,8,1,14,,100,,1,21,121.5665632,25.0272031
113,3,12,22,0,2,07信義區,信義區莊敬路與莊敬路423巷口,0,0,2,2,C04,7,5,5,50,4,2,1,5,4,5,13,1,1,5,5,5,2,16,2,26,2,9,3,4,7,9,1,10,1,12,,44,,1,22,121.5665632,25.0272031
113,3,12,22,1,2,12內湖區,內湖區成功路2段與民權東路6段口西南角,0,0,2,1,C04,8,5,5,50,4,1,1,5,4,5,13,2,1,9,2,4,2,16,1,19,2,9,6,1,7,5,1,10,2,14,,8,,1,21,121.5906665,25.06893358
113,3,12,22,1,2,12內湖區,內湖區成功路2段與民權東路6段口西南角,0,0,2,2,C03,8,5,5,50,4,1,1,5,4,5,13,2,1,9,2,4,2,16,1,62,2,9,6,1,7,9,1,10,2,11,,44,,1,21,121.5906665,25.06893358
113,3,12,22,5,2,05中正區,中正區忠孝西路1段265號,0,0,2,1,B01,8,5,5,50,14,9,1,5,4,5,13,4,4,4,3,5,1,12,1,54,3,10,7,1,7,8,1,4,1,5,,100,,1,21,121.5124376,25.04753297
113,3,12,22,5,2,05中正區,中正區忠孝西路1段265號,0,0,2,2,C03,8,5,5,50,14,9,1,5,4,5,13,4,4,4,3,5,1,12,1,26,2,9,6,1,7,9,1,10,1,13,,44,,1,21,121.5124376,25.04753297
113,3,12,22,5,2,05中正區,中正區忠孝西路1段265號,0,0,2,3,H02,8,5,5,50,14,9,1,5,4,5,13,4,4,4,3,5,1,12,2,26,2,9,4,5,7,21,8,20,10,16,,67,,1,21,121.5124376,25.04753297
113,3,12,22,8,2,02萬華區,萬華區桂林路與昆明街口,0,0,3,1,C03,8,5,5,50,4,1,1,5,4,5,13,1,1,9,4,4,2,16,1,17,2,8,5,1,7,8,2,18,1,12,,100,,1,21,121.5037518,25.0379738
113,3,12,22,8,2,02萬華區,萬華區桂林路與昆明街口,0,0,3,2,C03,8,5,5,50,4,1,1,5,4,5,13,1,1,9,4,4,2,16,1,61,2,8,5,1,7,9,1,10,1,14,,44,,1,21,121.5037518,25.0379738
113,3,12,22,8,2,02萬華區,萬華區桂林路與昆明街口,0,0,3,3,H02,8,5,5,50,4,1,1,5,4,5,13,1,1,9,4,4,2,16,2,14,2,8,5,5,7,17,8,20,10,16,,67,,1,21,121.5037518,25.0379738
113,3,12,22,33,2,04大安區,大安區和平東路2段117號,0,0,2,1,C03,7,5,5,50,14,9,1,5,4,5,13,4,4,8,3,5,2,11,2,22,2,9,3,4,7,8,1,10,1,12,,100,,1,21,121.5406219,25.0253329
113,3,12,22,33,2,04大安區,大安區和平東路2段117號,0,0,2,2,C03,7,5,5,50,14,9,1,5,4,5,13,4,4,8,3,5,2,11,1,24,2,9,3,4,7,9,1,10,1,14,,44,,1,21,121.5406219,25.0253329
113,3,12,22,50,2,12內湖區,內湖區內湖路2段東往西(達人高中公車站牌),0,0,1,1,B03,8,5,5,50,14,9,1,5,4,5,13,4,4,5,5,5,2,17,2,27,3,10,7,1,7,9,1,8,2,5,,16,,1,21,121.5872187,25.08130348
113,3,12,22,50,2,12內湖區,內湖區內湖路2段東往西(達人高中公車站牌),0,0,1,2,C03,8,5,5,50,14,9,1,5,4,5,13,4,4,5,5,5,2,17,2,67,2,9,5,1,7,9,1,10,2,13,,44,,1,21,121.5872187,25.08130348
113,3,12,22,54,2,09北投區,北投區竹子湖路1207409號燈桿,0,0,4,1,B03,8,5,5,40,14,9,1,5,4,5,13,4,4,7,4,5,1,10,1,45,2,7,7,1,7,9,1,8,2,1,,4,,1,21,121.5546063,25.1815972
113,3,12,22,54,2,09北投區,北投區竹子湖路1207409號燈桿,0,0,4,2,B03,8,5,5,40,14,9,1,5,4,5,13,4,4,7,4,5,1,10,1,46,2,7,7,1,7,9,1,8,2,8,,44,,1,21,121.5546063,25.1815972
113,3,12,22,54,2,09北投區,北投區竹子湖路1207409號燈桿,0,0,4,3,H02,8,5,5,40,14,9,1,5,4,5,13,4,4,7,4,5,1,10,2,35,2,8,4,5,7,20,8,20,10,17,,60,,1,21,121.5546063,25.1815972
113,3,12,22,54,2,09北投區,北投區竹子湖路1207409號燈桿,0,0,4,4,H02,8,5,5,40,14,9,1,5,4,5,13,4,4,7,4,5,1,10,2,39,2,4,4,5,7,20,8,20,10,17,,60,,1,21,121.5546063,25.1815972
113,3,12,22,54,2,09北投區,北投區竹子湖路1207409號燈桿,0,0,4,5,,8,5,5,40,14,9,1,5,4,5,13,4,4,7,4,5,1,10,3,0,,,,,,,,,,,,67,,1,,121.5546063,25.1815972
113,3,12,23,20,2,01大同區,大同區承德路2段與南京西路口,0,0,1,1,C03,8,5,5,50,14,9,1,5,4,5,13,2,1,9,4,5,2,12,1,18,2,7,6,4,7,8,1,10,1,11,,100,,1,22,121.5178686,25.0532645
113,3,12,23,20,2,01大同區,大同區承德路2段與南京西路口,0,0,1,2,B03,8,5,5,50,14,9,1,5,4,5,13,2,1,9,4,5,2,12,1,23,3,10,2,4,7,9,1,8,1,4,,44,,1,22,121.5178686,25.0532645
113,3,12,23,50,2,10文山區,文山區木柵路2段2號,0,0,1,1,C03,7,5,5,50,14,9,1,5,4,5,13,4,4,5,5,5,2,18,1,28,2,9,6,1,7,9,1,10,2,11,,42,,1,21,121.5641282,24.98861402
113,3,12,23,50,2,10文山區,文山區木柵路2段2號,0,0,1,2,,7,5,5,50,14,9,1,5,4,5,13,4,4,5,5,5,2,18,3,0,,,,,,,,,,,,67,,1,,121.5641282,24.98861402
113,3,13,2,42,2,03中山區,中山區長春路115號,0,0,2,1,C03,7,5,5,50,14,9,1,5,4,5,13,3,3,5,4,4,2,13,1,22,2,9,3,4,7,9,3,18,1,11,,16,,1,21,121.5296669,25.05488669
113,3,13,2,42,2,03中山區,中山區長春路115號,0,0,2,2,B01,7,5,5,50,14,9,1,5,4,5,13,3,3,5,4,4,2,13,1,54,3,10,3,4,7,8,1,4,1,6,,44,,1,21,121.5296669,25.05488669
113,3,13,2,42,2,03中山區,中山區長春路115號,0,0,2,3,H02,7,5,5,50,14,9,1,5,4,5,13,3,3,5,4,4,2,13,2,16,2,9,3,5,7,21,8,20,10,16,,67,,1,21,121.5296669,25.05488669
113,3,13,6,35,2,04大安區,大安區信義路2段148巷與金山南路2段13巷口口,0,0,1,1,C03,8,6,5,30,4,1,1,5,4,5,13,4,4,10,5,5,1,15,1,43,2,9,6,4,7,9,1,10,2,12,,72,,1,21,121.5286229,25.0332885
113,3,13,6,35,2,04大安區,大安區信義路2段148巷與金山南路2段13巷口口,0,0,1,2,B03,8,6,5,30,4,1,1,5,4,5,13,4,4,10,5,5,1,15,2,54,3,10,3,4,7,9,1,8,2,8,,14,,1,21,121.5286229,25.0332885
113,3,13,7,21,2,04大安區,大安區仁愛路4段266巷與仁愛路4段300巷26弄口,0,0,1,1,C03,8,6,5,50,4,1,1,5,4,5,13,1,1,5,4,5,2,17,2,45,2,9,6,1,7,9,1,10,1,11,,80,,1,21,121.5526973,25.0365432
113,3,13,7,21,2,04大安區,大安區仁愛路4段266巷與仁愛路4段300巷26弄口,0,0,1,2,B03,8,6,5,50,4,1,1,5,4,5,13,1,1,5,4,5,2,17,1,48,3,10,7,1,7,9,1,8,1,8,,44,,1,21,121.5526973,25.0365432
113,3,13,7,32,2,09北投區,北投區明德路與明德路18巷口,0,0,1,1,C03,8,6,5,50,14,9,1,5,4,5,13,4,4,9,4,5,2,16,1,53,3,10,5,1,7,5,1,10,1,12,,118,,1,21,121.5175099,25.1069451
113,3,13,7,32,2,09北投區,北投區明德路與明德路18巷口,0,0,1,2,C03,8,6,5,50,14,9,1,5,4,5,13,4,4,9,4,5,2,16,2,58,2,9,5,1,7,9,1,10,1,11,,118,,1,21,121.5175099,25.1069451
113,3,13,7,40,2,08士林區,士林區通河西街1段與重慶北路4段口,0,0,1,1,C03,8,6,5,50,3,2,1,5,4,5,13,2,1,5,4,5,2,13,1,41,4,11,5,1,7,9,1,10,1,11,,42,,1,21,121.5119157,25.08772927
113,3,13,7,40,2,08士林區,士林區通河西街1段與重慶北路4段口,0,0,1,2,C03,8,6,5,50,3,2,1,5,4,5,13,2,1,5,4,5,2,13,1,18,2,7,5,1,7,14,1,10,1,12,,123,,1,21,121.5119157,25.08772927
113,3,13,7,53,2,09北投區,北投區中和街與中和街398巷口,0,0,1,1,C03,8,6,5,50,3,1,1,5,4,5,13,4,4,10,5,5,2,17,1,50,3,10,5,1,7,9,1,10,2,12,,4,,1,21,121.4981462,25.1434725
113,3,13,7,53,2,09北投區,北投區中和街與中和街398巷口,0,0,1,2,C03,8,6,5,50,3,1,1,5,4,5,13,4,4,10,5,5,2,17,2,34,2,9,5,1,7,5,1,10,2,11,,44,,1,21,121.4981462,25.1434725
113,3,13,7,53,2,09北投區,北投區中和街與中和街398巷口,0,0,1,3,H02,8,6,5,50,3,1,1,5,4,5,13,4,4,10,5,5,2,17,2,2,4,11,5,5,7,20,8,20,10,16,,67,,1,24,121.4981462,25.1434725
113,3,13,8,2,2,04大安區,大安區基隆路2段124號,0,0,1,1,C03,8,5,8,0,14,20,4,5,4,4,12,4,4,10,5,5,2,17,2,23,3,10,5,1,7,6,1,10,1,15,,42,,1,21,121.5569226,25.0288838
113,3,13,8,2,2,04大安區,大安區基隆路2段124號,0,0,1,2,F02,8,5,8,0,14,20,4,5,4,4,12,4,4,10,5,5,2,17,2,42,2,9,4,1,7,9,8,20,1,14,,44,,1,21,121.5569226,25.0288838
113,3,13,8,21,2,03中山區,中山區內湖路1段32巷與內湖路1段口,0,0,2,1,C03,8,5,5,50,14,9,1,5,4,5,13,4,4,5,5,5,2,3,1,31,2,8,3,1,7,9,1,10,1,11,,108,,1,22,121.5594929,25.08477044
113,3,13,8,21,2,03中山區,中山區內湖路1段32巷與內湖路1段口,0,0,2,2,H01,8,5,5,50,14,9,1,5,4,5,13,4,4,5,5,5,2,3,2,57,2,6,4,5,8,16,8,20,1,16,,121,,1,22,121.5594929,25.08477044
113,3,13,8,22,2,09北投區,北投區東陽街與東陽街411巷口,0,0,1,1,C03,8,6,5,50,3,1,1,5,4,4,13,4,4,5,5,5,2,17,1,82,2,9,6,1,7,6,1,10,1,11,,42,,1,22,121.5176713,25.112409
113,3,13,8,22,2,09北投區,北投區東陽街與東陽街411巷口,0,0,1,2,B03,8,6,5,50,3,1,1,5,4,4,13,4,4,5,5,5,2,17,1,64,3,10,7,1,7,9,1,8,1,5,,42,,1,22,121.5176713,25.112409
113,3,13,8,23,2,03中山區,中山區民生東路3段32-2號,0,0,3,1,C03,8,7,5,50,14,9,1,5,4,5,13,4,4,9,4,5,2,17,2,39,2,9,5,1,7,9,1,10,1,11,,16,,1,21,121.5396344,25.0577176
113,3,13,8,23,2,03中山區,中山區民生東路3段32-2號,0,0,3,2,C03,8,7,5,50,14,9,1,5,4,5,13,4,4,9,4,5,2,17,2,21,2,9,5,1,7,9,1,10,1,13,,44,,1,21,121.5396344,25.0577176
113,3,13,8,23,2,03中山區,中山區民生東路3段32-2號,0,0,3,3,C03,8,7,5,50,14,9,1,5,4,5,13,4,4,9,4,5,2,17,2,51,3,10,5,1,7,9,1,10,1,11,,16,,1,21,121.5396344,25.0577176
113,3,13,8,23,2,03中山區,中山區民生東路3段32-2號,0,0,3,4,H02,8,7,5,50,14,9,1,5,4,5,13,4,4,9,4,5,2,17,2,31,2,9,4,5,7,20,8,20,10,16,,67,,1,21,121.5396344,25.0577176
113,3,13,8,25,2,11南港區,南港區松河街376號,0,0,1,1,B03,8,7,5,50,14,9,1,5,4,5,13,4,4,9,5,5,2,11,1,37,3,10,7,1,7,7,1,8,2,8,,100,,1,21,121.5873177,25.0542734
113,3,13,8,25,2,11南港區,南港區松河街376號,0,0,1,2,C03,8,7,5,50,14,9,1,5,4,5,13,4,4,9,5,5,2,11,1,42,2,8,5,1,7,9,1,10,2,14,,44,,1,21,121.5873177,25.0542734
113,3,13,8,25,2,11南港區,南港區松河街376號,0,0,1,3,C03,8,7,5,50,14,9,1,5,4,5,13,4,4,9,5,5,2,11,1,42,3,10,3,4,7,13,1,10,1,12,,44,,1,21,121.5873177,25.0542734
113,3,13,8,25,2,11南港區,南港區松河街376號,0,0,1,4,C03,8,7,5,50,14,9,1,5,4,5,13,4,4,9,5,5,2,11,2,51,3,10,3,4,7,13,1,10,1,12,,44,,1,21,121.5873177,25.0542734
113,3,13,8,34,2,08士林區,士林區承德路4段與劍潭路口,0,0,1,1,C03,8,7,8,50,4,1,1,5,4,5,13,1,1,1,5,5,2,16,1,29,3,10,5,1,7,9,1,10,1,11,,44,,1,21,121.5237072,25.08405877
113,3,13,8,34,2,08士林區,士林區承德路4段與劍潭路口,0,0,1,2,C03,8,7,8,50,4,1,1,5,4,5,13,1,1,1,5,5,2,16,1,23,2,9,5,1,7,9,1,10,1,11,,42,,1,21,121.5237072,25.08405877
113,3,13,8,38,2,07信義區,信義區信義路5段61號,0,0,1,1,C03,8,6,5,50,14,9,1,5,4,5,13,4,4,1,4,5,2,12,1,27,2,7,5,4,7,9,1,10,1,17,,108,,1,22,121.5702055,25.0329029
113,3,13,8,38,2,07信義區,信義區信義路5段61號,0,0,1,2,B03,8,6,5,50,14,9,1,5,4,5,13,4,4,1,4,5,2,12,2,36,3,10,3,4,7,8,1,8,1,2,,44,,1,22,121.5702055,25.0329029
113,3,13,8,39,2,05中正區,中正區中山南路21號,0,0,2,3,C03,8,7,5,50,11,9,1,5,4,5,13,4,4,1,5,5,2,23,1,58,2,8,5,1,7,9,1,10,2,11,,16,,1,21,121.5174686,25.0373104
113,3,13,8,39,2,05中正區,中正區中山南路21號,0,0,2,1,C03,8,7,5,50,11,9,1,5,4,5,13,4,4,1,5,5,2,23,1,57,2,9,5,1,7,6,1,10,2,14,,118,,1,21,121.5174686,25.0373104
113,3,13,8,39,2,05中正區,中正區中山南路21號,0,0,2,2,,8,7,5,50,11,9,1,5,4,5,13,4,4,1,5,5,2,23,3,0,,,,,,,,,,,,67,,1,,121.5174686,25.0373104
113,3,13,8,40,2,10文山區,文山區景隆街與景隆街1巷口,0,0,1,1,C03,8,6,5,30,4,1,1,5,4,5,13,4,4,10,5,5,2,15,1,33,2,9,6,1,7,9,1,10,1,12,,72,,1,21,121.540196,24.9997502
113,3,13,8,40,2,10文山區,文山區景隆街與景隆街1巷口,0,0,1,2,C03,8,6,5,30,4,1,1,5,4,5,13,4,4,10,5,5,2,15,1,29,3,10,6,1,7,9,1,10,1,11,,14,,1,21,121.540196,24.9997502
113,3,13,8,43,2,03中山區,中山區基湖路157巷與基湖路口,0,0,1,1,B02,8,7,5,30,3,1,1,5,4,5,13,4,4,9,4,5,2,17,1,35,3,10,7,1,7,9,1,8,1,1,,72,,1,21,121.563261,25.0769982
113,3,13,8,43,2,03中山區,中山區基湖路157巷與基湖路口,0,0,1,2,C03,8,7,5,30,3,1,1,5,4,5,13,4,4,9,4,5,2,17,2,26,2,9,5,1,7,9,1,10,1,12,,44,,1,21,121.563261,25.0769982
113,3,13,8,45,2,10文山區,文山區新光路2段19號,0,0,2,1,A02,8,7,5,50,18,9,1,5,4,5,13,3,1,1,4,5,2,17,1,39,3,10,7,1,7,9,1,2,1,17,,44,,1,21,121.5832422,25.0001767