發生年度,發生月,發生日,發生時-Hours,發生分,處理別-編號,區序,肇事地點,死亡人數,2-30日死亡人數,受傷人數,當事人序號,車種,天候,道路照明設備,道路類別,速限-速度限制,道路型態,事故位置,路面狀況1,路面狀況2,路面狀況3,道路障礙1,道路障礙2,號誌1,號誌2,車道劃分-分向,車道劃分-分道1,車道劃分-分道2,車道劃分-分道3,事故類型及型態,性別,年齡,受傷程度,主要傷處,保護裝置,行動電話,車輛用途,當事者行動狀態,駕駛資格情形,駕駛執照種類,飲酒情形,車輛撞擊部位1,車輛撞擊部位2,肇因碼-個別,肇因碼-主要,個人肇逃否,職業,座標-X,座標-Y
113,3,13,8,45,2,10文山區,文山區新光路2段19號,0,0,2,3,H02,8,7,5,50,18,9,1,5,4,5,13,3,1,1,4,5,2,17,2,65,2,9,2,5,7,20,8,20,10,17,,67,,1,21,121.5832422,25.0001767
113,3,13,8,45,2,10文山區,文山區新光路2段19號,0,0,2,2,B03,8,7,5,50,18,9,1,5,4,5,13,3,1,1,4,5,2,17,1,35,3,10,7,1,7,1,1,8,1,17,,80,,1,21,121.5832422,25.0001767
113,3,13,8,45,2,10文山區,文山區新光路2段19號,0,0,2,4,H02,8,7,5,50,18,9,1,5,4,5,13,3,1,1,4,5,2,17,2,69,2,3,2,5,7,20,8,20,10,17,,67,,1,21,121.5832422,25.0001767
113,3,13,8,48,2,12內湖區,內湖區瑞光路258巷與瑞光路口218號,0,0,1,1,B03,8,7,5,50,3,1,1,5,4,5,13,4,4,9,5,5,2,16,1,31,3,10,7,1,7,6,1,8,1,5,,9,,1,21,121.5754952,25.0752732
113,3,13,8,48,2,12內湖區,內湖區瑞光路258巷與瑞光路口218號,0,0,1,2,C03,8,7,5,50,3,1,1,5,4,5,13,4,4,9,5,5,2,16,2,24,2,9,5,1,7,9,1,10,1,14,,108,,1,21,121.5754952,25.0752732
113,3,13,8,50,2,09北投區,北投區行義路(燈桿1206165),0,0,1,1,C03,8,6,5,50,14,9,1,5,4,5,13,4,4,9,4,5,1,11,2,21,2,8,5,1,7,9,1,10,1,14,,99,,1,21,121.5284967,25.14191803
113,3,13,8,50,2,09北投區,北投區行義路(燈桿1206165),0,0,1,2,B03,8,6,5,50,14,9,1,5,4,5,13,4,4,9,4,5,1,11,1,71,3,10,7,1,7,9,1,8,1,7,,44,,1,21,121.5284967,25.14191803
113,3,13,8,54,2,12內湖區,內湖區康寧路3段與安康路口南湖大橋,0,0,1,1,B03,8,6,5,50,3,2,1,5,4,5,13,1,1,1,4,5,2,12,1,53,3,10,7,1,7,6,1,8,1,6,,9,,1,21,121.610997,25.06491743
113,3,13,8,54,2,12內湖區,內湖區康寧路3段與安康路口南湖大橋,0,0,1,2,C03,8,6,5,50,3,2,1,5,4,5,13,1,1,1,4,5,2,12,1,34,2,8,5,1,7,9,1,10,1,11,,44,,1,21,121.610997,25.06491743
113,3,13,9,40,2,09北投區,北投區西安街2段215號前,0,0,1,1,B01,8,6,5,50,14,9,1,5,4,5,13,4,4,10,4,5,2,12,1,57,3,10,7,1,7,8,1,4,2,2,,100,,1,21,121.5095168,25.1199851
113,3,13,9,40,2,09北投區,北投區西安街2段215號前,0,0,1,2,F01,8,6,5,50,14,9,1,5,4,5,13,4,4,10,4,5,2,12,2,49,2,9,4,1,7,9,8,20,2,14,,44,,1,21,121.5095168,25.1199851
113,3,13,9,42,2,02萬華區,萬華區環河南路1段288號,0,0,1,1,C03,7,6,5,50,14,9,1,5,4,5,13,4,4,3,3,5,2,13,1,78,3,10,3,4,7,8,1,10,9,13,,100,,2,22,121.4957552,25.03695928
113,3,13,9,42,2,02萬華區,萬華區環河南路1段288號,0,0,1,2,C03,7,6,5,50,14,9,1,5,4,5,13,4,4,3,3,5,2,13,1,18,2,9,3,4,7,9,1,10,1,11,,44,,1,22,121.4957552,25.03695928
113,3,13,9,44,2,03中山區,中山區建國北路2段123號,0,0,2,1,C03,7,7,5,50,14,9,1,5,4,5,13,1,1,1,3,5,1,17,1,31,2,7,6,1,7,9,1,10,1,12,,44,,1,21,121.5370648,25.05985189
113,3,13,9,44,2,03中山區,中山區建國北路2段123號,0,0,2,2,F01,7,7,5,50,14,9,1,5,4,5,13,1,1,1,3,5,1,17,1,78,2,1,4,1,7,5,8,20,1,14,,8,,1,21,121.5370648,25.05985189
113,3,13,9,50,2,04大安區,大安區仁愛路3段53號,0,0,1,1,B03,8,6,5,50,14,9,1,5,4,5,13,4,4,10,4,5,1,12,1,43,3,10,3,4,7,1,1,8,1,7,,19,,1,21,121.5367578,25.0384774
113,3,13,9,50,2,04大安區,大安區仁愛路3段53號,0,0,1,2,C03,8,6,5,50,14,9,1,5,4,5,13,4,4,10,4,5,1,12,1,39,2,9,6,4,7,9,1,10,1,11,,13,,1,21,121.5367578,25.0384774
113,3,13,9,53,2,04大安區,大安區忠孝東路4段128號,0,0,1,1,B12,8,6,8,50,14,9,1,5,4,5,13,4,4,9,4,5,1,12,1,62,3,10,3,4,7,9,1,8,1,2,,108,,1,21,121.5476053,25.041464
113,3,13,9,53,2,04大安區,大安區忠孝東路4段128號,0,0,1,2,F03,8,6,8,50,14,9,1,5,4,5,13,4,4,9,4,5,1,12,1,35,2,9,4,1,7,9,8,20,1,14,,5,,1,21,121.5476053,25.041464
113,3,13,9,57,2,02萬華區,萬華區桂林路154號,0,0,2,1,C03,7,6,5,50,14,7,1,5,4,5,13,4,4,5,5,4,2,12,1,67,2,9,6,1,7,7,1,10,1,14,,100,,1,21,121.4979811,25.0385169
113,3,13,9,57,2,02萬華區,萬華區桂林路154號,0,0,2,2,B03,7,6,5,50,14,7,1,5,4,5,13,4,4,5,5,4,2,12,1,58,3,10,7,1,7,9,1,8,1,2,,44,,1,21,121.4979811,25.0385169
113,3,13,9,57,2,02萬華區,萬華區桂林路154號,0,0,2,3,H02,7,6,5,50,14,7,1,5,4,5,13,4,4,5,5,4,2,12,2,53,2,9,7,5,7,17,8,20,10,16,,67,,1,21,121.4979811,25.0385169
113,3,13,10,23,2,12內湖區,內湖區內湖路1段381號,0,0,2,1,F01,8,7,8,0,14,25,4,5,4,5,13,4,4,10,5,5,2,2,1,30,2,9,4,1,7,9,8,20,1,11,,108,,1,21,121.5698847,25.0820312
113,3,13,10,23,2,12內湖區,內湖區內湖路1段381號,0,0,2,2,H01,8,7,8,0,14,25,4,5,4,5,13,4,4,10,5,5,2,2,1,62,2,9,4,5,8,16,8,20,10,16,,67,,1,21,121.5698847,25.0820312
113,3,13,10,25,2,01大同區,大同區延平北路3段與延平北路3段61巷口,0,0,2,1,C03,8,6,5,50,3,1,1,5,4,5,13,4,4,5,4,5,2,13,1,22,2,9,6,4,7,9,1,10,1,11,,16,,1,22,121.5110624,25.0656752
113,3,13,10,25,2,01大同區,大同區延平北路3段與延平北路3段61巷口,0,0,2,2,C03,8,6,5,50,3,1,1,5,4,5,13,4,4,5,4,5,2,13,2,51,2,9,5,4,7,15,1,10,1,13,,44,,1,22,121.5110624,25.0656752
113,3,13,10,28,2,03中山區,中山區北安路458巷41弄55號,0,0,1,1,B02,8,5,5,50,14,9,1,5,4,5,13,4,4,9,4,5,2,16,2,37,3,10,7,1,7,11,1,15,1,5,,10,,1,21,121.5467384,25.07942347
113,3,13,10,28,2,03中山區,中山區北安路458巷41弄55號,0,0,1,2,C03,8,5,5,50,14,9,1,5,4,5,13,4,4,9,4,5,2,16,2,31,2,9,6,1,7,9,1,10,1,14,,44,,1,21,121.5467384,25.07942347
113,3,13,10,31,2,09北投區,北投區致遠一路1段94號,0,0,2,1,C03,8,6,5,30,14,9,1,5,4,5,13,4,4,9,4,5,2,16,2,35,2,8,5,1,7,5,1,10,1,14,,44,,1,21,121.515184,25.1095948
113,3,13,10,31,2,09北投區,北投區致遠一路1段94號,0,0,2,2,C03,8,6,5,30,14,9,1,5,4,5,13,4,4,9,4,5,2,16,1,22,2,7,5,1,7,9,1,10,1,11,,44,,1,21,121.515184,25.1095948
113,3,13,10,39,2,12內湖區,內湖區安康路250號與永保街口,0,0,1,1,B12,8,7,5,30,3,1,1,5,4,5,13,4,4,5,5,5,2,16,1,72,3,10,7,1,7,11,1,8,1,6,,80,,1,21,121.6044473,25.06418888
113,3,13,10,39,2,12內湖區,內湖區安康路250號與永保街口,0,0,1,2,C03,8,7,5,30,3,1,1,5,4,5,13,4,4,5,5,5,2,16,1,19,2,7,6,1,7,9,1,10,1,12,,108,,1,21,121.6044473,25.06418888
113,3,13,10,45,2,07信義區,信義區崇德街與嘉興街口,0,0,1,1,B03,8,6,6,50,4,18,1,5,4,5,13,3,1,9,5,5,2,3,1,52,3,10,7,1,7,9,1,8,9,1,,70,,1,21,121.5554772,25.0240739
113,3,13,10,45,2,07信義區,信義區崇德街與嘉興街口,0,0,1,2,H01,8,6,6,50,4,18,1,5,4,5,13,3,1,9,5,5,2,3,2,62,2,9,4,5,8,16,8,20,10,16,,67,,1,21,121.5554772,25.0240739
113,3,13,10,47,2,11南港區,南港區忠孝東路6段與玉成街口,0,0,2,1,C03,8,6,5,50,3,2,1,5,4,5,13,2,1,1,4,5,2,16,1,25,2,7,5,1,7,9,1,10,1,12,,108,,1,21,121.5833612,25.0461178
113,3,13,10,47,2,11南港區,南港區忠孝東路6段與玉成街口,0,0,2,2,C03,8,6,5,50,3,2,1,5,4,5,13,2,1,1,4,5,2,16,1,27,2,9,5,1,7,9,1,10,1,14,,44,,1,21,121.5833612,25.0461178
113,3,13,11,5,2,04大安區,大安區復興南路1段與大安路1段116巷口,0,0,1,1,B03,8,6,5,50,4,1,1,5,4,5,13,2,1,1,4,5,1,16,2,49,3,10,3,4,7,5,1,8,1,2,,71,,1,21,121.543827,25.039852
113,3,13,11,5,2,04大安區,大安區復興南路1段與大安路1段116巷口,0,0,1,2,C03,8,6,5,50,4,1,1,5,4,5,13,2,1,1,4,5,1,16,1,26,2,7,5,1,7,9,1,10,1,11,,44,,1,21,121.543827,25.039852
113,3,13,11,20,2,02萬華區,萬華區艋舺大道與西園路2段口,0,0,2,1,C03,8,5,5,50,4,1,1,5,4,5,13,2,1,1,3,5,1,16,1,23,2,9,3,4,7,5,1,10,1,12,,96,,1,22,121.4981345,25.0331201
113,3,13,11,20,2,02萬華區,萬華區艋舺大道與西園路2段口,0,0,2,2,B01,8,5,5,50,4,1,1,5,4,5,13,2,1,1,3,5,1,16,1,33,2,1,3,4,7,11,1,4,1,4,,44,,1,22,121.4981345,25.0331201
113,3,13,11,20,2,09北投區,北投區大業路與洲美快速道路口,0,0,1,1,C03,8,6,5,50,5,1,1,5,4,5,13,1,1,10,5,5,2,16,1,26,2,9,5,1,7,5,1,10,1,11,,8,,1,21,121.4996042,25.12084
113,3,13,11,20,2,09北投區,北投區大業路與洲美快速道路口,0,0,1,2,B02,8,6,5,50,5,1,1,5,4,5,13,1,1,10,5,5,2,16,1,49,3,10,7,1,7,9,1,8,1,5,,44,,1,21,121.4996042,25.12084
113,3,13,11,24,2,06松山區,松山區光復北路11巷31號,0,0,1,1,B03,8,5,5,30,14,9,1,5,4,5,13,4,4,9,5,5,2,16,2,65,3,10,7,1,7,6,1,8,1,2,,9,,1,21,121.5591325,25.04958676
113,3,13,11,24,2,06松山區,松山區光復北路11巷31號,0,0,1,2,C03,8,5,5,30,14,9,1,5,4,5,13,4,4,9,5,5,2,16,1,65,2,9,5,1,7,9,1,10,1,15,,108,,1,21,121.5591325,25.04958676
113,3,13,11,26,2,02萬華區,萬華區萬大路與萬大路186巷口口,0,0,2,1,C03,8,6,5,30,3,2,1,5,4,5,11,1,1,8,3,5,1,17,2,67,2,9,3,4,7,5,3,18,1,11,,98,,1,21,121.500166,25.0278314
113,3,13,11,26,2,02萬華區,萬華區萬大路與萬大路186巷口口,0,0,2,2,C03,8,6,5,30,3,2,1,5,4,5,11,1,1,8,3,5,1,17,1,68,2,9,3,4,7,9,1,9,1,11,,13,,1,21,121.500166,25.0278314
113,3,13,11,32,2,09北投區,北投區公館路與公館路130巷口,0,0,1,1,B12,8,6,5,30,3,2,1,5,4,5,13,4,4,9,5,5,2,17,1,30,3,10,7,1,7,5,1,8,2,17,,72,,1,27,121.5053623,25.1295335
113,3,13,11,32,2,09北投區,北投區公館路與公館路130巷口,0,0,1,2,C03,8,6,5,30,3,2,1,5,4,5,13,4,4,9,5,5,2,17,1,69,2,9,6,1,7,9,1,10,2,14,,42,,1,22,121.5053623,25.1295335
113,3,13,11,35,2,08士林區,士林區至善路1段與福林路口,0,0,1,1,B12,8,7,5,50,3,1,1,5,4,5,13,1,1,1,4,5,2,16,1,58,3,10,7,1,7,5,1,8,1,2,,17,,1,21,121.5363884,25.09928744
113,3,13,11,35,2,08士林區,士林區至善路1段與福林路口,0,0,1,2,C03,8,7,5,50,3,1,1,5,4,5,13,1,1,1,4,5,2,16,1,84,2,9,6,1,7,5,1,10,1,14,,17,,1,21,121.5363884,25.09928744
113,3,13,11,36,2,08士林區,士林區基河路240巷與士商路口,0,0,2,1,B03,8,7,5,50,3,1,1,5,4,5,13,2,1,4,5,5,1,17,1,44,3,10,7,1,7,6,1,8,1,5,,9,,1,21,121.5205197,25.0901485
113,3,13,11,36,2,08士林區,士林區基河路240巷與士商路口,0,0,2,2,C03,8,7,5,50,3,1,1,5,4,5,13,2,1,4,5,5,1,17,1,58,2,9,5,1,7,9,1,10,1,11,,44,,1,21,121.5205197,25.0901485
113,3,13,11,36,2,08士林區,士林區基河路240巷與士商路口,0,0,2,3,H02,8,7,5,50,3,1,1,5,4,5,13,2,1,4,5,5,1,17,1,25,2,9,5,5,7,20,8,20,10,16,,67,,1,21,121.5205197,25.0901485
113,3,13,11,56,2,11南港區,南港區忠孝東路6段與忠孝東路6段110巷口口,0,0,2,1,B03,8,6,5,30,4,1,1,5,4,5,13,4,4,10,5,5,2,16,1,44,3,10,7,1,7,6,1,3,1,5,,80,,1,21,121.5845179,25.04736113
113,3,13,11,56,2,11南港區,南港區忠孝東路6段與忠孝東路6段110巷口口,0,0,2,2,F02,8,6,5,30,4,1,1,5,4,5,13,4,4,10,5,5,2,16,2,28,2,9,4,1,7,9,8,20,1,11,,99,,1,21,121.5845179,25.04736113
113,3,13,11,56,2,11南港區,南港區忠孝東路6段與忠孝東路6段110巷口口,0,0,2,3,H02,8,6,5,30,4,1,1,5,4,5,13,4,4,10,5,5,2,16,2,39,2,2,7,5,7,20,8,20,10,16,,67,,1,21,121.5845179,25.04736113
113,3,13,11,58,2,01大同區,大同區延平北路2段272巷與安西街口,0,0,1,1,C03,8,6,5,30,4,1,1,5,4,5,13,4,4,10,3,5,1,15,2,61,2,9,6,1,7,9,1,10,1,11,,75,,1,21,121.5097691,25.06213029
113,3,13,11,58,2,01大同區,大同區延平北路2段272巷與安西街口,0,0,1,2,B12,8,6,5,30,4,1,1,5,4,5,13,4,4,10,3,5,1,15,1,43,3,10,7,1,7,9,1,8,1,4,,108,,1,21,121.5097691,25.06213029
113,3,13,12,3,2,02萬華區,萬華區雙園街與雙園街152巷口,0,0,1,1,C03,8,5,5,30,4,1,1,5,4,5,13,4,4,10,5,5,1,16,2,33,2,9,3,4,7,6,1,10,1,14,,72,,1,22,121.4919625,25.0316538
113,3,13,12,3,2,02萬華區,萬華區雙園街與雙園街152巷口,0,0,1,2,B01,8,5,5,30,4,1,1,5,4,5,13,4,4,10,5,5,1,16,1,33,3,10,3,4,7,9,1,4,1,2,,14,,1,22,121.4919625,25.0316538
113,3,13,12,3,2,08士林區,士林區基河路12號前,0,0,1,1,C04,8,6,5,50,14,9,1,5,4,5,13,4,4,10,4,5,1,13,2,46,2,1,5,1,7,9,1,10,1,11,,16,,1,21,121.5241356,25.0817607
113,3,13,12,3,2,08士林區,士林區基河路12號前,0,0,1,2,C03,8,6,5,50,14,9,1,5,4,5,13,4,4,10,4,5,1,13,2,43,3,10,5,1,7,14,1,10,1,13,,44,,1,21,121.5241356,25.0817607
113,3,13,12,3,2,08士林區,士林區基河路12號前,0,0,1,3,B03,8,6,5,50,14,9,1,5,4,5,13,4,4,10,4,5,1,13,2,53,3,10,7,1,7,9,1,8,1,17,,44,,1,21,121.5241356,25.0817607
113,3,13,12,3,2,08士林區,士林區基河路12號前,0,0,1,4,B03,8,6,5,50,14,9,1,5,4,5,13,4,4,10,4,5,1,13,2,47,3,10,7,1,7,3,1,8,1,17,,44,,1,21,121.5241356,25.0817607
113,3,13,12,8,2,08士林區,士林區通河西街2段堤外棒球場前,0,0,2,1,C03,8,5,5,50,14,9,1,5,4,5,13,4,4,5,5,5,1,17,1,17,2,9,5,1,7,9,2,18,1,11,,42,,1,21,121.5031068,25.0937473
113,3,13,12,8,2,08士林區,士林區通河西街2段堤外棒球場前,0,0,2,2,C03,8,5,5,50,14,9,1,5,4,5,13,4,4,5,5,5,1,17,1,20,2,9,5,1,7,9,1,10,1,11,,44,,1,21,121.5031068,25.0937473
113,3,13,12,10,2,06松山區,松山區塔悠路12號,0,0,1,1,B01,8,6,5,50,14,9,1,5,4,5,13,1,1,9,4,4,1,12,1,57,3,10,7,4,7,9,1,4,1,2,,108,,1,22,121.571674,25.05034708
113,3,13,12,10,2,06松山區,松山區塔悠路12號,0,0,1,2,C03,8,6,5,50,14,9,1,5,4,5,13,1,1,9,4,4,1,12,1,51,2,8,6,4,7,15,1,10,1,14,,17,,1,22,121.571674,25.05034708
113,3,13,12,20,2,04大安區,大安區延吉街與延吉街97巷口,0,0,1,1,B03,8,6,5,30,4,1,1,5,4,5,13,2,1,9,2,5,1,17,1,50,3,10,3,4,7,6,1,8,1,8,,4,,1,21,121.5538773,25.043798
113,3,13,12,20,2,04大安區,大安區延吉街與延吉街97巷口,0,0,1,2,C03,8,6,5,30,4,1,1,5,4,5,13,2,1,9,2,5,1,17,2,39,2,8,5,1,7,5,1,10,1,14,,17,,1,21,121.5538773,25.043798
113,3,13,13,12,2,12內湖區,內湖區星雲街與星雲街138巷口,0,0,1,1,C03,8,7,5,50,3,2,1,5,4,5,13,1,1,5,5,5,2,13,1,49,3,10,6,1,7,9,6,10,11,11,,16,,2,21,121.5948485,25.0798464
113,3,13,13,12,2,12內湖區,內湖區星雲街與星雲街138巷口,0,0,1,2,C03,8,7,5,50,3,2,1,5,4,5,13,1,1,5,5,5,2,13,1,49,2,9,5,1,7,9,1,10,1,13,,44,,1,21,121.5948485,25.0798464
113,3,13,13,12,2,12內湖區,內湖區星雲街與星雲街138巷口,0,0,1,3,B01,8,7,5,50,3,2,1,5,4,5,13,1,1,5,5,5,2,13,1,69,3,10,7,1,7,11,1,4,1,17,,10,,1,21,121.5948485,25.0798464
113,3,13,13,13,2,04大安區,大安區市民大道3段與建國南路1段口,0,0,1,1,C03,8,7,5,50,4,2,1,5,4,5,13,2,1,8,3,5,1,17,1,24,3,10,5,1,7,12,1,10,1,11,,16,,1,21,121.5363453,25.0448633
113,3,13,13,13,2,04大安區,大安區市民大道3段與建國南路1段口,0,0,1,3,C03,8,7,5,50,4,2,1,5,4,5,13,2,1,8,3,5,1,17,1,35,2,8,5,1,7,15,1,10,1,14,,44,,1,26,121.5363453,25.0448633
113,3,13,13,13,2,04大安區,大安區市民大道3段與建國南路1段口,0,0,1,2,B01,8,7,5,50,4,2,1,5,4,5,13,2,1,8,3,5,1,17,1,64,3,10,7,1,7,12,1,4,1,3,,44,,1,26,121.5363453,25.0448633
113,3,13,13,17,2,05中正區,中正區中華路1段與武昌街1段口,0,0,2,1,C03,8,5,5,50,4,1,1,5,4,5,13,1,1,1,4,1,2,13,1,45,2,9,5,1,7,9,1,10,2,11,,108,,1,21,121.5090759,25.0441497
113,3,13,13,17,2,05中正區,中正區中華路1段與武昌街1段口,0,0,2,2,C03,8,5,5,50,4,1,1,5,4,5,13,1,1,1,4,1,2,13,1,61,2,8,5,1,7,9,1,10,2,12,,44,,1,21,121.5090759,25.0441497
113,3,13,14,18,2,05中正區,中正區和平西路1段120號對面,0,0,1,1,C03,8,6,5,50,14,9,1,5,4,5,13,4,4,1,4,5,1,17,1,22,2,7,6,1,7,7,1,10,1,14,,100,,1,21,121.5171154,25.02705151
113,3,13,14,18,2,05中正區,中正區和平西路1段120號對面,0,0,1,2,B03,8,6,5,50,14,9,1,5,4,5,13,4,4,1,4,5,1,17,1,36,3,10,7,1,7,9,1,8,1,2,,44,,1,21,121.5171154,25.02705151
113,3,13,15,13,2,07信義區,信義區松山路655號,0,0,1,1,B03,8,7,5,50,14,9,1,5,4,5,13,4,4,10,5,5,2,17,1,47,3,10,7,1,7,1,1,8,2,8,,19,,1,21,121.5799038,25.03521285
113,3,13,15,13,2,07信義區,信義區松山路655號,0,0,1,2,C03,8,7,5,50,14,9,1,5,4,5,13,4,4,10,5,5,2,17,2,57,2,9,5,1,7,9,1,10,2,12,,44,,1,21,121.5799038,25.03521285
113,3,13,16,14,2,12內湖區,內湖區民權大橋往西,0,0,2,1,C03,8,6,5,30,14,11,1,5,4,5,13,4,4,1,4,5,2,13,1,65,2,9,5,1,7,9,1,10,1,11,,108,,1,21,121.570003,25.06448135
113,3,13,16,14,2,12內湖區,內湖區民權大橋往西,0,0,2,2,C03,8,6,5,30,14,11,1,5,4,5,13,4,4,1,4,5,2,13,2,32,2,9,5,1,7,9,1,10,1,13,,44,,1,21,121.570003,25.06448135
113,3,13,16,35,2,08士林區,士林區福華路與德行西路口,0,0,1,1,B01,8,6,5,50,4,2,1,5,4,5,13,1,1,10,4,5,1,17,1,44,3,10,7,1,7,1,1,4,1,8,,108,,1,21,121.5219749,25.1046271
113,3,13,16,35,2,08士林區,士林區福華路與德行西路口,0,0,1,2,C03,8,6,5,50,4,2,1,5,4,5,13,1,1,10,4,5,1,17,1,47,2,9,6,1,7,14,1,10,1,13,,44,,1,21,121.5219749,25.1046271
113,3,13,16,35,2,08士林區,士林區福華路與德行西路口,0,0,1,3,C03,8,6,5,50,4,2,1,5,4,5,13,1,1,10,4,5,1,17,1,41,3,10,6,1,7,14,1,10,1,13,,44,,1,21,121.5219749,25.1046271
113,3,13,16,35,2,08士林區,士林區福華路與德行西路口,0,0,1,4,C03,8,6,5,50,4,2,1,5,4,5,13,1,1,10,4,5,1,17,1,62,3,10,6,1,7,14,1,10,1,13,,44,,1,21,121.5219749,25.1046271
113,3,13,16,38,2,02萬華區,萬華區西藏路125巷9號,0,0,1,1,C03,8,6,5,30,14,9,1,5,4,5,13,4,4,10,5,5,2,17,2,42,2,8,6,1,7,1,1,10,1,14,,19,,1,21,121.5029114,25.0273195
113,3,13,16,38,2,02萬華區,萬華區西藏路125巷9號,0,0,1,2,C03,8,6,5,30,14,9,1,5,4,5,13,4,4,10,5,5,2,17,1,75,3,10,6,1,7,9,1,10,1,12,,108,,1,21,121.5029114,25.0273195
113,3,13,16,38,2,09北投區,北投區崇仁路1段與崇仁路1段80巷口,0,0,2,1,F01,7,6,5,30,4,1,1,5,4,5,13,4,4,9,4,5,1,15,1,90,2,9,4,1,7,9,8,20,1,11,,44,,1,21,121.5015978,25.12597672
113,3,13,16,38,2,09北投區,北投區崇仁路1段與崇仁路1段80巷口,0,0,2,2,C03,7,6,5,30,4,1,1,5,4,5,13,4,4,9,4,5,1,15,1,18,2,8,5,1,7,9,1,10,1,11,,75,,1,21,121.5015978,25.12597672
113,3,13,16,55,2,03中山區,中山區錦州街241巷與錦州街口,0,0,1,1,H01,8,7,5,50,4,1,1,5,4,5,13,4,4,9,4,5,2,9,2,28,3,10,4,5,8,16,8,20,1,16,,121,,1,21,121.5337903,25.06035
113,3,13,16,55,2,03中山區,中山區錦州街241巷與錦州街口,0,0,1,2,C03,8,7,5,50,4,1,1,5,4,5,13,4,4,9,4,5,2,9,1,41,2,9,5,1,7,9,1,10,1,11,,13,,1,21,121.5337903,25.06035
113,3,13,17,4,2,02萬華區,萬華區萬大路425號,0,0,1,1,B03,8,6,5,30,14,9,1,5,4,5,13,4,4,1,4,5,2,12,1,47,3,10,3,4,7,9,1,8,1,5,,108,,1,22,121.4991245,25.0217951
113,3,13,17,4,2,02萬華區,萬華區萬大路425號,0,0,1,2,C03,8,6,5,30,14,9,1,5,4,5,13,4,4,1,4,5,2,12,2,26,2,8,6,1,7,9,1,10,1,14,,101,,1,22,121.4991245,25.0217951
113,3,13,18,9,2,11南港區,南港區成福路與成福路207巷口,0,0,1,1,B03,8,6,5,50,4,1,1,5,4,5,13,4,4,4,5,5,2,16,2,45,3,10,7,1,7,5,1,8,9,8,,44,,1,21,121.5889109,25.040171
113,3,13,18,9,2,11南港區,南港區成福路與成福路207巷口,0,0,1,2,C03,8,6,5,50,4,1,1,5,4,5,13,4,4,4,5,5,2,16,1,38,2,9,5,1,7,9,1,10,9,12,,4,,1,21,121.5889109,25.040171
113,3,13,18,25,2,07信義區,信義區忠孝東路5段8號,0,0,1,1,A02,7,5,5,50,14,9,1,5,4,5,13,4,4,10,5,5,2,9,1,62,3,10,7,1,7,8,1,2,1,6,,44,,1,21,121.5652529,25.0410346
113,3,13,18,25,2,07信義區,信義區忠孝東路5段8號,0,0,1,2,H01,7,5,5,50,14,9,1,5,4,5,13,4,4,10,5,5,2,9,2,31,2,9,4,5,8,20,8,20,10,16,,60,,1,21,121.5652529,25.0410346
113,3,13,18,58,2,07信義區,信義區松仁路與松平路口,0,0,1,1,B03,8,5,5,50,4,1,1,5,4,5,13,2,1,9,4,5,2,15,2,47,3,10,7,1,7,15,1,8,1,6,,80,,1,21,121.5682967,25.0304459
113,3,13,18,58,2,07信義區,信義區松仁路與松平路口,0,0,1,2,C03,8,5,5,50,4,1,1,5,4,5,13,2,1,9,4,5,2,15,1,42,2,7,5,1,7,9,1,10,1,11,,118,,1,21,121.5682967,25.0304459
113,3,13,19,12,2,08士林區,士林區中山北路5段與劍潭路口,0,0,1,1,C03,7,5,5,50,3,3,1,5,4,5,13,2,1,1,5,1,2,16,2,33,2,9,5,1,7,6,1,10,1,11,,9,,1,21,121.5255945,25.0839982
113,3,13,19,12,2,08士林區,士林區中山北路5段與劍潭路口,0,0,1,2,C03,7,5,5,50,3,3,1,5,4,5,13,2,1,1,5,1,2,16,1,21,3,10,5,1,7,9,1,10,1,14,,44,,1,21,121.5255945,25.0839982
113,3,13,19,27,2,12內湖區,內湖區民權東路6段138號,0,0,1,1,B03,8,5,5,50,14,9,1,5,4,5,13,2,1,1,4,5,1,13,1,38,3,10,7,1,7,9,1,8,2,1,,16,,1,21,121.5888158,25.0689809
113,3,13,19,27,2,12內湖區,內湖區民權東路6段138號,0,0,1,2,C01,8,5,5,50,14,9,1,5,4,5,13,2,1,1,4,5,1,13,1,49,2,9,5,1,7,9,1,9,2,13,,44,,1,21,121.5888158,25.0689809
113,3,13,19,27,2,12內湖區,內湖區民權東路6段138號,0,0,1,3,B03,8,5,5,50,14,9,1,5,4,5,13,2,1,1,4,5,1,13,2,49,3,10,7,1,7,9,1,8,2,3,,44,,1,21,121.5888158,25.0689809
113,3,13,19,51,2,07信義區,信義區吳興街191號,0,0,1,1,B03,7,5,5,30,14,9,1,5,4,5,13,4,4,5,5,5,2,2,2,49,3,10,3,4,7,9,1,8,1,1,,44,,1,22,121.562545,25.028459
113,3,13,19,51,2,07信義區,信義區吳興街191號,0,0,1,2,H01,7,5,5,30,14,9,1,5,4,5,13,4,4,5,5,5,2,2,2,23,2,8,4,5,8,16,8,20,10,16,,121,,1,22,121.562545,25.028459
113,3,13,19,53,2,05中正區,中正區貴陽街1段與桃源街口,0,0,1,1,C03,8,5,5,50,4,1,1,5,4,5,13,2,1,5,4,5,2,16,1,53,2,9,6,1,7,4,1,10,2,12,,108,,1,22,121.5101242,25.03906044