發生年度,發生月,發生日,發生時-Hours,發生分,處理別-編號,區序,肇事地點,死亡人數,2-30日死亡人數,受傷人數,當事人序號,車種,天候,道路照明設備,道路類別,速限-速度限制,道路型態,事故位置,路面狀況1,路面狀況2,路面狀況3,道路障礙1,道路障礙2,號誌1,號誌2,車道劃分-分向,車道劃分-分道1,車道劃分-分道2,車道劃分-分道3,事故類型及型態,性別,年齡,受傷程度,主要傷處,保護裝置,行動電話,車輛用途,當事者行動狀態,駕駛資格情形,駕駛執照種類,飲酒情形,車輛撞擊部位1,車輛撞擊部位2,肇因碼-個別,肇因碼-主要,個人肇逃否,職業,座標-X,座標-Y
113,3,13,19,53,2,05中正區,中正區貴陽街1段與桃源街口,0,0,1,2,B01,8,5,5,50,4,1,1,5,4,5,13,2,1,5,4,5,2,16,1,60,3,10,7,1,7,5,1,8,2,4,,8,,1,22,121.5101242,25.03906044
113,3,13,19,59,2,03中山區,中山區市民大道3段與八德路2段口,0,0,2,1,B01,7,5,5,40,14,9,1,5,4,5,13,1,1,5,4,1,2,16,1,39,3,10,3,4,7,8,1,4,2,6,,100,,1,21,121.5347626,25.0451723
113,3,13,19,59,2,03中山區,中山區市民大道3段與八德路2段口,0,0,2,2,C03,7,5,5,40,14,9,1,5,4,5,13,1,1,5,4,1,2,16,1,22,2,9,3,4,7,9,1,10,2,14,,13,,1,21,121.5347626,25.0451723
113,3,13,19,59,2,03中山區,中山區市民大道3段與八德路2段口,0,0,2,3,H02,7,5,5,40,14,9,1,5,4,5,13,1,1,5,4,1,2,16,1,33,2,9,3,5,7,21,8,20,10,16,,67,,1,21,121.5347626,25.0451723
113,3,13,20,12,2,11南港區,南港區市民大道8段與興中路口,0,0,1,1,C03,8,5,5,50,4,1,1,5,4,5,13,2,1,5,2,5,2,17,1,32,2,7,5,1,7,9,1,10,9,14,,99,,1,22,121.6076061,25.0533508
113,3,13,20,12,2,11南港區,南港區市民大道8段與興中路口,0,0,1,2,C03,8,5,5,50,4,1,1,5,4,5,13,2,1,5,2,5,2,17,1,17,3,10,5,1,7,5,2,18,9,17,,44,,1,22,121.6076061,25.0533508
113,3,13,21,15,2,12內湖區,內湖區南京東路6段與新明路298巷口,0,0,2,1,C03,8,5,5,50,4,2,1,5,4,5,13,1,1,10,5,5,2,17,1,44,2,9,6,1,7,9,6,18,1,11,,81,,1,21,121.5817121,25.05690104
113,3,13,21,15,2,12內湖區,內湖區南京東路6段與新明路298巷口,0,0,2,2,C03,8,5,5,50,4,2,1,5,4,5,13,1,1,10,5,5,2,17,2,33,2,9,6,1,7,9,1,10,1,11,,44,,1,21,121.5817121,25.05690104
113,3,13,21,59,2,02萬華區,萬華區康定路與廣州街口,0,0,1,1,B03,8,5,5,50,4,1,1,5,4,5,13,1,1,8,3,5,2,17,1,60,3,10,7,1,7,5,1,8,1,8,,44,,1,21,121.5014469,25.036621
113,3,13,21,59,2,02萬華區,萬華區康定路與廣州街口,0,0,1,2,B03,8,5,5,50,4,1,1,5,4,5,13,1,1,8,3,5,2,17,1,29,2,7,7,1,7,9,1,8,1,8,,107,,1,21,121.5014469,25.036621
113,3,13,22,20,2,02萬華區,萬華區長沙街2段與康定路口,0,0,1,1,B03,7,5,5,50,4,18,1,5,4,5,13,1,1,9,4,5,2,3,1,80,3,10,7,1,7,5,1,8,1,8,,70,,1,21,121.5020626,25.0404774
113,3,13,22,20,2,02萬華區,萬華區長沙街2段與康定路口,0,0,1,2,H01,7,5,5,50,4,18,1,5,4,5,13,1,1,9,4,5,2,3,2,20,2,8,4,5,8,16,8,20,10,16,,67,,1,21,121.5020626,25.0404774
113,3,13,22,23,2,03中山區,中山區中山北路1段與市民大道2段口,0,0,1,1,C03,7,5,5,50,14,9,1,5,4,5,13,1,1,4,4,1,2,16,1,18,3,10,3,4,7,6,1,10,1,12,,9,,1,21,121.5206718,25.0482659
113,3,13,22,23,2,03中山區,中山區中山北路1段與市民大道2段口,0,0,1,2,C03,7,5,5,50,14,9,1,5,4,5,13,1,1,4,4,1,2,16,1,26,2,8,3,4,7,9,1,10,1,11,,44,,1,21,121.5206718,25.0482659
113,3,13,22,40,2,12內湖區,內湖區民權東路6段190巷65弄第7車格,0,0,2,1,C03,8,5,5,30,14,9,1,5,4,5,13,4,4,10,5,5,2,13,1,42,2,8,5,1,7,3,1,10,1,13,,44,,1,21,121.5948124,25.06554272
113,3,13,22,40,2,12內湖區,內湖區民權東路6段190巷65弄第7車格,0,0,2,2,C03,8,5,5,30,14,9,1,5,4,5,13,4,4,10,5,5,2,13,1,41,2,9,5,1,7,9,1,10,1,11,,16,,1,21,121.5948124,25.06554272
113,3,13,22,40,2,12內湖區,內湖區民權東路6段190巷65弄第7車格,0,0,2,3,B03,8,5,5,30,14,9,1,5,4,5,13,4,4,10,5,5,2,13,2,38,3,10,3,4,7,13,1,8,1,4,,44,,1,21,121.5948124,25.06554272
113,3,13,22,54,2,08士林區,士林區中山北路6段77號,0,0,1,1,C03,7,5,5,50,14,8,1,5,4,5,13,4,4,1,4,4,2,17,2,20,3,10,5,1,7,8,1,10,1,17,,100,,1,21,121.5247597,25.10450619
113,3,13,22,54,2,08士林區,士林區中山北路6段77號,0,0,1,2,C03,7,5,5,50,14,8,1,5,4,5,13,4,4,1,4,4,2,17,1,26,2,9,5,1,7,9,1,10,1,17,,13,,1,21,121.5247597,25.10450619
113,3,14,0,14,2,06松山區,松山區八德路3段74巷與八德路3段12巷51弄口,0,0,1,1,C03,7,5,5,30,4,1,1,5,4,5,13,4,4,7,5,5,2,15,1,24,2,9,5,1,7,9,1,10,2,11,,14,,1,21,121.5524905,25.0461508
113,3,14,0,14,2,06松山區,松山區八德路3段74巷與八德路3段12巷51弄口,0,0,1,2,B01,7,5,5,30,4,1,1,5,4,5,13,4,4,7,5,5,2,15,1,23,3,10,7,1,7,9,1,8,2,4,,4,,1,21,121.5524905,25.0461508
113,3,14,2,58,2,02萬華區,萬華區東園街與萬大路口,0,0,1,1,B03,8,5,5,30,4,1,1,5,4,5,13,1,1,8,3,5,2,16,1,44,3,10,7,1,7,5,1,8,1,6,,44,,1,21,121.4986642,25.0215928
113,3,14,2,58,2,02萬華區,萬華區東園街與萬大路口,0,0,1,2,C03,8,5,5,30,4,1,1,5,4,5,13,1,1,8,3,5,2,16,1,24,2,8,5,1,7,9,1,10,1,11,,44,,1,21,121.4986642,25.0215928
113,3,14,6,5,2,04大安區,大安區建國南路1段與濟南路3段口,0,0,1,1,B01,8,5,5,50,3,1,1,5,4,5,13,2,1,1,4,5,2,16,1,54,3,10,7,1,7,5,1,4,1,1,,8,,1,21,121.538034,25.040282
113,3,14,6,5,2,04大安區,大安區建國南路1段與濟南路3段口,0,0,1,2,F01,8,5,5,50,3,1,1,5,4,5,13,2,1,1,4,5,2,16,1,66,2,9,4,1,7,9,8,20,1,14,,42,,1,21,121.538034,25.040282
113,3,14,7,20,2,11南港區,南港區惠民街67號,0,0,1,1,B03,8,7,5,30,14,9,1,5,4,5,13,4,4,5,4,5,2,16,1,42,3,10,7,1,7,6,1,8,2,2,,9,,1,21,121.6099873,25.0579686
113,3,14,7,20,2,11南港區,南港區惠民街67號,0,0,1,2,C03,8,7,5,30,14,9,1,5,4,5,13,4,4,5,4,5,2,16,2,55,2,8,5,1,7,9,1,10,2,14,,108,,1,21,121.6099873,25.0579686
113,3,14,7,30,2,05中正區,中正區博愛路與衡陽路口,0,0,1,1,C03,7,6,5,50,4,2,1,5,4,5,13,1,1,10,4,5,2,13,1,21,2,7,6,1,7,9,1,10,2,11,,44,,1,21,121.5117423,25.0422704
113,3,14,7,30,2,05中正區,中正區博愛路與衡陽路口,0,0,1,2,C03,7,6,5,50,4,2,1,5,4,5,13,1,1,10,4,5,2,13,1,31,3,10,6,1,7,9,1,10,2,13,,44,,1,21,121.5117423,25.0422704
113,3,14,7,40,2,01大同區,大同區延平北路2段與歸綏街口,0,0,2,1,C03,7,5,5,50,4,1,1,5,4,5,13,2,1,5,5,5,2,3,2,34,2,9,6,1,7,9,1,10,1,11,,70,,1,21,121.5114682,25.0580451
113,3,14,7,40,2,01大同區,大同區延平北路2段與歸綏街口,0,0,2,2,H01,7,5,5,50,4,1,1,5,4,5,13,2,1,5,5,5,2,3,1,38,2,9,4,5,8,16,8,20,10,16,,67,,1,21,121.5114682,25.0580451
113,3,14,7,55,2,03中山區,中山區龍江路415巷與民族東路512巷口,0,0,1,1,C03,8,7,5,30,4,1,1,5,4,5,13,4,4,9,4,5,2,17,2,68,2,9,5,1,7,6,1,10,1,14,,9,,1,21,121.5419749,25.0662346
113,3,14,7,55,2,03中山區,中山區龍江路415巷與民族東路512巷口,0,0,1,2,C03,8,7,5,30,4,1,1,5,4,5,13,4,4,9,4,5,2,17,2,69,3,10,5,1,7,9,1,10,1,12,,27,,1,21,121.5419749,25.0662346
113,3,14,7,58,2,09北投區,北投區承德路7段與無名巷口,0,0,1,1,B03,8,6,5,60,3,2,1,5,4,5,13,4,4,1,4,4,2,17,1,31,3,10,7,1,7,6,1,8,1,2,,9,,1,22,121.5067476,25.1145153
113,3,14,7,58,2,09北投區,北投區承德路7段與無名巷口,0,0,1,2,C03,8,6,5,60,3,2,1,5,4,5,13,4,4,1,4,4,2,17,1,23,2,9,6,1,7,9,1,10,1,14,,13,,1,22,121.5067476,25.1145153
113,3,14,8,2,2,01大同區,大同區重慶北路3段205巷與民族西路187巷口,0,0,2,1,C03,7,5,5,30,4,2,1,5,4,5,13,4,4,10,5,5,2,15,1,47,2,9,3,4,7,9,1,10,1,12,,72,,1,21,121.5149328,25.0700655
113,3,14,8,2,2,01大同區,大同區重慶北路3段205巷與民族西路187巷口,0,0,2,2,C03,7,5,5,30,4,2,1,5,4,5,13,4,4,10,5,5,2,15,2,73,2,9,3,4,7,9,1,10,1,14,,13,,1,21,121.5149328,25.0700655
113,3,14,8,2,2,01大同區,大同區重慶北路3段205巷與民族西路187巷口,0,0,2,3,C03,7,5,5,30,4,2,1,5,4,5,13,4,4,10,5,5,2,15,1,24,3,10,3,4,7,13,1,10,1,14,,38,,1,21,121.5149328,25.0700655
113,3,14,8,2,2,01大同區,大同區重慶北路3段205巷與民族西路187巷口,0,0,2,4,B12,7,5,5,30,4,2,1,5,4,5,13,4,4,10,5,5,2,15,1,51,3,10,3,4,7,13,1,8,1,17,,38,,1,21,121.5149328,25.0700655
113,3,14,8,11,2,03中山區,中山區新生北路2段與長春路口,0,0,1,1,B03,7,6,5,50,4,1,1,5,4,5,13,2,1,3,4,5,2,15,1,52,3,10,7,1,7,9,1,8,2,4,,81,,1,21,121.5277108,25.0549221
113,3,14,8,11,2,03中山區,中山區新生北路2段與長春路口,0,0,1,2,C03,7,6,5,50,4,1,1,5,4,5,13,2,1,3,4,5,2,15,1,41,2,9,6,1,7,9,1,10,2,11,,13,,1,21,121.5277108,25.0549221
113,3,14,8,13,2,08士林區,士林區百齡橋,0,0,1,1,C03,7,7,5,50,14,11,1,5,4,5,13,4,4,9,4,5,1,12,2,28,3,10,5,1,7,9,1,10,1,12,,108,,1,21,121.5142007,25.0893151
113,3,14,8,13,2,08士林區,士林區百齡橋,0,0,1,2,C03,7,7,5,50,14,11,1,5,4,5,13,4,4,9,4,5,1,12,2,67,2,9,5,1,7,9,1,10,1,14,,44,,1,21,121.5142007,25.0893151
113,3,14,8,25,2,12內湖區,內湖區堤頂大道2段407巷26號,0,0,1,1,C03,7,7,5,50,14,9,1,5,4,5,13,4,4,9,5,5,2,16,1,31,3,10,5,1,7,5,1,10,1,13,,8,,1,21,121.563994,25.0810128
113,3,14,8,25,2,12內湖區,內湖區堤頂大道2段407巷26號,0,0,1,2,C03,7,7,5,50,14,9,1,5,4,5,13,4,4,9,5,5,2,16,2,59,2,9,5,1,7,9,1,10,1,11,,44,,1,21,121.563994,25.0810128
113,3,14,8,35,2,05中正區,中正區市民大道2段與林森北路口,0,0,3,1,C03,7,6,5,40,4,1,1,5,4,5,13,1,1,1,4,5,2,16,2,23,2,9,6,1,7,5,1,10,2,14,,8,,1,22,121.5242105,25.0477105
113,3,14,8,35,2,05中正區,中正區市民大道2段與林森北路口,0,0,3,2,C03,7,6,5,40,4,1,1,5,4,5,13,1,1,1,4,5,2,16,1,29,2,9,6,1,7,9,1,10,2,11,,44,,1,22,121.5242105,25.0477105
113,3,14,8,35,2,05中正區,中正區市民大道2段與林森北路口,0,0,3,3,H02,7,6,5,40,4,1,1,5,4,5,13,1,1,1,4,5,2,16,2,26,2,9,6,5,7,17,8,20,10,16,,67,,1,22,121.5242105,25.0477105
113,3,14,8,46,2,12內湖區,內湖區民權東路6段15巷與瑞光路76巷口,0,0,1,1,C03,6,5,5,50,4,1,1,4,4,5,13,2,1,5,5,5,2,16,1,44,3,10,5,1,7,5,1,10,1,14,,8,,1,21,121.5786685,25.0683293
113,3,14,8,46,2,12內湖區,內湖區民權東路6段15巷與瑞光路76巷口,0,0,1,2,C03,6,5,5,50,4,1,1,4,4,5,13,2,1,5,5,5,2,16,1,43,2,9,5,1,7,9,1,10,1,12,,44,,1,21,121.5786685,25.0683293
113,3,14,8,50,2,06松山區,松山區南京東路4段56號,0,0,1,1,B03,7,6,5,40,14,8,1,5,4,5,13,4,4,1,4,4,2,14,1,44,3,10,7,1,7,2,1,8,2,8,,12,,1,22,121.5535198,25.05157858
113,3,14,8,50,2,06松山區,松山區南京東路4段56號,0,0,1,2,C03,7,6,5,40,14,8,1,5,4,5,13,4,4,1,4,4,2,14,1,32,2,8,6,1,7,9,1,10,2,12,,44,,1,22,121.5535198,25.05157858
113,3,14,9,2,2,04大安區,大安區羅斯福路3段與新生南路3段口,0,0,1,1,C03,8,5,5,50,4,2,1,5,4,5,13,1,1,1,5,1,2,17,2,27,2,9,5,1,7,9,1,10,1,11,,108,,1,21,121.5329425,25.0163975
113,3,14,9,2,2,04大安區,大安區羅斯福路3段與新生南路3段口,0,0,1,2,B03,8,5,5,50,4,2,1,5,4,5,13,1,1,1,5,1,2,17,1,41,3,10,7,1,7,9,1,8,1,3,,44,,1,21,121.5329425,25.0163975
113,3,14,9,27,2,08士林區,士林區中正路與志成街口口,0,0,2,1,C03,8,6,5,50,14,9,1,5,4,5,13,3,1,3,4,5,2,16,1,65,2,9,6,1,7,7,1,10,1,12,,100,,1,21,121.5302894,25.09617113
113,3,14,9,27,2,08士林區,士林區中正路與志成街口口,0,0,2,2,C03,8,6,5,50,14,9,1,5,4,5,13,3,1,3,4,5,2,16,1,22,2,9,6,1,7,9,1,10,1,14,,44,,1,21,121.5302894,25.09617113
113,3,14,9,30,2,03中山區,中山區復興北路478號,0,0,2,1,C03,8,7,5,50,14,9,1,5,4,5,13,4,4,9,4,5,2,17,1,69,2,9,5,1,7,7,1,10,1,14,,100,,1,21,121.5441907,25.06441473
113,3,14,9,30,2,03中山區,中山區復興北路478號,0,0,2,2,C03,8,7,5,50,14,9,1,5,4,5,13,4,4,9,4,5,2,17,1,28,2,9,5,1,7,9,1,10,1,12,,44,,1,21,121.5441907,25.06441473
113,3,14,9,32,2,11南港區,南港區南港路2段78號,0,0,1,1,C03,8,7,5,40,14,8,1,5,4,5,13,4,4,5,4,4,2,13,2,24,2,8,5,1,7,9,1,10,1,11,,16,,1,21,121.6039123,25.0538981
113,3,14,9,32,2,11南港區,南港區南港路2段78號,0,0,1,2,C03,8,7,5,40,14,8,1,5,4,5,13,4,4,5,4,4,2,13,1,53,3,10,5,1,7,9,1,10,1,13,,44,,1,21,121.6039123,25.0538981
113,3,14,9,44,2,03中山區,中山區中山北路2段與民生西路口,0,0,2,1,C03,8,7,5,50,4,1,1,5,4,5,13,2,1,9,4,5,2,17,1,20,2,9,5,1,7,8,1,10,1,12,,100,,1,21,121.522775,25.0578407
113,3,14,9,44,2,03中山區,中山區中山北路2段與民生西路口,0,0,2,2,C03,8,7,5,50,4,1,1,5,4,5,13,2,1,9,4,5,2,17,2,37,2,9,5,1,7,9,1,10,1,14,,16,,1,21,121.522775,25.0578407
113,3,14,9,50,2,07信義區,信義區松德路127號旁,0,0,1,1,B01,7,6,5,30,14,9,1,5,4,5,13,1,1,10,5,5,2,13,1,33,3,10,3,4,7,9,1,4,2,1,,108,,1,21,121.5750865,25.0373027
113,3,14,9,50,2,07信義區,信義區松德路127號旁,0,0,1,2,C03,7,6,5,30,14,9,1,5,4,5,13,1,1,10,5,5,2,13,2,69,2,8,5,1,7,14,3,18,2,13,,44,,1,22,121.5750865,25.0373027
113,3,14,10,10,2,06松山區,松山區南京東路5段233號,0,0,1,1,B01,7,6,5,50,14,9,1,5,4,5,13,4,4,3,4,5,2,17,1,63,3,10,7,1,7,7,1,4,2,17,,100,,1,22,121.5646254,25.05145342
113,3,14,10,10,2,06松山區,松山區南京東路5段233號,0,0,1,2,C03,7,6,5,50,14,9,1,5,4,5,13,4,4,3,4,5,2,17,2,69,2,9,5,1,7,9,3,18,2,17,,42,,1,22,121.5646254,25.05145342
113,3,14,10,20,2,11南港區,南港區松河街與南港路3段256巷口,0,0,1,1,B01,8,6,5,40,5,1,1,5,4,5,13,4,4,5,5,5,2,16,1,42,3,10,3,4,7,5,1,8,1,1,,74,,1,21,121.5833005,25.0528929
113,3,14,10,20,2,11南港區,南港區松河街與南港路3段256巷口,0,0,1,2,C03,8,6,5,40,5,1,1,5,4,5,13,4,4,5,5,5,2,16,1,24,2,8,5,1,7,9,1,10,1,11,,14,,1,21,121.5833005,25.0528929
113,3,14,10,29,2,09北投區,北投區光明路166-3號,0,0,1,2,C03,8,6,5,0,14,20,4,5,4,5,13,4,4,10,5,5,2,17,2,42,3,10,6,1,7,13,1,10,9,13,,38,,1,22,121.5026773,25.1351119
113,3,14,10,29,2,09北投區,北投區光明路166-3號,0,0,1,1,B12,8,6,5,0,14,20,4,5,4,5,13,4,4,10,5,5,2,17,1,24,3,10,7,1,7,3,1,8,2,6,,18,,1,21,121.5026773,25.1351119
113,3,14,10,29,2,09北投區,北投區光明路166-3號,0,0,1,3,C03,8,6,5,0,14,20,4,5,4,5,13,4,4,10,5,5,2,17,1,67,3,10,6,1,7,13,1,10,9,13,,38,,1,22,121.5026773,25.1351119
113,3,14,10,29,2,09北投區,北投區光明路166-3號,0,0,1,4,H01,8,6,5,0,14,20,4,5,4,5,13,4,4,10,5,5,2,17,2,73,2,9,4,5,8,17,8,20,10,16,,67,,1,22,121.5026773,25.1351119
113,3,14,10,30,2,03中山區,中山區市民大道3段159號,0,0,1,1,C03,7,7,5,40,14,9,1,5,4,5,13,4,4,1,4,5,2,12,2,72,3,10,3,4,7,8,1,10,1,12,,100,,1,21,121.5401526,25.0448275
113,3,14,10,30,2,03中山區,中山區市民大道3段159號,0,0,1,2,C03,7,7,5,40,14,9,1,5,4,5,13,4,4,1,4,5,2,12,2,26,2,8,6,4,7,9,1,9,1,14,,44,,1,21,121.5401526,25.0448275
113,3,14,10,45,2,05中正區,中正區重慶南路3段與汀州路2段口,0,0,1,1,B03,8,7,5,50,4,1,1,5,4,5,12,2,1,3,4,5,2,16,1,50,3,10,7,1,7,5,1,8,1,1,,80,,1,21,121.5162956,25.0257268
113,3,14,10,45,2,05中正區,中正區重慶南路3段與汀州路2段口,0,0,1,2,C03,8,7,5,50,4,1,1,5,4,5,12,2,1,3,4,5,2,16,1,22,2,9,5,1,7,9,1,9,1,11,,13,,1,21,121.5162956,25.0257268
113,3,14,10,51,2,09北投區,北投區西安街1段與石牌路1段166巷69弄口,0,0,2,2,C03,8,6,5,50,14,9,1,5,4,5,13,4,4,9,4,5,2,13,1,41,3,10,5,1,7,14,1,10,1,13,,44,,1,21,121.5158103,25.1137466
113,3,14,10,51,2,09北投區,北投區西安街1段與石牌路1段166巷69弄口,0,0,2,3,A11,8,6,5,50,14,9,1,5,4,5,13,4,4,9,4,5,2,13,1,30,3,10,3,4,7,15,1,3,9,17,,99,,2,21,121.5158103,25.1137466
113,3,14,10,51,2,09北投區,北投區西安街1段與石牌路1段166巷69弄口,0,0,2,4,H02,8,6,5,50,14,9,1,5,4,5,13,4,4,9,4,5,2,13,2,23,2,7,5,5,7,20,8,20,10,16,,67,,1,21,121.5158103,25.1137466
113,3,14,10,51,2,09北投區,北投區西安街1段與石牌路1段166巷69弄口,0,0,2,1,C03,8,6,5,50,14,9,1,5,4,5,13,4,4,9,4,5,2,13,1,20,2,7,5,1,7,9,1,10,1,11,,16,,1,21,121.5158103,25.1137466
113,3,14,11,0,2,05中正區,中正區開封街1段與延平南路口,0,0,2,1,C03,8,6,5,50,4,2,1,5,4,5,13,1,1,10,5,5,2,16,1,22,2,8,5,1,7,5,1,10,1,14,,8,,1,22,121.5107617,25.04597104
113,3,14,11,0,2,05中正區,中正區開封街1段與延平南路口,0,0,2,2,B02,8,6,5,50,4,2,1,5,4,5,13,1,1,10,5,5,2,16,1,49,3,10,2,1,7,9,1,8,1,2,,44,,1,22,121.5107617,25.04597104
113,3,14,11,0,2,05中正區,中正區開封街1段與延平南路口,0,0,2,3,H02,8,6,5,50,4,2,1,5,4,5,13,1,1,10,5,5,2,16,2,23,2,8,5,5,7,20,8,20,10,16,,67,,1,22,121.5107617,25.04597104
113,3,14,11,0,2,06松山區,松山區光復北路與南京東路5段23巷7弄口,0,0,1,1,C04,8,6,5,30,4,1,1,5,4,5,13,4,4,5,4,5,2,15,1,47,2,9,5,1,7,9,1,11,1,12,,72,,1,21,121.5571721,25.0521802
113,3,14,11,0,2,06松山區,松山區光復北路與南京東路5段23巷7弄口,0,0,1,2,B03,8,6,5,30,4,1,1,5,4,5,13,4,4,5,4,5,2,15,2,50,3,10,7,1,7,9,1,8,1,1,,14,,1,21,121.5571721,25.0521802
113,3,14,11,11,2,05中正區,中正區市民大道1段168號,0,0,1,1,C03,8,5,5,40,14,9,1,5,4,5,13,4,4,1,4,1,2,13,1,20,3,10,5,1,7,9,1,10,2,13,,16,,1,21,121.5186028,25.0483859
113,3,14,11,11,2,05中正區,中正區市民大道1段168號,0,0,1,2,C03,8,5,5,40,14,9,1,5,4,5,13,4,4,1,4,1,2,13,1,23,2,9,5,1,7,9,1,10,2,11,,44,,1,21,121.5186028,25.0483859
113,3,14,11,33,2,12內湖區,內湖區內湖路1段737巷與麗山街口,0,0,1,1,B12,8,5,5,50,4,1,1,5,4,5,13,4,4,5,5,5,1,16,1,40,3,10,7,1,7,5,1,7,1,4,,8,,1,21,121.5791743,25.08275403
113,3,14,11,33,2,12內湖區,內湖區內湖路1段737巷與麗山街口,0,0,1,2,C03,8,5,5,50,4,1,1,5,4,5,13,4,4,5,5,5,1,16,1,38,2,9,5,1,7,9,1,10,1,11,,44,,1,21,121.5791743,25.08275403
113,3,14,12,36,2,10文山區,文山區景興路與景興路238巷口,0,0,2,1,B02,8,6,5,50,3,1,1,5,4,5,13,2,1,5,5,5,2,16,2,37,3,10,7,1,7,9,1,8,2,4,,81,,1,21,121.5432518,24.9906427
113,3,14,12,36,2,10文山區,文山區景興路與景興路238巷口,0,0,2,2,C03,8,6,5,50,3,1,1,5,4,5,13,2,1,5,5,5,2,16,1,22,2,8,5,1,7,5,3,18,2,11,,44,,1,21,121.5432518,24.9906427
113,3,14,12,36,2,10文山區,文山區景興路與景興路238巷口,0,0,2,3,H02,8,6,5,50,3,1,1,5,4,5,13,2,1,5,5,5,2,16,2,18,2,7,5,5,7,20,8,20,10,16,,67,,1,21,121.5432518,24.9906427
113,3,14,12,47,2,10文山區,文山區木柵路1段34號前,0,0,1,1,C04,8,5,5,50,14,9,1,5,4,5,13,4,4,5,4,5,2,13,1,21,2,8,5,1,7,9,1,8,1,11,,16,,1,21,121.5463823,24.9867826
113,3,14,12,47,2,10文山區,文山區木柵路1段34號前,0,0,1,2,C03,8,5,5,50,14,9,1,5,4,5,13,4,4,5,4,5,2,13,2,32,3,10,5,1,7,9,1,9,1,13,,44,,1,21,121.5463823,24.9867826
113,3,14,12,49,2,12內湖區,內湖區新明路與南京東路6段368巷口,0,0,1,1,B03,8,7,5,50,3,1,2,5,4,5,13,1,1,4,1,4,1,17,1,56,3,10,7,1,7,5,1,8,1,5,,8,,1,21,121.5871599,25.0579528
113,3,14,12,49,2,12內湖區,內湖區新明路與南京東路6段368巷口,0,0,1,2,C03,8,7,5,50,3,1,2,5,4,5,13,1,1,4,1,4,1,17,1,21,2,9,6,1,7,9,1,10,1,11,,44,,1,21,121.5871599,25.0579528
113,3,14,13,0,2,03中山區,中山區民權西路與天祥路口,0,0,2,1,B01,7,7,5,50,4,1,1,5,4,5,13,2,1,1,4,5,2,12,1,55,3,10,3,4,7,8,1,4,2,2,,100,,1,21,121.5207375,25.062725
113,3,14,13,0,2,03中山區,中山區民權西路與天祥路口,0,0,2,2,C03,7,7,5,50,4,1,1,5,4,5,13,2,1,1,4,5,2,12,2,52,2,9,6,4,7,9,1,10,2,14,,44,,1,21,121.5207375,25.062725
113,3,14,13,0,2,03中山區,中山區民權西路與天祥路口,0,0,2,3,H02,7,7,5,50,4,1,1,5,4,5,13,2,1,1,4,5,2,12,2,23,2,9,6,5,7,20,8,20,10,16,,67,,1,21,121.5207375,25.062725
113,3,14,13,7,2,12內湖區,內湖區成功路3段與星雲街口,0,0,1,1,B03,8,6,5,50,4,1,1,5,4,5,13,1,1,5,4,5,2,13,1,35,3,10,7,1,7,9,1,8,1,1,,16,,1,21,121.5900073,25.07749771
113,3,14,13,7,2,12內湖區,內湖區成功路3段與星雲街口,0,0,1,2,C03,8,6,5,50,4,1,1,5,4,5,13,1,1,5,4,5,2,13,2,66,2,9,5,1,7,9,1,10,1,13,,44,,1,21,121.5900073,25.07749771
113,3,14,13,14,2,05中正區,中正區和平西路1段與牯嶺街口,0,0,1,1,B12,8,6,5,50,4,1,1,5,4,5,13,1,1,1,4,5,2,3,1,59,3,10,7,1,7,5,1,8,2,8,,70,,1,21,121.5188465,25.026552
113,3,14,13,14,2,05中正區,中正區和平西路1段與牯嶺街口,0,0,1,2,H01,8,6,5,50,4,1,1,5,4,5,13,1,1,1,4,5,2,3,2,22,2,9,4,5,8,16,8,20,1,16,,67,,1,21,121.5188465,25.026552
113,3,14,13,16,2,01大同區,大同區民族西路與民族西路31巷口,0,0,1,1,A04,7,6,5,50,4,2,1,5,4,5,13,2,1,5,4,5,2,12,1,53,3,10,3,4,7,9,1,1,1,2,,44,,1,21,121.5194427,25.0685715
113,3,14,13,16,2,01大同區,大同區民族西路與民族西路31巷口,0,0,1,2,C04,7,6,5,50,4,2,1,5,4,5,13,2,1,5,4,5,2,12,2,68,2,7,5,4,7,7,1,11,1,14,,100,,1,22,121.5194427,25.0685715
113,3,14,13,47,2,09北投區,北投區大度路3段296巷51號捷運關渡站,0,0,1,1,A06,8,7,5,30,14,9,1,5,4,5,13,4,4,10,5,5,2,9,1,60,3,10,7,1,7,15,1,2,9,17,,44,,1,26,121.4670575,25.1251517
113,3,14,13,47,2,09北投區,北投區大度路3段296巷51號捷運關渡站,0,0,1,2,H02,8,7,5,30,14,9,1,5,4,5,13,4,4,10,5,5,2,9,2,70,2,6,2,5,7,20,8,20,10,16,,58,,1,21,121.4670575,25.1251517
113,3,14,15,16,2,10文山區,文山區景興路與景華街口,0,0,2,1,C03,8,6,5,50,4,1,1,5,4,5,13,2,1,1,4,5,2,16,1,61,2,8,6,1,7,5,1,10,2,11,,71,,1,21,121.544715,24.9951399
113,3,14,15,16,2,10文山區,文山區景興路與景華街口,0,0,2,2,C03,8,6,5,50,4,1,1,5,4,5,13,2,1,1,4,5,2,16,1,19,2,8,6,1,7,9,1,10,2,11,,108,,1,21,121.544715,24.9951399
113,3,14,15,50,2,08士林區,士林區中正路與福港街口,0,0,1,1,A02,8,6,5,50,3,2,1,5,4,5,13,1,1,1,5,5,1,9,1,56,3,10,7,1,7,1,1,2,1,17,,44,,1,21,121.5177887,25.0920431