發生年度,發生月,發生日,發生時-Hours,發生分,處理別-編號,區序,肇事地點,死亡人數,2-30日死亡人數,受傷人數,當事人序號,車種,天候,道路照明設備,道路類別,速限-速度限制,道路型態,事故位置,路面狀況1,路面狀況2,路面狀況3,道路障礙1,道路障礙2,號誌1,號誌2,車道劃分-分向,車道劃分-分道1,車道劃分-分道2,車道劃分-分道3,事故類型及型態,性別,年齡,受傷程度,主要傷處,保護裝置,行動電話,車輛用途,當事者行動狀態,駕駛資格情形,駕駛執照種類,飲酒情形,車輛撞擊部位1,車輛撞擊部位2,肇因碼-個別,肇因碼-主要,個人肇逃否,職業,座標-X,座標-Y
113,3,14,15,50,2,08士林區,士林區中正路與福港街口,0,0,1,2,H02,8,6,5,50,3,2,1,5,4,5,13,1,1,1,5,5,1,9,1,85,2,9,2,5,7,20,8,20,10,17,,67,,1,21,121.5177887,25.0920431
113,3,14,15,52,2,10文山區,文山區秀明路1段與秀明路1段119巷口,0,0,2,1,C03,7,7,5,50,3,4,1,5,4,5,13,1,1,1,4,5,2,13,1,40,2,8,5,1,7,9,1,9,1,11,,16,,1,21,121.5695972,24.9916673
113,3,14,15,52,2,10文山區,文山區秀明路1段與秀明路1段119巷口,0,0,2,2,C03,7,7,5,50,3,4,1,5,4,5,13,1,1,1,4,5,2,13,1,26,2,7,5,1,7,9,1,10,1,11,,44,,1,21,121.5695972,24.9916673
113,3,14,16,6,2,12內湖區,內湖區內湖路1段387巷38號前,0,0,1,1,H01,7,7,5,50,14,9,1,5,4,5,13,4,4,10,4,5,2,7,2,22,2,9,4,5,8,16,8,20,10,16,,53,,1,21,121.5706416,25.0838387
113,3,14,16,6,2,12內湖區,內湖區內湖路1段387巷38號前,0,0,1,2,C03,7,7,5,50,14,9,1,5,4,5,13,4,4,10,4,5,2,7,1,33,3,10,5,4,7,9,1,10,11,11,,108,,1,21,121.5706416,25.0838387
113,3,14,16,9,2,04大安區,大安區復興南路1段180號,0,0,1,1,B03,7,6,5,50,14,9,1,5,4,5,13,4,4,1,4,5,2,13,1,52,3,10,7,1,7,9,1,4,2,1,,104,,1,21,121.5436458,25.0409002
113,3,14,16,9,2,04大安區,大安區復興南路1段180號,0,0,1,2,C03,7,6,5,50,14,9,1,5,4,5,13,4,4,1,4,5,2,13,1,53,2,9,5,1,7,9,1,9,2,13,,44,,1,21,121.5436458,25.0409002
113,3,14,16,9,2,04大安區,大安區復興南路1段180號,0,0,1,3,A04,7,6,5,50,14,9,1,5,4,5,13,4,4,1,4,5,2,13,1,56,3,10,7,1,7,14,1,2,2,4,,44,,1,21,121.5436458,25.0409002
113,3,14,16,9,2,04大安區,大安區復興南路1段180號,0,0,1,4,A02,7,6,5,50,14,9,1,5,4,5,13,4,4,1,4,5,2,13,1,58,3,10,7,1,7,13,1,2,2,17,,44,,1,21,121.5436458,25.0409002
113,3,14,16,9,2,04大安區,大安區復興南路1段180號,0,0,1,5,B02,7,6,5,50,14,9,1,5,4,5,13,4,4,1,4,5,2,13,1,68,3,10,7,1,7,9,1,8,2,3,,44,,1,21,121.5436458,25.0409002
113,3,14,16,11,2,09北投區,北投區中央北路2段與稻香路口,0,0,2,1,B03,7,6,5,50,4,1,1,5,4,5,13,2,1,9,4,5,1,17,1,68,3,10,7,1,7,5,1,8,1,6,,44,,1,21,121.4914018,25.1384903
113,3,14,16,11,2,09北投區,北投區中央北路2段與稻香路口,0,0,2,2,C03,7,6,5,50,4,1,1,5,4,5,13,2,1,9,4,5,1,17,1,66,2,9,5,1,7,6,1,10,1,14,,107,,1,21,121.4914018,25.1384903
113,3,14,16,11,2,09北投區,北投區中央北路2段與稻香路口,0,0,2,3,H02,7,6,5,50,4,1,1,5,4,5,13,2,1,9,4,5,1,17,2,63,2,9,5,5,7,20,8,20,10,16,,67,,1,21,121.4914018,25.1384903
113,3,14,16,38,2,05中正區,中正區中華路2段與寧波西街口,0,0,1,1,B03,8,6,5,50,4,1,1,5,4,5,13,1,1,5,4,4,2,17,1,40,3,10,7,1,7,6,3,18,2,2,,9,,1,21,121.5101602,25.0246929
113,3,14,16,38,2,05中正區,中正區中華路2段與寧波西街口,0,0,1,2,C03,8,6,5,50,4,1,1,5,4,5,13,1,1,5,4,4,2,17,1,31,2,9,5,1,7,9,1,10,2,14,,44,,1,21,121.5101602,25.0246929
113,3,14,16,53,2,02萬華區,萬華區西園路2段與西園路2段225巷口,0,0,1,1,B03,7,6,5,50,3,1,1,5,4,5,13,2,1,1,5,5,2,13,1,45,3,10,7,1,7,10,1,8,1,1,,100,,1,26,121.494392,25.0273952
113,3,14,16,53,2,02萬華區,萬華區西園路2段與西園路2段225巷口,0,0,1,2,C03,7,6,5,50,3,1,1,5,4,5,13,2,1,1,5,5,2,13,2,28,2,9,6,1,7,14,1,10,1,13,,44,,1,21,121.494392,25.0273952
113,3,14,16,53,2,02萬華區,萬華區西園路2段與西園路2段225巷口,0,0,1,3,B03,7,6,5,50,3,1,1,5,4,5,13,2,1,1,5,5,2,13,1,33,3,10,7,1,7,14,1,8,1,3,,44,,1,21,121.494392,25.0273952
113,3,14,16,53,2,02萬華區,萬華區西園路2段與西園路2段225巷口,0,0,1,4,B02,7,6,5,50,3,1,1,5,4,5,13,2,1,1,5,5,2,13,1,45,3,10,7,1,7,14,1,8,1,3,,44,,1,26,121.494392,25.0273952
113,3,14,17,8,2,12內湖區,內湖區舊宗路1段150巷與民善街口,0,0,1,1,B03,8,5,5,50,4,1,1,5,4,5,13,4,4,5,5,5,2,15,1,64,3,10,7,1,7,9,1,8,1,8,,72,,1,21,121.5751821,25.06166896
113,3,14,17,8,2,12內湖區,內湖區舊宗路1段150巷與民善街口,0,0,1,2,C03,8,5,5,50,4,1,1,5,4,5,13,4,4,5,5,5,2,15,1,21,2,9,6,1,7,9,1,10,1,12,,44,,1,21,121.5751821,25.06166896
113,3,14,17,11,2,05中正區,中正區八德路1段5-2號,0,0,1,1,B03,8,6,5,50,14,9,1,5,4,5,13,1,1,5,4,5,2,16,1,52,3,10,2,1,7,7,1,8,1,4,,99,,1,22,121.5306084,25.0438605
113,3,14,17,11,2,05中正區,中正區八德路1段5-2號,0,0,1,2,C03,8,6,5,50,14,9,1,5,4,5,13,1,1,5,4,5,2,16,2,53,2,7,5,1,7,9,1,10,1,11,,44,,1,22,121.5306084,25.0438605
113,3,14,17,12,2,05中正區,中正區中華路1段與忠孝西路1段口,0,0,1,1,C03,8,6,5,50,4,2,1,5,4,5,13,2,1,1,4,5,2,17,2,40,3,10,5,1,7,9,1,10,9,12,,44,,1,22,121.5101075,25.04806802
113,3,14,17,12,2,05中正區,中正區中華路1段與忠孝西路1段口,0,0,1,2,C03,8,6,5,50,4,2,1,5,4,5,13,2,1,1,4,5,2,17,1,52,2,5,5,1,7,8,1,10,9,11,,107,,1,22,121.5101075,25.04806802
113,3,14,17,12,2,05中正區,中正區中華路1段與忠孝西路1段口,0,0,1,3,,8,6,5,50,4,2,1,5,4,5,13,2,1,1,4,5,2,17,3,0,,,,,,,,,,,,67,,1,,121.5101075,25.04806802
113,3,14,17,20,2,04大安區,大安區復興南路1段與信義路3段口,0,0,2,2,C04,7,7,5,50,4,1,1,5,4,5,13,2,1,1,4,5,1,13,2,49,2,9,6,1,7,9,1,8,1,13,,44,,1,21,121.5435132,25.0336979
113,3,14,17,20,2,04大安區,大安區復興南路1段與信義路3段口,0,0,2,1,C03,7,7,5,50,4,1,1,5,4,5,13,2,1,1,4,5,1,13,2,50,2,9,5,1,7,9,1,10,11,11,,44,,1,21,121.5435132,25.0336979
113,3,14,17,20,2,08士林區,士林區德行東路160號,0,0,1,1,B03,7,5,5,50,14,9,1,5,4,5,13,4,4,9,5,5,1,17,1,64,3,10,7,1,7,1,1,8,1,8,,19,,1,21,121.5298646,25.10821652
113,3,14,17,20,2,08士林區,士林區德行東路160號,0,0,1,2,C03,7,5,5,50,14,9,1,5,4,5,13,4,4,9,5,5,1,17,2,45,2,8,5,1,7,9,1,10,1,12,,14,,1,21,121.5298646,25.10821652
113,3,14,17,51,2,12內湖區,內湖區基湖路與基湖路3巷口,0,0,1,1,C03,8,5,5,50,4,2,1,5,4,5,13,2,1,5,5,5,2,17,2,19,2,8,6,1,7,9,1,10,1,11,,16,,1,21,121.5652984,25.08137625
113,3,14,17,51,2,12內湖區,內湖區基湖路與基湖路3巷口,0,0,1,2,C03,8,5,5,50,4,2,1,5,4,5,13,2,1,5,5,5,2,17,1,43,3,10,6,1,7,12,1,10,1,13,,14,,1,21,121.5652984,25.08137625
113,3,14,18,12,2,12內湖區,內湖區康寧路3段75巷137號,0,0,2,1,H01,8,5,5,30,12,9,1,5,4,5,13,2,1,5,5,5,2,6,2,15,2,9,4,5,8,18,8,20,10,16,,122,,1,16,121.6100926,25.07505644
113,3,14,18,12,2,12內湖區,內湖區康寧路3段75巷137號,0,0,2,2,C04,8,5,5,30,12,9,1,5,4,5,13,2,1,5,5,5,2,6,2,48,2,9,5,1,7,9,1,11,2,11,12,44,,1,21,121.6100926,25.07505644
113,3,14,18,14,2,03中山區,中山區遼寧街116巷與遼寧街口,0,0,1,2,H01,8,5,5,30,3,1,1,5,4,5,13,4,4,10,5,5,2,1,2,26,2,7,4,5,8,16,8,20,10,16,,67,,1,22,121.5420726,25.05279797
113,3,14,18,14,2,03中山區,中山區遼寧街116巷與遼寧街口,0,0,1,1,B03,8,5,5,30,3,1,1,5,4,5,13,4,4,10,5,5,2,1,1,42,3,10,7,1,7,5,1,8,11,8,,70,,2,21,121.5420726,25.05279797
113,3,14,18,27,2,06松山區,松山區敦化北路與敦化北路4巷口口,0,0,1,1,A02,8,5,5,50,4,1,1,5,4,5,13,1,1,1,4,4,1,9,1,62,3,10,7,1,7,9,1,1,1,17,,44,,1,21,121.5489011,25.050095
113,3,14,18,27,2,06松山區,松山區敦化北路與敦化北路4巷口口,0,0,1,3,H02,8,5,5,50,4,1,1,5,4,5,13,1,1,1,4,4,1,9,2,48,2,9,4,5,7,17,8,20,10,16,,67,,1,21,121.5489011,25.050095
113,3,14,18,27,2,06松山區,松山區敦化北路與敦化北路4巷口口,0,0,1,2,B03,8,5,5,50,4,1,1,5,4,5,13,1,1,1,4,4,1,9,1,44,3,10,7,1,7,5,1,4,9,17,,71,,2,21,121.5489011,25.050095
113,3,14,18,44,2,06松山區,松山區松河街158號,0,0,2,1,C03,8,5,5,40,14,9,1,5,4,5,13,4,4,9,4,5,2,16,1,44,2,9,6,4,7,9,1,10,2,11,,16,,1,21,121.5761855,25.05129717
113,3,14,18,44,2,06松山區,松山區松河街158號,0,0,2,2,C03,8,5,5,40,14,9,1,5,4,5,13,4,4,9,4,5,2,16,1,18,2,8,6,4,7,11,1,10,2,14,,44,,1,21,121.5761855,25.05129717
113,3,14,18,55,2,06松山區,松山區民生東路4段103號,0,0,1,1,A02,8,5,5,50,14,9,1,5,4,5,13,4,4,3,4,5,2,9,1,56,3,10,3,4,7,14,1,2,2,17,,44,,1,22,121.5524905,25.0580624
113,3,14,18,55,2,06松山區,松山區民生東路4段103號,0,0,1,2,H02,8,5,5,50,14,9,1,5,4,5,13,4,4,3,4,5,2,9,2,63,2,9,4,5,7,19,8,20,10,16,,67,,1,22,121.5524905,25.0580624
113,3,14,19,11,2,12內湖區,內湖區新明路271號,0,0,2,1,C03,8,5,5,50,14,7,1,5,4,5,13,4,4,9,4,1,2,13,1,56,2,8,5,1,7,9,1,10,1,12,,16,,1,21,121.586292,25.05767684
113,3,14,19,11,2,12內湖區,內湖區新明路271號,0,0,2,2,C03,8,5,5,50,14,7,1,5,4,5,13,4,4,9,4,1,2,13,2,32,2,9,5,1,7,15,1,10,1,13,,44,,1,21,121.586292,25.05767684
113,3,14,19,25,2,12內湖區,內湖區麗山街322號,0,0,1,1,C03,8,5,5,30,14,9,1,5,4,5,13,4,4,10,5,5,2,17,1,27,3,10,5,1,7,9,1,10,1,11,,16,,1,21,121.5731996,25.08331319
113,3,14,19,25,2,12內湖區,內湖區麗山街322號,0,0,1,2,C03,8,5,5,30,14,9,1,5,4,5,13,4,4,10,5,5,2,17,1,48,2,7,5,1,7,9,1,10,1,13,,44,,1,21,121.5731996,25.08331319
113,3,14,20,0,2,03中山區,中山區敬業四路與植福路286巷口,0,0,1,1,A04,8,5,5,50,14,9,1,5,4,5,13,4,4,4,3,5,1,9,1,30,3,10,7,1,7,9,1,2,1,17,,44,,1,21,121.5585407,25.0815062
113,3,14,20,0,2,03中山區,中山區敬業四路與植福路286巷口,0,0,1,2,H02,8,5,5,50,14,9,1,5,4,5,13,4,4,4,3,5,1,9,2,67,2,1,3,5,7,20,8,20,10,16,,67,,1,21,121.5585407,25.0815062
113,3,14,20,2,2,12內湖區,內湖區內湖路1段737巷51弄與麗山街口,0,0,1,1,B03,7,5,5,30,4,2,1,5,4,5,13,4,4,3,5,5,2,17,2,61,3,10,3,4,7,13,1,8,2,4,,40,,1,21,121.5805293,25.0804377
113,3,14,20,2,2,12內湖區,內湖區內湖路1段737巷51弄與麗山街口,0,0,1,2,C03,7,5,5,30,4,2,1,5,4,5,13,4,4,3,5,5,2,17,2,61,2,9,5,1,7,9,1,10,2,11,,108,,1,21,121.5805293,25.0804377
113,3,14,20,7,2,09北投區,北投區知行路3015036號燈桿,0,0,2,1,C03,8,5,5,50,14,9,1,5,4,5,13,4,4,9,5,5,2,24,1,60,2,9,6,1,7,9,1,10,1,11,,42,,1,22,121.4622481,25.12189891
113,3,14,20,7,2,09北投區,北投區知行路3015036號燈桿,0,0,2,2,,8,5,5,50,14,9,1,5,4,5,13,4,4,9,5,5,2,24,3,0,,,,,,,,,,,,67,,1,,121.4622481,25.12189891
113,3,14,20,7,2,09北投區,北投區知行路3015036號燈桿,0,0,2,3,H02,8,5,5,50,14,9,1,5,4,5,13,4,4,9,5,5,2,24,2,68,2,9,6,5,7,20,8,20,10,16,,67,,1,22,121.4622481,25.12189891
113,3,14,20,29,2,04大安區,大安區光復南路與光復南路346巷口,0,0,1,1,C03,8,5,5,50,3,2,1,5,4,5,13,4,4,9,4,5,1,17,1,62,3,10,5,1,7,9,1,10,1,17,,35,,1,21,121.5574996,25.0383629
113,3,14,20,29,2,04大安區,大安區光復南路與光復南路346巷口,0,0,1,2,F01,8,5,5,50,3,2,1,5,4,5,13,4,4,9,4,5,1,17,1,36,2,8,4,1,7,9,8,20,1,11,,108,,1,21,121.5574996,25.0383629
113,3,14,20,35,2,05中正區,中正區市民高架道往東、三創前,0,0,1,1,B03,8,5,5,80,10,7,1,5,4,5,13,4,4,10,4,5,1,13,1,23,3,10,7,1,7,9,3,18,2,1,,16,,1,22,121.531472,25.04579444
113,3,14,20,35,2,05中正區,中正區市民高架道往東、三創前,0,0,1,2,B13,8,5,5,80,10,7,1,5,4,5,13,4,4,10,4,5,1,13,1,28,2,5,7,1,7,9,1,8,2,3,,44,,1,22,121.531472,25.04579444
113,3,14,20,43,2,03中山區,中山區民權東路2段與吉林路口,0,0,1,1,B03,8,5,5,50,4,1,1,5,4,5,13,1,1,5,4,5,2,17,1,23,3,10,3,1,7,7,1,8,1,4,,8,,1,22,121.5302726,25.0624144
113,3,14,20,43,2,03中山區,中山區民權東路2段與吉林路口,0,0,1,2,C03,8,5,5,50,4,1,1,5,4,5,13,1,1,5,4,5,2,17,1,40,2,7,6,1,7,5,1,10,1,12,,108,,1,22,121.5302726,25.0624144
113,3,14,21,8,2,09北投區,北投區承德路7段與大業路口,0,0,2,1,B03,7,5,5,60,5,1,1,5,4,5,13,1,1,1,1,5,1,16,1,29,3,10,7,1,7,6,1,8,2,5,,9,,1,21,121.5001474,25.1209838
113,3,14,21,8,2,09北投區,北投區承德路7段與大業路口,0,0,2,2,C03,7,5,5,60,5,1,1,5,4,5,13,1,1,1,1,5,1,16,1,19,2,9,5,1,7,9,1,10,2,14,12,108,,1,21,121.5001474,25.1209838
113,3,14,21,8,2,09北投區,北投區承德路7段與大業路口,0,0,2,3,H02,7,5,5,60,5,1,1,5,4,5,13,1,1,1,1,5,1,16,2,17,2,9,5,5,7,17,8,20,10,16,,67,,1,21,121.5001474,25.1209838
113,3,14,21,16,2,02萬華區,萬華區長沙街2段與西寧南路口,0,0,2,1,B01,7,5,5,50,4,1,1,5,4,5,13,1,1,8,3,5,2,15,1,59,3,10,7,1,7,9,1,4,1,2,,81,,1,21,121.5058905,25.0406928
113,3,14,21,16,2,02萬華區,萬華區長沙街2段與西寧南路口,0,0,2,2,C03,7,5,5,50,4,1,1,5,4,5,13,1,1,8,3,5,2,15,1,26,2,6,5,1,7,9,1,10,1,11,,13,,1,21,121.5058905,25.0406928
113,3,14,21,16,2,02萬華區,萬華區長沙街2段與西寧南路口,0,0,2,3,H02,7,5,5,50,4,1,1,5,4,5,13,1,1,8,3,5,2,15,2,21,2,9,5,5,7,17,8,20,10,16,,67,,1,21,121.5058905,25.0406928
113,3,14,21,39,2,01大同區,大同區鄭州路與塔城街口,0,0,1,1,A02,7,5,5,50,4,1,1,5,4,5,13,2,1,1,4,5,2,17,1,45,3,10,7,4,7,9,1,2,9,17,,44,,1,21,121.5095917,25.0498373
113,3,14,21,39,2,01大同區,大同區鄭州路與塔城街口,0,0,1,2,B03,7,5,5,50,4,1,1,5,4,5,13,2,1,1,4,5,2,17,2,27,3,10,7,4,7,9,1,8,9,17,,44,,1,21,121.5095917,25.0498373
113,3,14,21,39,2,01大同區,大同區鄭州路與塔城街口,0,0,1,3,H02,7,5,5,50,4,1,1,5,4,5,13,2,1,1,4,5,2,17,2,60,2,2,3,5,7,21,8,20,10,16,,67,,1,21,121.5095917,25.0498373
113,3,14,21,43,2,03中山區,中山區建國北路2段與民生東路3段口,0,0,1,1,B01,8,5,5,50,4,1,1,5,4,5,13,1,1,1,4,5,2,16,1,51,3,10,7,1,7,5,1,4,2,2,,71,,1,21,121.5371533,25.05799572
113,3,14,21,43,2,03中山區,中山區建國北路2段與民生東路3段口,0,0,1,2,C03,8,5,5,50,4,1,1,5,4,5,13,1,1,1,4,5,2,16,2,42,2,9,6,1,7,9,1,10,2,11,,44,,1,21,121.5371533,25.05799572
113,3,14,22,19,2,02萬華區,萬華區康定路與桂林路口,0,0,2,1,C03,8,5,5,50,4,1,1,5,4,5,13,1,1,8,3,5,1,13,1,18,3,10,5,1,7,9,3,18,1,11,,16,,1,21,121.5017392,25.0385152
113,3,14,22,19,2,02萬華區,萬華區康定路與桂林路口,0,0,2,2,C03,8,5,5,50,4,1,1,5,4,5,13,1,1,8,3,5,1,13,1,47,2,8,5,1,7,6,1,10,1,13,,44,,1,21,121.5017392,25.0385152
113,3,14,22,19,2,02萬華區,萬華區康定路與桂林路口,0,0,2,3,H02,8,5,5,50,4,1,1,5,4,5,13,1,1,8,3,5,1,13,1,20,2,7,5,5,7,21,8,20,10,16,,67,,1,21,121.5017392,25.0385152
113,3,14,22,30,2,02萬華區,萬華區環河南路1段111號,0,0,2,1,C03,8,5,5,50,14,9,1,5,4,5,13,4,4,5,5,5,2,13,1,23,2,9,6,1,7,9,3,18,1,11,,16,,1,21,121.5005522,25.04305193
113,3,14,22,30,2,02萬華區,萬華區環河南路1段111號,0,0,2,2,C03,8,5,5,50,14,9,1,5,4,5,13,4,4,5,5,5,2,13,1,24,3,10,6,1,7,12,1,10,1,13,,44,,1,21,121.5005522,25.04305193
113,3,14,22,30,2,02萬華區,萬華區環河南路1段111號,0,0,2,3,C03,8,5,5,50,14,9,1,5,4,5,13,4,4,5,5,5,2,13,2,22,2,9,6,1,7,12,1,10,1,13,,44,,1,21,121.5005522,25.04305193
113,3,14,22,30,2,02萬華區,萬華區環河南路1段111號,0,0,2,4,C03,8,5,5,50,14,9,1,5,4,5,13,4,4,5,5,5,2,13,1,80,3,10,5,1,7,9,3,18,1,11,,16,,1,21,121.5005522,25.04305193
113,3,14,22,30,2,02萬華區,萬華區環河南路1段111號,0,0,2,5,C02,8,5,5,50,14,9,1,5,4,5,13,4,4,5,5,5,2,13,1,21,3,10,6,1,7,12,1,9,1,13,,44,,1,21,121.5005522,25.04305193
113,3,14,23,20,2,05中正區,中正區汀州路3段305號,0,0,1,1,B03,7,5,5,50,14,9,1,5,4,5,13,4,4,5,5,5,2,17,1,58,3,10,7,1,7,11,1,8,1,2,,10,,1,22,121.5359256,25.0116123
113,3,14,23,20,2,05中正區,中正區汀州路3段305號,0,0,1,2,C03,7,5,5,50,14,9,1,5,4,5,13,4,4,5,5,5,2,17,1,35,2,9,5,1,7,9,1,10,1,11,,44,,1,22,121.5359256,25.0116123
113,3,15,0,11,2,04大安區,大安區辛亥路1段與泰順街口,0,0,1,1,B02,7,5,5,50,4,2,1,5,4,5,13,2,1,1,4,5,1,13,1,34,3,10,7,1,7,9,1,8,2,8,,108,,1,21,121.5317722,25.0221372
113,3,15,0,11,2,04大安區,大安區辛亥路1段與泰順街口,0,0,1,2,C03,7,5,5,50,4,2,1,5,4,5,13,2,1,1,4,5,1,13,1,41,2,9,6,1,7,14,1,10,2,13,,44,,1,21,121.5317722,25.0221372
113,3,15,3,58,2,12內湖區,內湖區文湖街80號,0,0,1,1,B01,8,5,5,50,14,9,1,5,4,5,13,4,4,9,4,5,2,11,1,50,3,10,7,1,7,1,1,4,2,4,,19,,1,21,121.5649616,25.08645341
113,3,15,3,58,2,12內湖區,內湖區文湖街80號,0,0,1,2,C03,8,5,5,50,14,9,1,5,4,5,13,4,4,9,4,5,2,11,1,19,2,8,6,1,7,9,1,10,2,11,,4,,1,21,121.5649616,25.08645341
113,3,15,7,0,2,10文山區,文山區恆光橋上,0,0,1,1,B03,7,6,5,50,14,9,1,5,4,5,13,4,4,5,5,5,2,12,1,87,3,10,3,4,7,4,1,8,2,2,,1,,1,22,121.5673882,24.9811074
113,3,15,7,0,2,10文山區,文山區恆光橋上,0,0,1,2,C03,7,6,5,50,14,9,1,5,4,5,13,4,4,5,5,5,2,12,2,64,2,9,3,4,7,9,1,10,2,14,,44,,1,22,121.5673882,24.9811074
113,3,15,7,15,2,09北投區,北投區致遠一路1段與致遠一路1段107巷口,0,0,1,1,C03,7,6,5,30,4,1,1,5,4,5,13,4,4,9,4,5,2,15,1,86,2,9,5,1,7,9,1,10,2,12,,72,,1,21,121.515185,25.109689
113,3,15,7,15,2,09北投區,北投區致遠一路1段與致遠一路1段107巷口,0,0,1,2,C03,7,6,5,30,4,1,1,5,4,5,13,4,4,9,4,5,2,15,1,18,3,10,5,1,7,9,1,10,1,11,,44,,1,21,121.515185,25.109689
113,3,15,7,32,2,03中山區,中山區民權東路3段與龍江路口,0,0,1,1,B01,7,7,5,50,4,1,1,5,4,5,13,2,1,5,5,5,2,12,1,62,3,10,7,1,7,9,1,8,1,2,,44,,1,22,121.54135,25.0626067
113,3,15,7,32,2,03中山區,中山區民權東路3段與龍江路口,0,0,1,2,C04,7,7,5,50,4,1,1,5,4,5,13,2,1,5,5,5,2,12,2,61,2,8,6,1,7,5,1,11,1,14,,8,,1,22,121.54135,25.0626067
113,3,15,7,32,2,10文山區,文山區羅斯福路6段與景華街口口,0,0,2,1,B03,8,6,5,50,4,1,1,5,4,5,13,2,1,1,4,5,2,13,1,36,3,10,7,1,7,9,1,8,1,3,,16,,1,21,121.5412322,24.9948638
113,3,15,7,32,2,10文山區,文山區羅斯福路6段與景華街口口,0,0,2,2,C03,8,6,5,50,4,1,1,5,4,5,13,2,1,1,4,5,2,13,1,36,2,8,6,1,7,9,1,10,1,11,,16,,1,21,121.5412322,24.9948638
113,3,15,7,32,2,10文山區,文山區羅斯福路6段與景華街口口,0,0,2,3,C03,8,6,5,50,4,1,1,5,4,5,13,2,1,1,4,5,2,13,1,28,2,8,6,1,7,9,1,10,1,11,,108,,1,21,121.5412322,24.9948638
113,3,15,7,50,2,12內湖區,內湖區康樂街與東湖路口,0,0,1,1,B03,7,5,6,50,4,1,1,5,4,5,13,1,1,5,5,5,2,17,2,61,3,10,7,1,7,5,1,8,2,1,,8,,1,21,121.6175906,25.0678406
113,3,15,7,50,2,12內湖區,內湖區康樂街與東湖路口,0,0,1,2,C03,7,5,6,50,4,1,1,5,4,5,13,1,1,5,5,5,2,17,2,55,2,9,5,1,7,9,1,10,2,14,,44,,1,21,121.6175906,25.0678406
113,3,15,8,4,2,06松山區,松山區寧安街9巷與八德路3段155巷口,0,0,1,1,B02,7,5,5,30,4,1,1,5,4,5,13,3,1,9,4,5,2,15,2,42,3,10,7,1,7,9,1,4,1,2,,80,,1,26,121.5550908,25.0497816
113,3,15,8,4,2,06松山區,松山區寧安街9巷與八德路3段155巷口,0,0,1,2,C03,7,5,5,30,4,1,1,5,4,5,13,3,1,9,4,5,2,15,1,26,2,7,5,1,7,9,1,10,1,11,,13,,1,7,121.5550908,25.0497816
113,3,15,8,9,2,08士林區,士林區承德路5段與基河路口,0,0,1,1,B03,7,6,5,40,4,1,1,5,4,5,13,2,1,1,4,4,2,17,1,46,3,10,7,1,7,6,1,8,1,6,,9,,1,21,121.5135441,25.09777871
113,3,15,8,9,2,08士林區,士林區承德路5段與基河路口,0,0,1,2,C03,7,6,5,40,4,1,1,5,4,5,13,2,1,1,4,4,2,17,2,55,2,7,5,1,7,9,1,10,1,11,,108,,1,21,121.5135441,25.09777871
113,3,15,8,15,2,05中正區,中正區衡陽路10號,0,0,1,1,B03,7,6,5,50,14,9,1,5,4,5,13,4,4,10,4,5,2,17,2,40,3,10,2,1,7,1,1,8,2,5,,19,,1,22,121.5137045,25.0423035
113,3,15,8,15,2,05中正區,中正區衡陽路10號,0,0,1,2,B01,7,6,5,50,14,9,1,5,4,5,13,4,4,10,4,5,2,17,1,51,2,4,2,1,7,9,1,4,2,4,,44,,1,22,121.5137045,25.0423035
113,3,15,8,24,2,03中山區,中山區樂群二路與敬業四路口,0,0,1,1,A02,8,6,5,50,4,1,1,5,4,5,13,2,1,1,5,5,2,16,1,64,3,10,7,1,7,5,1,2,1,6,,71,,1,21,121.5585169,25.0799385
113,3,15,8,24,2,03中山區,中山區樂群二路與敬業四路口,0,0,1,2,C03,8,6,5,50,4,1,1,5,4,5,13,2,1,1,5,5,2,16,1,43,2,9,6,1,7,9,1,10,1,14,,44,,1,21,121.5585169,25.0799385
113,3,15,8,24,2,03中山區,中山區樂群二路與敬業四路口,0,0,1,3,A02,8,6,5,50,4,1,1,5,4,5,13,2,1,1,5,5,2,16,1,35,3,10,3,4,7,1,1,2,9,17,,19,,1,21,121.5585169,25.0799385
113,3,15,8,27,2,01大同區,大同區承德路2段與萬全街口,0,0,1,1,A42,8,6,5,50,4,2,1,5,4,5,13,1,1,1,4,5,2,17,1,68,4,11,3,4,7,9,1,1,11,15,,44,,2,22,121.5182411,25.0582614
113,3,15,8,27,2,01大同區,大同區承德路2段與萬全街口,0,0,1,2,C03,8,6,5,50,4,2,1,5,4,5,13,1,1,1,4,5,2,17,2,30,2,9,6,1,7,9,1,10,1,14,,44,,1,21,121.5182411,25.0582614
113,3,15,8,34,2,06松山區,松山區民權東路4段121號,0,0,1,1,C03,7,5,5,50,14,7,1,5,4,5,13,2,1,3,4,4,2,13,1,23,2,9,5,1,7,9,1,10,1,11,,108,,1,22,121.5591569,25.06239802
113,3,15,8,34,2,06松山區,松山區民權東路4段121號,0,0,1,2,C03,7,5,5,50,14,7,1,5,4,5,13,2,1,3,4,4,2,13,1,34,3,10,5,1,7,15,1,10,1,13,,44,,1,22,121.5591569,25.06239802
113,3,15,8,53,2,06松山區,松山區南京東路4段77號,0,0,1,1,F01,8,6,5,40,14,8,1,5,4,5,13,4,4,1,4,4,1,12,2,60,2,9,3,4,7,7,8,20,1,14,,118,,1,22,121.55377,25.05172832
113,3,15,8,53,2,06松山區,松山區南京東路4段77號,0,0,1,2,B12,8,6,5,40,14,8,1,5,4,5,13,4,4,1,4,4,1,12,1,70,3,10,7,4,7,9,1,8,1,2,,118,,2,22,121.55377,25.05172832