發生年度,發生月,發生日,發生時-Hours,發生分,處理別-編號,區序,肇事地點,死亡人數,2-30日死亡人數,受傷人數,當事人序號,車種,天候,道路照明設備,道路類別,速限-速度限制,道路型態,事故位置,路面狀況1,路面狀況2,路面狀況3,道路障礙1,道路障礙2,號誌1,號誌2,車道劃分-分向,車道劃分-分道1,車道劃分-分道2,車道劃分-分道3,事故類型及型態,性別,年齡,受傷程度,主要傷處,保護裝置,行動電話,車輛用途,當事者行動狀態,駕駛資格情形,駕駛執照種類,飲酒情形,車輛撞擊部位1,車輛撞擊部位2,肇因碼-個別,肇因碼-主要,個人肇逃否,職業,座標-X,座標-Y
113,3,15,9,0,2,03中山區,中山區南京東路2段71號,0,0,1,1,B02,7,7,5,50,14,9,1,5,4,5,13,4,4,1,4,5,2,12,1,58,3,10,3,4,7,1,1,8,1,4,,19,,1,21,121.5315612,25.0520029
113,3,15,9,0,2,03中山區,中山區南京東路2段71號,0,0,1,2,C03,7,7,5,50,14,9,1,5,4,5,13,4,4,1,4,5,2,12,2,44,2,9,5,4,7,9,1,10,1,12,,13,,1,21,121.5315612,25.0520029
113,3,15,9,10,2,09北投區,北投區西安街2段85-2號,0,0,2,1,F02,8,5,5,50,14,9,1,5,4,5,13,4,4,9,4,5,2,12,2,74,2,9,4,1,7,7,8,20,1,15,,81,,1,21,121.5132459,25.1174406
113,3,15,9,10,2,09北投區,北投區西安街2段85-2號,0,0,2,2,C03,8,5,5,50,14,9,1,5,4,5,13,4,4,9,4,5,2,12,2,51,2,7,5,1,7,9,1,10,1,12,,44,,1,21,121.5132459,25.1174406
113,3,15,9,22,2,12內湖區,內湖區瑞光路358巷與瑞光路358巷30弄口,0,0,1,1,B02,6,5,5,50,3,1,1,4,4,5,13,4,4,5,4,5,2,15,1,45,3,10,7,1,7,9,1,8,1,1,,72,,1,21,121.5720956,25.07677449
113,3,15,9,22,2,12內湖區,內湖區瑞光路358巷與瑞光路358巷30弄口,0,0,1,2,B03,6,5,5,50,3,1,1,4,4,5,13,4,4,5,4,5,2,15,1,49,2,2,7,1,7,9,1,8,1,5,,107,,1,21,121.5720956,25.07677449
113,3,15,9,49,2,08士林區,士林區社子大橋與社子大橋口下自行車道,0,0,2,1,F01,8,5,5,30,14,23,1,5,4,5,13,4,4,10,5,5,1,17,1,59,2,9,4,1,7,9,8,20,1,14,,118,,1,21,121.4940643,25.1109164
113,3,15,9,49,2,08士林區,士林區社子大橋與社子大橋口下自行車道,0,0,2,2,F01,8,5,5,30,14,23,1,5,4,5,13,4,4,10,5,5,1,17,1,52,2,9,4,1,7,9,8,20,1,11,,118,,1,21,121.4940643,25.1109164
113,3,15,9,50,2,08士林區,士林區仰德大道3段100號,0,0,1,1,B03,7,6,5,40,11,9,1,5,4,5,13,4,4,5,5,5,2,17,2,74,3,10,7,1,7,21,1,8,11,17,,44,,2,21,121.5530361,25.12047405
113,3,15,9,50,2,08士林區,士林區仰德大道3段100號,0,0,1,2,C03,7,6,5,40,11,9,1,5,4,5,13,4,4,5,5,5,2,17,1,21,2,9,6,1,7,9,1,10,1,11,,13,,1,21,121.5530361,25.12047405
113,3,15,9,50,2,12內湖區,內湖區環山路2段87號,0,0,1,1,C03,7,5,5,50,14,9,1,5,4,5,13,4,4,5,5,5,2,17,2,24,2,9,5,1,7,15,1,8,1,11,,108,,1,21,121.5752076,25.08474779
113,3,15,9,50,2,12內湖區,內湖區環山路2段87號,0,0,1,2,B03,7,5,5,50,14,9,1,5,4,5,13,4,4,5,5,5,2,17,1,59,3,10,7,1,7,14,1,10,1,7,,38,,1,21,121.5752076,25.08474779
113,3,15,10,2,2,01大同區,大同區承德路1段與太原路97巷口,0,0,1,1,C03,7,6,5,50,4,1,1,5,4,5,13,2,1,1,4,5,2,17,1,58,2,9,6,1,7,9,1,10,2,12,,88,,1,21,121.5173978,25.05188787
113,3,15,10,2,2,01大同區,大同區承德路1段與太原路97巷口,0,0,1,2,B01,7,6,5,50,4,1,1,5,4,5,13,2,1,1,4,5,2,17,1,63,3,10,7,1,7,9,1,4,2,1,,81,,1,21,121.5173978,25.05188787
113,3,15,10,10,2,08士林區,士林區小北街與文林路口,0,0,2,1,C03,7,5,5,50,4,1,1,5,4,5,13,2,1,4,5,5,2,17,1,19,2,8,3,4,7,5,1,10,1,12,,8,,1,21,121.527112,25.0902422
113,3,15,10,10,2,08士林區,士林區小北街與文林路口,0,0,2,2,C03,7,5,5,50,4,1,1,5,4,5,13,2,1,4,5,5,2,17,1,21,2,7,3,4,7,9,1,9,1,11,,44,,1,21,121.527112,25.0902422
113,3,15,10,13,2,07信義區,信義區福德街221巷12號,0,0,1,1,C03,6,6,5,30,12,9,1,4,4,5,13,4,4,5,4,5,1,12,2,62,2,8,3,4,7,7,1,10,1,14,,100,,1,21,121.5850209,25.0374139
113,3,15,10,13,2,07信義區,信義區福德街221巷12號,0,0,1,2,B03,6,6,5,30,12,9,1,4,4,5,13,4,4,5,4,5,1,12,1,58,3,10,3,4,7,9,1,8,1,5,,44,,1,21,121.5850209,25.0374139
113,3,15,10,40,2,06松山區,松山區民生東路5段與民生東路5段36巷口口,0,0,1,1,B01,6,7,5,50,3,2,1,4,4,5,13,2,1,1,4,5,2,17,1,64,3,10,7,1,7,6,1,4,2,5,,9,,1,21,121.5570785,25.0583713
113,3,15,10,40,2,06松山區,松山區民生東路5段與民生東路5段36巷口口,0,0,1,2,F01,6,7,5,50,3,2,1,4,4,5,13,2,1,1,4,5,2,17,2,63,2,9,4,1,7,9,8,20,2,14,,99,,1,21,121.5570785,25.0583713
113,3,15,10,47,2,03中山區,中山區八德路2段326號,0,0,1,1,B01,6,7,5,50,14,9,1,4,4,5,13,4,4,4,3,5,1,17,1,27,3,10,7,1,7,1,1,4,1,7,,19,,1,21,121.542946,25.04738234
113,3,15,10,47,2,03中山區,中山區八德路2段326號,0,0,1,2,C03,6,7,5,50,14,9,1,4,4,5,13,4,4,4,3,5,1,17,1,59,2,8,6,1,7,9,1,10,1,11,,44,,1,21,121.542946,25.04738234
113,3,15,10,48,2,05中正區,中正區市民大道3段2號,0,0,1,1,C03,6,5,5,40,5,2,1,4,4,5,13,1,1,1,4,1,2,17,2,51,2,9,5,1,7,21,1,10,1,15,,44,,1,21,121.5311478,25.0457844
113,3,15,11,0,1,08士林區,士林區延平北路9段與延平北路9段206巷口口,1,0,0,1,C03,7,6,5,30,4,1,1,5,4,5,13,3,1,10,4,5,1,15,2,60,1,3,5,1,7,9,1,10,9,14,,84,,1,21,121.4716004,25.1076101
113,3,15,11,0,1,08士林區,士林區延平北路9段與延平北路9段206巷口口,1,0,0,2,B11,7,6,5,30,4,1,1,5,4,5,13,3,1,10,4,5,1,15,1,66,3,10,7,1,7,9,1,8,2,1,,14,,1,21,121.4716004,25.1076101
113,3,15,11,18,2,02萬華區,萬華區萬大路424巷與萬大路408巷口,0,0,1,1,C03,7,6,5,30,3,1,1,5,4,5,13,4,4,10,5,5,2,17,1,53,3,10,6,1,7,9,1,10,9,12,,80,,1,21,121.4974948,25.0213794
113,3,15,11,18,2,02萬華區,萬華區萬大路424巷與萬大路408巷口,0,0,1,2,C03,7,6,5,30,3,1,1,5,4,5,13,4,4,10,5,5,2,17,2,59,2,8,6,1,7,9,1,10,9,11,,107,,1,21,121.4974948,25.0213794
113,3,15,11,40,2,03中山區,中山區中山北路2段56號,0,0,1,1,C03,6,6,6,50,14,9,1,4,4,5,13,4,4,1,4,4,2,12,1,26,3,10,5,1,7,9,1,10,2,12,,108,,1,21,121.5226277,25.0558062
113,3,15,11,40,2,03中山區,中山區中山北路2段56號,0,0,1,2,C03,6,6,6,50,14,9,1,4,4,5,13,4,4,1,4,4,2,12,1,59,2,9,5,1,7,9,1,10,2,14,,44,,1,21,121.5226277,25.0558062
113,3,15,11,52,2,06松山區,松山區延壽街與健康路325巷口,0,0,1,1,B03,7,7,5,50,3,18,1,5,4,5,13,3,1,5,5,5,2,3,2,57,3,10,7,1,7,9,1,8,1,5,,70,,1,21,121.5671062,25.0571622
113,3,15,11,52,2,06松山區,松山區延壽街與健康路325巷口,0,0,1,2,H01,7,7,5,50,3,18,1,5,4,5,13,3,1,5,5,5,2,3,2,64,2,9,4,5,8,16,8,20,10,16,,67,,1,21,121.5671062,25.0571622
113,3,15,12,3,2,05中正區,中正區林森南路與青島東路口,0,0,1,1,B03,6,6,5,50,4,1,1,4,4,5,13,1,1,5,4,5,2,16,1,27,3,10,7,1,7,5,1,8,2,4,,44,,1,21,121.5230147,25.0436568
113,3,15,12,3,2,05中正區,中正區林森南路與青島東路口,0,0,1,2,C03,6,6,5,50,4,1,1,4,4,5,13,1,1,5,4,5,2,16,1,19,2,8,6,1,7,9,3,18,2,12,,4,,1,21,121.5230147,25.0436568
113,3,15,12,8,2,01大同區,大同區民權西路與民權西路185巷口,0,0,3,1,C03,7,6,5,50,3,2,1,4,4,5,13,4,4,1,4,5,2,17,1,33,2,5,6,1,7,15,1,10,1,14,,100,,1,21,121.5158084,25.063098
113,3,15,12,8,2,01大同區,大同區民權西路與民權西路185巷口,0,0,3,3,H02,7,6,5,50,3,2,1,4,4,5,13,4,4,1,4,5,2,17,2,72,2,9,7,5,7,17,8,20,10,16,,67,,1,21,121.5158084,25.063098
113,3,15,12,8,2,01大同區,大同區民權西路與民權西路185巷口,0,0,3,2,C03,7,6,5,50,3,2,1,4,4,5,13,4,4,1,4,5,2,17,1,72,2,9,6,1,7,9,1,10,1,12,,44,,1,21,121.5158084,25.063098
113,3,15,12,8,2,01大同區,大同區民權西路與民權西路185巷口,0,0,3,4,C03,7,6,5,50,3,2,1,4,4,5,13,4,4,1,4,5,2,17,1,43,3,10,6,1,7,14,1,10,11,17,,38,,1,21,121.5158084,25.063098
113,3,15,12,28,2,07信義區,信義區市民大道5段與東興路口,0,0,2,1,C03,7,6,5,50,4,1,1,5,4,5,13,1,1,3,3,5,2,15,1,19,2,9,6,1,7,1,1,10,1,14,,19,,1,21,121.5658837,25.0482299
113,3,15,12,28,2,07信義區,信義區市民大道5段與東興路口,0,0,2,2,C03,7,6,5,50,4,1,1,5,4,5,13,1,1,3,3,5,2,15,1,29,2,8,6,1,7,9,1,10,1,11,,13,,1,21,121.5658837,25.0482299
113,3,15,13,22,2,11南港區,南港區南港路2段312號與向陽路口,0,0,2,1,C03,6,6,5,50,5,1,1,4,4,5,12,2,1,3,4,5,2,17,2,23,2,9,3,4,7,9,1,10,1,11,,99,,1,21,121.5939012,25.0547147
113,3,15,13,22,2,11南港區,南港區南港路2段312號與向陽路口,0,0,2,2,C03,6,6,5,50,5,1,1,4,4,5,12,2,1,3,4,5,2,17,1,35,2,9,3,4,7,15,1,10,1,13,,44,,1,21,121.5939012,25.0547147
113,3,15,13,28,2,07信義區,信義區虎林街132巷43號,0,0,2,1,C03,6,7,5,30,14,9,1,4,4,5,13,4,4,10,5,5,2,3,2,41,2,9,6,4,7,9,3,18,2,11,,70,,1,21,121.5753497,25.0403356
113,3,15,13,28,2,07信義區,信義區虎林街132巷43號,0,0,2,2,H01,6,7,5,30,14,9,1,4,4,5,13,4,4,10,5,5,2,3,2,83,2,9,4,5,8,16,8,20,10,16,,67,,1,21,121.5753497,25.0403356
113,3,15,13,30,2,07信義區,信義區嘉興街219巷與嘉興街口,0,0,1,1,C03,6,5,5,30,3,1,1,4,4,5,13,4,4,9,5,5,2,17,1,44,3,10,6,1,7,5,1,10,1,17,,72,,1,21,121.5562297,25.025661
113,3,15,13,30,2,07信義區,信義區嘉興街219巷與嘉興街口,0,0,1,2,C03,6,5,5,30,3,1,1,4,4,5,13,4,4,9,5,5,2,17,1,21,2,5,6,1,7,12,1,10,1,14,,44,,1,21,121.5562297,25.025661
113,3,15,13,45,2,02萬華區,萬華區環河南路2段48巷2號,0,0,2,1,C03,6,6,5,50,14,9,1,4,4,5,13,4,4,2,4,5,1,17,2,68,2,8,6,1,7,15,1,10,2,13,,9,,1,21,121.4967523,25.0382187
113,3,15,13,45,2,02萬華區,萬華區環河南路2段48巷2號,0,0,2,2,C03,6,6,5,50,14,9,1,4,4,5,13,4,4,2,4,5,1,17,2,33,2,8,6,1,7,9,1,10,2,11,,44,,1,21,121.4967523,25.0382187
113,3,15,13,55,2,07信義區,信義區基隆路2段與基隆路2段79巷口,0,0,3,1,C03,7,6,5,50,3,2,1,5,4,5,13,4,4,3,3,5,2,17,1,28,2,9,6,1,7,12,1,10,1,12,,42,,1,21,121.5580152,25.0303301
113,3,15,13,55,2,07信義區,信義區基隆路2段與基隆路2段79巷口,0,0,3,2,A02,7,6,5,50,3,2,1,5,4,5,13,4,4,3,3,5,2,17,1,53,3,10,7,1,7,12,1,2,1,17,,44,,1,21,121.5580152,25.0303301
113,3,15,13,55,2,07信義區,信義區基隆路2段與基隆路2段79巷口,0,0,3,3,H02,7,6,5,50,3,2,1,5,4,5,13,4,4,3,3,5,2,17,2,67,2,9,4,5,7,20,8,20,10,16,,67,,1,21,121.5580152,25.0303301
113,3,15,13,55,2,07信義區,信義區基隆路2段與基隆路2段79巷口,0,0,3,4,H02,7,6,5,50,3,2,1,5,4,5,13,4,4,3,3,5,2,17,2,63,2,9,4,5,7,20,8,20,10,16,,67,,1,21,121.5580152,25.0303301
113,3,15,13,55,2,07信義區,信義區基隆路2段與基隆路2段79巷口,0,0,3,5,C03,7,6,5,50,3,2,1,5,4,5,13,4,4,3,3,5,2,17,1,34,3,10,6,1,7,9,1,10,9,11,,44,,1,21,121.5580152,25.0303301
113,3,15,14,15,2,07信義區,信義區永吉路443巷9弄26號,0,0,1,1,C03,8,7,5,30,22,9,1,5,4,5,13,4,4,5,5,5,2,17,2,51,3,10,5,1,7,1,1,10,9,11,,19,,1,21,121.5799232,25.0464608
113,3,15,14,15,2,07信義區,信義區永吉路443巷9弄26號,0,0,1,2,C04,8,7,5,30,22,9,1,5,4,5,13,4,4,5,5,5,2,17,2,70,2,9,5,1,7,9,1,11,9,11,,17,,1,21,121.5799232,25.0464608
113,3,15,14,20,2,03中山區,中山區吉林路343巷與吉林路口,0,0,1,2,C03,6,6,5,50,4,2,1,4,4,5,13,4,4,5,4,5,2,17,2,48,2,9,5,1,7,9,1,10,1,17,,44,,1,21,121.5304001,25.0643829
113,3,15,14,20,2,03中山區,中山區吉林路343巷與吉林路口,0,0,1,1,C03,6,6,5,50,4,2,1,4,4,5,13,4,4,5,4,5,2,17,1,51,3,10,5,1,7,9,1,10,1,17,,44,,1,21,121.5304001,25.0643829
113,3,15,15,30,2,08士林區,士林區仰德大道2段與仰德大道2段100巷口,0,0,1,1,C03,6,5,5,40,3,2,1,4,4,5,13,1,1,8,4,5,1,13,1,20,3,10,5,1,7,12,1,10,1,13,,44,,1,21,121.5455127,25.10742931
113,3,15,15,30,2,08士林區,士林區仰德大道2段與仰德大道2段100巷口,0,0,1,2,C03,6,5,5,40,3,2,1,4,4,5,13,1,1,8,4,5,1,13,1,21,3,10,5,1,7,12,1,10,1,13,,44,,1,21,121.5455127,25.10742931
113,3,15,15,30,2,08士林區,士林區仰德大道2段與仰德大道2段100巷口,0,0,1,3,C03,6,5,5,40,3,2,1,4,4,5,13,1,1,8,4,5,1,13,1,19,2,8,5,1,7,9,1,10,1,11,,16,,1,21,121.5455127,25.10742931
113,3,15,15,30,2,08士林區,士林區仰德大道2段與仰德大道2段100巷口,0,0,1,4,C03,6,5,5,40,3,2,1,4,4,5,13,1,1,8,4,5,1,13,1,22,3,10,5,1,7,12,1,10,1,13,,44,,1,21,121.5455127,25.10742931
113,3,15,15,30,2,08士林區,士林區仰德大道2段與仰德大道2段100巷口,0,0,1,5,C03,6,5,5,40,3,2,1,4,4,5,13,1,1,8,4,5,1,13,1,21,3,10,5,1,7,12,1,10,1,11,,16,,1,21,121.5455127,25.10742931
113,3,15,15,40,2,05中正區,中正區羅斯福路3段282號前,0,0,1,1,C03,6,6,5,50,14,9,1,4,4,5,13,2,1,1,4,5,1,17,1,49,4,11,5,1,7,15,7,19,11,17,,44,,2,21,121.5321815,25.01672779
113,3,15,15,40,2,05中正區,中正區羅斯福路3段282號前,0,0,1,2,C03,6,6,5,50,14,9,1,4,4,5,13,2,1,1,4,5,1,17,2,27,2,9,5,1,7,9,1,10,2,17,,42,,1,21,121.5321815,25.01672779
113,3,15,15,43,2,02萬華區,萬華區西園路1段與西園路1段136巷口,0,0,1,1,B01,7,6,5,30,3,1,1,4,4,5,13,4,4,5,5,5,2,3,1,60,3,10,7,1,7,5,1,4,1,4,,108,,1,26,121.4996552,25.03788384
113,3,15,15,43,2,02萬華區,萬華區西園路1段與西園路1段136巷口,0,0,1,2,H01,7,6,5,30,3,1,1,4,4,5,13,4,4,5,5,5,2,3,1,78,2,7,4,5,8,16,8,20,1,16,,121,,1,21,121.4996552,25.03788384
113,3,15,16,33,2,08士林區,士林區克強路6號,0,0,1,1,C03,6,6,5,50,14,9,1,4,4,5,13,4,4,5,5,5,2,13,1,30,2,9,6,1,7,9,1,9,2,11,,16,,1,22,121.5247455,25.1088179
113,3,15,16,33,2,08士林區,士林區克強路6號,0,0,1,2,B03,6,6,5,50,14,9,1,4,4,5,13,4,4,5,5,5,2,13,2,53,3,10,7,1,7,12,1,8,2,3,,44,,1,22,121.5247455,25.1088179
113,3,15,17,0,2,12內湖區,內湖區港墘路與瑞光路口,0,0,1,3,B01,6,7,8,50,4,1,1,4,4,5,13,1,1,3,4,5,2,13,1,68,3,10,7,1,7,8,1,4,1,3,,100,,1,21,121.5749272,25.0764394
113,3,15,17,0,2,12內湖區,內湖區港墘路與瑞光路口,0,0,1,1,C03,6,7,8,50,4,1,1,4,4,5,13,1,1,3,4,5,2,13,2,30,2,9,5,1,7,12,1,9,1,11,,108,,1,21,121.5749272,25.0764394
113,3,15,17,0,2,12內湖區,內湖區港墘路與瑞光路口,0,0,1,2,C03,6,7,8,50,4,1,1,4,4,5,13,1,1,3,4,5,2,13,1,31,3,10,5,1,7,12,1,10,1,14,,44,,1,21,121.5749272,25.0764394
113,3,15,17,15,2,12內湖區,內湖區新明路與新明路174巷口,0,0,2,1,F01,6,6,5,50,3,2,1,4,4,5,13,1,1,5,4,5,1,15,1,79,2,1,4,1,7,9,8,20,1,12,,81,,1,21,121.5854429,25.05736741
113,3,15,17,15,2,12內湖區,內湖區新明路與新明路174巷口,0,0,2,2,C03,6,6,5,50,3,2,1,4,4,5,13,1,1,5,4,5,1,15,1,44,2,9,5,1,7,9,1,10,1,11,,108,,1,21,121.5854429,25.05736741
113,3,15,17,22,2,11南港區,南港區忠孝東路6段102號對面,0,0,2,1,C03,7,5,5,40,14,8,1,4,4,5,13,4,4,1,4,4,2,12,1,23,2,8,5,4,7,15,3,18,1,11,,108,,1,22,121.5841438,25.0473097
113,3,15,17,22,2,11南港區,南港區忠孝東路6段102號對面,0,0,2,2,C03,7,5,5,40,14,8,1,4,4,5,13,4,4,1,4,4,2,12,1,62,2,8,5,4,7,9,1,10,1,17,,44,,1,22,121.5841438,25.0473097
113,3,15,17,28,2,07信義區,信義區吳興街220巷與吳興街220巷37弄口,0,0,1,1,B03,6,6,5,50,3,2,1,4,4,5,13,2,1,9,5,5,2,16,1,37,3,10,3,4,7,5,1,8,2,8,1,8,,1,21,121.5622968,25.02701
113,3,15,17,28,2,07信義區,信義區吳興街220巷與吳興街220巷37弄口,0,0,1,2,C03,6,6,5,50,3,2,1,4,4,5,13,2,1,9,5,5,2,16,2,23,2,9,5,1,7,9,1,10,2,11,14,44,,1,21,121.5622968,25.02701
113,3,15,17,38,2,05中正區,中正區中山南路3號,0,0,1,1,C03,6,6,5,50,14,9,1,4,4,5,13,4,4,1,4,5,2,13,1,20,2,8,6,1,7,15,1,9,2,11,,16,,1,21,121.5191397,25.0436401
113,3,15,17,38,2,05中正區,中正區中山南路3號,0,0,1,2,B03,6,6,5,50,14,9,1,4,4,5,13,4,4,1,4,5,2,13,1,71,3,10,7,1,7,14,1,8,2,6,,44,,1,21,121.5191397,25.0436401
113,3,15,18,13,2,10文山區,文山區木柵路4段與木柵路4段33巷口,0,0,1,1,C03,6,5,5,50,3,1,1,4,4,5,13,1,1,10,5,5,2,17,2,24,3,10,3,4,7,5,1,10,1,15,,71,,1,22,121.5715873,24.9940344
113,3,15,18,13,2,10文山區,文山區木柵路4段與木柵路4段33巷口,0,0,1,2,C03,6,5,5,50,3,1,1,4,4,5,13,1,1,10,5,5,2,17,2,45,2,8,3,4,7,9,1,10,1,14,,44,,1,22,121.5715873,24.9940344
113,3,15,18,23,2,12內湖區,內湖區康寧路3段219巷與康寧路3段口,0,0,1,1,B02,6,5,5,50,3,1,1,4,4,5,13,4,4,1,4,5,2,16,1,58,3,10,7,1,7,8,1,8,1,6,,100,,1,21,121.6120635,25.0681089
113,3,15,18,23,2,12內湖區,內湖區康寧路3段219巷與康寧路3段口,0,0,1,2,C03,6,5,5,50,3,1,1,4,4,5,13,4,4,1,4,5,2,16,1,21,2,9,5,1,7,9,1,10,1,12,,44,,1,21,121.6120635,25.0681089
113,3,15,19,24,2,11南港區,南港區忠孝東路7段與向陽路口,0,0,3,1,C03,7,5,5,50,5,1,1,4,4,5,13,1,1,1,4,5,2,17,1,27,2,9,6,1,7,5,1,10,1,14,,8,,1,21,121.5955952,25.05076819
113,3,15,19,24,2,11南港區,南港區忠孝東路7段與向陽路口,0,0,3,2,C03,7,5,5,50,5,1,1,4,4,5,13,1,1,1,4,5,2,17,1,22,2,9,6,1,7,9,1,10,1,12,,44,,1,21,121.5955952,25.05076819
113,3,15,19,24,2,11南港區,南港區忠孝東路7段與向陽路口,0,0,3,3,H02,7,5,5,50,5,1,1,4,4,5,13,1,1,1,4,5,2,17,2,26,2,8,6,5,7,20,8,20,10,16,,67,,1,21,121.5955952,25.05076819
113,3,15,19,36,2,04大安區,大安區敦化南路2段與四維路170巷口,0,0,2,1,C03,6,5,5,50,4,2,1,4,4,5,13,2,1,1,4,1,2,17,1,34,2,9,3,4,7,9,1,10,1,12,,44,,1,22,121.5485125,25.02832124
113,3,15,19,36,2,04大安區,大安區敦化南路2段與四維路170巷口,0,0,2,2,C03,6,5,5,50,4,2,1,4,4,5,13,2,1,1,4,1,2,17,1,47,2,8,3,4,7,15,1,10,1,14,,100,,1,22,121.5485125,25.02832124
113,3,15,19,36,2,04大安區,大安區敦化南路2段與四維路170巷口,0,0,2,3,A05,6,5,5,50,4,2,1,4,4,5,13,2,1,1,4,1,2,17,1,57,3,10,3,4,7,9,1,2,1,2,,44,,1,22,121.5485125,25.02832124
113,3,15,20,1,2,06松山區,松山區延壽街137號,0,0,1,1,C03,8,5,5,50,14,9,1,4,4,5,13,4,4,9,5,5,2,16,2,40,2,8,6,1,7,1,1,14,1,12,,19,,1,22,121.5640212,25.05691518
113,3,15,20,1,2,06松山區,松山區延壽街137號,0,0,1,2,B03,8,5,5,50,14,9,1,4,4,5,13,4,4,9,5,5,2,16,1,53,3,10,7,1,7,9,1,8,1,4,,44,,1,22,121.5640212,25.05691518
113,3,15,21,12,2,03中山區,中山區建國高架道與長安東路2段口匝道,0,0,1,1,B01,8,5,5,40,10,16,1,5,4,5,13,4,4,1,4,5,2,13,1,60,3,10,3,4,7,9,1,4,1,1,,107,,1,22,121.5365308,25.0467013
113,3,15,21,12,2,03中山區,中山區建國高架道與長安東路2段口匝道,0,0,1,2,B03,8,5,5,40,10,16,1,5,4,5,13,4,4,1,4,5,2,13,1,41,3,10,3,4,7,9,1,8,1,3,,44,,1,22,121.5365308,25.0467013
113,3,15,21,12,2,03中山區,中山區建國高架道與長安東路2段口匝道,0,0,1,3,H02,8,5,5,40,10,16,1,5,4,5,13,4,4,1,4,5,2,13,2,70,2,3,4,5,7,17,8,20,10,16,,67,,1,22,121.5365308,25.0467013
113,3,15,23,0,2,02萬華區,萬華區內江街126號,0,0,1,1,B01,8,5,5,50,14,9,1,5,4,5,13,4,4,10,5,5,2,17,1,56,3,10,3,4,7,1,1,4,1,4,,19,,1,21,121.5031037,25.0415463
113,3,15,23,0,2,02萬華區,萬華區內江街126號,0,0,1,2,C03,8,5,5,50,14,9,1,5,4,5,13,4,4,10,5,5,2,17,1,28,2,9,3,4,7,9,1,10,1,14,,44,,1,21,121.5031037,25.0415463
113,3,15,23,47,2,03中山區,中山區市民大道2段與長安東路1段52巷口,0,0,2,1,B03,7,5,5,50,3,2,1,5,4,5,13,3,1,5,4,5,2,17,1,38,3,10,7,1,7,6,1,8,1,4,,84,,1,21,121.5276378,25.0470364
113,3,15,23,47,2,03中山區,中山區市民大道2段與長安東路1段52巷口,0,0,2,2,C03,7,5,5,50,3,2,1,5,4,5,13,3,1,5,4,5,2,17,1,19,2,9,5,1,7,10,1,10,1,14,,102,,1,21,121.5276378,25.0470364
113,3,15,23,47,2,03中山區,中山區市民大道2段與長安東路1段52巷口,0,0,2,3,C03,7,5,5,50,3,2,1,5,4,5,13,3,1,5,4,5,2,17,1,25,2,9,5,1,7,9,1,10,1,12,,13,,1,21,121.5276378,25.0470364
113,3,16,0,29,2,06松山區,松山區南京東路5段123巷11號,0,0,1,1,F01,7,5,5,0,14,9,1,5,4,5,13,4,4,9,4,5,2,2,2,22,3,10,4,4,7,9,8,20,7,15,,5,,1,22,121.5607901,25.0523298
113,3,16,0,29,2,06松山區,松山區南京東路5段123巷11號,0,0,1,2,H01,7,5,5,0,14,9,1,5,4,5,13,4,4,9,4,5,2,2,1,69,2,7,4,5,8,16,8,20,5,16,,67,,1,22,121.5607901,25.0523298
113,3,16,2,44,2,03中山區,中山區中山北路3段與民族西路口,0,0,1,1,B01,8,5,5,50,4,1,1,5,4,5,13,1,1,9,4,5,1,16,1,55,3,10,3,4,7,6,1,4,1,2,,9,,1,21,121.522738,25.0685179
113,3,16,2,44,2,03中山區,中山區中山北路3段與民族西路口,0,0,1,2,C03,8,5,5,50,4,1,1,5,4,5,13,1,1,9,4,5,1,16,1,22,2,9,6,4,7,9,1,9,1,11,,13,,1,22,121.522738,25.0685179
113,3,16,2,44,2,03中山區,中山區中山北路3段與民族西路口,0,0,1,3,,8,5,5,50,4,1,1,5,4,5,13,1,1,9,4,5,1,16,4,0,,,,,,,,,11,,,119,,2,,121.522738,25.0685179
113,3,16,8,5,2,05中正區,中正區市民大道2段與金山北路1段口,0,0,2,1,C03,7,7,5,40,14,8,1,5,4,5,13,1,1,1,4,1,2,13,1,35,2,4,5,1,7,14,1,10,2,13,,44,,1,21,121.5304914,25.04597719
113,3,16,8,5,2,05中正區,中正區市民大道2段與金山北路1段口,0,0,2,2,C03,7,7,5,40,14,8,1,5,4,5,13,1,1,1,4,1,2,13,2,49,2,9,5,1,7,9,1,10,2,11,,108,,1,21,121.5304914,25.04597719
113,3,16,8,7,2,10文山區,文山區福和河濱公園南往北(福和047燈桿),0,0,2,3,H01,8,6,8,0,22,22,1,5,4,5,13,4,4,5,5,5,1,9,2,39,2,9,4,5,8,18,8,20,10,16,,67,,1,22,121.5469841,24.9999875
113,3,16,8,7,2,10文山區,文山區福和河濱公園南往北(福和047燈桿),0,0,2,2,H01,8,6,8,0,22,22,1,5,4,5,13,4,4,5,5,5,1,9,1,32,2,9,4,5,8,18,8,20,10,16,,67,,1,22,121.5469841,24.9999875
113,3,16,8,7,2,10文山區,文山區福和河濱公園南往北(福和047燈桿),0,0,2,1,F01,8,6,8,0,22,22,1,5,4,5,13,4,4,5,5,5,1,9,1,61,3,10,4,1,7,9,8,20,11,15,,108,,1,22,121.5469841,24.9999875