發生年度,發生月,發生日,發生時-Hours,發生分,處理別-編號,區序,肇事地點,死亡人數,2-30日死亡人數,受傷人數,當事人序號,車種,天候,道路照明設備,道路類別,速限-速度限制,道路型態,事故位置,路面狀況1,路面狀況2,路面狀況3,道路障礙1,道路障礙2,號誌1,號誌2,車道劃分-分向,車道劃分-分道1,車道劃分-分道2,車道劃分-分道3,事故類型及型態,性別,年齡,受傷程度,主要傷處,保護裝置,行動電話,車輛用途,當事者行動狀態,駕駛資格情形,駕駛執照種類,飲酒情形,車輛撞擊部位1,車輛撞擊部位2,肇因碼-個別,肇因碼-主要,個人肇逃否,職業,座標-X,座標-Y
113,3,16,8,58,2,10文山區,文山區辛亥路4段與辛亥路4段166巷口,0,0,1,2,C03,8,6,5,50,3,1,1,5,4,5,13,2,1,1,4,5,2,17,1,29,2,9,6,1,7,9,1,10,2,11,,44,,1,22,121.556312,25.0036937
113,3,16,8,58,2,10文山區,文山區辛亥路4段與辛亥路4段166巷口,0,0,1,1,B03,8,6,5,50,3,1,1,5,4,5,13,2,1,1,4,5,2,17,1,34,3,10,7,1,7,5,1,8,2,1,,71,,1,22,121.556312,25.0036937
113,3,16,9,5,2,03中山區,中山區民權東路3段75巷與民權東路3段口,0,0,1,1,B01,8,7,6,50,3,2,1,5,4,5,13,4,4,10,4,5,2,13,1,48,3,10,7,1,7,6,1,4,1,6,,9,,1,22,121.5439258,25.0625053
113,3,16,9,5,2,03中山區,中山區民權東路3段75巷與民權東路3段口,0,0,1,2,C03,8,7,6,50,3,2,1,5,4,5,13,4,4,10,4,5,2,13,1,45,2,9,6,1,7,9,1,10,1,11,,14,,1,22,121.5439258,25.0625053
113,3,16,9,18,2,09北投區,北投區崗山路與崗山路5巷口,0,0,1,1,C04,7,7,5,30,4,1,1,5,4,5,13,4,4,10,5,5,2,15,2,39,2,8,5,1,7,9,1,11,1,11,,72,,1,22,121.4867956,25.14030961
113,3,16,9,18,2,09北投區,北投區崗山路與崗山路5巷口,0,0,1,2,B03,7,7,5,30,4,1,1,5,4,5,13,4,4,10,5,5,2,15,2,47,3,10,7,1,7,9,1,8,1,2,,14,,1,22,121.4867956,25.14030961
113,3,16,9,50,2,05中正區,中正區水源路與思源街口古亭河濱公園,0,0,2,1,F01,8,6,5,30,3,1,1,5,4,5,13,4,4,5,5,5,1,17,2,52,2,8,4,1,7,9,8,20,1,11,,42,,1,21,121.5289233,25.01119888
113,3,16,9,50,2,05中正區,中正區水源路與思源街口古亭河濱公園,0,0,2,2,F01,8,6,5,30,3,1,1,5,4,5,13,4,4,5,5,5,1,17,1,58,2,7,4,1,7,9,8,20,1,11,,42,,1,21,121.5289233,25.01119888
113,3,16,9,50,2,05中正區,中正區水源路與思源街口古亭河濱公園,0,0,2,3,,8,6,5,30,3,1,1,5,4,5,13,4,4,5,5,5,1,17,3,46,,,,,,,,,,,,67,,1,,121.5289233,25.01119888
113,3,16,9,58,2,04大安區,大安區敦化南路1段與敦化南路1段161巷5弄口,0,0,2,1,C04,7,7,5,30,4,2,1,5,4,5,13,4,4,9,3,5,1,15,1,33,2,7,5,1,7,9,1,10,1,12,,80,,1,21,121.5496685,25.0435159
113,3,16,9,58,2,04大安區,大安區敦化南路1段與敦化南路1段161巷5弄口,0,0,2,2,C03,7,7,5,30,4,2,1,5,4,5,13,4,4,9,3,5,1,15,2,19,2,8,5,1,7,9,1,10,1,11,,13,,1,26,121.5496685,25.0435159
113,3,16,10,28,2,10文山區,文山區興隆路4段145巷57弄與忠順街2段85巷1弄口,0,0,1,1,C03,8,6,5,50,4,2,2,5,4,5,13,4,4,10,5,5,2,17,2,75,2,9,5,4,7,9,1,10,1,12,,72,,1,21,121.5642922,24.9853983
113,3,16,10,28,2,10文山區,文山區興隆路4段145巷57弄與忠順街2段85巷1弄口,0,0,1,2,B03,8,6,5,50,4,2,2,5,4,5,13,4,4,10,5,5,2,17,1,71,3,10,3,4,7,9,1,8,1,1,,14,,1,21,121.5642922,24.9853983
113,3,16,10,30,2,08士林區,士林區中山北路6段與忠誠路1段口,0,0,1,1,B03,8,6,5,50,5,2,1,5,4,5,13,2,1,1,4,5,1,17,1,50,3,10,7,1,7,7,1,8,2,4,,100,,1,21,121.5249056,25.1039656
113,3,16,10,30,2,08士林區,士林區中山北路6段與忠誠路1段口,0,0,1,2,C03,8,6,5,50,5,2,1,5,4,5,13,2,1,1,4,5,1,17,2,20,2,9,5,1,7,9,1,10,2,12,,13,,1,21,121.5249056,25.1039656
113,3,16,10,31,2,04大安區,大安區光復南路與光復南路692巷口,0,0,1,1,B01,7,6,5,50,3,2,1,5,4,5,13,1,1,1,4,5,1,12,1,50,3,10,7,1,7,9,1,4,2,5,,44,,1,21,121.5573278,25.0299966
113,3,16,10,31,2,04大安區,大安區光復南路與光復南路692巷口,0,0,1,2,F01,7,6,5,50,3,2,1,5,4,5,13,1,1,1,4,5,1,12,2,76,2,9,4,1,7,7,8,20,2,14,,100,,1,21,121.5573278,25.0299966
113,3,16,11,5,2,09北投區,北投區泉源路硫磺谷停車場前,0,0,1,1,B03,7,5,5,40,14,9,1,5,4,5,13,4,4,5,2,5,1,16,1,44,3,10,7,1,7,5,1,8,1,8,,74,,1,21,121.5212158,25.1436687
113,3,16,11,5,2,09北投區,北投區泉源路硫磺谷停車場前,0,0,1,2,C03,7,5,5,40,14,9,1,5,4,5,13,4,4,5,2,5,1,16,1,17,2,9,5,1,7,9,2,18,1,11,,44,,1,21,121.5212158,25.1436687
113,3,16,11,10,2,05中正區,中正區愛國西路與羅斯福路1段口,0,0,1,1,C03,8,7,5,50,4,1,1,5,4,5,13,1,1,1,4,1,2,13,1,55,2,7,5,4,7,9,1,10,1,11,,108,,1,21,121.5173253,25.0345365
113,3,16,11,10,2,05中正區,中正區愛國西路與羅斯福路1段口,0,0,1,2,C03,8,7,5,50,4,1,1,5,4,5,13,1,1,1,4,1,2,13,2,20,3,10,5,4,7,6,1,9,1,13,,44,,1,21,121.5173253,25.0345365
113,3,16,11,25,2,12內湖區,內湖區康寧路1段56號,0,0,1,1,B03,8,7,5,30,14,9,1,5,4,5,13,4,4,7,5,5,2,2,1,29,3,10,7,1,7,9,1,8,1,10,,108,,1,21,121.5920216,25.0802182
113,3,16,11,25,2,12內湖區,內湖區康寧路1段56號,0,0,1,2,H01,8,7,5,30,14,9,1,5,4,5,13,4,4,7,5,5,2,2,2,60,2,8,4,5,8,16,8,20,10,16,,54,,1,21,121.5920216,25.0802182
113,3,16,11,45,2,09北投區,北投區立農街1段與立農街1段320巷口,0,0,2,1,C04,7,6,5,30,4,1,1,5,4,5,13,4,4,10,5,5,1,15,2,21,2,9,6,1,7,9,1,10,1,13,,14,,1,21,121.5067329,25.1194965
113,3,16,11,45,2,09北投區,北投區立農街1段與立農街1段320巷口,0,0,2,2,C03,7,6,5,30,4,1,1,5,4,5,13,4,4,10,5,5,1,15,1,59,2,9,6,1,7,9,1,10,1,11,,14,,1,21,121.5067329,25.1194965
113,3,16,11,50,2,08士林區,士林區美崙街26號,0,0,1,1,B03,8,6,5,50,14,9,1,5,4,5,13,4,4,10,5,5,1,2,1,62,4,11,3,4,7,15,1,8,9,15,,108,,2,21,121.5230118,25.0971976
113,3,16,11,50,2,08士林區,士林區美崙街26號,0,0,1,2,H01,8,6,5,50,14,9,1,5,4,5,13,4,4,10,5,5,1,2,2,83,2,9,4,5,8,16,8,20,10,16,,67,,1,21,121.5230118,25.0971976
113,3,16,12,58,2,03中山區,中山區民權東路1段與雙城街口,0,0,1,1,C03,7,6,5,50,3,2,1,5,4,5,13,1,1,1,4,5,2,13,1,23,2,1,5,1,7,9,1,10,2,11,,107,,1,21,121.5240779,25.062641
113,3,16,12,58,2,03中山區,中山區民權東路1段與雙城街口,0,0,1,2,B03,7,6,5,50,3,2,1,5,4,5,13,1,1,1,4,5,2,13,1,42,3,10,7,1,7,9,1,8,2,3,,44,,1,21,121.5240779,25.062641
113,3,16,13,0,2,05中正區,中正區忠孝東路2段與八德路1段口,0,0,1,1,C03,8,6,5,40,3,1,1,5,4,5,13,1,1,1,2,4,2,13,1,37,2,9,6,4,7,9,1,10,2,11,,108,,1,22,121.5287822,25.04331479
113,3,16,13,0,2,05中正區,中正區忠孝東路2段與八德路1段口,0,0,1,2,C03,8,6,5,40,3,1,1,5,4,5,13,1,1,1,2,4,2,13,1,63,3,10,6,4,7,14,1,10,2,13,,44,,1,21,121.5287822,25.04331479
113,3,16,13,15,2,10文山區,文山區羅斯福路6段435號,0,0,1,1,C04,8,6,5,50,14,9,1,5,4,4,13,4,4,1,4,5,2,29,2,30,2,9,5,1,7,9,1,11,2,11,,44,,1,21,121.5399462,24.9905062
113,3,16,13,15,2,10文山區,文山區羅斯福路6段435號,0,0,1,2,,8,6,5,50,14,9,1,5,4,4,13,4,4,1,4,5,2,29,3,38,,,,,,,,,,,,67,,1,,121.5399462,24.9905062
113,3,16,13,44,2,02萬華區,萬華區忠孝橋往北市(下橋處),0,0,1,1,B03,8,5,5,50,14,7,1,5,4,5,13,1,1,9,4,4,2,17,1,40,2,7,7,4,7,7,1,8,2,4,,100,,1,21,121.5085736,25.04846133
113,3,16,13,44,2,02萬華區,萬華區忠孝橋往北市(下橋處),0,0,1,2,A02,8,5,5,50,14,7,1,5,4,5,13,1,1,9,4,4,2,17,1,55,3,10,7,4,7,9,1,2,2,2,,44,,1,21,121.5085736,25.04846133
113,3,16,14,27,2,11南港區,南港區市民大道8段東往西0402197燈,0,0,1,1,A31,7,6,5,50,14,9,1,5,4,5,12,4,4,3,4,5,2,17,1,53,3,10,3,4,7,10,1,1,2,5,,100,,1,21,121.6111949,25.0312347
113,3,16,14,27,2,11南港區,南港區市民大道8段東往西0402197燈,0,0,1,2,C03,7,6,5,50,14,9,1,5,4,5,12,4,4,3,4,5,2,17,1,22,2,9,3,4,7,9,1,10,2,11,,13,,1,21,121.6111949,25.0312347
113,3,16,14,27,2,11南港區,南港區市民大道8段東往西0402197燈,0,0,1,3,,7,6,5,50,14,9,1,5,4,5,12,4,4,3,4,5,2,17,3,0,,,,,,,,,,,,67,,1,,121.6111949,25.0312347
113,3,16,15,3,2,04大安區,大安區建國南路1段318巷與建國南路1段口,0,0,1,1,C03,8,7,5,30,3,2,1,5,4,5,13,4,4,10,5,5,1,16,1,34,3,10,5,1,7,6,1,9,1,12,,70,,1,26,121.5374455,25.0356878
113,3,16,15,3,2,04大安區,大安區建國南路1段318巷與建國南路1段口,0,0,1,2,F01,8,7,5,30,3,2,1,5,4,5,13,4,4,10,5,5,1,16,2,71,2,8,4,1,7,9,8,20,1,15,,99,,1,21,121.5374455,25.0356878
113,3,16,15,5,2,04大安區,大安區仁愛路3段與建國南路1段口,0,0,1,1,B03,8,5,5,50,4,1,1,5,4,5,13,2,1,1,4,5,2,12,1,55,3,10,7,1,7,21,1,8,1,5,,42,,1,21,121.5379658,25.0379337
113,3,16,15,5,2,04大安區,大安區仁愛路3段與建國南路1段口,0,0,1,2,C03,8,5,5,50,4,1,1,5,4,5,13,2,1,1,4,5,2,12,1,25,3,10,6,1,7,9,1,10,1,14,,44,,1,21,121.5379658,25.0379337
113,3,16,15,5,2,04大安區,大安區仁愛路3段與建國南路1段口,0,0,1,3,H02,8,5,5,50,4,1,1,5,4,5,13,2,1,1,4,5,2,12,2,26,2,8,6,5,7,21,8,20,10,16,,67,,1,21,121.5379658,25.0379337
113,3,16,15,12,2,01大同區,大同區環河堤外便道3號水門堤外機慢車道,0,0,1,1,C03,7,6,5,40,14,9,1,5,4,5,13,4,4,4,5,5,2,17,1,31,3,10,6,1,7,9,1,10,1,14,,108,,1,21,121.506318,25.0503483
113,3,16,15,12,2,01大同區,大同區環河堤外便道3號水門堤外機慢車道,0,0,1,2,C03,7,6,5,40,14,9,1,5,4,5,13,4,4,4,5,5,2,17,2,59,2,9,6,1,7,9,3,18,1,12,,44,,1,21,121.506318,25.0503483
113,3,16,15,19,2,06松山區,松山區中坡北路北往南第0204235號燈桿,0,0,1,1,B03,7,6,5,30,14,9,1,5,4,5,13,4,4,10,5,5,2,13,1,37,3,10,7,4,7,9,1,8,1,1,,16,,1,21,121.5796402,25.05075914
113,3,16,15,19,2,06松山區,松山區中坡北路北往南第0204235號燈桿,0,0,1,2,B03,7,6,5,30,14,9,1,5,4,5,13,4,4,10,5,5,2,13,1,61,3,10,7,4,7,12,1,8,1,3,,42,,1,21,121.5796402,25.05075914
113,3,16,15,19,2,06松山區,松山區中坡北路北往南第0204235號燈桿,0,0,1,3,H02,7,6,5,30,14,9,1,5,4,5,13,4,4,10,5,5,2,13,1,4,2,4,3,5,7,20,8,20,10,16,,67,,1,21,121.5796402,25.05075914
113,3,16,15,37,2,09北投區,北投區承德路7段139號,0,0,3,2,C03,7,6,5,50,14,8,1,5,4,5,13,4,4,1,4,4,1,12,1,24,2,9,5,1,7,8,1,10,1,13,,100,,1,21,121.5089701,25.11257768
113,3,16,15,37,2,09北投區,北投區承德路7段139號,0,0,3,1,B03,7,6,5,50,14,8,1,5,4,5,13,4,4,1,4,4,1,12,1,68,3,10,7,1,7,8,1,8,1,2,,100,,1,21,121.5089701,25.11257768
113,3,16,15,37,2,09北投區,北投區承德路7段139號,0,0,3,3,C03,7,6,5,50,14,8,1,5,4,5,13,4,4,1,4,4,1,12,1,31,2,9,5,1,7,9,1,10,1,11,,108,,1,21,121.5089701,25.11257768
113,3,16,15,37,2,09北投區,北投區承德路7段139號,0,0,3,4,H02,7,6,5,50,14,8,1,5,4,5,13,4,4,1,4,4,1,12,2,20,2,9,5,5,7,20,8,20,10,16,,67,,1,21,121.5089701,25.11257768
113,3,16,15,45,2,02萬華區,萬華區中華路1段與漢口街2段口,0,0,1,1,A02,7,6,5,50,14,9,1,5,4,5,13,2,1,9,4,5,1,9,1,65,3,10,3,4,7,15,1,2,1,17,,42,,1,21,121.5087837,25.04518051
113,3,16,15,45,2,02萬華區,萬華區中華路1段與漢口街2段口,0,0,1,2,H02,7,6,5,50,14,9,1,5,4,5,13,2,1,9,4,5,1,9,2,44,2,7,4,5,7,17,8,20,10,16,,60,,1,21,121.5087837,25.04518051
113,3,16,15,50,2,07信義區,信義區永吉路247號,0,0,1,1,B12,8,6,5,40,14,8,1,5,4,5,13,4,4,9,5,4,2,13,1,52,3,10,3,4,7,14,1,8,2,6,3,38,,1,21,121.5747868,25.0455985
113,3,16,15,50,2,07信義區,信義區永吉路247號,0,0,1,2,C03,8,6,5,40,14,8,1,5,4,5,13,4,4,9,5,4,2,13,1,41,2,9,5,1,7,8,1,10,2,11,12,108,,1,21,121.5747868,25.0455985
113,3,16,15,50,2,07信義區,信義區永吉路247號,0,0,1,3,B03,8,6,5,40,14,8,1,5,4,5,13,4,4,9,5,4,2,13,1,35,3,10,3,4,7,13,1,8,9,8,,44,,1,21,121.5747868,25.0455985
113,3,16,19,33,2,03中山區,中山區民權東路2段135巷32號,0,0,1,1,C03,8,5,5,30,14,9,1,5,4,5,13,4,4,9,5,5,2,3,2,63,3,10,5,1,7,5,1,10,1,11,,70,,1,22,121.5349515,25.0642317
113,3,16,19,33,2,03中山區,中山區民權東路2段135巷32號,0,0,1,2,H01,8,5,5,30,14,9,1,5,4,5,13,4,4,9,5,5,2,3,2,70,2,5,4,5,8,16,8,20,10,16,,60,,1,22,121.5349515,25.0642317
113,3,16,20,19,2,08士林區,士林區環河北路3段115號,0,0,2,1,B03,8,5,5,50,14,9,1,5,4,5,13,4,4,1,4,5,2,12,1,33,3,10,3,4,7,8,1,8,2,5,,100,,1,22,121.5061701,25.0849613
113,3,16,20,19,2,08士林區,士林區環河北路3段115號,0,0,2,2,C03,8,5,5,50,14,9,1,5,4,5,13,4,4,1,4,5,2,12,1,18,2,9,3,4,7,9,1,10,2,14,,13,,1,22,121.5061701,25.0849613
113,3,16,20,19,2,08士林區,士林區環河北路3段115號,0,0,2,3,H02,8,5,5,50,14,9,1,5,4,5,13,4,4,1,4,5,2,12,2,18,2,7,3,5,7,17,8,20,10,16,,67,,1,22,121.5061701,25.0849613
113,3,16,20,42,2,10文山區,文山區興隆路4段與興隆路4段145巷口,0,0,1,1,B03,8,5,5,50,4,1,1,5,4,5,13,4,4,10,5,5,2,15,1,45,3,10,3,4,7,9,1,8,2,8,,42,,1,21,121.5615247,24.98495077
113,3,16,20,42,2,10文山區,文山區興隆路4段與興隆路4段145巷口,0,0,1,2,C03,8,5,5,50,4,1,1,5,4,5,13,4,4,10,5,5,2,15,2,40,3,10,3,4,7,15,1,10,2,14,,42,,1,21,121.5615247,24.98495077
113,3,16,20,42,2,10文山區,文山區興隆路4段與興隆路4段145巷口,0,0,1,3,H02,8,5,5,50,4,1,1,5,4,5,13,4,4,10,5,5,2,15,2,9,2,8,3,5,7,20,8,20,10,16,,67,,1,21,121.5615247,24.98495077
113,3,16,20,55,2,04大安區,大安區敦化南路1段與仁愛路4段112巷13弄口,0,0,1,1,B03,7,5,5,50,3,1,1,5,4,5,13,4,4,10,4,5,2,17,1,32,3,10,3,4,7,6,1,8,1,2,,9,,1,21,121.5491104,25.0363327
113,3,16,20,55,2,04大安區,大安區敦化南路1段與仁愛路4段112巷13弄口,0,0,1,2,C03,7,5,5,50,3,1,1,5,4,5,13,4,4,10,4,5,2,17,1,40,2,8,5,4,7,9,1,10,1,14,,108,,1,21,121.5491104,25.0363327
113,3,16,21,12,2,05中正區,中正區重慶北路1段與北平西路口,0,0,1,1,B01,8,7,5,50,4,1,1,5,4,5,13,1,1,9,4,5,1,17,1,48,3,10,7,1,7,11,1,2,2,1,,98,,1,21,121.5134847,25.0482202
113,3,16,21,12,2,05中正區,中正區重慶北路1段與北平西路口,0,0,1,2,C03,8,7,5,50,4,1,1,5,4,5,13,1,1,9,4,5,1,17,2,25,2,7,6,1,7,6,1,10,2,14,,44,,1,22,121.5134847,25.0482202
113,3,16,21,19,2,04大安區,大安區光復南路244號,0,0,2,1,C02,7,5,5,50,14,9,1,5,4,5,13,4,4,1,4,5,2,9,1,41,2,8,6,4,7,9,1,9,1,11,,44,,1,22,121.557717,25.0406932
113,3,16,21,19,2,04大安區,大安區光復南路244號,0,0,2,2,H01,7,5,5,50,14,9,1,5,4,5,13,4,4,1,4,5,2,9,1,63,2,8,4,5,8,20,8,20,10,16,,60,,1,21,121.557717,25.0406932
113,3,16,21,20,2,08士林區,士林區承德路4段10巷與通河街76巷口,0,0,1,1,B01,8,5,5,30,4,1,1,5,4,5,13,4,4,5,5,5,2,15,1,67,3,10,3,4,7,9,1,4,1,4,,14,,1,22,121.520127,25.0801447
113,3,16,21,20,2,08士林區,士林區承德路4段10巷與通河街76巷口,0,0,1,2,C03,8,5,5,30,4,1,1,5,4,5,13,4,4,5,5,5,2,15,1,37,2,9,3,4,7,9,1,10,1,14,,44,,1,22,121.520127,25.0801447
113,3,16,21,32,2,06松山區,松山區民權東路4段西向東(燈桿0205123),0,0,1,1,B03,8,5,5,50,14,9,1,5,4,5,13,4,4,1,4,4,2,12,1,44,3,10,7,4,7,8,1,8,1,6,,100,,1,21,121.55431,25.06180935
113,3,16,21,32,2,06松山區,松山區民權東路4段西向東(燈桿0205123),0,0,1,2,B01,8,5,5,50,14,9,1,5,4,5,13,4,4,1,4,4,2,12,1,44,2,9,7,4,7,9,1,8,1,1,,44,,1,21,121.55431,25.06180935
113,3,16,22,7,2,03中山區,中山區新生北路3段與農安街口迴轉道,0,0,1,1,B03,8,5,5,50,14,9,1,5,4,5,13,4,4,10,5,5,2,3,1,36,3,10,3,4,7,6,1,8,1,5,,108,,1,22,121.5271143,25.0650726
113,3,16,22,7,2,03中山區,中山區新生北路3段與農安街口迴轉道,0,0,1,2,H01,8,5,5,50,14,9,1,5,4,5,13,4,4,10,5,5,2,3,1,54,2,8,4,5,8,16,8,20,10,16,,121,,1,22,121.5271143,25.0650726
113,3,16,22,15,2,06松山區,松山區民生東路4段56巷與民生東路4段口,0,0,1,1,B03,8,5,5,50,3,2,1,5,4,5,13,4,4,1,4,5,2,16,1,60,3,10,7,1,7,6,1,8,2,2,,9,,1,22,121.5515285,25.05788705
113,3,16,22,15,2,06松山區,松山區民生東路4段56巷與民生東路4段口,0,0,1,2,C03,8,5,5,50,3,2,1,5,4,5,13,4,4,1,4,5,2,16,2,18,2,9,6,1,7,9,1,10,2,14,,107,,1,22,121.5515285,25.05788705
113,3,16,23,13,2,05中正區,中正區羅斯福路4段與基隆路4段口,0,0,1,1,C03,8,5,5,50,4,1,1,5,4,5,13,1,1,1,4,5,2,17,1,22,3,10,5,1,7,8,1,10,2,13,,100,,1,21,121.5369853,25.0113513
113,3,16,23,13,2,05中正區,中正區羅斯福路4段與基隆路4段口,0,0,1,2,C03,8,5,5,50,4,1,1,5,4,5,13,1,1,1,4,5,2,17,2,60,2,9,5,1,7,9,1,10,2,11,,44,,1,21,121.5369853,25.0113513
113,3,16,23,31,2,03中山區,中山區新生北路1段與長安東路1段口,0,0,1,1,C03,8,5,5,50,14,9,1,5,4,5,13,2,1,9,4,5,2,12,1,19,2,9,5,1,7,9,1,10,1,11,,44,,1,22,121.5295137,25.0486183
113,3,16,23,31,2,03中山區,中山區新生北路1段與長安東路1段口,0,0,1,2,B01,8,5,5,50,14,9,1,5,4,5,13,2,1,9,4,5,2,12,1,44,3,10,3,4,7,7,1,4,1,7,,71,,1,22,121.5295137,25.0486183
113,3,16,23,40,2,08士林區,士林區中山北路6段與克強路口,0,0,1,1,B03,8,5,5,50,3,2,1,5,4,5,13,2,1,1,5,5,1,17,1,46,3,10,7,1,7,11,1,8,1,5,,10,,1,21,121.5253207,25.1088146
113,3,16,23,40,2,08士林區,士林區中山北路6段與克強路口,0,0,1,2,C03,8,5,5,50,3,2,1,5,4,5,13,2,1,1,5,5,1,17,1,26,2,9,5,1,7,9,1,10,1,11,,108,,1,21,121.5253207,25.1088146
113,3,17,4,45,2,05中正區,中正區汀州路3段與思源街口,0,0,2,1,C03,7,5,5,50,4,18,1,5,4,5,13,2,1,4,4,5,1,3,1,24,2,9,5,1,7,5,1,10,2,14,,70,,1,21,121.5326016,25.01486605
113,3,17,4,45,2,05中正區,中正區汀州路3段與思源街口,0,0,2,2,H01,7,5,5,50,4,18,1,5,4,5,13,2,1,4,4,5,1,3,1,47,2,9,4,5,8,18,8,20,10,16,,122,,1,21,121.5326016,25.01486605
113,3,17,6,44,2,10文山區,文山區辛亥路5段與辛亥路5段25巷口口,0,0,2,1,C03,8,6,5,50,4,1,1,5,4,5,13,2,1,1,4,5,2,15,2,32,2,3,5,1,7,9,1,10,2,12,,81,,1,21,121.5541528,24.9998887
113,3,17,6,44,2,10文山區,文山區辛亥路5段與辛亥路5段25巷口口,0,0,2,2,C03,8,6,5,50,4,1,1,5,4,5,13,2,1,1,4,5,2,15,2,40,2,8,5,1,7,9,1,10,2,11,,44,,1,21,121.5541528,24.9998887
113,3,17,8,21,2,02萬華區,萬華區廣州街與廣州街265巷口,0,0,1,1,C03,8,5,5,50,3,1,1,5,4,5,13,4,4,8,3,5,1,12,1,85,2,9,3,4,7,1,3,18,1,12,,19,,1,22,121.4964214,25.0367655
113,3,17,8,21,2,02萬華區,萬華區廣州街與廣州街265巷口,0,0,1,2,B03,8,5,5,50,3,1,1,5,4,5,13,4,4,8,3,5,1,12,1,42,3,10,3,4,7,9,1,8,1,4,,44,,1,22,121.4964214,25.0367655
113,3,17,8,48,2,02萬華區,萬華區忠孝橋與西寧南路口,0,0,1,1,C03,8,7,5,50,4,1,1,5,4,5,13,2,1,3,4,5,2,17,2,30,2,8,6,1,7,5,1,10,1,14,,8,,1,21,121.5077457,25.04885632
113,3,17,8,48,2,02萬華區,萬華區忠孝橋與西寧南路口,0,0,1,2,B03,8,7,5,50,4,1,1,5,4,5,13,2,1,3,4,5,2,17,1,21,3,10,2,1,7,5,1,8,1,5,,44,,1,21,121.5077457,25.04885632
113,3,17,9,51,2,04大安區,大安區仁愛路3段24巷與新生南路1段161巷口,0,0,1,1,C03,7,6,5,30,4,1,1,5,4,5,13,4,4,10,5,5,1,15,1,52,2,9,5,1,7,9,1,10,1,11,,14,,1,21,121.5359316,25.0345795
113,3,17,9,51,2,04大安區,大安區仁愛路3段24巷與新生南路1段161巷口,0,0,1,2,B01,7,6,5,30,4,1,1,5,4,5,13,4,4,10,5,5,1,15,1,49,3,10,7,1,7,9,1,4,1,8,,14,,1,21,121.5359316,25.0345795
113,3,17,10,0,2,10文山區,文山區木柵路4段149巷與木柵路4段口,0,0,1,1,C03,8,5,5,50,3,2,1,5,4,5,13,2,1,10,5,5,1,17,1,20,3,10,6,1,7,6,3,18,9,12,,71,,2,25,121.5750192,24.9987639
113,3,17,10,0,2,10文山區,文山區木柵路4段149巷與木柵路4段口,0,0,1,2,C03,8,5,5,50,3,2,1,5,4,5,13,2,1,10,5,5,1,17,2,52,2,9,6,1,7,9,1,11,2,11,,44,,1,21,121.5750192,24.9987639
113,3,17,10,2,2,02萬華區,萬華區中興橋往台北市機車道,0,0,2,1,C03,8,6,7,30,8,11,1,5,4,5,13,4,4,10,5,5,1,17,2,44,2,8,5,1,7,12,1,10,1,11,,16,,1,21,121.4988895,25.04551064
113,3,17,10,2,2,02萬華區,萬華區中興橋往台北市機車道,0,0,2,2,C03,8,6,7,30,8,11,1,5,4,5,13,4,4,10,5,5,1,17,2,26,2,7,5,1,7,15,3,18,1,17,,44,,1,21,121.4988895,25.04551064
113,3,17,10,54,2,08士林區,士林區通河東街1段與通河東街1段口引道,0,0,4,1,C03,8,6,5,30,3,2,1,5,4,3,10,4,4,10,5,5,2,17,1,28,2,9,6,1,7,9,1,10,1,11,,107,,1,21,121.5154513,25.0867834
113,3,17,10,54,2,08士林區,士林區通河東街1段與通河東街1段口引道,0,0,4,2,C03,8,6,5,30,3,2,1,5,4,3,10,4,4,10,5,5,2,17,2,32,2,7,6,1,7,9,1,10,1,11,,32,,1,21,121.5154513,25.0867834
113,3,17,10,54,2,08士林區,士林區通河東街1段與通河東街1段口引道,0,0,4,3,A05,8,6,5,30,3,2,1,5,4,3,10,4,4,10,5,5,2,17,1,41,3,10,3,1,7,13,1,2,1,17,,38,,1,21,121.5154513,25.0867834
113,3,17,10,54,2,08士林區,士林區通河東街1段與通河東街1段口引道,0,0,4,4,H02,8,6,5,30,3,2,1,5,4,3,10,4,4,10,5,5,2,17,1,6,2,9,6,5,7,20,8,20,10,16,,67,,1,14,121.5154513,25.0867834
113,3,17,10,54,2,08士林區,士林區通河東街1段與通河東街1段口引道,0,0,4,5,H02,8,6,5,30,3,2,1,5,4,3,10,4,4,10,5,5,2,17,1,0,2,9,2,5,7,20,8,20,10,16,,42,,1,24,121.5154513,25.0867834
113,3,17,11,0,2,01大同區,大同區環河北路2段221號,0,0,1,1,B12,8,5,5,50,14,9,1,5,4,5,13,4,4,1,4,5,2,13,1,52,3,10,7,4,7,8,1,8,1,1,,100,,1,21,121.5093189,25.07001441
113,3,17,11,0,2,01大同區,大同區環河北路2段221號,0,0,1,2,C03,8,5,5,50,14,9,1,5,4,5,13,4,4,1,4,5,2,13,1,55,2,9,5,1,7,9,1,10,1,13,,44,,1,21,121.5093189,25.07001441
113,3,17,11,0,2,03中山區,中山區建國北路1段5-1號,0,0,1,1,C03,8,6,5,50,14,9,1,5,4,5,13,4,4,5,4,5,2,17,1,56,2,8,6,1,7,1,1,10,1,12,,19,,1,21,121.5367399,25.0465189
113,3,17,11,0,2,03中山區,中山區建國北路1段5-1號,0,0,1,2,B03,8,6,5,50,14,9,1,5,4,5,13,4,4,5,4,5,2,17,1,62,3,10,7,1,7,9,1,8,1,8,,44,,1,21,121.5367399,25.0465189
113,3,17,11,5,2,09北投區,北投區承德路7段與承德路7段1巷口,0,0,1,1,B03,8,6,5,60,3,2,1,5,4,5,13,1,1,9,4,5,2,16,1,36,3,10,7,1,7,6,1,8,1,5,,9,,1,21,121.5105788,25.1109536