發生年度,發生月,發生日,發生時-Hours,發生分,處理別-編號,區序,肇事地點,死亡人數,2-30日死亡人數,受傷人數,當事人序號,車種,天候,道路照明設備,道路類別,速限-速度限制,道路型態,事故位置,路面狀況1,路面狀況2,路面狀況3,道路障礙1,道路障礙2,號誌1,號誌2,車道劃分-分向,車道劃分-分道1,車道劃分-分道2,車道劃分-分道3,事故類型及型態,性別,年齡,受傷程度,主要傷處,保護裝置,行動電話,車輛用途,當事者行動狀態,駕駛資格情形,駕駛執照種類,飲酒情形,車輛撞擊部位1,車輛撞擊部位2,肇因碼-個別,肇因碼-主要,個人肇逃否,職業,座標-X,座標-Y
113,3,17,11,5,2,09北投區,北投區承德路7段與承德路7段1巷口,0,0,1,2,C03,8,6,5,60,3,2,1,5,4,5,13,1,1,9,4,5,2,16,2,23,2,8,5,1,7,9,1,10,1,14,,44,,1,21,121.5105788,25.1109536
113,3,17,11,10,2,05中正區,中正區濟南路2段39號,0,0,1,1,B01,8,6,5,50,14,9,1,5,4,5,13,4,4,5,5,5,2,17,1,57,3,10,7,1,7,14,1,4,2,2,,38,,1,21,121.5298483,25.0407353
113,3,17,11,10,2,05中正區,中正區濟南路2段39號,0,0,1,2,C03,8,6,5,50,14,9,1,5,4,5,13,4,4,5,5,5,2,17,1,36,2,9,6,1,7,9,1,10,2,14,,44,,1,22,121.5298483,25.0407353
113,3,17,11,10,2,05中正區,中正區濟南路2段39號,0,0,1,3,H02,8,6,5,50,14,9,1,5,4,5,13,4,4,5,5,5,2,17,1,72,3,10,7,5,7,19,8,20,10,16,,126,,1,22,121.5298483,25.0407353
113,3,17,11,12,2,10文山區,文山區萬芳路與萬利街口,0,0,1,1,B03,8,5,8,30,3,2,1,5,4,5,13,1,1,5,4,5,2,16,1,32,3,10,7,3,7,6,1,8,2,1,,9,,1,21,121.5668755,24.99906021
113,3,17,11,12,2,10文山區,文山區萬芳路與萬利街口,0,0,1,2,F01,8,5,8,30,3,2,1,5,4,5,13,1,1,5,4,5,2,16,1,57,2,9,4,1,7,9,8,20,2,12,,80,,1,21,121.5668755,24.99906021
113,3,17,11,15,2,05中正區,中正區林森北路與市民大道2段口,0,0,3,1,C03,8,7,5,40,4,1,1,5,4,5,13,1,1,1,4,1,2,13,2,25,2,9,5,1,7,9,1,10,2,13,,44,,1,21,121.5241911,25.04765008
113,3,17,11,15,2,05中正區,中正區林森北路與市民大道2段口,0,0,3,2,C03,8,7,5,40,4,1,1,5,4,5,13,1,1,1,4,1,2,13,1,30,2,9,5,1,7,9,1,10,2,11,,16,,1,21,121.5241911,25.04765008
113,3,17,11,15,2,05中正區,中正區林森北路與市民大道2段口,0,0,3,3,H02,8,7,5,40,4,1,1,5,4,5,13,1,1,1,4,1,2,13,2,28,2,9,5,5,7,20,8,20,10,16,,67,,1,21,121.5241911,25.04765008
113,3,17,11,20,2,06松山區,松山區市民大道4段與八德路3段8巷口,0,0,1,1,C03,8,5,5,30,3,1,1,5,4,5,13,4,4,3,4,4,2,17,1,28,2,9,3,4,7,6,7,19,9,11,,72,,2,22,121.549668,25.04487796
113,3,17,11,20,2,06松山區,松山區市民大道4段與八德路3段8巷口,0,0,1,2,C03,8,5,5,30,3,1,1,5,4,5,13,4,4,3,4,4,2,17,2,40,3,10,6,4,7,9,1,10,1,12,,13,,1,22,121.549668,25.04487796
113,3,17,11,36,2,03中山區,中山區新生北路2段108號,0,0,2,1,C03,8,7,5,50,14,9,1,5,4,5,13,4,4,9,4,5,2,16,2,35,2,9,5,1,7,1,1,10,2,14,,19,,1,23,121.5273394,25.06010428
113,3,17,11,36,2,03中山區,中山區新生北路2段108號,0,0,2,2,C03,8,7,5,50,14,9,1,5,4,5,13,4,4,9,4,5,2,16,1,48,2,9,5,1,7,9,1,10,2,11,,13,,1,21,121.5273394,25.06010428
113,3,17,12,12,2,08士林區,士林區至善路2段429號,0,0,2,1,B03,8,6,5,50,14,9,1,5,4,5,13,4,4,1,4,5,2,29,1,73,2,1,7,1,7,9,1,8,2,1,,42,,1,21,121.557541,25.1080026
113,3,17,12,12,2,08士林區,士林區至善路2段429號,0,0,2,2,,8,6,5,50,14,9,1,5,4,5,13,4,4,1,4,5,2,29,3,0,,,,,,,,,,,,67,,1,,121.557541,25.1080026
113,3,17,12,12,2,08士林區,士林區至善路2段429號,0,0,2,3,B03,8,6,5,50,14,9,1,5,4,5,13,4,4,1,4,5,2,29,1,49,4,11,3,4,7,13,1,8,9,7,,44,,1,22,121.557541,25.1080026
113,3,17,12,12,2,08士林區,士林區至善路2段429號,0,0,2,4,B03,8,6,5,50,14,9,1,5,4,5,13,4,4,1,4,5,2,29,1,70,4,11,3,4,7,13,1,8,9,1,,44,,1,22,121.557541,25.1080026
113,3,17,12,12,2,08士林區,士林區至善路2段429號,0,0,2,5,B12,8,6,5,50,14,9,1,5,4,5,13,4,4,1,4,5,2,29,1,68,4,11,3,4,7,13,1,8,9,8,,44,,1,22,121.557541,25.1080026
113,3,17,12,12,2,08士林區,士林區至善路2段429號,0,0,2,6,C03,8,6,5,50,14,9,1,5,4,5,13,4,4,1,4,5,2,29,1,68,4,11,3,4,7,13,1,10,9,12,,44,,1,22,121.557541,25.1080026
113,3,17,12,12,2,08士林區,士林區至善路2段429號,0,0,2,7,,8,6,5,50,14,9,1,5,4,5,13,4,4,1,4,5,2,29,3,0,,,,,,,,,,,,67,,1,,121.557541,25.1080026
113,3,17,12,12,2,08士林區,士林區至善路2段429號,0,0,2,8,H02,8,6,5,50,14,9,1,5,4,5,13,4,4,1,4,5,2,29,2,73,2,3,7,5,7,20,8,20,10,16,,67,,1,21,121.557541,25.1080026
113,3,17,12,17,2,02萬華區,萬華區堤外便道自行車道（華中032燈桿）,0,0,2,1,F01,8,6,5,50,14,23,1,5,4,5,13,4,4,9,5,5,1,2,1,49,2,9,4,1,7,9,8,20,1,11,,108,,1,21,121.5072528,25.035158
113,3,17,12,17,2,02萬華區,萬華區堤外便道自行車道（華中032燈桿）,0,0,2,2,H01,8,6,5,50,14,23,1,5,4,5,13,4,4,9,5,5,1,2,1,49,2,9,4,5,8,16,8,20,10,16,,67,,1,21,121.5072528,25.035158
113,3,17,12,25,2,04大安區,大安區辛亥路3段157巷2號,0,0,1,1,B03,8,6,5,40,14,5,1,5,4,5,13,2,1,1,5,5,2,16,1,69,3,10,3,4,7,6,1,8,2,5,,98,,1,22,121.5498383,25.0167794
113,3,17,12,25,2,04大安區,大安區辛亥路3段157巷2號,0,0,1,2,C02,8,6,5,40,14,5,1,5,4,5,13,2,1,1,5,5,2,16,1,27,2,2,3,4,7,9,1,9,1,14,,44,,1,22,121.5498383,25.0167794
113,3,17,12,29,2,10文山區,文山區辛亥路7段與忠順街1段口,0,0,2,1,C03,8,6,5,50,14,9,2,5,4,5,13,2,1,5,4,4,2,17,2,26,2,9,5,4,7,15,1,10,1,12,,17,,1,21,121.5540158,24.98320317
113,3,17,12,29,2,10文山區,文山區辛亥路7段與忠順街1段口,0,0,2,2,C03,8,6,5,50,14,9,2,5,4,5,13,2,1,5,4,4,2,17,1,74,2,9,5,4,7,9,3,18,1,11,,44,,1,21,121.5540158,24.98320317
113,3,17,12,30,2,12內湖區,內湖區江南街71巷16弄與江南街117巷8弄口,0,0,2,1,C03,8,6,5,30,3,2,1,5,4,5,13,4,4,10,5,5,2,17,2,25,2,8,6,1,7,5,1,10,1,14,,8,,1,21,121.5765933,25.07607937
113,3,17,12,30,2,12內湖區,內湖區江南街71巷16弄與江南街117巷8弄口,0,0,2,2,C03,8,6,5,30,3,2,1,5,4,5,13,4,4,10,5,5,2,17,1,42,2,9,6,1,7,9,1,10,1,12,,44,,1,21,121.5765933,25.07607937
113,3,17,12,31,2,05中正區,中正區辛亥路1段8號,0,0,1,1,B03,8,6,5,40,14,8,1,5,4,5,13,4,4,10,4,4,2,17,1,59,3,10,7,1,7,1,1,8,2,8,,19,,1,21,121.5282048,25.01848366
113,3,17,12,31,2,05中正區,中正區辛亥路1段8號,0,0,1,2,C03,8,6,5,40,14,8,1,5,4,5,13,4,4,10,4,4,2,17,2,30,2,9,5,1,7,9,1,10,2,11,,44,,1,21,121.5282048,25.01848366
113,3,17,12,50,2,05中正區,中正區市民大道3段8號,0,0,1,1,B03,8,7,5,40,14,9,1,5,4,5,13,4,4,1,4,5,2,16,2,27,3,10,7,1,7,6,1,8,1,2,,9,,1,21,121.5316222,25.04564928
113,3,17,12,50,2,05中正區,中正區市民大道3段8號,0,0,1,2,C03,8,7,5,40,14,9,1,5,4,5,13,4,4,1,4,5,2,16,2,23,2,9,5,1,7,9,1,10,1,14,,44,,1,21,121.5316222,25.04564928
113,3,17,13,3,2,05中正區,中正區羅斯福路2段與和平西路1段口,0,0,1,1,C03,8,7,5,50,4,1,1,5,4,5,13,1,1,1,4,5,2,13,1,20,2,8,5,1,7,9,1,10,1,11,,107,,1,21,121.5222204,25.0269997
113,3,17,13,3,2,05中正區,中正區羅斯福路2段與和平西路1段口,0,0,1,2,B03,8,7,5,50,4,1,1,5,4,5,13,1,1,1,4,5,2,13,1,54,3,10,7,4,7,15,1,8,1,7,,9,,1,21,121.5222204,25.0269997
113,3,17,13,25,2,10文山區,文山區羅斯福路5段與汀州路4段23巷口,0,0,1,1,B03,8,6,5,30,3,2,1,5,4,5,13,4,4,10,5,5,2,16,2,61,3,10,7,1,7,6,1,8,1,7,,74,,1,21,121.5373127,25.00969866
113,3,17,13,25,2,10文山區,文山區羅斯福路5段與汀州路4段23巷口,0,0,1,2,C03,8,6,5,30,3,2,1,5,4,5,13,4,4,10,5,5,2,16,2,24,2,9,6,1,7,9,1,10,1,12,,44,,1,21,121.5373127,25.00969866
113,3,17,13,42,2,09北投區,北投區中央北路4段593號,0,0,2,1,C03,8,7,5,50,14,9,1,5,4,5,13,4,4,8,3,5,2,13,2,42,2,8,6,1,7,9,1,10,1,11,,16,,1,21,121.4650122,25.12450469
113,3,17,13,42,2,09北投區,北投區中央北路4段593號,0,0,2,2,C03,8,7,5,50,14,9,1,5,4,5,13,4,4,8,3,5,2,13,1,40,2,2,6,1,7,9,1,10,1,13,,44,,1,21,121.4650122,25.12450469
113,3,17,13,42,2,09北投區,北投區中央北路4段593號,0,0,2,3,C03,8,7,5,50,14,9,1,5,4,5,13,4,4,8,3,5,2,13,2,50,3,10,6,1,7,9,1,10,1,15,,42,,1,21,121.4650122,25.12450469
113,3,17,14,12,2,10文山區,文山區汀州路4段與溪洲街口,0,0,2,1,C03,8,6,5,30,3,1,1,5,4,5,13,3,1,5,5,5,2,17,2,20,2,9,6,1,7,5,1,10,2,12,,74,,1,22,121.5354408,25.0037667
113,3,17,14,12,2,10文山區,文山區汀州路4段與溪洲街口,0,0,2,2,C03,8,6,5,30,3,1,1,5,4,5,13,3,1,5,5,5,2,17,2,23,2,9,6,1,7,9,1,10,2,11,,44,,1,22,121.5354408,25.0037667
113,3,17,14,20,2,01大同區,大同區鄭州路145號,0,0,1,1,B03,8,6,5,40,14,9,1,5,4,5,13,4,4,8,3,5,1,12,2,30,4,11,3,4,7,9,1,8,11,4,,42,,2,22,121.5090056,25.05054496
113,3,17,14,20,2,01大同區,大同區鄭州路145號,0,0,1,2,C03,8,6,5,40,14,9,1,5,4,5,13,4,4,8,3,5,1,12,1,20,2,8,6,1,7,10,1,10,1,12,,102,,1,21,121.5090056,25.05054496
113,3,17,14,33,2,10文山區,文山區政大三街與政大一街口,0,0,2,1,F01,8,6,5,30,14,9,2,5,4,5,13,4,4,5,5,5,2,17,1,27,2,6,4,1,7,9,8,20,1,13,,44,,1,21,121.582201,24.98537563
113,3,17,14,33,2,10文山區,文山區政大三街與政大一街口,0,0,2,2,C03,8,6,5,30,14,9,2,5,4,5,13,4,4,5,5,5,2,17,1,19,2,9,5,4,7,9,1,10,1,11,,16,,1,21,121.582201,24.98537563
113,3,17,15,3,2,11南港區,南港區南港路3段133號與南港路3段190巷附近口,0,0,1,1,B03,8,7,5,50,4,4,1,5,4,5,13,2,1,4,4,5,1,16,1,39,3,10,3,4,7,1,1,8,1,5,,108,,1,22,121.586663,25.0530368
113,3,17,15,3,2,11南港區,南港區南港路3段133號與南港路3段190巷附近口,0,0,1,2,C03,8,7,5,50,4,4,1,5,4,5,13,2,1,4,4,5,1,16,2,61,2,8,3,4,7,5,1,10,1,14,,17,,1,22,121.586663,25.0530368
113,3,17,15,28,2,12內湖區,內湖區堤外便道東向西，近路燈3012367,0,0,1,1,C02,8,6,5,50,14,9,1,5,4,5,13,4,4,5,5,5,2,13,1,23,2,8,5,1,7,9,1,9,1,11,,16,,1,21,121.612293,25.06485759
113,3,17,15,28,2,12內湖區,內湖區堤外便道東向西，近路燈3012367,0,0,1,2,B01,8,6,5,50,14,9,1,5,4,5,13,4,4,5,5,5,2,13,1,47,3,10,7,1,7,9,1,4,1,3,,44,,1,21,121.612293,25.06485759
113,3,17,16,50,2,03中山區,中山區松江路與錦州街口,0,0,2,1,C03,8,6,5,50,4,2,1,5,4,5,13,2,1,10,5,5,2,15,1,30,2,8,3,4,7,9,1,10,1,11,,81,,1,21,121.5330695,25.0603512
113,3,17,16,50,2,03中山區,中山區松江路與錦州街口,0,0,2,2,C03,8,6,5,50,4,2,1,5,4,5,13,2,1,10,5,5,2,15,1,31,2,9,3,4,7,1,1,10,1,14,,44,,1,21,121.5330695,25.0603512
113,3,17,16,53,2,03中山區,中山區中山北路2段96巷與民生西路45巷口,0,0,1,1,C03,7,5,5,30,14,9,1,5,4,5,13,4,4,10,5,5,2,3,1,32,3,10,3,4,7,9,1,10,1,11,,108,,1,21,121.5207934,25.0598688
113,3,17,16,53,2,03中山區,中山區中山北路2段96巷與民生西路45巷口,0,0,1,2,H01,7,5,5,30,14,9,1,5,4,5,13,4,4,10,5,5,2,3,2,56,2,7,4,5,8,16,8,20,1,16,,67,,1,21,121.5207934,25.0598688
113,3,17,17,0,2,03中山區,中山區市民大道3段與新生北路1段62巷口,0,0,1,1,C03,8,7,5,40,4,1,1,5,4,5,13,1,1,9,4,1,2,12,1,18,3,10,6,1,7,15,1,10,1,12,,108,,1,21,121.5309317,25.0460834
113,3,17,17,0,2,03中山區,中山區市民大道3段與新生北路1段62巷口,0,0,1,2,C03,8,7,5,40,4,1,1,5,4,5,13,1,1,9,4,1,2,12,1,50,2,9,6,1,7,9,1,10,1,12,,44,,1,21,121.5309317,25.0460834
113,3,17,17,0,2,03中山區,中山區市民大道3段與新生北路1段62巷口,0,0,1,3,B03,8,7,5,40,4,1,1,5,4,5,13,1,1,9,4,1,2,12,1,39,3,10,7,1,7,6,1,8,1,7,,44,,1,21,121.5309317,25.0460834
113,3,17,17,25,2,03中山區,中山區新生北路2段與民生東路1段口迴轉道,0,0,2,1,B03,8,7,5,30,9,6,1,5,4,5,13,4,4,10,5,5,2,13,1,28,3,10,7,1,7,6,1,8,2,8,,107,,1,22,121.5279905,25.058547
113,3,17,17,25,2,03中山區,中山區新生北路2段與民生東路1段口迴轉道,0,0,2,2,C02,8,7,5,30,9,6,1,5,4,5,13,4,4,10,5,5,2,13,1,26,2,9,6,1,7,14,1,9,2,13,,44,,1,22,121.5279905,25.058547
113,3,17,17,25,2,03中山區,中山區新生北路2段與民生東路1段口迴轉道,0,0,2,3,H02,8,7,5,30,9,6,1,5,4,5,13,4,4,10,5,5,2,13,2,28,2,9,6,5,7,17,8,20,10,17,,67,,1,22,121.5279905,25.058547
113,3,17,17,31,2,02萬華區,萬華區中華路2段與艋舺大道口,0,0,1,1,C03,8,5,5,50,5,1,1,5,4,5,13,2,1,1,5,5,2,17,1,59,3,10,5,1,7,5,1,10,1,12,,17,,1,21,121.5055804,25.03460974
113,3,17,17,31,2,02萬華區,萬華區中華路2段與艋舺大道口,0,0,1,2,F01,8,5,5,50,5,1,1,5,4,5,13,2,1,1,5,5,2,17,2,56,2,9,4,1,7,5,8,20,1,11,,17,,1,21,121.5055804,25.03460974
113,3,17,17,36,2,02萬華區,萬華區寶興街109號,0,0,1,1,C03,8,7,5,50,14,9,1,5,4,5,13,4,4,9,5,5,2,17,1,65,2,9,5,1,7,15,1,10,1,12,,102,,1,21,121.4946191,25.0254933
113,3,17,17,36,2,02萬華區,萬華區寶興街109號,0,0,1,2,C03,8,7,5,50,14,9,1,5,4,5,13,4,4,9,5,5,2,17,1,53,4,11,5,4,7,5,7,19,11,17,,8,,2,21,121.4946191,25.0254933
113,3,17,17,36,2,02萬華區,萬華區寶興街109號,0,0,1,3,C03,8,7,5,50,14,9,1,5,4,5,13,4,4,9,5,5,2,17,1,23,4,11,5,4,7,9,7,19,11,13,,44,,2,21,121.4946191,25.0254933
113,3,17,17,43,2,01大同區,大同區大龍街177巷29號與大龍街177巷口,0,0,1,1,B03,7,6,5,30,3,1,1,5,4,5,13,4,4,10,5,5,1,16,1,28,3,10,3,4,7,5,1,8,1,1,,72,,1,21,121.5168057,25.0689169
113,3,17,17,43,2,01大同區,大同區大龍街177巷29號與大龍街177巷口,0,0,1,2,C03,7,6,5,30,3,1,1,5,4,5,13,4,4,10,5,5,1,16,1,40,3,10,5,1,7,9,1,10,1,12,,44,,1,21,121.5168057,25.0689169
113,3,17,17,43,2,01大同區,大同區大龍街177巷29號與大龍街177巷口,0,0,1,3,H02,7,6,5,30,3,1,1,5,4,5,13,4,4,10,5,5,1,16,2,37,2,9,5,5,7,20,8,20,10,16,,67,,1,21,121.5168057,25.0689169
113,3,17,17,45,2,12內湖區,內湖區瑞光路583巷與基湖路3巷口口,0,0,2,2,B03,8,7,5,50,4,1,1,5,4,5,13,3,1,5,5,5,2,15,1,36,3,10,7,1,7,9,6,8,2,7,,13,,1,21,121.5678812,25.0803579
113,3,17,17,45,2,12內湖區,內湖區瑞光路583巷與基湖路3巷口口,0,0,2,1,C03,8,7,5,50,4,1,1,5,4,5,13,3,1,5,5,5,2,15,1,23,2,9,5,1,7,9,1,10,2,11,12,14,,1,21,121.5678812,25.0803579
113,3,17,17,45,2,12內湖區,內湖區瑞光路583巷與基湖路3巷口口,0,0,2,3,H02,8,7,5,50,4,1,1,5,4,5,13,3,1,5,5,5,2,15,2,48,2,7,5,5,7,20,8,20,10,16,,67,,1,21,121.5678812,25.0803579
113,3,17,17,45,2,12內湖區,內湖區瑞光路583巷與基湖路3巷口口,0,0,2,4,,8,7,5,50,4,1,1,5,4,5,13,3,1,5,5,5,2,15,3,0,,,,,,,,,10,,,67,,1,,121.5678812,25.0803579
113,3,17,17,52,2,07信義區,信義區松高路16號,0,0,1,1,B03,8,6,5,30,14,9,1,5,4,5,13,4,4,9,3,5,2,12,1,56,3,10,3,4,7,5,1,8,1,8,,8,,1,21,121.5676472,25.0384159
113,3,17,17,52,2,07信義區,信義區松高路16號,0,0,1,2,C03,8,6,5,30,14,9,1,5,4,5,13,4,4,9,3,5,2,12,1,35,2,9,5,1,7,9,1,10,1,11,12,44,,1,21,121.5676472,25.0384159
113,3,17,18,14,2,03中山區,(吉林路176號旁),0,0,1,1,B03,7,5,5,30,14,9,1,5,4,5,13,4,4,9,4,4,2,16,2,48,3,10,3,4,7,6,1,8,1,5,,9,,1,21,121.5301261,25.0571005
113,3,17,18,14,2,03中山區,(吉林路176號旁),0,0,1,2,C03,7,5,5,30,14,9,1,5,4,5,13,4,4,9,4,4,2,16,1,24,2,5,3,4,7,9,6,10,1,12,,44,,1,21,121.5301261,25.0571005
113,3,17,18,15,2,10文山區,文山區辛亥路7段與木新路3段口,0,0,1,1,C03,8,6,5,50,3,1,1,5,4,5,13,1,1,10,5,5,2,18,1,36,2,9,5,1,7,6,1,10,9,14,,42,,1,21,121.553788,24.97994686
113,3,17,18,15,2,10文山區,文山區辛亥路7段與木新路3段口,0,0,1,2,,8,6,5,50,3,1,1,5,4,5,13,1,1,10,5,5,2,18,3,0,,,,,,,,,,,,67,,1,,121.553788,24.97994686
113,3,17,18,20,2,02萬華區,萬華區成都路95號,0,0,2,1,H01,8,5,5,50,14,9,1,5,4,5,13,4,4,10,3,5,1,3,2,65,2,9,4,5,8,16,8,20,10,16,,123,,1,21,121.504661,25.043183
113,3,17,18,20,2,02萬華區,萬華區成都路95號,0,0,2,2,C03,8,5,5,50,14,9,1,5,4,5,13,4,4,10,3,5,1,3,2,34,2,9,3,4,7,9,1,10,1,11,,108,,1,21,121.504661,25.043183
113,3,17,18,23,2,12內湖區,內湖區環山路3段25號,0,0,1,1,C03,8,5,5,40,12,8,1,5,4,5,13,2,1,5,4,4,2,13,1,54,2,9,6,1,7,9,1,10,1,11,,107,,1,22,121.579117,25.0844734
113,3,17,18,23,2,12內湖區,內湖區環山路3段25號,0,0,1,2,B03,8,5,5,40,12,8,1,5,4,5,13,2,1,5,4,4,2,13,1,50,3,10,3,4,7,14,1,8,1,2,,44,,1,22,121.579117,25.0844734
113,3,17,18,43,2,06松山區,松山區敦化北路145巷與敦化北路口,0,0,1,1,C03,8,5,5,50,14,9,1,5,4,5,13,4,4,1,3,4,2,13,1,47,2,9,6,1,7,9,1,10,2,11,,108,,1,21,121.5492063,25.0538587
113,3,17,18,43,2,06松山區,松山區敦化北路145巷與敦化北路口,0,0,1,2,B03,8,5,5,50,14,9,1,5,4,5,13,4,4,1,3,4,2,13,2,56,3,10,7,1,7,14,1,8,2,3,,44,,1,22,121.5492063,25.0538587
113,3,17,19,5,2,03中山區,中山區堤頂大道2段與內湖路1段口,0,0,1,1,B03,7,5,5,50,4,2,1,5,4,5,13,2,1,1,4,5,2,12,1,62,3,10,3,4,7,9,1,8,1,2,,44,,1,21,121.560296,25.08461127
113,3,17,19,5,2,03中山區,中山區堤頂大道2段與內湖路1段口,0,0,1,2,C03,7,5,5,50,4,2,1,5,4,5,13,2,1,1,4,5,2,12,1,25,2,9,6,4,7,7,1,10,1,14,,100,,1,21,121.560296,25.08461127
113,3,17,19,8,2,02萬華區,萬華區桂林路與西園路1段口,0,0,1,2,C03,7,5,5,40,4,2,1,5,4,5,13,2,1,5,4,4,2,12,2,20,3,10,6,1,7,9,1,10,1,11,,44,,1,21,121.4999469,25.0384877
113,3,17,19,8,2,02萬華區,萬華區桂林路與西園路1段口,0,0,1,3,B01,7,5,5,40,4,2,1,5,4,5,13,2,1,5,4,4,2,12,1,43,3,10,7,1,7,14,1,4,1,6,,44,,1,21,121.4999469,25.0384877
113,3,17,19,8,2,02萬華區,萬華區桂林路與西園路1段口,0,0,1,1,C03,7,5,5,40,4,2,1,5,4,5,13,2,1,5,4,4,2,12,1,33,2,8,6,1,7,7,1,10,1,13,,100,,1,21,121.4999469,25.0384877
113,3,17,19,34,2,10文山區,文山區新光路1段166號,0,0,3,1,C03,7,5,5,40,14,8,1,5,4,5,13,4,4,5,4,4,2,13,1,22,2,9,5,1,7,9,1,10,1,11,,108,,1,21,121.5736734,24.9931355
113,3,17,19,34,2,10文山區,文山區新光路1段166號,0,0,3,2,C03,7,5,5,40,14,8,1,5,4,5,13,4,4,5,4,4,2,13,1,47,3,10,5,1,7,9,1,10,1,13,,44,,1,21,121.5736734,24.9931355
113,3,17,19,34,2,10文山區,文山區新光路1段166號,0,0,3,3,H02,7,5,5,40,14,8,1,5,4,5,13,4,4,5,4,4,2,13,2,17,2,8,5,5,7,20,8,20,10,16,,67,,1,21,121.5736734,24.9931355
113,3,17,19,34,2,10文山區,文山區新光路1段166號,0,0,3,4,H02,7,5,5,40,14,8,1,5,4,5,13,4,4,5,4,4,2,13,2,47,2,7,5,5,7,20,8,20,10,16,,67,,1,21,121.5736734,24.9931355
113,3,17,19,46,2,07信義區,信義區松隆路與永吉路30巷口,0,0,2,1,B03,8,5,5,30,4,19,1,5,4,5,13,1,1,5,5,5,2,9,1,55,3,10,7,1,7,5,1,8,2,1,,70,,1,21,121.56863,25.0443709
113,3,17,19,46,2,07信義區,信義區松隆路與永吉路30巷口,0,0,2,2,H01,8,5,5,30,4,19,1,5,4,5,13,1,1,5,5,5,2,9,1,32,2,9,4,5,8,16,8,20,10,16,,67,,1,21,121.56863,25.0443709
113,3,17,19,46,2,07信義區,信義區松隆路與永吉路30巷口,0,0,2,3,H01,8,5,5,30,4,19,1,5,4,5,13,1,1,5,5,5,2,9,2,22,2,9,4,5,8,16,8,20,10,16,,67,,1,21,121.56863,25.0443709
113,3,17,19,48,2,05中正區,中正區中華路2段與西藏路口,0,0,1,1,C03,8,5,5,50,4,1,1,5,4,5,13,1,1,1,4,5,2,17,1,19,4,11,3,4,7,21,7,19,11,15,,108,,2,22,121.5041534,25.0301147
113,3,17,19,48,2,05中正區,中正區中華路2段與西藏路口,0,0,1,2,C03,8,5,5,50,4,1,1,5,4,5,13,1,1,1,4,5,2,17,1,24,2,8,6,1,7,15,1,10,2,17,,44,,1,22,121.5041534,25.0301147
113,3,17,20,39,2,11南港區,南港區向陽路80號,0,0,1,1,B03,8,5,5,50,14,9,1,5,4,5,13,3,1,3,4,5,2,13,1,54,3,10,7,1,7,9,1,8,1,8,,16,,1,21,121.5952692,25.0526406
113,3,17,20,39,2,11南港區,南港區向陽路80號,0,0,1,2,C03,8,5,5,50,14,9,1,5,4,5,13,3,1,3,4,5,2,13,2,26,2,5,6,1,7,14,1,10,1,13,,44,,1,21,121.5952692,25.0526406
113,3,17,20,52,2,11南港區,南港區南港路1段與經貿一路口口,0,0,2,1,C03,7,5,5,50,14,7,1,5,4,5,13,4,4,1,4,5,2,9,1,69,3,10,5,4,7,9,1,10,2,17,,44,,1,22,121.6191482,25.0546809
113,3,17,20,52,2,11南港區,南港區南港路1段與經貿一路口口,0,0,2,2,H02,7,5,5,50,14,7,1,5,4,5,13,4,4,1,4,5,2,9,2,64,3,10,5,5,7,20,8,20,10,17,,60,,1,22,121.6191482,25.0546809
113,3,17,20,52,2,11南港區,南港區南港路1段與經貿一路口口,0,0,2,3,C03,7,5,5,50,14,7,1,5,4,5,13,4,4,1,4,5,2,9,1,40,2,9,5,4,7,9,1,10,2,11,,44,,1,22,121.6191482,25.0546809
113,3,17,20,52,2,11南港區,南港區南港路1段與經貿一路口口,0,0,2,4,H02,7,5,5,50,14,7,1,5,4,5,13,4,4,1,4,5,2,9,1,15,2,9,5,5,7,20,8,20,10,17,,67,,1,21,121.6191482,25.0546809
113,3,17,22,2,2,07信義區,信義區仁愛路4段505號,0,0,1,1,C04,8,5,5,50,14,9,1,5,4,5,13,4,4,1,5,5,1,18,1,23,2,8,3,4,7,9,1,10,1,14,,42,,1,21,121.5583376,25.0377892
113,3,17,22,2,2,07信義區,信義區仁愛路4段505號,0,0,1,2,,8,5,5,50,14,9,1,5,4,5,13,4,4,1,5,5,1,18,3,0,,,,,,,,,,,,67,,1,,121.5583376,25.0377892
113,3,17,22,15,2,09北投區,北投區中央北路4段30巷與中央北路4段口,0,0,1,1,B03,8,5,5,50,3,1,1,5,4,5,13,2,1,5,3,5,1,15,2,38,3,10,7,4,7,11,1,8,1,7,1,10,,1,21,121.475411,25.1399236
113,3,17,22,15,2,09北投區,北投區中央北路4段30巷與中央北路4段口,0,0,1,2,C03,8,5,5,50,3,1,1,5,4,5,13,2,1,5,3,5,1,15,1,18,2,9,6,1,7,9,1,10,1,11,2,2,,1,21,121.475411,25.1399236
113,3,17,22,25,2,10文山區,文山區木柵路1段與試院路口,0,0,1,1,B02,7,5,5,50,4,1,1,5,4,5,13,2,1,10,5,5,2,17,1,19,3,10,3,4,7,5,1,8,2,2,,71,,1,21,121.5498491,24.9874391
113,3,17,22,25,2,10文山區,文山區木柵路1段與試院路口,0,0,1,2,C03,7,5,5,50,4,1,1,5,4,5,13,2,1,10,5,5,2,17,2,18,2,9,5,4,7,9,1,10,2,11,,44,,1,21,121.5498491,24.9874391