發生年度,發生月,發生日,發生時-Hours,發生分,處理別-編號,區序,肇事地點,死亡人數,2-30日死亡人數,受傷人數,當事人序號,車種,天候,道路照明設備,道路類別,速限-速度限制,道路型態,事故位置,路面狀況1,路面狀況2,路面狀況3,道路障礙1,道路障礙2,號誌1,號誌2,車道劃分-分向,車道劃分-分道1,車道劃分-分道2,車道劃分-分道3,事故類型及型態,性別,年齡,受傷程度,主要傷處,保護裝置,行動電話,車輛用途,當事者行動狀態,駕駛資格情形,駕駛執照種類,飲酒情形,車輛撞擊部位1,車輛撞擊部位2,肇因碼-個別,肇因碼-主要,個人肇逃否,職業,座標-X,座標-Y
113,3,17,22,44,2,06松山區,松山區光復北路75號,0,0,1,1,B03,8,5,5,50,14,9,1,5,4,5,13,4,4,3,4,5,2,17,2,56,4,11,3,4,7,8,1,8,9,15,,100,,2,22,121.5579388,25.05050267
113,3,17,22,44,2,06松山區,松山區光復北路75號,0,0,1,2,C02,8,5,5,50,14,9,1,5,4,5,13,4,4,3,4,5,2,17,2,27,2,8,6,4,7,9,1,9,2,14,,42,,1,22,121.5579388,25.05050267
113,3,17,22,44,2,06松山區,松山區光復北路75號,0,0,1,3,,8,5,5,50,14,9,1,5,4,5,13,4,4,3,4,5,2,17,3,0,,,,,,,,,,,,67,,1,,121.5579388,25.05050267
113,3,17,23,3,2,04大安區,大安區和平東路3段與基隆路2段口,0,0,1,1,C03,7,5,5,50,4,1,1,5,4,5,13,2,1,9,3,5,2,12,2,19,2,9,6,1,7,7,1,10,1,14,,100,,1,21,121.5528662,25.0247157
113,3,17,23,3,2,04大安區,大安區和平東路3段與基隆路2段口,0,0,1,2,B01,7,5,5,50,4,1,1,5,4,5,13,2,1,9,3,5,2,12,1,22,3,10,7,1,7,9,1,4,1,2,,44,,1,21,121.5528662,25.0247157
113,3,17,23,11,2,08士林區,士林區忠誠路1段131號,0,0,2,3,C03,8,5,5,50,14,9,1,5,4,5,13,4,4,1,4,4,2,16,1,25,2,9,5,1,7,9,1,10,1,11,,44,,1,21,121.5292555,25.1057274
113,3,17,23,11,2,08士林區,士林區忠誠路1段131號,0,0,2,1,B02,8,5,5,50,14,9,1,5,4,5,13,4,4,1,4,4,2,16,4,28,,,,,,,,,11,,,108,,,,121.5292555,25.1057274
113,3,17,23,11,2,08士林區,士林區忠誠路1段131號,0,0,2,2,C03,8,5,5,50,14,9,1,5,4,5,13,4,4,1,4,4,2,16,2,32,2,9,5,1,7,9,1,10,1,14,,44,,1,21,121.5292555,25.1057274
113,3,18,1,15,2,12內湖區,內湖區東湖路與東湖路58巷口,0,0,1,1,B02,6,5,5,50,4,2,1,4,4,5,13,2,1,5,4,5,2,13,2,28,3,10,7,1,7,9,1,8,1,5,,108,,1,21,121.6138859,25.06878102
113,3,18,1,15,2,12內湖區,內湖區東湖路與東湖路58巷口,0,0,1,2,C03,6,5,5,50,4,2,1,4,4,5,13,2,1,5,4,5,2,13,2,59,2,9,5,1,7,15,1,10,1,13,,85,,1,21,121.6138859,25.06878102
113,3,18,2,0,2,06松山區,松山區民生東路5段212巷1號,0,0,1,1,C03,8,5,5,50,14,9,1,5,4,5,13,2,1,3,4,5,2,17,1,26,2,9,6,4,7,5,1,10,2,11,,108,,1,22,121.5649276,25.05880588
113,3,18,2,0,2,06松山區,松山區民生東路5段212巷1號,0,0,1,2,C03,8,5,5,50,14,9,1,5,4,5,13,2,1,3,4,5,2,17,2,42,3,10,3,4,7,13,1,10,11,14,,44,,1,22,121.5649276,25.05880588
113,3,18,2,0,2,06松山區,松山區民生東路5段212巷1號,0,0,1,3,C03,8,5,5,50,14,9,1,5,4,5,13,2,1,3,4,5,2,17,1,50,3,10,3,4,7,13,1,21,9,14,,44,,1,22,121.5649276,25.05880588
113,3,18,2,47,2,06松山區,松山區健康路413號,0,0,2,1,B03,7,5,5,50,14,8,1,5,4,5,13,4,4,1,3,4,2,13,1,32,2,7,7,1,7,9,1,8,1,1,,107,,1,22,121.5694825,25.0545748
113,3,18,2,47,2,06松山區,松山區健康路413號,0,0,2,2,B11,7,5,5,50,14,8,1,5,4,5,13,4,4,1,3,4,2,13,1,64,3,10,3,4,7,13,1,8,9,3,,44,,1,21,121.5694825,25.0545748
113,3,18,2,47,2,06松山區,松山區健康路413號,0,0,2,3,B01,7,5,5,50,14,8,1,5,4,5,13,4,4,1,3,4,2,13,1,59,3,10,3,4,7,13,1,4,9,3,,44,,1,21,121.5694825,25.0545748
113,3,18,2,47,2,06松山區,松山區健康路413號,0,0,2,4,H02,7,5,5,50,14,8,1,5,4,5,13,4,4,1,3,4,2,13,1,31,2,5,3,5,7,20,8,20,10,16,,67,,1,21,121.5694825,25.0545748
113,3,18,5,55,2,07信義區,信義區福德街與林口街口,0,0,2,1,F01,8,5,5,50,4,1,1,5,4,5,13,2,1,1,4,5,2,15,1,75,2,9,4,4,7,9,8,20,2,14,,81,,1,21,121.5792142,25.0362501
113,3,18,5,55,2,07信義區,信義區福德街與林口街口,0,0,2,2,C03,8,5,5,50,4,1,1,5,4,5,13,2,1,1,4,5,2,15,1,63,2,7,6,1,7,9,1,10,2,11,,44,,1,21,121.5792142,25.0362501
113,3,18,7,10,2,03中山區,中山區市民大道2段與中山北路1段口東北角,0,0,3,1,C03,8,5,5,40,4,1,2,5,4,5,13,1,1,1,4,5,2,16,1,32,2,9,6,1,7,6,1,10,1,12,,9,,1,22,121.5209536,25.04818644
113,3,18,7,10,2,03中山區,中山區市民大道2段與中山北路1段口東北角,0,0,3,2,C03,8,5,5,40,4,1,2,5,4,5,13,1,1,1,4,5,2,16,1,26,2,9,6,1,7,9,1,10,1,14,,13,,1,22,121.5209536,25.04818644
113,3,18,7,10,2,03中山區,中山區市民大道2段與中山北路1段口東北角,0,0,3,3,H02,8,5,5,40,4,1,2,5,4,5,13,1,1,1,4,5,2,16,2,21,2,9,6,5,7,17,8,20,10,16,,67,,1,22,121.5209536,25.04818644
113,3,18,7,16,2,07信義區,信義區吳興街與吳興街269巷口,0,0,1,1,C03,7,7,5,30,4,1,1,4,4,5,13,4,4,9,4,5,2,3,1,51,3,10,5,1,7,9,1,10,2,11,,70,,1,21,121.5639045,25.0268353
113,3,18,7,16,2,07信義區,信義區吳興街與吳興街269巷口,0,0,1,2,H01,7,7,5,30,4,1,1,4,4,5,13,4,4,9,4,5,2,3,2,80,2,9,4,5,8,16,8,20,10,16,,67,,1,21,121.5639045,25.0268353
113,3,18,7,30,2,09北投區,北投區大度路3段與聖景路口,0,0,3,1,C03,7,7,5,50,4,2,1,5,4,5,13,2,1,3,4,5,2,12,1,18,2,9,3,4,7,8,7,19,1,12,,100,,1,25,121.4641763,25.123781
113,3,18,7,30,2,09北投區,北投區大度路3段與聖景路口,0,0,3,2,C03,7,7,5,50,4,2,1,5,4,5,13,2,1,3,4,5,2,12,1,40,2,9,3,4,7,9,1,10,1,14,,44,,1,22,121.4641763,25.123781
113,3,18,7,30,2,09北投區,北投區大度路3段與聖景路口,0,0,3,3,H02,7,7,5,50,4,2,1,5,4,5,13,2,1,3,4,5,2,12,2,19,2,9,3,5,7,21,8,20,10,16,,67,,1,25,121.4641763,25.123781
113,3,18,7,43,2,12內湖區,內湖區康寧路3段56巷1號,0,0,2,1,B01,7,7,5,30,14,8,1,5,4,5,13,4,4,10,5,5,2,16,1,62,3,10,7,1,7,5,1,8,2,4,,8,,1,21,121.6101161,25.07087176
113,3,18,7,43,2,12內湖區,內湖區康寧路3段56巷1號,0,0,2,2,C03,7,7,5,30,14,8,1,5,4,5,13,4,4,10,5,5,2,16,1,48,2,9,5,1,7,4,1,10,2,12,,108,,1,21,121.6101161,25.07087176
113,3,18,7,43,2,12內湖區,內湖區康寧路3段56巷1號,0,0,2,3,H02,7,7,5,30,14,8,1,5,4,5,13,4,4,10,5,5,2,16,1,11,2,8,5,5,7,21,8,20,10,16,,67,,1,14,121.6101161,25.07087176
113,3,18,7,50,2,05中正區,中正區林森南路與徐州路口,0,0,2,1,C03,8,7,5,50,4,2,1,5,4,5,13,1,1,4,3,5,2,17,1,45,2,9,6,1,7,9,1,10,2,12,,16,,1,21,121.5222375,25.0410038
113,3,18,7,50,2,05中正區,中正區林森南路與徐州路口,0,0,2,2,C03,8,7,5,50,4,2,1,5,4,5,13,1,1,4,3,5,2,17,1,31,2,9,6,1,7,9,1,10,2,11,,16,,1,21,121.5222375,25.0410038
113,3,18,7,50,2,08士林區,士林區忠誠路2段與忠誠路2段53巷口,0,0,2,2,C03,8,6,5,40,3,1,1,5,4,5,13,4,4,1,4,4,2,16,1,22,2,9,6,1,7,9,1,10,1,14,,13,,1,25,121.5308443,25.1110834
113,3,18,7,50,2,08士林區,士林區忠誠路2段與忠誠路2段53巷口,0,0,2,1,C03,8,6,5,40,3,1,1,5,4,5,13,4,4,1,4,4,2,16,1,25,2,9,6,1,7,6,1,10,1,12,,9,,1,21,121.5308443,25.1110834
113,3,18,8,0,2,08士林區,士林區福港街107巷8號與福港街107巷口,0,0,2,1,B01,8,6,5,30,3,1,1,5,4,5,13,4,4,10,5,5,1,17,1,66,3,10,7,1,7,5,1,8,1,1,,80,,1,21,121.5187638,25.0883726
113,3,18,8,0,2,08士林區,士林區福港街107巷8號與福港街107巷口,0,0,2,2,C03,8,6,5,30,3,1,1,5,4,5,13,4,4,10,5,5,1,17,1,21,2,7,5,1,7,9,1,10,1,11,,44,,1,21,121.5187638,25.0883726
113,3,18,8,0,2,08士林區,士林區福港街107巷8號與福港街107巷口,0,0,2,3,B12,8,6,5,30,3,1,1,5,4,5,13,4,4,10,5,5,1,17,1,67,3,10,7,1,7,13,1,8,1,17,,38,,1,21,121.5187638,25.0883726
113,3,18,8,0,2,08士林區,士林區福港街107巷8號與福港街107巷口,0,0,2,4,H02,8,6,5,30,3,1,1,5,4,5,13,4,4,10,5,5,1,17,2,21,2,9,5,5,7,20,8,20,10,16,,67,,1,21,121.5187638,25.0883726
113,3,18,8,18,2,03中山區,中山區松江路與農安街口,0,0,1,1,A02,7,7,5,50,14,9,1,5,4,5,13,1,1,1,4,5,2,9,1,54,3,10,7,1,7,12,1,2,1,17,,42,,1,21,121.5333323,25.0645292
113,3,18,8,18,2,03中山區,中山區松江路與農安街口,0,0,1,2,H02,7,7,5,50,14,9,1,5,4,5,13,1,1,1,4,5,2,9,2,42,2,1,4,5,7,17,8,20,10,16,,67,,1,21,121.5333323,25.0645292
113,3,18,8,20,2,01大同區,大同區承德路1段與市民大道1段口,0,0,1,1,B03,8,5,5,40,4,2,1,5,4,5,13,1,1,5,4,5,1,12,2,71,3,10,3,4,7,6,1,4,11,15,,108,,2,22,121.5166011,25.04902425
113,3,18,8,20,2,01大同區,大同區承德路1段與市民大道1段口,0,0,1,2,C01,8,5,5,40,4,2,1,5,4,5,13,1,1,5,4,5,1,12,1,22,2,8,5,1,7,9,1,9,1,14,,44,,1,21,121.5166011,25.04902425
113,3,18,8,36,2,03中山區,中山區民權東路3段18號,0,0,1,1,B01,8,6,5,50,14,9,1,5,4,5,13,4,4,1,4,5,2,12,1,49,3,10,3,4,7,1,1,4,1,1,,19,,1,21,121.5402454,25.0622835
113,3,18,8,36,2,03中山區,中山區民權東路3段18號,0,0,1,2,C03,8,6,5,50,14,9,1,5,4,5,13,4,4,1,4,5,2,12,1,26,2,8,5,4,7,9,1,10,1,12,,101,,1,21,121.5402454,25.0622835
113,3,18,8,36,2,03中山區,中山區民權東路3段18號,0,0,1,3,B12,8,6,5,50,14,9,1,5,4,5,13,4,4,1,4,5,2,12,3,0,,,,,,,,,11,,,67,,1,,121.5402454,25.0622835
113,3,18,8,36,2,12內湖區,內湖區金湖路與康寧路1段口,0,0,2,1,C03,7,5,5,50,3,1,1,5,4,5,13,2,1,1,4,4,1,16,2,64,2,9,5,1,7,5,3,18,9,12,,8,,1,21,121.5995916,25.07898903
113,3,18,8,36,2,12內湖區,內湖區金湖路與康寧路1段口,0,0,2,2,C03,7,5,5,50,3,1,1,5,4,5,13,2,1,1,4,4,1,16,1,44,2,9,5,1,7,9,1,10,2,11,,44,,1,21,121.5995916,25.07898903
113,3,18,8,43,2,03中山區,中山區建國高架道附近往南里程0處,0,0,1,1,B03,8,7,5,70,10,7,1,5,4,5,13,4,4,10,4,5,2,12,1,78,3,10,7,1,7,7,1,8,1,8,,100,,1,22,121.5343193,25.0659623
113,3,18,8,43,2,03中山區,中山區建國高架道附近往南里程0處,0,0,1,2,B02,8,7,5,70,10,7,1,5,4,5,13,4,4,10,4,5,2,12,1,55,3,10,7,1,7,9,1,8,1,6,,44,,1,22,121.5343193,25.0659623
113,3,18,8,43,2,03中山區,中山區建國高架道附近往南里程0處,0,0,1,3,H02,8,7,5,70,10,7,1,5,4,5,13,4,4,10,4,5,2,12,1,25,2,7,7,5,7,21,8,20,10,16,,67,,1,22,121.5343193,25.0659623
113,3,18,8,54,2,04大安區,大安區辛亥路3段東往西和平籃球館前快車道,0,0,2,1,B12,7,6,5,50,14,9,1,5,4,5,13,4,4,1,4,5,2,13,1,39,3,10,7,1,7,9,1,8,1,1,,108,,1,21,121.5448567,25.0208988
113,3,18,8,54,2,04大安區,大安區辛亥路3段東往西和平籃球館前快車道,0,0,2,2,B03,7,6,5,50,14,9,1,5,4,5,13,4,4,1,4,5,2,13,1,40,2,3,7,1,7,9,1,8,1,3,,44,,1,21,121.5448567,25.0208988
113,3,18,8,54,2,04大安區,大安區辛亥路3段東往西和平籃球館前快車道,0,0,2,3,H02,7,6,5,50,14,9,1,5,4,5,13,4,4,1,4,5,2,13,2,27,2,4,5,5,7,20,8,20,10,16,,67,,1,21,121.5448567,25.0208988
113,3,18,8,55,2,03中山區,中山區民權東路1段與林森北路口,0,0,1,1,B01,8,6,5,50,4,1,1,5,4,5,13,1,1,3,4,5,2,17,2,67,3,10,7,1,7,6,1,4,1,5,,9,,1,21,121.5256235,25.06263574
113,3,18,8,55,2,03中山區,中山區民權東路1段與林森北路口,0,0,1,2,C03,8,6,5,50,4,1,1,5,4,5,13,1,1,3,4,5,2,17,1,33,2,8,6,1,7,9,1,10,1,14,,44,,1,21,121.5256235,25.06263574
113,3,18,9,0,2,04大安區,大安區復興南路1段與信義路3段口,0,0,1,1,C03,7,7,5,50,4,2,1,5,4,5,13,2,1,8,3,5,1,12,2,69,2,8,5,1,7,15,1,10,1,14,,8,,1,21,121.543721,25.0334821
113,3,18,9,0,2,04大安區,大安區復興南路1段與信義路3段口,0,0,1,2,B03,7,7,5,50,4,2,1,5,4,5,13,2,1,8,3,5,1,12,2,43,3,10,7,1,7,9,1,8,1,2,,44,,1,26,121.543721,25.0334821
113,3,18,9,4,2,04大安區,大安區忠孝東路3段與建國南路1段口,0,0,1,1,C03,7,6,5,50,4,1,1,5,4,5,13,1,1,1,4,5,1,12,2,30,2,9,5,1,7,7,1,10,2,14,,100,,1,21,121.5368068,25.0416427
113,3,18,9,4,2,04大安區,大安區忠孝東路3段與建國南路1段口,0,0,1,2,B01,7,6,5,50,4,1,1,5,4,5,13,1,1,1,4,5,1,12,1,62,3,10,2,1,7,9,1,4,2,5,,44,,1,21,121.5368068,25.0416427
113,3,18,9,16,2,01大同區,大同區塔城街(北向南，塔城公園對面）,0,0,1,1,B03,7,6,5,50,14,9,1,5,4,5,13,4,4,8,3,5,1,14,1,73,3,10,3,4,7,9,1,8,1,2,,107,,1,21,121.5104605,25.050762
113,3,18,9,16,2,01大同區,大同區塔城街(北向南，塔城公園對面）,0,0,1,2,C03,7,6,5,50,14,9,1,5,4,5,13,4,4,8,3,5,1,14,1,39,2,7,6,4,7,2,1,10,1,13,,12,,1,21,121.5104605,25.050762
113,3,18,9,16,2,01大同區,大同區塔城街(北向南，塔城公園對面）,0,0,1,3,C03,7,6,5,50,14,9,1,5,4,5,13,4,4,8,3,5,1,14,1,38,3,10,3,4,7,13,1,10,9,13,,44,,1,21,121.5104605,25.050762
113,3,18,9,18,2,08士林區,士林區中山北路6段195巷與克強路15巷口,0,0,1,1,C03,7,5,5,30,4,1,1,5,4,5,13,4,4,10,5,5,1,17,1,28,2,9,5,1,7,9,1,10,1,11,,80,,1,21,121.5243831,25.107524
113,3,18,9,18,2,08士林區,士林區中山北路6段195巷與克強路15巷口,0,0,1,2,B01,7,5,5,30,4,1,1,5,4,5,13,4,4,10,5,5,1,17,1,44,3,10,7,1,7,9,1,4,1,2,,14,,1,21,121.5243831,25.107524
113,3,18,9,22,2,07信義區,信義區松仁路95巷與松仁路口,0,0,1,1,B03,8,5,5,50,3,2,1,5,4,5,13,4,4,1,4,5,2,17,2,35,3,10,7,1,7,6,1,8,1,2,,9,,1,22,121.5685165,25.036585
113,3,18,9,22,2,07信義區,信義區松仁路95巷與松仁路口,0,0,1,2,C03,8,5,5,50,3,2,1,5,4,5,13,4,4,1,4,5,2,17,2,49,2,9,5,1,7,10,1,10,1,14,,44,,1,22,121.5685165,25.036585
113,3,18,9,49,2,11南港區,南港區中坡南路與中坡南路49巷口,0,0,1,1,C03,7,6,5,50,4,1,1,5,4,5,13,2,1,5,5,5,2,16,2,40,2,9,5,1,7,6,1,10,1,12,,9,,1,21,121.5836024,25.0428278
113,3,18,9,49,2,11南港區,南港區中坡南路與中坡南路49巷口,0,0,1,2,C03,7,6,5,50,4,1,1,5,4,5,13,2,1,5,5,5,2,16,1,32,3,10,6,1,7,9,1,10,1,11,,44,,1,21,121.5836024,25.0428278
113,3,18,10,20,2,06松山區,松山區長春路與敦化北路口,0,0,1,1,C03,7,7,5,50,4,2,1,5,4,5,13,2,1,1,4,4,2,13,2,38,2,3,5,1,7,6,1,11,1,11,,108,,1,21,121.5492683,25.0544858
113,3,18,10,20,2,06松山區,松山區長春路與敦化北路口,0,0,1,2,B02,7,7,5,50,4,2,1,5,4,5,13,2,1,1,4,4,2,13,1,63,3,10,7,1,7,5,1,4,1,3,,44,,1,21,121.5492683,25.0544858
113,3,18,10,22,2,07信義區,信義區基隆路2段131-5號,0,0,1,1,C03,6,7,5,50,14,9,1,4,4,5,13,1,1,9,4,5,2,18,1,57,2,9,5,1,7,9,1,10,1,14,,44,,1,21,121.5563308,25.0275912
113,3,18,10,22,2,07信義區,信義區基隆路2段131-5號,0,0,1,2,,6,7,5,50,14,9,1,4,4,5,13,1,1,9,4,5,2,18,3,0,,,,,,,,,,,,67,,1,,121.5563308,25.0275912
113,3,18,10,59,2,08士林區,士林區延平北路5段111號,0,0,1,1,C03,8,7,5,50,14,9,1,5,4,5,13,4,4,1,5,5,1,17,1,55,2,9,5,1,7,7,1,10,1,14,,100,,1,21,121.5103395,25.0813916
113,3,18,10,59,2,08士林區,士林區延平北路5段111號,0,0,1,2,B03,8,7,5,50,14,9,1,5,4,5,13,4,4,1,5,5,1,17,2,70,3,10,7,1,7,9,1,8,1,2,,44,,1,21,121.5103395,25.0813916
113,3,18,11,33,2,12內湖區,內湖區金湖路北向南，近路燈0308512,0,0,1,1,B03,8,6,5,40,14,8,1,5,4,5,13,4,4,1,4,4,2,12,2,23,3,10,7,1,5,1,3,18,2,4,,19,,1,21,121.600852,25.07616051
113,3,18,11,33,2,12內湖區,內湖區金湖路北向南，近路燈0308512,0,0,1,2,C03,8,6,5,40,14,8,1,5,4,5,13,4,4,1,4,4,2,12,1,23,2,7,5,1,7,9,1,10,1,11,,108,,1,21,121.600852,25.07616051
113,3,18,11,47,2,05中正區,中正區臨沂街與臨沂街6巷口,0,0,1,1,C03,8,5,5,30,4,1,1,5,4,5,13,4,4,9,5,5,1,17,2,28,2,9,5,1,7,9,1,10,1,12,,80,,1,21,121.5306185,25.042396
113,3,18,11,47,2,05中正區,中正區臨沂街與臨沂街6巷口,0,0,1,2,B01,8,5,5,30,4,1,1,5,4,5,13,4,4,9,5,5,1,17,1,53,3,10,7,1,7,9,1,4,1,1,,14,,1,21,121.5306185,25.042396
113,3,18,11,50,2,12內湖區,內湖區康寧路3段與民權東路6段口,0,0,1,1,C04,8,5,5,50,3,2,1,5,4,5,13,1,1,1,4,4,2,16,1,74,2,7,6,1,7,6,1,11,2,14,,71,,1,21,121.6061674,25.07307267
113,3,18,11,50,2,12內湖區,內湖區康寧路3段與民權東路6段口,0,0,1,2,B12,8,5,5,50,3,2,1,5,4,5,13,1,1,1,4,4,2,16,1,30,3,10,7,1,7,9,1,8,2,2,,44,,1,21,121.6061674,25.07307267
113,3,18,12,0,2,03中山區,中山區民生西路1號馬偕醫院急診室前,0,0,1,1,C03,8,5,5,50,14,9,1,5,4,5,13,4,4,5,4,5,2,13,2,69,2,9,3,4,7,9,3,18,1,11,,16,,1,21,121.5220704,25.0578643
113,3,18,12,0,2,03中山區,中山區民生西路1號馬偕醫院急診室前,0,0,1,2,B12,8,5,5,50,14,9,1,5,4,5,13,4,4,5,4,5,2,13,1,41,3,10,3,4,7,14,1,8,1,6,,44,,1,21,121.5220704,25.0578643
113,3,18,12,10,2,12內湖區,內湖區港墘路59號前,0,0,1,1,C03,8,6,5,50,14,9,1,5,4,5,13,4,4,5,5,5,2,17,2,50,2,9,6,1,7,9,3,18,2,11,,107,,1,21,121.57842,25.0814554
113,3,18,12,10,2,12內湖區,內湖區港墘路59號前,0,0,1,2,B03,8,6,5,50,14,9,1,5,4,5,13,4,4,5,5,5,2,17,1,43,3,10,7,1,7,13,1,8,3,8,,40,,1,21,121.57842,25.0814554
113,3,18,12,15,2,07信義區,信義區基隆路1段與松隆路口,0,0,2,1,C03,8,6,5,50,14,9,1,5,4,5,13,2,1,1,4,5,2,13,1,18,2,9,5,1,7,9,1,10,1,11,,16,,1,21,121.5657804,25.0431097
113,3,18,12,15,2,07信義區,信義區基隆路1段與松隆路口,0,0,2,2,C03,8,6,5,50,14,9,1,5,4,5,13,2,1,1,4,5,2,13,1,32,2,9,5,1,7,9,1,10,1,13,,44,,1,21,121.5657804,25.0431097
113,3,18,12,15,2,07信義區,信義區基隆路1段與松隆路口,0,0,2,3,C03,8,6,5,50,14,9,1,5,4,5,13,2,1,1,4,5,2,13,1,49,3,10,5,1,7,21,1,10,11,17,,42,,1,21,121.5657804,25.0431097
113,3,18,12,25,2,03中山區,中山區民權東路2段192號,0,0,1,1,B03,8,5,5,50,14,9,1,5,4,5,13,4,4,1,4,5,2,16,1,29,3,10,3,4,7,7,1,8,1,8,,100,,1,21,121.5358658,25.06227218
113,3,18,12,25,2,03中山區,中山區民權東路2段192號,0,0,1,2,C03,8,5,5,50,14,9,1,5,4,5,13,4,4,1,4,5,2,16,1,21,2,5,3,4,7,9,1,10,1,12,,13,,1,21,121.5358658,25.06227218
113,3,18,12,29,2,12內湖區,內湖區康樂街151巷與康樂街口,0,0,2,1,B03,7,6,5,50,4,1,1,5,4,5,13,1,1,5,4,4,1,17,1,53,3,10,7,1,7,5,3,18,1,5,,9,,1,21,121.6192337,25.0718919
113,3,18,12,29,2,12內湖區,內湖區康樂街151巷與康樂街口,0,0,2,2,C03,7,6,5,50,4,1,1,5,4,5,13,1,1,5,4,4,1,17,1,31,2,9,5,1,7,9,1,10,1,14,,44,,1,22,121.6192337,25.0718919
113,3,18,12,29,2,12內湖區,內湖區康樂街151巷與康樂街口,0,0,2,3,H02,7,6,5,50,4,1,1,5,4,5,13,1,1,5,4,4,1,17,2,30,2,8,4,5,7,20,8,20,10,16,,67,,1,22,121.6192337,25.0718919
113,3,18,13,3,2,02萬華區,萬華區桂林路242巷與桂林路242巷53弄口,0,0,1,1,B01,7,6,5,30,3,2,1,5,4,5,13,4,4,5,5,5,2,17,1,54,3,10,7,1,7,12,1,4,9,17,,44,,1,21,121.4944805,25.0372184
113,3,18,13,3,2,02萬華區,萬華區桂林路242巷與桂林路242巷53弄口,0,0,1,2,,7,6,5,30,3,2,1,5,4,5,13,4,4,5,5,5,2,17,4,0,,,,,7,15,7,,,17,,44,,2,,121.4944805,25.0372184
113,3,18,13,3,2,02萬華區,萬華區桂林路242巷與桂林路242巷53弄口,0,0,1,3,H02,7,6,5,30,3,2,1,5,4,5,13,4,4,5,5,5,2,17,2,54,2,8,7,5,7,17,8,20,10,17,,67,,1,21,121.4944805,25.0372184
113,3,18,13,17,2,12內湖區,內湖區內湖路2段177號,0,0,1,1,C03,8,6,8,50,14,9,1,5,4,5,13,2,1,5,5,5,2,12,2,64,2,8,5,1,7,7,1,10,2,14,,100,,1,21,121.58754,25.0813481
113,3,18,13,17,2,12內湖區,內湖區內湖路2段177號,0,0,1,2,B03,8,6,8,50,14,9,1,5,4,5,13,2,1,5,5,5,2,12,2,63,3,10,7,1,7,9,1,8,2,2,,108,,1,21,121.58754,25.0813481
113,3,18,13,30,2,03中山區,中山區民權東路2段與中原街口,0,0,1,1,C03,8,7,5,50,4,1,1,5,4,5,13,2,1,3,4,5,2,16,2,25,2,9,6,1,7,9,1,10,1,11,,108,,1,22,121.5293297,25.0623937
113,3,18,13,30,2,03中山區,中山區民權東路2段與中原街口,0,0,1,2,C03,8,7,5,50,4,1,1,5,4,5,13,2,1,3,4,5,2,16,2,33,3,10,6,1,7,6,1,10,1,12,,9,,1,22,121.5293297,25.0623937
113,3,18,13,49,2,02萬華區,萬華區寶興街196號,0,0,2,1,B12,7,6,5,50,14,9,1,5,4,5,13,4,4,5,5,5,1,17,1,51,3,10,3,4,7,9,1,8,1,5,,108,,1,21,121.4947901,25.02777245
113,3,18,13,49,2,02萬華區,萬華區寶興街196號,0,0,2,2,C03,7,6,5,50,14,9,1,5,4,5,13,4,4,5,5,5,1,17,1,57,2,9,3,4,7,9,1,10,1,14,,42,,1,21,121.4947901,25.02777245
113,3,18,13,49,2,02萬華區,萬華區寶興街196號,0,0,2,3,H02,7,6,5,50,14,9,1,5,4,5,13,4,4,5,5,5,1,17,2,56,2,9,3,5,7,20,8,20,10,16,,60,,1,22,121.4947901,25.02777245
113,3,18,14,1,2,07信義區,信義區莊敬路與吳興街345巷口,0,0,1,1,B03,8,6,5,50,4,2,1,5,4,5,13,1,1,10,4,4,2,16,1,48,3,10,7,1,7,9,1,8,1,8,,81,,1,21,121.5662665,25.0272913
113,3,18,14,1,2,07信義區,信義區莊敬路與吳興街345巷口,0,0,1,2,C03,8,6,5,50,4,2,1,5,4,5,13,1,1,10,4,4,2,16,2,64,2,9,5,1,7,5,1,10,1,13,,44,,1,21,121.5662665,25.0272913
113,3,18,14,55,2,07信義區,信義區忠孝東路5段與虎林街口口,0,0,1,1,B03,8,7,5,50,4,2,1,5,4,5,13,2,1,3,4,5,2,12,2,20,3,10,7,1,7,9,1,8,1,2,,17,,1,21,121.5769221,25.0407662
113,3,18,14,55,2,07信義區,信義區忠孝東路5段與虎林街口口,0,0,1,2,C03,8,7,5,50,4,2,1,5,4,5,13,2,1,3,4,5,2,12,1,74,2,8,6,1,7,9,1,10,1,14,,17,,1,21,121.5769221,25.0407662
113,3,18,15,15,2,06松山區,松山區南京東路4段與北寧路口,0,0,1,1,C03,8,5,5,50,4,2,1,5,4,5,13,1,1,1,3,5,2,17,1,67,2,9,5,1,7,9,1,10,2,17,,42,,1,21,121.5529914,25.051729
113,3,18,15,15,2,06松山區,松山區南京東路4段與北寧路口,0,0,1,2,C03,8,5,5,50,4,2,1,5,4,5,13,1,1,1,3,5,2,17,1,42,3,10,5,1,7,12,1,10,2,17,,44,,1,21,121.5529914,25.051729
113,3,18,15,15,2,06松山區,松山區南京東路4段與北寧路口,0,0,1,3,B01,8,5,5,50,4,2,1,5,4,5,13,1,1,1,3,5,2,17,1,52,3,10,3,4,7,9,1,4,11,17,,44,,1,26,121.5529914,25.051729
113,3,18,16,17,2,07信義區,信義區忠孝東路4段400號,0,0,1,1,B02,8,7,8,50,14,9,1,5,4,5,13,4,4,5,5,5,2,17,1,43,3,10,3,4,7,9,1,8,1,4,,108,,1,22,121.5581587,25.0412332