發生年度,發生月,發生日,發生時-Hours,發生分,處理別-編號,區序,肇事地點,死亡人數,2-30日死亡人數,受傷人數,當事人序號,車種,天候,道路照明設備,道路類別,速限-速度限制,道路型態,事故位置,路面狀況1,路面狀況2,路面狀況3,道路障礙1,道路障礙2,號誌1,號誌2,車道劃分-分向,車道劃分-分道1,車道劃分-分道2,車道劃分-分道3,事故類型及型態,性別,年齡,受傷程度,主要傷處,保護裝置,行動電話,車輛用途,當事者行動狀態,駕駛資格情形,駕駛執照種類,飲酒情形,車輛撞擊部位1,車輛撞擊部位2,肇因碼-個別,肇因碼-主要,個人肇逃否,職業,座標-X,座標-Y
113,3,18,16,17,2,07信義區,信義區忠孝東路4段400號,0,0,1,2,F01,8,7,8,50,14,9,1,5,4,5,13,4,4,5,5,5,2,17,2,39,2,1,3,4,7,9,8,20,1,14,,118,,1,22,121.5581587,25.0412332
113,3,18,16,30,2,10文山區,文山區秀明路1段7號,0,0,1,1,C03,8,5,5,50,14,9,1,5,4,5,13,4,4,9,4,5,1,17,1,59,2,9,6,1,7,9,1,10,2,11,,48,,1,21,121.5635279,24.98918531
113,3,18,16,30,2,10文山區,文山區秀明路1段7號,0,0,1,2,B01,8,5,5,50,14,9,1,5,4,5,13,4,4,9,4,5,1,17,1,67,3,10,7,1,7,13,1,4,1,7,,44,,1,21,121.5635279,24.98918531
113,3,18,16,51,2,06松山區,松山區民生東路4段與民生東路4段131巷口,0,0,1,1,B03,8,6,5,50,4,1,1,5,4,5,13,2,1,2,4,5,2,17,2,39,3,10,7,1,7,5,1,8,1,6,,8,,1,21,121.554269,25.05822942
113,3,18,16,51,2,06松山區,松山區民生東路4段與民生東路4段131巷口,0,0,1,2,C03,8,6,5,50,4,1,1,5,4,5,13,2,1,2,4,5,2,17,1,46,2,9,6,1,7,9,1,10,1,11,,108,,1,21,121.554269,25.05822942
113,3,18,17,0,2,09北投區,北投區大度路機慢車優先道(中央北路2段257巷口往東約240公尺處),0,0,2,1,C03,7,7,5,50,14,12,1,5,4,5,13,4,4,1,4,5,1,12,2,18,2,9,6,1,7,15,1,10,2,12,,108,,1,21,121.4884867,25.1219816
113,3,18,17,0,2,09北投區,北投區大度路機慢車優先道(中央北路2段257巷口往東約240公尺處),0,0,2,2,F01,7,7,5,50,14,12,1,5,4,5,13,4,4,1,4,5,1,12,1,55,2,9,4,1,7,9,8,20,2,14,,44,,1,21,121.4884867,25.1219816
113,3,18,17,0,2,09北投區,北投區大度路機慢車優先道(中央北路2段257巷口往東約240公尺處),0,0,2,3,C03,7,7,5,50,14,12,1,5,4,5,13,4,4,1,4,5,1,12,1,43,3,10,6,1,7,9,1,10,2,11,,44,,1,21,121.4884867,25.1219816
113,3,18,17,0,2,07信義區,信義區光復南路271號,0,0,1,1,B01,8,5,8,30,14,9,1,5,4,5,13,2,1,3,4,5,2,17,1,61,3,10,7,1,7,7,1,4,1,8,,100,,1,21,121.5576834,25.0409197
113,3,18,17,0,2,07信義區,信義區光復南路271號,0,0,1,2,C03,8,5,8,30,14,9,1,5,4,5,13,2,1,3,4,5,2,17,1,35,2,7,2,1,7,9,1,10,1,12,,99,,1,21,121.5576834,25.0409197
113,3,18,17,27,2,11南港區,南港區忠孝東路7段124巷與昆陽街157巷口,0,0,2,1,B03,7,6,5,50,5,1,1,5,4,5,13,2,1,5,5,5,2,16,2,48,3,10,7,1,7,6,3,18,1,6,,9,,1,21,121.5954725,25.0505678
113,3,18,17,27,2,11南港區,南港區忠孝東路7段124巷與昆陽街157巷口,0,0,2,2,C03,7,6,5,50,5,1,1,5,4,5,13,2,1,5,5,5,2,16,1,61,2,9,5,1,7,9,1,10,1,14,,44,,1,21,121.5954725,25.0505678
113,3,18,17,27,2,11南港區,南港區忠孝東路7段124巷與昆陽街157巷口,0,0,2,3,H02,7,6,5,50,5,1,1,5,4,5,13,2,1,5,5,5,2,16,2,58,2,9,5,5,7,20,8,20,10,16,,67,,1,21,121.5954725,25.0505678
113,3,18,17,45,2,10文山區,文山區信義快速道路(國3甲匝道旁),0,0,1,1,C02,8,6,5,50,14,9,1,5,4,5,13,4,4,1,4,5,1,13,1,43,2,9,3,4,7,15,6,10,9,15,,16,,1,21,121.5781197,25.0018879
113,3,18,17,45,2,10文山區,文山區信義快速道路(國3甲匝道旁),0,0,1,2,B03,8,6,5,50,14,9,1,5,4,5,13,4,4,1,4,5,1,13,2,30,3,10,3,4,7,9,1,8,2,7,,42,,1,21,121.5781197,25.0018879
113,3,18,17,54,2,12內湖區,內湖區民權大橋內湖往松山上橋處,0,0,1,1,C03,7,5,5,50,14,9,1,5,4,5,13,4,4,1,4,5,2,12,1,27,3,10,5,1,7,8,1,10,1,12,,100,,1,21,121.5775486,25.0664828
113,3,18,17,54,2,12內湖區,內湖區民權大橋內湖往松山上橋處,0,0,1,2,C03,7,5,5,50,14,9,1,5,4,5,13,4,4,1,4,5,2,12,1,24,2,9,5,1,7,9,1,10,1,14,,44,,1,21,121.5775486,25.0664828
113,3,18,17,56,2,04大安區,大安區光復南路308巷40號,0,0,1,1,B01,8,6,5,30,14,9,1,5,4,5,10,4,4,10,5,5,1,6,1,51,4,11,3,4,7,9,1,4,9,2,,108,,2,21,121.5554947,25.038915
113,3,18,17,56,2,04大安區,大安區光復南路308巷40號,0,0,1,2,H01,8,6,5,30,14,9,1,5,4,5,10,4,4,10,5,5,1,6,2,40,2,9,4,5,8,18,8,20,10,16,,121,,1,21,121.5554947,25.038915
113,3,18,17,56,2,04大安區,大安區光復南路308巷40號,0,0,1,3,B12,8,6,5,30,14,9,1,5,4,5,10,4,4,10,5,5,1,6,1,40,3,10,7,1,7,14,1,8,11,17,,38,,1,21,121.5554947,25.038915
113,3,18,18,5,2,07信義區,信義區基隆路1段與松壽路口口,0,0,2,1,B03,7,5,5,50,4,1,1,5,4,5,13,2,1,1,2,5,2,16,1,74,3,10,7,1,7,6,1,8,2,5,,9,,1,21,121.5614567,25.0358916
113,3,18,18,5,2,07信義區,信義區基隆路1段與松壽路口口,0,0,2,2,C03,7,5,5,50,4,1,1,5,4,5,13,2,1,1,2,5,2,16,2,28,2,9,6,1,7,9,1,9,2,14,,44,,1,21,121.5614567,25.0358916
113,3,18,18,5,2,07信義區,信義區基隆路1段與松壽路口口,0,0,2,3,C03,7,5,5,50,4,1,1,5,4,5,13,2,1,1,2,5,2,16,1,18,3,10,6,1,7,9,1,10,2,11,,108,,1,21,121.5614567,25.0358916
113,3,18,18,5,2,07信義區,信義區基隆路1段與松壽路口口,0,0,2,4,H02,7,5,5,50,4,1,1,5,4,5,13,2,1,1,2,5,2,16,2,27,2,9,6,5,7,20,8,20,10,16,,60,,1,21,121.5614567,25.0358916
113,3,18,18,7,2,03中山區,中山區雙城街7巷10號,0,0,1,1,B03,7,5,5,30,14,9,1,5,4,5,13,4,4,10,5,5,2,16,1,36,3,10,3,4,7,1,1,8,1,8,,19,,1,21,121.5253734,25.0638121
113,3,18,18,7,2,03中山區,中山區雙城街7巷10號,0,0,1,2,C03,7,5,5,30,14,9,1,5,4,5,13,4,4,10,5,5,2,16,2,57,2,9,3,4,7,9,1,10,1,12,,13,,1,21,121.5253734,25.0638121
113,3,18,18,15,2,07信義區,信義區松壽路22號,0,0,1,1,B01,8,5,5,50,14,9,1,5,4,5,13,4,4,5,4,5,2,13,1,30,3,10,3,4,7,8,1,4,1,5,,42,,1,22,121.5678522,25.0358116
113,3,18,18,15,2,07信義區,信義區松壽路22號,0,0,1,2,C03,8,5,5,50,14,9,1,5,4,5,13,4,4,5,4,5,2,13,2,30,2,9,3,4,7,9,1,10,1,13,,42,,1,22,121.5678522,25.0358116
113,3,18,18,25,2,02萬華區,萬華區西園路2段372巷98號,0,0,1,1,C03,8,6,5,30,14,9,1,5,4,5,13,4,4,10,5,5,2,6,2,27,3,10,6,4,7,9,1,10,1,11,,44,,1,21,121.4899988,25.02747965
113,3,18,18,25,2,02萬華區,萬華區西園路2段372巷98號,0,0,1,2,H01,8,6,5,30,14,9,1,5,4,5,13,4,4,10,5,5,2,6,1,3,2,9,4,5,8,18,8,20,10,16,,53,,1,21,121.4899988,25.02747965
113,3,18,18,38,2,06松山區,松山區民權大橋7510451號燈桿,0,0,3,1,C03,8,7,5,30,14,11,1,5,4,5,13,4,4,1,3,5,2,13,1,43,2,9,5,1,7,9,1,10,1,11,,16,,1,22,121.5667304,25.0632745
113,3,18,18,38,2,06松山區,松山區民權大橋7510451號燈桿,0,0,3,2,C03,8,7,5,30,14,11,1,5,4,5,13,4,4,1,3,5,2,13,1,25,2,8,5,1,7,3,1,10,1,13,,44,,1,22,121.5667304,25.0632745
113,3,18,18,38,2,06松山區,松山區民權大橋7510451號燈桿,0,0,3,3,C03,8,7,5,30,14,11,1,5,4,5,13,4,4,1,3,5,2,13,1,36,3,10,5,1,7,14,1,10,1,13,,44,,1,22,121.5667304,25.0632745
113,3,18,18,38,2,06松山區,松山區民權大橋7510451號燈桿,0,0,3,4,C03,8,7,5,30,14,11,1,5,4,5,13,4,4,1,3,5,2,13,2,31,2,8,5,1,7,9,1,10,1,11,,16,,1,22,121.5667304,25.0632745
113,3,18,18,38,2,06松山區,松山區民權大橋7510451號燈桿,0,0,3,5,C03,8,7,5,30,14,11,1,5,4,5,13,4,4,1,3,5,2,13,1,51,3,10,5,1,7,9,1,10,1,13,,44,,1,22,121.5667304,25.0632745
113,3,18,19,19,2,02萬華區,萬華區洛陽街與西寧南路口,0,0,2,1,C04,8,5,5,50,4,2,1,5,4,5,13,1,1,5,4,5,2,17,2,52,2,9,6,1,7,11,1,10,1,13,,98,,1,21,121.5072465,25.0474588
113,3,18,19,19,2,02萬華區,萬華區洛陽街與西寧南路口,0,0,2,2,C03,8,5,5,50,4,2,1,5,4,5,13,1,1,5,4,5,2,17,1,30,2,9,5,1,7,9,1,10,1,14,,44,,1,21,121.5072465,25.0474588
113,3,18,19,25,2,01大同區,大同區忠孝西路2段與西寧北路口,0,0,1,1,C03,8,5,5,50,14,9,1,5,4,5,13,2,1,4,4,5,2,16,1,33,3,10,3,4,7,7,1,10,2,14,,100,,1,21,121.5076925,25.0490709
113,3,18,19,25,2,01大同區,大同區忠孝西路2段與西寧北路口,0,0,1,2,B03,8,5,5,50,14,9,1,5,4,5,13,2,1,4,4,5,2,16,1,41,3,10,3,4,7,9,1,8,2,5,,118,,1,21,121.5076925,25.0490709
113,3,18,19,25,2,01大同區,大同區忠孝西路2段與西寧北路口,0,0,1,3,C03,8,5,5,50,14,9,1,5,4,5,13,2,1,4,4,5,2,16,1,36,2,8,3,4,7,15,1,10,2,14,,44,,1,21,121.5076925,25.0490709
113,3,18,19,38,2,04大安區,大安區瑞安街與瑞安街149巷口,0,0,1,1,B02,8,5,5,30,3,1,1,5,4,5,13,4,4,10,5,5,2,9,2,45,3,10,7,1,7,5,1,8,2,4,,107,,1,21,121.5395059,25.0265659
113,3,18,19,38,2,04大安區,大安區瑞安街與瑞安街149巷口,0,0,1,2,H01,8,5,5,30,3,1,1,5,4,5,13,4,4,10,5,5,2,9,2,55,2,6,4,5,8,17,8,20,10,16,,60,,1,21,121.5395059,25.0265659
113,3,18,19,39,2,02萬華區,萬華區西寧南路67號,0,0,1,1,C03,7,5,5,50,14,9,1,5,4,5,13,4,4,8,3,5,2,16,2,77,2,9,5,4,7,9,1,10,1,12,,108,,1,22,121.5069053,25.0461709
113,3,18,19,39,2,02萬華區,萬華區西寧南路67號,0,0,1,2,B03,7,5,5,50,14,9,1,5,4,5,13,4,4,8,3,5,2,16,1,33,3,10,3,4,7,11,1,8,1,8,,44,,1,22,121.5069053,25.0461709
113,3,18,20,4,2,08士林區,士林區至誠路2段與至誠路2段21巷口,0,0,1,1,C03,8,5,5,40,3,1,1,5,4,5,13,4,4,9,4,5,1,16,2,51,2,8,3,4,7,5,1,10,1,11,,74,,1,22,121.5297606,25.1021933
113,3,18,20,4,2,08士林區,士林區至誠路2段與至誠路2段21巷口,0,0,1,2,B03,8,5,5,40,3,1,1,5,4,5,13,4,4,9,4,5,1,16,1,36,3,10,3,4,7,9,1,8,1,4,,14,,1,22,121.5297606,25.1021933
113,3,18,20,46,2,09北投區,北投區三合街1段79巷與三合街1段82巷口,0,0,1,1,B01,8,5,5,40,4,2,1,5,4,5,13,3,1,7,4,5,1,15,1,24,3,10,7,1,7,9,1,4,1,5,,72,,1,21,121.5050104,25.1268762
113,3,18,20,46,2,09北投區,北投區三合街1段79巷與三合街1段82巷口,0,0,1,2,C03,8,5,5,40,4,2,1,5,4,5,13,3,1,7,4,5,1,15,1,22,2,7,6,1,7,9,1,10,1,14,,13,,1,21,121.5050104,25.1268762
113,3,19,0,23,2,04大安區,大安區復興南路1段135巷與忠孝東路4段17巷口,0,0,2,1,B03,7,5,5,30,4,1,1,5,4,5,13,4,4,5,4,5,2,15,1,23,3,10,7,1,7,9,1,4,1,8,,72,,1,21,121.5444787,25.0426802
113,3,19,0,23,2,04大安區,大安區復興南路1段135巷與忠孝東路4段17巷口,0,0,2,2,C03,7,5,5,30,4,1,1,5,4,5,13,4,4,5,4,5,2,15,1,20,2,8,6,1,7,9,1,10,1,12,,44,,1,21,121.5444787,25.0426802
113,3,19,0,23,2,04大安區,大安區復興南路1段135巷與忠孝東路4段17巷口,0,0,2,3,H02,7,5,5,30,4,1,1,5,4,5,13,4,4,5,4,5,2,15,2,18,2,8,6,5,7,20,8,20,10,16,,67,,1,21,121.5444787,25.0426802
113,3,19,0,30,2,09北投區,北投區中央北路4段與大度路3段口,0,0,1,1,C03,7,5,5,50,4,2,1,5,4,5,13,1,1,1,4,5,2,27,1,30,2,9,5,1,7,9,1,10,9,13,,108,,1,21,121.4646262,25.1238149
113,3,19,0,30,2,09北投區,北投區中央北路4段與大度路3段口,0,0,1,2,,7,5,5,50,4,2,1,5,4,5,13,1,1,1,4,5,2,27,3,0,,,,,,,,,,,,67,,1,,121.4646262,25.1238149
113,3,19,4,23,2,05中正區,中正區南海路與泉州街口,0,0,3,1,F01,6,5,5,50,3,1,1,4,4,5,13,3,1,10,4,4,2,15,1,85,2,9,4,1,7,9,8,20,2,12,,4,,1,22,121.5135265,25.0316688
113,3,19,4,23,2,05中正區,中正區南海路與泉州街口,0,0,3,2,C03,6,5,5,50,3,1,1,4,4,5,13,3,1,10,4,4,2,15,1,42,2,9,6,1,7,9,1,10,2,11,,108,,1,22,121.5135265,25.0316688
113,3,19,4,23,2,05中正區,中正區南海路與泉州街口,0,0,3,3,C03,6,5,5,50,3,1,1,4,4,5,13,3,1,10,4,4,2,15,2,66,2,1,6,1,7,9,1,10,2,11,,108,,1,22,121.5135265,25.0316688
113,3,19,7,30,2,08士林區,士林區承德路4段與後港街口,0,0,1,1,B03,6,6,5,50,5,2,1,4,4,5,13,1,1,1,4,5,1,12,2,47,3,10,7,1,7,8,1,8,1,2,,100,,1,22,121.5231672,25.0824835
113,3,19,7,30,2,08士林區,士林區承德路4段與後港街口,0,0,1,2,C03,6,6,5,50,5,2,1,4,4,5,13,1,1,1,4,5,1,12,1,51,2,9,6,1,7,9,1,10,1,14,,42,,1,22,121.5231672,25.0824835
113,3,19,7,30,2,08士林區,士林區承德路4段與後港街口,0,0,1,3,C03,6,6,5,50,5,2,1,4,4,5,13,1,1,1,4,5,1,12,2,30,3,10,6,1,7,9,1,10,1,14,,44,,1,22,121.5231672,25.0824835
113,3,19,7,30,2,08士林區,士林區承德路4段與後港街口,0,0,1,4,B03,6,6,5,50,5,2,1,4,4,5,13,1,1,1,4,5,1,12,1,35,3,10,7,1,7,8,1,8,9,17,,100,,1,22,121.5231672,25.0824835
113,3,19,7,30,2,08士林區,士林區中山北路6段77號騎樓,0,0,1,1,F01,7,6,5,0,22,25,4,5,4,5,13,4,4,10,5,5,2,17,1,17,3,10,4,1,7,9,8,20,1,11,,108,,1,16,121.5245474,25.10463733
113,3,19,7,30,2,08士林區,士林區中山北路6段77號騎樓,0,0,1,2,F01,7,6,5,0,22,25,4,5,4,5,13,4,4,10,5,5,2,17,2,29,2,5,4,1,7,5,8,20,1,14,,108,,1,21,121.5245474,25.10463733
113,3,19,7,44,2,05中正區,中正區林森南路地下道上坡處,0,0,1,1,C03,6,7,5,50,7,9,1,4,4,5,13,4,4,1,4,5,2,13,1,42,2,9,5,1,7,12,1,10,1,14,,16,,1,22,121.5190116,25.0336983
113,3,19,7,44,2,05中正區,中正區林森南路地下道上坡處,0,0,1,2,B03,6,7,5,50,7,9,1,4,4,5,13,4,4,1,4,5,2,13,1,43,3,10,7,1,7,14,1,8,1,6,,44,,1,22,121.5190116,25.0336983
113,3,19,7,45,2,08士林區,士林區中山北路5段811巷與福國路15巷口,0,0,2,1,C03,6,6,5,30,4,2,1,4,4,5,13,4,4,5,5,5,1,15,2,41,2,8,5,1,7,9,1,10,1,11,,72,,1,21,121.5246969,25.10106375
113,3,19,7,45,2,08士林區,士林區中山北路5段811巷與福國路15巷口,0,0,2,2,C03,6,6,5,30,4,2,1,4,4,5,13,4,4,5,5,5,1,15,1,43,2,9,5,1,7,9,1,10,1,12,,14,,1,21,121.5246969,25.10106375
113,3,19,8,5,2,04大安區,大安區新生南路1段157巷與新生南路1段口,0,0,1,1,C03,6,6,5,50,14,9,1,4,4,5,13,4,4,1,4,5,2,17,2,42,2,9,6,4,7,9,1,11,1,13,,42,,1,22,121.5328708,25.0349732
113,3,19,8,5,2,04大安區,大安區新生南路1段157巷與新生南路1段口,0,0,1,2,C03,6,6,5,50,14,9,1,4,4,5,13,4,4,1,4,5,2,17,1,26,3,10,6,4,7,9,1,10,1,11,,108,,1,22,121.5328708,25.0349732
113,3,19,8,12,2,03中山區,中山區五常街53巷與龍江路394巷口,0,0,2,1,C03,6,6,5,50,4,1,1,4,4,5,10,4,4,9,5,5,2,15,2,43,2,8,6,4,7,9,1,10,1,14,,14,,1,22,121.539653,25.06722024
113,3,19,8,12,2,03中山區,中山區五常街53巷與龍江路394巷口,0,0,2,2,C03,6,6,5,50,4,1,1,4,4,5,10,4,4,9,5,5,2,15,2,45,2,8,6,4,7,9,1,10,1,11,,107,,1,22,121.539653,25.06722024
113,3,19,8,12,2,03中山區,中山區五常街53巷與龍江路394巷口,0,0,2,3,B12,6,6,5,50,4,1,1,4,4,5,10,4,4,9,5,5,2,15,1,29,3,10,3,4,7,14,1,8,9,17,,38,,1,22,121.539653,25.06722024
113,3,19,8,15,2,01大同區,大同區承德路3段與承德路3段208巷口,0,0,2,1,C03,6,6,5,50,4,1,1,4,4,5,13,2,1,8,3,5,1,3,1,51,3,10,6,4,7,9,1,10,2,11,,70,,1,21,121.5230103,25.05835151
113,3,19,8,15,2,01大同區,大同區承德路3段與承德路3段208巷口,0,0,2,2,H01,6,6,5,50,4,1,1,4,4,5,13,2,1,8,3,5,1,3,2,56,2,9,4,5,8,16,8,20,10,16,,67,,1,21,121.5230103,25.05835151
113,3,19,8,15,2,01大同區,大同區承德路3段與承德路3段208巷口,0,0,2,3,H01,6,6,5,50,4,1,1,4,4,5,13,2,1,8,3,5,1,3,2,61,2,9,4,5,8,16,8,20,10,16,,67,,1,21,121.5230103,25.05835151
113,3,19,8,15,2,03中山區,中山區北安路845號對面,0,0,1,1,C03,6,6,5,50,14,7,1,4,4,5,13,4,4,1,4,5,2,17,2,36,2,9,3,4,7,9,1,10,1,14,,118,,1,21,121.5580475,25.0845476
113,3,19,8,15,2,03中山區,中山區北安路845號對面,0,0,1,2,B03,6,6,5,50,14,7,1,4,4,5,13,4,4,1,4,5,2,17,1,54,3,10,3,4,7,9,1,8,1,2,,118,,1,21,121.5580475,25.0845476
113,3,19,8,30,2,08士林區,士林區天母東路43巷與天母東路口,0,0,1,1,C03,6,6,5,50,4,1,1,4,4,5,13,1,1,3,4,5,2,17,1,25,2,7,5,1,7,5,1,10,1,12,,8,,1,22,121.5323753,25.1181009
113,3,19,8,30,2,08士林區,士林區天母東路43巷與天母東路口,0,0,1,2,B03,6,6,5,50,4,1,1,4,4,5,13,1,1,3,4,5,2,17,2,46,3,10,7,1,7,9,1,8,1,8,,42,,1,22,121.5323753,25.1181009
113,3,19,8,34,2,10文山區,文山區木新路2段79巷12弄16號前,0,0,1,1,C03,6,6,5,30,14,9,1,4,4,5,13,4,4,9,4,5,2,13,1,39,2,1,5,1,7,9,6,10,7,11,,21,,1,21,121.5710608,24.98426837
113,3,19,8,34,2,10文山區,文山區木新路2段79巷12弄16號前,0,0,1,2,B12,6,6,5,30,14,9,1,4,4,5,13,4,4,9,4,5,2,13,1,41,3,10,7,1,7,14,1,8,2,7,,38,,1,21,121.5710608,24.98426837
113,3,19,8,36,2,08士林區,士林區中正路631號,0,0,1,1,B03,6,6,5,50,14,9,1,4,4,5,13,3,1,10,4,5,2,12,1,60,3,10,7,1,7,8,1,4,1,5,,100,,1,21,121.508487,25.086371
113,3,19,8,36,2,08士林區,士林區中正路631號,0,0,1,2,C03,6,6,5,50,14,9,1,4,4,5,13,3,1,10,4,5,2,12,2,23,2,9,6,1,7,9,1,10,1,14,,44,,1,21,121.508487,25.086371
113,3,19,8,37,2,02萬華區,萬華區萬板大橋往台北機車道下橋處,0,0,2,1,C03,6,7,5,40,8,11,1,4,4,5,13,4,4,9,3,1,2,2,2,28,2,9,6,1,7,9,1,10,1,11,,107,,1,22,121.4893197,25.0300819
113,3,19,8,37,2,02萬華區,萬華區萬板大橋往台北機車道下橋處,0,0,2,2,H01,6,7,5,40,8,11,1,4,4,5,13,4,4,9,3,1,2,2,2,81,2,8,4,5,8,21,8,20,10,16,,67,,1,22,121.4893197,25.0300819
113,3,19,9,0,2,12內湖區,內湖區民權東路6段與成功路2段320巷31弄口口,0,0,1,1,B01,6,6,5,50,3,18,1,4,4,5,13,2,1,1,4,5,2,3,1,61,3,10,7,1,7,9,1,4,2,1,,70,,1,21,121.5891304,25.0689911
113,3,19,9,0,2,12內湖區,內湖區民權東路6段與成功路2段320巷31弄口口,0,0,1,2,H01,6,6,5,50,3,18,1,4,4,5,13,2,1,1,4,5,2,3,1,80,2,9,4,5,8,16,8,20,10,16,,122,,1,21,121.5891304,25.0689911
113,3,19,9,20,2,07信義區,信義區吳興街7巷與吳興街口,0,0,1,1,B13,6,7,5,30,4,1,1,4,4,5,13,4,4,10,5,5,2,15,1,42,3,10,7,1,7,9,1,8,1,4,,14,,1,21,121.5594102,25.0317113
113,3,19,9,20,2,07信義區,信義區吳興街7巷與吳興街口,0,0,1,2,C03,6,7,5,30,4,1,1,4,4,5,13,4,4,10,5,5,2,15,1,38,2,7,5,1,7,9,1,10,1,11,,13,,1,21,121.5594102,25.0317113
113,3,19,9,25,2,08士林區,士林區德行東路140號,0,0,2,1,C03,6,6,5,50,14,9,1,4,4,5,13,4,4,9,5,5,1,17,2,32,2,8,5,1,7,9,1,10,1,11,,44,,1,21,121.529523,25.1080865
113,3,19,9,25,2,08士林區,士林區德行東路140號,0,0,2,2,A02,6,6,5,50,14,9,1,4,4,5,13,4,4,9,5,5,1,17,1,49,3,10,7,1,7,14,1,2,1,17,,40,,1,21,121.529523,25.1080865
113,3,19,9,25,2,08士林區,士林區德行東路140號,0,0,2,4,C03,6,6,5,50,14,9,1,4,4,5,13,4,4,9,5,5,1,17,1,38,3,10,5,1,7,13,1,10,11,13,,44,,1,21,121.529523,25.1080865
113,3,19,9,25,2,08士林區,士林區德行東路140號,0,0,2,3,H02,6,6,5,50,14,9,1,4,4,5,13,4,4,9,5,5,1,17,1,29,2,7,4,5,7,19,8,20,10,16,,67,,1,21,121.529523,25.1080865
113,3,19,9,45,2,02萬華區,萬華區西園路2段255號,0,0,2,1,C03,7,6,5,50,14,9,2,4,4,5,13,4,4,1,3,5,1,13,1,23,2,8,3,4,6,9,1,10,1,11,,44,,1,21,121.4920611,25.02540062
113,3,19,9,45,2,02萬華區,萬華區西園路2段255號,0,0,2,2,C03,7,6,5,50,14,9,2,4,4,5,13,4,4,1,3,5,1,13,1,35,3,10,3,4,7,9,1,10,1,13,,44,,1,21,121.4920611,25.02540062
113,3,19,9,45,2,02萬華區,萬華區西園路2段255號,0,0,2,3,C03,7,6,5,50,14,9,2,4,4,5,13,4,4,1,3,5,1,13,2,57,2,8,3,4,7,9,1,10,1,11,,16,,1,21,121.4920611,25.02540062
113,3,19,10,6,2,02萬華區,萬華區西寧南路50巷與昆明街口,0,0,1,1,C03,6,6,5,50,4,1,1,4,4,5,13,4,4,8,3,5,1,17,1,35,2,8,5,1,7,15,1,10,1,13,,42,,1,21,121.5052424,25.04447027
113,3,19,10,6,2,02萬華區,萬華區西寧南路50巷與昆明街口,0,0,1,2,B03,6,6,5,50,4,1,1,4,4,5,13,4,4,8,3,5,1,17,1,28,3,10,7,1,7,6,1,8,1,8,,108,,1,21,121.5052424,25.04447027
113,3,19,11,9,2,04大安區,大安區信義路3段與金山南路2段口,0,0,1,1,B03,6,5,5,50,4,2,1,4,4,5,13,1,1,1,4,5,2,16,1,40,3,10,3,4,7,7,1,8,1,7,,100,,1,21,121.5272808,25.0337753
113,3,19,11,9,2,04大安區,大安區信義路3段與金山南路2段口,0,0,1,2,C03,6,5,5,50,4,2,1,4,4,5,13,1,1,1,4,5,2,16,2,50,2,8,3,4,7,15,1,10,1,13,,101,,1,21,121.5272808,25.0337753
113,3,19,11,9,2,04大安區,大安區信義路3段與金山南路2段口,0,0,1,3,B01,6,5,5,50,4,2,1,4,4,5,13,1,1,1,4,5,2,16,1,73,3,10,3,4,7,9,1,4,1,5,,108,,1,21,121.5272808,25.0337753
113,3,19,11,11,2,06松山區,松山區民權東路3段164號,0,0,1,1,B03,6,7,5,50,14,9,1,4,4,5,13,4,4,1,4,5,2,12,2,55,3,10,7,1,7,9,1,8,2,5,,108,,1,21,121.5482092,25.0619236
113,3,19,11,11,2,06松山區,松山區民權東路3段164號,0,0,1,2,C03,6,7,5,50,14,9,1,4,4,5,13,4,4,1,4,5,2,12,1,68,2,9,6,1,7,9,1,10,2,14,,44,,1,21,121.5482092,25.0619236
113,3,19,11,25,2,03中山區,中山區林森北路與中山北路1段53巷口口,0,0,1,1,C03,7,6,5,30,4,1,1,5,4,5,13,4,4,5,4,5,2,17,1,49,3,10,3,4,7,9,1,10,1,12,,72,,1,21,121.5243961,25.0486886
113,3,19,11,25,2,03中山區,中山區林森北路與中山北路1段53巷口口,0,0,1,2,C03,7,6,5,30,4,1,1,5,4,5,13,4,4,5,4,5,2,17,1,37,2,8,3,4,7,9,1,10,1,11,,14,,1,21,121.5243961,25.0486886
113,3,19,11,31,2,08士林區,士林區中山北路6段269-1號,0,0,1,1,B02,7,6,5,50,14,9,1,5,4,5,13,4,4,1,4,5,1,16,1,61,3,10,7,4,7,8,1,8,1,17,,100,,1,21,121.5253519,25.109794
113,3,19,11,31,2,08士林區,士林區中山北路6段269-1號,0,0,1,2,C03,7,6,5,50,14,9,1,5,4,5,13,4,4,1,4,5,1,16,1,40,2,9,3,4,7,9,1,10,1,12,,44,,1,21,121.5253519,25.109794
113,3,19,11,31,2,08士林區,士林區中山北路6段269-1號,0,0,1,3,B03,7,6,5,50,14,9,1,5,4,5,13,4,4,1,4,5,1,16,1,37,3,10,3,1,7,14,1,8,11,7,,44,,1,21,121.5253519,25.109794
113,3,19,12,2,2,03中山區,中山區濱江街297號,0,0,1,1,B03,7,6,5,50,14,8,1,5,4,5,13,4,4,10,5,3,2,17,1,44,3,10,7,1,7,6,1,8,1,2,,9,,1,21,121.5456882,25.07242714
113,3,19,12,2,2,03中山區,中山區濱江街297號,0,0,1,2,C03,7,6,5,50,14,8,1,5,4,5,13,4,4,10,5,3,2,17,1,20,2,9,5,1,7,9,1,10,1,14,12,13,,1,21,121.5456882,25.07242714