發生年度,發生月,發生日,發生時-Hours,發生分,處理別-編號,區序,肇事地點,死亡人數,2-30日死亡人數,受傷人數,當事人序號,車種,天候,道路照明設備,道路類別,速限-速度限制,道路型態,事故位置,路面狀況1,路面狀況2,路面狀況3,道路障礙1,道路障礙2,號誌1,號誌2,車道劃分-分向,車道劃分-分道1,車道劃分-分道2,車道劃分-分道3,事故類型及型態,性別,年齡,受傷程度,主要傷處,保護裝置,行動電話,車輛用途,當事者行動狀態,駕駛資格情形,駕駛執照種類,飲酒情形,車輛撞擊部位1,車輛撞擊部位2,肇因碼-個別,肇因碼-主要,個人肇逃否,職業,座標-X,座標-Y
113,3,19,12,13,2,07信義區,信義區松廉路76號,0,0,1,1,B03,7,6,5,50,14,9,1,4,4,5,13,4,4,5,5,5,2,13,1,45,3,10,7,1,7,9,1,8,1,1,,16,,1,22,121.5673079,25.0339503
113,3,19,12,13,2,07信義區,信義區松廉路76號,0,0,1,2,B03,7,6,5,50,14,9,1,4,4,5,13,4,4,5,5,5,2,13,1,43,2,6,7,1,7,14,1,8,1,3,,44,,1,22,121.5673079,25.0339503
113,3,19,12,44,2,05中正區,中正區汀州路2段與金門街口,0,0,1,1,B03,7,6,5,50,4,1,1,5,4,5,13,1,1,5,4,5,2,16,2,47,3,10,7,1,7,11,1,8,2,5,,10,,1,21,121.5239791,25.0222116
113,3,19,12,44,2,05中正區,中正區汀州路2段與金門街口,0,0,1,2,C03,7,6,5,50,4,1,1,5,4,5,13,1,1,5,4,5,2,16,1,54,2,5,5,1,7,9,1,10,2,11,,13,,1,21,121.5239791,25.0222116
113,3,19,12,47,2,01大同區,大同區延平北路3段與民權西路口,0,0,2,1,C03,7,6,5,50,4,1,1,5,4,5,13,2,1,1,5,5,2,17,1,68,2,9,6,1,7,15,1,10,1,12,,81,,1,22,121.5113026,25.0629936
113,3,19,12,47,2,01大同區,大同區延平北路3段與民權西路口,0,0,2,2,C03,7,6,5,50,4,1,1,5,4,5,13,2,1,1,5,5,2,17,1,36,2,9,6,1,7,9,1,10,1,11,,13,,1,22,121.5113026,25.0629936
113,3,19,13,5,2,02萬華區,萬華區康定路與桂林路口,0,0,1,1,B03,8,6,5,50,4,1,1,5,4,5,13,1,1,8,3,5,1,17,1,72,3,10,7,1,7,5,1,7,1,8,,71,,1,21,121.5018099,25.0383604
113,3,19,13,5,2,02萬華區,萬華區康定路與桂林路口,0,0,1,2,C03,8,6,5,50,4,1,1,5,4,5,13,1,1,8,3,5,1,17,2,29,2,8,5,1,7,9,1,10,1,14,,44,,1,21,121.5018099,25.0383604
113,3,19,13,21,2,09北投區,北投區中央北路1段224號,0,0,1,1,B03,7,7,5,50,14,9,1,5,4,5,13,4,4,4,2,5,2,16,1,47,3,10,7,1,7,11,1,8,1,7,,118,,1,21,121.4969336,25.1361612
113,3,19,13,21,2,09北投區,北投區中央北路1段224號,0,0,1,2,C03,7,7,5,50,14,9,1,5,4,5,13,4,4,4,2,5,2,16,2,21,2,8,6,1,7,9,1,10,1,11,,118,,1,21,121.4969336,25.1361612
113,3,19,13,25,2,02萬華區,萬華區環河南路2段與桂林路口,0,0,2,1,C03,8,7,5,50,4,1,1,5,4,5,13,1,1,9,4,4,2,11,1,44,2,7,5,1,7,15,1,10,1,14,,44,,1,21,121.4971908,25.0385071
113,3,19,13,25,2,02萬華區,萬華區環河南路2段與桂林路口,0,0,2,2,C03,8,7,5,50,4,1,1,5,4,5,13,1,1,9,4,4,2,11,1,70,2,9,5,1,7,15,1,10,1,15,,108,,1,21,121.4971908,25.0385071
113,3,19,13,51,2,10文山區,文山區木柵路1段與辛亥路7段口口,0,0,2,1,C03,7,5,5,50,4,1,1,5,4,5,13,2,1,10,5,5,2,16,1,24,2,8,5,1,7,5,1,10,2,12,,71,,1,21,121.552401,24.9878264
113,3,19,13,51,2,10文山區,文山區木柵路1段與辛亥路7段口口,0,0,2,2,C03,7,5,5,50,4,1,1,5,4,5,13,2,1,10,5,5,2,16,1,47,2,9,5,1,7,9,1,10,2,11,,44,,1,21,121.552401,24.9878264
113,3,19,14,0,2,12內湖區,內湖區內湖路2段413號,0,0,1,1,B03,7,5,5,50,14,9,1,4,4,5,13,2,1,5,5,5,1,17,1,38,3,10,7,1,7,1,1,8,1,5,,19,,1,22,121.593695,25.08472967
113,3,19,14,0,2,12內湖區,內湖區內湖路2段413號,0,0,1,2,C03,7,5,5,50,14,9,1,4,4,5,13,2,1,5,5,5,1,17,1,58,2,7,5,1,7,7,1,10,1,14,,100,,1,21,121.593695,25.08472967
113,3,19,14,10,2,09北投區,北投區文林北路與文林北路70巷口,0,0,1,1,B03,7,6,5,40,3,2,1,5,4,5,13,4,4,1,4,1,1,17,1,69,3,10,7,1,7,13,1,8,1,4,,38,,1,21,121.5183274,25.104987
113,3,19,14,10,2,09北投區,北投區文林北路與文林北路70巷口,0,0,1,2,C03,7,6,5,40,3,2,1,5,4,5,13,4,4,1,4,1,1,17,2,60,2,9,6,1,7,9,1,10,1,11,,44,,1,21,121.5183274,25.104987
113,3,19,14,55,2,01大同區,大同區環河堤外便道(市民-桂林),0,0,1,1,C03,7,6,7,40,14,9,1,5,4,5,13,4,4,5,5,5,2,17,2,41,3,10,5,1,7,15,1,10,11,17,,44,,1,21,121.5063995,25.05067366
113,3,19,14,55,2,01大同區,大同區環河堤外便道(市民-桂林),0,0,1,2,C03,7,6,7,40,14,9,1,5,4,5,13,4,4,5,5,5,2,17,1,72,2,1,5,4,7,9,1,10,2,11,,16,,1,21,121.5063995,25.05067366
113,3,19,14,55,2,01大同區,大同區環河堤外便道(市民-桂林),0,0,1,3,C03,7,6,7,40,14,9,1,5,4,5,13,4,4,5,5,5,2,17,1,56,3,10,5,4,7,9,1,10,2,13,,44,,1,21,121.5063995,25.05067366
113,3,19,14,55,2,01大同區,大同區環河堤外便道(市民-桂林),0,0,1,4,C03,7,6,7,40,14,9,1,5,4,5,13,4,4,5,5,5,2,17,1,46,3,10,5,4,7,9,1,10,2,13,,44,,1,21,121.5063995,25.05067366
113,3,19,14,55,2,01大同區,大同區環河堤外便道(市民-桂林),0,0,1,5,C03,7,6,7,40,14,9,1,5,4,5,13,4,4,5,5,5,2,17,1,41,3,10,5,1,7,9,1,10,11,12,,44,,1,21,121.5063995,25.05067366
113,3,19,15,5,2,01大同區,大同區重慶北路3段186號,0,0,1,1,C03,8,6,5,50,14,9,1,5,4,5,13,4,4,9,4,5,2,17,1,27,2,9,5,1,7,9,1,10,1,11,,44,,1,21,121.5136486,25.0693287
113,3,19,15,5,2,01大同區,大同區重慶北路3段186號,0,0,1,2,B03,8,6,5,50,14,9,1,5,4,5,13,4,4,9,4,5,2,17,1,72,3,10,7,1,7,15,1,8,1,7,,100,,1,21,121.5136486,25.0693287
113,3,19,16,8,2,05中正區,中正區市民大道1段與承德路1段口,0,0,1,1,A02,7,7,5,50,4,1,1,5,4,5,13,1,1,1,4,1,2,16,1,45,3,10,7,1,7,6,1,2,2,5,,9,,1,21,121.5166689,25.04857923
113,3,19,16,8,2,05中正區,中正區市民大道1段與承德路1段口,0,0,1,2,C03,7,7,5,50,4,1,1,5,4,5,13,1,1,1,4,1,2,16,2,64,2,9,5,1,7,9,1,10,2,14,,108,,1,21,121.5166689,25.04857923
113,3,19,16,25,2,08士林區,士林區德行東路與德行東路90巷口,0,0,1,1,C03,8,6,5,50,4,2,1,5,4,3,13,4,4,5,5,5,2,17,1,45,3,10,3,4,7,9,1,9,1,14,,108,,1,21,121.5277801,25.107474
113,3,19,16,25,2,08士林區,士林區德行東路與德行東路90巷口,0,0,1,2,C03,8,6,5,50,4,2,1,5,4,3,13,4,4,5,5,5,2,17,2,70,2,9,3,4,7,14,1,10,1,12,,44,,1,21,121.5277801,25.107474
113,3,19,16,25,2,08士林區,士林區德行東路與德行東路90巷口,0,0,1,3,B03,8,6,5,50,4,2,1,5,4,3,13,4,4,5,5,5,2,17,2,41,3,10,3,4,7,9,1,8,1,2,,44,,1,21,121.5277801,25.107474
113,3,19,16,43,2,07信義區,信義區基隆路2段與嘉興街175巷口,0,0,1,1,B12,8,6,5,50,4,1,1,5,4,5,13,4,4,1,4,5,2,16,1,62,3,10,7,1,7,6,1,8,1,2,,9,,1,21,121.5566384,25.0279469
113,3,19,16,43,2,07信義區,信義區基隆路2段與嘉興街175巷口,0,0,1,2,C03,8,6,5,50,4,1,1,5,4,5,13,4,4,1,4,5,2,16,1,52,2,8,5,1,7,9,1,10,1,11,,108,,1,21,121.5566384,25.0279469
113,3,19,16,47,2,01大同區,大同區延平北路4段與敦煌路口,0,0,1,1,C03,8,6,5,50,4,1,1,5,4,5,13,2,1,9,4,5,2,16,1,63,3,10,5,1,7,11,1,10,1,12,,80,,1,21,121.5120883,25.0765962
113,3,19,16,47,2,01大同區,大同區延平北路4段與敦煌路口,0,0,1,2,C03,8,6,5,50,4,1,1,5,4,5,13,2,1,9,4,5,2,16,1,37,2,9,5,1,7,9,1,10,1,12,,44,,1,21,121.5120883,25.0765962
113,3,19,16,47,2,01大同區,大同區延平北路4段與敦煌路口,0,0,1,3,B12,8,6,5,50,4,1,1,5,4,5,13,2,1,9,4,5,2,16,1,55,3,10,7,1,7,13,1,8,1,7,,38,,1,21,121.5120883,25.0765962
113,3,19,16,47,2,03中山區,中山區明水路與北安路458巷口,0,0,3,1,C03,8,6,5,50,3,3,1,5,4,5,13,1,1,5,4,5,2,12,2,24,2,8,5,1,7,8,1,10,1,12,14,44,,1,21,121.5444032,25.07738926
113,3,19,16,47,2,03中山區,中山區明水路與北安路458巷口,0,0,3,2,C03,8,6,5,50,3,3,1,5,4,5,13,1,1,5,4,5,2,12,1,26,2,9,5,1,7,8,1,10,1,11,14,107,,1,21,121.5444032,25.07738926
113,3,19,16,47,2,03中山區,中山區明水路與北安路458巷口,0,0,3,3,H02,8,6,5,50,3,3,1,5,4,5,13,1,1,5,4,5,2,12,2,18,2,8,5,5,7,20,8,20,10,16,,67,,1,21,121.5444032,25.07738926
113,3,19,16,50,2,07信義區,信義區基隆路汽機車混合地下道往南,0,0,1,1,B12,8,7,5,50,7,9,1,5,4,5,13,4,4,1,5,5,2,17,1,62,3,10,7,1,7,2,1,8,2,3,,12,,1,21,121.5635238,25.039783
113,3,19,16,50,2,07信義區,信義區基隆路汽機車混合地下道往南,0,0,1,2,C03,8,7,5,50,7,9,1,5,4,5,13,4,4,1,5,5,2,17,1,31,2,9,6,1,7,9,1,10,2,11,,108,,1,21,121.5635238,25.039783
113,3,19,17,12,2,04大安區,大安區忠孝東路4段216巷與忠孝東路4段口,0,0,2,1,C03,7,6,5,50,4,1,1,5,4,5,13,2,1,10,5,5,2,17,1,19,2,8,6,4,7,9,1,10,1,11,,108,,1,22,121.5528566,25.0413275
113,3,19,17,12,2,04大安區,大安區忠孝東路4段216巷與忠孝東路4段口,0,0,2,2,B03,7,6,5,50,4,1,1,5,4,5,13,2,1,10,5,5,2,17,1,41,3,10,3,4,7,6,1,8,1,7,,44,,1,22,121.5528566,25.0413275
113,3,19,17,12,2,04大安區,大安區忠孝東路4段216巷與忠孝東路4段口,0,0,2,3,H02,7,6,5,50,4,1,1,5,4,5,13,2,1,10,5,5,2,17,2,19,2,8,6,5,7,20,8,20,10,16,,67,,1,22,121.5528566,25.0413275
113,3,19,17,22,2,03中山區,中山區市民大道3段1-1號,0,0,2,1,C03,8,6,5,40,14,9,1,5,4,5,13,2,1,10,3,5,1,12,1,18,2,8,5,1,7,9,1,10,1,11,,16,,1,21,121.5429064,25.0447438
113,3,19,17,22,2,03中山區,中山區市民大道3段1-1號,0,0,2,2,C03,8,6,5,40,14,9,1,5,4,5,13,2,1,10,3,5,1,12,1,35,2,8,5,1,7,9,1,10,1,11,,16,,1,21,121.5429064,25.0447438
113,3,19,17,31,2,02萬華區,萬華區中華路2段606巷與中華路2段596巷口,0,0,1,1,C03,8,7,5,50,3,1,1,5,4,5,13,4,4,9,5,5,2,18,1,42,2,8,5,1,7,9,1,10,1,12,,44,,1,21,121.5097833,25.023521
113,3,19,17,31,2,02萬華區,萬華區中華路2段606巷與中華路2段596巷口,0,0,1,2,,8,7,5,50,3,1,1,5,4,5,13,4,4,9,5,5,2,18,3,0,,,,,,,,,,,,67,,1,,121.5097833,25.023521
113,3,19,17,36,2,09北投區,北投區承德路7段與承德路7段344巷口,0,0,1,1,C03,7,7,5,60,3,1,1,5,4,5,13,1,1,1,4,4,2,13,1,29,3,10,6,1,7,9,1,8,1,11,,16,,1,21,121.503695,25.1172975
113,3,19,17,36,2,09北投區,北投區承德路7段與承德路7段344巷口,0,0,1,2,C03,7,7,5,60,3,1,1,5,4,5,13,1,1,1,4,4,2,13,1,22,2,8,6,1,7,15,1,10,1,13,,44,,1,21,121.503695,25.1172975
113,3,19,17,36,2,09北投區,北投區承德路7段與承德路7段344巷口,0,0,1,3,C03,7,7,5,60,3,1,1,5,4,5,13,1,1,1,4,4,2,13,1,22,3,10,6,1,7,15,1,10,1,13,,44,,1,21,121.503695,25.1172975
113,3,19,17,40,2,05中正區,中正區中華路1段與中華路1段9巷口,0,0,2,1,A04,8,5,5,50,4,2,1,5,4,5,13,1,1,1,3,1,2,12,1,47,3,10,7,1,7,9,1,2,2,5,,44,,1,21,121.5098647,25.04708346
113,3,19,17,40,2,05中正區,中正區中華路1段與中華路1段9巷口,0,0,2,2,C03,8,5,5,50,4,2,1,5,4,5,13,1,1,1,3,1,2,12,2,33,2,9,6,1,7,8,1,10,2,14,,100,,1,21,121.5098647,25.04708346
113,3,19,17,40,2,05中正區,中正區中華路1段與中華路1段9巷口,0,0,2,3,C03,8,5,5,50,4,2,1,5,4,5,13,1,1,1,3,1,2,12,1,52,3,10,6,1,7,9,1,10,2,14,,44,,1,21,121.5098647,25.04708346
113,3,19,17,40,2,05中正區,中正區中華路1段與中華路1段9巷口,0,0,2,4,H02,8,5,5,50,4,2,1,5,4,5,13,1,1,1,3,1,2,12,2,3,2,9,6,5,7,20,8,20,10,16,,67,,1,21,121.5098647,25.04708346
113,3,19,17,55,2,11南港區,南港區東新街170巷47號對面,0,0,1,1,B03,7,6,5,50,14,9,1,5,4,5,13,4,4,9,5,5,2,12,1,29,3,10,7,1,7,6,1,8,1,5,,9,,1,21,121.5929902,25.0423045
113,3,19,17,55,2,11南港區,南港區東新街170巷47號對面,0,0,1,2,C03,7,6,5,50,14,9,1,5,4,5,13,4,4,9,5,5,2,12,2,34,2,9,6,1,7,9,1,10,1,14,,44,,1,21,121.5929902,25.0423045
113,3,19,18,13,2,10文山區,文山區興隆路3段與興隆路3段207巷口,0,0,1,1,B03,8,5,5,50,3,1,1,5,4,5,13,2,1,1,4,5,2,17,1,44,3,10,7,1,7,1,1,8,1,17,,19,,1,21,121.5597478,24.9954218
113,3,19,18,13,2,10文山區,文山區興隆路3段與興隆路3段207巷口,0,0,1,2,C03,8,5,5,50,3,1,1,5,4,5,13,2,1,1,4,5,2,17,1,62,2,8,6,1,7,9,1,10,1,14,,44,,1,21,121.5597478,24.9954218
113,3,19,18,15,2,07信義區,信義區松仁路2號,0,0,1,1,C03,8,5,5,50,14,9,1,5,4,5,13,4,4,1,4,1,2,10,1,24,3,10,5,1,7,1,1,10,9,14,,19,,1,21,121.5684363,25.0404786
113,3,19,18,15,2,07信義區,信義區松仁路2號,0,0,1,2,C03,8,5,5,50,14,9,1,5,4,5,13,4,4,1,4,1,2,10,1,24,2,9,5,1,7,9,1,10,9,11,,44,,1,21,121.5684363,25.0404786
113,3,19,18,35,2,05中正區,中正區臨沂街與臨沂街25巷口,0,0,1,1,B03,8,5,5,30,4,1,1,5,4,5,13,4,4,10,5,5,2,15,1,51,3,10,2,1,7,9,1,8,1,1,,44,,1,22,121.5303895,25.0415927
113,3,19,18,35,2,05中正區,中正區臨沂街與臨沂街25巷口,0,0,1,2,C03,8,5,5,30,4,1,1,5,4,5,13,4,4,10,5,5,2,15,1,21,2,7,5,1,7,9,1,10,1,14,,44,,1,22,121.5303895,25.0415927
113,3,19,18,40,2,06松山區,松山區復興北路與復興北路141巷口,0,0,2,1,C03,7,5,5,50,5,1,1,5,4,5,13,2,1,1,4,5,2,12,2,46,2,8,5,4,7,8,1,10,2,12,,100,,1,21,121.5442053,25.0531865
113,3,19,18,40,2,06松山區,松山區復興北路與復興北路141巷口,0,0,2,2,C04,7,5,5,50,5,1,1,5,4,5,13,2,1,1,4,5,2,12,1,29,3,10,6,4,7,9,1,10,2,14,,44,,1,21,121.5442053,25.0531865
113,3,19,18,40,2,06松山區,松山區復興北路與復興北路141巷口,0,0,2,3,H02,7,5,5,50,5,1,1,5,4,5,13,2,1,1,4,5,2,12,2,10,2,7,5,5,7,17,8,20,10,16,,67,,1,14,121.5442053,25.0531865
113,3,19,18,44,2,03中山區,中山區長安東路1段與長安東路1段52巷口,0,0,3,1,C03,8,5,5,50,4,1,1,5,4,5,13,1,1,4,3,5,1,16,1,18,2,7,6,1,7,5,1,10,1,14,,103,,1,21,121.527832,25.0484242
113,3,19,18,44,2,03中山區,中山區長安東路1段與長安東路1段52巷口,0,0,3,2,C03,8,5,5,50,4,1,1,5,4,5,13,1,1,4,3,5,1,16,2,45,2,1,5,1,7,9,1,10,1,12,,44,,1,21,121.527832,25.0484242
113,3,19,18,44,2,03中山區,中山區長安東路1段與長安東路1段52巷口,0,0,3,3,H02,8,5,5,50,4,1,1,5,4,5,13,1,1,4,3,5,1,16,1,18,2,8,5,5,7,17,8,20,10,16,,67,,1,21,121.527832,25.0484242
113,3,19,18,49,2,01大同區,大同區南京西路與承德路2段口,0,0,1,1,C03,8,5,5,50,5,2,1,5,4,5,13,1,1,1,5,5,2,12,1,68,2,9,6,1,7,10,3,18,2,12,,100,,1,21,121.5180105,25.0532248
113,3,19,18,49,2,01大同區,大同區南京西路與承德路2段口,0,0,1,2,B03,8,5,5,50,5,2,1,5,4,5,13,1,1,1,5,5,2,12,1,32,3,10,7,1,7,9,1,8,2,8,,44,,1,21,121.5180105,25.0532248
113,3,19,18,51,2,04大安區,大安區仁愛路4段298號,0,0,1,1,C03,8,5,5,50,14,9,1,5,4,5,13,4,4,1,4,5,2,17,1,53,2,8,6,1,7,12,1,9,1,11,,108,,1,21,121.5538409,25.0375432
113,3,19,18,51,2,04大安區,大安區仁愛路4段298號,0,0,1,2,B03,8,5,5,50,14,9,1,5,4,5,13,4,4,1,4,5,2,17,1,50,3,10,7,1,7,12,1,8,1,7,,44,,1,21,121.5538409,25.0375432
113,3,19,18,51,2,04大安區,大安區仁愛路4段298號,0,0,1,3,B01,8,5,5,50,14,9,1,5,4,5,13,4,4,1,4,5,2,17,1,49,3,10,7,1,7,14,1,4,9,17,,38,,1,21,121.5538409,25.0375432
113,3,19,18,51,2,04大安區,大安區仁愛路4段298號,0,0,1,4,B03,8,5,5,50,14,9,1,5,4,5,13,4,4,1,4,5,2,17,2,53,3,10,7,1,7,15,1,8,9,17,,44,,1,21,121.5538409,25.0375432
113,3,19,19,14,2,04大安區,大安區信義路4段53巷與復興南路1段295巷口,0,0,1,1,C03,8,5,5,30,4,1,1,5,4,5,13,4,4,10,5,5,2,15,1,57,2,9,6,1,7,9,1,10,1,14,,14,,1,21,121.5451226,25.035141
113,3,19,19,14,2,04大安區,大安區信義路4段53巷與復興南路1段295巷口,0,0,1,2,B01,8,5,5,30,4,1,1,5,4,5,13,4,4,10,5,5,2,15,1,32,3,10,7,1,7,9,1,4,1,1,,14,,1,21,121.5451226,25.035141
113,3,19,19,33,2,02萬華區,萬華區西藏路與西園路2段口,0,0,1,1,C03,7,5,5,50,4,2,1,5,4,5,13,2,1,1,4,5,2,12,2,73,2,7,6,1,7,9,1,10,1,12,,17,,1,21,121.4953935,25.0287498
113,3,19,19,33,2,02萬華區,萬華區西藏路與西園路2段口,0,0,1,2,B03,7,5,5,50,4,2,1,5,4,5,13,2,1,1,4,5,2,12,1,41,3,10,7,1,7,9,1,8,1,7,,44,,1,21,121.4953935,25.0287498
113,3,19,19,45,2,08士林區,士林區仰德大道4段75號,0,0,1,1,B03,7,5,5,40,14,9,1,5,4,5,13,4,4,9,4,5,1,17,1,57,3,10,7,1,7,8,1,8,2,2,,44,,1,21,121.5469786,25.13091033
113,3,19,19,45,2,08士林區,士林區仰德大道4段75號,0,0,1,2,C03,7,5,5,40,14,9,1,5,4,5,13,4,4,9,4,5,1,17,1,19,2,8,5,1,7,9,1,10,2,14,,1,,1,21,121.5469786,25.13091033
113,3,19,20,33,2,05中正區,中正區汀州路1段與汀州路1段218巷口,0,0,1,1,C03,8,5,5,50,3,1,1,5,4,5,13,4,4,5,5,5,2,17,2,30,2,9,6,1,7,9,1,9,1,11,,16,,1,22,121.5098278,25.0277052
113,3,19,20,33,2,05中正區,中正區汀州路1段與汀州路1段218巷口,0,0,1,2,C03,8,5,5,50,3,1,1,5,4,5,13,4,4,5,5,5,2,17,2,29,3,10,6,1,7,9,1,10,1,13,,14,,1,22,121.5098278,25.0277052
113,3,19,20,33,2,05中正區,中正區汀州路1段與汀州路1段218巷口,0,0,1,3,C03,8,5,5,50,3,1,1,5,4,5,13,4,4,5,5,5,2,17,1,60,3,10,6,1,7,2,1,10,1,17,,44,,1,22,121.5098278,25.0277052
113,3,19,20,55,2,01大同區,大同區承德路2段與民生西路口,0,0,1,1,C03,8,5,5,50,5,2,1,5,4,5,13,4,4,1,5,5,2,17,1,38,4,11,6,4,7,9,1,10,9,12,,17,,2,22,121.5182523,25.0569955
113,3,19,20,55,2,01大同區,大同區承德路2段與民生西路口,0,0,1,2,C03,8,5,5,50,5,2,1,5,4,5,13,4,4,1,5,5,2,17,1,41,2,9,6,1,7,7,1,10,2,14,,13,,1,21,121.5182523,25.0569955
113,3,19,21,0,2,09北投區,北投區大業路與大同街口,0,0,1,1,C03,7,5,5,50,4,1,1,5,4,5,13,1,1,10,5,5,2,16,1,50,2,9,5,1,7,5,1,9,2,12,,8,,1,21,121.499131,25.1369504
113,3,19,21,0,2,09北投區,北投區大業路與大同街口,0,0,1,2,B03,7,5,5,50,4,1,1,5,4,5,13,1,1,10,5,5,2,16,2,54,3,10,7,1,7,9,1,8,2,1,,44,,1,21,121.499131,25.1369504
113,3,19,22,58,2,03中山區,中山區長安東路1段與新生北路1段口,0,0,1,1,B01,7,5,5,50,4,2,1,5,4,5,13,4,4,5,4,5,2,17,1,58,3,10,7,1,7,11,1,4,11,17,,10,,1,21,121.5291279,25.0481119
113,3,19,22,58,2,03中山區,中山區長安東路1段與新生北路1段口,0,0,1,2,C03,7,5,5,50,4,2,1,5,4,5,13,4,4,5,4,5,2,17,1,29,2,9,6,1,7,9,1,10,9,12,,14,,1,21,121.5291279,25.0481119
113,3,20,4,40,2,04大安區,大安區臨江街與通化街39巷50弄口,0,0,2,1,C03,8,5,5,30,4,1,4,5,4,5,13,4,4,10,5,5,1,17,1,63,2,9,6,1,7,5,1,10,1,11,,4,,1,21,121.5552419,25.0299627
113,3,20,4,40,2,04大安區,大安區臨江街與通化街39巷50弄口,0,0,2,2,C03,8,5,5,30,4,1,4,5,4,5,13,4,4,10,5,5,1,17,1,24,2,8,6,1,7,9,1,10,1,12,,13,,1,21,121.5552419,25.0299627
113,3,20,6,41,2,03中山區,中山區中山北路2段與民權西路口,0,0,2,1,C03,8,6,5,50,4,1,1,5,4,5,13,1,1,1,5,1,2,16,1,45,2,8,6,1,7,6,1,10,1,12,,82,,1,22,121.5225163,25.06269116
113,3,20,6,41,2,03中山區,中山區中山北路2段與民權西路口,0,0,2,2,C03,8,6,5,50,4,1,1,5,4,5,13,1,1,1,5,1,2,16,1,18,2,8,6,1,7,9,1,10,1,12,,81,,1,22,121.5225163,25.06269116
113,3,20,7,0,2,07信義區,信義區吳興街118巷26弄與基隆路2段79巷33弄口,0,0,1,1,B03,8,5,5,30,3,1,1,5,4,5,13,4,4,10,5,5,2,17,1,28,3,10,7,1,7,5,1,8,1,4,,72,,1,21,121.5600729,25.0299462
113,3,20,7,0,2,07信義區,信義區吳興街118巷26弄與基隆路2段79巷33弄口,0,0,1,2,C03,8,5,5,30,3,1,1,5,4,5,13,4,4,10,5,5,2,17,2,59,2,9,5,1,7,9,1,10,1,11,,108,,1,21,121.5600729,25.0299462
113,3,20,7,15,2,09北投區,北投區無名巷基隆河（河雙河濱自行車道#078燈桿）,0,0,2,1,F01,7,6,8,0,22,23,1,5,4,5,13,4,4,9,4,5,1,17,1,39,2,9,2,4,7,5,8,20,9,15,,8,,1,21,121.5123747,25.10996066
113,3,20,7,15,2,09北投區,北投區無名巷基隆河（河雙河濱自行車道#078燈桿）,0,0,2,2,F01,7,6,8,0,22,23,1,5,4,5,13,4,4,9,4,5,1,17,1,37,2,9,2,4,7,4,8,20,9,14,,1,,1,21,121.5123747,25.10996066
113,3,20,7,28,2,02萬華區,萬華區華江橋機車道往北市,0,0,4,1,C03,8,5,5,40,8,11,1,5,4,5,13,4,4,3,4,5,2,17,2,42,2,8,6,4,7,9,1,10,1,11,,16,,1,22,121.4899554,25.03457913
113,3,20,7,28,2,02萬華區,萬華區華江橋機車道往北市,0,0,4,2,C03,8,5,5,40,8,11,1,5,4,5,13,4,4,3,4,5,2,17,1,28,2,8,6,4,7,9,1,10,1,13,,44,,1,21,121.4899554,25.03457913
113,3,20,7,28,2,02萬華區,萬華區華江橋機車道往北市,0,0,4,3,C03,8,5,5,40,8,11,1,5,4,5,13,4,4,3,4,5,2,17,1,38,2,8,6,4,7,9,1,10,1,11,,13,,1,21,121.4899554,25.03457913
113,3,20,7,28,2,02萬華區,萬華區華江橋機車道往北市,0,0,4,4,H02,8,5,5,40,8,11,1,5,4,5,13,4,4,3,4,5,2,17,2,7,2,8,6,5,7,20,8,20,10,17,,67,,1,22,121.4899554,25.03457913
113,3,20,8,0,2,11南港區,南港區東新街與忠孝東路6段口口旁,0,0,5,1,C03,8,6,5,50,3,2,1,5,4,5,13,4,4,1,4,5,2,17,2,41,2,9,6,1,7,9,1,10,1,14,,108,,1,21,121.5848824,25.04828509
113,3,20,8,0,2,11南港區,南港區東新街與忠孝東路6段口口旁,0,0,5,2,C03,8,6,5,50,3,2,1,5,4,5,13,4,4,1,4,5,2,17,1,58,2,9,6,1,7,9,1,10,1,11,,44,,1,21,121.5848824,25.04828509
113,3,20,8,0,2,11南港區,南港區東新街與忠孝東路6段口口旁,0,0,5,3,C03,8,6,5,50,3,2,1,5,4,5,13,4,4,1,4,5,2,17,1,25,2,8,6,1,7,9,1,10,1,14,,44,,1,21,121.5848824,25.04828509
113,3,20,8,0,2,11南港區,南港區東新街與忠孝東路6段口口旁,0,0,5,4,C03,8,6,5,50,3,2,1,5,4,5,13,4,4,1,4,5,2,17,1,31,2,7,6,1,7,9,1,10,1,12,,108,,1,21,121.5848824,25.04828509
113,3,20,8,0,2,11南港區,南港區東新街與忠孝東路6段口口旁,0,0,5,5,H02,8,6,5,50,3,2,1,5,4,5,13,4,4,1,4,5,2,17,2,27,2,8,6,5,7,20,8,20,10,16,,60,,1,21,121.5848824,25.04828509
113,3,20,8,7,2,10文山區,文山區保儀路69號前,0,0,1,1,C03,8,5,5,50,14,9,1,5,4,5,13,4,4,5,5,5,2,12,1,70,3,10,5,1,7,11,3,18,2,14,,11,,1,21,121.5684735,24.9869989
113,3,20,8,7,2,10文山區,文山區保儀路69號前,0,0,1,2,C03,8,5,5,50,14,9,1,5,4,5,13,4,4,5,5,5,2,12,2,37,2,9,5,1,7,9,1,10,2,12,,44,,1,21,121.5684735,24.9869989
113,3,20,8,26,2,08士林區,士林區忠誠路2段53巷大葉高島屋P出入口前,0,0,2,1,C03,8,6,5,30,14,9,1,5,4,5,13,4,4,10,5,5,1,16,2,56,3,10,6,1,7,8,1,10,1,17,,100,,1,22,121.5314756,25.1111795