發生年度,發生月,發生日,發生時-Hours,發生分,處理別-編號,區序,肇事地點,死亡人數,2-30日死亡人數,受傷人數,當事人序號,車種,天候,道路照明設備,道路類別,速限-速度限制,道路型態,事故位置,路面狀況1,路面狀況2,路面狀況3,道路障礙1,道路障礙2,號誌1,號誌2,車道劃分-分向,車道劃分-分道1,車道劃分-分道2,車道劃分-分道3,事故類型及型態,性別,年齡,受傷程度,主要傷處,保護裝置,行動電話,車輛用途,當事者行動狀態,駕駛資格情形,駕駛執照種類,飲酒情形,車輛撞擊部位1,車輛撞擊部位2,肇因碼-個別,肇因碼-主要,個人肇逃否,職業,座標-X,座標-Y
113,3,20,8,26,2,08士林區,士林區忠誠路2段53巷大葉高島屋P出入口前,0,0,2,2,C03,8,6,5,30,14,9,1,5,4,5,13,4,4,10,5,5,1,16,2,52,2,9,6,1,7,9,1,10,1,11,,44,,1,22,121.5314756,25.1111795
113,3,20,8,26,2,08士林區,士林區忠誠路2段53巷大葉高島屋P出入口前,0,0,2,3,H02,8,6,5,30,14,9,1,5,4,5,13,4,4,10,5,5,1,16,2,26,2,9,6,5,7,20,8,20,10,16,,67,,1,22,121.5314756,25.1111795
113,3,20,8,28,2,03中山區,中山區松江路607號,0,0,2,1,H03,8,6,5,0,14,9,1,5,4,5,13,4,4,8,5,5,1,9,1,60,2,5,4,5,8,2,8,20,10,16,,12,,1,21,121.5336553,25.0712465
113,3,20,8,28,2,03中山區,中山區松江路607號,0,0,2,2,C03,8,6,5,0,14,9,1,5,4,5,13,4,4,8,5,5,1,9,1,36,2,9,3,4,7,9,1,10,1,11,,108,,1,21,121.5336553,25.0712465
113,3,20,8,40,2,10文山區,文山區景豐街37巷7弄與景豐街31巷口,0,0,1,1,C03,8,6,5,30,4,1,1,5,4,5,13,4,4,10,5,5,2,15,2,42,2,9,6,1,7,9,1,10,2,12,,14,,1,22,121.5454823,25.0000121
113,3,20,8,40,2,10文山區,文山區景豐街37巷7弄與景豐街31巷口,0,0,1,2,B01,8,6,5,30,4,1,1,5,4,5,13,4,4,10,5,5,2,15,1,46,3,10,7,1,7,9,1,4,2,1,,14,,1,22,121.5454823,25.0000121
113,3,20,8,43,2,12內湖區,內湖區潭美街東向西,0,0,2,1,C03,8,7,5,40,14,9,1,5,4,5,13,4,4,5,5,5,2,17,2,28,2,9,5,1,7,9,1,10,2,11,,16,,1,21,121.6068074,25.0622784
113,3,20,8,43,2,12內湖區,內湖區潭美街東向西,0,0,2,2,C03,8,7,5,40,14,9,1,5,4,5,13,4,4,5,5,5,2,17,2,28,2,9,5,1,7,15,1,10,2,11,,42,,1,21,121.6068074,25.0622784
113,3,20,8,43,2,12內湖區,內湖區潭美街東向西,0,0,2,3,C03,8,7,5,40,14,9,1,5,4,5,13,4,4,5,5,5,2,17,2,54,3,10,5,1,7,9,1,10,2,13,,44,,1,21,121.6068074,25.0622784
113,3,20,8,44,2,12內湖區,內湖區行善路158號,0,0,1,1,B03,8,7,5,50,14,9,1,5,4,5,13,4,4,5,4,5,2,17,1,44,3,10,7,1,7,5,1,8,1,2,,8,,1,21,121.5782947,25.0579765
113,3,20,8,44,2,12內湖區,內湖區行善路158號,0,0,1,2,C03,8,7,5,50,14,9,1,5,4,5,13,4,4,5,4,5,2,17,1,57,2,9,6,1,7,9,1,10,1,11,,44,,1,21,121.5782947,25.0579765
113,3,20,8,44,2,11南港區,南港區福德街344號,0,0,1,1,C03,8,6,5,50,14,9,1,5,4,5,13,4,4,5,5,5,2,16,1,85,3,10,6,1,7,5,1,10,1,13,,8,,1,22,121.5884715,25.0395394
113,3,20,8,44,2,11南港區,南港區福德街344號,0,0,1,2,C03,8,6,5,50,14,9,1,5,4,5,13,4,4,5,5,5,2,16,2,66,2,9,6,1,7,9,1,10,1,12,,44,,1,22,121.5884715,25.0395394
113,3,20,8,51,2,03中山區,中山區民權東路2段與民權東路2段135巷口,0,0,1,1,C03,8,6,5,50,14,9,1,5,4,5,13,2,1,10,3,5,1,12,1,26,2,9,5,1,7,9,1,10,1,11,,16,,1,21,121.5350142,25.0625375
113,3,20,8,51,2,03中山區,中山區民權東路2段與民權東路2段135巷口,0,0,1,2,B03,8,6,5,50,14,9,1,5,4,5,13,2,1,10,3,5,1,12,1,60,3,10,7,1,7,9,1,8,1,7,,14,,1,21,121.5350142,25.0625375
113,3,20,9,23,2,10文山區,文山區景中街與景文街口,0,0,1,1,B03,8,6,5,50,4,2,1,5,4,5,13,2,1,5,5,5,2,12,1,78,3,10,7,1,7,9,1,8,11,5,,17,,2,21,121.5412823,24.9927612
113,3,20,9,23,2,10文山區,文山區景中街與景文街口,0,0,1,2,C04,8,6,5,50,4,2,1,5,4,5,13,2,1,5,5,5,2,12,2,80,2,9,6,1,7,9,1,11,2,14,,44,,1,21,121.5412823,24.9927612
113,3,20,9,29,2,08士林區,士林區克強路19號,0,0,1,1,B02,8,6,5,50,3,2,1,5,4,5,13,4,4,5,5,5,1,12,2,44,3,10,7,1,7,1,1,14,1,8,,19,,1,21,121.5238818,25.10893389
113,3,20,9,29,2,08士林區,士林區克強路19號,0,0,1,2,C03,8,6,5,50,3,2,1,5,4,5,13,4,4,5,5,5,1,12,1,73,2,9,5,1,7,9,1,10,1,12,,108,,1,21,121.5238818,25.10893389
113,3,20,9,29,2,08士林區,士林區克強路19號,0,0,1,3,C03,8,6,5,50,3,2,1,5,4,5,13,4,4,5,5,5,1,12,1,64,4,11,3,4,7,13,1,10,9,13,,44,,1,21,121.5238818,25.10893389
113,3,20,9,29,2,08士林區,士林區克強路19號,0,0,1,4,C03,8,6,5,50,3,2,1,5,4,5,13,4,4,5,5,5,1,12,2,65,4,11,3,4,7,13,1,10,9,13,,44,,1,21,121.5238818,25.10893389
113,3,20,9,52,2,10文山區,文山區久康街24巷8號前,0,0,2,1,C03,8,6,5,30,14,9,1,5,4,5,13,4,4,9,5,5,2,12,1,35,2,8,5,1,7,9,1,10,1,11,,44,,1,21,121.5658806,24.98923636
113,3,20,9,52,2,10文山區,文山區久康街24巷8號前,0,0,2,2,C03,8,6,5,30,14,9,1,5,4,5,13,4,4,9,5,5,2,12,2,24,2,8,5,1,7,5,1,10,1,14,,8,,1,21,121.5658806,24.98923636
113,3,20,10,2,2,05中正區,中正區羅斯福路3段316巷8弄與羅斯福路3段316巷口,0,0,1,1,C03,8,6,5,30,4,1,1,5,4,5,13,4,4,10,5,5,1,17,1,57,3,10,6,1,7,6,1,10,11,11,,9,,2,25,121.5325017,25.0157718
113,3,20,10,2,2,05中正區,中正區羅斯福路3段316巷8弄與羅斯福路3段316巷口,0,0,1,2,F01,8,6,5,30,4,1,1,5,4,5,13,4,4,10,5,5,1,17,1,23,2,8,4,1,7,9,8,20,1,11,,4,,1,25,121.5325017,25.0157718
113,3,20,11,10,2,08士林區,士林區承德路5段1101940燈桿,0,0,2,1,B12,8,6,5,60,14,8,1,5,4,5,13,4,4,1,4,4,2,17,1,38,3,10,7,4,7,8,1,8,2,2,,100,,1,22,121.5145186,25.0953352
113,3,20,11,10,2,08士林區,士林區承德路5段1101940燈桿,0,0,2,2,C03,8,6,5,60,14,8,1,5,4,5,13,4,4,1,4,4,2,17,1,57,2,9,5,1,7,9,1,10,2,11,,16,,1,22,121.5145186,25.0953352
113,3,20,11,10,2,08士林區,士林區承德路5段1101940燈桿,0,0,2,3,C03,8,6,5,60,14,8,1,5,4,5,13,4,4,1,4,4,2,17,1,21,2,9,6,1,7,9,1,10,2,12,,13,,1,22,121.5145186,25.0953352
113,3,20,11,17,2,08士林區,士林區社子街22巷與社子街84巷口,0,0,1,1,C03,7,7,5,30,4,1,1,5,4,5,13,4,4,10,5,5,1,15,1,62,2,9,5,1,7,9,1,10,1,11,,108,,1,21,121.5065602,25.0866464
113,3,20,11,17,2,08士林區,士林區社子街22巷與社子街84巷口,0,0,1,2,B03,7,7,5,30,4,1,1,5,4,5,13,4,4,10,5,5,1,15,1,55,3,10,7,1,7,9,1,8,1,5,,72,,1,21,121.5065602,25.0866464
113,3,20,11,20,2,03中山區,中山區南京東路3段36號,0,0,1,1,C03,8,7,5,40,14,8,1,5,4,5,13,4,4,1,4,4,2,13,1,50,2,7,6,1,7,9,1,10,1,11,,16,,1,21,121.5382584,25.05186516
113,3,20,11,20,2,03中山區,中山區南京東路3段36號,0,0,1,2,B03,8,7,5,40,14,8,1,5,4,5,13,4,4,1,4,4,2,13,1,34,3,10,7,1,7,12,1,8,1,7,,42,,1,21,121.5382584,25.05186516
113,3,20,11,21,2,06松山區,松山區敦化北路10號,0,0,1,1,B03,8,5,5,50,14,7,1,5,4,5,13,4,4,3,4,4,2,17,2,38,3,10,3,4,7,8,1,8,1,6,,100,,1,22,121.5487121,25.05050745
113,3,20,11,21,2,06松山區,松山區敦化北路10號,0,0,1,2,C03,8,5,5,50,14,7,1,5,4,5,13,4,4,3,4,4,2,17,1,63,2,3,6,4,7,9,1,10,1,14,,44,,1,22,121.5487121,25.05050745
113,3,20,11,21,2,07信義區,信義區松仁路97號,0,0,1,1,C03,8,6,5,30,14,9,1,5,4,5,13,4,4,9,5,5,2,13,2,65,2,8,5,4,7,9,1,10,1,11,,16,,1,22,121.5687924,25.0365826
113,3,20,11,21,2,07信義區,信義區松仁路97號,0,0,1,2,C03,8,6,5,30,14,9,1,5,4,5,13,4,4,9,5,5,2,13,2,26,3,10,5,4,7,14,1,10,1,13,,44,,1,22,121.5687924,25.0365826
113,3,20,11,30,2,05中正區,中正區青島東路與杭州南路1段口,0,0,1,1,B01,8,6,5,50,3,2,1,5,4,5,13,1,1,5,4,5,2,12,1,57,3,10,7,1,7,9,1,4,9,8,,44,,1,21,121.5264448,25.0425871
113,3,20,11,30,2,05中正區,中正區青島東路與杭州南路1段口,0,0,1,2,C03,8,6,5,50,3,2,1,5,4,5,13,1,1,5,4,5,2,12,2,44,2,8,6,1,7,1,1,10,9,13,,19,,1,21,121.5264448,25.0425871
113,3,20,11,35,2,02萬華區,萬華區青年路152巷45號對面(崇仁花園社區停車場出口),0,0,1,1,B03,8,7,8,30,22,22,1,5,4,5,13,4,4,9,5,5,2,9,2,43,3,10,7,1,7,1,1,8,2,1,,19,,1,21,121.5010807,25.0200548
113,3,20,11,35,2,02萬華區,萬華區青年路152巷45號對面(崇仁花園社區停車場出口),0,0,1,2,H01,8,7,8,30,22,22,1,5,4,5,13,4,4,9,5,5,2,9,2,84,5,9,4,5,8,20,8,20,10,16,,67,,1,21,121.5010807,25.0200548
113,3,20,11,41,2,12內湖區,內湖區江南街89巷與江南街117巷8弄口,0,0,1,1,B12,8,6,5,30,4,1,1,5,4,4,8,4,4,10,5,5,1,17,1,38,3,10,7,1,7,9,1,8,1,5,,14,,1,21,121.5773206,25.0764892
113,3,20,11,41,2,12內湖區,內湖區江南街89巷與江南街117巷8弄口,0,0,1,2,C03,8,6,5,30,4,1,1,5,4,4,8,4,4,10,5,5,1,17,2,40,2,9,5,1,7,9,1,10,1,14,,5,,1,21,121.5773206,25.0764892
113,3,20,11,48,2,03中山區,中山區民生東路1段與新生北路2段口,0,0,2,1,C03,8,6,5,50,4,1,1,5,4,5,13,1,1,1,4,5,2,17,1,53,2,9,3,4,7,5,1,10,1,14,,8,,1,21,121.5274561,25.0580281
113,3,20,11,48,2,03中山區,中山區民生東路1段與新生北路2段口,0,0,2,2,C03,8,6,5,50,4,1,1,5,4,5,13,1,1,1,4,5,2,17,1,52,2,9,3,4,7,9,6,10,1,11,,13,,1,21,121.5274561,25.0580281
113,3,20,12,10,2,07信義區,信義區中坡南路90號,0,0,4,1,A02,8,6,5,50,14,9,1,5,4,5,13,4,4,9,4,5,1,9,1,46,3,10,3,4,7,15,1,2,2,5,,108,,1,21,121.5851128,25.0411385
113,3,20,12,10,2,07信義區,信義區中坡南路90號,0,0,4,2,H01,8,6,5,50,14,9,1,5,4,5,13,4,4,9,4,5,1,9,2,26,2,1,4,5,8,16,8,20,10,16,,67,,1,21,121.5851128,25.0411385
113,3,20,12,10,2,07信義區,信義區中坡南路90號,0,0,4,3,H01,8,6,5,50,14,9,1,5,4,5,13,4,4,9,4,5,1,9,2,35,2,8,4,5,8,16,8,20,10,16,,67,,1,21,121.5851128,25.0411385
113,3,20,12,10,2,07信義區,信義區中坡南路90號,0,0,4,4,H01,8,6,5,50,14,9,1,5,4,5,13,4,4,9,4,5,1,9,2,56,2,7,4,5,8,16,8,20,10,16,,67,,1,21,121.5851128,25.0411385
113,3,20,12,10,2,07信義區,信義區中坡南路90號,0,0,4,5,H01,8,6,5,50,14,9,1,5,4,5,13,4,4,9,4,5,1,9,2,23,2,8,4,5,8,16,8,20,10,16,,67,,1,21,121.5851128,25.0411385
113,3,20,12,10,2,07信義區,信義區中坡南路90號,0,0,4,6,C03,8,6,5,50,14,9,1,5,4,5,13,4,4,9,4,5,1,9,3,35,,,,,,,,,,,,67,,1,,121.5851128,25.0411385
113,3,20,12,10,2,07信義區,信義區中坡南路90號,0,0,4,7,C03,8,6,5,50,14,9,1,5,4,5,13,4,4,9,4,5,1,9,3,0,,,,,,,,,,,,67,,1,,121.5851128,25.0411385
113,3,20,12,10,2,07信義區,信義區中坡南路90號,0,0,4,8,C03,8,6,5,50,14,9,1,5,4,5,13,4,4,9,4,5,1,9,3,0,,,,,,,,,,,,67,,1,,121.5851128,25.0411385
113,3,20,12,10,2,07信義區,信義區中坡南路90號,0,0,4,9,C03,8,6,5,50,14,9,1,5,4,5,13,4,4,9,4,5,1,9,3,0,,,,,,,,,,,,67,,1,,121.5851128,25.0411385
113,3,20,12,10,2,07信義區,信義區中坡南路90號,0,0,4,10,C03,8,6,5,50,14,9,1,5,4,5,13,4,4,9,4,5,1,9,3,0,,,,,,,,,,,,67,,1,,121.5851128,25.0411385
113,3,20,12,10,2,07信義區,信義區中坡南路90號,0,0,4,11,C03,8,6,5,50,14,9,1,5,4,5,13,4,4,9,4,5,1,9,3,0,,,,,,,,,,,,67,,1,,121.5851128,25.0411385
113,3,20,12,10,2,07信義區,信義區中坡南路90號,0,0,4,12,,8,6,5,50,14,9,1,5,4,5,13,4,4,9,4,5,1,9,3,0,,,,,,,,,10,,,67,,1,,121.5851128,25.0411385
113,3,20,13,23,2,12內湖區,內湖區民權東路6段20號與行愛路口,0,0,1,1,B02,8,7,5,50,4,2,1,5,4,5,13,4,4,5,4,5,2,16,1,28,3,10,7,1,7,5,1,8,1,2,,8,,1,21,121.5786505,25.06629651
113,3,20,13,23,2,12內湖區,內湖區民權東路6段20號與行愛路口,0,0,1,2,C03,8,7,5,50,4,2,1,5,4,5,13,4,4,5,4,5,2,16,1,28,2,9,5,1,7,9,1,10,1,11,,44,,1,21,121.5786505,25.06629651
113,3,20,13,40,2,02萬華區,萬華區康定路與大理街口,0,0,1,1,A02,8,6,5,50,4,2,1,5,4,5,13,4,4,5,4,5,2,9,1,52,3,10,7,1,7,14,1,1,9,2,,40,,1,21,121.5010902,25.0347843
113,3,20,13,40,2,02萬華區,萬華區康定路與大理街口,0,0,1,2,H02,8,6,5,50,4,2,1,5,4,5,13,4,4,5,4,5,2,9,2,83,2,9,2,5,7,19,8,20,10,16,,67,,1,21,121.5010902,25.0347843
113,3,20,13,40,2,02萬華區,萬華區萬大路90巷與萬大路口,0,0,2,1,C03,8,6,5,50,4,1,1,5,4,5,13,1,1,8,3,5,1,15,1,18,2,8,5,1,7,12,1,10,1,11,,81,,1,21,121.5005174,25.0302943
113,3,20,13,40,2,02萬華區,萬華區萬大路90巷與萬大路口,0,0,2,2,F01,8,6,5,50,4,1,1,5,4,5,13,1,1,8,3,5,1,15,2,60,2,8,4,1,7,9,8,20,1,14,,44,,1,21,121.5005174,25.0302943
113,3,20,14,11,2,07信義區,信義區忠孝東路5段與忠孝東路5段621巷口,0,0,1,1,B03,8,6,5,50,4,1,1,5,4,5,13,1,1,1,4,5,2,17,2,65,3,10,3,4,7,5,1,8,2,5,,71,,1,22,121.5792179,25.041616
113,3,20,14,11,2,07信義區,信義區忠孝東路5段與忠孝東路5段621巷口,0,0,1,2,C03,8,6,5,50,4,1,1,5,4,5,13,1,1,1,4,5,2,17,1,19,2,8,5,4,7,9,1,10,2,11,,108,,1,22,121.5792179,25.041616
113,3,20,14,18,2,02萬華區,萬華區桂林路與西昌街口,0,0,3,1,C03,7,7,5,50,4,2,1,1,4,5,13,1,1,9,4,5,2,16,1,48,2,9,5,1,7,1,1,10,1,14,,19,,1,21,121.5006669,25.038465
113,3,20,14,18,2,02萬華區,萬華區桂林路與西昌街口,0,0,3,2,C03,7,7,5,50,4,2,1,1,4,5,13,1,1,9,4,5,2,16,1,26,2,7,5,1,7,9,1,10,1,12,,44,,1,21,121.5006669,25.038465
113,3,20,14,18,2,02萬華區,萬華區桂林路與西昌街口,0,0,3,3,H02,7,7,5,50,4,2,1,1,4,5,13,1,1,9,4,5,2,16,2,28,2,8,5,5,7,20,8,20,10,16,,67,,1,21,121.5006669,25.038465
113,3,20,14,30,2,04大安區,大安區金山南路2段與金華街口口,0,0,1,1,B13,8,7,6,50,4,1,1,5,4,5,13,2,1,1,4,1,1,17,1,40,3,10,7,1,7,5,1,8,1,2,,71,,1,21,121.52663,25.0301989
113,3,20,14,30,2,04大安區,大安區金山南路2段與金華街口口,0,0,1,2,C03,8,7,6,50,4,1,1,5,4,5,13,2,1,1,4,1,1,17,2,33,2,9,6,1,7,9,1,10,1,11,,44,,1,21,121.52663,25.0301989
113,3,20,14,37,2,03中山區,中山區八德路2段與市民大道3段口,0,0,1,1,B03,8,7,5,40,4,1,1,5,4,5,13,1,1,1,4,4,2,16,1,33,3,10,7,1,7,6,1,8,1,5,,9,,1,22,121.5350964,25.0451068
113,3,20,14,37,2,03中山區,中山區八德路2段與市民大道3段口,0,0,1,2,C03,8,7,5,40,4,1,1,5,4,5,13,1,1,1,4,4,2,16,2,35,2,9,5,1,7,9,1,10,1,14,,108,,1,22,121.5350964,25.0451068
113,3,20,14,55,2,08士林區,士林區中正路439號,0,0,1,1,B03,8,7,5,40,14,8,1,5,4,5,13,4,4,1,4,4,1,12,2,61,3,10,7,1,7,9,1,8,2,2,,108,,1,21,121.5198362,25.0929818
113,3,20,14,55,2,08士林區,士林區中正路439號,0,0,1,2,C03,8,7,5,40,14,8,1,5,4,5,13,4,4,1,4,4,1,12,2,67,2,9,5,1,7,9,1,10,2,14,,17,,1,21,121.5198362,25.0929818
113,3,20,15,4,2,02萬華區,萬華區光復橋往新北市上橋處,0,0,1,1,C03,8,5,5,50,8,9,1,5,4,5,13,4,4,1,4,5,2,17,1,20,2,9,5,4,7,9,1,10,1,14,,42,,1,21,121.4903251,25.02429267
113,3,20,15,4,2,02萬華區,萬華區光復橋往新北市上橋處,0,0,1,2,B12,8,5,5,50,8,9,1,5,4,5,13,4,4,1,4,5,2,17,2,43,3,10,7,4,7,9,1,8,1,5,,44,,1,21,121.4903251,25.02429267
113,3,20,15,40,2,02萬華區,萬華區昆明街218號,0,0,1,1,C03,8,6,5,50,14,9,1,5,4,5,13,4,4,10,4,5,2,16,2,32,3,10,6,1,7,5,1,10,1,14,,8,,1,22,121.5042711,25.0401995
113,3,20,15,40,2,02萬華區,萬華區昆明街218號,0,0,1,2,C03,8,6,5,50,14,9,1,5,4,5,13,4,4,10,4,5,2,16,2,45,2,3,6,1,7,9,1,10,1,11,,44,,1,22,121.5042711,25.0401995
113,3,20,15,59,2,07信義區,信義區忠孝東路4段515號,0,0,1,1,B03,8,5,8,50,22,22,1,5,4,5,13,1,1,1,4,5,2,13,1,50,3,10,7,1,7,9,1,8,1,5,,116,,1,22,121.558135,25.0414466
113,3,20,15,59,2,07信義區,信義區忠孝東路4段515號,0,0,1,2,C04,8,5,8,50,22,22,1,5,4,5,13,1,1,1,4,5,2,13,1,49,2,8,5,1,7,14,1,11,1,13,,44,,1,22,121.558135,25.0414466
113,3,20,16,30,2,10文山區,文山區辛亥路4段與辛亥路4段166巷口,0,0,1,1,C03,8,6,5,50,14,9,1,5,4,5,13,4,4,1,4,5,2,13,2,38,2,9,6,1,7,9,1,10,3,11,,108,,1,22,121.5564548,25.0037293
113,3,20,16,30,2,10文山區,文山區辛亥路4段與辛亥路4段166巷口,0,0,1,2,B01,8,6,5,50,14,9,1,5,4,5,13,4,4,1,4,5,2,13,1,44,3,10,7,1,7,9,1,4,4,3,,21,,1,22,121.5564548,25.0037293
113,3,20,16,42,2,08士林區,士林區社中街254號與社中街250巷口,0,0,1,1,A02,8,5,5,50,4,2,1,5,4,5,13,4,4,9,5,5,1,9,1,60,3,10,7,1,7,9,1,2,11,17,,44,,1,21,121.5073923,25.09156673
113,3,20,16,42,2,08士林區,士林區社中街254號與社中街250巷口,0,0,1,2,H02,8,5,5,50,4,2,1,5,4,5,13,4,4,9,5,5,1,9,2,76,2,9,4,5,7,20,8,20,10,17,,67,,1,21,121.5073923,25.09156673
113,3,20,16,48,2,01大同區,大同區台北橋機慢車道往北市(282597號燈桿),0,0,1,1,C03,7,6,7,40,14,11,1,5,4,5,13,4,4,1,5,5,1,17,1,31,2,9,6,4,7,15,1,10,1,13,,116,,1,22,121.5079574,25.0633718
113,3,20,16,48,2,01大同區,大同區台北橋機慢車道往北市(282597號燈桿),0,0,1,2,C03,7,6,7,40,14,11,1,5,4,5,13,4,4,1,5,5,1,17,1,22,3,10,6,4,7,9,1,10,1,11,,16,,1,22,121.5079574,25.0633718
113,3,20,16,49,2,07信義區,信義區市民大道5段與東興路口,0,0,1,1,B03,8,6,5,50,4,1,1,5,4,5,13,2,1,1,4,5,2,15,1,44,3,10,7,1,7,15,1,8,1,2,,71,,1,21,121.5658691,25.0482224
113,3,20,16,49,2,07信義區,信義區市民大道5段與東興路口,0,0,1,2,C03,8,6,5,50,4,1,1,5,4,5,13,2,1,1,4,5,2,15,1,20,2,9,5,1,7,9,1,10,1,11,,13,,1,21,121.5658691,25.0482224
113,3,20,17,30,2,03中山區,中山區南京東路1段120號對面,0,0,1,1,C03,8,5,5,40,14,8,1,5,4,5,13,4,4,1,5,5,1,13,1,80,2,9,3,4,7,9,1,11,1,11,,108,,1,21,121.526703,25.0522223
113,3,20,17,30,2,03中山區,中山區南京東路1段120號對面,0,0,1,2,A05,8,5,5,40,14,8,1,5,4,5,13,4,4,1,5,5,1,13,1,49,3,10,3,4,7,14,1,1,1,7,,38,,1,21,121.526703,25.0522223
113,3,20,17,40,2,05中正區,中正區中山南路與貴陽街1段口,0,0,1,1,B03,8,7,5,50,3,2,1,5,4,5,13,1,1,9,5,5,1,12,1,66,3,10,7,1,7,15,1,8,2,5,,108,,1,22,121.5169937,25.0381438
113,3,20,17,40,2,05中正區,中正區中山南路與貴陽街1段口,0,0,1,2,C03,8,7,5,50,3,2,1,5,4,5,13,1,1,9,5,5,1,12,2,24,2,8,6,1,7,15,1,9,2,14,,17,,1,22,121.5169937,25.0381438
113,3,20,17,50,2,03中山區,中山區市民高架道往西,0,0,1,1,B03,8,7,5,70,10,9,1,5,4,5,13,4,4,9,4,5,2,17,1,30,3,10,7,1,7,9,1,8,1,1,,16,,1,21,121.5376711,25.04475247
113,3,20,17,50,2,03中山區,中山區市民高架道往西,0,0,1,2,C02,8,7,5,70,10,9,1,5,4,5,13,4,4,9,4,5,2,17,1,28,3,10,5,1,7,9,1,9,1,11,,44,,1,21,121.5376711,25.04475247
113,3,20,17,50,2,03中山區,中山區市民高架道往西,0,0,1,3,B03,8,7,5,70,10,9,1,5,4,5,13,4,4,9,4,5,2,17,2,58,2,9,7,1,7,9,1,8,1,3,,44,,1,21,121.5376711,25.04475247
113,3,20,18,15,2,05中正區,中正區重慶南路2段與南海路口,0,0,1,1,C03,8,5,5,50,4,1,1,5,4,5,13,1,1,1,4,5,2,17,1,56,3,10,5,1,7,12,1,10,1,13,,44,,1,21,121.5142185,25.0321017
113,3,20,18,15,2,05中正區,中正區重慶南路2段與南海路口,0,0,1,2,C03,8,5,5,50,4,1,1,5,4,5,13,1,1,1,4,5,2,17,1,31,3,10,5,1,7,9,1,10,1,11,,16,,1,21,121.5142185,25.0321017
113,3,20,18,15,2,05中正區,中正區重慶南路2段與南海路口,0,0,1,4,B03,8,5,5,50,4,1,1,5,4,5,13,1,1,1,4,5,2,17,1,63,3,10,7,1,7,14,1,8,1,7,,44,,1,21,121.5142185,25.0321017
113,3,20,18,15,2,05中正區,中正區重慶南路2段與南海路口,0,0,1,3,C03,8,5,5,50,4,1,1,5,4,5,13,1,1,1,4,5,2,17,1,31,2,8,5,1,7,9,1,10,1,11,,16,,1,21,121.5142185,25.0321017
113,3,20,18,28,2,03中山區,中山區民族東路與新生北路3段口,0,0,1,1,C03,7,5,5,50,14,9,1,5,4,5,13,2,1,5,4,5,2,13,1,25,2,9,5,1,7,9,1,10,2,11,,16,,1,21,121.5277022,25.0683715
113,3,20,18,28,2,03中山區,中山區民族東路與新生北路3段口,0,0,1,2,B03,7,5,5,50,14,9,1,5,4,5,13,2,1,5,4,5,2,13,2,20,3,10,7,1,7,14,1,8,2,3,,44,,1,21,121.5277022,25.0683715
113,3,20,18,35,2,12內湖區,內湖區民權東路6段491號,0,0,1,1,B03,8,5,5,50,14,9,1,5,4,5,13,4,4,3,4,4,1,17,2,75,3,10,7,1,7,7,1,8,1,8,,100,,1,21,121.6053859,25.0729823
113,3,20,18,35,2,12內湖區,內湖區民權東路6段491號,0,0,1,2,C03,8,5,5,50,14,9,1,5,4,5,13,4,4,3,4,4,1,17,1,60,2,9,5,1,7,9,1,10,1,11,,44,,1,21,121.6053859,25.0729823
113,3,20,19,5,2,05中正區,中正區重慶南路1段與襄陽路口,0,0,1,1,C03,7,5,5,50,3,2,1,5,4,5,13,1,1,5,5,5,2,17,1,24,3,10,6,4,7,6,1,10,2,15,,99,,1,22,121.5134435,25.0434309
113,3,20,19,5,2,05中正區,中正區重慶南路1段與襄陽路口,0,0,1,2,C03,7,5,5,50,3,2,1,5,4,5,13,1,1,5,5,5,2,17,1,25,2,1,6,4,7,5,1,10,2,15,,44,,1,22,121.5134435,25.0434309
113,3,20,19,12,2,06松山區,松山區市民大道4段與復興南路1段口,0,0,1,1,C03,7,5,5,50,4,1,1,5,4,5,13,1,1,1,4,5,2,13,1,28,4,11,3,4,7,8,7,19,11,15,,100,,2,22,121.5440057,25.0449448
113,3,20,19,12,2,06松山區,松山區市民大道4段與復興南路1段口,0,0,1,2,C03,7,5,5,50,4,1,1,5,4,5,13,1,1,1,4,5,2,13,1,63,2,9,5,1,7,9,1,10,1,11,,44,,1,21,121.5440057,25.0449448
113,3,20,19,22,2,08士林區,士林區通河街2巷與承德路4段9巷口,0,0,1,1,,8,5,6,30,3,1,1,5,4,5,13,4,4,10,5,5,2,17,4,0,4,11,3,4,7,15,7,19,9,15,,119,,2,21,121.5230867,25.0787973
113,3,20,19,22,2,08士林區,士林區通河街2巷與承德路4段9巷口,0,0,1,2,C03,8,5,6,30,3,1,1,5,4,5,13,4,4,10,5,5,2,17,1,38,2,9,3,4,7,9,1,10,1,12,,119,,1,21,121.5230867,25.0787973
113,3,20,19,24,2,03中山區,中山區樂群二路309號,0,0,1,1,B03,8,5,5,50,14,9,1,5,4,5,13,4,4,1,4,5,2,12,1,34,3,10,7,1,7,8,1,8,1,2,,100,,1,21,121.5623375,25.08037847
113,3,20,19,24,2,03中山區,中山區樂群二路309號,0,0,1,2,C03,8,5,5,50,14,9,1,5,4,5,13,4,4,1,4,5,2,12,1,45,2,8,6,1,7,9,1,10,1,14,,44,,1,21,121.5623375,25.08037847
113,3,20,19,24,2,10文山區,文山區木柵路2段138巷與興隆路4段109巷口口,0,0,1,1,B03,8,5,5,50,4,18,1,5,4,5,13,2,1,10,5,5,2,3,1,26,3,10,7,1,7,5,1,8,1,1,,70,,1,22,121.5627818,24.9867511