發生年度,發生月,發生日,發生時-Hours,發生分,處理別-編號,區序,肇事地點,死亡人數,2-30日死亡人數,受傷人數,當事人序號,車種,天候,道路照明設備,道路類別,速限-速度限制,道路型態,事故位置,路面狀況1,路面狀況2,路面狀況3,道路障礙1,道路障礙2,號誌1,號誌2,車道劃分-分向,車道劃分-分道1,車道劃分-分道2,車道劃分-分道3,事故類型及型態,性別,年齡,受傷程度,主要傷處,保護裝置,行動電話,車輛用途,當事者行動狀態,駕駛資格情形,駕駛執照種類,飲酒情形,車輛撞擊部位1,車輛撞擊部位2,肇因碼-個別,肇因碼-主要,個人肇逃否,職業,座標-X,座標-Y
113,3,20,19,24,2,10文山區,文山區木柵路2段138巷與興隆路4段109巷口口,0,0,1,2,H01,8,5,5,50,4,18,1,5,4,5,13,2,1,10,5,5,2,3,1,19,2,7,4,5,8,16,8,20,10,16,,67,,1,22,121.5627818,24.9867511
113,3,20,19,43,2,10文山區,文山區羅斯福路6段201號,0,0,3,1,C03,8,5,6,50,14,9,1,5,4,5,13,4,4,1,4,5,2,13,1,27,2,9,6,1,7,7,1,10,1,11,,108,,1,21,121.5411665,24.9962233
113,3,20,19,43,2,10文山區,文山區羅斯福路6段201號,0,0,3,2,C03,8,5,6,50,14,9,1,5,4,5,13,4,4,1,4,5,2,13,1,20,2,9,6,1,7,9,1,10,1,11,,16,,1,21,121.5411665,24.9962233
113,3,20,19,43,2,10文山區,文山區羅斯福路6段201號,0,0,3,3,C03,8,5,6,50,14,9,1,5,4,5,13,4,4,1,4,5,2,13,1,51,3,10,6,1,7,9,1,10,1,13,,44,,1,21,121.5411665,24.9962233
113,3,20,19,43,2,10文山區,文山區羅斯福路6段201號,0,0,3,4,H02,8,5,6,50,14,9,1,5,4,5,13,4,4,1,4,5,2,13,2,25,2,9,6,5,7,21,8,20,10,17,,67,,1,21,121.5411665,24.9962233
113,3,20,20,20,2,04大安區,大安區樂業街與嘉興街口,0,0,1,1,C03,8,5,5,50,4,2,1,5,4,5,13,4,4,5,4,5,2,13,1,24,3,10,3,4,7,9,1,10,1,11,,16,,1,21,121.5512456,25.0215336
113,3,20,20,20,2,04大安區,大安區樂業街與嘉興街口,0,0,1,2,C03,8,5,5,50,4,2,1,5,4,5,13,4,4,5,4,5,2,13,1,54,2,9,3,4,7,14,1,10,1,13,,44,,1,21,121.5512456,25.0215336
113,3,20,20,25,2,10文山區,文山區景隆街36巷與景興路10巷口,0,0,2,1,C03,8,5,5,30,5,1,1,5,4,5,13,4,4,10,5,5,2,15,1,67,2,1,5,1,7,9,1,10,1,12,,72,,1,21,121.5439325,24.9980586
113,3,20,20,25,2,10文山區,文山區景隆街36巷與景興路10巷口,0,0,2,2,B03,8,5,5,30,5,1,1,5,4,5,13,4,4,10,5,5,2,15,1,35,3,10,7,1,7,9,1,8,2,8,,44,,1,21,121.5439325,24.9980586
113,3,20,20,25,2,10文山區,文山區景隆街36巷與景興路10巷口,0,0,2,3,H02,8,5,5,30,5,1,1,5,4,5,13,4,4,10,5,5,2,15,2,62,2,8,5,5,7,20,8,20,10,16,,67,,1,21,121.5439325,24.9980586
113,3,20,21,0,2,04大安區,大安區仁愛路4段135號,0,0,2,1,C03,8,5,5,50,14,9,1,5,4,5,13,4,4,1,4,5,2,13,1,40,2,7,5,1,7,9,1,10,1,11,,16,,1,22,121.5506001,25.0380157
113,3,20,21,0,2,04大安區,大安區仁愛路4段135號,0,0,2,2,C03,8,5,5,50,14,9,1,5,4,5,13,4,4,1,4,5,2,13,2,21,2,8,5,1,7,9,1,10,1,13,,44,,1,22,121.5506001,25.0380157
113,3,20,21,16,2,06松山區,松山區八德路3段158巷20弄與八德路3段106巷口,0,0,1,1,C03,7,5,5,30,4,1,1,5,4,5,13,4,4,9,5,5,2,15,2,33,3,10,6,4,7,9,1,10,2,11,,72,,1,21,121.5539524,25.0472176
113,3,20,21,16,2,06松山區,松山區八德路3段158巷20弄與八德路3段106巷口,0,0,1,2,C03,7,5,5,30,4,1,1,5,4,5,13,4,4,9,5,5,2,15,2,38,2,9,6,4,7,9,1,10,2,12,,14,,1,21,121.5539524,25.0472176
113,3,20,21,25,2,08士林區,士林區通河西街1段堤外考照練習場,0,0,1,1,C03,8,5,5,40,14,9,1,5,4,5,13,4,4,9,4,5,1,16,1,19,3,10,3,4,7,5,1,10,2,13,,8,,1,22,121.5133334,25.08306823
113,3,20,21,25,2,08士林區,士林區通河西街1段堤外考照練習場,0,0,1,2,C03,8,5,5,40,14,9,1,5,4,5,13,4,4,9,4,5,1,16,1,25,2,8,3,4,7,4,1,10,2,11,,13,,1,22,121.5133334,25.08306823
113,3,20,21,30,2,12內湖區,內湖區江南街與江南街96巷口,0,0,2,1,C03,8,5,5,50,3,1,1,5,4,5,13,4,4,8,3,5,1,3,1,33,2,9,3,4,7,9,1,10,1,14,,14,,1,22,121.5771688,25.0769518
113,3,20,21,30,2,12內湖區,內湖區江南街與江南街96巷口,0,0,2,2,H01,8,5,5,50,3,1,1,5,4,5,13,4,4,8,3,5,1,3,1,74,2,9,4,5,8,16,8,20,1,16,,67,,1,22,121.5771688,25.0769518
113,3,20,21,35,2,10文山區,文山區木柵路5段(燈桿0706937),0,0,1,1,C03,8,5,5,50,11,9,1,5,4,5,13,4,4,2,2,5,2,18,1,19,2,9,5,1,7,6,1,10,1,12,,13,,1,22,121.5932141,24.99796475
113,3,20,21,35,2,10文山區,文山區木柵路5段(燈桿0706937),0,0,1,2,,8,5,5,50,11,9,1,5,4,5,13,4,4,2,2,5,2,18,3,0,,,,,,,,,,,,67,,1,,121.5932141,24.99796475
113,3,20,21,50,2,08士林區,士林區延平北路7段106巷與無名巷口,0,0,2,1,C03,8,5,5,30,3,1,1,5,4,5,13,4,4,10,5,5,1,16,1,37,2,1,3,4,7,5,1,10,1,12,,74,,1,22,121.4960803,25.1032425
113,3,20,21,50,2,08士林區,士林區延平北路7段106巷與無名巷口,0,0,2,2,C03,8,5,5,30,3,1,1,5,4,5,13,4,4,10,5,5,1,16,1,48,2,8,3,4,7,9,6,18,1,11,,44,,1,22,121.4960803,25.1032425
113,3,20,22,3,2,04大安區,大安區新生南路2段與信義路3段口,0,0,1,1,C03,8,5,5,40,4,1,1,5,4,5,13,2,1,1,4,5,2,17,2,24,2,9,6,1,7,6,1,10,1,15,,101,,1,21,121.5328778,25.0334694
113,3,20,22,3,2,04大安區,大安區新生南路2段與信義路3段口,0,0,1,2,B03,8,5,5,40,4,1,1,5,4,5,13,2,1,1,4,5,2,17,2,23,3,10,7,1,7,9,1,8,1,4,,107,,1,21,121.5328778,25.0334694
113,3,20,22,16,2,08士林區,士林區中山北路5段與福林路口,0,0,1,1,B01,8,5,5,50,5,1,1,5,4,5,13,1,1,5,4,5,2,16,1,50,4,11,3,4,7,6,7,19,11,17,,119,,2,22,121.5281155,25.0937054
113,3,20,22,16,2,08士林區,士林區中山北路5段與福林路口,0,0,1,2,C03,8,5,5,50,5,1,1,5,4,5,13,1,1,5,4,5,2,16,1,25,2,9,6,1,7,9,1,10,1,17,,44,,1,21,121.5281155,25.0937054
113,3,20,23,23,2,06松山區,松山區健康路與光復北路口,0,0,1,1,B01,8,5,5,50,4,19,1,5,4,5,13,2,1,9,4,5,2,3,1,69,3,10,7,4,7,9,1,4,1,5,,81,,1,21,121.5567013,25.0535483
113,3,20,23,23,2,06松山區,松山區健康路與光復北路口,0,0,1,2,H01,8,5,5,50,4,19,1,5,4,5,13,2,1,9,4,5,2,3,1,26,2,8,4,5,8,16,8,20,1,16,,67,,1,22,121.5567013,25.0535483
113,3,21,2,36,2,03中山區,中山區龍江路與錦州街口,0,0,1,1,B03,8,5,5,50,4,2,1,5,4,5,13,2,1,5,5,5,2,3,1,21,3,10,7,1,7,5,1,8,2,5,,70,,1,21,121.540724,25.0601712
113,3,21,2,36,2,03中山區,中山區龍江路與錦州街口,0,0,1,2,H01,8,5,5,50,4,2,1,5,4,5,13,2,1,5,5,5,2,3,2,34,2,8,4,5,8,16,8,20,10,16,,67,,1,21,121.540724,25.0601712
113,3,21,6,16,2,07信義區,信義區光復南路與市民大道5段口,0,0,1,1,C03,8,5,5,50,4,1,1,5,4,5,13,2,1,2,4,5,2,13,1,51,3,10,5,1,7,12,1,10,1,13,,14,,1,21,121.5577868,25.0450146
113,3,21,6,16,2,07信義區,信義區光復南路與市民大道5段口,0,0,1,2,C03,8,5,5,50,4,1,1,5,4,5,13,2,1,2,4,5,2,13,1,44,2,9,5,1,7,9,1,10,1,11,,13,,1,21,121.5577868,25.0450146
113,3,21,6,51,2,04大安區,大安區樂利路與樂利路86巷口,0,0,1,1,B03,8,6,5,30,3,1,1,5,4,5,13,4,4,1,5,5,2,16,1,57,3,10,7,1,7,5,1,8,1,8,,72,,1,21,121.5521272,25.02545781
113,3,21,6,51,2,04大安區,大安區樂利路與樂利路86巷口,0,0,1,2,C03,8,6,5,30,3,1,1,5,4,5,13,4,4,1,5,5,2,16,1,53,2,9,5,1,7,9,1,10,1,11,,13,,1,21,121.5521272,25.02545781
113,3,21,7,50,2,08士林區,士林區承德路5段與士商路口,0,0,2,1,C03,8,6,5,40,14,8,1,5,4,5,13,1,1,1,4,5,2,17,2,45,2,8,5,1,7,15,1,10,1,14,,100,,1,22,121.5142116,25.0960237
113,3,21,7,50,2,08士林區,士林區承德路5段與士商路口,0,0,2,2,C03,8,6,5,40,14,8,1,5,4,5,13,1,1,1,4,5,2,17,1,68,2,7,6,1,7,9,1,10,1,12,,13,,1,22,121.5142116,25.0960237
113,3,21,8,3,2,08士林區,士林區天母北路與天母西路口,0,0,1,1,C03,8,7,5,50,4,1,1,5,4,5,13,2,1,4,5,5,1,3,1,29,3,10,5,1,7,6,1,10,1,11,,70,,1,21,121.5183568,25.04847309
113,3,21,8,3,2,08士林區,士林區天母北路與天母西路口,0,0,1,2,H01,8,7,5,50,4,1,1,5,4,5,13,2,1,4,5,5,1,3,2,62,2,9,4,5,8,16,8,20,10,16,,67,,1,21,121.5183568,25.04847309
113,3,21,8,25,2,08士林區,士林區福國路與福華路口,0,0,1,1,B03,8,6,5,50,4,2,1,5,4,5,13,2,1,9,4,5,1,13,2,53,4,11,3,4,7,21,7,19,11,15,,118,,2,22,121.5183568,25.04847309
113,3,21,8,25,2,08士林區,士林區福國路與福華路口,0,0,1,2,C03,8,6,5,50,4,2,1,5,4,5,13,2,1,9,4,5,1,13,2,38,2,2,5,1,7,5,1,10,11,13,,118,,1,21,121.5183568,25.04847309
113,3,21,8,27,2,05中正區,中正區襄陽路9號,0,0,1,1,C03,8,5,5,50,14,9,1,5,4,5,13,4,4,10,5,5,2,17,1,24,3,10,6,1,7,9,1,10,1,11,11,16,,1,21,121.515842,25.04342346
113,3,21,8,27,2,05中正區,中正區襄陽路9號,0,0,1,2,C03,8,5,5,50,14,9,1,5,4,5,13,4,4,10,5,5,2,17,1,47,2,9,6,1,7,9,1,10,1,13,14,44,,1,21,121.515842,25.04342346
113,3,21,8,31,2,08士林區,士林區延平北路7段106巷333號,0,0,2,1,C03,8,6,5,40,14,9,1,5,4,5,13,4,4,10,5,5,2,11,1,28,2,7,6,1,7,7,1,10,2,14,,100,,1,22,121.49581,25.1061807
113,3,21,8,31,2,08士林區,士林區延平北路7段106巷333號,0,0,2,2,C03,8,6,5,40,14,9,1,5,4,5,13,4,4,10,5,5,2,11,1,35,2,9,6,1,7,9,1,10,2,14,,13,,1,22,121.49581,25.1061807
113,3,21,8,35,2,05中正區,中正區和平西路2段130號,0,0,1,1,C03,8,6,5,50,14,9,1,5,4,5,13,4,4,2,4,5,1,12,2,45,2,9,5,1,7,8,1,10,1,12,,100,,1,21,121.5068233,25.03208672
113,3,21,8,35,2,05中正區,中正區和平西路2段130號,0,0,1,2,C03,8,6,5,50,14,9,1,5,4,5,13,4,4,2,4,5,1,12,1,41,3,10,5,1,7,9,1,10,1,17,,44,,1,21,121.5068233,25.03208672
113,3,21,8,45,2,03中山區,中山區民生東路3段8號,0,0,1,1,C03,8,7,5,50,14,9,1,5,4,5,13,4,4,1,4,5,2,13,1,55,2,9,5,1,7,9,1,10,1,11,,16,,1,22,121.5394126,25.05735922
113,3,21,8,45,2,03中山區,中山區民生東路3段8號,0,0,1,2,B03,8,7,5,50,14,9,1,5,4,5,13,4,4,1,4,5,2,13,1,81,3,10,7,1,7,9,1,8,1,6,,44,,1,22,121.5394126,25.05735922
113,3,21,8,53,2,12內湖區,內湖區瑞光路258巷與港墘路221巷口,0,0,1,1,C03,8,6,5,50,3,1,1,5,4,5,13,4,4,5,5,5,2,13,2,29,2,9,5,1,7,9,1,10,1,11,,108,,1,21,121.5741888,25.0742315
113,3,21,8,53,2,12內湖區,內湖區瑞光路258巷與港墘路221巷口,0,0,1,2,B03,8,6,5,50,3,1,1,5,4,5,13,4,4,5,5,5,2,13,1,49,3,10,7,1,7,14,1,8,1,6,,44,,1,21,121.5741888,25.0742315
113,3,21,8,55,2,08士林區,士林區忠誠路1段173巷與德行東路190巷口,0,0,2,1,C03,8,7,5,30,4,1,1,5,4,5,13,4,4,10,5,5,1,15,2,44,2,9,5,1,7,9,1,10,1,11,,80,,1,21,121.5310007,25.1079707
113,3,21,8,55,2,08士林區,士林區忠誠路1段173巷與德行東路190巷口,0,0,2,2,C03,8,7,5,30,4,1,1,5,4,5,13,4,4,10,5,5,1,15,2,27,2,9,5,1,7,9,1,10,1,12,,108,,1,21,121.5310007,25.1079707
113,3,21,8,55,2,08士林區,士林區德行東路132巷與德行東路104巷5弄口,0,0,2,2,C03,8,6,5,30,4,1,1,5,4,5,13,4,4,10,5,5,1,15,2,33,2,8,5,1,7,9,1,10,1,11,,14,,1,21,121.5292463,25.1074636
113,3,21,8,55,2,08士林區,士林區德行東路132巷與德行東路104巷5弄口,0,0,2,3,H02,8,6,5,30,4,1,1,5,4,5,13,4,4,10,5,5,1,15,1,46,2,8,5,5,7,20,8,20,10,16,,67,,1,21,121.5292463,25.1074636
113,3,21,8,55,2,08士林區,士林區德行東路132巷與德行東路104巷5弄口,0,0,2,1,B03,8,6,5,30,4,1,1,5,4,5,13,4,4,10,5,5,1,15,1,51,3,10,7,1,7,9,1,8,1,4,,72,,1,21,121.5292463,25.1074636
113,3,21,9,5,2,06松山區,松山區三民路與三民路110巷口,0,0,1,1,B03,7,7,5,50,4,1,1,5,4,5,13,2,1,1,4,5,2,17,1,51,3,10,7,1,7,6,1,8,1,5,,71,,1,22,121.5635788,25.0580029
113,3,21,9,5,2,06松山區,松山區三民路與三民路110巷口,0,0,1,2,C03,7,7,5,50,4,1,1,5,4,5,13,2,1,1,4,5,2,17,1,27,2,7,5,1,7,9,1,10,1,14,,108,,1,22,121.5635788,25.0580029
113,3,21,9,8,2,04大安區,大安區市民大道3段與復興南路1段口,0,0,3,1,C03,8,6,5,40,4,1,1,5,4,5,13,1,1,1,4,5,2,16,1,45,2,9,5,1,7,8,1,10,1,12,,100,,1,21,121.5443086,25.044497
113,3,21,9,8,2,04大安區,大安區市民大道3段與復興南路1段口,0,0,3,2,C03,8,6,5,40,4,1,1,5,4,5,13,1,1,1,4,5,2,16,1,36,2,9,5,1,7,9,1,9,1,14,,44,,1,21,121.5443086,25.044497
113,3,21,9,8,2,04大安區,大安區市民大道3段與復興南路1段口,0,0,3,3,H02,8,6,5,40,4,1,1,5,4,5,13,1,1,1,4,5,2,16,2,39,2,9,5,5,7,20,8,20,10,16,,67,,1,21,121.5443086,25.044497
113,3,21,9,33,2,08士林區,士林區仰德大道1段101號對面,0,0,1,1,C03,8,6,5,40,14,9,1,5,4,5,13,1,1,4,5,5,1,13,1,20,3,10,5,1,7,9,1,10,2,11,,16,,1,21,121.5382072,25.1042095
113,3,21,9,33,2,08士林區,士林區仰德大道1段101號對面,0,0,1,2,C03,8,6,5,40,14,9,1,5,4,5,13,1,1,4,5,5,1,13,1,22,2,8,5,1,7,9,1,10,2,13,,44,,1,21,121.5382072,25.1042095
113,3,21,9,34,2,08士林區,士林區天母東路105巷與天母東路口,0,0,1,1,C03,7,6,5,50,3,2,1,5,4,5,13,1,1,1,4,5,1,13,2,36,2,5,3,4,7,11,1,10,2,13,,10,,1,21,121.536261,25.1181696
113,3,21,9,34,2,08士林區,士林區天母東路105巷與天母東路口,0,0,1,2,B03,7,6,5,50,3,2,1,5,4,5,13,1,1,1,4,5,1,13,1,60,3,10,3,4,7,9,1,8,2,1,,108,,1,21,121.536261,25.1181696
113,3,21,10,0,2,08士林區,士林區中山北路6段與中山北路6段405巷口,0,0,1,1,C03,8,6,5,50,3,2,1,5,4,5,13,1,1,10,4,5,1,13,1,58,3,10,6,1,7,9,1,10,2,11,,108,,1,21,121.5265596,25.11295018
113,3,21,10,0,2,08士林區,士林區中山北路6段與中山北路6段405巷口,0,0,1,2,C03,8,6,5,50,3,2,1,5,4,5,13,1,1,10,4,5,1,13,1,53,2,9,6,1,7,9,1,10,2,13,,44,,1,21,121.5265596,25.11295018
113,3,21,10,2,2,06松山區,松山區民權東路5段34號,0,0,1,1,C03,8,6,5,50,22,20,4,5,4,5,8,4,4,3,4,5,2,9,2,38,3,10,6,1,7,9,1,10,9,11,,42,,1,21,121.5645344,25.06295752
113,3,21,10,2,2,06松山區,松山區民權東路5段34號,0,0,1,2,H01,8,6,5,50,22,20,4,5,4,5,8,4,4,3,4,5,2,9,2,30,2,8,4,5,8,16,8,20,10,16,,44,,1,21,121.5645344,25.06295752
113,3,21,10,39,2,07信義區,信義區永吉路與松隆路口,0,0,1,1,B12,7,5,5,50,5,2,1,5,4,5,13,1,1,1,4,5,1,16,1,55,3,10,7,1,7,6,1,8,9,2,,9,,1,21,121.5708016,25.0457434
113,3,21,10,39,2,07信義區,信義區永吉路與松隆路口,0,0,1,2,C03,7,5,5,50,5,2,1,5,4,5,13,1,1,1,4,5,1,16,2,40,2,8,6,1,7,9,1,10,9,14,,44,,1,21,121.5708016,25.0457434
113,3,21,10,40,2,12內湖區,內湖區文德路66巷與文德路66巷11弄口,0,0,2,1,C04,8,6,5,30,4,1,1,5,4,5,13,4,4,10,5,5,2,15,1,34,2,9,5,1,7,9,1,10,1,14,,14,,1,21,121.5814206,25.07795278
113,3,21,10,40,2,12內湖區,內湖區文德路66巷與文德路66巷11弄口,0,0,2,2,B03,8,6,5,30,4,1,1,5,4,5,13,4,4,10,5,5,2,15,2,72,3,10,7,1,7,9,1,8,1,5,,13,,1,21,121.5814206,25.07795278
113,3,21,10,40,2,12內湖區,內湖區文德路66巷與文德路66巷11弄口,0,0,2,3,H02,8,6,5,30,4,1,1,5,4,5,13,4,4,10,5,5,2,15,2,33,2,9,5,5,7,21,8,20,10,16,,67,,1,21,121.5814206,25.07795278
113,3,21,10,46,2,03中山區,中山區北安路與明水路口,0,0,1,1,C03,8,6,5,50,3,2,1,5,4,5,13,2,1,8,3,4,1,16,2,42,2,9,5,1,7,5,1,10,1,11,,103,,1,21,121.5388466,25.0777183
113,3,21,10,46,2,03中山區,中山區北安路與明水路口,0,0,1,2,B03,8,6,5,50,3,2,1,5,4,5,13,2,1,8,3,4,1,16,1,40,3,10,7,1,7,5,1,8,1,2,,44,,1,21,121.5388466,25.0777183
113,3,21,11,44,2,10文山區,文山區木柵路1段與辛亥路6段口,0,0,2,1,C03,8,6,5,50,4,1,1,5,4,5,13,1,1,1,4,4,2,13,2,23,2,9,6,1,7,9,1,10,1,11,,108,,1,21,121.5523435,24.98776869
113,3,21,11,44,2,10文山區,文山區木柵路1段與辛亥路6段口,0,0,2,2,C03,8,6,5,50,4,1,1,5,4,5,13,1,1,1,4,4,2,13,1,47,2,9,6,1,7,5,1,10,1,13,,8,,1,21,121.5523435,24.98776869
113,3,21,11,54,2,06松山區,松山區光復北路11巷33號,0,0,1,1,B03,7,5,8,50,22,22,1,5,4,5,13,4,4,5,5,5,2,17,1,72,3,10,7,1,7,2,1,8,1,7,,12,,1,21,121.5596507,25.0497878
113,3,21,11,54,2,06松山區,松山區光復北路11巷33號,0,0,1,2,C02,7,5,8,50,22,22,1,5,4,5,13,4,4,5,5,5,2,17,2,23,2,9,5,2,7,9,1,9,1,11,,108,,1,21,121.5596507,25.0497878
113,3,21,12,18,2,03中山區,中山區樂群二路與敬業三路162巷口,0,0,1,1,B03,8,6,5,50,14,9,1,5,4,5,13,2,1,8,3,5,1,16,2,35,3,10,7,1,7,7,1,8,1,8,,99,,1,21,121.5595619,25.0799091
113,3,21,12,18,2,03中山區,中山區樂群二路與敬業三路162巷口,0,0,1,2,C03,8,6,5,50,14,9,1,5,4,5,13,2,1,8,3,5,1,16,2,31,2,8,6,1,7,9,1,10,1,11,,16,,1,21,121.5595619,25.0799091
113,3,21,12,21,2,05中正區,中正區愛國西路與博愛路口,0,0,1,1,B03,8,6,5,50,4,1,1,5,4,5,13,1,1,1,4,1,2,12,2,64,3,10,7,1,7,9,1,8,2,4,,17,,1,21,121.5108715,25.0354243
113,3,21,12,21,2,05中正區,中正區愛國西路與博愛路口,0,0,1,2,C03,8,6,5,50,4,1,1,5,4,5,13,1,1,1,4,1,2,12,2,50,2,9,5,1,7,8,1,10,2,12,,100,,1,21,121.5108715,25.0354243
113,3,21,12,29,2,01大同區,大同區承德路3段與承德路3段122巷口,0,0,1,1,C03,8,6,5,50,4,1,1,5,4,5,13,2,1,1,4,5,2,12,1,31,2,9,5,4,7,1,1,10,1,12,,19,,1,21,121.5182889,25.06730076
113,3,21,12,29,2,01大同區,大同區承德路3段與承德路3段122巷口,0,0,1,2,C03,8,6,5,50,4,1,1,5,4,5,13,2,1,1,4,5,2,12,2,44,3,10,5,4,7,9,1,10,1,14,,44,,1,21,121.5182889,25.06730076
113,3,21,12,35,2,08士林區,士林區福林路,0,0,2,1,B03,8,7,5,50,14,9,1,5,4,5,13,4,4,5,4,5,1,16,2,54,3,10,7,1,7,6,1,8,1,2,,74,,1,21,121.5301927,25.095102
113,3,21,12,35,2,08士林區,士林區福林路,0,0,2,2,C03,8,7,5,50,14,9,1,5,4,5,13,4,4,5,4,5,1,16,2,18,2,9,6,1,7,9,1,10,1,14,,108,,2,21,121.5301927,25.095102
113,3,21,12,35,2,08士林區,士林區福林路,0,0,2,3,H02,8,7,5,50,14,9,1,5,4,5,13,4,4,5,4,5,1,16,2,19,2,9,6,5,7,20,8,20,10,16,,67,,1,21,121.5301927,25.095102
113,3,21,12,39,2,04大安區,大安區復興南路1段107巷與大安路1段口,0,0,1,1,F03,8,7,5,30,4,1,1,5,4,5,13,4,4,10,4,5,2,15,1,48,2,7,4,1,7,9,8,20,1,11,,44,,1,21,121.5461735,25.0436024
113,3,21,12,39,2,04大安區,大安區復興南路1段107巷與大安路1段口,0,0,1,2,B01,8,7,5,30,4,1,1,5,4,5,13,4,4,10,4,5,2,15,1,56,3,10,7,1,7,9,1,4,1,4,,44,,1,21,121.5461735,25.0436024
113,3,21,12,56,2,10文山區,文山區萬壽橋(往西第2根燈桿),0,0,1,2,C03,8,6,5,50,14,9,1,5,4,5,13,4,4,1,4,4,2,29,1,40,2,9,6,4,7,10,1,10,1,11,,108,,1,21,121.5732735,24.9916877
113,3,21,12,56,2,10文山區,文山區萬壽橋(往西第2根燈桿),0,0,1,1,A41,8,6,5,50,14,9,1,5,4,5,13,4,4,1,4,4,2,29,1,64,3,10,7,1,7,9,1,1,9,15,,130,,1,21,121.5732735,24.9916877
113,3,21,12,59,2,06松山區,松山區松河街168號,0,0,1,1,C03,8,5,5,40,14,9,1,5,4,5,13,4,4,8,3,5,2,12,2,19,3,10,5,1,7,9,3,18,1,12,,16,,1,22,121.5763581,25.05133671
113,3,21,12,59,2,06松山區,松山區松河街168號,0,0,1,2,C03,8,5,5,40,14,9,1,5,4,5,13,4,4,8,3,5,2,12,2,46,2,9,5,1,7,9,1,10,1,14,,27,,1,22,121.5763581,25.05133671
113,3,21,13,9,2,10文山區,文山區試院路58號,0,0,1,1,C03,8,6,5,50,14,9,1,5,4,5,13,4,4,9,5,5,2,17,2,21,2,9,6,1,7,9,1,10,2,17,,44,,1,21,121.5493094,24.98919175
113,3,21,13,9,2,10文山區,文山區試院路58號,0,0,1,2,B12,8,6,5,50,14,9,1,5,4,5,13,4,4,9,5,5,2,17,1,53,3,10,7,1,7,8,1,8,2,17,,100,,1,21,121.5493094,24.98919175
113,3,21,13,20,2,04大安區,大安區羅斯福路3段309號,0,0,1,1,C03,8,5,5,50,14,9,1,5,4,5,13,4,4,1,4,5,2,13,1,22,2,8,3,4,7,9,1,10,1,11,,108,,1,21,121.5318751,25.0172663
113,3,21,13,20,2,04大安區,大安區羅斯福路3段309號,0,0,1,2,B01,8,5,5,50,14,9,1,5,4,5,13,4,4,1,4,5,2,13,1,57,3,10,3,4,7,8,1,4,1,3,,100,,1,21,121.5318751,25.0172663
113,3,21,13,23,2,02萬華區,萬華區萬大路與萬大路237巷口,0,0,1,1,C03,8,7,5,30,4,2,2,5,4,5,13,1,1,9,5,5,2,13,1,73,2,7,5,1,7,9,1,10,1,11,,44,,1,21,121.5005349,25.0262463
113,3,21,13,23,2,02萬華區,萬華區萬大路與萬大路237巷口,0,0,1,2,C03,8,7,5,30,4,2,2,5,4,5,13,1,1,9,5,5,2,13,2,48,3,10,5,1,7,14,1,10,1,13,,44,,1,21,121.5005349,25.0262463
113,3,21,13,50,2,10文山區,文山區木新路2段與木新路2段69巷口,0,0,1,1,B03,8,7,5,50,4,1,1,5,4,5,13,4,4,10,5,5,2,17,1,50,3,10,7,1,7,8,1,8,1,6,,100,,1,21,121.5706438,24.9856061
113,3,21,13,50,2,10文山區,文山區木新路2段與木新路2段69巷口,0,0,1,2,C01,8,7,5,50,4,1,1,5,4,5,13,4,4,10,5,5,2,17,1,23,2,9,5,1,7,9,1,9,1,11,,108,,1,21,121.5706438,24.9856061
113,3,21,13,51,2,12內湖區,內湖區安康路與安美街口,0,0,1,1,B12,8,6,5,30,4,2,1,5,4,5,8,2,1,5,4,5,2,16,1,70,3,10,7,1,7,1,1,8,1,1,,19,,1,21,121.596392,25.06217881
113,3,21,13,51,2,12內湖區,內湖區安康路與安美街口,0,0,1,2,C03,8,6,5,30,4,2,1,5,4,5,8,2,1,5,4,5,2,16,1,33,2,8,5,1,7,6,1,10,1,12,,82,,1,21,121.596392,25.06217881
113,3,21,13,53,2,03中山區,中山區龍江路356巷70-1號,0,0,1,1,B01,8,6,5,50,14,9,1,5,4,5,13,4,4,9,5,5,2,16,1,59,3,10,3,4,7,1,1,4,1,8,,19,,1,22,121.5381234,25.06599433
113,3,21,13,53,2,03中山區,中山區龍江路356巷70-1號,0,0,1,2,C03,8,6,5,50,14,9,1,5,4,5,13,4,4,9,5,5,2,16,2,56,2,8,5,1,7,6,1,10,1,12,,44,,1,22,121.5381234,25.06599433
113,3,21,13,54,2,07信義區,信義區吳興街279號,0,0,1,1,A02,8,6,5,30,14,9,1,5,4,5,13,4,4,5,5,5,2,12,1,44,3,10,7,1,7,9,1,6,1,6,,44,,1,21,121.5641201,25.0265799
113,3,21,13,54,2,07信義區,信義區吳興街279號,0,0,1,2,C03,8,6,5,30,14,9,1,5,4,5,13,4,4,5,5,5,2,12,1,58,2,8,6,1,7,9,1,10,1,14,,44,,1,21,121.5641201,25.0265799
113,3,21,14,27,2,08士林區,士林區文林路91號,0,0,2,1,C03,8,7,5,50,14,9,1,5,4,5,13,4,4,9,4,5,1,12,1,39,2,9,6,1,7,1,1,10,2,14,,19,,1,22,121.5260492,25.0877719