發生年度,發生月,發生日,發生時-Hours,發生分,處理別-編號,區序,肇事地點,死亡人數,2-30日死亡人數,受傷人數,當事人序號,車種,天候,道路照明設備,道路類別,速限-速度限制,道路型態,事故位置,路面狀況1,路面狀況2,路面狀況3,道路障礙1,道路障礙2,號誌1,號誌2,車道劃分-分向,車道劃分-分道1,車道劃分-分道2,車道劃分-分道3,事故類型及型態,性別,年齡,受傷程度,主要傷處,保護裝置,行動電話,車輛用途,當事者行動狀態,駕駛資格情形,駕駛執照種類,飲酒情形,車輛撞擊部位1,車輛撞擊部位2,肇因碼-個別,肇因碼-主要,個人肇逃否,職業,座標-X,座標-Y
113,3,21,14,27,2,08士林區,士林區文林路91號,0,0,2,2,C03,8,7,5,50,14,9,1,5,4,5,13,4,4,9,4,5,1,12,1,49,2,9,6,1,7,9,1,10,2,11,,44,,1,23,121.5260492,25.0877719
113,3,21,14,28,2,11南港區,南港區東明街與興華路口,0,0,2,1,C03,8,6,5,30,3,1,1,5,4,5,13,4,4,4,3,5,2,16,1,38,2,9,3,4,7,6,1,10,1,14,,72,,1,21,121.6057658,25.0559735
113,3,21,14,28,2,11南港區,南港區東明街與興華路口,0,0,2,2,C03,8,6,5,30,3,1,1,5,4,5,13,4,4,4,3,5,2,16,2,55,2,9,3,4,7,9,1,10,1,12,,44,,1,21,121.6057658,25.0559735
113,3,21,14,37,2,04大安區,大安區文昌街與無名巷口口,0,0,1,1,B02,8,6,5,30,4,1,1,5,4,5,13,2,1,10,5,5,2,15,2,44,3,10,3,4,7,9,1,8,1,8,,81,,1,22,121.5506569,25.0328585
113,3,21,14,37,2,04大安區,大安區文昌街與無名巷口口,0,0,1,2,C03,8,6,5,30,4,1,1,5,4,5,13,2,1,10,5,5,2,15,1,40,2,9,3,4,7,9,3,18,1,12,,44,,1,22,121.5506569,25.0328585
113,3,21,15,0,2,09北投區,北投區大業路與大同街口口,0,0,1,1,C03,8,7,5,50,4,1,1,5,4,5,13,2,1,1,4,5,2,15,2,32,2,9,5,1,7,9,6,18,1,12,,81,,1,21,121.4991134,25.1369477
113,3,21,15,0,2,09北投區,北投區大業路與大同街口口,0,0,1,2,B01,8,7,5,50,4,1,1,5,4,5,13,2,1,1,4,5,2,15,1,53,3,10,7,1,7,9,1,4,1,1,,81,,1,21,121.4991134,25.1369477
113,3,21,15,8,2,12內湖區,內湖區民權東路6段55號,0,0,1,1,B03,8,7,5,50,14,9,1,5,4,5,13,1,1,1,3,1,2,17,1,44,3,10,7,1,7,2,1,8,1,3,,12,,1,21,121.5872308,25.0691194
113,3,21,15,8,2,12內湖區,內湖區民權東路6段55號,0,0,1,2,C03,8,7,5,50,14,9,1,5,4,5,13,1,1,1,3,1,2,17,2,41,2,9,6,1,7,9,1,10,1,11,,44,,1,21,121.5872308,25.0691194
113,3,21,15,37,2,03中山區,中山區建國北路1段與長安東路2段口,0,0,1,1,B03,8,7,5,50,4,2,1,5,4,5,13,1,1,1,4,5,2,16,1,39,3,10,7,1,7,1,1,8,1,5,,85,,1,22,121.5368469,25.0484508
113,3,21,15,37,2,03中山區,中山區建國北路1段與長安東路2段口,0,0,1,2,C03,8,7,5,50,4,2,1,5,4,5,13,1,1,1,4,5,2,16,2,56,2,9,5,1,7,9,1,10,1,14,,44,,1,22,121.5368469,25.0484508
113,3,21,15,40,2,02萬華區,萬華區中華路2段與廣州街口,0,0,1,1,B01,8,5,5,50,4,1,1,5,4,5,13,1,1,1,4,4,2,17,1,20,3,10,7,4,7,6,3,18,1,5,,9,,1,21,121.506354,25.0361166
113,3,21,15,40,2,02萬華區,萬華區中華路2段與廣州街口,0,0,1,2,C03,8,5,5,50,4,1,1,5,4,5,13,1,1,1,4,4,2,17,2,49,2,9,5,4,7,9,1,10,1,14,,44,,1,21,121.506354,25.0361166
113,3,21,16,9,2,12內湖區,內湖區麥帥一橋機車道內湖往松山,0,0,1,1,C03,8,6,5,40,14,11,1,5,4,5,13,4,4,1,4,5,2,17,1,48,3,10,5,1,7,8,1,10,1,13,,100,,1,21,121.5755195,25.05407794
113,3,21,16,9,2,12內湖區,內湖區麥帥一橋機車道內湖往松山,0,0,1,2,C03,8,6,5,40,14,11,1,5,4,5,13,4,4,1,4,5,2,17,1,27,2,8,5,1,7,9,1,10,1,11,,118,,1,21,121.5755195,25.05407794
113,3,21,16,10,2,04大安區,大安區安和路1段21巷與忠孝東路4段170巷口,0,0,2,1,B03,8,5,5,30,4,1,1,5,4,3,10,4,4,10,5,5,1,15,1,54,3,10,7,1,7,9,1,8,1,1,,80,,1,22,121.5507696,25.0394743
113,3,21,16,10,2,04大安區,大安區安和路1段21巷與忠孝東路4段170巷口,0,0,2,2,C03,8,5,5,30,4,1,1,5,4,3,10,4,4,10,5,5,1,15,1,27,2,7,5,1,7,9,1,10,1,14,,44,,1,22,121.5507696,25.0394743
113,3,21,16,10,2,04大安區,大安區安和路1段21巷與忠孝東路4段170巷口,0,0,2,3,H02,8,5,5,30,4,1,1,5,4,3,10,4,4,10,5,5,1,15,2,26,2,7,5,5,7,20,8,20,10,16,,67,,1,22,121.5507696,25.0394743
113,3,21,16,10,2,04大安區,大安區安和路1段21巷與忠孝東路4段170巷口,0,0,2,4,B13,8,5,5,30,4,1,1,5,4,3,10,4,4,10,5,5,1,15,1,31,3,10,3,1,7,13,1,8,1,17,,38,,1,22,121.5507696,25.0394743
113,3,21,16,26,2,04大安區,大安區羅斯福路4段與新生南路3段口,0,0,3,1,C03,8,6,5,50,3,1,1,5,4,5,13,4,4,1,4,5,2,16,2,33,2,9,5,1,7,7,1,10,1,14,,100,,1,21,121.5334406,25.0157791
113,3,21,16,26,2,04大安區,大安區羅斯福路4段與新生南路3段口,0,0,3,2,C03,8,6,5,50,3,1,1,5,4,5,13,4,4,1,4,5,2,16,1,18,2,9,5,1,7,9,1,10,1,12,,44,,1,21,121.5334406,25.0157791
113,3,21,16,26,2,04大安區,大安區羅斯福路4段與新生南路3段口,0,0,3,3,H02,8,6,5,50,3,1,1,5,4,5,13,4,4,1,4,5,2,16,1,5,2,9,5,5,7,20,8,20,10,16,,67,,1,21,121.5334406,25.0157791
113,3,21,17,1,2,05中正區,中正區林森南路與青島東路口口,0,0,1,1,B03,8,5,5,50,4,1,1,5,4,5,13,2,1,9,4,5,1,16,1,67,3,10,7,1,7,5,1,8,2,8,,8,,1,21,121.5229546,25.0436203
113,3,21,17,1,2,05中正區,中正區林森南路與青島東路口口,0,0,1,2,C03,8,5,5,50,4,1,1,5,4,5,13,2,1,9,4,5,1,16,1,38,2,9,6,1,7,9,1,10,2,11,,14,,1,21,121.5229546,25.0436203
113,3,21,17,10,2,05中正區,中正區和平西路1段與羅斯福路2段口口,0,0,1,2,C03,8,6,5,40,4,1,1,5,4,5,13,1,1,1,4,4,1,17,2,21,2,8,6,1,7,9,1,10,1,11,,13,,1,21,121.522556,25.02698974
113,3,21,17,10,2,05中正區,中正區和平西路1段與羅斯福路2段口口,0,0,1,1,C04,8,6,5,40,4,1,1,5,4,5,13,1,1,1,4,4,1,17,2,17,3,10,6,1,7,6,2,18,1,12,,9,,1,21,121.522556,25.02698974
113,3,21,17,13,2,08士林區,士林區大南路與承德路4段口,0,0,1,1,B03,8,5,5,40,4,1,1,5,4,5,13,1,1,5,5,5,2,17,1,58,3,10,3,4,7,15,1,8,2,8,,80,,1,21,121.5215848,25.08882096
113,3,21,17,13,2,08士林區,士林區大南路與承德路4段口,0,0,1,2,C03,8,5,5,40,4,1,1,5,4,5,13,1,1,5,5,5,2,17,2,28,2,9,5,1,7,8,1,10,2,13,,100,,1,21,121.5215848,25.08882096
113,3,21,17,13,2,08士林區,士林區大南路與承德路4段口,0,0,1,3,B03,8,5,5,40,4,1,1,5,4,5,13,1,1,5,5,5,2,17,1,29,3,10,3,4,7,9,1,8,2,8,,44,,1,21,121.5215848,25.08882096
113,3,21,17,17,2,03中山區,中山區松江路77巷與松江路口,0,0,2,1,C03,7,5,5,50,3,2,1,5,4,5,13,4,4,3,4,5,2,13,2,23,2,9,3,4,7,9,1,10,1,11,,44,,1,21,121.5330398,25.05008136
113,3,21,17,17,2,03中山區,中山區松江路77巷與松江路口,0,0,2,2,C03,7,5,5,50,3,2,1,5,4,5,13,4,4,3,4,5,2,13,1,21,2,9,3,4,7,14,1,10,1,13,,44,,1,21,121.5330398,25.05008136
113,3,21,18,1,2,12內湖區,內湖區康寧路3段265巷12號,0,0,2,1,C03,8,6,5,30,14,9,1,5,4,5,13,4,4,10,5,5,2,14,2,64,3,10,5,1,7,2,1,10,1,13,,12,,1,21,121.611718,25.06645044
113,3,21,18,1,2,12內湖區,內湖區康寧路3段265巷12號,0,0,2,2,C03,8,6,5,30,14,9,1,5,4,5,13,4,4,10,5,5,2,14,1,66,2,7,5,1,7,9,1,10,1,14,,108,,1,21,121.611718,25.06645044
113,3,21,18,1,2,12內湖區,內湖區康寧路3段265巷12號,0,0,2,3,H02,8,6,5,30,14,9,1,5,4,5,13,4,4,10,5,5,2,14,2,61,2,9,5,5,7,20,8,20,10,16,,67,,1,21,121.611718,25.06645044
113,3,21,18,9,2,03中山區,中山區北安路458巷與明水路口,0,0,3,1,C03,8,5,5,50,3,1,1,5,4,5,13,1,1,5,4,5,2,15,1,20,2,9,5,4,7,9,1,10,1,11,,81,,1,21,121.5452231,25.0772686
113,3,21,18,9,2,03中山區,中山區北安路458巷與明水路口,0,0,3,2,C03,8,5,5,50,3,1,1,5,4,5,13,1,1,5,4,5,2,15,1,30,2,9,5,4,7,9,1,10,1,11,,44,,1,21,121.5452231,25.0772686
113,3,21,18,9,2,03中山區,中山區北安路458巷與明水路口,0,0,3,3,C03,8,5,5,50,3,1,1,5,4,5,13,1,1,5,4,5,2,15,1,21,2,9,5,4,7,9,1,10,1,14,,44,,1,21,121.5452231,25.0772686
113,3,21,18,15,2,02萬華區,萬華區堤外便道貴陽疏散門口,0,0,1,1,C03,8,5,7,40,14,11,1,5,4,5,13,1,1,9,4,5,1,17,2,62,2,9,5,1,7,9,1,10,1,12,,108,,1,21,121.4991243,25.0415632
113,3,21,18,15,2,02萬華區,萬華區堤外便道貴陽疏散門口,0,0,1,2,C03,8,5,7,40,14,11,1,5,4,5,13,1,1,9,4,5,1,17,1,49,3,10,5,1,7,14,1,10,1,14,,44,,1,21,121.4991243,25.0415632
113,3,21,18,24,2,01大同區,大同區民族西路與民族西路32巷口,0,0,1,1,B03,8,5,5,50,5,1,1,5,4,5,13,2,1,1,2,5,2,16,1,38,3,10,7,1,7,5,1,8,2,6,,71,,1,22,121.5195394,25.0684666
113,3,21,18,24,2,01大同區,大同區民族西路與民族西路32巷口,0,0,1,2,C03,8,5,5,50,5,1,1,5,4,5,13,2,1,1,2,5,2,16,1,50,2,9,6,1,7,9,1,10,2,11,,44,,1,22,121.5195394,25.0684666
113,3,21,18,29,2,06松山區,松山區八德路3段158巷與光復南路46巷口,0,0,2,1,C03,8,5,5,30,4,1,1,5,4,5,13,4,4,10,5,5,2,15,1,40,2,8,6,1,7,9,1,10,1,14,,72,,1,22,121.555364,25.0458869
113,3,21,18,29,2,06松山區,松山區八德路3段158巷與光復南路46巷口,0,0,2,2,C03,8,5,5,30,4,1,1,5,4,5,13,4,4,10,5,5,2,15,1,51,2,9,6,1,7,9,1,9,1,11,,108,,1,22,121.555364,25.0458869
113,3,21,18,36,2,03中山區,中山區大直橋,0,0,2,1,C03,8,5,5,50,8,11,1,5,4,5,13,4,4,8,4,5,2,13,1,18,2,8,5,1,7,9,1,10,1,11,,50,,1,22,121.544529,25.07877826
113,3,21,18,36,2,03中山區,中山區大直橋,0,0,2,2,C03,8,5,5,50,8,11,1,5,4,5,13,4,4,8,4,5,2,13,1,37,2,8,5,1,7,14,1,10,1,13,,44,,1,22,121.544529,25.07877826
113,3,21,18,47,2,06松山區,松山區塔悠路320號,0,0,2,1,B03,8,5,5,50,14,9,1,5,4,5,13,4,4,1,4,5,2,13,1,27,3,10,7,1,7,7,1,8,1,1,,108,,1,21,121.5685821,25.06130612
113,3,21,18,47,2,06松山區,松山區塔悠路320號,0,0,2,2,B11,8,5,5,50,14,9,1,5,4,5,13,4,4,1,4,5,2,13,1,24,2,1,7,1,7,14,1,4,1,3,1,44,,1,21,121.5685821,25.06130612
113,3,21,18,47,2,06松山區,松山區塔悠路320號,0,0,2,3,B03,8,5,5,50,14,9,1,5,4,5,13,4,4,1,4,5,2,13,1,56,2,2,7,1,7,14,1,8,1,3,,44,,1,21,121.5685821,25.06130612
113,3,21,18,55,2,04大安區,大安區和平東路2段2號對面(往西),0,0,1,1,F01,8,5,5,50,14,9,1,5,4,5,13,4,4,1,4,5,2,12,1,52,3,10,4,1,7,9,8,20,2,14,,17,,1,22,121.5354687,25.0260789
113,3,21,18,55,2,04大安區,大安區和平東路2段2號對面(往西),0,0,1,2,C03,8,5,5,50,14,9,1,5,4,5,13,4,4,1,4,5,2,12,1,28,2,8,5,1,7,9,1,10,2,12,,17,,1,22,121.5354687,25.0260789
113,3,21,19,2,2,07信義區,信義區市民大道6段與虎林街口,0,0,2,1,C03,7,5,5,40,4,1,1,5,4,5,13,1,1,1,4,5,2,15,1,31,2,9,6,4,7,9,1,10,1,11,,81,,1,21,121.5759427,25.0491349
113,3,21,19,2,2,07信義區,信義區市民大道6段與虎林街口,0,0,2,2,C03,7,5,5,40,4,1,1,5,4,5,13,1,1,1,4,5,2,15,1,55,2,9,6,4,7,9,1,10,1,11,,44,,1,21,121.5759427,25.0491349
113,3,21,19,40,2,08士林區,士林區德行東路與德行東路129巷口,0,0,1,1,C03,7,5,5,30,4,1,1,5,4,5,13,4,4,9,4,5,1,17,1,54,2,9,5,1,7,5,1,10,2,12,,72,,1,21,121.5290984,25.10796169
113,3,21,19,40,2,08士林區,士林區德行東路與德行東路129巷口,0,0,1,2,B01,7,5,5,30,4,1,1,5,4,5,13,4,4,9,4,5,1,17,1,40,3,10,7,1,7,9,1,4,2,8,,108,,1,21,121.5290984,25.10796169
113,3,21,19,40,2,12內湖區,內湖區成功路2段369號,0,0,1,1,C03,8,5,5,50,14,9,1,5,4,5,13,4,4,1,4,5,2,12,2,51,2,7,5,1,7,7,1,10,1,14,,100,,1,21,121.5900288,25.07396421
113,3,21,19,40,2,12內湖區,內湖區成功路2段369號,0,0,1,2,B03,8,5,5,50,14,9,1,5,4,5,13,4,4,1,4,5,2,12,1,28,3,10,7,1,7,9,1,8,1,5,,44,,1,21,121.5900288,25.07396421
113,3,21,19,42,2,06松山區,松山區南京東路5段與南京東路5段389巷口,0,0,1,1,C03,7,5,5,50,3,1,1,5,4,5,13,4,4,1,4,5,2,16,1,37,3,10,6,1,7,6,1,10,1,13,,9,,1,21,121.569333,25.0514321
113,3,21,19,42,2,06松山區,松山區南京東路5段與南京東路5段389巷口,0,0,1,2,C03,7,5,5,50,3,1,1,5,4,5,13,4,4,1,4,5,2,16,1,40,2,8,6,1,7,9,1,10,1,11,,108,,1,21,121.569333,25.0514321
113,3,21,19,42,2,06松山區,松山區南京東路5段與南京東路5段389巷口,0,0,1,3,B03,7,5,5,50,3,1,1,5,4,5,13,4,4,1,4,5,2,16,3,0,,,,,,,,,,,,67,,1,,121.569333,25.0514321
113,3,21,19,55,2,08士林區,士林區中山北路5段74號與劍潭路口,0,0,1,1,C03,8,5,5,50,4,2,1,5,4,5,13,2,1,1,4,1,1,37,1,24,2,9,6,1,7,9,1,10,1,11,,108,,1,21,121.5253946,25.0840048
113,3,21,19,55,2,08士林區,士林區中山北路5段74號與劍潭路口,0,0,1,2,,8,5,5,50,4,2,1,5,4,5,13,2,1,1,4,1,1,37,3,0,,,,,,,,,,,,67,,1,,121.5253946,25.0840048
113,3,21,20,19,2,08士林區,士林區基河路366號,0,0,1,1,C03,8,5,5,50,14,9,1,5,4,5,13,4,4,5,4,5,2,17,1,44,2,9,6,1,7,9,1,10,2,11,,108,,1,21,121.5186262,25.09485918
113,3,21,20,19,2,08士林區,士林區基河路366號,0,0,1,2,B01,8,5,5,50,14,9,1,5,4,5,13,4,4,5,4,5,2,17,1,64,3,10,7,1,7,14,1,3,2,3,,38,,1,21,121.5186262,25.09485918
113,3,21,20,30,2,08士林區,士林區延平北路6段與堤外便道口,0,0,1,1,B03,8,5,5,50,5,2,1,5,4,5,13,2,1,1,2,5,2,17,1,39,3,10,7,1,7,6,6,8,1,8,,9,,1,21,121.4976604,25.0943651
113,3,21,20,30,2,08士林區,士林區延平北路6段與堤外便道口,0,0,1,2,C03,8,5,5,50,5,2,1,5,4,5,13,2,1,1,2,5,2,17,1,43,2,9,6,1,7,5,1,10,1,13,,44,,1,21,121.4976604,25.0943651
113,3,21,20,44,2,05中正區,中正區忠孝東路1段1號,0,0,1,1,B03,7,5,5,40,14,8,1,5,4,5,13,4,4,5,4,4,2,17,1,50,3,10,7,4,7,9,1,8,2,5,,108,,1,22,121.5203079,25.04566163
113,3,21,20,44,2,05中正區,中正區忠孝東路1段1號,0,0,1,2,C03,7,5,5,40,14,8,1,5,4,5,13,4,4,5,4,4,2,17,1,62,2,8,6,4,7,14,1,10,2,14,,44,,1,22,121.5203079,25.04566163
113,3,21,21,20,2,08士林區,士林區重慶北路4段49巷與重慶北路4段49巷15弄口,0,0,2,1,C03,8,5,5,30,4,1,1,5,4,5,13,4,4,10,5,5,1,15,1,20,2,9,5,1,7,9,1,10,1,12,,80,,1,21,121.5136515,25.07894278
113,3,21,21,20,2,08士林區,士林區重慶北路4段49巷與重慶北路4段49巷15弄口,0,0,2,2,B03,8,5,5,30,4,1,1,5,4,5,13,4,4,10,5,5,1,15,1,47,3,10,7,1,7,9,1,8,1,1,,14,,1,21,121.5136515,25.07894278
113,3,21,21,20,2,08士林區,士林區重慶北路4段49巷與重慶北路4段49巷15弄口,0,0,2,3,H01,8,5,5,30,4,1,1,5,4,5,13,4,4,10,5,5,1,15,2,54,2,9,4,5,8,17,8,20,10,16,,67,,1,21,121.5136515,25.07894278
113,3,21,21,20,2,08士林區,士林區重慶北路4段49巷與重慶北路4段49巷15弄口,0,0,2,4,C03,8,5,5,30,4,1,1,5,4,5,13,4,4,10,5,5,1,15,1,20,3,10,5,1,7,13,1,10,1,14,,38,,1,21,121.5136515,25.07894278
113,3,21,21,20,2,08士林區,士林區重慶北路4段49巷與重慶北路4段49巷15弄口,0,0,2,5,C03,8,5,5,30,4,1,1,5,4,5,13,4,4,10,5,5,1,15,1,70,3,10,5,1,7,13,1,10,1,14,,38,,1,21,121.5136515,25.07894278
113,3,21,21,20,2,08士林區,士林區重慶北路4段49巷與重慶北路4段49巷15弄口,0,0,2,6,C03,8,5,5,30,4,1,1,5,4,5,13,4,4,10,5,5,1,15,2,28,3,10,5,1,7,13,1,10,1,14,,38,,1,21,121.5136515,25.07894278
113,3,21,21,20,2,08士林區,士林區重慶北路4段49巷與重慶北路4段49巷15弄口,0,0,2,7,B03,8,5,5,30,4,1,1,5,4,5,13,4,4,10,5,5,1,15,1,40,3,10,7,1,7,13,1,8,1,3,,38,,1,21,121.5136515,25.07894278
113,3,21,21,23,2,10文山區,文山區興隆路1段與景明街口口,0,0,1,1,B01,8,5,5,50,4,1,1,5,4,5,13,2,1,1,4,5,2,17,1,55,3,10,7,1,7,11,1,4,1,7,,10,,1,21,121.5419328,25.002027
113,3,21,21,23,2,10文山區,文山區興隆路1段與景明街口口,0,0,1,2,C03,8,5,5,50,4,1,1,5,4,5,13,2,1,1,4,5,2,17,1,20,2,9,6,1,7,9,1,10,1,11,,13,,1,21,121.5419328,25.002027
113,3,21,21,23,2,10文山區,文山區興隆路1段與景明街口口,0,0,1,3,B03,8,5,5,50,4,1,1,5,4,5,13,2,1,1,4,5,2,17,1,33,3,10,7,1,7,9,1,8,1,8,,108,,1,21,121.5419328,25.002027
113,3,21,22,11,2,09北投區,北投區大度路2號旁,0,0,2,1,C03,7,5,5,50,14,9,1,5,4,5,13,4,4,1,4,5,2,13,1,40,2,8,5,1,7,9,1,10,2,14,,42,,1,21,121.4984593,25.1213736
113,3,21,22,11,2,09北投區,北投區大度路2號旁,0,0,2,2,C03,7,5,5,50,14,9,1,5,4,5,13,4,4,1,4,5,2,13,1,71,3,10,5,1,7,9,1,10,9,13,,27,,2,21,121.4984593,25.1213736
113,3,21,22,11,2,09北投區,北投區大度路2號旁,0,0,2,3,H02,7,5,5,50,14,9,1,5,4,5,13,4,4,1,4,5,2,13,2,36,2,9,5,5,7,20,8,20,10,16,,67,,1,21,121.4984593,25.1213736
113,3,21,22,23,2,09北投區,北投區西安街1段與明德路口,0,0,1,1,C04,8,5,5,50,4,1,1,5,4,5,13,2,1,1,3,5,2,17,1,36,3,10,5,1,7,5,1,10,1,17,,8,,1,21,121.5189802,25.10913406
113,3,21,22,23,2,09北投區,北投區西安街1段與明德路口,0,0,1,2,C03,8,5,5,50,4,1,1,5,4,5,13,2,1,1,3,5,2,17,1,22,2,9,5,1,7,9,1,10,1,17,,44,,1,21,121.5189802,25.10913406
113,3,22,0,25,2,12內湖區,內湖區康樂街111巷與康樂街61巷口,0,0,1,1,B01,7,6,5,30,4,1,1,5,4,5,13,4,4,10,5,5,2,15,1,64,3,10,7,1,7,9,1,5,1,7,,72,,1,21,121.6197914,25.07069403
113,3,22,0,25,2,12內湖區,內湖區康樂街111巷與康樂街61巷口,0,0,1,2,C03,7,6,5,30,4,1,1,5,4,5,13,4,4,10,5,5,2,15,1,42,2,9,6,1,7,9,1,10,1,11,,108,,1,21,121.6197914,25.07069403
113,3,22,2,0,2,02萬華區,萬華區忠孝西路2段與西寧南路口忠孝橋下橋,0,0,2,1,C03,7,5,7,50,4,2,1,5,4,5,13,1,1,1,1,5,2,13,1,21,2,9,5,1,7,9,1,10,1,11,,108,,1,21,121.5073296,25.0485822
113,3,22,2,0,2,02萬華區,萬華區忠孝西路2段與西寧南路口忠孝橋下橋,0,0,2,2,C03,7,5,7,50,4,2,1,5,4,5,13,1,1,1,1,5,2,13,1,21,2,9,5,1,7,14,1,10,1,13,,44,,1,21,121.5073296,25.0485822
113,3,22,6,30,2,12內湖區,內湖區彩虹河濱公園,0,0,1,1,F01,8,6,5,50,14,9,1,5,4,5,13,4,4,9,5,5,2,16,2,29,2,8,4,1,7,5,8,20,1,11,,80,,1,21,121.572405,25.06181078
113,3,22,6,30,2,12內湖區,內湖區彩虹河濱公園,0,0,1,2,F01,8,6,5,50,14,9,1,5,4,5,13,4,4,9,5,5,2,16,1,59,3,10,4,1,7,9,8,20,1,11,,44,,1,21,121.572405,25.06181078
113,3,22,6,48,2,05中正區,中正區中華路2段與中華路2段39巷口,0,0,1,1,B03,8,7,5,50,3,2,1,5,4,5,13,4,4,1,4,5,2,12,2,52,3,10,7,1,7,7,1,8,1,4,,100,,1,22,121.5063303,25.0353298
113,3,22,6,48,2,05中正區,中正區中華路2段與中華路2段39巷口,0,0,1,2,C03,8,7,5,50,3,2,1,5,4,5,13,4,4,1,4,5,2,12,2,65,2,9,6,1,7,9,1,10,1,11,,44,,1,22,121.5063303,25.0353298
113,3,22,6,55,2,07信義區,信義區忠孝東路5段790巷70弄與忠孝東路5段790巷口口,0,0,1,1,B12,8,7,6,30,4,1,1,5,4,5,13,4,4,10,5,5,2,9,1,37,3,10,3,4,7,6,1,8,9,2,,44,,1,21,121.5835847,25.04037007
113,3,22,6,55,2,07信義區,信義區忠孝東路5段790巷70弄與忠孝東路5段790巷口口,0,0,1,2,H01,8,7,6,30,4,1,1,5,4,5,13,4,4,10,5,5,2,9,2,68,2,8,4,5,8,17,8,20,10,16,,67,,1,21,121.5835847,25.04037007
113,3,22,7,17,2,07信義區,信義區吳興街220巷與吳興街220巷11弄口,0,0,1,1,B03,8,5,5,50,3,2,1,5,4,5,13,4,4,5,4,5,2,17,1,43,3,10,7,1,7,9,1,8,1,4,,108,,1,22,121.5628608,25.0274642
113,3,22,7,17,2,07信義區,信義區吳興街220巷與吳興街220巷11弄口,0,0,1,2,F01,8,5,5,50,3,2,1,5,4,5,13,4,4,5,4,5,2,17,2,84,2,7,2,4,7,9,8,20,10,11,,42,,1,22,121.5628608,25.0274642
113,3,22,7,56,2,09北投區,北投區中央北路4段515巷與中央北路4段口,0,0,3,1,C03,8,5,5,50,3,1,1,5,4,5,13,1,1,5,4,5,2,16,2,58,2,9,5,1,7,1,1,10,1,11,,19,,1,21,121.4683564,25.1281743
113,3,22,7,56,2,09北投區,北投區中央北路4段515巷與中央北路4段口,0,0,3,2,C03,8,5,5,50,3,1,1,5,4,5,13,1,1,5,4,5,2,16,1,40,2,9,5,1,7,9,1,10,1,11,,13,,1,21,121.4683564,25.1281743
113,3,22,7,56,2,09北投區,北投區中央北路4段515巷與中央北路4段口,0,0,3,3,C03,8,5,5,50,3,1,1,5,4,5,13,1,1,5,4,5,2,16,1,42,2,9,5,1,7,9,1,10,1,11,,44,,1,21,121.4683564,25.1281743
113,3,22,8,10,2,05中正區,中正區中華路1段公車站牌捷運西門站前,0,0,1,1,C03,8,6,5,50,14,8,1,5,4,5,13,4,4,3,4,3,2,17,1,40,3,10,6,1,7,12,1,10,2,11,,108,,1,21,121.5092113,25.0446764
113,3,22,8,10,2,05中正區,中正區中華路1段公車站牌捷運西門站前,0,0,1,2,C03,8,6,5,50,14,8,1,5,4,5,13,4,4,3,4,3,2,17,1,33,3,10,6,1,7,12,1,10,2,13,,44,,1,21,121.5092113,25.0446764
113,3,22,8,10,2,05中正區,中正區中華路1段公車站牌捷運西門站前,0,0,1,3,C03,8,6,5,50,14,8,1,5,4,5,13,4,4,3,4,3,2,17,2,25,2,9,6,1,7,12,1,10,2,14,,42,,1,21,121.5092113,25.0446764
113,3,22,8,10,2,05中正區,中正區中華路1段公車站牌捷運西門站前,0,0,1,4,C03,8,6,5,50,14,8,1,5,4,5,13,4,4,3,4,3,2,17,1,43,3,10,3,1,7,12,1,10,2,17,,44,,1,21,121.5092113,25.0446764
113,3,22,8,16,2,08士林區,士林區美崙街與基河路口,0,0,1,1,C03,7,6,5,50,14,9,1,5,4,5,13,4,4,9,4,5,1,12,1,59,3,10,3,4,7,1,1,10,1,13,,19,,1,21,121.5188992,25.0955405
113,3,22,8,16,2,08士林區,士林區美崙街與基河路口,0,0,1,2,C03,7,6,5,50,14,9,1,5,4,5,13,4,4,9,4,5,1,12,1,38,2,9,3,4,7,9,1,10,1,11,,108,,1,21,121.5188992,25.0955405
113,3,22,8,25,2,04大安區,大安區市民大道4段100號,0,0,2,1,C04,8,6,5,40,14,9,1,5,4,5,13,4,4,1,4,5,2,17,1,26,2,9,3,4,7,8,1,10,1,12,,100,,1,22,121.5499613,25.0446301
113,3,22,8,25,2,04大安區,大安區市民大道4段100號,0,0,2,2,C03,8,6,5,40,14,9,1,5,4,5,13,4,4,1,4,5,2,17,2,28,2,9,3,4,7,9,1,10,1,15,,44,,1,22,121.5499613,25.0446301
113,3,22,8,35,2,03中山區,中山區民權東路3段與建國北路2段口,0,0,2,1,C03,7,7,5,50,4,2,1,5,4,5,13,2,1,7,4,5,2,13,2,54,2,9,5,4,7,8,3,18,2,11,,100,,1,21,121.5370775,25.06236687
113,3,22,8,35,2,03中山區,中山區民權東路3段與建國北路2段口,0,0,2,2,C03,7,7,5,50,4,2,1,5,4,5,13,2,1,7,4,5,2,13,1,35,2,9,6,4,7,9,1,10,2,13,,44,,1,21,121.5370775,25.06236687
113,3,22,8,36,2,12內湖區,內湖區新湖一路339巷與行善路口,0,0,1,1,B03,8,6,5,50,4,1,1,5,4,5,13,2,1,1,4,5,2,16,2,28,3,10,3,4,7,5,1,8,2,1,,71,,1,22,121.5846528,25.0626994
113,3,22,8,36,2,12內湖區,內湖區新湖一路339巷與行善路口,0,0,1,2,C03,8,6,5,50,4,1,1,5,4,5,13,2,1,1,4,5,2,16,1,47,2,8,6,1,7,9,1,10,2,14,,44,,1,22,121.5846528,25.0626994