發生年度,發生月,發生日,發生時-Hours,發生分,處理別-編號,區序,肇事地點,死亡人數,2-30日死亡人數,受傷人數,當事人序號,車種,天候,道路照明設備,道路類別,速限-速度限制,道路型態,事故位置,路面狀況1,路面狀況2,路面狀況3,道路障礙1,道路障礙2,號誌1,號誌2,車道劃分-分向,車道劃分-分道1,車道劃分-分道2,車道劃分-分道3,事故類型及型態,性別,年齡,受傷程度,主要傷處,保護裝置,行動電話,車輛用途,當事者行動狀態,駕駛資格情形,駕駛執照種類,飲酒情形,車輛撞擊部位1,車輛撞擊部位2,肇因碼-個別,肇因碼-主要,個人肇逃否,職業,座標-X,座標-Y
113,3,22,8,40,2,08士林區,士林區至善路2段與故宮路口,0,0,1,1,F01,8,6,5,50,4,1,1,5,4,5,13,1,1,1,4,5,2,17,1,42,3,10,4,1,7,9,8,20,1,11,,81,,1,22,121.5464086,25.0982235
113,3,22,8,40,2,08士林區,士林區至善路2段與故宮路口,0,0,1,2,C03,8,6,5,50,4,1,1,5,4,5,13,1,1,1,4,5,2,17,2,23,2,8,6,1,7,9,1,10,1,14,,44,,1,22,121.5464086,25.0982235
113,3,22,9,11,2,10文山區,文山區秀明路2段與新光路1段口,0,0,1,1,B03,8,6,5,50,4,1,1,5,4,5,13,1,1,10,5,5,2,15,2,52,3,10,7,1,7,1,1,8,1,1,,19,,1,21,121.573657,24.99170574
113,3,22,9,11,2,10文山區,文山區秀明路2段與新光路1段口,0,0,1,2,C03,8,6,5,50,4,1,1,5,4,5,13,1,1,10,5,5,2,15,2,74,2,9,6,1,7,1,1,10,1,14,,19,,1,21,121.573657,24.99170574
113,3,22,9,22,2,11南港區,南港區忠孝東路7段與昆陽街157巷口,0,0,2,1,C04,8,6,5,50,5,1,1,5,4,5,13,2,1,1,3,4,2,17,1,29,2,1,3,4,7,9,5,10,2,11,,85,,1,21,121.5957611,25.0507429
113,3,22,9,22,2,11南港區,南港區忠孝東路7段與昆陽街157巷口,0,0,2,2,C03,8,6,5,50,5,1,1,5,4,5,13,2,1,1,3,4,2,17,1,69,3,10,3,4,7,9,1,10,2,14,,44,,1,21,121.5957611,25.0507429
113,3,22,9,22,2,11南港區,南港區忠孝東路7段與昆陽街157巷口,0,0,2,3,C04,8,6,5,50,5,1,1,5,4,5,13,2,1,1,3,4,2,17,2,24,2,9,3,4,7,9,1,8,2,14,,44,,1,21,121.5957611,25.0507429
113,3,22,9,25,2,06松山區,松山區敦化北路4巷與南京東路3段256巷口,0,0,1,1,C03,8,6,5,30,4,1,1,5,4,5,13,4,4,10,5,5,1,15,2,67,2,8,5,1,7,9,1,10,1,14,,72,,1,22,121.5446946,25.05020973
113,3,22,9,25,2,06松山區,松山區敦化北路4巷與南京東路3段256巷口,0,0,1,2,B03,8,6,5,30,4,1,1,5,4,5,13,4,4,10,5,5,1,15,1,60,3,10,7,1,7,9,1,8,1,1,,44,,1,22,121.5446946,25.05020973
113,3,22,9,35,2,05中正區,中正區金華街與金華街32巷口,0,0,1,1,B03,8,7,5,50,3,2,1,5,4,5,13,4,4,9,5,5,2,16,1,34,3,10,7,1,7,11,1,8,2,6,,10,,1,22,121.5216785,25.0311538
113,3,22,9,35,2,05中正區,中正區金華街與金華街32巷口,0,0,1,2,C03,8,7,5,50,3,2,1,5,4,5,13,4,4,9,5,5,2,16,1,44,2,1,5,1,7,9,1,10,2,11,,44,,1,22,121.5216785,25.0311538
113,3,22,9,41,2,06松山區,松山區環東大道與堤頂大道口匯流處往南,0,0,1,1,B03,8,5,8,50,22,22,1,5,4,5,13,3,1,1,1,5,2,17,1,63,3,10,7,1,7,7,1,8,2,1,3,44,,1,21,121.5699891,25.05065698
113,3,22,9,41,2,06松山區,松山區環東大道與堤頂大道口匯流處往南,0,0,1,2,B03,8,5,8,50,22,22,1,5,4,5,13,3,1,1,1,5,2,17,2,42,3,10,7,1,7,8,1,8,2,3,,44,,1,21,121.5699891,25.05065698
113,3,22,9,41,2,06松山區,松山區環東大道與堤頂大道口匯流處往南,0,0,1,3,B02,8,5,8,50,22,22,1,5,4,5,13,3,1,1,1,5,2,17,1,36,3,10,7,1,7,8,1,8,2,3,1,44,,1,21,121.5699891,25.05065698
113,3,22,9,41,2,06松山區,松山區環東大道與堤頂大道口匯流處往南,0,0,1,4,B03,8,5,8,50,22,22,1,5,4,5,13,3,1,1,1,5,2,17,1,29,3,10,7,1,7,7,1,8,2,5,,108,,1,21,121.5699891,25.05065698
113,3,22,9,41,2,06松山區,松山區環東大道與堤頂大道口匯流處往南,0,0,1,5,B03,8,5,8,50,22,22,1,5,4,5,13,3,1,1,1,5,2,17,1,53,3,10,7,1,7,8,1,8,2,8,,108,,1,21,121.5699891,25.05065698
113,3,22,9,41,2,06松山區,松山區環東大道與堤頂大道口匯流處往南,0,0,1,6,H02,8,5,8,50,22,22,1,5,4,5,13,3,1,1,1,5,2,17,2,49,2,3,7,5,7,20,8,20,10,16,,67,,1,21,121.5699891,25.05065698
113,3,22,9,43,2,09北投區,北投區西安街2段與立農街1段279巷口,0,0,1,1,B03,7,7,5,50,14,9,1,5,4,5,13,4,4,10,4,5,2,12,1,48,3,10,7,1,7,9,1,8,9,2,,44,,2,21,121.5064878,25.1205831
113,3,22,9,43,2,09北投區,北投區西安街2段與立農街1段279巷口,0,0,1,2,C03,7,7,5,50,14,9,1,5,4,5,13,4,4,10,4,5,2,12,2,66,2,9,6,1,7,7,1,10,9,14,,100,,1,21,121.5064878,25.1205831
113,3,22,9,54,2,10文山區,文山區萬盛街與無名巷口,0,0,2,1,C03,8,6,5,30,3,2,1,5,4,5,13,4,4,9,5,5,2,16,1,33,2,9,6,1,7,5,1,10,2,11,,8,,1,21,121.5392442,25.0074516
113,3,22,9,54,2,10文山區,文山區萬盛街與無名巷口,0,0,2,2,C03,8,6,5,30,3,2,1,5,4,5,13,4,4,9,5,5,2,16,1,23,2,8,6,1,7,5,1,10,2,14,,14,,1,21,121.5392442,25.0074516
113,3,22,10,0,2,12內湖區,內湖區民權東路6段13-16號,0,0,1,1,C03,8,6,5,50,14,9,1,5,4,5,13,4,4,1,4,5,2,16,2,40,2,9,5,1,7,4,1,10,1,14,,108,,1,21,121.5794817,25.06713097
113,3,22,10,0,2,12內湖區,內湖區民權東路6段13-16號,0,0,1,2,B03,8,6,5,50,14,9,1,5,4,5,13,4,4,1,4,5,2,16,1,33,3,10,7,1,7,6,1,8,1,2,,9,,1,21,121.5794817,25.06713097
113,3,22,10,15,2,12內湖區,內湖區潭美街與新明路298巷口,0,0,1,1,B12,7,6,5,40,3,1,1,5,4,5,13,1,1,5,4,5,2,16,1,21,3,10,7,1,7,6,1,8,1,2,,80,,1,21,121.582644,25.0548677
113,3,22,10,15,2,12內湖區,內湖區潭美街與新明路298巷口,0,0,1,2,C03,7,6,5,40,3,1,1,5,4,5,13,1,1,5,4,5,2,16,1,34,2,9,5,1,7,9,1,10,1,14,,108,,1,21,121.582644,25.0548677
113,3,22,10,29,2,03中山區,中山區市民大道2段與新生北路1段62巷口,0,0,2,1,C03,8,7,5,40,4,1,1,5,4,5,13,1,1,1,4,5,2,16,1,58,2,9,5,1,7,8,1,10,1,12,,100,,1,22,121.5304986,25.046225
113,3,22,10,29,2,03中山區,中山區市民大道2段與新生北路1段62巷口,0,0,2,2,C03,8,7,5,40,4,1,1,5,4,5,13,1,1,1,4,5,2,16,1,70,2,9,5,1,7,9,1,10,1,11,,44,,1,22,121.5304986,25.046225
113,3,22,10,30,2,07信義區,信義區富陽街86號,0,0,1,1,C03,8,7,5,50,14,9,1,5,4,5,13,4,4,9,5,5,2,13,1,23,2,8,5,1,7,9,1,10,1,11,,16,,1,22,121.5565407,25.0209598
113,3,22,10,30,2,07信義區,信義區富陽街86號,0,0,1,2,B01,8,7,5,50,14,9,1,5,4,5,13,4,4,9,5,5,2,13,2,38,3,10,7,1,7,14,1,4,1,7,,44,,1,22,121.5565407,25.0209598
113,3,22,11,17,2,02萬華區,萬華區萬大路486巷46弄與萬大路486巷口,0,0,2,1,C03,8,6,5,30,4,1,1,5,4,3,10,4,4,10,5,5,1,15,1,42,2,9,5,1,7,9,1,9,1,12,,75,,1,21,121.4958841,25.02055538
113,3,22,11,17,2,02萬華區,萬華區萬大路486巷46弄與萬大路486巷口,0,0,2,2,C03,8,6,5,30,4,1,1,5,4,3,10,4,4,10,5,5,1,15,2,44,2,7,5,1,7,9,1,21,1,11,,44,,1,21,121.4958841,25.02055538
113,3,22,11,17,2,02萬華區,萬華區萬大路486巷46弄與萬大路486巷口,0,0,2,3,B11,8,6,5,30,4,1,1,5,4,3,10,4,4,10,5,5,1,15,1,34,3,10,7,1,7,13,1,4,1,17,,38,,1,21,121.4958841,25.02055538
113,3,22,12,18,2,05中正區,中正區中山南路與信義路1段口,0,0,2,1,C04,8,5,6,50,5,2,1,5,4,5,13,1,1,8,5,5,2,17,1,26,2,9,5,1,7,5,1,10,1,14,12,96,,1,21,121.5178991,25.0386219
113,3,22,12,18,2,05中正區,中正區中山南路與信義路1段口,0,0,2,3,H02,8,5,6,50,5,2,1,5,4,5,13,1,1,8,5,5,2,17,2,25,2,9,5,5,7,20,8,20,10,16,16,67,,1,21,121.5178991,25.0386219
113,3,22,12,18,2,05中正區,中正區中山南路與信義路1段口,0,0,2,2,B01,8,5,6,50,5,2,1,5,4,5,13,1,1,8,5,5,2,17,1,69,3,10,7,1,7,9,1,4,1,1,1,44,,1,21,121.5178991,25.0386219
113,3,22,12,35,2,05中正區,中正區金山北路南往北三創園區停車場入口,0,0,1,1,B03,8,5,5,50,14,9,1,5,4,5,13,4,4,9,4,5,1,17,1,50,3,10,7,1,7,1,1,8,1,17,,19,,1,21,121.5305596,25.0448415
113,3,22,12,35,2,05中正區,中正區金山北路南往北三創園區停車場入口,0,0,1,2,C03,8,5,5,50,14,9,1,5,4,5,13,4,4,9,4,5,1,17,1,26,2,9,6,1,7,9,1,10,1,14,,44,,1,21,121.5305596,25.0448415
113,3,22,12,40,2,08士林區,士林區至善路2段與故宮路口,0,0,2,1,C03,8,5,5,50,4,1,1,5,4,5,13,2,1,1,2,5,2,16,2,20,2,9,6,1,7,9,1,10,2,14,,86,,1,21,121.5465471,25.0980156
113,3,22,12,40,2,08士林區,士林區至善路2段與故宮路口,0,0,2,2,B03,8,5,5,50,4,1,1,5,4,5,13,2,1,1,2,5,2,16,1,41,3,10,7,1,7,6,1,8,2,5,,44,,1,21,121.5465471,25.0980156
113,3,22,12,40,2,08士林區,士林區至善路2段與故宮路口,0,0,2,3,H02,8,5,5,50,4,1,1,5,4,5,13,2,1,1,2,5,2,16,2,21,2,9,6,5,7,20,8,20,10,16,,67,,1,21,121.5465471,25.0980156
113,3,22,13,0,2,02萬華區,萬華區環河南路2段250巷與環河南路2段250巷56弄口,0,0,1,1,B01,8,6,5,30,3,1,1,5,4,5,13,4,4,10,5,5,2,16,1,28,3,10,7,1,7,5,1,4,1,4,,72,,1,21,121.4905015,25.03389615
113,3,22,13,0,2,02萬華區,萬華區環河南路2段250巷與環河南路2段250巷56弄口,0,0,1,2,C03,8,6,5,30,3,1,1,5,4,5,13,4,4,10,5,5,2,16,2,24,2,9,6,1,7,9,1,10,1,11,,14,,1,21,121.4905015,25.03389615
113,3,22,13,4,2,09北投區,北投區承德路7段與石牌路1段口,0,0,3,1,C03,8,6,4,50,4,1,1,5,4,5,13,2,1,1,4,5,2,11,1,18,2,7,5,1,7,9,1,10,1,14,,42,,1,21,121.509139,25.11233924
113,3,22,13,4,2,09北投區,北投區承德路7段與石牌路1段口,0,0,3,2,C03,8,6,4,50,4,1,1,5,4,5,13,2,1,1,4,5,2,11,2,30,2,8,5,1,7,9,1,10,1,12,,44,,1,21,121.509139,25.11233924
113,3,22,13,4,2,09北投區,北投區承德路7段與石牌路1段口,0,0,3,3,H02,8,6,4,50,4,1,1,5,4,5,13,2,1,1,4,5,2,11,2,18,2,8,5,5,7,20,8,20,10,16,,67,,1,21,121.509139,25.11233924
113,3,22,13,10,2,02萬華區,萬華區青年路186號,0,0,1,1,B12,8,5,5,50,14,9,1,5,4,5,13,4,4,5,4,5,2,17,1,48,3,10,7,4,7,5,1,8,1,8,,42,,1,21,121.5039339,25.02020946
113,3,22,13,10,2,02萬華區,萬華區青年路186號,0,0,1,2,C03,8,5,5,50,14,9,1,5,4,5,13,4,4,5,4,5,2,17,1,58,2,9,6,4,7,9,1,10,1,12,,44,,1,21,121.5039339,25.02020946
113,3,22,13,32,2,03中山區,中山區南京東路2段與南京東路2段21巷口,0,0,2,1,F01,8,5,5,0,3,2,1,5,4,5,13,4,4,3,4,4,2,17,2,64,2,9,3,4,7,6,8,20,1,11,,108,,1,21,121.5287908,25.05223577
113,3,22,13,32,2,03中山區,中山區南京東路2段與南京東路2段21巷口,0,0,2,2,F01,8,5,5,0,3,2,1,5,4,5,13,4,4,3,4,4,2,17,2,52,2,9,3,4,7,9,8,20,1,11,,108,,1,21,121.5287908,25.05223577
113,3,22,13,47,2,04大安區,大安區辛亥路2段與建國南路2段口,0,0,1,1,C03,8,6,5,40,3,1,1,5,4,5,13,1,1,1,4,4,2,12,2,47,2,9,3,4,7,9,1,10,2,14,,118,,1,21,121.538143,25.0225513
113,3,22,13,47,2,04大安區,大安區辛亥路2段與建國南路2段口,0,0,1,2,C03,8,6,5,40,3,1,1,5,4,5,13,1,1,1,4,4,2,12,1,27,3,10,3,4,7,9,1,10,2,14,,118,,1,21,121.538143,25.0225513
113,3,22,13,55,2,02萬華區,萬華區桂林路246巷與和平西路3段口,0,0,1,1,C03,8,6,5,40,3,1,1,5,4,5,13,1,1,10,5,5,1,12,2,38,2,8,5,1,7,12,1,10,1,14,,16,,1,21,121.4908478,25.0355957
113,3,22,13,55,2,02萬華區,萬華區桂林路246巷與和平西路3段口,0,0,1,2,C03,8,6,5,40,3,1,1,5,4,5,13,1,1,10,5,5,1,12,2,30,3,10,5,1,7,14,1,10,1,12,,44,,1,21,121.4908478,25.0355957
113,3,22,13,59,2,04大安區,大安區敦化南路1段246號,0,0,1,1,B03,8,6,5,50,14,7,1,5,4,5,13,4,4,4,1,1,2,12,1,45,3,10,7,1,7,12,1,8,1,1,,16,,1,21,121.5488429,25.03965487
113,3,22,13,59,2,04大安區,大安區敦化南路1段246號,0,0,1,2,B01,8,6,5,50,14,7,1,5,4,5,13,4,4,4,1,1,2,12,1,57,3,10,7,1,7,12,1,4,1,3,,44,,1,21,121.5488429,25.03965487
113,3,22,13,59,2,04大安區,大安區敦化南路1段246號,0,0,1,3,B01,8,6,5,50,14,7,1,5,4,5,13,4,4,4,1,1,2,12,1,60,3,10,7,1,7,12,1,4,1,3,,44,,1,21,121.5488429,25.03965487
113,3,22,13,59,2,04大安區,大安區敦化南路1段246號,0,0,1,4,B01,8,6,5,50,14,7,1,5,4,5,13,4,4,4,1,1,2,12,1,56,3,10,7,1,7,12,1,4,1,3,,44,,1,21,121.5488429,25.03965487
113,3,22,13,59,2,04大安區,大安區敦化南路1段246號,0,0,1,5,H02,8,6,5,50,14,7,1,5,4,5,13,4,4,4,1,1,2,12,2,45,2,1,3,5,7,20,8,20,10,16,,67,,1,21,121.5488429,25.03965487
113,3,22,13,59,2,11南港區,南港區南港路1段與南港路1段277巷口口,0,0,1,1,B03,8,6,5,50,3,2,1,5,4,5,13,2,1,5,4,5,2,16,1,43,3,10,7,1,7,7,1,8,2,4,,100,,1,21,121.6091968,25.0547097
113,3,22,13,59,2,11南港區,南港區南港路1段與南港路1段277巷口口,0,0,1,2,C03,8,6,5,50,3,2,1,5,4,5,13,2,1,5,4,5,2,16,1,57,2,9,6,1,7,9,1,10,2,11,,44,,1,21,121.6091968,25.0547097
113,3,22,14,15,2,10文山區,文山區木柵路1段與木柵路1段58巷口,0,0,2,1,C03,8,6,5,50,14,9,1,5,4,5,13,1,1,5,4,5,2,13,1,24,2,8,6,1,7,9,1,10,1,12,,42,,1,21,121.5472552,24.98692907
113,3,22,14,15,2,10文山區,文山區木柵路1段與木柵路1段58巷口,0,0,2,2,C03,8,6,5,50,14,9,1,5,4,5,13,1,1,5,4,5,2,13,2,40,2,8,6,1,7,12,1,10,1,12,,42,,1,21,121.5472552,24.98692907
113,3,22,14,41,2,04大安區,大安區仁愛路4段300巷17弄3號,0,0,1,1,C03,8,7,5,30,14,9,1,5,4,5,13,4,4,10,5,5,2,17,2,25,2,9,3,4,7,1,1,10,1,12,,19,,1,21,121.5550255,25.036601
113,3,22,14,41,2,04大安區,大安區仁愛路4段300巷17弄3號,0,0,1,2,B03,8,7,5,30,14,9,1,5,4,5,13,4,4,10,5,5,2,17,1,59,3,10,3,4,7,9,1,8,1,4,,44,,1,21,121.5550255,25.036601
113,3,22,14,57,2,12內湖區,內湖區康寧路3段與東湖路口,0,0,1,1,B03,8,6,5,50,3,1,1,5,4,5,13,2,1,1,4,4,2,16,1,57,3,10,3,4,7,1,1,8,2,1,,19,,1,22,121.612081,25.0689085
113,3,22,14,57,2,12內湖區,內湖區康寧路3段與東湖路口,0,0,1,2,C03,8,6,5,50,3,1,1,5,4,5,13,2,1,1,4,4,2,16,1,53,2,9,6,1,7,7,1,10,2,13,,100,,1,22,121.612081,25.0689085
113,3,22,14,59,2,02萬華區,萬華區民和街與民和街81巷口,0,0,1,1,C03,7,6,5,30,4,1,1,5,4,5,13,4,4,9,5,5,2,15,1,18,2,9,6,1,7,9,1,10,1,14,,80,,1,21,121.4979708,25.0255791
113,3,22,14,59,2,02萬華區,萬華區民和街與民和街81巷口,0,0,1,2,B13,7,6,5,30,4,1,1,5,4,5,13,4,4,9,5,5,2,15,1,52,3,10,7,1,7,9,1,1,2,5,,13,,1,21,121.4979708,25.0255791
113,3,22,14,59,2,07信義區,信義區莊敬路423巷8弄與松仁路口,0,0,1,1,B03,8,5,5,30,4,1,1,5,4,5,13,2,1,9,4,5,2,3,1,58,3,10,3,4,7,5,1,8,2,5,,70,,1,21,121.5683925,25.028577
113,3,22,14,59,2,07信義區,信義區莊敬路423巷8弄與松仁路口,0,0,1,2,H01,8,5,5,30,4,1,1,5,4,5,13,2,1,9,4,5,2,3,1,51,2,9,4,5,8,16,8,20,10,16,,67,,1,21,121.5683925,25.028577
113,3,22,15,28,2,12內湖區,內湖區安美街121號,0,0,1,1,B12,7,5,5,30,14,9,1,5,4,5,13,4,4,10,5,5,2,17,2,36,3,10,7,1,7,1,1,8,2,1,,19,,1,21,121.598642,25.05994616
113,3,22,15,28,2,12內湖區,內湖區安美街121號,0,0,1,2,C03,7,5,5,30,14,9,1,5,4,5,13,4,4,10,5,5,2,17,1,47,2,7,5,1,7,9,1,10,2,12,,44,,1,21,121.598642,25.05994616
113,3,22,15,46,2,09北投區,北投區石牌路2段與石牌路2段99巷口,0,0,2,1,B01,8,6,5,50,3,2,1,5,4,5,13,3,1,5,4,5,2,12,1,49,3,10,7,1,7,8,1,4,2,6,,44,,1,21,121.5168085,25.11770215
113,3,22,15,46,2,09北投區,北投區石牌路2段與石牌路2段99巷口,0,0,2,2,C03,8,6,5,50,3,2,1,5,4,5,13,3,1,5,4,5,2,12,1,62,2,9,5,1,7,9,1,10,2,14,,44,,1,21,121.5168085,25.11770215
113,3,22,15,46,2,09北投區,北投區石牌路2段與石牌路2段99巷口,0,0,2,3,H02,8,6,5,50,3,2,1,5,4,5,13,3,1,5,4,5,2,12,2,58,2,9,5,5,7,20,8,20,10,16,,67,,1,21,121.5168085,25.11770215
113,3,22,15,54,2,04大安區,大安區羅斯福路3段245號,0,0,1,1,C03,8,7,5,50,14,9,1,5,4,5,13,4,4,8,3,5,2,11,1,21,2,9,3,4,7,10,1,10,1,14,,100,,1,21,121.5301463,25.0189206
113,3,22,15,54,2,04大安區,大安區羅斯福路3段245號,0,0,1,2,B12,8,7,5,50,14,9,1,5,4,5,13,4,4,8,3,5,2,11,1,30,3,10,3,4,7,9,1,8,1,15,,44,,1,21,121.5301463,25.0189206
113,3,22,16,20,2,04大安區,大安區金山南路2段與金華街口口,0,0,1,1,B01,8,6,8,50,4,1,1,5,4,5,13,2,1,1,4,5,2,16,1,63,3,10,3,4,7,8,1,4,1,6,,100,,1,22,121.5269983,25.0300403
113,3,22,16,20,2,04大安區,大安區金山南路2段與金華街口口,0,0,1,2,C03,8,6,8,50,4,1,1,5,4,5,13,2,1,1,4,5,2,16,1,26,2,7,3,4,7,9,1,10,1,17,,44,,1,22,121.5269983,25.0300403
113,3,22,16,25,2,03中山區,中山區中山橋往北上坡處,0,0,1,1,B03,7,7,5,40,8,9,1,5,4,5,13,4,4,1,4,5,2,12,2,40,3,10,7,4,7,7,1,8,9,2,,100,,2,21,121.5244813,25.07368091
113,3,22,16,25,2,03中山區,中山區中山橋往北上坡處,0,0,1,2,C03,7,7,5,40,8,9,1,5,4,5,13,4,4,1,4,5,2,12,1,21,2,9,6,4,7,9,1,10,1,14,,13,,1,21,121.5244813,25.07368091
113,3,22,17,4,2,12內湖區,內湖區新湖二路259巷與行愛路77巷口,0,0,1,1,C03,8,6,5,50,4,1,1,5,4,5,13,4,4,5,5,5,2,15,2,49,2,9,5,4,7,9,1,10,2,11,,72,,1,22,121.5823626,25.0632821
113,3,22,17,4,2,12內湖區,內湖區新湖二路259巷與行愛路77巷口,0,0,1,2,B03,8,6,5,50,4,1,1,5,4,5,13,4,4,5,5,5,2,15,1,38,3,10,3,4,7,9,1,8,2,4,,108,,1,22,121.5823626,25.0632821
113,3,22,17,20,2,03中山區,中山區民族東路55號,0,0,1,1,B03,8,6,5,50,14,9,1,5,4,5,13,4,4,1,4,5,2,11,1,42,3,10,7,1,7,6,1,8,2,2,,9,,1,22,121.5343811,25.0683257
113,3,22,17,20,2,03中山區,中山區民族東路55號,0,0,1,2,C03,8,6,5,50,14,9,1,5,4,5,13,4,4,1,4,5,2,11,2,39,2,9,5,1,7,9,1,10,2,11,,44,,1,21,121.5343811,25.0683257
113,3,22,17,28,2,10文山區,文山區新光路2段動物園公務門,0,0,3,1,C03,8,6,5,50,14,9,1,5,4,5,13,1,1,1,4,5,1,16,1,36,2,8,6,1,7,1,1,10,1,11,,19,,1,21,121.5829751,24.99998349
113,3,22,17,28,2,10文山區,文山區新光路2段動物園公務門,0,0,3,2,C03,8,6,5,50,14,9,1,5,4,5,13,1,1,1,4,5,1,16,1,22,2,8,6,1,7,9,1,10,1,12,,44,,1,21,121.5829751,24.99998349
113,3,22,17,28,2,10文山區,文山區新光路2段動物園公務門,0,0,3,3,H02,8,6,5,50,14,9,1,5,4,5,13,1,1,1,4,5,1,16,2,20,2,8,6,5,7,21,8,20,10,16,,67,,1,25,121.5829751,24.99998349
113,3,22,17,35,2,05中正區,中正區重慶南路2段與南海路口,0,0,1,1,C03,7,6,5,50,4,1,1,5,4,5,13,2,1,1,4,5,1,16,1,44,4,11,5,1,7,6,7,19,11,12,,9,,2,21,121.5143261,25.03194434
113,3,22,17,35,2,05中正區,中正區重慶南路2段與南海路口,0,0,1,2,C03,7,6,5,50,4,1,1,5,4,5,13,2,1,1,4,5,1,16,2,23,2,9,5,1,7,9,1,10,9,14,,108,,1,21,121.5143261,25.03194434
113,3,22,18,26,2,07信義區,信義區基隆路1段11號,0,0,1,1,C03,8,5,5,50,14,9,1,5,4,5,13,4,4,1,3,5,2,17,1,52,3,10,6,1,7,9,1,10,1,17,,44,,1,21,121.5692092,25.0487975
113,3,22,18,26,2,07信義區,信義區基隆路1段11號,0,0,1,2,C03,8,5,5,50,14,9,1,5,4,5,13,4,4,1,3,5,2,17,2,39,2,9,6,1,7,8,1,10,1,12,,100,,1,21,121.5692092,25.0487975
113,3,22,18,35,2,08士林區,士林區中正路104巷2弄與中山北路5段698巷口,0,0,1,1,C03,8,5,5,30,3,1,1,5,4,5,13,4,4,10,5,5,2,17,1,55,3,10,3,4,7,5,1,10,1,11,,72,,1,22,121.5291543,25.09726872
113,3,22,18,35,2,08士林區,士林區中正路104巷2弄與中山北路5段698巷口,0,0,1,2,C04,8,5,5,30,3,1,1,5,4,5,13,4,4,10,5,5,2,17,2,62,2,7,3,4,7,9,1,21,1,11,,108,,1,22,121.5291543,25.09726872
113,3,22,18,39,2,08士林區,士林區中山北路7段141巷圓環,0,0,1,2,B03,8,5,5,50,18,9,1,5,4,5,13,4,4,5,5,5,1,16,1,74,3,10,7,1,7,9,1,8,1,5,,44,,1,21,121.5295396,25.1231265
113,3,22,18,39,2,08士林區,士林區中山北路7段141巷圓環,0,0,1,3,H02,8,5,5,50,18,9,1,5,4,5,13,4,4,5,5,5,1,16,2,45,2,9,7,5,7,17,8,20,10,16,,67,,1,21,121.5295396,25.1231265
113,3,22,18,39,2,08士林區,士林區中山北路7段141巷圓環,0,0,1,1,B03,8,5,5,50,18,9,1,5,4,5,13,4,4,5,5,5,1,16,1,68,3,10,7,1,7,6,1,8,1,8,,78,,1,21,121.5295396,25.1231265
113,3,22,18,42,2,06松山區,松山區民權大橋西往東(第5支燈桿處),0,0,2,1,C03,8,5,5,30,14,11,1,5,4,5,13,4,4,9,4,5,2,17,2,62,2,9,6,1,7,9,1,10,2,15,,108,,1,22,121.568534,25.06376361
113,3,22,18,42,2,06松山區,松山區民權大橋西往東(第5支燈桿處),0,0,2,2,C03,8,5,5,30,14,11,1,5,4,5,13,4,4,9,4,5,2,17,2,54,2,8,6,1,7,9,1,10,2,15,,44,,1,22,121.568534,25.06376361
113,3,22,19,1,2,10文山區,文山區辛亥路4段與辛亥路4段222巷口口,0,0,1,1,C03,8,5,5,50,3,1,1,5,4,5,13,2,1,1,4,5,2,12,2,25,2,8,6,1,7,9,1,10,1,11,,16,,1,21,121.5553507,25.0021288
113,3,22,19,1,2,10文山區,文山區辛亥路4段與辛亥路4段222巷口口,0,0,1,2,C03,8,5,5,50,3,1,1,5,4,5,13,2,1,1,4,5,2,12,1,46,3,10,6,1,7,8,1,10,1,13,,100,,1,21,121.5553507,25.0021288
113,3,22,19,7,2,06松山區,松山區長春路與復興北路141巷6弄口,0,0,2,1,C03,7,5,5,50,4,1,1,5,4,5,13,4,4,9,4,5,2,13,1,55,2,9,5,1,7,9,1,10,1,11,,16,,1,21,121.5448283,25.0545122
113,3,22,19,7,2,06松山區,松山區長春路與復興北路141巷6弄口,0,0,2,2,C03,7,5,5,50,4,1,1,5,4,5,13,4,4,9,4,5,2,13,1,43,3,10,5,1,7,9,1,10,1,13,,44,,1,21,121.5448283,25.0545122
113,3,22,19,7,2,06松山區,松山區長春路與復興北路141巷6弄口,0,0,2,3,H02,7,5,5,50,4,1,1,5,4,5,13,4,4,9,4,5,2,13,2,41,2,9,5,5,7,17,8,20,10,16,,67,,1,21,121.5448283,25.0545122
113,3,22,19,13,2,01大同區,大同區台北橋機慢車道282528燈桿,0,0,1,1,C03,8,5,5,50,8,11,1,5,4,5,13,4,4,1,5,5,2,12,2,18,2,9,6,1,7,9,1,10,2,12,,44,,1,21,121.5076104,25.0637289
113,3,22,19,13,2,01大同區,大同區台北橋機慢車道282528燈桿,0,0,1,2,C03,8,5,5,50,8,11,1,5,4,5,13,4,4,1,5,5,2,12,1,25,3,10,6,1,7,9,1,10,2,14,,44,,1,21,121.5076104,25.0637289
113,3,22,19,40,2,12內湖區,內湖區潭美街東往西(0307199路燈桿處),0,0,2,1,C03,8,5,5,40,14,9,1,5,4,5,13,4,4,5,4,5,2,11,2,23,2,9,6,1,7,4,1,10,1,11,,17,,1,21,121.5921048,25.06029607
113,3,22,19,40,2,12內湖區,內湖區潭美街東往西(0307199路燈桿處),0,0,2,2,C03,8,5,5,40,14,9,1,5,4,5,13,4,4,5,4,5,2,11,1,54,2,9,5,1,7,9,1,1,1,14,,44,,1,21,121.5921048,25.06029607