發生年度,發生月,發生日,發生時-Hours,發生分,處理別-編號,區序,肇事地點,死亡人數,2-30日死亡人數,受傷人數,當事人序號,車種,天候,道路照明設備,道路類別,速限-速度限制,道路型態,事故位置,路面狀況1,路面狀況2,路面狀況3,道路障礙1,道路障礙2,號誌1,號誌2,車道劃分-分向,車道劃分-分道1,車道劃分-分道2,車道劃分-分道3,事故類型及型態,性別,年齡,受傷程度,主要傷處,保護裝置,行動電話,車輛用途,當事者行動狀態,駕駛資格情形,駕駛執照種類,飲酒情形,車輛撞擊部位1,車輛撞擊部位2,肇因碼-個別,肇因碼-主要,個人肇逃否,職業,座標-X,座標-Y
113,3,22,19,40,2,12內湖區,內湖區潭美街東往西(0307199路燈桿處),0,0,2,3,B03,8,5,5,40,14,9,1,5,4,5,13,4,4,5,4,5,2,11,2,45,3,10,7,1,7,14,1,8,1,8,,44,,1,21,121.5921048,25.06029607
113,3,22,20,35,2,12內湖區,內湖區瑞光路與瑞光路478巷口,0,0,1,1,B03,8,5,5,50,4,1,1,5,4,5,13,1,1,5,4,5,2,16,1,44,3,10,7,1,7,5,1,8,2,5,,71,,1,21,121.5694814,25.078863
113,3,22,20,35,2,12內湖區,內湖區瑞光路與瑞光路478巷口,0,0,1,2,C03,8,5,5,50,4,1,1,5,4,5,13,1,1,5,4,5,2,16,1,27,2,9,6,4,7,21,1,10,9,15,,107,,1,21,121.5694814,25.078863
113,3,22,20,48,2,12內湖區,內湖區堤頂大道2段與基湖路口,0,0,1,1,C02,8,5,5,50,14,5,1,5,4,5,13,1,1,1,5,5,2,23,1,60,2,9,6,1,7,7,1,9,2,12,,108,,1,21,121.5641049,25.07908187
113,3,22,20,48,2,12內湖區,內湖區堤頂大道2段與基湖路口,0,0,1,2,,8,5,5,50,14,5,1,5,4,5,13,1,1,1,5,5,2,23,3,0,,,,,,,,,,,,67,,1,,121.5641049,25.07908187
113,3,22,20,48,2,12內湖區,內湖區堤頂大道2段與基湖路口,0,0,1,3,B03,8,5,5,50,14,5,1,5,4,5,13,1,1,1,5,5,2,23,1,33,3,10,7,1,7,13,1,8,11,4,,44,,1,21,121.5641049,25.07908187
113,3,22,21,13,2,05中正區,中正區南昌路2段232號,0,0,1,1,B03,8,5,8,50,22,22,1,5,4,5,13,1,1,1,4,5,2,12,1,64,3,10,7,4,7,7,1,8,1,4,,101,,1,21,121.5247534,25.0237637
113,3,22,21,13,2,05中正區,中正區南昌路2段232號,0,0,1,2,F03,8,5,8,50,22,22,1,5,4,5,13,1,1,1,4,5,2,12,2,28,2,9,4,4,7,9,8,20,1,12,,44,,1,21,121.5247534,25.0237637
113,3,22,21,17,2,09北投區,北投區裕民一路與裕民二路口,0,0,2,1,C03,7,5,5,50,3,2,1,5,4,5,13,4,4,5,5,5,2,17,2,43,2,9,5,1,7,5,1,10,1,11,,74,,1,21,121.5170663,25.1166077
113,3,22,21,17,2,09北投區,北投區裕民一路與裕民二路口,0,0,2,2,C03,7,5,5,50,3,2,1,5,4,5,13,4,4,5,5,5,2,17,2,48,2,9,5,1,7,9,1,10,1,11,,44,,1,21,121.5170663,25.1166077
113,3,22,21,33,2,06松山區,松山區吉祥路35號,0,0,1,1,C03,8,5,5,30,14,9,1,5,4,5,13,4,4,9,4,4,2,3,1,47,3,10,6,1,7,9,1,10,2,11,,70,,1,21,121.5625331,25.04986347
113,3,22,21,33,2,06松山區,松山區吉祥路35號,0,0,1,2,H01,8,5,5,30,14,9,1,5,4,5,13,4,4,9,4,4,2,3,2,48,2,9,4,5,8,16,8,20,10,16,,67,,1,21,121.5625331,25.04986347
113,3,22,21,42,2,12內湖區,內湖區潭美街495號,0,0,1,1,C03,8,5,5,40,4,1,1,5,4,5,13,2,1,5,5,5,2,12,1,54,4,11,5,4,7,5,1,10,11,14,,17,,2,21,121.5971853,25.06036454
113,3,22,21,42,2,12內湖區,內湖區潭美街495號,0,0,1,2,C03,8,5,5,40,4,1,1,5,4,5,13,2,1,5,5,5,2,12,2,21,2,8,6,1,7,9,1,10,2,12,,42,,1,21,121.5971853,25.06036454
113,3,22,22,10,2,03中山區,中山區林森北路與錦州街口,0,0,1,1,B01,8,5,5,50,4,1,1,5,4,5,13,1,1,9,4,5,2,16,1,61,3,10,3,4,7,5,1,6,1,2,,8,,1,21,121.5249657,25.0601437
113,3,22,22,10,2,03中山區,中山區林森北路與錦州街口,0,0,1,3,H02,8,5,5,50,4,1,1,5,4,5,13,1,1,9,4,5,2,16,2,28,2,7,3,5,7,21,8,20,10,16,,67,,1,21,121.5249657,25.0601437
113,3,22,22,10,2,03中山區,中山區林森北路與錦州街口,0,0,1,2,B03,8,5,5,50,4,1,1,5,4,5,13,1,1,9,4,5,2,16,1,46,3,10,3,4,7,9,1,8,1,1,,44,,1,21,121.5249657,25.0601437
113,3,22,22,17,2,05中正區,中正區杭州南路1段與青島東路口,0,0,2,1,B03,7,5,5,50,3,1,1,5,4,5,13,1,1,9,4,1,2,16,1,32,3,10,7,1,7,5,1,8,2,4,,8,,1,21,121.5264767,25.04275093
113,3,22,22,17,2,05中正區,中正區杭州南路1段與青島東路口,0,0,2,2,C03,7,5,5,50,3,1,1,5,4,5,13,1,1,9,4,1,2,16,1,25,2,9,5,1,7,9,1,10,2,11,,44,,1,21,121.5264767,25.04275093
113,3,22,22,17,2,05中正區,中正區杭州南路1段與青島東路口,0,0,2,3,H02,7,5,5,50,3,1,1,5,4,5,13,1,1,9,4,1,2,16,2,23,2,9,5,5,7,20,8,20,10,16,,67,,1,21,121.5264767,25.04275093
113,3,22,22,31,2,05中正區,中正區延平南路與延平南路171巷口,0,0,2,1,C03,7,5,5,50,4,2,1,5,4,5,13,4,4,5,5,5,2,3,2,25,2,9,5,1,7,9,1,10,2,11,,70,,1,22,121.507566,25.034864
113,3,22,22,31,2,05中正區,中正區延平南路與延平南路171巷口,0,0,2,2,H01,7,5,5,50,4,2,1,5,4,5,13,4,4,5,5,5,2,3,1,19,2,9,4,5,8,18,8,20,10,16,,67,,1,22,121.507566,25.034864
113,3,22,22,31,2,05中正區,中正區延平南路與延平南路171巷口,0,0,2,3,C03,7,5,5,50,4,2,1,5,4,5,13,4,4,5,5,5,2,3,2,23,3,10,5,1,7,9,1,10,2,11,,16,,1,22,121.507566,25.034864
113,3,22,22,41,2,03中山區,中山區南京東路2段155巷與松江路133巷口,0,0,1,1,B03,8,5,5,30,4,1,1,5,4,5,13,4,4,10,5,5,2,16,1,21,3,10,7,1,7,9,1,8,1,1,,72,,1,22,121.5340031,25.0543613
113,3,22,22,41,2,03中山區,中山區南京東路2段155巷與松江路133巷口,0,0,1,2,C03,8,5,5,30,4,1,1,5,4,5,13,4,4,10,5,5,2,16,2,41,2,9,6,1,7,9,1,10,1,12,,44,,1,22,121.5340031,25.0543613
113,3,22,22,45,2,01大同區,大同區鄭州路與塔城街口,0,0,1,2,C03,8,5,5,40,4,1,1,5,4,5,13,1,1,1,4,5,2,17,1,76,2,9,6,1,7,9,1,10,1,11,,44,,1,21,121.5110254,25.0503131
113,3,22,22,45,2,01大同區,大同區鄭州路與塔城街口,0,0,1,1,C03,8,5,5,40,4,1,1,5,4,5,13,1,1,1,4,5,2,17,1,38,4,11,3,4,7,15,1,10,11,12,,101,,2,21,121.5110254,25.0503131
113,3,22,22,48,2,08士林區,士林區重慶北路4段19-1號,0,0,1,1,C03,8,5,8,50,22,22,1,5,3,1,11,4,4,1,4,5,1,29,1,21,2,9,5,1,7,15,1,10,1,17,,108,,1,21,121.5132517,25.0804377
113,3,22,22,48,2,08士林區,士林區重慶北路4段19-1號,0,0,1,2,,8,5,8,50,22,22,1,5,3,1,11,4,4,1,4,5,1,29,3,30,,,,,,,,,,,,67,,1,,121.5132517,25.0804377
113,3,22,22,50,2,08士林區,士林區承德路4段62號,0,0,2,1,B01,7,5,5,50,14,8,1,5,4,5,13,4,4,1,4,4,1,17,1,65,3,10,7,1,7,8,1,4,2,17,,100,,1,21,121.5228227,25.08167224
113,3,22,22,50,2,08士林區,士林區承德路4段62號,0,0,2,2,C03,7,5,5,50,14,8,1,5,4,5,13,4,4,1,4,4,1,17,1,23,2,9,5,1,7,9,1,10,2,12,,13,,1,21,121.5228227,25.08167224
113,3,22,22,50,2,08士林區,士林區承德路4段62號,0,0,2,3,H02,7,5,5,50,14,8,1,5,4,5,13,4,4,1,4,4,1,17,1,23,2,9,5,5,7,20,8,20,10,16,,60,,1,21,121.5228227,25.08167224
113,3,22,23,0,2,05中正區,中正區重慶南路2段與愛國西路口,0,0,1,1,C03,8,5,5,40,4,1,1,5,4,5,13,1,1,1,4,1,2,16,1,27,3,10,5,4,7,6,1,10,1,13,,44,,1,21,121.5125027,25.0350264
113,3,22,23,0,2,05中正區,中正區重慶南路2段與愛國西路口,0,0,1,2,C03,8,5,5,40,4,1,1,5,4,5,13,1,1,1,4,1,2,16,1,69,2,9,5,4,7,9,1,10,1,11,,44,,1,21,121.5125027,25.0350264
113,3,22,23,13,2,04大安區,大安區忠孝東路4段216巷與仁愛路4段345巷4弄口口,0,0,1,1,C03,8,5,5,30,4,1,1,5,4,5,13,4,4,5,5,5,2,17,1,48,3,10,5,1,7,9,1,10,1,17,,14,,1,22,121.5529748,25.0389586
113,3,22,23,13,2,04大安區,大安區忠孝東路4段216巷與仁愛路4段345巷4弄口口,0,0,1,2,C03,8,5,5,30,4,1,1,5,4,5,13,4,4,5,5,5,2,17,2,30,2,7,5,1,7,9,1,10,1,12,,75,,1,22,121.5529748,25.0389586
113,3,22,23,24,2,09北投區,北投區陽金公路燈桿1207707,0,0,1,1,B02,7,5,8,40,11,9,1,5,4,5,13,4,4,5,2,5,1,11,1,40,3,10,7,1,7,11,1,8,2,1,,4,,1,21,121.5478592,25.154104
113,3,22,23,24,2,09北投區,北投區陽金公路燈桿1207707,0,0,1,2,C03,7,5,8,40,11,9,1,5,4,5,13,4,4,5,2,5,1,11,2,24,2,9,6,1,7,15,1,10,2,11,,44,,1,21,121.5478592,25.154104
113,3,22,23,30,2,08士林區,士林區通河西街1段與重慶北路4段口,0,0,1,1,C03,7,5,5,40,3,1,1,5,4,5,13,2,1,9,4,5,1,17,1,20,2,9,5,1,7,9,1,10,2,12,,81,,1,21,121.5119275,25.08771771
113,3,22,23,30,2,08士林區,士林區通河西街1段與重慶北路4段口,0,0,1,2,B03,7,5,5,40,3,1,1,5,4,5,13,2,1,9,4,5,1,17,1,39,3,10,7,1,7,5,1,8,2,5,,44,,1,21,121.5119275,25.08771771
113,3,23,1,25,2,03中山區,中山區建國北路1段與朱崙街口,0,0,1,1,B01,8,5,5,50,14,8,1,5,4,5,13,4,4,1,4,4,2,12,1,66,3,10,3,4,7,7,1,4,1,4,,100,,1,21,121.5375857,25.0489027
113,3,23,1,25,2,03中山區,中山區建國北路1段與朱崙街口,0,0,1,2,C03,8,5,5,50,14,8,1,5,4,5,13,4,4,1,4,4,2,12,2,47,2,9,3,4,7,8,1,10,1,12,,100,,1,21,121.5375857,25.0489027
113,3,23,7,15,2,03中山區,中山區大直街與大直街62巷口,0,0,1,1,C03,8,5,5,50,14,9,1,5,4,5,13,2,1,5,5,5,2,15,2,47,2,9,5,1,7,9,1,10,1,14,,81,,1,21,121.5463875,25.0828971
113,3,23,7,15,2,03中山區,中山區大直街與大直街62巷口,0,0,1,2,B03,8,5,5,50,14,9,1,5,4,5,13,2,1,5,5,5,2,15,2,28,3,10,7,1,7,9,1,6,1,1,,44,,1,21,121.5463875,25.0828971
113,3,23,8,30,2,08士林區,士林區中山北路6段35巷與福國路口,0,0,2,1,C03,8,6,5,50,4,1,1,5,4,5,13,2,1,10,4,5,2,17,1,73,2,8,3,4,7,9,1,10,1,14,,44,,1,21,121.5246542,25.1023032
113,3,23,8,30,2,08士林區,士林區中山北路6段35巷與福國路口,0,0,2,2,B03,8,6,5,50,4,1,1,5,4,5,13,2,1,10,4,5,2,17,2,36,3,10,3,4,7,6,1,8,1,2,,71,,1,21,121.5246542,25.1023032
113,3,23,8,30,2,08士林區,士林區中山北路6段35巷與福國路口,0,0,2,3,H02,8,6,5,50,4,1,1,5,4,5,13,2,1,10,4,5,2,17,2,47,2,7,3,5,7,20,8,20,10,16,,67,,1,21,121.5246542,25.1023032
113,3,23,8,34,2,07信義區,信義區虎林街164巷與虎林街164巷60弄口,0,0,1,1,C03,8,5,5,30,4,2,1,5,4,5,13,4,4,10,5,5,2,17,1,22,2,9,6,1,7,9,1,10,1,12,,14,,1,22,121.5744708,25.0378422
113,3,23,8,34,2,07信義區,信義區虎林街164巷與虎林街164巷60弄口,0,0,1,2,B01,8,5,5,30,4,2,1,5,4,5,13,4,4,10,5,5,2,17,1,45,3,10,7,1,7,9,1,4,1,1,,14,,1,22,121.5744708,25.0378422
113,3,23,8,50,2,03中山區,中山區民族東路410巷41號,0,0,1,1,B03,7,7,5,50,14,9,1,5,4,5,12,4,4,5,4,5,2,17,1,60,3,10,3,4,7,15,1,8,1,8,,42,,1,21,121.5383339,25.0662732
113,3,23,8,50,2,03中山區,中山區民族東路410巷41號,0,0,1,2,C03,7,7,5,50,14,9,1,5,4,5,12,4,4,5,4,5,2,17,2,71,2,8,5,4,7,9,1,10,1,14,,44,,1,21,121.5383339,25.0662732
113,3,23,9,0,2,08士林區,士林區至誠路2段70號,0,0,2,1,B03,8,5,8,50,22,22,1,5,4,5,13,4,4,5,5,5,1,13,1,42,3,10,7,1,7,9,1,8,1,1,,108,,1,21,121.5285,25.10164651
113,3,23,9,0,2,08士林區,士林區至誠路2段70號,0,0,2,2,C03,8,5,8,50,22,22,1,5,4,5,13,4,4,5,5,5,1,13,1,38,2,9,5,1,7,14,1,10,1,13,,44,,1,21,121.5285,25.10164651
113,3,23,9,0,2,08士林區,士林區至誠路2段70號,0,0,2,3,H02,8,5,8,50,22,22,1,5,4,5,13,4,4,5,5,5,1,13,2,5,2,9,5,5,7,20,8,20,10,16,,67,,1,21,121.5285,25.10164651
113,3,23,9,0,2,09北投區,北投區承德路7段384號,0,0,2,1,B03,7,6,5,60,14,7,1,5,4,5,13,4,4,1,4,5,1,17,1,86,3,10,7,1,7,6,1,8,1,17,,9,,1,21,121.5021824,25.1190706
113,3,23,9,0,2,09北投區,北投區承德路7段384號,0,0,2,2,C03,7,6,5,60,14,7,1,5,4,5,13,4,4,1,4,5,1,17,1,56,2,9,5,1,7,9,1,10,1,17,,44,,1,21,121.5021824,25.1190706
113,3,23,9,0,2,09北投區,北投區承德路7段384號,0,0,2,3,H03,7,6,5,60,14,7,1,5,4,5,13,4,4,1,4,5,1,17,2,56,2,9,4,5,8,20,8,20,10,17,,67,,1,21,121.5021824,25.1190706
113,3,23,9,45,2,10文山區,文山區興隆路4段6-11號,0,0,1,1,B03,8,6,8,50,22,22,1,5,4,5,13,3,1,1,3,5,2,17,1,58,3,10,3,4,7,1,1,8,1,5,,107,,1,22,121.5597639,24.9895218
113,3,23,9,45,2,10文山區,文山區興隆路4段6-11號,0,0,1,2,C03,8,6,8,50,22,22,1,5,4,5,13,3,1,1,3,5,2,17,2,28,2,8,6,4,7,12,1,10,1,14,,14,,1,22,121.5597639,24.9895218
113,3,23,9,57,2,10文山區,文山區萬和街1號旁,0,0,1,1,C03,8,6,5,40,14,9,1,5,4,5,13,4,4,9,5,5,2,13,2,52,2,7,6,1,7,9,1,10,2,11,,108,,1,21,121.5678978,25.001218
113,3,23,9,57,2,10文山區,文山區萬和街1號旁,0,0,1,2,B01,8,6,5,40,14,9,1,5,4,5,13,4,4,9,5,5,2,13,1,67,3,10,3,1,7,13,1,4,11,3,,44,,1,21,121.5678978,25.001218
113,3,23,10,2,2,11南港區,南港區富康街與富康街3巷口,0,0,1,1,C03,8,7,5,50,3,1,1,5,4,5,13,4,4,5,5,5,2,16,2,61,2,9,5,1,7,5,1,10,1,12,,72,,1,22,121.6172543,25.054352
113,3,23,10,2,2,11南港區,南港區富康街與富康街3巷口,0,0,1,2,B03,8,7,5,50,3,1,1,5,4,5,13,4,4,5,5,5,2,16,2,55,3,10,7,1,7,9,1,8,1,4,,44,,1,22,121.6172543,25.054352
113,3,23,10,15,2,11南港區,南港區研究院路2段與研究院路2段12巷口,0,0,1,1,B03,8,6,5,50,3,1,1,5,4,5,13,2,1,1,4,5,2,17,1,60,3,10,7,1,7,11,1,8,1,17,,10,,1,22,121.6157923,25.0477322
113,3,23,10,15,2,11南港區,南港區研究院路2段與研究院路2段12巷口,0,0,1,2,C03,8,6,5,50,3,1,1,5,4,5,13,2,1,1,4,5,2,17,2,30,2,9,5,1,7,9,1,10,1,17,,42,,1,22,121.6157923,25.0477322
113,3,23,10,35,2,10文山區,文山區木柵路1段與辛亥路7段口,0,0,1,1,C04,8,6,5,50,4,1,1,5,4,5,13,1,1,10,5,5,2,16,2,19,2,9,5,4,7,5,1,10,1,14,,8,,1,25,121.5522441,24.987787
113,3,23,10,35,2,10文山區,文山區木柵路1段與辛亥路7段口,0,0,1,2,B03,8,6,5,50,4,1,1,5,4,5,13,1,1,10,5,5,2,16,2,36,3,10,3,4,7,9,1,8,1,2,,44,,1,22,121.5522441,24.987787
113,3,23,11,5,2,01大同區,大同區承德路3段與承德路3段122巷口口,0,0,1,1,B01,8,6,5,50,4,1,1,5,4,5,13,2,1,8,3,5,2,15,1,54,3,10,7,1,7,9,1,4,1,1,,81,,1,21,121.5184559,25.067293
113,3,23,11,5,2,01大同區,大同區承德路3段與承德路3段122巷口口,0,0,1,2,C03,8,6,5,50,4,1,1,5,4,5,13,2,1,8,3,5,2,15,1,47,2,9,6,1,7,9,1,10,1,11,,44,,1,21,121.5184559,25.067293
113,3,23,11,15,2,10文山區,文山區指南路3段與指南路3段34巷口,0,0,1,1,C03,8,6,5,30,3,1,1,5,4,5,13,4,4,1,5,5,2,12,2,56,2,9,5,4,7,15,1,10,2,14,,100,,1,21,121.5825329,24.9793457
113,3,23,11,15,2,10文山區,文山區指南路3段與指南路3段34巷口,0,0,1,2,B03,8,6,5,30,3,1,1,5,4,5,13,4,4,1,5,5,2,12,2,56,3,10,3,4,7,9,1,8,2,2,,44,,1,21,121.5825329,24.9793457
113,3,23,11,41,2,09北投區,北投區大度路3段與關渡路口,0,0,1,1,B03,8,6,5,50,3,1,1,5,4,5,13,1,1,1,4,5,2,16,2,53,3,10,7,1,7,6,1,8,1,2,,9,,1,21,121.4694796,25.12288522
113,3,23,11,41,2,09北投區,北投區大度路3段與關渡路口,0,0,1,2,C03,8,6,5,50,3,1,1,5,4,5,13,1,1,1,4,5,2,16,1,29,2,7,5,1,7,9,1,10,1,14,,107,,1,21,121.4694796,25.12288522
113,3,23,11,48,2,04大安區,大安區仁愛路3段與新生南路1段口,0,0,1,1,B03,8,7,5,50,4,2,1,5,4,5,13,2,1,8,3,5,1,12,1,21,3,10,7,1,7,15,1,8,1,2,,9,,1,21,121.53294,25.038519
113,3,23,11,48,2,04大安區,大安區仁愛路3段與新生南路1段口,0,0,1,2,C03,8,7,5,50,4,2,1,5,4,5,13,2,1,8,3,5,1,12,2,23,2,9,5,1,7,9,1,10,1,14,,44,,1,21,121.53294,25.038519
113,3,23,11,59,2,05中正區,中正區臨沂街45巷與濟南路2段48巷口,0,0,2,1,C03,7,6,8,30,4,1,1,5,4,5,13,4,4,10,5,5,2,15,1,20,2,8,6,1,7,12,1,10,2,11,,44,,1,21,121.5310953,25.0393082
113,3,23,11,59,2,05中正區,中正區臨沂街45巷與濟南路2段48巷口,0,0,2,2,C03,7,6,8,30,4,1,1,5,4,5,13,4,4,10,5,5,2,15,2,52,2,9,6,1,7,12,1,10,9,12,,14,,1,21,121.5310953,25.0393082
113,3,23,12,30,2,12內湖區,內湖區內湖路2段與成功路4段30巷口,0,0,1,1,C03,8,6,5,50,3,1,1,5,4,5,13,4,4,5,4,5,2,3,1,71,3,10,5,1,7,9,1,10,2,11,,14,,1,21,121.5908011,25.08238638
113,3,23,12,30,2,12內湖區,內湖區內湖路2段與成功路4段30巷口,0,0,1,2,H01,8,6,5,50,3,1,1,5,4,5,13,4,4,5,4,5,2,3,2,75,2,8,4,5,8,16,8,20,10,16,,67,,1,21,121.5908011,25.08238638
113,3,23,12,47,2,03中山區,中山區中山北路3段32-2號,0,0,1,1,C03,8,7,5,50,14,9,1,5,4,5,13,4,4,1,4,5,2,13,2,53,2,9,5,1,7,9,1,10,1,11,,108,,1,22,121.5221907,25.06482272
113,3,23,12,47,2,03中山區,中山區中山北路3段32-2號,0,0,1,2,B03,8,7,5,50,14,9,1,5,4,5,13,4,4,1,4,5,2,13,1,48,3,10,7,1,7,14,1,8,1,4,,38,,1,22,121.5221907,25.06482272
113,3,23,12,50,2,12內湖區,內湖區瑞光路與陽光街口,0,0,2,1,C03,8,5,5,50,4,1,1,5,4,5,13,1,1,4,3,5,1,12,1,33,2,9,3,4,7,15,1,10,1,12,,9,,1,22,121.5791768,25.0737525
113,3,23,12,50,2,12內湖區,內湖區瑞光路與陽光街口,0,0,2,2,C03,8,5,5,50,4,1,1,5,4,5,13,1,1,4,3,5,1,12,2,56,2,9,3,4,7,9,1,10,1,14,,44,,1,22,121.5791768,25.0737525
113,3,23,13,3,2,08士林區,士林區重慶北路4段1巷與重慶北路4段1巷21弄口,0,0,2,1,C03,8,6,5,0,3,2,1,5,4,5,13,4,4,10,5,5,1,15,1,83,2,9,6,1,7,9,1,10,2,12,,75,,1,21,121.5123752,25.0796201
113,3,23,13,3,2,08士林區,士林區重慶北路4段1巷與重慶北路4段1巷21弄口,0,0,2,2,C03,8,6,5,0,3,2,1,5,4,5,13,4,4,10,5,5,1,15,1,49,2,9,6,1,7,9,1,10,2,11,,13,,1,21,121.5123752,25.0796201
113,3,23,13,5,2,07信義區,信義區信義路6段與松德路133巷口,0,0,2,1,C03,8,7,5,50,4,2,1,5,4,5,13,1,1,5,4,5,2,16,1,34,2,9,5,1,7,11,1,10,1,13,,71,,1,21,121.5768696,25.0352653
113,3,23,13,5,2,07信義區,信義區信義路6段與松德路133巷口,0,0,2,2,C03,8,7,5,50,4,2,1,5,4,5,13,1,1,5,4,5,2,16,1,31,2,9,5,1,7,9,1,10,1,11,,14,,1,21,121.5768696,25.0352653
113,3,23,13,45,2,03中山區,中山區復興北路與民權東路3段口,0,0,1,1,C03,8,7,5,50,4,2,1,5,4,5,13,1,1,1,4,5,2,17,1,76,2,9,5,1,7,15,1,10,1,14,,17,,1,22,121.5437977,25.0624255
113,3,23,13,45,2,03中山區,中山區復興北路與民權東路3段口,0,0,1,2,B03,8,7,5,50,4,2,1,5,4,5,13,1,1,1,4,5,2,17,1,48,3,10,7,1,7,9,1,8,1,2,,17,,1,22,121.5437977,25.0624255
113,3,23,14,38,2,03中山區,中山區市民大道3段與建國南路1段口,0,0,1,1,C03,8,6,5,40,14,9,1,5,4,5,13,2,1,5,4,5,2,12,1,42,3,10,6,1,7,9,3,18,2,11,,16,,1,21,121.5368185,25.0448556
113,3,23,14,38,2,03中山區,中山區市民大道3段與建國南路1段口,0,0,1,2,C03,8,6,5,40,14,9,1,5,4,5,13,2,1,5,4,5,2,12,1,22,3,10,6,1,7,9,1,10,2,12,,44,,1,21,121.5368185,25.0448556
113,3,23,14,38,2,03中山區,中山區市民大道3段與建國南路1段口,0,0,1,3,H02,8,6,5,40,14,9,1,5,4,5,13,2,1,5,4,5,2,12,2,44,2,8,6,5,7,21,8,20,10,17,,67,,1,21,121.5368185,25.0448556
113,3,23,14,50,2,02萬華區,萬華區長泰街316巷22號,0,0,1,1,C03,8,6,5,30,4,1,1,5,4,5,13,4,4,10,5,5,2,15,1,47,4,11,3,4,7,21,7,19,11,15,,119,,2,22,121.4925123,25.0215744
113,3,23,14,50,2,02萬華區,萬華區長泰街316巷22號,0,0,1,2,C03,8,6,5,30,4,1,1,5,4,5,13,4,4,10,5,5,2,15,1,39,2,8,6,4,7,9,1,9,1,14,,44,,1,22,121.4925123,25.0215744
113,3,23,15,10,2,03中山區,中山區大直橋西側自行車道,0,0,1,1,F01,8,7,7,50,14,23,1,5,4,5,13,4,4,10,5,5,2,13,2,25,2,9,4,1,7,9,8,20,1,11,,108,,1,22,121.5442209,25.07555908
113,3,23,15,10,2,03中山區,中山區大直橋西側自行車道,0,0,1,2,F01,8,7,7,50,14,23,1,5,4,5,13,4,4,10,5,5,2,13,1,9,3,10,4,1,7,13,8,20,1,13,,44,,1,22,121.5442209,25.07555908
113,3,23,15,12,2,07信義區,信義區吳興街156巷與吳興街口,0,0,1,1,F01,8,7,5,30,4,1,1,5,4,5,13,2,1,9,4,5,2,17,1,55,3,10,4,4,7,9,8,20,1,12,,44,,1,22,121.5618683,25.0292681
113,3,23,15,12,2,07信義區,信義區吳興街156巷與吳興街口,0,0,1,2,F01,8,7,5,30,4,1,1,5,4,5,13,2,1,9,4,5,2,17,1,84,2,1,4,4,7,5,8,20,1,14,,8,,1,22,121.5618683,25.0292681
113,3,23,15,15,2,01大同區,大同區承德路2段與民生西路口,0,0,1,1,B03,8,6,5,50,14,9,1,5,4,5,13,4,4,1,4,5,2,17,1,54,3,10,2,1,7,13,1,8,1,4,,40,,1,21,121.5180608,25.057887
113,3,23,15,15,2,01大同區,大同區承德路2段與民生西路口,0,0,1,2,C03,8,6,5,50,14,9,1,5,4,5,13,4,4,1,4,5,2,17,1,66,2,8,6,1,7,9,1,10,1,12,,44,,1,21,121.5180608,25.057887
113,3,23,16,0,2,06松山區,松山區南京東路4段與光復北路口,0,0,1,1,C03,8,6,5,50,4,1,1,5,4,5,13,1,1,1,4,5,2,13,1,25,2,8,6,1,7,9,1,10,1,11,,16,,1,22,121.5573249,25.0516424
113,3,23,16,0,2,06松山區,松山區南京東路4段與光復北路口,0,0,1,2,C03,8,6,5,50,4,1,1,5,4,5,13,1,1,1,4,5,2,13,1,49,3,10,6,1,7,14,1,10,1,13,,33,,1,22,121.5573249,25.0516424
113,3,23,16,1,2,07信義區,信義區永吉路與永吉路30巷口,0,0,1,1,B03,8,7,5,40,4,1,1,5,4,5,13,1,1,9,4,5,2,15,1,55,3,10,3,4,7,9,1,2,1,1,,81,,1,22,121.5688607,25.0456634
113,3,23,16,1,2,07信義區,信義區永吉路與永吉路30巷口,0,0,1,2,C03,8,7,5,40,4,1,1,5,4,5,13,1,1,9,4,5,2,15,1,33,2,9,3,4,7,9,1,10,1,14,,44,,1,21,121.5688607,25.0456634
113,3,23,16,2,2,06松山區,松山區民權大橋東往西(下橋處),0,0,1,1,B02,8,6,5,50,14,9,1,5,4,5,13,4,4,1,4,5,2,12,1,36,3,10,3,4,7,8,1,8,2,5,,100,,1,21,121.5678539,25.06359626
113,3,23,16,2,2,06松山區,松山區民權大橋東往西(下橋處),0,0,1,2,C03,8,6,5,50,14,9,1,5,4,5,13,4,4,1,4,5,2,12,1,50,2,9,6,4,7,9,1,10,2,11,,44,,1,21,121.5678539,25.06359626
113,3,23,16,6,2,11南港區,南港區忠孝東路7段99號,0,0,1,1,B03,8,6,5,50,14,7,1,5,4,5,13,4,4,1,4,4,2,12,1,62,3,10,7,1,7,8,1,4,2,6,,100,,1,21,121.5995335,25.0513009
113,3,23,16,6,2,11南港區,南港區忠孝東路7段99號,0,0,1,2,C04,8,6,5,50,14,7,1,5,4,5,13,4,4,1,4,4,2,12,1,42,2,9,5,1,7,9,1,9,2,14,,44,,1,21,121.5995335,25.0513009
113,3,23,17,19,2,09北投區,北投區泉源路25號,0,0,2,1,H01,8,5,5,40,14,9,1,5,4,5,13,4,4,9,4,5,2,3,2,66,2,9,4,5,8,16,8,20,10,16,,53,,1,21,121.5062836,25.13965177
113,3,23,17,19,2,09北投區,北投區泉源路25號,0,0,2,2,F01,8,5,5,40,14,9,1,5,4,5,13,4,4,9,4,5,2,3,2,38,2,9,4,1,7,9,8,20,2,11,,108,,1,21,121.5062836,25.13965177