發生年度,發生月,發生日,發生時-Hours,發生分,處理別-編號,區序,肇事地點,死亡人數,2-30日死亡人數,受傷人數,當事人序號,車種,天候,道路照明設備,道路類別,速限-速度限制,道路型態,事故位置,路面狀況1,路面狀況2,路面狀況3,道路障礙1,道路障礙2,號誌1,號誌2,車道劃分-分向,車道劃分-分道1,車道劃分-分道2,車道劃分-分道3,事故類型及型態,性別,年齡,受傷程度,主要傷處,保護裝置,行動電話,車輛用途,當事者行動狀態,駕駛資格情形,駕駛執照種類,飲酒情形,車輛撞擊部位1,車輛撞擊部位2,肇因碼-個別,肇因碼-主要,個人肇逃否,職業,座標-X,座標-Y
113,3,23,17,30,2,03中山區,中山區大佳河濱公園往西近8號水門,0,0,2,1,B12,8,7,5,50,14,9,1,5,4,5,13,4,4,9,5,5,2,13,1,25,3,10,7,1,7,9,1,8,2,8,,108,,1,21,121.541748,25.07365329
113,3,23,17,30,2,03中山區,中山區大佳河濱公園往西近8號水門,0,0,2,2,C03,8,7,5,50,14,9,1,5,4,5,13,4,4,9,5,5,2,13,1,48,2,9,6,1,7,12,1,10,2,13,,44,,1,21,121.541748,25.07365329
113,3,23,17,30,2,03中山區,中山區大佳河濱公園往西近8號水門,0,0,2,3,H02,8,7,5,50,14,9,1,5,4,5,13,4,4,9,5,5,2,13,1,6,2,9,6,5,7,20,8,20,10,16,,67,,1,14,121.541748,25.07365329
113,3,23,17,30,2,06松山區,松山區市民大道5段82號,0,0,1,1,B03,7,6,5,30,14,9,1,5,4,5,13,3,1,10,5,5,2,17,1,36,3,10,3,4,7,6,1,8,1,17,,80,,1,21,121.5673241,25.0487685
113,3,23,17,30,2,06松山區,松山區市民大道5段82號,0,0,1,2,C03,7,6,5,30,14,9,1,5,4,5,13,3,1,10,5,5,2,17,2,26,2,9,6,4,7,9,1,10,1,14,,13,,1,21,121.5673241,25.0487685
113,3,23,17,35,2,05中正區,中正區林森北路與林森北路9巷口,0,0,1,1,B01,8,6,5,50,3,1,1,5,4,5,13,4,4,7,4,5,2,16,1,39,3,10,7,1,7,5,1,2,2,8,,44,,1,21,121.5236254,25.0458622
113,3,23,17,35,2,05中正區,中正區林森北路與林森北路9巷口,0,0,1,2,C03,8,6,5,50,3,1,1,5,4,5,13,4,4,7,4,5,2,16,1,35,2,9,6,1,7,9,6,18,2,11,,99,,1,21,121.5236254,25.0458622
113,3,23,17,36,2,03中山區,中山區濱江街與濱江街180巷口,0,0,1,1,B02,8,5,5,50,3,1,1,5,4,5,13,2,1,1,4,4,2,15,1,55,3,10,7,1,7,11,1,8,2,5,,71,,1,21,121.5385656,25.0726349
113,3,23,17,36,2,03中山區,中山區濱江街與濱江街180巷口,0,0,1,2,C03,8,5,5,50,3,1,1,5,4,5,13,2,1,1,4,4,2,15,1,22,2,9,3,1,7,9,1,10,2,11,,13,,1,21,121.5385656,25.0726349
113,3,23,17,40,2,04大安區,大安區信義路3段143號,0,0,1,1,C03,8,6,5,50,14,9,1,5,4,5,13,4,4,1,4,5,2,16,1,31,3,10,5,1,7,7,1,10,1,14,,100,,1,21,121.5418843,25.0335195
113,3,23,17,40,2,04大安區,大安區信義路3段143號,0,0,1,2,C03,8,6,5,50,14,9,1,5,4,5,13,4,4,1,4,5,2,16,2,42,2,9,5,1,7,9,1,10,1,11,,44,,1,21,121.5418843,25.0335195
113,3,23,17,45,2,03中山區,中山區林森北路596號,0,0,1,1,B03,8,7,5,50,14,9,1,5,4,5,13,4,4,5,4,5,2,17,1,68,3,10,7,1,7,14,1,8,1,4,,40,,1,21,121.5255582,25.06565102
113,3,23,17,45,2,03中山區,中山區林森北路596號,0,0,1,2,F01,8,7,5,50,14,9,1,5,4,5,13,4,4,5,4,5,2,17,2,73,2,9,2,4,7,9,8,20,1,12,,44,,1,21,121.5255582,25.06565102
113,3,23,17,59,2,02萬華區,萬華區康定路43號對面,0,0,2,1,B01,8,6,5,50,14,9,1,5,4,5,13,4,4,5,4,5,2,17,1,64,3,10,7,1,7,8,1,4,1,2,,100,,1,21,121.5021942,25.0414435
113,3,23,17,59,2,02萬華區,萬華區康定路43號對面,0,0,2,2,C03,8,6,5,50,14,9,1,5,4,5,13,4,4,5,4,5,2,17,1,56,2,9,5,1,7,9,1,10,1,14,,44,,1,21,121.5021942,25.0414435
113,3,23,17,59,2,02萬華區,萬華區康定路43號對面,0,0,2,3,H02,8,6,5,50,14,9,1,5,4,5,13,4,4,5,4,5,2,17,2,51,2,9,5,5,7,20,8,20,10,16,,67,,1,21,121.5021942,25.0414435
113,3,23,18,30,2,03中山區,中山區中山北路2段44巷無名巷口,0,0,2,1,B01,7,5,5,30,4,1,1,5,4,5,13,4,4,10,5,5,2,16,1,65,3,10,3,4,7,5,1,4,1,1,,8,,1,21,121.5217356,25.0550073
113,3,23,18,30,2,03中山區,中山區中山北路2段44巷無名巷口,0,0,2,2,C03,7,5,5,30,4,1,1,5,4,5,13,4,4,10,5,5,2,16,2,39,2,9,3,4,7,9,1,10,1,14,,13,,1,21,121.5217356,25.0550073
113,3,23,18,30,2,03中山區,中山區中山北路2段44巷無名巷口,0,0,2,3,H02,7,5,5,30,4,1,1,5,4,5,13,4,4,10,5,5,2,16,2,17,2,9,3,5,7,21,8,20,10,16,,67,,1,21,121.5217356,25.0550073
113,3,23,18,36,2,02萬華區,萬華區西園路1段與大理街口,0,0,1,1,B03,7,5,5,50,4,1,1,5,4,5,13,1,1,1,3,5,1,16,1,37,3,10,3,4,7,5,1,8,1,1,,71,,1,21,121.5000866,25.0399027
113,3,23,18,36,2,02萬華區,萬華區西園路1段與大理街口,0,0,1,2,C03,7,5,5,50,4,1,1,5,4,5,13,1,1,1,3,5,1,16,2,53,2,9,3,4,7,9,1,10,1,11,,44,,1,21,121.5000866,25.0399027
113,3,23,19,0,2,05中正區,(博愛路154號前),0,0,1,1,C03,7,6,5,50,14,9,1,5,4,5,13,1,1,10,4,5,2,16,1,21,3,10,6,1,7,5,1,10,2,14,,8,,1,21,121.5115053,25.0422786
113,3,23,19,0,2,05中正區,(博愛路154號前),0,0,1,2,C03,7,6,5,50,14,9,1,5,4,5,13,1,1,10,4,5,2,16,1,54,2,8,6,1,7,9,1,10,2,12,,44,,1,22,121.5115053,25.0422786
113,3,23,19,19,2,04大安區,大安區和平東路3段與敦化南路2段口,0,0,1,1,B03,8,5,5,50,5,1,1,5,4,5,13,2,1,1,4,5,2,16,1,65,3,10,7,1,7,5,1,8,1,1,,71,,1,21,121.5484682,25.0246308
113,3,23,19,19,2,04大安區,大安區和平東路3段與敦化南路2段口,0,0,1,2,C03,8,5,5,50,5,1,1,5,4,5,13,2,1,1,4,5,2,16,1,49,2,8,6,1,7,9,1,10,1,11,,13,,1,21,121.5484682,25.0246308
113,3,23,20,10,2,10文山區,文山區老泉街45巷27-1號,0,0,1,1,B03,8,5,5,30,14,9,2,5,4,5,13,4,4,10,5,5,2,17,1,24,3,10,3,4,7,7,1,8,1,8,,100,,1,21,121.5787709,24.97009041
113,3,23,20,10,2,10文山區,文山區老泉街45巷27-1號,0,0,1,2,C03,8,5,5,30,14,9,2,5,4,5,13,4,4,10,5,5,2,17,1,38,2,9,5,4,7,4,6,10,1,12,,5,,1,21,121.5787709,24.97009041
113,3,23,20,10,2,10文山區,文山區老泉街45巷27-1號,0,0,1,3,B03,8,5,5,30,14,9,2,5,4,5,13,4,4,10,5,5,2,17,1,67,3,10,3,1,7,13,1,8,11,17,,38,,1,21,121.5787709,24.97009041
113,3,23,21,0,2,06松山區,松山區市民大道5段與東興路口,0,0,2,1,B03,7,5,5,50,4,2,1,4,4,5,13,2,1,1,2,5,2,15,1,52,3,10,3,4,7,5,1,8,2,2,,8,,1,22,121.5658013,25.0483586
113,3,23,21,0,2,06松山區,松山區市民大道5段與東興路口,0,0,2,2,C03,7,5,5,50,4,2,1,4,4,5,13,2,1,1,2,5,2,15,1,20,2,9,6,4,7,9,1,10,2,11,,44,,1,22,121.5658013,25.0483586
113,3,23,21,0,2,06松山區,松山區市民大道5段與東興路口,0,0,2,3,H02,7,5,5,50,4,2,1,4,4,5,13,2,1,1,2,5,2,15,2,23,2,9,6,5,7,21,8,20,10,16,,67,,1,22,121.5658013,25.0483586
113,3,23,21,28,2,04大安區,大安區市民大道4段與大安路1段口,0,0,1,1,C03,7,5,5,40,4,2,1,5,4,5,13,1,1,1,5,5,2,17,1,25,2,9,5,1,7,12,1,10,1,12,,16,,1,21,121.5463372,25.0449952
113,3,23,21,28,2,04大安區,大安區市民大道4段與大安路1段口,0,0,1,2,B03,7,5,5,40,4,2,1,5,4,5,13,1,1,1,5,5,2,17,1,33,3,10,7,1,7,12,1,8,1,17,,44,,1,21,121.5463372,25.0449952
113,3,23,21,28,2,04大安區,大安區市民大道4段與大安路1段口,0,0,1,3,B03,7,5,5,40,4,2,1,5,4,5,13,1,1,1,5,5,2,17,4,0,,,,,,,,,9,,,119,,2,,121.5463372,25.0449952
113,3,23,21,28,2,04大安區,大安區市民大道4段與大安路1段口,0,0,1,4,B03,7,5,5,40,4,2,1,5,4,5,13,1,1,1,5,5,2,17,4,0,,,,,,,,,9,,,119,,2,,121.5463372,25.0449952
113,3,23,21,50,2,02萬華區,萬華區西園路2段310號,0,0,1,2,C03,8,5,5,50,14,9,1,5,4,5,13,4,4,1,3,5,1,17,2,39,2,9,3,4,7,9,1,10,2,17,,42,,1,21,121.4926706,25.0262815
113,3,23,21,50,2,02萬華區,萬華區西園路2段310號,0,0,1,1,B01,8,5,5,50,14,9,1,5,4,5,13,4,4,1,3,5,1,17,1,67,3,10,3,4,7,8,7,19,11,17,,44,,2,21,121.4926706,25.0262815
113,3,23,22,13,2,03中山區,中山區中山北路2段與錦州街口,0,0,1,1,C03,7,5,5,50,4,1,1,5,4,5,13,1,1,3,4,5,2,17,1,38,2,8,6,1,7,8,1,10,1,12,,100,,1,21,121.5230609,25.06033419
113,3,23,22,13,2,03中山區,中山區中山北路2段與錦州街口,0,0,1,2,B03,7,5,5,50,4,1,1,5,4,5,13,1,1,3,4,5,2,17,1,23,3,10,7,1,7,9,1,8,1,8,,44,,1,21,121.5230609,25.06033419
113,3,23,23,40,2,01大同區,大同區鄭州路與環河北路1段口,0,0,1,1,B01,7,5,5,40,5,2,1,5,4,5,13,1,1,1,4,5,2,12,1,50,3,10,7,1,7,8,1,4,2,2,,101,,1,21,121.5069669,25.05057713
113,3,23,23,40,2,01大同區,大同區鄭州路與環河北路1段口,0,0,1,2,C03,7,5,5,40,5,2,1,5,4,5,13,1,1,1,4,5,2,12,2,36,2,9,5,1,7,9,1,10,2,14,,44,,1,21,121.5069669,25.05057713
113,3,24,0,44,2,04大安區,大安區信義路4段與安和路1段口,0,0,1,1,B01,8,5,5,50,4,1,1,5,4,5,13,1,1,10,4,5,2,17,1,63,3,10,7,1,7,5,1,4,1,8,,8,,1,21,121.552522,25.03338906
113,3,24,0,44,2,04大安區,大安區信義路4段與安和路1段口,0,0,1,2,F01,8,5,5,50,4,1,1,5,4,5,13,1,1,10,4,5,2,17,2,25,2,9,4,1,7,1,8,20,1,14,,44,,1,21,121.552522,25.03338906
113,3,24,2,35,2,04大安區,大安區敦化南路1段與敦化南路1段187巷口,0,0,1,1,B01,8,5,5,50,4,1,1,5,4,5,13,1,1,5,5,5,2,16,1,36,3,10,7,1,7,5,1,4,1,2,,98,,1,21,121.5491506,25.0425936
113,3,24,2,35,2,04大安區,大安區敦化南路1段與敦化南路1段187巷口,0,0,1,2,C03,8,5,5,50,4,1,1,5,4,5,13,1,1,5,5,5,2,16,1,20,2,9,5,1,7,9,1,10,1,11,,13,,1,21,121.5491506,25.0425936
113,3,24,7,22,2,04大安區,大安區復興南路2段與瑞安街口,0,0,1,1,B01,8,7,5,50,4,1,1,5,4,5,13,2,1,1,4,1,1,17,1,58,3,10,7,1,7,5,1,4,2,5,,71,,1,21,121.543469,25.0298887
113,3,24,7,22,2,04大安區,大安區復興南路2段與瑞安街口,0,0,1,2,C03,8,7,5,50,4,1,1,5,4,5,13,2,1,1,4,1,1,17,1,26,2,9,6,1,7,9,1,10,2,11,,44,,1,21,121.543469,25.0298887
113,3,24,8,44,2,02萬華區,萬華區桂林路與桂林路242巷口,0,0,1,1,C03,8,6,5,50,5,1,1,5,4,5,13,2,1,1,5,5,2,13,1,44,2,9,6,1,7,5,1,10,1,11,,108,,1,26,121.4959031,25.0388549
113,3,24,8,44,2,02萬華區,萬華區桂林路與桂林路242巷口,0,0,1,2,C03,8,6,5,50,5,1,1,5,4,5,13,2,1,1,5,5,2,13,1,31,3,10,6,1,7,12,1,9,1,13,,99,,1,26,121.4959031,25.0388549
113,3,24,9,44,2,06松山區,松山區三民路與新東街51巷口,0,0,1,1,C03,8,6,5,50,4,2,1,5,4,5,13,1,1,1,4,5,2,13,2,59,2,9,5,1,7,9,1,10,1,11,,16,,1,21,121.5632394,25.0613753
113,3,24,9,44,2,06松山區,松山區三民路與新東街51巷口,0,0,1,2,B03,8,6,5,50,4,2,1,5,4,5,13,1,1,1,4,5,2,13,2,69,3,10,7,1,7,12,1,8,1,6,,44,,1,21,121.5632394,25.0613753
113,3,24,10,20,2,09北投區,北投區明德路150巷17-1號,0,0,1,1,B03,7,6,5,30,14,18,1,5,4,5,13,4,4,10,5,5,1,3,2,51,3,10,7,1,7,9,1,8,1,1,,14,,1,21,121.5223951,25.1104469
113,3,24,10,20,2,09北投區,北投區明德路150巷17-1號,0,0,1,2,H01,7,6,5,30,14,18,1,5,4,5,13,4,4,10,5,5,1,3,1,10,2,9,4,5,8,18,8,20,10,16,,53,,1,21,121.5223951,25.1104469
113,3,24,10,20,2,09北投區,北投區明德路150巷17-1號,0,0,1,3,B03,7,6,5,30,14,18,1,5,4,5,13,4,4,10,5,5,1,3,1,39,3,10,3,4,7,13,1,8,9,17,,38,,1,21,121.5223951,25.1104469
113,3,24,10,20,2,09北投區,北投區明德路150巷17-1號,0,0,1,4,B03,7,6,5,30,14,18,1,5,4,5,13,4,4,10,5,5,1,3,1,50,3,10,3,4,7,13,1,8,9,17,,38,,1,21,121.5223951,25.1104469
113,3,24,10,35,2,10文山區,文山區景興路與景興路238巷口,0,0,1,1,C03,8,6,5,50,3,2,1,5,4,5,13,2,1,5,5,5,2,16,1,38,3,10,6,1,7,1,1,10,1,14,,19,,1,21,121.5430321,24.9906617
113,3,24,10,35,2,10文山區,文山區景興路與景興路238巷口,0,0,1,2,C03,8,6,5,50,3,2,1,5,4,5,13,2,1,5,5,5,2,16,1,56,3,10,6,1,7,9,1,10,1,12,,44,,1,21,121.5430321,24.9906617
113,3,24,10,35,2,10文山區,文山區景興路與景興路238巷口,0,0,1,3,H02,8,6,5,50,3,2,1,5,4,5,13,2,1,5,5,5,2,16,2,31,2,8,6,5,7,20,8,20,10,16,,67,,1,21,121.5430321,24.9906617
113,3,24,11,2,2,01大同區,大同區錦西街53巷18號,0,0,2,1,C03,7,6,5,30,14,9,1,5,4,5,13,4,4,10,4,5,2,16,1,37,2,9,3,4,7,5,1,10,1,14,,8,,1,21,121.5221587,25.0580245
113,3,24,11,2,2,01大同區,大同區錦西街53巷18號,0,0,2,2,C03,7,6,5,30,14,9,1,5,4,5,13,4,4,10,4,5,2,16,1,24,2,9,3,4,7,9,1,10,1,11,,44,,1,21,121.5221587,25.0580245
113,3,24,11,17,2,08士林區,士林區中正路與文昌路口,0,0,1,1,B03,8,6,5,50,3,2,1,5,4,5,13,1,1,10,5,5,1,12,1,32,3,10,7,1,7,9,1,8,2,2,,108,,1,21,121.521668,25.0942861
113,3,24,11,17,2,08士林區,士林區中正路與文昌路口,0,0,1,2,C03,8,6,5,50,3,2,1,5,4,5,13,1,1,10,5,5,1,12,2,60,2,9,5,1,7,7,1,10,2,14,,100,,1,21,121.521668,25.0942861
113,3,24,11,28,2,12內湖區,內湖區大湖街上（電線桿五指幹41號）,0,0,1,2,F01,7,6,5,30,11,9,1,5,4,5,13,4,4,10,5,5,1,11,2,36,2,9,4,1,7,9,8,20,1,11,,5,,1,21,121.6058819,25.0960004
113,3,24,11,28,2,12內湖區,內湖區大湖街上（電線桿五指幹41號）,0,0,1,1,B03,7,6,5,30,11,9,1,5,4,5,13,4,4,10,5,5,1,11,2,69,3,10,7,1,7,9,1,8,1,4,,44,,1,21,121.6058819,25.0960004
113,3,24,11,55,2,11南港區,南港區惠民街77號,0,0,1,1,B03,8,7,5,30,14,9,1,5,4,5,13,4,4,7,5,5,2,17,2,31,3,10,3,4,7,14,1,8,1,6,,38,,1,21,121.6098928,25.0586571
113,3,24,11,55,2,11南港區,南港區惠民街77號,0,0,1,2,C03,8,7,5,30,14,9,1,5,4,5,13,4,4,7,5,5,2,17,2,49,2,9,6,4,7,9,1,10,1,14,,44,,1,21,121.6098928,25.0586571
113,3,24,11,55,2,11南港區,南港區惠民街77號,0,0,1,3,H02,8,7,5,30,14,9,1,5,4,5,13,4,4,7,5,5,2,17,2,35,3,10,3,5,7,19,8,20,10,16,,126,,1,21,121.6098928,25.0586571
113,3,24,12,0,2,08士林區,士林區承德路5段與士商路口,0,0,1,1,B03,8,6,5,40,5,1,1,5,4,5,13,2,1,3,4,4,2,17,1,36,3,10,3,4,7,6,1,8,1,2,,9,,1,21,121.5142322,25.0960493
113,3,24,12,0,2,08士林區,士林區承德路5段與士商路口,0,0,1,2,C03,8,6,5,40,5,1,1,5,4,5,13,2,1,3,4,4,2,17,2,23,2,9,3,4,7,9,1,10,1,14,,44,,1,21,121.5142322,25.0960493
113,3,24,12,10,2,12內湖區,內湖區文德路22巷53弄與江南街71巷75弄口,0,0,1,1,C03,8,6,5,30,5,2,1,5,4,5,13,4,4,10,5,5,2,17,1,61,2,9,6,1,7,9,1,10,2,12,,75,,1,21,121.5797494,25.07556008
113,3,24,12,10,2,12內湖區,內湖區文德路22巷53弄與江南街71巷75弄口,0,0,1,2,B03,8,6,5,30,5,2,1,5,4,5,13,4,4,10,5,5,2,17,1,74,3,10,7,1,7,9,1,8,2,1,,80,,1,21,121.5797494,25.07556008
113,3,24,12,40,2,03中山區,中山區建國北路3段與農安街口,0,0,1,1,B02,7,7,5,50,4,1,1,5,4,5,13,2,1,1,4,5,2,16,1,36,3,10,3,4,7,6,1,3,1,6,,99,,1,21,121.5365601,25.0648713
113,3,24,12,40,2,03中山區,中山區建國北路3段與農安街口,0,0,1,2,C03,7,7,5,50,4,1,1,5,4,5,13,2,1,1,4,5,2,16,2,28,2,7,6,4,7,9,1,10,1,11,,44,,1,21,121.5365601,25.0648713
113,3,24,12,40,2,04大安區,大安區建國南路1段212巷與仁愛路3段51巷口口,0,0,1,1,B03,8,6,5,30,4,1,1,5,4,5,13,4,4,10,5,5,1,15,2,44,3,10,7,1,7,9,1,8,1,5,,14,,1,21,121.5359551,25.0397116
113,3,24,12,40,2,04大安區,大安區建國南路1段212巷與仁愛路3段51巷口口,0,0,1,2,C03,8,6,5,30,4,1,1,5,4,5,13,4,4,10,5,5,1,15,1,38,2,9,6,1,7,9,1,10,1,11,,13,,1,21,121.5359551,25.0397116
113,3,24,12,57,2,03中山區,中山區吉林路與吉林路144巷口,0,0,1,1,F01,8,5,5,50,4,2,1,5,4,5,13,2,1,5,4,4,2,12,2,14,3,10,4,1,7,9,8,20,1,11,,44,,1,15,121.5300962,25.0559754
113,3,24,12,57,2,03中山區,中山區吉林路與吉林路144巷口,0,0,1,2,F01,8,5,5,50,4,2,1,5,4,5,13,2,1,5,4,4,2,12,2,51,2,8,4,1,7,9,8,20,1,13,,44,,1,21,121.5300962,25.0559754
113,3,24,12,57,2,03中山區,中山區吉林路與吉林路144巷口,0,0,1,3,B03,8,5,5,50,4,2,1,5,4,5,13,2,1,5,4,4,2,12,1,47,3,10,3,4,7,14,1,8,1,17,,38,,1,21,121.5300962,25.0559754
113,3,24,12,57,2,03中山區,中山區吉林路與吉林路144巷口,0,0,1,4,H02,8,5,5,50,4,2,1,5,4,5,13,2,1,5,4,4,2,12,1,34,3,10,3,5,7,21,8,20,10,17,,126,,1,21,121.5300962,25.0559754
113,3,24,13,19,2,04大安區,大安區和平東路3段與臥龍街口,0,0,1,1,B01,8,6,8,50,4,1,1,5,4,5,13,2,1,1,3,5,2,16,1,62,3,10,7,1,7,5,1,4,2,5,,71,,1,21,121.5467488,25.0246318
113,3,24,13,19,2,04大安區,大安區和平東路3段與臥龍街口,0,0,1,2,C03,8,6,8,50,4,1,1,5,4,5,13,2,1,1,3,5,2,16,1,19,2,9,6,1,7,9,1,10,1,11,,44,,1,21,121.5467488,25.0246318
113,3,24,13,22,2,06松山區,松山區三民路與健康路口,0,0,1,1,A02,8,6,5,50,14,9,1,5,4,5,13,4,4,5,4,5,2,9,1,27,3,10,7,1,7,15,1,1,1,17,,118,,1,22,121.5638835,25.05354716
113,3,24,13,22,2,06松山區,松山區三民路與健康路口,0,0,1,2,H02,8,6,5,50,14,9,1,5,4,5,13,4,4,5,4,5,2,9,2,88,2,7,2,5,7,20,8,20,10,16,,42,,1,22,121.5638835,25.05354716
113,3,24,13,45,2,01大同區,大同區民權西路與蘭州街口,0,0,1,1,C03,7,6,5,50,4,1,1,5,4,5,13,2,1,1,4,5,2,16,2,25,3,10,3,4,7,5,1,10,1,13,,118,,1,21,121.5146948,25.0629039
113,3,24,13,45,2,01大同區,大同區民權西路與蘭州街口,0,0,1,2,C03,7,6,5,50,4,1,1,5,4,5,13,2,1,1,4,5,2,16,1,43,2,9,3,4,7,9,1,9,1,11,,118,,1,21,121.5146948,25.0629039
113,3,24,13,51,2,02萬華區,萬華區環河南路2段與雙園街口,0,0,1,1,B01,7,7,5,50,4,2,1,5,4,5,13,1,1,1,4,5,2,16,1,57,3,10,7,1,7,5,1,4,1,4,,44,,1,21,121.4914308,25.0321259
113,3,24,13,51,2,02萬華區,萬華區環河南路2段與雙園街口,0,0,1,2,C03,7,7,5,50,4,2,1,5,4,5,13,1,1,1,4,5,2,16,1,45,2,9,5,1,7,9,1,10,1,12,,44,,1,21,121.4914308,25.0321259
113,3,24,13,56,2,02萬華區,萬華區富民路145巷15弄23號與富民路145巷15弄口,0,0,2,1,C03,8,7,5,30,3,2,1,5,4,5,13,4,4,10,5,5,2,16,2,74,2,9,5,1,7,6,1,10,1,11,,14,,1,21,121.4996813,25.01894312
113,3,24,13,56,2,02萬華區,萬華區富民路145巷15弄23號與富民路145巷15弄口,0,0,2,2,C03,8,7,5,30,3,2,1,5,4,5,13,4,4,10,5,5,2,16,2,52,2,9,5,1,7,9,1,10,1,11,,14,,1,21,121.4996813,25.01894312
113,3,24,14,28,2,10文山區,文山區萬安街與萬安街22巷口,0,0,2,1,C03,8,7,5,30,3,1,1,5,4,5,13,4,4,10,5,5,2,16,1,44,2,7,5,1,7,5,1,10,2,11,,72,,1,21,121.5705905,25.0007736
113,3,24,14,28,2,10文山區,文山區萬安街與萬安街22巷口,0,0,2,2,C03,8,7,5,30,3,1,1,5,4,5,13,4,4,10,5,5,2,16,1,20,2,8,5,1,7,9,1,10,2,12,,44,,1,21,121.5705905,25.0007736
113,3,24,14,31,2,05中正區,中正區中正橋上橋處(往新北市方向),0,0,1,1,C03,8,6,5,30,8,9,1,5,4,5,13,4,4,3,4,5,1,12,2,44,3,10,5,1,7,9,1,10,2,12,,108,,1,21,121.5167518,25.0227924
113,3,24,14,31,2,05中正區,中正區中正橋上橋處(往新北市方向),0,0,1,2,C03,8,6,5,30,8,9,1,5,4,5,13,4,4,3,4,5,1,12,2,71,2,9,5,1,7,9,1,10,2,14,,44,,1,21,121.5167518,25.0227924
113,3,24,14,37,2,04大安區,大安區新生南路2段與和平東路1段口,0,0,1,1,B03,8,7,5,50,4,1,1,5,4,5,13,1,1,1,4,1,2,17,1,56,3,10,7,1,7,6,1,8,1,6,,9,,1,21,121.5347183,25.0261803
113,3,24,14,37,2,04大安區,大安區新生南路2段與和平東路1段口,0,0,1,2,C03,8,7,5,50,4,1,1,5,4,5,13,1,1,1,4,1,2,17,1,36,2,9,6,1,7,9,1,10,1,11,,16,,1,21,121.5347183,25.0261803
113,3,24,15,36,2,12內湖區,內湖區新湖三路23號(民善街上),0,0,2,1,B03,8,5,5,50,14,9,1,5,4,5,13,4,4,5,2,5,1,16,1,52,3,10,7,1,7,6,1,8,1,17,,9,,1,21,121.574917,25.06237238
113,3,24,15,36,2,12內湖區,內湖區新湖三路23號(民善街上),0,0,2,2,C01,8,5,5,50,14,9,1,5,4,5,13,4,4,5,2,5,1,16,1,20,2,7,5,1,7,9,1,9,1,12,,108,,1,21,121.574917,25.06237238
113,3,24,15,36,2,12內湖區,內湖區新湖三路23號(民善街上),0,0,2,3,H02,8,5,5,50,14,9,1,5,4,5,13,4,4,5,2,5,1,16,2,18,2,7,5,5,7,21,8,20,10,16,,67,,1,21,121.574917,25.06237238
113,3,24,15,37,2,05中正區,中正區齊東街70巷與齊東街口,0,0,1,1,B02,7,6,5,30,4,2,1,5,4,5,8,4,4,10,5,5,2,16,2,29,3,10,7,4,7,5,1,8,1,8,,80,,1,22,121.5278703,25.04200893
113,3,24,15,37,2,05中正區,中正區齊東街70巷與齊東街口,0,0,1,2,C03,7,6,5,30,4,2,1,5,4,5,8,4,4,10,5,5,2,16,2,67,2,8,6,4,7,9,1,10,1,11,,108,,1,22,121.5278703,25.04200893
113,3,24,15,50,2,08士林區,士林區百齡右岸河濱公園足球場(二)停車場旁,0,0,2,1,F01,8,6,7,0,14,23,1,5,4,5,13,4,4,10,5,5,1,10,1,12,2,8,3,4,7,9,8,20,1,15,,108,,1,21,121.5144359,25.08857943
113,3,24,15,50,2,08士林區,士林區百齡右岸河濱公園足球場(二)停車場旁,0,0,2,2,F01,8,6,7,0,14,23,1,5,4,5,13,4,4,10,5,5,1,10,1,17,2,8,3,4,7,9,8,20,1,15,,44,,1,21,121.5144359,25.08857943
113,3,24,16,8,2,03中山區,中山區建國高架道往北長安出口,0,0,5,1,B03,8,7,5,40,10,16,1,5,4,5,13,4,4,1,3,5,2,13,1,37,3,10,7,1,7,9,1,8,1,1,,108,,1,21,121.5367782,25.04608493
113,3,24,16,8,2,03中山區,中山區建國高架道往北長安出口,0,0,5,3,H02,8,7,5,40,10,16,1,5,4,5,13,4,4,1,3,5,2,13,1,23,2,1,7,5,7,20,8,20,10,16,,67,,1,21,121.5367782,25.04608493
113,3,24,16,8,2,03中山區,中山區建國高架道往北長安出口,0,0,5,2,B02,8,7,5,40,10,16,1,5,4,5,13,4,4,1,3,5,2,13,1,48,3,10,7,1,7,9,1,4,1,3,,44,,1,21,121.5367782,25.04608493
113,3,24,16,8,2,03中山區,中山區建國高架道往北長安出口,0,0,5,4,H02,8,7,5,40,10,16,1,5,4,5,13,4,4,1,3,5,2,13,2,23,2,8,7,5,7,20,8,20,10,16,,67,,1,21,121.5367782,25.04608493
113,3,24,16,8,2,03中山區,中山區建國高架道往北長安出口,0,0,5,5,H02,8,7,5,40,10,16,1,5,4,5,13,4,4,1,3,5,2,13,1,59,2,2,7,5,7,20,8,20,10,16,,67,,1,21,121.5367782,25.04608493
113,3,24,16,8,2,03中山區,中山區建國高架道往北長安出口,0,0,5,6,H02,8,7,5,40,10,16,1,5,4,5,13,4,4,1,3,5,2,13,1,53,2,2,7,5,7,20,8,20,10,16,,67,,1,21,121.5367782,25.04608493
113,3,24,16,8,2,03中山區,中山區建國高架道往北長安出口,0,0,5,7,H02,8,7,5,40,10,16,1,5,4,5,13,4,4,1,3,5,2,13,1,53,2,2,7,5,7,20,8,20,10,16,,67,,1,21,121.5367782,25.04608493