發生年度,發生月,發生日,發生時-Hours,發生分,處理別-編號,區序,肇事地點,死亡人數,2-30日死亡人數,受傷人數,當事人序號,車種,天候,道路照明設備,道路類別,速限-速度限制,道路型態,事故位置,路面狀況1,路面狀況2,路面狀況3,道路障礙1,道路障礙2,號誌1,號誌2,車道劃分-分向,車道劃分-分道1,車道劃分-分道2,車道劃分-分道3,事故類型及型態,性別,年齡,受傷程度,主要傷處,保護裝置,行動電話,車輛用途,當事者行動狀態,駕駛資格情形,駕駛執照種類,飲酒情形,車輛撞擊部位1,車輛撞擊部位2,肇因碼-個別,肇因碼-主要,個人肇逃否,職業,座標-X,座標-Y
113,3,24,17,0,2,12內湖區,內湖區民權東路6段109號,0,0,1,1,B03,8,6,5,50,3,1,1,5,4,5,13,4,4,1,4,5,2,16,2,67,3,10,7,1,7,6,1,8,2,5,,9,,1,21,121.5914235,25.06903049
113,3,24,17,0,2,12內湖區,內湖區民權東路6段109號,0,0,1,2,C03,8,6,5,50,3,1,1,5,4,5,13,4,4,1,4,5,2,16,1,23,2,9,6,1,7,9,1,10,2,14,,44,,1,21,121.5914235,25.06903049
113,3,24,17,15,2,04大安區,大安區和平東路3段與基隆路2段口,0,0,1,1,B03,8,7,5,50,22,9,1,5,4,5,13,1,1,8,3,5,2,12,2,35,3,10,3,4,7,15,1,8,1,5,,9,,1,21,121.5527436,25.0246627
113,3,24,17,15,2,04大安區,大安區和平東路3段與基隆路2段口,0,0,1,2,C03,8,7,5,50,22,9,1,5,4,5,13,1,1,8,3,5,2,12,1,18,2,9,3,4,7,9,1,10,1,14,,44,,1,21,121.5527436,25.0246627
113,3,24,17,34,2,04大安區,大安區辛亥路3段與臥龍街188巷口,0,0,1,1,B03,8,7,5,50,3,2,1,5,4,5,13,4,4,8,3,5,1,17,1,50,3,10,7,1,7,6,1,8,1,2,,74,,1,21,121.5505305,25.0161729
113,3,24,17,34,2,04大安區,大安區辛亥路3段與臥龍街188巷口,0,0,1,2,C03,8,7,5,50,3,2,1,5,4,5,13,4,4,8,3,5,1,17,1,25,2,9,5,1,7,9,1,10,1,14,,13,,1,21,121.5505305,25.0161729
113,3,24,17,53,2,08士林區,士林區延平北路5段318號,0,0,1,1,C03,8,5,5,50,14,9,1,5,4,5,13,4,4,1,5,5,2,13,2,18,2,8,6,1,7,9,1,10,1,11,,16,,1,21,121.509527,25.08619329
113,3,24,17,53,2,08士林區,士林區延平北路5段318號,0,0,1,2,B01,8,5,5,50,14,9,1,5,4,5,13,4,4,1,5,5,2,13,1,49,3,10,7,1,7,12,1,3,1,3,,44,,1,21,121.509527,25.08619329
113,3,24,17,56,2,02萬華區,萬華區西寧南路70號,0,0,2,1,C03,8,5,7,50,14,9,1,5,4,5,13,4,4,10,3,5,2,12,1,47,2,7,5,1,7,1,1,9,1,14,,19,,1,21,121.5061002,25.0434187
113,3,24,17,56,2,02萬華區,萬華區西寧南路70號,0,0,2,2,C03,8,5,7,50,14,9,1,5,4,5,13,4,4,10,3,5,2,12,1,27,2,8,5,1,7,9,5,18,1,12,,44,,1,21,121.5061002,25.0434187
113,3,24,17,56,2,02萬華區,萬華區西寧南路70號,0,0,2,3,B03,8,5,7,50,14,9,1,5,4,5,13,4,4,10,3,5,2,12,1,55,3,10,7,1,7,13,1,8,1,6,,44,,1,21,121.5061002,25.0434187
113,3,24,18,10,2,05中正區,中正區古亭河濱公園191號燈桿處,0,0,1,1,F01,8,6,5,50,14,23,1,5,4,5,13,4,4,5,4,5,1,27,2,41,2,9,4,1,7,9,8,20,1,11,,44,,1,21,121.5207585,25.02057698
113,3,24,18,10,2,05中正區,中正區古亭河濱公園191號燈桿處,0,0,1,2,,8,6,5,50,14,23,1,5,4,5,13,4,4,5,4,5,1,27,3,48,,,,,,,,,,,,67,,1,,121.5207585,25.02057698
113,3,24,18,29,2,09北投區,北投區致遠二路與西安街2段口,0,0,1,1,B03,7,5,5,50,4,2,1,5,4,5,13,1,1,10,5,5,2,2,1,28,3,10,7,1,7,5,1,8,2,1,,70,,1,21,121.5131984,25.1174619
113,3,24,18,29,2,09北投區,北投區致遠二路與西安街2段口,0,0,1,2,H01,7,5,5,50,4,2,1,5,4,5,13,1,1,10,5,5,2,2,2,69,2,9,4,5,8,16,8,20,10,16,,67,,1,21,121.5131984,25.1174619
113,3,24,19,40,2,04大安區,大安區市民大道4段與復興南路1段口,0,0,1,1,B01,8,5,5,40,4,1,1,5,4,5,13,2,1,10,5,5,2,16,1,57,3,10,3,4,7,6,1,4,2,5,,44,,1,22,121.5437794,25.04475029
113,3,24,19,40,2,04大安區,大安區市民大道4段與復興南路1段口,0,0,1,2,C03,8,5,5,40,4,1,1,5,4,5,13,2,1,10,5,5,2,16,1,23,2,9,3,4,7,9,1,10,2,14,,108,,1,22,121.5437794,25.04475029
113,3,24,19,58,2,07信義區,信義區吳興街104號,0,0,2,1,H01,7,5,5,30,14,9,1,5,4,5,12,4,4,10,5,5,2,3,1,12,2,8,4,5,8,18,8,20,10,16,,121,,1,21,121.5609989,25.0302699
113,3,24,19,58,2,07信義區,信義區吳興街104號,0,0,2,2,C03,7,5,5,30,14,9,1,5,4,5,12,4,4,10,5,5,2,3,1,33,2,8,6,1,7,9,1,10,1,11,,108,,1,21,121.5609989,25.0302699
113,3,24,20,25,2,03中山區,中山區堤頂大道2段466號,0,0,1,1,B03,8,5,5,50,14,8,1,5,4,5,13,4,4,4,5,1,2,12,1,55,3,10,7,1,7,8,1,14,1,6,,100,,1,21,121.5618429,25.08170183
113,3,24,20,25,2,03中山區,中山區堤頂大道2段466號,0,0,1,2,C03,8,5,5,50,14,8,1,5,4,5,13,4,4,4,5,1,2,12,2,30,2,8,5,1,7,9,1,10,1,11,14,108,,1,21,121.5618429,25.08170183
113,3,24,21,29,2,01大同區,大同區鄭州路與環河北路1段口,0,0,2,1,C03,7,5,7,40,5,1,1,5,4,5,13,2,1,1,4,5,2,17,1,31,2,8,5,4,7,5,1,10,1,14,,17,,1,21,121.5067152,25.0506267
113,3,24,21,29,2,01大同區,大同區鄭州路與環河北路1段口,0,0,2,2,C03,7,5,7,40,5,1,1,5,4,5,13,2,1,1,4,5,2,17,2,26,2,9,5,4,7,6,1,10,1,12,,108,,1,21,121.5067152,25.0506267
113,3,24,21,40,2,07信義區,信義區莊敬隧道,0,0,1,2,,7,5,5,50,6,9,1,5,4,5,13,4,4,9,5,5,2,18,3,0,,,,,,,,,,,,67,,1,,121.5655735,25.0092061
113,3,24,21,40,2,07信義區,信義區莊敬隧道,0,0,1,1,C03,7,5,5,50,6,9,1,5,4,5,13,4,4,9,5,5,2,18,1,46,2,9,3,4,7,9,1,10,9,12,,44,,1,22,121.5655735,25.0092061
113,3,24,22,44,2,04大安區,大安區師大路與師大路135巷口,0,0,1,1,A12,8,5,5,50,4,1,1,5,4,5,13,4,4,5,5,5,2,16,1,36,3,10,7,1,7,5,1,7,1,4,,8,,1,21,121.5280336,25.0216361
113,3,24,22,44,2,04大安區,大安區師大路與師大路135巷口,0,0,1,2,C03,8,5,5,50,4,1,1,5,4,5,13,4,4,5,5,5,2,16,2,33,2,9,5,1,7,9,1,10,1,12,,44,,1,21,121.5280336,25.0216361
113,3,24,22,53,2,09北投區,北投區中央北路2段與稻香路口,0,0,1,1,B03,8,5,5,50,4,1,1,5,4,5,13,2,1,5,4,5,1,16,1,48,3,10,7,1,7,6,1,8,1,5,,9,,1,22,121.4913911,25.138577
113,3,24,22,53,2,09北投區,北投區中央北路2段與稻香路口,0,0,1,2,F01,8,5,5,50,4,1,1,5,4,5,13,2,1,5,4,5,1,16,2,66,2,9,4,1,7,9,8,20,1,14,,44,,1,22,121.4913911,25.138577
113,3,24,23,43,2,07信義區,信義區和平東路3段與信安街口口,0,0,1,1,B01,8,5,5,50,4,2,1,5,4,5,13,2,1,1,4,5,2,2,1,67,3,10,3,4,7,5,1,4,2,8,,70,,1,21,121.5546102,25.0224498
113,3,24,23,43,2,07信義區,信義區和平東路3段與信安街口口,0,0,1,2,H01,8,5,5,50,4,2,1,5,4,5,13,2,1,1,4,5,2,2,2,40,2,9,4,5,8,16,8,20,10,16,,67,,1,21,121.5546102,25.0224498
113,3,25,6,34,2,10文山區,文山區木柵路2段與興隆路4段口,0,0,1,1,B03,8,7,5,50,4,1,1,5,4,5,13,2,1,10,5,5,2,16,1,69,3,10,7,1,7,5,1,8,2,1,,71,,1,21,121.5601532,24.9887092
113,3,25,6,34,2,10文山區,文山區木柵路2段與興隆路4段口,0,0,1,2,C03,8,7,5,50,4,1,1,5,4,5,13,2,1,10,5,5,2,16,1,18,2,9,5,1,7,9,1,10,2,14,,13,,1,21,121.5601532,24.9887092
113,3,25,6,47,2,12內湖區,內湖區民權東路6段232巷與民權東路6段210巷47弄口,0,0,1,2,C03,8,7,5,30,3,1,1,2,4,4,13,4,4,10,5,5,2,17,2,21,2,7,5,1,7,6,1,10,1,14,,14,,1,21,121.6004723,25.06625886
113,3,25,6,47,2,12內湖區,內湖區民權東路6段232巷與民權東路6段210巷47弄口,0,0,1,1,B12,8,7,5,30,3,1,1,2,4,4,13,4,4,10,5,5,2,17,1,25,3,10,7,1,7,6,1,8,9,17,,37,,1,21,121.6004723,25.06625886
113,3,25,7,0,2,07信義區,信義區信義路5段與信義路5段91巷口口,0,0,2,1,C03,8,7,5,50,3,2,1,5,4,5,13,2,1,1,4,5,2,13,1,63,2,9,6,1,7,9,1,10,1,11,12,108,,1,21,121.5718665,25.0329047
113,3,25,7,0,2,07信義區,信義區信義路5段與信義路5段91巷口口,0,0,2,2,C03,8,7,5,50,3,2,1,5,4,5,13,2,1,1,4,5,2,13,1,56,2,1,6,1,7,14,1,9,1,13,14,44,,1,21,121.5718665,25.0329047
113,3,25,7,11,2,04大安區,大安區基隆路2段206號,0,0,2,1,F01,8,6,5,50,14,9,1,5,4,5,13,4,4,1,4,1,2,16,1,51,2,9,3,4,7,6,8,20,2,12,,9,,1,21,121.5516653,25.0237238
113,3,25,7,11,2,04大安區,大安區基隆路2段206號,0,0,2,2,F01,8,6,5,50,14,9,1,5,4,5,13,4,4,1,4,1,2,16,1,14,2,9,3,4,7,9,8,20,2,14,,108,,1,15,121.5516653,25.0237238
113,3,25,7,31,2,01大同區,大同區承德路3段與民族西路口,0,0,1,1,H04,8,6,8,0,22,22,4,5,4,5,13,4,4,10,5,5,2,9,2,64,3,10,4,5,8,20,8,20,10,16,,118,,1,21,121.5186727,25.0686757
113,3,25,7,31,2,01大同區,大同區承德路3段與民族西路口,0,0,1,2,H01,8,6,8,0,22,22,4,5,4,5,13,4,4,10,5,5,2,9,2,80,2,9,4,5,8,20,8,20,2,16,,118,,1,21,121.5186727,25.0686757
113,3,25,7,37,2,07信義區,信義區信安街103巷8號,0,0,1,1,B03,8,6,5,50,14,9,1,5,4,5,13,4,4,9,5,5,2,16,2,49,3,10,3,4,7,1,1,8,1,1,,19,,1,22,121.5580118,25.0251919
113,3,25,7,37,2,07信義區,信義區信安街103巷8號,0,0,1,2,C03,8,6,5,50,14,9,1,5,4,5,13,4,4,9,5,5,2,16,1,25,2,7,3,4,7,9,1,10,1,11,,44,,1,22,121.5580118,25.0251919
113,3,25,7,50,2,06松山區,松山區市民大道4段與光復南路66巷口,0,0,2,1,C03,7,6,5,40,3,2,1,5,4,5,13,4,4,1,4,5,2,13,1,48,2,9,5,4,7,9,6,10,2,11,,14,,1,21,121.5567216,25.04503318
113,3,25,7,50,2,06松山區,松山區市民大道4段與光復南路66巷口,0,0,2,2,C03,7,6,5,40,3,2,1,5,4,5,13,4,4,1,4,5,2,13,1,39,2,9,6,4,7,9,1,10,2,13,,44,,1,21,121.5567216,25.04503318
113,3,25,8,9,2,11南港區,南港區南深路37號旁往南港彎道,0,0,1,1,C03,8,6,5,30,11,9,1,5,4,5,13,4,4,5,4,4,2,18,1,47,2,9,5,1,7,5,1,10,2,12,,13,,1,21,121.6211526,25.030623
113,3,25,8,9,2,11南港區,南港區南深路37號旁往南港彎道,0,0,1,2,,8,6,5,30,11,9,1,5,4,5,13,4,4,5,4,4,2,18,3,0,,,,,,,,,,,,67,,1,,121.6211526,25.030623
113,3,25,8,26,2,03中山區,中山區北安路往大直機車引道,0,0,1,2,C03,8,5,5,50,7,11,1,5,4,4,13,4,4,10,5,5,2,17,1,37,2,9,6,1,7,9,1,10,1,11,,108,,1,21,121.5425232,25.0793412
113,3,25,8,26,2,03中山區,中山區北安路往大直機車引道,0,0,1,1,G01,8,5,5,50,7,11,1,5,4,4,13,4,4,10,5,5,2,17,1,67,3,10,3,4,7,13,7,19,1,15,,38,,1,21,121.5425232,25.0793412
113,3,25,8,29,2,11南港區,南港區南港路3段264之2號,0,0,1,1,B03,8,7,5,50,14,9,1,5,4,5,13,2,1,7,4,5,2,13,2,32,3,10,3,4,7,9,1,8,1,5,,108,,1,21,121.5848626,25.0524955
113,3,25,8,29,2,11南港區,南港區南港路3段264之2號,0,0,1,2,C03,8,7,5,50,14,9,1,5,4,5,13,2,1,7,4,5,2,13,1,25,2,9,6,4,7,14,1,10,1,13,,44,,1,21,121.5848626,25.0524955
113,3,25,9,5,2,05中正區,中正區三元街23號,0,0,1,1,C03,8,7,8,50,22,22,1,5,4,5,13,1,1,1,4,4,2,17,1,44,2,7,5,4,7,9,1,10,1,17,,44,,1,21,121.5101586,25.0285827
113,3,25,9,5,2,05中正區,中正區三元街23號,0,0,1,2,C03,8,7,8,50,22,22,1,5,4,5,13,1,1,1,4,4,2,17,2,47,3,10,5,4,7,11,1,10,1,17,,10,,1,21,121.5101586,25.0285827
113,3,25,9,16,2,06松山區,松山區三民路與南京東路5段251巷32弄口口,0,0,2,1,C03,8,7,5,50,3,1,1,5,4,5,13,4,4,5,4,5,2,16,1,47,2,7,6,1,7,5,1,10,1,11,,99,,1,21,121.563891,25.0529763
113,3,25,9,16,2,06松山區,松山區三民路與南京東路5段251巷32弄口口,0,0,2,2,C03,8,7,5,50,3,1,1,5,4,5,13,4,4,5,4,5,2,16,1,34,2,8,6,1,7,9,1,10,1,14,,13,,1,21,121.563891,25.0529763
113,3,25,9,16,2,07信義區,信義區信義路6段76巷與信義路6段76巷3弄口,0,0,1,1,C03,8,7,5,30,3,1,1,5,4,5,13,4,4,10,5,5,2,16,2,47,3,10,3,4,7,5,1,10,1,14,,101,,1,22,121.5772267,25.0348719
113,3,25,9,16,2,07信義區,信義區信義路6段76巷與信義路6段76巷3弄口,0,0,1,2,C03,8,7,5,30,3,1,1,5,4,5,13,4,4,10,5,5,2,16,2,19,2,9,3,4,7,9,1,10,1,11,,44,,1,22,121.5772267,25.0348719
113,3,25,9,43,2,07信義區,信義區基隆路2段與基隆路2段79巷口口,0,0,3,1,C03,8,7,5,50,3,2,1,5,4,5,13,4,4,3,4,5,2,13,1,21,2,8,6,1,7,9,1,10,1,11,14,16,,1,21,121.5579601,25.0301967
113,3,25,9,43,2,07信義區,信義區基隆路2段與基隆路2段79巷口口,0,0,3,2,C03,8,7,5,50,3,2,1,5,4,5,13,4,4,3,4,5,2,13,1,23,2,8,6,1,7,9,1,10,1,13,12,44,,1,21,121.5579601,25.0301967
113,3,25,9,43,2,07信義區,信義區基隆路2段與基隆路2段79巷口口,0,0,3,3,C03,8,7,5,50,3,2,1,5,4,5,13,4,4,3,4,5,2,13,1,34,2,8,6,1,7,9,1,10,1,14,,44,,1,21,121.5579601,25.0301967
113,3,25,10,30,2,12內湖區,內湖區麗山街346號,0,0,2,1,C03,8,6,5,30,14,9,1,5,4,5,13,4,4,10,5,5,2,10,2,72,2,9,5,1,7,9,3,18,11,11,,5,,1,21,121.5730038,25.0822986
113,3,25,10,30,2,12內湖區,內湖區麗山街346號,0,0,2,2,C03,8,6,5,30,14,9,1,5,4,5,13,4,4,10,5,5,2,10,2,42,2,8,6,1,7,9,1,10,11,11,,44,,1,21,121.5730038,25.0822986
113,3,25,10,36,2,09北投區,北投區西安街2段與西安街2段259巷口,0,0,1,1,C03,7,7,5,50,3,1,1,5,4,5,13,1,1,10,4,5,2,12,1,48,3,10,5,1,7,9,6,10,9,13,,42,,2,21,121.5074721,25.1203777
113,3,25,10,36,2,09北投區,北投區西安街2段與西安街2段259巷口,0,0,1,2,C03,7,7,5,50,3,1,1,5,4,5,13,1,1,10,4,5,2,12,2,22,2,9,6,1,7,9,1,10,1,12,,108,,1,21,121.5074721,25.1203777
113,3,25,10,49,2,04大安區,大安區安和路2段181巷與樂利路口口,0,0,1,1,C03,8,6,5,30,4,1,1,5,4,5,13,4,4,8,4,5,1,15,1,68,2,9,6,1,7,9,1,10,1,13,,72,,1,21,121.5513522,25.0275956
113,3,25,10,49,2,04大安區,大安區安和路2段181巷與樂利路口口,0,0,1,2,B03,8,6,5,30,4,1,1,5,4,5,13,4,4,8,4,5,1,15,1,42,3,10,7,1,7,9,1,8,1,8,,14,,1,21,121.5513522,25.0275956
113,3,25,11,3,2,04大安區,大安區市民大道3段與建國南路1段口口,0,0,2,1,C03,8,6,5,40,4,1,1,5,4,5,13,2,1,8,3,4,1,15,1,20,2,9,3,4,7,15,1,10,1,11,,81,,1,21,121.5363512,25.0446616
113,3,25,11,3,2,04大安區,大安區市民大道3段與建國南路1段口口,0,0,2,2,C03,8,6,5,40,4,1,1,5,4,5,13,2,1,8,3,4,1,15,2,25,2,9,3,4,7,15,1,10,1,11,,13,,1,21,121.5363512,25.0446616
113,3,25,11,14,2,12內湖區,內湖區環山路1段與內湖路1段217巷口,0,0,2,1,C03,8,6,5,40,3,1,1,5,4,5,13,4,4,9,4,4,2,16,2,49,2,9,6,1,7,5,1,10,1,14,,8,,1,21,121.5655344,25.0833635
113,3,25,11,14,2,12內湖區,內湖區環山路1段與內湖路1段217巷口,0,0,2,2,C03,8,6,5,40,3,1,1,5,4,5,13,4,4,9,4,4,2,16,1,20,2,9,6,1,7,9,1,10,1,11,,44,,1,21,121.5655344,25.0833635
113,3,25,11,15,2,08士林區,士林區士東路與士東路200巷口,0,0,1,1,C03,8,6,5,50,3,2,1,5,4,5,13,1,1,1,4,5,2,17,2,62,2,9,5,1,7,11,1,10,2,12,,10,,1,22,121.5330726,25.1127333
113,3,25,11,15,2,08士林區,士林區士東路與士東路200巷口,0,0,1,2,C03,8,6,5,50,3,2,1,5,4,5,13,1,1,1,4,5,2,17,1,58,3,10,6,1,7,9,1,10,2,14,,108,,1,22,121.5330726,25.1127333
113,3,25,11,15,2,07信義區,信義區虎林街222巷與虎林街口,0,0,1,1,C03,8,5,5,30,3,2,1,5,4,5,13,4,4,9,5,5,2,17,1,29,3,10,5,1,7,9,6,18,1,11,,14,,1,21,121.5772276,25.0373784
113,3,25,11,15,2,07信義區,信義區虎林街222巷與虎林街口,0,0,1,2,C03,8,5,5,30,3,2,1,5,4,5,13,4,4,9,5,5,2,17,1,31,2,9,5,1,7,9,1,10,1,11,,44,,1,21,121.5772276,25.0373784
113,3,25,11,43,2,03中山區,中山區吉林路478號,0,0,1,1,B03,7,7,5,50,14,9,1,5,4,5,13,4,4,4,3,4,1,17,1,34,3,10,7,1,7,5,1,8,1,8,,10,,1,21,121.5303987,25.06794632
113,3,25,11,43,2,03中山區,中山區吉林路478號,0,0,1,2,C03,7,7,5,50,14,9,1,5,4,5,13,4,4,4,3,4,1,17,1,64,2,8,5,1,7,9,1,10,1,12,,67,,1,21,121.5303987,25.06794632
113,3,25,12,10,2,11南港區,南港區忠孝東路7段與忠孝東路7段265巷口口,0,0,1,1,B03,7,7,5,50,3,1,1,5,4,5,13,1,1,1,4,5,2,16,1,67,3,10,3,4,7,9,1,8,2,1,,107,,1,22,121.6035214,25.0517742
113,3,25,12,10,2,11南港區,南港區忠孝東路7段與忠孝東路7段265巷口口,0,0,1,2,C03,7,7,5,50,3,1,1,5,4,5,13,1,1,1,4,5,2,16,1,23,2,9,5,4,7,5,1,10,2,14,,44,,1,29,121.6035214,25.0517742
113,3,25,12,29,2,10文山區,文山區木新路3段354號對面,0,0,1,1,A02,8,6,5,50,14,9,1,5,4,5,13,1,1,1,5,5,2,13,1,41,3,10,3,4,7,9,1,1,1,1,,107,,1,21,121.5547963,24.9801582
113,3,25,12,29,2,10文山區,文山區木新路3段354號對面,0,0,1,2,C03,8,6,5,50,14,9,1,5,4,5,13,1,1,1,5,5,2,13,2,55,2,8,3,4,7,14,1,10,1,13,,44,,1,21,121.5547963,24.9801582
113,3,25,12,32,2,04大安區,大安區光復南路286號,0,0,1,1,A02,8,7,5,50,14,9,1,5,4,3,13,2,1,1,4,5,2,12,1,46,3,10,3,4,7,9,1,2,1,2,,108,,1,21,121.5575647,25.0396901
113,3,25,12,32,2,04大安區,大安區光復南路286號,0,0,1,2,C04,8,7,5,50,14,9,1,5,4,3,13,2,1,1,4,5,2,12,1,35,2,9,3,4,7,9,1,10,1,14,,44,,1,21,121.5575647,25.0396901
113,3,25,12,32,2,04大安區,大安區光復南路286號,0,0,1,3,B03,8,7,5,50,14,9,1,5,4,3,13,2,1,1,4,5,2,12,1,31,3,10,3,4,7,14,1,8,1,7,,38,,1,21,121.5575647,25.0396901
113,3,25,12,58,2,07信義區,信義區松高路1號,0,0,1,1,B01,8,5,5,50,14,7,1,5,4,5,13,4,4,10,5,5,2,17,1,60,3,10,7,1,7,9,1,4,1,1,,108,,1,21,121.5640427,25.0391645
113,3,25,12,58,2,07信義區,信義區松高路1號,0,0,1,2,C03,8,5,5,50,14,7,1,5,4,5,13,4,4,10,5,5,2,17,1,40,2,9,5,1,7,15,1,10,1,13,,44,,1,21,121.5640427,25.0391645
113,3,25,13,3,2,07信義區,信義區松仁路100號,0,0,2,1,C03,8,5,5,50,14,9,1,5,4,5,13,4,4,1,4,5,2,13,1,31,2,9,5,1,7,9,1,10,1,11,,16,,1,22,121.5682661,25.0345597
113,3,25,13,3,2,07信義區,信義區松仁路100號,0,0,2,2,C03,8,5,5,50,14,9,1,5,4,5,13,4,4,1,4,5,2,13,1,45,2,8,5,1,7,9,1,10,1,13,,44,,1,22,121.5682661,25.0345597
113,3,25,13,3,2,07信義區,信義區松仁路100號,0,0,2,3,A04,8,5,5,50,14,9,1,5,4,5,13,4,4,1,4,5,2,13,1,53,3,10,7,1,7,1,1,2,9,17,,19,,1,22,121.5682661,25.0345597
113,3,25,13,58,2,06松山區,松山區光復北路與南京東路4段口,0,0,1,1,B03,8,5,5,50,4,1,1,5,4,5,13,2,1,1,4,5,2,17,1,30,3,10,3,4,7,8,1,8,1,5,,100,,1,22,121.5573286,25.05165058
113,3,25,13,58,2,06松山區,松山區光復北路與南京東路4段口,0,0,1,2,C03,8,5,5,50,4,1,1,5,4,5,13,2,1,1,4,5,2,17,1,26,2,9,6,4,7,6,1,10,1,14,,108,,1,22,121.5573286,25.05165058
113,3,25,14,6,2,04大安區,大安區建國南路1段往北(人行道0504678燈桿),0,0,1,1,C03,7,6,5,40,14,8,1,5,4,5,13,4,4,1,4,4,2,13,1,20,2,9,3,4,7,9,1,10,1,11,,42,,1,21,121.538277,25.0391093
113,3,25,14,6,2,04大安區,大安區建國南路1段往北(人行道0504678燈桿),0,0,1,2,A04,7,6,5,40,14,8,1,5,4,5,13,4,4,1,4,4,2,13,1,61,3,10,3,4,7,13,1,1,1,10,,38,,1,21,121.538277,25.0391093
113,3,25,14,6,2,04大安區,大安區建國南路1段往北(人行道0504678燈桿),0,0,1,3,C03,7,6,5,40,14,8,1,5,4,5,13,4,4,1,4,4,2,13,1,44,3,10,3,4,7,9,1,10,1,17,,44,,1,21,121.538277,25.0391093
113,3,25,14,45,2,08士林區,士林區延平北路6段與通河西街2段口,0,0,1,1,C03,8,6,5,50,5,1,1,5,4,5,13,1,1,1,4,4,1,17,1,26,2,9,5,1,7,6,1,10,1,12,,44,,1,21,121.4979523,25.09417571
113,3,25,14,45,2,08士林區,士林區延平北路6段與通河西街2段口,0,0,1,2,C03,8,6,5,50,5,1,1,5,4,5,13,1,1,1,4,4,1,17,1,27,3,10,5,1,7,15,1,10,1,17,,42,,1,21,121.4979523,25.09417571
113,3,25,15,17,2,08士林區,士林區中正路與重慶北路4段口,0,0,2,1,B03,7,6,5,50,4,2,1,5,4,5,13,4,4,1,4,5,1,16,1,20,4,11,3,4,7,15,7,19,11,15,,100,,2,22,121.5098414,25.0867072
113,3,25,15,17,2,08士林區,士林區中正路與重慶北路4段口,0,0,2,2,C03,7,6,5,50,4,2,1,5,4,5,13,4,4,1,4,5,1,16,2,25,2,9,3,4,7,9,1,10,1,11,,44,,1,21,121.5098414,25.0867072
113,3,25,15,17,2,08士林區,士林區中正路與重慶北路4段口,0,0,2,3,H02,7,6,5,50,4,2,1,5,4,5,13,4,4,1,4,5,1,16,2,14,2,8,3,5,7,20,8,20,10,16,,67,,1,21,121.5098414,25.0867072
113,3,25,15,23,2,08士林區,士林區中山北路6段與忠誠路1段口,0,0,1,1,B02,7,7,5,50,4,1,1,5,4,5,13,1,1,1,5,5,1,17,1,64,3,10,7,1,7,9,1,4,1,8,,108,,1,21,121.5245427,25.1047691
113,3,25,15,23,2,08士林區,士林區中山北路6段與忠誠路1段口,0,0,1,2,C03,7,7,5,50,4,1,1,5,4,5,13,1,1,1,5,5,1,17,1,56,2,9,5,1,7,7,1,10,1,14,,100,,1,21,121.5245427,25.1047691
113,3,25,15,43,2,04大安區,大安區建國南路1段與忠孝東路3段217巷7弄口口,0,0,2,1,C03,7,7,5,50,4,1,1,5,4,5,13,2,1,1,4,5,1,17,2,28,2,5,6,1,7,1,1,10,1,14,,19,,1,21,121.5368517,25.0436665
113,3,25,15,43,2,04大安區,大安區建國南路1段與忠孝東路3段217巷7弄口口,0,0,2,2,C03,7,7,5,50,4,1,1,5,4,5,13,2,1,1,4,5,1,17,1,21,2,7,6,1,7,9,1,10,1,12,,44,,1,21,121.5368517,25.0436665
113,3,25,16,5,2,05中正區,中正區中華路1段83號,0,0,1,1,C03,8,7,5,50,14,9,1,5,4,5,13,4,4,1,4,5,2,17,1,66,3,10,5,1,7,8,1,10,2,13,,100,,1,21,121.5074486,25.03856048
113,3,25,16,5,2,05中正區,中正區中華路1段83號,0,0,1,2,C03,8,7,5,50,14,9,1,5,4,5,13,4,4,1,4,5,2,17,1,43,2,9,5,1,7,9,3,18,2,11,,42,,1,21,121.5074486,25.03856048
113,3,25,16,35,2,05中正區,中正區重慶南路1段與愛國西路口,0,0,1,1,B03,8,7,5,50,4,1,1,5,4,5,13,2,1,3,5,1,1,16,1,65,3,10,7,1,7,6,1,8,2,5,,9,,1,22,121.5123333,25.0353752
113,3,25,16,35,2,05中正區,中正區重慶南路1段與愛國西路口,0,0,1,2,F01,8,7,5,50,4,1,1,5,4,5,13,2,1,3,5,1,1,16,1,16,2,9,4,1,7,9,8,20,1,14,,44,,1,16,121.5123333,25.0353752
113,3,25,16,58,2,02萬華區,萬華區環河南路1段348巷與環河南路1段口,0,0,2,1,C03,7,6,5,50,3,1,1,5,4,5,13,1,1,3,4,5,2,13,2,19,2,9,3,4,7,9,1,10,1,11,,16,,1,22,121.4958365,25.0369331
113,3,25,16,58,2,02萬華區,萬華區環河南路1段348巷與環河南路1段口,0,0,2,2,C03,7,6,5,50,3,1,1,5,4,5,13,1,1,3,4,5,2,13,1,41,2,9,5,4,7,12,1,10,1,13,,44,,1,22,121.4958365,25.0369331
113,3,25,16,58,2,02萬華區,萬華區環河南路1段348巷與環河南路1段口,0,0,2,3,C03,7,6,5,50,3,1,1,5,4,5,13,1,1,3,4,5,2,13,1,53,3,10,5,4,7,7,1,10,1,17,,100,,1,22,121.4958365,25.0369331