發生年度,發生月,發生日,發生時-Hours,發生分,處理別-編號,區序,肇事地點,死亡人數,2-30日死亡人數,受傷人數,當事人序號,車種,天候,道路照明設備,道路類別,速限-速度限制,道路型態,事故位置,路面狀況1,路面狀況2,路面狀況3,道路障礙1,道路障礙2,號誌1,號誌2,車道劃分-分向,車道劃分-分道1,車道劃分-分道2,車道劃分-分道3,事故類型及型態,性別,年齡,受傷程度,主要傷處,保護裝置,行動電話,車輛用途,當事者行動狀態,駕駛資格情形,駕駛執照種類,飲酒情形,車輛撞擊部位1,車輛撞擊部位2,肇因碼-個別,肇因碼-主要,個人肇逃否,職業,座標-X,座標-Y
113,3,25,17,12,2,03中山區,中山區松江路與民族東路口,0,0,1,1,B01,8,5,5,50,3,1,1,5,4,5,13,1,1,1,4,5,2,17,1,55,3,10,3,4,7,6,1,4,1,2,,9,,1,21,121.5325834,25.0681644
113,3,25,17,12,2,03中山區,中山區松江路與民族東路口,0,0,1,2,C03,8,5,5,50,3,1,1,5,4,5,13,1,1,1,4,5,2,17,2,32,2,9,3,4,7,9,1,10,1,14,,44,,1,21,121.5325834,25.0681644
113,3,25,17,12,2,09北投區,北投區中央北路2段與稻香路口,0,0,2,1,B03,8,6,5,50,14,9,1,5,4,4,13,1,1,5,4,5,2,12,1,70,3,10,7,1,7,9,1,8,2,2,,108,,1,21,121.4913569,25.1385384
113,3,25,17,12,2,09北投區,北投區中央北路2段與稻香路口,0,0,2,2,C03,8,6,5,50,14,9,1,5,4,4,13,1,1,5,4,5,2,12,2,18,2,9,5,1,7,9,1,10,2,14,,44,,1,25,121.4913569,25.1385384
113,3,25,17,12,2,09北投區,北投區中央北路2段與稻香路口,0,0,2,3,H02,8,6,5,50,14,9,1,5,4,4,13,1,1,5,4,5,2,12,2,19,2,9,5,5,7,20,8,20,10,16,,67,,1,25,121.4913569,25.1385384
113,3,25,17,50,2,09北投區,北投區崇仁路1段與清江路口,0,0,2,1,C03,8,5,5,30,3,3,1,5,4,5,13,4,4,5,5,5,2,16,1,18,2,7,5,1,7,5,1,10,1,14,,8,,1,21,121.501703,25.12564438
113,3,25,17,50,2,09北投區,北投區崇仁路1段與清江路口,0,0,2,2,C03,8,5,5,30,3,3,1,5,4,5,13,4,4,5,5,5,2,16,1,52,2,9,5,1,7,9,3,18,1,12,,13,,1,21,121.501703,25.12564438
113,3,25,17,57,2,12內湖區,內湖區內湖路1段360巷2-1號,0,0,1,1,B03,8,5,5,50,14,9,1,5,4,5,13,4,4,9,4,5,2,11,1,38,3,10,7,1,7,11,1,8,1,2,,80,,1,21,121.5705884,25.08096699
113,3,25,17,57,2,12內湖區,內湖區內湖路1段360巷2-1號,0,0,1,2,C03,8,5,5,50,14,9,1,5,4,5,13,4,4,9,4,5,2,11,1,41,2,8,5,1,7,9,1,10,1,11,,44,,1,21,121.5705884,25.08096699
113,3,25,18,23,2,01大同區,大同區塔城街與忠孝西路1段口,0,0,1,1,C03,8,5,5,50,4,1,1,5,4,5,13,2,1,1,3,5,1,16,1,39,3,10,3,1,7,9,1,10,9,12,,44,,2,21,121.5101813,25.0482293
113,3,25,18,23,2,01大同區,大同區塔城街與忠孝西路1段口,0,0,1,2,C03,8,5,5,50,4,1,1,5,4,5,13,2,1,1,3,5,1,16,1,21,2,8,6,1,7,5,1,10,1,14,,96,,1,21,121.5101813,25.0482293
113,3,25,18,25,2,03中山區,中山區中山北路3段59號,0,0,1,1,C03,8,5,5,30,14,9,1,5,4,5,13,4,4,1,4,5,2,17,2,52,3,10,3,4,7,9,1,10,1,11,,73,,1,22,121.52311,25.06889517
113,3,25,18,25,2,03中山區,中山區中山北路3段59號,0,0,1,2,C03,8,5,5,30,14,9,1,5,4,5,13,4,4,1,4,5,2,17,1,26,3,10,3,4,7,9,1,10,1,13,,44,,1,22,121.52311,25.06889517
113,3,25,18,25,2,03中山區,中山區中山北路3段59號,0,0,1,3,H02,8,5,5,30,14,9,1,5,4,5,13,4,4,1,4,5,2,17,2,27,2,8,3,5,7,17,8,20,10,16,,67,,1,22,121.52311,25.06889517
113,3,25,18,48,2,04大安區,大安區辛亥路3段157巷與辛亥路3段157巷24弄口,0,0,3,1,C03,8,5,5,50,3,1,1,5,4,5,13,4,4,10,5,5,2,16,2,41,2,9,3,4,7,5,1,10,1,12,,44,,1,22,121.5504981,25.0181096
113,3,25,18,48,2,04大安區,大安區辛亥路3段157巷與辛亥路3段157巷24弄口,0,0,3,2,C03,8,5,5,50,3,1,1,5,4,5,13,4,4,10,5,5,2,16,1,22,2,9,3,4,7,9,1,10,1,11,,44,,1,22,121.5504981,25.0181096
113,3,25,18,48,2,04大安區,大安區辛亥路3段157巷與辛亥路3段157巷24弄口,0,0,3,3,H02,8,5,5,50,3,1,1,5,4,5,13,4,4,10,5,5,2,16,2,7,2,9,3,5,7,21,8,20,10,16,,60,,1,22,121.5504981,25.0181096
113,3,25,18,52,2,10文山區,文山區木新路3段228號前,0,0,1,1,C04,8,5,5,50,14,9,1,5,4,5,13,2,1,5,4,5,2,12,1,46,2,7,5,1,7,8,1,11,1,12,,100,,1,21,121.5591941,24.98134836
113,3,25,18,52,2,10文山區,文山區木新路3段228號前,0,0,1,2,C03,8,5,5,50,14,9,1,5,4,5,13,2,1,5,4,5,2,12,1,21,3,10,5,1,7,9,1,10,1,14,,14,,1,21,121.5591941,24.98134836
113,3,25,18,54,2,03中山區,中山區龍江路370巷與民族東路410巷口口,0,0,1,1,F01,7,5,5,30,4,1,1,5,4,5,13,4,4,9,4,5,2,17,1,68,2,9,3,4,7,9,8,20,1,11,,80,,1,21,121.5383278,25.0664284
113,3,25,18,54,2,03中山區,中山區龍江路370巷與民族東路410巷口口,0,0,1,2,C03,7,5,5,30,4,1,1,5,4,5,13,4,4,9,4,5,2,17,1,31,3,10,3,4,7,9,1,10,1,11,,108,,1,21,121.5383278,25.0664284
113,3,25,18,57,2,03中山區,中山區市民大道2段與天津街口,0,0,2,1,C03,8,5,5,40,4,1,1,5,4,5,13,1,1,1,4,5,2,12,1,24,2,8,6,1,7,15,1,10,1,13,,100,,1,21,121.5225074,25.0479977
113,3,25,18,57,2,03中山區,中山區市民大道2段與天津街口,0,0,2,2,C03,8,5,5,40,4,1,1,5,4,5,13,1,1,1,4,5,2,12,1,23,3,10,6,1,7,9,1,10,1,11,,13,,1,21,121.5225074,25.0479977
113,3,25,18,57,2,03中山區,中山區市民大道2段與天津街口,0,0,2,3,H02,8,5,5,40,4,1,1,5,4,5,13,1,1,1,4,5,2,12,2,22,2,8,6,5,7,20,8,20,10,16,,67,,1,21,121.5225074,25.0479977
113,3,25,19,0,2,02萬華區,萬華區康定路與和平西路3段口,0,0,1,1,B02,8,5,5,50,4,2,1,5,4,5,13,2,1,9,4,5,2,12,1,46,3,10,3,4,7,9,1,8,1,2,,108,,1,22,121.5012279,25.035034
113,3,25,19,0,2,02萬華區,萬華區康定路與和平西路3段口,0,0,1,2,C03,8,5,5,50,4,2,1,5,4,5,13,2,1,9,4,5,2,12,1,70,2,9,6,1,7,9,1,10,1,14,,44,,1,22,121.5012279,25.035034
113,3,25,19,32,2,07信義區,信義區吳興街215號,0,0,2,1,F01,8,5,5,30,14,9,1,5,4,5,13,4,4,9,4,5,2,12,1,68,2,9,2,4,7,15,8,20,1,14,,100,,1,21,121.5629635,25.0279409
113,3,25,19,32,2,07信義區,信義區吳興街215號,0,0,2,2,C03,8,5,5,30,14,9,1,5,4,5,13,4,4,9,4,5,2,12,2,32,2,9,5,1,7,9,1,10,1,11,,13,,1,21,121.5629635,25.0279409
113,3,25,19,36,2,09北投區,北投區湖底路10-12號,0,0,1,1,B03,7,5,5,30,11,9,1,5,4,5,13,4,4,10,5,5,2,10,1,24,3,10,7,1,7,9,1,8,2,1,,17,,1,21,121.5375425,25.146584
113,3,25,19,36,2,09北投區,北投區湖底路10-12號,0,0,1,2,C03,7,5,5,30,11,9,1,5,4,5,13,4,4,10,5,5,2,10,1,18,2,9,6,1,7,9,1,10,2,11,,17,,1,21,121.5375425,25.146584
113,3,25,19,42,2,08士林區,士林區福華路與福國路口,0,0,2,1,C03,8,5,5,50,4,1,1,5,4,5,13,1,1,1,4,5,2,16,1,39,2,9,3,4,7,5,1,10,2,14,,71,,1,21,121.5224465,25.10194854
113,3,25,19,42,2,08士林區,士林區福華路與福國路口,0,0,2,2,C03,8,5,5,50,4,1,1,5,4,5,13,1,1,1,4,5,2,16,2,25,2,9,3,4,7,9,1,10,2,12,,13,,1,21,121.5224465,25.10194854
113,3,25,20,24,2,05中正區,中正區仁愛路1段42號,0,0,1,1,B03,8,5,5,50,14,9,1,5,4,5,13,4,4,1,4,5,2,16,1,34,3,10,7,1,7,1,1,8,2,1,,19,,1,21,121.5242383,25.0382584
113,3,25,20,24,2,05中正區,中正區仁愛路1段42號,0,0,1,2,F01,8,5,5,50,14,9,1,5,4,5,13,4,4,1,4,5,2,16,2,63,2,9,4,1,7,15,8,20,2,12,,47,,1,21,121.5242383,25.0382584
113,3,25,20,45,2,12內湖區,內湖區港墘路與內湖路1段737巷50弄口,0,0,1,1,C03,8,5,5,50,14,9,1,5,4,5,13,2,1,1,4,5,2,17,2,47,3,10,6,4,7,12,1,10,2,17,,44,,1,21,121.5778064,25.08062413
113,3,25,20,45,2,12內湖區,內湖區港墘路與內湖路1段737巷50弄口,0,0,1,2,C03,8,5,5,50,14,9,1,5,4,5,13,2,1,1,4,5,2,17,1,24,2,9,6,4,7,9,1,10,2,17,,13,,1,21,121.5778064,25.08062413
113,3,25,21,18,2,07信義區,信義區忠孝東路5段611號,0,0,1,1,B03,8,5,5,50,14,9,1,5,4,5,13,4,4,3,4,5,2,16,1,26,3,10,7,1,7,1,1,8,1,8,,19,,1,21,121.5788752,25.041448
113,3,25,21,18,2,07信義區,信義區忠孝東路5段611號,0,0,1,2,C03,8,5,5,50,14,9,1,5,4,5,13,4,4,3,4,5,2,16,2,22,2,8,6,1,7,9,1,10,1,11,,44,,1,21,121.5788752,25.041448
113,3,25,21,49,2,02萬華區,萬華區環河南路1段324號,0,0,3,1,C03,8,5,5,50,14,9,1,5,4,5,13,4,4,9,4,5,2,13,1,25,2,9,6,4,7,9,6,18,1,11,,108,,1,22,121.4986432,25.04080088
113,3,25,21,49,2,02萬華區,萬華區環河南路1段324號,0,0,3,2,B12,8,5,5,50,14,9,1,5,4,5,13,4,4,9,4,5,2,13,1,49,2,9,2,1,7,14,6,18,1,3,,44,,1,21,121.4986432,25.04080088
113,3,25,21,49,2,02萬華區,萬華區環河南路1段324號,0,0,3,3,H02,8,5,5,50,14,9,1,5,4,5,13,4,4,9,4,5,2,13,2,24,2,9,6,5,7,20,8,20,10,16,,67,,1,22,121.4986432,25.04080088
113,3,25,21,53,2,05中正區,中正區羅斯福路1段與林森南路地下道口,0,0,2,1,C03,8,5,5,30,5,1,1,5,4,5,13,1,1,10,4,5,1,17,2,23,2,9,5,1,7,5,1,10,2,14,,8,,1,21,121.5181019,25.0328965
113,3,25,21,53,2,05中正區,中正區羅斯福路1段與林森南路地下道口,0,0,2,2,C03,8,5,5,30,5,1,1,5,4,5,13,1,1,10,4,5,1,17,1,24,2,9,5,1,7,9,1,10,2,12,,44,,1,21,121.5181019,25.0328965
113,3,25,22,2,2,10文山區,文山區木柵路4段與木柵路4段33巷口口旁,0,0,1,1,B03,8,5,5,50,3,2,1,5,4,5,13,2,1,10,5,5,2,13,1,23,3,10,7,1,7,9,1,8,2,1,,108,,1,21,121.5715895,24.99404319
113,3,25,22,2,2,10文山區,文山區木柵路4段與木柵路4段33巷口口旁,0,0,1,2,C03,8,5,5,50,3,2,1,5,4,5,13,2,1,10,5,5,2,13,1,37,2,9,5,1,7,9,1,10,2,13,,44,,1,21,121.5715895,24.99404319
113,3,25,22,15,2,07信義區,信義區忠孝東路5段438號,0,0,1,1,B03,8,5,5,50,14,9,1,5,4,5,13,4,4,9,4,5,2,17,1,57,3,10,7,1,7,14,1,8,1,2,,38,,1,21,121.5765219,25.0407426
113,3,25,22,15,2,07信義區,信義區忠孝東路5段438號,0,0,1,3,H02,8,5,5,50,14,9,1,5,4,5,13,4,4,9,4,5,2,17,2,36,3,10,4,5,7,20,8,20,10,17,,126,,1,21,121.5765219,25.0407426
113,3,25,22,15,2,07信義區,信義區忠孝東路5段438號,0,0,1,2,C02,8,5,5,50,14,9,1,5,4,5,13,4,4,9,4,5,2,17,1,28,2,9,6,1,7,1,1,9,1,11,,19,,1,21,121.5765219,25.0407426
113,3,25,22,25,2,06松山區,松山區民生東路5段與三民路口,0,0,3,1,A02,7,5,5,50,4,2,1,2,4,5,13,1,1,1,3,5,2,17,1,47,3,10,3,4,7,9,1,2,11,17,,37,,1,21,121.5635421,25.0585176
113,3,25,22,25,2,06松山區,松山區民生東路5段與三民路口,0,0,3,2,C03,7,5,5,50,4,2,1,2,4,5,13,1,1,1,3,5,2,17,1,41,2,9,6,1,7,9,1,10,1,14,,44,,1,21,121.5635421,25.0585176
113,3,25,22,25,2,06松山區,松山區民生東路5段與三民路口,0,0,3,3,C03,7,5,5,50,4,2,1,2,4,5,13,1,1,1,3,5,2,17,1,24,2,9,6,1,7,9,1,10,1,14,,44,,1,21,121.5635421,25.0585176
113,3,25,22,25,2,06松山區,松山區民生東路5段與三民路口,0,0,3,4,H02,7,5,5,50,4,2,1,2,4,5,13,1,1,1,3,5,2,17,2,39,2,9,6,5,7,20,8,20,10,16,,67,,1,21,121.5635421,25.0585176
113,3,25,22,40,2,08士林區,士林區仰德大道3段與永公路口,0,0,1,1,C03,8,5,5,40,3,2,1,5,4,1,13,1,1,5,5,5,1,12,2,21,2,7,6,1,7,9,1,10,1,14,,16,,1,21,121.55012,25.1134556
113,3,25,22,40,2,08士林區,士林區仰德大道3段與永公路口,0,0,1,2,B02,8,5,5,40,3,2,1,5,4,1,13,1,1,5,5,5,1,12,1,19,3,10,7,1,7,14,1,8,1,6,,44,,1,21,121.55012,25.1134556
113,3,25,22,42,2,01大同區,大同區民生西路與寧夏路口,0,0,1,1,C03,7,5,5,50,4,1,1,5,4,5,13,2,1,5,4,5,2,17,1,32,4,11,6,4,7,8,1,10,11,17,,100,,2,21,121.5162553,25.0570713
113,3,25,22,42,2,01大同區,大同區民生西路與寧夏路口,0,0,1,2,C03,7,5,5,50,4,1,1,5,4,5,13,2,1,5,4,5,2,17,2,18,2,9,5,4,7,9,1,10,1,12,,44,,1,21,121.5162553,25.0570713
113,3,25,23,7,2,10文山區,文山區辛亥路4段191號與無名巷口,0,0,1,1,B01,8,5,5,50,3,2,1,5,4,5,13,2,1,1,4,5,2,16,1,53,3,10,7,1,7,11,1,2,2,4,,71,,1,21,121.5569624,25.0047576
113,3,25,23,7,2,10文山區,文山區辛亥路4段191號與無名巷口,0,0,1,2,C03,8,5,5,50,3,2,1,5,4,5,13,2,1,1,4,5,2,16,2,23,2,7,6,1,7,9,3,18,2,11,,108,,1,21,121.5569624,25.0047576
113,3,25,23,37,2,11南港區,南港區南港路1段與興華路口,0,0,1,1,B03,8,5,5,50,4,1,1,5,4,5,13,2,1,5,4,5,2,3,1,47,3,10,3,4,7,5,1,8,2,1,,70,,1,21,121.6063128,25.0542774
113,3,25,23,37,2,11南港區,南港區南港路1段與興華路口,0,0,1,2,H01,8,5,5,50,4,1,1,5,4,5,13,2,1,5,4,5,2,3,2,53,2,9,4,5,8,16,8,20,1,16,,67,,1,21,121.6063128,25.0542774
113,3,26,3,42,2,02萬華區,萬華區西寧南路與峨眉街口,0,0,1,1,F07,7,5,5,50,4,1,1,5,4,5,13,2,1,9,4,5,1,9,1,41,2,6,4,4,8,20,8,20,1,16,,42,,1,22,121.5061712,25.0437172
113,3,26,3,42,2,02萬華區,萬華區西寧南路與峨眉街口,0,0,1,2,B11,7,5,5,50,4,1,1,5,4,5,13,2,1,9,4,5,1,9,1,29,3,10,3,4,7,9,1,4,1,8,,44,,1,22,121.5061712,25.0437172
113,3,26,5,34,2,12內湖區,內湖區成功路2段250巷,0,0,1,1,C03,7,5,5,50,3,2,1,5,4,5,13,1,1,1,4,5,2,9,2,71,2,9,5,1,7,9,3,18,1,11,,108,,1,21,121.5906274,25.0661729
113,3,26,5,34,2,12內湖區,內湖區成功路2段250巷,0,0,1,2,H01,7,5,5,50,3,2,1,5,4,5,13,1,1,1,4,5,2,9,1,55,3,10,4,5,8,16,8,20,10,16,,54,,1,21,121.5906274,25.0661729
113,3,26,5,34,2,12內湖區,內湖區成功路2段250巷,0,0,1,3,H01,7,5,5,50,3,2,1,5,4,5,13,1,1,1,4,5,2,9,1,56,3,10,4,5,8,16,8,20,10,16,,54,,1,21,121.5906274,25.0661729
113,3,26,6,22,2,05中正區,中正區重慶北路1段與鄭州路口,0,0,1,1,C03,7,6,5,40,4,1,1,5,4,5,13,1,1,1,4,5,2,12,1,59,2,9,6,1,7,7,1,10,2,14,,100,,1,22,121.5131378,25.0493604
113,3,26,6,22,2,05中正區,中正區重慶北路1段與鄭州路口,0,0,1,2,A02,7,6,5,40,4,1,1,5,4,5,13,1,1,1,4,5,2,12,1,44,3,10,7,1,7,9,1,2,2,2,,108,,1,21,121.5131378,25.0493604
113,3,26,6,24,2,02萬華區,萬華區富民路101號,0,0,1,1,H01,7,6,5,0,14,9,1,5,4,3,13,4,4,9,4,5,1,9,1,71,2,9,4,5,8,16,8,20,10,16,,121,,1,22,121.50737,25.03691096
113,3,26,6,24,2,02萬華區,萬華區富民路101號,0,0,1,2,C03,7,6,5,0,14,9,1,5,4,3,13,4,4,9,4,5,1,9,2,26,3,10,3,4,7,9,1,10,1,11,,107,,1,22,121.50737,25.03691096
113,3,26,6,52,2,09北投區,北投區中央北路4段與自立路口,0,0,1,1,C03,7,7,5,50,4,1,1,5,4,5,13,1,1,4,4,5,2,16,1,35,3,10,6,1,7,6,1,10,1,12,,42,,1,21,121.4655003,25.12606998
113,3,26,6,52,2,09北投區,北投區中央北路4段與自立路口,0,0,1,2,C03,7,7,5,50,4,1,1,5,4,5,13,1,1,4,4,5,2,16,1,42,2,8,6,1,7,9,1,10,1,14,,42,,1,21,121.4655003,25.12606998
113,3,26,7,44,2,03中山區,中山區新生北路2段與長春路口,0,0,1,1,C03,6,5,5,30,3,1,1,4,4,5,13,4,4,9,4,5,2,17,1,44,3,10,3,4,7,5,1,10,1,17,,73,,1,21,121.5272112,25.05499358
113,3,26,7,44,2,03中山區,中山區新生北路2段與長春路口,0,0,1,2,C03,6,5,5,30,3,1,1,4,4,5,13,4,4,9,4,5,2,17,1,33,2,9,3,4,7,9,1,10,1,17,,14,,1,21,121.5272112,25.05499358
113,3,26,7,45,2,07信義區,信義區信義路6段42號,0,0,1,1,C03,6,6,5,50,14,9,1,4,4,5,13,4,4,5,4,5,2,18,2,48,2,8,6,1,7,9,1,10,1,14,,42,,1,22,121.5759821,25.0345196
113,3,26,7,45,2,07信義區,信義區信義路6段42號,0,0,1,2,,6,6,5,50,14,9,1,4,4,5,13,4,4,5,4,5,2,18,3,0,,,,,,,,,,,,67,,1,,121.5759821,25.0345196
113,3,26,7,48,2,10文山區,文山區和平東路4段與和平東路4段295巷口,0,0,1,1,B03,6,7,5,40,3,1,1,4,4,5,13,1,1,10,5,5,2,16,1,33,3,10,7,1,7,5,1,8,1,6,,71,,1,21,121.5731086,25.0006648
113,3,26,7,48,2,10文山區,文山區和平東路4段與和平東路4段295巷口,0,0,1,2,C03,6,7,5,40,3,1,1,4,4,5,13,1,1,10,5,5,2,16,1,21,2,9,5,1,7,9,1,10,1,11,,44,,1,21,121.5731086,25.0006648
113,3,26,8,2,2,09北投區,北投區中和街與大業路口,0,0,1,1,B03,7,7,5,50,4,1,1,5,4,5,13,1,1,5,4,5,2,15,2,73,3,10,7,1,7,9,1,8,2,5,,42,,1,21,121.503791,25.13718581
113,3,26,8,2,2,09北投區,北投區中和街與大業路口,0,0,1,2,C03,7,7,5,50,4,1,1,5,4,5,13,1,1,5,4,5,2,15,2,48,2,9,6,1,7,9,1,10,2,14,,44,,1,21,121.503791,25.13718581
113,3,26,8,12,2,07信義區,信義區信義路6段6號,0,0,1,1,B03,8,7,5,50,14,9,1,4,4,5,13,4,4,10,4,5,2,12,1,54,3,10,3,4,7,9,1,14,1,5,,108,,1,22,121.5748774,25.0337245
113,3,26,8,12,2,07信義區,信義區信義路6段6號,0,0,1,2,C03,8,7,5,50,14,9,1,4,4,5,13,4,4,10,4,5,2,12,2,58,2,9,5,1,7,7,1,10,1,13,,100,,1,21,121.5748774,25.0337245
113,3,26,8,15,2,03中山區,中山區伊通街與長春路口,0,0,1,1,C03,7,6,5,50,3,1,1,4,4,5,13,1,1,5,4,5,2,17,1,44,2,9,5,4,7,9,1,10,1,14,,16,,1,21,121.5353246,25.0548955
113,3,26,8,15,2,03中山區,中山區伊通街與長春路口,0,0,1,2,B03,7,6,5,50,3,1,1,4,4,5,13,1,1,5,4,5,2,17,4,0,4,11,3,4,7,6,7,19,11,17,,119,,2,21,121.5353246,25.0548955
113,3,26,8,23,2,12內湖區,內湖區文德路212號,0,0,1,1,F01,7,7,8,0,22,20,4,5,4,5,13,4,4,10,5,5,2,9,1,16,3,10,4,1,7,9,8,20,1,17,,42,,1,21,121.5845327,25.0783908
113,3,26,8,23,2,12內湖區,內湖區文德路212號,0,0,1,2,H01,7,7,8,0,22,20,4,5,4,5,13,4,4,10,5,5,2,9,2,59,2,9,4,5,8,16,8,20,1,16,,67,,1,21,121.5845327,25.0783908
113,3,26,8,40,2,08士林區,士林區通河街76巷與承德路4段10巷口,0,0,1,2,C03,8,6,5,30,4,1,1,5,4,5,13,4,4,5,5,5,2,15,1,27,2,7,3,4,7,9,1,10,1,11,,44,,1,21,121.5201443,25.0801212
113,3,26,8,40,2,08士林區,士林區通河街76巷與承德路4段10巷口,0,0,1,1,B03,8,6,5,30,4,1,1,5,4,5,13,4,4,5,5,5,2,15,2,44,3,10,3,4,7,9,1,8,1,4,,80,,1,21,121.5201443,25.0801212
113,3,26,9,1,2,11南港區,南港區重陽路與無名巷口,0,0,1,1,C03,6,6,5,50,4,2,1,4,4,5,13,4,4,5,5,4,2,15,1,35,2,9,3,4,7,21,1,10,2,11,,72,,1,22,121.6039864,25.0576775
113,3,26,9,1,2,11南港區,南港區重陽路與無名巷口,0,0,1,2,B03,6,6,5,50,4,2,1,4,4,5,13,4,4,5,5,4,2,15,1,36,3,10,3,4,7,9,1,8,2,4,,14,,1,22,121.6039864,25.0576775
113,3,26,9,1,2,07信義區,信義區基隆路1段與忠孝東路5段口,0,0,1,2,C03,6,6,5,50,4,4,1,4,4,5,13,2,1,1,4,5,2,12,2,29,2,8,5,1,7,9,1,10,1,12,,13,,1,21,121.5645333,25.0410241
113,3,26,9,1,2,07信義區,信義區基隆路1段與忠孝東路5段口,0,0,1,1,B03,6,6,5,50,4,4,1,4,4,5,13,2,1,1,4,5,2,12,1,55,3,10,3,4,7,8,1,8,9,17,,100,,2,21,121.5645333,25.0410241
113,3,26,9,5,2,07信義區,信義區基隆路2段133號與嘉興街216巷口,0,0,1,1,B12,6,6,5,50,4,1,1,4,4,5,13,2,1,1,4,5,1,11,1,52,3,10,7,1,7,9,1,8,9,2,,44,,1,22,121.5562957,25.0275525
113,3,26,9,5,2,07信義區,信義區基隆路2段133號與嘉興街216巷口,0,0,1,2,C03,6,6,5,50,4,1,1,4,4,5,13,2,1,1,4,5,1,11,2,31,2,7,6,1,7,9,1,10,1,14,,108,,1,21,121.5562957,25.0275525
113,3,26,9,14,2,03中山區,中山區建國北路2段96巷與建國北路2段口,0,0,1,1,B01,6,5,5,50,14,9,1,4,4,5,13,4,4,1,4,5,2,13,1,42,3,10,3,4,7,9,1,4,1,7,,44,,1,21,121.536605,25.05745549
113,3,26,9,14,2,03中山區,中山區建國北路2段96巷與建國北路2段口,0,0,1,2,C03,6,5,5,50,14,9,1,4,4,5,13,4,4,1,4,5,2,13,1,19,2,9,3,4,7,9,1,10,1,11,,108,,1,21,121.536605,25.05745549
113,3,26,9,28,2,05中正區,中正區中華路1段與武昌街1段口,0,0,1,1,C03,7,7,5,50,4,1,1,5,4,5,13,1,1,1,4,1,1,18,2,29,2,9,6,1,7,9,1,11,2,12,,116,,1,21,121.5090339,25.04415199
113,3,26,9,28,2,05中正區,中正區中華路1段與武昌街1段口,0,0,1,2,,7,7,5,50,4,1,1,5,4,5,13,1,1,1,4,1,1,18,3,0,,,,,,,,,,,,67,,1,,121.5090339,25.04415199
113,3,26,9,32,2,08士林區,士林區承德路4段與通河街口,0,0,1,1,C03,8,7,5,50,4,1,1,5,4,5,13,1,1,4,5,5,2,12,4,0,,,,,,,,,,,,119,,2,,121.5222191,25.0802188
113,3,26,9,32,2,08士林區,士林區承德路4段與通河街口,0,0,1,2,C03,8,7,5,50,4,1,1,5,4,5,13,1,1,4,5,5,2,12,2,22,2,7,6,1,7,9,1,10,11,11,,44,,1,21,121.5222191,25.0802188
113,3,26,9,37,2,02萬華區,萬華區艋舺大道312號,0,0,1,1,C04,8,7,5,50,14,9,1,5,4,5,13,4,4,1,5,5,2,12,2,44,2,8,5,1,7,4,1,10,1,14,,44,,1,21,121.4967418,25.032924
113,3,26,9,37,2,02萬華區,萬華區艋舺大道312號,0,0,1,2,A04,8,7,5,50,14,9,1,5,4,5,13,4,4,1,5,5,2,12,2,56,3,10,7,1,7,14,1,2,1,5,,40,,1,21,121.4967418,25.032924
113,3,26,9,44,2,07信義區,信義區虎林街202巷與虎林街202巷口,0,0,1,1,C03,7,7,5,30,4,1,1,4,4,5,13,4,4,10,5,5,2,11,1,30,2,8,6,4,7,9,1,10,1,14,,72,,1,22,121.5764363,25.0379035
113,3,26,9,44,2,07信義區,信義區虎林街202巷與虎林街202巷口,0,0,1,2,B03,7,7,5,30,4,1,1,4,4,5,13,4,4,10,5,5,2,11,1,66,3,10,3,4,7,9,1,8,1,1,,14,,1,22,121.5764363,25.0379035
113,3,26,9,47,2,06松山區,松山區東興路與東興路15巷口口,0,0,2,1,C03,7,6,5,50,4,1,1,5,4,5,13,1,1,5,4,5,2,13,2,64,2,9,5,1,7,9,1,10,1,13,,44,,1,21,121.5654659,25.0499332
113,3,26,9,47,2,06松山區,松山區東興路與東興路15巷口口,0,0,2,2,C03,7,6,5,50,4,1,1,5,4,5,13,1,1,5,4,5,2,13,1,47,2,8,5,1,7,9,1,10,1,13,,44,,1,21,121.5654659,25.0499332
113,3,26,9,47,2,06松山區,松山區東興路與東興路15巷口口,0,0,2,3,C03,7,6,5,50,4,1,1,5,4,5,13,1,1,5,4,5,2,13,1,18,3,10,5,1,7,9,1,10,1,11,,16,,1,21,121.5654659,25.0499332
113,3,26,9,47,2,06松山區,松山區東興路與東興路15巷口口,0,0,2,4,C03,7,6,5,50,4,1,1,5,4,5,13,1,1,5,4,5,2,13,1,19,3,10,5,1,7,9,1,10,1,13,,44,,1,21,121.5654659,25.0499332
113,3,26,9,47,2,06松山區,松山區東興路與東興路15巷口口,0,0,2,5,,7,6,5,50,4,1,1,5,4,5,13,1,1,5,4,5,2,13,4,0,,,,,,,,,,,,119,,2,,121.5654659,25.0499332
113,3,26,9,47,2,06松山區,松山區東興路與東興路15巷口口,0,0,2,6,C03,7,6,5,50,4,1,1,5,4,5,13,1,1,5,4,5,2,13,2,48,3,10,6,4,7,9,1,10,9,17,,44,,2,21,121.5654659,25.0499332
113,3,26,9,48,2,05中正區,中正區重慶南路2段與愛國西路口,0,0,2,1,B02,7,7,5,40,4,2,1,5,4,5,13,1,1,1,4,1,2,13,1,40,3,10,7,4,7,9,1,8,2,1,,44,,1,21,121.5126276,25.0351292
113,3,26,9,48,2,05中正區,中正區重慶南路2段與愛國西路口,0,0,2,2,C03,7,7,5,40,4,2,1,5,4,5,13,1,1,1,4,1,2,13,2,46,2,9,5,4,7,14,1,10,2,13,,44,,1,21,121.5126276,25.0351292