發生年度,發生月,發生日,發生時-Hours,發生分,處理別-編號,區序,肇事地點,死亡人數,2-30日死亡人數,受傷人數,當事人序號,車種,天候,道路照明設備,道路類別,速限-速度限制,道路型態,事故位置,路面狀況1,路面狀況2,路面狀況3,道路障礙1,道路障礙2,號誌1,號誌2,車道劃分-分向,車道劃分-分道1,車道劃分-分道2,車道劃分-分道3,事故類型及型態,性別,年齡,受傷程度,主要傷處,保護裝置,行動電話,車輛用途,當事者行動狀態,駕駛資格情形,駕駛執照種類,飲酒情形,車輛撞擊部位1,車輛撞擊部位2,肇因碼-個別,肇因碼-主要,個人肇逃否,職業,座標-X,座標-Y
113,3,26,9,48,2,05中正區,中正區重慶南路2段與愛國西路口,0,0,2,3,C03,7,7,5,40,4,2,1,5,4,5,13,1,1,1,4,1,2,13,2,18,2,7,5,4,7,14,1,10,2,13,,44,,1,21,121.5126276,25.0351292
113,3,26,9,55,2,12內湖區,內湖區安康路32巷24弄與安康路32巷口,0,0,1,1,B12,7,7,5,30,4,1,2,5,4,5,13,4,4,5,5,5,2,15,1,26,3,10,7,1,7,9,1,8,1,5,,14,,1,21,121.5949678,25.0619197
113,3,26,9,55,2,12內湖區,內湖區安康路32巷24弄與安康路32巷口,0,0,1,2,C03,7,7,5,30,4,1,2,5,4,5,13,4,4,5,5,5,2,15,1,20,2,9,5,1,7,9,1,10,1,14,,14,,1,21,121.5949678,25.0619197
113,3,26,10,4,2,10文山區,文山區羅斯福路5段176巷與羅斯福路5段176巷3弄口,0,0,2,1,C03,7,6,5,30,4,1,1,4,4,5,13,4,4,10,5,5,2,15,2,31,2,9,6,1,7,9,1,10,1,14,,14,,1,21,121.5380265,25.0042075
113,3,26,10,4,2,10文山區,文山區羅斯福路5段176巷與羅斯福路5段176巷3弄口,0,0,2,2,C03,7,6,5,30,4,1,1,4,4,5,13,4,4,10,5,5,2,15,1,59,2,9,6,1,7,9,1,10,1,11,,44,,1,21,121.5380265,25.0042075
113,3,26,10,4,2,10文山區,文山區羅斯福路5段176巷與羅斯福路5段176巷3弄口,0,0,2,3,B03,7,6,5,30,4,1,1,4,4,5,13,4,4,10,5,5,2,15,1,69,3,10,3,1,7,13,1,8,11,1,,38,,1,21,121.5380265,25.0042075
113,3,26,10,37,2,05中正區,中正區詔安街與中華路2段467巷口口,0,0,1,1,B03,7,6,5,30,3,1,1,5,4,5,13,4,4,10,5,5,2,14,1,33,3,10,3,4,7,2,1,8,1,3,,12,,1,21,121.5115534,25.0256012
113,3,26,10,37,2,05中正區,中正區詔安街與中華路2段467巷口口,0,0,1,2,C03,7,6,5,30,3,1,1,5,4,5,13,4,4,10,5,5,2,14,1,22,2,8,5,1,7,6,1,10,1,11,,9,,1,21,121.5115534,25.0256012
113,3,26,10,56,2,04大安區,大安區復興南路1段與大安路1段116巷口,0,0,1,1,B03,8,7,5,50,4,1,1,5,4,5,13,2,1,1,4,5,2,17,1,28,3,10,3,4,7,5,1,8,1,2,,80,,1,21,121.5438172,25.0398239
113,3,26,10,56,2,04大安區,大安區復興南路1段與大安路1段116巷口,0,0,1,2,C03,8,7,5,50,4,1,1,5,4,5,13,2,1,1,4,5,2,17,1,53,2,9,3,4,7,9,1,10,1,11,,44,,1,21,121.5438172,25.0398239
113,3,26,11,14,2,04大安區,大安區新生南路3段與新生南路3段98巷口口,0,0,1,1,C03,7,6,5,50,14,9,1,5,4,5,13,1,1,2,3,4,1,12,1,61,2,8,6,1,7,9,1,10,1,12,,17,,1,21,121.5332813,25.01682335
113,3,26,11,14,2,04大安區,大安區新生南路3段與新生南路3段98巷口口,0,0,1,2,B12,7,6,5,50,14,9,1,5,4,5,13,1,1,2,3,4,1,12,1,54,3,10,7,1,7,1,1,8,1,8,,19,,1,21,121.5332813,25.01682335
113,3,26,11,18,2,01大同區,大同區承德路2段130號,0,0,2,1,B03,7,6,5,50,14,9,1,5,4,5,13,4,4,1,5,5,2,13,1,30,3,10,7,1,7,1,1,8,1,17,,19,,1,22,121.5180759,25.058825
113,3,26,11,18,2,01大同區,大同區承德路2段130號,0,0,2,2,C03,7,6,5,50,14,9,1,5,4,5,13,4,4,1,5,5,2,13,2,28,2,8,6,1,7,9,1,10,1,11,,16,,1,22,121.5180759,25.058825
113,3,26,11,18,2,01大同區,大同區承德路2段130號,0,0,2,3,C03,7,6,5,50,14,9,1,5,4,5,13,4,4,1,5,5,2,13,1,46,3,10,6,1,7,9,1,10,1,13,,44,,1,22,121.5180759,25.058825
113,3,26,11,18,2,01大同區,大同區承德路2段130號,0,0,2,4,C03,7,6,5,50,14,9,1,5,4,5,13,4,4,1,5,5,2,13,1,40,2,8,6,1,7,9,1,10,1,11,,16,,1,22,121.5180759,25.058825
113,3,26,11,22,2,08士林區,士林區承德路5段與士商路口,0,0,1,1,B03,8,5,8,50,4,1,1,5,4,5,13,2,1,1,4,4,2,17,1,47,3,10,3,4,7,6,1,8,1,8,,99,,1,22,121.5140053,25.0963394
113,3,26,11,22,2,08士林區,士林區承德路5段與士商路口,0,0,1,2,C03,8,5,8,50,4,1,1,5,4,5,13,2,1,1,4,4,2,17,1,62,2,7,3,4,7,5,1,10,1,12,,44,,1,22,121.5140053,25.0963394
113,3,26,11,25,2,06松山區,松山區民生東路4段55巷與民生東路4段55巷3弄口口,0,0,1,3,B03,7,5,5,30,3,1,1,5,4,3,10,4,4,9,4,5,2,16,1,50,3,10,7,1,7,9,1,8,1,1,,44,,1,22,121.5504895,25.0583724
113,3,26,11,25,2,06松山區,松山區民生東路4段55巷與民生東路4段55巷3弄口口,0,0,1,2,B03,7,5,5,30,3,1,1,5,4,3,10,4,4,9,4,5,2,16,1,60,3,10,7,1,7,13,1,8,1,4,,38,,1,22,121.5504895,25.0583724
113,3,26,11,25,2,06松山區,松山區民生東路4段55巷與民生東路4段55巷3弄口口,0,0,1,1,C03,7,5,5,30,3,1,1,5,4,3,10,4,4,9,4,5,2,16,1,32,2,8,5,1,7,5,1,10,1,11,,108,,1,26,121.5504895,25.0583724
113,3,26,11,31,2,06松山區,松山區南京東路5段162號,0,0,1,1,C03,8,5,5,40,14,8,1,5,4,5,13,4,4,3,4,4,2,13,1,41,2,8,5,1,7,9,1,10,1,11,,13,,1,21,121.5629959,25.0513729
113,3,26,11,31,2,06松山區,松山區南京東路5段162號,0,0,1,2,B01,8,5,5,40,14,8,1,5,4,5,13,4,4,3,4,4,2,13,1,58,3,10,7,1,7,7,1,4,1,7,,14,,1,21,121.5629959,25.0513729
113,3,26,11,50,2,02萬華區,萬華區永福街與桂林路29巷口,0,0,1,1,C03,7,7,5,30,3,1,1,5,4,5,13,4,4,10,5,5,2,16,2,18,2,9,5,1,7,5,1,10,1,11,,72,,1,21,121.5047487,25.0383441
113,3,26,11,50,2,02萬華區,萬華區永福街與桂林路29巷口,0,0,1,2,B03,7,7,5,30,3,1,1,5,4,5,13,4,4,10,5,5,2,16,1,49,3,10,7,1,7,9,1,10,1,4,,14,,1,21,121.5047487,25.0383441
113,3,26,11,56,2,04大安區,大安區新生南路2段與金華街口口,0,0,1,1,B01,7,6,5,50,4,1,1,5,4,5,13,1,1,1,1,1,1,11,1,51,3,10,7,1,7,5,1,8,1,6,,98,,1,21,121.5335206,25.0305817
113,3,26,11,56,2,04大安區,大安區新生南路2段與金華街口口,0,0,1,2,C03,7,6,5,50,4,1,1,5,4,5,13,1,1,1,1,1,1,11,1,47,2,9,6,1,7,9,1,10,1,11,,44,,1,21,121.5335206,25.0305817
113,3,26,12,52,2,04大安區,大安區復興南路1段與信義路4段口,0,0,2,1,C03,8,7,5,50,4,1,1,5,4,5,13,2,1,1,4,5,2,13,1,32,2,9,3,4,7,9,1,10,1,11,,108,,1,21,121.5435399,25.033206
113,3,26,12,52,2,04大安區,大安區復興南路1段與信義路4段口,0,0,2,2,C03,8,7,5,50,4,1,1,5,4,5,13,2,1,1,4,5,2,13,2,44,2,8,3,4,7,12,1,10,1,13,,44,,1,21,121.5435399,25.033206
113,3,26,12,52,2,04大安區,大安區復興南路1段與信義路4段口,0,0,2,3,B03,8,7,5,50,4,1,1,5,4,5,13,2,1,1,4,5,2,13,2,41,3,10,3,4,7,14,1,8,1,6,,44,,1,21,121.5435399,25.033206
113,3,26,13,21,2,03中山區,中山區中山北路1段與中山北路1段121巷口,0,0,2,1,C03,8,6,5,50,3,1,1,5,4,5,13,4,4,1,4,5,2,16,1,52,2,9,6,1,7,6,1,9,2,12,,9,,1,21,121.5224403,25.0513307
113,3,26,13,21,2,03中山區,中山區中山北路1段與中山北路1段121巷口,0,0,2,2,C03,8,6,5,50,3,1,1,5,4,5,13,4,4,1,4,5,2,16,1,23,2,9,6,1,7,9,1,10,2,11,,44,,1,21,121.5224403,25.0513307
113,3,26,13,26,2,01大同區,大同區鄭州路與西寧北路口,0,0,2,1,C03,7,6,5,40,4,1,1,5,4,5,13,2,1,1,5,5,2,16,2,28,2,9,6,1,7,9,1,10,2,11,,99,,1,22,121.5082078,25.0506106
113,3,26,13,26,2,01大同區,大同區鄭州路與西寧北路口,0,0,2,2,C03,7,6,5,40,4,1,1,5,4,5,13,2,1,1,5,5,2,16,1,56,2,8,6,1,7,5,1,10,2,13,,99,,1,22,121.5082078,25.0506106
113,3,26,13,26,2,12內湖區,內湖區民權東路6段45號,0,0,1,1,B02,7,5,5,50,14,7,1,5,4,5,13,4,4,1,4,4,2,12,1,58,3,10,7,1,7,7,1,4,1,1,,100,,1,21,121.5854934,25.06899925
113,3,26,13,26,2,12內湖區,內湖區民權東路6段45號,0,0,1,2,C01,7,5,5,50,14,7,1,5,4,5,13,4,4,1,4,4,2,12,1,28,2,8,6,1,7,9,1,9,1,12,,44,,1,21,121.5854934,25.06899925
113,3,26,13,28,2,01大同區,大同區南京西路25巷28號,0,0,1,1,B01,7,6,5,30,14,9,1,5,4,5,13,4,4,5,5,5,2,2,1,62,3,10,7,1,7,9,1,4,1,2,,108,,1,21,121.5204563,25.0564386
113,3,26,13,28,2,01大同區,大同區南京西路25巷28號,0,0,1,2,H01,7,6,5,30,14,9,1,5,4,5,13,4,4,5,5,5,2,2,2,51,2,7,4,5,8,20,8,20,10,16,,60,,1,21,121.5204563,25.0564386
113,3,26,13,35,2,05中正區,中正區信義路1段1號,0,0,2,1,B03,8,7,5,50,14,8,1,5,4,5,13,4,4,8,3,1,2,12,1,73,3,10,7,1,7,8,1,8,2,2,,100,,1,26,121.519189,25.0378655
113,3,26,13,35,2,05中正區,中正區信義路1段1號,0,0,2,2,C03,8,7,5,50,14,8,1,5,4,5,13,4,4,8,3,1,2,12,1,35,2,9,6,1,7,9,1,10,2,11,,13,,1,26,121.519189,25.0378655
113,3,26,13,35,2,05中正區,中正區信義路1段1號,0,0,2,3,H02,8,7,5,50,14,8,1,5,4,5,13,4,4,8,3,1,2,12,2,36,2,8,6,5,7,20,8,20,10,16,,67,,1,26,121.519189,25.0378655
113,3,26,13,45,2,03中山區,中山區吉林路299巷與吉林路口,0,0,1,1,C03,7,6,5,30,4,1,1,5,4,5,13,4,4,9,4,5,2,16,2,57,2,9,5,1,7,9,1,10,1,11,,72,,1,21,121.5303241,25.0631316
113,3,26,13,45,2,03中山區,中山區吉林路299巷與吉林路口,0,0,1,2,B01,7,6,5,30,4,1,1,5,4,5,13,4,4,9,4,5,2,16,1,66,3,10,7,1,7,9,1,8,1,1,,99,,1,21,121.5303241,25.0631316
113,3,26,13,57,2,01大同區,大同區重慶北路2段與保安街口口,0,0,1,1,A02,7,6,5,50,4,2,1,5,4,5,13,2,1,1,5,5,2,9,2,46,3,10,7,1,7,15,1,2,1,17,,42,,1,21,121.5135722,25.0593866
113,3,26,13,57,2,01大同區,大同區重慶北路2段與保安街口口,0,0,1,2,H02,7,6,5,50,4,2,1,5,4,5,13,2,1,1,5,5,2,9,2,84,2,9,2,5,7,20,8,20,10,16,,58,,1,21,121.5135722,25.0593866
113,3,26,14,21,2,10文山區,文山區景文街97號對面,0,0,1,1,F01,7,6,5,40,14,7,1,5,4,5,13,4,4,5,5,4,2,16,2,70,3,10,4,1,7,5,8,20,1,13,,99,,1,21,121.5412347,24.990992
113,3,26,14,21,2,10文山區,文山區景文街97號對面,0,0,1,2,C03,7,6,5,40,14,7,1,5,4,5,13,4,4,5,5,4,2,16,2,42,2,7,6,1,7,9,1,10,1,11,,44,,1,21,121.5412347,24.990992
113,3,26,14,30,2,02萬華區,萬華區西藏路213號,0,0,1,1,B12,8,7,5,50,11,9,1,5,4,5,13,4,4,1,4,5,2,17,1,36,3,10,7,1,7,9,1,8,1,17,,34,,1,21,121.4964314,25.02899091
113,3,26,14,30,2,02萬華區,萬華區西藏路213號,0,0,1,2,C03,8,7,5,50,11,9,1,5,4,5,13,4,4,1,4,5,2,17,1,28,2,9,6,1,7,9,1,10,1,11,,44,,1,21,121.4964314,25.02899091
113,3,26,14,50,2,08士林區,士林區德行西路與磺溪街口,0,0,1,1,C03,7,6,5,50,3,1,1,5,4,5,13,1,1,5,4,5,2,17,1,18,2,8,5,1,7,9,1,10,1,11,,108,,1,22,121.5230194,25.105504
113,3,26,14,50,2,08士林區,士林區德行西路與磺溪街口,0,0,1,2,B03,7,6,5,50,3,1,1,5,4,5,13,1,1,5,4,5,2,17,2,71,3,10,7,1,7,5,1,8,1,5,,71,,1,22,121.5230194,25.105504
113,3,26,14,58,2,12內湖區,內湖區成功交流道,0,0,1,1,B03,7,7,5,50,18,9,1,5,4,5,13,1,1,1,4,5,2,17,1,64,3,10,7,1,7,9,1,8,1,4,,108,,1,21,121.5902738,25.0645402
113,3,26,14,58,2,12內湖區,內湖區成功交流道,0,0,1,2,C03,7,7,5,50,18,9,1,5,4,5,13,1,1,1,4,5,2,17,1,61,2,9,6,1,7,9,1,10,1,12,,44,,1,21,121.5902738,25.0645402
113,3,26,15,30,2,01大同區,大同區鄭州路與鄭州路21巷口口,0,0,1,3,C03,7,6,5,40,3,1,1,5,4,5,13,4,4,1,5,5,2,13,2,24,3,10,6,1,7,12,1,10,1,13,,44,,1,21,121.5145066,25.04931494
113,3,26,15,30,2,01大同區,大同區鄭州路與鄭州路21巷口口,0,0,1,4,C03,7,6,5,40,3,1,1,5,4,5,13,4,4,1,5,5,2,13,1,28,3,10,6,1,7,12,1,10,1,11,13,16,,1,21,121.5145066,25.04931494
113,3,26,15,30,2,01大同區,大同區鄭州路與鄭州路21巷口口,0,0,1,5,C03,7,6,5,40,3,1,1,5,4,5,13,4,4,1,5,5,2,13,1,28,2,7,6,1,7,12,1,10,1,13,11,16,,1,21,121.5145066,25.04931494
113,3,26,15,30,2,01大同區,大同區鄭州路與鄭州路21巷口口,0,0,1,6,C03,7,6,5,40,3,1,1,5,4,5,13,4,4,1,5,5,2,13,1,37,3,10,3,1,7,12,7,19,1,17,,14,,2,22,121.5145066,25.04931494
113,3,26,15,30,2,01大同區,大同區環河北路1段與歸綏街口,0,0,1,1,C03,7,6,5,50,3,2,1,5,4,5,13,4,4,1,4,5,2,12,2,29,2,9,6,4,7,7,1,10,1,14,,100,,1,22,121.508469,25.0584658
113,3,26,15,30,2,01大同區,大同區環河北路1段與歸綏街口,0,0,1,2,B12,7,6,5,50,3,2,1,5,4,5,13,4,4,1,4,5,2,12,1,27,3,10,3,4,7,9,1,8,1,6,,44,,1,22,121.508469,25.0584658
113,3,26,15,30,2,01大同區,大同區鄭州路與鄭州路21巷口口,0,0,1,1,C03,7,6,5,40,3,1,1,5,4,5,13,4,4,1,5,5,2,13,1,70,4,11,3,1,7,9,7,19,11,15,,16,,2,21,121.5145066,25.04931494
113,3,26,15,30,2,01大同區,大同區鄭州路與鄭州路21巷口口,0,0,1,2,C03,7,6,5,40,3,1,1,5,4,5,13,4,4,1,5,5,2,13,2,25,3,10,6,3,7,14,1,10,1,17,,44,,1,21,121.5145066,25.04931494
113,3,26,15,30,2,03中山區,中山區八德路2段與建國南路1段口,0,0,1,1,B01,7,6,5,50,4,1,1,5,4,5,13,1,1,10,4,5,2,17,1,45,3,10,7,1,7,6,1,4,1,5,,71,,1,21,121.5369711,25.04608534
113,3,26,15,30,2,03中山區,中山區八德路2段與建國南路1段口,0,0,1,2,C03,7,6,5,50,4,1,1,5,4,5,13,1,1,10,4,5,2,17,1,18,2,8,5,1,7,9,1,10,1,14,,44,,1,21,121.5369711,25.04608534
113,3,26,15,48,2,03中山區,中山區建國高架道往南下農安匝道前,0,0,1,1,B03,7,5,5,40,10,16,1,5,4,5,13,4,4,1,4,5,2,13,1,42,3,10,3,4,7,9,3,18,1,1,,16,,1,21,121.5350059,25.06662607
113,3,26,15,48,2,03中山區,中山區建國高架道往南下農安匝道前,0,0,1,2,B03,7,5,5,40,10,16,1,5,4,5,13,4,4,1,4,5,2,13,2,60,2,3,3,4,7,9,1,8,1,3,,44,,1,21,121.5350059,25.06662607
113,3,26,15,48,2,03中山區,中山區建國高架道往南下農安匝道前,0,0,1,3,B03,7,5,5,40,10,16,1,5,4,5,13,4,4,1,4,5,2,13,1,77,3,10,3,4,7,14,1,8,1,3,,44,,1,21,121.5350059,25.06662607
113,3,26,15,55,2,08士林區,士林區福林路100巷與福林路口,0,0,1,1,B03,7,5,5,50,3,2,1,5,4,5,13,3,1,5,5,5,2,17,1,65,3,10,7,1,7,9,1,8,2,2,,42,,1,22,121.5315929,25.0959029
113,3,26,15,55,2,08士林區,士林區福林路100巷與福林路口,0,0,1,2,C03,7,5,5,50,3,2,1,5,4,5,13,3,1,5,5,5,2,17,1,21,2,9,5,1,7,9,1,10,2,14,,13,,1,22,121.5315929,25.0959029
113,3,26,15,55,2,08士林區,士林區福林路100巷與福林路口,0,0,1,3,B03,7,5,5,50,3,2,1,5,4,5,13,3,1,5,5,5,2,17,1,35,3,10,7,1,7,15,1,8,2,8,,44,,1,22,121.5315929,25.0959029
113,3,26,16,6,2,08士林區,士林區忠誠路1段與德行東路104巷口,0,0,1,1,B03,7,6,5,50,4,2,1,5,4,5,13,1,1,1,4,5,1,16,2,69,3,10,3,4,7,5,1,8,1,2,,71,,1,21,121.5288775,25.1056496
113,3,26,16,6,2,08士林區,士林區忠誠路1段與德行東路104巷口,0,0,1,2,C03,7,6,5,50,4,2,1,5,4,5,13,1,1,1,4,5,1,16,2,19,2,8,3,4,7,9,1,10,1,11,,13,,1,21,121.5288775,25.1056496
113,3,26,17,45,2,02萬華區,萬華區艋舺大道與艋舺大道口大理街160巷8弄10號台電倉庫前,0,0,1,1,C02,7,7,5,50,14,9,1,1,4,5,13,4,4,1,4,5,2,17,1,38,3,10,5,1,7,1,1,10,1,17,,19,,1,21,121.4953562,25.032387
113,3,26,17,45,2,02萬華區,萬華區艋舺大道與艋舺大道口大理街160巷8弄10號台電倉庫前,0,0,1,2,C03,7,7,5,50,14,9,1,1,4,5,13,4,4,1,4,5,2,17,1,32,2,9,5,1,7,9,1,10,1,17,,13,,1,21,121.4953562,25.032387
113,3,26,17,49,2,05中正區,中正區中華路1段與長沙街1段口口,0,0,1,1,B03,8,5,5,50,4,1,1,5,4,5,13,2,1,9,4,5,1,13,1,65,3,10,7,1,7,9,1,8,2,1,,16,,1,21,121.5081428,25.040517
113,3,26,17,49,2,05中正區,中正區中華路1段與長沙街1段口口,0,0,1,2,C04,8,5,5,50,4,1,1,5,4,5,13,2,1,9,4,5,1,13,2,44,2,9,6,1,7,9,1,10,2,13,,44,,1,21,121.5081428,25.040517
113,3,26,17,54,2,06松山區,松山區敦化北路165巷與敦化北路199巷2弄口,0,0,1,1,B12,8,5,5,30,3,1,1,5,4,5,13,4,4,10,4,5,2,17,2,60,3,10,7,1,7,6,1,8,1,8,,9,,1,21,121.5499494,25.05476537
113,3,26,17,54,2,06松山區,松山區敦化北路165巷與敦化北路199巷2弄口,0,0,1,2,F01,8,5,5,30,3,1,1,5,4,5,13,4,4,10,4,5,2,17,2,35,2,9,4,1,7,9,8,20,1,11,,72,,1,21,121.5499494,25.05476537
113,3,26,18,3,2,01大同區,大同區重慶北路2段與涼州街口,0,0,1,1,C03,7,5,5,50,5,2,1,5,4,5,13,4,4,1,5,5,2,17,1,41,3,10,6,1,7,8,1,10,2,17,,100,,1,21,121.5134195,25.0605857
113,3,26,18,3,2,01大同區,大同區重慶北路2段與涼州街口,0,0,1,2,C03,7,5,5,50,5,2,1,5,4,5,13,4,4,1,5,5,2,17,1,38,2,9,6,1,7,8,1,10,2,17,,44,,1,21,121.5134195,25.0605857
113,3,26,18,9,2,09北投區,北投區福國路與無名路口,0,0,1,1,B03,7,5,5,50,3,1,1,5,4,5,13,3,1,1,5,5,2,17,1,34,3,10,7,1,7,10,6,8,2,2,,102,,1,21,121.5099098,25.10126821
113,3,26,18,9,2,09北投區,北投區福國路與無名路口,0,0,1,2,C03,7,5,5,50,3,1,1,5,4,5,13,3,1,1,5,5,2,17,2,26,2,9,5,1,7,9,1,10,2,14,,44,,1,21,121.5099098,25.10126821
113,3,26,18,14,2,06松山區,松山區南京東路4段與南京東路4段53巷口,0,0,1,1,C03,7,5,5,50,3,1,1,5,4,5,13,4,4,1,4,4,2,12,1,36,2,8,6,1,7,10,1,10,1,14,,102,,1,21,121.5511289,25.05178778
113,3,26,18,14,2,06松山區,松山區南京東路4段與南京東路4段53巷口,0,0,1,2,B03,7,5,5,50,3,1,1,5,4,5,13,4,4,1,4,4,2,12,1,42,3,10,2,1,7,9,1,8,1,2,,44,,1,21,121.5511289,25.05178778
113,3,26,18,14,2,06松山區,松山區南京東路4段與南京東路4段53巷口,0,0,1,3,B03,7,5,5,50,3,1,1,5,4,5,13,4,4,1,4,4,2,12,2,42,3,10,2,1,7,6,1,8,9,17,,44,,1,21,121.5511289,25.05178778
113,3,26,18,15,2,10文山區,文山區木新路1段與指南路1段51巷口口,0,0,1,1,C04,8,5,5,50,4,1,1,5,4,5,13,2,1,10,5,5,2,16,2,45,2,9,5,1,7,5,1,10,1,12,,71,,1,21,121.5705836,24.9885984
113,3,26,18,15,2,10文山區,文山區木新路1段與指南路1段51巷口口,0,0,1,2,C03,8,5,5,50,4,1,1,5,4,5,13,2,1,10,5,5,2,16,1,32,3,10,5,1,7,9,1,10,1,11,,44,,1,21,121.5705836,24.9885984
113,3,26,18,25,2,03中山區,中山區龍江路257巷無名巷,0,0,2,1,C03,8,5,5,30,4,1,1,5,4,5,13,4,4,10,5,5,2,15,1,61,2,9,5,1,7,9,1,10,1,11,,75,,1,22,121.5412745,25.05910099
113,3,26,18,25,2,03中山區,中山區龍江路257巷無名巷,0,0,2,2,C03,8,5,5,30,4,1,1,5,4,5,13,4,4,10,5,5,2,15,2,31,2,9,5,1,7,9,1,10,1,11,,44,,1,22,121.5412745,25.05910099
113,3,26,18,31,2,01大同區,大同區錦西街50號（對面）,0,0,1,1,C03,8,5,5,50,14,9,1,5,4,5,13,4,4,8,3,5,1,13,1,55,2,8,6,1,7,9,1,10,1,11,,16,,1,21,121.5193589,25.06028246
113,3,26,18,31,2,01大同區,大同區錦西街50號（對面）,0,0,1,2,B01,8,5,5,50,14,9,1,5,4,5,13,4,4,8,3,5,1,13,1,55,3,10,3,4,7,9,1,8,1,3,,44,,1,21,121.5193589,25.06028246
113,3,26,18,39,2,03中山區,中山區中山橋往北,0,0,2,1,B01,8,5,5,40,8,9,1,5,4,5,13,4,4,1,4,5,2,17,1,52,3,10,3,4,7,9,1,4,1,2,,108,,1,22,121.5248807,25.07390796
113,3,26,18,39,2,03中山區,中山區中山橋往北,0,0,2,2,C03,8,5,5,40,8,9,1,5,4,5,13,4,4,1,4,5,2,17,2,38,2,7,6,4,7,9,1,10,1,11,,16,,1,22,121.5248807,25.07390796
113,3,26,18,39,2,03中山區,中山區中山橋往北,0,0,2,3,C03,8,5,5,40,8,9,1,5,4,5,13,4,4,1,4,5,2,17,1,21,3,10,5,4,7,9,1,10,1,14,,44,,1,22,121.5248807,25.07390796
113,3,26,18,39,2,03中山區,中山區中山橋往北,0,0,2,4,C03,8,5,5,40,8,9,1,5,4,5,13,4,4,1,4,5,2,17,1,36,2,8,5,4,7,9,1,10,1,13,,44,,1,22,121.5248807,25.07390796
113,3,26,18,50,2,08士林區,士林區百齡橋東往西007燈桿,0,0,2,1,C03,8,5,5,50,8,11,1,5,4,5,13,4,4,1,2,5,2,13,1,62,2,9,5,1,7,9,1,10,1,11,,16,,1,22,121.5138252,25.0894673
113,3,26,18,50,2,08士林區,士林區百齡橋東往西007燈桿,0,0,2,2,C03,8,5,5,50,8,11,1,5,4,5,13,4,4,1,2,5,2,13,1,43,3,10,6,1,7,14,1,10,1,13,,44,,1,21,121.5138252,25.0894673
113,3,26,18,50,2,08士林區,士林區百齡橋東往西007燈桿,0,0,2,3,H02,8,5,5,50,8,11,1,5,4,5,13,4,4,1,2,5,2,13,2,59,2,9,5,5,7,20,8,20,10,16,,67,,1,22,121.5138252,25.0894673
113,3,26,19,28,2,03中山區,中山區長安東路2段與龍江路口,0,0,2,1,C03,7,5,5,50,4,2,1,5,4,5,13,2,1,5,5,5,2,17,1,64,2,9,3,4,7,5,1,10,1,12,,44,,1,21,121.5404279,25.0483516
113,3,26,19,28,2,03中山區,中山區長安東路2段與龍江路口,0,0,2,2,C03,7,5,5,50,4,2,1,5,4,5,13,2,1,5,5,5,2,17,1,27,2,9,3,4,7,12,1,10,1,11,,13,,1,21,121.5404279,25.0483516
113,3,26,19,32,2,06松山區,松山區復興北路與長安東路2段口,0,0,3,1,C03,7,5,5,50,4,2,1,5,4,5,13,1,1,1,3,5,2,13,1,61,2,9,5,1,7,9,1,10,2,11,,16,,1,21,121.5440371,25.0480628
113,3,26,19,32,2,06松山區,松山區復興北路與長安東路2段口,0,0,3,2,C03,7,5,5,50,4,2,1,5,4,5,13,1,1,1,3,5,2,13,1,27,2,9,6,1,7,12,1,10,2,13,,44,,1,21,121.5440371,25.0480628
113,3,26,19,32,2,06松山區,松山區復興北路與長安東路2段口,0,0,3,3,H02,7,5,5,50,4,2,1,5,4,5,13,1,1,1,3,5,2,13,2,23,2,9,5,5,7,20,8,20,10,16,,67,,1,21,121.5440371,25.0480628
113,3,26,19,35,2,09北投區,北投區中央北路4段543號,0,0,2,1,C03,7,5,5,50,14,9,1,5,4,5,13,4,4,9,4,5,2,12,2,38,2,9,3,4,7,1,1,10,2,14,,19,,1,26,121.467395,25.1276424
113,3,26,19,35,2,09北投區,北投區中央北路4段543號,0,0,2,2,B03,7,5,5,50,14,9,1,5,4,5,13,4,4,9,4,5,2,12,2,70,3,10,3,4,7,9,1,8,2,5,,44,,1,22,121.467395,25.1276424
113,3,26,19,35,2,09北投區,北投區中央北路4段543號,0,0,2,3,H02,7,5,5,50,14,9,1,5,4,5,13,4,4,9,4,5,2,12,1,6,2,9,3,5,7,20,8,20,10,16,,67,,1,14,121.467395,25.1276424
113,3,26,19,35,2,09北投區,北投區中央北路4段543號,0,0,2,4,C03,7,5,5,50,14,9,1,5,4,5,13,4,4,9,4,5,2,12,3,36,,,,,,,,,,,,67,,1,,121.467395,25.1276424
113,3,26,19,35,2,09北投區,北投區中央北路4段543號,0,0,2,5,C03,7,5,5,50,14,9,1,5,4,5,13,4,4,9,4,5,2,12,3,57,,,,,,,,,,,,67,,1,,121.467395,25.1276424
113,3,26,19,35,2,09北投區,北投區中央北路4段543號,0,0,2,6,C03,7,5,5,50,14,9,1,5,4,5,13,4,4,9,4,5,2,12,3,47,,,,,,,,,,,,67,,1,,121.467395,25.1276424
113,3,26,19,35,2,09北投區,北投區中央北路4段543號,0,0,2,7,C03,7,5,5,50,14,9,1,5,4,5,13,4,4,9,4,5,2,12,3,40,,,,,,,,,,,,67,,1,,121.467395,25.1276424