發生年度,發生月,發生日,發生時-Hours,發生分,處理別-編號,區序,肇事地點,死亡人數,2-30日死亡人數,受傷人數,當事人序號,車種,天候,道路照明設備,道路類別,速限-速度限制,道路型態,事故位置,路面狀況1,路面狀況2,路面狀況3,道路障礙1,道路障礙2,號誌1,號誌2,車道劃分-分向,車道劃分-分道1,車道劃分-分道2,車道劃分-分道3,事故類型及型態,性別,年齡,受傷程度,主要傷處,保護裝置,行動電話,車輛用途,當事者行動狀態,駕駛資格情形,駕駛執照種類,飲酒情形,車輛撞擊部位1,車輛撞擊部位2,肇因碼-個別,肇因碼-主要,個人肇逃否,職業,座標-X,座標-Y
113,3,26,19,40,2,12內湖區,內湖區民權東路6段21巷18-2號停車場出口,0,0,1,1,B03,7,5,5,50,14,9,1,5,4,5,13,4,4,9,4,5,2,16,1,28,3,10,7,1,7,1,1,8,1,1,,19,,1,21,121.5803371,25.06929095
113,3,26,19,40,2,12內湖區,內湖區民權東路6段21巷18-2號停車場出口,0,0,1,2,C03,7,5,5,50,14,9,1,5,4,5,13,4,4,9,4,5,2,16,1,19,2,8,6,1,7,9,1,10,1,12,,13,,1,21,121.5803371,25.06929095
113,3,26,19,42,2,03中山區,中山區民權東路2段與吉林路口,0,0,1,1,B03,7,5,5,50,4,2,1,5,4,5,13,2,1,5,3,5,2,17,1,85,3,10,3,4,7,8,1,8,1,17,,83,,1,22,121.5304396,25.0624614
113,3,26,19,42,2,03中山區,中山區民權東路2段與吉林路口,0,0,1,2,C03,7,5,5,50,4,2,1,5,4,5,13,2,1,5,3,5,2,17,1,39,2,9,5,1,7,9,1,10,1,12,,44,,1,22,121.5304396,25.0624614
113,3,26,20,0,2,12內湖區,內湖區民權東路6段42號,0,0,1,1,B03,7,5,5,50,14,9,1,5,4,5,13,4,4,9,5,5,2,17,1,36,3,10,7,1,7,5,1,8,2,8,,8,,1,21,121.581987,25.06771731
113,3,26,20,0,2,12內湖區,內湖區民權東路6段42號,0,0,1,2,C03,7,5,5,50,14,9,1,5,4,5,13,4,4,9,5,5,2,17,1,39,2,9,5,1,7,9,1,10,2,11,,44,,1,21,121.581987,25.06771731
113,3,26,20,27,2,03中山區,中山區北安路與中山北路3段口,0,0,1,1,C03,7,5,5,50,5,2,1,5,4,5,13,1,1,8,3,5,1,17,1,27,2,9,5,1,7,9,1,10,1,11,,44,,1,21,121.526557,25.07657836
113,3,26,20,27,2,03中山區,中山區北安路與中山北路3段口,0,0,1,2,C02,7,5,5,50,5,2,1,5,4,5,13,1,1,8,3,5,1,17,1,25,3,10,6,1,7,9,1,9,1,12,,81,,1,21,121.526557,25.07657836
113,3,26,21,30,2,05中正區,中正區汀州路2段與同安街口,0,0,1,1,C03,7,5,5,50,4,1,1,5,4,5,13,2,1,4,4,5,1,16,1,47,3,10,6,1,7,6,1,10,1,12,,9,,1,21,121.5216961,25.02405971
113,3,26,21,30,2,05中正區,中正區汀州路2段與同安街口,0,0,1,2,C03,7,5,5,50,4,1,1,5,4,5,13,2,1,4,4,5,1,16,2,47,2,3,5,1,7,9,1,10,1,11,,44,,1,21,121.5216961,25.02405971
113,3,26,21,30,2,05中正區,中正區汀州路2段與同安街口,0,0,1,3,H02,7,5,5,50,4,1,1,5,4,5,13,2,1,4,4,5,1,16,2,46,4,11,6,5,7,17,8,20,10,16,,67,,1,21,121.5216961,25.02405971
113,3,26,21,58,2,01大同區,大同區民生西路與寧夏路口,0,0,1,1,B01,8,5,5,50,4,1,1,5,4,5,13,2,1,4,3,5,1,16,1,60,3,10,3,4,7,11,1,8,1,2,,98,,1,21,121.5156734,25.0569854
113,3,26,21,58,2,01大同區,大同區民生西路與寧夏路口,0,0,1,2,C03,8,5,5,50,4,1,1,5,4,5,13,2,1,4,3,5,1,16,2,20,2,8,6,1,7,9,1,10,1,11,,13,,1,21,121.5156734,25.0569854
113,3,26,22,25,2,08士林區,士林區基河路240巷與基河路口,0,0,2,1,B01,8,5,5,50,4,2,1,5,4,5,13,2,1,9,4,5,1,17,1,51,3,10,7,1,7,6,1,4,1,8,,99,,1,21,121.5215421,25.09131287
113,3,26,22,25,2,08士林區,士林區基河路240巷與基河路口,0,0,2,2,C03,8,5,5,50,4,2,1,5,4,5,13,2,1,9,4,5,1,17,2,44,2,7,5,1,7,5,1,10,1,12,,44,,1,21,121.5215421,25.09131287
113,3,26,22,25,2,08士林區,士林區基河路240巷與基河路口,0,0,2,3,H02,8,5,5,50,4,2,1,5,4,5,13,2,1,9,4,5,1,17,1,19,2,7,5,5,7,20,8,20,10,16,,67,,1,21,121.5215421,25.09131287
113,3,26,22,30,2,04大安區,大安區仁愛路4段與仁愛路4段345巷口,0,0,1,1,C03,7,5,5,50,3,2,1,5,4,5,13,4,4,1,4,5,2,13,1,21,2,9,3,4,7,9,1,10,1,11,,108,,1,21,121.5539927,25.0379535
113,3,26,22,30,2,04大安區,大安區仁愛路4段與仁愛路4段345巷口,0,0,1,2,B03,7,5,5,50,3,2,1,5,4,5,13,4,4,1,4,5,2,13,1,63,3,10,3,4,7,6,1,8,1,3,,72,,1,21,121.5539927,25.0379535
113,3,26,22,57,2,09北投區,北投區中央北路4段310號,0,0,2,1,H01,8,5,5,50,14,8,1,5,4,5,13,4,4,5,4,4,2,3,1,71,2,9,4,5,8,16,8,20,1,16,,121,,1,21,121.4731049,25.1310994
113,3,26,22,57,2,09北投區,北投區中央北路4段310號,0,0,2,2,C03,8,5,5,50,14,8,1,5,4,5,13,4,4,5,4,4,2,3,1,33,2,9,5,1,7,9,1,10,1,11,,13,,1,21,121.4731049,25.1310994
113,3,26,23,3,2,06松山區,松山區市民大道6段與松信路口,0,0,1,1,B01,8,5,5,50,4,1,1,5,4,5,13,2,1,9,4,5,2,15,1,42,3,10,7,1,7,9,1,4,2,1,,81,,1,21,121.5722433,25.04946178
113,3,26,23,3,2,06松山區,松山區市民大道6段與松信路口,0,0,1,2,C03,8,5,5,50,4,1,1,5,4,5,13,2,1,9,4,5,2,15,2,23,2,9,6,1,7,9,1,10,2,14,,44,,1,21,121.5722433,25.04946178
113,3,26,23,7,2,06松山區,松山區市民大道5段與東興路口,0,0,2,1,C03,8,5,5,40,4,1,1,5,4,5,13,2,1,1,4,5,2,17,1,21,2,9,6,1,7,10,1,10,1,14,,100,,1,25,121.5658635,25.048322
113,3,26,23,7,2,06松山區,松山區市民大道5段與東興路口,0,0,2,2,C03,8,5,5,40,4,1,1,5,4,5,13,2,1,1,4,5,2,17,1,18,2,9,6,1,7,5,1,10,1,14,,8,,1,25,121.5658635,25.048322
113,3,26,23,54,2,02萬華區,萬華區中華路2段與西藏路口,0,0,1,1,B03,8,5,5,50,4,1,1,5,4,5,13,1,2,1,3,5,2,12,1,31,3,10,7,1,7,6,1,8,1,5,,9,,1,22,121.5041507,25.0301077
113,3,26,23,54,2,02萬華區,萬華區中華路2段與西藏路口,0,0,1,2,C03,8,5,5,50,4,1,1,5,4,5,13,1,2,1,3,5,2,12,1,18,2,9,6,1,7,9,1,10,1,11,,108,,1,22,121.5041507,25.0301077
113,3,26,23,54,2,02萬華區,萬華區中華路2段與西藏路口,0,0,1,3,C03,8,5,5,50,4,1,1,5,4,5,13,1,2,1,3,5,2,12,1,48,3,10,3,1,7,15,1,10,1,11,,44,,1,22,121.5041507,25.0301077
113,3,26,23,54,2,02萬華區,萬華區中華路2段與西藏路口,0,0,1,4,C03,8,5,5,50,4,1,1,5,4,5,13,1,2,1,3,5,2,12,2,34,3,10,3,1,7,15,1,10,1,11,,44,,1,22,121.5041507,25.0301077
113,3,27,0,10,2,06松山區,松山區八德路3段74巷與延吉街30巷口,0,0,1,1,B03,8,5,5,30,4,1,1,5,4,5,13,4,4,9,4,5,2,15,1,41,2,1,7,1,7,9,1,8,2,2,,14,,1,21,121.5524841,25.0461713
113,3,27,0,10,2,06松山區,松山區八德路3段74巷與延吉街30巷口,0,0,1,2,B01,8,5,5,30,4,1,1,5,4,5,13,4,4,9,4,5,2,15,1,49,3,10,7,1,7,9,1,4,2,1,,99,,1,21,121.5524841,25.0461713
113,3,27,0,10,2,06松山區,松山區八德路3段74巷與延吉街30巷口,0,0,1,3,C03,8,5,5,30,4,1,1,5,4,5,13,4,4,9,4,5,2,15,1,21,3,10,3,1,7,13,1,10,1,12,,44,,1,21,121.5524841,25.0461713
113,3,27,0,10,2,06松山區,松山區八德路3段74巷與延吉街30巷口,0,0,1,4,,8,5,5,30,4,1,1,5,4,5,13,4,4,9,4,5,2,15,3,54,,,,,,,,,,,,67,,1,,121.5524841,25.0461713
113,3,27,0,25,2,08士林區,士林區至善路1段132號前,0,0,1,1,B03,7,5,5,40,14,8,1,5,4,5,13,4,4,1,4,4,1,14,1,59,3,10,7,1,7,2,1,8,1,3,8,12,,1,21,121.539428,25.0974022
113,3,27,0,25,2,08士林區,士林區至善路1段132號前,0,0,1,2,C03,7,5,5,40,14,8,1,5,4,5,13,4,4,1,4,4,1,14,2,45,2,9,5,1,7,14,1,10,1,11,,44,,1,21,121.539428,25.0974022
113,3,27,0,27,2,09北投區,北投區石牌路2段301號,0,0,1,1,B03,8,5,5,50,11,9,1,5,4,5,13,4,4,5,5,5,2,11,1,45,3,10,7,1,7,9,6,18,11,8,,99,,2,22,121.5229412,25.1213684
113,3,27,0,27,2,09北投區,北投區石牌路2段301號,0,0,1,2,C03,8,5,5,50,11,9,1,5,4,5,13,4,4,5,5,5,2,11,2,29,2,9,2,1,7,9,1,10,1,14,,44,,1,22,121.5229412,25.1213684
113,3,27,6,11,2,05中正區,中正區中山南路與信義路1段口,0,0,1,1,B03,7,7,5,50,5,1,1,5,4,5,13,1,1,1,4,1,2,16,1,40,3,10,7,1,7,9,1,8,2,1,,16,,1,21,121.518025,25.03868806
113,3,27,6,11,2,05中正區,中正區中山南路與信義路1段口,0,0,1,2,C03,7,7,5,50,5,1,1,5,4,5,13,1,1,1,4,1,2,16,1,18,2,9,5,1,7,6,1,10,2,14,,99,,1,21,121.518025,25.03868806
113,3,27,7,20,2,04大安區,大安區和平東路3段與嘉興街口,0,0,1,1,B03,8,7,5,50,4,2,1,5,4,5,13,2,1,1,4,5,2,17,1,52,3,10,7,1,7,15,1,8,1,7,,100,,1,21,121.5537817,25.0231283
113,3,27,7,20,2,04大安區,大安區和平東路3段與嘉興街口,0,0,1,2,C03,8,7,5,50,4,2,1,5,4,5,13,2,1,1,4,5,2,17,1,23,2,9,6,1,7,9,1,10,1,11,,44,,1,21,121.5537817,25.0231283
113,3,27,7,20,2,05中正區,中正區中山南路與徐州路口,0,0,1,1,C03,8,5,5,50,3,1,1,5,4,5,13,1,1,10,4,5,2,16,1,29,3,10,6,4,7,8,1,10,1,13,,100,,1,22,121.5186715,25.04184678
113,3,27,7,20,2,05中正區,中正區中山南路與徐州路口,0,0,1,2,C03,8,5,5,50,3,1,1,5,4,5,13,1,1,10,4,5,2,16,1,18,2,8,6,4,7,9,1,10,1,11,,13,,1,22,121.5186715,25.04184678
113,3,27,7,20,2,08士林區,士林區雨農路與雙溪街口,0,0,1,1,C03,8,7,5,30,3,1,1,5,4,5,13,4,4,1,5,5,2,17,1,21,2,7,6,1,7,6,1,10,11,11,,72,,1,21,121.5328725,25.1012954
113,3,27,7,20,2,08士林區,士林區雨農路與雙溪街口,0,0,1,2,B03,8,7,5,30,3,1,1,5,4,5,13,4,4,1,5,5,2,17,1,62,3,10,7,1,7,9,1,8,11,5,,44,,1,21,121.5328725,25.1012954
113,3,27,7,27,2,10文山區,文山區木柵路3段102巷23號前,0,0,1,1,C03,8,6,5,30,14,9,1,5,4,5,13,4,4,10,5,5,2,16,1,39,3,10,6,1,7,9,1,10,1,14,,80,,1,21,121.5678757,24.98689629
113,3,27,7,27,2,10文山區,文山區木柵路3段102巷23號前,0,0,1,2,C04,8,6,5,30,14,9,1,5,4,5,13,4,4,10,5,5,2,16,2,45,2,8,6,1,7,9,1,11,1,14,,44,,1,21,121.5678757,24.98689629
113,3,27,7,29,2,10文山區,文山區和平東路4段381巷與木柵路4段149巷口,0,0,1,1,B03,8,6,5,30,3,1,1,5,4,5,13,4,4,10,5,5,2,17,2,49,3,10,3,4,7,6,1,8,1,8,,42,,1,21,121.5745599,24.9995103
113,3,27,7,29,2,10文山區,文山區和平東路4段381巷與木柵路4段149巷口,0,0,1,2,C03,8,6,5,30,3,1,1,5,4,5,13,4,4,10,5,5,2,17,2,29,2,8,5,4,7,6,1,10,1,14,,108,,1,21,121.5745599,24.9995103
113,3,27,7,37,2,08士林區,士林區文林路與福國路口,0,0,1,1,B01,8,5,5,50,5,1,1,5,4,5,13,1,1,1,4,5,1,15,1,53,3,10,7,1,7,6,1,4,2,8,,9,,1,21,121.5213894,25.1016007
113,3,27,7,37,2,08士林區,士林區文林路與福國路口,0,0,1,2,C03,8,5,5,50,5,1,1,5,4,5,13,1,1,1,4,5,1,15,1,48,2,9,5,1,7,9,1,10,2,12,,108,,1,21,121.5213894,25.1016007
113,3,27,7,37,2,08士林區,士林區文林路與福國路口,0,0,1,3,H03,8,5,5,50,5,1,1,5,4,5,13,1,1,1,4,5,1,15,1,47,3,10,4,5,8,20,8,20,10,17,,67,,1,21,121.5213894,25.1016007
113,3,27,7,44,2,02萬華區,萬華區堤外便道南往北(DSR402牌面前),0,0,1,1,C03,8,6,7,40,14,11,1,5,4,5,13,4,4,9,4,5,1,13,2,26,2,8,5,1,7,9,1,10,1,11,,16,,1,21,121.4985286,25.0411258
113,3,27,7,44,2,02萬華區,萬華區堤外便道南往北(DSR402牌面前),0,0,1,2,C03,8,6,7,40,14,11,1,5,4,5,13,4,4,9,4,5,1,13,1,42,3,10,5,1,7,9,1,10,1,13,,44,,1,21,121.4985286,25.0411258
113,3,27,7,55,2,12內湖區,內湖區東湖路與東湖路113巷口,0,0,1,1,B03,7,6,5,50,4,1,1,5,4,5,13,1,1,5,4,5,2,16,1,37,3,10,7,1,7,6,1,8,1,17,,9,,1,21,121.6146825,25.06871103
113,3,27,7,55,2,12內湖區,內湖區東湖路與東湖路113巷口,0,0,1,2,C03,7,6,5,50,4,1,1,5,4,5,13,1,1,5,4,5,2,16,2,25,2,9,5,1,7,9,1,10,1,14,,13,,1,21,121.6146825,25.06871103
113,3,27,7,57,2,12內湖區,內湖區潭美街與潭美街口東往西(編號0309041路燈處),0,0,1,1,C03,7,5,5,40,14,9,1,5,4,5,13,4,4,5,2,5,2,13,2,44,2,9,5,1,7,9,1,10,1,12,,16,,1,21,121.6061035,25.06193504
113,3,27,7,57,2,12內湖區,內湖區潭美街與潭美街口東往西(編號0309041路燈處),0,0,1,2,C03,7,5,5,40,14,9,1,5,4,5,13,4,4,5,2,5,2,13,2,47,3,10,5,1,7,9,1,11,1,13,,44,,1,21,121.6061035,25.06193504
113,3,27,7,59,2,03中山區,中山區民權東路3段61號,0,0,1,1,B03,8,5,5,50,14,9,1,5,4,5,13,4,4,1,4,5,2,17,1,53,3,10,3,4,7,15,1,8,1,8,,40,,1,21,121.5432209,25.0625459
113,3,27,7,59,2,03中山區,中山區民權東路3段61號,0,0,1,2,C03,8,5,5,50,14,9,1,5,4,5,13,4,4,1,4,5,2,17,2,53,2,9,3,4,7,9,1,10,1,11,,44,,1,21,121.5432209,25.0625459
113,3,27,8,9,2,12內湖區,內湖區金湖路與康寧路1段口,0,0,3,1,C03,8,5,5,50,3,1,1,5,4,5,13,2,1,1,4,5,2,13,1,19,2,9,5,1,7,9,1,10,2,11,,16,,1,21,121.5995431,25.07901259
113,3,27,8,9,2,12內湖區,內湖區金湖路與康寧路1段口,0,0,3,2,C03,8,5,5,50,3,1,1,5,4,5,13,2,1,1,4,5,2,13,1,26,2,9,5,1,7,12,1,10,2,13,,44,,1,21,121.5995431,25.07901259
113,3,27,8,9,2,12內湖區,內湖區金湖路與康寧路1段口,0,0,3,3,H02,8,5,5,50,3,1,1,5,4,5,13,2,1,1,4,5,2,13,2,26,2,9,5,5,7,20,8,20,10,16,,67,,1,21,121.5995431,25.07901259
113,3,27,8,9,2,12內湖區,內湖區金湖路與康寧路1段口,0,0,3,4,B03,8,5,5,50,3,1,1,5,4,5,13,2,1,1,4,5,2,13,1,47,3,10,7,1,7,6,1,4,9,17,,9,,1,21,121.5995431,25.07901259
113,3,27,8,12,2,06松山區,松山區麥帥一橋機慢車專用道往內湖,0,0,5,1,C03,7,6,5,40,14,11,1,5,4,5,13,4,4,1,4,4,2,13,1,24,2,9,5,1,7,9,1,10,2,12,,42,,1,21,121.5681387,25.05127679
113,3,27,8,12,2,06松山區,松山區麥帥一橋機慢車專用道往內湖,0,0,5,2,C03,7,6,5,40,14,11,1,5,4,5,13,4,4,1,4,4,2,13,2,45,2,9,5,1,7,9,1,10,2,13,,42,,1,21,121.5681387,25.05127679
113,3,27,8,12,2,06松山區,松山區麥帥一橋機慢車專用道往內湖,0,0,5,3,C03,7,6,5,40,14,11,1,5,4,5,13,4,4,1,4,4,2,13,2,26,2,9,5,1,7,9,1,10,2,11,,42,,1,21,121.5681387,25.05127679
113,3,27,8,12,2,06松山區,松山區麥帥一橋機慢車專用道往內湖,0,0,5,4,C03,7,6,5,40,14,11,1,5,4,5,13,4,4,1,4,4,2,13,2,42,2,9,5,1,7,9,1,10,2,11,14,42,,1,21,121.5681387,25.05127679
113,3,27,8,12,2,06松山區,松山區麥帥一橋機慢車專用道往內湖,0,0,5,5,C03,7,6,5,40,14,11,1,5,4,5,13,4,4,1,4,4,2,13,2,47,2,7,5,1,7,9,1,10,2,13,,42,,1,21,121.5681387,25.05127679
113,3,27,8,32,2,06松山區,松山區市民大道4段與敦化南路1段口,0,0,1,2,B02,8,5,5,50,4,1,1,5,4,5,13,2,1,3,4,4,2,17,1,24,3,10,3,4,7,9,1,8,11,7,,44,,1,22,121.5491441,25.04473963
113,3,27,8,32,2,06松山區,松山區市民大道4段與敦化南路1段口,0,0,1,1,C03,8,5,5,50,4,1,1,5,4,5,13,2,1,3,4,4,2,17,2,57,2,8,6,4,7,9,1,10,11,12,,16,,1,22,121.5491441,25.04473963
113,3,27,8,42,2,06松山區,松山區民生東路4段與光復北路口,0,0,1,1,C03,8,7,5,50,4,1,1,5,4,5,13,2,1,1,3,5,2,16,1,77,3,10,5,1,7,5,1,10,1,12,,98,,1,21,121.5551919,25.0583267
113,3,27,8,42,2,06松山區,松山區民生東路4段與光復北路口,0,0,1,2,C04,8,7,5,50,4,1,1,5,4,5,13,2,1,1,3,5,2,16,2,36,2,8,5,1,7,9,1,10,1,11,,44,,1,21,121.5551919,25.0583267
113,3,27,8,44,2,05中正區,中正區羅斯福路1段與愛國西路口,0,0,2,1,H03,8,7,5,50,4,1,1,5,4,5,13,1,1,1,4,1,2,9,1,60,3,10,4,5,8,20,8,20,10,16,,67,,1,21,121.5163761,25.0345891
113,3,27,8,44,2,05中正區,中正區羅斯福路1段與愛國西路口,0,0,2,2,B03,8,7,5,50,4,1,1,5,4,5,13,1,1,1,4,1,2,9,1,44,3,10,7,4,7,10,1,8,2,17,,103,,1,21,121.5163761,25.0345891
113,3,27,8,44,2,05中正區,中正區羅斯福路1段與愛國西路口,0,0,2,3,C03,8,7,5,50,4,1,1,5,4,5,13,1,1,1,4,1,2,9,1,53,2,9,5,4,7,9,1,10,2,14,,44,,1,21,121.5163761,25.0345891
113,3,27,8,44,2,05中正區,中正區羅斯福路1段與愛國西路口,0,0,2,4,C03,8,7,5,50,4,1,1,5,4,5,13,1,1,1,4,1,2,9,2,39,2,9,5,4,7,9,1,10,2,12,,44,,1,21,121.5163761,25.0345891
113,3,27,8,45,2,01大同區,大同區延平北路4段282巷與敦煌路175巷口,0,0,2,1,B03,8,6,5,30,4,1,1,5,4,5,13,4,4,10,5,5,2,15,1,30,2,7,7,1,7,9,1,8,4,8,,72,,1,22,121.5110645,25.0770224
113,3,27,8,45,2,01大同區,大同區延平北路4段282巷與敦煌路175巷口,0,0,2,2,C03,8,6,5,30,4,1,1,5,4,5,13,4,4,10,5,5,2,15,1,48,2,9,6,1,7,9,1,10,2,11,,14,,1,22,121.5110645,25.0770224
113,3,27,8,45,2,02萬華區,萬華區大理街與大理街175巷口,0,0,2,1,C03,8,6,5,30,3,1,1,5,4,5,13,4,4,10,5,5,2,16,1,28,2,9,6,1,7,5,1,10,1,11,,74,,1,26,121.4945967,25.03386709
113,3,27,8,45,2,02萬華區,萬華區大理街與大理街175巷口,0,0,2,2,C03,8,6,5,30,3,1,1,5,4,5,13,4,4,10,5,5,2,16,1,75,2,9,5,1,7,9,1,10,1,11,,44,,1,21,121.4945967,25.03386709
113,3,27,8,45,2,12內湖區,內湖區康樂街61巷與康樂街85巷口,0,0,1,1,C03,8,7,5,30,4,1,1,5,4,5,13,4,4,10,5,5,2,15,1,32,3,10,5,1,7,9,1,10,2,11,,80,,1,21,121.6195159,25.069588
113,3,27,8,45,2,12內湖區,內湖區康樂街61巷與康樂街85巷口,0,0,1,2,C03,8,7,5,30,4,1,1,5,4,5,13,4,4,10,5,5,2,15,2,24,2,9,5,1,7,9,1,10,2,13,,80,,1,21,121.6195159,25.069588
113,3,27,8,47,2,05中正區,中正區襄陽路與南陽街口,0,0,1,1,C03,8,6,5,50,3,2,1,5,4,5,13,4,4,5,4,5,2,13,2,49,2,8,6,4,7,8,1,10,11,13,,100,,1,22,121.515964,25.0433531
113,3,27,8,47,2,05中正區,中正區襄陽路與南陽街口,0,0,1,2,C03,8,6,5,50,3,2,1,5,4,5,13,4,4,5,4,5,2,13,1,43,3,10,6,4,7,8,1,10,2,11,,44,,1,22,121.515964,25.0433531
113,3,27,8,50,2,02萬華區,萬華區艋舺大道86巷與艋舺大道口,0,0,1,1,C03,8,6,5,50,3,1,1,5,4,5,13,4,4,8,3,5,1,13,1,33,2,8,5,1,7,9,1,10,1,11,,16,,1,21,121.5029568,25.0333404
113,3,27,8,50,2,02萬華區,萬華區艋舺大道86巷與艋舺大道口,0,0,1,2,B03,8,6,5,50,3,1,1,5,4,5,13,4,4,8,3,5,1,13,1,47,3,10,7,1,7,9,1,4,1,7,,44,,1,21,121.5029568,25.0333404
113,3,27,8,54,2,05中正區,中正區和平西路2段與寧波西街口,0,0,1,1,C03,8,7,5,50,4,1,1,5,4,5,13,1,1,1,4,5,2,12,2,51,2,9,5,1,7,7,1,11,2,14,,100,,1,22,121.5119578,25.0290734
113,3,27,8,54,2,05中正區,中正區和平西路2段與寧波西街口,0,0,1,2,B03,8,7,5,50,4,1,1,5,4,5,13,1,1,1,4,5,2,12,1,41,3,10,7,1,7,9,1,8,2,5,,86,,1,22,121.5119578,25.0290734
113,3,27,8,55,2,02萬華區,萬華區莒光路153巷與中華路2段130巷口,0,0,1,1,C03,8,7,5,30,4,1,1,5,4,5,13,4,4,10,5,5,2,15,2,31,2,9,5,1,7,9,1,10,1,11,,75,,1,21,121.5029584,25.0307336
113,3,27,8,55,2,02萬華區,萬華區莒光路153巷與中華路2段130巷口,0,0,1,2,B11,8,7,5,30,4,1,1,5,4,5,13,4,4,10,5,5,2,15,1,44,3,10,7,1,7,9,1,4,1,4,,44,,1,21,121.5029584,25.0307336
113,3,27,8,55,2,02萬華區,萬華區莒光路153巷與中華路2段130巷口,0,0,1,3,B12,8,7,5,30,4,1,1,5,4,5,13,4,4,10,5,5,2,15,1,112,4,11,3,4,7,14,7,19,11,17,,38,,1,22,121.5029584,25.0307336
113,3,27,9,5,2,05中正區,中正區中華路2段與愛國西路口口,0,0,1,1,B03,8,6,5,50,5,1,1,5,4,5,13,1,1,1,4,5,1,17,1,31,3,10,7,1,7,6,1,8,1,2,,9,,1,21,121.5069704,25.0374626
113,3,27,9,5,2,05中正區,中正區中華路2段與愛國西路口口,0,0,1,2,C03,8,6,5,50,5,1,1,5,4,5,13,1,1,1,4,5,1,17,2,32,2,8,6,1,7,9,1,10,1,14,,44,,1,21,121.5069704,25.0374626
113,3,27,9,17,2,01大同區,大同區延平北路2段與保安街口,0,0,1,1,C03,8,6,5,50,3,1,1,5,4,5,13,1,1,5,4,5,2,17,1,56,3,10,6,4,7,5,1,9,2,14,,8,,1,22,121.5114294,25.0591323
113,3,27,9,17,2,01大同區,大同區延平北路2段與保安街口,0,0,1,2,C03,8,6,5,50,3,1,1,5,4,5,13,1,1,5,4,5,2,17,1,27,2,9,6,4,7,9,1,10,2,11,,44,,1,22,121.5114294,25.0591323
113,3,27,9,22,2,05中正區,中正區台北車站西側門(西三門),0,0,1,1,B03,8,5,6,50,22,18,1,5,4,5,13,4,4,9,5,5,2,9,1,59,3,10,7,1,7,5,1,8,2,1,,70,,1,21,121.5161198,25.0474646
113,3,27,9,22,2,05中正區,中正區台北車站西側門(西三門),0,0,1,2,H01,8,5,6,50,22,18,1,5,4,5,13,4,4,9,5,5,2,9,2,34,2,8,4,5,8,16,8,20,10,16,,67,,1,21,121.5161198,25.0474646
113,3,27,9,28,2,12內湖區,內湖區舊宗路1段279號,0,0,2,1,B03,7,6,5,50,14,9,1,5,4,5,13,4,4,1,4,5,2,16,2,38,3,10,7,1,7,6,1,8,1,17,,9,,1,21,121.576363,25.06324021
113,3,27,9,28,2,12內湖區,內湖區舊宗路1段279號,0,0,2,2,C03,7,6,5,50,14,9,1,5,4,5,13,4,4,1,4,5,2,16,1,66,2,9,5,1,7,9,1,10,1,12,,44,,1,21,121.576363,25.06324021
113,3,27,9,28,2,12內湖區,內湖區舊宗路1段279號,0,0,2,3,H02,7,6,5,50,14,9,1,5,4,5,13,4,4,1,4,5,2,16,2,63,2,8,5,5,7,21,8,20,10,16,,67,,1,21,121.576363,25.06324021
113,3,27,9,31,2,05中正區,中正區廈門街與牯嶺街口,0,0,1,1,B12,8,7,5,50,3,1,1,5,4,5,13,3,1,5,5,5,1,17,1,65,3,10,7,1,7,5,1,8,2,5,,72,,1,22,121.5182696,25.0275218
113,3,27,9,31,2,05中正區,中正區廈門街與牯嶺街口,0,0,1,2,C03,8,7,5,50,3,1,1,5,4,5,13,3,1,5,5,5,1,17,1,35,2,9,5,1,7,9,1,10,2,12,,44,,1,22,121.5182696,25.0275218
113,3,27,10,10,2,03中山區,中山區新生北路3段與民族東路口,0,0,1,1,C03,8,7,5,50,14,9,1,5,4,5,13,4,4,1,4,5,2,13,2,38,2,9,3,4,7,9,1,10,1,11,,44,,1,21,121.5276815,25.0686524
113,3,27,10,10,2,03中山區,中山區新生北路3段與民族東路口,0,0,1,2,B13,8,7,5,50,14,9,1,5,4,5,13,4,4,1,4,5,2,13,1,41,3,10,3,4,7,14,1,8,1,7,,44,,1,21,121.5276815,25.0686524
113,3,27,10,10,2,05中正區,中正區貴陽街1段60號,0,0,1,2,C03,8,7,5,50,14,9,1,5,4,5,13,4,4,5,4,5,2,17,1,46,2,9,5,1,7,9,1,10,1,14,,44,,1,21,121.5090028,25.0390734
113,3,27,10,10,2,05中正區,中正區貴陽街1段60號,0,0,1,1,B01,8,7,5,50,14,9,1,5,4,5,13,4,4,5,4,5,2,17,1,68,3,10,7,1,7,8,1,4,9,17,,100,,2,21,121.5090028,25.0390734
113,3,27,10,12,2,12內湖區,內湖區民權東路6段81巷與民權東路6段口,0,0,2,1,C03,7,6,5,50,4,1,1,5,4,5,13,2,1,9,4,5,2,17,1,32,2,8,6,1,7,1,1,10,1,14,,19,,1,21,121.5878344,25.06911576
113,3,27,10,12,2,12內湖區,內湖區民權東路6段81巷與民權東路6段口,0,0,2,2,C03,7,6,5,50,4,1,1,5,4,5,13,2,1,9,4,5,2,17,2,30,2,9,6,1,7,9,1,10,1,11,,13,,1,21,121.5878344,25.06911576
113,3,27,10,17,2,01大同區,大同區民權西路與民權西路225巷口,0,0,3,1,C03,8,6,5,50,4,1,1,5,4,5,13,2,1,1,5,5,2,13,1,20,2,9,5,1,7,9,5,10,11,11,,108,,1,22,121.5122918,25.0630343
113,3,27,10,17,2,01大同區,大同區民權西路與民權西路225巷口,0,0,3,2,C03,8,6,5,50,4,1,1,5,4,5,13,2,1,1,5,5,2,13,1,71,2,9,5,1,7,15,1,10,11,13,,100,,1,22,121.5122918,25.0630343