發生年度,發生月,發生日,發生時-Hours,發生分,處理別-編號,區序,肇事地點,死亡人數,2-30日死亡人數,受傷人數,當事人序號,車種,天候,道路照明設備,道路類別,速限-速度限制,道路型態,事故位置,路面狀況1,路面狀況2,路面狀況3,道路障礙1,道路障礙2,號誌1,號誌2,車道劃分-分向,車道劃分-分道1,車道劃分-分道2,車道劃分-分道3,事故類型及型態,性別,年齡,受傷程度,主要傷處,保護裝置,行動電話,車輛用途,當事者行動狀態,駕駛資格情形,駕駛執照種類,飲酒情形,車輛撞擊部位1,車輛撞擊部位2,肇因碼-個別,肇因碼-主要,個人肇逃否,職業,座標-X,座標-Y
113,3,27,10,17,2,01大同區,大同區民權西路與民權西路225巷口,0,0,3,3,H02,8,6,5,50,4,1,1,5,4,5,13,2,1,1,5,5,2,13,1,15,2,1,5,5,7,21,8,20,10,16,,67,,1,22,121.5122918,25.0630343
113,3,27,10,25,2,06松山區,松山區南京東路4段65號,0,0,1,1,B03,8,5,5,40,14,8,1,5,4,5,13,4,4,1,3,4,2,11,1,60,3,10,3,4,7,14,1,8,2,4,,40,,1,22,121.553102,25.0517839
113,3,27,10,25,2,06松山區,松山區南京東路4段65號,0,0,1,2,C03,8,5,5,40,14,8,1,5,4,5,13,4,4,1,3,4,2,11,1,37,2,9,5,1,7,9,1,10,2,11,,44,,1,22,121.553102,25.0517839
113,3,27,10,35,2,12內湖區,內湖區潭美街與安康路32巷口,0,0,1,1,C03,7,7,5,40,3,2,1,5,4,5,13,4,4,5,5,5,2,16,1,19,3,10,5,1,7,9,1,10,1,14,,44,,1,21,121.595037,25.0610694
113,3,27,10,35,2,12內湖區,內湖區潭美街與安康路32巷口,0,0,1,2,C03,7,7,5,40,3,2,1,5,4,5,13,4,4,5,5,5,2,16,1,68,2,9,5,1,7,6,1,10,1,12,,9,,1,21,121.595037,25.0610694
113,3,27,11,26,2,05中正區,中正區市民大道1段北2門前,0,0,1,1,B01,8,6,5,40,14,9,1,5,4,5,13,4,4,1,4,5,2,13,2,53,3,10,7,4,7,1,1,4,11,17,,19,,2,21,121.5175263,25.0484957
113,3,27,11,26,2,05中正區,中正區市民大道1段北2門前,0,0,1,2,C03,8,6,5,40,14,9,1,5,4,5,13,4,4,1,4,5,2,13,1,25,3,10,6,1,7,9,1,10,2,11,,16,,1,22,121.5175263,25.0484957
113,3,27,11,26,2,05中正區,中正區市民大道1段北2門前,0,0,1,3,C03,8,6,5,40,14,9,1,5,4,5,13,4,4,1,4,5,2,13,1,29,3,10,6,1,7,9,1,10,2,13,,44,,1,22,121.5175263,25.0484957
113,3,27,11,26,2,05中正區,中正區市民大道1段北2門前,0,0,1,4,C03,8,6,5,40,14,9,1,5,4,5,13,4,4,1,4,5,2,13,2,23,2,9,6,1,7,9,1,10,2,11,,16,,1,22,121.5175263,25.0484957
113,3,27,11,26,2,05中正區,中正區市民大道1段北2門前,0,0,1,5,C03,8,6,5,40,14,9,1,5,4,5,13,4,4,1,4,5,2,13,1,24,3,10,6,1,7,12,1,10,9,13,,44,,2,25,121.5175263,25.0484957
113,3,27,12,34,2,02萬華區,萬華區東園街與東園街28巷口口,0,0,3,1,C03,7,6,5,30,3,2,1,5,4,5,13,4,4,8,3,5,1,16,1,75,2,9,3,4,7,5,1,10,1,12,,74,,1,21,121.4958502,25.0273203
113,3,27,12,34,2,02萬華區,萬華區東園街與東園街28巷口口,0,0,3,2,C03,7,6,5,30,3,2,1,5,4,5,13,4,4,8,3,5,1,16,1,40,2,8,3,4,7,9,1,10,1,11,,14,,1,21,121.4958502,25.0273203
113,3,27,12,34,2,02萬華區,萬華區東園街與東園街28巷口口,0,0,3,3,H02,7,6,5,30,3,2,1,5,4,5,13,4,4,8,3,5,1,16,2,66,2,9,3,5,7,20,8,20,10,16,,67,,1,21,121.4958502,25.0273203
113,3,27,12,37,2,08士林區,士林區華岡路32號,0,0,1,1,B03,8,6,5,30,14,9,1,5,4,5,13,4,4,10,5,5,2,8,1,18,3,10,7,1,7,9,1,8,2,2,,108,,1,22,121.5427048,25.1379994
113,3,27,12,37,2,08士林區,士林區華岡路32號,0,0,1,2,H01,8,6,5,30,14,9,1,5,4,5,13,4,4,10,5,5,2,8,1,21,2,7,4,5,8,17,8,20,10,16,,67,,1,22,121.5427048,25.1379994
113,3,27,12,45,2,08士林區,士林區重慶北路4段與中正路口,0,0,2,1,C03,8,6,5,50,3,2,1,5,4,5,13,1,1,10,5,5,1,13,2,18,2,9,5,1,7,9,1,10,1,11,,108,,1,21,121.5111001,25.0871907
113,3,27,12,45,2,08士林區,士林區重慶北路4段與中正路口,0,0,2,2,C03,8,6,5,50,3,2,1,5,4,5,13,1,1,10,5,5,1,13,1,56,2,9,5,1,7,14,1,10,1,13,,44,,1,21,121.5111001,25.0871907
113,3,27,13,5,2,08士林區,士林區大南路與小西街口,0,0,2,1,C03,8,6,5,30,4,2,1,5,4,5,13,4,4,10,5,5,1,15,1,22,2,9,6,1,7,9,1,10,2,11,,80,,1,21,121.5233726,25.0897449
113,3,27,13,5,2,08士林區,士林區大南路與小西街口,0,0,2,2,C03,8,6,5,30,4,2,1,5,4,5,13,4,4,10,5,5,1,15,2,29,2,9,6,1,7,9,1,10,2,11,,108,,1,21,121.5233726,25.0897449
113,3,27,13,20,2,03中山區,中山區中山北路2段與民生西路口,0,0,1,1,C03,7,6,5,50,4,1,1,5,4,5,13,2,1,1,4,5,2,12,2,42,2,9,6,1,7,8,1,10,2,11,,100,,1,21,121.5227232,25.0578601
113,3,27,13,20,2,03中山區,中山區中山北路2段與民生西路口,0,0,1,2,C03,7,6,5,50,4,1,1,5,4,5,13,2,1,1,4,5,2,12,1,26,3,10,6,1,7,9,1,10,1,14,,44,,1,21,121.5227232,25.0578601
113,3,27,13,20,2,03中山區,中山區民族東路與建國北路3段口,0,0,2,1,C03,8,6,5,50,4,1,1,5,4,5,13,1,1,1,4,5,2,15,2,20,2,9,5,4,7,9,1,10,1,11,,81,,1,21,121.5338118,25.0682079
113,3,27,13,20,2,03中山區,中山區民族東路與建國北路3段口,0,0,2,2,C03,8,6,5,50,4,1,1,5,4,5,13,1,1,1,4,5,2,15,1,28,2,9,5,4,7,9,1,10,1,12,,44,,1,21,121.5338118,25.0682079
113,3,27,13,30,2,04大安區,大安區信義路4段與大安路1段口,0,0,1,1,A02,8,5,7,40,22,10,1,5,4,5,13,2,1,1,1,1,1,9,1,51,3,10,7,1,7,1,1,2,1,17,,36,,1,21,121.5461856,25.0333322
113,3,27,13,30,2,04大安區,大安區信義路4段與大安路1段口,0,0,1,2,H02,8,5,7,40,22,10,1,5,4,5,13,2,1,1,1,1,1,9,2,75,2,8,4,5,7,19,8,20,10,16,,67,,1,21,121.5461856,25.0333322
113,3,27,13,39,2,04大安區,大安區仁愛路3段143巷50號,0,0,2,1,H03,7,6,5,30,14,9,1,2,4,5,13,4,4,10,5,5,1,9,1,50,3,10,4,5,8,16,8,20,9,16,,60,,1,21,121.5420348,25.04050524
113,3,27,13,39,2,04大安區,大安區仁愛路3段143巷50號,0,0,2,2,F02,7,6,5,30,14,9,1,2,4,5,13,4,4,10,5,5,1,9,2,35,2,9,4,1,7,9,8,20,9,14,,44,,1,21,121.5420348,25.04050524
113,3,27,13,39,2,04大安區,大安區仁愛路3段143巷50號,0,0,2,3,H02,7,6,5,30,14,9,1,2,4,5,13,4,4,10,5,5,1,9,1,1,2,9,4,5,8,16,8,20,10,16,,125,,1,21,121.5420348,25.04050524
113,3,27,14,6,2,08士林區,士林區中山北路4段與通河街口,0,0,2,1,C03,8,5,5,50,3,2,1,5,4,5,13,1,1,2,5,5,1,13,2,61,2,6,5,1,7,9,1,10,1,11,,16,,1,21,121.5244422,25.0800962
113,3,27,14,6,2,08士林區,士林區中山北路4段與通河街口,0,0,2,2,C03,8,5,5,50,3,2,1,5,4,5,13,1,1,2,5,5,1,13,2,25,2,8,5,1,7,9,1,10,1,14,,44,,1,21,121.5244422,25.0800962
113,3,27,14,6,2,08士林區,士林區中山北路4段與通河街口,0,0,2,3,C03,8,5,5,50,3,2,1,5,4,5,13,1,1,2,5,5,1,13,2,23,3,10,5,1,7,14,1,10,1,17,,44,,1,21,121.5244422,25.0800962
113,3,27,14,6,2,08士林區,士林區中山北路4段與通河街口,0,0,2,4,C03,8,5,5,50,3,2,1,5,4,5,13,1,1,2,5,5,1,13,2,50,3,10,5,1,7,6,1,10,9,17,,44,,2,21,121.5244422,25.0800962
113,3,27,14,20,1,12內湖區,內湖區民權東路6段與成功路2段口,1,0,3,1,B01,7,6,5,50,5,1,1,5,4,5,13,2,1,9,4,5,2,16,1,66,1,9,3,4,7,9,1,4,9,1,,81,,1,21,121.5907963,25.0690296
113,3,27,14,20,1,12內湖區,內湖區民權東路6段與成功路2段口,1,0,3,2,B03,7,6,5,50,5,1,1,5,4,5,13,2,1,9,4,5,2,16,1,60,3,10,7,1,7,5,1,8,2,6,,44,,1,21,121.5907963,25.0690296
113,3,27,14,20,1,12內湖區,內湖區民權東路6段與成功路2段口,1,0,3,3,A11,7,6,5,50,5,1,1,5,4,5,13,2,1,9,4,5,2,16,1,37,3,10,7,1,7,5,1,3,2,1,,44,,1,21,121.5907963,25.0690296
113,3,27,14,20,1,12內湖區,內湖區民權東路6段與成功路2段口,1,0,3,4,B11,7,6,5,50,5,1,1,5,4,5,13,2,1,9,4,5,2,16,1,37,3,10,7,1,7,5,1,4,2,1,,44,,1,21,121.5907963,25.0690296
113,3,27,14,20,1,12內湖區,內湖區民權東路6段與成功路2段口,1,0,3,5,A12,7,6,5,50,5,1,1,5,4,5,13,2,1,9,4,5,2,16,1,54,3,10,7,1,7,5,1,7,2,1,,44,,1,21,121.5907963,25.0690296
113,3,27,14,20,1,12內湖區,內湖區民權東路6段與成功路2段口,1,0,3,6,B01,7,6,5,50,5,1,1,5,4,5,13,2,1,9,4,5,2,16,1,45,3,10,7,1,7,5,1,4,2,6,,44,,1,21,121.5907963,25.0690296
113,3,27,14,20,1,12內湖區,內湖區民權東路6段與成功路2段口,1,0,3,7,H02,7,6,5,50,5,1,1,5,4,5,13,2,1,9,4,5,2,16,2,52,2,9,7,5,7,21,8,20,10,16,,67,,1,21,121.5907963,25.0690296
113,3,27,14,20,1,12內湖區,內湖區民權東路6段與成功路2段口,1,0,3,8,H02,7,6,5,50,5,1,1,5,4,5,13,2,1,9,4,5,2,16,2,58,2,9,7,5,7,21,8,20,10,16,,67,,1,21,121.5907963,25.0690296
113,3,27,14,20,1,12內湖區,內湖區民權東路6段與成功路2段口,1,0,3,9,H02,7,6,5,50,5,1,1,5,4,5,13,2,1,9,4,5,2,16,2,35,2,9,7,5,7,21,8,20,10,16,,67,,1,21,121.5907963,25.0690296
113,3,27,15,3,2,11南港區,南港區玉成街與玉成街190巷口,0,0,2,1,B03,8,7,5,50,4,1,1,5,4,5,13,2,1,5,4,4,2,13,1,54,3,10,7,1,7,9,1,8,2,1,,16,,1,21,121.58515,25.0434442
113,3,27,15,3,2,11南港區,南港區玉成街與玉成街190巷口,0,0,2,2,C03,8,7,5,50,4,1,1,5,4,5,13,2,1,5,4,4,2,13,2,39,2,8,5,1,7,5,1,10,2,13,,44,,1,21,121.58515,25.0434442
113,3,27,15,3,2,11南港區,南港區玉成街與玉成街190巷口,0,0,2,3,H02,8,7,5,50,4,1,1,5,4,5,13,2,1,5,4,4,2,13,1,5,2,8,7,5,7,20,8,20,10,16,,67,,1,21,121.58515,25.0434442
113,3,27,15,23,2,04大安區,大安區基隆路3段155巷57號,0,0,1,1,C03,7,6,5,50,14,9,1,5,4,5,13,4,4,5,4,5,2,16,1,19,2,9,3,4,7,15,1,10,1,12,,4,,1,21,121.5434714,25.0145966
113,3,27,15,23,2,04大安區,大安區基隆路3段155巷57號,0,0,1,2,B01,7,6,5,50,14,9,1,5,4,5,13,4,4,5,4,5,2,16,1,57,3,10,3,4,7,1,1,4,1,5,,19,,1,21,121.5434714,25.0145966
113,3,27,15,30,2,02萬華區,萬華區堤外便道(桂林往大理),0,0,1,1,C03,8,7,5,40,14,9,1,5,4,5,13,4,4,10,5,5,2,17,2,63,3,10,6,1,7,11,1,10,1,17,,80,,1,21,121.4907031,25.03597866
113,3,27,15,30,2,02萬華區,萬華區堤外便道(桂林往大理),0,0,1,2,C03,8,7,5,40,14,9,1,5,4,5,13,4,4,10,5,5,2,17,1,18,2,9,6,1,7,9,1,10,1,15,,44,,1,21,121.4907031,25.03597866
113,3,27,15,58,2,03中山區,中山區中山北路2段44巷2號旁無名巷,0,0,1,1,B03,8,5,5,30,14,9,1,5,4,5,13,4,4,10,5,5,2,17,1,42,3,10,3,4,7,5,1,8,1,4,,8,,1,22,121.5216692,25.0547438
113,3,27,15,58,2,03中山區,中山區中山北路2段44巷2號旁無名巷,0,0,1,3,H02,8,5,5,30,14,9,1,5,4,5,13,4,4,10,5,5,2,17,1,32,2,9,3,5,7,20,8,20,10,16,,44,,1,21,121.5216692,25.0547438
113,3,27,15,58,2,03中山區,中山區中山北路2段44巷2號旁無名巷,0,0,1,2,C03,8,5,5,30,14,9,1,5,4,5,13,4,4,10,5,5,2,17,2,23,3,10,3,4,7,9,1,10,1,12,,108,,1,21,121.5216692,25.0547438
113,3,27,16,6,2,07信義區,信義區基隆路2段與和平東路3段口,0,0,1,1,B03,8,7,5,50,4,1,1,5,4,5,13,2,1,9,4,5,2,16,1,28,3,10,3,4,7,6,1,8,1,5,,80,,1,21,121.5528681,25.0245646
113,3,27,16,6,2,07信義區,信義區基隆路2段與和平東路3段口,0,0,1,2,C03,8,7,5,50,4,1,1,5,4,5,13,2,1,9,4,5,2,16,2,30,2,9,5,1,7,9,1,10,1,14,,107,,1,21,121.5528681,25.0245646
113,3,27,16,11,2,03中山區,中山區八德路2段80號,0,0,1,1,G06,7,7,5,50,14,9,1,5,4,5,13,4,4,9,4,5,2,13,2,66,2,9,5,1,7,9,8,20,1,16,,42,,1,21,121.5355241,25.0454889
113,3,27,16,11,2,03中山區,中山區八德路2段80號,0,0,1,2,B02,7,7,5,50,14,9,1,5,4,5,13,4,4,9,4,5,2,13,1,39,3,10,2,1,7,13,1,8,1,7,,38,,1,21,121.5355241,25.0454889
113,3,27,16,20,2,05中正區,中正區延平南路270號,0,0,1,1,F01,7,7,5,50,11,9,1,5,4,5,13,4,4,5,5,5,2,17,1,13,3,10,4,1,7,5,8,20,1,11,,99,,1,15,121.5072981,25.0323
113,3,27,16,20,2,05中正區,中正區延平南路270號,0,0,1,2,C03,7,7,5,50,11,9,1,5,4,5,13,4,4,5,5,5,2,17,1,64,2,8,5,1,7,9,1,10,1,14,,44,,1,22,121.5072981,25.0323
113,3,27,16,20,2,05中正區,中正區延平南路270號,0,0,1,3,H02,7,7,5,50,11,9,1,5,4,5,13,4,4,5,5,5,2,17,2,57,4,11,5,5,7,20,8,20,10,16,,67,,1,22,121.5072981,25.0323
113,3,27,16,34,2,12內湖區,內湖區金龍隧道與金龍路口,0,0,1,1,B03,7,7,5,50,3,2,1,5,4,5,13,2,1,5,2,4,2,13,1,66,3,10,7,1,7,9,1,8,1,1,,108,,1,21,121.5885082,25.08658491
113,3,27,16,34,2,12內湖區,內湖區金龍隧道與金龍路口,0,0,1,2,C03,7,7,5,50,3,2,1,5,4,5,13,2,1,5,2,4,2,13,2,64,2,5,5,1,7,14,1,10,1,13,,44,,1,21,121.5885082,25.08658491
113,3,27,16,43,2,03中山區,中山區長安東路1段99號,0,0,2,1,C03,8,7,5,50,4,2,1,5,4,5,13,4,4,5,5,5,2,15,1,65,2,8,3,4,7,15,1,10,1,11,,80,,1,22,121.5290503,25.0481104
113,3,27,16,43,2,03中山區,中山區長安東路1段99號,0,0,2,2,C03,8,7,5,50,4,2,1,5,4,5,13,4,4,5,5,5,2,15,1,19,2,8,3,4,7,15,1,10,1,12,,14,,1,22,121.5290503,25.0481104
113,3,27,16,47,2,02萬華區,萬華區桂林路與西寧南路口,0,0,1,2,C04,8,7,5,50,5,1,1,5,4,5,13,2,1,3,4,5,2,12,2,31,2,9,5,1,7,9,1,11,1,12,,108,,1,21,121.4996017,25.03848441
113,3,27,16,47,2,02萬華區,萬華區桂林路與西寧南路口,0,0,1,1,C03,8,7,5,50,5,1,1,5,4,5,13,2,1,3,4,5,2,12,4,45,,,,,,,,,11,,,119,,2,,121.4996017,25.03848441
113,3,27,16,58,2,05中正區,中正區重慶南路3段與廈門街114巷口口,0,0,1,1,C03,8,6,5,30,4,1,1,5,4,1,13,1,1,5,4,5,1,17,1,54,2,8,6,1,7,5,1,10,2,11,,108,,1,21,121.5169414,25.0231122
113,3,27,16,58,2,05中正區,中正區重慶南路3段與廈門街114巷口口,0,0,1,2,B03,8,6,5,30,4,1,1,5,4,1,13,1,1,5,4,5,1,17,1,20,3,10,7,1,7,6,3,18,2,7,,44,,1,21,121.5169414,25.0231122
113,3,27,17,5,2,08士林區,士林區延平北路7段與延平北路7段150巷口,0,0,1,1,B03,8,5,5,40,4,1,1,5,4,5,13,1,1,5,5,5,2,12,1,30,3,10,7,1,7,15,1,8,1,5,,108,,1,21,121.4933206,25.0982147
113,3,27,17,5,2,08士林區,士林區延平北路7段與延平北路7段150巷口,0,0,1,2,C03,8,5,5,40,4,1,1,5,4,5,13,1,1,5,5,5,2,12,2,51,2,9,6,1,7,15,1,10,1,13,,44,,1,21,121.4933206,25.0982147
113,3,27,17,10,2,10文山區,文山區木新路3段與樟新街口口,0,0,1,1,C03,8,5,5,50,4,1,1,5,4,5,13,2,1,10,5,5,2,16,1,25,3,10,5,1,7,6,1,10,1,12,,44,,1,21,121.5548853,24.9801788
113,3,27,17,10,2,10文山區,文山區木新路3段與樟新街口口,0,0,1,2,F02,8,5,5,50,4,1,1,5,4,5,13,2,1,10,5,5,2,16,2,61,2,9,4,1,7,9,8,20,1,14,,44,,1,21,121.5548853,24.9801788
113,3,27,17,12,2,04大安區,大安區基隆路4段與羅斯福路4段口,0,0,1,1,B12,8,7,5,50,4,1,1,5,4,5,13,2,1,1,4,5,2,12,1,73,3,10,7,1,7,9,1,8,1,5,,17,,1,21,121.5371634,25.0114155
113,3,27,17,12,2,04大安區,大安區基隆路4段與羅斯福路4段口,0,0,1,2,C03,8,7,5,50,4,1,1,5,4,5,13,2,1,1,4,5,2,12,2,66,2,9,6,1,7,9,1,10,1,14,,17,,1,21,121.5371634,25.0114155
113,3,27,17,30,2,03中山區,中山區大直橋南,0,0,1,1,B12,8,5,5,50,8,9,1,5,4,5,13,4,4,1,4,5,2,17,1,46,3,10,3,4,7,9,1,6,11,17,,37,,1,21,121.5442846,25.07645631
113,3,27,17,30,2,03中山區,中山區大直橋南,0,0,1,2,C03,8,5,5,50,8,9,1,5,4,5,13,4,4,1,4,5,2,17,1,40,2,8,3,4,7,9,1,10,1,11,,44,,1,21,121.5442846,25.07645631
113,3,27,17,39,2,12內湖區,內湖區民權東路6段15巷與民權東路6段口,0,0,1,1,B03,8,6,5,40,3,1,1,5,4,5,13,4,4,1,4,4,2,16,1,27,3,10,3,4,7,6,1,8,1,6,,9,,1,22,121.5804667,25.0675328
113,3,27,17,39,2,12內湖區,內湖區民權東路6段15巷與民權東路6段口,0,0,1,2,C03,8,6,5,40,3,1,1,5,4,5,13,4,4,1,4,4,2,16,1,47,2,8,6,1,7,9,1,10,1,14,,44,,1,22,121.5804667,25.0675328
113,3,27,17,50,2,06松山區,松山區民生東路5段與撫遠街口,0,0,2,1,C03,8,5,5,50,4,1,1,5,4,5,13,2,1,9,4,5,2,15,2,44,2,8,6,1,7,9,1,10,2,11,,81,,1,22,121.5683346,25.05928649
113,3,27,17,50,2,06松山區,松山區民生東路5段與撫遠街口,0,0,2,2,C03,8,5,5,50,4,1,1,5,4,5,13,2,1,9,4,5,2,15,1,47,2,7,5,1,7,9,1,10,2,11,,44,,1,22,121.5683346,25.05928649
113,3,27,17,56,2,09北投區,北投區立農街2段與義理街口,0,0,2,1,C03,8,5,5,50,3,1,1,5,4,5,13,4,4,5,5,5,2,3,2,47,2,9,6,1,7,9,1,10,1,11,,70,,1,22,121.5163996,25.1185846
113,3,27,17,56,2,09北投區,北投區立農街2段與義理街口,0,0,2,2,H01,8,5,5,50,3,1,1,5,4,5,13,4,4,5,5,5,2,3,1,35,2,9,4,5,8,20,8,20,10,16,,54,,1,22,121.5163996,25.1185846
113,3,27,18,4,2,02萬華區,萬華區桂林路244巷與環河南路2段130巷口,0,0,2,1,C03,8,5,5,30,4,1,5,5,4,5,13,4,4,10,5,5,2,15,1,40,2,7,6,1,7,9,1,10,1,11,,80,,1,22,121.4937919,25.0370809
113,3,27,18,4,2,02萬華區,萬華區桂林路244巷與環河南路2段130巷口,0,0,2,2,C03,8,5,5,30,4,1,5,5,4,5,13,4,4,10,5,5,2,15,1,46,2,9,6,1,7,9,1,10,1,14,,14,,1,22,121.4937919,25.0370809
113,3,27,18,30,2,12內湖區,內湖區民權大橋東往西(民權012牌),0,0,3,1,C03,8,5,5,30,8,11,1,5,4,5,13,4,4,1,4,4,1,12,1,26,2,9,6,4,7,7,1,10,2,14,,100,,1,21,121.5695421,25.0642816
113,3,27,18,30,2,12內湖區,內湖區民權大橋東往西(民權012牌),0,0,3,2,C03,8,5,5,30,8,11,1,5,4,5,13,4,4,1,4,4,1,12,2,24,2,9,6,4,7,9,1,10,2,11,,44,,1,21,121.5695421,25.0642816
113,3,27,18,30,2,12內湖區,內湖區民權大橋東往西(民權012牌),0,0,3,3,C03,8,5,5,30,8,11,1,5,4,5,13,4,4,1,4,4,1,12,2,33,2,8,6,4,7,9,1,10,2,13,,44,,1,21,121.5695421,25.0642816
113,3,27,18,30,2,12內湖區,內湖區民權大橋東往西(民權012牌),0,0,3,4,C03,8,5,5,30,8,11,1,5,4,5,13,4,4,1,4,4,1,12,1,28,3,10,6,4,7,9,1,10,2,13,,44,,1,21,121.5695421,25.0642816
113,3,27,18,53,2,03中山區,中山區市民大道3段與建國南路1段口,0,0,1,1,C03,8,5,5,40,4,2,1,5,4,5,13,1,1,5,4,5,2,13,2,23,3,10,5,1,7,9,1,10,1,11,,107,,1,22,121.5364821,25.0448835
113,3,27,18,53,2,03中山區,中山區市民大道3段與建國南路1段口,0,0,1,2,C03,8,5,5,40,4,2,1,5,4,5,13,1,1,5,4,5,2,13,2,29,3,10,5,1,7,14,1,10,1,14,,44,,1,22,121.5364821,25.0448835
113,3,27,18,53,2,03中山區,中山區市民大道3段與建國南路1段口,0,0,1,3,B03,8,5,5,40,4,2,1,5,4,5,13,1,1,5,4,5,2,13,1,28,3,10,7,1,7,8,1,8,1,17,,100,,1,22,121.5364821,25.0448835
113,3,27,18,53,2,03中山區,中山區市民大道3段與建國南路1段口,0,0,1,4,H02,8,5,5,40,4,2,1,5,4,5,13,1,1,5,4,5,2,13,2,21,2,9,5,5,7,17,8,20,10,16,,67,,1,22,121.5364821,25.0448835
113,3,27,19,0,2,12內湖區,內湖區內湖路1段西向東(港墘捷運站2號出口),0,0,1,1,B03,7,5,5,50,14,9,1,5,4,5,13,4,4,1,5,4,2,17,1,26,3,10,7,1,7,7,1,8,1,7,,100,,1,21,121.5748218,25.08017491
113,3,27,19,0,2,12內湖區,內湖區內湖路1段西向東(港墘捷運站2號出口),0,0,1,2,C03,7,5,5,50,14,9,1,5,4,5,13,4,4,1,5,4,2,17,1,65,2,9,5,1,7,9,1,10,1,11,,13,,1,21,121.5748218,25.08017491
113,3,27,19,1,2,04大安區,大安區和平東路3段與和平東路3段228巷口口,0,0,2,1,C03,8,5,5,50,4,1,1,5,4,5,13,2,1,1,4,5,2,17,1,69,2,9,6,1,7,9,1,10,1,15,,42,,1,22,121.5545547,25.0223957
113,3,27,19,1,2,04大安區,大安區和平東路3段與和平東路3段228巷口口,0,0,2,2,C03,8,5,5,50,4,1,1,5,4,5,13,2,1,1,4,5,2,17,2,33,2,9,6,1,7,8,1,10,1,13,,100,,1,22,121.5545547,25.0223957
113,3,27,19,5,2,02萬華區,萬華區西藏路與艋舺大道口,0,0,1,1,B03,8,5,5,50,4,2,1,5,4,5,13,1,1,9,4,5,2,17,1,71,3,10,7,4,7,7,1,8,1,8,,100,,1,21,121.4916697,25.0288203
113,3,27,19,5,2,02萬華區,萬華區西藏路與艋舺大道口,0,0,1,2,C04,8,5,5,50,4,2,1,5,4,5,13,1,1,9,4,5,2,17,2,56,2,9,5,4,7,9,1,11,1,12,,44,,1,21,121.4916697,25.0288203
113,3,27,19,6,2,12內湖區,內湖區民權大橋東向西,0,0,1,1,C03,8,5,5,40,14,11,1,5,4,5,13,4,4,1,5,5,2,17,2,59,4,11,3,4,7,21,7,19,9,15,,119,,2,22,121.5745922,25.06568909
113,3,27,19,6,2,12內湖區,內湖區民權大橋東向西,0,0,1,2,C03,8,5,5,40,14,11,1,5,4,5,13,4,4,1,5,5,2,17,2,23,2,9,5,1,7,9,1,10,1,13,,44,,1,21,121.5745922,25.06568909
113,3,27,19,23,2,09北投區,北投區大度路1205094號燈桿,0,0,2,1,C03,8,5,5,50,14,12,1,5,4,5,13,4,4,1,4,1,1,13,2,31,2,9,5,1,7,9,1,10,1,11,,16,,1,22,121.4960115,25.12156609
113,3,27,19,23,2,09北投區,北投區大度路1205094號燈桿,0,0,2,2,C03,8,5,5,50,14,12,1,5,4,5,13,4,4,1,4,1,1,13,2,48,3,10,5,1,7,9,1,10,1,13,,44,,1,22,121.4960115,25.12156609
113,3,27,19,23,2,09北投區,北投區大度路1205094號燈桿,0,0,2,3,C03,8,5,5,50,14,12,1,5,4,5,13,4,4,1,4,1,1,13,2,25,2,8,5,1,7,9,1,10,1,12,,42,,1,22,121.4960115,25.12156609
113,3,27,19,27,2,10文山區,文山區興隆路3段與辛亥路4段口,0,0,1,1,A12,8,5,5,50,4,2,1,5,4,5,13,2,1,1,2,5,2,17,1,25,3,10,7,1,7,6,1,6,1,17,,17,,1,21,121.5547171,25.0010336
113,3,27,19,27,2,10文山區,文山區興隆路3段與辛亥路4段口,0,0,1,2,C03,8,5,5,50,4,2,1,5,4,5,13,2,1,1,2,5,2,17,2,52,2,8,5,1,7,6,1,10,1,17,,17,,1,21,121.5547171,25.0010336
113,3,27,19,27,2,10文山區,文山區興隆路3段與辛亥路4段口,0,0,1,3,,8,5,5,50,4,2,1,5,4,5,13,2,1,1,2,5,2,17,3,0,,,,,,,,,,,,67,,1,,121.5547171,25.0010336
113,3,27,19,37,2,06松山區,松山區光復北路與南京東路5段口,0,0,2,1,C03,8,5,5,50,5,1,1,5,4,5,13,2,1,1,4,5,2,15,1,19,2,9,5,1,7,15,1,10,1,11,,83,,1,29,121.5579532,25.0514897
113,3,27,19,37,2,06松山區,松山區光復北路與南京東路5段口,0,0,2,2,C03,8,5,5,50,5,1,1,5,4,5,13,2,1,1,4,5,2,15,2,27,2,9,5,1,7,1,1,10,1,14,,19,,1,26,121.5579532,25.0514897
113,3,27,20,25,2,10文山區,文山區木柵路1段與木柵路1段89巷口口,0,0,1,1,C03,8,5,5,50,14,9,1,5,4,5,13,2,1,5,4,5,2,13,2,23,2,8,5,1,7,9,1,10,1,11,,16,,1,21,121.5475126,24.9870582
113,3,27,20,25,2,10文山區,文山區木柵路1段與木柵路1段89巷口口,0,0,1,2,B03,8,5,5,50,14,9,1,5,4,5,13,2,1,5,4,5,2,13,1,57,3,10,7,1,7,9,1,8,1,7,,44,,1,21,121.5475126,24.9870582
113,3,27,20,50,2,05中正區,中正區中山南路與常德街口,0,0,1,1,B01,8,5,5,50,3,2,1,5,4,5,13,1,1,4,4,1,1,17,1,48,3,10,7,1,7,8,1,4,1,6,,100,,1,21,121.5183715,25.0409262