發生年度,發生月,發生日,發生時-Hours,發生分,處理別-編號,區序,肇事地點,死亡人數,2-30日死亡人數,受傷人數,當事人序號,車種,天候,道路照明設備,道路類別,速限-速度限制,道路型態,事故位置,路面狀況1,路面狀況2,路面狀況3,道路障礙1,道路障礙2,號誌1,號誌2,車道劃分-分向,車道劃分-分道1,車道劃分-分道2,車道劃分-分道3,事故類型及型態,性別,年齡,受傷程度,主要傷處,保護裝置,行動電話,車輛用途,當事者行動狀態,駕駛資格情形,駕駛執照種類,飲酒情形,車輛撞擊部位1,車輛撞擊部位2,肇因碼-個別,肇因碼-主要,個人肇逃否,職業,座標-X,座標-Y
113,3,27,20,50,2,05中正區,中正區中山南路與常德街口,0,0,1,2,C03,8,5,5,50,3,2,1,5,4,5,13,1,1,4,4,1,1,17,2,30,2,9,5,1,7,12,1,10,1,11,,44,,1,21,121.5183715,25.0409262
113,3,27,20,53,2,12內湖區,內湖區康樂街136巷29弄與東湖路113巷口,0,0,1,1,F01,8,5,5,30,3,1,1,5,4,5,13,4,4,8,3,5,1,17,2,69,2,8,4,1,7,5,8,20,2,12,,72,,1,21,121.61747,25.07255991
113,3,27,20,53,2,12內湖區,內湖區康樂街136巷29弄與東湖路113巷口,0,0,1,2,B03,8,5,5,30,3,1,1,5,4,5,13,4,4,8,3,5,1,17,1,34,3,10,7,1,7,5,1,10,1,1,,44,,1,21,121.61747,25.07255991
113,3,27,21,13,2,05中正區,中正區和平西路1段36號前,0,0,1,1,B01,8,5,5,40,14,8,1,5,4,5,13,4,4,1,4,4,2,12,1,56,3,10,7,1,7,8,1,4,1,2,,100,,1,21,121.5200159,25.0265488
113,3,27,21,13,2,05中正區,中正區和平西路1段36號前,0,0,1,2,C03,8,5,5,40,14,8,1,5,4,5,13,4,4,1,4,4,2,12,1,19,2,9,6,1,7,9,1,10,1,14,,13,,1,22,121.5200159,25.0265488
113,3,27,22,35,2,05中正區,中正區汀州路1段與西藏路口,0,0,2,1,C03,8,5,5,50,4,1,1,5,4,5,13,2,1,2,4,5,2,15,1,25,2,9,6,1,7,9,1,10,2,11,,81,,1,22,121.5073263,25.0305797
113,3,27,22,35,2,05中正區,中正區汀州路1段與西藏路口,0,0,2,2,C03,8,5,5,50,4,1,1,5,4,5,13,2,1,2,4,5,2,15,1,18,2,9,6,1,7,9,1,10,2,14,,13,,1,22,121.5073263,25.0305797
113,3,27,23,7,2,03中山區,中山區北安路與大直街口,0,0,1,1,C03,8,5,5,50,4,1,1,5,4,5,13,1,1,1,4,5,2,16,1,22,2,9,5,1,7,5,1,10,1,14,,96,,1,22,121.5472826,25.0799013
113,3,27,23,7,2,03中山區,中山區北安路與大直街口,0,0,1,2,B02,8,5,5,50,4,1,1,5,4,5,13,1,1,1,4,5,2,16,1,51,3,10,7,1,7,9,1,8,1,5,,44,,1,22,121.5472826,25.0799013
113,3,27,23,26,2,04大安區,大安區安居街98巷與安居街口,0,0,2,1,C03,8,5,5,30,4,1,1,5,4,5,13,4,4,5,3,5,2,15,1,44,2,9,5,1,7,9,1,10,1,11,,72,,1,21,121.5527631,25.0190951
113,3,27,23,26,2,04大安區,大安區安居街98巷與安居街口,0,0,2,2,C03,8,5,5,30,4,1,1,5,4,5,13,4,4,5,3,5,2,15,1,26,2,9,5,1,7,9,1,10,1,14,,14,,1,21,121.5527631,25.0190951
113,3,27,23,26,2,04大安區,大安區安居街98巷與安居街口,0,0,2,3,C03,8,5,5,30,4,1,1,5,4,5,13,4,4,5,3,5,2,15,1,20,3,10,3,1,7,13,1,10,1,13,,38,,1,21,121.5527631,25.0190951
113,3,27,23,52,2,05中正區,中正區中山南路與信義路1段口,0,0,2,1,B03,8,5,5,50,5,1,1,5,4,5,13,2,1,5,4,5,2,16,1,28,2,1,7,1,7,9,1,8,2,1,,44,,1,22,121.5179795,25.03876032
113,3,27,23,52,2,05中正區,中正區中山南路與信義路1段口,0,0,2,2,C03,8,5,5,50,5,1,1,5,4,5,13,2,1,5,4,5,2,16,2,28,2,9,5,1,7,5,1,10,2,14,,8,,1,22,121.5179795,25.03876032
113,3,28,0,50,2,08士林區,士林區福國路15巷與中山北路5段829巷口,0,0,1,1,C03,8,5,5,30,4,1,1,5,4,5,13,4,4,10,5,5,2,15,1,24,2,7,6,1,7,9,1,10,1,11,,72,,1,21,121.524615,25.1015102
113,3,28,0,50,2,08士林區,士林區福國路15巷與中山北路5段829巷口,0,0,1,2,B03,8,5,5,30,4,1,1,5,4,5,13,4,4,10,5,5,2,15,1,31,3,10,3,4,7,9,1,8,1,2,,44,,1,21,121.524615,25.1015102
113,3,28,3,44,2,05中正區,中正區林森北路與忠孝東路1段口,0,0,1,1,B03,8,5,5,50,4,1,1,5,4,5,13,2,1,1,4,5,2,16,1,28,3,10,7,1,7,9,3,18,1,5,,108,,1,22,121.523328,25.04481969
113,3,28,3,44,2,05中正區,中正區林森北路與忠孝東路1段口,0,0,1,2,C03,8,5,5,50,4,1,1,5,4,5,13,2,1,1,4,5,2,16,1,18,2,9,6,1,7,5,1,10,1,14,,8,,1,22,121.523328,25.04481969
113,3,28,4,2,2,03中山區,中山區長安東路2段與新生北路1段口,0,0,3,1,A12,7,5,5,50,4,2,1,3,4,5,13,4,4,5,4,5,2,17,1,44,3,10,3,4,7,9,1,6,9,17,,37,,1,21,121.5298346,25.04840516
113,3,28,4,2,2,03中山區,中山區長安東路2段與新生北路1段口,0,0,3,2,C03,7,5,5,50,4,2,1,3,4,5,13,4,4,5,4,5,2,17,1,25,2,9,6,4,7,9,1,10,1,17,,44,,1,21,121.5298346,25.04840516
113,3,28,4,2,2,03中山區,中山區長安東路2段與新生北路1段口,0,0,3,4,C03,7,5,5,50,4,2,1,3,4,5,13,4,4,5,4,5,2,17,2,44,2,9,5,4,7,9,1,10,1,17,,44,,1,21,121.5298346,25.04840516
113,3,28,4,2,2,03中山區,中山區長安東路2段與新生北路1段口,0,0,3,3,H02,7,5,5,50,4,2,1,3,4,5,13,4,4,5,4,5,2,17,2,25,2,9,6,5,7,20,8,20,10,17,,67,,1,21,121.5298346,25.04840516
113,3,28,5,42,2,02萬華區,萬華區西寧南路195號,0,0,1,1,B02,8,6,5,50,14,9,1,5,4,5,13,4,4,10,4,5,2,17,1,17,4,11,3,4,7,11,2,18,11,4,,10,,2,21,121.506141,25.04123
113,3,28,5,42,2,02萬華區,萬華區西寧南路195號,0,0,1,2,C03,8,6,5,50,14,9,1,5,4,5,13,4,4,10,4,5,2,17,2,33,2,9,6,1,7,9,3,18,1,12,,29,,1,21,121.506141,25.04123
113,3,28,6,14,2,04大安區,大安區通化街與通化街171巷口,0,0,2,1,C03,7,5,5,50,4,2,1,5,4,5,13,2,1,9,5,5,2,16,2,62,2,1,6,1,7,5,1,10,1,11,,80,,1,21,121.5535951,25.0281047
113,3,28,6,14,2,04大安區,大安區通化街與通化街171巷口,0,0,2,2,C03,7,5,5,50,4,2,1,5,4,5,13,2,1,9,5,5,2,16,1,63,2,3,6,1,7,9,1,10,1,11,,14,,1,21,121.5535951,25.0281047
113,3,28,6,20,2,11南港區,南港區研究院路2段與研究院路2段180巷口,0,0,1,1,C03,8,6,5,50,3,2,1,5,4,5,13,1,1,5,4,5,2,3,4,0,,,,,,,,,9,,,119,,2,,121.6169827,25.0376619
113,3,28,6,20,2,11南港區,南港區研究院路2段與研究院路2段180巷口,0,0,1,2,H01,8,6,5,50,3,2,1,5,4,5,13,1,1,5,4,5,2,3,1,77,2,9,4,5,8,16,8,20,10,16,,122,,1,21,121.6169827,25.0376619
113,3,28,7,30,2,01大同區,大同區錦西街與歸綏街79巷口,0,0,3,1,C03,7,6,5,50,3,1,1,5,4,5,13,4,4,9,5,5,2,17,1,53,2,8,6,4,7,5,1,10,1,12,,8,,1,22,121.5161837,25.0598617
113,3,28,7,30,2,01大同區,大同區錦西街與歸綏街79巷口,0,0,3,2,C03,7,6,5,50,3,1,1,5,4,5,13,4,4,9,5,5,2,17,1,43,2,9,6,4,7,9,1,10,1,11,,44,,1,22,121.5161837,25.0598617
113,3,28,7,30,2,01大同區,大同區錦西街與歸綏街79巷口,0,0,3,3,H02,7,6,5,50,3,1,1,5,4,5,13,4,4,9,5,5,2,17,2,17,2,8,6,5,7,20,8,20,10,16,,67,,1,22,121.5161837,25.0598617
113,3,28,7,35,2,01大同區,大同區敦煌路與敦煌路80巷口,0,0,1,1,C03,8,7,5,50,3,1,1,5,4,5,13,2,1,1,4,5,2,16,1,57,2,9,5,1,7,9,1,10,2,14,,108,,1,22,121.5175998,25.0757799
113,3,28,7,35,2,01大同區,大同區敦煌路與敦煌路80巷口,0,0,1,2,B03,8,7,5,50,3,1,1,5,4,5,13,2,1,1,4,5,2,16,2,41,3,10,7,1,7,6,1,8,2,5,,9,,1,22,121.5175998,25.0757799
113,3,28,7,44,2,04大安區,大安區信義路3段與建國南路2段口,0,0,2,1,C03,8,6,5,50,4,1,1,5,4,5,13,2,1,4,4,5,2,17,1,37,2,7,6,1,7,6,1,10,1,11,,111,,1,21,121.5373967,25.0333668
113,3,28,7,44,2,04大安區,大安區信義路3段與建國南路2段口,0,0,2,2,C03,8,6,5,50,4,1,1,5,4,5,13,2,1,4,4,5,2,17,1,50,2,9,6,1,7,9,1,10,1,13,,44,,1,21,121.5373967,25.0333668
113,3,28,7,48,2,07信義區,信義區林口街114巷與林口街80巷口口,0,0,1,1,C03,8,7,8,30,4,1,1,5,4,5,13,4,4,10,5,5,2,15,2,66,4,11,3,1,7,9,7,10,9,12,,72,,2,22,121.5803681,25.0395585
113,3,28,7,48,2,07信義區,信義區林口街114巷與林口街80巷口口,0,0,1,2,C03,8,7,8,30,4,1,1,5,4,5,13,4,4,10,5,5,2,15,1,49,2,7,5,1,7,9,1,10,1,11,,13,,1,22,121.5803681,25.0395585
113,3,28,7,52,2,03中山區,中山區新生北路2段122號前,0,0,1,1,C03,7,7,5,50,14,9,1,5,4,5,13,4,4,1,4,5,2,17,1,44,3,10,5,1,7,9,1,10,11,17,,37,,2,21,121.527549,25.0622583
113,3,28,7,52,2,03中山區,中山區新生北路2段122號前,0,0,1,3,C03,7,7,5,50,14,9,1,5,4,5,13,4,4,1,4,5,2,17,2,47,3,10,3,4,7,12,1,10,1,14,,44,,1,21,121.527549,25.0622583
113,3,28,7,52,2,03中山區,中山區新生北路2段122號前,0,0,1,2,C03,7,7,5,50,14,9,1,5,4,5,13,4,4,1,4,5,2,17,1,39,2,9,3,4,7,9,1,10,1,11,,108,,1,21,121.527549,25.0622583
113,3,28,7,55,2,04大安區,大安區和平東路1段與金山南路2段口,0,0,2,1,B03,8,6,5,50,3,1,1,5,4,5,13,2,1,1,4,5,2,16,2,68,3,10,7,1,7,9,1,8,1,5,,81,,1,21,121.5259338,25.0267648
113,3,28,7,55,2,04大安區,大安區和平東路1段與金山南路2段口,0,0,2,2,C03,8,6,5,50,3,1,1,5,4,5,13,2,1,1,4,5,2,16,1,22,2,9,6,1,7,5,1,10,1,14,,44,,1,21,121.5259338,25.0267648
113,3,28,7,55,2,04大安區,大安區和平東路1段與金山南路2段口,0,0,2,3,H02,8,6,5,50,3,1,1,5,4,5,13,2,1,1,4,5,2,16,2,23,2,8,6,5,7,20,8,20,10,16,,67,,1,21,121.5259338,25.0267648
113,3,28,8,1,2,06松山區,松山區民生東路4段80巷3號,0,0,2,1,H01,8,7,5,50,14,18,1,5,4,5,13,4,4,9,4,5,2,3,2,46,2,9,4,5,8,16,8,20,10,16,,53,,1,22,121.5530379,25.0572694
113,3,28,8,1,2,06松山區,松山區民生東路4段80巷3號,0,0,2,2,C03,8,7,5,50,14,18,1,5,4,5,13,4,4,9,4,5,2,3,2,39,2,9,6,4,7,9,1,10,1,14,,70,,1,22,121.5530379,25.0572694
113,3,28,8,4,2,12內湖區,內湖區新湖一路與新湖二路口,0,0,1,1,B03,8,6,5,40,4,2,1,5,4,5,13,4,4,5,5,5,2,17,1,43,3,10,7,1,7,9,1,8,2,5,,72,,1,21,121.5847037,25.06505669
113,3,28,8,4,2,12內湖區,內湖區新湖一路與新湖二路口,0,0,1,2,C03,8,6,5,40,4,2,1,5,4,5,13,4,4,5,5,5,2,17,2,62,2,9,6,1,7,9,1,10,2,14,,44,,1,21,121.5847037,25.06505669
113,3,28,8,8,2,10文山區,文山區興隆路4段109巷92弄與無名巷口,0,0,1,1,B03,7,6,5,30,3,2,1,5,4,5,13,4,4,10,5,5,2,16,1,34,3,10,7,1,7,5,1,8,2,4,,72,,1,21,121.5642341,24.98637508
113,3,28,8,8,2,10文山區,文山區興隆路4段109巷92弄與無名巷口,0,0,1,2,C03,7,6,5,30,3,2,1,5,4,5,13,4,4,10,5,5,2,16,1,32,2,9,6,1,7,9,1,10,2,11,14,108,,1,21,121.5642341,24.98637508
113,3,28,8,14,2,07信義區,信義區崇德街與崇德街60巷口,0,0,1,1,C03,7,6,5,50,3,1,1,2,4,5,13,4,4,9,4,5,2,18,1,23,2,9,5,1,7,9,1,10,1,14,,42,,1,21,121.5544776,25.0242465
113,3,28,8,14,2,07信義區,信義區崇德街與崇德街60巷口,0,0,1,3,B03,7,6,5,50,3,1,1,2,4,5,13,4,4,9,4,5,2,18,1,49,3,10,7,1,7,13,1,8,9,3,,38,,1,21,121.5544776,25.0242465
113,3,28,8,14,2,07信義區,信義區崇德街與崇德街60巷口,0,0,1,2,,7,6,5,50,3,1,1,2,4,5,13,4,4,9,4,5,2,18,3,64,,,,,,,,,9,,,67,,1,,121.5544776,25.0242465
113,3,28,8,19,2,01大同區,大同區承德路2段與南京西路口,0,0,2,1,C03,7,6,5,50,4,1,1,5,4,5,13,2,1,1,4,5,2,17,2,23,2,5,6,4,7,8,1,10,1,12,,100,,1,22,121.5176475,25.0533998
113,3,28,8,19,2,01大同區,大同區承德路2段與南京西路口,0,0,2,2,C03,7,6,5,50,4,1,1,5,4,5,13,2,1,1,4,5,2,17,2,34,2,8,6,4,7,9,1,10,1,11,,44,,1,22,121.5176475,25.0533998
113,3,28,8,19,2,02萬華區,萬華區南寧路與廣州街口,0,0,2,1,C03,7,7,5,50,5,1,1,5,4,5,13,1,1,1,4,5,2,13,1,27,2,9,5,1,7,9,1,10,1,11,,108,,1,21,121.5050038,25.0365436
113,3,28,8,19,2,02萬華區,萬華區南寧路與廣州街口,0,0,2,2,C03,7,7,5,50,5,1,1,5,4,5,13,1,1,1,4,5,2,13,2,54,2,9,5,1,7,12,1,10,1,13,,14,,1,21,121.5050038,25.0365436
113,3,28,8,40,2,05中正區,中正區林森南路與濟南路1段口,0,0,1,1,B02,7,7,5,50,4,1,1,5,4,5,13,1,1,10,5,5,2,16,1,55,3,10,7,1,7,5,1,6,1,6,,71,,1,21,121.5227051,25.0424048
113,3,28,8,40,2,05中正區,中正區林森南路與濟南路1段口,0,0,1,2,C03,7,7,5,50,4,1,1,5,4,5,13,1,1,10,5,5,2,16,2,57,2,9,5,1,7,9,1,10,1,12,,108,,1,21,121.5227051,25.0424048
113,3,28,8,50,2,03中山區,中山區南京東路3段與龍江路口,0,0,2,1,C03,7,5,5,50,4,2,1,5,4,5,13,1,1,1,4,4,2,13,2,66,2,7,3,4,7,9,1,10,1,11,,44,,1,21,121.5407469,25.052003
113,3,28,8,50,2,03中山區,中山區南京東路3段與龍江路口,0,0,2,2,C03,7,5,5,50,4,2,1,5,4,5,13,1,1,1,4,4,2,13,2,41,2,6,3,4,7,14,1,10,1,13,,44,,1,21,121.5407469,25.052003
113,3,28,8,52,2,12內湖區,內湖區瑞湖街與舊宗路2段181巷口,0,0,2,1,C03,8,6,5,50,3,1,1,5,4,5,13,4,4,5,5,5,2,3,1,26,2,9,6,1,7,9,1,10,2,11,,70,,1,21,121.5762534,25.07197479
113,3,28,8,52,2,12內湖區,內湖區瑞湖街與舊宗路2段181巷口,0,0,2,2,H01,8,6,5,50,3,1,1,5,4,5,13,4,4,5,5,5,2,3,1,55,2,9,4,5,8,16,8,20,10,16,,67,,1,21,121.5762534,25.07197479
113,3,28,9,0,2,08士林區,士林區承德路4段與福港街口,0,0,1,1,C03,7,6,5,50,4,2,1,5,4,5,13,1,1,1,4,4,2,18,1,42,2,9,6,1,7,6,1,10,2,12,,44,,1,22,121.5185536,25.0897043
113,3,28,9,0,2,08士林區,士林區承德路4段與福港街口,0,0,1,2,,7,6,5,50,4,2,1,5,4,5,13,1,1,1,4,4,2,18,4,0,4,11,3,4,7,15,8,20,11,17,,119,,2,22,121.5185536,25.0897043
113,3,28,9,19,2,03中山區,中山區復興北路514巷與民族東路512巷口,0,0,2,1,C04,7,5,5,50,14,9,1,5,4,5,13,3,3,5,5,5,2,12,1,68,2,8,3,4,7,7,1,8,1,14,,100,,1,21,121.5418392,25.0659614
113,3,28,9,19,2,03中山區,中山區復興北路514巷與民族東路512巷口,0,0,2,2,C03,7,5,5,50,14,9,1,5,4,5,13,3,3,5,5,5,2,12,2,61,2,8,3,4,7,9,1,10,1,12,,44,,1,21,121.5418392,25.0659614
113,3,28,9,20,2,07信義區,信義區光復南路133號,0,0,1,1,C03,7,5,8,50,22,22,1,5,4,5,13,1,1,1,4,5,2,13,2,26,2,4,6,1,7,9,1,10,1,11,,108,,1,22,121.557821,25.0447401
113,3,28,9,20,2,07信義區,信義區光復南路133號,0,0,1,2,B01,7,5,8,50,22,22,1,5,4,5,13,1,1,1,4,5,2,13,1,63,3,10,7,1,7,14,1,4,1,3,,44,,1,22,121.557821,25.0447401
113,3,28,9,23,2,06松山區,松山區光復北路與南京東路4段133巷7弄口,0,0,1,1,B01,7,7,5,50,4,1,1,5,4,5,13,1,1,9,4,5,2,15,1,52,3,10,7,1,7,11,1,4,1,5,,71,,1,21,121.5569858,25.05262617
113,3,28,9,23,2,06松山區,松山區光復北路與南京東路4段133巷7弄口,0,0,1,2,C03,7,7,5,50,4,1,1,5,4,5,13,1,1,9,4,5,2,15,2,43,2,7,5,1,7,9,1,10,1,14,,16,,1,21,121.5569858,25.05262617
113,3,28,10,14,2,06松山區,松山區八德路2段與敦化南路1段口,0,0,1,1,B01,8,6,5,50,4,1,1,5,4,5,13,1,1,1,4,1,1,17,1,69,3,10,7,1,7,6,1,4,1,6,,9,,1,21,121.5484832,25.048155
113,3,28,10,14,2,06松山區,松山區八德路2段與敦化南路1段口,0,0,1,2,C03,8,6,5,50,4,1,1,5,4,5,13,1,1,1,4,1,1,17,1,35,2,9,5,1,7,9,1,10,1,11,,44,,1,21,121.5484832,25.048155
113,3,28,10,25,2,08士林區,士林區士東路91巷與士東路89巷16弄口,0,0,1,1,C03,7,7,5,30,3,1,1,5,4,5,13,4,4,9,5,5,2,16,1,83,3,10,3,4,7,1,1,10,1,12,,19,,1,21,121.5292943,25.11276008
113,3,28,10,25,2,08士林區,士林區士東路91巷與士東路89巷16弄口,0,0,1,2,C03,7,7,5,30,3,1,1,5,4,5,13,4,4,9,5,5,2,16,2,71,2,9,3,4,7,9,1,10,1,11,,44,,1,21,121.5292943,25.11276008
113,3,28,11,10,2,10文山區,文山區羅斯福路6段與景福街口,0,0,1,1,A02,7,6,5,50,4,2,1,4,4,5,13,1,1,1,4,5,2,17,1,43,3,10,7,1,7,8,1,2,1,17,,100,,1,21,121.5408348,24.9933452
113,3,28,11,10,2,10文山區,文山區羅斯福路6段與景福街口,0,0,1,2,C03,7,6,5,50,4,2,1,4,4,5,13,1,1,1,4,5,2,17,1,19,2,8,5,1,7,9,1,10,1,12,,108,,1,25,121.5408348,24.9933452
113,3,28,11,10,2,10文山區,文山區羅斯福路6段與景福街口,0,0,1,3,,7,6,5,50,4,2,1,4,4,5,13,1,1,1,4,5,2,17,3,0,,,,,,,,,,,,67,,1,,121.5408348,24.9933452
113,3,28,12,5,2,01大同區,大同區迪化街1段238號,0,0,1,1,B12,8,6,5,30,14,9,1,5,4,5,13,4,4,10,5,5,2,9,1,61,3,10,7,1,7,9,1,1,2,4,,108,,1,21,121.5093972,25.0598601
113,3,28,12,5,2,01大同區,大同區迪化街1段238號,0,0,1,2,H01,8,6,5,30,14,9,1,5,4,5,13,4,4,10,5,5,2,9,1,56,2,8,4,5,8,20,8,20,10,16,,60,,1,21,121.5093972,25.0598601
113,3,28,12,5,2,01大同區,大同區迪化街1段238號,0,0,1,3,B03,8,6,5,30,14,9,1,5,4,5,13,4,4,10,5,5,2,9,1,58,3,10,7,1,7,13,1,8,1,17,,38,,1,21,121.5093972,25.0598601
113,3,28,12,18,2,06松山區,松山區健康路與延壽街356巷口,0,0,2,1,C03,8,6,5,40,3,2,1,5,4,5,13,1,1,1,4,4,2,12,1,66,2,8,6,1,7,1,1,10,1,14,,19,,1,22,121.559149,25.0539131
113,3,28,12,18,2,06松山區,松山區健康路與延壽街356巷口,0,0,2,2,B03,8,6,5,40,3,2,1,5,4,5,13,1,1,1,4,4,2,12,1,44,3,10,7,1,7,9,1,8,1,2,,13,,1,22,121.559149,25.0539131
113,3,28,12,18,2,06松山區,松山區健康路與延壽街356巷口,0,0,2,3,H02,8,6,5,40,3,2,1,5,4,5,13,1,1,1,4,4,2,12,2,65,2,5,6,5,7,21,8,20,10,16,,60,,1,22,121.559149,25.0539131
113,3,28,12,31,2,06松山區,松山區民權東路3段與敦化北路口,0,0,1,1,C03,8,7,5,50,4,1,1,5,4,5,13,1,1,1,4,1,2,23,1,24,2,9,6,1,7,9,1,10,2,11,,108,,1,21,121.5504847,25.0613179
113,3,28,12,31,2,06松山區,松山區民權東路3段與敦化北路口,0,0,1,2,,8,7,5,50,4,1,1,5,4,5,13,1,1,1,4,1,2,23,3,0,,,,,,,,,,,,67,,1,,121.5504847,25.0613179
113,3,28,13,12,2,07信義區,信義區莊敬路371號,0,0,2,1,C03,8,5,5,40,14,8,1,5,4,5,13,4,4,10,5,4,2,16,1,26,2,9,5,1,7,9,1,10,1,11,14,107,,1,21,121.5651263,25.0276329
113,3,28,13,12,2,07信義區,信義區莊敬路371號,0,0,2,2,F01,8,5,5,40,14,8,1,5,4,5,13,4,4,10,5,4,2,16,1,18,2,9,2,4,7,5,8,20,1,14,12,8,,1,21,121.5651263,25.0276329
113,3,28,13,33,2,05中正區,中正區金門街24巷與汀州路2段178巷口,0,0,2,1,C03,8,7,5,30,4,1,1,5,4,5,13,4,4,10,5,5,2,15,1,58,2,9,5,1,7,9,1,9,1,11,,80,,1,22,121.5214736,25.0228814
113,3,28,13,33,2,05中正區,中正區金門街24巷與汀州路2段178巷口,0,0,2,2,C03,8,7,5,30,4,1,1,5,4,5,13,4,4,10,5,5,2,15,1,58,2,8,5,1,7,9,1,10,1,14,,14,,1,22,121.5214736,25.0228814
113,3,28,13,45,2,08士林區,士林區延平北路7段106巷325號,0,0,1,1,C03,8,6,5,40,14,9,1,5,4,5,13,4,4,10,5,5,1,13,1,20,3,10,6,1,7,9,1,10,1,11,,16,,1,21,121.4960849,25.10256701
113,3,28,13,45,2,08士林區,士林區延平北路7段106巷325號,0,0,1,2,C03,8,6,5,40,14,9,1,5,4,5,13,4,4,10,5,5,1,13,2,52,2,9,6,1,7,9,1,10,1,13,,44,,1,21,121.4960849,25.10256701
113,3,28,14,10,2,10文山區,文山區懷恩隧道北往南,0,0,1,1,C03,8,5,8,50,11,9,1,5,4,5,13,4,4,10,2,5,1,18,1,63,2,9,5,1,7,9,1,10,1,11,,108,,1,21,121.5513505,24.99195092
113,3,28,14,10,2,10文山區,文山區懷恩隧道北往南,0,0,1,2,,8,5,8,50,11,9,1,5,4,5,13,4,4,10,2,5,1,18,3,0,,,,,,,,,,,,67,,1,,121.5513505,24.99195092
113,3,28,14,21,2,05中正區,中正區杭州南路1段14巷13號,0,0,2,1,C03,8,6,8,30,22,22,1,5,4,5,13,4,4,10,5,5,2,17,1,36,2,8,6,1,7,9,1,10,1,12,,14,,1,21,121.5246298,25.0397858
113,3,28,14,21,2,05中正區,中正區杭州南路1段14巷13號,0,0,2,2,C03,8,6,8,30,22,22,1,5,4,5,13,4,4,10,5,5,2,17,1,58,2,9,6,1,7,15,1,10,1,11,,14,,1,21,121.5246298,25.0397858
113,3,28,14,48,2,07信義區,信義區忠孝東路5段790巷與忠孝東路5段790巷23弄口,0,0,2,1,C03,8,7,5,30,4,1,1,5,4,5,13,4,4,10,5,5,2,15,2,49,2,9,6,4,7,9,1,10,1,11,,14,,1,21,121.5824261,25.0426874
113,3,28,14,48,2,07信義區,信義區忠孝東路5段790巷與忠孝東路5段790巷23弄口,0,0,2,2,C03,8,7,5,30,4,1,1,5,4,5,13,4,4,10,5,5,2,15,1,46,2,9,6,4,7,9,1,10,1,14,,14,,1,21,121.5824261,25.0426874
113,3,28,14,50,2,12內湖區,內湖區民權東路6段56巷與民權東路6段56巷25弄口,0,0,1,2,F01,8,5,5,30,3,1,1,5,4,5,13,4,4,9,4,4,2,15,1,34,2,8,4,1,7,1,8,20,1,14,,19,,1,21,121.5853869,25.06741996
113,3,28,14,50,2,12內湖區,內湖區民權東路6段56巷與民權東路6段56巷25弄口,0,0,1,1,B03,8,5,5,30,3,1,1,5,4,5,13,4,4,9,4,4,2,15,1,32,3,10,7,1,7,9,1,8,1,1,,80,,1,21,121.5853869,25.06741996
113,3,28,14,52,2,11南港區,南港區東新街與南港路3段口,0,0,2,1,B03,8,6,5,50,5,1,1,5,4,5,13,2,1,1,3,5,2,17,1,52,2,3,3,4,7,8,3,18,1,5,,100,,1,21,121.5827889,25.0517935
113,3,28,14,52,2,11南港區,南港區東新街與南港路3段口,0,0,2,2,C03,8,6,5,50,5,1,1,5,4,5,13,2,1,1,3,5,2,17,2,28,2,9,3,4,7,9,1,10,1,14,,44,,1,21,121.5827889,25.0517935
113,3,28,15,26,2,01大同區,大同區重慶北路2段88號,0,0,1,1,C03,8,6,5,50,14,9,1,5,4,5,13,4,4,1,4,5,2,12,1,44,2,7,5,4,7,9,1,10,1,14,,108,,1,21,121.5136528,25.057163
113,3,28,15,26,2,01大同區,大同區重慶北路2段88號,0,0,1,2,B12,8,6,5,50,14,9,1,5,4,5,13,4,4,1,4,5,2,12,1,70,3,10,7,4,7,9,1,8,1,2,,17,,1,21,121.5136528,25.057163
113,3,28,15,26,2,01大同區,大同區重慶北路2段88號,0,0,1,3,B12,8,6,5,50,14,9,1,5,4,5,13,4,4,1,4,5,2,12,1,44,4,11,3,4,7,13,1,8,11,4,,38,,2,21,121.5136528,25.057163
113,3,28,15,34,2,01大同區,大同區承德路3段與庫倫街口,0,0,1,1,B02,7,6,5,50,4,2,1,5,4,5,13,2,1,1,4,5,2,17,1,34,3,10,3,4,7,15,1,8,2,4,,40,,1,22,121.5186871,25.0716419
113,3,28,15,34,2,01大同區,大同區承德路3段與庫倫街口,0,0,1,2,C04,7,6,5,50,4,2,1,5,4,5,13,2,1,1,4,5,2,17,2,23,2,9,6,4,7,9,1,10,2,11,,44,,1,22,121.5186871,25.0716419
113,3,28,15,49,2,07信義區,信義區永吉路120巷與永吉路口,0,0,1,1,C03,7,7,5,50,5,1,1,5,4,5,13,1,1,1,3,5,2,18,1,26,2,9,6,4,7,5,1,10,1,12,,42,,1,21,121.5701919,25.0457146
113,3,28,15,49,2,07信義區,信義區永吉路120巷與永吉路口,0,0,1,2,,7,7,5,50,5,1,1,5,4,5,13,1,1,1,3,5,2,18,3,,,,,,,,,,,,,67,,1,,121.5701919,25.0457146
113,3,28,16,10,2,08士林區,士林區中正路與志成街口,0,0,1,1,B03,8,5,8,50,3,2,1,5,4,5,13,2,1,3,5,5,1,17,1,30,3,10,7,1,7,8,1,8,1,1,,100,,1,21,121.5302401,25.09619771
113,3,28,16,10,2,08士林區,士林區中正路與志成街口,0,0,1,2,C03,8,5,8,50,3,2,1,5,4,5,13,2,1,3,5,5,1,17,1,22,2,8,5,1,7,9,1,10,1,14,,44,,1,21,121.5302401,25.09619771