發生年度,發生月,發生日,發生時-Hours,發生分,處理別-編號,區序,肇事地點,死亡人數,2-30日死亡人數,受傷人數,當事人序號,車種,天候,道路照明設備,道路類別,速限-速度限制,道路型態,事故位置,路面狀況1,路面狀況2,路面狀況3,道路障礙1,道路障礙2,號誌1,號誌2,車道劃分-分向,車道劃分-分道1,車道劃分-分道2,車道劃分-分道3,事故類型及型態,性別,年齡,受傷程度,主要傷處,保護裝置,行動電話,車輛用途,當事者行動狀態,駕駛資格情形,駕駛執照種類,飲酒情形,車輛撞擊部位1,車輛撞擊部位2,肇因碼-個別,肇因碼-主要,個人肇逃否,職業,座標-X,座標-Y
113,3,28,16,39,2,03中山區,中山區松江路與松江路108巷口口,0,0,1,1,B03,8,7,5,50,3,1,1,5,4,5,13,4,4,1,4,5,2,17,1,32,3,10,3,4,7,6,1,8,1,2,,44,,1,21,121.5328682,25.051621
113,3,28,16,39,2,03中山區,中山區松江路與松江路108巷口口,0,0,1,2,C03,8,7,5,50,3,1,1,5,4,5,13,4,4,1,4,5,2,17,2,59,2,8,3,4,7,9,1,10,1,14,,44,,1,21,121.5328682,25.051621
113,3,28,16,47,2,01大同區,大同區民權西路120號,0,0,1,1,B03,8,6,5,50,14,9,1,5,4,5,13,4,4,1,4,5,2,13,2,45,3,10,3,4,7,9,1,8,1,1,,108,,1,21,121.5167405,25.0628451
113,3,28,16,47,2,01大同區,大同區民權西路120號,0,0,1,2,C03,8,6,5,50,14,9,1,5,4,5,13,4,4,1,4,5,2,13,1,52,2,9,3,4,7,7,1,10,1,13,,44,,1,21,121.5167405,25.0628451
113,3,28,16,48,2,03中山區,中山區濱江街333號,0,0,1,1,B11,8,7,5,50,14,7,1,5,4,5,13,4,4,1,4,4,2,16,1,47,3,10,7,1,7,6,1,2,1,5,,9,,1,21,121.5476481,25.0725045
113,3,28,16,48,2,03中山區,中山區濱江街333號,0,0,1,2,C03,8,7,5,50,14,7,1,5,4,5,13,4,4,1,4,4,2,16,1,33,2,7,6,1,7,9,1,10,1,11,,44,,1,21,121.5476481,25.0725045
113,3,28,16,55,2,04大安區,大安區和平東路3段與樂利路口,0,0,1,1,B03,8,6,5,50,3,2,1,5,4,5,13,4,4,10,4,5,2,13,1,66,3,10,7,1,7,6,1,8,2,5,,9,,1,21,121.5525753,25.0247556
113,3,28,16,55,2,04大安區,大安區和平東路3段與樂利路口,0,0,1,2,C03,8,6,5,50,3,2,1,5,4,5,13,4,4,10,4,5,2,13,2,64,2,9,6,1,7,7,1,8,2,14,,100,,1,21,121.5525753,25.0247556
113,3,28,17,11,2,04大安區,大安區市民大道4段與敦化南路1段口,0,0,2,1,B03,8,6,5,40,4,2,1,5,4,5,13,4,4,1,4,5,2,16,1,55,3,10,2,1,7,15,1,8,11,15,,118,,2,21,121.5494283,25.0445911
113,3,28,17,11,2,04大安區,大安區市民大道4段與敦化南路1段口,0,0,2,2,C04,8,6,5,40,4,2,1,5,4,5,13,4,4,1,4,5,2,16,2,55,2,9,5,1,7,9,1,10,1,12,,44,,1,21,121.5494283,25.0445911
113,3,28,17,11,2,04大安區,大安區市民大道4段與敦化南路1段口,0,0,2,3,H02,8,6,5,40,4,2,1,5,4,5,13,4,4,1,4,5,2,16,2,49,2,9,5,5,7,21,8,20,10,16,,67,,1,21,121.5494283,25.0445911
113,3,28,17,27,2,03中山區,中山區復興北路178號,0,0,2,1,C03,8,7,5,50,14,9,1,5,4,5,13,4,4,1,4,5,2,13,1,27,2,7,6,1,7,9,1,10,1,11,,16,,1,21,121.5440076,25.0543307
113,3,28,17,27,2,03中山區,中山區復興北路178號,0,0,2,2,C03,8,7,5,50,14,9,1,5,4,5,13,4,4,1,4,5,2,13,2,49,3,10,6,1,7,12,1,11,1,13,,16,,1,21,121.5440076,25.0543307
113,3,28,17,27,2,03中山區,中山區復興北路178號,0,0,2,3,C03,8,7,5,50,14,9,1,5,4,5,13,4,4,1,4,5,2,13,2,32,2,8,6,1,7,12,1,10,1,13,,16,,1,21,121.5440076,25.0543307
113,3,28,17,27,2,03中山區,中山區復興北路178號,0,0,2,4,B01,8,7,5,50,14,9,1,5,4,5,13,4,4,1,4,5,2,13,2,67,3,10,7,1,7,1,1,4,1,17,,19,,1,21,121.5440076,25.0543307
113,3,28,17,43,2,07信義區,信義區松壽路(東向西),0,0,1,1,B03,8,6,5,50,14,9,1,5,4,5,13,4,4,4,3,5,2,12,2,29,3,10,3,4,7,11,1,8,1,4,,99,,1,21,121.5650721,25.0358681
113,3,28,17,43,2,07信義區,信義區松壽路(東向西),0,0,1,2,C03,8,6,5,50,14,9,1,5,4,5,13,4,4,4,3,5,2,12,1,25,2,9,6,1,7,7,1,9,1,12,,97,,1,21,121.5650721,25.0358681
113,3,28,17,50,2,03中山區,中山區復興北路376號,0,0,2,1,C03,7,5,5,50,14,9,1,5,4,5,13,4,4,1,4,5,2,13,1,21,2,8,6,4,7,9,1,10,1,11,,16,,1,21,121.5441012,25.06083734
113,3,28,17,50,2,03中山區,中山區復興北路376號,0,0,2,2,C03,7,5,5,50,14,9,1,5,4,5,13,4,4,1,4,5,2,13,1,57,2,9,6,4,7,9,1,10,1,13,,44,,1,21,121.5441012,25.06083734
113,3,28,18,12,2,11南港區,南港區研究院路2段61巷與大坑街口,0,0,1,1,C03,8,5,5,50,4,1,1,5,4,5,13,2,1,5,5,5,2,16,1,32,2,4,6,1,7,5,1,10,1,13,,8,,1,22,121.6178994,25.0453443
113,3,28,18,12,2,11南港區,南港區研究院路2段61巷與大坑街口,0,0,1,2,B03,8,5,5,50,4,1,1,5,4,5,13,2,1,5,5,5,2,16,2,54,3,10,3,4,7,9,1,8,1,1,,108,,1,22,121.6178994,25.0453443
113,3,28,18,31,2,03中山區,中山區吉林路與德惠街口,0,0,1,1,C03,8,5,5,50,4,1,1,5,4,5,13,2,1,5,2,5,2,17,1,47,3,10,5,1,7,5,1,10,1,11,,8,,1,21,121.5304422,25.0666285
113,3,28,18,31,2,03中山區,中山區吉林路與德惠街口,0,0,1,2,C03,8,5,5,50,4,1,1,5,4,5,13,2,1,5,2,5,2,17,1,38,2,9,5,1,7,9,1,10,1,11,,44,,1,21,121.5304422,25.0666285
113,3,28,18,36,2,10文山區,文山區一壽街與一壽街17巷口,0,0,1,1,C03,7,5,5,30,4,1,1,5,4,5,13,4,4,5,5,5,2,15,1,33,2,9,6,1,7,9,1,10,2,11,,80,,1,21,121.5566425,24.9794383
113,3,28,18,36,2,10文山區,文山區一壽街與一壽街17巷口,0,0,1,2,B03,7,5,5,30,4,1,1,5,4,5,13,4,4,5,5,5,2,15,2,55,3,10,7,1,7,10,1,8,2,8,,13,,1,21,121.5566425,24.9794383
113,3,28,18,40,2,09北投區,北投區中央北路3段與中央北路3段53巷口,0,0,3,1,B03,7,7,5,50,3,2,1,5,4,5,13,1,1,5,4,5,2,16,2,49,3,10,3,4,7,5,1,8,2,6,,8,,1,21,121.4852009,25.1381192
113,3,28,18,40,2,09北投區,北投區中央北路3段與中央北路3段53巷口,0,0,3,2,C03,7,7,5,50,3,2,1,5,4,5,13,1,1,5,4,5,2,16,1,55,2,9,3,4,7,9,1,10,2,12,,13,,1,21,121.4852009,25.1381192
113,3,28,18,40,2,09北投區,北投區中央北路3段與中央北路3段53巷口,0,0,3,3,H02,7,7,5,50,3,2,1,5,4,5,13,1,1,5,4,5,2,16,2,48,2,9,3,5,7,20,8,20,10,16,,67,,1,21,121.4852009,25.1381192
113,3,28,18,40,2,09北投區,北投區中央北路3段與中央北路3段53巷口,0,0,3,4,H02,7,7,5,50,3,2,1,5,4,5,13,1,1,5,4,5,2,16,1,8,2,9,3,5,7,20,8,20,10,16,,67,,1,14,121.4852009,25.1381192
113,3,28,18,41,2,06松山區,松山區民權東路4段與光復北路口,0,0,1,1,C03,8,5,5,50,14,9,1,5,4,5,13,4,4,3,4,5,2,12,2,62,2,9,5,1,7,9,1,10,1,12,,17,,1,22,121.5540674,25.0619619
113,3,28,18,41,2,06松山區,松山區民權東路4段與光復北路口,0,0,1,2,C03,8,5,5,50,14,9,1,5,4,5,13,4,4,3,4,5,2,12,1,36,3,10,6,1,7,9,1,10,1,14,,108,,1,22,121.5540674,25.0619619
113,3,28,18,59,2,02萬華區,萬華區華江橋往新北市機車道,0,0,2,1,C03,7,5,7,40,14,11,1,5,4,5,13,4,4,9,4,5,1,17,1,51,2,9,3,4,7,9,1,10,1,12,,44,,1,21,121.5072849,25.03515759
113,3,28,18,59,2,02萬華區,萬華區華江橋往新北市機車道,0,0,2,2,C03,7,5,7,40,14,11,1,5,4,5,13,4,4,9,4,5,1,17,1,50,2,9,3,4,7,9,1,10,1,14,,44,,1,21,121.5072849,25.03515759
113,3,28,19,12,2,03中山區,中山區明水路397巷與明水路口,0,0,2,1,B03,7,5,5,50,3,2,1,5,4,5,13,1,1,3,4,5,2,17,1,67,3,10,3,4,7,5,1,8,2,2,,71,,1,21,121.5476958,25.077436
113,3,28,19,12,2,03中山區,中山區明水路397巷與明水路口,0,0,2,2,C03,7,5,5,50,3,2,1,5,4,5,13,1,1,3,4,5,2,17,1,16,2,9,3,4,7,9,2,18,2,11,,44,,1,21,121.5476958,25.077436
113,3,28,19,12,2,03中山區,中山區明水路397巷與明水路口,0,0,2,3,H02,7,5,5,50,3,2,1,5,4,5,13,1,1,3,4,5,2,17,1,16,2,9,3,5,7,21,8,20,10,16,,67,,1,21,121.5476958,25.077436
113,3,28,19,18,2,12內湖區,內湖區洲子街12號旁,0,0,1,1,B03,8,5,5,0,14,20,2,5,4,5,13,4,4,10,5,5,2,17,1,41,3,10,7,1,7,1,1,8,1,1,,19,,1,21,121.5752,25.07840708
113,3,28,19,18,2,12內湖區,內湖區洲子街12號旁,0,0,1,2,C03,8,5,5,0,14,20,2,5,4,5,13,4,4,10,5,5,2,17,1,33,2,9,6,1,7,1,1,10,1,14,,19,,1,21,121.5752,25.07840708
113,3,28,19,19,2,04大安區,大安區基隆路4段與羅斯福路4段口,0,0,2,1,C03,7,5,5,50,5,1,1,5,4,5,13,2,1,1,4,5,2,12,1,28,3,10,6,1,7,15,1,10,1,14,,96,,1,21,121.5374127,25.0111448
113,3,28,19,19,2,04大安區,大安區基隆路4段與羅斯福路4段口,0,0,2,2,C03,7,5,5,50,5,1,1,5,4,5,13,2,1,1,4,5,2,12,1,55,2,8,6,1,7,9,1,10,1,15,,44,,1,21,121.5374127,25.0111448
113,3,28,19,19,2,04大安區,大安區基隆路4段與羅斯福路4段口,0,0,2,3,H02,7,5,5,50,5,1,1,5,4,5,13,2,1,1,4,5,2,12,2,21,2,8,6,5,7,20,8,20,10,16,,67,,1,21,121.5374127,25.0111448
113,3,28,19,32,2,02萬華區,萬華區萬大路145號,0,0,2,1,A02,8,5,5,30,14,9,1,5,4,5,13,4,4,1,4,5,2,13,1,52,3,10,3,4,7,9,1,2,1,5,,16,,1,21,121.5006532,25.0290434
113,3,28,19,32,2,02萬華區,萬華區萬大路145號,0,0,2,2,C03,8,5,5,30,14,9,1,5,4,5,13,4,4,1,4,5,2,13,2,55,2,9,3,4,7,12,1,10,1,13,,14,,1,22,121.5006532,25.0290434
113,3,28,19,32,2,02萬華區,萬華區萬大路145號,0,0,2,3,H02,8,5,5,30,14,9,1,5,4,5,13,4,4,1,4,5,2,13,2,28,2,9,3,5,7,20,8,20,10,16,,67,,1,22,121.5006532,25.0290434
113,3,28,19,48,2,03中山區,中山區長春路與松江路口,0,0,1,1,F01,8,5,5,50,4,1,1,5,4,5,13,2,1,9,4,5,2,17,4,0,,,,,,,,,1,,,119,,2,,121.5331411,25.0547698
113,3,28,19,48,2,03中山區,中山區長春路與松江路口,0,0,1,2,C03,8,5,5,50,4,1,1,5,4,5,13,2,1,9,4,5,2,17,1,38,2,9,5,1,7,9,1,10,1,17,,16,,1,21,121.5331411,25.0547698
113,3,28,20,29,2,09北投區,北投區承德路7段與承德路7段413巷口,0,0,1,1,B02,7,5,5,60,5,2,1,5,4,5,13,1,1,3,4,5,2,16,1,72,3,10,3,4,7,6,1,8,2,5,,9,,1,21,121.4999121,25.1207651
113,3,28,20,29,2,09北投區,北投區承德路7段與承德路7段413巷口,0,0,1,2,C03,7,5,5,60,5,2,1,5,4,5,13,1,1,3,4,5,2,16,1,24,2,9,3,4,7,9,1,10,2,14,,44,,1,21,121.4999121,25.1207651
113,3,28,20,45,2,07信義區,信義區基隆路2段39巷12號,0,0,1,1,C03,8,5,5,30,14,9,1,5,4,5,13,4,4,9,4,5,2,1,2,55,3,10,5,1,7,9,1,10,2,11,,108,,1,21,121.5591584,25.0310204
113,3,28,20,45,2,07信義區,信義區基隆路2段39巷12號,0,0,1,2,H01,8,5,5,30,14,9,1,5,4,5,13,4,4,9,4,5,2,1,2,42,2,7,4,5,8,16,8,20,10,16,,67,,1,21,121.5591584,25.0310204
113,3,28,20,55,2,07信義區,信義區莊敬路與吳興街361巷口,0,0,3,1,C03,8,5,5,50,3,18,1,5,4,5,13,4,4,9,5,4,1,3,1,65,2,9,3,4,7,5,1,10,1,11,,70,,1,22,121.567864,25.0267223
113,3,28,20,55,2,07信義區,信義區莊敬路與吳興街361巷口,0,0,3,2,H01,8,5,5,50,3,18,1,5,4,5,13,4,4,9,5,4,1,3,1,39,2,9,4,5,8,16,8,20,10,16,,67,,1,22,121.567864,25.0267223
113,3,28,20,55,2,07信義區,信義區莊敬路與吳興街361巷口,0,0,3,3,H01,8,5,5,50,3,18,1,5,4,5,13,4,4,9,5,4,1,3,2,38,2,9,4,5,8,16,8,20,10,16,,67,,1,22,121.567864,25.0267223
113,3,28,21,19,2,07信義區,信義區信義路5段150巷401弄與信義路5段150巷口口,0,0,1,1,B03,8,5,5,30,3,1,1,5,4,5,13,4,4,9,5,5,2,16,1,30,3,10,3,4,7,5,1,8,1,8,,84,,1,21,121.5707422,25.0249905
113,3,28,21,19,2,07信義區,信義區信義路5段150巷401弄與信義路5段150巷口口,0,0,1,2,C03,8,5,5,30,3,1,1,5,4,5,13,4,4,9,5,5,2,16,1,30,2,9,5,1,7,9,1,10,1,11,12,14,,1,21,121.5707422,25.0249905
113,3,28,22,37,2,03中山區,中山區林森北路317號,0,0,1,1,F01,8,5,5,50,14,9,1,5,4,5,13,4,4,5,5,5,2,12,2,47,2,7,4,1,7,9,8,20,7,12,,107,,1,21,121.5255227,25.0561029
113,3,28,22,37,2,03中山區,中山區林森北路317號,0,0,1,2,C03,8,5,5,50,14,9,1,5,4,5,13,4,4,5,5,5,2,12,2,41,3,10,6,1,7,13,1,10,2,14,,38,,1,21,121.5255227,25.0561029
113,3,28,22,37,2,03中山區,中山區林森北路317號,0,0,1,3,B03,8,5,5,50,14,9,1,5,4,5,13,4,4,5,5,5,2,12,1,41,3,10,7,1,7,14,1,8,2,2,,44,,1,21,121.5255227,25.0561029
113,3,28,23,38,2,07信義區,信義區松信路與虎林街120巷口,0,0,1,1,C04,7,5,5,30,4,1,1,5,4,5,13,3,1,5,4,5,1,15,2,28,2,9,6,1,7,9,1,8,1,12,,80,,1,21,121.5719453,25.0422592
113,3,28,23,38,2,07信義區,信義區松信路與虎林街120巷口,0,0,1,2,B03,7,5,5,30,4,1,1,5,4,5,13,3,1,5,4,5,1,15,2,26,3,10,7,1,7,9,1,8,1,1,,14,,1,21,121.5719453,25.0422592
113,3,29,0,33,2,10文山區,文山區辛亥路6段112號,0,0,2,1,C03,8,5,5,50,14,9,1,5,4,5,13,4,4,1,4,5,2,18,1,38,2,9,3,4,7,9,1,10,2,14,,42,,1,22,121.5522639,24.9880938
113,3,29,0,33,2,10文山區,文山區辛亥路6段112號,0,0,2,3,H02,8,5,5,50,14,9,1,5,4,5,13,4,4,1,4,5,2,18,2,31,2,9,3,5,7,20,8,20,10,16,,60,,1,22,121.5522639,24.9880938
113,3,29,0,33,2,10文山區,文山區辛亥路6段112號,0,0,2,2,,8,5,5,50,14,9,1,5,4,5,13,4,4,1,4,5,2,18,3,0,,,,,,,,,,,,67,,1,,121.5522639,24.9880938
113,3,29,5,24,2,02萬華區,萬華區廣州街241號,0,0,1,1,B03,8,5,5,50,14,9,1,5,4,5,13,4,4,9,4,5,2,2,1,28,3,10,7,4,7,9,1,8,2,5,,108,,1,21,121.4980067,25.03676948
113,3,29,5,24,2,02萬華區,萬華區廣州街241號,0,0,1,2,H01,8,5,5,50,14,9,1,5,4,5,13,4,4,9,4,5,2,2,1,29,2,9,4,5,8,16,8,20,10,16,,67,,1,22,121.4980067,25.03676948
113,3,29,7,13,2,06松山區,松山區敦化南路1段88號,0,0,2,1,C03,8,7,5,30,14,8,1,5,4,5,13,4,4,9,4,4,2,12,1,51,2,9,5,1,7,9,1,10,1,11,,108,,1,22,121.5486533,25.04730572
113,3,29,7,13,2,06松山區,松山區敦化南路1段88號,0,0,2,2,C03,8,7,5,30,14,8,1,5,4,5,13,4,4,9,4,4,2,12,2,47,2,9,5,1,7,15,1,10,1,13,,44,,1,22,121.5486533,25.04730572
113,3,29,7,19,2,01大同區,大同區鄭州路與西寧北路口,0,0,2,2,C03,7,6,5,40,5,1,1,5,4,5,13,2,1,1,4,5,2,17,2,21,2,9,6,1,7,5,1,10,1,14,,8,,1,21,121.5085526,25.04950523
113,3,29,7,19,2,01大同區,大同區鄭州路與西寧北路口,0,0,2,1,C03,7,6,5,40,5,1,1,5,4,5,13,2,1,1,4,5,2,17,1,22,2,9,6,1,7,5,1,10,1,12,,8,,1,21,121.5085526,25.04950523
113,3,29,7,32,2,01大同區,大同區鄭州路與鄭州路143巷口,0,0,1,1,C03,8,5,5,40,3,1,1,5,4,5,13,4,4,1,4,1,2,15,1,18,2,9,6,1,7,1,1,10,2,12,,107,,1,22,121.5099953,25.0503767
113,3,29,7,32,2,01大同區,大同區鄭州路與鄭州路143巷口,0,0,1,2,B03,8,5,5,40,3,1,1,5,4,5,13,4,4,1,4,1,2,15,1,41,3,10,7,1,7,15,1,8,2,5,,72,,1,22,121.5099953,25.0503767
113,3,29,7,35,2,03中山區,中山區民權西路與天祥路口,0,0,1,1,C03,7,7,5,50,4,1,1,5,4,5,13,1,1,1,4,5,2,12,2,27,3,10,6,1,7,15,1,10,9,12,,42,,1,21,121.5207782,25.06271043
113,3,29,7,35,2,03中山區,中山區民權西路與天祥路口,0,0,1,2,C03,7,7,5,50,4,1,1,5,4,5,13,1,1,1,4,5,2,12,2,36,2,9,6,1,7,9,1,10,9,11,,44,,1,21,121.5207782,25.06271043
113,3,29,7,36,2,05中正區,中正區寧波西街130號,0,0,1,1,C03,8,7,5,50,14,9,1,5,4,5,13,4,4,5,4,5,2,13,1,45,2,9,5,1,7,9,1,10,2,11,,108,,1,21,121.5129175,25.0292685
113,3,29,7,36,2,05中正區,中正區寧波西街130號,0,0,1,2,B01,8,7,5,50,14,9,1,5,4,5,13,4,4,5,4,5,2,13,1,63,3,10,7,1,7,14,1,4,2,6,,44,,1,21,121.5129175,25.0292685
113,3,29,7,46,2,12內湖區,內湖區五分街與五分街72巷口,0,0,1,1,B03,8,6,5,30,4,2,1,5,4,5,13,4,4,5,5,5,2,17,2,56,3,10,7,1,7,5,1,8,1,8,,108,,1,21,121.6163799,25.06713436
113,3,29,7,46,2,12內湖區,內湖區五分街與五分街72巷口,0,0,1,2,C03,8,6,5,30,4,2,1,5,4,5,13,4,4,5,5,5,2,17,1,52,2,8,6,1,7,9,1,10,1,11,,44,,1,21,121.6163799,25.06713436
113,3,29,8,18,2,03中山區,中山區長春路410號,0,0,1,1,C03,8,6,5,50,14,9,1,5,4,5,13,4,4,5,4,5,2,17,1,54,3,10,5,1,7,8,1,10,1,17,,100,,1,22,121.5437415,25.05455931
113,3,29,8,18,2,03中山區,中山區長春路410號,0,0,1,2,C03,8,6,5,50,14,9,1,5,4,5,13,4,4,5,4,5,2,17,1,23,2,9,6,1,7,9,1,10,1,17,,44,,1,22,121.5437415,25.05455931
113,3,29,8,39,2,05中正區,中正區金門街與金門街35巷口,0,0,2,1,C03,8,6,5,30,4,1,1,5,4,5,13,4,4,10,5,5,2,15,1,26,2,9,5,1,7,9,1,10,2,12,,14,,1,21,121.5223424,25.0207543
113,3,29,8,39,2,05中正區,中正區金門街與金門街35巷口,0,0,2,2,C03,8,6,5,30,4,1,1,5,4,5,13,4,4,10,5,5,2,15,2,67,2,1,5,1,7,9,1,10,2,11,,108,,1,21,121.5223424,25.0207543
113,3,29,9,0,2,01大同區,大同區長安西路與貴德街口,0,0,3,1,C03,8,6,5,50,3,1,1,5,4,5,13,4,4,5,2,5,2,17,1,38,2,8,6,1,7,5,1,10,1,12,,4,,1,21,121.507959,25.0521662
113,3,29,9,0,2,01大同區,大同區長安西路與貴德街口,0,0,3,2,C03,8,6,5,50,3,1,1,5,4,5,13,4,4,5,2,5,2,17,1,29,2,5,6,1,7,5,1,10,1,14,,44,,1,21,121.507959,25.0521662
113,3,29,9,0,2,01大同區,大同區長安西路與貴德街口,0,0,3,3,H02,8,6,5,50,3,1,1,5,4,5,13,4,4,5,2,5,2,17,2,32,2,9,6,5,7,17,8,20,10,16,,67,,1,21,121.507959,25.0521662
113,3,29,9,3,2,04大安區,大安區安東街與忠孝東路3段251巷13弄口,0,0,1,1,C03,8,7,5,30,4,1,1,5,4,5,13,4,4,5,5,5,2,15,2,34,2,9,6,1,7,9,1,10,1,11,,80,,1,21,121.5422247,25.0438514
113,3,29,9,3,2,04大安區,大安區安東街與忠孝東路3段251巷13弄口,0,0,1,2,B03,8,7,5,30,4,1,1,5,4,5,13,4,4,5,5,5,2,15,1,46,3,10,7,1,7,9,1,8,1,5,,44,,1,21,121.5422247,25.0438514
113,3,29,9,42,2,01大同區,大同區迪化街2段172巷與迪化街2段172巷19弄口,0,0,1,1,B03,7,6,5,30,4,1,1,5,4,5,13,4,4,10,5,5,2,15,1,44,3,10,3,4,7,9,1,8,2,5,,72,,1,22,121.5097305,25.0671435
113,3,29,9,42,2,01大同區,大同區迪化街2段172巷與迪化街2段172巷19弄口,0,0,1,2,C03,7,6,5,30,4,1,1,5,4,5,13,4,4,10,5,5,2,15,1,78,2,9,5,4,7,9,1,10,2,11,,13,,1,22,121.5097305,25.0671435
113,3,29,9,50,2,06松山區,松山區八德路3段158巷4號,0,0,1,1,B01,8,6,8,30,14,9,1,5,4,5,13,4,4,10,5,5,2,2,1,56,3,10,3,4,7,9,1,4,11,2,,44,,1,21,121.5551006,25.04789796
113,3,29,9,50,2,06松山區,松山區八德路3段158巷4號,0,0,1,2,H01,8,6,8,30,14,9,1,5,4,5,13,4,4,10,5,5,2,2,2,37,2,9,4,5,8,16,8,20,10,16,,67,,1,21,121.5551006,25.04789796
113,3,29,10,13,2,10文山區,文山區辛亥路6段13號,0,0,1,1,B12,8,7,6,50,14,9,1,5,4,5,13,4,4,1,4,5,2,13,1,61,3,10,7,1,7,10,1,1,2,17,,100,,1,21,121.5522414,24.9906394
113,3,29,10,13,2,10文山區,文山區辛亥路6段13號,0,0,1,2,C03,8,7,6,50,14,9,1,5,4,5,13,4,4,1,4,5,2,13,2,23,2,1,6,1,7,9,1,10,2,11,,16,,1,21,121.5522414,24.9906394
113,3,29,10,13,2,10文山區,文山區辛亥路6段13號,0,0,1,3,C03,8,7,6,50,14,9,1,5,4,5,13,4,4,1,4,5,2,13,2,36,3,10,6,1,7,12,1,10,2,13,,44,,1,21,121.5522414,24.9906394
113,3,29,10,13,2,10文山區,文山區辛亥路6段13號,0,0,1,4,B03,8,7,6,50,14,9,1,5,4,5,13,4,4,1,4,5,2,13,1,54,3,10,2,4,7,15,1,8,11,4,,44,,1,21,121.5522414,24.9906394
113,3,29,10,28,2,04大安區,大安區建國南路1段200號前,0,0,2,1,C03,8,7,5,50,14,9,1,5,4,5,13,4,4,10,4,5,2,17,1,26,2,9,6,1,7,10,1,10,1,14,,100,,1,21,121.5374687,25.039826
113,3,29,10,28,2,04大安區,大安區建國南路1段200號前,0,0,2,2,C03,8,7,5,50,14,9,1,5,4,5,13,4,4,10,4,5,2,17,1,63,2,9,6,1,7,9,6,18,1,12,,16,,1,21,121.5374687,25.039826
113,3,29,10,45,2,08士林區,士林區中正路士林國中前,0,0,1,1,C03,8,6,5,50,14,9,1,5,4,5,13,4,4,3,4,5,2,13,2,25,2,9,3,4,7,9,1,10,1,11,,16,,1,21,121.5226637,25.094509
113,3,29,10,45,2,08士林區,士林區中正路士林國中前,0,0,1,2,B03,8,6,5,50,14,9,1,5,4,5,13,4,4,3,4,5,2,13,1,42,3,10,3,4,7,9,1,8,1,7,,44,,1,21,121.5226637,25.094509
113,3,29,11,0,2,03中山區,中山區吉林路與松江路90巷口口,0,0,1,1,B03,8,7,5,50,4,1,1,5,4,5,13,1,1,5,4,4,2,17,1,36,3,10,3,4,7,5,1,8,1,8,,44,,1,21,121.5300908,25.0504935
113,3,29,11,0,2,03中山區,中山區吉林路與松江路90巷口口,0,0,1,2,C03,8,7,5,50,4,1,1,5,4,5,13,1,1,5,4,4,2,17,2,31,2,9,3,4,7,9,1,10,1,11,,44,,1,21,121.5300908,25.0504935
113,3,29,11,16,2,08士林區,士林區中山北路5段與雙溪街口,0,0,1,1,B02,8,7,5,30,5,1,1,5,4,5,13,3,1,1,5,5,2,17,1,55,3,10,3,4,7,5,1,8,1,5,,84,,1,21,121.5263793,25.10091978
113,3,29,11,16,2,08士林區,士林區中山北路5段與雙溪街口,0,0,1,2,C03,8,7,5,30,5,1,1,5,4,5,13,3,1,1,5,5,2,17,1,33,3,10,3,4,7,7,1,10,1,14,,100,,1,21,121.5263793,25.10091978
113,3,29,11,16,2,08士林區,士林區中山北路5段與雙溪街口,0,0,1,3,H02,8,7,5,30,5,1,1,5,4,5,13,3,1,1,5,5,2,17,2,34,2,9,3,5,7,20,8,20,10,16,,67,,1,21,121.5263793,25.10091978
113,3,29,11,40,2,05中正區,中正區貴陽街1段與懷寧街口,0,0,2,1,C03,8,6,5,50,3,1,1,5,4,5,13,4,4,9,5,5,2,17,1,23,2,9,6,1,7,15,1,10,2,11,,4,,1,21,121.5136171,25.0387006
113,3,29,11,40,2,05中正區,中正區貴陽街1段與懷寧街口,0,0,2,2,C03,8,6,5,50,3,1,1,5,4,5,13,4,4,9,5,5,2,17,2,24,2,9,6,1,7,5,1,10,2,13,,44,,1,21,121.5136171,25.0387006
113,3,29,11,40,2,09北投區,北投區東華街2段與立農街1段口,0,0,2,1,C03,8,6,5,50,5,2,1,5,4,5,13,1,1,5,4,5,1,16,1,41,2,9,5,1,7,5,1,10,2,14,,8,,1,21,121.5117557,25.119705
113,3,29,11,40,2,09北投區,北投區東華街2段與立農街1段口,0,0,2,2,C03,8,6,5,50,5,2,1,5,4,5,13,1,1,5,4,5,1,16,2,39,2,9,5,1,7,9,1,10,2,11,14,44,,1,21,121.5117557,25.119705
113,3,29,11,50,2,08士林區,士林區中山北路6段與德行西路口,0,0,1,1,C03,9,5,8,50,4,1,1,5,4,3,12,2,1,1,5,5,1,17,1,72,2,9,5,1,7,11,1,10,1,12,,96,,1,21,121.5248587,25.1064512
113,3,29,11,50,2,08士林區,士林區中山北路6段與德行西路口,0,0,1,2,B03,9,5,8,50,4,1,1,5,4,3,12,2,1,1,5,5,1,17,1,24,3,10,7,1,7,9,1,8,1,8,,44,,1,21,121.5248587,25.1064512
113,3,29,11,51,2,03中山區,中山區市民大道2段與長安東路1段52巷口口,0,0,1,1,B03,8,7,5,40,3,1,1,5,4,5,13,1,1,1,4,5,2,17,1,34,3,10,3,4,7,9,1,8,1,2,,44,,1,21,121.5278432,25.0470311