發生年度,發生月,發生日,發生時-Hours,發生分,處理別-編號,區序,肇事地點,死亡人數,2-30日死亡人數,受傷人數,當事人序號,車種,天候,道路照明設備,道路類別,速限-速度限制,道路型態,事故位置,路面狀況1,路面狀況2,路面狀況3,道路障礙1,道路障礙2,號誌1,號誌2,車道劃分-分向,車道劃分-分道1,車道劃分-分道2,車道劃分-分道3,事故類型及型態,性別,年齡,受傷程度,主要傷處,保護裝置,行動電話,車輛用途,當事者行動狀態,駕駛資格情形,駕駛執照種類,飲酒情形,車輛撞擊部位1,車輛撞擊部位2,肇因碼-個別,肇因碼-主要,個人肇逃否,職業,座標-X,座標-Y
113,3,29,11,51,2,03中山區,中山區市民大道2段與長安東路1段52巷口口,0,0,1,2,C03,8,7,5,40,3,1,1,5,4,5,13,1,1,1,4,5,2,17,2,33,2,9,3,4,7,9,1,10,1,14,,14,,1,21,121.5278432,25.0470311
113,3,29,11,51,2,08士林區,士林區中山北路5段榕樹SL0234531202,0,0,1,1,C03,8,7,5,50,14,9,1,5,4,5,13,4,4,1,4,5,2,13,2,21,2,9,6,1,7,9,1,10,1,11,,118,,1,21,121.5253193,25.0828258
113,3,29,11,51,2,08士林區,士林區中山北路5段榕樹SL0234531202,0,0,1,2,B03,8,7,5,50,14,9,1,5,4,5,13,4,4,1,4,5,2,13,1,58,3,10,7,1,7,12,1,8,1,6,,118,,1,21,121.5253193,25.0828258
113,3,29,11,51,2,08士林區,士林區中山北路5段榕樹SL0234531202,0,0,1,3,C03,8,7,5,50,14,9,1,5,4,5,13,4,4,1,4,5,2,13,1,51,3,10,3,1,7,13,1,10,9,14,,44,,1,21,121.5253193,25.0828258
113,3,29,12,9,2,10文山區,文山區興隆路4段109巷4號旁,0,0,2,1,C03,8,6,5,30,14,10,1,5,4,5,13,4,4,9,5,5,2,16,1,73,2,9,6,1,7,7,1,10,2,11,14,100,,1,21,121.5614729,24.98664208
113,3,29,12,9,2,10文山區,文山區興隆路4段109巷4號旁,0,0,2,2,C03,8,6,5,30,14,10,1,5,4,5,13,4,4,9,5,5,2,16,2,54,2,9,6,1,7,9,1,10,2,12,,44,,1,21,121.5614729,24.98664208
113,3,29,12,45,2,12內湖區,內湖區文德路101巷1弄與文德路101巷口,0,0,2,1,C03,8,6,5,50,3,1,1,5,4,5,13,4,4,9,5,5,2,16,1,63,2,8,6,1,7,5,1,10,2,13,,42,,1,21,121.5833857,25.07885441
113,3,29,12,45,2,12內湖區,內湖區文德路101巷1弄與文德路101巷口,0,0,2,2,C03,8,6,5,50,3,1,1,5,4,5,13,4,4,9,5,5,2,16,2,41,2,9,6,1,7,9,1,10,2,11,,108,,1,21,121.5833857,25.07885441
113,3,29,13,10,2,06松山區,松山區八德路3段12巷與八德路3段12巷70弄口,0,0,1,1,B03,7,6,5,30,4,1,1,5,4,5,13,4,4,10,5,5,2,15,1,34,3,10,7,1,7,9,1,8,1,1,,72,,1,22,121.550708,25.0453239
113,3,29,13,10,2,06松山區,松山區八德路3段12巷與八德路3段12巷70弄口,0,0,1,2,C03,7,6,5,30,4,1,1,5,4,5,13,4,4,10,5,5,2,15,1,33,2,9,6,1,7,9,1,10,1,12,,14,,1,22,121.550708,25.0453239
113,3,29,13,40,2,07信義區,信義區松山路197號,0,0,1,1,C03,8,5,5,50,14,9,1,5,4,5,13,4,4,1,4,5,2,13,1,39,3,10,5,1,7,9,1,10,1,11,,16,,1,22,121.5778632,25.0457313
113,3,29,13,40,2,07信義區,信義區松山路197號,0,0,1,2,C03,8,5,5,50,14,9,1,5,4,5,13,4,4,1,4,5,2,13,1,30,3,10,6,1,7,9,1,10,1,13,,44,,1,22,121.5778632,25.0457313
113,3,29,13,40,2,07信義區,信義區松山路197號,0,0,1,3,C03,8,5,5,50,14,9,1,5,4,5,13,4,4,1,4,5,2,13,2,56,2,7,6,1,7,9,3,18,1,11,,16,,1,22,121.5778632,25.0457313
113,3,29,14,47,2,01大同區,大同區酒泉街117巷與酒泉街口,0,0,1,1,B01,8,5,5,40,3,1,1,5,4,5,13,4,4,5,4,5,2,16,1,59,3,10,7,1,7,11,1,4,2,4,,103,,1,21,121.5148826,25.07197121
113,3,29,14,47,2,01大同區,大同區酒泉街117巷與酒泉街口,0,0,1,2,C03,8,5,5,40,3,1,1,5,4,5,13,4,4,5,4,5,2,16,1,53,2,9,5,1,7,9,1,10,2,12,,44,,1,22,121.5148826,25.07197121
113,3,29,14,56,2,07信義區,信義區基隆路2段與嘉興街口,0,0,1,1,B12,8,7,8,30,3,1,1,5,4,5,13,4,4,7,5,5,2,17,1,52,3,10,7,1,7,9,1,8,1,15,,72,,1,21,121.557946,25.0305152
113,3,29,14,56,2,07信義區,信義區基隆路2段與嘉興街口,0,0,1,2,C03,8,7,8,30,3,1,1,5,4,5,13,4,4,7,5,5,2,17,2,28,2,8,6,1,7,9,1,10,1,14,,44,,1,21,121.557946,25.0305152
113,3,29,15,0,2,10文山區,文山區木新路2段69巷與木新路口側附近2段口,0,0,1,1,F01,8,7,5,50,4,1,1,5,4,5,13,4,4,10,5,5,2,16,2,72,2,9,3,1,7,5,8,20,1,11,,74,,1,21,121.5706372,24.9857044
113,3,29,15,0,2,10文山區,文山區木新路2段69巷與木新路口側附近2段口,0,0,1,2,C03,8,7,5,50,4,1,1,5,4,5,13,4,4,10,5,5,2,16,2,41,3,10,5,1,7,9,1,10,1,12,,107,,1,21,121.5706372,24.9857044
113,3,29,15,5,2,10文山區,文山區羅斯福路5段與萬盛街口,0,0,1,1,B12,8,6,6,50,4,1,1,5,4,5,13,1,1,1,2,5,2,16,1,45,3,10,7,1,7,5,1,8,2,5,,71,,1,21,121.5382127,25.0080899
113,3,29,15,5,2,10文山區,文山區羅斯福路5段與萬盛街口,0,0,1,2,C03,8,6,6,50,4,1,1,5,4,5,13,1,1,1,2,5,2,16,2,20,2,8,5,1,7,9,1,10,2,11,,13,,1,21,121.5382127,25.0080899
113,3,29,15,42,2,09北投區,北投區中央北路2段338號,0,0,1,1,B03,8,6,5,50,14,9,1,5,4,5,13,3,1,5,4,5,2,16,1,55,3,10,7,1,7,11,1,8,2,7,,10,,1,21,121.4886614,25.1384045
113,3,29,15,42,2,09北投區,北投區中央北路2段338號,0,0,1,2,C03,8,6,5,50,14,9,1,5,4,5,13,3,1,5,4,5,2,16,1,21,2,9,5,1,7,9,1,10,2,11,,44,,1,21,121.4886614,25.1384045
113,3,29,16,5,2,09北投區,北投區崇仁路1段與崇仁路1段131巷口,0,0,2,1,C03,8,7,5,30,4,1,1,5,4,3,13,4,4,5,5,5,2,16,2,32,2,7,5,1,7,5,1,10,1,11,,74,,1,22,121.5020484,25.12432165
113,3,29,16,5,2,09北投區,北投區崇仁路1段與崇仁路1段131巷口,0,0,2,2,C03,8,7,5,30,4,1,1,5,4,3,13,4,4,5,5,5,2,16,2,41,2,9,5,1,7,9,1,10,1,11,,108,,1,22,121.5020484,25.12432165
113,3,29,16,5,2,09北投區,北投區崇仁路1段與崇仁路1段131巷口,0,0,2,3,B03,8,7,5,30,4,1,1,5,4,3,13,4,4,5,5,5,2,16,1,49,3,10,3,1,7,13,1,8,9,17,,38,,1,22,121.5020484,25.12432165
113,3,29,16,27,2,07信義區,信義區和平東路3段511號,0,0,3,1,C02,8,5,8,50,14,9,1,5,4,5,13,4,4,1,4,5,2,17,1,63,2,9,5,1,7,7,1,9,1,13,,100,,1,22,121.5601588,25.0171933
113,3,29,16,27,2,07信義區,信義區和平東路3段511號,0,0,3,2,C03,8,5,8,50,14,9,1,5,4,5,13,4,4,1,4,5,2,17,1,30,2,9,5,1,7,10,1,10,1,11,,13,,1,22,121.5601588,25.0171933
113,3,29,16,27,2,07信義區,信義區和平東路3段511號,0,0,3,3,H02,8,5,8,50,14,9,1,5,4,5,13,4,4,1,4,5,2,17,2,26,2,9,5,5,7,17,8,20,10,16,,67,,1,22,121.5601588,25.0171933
113,3,29,16,30,2,12內湖區,內湖區內湖路2段301巷7弄與內湖路2段301巷5弄口,0,0,2,1,C03,8,6,5,30,4,1,1,5,4,5,13,4,4,10,5,5,2,15,1,60,2,9,6,1,7,9,1,10,1,14,,72,,1,21,121.5906228,25.0829211
113,3,29,16,30,2,12內湖區,內湖區內湖路2段301巷7弄與內湖路2段301巷5弄口,0,0,2,2,C03,8,6,5,30,4,1,1,5,4,5,13,4,4,10,5,5,2,15,1,51,2,9,6,1,7,9,1,10,1,11,,13,,1,21,121.5906228,25.0829211
113,3,29,16,32,2,03中山區,中山區錦州街6號,0,0,1,1,F01,8,6,5,50,14,9,1,5,4,5,13,4,4,9,5,5,2,13,1,14,2,9,4,1,7,9,8,20,1,11,,107,,1,21,121.5236359,25.06036622
113,3,29,16,32,2,03中山區,中山區錦州街6號,0,0,1,2,B02,8,6,5,50,14,9,1,5,4,5,13,4,4,9,5,5,2,13,1,41,3,10,7,1,7,14,1,8,1,6,,44,,1,21,121.5236359,25.06036622
113,3,29,16,36,2,07信義區,信義區忠孝東路5段與忠孝東路5段743巷口,0,0,2,1,C03,8,7,5,50,14,9,1,5,4,5,13,1,1,3,4,5,2,16,1,65,2,9,6,4,7,8,1,10,1,12,,100,,1,21,121.581115,25.0432903
113,3,29,16,36,2,07信義區,信義區忠孝東路5段與忠孝東路5段743巷口,0,0,2,2,C03,8,7,5,50,14,9,1,5,4,5,13,1,1,3,4,5,2,16,1,63,2,9,6,4,7,9,1,10,1,14,,13,,1,21,121.581115,25.0432903
113,3,29,16,38,2,01大同區,大同區民生西路214號,0,0,1,1,B03,8,6,8,50,14,9,1,5,4,5,13,4,4,5,4,5,2,17,1,45,3,10,7,1,7,14,3,18,11,4,,40,,2,21,121.514978,25.0569686
113,3,29,16,38,2,01大同區,大同區民生西路214號,0,0,1,2,C03,8,6,8,50,14,9,1,5,4,5,13,4,4,5,4,5,2,17,1,60,2,8,6,1,7,13,1,10,11,12,,38,,1,21,121.514978,25.0569686
113,3,29,17,9,2,06松山區,松山區市民大道4段307號,0,0,2,1,C03,8,7,5,40,14,9,1,5,4,5,13,4,4,9,4,5,2,17,1,55,3,10,6,1,7,10,1,10,9,17,,100,,1,22,121.5570603,25.04508667
113,3,29,17,9,2,06松山區,松山區市民大道4段307號,0,0,2,2,C03,8,7,5,40,14,9,1,5,4,5,13,4,4,9,4,5,2,17,1,33,2,9,6,1,7,9,1,10,2,12,,44,,1,22,121.5570603,25.04508667
113,3,29,17,9,2,06松山區,松山區市民大道4段307號,0,0,2,3,H02,8,7,5,40,14,9,1,5,4,5,13,4,4,9,4,5,2,17,2,26,2,1,6,5,7,20,8,20,10,16,,67,,1,22,121.5570603,25.04508667
113,3,29,17,25,2,12內湖區,內湖區瑞光路451號,0,0,2,1,C03,7,6,5,50,14,9,1,5,4,5,13,4,4,5,4,5,2,16,2,30,2,9,5,1,7,1,1,10,1,11,,19,,1,21,121.5570701,25.05473799
113,3,29,17,25,2,12內湖區,內湖區瑞光路451號,0,0,2,2,C03,7,6,5,50,14,9,1,5,4,5,13,4,4,5,4,5,2,16,2,28,2,9,5,1,7,9,1,10,1,11,,99,,1,21,121.5570701,25.05473799
113,3,29,17,27,2,07信義區,信義區松勤街78號,0,0,1,1,B03,7,5,5,30,14,20,4,5,4,5,13,4,4,10,5,5,2,17,1,52,3,10,3,4,7,1,7,19,11,1,,19,,2,21,121.5648342,25.031926
113,3,29,17,27,2,07信義區,信義區松勤街78號,0,0,1,2,F01,7,5,5,30,14,20,4,5,4,5,13,4,4,10,5,5,2,17,1,19,2,9,3,4,7,9,8,20,9,14,,14,,1,21,121.5648342,25.031926
113,3,29,17,29,2,08士林區,士林區天母西路38巷3號,0,0,1,1,B01,8,5,5,50,14,9,1,5,4,5,12,4,4,9,5,5,1,17,1,65,3,10,7,1,7,14,1,4,1,2,,38,,1,21,121.5261151,25.11819602
113,3,29,17,29,2,08士林區,士林區天母西路38巷3號,0,0,1,2,H02,8,5,5,50,14,9,1,5,4,5,12,4,4,9,5,5,1,17,2,63,3,10,7,5,7,20,8,20,10,16,,126,,1,21,121.5261151,25.11819602
113,3,29,17,29,2,08士林區,士林區天母西路38巷3號,0,0,1,3,C03,8,5,5,50,14,9,1,5,4,5,12,4,4,9,5,5,1,17,2,51,2,7,6,1,7,9,1,10,1,14,,44,,1,21,121.5261151,25.11819602
113,3,29,17,31,2,05中正區,中正區重慶南路2段與重慶南路2段7巷口口,0,0,2,1,C03,8,6,5,50,3,1,1,5,4,5,13,4,4,5,5,5,1,17,1,52,2,7,6,1,7,6,1,10,2,14,,74,,1,21,121.5136337,25.03326605
113,3,29,17,31,2,05中正區,中正區重慶南路2段與重慶南路2段7巷口口,0,0,2,2,C03,8,6,5,50,3,1,1,5,4,5,13,4,4,5,5,5,1,17,2,50,2,7,6,1,7,9,1,10,2,12,,44,,1,21,121.5136337,25.03326605
113,3,29,17,46,2,04大安區,大安區通化街與通化街171巷口,0,0,1,2,C03,8,7,5,50,4,1,1,5,4,5,13,2,1,9,5,5,1,16,2,72,2,1,5,4,7,9,1,10,9,11,,44,,1,21,121.5536038,25.0280692
113,3,29,17,46,2,04大安區,大安區通化街與通化街171巷口,0,0,1,1,B12,8,7,5,50,4,1,1,5,4,5,13,2,1,9,5,5,1,16,1,46,3,10,3,4,7,5,1,7,2,2,,8,,1,21,121.5536038,25.0280692
113,3,29,17,48,2,01大同區,大同區承德路3段與承德路3段176巷口,0,0,1,1,B03,8,6,5,50,3,1,1,5,4,5,13,4,4,1,4,5,2,17,1,42,3,10,7,1,7,6,1,8,1,2,,80,,1,21,121.5182759,25.0691551
113,3,29,17,48,2,01大同區,大同區承德路3段與承德路3段176巷口,0,0,1,2,C03,8,6,5,50,3,1,1,5,4,5,13,4,4,1,4,5,2,17,1,31,2,9,6,1,7,9,1,10,1,14,,108,,1,21,121.5182759,25.0691551
113,3,29,18,5,2,03中山區,中山區北安路305號,0,0,1,1,B03,8,5,5,50,11,9,1,5,4,5,13,3,1,1,4,5,2,12,2,50,3,10,7,1,7,9,1,8,1,17,,44,,1,21,121.5391364,25.07927734
113,3,29,18,5,2,03中山區,中山區北安路305號,0,0,1,2,C03,8,5,5,50,11,9,1,5,4,5,13,3,1,1,4,5,2,12,1,22,2,9,6,1,7,9,1,10,1,17,,13,,1,21,121.5391364,25.07927734
113,3,29,18,8,2,05中正區,中正區羅斯福路2段與和平西路1段口,0,0,2,1,C03,8,6,5,40,4,2,1,5,4,5,13,1,1,3,4,4,2,17,1,23,2,9,5,1,7,9,1,10,1,11,,44,,1,21,121.5220382,25.0270993
113,3,29,18,8,2,05中正區,中正區羅斯福路2段與和平西路1段口,0,0,2,2,F02,8,6,5,40,4,2,1,5,4,5,13,1,1,3,4,4,2,17,2,56,2,9,4,1,7,10,8,20,1,13,,82,,1,21,121.5220382,25.0270993
113,3,29,18,30,2,07信義區,信義區忠孝東路5段與松信路口,0,0,1,1,B01,8,5,5,50,4,2,1,5,4,5,13,2,1,1,4,5,1,12,1,66,3,10,3,4,7,7,1,4,1,17,,100,,1,22,121.5722311,25.0409954
113,3,29,18,30,2,07信義區,信義區忠孝東路5段與松信路口,0,0,1,2,C03,8,5,5,50,4,2,1,5,4,5,13,2,1,1,4,5,1,12,1,34,2,9,3,4,7,9,1,10,1,12,,13,,1,22,121.5722311,25.0409954
113,3,29,18,35,2,01大同區,大同區民生西路與西寧北路口,0,0,1,1,B01,7,5,5,50,4,1,1,5,4,5,13,1,1,5,2,5,2,17,1,64,4,11,3,4,7,5,7,19,11,15,,119,,2,22,121.5089013,25.056904
113,3,29,18,35,2,01大同區,大同區民生西路與西寧北路口,0,0,1,2,C03,7,5,5,50,4,1,1,5,4,5,13,1,1,5,2,5,2,17,1,39,2,8,6,1,7,9,1,10,1,11,,108,,1,21,121.5089013,25.056904
113,3,29,18,35,2,01大同區,大同區民生西路與西寧北路口,0,0,1,3,B03,7,5,5,50,4,1,1,5,4,5,13,1,1,5,2,5,2,17,1,26,3,10,7,1,7,9,1,8,1,6,,44,,1,21,121.5089013,25.056904
113,3,29,19,28,2,08士林區,士林區至誠路1段與雨聲街口,0,0,1,1,B03,8,5,5,50,3,1,1,5,4,5,13,1,1,5,5,5,2,16,1,51,3,10,3,4,7,9,1,8,1,5,,108,,1,21,121.5336324,25.10127242
113,3,29,19,28,2,08士林區,士林區至誠路1段與雨聲街口,0,0,1,2,C03,8,5,5,50,3,1,1,5,4,5,13,1,1,5,5,5,2,16,2,24,2,8,6,1,7,5,1,10,1,13,,71,,1,21,121.5336324,25.10127242
113,3,29,20,30,2,09北投區,北投區中央北路2段與稻香路口,0,0,3,1,C03,8,5,5,50,4,1,1,5,4,5,13,2,1,4,4,5,2,13,1,18,2,9,5,1,7,6,1,10,2,13,,101,,1,21,121.4911865,25.1387514
113,3,29,20,30,2,09北投區,北投區中央北路2段與稻香路口,0,0,3,2,C03,8,5,5,50,4,1,1,5,4,5,13,2,1,4,4,5,2,13,1,21,2,9,5,1,7,5,1,10,2,11,,108,,1,21,121.4911865,25.1387514
113,3,29,20,30,2,09北投區,北投區中央北路2段與稻香路口,0,0,3,3,H02,8,5,5,50,4,1,1,5,4,5,13,2,1,4,4,5,2,13,2,22,2,7,5,5,7,20,8,20,10,16,,67,,1,21,121.4911865,25.1387514
113,3,29,20,35,2,08士林區,士林區承德路4段與承德路4段77巷口,0,0,1,1,B03,8,5,5,50,5,1,1,5,4,5,13,2,1,1,4,5,1,15,1,32,3,10,7,1,7,9,1,8,1,2,,71,,1,21,121.5232202,25.0821887
113,3,29,20,35,2,08士林區,士林區承德路4段與承德路4段77巷口,0,0,1,2,C03,8,5,5,50,5,1,1,5,4,5,13,2,1,1,4,5,1,15,1,31,2,8,5,1,7,9,1,10,1,11,,13,,1,21,121.5232202,25.0821887
113,3,29,20,42,2,04大安區,大安區師大路與師大路93巷口,0,0,1,1,C03,8,5,5,30,4,1,1,5,4,5,13,4,4,10,5,5,1,3,2,35,3,10,6,4,7,9,1,10,2,17,,70,,1,21,121.5284999,25.0229378
113,3,29,20,42,2,04大安區,大安區師大路與師大路93巷口,0,0,1,2,H01,8,5,5,30,4,1,1,5,4,5,13,4,4,10,5,5,1,3,2,78,2,9,4,5,8,16,8,20,10,16,,67,,1,21,121.5284999,25.0229378
113,3,29,20,58,2,01大同區,大同區延平北路4段與敦煌路口,0,0,2,1,C03,7,5,5,50,4,1,1,5,4,5,13,1,1,5,2,5,2,17,2,29,2,9,6,1,7,9,1,10,1,11,,108,,1,21,121.5119885,25.0764509
113,3,29,20,58,2,01大同區,大同區延平北路4段與敦煌路口,0,0,2,2,C03,7,5,5,50,4,1,1,5,4,5,13,1,1,5,2,5,2,17,1,22,2,8,6,1,7,15,1,10,1,14,,42,,1,21,121.5119885,25.0764509
113,3,29,21,1,2,08士林區,士林區延平北路5段136巷與延平北路5段口,0,0,2,1,C03,7,5,5,50,3,2,1,5,4,5,13,1,1,1,4,5,1,16,2,58,2,9,3,4,7,11,1,10,1,12,,10,,1,21,121.5103563,25.0821844
113,3,29,21,1,2,08士林區,士林區延平北路5段136巷與延平北路5段口,0,0,2,2,C03,7,5,5,50,3,2,1,5,4,5,13,1,1,1,4,5,1,16,1,20,3,10,3,4,7,9,1,10,1,14,,13,,1,21,121.5103563,25.0821844
113,3,29,21,1,2,08士林區,士林區延平北路5段136巷與延平北路5段口,0,0,2,3,H02,7,5,5,50,3,2,1,5,4,5,13,1,1,1,4,5,1,16,2,16,2,8,3,5,7,20,8,20,10,16,,67,,1,21,121.5103563,25.0821844
113,3,29,21,26,2,07信義區,信義區吳興街與吳興街156巷口,0,0,1,1,B01,8,5,5,30,4,1,1,5,4,5,13,2,1,9,5,5,1,16,1,58,3,10,3,4,7,5,1,4,2,4,,8,,1,22,121.561876,25.0292479
113,3,29,21,26,2,07信義區,信義區吳興街與吳興街156巷口,0,0,1,2,C03,8,5,5,30,4,1,1,5,4,5,13,2,1,9,5,5,1,16,2,23,2,9,3,4,7,9,1,10,2,12,,44,,1,23,121.561876,25.0292479
113,3,29,22,52,2,06松山區,松山區市民大道4段與延吉街口,0,0,2,1,C03,7,5,5,50,5,1,1,5,4,5,13,1,1,1,3,5,2,16,2,25,2,9,6,1,7,5,1,10,1,12,,71,,1,21,121.5537671,25.0444702
113,3,29,22,52,2,06松山區,松山區市民大道4段與延吉街口,0,0,2,2,B01,7,5,5,50,5,1,1,5,4,5,13,1,1,1,3,5,2,16,1,65,3,10,3,1,7,9,1,4,1,1,,44,,1,21,121.5537671,25.0444702
113,3,29,22,52,2,06松山區,松山區市民大道4段與延吉街口,0,0,2,3,H02,7,5,5,50,5,1,1,5,4,5,13,1,1,1,3,5,2,16,2,25,2,9,6,5,7,20,8,20,10,16,,67,,1,21,121.5537671,25.0444702
113,3,29,23,0,2,07信義區,信義區松壽路20號,0,0,1,1,B01,8,5,5,50,14,9,1,5,4,5,13,1,1,10,4,5,2,3,1,49,3,10,3,4,7,9,1,4,1,2,,42,,1,21,121.5670251,25.035779
113,3,29,23,0,2,07信義區,信義區松壽路20號,0,0,1,2,H01,8,5,5,50,14,9,1,5,4,5,13,1,1,10,4,5,2,3,1,26,2,8,4,5,8,16,8,20,10,16,,67,,1,21,121.5670251,25.035779
113,3,29,23,33,2,07信義區,信義區環東大道下基隆路匝道,0,0,1,1,B01,7,6,5,40,14,9,1,5,4,5,13,4,4,10,4,5,2,12,1,46,3,10,3,4,7,7,1,4,2,8,,44,,1,21,121.5675673,25.0462004
113,3,29,23,33,2,07信義區,信義區環東大道下基隆路匝道,0,0,1,2,C02,7,6,5,40,14,9,1,5,4,5,13,4,4,10,4,5,2,12,1,52,2,9,6,4,7,8,1,9,2,12,,100,,1,21,121.5675673,25.0462004
113,3,30,0,10,2,04大安區,大安區仁愛路3段123巷與仁愛路3段口,0,0,2,1,B03,8,5,5,50,3,1,1,5,4,5,13,4,4,1,3,1,2,16,1,31,3,10,7,1,7,6,1,8,1,5,,9,,1,21,121.5419201,25.038237
113,3,30,0,10,2,04大安區,大安區仁愛路3段123巷與仁愛路3段口,0,0,2,2,C03,8,5,5,50,3,1,1,5,4,5,13,4,4,1,3,1,2,16,2,44,2,9,6,1,7,9,1,10,1,14,,44,,1,21,121.5419201,25.038237
113,3,30,0,10,2,04大安區,大安區仁愛路3段123巷與仁愛路3段口,0,0,2,3,H02,8,5,5,50,3,1,1,5,4,5,13,4,4,1,3,1,2,16,1,12,2,9,6,5,7,17,8,20,10,16,,67,,1,21,121.5419201,25.038237
113,3,30,0,12,2,01大同區,大同區忠孝西路1段與延平北路1段口,0,0,1,1,B03,8,5,5,50,3,1,1,5,4,5,13,2,1,8,3,5,2,16,4,0,,,,,,,,,11,,,119,,2,,121.5115953,25.0480712
113,3,30,0,12,2,01大同區,大同區忠孝西路1段與延平北路1段口,0,0,1,2,C03,8,5,5,50,3,1,1,5,4,5,13,2,1,8,3,5,2,16,1,26,2,9,6,1,7,9,1,9,1,11,,118,,1,21,121.5115953,25.0480712
113,3,30,2,0,2,01大同區,大同區敦煌路88巷與哈密街59巷31弄口口,0,0,2,2,F01,8,5,5,30,3,1,1,5,4,5,13,4,4,9,5,5,2,16,2,71,2,9,4,1,7,9,8,20,1,11,,4,,1,21,121.5169589,25.07493849
113,3,30,2,0,2,01大同區,大同區敦煌路88巷與哈密街59巷31弄口口,0,0,2,1,C03,8,5,5,30,3,1,1,5,4,5,13,4,4,9,5,5,2,16,1,31,2,8,6,1,7,5,1,10,1,11,,4,,1,21,121.5169589,25.07493849
113,3,30,3,0,2,03中山區,中山區民生東路1段與林森北路口,0,0,1,1,B01,7,5,5,50,4,18,1,5,4,5,13,2,1,5,4,5,2,3,1,64,3,10,7,1,7,5,1,4,1,8,,70,,1,21,121.5255511,25.0581774
113,3,30,3,0,2,03中山區,中山區民生東路1段與林森北路口,0,0,1,2,H01,7,5,5,50,4,18,1,5,4,5,13,2,1,5,4,5,2,3,2,44,2,9,4,5,8,16,8,20,1,16,,67,,1,21,121.5255511,25.0581774
113,3,30,5,45,2,02萬華區,萬華區水源路東往西方向(編號0905257燈桿前),0,0,1,1,B03,7,5,6,50,14,9,1,5,4,5,13,4,4,4,3,5,1,12,4,22,,,,,,,,,11,,,119,,2,,121.5052057,25.020647
113,3,30,5,45,2,02萬華區,萬華區水源路東往西方向(編號0905257燈桿前),0,0,1,2,C03,7,5,6,50,14,9,1,5,4,5,13,4,4,4,3,5,1,12,1,70,2,7,5,1,7,9,1,10,1,13,,47,,1,21,121.5052057,25.020647
113,3,30,6,38,2,02萬華區,萬華區長沙街2段與西昌街口,0,0,1,1,F03,6,7,5,50,4,2,1,4,4,5,13,1,1,9,5,5,2,17,1,62,3,10,4,1,7,5,8,20,1,17,,44,,1,21,121.5007595,25.0409461
113,3,30,6,38,2,02萬華區,萬華區長沙街2段與西昌街口,0,0,1,2,C03,6,7,5,50,4,2,1,4,4,5,13,1,1,9,5,5,2,17,1,22,2,8,5,1,7,9,1,10,1,17,,44,,1,21,121.5007595,25.0409461
113,3,30,7,13,2,06松山區,松山區光復北路與民權東路4段口,0,0,2,1,C03,6,6,5,50,4,2,1,4,4,5,13,1,1,1,4,5,2,12,1,52,2,5,6,1,7,9,1,10,1,15,,80,,1,22,121.5543306,25.0617955
113,3,30,7,13,2,06松山區,松山區光復北路與民權東路4段口,0,0,2,2,C03,6,6,5,50,4,2,1,4,4,5,13,1,1,1,4,5,2,12,1,25,2,8,6,1,7,14,1,10,1,15,,44,,1,22,121.5543306,25.0617955
113,3,30,7,20,2,12內湖區,內湖區堤頂大道1段351號,0,0,1,1,B12,6,6,5,50,14,9,1,4,4,5,13,4,4,9,4,5,2,21,1,36,2,9,7,1,7,9,1,4,2,1,,42,,1,21,121.5726665,25.0639498
113,3,30,7,20,2,12內湖區,內湖區堤頂大道1段351號,0,0,1,2,,6,6,5,50,14,9,1,4,4,5,13,4,4,9,4,5,2,21,3,0,,,,,,,,,,,,67,,1,,121.5726665,25.0639498
113,3,30,8,6,2,08士林區,士林區福港街259巷與福港街259巷18弄口,0,0,1,1,B03,6,5,5,30,4,1,1,4,4,5,13,4,4,10,5,5,2,15,1,52,3,10,7,1,7,9,1,6,1,1,,72,,1,21,121.518472,25.0840146
113,3,30,8,6,2,08士林區,士林區福港街259巷與福港街259巷18弄口,0,0,1,2,C03,6,5,5,30,4,1,1,4,4,5,13,4,4,10,5,5,2,15,1,43,3,10,6,1,7,9,1,10,1,12,,14,,1,21,121.518472,25.0840146
113,3,30,8,6,2,08士林區,士林區福港街259巷與福港街259巷18弄口,0,0,1,3,H02,6,5,5,30,4,1,1,4,4,5,13,4,4,10,5,5,2,15,2,39,2,8,6,5,7,20,8,20,10,16,,67,,1,21,121.518472,25.0840146
113,3,30,8,58,2,04大安區,大安區和平東路2段134號,0,0,1,1,B01,6,6,5,50,14,9,1,4,4,5,13,1,1,1,4,5,1,13,1,39,3,10,7,1,7,9,1,4,1,1,,16,,1,21,121.5446878,25.02473965
113,3,30,8,58,2,04大安區,大安區和平東路2段134號,0,0,1,2,C03,6,6,5,50,14,9,1,4,4,5,13,1,1,1,4,5,1,13,2,27,2,9,6,1,7,14,1,10,1,13,,44,,1,21,121.5446878,25.02473965
113,3,30,8,58,2,04大安區,大安區和平東路2段134號,0,0,1,3,B03,6,6,5,50,14,9,1,4,4,5,13,1,1,1,4,5,1,13,1,32,3,10,7,1,7,14,1,8,1,3,,44,,1,21,121.5446878,25.02473965
113,3,30,9,12,2,02萬華區,萬華區西園路2段與西園路2段225巷口,0,0,1,1,C03,6,7,5,50,3,1,1,4,4,5,13,2,1,1,4,5,2,13,1,19,2,9,5,1,7,9,1,10,1,11,,16,,1,22,121.4945252,25.03809508