發生年度,發生月,發生日,發生時-Hours,發生分,處理別-編號,區序,肇事地點,死亡人數,2-30日死亡人數,受傷人數,當事人序號,車種,天候,道路照明設備,道路類別,速限-速度限制,道路型態,事故位置,路面狀況1,路面狀況2,路面狀況3,道路障礙1,道路障礙2,號誌1,號誌2,車道劃分-分向,車道劃分-分道1,車道劃分-分道2,車道劃分-分道3,事故類型及型態,性別,年齡,受傷程度,主要傷處,保護裝置,行動電話,車輛用途,當事者行動狀態,駕駛資格情形,駕駛執照種類,飲酒情形,車輛撞擊部位1,車輛撞擊部位2,肇因碼-個別,肇因碼-主要,個人肇逃否,職業,座標-X,座標-Y
113,3,30,9,12,2,02萬華區,萬華區西園路2段與西園路2段225巷口,0,0,1,2,C03,6,7,5,50,3,1,1,4,4,5,13,2,1,1,4,5,2,13,1,21,3,10,5,1,7,12,1,10,1,13,,44,,1,22,121.4945252,25.03809508
113,3,30,9,12,2,02萬華區,萬華區西園路2段與西園路2段225巷口,0,0,1,3,,6,7,5,50,3,1,1,4,4,5,13,2,1,1,4,5,2,13,4,0,,,,,,,,,,,,119,,2,,121.4945252,25.03809508
113,3,30,9,13,2,01大同區,大同區延平北路3段與伊寧街口,0,0,1,1,B03,8,5,5,50,4,2,1,4,4,5,13,2,1,5,4,5,1,17,1,42,3,10,3,4,7,5,1,8,1,4,,8,,1,21,121.5111156,25.0646519
113,3,30,9,13,2,01大同區,大同區延平北路3段與伊寧街口,0,0,1,2,C03,8,5,5,50,4,2,1,4,4,5,13,2,1,5,4,5,1,17,2,58,2,9,3,4,7,9,1,10,1,11,,44,,1,21,121.5111156,25.0646519
113,3,30,10,8,2,03中山區,中山區濱江街5號旁,0,0,1,1,B03,6,6,5,50,14,9,1,4,4,5,13,1,1,10,5,4,2,16,1,51,3,10,3,4,7,5,1,8,1,4,,8,,1,22,121.5304468,25.07161573
113,3,30,10,8,2,03中山區,中山區濱江街5號旁,0,0,1,2,F01,6,6,5,50,14,9,1,4,4,5,13,1,1,10,5,4,2,16,2,59,2,9,4,1,7,1,8,20,1,14,,19,,1,22,121.5304468,25.07161573
113,3,30,10,19,2,04大安區,大安區敦化南路1段187巷與忠孝東路4段205巷口,0,0,1,1,B03,6,7,5,30,4,1,1,4,4,5,13,4,4,10,5,5,2,15,2,60,3,10,3,4,7,9,1,8,1,5,,14,,1,21,121.5519212,25.0425659
113,3,30,10,19,2,04大安區,大安區敦化南路1段187巷與忠孝東路4段205巷口,0,0,1,2,C03,6,7,5,30,4,1,1,4,4,5,13,4,4,10,5,5,2,15,2,20,2,9,3,4,7,9,1,10,1,11,,108,,1,21,121.5519212,25.0425659
113,3,30,10,26,2,08士林區,士林區至善路2段與臨溪路口,0,0,1,1,B03,7,5,5,50,3,1,1,4,4,5,13,1,1,1,4,5,2,16,2,55,3,10,7,1,7,6,1,8,2,2,,9,,1,21,121.5423973,25.0970507
113,3,30,10,26,2,08士林區,士林區至善路2段與臨溪路口,0,0,1,2,C03,7,5,5,50,3,1,1,4,4,5,13,1,1,1,4,5,2,16,1,24,2,9,6,1,7,9,1,10,2,11,,13,,1,21,121.5423973,25.0970507
113,3,30,10,40,2,03中山區,中山區中山北路2段與民權西路口,0,0,3,1,C03,6,6,5,50,4,4,1,4,4,5,13,1,1,4,4,1,2,13,2,23,2,9,5,1,7,12,1,10,1,11,12,13,,1,21,121.5224701,25.06293282
113,3,30,10,40,2,03中山區,中山區中山北路2段與民權西路口,0,0,3,2,C03,6,6,5,50,4,4,1,4,4,5,13,1,1,4,4,1,2,13,1,43,2,9,5,1,7,14,1,10,1,13,,44,,1,21,121.5224701,25.06293282
113,3,30,10,40,2,03中山區,中山區中山北路2段與民權西路口,0,0,3,3,C04,6,6,5,50,4,4,1,4,4,5,13,1,1,4,4,1,2,13,2,58,2,9,5,1,7,14,1,8,1,12,14,44,,1,21,121.5224701,25.06293282
113,3,30,10,40,2,10文山區,文山區光輝路與光輝路71巷口口,0,0,1,1,C03,6,7,5,30,5,1,1,4,4,5,13,4,4,10,5,5,2,15,2,40,2,9,5,1,7,9,1,10,1,11,,72,,1,22,121.5566092,24.98495423
113,3,30,10,40,2,10文山區,文山區光輝路與光輝路71巷口口,0,0,1,2,B03,6,7,5,30,5,1,1,4,4,5,13,4,4,10,5,5,2,15,1,55,3,10,2,1,7,9,1,8,1,2,,108,,1,22,121.5566092,24.98495423
113,3,30,10,55,2,12內湖區,內湖區民權東路6段與行愛路口,0,0,1,1,B03,6,7,5,50,4,1,1,4,4,5,13,1,1,1,1,4,1,17,1,57,3,10,3,4,7,6,1,8,1,6,,98,,1,22,121.5785947,25.06658468
113,3,30,10,55,2,12內湖區,內湖區民權東路6段與行愛路口,0,0,1,2,C03,6,7,5,50,4,1,1,4,4,5,13,1,1,1,1,4,1,17,2,22,2,9,3,4,7,9,1,10,1,14,,44,,1,22,121.5785947,25.06658468
113,3,30,11,10,2,05中正區,中正區市民大道1段168號,0,0,2,1,B03,8,6,5,40,14,9,1,5,4,5,13,4,4,10,4,5,2,17,1,66,3,10,7,4,7,1,1,8,11,17,,19,,1,22,121.5182846,25.04836943
113,3,30,11,10,2,05中正區,中正區市民大道1段168號,0,0,2,2,C03,8,6,5,40,14,9,1,5,4,5,13,4,4,10,4,5,2,17,1,42,3,10,6,4,7,15,1,10,11,14,,102,,1,22,121.5182846,25.04836943
113,3,30,11,10,2,05中正區,中正區市民大道1段168號,0,0,2,3,C03,8,6,5,40,14,9,1,5,4,5,13,4,4,10,4,5,2,17,1,23,3,10,6,4,7,7,1,10,11,12,13,100,,1,22,121.5182846,25.04836943
113,3,30,11,10,2,05中正區,中正區市民大道1段168號,0,0,2,4,C03,8,6,5,40,14,9,1,5,4,5,13,4,4,10,4,5,2,17,1,20,2,9,6,4,7,8,1,10,1,11,13,108,,1,22,121.5182846,25.04836943
113,3,30,11,10,2,05中正區,中正區市民大道1段168號,0,0,2,5,C03,8,6,5,40,14,9,1,5,4,5,13,4,4,10,4,5,2,17,1,22,3,10,6,4,7,8,1,10,1,11,,108,,1,22,121.5182846,25.04836943
113,3,30,11,10,2,05中正區,中正區市民大道1段168號,0,0,2,6,H02,8,6,5,40,14,9,1,5,4,5,13,4,4,10,4,5,2,17,2,21,2,8,6,5,7,20,8,20,10,16,,67,,1,22,121.5182846,25.04836943
113,3,30,11,27,2,12內湖區,內湖區康寧路3段與東湖路口,0,0,1,1,C03,7,6,5,50,3,1,1,5,4,5,13,1,1,1,4,5,2,12,1,34,2,9,5,1,7,7,1,10,1,13,,95,,1,21,121.6120724,25.06845236
113,3,30,11,27,2,12內湖區,內湖區康寧路3段與東湖路口,0,0,1,2,B03,7,6,5,50,3,1,1,5,4,5,13,1,1,1,4,5,2,12,1,31,3,10,7,1,7,15,1,8,1,5,,44,,1,21,121.6120724,25.06845236
113,3,30,11,32,2,04大安區,大安區信義路4段265巷5弄與信義路4段265巷口,0,0,1,1,B03,8,7,5,30,4,1,1,5,4,5,13,4,4,5,3,5,1,3,1,43,3,10,3,4,7,5,1,8,2,1,,70,,1,22,121.5543128,25.0338075
113,3,30,11,32,2,04大安區,大安區信義路4段265巷5弄與信義路4段265巷口,0,0,1,2,H01,8,7,5,30,4,1,1,5,4,5,13,4,4,5,3,5,1,3,2,79,2,9,4,5,8,16,8,20,10,16,,67,,1,22,121.5543128,25.0338075
113,3,30,11,55,2,04大安區,大安區忠孝東路4段77巷與敦化南路1段190巷口,0,0,2,1,C03,8,5,5,30,4,1,1,5,4,5,13,4,4,9,5,5,2,15,2,23,2,9,6,1,7,9,1,10,1,11,,72,,1,22,121.5472125,25.0426521
113,3,30,11,55,2,04大安區,大安區忠孝東路4段77巷與敦化南路1段190巷口,0,0,2,2,C03,8,5,5,30,4,1,1,5,4,5,13,4,4,9,5,5,2,15,1,22,2,9,6,1,7,9,1,10,1,12,,14,,1,22,121.5472125,25.0426521
113,3,30,11,55,2,10文山區,文山區興隆路3段與辛亥路5段口,0,0,2,1,H01,8,6,5,0,4,18,1,5,4,5,13,2,1,1,4,5,2,3,2,45,2,7,4,5,8,18,8,20,10,16,,122,,1,21,121.5546979,25.0007326
113,3,30,11,55,2,10文山區,文山區興隆路3段與辛亥路5段口,0,0,2,2,C04,8,6,5,0,4,18,1,5,4,5,13,2,1,1,4,5,2,3,1,42,2,7,5,1,7,9,1,11,2,14,,44,,1,21,121.5546979,25.0007326
113,3,30,12,0,2,07信義區,信義區福德街與福德街221巷口,0,0,2,1,C03,7,6,5,30,4,2,1,5,4,5,13,2,1,9,5,5,2,16,1,76,2,9,5,1,7,5,1,10,2,12,14,71,,1,21,121.5849078,25.0385165
113,3,30,12,0,2,07信義區,信義區福德街與福德街221巷口,0,0,2,2,C03,7,6,5,30,4,2,1,5,4,5,13,2,1,9,5,5,2,16,1,44,2,9,5,1,7,9,1,10,2,11,14,44,,1,21,121.5849078,25.0385165
113,3,30,12,43,2,06松山區,松山區復興北路313巷41號,0,0,1,1,B01,7,6,5,30,14,9,1,5,4,5,13,4,4,10,5,5,2,12,1,58,3,10,7,1,7,7,1,4,2,4,,17,,1,21,121.5464585,25.0589698
113,3,30,12,43,2,06松山區,松山區復興北路313巷41號,0,0,1,2,C03,7,6,5,30,14,9,1,5,4,5,13,4,4,10,5,5,2,12,1,27,2,7,6,1,7,9,1,10,2,12,,17,,1,21,121.5464585,25.0589698
113,3,30,12,58,2,05中正區,中正區南海路與南海路44巷口,0,0,2,1,C03,8,6,5,30,3,1,1,5,4,5,13,4,4,10,4,5,2,17,2,29,2,9,5,1,7,5,1,10,1,13,,8,,1,21,121.5156215,25.0321595
113,3,30,12,58,2,05中正區,中正區南海路與南海路44巷口,0,0,2,2,C03,8,6,5,30,3,1,1,5,4,5,13,4,4,10,4,5,2,17,1,21,2,9,5,1,7,9,1,10,1,11,,108,,1,21,121.5156215,25.0321595
113,3,30,13,6,2,07信義區,信義區基隆路1段200號,0,0,1,1,C03,7,6,5,30,6,9,1,5,4,5,13,4,4,9,5,5,2,13,1,30,2,7,5,4,7,9,1,10,1,11,14,16,,1,21,121.5636376,25.0399899
113,3,30,13,6,2,07信義區,信義區基隆路1段200號,0,0,1,2,B03,7,6,5,30,6,9,1,5,4,5,13,4,4,9,5,5,2,13,1,69,3,10,3,4,7,9,1,8,1,3,,44,,1,21,121.5636376,25.0399899
113,3,30,13,31,2,07信義區,信義區基隆路1段172巷與忠孝東路4段559巷16弄口口,0,0,4,1,B03,8,7,5,30,3,1,1,5,4,5,13,4,4,10,5,5,2,16,1,28,3,10,7,1,7,6,1,8,1,1,,72,,1,21,121.5649355,25.0432184
113,3,30,13,31,2,07信義區,信義區基隆路1段172巷與忠孝東路4段559巷16弄口口,0,0,4,2,B03,8,7,5,30,3,1,1,5,4,5,13,4,4,10,5,5,2,16,1,45,2,1,7,1,7,9,1,8,1,8,,14,,1,21,121.5649355,25.0432184
113,3,30,13,31,2,07信義區,信義區基隆路1段172巷與忠孝東路4段559巷16弄口口,0,0,4,3,H02,8,7,5,30,3,1,1,5,4,5,13,4,4,10,5,5,2,16,1,6,2,1,2,5,7,21,8,20,10,16,,58,,1,21,121.5649355,25.0432184
113,3,30,13,31,2,07信義區,信義區基隆路1段172巷與忠孝東路4段559巷16弄口口,0,0,4,4,H02,8,7,5,30,3,1,1,5,4,5,13,4,4,10,5,5,2,16,2,44,2,1,7,5,7,21,8,20,10,16,,67,,1,21,121.5649355,25.0432184
113,3,30,13,31,2,07信義區,信義區基隆路1段172巷與忠孝東路4段559巷16弄口口,0,0,4,5,H02,8,7,5,30,3,1,1,5,4,5,13,4,4,10,5,5,2,16,2,4,2,1,2,5,7,21,8,20,10,16,,67,,1,21,121.5649355,25.0432184
113,3,30,13,52,2,10文山區,文山區興隆路3段82號,0,0,1,1,B03,8,6,5,50,14,9,1,5,4,5,13,4,4,1,4,5,2,17,2,46,3,10,7,1,7,14,1,8,2,4,,40,,1,21,121.5566217,24.99981506
113,3,30,13,52,2,10文山區,文山區興隆路3段82號,0,0,1,2,C03,8,6,5,50,14,9,1,5,4,5,13,4,4,1,4,5,2,17,2,25,2,9,6,1,7,9,1,10,2,12,,44,,1,21,121.5566217,24.99981506
113,3,30,15,14,2,07信義區,信義區永吉路30巷與永吉路30巷148弄口,0,0,1,1,C03,8,6,5,30,3,1,1,5,4,5,13,4,4,8,4,5,2,3,2,54,3,10,5,1,7,6,1,10,2,11,,70,,1,21,121.5686975,25.0427439
113,3,30,15,14,2,07信義區,信義區永吉路30巷與永吉路30巷148弄口,0,0,1,2,H01,8,6,5,30,3,1,1,5,4,5,13,4,4,8,4,5,2,3,1,36,2,8,4,5,8,16,8,20,10,16,,67,,1,21,121.5686975,25.0427439
113,3,30,15,45,2,11南港區,南港區南港路1段與興中路口,0,0,1,1,C03,7,7,5,50,4,2,1,5,4,5,13,2,1,9,4,5,2,16,1,19,3,10,6,4,7,5,1,10,1,14,,8,,1,21,121.6081676,25.0545915
113,3,30,15,45,2,11南港區,南港區南港路1段與興中路口,0,0,1,2,C03,7,7,5,50,4,2,1,5,4,5,13,2,1,9,4,5,2,16,1,37,2,8,6,4,7,9,1,10,1,11,,44,,1,21,121.6081676,25.0545915
113,3,30,15,50,2,10文山區,文山區道南河濱公園景美溪左岸自行車道(第3013301燈桿),0,0,1,1,F01,8,7,8,0,22,22,1,5,4,5,13,4,4,10,5,5,1,17,2,28,3,10,4,1,7,15,8,20,1,17,,44,,1,21,121.5544162,24.97747295
113,3,30,15,50,2,10文山區,文山區道南河濱公園景美溪左岸自行車道(第3013301燈桿),0,0,1,2,F01,8,7,8,0,22,22,1,5,4,5,13,4,4,10,5,5,1,17,2,51,2,9,4,1,7,9,8,20,1,17,,108,,1,21,121.5544162,24.97747295
113,3,30,16,5,2,11南港區,南港區忠孝東路7段與忠孝東路7段265巷口,0,0,2,1,C03,7,7,5,50,5,2,1,5,4,5,12,1,1,5,4,5,2,13,1,24,2,9,5,1,7,9,1,10,2,11,,16,,1,21,121.6037164,25.0516805
113,3,30,16,5,2,11南港區,南港區忠孝東路7段與忠孝東路7段265巷口,0,0,2,2,B03,7,7,5,50,5,2,1,5,4,5,12,1,1,5,4,5,2,13,1,52,3,10,7,1,7,14,1,8,2,3,,44,,1,21,121.6037164,25.0516805
113,3,30,16,5,2,11南港區,南港區忠孝東路7段與忠孝東路7段265巷口,0,0,2,3,H02,7,7,5,50,5,2,1,5,4,5,12,1,1,5,4,5,2,13,2,26,2,8,5,5,7,21,8,20,10,16,,67,,1,21,121.6037164,25.0516805
113,3,30,17,30,2,05中正區,中正區重慶南路1段與貴陽街1段口,0,0,2,1,C03,7,6,5,50,4,1,1,5,4,5,13,1,1,10,2,5,2,16,1,22,2,7,6,4,7,8,1,10,2,12,,100,,1,22,121.5127442,25.03885265
113,3,30,17,30,2,05中正區,中正區重慶南路1段與貴陽街1段口,0,0,2,2,C03,7,6,5,50,4,1,1,5,4,5,13,1,1,10,2,5,2,16,1,21,2,9,6,4,7,9,1,10,2,11,,44,,1,22,121.5127442,25.03885265
113,3,30,18,1,2,03中山區,中山區敬業三路100號,0,0,1,1,B03,8,7,5,50,14,8,1,5,4,5,13,4,4,1,4,4,2,12,1,50,3,10,7,1,7,6,1,8,2,2,,9,,1,21,121.5564027,25.08192541
113,3,30,18,1,2,03中山區,中山區敬業三路100號,0,0,1,2,C03,8,7,5,50,14,8,1,5,4,5,13,4,4,1,4,4,2,12,1,31,2,8,6,1,7,7,1,10,2,11,,13,,1,21,121.5564027,25.08192541
113,3,30,18,1,2,07信義區,信義區松德路與松德路118巷口,0,0,1,1,B03,8,5,5,50,4,2,1,5,4,5,13,1,1,1,3,4,2,16,2,29,3,10,3,4,7,5,1,8,1,2,,71,,1,21,121.5747858,25.0374725
113,3,30,18,1,2,07信義區,信義區松德路與松德路118巷口,0,0,1,2,C03,8,5,5,50,4,2,1,5,4,5,13,1,1,1,3,4,2,16,1,33,2,9,6,1,7,9,1,10,1,11,,44,,1,21,121.5747858,25.0374725
113,3,30,18,24,2,10文山區,文山區興隆路3段36巷與興隆路3段36巷17弄口口,0,0,3,3,H02,8,5,5,30,3,2,1,5,4,5,13,3,1,9,5,5,2,16,1,24,2,9,6,5,7,20,8,20,10,16,,67,,1,21,121.5550762,24.9994839
113,3,30,18,24,2,10文山區,文山區興隆路3段36巷與興隆路3段36巷17弄口口,0,0,3,2,C03,8,5,5,30,3,2,1,5,4,5,13,3,1,9,5,5,2,16,2,25,2,9,6,1,7,9,1,10,2,11,,44,,1,21,121.5550762,24.9994839
113,3,30,18,24,2,10文山區,文山區興隆路3段36巷與興隆路3段36巷17弄口口,0,0,3,1,C03,8,5,5,30,3,2,1,5,4,5,13,3,1,9,5,5,2,16,1,29,2,9,6,1,7,5,1,10,2,11,,72,,1,21,121.5550762,24.9994839
113,3,30,18,24,2,10文山區,文山區興隆路3段36巷與興隆路3段36巷17弄口口,0,0,3,4,B03,8,5,5,30,3,2,1,5,4,5,13,3,1,9,5,5,2,16,1,49,3,10,7,1,7,13,1,8,11,17,,38,,1,21,121.5550762,24.9994839
113,3,30,18,30,2,12內湖區,內湖區新明路354號前,0,0,1,1,B03,8,5,5,30,14,9,1,5,4,5,13,4,4,5,5,5,2,2,1,34,3,10,7,1,7,9,1,8,2,5,,108,,1,21,121.5810544,25.0549966
113,3,30,18,30,2,12內湖區,內湖區新明路354號前,0,0,1,2,H01,8,5,5,30,14,9,1,5,4,5,13,4,4,5,5,5,2,2,2,71,2,8,4,5,8,16,8,20,10,16,,67,,1,21,121.5810544,25.0549966
113,3,30,18,35,2,08士林區,士林區雙溪街(1107877燈桿),0,0,2,1,C03,8,5,5,40,14,9,1,5,4,5,13,4,4,5,4,5,1,3,1,61,2,7,3,4,7,9,1,10,2,11,,108,,1,22,121.5244986,25.10038018
113,3,30,18,35,2,08士林區,士林區雙溪街(1107877燈桿),0,0,2,2,H01,8,5,5,40,14,9,1,5,4,5,13,4,4,5,4,5,1,3,1,74,2,1,4,5,8,16,8,20,10,16,,53,,1,22,121.5244986,25.10038018
113,3,30,18,41,2,04大安區,大安區新生南路3段22巷與溫州街口,0,0,1,1,B12,8,5,5,30,4,1,1,5,4,5,13,4,4,10,5,5,1,15,2,62,3,10,3,4,7,9,1,8,1,1,,72,,1,21,121.5334045,25.024143
113,3,30,18,41,2,04大安區,大安區新生南路3段22巷與溫州街口,0,0,1,2,C03,8,5,5,30,4,1,1,5,4,5,13,4,4,10,5,5,1,15,1,19,2,9,3,4,7,9,1,10,1,12,,108,,1,21,121.5334045,25.024143
113,3,30,18,41,2,10文山區,文山區羅斯福路6段391號,0,0,2,1,C03,8,5,5,50,14,9,1,5,4,5,13,4,4,1,4,5,2,12,1,28,2,9,6,1,7,15,1,10,2,14,,100,,1,22,121.5407282,24.9924355
113,3,30,18,41,2,10文山區,文山區羅斯福路6段391號,0,0,2,2,B03,8,5,5,50,14,9,1,5,4,5,13,4,4,1,4,5,2,12,1,67,3,10,7,1,7,9,1,8,2,2,,44,,1,22,121.5407282,24.9924355
113,3,30,18,41,2,10文山區,文山區羅斯福路6段391號,0,0,2,3,C03,8,5,5,50,14,9,1,5,4,5,13,4,4,1,4,5,2,12,1,23,2,7,6,1,7,9,1,10,2,12,,44,,1,22,121.5407282,24.9924355
113,3,30,18,44,2,04大安區,大安區市民大道4段與復興南路1段107巷5弄口,0,0,2,1,C03,8,5,5,40,3,2,1,5,4,5,13,4,4,10,4,5,1,16,2,20,2,9,6,4,7,9,1,10,1,11,,108,,1,21,121.5444499,25.0447829
113,3,30,18,44,2,04大安區,大安區市民大道4段與復興南路1段107巷5弄口,0,0,2,3,H02,8,5,5,40,3,2,1,5,4,5,13,4,4,10,4,5,1,16,1,20,2,9,6,5,7,20,8,20,10,16,,67,,1,21,121.5444499,25.0447829
113,3,30,18,44,2,04大安區,大安區市民大道4段與復興南路1段107巷5弄口,0,0,2,2,C03,8,5,5,40,3,2,1,5,4,5,13,4,4,10,4,5,1,16,1,20,3,10,6,4,7,6,1,10,1,13,,9,,1,21,121.5444499,25.0447829
113,3,30,18,46,2,03中山區,中山區民權東路3段與龍江路口,0,0,1,2,H01,7,5,5,50,4,18,1,5,4,5,13,2,1,1,3,5,2,3,2,64,2,1,4,5,8,16,8,20,10,16,,122,,1,21,121.540856,25.06244384
113,3,30,18,46,2,03中山區,中山區民權東路3段與龍江路口,0,0,1,1,A03,7,5,5,50,4,18,1,5,4,5,13,2,1,1,3,5,2,3,1,52,3,10,7,1,7,9,1,6,2,8,,70,,1,21,121.540856,25.06244384
113,3,30,18,50,2,05中正區,中正區重慶南路1段與愛國西路口,0,0,4,1,C03,8,5,5,50,5,2,1,5,4,5,13,2,1,1,5,5,2,17,1,40,2,8,6,1,7,8,1,10,1,13,12,100,,1,21,121.5125738,25.03555062
113,3,30,18,50,2,05中正區,中正區重慶南路1段與愛國西路口,0,0,4,2,C03,8,5,5,50,5,2,1,5,4,5,13,2,1,1,5,5,2,17,1,23,2,9,6,1,7,9,1,10,1,11,14,108,,1,21,121.5125738,25.03555062
113,3,30,18,50,2,05中正區,中正區重慶南路1段與愛國西路口,0,0,4,3,H02,8,5,5,50,5,2,1,5,4,5,13,2,1,1,5,5,2,17,2,23,2,8,3,5,7,21,8,20,10,16,16,67,,1,21,121.5125738,25.03555062
113,3,30,18,50,2,05中正區,中正區重慶南路1段與愛國西路口,0,0,4,4,H02,8,5,5,50,5,2,1,5,4,5,13,2,1,1,5,5,2,17,2,35,2,8,3,5,7,21,8,20,10,16,16,67,,1,21,121.5125738,25.03555062
113,3,30,21,13,2,02萬華區,萬華區萬大路與東園街口,0,0,2,1,C03,8,5,5,30,4,1,4,5,4,1,11,2,1,5,5,5,2,15,2,48,2,9,6,1,7,9,1,10,1,11,,81,,1,26,121.4986736,25.02156533
113,3,30,21,13,2,02萬華區,萬華區萬大路與東園街口,0,0,2,2,C03,8,5,5,30,4,1,4,5,4,1,11,2,1,5,5,5,2,15,1,61,2,9,5,1,7,9,6,10,1,11,,44,,1,26,121.4986736,25.02156533
113,3,30,21,20,2,03中山區,中山區市民大道2段與中山北路1段口,0,0,2,1,C03,7,5,5,40,4,3,1,5,4,5,13,2,1,1,4,5,2,12,1,34,3,10,6,1,7,9,1,10,1,12,,44,,1,21,121.5210533,25.0481238
113,3,30,21,20,2,03中山區,中山區市民大道2段與中山北路1段口,0,0,2,2,C03,7,5,5,40,4,3,1,5,4,5,13,2,1,1,4,5,2,12,1,42,3,10,5,1,7,9,1,10,1,14,,108,,1,21,121.5210533,25.0481238
113,3,30,21,20,2,03中山區,中山區市民大道2段與中山北路1段口,0,0,2,3,C03,7,5,5,40,4,3,1,5,4,5,13,2,1,1,4,5,2,12,2,44,2,9,5,1,7,9,3,18,1,12,,44,,1,21,121.5210533,25.0481238
113,3,30,21,20,2,03中山區,中山區市民大道2段與中山北路1段口,0,0,2,4,C03,7,5,5,40,4,3,1,5,4,5,13,2,1,1,4,5,2,12,1,34,2,8,5,1,7,9,1,10,1,12,,44,,1,21,121.5210533,25.0481238
113,3,30,22,50,2,01大同區,大同區鄭州路與鄭州路83巷口,0,0,1,1,C03,7,5,5,30,3,1,1,5,4,5,13,4,4,1,4,5,2,17,1,17,3,10,6,1,7,6,2,18,1,17,,72,,1,21,121.512376,25.0498908
113,3,30,22,50,2,01大同區,大同區鄭州路與鄭州路83巷口,0,0,1,2,C03,7,5,5,30,3,1,1,5,4,5,13,4,4,1,4,5,2,17,1,20,2,9,6,1,7,9,1,10,1,11,,16,,1,21,121.512376,25.0498908
113,3,30,22,50,2,01大同區,大同區鄭州路與鄭州路83巷口,0,0,1,3,C03,7,5,5,30,3,1,1,5,4,5,13,4,4,1,4,5,2,17,2,28,3,10,6,1,7,9,1,10,1,13,,44,,1,21,121.512376,25.0498908
113,3,30,23,56,2,07信義區,信義區大道路與大道路28巷口,0,0,1,1,B01,8,5,5,30,4,2,1,5,4,5,13,4,4,10,5,5,2,15,1,45,3,10,3,1,7,9,1,4,1,4,,72,,1,21,121.5818925,25.0419226
113,3,30,23,56,2,07信義區,信義區大道路與大道路28巷口,0,0,1,2,C03,8,5,5,30,4,2,1,5,4,5,13,4,4,10,5,5,2,15,1,23,2,9,5,1,7,9,1,10,1,11,,44,,1,21,121.5818925,25.0419226
113,3,31,6,16,2,12內湖區,內湖區金龍路與內湖路3段18巷口,0,0,1,1,B03,8,7,5,50,3,1,1,5,4,5,13,4,4,5,5,4,2,16,1,64,3,10,7,1,7,11,1,8,1,2,,74,,1,21,121.5930205,25.08492632
113,3,31,6,16,2,12內湖區,內湖區金龍路與內湖路3段18巷口,0,0,1,2,C03,8,7,5,50,3,1,1,5,4,5,13,4,4,5,5,4,2,16,2,38,2,9,5,1,7,9,1,10,1,11,,44,,1,21,121.5930205,25.08492632
113,3,31,7,46,2,02萬華區,萬華區康定路與大理街口,0,0,2,1,C03,6,7,5,50,4,1,1,4,4,5,13,1,1,8,3,5,2,16,1,71,2,6,5,1,7,5,1,10,1,14,,8,,1,21,121.5011158,25.0345437
113,3,31,7,46,2,02萬華區,萬華區康定路與大理街口,0,0,2,2,C03,6,7,5,50,4,1,1,4,4,5,13,1,1,8,3,5,2,16,1,38,3,10,5,1,7,9,1,10,1,11,,44,,1,21,121.5011158,25.0345437
113,3,31,7,46,2,02萬華區,萬華區康定路與大理街口,0,0,2,3,H02,6,7,5,50,4,1,1,4,4,5,13,1,1,8,3,5,2,16,2,67,2,8,5,5,7,20,8,20,10,16,,67,,1,21,121.5011158,25.0345437
113,3,31,8,50,2,11南港區,南港區忠孝東路6段與忠孝東路6段225巷口,0,0,1,1,B03,6,7,5,30,4,2,5,4,4,5,13,4,4,10,5,5,2,15,2,52,3,10,3,4,7,9,1,8,1,5,,72,,1,21,121.5887812,25.0494653
113,3,31,8,50,2,11南港區,南港區忠孝東路6段與忠孝東路6段225巷口,0,0,1,2,C04,6,7,5,30,4,2,5,4,4,5,13,4,4,10,5,5,2,15,2,47,2,9,6,4,7,9,1,11,1,14,,107,,1,21,121.5887812,25.0494653
113,3,31,9,20,2,03中山區,中山區北安路47號,0,0,1,1,B03,7,7,5,50,14,9,1,4,4,5,13,4,4,1,4,5,2,17,1,68,3,10,3,4,7,5,1,8,1,2,,8,,1,21,121.5285613,25.0777147
113,3,31,9,20,2,03中山區,中山區北安路47號,0,0,1,2,C03,7,7,5,50,14,9,1,4,4,5,13,4,4,1,4,5,2,17,1,37,2,9,6,4,7,9,1,10,1,11,,13,,1,21,121.5285613,25.0777147
113,3,31,9,26,2,05中正區,中正區市民大道3段與金山北路1段口,0,0,2,1,C03,6,7,5,50,4,1,1,4,4,5,13,1,1,1,4,1,2,10,1,38,2,9,5,1,7,9,1,10,2,11,,16,,1,21,121.5307656,25.04596102
113,3,31,9,26,2,05中正區,中正區市民大道3段與金山北路1段口,0,0,2,2,F01,6,7,5,50,4,1,1,4,4,5,13,1,1,1,4,1,2,10,1,75,2,9,4,1,7,9,8,20,2,11,,5,,1,21,121.5307656,25.04596102
113,3,31,9,30,2,04大安區,大安區復興南路2段與瑞安街23巷口,0,0,1,1,B01,6,6,5,50,4,2,1,4,4,5,13,2,1,1,4,5,2,13,1,65,3,10,3,4,7,7,1,4,1,3,,100,,1,21,121.5435946,25.0309527
113,3,31,9,30,2,04大安區,大安區復興南路2段與瑞安街23巷口,0,0,1,2,C03,6,6,5,50,4,2,1,4,4,5,13,2,1,1,4,5,2,13,1,20,2,9,3,4,7,9,1,10,1,11,,97,,1,21,121.5435946,25.0309527
113,3,31,9,40,2,05中正區,中正區市民大道2段與林森北路口,0,0,2,1,C03,8,6,5,40,4,1,1,4,4,5,13,1,1,1,4,5,2,17,2,43,2,8,6,1,7,9,1,10,2,15,,44,,1,21,121.52397,25.0477328