發生年度,發生月,發生日,發生時-Hours,發生分,處理別-編號,區序,肇事地點,死亡人數,2-30日死亡人數,受傷人數,當事人序號,車種,天候,道路照明設備,道路類別,速限-速度限制,道路型態,事故位置,路面狀況1,路面狀況2,路面狀況3,道路障礙1,道路障礙2,號誌1,號誌2,車道劃分-分向,車道劃分-分道1,車道劃分-分道2,車道劃分-分道3,事故類型及型態,性別,年齡,受傷程度,主要傷處,保護裝置,行動電話,車輛用途,當事者行動狀態,駕駛資格情形,駕駛執照種類,飲酒情形,車輛撞擊部位1,車輛撞擊部位2,肇因碼-個別,肇因碼-主要,個人肇逃否,職業,座標-X,座標-Y
113,3,31,9,40,2,05中正區,中正區市民大道2段與林森北路口,0,0,2,2,C03,8,6,5,40,4,1,1,4,4,5,13,1,1,1,4,5,2,17,2,29,2,9,6,1,7,9,1,10,2,15,,44,,1,21,121.52397,25.0477328
113,3,31,9,50,2,01大同區,大同區民權西路194號,0,0,1,1,C03,7,6,5,50,14,9,1,4,4,5,13,4,4,1,5,5,2,12,2,30,3,10,6,1,7,8,1,10,1,12,,100,,1,21,121.514503,25.0628893
113,3,31,9,50,2,01大同區,大同區民權西路194號,0,0,1,2,C03,7,6,5,50,14,9,1,4,4,5,13,4,4,1,5,5,2,12,1,23,2,9,6,1,7,9,1,9,1,14,,44,,1,21,121.514503,25.0628893
113,3,31,9,52,2,05中正區,中正區羅斯福路4段24巷2號,0,0,1,1,B03,8,6,5,50,14,9,1,5,4,5,13,4,4,5,2,5,2,17,2,60,3,10,7,1,7,5,1,8,2,4,,8,,1,21,121.5330848,25.0153966
113,3,31,9,52,2,05中正區,中正區羅斯福路4段24巷2號,0,0,1,2,C03,8,6,5,50,14,9,1,5,4,5,13,4,4,5,2,5,2,17,2,64,2,9,5,1,7,9,1,10,1,12,,44,,1,21,121.5330848,25.0153966
113,3,31,9,56,2,12內湖區,內湖區金湖路與康寧路1段口,0,0,2,1,C03,8,6,5,50,3,2,1,5,4,5,13,1,1,1,4,4,2,17,1,69,4,11,3,4,7,8,7,19,11,15,,100,,2,22,121.5996896,25.07901848
113,3,31,9,56,2,12內湖區,內湖區金湖路與康寧路1段口,0,0,2,2,C03,8,6,5,50,3,2,1,5,4,5,13,1,1,1,4,4,2,17,2,47,2,9,5,1,7,9,1,10,1,17,,44,,1,21,121.5996896,25.07901848
113,3,31,9,56,2,12內湖區,內湖區金湖路與康寧路1段口,0,0,2,3,H02,8,6,5,50,3,2,1,5,4,5,13,1,1,1,4,4,2,17,1,10,2,9,5,5,7,20,8,20,10,17,,67,,1,21,121.5996896,25.07901848
113,3,31,10,8,2,04大安區,大安區羅斯福路4段與羅斯福路4段113巷口,0,0,1,1,B01,7,6,5,50,5,1,1,4,4,5,13,2,1,10,3,5,2,16,1,54,3,10,7,1,7,6,1,4,2,2,,9,,1,21,121.5374924,25.0111819
113,3,31,10,8,2,04大安區,大安區羅斯福路4段與羅斯福路4段113巷口,0,0,1,2,C03,7,6,5,50,5,1,1,4,4,5,13,2,1,10,3,5,2,16,1,35,2,9,5,1,7,9,1,10,2,14,,44,,1,21,121.5374924,25.0111819
113,3,31,10,51,2,03中山區,中山區長春路與吉林路口,0,0,2,1,C03,7,6,5,40,14,8,1,5,4,5,13,4,4,10,3,4,1,17,1,20,2,9,5,1,7,6,1,10,1,11,,9,,1,21,121.5302075,25.0540471
113,3,31,10,51,2,03中山區,中山區長春路與吉林路口,0,0,2,2,C04,7,6,5,40,14,8,1,5,4,5,13,4,4,10,3,4,1,17,2,31,2,9,5,1,6,9,1,10,1,11,,44,,1,21,121.5302075,25.0540471
113,3,31,10,51,2,03中山區,中山區長春路與吉林路口,0,0,2,3,C04,7,6,5,40,14,8,1,5,4,5,13,4,4,10,3,4,1,17,3,0,,,,,,,,,,,,67,,1,,121.5302075,25.0540471
113,3,31,10,51,2,03中山區,中山區長春路與吉林路口,0,0,2,4,C04,7,6,5,40,14,8,1,5,4,5,13,4,4,10,3,4,1,17,3,0,,,,,,,,,,,,67,,1,,121.5302075,25.0540471
113,3,31,10,51,2,03中山區,中山區長春路與吉林路口,0,0,2,5,C03,7,6,5,40,14,8,1,5,4,5,13,4,4,10,3,4,1,17,3,0,,,,,,,,,,,,67,,1,,121.5302075,25.0540471
113,3,31,10,56,2,07信義區,信義區松信路與永吉路口,0,0,1,1,A03,8,7,5,50,4,2,1,5,4,5,13,1,1,3,4,5,2,9,1,51,3,10,3,4,7,12,1,2,1,17,,44,,1,21,121.5719184,25.0455136
113,3,31,10,56,2,07信義區,信義區松信路與永吉路口,0,0,1,2,H02,8,7,5,50,4,2,1,5,4,5,13,1,1,3,4,5,2,9,1,87,2,9,4,5,7,19,8,20,10,16,,58,,1,22,121.5719184,25.0455136
113,3,31,11,54,2,04大安區,大安區和平東路2段175巷15弄4號,0,0,1,1,B03,7,7,5,30,14,9,1,5,4,5,13,4,4,10,5,5,2,9,1,60,3,10,2,4,7,9,1,8,9,2,,108,,2,21,121.5419894,25.0261328
113,3,31,11,54,2,04大安區,大安區和平東路2段175巷15弄4號,0,0,1,2,H01,7,7,5,30,14,9,1,5,4,5,13,4,4,10,5,5,2,9,1,66,2,6,4,5,8,17,8,20,10,16,,60,,1,21,121.5419894,25.0261328
113,3,31,11,54,2,12內湖區,內湖區康寧路1段185號前,0,0,2,1,B01,7,5,5,30,14,9,1,5,4,5,13,4,4,9,5,5,2,16,1,49,3,10,7,1,7,11,1,4,2,8,,10,,1,21,121.5961916,25.07834551
113,3,31,11,54,2,12內湖區,內湖區康寧路1段185號前,0,0,2,2,C03,7,5,5,30,14,9,1,5,4,5,13,4,4,9,5,5,2,16,1,64,2,9,6,1,7,9,1,10,2,12,,44,,1,21,121.5961916,25.07834551
113,3,31,11,54,2,12內湖區,內湖區康寧路1段185號前,0,0,2,3,H02,7,5,5,30,14,9,1,5,4,5,13,4,4,9,5,5,2,16,2,50,2,9,6,5,7,20,8,20,10,16,,67,,1,21,121.5961916,25.07834551
113,3,31,12,4,2,04大安區,大安區忠孝東路4段與仁愛路4段151巷口,0,0,1,1,C03,7,6,5,50,3,2,1,5,4,5,13,4,4,1,4,5,2,13,1,32,2,8,3,4,7,9,1,10,1,11,,16,,1,22,121.5515804,25.0413831
113,3,31,12,4,2,04大安區,大安區忠孝東路4段與仁愛路4段151巷口,0,0,1,2,B01,7,6,5,50,3,2,1,5,4,5,13,4,4,1,4,5,2,13,1,64,3,10,3,4,7,9,1,4,1,7,,14,,1,22,121.5515804,25.0413831
113,3,31,12,5,2,08士林區,士林區福林路254巷第37號停車格,0,0,4,1,B03,7,5,5,40,14,9,1,5,4,5,13,4,4,10,5,5,2,17,1,25,3,10,7,1,7,3,1,8,1,17,,18,,1,21,121.5367759,25.09810077
113,3,31,12,5,2,08士林區,士林區福林路254巷第37號停車格,0,0,4,2,A02,7,5,5,40,14,9,1,5,4,5,13,4,4,10,5,5,2,17,1,47,3,10,7,1,7,9,1,2,1,17,,44,,1,21,121.5367759,25.09810077
113,3,31,12,5,2,08士林區,士林區福林路254巷第37號停車格,0,0,4,3,H02,7,5,5,40,14,9,1,5,4,5,13,4,4,10,5,5,2,17,1,55,2,8,4,5,7,20,8,20,10,16,,67,,1,21,121.5367759,25.09810077
113,3,31,12,5,2,08士林區,士林區福林路254巷第37號停車格,0,0,4,4,H02,7,5,5,40,14,9,1,5,4,5,13,4,4,10,5,5,2,17,2,22,2,1,7,5,7,20,8,20,10,16,,67,,1,21,121.5367759,25.09810077
113,3,31,12,5,2,08士林區,士林區福林路254巷第37號停車格,0,0,4,5,H02,7,5,5,40,14,9,1,5,4,5,13,4,4,10,5,5,2,17,2,20,2,9,4,5,7,20,8,20,10,16,,67,,1,21,121.5367759,25.09810077
113,3,31,12,5,2,08士林區,士林區福林路254巷第37號停車格,0,0,4,6,H02,7,5,5,40,14,9,1,5,4,5,13,4,4,10,5,5,2,17,2,21,2,9,4,5,7,20,8,20,10,16,,67,,1,21,121.5367759,25.09810077
113,3,31,12,55,2,12內湖區,內湖區康樂街85巷與康樂街61巷口,0,0,1,1,C03,6,5,5,30,4,1,1,4,4,5,13,4,4,10,5,5,1,15,2,19,2,9,3,4,7,9,1,10,1,12,,14,,1,22,121.6194757,25.06957467
113,3,31,12,55,2,12內湖區,內湖區康樂街85巷與康樂街61巷口,0,0,1,2,B03,6,5,5,30,4,1,1,4,4,5,13,4,4,10,5,5,1,15,1,52,3,10,3,4,7,9,1,4,1,5,,80,,1,22,121.6194757,25.06957467
113,3,31,13,20,2,08士林區,士林區中山北路5段與福國路口,0,0,1,1,C03,6,6,5,50,3,1,1,4,4,5,13,2,1,3,4,5,2,17,2,39,2,9,3,4,7,5,1,10,1,14,,85,,1,21,121.5256425,25.1024739
113,3,31,13,20,2,08士林區,士林區中山北路5段與福國路口,0,0,1,2,B02,6,6,5,50,3,1,1,4,4,5,13,2,1,3,4,5,2,17,2,52,3,10,3,4,7,9,1,8,1,2,,44,,1,21,121.5256425,25.1024739
113,3,31,14,2,2,04大安區,大安區仁愛路3段與新生南路1段口,0,0,1,1,C03,7,5,5,50,4,1,1,5,4,5,13,1,1,1,4,5,2,13,1,60,2,7,6,1,7,9,1,10,1,11,,16,,1,21,121.5329381,25.0377982
113,3,31,14,2,2,04大安區,大安區仁愛路3段與新生南路1段口,0,0,1,2,B03,7,5,5,50,4,1,1,5,4,5,13,1,1,1,4,5,2,13,2,47,3,10,7,1,7,9,1,8,1,3,,44,,1,21,121.5329381,25.0377982
113,3,31,14,18,2,05中正區,中正區衡陽路與博愛路口,0,0,1,1,B12,7,6,5,50,4,1,1,5,4,5,13,1,1,10,4,5,2,16,1,40,3,10,7,1,7,5,1,6,2,4,,8,,1,21,121.5114948,25.04225435
113,3,31,14,18,2,05中正區,中正區衡陽路與博愛路口,0,0,1,2,C03,7,6,5,50,4,1,1,5,4,5,13,1,1,10,4,5,2,16,2,27,2,9,6,1,7,9,1,10,2,12,,44,,1,21,121.5114948,25.04225435
113,3,31,15,1,2,03中山區,中山區吉林路與錦州街口,0,0,1,1,C03,8,5,5,50,4,2,1,5,4,5,13,2,1,5,4,4,2,16,1,79,3,10,3,4,7,5,1,10,1,14,,118,,1,21,121.5302581,25.0601855
113,3,31,15,1,2,03中山區,中山區吉林路與錦州街口,0,0,1,2,C03,8,5,5,50,4,2,1,5,4,5,13,2,1,5,4,4,2,16,1,24,2,9,3,4,7,9,1,10,1,11,,118,,1,21,121.5302581,25.0601855
113,3,31,15,18,2,03中山區,中山區明水路與北安路口,0,0,1,1,B01,6,7,5,50,4,1,1,4,4,5,13,2,1,1,4,5,2,16,1,22,3,10,3,4,7,9,1,8,1,5,,44,,1,21,121.552776,25.08575409
113,3,31,15,18,2,03中山區,中山區明水路與北安路口,0,0,1,2,C03,6,7,5,50,4,1,1,4,4,5,13,2,1,1,4,5,2,16,2,69,2,9,6,4,7,5,1,10,1,14,,96,,1,21,121.552776,25.08575409
113,3,31,15,20,2,02萬華區,萬華區雙園街與雙園街152巷口,0,0,1,1,C03,8,5,5,30,4,1,1,5,4,5,13,4,4,9,4,5,2,17,1,16,2,9,6,4,7,9,2,18,1,14,,80,,1,22,121.4918961,25.03175602
113,3,31,15,20,2,02萬華區,萬華區雙園街與雙園街152巷口,0,0,1,2,B03,8,5,5,30,4,1,1,5,4,5,13,4,4,9,4,5,2,17,1,55,3,10,7,4,7,9,1,8,1,1,,14,,1,21,121.4918961,25.03175602
113,3,31,15,25,2,03中山區,中山區中山北路4段與中山橋口,0,0,2,1,C03,6,5,5,30,14,11,1,4,4,5,13,4,4,10,5,5,2,13,1,21,2,7,6,1,7,9,1,10,1,11,,16,,1,21,121.525689,25.07494623
113,3,31,15,25,2,03中山區,中山區中山北路4段與中山橋口,0,0,2,2,C03,6,5,5,30,14,11,1,4,4,5,13,4,4,10,5,5,2,13,2,50,3,10,6,1,7,9,1,10,1,13,,44,,1,21,121.525689,25.07494623
113,3,31,15,25,2,03中山區,中山區中山北路4段與中山橋口,0,0,2,3,C03,6,5,5,30,14,11,1,4,4,5,13,4,4,10,5,5,2,13,2,23,2,8,6,1,7,9,1,10,1,11,,44,,1,21,121.525689,25.07494623
113,3,31,15,42,2,04大安區,大安區辛亥路3段與基隆路3段口,0,0,1,1,B03,7,6,5,50,4,1,1,5,4,5,13,2,1,1,4,5,1,17,1,25,3,10,7,1,7,6,1,8,2,5,,9,,1,21,121.5467078,25.01944137
113,3,31,15,42,2,04大安區,大安區辛亥路3段與基隆路3段口,0,0,1,2,F01,7,6,5,50,4,1,1,5,4,5,13,2,1,1,4,5,1,17,2,32,2,9,4,1,7,9,8,20,2,15,,53,,1,21,121.5467078,25.01944137
113,3,31,15,46,2,01大同區,大同區環河北路1段與鄭州路口口,0,0,1,1,C03,7,6,5,50,4,1,1,5,4,5,13,2,1,1,2,4,2,13,1,64,2,5,6,1,7,12,1,10,1,13,,42,,1,21,121.5068634,25.0505191
113,3,31,15,46,2,01大同區,大同區環河北路1段與鄭州路口口,0,0,1,2,B03,7,6,5,50,4,1,1,5,4,5,13,2,1,1,2,4,2,13,1,57,3,10,7,1,7,9,1,8,1,5,,108,,1,21,121.5068634,25.0505191
113,3,31,16,10,2,02萬華區,萬華區中華路1段與開封街2段口,0,0,1,1,F01,6,7,5,50,22,18,1,4,4,5,13,1,1,1,4,5,2,1,4,0,,,,,,,,,,,,119,,2,21,121.5092233,25.0459565
113,3,31,16,10,2,02萬華區,萬華區中華路1段與開封街2段口,0,0,1,2,H01,6,7,5,50,22,18,1,4,4,5,13,1,1,1,4,5,2,1,2,60,2,9,4,5,8,16,8,20,10,16,,67,,1,21,121.5092233,25.0459565
113,3,31,16,40,2,01大同區,大同區延平北路4段與延平北路4段153巷口,0,0,1,1,B03,6,6,5,50,3,1,1,4,4,5,13,4,4,4,3,5,1,16,1,66,3,10,3,4,7,11,1,8,1,4,,10,,1,21,121.5111582,25.0726855
113,3,31,16,40,2,01大同區,大同區延平北路4段與延平北路4段153巷口,0,0,1,2,C03,6,6,5,50,3,1,1,4,4,5,13,4,4,4,3,5,1,16,1,52,2,9,6,1,7,9,1,8,1,12,,44,,1,21,121.5111582,25.0726855
113,3,31,16,47,2,09北投區,北投區公館路155號,0,0,2,1,C03,6,7,5,50,14,9,1,4,4,5,13,4,4,9,5,5,1,9,1,34,2,9,6,1,7,9,1,10,1,12,,42,,1,22,121.5060673,25.12915
113,3,31,16,47,2,09北投區,北投區公館路155號,0,0,2,2,H03,6,7,5,50,14,9,1,4,4,5,13,4,4,9,5,5,1,9,1,58,2,9,4,5,8,17,8,20,10,16,,60,,1,22,121.5060673,25.12915
113,3,31,16,47,2,09北投區,北投區公館路155號,0,0,2,3,B03,6,7,5,50,14,9,1,4,4,5,13,4,4,9,5,5,1,9,2,59,3,10,7,1,7,13,1,8,1,4,,38,,1,22,121.5060673,25.12915
113,3,31,17,16,2,03中山區,中山區松江路5號,0,0,2,1,C03,6,5,5,50,14,9,1,4,4,5,13,4,4,5,4,5,2,12,1,45,2,6,6,1,7,9,1,10,1,14,,13,,1,21,121.5331382,25.0461118
113,3,31,17,16,2,03中山區,中山區松江路5號,0,0,2,2,C03,6,5,5,50,14,9,1,4,4,5,13,4,4,5,4,5,2,12,1,41,2,8,6,1,7,8,1,10,1,12,,100,,1,21,121.5331382,25.0461118
113,3,31,17,26,2,10文山區,文山區木柵路1段與木柵路1段59巷口,0,0,1,1,B03,6,5,5,50,4,1,1,4,4,5,13,1,1,10,5,5,2,17,1,39,3,10,3,4,7,5,1,8,1,2,,71,,1,22,121.5459639,24.9867989
113,3,31,17,26,2,10文山區,文山區木柵路1段與木柵路1段59巷口,0,0,1,2,C03,6,5,5,50,4,1,1,4,4,5,13,1,1,10,5,5,2,17,1,22,2,9,3,4,7,9,1,10,1,11,,42,,1,22,121.5459639,24.9867989
113,3,31,18,20,2,09北投區,北投區中央北路4段577巷與中央北路4段口,0,0,1,1,B03,6,5,5,50,3,1,1,4,4,5,13,2,1,5,4,5,2,15,2,38,3,10,3,4,7,11,1,8,1,6,,10,,1,22,121.4667582,25.1271848
113,3,31,18,20,2,09北投區,北投區中央北路4段577巷與中央北路4段口,0,0,1,2,C03,6,5,5,50,3,1,1,4,4,5,13,2,1,5,4,5,2,15,2,27,2,9,3,4,7,9,1,10,1,12,,44,,1,22,121.4667582,25.1271848
113,3,31,19,10,2,07信義區,信義區忠孝東路5段423巷與虎林街82巷口,0,0,1,1,C03,6,5,5,30,4,1,1,4,4,5,13,4,4,9,5,5,2,18,1,27,2,9,5,1,7,9,1,10,1,14,,14,,1,21,121.5754374,25.0433685
113,3,31,19,10,2,07信義區,信義區忠孝東路5段423巷與虎林街82巷口,0,0,1,2,,6,5,5,30,4,1,1,4,4,5,13,4,4,9,5,5,2,18,3,0,,,,,,,,,,,,67,,1,,121.5754374,25.0433685
113,3,31,19,35,2,12內湖區,內湖區碧山路7號附近,0,0,1,1,C02,7,5,5,50,14,9,1,4,4,5,13,4,4,10,3,5,1,11,1,53,2,9,6,1,7,9,1,9,1,12,11,116,,1,21,121.5911291,25.08742265
113,3,31,19,35,2,12內湖區,內湖區碧山路7號附近,0,0,1,2,B03,7,5,5,50,14,9,1,4,4,5,13,4,4,10,3,5,1,11,1,42,3,10,7,1,7,9,1,8,1,4,,,,1,21,121.5911291,25.08742265
113,3,31,19,46,2,05中正區,中正區羅斯福路1段與愛國西路口,0,0,1,1,C03,6,5,5,50,4,1,1,4,4,5,13,1,1,1,4,1,2,17,1,33,4,11,3,4,7,6,7,19,9,17,,9,,2,22,121.516693,25.034541
113,3,31,19,46,2,05中正區,中正區羅斯福路1段與愛國西路口,0,0,1,2,C03,6,5,5,50,4,1,1,4,4,5,13,1,1,1,4,1,2,17,1,32,2,9,5,4,7,9,1,10,9,17,,44,,1,21,121.516693,25.034541
113,3,31,21,26,2,04大安區,大安區通化街與通化街120巷口,0,0,1,1,C03,8,5,5,30,4,2,1,5,4,5,13,4,4,9,5,5,1,17,1,54,3,10,5,4,7,6,1,9,1,17,,72,,1,21,121.5539741,25.029222
113,3,31,21,26,2,04大安區,大安區通化街與通化街120巷口,0,0,1,2,C03,8,5,5,30,4,2,1,5,4,5,13,4,4,9,5,5,1,17,2,33,2,9,5,4,7,9,1,10,1,17,,44,,1,21,121.5539741,25.029222
113,3,31,21,30,2,12內湖區,內湖區堤外便道(PU12A柱),0,0,1,1,B03,6,5,5,50,14,9,1,4,4,5,13,4,4,9,5,5,1,10,1,37,3,10,7,1,7,9,1,8,2,8,,4,,1,21,121.6172403,25.06573526
113,3,31,21,30,2,12內湖區,內湖區堤外便道(PU12A柱),0,0,1,2,C03,6,5,5,50,14,9,1,4,4,5,13,4,4,9,5,5,1,10,1,29,2,8,5,1,7,9,1,9,2,11,,44,,1,21,121.6172403,25.06573526
113,3,31,21,50,2,03中山區,中山區長安東路2段28號,0,0,1,1,B01,8,5,5,50,14,9,1,5,4,5,13,4,4,9,4,5,2,12,1,45,3,10,7,1,7,7,1,4,1,8,,100,,1,22,121.5316071,25.0486529
113,3,31,21,50,2,03中山區,中山區長安東路2段28號,0,0,1,2,C03,8,5,5,50,14,9,1,5,4,5,13,4,4,9,4,5,2,12,1,69,2,7,6,1,7,9,1,10,1,12,,44,,1,22,121.5316071,25.0486529
113,3,31,22,52,2,06松山區,松山區南京東路4段75號,0,0,1,1,C03,7,5,5,40,14,9,1,5,4,5,13,4,4,1,4,5,2,13,2,28,2,8,5,1,7,9,1,10,1,11,,108,,1,26,121.5532228,25.0517719
113,3,31,22,52,2,06松山區,松山區南京東路4段75號,0,0,1,2,B01,7,5,5,40,14,9,1,5,4,5,13,4,4,1,4,5,2,13,1,43,3,10,7,1,7,8,1,4,1,3,,100,,1,26,121.5532228,25.0517719
113,3,31,23,8,2,04大安區,大安區和平東路1段與新生南路2段口,0,0,2,1,C04,7,5,5,50,4,2,1,4,4,5,13,2,1,1,4,5,2,29,2,30,2,9,5,1,7,12,1,8,1,12,,44,,1,21,121.534621,25.0259651
113,3,31,23,8,2,04大安區,大安區和平東路1段與新生南路2段口,0,0,2,2,,7,5,5,50,4,2,1,4,4,5,13,2,1,1,4,5,2,29,3,0,,,,,,,,,,,,67,,1,,121.534621,25.0259651
113,3,31,23,8,2,04大安區,大安區和平東路1段與新生南路2段口,0,0,2,3,C03,7,5,5,50,4,2,1,4,4,5,13,2,1,1,4,5,2,29,1,23,2,7,6,1,7,5,1,10,1,11,,108,,1,21,121.534621,25.0259651
113,4,1,1,50,2,07信義區,信義區松信路與松隆路口,0,0,2,1,B03,6,5,5,50,4,2,1,4,4,5,13,2,1,3,4,5,2,18,1,43,2,8,7,1,7,5,6,18,2,1,,44,,1,21,121.5720619,25.0465915
113,4,1,1,50,2,07信義區,信義區松信路與松隆路口,0,0,2,3,H02,6,5,5,50,4,2,1,4,4,5,13,2,1,3,4,5,2,18,2,33,2,8,7,5,7,21,8,20,10,16,,67,,1,21,121.5720619,25.0465915
113,4,1,1,50,2,07信義區,信義區松信路與松隆路口,0,0,2,2,,6,5,5,50,4,2,1,4,4,5,13,2,1,3,4,5,2,18,3,0,,,,,,,,,,,,67,,1,,121.5720619,25.0465915
113,4,1,5,30,2,10文山區,文山區木柵路5段43巷151號附近側附近,0,0,1,1,C03,6,7,5,50,11,9,1,4,4,5,13,4,4,9,5,5,2,18,1,58,2,9,5,1,7,9,1,10,1,11,,118,,1,21,121.5909177,25.00643775
113,4,1,5,30,2,10文山區,文山區木柵路5段43巷151號附近側附近,0,0,1,2,,6,7,5,50,11,9,1,4,4,5,13,4,4,9,5,5,2,18,3,0,,,,,,,,,,,,67,,1,,121.5909177,25.00643775
113,4,1,7,15,2,04大安區,大安區新生南路1段與忠孝東路3段口,0,0,1,1,B03,8,6,5,50,4,1,1,5,4,5,13,2,1,1,4,4,2,17,1,49,3,10,3,1,7,8,1,8,9,17,,100,,2,21,121.5329694,25.0422196
113,4,1,7,15,2,04大安區,大安區新生南路1段與忠孝東路3段口,0,0,1,2,C03,8,6,5,50,4,1,1,5,4,5,13,2,1,1,4,4,2,17,1,55,2,9,5,1,7,9,1,10,1,17,,44,,1,22,121.5329694,25.0422196
113,4,1,7,27,2,06松山區,松山區復興北路與復興北路499巷口,0,0,1,1,B03,7,6,5,50,3,2,1,5,4,5,13,4,4,1,3,5,2,16,1,61,3,10,7,1,7,6,1,8,1,2,,9,,1,21,121.5444235,25.06535087
113,4,1,7,27,2,06松山區,松山區復興北路與復興北路499巷口,0,0,1,2,C03,7,6,5,50,3,2,1,5,4,5,13,4,4,1,3,5,2,16,1,36,2,8,6,1,7,9,1,10,1,14,,44,,1,21,121.5444235,25.06535087
113,4,1,7,45,2,12內湖區,內湖區陽光街與瑞光路口,0,0,1,1,C03,8,5,5,50,4,1,1,5,4,5,13,2,1,5,4,5,2,16,1,38,3,10,5,1,7,5,1,10,1,14,,103,,1,21,121.5791768,25.0737525
113,4,1,7,45,2,12內湖區,內湖區陽光街與瑞光路口,0,0,1,2,C03,8,5,5,50,4,1,1,5,4,5,13,2,1,5,4,5,2,16,2,39,2,8,5,1,7,9,1,10,1,15,,44,,1,21,121.5791768,25.0737525
113,4,1,8,10,2,04大安區,大安區辛亥路3段與基隆路3段口,0,0,1,1,C03,8,5,5,50,4,1,1,5,4,5,13,2,1,8,3,5,1,16,1,55,3,10,5,1,7,6,1,10,1,12,,71,,1,21,121.5468102,25.0194867
113,4,1,8,10,2,04大安區,大安區辛亥路3段與基隆路3段口,0,0,1,2,C03,8,5,5,50,4,1,1,5,4,5,13,2,1,8,3,5,1,16,2,41,2,9,5,1,7,9,1,10,1,11,,44,,1,21,121.5468102,25.0194867
113,4,1,8,20,2,02萬華區,萬華區環河南路1段與內江街口,0,0,1,1,C03,7,6,5,50,3,1,1,5,4,5,13,2,1,2,4,5,2,17,1,67,3,10,6,1,7,5,1,10,1,11,,17,,1,21,121.5001389,25.041923
113,4,1,8,20,2,02萬華區,萬華區環河南路1段與內江街口,0,0,1,2,C03,7,6,5,50,3,1,1,5,4,5,13,2,1,2,4,5,2,17,2,28,2,8,6,1,7,5,1,10,1,14,,17,,1,21,121.5001389,25.041923
113,4,1,8,26,2,01大同區,大同區延平北路1段92號,0,0,1,1,C03,8,6,5,50,14,9,1,5,4,5,13,4,4,5,5,5,2,17,2,37,3,10,6,1,7,2,1,10,1,13,,12,,1,21,121.5117652,25.0524345
113,4,1,8,26,2,01大同區,大同區延平北路1段92號,0,0,1,2,C03,8,6,5,50,14,9,1,5,4,5,13,4,4,5,5,5,2,17,2,51,3,10,6,1,7,13,1,10,1,14,,38,,1,21,121.5117652,25.0524345
113,4,1,8,26,2,01大同區,大同區延平北路1段92號,0,0,1,3,C03,8,6,5,50,14,9,1,5,4,5,13,4,4,5,5,5,2,17,2,33,2,7,6,1,7,9,1,10,1,12,,44,,1,21,121.5117652,25.0524345
113,4,1,8,33,2,03中山區,中山區民族東路236號,0,0,2,1,C03,8,7,5,50,14,9,1,5,4,5,13,4,4,1,4,5,2,16,2,42,2,9,5,1,7,7,1,10,1,14,,100,,1,22,121.5321767,25.0680968
113,4,1,8,33,2,03中山區,中山區民族東路236號,0,0,2,2,B03,8,7,5,50,14,9,1,5,4,5,13,4,4,1,4,5,2,16,1,40,3,10,7,1,7,9,1,8,1,5,,44,,1,22,121.5321767,25.0680968
113,4,1,8,33,2,03中山區,中山區民族東路236號,0,0,2,3,C03,8,7,5,50,14,9,1,5,4,5,13,4,4,1,4,5,2,16,1,40,2,9,5,1,7,14,1,10,1,14,,44,,1,22,121.5321767,25.0680968
113,4,1,9,0,2,03中山區,中山區復興北路28號,0,0,1,1,C03,8,7,5,50,14,9,1,5,4,5,13,4,4,9,4,5,2,17,1,18,2,9,5,1,7,9,1,10,1,11,,16,,1,21,121.5438844,25.048884
113,4,1,9,0,2,03中山區,中山區復興北路28號,0,0,1,2,B03,8,7,5,50,14,9,1,5,4,5,13,4,4,9,4,5,2,17,1,47,3,10,7,1,7,9,1,8,1,3,,44,,1,21,121.5438844,25.048884
113,4,1,9,3,2,01大同區,大同區延平北路1段與長安西路口,0,0,1,1,C03,8,6,5,50,5,2,1,5,4,5,13,1,1,5,5,5,2,13,1,34,2,9,6,1,7,9,1,10,1,11,,16,,1,21,121.5118198,25.0524496
113,4,1,9,3,2,01大同區,大同區延平北路1段與長安西路口,0,0,1,2,B03,8,6,5,50,5,2,1,5,4,5,13,1,1,5,5,5,2,13,1,63,3,10,7,1,7,14,1,8,1,6,,44,,1,21,121.5118198,25.0524496
113,4,1,9,5,2,10文山區,文山區汀州路4段與溪洲街107巷口口,0,0,2,1,C03,8,6,5,30,3,1,1,5,4,5,8,4,4,10,5,5,2,15,2,48,2,7,5,1,7,1,1,10,2,14,,19,,1,21,121.5354619,25.0033647
113,4,1,9,5,2,10文山區,文山區汀州路4段與溪洲街107巷口口,0,0,2,2,C03,8,6,5,30,3,1,1,5,4,5,8,4,4,10,5,5,2,15,1,26,2,9,6,1,7,9,1,9,2,11,,13,,1,21,121.5354619,25.0033647
113,4,1,9,15,2,03中山區,中山區錦西街與民生西路3巷口,0,0,1,1,C03,8,5,5,30,4,1,1,5,4,5,13,4,4,5,5,5,2,16,1,81,2,7,6,1,7,5,1,10,1,14,,72,,1,21,121.5218618,25.060319
113,4,1,9,15,2,03中山區,中山區錦西街與民生西路3巷口,0,0,1,2,C03,8,5,5,30,4,1,1,5,4,5,13,4,4,5,5,5,2,16,1,34,3,10,6,1,7,9,1,10,1,12,,44,,1,21,121.5218618,25.060319
113,4,1,9,22,2,02萬華區,萬華區內江街與康定路口,0,0,1,1,B01,7,6,8,50,4,1,1,5,4,5,13,1,1,8,4,5,2,1,1,68,3,10,3,4,7,5,1,8,1,8,,70,,1,22,121.507217,25.03516763