發生年度,發生月,發生日,發生時-Hours,發生分,處理別-編號,區序,肇事地點,死亡人數,2-30日死亡人數,受傷人數,當事人序號,車種,天候,道路照明設備,道路類別,速限-速度限制,道路型態,事故位置,路面狀況1,路面狀況2,路面狀況3,道路障礙1,道路障礙2,號誌1,號誌2,車道劃分-分向,車道劃分-分道1,車道劃分-分道2,車道劃分-分道3,事故類型及型態,性別,年齡,受傷程度,主要傷處,保護裝置,行動電話,車輛用途,當事者行動狀態,駕駛資格情形,駕駛執照種類,飲酒情形,車輛撞擊部位1,車輛撞擊部位2,肇因碼-個別,肇因碼-主要,個人肇逃否,職業,座標-X,座標-Y
113,4,1,9,22,2,02萬華區,萬華區內江街與康定路口,0,0,1,2,H01,7,6,8,50,4,1,1,5,4,5,13,1,1,8,4,5,2,1,1,78,2,9,4,5,8,16,8,20,10,16,,67,,1,22,121.507217,25.03516763
113,4,1,9,28,2,07信義區,信義區松信路73號,0,0,1,1,B03,8,7,5,50,14,9,1,5,4,5,13,4,4,9,4,5,2,17,1,61,3,10,7,1,7,3,1,8,1,3,,18,,1,26,121.5721988,25.046417
113,4,1,9,28,2,07信義區,信義區松信路73號,0,0,1,2,C03,8,7,5,50,14,9,1,5,4,5,13,4,4,9,4,5,2,17,2,63,2,6,6,1,7,13,1,10,1,14,,44,,1,26,121.5721988,25.046417
113,4,1,9,50,2,07信義區,信義區吳興街與吳興街365巷口,0,0,1,1,C03,8,6,5,30,3,1,1,5,4,5,13,4,4,5,4,5,2,16,1,35,2,9,6,1,7,5,1,10,2,14,,8,,1,21,121.5666825,25.0254587
113,4,1,9,50,2,07信義區,信義區吳興街與吳興街365巷口,0,0,1,2,C03,8,6,5,30,3,1,1,5,4,5,13,4,4,5,4,5,2,16,2,65,4,11,3,4,7,9,3,18,11,15,,108,,2,22,121.5666825,25.0254587
113,4,1,9,54,2,04大安區,大安區和平東路1段14號,0,0,1,1,C03,8,6,5,50,14,9,1,5,4,5,13,4,4,1,1,4,1,13,1,15,2,9,6,1,7,9,2,18,1,11,,108,,1,21,121.5237143,25.0268723
113,4,1,9,54,2,04大安區,大安區和平東路1段14號,0,0,1,2,A02,8,6,5,50,14,9,1,5,4,5,13,4,4,1,1,4,1,13,1,60,3,10,7,1,7,9,1,2,1,7,,38,,1,21,121.5237143,25.0268723
113,4,1,9,59,2,11南港區,南港區舊莊街1段23號,0,0,1,1,C03,8,7,5,50,14,9,1,5,4,5,13,4,4,9,4,5,2,13,2,23,2,8,5,1,7,9,1,10,1,14,,108,,1,21,121.6184646,25.0412566
113,4,1,9,59,2,11南港區,南港區舊莊街1段23號,0,0,1,2,B03,8,7,5,50,14,9,1,5,4,5,13,4,4,9,4,5,2,13,1,21,3,10,7,1,7,9,1,8,1,6,,44,,1,21,121.6184646,25.0412566
113,4,1,10,11,2,09北投區,北投區大度路3段168號,0,0,1,1,B03,8,6,5,40,14,9,1,5,4,5,13,4,4,7,4,5,2,12,1,21,3,10,7,1,5,8,1,17,1,2,,100,,1,21,121.4684185,25.12331824
113,4,1,10,11,2,09北投區,北投區大度路3段168號,0,0,1,2,C03,8,6,5,40,14,9,1,5,4,5,13,4,4,7,4,5,2,12,1,18,2,9,5,1,7,9,1,10,1,11,,44,,1,21,121.4684185,25.12331824
113,4,1,10,39,2,06松山區,松山區三民路18號,0,0,1,1,B03,7,6,5,50,14,9,1,5,4,5,13,4,4,8,3,5,2,12,1,27,3,10,3,4,7,8,1,8,1,5,,100,,1,21,121.5638676,25.05263944
113,4,1,10,39,2,06松山區,松山區三民路18號,0,0,1,2,C03,7,6,5,50,14,9,1,5,4,5,13,4,4,8,3,5,2,12,1,45,2,8,6,1,7,9,1,10,1,14,,44,,1,21,121.5638676,25.05263944
113,4,1,11,0,2,01大同區,大同區民權西路與民權西路225巷口,0,0,1,1,B03,7,6,5,50,4,1,1,5,4,5,13,2,1,8,3,5,1,16,1,86,3,10,3,4,7,5,1,8,1,5,,83,,1,21,121.5121393,25.0630321
113,4,1,11,0,2,01大同區,大同區民權西路與民權西路225巷口,0,0,1,2,C03,7,6,5,50,4,1,1,5,4,5,13,2,1,8,3,5,1,16,1,54,2,9,6,1,7,9,1,10,1,11,,44,,1,21,121.5121393,25.0630321
113,4,1,11,50,2,06松山區,松山區南京東路4段與南京東路4段13巷口,0,0,1,1,B02,7,6,5,50,3,2,1,5,4,5,13,1,1,1,3,5,2,16,1,22,3,10,3,4,7,10,1,8,1,5,,100,,1,21,121.5501673,25.05180814
113,4,1,11,50,2,06松山區,松山區南京東路4段與南京東路4段13巷口,0,0,1,2,C03,7,6,5,50,3,2,1,5,4,5,13,1,1,1,3,5,2,16,1,42,2,9,6,1,7,9,1,10,1,14,,44,,1,21,121.5501673,25.05180814
113,4,1,12,5,2,10文山區,文山區仙岩路27號,0,0,1,1,B13,8,6,5,50,14,9,1,5,4,5,13,4,4,9,5,5,2,1,1,26,3,10,7,1,7,9,1,8,1,2,,44,,1,21,121.548887,24.9990767
113,4,1,12,5,2,10文山區,文山區仙岩路27號,0,0,1,2,H01,8,6,5,50,14,9,1,5,4,5,13,4,4,9,5,5,2,1,1,46,2,9,4,5,8,16,8,20,10,16,,53,,1,21,121.548887,24.9990767
113,4,1,12,27,2,03中山區,中山區新生北路3段與濱江街口,0,0,1,1,B01,8,7,5,50,3,2,1,5,4,5,13,1,1,9,4,5,2,15,1,67,3,10,7,4,7,9,1,4,1,5,,81,,1,22,121.5277912,25.070657
113,4,1,12,27,2,03中山區,中山區新生北路3段與濱江街口,0,0,1,2,F01,8,7,5,50,3,2,1,5,4,5,13,1,1,9,4,5,2,15,2,5,2,1,4,1,7,9,8,20,1,12,,42,,1,22,121.5277912,25.070657
113,4,1,13,10,2,03中山區,中山區復興北路地下道往北出口處,0,0,2,1,C03,7,7,5,40,14,9,1,5,4,5,13,2,1,1,4,5,2,13,1,20,2,9,6,4,7,9,1,10,1,11,,16,,1,21,121.5443619,25.07200522
113,4,1,13,10,2,03中山區,中山區復興北路地下道往北出口處,0,0,2,2,C03,7,7,5,40,14,9,1,5,4,5,13,2,1,1,4,5,2,13,1,22,3,10,6,4,7,12,1,10,1,13,,44,,1,21,121.5443619,25.07200522
113,4,1,13,10,2,03中山區,中山區復興北路地下道往北出口處,0,0,2,3,C03,7,7,5,40,14,9,1,5,4,5,13,2,1,1,4,5,2,13,1,65,2,7,6,4,7,9,1,10,1,15,,108,,1,21,121.5443619,25.07200522
113,4,1,13,50,2,06松山區,松山區南京東路3段與南京東路3段338巷口,0,0,1,1,B03,7,6,5,50,3,2,1,5,4,5,13,3,1,1,3,5,2,17,2,57,3,10,3,4,7,12,1,8,1,7,,14,,1,21,121.5475651,25.05165875
113,4,1,13,50,2,06松山區,松山區南京東路3段與南京東路3段338巷口,0,0,1,2,C03,7,6,5,50,3,2,1,5,4,5,13,3,1,1,3,5,2,17,1,43,2,8,6,1,7,9,1,10,1,12,,108,,1,21,121.5475651,25.05165875
113,4,1,14,8,2,08士林區,士林區文昌路與美崙街口,0,0,1,1,B03,8,5,5,50,4,1,1,5,4,5,13,2,1,5,4,5,2,16,2,71,3,10,3,4,7,5,1,8,1,5,,8,,1,22,121.5209917,25.0967974
113,4,1,14,8,2,08士林區,士林區文昌路與美崙街口,0,0,1,2,C03,8,5,5,50,4,1,1,5,4,5,13,2,1,5,4,5,2,16,1,18,2,9,3,4,7,4,3,18,1,11,,13,,1,22,121.5209917,25.0967974
113,4,1,14,11,2,04大安區,大安區大安路1段95號,0,0,1,1,C03,8,6,5,50,14,9,1,5,4,5,13,4,4,10,4,5,2,2,1,41,4,11,3,4,7,9,7,19,11,12,,108,,2,22,121.5461249,25.0403658
113,4,1,14,11,2,04大安區,大安區大安路1段95號,0,0,1,2,H01,8,6,5,50,14,9,1,5,4,5,13,4,4,10,4,5,2,2,1,33,2,7,4,5,8,16,8,20,9,16,,67,,1,21,121.5461249,25.0403658
113,4,1,14,27,2,03中山區,中山區中山橋北往南下坡處,0,0,1,1,C03,7,7,5,25,8,11,1,5,3,4,13,4,4,1,4,4,2,20,2,37,2,9,6,4,7,15,1,10,9,12,,13,,1,21,121.5241112,25.07347081
113,4,1,14,27,2,03中山區,中山區中山橋北往南下坡處,0,0,1,2,,7,7,5,25,8,11,1,5,3,4,13,4,4,1,4,4,2,20,3,0,,,,,,,,,,,,67,,1,,121.5241112,25.07347081
113,4,1,14,27,2,03中山區,中山區中山橋北往南下坡處,0,0,1,3,C03,7,7,5,25,8,11,1,5,3,4,13,4,4,1,4,4,2,20,2,32,3,10,6,4,7,15,1,10,9,17,,30,,1,21,121.5241112,25.07347081
113,4,1,14,30,2,09北投區,北投區中和街與復興一路口,0,0,3,1,C04,8,7,5,50,3,2,1,5,4,5,13,4,4,5,4,5,2,12,1,73,2,9,3,4,7,9,1,10,1,12,,17,,1,21,121.5018218,25.1389839
113,4,1,14,30,2,09北投區,北投區中和街與復興一路口,0,0,3,2,C04,8,7,5,50,3,2,1,5,4,5,13,4,4,5,4,5,2,12,2,49,2,9,3,4,7,9,1,10,1,14,,17,,1,21,121.5018218,25.1389839
113,4,1,14,30,2,09北投區,北投區中和街與復興一路口,0,0,3,3,H02,8,7,5,50,3,2,1,5,4,5,13,4,4,5,4,5,2,12,2,41,2,9,3,5,7,20,8,20,10,16,,67,,1,21,121.5018218,25.1389839
113,4,1,14,47,2,09北投區,北投區承德路7段145號,0,0,1,1,C03,8,7,5,60,14,7,1,5,4,5,13,4,4,1,4,5,2,13,1,41,2,9,6,1,7,9,1,10,1,11,,42,,1,22,121.5076465,25.113744
113,4,1,14,47,2,09北投區,北投區承德路7段145號,0,0,1,2,B03,8,7,5,60,14,7,1,5,4,5,13,4,4,1,4,5,2,13,1,37,3,10,7,1,7,14,1,8,1,6,,44,,1,22,121.5076465,25.113744
113,4,1,14,49,2,03中山區,中山區農安街77巷與德惠街口,0,0,1,1,C03,8,7,5,30,3,2,1,5,3,5,13,4,4,10,5,5,2,11,1,62,2,8,6,1,7,10,1,10,1,11,,102,,1,21,121.5285298,25.0666187
113,4,1,14,49,2,03中山區,中山區農安街77巷與德惠街口,0,0,1,2,B02,8,7,5,30,3,2,1,5,3,5,13,4,4,10,5,5,2,11,1,45,3,10,7,1,7,9,1,8,1,17,,44,,1,21,121.5285298,25.0666187
113,4,1,14,49,2,03中山區,中山區農安街77巷與德惠街口,0,0,1,3,B12,8,7,5,30,3,2,1,5,3,5,13,4,4,10,5,5,2,11,1,61,3,10,7,1,7,13,1,8,1,4,,38,,1,21,121.5285298,25.0666187
113,4,1,14,51,2,10文山區,文山區興隆路1段與興隆路1段16巷口,0,0,1,1,B03,7,6,5,50,3,1,1,5,4,5,13,4,4,1,4,5,2,16,2,51,3,10,7,1,7,11,1,8,2,8,,10,,1,21,121.539575,25.004285
113,4,1,14,51,2,10文山區,文山區興隆路1段與興隆路1段16巷口,0,0,1,2,C03,7,6,5,50,3,1,1,5,4,5,13,4,4,1,4,5,2,16,1,25,2,8,6,1,7,9,1,10,2,11,,108,,1,21,121.539575,25.004285
113,4,1,15,18,2,05中正區,中正區中山南路與信義路1段口,0,0,1,1,B12,8,6,5,50,5,1,1,5,4,5,13,2,1,5,4,5,2,16,1,60,3,10,7,1,7,6,1,8,2,5,,9,,1,22,121.5177921,25.03861461
113,4,1,15,18,2,05中正區,中正區中山南路與信義路1段口,0,0,1,2,C03,8,6,5,50,5,1,1,5,4,5,13,2,1,5,4,5,2,16,2,35,2,9,5,1,7,9,1,10,2,13,,44,,1,22,121.5177921,25.03861461
113,4,1,15,32,2,08士林區,士林區承德路5段與文林路587巷口,0,0,1,1,B12,8,5,5,50,4,1,1,5,4,5,13,2,1,1,4,5,2,16,1,68,3,10,3,4,7,6,1,8,1,2,,9,,1,22,121.5135808,25.0978101
113,4,1,15,32,2,08士林區,士林區承德路5段與文林路587巷口,0,0,1,2,C03,8,5,5,50,4,1,1,5,4,5,13,2,1,1,4,5,2,16,2,41,2,9,3,4,7,9,1,10,1,14,,44,,1,22,121.5135808,25.0978101
113,4,1,16,10,2,07信義區,信義區基隆路2段81號,0,0,1,1,B03,8,6,5,50,14,9,1,5,4,5,13,4,4,9,4,5,2,12,2,43,3,10,7,1,7,1,1,8,1,8,,19,,1,21,121.5579245,25.0302029
113,4,1,16,10,2,07信義區,信義區基隆路2段81號,0,0,1,2,C03,8,6,5,50,14,9,1,5,4,5,13,4,4,9,4,5,2,12,1,47,2,9,6,1,7,9,1,10,1,12,,13,,1,21,121.5579245,25.0302029
113,4,1,16,20,2,09北投區,北投區石牌路1段37號,0,0,1,1,B03,8,5,5,50,14,9,1,5,4,5,13,2,1,5,4,5,2,12,1,51,3,10,3,4,7,1,1,8,2,4,,19,,1,21,121.5103105,25.113059
113,4,1,16,20,2,09北投區,北投區石牌路1段37號,0,0,1,2,C03,8,5,5,50,14,9,1,5,4,5,13,2,1,5,4,5,2,12,1,53,2,8,3,4,7,9,1,10,2,12,,44,,1,21,121.5103105,25.113059
113,4,1,17,25,2,12內湖區,內湖區新湖一路191號附近側附近,0,0,1,1,B03,8,5,5,50,14,9,1,5,4,5,13,4,4,9,5,5,2,16,2,28,3,10,7,1,7,11,1,8,2,4,,10,,1,21,121.5799374,25.06070715
113,4,1,17,25,2,12內湖區,內湖區新湖一路191號附近側附近,0,0,1,2,C03,8,5,5,50,14,9,1,5,4,5,13,4,4,9,5,5,2,16,1,65,2,9,6,1,7,9,1,10,2,11,,44,,1,21,121.5799374,25.06070715
113,4,1,17,38,2,07信義區,信義區松高路20巷,0,0,1,1,B01,8,7,5,30,14,9,1,5,4,5,13,4,4,9,4,5,2,3,1,43,3,10,7,1,7,9,1,4,2,5,,70,,1,21,121.5676042,25.03747996
113,4,1,17,38,2,07信義區,信義區松高路20巷,0,0,1,2,H01,8,7,5,30,14,9,1,5,4,5,13,4,4,9,4,5,2,3,1,31,2,9,4,5,8,16,8,20,10,16,,123,,1,21,121.5676042,25.03747996
113,4,1,17,56,2,08士林區,士林區中山北路5段與雙溪街口口,0,0,2,1,C03,8,6,5,50,3,1,1,5,4,5,13,3,1,5,5,5,2,16,1,50,2,8,6,1,7,7,1,10,1,11,,100,,1,21,121.5262732,25.10086149
113,4,1,17,56,2,08士林區,士林區中山北路5段與雙溪街口口,0,0,2,2,C03,8,6,5,50,3,1,1,5,4,5,13,3,1,5,5,5,2,16,1,29,2,9,6,1,7,9,1,10,1,14,,44,,1,21,121.5262732,25.10086149
113,4,1,18,21,2,07信義區,信義區莊敬路與吳興街225巷口,0,0,1,1,C03,8,5,5,50,4,3,1,5,4,5,13,1,1,9,4,5,2,13,1,41,2,9,6,1,7,7,1,10,1,11,,94,,1,21,121.5634852,25.0281213
113,4,1,18,21,2,07信義區,信義區莊敬路與吳興街225巷口,0,0,1,2,C03,8,5,5,50,4,3,1,5,4,5,13,1,1,9,4,5,2,13,1,22,3,10,6,1,7,5,1,10,1,14,,8,,1,21,121.5634852,25.0281213
113,4,1,18,26,2,06松山區,松山區民權東路3段140巷與民權東路3段口,0,0,2,1,C03,7,5,5,50,14,9,1,5,4,5,13,1,1,1,3,5,1,13,1,46,2,9,5,1,7,9,1,10,2,11,,16,,1,26,121.5466739,25.0623496
113,4,1,18,26,2,06松山區,松山區民權東路3段140巷與民權東路3段口,0,0,2,2,C03,7,5,5,50,14,9,1,5,4,5,13,1,1,1,3,5,1,13,1,42,2,9,5,1,7,9,1,10,2,13,,14,,1,26,121.5466739,25.0623496
113,4,1,18,26,2,12內湖區,內湖區新明路353號,0,0,1,1,B03,8,5,5,50,14,9,1,5,4,5,13,4,4,4,3,5,1,16,2,61,3,10,7,1,7,5,1,8,1,2,,8,,1,21,121.5826983,25.05596322
113,4,1,18,26,2,12內湖區,內湖區新明路353號,0,0,1,2,C03,8,5,5,50,14,9,1,5,4,5,13,4,4,4,3,5,1,16,1,32,2,9,5,1,7,9,1,10,1,11,,44,,1,21,121.5826983,25.05596322
113,4,1,18,27,2,06松山區,松山區民權東路5段與撫遠街口,0,0,1,1,C03,7,5,5,50,3,1,1,5,4,5,13,2,1,1,4,5,2,15,1,32,2,9,5,1,7,9,1,10,1,11,,16,,1,26,121.5648585,25.063134
113,4,1,18,27,2,06松山區,松山區民權東路5段與撫遠街口,0,0,1,2,B03,7,5,5,50,3,1,1,5,4,5,13,2,1,1,4,5,2,15,2,54,3,10,7,1,7,9,1,8,1,6,,14,,1,27,121.5648585,25.063134
113,4,1,18,28,2,07信義區,信義區松壽路與市府路口口,0,0,1,1,B03,8,6,5,50,4,1,1,5,4,5,13,2,1,5,4,5,2,16,1,42,3,10,7,1,7,6,1,8,1,2,,9,,1,21,121.5634746,25.0358317
113,4,1,18,28,2,07信義區,信義區松壽路與市府路口口,0,0,1,2,C03,8,6,5,50,4,1,1,5,4,5,13,2,1,5,4,5,2,16,1,63,2,8,6,1,7,9,1,10,1,14,,44,,1,22,121.5634746,25.0358317
113,4,1,18,30,2,05中正區,中正區市民大道1段與承德路1段口,0,0,1,1,C03,7,5,5,50,5,1,1,5,4,5,13,1,1,1,4,5,2,16,2,39,3,10,6,1,7,5,1,10,2,13,,71,,1,22,121.5163992,25.0487397
113,4,1,18,30,2,05中正區,中正區市民大道1段與承德路1段口,0,0,1,2,C03,7,5,5,50,5,1,1,5,4,5,13,1,1,1,4,5,2,16,2,24,2,9,6,1,7,9,1,10,2,11,,108,,1,22,121.5163992,25.0487397
113,4,1,18,58,2,01大同區,大同區延平北路3段與民權西路口,0,0,1,1,B03,7,5,5,50,4,1,1,5,4,5,13,2,1,1,4,5,2,17,1,70,4,11,3,4,7,21,7,19,9,15,,108,,2,22,121.5114453,25.0630305
113,4,1,18,58,2,01大同區,大同區延平北路3段與民權西路口,0,0,1,2,C03,7,5,5,50,4,1,1,5,4,5,13,2,1,1,4,5,2,17,2,42,2,8,6,4,7,9,1,10,2,13,,44,,1,22,121.5114453,25.0630305
113,4,1,19,3,2,03中山區,中山區市民大道2段與天津街口往西,0,0,1,1,C03,8,5,5,40,14,9,1,5,4,5,13,4,4,1,3,5,1,17,1,43,3,10,5,4,7,9,1,10,11,15,,44,,1,21,121.5218132,25.0481555
113,4,1,19,3,2,03中山區,中山區市民大道2段與天津街口往西,0,0,1,2,C03,8,5,5,40,14,9,1,5,4,5,13,4,4,1,3,5,1,17,1,31,2,8,5,4,7,14,1,10,1,17,,44,,1,22,121.5218132,25.0481555
113,4,1,19,7,2,03中山區,中山區建國北路2段11巷與建國北路2段口,0,0,1,1,B03,8,5,5,50,14,9,1,5,4,5,13,4,4,1,4,5,2,16,1,33,3,10,3,4,7,6,1,8,1,5,,9,,1,21,121.5370748,25.0536041
113,4,1,19,7,2,03中山區,中山區建國北路2段11巷與建國北路2段口,0,0,1,2,C03,8,5,5,50,14,9,1,5,4,5,13,4,4,1,4,5,2,16,1,40,2,8,3,4,7,9,1,10,1,14,,44,,1,21,121.5370748,25.0536041
113,4,1,19,15,2,01大同區,大同區延平北路3段與延平北路3段18巷口,0,0,1,1,C03,7,5,5,50,3,2,1,5,4,5,13,4,4,5,2,5,2,17,2,42,2,9,6,1,7,9,1,10,2,11,,16,,1,21,121.5111231,25.0641033
113,4,1,19,15,2,01大同區,大同區延平北路3段與延平北路3段18巷口,0,0,1,2,B03,7,5,5,50,3,2,1,5,4,5,13,4,4,5,2,5,2,17,1,36,3,10,7,1,7,9,1,8,2,6,,44,,1,21,121.5111231,25.0641033
113,4,1,19,24,2,10文山區,文山區木柵路2段與興隆路4段口,0,0,1,1,C03,8,5,5,50,4,1,1,5,4,5,13,1,1,5,4,5,2,16,1,25,3,10,5,1,7,6,1,10,9,12,,118,,1,21,121.560205,24.9888021
113,4,1,19,24,2,10文山區,文山區木柵路2段與興隆路4段口,0,0,1,2,C03,8,5,5,50,4,1,1,5,4,5,13,1,1,5,4,5,2,16,2,21,2,9,5,1,7,9,1,9,9,11,,118,,1,21,121.560205,24.9888021
113,4,1,19,55,2,06松山區,松山區民權東路4段路燈NO.0205690,0,0,1,1,C03,7,5,5,40,14,8,1,5,4,5,13,2,1,1,4,4,2,13,1,28,2,7,5,1,7,9,1,10,1,11,,16,,1,21,121.5591486,25.06239419
113,4,1,19,55,2,06松山區,松山區民權東路4段路燈NO.0205690,0,0,1,2,C03,7,5,5,40,14,8,1,5,4,5,13,2,1,1,4,4,2,13,1,43,3,10,5,1,7,9,1,10,1,13,,44,,1,21,121.5591486,25.06239419
113,4,1,19,55,2,06松山區,松山區民權東路4段路燈NO.0205690,0,0,1,3,C03,7,5,5,40,14,8,1,5,4,5,13,2,1,1,4,4,2,13,2,33,3,10,5,1,7,9,1,10,1,17,,44,,1,21,121.5591486,25.06239419
113,4,1,19,57,2,02萬華區,萬華區環河南路1段14號,0,0,1,1,C03,7,5,5,50,11,9,1,5,4,5,13,4,4,8,3,5,1,17,1,32,2,8,5,1,7,9,1,10,1,17,,14,,1,21,121.5056781,25.048293
113,4,1,19,57,2,02萬華區,萬華區環河南路1段14號,0,0,1,2,B11,7,5,5,50,11,9,1,5,4,5,13,4,4,8,3,5,1,17,1,31,3,10,7,1,7,15,1,4,1,17,,44,,1,21,121.5056781,25.048293
113,4,1,19,57,2,02萬華區,萬華區環河南路1段14號,0,0,1,3,C02,7,5,5,50,11,9,1,5,4,5,13,4,4,8,3,5,1,17,4,0,,,,,,,,,11,,,119,,2,,121.5056781,25.048293
113,4,1,21,44,2,07信義區,信義區吳興街486號,0,0,1,1,C03,7,5,5,50,14,9,1,5,4,5,13,3,1,9,5,5,2,18,1,69,2,9,5,1,7,5,1,10,1,14,,14,,1,21,121.5696848,25.0234612
113,4,1,21,44,2,07信義區,信義區吳興街486號,0,0,1,2,,7,5,5,50,14,9,1,5,4,5,13,3,1,9,5,5,2,18,3,,,,,,,,,,,,,67,,1,,121.5696848,25.0234612
113,4,1,21,49,2,04大安區,大安區和平東路1段與新生南路2段口,0,0,2,1,B03,7,5,5,50,4,1,1,5,4,5,13,2,1,1,4,1,2,17,1,41,3,10,3,4,7,6,1,8,1,5,,9,,1,22,121.5347115,25.0261282
113,4,1,21,49,2,04大安區,大安區和平東路1段與新生南路2段口,0,0,2,2,C03,7,5,5,50,4,1,1,5,4,5,13,2,1,1,4,1,2,17,1,29,2,9,3,4,7,9,1,9,1,11,,44,,1,22,121.5347115,25.0261282
113,4,1,21,49,2,04大安區,大安區和平東路1段與新生南路2段口,0,0,2,3,C03,7,5,5,50,4,1,1,5,4,5,13,2,1,1,4,1,2,17,1,30,2,8,3,4,7,14,1,10,1,11,,44,,1,22,121.5347115,25.0261282
113,4,1,21,58,2,01大同區,大同區民權西路與民權西路133巷口,0,0,1,1,C03,7,5,5,50,3,2,1,5,4,5,13,2,1,1,4,5,2,13,1,22,3,10,6,4,7,9,1,10,2,11,,108,,1,22,121.5169007,25.0630967
113,4,1,21,58,2,01大同區,大同區民權西路與民權西路133巷口,0,0,1,2,B03,7,5,5,50,3,2,1,5,4,5,13,2,1,1,4,5,2,13,2,45,3,10,3,4,7,9,1,8,2,6,,44,,1,22,121.5169007,25.0630967
113,4,1,21,58,2,01大同區,大同區民權西路與民權西路133巷口,0,0,1,3,C03,7,5,5,50,3,2,1,5,4,5,13,2,1,1,4,5,2,13,2,20,2,9,6,4,7,9,1,10,2,11,,44,,1,22,121.5169007,25.0630967
113,4,1,22,15,2,03中山區,中山區南京東路2段3號,0,0,1,1,B01,7,5,5,50,14,9,1,5,4,5,13,4,4,1,4,4,2,12,1,66,3,10,7,1,7,8,1,4,1,6,,100,,1,22,121.5279311,25.0521608
113,4,1,22,15,2,03中山區,中山區南京東路2段3號,0,0,1,2,C03,7,5,5,50,14,9,1,5,4,5,13,4,4,1,4,4,2,12,1,31,2,9,6,1,7,9,1,10,1,11,,44,,1,22,121.5279311,25.0521608
113,4,1,22,52,2,03中山區,中山區南京東路2段11號,0,0,2,1,B01,8,5,5,50,14,9,1,5,4,5,13,4,4,10,4,5,2,12,4,0,,,,,7,15,7,,11,,,119,,2,,121.5282516,25.0521552
113,4,1,22,52,2,03中山區,中山區南京東路2段11號,0,0,2,2,C03,8,5,5,50,14,9,1,5,4,5,13,4,4,10,4,5,2,12,2,20,2,8,3,4,7,9,1,10,2,12,,44,,1,21,121.5282516,25.0521552
113,4,1,22,52,2,03中山區,中山區南京東路2段11號,0,0,2,3,C03,8,5,5,50,14,9,1,5,4,5,13,4,4,10,4,5,2,12,2,45,2,8,3,4,7,9,1,10,2,14,,44,,1,21,121.5282516,25.0521552
113,4,1,23,6,2,10文山區,文山區萬和街與萬樂街口,0,0,1,1,C03,8,5,5,40,3,1,1,5,4,5,13,4,4,5,5,5,2,16,1,38,3,10,6,1,7,15,1,10,2,11,14,4,,1,21,121.5689196,24.9993755
113,4,1,23,6,2,10文山區,文山區萬和街與萬樂街口,0,0,1,2,C03,8,5,5,40,3,1,1,5,4,5,13,4,4,5,5,5,2,16,1,44,3,10,6,1,7,9,1,10,2,14,,44,,1,21,121.5689196,24.9993755
113,4,1,23,6,2,10文山區,文山區萬和街與萬樂街口,0,0,1,3,H02,8,5,5,40,3,1,1,5,4,5,13,4,4,5,5,5,2,16,2,44,2,8,3,5,7,20,8,20,10,17,,67,,1,22,121.5689196,24.9993755
113,4,1,23,20,2,08士林區,士林區重慶北路4段與葫東街口,0,0,1,1,A11,7,5,5,50,3,2,1,5,4,5,13,1,1,1,4,4,1,17,1,58,3,10,3,4,7,9,1,3,9,17,,34,,1,21,121.5120101,25.08405
113,4,1,23,20,2,08士林區,士林區重慶北路4段與葫東街口,0,0,1,2,C03,7,5,5,50,3,2,1,5,4,5,13,1,1,1,4,4,1,17,1,38,2,9,3,4,7,5,1,10,1,12,,44,,1,21,121.5120101,25.08405
113,4,2,0,37,2,05中正區,中正區忠孝西路1段與重慶南路1段口口,0,0,1,1,C03,7,5,5,50,4,1,1,5,4,5,13,2,1,9,4,5,1,17,1,18,3,10,6,1,7,1,1,10,2,17,,19,,1,21,121.5132656,25.0474073
113,4,2,0,37,2,05中正區,中正區忠孝西路1段與重慶南路1段口口,0,0,1,2,C03,7,5,5,50,4,1,1,5,4,5,13,2,1,9,4,5,1,17,1,23,2,9,6,1,7,9,1,10,2,14,,101,,1,21,121.5132656,25.0474073
113,4,2,0,56,2,04大安區,大安區新生南路3段與羅斯福路3段口口,0,0,1,1,B01,6,5,5,50,3,1,1,4,4,5,13,2,1,3,4,5,2,17,1,68,3,10,7,1,7,5,1,4,1,15,,118,,1,21,121.5327345,25.0164473
113,4,2,0,56,2,04大安區,大安區新生南路3段與羅斯福路3段口口,0,0,1,2,C03,6,5,5,50,3,1,1,4,4,5,13,2,1,3,4,5,2,17,1,36,2,7,5,1,7,5,1,10,1,14,,118,,1,22,121.5327345,25.0164473
113,4,2,3,21,2,07信義區,信義區忠孝東路4段與光復南路口,0,0,1,1,C03,7,7,5,50,5,2,1,4,4,5,13,1,1,5,5,5,2,29,1,32,2,9,5,3,7,6,1,10,9,12,,44,,1,21,121.5577865,25.0416211
113,4,2,3,21,2,07信義區,信義區忠孝東路4段與光復南路口,0,0,1,2,,7,7,5,50,5,2,1,4,4,5,13,1,1,5,5,5,2,29,3,,,,,,,,,,,,,67,,1,,121.5577865,25.0416211
113,4,2,6,48,2,11南港區,南港區研究院路2段61巷3弄與舊莊街1段3巷1弄口,0,0,1,1,B03,8,6,5,30,4,1,1,5,4,5,13,4,4,9,5,5,2,16,1,29,3,10,3,4,7,5,1,8,1,4,,27,,1,22,121.6180265,25.0437762
113,4,2,6,48,2,11南港區,南港區研究院路2段61巷3弄與舊莊街1段3巷1弄口,0,0,1,2,C03,8,6,5,30,4,1,1,5,4,5,13,4,4,9,5,5,2,16,1,49,2,8,5,1,7,4,1,10,1,11,,4,,1,22,121.6180265,25.0437762