發生年度,發生月,發生日,發生時-Hours,發生分,處理別-編號,區序,肇事地點,死亡人數,2-30日死亡人數,受傷人數,當事人序號,車種,天候,道路照明設備,道路類別,速限-速度限制,道路型態,事故位置,路面狀況1,路面狀況2,路面狀況3,道路障礙1,道路障礙2,號誌1,號誌2,車道劃分-分向,車道劃分-分道1,車道劃分-分道2,車道劃分-分道3,事故類型及型態,性別,年齡,受傷程度,主要傷處,保護裝置,行動電話,車輛用途,當事者行動狀態,駕駛資格情形,駕駛執照種類,飲酒情形,車輛撞擊部位1,車輛撞擊部位2,肇因碼-個別,肇因碼-主要,個人肇逃否,職業,座標-X,座標-Y
113,4,2,7,27,2,07信義區,信義區莊敬路391巷與莊敬路423巷7弄口,0,0,2,1,C03,8,7,5,30,4,1,1,5,4,5,13,4,4,9,5,5,2,15,1,55,2,9,5,1,7,9,1,10,2,14,,80,,1,21,121.5659182,25.0285465
113,4,2,7,27,2,07信義區,信義區莊敬路391巷與莊敬路423巷7弄口,0,0,2,2,C03,8,7,5,30,4,1,1,5,4,5,13,4,4,9,5,5,2,15,1,70,2,9,5,1,7,9,1,10,2,11,,44,,1,21,121.5659182,25.0285465
113,4,2,7,28,2,02萬華區,萬華區桂林路242巷2號,0,0,1,1,C03,8,7,5,50,14,9,1,5,4,5,13,4,4,5,4,5,2,17,1,72,3,10,5,1,7,15,1,10,1,14,,99,,1,21,121.4953346,25.03825493
113,4,2,7,28,2,02萬華區,萬華區桂林路242巷2號,0,0,1,2,C03,8,7,5,50,14,9,1,5,4,5,13,4,4,5,4,5,2,17,2,20,2,8,5,1,7,9,1,10,1,11,,44,,1,21,121.4953346,25.03825493
113,4,2,7,34,2,07信義區,信義區忠孝東路5段423巷72號,0,0,1,1,F01,8,6,5,30,14,9,1,5,4,5,13,4,4,9,4,5,2,10,1,14,2,8,4,1,7,1,8,20,2,14,,99,,1,15,121.57542,25.0436855
113,4,2,7,34,2,07信義區,信義區忠孝東路5段423巷72號,0,0,1,2,C03,8,6,5,30,14,9,1,5,4,5,13,4,4,9,4,5,2,10,1,55,3,10,6,1,7,9,1,10,2,11,,44,,1,21,121.57542,25.0436855
113,4,2,7,39,2,02萬華區,萬華區萬大路與興寧街口,0,0,1,1,C03,8,7,5,50,4,2,1,5,4,5,13,2,1,5,4,5,2,13,1,32,2,9,6,1,7,9,1,10,1,11,,16,,1,21,121.5004918,25.03223942
113,4,2,7,39,2,02萬華區,萬華區萬大路與興寧街口,0,0,1,2,B03,8,7,5,50,4,2,1,5,4,5,13,2,1,5,4,5,2,13,1,40,3,10,7,1,7,15,1,8,1,6,,44,,1,21,121.5004918,25.03223942
113,4,2,8,6,2,05中正區,中正區中山南路與愛國東路口,0,0,1,1,B02,8,7,5,50,4,2,1,5,4,5,13,1,1,1,4,1,2,12,1,48,3,10,7,1,7,8,1,8,2,2,,17,,1,21,121.5167743,25.03509119
113,4,2,8,6,2,05中正區,中正區中山南路與愛國東路口,0,0,1,2,C03,8,7,5,50,4,2,1,5,4,5,13,1,1,1,4,1,2,12,1,19,2,9,5,1,7,9,1,10,2,14,,17,,1,21,121.5167743,25.03509119
113,4,2,8,12,2,02萬華區,萬華區華中橋機車道往新北市,0,0,2,3,C03,7,6,7,40,14,11,1,5,4,5,13,4,4,3,3,5,2,13,1,37,3,10,3,4,7,12,1,10,1,13,,44,,1,22,121.4953981,25.0135056
113,4,2,8,12,2,02萬華區,萬華區華中橋機車道往新北市,0,0,2,1,C03,7,6,7,40,14,11,1,5,4,5,13,4,4,3,3,5,2,13,1,18,2,9,3,4,7,9,1,10,1,11,,16,,1,22,121.4953981,25.0135056
113,4,2,8,12,2,02萬華區,萬華區華中橋機車道往新北市,0,0,2,2,C03,7,6,7,40,14,11,1,5,4,5,13,4,4,3,3,5,2,13,1,56,2,9,3,4,7,9,1,10,1,13,,44,,1,22,121.4953981,25.0135056
113,4,2,8,33,2,11南港區,南港區研究院路2段與舊莊街1段口,0,0,1,1,C03,8,6,5,50,3,2,1,5,4,5,13,2,1,5,5,5,2,12,1,66,2,7,5,4,7,15,1,10,1,14,,80,,1,22,121.6171733,25.0421702
113,4,2,8,33,2,11南港區,南港區研究院路2段與舊莊街1段口,0,0,1,2,B03,8,6,5,50,3,2,1,5,4,5,13,2,1,5,5,5,2,12,1,59,3,10,3,4,7,9,1,8,1,5,,44,,1,22,121.6171733,25.0421702
113,4,2,8,35,2,04大安區,大安區和平東路2段與復興南路2段口,0,0,3,1,C03,8,7,5,50,4,1,1,5,4,5,13,2,1,1,4,5,2,15,2,22,2,8,3,4,7,9,1,10,1,12,,81,,1,21,121.5434887,25.0247866
113,4,2,8,35,2,04大安區,大安區和平東路2段與復興南路2段口,0,0,3,2,C03,8,7,5,50,4,1,1,5,4,5,13,2,1,1,4,5,2,15,1,35,2,7,3,4,7,1,1,10,1,11,,44,,1,21,121.5434887,25.0247866
113,4,2,8,35,2,04大安區,大安區和平東路2段與復興南路2段口,0,0,3,3,C03,8,7,5,50,4,1,1,5,4,5,13,2,1,1,4,5,2,15,2,45,2,9,3,4,7,1,1,10,1,11,,44,,1,21,121.5434887,25.0247866
113,4,2,8,35,2,05中正區,中正區中華路2段與西藏路口,0,0,1,1,C03,8,6,5,50,4,1,1,5,4,5,13,2,1,5,4,5,2,17,1,27,2,8,5,1,7,4,1,10,1,11,,108,,1,21,121.5043053,25.029828
113,4,2,8,35,2,05中正區,中正區中華路2段與西藏路口,0,0,1,2,B03,8,6,5,50,4,1,1,5,4,5,13,2,1,5,4,5,2,17,1,53,3,10,7,1,7,6,1,8,1,6,,44,,1,21,121.5043053,25.029828
113,4,2,8,47,2,07信義區,信義區光復南路與市民大道5段口,0,0,1,1,C03,8,7,5,40,5,1,1,5,4,5,13,2,1,3,4,5,2,23,2,40,2,9,5,1,7,9,1,10,1,11,,108,,1,21,121.5580028,25.0450586
113,4,2,8,47,2,07信義區,信義區光復南路與市民大道5段口,0,0,1,2,,8,7,5,40,5,1,1,5,4,5,13,2,1,3,4,5,2,23,3,0,,,,,,,,,,,,67,,1,,121.5580028,25.0450586
113,4,2,8,50,2,06松山區,松山區敦化北路100號,0,0,1,1,B03,8,6,5,50,14,8,1,5,4,5,13,4,4,1,4,4,2,17,1,36,3,10,7,1,7,6,1,8,1,2,,100,,1,21,121.5487199,25.05258913
113,4,2,8,50,2,06松山區,松山區敦化北路100號,0,0,1,2,C03,8,6,5,50,14,8,1,5,4,5,13,4,4,1,4,4,2,17,2,56,2,9,6,1,7,9,1,10,1,14,,42,,1,21,121.5487199,25.05258913
113,4,2,9,10,2,04大安區,大安區羅斯福路4段與新生南路3段口口,0,0,1,1,C03,8,6,5,50,4,1,1,5,4,5,13,2,1,8,3,5,1,17,1,19,3,10,3,4,7,15,1,10,2,11,,17,,1,21,121.5338034,25.0161685
113,4,2,9,10,2,04大安區,大安區羅斯福路4段與新生南路3段口口,0,0,1,2,C03,8,6,5,50,4,1,1,5,4,5,13,2,1,8,3,5,1,17,2,57,2,9,3,4,7,15,1,10,2,11,,17,,1,21,121.5338034,25.0161685
113,4,2,10,46,2,10文山區,文山區辛亥路5段與辛亥路5段25巷口,0,0,1,1,B03,8,6,5,50,4,1,1,5,4,5,13,2,1,1,4,5,2,16,1,82,3,10,7,1,7,5,1,8,2,6,,71,,1,21,121.5540497,24.9998898
113,4,2,10,46,2,10文山區,文山區辛亥路5段與辛亥路5段25巷口,0,0,1,2,C03,8,6,5,50,4,1,1,5,4,5,13,2,1,1,4,5,2,16,1,33,2,9,6,1,7,9,1,10,2,11,,44,,1,21,121.5540497,24.9998898
113,4,2,11,2,2,08士林區,士林區中山北路5段路燈525號往南,0,0,3,1,C03,8,5,5,50,14,9,1,5,4,5,13,4,4,3,4,5,1,17,1,46,3,10,6,1,7,8,1,10,1,13,,100,,1,21,121.5250595,25.0822278
113,4,2,11,2,2,08士林區,士林區中山北路5段路燈525號往南,0,0,3,2,C03,8,5,5,50,14,9,1,5,4,5,13,4,4,3,4,5,1,17,1,21,2,9,6,1,7,9,1,10,1,12,,108,,1,21,121.5250595,25.0822278
113,4,2,11,2,2,08士林區,士林區中山北路5段路燈525號往南,0,0,3,3,C03,8,5,5,50,14,9,1,5,4,5,13,4,4,3,4,5,1,17,2,46,2,9,6,1,7,9,1,10,1,13,,44,,1,21,121.5250595,25.0822278
113,4,2,11,2,2,08士林區,士林區中山北路5段路燈525號往南,0,0,3,4,C03,8,5,5,50,14,9,1,5,4,5,13,4,4,3,4,5,1,17,2,24,2,9,6,1,7,9,1,10,1,11,,16,,1,21,121.5250595,25.0822278
113,4,2,11,8,2,08士林區,士林區忠誠路1段34號,0,0,1,1,B01,8,5,5,50,14,8,1,5,4,5,13,4,4,1,4,4,2,17,1,54,3,10,7,1,7,8,1,4,1,17,,100,,1,21,121.5263814,25.1043253
113,4,2,11,8,2,08士林區,士林區忠誠路1段34號,0,0,1,2,C04,8,5,5,50,14,8,1,5,4,5,13,4,4,1,4,4,2,17,2,51,2,9,6,1,7,10,1,10,1,17,,102,,1,21,121.5263814,25.1043253
113,4,2,11,18,2,12內湖區,內湖區堤外便道與堤外便道口口中山高速下涵洞,0,0,2,1,C03,8,6,5,50,3,1,1,5,4,5,13,2,1,5,4,5,2,15,2,50,2,8,5,1,7,9,1,10,9,11,,81,,1,21,121.6138264,25.06537334
113,4,2,11,18,2,12內湖區,內湖區堤外便道與堤外便道口口中山高速下涵洞,0,0,2,2,F01,8,6,5,50,3,1,1,5,4,5,13,2,1,5,4,5,2,15,2,46,2,6,4,1,7,9,8,20,1,13,,88,,1,21,121.6138264,25.06537334
113,4,2,11,53,2,05中正區,中正區重慶南路1段與衡陽路口,0,0,2,1,C03,8,6,5,50,4,1,1,5,4,5,13,2,1,5,4,5,2,15,1,23,2,9,6,1,7,9,1,10,2,11,,81,,1,22,121.5131454,25.04235655
113,4,2,11,53,2,05中正區,中正區重慶南路1段與衡陽路口,0,0,2,2,C03,8,6,5,50,4,1,1,5,4,5,13,2,1,5,4,5,2,15,2,37,2,9,5,1,7,9,1,10,2,11,,81,,1,22,121.5131454,25.04235655
113,4,2,11,55,2,12內湖區,內湖區民權東路6段46巷與行忠路口,0,0,1,1,B03,8,5,5,50,3,1,1,5,4,5,13,3,1,5,4,5,2,16,2,38,3,10,7,1,7,6,1,8,2,2,,9,,1,21,121.5828556,25.06737067
113,4,2,11,55,2,12內湖區,內湖區民權東路6段46巷與行忠路口,0,0,1,2,C03,8,5,5,50,3,1,1,5,4,5,13,3,1,5,4,5,2,16,1,38,2,9,5,1,7,9,1,10,2,14,,44,,1,21,121.5828556,25.06737067
113,4,2,12,16,2,01大同區,大同區延平北路3段與昌吉街口,0,0,1,1,B03,8,6,5,50,4,1,1,5,4,5,13,2,1,5,5,5,2,16,1,27,2,7,7,1,7,1,1,8,1,8,,19,,1,22,121.5110807,25.0659043
113,4,2,12,16,2,01大同區,大同區延平北路3段與昌吉街口,0,0,1,2,B01,8,6,5,50,4,1,1,5,4,5,13,2,1,5,5,5,2,16,1,60,3,10,7,1,7,6,1,8,1,2,,44,,1,22,121.5110807,25.0659043
113,4,2,12,19,2,01大同區,大同區承德路3段與敦煌路口,0,0,1,1,B03,8,6,5,50,5,1,1,5,4,5,13,1,1,5,5,5,2,16,1,63,3,10,7,1,7,6,1,8,1,2,,82,,1,21,121.5200516,25.07529
113,4,2,12,19,2,01大同區,大同區承德路3段與敦煌路口,0,0,1,2,C03,8,6,5,50,5,1,1,5,4,5,13,1,1,5,5,5,2,16,1,61,2,9,6,1,7,9,1,10,1,11,,44,,1,21,121.5200516,25.07529
113,4,2,12,20,2,12內湖區,內湖區康樂街136巷2號,0,0,1,1,H03,7,5,5,0,14,9,1,5,4,5,13,4,4,10,5,5,2,9,1,61,2,9,4,5,8,20,8,20,10,16,,67,,1,21,121.6189403,25.07188176
113,4,2,12,20,2,12內湖區,內湖區康樂街136巷2號,0,0,1,2,B12,7,5,5,0,14,9,1,5,4,5,13,4,4,10,5,5,2,9,1,37,3,10,7,1,7,9,1,8,2,2,,67,,1,21,121.6189403,25.07188176
113,4,2,12,20,2,12內湖區,內湖區康樂街136巷2號,0,0,1,3,,7,5,5,0,14,9,1,5,4,5,13,4,4,10,5,5,2,9,3,85,,,,,,,,,,,,67,,1,,121.6189403,25.07188176
113,4,2,12,40,2,05中正區,中正區汀州路3段60巷2弄7號前,0,0,2,1,C02,8,6,5,30,14,9,1,5,4,5,13,4,4,10,5,5,1,16,1,37,2,9,5,1,7,4,1,9,1,14,,1,,1,21,121.5303228,25.0152918
113,4,2,12,40,2,05中正區,中正區汀州路3段60巷2弄7號前,0,0,2,2,F01,8,6,5,30,14,9,1,5,4,5,13,4,4,10,5,5,1,16,2,32,2,9,4,1,7,10,8,20,1,12,,5,,1,21,121.5303228,25.0152918
113,4,2,12,42,2,08士林區,士林區忠誠路2段與忠誠路2段178巷口,0,0,1,2,C04,8,5,5,50,3,1,1,5,4,5,13,4,4,1,4,4,2,12,2,56,2,9,5,1,7,7,1,8,1,14,,100,,1,21,121.5336092,25.11598676
113,4,2,12,42,2,08士林區,士林區忠誠路2段與忠誠路2段178巷口,0,0,1,1,B03,8,5,5,50,3,1,1,5,4,5,13,4,4,1,4,4,2,12,1,79,3,10,7,1,7,9,1,8,11,2,,42,,1,21,121.5336092,25.11598676
113,4,2,12,55,2,07信義區,信義區忠孝東路5段345巷與忠孝東路5段423巷5弄口口,0,0,2,1,C03,8,7,8,30,4,1,1,5,4,5,13,4,4,10,5,5,2,15,1,35,2,9,5,1,7,9,1,10,1,12,,80,,1,22,121.5740691,25.0418037
113,4,2,12,55,2,07信義區,信義區忠孝東路5段345巷與忠孝東路5段423巷5弄口口,0,0,2,2,C03,8,7,8,30,4,1,1,5,4,5,13,4,4,10,5,5,2,15,1,54,2,8,6,1,7,9,1,10,1,11,,13,,1,22,121.5740691,25.0418037
113,4,2,12,58,2,08士林區,士林區延平北路7段106巷94弄與延平北路7段106巷口,0,0,2,1,C03,8,5,5,40,3,1,1,5,4,5,13,4,4,10,5,5,1,17,1,56,2,8,6,1,7,5,1,10,2,11,,8,,1,21,121.4962382,25.0991588
113,4,2,12,58,2,08士林區,士林區延平北路7段106巷94弄與延平北路7段106巷口,0,0,2,2,C03,8,5,5,40,3,1,1,5,4,5,13,4,4,10,5,5,1,17,1,44,2,7,6,1,7,9,1,10,2,11,,13,,1,21,121.4962382,25.0991588
113,4,2,13,12,2,09北投區,北投區中央北路2段與大業路口,0,0,1,1,A12,8,5,8,50,4,1,1,5,4,5,13,2,1,1,4,5,2,16,1,27,3,10,7,1,7,5,1,8,2,5,,71,,1,21,121.4971398,25.1360871
113,4,2,13,12,2,09北投區,北投區中央北路2段與大業路口,0,0,1,2,C03,8,5,8,50,4,1,1,5,4,5,13,2,1,1,4,5,2,16,1,19,2,9,5,1,7,9,1,10,2,11,,13,,1,21,121.4971398,25.1360871
113,4,2,13,45,2,03中山區,中山區南京東路2段115巷與松江路133巷口口,0,0,1,1,C03,8,6,5,30,5,1,1,5,4,5,13,4,4,10,5,5,2,16,2,53,2,9,5,1,7,9,1,10,1,11,,72,,1,21,121.5336455,25.0543607
113,4,2,13,45,2,03中山區,中山區南京東路2段115巷與松江路133巷口口,0,0,1,2,B03,8,6,5,30,5,1,1,5,4,5,13,4,4,10,5,5,2,16,2,20,3,10,7,1,7,9,1,8,1,6,,108,,1,21,121.5336455,25.0543607
113,4,2,13,53,2,06松山區,松山區北寧路32巷與北寧路口,0,0,2,1,C03,8,5,5,40,3,1,1,5,4,3,13,4,4,8,3,4,1,3,1,42,3,10,3,1,7,9,1,10,1,11,,70,,1,22,121.5526021,25.0493134
113,4,2,13,53,2,06松山區,松山區北寧路32巷與北寧路口,0,0,2,2,H01,8,5,5,40,3,1,1,5,4,3,13,4,4,8,3,4,1,3,2,46,2,9,4,5,8,16,8,20,10,16,,67,,1,22,121.5526021,25.0493134
113,4,2,13,53,2,06松山區,松山區北寧路32巷與北寧路口,0,0,2,3,H01,8,5,5,40,3,1,1,5,4,3,13,4,4,8,3,4,1,3,2,46,2,9,4,5,8,16,8,20,10,16,,67,,1,22,121.5526021,25.0493134
113,4,2,14,0,2,10文山區,文山區木新路3段95巷與木新路3段口,0,0,1,1,B03,8,5,5,30,3,1,1,5,4,5,13,4,4,10,5,5,1,17,2,59,3,10,7,1,7,5,1,8,1,8,,72,,1,21,121.5628663,24.9821831
113,4,2,14,0,2,10文山區,文山區木新路3段95巷與木新路3段口,0,0,1,2,C03,8,5,5,30,3,1,1,5,4,5,13,4,4,10,5,5,1,17,1,22,2,9,5,1,7,9,1,10,1,11,,44,,1,25,121.5628663,24.9821831
113,4,2,14,6,2,08士林區,士林區通河東街1段130巷與通河東街1段136巷口,0,0,1,1,C03,8,6,8,30,4,2,1,5,4,5,13,4,4,10,5,5,1,17,2,46,2,8,5,1,7,5,3,18,1,11,,72,,1,21,121.5169659,25.08721411
113,4,2,14,6,2,08士林區,士林區通河東街1段130巷與通河東街1段136巷口,0,0,1,2,B12,8,6,8,30,4,2,1,5,4,5,13,4,4,10,5,5,1,17,1,42,3,10,7,1,7,9,1,8,1,2,,14,,1,21,121.5169659,25.08721411
113,4,2,14,22,2,10文山區,文山區興隆路1段與興隆路1段137巷口,0,0,1,1,B03,8,6,5,50,4,1,1,5,4,5,13,2,1,1,4,5,2,16,1,49,3,10,7,1,7,5,1,8,2,5,,71,,1,21,121.5419932,25.0019518
113,4,2,14,22,2,10文山區,文山區興隆路1段與興隆路1段137巷口,0,0,1,2,C03,8,6,5,50,4,1,1,5,4,5,13,2,1,1,4,5,2,16,1,20,2,9,6,1,7,9,1,10,2,11,,14,,1,21,121.5419932,25.0019518
113,4,2,14,39,2,10文山區,文山區指南路3段115-8號,0,0,4,1,B03,8,5,5,30,11,9,1,5,4,5,13,4,4,10,5,5,1,11,2,56,2,9,7,1,7,9,1,8,2,8,,17,,1,28,121.5826031,24.97796502
113,4,2,14,39,2,10文山區,文山區指南路3段115-8號,0,0,4,2,B03,8,5,5,30,11,9,1,5,4,5,13,4,4,10,5,5,1,11,1,43,2,3,7,1,7,9,1,2,2,8,,44,,1,22,121.5826031,24.97796502
113,4,2,14,39,2,10文山區,文山區指南路3段115-8號,0,0,4,3,H02,8,5,5,30,11,9,1,5,4,5,13,4,4,10,5,5,1,11,2,80,2,9,7,5,7,17,8,20,10,16,,67,,1,21,121.5826031,24.97796502
113,4,2,14,39,2,10文山區,文山區指南路3段115-8號,0,0,4,4,H02,8,5,5,30,11,9,1,5,4,5,13,4,4,10,5,5,1,11,2,42,2,2,7,5,7,17,8,20,10,16,,67,,1,21,121.5826031,24.97796502
113,4,2,14,55,2,12內湖區,內湖區康樂街與康樂街48巷口,0,0,2,1,C03,8,5,5,50,3,2,1,5,4,5,13,4,4,9,5,5,2,13,2,51,2,9,6,1,7,9,1,10,1,11,,108,,1,21,121.6184522,25.0688453
113,4,2,14,55,2,12內湖區,內湖區康樂街與康樂街48巷口,0,0,2,2,C03,8,5,5,50,3,2,1,5,4,5,13,4,4,9,5,5,2,13,2,58,2,5,6,1,7,12,1,10,1,12,,14,,1,21,121.6184522,25.0688453
113,4,2,14,56,2,12內湖區,內湖區五分街與東湖路160巷口,0,0,1,1,B03,8,5,5,30,4,1,1,5,4,5,13,3,1,10,5,5,2,15,2,58,3,10,7,1,7,9,1,8,2,1,,84,,1,21,121.6172669,25.0671714
113,4,2,14,56,2,12內湖區,內湖區五分街與東湖路160巷口,0,0,1,2,C04,8,5,5,30,4,1,1,5,4,5,13,3,1,10,5,5,2,15,2,64,2,9,5,1,7,9,1,8,2,12,,44,,1,21,121.6172669,25.0671714
113,4,2,15,0,2,05中正區,中正區重慶南路1段與愛國西路口,0,0,2,1,C03,8,6,5,50,4,1,1,5,4,5,13,1,2,10,4,5,2,12,1,45,2,9,6,4,7,15,1,10,2,12,,42,,1,22,121.5125408,25.03543931
113,4,2,15,0,2,05中正區,中正區重慶南路1段與愛國西路口,0,0,2,2,C03,8,6,5,50,4,1,1,5,4,5,13,1,2,10,4,5,2,12,1,32,2,9,6,4,7,15,1,10,2,14,,42,,1,22,121.5125408,25.03543931
113,4,2,15,15,2,10文山區,文山區木柵路4段159巷84停車格,0,0,2,1,B03,8,5,5,50,14,9,1,5,4,5,13,4,4,9,4,5,1,17,2,48,2,2,7,1,7,1,1,8,1,4,,19,,1,21,121.5756709,25.00075229
113,4,2,15,15,2,10文山區,文山區木柵路4段159巷84停車格,0,0,2,2,B03,8,5,5,50,14,9,1,5,4,5,13,4,4,9,4,5,1,17,1,47,2,3,7,1,7,9,1,8,1,1,,108,,1,21,121.5756709,25.00075229
113,4,2,15,29,2,07信義區,信義區松智路與松勤街口,0,0,1,1,C03,8,5,5,50,4,1,1,5,4,5,13,1,1,9,5,5,2,17,1,22,3,10,5,1,7,5,1,10,1,11,,8,,1,22,121.5653602,25.0319633
113,4,2,15,29,2,07信義區,信義區松智路與松勤街口,0,0,1,2,C03,8,5,5,50,4,1,1,5,4,5,13,1,1,9,5,5,2,17,1,39,2,9,5,1,7,9,1,10,1,12,,44,,1,22,121.5653602,25.0319633
113,4,2,16,9,2,03中山區,中山區中山北路2段96巷與中山北路2段口,0,0,1,1,H02,7,5,5,50,3,2,1,5,4,5,13,4,4,5,4,5,2,9,2,47,3,10,3,5,7,19,8,20,10,16,,126,,1,21,121.5227615,25.05975544
113,4,2,16,9,2,03中山區,中山區中山北路2段96巷與中山北路2段口,0,0,1,2,B01,7,5,5,50,3,2,1,5,4,5,13,4,4,5,4,5,2,9,1,56,3,10,3,4,7,14,1,4,1,2,,38,,1,21,121.5227615,25.05975544
113,4,2,16,9,2,03中山區,中山區中山北路2段96巷與中山北路2段口,0,0,1,3,C03,7,5,5,50,3,2,1,5,4,5,13,4,4,5,4,5,2,9,1,56,2,7,3,4,7,4,1,10,1,11,,42,,1,21,121.5227615,25.05975544
113,4,2,16,42,2,04大安區,大安區敦化南路2段與和平東路3段口,0,0,1,1,C03,7,6,5,50,4,1,1,5,4,5,13,1,1,1,4,1,2,15,1,23,2,9,3,4,7,9,1,10,1,11,,81,,1,21,121.5484545,25.0245661
113,4,2,16,42,2,04大安區,大安區敦化南路2段與和平東路3段口,0,0,1,2,B02,7,6,5,50,4,1,1,5,4,5,13,1,1,1,4,1,2,15,2,44,3,10,3,4,7,9,1,8,1,4,,44,,1,21,121.5484545,25.0245661
113,4,2,17,23,2,08士林區,士林區故宮路與力行街口,0,0,1,1,C03,8,6,5,50,3,2,1,5,4,5,13,4,4,1,4,5,1,17,1,24,3,10,5,1,7,6,1,10,11,17,,9,,2,21,121.5178799,25.08703114
113,4,2,17,23,2,08士林區,士林區故宮路與力行街口,0,0,1,2,C03,8,6,5,50,3,2,1,5,4,5,13,4,4,1,4,5,1,17,1,18,2,9,5,1,7,9,1,10,2,12,,13,,1,21,121.5178799,25.08703114
113,4,2,17,30,2,06松山區,松山區敦化北路與敦化北路244巷口,0,0,1,1,B03,7,6,5,50,14,8,1,5,4,5,13,4,4,1,4,4,2,16,1,40,3,10,7,1,7,6,1,8,1,5,,9,,1,22,121.549908,25.0603746
113,4,2,17,30,2,06松山區,松山區敦化北路與敦化北路244巷口,0,0,1,2,C03,7,6,5,50,14,8,1,5,4,5,13,4,4,1,4,4,2,16,1,26,2,7,6,1,7,9,1,10,1,11,,44,,1,22,121.549908,25.0603746
113,4,2,17,39,2,02萬華區,萬華區西園路2段70號,0,0,2,1,C03,8,6,5,50,14,9,1,5,4,5,13,4,4,1,4,5,2,13,1,33,2,9,6,1,7,9,1,10,1,11,,108,,1,22,121.4969713,25.0315906
113,4,2,17,39,2,02萬華區,萬華區西園路2段70號,0,0,2,2,C03,8,6,5,50,14,9,1,5,4,5,13,4,4,1,4,5,2,13,2,63,2,9,6,3,7,13,3,18,1,13,,38,,1,22,121.4969713,25.0315906
113,4,2,17,40,2,04大安區,大安區延吉街85號與延吉街62巷口,0,0,1,1,B03,8,6,5,50,3,1,1,5,4,5,13,4,4,5,5,5,2,12,1,42,3,10,3,4,7,9,1,8,1,5,,108,,1,21,121.553986,25.0434954
113,4,2,17,40,2,04大安區,大安區延吉街85號與延吉街62巷口,0,0,1,2,C03,8,6,5,50,3,1,1,5,4,5,13,4,4,5,5,5,2,12,2,63,2,8,5,1,7,7,1,10,1,14,,100,,1,21,121.553986,25.0434954
113,4,2,17,40,2,04大安區,大安區延吉街85號與延吉街62巷口,0,0,1,3,B12,8,6,5,50,3,1,1,5,4,5,13,4,4,5,5,5,2,12,1,52,3,10,3,4,7,13,1,8,1,8,,44,,1,21,121.553986,25.0434954
113,4,2,18,23,2,02萬華區,萬華區堤外便道往南過光復橋,0,0,2,1,F01,8,5,5,40,14,9,1,5,4,5,13,4,4,5,5,5,2,13,1,32,2,9,4,1,7,5,8,20,1,14,,8,,1,22,121.4881965,25.030935
113,4,2,18,23,2,02萬華區,萬華區堤外便道往南過光復橋,0,0,2,2,C03,8,5,5,40,14,9,1,5,4,5,13,4,4,5,5,5,2,13,2,38,2,9,6,1,7,9,1,10,1,12,,16,,1,22,121.4881965,25.030935
113,4,2,18,29,2,11南港區,南港區重陽路與興中路口,0,0,1,1,B03,8,5,5,50,4,1,2,5,4,5,13,2,1,4,3,4,2,15,2,53,3,10,3,4,7,9,1,8,2,1,,71,,1,21,121.6066964,25.0581396
113,4,2,18,29,2,11南港區,南港區重陽路與興中路口,0,0,1,2,C03,8,5,5,50,4,1,2,5,4,5,13,2,1,4,3,4,2,15,1,59,2,9,5,4,7,9,1,10,2,11,,44,,1,21,121.6066964,25.0581396
113,4,2,18,32,2,04大安區,大安區辛亥路3段81號,0,0,2,1,C03,8,5,5,50,14,9,1,5,4,5,13,4,4,8,3,5,1,12,2,48,2,7,5,1,7,9,1,10,1,11,,44,,1,21,121.5465727,25.0195444
113,4,2,18,32,2,04大安區,大安區辛亥路3段81號,0,0,2,2,C03,8,5,5,50,14,9,1,5,4,5,13,4,4,8,3,5,1,12,2,49,2,7,5,1,7,9,1,10,1,12,,101,,1,21,121.5465727,25.0195444
113,4,2,18,40,2,02萬華區,萬華區艋舺大道與萬大路口,0,0,1,1,C03,8,5,5,50,4,1,1,5,4,5,13,2,1,1,3,5,1,15,2,73,3,10,3,4,7,9,1,10,1,11,,81,,1,22,121.5004927,25.0328902
113,4,2,18,40,2,02萬華區,萬華區艋舺大道與萬大路口,0,0,1,2,C03,8,5,5,50,4,1,1,5,4,5,13,2,1,1,3,5,1,15,2,43,2,9,3,4,7,1,1,10,1,14,,44,,1,22,121.5004927,25.0328902
113,4,2,18,44,2,07信義區,信義區逸仙路50巷與忠孝東路4段554巷口,0,0,1,1,B03,7,5,5,30,4,1,1,5,4,5,13,4,4,10,5,5,2,17,2,53,3,10,3,4,7,9,1,8,1,8,,14,,1,22,121.5633716,25.0406156
113,4,2,18,44,2,07信義區,信義區逸仙路50巷與忠孝東路4段554巷口,0,0,1,2,C03,7,5,5,30,4,1,1,5,4,5,13,4,4,10,5,5,2,17,2,47,2,9,5,4,7,9,1,10,1,11,,14,,1,22,121.5633716,25.0406156
113,4,2,19,2,2,01大同區,大同區民權西路144巷與民權西路102巷4弄口,0,0,2,1,B01,8,5,5,30,4,1,1,5,4,5,13,3,1,10,5,5,2,15,1,52,3,10,7,1,7,15,1,8,2,5,,14,,1,22,121.5159155,25.0616328
113,4,2,19,2,2,01大同區,大同區民權西路144巷與民權西路102巷4弄口,0,0,2,2,C03,8,5,5,30,4,1,1,5,4,5,13,3,1,10,5,5,2,15,1,21,2,9,5,1,7,15,1,10,2,14,,13,,1,22,121.5159155,25.0616328
113,4,2,19,2,2,01大同區,大同區民權西路144巷與民權西路102巷4弄口,0,0,2,3,H03,8,5,5,30,4,1,1,5,4,5,13,3,1,10,5,5,2,15,1,22,2,9,4,5,8,20,8,20,10,16,,67,,1,22,121.5159155,25.0616328
113,4,2,19,20,2,06松山區,松山區八德路4段與八德路4段204巷口,0,0,1,1,C03,8,5,5,50,4,2,1,5,4,5,13,2,1,5,4,5,2,17,1,31,2,7,5,1,7,8,1,10,1,12,,100,,1,21,121.5641071,25.0488225