發生年度,發生月,發生日,發生時-Hours,發生分,處理別-編號,區序,肇事地點,死亡人數,2-30日死亡人數,受傷人數,當事人序號,車種,天候,道路照明設備,道路類別,速限-速度限制,道路型態,事故位置,路面狀況1,路面狀況2,路面狀況3,道路障礙1,道路障礙2,號誌1,號誌2,車道劃分-分向,車道劃分-分道1,車道劃分-分道2,車道劃分-分道3,事故類型及型態,性別,年齡,受傷程度,主要傷處,保護裝置,行動電話,車輛用途,當事者行動狀態,駕駛資格情形,駕駛執照種類,飲酒情形,車輛撞擊部位1,車輛撞擊部位2,肇因碼-個別,肇因碼-主要,個人肇逃否,職業,座標-X,座標-Y
113,4,2,19,20,2,06松山區,松山區八德路4段與八德路4段204巷口,0,0,1,2,B03,8,5,5,50,4,2,1,5,4,5,13,2,1,5,4,5,2,17,1,40,3,10,7,1,7,9,1,8,1,4,,44,,1,21,121.5641071,25.0488225
113,4,2,19,27,2,09北投區,北投區中央北路2段350巷與中央北路2段口,0,0,1,1,B03,8,5,5,50,4,1,1,5,4,5,13,2,1,5,5,5,2,16,1,77,3,10,7,1,7,5,1,8,1,5,,71,,1,21,121.4883038,25.138453
113,4,2,19,27,2,09北投區,北投區中央北路2段350巷與中央北路2段口,0,0,1,2,C03,8,5,5,50,4,1,1,5,4,5,13,2,1,5,5,5,2,16,1,41,2,9,5,1,7,9,1,10,1,11,,27,,1,21,121.4883038,25.138453
113,4,2,19,37,2,03中山區,中山區林森北路與中山北路2段65巷2弄口,0,0,1,1,B03,8,5,5,50,4,1,1,5,4,5,13,4,4,9,5,5,1,16,1,27,3,10,3,4,7,5,1,8,1,4,,8,,1,22,121.5254875,25.0566307
113,4,2,19,37,2,03中山區,中山區林森北路與中山北路2段65巷2弄口,0,0,1,2,C03,8,5,5,50,4,1,1,5,4,5,13,4,4,9,5,5,1,16,1,37,2,9,3,4,7,9,1,10,1,12,,44,,1,22,121.5254875,25.0566307
113,4,2,19,37,2,03中山區,中山區林森北路與中山北路2段65巷2弄口,0,0,1,3,B02,8,5,5,50,4,1,1,5,4,5,13,4,4,9,5,5,1,16,1,37,3,10,3,4,7,14,1,6,1,1,,38,,1,22,121.5254875,25.0566307
113,4,2,19,58,2,11南港區,南港區東新街170巷與福德街口,0,0,1,1,B03,8,5,5,30,3,1,1,5,4,5,13,3,1,9,4,5,2,13,1,19,2,9,7,1,7,9,1,8,2,5,,108,,1,21,121.5928321,25.040406
113,4,2,19,58,2,11南港區,南港區東新街170巷與福德街口,0,0,1,2,E05,8,5,5,30,3,1,1,5,4,5,13,3,1,9,4,5,2,13,1,50,3,10,7,1,7,14,1,1,2,7,,44,,1,27,121.5928321,25.040406
113,4,2,20,0,2,07信義區,信義區松德路與松德路269巷口,0,0,1,1,C03,8,5,5,40,3,2,1,5,4,5,13,4,4,8,3,5,2,17,1,55,2,8,3,4,7,5,1,10,1,11,,8,,1,21,121.5746209,25.0330514
113,4,2,20,0,2,07信義區,信義區松德路與松德路269巷口,0,0,1,2,C03,8,5,5,40,3,2,1,5,4,5,13,4,4,8,3,5,2,17,1,34,3,10,3,4,7,15,1,10,1,14,,44,,1,21,121.5746209,25.0330514
113,4,2,20,42,2,12內湖區,內湖區星雲街與成功路3段187巷口,0,0,2,1,C03,8,5,5,40,3,18,1,5,4,5,13,4,4,4,5,5,1,3,1,28,2,9,6,1,7,9,1,10,1,11,,70,,1,21,121.592262,25.0788134
113,4,2,20,42,2,12內湖區,內湖區星雲街與成功路3段187巷口,0,0,2,2,H01,8,5,5,40,3,18,1,5,4,5,13,4,4,4,5,5,1,3,2,67,2,9,4,5,8,16,8,20,1,16,,67,,1,21,121.592262,25.0788134
113,4,2,21,5,2,08士林區,士林區中山北路7段81巷與天玉街口,0,0,1,1,B03,8,5,5,30,4,1,1,5,4,5,13,4,4,5,5,5,1,15,1,32,3,10,7,1,7,9,1,8,2,1,,72,,1,22,121.530711,25.121759
113,4,2,21,5,2,08士林區,士林區中山北路7段81巷與天玉街口,0,0,1,2,C03,8,5,5,30,4,1,1,5,4,5,13,4,4,5,5,5,1,15,1,22,2,9,6,1,7,9,1,10,2,11,,44,,1,22,121.530711,25.121759
113,4,2,22,28,2,02萬華區,萬華區華中橋機車道往新北市（華中069）,0,0,2,1,C03,8,5,7,40,8,11,1,5,4,5,13,4,4,10,3,5,1,17,1,72,2,9,3,4,7,9,1,10,1,15,,108,,1,22,121.4952977,25.0119728
113,4,2,22,28,2,02萬華區,萬華區華中橋機車道往新北市（華中069）,0,0,2,2,F01,8,5,7,40,8,11,1,5,4,5,13,4,4,10,3,5,1,17,1,50,2,9,2,4,7,9,8,20,1,15,,99,,1,22,121.4952977,25.0119728
113,4,2,22,37,2,02萬華區,萬華區東園街14巷18號,0,0,1,1,F02,8,5,5,30,14,9,1,5,4,5,13,4,4,10,5,5,2,17,1,17,2,9,4,1,7,9,8,20,1,11,,108,,1,16,121.4948063,25.02709931
113,4,2,22,37,2,02萬華區,萬華區東園街14巷18號,0,0,1,2,B03,8,5,5,30,14,9,1,5,4,5,13,4,4,10,5,5,2,17,1,38,3,10,3,1,7,13,7,19,1,7,,38,,1,21,121.4948063,25.02709931
113,4,2,22,45,2,01大同區,大同區重慶北路2段與保安街口,0,0,2,1,B02,7,5,5,50,4,18,1,5,4,5,13,2,1,1,4,5,2,2,1,41,2,2,3,4,7,6,1,8,6,8,,70,,1,22,121.5135898,25.0591487
113,4,2,22,45,2,01大同區,大同區重慶北路2段與保安街口,0,0,2,2,H01,7,5,5,50,4,18,1,5,4,5,13,2,1,1,4,5,2,2,1,33,2,9,4,5,8,16,8,20,10,16,,67,,1,22,121.5135898,25.0591487
113,4,2,23,0,2,05中正區,中正區汀州路1段與西藏路口,0,0,2,1,C03,8,5,5,50,4,1,1,5,4,5,13,1,1,5,4,5,2,16,1,48,2,9,5,1,7,5,1,10,2,11,,71,,1,21,121.5071839,25.03066065
113,4,2,23,0,2,05中正區,中正區汀州路1段與西藏路口,0,0,2,2,F01,8,5,5,50,4,1,1,5,4,5,13,1,1,5,4,5,2,16,1,60,2,9,4,1,7,9,8,20,2,14,,29,,1,21,121.5071839,25.03066065
113,4,3,6,31,2,04大安區,大安區敦化南路2段與安和路2段171巷口,0,0,3,1,C03,8,5,5,50,14,9,1,5,4,5,13,1,1,1,4,5,2,17,1,56,2,9,6,1,7,12,1,10,9,12,,108,,1,21,121.5490251,25.0279787
113,4,3,6,31,2,04大安區,大安區敦化南路2段與安和路2段171巷口,0,0,3,2,C03,8,5,5,50,14,9,1,5,4,5,13,1,1,1,4,5,2,17,1,35,2,7,6,1,7,14,1,10,9,14,,44,,1,21,121.5490251,25.0279787
113,4,3,6,31,2,04大安區,大安區敦化南路2段與安和路2段171巷口,0,0,3,3,H02,8,5,5,50,14,9,1,5,4,5,13,1,1,1,4,5,2,17,2,48,2,9,6,4,7,21,7,19,9,15,,44,,1,21,121.5490251,25.0279787
113,4,3,6,56,2,05中正區,中正區襄陽路與館前路口,0,0,2,1,C03,8,6,5,50,3,1,1,5,4,5,13,2,1,5,2,5,2,16,2,29,2,9,5,1,7,9,5,10,2,12,,4,,1,22,121.5150023,25.04341196
113,4,3,6,56,2,05中正區,中正區襄陽路與館前路口,0,0,2,2,C03,8,6,5,50,3,1,1,5,4,5,13,2,1,5,2,5,2,16,2,29,2,9,5,1,7,5,1,10,2,14,,44,,1,22,121.5150023,25.04341196
113,4,3,6,56,2,09北投區,北投區石牌路2段與石牌路2段343巷口,0,0,2,1,C03,8,6,5,50,14,9,1,5,4,5,13,4,4,9,4,5,2,3,2,44,2,7,5,1,7,9,1,10,1,11,,70,,1,21,121.5249138,25.1230985
113,4,3,6,56,2,09北投區,北投區石牌路2段與石牌路2段343巷口,0,0,2,2,H01,8,6,5,50,14,9,1,5,4,5,13,4,4,9,4,5,2,3,2,61,2,9,4,5,8,16,8,20,10,16,,67,,1,21,121.5249138,25.1230985
113,4,3,7,2,2,02萬華區,萬華區長沙街2段與環河南路1段口,0,0,2,1,C03,8,6,5,50,3,1,1,5,4,5,13,2,1,5,4,5,2,17,1,52,2,9,6,1,7,5,1,10,1,11,12,8,,1,21,121.4996373,25.0415066
113,4,3,7,2,2,02萬華區,萬華區長沙街2段與環河南路1段口,0,0,2,2,C03,8,6,5,50,3,1,1,5,4,5,13,2,1,5,4,5,2,17,1,32,2,8,6,1,7,9,1,10,1,11,12,44,,1,21,121.4996373,25.0415066
113,4,3,7,12,2,03中山區,中山區民權西路與民權西路70巷口,0,0,1,1,C03,8,5,8,50,14,9,1,5,4,5,13,4,4,3,4,5,2,12,1,60,2,9,3,4,7,9,1,10,1,14,,44,,1,21,121.5198279,25.0627961
113,4,3,7,12,2,03中山區,中山區民權西路與民權西路70巷口,0,0,1,2,B03,8,5,8,50,14,9,1,5,4,5,13,4,4,3,4,5,2,12,1,39,3,10,3,4,7,10,1,8,1,2,,44,,1,21,121.5198279,25.0627961
113,4,3,7,23,2,03中山區,中山區中山北路2段183巷7號,0,0,1,1,G03,7,7,5,30,14,9,1,5,4,5,12,4,4,10,5,5,1,17,1,74,3,10,4,1,7,2,8,20,1,16,,12,,1,21,121.523552,25.06380079
113,4,3,7,23,2,03中山區,中山區中山北路2段183巷7號,0,0,1,2,C03,7,7,5,30,14,9,1,5,4,5,12,4,4,10,5,5,1,17,1,26,2,8,6,1,7,9,1,10,1,12,,44,,1,21,121.523552,25.06380079
113,4,3,7,55,2,05中正區,中正區羅斯福路4段64號,0,0,2,1,C03,8,6,5,50,14,9,1,5,4,5,13,4,4,3,4,5,2,17,1,48,2,5,5,1,7,9,1,10,2,12,,108,,1,21,121.5340081,25.0148499
113,4,3,7,55,2,05中正區,中正區羅斯福路4段64號,0,0,2,2,F01,8,6,5,50,14,9,1,5,4,5,13,4,4,3,4,5,2,17,2,54,2,5,4,1,7,1,8,20,2,14,,19,,2,21,121.5340081,25.0148499
113,4,3,8,0,2,12內湖區,內湖區康寧路3段70巷與康寧路3段口,0,0,2,2,B03,8,6,5,50,4,2,1,5,4,5,13,1,1,1,5,5,2,17,1,27,3,10,7,1,7,9,1,8,1,2,,17,,1,21,121.611227,25.070355
113,4,3,8,0,2,12內湖區,內湖區康寧路3段70巷與康寧路3段口,0,0,2,1,C03,8,6,5,50,4,2,1,5,4,5,13,1,1,1,5,5,2,17,1,40,2,9,6,1,7,9,1,10,1,14,,17,,1,21,121.611227,25.070355
113,4,3,8,0,2,12內湖區,內湖區康寧路3段70巷與康寧路3段口,0,0,2,3,C03,8,6,5,50,4,2,1,5,4,5,13,1,1,1,5,5,2,17,1,52,2,9,6,1,7,9,1,10,1,13,,44,,1,21,121.611227,25.070355
113,4,3,8,25,2,11南港區,南港區忠孝東路6段229號,0,0,1,1,C03,8,7,5,40,14,7,1,5,4,5,13,4,4,1,4,4,2,13,1,26,2,1,5,1,7,8,1,10,1,11,,108,,1,21,121.5886224,25.0492363
113,4,3,8,25,2,11南港區,南港區忠孝東路6段229號,0,0,1,2,B03,8,7,5,40,14,7,1,5,4,5,13,4,4,1,4,4,2,13,2,53,3,10,7,1,7,9,1,8,1,7,,44,,1,21,121.5886224,25.0492363
113,4,3,8,28,2,01大同區,大同區承德路2段與南京西路口,0,0,3,1,C04,8,6,5,50,4,1,1,5,4,5,13,1,1,1,4,5,2,13,1,33,2,9,6,1,7,9,1,10,2,11,,108,,1,21,121.5176744,25.0534361
113,4,3,8,28,2,01大同區,大同區承德路2段與南京西路口,0,0,3,2,C03,8,6,5,50,4,1,1,5,4,5,13,1,1,1,4,5,2,13,1,63,2,9,6,1,7,9,1,10,2,13,,44,,1,21,121.5176744,25.0534361
113,4,3,8,28,2,01大同區,大同區承德路2段與南京西路口,0,0,3,3,H02,8,6,5,50,4,1,1,5,4,5,13,1,1,1,4,5,2,13,2,33,2,9,6,5,7,20,8,20,10,16,,67,,1,21,121.5176744,25.0534361
113,4,3,8,28,2,06松山區,松山區健康路與健康路15巷口,0,0,1,1,B03,8,6,5,50,4,1,1,5,4,5,13,1,1,10,5,5,2,16,1,59,3,10,7,1,7,5,1,8,1,1,,80,,1,22,121.5526544,25.0533097
113,4,3,8,28,2,06松山區,松山區健康路與健康路15巷口,0,0,1,2,C03,8,6,5,50,4,1,1,5,4,5,13,1,1,10,5,5,2,16,1,25,2,7,6,1,7,9,1,10,1,14,,80,,1,22,121.5526544,25.0533097
113,4,3,8,31,2,01大同區,大同區長安西路與重慶北路1段26巷9弄口,0,0,2,1,B03,8,6,5,50,5,1,1,5,4,5,13,1,1,5,5,5,2,17,2,34,3,10,7,1,7,6,1,8,2,5,,9,,1,21,121.5131963,25.0517364
113,4,3,8,31,2,01大同區,大同區長安西路與重慶北路1段26巷9弄口,0,0,2,2,C03,8,6,5,50,5,1,1,5,4,5,13,1,1,5,5,5,2,17,2,61,2,9,6,1,7,9,1,10,2,13,,44,,1,21,121.5131963,25.0517364
113,4,3,8,31,2,01大同區,大同區長安西路與重慶北路1段26巷9弄口,0,0,2,3,C03,8,6,5,50,5,1,1,5,4,5,13,1,1,5,5,5,2,17,1,66,2,8,6,1,7,9,1,10,9,14,,44,,1,21,121.5131963,25.0517364
113,4,3,8,34,2,04大安區,大安區和平東路2段與新生南路2段口,0,0,2,1,B03,8,7,5,50,4,1,1,5,4,5,13,1,1,10,4,5,2,17,1,63,3,10,7,1,7,6,1,8,1,15,,9,,1,21,121.5349934,25.0261542
113,4,3,8,34,2,04大安區,大安區和平東路2段與新生南路2段口,0,0,2,2,C03,8,7,5,50,4,1,1,5,4,5,13,1,1,10,4,5,2,17,1,25,2,9,6,1,7,9,1,10,1,11,,44,,1,21,121.5349934,25.0261542
113,4,3,8,34,2,04大安區,大安區和平東路2段與新生南路2段口,0,0,2,3,H02,8,7,5,50,4,1,1,5,4,5,13,1,1,10,4,5,2,17,2,25,2,8,6,5,7,20,8,20,10,16,,60,,1,21,121.5349934,25.0261542
113,4,3,8,42,2,07信義區,信義區吳興街475號,0,0,2,1,C03,8,7,5,30,14,9,1,5,4,5,13,4,4,10,4,5,2,10,2,34,2,7,6,4,7,9,1,10,1,11,,42,,1,21,121.5693088,25.0236586
113,4,3,8,42,2,07信義區,信義區吳興街475號,0,0,2,2,C03,8,7,5,30,14,9,1,5,4,5,13,4,4,10,4,5,2,10,1,43,2,7,6,4,7,9,1,10,1,11,,44,,1,21,121.5693088,25.0236586
113,4,3,8,51,2,03中山區,中山區建國北路2段與建國北路2段116巷口,0,0,2,1,C03,8,6,5,50,3,1,1,5,4,5,13,4,4,1,4,5,2,12,1,29,2,8,6,1,7,9,1,10,1,12,,16,,1,21,121.5366769,25.0588712
113,4,3,8,51,2,03中山區,中山區建國北路2段與建國北路2段116巷口,0,0,2,2,C03,8,6,5,50,3,1,1,5,4,5,13,4,4,1,4,5,2,12,1,58,2,8,6,1,7,9,1,10,1,12,,16,,1,21,121.5366769,25.0588712
113,4,3,8,51,2,03中山區,中山區建國北路2段與建國北路2段116巷口,0,0,2,3,C03,8,6,5,50,3,1,1,5,4,5,13,4,4,1,4,5,2,12,1,30,3,10,6,1,7,12,1,10,1,13,,44,,1,21,121.5366769,25.0588712
113,4,3,8,52,2,04大安區,大安區和平東路1段與新生南路2段口,0,0,1,1,B03,8,6,5,50,4,1,1,5,4,5,13,1,1,10,5,5,2,16,2,55,3,10,7,1,7,6,1,8,9,2,,9,,1,21,121.5347153,25.0262336
113,4,3,8,52,2,04大安區,大安區和平東路1段與新生南路2段口,0,0,1,2,C03,8,6,5,50,4,1,1,5,4,5,13,1,1,10,5,5,2,16,1,19,2,8,5,1,7,9,1,10,11,11,,44,,2,21,121.5347153,25.0262336
113,4,3,8,53,2,03中山區,中山區長安東路1段53巷,0,0,2,1,C03,7,7,5,30,14,9,1,5,4,5,13,1,1,10,5,5,1,17,2,27,2,8,6,1,7,9,1,10,1,11,,108,,1,21,121.5264581,25.04885239
113,4,3,8,53,2,03中山區,中山區長安東路1段53巷,0,0,2,2,C03,7,7,5,30,14,9,1,5,4,5,13,1,1,10,5,5,1,17,1,68,2,8,5,1,7,5,1,10,1,14,,8,,1,21,121.5264581,25.04885239
113,4,3,8,58,2,07信義區,信義區市民大道5段燈號0604558號,0,0,3,1,C03,8,7,5,40,14,9,1,5,4,5,13,4,4,10,4,5,2,12,1,54,2,9,5,1,7,9,1,10,2,11,,16,,1,21,121.5726928,25.0492316
113,4,3,8,58,2,07信義區,信義區市民大道5段燈號0604558號,0,0,3,2,C03,8,7,5,40,14,9,1,5,4,5,13,4,4,10,4,5,2,12,1,31,2,9,5,1,7,9,1,10,2,11,,16,,1,21,121.5726928,25.0492316
113,4,3,8,58,2,07信義區,信義區市民大道5段燈號0604558號,0,0,3,3,C03,8,7,5,40,14,9,1,5,4,5,13,4,4,10,4,5,2,12,1,28,3,10,5,1,7,9,1,10,2,13,,44,,1,21,121.5726928,25.0492316
113,4,3,8,58,2,07信義區,信義區市民大道5段燈號0604558號,0,0,3,4,H02,8,7,5,40,14,9,1,5,4,5,13,4,4,10,4,5,2,12,2,34,2,9,5,5,7,20,8,20,10,16,,67,,1,21,121.5726928,25.0492316
113,4,3,9,5,2,05中正區,中正區衡陽路10號,0,0,1,1,B03,8,6,5,50,14,9,1,5,4,5,13,4,4,10,4,5,2,13,2,26,3,10,7,1,7,9,1,8,9,1,,16,,1,22,121.5136632,25.04235486
113,4,3,9,5,2,05中正區,中正區衡陽路10號,0,0,1,2,B03,8,6,5,50,14,9,1,5,4,5,13,4,4,10,4,5,2,13,2,43,2,9,7,1,7,9,1,8,2,3,,44,,1,22,121.5136632,25.04235486
113,4,3,9,5,2,05中正區,中正區衡陽路10號,0,0,1,3,B01,8,6,5,50,14,9,1,5,4,5,13,4,4,10,4,5,2,13,1,68,3,10,7,1,7,14,1,8,2,3,,44,,1,22,121.5136632,25.04235486
113,4,3,9,5,2,05中正區,中正區衡陽路10號,0,0,1,4,B01,8,6,5,50,14,9,1,5,4,5,13,4,4,10,4,5,2,13,1,55,3,10,7,1,7,14,1,8,2,3,,44,,1,22,121.5136632,25.04235486
113,4,3,9,5,2,06松山區,松山區八德路2段與八德路2段346巷口,0,0,1,1,B03,8,6,5,50,3,1,1,5,4,5,13,4,4,9,4,5,2,17,1,49,3,10,7,1,7,5,1,8,1,6,,8,,1,21,121.5449143,25.0478082
113,4,3,9,5,2,06松山區,松山區八德路2段與八德路2段346巷口,0,0,1,2,C03,8,6,5,50,3,1,1,5,4,5,13,4,4,9,4,5,2,17,2,29,2,7,6,1,7,9,1,10,1,11,,44,,1,21,121.5449143,25.0478082
113,4,3,9,8,2,04大安區,大安區復興南路2段151巷35弄與復興南路2段125巷口,0,0,1,1,F01,8,7,5,30,4,2,1,5,4,5,13,4,4,10,5,5,1,12,2,65,2,7,4,1,7,11,8,20,1,14,,80,,1,21,121.5450866,25.0291617
113,4,3,9,8,2,04大安區,大安區復興南路2段151巷35弄與復興南路2段125巷口,0,0,1,2,C03,8,7,5,30,4,2,1,5,4,5,13,4,4,10,5,5,1,12,1,26,3,10,5,1,7,9,1,10,1,11,,14,,1,21,121.5450866,25.0291617
113,4,3,9,8,2,07信義區,信義區仁愛路4段與逸仙路口,0,0,1,1,B02,8,7,5,50,14,9,1,5,4,5,13,1,1,9,4,5,2,12,1,26,3,10,3,4,7,9,1,8,1,6,,108,,1,21,121.5615546,25.0378976
113,4,3,9,8,2,07信義區,信義區仁愛路4段與逸仙路口,0,0,1,2,C03,8,7,5,50,14,9,1,5,4,5,13,1,1,9,4,5,2,12,2,23,3,10,6,4,7,9,1,10,1,14,,16,,1,21,121.5615546,25.0378976
113,4,3,9,8,2,07信義區,信義區仁愛路4段與逸仙路口,0,0,1,3,H02,8,7,5,50,14,9,1,5,4,5,13,1,1,9,4,5,2,12,2,21,2,8,6,5,7,20,8,20,10,16,,67,,1,21,121.5615546,25.0378976
113,4,3,9,22,2,05中正區,中正區金門街與晉江街口,0,0,2,1,C03,8,6,5,30,4,1,1,5,4,5,13,4,4,10,5,5,2,15,1,47,2,9,5,1,7,9,1,10,2,11,,72,,1,21,121.5245822,25.0229456
113,4,3,9,22,2,05中正區,中正區金門街與晉江街口,0,0,2,2,C03,8,6,5,30,4,1,1,5,4,5,13,4,4,10,5,5,2,15,2,25,2,9,5,1,7,9,1,10,2,11,,107,,1,21,121.5245822,25.0229456
113,4,3,9,22,2,05中正區,中正區金門街與晉江街口,0,0,2,3,H02,8,6,5,30,4,1,1,5,4,5,13,4,4,10,5,5,2,15,1,10,4,11,5,5,7,20,8,20,10,16,,67,,1,21,121.5245822,25.0229456
113,4,3,9,22,2,08士林區,士林區堤外便道與百齡堤外停車場口(百齡左岸槌球場停車場前),0,0,1,1,B03,8,6,5,40,4,1,1,5,4,5,13,4,4,5,5,5,2,17,1,77,3,10,3,4,7,4,1,8,2,8,,1,,1,21,121.5126612,25.08589698
113,4,3,9,22,2,08士林區,士林區堤外便道與百齡堤外停車場口(百齡左岸槌球場停車場前),0,0,1,2,C03,8,6,5,40,4,1,1,5,4,5,13,4,4,5,5,5,2,17,1,32,2,9,6,1,7,9,1,10,2,11,,44,,1,21,121.5126612,25.08589698
113,4,3,9,22,2,08士林區,士林區堤外便道與百齡堤外停車場口(百齡左岸槌球場停車場前),0,0,1,3,C03,8,6,5,40,4,1,1,5,4,5,13,4,4,5,5,5,2,17,2,56,3,10,6,1,7,9,3,18,2,17,,44,,1,21,121.5126612,25.08589698
113,4,3,9,50,2,04大安區,大安區和平東路3段與基隆路2段口,0,0,1,1,C04,8,6,5,50,4,1,5,5,4,5,13,1,1,10,5,5,2,17,2,28,2,9,6,1,7,9,1,10,1,12,,44,,1,21,121.5524477,25.0242566
113,4,3,9,50,2,04大安區,大安區和平東路3段與基隆路2段口,0,0,1,2,C03,8,6,5,50,4,1,5,5,4,5,13,1,1,10,5,5,2,17,1,28,3,10,6,1,7,5,1,10,1,14,,83,,1,21,121.5524477,25.0242566
113,4,3,9,53,2,10文山區,文山區萬芳路與萬和街口口旁,0,0,2,1,C03,8,6,5,40,3,2,1,5,4,5,13,2,1,5,4,5,2,13,2,20,2,9,5,1,7,9,1,10,1,13,,80,,1,21,121.5690793,24.99888883
113,4,3,9,53,2,10文山區,文山區萬芳路與萬和街口口旁,0,0,2,2,C03,8,6,5,40,3,2,1,5,4,5,13,2,1,5,4,5,2,13,1,72,2,9,5,1,7,9,1,10,1,11,,16,,1,21,121.5690793,24.99888883
113,4,3,9,56,2,09北投區,北投區石牌路1段與石牌路1段71巷口,0,0,1,1,C03,8,6,5,50,3,1,1,5,4,5,13,4,4,10,5,5,2,16,1,37,2,9,5,1,7,5,1,10,2,12,,74,,1,21,121.5112555,25.11361
113,4,3,9,56,2,09北投區,北投區石牌路1段與石牌路1段71巷口,0,0,1,2,B03,8,6,5,50,3,1,1,5,4,5,13,4,4,10,5,5,2,16,1,40,3,10,7,1,7,9,1,8,2,1,,44,,1,21,121.5112555,25.11361
113,4,3,10,12,2,02萬華區,萬華區雙園街與雙園街152巷口,0,0,1,1,C03,8,7,5,30,4,1,1,5,4,5,13,4,4,8,3,5,2,15,1,28,2,7,6,1,7,9,1,10,1,11,,80,,1,22,121.4918838,25.0316158
113,4,3,10,12,2,02萬華區,萬華區雙園街與雙園街152巷口,0,0,1,2,B01,8,7,5,30,4,1,1,5,4,5,13,4,4,8,3,5,2,15,1,60,3,10,7,1,7,9,1,4,1,5,,14,,1,22,121.4918838,25.0316158
113,4,3,10,15,2,04大安區,大安區新生南路3段與新生南路3段56巷口,0,0,1,1,,8,6,5,30,3,1,1,5,4,5,13,1,1,10,5,5,2,17,4,0,4,11,3,4,7,21,7,19,11,15,,119,,2,21,121.5339121,25.0203973
113,4,3,10,15,2,04大安區,大安區新生南路3段與新生南路3段56巷口,0,0,1,2,F01,8,6,5,30,3,1,1,5,4,5,13,1,1,10,5,5,2,17,2,23,2,7,4,1,7,9,8,20,9,15,,42,,1,21,121.5339121,25.0203973
113,4,3,10,25,2,10文山區,文山區新光路2段0707697路燈,0,0,1,1,B03,8,5,5,50,11,9,1,5,4,5,13,4,4,9,5,5,1,17,2,52,3,10,7,1,7,8,1,8,1,8,,4,,1,21,121.5972022,25.002657
113,4,3,10,25,2,10文山區,文山區新光路2段0707697路燈,0,0,1,2,C03,8,5,5,50,11,9,1,5,4,5,13,4,4,9,5,5,1,17,1,26,2,9,6,1,7,9,1,10,1,11,,13,,1,21,121.5972022,25.002657
113,4,3,10,26,2,05中正區,中正區中華路1段與中華路1段9巷口,0,0,1,1,C03,7,7,5,50,4,1,1,5,4,5,13,1,1,1,4,1,2,17,1,47,3,10,5,1,7,9,6,10,9,13,,30,,1,21,121.5098105,25.04702141
113,4,3,10,26,2,05中正區,中正區中華路1段與中華路1段9巷口,0,0,1,2,C03,7,7,5,50,4,1,1,5,4,5,13,1,1,1,4,1,2,17,2,24,2,9,5,1,7,9,1,10,2,11,,44,,1,21,121.5098105,25.04702141
113,4,3,10,50,2,10文山區,文山區辛亥路5段與辛亥路5段25巷口,0,0,2,2,C03,8,6,5,50,4,1,1,5,4,5,13,2,1,1,4,5,2,16,1,48,2,9,6,1,7,9,1,10,2,11,,13,,1,21,121.5541386,24.9998908
113,4,3,10,50,2,10文山區,文山區辛亥路5段與辛亥路5段25巷口,0,0,2,1,C03,8,6,5,50,4,1,1,5,4,5,13,2,1,1,4,5,2,16,1,19,2,9,6,1,7,5,1,10,2,12,,8,,1,21,121.5541386,24.9998908
113,4,3,10,57,2,04大安區,大安區信義路3段與建國南路1段口,0,0,2,1,B01,8,7,5,50,4,1,1,5,4,5,13,2,1,10,3,5,1,17,1,45,3,10,3,4,7,8,1,4,1,17,,100,,1,21,121.5375542,25.0333782
113,4,3,10,57,2,04大安區,大安區信義路3段與建國南路1段口,0,0,2,2,C03,8,7,5,50,4,1,1,5,4,5,13,2,1,10,3,5,1,17,2,27,2,9,6,1,7,9,1,10,1,12,,44,,1,22,121.5375542,25.0333782
113,4,3,10,57,2,04大安區,大安區信義路3段與建國南路1段口,0,0,2,3,H02,8,7,5,50,4,1,1,5,4,5,13,2,1,10,3,5,1,17,2,30,2,9,6,5,7,20,8,20,10,16,,67,,1,22,121.5375542,25.0333782
113,4,3,11,22,2,12內湖區,內湖區安康路434巷20弄與東湖路160巷口,0,0,1,1,C03,8,7,8,30,3,1,1,5,4,5,13,4,4,9,5,5,2,16,2,61,3,10,5,1,7,5,1,10,2,11,,72,,1,21,121.6163811,25.0662503
113,4,3,11,22,2,12內湖區,內湖區安康路434巷20弄與東湖路160巷口,0,0,1,2,C01,8,7,8,30,3,1,1,5,4,5,13,4,4,9,5,5,2,16,1,25,2,9,6,1,7,9,1,9,2,12,,13,,1,21,121.6163811,25.0662503
113,4,3,11,22,2,12內湖區,內湖區安康路434巷20弄與東湖路160巷口,0,0,1,3,B03,8,7,8,30,3,1,1,5,4,5,13,4,4,9,5,5,2,16,3,0,,,,,,,,,,,,67,,1,,121.6163811,25.0662503
113,4,3,11,22,2,12內湖區,內湖區安康路434巷20弄與東湖路160巷口,0,0,1,4,B03,8,7,8,30,3,1,1,5,4,5,13,4,4,9,5,5,2,16,3,0,,,,,,,,,,,,67,,1,,121.6163811,25.0662503
113,4,3,11,22,2,12內湖區,內湖區安康路434巷20弄與東湖路160巷口,0,0,1,5,B03,8,7,8,30,3,1,1,5,4,5,13,4,4,9,5,5,2,16,1,41,3,10,7,1,7,14,1,8,9,4,,44,,1,21,121.6163811,25.0662503
113,4,3,11,35,2,09北投區,北投區大度路3段往淡水方向機慢車優先道,0,0,3,1,C03,8,6,5,50,14,12,1,5,4,5,13,4,4,1,4,1,1,13,1,49,2,9,5,1,7,9,1,10,1,11,,108,,1,21,121.4753496,25.1227891
113,4,3,11,35,2,09北投區,北投區大度路3段往淡水方向機慢車優先道,0,0,3,2,C03,8,6,5,50,14,12,1,5,4,5,13,4,4,1,4,1,1,13,1,20,2,8,5,1,7,14,1,10,1,13,,44,,1,21,121.4753496,25.1227891