發生年度,發生月,發生日,發生時-Hours,發生分,處理別-編號,區序,肇事地點,死亡人數,2-30日死亡人數,受傷人數,當事人序號,車種,天候,道路照明設備,道路類別,速限-速度限制,道路型態,事故位置,路面狀況1,路面狀況2,路面狀況3,道路障礙1,道路障礙2,號誌1,號誌2,車道劃分-分向,車道劃分-分道1,車道劃分-分道2,車道劃分-分道3,事故類型及型態,性別,年齡,受傷程度,主要傷處,保護裝置,行動電話,車輛用途,當事者行動狀態,駕駛資格情形,駕駛執照種類,飲酒情形,車輛撞擊部位1,車輛撞擊部位2,肇因碼-個別,肇因碼-主要,個人肇逃否,職業,座標-X,座標-Y
113,4,3,11,35,2,09北投區,北投區大度路3段往淡水方向機慢車優先道,0,0,3,3,C03,8,6,5,50,14,12,1,5,4,5,13,4,4,1,4,1,1,13,2,31,2,8,5,1,7,14,1,10,1,13,,44,,1,21,121.4753496,25.1227891
113,4,3,11,43,2,04大安區,大安區安居街93號,0,0,1,1,C03,8,6,5,50,14,9,1,5,4,5,13,4,4,10,5,5,2,17,2,67,2,9,6,1,7,1,1,10,1,14,,19,,1,21,121.5525135,25.0188256
113,4,3,11,43,2,04大安區,大安區安居街93號,0,0,1,2,B02,8,6,5,50,14,9,1,5,4,5,13,4,4,10,5,5,2,17,1,26,3,10,7,1,7,9,1,8,1,5,,44,,1,21,121.5525135,25.0188256
113,4,3,12,2,2,08士林區,士林區延平北路5段224巷與重慶北路4段口,0,0,1,1,B01,8,7,5,50,3,2,1,5,4,5,13,4,4,1,4,4,1,17,1,65,3,10,7,1,7,14,1,4,1,2,,38,,1,21,121.5116618,25.08414915
113,4,3,12,2,2,08士林區,士林區延平北路5段224巷與重慶北路4段口,0,0,1,2,C03,8,7,5,50,3,2,1,5,4,5,13,4,4,1,4,4,1,17,2,32,2,9,6,1,7,9,1,10,1,11,,44,,1,21,121.5116618,25.08414915
113,4,3,12,2,2,08士林區,士林區延平北路5段224巷與重慶北路4段口,0,0,1,3,H02,8,7,5,50,3,2,1,5,4,5,13,4,4,1,4,4,1,17,1,79,3,10,7,5,7,20,8,20,10,16,,126,,1,21,121.5116618,25.08414915
113,4,3,12,10,2,07信義區,信義區光復南路525號,0,0,1,1,C03,8,7,8,50,22,22,1,5,4,5,13,4,4,1,4,4,2,17,2,29,2,8,6,1,7,8,1,10,9,12,,100,,1,22,121.5575477,25.0319009
113,4,3,12,10,2,07信義區,信義區光復南路525號,0,0,1,2,C03,8,7,8,50,22,22,1,5,4,5,13,4,4,1,4,4,2,17,1,26,3,10,6,1,7,9,1,10,1,14,,17,,1,22,121.5575477,25.0319009
113,4,3,12,32,2,09北投區,北投區立功街55巷,0,0,1,1,C03,8,6,5,30,14,9,1,5,4,5,13,4,4,9,4,5,2,13,2,27,2,8,5,1,7,9,1,10,1,11,,16,,1,21,121.4680218,25.12478859
113,4,3,12,32,2,09北投區,北投區立功街55巷,0,0,1,2,C03,8,6,5,30,14,9,1,5,4,5,13,4,4,9,4,5,2,13,1,53,3,10,5,1,7,9,1,10,1,12,,44,,1,21,121.4680218,25.12478859
113,4,3,12,37,2,03中山區,中山區中山北路2段與民權東路1段口,0,0,1,1,C03,7,7,8,50,4,1,1,5,4,5,13,2,1,1,4,5,2,15,1,53,3,10,5,4,7,9,1,10,1,12,,42,,1,21,121.5227365,25.06285606
113,4,3,12,37,2,03中山區,中山區中山北路2段與民權東路1段口,0,0,1,2,C03,7,7,8,50,4,1,1,5,4,5,13,2,1,1,4,5,2,15,1,19,2,9,6,4,7,15,1,10,1,11,,44,,1,21,121.5227365,25.06285606
113,4,3,12,51,2,03中山區,中山區吉林路與吉林路461巷口,0,0,1,1,C03,7,6,5,50,4,1,1,5,4,1,12,4,4,5,4,5,2,16,1,41,2,9,5,1,7,5,1,10,1,12,,44,,1,21,121.530455,25.0677425
113,4,3,12,51,2,03中山區,中山區吉林路與吉林路461巷口,0,0,1,2,B03,7,6,5,50,4,1,1,5,4,1,12,4,4,5,4,5,2,16,1,40,3,10,7,1,7,9,1,8,1,8,,44,,1,22,121.530455,25.0677425
113,4,3,13,56,2,04大安區,大安區忠孝東路3段96號,0,0,1,1,C03,8,7,5,50,14,9,1,5,4,5,13,2,1,1,3,5,1,13,1,44,2,8,5,1,7,7,1,10,1,11,,44,,1,21,121.5363821,25.0416962
113,4,3,13,56,2,04大安區,大安區忠孝東路3段96號,0,0,1,2,B03,8,7,5,50,14,9,1,5,4,5,13,2,1,1,3,5,1,13,2,48,3,10,3,4,7,14,1,8,1,7,,44,,1,21,121.5363821,25.0416962
113,4,3,14,1,2,04大安區,大安區仁愛路4段與敦化南路1段口,0,0,2,1,C03,8,5,5,50,18,9,1,5,4,5,13,4,4,10,4,5,2,12,1,58,2,3,6,1,7,7,1,10,1,13,,100,,1,21,121.5495134,25.0373193
113,4,3,14,1,2,04大安區,大安區仁愛路4段與敦化南路1段口,0,0,2,2,C03,8,5,5,50,18,9,1,5,4,5,13,4,4,10,4,5,2,12,1,25,2,9,6,1,7,9,1,10,1,11,,44,,1,21,121.5495134,25.0373193
113,4,3,14,16,2,03中山區,中山區中山北路4段與中山北路3段口新生高架匝道前,0,0,1,1,B03,8,7,5,50,4,2,1,5,4,5,13,1,1,1,3,5,1,15,1,55,3,10,7,1,7,9,1,8,2,1,,81,,1,21,121.5210791,25.05025669
113,4,3,14,16,2,03中山區,中山區中山北路4段與中山北路3段口新生高架匝道前,0,0,1,2,E03,8,7,5,50,4,2,1,5,4,5,13,1,1,1,3,5,1,15,1,28,3,10,7,1,7,9,1,8,2,2,,44,,1,21,121.5210791,25.05025669
113,4,3,14,16,2,03中山區,中山區中山北路4段與中山北路3段口新生高架匝道前,0,0,1,3,H02,8,7,5,50,4,2,1,5,4,5,13,1,1,1,3,5,1,15,1,34,2,2,2,5,7,17,8,20,10,16,,67,,1,21,121.5210791,25.05025669
113,4,3,14,25,2,07信義區,信義區忠孝東路5段372巷與忠孝東路5段236巷3弄口口,0,0,2,1,C03,8,7,8,30,4,2,1,5,4,5,13,4,4,5,5,5,2,15,2,38,2,9,6,1,7,9,1,10,1,14,,72,,1,22,121.5740109,25.0403504
113,4,3,14,25,2,07信義區,信義區忠孝東路5段372巷與忠孝東路5段236巷3弄口口,0,0,2,2,C03,8,7,8,30,4,2,1,5,4,5,13,4,4,5,5,5,2,15,1,45,2,7,6,1,7,9,1,10,1,11,,14,,1,22,121.5740109,25.0403504
113,4,3,15,38,2,08士林區,士林區延平北路6段116巷與延平北路6段口,0,0,2,1,C03,8,6,5,30,4,2,1,5,4,5,13,4,4,5,5,5,1,17,1,32,2,8,5,1,7,5,1,10,1,14,,72,,1,21,121.5078907,25.089075
113,4,3,15,38,2,08士林區,士林區延平北路6段116巷與延平北路6段口,0,0,2,2,C03,8,6,5,30,4,2,1,5,4,5,13,4,4,5,5,5,1,17,1,30,2,7,5,1,7,9,1,10,1,14,,13,,1,21,121.5078907,25.089075
113,4,3,15,57,2,07信義區,信義區市民大道5段與東興路口,0,0,1,1,B03,8,6,5,40,4,1,1,5,4,5,13,2,1,1,4,5,1,16,1,24,3,10,3,4,7,5,1,8,1,1,,71,,1,22,121.5658417,25.0482135
113,4,3,15,57,2,07信義區,信義區市民大道5段與東興路口,0,0,1,2,C03,8,6,5,40,4,1,1,5,4,5,13,2,1,1,4,5,1,16,1,36,2,9,3,4,7,9,1,10,1,11,,13,,1,22,121.5658417,25.0482135
113,4,3,16,1,2,01大同區,大同區民生西路與民生西路171巷口,0,0,2,1,C03,8,6,5,50,3,1,1,5,4,5,13,4,4,5,4,5,2,17,1,41,2,9,6,1,7,5,1,10,2,12,,74,,1,21,121.5172478,25.0572676
113,4,3,16,1,2,01大同區,大同區民生西路與民生西路171巷口,0,0,2,2,C03,8,6,5,50,3,1,1,5,4,5,13,4,4,5,4,5,2,17,1,54,2,9,6,1,7,9,1,9,2,11,,44,,1,21,121.5172478,25.0572676
113,4,3,16,42,2,12內湖區,內湖區江南街與江南街41巷口,0,0,1,1,C03,8,5,5,30,3,1,1,5,4,5,13,4,4,9,5,5,2,17,1,71,4,11,3,4,7,21,7,19,11,15,,119,,2,21,121.5780686,25.07776566
113,4,3,16,42,2,12內湖區,內湖區江南街與江南街41巷口,0,0,1,2,C03,8,5,5,30,3,1,1,5,4,5,13,4,4,9,5,5,2,17,2,28,2,9,5,1,7,9,1,10,1,12,,44,,1,21,121.5780686,25.07776566
113,4,3,17,20,2,07信義區,信義區松信路與基隆路1段35巷7弄口,0,0,1,1,B03,8,5,5,50,3,1,1,5,4,5,13,1,1,5,5,4,2,12,1,43,3,10,3,4,7,8,1,8,1,5,,100,,1,21,121.5721762,25.04791673
113,4,3,17,20,2,07信義區,信義區松信路與基隆路1段35巷7弄口,0,0,1,2,C03,8,5,5,50,3,1,1,5,4,5,13,1,1,5,5,4,2,12,1,22,2,9,3,4,7,9,1,10,1,14,,13,,1,21,121.5721762,25.04791673
113,4,3,17,21,2,02萬華區,萬華區堤外便道與堤外便道口接水源快速道路匝道口,0,0,1,1,B03,8,7,5,50,3,1,1,5,4,5,13,4,4,9,5,5,2,16,2,36,3,10,7,1,7,6,1,8,1,2,,9,,1,21,121.4982902,25.0162169
113,4,3,17,21,2,02萬華區,萬華區堤外便道與堤外便道口接水源快速道路匝道口,0,0,1,2,C03,8,7,5,50,3,1,1,5,4,5,13,4,4,9,5,5,2,16,1,39,2,9,5,1,7,9,1,10,1,14,,44,,1,21,121.4982902,25.0162169
113,4,3,17,53,2,10文山區,文山區辛亥路7段與光輝路50巷口口,0,0,1,1,B12,8,5,5,50,3,1,1,5,4,5,13,2,1,5,4,4,2,16,1,20,3,10,2,1,7,6,1,8,1,2,,71,,1,22,121.5542727,24.98484162
113,4,3,17,53,2,10文山區,文山區辛亥路7段與光輝路50巷口口,0,0,1,2,C03,8,5,5,50,3,1,1,5,4,5,13,2,1,5,4,4,2,16,1,33,2,8,5,1,7,9,1,10,1,11,,44,,1,22,121.5542727,24.98484162
113,4,3,17,58,2,12內湖區,內湖區安康路20號前,0,0,1,1,C03,8,7,5,50,3,2,1,5,4,5,13,1,1,5,4,5,2,13,1,51,2,9,5,4,7,9,1,10,2,11,,108,,1,21,121.5929717,25.0620068
113,4,3,17,58,2,12內湖區,內湖區安康路20號前,0,0,1,2,B03,8,7,5,50,3,2,1,5,4,5,13,1,1,5,4,5,2,13,1,55,3,10,7,1,7,14,1,8,2,3,,44,,1,21,121.5929717,25.0620068
113,4,3,18,0,2,12內湖區,內湖區內湖路2段192號,0,0,1,1,B03,8,5,5,50,14,9,1,5,4,5,13,4,4,9,5,5,2,17,2,70,3,10,7,1,7,1,1,8,1,8,,19,,1,21,121.5857215,25.08092051
113,4,3,18,0,2,12內湖區,內湖區內湖路2段192號,0,0,1,2,C03,8,5,5,50,14,9,1,5,4,5,13,4,4,9,5,5,2,17,1,51,2,9,5,1,7,9,1,10,1,12,,44,,1,21,121.5857215,25.08092051
113,4,3,18,4,2,05中正區,中正區中山南路與信義路1段口,0,0,1,1,C03,8,5,5,50,18,17,1,5,4,5,13,1,1,10,5,3,1,16,1,30,2,9,5,1,7,5,1,10,2,14,,96,,1,22,121.517772,25.0386727
113,4,3,18,4,2,05中正區,中正區中山南路與信義路1段口,0,0,1,2,B03,8,5,5,50,18,17,1,5,4,5,13,1,1,10,5,3,1,16,2,43,3,10,7,1,7,9,1,8,2,2,,44,,1,22,121.517772,25.0386727
113,4,3,18,17,2,01大同區,大同區承德路3段與庫倫街口,0,0,1,1,B02,7,5,5,50,4,2,1,5,4,5,13,2,1,1,4,5,2,17,1,57,3,10,7,1,7,5,1,8,2,5,,85,,1,21,121.518523,25.0719533
113,4,3,18,17,2,01大同區,大同區承德路3段與庫倫街口,0,0,1,2,C03,7,5,5,50,4,2,1,5,4,5,13,2,1,1,4,5,2,17,1,16,2,9,6,1,7,9,2,18,2,11,,13,,1,16,121.518523,25.0719533
113,4,3,18,19,2,12內湖區,內湖區康樂街與康樂街110巷口,0,0,1,1,F03,8,5,5,50,4,1,1,5,4,5,13,1,1,4,5,5,1,17,2,63,3,10,4,1,7,5,8,20,1,12,,8,,1,21,121.6190679,25.0706431
113,4,3,18,19,2,12內湖區,內湖區康樂街與康樂街110巷口,0,0,1,2,C03,8,5,5,50,4,1,1,5,4,5,13,1,1,4,5,5,1,17,1,53,2,8,6,1,7,9,1,9,1,11,,44,,1,21,121.6190679,25.0706431
113,4,3,18,26,2,01大同區,大同區環河北路1段與民生西路口,0,0,1,1,B03,8,5,5,50,4,2,1,5,4,5,13,1,1,1,4,5,2,17,1,32,4,11,3,4,7,21,7,19,11,15,,119,,2,22,121.5083859,25.0570869
113,4,3,18,26,2,01大同區,大同區環河北路1段與民生西路口,0,0,1,2,B03,8,5,5,50,4,2,1,5,4,5,13,1,1,1,4,5,2,17,1,39,3,10,7,1,7,9,1,8,2,7,,44,,1,21,121.5083859,25.0570869
113,4,3,18,26,2,01大同區,大同區環河北路1段與民生西路口,0,0,1,3,C03,8,5,5,50,4,2,1,5,4,5,13,1,1,1,4,5,2,17,1,22,2,9,6,1,7,9,1,10,2,11,,13,,1,21,121.5083859,25.0570869
113,4,3,18,27,2,04大安區,大安區仁愛路3段與新生南路1段口,0,0,1,3,C03,8,5,5,50,4,1,1,5,4,5,13,1,1,1,3,1,2,13,1,51,2,8,5,1,7,9,1,10,1,11,,16,,1,21,121.5329305,25.0383424
113,4,3,18,27,2,04大安區,大安區仁愛路3段與新生南路1段口,0,0,1,1,B03,8,5,5,50,4,1,1,5,4,5,13,1,1,1,3,1,2,13,1,66,3,10,7,1,7,9,1,8,1,1,,16,,1,21,121.5329305,25.0383424
113,4,3,18,27,2,04大安區,大安區仁愛路3段與新生南路1段口,0,0,1,2,B01,8,5,5,50,4,1,1,5,4,5,13,1,1,1,3,1,2,13,1,58,3,10,7,1,7,12,1,4,1,3,,44,,1,21,121.5329305,25.0383424
113,4,3,18,33,2,12內湖區,內湖區金豐街與金莊路口,0,0,1,1,B03,8,5,5,50,4,1,1,5,4,5,13,2,1,5,5,5,2,17,1,66,3,10,7,1,7,6,1,8,1,5,,9,,1,21,121.5876909,25.0653477
113,4,3,18,33,2,12內湖區,內湖區金豐街與金莊路口,0,0,1,2,C03,8,5,5,50,4,1,1,5,4,5,13,2,1,5,5,5,2,17,1,27,2,9,6,1,7,9,1,10,1,14,,44,,1,21,121.5876909,25.0653477
113,4,3,18,45,2,05中正區,中正區濟南路1段71號對面,0,0,1,1,B03,8,5,5,50,14,8,1,5,4,5,13,4,4,5,4,4,2,16,2,70,3,10,2,1,7,6,1,8,2,5,,9,,1,22,121.523387,25.04217943
113,4,3,18,45,2,05中正區,中正區濟南路1段71號對面,0,0,1,2,C03,8,5,5,50,14,8,1,5,4,5,13,4,4,5,4,4,2,16,1,28,2,9,5,1,7,9,1,10,2,14,,44,,1,22,121.523387,25.04217943
113,4,3,19,2,2,04大安區,大安區仁愛路3段24巷與建國南路1段304巷口,0,0,1,1,B03,8,5,5,30,4,1,1,5,4,5,13,4,4,10,5,5,2,9,1,51,3,10,7,1,7,5,1,8,2,8,,70,,1,21,121.5359332,25.035685
113,4,3,19,2,2,04大安區,大安區仁愛路3段24巷與建國南路1段304巷口,0,0,1,2,H01,8,5,5,30,4,1,1,5,4,5,13,4,4,10,5,5,2,9,2,79,2,9,4,5,8,16,8,20,10,16,,53,,1,21,121.5359332,25.035685
113,4,3,19,18,2,02萬華區,萬華區西園路1段與和平西路3段口,0,0,1,1,A04,7,5,5,50,4,2,1,5,4,5,13,1,1,8,3,4,2,12,1,25,3,10,7,1,7,8,1,2,2,5,,100,,1,21,121.4991835,25.0351476
113,4,3,19,18,2,02萬華區,萬華區西園路1段與和平西路3段口,0,0,1,2,C03,7,5,5,50,4,2,1,5,4,5,13,1,1,8,3,4,2,12,2,69,2,9,5,1,7,9,1,10,2,14,,44,,1,21,121.4991835,25.0351476
113,4,3,19,25,2,04大安區,大安區和平東路2段107巷與和平東路2段107巷16弄口,0,0,1,1,B02,8,5,5,30,4,2,1,5,4,5,13,4,4,10,5,5,1,8,1,45,3,10,7,1,7,6,1,8,1,4,,108,,1,21,121.5404073,25.0263564
113,4,3,19,25,2,04大安區,大安區和平東路2段107巷與和平東路2段107巷16弄口,0,0,1,2,H01,8,5,5,30,4,2,1,5,4,5,13,4,4,10,5,5,1,8,1,72,2,1,4,5,8,17,8,20,10,16,,67,,1,21,121.5404073,25.0263564
113,4,3,19,26,2,05中正區,中正區和平西路1段與南昌路2段口,0,0,1,1,B03,8,5,5,50,4,2,1,5,4,5,13,1,1,3,4,5,2,13,2,70,3,10,7,1,7,9,1,8,2,5,,108,,1,21,121.5214271,25.0269204
113,4,3,19,26,2,05中正區,中正區和平西路1段與南昌路2段口,0,0,1,2,C03,8,5,5,50,4,2,1,5,4,5,13,1,1,3,4,5,2,13,2,36,2,9,5,1,7,14,1,10,2,13,,44,,1,21,121.5214271,25.0269204
113,4,3,19,58,2,05中正區,中正區南海路與南昌路1段口,0,0,2,1,C04,8,5,5,30,4,2,4,5,4,5,13,1,1,10,4,5,2,17,2,29,2,9,5,1,7,7,1,10,2,13,,100,,1,22,121.5167037,25.0324797
113,4,3,19,58,2,05中正區,中正區南海路與南昌路1段口,0,0,2,2,C03,8,5,5,30,4,2,4,5,4,5,13,1,1,10,4,5,2,17,1,43,2,9,5,1,7,9,1,10,2,11,,44,,1,22,121.5167037,25.0324797
113,4,3,20,55,2,02萬華區,萬華區中華路1段192號,0,0,2,1,C03,7,5,5,50,14,9,1,5,4,5,13,4,4,1,3,1,2,13,1,34,2,8,5,1,7,9,1,10,1,11,,16,,1,21,121.5070701,25.0386999
113,4,3,20,55,2,02萬華區,萬華區中華路1段192號,0,0,2,2,C03,7,5,5,50,14,9,1,5,4,5,13,4,4,1,3,1,2,13,1,23,2,9,5,1,7,9,1,10,1,13,,44,,1,21,121.5070701,25.0386999
113,4,3,21,37,2,05中正區,中正區徐州路1號,0,0,2,1,C03,8,5,5,50,14,7,1,5,4,5,13,4,4,8,3,4,2,11,1,17,2,9,5,1,7,9,2,18,2,11,,108,,1,26,121.5191297,25.0417601
113,4,3,21,37,2,05中正區,中正區徐州路1號,0,0,2,2,B03,8,5,5,50,14,7,1,5,4,5,13,4,4,8,3,4,2,11,1,25,3,10,7,1,7,14,1,8,2,4,,44,,1,26,121.5191297,25.0417601
113,4,3,21,37,2,05中正區,中正區徐州路1號,0,0,2,3,H01,8,5,5,50,14,7,1,5,4,5,13,4,4,8,3,4,2,11,1,81,2,1,4,5,8,16,8,20,2,16,,121,,1,26,121.5191297,25.0417601
113,4,4,6,15,2,03中山區,中山區民權東路2段與新生北路3段口,0,0,1,1,B03,7,7,5,50,4,1,1,5,4,5,13,2,1,9,4,5,2,16,1,57,3,10,7,1,7,6,1,8,1,2,,9,,1,22,121.5279334,25.0627227
113,4,4,6,15,2,03中山區,中山區民權東路2段與新生北路3段口,0,0,1,2,C03,7,7,5,50,4,1,1,5,4,5,13,2,1,9,4,5,2,16,1,30,2,9,6,1,7,9,1,10,1,11,,44,,1,22,121.5279334,25.0627227
113,4,4,7,30,2,08士林區,士林區至誠路2段60巷與至誠路2段口,0,0,2,1,C03,8,7,5,40,3,1,1,5,4,5,13,4,4,9,5,5,1,17,2,71,2,9,5,1,7,5,1,11,1,11,,74,,1,21,121.5285708,25.10164573
113,4,4,7,30,2,08士林區,士林區至誠路2段60巷與至誠路2段口,0,0,2,2,C03,8,7,5,40,3,1,1,5,4,5,13,4,4,9,5,5,1,17,2,24,2,9,5,1,7,9,1,10,1,11,,13,,1,21,121.5285708,25.10164573
113,4,4,7,35,2,12內湖區,內湖區康寧路3段與康寧路3段16巷口,0,0,1,1,B03,8,6,5,50,4,1,1,5,4,5,13,1,1,1,3,5,1,16,1,72,3,10,7,1,7,5,1,8,2,2,,8,,1,21,121.6100003,25.07116784
113,4,4,7,35,2,12內湖區,內湖區康寧路3段與康寧路3段16巷口,0,0,1,2,C03,8,6,5,50,4,1,1,5,4,5,13,1,1,1,3,5,1,16,2,30,2,8,6,1,7,9,1,10,2,11,,44,,1,21,121.6100003,25.07116784
113,4,4,7,48,2,05中正區,中正區愛國東路88號,0,0,1,1,C03,8,7,5,50,14,9,1,5,4,5,13,4,4,1,4,5,2,12,1,40,2,9,5,4,7,7,1,10,2,13,,100,,1,21,121.5201416,25.0334169
113,4,4,7,48,2,05中正區,中正區愛國東路88號,0,0,1,2,B03,8,7,5,50,14,9,1,5,4,5,13,4,4,1,4,5,2,12,1,34,3,10,7,4,7,9,1,4,2,5,,44,,1,21,121.5201416,25.0334169
113,4,4,7,48,2,05中正區,中正區愛國東路88號,0,0,1,3,C03,8,7,5,50,14,9,1,5,4,5,13,4,4,1,4,5,2,12,1,48,4,11,5,4,7,9,1,10,2,14,,44,,1,21,121.5201416,25.0334169
113,4,4,7,48,2,10文山區,文山區指南路3段（西往東0709043燈桿旁）,0,0,2,1,C03,8,5,5,30,14,9,1,5,4,5,13,4,4,10,5,5,2,11,1,24,2,9,5,1,7,9,1,10,2,11,,5,,1,21,121.5894483,24.9761868
113,4,4,7,48,2,10文山區,文山區指南路3段（西往東0709043燈桿旁）,0,0,2,2,B03,8,5,5,30,14,9,1,5,4,5,13,4,4,10,5,5,2,11,1,38,3,10,7,1,7,9,1,8,2,8,,5,,1,21,121.5894483,24.9761868
113,4,4,7,48,2,10文山區,文山區指南路3段（西往東0709043燈桿旁）,0,0,2,3,H02,8,5,5,30,14,9,1,5,4,5,13,4,4,10,5,5,2,11,2,23,2,9,5,5,7,20,8,20,10,16,,67,,1,21,121.5894483,24.9761868
113,4,4,7,50,2,02萬華區,萬華區漢口街2段60號,0,0,1,1,A02,8,6,5,50,14,9,1,5,4,5,13,4,4,9,4,5,1,9,1,49,3,10,3,4,7,9,1,2,9,17,,42,,1,22,121.5052548,25.04603251
113,4,4,7,50,2,02萬華區,萬華區漢口街2段60號,0,0,1,2,H02,8,6,5,50,14,9,1,5,4,5,13,4,4,9,4,5,1,9,1,83,2,7,4,5,8,20,8,20,10,16,,60,,1,22,121.5052548,25.04603251
113,4,4,7,50,2,02萬華區,萬華區漢口街2段60號,0,0,1,3,H02,8,6,5,50,14,9,1,5,4,5,13,4,4,9,4,5,1,9,1,112,4,11,4,5,8,20,8,20,10,16,,60,,1,22,121.5052548,25.04603251
113,4,4,7,54,2,04大安區,大安區羅斯福路3段與浦城街口,0,0,1,1,B03,8,7,5,50,3,1,1,5,4,5,13,4,4,10,4,5,2,17,1,57,3,10,7,1,7,6,1,8,9,15,,9,,1,21,121.5266847,25.02217384
113,4,4,7,54,2,04大安區,大安區羅斯福路3段與浦城街口,0,0,1,2,F01,8,7,5,50,3,1,1,5,4,5,13,4,4,10,4,5,2,17,2,64,2,9,4,1,7,9,8,20,1,15,,42,,1,21,121.5266847,25.02217384
113,4,4,8,17,2,10文山區,文山區和平東路4段燈桿編號012號旁,0,0,1,1,C03,8,6,5,40,11,9,1,5,4,5,13,4,4,5,5,5,2,18,1,65,2,9,5,1,7,9,6,10,4,12,,21,,1,21,121.5690442,25.00486361
113,4,4,8,17,2,10文山區,文山區和平東路4段燈桿編號012號旁,0,0,1,2,,8,6,5,40,11,9,1,5,4,5,13,4,4,5,5,5,2,18,3,0,,,,,,,,,9,,,67,,1,,121.5690442,25.00486361
113,4,4,8,30,2,10文山區,文山區新光路2段與新光路2段口圓環,0,0,1,1,B12,8,5,5,50,3,2,1,5,4,5,13,4,4,9,4,5,2,17,1,78,3,10,7,1,7,8,1,8,1,3,,100,,1,21,121.5830722,25.0000348
113,4,4,8,30,2,10文山區,文山區新光路2段與新光路2段口圓環,0,0,1,2,C03,8,5,5,50,3,2,1,5,4,5,13,4,4,9,4,5,2,17,2,59,2,9,6,1,7,9,1,10,1,11,,44,,1,21,121.5830722,25.0000348
113,4,4,8,53,2,02萬華區,萬華區萬大路與富民路口,0,0,1,1,B03,8,6,5,50,3,1,1,5,4,5,13,4,4,3,4,5,2,17,1,52,3,10,7,1,7,6,1,8,1,5,,9,,1,21,121.4973834,25.01930497
113,4,4,8,53,2,02萬華區,萬華區萬大路與富民路口,0,0,1,2,C03,8,6,5,50,3,1,1,5,4,5,13,4,4,3,4,5,2,17,2,73,2,9,5,1,7,9,1,10,1,14,,44,,1,21,121.4973834,25.01930497
113,4,4,9,2,2,10文山區,文山區景興路與景興路202巷口,0,0,1,1,C03,8,6,5,50,3,2,1,5,4,5,13,2,1,5,5,5,2,12,1,60,2,9,6,1,7,9,1,10,2,12,,108,,1,21,121.5436693,24.9915356
113,4,4,9,2,2,10文山區,文山區景興路與景興路202巷口,0,0,1,2,B03,8,6,5,50,3,2,1,5,4,5,13,2,1,5,5,5,2,12,2,60,3,10,3,1,7,13,1,8,1,7,,38,,1,21,121.5436693,24.9915356
113,4,4,9,57,2,04大安區,大安區信義路2段148巷與金山南路2段13巷口,0,0,1,1,C03,8,6,5,30,4,1,1,5,4,5,13,4,4,10,5,5,2,15,2,42,2,8,5,1,7,9,1,10,1,12,,72,,1,21,121.5286229,25.0332804
113,4,4,9,57,2,04大安區,大安區信義路2段148巷與金山南路2段13巷口,0,0,1,2,B03,8,6,5,30,4,1,1,5,4,5,13,4,4,10,5,5,2,15,1,29,3,10,3,4,7,9,1,8,1,1,,108,,1,21,121.5286229,25.0332804
113,4,4,10,15,2,03中山區,中山區林森北路與新生北路3段84巷口,0,0,2,1,C03,8,7,5,50,4,1,1,5,4,5,13,4,4,10,5,5,2,1,1,38,2,8,6,1,7,9,1,10,2,11,,70,,1,21,121.5257269,25.06746878
113,4,4,10,15,2,03中山區,中山區林森北路與新生北路3段84巷口,0,0,2,2,H01,8,7,5,50,4,1,1,5,4,5,13,4,4,10,5,5,2,1,2,59,2,1,4,5,8,16,8,20,10,16,,67,,1,21,121.5257269,25.06746878
113,4,4,10,50,2,08士林區,士林區基河路(兒童樂園停車場出入口),0,0,2,1,B03,8,6,5,50,14,9,1,5,4,5,13,4,4,5,4,5,1,16,2,59,3,10,3,4,7,11,6,8,1,8,,10,,1,22,121.5149272,25.09819855
113,4,4,10,50,2,08士林區,士林區基河路(兒童樂園停車場出入口),0,0,2,2,C04,8,6,5,50,14,9,1,5,4,5,13,4,4,5,4,5,1,16,1,43,2,8,3,4,7,9,1,10,1,12,,44,,1,22,121.5149272,25.09819855
113,4,4,10,50,2,08士林區,士林區基河路(兒童樂園停車場出入口),0,0,2,3,H02,8,6,5,50,14,9,1,5,4,5,13,4,4,5,4,5,1,16,2,10,2,8,3,5,7,20,8,20,10,16,,67,,1,22,121.5149272,25.09819855
113,4,4,10,54,2,10文山區,文山區木柵路5段18之2號對面,0,0,1,1,B03,8,5,5,50,14,9,1,5,4,5,13,4,4,5,4,5,2,16,1,56,3,10,7,1,7,11,1,8,2,5,,103,,1,21,121.5821966,25.0025123
113,4,4,10,54,2,10文山區,文山區木柵路5段18之2號對面,0,0,1,2,C03,8,5,5,50,14,9,1,5,4,5,13,4,4,5,4,5,2,16,1,32,2,9,5,1,7,9,1,10,2,11,,44,,1,21,121.5821966,25.0025123
113,4,4,11,0,2,02萬華區,萬華區艋舺大道242巷1號,0,0,2,1,B03,8,6,5,50,14,9,1,5,4,5,13,4,4,5,5,5,2,17,1,35,3,10,7,1,7,11,1,8,1,7,,10,,1,21,121.4989675,25.03273724
113,4,4,11,0,2,02萬華區,萬華區艋舺大道242巷1號,0,0,2,2,C03,8,6,5,50,14,9,1,5,4,5,13,4,4,5,5,5,2,17,1,21,2,9,6,1,7,9,1,10,1,12,,44,,1,21,121.4989675,25.03273724
113,4,4,11,0,2,02萬華區,萬華區艋舺大道242巷1號,0,0,2,3,H02,8,6,5,50,14,9,1,5,4,5,13,4,4,5,5,5,2,17,2,20,2,8,6,5,7,20,8,20,10,16,,67,,1,21,121.4989675,25.03273724
113,4,4,11,0,2,09北投區,北投區崇仁路1段5號,0,0,1,1,B03,8,6,5,30,14,9,1,5,4,5,13,4,4,9,5,5,2,17,1,61,3,10,7,1,7,4,1,8,1,2,,118,,1,22,121.5012598,25.127872