發生年度,發生月,發生日,發生時-Hours,發生分,處理別-編號,區序,肇事地點,死亡人數,2-30日死亡人數,受傷人數,當事人序號,車種,天候,道路照明設備,道路類別,速限-速度限制,道路型態,事故位置,路面狀況1,路面狀況2,路面狀況3,道路障礙1,道路障礙2,號誌1,號誌2,車道劃分-分向,車道劃分-分道1,車道劃分-分道2,車道劃分-分道3,事故類型及型態,性別,年齡,受傷程度,主要傷處,保護裝置,行動電話,車輛用途,當事者行動狀態,駕駛資格情形,駕駛執照種類,飲酒情形,車輛撞擊部位1,車輛撞擊部位2,肇因碼-個別,肇因碼-主要,個人肇逃否,職業,座標-X,座標-Y
113,4,4,11,0,2,09北投區,北投區崇仁路1段5號,0,0,1,2,C03,8,6,5,30,14,9,1,5,4,5,13,4,4,9,5,5,2,17,1,31,2,8,6,1,7,9,1,10,1,14,,118,,1,22,121.5012598,25.127872
113,4,4,11,40,2,08士林區,士林區福林路與福林路口士林官邸前,0,0,2,1,B02,8,6,5,50,3,1,1,5,4,5,13,4,4,5,5,5,2,17,1,56,3,10,3,4,7,6,1,8,1,2,,9,,1,21,121.5302033,25.0951127
113,4,4,11,40,2,08士林區,士林區福林路與福林路口士林官邸前,0,0,2,2,C03,8,6,5,50,3,1,1,5,4,5,13,4,4,5,5,5,2,17,1,20,2,9,3,4,7,9,1,10,1,14,,108,,1,21,121.5302033,25.0951127
113,4,4,11,40,2,08士林區,士林區福林路與福林路口士林官邸前,0,0,2,3,H02,8,6,5,50,3,1,1,5,4,5,13,4,4,5,5,5,2,17,1,18,2,9,3,5,7,20,8,20,10,16,,67,,1,21,121.5302033,25.0951127
113,4,4,11,40,2,11南港區,南港區松河街418號,0,0,1,1,B03,8,5,5,50,14,9,1,5,4,5,13,4,4,5,4,5,2,16,1,49,3,10,3,4,7,11,1,8,1,7,,80,,1,22,121.5908887,25.0568781
113,4,4,11,40,2,11南港區,南港區松河街418號,0,0,1,2,C03,8,5,5,50,14,9,1,5,4,5,13,4,4,5,4,5,2,16,1,40,2,9,5,1,7,9,1,10,1,11,,44,,1,22,121.5908887,25.0568781
113,4,4,11,41,2,01大同區,大同區承德路3段與敦煌路口,0,0,1,1,C03,8,6,5,50,4,1,1,5,4,5,13,1,1,1,4,5,2,17,1,18,3,10,6,1,7,8,1,10,2,17,,100,,1,21,121.5202592,25.0751896
113,4,4,11,41,2,01大同區,大同區承德路3段與敦煌路口,0,0,1,2,C03,8,6,5,50,4,1,1,5,4,5,13,1,1,1,4,5,2,17,2,41,2,9,6,1,7,10,1,10,2,12,,103,,1,21,121.5202592,25.0751896
113,4,4,11,41,2,01大同區,大同區承德路3段與敦煌路口,0,0,1,3,,8,6,5,50,4,1,1,5,4,5,13,1,1,1,4,5,2,17,3,0,,,,,,,,,,,,67,,1,,121.5202592,25.0751896
113,4,4,11,41,2,08士林區,士林區中正路與中正路247巷口,0,0,1,1,B03,7,6,5,50,3,2,1,5,4,5,13,1,1,3,4,5,2,17,1,45,4,11,3,4,7,6,1,8,9,2,,42,,1,22,121.5257945,25.0951685
113,4,4,11,41,2,08士林區,士林區中正路與中正路247巷口,0,0,1,2,C03,7,6,5,50,3,2,1,5,4,5,13,1,1,3,4,5,2,17,2,33,2,9,6,1,7,9,1,10,9,11,,44,,1,22,121.5257945,25.0951685
113,4,4,11,55,2,07信義區,(基隆路1段156號),0,0,1,1,C03,8,7,8,50,22,22,1,5,4,5,13,4,4,5,4,5,2,11,1,38,2,9,6,1,7,9,1,10,2,14,,116,,1,22,121.5639861,25.0442917
113,4,4,11,55,2,07信義區,(基隆路1段156號),0,0,1,2,B01,8,7,8,50,22,22,1,5,4,5,13,4,4,5,4,5,2,11,2,62,3,10,7,1,7,9,1,4,2,4,,44,,1,22,121.5639861,25.0442917
113,4,4,12,16,2,06松山區,松山區延壽街394號,0,0,1,1,C04,7,7,5,50,14,9,1,5,4,5,13,4,4,8,5,5,2,12,2,61,2,9,5,1,7,1,1,11,1,14,,19,,1,26,121.5577628,25.0563799
113,4,4,12,16,2,06松山區,松山區延壽街394號,0,0,1,2,B03,7,7,5,50,14,9,1,5,4,5,13,4,4,8,5,5,2,12,2,50,3,10,7,1,7,4,1,8,1,2,,44,,1,26,121.5577628,25.0563799
113,4,4,12,49,2,10文山區,文山區木柵路5段與萬福橋口口,0,0,2,1,C03,8,5,5,50,4,2,1,5,4,5,13,2,1,10,5,5,2,13,1,74,2,3,5,1,7,9,1,10,1,11,,16,,1,21,121.5835851,25.002809
113,4,4,12,49,2,10文山區,文山區木柵路5段與萬福橋口口,0,0,2,2,C03,8,5,5,50,4,2,1,5,4,5,13,2,1,10,5,5,2,13,1,61,2,8,5,1,7,9,1,10,1,13,,44,,1,21,121.5835851,25.002809
113,4,4,12,55,2,05中正區,中正區金山南路1段與濟南路2段口,0,0,1,1,B03,7,6,5,50,4,1,1,5,4,5,13,1,1,5,5,5,2,16,1,57,3,10,7,1,7,6,1,8,2,2,,44,,1,21,121.52927,25.0408655
113,4,4,12,55,2,05中正區,中正區金山南路1段與濟南路2段口,0,0,1,2,C03,7,6,5,50,4,1,1,5,4,5,13,1,1,5,5,5,2,16,1,35,3,10,6,1,7,9,1,10,2,14,,44,,1,21,121.52927,25.0408655
113,4,4,12,55,2,05中正區,中正區金山南路1段與濟南路2段口,0,0,1,3,H02,7,6,5,50,4,1,1,5,4,5,13,1,1,5,5,5,2,16,2,32,2,7,6,5,7,20,8,20,10,16,,67,,1,21,121.52927,25.0408655
113,4,4,13,53,2,10文山區,文山區汀州路4段與溪洲街口,0,0,2,1,C03,7,6,6,30,3,1,1,5,4,5,13,3,1,5,5,5,2,20,2,16,2,1,6,1,7,15,2,18,1,12,,42,,1,21,121.5354431,25.0038597
113,4,4,13,53,2,10文山區,文山區汀州路4段與溪洲街口,0,0,2,2,,7,6,6,30,3,1,1,5,4,5,13,3,1,5,5,5,2,20,3,0,,,,,,,,,,,,67,,1,,121.5354431,25.0038597
113,4,4,13,53,2,10文山區,文山區汀州路4段與溪洲街口,0,0,2,3,H02,7,6,6,30,3,1,1,5,4,5,13,3,1,5,5,5,2,20,1,21,2,9,6,5,7,20,8,20,10,16,,67,,1,21,121.5354431,25.0038597
113,4,4,14,2,2,06松山區,松山區敦化北路100號,0,0,1,1,B03,6,7,5,50,14,9,1,4,4,5,13,4,4,9,4,5,2,17,2,23,3,10,7,1,7,1,1,8,2,5,,19,,1,22,121.5487437,25.05264143
113,4,4,14,2,2,06松山區,松山區敦化北路100號,0,0,1,2,F01,6,7,5,50,14,9,1,4,4,5,13,4,4,9,4,5,2,17,1,25,2,9,4,1,7,9,8,20,2,14,,42,,1,22,121.5487437,25.05264143
113,4,4,14,6,2,10文山區,文山區政大三街與政大二街口口,0,0,1,1,B03,7,6,5,30,4,1,1,5,4,5,13,4,4,10,5,5,2,15,1,50,3,10,7,1,7,9,1,8,1,4,,72,,1,21,121.584072,24.9865471
113,4,4,14,6,2,10文山區,文山區政大三街與政大二街口口,0,0,1,2,C03,7,6,5,30,4,1,1,5,4,5,13,4,4,10,5,5,2,15,1,28,2,9,5,1,7,9,1,10,1,11,,14,,1,21,121.584072,24.9865471
113,4,4,14,26,2,04大安區,大安區敦化南路2段與安和路2段171巷口,0,0,1,2,,6,6,5,50,4,2,1,4,4,5,13,1,1,10,5,5,2,18,3,0,,,,,,,,,,,,67,,1,,121.5490171,25.0280164
113,4,4,14,26,2,04大安區,大安區敦化南路2段與安和路2段171巷口,0,0,1,1,C04,6,6,5,50,4,2,1,4,4,5,13,1,1,10,5,5,2,18,2,29,2,9,5,1,7,9,1,10,1,12,,42,,1,21,121.5490171,25.0280164
113,4,4,14,29,2,04大安區,大安區光復南路420巷與光復南路口,0,0,1,1,B03,6,5,5,50,3,1,1,4,4,5,13,2,1,10,5,5,2,17,2,50,3,10,3,4,7,6,1,8,1,5,,9,,1,21,121.5574032,25.0364686
113,4,4,14,29,2,04大安區,大安區光復南路420巷與光復南路口,0,0,1,2,F01,6,5,5,50,3,1,1,4,4,5,13,2,1,10,5,5,2,17,2,13,2,9,3,4,7,1,8,20,1,11,,19,,1,21,121.5574032,25.0364686
113,4,4,14,35,2,12內湖區,內湖區堤外便道與五分街口口,0,0,1,1,B03,6,6,5,50,4,1,1,4,4,5,13,2,1,5,5,5,2,16,1,19,3,10,7,1,7,5,1,8,2,1,,8,,1,21,121.6178489,25.06579068
113,4,4,14,35,2,12內湖區,內湖區堤外便道與五分街口口,0,0,1,2,C03,6,6,5,50,4,1,1,4,4,5,13,2,1,5,5,5,2,16,1,23,2,9,6,1,7,9,3,18,2,14,,44,,1,21,121.6178489,25.06579068
113,4,4,15,37,2,04大安區,大安區忠孝東路4段181巷7弄23號,0,0,1,1,B03,7,5,5,30,14,9,1,5,4,5,13,4,4,10,5,5,2,9,1,31,3,10,3,4,7,9,1,8,1,5,,108,,1,21,121.5509802,25.04208654
113,4,4,15,37,2,04大安區,大安區忠孝東路4段181巷7弄23號,0,0,1,2,H01,7,5,5,30,14,9,1,5,4,5,13,4,4,10,5,5,2,9,2,75,2,8,4,5,8,16,8,20,1,16,,60,,1,21,121.5509802,25.04208654
113,4,4,16,31,2,08士林區,士林區中山北路5段與中山北路5段829巷口,0,0,1,1,B03,7,7,5,50,3,1,1,4,4,5,13,4,4,10,5,5,1,17,1,19,3,10,7,1,7,6,1,8,1,2,,9,,1,21,121.5258228,25.101592
113,4,4,16,31,2,08士林區,士林區中山北路5段與中山北路5段829巷口,0,0,1,2,C03,7,7,5,50,3,1,1,4,4,5,13,4,4,10,5,5,1,17,1,42,2,9,5,1,7,9,1,10,1,14,,14,,1,21,121.5258228,25.101592
113,4,4,16,45,2,09北投區,北投區立農街1段與立農街1段320巷口,0,0,2,1,C03,8,7,5,30,4,1,1,5,4,5,13,4,4,10,5,5,1,15,1,27,2,9,6,1,7,9,1,10,2,12,,14,,1,22,121.5067358,25.1195061
113,4,4,16,45,2,09北投區,北投區立農街1段與立農街1段320巷口,0,0,2,2,C03,8,7,5,30,4,1,1,5,4,5,13,4,4,10,5,5,1,15,1,46,2,9,6,1,7,9,6,18,2,11,,14,,1,22,121.5067358,25.1195061
113,4,4,16,52,2,03中山區,中山區樂群三路美麗華停車場出入口,0,0,1,1,B03,8,6,5,40,14,8,1,5,4,5,13,4,4,5,5,4,2,17,1,63,3,10,7,1,7,1,1,8,1,8,,19,,1,21,121.5568613,25.0826885
113,4,4,16,52,2,03中山區,中山區樂群三路美麗華停車場出入口,0,0,1,2,C03,8,6,5,40,14,8,1,5,4,5,13,4,4,5,5,4,2,17,1,26,3,10,6,1,7,9,1,10,1,12,,44,,1,21,121.5568613,25.0826885
113,4,4,16,52,2,03中山區,中山區樂群三路美麗華停車場出入口,0,0,1,3,H02,8,6,5,40,14,8,1,5,4,5,13,4,4,5,5,4,2,17,2,36,2,8,6,5,7,20,8,20,10,17,,67,,1,21,121.5568613,25.0826885
113,4,4,17,0,2,01大同區,大同區酒泉街與延平北路4段口口,0,0,1,1,B03,8,6,5,50,4,1,1,5,4,5,13,2,1,8,3,5,2,16,1,44,3,10,7,1,7,6,1,8,1,5,,27,,1,21,121.5109159,25.0721073
113,4,4,17,0,2,01大同區,大同區酒泉街與延平北路4段口口,0,0,1,2,C03,8,6,5,50,4,1,1,5,4,5,13,2,1,8,3,5,2,16,2,21,2,8,6,1,7,9,1,10,1,14,,44,,1,21,121.5109159,25.0721073
113,4,4,19,10,2,05中正區,中正區重慶南路3段與寧波西街口,0,0,1,1,C03,8,5,5,50,4,1,1,5,4,5,13,1,1,1,4,5,2,17,1,20,3,10,5,1,7,6,1,10,2,12,,9,,1,21,121.5153529,25.0297887
113,4,4,19,10,2,05中正區,中正區重慶南路3段與寧波西街口,0,0,1,2,C03,8,5,5,50,4,1,1,5,4,5,13,1,1,1,4,5,2,17,1,73,2,9,5,1,7,9,1,10,2,11,,44,,1,21,121.5153529,25.0297887
113,4,4,20,23,2,02萬華區,萬華區內江街與昆明街口,0,0,1,1,B12,7,5,5,50,4,1,1,5,4,5,13,1,1,10,4,5,2,17,1,26,3,10,7,4,7,7,1,8,1,8,,100,,1,21,121.5045222,25.0415182
113,4,4,20,23,2,02萬華區,萬華區內江街與昆明街口,0,0,1,2,C03,7,5,5,50,4,1,1,5,4,5,13,1,1,10,4,5,2,17,1,27,2,9,5,4,7,9,1,10,1,12,,44,,1,21,121.5045222,25.0415182
113,4,4,20,35,2,07信義區,信義區基隆路1段37巷與基隆路1段87巷口,0,0,1,1,C03,7,5,5,30,4,1,1,5,4,5,13,4,4,10,5,5,2,17,1,29,2,7,5,4,7,9,1,10,1,14,,108,,1,22,121.5688711,25.0462658
113,4,4,20,35,2,07信義區,信義區基隆路1段37巷與基隆路1段87巷口,0,0,1,2,B03,7,5,5,30,4,1,1,5,4,5,13,4,4,10,5,5,2,17,1,63,3,10,3,4,7,9,1,8,1,5,,72,,1,22,121.5688711,25.0462658
113,4,4,20,49,2,03中山區,中山區建國北路3段113巷與民族東路口,0,0,1,1,B03,7,5,5,50,3,2,1,5,4,5,13,2,1,8,3,4,1,17,1,60,3,10,7,1,7,5,1,8,1,2,,16,,1,21,121.5366231,25.0681206
113,4,4,20,49,2,03中山區,中山區建國北路3段113巷與民族東路口,0,0,1,2,C03,7,5,5,50,3,2,1,5,4,5,13,2,1,8,3,4,1,17,1,17,2,9,5,1,7,9,2,18,1,11,,108,,1,21,121.5366231,25.0681206
113,4,4,21,25,2,06松山區,松山區南京東路4段162號,0,0,1,1,F01,7,5,8,0,22,20,4,5,4,5,13,4,4,10,5,5,2,24,2,58,2,9,4,1,7,9,8,20,1,15,,107,,1,21,121.5564946,25.05147096
113,4,4,21,25,2,06松山區,松山區南京東路4段162號,0,0,1,3,,7,5,8,0,22,20,4,5,4,5,13,4,4,10,5,5,2,24,3,23,,,,,,,,,,,,67,,1,,121.5564946,25.05147096
113,4,4,21,25,2,06松山區,松山區南京東路4段162號,0,0,1,2,H03,7,5,8,0,22,20,4,5,4,5,13,4,4,10,5,5,2,24,1,55,4,11,4,5,8,21,8,20,10,16,,67,,1,21,121.5564946,25.05147096
113,4,4,21,34,2,10文山區,文山區興隆路1段251巷與興隆路1段251巷4弄口口,0,0,2,1,C03,8,5,5,30,4,1,1,5,4,5,13,4,4,10,5,5,2,15,2,29,2,9,6,1,7,9,1,10,1,11,,80,,1,21,121.544891,24.9997874
113,4,4,21,34,2,10文山區,文山區興隆路1段251巷與興隆路1段251巷4弄口口,0,0,2,2,C03,8,5,5,30,4,1,1,5,4,5,13,4,4,10,5,5,2,15,1,25,2,8,6,1,7,9,1,10,1,14,,14,,1,21,121.544891,24.9997874
113,4,4,21,45,2,08士林區,士林區中正路與中正路247巷口,0,0,1,1,C03,7,5,5,50,3,18,1,5,4,5,13,1,1,3,4,5,2,3,1,46,3,10,6,1,7,15,1,10,2,12,,70,,1,22,121.525534,25.0951012
113,4,4,21,45,2,08士林區,士林區中正路與中正路247巷口,0,0,1,2,H01,7,5,5,50,3,18,1,5,4,5,13,1,1,3,4,5,2,3,2,48,2,9,4,5,8,16,8,20,10,16,,67,,1,22,121.525534,25.0951012
113,4,4,21,51,2,02萬華區,萬華區青年路與國興路口,0,0,2,1,C03,8,5,5,50,4,1,1,5,4,5,13,2,1,5,5,5,2,17,2,65,3,10,5,4,7,1,1,10,1,13,,19,,1,21,121.5064303,25.02613682
113,4,4,21,51,2,02萬華區,萬華區青年路與國興路口,0,0,2,2,C03,8,5,5,50,4,1,1,5,4,5,13,2,1,5,5,5,2,17,2,18,2,9,5,4,7,9,1,10,1,11,,44,,1,21,121.5064303,25.02613682
113,4,4,21,51,2,02萬華區,萬華區青年路與國興路口,0,0,2,3,H02,8,5,5,50,4,1,1,5,4,5,13,2,1,5,5,5,2,17,1,18,2,9,5,5,7,20,8,20,10,16,,67,,1,21,121.5064303,25.02613682
113,4,4,21,56,2,03中山區,中山區民族東路與松江路口,0,0,1,1,B03,8,5,5,50,3,1,1,5,4,5,13,4,4,1,4,5,2,16,2,48,3,10,3,4,7,6,1,8,1,2,,9,,1,21,121.5326185,25.0681666
113,4,4,21,56,2,03中山區,中山區民族東路與松江路口,0,0,1,2,C03,8,5,5,50,3,1,1,5,4,5,13,4,4,1,4,5,2,16,1,53,2,7,5,1,7,9,1,10,1,14,,44,,1,21,121.5326185,25.0681666
113,4,4,23,8,2,01大同區,大同區環河北路1段與民生西路口,0,0,1,1,B03,7,5,5,50,4,2,1,5,4,5,13,2,1,1,2,5,2,13,1,69,3,10,3,4,7,9,3,18,2,1,,16,,1,22,121.5082838,25.0566094
113,4,4,23,8,2,01大同區,大同區環河北路1段與民生西路口,0,0,1,2,C04,7,5,5,50,4,2,1,5,4,5,13,2,1,1,2,5,2,13,1,36,2,9,6,4,7,9,1,10,2,13,,44,,1,22,121.5082838,25.0566094
113,4,4,23,15,2,03中山區,中山區新生北路3段與民族東路口,0,0,1,1,B01,6,5,5,50,4,1,1,4,4,5,13,1,1,1,4,5,2,16,1,45,3,10,3,4,7,6,1,4,1,5,,9,,1,22,121.5280341,25.06823142
113,4,4,23,15,2,03中山區,中山區新生北路3段與民族東路口,0,0,1,2,F01,6,5,5,50,4,1,1,4,4,5,13,1,1,1,4,5,2,16,2,72,2,9,4,4,7,9,8,20,1,14,,88,,1,22,121.5280341,25.06823142
113,4,4,23,52,2,04大安區,大安區四維路170巷與和平東路3段1巷口,0,0,1,1,B01,7,5,5,30,3,1,1,4,4,5,13,4,4,10,5,5,2,17,1,43,3,10,7,1,7,15,1,4,1,17,,80,,1,21,121.5469036,25.0282242
113,4,4,23,52,2,04大安區,大安區四維路170巷與和平東路3段1巷口,0,0,1,2,C03,7,5,5,30,3,1,1,4,4,5,13,4,4,10,5,5,2,17,1,24,2,9,5,1,7,12,1,10,1,14,,44,,1,21,121.5469036,25.0282242
113,4,5,10,45,2,04大安區,西往東方向(辛亥路2段171巷與辛亥復興路口之間),0,0,1,1,B03,7,6,5,50,14,7,1,5,4,5,13,4,4,1,4,1,2,13,1,46,3,10,7,1,7,9,1,8,1,1,,44,,1,21,121.5418967,25.02124714
113,4,5,10,45,2,04大安區,西往東方向(辛亥路2段171巷與辛亥復興路口之間),0,0,1,2,B03,7,6,5,50,14,7,1,5,4,5,13,4,4,1,4,1,2,13,1,48,3,10,7,1,7,9,1,8,1,3,,44,,1,21,121.5418967,25.02124714
113,4,5,10,45,2,04大安區,西往東方向(辛亥路2段171巷與辛亥復興路口之間),0,0,1,3,H02,7,6,5,50,14,7,1,5,4,5,13,4,4,1,4,1,2,13,2,48,2,1,7,5,7,21,8,20,10,16,,67,,1,21,121.5418967,25.02124714
113,4,5,11,8,2,03中山區,中山區長安東路2段與松江路口,0,0,1,1,B01,8,5,5,50,4,1,1,5,4,5,13,2,1,3,4,5,2,2,1,55,3,10,3,4,7,6,1,4,1,1,,44,,1,21,121.533079,25.0485793
113,4,5,11,8,2,03中山區,中山區長安東路2段與松江路口,0,0,1,2,H01,8,5,5,50,4,1,1,5,4,5,13,2,1,3,4,5,2,2,2,64,2,9,4,5,8,16,8,20,10,16,,60,,1,21,121.533079,25.0485793
113,4,5,12,48,2,04大安區,大安區金華街199巷與愛國東路口,0,0,1,2,B01,8,5,5,30,4,1,1,5,4,5,13,4,4,4,3,5,2,15,1,56,3,10,7,1,7,9,1,4,1,8,,14,,1,21,121.5283,25.0314824
113,4,5,12,48,2,04大安區,大安區金華街199巷與愛國東路口,0,0,1,1,C03,8,5,5,30,4,1,1,5,4,5,13,4,4,4,3,5,2,15,1,56,2,9,5,1,7,9,1,10,1,12,,14,,1,21,121.5283,25.0314824
113,4,5,12,50,2,08士林區,士林區小東街37號,0,0,1,1,B12,8,6,5,30,14,9,1,5,4,5,13,4,4,10,5,5,2,17,1,40,3,10,7,1,7,2,1,8,1,3,,12,,1,21,121.5264435,25.08961487
113,4,5,12,50,2,08士林區,士林區小東街37號,0,0,1,2,C03,8,6,5,30,14,9,1,5,4,5,13,4,4,10,5,5,2,17,1,44,2,5,6,1,7,15,1,10,1,13,,44,,1,21,121.5264435,25.08961487
113,4,5,13,25,2,08士林區,士林區文林路與大東路口,0,0,2,1,C03,8,6,5,50,3,2,1,5,4,5,13,4,4,9,4,5,1,16,2,49,2,9,3,4,7,9,1,10,1,14,,72,,1,22,121.5249975,25.0936656
113,4,5,13,25,2,08士林區,士林區文林路與大東路口,0,0,2,2,C03,8,6,5,50,3,2,1,5,4,5,13,4,4,9,4,5,1,16,1,25,2,9,3,4,7,5,1,10,1,14,,14,,1,22,121.5249975,25.0936656
113,4,5,13,28,2,02萬華區,萬華區桂林路246巷與和平西路3段口,0,0,2,1,C03,7,6,5,30,3,2,1,5,4,5,13,1,1,10,5,5,2,12,1,34,2,7,6,1,7,9,1,10,1,14,,108,,1,22,121.4911999,25.036051
113,4,5,13,28,2,02萬華區,萬華區桂林路246巷與和平西路3段口,0,0,2,2,C03,7,6,5,30,3,2,1,5,4,5,13,1,1,10,5,5,2,12,1,66,2,8,6,1,7,9,1,10,1,12,,116,,1,22,121.4911999,25.036051
113,4,5,14,0,2,05中正區,中正區中正河濱公園與中正橋口下方,0,0,2,1,F01,8,6,5,30,11,9,1,5,4,1,11,4,4,10,5,5,1,17,1,57,2,7,4,1,7,5,8,20,1,11,,108,,1,21,121.5168297,25.02152027
113,4,5,14,0,2,05中正區,中正區中正河濱公園與中正橋口下方,0,0,2,2,F01,8,6,5,30,11,9,1,5,4,1,11,4,4,10,5,5,1,17,1,5,2,7,4,1,7,6,8,20,1,11,,108,,1,24,121.5168297,25.02152027
113,4,5,14,13,2,04大安區,大安區臥龍街236號,0,0,2,1,C03,7,6,5,40,14,9,1,5,4,5,13,4,4,4,3,4,1,12,1,55,2,9,6,1,7,9,1,10,1,11,,44,,1,21,121.5552756,25.01866323
113,4,5,14,13,2,04大安區,大安區臥龍街236號,0,0,2,2,B03,7,6,5,40,14,9,1,5,4,5,13,4,4,4,3,4,1,12,1,36,3,10,7,1,7,11,1,8,1,7,,10,,1,21,121.5552756,25.01866323
113,4,5,14,13,2,04大安區,大安區臥龍街236號,0,0,2,3,H02,7,6,5,40,14,9,1,5,4,5,13,4,4,4,3,4,1,12,2,50,2,9,4,5,7,20,8,20,10,16,,67,,1,21,121.5552756,25.01866323
113,4,5,15,13,2,12內湖區,內湖區港墘路與港墘路82巷口,0,0,2,1,C03,7,5,5,50,4,2,1,5,4,5,13,1,1,5,5,5,2,16,1,32,2,9,6,1,7,11,1,10,2,12,,80,,1,21,121.5779357,25.08071086
113,4,5,15,13,2,12內湖區,內湖區港墘路與港墘路82巷口,0,0,2,2,C03,7,5,5,50,4,2,1,5,4,5,13,1,1,5,5,5,2,16,1,19,2,9,6,1,7,9,1,10,2,11,,44,,1,21,121.5779357,25.08071086
113,4,5,15,24,2,06松山區,松山區光復南路22巷與八德路3段158巷口,0,0,1,1,B03,7,5,5,30,4,1,1,5,4,5,13,4,4,10,5,5,2,15,1,20,3,10,7,1,7,9,1,8,1,4,,72,,1,22,121.5552241,25.0468878
113,4,5,15,24,2,06松山區,松山區光復南路22巷與八德路3段158巷口,0,0,1,2,C03,7,5,5,30,4,1,1,5,4,5,13,4,4,10,5,5,2,15,1,18,2,8,5,1,7,9,1,10,1,11,,14,,1,22,121.5552241,25.0468878
113,4,5,15,39,2,04大安區,大安區新生南路2段與和平東路1段口,0,0,1,1,B02,8,5,5,50,4,2,1,5,4,5,12,2,1,9,2,3,2,16,1,38,3,10,7,1,7,6,1,4,1,5,,9,,1,21,121.5347069,25.0261632
113,4,5,15,39,2,04大安區,大安區新生南路2段與和平東路1段口,0,0,1,2,C03,8,5,5,50,4,2,1,5,4,5,12,2,1,9,2,3,2,16,1,19,2,9,5,1,7,9,1,10,1,14,,13,,1,21,121.5347069,25.0261632
113,4,5,16,12,2,07信義區,信義區富陽街71巷22號,0,0,1,1,B03,8,7,5,30,14,9,1,5,4,5,13,4,4,7,5,5,2,17,1,70,3,10,7,1,7,15,1,8,2,4,,38,,1,21,121.5574027,25.0222019
113,4,5,16,12,2,07信義區,信義區富陽街71巷22號,0,0,1,3,H02,8,7,5,30,14,9,1,5,4,5,13,4,4,7,5,5,2,17,1,28,3,10,7,5,7,19,8,20,10,16,,126,,1,21,121.5574027,25.0222019
113,4,5,16,12,2,07信義區,信義區富陽街71巷22號,0,0,1,2,C03,8,7,5,30,14,9,1,5,4,5,13,4,4,7,5,5,2,17,1,38,2,7,6,1,7,9,1,10,2,12,,44,,1,21,121.5574027,25.0222019
113,4,5,16,20,2,07信義區,信義區松山路與永吉路口,0,0,1,1,C03,7,7,5,50,4,1,1,5,4,5,13,2,1,1,4,5,2,17,1,53,2,9,5,1,7,5,1,10,1,12,,108,,1,22,121.5777738,25.0453147
113,4,5,16,20,2,07信義區,信義區松山路與永吉路口,0,0,1,2,B03,7,7,5,50,4,1,1,5,4,5,13,2,1,1,4,5,2,17,1,42,3,10,7,1,7,11,1,8,1,4,,10,,1,22,121.5777738,25.0453147
113,4,5,16,26,2,08士林區,士林區中正路639號,0,0,1,1,B03,7,6,5,50,14,9,1,5,4,5,13,4,4,1,4,5,2,17,1,31,3,10,7,1,7,8,3,18,2,2,,100,,1,21,121.508116,25.08636875
113,4,5,16,26,2,08士林區,士林區中正路639號,0,0,1,2,C03,7,6,5,50,14,9,1,5,4,5,13,4,4,1,4,5,2,17,1,75,2,9,5,1,7,9,1,10,2,14,,116,,1,21,121.508116,25.08636875
113,4,5,16,30,2,07信義區,信義區忠孝東路5段與忠孝東路5段743巷口,0,0,1,1,B03,7,6,5,50,5,1,1,5,4,5,13,2,1,1,4,5,1,17,1,53,3,10,3,4,7,6,1,8,1,17,,9,,1,22,121.5814189,25.0436401
113,4,5,16,30,2,07信義區,信義區忠孝東路5段與忠孝東路5段743巷口,0,0,1,2,C03,7,6,5,50,5,1,1,5,4,5,13,2,1,1,4,5,1,17,1,63,2,9,3,4,7,12,1,10,1,14,,44,,1,22,121.5814189,25.0436401
113,4,5,16,31,2,08士林區,士林區環河北路3段堤外自行車道延平河濱047桿,0,0,2,1,F01,7,7,5,0,14,23,1,5,4,5,13,4,4,9,5,5,1,17,1,14,2,9,4,1,7,9,8,20,1,11,,107,,1,21,121.5058821,25.0844165
113,4,5,16,31,2,08士林區,士林區環河北路3段堤外自行車道延平河濱047桿,0,0,2,2,F01,7,7,5,0,14,23,1,5,4,5,13,4,4,9,5,5,1,17,1,20,2,9,4,1,7,9,8,20,1,11,,4,,1,21,121.5058821,25.0844165
113,4,5,17,48,2,04大安區,大安區仁愛路4段與光復南路口,0,0,1,1,B03,7,5,5,50,4,1,1,5,4,5,13,1,1,10,3,5,2,12,1,23,3,10,7,1,7,8,1,8,1,5,,100,,1,21,121.5572878,25.037743
113,4,5,17,48,2,04大安區,大安區仁愛路4段與光復南路口,0,0,1,2,B03,7,5,5,50,4,1,1,5,4,5,13,1,1,10,3,5,2,12,1,41,2,2,7,1,7,9,1,8,1,7,,44,,1,21,121.5572878,25.037743
113,4,5,18,10,2,08士林區,士林區中正路行政中心公車站,0,0,1,1,C03,8,6,6,40,14,8,1,5,4,5,13,4,4,3,4,4,2,17,1,44,3,10,3,4,7,9,3,18,2,11,,108,,1,21,121.5194195,25.0928162
113,4,5,18,10,2,08士林區,士林區中正路行政中心公車站,0,0,1,2,A02,8,6,6,40,14,8,1,5,4,5,13,4,4,3,4,4,2,17,1,59,3,10,3,4,7,14,1,2,2,17,,38,,1,21,121.5194195,25.0928162
113,4,5,18,10,2,08士林區,士林區中正路行政中心公車站,0,0,1,3,H02,8,6,6,40,14,8,1,5,4,5,13,4,4,3,4,4,2,17,2,28,2,9,4,5,7,19,8,20,10,16,,67,,1,21,121.5194195,25.0928162