發生年度,發生月,發生日,發生時-Hours,發生分,處理別-編號,區序,肇事地點,死亡人數,2-30日死亡人數,受傷人數,當事人序號,車種,天候,道路照明設備,道路類別,速限-速度限制,道路型態,事故位置,路面狀況1,路面狀況2,路面狀況3,道路障礙1,道路障礙2,號誌1,號誌2,車道劃分-分向,車道劃分-分道1,車道劃分-分道2,車道劃分-分道3,事故類型及型態,性別,年齡,受傷程度,主要傷處,保護裝置,行動電話,車輛用途,當事者行動狀態,駕駛資格情形,駕駛執照種類,飲酒情形,車輛撞擊部位1,車輛撞擊部位2,肇因碼-個別,肇因碼-主要,個人肇逃否,職業,座標-X,座標-Y
113,4,5,20,30,2,03中山區,中山區中山北路1段與華陰街口,0,0,1,2,C03,8,5,5,50,3,2,1,5,4,5,13,4,4,1,4,1,2,17,2,25,2,9,5,1,7,9,1,10,1,12,,108,,1,22,121.5210353,25.0489927
113,4,5,20,30,2,03中山區,中山區中山北路1段與華陰街口,0,0,1,1,C03,8,5,5,50,3,2,1,5,4,5,13,4,4,1,4,1,2,17,1,41,4,11,3,4,7,8,1,10,11,15,,100,,2,22,121.5210353,25.0489927
113,4,5,20,39,2,08士林區,士林區承德路5段55號(兒童新樂園士商路大門口),0,0,1,1,A04,8,5,5,50,14,9,1,5,4,5,13,3,1,10,4,5,1,17,1,49,3,10,7,1,7,5,1,1,1,4,,17,,1,21,121.5154291,25.09636287
113,4,5,20,39,2,08士林區,士林區承德路5段55號(兒童新樂園士商路大門口),0,0,1,2,B03,8,5,5,50,14,9,1,5,4,5,13,3,1,10,4,5,1,17,1,40,2,9,7,1,7,14,1,8,1,6,,44,,1,21,121.5154291,25.09636287
113,4,5,20,50,2,09北投區,北投區中央北路2段257巷與中央北路2段口,0,0,1,1,C03,7,5,5,30,5,1,1,5,4,5,13,1,1,10,5,5,2,17,2,59,2,9,6,1,7,1,1,10,1,11,,19,,1,21,121.4911287,25.1384636
113,4,5,20,50,2,09北投區,北投區中央北路2段257巷與中央北路2段口,0,0,1,2,C01,7,5,5,30,5,1,1,5,4,5,13,1,1,10,5,5,2,17,1,32,3,10,6,1,7,15,1,9,1,11,,44,,1,21,121.4911287,25.1384636
113,4,5,21,10,2,08士林區,士林區承德路4段與承德路4段179巷口,0,0,2,1,B03,7,5,5,30,3,1,1,5,4,5,13,3,1,1,4,5,2,17,1,42,3,10,7,1,7,6,1,8,2,8,,80,,1,22,121.522664,25.0873146
113,4,5,21,10,2,08士林區,士林區承德路4段與承德路4段179巷口,0,0,2,2,C03,7,5,5,30,3,1,1,5,4,5,13,3,1,1,4,5,2,17,1,22,2,9,6,1,7,9,1,10,2,11,,13,,1,22,121.522664,25.0873146
113,4,5,21,10,2,08士林區,士林區承德路4段與承德路4段179巷口,0,0,2,3,H02,7,5,5,30,3,1,1,5,4,5,13,3,1,1,4,5,2,17,2,22,2,8,6,5,7,17,8,20,10,16,,67,,1,22,121.522664,25.0873146
113,4,5,22,0,2,12內湖區,內湖區石潭路27號,0,0,1,1,A41,8,5,5,50,14,9,1,3,4,5,13,2,1,5,4,5,2,17,1,35,3,10,7,1,7,5,1,1,11,17,,37,,1,21,121.586252,25.0625536
113,4,5,22,0,2,12內湖區,內湖區石潭路27號,0,0,1,2,C03,8,5,5,50,14,9,1,3,4,5,13,2,1,5,4,5,2,17,2,31,2,9,6,1,7,9,1,10,2,14,,44,,1,21,121.586252,25.0625536
113,4,5,22,33,2,04大安區,大安區忠孝東路4段317號,0,0,1,1,B01,8,5,5,50,14,9,1,5,4,5,13,2,1,10,5,5,2,12,1,36,3,10,3,4,7,7,1,4,2,7,,100,,1,22,121.5563144,25.0414328
113,4,5,22,33,2,04大安區,大安區忠孝東路4段317號,0,0,1,2,C01,8,5,5,50,14,9,1,5,4,5,13,2,1,10,5,5,2,12,1,,2,8,3,4,7,9,1,9,2,12,,13,,1,22,121.5563144,25.0414328
113,4,6,4,15,2,08士林區,士林區百齡橋7510211燈桿,0,0,2,1,C03,6,5,5,50,8,11,1,4,4,5,13,4,4,3,2,5,1,13,1,28,2,9,6,1,7,9,1,10,2,11,,108,,1,22,121.5138688,25.089095
113,4,6,4,15,2,08士林區,士林區百齡橋7510211燈桿,0,0,2,2,F01,6,5,5,50,8,11,1,4,4,5,13,4,4,3,2,5,1,13,1,78,2,9,4,1,7,9,8,20,2,13,,42,,1,22,121.5138688,25.089095
113,4,6,6,45,2,01大同區,大同區承德路3段與庫倫街口,0,0,1,1,B03,7,6,5,50,4,2,1,4,4,5,13,2,1,1,5,5,2,17,1,73,3,10,7,1,7,11,1,8,2,17,,98,,1,22,121.5188216,25.0723843
113,4,6,6,45,2,01大同區,大同區承德路3段與庫倫街口,0,0,1,2,C03,7,6,5,50,4,2,1,4,4,5,13,2,1,1,5,5,2,17,1,43,2,9,6,1,7,9,1,10,2,14,,13,,1,22,121.5188216,25.0723843
113,4,6,7,3,2,04大安區,大安區敦化南路1段190巷與忠孝東路4段77巷口,0,0,1,1,C03,7,6,5,30,4,1,1,5,4,5,13,4,4,10,5,5,2,15,1,64,2,8,3,4,7,9,1,10,1,11,,14,,1,21,121.5472149,25.0426254
113,4,6,7,3,2,04大安區,大安區敦化南路1段190巷與忠孝東路4段77巷口,0,0,1,2,B01,7,6,5,30,4,1,1,5,4,5,13,4,4,10,5,5,2,15,1,54,3,10,3,4,7,9,1,4,1,8,,14,,1,21,121.5472149,25.0426254
113,4,6,7,40,2,10文山區,文山區秀明路1段201號,0,0,2,1,B03,8,6,5,50,14,9,1,5,4,5,13,3,1,1,4,4,2,13,1,42,2,9,7,1,7,9,1,8,2,1,,108,,1,21,121.5697807,24.9916675
113,4,6,7,40,2,10文山區,文山區秀明路1段201號,0,0,2,2,B01,8,6,5,50,14,9,1,5,4,5,13,3,1,1,4,4,2,13,1,48,2,1,7,1,7,11,1,4,2,3,,44,,1,21,121.5697807,24.9916675
113,4,6,8,34,2,11南港區,南港區成功路1段與向陽路199巷口,0,0,1,1,C03,7,7,5,30,3,1,1,5,4,5,13,4,4,5,4,5,2,16,1,66,3,10,3,4,7,5,1,10,1,13,,74,,1,21,121.5926763,25.0568285
113,4,6,8,34,2,11南港區,南港區成功路1段與向陽路199巷口,0,0,1,2,C03,7,7,5,30,3,1,1,5,4,5,13,4,4,5,4,5,2,16,2,25,2,8,3,4,7,9,1,10,1,11,,44,,1,21,121.5926763,25.0568285
113,4,6,9,25,2,07信義區,信義區信義路5段7號,0,0,1,1,A02,8,6,5,50,14,9,1,5,4,5,13,4,4,3,3,5,2,9,1,57,3,10,3,1,7,12,1,2,1,2,,44,,1,21,121.5645456,25.0330403
113,4,6,9,25,2,07信義區,信義區信義路5段7號,0,0,1,2,H02,8,6,5,50,14,9,1,5,4,5,13,4,4,3,3,5,2,9,1,31,2,1,4,5,7,19,8,20,10,16,,67,,1,21,121.5645456,25.0330403
113,4,6,10,53,2,05中正區,中正區林森南路地下道北往南,0,0,3,1,C03,8,5,5,50,7,9,1,5,4,5,13,4,4,7,4,5,1,13,1,21,2,9,6,1,7,9,1,10,2,11,,16,,1,21,121.5213237,25.0379187
113,4,6,10,53,2,05中正區,中正區林森南路地下道北往南,0,0,3,2,C03,8,5,5,50,7,9,1,5,4,5,13,4,4,7,4,5,1,13,1,73,2,9,5,1,7,9,1,10,2,13,,44,,1,21,121.5213237,25.0379187
113,4,6,10,53,2,05中正區,中正區林森南路地下道北往南,0,0,3,3,H02,8,5,5,50,7,9,1,5,4,5,13,4,4,7,4,5,1,13,2,69,2,9,5,5,7,20,8,20,10,16,,67,,1,21,121.5213237,25.0379187
113,4,6,11,20,2,02萬華區,萬華區堤外便道龍山022燈桿,0,0,1,1,F01,7,6,7,40,14,23,1,5,4,5,13,4,4,10,5,5,1,17,1,60,3,10,3,4,7,5,8,20,1,13,,101,,1,22,121.4955641,25.03890362
113,4,6,11,20,2,02萬華區,萬華區堤外便道龍山022燈桿,0,0,1,2,F01,7,6,7,40,14,23,1,5,4,5,13,4,4,10,5,5,1,17,2,38,2,7,3,4,7,9,8,20,1,11,,44,,1,22,121.4955641,25.03890362
113,4,6,11,26,2,03中山區,中山區中山北路2段與民權西路1段口,0,0,1,1,B03,7,6,5,50,4,1,1,5,4,5,13,2,1,1,4,5,2,12,1,32,3,10,7,1,7,9,1,8,2,6,,17,,1,21,121.5226455,25.0627012
113,4,6,11,26,2,03中山區,中山區中山北路2段與民權西路1段口,0,0,1,2,C03,7,6,5,50,4,1,1,5,4,5,13,2,1,1,4,5,2,12,2,62,2,9,6,1,7,9,1,10,2,14,,17,,1,21,121.5226455,25.0627012
113,4,6,11,28,2,07信義區,信義區吳興街520號,0,0,1,1,B03,8,6,5,50,14,9,1,5,4,5,13,4,4,5,5,5,2,16,1,24,3,10,7,1,7,11,1,8,2,8,,10,,1,21,121.5690088,25.0220895
113,4,6,11,28,2,07信義區,信義區吳興街520號,0,0,1,2,C03,8,6,5,50,14,9,1,5,4,5,13,4,4,5,5,5,2,16,2,32,2,9,6,1,7,9,1,10,2,11,,44,,1,21,121.5690088,25.0220895
113,4,6,11,47,2,08士林區,士林區至善路2段與故宮路口,0,0,2,1,B01,8,5,5,50,4,1,1,5,4,5,13,2,1,1,4,4,2,17,1,68,3,10,3,4,7,6,1,4,1,8,,9,,1,22,121.5464848,25.09826093
113,4,6,11,47,2,08士林區,士林區至善路2段與故宮路口,0,0,2,2,C03,8,5,5,50,4,1,1,5,4,5,13,2,1,1,4,4,2,17,2,44,2,7,3,4,7,5,1,10,1,12,,8,,1,22,121.5464848,25.09826093
113,4,6,11,47,2,08士林區,士林區至善路2段與故宮路口,0,0,2,3,H02,8,5,5,50,4,1,1,5,4,5,13,2,1,1,4,4,2,17,2,13,2,8,3,5,7,17,8,20,10,16,,67,,1,22,121.5464848,25.09826093
113,4,6,12,1,2,04大安區,大安區忠孝東路4段216巷與敦化南路1段233巷口,0,0,1,1,B01,7,6,5,30,4,1,1,5,4,5,13,4,4,5,5,5,2,17,1,43,3,10,7,1,7,9,1,4,2,1,,44,,1,21,121.5529295,25.040307
113,4,6,12,1,2,04大安區,大安區忠孝東路4段216巷與敦化南路1段233巷口,0,0,1,2,C03,7,6,5,30,4,1,1,5,4,5,13,4,4,5,5,5,2,17,2,22,2,8,6,1,7,9,1,10,2,12,,13,,1,21,121.5529295,25.040307
113,4,6,12,2,2,01大同區,大同區鄭州路與延平北路1段口,0,0,1,2,C03,8,5,5,40,4,1,1,5,4,5,13,1,1,1,4,1,2,17,1,30,3,10,5,1,7,15,1,10,1,11,,13,,1,21,121.5120242,25.05002581
113,4,6,12,2,2,01大同區,大同區鄭州路與延平北路1段口,0,0,1,3,C03,8,5,5,40,4,1,1,5,4,5,13,1,1,1,4,1,2,17,1,37,2,9,5,1,7,14,1,10,1,14,,44,,1,21,121.5120242,25.05002581
113,4,6,12,2,2,01大同區,大同區鄭州路與延平北路1段口,0,0,1,1,B03,8,5,5,40,4,1,1,5,4,5,13,1,1,1,4,1,2,17,1,42,3,10,3,4,7,6,1,8,11,17,,9,,1,21,121.5120242,25.05002581
113,4,6,12,10,2,03中山區,中山區八德路2段223號,0,0,1,1,B03,8,7,5,50,14,9,1,5,4,5,13,4,4,5,4,5,2,12,1,57,3,10,7,1,7,8,1,8,1,5,,100,,1,21,121.540131,25.04666873
113,4,6,12,10,2,03中山區,中山區八德路2段223號,0,0,1,2,C03,8,7,5,50,14,9,1,5,4,5,13,4,4,5,4,5,2,12,2,55,2,9,6,1,7,9,1,10,1,11,,44,,1,21,121.540131,25.04666873
113,4,6,12,14,2,05中正區,中正區羅斯福路2段9號,0,0,1,1,C03,8,6,5,50,14,9,1,5,4,5,13,4,4,3,4,5,2,13,1,47,2,9,5,1,7,9,1,10,1,11,,16,,1,21,121.5214598,25.028559
113,4,6,12,14,2,05中正區,中正區羅斯福路2段9號,0,0,1,2,B03,8,6,5,50,14,9,1,5,4,5,13,4,4,3,4,5,2,13,1,63,3,10,7,1,7,9,1,8,1,7,,44,,1,21,121.5214598,25.028559
113,4,6,12,35,2,02萬華區,萬華區堤外便道與長順街口(水門),0,0,2,1,C03,8,5,5,40,14,9,1,5,4,5,13,4,4,10,5,5,2,17,2,23,2,9,5,4,7,9,1,10,1,11,,108,,1,21,121.489086,25.03383565
113,4,6,12,35,2,02萬華區,萬華區堤外便道與長順街口(水門),0,0,2,2,F01,8,5,5,40,14,9,1,5,4,5,13,4,4,10,5,5,2,17,1,14,2,9,4,4,7,8,8,20,1,13,,100,,1,16,121.489086,25.03383565
113,4,6,12,52,2,04大安區,大安區建國南路1段222號,0,0,1,1,B03,7,6,5,50,14,9,1,5,4,5,13,4,4,10,4,5,2,17,1,50,3,10,7,1,7,8,1,8,1,17,,100,,1,22,121.5375422,25.0392984
113,4,6,12,52,2,04大安區,大安區建國南路1段222號,0,0,1,2,C03,7,6,5,50,14,9,1,5,4,5,13,4,4,10,4,5,2,17,1,67,2,8,5,1,7,9,1,9,1,17,,44,,1,22,121.5375422,25.0392984
113,4,6,13,10,2,03中山區,中山區市民大道3段與八德路2段210巷口口,0,0,2,1,B03,7,7,5,40,14,9,1,5,4,5,13,2,1,1,4,5,2,12,1,57,3,10,7,1,7,6,1,8,1,2,,82,,1,22,121.5395734,25.0447474
113,4,6,13,10,2,03中山區,中山區市民大道3段與八德路2段210巷口口,0,0,2,2,C03,7,7,5,40,14,9,1,5,4,5,13,2,1,1,4,5,2,12,1,25,2,9,6,1,7,9,1,10,1,14,,81,,1,21,121.5395734,25.0447474
113,4,6,13,10,2,03中山區,中山區市民大道3段與八德路2段210巷口口,0,0,2,3,H02,7,7,5,40,14,9,1,5,4,5,13,2,1,1,4,5,2,12,1,24,2,9,6,5,7,21,8,20,10,16,,67,,1,22,121.5395734,25.0447474
113,4,6,13,56,2,02萬華區,萬華區忠孝西路2段與西寧南路口,0,0,2,1,C03,8,6,5,50,4,2,1,5,4,5,13,1,1,8,3,5,1,13,1,53,2,7,5,1,7,12,1,10,1,11,,44,,1,21,121.5068599,25.0486904
113,4,6,13,56,2,02萬華區,萬華區忠孝西路2段與西寧南路口,0,0,2,2,C03,8,6,5,50,4,2,1,5,4,5,13,1,1,8,3,5,1,13,1,33,2,9,5,1,7,12,1,10,1,13,,44,,1,21,121.5068599,25.0486904
113,4,6,14,46,2,05中正區,中正區基隆路4段與羅斯福路4段口,0,0,1,1,B03,7,7,5,50,4,2,1,5,4,5,13,1,1,1,4,5,2,17,1,57,3,10,7,1,7,9,1,8,1,6,,17,,1,22,121.5365992,25.0111178
113,4,6,14,46,2,05中正區,中正區基隆路4段與羅斯福路4段口,0,0,1,2,C03,7,7,5,50,4,2,1,5,4,5,13,1,1,1,4,5,2,17,1,26,2,8,5,1,7,9,1,10,1,14,,17,,1,22,121.5365992,25.0111178
113,4,6,15,17,2,12內湖區,內湖區堤外便道東向西基11號水門,0,0,2,1,H01,7,6,5,50,14,9,1,5,4,5,13,4,4,9,4,5,2,6,1,62,3,10,4,5,8,18,8,20,10,16,,53,,1,21,121.6116939,25.06434798
113,4,6,15,17,2,12內湖區,內湖區堤外便道東向西基11號水門,0,0,2,2,C03,7,6,5,50,14,9,1,5,4,5,13,4,4,9,4,5,2,6,2,61,2,9,6,1,7,9,1,10,1,11,,44,,1,21,121.6116939,25.06434798
113,4,6,15,17,2,12內湖區,內湖區堤外便道東向西基11號水門,0,0,2,3,H02,7,6,5,50,14,9,1,5,4,5,13,4,4,9,4,5,2,6,1,60,2,7,6,5,7,21,8,20,10,16,,67,,1,21,121.6116939,25.06434798
113,4,6,15,19,2,02萬華區,萬華區東園街與東園街46巷口,0,0,2,1,C03,7,5,5,50,3,19,1,5,4,5,13,4,4,10,5,5,2,3,1,21,2,9,3,4,7,9,1,10,1,11,,42,,1,21,121.4961601,25.02655761
113,4,6,15,19,2,02萬華區,萬華區東園街與東園街46巷口,0,0,2,2,H01,7,5,5,50,3,19,1,5,4,5,13,4,4,10,5,5,2,3,1,70,2,9,4,5,8,16,8,20,1,16,,121,,1,21,121.4961601,25.02655761
113,4,6,15,32,2,05中正區,中正區中華路1段與愛國西路口,0,0,1,1,B03,7,7,5,50,5,2,1,5,4,5,13,1,1,1,4,1,2,13,1,24,3,10,7,1,7,7,1,8,2,5,,100,,1,21,121.5071201,25.03744272
113,4,6,15,32,2,05中正區,中正區中華路1段與愛國西路口,0,0,1,2,C03,7,7,5,50,5,2,1,5,4,5,13,1,1,1,4,1,2,13,1,45,2,9,5,1,7,9,1,10,2,13,,44,,1,21,121.5071201,25.03744272
113,4,6,16,42,2,02萬華區,萬華區西園路1段236號,0,0,2,1,C03,8,6,6,50,14,9,1,5,4,5,13,4,4,8,3,5,1,13,1,21,2,9,5,1,7,9,1,10,1,11,,16,,1,21,121.4989817,25.0350572
113,4,6,16,42,2,02萬華區,萬華區西園路1段236號,0,0,2,2,F01,8,6,6,50,14,9,1,5,4,5,13,4,4,8,3,5,1,13,2,68,2,7,4,1,7,9,8,20,1,13,,44,,1,21,121.4989817,25.0350572
113,4,6,16,54,2,04大安區,大安區羅斯福路4段與基隆路4段口,0,0,1,1,C03,7,5,5,50,5,2,1,5,4,5,13,2,1,8,3,5,1,16,4,0,,,,,,,,,1,,,119,,2,,121.5375831,25.0112408
113,4,6,16,54,2,04大安區,大安區羅斯福路4段與基隆路4段口,0,0,1,2,C04,7,5,5,50,5,2,1,5,4,5,13,2,1,8,3,5,1,16,2,41,2,9,6,1,7,9,1,10,1,17,,17,,2,22,121.5375831,25.0112408
113,4,6,17,28,2,05中正區,中正區寧波西街與南昌路1段口,0,0,2,1,C03,7,5,5,50,4,2,1,5,4,5,13,1,1,10,4,5,2,17,1,60,2,8,5,1,7,5,1,10,2,14,,8,,1,22,121.5174898,25.0307185
113,4,6,17,28,2,05中正區,中正區寧波西街與南昌路1段口,0,0,2,2,C03,7,5,5,50,4,2,1,5,4,5,13,1,1,10,4,5,2,17,1,30,2,8,6,1,7,9,1,10,2,11,,44,,1,22,121.5174898,25.0307185
113,4,6,17,32,2,02萬華區,萬華區西園路2段與寶興街口,0,0,2,1,C03,8,5,5,50,4,18,1,5,4,5,13,1,1,10,5,5,2,9,1,66,2,9,3,4,7,9,1,10,1,11,,44,,1,21,121.4936383,25.02682947
113,4,6,17,32,2,02萬華區,萬華區西園路2段與寶興街口,0,0,2,2,H01,8,5,5,50,4,18,1,5,4,5,13,1,1,10,5,5,2,9,2,72,2,7,4,5,8,16,8,20,1,16,,121,,1,21,121.4936383,25.02682947
113,4,6,17,51,2,12內湖區,口(成功路4段182巷6弄37號附近),0,0,1,1,B03,7,5,5,50,3,1,1,5,4,5,13,4,4,8,3,5,1,16,1,60,3,10,7,1,7,5,1,8,1,4,,8,,1,21,121.5930899,25.08339902
113,4,6,17,51,2,12內湖區,口(成功路4段182巷6弄37號附近),0,0,1,2,C03,7,5,5,50,3,1,1,5,4,5,13,4,4,8,3,5,1,16,1,19,2,9,6,1,7,9,1,10,1,11,,44,,1,21,121.5930899,25.08339902
113,4,6,18,20,2,02萬華區,萬華區忠孝西路2段36號,0,0,1,1,B01,7,5,5,50,14,9,1,5,4,5,13,4,4,1,4,5,2,12,1,54,3,10,7,1,7,7,1,4,1,4,,100,,1,21,121.5079805,25.04848163
113,4,6,18,20,2,02萬華區,萬華區忠孝西路2段36號,0,0,1,2,C03,7,5,5,50,14,9,1,5,4,5,13,4,4,1,4,5,2,12,1,58,2,9,5,1,7,8,1,10,1,12,,100,,1,21,121.5079805,25.04848163
113,4,6,18,28,2,04大安區,大安區忠孝東路4段101巷與忠孝東路4段口,0,0,1,1,F01,7,5,5,50,4,2,1,5,4,5,13,4,4,10,5,5,2,17,1,26,2,9,4,1,7,11,8,20,1,11,,11,,1,21,121.5480845,25.0417123
113,4,6,18,28,2,04大安區,大安區忠孝東路4段101巷與忠孝東路4段口,0,0,1,2,C03,7,5,5,50,4,2,1,5,4,5,13,4,4,10,5,5,2,17,1,36,3,10,5,1,7,6,1,10,1,12,,9,,1,21,121.5480845,25.0417123
113,4,6,18,43,2,05中正區,中正區新生南路1段與仁愛路2段口,0,0,1,1,C03,7,5,5,50,4,1,1,4,4,5,13,1,1,1,4,1,2,13,1,45,2,9,5,1,7,9,1,10,2,11,,16,,1,21,121.5221406,25.04191592
113,4,6,18,43,2,05中正區,中正區新生南路1段與仁愛路2段口,0,0,1,2,C03,7,5,5,50,4,1,1,4,4,5,13,1,1,1,4,1,2,13,2,23,3,10,5,1,7,14,1,10,2,13,,44,,1,21,121.5221406,25.04191592
113,4,6,18,50,2,01大同區,大同區長安西路與重慶北路1段口,0,0,1,1,B12,8,5,5,50,5,2,1,4,4,5,13,2,1,5,2,5,2,17,1,55,3,10,3,4,7,1,1,8,9,17,,35,,1,22,121.5142347,25.0515541
113,4,6,18,50,2,01大同區,大同區長安西路與重慶北路1段口,0,0,1,2,C03,8,5,5,50,5,2,1,4,4,5,13,2,1,5,2,5,2,17,2,25,2,9,5,1,7,15,1,10,9,12,,44,,1,21,121.5142347,25.0515541
113,4,6,19,14,2,04大安區,大安區忠孝東路4段223巷與忠孝東路4段205巷7弄口,0,0,2,1,B01,8,5,5,50,4,1,1,5,4,5,13,4,4,5,5,5,1,16,1,45,3,10,7,1,7,5,1,4,2,4,,10,,1,21,121.5529904,25.0421013
113,4,6,19,14,2,04大安區,大安區忠孝東路4段223巷與忠孝東路4段205巷7弄口,0,0,2,2,C03,8,5,5,50,4,1,1,5,4,5,13,4,4,5,5,5,1,16,1,23,2,9,6,1,7,9,1,10,2,12,,16,,1,21,121.5529904,25.0421013
113,4,6,19,14,2,04大安區,大安區忠孝東路4段223巷與忠孝東路4段205巷7弄口,0,0,2,3,H02,8,5,5,50,4,1,1,5,4,5,13,4,4,5,5,5,1,16,2,33,2,9,6,5,7,17,8,20,10,16,,67,,1,21,121.5529904,25.0421013
113,4,6,19,32,2,07信義區,信義區永吉路與基隆路1段口,0,0,4,1,C03,7,5,5,50,5,1,1,4,4,5,13,1,1,9,4,5,2,12,1,30,2,9,5,1,7,1,1,10,2,13,,19,,1,21,121.5672725,25.0458524
113,4,6,19,32,2,07信義區,信義區永吉路與基隆路1段口,0,0,4,2,C03,7,5,5,50,5,1,1,4,4,5,13,1,1,9,4,5,2,12,1,22,2,9,5,1,7,1,1,10,2,13,,19,,1,21,121.5672725,25.0458524
113,4,6,19,32,2,07信義區,信義區永吉路與基隆路1段口,0,0,4,3,C03,7,5,5,50,5,1,1,4,4,5,13,1,1,9,4,5,2,12,1,76,2,9,5,1,7,9,1,10,2,15,,44,,1,21,121.5672725,25.0458524
113,4,6,19,32,2,07信義區,信義區永吉路與基隆路1段口,0,0,4,4,H02,7,5,5,50,5,1,1,4,4,5,13,1,1,9,4,5,2,12,2,76,2,9,5,5,7,20,8,20,10,16,,67,,1,21,121.5672725,25.0458524
113,4,6,20,25,2,05中正區,中正區杭州南路1段31號,0,0,2,1,C03,6,5,5,50,14,9,1,4,4,5,13,1,1,9,4,5,2,16,1,61,2,9,6,1,7,5,1,10,2,14,,8,,1,22,121.5261349,25.0416257
113,4,6,20,25,2,05中正區,中正區杭州南路1段31號,0,0,2,2,B03,6,5,5,50,14,9,1,4,4,5,13,1,1,9,4,5,2,16,1,61,3,10,7,1,7,9,1,8,2,5,,44,,1,22,121.5261349,25.0416257
113,4,6,20,25,2,05中正區,中正區杭州南路1段31號,0,0,2,3,H02,6,5,5,50,14,9,1,4,4,5,13,1,1,9,4,5,2,16,2,60,2,9,6,5,7,17,8,20,10,16,,67,,1,22,121.5261349,25.0416257
113,4,6,20,30,2,12內湖區,內湖區康寧路1段282號,0,0,1,1,C03,7,5,5,40,14,9,1,5,4,5,13,4,4,9,5,5,2,17,2,65,2,9,5,1,7,9,1,10,2,11,,108,,1,21,121.5975077,25.07856848
113,4,6,20,30,2,12內湖區,內湖區康寧路1段282號,0,0,1,2,C03,7,5,5,40,14,9,1,5,4,5,13,4,4,9,5,5,2,17,1,43,3,10,3,4,7,13,1,10,11,12,,44,,1,21,121.5975077,25.07856848
113,4,6,20,30,2,12內湖區,內湖區康寧路1段282號,0,0,1,3,C03,7,5,5,40,14,9,1,5,4,5,13,4,4,9,5,5,2,17,1,39,3,10,3,4,7,13,1,10,11,12,,44,,1,21,121.5975077,25.07856848
113,4,6,20,30,2,12內湖區,內湖區康寧路1段282號,0,0,1,4,C03,7,5,5,40,14,9,1,5,4,5,13,4,4,9,5,5,2,17,2,42,3,10,3,4,7,13,1,10,11,12,,44,,1,21,121.5975077,25.07856848
113,4,6,20,30,2,12內湖區,內湖區康寧路1段282號,0,0,1,5,C03,7,5,5,40,14,9,1,5,4,5,13,4,4,9,5,5,2,17,2,32,3,10,3,4,7,13,7,19,11,12,,44,,1,21,121.5975077,25.07856848
113,4,6,20,50,2,09北投區,北投區中央北路2段113號與中央北路2段口,0,0,2,1,F01,6,5,6,50,3,1,1,4,4,5,13,4,4,9,4,5,2,16,2,85,2,9,3,4,7,11,8,20,2,17,,11,,1,21,121.4945998,25.1372227
113,4,6,20,50,2,09北投區,北投區中央北路2段113號與中央北路2段口,0,0,2,2,C03,6,5,6,50,3,1,1,4,4,5,13,4,4,9,4,5,2,16,2,36,2,7,3,4,7,9,1,10,2,11,,108,,1,23,121.4945998,25.1372227
113,4,6,22,0,2,05中正區,中正區師大路241號前,0,0,1,1,B12,7,5,5,50,14,9,1,5,4,5,13,4,4,1,4,4,1,9,1,63,3,10,7,1,7,1,1,8,2,17,,19,,1,21,121.5232233,25.0204369
113,4,6,22,0,2,05中正區,中正區師大路241號前,0,0,1,2,H02,7,5,5,50,14,9,1,5,4,5,13,4,4,1,4,4,1,9,1,63,2,9,2,5,7,17,8,20,10,16,,67,,1,21,121.5232233,25.0204369
113,4,6,22,0,2,06松山區,信義區松壽路12號,0,0,1,1,C03,7,5,8,50,14,9,1,5,4,5,13,4,4,9,4,5,2,16,1,25,3,10,5,1,7,11,1,10,2,14,,10,,1,21,121.5666003,25.0358437
113,4,6,22,0,2,06松山區,信義區松壽路12號,0,0,1,2,C03,7,5,8,50,14,9,1,5,4,5,13,4,4,9,4,5,2,16,2,25,2,9,5,1,7,9,1,10,2,11,,44,,1,23,121.5666003,25.0358437
113,4,7,4,20,2,01大同區,大同區承德路3段與承德路3段108巷口口,0,0,3,1,H01,6,5,5,50,3,1,1,4,4,5,13,4,4,1,4,5,2,4,1,41,2,9,4,5,8,17,8,20,10,16,,54,,1,21,121.5182935,25.0669613
113,4,7,4,20,2,01大同區,大同區承德路3段與承德路3段108巷口口,0,0,3,2,C03,6,5,5,50,3,1,1,4,4,5,13,4,4,1,4,5,2,4,1,24,2,9,6,1,7,9,1,10,2,11,,107,,1,23,121.5182935,25.0669613
113,4,7,4,20,2,01大同區,大同區承德路3段與承德路3段108巷口口,0,0,3,3,C03,6,5,5,50,3,1,1,4,4,5,13,4,4,1,4,5,2,4,1,42,2,9,6,1,7,9,1,10,9,11,,107,,1,21,121.5182935,25.0669613
113,4,7,4,44,2,07信義區,信義區市民大道6段與松信路口,0,0,1,1,B03,6,5,5,50,4,2,1,4,4,5,13,1,1,9,4,5,2,16,1,56,3,10,7,1,7,5,1,8,2,8,,71,,1,21,121.5723481,25.0492165
113,4,7,4,44,2,07信義區,信義區市民大道6段與松信路口,0,0,1,2,F01,6,5,5,50,4,2,1,4,4,5,13,1,1,9,4,5,2,16,2,57,2,9,4,1,7,9,8,20,9,14,,44,,1,21,121.5723481,25.0492165
113,4,7,4,55,2,03中山區,中山區民生東路2段105號,0,0,1,1,B01,6,5,5,50,14,9,2,4,4,5,13,4,4,5,4,4,2,12,1,65,3,10,3,4,7,8,1,4,1,2,,100,,1,21,121.5313099,25.05803493
113,4,7,4,55,2,03中山區,中山區民生東路2段105號,0,0,1,2,C03,6,5,5,50,14,9,2,4,4,5,13,4,4,5,4,4,2,12,1,43,2,9,5,4,7,9,1,9,1,11,,44,,1,21,121.5313099,25.05803493