發生年度,發生月,發生日,發生時-Hours,發生分,處理別-編號,區序,肇事地點,死亡人數,2-30日死亡人數,受傷人數,當事人序號,車種,天候,道路照明設備,道路類別,速限-速度限制,道路型態,事故位置,路面狀況1,路面狀況2,路面狀況3,道路障礙1,道路障礙2,號誌1,號誌2,車道劃分-分向,車道劃分-分道1,車道劃分-分道2,車道劃分-分道3,事故類型及型態,性別,年齡,受傷程度,主要傷處,保護裝置,行動電話,車輛用途,當事者行動狀態,駕駛資格情形,駕駛執照種類,飲酒情形,車輛撞擊部位1,車輛撞擊部位2,肇因碼-個別,肇因碼-主要,個人肇逃否,職業,座標-X,座標-Y
113,4,7,5,8,2,02萬華區,萬華區環河南路2段294號,0,0,1,1,C03,6,5,5,50,14,9,1,4,4,3,10,4,4,1,4,5,2,17,1,25,2,9,5,1,7,9,1,10,1,11,,108,,1,21,121.4908791,25.03154447
113,4,7,5,8,2,02萬華區,萬華區環河南路2段294號,0,0,1,2,B12,6,5,5,50,14,9,1,4,4,3,10,4,4,1,4,5,2,17,1,23,3,10,7,1,7,14,1,8,1,7,,38,,1,21,121.4908791,25.03154447
113,4,7,8,19,2,04大安區,大安區通化街26號,0,0,2,1,C03,7,6,5,50,14,9,1,4,4,5,13,4,4,5,5,5,2,13,1,21,2,9,6,4,7,9,1,10,1,11,,1,,1,21,121.5542471,25.0316723
113,4,7,8,19,2,04大安區,大安區通化街26號,0,0,2,2,F02,7,6,5,50,14,9,1,4,4,5,13,4,4,5,5,5,2,13,2,71,2,3,4,4,7,8,8,20,1,13,,100,,1,21,121.5542471,25.0316723
113,4,7,9,20,2,02萬華區,萬華區富民路121號,0,0,1,1,B12,7,5,5,50,14,9,1,5,4,5,13,4,4,10,3,5,1,9,1,43,3,10,3,4,7,9,1,8,2,4,,108,,1,21,121.499812,25.0183365
113,4,7,9,20,2,02萬華區,萬華區富民路121號,0,0,1,2,H01,7,5,5,50,14,9,1,5,4,5,13,4,4,10,3,5,1,9,1,66,2,7,4,5,8,16,8,20,10,16,,60,,1,21,121.499812,25.0183365
113,4,7,10,9,2,06松山區,松山區民生東路3段與民生東路3段113巷口,0,0,3,1,C03,7,6,5,50,4,2,1,5,4,5,13,1,1,1,3,5,2,13,1,49,2,9,6,1,7,9,1,10,1,11,,108,,1,21,121.5464985,25.05781081
113,4,7,10,9,2,06松山區,松山區民生東路3段與民生東路3段113巷口,0,0,3,2,C03,7,6,5,50,4,2,1,5,4,5,13,1,1,1,3,5,2,13,1,62,2,9,6,1,7,9,1,10,1,13,,44,,1,21,121.5464985,25.05781081
113,4,7,10,9,2,06松山區,松山區民生東路3段與民生東路3段113巷口,0,0,3,3,H02,7,6,5,50,4,2,1,5,4,5,13,1,1,1,3,5,2,13,2,49,2,9,6,5,7,20,8,20,10,16,,67,,1,21,121.5464985,25.05781081
113,4,7,10,10,2,04大安區,大安區金山南路2段與潮州街口,0,0,1,1,B02,8,6,5,50,4,1,1,5,4,5,13,1,1,1,4,5,2,17,1,62,3,10,3,4,7,5,1,4,1,5,,71,,1,21,121.5263527,25.0288722
113,4,7,10,10,2,04大安區,大安區金山南路2段與潮州街口,0,0,1,2,C03,8,6,5,50,4,1,1,5,4,5,13,1,1,1,4,5,2,17,2,18,2,8,6,4,7,9,1,10,1,11,,13,,1,21,121.5263527,25.0288722
113,4,7,10,15,2,03中山區,中山區林森北路111號,0,0,1,1,A04,8,6,5,50,14,9,1,5,4,5,13,4,4,2,4,5,2,9,1,44,3,10,7,1,7,15,1,2,1,15,,42,,1,21,121.5250279,25.05056743
113,4,7,10,15,2,03中山區,中山區林森北路111號,0,0,1,2,H02,8,6,5,50,14,9,1,5,4,5,13,4,4,2,4,5,2,9,2,51,2,9,7,5,7,19,8,20,10,16,,67,,1,21,121.5250279,25.05056743
113,4,7,10,30,2,12內湖區,內湖區內湖路1段387巷與內湖路1段口,0,0,1,1,C03,8,6,5,50,3,1,1,5,4,5,13,4,4,1,4,4,2,16,1,18,3,10,6,1,7,6,1,10,1,13,,42,,1,21,121.5701437,25.08186634
113,4,7,10,30,2,12內湖區,內湖區內湖路1段387巷與內湖路1段口,0,0,1,2,C03,8,6,5,50,3,1,1,5,4,5,13,4,4,1,4,4,2,16,2,66,2,8,6,1,7,9,1,10,1,11,,42,,1,21,121.5701437,25.08186634
113,4,7,10,39,2,03中山區,中山區建國北路2段26號,0,0,1,1,B03,8,6,6,50,3,1,1,5,4,5,13,4,4,1,4,5,2,17,1,60,3,10,7,1,7,7,1,8,1,7,,100,,1,21,121.5366102,25.05306608
113,4,7,10,39,2,03中山區,中山區建國北路2段26號,0,0,1,2,C03,8,6,6,50,3,1,1,5,4,5,13,4,4,1,4,5,2,17,1,31,2,9,6,1,7,9,1,10,1,12,,97,,1,21,121.5366102,25.05306608
113,4,7,11,41,2,12內湖區,內湖區南京東路6段與新明路426巷口,0,0,1,1,B03,8,7,5,50,5,1,1,5,4,5,13,1,1,1,5,5,2,17,1,66,3,10,7,1,7,9,1,8,1,1,,81,,1,21,121.5790158,25.0558147
113,4,7,11,41,2,12內湖區,內湖區南京東路6段與新明路426巷口,0,0,1,2,C03,8,7,5,50,5,1,1,5,4,5,13,1,1,1,5,5,2,17,1,42,2,9,6,1,7,9,1,10,1,12,,44,,1,21,121.5790158,25.0558147
113,4,7,12,15,2,05中正區,中正區仁愛路1段與紹興南街口,0,0,1,1,B03,7,7,5,50,4,2,1,5,4,5,13,1,1,1,4,1,2,16,1,59,3,10,7,1,7,5,1,8,2,4,,8,,1,21,121.5233607,25.03833296
113,4,7,12,15,2,05中正區,中正區仁愛路1段與紹興南街口,0,0,1,2,C03,7,7,5,50,4,2,1,5,4,5,13,1,1,1,4,1,2,16,1,41,2,9,5,1,7,9,1,10,2,11,,44,,1,21,121.5233607,25.03833296
113,4,7,12,17,2,02萬華區,萬華區中華路2段與大埔街口,0,0,1,1,B02,8,6,5,50,4,1,1,5,4,5,13,2,1,5,4,5,2,17,1,62,3,10,7,1,7,6,1,8,1,5,,9,,1,21,121.5046924,25.03243306
113,4,7,12,17,2,02萬華區,萬華區中華路2段與大埔街口,0,0,1,2,C03,8,6,5,50,4,1,1,5,4,5,13,2,1,5,4,5,2,17,1,25,2,8,6,1,7,9,1,10,1,14,,44,,1,21,121.5046924,25.03243306
113,4,7,12,23,2,10文山區,文山區辛亥路4段與辛亥路4段222巷口口,0,0,2,1,C04,8,6,5,30,3,1,1,5,4,5,13,3,1,10,5,5,1,16,2,33,2,9,6,1,7,5,1,10,2,11,,71,,1,21,121.5553894,25.0022317
113,4,7,12,23,2,10文山區,文山區辛亥路4段與辛亥路4段222巷口口,0,0,2,2,C03,8,6,5,30,3,1,1,5,4,5,13,3,1,10,5,5,1,16,1,32,2,5,6,1,7,9,1,10,2,12,,44,,1,21,121.5553894,25.0022317
113,4,7,12,41,2,09北投區,北投區新市街24巷10號對面,0,0,1,1,B03,8,5,5,30,14,9,1,5,4,5,13,4,4,10,5,5,2,17,2,20,3,10,3,4,7,2,1,8,1,5,,12,,1,21,121.5028232,25.1318726
113,4,7,12,41,2,09北投區,北投區新市街24巷10號對面,0,0,1,2,B03,8,5,5,30,14,9,1,5,4,5,13,4,4,10,5,5,2,17,1,55,2,5,3,4,7,13,1,4,1,4,,38,,1,21,121.5028232,25.1318726
113,4,7,12,50,2,08士林區,士林區社中街120號,0,0,1,1,C03,7,5,5,30,14,9,1,5,4,5,13,4,4,9,5,5,2,16,1,31,2,8,6,1,7,5,1,10,1,12,,80,,1,21,121.5102412,25.08988039
113,4,7,12,50,2,08士林區,士林區社中街120號,0,0,1,2,C03,7,5,5,30,14,9,1,5,4,5,13,4,4,9,5,5,2,16,1,57,3,10,6,1,7,9,1,10,1,11,,44,,1,21,121.5102412,25.08988039
113,4,7,14,17,2,01大同區,大同區重慶北路3段與民族西路口,0,0,3,1,C03,7,6,5,50,4,1,1,5,4,5,13,1,1,1,2,5,2,17,1,66,2,9,5,1,7,5,1,10,1,14,,8,,1,21,121.5136877,25.0685923
113,4,7,14,17,2,01大同區,大同區重慶北路3段與民族西路口,0,0,3,2,C03,7,6,5,50,4,1,1,5,4,5,13,1,1,1,2,5,2,17,1,21,2,9,6,1,7,9,1,10,1,12,,44,,1,21,121.5136877,25.0685923
113,4,7,14,17,2,01大同區,大同區重慶北路3段與民族西路口,0,0,3,3,H02,7,6,5,50,4,1,1,5,4,5,13,1,1,1,2,5,2,17,2,20,2,9,6,5,7,20,8,20,10,16,,67,,1,21,121.5136877,25.0685923
113,4,7,14,48,2,08士林區,士林區延平北路7段106巷與洲美快速道路口橋下,0,0,1,1,B03,8,6,5,50,3,1,1,5,4,5,13,4,4,10,5,5,1,15,1,81,3,10,7,1,7,9,1,8,2,1,,108,,1,21,121.4971724,25.0969102
113,4,7,14,48,2,08士林區,士林區延平北路7段106巷與洲美快速道路口橋下,0,0,1,2,F01,8,6,5,50,3,1,1,5,4,5,13,4,4,10,5,5,1,15,2,35,2,9,2,4,7,9,8,20,2,13,,88,,1,21,121.4971724,25.0969102
113,4,7,15,10,2,10文山區,文山區木新路3段172巷2弄與木新路3段172巷口,0,0,1,1,C03,8,5,5,30,4,1,1,5,4,5,13,4,4,10,5,5,1,17,2,51,2,9,5,1,7,9,1,10,1,12,,72,,1,21,121.5605742,24.9822549
113,4,7,15,10,2,10文山區,文山區木新路3段172巷2弄與木新路3段172巷口,0,0,1,2,B01,8,5,5,30,4,1,1,5,4,5,13,4,4,10,5,5,1,17,1,58,3,10,7,1,7,9,1,4,1,1,,14,,1,21,121.5605742,24.9822549
113,4,7,15,10,2,10文山區,文山區汀州路4段與溪洲街107巷口口,0,0,1,1,F01,8,6,5,30,3,1,1,5,4,5,13,4,4,5,5,5,2,16,1,71,2,9,4,1,7,5,8,20,1,14,,8,,1,21,121.5355859,25.00341804
113,4,7,15,10,2,10文山區,文山區汀州路4段與溪洲街107巷口口,0,0,1,2,C03,8,6,5,30,3,1,1,5,4,5,13,4,4,5,5,5,2,16,1,30,3,10,6,1,7,9,1,10,1,11,,13,,1,21,121.5355859,25.00341804
113,4,7,15,46,2,07信義區,信義區中坡南路10號,0,0,2,1,F01,8,5,5,30,14,8,1,5,4,3,13,4,4,5,5,4,2,17,1,70,2,6,4,1,7,1,8,20,2,14,,19,,1,22,121.5824293,25.0437304
113,4,7,15,46,2,07信義區,信義區中坡南路10號,0,0,2,2,C03,8,5,5,30,14,8,1,5,4,3,13,4,4,5,5,4,2,17,1,26,2,9,6,1,7,9,1,10,2,12,,44,,1,22,121.5824293,25.0437304
113,4,7,15,46,2,07信義區,信義區中坡南路10號,0,0,2,3,B01,8,5,5,30,14,8,1,5,4,3,13,4,4,5,5,4,2,17,1,24,3,10,7,1,7,14,1,4,2,8,,38,,1,26,121.5824293,25.0437304
113,4,7,16,0,2,03中山區,中山區中山北路1段與市民大道2段口,0,0,1,1,C03,7,7,5,50,4,1,1,5,4,5,13,1,1,9,4,5,2,17,2,32,3,10,6,1,7,6,1,10,1,13,,42,,1,21,121.520583,25.0482558
113,4,7,16,0,2,03中山區,中山區中山北路1段與市民大道2段口,0,0,1,2,F01,7,7,5,50,4,1,1,5,4,5,13,1,1,9,4,5,2,17,1,61,2,8,4,1,7,9,8,20,1,11,,42,,1,21,121.520583,25.0482558
113,4,7,16,10,2,04大安區,大安區仁愛路4段與敦化南路1段口,0,0,1,1,B03,8,5,5,50,4,2,1,5,4,5,13,2,1,1,4,4,2,12,1,46,3,10,7,1,7,15,1,14,1,8,,100,,1,21,121.5479676,25.0377763
113,4,7,16,10,2,04大安區,大安區仁愛路4段與敦化南路1段口,0,0,1,2,C03,8,5,5,50,4,2,1,5,4,5,13,2,1,1,4,4,2,12,1,34,2,9,6,1,7,9,1,10,1,12,,44,,1,21,121.5479676,25.0377763
113,4,7,16,22,2,03中山區,中山區市民大道2段與新生北路1段62巷口,0,0,1,1,B01,8,7,5,40,4,1,1,5,4,5,13,1,1,1,4,5,2,16,1,47,3,10,7,1,7,6,1,4,1,2,,9,,1,22,121.5306237,25.0460968
113,4,7,16,22,2,03中山區,中山區市民大道2段與新生北路1段62巷口,0,0,1,2,C03,8,7,5,40,4,1,1,5,4,5,13,1,1,1,4,5,2,16,1,28,2,9,5,1,7,9,1,10,1,11,,108,,1,22,121.5306237,25.0460968
113,4,7,17,3,2,07信義區,信義區信義路6段86號,0,0,2,1,B03,8,7,5,50,14,9,1,5,4,5,13,4,4,5,4,5,2,13,1,28,2,8,7,1,7,9,1,8,2,1,,16,,1,21,121.5770168,25.0353775
113,4,7,17,3,2,07信義區,信義區信義路6段86號,0,0,2,2,C03,8,7,5,50,14,9,1,5,4,5,13,4,4,5,4,5,2,13,1,32,2,7,6,1,7,9,1,10,2,13,14,44,,1,21,121.5770168,25.0353775
113,4,7,17,3,2,07信義區,信義區信義路6段86號,0,0,2,3,C03,8,7,5,50,14,9,1,5,4,5,13,4,4,5,4,5,2,13,1,36,3,10,6,1,7,14,1,10,2,13,14,44,,1,21,121.5770168,25.0353775
113,4,7,17,3,2,07信義區,信義區信義路6段86號,0,0,2,4,C03,8,7,5,50,14,9,1,5,4,5,13,4,4,5,4,5,2,13,1,37,3,10,3,4,7,21,7,19,11,13,,44,,1,21,121.5770168,25.0353775
113,4,7,17,3,2,07信義區,信義區信義路6段86號,0,0,2,5,C03,8,7,5,50,14,9,1,5,4,5,13,4,4,5,4,5,2,13,2,56,3,10,3,1,7,13,7,19,11,13,,44,,1,21,121.5770168,25.0353775
113,4,7,18,2,2,11南港區,南港區南港路1段與興中路口口,0,0,3,1,C03,7,5,5,50,4,1,1,5,4,5,13,2,1,5,4,5,2,16,2,23,2,9,6,1,7,5,1,10,1,14,,8,,1,21,121.6074907,25.0545245
113,4,7,18,2,2,11南港區,南港區南港路1段與興中路口口,0,0,3,2,C03,7,5,5,50,4,1,1,5,4,5,13,2,1,5,4,5,2,16,1,21,2,9,6,1,7,9,1,10,1,11,,44,,1,21,121.6074907,25.0545245
113,4,7,18,2,2,11南港區,南港區南港路1段與興中路口口,0,0,3,3,H02,7,5,5,50,4,1,1,5,4,5,13,2,1,5,4,5,2,16,2,23,2,9,6,5,7,20,8,20,10,16,,67,,1,21,121.6074907,25.0545245
113,4,7,18,32,2,04大安區,大安區師大路31號旁,0,0,1,1,B03,8,5,5,50,11,9,1,5,4,3,10,4,4,8,3,5,1,12,1,60,3,10,7,1,7,8,1,8,1,2,,100,,1,21,121.528491,25.0251305
113,4,7,18,32,2,04大安區,大安區師大路31號旁,0,0,1,3,B03,8,5,5,50,11,9,1,5,4,3,10,4,4,8,3,5,1,12,2,24,3,10,7,1,7,13,1,8,1,17,,38,,1,21,121.528491,25.0251305
113,4,7,18,32,2,04大安區,大安區師大路31號旁,0,0,1,2,C04,8,5,5,50,11,9,1,5,4,3,10,4,4,8,3,5,1,12,1,27,2,8,5,1,7,9,1,10,1,14,,44,,1,25,121.528491,25.0251305
113,4,7,18,59,2,03中山區,中山區中山北路2段20巷與中山北路2段口,0,0,1,1,C03,8,5,5,50,3,1,1,5,4,5,13,4,4,1,4,1,2,13,1,54,3,10,6,1,7,9,1,10,1,11,,16,,1,21,121.5225057,25.05351754
113,4,7,18,59,2,03中山區,中山區中山北路2段20巷與中山北路2段口,0,0,1,2,C03,8,5,5,50,3,1,1,5,4,5,13,4,4,1,4,1,2,13,2,43,3,10,6,1,7,9,1,10,1,13,,44,,1,21,121.5225057,25.05351754
113,4,7,18,59,2,03中山區,中山區中山北路2段20巷與中山北路2段口,0,0,1,3,H02,8,5,5,50,3,1,1,5,4,5,13,4,4,1,4,1,2,13,1,16,2,5,6,5,7,21,8,20,10,16,,67,,1,21,121.5225057,25.05351754
113,4,7,19,23,2,06松山區,松山區八德路4段245巷32弄與八德路4段207巷口,0,0,1,1,C03,7,5,6,30,4,1,1,4,4,5,13,4,4,9,5,5,2,15,1,23,2,8,5,1,7,9,1,10,1,11,,72,,1,21,121.5637802,25.0499446
113,4,7,19,23,2,06松山區,松山區八德路4段245巷32弄與八德路4段207巷口,0,0,1,2,B03,7,5,6,30,4,1,1,4,4,5,13,4,4,9,5,5,2,15,2,34,3,10,7,1,7,9,1,8,1,5,,14,,1,21,121.5637802,25.0499446
113,4,7,19,42,2,04大安區,大安區忠孝東路4段205巷7弄與忠孝東路4段223巷口,0,0,1,1,B03,7,5,5,30,4,2,1,5,4,5,13,4,4,5,4,5,1,17,1,24,3,10,7,1,7,5,1,8,1,2,,80,,1,21,121.5529237,25.0420575
113,4,7,19,42,2,04大安區,大安區忠孝東路4段205巷7弄與忠孝東路4段223巷口,0,0,1,2,C03,7,5,5,30,4,2,1,5,4,5,13,4,4,5,4,5,1,17,1,34,2,8,5,1,7,9,1,10,1,14,,108,,1,21,121.5529237,25.0420575
113,4,7,20,27,2,07信義區,信義區松信路230號,0,0,1,1,B03,7,5,5,50,14,9,1,5,4,5,13,4,4,9,4,5,2,12,1,32,3,10,7,1,7,8,1,8,1,2,,100,,1,22,121.5719111,25.0413121
113,4,7,20,27,2,07信義區,信義區松信路230號,0,0,1,2,C03,7,5,5,50,14,9,1,5,4,5,13,4,4,9,4,5,2,12,1,21,3,10,6,1,7,9,1,10,1,14,,44,,1,22,121.5719111,25.0413121
113,4,7,20,27,2,07信義區,信義區松信路230號,0,0,1,3,H02,7,5,5,50,14,9,1,5,4,5,13,4,4,9,4,5,2,12,2,40,2,8,6,5,7,17,8,20,10,16,,67,,1,22,121.5719111,25.0413121
113,4,7,20,44,2,09北投區,北投區中央北路4段601巷關渡河濱039燈桿,0,0,1,1,B03,7,5,5,50,14,9,1,5,4,5,13,4,4,8,3,5,2,17,1,64,3,10,7,1,7,15,1,8,2,7,,44,,1,21,121.4622893,25.12196563
113,4,7,20,44,2,09北投區,北投區中央北路4段601巷關渡河濱039燈桿,0,0,1,2,C03,7,5,5,50,14,9,1,5,4,5,13,4,4,8,3,5,2,17,1,18,2,9,6,1,7,9,1,10,2,11,,108,,1,21,121.4622893,25.12196563
113,4,7,20,54,2,02萬華區,萬華區環河南路1段與貴陽街2段口,0,0,1,1,B03,7,5,5,50,4,1,1,5,4,5,13,2,1,1,4,5,1,17,2,50,3,10,7,1,7,9,1,8,1,5,,101,,1,21,121.4979949,25.0401309
113,4,7,20,54,2,02萬華區,萬華區環河南路1段與貴陽街2段口,0,0,1,2,C03,7,5,5,50,4,1,1,5,4,5,13,2,1,1,4,5,1,17,2,22,2,8,6,1,7,5,1,10,1,14,12,44,,1,21,121.4979949,25.0401309
113,4,7,21,0,2,03中山區,中山區市民大道2段與天津街口,0,0,4,1,C03,7,5,5,40,4,1,1,5,4,5,13,2,1,1,4,5,2,17,1,34,2,9,6,4,7,6,1,10,2,13,,9,,1,21,121.5225209,25.0480448
113,4,7,21,0,2,03中山區,中山區市民大道2段與天津街口,0,0,4,2,C03,7,5,5,40,4,1,1,5,4,5,13,2,1,1,4,5,2,17,2,26,2,9,6,4,7,9,1,10,2,11,,108,,1,21,121.5225209,25.0480448
113,4,7,21,0,2,03中山區,中山區市民大道2段與天津街口,0,0,4,3,H02,7,5,5,40,4,1,1,5,4,5,13,2,1,1,4,5,2,17,2,31,2,9,6,5,7,20,8,20,10,16,,67,,1,21,121.5225209,25.0480448
113,4,7,21,0,2,03中山區,中山區市民大道2段與天津街口,0,0,4,4,H02,7,5,5,40,4,1,1,5,4,5,13,2,1,1,4,5,2,17,2,24,2,9,6,5,7,20,8,20,10,16,,67,,1,21,121.5225209,25.0480448
113,4,7,21,16,2,04大安區,大安區和平東路1段與青田街口,0,0,2,1,C03,8,5,5,50,3,19,1,5,4,5,13,2,1,8,3,4,1,3,2,54,2,8,5,1,7,15,1,10,1,12,,70,,1,26,121.5320824,25.0262791
113,4,7,21,16,2,04大安區,大安區和平東路1段與青田街口,0,0,2,2,H01,8,5,5,50,3,19,1,5,4,5,13,2,1,8,3,4,1,3,2,66,2,8,4,5,8,16,8,20,1,16,,67,,1,21,121.5320824,25.0262791
113,4,7,21,40,2,05中正區,中正區中山南路與信義路1段口,0,0,2,3,H02,7,5,5,50,5,2,1,5,4,5,13,1,1,1,4,5,2,12,2,25,2,9,5,5,7,20,8,20,10,16,,67,,1,21,121.5179206,25.0386394
113,4,7,21,40,2,05中正區,中正區中山南路與信義路1段口,0,0,2,1,B01,7,5,5,50,5,2,1,5,4,5,13,1,1,1,4,5,2,12,1,62,3,10,7,1,7,9,1,4,2,1,,107,,1,21,121.5179206,25.0386394
113,4,7,21,40,2,05中正區,中正區中山南路與信義路1段口,0,0,2,2,C03,7,5,5,50,5,2,1,5,4,5,13,1,1,1,4,5,2,12,2,23,2,7,6,1,7,9,1,10,2,14,,96,,1,21,121.5179206,25.0386394
113,4,7,22,34,2,08士林區,士林區文昌路與美崙街口,0,0,1,1,B03,8,5,5,50,4,1,1,5,4,5,13,1,1,1,4,5,2,16,1,44,3,10,7,1,7,5,1,8,1,2,,71,,1,21,121.5208693,25.0967679
113,4,7,22,34,2,08士林區,士林區文昌路與美崙街口,0,0,1,2,C03,8,5,5,50,4,1,1,5,4,5,13,1,1,1,4,5,2,16,1,31,2,8,6,1,7,9,1,9,1,11,,13,,1,21,121.5208693,25.0967679
113,4,8,5,2,2,02萬華區,萬華區環河南路2段與貴陽街2段口,0,0,1,1,C03,7,5,5,50,4,1,1,5,4,5,13,1,1,3,4,5,2,15,1,19,2,9,5,4,7,9,1,10,1,12,,81,,1,22,121.497939,25.0400785
113,4,8,5,2,2,02萬華區,萬華區環河南路2段與貴陽街2段口,0,0,1,2,B01,7,5,5,50,4,1,1,5,4,5,13,1,1,3,4,5,2,15,1,49,3,10,3,4,7,9,1,8,1,8,,13,,1,22,121.497939,25.0400785
113,4,8,5,40,2,07信義區,信義區福德街221巷3弄與福德街221巷口,0,0,1,1,C03,7,7,5,30,4,2,1,4,4,5,13,4,4,10,4,5,2,18,2,69,2,7,5,1,7,9,1,10,1,11,,42,,1,22,121.5851239,25.03803475
113,4,8,5,40,2,07信義區,信義區福德街221巷3弄與福德街221巷口,0,0,1,2,,7,7,5,30,4,2,1,4,4,5,13,4,4,10,4,5,2,18,3,0,,,,,,,,,,,,67,,1,,121.5851239,25.03803475
113,4,8,6,44,2,09北投區,北投區大業路與永興路1段口,0,0,1,1,B03,6,7,5,50,3,1,1,4,4,5,13,4,4,5,5,5,2,17,1,39,3,10,7,1,7,6,1,8,9,17,,72,,2,21,121.4982781,25.1369519
113,4,8,6,44,2,09北投區,北投區大業路與永興路1段口,0,0,1,2,C03,6,7,5,50,3,1,1,4,4,5,13,4,4,5,5,5,2,17,2,58,2,9,6,1,7,9,1,10,9,17,,44,,1,21,121.4982781,25.1369519
113,4,8,6,50,2,08士林區,士林區環河北路3段23停車格,0,0,1,1,B03,7,7,5,40,14,8,1,4,4,5,13,4,4,1,4,4,2,17,2,57,3,10,7,1,7,1,1,8,1,7,,19,,1,21,121.5022506,25.0896973
113,4,8,6,50,2,08士林區,士林區環河北路3段23停車格,0,0,1,2,C03,7,7,5,40,14,8,1,4,4,5,13,4,4,1,4,4,2,17,1,30,2,9,6,1,7,9,3,18,1,14,,42,,1,21,121.5022506,25.0896973
113,4,8,7,28,2,08士林區,士林區中正路620號,0,0,1,1,B03,7,7,5,50,14,9,1,5,4,5,13,4,4,1,5,5,1,12,2,50,3,10,7,1,7,9,1,8,1,5,,44,,1,21,121.5183568,25.04847309
113,4,8,7,28,2,08士林區,士林區中正路620號,0,0,1,2,C03,7,7,5,50,14,9,1,5,4,5,13,4,4,1,5,5,1,12,1,43,2,9,5,1,7,9,1,10,1,14,,44,,1,21,121.5183568,25.04847309
113,4,8,8,9,2,02萬華區,萬華區環河南路1段9號,0,0,2,1,C03,6,7,5,50,14,7,1,4,4,5,13,4,4,4,1,5,2,13,2,66,2,5,6,1,7,7,1,10,1,13,,100,,1,22,121.4985471,25.0407112
113,4,8,8,9,2,02萬華區,萬華區環河南路1段9號,0,0,2,2,C03,6,7,5,50,14,7,1,4,4,5,13,4,4,4,1,5,2,13,1,38,2,8,5,1,7,9,1,10,1,11,,108,,1,22,121.4985471,25.0407112
113,4,8,8,19,2,01大同區,大同區重慶北路3段與民權西路口,0,0,1,1,B03,6,6,5,50,4,1,1,4,4,5,13,2,1,1,5,5,2,13,1,53,3,10,7,1,7,9,1,8,1,1,,108,,1,22,121.5138401,25.0630864
113,4,8,8,19,2,01大同區,大同區重慶北路3段與民權西路口,0,0,1,2,C03,6,6,5,50,4,1,1,4,4,5,13,2,1,1,5,5,2,13,1,29,2,9,6,1,7,14,1,10,1,13,,44,,1,22,121.5138401,25.0630864
113,4,8,8,23,2,08士林區,士林區德行東路331巷與德行東路口,0,0,1,1,B03,6,6,5,30,4,1,1,4,4,5,13,1,1,10,5,5,1,17,1,45,3,10,7,1,7,5,1,8,1,6,,71,,1,21,121.537568,25.1103241
113,4,8,8,23,2,08士林區,士林區德行東路331巷與德行東路口,0,0,1,2,C03,6,6,5,30,4,1,1,4,4,5,13,1,1,10,5,5,1,17,1,22,2,8,5,1,7,9,1,10,1,11,,13,,1,21,121.537568,25.1103241
113,4,8,8,32,2,03中山區,中山區樂群二路150號,0,0,1,1,B03,6,6,5,50,14,9,1,4,4,5,13,4,4,1,4,5,2,12,1,46,3,10,3,4,7,7,1,8,9,17,,100,,2,22,121.5575614,25.0798921
113,4,8,8,32,2,03中山區,中山區樂群二路150號,0,0,1,2,C03,6,6,5,50,14,9,1,4,4,5,13,4,4,1,4,5,2,12,1,44,2,8,5,1,7,9,1,10,1,17,,44,,1,22,121.5575614,25.0798921
113,4,8,8,38,2,07信義區,信義區崇德街與嘉興街口口,0,0,1,1,B12,6,7,5,50,4,1,1,4,4,5,13,1,1,5,5,5,2,16,1,22,3,10,7,1,7,5,1,8,1,8,,8,,1,21,121.5555539,25.0241631
113,4,8,8,38,2,07信義區,信義區崇德街與嘉興街口口,0,0,1,2,F01,6,7,5,50,4,1,1,4,4,5,13,1,1,5,5,5,2,16,2,71,2,9,4,1,7,9,8,20,1,14,,44,,1,21,121.5555539,25.0241631
113,4,8,8,47,2,12內湖區,內湖區潭美街285號,0,0,1,2,C03,6,5,5,40,14,9,1,4,4,5,13,4,4,9,4,5,2,12,1,21,2,9,6,1,7,4,1,10,2,12,,108,,1,21,121.5873302,25.05700985
113,4,8,8,47,2,12內湖區,內湖區潭美街285號,0,0,1,1,C03,6,5,5,40,14,9,1,4,4,5,13,4,4,9,4,5,2,12,1,45,4,11,3,4,7,7,7,19,11,15,,100,,2,21,121.5873302,25.05700985
113,4,8,8,53,2,04大安區,大安區建國南路2段5號,0,0,1,1,C03,6,5,5,50,14,9,1,4,4,5,13,4,4,5,3,5,2,12,2,55,3,10,6,1,7,9,1,10,1,14,,42,,1,21,121.5380675,25.0330857
113,4,8,8,53,2,04大安區,大安區建國南路2段5號,0,0,1,2,C03,6,5,5,50,14,9,1,4,4,5,13,4,4,5,3,5,2,12,2,34,2,9,6,1,7,9,1,10,1,12,,17,,1,21,121.5380675,25.0330857
113,4,8,9,3,2,06松山區,松山區民生東路5段與民生東路5段69巷口,0,0,1,1,B03,6,6,5,50,3,1,1,4,4,5,13,1,1,1,3,5,2,16,2,74,3,10,3,4,7,5,1,8,1,2,,71,,1,21,121.5583167,25.0585255
113,4,8,9,3,2,06松山區,松山區民生東路5段與民生東路5段69巷口,0,0,1,2,C03,6,6,5,50,3,1,1,4,4,5,13,1,1,1,3,5,2,16,1,19,2,9,3,4,7,9,1,10,1,14,,13,,1,21,121.5583167,25.0585255
113,4,8,9,3,2,07信義區,信義區忠孝東路5段236巷57弄與忠孝東路5段236巷口,0,0,1,1,B03,6,7,5,30,3,1,1,4,4,5,13,4,4,5,5,5,2,17,1,20,3,10,3,4,7,6,1,8,1,8,,4,,1,21,121.5718754,25.03708828