發生年度,發生月,發生日,發生時-Hours,發生分,處理別-編號,區序,肇事地點,死亡人數,2-30日死亡人數,受傷人數,當事人序號,車種,天候,道路照明設備,道路類別,速限-速度限制,道路型態,事故位置,路面狀況1,路面狀況2,路面狀況3,道路障礙1,道路障礙2,號誌1,號誌2,車道劃分-分向,車道劃分-分道1,車道劃分-分道2,車道劃分-分道3,事故類型及型態,性別,年齡,受傷程度,主要傷處,保護裝置,行動電話,車輛用途,當事者行動狀態,駕駛資格情形,駕駛執照種類,飲酒情形,車輛撞擊部位1,車輛撞擊部位2,肇因碼-個別,肇因碼-主要,個人肇逃否,職業,座標-X,座標-Y
113,4,8,9,3,2,07信義區,信義區忠孝東路5段236巷57弄與忠孝東路5段236巷口,0,0,1,2,C03,6,7,5,30,3,1,1,4,4,5,13,4,4,5,5,5,2,17,1,57,2,9,3,4,7,9,1,10,1,11,,44,,1,21,121.5718754,25.03708828
113,4,8,9,16,2,03中山區,中山區民族東路32號,0,0,2,1,C03,6,6,5,40,14,8,1,4,4,5,13,4,4,1,4,4,2,13,2,64,2,8,3,4,7,9,1,10,9,11,,16,,1,22,121.5249122,25.068333
113,4,8,9,16,2,03中山區,中山區民族東路32號,0,0,2,2,F01,6,6,5,40,14,8,1,4,4,5,13,4,4,1,4,4,2,13,1,81,2,8,2,4,7,9,8,20,9,13,,44,,1,22,121.5249122,25.068333
113,4,8,9,16,2,10文山區,文山區木柵路1段與木柵路1段76巷口,0,0,1,1,C03,7,6,5,50,5,1,1,4,4,5,13,1,1,10,5,5,2,13,1,22,2,9,3,4,7,9,1,10,1,11,,108,,1,21,121.55015,24.98751
113,4,8,9,16,2,10文山區,文山區木柵路1段與木柵路1段76巷口,0,0,1,2,B03,7,6,5,50,5,1,1,4,4,5,13,1,1,10,5,5,2,13,1,68,3,10,3,4,7,14,1,8,1,7,,44,,1,21,121.55015,24.98751
113,4,8,9,20,2,02萬華區,萬華區環河南路2段與貴陽街2段口,0,0,1,1,B03,6,7,5,40,4,1,1,4,4,5,13,1,1,1,3,5,2,16,1,28,3,10,7,1,7,9,1,8,1,5,,42,,1,22,121.4979772,25.040083
113,4,8,9,20,2,02萬華區,萬華區環河南路2段與貴陽街2段口,0,0,1,2,C03,6,7,5,40,4,1,1,4,4,5,13,1,1,1,3,5,2,16,2,28,2,9,6,1,7,5,1,10,1,14,,8,,1,22,121.4979772,25.040083
113,4,8,10,22,2,12內湖區,內湖區江南街71巷16弄與江南街71巷16弄口,0,0,1,1,B03,7,5,5,30,3,1,1,4,4,5,13,4,4,5,5,5,2,17,1,57,3,10,7,1,7,9,1,10,2,8,,16,,1,21,121.5774478,25.0753754
113,4,8,10,22,2,12內湖區,內湖區江南街71巷16弄與江南街71巷16弄口,0,0,1,2,C03,7,5,5,30,3,1,1,4,4,5,13,4,4,5,5,5,2,17,1,29,2,9,5,1,7,14,1,10,2,13,,44,,1,21,121.5774478,25.0753754
113,4,8,10,45,2,03中山區,中山區大直橋北往南,0,0,1,1,C03,7,7,5,50,8,9,1,5,4,5,13,4,4,1,4,5,2,13,1,21,2,9,3,4,7,9,3,18,1,11,,108,,1,21,121.5444498,25.0760885
113,4,8,10,45,2,03中山區,中山區大直橋北往南,0,0,1,2,G03,7,7,5,50,8,9,1,5,4,5,13,4,4,1,4,5,2,13,1,62,3,10,3,4,7,9,1,1,1,16,,44,,1,21,121.5444498,25.0760885
113,4,8,11,15,2,12內湖區,內湖區文湖街與內湖路1段91巷25弄口,0,0,1,1,C03,7,7,8,30,3,1,1,5,4,5,13,4,4,9,5,5,2,16,1,71,2,9,5,1,7,6,1,10,1,14,,72,,1,21,121.5617751,25.0866289
113,4,8,11,15,2,12內湖區,內湖區文湖街與內湖路1段91巷25弄口,0,0,1,2,B12,7,7,8,30,3,1,1,5,4,5,13,4,4,9,5,5,2,16,1,40,3,10,3,1,7,9,1,8,9,2,,14,,1,21,121.5617751,25.0866289
113,4,8,11,28,2,08士林區,士林區中山北路4段與通河街口劍潭公園前,0,0,1,1,C03,7,7,5,50,3,2,1,4,4,5,13,2,1,1,4,5,2,13,1,20,2,9,6,1,7,9,1,10,1,11,,16,,1,21,121.5245981,25.0795711
113,4,8,11,28,2,08士林區,士林區中山北路4段與通河街口劍潭公園前,0,0,1,2,C03,7,7,5,50,3,2,1,4,4,5,13,2,1,1,4,5,2,13,1,44,3,10,6,1,7,9,1,10,1,13,,44,,1,21,121.5245981,25.0795711
113,4,8,11,28,2,08士林區,士林區中山北路4段與通河街口劍潭公園前,0,0,1,3,B03,7,7,5,50,3,2,1,4,4,5,13,2,1,1,4,5,2,13,4,0,4,11,3,4,7,21,7,19,11,15,,119,,2,22,121.5245981,25.0795711
113,4,8,11,44,2,04大安區,大安區復興南路1段與仁愛路4段口,0,0,1,1,B01,6,6,5,50,4,2,1,4,4,5,13,2,1,1,4,5,2,17,1,64,3,10,7,1,7,12,1,4,1,6,,42,,1,21,121.5437937,25.0376404
113,4,8,11,44,2,04大安區,大安區復興南路1段與仁愛路4段口,0,0,1,2,C03,6,6,5,50,4,2,1,4,4,5,13,2,1,1,4,5,2,17,1,22,2,8,5,1,7,9,1,10,1,11,,16,,1,21,121.5437937,25.0376404
113,4,8,12,0,2,11南港區,南港區園區街18號,0,0,1,1,C03,6,6,5,50,14,9,1,4,4,5,13,4,4,9,4,5,2,16,2,52,3,10,6,1,7,9,1,11,9,11,,44,,2,21,121.6132568,25.0590742
113,4,8,12,0,2,11南港區,南港區園區街18號,0,0,1,2,C03,6,6,5,50,14,9,1,4,4,5,13,4,4,9,4,5,2,16,1,28,2,8,6,1,7,8,1,10,1,12,,100,,1,21,121.6132568,25.0590742
113,4,8,12,15,2,04大安區,大安區信義路4段與安和路1段口口,0,0,1,1,B01,6,6,5,50,4,1,1,4,4,5,13,2,1,1,4,4,2,17,1,54,3,10,7,1,7,6,1,8,1,15,,9,,1,22,121.5525198,25.0332815
113,4,8,12,15,2,04大安區,大安區信義路4段與安和路1段口口,0,0,1,2,C03,6,6,5,50,4,1,1,4,4,5,13,2,1,1,4,4,2,17,2,28,2,7,5,1,7,9,1,10,1,15,,44,,1,22,121.5525198,25.0332815
113,4,8,12,15,2,06松山區,松山區八德路4段245巷與南京東路5段口,0,0,2,1,C03,7,7,5,30,4,1,1,4,4,5,13,2,1,1,4,4,2,12,1,27,2,9,6,1,7,9,1,10,1,12,,16,,1,26,121.5639645,25.0513529
113,4,8,12,15,2,06松山區,松山區八德路4段245巷與南京東路5段口,0,0,2,2,C03,7,7,5,30,4,1,1,4,4,5,13,2,1,1,4,4,2,12,1,61,2,7,5,1,7,15,1,10,1,14,,42,,1,26,121.5639645,25.0513529
113,4,8,12,24,2,04大安區,大安區建國南路1段與建國南路1段212巷口,0,0,2,1,B03,8,6,5,30,3,1,1,4,4,5,13,4,4,1,4,5,2,17,2,42,3,10,7,1,7,6,1,8,2,5,,44,,1,21,121.5375131,25.0395614
113,4,8,12,24,2,04大安區,大安區建國南路1段與建國南路1段212巷口,0,0,2,2,C03,8,6,5,30,3,1,1,4,4,5,13,4,4,1,4,5,2,17,1,58,2,9,5,1,7,9,1,10,2,12,,44,,1,21,121.5375131,25.0395614
113,4,8,12,24,2,04大安區,大安區建國南路1段與建國南路1段212巷口,0,0,2,3,H02,8,6,5,30,3,1,1,4,4,5,13,4,4,1,4,5,2,17,2,53,2,1,5,5,7,20,8,20,10,16,,67,,1,21,121.5375131,25.0395614
113,4,8,12,27,2,04大安區,大安區基隆路3段與臥龍街口,0,0,1,1,B03,7,6,5,30,3,1,1,4,4,5,13,4,4,1,4,5,2,16,1,48,3,10,7,1,7,6,1,8,1,8,,72,,1,21,121.5483698,25.020503
113,4,8,12,27,2,04大安區,大安區基隆路3段與臥龍街口,0,0,1,2,C03,7,6,5,30,3,1,1,4,4,5,13,4,4,1,4,5,2,16,2,48,2,9,5,1,7,9,1,10,1,12,,44,,1,21,121.5483698,25.020503
113,4,8,12,40,2,02萬華區,萬華區西園路2段與東園街口,0,0,2,1,C03,6,5,8,50,22,22,1,4,4,5,13,2,1,10,5,5,2,17,2,45,2,8,3,4,7,9,3,18,1,11,,42,,1,21,121.4952192,25.02824407
113,4,8,12,40,2,02萬華區,萬華區西園路2段與東園街口,0,0,2,2,C03,6,5,8,50,22,22,1,4,4,5,13,2,1,10,5,5,2,17,1,20,2,7,3,4,7,15,1,10,1,14,,44,,1,21,121.4952192,25.02824407
113,4,8,13,15,2,06松山區,松山區光復南路22巷與光復南路32巷16弄口,0,0,1,1,B03,8,5,5,30,4,1,1,5,4,5,13,4,4,10,5,5,2,15,1,28,2,8,7,1,7,9,1,8,1,2,,72,,1,21,121.5563853,25.04702222
113,4,8,13,15,2,06松山區,松山區光復南路22巷與光復南路32巷16弄口,0,0,1,2,B03,8,5,5,30,4,1,1,5,4,5,13,4,4,10,5,5,2,15,1,81,3,10,7,1,7,9,1,8,1,8,,107,,1,21,121.5563853,25.04702222
113,4,8,13,15,2,06松山區,松山區光復南路22巷與光復南路32巷16弄口,0,0,1,3,,8,5,5,30,4,1,1,5,4,5,13,4,4,10,5,5,2,15,3,0,,,,,,,,,,,,67,,1,,121.5563853,25.04702222
113,4,8,14,50,2,07信義區,信義區忠孝東路4段553巷與忠孝東路4段553巷46弄口,0,0,1,1,B01,7,6,5,30,3,1,1,5,4,5,13,4,4,10,5,5,2,17,1,57,3,10,3,4,7,5,1,3,1,5,,72,,1,21,121.5627807,25.0441808
113,4,8,14,50,2,07信義區,信義區忠孝東路4段553巷與忠孝東路4段553巷46弄口,0,0,1,2,C03,7,6,5,30,3,1,1,5,4,5,13,4,4,10,5,5,2,17,1,22,2,7,5,1,7,9,1,10,1,11,,44,,1,22,121.5627807,25.0441808
113,4,8,14,50,2,07信義區,信義區忠孝東路4段553巷與忠孝東路4段553巷46弄口,0,0,1,3,B01,7,6,5,30,3,1,1,5,4,5,13,4,4,10,5,5,2,17,1,63,3,10,3,4,7,14,7,19,11,17,,38,,1,22,121.5627807,25.0441808
113,4,8,15,39,2,01大同區,大同區承德路3段與承德路3段24巷口,0,0,1,1,C03,7,6,5,50,3,1,1,5,4,5,13,4,4,1,4,5,2,16,1,18,3,10,5,4,7,6,1,10,9,12,,5,,2,21,121.5188204,25.0642039
113,4,8,15,39,2,01大同區,大同區承德路3段與承德路3段24巷口,0,0,1,2,C03,7,6,5,50,3,1,1,5,4,5,13,4,4,1,4,5,2,16,2,19,3,10,5,4,7,9,1,10,9,14,,44,,1,21,121.5188204,25.0642039
113,4,8,15,39,2,01大同區,大同區承德路3段與承德路3段24巷口,0,0,1,3,H02,7,6,5,50,3,1,1,5,4,5,13,4,4,1,4,5,2,16,2,18,2,8,5,5,7,20,8,20,10,16,,67,,1,21,121.5188204,25.0642039
113,4,8,16,10,2,07信義區,信義區吳興街與吳興街350巷口,0,0,1,1,B03,7,6,5,50,4,1,1,5,4,5,13,4,4,9,5,5,2,17,2,24,3,10,3,4,7,5,1,8,2,4,,74,,1,22,121.5664672,25.0257855
113,4,8,16,10,2,07信義區,信義區吳興街與吳興街350巷口,0,0,1,2,C03,7,6,5,50,4,1,1,5,4,5,13,4,4,9,5,5,2,17,1,65,2,8,5,1,7,9,1,10,2,12,,4,,1,22,121.5664672,25.0257855
113,4,8,17,5,2,05中正區,中正區公園路與貴陽街1段口,0,0,1,1,C03,8,7,6,50,4,1,1,5,4,5,13,1,1,10,5,5,2,13,2,52,2,7,5,1,7,9,1,10,2,14,,44,,1,26,121.5152018,25.038576
113,4,8,17,5,2,05中正區,中正區公園路與貴陽街1段口,0,0,1,2,C03,8,7,6,50,4,1,1,5,4,5,13,1,1,10,5,5,2,13,2,35,3,10,5,1,7,5,1,10,2,13,,8,,1,26,121.5152018,25.038576
113,4,8,17,5,2,12內湖區,內湖區內湖路2段192號,0,0,1,1,B03,7,6,5,30,14,9,1,5,4,5,13,4,4,9,5,5,2,11,1,27,3,10,7,1,7,15,1,8,1,8,,42,,1,21,121.5853819,25.0808798
113,4,8,17,5,2,12內湖區,內湖區內湖路2段192號,0,0,1,2,B03,7,6,5,30,14,9,1,5,4,5,13,4,4,9,5,5,2,11,2,58,2,1,7,1,7,9,1,8,1,4,,44,,1,21,121.5853819,25.0808798
113,4,8,17,5,2,12內湖區,內湖區內湖路2段192號,0,0,1,3,B03,7,6,5,30,14,9,1,5,4,5,13,4,4,9,5,5,2,11,1,44,3,10,7,1,7,13,1,8,9,7,,44,,1,21,121.5853819,25.0808798
113,4,8,17,6,2,04大安區,大安區瑞安街與瑞安街276巷口,0,0,2,1,B02,7,5,5,30,4,1,1,5,4,5,13,4,4,10,5,5,2,17,1,30,3,10,7,1,7,6,1,8,1,8,,99,,1,21,121.5391314,25.0260591
113,4,8,17,6,2,04大安區,大安區瑞安街與瑞安街276巷口,0,0,2,2,C03,7,5,5,30,4,1,1,5,4,5,13,4,4,10,5,5,2,17,2,18,2,2,6,1,7,9,1,10,1,12,,14,,1,21,121.5391314,25.0260591
113,4,8,17,6,2,04大安區,大安區瑞安街與瑞安街276巷口,0,0,2,3,H02,7,5,5,30,4,1,1,5,4,5,13,4,4,10,5,5,2,17,2,18,2,9,6,5,7,20,8,20,10,16,,67,,1,21,121.5391314,25.0260591
113,4,8,17,20,2,08士林區,士林區中正路與雨農路口,0,0,1,1,C03,8,6,5,50,4,2,1,5,4,5,13,1,1,10,5,5,1,16,1,21,3,10,5,1,7,6,1,10,1,12,,9,,1,21,121.5320392,25.0966003
113,4,8,17,20,2,08士林區,士林區中正路與雨農路口,0,0,1,2,C03,8,6,5,50,4,2,1,5,4,5,13,1,1,10,5,5,1,16,1,36,2,9,5,1,7,9,1,10,1,11,,44,,1,21,121.5320392,25.0966003
113,4,8,17,43,2,12內湖區,內湖區民權東路6段280巷69弄34-1號對面,0,0,2,1,H01,8,5,5,30,14,9,1,4,4,5,13,4,4,10,5,5,2,9,1,22,2,7,4,5,8,18,8,20,1,16,,54,,1,21,121.6074692,25.06945582
113,4,8,17,43,2,12內湖區,內湖區民權東路6段280巷69弄34-1號對面,0,0,2,2,C03,8,5,5,30,14,9,1,4,4,5,13,4,4,10,5,5,2,9,1,29,2,9,5,1,7,9,1,10,1,14,,116,,1,21,121.6074692,25.06945582
113,4,8,18,0,2,01大同區,大同區延平北路4段(19號停車格),0,0,1,1,F01,7,5,5,50,14,9,1,5,4,5,13,4,4,3,4,5,2,12,1,12,2,8,4,4,7,9,8,20,1,12,,107,,1,21,121.5109592,25.0627546
113,4,8,18,0,2,01大同區,大同區延平北路4段(19號停車格),0,0,1,2,B03,7,5,5,50,14,9,1,5,4,5,13,4,4,3,4,5,2,12,1,39,3,10,3,4,7,13,1,8,1,4,,44,,1,21,121.5109592,25.0627546
113,4,8,18,11,2,03中山區,中山區松江路133巷與南京東路2段115巷口,0,0,1,1,B03,7,5,5,30,4,1,1,5,4,5,13,4,4,5,5,5,2,15,1,61,3,10,7,1,7,9,1,8,1,4,,72,,1,21,121.5336355,25.05435605
113,4,8,18,11,2,03中山區,中山區松江路133巷與南京東路2段115巷口,0,0,1,2,C04,7,5,5,30,4,1,1,5,4,5,13,4,4,5,5,5,2,15,1,61,2,8,6,1,7,9,1,10,1,11,,108,,1,21,121.5336355,25.05435605
113,4,8,18,16,2,04大安區,大安區基隆路2段207號,0,0,1,1,C03,7,6,5,50,14,9,1,5,4,5,13,4,4,1,4,5,2,12,1,21,2,7,6,1,7,7,1,10,1,11,,100,,1,21,121.5523945,25.02446209
113,4,8,18,16,2,04大安區,大安區基隆路2段207號,0,0,1,2,B03,7,6,5,50,14,9,1,5,4,5,13,4,4,1,4,5,2,12,1,41,3,10,7,1,7,9,1,8,1,2,,44,,1,21,121.5523945,25.02446209
113,4,8,18,36,2,02萬華區,萬華區華中橋往北市機慢車道近7010507號燈桿,0,0,1,1,C03,7,5,7,40,14,11,1,5,4,5,13,4,4,10,3,5,2,12,1,63,3,10,3,4,7,9,1,10,1,12,,44,,1,22,121.4955536,25.0133567
113,4,8,18,36,2,02萬華區,萬華區華中橋往北市機慢車道近7010507號燈桿,0,0,1,2,F01,7,5,7,40,14,11,1,5,4,5,13,4,4,10,3,5,2,12,2,60,2,9,3,4,7,9,8,20,1,14,,44,,1,22,121.4955536,25.0133567
113,4,8,18,58,2,01大同區,大同區承德路3段223號,0,0,2,1,C03,8,5,5,50,14,9,1,5,4,5,13,4,4,1,4,5,2,12,1,19,2,7,5,1,7,9,1,10,1,14,,44,,1,21,121.5185253,25.0700549
113,4,8,18,58,2,01大同區,大同區承德路3段223號,0,0,2,2,C04,8,5,5,50,14,9,1,5,4,5,13,4,4,1,4,5,2,12,2,73,2,1,5,1,7,9,1,11,1,12,,108,,1,21,121.5185253,25.0700549
113,4,8,19,13,2,04大安區,大安區忠孝東路3段237巷與忠孝東路3段口,0,0,1,1,C03,7,5,5,50,3,1,1,5,4,1,11,4,4,1,4,5,1,16,2,40,2,8,5,1,7,9,1,10,1,14,,108,,1,21,121.5407283,25.041758
113,4,8,19,13,2,04大安區,大安區忠孝東路3段237巷與忠孝東路3段口,0,0,1,2,B01,7,5,5,50,3,1,1,5,4,1,11,4,4,1,4,5,1,16,1,53,3,10,7,1,7,6,1,4,1,2,,44,,1,21,121.5407283,25.041758
113,4,8,19,25,2,11南港區,南港區東新街與東新街113巷口口,0,0,1,1,B03,7,5,5,50,4,1,1,5,4,5,13,1,1,5,4,5,1,16,1,62,3,10,3,4,7,1,1,8,1,1,,19,,1,21,121.5899335,25.0465733
113,4,8,19,25,2,11南港區,南港區東新街與東新街113巷口口,0,0,1,2,C03,7,5,5,50,4,1,1,5,4,5,13,1,1,5,4,5,1,16,2,31,2,8,3,4,7,5,1,10,1,12,,44,,1,21,121.5899335,25.0465733
113,4,8,19,30,2,12內湖區,內湖區成功路2段472-1號與成功路西側附近2段456巷口口,0,0,2,1,C03,6,5,5,30,3,1,1,4,4,5,13,4,4,10,5,5,2,16,1,49,2,9,5,1,7,6,1,10,1,11,,72,,1,21,121.588602,25.07312344
113,4,8,19,30,2,12內湖區,內湖區成功路2段472-1號與成功路西側附近2段456巷口口,0,0,2,2,C03,6,5,5,30,3,1,1,4,4,5,13,4,4,10,5,5,2,16,1,36,2,9,5,1,7,9,1,10,1,11,,44,,1,21,121.588602,25.07312344
113,4,8,19,41,2,02萬華區,萬華區萬大路424巷141號,0,0,1,1,B01,7,5,5,30,14,9,1,4,4,5,13,4,4,9,4,5,2,17,2,42,3,10,2,1,7,13,1,4,1,4,,40,,1,21,121.4944079,25.02088931
113,4,8,19,41,2,02萬華區,萬華區萬大路424巷141號,0,0,1,2,C04,7,5,5,30,14,9,1,4,4,5,13,4,4,9,4,5,2,17,2,65,2,8,5,1,7,9,1,11,1,12,14,44,,1,21,121.4944079,25.02088931
113,4,8,19,41,2,02萬華區,萬華區萬大路424巷141號,0,0,1,3,B03,7,5,5,30,14,9,1,4,4,5,13,4,4,9,4,5,2,17,1,45,3,10,7,1,7,9,1,8,1,4,,44,,1,21,121.4944079,25.02088931
113,4,8,20,46,2,04大安區,大安區仁愛路4段與忠孝東路4段216巷口,0,0,2,1,C03,6,5,5,50,14,9,1,4,4,5,13,2,1,5,4,5,2,13,1,27,2,9,6,1,7,9,1,10,1,11,,16,,1,21,121.5531376,25.0379917
113,4,8,20,46,2,04大安區,大安區仁愛路4段與忠孝東路4段216巷口,0,0,2,2,C03,6,5,5,50,14,9,1,4,4,5,13,2,1,5,4,5,2,13,2,71,2,9,6,1,7,9,1,10,1,13,,44,,1,21,121.5531376,25.0379917
113,4,8,20,48,2,03中山區,中山區民權東路2段與建國北路3段口,0,0,2,1,C03,6,5,5,50,14,9,1,4,4,5,13,4,4,3,4,5,2,17,1,53,2,9,3,4,7,12,1,10,1,14,,44,,2,21,121.5364082,25.0624947
113,4,8,20,48,2,03中山區,中山區民權東路2段與建國北路3段口,0,0,2,2,C03,6,5,5,50,14,9,1,4,4,5,13,4,4,3,4,5,2,17,2,28,2,9,3,4,7,9,1,10,1,12,,44,,1,21,121.5364082,25.0624947
113,4,8,20,48,2,03中山區,中山區民權東路2段與建國北路3段口,0,0,2,3,C04,6,5,5,50,14,9,1,4,4,5,13,4,4,3,4,5,2,17,4,29,,,,,,,,,9,,,100,,2,,121.5364082,25.0624947
113,4,8,21,12,2,06松山區,松山區民權東路4段與敦化北路口,0,0,2,1,C03,6,5,5,50,5,1,1,4,4,5,13,1,1,1,2,1,2,12,1,55,2,8,5,4,7,9,1,10,1,14,,118,,1,21,121.5511431,25.06162509
113,4,8,21,12,2,06松山區,松山區民權東路4段與敦化北路口,0,0,2,2,C03,6,5,5,50,5,1,1,4,4,5,13,1,1,1,2,1,2,12,2,53,2,7,6,4,7,9,1,10,1,14,,118,,1,21,121.5511431,25.06162509
113,4,8,21,12,2,06松山區,松山區民權東路4段與敦化北路口,0,0,2,3,C03,6,5,5,50,5,1,1,4,4,5,13,1,1,1,2,1,2,12,1,24,3,10,6,4,7,9,1,9,1,12,,118,,1,21,121.5511431,25.06162509
113,4,8,21,20,2,07信義區,信義區信義路5段1號與基隆路1段口,0,0,1,1,A12,6,5,5,50,4,2,1,4,4,5,13,2,1,1,4,5,2,16,1,32,3,10,7,1,7,6,1,2,1,5,,42,,1,21,121.5599303,25.0331406
113,4,8,21,20,2,07信義區,信義區信義路5段1號與基隆路1段口,0,0,1,2,C03,6,5,5,50,4,2,1,4,4,5,13,2,1,1,4,5,2,16,2,37,2,8,5,1,7,6,1,10,1,11,,17,,1,21,121.5599303,25.0331406
113,4,8,21,23,2,08士林區,士林區至誠路2段與中山北路5段口福林橋下,0,0,1,1,B01,6,5,5,50,5,1,1,4,4,5,13,3,1,5,5,5,1,16,1,46,3,10,7,1,7,5,1,4,1,8,,8,,1,21,121.5265103,25.100994
113,4,8,21,23,2,08士林區,士林區至誠路2段與中山北路5段口福林橋下,0,0,1,2,C03,6,5,5,50,5,1,1,4,4,5,13,3,1,5,5,5,1,16,1,35,2,9,6,1,7,9,1,10,1,14,,14,,1,21,121.5265103,25.100994
113,4,8,21,35,2,12內湖區,內湖區瑞光路與瑞光路26巷口,0,0,1,1,B03,6,5,5,50,4,1,1,4,4,5,13,2,1,5,4,5,2,16,1,26,3,10,7,1,7,6,1,8,1,4,,9,,1,21,121.5833466,25.06977784
113,4,8,21,35,2,12內湖區,內湖區瑞光路與瑞光路26巷口,0,0,1,2,C03,6,5,5,50,4,1,1,4,4,5,13,2,1,5,4,5,2,16,2,56,2,5,5,1,7,9,1,10,1,14,,44,,1,21,121.5833466,25.06977784
113,4,8,21,36,2,11南港區,南港區福德街310巷35號,0,0,2,1,C04,6,5,5,30,14,9,1,4,4,5,13,4,4,10,5,5,2,16,1,17,2,9,5,4,7,9,2,18,1,11,,108,,1,16,121.5871871,25.0405599
113,4,8,21,36,2,11南港區,南港區福德街310巷35號,0,0,2,3,H02,6,5,5,30,14,9,1,4,4,5,13,4,4,10,5,5,2,16,1,17,2,9,5,5,7,21,8,20,10,16,,67,,1,16,121.5871871,25.0405599
113,4,8,21,36,2,11南港區,南港區福德街310巷35號,0,0,2,2,B03,6,5,5,30,14,9,1,4,4,5,13,4,4,10,5,5,2,16,1,47,3,10,3,4,7,3,1,8,1,4,,12,,1,22,121.5871871,25.0405599
113,4,8,21,41,2,04大安區,大安區辛亥路3段308號前,0,0,1,1,B03,6,5,5,50,14,9,1,4,4,5,13,2,1,8,3,5,1,17,1,44,3,10,7,1,7,6,1,7,1,2,,9,,1,26,121.5523519,25.01452
113,4,8,21,41,2,04大安區,大安區辛亥路3段308號前,0,0,1,2,C03,6,5,5,50,14,9,1,4,4,5,13,2,1,8,3,5,1,17,1,28,2,8,5,1,7,9,1,10,1,11,,44,,1,26,121.5523519,25.01452
113,4,8,21,50,2,10文山區,文山區木柵路4段與和平東路4段口,0,0,1,1,C03,6,5,5,50,14,9,2,4,4,5,13,2,1,5,4,5,2,17,1,21,3,10,6,4,7,9,1,10,1,11,,42,,1,21,121.5746122,24.99820271
113,4,8,21,50,2,10文山區,文山區木柵路4段與和平東路4段口,0,0,1,2,C03,6,5,5,50,14,9,2,4,4,5,13,2,1,5,4,5,2,17,1,47,2,8,5,4,7,14,1,10,1,14,,44,,1,21,121.5746122,24.99820271
113,4,8,21,58,2,02萬華區,萬華區中華路1段與長沙街2段口,0,0,1,1,B03,6,5,5,50,4,2,1,4,4,5,13,2,1,1,4,1,2,9,1,76,3,10,7,1,7,5,1,8,2,5,,70,,1,21,121.5077006,25.0403899
113,4,8,21,58,2,02萬華區,萬華區中華路1段與長沙街2段口,0,0,1,2,H01,6,5,5,50,4,2,1,4,4,5,13,2,1,1,4,1,2,9,2,69,2,1,4,5,8,16,8,20,10,16,,67,,1,21,121.5077006,25.0403899
113,4,8,22,10,2,09北投區,北投區溫泉路與溫泉路73巷口,0,0,2,1,C03,6,5,5,30,3,1,1,4,4,5,13,4,4,10,5,5,2,17,1,43,3,10,6,1,7,15,1,10,1,11,,108,,1,21,121.5051101,25.1355463
113,4,8,22,10,2,09北投區,北投區溫泉路與溫泉路73巷口,0,0,2,2,C03,6,5,5,30,3,1,1,4,4,5,13,4,4,10,5,5,2,17,2,48,2,8,6,1,7,15,1,10,1,12,,80,,1,22,121.5051101,25.1355463
113,4,8,22,10,2,09北投區,北投區溫泉路與溫泉路73巷口,0,0,2,3,H02,6,5,5,30,3,1,1,4,4,5,13,4,4,10,5,5,2,17,2,44,2,7,6,5,7,20,8,20,10,16,,67,,1,22,121.5051101,25.1355463
113,4,8,23,30,2,05中正區,中正區南海路與牯嶺街口,0,0,1,1,B03,6,5,5,30,4,18,1,4,4,5,13,2,1,10,4,5,2,3,1,31,3,10,7,1,7,5,1,8,2,8,,70,,1,22,121.5149555,25.0319548
113,4,8,23,30,2,05中正區,中正區南海路與牯嶺街口,0,0,1,2,H01,6,5,5,30,4,18,1,4,4,5,13,2,1,10,4,5,2,3,2,29,2,9,4,5,8,16,8,20,10,16,,67,,1,22,121.5149555,25.0319548
113,4,8,23,30,2,07信義區,信義區松壽路4號對面,0,0,1,1,C03,6,5,8,50,22,22,1,4,4,5,13,4,4,5,4,5,2,18,1,24,2,9,6,1,7,9,1,10,9,14,,44,,1,22,121.5638129,25.0359481
113,4,8,23,30,2,07信義區,信義區松壽路4號對面,0,0,1,2,,6,5,8,50,22,22,1,4,4,5,13,4,4,5,4,5,2,18,3,0,,,,,,,,,,,,67,,1,,121.5638129,25.0359481
113,4,9,0,25,2,07信義區,信義區松勤街與莊敬路口,0,0,2,1,C03,6,5,5,50,4,18,1,4,4,5,13,2,1,9,4,5,2,3,1,43,2,9,5,1,7,5,1,10,1,11,,70,,1,21,121.561273,25.0319886
113,4,9,0,25,2,07信義區,信義區松勤街與莊敬路口,0,0,2,2,H01,6,5,5,50,4,18,1,4,4,5,13,2,1,9,4,5,2,3,1,34,2,9,4,5,8,16,8,20,10,16,,67,,1,21,121.561273,25.0319886
113,4,9,0,54,2,04大安區,大安區瑞安街23巷與瑞安街口,0,0,1,1,C03,7,5,5,30,4,1,1,4,4,5,13,4,4,10,5,5,2,17,1,41,3,10,6,1,7,9,1,10,1,11,,80,,1,21,121.5439417,25.0310841
113,4,9,0,54,2,04大安區,大安區瑞安街23巷與瑞安街口,0,0,1,2,C03,7,5,5,30,4,1,1,4,4,5,13,4,4,10,5,5,2,17,2,46,2,8,6,1,7,9,1,10,1,14,,14,,1,21,121.5439417,25.0310841
113,4,9,3,36,2,06松山區,松山區市民大道4段171號,0,0,1,1,C03,7,5,5,40,14,9,1,5,4,5,13,4,4,1,4,5,2,13,1,23,2,9,6,4,7,9,1,10,1,14,,13,,1,21,121.551559,25.04469013
113,4,9,3,36,2,06松山區,松山區市民大道4段171號,0,0,1,2,B12,7,5,5,40,14,9,1,5,4,5,13,4,4,1,4,5,2,13,1,40,3,10,7,4,7,1,1,8,1,10,,19,,1,21,121.551559,25.04469013