發生年度,發生月,發生日,發生時-Hours,發生分,處理別-編號,區序,肇事地點,死亡人數,2-30日死亡人數,受傷人數,當事人序號,車種,天候,道路照明設備,道路類別,速限-速度限制,道路型態,事故位置,路面狀況1,路面狀況2,路面狀況3,道路障礙1,道路障礙2,號誌1,號誌2,車道劃分-分向,車道劃分-分道1,車道劃分-分道2,車道劃分-分道3,事故類型及型態,性別,年齡,受傷程度,主要傷處,保護裝置,行動電話,車輛用途,當事者行動狀態,駕駛資格情形,駕駛執照種類,飲酒情形,車輛撞擊部位1,車輛撞擊部位2,肇因碼-個別,肇因碼-主要,個人肇逃否,職業,座標-X,座標-Y
113,4,9,6,41,2,01大同區,大同區民權西路139號,0,0,1,1,B01,8,6,5,50,14,9,1,5,4,5,13,2,1,1,4,5,2,13,1,64,3,10,7,1,7,9,1,4,1,1,,108,,1,21,121.5169724,25.0630197
113,4,9,6,41,2,01大同區,大同區民權西路139號,0,0,1,2,C03,8,6,5,50,14,9,1,5,4,5,13,2,1,1,4,5,2,13,1,47,2,5,6,1,7,14,1,10,1,13,,44,,1,21,121.5169724,25.0630197
113,4,9,6,44,2,10文山區,文山區汀州路4段267號前,0,0,1,1,B03,7,6,5,50,14,9,1,5,4,5,13,4,4,5,5,5,2,17,1,37,3,10,7,1,7,1,1,8,2,1,,19,,1,21,121.5359981,25.0009908
113,4,9,6,44,2,10文山區,文山區汀州路4段267號前,0,0,1,2,C03,7,6,5,50,14,9,1,5,4,5,13,4,4,5,5,5,2,17,1,42,2,9,6,1,7,9,1,10,2,11,,107,,1,21,121.5359981,25.0009908
113,4,9,7,10,2,11南港區,南港區忠孝東路6段278巷22弄40號,0,0,1,1,F02,6,5,5,30,14,9,1,4,4,5,13,4,4,5,5,5,2,17,1,62,3,10,4,4,7,9,8,20,1,17,,108,,1,21,121.5883342,25.0479491
113,4,9,7,10,2,11南港區,南港區忠孝東路6段278巷22弄40號,0,0,1,2,F01,6,5,5,30,14,9,1,4,4,5,13,4,4,5,5,5,2,17,1,82,2,9,4,4,7,9,8,20,1,15,,44,,1,21,121.5883342,25.0479491
113,4,9,7,27,2,10文山區,文山區忠順街1段26巷與忠順街1段26巷27弄口,0,0,1,1,C03,6,6,5,30,4,1,1,4,4,5,13,4,4,10,5,5,2,15,1,57,2,8,3,4,7,9,1,10,2,12,,72,,1,22,121.5597613,24.9820623
113,4,9,7,27,2,10文山區,文山區忠順街1段26巷與忠順街1段26巷27弄口,0,0,1,2,B03,6,6,5,30,4,1,1,4,4,5,13,4,4,10,5,5,2,15,2,42,3,10,3,4,7,9,1,8,2,1,,42,,1,22,121.5597613,24.9820623
113,4,9,7,43,2,09北投區,北投區中央北路3段21號,0,0,1,1,B03,7,6,5,50,14,9,1,4,4,5,13,4,4,9,4,5,1,14,1,60,3,10,7,1,7,2,1,8,1,4,,44,,1,21,121.4858743,25.1382
113,4,9,7,43,2,09北投區,北投區中央北路3段21號,0,0,1,2,C03,7,6,5,50,14,9,1,4,4,5,13,4,4,9,4,5,1,14,1,37,2,9,6,1,7,8,1,10,1,11,,100,,1,21,121.4858743,25.1382
113,4,9,7,44,2,12內湖區,內湖區洲子街與瑞光路393巷口,0,0,1,1,B03,7,6,5,50,4,2,1,4,4,5,13,2,1,5,5,5,2,12,1,33,3,10,7,1,7,9,1,8,1,2,,108,,1,21,121.573547,25.0790703
113,4,9,7,44,2,12內湖區,內湖區洲子街與瑞光路393巷口,0,0,1,2,C03,7,6,5,50,4,2,1,4,4,5,13,2,1,5,5,5,2,12,1,45,2,8,5,1,7,9,1,11,1,14,,14,,1,21,121.573547,25.0790703
113,4,9,7,45,2,12內湖區,內湖區成功路2段與成功交流道口,0,0,1,1,B03,8,5,5,50,4,1,1,5,4,5,13,1,1,1,5,5,2,17,1,59,3,10,7,1,7,15,1,8,1,5,,42,,1,21,121.5909782,25.06449474
113,4,9,7,45,2,12內湖區,內湖區成功路2段與成功交流道口,0,0,1,2,,8,5,5,50,4,1,1,5,4,5,13,1,1,1,5,5,2,17,4,0,4,11,3,4,7,21,7,19,11,15,,119,,2,22,121.5909782,25.06449474
113,4,9,7,45,2,12內湖區,內湖區成功路2段與成功交流道口,0,0,1,3,C03,8,5,5,50,4,1,1,5,4,5,13,1,1,1,5,5,2,17,1,25,2,9,5,1,7,9,1,10,1,11,,42,,1,21,121.5909782,25.06449474
113,4,9,7,51,2,09北投區,北投區中央北路3段40巷34弄與新興路158巷口,0,0,3,1,C03,6,5,5,30,3,1,1,4,4,5,10,4,4,10,4,5,2,16,2,45,2,9,3,4,7,5,1,10,1,14,,72,,1,21,121.4855696,25.1397312
113,4,9,7,51,2,09北投區,北投區中央北路3段40巷34弄與新興路158巷口,0,0,3,2,C03,6,5,5,30,3,1,1,4,4,5,10,4,4,10,4,5,2,16,2,37,2,9,3,4,7,9,1,10,1,11,,14,,1,21,121.4855696,25.1397312
113,4,9,7,51,2,09北投區,北投區中央北路3段40巷34弄與新興路158巷口,0,0,3,4,H02,6,5,5,30,3,1,1,4,4,5,10,4,4,10,4,5,2,16,1,11,2,7,3,5,7,20,8,20,10,16,,67,,1,14,121.4855696,25.1397312
113,4,9,7,51,2,09北投區,北投區中央北路3段40巷34弄與新興路158巷口,0,0,3,3,B03,6,5,5,30,3,1,1,4,4,5,10,4,4,10,4,5,2,16,3,0,,,,,,,,,10,,,67,,1,,121.4855696,25.1397312
113,4,9,8,1,2,02萬華區,萬華區西昌街與貴陽街2段口,0,0,1,1,C03,7,6,5,50,4,1,1,5,4,5,13,2,1,5,5,5,2,17,1,51,3,10,6,1,7,9,1,10,1,14,,4,,1,21,121.5007,25.04027107
113,4,9,8,1,2,02萬華區,萬華區西昌街與貴陽街2段口,0,0,1,2,C03,7,6,5,50,4,1,1,5,4,5,13,2,1,5,5,5,2,17,1,35,3,10,6,1,7,5,1,9,1,12,,44,,1,21,121.5007,25.04027107
113,4,9,8,1,2,02萬華區,萬華區西昌街與貴陽街2段口,0,0,1,3,C03,7,6,5,50,4,1,1,5,4,5,13,2,1,5,5,5,2,17,2,29,2,8,6,1,7,9,1,10,1,14,,44,,1,21,121.5007,25.04027107
113,4,9,8,32,2,12內湖區,內湖區行善路與行愛路口口,0,0,1,1,B01,6,6,5,50,4,1,1,4,4,5,13,2,1,1,4,5,2,17,1,62,3,10,7,1,7,6,1,4,1,17,,9,,1,21,121.5828205,25.06081526
113,4,9,8,32,2,12內湖區,內湖區行善路與行愛路口口,0,0,1,2,C03,6,6,5,50,4,1,1,4,4,5,13,2,1,1,4,5,2,17,1,53,2,8,5,1,7,12,1,10,1,14,,42,,1,21,121.5828205,25.06081526
113,4,9,8,40,2,10文山區,文山區辛亥路4段252巷與辛亥路4段252巷2弄口口,0,0,1,1,F01,6,6,5,30,3,1,1,4,4,5,13,4,4,10,5,5,2,16,1,24,3,10,4,1,7,5,8,20,1,14,,8,,1,21,121.5543983,25.0015525
113,4,9,8,40,2,10文山區,文山區辛亥路4段252巷與辛亥路4段252巷2弄口口,0,0,1,2,C03,6,6,5,30,3,1,1,4,4,5,13,4,4,10,5,5,2,16,1,31,2,8,6,1,7,9,1,10,1,12,,108,,1,21,121.5543983,25.0015525
113,4,9,8,44,2,07信義區,信義區忠孝東路4段(仁愛路4段505號),0,0,2,1,B01,7,6,8,50,22,22,1,4,4,5,13,4,4,1,4,5,2,17,1,69,4,11,3,4,7,10,7,19,9,15,,100,,2,22,121.5584085,25.0412113
113,4,9,8,44,2,07信義區,信義區忠孝東路4段(仁愛路4段505號),0,0,2,2,C03,7,6,8,50,22,22,1,4,4,5,13,4,4,1,4,5,2,17,1,49,2,9,6,1,7,9,1,10,1,14,,44,,1,22,121.5584085,25.0412113
113,4,9,8,44,2,07信義區,信義區忠孝東路4段(仁愛路4段505號),0,0,2,3,C03,7,6,8,50,22,22,1,4,4,5,13,4,4,1,4,5,2,17,1,35,2,9,6,1,7,9,1,10,1,14,,44,,1,22,121.5584085,25.0412113
113,4,9,8,45,2,09北投區,北投區中央北路4段與中央北路4段316巷口,0,0,1,2,C03,7,7,5,50,3,2,1,5,4,5,13,2,1,5,4,5,2,16,1,25,2,9,6,1,7,9,1,10,1,12,,13,,1,22,121.4728171,25.1309548
113,4,9,8,45,2,09北投區,北投區中央北路4段與中央北路4段316巷口,0,0,1,1,B03,7,7,5,50,3,2,1,5,4,5,13,2,1,5,4,5,2,16,1,45,3,10,7,1,7,11,1,8,1,4,,10,,1,22,121.4728171,25.1309548
113,4,9,9,0,2,01大同區,大同區民族西路210號,0,0,1,2,C03,7,6,5,50,14,9,1,5,4,5,13,4,4,5,4,5,2,17,1,31,2,7,6,1,7,15,1,10,1,11,,108,,1,21,121.5141135,25.0685675
113,4,9,9,0,2,01大同區,大同區民族西路210號,0,0,1,3,B03,7,6,5,50,14,9,1,5,4,5,13,4,4,5,4,5,2,17,1,44,3,10,7,1,7,9,1,8,1,2,,44,,1,21,121.5141135,25.0685675
113,4,9,9,0,2,01大同區,大同區民族西路210號,0,0,1,1,A02,7,6,5,50,14,9,1,5,4,5,13,4,4,5,4,5,2,17,1,47,3,10,7,1,7,14,1,2,11,7,,44,,2,21,121.5141135,25.0685675
113,4,9,9,0,2,12內湖區,內湖區成美橋與新明路298巷口,0,0,1,1,B02,7,5,8,50,4,1,1,5,4,5,13,1,1,5,5,5,2,17,1,45,3,10,7,1,7,6,1,8,1,2,,9,,1,21,121.5822746,25.055715
113,4,9,9,0,2,12內湖區,內湖區成美橋與新明路298巷口,0,0,1,2,C03,7,5,8,50,4,1,1,5,4,5,13,1,1,5,5,5,2,17,2,29,2,9,5,1,7,9,1,10,1,14,,108,,1,21,121.5822746,25.055715
113,4,9,9,2,2,12內湖區,內湖區基湖路與基湖路3巷口口,0,0,2,1,B03,7,6,5,50,4,1,1,5,4,5,13,2,1,9,4,5,2,16,1,45,3,10,7,1,7,5,1,8,1,1,,71,,1,21,121.5652724,25.08137211
113,4,9,9,2,2,12內湖區,內湖區基湖路與基湖路3巷口口,0,0,2,2,C03,7,6,5,50,4,1,1,5,4,5,13,2,1,9,4,5,2,16,1,24,2,9,5,1,7,9,1,10,1,14,,44,,1,21,121.5652724,25.08137211
113,4,9,9,2,2,12內湖區,內湖區基湖路與基湖路3巷口口,0,0,2,3,H02,7,6,5,50,4,1,1,5,4,5,13,2,1,9,4,5,2,16,2,30,2,9,5,5,7,20,8,20,10,16,,67,,1,21,121.5652724,25.08137211
113,4,9,9,4,2,03中山區,中山區市民大道2段與天津街口,0,0,2,1,C03,7,7,5,40,4,1,1,5,4,5,13,1,1,1,4,5,2,16,1,72,2,9,5,1,7,15,1,10,1,14,,100,,1,22,121.5223748,25.048036
113,4,9,9,4,2,03中山區,中山區市民大道2段與天津街口,0,0,2,2,C03,7,7,5,40,4,1,1,5,4,5,13,1,1,1,4,5,2,16,1,43,2,9,5,1,7,9,1,10,1,12,,44,,1,22,121.5223748,25.048036
113,4,9,9,4,2,03中山區,中山區市民大道2段與天津街口,0,0,2,3,B03,7,7,5,40,4,1,1,5,4,5,13,1,1,1,4,5,2,16,1,43,3,10,7,1,7,9,1,8,1,2,,44,,1,22,121.5223748,25.048036
113,4,9,9,42,2,04大安區,大安區敦化南路1段與敦化南路1段233巷口,0,0,3,1,C03,7,6,5,50,3,1,1,5,4,5,13,4,4,1,5,1,2,17,1,28,3,10,3,4,7,7,1,10,1,17,,100,,1,22,121.5490375,25.04045277
113,4,9,9,42,2,04大安區,大安區敦化南路1段與敦化南路1段233巷口,0,0,3,2,C03,7,6,5,50,3,1,1,5,4,5,13,4,4,1,5,1,2,17,2,57,2,8,3,4,7,9,1,10,1,14,,44,,1,22,121.5490375,25.04045277
113,4,9,9,42,2,04大安區,大安區敦化南路1段與敦化南路1段233巷口,0,0,3,3,C03,7,6,5,50,3,1,1,5,4,5,13,4,4,1,5,1,2,17,1,53,2,9,3,4,7,9,1,10,1,12,,44,,1,22,121.5490375,25.04045277
113,4,9,9,42,2,04大安區,大安區敦化南路1段與敦化南路1段233巷口,0,0,3,4,C03,7,6,5,50,3,1,1,5,4,5,13,4,4,1,5,1,2,17,2,27,3,10,3,4,7,9,1,10,1,11,,44,,1,22,121.5490375,25.04045277
113,4,9,9,42,2,04大安區,大安區敦化南路1段與敦化南路1段233巷口,0,0,3,5,H02,7,6,5,50,3,1,1,5,4,5,13,4,4,1,5,1,2,17,2,48,2,9,3,5,7,17,8,20,10,16,,67,,1,22,121.5490375,25.04045277
113,4,9,9,57,2,02萬華區,萬華區廣州街與南寧路口,0,0,2,1,B02,7,6,5,50,5,1,1,5,4,5,13,2,1,9,5,5,2,17,1,31,3,10,3,4,7,5,1,4,1,8,,8,,1,22,121.5053267,25.0369818
113,4,9,9,57,2,02萬華區,萬華區廣州街與南寧路口,0,0,2,2,C03,7,6,5,50,5,1,1,5,4,5,13,2,1,9,5,5,2,17,1,72,2,7,5,1,7,5,1,10,1,14,,9,,1,22,121.5053267,25.0369818
113,4,9,9,57,2,02萬華區,萬華區廣州街與南寧路口,0,0,2,3,H02,7,6,5,50,5,1,1,5,4,5,13,2,1,9,5,5,2,17,2,67,2,9,6,5,7,20,8,20,10,16,,67,,1,22,121.5053267,25.0369818
113,4,9,10,46,2,04大安區,大安區復興南路1段239號,0,0,1,1,B03,8,6,5,50,14,9,1,5,4,5,13,4,4,1,4,5,2,17,2,73,3,10,3,4,7,9,1,8,9,8,,44,,2,21,121.5437779,25.0374371
113,4,9,10,46,2,04大安區,大安區復興南路1段239號,0,0,1,2,C03,8,6,5,50,14,9,1,5,4,5,13,4,4,1,4,5,2,17,2,30,2,9,5,1,7,8,1,10,1,12,,100,,1,21,121.5437779,25.0374371
113,4,9,10,46,2,04大安區,大安區復興南路1段239號,0,0,1,3,B02,8,6,5,50,14,9,1,5,4,5,13,4,4,1,4,5,2,17,1,34,3,10,7,1,7,9,1,4,1,2,,44,,1,21,121.5437779,25.0374371
113,4,9,11,2,2,04大安區,大安區忠孝東路4段248巷與延吉街138巷口口,0,0,1,1,B12,6,6,5,30,4,1,1,4,4,5,13,4,4,10,5,5,2,15,1,64,3,10,7,1,7,9,1,8,1,5,,80,,1,22,121.5540834,25.0398566
113,4,9,11,2,2,04大安區,大安區忠孝東路4段248巷與延吉街138巷口口,0,0,1,2,C03,6,6,5,30,4,1,1,4,4,5,13,4,4,10,5,5,2,15,1,39,2,8,5,1,7,9,1,10,1,11,,14,,1,22,121.5540834,25.0398566
113,4,9,12,11,2,04大安區,大安區臥龍街與臥龍街151巷口,0,0,1,1,B03,7,6,5,50,5,1,1,5,4,5,13,1,1,10,5,5,2,17,1,22,3,10,7,1,7,5,1,8,1,5,,71,,1,21,121.5508689,25.0183658
113,4,9,12,11,2,04大安區,大安區臥龍街與臥龍街151巷口,0,0,1,2,C03,7,6,5,50,5,1,1,5,4,5,13,1,1,10,5,5,2,17,1,40,2,9,5,1,7,15,6,10,1,11,,44,,1,21,121.5508689,25.0183658
113,4,9,12,35,2,03中山區,中山區松江路與松江路70巷口,0,0,1,1,C03,7,6,5,50,3,1,1,5,4,5,13,4,4,1,5,5,2,13,2,66,2,7,5,1,7,9,1,10,2,11,,16,,1,21,121.5328194,25.0498267
113,4,9,12,35,2,03中山區,中山區松江路與松江路70巷口,0,0,1,2,B03,7,6,5,50,3,1,1,5,4,5,13,4,4,1,5,5,2,13,1,27,3,10,7,1,7,6,1,8,2,3,,44,,1,21,121.5328194,25.0498267
113,4,9,12,39,2,12內湖區,內湖區堤外便道3012364燈桿,0,0,2,1,A12,6,6,6,50,14,9,1,4,4,5,13,4,4,5,5,5,2,12,1,44,3,10,3,4,7,11,1,7,2,5,,10,,1,27,121.6131968,25.0652895
113,4,9,12,39,2,12內湖區,內湖區堤外便道3012364燈桿,0,0,2,2,C03,6,6,6,50,14,9,1,4,4,5,13,4,4,5,5,5,2,12,1,77,2,9,5,1,7,9,1,10,2,11,,44,,1,22,121.6131968,25.0652895
113,4,9,12,39,2,12內湖區,內湖區堤外便道3012364燈桿,0,0,2,3,H02,6,6,6,50,14,9,1,4,4,5,13,4,4,5,5,5,2,12,2,69,2,9,6,5,7,20,8,20,10,16,,67,,1,22,121.6131968,25.0652895
113,4,9,12,45,2,04大安區,大安區基隆路3段與長興街口,0,0,1,1,B03,6,6,5,50,4,1,1,4,4,5,13,2,1,1,4,5,2,16,1,56,3,10,7,1,7,6,1,8,1,5,,9,,1,21,121.5441739,25.0173356
113,4,9,12,45,2,04大安區,大安區基隆路3段與長興街口,0,0,1,2,C03,6,6,5,50,4,1,1,4,4,5,13,2,1,1,4,5,2,16,1,45,2,8,5,1,7,9,1,9,1,11,,44,,1,21,121.5441739,25.0173356
113,4,9,12,52,2,02萬華區,萬華區長泰街與萬青街口,0,0,1,1,C03,7,6,5,30,4,2,1,5,4,5,13,3,1,5,5,5,2,16,1,88,3,10,5,1,7,5,1,10,1,14,,84,,1,21,121.5015189,25.0231494
113,4,9,12,52,2,02萬華區,萬華區長泰街與萬青街口,0,0,1,2,C03,7,6,5,30,4,2,1,5,4,5,13,3,1,5,5,5,2,16,1,25,2,8,6,1,7,9,1,10,1,17,,44,,1,26,121.5015189,25.0231494
113,4,9,13,48,2,07信義區,信義區莊敬路與莊敬路341巷口,0,0,1,1,C03,6,7,5,40,3,1,1,4,4,5,13,4,4,9,5,4,2,16,1,57,3,10,5,1,7,9,1,10,2,11,,14,,1,21,121.5642169,25.0279235
113,4,9,13,48,2,07信義區,信義區莊敬路與莊敬路341巷口,0,0,1,2,C03,6,7,5,40,3,1,1,4,4,5,13,4,4,9,5,4,2,16,1,29,2,9,5,1,7,6,1,10,2,14,,72,,1,21,121.5642169,25.0279235
113,4,9,13,52,2,10文山區,文山區辛亥路4段與辛亥路4段77巷口,0,0,1,1,B03,6,6,5,50,3,2,1,4,4,5,13,2,1,1,4,5,2,13,1,59,3,10,7,1,7,1,1,8,1,1,,116,,1,21,121.5586096,25.0075694
113,4,9,13,52,2,10文山區,文山區辛亥路4段與辛亥路4段77巷口,0,0,1,2,C02,6,6,5,50,3,2,1,4,4,5,13,2,1,1,4,5,2,13,1,22,2,9,6,1,7,14,1,9,1,13,,44,,1,21,121.5586096,25.0075694
113,4,9,14,19,2,12內湖區,內湖區瑞光路258巷2號,0,0,1,1,B03,7,6,4,50,14,9,1,5,4,5,13,4,4,9,5,5,2,16,1,41,3,10,7,1,7,6,1,8,2,15,,9,,1,21,121.5754553,25.07529087
113,4,9,14,19,2,12內湖區,內湖區瑞光路258巷2號,0,0,1,2,C03,7,6,4,50,14,9,1,5,4,5,13,4,4,9,5,5,2,16,2,23,2,9,6,1,7,9,1,10,2,14,,108,,1,21,121.5754553,25.07529087
113,4,9,14,20,2,12內湖區,內湖區內湖路1段與內湖路1段39巷口口,0,0,1,2,C03,7,6,5,40,3,1,1,5,4,5,13,4,4,1,4,4,2,16,1,48,3,10,5,1,7,9,6,10,1,14,,44,,1,21,121.5590518,25.08513941
113,4,9,14,20,2,12內湖區,內湖區內湖路1段與內湖路1段39巷口口,0,0,1,1,C03,7,6,5,40,3,1,1,5,4,5,13,4,4,1,4,4,2,16,2,20,2,9,5,1,7,6,1,10,1,12,,9,,1,21,121.5590518,25.08513941
113,4,9,14,24,2,02萬華區,萬華區廣州街218巷與梧州街60巷口,0,0,1,1,C03,8,6,5,30,3,1,1,5,4,5,13,4,4,10,5,5,1,17,1,24,3,10,5,1,7,6,1,10,1,13,,8,,1,21,121.4968448,25.03582
113,4,9,14,24,2,02萬華區,萬華區廣州街218巷與梧州街60巷口,0,0,1,2,C03,8,6,5,30,3,1,1,5,4,5,13,4,4,10,5,5,1,17,2,29,2,7,5,1,7,9,1,10,1,11,,108,,1,21,121.4968448,25.03582
113,4,9,14,50,2,12內湖區,內湖區舊宗路1段135號前,0,0,1,1,B03,7,6,5,0,22,20,2,5,4,5,13,4,4,10,5,5,2,16,2,72,3,10,7,1,7,1,1,8,1,1,,19,,1,21,121.5790762,25.06065117
113,4,9,14,50,2,12內湖區,內湖區舊宗路1段135號前,0,0,1,2,F01,7,6,5,0,22,20,2,5,4,5,13,4,4,10,5,5,2,16,2,32,2,1,2,1,7,9,8,20,1,14,,80,,1,21,121.5790762,25.06065117
113,4,9,14,54,2,10文山區,文山區羅斯福路6段與萬隆街口,0,0,1,1,B03,6,6,5,50,4,1,1,4,4,5,13,2,1,1,4,5,2,17,2,32,3,10,7,1,7,5,1,8,11,17,,71,,1,21,121.5394843,25.0005301
113,4,9,14,54,2,10文山區,文山區羅斯福路6段與萬隆街口,0,0,1,2,C03,6,6,5,50,4,1,1,4,4,5,13,2,1,1,4,5,2,17,1,23,2,9,6,1,7,9,1,10,2,12,,44,,1,21,121.5394843,25.0005301
113,4,9,15,5,2,06松山區,松山區塔悠路97號,0,0,2,1,C03,7,6,5,50,14,9,1,5,4,5,13,3,1,1,4,5,2,16,2,71,2,9,5,1,7,5,1,10,1,14,,98,,1,21,121.5702557,25.0526825
113,4,9,15,5,2,06松山區,松山區塔悠路97號,0,0,2,2,C03,7,6,5,50,14,9,1,5,4,5,13,3,1,1,4,5,2,16,1,39,2,9,5,1,7,9,1,10,1,11,,13,,1,21,121.5702557,25.0526825
113,4,9,15,9,2,04大安區,大安區溫州街與溫州街58巷口,0,0,1,2,F02,7,6,5,20,4,1,1,4,4,5,13,4,4,9,5,5,1,17,2,44,2,8,4,4,7,9,8,20,1,14,,108,,1,22,121.5329654,25.0205092
113,4,9,15,9,2,04大安區,大安區溫州街與溫州街58巷口,0,0,1,1,B03,7,6,5,20,4,1,1,4,4,5,13,4,4,9,5,5,1,17,1,43,3,10,3,4,7,6,1,8,9,17,,80,,1,22,121.5329654,25.0205092
113,4,9,15,20,2,12內湖區,內湖區行善路與新湖二路口,0,0,2,1,B03,7,6,5,50,4,1,1,5,4,5,13,2,1,1,4,5,2,16,2,46,3,10,7,1,7,5,1,8,1,1,,42,,1,21,121.5856165,25.0648363
113,4,9,15,20,2,12內湖區,內湖區行善路與新湖二路口,0,0,2,2,C03,7,6,5,50,4,1,1,5,4,5,13,2,1,1,4,5,2,16,1,40,2,9,6,1,7,9,1,10,1,14,,42,,1,21,121.5856165,25.0648363
113,4,9,15,20,2,12內湖區,內湖區行善路與新湖二路口,0,0,2,3,H02,7,6,5,50,4,1,1,5,4,5,13,2,1,1,4,5,2,16,1,38,2,9,6,5,7,21,8,20,10,16,,67,,1,21,121.5856165,25.0648363
113,4,9,17,1,2,05中正區,中正區和平西路1段與牯嶺街口,0,0,2,1,C03,8,6,5,50,5,1,1,5,4,5,13,1,1,1,4,5,2,17,1,20,2,9,5,1,7,6,1,10,2,12,,9,,1,21,121.5190258,25.0265428
113,4,9,17,1,2,05中正區,中正區和平西路1段與牯嶺街口,0,0,2,2,C03,8,6,5,50,5,1,1,5,4,5,13,1,1,1,4,5,2,17,2,26,2,9,5,1,7,10,1,10,2,11,,100,,1,21,121.5190258,25.0265428
113,4,9,17,1,2,05中正區,中正區和平西路1段與牯嶺街口,0,0,2,3,A05,8,6,5,50,5,1,1,5,4,5,13,1,1,1,4,5,2,17,1,38,3,10,7,1,7,14,1,2,11,17,,38,,2,21,121.5190258,25.0265428
113,4,9,17,10,2,01大同區,大同區南京西路與赤峰街口,0,0,1,1,C03,7,6,5,50,3,2,1,4,4,5,13,2,1,3,4,4,2,17,1,63,2,9,6,1,7,6,1,10,1,12,,9,,1,21,121.5190453,25.053015
113,4,9,17,10,2,01大同區,大同區南京西路與赤峰街口,0,0,1,2,B01,7,6,5,50,3,2,1,4,4,5,13,2,1,3,4,4,2,17,1,58,3,10,7,1,7,15,1,3,1,1,,100,,1,21,121.5190453,25.053015
113,4,9,17,25,2,01大同區,大同區承德路2段與南京西路口,0,0,1,1,C03,7,6,5,50,4,2,1,5,4,5,13,2,1,1,4,5,2,17,2,43,2,9,5,4,7,9,1,10,1,14,,44,,1,21,121.5175996,25.0532128
113,4,9,17,25,2,01大同區,大同區承德路2段與南京西路口,0,0,1,2,B03,7,6,5,50,4,2,1,5,4,5,13,2,1,1,4,5,2,17,2,28,3,10,7,4,7,9,1,8,1,5,,108,,1,21,121.5175996,25.0532128
113,4,9,17,45,2,08士林區,士林區社子街36號,0,0,1,1,B03,7,6,5,50,14,9,1,5,4,5,13,4,4,9,4,5,1,11,2,40,3,10,3,4,7,1,1,8,2,7,,19,,1,21,121.5076299,25.0875546
113,4,9,17,45,2,08士林區,士林區社子街36號,0,0,1,2,C03,7,6,5,50,14,9,1,5,4,5,13,4,4,9,4,5,1,11,1,59,2,9,3,4,7,9,1,10,2,11,,108,,1,21,121.5076299,25.0875546
113,4,9,17,50,2,12內湖區,內湖區新湖二路250巷33號,0,0,1,1,B03,8,5,5,50,14,9,1,5,4,5,13,4,4,4,5,5,1,14,1,62,3,10,3,4,7,2,1,8,1,7,,12,,1,22,121.5823165,25.0657765
113,4,9,17,50,2,12內湖區,內湖區新湖二路250巷33號,0,0,1,2,C03,8,5,5,50,14,9,1,5,4,5,13,4,4,4,5,5,1,14,2,28,3,10,3,4,7,9,1,10,1,11,,44,,1,22,121.5823165,25.0657765
113,4,9,17,50,2,12內湖區,內湖區新湖二路250巷33號,0,0,1,3,H02,8,5,5,50,14,9,1,5,4,5,13,4,4,4,5,5,1,14,2,35,2,8,3,5,7,20,8,20,10,16,,67,,1,22,121.5823165,25.0657765
113,4,9,18,50,2,08士林區,士林區德行西路與磺溪街口,0,0,1,1,B03,7,6,5,50,3,2,1,5,4,5,13,1,1,9,4,5,1,16,1,65,3,10,3,4,7,5,1,8,1,1,,8,,1,21,121.5230271,25.1055355
113,4,9,18,50,2,08士林區,士林區德行西路與磺溪街口,0,0,1,2,C03,7,6,5,50,3,2,1,5,4,5,13,1,1,9,4,5,1,16,1,64,2,9,3,4,7,9,1,10,1,11,,16,,1,21,121.5230271,25.1055355
113,4,9,19,7,2,01大同區,大同區錦西街76號,0,0,1,1,B03,8,5,5,50,14,9,1,5,4,5,13,4,4,5,4,5,2,17,2,46,3,10,7,1,7,13,1,8,1,8,,40,,1,21,121.5191862,25.060293
113,4,9,19,7,2,01大同區,大同區錦西街76號,0,0,1,2,C03,8,5,5,50,14,9,1,5,4,5,13,4,4,5,4,5,2,17,2,35,2,9,6,1,7,9,1,10,1,11,,44,,1,21,121.5191862,25.060293
113,4,9,19,7,2,01大同區,大同區錦西街76號,0,0,1,3,B03,8,5,5,50,14,9,1,5,4,5,13,4,4,5,4,5,2,17,1,54,3,10,7,1,7,14,1,8,1,6,,44,,1,21,121.5191862,25.060293
113,4,9,19,18,2,05中正區,中正區汀州路3段289號,0,0,2,1,C03,7,5,6,50,14,9,1,5,4,5,13,4,4,9,5,5,2,12,2,25,2,8,5,1,7,8,1,10,1,12,,100,,1,21,121.5356868,25.0119833
113,4,9,19,18,2,05中正區,中正區汀州路3段289號,0,0,2,2,C03,7,5,6,50,14,9,1,5,4,5,13,4,4,9,5,5,2,12,2,18,3,10,6,1,7,4,1,10,1,14,,17,,1,21,121.5356868,25.0119833
113,4,9,19,18,2,05中正區,中正區汀州路3段289號,0,0,2,3,H02,7,5,6,50,14,9,1,5,4,5,13,4,4,9,5,5,2,12,1,18,2,8,6,5,7,20,8,20,10,16,,67,,1,21,121.5356868,25.0119833
113,4,9,19,45,2,07信義區,信義區松仁路與松勤街口,0,0,1,1,B03,8,5,5,50,4,2,1,5,4,5,13,2,1,8,5,5,2,17,1,42,3,10,3,4,7,15,1,8,11,1,,44,,1,21,121.5681686,25.0319351
113,4,9,19,45,2,07信義區,信義區松仁路與松勤街口,0,0,1,2,F01,8,5,5,50,4,2,1,5,4,5,13,2,1,8,5,5,2,17,1,12,2,8,4,4,7,15,8,20,11,11,,14,,1,21,121.5681686,25.0319351
113,4,9,19,54,2,09北投區,北投區立功街與中央北路4段515巷口,0,0,1,1,B03,8,5,5,50,3,1,1,5,4,5,13,2,1,5,4,5,2,17,1,43,3,10,7,1,7,6,1,8,2,8,,9,,1,21,121.4699133,25.1258705
113,4,9,19,54,2,09北投區,北投區立功街與中央北路4段515巷口,0,0,1,2,C03,8,5,5,50,3,1,1,5,4,5,13,2,1,5,4,5,2,17,1,65,2,9,5,1,7,5,1,10,2,14,,44,,1,21,121.4699133,25.1258705