發生年度,發生月,發生日,發生時-Hours,發生分,處理別-編號,區序,肇事地點,死亡人數,2-30日死亡人數,受傷人數,當事人序號,車種,天候,道路照明設備,道路類別,速限-速度限制,道路型態,事故位置,路面狀況1,路面狀況2,路面狀況3,道路障礙1,道路障礙2,號誌1,號誌2,車道劃分-分向,車道劃分-分道1,車道劃分-分道2,車道劃分-分道3,事故類型及型態,性別,年齡,受傷程度,主要傷處,保護裝置,行動電話,車輛用途,當事者行動狀態,駕駛資格情形,駕駛執照種類,飲酒情形,車輛撞擊部位1,車輛撞擊部位2,肇因碼-個別,肇因碼-主要,個人肇逃否,職業,座標-X,座標-Y
113,4,9,19,54,2,09北投區,北投區立功街與中央北路4段515巷口,0,0,1,3,B03,8,5,5,50,3,1,1,5,4,5,13,2,1,5,4,5,2,17,1,52,3,10,7,1,7,14,1,8,2,4,,44,,1,21,121.4699133,25.1258705
113,4,9,20,7,2,04大安區,大安區光復南路306號,0,0,1,1,C04,7,6,5,50,14,9,1,5,4,5,13,4,4,1,4,5,2,28,2,22,2,9,5,1,7,9,1,10,1,12,,108,,1,21,121.5575234,25.0389436
113,4,9,20,7,2,04大安區,大安區光復南路306號,0,0,1,2,B03,7,6,5,50,14,9,1,5,4,5,13,4,4,1,4,5,2,28,1,78,3,10,3,1,7,14,1,8,1,4,,38,,1,21,121.5575234,25.0389436
113,4,9,20,51,2,07信義區,信義區松山路與市民大道6段口,0,0,3,1,C03,7,5,8,40,4,1,1,5,4,5,13,1,1,10,4,5,1,17,1,16,2,9,5,1,7,5,2,18,1,14,,8,,1,22,121.5778258,25.0489321
113,4,9,20,51,2,07信義區,信義區松山路與市民大道6段口,0,0,3,2,C03,7,5,8,40,4,1,1,5,4,5,13,1,1,10,4,5,1,17,1,24,2,9,6,1,7,9,1,10,1,11,,44,,1,22,121.5778258,25.0489321
113,4,9,20,51,2,07信義區,信義區松山路與市民大道6段口,0,0,3,3,H02,7,5,8,40,4,1,1,5,4,5,13,1,1,10,4,5,1,17,2,19,2,9,5,5,7,17,8,20,10,16,,67,,1,22,121.5778258,25.0489321
113,4,9,21,27,2,01大同區,大同區民族西路與承德路3段口,0,0,1,1,B03,8,5,5,50,5,1,1,5,4,5,13,2,1,1,2,1,2,2,1,32,3,10,7,1,7,5,1,8,2,4,,70,,1,22,121.5183273,25.0684101
113,4,9,21,27,2,01大同區,大同區民族西路與承德路3段口,0,0,1,2,H01,8,5,5,50,5,1,1,5,4,5,13,2,1,1,2,1,2,2,2,58,2,9,4,5,8,16,8,20,10,16,,67,,1,22,121.5183273,25.0684101
113,4,9,21,40,2,10文山區,文山區久康街與秀明路1段口,0,0,1,1,B03,6,5,5,50,4,1,1,4,4,5,13,2,1,10,5,5,1,17,1,19,3,10,7,1,7,5,1,8,1,5,,71,,1,21,121.5648967,24.989711
113,4,9,21,40,2,10文山區,文山區久康街與秀明路1段口,0,0,1,2,C03,6,5,5,50,4,1,1,4,4,5,13,2,1,10,5,5,1,17,1,24,2,9,6,1,7,9,1,10,1,11,,44,,1,21,121.5648967,24.989711
113,4,9,22,16,2,05中正區,中正區新生南路1段與仁愛路2段口,0,0,3,1,B03,7,5,5,50,14,8,1,4,4,5,13,1,1,1,4,1,2,13,1,53,3,10,7,1,7,3,1,8,2,1,,116,,1,21,121.5324993,25.03824978
113,4,9,22,16,2,05中正區,中正區新生南路1段與仁愛路2段口,0,0,3,2,C03,7,5,5,50,14,8,1,4,4,5,13,1,1,1,4,1,2,13,1,33,2,9,5,1,7,14,1,10,2,13,,44,,1,21,121.5324993,25.03824978
113,4,9,22,16,2,05中正區,中正區新生南路1段與仁愛路2段口,0,0,3,3,C03,7,5,5,50,14,8,1,4,4,5,13,1,1,1,4,1,2,13,1,36,2,9,5,1,7,14,3,18,9,13,,44,,1,21,121.5324993,25.03824978
113,4,9,22,16,2,05中正區,中正區新生南路1段與仁愛路2段口,0,0,3,4,H02,7,5,5,50,14,8,1,4,4,5,13,1,1,1,4,1,2,13,2,39,2,9,5,5,7,20,8,20,10,16,,67,,1,21,121.5324993,25.03824978
113,4,9,22,18,2,08士林區,士林區文林路514號,0,0,1,1,C03,7,5,5,50,14,9,1,5,4,5,13,4,4,5,5,5,1,17,1,63,3,10,5,1,7,9,1,10,7,11,,21,,1,21,121.5241459,25.0969715
113,4,9,22,18,2,08士林區,士林區文林路514號,0,0,1,2,F01,7,5,5,50,14,9,1,5,4,5,13,4,4,5,5,5,1,17,1,76,2,8,4,1,7,9,8,20,2,13,,42,,1,21,121.5241459,25.0969715
113,4,9,22,18,2,08士林區,士林區文林路514號,0,0,1,3,B01,7,5,5,50,14,9,1,5,4,5,13,4,4,5,5,5,1,17,1,68,3,10,7,1,7,14,1,4,2,4,,38,,1,21,121.5241459,25.0969715
113,4,9,22,23,2,03中山區,中山區市民大道3段與八德路2段口,0,0,1,1,B03,8,5,5,40,4,1,1,5,4,5,13,2,1,1,5,5,2,16,2,24,3,10,7,1,7,6,1,8,1,6,,9,,1,21,121.5351054,25.0451023
113,4,9,22,23,2,03中山區,中山區市民大道3段與八德路2段口,0,0,1,2,C03,8,5,5,40,4,1,1,5,4,5,13,2,1,1,5,5,2,16,1,33,2,9,5,1,7,9,1,10,1,11,,44,,1,21,121.5351054,25.0451023
113,4,9,22,39,2,02萬華區,萬華區西寧南路與忠孝西路2段口,0,0,1,1,C03,7,5,5,50,4,1,1,5,4,5,13,1,1,5,4,5,2,12,1,19,2,9,5,1,7,8,1,10,1,12,,100,,1,21,121.5076683,25.0485843
113,4,9,22,39,2,02萬華區,萬華區西寧南路與忠孝西路2段口,0,0,1,2,B03,7,5,5,50,4,1,1,5,4,5,13,1,1,5,4,5,2,12,1,18,3,10,7,1,7,9,1,8,1,4,,44,,1,21,121.5076683,25.0485843
113,4,9,22,48,2,09北投區,北投區石牌路2段與西安街1段口,0,0,2,1,C04,7,5,5,50,4,1,1,5,4,5,13,1,1,10,5,5,2,13,1,20,2,9,5,1,7,5,1,10,2,13,,8,,1,21,121.5148303,25.1151306
113,4,9,22,48,2,09北投區,北投區石牌路2段與西安街1段口,0,0,2,2,B11,7,5,5,50,4,1,1,5,4,5,13,1,1,10,5,5,2,13,1,34,3,10,7,1,7,9,1,2,2,8,,44,,1,21,121.5148303,25.1151306
113,4,9,22,48,2,09北投區,北投區石牌路2段與西安街1段口,0,0,2,3,H02,7,5,5,50,4,1,1,5,4,5,13,1,1,10,5,5,2,13,2,20,2,9,5,5,7,20,8,20,10,16,,67,,1,21,121.5148303,25.1151306
113,4,9,23,7,2,03中山區,中山區長春路與復興北路口,0,0,1,1,C03,7,5,5,50,4,1,1,5,4,5,13,2,1,5,4,5,2,13,1,26,2,8,3,4,7,9,6,18,1,11,,108,,1,21,121.543979,25.0545243
113,4,9,23,7,2,03中山區,中山區長春路與復興北路口,0,0,1,2,B01,7,5,5,50,4,1,1,5,4,5,13,2,1,5,4,5,2,13,1,56,3,10,3,4,7,12,1,4,1,3,,44,,1,21,121.543979,25.0545243
113,4,9,23,10,2,08士林區,士林區重慶北路4段122號,0,0,1,1,C03,8,5,5,50,14,9,1,5,4,5,13,4,4,1,5,5,1,17,2,25,2,9,5,1,7,9,1,10,1,12,,108,,1,21,121.5124732,25.08304403
113,4,9,23,10,2,08士林區,士林區重慶北路4段122號,0,0,1,2,B12,8,5,5,50,14,9,1,5,4,5,13,4,4,1,5,5,1,17,1,46,3,10,7,1,7,14,1,8,1,4,,38,,1,21,121.5124732,25.08304403
113,4,9,23,45,2,10文山區,文山區萬美街1段與和平東路4段口,0,0,1,1,C03,6,5,5,40,3,1,1,4,4,5,13,2,1,10,5,5,1,17,1,31,2,9,6,1,7,9,1,10,1,12,,108,,1,21,121.5718816,25.0023882
113,4,9,23,45,2,10文山區,文山區萬美街1段與和平東路4段口,0,0,1,2,C03,6,5,5,40,3,1,1,4,4,5,13,2,1,10,5,5,1,17,1,43,3,10,6,1,7,5,1,10,1,17,,44,,1,21,121.5718816,25.0023882
113,4,10,0,45,2,12內湖區,內湖區舊宗路2段與堤頂大道1段口,0,0,4,1,B03,8,5,5,70,3,1,1,5,4,5,13,1,1,1,4,1,2,16,2,45,2,9,7,1,7,5,1,8,2,2,,85,,1,21,121.5732117,25.07269201
113,4,10,0,45,2,12內湖區,內湖區舊宗路2段與堤頂大道1段口,0,0,4,2,B03,8,5,5,70,3,1,1,5,4,5,13,1,1,1,4,1,2,16,1,33,2,8,7,1,7,9,1,8,2,1,,44,,1,21,121.5732117,25.07269201
113,4,10,0,45,2,12內湖區,內湖區舊宗路2段與堤頂大道1段口,0,0,4,3,B01,8,5,5,70,3,1,1,5,4,5,13,1,1,1,4,1,2,16,1,29,2,9,7,1,7,9,1,4,2,1,,44,,1,21,121.5732117,25.07269201
113,4,10,0,45,2,12內湖區,內湖區舊宗路2段與堤頂大道1段口,0,0,4,4,H02,8,5,5,70,3,1,1,5,4,5,13,1,1,1,4,1,2,16,2,38,2,9,7,5,7,20,8,20,10,16,,67,,1,21,121.5732117,25.07269201
113,4,10,6,31,2,12內湖區,內湖區潭美街207號,0,0,1,1,C03,6,5,5,40,14,9,1,4,4,5,13,4,4,5,5,5,2,12,2,50,2,9,5,1,7,9,1,10,9,14,,17,,1,21,121.5845412,25.05567893
113,4,10,6,31,2,12內湖區,內湖區潭美街207號,0,0,1,2,B03,6,5,5,40,14,9,1,4,4,5,13,4,4,5,5,5,2,12,1,49,3,10,7,1,7,9,1,8,9,2,,17,,1,21,121.5845412,25.05567893
113,4,10,6,35,2,05中正區,(汀州路2段118號前 ),0,0,1,1,C03,6,6,5,50,14,9,1,4,4,5,13,2,1,4,4,5,1,16,1,52,3,10,5,1,7,5,1,9,1,11,,8,,1,21,121.5202454,25.02478242
113,4,10,6,35,2,05中正區,(汀州路2段118號前 ),0,0,1,2,C03,6,6,5,50,14,9,1,4,4,5,13,2,1,4,4,5,1,16,1,60,2,9,5,1,7,9,1,10,1,14,,44,,1,21,121.5202454,25.02478242
113,4,10,7,3,2,05中正區,中正區中山北路1段與市民大道1段口,0,0,1,1,A02,6,6,5,40,4,1,1,4,4,5,13,1,1,1,4,5,2,16,1,49,3,10,7,1,7,6,1,2,9,2,,71,,1,21,121.5205352,25.0479135
113,4,10,7,3,2,05中正區,中正區中山北路1段與市民大道1段口,0,0,1,2,F01,6,6,5,40,4,1,1,4,4,5,13,1,1,1,4,5,2,16,1,39,2,9,4,1,7,9,8,20,9,14,,44,,1,21,121.5205352,25.0479135
113,4,10,7,21,2,07信義區,信義區信安街67巷與吳興街156巷65弄口,0,0,1,1,B03,6,6,5,40,3,1,1,4,4,5,13,4,4,5,5,4,1,17,1,39,3,10,3,4,7,1,1,8,1,17,,19,,1,22,121.5593384,25.0259319
113,4,10,7,21,2,07信義區,信義區信安街67巷與吳興街156巷65弄口,0,0,1,2,C03,6,6,5,40,3,1,1,4,4,5,13,4,4,5,5,4,1,17,2,37,2,9,3,4,7,12,1,10,1,14,,44,,1,22,121.5593384,25.0259319
113,4,10,7,25,2,03中山區,中山區民族西路往東、圓山花博對面,0,0,1,1,B03,6,7,5,50,14,9,1,4,4,5,13,4,4,5,4,5,2,12,1,58,3,10,3,4,7,8,1,8,2,17,,108,,1,21,121.5223175,25.0683898
113,4,10,7,25,2,03中山區,中山區民族西路往東、圓山花博對面,0,0,1,2,C03,6,7,5,50,14,9,1,4,4,5,13,4,4,5,4,5,2,12,2,54,2,9,6,4,7,9,1,10,2,17,,44,,1,21,121.5223175,25.0683898
113,4,10,7,30,2,01大同區,大同區重慶北路3段320號,0,0,1,1,H01,6,6,5,0,14,9,1,4,4,5,13,4,4,8,3,5,2,6,1,29,3,10,4,5,8,18,8,20,10,16,,60,,1,21,121.5137553,25.07542219
113,4,10,7,30,2,01大同區,大同區重慶北路3段320號,0,0,1,2,C03,6,6,5,0,14,9,1,4,4,5,13,4,4,8,3,5,2,6,2,44,2,8,6,1,7,9,1,10,1,11,,44,,1,21,121.5137553,25.07542219
113,4,10,7,36,2,08士林區,士林區文林路587巷與文昌路口,0,0,1,1,C04,8,6,5,30,3,2,1,5,4,5,13,4,4,10,5,5,1,3,2,21,4,11,3,4,7,21,7,19,11,15,,119,,2,21,121.5201143,25.0984726
113,4,10,7,36,2,08士林區,士林區文林路587巷與文昌路口,0,0,1,2,H01,8,6,5,30,3,2,1,5,4,5,13,4,4,10,5,5,1,3,1,74,2,8,4,5,8,16,8,20,10,16,,67,,1,21,121.5201143,25.0984726
113,4,10,7,45,2,04大安區,大安區建國南路2段與建國南路2段69巷口,0,0,1,1,B12,7,6,6,50,3,1,1,4,4,5,13,4,4,9,4,5,2,17,1,76,3,10,7,1,7,15,1,8,1,15,,80,,1,21,121.5380976,25.03120045
113,4,10,7,45,2,04大安區,大安區建國南路2段與建國南路2段69巷口,0,0,1,2,C03,7,6,6,50,3,1,1,4,4,5,13,4,4,9,4,5,2,17,1,40,2,9,6,1,7,6,1,10,1,15,,80,,1,21,121.5380976,25.03120045
113,4,10,7,56,2,07信義區,信義區基隆路2段與基隆路2段39巷口,0,0,1,1,B01,6,6,5,50,3,2,1,4,4,5,13,4,4,1,4,5,2,12,1,65,3,10,7,1,7,1,1,4,1,1,,19,,1,21,121.5586584,25.0313288
113,4,10,7,56,2,07信義區,信義區基隆路2段與基隆路2段39巷口,0,0,1,2,C03,6,6,5,50,3,2,1,4,4,5,13,4,4,1,4,5,2,12,1,28,2,5,5,1,7,9,1,10,1,14,,17,,1,21,121.5586584,25.0313288
113,4,10,8,10,2,09北投區,北投區承德路6段與福國路口,0,0,2,1,C03,6,5,5,40,4,2,1,4,4,5,13,2,1,1,4,5,2,13,1,40,2,9,3,4,7,9,1,10,2,11,,16,,1,23,121.5121105,25.1018508
113,4,10,8,10,2,09北投區,北投區承德路6段與福國路口,0,0,2,2,C03,6,5,5,40,4,2,1,4,4,5,13,2,1,1,4,5,2,13,1,59,2,7,3,4,7,9,1,10,2,13,,44,,1,26,121.5121105,25.1018508
113,4,10,8,19,2,03中山區,中山區中山北路2段與民權東路1段口,0,0,2,1,C03,6,5,5,50,4,1,1,4,4,5,13,1,1,1,4,4,2,13,1,22,2,9,6,1,7,9,1,10,1,11,,16,,1,21,121.5227891,25.06262101
113,4,10,8,19,2,03中山區,中山區中山北路2段與民權東路1段口,0,0,2,2,C03,6,5,5,50,4,1,1,4,4,5,13,1,1,1,4,4,2,13,2,29,2,8,6,1,7,9,1,10,1,13,,44,,1,21,121.5227891,25.06262101
113,4,10,8,23,2,10文山區,文山區木柵路4段與木柵路4段33巷口,0,0,1,1,B03,6,7,5,50,3,1,1,4,4,5,10,2,1,10,5,5,2,16,1,30,3,10,7,1,7,5,1,8,1,1,,71,,1,21,121.5715296,24.9940876
113,4,10,8,23,2,10文山區,文山區木柵路4段與木柵路4段33巷口,0,0,1,2,C03,6,7,5,50,3,1,1,4,4,5,10,2,1,10,5,5,2,16,1,50,2,8,5,1,7,9,1,10,1,14,,44,,1,21,121.5715296,24.9940876
113,4,10,8,24,2,07信義區,信義區信安街與信安街115巷口,0,0,1,1,B03,6,6,5,30,3,1,1,4,4,5,13,4,4,9,5,5,1,16,1,56,3,10,3,4,7,6,1,8,1,1,,80,,1,22,121.5561317,25.02477357
113,4,10,8,24,2,07信義區,信義區信安街與信安街115巷口,0,0,1,2,C03,6,6,5,30,3,1,1,4,4,5,13,4,4,9,5,5,1,16,1,31,2,7,3,4,7,9,1,10,1,12,,44,,1,22,121.5561317,25.02477357
113,4,10,8,30,2,06松山區,松山區民權東路3段120號,0,0,1,1,C03,6,6,5,50,14,9,1,4,4,5,13,4,4,1,3,5,2,17,1,32,2,7,6,1,7,9,1,10,1,17,,16,,1,22,121.5449839,25.0619785
113,4,10,8,30,2,06松山區,松山區民權東路3段120號,0,0,1,2,C03,6,6,5,50,14,9,1,4,4,5,13,4,4,1,3,5,2,17,1,48,3,10,6,1,7,6,1,10,1,17,,9,,1,22,121.5449839,25.0619785
113,4,10,8,31,2,09北投區,北投區西安街1段與西安街1段165巷口,0,0,2,1,C03,8,7,5,50,3,2,1,5,4,5,13,4,4,10,4,5,2,13,1,39,2,9,6,1,7,9,1,10,1,12,,118,,1,22,121.5185582,25.1097006
113,4,10,8,31,2,09北投區,北投區西安街1段與西安街1段165巷口,0,0,2,2,C03,8,7,5,50,3,2,1,5,4,5,13,4,4,10,4,5,2,13,2,23,2,9,6,1,7,9,1,10,1,14,,118,,1,22,121.5185582,25.1097006
113,4,10,8,39,2,03中山區,中山區明水路與樂群一路口,0,0,1,1,B03,7,7,5,50,3,1,1,4,4,5,13,1,1,1,4,5,2,12,1,26,3,10,3,4,7,9,1,8,1,2,,44,,1,21,121.5506101,25.07726715
113,4,10,8,39,2,03中山區,中山區明水路與樂群一路口,0,0,1,2,C03,7,7,5,50,3,1,1,4,4,5,13,1,1,1,4,5,2,12,2,22,2,8,6,4,7,7,1,10,1,14,,100,,1,21,121.5506101,25.07726715
113,4,10,8,45,2,07信義區,信義區基隆路1段135號,0,0,2,1,C03,6,7,5,50,14,9,1,4,4,5,13,4,4,1,4,5,2,13,1,27,3,10,3,4,7,9,1,10,1,11,,44,,1,21,121.5661522,25.0438001
113,4,10,8,45,2,07信義區,信義區基隆路1段135號,0,0,2,2,C03,6,7,5,50,14,9,1,4,4,5,13,4,4,1,4,5,2,13,1,33,2,9,3,4,7,9,1,10,1,13,,44,,1,21,121.5661522,25.0438001
113,4,10,8,45,2,07信義區,信義區基隆路1段135號,0,0,2,3,C03,6,7,5,50,14,9,1,4,4,5,13,4,4,1,4,5,2,13,1,46,2,8,3,4,7,9,1,10,1,12,,44,,1,21,121.5661522,25.0438001
113,4,10,8,45,2,07信義區,信義區基隆路1段135號,0,0,2,4,C03,6,7,5,50,14,9,1,4,4,5,13,4,4,1,4,5,2,13,1,42,3,10,3,4,7,9,1,10,1,11,,44,,1,21,121.5661522,25.0438001
113,4,10,8,50,2,09北投區,北投區致遠二路137號,0,0,1,1,C03,7,5,5,50,14,9,1,5,4,5,13,4,4,9,4,5,2,17,2,74,3,10,3,4,7,5,1,10,1,15,,8,,1,21,121.5128307,25.1172276
113,4,10,8,50,2,09北投區,北投區致遠二路137號,0,0,1,2,C04,7,5,5,50,14,9,1,5,4,5,13,4,4,9,4,5,2,17,2,67,2,7,3,4,7,15,1,11,1,15,,108,,1,21,121.5128307,25.1172276
113,4,10,8,59,2,03中山區,中山區基湖路與基湖路122巷口口,0,0,1,1,B12,7,7,5,50,4,1,1,5,4,5,13,4,4,3,4,5,2,16,1,59,3,10,7,1,7,5,1,8,2,6,,74,,1,22,121.563803,25.0783244
113,4,10,8,59,2,03中山區,中山區基湖路與基湖路122巷口口,0,0,1,2,C03,7,7,5,50,4,1,1,5,4,5,13,4,4,3,4,5,2,16,1,35,2,9,5,1,7,9,1,10,2,11,,14,,1,22,121.563803,25.0783244
113,4,10,9,0,2,12內湖區,內湖區瑞光路335號旁,0,0,1,1,B03,6,6,5,50,14,9,1,4,4,5,13,4,4,1,4,5,2,12,2,56,3,10,7,1,7,8,1,8,1,2,,100,,1,21,121.5754435,25.07727073
113,4,10,9,0,2,12內湖區,內湖區瑞光路335號旁,0,0,1,2,C03,6,6,5,50,14,9,1,4,4,5,13,4,4,1,4,5,2,12,2,45,2,7,5,1,7,9,1,10,1,14,,44,,1,21,121.5754435,25.07727073
113,4,10,9,4,2,02萬華區,萬華區華江橋往北市機車道,0,0,2,1,C03,6,7,5,40,8,11,1,4,4,5,13,4,4,3,4,5,1,17,1,27,2,9,6,1,7,9,1,10,2,11,,16,,1,21,121.4893851,25.033875
113,4,10,9,4,2,02萬華區,萬華區華江橋往北市機車道,0,0,2,2,C03,6,7,5,40,8,11,1,4,4,5,13,4,4,3,4,5,1,17,1,65,2,9,6,1,7,9,1,10,2,13,,44,,1,21,121.4893851,25.033875
113,4,10,9,12,2,11南港區,南港區重陽路與興華路口,0,0,1,1,B02,8,7,5,50,4,2,1,5,4,5,13,1,1,5,5,5,2,17,1,47,3,10,7,1,7,1,1,8,1,5,,19,,1,21,121.6054692,25.0576263
113,4,10,9,12,2,11南港區,南港區重陽路與興華路口,0,0,1,2,C03,8,7,5,50,4,2,1,5,4,5,13,1,1,5,5,5,2,17,2,76,2,8,5,1,7,1,1,10,1,14,,19,,1,21,121.6054692,25.0576263
113,4,10,9,26,2,12內湖區,內湖區成功路4段與金龍路口,0,0,1,1,B01,7,5,5,50,4,1,1,5,4,5,13,1,1,1,4,5,2,16,1,49,3,10,7,1,7,9,1,4,1,5,,44,,1,21,121.5950372,25.08418782
113,4,10,9,26,2,12內湖區,內湖區成功路4段與金龍路口,0,0,1,2,F03,7,5,5,50,4,1,1,5,4,5,13,1,1,1,4,5,2,16,1,78,2,9,4,1,7,5,8,20,1,14,,8,,1,21,121.5950372,25.08418782
113,4,10,9,32,2,07信義區,信義區永吉路30巷與永吉路30巷101弄口,0,0,1,1,C03,6,6,5,30,4,2,1,4,4,5,13,4,4,9,5,5,1,17,1,54,3,10,3,4,7,5,1,10,11,17,,72,,1,21,121.568793,25.0434489
113,4,10,9,32,2,07信義區,信義區永吉路30巷與永吉路30巷101弄口,0,0,1,2,C03,6,6,5,30,4,2,1,4,4,5,13,4,4,9,5,5,1,17,2,36,2,9,3,4,7,9,1,10,1,14,,13,,1,22,121.568793,25.0434489
113,4,10,9,42,2,07信義區,信義區忠孝東路4段516號,0,0,1,1,C03,6,6,5,50,14,9,1,4,4,5,13,4,4,1,4,5,2,13,2,31,2,5,5,1,7,9,1,10,9,11,,107,,1,21,121.5631271,25.0411364
113,4,10,9,42,2,07信義區,信義區忠孝東路4段516號,0,0,1,2,B03,6,6,5,50,14,9,1,4,4,5,13,4,4,1,4,5,2,13,2,43,3,10,7,1,7,14,1,8,1,6,,44,,1,21,121.5631271,25.0411364
113,4,10,9,55,2,03中山區,中山區建國北路2段15號與建國北路2段口迴轉道,0,0,1,1,B03,6,5,5,50,3,1,1,4,4,5,13,1,1,1,4,5,2,16,2,59,3,10,7,1,7,5,1,8,1,4,,8,,1,21,121.537061,25.05386175
113,4,10,9,55,2,03中山區,中山區建國北路2段15號與建國北路2段口迴轉道,0,0,1,2,C03,6,5,5,50,3,1,1,4,4,5,13,1,1,1,4,5,2,16,1,25,2,8,6,1,7,9,1,10,1,11,,14,,1,21,121.537061,25.05386175
113,4,10,11,0,2,10文山區,文山區興隆路4段與興隆路4段115巷口,0,0,1,1,B03,6,7,5,50,3,2,1,4,4,5,13,4,4,10,4,5,2,17,1,75,3,10,7,1,7,1,1,6,1,4,,19,,1,21,121.5611071,24.9860419
113,4,10,11,0,2,10文山區,文山區興隆路4段與興隆路4段115巷口,0,0,1,2,C03,6,7,5,50,3,2,1,4,4,5,13,4,4,10,4,5,2,17,2,54,2,7,5,1,7,9,1,10,1,11,,14,,1,21,121.5611071,24.9860419
113,4,10,11,30,2,05中正區,中正區公園路與信陽街口,0,0,1,2,C03,6,7,5,50,3,1,1,4,4,5,13,4,4,5,4,5,2,16,1,36,2,9,5,1,7,9,1,10,2,11,,14,,1,21,121.5169807,25.0446163
113,4,10,11,30,2,05中正區,中正區公園路與信陽街口,0,0,1,1,B03,6,7,5,50,3,1,1,4,4,5,13,4,4,5,4,5,2,16,1,68,3,10,7,1,7,11,1,8,2,5,,80,,1,21,121.5169807,25.0446163
113,4,10,11,42,2,04大安區,大安區和平東路3段與四維路口,0,0,1,1,C03,7,5,5,30,3,1,1,4,4,5,13,4,4,10,5,5,2,17,1,20,3,10,3,4,7,11,1,10,1,11,,10,,1,22,121.5495235,25.0246538
113,4,10,11,42,2,04大安區,大安區和平東路3段與四維路口,0,0,1,2,F01,7,5,5,30,3,1,1,4,4,5,13,4,4,10,5,5,2,17,1,63,2,9,3,4,7,9,8,20,1,14,,99,,1,22,121.5495235,25.0246538
113,4,10,12,4,2,10文山區,文山區興隆路3段與興隆路3段192巷8弄口,0,0,2,1,B03,6,6,5,50,4,1,1,4,4,5,13,2,1,1,4,5,2,16,1,59,3,10,7,1,7,5,1,8,2,5,,71,,1,21,121.559837,24.9967813
113,4,10,12,4,2,10文山區,文山區興隆路3段與興隆路3段192巷8弄口,0,0,2,2,C03,6,6,5,50,4,1,1,4,4,5,13,2,1,1,4,5,2,16,1,56,2,9,6,1,7,9,1,10,2,14,,44,,1,21,121.559837,24.9967813
113,4,10,12,4,2,10文山區,文山區興隆路3段與興隆路3段192巷8弄口,0,0,2,3,H02,6,6,5,50,4,1,1,4,4,5,13,2,1,1,4,5,2,16,2,9,2,9,6,5,7,20,8,20,10,16,,67,,1,14,121.559837,24.9967813
113,4,10,13,8,2,10文山區,(近興隆路3段),0,0,1,1,E03,6,6,5,30,14,9,1,4,4,5,13,4,4,9,5,5,2,17,2,32,3,10,3,4,7,15,1,8,2,8,,118,,1,23,121.559435,24.9967204
113,4,10,13,8,2,10文山區,(近興隆路3段),0,0,1,2,C03,6,6,5,30,14,9,1,4,4,5,13,4,4,9,5,5,2,17,2,34,2,9,3,4,7,9,1,10,2,12,,42,,1,22,121.559435,24.9967204
113,4,10,13,17,2,04大安區,大安區敦化南路2段200巷14弄與臥龍街口,0,0,1,1,C03,7,5,5,30,5,19,1,4,4,5,13,4,4,10,5,5,2,9,2,22,3,10,5,1,7,10,1,10,9,11,,108,,2,21,121.5476859,25.0217265
113,4,10,13,17,2,04大安區,大安區敦化南路2段200巷14弄與臥龍街口,0,0,1,2,H01,7,5,5,30,5,19,1,4,4,5,13,4,4,10,5,5,2,9,1,39,2,9,4,5,8,16,8,20,1,16,,60,,1,21,121.5476859,25.0217265
113,4,10,13,40,2,06松山區,松山區撫遠街與民生東路5段口,0,0,1,1,B03,6,6,5,50,4,2,1,4,4,5,13,2,1,1,4,5,1,12,1,48,3,10,7,1,7,11,1,4,1,4,,10,,1,22,121.5683275,25.05930304
113,4,10,13,40,2,06松山區,松山區撫遠街與民生東路5段口,0,0,1,2,C03,6,6,5,50,4,2,1,4,4,5,13,2,1,1,4,5,1,12,1,25,2,9,6,1,7,9,1,10,1,11,,44,,1,22,121.5683275,25.05930304
113,4,10,13,49,2,04大安區,大安區和平東路3段與和平東路3段228巷口,0,0,1,1,C03,7,6,5,50,4,1,1,5,4,5,13,1,1,10,5,5,2,18,1,34,2,9,5,1,7,9,1,10,1,12,,42,,1,21,121.5546364,25.0223128
113,4,10,13,49,2,04大安區,大安區和平東路3段與和平東路3段228巷口,0,0,1,2,,7,6,5,50,4,1,1,5,4,5,13,1,1,10,5,5,2,18,3,,,,,,,,,,,,,67,,1,,121.5546364,25.0223128
113,4,10,15,18,2,07信義區,信義區信安街67巷與吳興街156巷65弄口,0,0,1,1,G06,7,6,5,40,3,1,1,5,4,5,13,4,4,8,4,4,1,17,2,38,3,10,4,4,7,5,8,20,1,17,,8,,1,21,121.559051,25.025922
113,4,10,15,18,2,07信義區,信義區信安街67巷與吳興街156巷65弄口,0,0,1,2,C03,7,6,5,40,3,1,1,5,4,5,13,4,4,8,4,4,1,17,1,24,2,8,3,4,7,9,1,10,1,14,,14,,1,21,121.559051,25.025922
113,4,10,15,56,2,09北投區,北投區竹子湖路與中興路口,0,0,1,1,B03,8,5,5,40,3,2,1,5,4,5,13,4,4,7,4,5,1,17,1,61,3,10,7,1,7,6,1,8,9,17,,74,,2,21,121.5447335,25.1632818
113,4,10,15,56,2,09北投區,北投區竹子湖路與中興路口,0,0,1,2,C03,8,5,5,40,3,2,1,5,4,5,13,4,4,7,4,5,1,17,1,34,2,7,6,1,7,9,1,10,1,14,,44,,1,21,121.5447335,25.1632818
113,4,10,16,11,2,10文山區,文山區景後街與景中街30巷口,0,0,2,1,C03,6,6,5,30,4,1,1,4,4,5,10,3,1,10,5,5,2,16,1,81,2,7,5,1,7,5,6,18,2,14,,72,,1,21,121.5428927,24.9921467