發生年度,發生月,發生日,發生時-Hours,發生分,處理別-編號,區序,肇事地點,死亡人數,2-30日死亡人數,受傷人數,當事人序號,車種,天候,道路照明設備,道路類別,速限-速度限制,道路型態,事故位置,路面狀況1,路面狀況2,路面狀況3,道路障礙1,道路障礙2,號誌1,號誌2,車道劃分-分向,車道劃分-分道1,車道劃分-分道2,車道劃分-分道3,事故類型及型態,性別,年齡,受傷程度,主要傷處,保護裝置,行動電話,車輛用途,當事者行動狀態,駕駛資格情形,駕駛執照種類,飲酒情形,車輛撞擊部位1,車輛撞擊部位2,肇因碼-個別,肇因碼-主要,個人肇逃否,職業,座標-X,座標-Y
113,4,10,16,11,2,10文山區,文山區景後街與景中街30巷口,0,0,2,2,C03,6,6,5,30,4,1,1,4,4,5,10,3,1,10,5,5,2,16,1,83,2,8,5,1,7,9,6,18,2,11,,44,,1,21,121.5428927,24.9921467
113,4,10,16,11,2,10文山區,文山區景後街與景中街30巷口,0,0,2,3,B03,6,6,5,30,4,1,1,4,4,5,10,3,1,10,5,5,2,16,1,27,3,10,3,1,7,13,1,8,11,17,,38,,1,21,121.5428927,24.9921467
113,4,10,16,34,2,11南港區,南港區昆陽街與昆陽街152巷口,0,0,1,1,C03,7,7,5,30,3,2,1,4,4,5,13,4,4,5,5,5,2,17,1,36,3,10,5,1,7,5,1,10,1,17,,8,,1,21,121.5942307,25.0490245
113,4,10,16,34,2,11南港區,南港區昆陽街與昆陽街152巷口,0,0,1,2,C03,7,7,5,30,3,2,1,4,4,5,13,4,4,5,5,5,2,17,1,23,2,9,5,1,7,9,1,10,1,12,,14,,1,21,121.5942307,25.0490245
113,4,10,16,35,2,05中正區,中正區漢口街1段144號,0,0,2,2,C03,7,7,5,50,14,9,1,4,4,5,13,4,4,10,4,5,2,3,1,46,2,9,5,1,7,9,1,9,2,12,,108,,1,21,121.5096194,25.0451564
113,4,10,16,35,2,05中正區,中正區漢口街1段144號,0,0,2,1,H01,7,7,5,50,14,9,1,4,4,5,13,4,4,10,4,5,2,3,2,26,2,9,4,5,8,16,8,20,10,16,,53,,1,21,121.5096194,25.0451564
113,4,10,16,43,2,05中正區,中正區中華路2段與廣州街口,0,0,2,2,C03,7,7,5,50,4,2,1,5,4,5,13,1,1,1,4,5,2,13,1,23,2,9,5,1,7,9,1,10,1,12,,16,,1,22,121.5065535,25.0359406
113,4,10,16,43,2,05中正區,中正區中華路2段與廣州街口,0,0,2,1,C03,7,7,5,50,4,2,1,5,4,5,13,1,1,1,4,5,2,13,2,28,2,8,5,1,7,9,1,10,1,14,,44,,1,22,121.5065535,25.0359406
113,4,10,17,40,2,03中山區,中山區南京東路2段與松江路口,0,0,2,1,H01,7,7,5,50,4,2,1,5,4,5,13,2,1,1,4,4,2,3,1,34,2,9,4,5,8,18,8,20,10,16,,121,,1,21,121.5326997,25.05213771
113,4,10,17,40,2,03中山區,中山區南京東路2段與松江路口,0,0,2,2,C03,7,7,5,50,4,2,1,5,4,5,13,2,1,1,4,4,2,3,2,42,2,9,6,4,7,9,1,10,2,11,,108,,1,21,121.5326997,25.05213771
113,4,10,17,44,2,04大安區,大安區基隆路3段與臥龍街口,0,0,2,1,C03,8,5,5,50,3,2,1,5,4,5,13,4,4,1,4,5,2,12,1,22,2,8,5,4,7,9,1,10,1,11,,108,,1,21,121.5482792,25.020686
113,4,10,17,44,2,04大安區,大安區基隆路3段與臥龍街口,0,0,2,2,C03,8,5,5,50,3,2,1,5,4,5,13,4,4,1,4,5,2,12,1,58,2,8,5,4,7,9,1,10,1,14,,44,,1,21,121.5482792,25.020686
113,4,10,17,44,2,04大安區,大安區基隆路3段與臥龍街口,0,0,2,3,B03,8,5,5,50,3,2,1,5,4,5,13,4,4,1,4,5,2,12,1,46,3,10,7,4,7,14,1,8,1,6,,44,,1,21,121.5482792,25.020686
113,4,10,18,20,2,10文山區,文山區景興路與景後街口,0,0,1,1,C03,6,5,6,50,3,1,1,4,4,5,13,4,4,9,5,5,2,17,1,19,2,7,6,1,7,9,1,10,2,14,,44,,1,21,121.5421459,24.9890382
113,4,10,18,20,2,10文山區,文山區景興路與景後街口,0,0,1,2,C03,6,5,6,50,3,1,1,4,4,5,13,4,4,9,5,5,2,17,2,48,3,10,6,1,7,5,1,10,2,17,,74,,1,21,121.5421459,24.9890382
113,4,10,18,25,2,07信義區,信義區松山路540巷與虎林街口,0,0,1,1,C03,7,5,5,30,4,1,1,5,4,5,13,4,4,10,5,5,1,17,2,69,2,8,3,4,7,9,1,10,1,14,,13,,1,21,121.577217,25.0373899
113,4,10,18,25,2,07信義區,信義區松山路540巷與虎林街口,0,0,1,2,B12,7,5,5,30,4,1,1,5,4,5,13,4,4,10,5,5,1,17,1,21,3,10,3,4,7,9,1,8,1,17,,44,,1,21,121.577217,25.0373899
113,4,10,19,2,2,11南港區,南港區中坡南路與玉成街166巷口,0,0,2,1,B03,8,5,5,50,4,18,1,5,4,5,13,4,4,5,5,4,2,3,1,51,3,10,7,1,7,9,6,18,2,5,,70,,1,21,121.5828069,25.0434781
113,4,10,19,2,2,11南港區,南港區中坡南路與玉成街166巷口,0,0,2,2,H01,8,5,5,50,4,18,1,5,4,5,13,4,4,5,5,4,2,3,2,51,2,8,4,5,8,16,8,20,10,16,,67,,1,21,121.5828069,25.0434781
113,4,10,19,2,2,11南港區,南港區中坡南路與玉成街166巷口,0,0,2,3,H01,8,5,5,50,4,18,1,5,4,5,13,4,4,5,5,4,2,3,2,11,2,8,4,5,8,16,8,20,10,16,,67,,1,21,121.5828069,25.0434781
113,4,10,19,4,2,04大安區,大安區仁愛路3段9號,0,0,1,1,B01,7,5,5,50,14,9,1,5,4,5,13,4,4,1,4,5,2,17,2,57,3,10,7,1,7,7,1,4,1,17,,100,,1,21,121.5335544,25.0383205
113,4,10,19,4,2,04大安區,大安區仁愛路3段9號,0,0,1,2,C03,7,5,5,50,14,9,1,5,4,5,13,4,4,1,4,5,2,17,1,28,2,9,5,1,7,9,1,10,1,12,,13,,1,21,121.5335544,25.0383205
113,4,10,19,4,2,04大安區,大安區仁愛路3段9號,0,0,1,3,,7,5,5,50,14,9,1,5,4,5,13,4,4,1,4,5,2,17,3,0,,,,,,,,,,,,67,,1,,121.5335544,25.0383205
113,4,10,19,29,2,04大安區,大安區仁愛路3段與大安路1段口,0,0,1,1,B01,7,5,5,50,4,2,1,5,4,5,13,2,1,1,4,5,2,12,1,50,3,10,7,1,7,15,1,4,2,4,,100,,1,21,121.5458019,25.037763
113,4,10,19,29,2,04大安區,大安區仁愛路3段與大安路1段口,0,0,1,2,B01,7,5,5,50,4,2,1,5,4,5,13,2,1,1,4,5,2,12,1,67,2,1,7,1,7,9,1,4,2,5,,44,,1,21,121.5458019,25.037763
113,4,10,19,29,2,04大安區,大安區仁愛路3段與大安路1段口,0,0,1,3,H02,7,5,5,50,4,2,1,5,4,5,13,2,1,1,4,5,2,12,1,75,4,11,3,5,7,21,8,20,10,16,,67,,1,22,121.5458019,25.037763
113,4,10,19,29,2,04大安區,大安區仁愛路3段與大安路1段口,0,0,1,4,H02,7,5,5,50,4,2,1,5,4,5,13,2,1,1,4,5,2,12,1,51,4,11,3,5,7,21,8,20,10,16,,67,,1,22,121.5458019,25.037763
113,4,10,19,29,2,04大安區,大安區仁愛路3段與大安路1段口,0,0,1,5,,7,5,5,50,4,2,1,5,4,5,13,2,1,1,4,5,2,12,3,0,,,,,,,,,,,,67,,1,,121.5458019,25.037763
113,4,10,19,30,2,12內湖區,內湖區成功路4段與大湖街158巷口,0,0,3,1,B03,8,5,5,50,4,1,1,5,4,5,13,2,1,1,4,4,2,13,1,40,3,10,7,1,7,9,1,8,1,8,,108,,1,22,121.6005191,25.08458874
113,4,10,19,30,2,12內湖區,內湖區成功路4段與大湖街158巷口,0,0,3,2,B03,8,5,5,50,4,1,1,5,4,5,13,2,1,1,4,4,2,13,2,55,3,10,7,1,7,14,1,8,1,6,,44,,1,21,121.6005191,25.08458874
113,4,10,19,30,2,12內湖區,內湖區成功路4段與大湖街158巷口,0,0,3,3,C03,8,5,5,50,4,1,1,5,4,5,13,2,1,1,4,4,2,13,1,47,2,5,5,1,7,14,1,10,1,13,,44,,1,21,121.6005191,25.08458874
113,4,10,19,30,2,12內湖區,內湖區成功路4段與大湖街158巷口,0,0,3,4,C03,8,5,5,50,4,1,1,5,4,5,13,2,1,1,4,4,2,13,1,55,2,9,5,1,7,14,1,10,1,13,,44,,1,21,121.6005191,25.08458874
113,4,10,19,30,2,12內湖區,內湖區成功路4段與大湖街158巷口,0,0,3,5,C03,8,5,5,50,4,1,1,5,4,5,13,2,1,1,4,4,2,13,1,39,3,10,5,1,7,14,1,10,1,13,,44,,1,21,121.6005191,25.08458874
113,4,10,19,30,2,12內湖區,內湖區成功路4段與大湖街158巷口,0,0,3,6,C03,8,5,5,50,4,1,1,5,4,5,13,2,1,1,4,4,2,13,1,25,2,8,5,1,7,14,1,10,1,13,,44,,1,21,121.6005191,25.08458874
113,4,10,22,47,2,03中山區,中山區敬業三路與樂群一路口,0,0,1,2,C03,8,5,5,50,4,1,1,5,4,5,13,2,1,1,4,5,2,17,2,31,2,8,6,1,7,9,1,10,1,14,,44,,1,21,121.5563722,25.0772204
113,4,10,22,47,2,03中山區,中山區敬業三路與樂群一路口,0,0,1,1,B11,8,5,5,50,4,1,1,5,4,5,13,2,1,1,4,5,2,17,1,53,4,11,3,4,7,6,7,19,11,15,,9,,2,21,121.5563722,25.0772204
113,4,10,23,4,2,12內湖區,內湖區文德路66巷與陽光街口,0,0,2,1,C03,7,5,5,50,3,1,1,5,4,5,13,4,4,5,4,5,2,16,2,41,2,8,6,1,7,9,1,9,1,11,,74,,1,21,121.5824577,25.0749896
113,4,10,23,4,2,12內湖區,內湖區文德路66巷與陽光街口,0,0,2,2,C03,7,5,5,50,3,1,1,5,4,5,13,4,4,5,4,5,2,16,1,43,2,7,5,1,7,5,1,10,1,11,,44,,1,21,121.5824577,25.0749896
113,4,11,0,4,2,08士林區,士林區德行東路與德行東路74巷口,0,0,1,1,B03,8,5,5,50,4,1,1,5,4,5,13,4,4,4,5,5,1,16,1,21,3,10,7,1,7,5,1,8,2,8,,10,,1,21,121.5273951,25.1073805
113,4,11,0,4,2,08士林區,士林區德行東路與德行東路74巷口,0,0,1,2,C03,8,5,5,50,4,1,1,5,4,5,13,4,4,4,5,5,1,16,1,28,2,9,5,1,7,9,1,10,2,12,,107,,1,21,121.5273951,25.1073805
113,4,11,0,38,2,10文山區,文山區木柵路2段與木柵路2段54巷口口,0,0,1,1,C03,8,5,5,50,4,1,1,5,4,5,13,2,1,5,4,5,2,16,2,20,2,9,5,1,7,5,1,10,1,14,,8,,1,21,121.5589837,24.9887751
113,4,11,0,38,2,10文山區,文山區木柵路2段與木柵路2段54巷口口,0,0,1,2,B03,8,5,5,50,4,1,1,5,4,5,13,2,1,5,4,5,2,16,2,38,3,10,7,1,7,9,1,8,1,5,,108,,1,21,121.5589837,24.9887751
113,4,11,2,4,2,07信義區,信義區和平東路3段(莊敬隧道口),0,0,1,1,B03,7,5,5,40,11,9,1,5,4,5,13,4,4,8,5,5,2,29,1,26,2,1,3,4,7,9,1,8,1,1,,118,,1,22,121.5650496,25.0100572
113,4,11,2,4,2,07信義區,信義區和平東路3段(莊敬隧道口),0,0,1,2,,7,5,5,40,11,9,1,5,4,5,13,4,4,8,5,5,2,29,3,0,,,,,,,,,,,,67,,1,,121.5650496,25.0100572
113,4,11,5,12,2,10文山區,文山區木新路2段與無名巷口口,0,0,1,1,B03,8,5,5,30,3,1,1,5,4,5,13,4,4,10,5,5,2,16,1,63,3,10,7,1,7,5,1,8,2,4,,98,,1,21,121.5692528,24.9841681
113,4,11,5,12,2,10文山區,文山區木新路2段與無名巷口口,0,0,1,2,C03,8,5,5,30,3,1,1,5,4,5,13,4,4,10,5,5,2,16,1,19,2,9,5,1,7,9,1,10,2,11,,13,,1,21,121.5692528,24.9841681
113,4,11,6,43,2,05中正區,中正區師大路134號,0,0,1,1,B03,8,6,5,40,14,8,1,5,4,5,13,4,4,3,4,4,2,16,1,48,3,10,7,1,7,1,1,8,9,15,,19,,1,21,121.5270426,25.0208908
113,4,11,6,43,2,05中正區,中正區師大路134號,0,0,1,2,C03,8,6,5,40,14,8,1,5,4,5,13,4,4,3,4,4,2,16,2,48,2,9,5,1,7,9,1,10,1,12,,44,,1,21,121.5270426,25.0208908
113,4,11,7,7,2,11南港區,南港區忠孝東路7段西往東015燈桿,0,0,1,1,C03,8,7,5,50,14,7,1,5,4,5,13,4,4,1,4,4,2,12,1,62,2,9,6,4,7,7,1,10,1,14,,100,,1,21,121.6015638,25.0514606
113,4,11,7,7,2,11南港區,南港區忠孝東路7段西往東015燈桿,0,0,1,2,B03,8,7,5,50,14,7,1,5,4,5,13,4,4,1,4,4,2,12,2,59,3,10,3,4,7,9,1,8,1,6,,13,,1,21,121.6015638,25.0514606
113,4,11,7,25,2,03中山區,中山區民權東路2段與建國北路2段口,0,0,3,1,C03,8,7,5,50,5,2,1,5,4,5,13,1,1,9,4,5,2,13,1,68,2,9,5,1,7,9,1,10,1,11,,108,,1,22,121.5370412,25.0629918
113,4,11,7,25,2,03中山區,中山區民權東路2段與建國北路2段口,0,0,3,2,C03,8,7,5,50,5,2,1,5,4,5,13,1,1,9,4,5,2,13,1,51,2,9,5,1,7,14,1,10,1,13,,44,,1,22,121.5370412,25.0629918
113,4,11,7,25,2,03中山區,中山區民權東路2段與建國北路2段口,0,0,3,3,H02,8,7,5,50,5,2,1,5,4,5,13,1,1,9,4,5,2,13,2,63,2,9,4,5,7,20,8,20,10,16,,67,,1,21,121.5370412,25.0629918
113,4,11,7,26,2,02萬華區,萬華區長泰街156巷與東園街154巷口,0,0,2,1,C03,8,6,5,30,4,1,1,5,4,5,13,4,4,10,5,5,2,15,1,43,2,9,3,4,7,9,1,10,1,11,,72,,1,22,121.4971617,25.0227776
113,4,11,7,26,2,02萬華區,萬華區長泰街156巷與東園街154巷口,0,0,2,2,C03,8,6,5,30,4,1,1,5,4,5,13,4,4,10,5,5,2,15,1,49,3,10,3,4,7,9,1,10,1,12,,14,,1,22,121.4971617,25.0227776
113,4,11,7,26,2,02萬華區,萬華區長泰街156巷與東園街154巷口,0,0,2,3,H02,8,6,5,30,4,1,1,5,4,5,13,4,4,10,5,5,2,15,1,9,2,8,3,5,7,20,8,20,10,16,,67,,1,14,121.4971617,25.0227776
113,4,11,7,29,2,05中正區,中正區中華路1段與漢口街1段口,0,0,2,1,C03,7,5,5,50,4,2,1,5,4,5,13,1,1,1,4,5,2,13,1,72,2,9,5,1,7,9,1,10,2,11,,16,,1,21,121.5092511,25.0448372
113,4,11,7,29,2,05中正區,中正區中華路1段與漢口街1段口,0,0,2,2,C03,7,5,5,50,4,2,1,5,4,5,13,1,1,1,4,5,2,13,2,51,2,7,5,1,7,9,3,18,2,13,,44,,1,21,121.5092511,25.0448372
113,4,11,7,37,2,11南港區,南港區三重路與南湖大橋口,0,0,1,1,C03,8,6,5,50,5,1,1,5,4,5,13,2,1,1,4,5,2,16,1,26,2,9,5,1,7,7,1,10,1,13,,44,,1,22,121.6141933,25.060542
113,4,11,7,37,2,11南港區,南港區三重路與南湖大橋口,0,0,1,2,B03,8,6,5,50,5,1,1,5,4,5,13,2,1,1,4,5,2,16,1,56,3,10,7,1,7,6,1,8,1,5,,9,,1,22,121.6141933,25.060542
113,4,11,7,40,2,10文山區,文山區萬壽橋與新光路1段口,0,0,1,1,B03,8,7,5,50,4,2,1,5,4,5,13,2,1,1,2,5,2,13,1,47,3,10,3,4,7,9,1,8,1,1,,108,,1,21,121.5732754,24.9916237
113,4,11,7,40,2,10文山區,文山區萬壽橋與新光路1段口,0,0,1,2,B03,8,7,5,50,4,2,1,5,4,5,13,2,1,1,2,5,2,13,2,43,2,1,3,4,7,14,1,8,1,3,,44,,1,21,121.5732754,24.9916237
113,4,11,7,49,2,02萬華區,萬華區無名巷(萬大路22號旁),0,0,2,1,C03,8,7,5,30,14,9,1,5,4,5,13,4,4,10,5,5,2,17,2,23,2,8,6,1,7,5,1,10,1,11,,101,,1,21,121.4999461,25.0316373
113,4,11,7,49,2,02萬華區,萬華區無名巷(萬大路22號旁),0,0,2,2,C03,8,7,5,30,14,9,1,5,4,5,13,4,4,10,5,5,2,17,2,39,2,9,6,1,7,9,1,10,1,11,,44,,1,21,121.4999461,25.0316373
113,4,11,7,49,2,02萬華區,萬華區無名巷(萬大路22號旁),0,0,2,3,H02,8,7,5,30,14,9,1,5,4,5,13,4,4,10,5,5,2,17,1,4,4,11,6,5,7,20,8,20,10,16,,67,,1,24,121.4999461,25.0316373
113,4,11,7,50,2,09北投區,北投區大度路與中央北路2段257巷口,0,0,1,1,C03,8,5,5,50,14,12,1,5,4,5,13,4,4,1,4,3,1,13,2,43,2,9,5,1,7,9,1,10,1,11,,119,,1,21,121.4861687,25.1221161
113,4,11,7,50,2,09北投區,北投區大度路與中央北路2段257巷口,0,0,1,2,C03,8,5,5,50,14,12,1,5,4,5,13,4,4,1,4,3,1,13,1,20,3,10,5,1,7,9,1,10,1,13,,119,,1,21,121.4861687,25.1221161
113,4,11,7,50,2,09北投區,北投區大度路與中央北路2段257巷口,0,0,1,3,,8,5,5,50,14,12,1,5,4,5,13,4,4,1,4,3,1,13,4,0,,,,,,,,,11,,,119,,2,,121.4861687,25.1221161
113,4,11,7,58,2,02萬華區,萬華區艋舺大道與和平西路3段口,0,0,1,1,C03,8,6,5,50,5,1,1,5,4,5,13,2,1,1,4,5,2,13,1,29,2,9,6,1,7,9,1,10,1,11,,16,,1,22,121.5037866,25.0336319
113,4,11,7,58,2,02萬華區,萬華區艋舺大道與和平西路3段口,0,0,1,2,C03,8,6,5,50,5,1,1,5,4,5,13,2,1,1,4,5,2,13,1,68,3,10,6,1,7,9,1,10,1,13,,44,,1,22,121.5037866,25.0336319
113,4,11,8,5,2,05中正區,中正區林森南路與林森南路61巷口往南,0,0,2,1,C03,7,6,5,30,4,2,1,5,4,5,13,4,4,5,5,5,2,16,2,71,2,9,6,4,7,1,1,10,2,14,,19,,1,22,121.5218169,25.03958981
113,4,11,8,5,2,05中正區,中正區林森南路與林森南路61巷口往南,0,0,2,2,C03,7,6,5,30,4,2,1,5,4,5,13,4,4,5,5,5,2,16,1,27,2,8,6,4,7,9,1,10,2,11,,13,,1,22,121.5218169,25.03958981
113,4,11,8,10,2,05中正區,中正區中山南路與愛國西路口,0,0,2,3,H02,8,7,5,50,4,1,1,5,4,5,13,1,1,1,5,5,2,16,2,86,2,7,5,5,7,20,8,20,10,16,,67,,1,21,121.5166353,25.0350187
113,4,11,8,10,2,05中正區,中正區中山南路與愛國西路口,0,0,2,1,C03,8,7,5,50,4,1,1,5,4,5,13,1,1,1,5,5,2,16,1,87,2,9,5,1,7,5,6,10,2,14,,98,,1,21,121.5166353,25.0350187
113,4,11,8,10,2,05中正區,中正區中山南路與愛國西路口,0,0,2,2,B03,8,7,5,50,4,1,1,5,4,5,13,1,1,1,5,5,2,16,1,47,3,10,7,1,7,9,1,8,2,5,,44,,1,21,121.5166353,25.0350187
113,4,11,8,10,2,05中正區,中正區中正橋(重慶南路3段159號前),0,0,3,1,C03,8,7,5,50,14,9,1,5,4,5,13,4,4,1,4,5,2,17,2,31,2,9,6,1,7,9,1,10,1,11,,16,,1,22,121.5168492,25.0226664
113,4,11,8,10,2,05中正區,中正區中正橋(重慶南路3段159號前),0,0,3,2,C03,8,7,5,50,14,9,1,5,4,5,13,4,4,1,4,5,2,17,2,35,2,8,6,1,7,9,1,10,1,13,,116,,1,22,121.5168492,25.0226664
113,4,11,8,10,2,05中正區,中正區中正橋(重慶南路3段159號前),0,0,3,3,C03,8,7,5,50,14,9,1,5,4,5,13,4,4,1,4,5,2,17,2,24,2,9,6,1,7,9,1,10,1,12,,44,,1,22,121.5168492,25.0226664
113,4,11,8,13,2,12內湖區,內湖區洲子街114號前,0,0,1,1,C03,8,6,5,50,14,9,1,5,4,5,13,4,4,9,5,5,2,16,1,48,2,8,6,1,7,5,1,10,1,11,,8,,1,21,121.5692664,25.08071407
113,4,11,8,13,2,12內湖區,內湖區洲子街114號前,0,0,1,2,C03,8,6,5,50,14,9,1,5,4,5,13,4,4,9,5,5,2,16,1,45,3,10,5,1,7,9,1,10,1,11,,44,,1,21,121.5692664,25.08071407
113,4,11,8,30,2,06松山區,松山區八德路2段367號,0,0,1,1,B03,8,6,5,50,14,9,1,5,4,5,13,4,4,5,4,5,2,16,1,44,3,10,7,1,7,11,1,8,1,4,,103,,1,22,121.5447235,25.04776057
113,4,11,8,30,2,06松山區,松山區八德路2段367號,0,0,1,2,C03,8,6,5,50,14,9,1,5,4,5,13,4,4,5,4,5,2,16,1,35,2,9,6,1,7,9,1,10,1,12,,44,,1,22,121.5447235,25.04776057
113,4,11,8,31,2,06松山區,松山區市民大道5段167號,0,0,2,1,B02,7,6,5,40,14,9,1,5,4,5,13,4,4,1,3,5,2,17,1,38,2,7,3,4,7,1,1,6,1,8,,19,,1,21,121.5648076,25.04802709
113,4,11,8,31,2,06松山區,松山區市民大道5段167號,0,0,2,2,C03,7,6,5,40,14,9,1,5,4,5,13,4,4,1,3,5,2,17,1,36,2,9,6,1,7,9,1,10,1,12,,44,,1,21,121.5648076,25.04802709
113,4,11,8,40,2,02萬華區,萬華區環河南路1段348巷15號停車格,0,0,2,1,F01,7,7,5,30,14,9,1,5,4,5,13,4,4,10,5,5,1,16,2,51,2,9,4,1,7,5,8,20,9,14,,44,,1,21,121.4997335,25.0427387
113,4,11,8,40,2,02萬華區,萬華區環河南路1段348巷15號停車格,0,0,2,2,C03,7,7,5,30,14,9,1,5,4,5,13,4,4,10,5,5,1,16,1,28,2,9,6,1,7,9,1,10,1,11,,44,,1,21,121.4997335,25.0427387
113,4,11,8,52,2,07信義區,信義區松仁路與忠孝東路5段236巷2弄口,0,0,1,1,B03,8,6,5,50,3,1,1,5,4,5,13,4,4,1,4,5,1,16,2,45,3,10,3,4,7,6,1,8,1,5,,9,,1,22,121.5685936,25.0404359
113,4,11,8,52,2,07信義區,信義區松仁路與忠孝東路5段236巷2弄口,0,0,1,2,C03,8,6,5,50,3,1,1,5,4,5,13,4,4,1,4,5,1,16,1,32,2,9,3,4,7,9,1,10,1,14,,44,,1,22,121.5685936,25.0404359
113,4,11,8,52,2,07信義區,信義區松仁路與忠孝東路5段236巷2弄口,0,0,1,3,B03,8,6,5,50,3,1,1,5,4,5,13,4,4,1,4,5,1,16,1,43,3,10,3,4,7,9,1,8,1,6,,44,,1,22,121.5685936,25.0404359
113,4,11,8,52,2,07信義區,信義區松仁路與忠孝東路5段236巷2弄口,0,0,1,4,,8,6,5,50,3,1,1,5,4,5,13,4,4,1,4,5,1,16,3,0,,,,,,,,,,,,67,,1,,121.5685936,25.0404359
113,4,11,9,25,2,06松山區,松山區市民大道4段與敦化南路1段100巷3弄口,0,0,1,1,B03,8,7,5,40,14,9,1,5,4,5,13,4,4,1,3,5,2,16,1,41,3,10,7,1,7,6,1,8,2,5,,9,,1,26,121.5482985,25.04514122
113,4,11,9,25,2,06松山區,松山區市民大道4段與敦化南路1段100巷3弄口,0,0,1,2,C03,8,7,5,40,14,9,1,5,4,5,13,4,4,1,3,5,2,16,2,21,2,9,5,1,7,9,1,10,2,14,,44,,1,26,121.5482985,25.04514122
113,4,11,9,40,2,05中正區,中正區汀州路3段與思源街口,0,0,1,1,B03,8,7,5,50,3,1,1,5,4,5,13,1,1,5,4,5,2,17,1,49,3,10,7,1,7,5,1,8,2,8,,44,,1,22,121.5320891,25.014959
113,4,11,9,40,2,05中正區,中正區汀州路3段與思源街口,0,0,1,2,C03,8,7,5,50,3,1,1,5,4,5,13,1,1,5,4,5,2,17,2,40,2,9,6,1,7,5,1,10,2,12,,17,,1,22,121.5320891,25.014959
113,4,11,9,41,2,12內湖區,內湖區東湖路與康寧路3段口,0,0,1,1,B03,8,6,5,50,4,1,1,5,4,5,13,4,4,4,3,5,1,17,1,64,3,10,7,1,7,5,1,8,2,2,,17,,1,21,121.6123058,25.06886782
113,4,11,9,41,2,12內湖區,內湖區東湖路與康寧路3段口,0,0,1,2,C03,8,6,5,50,4,1,1,5,4,5,13,4,4,4,3,5,1,17,2,55,2,9,5,1,7,5,1,10,2,14,,16,,1,21,121.6123058,25.06886782
113,4,11,10,15,2,07信義區,信義區忠孝東路5段與虎林街口,0,0,1,1,B01,7,7,5,50,4,1,1,5,4,5,13,2,1,1,4,5,2,17,1,46,3,10,7,1,7,1,1,4,2,8,,19,,1,21,121.5770125,25.040902
113,4,11,10,15,2,07信義區,信義區忠孝東路5段與虎林街口,0,0,1,2,C03,7,7,5,50,4,1,1,5,4,5,13,2,1,1,4,5,2,17,2,23,2,9,5,1,7,8,1,10,2,13,,100,,1,21,121.5770125,25.040902
113,4,11,10,45,2,11南港區,南港區忠孝東路7段與忠孝東路7段265巷口,0,0,1,1,B02,8,7,5,40,14,8,1,5,4,5,13,4,4,1,4,4,2,13,4,0,,,,,,,,,11,,,119,,2,,121.6042374,25.0518618
113,4,11,10,45,2,11南港區,南港區忠孝東路7段與忠孝東路7段265巷口,0,0,1,2,C03,8,7,5,40,14,8,1,5,4,5,13,4,4,1,4,4,2,13,2,55,2,9,6,1,7,9,1,10,1,13,,44,,1,21,121.6042374,25.0518618
113,4,11,10,50,2,08士林區,士林區社子大橋(往西 ),0,0,1,1,B12,8,6,5,50,3,1,1,5,4,5,13,1,1,1,4,5,1,16,1,60,3,10,3,4,7,6,1,8,1,5,,82,,1,22,121.4944092,25.11096106
113,4,11,10,50,2,08士林區,士林區社子大橋(往西 ),0,0,1,2,C03,8,6,5,50,3,1,1,5,4,5,13,1,1,1,4,5,1,16,2,47,2,8,3,4,7,5,1,10,1,14,,44,,1,22,121.4944092,25.11096106
113,4,11,10,50,2,08士林區,士林區士商路與基河路188巷口口,0,0,2,1,F01,7,7,5,40,3,2,1,5,4,5,13,4,4,9,4,5,1,17,2,74,2,8,4,1,7,5,8,20,2,13,,72,,1,21,121.5210278,25.08957182
113,4,11,10,50,2,08士林區,士林區士商路與基河路188巷口口,0,0,2,2,C03,7,7,5,40,3,2,1,5,4,5,13,4,4,9,4,5,1,17,1,62,2,7,5,1,7,9,1,10,2,11,,108,,1,21,121.5210278,25.08957182
113,4,11,11,0,2,04大安區,大安區和平東路1段與師大路口,0,0,3,1,C03,8,6,5,50,4,2,1,5,4,5,13,1,1,1,2,5,2,17,1,69,2,7,5,1,7,8,1,10,1,17,,100,,1,21,121.5282701,25.0265255
113,4,11,11,0,2,04大安區,大安區和平東路1段與師大路口,0,0,3,2,C03,8,6,5,50,4,2,1,5,4,5,13,1,1,1,2,5,2,17,1,36,2,8,5,1,7,15,1,10,1,14,,108,,1,21,121.5282701,25.0265255
113,4,11,11,0,2,04大安區,大安區和平東路1段與師大路口,0,0,3,3,C03,8,6,5,50,4,2,1,5,4,5,13,1,1,1,2,5,2,17,2,32,2,9,5,1,7,9,1,10,1,12,,108,,1,21,121.5282701,25.0265255
113,4,11,11,9,2,08士林區,士林區至善路2段與至善路2段342巷口,0,0,1,1,B03,8,6,5,50,3,2,1,5,4,5,13,4,4,1,4,5,1,16,1,45,3,10,7,1,7,6,1,8,2,2,,80,,1,21,121.5542302,25.10324274
113,4,11,11,9,2,08士林區,士林區至善路2段與至善路2段342巷口,0,0,1,2,C03,8,6,5,50,3,2,1,5,4,5,13,4,4,1,4,5,1,16,1,43,2,8,5,1,7,9,1,10,2,14,,44,,1,21,121.5542302,25.10324274
113,4,11,11,20,2,02萬華區,萬華區康定路與和平西路3段42巷口,0,0,2,1,C03,8,5,8,50,22,22,1,5,4,5,13,1,1,10,5,5,2,17,1,64,2,9,3,4,7,5,1,10,1,14,,8,,1,21,121.5010366,25.03405976