發生年度,發生月,發生日,發生時-Hours,發生分,處理別-編號,區序,肇事地點,死亡人數,2-30日死亡人數,受傷人數,當事人序號,車種,天候,道路照明設備,道路類別,速限-速度限制,道路型態,事故位置,路面狀況1,路面狀況2,路面狀況3,道路障礙1,道路障礙2,號誌1,號誌2,車道劃分-分向,車道劃分-分道1,車道劃分-分道2,車道劃分-分道3,事故類型及型態,性別,年齡,受傷程度,主要傷處,保護裝置,行動電話,車輛用途,當事者行動狀態,駕駛資格情形,駕駛執照種類,飲酒情形,車輛撞擊部位1,車輛撞擊部位2,肇因碼-個別,肇因碼-主要,個人肇逃否,職業,座標-X,座標-Y
113,4,11,11,20,2,02萬華區,萬華區康定路與和平西路3段42巷口,0,0,2,2,C03,8,5,8,50,22,22,1,5,4,5,13,1,1,10,5,5,2,17,2,40,2,8,3,4,7,9,1,10,1,11,,44,,1,21,121.5010366,25.03405976
113,4,11,11,35,2,01大同區,大同區承德路2段31號,0,0,1,1,B03,8,6,5,50,14,9,1,5,4,5,13,4,4,8,3,5,2,17,1,69,3,10,7,1,7,1,1,8,1,5,,19,,1,21,121.5180556,25.05394327
113,4,11,11,35,2,01大同區,大同區承德路2段31號,0,0,1,2,C03,8,6,5,50,14,9,1,5,4,5,13,4,4,8,3,5,2,17,1,27,2,9,6,1,7,15,1,10,1,11,,42,,1,21,121.5180556,25.05394327
113,4,11,11,38,2,06松山區,松山區南京東路3段與南京東路3段303巷口,0,0,1,1,B03,8,5,5,40,3,2,1,5,4,5,13,2,1,4,3,4,1,9,1,42,3,10,7,1,7,9,1,8,1,1,,70,,1,21,121.5466026,25.0519472
113,4,11,11,38,2,06松山區,松山區南京東路3段與南京東路3段303巷口,0,0,1,2,H01,8,5,5,40,3,2,1,5,4,5,13,2,1,4,3,4,1,9,2,34,2,9,4,5,8,16,8,20,1,16,,60,,1,21,121.5466026,25.0519472
113,4,11,12,14,2,03中山區,中山區中山北路2段與農安街口,0,0,3,1,C03,8,5,5,50,4,1,1,5,4,5,13,1,1,4,4,1,2,11,1,77,2,9,6,4,7,9,1,10,1,12,,108,,1,21,121.5221602,25.0649421
113,4,11,12,14,2,03中山區,中山區中山北路2段與農安街口,0,0,3,2,C03,8,5,5,50,4,1,1,5,4,5,13,1,1,4,4,1,2,11,1,43,2,9,6,4,7,9,1,10,1,14,,44,,1,21,121.5221602,25.0649421
113,4,11,12,14,2,03中山區,中山區中山北路2段與農安街口,0,0,3,3,H02,8,5,5,50,4,1,1,5,4,5,13,1,1,4,4,1,2,11,2,43,2,9,5,5,7,21,8,20,10,16,,67,,1,22,121.5221602,25.0649421
113,4,11,12,25,2,08士林區,士林區中正路與中正路212巷口,0,0,1,1,B03,8,5,6,50,4,2,1,5,4,5,13,4,4,1,4,5,1,17,1,37,3,10,7,1,7,8,1,8,1,7,,100,,1,21,121.5264736,25.0954682
113,4,11,12,25,2,08士林區,士林區中正路與中正路212巷口,0,0,1,2,C03,8,5,6,50,4,2,1,5,4,5,13,4,4,1,4,5,1,17,1,19,2,9,5,1,7,9,1,10,1,11,,13,,1,21,121.5264736,25.0954682
113,4,11,12,27,2,05中正區,中正區羅斯福路1段7-1號,0,0,1,1,B01,8,6,5,40,14,8,1,5,4,5,13,4,4,3,4,4,2,17,1,31,3,10,7,1,7,9,1,4,2,1,,108,,1,21,121.5179921,25.0332816
113,4,11,12,27,2,05中正區,中正區羅斯福路1段7-1號,0,0,1,2,C03,8,6,5,40,14,8,1,5,4,5,13,4,4,3,4,4,2,17,1,49,2,9,5,1,7,8,1,10,2,13,,100,,1,21,121.5179921,25.0332816
113,4,11,12,35,2,05中正區,中正區濟南路2段40號,0,0,2,1,C03,7,6,5,50,14,9,1,5,4,5,13,4,4,5,5,5,2,13,2,38,2,9,6,3,7,9,1,10,2,11,,16,,1,21,121.5301151,25.0405901
113,4,11,12,35,2,05中正區,中正區濟南路2段40號,0,0,2,2,C03,7,6,5,50,14,9,1,5,4,5,13,4,4,5,5,5,2,13,1,39,2,9,6,3,7,9,1,10,2,13,,44,,1,21,121.5301151,25.0405901
113,4,11,13,15,2,04大安區,大安區愛國東路與愛國東路170巷口,0,0,1,1,C03,8,5,5,30,3,2,1,5,4,5,13,4,4,8,4,4,2,17,1,58,3,10,3,4,7,6,1,10,1,17,,14,,1,22,121.5234781,25.0321162
113,4,11,13,15,2,04大安區,大安區愛國東路與愛國東路170巷口,0,0,1,2,C03,8,5,5,30,3,2,1,5,4,5,13,4,4,8,4,4,2,17,1,61,2,9,3,4,7,9,1,10,1,14,,44,,1,22,121.5234781,25.0321162
113,4,11,13,15,2,05中正區,中正區杭州南路2段與愛國東路口,0,0,1,1,B01,8,6,5,50,4,1,1,5,4,5,13,1,1,1,4,5,2,3,1,59,3,10,7,1,7,5,1,4,2,8,,8,,1,21,121.5224274,25.0323978
113,4,11,13,15,2,05中正區,中正區杭州南路2段與愛國東路口,0,0,1,2,H01,8,6,5,50,4,1,1,5,4,5,13,1,1,1,4,5,2,3,2,75,2,9,4,5,8,18,8,20,10,16,,67,,1,22,121.5224274,25.0323978
113,4,11,13,20,2,08士林區,士林區洲美快速道路下橋處,0,0,1,1,G03,8,6,5,50,8,9,1,5,4,5,13,4,4,1,4,5,1,17,1,42,3,10,7,1,7,9,1,1,2,16,,45,,1,21,121.4971406,25.09527056
113,4,11,13,20,2,08士林區,士林區洲美快速道路下橋處,0,0,1,2,B03,8,6,5,50,8,9,1,5,4,5,13,4,4,1,4,5,1,17,2,44,3,10,7,1,7,14,1,8,2,4,,44,,1,21,121.4971406,25.09527056
113,4,11,13,20,2,08士林區,士林區洲美快速道路下橋處,0,0,1,3,B02,8,6,5,50,8,9,1,5,4,5,13,4,4,1,4,5,1,17,2,52,3,10,7,1,7,14,1,8,2,3,,44,,1,21,121.4971406,25.09527056
113,4,11,13,20,2,08士林區,士林區洲美快速道路下橋處,0,0,1,4,B03,8,6,5,50,8,9,1,5,4,5,13,4,4,1,4,5,1,17,1,27,3,10,7,1,7,14,1,8,2,3,,44,,1,21,121.4971406,25.09527056
113,4,11,13,20,2,08士林區,士林區洲美快速道路下橋處,0,0,1,5,B03,8,6,5,50,8,9,1,5,4,5,13,4,4,1,4,5,1,17,1,23,2,9,7,1,7,14,1,8,2,3,,44,,1,21,121.4971406,25.09527056
113,4,11,13,20,2,08士林區,士林區洲美快速道路下橋處,0,0,1,6,B03,8,6,5,50,8,9,1,5,4,5,13,4,4,1,4,5,1,17,1,37,3,10,7,1,7,14,1,8,2,3,,44,,1,21,121.4971406,25.09527056
113,4,11,13,20,2,08士林區,士林區洲美快速道路下橋處,0,0,1,7,B03,8,6,5,50,8,9,1,5,4,5,13,4,4,1,4,5,1,17,1,43,3,10,7,1,7,14,1,8,2,3,,44,,1,21,121.4971406,25.09527056
113,4,11,13,20,2,08士林區,士林區洲美快速道路下橋處,0,0,1,8,B03,8,6,5,50,8,9,1,5,4,5,13,4,4,1,4,5,1,17,1,59,3,10,7,1,7,14,1,8,2,2,,44,,1,21,121.4971406,25.09527056
113,4,11,13,45,2,03中山區,中山區錦州街與民生東路3段73巷口,0,0,1,1,C03,8,7,5,30,4,1,1,5,4,5,13,4,4,5,2,5,2,17,1,57,3,10,5,1,7,9,1,10,1,14,,16,,1,21,121.5436436,25.0601563
113,4,11,13,45,2,03中山區,中山區錦州街與民生東路3段73巷口,0,0,1,2,C03,8,7,5,30,4,1,1,5,4,5,13,4,4,5,2,5,2,17,1,20,2,9,5,1,7,9,1,10,1,11,,16,,1,21,121.5436436,25.0601563
113,4,11,13,52,2,12內湖區,內湖區新明路與新明路246巷口,0,0,1,1,C03,8,6,5,50,4,2,1,5,4,5,13,2,1,5,4,5,2,12,1,27,2,9,5,1,7,7,1,10,2,14,,100,,1,21,121.5838193,25.0566773
113,4,11,13,52,2,12內湖區,內湖區新明路與新明路246巷口,0,0,1,2,B12,8,6,5,50,4,2,1,5,4,5,13,2,1,5,4,5,2,12,2,44,3,10,7,1,7,9,1,8,2,2,,44,,1,21,121.5838193,25.0566773
113,4,11,14,10,2,10文山區,文山區木柵路1段與辛亥路6段口,0,0,2,1,B03,8,7,5,50,4,1,1,5,4,5,13,2,1,10,5,5,2,13,1,45,3,10,7,1,7,9,1,8,1,1,,108,,1,21,121.552185,24.9877778
113,4,11,14,10,2,10文山區,文山區木柵路1段與辛亥路6段口,0,0,2,2,C03,8,7,5,50,4,1,1,5,4,5,13,2,1,10,5,5,2,13,1,22,2,8,5,1,7,5,1,10,1,13,,44,,1,21,121.552185,24.9877778
113,4,11,14,10,2,10文山區,文山區木柵路1段與辛亥路6段口,0,0,2,3,H02,8,7,5,50,4,1,1,5,4,5,13,2,1,10,5,5,2,13,2,20,2,9,5,5,7,20,8,20,10,17,,67,,1,21,121.552185,24.9877778
113,4,11,14,12,2,09北投區,北投區北投路2段與大業路516巷口南往北,0,0,1,1,B03,8,5,5,50,3,2,1,5,4,5,13,1,1,5,4,5,1,13,2,54,3,10,7,1,7,5,1,8,1,7,,8,,1,21,121.4976803,25.1325047
113,4,11,14,12,2,09北投區,北投區北投路2段與大業路516巷口南往北,0,0,1,2,C03,8,5,5,50,3,2,1,5,4,5,13,1,1,5,4,5,1,13,1,24,2,8,6,1,7,9,1,10,1,12,,44,,1,21,121.4976803,25.1325047
113,4,11,14,18,2,03中山區,中山區民權東路1段9號,0,0,1,1,C03,8,6,5,40,14,8,1,5,4,5,13,4,4,1,4,4,2,12,2,64,2,9,6,1,7,9,1,10,1,12,,44,,1,22,121.5233299,25.06290321
113,4,11,14,18,2,03中山區,中山區民權東路1段9號,0,0,1,2,C03,8,6,5,40,14,8,1,5,4,5,13,4,4,1,4,4,2,12,1,28,3,10,6,1,7,9,1,10,1,13,,44,,1,22,121.5233299,25.06290321
113,4,11,14,18,2,03中山區,中山區民權東路1段9號,0,0,1,3,B03,8,6,5,40,14,8,1,5,4,5,13,4,4,1,4,4,2,12,1,46,3,10,3,4,7,14,1,8,1,8,,38,,1,22,121.5233299,25.06290321
113,4,11,14,25,2,11南港區,南港區東新街與東新街63巷口,0,0,1,1,B03,7,7,5,30,4,2,1,5,4,5,13,1,1,5,4,5,2,17,1,52,3,10,7,1,7,5,1,8,1,7,,8,,1,21,121.5859552,25.047262
113,4,11,14,25,2,11南港區,南港區東新街與東新街63巷口,0,0,1,2,C03,7,7,5,30,4,2,1,5,4,5,13,1,1,5,4,5,2,17,1,56,2,9,5,1,7,9,1,10,1,12,,108,,1,21,121.5859552,25.047262
113,4,11,14,50,2,06松山區,松山區三民路38號對面,0,0,1,1,A02,8,6,5,50,14,9,1,5,4,5,13,4,4,5,3,5,2,17,1,45,3,10,7,1,7,8,1,2,1,17,,119,,1,21,121.5638426,25.05300534
113,4,11,14,50,2,06松山區,松山區三民路38號對面,0,0,1,2,F01,8,6,5,50,14,9,1,5,4,5,13,4,4,5,3,5,2,17,4,0,,,,,,,,,11,17,,119,,2,,121.5638426,25.05300534
113,4,11,14,50,2,06松山區,松山區三民路38號對面,0,0,1,3,H02,8,6,5,50,14,9,1,5,4,5,13,4,4,5,3,5,2,17,1,39,2,9,4,5,7,17,8,20,10,16,,119,,1,21,121.5638426,25.05300534
113,4,11,15,51,2,09北投區,北投區裕民六路與裕民六路114巷口,0,0,1,1,B03,8,6,5,30,4,1,1,5,4,5,13,2,1,5,5,5,1,3,1,61,3,10,7,1,7,5,1,8,2,1,,70,,1,21,121.5174208,25.1144274
113,4,11,15,51,2,09北投區,北投區裕民六路與裕民六路114巷口,0,0,1,2,H01,8,6,5,30,4,1,1,5,4,5,13,2,1,5,5,5,1,3,1,69,2,7,4,5,8,16,8,20,10,16,,67,,1,21,121.5174208,25.1144274
113,4,11,15,58,2,10文山區,文山區木柵路1段與景美溪橋口,0,0,3,3,H02,8,6,6,50,3,1,1,5,4,5,13,1,1,10,5,5,2,16,1,12,2,9,5,5,7,17,8,20,10,16,,67,,1,14,121.5453963,24.9868749
113,4,11,15,58,2,10文山區,文山區木柵路1段與景美溪橋口,0,0,3,4,H02,8,6,6,50,3,1,1,5,4,5,13,1,1,10,5,5,2,16,1,8,2,9,5,5,7,17,8,20,10,16,,67,,1,14,121.5453963,24.9868749
113,4,11,15,58,2,10文山區,文山區木柵路1段與景美溪橋口,0,0,3,1,C03,8,6,6,50,3,1,1,5,4,5,13,1,1,10,5,5,2,16,2,46,2,9,6,1,7,9,1,11,1,11,,81,,1,21,121.5453963,24.9868749
113,4,11,15,58,2,10文山區,文山區木柵路1段與景美溪橋口,0,0,3,2,B03,8,6,6,50,3,1,1,5,4,5,13,1,1,10,5,5,2,16,2,40,3,10,7,1,7,5,1,8,1,1,,44,,1,21,121.5453963,24.9868749
113,4,11,16,2,2,09北投區,北投區承德路7段與承德路7段32巷口南往北,0,0,1,1,C03,8,5,6,60,3,2,1,5,4,5,13,4,4,9,4,5,1,17,1,53,3,10,6,1,7,6,1,10,2,17,,44,,1,21,121.5111535,25.1109793
113,4,11,16,2,2,09北投區,北投區承德路7段與承德路7段32巷口南往北,0,0,1,2,C03,8,5,6,60,3,2,1,5,4,5,13,4,4,9,4,5,1,17,1,56,2,9,6,1,7,9,1,10,2,14,,108,,1,21,121.5111535,25.1109793
113,4,11,16,2,2,09北投區,北投區承德路7段與承德路7段32巷口南往北,0,0,1,3,B03,8,5,6,60,3,2,1,5,4,5,13,4,4,9,4,5,1,17,1,30,3,10,7,1,7,13,1,8,9,17,,38,,1,21,121.5111535,25.1109793
113,4,11,16,27,2,07信義區,信義區松德路118巷與松德路口,0,0,1,1,B03,8,7,5,50,4,1,1,5,4,5,13,1,1,9,4,4,2,15,1,70,3,10,7,1,7,11,1,8,2,1,,71,,1,21,121.5748113,25.0375052
113,4,11,16,27,2,07信義區,信義區松德路118巷與松德路口,0,0,1,2,F01,8,7,5,50,4,1,1,5,4,5,13,1,1,9,4,4,2,15,1,15,2,9,4,1,7,9,8,20,9,11,,44,,1,21,121.5748113,25.0375052
113,4,11,16,31,2,10文山區,文山區興隆路3段與興隆路3段185巷口,0,0,1,1,C03,8,6,5,50,4,1,1,5,4,5,13,3,1,1,4,5,2,17,1,21,2,8,5,1,7,9,1,10,2,12,,,,1,21,121.5600175,24.9959556
113,4,11,16,31,2,10文山區,文山區興隆路3段與興隆路3段185巷口,0,0,1,2,C03,8,6,5,50,4,1,1,5,4,5,13,3,1,1,4,5,2,17,2,43,3,10,5,1,7,5,1,10,2,17,,8,,1,21,121.5600175,24.9959556
113,4,11,16,55,2,05中正區,中正區和平西路1段與泉州街口,0,0,1,1,B02,8,6,5,50,5,1,1,5,4,5,13,2,1,1,4,5,1,16,1,21,3,10,7,1,7,9,1,8,1,2,,86,,1,21,121.5145487,25.02763573
113,4,11,16,55,2,05中正區,中正區和平西路1段與泉州街口,0,0,1,2,C03,8,6,5,50,5,1,1,5,4,5,13,2,1,1,4,5,1,16,2,21,2,9,5,1,7,5,1,10,1,14,,8,,1,21,121.5145487,25.02763573
113,4,11,17,7,2,05中正區,中正區西藏路與西藏路62巷口口,0,0,1,1,C03,8,6,5,30,4,1,1,5,4,1,11,1,1,1,4,5,1,17,1,65,3,10,6,1,7,9,1,10,2,17,,30,,1,21,121.5058172,25.03046667
113,4,11,17,7,2,05中正區,中正區西藏路與西藏路62巷口口,0,0,1,2,C03,8,6,5,30,4,1,1,5,4,1,11,1,1,1,4,5,1,17,1,56,2,7,6,1,7,9,1,10,2,11,,44,,1,21,121.5058172,25.03046667
113,4,11,17,18,2,10文山區,文山區木柵路2段與木柵路2段138巷口,0,0,1,2,C03,8,6,5,50,4,1,1,5,4,5,13,2,1,5,4,5,2,16,1,57,2,9,5,1,7,9,6,10,2,12,,42,,1,21,121.5617117,24.988837
113,4,11,17,18,2,10文山區,文山區木柵路2段與木柵路2段138巷口,0,0,1,1,B03,8,6,5,50,4,1,1,5,4,5,13,2,1,5,4,5,2,16,2,35,3,10,7,1,7,5,1,8,2,4,,8,,1,21,121.5617117,24.988837
113,4,11,17,20,2,09北投區,北投區立農街1段187巷與東華街2段口,0,0,1,1,C03,7,6,5,40,3,1,1,5,4,5,13,1,1,10,4,4,1,16,2,21,3,10,5,1,7,5,1,10,1,14,,8,,1,21,121.5048541,25.121295
113,4,11,17,20,2,09北投區,北投區立農街1段187巷與東華街2段口,0,0,1,2,C03,7,6,5,40,3,1,1,5,4,5,13,1,1,10,4,4,1,16,1,62,2,9,5,1,7,9,1,10,1,11,14,44,,1,21,121.5048541,25.121295
113,4,11,17,32,2,11南港區,南港區東新街2號,0,0,1,1,B03,8,7,5,50,14,9,1,5,4,5,13,4,4,9,5,5,2,16,2,45,3,10,3,4,7,6,1,8,2,5,,9,,1,21,121.5857557,25.047467
113,4,11,17,32,2,11南港區,南港區東新街2號,0,0,1,2,C03,8,7,5,50,14,9,1,5,4,5,13,4,4,9,5,5,2,16,1,24,2,9,6,4,7,9,1,10,2,14,,44,,1,21,121.5857557,25.047467
113,4,11,17,38,2,06松山區,松山區民生東路3段與民生東路3段113巷口,0,0,1,1,F01,7,7,5,50,4,2,1,5,4,5,13,2,1,1,4,5,2,17,2,52,2,9,4,1,7,8,8,20,1,12,,100,,1,21,121.5460265,25.0578297
113,4,11,17,38,2,06松山區,松山區民生東路3段與民生東路3段113巷口,0,0,1,2,B03,7,7,5,50,4,2,1,5,4,5,13,2,1,1,4,5,2,17,1,23,3,10,7,1,7,9,1,8,1,4,,44,,1,21,121.5460265,25.0578297
113,4,11,17,56,2,01大同區,大同區鄭州路與西寧北路口,0,0,1,1,B03,8,5,5,40,4,2,1,5,4,5,13,1,1,1,4,5,2,17,1,56,3,10,7,1,7,9,1,8,1,5,,99,,1,21,121.5081724,25.0505874
113,4,11,17,56,2,01大同區,大同區鄭州路與西寧北路口,0,0,1,2,C03,8,5,5,40,4,2,1,5,4,5,13,1,1,1,4,5,2,17,1,34,2,9,6,1,7,5,1,10,1,15,,8,,1,21,121.5081724,25.0505874
113,4,11,18,2,2,04大安區,大安區忠孝東路3段與復興南路1段口,0,0,2,1,C03,8,7,5,50,4,1,1,5,4,5,13,1,1,1,4,5,1,13,1,38,2,9,3,4,7,9,1,10,1,11,,108,,1,21,121.5436662,25.0418018
113,4,11,18,2,2,04大安區,大安區忠孝東路3段與復興南路1段口,0,0,2,2,C03,8,7,5,50,4,1,1,5,4,5,13,1,1,1,4,5,1,13,1,51,2,9,3,4,7,9,1,10,1,13,,44,,1,21,121.5436662,25.0418018
113,4,11,18,10,2,03中山區,中山區林森北路67巷24弄與市民大道2段口,0,0,1,1,C03,7,5,5,40,3,2,1,5,4,5,13,4,4,1,4,5,2,13,1,36,3,10,6,1,7,6,1,10,1,13,,17,,1,22,121.5247452,25.0477027
113,4,11,18,10,2,03中山區,中山區林森北路67巷24弄與市民大道2段口,0,0,1,2,C03,7,5,5,40,3,2,1,5,4,5,13,4,4,1,4,5,2,13,1,29,2,9,6,1,7,9,1,10,1,11,,13,,1,22,121.5247452,25.0477027
113,4,11,18,55,2,04大安區,大安區辛亥路3段21巷編號90燈桿附近,0,0,1,1,B03,7,5,5,30,14,9,1,5,4,5,13,4,4,10,5,5,2,17,1,38,3,10,3,4,7,11,1,8,1,7,,101,,1,22,121.5454503,25.0223145
113,4,11,18,55,2,04大安區,大安區辛亥路3段21巷編號90燈桿附近,0,0,1,2,C03,7,5,5,30,14,9,1,5,4,5,13,4,4,10,5,5,2,17,1,35,2,9,3,4,7,9,1,10,1,12,,44,,1,22,121.5454503,25.0223145
113,4,11,19,2,2,11南港區,南港區忠孝東路6段與東新街口,0,0,2,1,C03,8,5,5,40,4,2,1,5,4,5,13,2,1,3,4,5,2,17,1,22,2,8,5,1,7,6,1,10,1,11,,80,,1,21,121.5850256,25.0482102
113,4,11,19,2,2,11南港區,南港區忠孝東路6段與東新街口,0,0,2,2,F01,8,5,5,40,4,2,1,5,4,5,13,2,1,3,4,5,2,17,1,59,2,1,4,4,7,9,8,20,1,14,,44,,1,21,121.5850256,25.0482102
113,4,11,19,6,2,05中正區,中正區詔安街與中華路2段467巷口,0,0,1,1,B02,8,5,5,30,4,1,1,5,4,5,13,4,4,10,5,5,2,16,1,41,3,10,7,4,7,1,1,8,1,8,,19,,1,21,121.5110305,25.0258094
113,4,11,19,6,2,05中正區,中正區詔安街與中華路2段467巷口,0,0,1,2,F01,8,5,5,30,4,1,1,5,4,5,13,4,4,10,5,5,2,16,1,58,2,8,4,4,7,6,8,20,1,12,,44,,1,21,121.5110305,25.0258094
113,4,11,19,14,2,03中山區,中山區市民大道2段與長安東路1段52巷口,0,0,2,1,B02,7,5,5,40,3,1,1,5,4,5,13,1,1,1,4,5,2,16,2,23,3,10,3,4,7,6,1,8,1,2,,9,,1,21,121.52783,25.0470412
113,4,11,19,14,2,03中山區,中山區市民大道2段與長安東路1段52巷口,0,0,2,2,C03,7,5,5,40,3,1,1,5,4,5,13,1,1,1,4,5,2,16,1,30,2,7,3,4,7,9,1,10,1,11,,108,,1,21,121.52783,25.0470412
113,4,11,19,14,2,03中山區,中山區市民大道2段與長安東路1段52巷口,0,0,2,3,H02,7,5,5,40,3,1,1,5,4,5,13,1,1,1,4,5,2,16,2,30,2,7,3,5,7,20,8,20,10,16,,67,,1,21,121.52783,25.0470412
113,4,11,19,25,2,04大安區,大安區基隆路4段43號對面,0,0,1,1,C03,8,5,5,50,14,7,1,5,4,5,13,4,4,1,4,4,2,13,1,63,3,10,3,4,7,9,1,10,1,11,,108,,1,22,121.5394789,25.012832
113,4,11,19,25,2,04大安區,大安區基隆路4段43號對面,0,0,1,2,C03,8,5,5,50,14,7,1,5,4,5,13,4,4,1,4,4,2,13,2,27,2,9,3,4,7,9,1,10,1,13,,44,,1,22,121.5394789,25.012832
113,4,11,19,30,2,04大安區,大安區和平東路3段274號,0,0,1,1,B03,8,5,5,50,14,9,1,5,4,5,13,4,4,9,4,5,1,12,1,46,3,10,3,4,7,15,1,8,1,4,,17,,1,21,121.5559358,25.0210573
113,4,11,19,30,2,04大安區,大安區和平東路3段274號,0,0,1,2,C03,8,5,5,50,14,9,1,5,4,5,13,4,4,9,4,5,1,12,1,28,2,9,5,1,7,9,1,10,1,11,,108,,1,21,121.5559358,25.0210573
113,4,11,20,0,2,07信義區,信義區基隆路1段與松隆路口,0,0,1,1,B03,8,5,5,50,3,2,1,5,4,5,13,2,1,8,1,5,2,17,1,22,3,10,3,4,7,15,1,8,1,8,,71,,1,21,121.5660332,25.0433257
113,4,11,20,0,2,07信義區,信義區基隆路1段與松隆路口,0,0,1,2,C03,8,5,5,50,3,2,1,5,4,5,13,2,1,8,1,5,2,17,2,63,2,9,3,4,7,9,1,10,1,13,,44,,1,21,121.5660332,25.0433257
113,4,11,20,10,2,01大同區,大同區承德路3段與民族西路口,0,0,1,1,C03,8,5,5,50,4,1,1,5,4,5,13,2,1,9,4,5,2,16,2,49,2,9,5,1,7,6,1,10,1,12,,9,,1,21,121.5185816,25.0685919
113,4,11,20,10,2,01大同區,大同區承德路3段與民族西路口,0,0,1,2,B03,8,5,5,50,4,1,1,5,4,5,13,2,1,9,4,5,2,16,1,69,3,10,7,1,7,9,1,8,1,8,,44,,1,21,121.5185816,25.0685919
113,4,11,20,15,2,05中正區,中正區館前路與開封街1段口,0,0,1,1,B03,8,5,5,50,3,2,1,5,4,5,13,4,4,10,4,5,2,12,1,52,3,10,7,1,7,1,1,8,1,8,,19,,1,21,121.5147891,25.04601923
113,4,11,20,15,2,05中正區,中正區館前路與開封街1段口,0,0,1,2,C03,8,5,5,50,3,2,1,5,4,5,13,4,4,10,4,5,2,12,2,19,2,9,6,1,7,9,1,10,1,12,,44,,1,21,121.5147891,25.04601923
113,4,11,20,15,2,12內湖區,內湖區民權東路6段與民權東路6段46巷口,0,0,1,1,B03,8,5,5,50,4,2,1,5,4,5,13,1,1,1,3,5,1,13,1,36,3,10,3,4,7,9,1,8,1,1,,105,,1,22,121.581547,25.06785632
113,4,11,20,15,2,12內湖區,內湖區民權東路6段與民權東路6段46巷口,0,0,1,2,B03,8,5,5,50,4,2,1,5,4,5,13,1,1,1,3,5,1,13,1,77,3,10,3,4,7,9,1,8,1,3,,44,,1,22,121.581547,25.06785632
113,4,11,20,15,2,12內湖區,內湖區民權東路6段與民權東路6段46巷口,0,0,1,3,H02,8,5,5,50,4,2,1,5,4,5,13,1,1,1,3,5,1,13,2,74,2,1,3,5,7,20,8,20,10,16,,67,,1,22,121.581547,25.06785632
113,4,11,20,24,2,10文山區,文山區木柵路5段與木柵路5段21巷口口,0,0,2,1,C03,8,5,5,50,14,18,1,5,4,5,13,3,1,5,4,5,2,3,1,71,2,8,5,1,7,9,1,10,2,11,,14,,1,21,121.5809449,25.0020156
113,4,11,20,24,2,10文山區,文山區木柵路5段與木柵路5段21巷口口,0,0,2,2,H01,8,5,5,50,14,18,1,5,4,5,13,3,1,5,4,5,2,3,1,31,2,9,4,5,8,16,8,20,10,16,,67,,1,21,121.5809449,25.0020156
113,4,11,21,5,2,04大安區,大安區基隆路4段140號,0,0,1,1,A04,8,5,5,40,14,8,1,5,4,5,13,4,4,10,3,4,2,13,1,52,3,10,7,1,7,9,1,2,1,5,,108,,1,21,121.5398429,25.0136101
113,4,11,21,5,2,04大安區,大安區基隆路4段140號,0,0,1,2,B02,8,5,5,40,14,8,1,5,4,5,13,4,4,10,3,4,2,13,1,50,2,8,7,1,7,14,1,4,1,7,,38,,1,21,121.5398429,25.0136101
113,4,11,21,23,2,05中正區,中正區重慶南路3段172號,0,0,2,1,C03,7,5,5,50,14,9,1,5,4,5,13,1,1,1,4,5,2,13,1,55,2,7,5,1,7,9,1,10,1,11,,108,,1,22,121.5167386,25.023173
113,4,11,21,23,2,05中正區,中正區重慶南路3段172號,0,0,2,2,C03,7,5,5,50,14,9,1,5,4,5,13,1,1,1,4,5,2,13,2,42,2,9,5,1,7,14,1,10,1,13,,44,,1,22,121.5167386,25.023173
113,4,11,21,24,2,06松山區,松山區敦化南路1段102號,0,0,1,2,E05,8,5,5,50,14,9,1,5,4,5,13,4,4,1,4,5,2,13,1,48,3,10,3,1,7,14,1,2,2,7,,44,,1,27,121.5486351,25.04605778
113,4,11,21,24,2,06松山區,松山區敦化南路1段102號,0,0,1,1,C03,8,5,5,50,14,9,1,5,4,5,13,4,4,1,4,5,2,13,1,36,2,1,5,1,7,9,1,10,7,11,,21,,1,22,121.5486351,25.04605778
113,4,11,21,39,2,07信義區,信義區松勤街與松智路口口,0,0,1,1,B03,8,5,5,30,4,2,1,5,4,5,13,2,1,9,5,5,2,9,1,44,3,10,3,4,7,5,1,8,2,1,,70,,1,21,121.5653941,25.0320419
113,4,11,21,39,2,07信義區,信義區松勤街與松智路口口,0,0,1,2,H01,8,5,5,30,4,2,1,5,4,5,13,2,1,9,5,5,2,9,2,62,2,9,4,5,8,16,8,20,10,16,,67,,1,22,121.5653941,25.0320419
113,4,11,22,15,2,04大安區,大安區敦化南路2段與敦化南路2段265巷口,0,0,1,1,B03,8,5,5,50,3,2,1,5,4,5,13,4,4,1,4,5,1,17,1,30,3,10,3,4,7,6,1,8,1,5,,9,,1,21,121.5490156,25.0255273
113,4,11,22,15,2,04大安區,大安區敦化南路2段與敦化南路2段265巷口,0,0,1,2,C03,8,5,5,50,3,2,1,5,4,5,13,4,4,1,4,5,1,17,1,28,2,7,5,1,7,9,1,9,1,11,,44,,1,21,121.5490156,25.0255273
113,4,11,23,1,2,02萬華區,萬華區桂林路246巷與桂林路228巷11弄口,0,0,1,1,C03,7,5,5,50,4,1,1,5,4,5,13,1,1,1,4,5,2,12,1,20,3,10,6,1,7,7,1,10,1,13,,100,,1,21,121.49553,25.0384552