發生年度,發生月,發生日,發生時-Hours,發生分,處理別-編號,區序,肇事地點,死亡人數,2-30日死亡人數,受傷人數,當事人序號,車種,天候,道路照明設備,道路類別,速限-速度限制,道路型態,事故位置,路面狀況1,路面狀況2,路面狀況3,道路障礙1,道路障礙2,號誌1,號誌2,車道劃分-分向,車道劃分-分道1,車道劃分-分道2,車道劃分-分道3,事故類型及型態,性別,年齡,受傷程度,主要傷處,保護裝置,行動電話,車輛用途,當事者行動狀態,駕駛資格情形,駕駛執照種類,飲酒情形,車輛撞擊部位1,車輛撞擊部位2,肇因碼-個別,肇因碼-主要,個人肇逃否,職業,座標-X,座標-Y
113,4,11,23,1,2,02萬華區,萬華區桂林路246巷與桂林路228巷11弄口,0,0,1,2,C03,7,5,5,50,4,1,1,5,4,5,13,1,1,1,4,5,2,12,1,30,2,9,5,1,7,9,1,10,1,11,,44,,1,21,121.49553,25.0384552
113,4,11,23,14,2,12內湖區,內湖區舊宗路1段150巷與民善街口,0,0,1,1,C03,7,5,5,50,4,1,1,5,4,5,13,4,4,5,4,5,2,17,2,55,2,9,5,1,7,1,1,10,1,12,,19,,1,21,121.5751601,25.0615487
113,4,11,23,14,2,12內湖區,內湖區舊宗路1段150巷與民善街口,0,0,1,2,B01,7,5,5,50,4,1,1,5,4,5,13,4,4,5,4,5,2,17,1,59,3,10,7,1,7,9,1,4,1,4,,108,,1,21,121.5751601,25.0615487
113,4,12,0,52,2,09北投區,北投區大度路167號,0,0,2,2,C03,8,5,5,50,14,12,1,5,4,5,13,4,4,1,4,3,1,13,2,19,2,9,6,1,7,9,1,10,2,13,,44,,1,22,121.4923111,25.1217319
113,4,12,0,52,2,09北投區,北投區大度路167號,0,0,2,1,C03,8,5,5,50,14,12,1,5,4,5,13,4,4,1,4,3,1,13,1,30,2,9,6,1,7,9,6,18,2,11,,108,,1,22,121.4923111,25.1217319
113,4,12,6,40,2,08士林區,士林區中山北路6段與克強路口,0,0,3,1,B03,8,5,5,50,4,1,1,5,4,5,13,2,1,1,4,5,2,16,1,55,2,8,3,4,7,11,1,8,1,5,,10,,1,22,121.5251262,25.1085665
113,4,12,6,40,2,08士林區,士林區中山北路6段與克強路口,0,0,3,2,B03,8,5,5,50,4,1,1,5,4,5,13,2,1,1,4,5,2,16,1,31,2,8,3,4,7,9,1,8,1,8,,108,,1,22,121.5251262,25.1085665
113,4,12,6,40,2,08士林區,士林區中山北路6段與克強路口,0,0,3,3,H02,8,5,5,50,4,1,1,5,4,5,13,2,1,1,4,5,2,16,2,31,2,7,3,5,7,20,8,20,10,16,,67,,1,22,121.5251262,25.1085665
113,4,12,6,40,2,08士林區,士林區中山北路6段與克強路口,0,0,3,4,B12,8,5,5,50,4,1,1,5,4,5,13,2,1,1,4,5,2,16,1,41,3,10,3,4,7,13,1,8,1,3,,44,,1,22,121.5251262,25.1085665
113,4,12,6,40,2,08士林區,士林區中山北路6段與克強路口,0,0,3,5,B03,8,5,5,50,4,1,1,5,4,5,13,2,1,1,4,5,2,16,1,32,3,10,3,4,7,13,1,8,1,3,,44,,1,22,121.5251262,25.1085665
113,4,12,6,40,2,08士林區,士林區中山北路6段與克強路口,0,0,3,6,B03,8,5,5,50,4,1,1,5,4,5,13,2,1,1,4,5,2,16,1,37,3,10,3,4,7,13,1,8,1,3,,44,,1,22,121.5251262,25.1085665
113,4,12,6,44,2,07信義區,信義區松隆路與松隆路123巷口,0,0,1,1,B01,7,7,5,50,3,1,1,5,4,5,13,4,4,1,4,4,2,16,1,58,3,10,7,1,7,6,1,4,1,5,,118,,1,21,121.5716434,25.0467248
113,4,12,6,44,2,07信義區,信義區松隆路與松隆路123巷口,0,0,1,2,C03,7,7,5,50,3,1,1,5,4,5,13,4,4,1,4,4,2,16,2,30,2,9,6,1,7,9,1,10,1,14,,118,,1,21,121.5716434,25.0467248
113,4,12,7,20,2,04大安區,大安區樂利路與通化街口,0,0,1,1,B03,8,6,5,40,4,1,1,5,4,5,13,1,1,5,4,5,2,17,1,29,3,10,7,1,7,11,1,8,2,4,,44,,1,29,121.5519804,25.0258971
113,4,12,7,20,2,04大安區,大安區樂利路與通化街口,0,0,1,2,C03,8,6,5,40,4,1,1,5,4,5,13,1,1,5,4,5,2,17,1,62,2,9,6,1,7,9,1,10,2,12,,44,,1,21,121.5519804,25.0258971
113,4,12,7,23,2,02萬華區,萬華區環河南路1段洛陽停車場入口,0,0,1,1,B03,8,6,5,50,14,9,1,5,4,5,13,4,4,9,4,5,2,16,1,59,3,10,3,4,7,5,1,4,1,5,,99,,1,22,121.5054297,25.0478196
113,4,12,7,23,2,02萬華區,萬華區環河南路1段洛陽停車場入口,0,0,1,2,C03,8,6,5,50,14,9,1,5,4,5,13,4,4,9,4,5,2,16,2,30,2,7,6,1,7,9,1,10,1,14,,44,,1,22,121.5054297,25.0478196
113,4,12,7,45,2,03中山區,中山區林森北路與新生北路2段62巷口,0,0,1,1,B01,7,7,5,50,4,1,1,5,4,5,13,2,1,5,4,5,2,16,1,68,3,10,3,4,7,5,1,4,2,1,,71,,1,21,121.5255257,25.0562403
113,4,12,7,45,2,03中山區,中山區林森北路與新生北路2段62巷口,0,0,1,2,C03,7,7,5,50,4,1,1,5,4,5,13,2,1,5,4,5,2,16,1,34,2,9,6,4,7,9,1,10,2,14,,13,,1,21,121.5255257,25.0562403
113,4,12,8,0,2,01大同區,大同區南京西路80號,0,0,1,1,B03,8,6,5,50,14,9,1,5,4,5,13,4,4,9,4,5,2,12,1,58,3,10,7,4,7,9,1,8,1,8,,17,,1,22,121.5181485,25.0531103
113,4,12,8,0,2,01大同區,大同區南京西路80號,0,0,1,2,C03,8,6,5,50,14,9,1,5,4,5,13,4,4,9,4,5,2,12,2,58,2,9,6,4,7,7,1,10,1,14,,100,,1,22,121.5181485,25.0531103
113,4,12,8,26,2,10文山區,文山區和平東路4段與萬美街1段口,0,0,1,1,C03,8,6,5,40,14,9,1,5,4,5,13,1,1,4,5,5,2,16,1,31,3,10,6,1,7,7,1,10,2,14,,100,,1,21,121.571914,25.0021433
113,4,12,8,26,2,10文山區,文山區和平東路4段與萬美街1段口,0,0,1,2,C03,8,6,5,40,14,9,1,5,4,5,13,1,1,4,5,5,2,16,1,49,2,8,6,1,7,9,1,10,2,12,,44,,1,21,121.571914,25.0021433
113,4,12,8,27,2,04大安區,大安區忠孝東路4段77巷與大安路1段51巷口,0,0,1,1,B12,8,6,5,30,4,1,1,5,4,5,13,4,4,5,5,5,2,17,1,40,3,10,7,1,7,6,6,8,1,5,,9,,1,21,121.5472066,25.04313197
113,4,12,8,27,2,04大安區,大安區忠孝東路4段77巷與大安路1段51巷口,0,0,1,2,C03,8,6,5,30,4,1,1,5,4,5,13,4,4,5,5,5,2,17,1,44,2,9,6,1,7,9,1,10,1,11,,44,,1,21,121.5472066,25.04313197
113,4,12,8,29,2,05中正區,中正區齊東街76號,0,0,1,1,B03,8,5,5,30,14,9,1,5,4,5,13,4,4,10,5,5,2,9,2,54,3,10,7,1,7,9,1,8,9,2,2,108,,1,21,121.5276927,25.0416971
113,4,12,8,29,2,05中正區,中正區齊東街76號,0,0,1,2,H01,8,5,5,30,14,9,1,5,4,5,13,4,4,10,5,5,2,9,2,45,2,7,4,5,8,16,8,20,9,16,16,67,,1,21,121.5276927,25.0416971
113,4,12,8,50,2,01大同區,大同區台北橋往北市機慢車道入橋面第2燈桿,0,0,3,1,C03,8,6,6,50,8,11,1,5,4,5,13,4,4,10,4,5,2,12,2,36,2,9,6,1,7,9,1,10,1,11,,16,,1,21,121.5064373,25.06367663
113,4,12,8,50,2,01大同區,大同區台北橋往北市機慢車道入橋面第2燈桿,0,0,3,2,C03,8,6,6,50,8,11,1,5,4,5,13,4,4,10,4,5,2,12,2,31,2,8,6,1,7,9,1,10,1,13,,16,,1,21,121.5064373,25.06367663
113,4,12,8,50,2,01大同區,大同區台北橋往北市機慢車道入橋面第2燈桿,0,0,3,3,C03,8,6,6,50,8,11,1,5,4,5,13,4,4,10,4,5,2,12,2,46,2,9,6,1,7,9,1,10,1,13,,44,,1,21,121.5064373,25.06367663
113,4,12,8,53,2,02萬華區,萬華區桂林路與柳州街口,0,0,1,1,B03,8,6,5,50,4,1,1,5,4,5,13,2,1,9,4,5,2,16,1,56,3,10,3,4,7,6,1,8,1,2,,9,,1,22,121.5050941,25.037725
113,4,12,8,53,2,02萬華區,萬華區桂林路與柳州街口,0,0,1,2,C03,8,6,5,50,4,1,1,5,4,5,13,2,1,9,4,5,2,16,2,24,2,8,6,4,7,9,1,10,1,14,,44,,1,22,121.5050941,25.037725
113,4,12,9,0,2,07信義區,信義區和平東路3段與嘉興街口,0,0,2,1,B03,7,5,5,50,4,1,1,5,4,5,13,2,1,1,4,4,2,17,2,29,3,10,7,1,7,5,1,8,2,2,,8,,1,21,121.5540483,25.0230318
113,4,12,9,0,2,07信義區,信義區和平東路3段與嘉興街口,0,0,2,2,C03,7,5,5,50,4,1,1,5,4,5,13,2,1,1,4,4,2,17,1,31,2,7,5,1,7,9,1,10,2,11,,14,,1,21,121.5540483,25.0230318
113,4,12,9,0,2,07信義區,信義區和平東路3段與嘉興街口,0,0,2,3,H02,7,5,5,50,4,1,1,5,4,5,13,2,1,1,4,4,2,17,2,28,2,9,5,5,7,20,8,20,10,16,,67,,1,21,121.5540483,25.0230318
113,4,12,9,15,2,12內湖區,東向西(近行善路平面停車場),0,0,1,1,B03,8,7,5,50,14,9,1,5,4,5,13,4,4,4,5,5,2,17,1,37,3,10,7,1,7,6,1,8,1,2,,9,,1,21,121.5867513,25.0646751
113,4,12,9,15,2,12內湖區,東向西(近行善路平面停車場),0,0,1,2,C03,8,7,5,50,14,9,1,5,4,5,13,4,4,4,5,5,2,17,1,45,2,9,5,1,7,9,1,10,1,14,,44,,1,21,121.5867513,25.0646751
113,4,12,9,15,2,12內湖區,東向西(近行善路平面停車場),0,0,1,3,C03,8,7,5,50,14,9,1,5,4,5,13,4,4,4,5,5,2,17,2,32,3,10,3,1,7,13,7,19,11,12,,44,,1,21,121.5867513,25.0646751
113,4,12,9,15,2,12內湖區,東向西(近行善路平面停車場),0,0,1,4,C04,8,7,5,50,14,9,1,5,4,5,13,4,4,4,5,5,2,17,5,0,3,10,3,4,7,13,7,19,11,12,,44,,1,21,121.5867513,25.0646751
113,4,12,9,20,2,06松山區,松山區南京東路5段34號與無名巷,0,0,1,1,B03,8,6,5,50,3,2,1,5,4,5,13,1,1,5,4,4,1,17,1,73,3,10,3,4,7,6,1,8,1,6,,9,,1,22,121.5590796,25.05143978
113,4,12,9,20,2,06松山區,松山區南京東路5段34號與無名巷,0,0,1,2,C03,8,6,5,50,3,2,1,5,4,5,13,1,1,5,4,4,1,17,1,31,2,9,5,4,7,9,1,10,1,11,,44,,1,22,121.5590796,25.05143978
113,4,12,9,23,2,07信義區,信義區永吉路30巷158弄2號,0,0,1,1,B01,8,5,5,30,14,9,1,5,4,5,13,4,4,10,5,5,1,3,1,50,3,10,7,4,7,9,1,4,9,5,,108,,2,21,121.5686202,25.04232
113,4,12,9,23,2,07信義區,信義區永吉路30巷158弄2號,0,0,1,2,H01,8,5,5,30,14,9,1,5,4,5,13,4,4,10,5,5,1,3,1,42,2,9,4,5,8,16,8,20,9,16,,53,,1,22,121.5686202,25.04232
113,4,12,9,23,2,07信義區,信義區永吉路30巷158弄2號,0,0,1,3,B12,8,5,5,30,14,9,1,5,4,5,13,4,4,10,5,5,1,3,1,42,3,10,3,4,7,13,1,6,9,17,,38,,1,21,121.5686202,25.04232
113,4,12,9,35,2,12內湖區,內湖區瑞光路與瑞湖街口,0,0,2,1,C04,8,7,5,50,4,1,1,5,4,5,13,1,1,4,3,5,1,17,2,23,2,9,6,1,7,5,1,10,1,12,,8,,1,21,121.5768148,25.0751382
113,4,12,9,35,2,12內湖區,內湖區瑞光路與瑞湖街口,0,0,2,2,C03,8,7,5,50,4,1,1,5,4,5,13,1,1,4,3,5,1,17,1,24,2,8,6,1,7,9,1,10,1,11,,44,,1,21,121.5768148,25.0751382
113,4,12,9,44,2,10文山區,文山區試院路154巷1弄與試院路口,0,0,1,1,B03,8,7,5,30,4,1,1,5,4,5,13,4,4,10,5,5,2,17,1,65,3,10,3,4,7,2,1,8,1,6,,12,,1,21,121.5466768,24.9903776
113,4,12,9,44,2,10文山區,文山區試院路154巷1弄與試院路口,0,0,1,2,C03,8,7,5,30,4,1,1,5,4,5,13,4,4,10,5,5,2,17,2,20,2,9,5,4,7,5,1,10,1,14,,42,,1,21,121.5466768,24.9903776
113,4,12,9,47,2,07信義區,信義區松智路市府東大門前,0,0,1,1,B01,8,6,5,50,14,9,1,5,4,5,13,4,4,5,4,5,2,17,1,64,3,10,7,1,7,14,1,4,1,2,,40,,1,21,121.5655787,25.0372031
113,4,12,9,47,2,07信義區,信義區松智路市府東大門前,0,0,1,3,H02,8,6,5,50,14,9,1,5,4,5,13,4,4,5,4,5,2,17,2,50,3,10,7,5,7,19,8,20,10,16,,126,,1,21,121.5655787,25.0372031
113,4,12,9,47,2,07信義區,信義區松智路市府東大門前,0,0,1,2,C03,8,6,5,50,14,9,1,5,4,5,13,4,4,5,4,5,2,17,1,43,2,8,6,1,7,9,6,18,1,14,,44,,1,21,121.5655787,25.0372031
113,4,12,9,55,2,12內湖區,內湖區民權東路6段與瑞光路口,0,0,3,1,C03,8,5,5,50,4,1,1,5,4,5,13,1,1,5,4,5,2,16,1,26,2,9,6,1,7,8,1,10,1,12,,100,,1,21,121.5842312,25.06884531
113,4,12,9,55,2,12內湖區,內湖區民權東路6段與瑞光路口,0,0,3,2,C03,8,5,5,50,4,1,1,5,4,5,13,1,1,5,4,5,2,16,1,18,2,9,6,1,7,9,3,18,1,11,,42,,1,21,121.5842312,25.06884531
113,4,12,9,55,2,12內湖區,內湖區民權東路6段與瑞光路口,0,0,3,3,H02,8,5,5,50,4,1,1,5,4,5,13,1,1,5,4,5,2,16,2,19,2,9,6,5,7,20,8,20,10,16,,67,,1,21,121.5842312,25.06884531
113,4,12,10,51,2,09北投區,北投區自強街80號,0,0,1,1,C03,8,6,5,50,14,9,1,5,4,5,13,4,4,5,5,5,2,12,1,56,2,9,5,1,7,1,6,10,2,14,,19,,1,21,121.5149288,25.1107236
113,4,12,10,51,2,09北投區,北投區自強街80號,0,0,1,2,B03,8,6,5,50,14,9,1,5,4,5,13,4,4,5,5,5,2,12,1,80,3,10,7,1,7,9,1,8,2,2,,44,,1,21,121.5149288,25.1107236
113,4,12,11,0,2,03中山區,中山區明水路526巷與樂群二路30巷口,0,0,1,1,B03,8,7,5,30,4,2,1,5,4,5,13,2,1,5,4,5,2,17,2,26,3,10,3,4,7,9,1,8,2,17,,81,,1,21,121.5533252,25.07922459
113,4,12,11,0,2,03中山區,中山區明水路526巷與樂群二路30巷口,0,0,1,2,C03,8,7,5,30,4,2,1,5,4,5,13,2,1,5,4,5,2,17,1,49,2,9,5,4,7,9,1,10,2,17,,44,,1,21,121.5533252,25.07922459
113,4,12,11,3,2,03中山區,中山區市民大道2段與市民大道口側附近2段5巷口,0,0,1,1,C03,8,7,5,40,3,1,1,5,4,5,13,4,4,1,4,4,2,15,1,61,3,10,5,1,7,9,1,10,1,12,,14,,1,22,121.521865,25.0480545
113,4,12,11,3,2,03中山區,中山區市民大道2段與市民大道口側附近2段5巷口,0,0,1,2,B03,8,7,5,40,3,1,1,5,4,5,13,4,4,1,4,4,2,15,1,68,3,10,7,1,7,10,1,8,1,8,,73,,1,22,121.521865,25.0480545
113,4,12,11,3,2,03中山區,中山區市民大道2段與市民大道口側附近2段5巷口,0,0,1,3,H02,8,7,5,40,3,1,1,5,4,5,13,4,4,1,4,4,2,15,2,69,2,8,5,5,7,20,8,20,10,16,,67,,1,22,121.521865,25.0480545
113,4,12,11,8,2,07信義區,信義區信安街56號,0,0,1,1,C03,8,7,5,50,14,9,1,5,4,5,13,4,4,9,4,5,2,18,1,70,2,9,5,1,7,9,1,10,9,12,,44,,1,21,121.5575443,25.0264383
113,4,12,11,8,2,07信義區,信義區信安街56號,0,0,1,2,,8,7,5,50,14,9,1,5,4,5,13,4,4,9,4,5,2,18,3,,,,,,,,,,10,,,44,,,,121.5575443,25.0264383
113,4,12,11,27,2,04大安區,大安區四維路52巷19弄與四維路44巷口,0,0,1,1,B12,8,7,5,30,4,1,1,5,4,5,13,4,4,10,5,5,2,15,1,23,3,10,3,4,7,9,1,8,1,5,,14,,1,21,121.5470619,25.0355442
113,4,12,11,27,2,04大安區,大安區四維路52巷19弄與四維路44巷口,0,0,1,2,C03,8,7,5,30,4,1,1,5,4,5,13,4,4,10,5,5,2,15,1,24,2,9,6,4,7,9,1,10,1,11,,44,,1,21,121.5470619,25.0355442
113,4,12,11,34,2,12內湖區,內湖區瑞光路548巷與基湖路35巷口口,0,0,1,1,B03,8,5,5,50,4,1,1,5,4,5,13,3,1,5,5,5,2,16,1,41,3,10,7,1,7,9,1,8,1,1,,72,,1,21,121.5671413,25.07903918
113,4,12,11,34,2,12內湖區,內湖區瑞光路548巷與基湖路35巷口口,0,0,1,2,C03,8,5,5,50,4,1,1,5,4,5,13,3,1,5,5,5,2,16,1,33,2,9,6,1,7,9,1,10,1,14,,14,,1,21,121.5671413,25.07903918
113,4,12,11,36,2,06松山區,松山區市民大道4段與市民大道4段37巷口,0,0,1,1,B03,7,6,5,40,4,2,1,5,4,5,13,4,4,1,3,5,2,16,1,47,3,10,3,4,7,6,1,8,1,2,,9,,1,21,121.5451427,25.04518481
113,4,12,11,36,2,06松山區,松山區市民大道4段與市民大道4段37巷口,0,0,1,2,C03,7,6,5,40,4,2,1,5,4,5,13,4,4,1,3,5,2,16,2,41,2,9,6,1,7,9,1,10,1,14,,108,,1,21,121.5451427,25.04518481
113,4,12,11,41,2,08士林區,士林區中山北路6段與德行東路口,0,0,2,1,B03,8,6,7,0,4,2,1,5,4,5,13,1,1,10,4,5,1,17,2,32,3,10,7,1,7,6,1,8,1,2,,71,,1,21,121.5250431,25.1065674
113,4,12,11,41,2,08士林區,士林區中山北路6段與德行東路口,0,0,2,2,C03,8,6,7,0,4,2,1,5,4,5,13,1,1,10,4,5,1,17,1,28,2,8,6,1,7,9,1,10,1,14,,108,,1,21,121.5250431,25.1065674
113,4,12,11,41,2,08士林區,士林區中山北路6段與德行東路口,0,0,2,3,H02,8,6,7,0,4,2,1,5,4,5,13,1,1,10,4,5,1,17,2,29,2,8,6,5,7,20,8,20,10,16,,67,,1,21,121.5250431,25.1065674
113,4,12,11,47,2,06松山區,松山區南京東路5段89號,0,0,1,1,C03,8,5,5,50,14,8,1,5,4,5,13,4,4,3,4,4,2,16,1,45,3,10,5,1,7,8,1,10,1,13,,100,,1,22,121.5601199,25.05157043
113,4,12,11,47,2,06松山區,松山區南京東路5段89號,0,0,1,2,C03,8,5,5,50,14,8,1,5,4,5,13,4,4,3,4,4,2,16,1,32,2,8,5,1,7,9,1,10,1,11,,44,,1,22,121.5601199,25.05157043
113,4,12,12,5,2,09北投區,北投區中央北路3段與中央北路3段220巷口,0,0,1,1,C03,8,6,5,50,3,1,1,5,4,5,13,1,1,10,5,5,1,17,2,60,2,9,5,1,7,9,1,10,1,12,,81,,1,21,121.4806503,25.13627368
113,4,12,12,5,2,09北投區,北投區中央北路3段與中央北路3段220巷口,0,0,1,2,B03,8,6,5,50,3,1,1,5,4,5,13,1,1,10,5,5,1,17,1,28,3,10,7,1,7,5,1,8,1,1,,44,,1,21,121.4806503,25.13627368
113,4,12,12,6,2,01大同區,大同區重慶北路3段243巷與重慶北路3段223巷1弄口,0,0,2,1,C03,7,6,5,30,3,2,1,5,4,5,13,4,4,10,5,5,2,17,1,29,2,9,6,1,7,9,1,10,1,11,,14,,1,21,121.5143562,25.0712622
113,4,12,12,6,2,01大同區,大同區重慶北路3段243巷與重慶北路3段223巷1弄口,0,0,2,2,B01,7,6,5,30,3,2,1,5,4,5,13,4,4,10,5,5,2,17,1,59,2,9,7,1,7,5,1,4,1,8,,80,,1,21,121.5143562,25.0712622
113,4,12,12,22,2,06松山區,松山區市民大道6段與松山路口,0,0,2,1,C03,7,6,5,40,4,1,1,5,4,5,13,2,1,1,4,5,2,16,2,38,2,9,5,1,7,5,1,10,1,14,,80,,1,21,121.5776456,25.0495024
113,4,12,12,22,2,06松山區,松山區市民大道6段與松山路口,0,0,2,2,C03,7,6,5,40,4,1,1,5,4,5,13,2,1,1,4,5,2,16,1,26,2,9,6,1,7,9,1,10,1,12,,13,,1,21,121.5776456,25.0495024
113,4,12,12,34,2,07信義區,信義區忠孝東路5段與忠孝東路5段345巷口,0,0,2,1,F01,8,6,5,30,4,2,1,5,4,5,13,1,1,10,5,5,2,15,2,59,2,8,4,1,7,9,8,20,1,12,,85,,1,21,121.5740593,25.0410244
113,4,12,12,34,2,07信義區,信義區忠孝東路5段與忠孝東路5段345巷口,0,0,2,2,C03,8,6,5,30,4,2,1,5,4,5,13,1,1,10,5,5,2,15,1,27,2,7,6,1,7,9,1,10,1,11,,44,,1,21,121.5740593,25.0410244
113,4,12,13,15,2,12內湖區,內湖區瑞光路與瑞光路316巷口口,0,0,1,1,C03,8,6,5,50,3,2,1,5,4,5,13,2,1,5,4,5,2,17,2,59,2,9,6,1,7,9,1,10,2,11,,17,,1,21,121.5741078,25.07672233
113,4,12,13,15,2,12內湖區,內湖區瑞光路與瑞光路316巷口口,0,0,1,2,B11,8,6,5,50,3,2,1,5,4,5,13,2,1,5,4,5,2,17,1,56,3,10,7,1,7,9,1,8,2,2,,17,,1,21,121.5741078,25.07672233
113,4,12,13,32,2,09北投區,北投區榮華三路與榮華三路42巷口,0,0,2,1,C03,8,6,5,30,4,1,1,5,4,5,13,4,4,5,5,5,1,15,1,68,2,9,5,1,7,9,1,10,2,11,14,72,,1,21,121.520668,25.1140968
113,4,12,13,32,2,09北投區,北投區榮華三路與榮華三路42巷口,0,0,2,2,C03,8,6,5,30,4,1,1,5,4,5,13,4,4,5,5,5,1,15,2,30,2,9,5,1,7,9,1,10,2,12,,72,,1,21,121.520668,25.1140968
113,4,12,13,32,2,09北投區,北投區榮華三路與榮華三路42巷口,0,0,2,3,F01,8,6,5,30,4,1,1,5,4,5,13,4,4,5,5,5,1,15,1,79,4,11,4,1,7,9,8,20,2,14,,5,,1,21,121.520668,25.1140968
113,4,12,13,32,2,09北投區,北投區榮華三路與榮華三路42巷口,0,0,2,4,B03,8,6,5,30,4,1,1,5,4,5,13,4,4,5,5,5,1,15,1,64,3,10,3,1,7,13,1,8,11,17,,38,,1,21,121.520668,25.1140968
113,4,12,13,47,2,12內湖區,內湖區瑞光路與瑞光路513巷口口,0,0,1,1,C03,8,6,5,50,4,1,1,5,4,5,13,2,1,10,4,5,2,16,2,22,2,9,5,1,7,5,1,10,1,14,,8,,1,21,121.5694814,25.078863
113,4,12,13,47,2,12內湖區,內湖區瑞光路與瑞光路513巷口口,0,0,1,2,B03,8,6,5,50,4,1,1,5,4,5,13,2,1,10,4,5,2,16,1,30,3,10,7,1,7,9,1,8,1,2,,44,,1,21,121.5694814,25.078863
113,4,12,13,50,2,09北投區,北投區知行路316巷與知行路316巷20弄口,0,0,1,1,B03,8,6,5,30,3,1,1,5,4,5,13,4,4,9,5,5,2,16,1,20,3,10,7,1,7,5,1,8,2,1,,14,,1,21,121.4683644,25.12240621
113,4,12,13,50,2,09北投區,北投區知行路316巷與知行路316巷20弄口,0,0,1,2,B03,8,6,5,30,3,1,1,5,4,5,13,4,4,9,5,5,2,16,1,46,2,1,7,1,7,9,1,8,2,8,,44,,1,21,121.4683644,25.12240621
113,4,12,14,3,2,03中山區,中山區長安東路2段153巷與長安東路口側附近2段口,0,0,2,1,C03,8,7,5,50,4,1,1,5,4,5,13,1,1,9,4,5,2,15,1,58,2,8,5,1,7,15,1,10,1,12,,80,,1,22,121.5390796,25.0484008
113,4,12,14,3,2,03中山區,中山區長安東路2段153巷與長安東路口側附近2段口,0,0,2,2,C03,8,7,5,50,4,1,1,5,4,5,13,1,1,9,4,5,2,15,1,20,2,9,5,1,7,9,1,10,1,11,,44,,1,22,121.5390796,25.0484008
113,4,12,15,29,2,01大同區,大同區西寧北路與西寧北路86巷口,0,0,1,1,B12,7,7,5,50,22,9,1,5,4,5,13,4,4,5,4,5,2,17,1,28,3,10,3,4,7,9,1,8,1,2,,80,,1,21,121.508852,25.0551998
113,4,12,15,29,2,01大同區,大同區西寧北路與西寧北路86巷口,0,0,1,2,C03,7,7,5,50,22,9,1,5,4,5,13,4,4,5,4,5,2,17,1,43,2,8,3,4,7,9,6,18,1,11,,13,,1,21,121.508852,25.0551998
113,4,12,15,31,2,08士林區,士林區中山北路6段275號,0,0,1,2,C03,7,5,5,50,14,9,1,5,4,5,13,4,4,1,5,1,1,17,1,32,2,9,5,1,7,12,1,10,1,17,,44,,1,21,121.5183568,25.04847309
113,4,12,15,31,2,08士林區,士林區中山北路6段275號,0,0,1,1,B01,7,5,5,50,14,9,1,5,4,5,13,4,4,1,5,1,1,17,1,52,3,10,7,1,7,8,1,4,1,17,,100,,1,21,121.5183568,25.04847309
113,4,12,15,44,2,11南港區,南港區大坑街與民權橋口民權街2段,0,0,2,1,F01,8,6,5,30,4,1,1,5,4,5,13,2,1,9,4,5,2,16,1,28,2,8,2,1,7,9,8,20,1,14,,88,,1,25,121.6179439,25.0452527
113,4,12,15,44,2,11南港區,南港區大坑街與民權橋口民權街2段,0,0,2,2,F01,8,6,5,30,4,1,1,5,4,5,13,2,1,9,4,5,2,16,1,15,2,9,4,1,7,5,8,20,1,11,,107,,1,16,121.6179439,25.0452527
113,4,12,16,13,2,09北投區,北投區文林北路與文林北路244巷口,0,0,1,4,C03,8,6,5,40,3,1,1,5,4,5,13,1,1,1,4,4,2,12,1,21,3,10,5,1,7,9,1,10,2,14,,44,,1,21,121.5131437,25.1088084
113,4,12,16,13,2,09北投區,北投區文林北路與文林北路244巷口,0,0,1,2,C03,8,6,5,40,3,1,1,5,4,5,13,1,1,1,4,4,2,12,1,31,3,10,5,1,7,7,1,10,2,14,,100,,1,21,121.5131437,25.1088084
113,4,12,16,13,2,09北投區,北投區文林北路與文林北路244巷口,0,0,1,3,B02,8,6,5,40,3,1,1,5,4,5,13,1,1,1,4,4,2,12,1,49,3,10,7,1,7,9,1,4,2,2,,44,,1,21,121.5131437,25.1088084
113,4,12,16,13,2,09北投區,北投區文林北路與文林北路244巷口,0,0,1,1,C03,8,6,5,40,3,1,1,5,4,5,13,1,1,1,4,4,2,12,1,54,2,9,5,1,7,9,1,10,2,12,,17,,1,21,121.5131437,25.1088084
113,4,12,16,16,2,04大安區,大安區芳蘭路66號停車格,0,0,1,1,B03,8,6,5,50,14,9,1,5,4,5,13,4,4,9,5,5,2,17,2,59,3,10,7,1,7,11,1,8,2,1,,10,,1,21,121.5456549,25.01296919
113,4,12,16,16,2,04大安區,大安區芳蘭路66號停車格,0,0,1,2,C03,8,6,5,50,14,9,1,5,4,5,13,4,4,9,5,5,2,17,1,38,2,9,5,1,7,9,1,10,2,11,,44,,1,21,121.5456549,25.01296919
113,4,12,16,17,2,09北投區,北投區崇仁路1段70號,0,0,1,1,B03,8,6,5,50,14,9,1,5,4,5,13,4,4,4,1,5,2,10,1,64,3,10,7,1,7,4,1,8,1,8,,1,,1,21,121.5014572,25.12654429
113,4,12,16,17,2,09北投區,北投區崇仁路1段70號,0,0,1,2,C03,8,6,5,50,14,9,1,5,4,5,13,4,4,4,1,5,2,10,1,32,2,8,6,1,7,9,1,10,1,11,,44,,1,21,121.5014572,25.12654429
113,4,12,16,20,2,07信義區,信義區松隆路215巷與松隆路口,0,0,1,1,F01,8,7,5,50,3,2,1,5,4,5,13,4,4,1,4,5,2,17,2,60,2,9,4,1,7,9,8,20,2,11,,4,,1,22,121.5764049,25.0484202