發生年度,發生月,發生日,發生時-Hours,發生分,處理別-編號,區序,肇事地點,死亡人數,2-30日死亡人數,受傷人數,當事人序號,車種,天候,道路照明設備,道路類別,速限-速度限制,道路型態,事故位置,路面狀況1,路面狀況2,路面狀況3,道路障礙1,道路障礙2,號誌1,號誌2,車道劃分-分向,車道劃分-分道1,車道劃分-分道2,車道劃分-分道3,事故類型及型態,性別,年齡,受傷程度,主要傷處,保護裝置,行動電話,車輛用途,當事者行動狀態,駕駛資格情形,駕駛執照種類,飲酒情形,車輛撞擊部位1,車輛撞擊部位2,肇因碼-個別,肇因碼-主要,個人肇逃否,職業,座標-X,座標-Y
113,4,12,16,20,2,07信義區,信義區松隆路215巷與松隆路口,0,0,1,2,B12,8,7,5,50,3,2,1,5,4,5,13,4,4,1,4,5,2,17,1,49,3,10,7,1,7,14,1,8,2,5,,38,,1,22,121.5764049,25.0484202
113,4,12,16,26,2,10文山區,文山區木柵路1段378巷與木柵路1段口,0,0,1,1,C03,7,5,5,50,3,1,1,5,4,5,13,4,4,5,4,5,2,17,1,19,3,10,6,1,7,15,1,10,2,11,,108,,1,22,121.5565729,24.9884841
113,4,12,16,26,2,10文山區,文山區木柵路1段378巷與木柵路1段口,0,0,1,2,C03,7,5,5,50,3,1,1,5,4,5,13,4,4,5,4,5,2,17,1,23,2,4,6,1,7,14,1,10,2,13,,38,,1,22,121.5565729,24.9884841
113,4,12,16,26,2,10文山區,文山區木柵路1段378巷與木柵路1段口,0,0,1,3,B03,7,5,5,50,3,1,1,5,4,5,13,4,4,5,4,5,2,17,2,54,3,10,7,1,7,9,1,8,2,4,,44,,1,22,121.5565729,24.9884841
113,4,12,16,35,2,04大安區,大安區光復南路116巷與光復南路108巷口口,0,0,1,1,B03,7,6,5,30,4,2,1,5,4,5,13,4,4,10,5,5,2,17,1,57,3,10,7,1,7,5,1,8,1,4,,74,,1,22,121.5571213,25.0430607
113,4,12,16,35,2,04大安區,大安區光復南路116巷與光復南路108巷口口,0,0,1,2,C03,7,6,5,30,4,2,1,5,4,5,13,4,4,10,5,5,2,17,1,60,2,8,5,1,7,9,1,10,1,11,,44,,1,22,121.5571213,25.0430607
113,4,12,16,56,2,02萬華區,萬華區忠孝西路2段與西寧南路口,0,0,1,1,C03,7,5,5,50,4,1,1,5,4,5,13,2,1,1,4,5,2,17,1,68,3,10,6,1,7,15,1,10,1,12,,100,,1,21,121.5074351,25.04855
113,4,12,16,56,2,02萬華區,萬華區忠孝西路2段與西寧南路口,0,0,1,2,C03,7,5,5,50,4,1,1,5,4,5,13,2,1,1,4,5,2,17,1,40,2,3,6,1,7,9,1,10,1,11,,44,,1,21,121.5074351,25.04855
113,4,12,17,0,2,09北投區,北投區石牌路1段166巷70號與石牌路1段166巷口,0,0,2,1,F03,8,5,5,50,4,1,1,5,4,5,13,4,4,10,5,5,1,16,1,16,2,9,4,1,7,9,8,20,1,11,,72,,1,21,121.5134948,25.1144522
113,4,12,17,0,2,09北投區,北投區石牌路1段166巷70號與石牌路1段166巷口,0,0,2,2,C03,8,5,5,50,4,1,1,5,4,5,13,4,4,10,5,5,1,16,2,69,2,9,5,1,7,9,1,10,1,11,2,14,,1,21,121.5134948,25.1144522
113,4,12,17,7,2,12內湖區,內湖區環山路2段139號前,0,0,2,1,C03,7,7,6,50,3,2,1,5,4,5,13,4,4,9,4,5,2,17,2,68,2,9,5,1,7,5,1,10,1,11,,80,,1,21,121.5770875,25.0839275
113,4,12,17,7,2,12內湖區,內湖區環山路2段139號前,0,0,2,2,C02,7,7,6,50,3,2,1,5,4,5,13,4,4,9,4,5,2,17,1,23,2,9,5,1,7,9,3,18,1,14,,14,,1,21,121.5770875,25.0839275
113,4,12,17,14,2,12內湖區,內湖區港墘路與內湖路1段口引道口,0,0,1,1,B03,8,6,5,50,3,2,1,5,4,5,13,2,1,3,4,5,2,17,1,71,3,10,7,1,7,14,1,8,1,6,,38,,1,21,121.5767486,25.07907949
113,4,12,17,14,2,12內湖區,內湖區港墘路與內湖路1段口引道口,0,0,1,2,C03,8,6,5,50,3,2,1,5,4,5,13,2,1,3,4,5,2,17,2,26,2,9,6,1,7,9,1,10,1,11,,44,,1,21,121.5767486,25.07907949
113,4,12,17,14,2,12內湖區,內湖區港墘路與內湖路1段口引道口,0,0,1,3,H02,8,6,5,50,3,2,1,5,4,5,13,2,1,3,4,5,2,17,2,70,3,10,7,5,7,21,8,20,10,16,,126,,1,21,121.5767486,25.07907949
113,4,12,17,25,2,12內湖區,內湖區陽光街與陽光街68巷152弄口,0,0,1,1,C03,8,5,5,50,3,1,1,5,4,5,13,4,4,4,3,5,1,16,1,63,2,9,3,4,7,5,1,10,1,12,,8,,1,21,121.583015,25.07500705
113,4,12,17,25,2,12內湖區,內湖區陽光街與陽光街68巷152弄口,0,0,1,2,B03,8,5,5,50,3,1,1,5,4,5,13,4,4,4,3,5,1,16,1,30,3,10,3,4,7,9,1,8,1,1,,44,,1,22,121.583015,25.07500705
113,4,12,17,38,2,03中山區,中山區南京東路3段77號與南京東路3段89巷口,0,0,1,1,B03,7,7,5,50,3,2,1,5,4,5,13,4,4,3,4,4,2,16,1,27,3,10,7,1,7,6,1,8,1,8,,17,,1,22,121.5389351,25.0520455
113,4,12,17,38,2,03中山區,中山區南京東路3段77號與南京東路3段89巷口,0,0,1,2,C03,7,7,5,50,3,2,1,5,4,5,13,4,4,3,4,4,2,16,2,61,2,9,6,1,7,6,1,10,1,12,,16,,1,22,121.5389351,25.0520455
113,4,12,17,54,2,12內湖區,內湖區金豐街與金莊路口,0,0,1,1,B03,8,5,5,50,4,1,1,5,4,5,13,2,1,5,5,5,2,1,1,61,3,10,7,1,7,5,1,8,2,1,,70,,1,21,121.5876909,25.0653477
113,4,12,17,54,2,12內湖區,內湖區金豐街與金莊路口,0,0,1,2,H01,8,5,5,50,4,1,1,5,4,5,13,2,1,5,5,5,2,1,2,33,2,9,4,5,8,16,8,20,10,16,,67,,1,21,121.5876909,25.0653477
113,4,12,18,20,2,10文山區,文山區和平東路4段與萬美街1段口口,0,0,1,1,C03,8,5,5,40,3,1,1,5,4,5,13,2,1,5,5,5,2,13,2,33,3,10,5,1,7,6,1,10,1,11,,71,,1,21,121.5718633,25.0024799
113,4,12,18,20,2,10文山區,文山區和平東路4段與萬美街1段口口,0,0,1,2,C04,8,5,5,40,3,1,1,5,4,5,13,2,1,5,5,5,2,13,2,40,2,9,5,1,7,9,1,8,1,13,,44,,1,21,121.5718633,25.0024799
113,4,12,18,36,2,05中正區,中正區博愛路與貴陽街1段口,0,0,1,1,B03,8,5,5,50,4,1,1,5,4,5,13,1,1,9,4,5,1,17,1,23,3,10,7,1,7,5,1,8,2,5,,8,,1,22,121.5111735,25.038953
113,4,12,18,36,2,05中正區,中正區博愛路與貴陽街1段口,0,0,1,2,C03,8,5,5,50,4,1,1,5,4,5,13,1,1,9,4,5,1,17,2,27,2,3,6,1,7,9,1,10,2,11,,44,,1,22,121.5111735,25.038953
113,4,12,18,39,2,08士林區,士林區文林北路5巷與文林北路5巷口法官學院,0,0,1,1,F01,8,5,5,30,5,1,1,5,4,5,13,4,4,5,5,5,1,17,2,56,2,9,4,1,7,5,8,20,1,14,,74,,1,21,121.5178223,25.1000078
113,4,12,18,39,2,08士林區,士林區文林北路5巷與文林北路5巷口法官學院,0,0,1,2,C03,8,5,5,30,5,1,1,5,4,5,13,4,4,5,5,5,1,17,2,21,3,10,5,1,7,9,1,10,1,11,,14,,1,21,121.5178223,25.1000078
113,4,12,18,50,2,03中山區,中山區民權東路1段與民權東路口側附近1段12巷口,0,0,1,1,C03,7,5,5,40,3,2,2,5,4,5,13,4,4,1,4,4,2,13,2,30,2,8,3,4,7,9,1,10,1,11,,16,,1,21,121.5234224,25.0626401
113,4,12,18,50,2,03中山區,中山區民權東路1段與民權東路口側附近1段12巷口,0,0,1,2,C03,7,5,5,40,3,2,2,5,4,5,13,4,4,1,4,4,2,13,1,40,3,10,3,4,7,12,1,10,1,13,,44,,1,21,121.5234224,25.0626401
113,4,12,18,57,2,03中山區,中山區農安街124號,0,0,1,1,B02,8,5,5,50,14,9,1,5,4,5,13,4,4,9,5,5,2,17,1,46,3,10,3,4,7,14,1,4,2,8,,40,,1,21,121.5312934,25.0646944
113,4,12,18,57,2,03中山區,中山區農安街124號,0,0,1,2,C03,8,5,5,50,14,9,1,5,4,5,13,4,4,9,5,5,2,17,2,56,2,9,3,4,7,9,1,10,2,11,,44,,1,21,121.5312934,25.0646944
113,4,12,19,18,2,09北投區,北投區泉源路75號前,0,0,1,1,B03,7,5,5,40,22,9,1,5,4,5,13,4,4,10,5,5,2,17,1,43,3,10,7,1,7,5,1,8,1,5,,8,,1,21,121.5196557,25.1434148
113,4,12,19,18,2,09北投區,北投區泉源路75號前,0,0,1,2,F01,7,5,5,40,22,9,1,5,4,5,13,4,4,10,5,5,2,17,1,38,2,8,4,1,7,9,8,20,1,11,,44,,1,21,121.5196557,25.1434148
113,4,12,19,32,2,06松山區,松山區民權東路5段32號,0,0,2,1,B03,8,5,5,50,14,9,1,5,4,5,13,4,4,3,4,5,2,16,2,26,3,10,3,4,7,6,1,8,1,5,,9,,1,22,121.5644876,25.06295873
113,4,12,19,32,2,06松山區,松山區民權東路5段32號,0,0,2,2,C03,8,5,5,50,14,9,1,5,4,5,13,4,4,3,4,5,2,16,2,18,2,9,6,4,7,9,1,10,1,14,,14,,1,22,121.5644876,25.06295873
113,4,12,19,32,2,06松山區,松山區民權東路5段32號,0,0,2,3,H02,8,5,5,50,14,9,1,5,4,5,13,4,4,3,4,5,2,16,2,18,2,9,6,5,7,20,8,20,10,16,,67,,1,22,121.5644876,25.06295873
113,4,12,19,55,2,10文山區,文山區興隆路4段與興隆路4段66巷口,0,0,1,1,C03,7,6,5,50,4,1,1,5,4,5,13,4,4,10,5,5,2,15,2,33,2,8,6,1,7,9,1,10,1,11,,4,,1,21,121.5614588,24.9849654
113,4,12,19,55,2,10文山區,文山區興隆路4段與興隆路4段66巷口,0,0,1,2,C03,7,6,5,50,4,1,1,5,4,5,13,4,4,10,5,5,2,15,1,57,3,10,6,1,7,9,1,10,1,12,,44,,1,21,121.5614588,24.9849654
113,4,12,20,0,2,03中山區,中山區市民大道2段與天津街口,0,0,2,1,C03,8,5,5,40,4,1,1,5,4,5,13,1,1,2,4,5,2,17,2,23,2,9,3,4,7,6,1,10,1,11,,9,,1,21,121.5224343,25.048039
113,4,12,20,0,2,03中山區,中山區市民大道2段與天津街口,0,0,2,2,C03,8,5,5,40,4,1,1,5,4,5,13,1,1,2,4,5,2,17,1,29,2,8,3,4,7,6,1,10,1,12,,44,,1,21,121.5224343,25.048039
113,4,12,20,41,2,01大同區,大同區民權西路與蘭州街口,0,0,2,1,C03,7,6,5,50,4,1,1,5,4,5,13,2,1,1,4,5,2,13,2,59,3,10,5,4,7,1,1,10,1,17,,19,,1,21,121.5140424,25.0627391
113,4,12,20,41,2,01大同區,大同區民權西路與蘭州街口,0,0,2,2,C03,7,6,5,50,4,1,1,5,4,5,13,2,1,1,4,5,2,13,2,42,2,9,5,4,7,9,1,10,1,13,,107,,1,21,121.5140424,25.0627391
113,4,12,20,41,2,01大同區,大同區民權西路與蘭州街口,0,0,2,3,C03,7,6,5,50,4,1,1,5,4,5,13,2,1,1,4,5,2,13,2,18,2,9,5,4,7,9,1,10,1,11,,44,,1,21,121.5140424,25.0627391
113,4,12,20,42,2,06松山區,松山區南京東路5段66巷與南京東路5段66巷12弄口,0,0,1,1,C03,8,5,5,30,3,2,1,5,4,5,13,4,4,9,5,5,2,16,1,65,2,8,5,4,7,5,1,10,1,12,,72,,1,21,121.5608141,25.0504552
113,4,12,20,42,2,06松山區,松山區南京東路5段66巷與南京東路5段66巷12弄口,0,0,1,2,B03,8,5,5,30,3,2,1,5,4,5,13,4,4,9,5,5,2,16,1,38,3,10,7,4,7,9,1,8,1,1,,14,,1,21,121.5608141,25.0504552
113,4,12,20,42,2,06松山區,松山區南京東路5段66巷與南京東路5段66巷12弄口,0,0,1,3,H02,8,5,5,30,3,2,1,5,4,5,13,4,4,9,5,5,2,16,2,64,3,10,5,5,7,20,8,20,10,16,,67,,1,21,121.5608141,25.0504552
113,4,12,21,0,2,04大安區,大安區基隆路2段172號,0,0,1,1,C03,8,5,5,50,14,9,1,5,4,5,13,4,4,1,4,5,2,13,2,30,2,9,3,4,7,9,1,10,1,11,,108,,1,22,121.5556324,25.0264556
113,4,12,21,0,2,04大安區,大安區基隆路2段172號,0,0,1,2,B01,8,5,5,50,14,9,1,5,4,5,13,4,4,1,4,5,2,13,1,67,3,10,3,4,7,14,1,8,1,6,,44,,1,22,121.5556324,25.0264556
113,4,12,21,13,2,11南港區,南港區南港路2段與南港路2段178巷口,0,0,2,1,C03,8,5,5,50,4,1,1,5,4,5,13,1,1,4,3,4,2,13,1,18,2,7,6,1,7,9,1,10,1,11,,16,,1,22,121.5996126,25.0535606
113,4,12,21,13,2,11南港區,南港區南港路2段與南港路2段178巷口,0,0,2,2,C03,8,5,5,50,4,1,1,5,4,5,13,1,1,4,3,4,2,13,2,45,2,9,6,1,7,12,1,10,1,13,,44,,1,21,121.5996126,25.0535606
113,4,12,22,21,2,04大安區,大安區復興南路1段204號,0,0,2,1,B01,8,5,5,50,14,9,1,5,4,5,13,4,4,1,4,5,1,12,1,56,3,10,3,4,7,4,1,4,2,6,,17,,1,21,121.5436386,25.0395996
113,4,12,22,21,2,04大安區,大安區復興南路1段204號,0,0,2,2,C03,8,5,5,50,14,9,1,5,4,5,13,4,4,1,4,5,1,12,1,20,2,9,3,4,7,9,3,18,2,14,,44,,1,21,121.5436386,25.0395996
113,4,12,22,21,2,04大安區,大安區復興南路1段204號,0,0,2,3,H02,8,5,5,50,14,9,1,5,4,5,13,4,4,1,4,5,1,12,1,30,2,9,3,5,7,20,8,20,10,16,,67,,1,21,121.5436386,25.0395996
113,4,12,22,33,2,03中山區,中山區圓山河濱公園,0,0,1,1,F01,7,5,5,0,11,23,1,5,4,5,13,4,4,9,5,5,2,17,2,28,3,10,3,4,7,9,8,20,1,17,,44,,1,21,121.5274435,25.07646023
113,4,12,22,33,2,03中山區,中山區圓山河濱公園,0,0,1,2,F01,7,5,5,0,11,23,1,5,4,5,13,4,4,9,5,5,2,17,1,37,2,8,3,4,7,10,8,20,1,17,,103,,1,21,121.5274435,25.07646023
113,4,12,23,25,2,10文山區,文山區興隆路3段317號對面,0,0,1,1,C03,8,5,5,50,14,9,1,5,4,5,13,4,4,1,4,5,2,17,1,19,2,9,5,1,7,9,1,10,11,12,,108,,1,25,121.5586767,24.99163445
113,4,12,23,25,2,10文山區,文山區興隆路3段317號對面,0,0,1,2,B03,8,5,5,50,14,9,1,5,4,5,13,4,4,1,4,5,2,17,1,39,4,11,7,4,7,13,7,19,11,15,,44,,1,22,121.5586767,24.99163445
113,4,12,23,29,2,04大安區,大安區敦化南路1段187巷與忠孝東路4段205巷口,0,0,2,1,F01,8,7,5,30,4,2,1,5,4,5,13,4,4,10,5,5,2,15,2,56,2,9,3,4,7,9,8,20,1,12,,86,,1,21,121.5519412,25.0425562
113,4,12,23,29,2,04大安區,大安區敦化南路1段187巷與忠孝東路4段205巷口,0,0,2,2,B01,8,7,5,30,4,2,1,5,4,5,13,4,4,10,5,5,2,15,1,68,3,10,3,4,7,9,1,4,1,1,,108,,1,21,121.5519412,25.0425562
113,4,12,23,29,2,04大安區,大安區敦化南路1段187巷與忠孝東路4段205巷口,0,0,2,3,H02,8,7,5,30,4,2,1,5,4,5,13,4,4,10,5,5,2,15,2,23,2,9,4,5,8,20,8,20,10,16,,67,,1,21,121.5519412,25.0425562
113,4,12,23,54,2,04大安區,大安區和平東路2段與復興南路2段口,0,0,2,1,C03,8,5,5,50,4,1,1,5,4,5,13,2,1,1,4,5,1,12,1,53,2,9,3,4,7,8,1,10,1,13,,100,,1,21,121.5434909,25.0247699
113,4,12,23,54,2,04大安區,大安區和平東路2段與復興南路2段口,0,0,2,2,C03,8,5,5,50,4,1,1,5,4,5,13,2,1,1,4,5,1,12,1,20,2,9,3,4,7,9,1,10,1,11,,44,,1,21,121.5434909,25.0247699
113,4,13,3,1,2,03中山區,中山區中山北路2段與長春路口,0,0,1,1,B01,8,5,5,50,4,1,1,5,4,5,13,1,1,8,4,5,2,16,1,50,3,10,7,1,7,5,1,4,1,5,,71,,1,21,121.5228017,25.0549707
113,4,13,3,1,2,03中山區,中山區中山北路2段與長春路口,0,0,1,2,C03,8,5,5,50,4,1,1,5,4,5,13,1,1,8,4,5,2,16,2,22,2,9,6,1,7,9,1,10,1,11,,44,,1,21,121.5228017,25.0549707
113,4,13,7,22,2,01大同區,大同區民生西路與民生西路423巷口,0,0,1,1,C03,7,6,5,50,4,2,1,5,4,5,13,1,1,5,2,5,2,17,2,75,2,8,5,1,7,5,1,10,2,14,,8,,1,21,121.5089904,25.0569126
113,4,13,7,22,2,01大同區,大同區民生西路與民生西路423巷口,0,0,1,2,B03,7,6,5,50,4,2,1,5,4,5,13,1,1,5,2,5,2,17,2,22,3,10,7,1,7,9,1,8,2,5,,44,,1,21,121.5089904,25.0569126
113,4,13,7,34,2,07信義區,信義區永吉路512號,0,0,1,1,B02,8,6,5,50,14,9,1,5,4,5,13,4,4,1,4,4,2,13,1,40,2,7,7,1,7,9,1,2,1,8,,16,,1,21,121.5800498,25.0453095
113,4,13,7,34,2,07信義區,信義區永吉路512號,0,0,1,2,B02,8,6,5,50,14,9,1,5,4,5,13,4,4,1,4,4,2,13,1,37,3,10,7,1,7,14,1,4,1,7,,44,,1,21,121.5800498,25.0453095
113,4,13,7,48,2,02萬華區,萬華區和平西路3段與南寧路口,0,0,1,1,B03,8,6,5,50,5,1,1,5,4,5,13,1,1,8,3,5,1,17,1,22,3,10,7,1,7,15,1,8,1,2,,86,,1,21,121.5032699,25.035117
113,4,13,7,48,2,02萬華區,萬華區和平西路3段與南寧路口,0,0,1,2,C03,8,6,5,50,5,1,1,5,4,5,13,1,1,8,3,5,1,17,1,56,2,5,5,1,7,15,1,10,1,14,,44,,1,21,121.5032699,25.035117
113,4,13,8,17,2,05中正區,中正區重慶南路1段與貴陽街1段口,0,0,2,1,C03,8,5,5,50,4,2,1,5,4,5,13,1,1,5,4,5,2,13,2,39,2,8,5,1,7,9,1,10,1,11,,108,,1,21,121.5127042,25.0387763
113,4,13,8,17,2,05中正區,中正區重慶南路1段與貴陽街1段口,0,0,2,2,C03,8,5,5,50,4,2,1,5,4,5,13,1,1,5,4,5,2,13,2,54,2,9,5,1,7,14,1,10,1,13,,44,,1,21,121.5127042,25.0387763
113,4,13,8,18,2,02萬華區,萬華區西園路2段11巷與西園路2段13巷口,0,0,3,1,C03,8,7,5,30,4,1,1,5,4,5,13,4,4,9,5,5,2,15,1,39,2,9,5,1,7,9,1,10,1,14,,44,,1,21,121.4981523,25.0322507
113,4,13,8,18,2,02萬華區,萬華區西園路2段11巷與西園路2段13巷口,0,0,3,2,C03,8,7,5,30,4,1,1,5,4,5,13,4,4,9,5,5,2,15,2,44,2,9,5,1,7,9,1,10,1,11,,14,,1,21,121.4981523,25.0322507
113,4,13,8,18,2,02萬華區,萬華區西園路2段11巷與西園路2段13巷口,0,0,3,3,H02,8,7,5,30,4,1,1,5,4,5,13,4,4,9,5,5,2,15,2,42,2,9,5,5,7,20,8,20,10,16,,67,,1,21,121.4981523,25.0322507
113,4,13,9,0,2,10文山區,文山區興隆路2段203巷與興隆路2段153巷6弄口口,0,0,2,1,C03,8,6,5,30,4,1,1,5,4,5,10,3,1,10,5,5,2,15,1,40,3,10,5,1,7,9,1,10,2,11,,80,,1,21,121.5486914,25.0019093
113,4,13,9,0,2,10文山區,文山區興隆路2段203巷與興隆路2段153巷6弄口口,0,0,2,2,C03,8,6,5,30,4,1,1,5,4,5,10,3,1,10,5,5,2,15,2,36,2,9,5,1,7,9,1,10,2,14,,44,,1,21,121.5486914,25.0019093
113,4,13,9,0,2,10文山區,文山區興隆路2段203巷與興隆路2段153巷6弄口口,0,0,2,3,H02,8,6,5,30,4,1,1,5,4,5,10,3,1,10,5,5,2,15,2,9,2,8,4,5,7,20,8,20,10,16,,67,,1,14,121.5486914,25.0019093
113,4,13,9,8,2,02萬華區,萬華區萬大路與民和街口,0,0,1,1,C03,8,6,5,30,4,1,4,5,4,5,13,2,1,9,5,5,2,15,1,47,3,10,5,1,7,9,3,18,1,12,,85,,1,26,121.5004761,25.02635255
113,4,13,9,8,2,02萬華區,萬華區萬大路與民和街口,0,0,1,2,C03,8,6,5,30,4,1,4,5,4,5,13,2,1,9,5,5,2,15,2,67,2,9,5,1,7,9,1,10,1,11,,44,,1,21,121.5004761,25.02635255
113,4,13,9,14,2,08士林區,士林區中山北路5段與中正路口,0,0,1,1,C03,8,5,8,50,4,2,1,5,4,5,13,2,1,1,4,4,1,17,1,18,2,9,5,1,7,7,1,10,1,14,,100,,1,21,121.5282273,25.0958771
113,4,13,9,14,2,08士林區,士林區中山北路5段與中正路口,0,0,1,2,B03,8,5,8,50,4,2,1,5,4,5,13,2,1,1,4,4,1,17,1,39,3,10,7,1,7,9,1,8,1,2,,44,,1,21,121.5282273,25.0958771
113,4,13,9,42,2,03中山區,中山區建國北路1段與南京東路3段口,0,0,1,1,C03,8,6,5,50,4,1,1,5,4,5,13,2,1,10,4,5,2,16,2,24,2,9,6,1,7,9,1,10,1,14,,81,,1,21,121.5371049,25.0518676
113,4,13,9,42,2,03中山區,中山區建國北路1段與南京東路3段口,0,0,1,2,B03,8,6,5,50,4,1,1,5,4,5,13,2,1,10,4,5,2,16,1,71,3,10,7,1,7,6,1,8,1,5,,71,,1,21,121.5371049,25.0518676
113,4,13,9,43,2,04大安區,大安區忠孝東路4段與大安路1段口頂好市場公車站,0,0,1,1,A04,8,6,5,50,14,9,1,5,4,5,13,4,4,1,4,5,2,9,1,55,3,10,7,1,7,15,1,1,2,17,,36,,1,21,121.546537,25.04174449
113,4,13,9,43,2,04大安區,大安區忠孝東路4段與大安路1段口頂好市場公車站,0,0,1,2,H02,8,6,5,50,14,9,1,5,4,5,13,4,4,1,4,5,2,9,2,80,2,8,4,5,7,20,8,20,10,16,,67,,1,21,121.546537,25.04174449
113,4,13,9,55,2,09北投區,北投區大度路3段與聖景路口,0,0,1,1,B03,8,6,5,50,4,1,1,5,4,5,13,1,1,1,4,5,1,17,1,65,3,10,7,1,7,6,1,8,1,5,,9,,1,21,121.4642552,25.12376382
113,4,13,9,55,2,09北投區,北投區大度路3段與聖景路口,0,0,1,2,C03,8,6,5,50,4,1,1,5,4,5,13,1,1,1,4,5,1,17,1,50,2,9,5,1,7,9,1,10,1,12,,13,,1,21,121.4642552,25.12376382
113,4,13,9,58,2,05中正區,中正區南昌路2段94號,0,0,1,1,B03,8,6,5,50,14,9,1,5,4,5,13,4,4,9,5,5,1,17,1,42,3,10,7,1,7,11,1,8,1,5,,10,,1,21,121.5218257,25.0262331
113,4,13,9,58,2,05中正區,中正區南昌路2段94號,0,0,1,2,C03,8,6,5,50,14,9,1,5,4,5,13,4,4,9,5,5,1,17,1,30,2,8,6,1,7,9,1,10,1,11,,44,,1,21,121.5218257,25.0262331
113,4,13,10,35,2,02萬華區,萬華區桂林路246巷與桂林路244巷55弄口,0,0,1,1,C03,8,5,5,30,3,2,1,5,4,5,13,1,1,10,4,4,2,13,1,41,3,10,5,4,7,9,1,10,1,11,,16,,1,21,121.4926149,25.03697353
113,4,13,10,35,2,02萬華區,萬華區桂林路246巷與桂林路244巷55弄口,0,0,1,2,C03,8,5,5,30,3,2,1,5,4,5,13,1,1,10,4,4,2,13,2,25,2,8,5,4,7,14,1,10,1,13,,44,,1,21,121.4926149,25.03697353
113,4,13,11,10,2,09北投區,北投區中和街與大業路口,0,0,1,1,B01,8,6,5,50,4,1,1,5,4,5,13,4,4,5,5,5,2,17,1,65,3,10,7,1,7,11,1,4,1,1,,42,,1,21,121.5032093,25.1376298
113,4,13,11,10,2,09北投區,北投區中和街與大業路口,0,0,1,2,C03,8,6,5,50,4,1,1,5,4,5,13,4,4,5,5,5,2,17,2,48,2,9,5,1,7,14,1,10,1,13,,44,,1,21,121.5032093,25.1376298
113,4,13,11,58,2,12內湖區,內湖區內湖路1段港墘捷運站2號出口,0,0,1,1,B03,8,7,5,50,14,7,1,5,4,5,13,4,4,1,4,4,2,17,2,31,3,10,7,1,7,1,1,8,1,7,,19,,1,21,121.5749738,25.08006445
113,4,13,11,58,2,12內湖區,內湖區內湖路1段港墘捷運站2號出口,0,0,1,2,C03,8,7,5,50,14,7,1,5,4,5,13,4,4,1,4,4,2,17,1,23,2,9,5,1,7,9,1,10,1,11,,108,,1,21,121.5749738,25.08006445
113,4,13,12,28,2,05中正區,中正區汀州路2段60號,0,0,2,1,C03,8,6,5,50,14,9,1,5,4,5,13,4,4,9,4,5,2,16,2,62,2,9,5,1,7,1,1,10,1,14,,19,,1,21,121.5181883,25.0252423
113,4,13,12,28,2,05中正區,中正區汀州路2段60號,0,0,2,2,C03,8,6,5,50,14,9,1,5,4,5,13,4,4,9,4,5,2,16,2,43,2,9,5,1,7,9,1,10,1,11,,44,,1,21,121.5181883,25.0252423
113,4,13,12,28,2,05中正區,中正區汀州路2段60號,0,0,2,3,H02,8,6,5,50,14,9,1,5,4,5,13,4,4,9,4,5,2,16,2,15,4,11,5,5,7,20,8,20,10,16,,67,,1,16,121.5181883,25.0252423
113,4,13,12,30,2,04大安區,大安區忠孝東路3段與忠孝東路3段217巷口,0,0,1,1,B03,8,5,5,50,3,2,1,5,4,5,13,2,1,1,4,5,2,16,1,46,3,10,7,1,7,6,1,8,1,2,,9,,1,21,121.5397442,25.041771
113,4,13,12,30,2,04大安區,大安區忠孝東路3段與忠孝東路3段217巷口,0,0,1,2,C03,8,5,5,50,3,2,1,5,4,5,13,2,1,1,4,5,2,16,1,22,2,9,6,1,7,9,1,10,1,11,,44,,1,21,121.5397442,25.041771
113,4,13,12,42,2,06松山區,松山區光復北路與民生東路4段口,0,0,1,1,B03,8,5,5,50,4,1,1,5,4,5,13,2,1,3,4,5,2,17,1,45,3,10,7,1,7,5,1,8,1,2,,71,,1,21,121.5552288,25.0583116
113,4,13,12,42,2,06松山區,松山區光復北路與民生東路4段口,0,0,1,2,C03,8,5,5,50,4,1,1,5,4,5,13,2,1,3,4,5,2,17,2,37,2,7,6,1,7,9,1,10,1,11,,44,,1,21,121.5552288,25.0583116
113,4,13,12,48,2,01大同區,大同區萬全街與民生西路171巷口,0,0,1,1,B03,8,7,5,30,4,1,1,5,4,5,13,4,4,10,5,5,2,15,2,42,3,10,7,1,7,9,1,8,1,5,,72,,1,21,121.5167055,25.0579719
113,4,13,12,48,2,01大同區,大同區萬全街與民生西路171巷口,0,0,1,2,C03,8,7,5,30,4,1,1,5,4,5,13,4,4,10,5,5,2,15,1,43,2,9,6,1,7,9,1,10,1,12,,14,,1,21,121.5167055,25.0579719
113,4,13,12,49,2,04大安區,大安區仁愛路4段與敦化南路口側附近1段口,0,0,1,1,C03,8,7,5,50,5,2,1,5,4,5,13,1,1,10,3,5,2,17,2,30,2,9,5,1,7,6,1,10,1,14,,80,,1,21,121.5490744,25.0388487
113,4,13,12,49,2,04大安區,大安區仁愛路4段與敦化南路口側附近1段口,0,0,1,2,B03,8,7,5,50,5,2,1,5,4,5,13,1,1,10,3,5,2,17,1,45,3,10,7,1,7,9,1,8,1,2,,44,,1,21,121.5490744,25.0388487
113,4,13,13,19,2,02萬華區,萬華區武成街與武成街101巷口,0,0,1,1,C03,8,5,5,30,4,1,1,5,4,5,13,4,4,10,5,5,2,17,1,25,3,10,5,4,7,9,1,10,1,14,,14,,1,21,121.4944669,25.01940512
113,4,13,13,19,2,02萬華區,萬華區武成街與武成街101巷口,0,0,1,2,C03,8,5,5,30,4,1,1,5,4,5,13,4,4,10,5,5,2,17,2,40,2,9,5,4,7,9,1,10,1,11,,44,,1,21,121.4944669,25.01940512