發生年度,發生月,發生日,發生時-Hours,發生分,處理別-編號,區序,肇事地點,死亡人數,2-30日死亡人數,受傷人數,當事人序號,車種,天候,道路照明設備,道路類別,速限-速度限制,道路型態,事故位置,路面狀況1,路面狀況2,路面狀況3,道路障礙1,道路障礙2,號誌1,號誌2,車道劃分-分向,車道劃分-分道1,車道劃分-分道2,車道劃分-分道3,事故類型及型態,性別,年齡,受傷程度,主要傷處,保護裝置,行動電話,車輛用途,當事者行動狀態,駕駛資格情形,駕駛執照種類,飲酒情形,車輛撞擊部位1,車輛撞擊部位2,肇因碼-個別,肇因碼-主要,個人肇逃否,職業,座標-X,座標-Y
113,4,13,13,41,2,06松山區,松山區復興北路499巷與復興北路499巷2弄口,0,0,2,1,C03,8,7,5,30,4,2,1,5,4,3,10,4,4,10,5,5,2,17,1,21,2,8,6,1,7,6,1,9,1,11,,74,,1,21,121.5449618,25.0656102
113,4,13,13,41,2,06松山區,松山區復興北路499巷與復興北路499巷2弄口,0,0,2,2,B01,8,7,5,30,4,2,1,5,4,3,10,4,4,10,5,5,2,17,1,49,3,10,7,1,7,9,1,4,1,5,,42,,1,21,121.5449618,25.0656102
113,4,13,13,41,2,06松山區,松山區復興北路499巷與復興北路499巷2弄口,0,0,2,3,H02,8,7,5,30,4,2,1,5,4,3,10,4,4,10,5,5,2,17,2,20,2,8,7,5,7,20,8,20,10,16,,67,,1,21,121.5449618,25.0656102
113,4,13,13,41,2,06松山區,松山區復興北路499巷與復興北路499巷2弄口,0,0,2,4,B12,8,7,5,30,4,2,1,5,4,3,10,4,4,10,5,5,2,17,3,0,,,,,,,,,,,,67,,1,,121.5449618,25.0656102
113,4,13,14,0,2,02萬華區,萬華區西寧南路與西寧南路50巷口,0,0,1,1,C03,7,7,5,50,4,1,1,5,4,5,13,4,4,10,4,5,2,13,2,33,2,9,5,1,7,9,1,10,1,11,,108,,1,21,121.5063832,25.0442726
113,4,13,14,0,2,02萬華區,萬華區西寧南路與西寧南路50巷口,0,0,1,2,B03,7,7,5,50,4,1,1,5,4,5,13,4,4,10,4,5,2,13,1,47,3,10,7,1,7,14,1,8,1,4,,44,,1,21,121.5063832,25.0442726
113,4,13,14,0,2,02萬華區,萬華區西寧南路與西寧南路50巷口,0,0,1,3,B01,7,7,5,50,4,1,1,5,4,5,13,4,4,10,4,5,2,13,1,49,3,10,7,1,7,14,1,8,1,4,,44,,1,21,121.5063832,25.0442726
113,4,13,14,0,2,03中山區,中山區中山北路3段與民族西路口,0,0,3,1,C03,8,7,5,50,4,1,1,5,4,5,13,2,1,5,4,5,2,16,1,19,2,8,6,4,7,6,1,10,2,12,,9,,1,21,121.5226059,25.06840521
113,4,13,14,0,2,03中山區,中山區中山北路3段與民族西路口,0,0,3,2,C03,8,7,5,50,4,1,1,5,4,5,13,2,1,5,4,5,2,16,2,37,2,9,6,4,7,9,1,10,2,14,,44,,1,21,121.5226059,25.06840521
113,4,13,14,0,2,03中山區,中山區中山北路3段與民族西路口,0,0,3,3,H02,8,7,5,50,4,1,1,5,4,5,13,2,1,5,4,5,2,16,2,66,2,9,6,5,7,20,8,20,10,16,,67,,1,21,121.5226059,25.06840521
113,4,13,14,20,2,08士林區,士林區劍潭路與基河路口,0,0,1,1,B03,8,7,5,50,4,1,1,5,4,5,13,2,1,1,4,5,2,16,2,43,3,10,7,1,7,5,1,8,2,6,,8,,1,21,121.5247185,25.0841161
113,4,13,14,20,2,08士林區,士林區劍潭路與基河路口,0,0,1,2,C03,8,7,5,50,4,1,1,5,4,5,13,2,1,1,4,5,2,16,1,24,2,9,6,1,7,9,1,10,2,11,,44,,1,21,121.5247185,25.0841161
113,4,13,14,22,2,10文山區,文山區木新路2段299巷與木新路3段45巷7弄口,0,0,1,1,C03,8,6,5,30,4,1,1,5,4,5,13,4,4,10,5,5,2,15,2,46,2,9,3,4,7,9,1,10,2,12,,14,,1,21,121.5654813,24.9823268
113,4,13,14,22,2,10文山區,文山區木新路2段299巷與木新路3段45巷7弄口,0,0,1,2,B03,8,6,5,30,4,1,1,5,4,5,13,4,4,10,5,5,2,15,2,74,3,10,3,4,7,9,1,8,2,8,,14,,1,21,121.5654813,24.9823268
113,4,13,14,22,2,10文山區,文山區木新路2段299巷與木新路3段45巷7弄口,0,0,1,3,C03,8,6,5,30,4,1,1,5,4,5,13,4,4,10,5,5,2,15,1,21,3,10,3,4,7,13,1,10,9,14,,44,,1,21,121.5654813,24.9823268
113,4,13,14,22,2,10文山區,文山區木新路2段299巷與木新路3段45巷7弄口,0,0,1,4,C04,8,6,5,30,4,1,1,5,4,5,13,4,4,10,5,5,2,15,1,62,3,10,3,4,7,13,1,10,9,14,,44,,1,21,121.5654813,24.9823268
113,4,13,14,22,2,10文山區,文山區木新路2段299巷與木新路3段45巷7弄口,0,0,1,5,C03,8,6,5,30,4,1,1,5,4,5,13,4,4,10,5,5,2,15,1,75,3,10,3,4,7,13,1,10,9,14,,44,,1,21,121.5654813,24.9823268
113,4,13,14,26,2,01大同區,大同區民權西路與民權西路225巷口,0,0,1,1,C03,8,7,5,50,3,2,1,5,4,5,13,2,1,1,4,5,2,17,2,46,3,10,3,4,7,5,1,10,1,14,,8,,1,21,121.5124699,25.0629659
113,4,13,14,26,2,01大同區,大同區民權西路與民權西路225巷口,0,0,1,2,C03,8,7,5,50,3,2,1,5,4,5,13,2,1,1,4,5,2,17,1,38,2,7,3,4,7,9,1,10,1,12,,44,,1,21,121.5124699,25.0629659
113,4,13,14,43,2,03中山區,中山區農安街1巷6號與農安街1巷口,0,0,1,1,B03,8,7,5,30,14,9,1,5,4,5,13,4,4,10,4,5,2,17,2,35,3,10,7,1,7,6,1,8,1,17,,9,,1,21,121.5228944,25.06558077
113,4,13,14,43,2,03中山區,中山區農安街1巷6號與農安街1巷口,0,0,1,2,C03,8,7,5,30,14,9,1,5,4,5,13,4,4,10,4,5,2,17,2,23,2,9,6,1,7,9,1,10,1,17,,13,,1,21,121.5228944,25.06558077
113,4,13,14,50,2,11南港區,南港區研究院路3段與研究院路3段20巷口口,0,0,1,1,B03,7,6,5,50,3,1,1,5,4,5,13,1,1,5,5,5,2,16,1,40,3,10,3,4,7,6,1,8,1,2,,9,,1,21,121.6157178,25.0347585
113,4,13,14,50,2,11南港區,南港區研究院路3段與研究院路3段20巷口口,0,0,1,2,C03,7,6,5,50,3,1,1,5,4,5,13,1,1,5,5,5,2,16,1,56,2,9,3,4,7,9,1,10,1,14,,44,,1,21,121.6157178,25.0347585
113,4,13,15,11,2,05中正區,中正區市民大道2段與長安東路1段30巷口,0,0,3,1,C03,8,6,5,40,3,1,1,5,4,5,13,3,1,1,4,5,2,12,1,28,2,7,6,1,7,9,1,10,2,14,,108,,1,21,121.5258007,25.0473384
113,4,13,15,11,2,05中正區,中正區市民大道2段與長安東路1段30巷口,0,0,3,2,C03,8,6,5,40,3,1,1,5,4,5,13,3,1,1,4,5,2,12,1,26,2,9,6,1,7,8,1,10,2,12,,100,,1,21,121.5258007,25.0473384
113,4,13,15,11,2,05中正區,中正區市民大道2段與長安東路1段30巷口,0,0,3,3,H02,8,6,5,40,3,1,1,5,4,5,13,3,1,1,4,5,2,12,2,19,2,9,6,5,7,20,8,20,10,16,,67,,1,21,121.5258007,25.0473384
113,4,13,15,11,2,06松山區,松山區南京東路5段250巷與八德路4段295巷18弄口,0,0,1,1,B02,8,6,5,30,4,1,1,5,4,5,13,4,4,10,5,5,2,15,1,69,3,10,7,4,7,9,1,8,1,8,,14,,1,21,121.5661639,25.0496059
113,4,13,15,11,2,06松山區,松山區南京東路5段250巷與八德路4段295巷18弄口,0,0,1,2,C03,8,6,5,30,4,1,1,5,4,5,13,4,4,10,5,5,2,15,2,25,2,9,6,4,7,9,1,10,1,11,,80,,1,21,121.5661639,25.0496059
113,4,13,16,0,2,08士林區,士林區文昌路與中正路口,0,0,1,1,B12,8,7,5,50,4,1,1,5,4,5,13,2,1,1,4,1,2,16,1,75,3,10,7,1,7,6,1,8,1,5,,17,,1,21,121.5217531,25.0944967
113,4,13,16,0,2,08士林區,士林區文昌路與中正路口,0,0,1,2,C03,8,7,5,50,4,1,1,5,4,5,13,2,1,1,4,1,2,16,2,62,2,9,6,1,7,6,1,10,1,14,,17,,1,21,121.5217531,25.0944967
113,4,13,16,7,2,09北投區,北投區懷德街與東華街1段400巷口,0,0,1,1,B01,8,6,5,50,3,1,1,5,4,5,13,1,1,5,4,5,2,1,1,51,3,10,7,1,7,6,1,4,2,5,,70,,1,21,121.5193387,25.1111566
113,4,13,16,7,2,09北投區,北投區懷德街與東華街1段400巷口,0,0,1,2,H01,8,6,5,50,3,1,1,5,4,5,13,1,1,5,4,5,2,1,2,55,2,9,4,5,8,16,8,20,10,16,,67,,1,21,121.5193387,25.1111566
113,4,13,17,16,2,01大同區,大同區承德路3段212-3號,0,0,1,1,B03,8,5,5,50,14,9,1,5,4,5,13,4,4,1,4,5,2,17,1,53,3,10,7,1,7,9,1,8,1,2,,108,,1,21,121.5183654,25.07122681
113,4,13,17,16,2,01大同區,大同區承德路3段212-3號,0,0,1,2,F01,8,5,5,50,14,9,1,5,4,5,13,4,4,1,4,5,2,17,1,68,2,1,4,1,7,7,8,20,1,11,,100,,1,21,121.5183654,25.07122681
113,4,13,18,17,2,06松山區,松山區南京東路3段300號,0,0,1,1,B03,8,7,5,50,22,23,1,5,4,5,13,4,4,1,4,4,2,17,1,49,3,10,7,1,7,1,1,8,9,5,,19,,1,21,121.546768,25.05171175
113,4,13,18,17,2,06松山區,松山區南京東路3段300號,0,0,1,2,F01,8,7,5,50,22,23,1,5,4,5,13,4,4,1,4,4,2,17,2,29,2,8,4,1,7,11,8,20,9,11,,11,,1,21,121.546768,25.05171175
113,4,13,18,20,2,07信義區,信義區松廉路與松仁路口,0,0,1,1,C03,8,5,5,50,3,1,1,5,4,5,13,4,4,1,4,5,2,17,1,18,2,7,6,1,7,7,1,10,2,11,,100,,1,21,121.5682754,25.0341117
113,4,13,18,20,2,07信義區,信義區松廉路與松仁路口,0,0,1,2,A11,8,5,5,50,3,1,1,5,4,5,13,4,4,1,4,5,2,17,1,26,3,10,7,1,7,9,1,3,1,2,,44,,1,21,121.5682754,25.0341117
113,4,13,18,20,2,07信義區,信義區松廉路與松仁路口,0,0,1,3,A05,8,5,5,50,3,1,1,5,4,5,13,4,4,1,4,5,2,17,1,53,3,10,7,1,7,6,1,2,2,3,,9,,1,21,121.5682754,25.0341117
113,4,13,18,22,2,08士林區,士林區百齡橋東向西方向,0,0,1,1,B03,8,6,5,50,8,9,1,5,4,5,13,4,4,10,4,5,1,13,1,39,3,10,7,1,7,14,1,8,1,3,,44,,1,21,121.5122394,25.08810997
113,4,13,18,22,2,08士林區,士林區百齡橋東向西方向,0,0,1,2,B03,8,6,5,50,8,9,1,5,4,5,13,4,4,10,4,5,1,13,1,33,3,10,7,1,7,9,1,8,1,1,,16,,1,21,121.5122394,25.08810997
113,4,13,18,22,2,08士林區,士林區百齡橋東向西方向,0,0,1,3,B03,8,6,5,50,8,9,1,5,4,5,13,4,4,10,4,5,1,13,1,31,3,10,7,1,7,9,1,8,1,1,,16,,1,21,121.5122394,25.08810997
113,4,13,18,22,2,08士林區,士林區百齡橋東向西方向,0,0,1,4,B01,8,6,5,50,8,9,1,5,4,5,13,4,4,10,4,5,1,13,1,49,3,10,7,1,7,9,1,4,1,1,,16,,1,21,121.5122394,25.08810997
113,4,13,18,22,2,08士林區,士林區百齡橋東向西方向,0,0,1,5,H02,8,6,5,50,8,9,1,5,4,5,13,4,4,10,4,5,1,13,2,40,2,9,4,5,7,20,8,20,10,16,,67,,1,22,121.5122394,25.08810997
113,4,13,18,33,2,09北投區,北投區中和街31號,0,0,1,1,C03,7,5,5,50,14,9,1,5,4,5,13,4,4,9,5,5,2,17,1,46,2,9,5,1,7,9,1,10,1,12,,118,,1,21,121.5027128,25.1380218
113,4,13,18,33,2,09北投區,北投區中和街31號,0,0,1,2,B03,7,5,5,50,14,9,1,5,4,5,13,4,4,9,5,5,2,17,1,57,3,10,7,1,7,9,1,8,1,17,,118,,1,22,121.5027128,25.1380218
113,4,13,18,55,2,08士林區,士林區文林路647號,0,0,1,1,B03,8,5,5,50,14,9,1,5,4,5,13,4,4,9,5,5,2,12,1,70,3,10,3,4,7,9,1,8,1,15,,17,,1,22,121.523064,25.10027671
113,4,13,18,55,2,08士林區,士林區文林路647號,0,0,1,2,C03,8,5,5,50,14,9,1,5,4,5,13,4,4,9,5,5,2,12,2,19,2,9,3,4,7,9,1,10,1,14,,44,,1,22,121.523064,25.10027671
113,4,13,19,54,2,06松山區,松山區麥帥一橋機車道東向西(燈桿7510332),0,0,2,1,C03,8,5,5,40,14,11,1,5,4,5,13,4,4,9,4,5,2,13,1,22,2,9,6,4,7,9,1,9,1,11,,16,,1,21,121.568209,25.05140405
113,4,13,19,54,2,06松山區,松山區麥帥一橋機車道東向西(燈桿7510332),0,0,2,2,F02,8,5,5,40,14,11,1,5,4,5,13,4,4,9,4,5,2,13,2,48,2,9,2,4,7,9,8,20,1,13,,44,,1,21,121.568209,25.05140405
113,4,13,20,29,2,12內湖區,內湖區金龍路與內湖路2段口,0,0,1,1,C03,8,7,5,50,4,1,1,5,4,5,13,2,1,5,5,4,2,17,1,44,3,10,5,1,7,11,1,10,2,17,,92,,1,21,121.5936948,25.0847818
113,4,13,20,29,2,12內湖區,內湖區金龍路與內湖路2段口,0,0,1,2,C03,8,7,5,50,4,1,1,5,4,5,13,2,1,5,5,4,2,17,1,61,2,9,5,1,7,9,1,10,2,12,,44,,1,21,121.5936948,25.0847818
113,4,13,21,55,2,12內湖區,內湖區潭美街117號,0,0,1,1,C03,8,5,5,30,14,9,1,5,4,5,13,4,4,5,5,5,2,17,1,51,2,9,5,1,7,9,6,18,2,11,,42,,1,21,121.579074,25.0535162
113,4,13,21,55,2,12內湖區,內湖區潭美街117號,0,0,1,2,C03,8,5,5,30,14,9,1,5,4,5,13,4,4,5,5,5,2,17,1,28,3,10,6,1,7,13,1,10,9,13,,44,,1,21,121.579074,25.0535162
113,4,13,21,55,2,12內湖區,內湖區潭美街117號,0,0,1,3,B03,8,5,5,30,14,9,1,5,4,5,13,4,4,5,5,5,2,17,1,74,3,10,7,1,7,13,1,8,9,7,,44,,1,21,121.579074,25.0535162
113,4,13,22,4,2,01大同區,大同區承德路3段與承德路3段176巷口,0,0,1,1,B03,8,5,5,50,3,1,1,5,4,5,13,4,4,1,4,5,2,16,1,54,3,10,3,4,7,6,1,8,1,2,,74,,1,21,121.5183576,25.06912886
113,4,13,22,4,2,01大同區,大同區承德路3段與承德路3段176巷口,0,0,1,2,C04,8,5,5,50,3,1,1,5,4,5,13,4,4,1,4,5,2,16,1,28,2,9,5,1,7,9,1,10,1,11,,108,,1,21,121.5183576,25.06912886
113,4,13,22,15,2,03中山區,中山區建國高架道往北(編號第185燈桿前),0,0,1,1,B03,8,5,5,70,8,9,1,5,4,5,13,4,4,2,4,5,2,13,1,30,3,10,7,1,7,9,1,8,1,1,,16,,1,21,121.5368436,25.05179025
113,4,13,22,15,2,03中山區,中山區建國高架道往北(編號第185燈桿前),0,0,1,2,B03,8,5,5,70,8,9,1,5,4,5,13,4,4,2,4,5,2,13,1,32,2,2,7,1,7,14,1,8,1,3,,44,,1,21,121.5368436,25.05179025
113,4,13,22,31,2,06松山區,松山區敦化北路與南京東路4段口,0,0,1,1,B03,8,5,5,50,14,7,1,5,4,5,13,2,1,7,4,4,2,13,1,25,3,10,7,1,7,9,1,8,1,5,,16,,1,22,121.5491658,25.0515911
113,4,13,22,31,2,06松山區,松山區敦化北路與南京東路4段口,0,0,1,2,C03,8,5,5,50,14,7,1,5,4,5,13,2,1,7,4,4,2,13,2,74,2,9,5,1,7,12,1,10,1,13,,16,,1,22,121.5491658,25.0515911
113,4,13,22,33,2,08士林區,士林區德行東路與德行東路109巷口,0,0,1,1,B03,8,5,5,50,4,1,1,5,4,5,13,2,1,5,5,5,2,16,1,53,3,10,7,1,7,5,1,8,1,5,,2,,1,21,121.5284277,25.10773274
113,4,13,22,33,2,08士林區,士林區德行東路與德行東路109巷口,0,0,1,2,C03,8,5,5,50,4,1,1,5,4,5,13,2,1,5,5,5,2,16,1,31,2,9,5,1,7,9,1,10,1,11,,44,,1,21,121.5284277,25.10773274
113,4,14,0,6,2,04大安區,大安區忠孝東路4段15號,0,0,1,1,C03,8,5,5,30,3,2,1,5,4,5,13,4,4,9,5,5,2,15,2,22,2,9,3,4,7,15,1,10,1,11,,80,,1,22,121.5443273,25.0417348
113,4,14,0,6,2,04大安區,大安區忠孝東路4段15號,0,0,1,2,B03,8,5,5,30,3,2,1,5,4,5,13,4,4,9,5,5,2,15,1,29,3,10,3,4,7,9,1,4,1,2,,44,,1,22,121.5443273,25.0417348
113,4,14,5,35,2,03中山區,中山區民權東路1段與林森北路口,0,0,1,1,C03,8,6,5,50,14,9,1,5,4,5,13,1,1,3,4,5,2,13,2,75,2,9,5,1,7,7,1,10,2,11,12,100,,1,21,121.5258484,25.06274315
113,4,14,5,35,2,03中山區,中山區民權東路1段與林森北路口,0,0,1,2,B01,8,6,5,50,14,9,1,5,4,5,13,1,1,3,4,5,2,13,2,59,3,10,7,1,7,14,1,4,2,3,,44,,1,21,121.5258484,25.06274315
113,4,14,5,54,2,10文山區,文山區木柵路1段與景興路口,0,0,1,1,B01,7,5,5,50,3,1,1,5,4,5,13,2,1,10,5,5,1,29,1,58,2,9,7,1,7,6,1,4,2,1,,108,,1,21,121.5422376,24.988254
113,4,14,5,54,2,10文山區,文山區木柵路1段與景興路口,0,0,1,2,,7,5,5,50,3,1,1,5,4,5,13,2,1,10,5,5,1,29,3,0,,,,,,,,,,,,67,,1,,121.5422376,24.988254
113,4,14,7,10,2,04大安區,大安區羅斯福路4段車行地下道,0,0,2,1,A02,8,5,5,40,7,9,1,5,4,5,13,4,4,4,5,5,1,20,1,48,2,7,7,1,7,9,1,2,1,5,1,108,,1,21,121.5374403,25.01025365
113,4,14,7,10,2,04大安區,大安區羅斯福路4段車行地下道,0,0,2,2,,8,5,5,40,7,9,1,5,4,5,13,4,4,4,5,5,1,20,3,0,,,,,,,,,,,,67,,1,,121.5374403,25.01025365
113,4,14,7,10,2,04大安區,大安區羅斯福路4段車行地下道,0,0,2,3,H02,8,5,5,40,7,9,1,5,4,5,13,4,4,4,5,5,1,20,2,72,2,3,4,5,7,20,8,20,10,16,,67,,1,21,121.5374403,25.01025365
113,4,14,8,13,2,07信義區,信義區松智路與松智路29巷口,0,0,1,1,C03,7,5,5,50,14,9,1,5,4,5,13,4,4,9,5,5,2,16,1,55,3,10,5,1,7,6,1,10,1,12,,9,,1,21,121.5654215,25.0314306
113,4,14,8,13,2,07信義區,信義區松智路與松智路29巷口,0,0,1,2,C03,7,5,5,50,14,9,1,5,4,5,13,4,4,9,5,5,2,16,2,47,2,8,5,1,7,9,1,10,1,11,,44,,1,21,121.5654215,25.0314306
113,4,14,8,50,2,06松山區,松山區八德路3段10號,0,0,1,1,B01,8,5,5,50,14,9,1,5,4,5,13,4,4,9,4,5,2,13,1,44,3,10,7,1,7,9,1,8,2,5,,16,,1,21,121.550201,25.04818974
113,4,14,8,50,2,06松山區,松山區八德路3段10號,0,0,1,2,F01,8,5,5,50,14,9,1,5,4,5,13,4,4,9,4,5,2,13,1,46,2,3,4,1,7,9,8,20,2,13,,44,,1,21,121.550201,25.04818974
113,4,14,8,51,2,12內湖區,內湖區大湖山莊街與成功路5段口,0,0,1,1,C03,8,6,6,30,4,1,1,5,4,5,13,4,4,5,4,5,2,15,2,48,2,9,5,1,7,9,1,10,1,12,,14,,1,22,121.6020113,25.08441761
113,4,14,8,51,2,12內湖區,內湖區大湖山莊街與成功路5段口,0,0,1,2,B03,8,6,6,30,4,1,1,5,4,5,13,4,4,5,4,5,2,15,2,57,3,10,3,4,7,9,1,8,1,1,,44,,1,22,121.6020113,25.08441761
113,4,14,9,4,2,04大安區,大安區和平東路3段與敦化南路2段口,0,0,1,1,B01,8,6,5,50,5,1,1,5,4,5,13,2,1,1,4,5,2,16,1,61,3,10,7,1,7,5,1,3,1,2,,71,,1,21,121.5484989,25.0246398
113,4,14,9,4,2,04大安區,大安區和平東路3段與敦化南路2段口,0,0,1,2,C01,8,6,5,50,5,1,1,5,4,5,13,2,1,1,4,5,2,16,1,30,2,9,5,1,7,9,1,9,1,11,,13,,1,21,121.5484989,25.0246398
113,4,14,9,21,2,09北投區,北投區知行路225巷與知行路235巷口,0,0,1,1,C03,8,6,5,30,4,1,1,5,4,5,13,4,4,10,5,5,1,15,1,23,2,9,5,1,7,9,1,10,1,11,,80,,1,21,121.4664983,25.1200942
113,4,14,9,21,2,09北投區,北投區知行路225巷與知行路235巷口,0,0,1,2,B01,8,6,5,30,4,1,1,5,4,5,13,4,4,10,5,5,1,15,1,49,3,10,7,1,7,9,1,8,1,8,,14,,1,21,121.4664983,25.1200942
113,4,14,10,15,2,03中山區,中山區大佳河濱公園與大佳河濱公園口8號水門,0,0,1,1,C03,8,7,5,50,4,1,1,5,4,5,13,4,4,10,5,5,2,17,2,35,2,9,6,1,7,1,1,10,2,13,,19,,1,21,121.5399331,25.07364877
113,4,14,10,15,2,03中山區,中山區大佳河濱公園與大佳河濱公園口8號水門,0,0,1,2,B03,8,7,5,50,4,1,1,5,4,5,13,4,4,10,5,5,2,17,2,33,3,10,7,1,7,9,1,8,1,1,,108,,1,21,121.5399331,25.07364877
113,4,14,10,25,2,03中山區,中山區復興北路與興安街口,0,0,2,1,C03,8,6,5,50,4,1,1,5,4,5,13,2,1,10,5,5,2,13,1,18,2,9,6,1,7,9,1,10,2,11,,108,,1,21,121.5440987,25.0561927
113,4,14,10,25,2,03中山區,中山區復興北路與興安街口,0,0,2,2,B03,8,6,5,50,4,1,1,5,4,5,13,2,1,10,5,5,2,13,1,55,3,10,7,1,7,14,1,8,2,3,,44,,1,21,121.5440987,25.0561927
113,4,14,10,25,2,03中山區,中山區復興北路與興安街口,0,0,2,3,H02,8,6,5,50,4,1,1,5,4,5,13,2,1,10,5,5,2,13,2,21,2,9,6,5,7,21,8,20,10,17,,67,,1,21,121.5440987,25.0561927
113,4,14,10,30,2,07信義區,信義區忠孝東路5段與忠孝東路5段15巷口,0,0,1,1,F01,8,7,5,0,3,2,4,5,4,5,13,4,4,1,4,5,2,1,4,0,,,,,,,,,11,,,119,,2,,121.5654168,25.0412655
113,4,14,10,30,2,07信義區,信義區忠孝東路5段與忠孝東路5段15巷口,0,0,1,2,H01,8,7,5,0,3,2,4,5,4,5,13,4,4,1,4,5,2,1,2,29,2,9,4,5,8,16,8,20,10,16,,67,,1,21,121.5654168,25.0412655
113,4,14,11,6,2,08士林區,士林區延平北路6段與中正路口口,0,0,1,1,C03,8,6,5,50,4,1,1,5,4,5,13,2,1,5,4,5,2,16,2,51,2,7,6,1,7,5,1,10,1,12,,8,,1,21,121.5091773,25.08691337
113,4,14,11,6,2,08士林區,士林區延平北路6段與中正路口口,0,0,1,2,B03,8,6,5,50,4,1,1,5,4,5,13,2,1,5,4,5,2,16,1,67,3,10,7,1,7,9,1,8,1,5,,108,,1,21,121.5091773,25.08691337
113,4,14,11,32,2,12內湖區,內湖區金龍路73號,0,0,2,1,B12,7,7,5,50,14,9,1,5,4,5,13,4,4,5,4,5,2,12,1,65,3,10,7,1,7,4,1,8,1,5,,107,,1,21,121.5923616,25.0850846
113,4,14,11,32,2,12內湖區,內湖區金龍路73號,0,0,2,2,C03,7,7,5,50,14,9,1,5,4,5,13,4,4,5,4,5,2,12,1,24,2,9,5,1,7,9,1,10,1,14,,44,,1,21,121.5923616,25.0850846
113,4,14,11,32,2,12內湖區,內湖區金龍路73號,0,0,2,3,C03,7,7,5,50,14,9,1,5,4,5,13,4,4,5,4,5,2,12,2,62,2,9,5,1,7,9,1,10,1,14,,44,,1,21,121.5923616,25.0850846
113,4,14,11,56,2,12內湖區,內湖區內湖路2段56號,0,0,2,1,C03,8,7,5,50,14,9,1,5,4,5,13,4,4,5,5,5,2,16,2,39,2,9,5,1,7,5,1,10,1,14,,94,,1,21,121.5804246,25.0790665
113,4,14,11,56,2,12內湖區,內湖區內湖路2段56號,0,0,2,2,C03,8,7,5,50,14,9,1,5,4,5,13,4,4,5,5,5,2,16,2,64,2,9,5,1,7,9,1,10,1,12,,44,,1,21,121.5804246,25.0790665
113,4,14,12,50,2,09北投區,北投區文林北路225號,0,0,1,1,C03,8,6,5,40,14,8,1,5,4,5,13,4,4,1,4,4,2,12,1,20,3,10,5,1,7,8,1,10,2,12,,100,,1,21,121.5144821,25.10762541
113,4,14,12,50,2,09北投區,北投區文林北路225號,0,0,1,2,C03,8,6,5,40,14,8,1,5,4,5,13,4,4,1,4,4,2,12,2,28,2,9,5,1,7,9,1,10,2,11,,44,,1,21,121.5144821,25.10762541
113,4,14,13,13,2,03中山區,中山區北安路625號,0,0,1,1,C03,8,6,5,50,14,9,1,5,4,5,13,4,4,10,5,5,2,16,1,64,3,10,5,1,7,1,1,10,2,13,,19,,1,21,121.5490395,25.0830909
113,4,14,13,13,2,03中山區,中山區北安路625號,0,0,1,2,C03,8,6,5,50,14,9,1,5,4,5,13,4,4,10,5,5,2,16,2,25,2,9,6,1,7,9,1,10,2,14,,13,,1,21,121.5490395,25.0830909
113,4,14,13,16,2,07信義區,信義區基隆路2段79巷與基隆路2段口,0,0,2,1,B03,8,7,5,50,3,1,1,5,4,5,13,4,4,9,4,5,2,17,1,72,3,10,7,1,7,6,1,8,11,17,,9,,2,21,121.557986,25.0302431
113,4,14,13,16,2,07信義區,信義區基隆路2段79巷與基隆路2段口,0,0,2,2,C03,8,7,5,50,3,1,1,5,4,5,13,4,4,9,4,5,2,17,1,63,2,9,5,1,7,9,1,10,1,17,,44,,1,21,121.557986,25.0302431
113,4,14,13,16,2,07信義區,信義區基隆路2段79巷與基隆路2段口,0,0,2,3,H02,8,7,5,50,3,1,1,5,4,5,13,4,4,9,4,5,2,17,2,62,2,9,5,5,7,20,8,20,10,17,,67,,1,21,121.557986,25.0302431
113,4,14,13,28,2,04大安區,大安區通化街39巷與通化街39巷62弄口,0,0,1,1,C03,7,6,5,30,4,1,1,5,4,3,10,4,4,10,5,5,2,15,1,30,2,9,3,4,7,9,1,10,1,12,,14,,1,22,121.5558603,25.0305886
113,4,14,13,28,2,04大安區,大安區通化街39巷與通化街39巷62弄口,0,0,1,2,B03,7,6,5,30,4,1,1,5,4,3,10,4,4,10,5,5,2,15,1,27,3,10,3,4,7,9,1,8,1,1,,14,,1,22,121.5558603,25.0305886
113,4,14,13,28,2,04大安區,大安區通化街39巷與通化街39巷62弄口,0,0,1,3,B12,7,6,5,30,4,1,1,5,4,3,10,4,4,10,5,5,2,15,4,0,,,,,,,,,,,,38,,2,,121.5558603,25.0305886
113,4,14,13,40,2,03中山區,中山區松江路與錦州街口,0,0,2,1,C03,7,6,5,50,4,1,1,5,4,5,13,1,1,1,4,5,2,12,1,42,2,9,5,1,7,9,1,10,1,14,,44,,1,22,121.5332542,25.0603504
113,4,14,13,40,2,03中山區,中山區松江路與錦州街口,0,0,2,2,C03,7,6,5,50,4,1,1,5,4,5,13,1,1,1,4,5,2,12,1,36,2,9,5,1,7,9,1,10,1,12,,44,,1,22,121.5332542,25.0603504
113,4,14,13,53,2,11南港區,南港區南港路2段178巷與南港路2段口,0,0,3,1,C03,8,6,5,50,4,1,1,5,4,4,13,1,1,8,3,5,2,12,2,21,3,10,5,4,7,5,1,10,1,14,,8,,1,21,121.5997172,25.0534567