發生年度,發生月,發生日,發生時-Hours,發生分,處理別-編號,區序,肇事地點,死亡人數,2-30日死亡人數,受傷人數,當事人序號,車種,天候,道路照明設備,道路類別,速限-速度限制,道路型態,事故位置,路面狀況1,路面狀況2,路面狀況3,道路障礙1,道路障礙2,號誌1,號誌2,車道劃分-分向,車道劃分-分道1,車道劃分-分道2,車道劃分-分道3,事故類型及型態,性別,年齡,受傷程度,主要傷處,保護裝置,行動電話,車輛用途,當事者行動狀態,駕駛資格情形,駕駛執照種類,飲酒情形,車輛撞擊部位1,車輛撞擊部位2,肇因碼-個別,肇因碼-主要,個人肇逃否,職業,座標-X,座標-Y
113,4,14,13,53,2,11南港區,南港區南港路2段178巷與南港路2段口,0,0,3,2,C03,8,6,5,50,4,1,1,5,4,4,13,1,1,8,3,5,2,12,1,39,2,7,5,4,7,9,1,10,1,12,,44,,1,21,121.5997172,25.0534567
113,4,14,13,53,2,11南港區,南港區南港路2段178巷與南港路2段口,0,0,3,3,H02,8,6,5,50,4,1,1,5,4,4,13,1,1,8,3,5,2,12,2,43,2,8,4,5,7,17,8,20,10,16,,67,,1,21,121.5997172,25.0534567
113,4,14,13,53,2,11南港區,南港區南港路2段178巷與南港路2段口,0,0,3,4,H02,8,6,5,50,4,1,1,5,4,4,13,1,1,8,3,5,2,12,1,6,2,8,4,5,7,17,8,20,10,16,,67,,1,21,121.5997172,25.0534567
113,4,14,14,5,2,05中正區,中正區中山南路與信義路1段口,0,0,2,1,B03,8,6,5,50,5,1,1,5,4,5,13,1,1,1,4,5,2,16,1,51,3,10,7,1,7,9,1,6,2,5,,44,,1,21,121.5180255,25.0387003
113,4,14,14,5,2,05中正區,中正區中山南路與信義路1段口,0,0,2,2,C03,8,6,5,50,5,1,1,5,4,5,13,1,1,1,4,5,2,16,1,21,2,9,6,1,7,5,1,10,2,14,,96,,1,21,121.5180255,25.0387003
113,4,14,14,5,2,05中正區,中正區中山南路與信義路1段口,0,0,2,3,H02,8,6,5,50,5,1,1,5,4,5,13,1,1,1,4,5,2,16,2,16,2,9,6,5,7,20,8,20,10,16,,67,,1,21,121.5180255,25.0387003
113,4,14,14,20,2,08士林區,士林區環河北路3段205號前,0,0,2,1,B03,8,5,5,50,14,9,1,5,4,5,13,4,4,1,4,4,1,13,1,48,2,7,7,1,7,9,1,8,1,1,,16,,1,21,121.5039168,25.0879778
113,4,14,14,20,2,08士林區,士林區環河北路3段205號前,0,0,2,2,B01,8,5,5,50,14,9,1,5,4,5,13,4,4,1,4,4,1,13,1,56,3,10,7,1,7,9,1,8,1,3,,44,,1,21,121.5039168,25.0879778
113,4,14,14,20,2,08士林區,士林區環河北路3段205號前,0,0,2,3,H02,8,5,5,50,14,9,1,5,4,5,13,4,4,1,4,4,1,13,2,22,2,9,7,5,7,21,8,20,10,16,,67,,1,21,121.5039168,25.0879778
113,4,14,14,32,2,02萬華區,萬華區中華路2段與艋舺大道口,0,0,1,1,C04,8,7,5,50,3,1,1,5,4,5,13,1,1,9,5,5,2,17,2,62,2,9,5,1,7,5,1,8,1,14,,99,,1,21,121.505669,25.0345952
113,4,14,14,32,2,02萬華區,萬華區中華路2段與艋舺大道口,0,0,1,2,A02,8,7,5,50,3,1,1,5,4,5,13,1,1,9,5,5,2,17,1,59,3,10,7,1,7,5,1,1,1,5,,44,,1,21,121.505669,25.0345952
113,4,14,14,43,2,01大同區,大同區哈密街與重慶北路3段口,0,0,1,1,F01,8,6,5,30,5,1,1,5,4,5,13,1,1,10,5,5,2,17,1,10,3,10,4,1,7,5,8,20,1,17,,71,,1,21,121.5137787,25.07270813
113,4,14,14,43,2,01大同區,大同區哈密街與重慶北路3段口,0,0,1,2,C03,8,6,5,30,5,1,1,5,4,5,13,1,1,10,5,5,2,17,2,39,2,9,6,1,7,9,1,9,1,17,,44,,1,21,121.5137787,25.07270813
113,4,14,15,31,2,05中正區,中正區汀州路3段與汀州路3段60巷口口,0,0,2,1,C03,7,6,5,50,4,1,1,5,4,5,13,1,1,5,5,5,2,16,1,23,2,7,6,1,7,1,1,10,1,14,,19,,1,21,121.5313576,25.0157065
113,4,14,15,31,2,05中正區,中正區汀州路3段與汀州路3段60巷口口,0,0,2,2,C03,7,6,5,50,4,1,1,5,4,5,13,1,1,5,5,5,2,16,2,26,2,8,5,1,7,9,1,10,1,11,,44,,1,21,121.5313576,25.0157065
113,4,14,15,35,2,04大安區,大安區延吉街與光復南路308巷口,0,0,2,1,B03,7,6,5,50,4,1,1,5,4,5,13,4,4,10,5,5,2,16,1,40,3,10,7,1,7,11,1,8,1,8,,10,,1,21,121.5551447,25.038932
113,4,14,15,35,2,04大安區,大安區延吉街與光復南路308巷口,0,0,2,2,C03,7,6,5,50,4,1,1,5,4,5,13,4,4,10,5,5,2,16,1,60,2,9,5,1,7,9,1,10,1,12,,44,,1,21,121.5551447,25.038932
113,4,14,15,35,2,04大安區,大安區延吉街與光復南路308巷口,0,0,2,3,H02,7,6,5,50,4,1,1,5,4,5,13,4,4,10,5,5,2,16,2,59,2,7,5,5,7,20,8,20,10,16,,67,,1,21,121.5551447,25.038932
113,4,14,16,8,2,07信義區,信義區松德路與松德路133巷口,0,0,1,1,C03,8,5,8,40,11,8,1,5,4,5,13,1,1,1,4,4,2,12,1,23,2,9,6,1,7,9,1,10,1,14,,13,,1,22,121.5749733,25.0374223
113,4,14,16,8,2,07信義區,信義區松德路與松德路133巷口,0,0,1,2,B03,8,5,8,40,11,8,1,5,4,5,13,1,1,1,4,4,2,12,1,51,3,10,7,1,7,9,1,8,1,2,,44,,1,22,121.5749733,25.0374223
113,4,14,16,12,2,11南港區,南港區研究院路2段7號,0,0,1,1,A02,7,6,5,50,14,9,1,5,4,5,13,4,4,1,5,5,2,9,1,54,3,10,7,1,7,1,1,1,1,17,,44,,1,21,121.6154961,25.0471527
113,4,14,16,12,2,11南港區,南港區研究院路2段7號,0,0,1,2,H02,7,6,5,50,14,9,1,5,4,5,13,4,4,1,5,5,2,9,2,75,2,5,4,5,7,20,8,20,10,16,,107,,1,21,121.6154961,25.0471527
113,4,14,17,10,2,03中山區,中山區復興北路敦化北路4巷口,0,0,1,1,B01,7,5,5,50,3,2,1,4,4,5,13,1,1,1,4,4,2,16,1,51,3,10,3,4,7,11,1,4,1,2,,10,,1,21,121.5433558,25.0501999
113,4,14,17,10,2,03中山區,中山區復興北路敦化北路4巷口,0,0,1,2,C02,7,5,5,50,3,2,1,4,4,5,13,1,1,1,4,4,2,16,1,23,2,9,5,4,7,9,1,9,1,11,,13,,1,21,121.5433558,25.0501999
113,4,14,17,14,2,12內湖區,內湖區民權東路6段262號,0,0,1,1,B03,8,7,5,50,14,8,1,5,4,5,13,4,4,1,4,4,2,16,1,72,3,10,7,1,7,8,1,8,1,2,,100,,1,21,121.6044211,25.0713317
113,4,14,17,14,2,12內湖區,內湖區民權東路6段262號,0,0,1,2,C03,8,7,5,50,14,8,1,5,4,5,13,4,4,1,4,4,2,16,1,48,2,9,5,1,7,9,1,10,1,14,,13,,1,21,121.6044211,25.0713317
113,4,14,17,24,2,02萬華區,萬華區西園路1段145號(艋舺公園前),0,0,1,1,A02,8,6,5,50,14,8,1,5,4,5,13,4,4,1,4,4,2,9,1,49,3,10,7,1,7,14,1,2,1,2,,44,,1,21,121.5007407,25.0353552
113,4,14,17,24,2,02萬華區,萬華區西園路1段145號(艋舺公園前),0,0,1,2,H02,8,6,5,50,14,8,1,5,4,5,13,4,4,1,4,4,2,9,2,74,2,9,4,5,7,19,8,20,10,16,,67,,1,23,121.5007407,25.0353552
113,4,14,17,27,2,05中正區,中正區林森南路地下道與羅斯福路1段口,0,0,1,1,C03,8,7,5,30,5,1,1,5,4,5,13,1,1,1,4,5,2,11,1,59,2,9,5,4,7,8,1,10,1,12,,100,,1,21,121.5177895,25.0328587
113,4,14,17,27,2,05中正區,中正區林森南路地下道與羅斯福路1段口,0,0,1,2,B03,8,7,5,30,5,1,1,5,4,5,13,1,1,1,4,5,2,11,1,60,3,10,7,4,7,9,1,8,1,8,,44,,1,21,121.5177895,25.0328587
113,4,14,17,47,2,04大安區,大安區建國南路2段與建國南路2段25巷口,0,0,1,1,B03,7,6,5,30,3,2,1,5,4,5,13,4,4,9,4,5,2,16,1,47,2,6,7,1,7,6,1,4,1,1,,72,,1,21,121.5380718,25.0325068
113,4,14,17,47,2,04大安區,大安區建國南路2段與建國南路2段25巷口,0,0,1,2,C03,7,6,5,30,3,2,1,5,4,5,13,4,4,9,4,5,2,16,1,47,3,10,5,1,7,9,1,10,1,13,,44,,1,21,121.5380718,25.0325068
113,4,14,17,48,2,04大安區,大安區和平東路2段與和平東路2段311巷口,0,0,1,1,B01,7,5,5,50,4,2,1,5,4,5,13,1,1,8,3,5,1,12,1,40,3,10,7,1,7,7,1,8,1,4,,100,,1,21,121.5450098,25.0248237
113,4,14,17,48,2,04大安區,大安區和平東路2段與和平東路2段311巷口,0,0,1,2,C03,7,5,5,50,4,2,1,5,4,5,13,1,1,8,3,5,1,12,1,53,2,7,5,1,7,9,1,10,1,12,,13,,1,21,121.5450098,25.0248237
113,4,14,18,8,2,08士林區,士林區延平北路7段177巷49-1號,0,0,1,1,B03,7,5,8,30,14,9,1,5,4,5,13,4,4,10,5,5,1,13,1,75,3,10,7,1,7,9,1,8,1,1,,16,,1,21,121.4924712,25.09752241
113,4,14,18,8,2,08士林區,士林區延平北路7段177巷49-1號,0,0,1,2,F01,7,5,8,30,14,9,1,5,4,5,13,4,4,10,5,5,1,13,2,58,2,9,2,1,7,9,8,20,9,13,,44,,1,21,121.4924712,25.09752241
113,4,14,18,8,2,08士林區,士林區延平北路7段177巷49-1號,0,0,1,3,B03,7,5,8,30,14,9,1,5,4,5,13,4,4,10,5,5,1,13,3,64,,,,,,,,,10,,,67,,1,,121.4924712,25.09752241
113,4,14,18,55,2,09北投區,北投區清江路25巷25號,0,0,2,1,C03,7,5,5,30,14,9,1,5,4,5,13,4,4,10,5,5,2,10,1,59,2,9,5,1,7,9,1,10,1,11,,17,,1,21,121.5025117,25.1315495
113,4,14,18,55,2,09北投區,北投區清江路25巷25號,0,0,2,2,F01,7,5,5,30,14,9,1,5,4,5,13,4,4,10,5,5,2,10,2,87,2,9,4,1,7,9,8,20,1,11,,44,,1,21,121.5025117,25.1315495
113,4,14,19,14,2,05中正區,中正區仁愛路2段與金山南路1段口,0,0,2,1,B03,8,5,5,50,4,1,1,5,4,5,13,1,1,10,5,1,1,17,1,63,3,10,7,1,7,5,1,8,2,8,,8,,1,22,121.5282036,25.0381206
113,4,14,19,14,2,05中正區,中正區仁愛路2段與金山南路1段口,0,0,2,2,C03,8,5,5,50,4,1,1,5,4,5,13,1,1,10,5,1,1,17,2,29,2,9,6,1,7,9,1,10,2,12,,44,,1,22,121.5282036,25.0381206
113,4,14,19,14,2,05中正區,中正區仁愛路2段與金山南路1段口,0,0,2,3,H02,8,5,5,50,4,1,1,5,4,5,13,1,1,10,5,1,1,17,2,31,2,9,4,5,7,20,8,20,10,16,,67,,1,22,121.5282036,25.0381206
113,4,14,19,18,2,07信義區,信義區基隆路1段163號,0,0,1,1,C03,7,5,5,50,14,9,1,5,4,5,13,4,4,1,4,5,2,18,1,29,2,9,6,1,7,9,1,10,1,14,,42,,1,21,121.564999,25.041796
113,4,14,19,18,2,07信義區,信義區基隆路1段163號,0,0,1,2,,7,5,5,50,14,9,1,5,4,5,13,4,4,1,4,5,2,18,3,,,,,,,,,,,,,67,,1,,121.564999,25.041796
113,4,14,19,38,2,02萬華區,萬華區環河南路2段與桂林路口,0,0,1,1,B03,8,5,5,50,4,1,1,5,4,5,13,2,1,9,4,4,2,16,1,40,3,10,3,4,7,5,1,8,9,8,,71,,1,22,121.4978971,25.0382802
113,4,14,19,38,2,02萬華區,萬華區環河南路2段與桂林路口,0,0,1,2,C03,8,5,5,50,4,1,1,5,4,5,13,2,1,9,4,4,2,16,1,73,2,7,5,4,7,9,1,10,9,15,,44,,1,22,121.4978971,25.0382802
113,4,14,19,46,2,12內湖區,內湖區潭美街與成功路2段口,0,0,1,1,C03,8,5,5,40,3,2,2,5,4,5,13,2,1,5,5,5,2,17,1,40,3,10,5,1,7,6,1,10,2,13,,9,,1,21,121.5917491,25.06008773
113,4,14,19,46,2,12內湖區,內湖區潭美街與成功路2段口,0,0,1,2,C03,8,5,5,40,3,2,2,5,4,5,13,2,1,5,5,5,2,17,2,19,2,9,5,1,7,9,1,10,2,11,,108,,1,21,121.5917491,25.06008773
113,4,14,20,11,2,05中正區,中正區和平西路1段與南昌路2段口,0,0,1,1,C03,8,5,5,50,5,1,1,5,4,5,13,1,1,3,4,5,2,17,1,21,3,10,5,1,7,8,1,10,1,12,,100,,1,21,121.5210272,25.0269001
113,4,14,20,11,2,05中正區,中正區和平西路1段與南昌路2段口,0,0,1,2,C03,8,5,5,50,5,1,1,5,4,5,13,1,1,3,4,5,2,17,1,35,2,9,5,1,7,9,1,10,1,11,,44,,1,21,121.5210272,25.0269001
113,4,14,20,20,2,08士林區,士林區格致路與愛富一街口,0,0,1,1,C03,7,5,6,40,3,1,1,5,4,5,13,4,4,5,5,5,2,17,2,20,3,10,5,1,7,5,1,10,1,17,,118,,1,21,121.5465269,25.13823434
113,4,14,20,20,2,08士林區,士林區格致路與愛富一街口,0,0,1,2,C03,7,5,6,40,3,1,1,5,4,5,13,4,4,5,5,5,2,17,1,45,2,5,5,1,7,9,1,10,1,12,,118,,1,21,121.5465269,25.13823434
113,4,14,20,33,2,02萬華區,萬華區康定路與長沙街2段口,0,0,1,1,C03,8,5,5,50,4,1,1,5,4,5,13,2,1,5,5,5,2,17,1,61,2,7,6,1,7,9,1,10,1,12,,4,,1,21,121.5020616,25.0405768
113,4,14,20,33,2,02萬華區,萬華區康定路與長沙街2段口,0,0,1,2,B03,8,5,5,50,4,1,1,5,4,5,13,2,1,5,5,5,2,17,1,21,3,10,7,1,7,5,1,8,1,8,,44,,1,21,121.5020616,25.0405768
113,4,14,20,50,2,05中正區,中正區中山南路與信義路1段口,0,0,1,1,C03,8,5,5,50,18,17,1,5,4,5,13,1,1,10,5,1,1,16,1,21,2,9,6,1,7,5,1,10,2,14,,96,,1,22,121.5179881,25.0387056
113,4,14,20,50,2,05中正區,中正區中山南路與信義路1段口,0,0,1,2,B01,8,5,5,50,18,17,1,5,4,5,13,1,1,10,5,1,1,16,1,58,3,10,7,1,7,9,1,4,2,1,,44,,1,21,121.5179881,25.0387056
113,4,14,21,2,2,04大安區,大安區敦化南路1段與敦化南路1段236巷口,0,0,1,1,B03,8,5,5,50,3,1,1,5,4,5,13,4,4,8,3,5,2,17,2,51,3,10,3,4,7,6,1,8,1,5,,9,,1,21,121.5485719,25.040583
113,4,14,21,2,2,04大安區,大安區敦化南路1段與敦化南路1段236巷口,0,0,1,2,C04,8,5,5,50,3,1,1,5,4,5,13,4,4,8,3,5,2,17,2,42,2,9,3,4,7,9,1,11,1,14,,14,,1,21,121.5485719,25.040583
113,4,14,21,19,2,04大安區,大安區復興南路1段255號,0,0,2,1,B03,8,5,5,50,14,9,1,5,4,5,13,4,4,1,4,5,2,16,1,32,3,10,7,1,7,9,1,8,1,5,,44,,1,21,121.5437643,25.033789
113,4,14,21,19,2,04大安區,大安區復興南路1段255號,0,0,2,2,C03,8,5,5,50,14,9,1,5,4,5,13,4,4,1,4,5,2,16,1,24,2,9,5,1,7,10,1,10,1,14,,103,,1,21,121.5437643,25.033789
113,4,14,21,19,2,04大安區,大安區復興南路1段255號,0,0,2,3,H02,8,5,5,50,14,9,1,5,4,5,13,4,4,1,4,5,2,16,2,24,2,9,5,5,7,20,8,20,10,16,,67,,1,21,121.5437643,25.033789
113,4,14,21,19,2,04大安區,大安區復興南路1段255號,0,0,2,4,B03,8,5,5,50,14,9,1,5,4,5,13,4,4,1,4,5,2,16,4,47,,,,,,1,,,11,,,19,,2,,121.5437643,25.033789
113,4,14,21,45,2,09北投區,北投區中央北路4段167號停車格,0,0,1,1,B03,8,5,5,50,14,9,1,5,4,5,13,4,4,5,2,5,2,17,1,46,3,10,7,1,7,11,1,8,1,4,,10,,1,22,121.4754233,25.13297392
113,4,14,21,45,2,09北投區,北投區中央北路4段167號停車格,0,0,1,2,C03,8,5,5,50,14,9,1,5,4,5,13,4,4,5,2,5,2,17,1,19,2,9,6,1,7,9,3,18,1,11,,13,,1,21,121.4754233,25.13297392
113,4,14,22,25,2,10文山區,文山區羅斯福路5段170巷與公館街口口,0,0,2,1,C03,8,5,5,30,3,1,1,5,4,5,13,4,4,10,5,5,2,16,1,24,3,10,5,1,7,5,1,10,1,11,,72,,1,21,121.5371997,25.0047033
113,4,14,22,25,2,10文山區,文山區羅斯福路5段170巷與公館街口口,0,0,2,2,C03,8,5,5,30,3,1,1,5,4,5,13,4,4,10,5,5,2,16,1,26,2,8,5,1,7,9,1,10,1,11,,108,,1,21,121.5371997,25.0047033
113,4,14,22,25,2,10文山區,文山區羅斯福路5段170巷與公館街口口,0,0,2,3,H02,8,5,5,30,3,1,1,5,4,5,13,4,4,10,5,5,2,16,2,26,2,8,5,5,7,20,8,20,10,17,,67,,1,21,121.5371997,25.0047033
113,4,15,0,15,2,08士林區,士林區福國路與福華路口,0,0,1,1,C03,8,5,5,50,4,1,1,5,4,5,13,2,1,1,3,5,1,16,1,19,2,9,3,4,7,15,1,10,2,12,,71,,1,22,121.5229992,25.1018353
113,4,15,0,15,2,08士林區,士林區福國路與福華路口,0,0,1,2,B03,8,5,5,50,4,1,1,5,4,5,13,2,1,1,3,5,1,16,1,35,3,10,3,4,7,15,1,8,2,1,,44,,1,22,121.5229992,25.1018353
113,4,15,0,42,2,04大安區,大安區仁愛路3段與建國南路1段口,0,0,1,1,B02,7,5,5,50,5,1,1,5,4,5,13,2,1,10,5,5,2,16,1,41,3,10,7,1,7,6,1,8,1,6,,44,,1,21,121.5376105,25.0380232
113,4,15,0,42,2,04大安區,大安區仁愛路3段與建國南路1段口,0,0,1,2,C03,7,5,5,50,5,1,1,5,4,5,13,2,1,10,5,5,2,16,1,20,2,9,6,1,7,9,1,10,1,11,,44,,1,21,121.5376105,25.0380232
113,4,15,3,30,2,04大安區,大安區延吉街與延吉街126巷口,0,0,2,1,C03,8,5,5,30,4,1,1,5,4,5,13,4,4,8,3,5,2,15,1,23,2,9,3,4,7,9,1,10,2,11,,72,,1,21,121.5547902,25.0403079
113,4,15,3,30,2,04大安區,大安區延吉街與延吉街126巷口,0,0,2,2,B01,8,5,5,30,4,1,1,5,4,5,13,4,4,8,3,5,2,15,1,39,2,1,3,4,7,9,1,8,2,1,,44,,1,21,121.5547902,25.0403079
113,4,15,3,30,2,04大安區,大安區延吉街與延吉街126巷口,0,0,2,3,B01,8,5,5,30,4,1,1,5,4,5,13,4,4,8,3,5,2,15,1,39,3,10,3,4,7,13,1,8,9,4,,38,,1,21,121.5547902,25.0403079
113,4,15,4,17,2,09北投區,北投區致遠一路1段與自強街口,0,0,1,1,B12,8,5,5,50,4,1,1,5,4,5,13,3,1,5,5,5,2,15,1,26,2,9,7,1,7,9,1,8,2,7,,80,,1,22,121.5146776,25.11065897
113,4,15,4,17,2,09北投區,北投區致遠一路1段與自強街口,0,0,1,2,B12,8,5,5,50,4,1,1,5,4,5,13,3,1,5,5,5,2,15,1,38,3,10,7,1,7,9,1,8,2,1,,14,,1,22,121.5146776,25.11065897
113,4,15,4,17,2,09北投區,北投區致遠一路1段與自強街口,0,0,1,4,C03,8,5,5,50,4,1,1,5,4,5,13,3,1,5,5,5,2,15,3,44,,,,,,,,,,,,67,,1,,121.5146776,25.11065897
113,4,15,4,17,2,09北投區,北投區致遠一路1段與自強街口,0,0,1,5,C03,8,5,5,50,4,1,1,5,4,5,13,3,1,5,5,5,2,15,3,48,,,,,,,,,,,,67,,1,,121.5146776,25.11065897
113,4,15,4,17,2,09北投區,北投區致遠一路1段與自強街口,0,0,1,6,C03,8,5,5,50,4,1,1,5,4,5,13,3,1,5,5,5,2,15,3,42,,,,,,,,,,,,67,,1,,121.5146776,25.11065897
113,4,15,4,17,2,09北投區,北投區致遠一路1段與自強街口,0,0,1,3,,8,5,5,50,4,1,1,5,4,5,13,3,1,5,5,5,2,15,3,80,,,,,,,,,,,,67,,1,,121.5146776,25.11065897
113,4,15,4,17,2,09北投區,北投區致遠一路1段與自強街口,0,0,1,7,C03,8,5,5,50,4,1,1,5,4,5,13,3,1,5,5,5,2,15,3,66,,,,,,,,,,,,67,,1,,121.5146776,25.11065897
113,4,15,4,17,2,09北投區,北投區致遠一路1段與自強街口,0,0,1,8,C03,8,5,5,50,4,1,1,5,4,5,13,3,1,5,5,5,2,15,3,36,,,,,,,,,,,,67,,1,,121.5146776,25.11065897
113,4,15,6,0,2,12內湖區,內湖區潭美街往堤外便道,0,0,1,2,C03,8,6,5,50,12,9,1,2,4,5,13,4,4,5,5,5,2,18,1,29,2,9,6,1,7,6,1,10,2,14,,108,,1,21,121.6103195,25.0627379
113,4,15,6,0,2,12內湖區,內湖區潭美街往堤外便道,0,0,1,1,A12,8,6,5,50,12,9,1,2,4,5,13,4,4,5,5,5,2,18,1,34,3,10,7,1,7,9,1,7,11,15,,67,,1,21,121.6103195,25.0627379
113,4,15,6,3,2,04大安區,大安區市民大道3段198號,0,0,2,1,C03,8,7,8,40,14,9,1,5,4,5,13,4,4,8,3,5,2,5,2,23,2,9,3,4,7,9,1,10,1,11,,108,,1,22,121.5384871,25.0445313
113,4,15,6,3,2,04大安區,大安區市民大道3段198號,0,0,2,2,H01,8,7,8,40,14,9,1,5,4,5,13,4,4,8,3,5,2,5,2,48,2,9,4,5,8,20,8,20,10,16,,67,,1,21,121.5384871,25.0445313
113,4,15,6,55,2,06松山區,松山區市民大道6段與基隆路1段口,0,0,1,1,C03,8,7,5,40,14,9,1,5,4,5,13,4,4,1,4,5,2,13,1,29,2,8,5,1,7,9,1,10,1,11,,16,,1,21,121.568628,25.04903407
113,4,15,6,55,2,06松山區,松山區市民大道6段與基隆路1段口,0,0,1,2,C03,8,7,5,40,14,9,1,5,4,5,13,4,4,1,4,5,2,13,1,53,3,10,5,1,7,12,1,10,1,13,,44,,1,21,121.568628,25.04903407
113,4,15,6,55,2,06松山區,松山區市民大道6段與基隆路1段口,0,0,1,3,C03,8,7,5,40,14,9,1,5,4,5,13,4,4,1,4,5,2,13,1,32,3,10,5,1,7,9,1,10,1,13,,13,,1,21,121.568628,25.04903407
113,4,15,6,56,2,09北投區,北投區大業路452巷與北投路2段口,0,0,1,1,B01,8,5,5,30,3,1,1,5,4,5,13,4,4,5,4,5,2,17,1,49,3,10,3,4,7,5,1,4,1,8,,72,,1,21,121.4975012,25.1318543
113,4,15,6,56,2,09北投區,北投區大業路452巷與北投路2段口,0,0,1,2,C03,8,5,5,30,3,1,1,5,4,5,13,4,4,5,4,5,2,17,1,75,2,9,3,4,7,9,1,10,1,11,,44,,1,21,121.4975012,25.1318543
113,4,15,7,34,2,10文山區,文山區三福街與景華街3巷口,0,0,1,1,C03,8,6,5,30,5,1,1,5,4,5,13,4,4,10,5,5,2,15,2,44,3,10,5,1,7,9,1,10,11,11,,44,,1,21,121.541419,24.9959255
113,4,15,7,34,2,10文山區,文山區三福街與景華街3巷口,0,0,1,2,C03,8,6,5,30,5,1,1,5,4,5,13,4,4,10,5,5,2,15,2,27,2,9,6,1,7,9,1,10,2,12,,72,,1,21,121.541419,24.9959255
113,4,15,7,36,2,12內湖區,內湖區大湖山莊街243巷1號前,0,0,2,1,C03,8,6,5,30,11,9,1,5,4,5,13,4,4,10,5,5,2,17,2,21,2,8,5,1,7,6,1,10,1,11,,5,,1,21,121.5992196,25.09063194
113,4,15,7,36,2,12內湖區,內湖區大湖山莊街243巷1號前,0,0,2,2,C03,8,6,5,30,11,9,1,5,4,5,13,4,4,10,5,5,2,17,2,42,2,9,5,1,7,6,1,10,1,11,,44,,1,21,121.5992196,25.09063194
113,4,15,7,41,2,02萬華區,萬華區漢口街2段與昆明街口行人穿越道,0,0,1,1,B03,8,5,5,50,4,18,1,5,4,5,13,2,1,8,3,5,1,3,1,39,3,10,7,1,7,5,1,8,1,1,,70,,1,21,121.5057008,25.0460284
113,4,15,7,41,2,02萬華區,萬華區漢口街2段與昆明街口行人穿越道,0,0,1,2,H01,8,5,5,50,4,18,1,5,4,5,13,2,1,8,3,5,1,3,1,71,2,9,4,5,8,16,8,20,10,16,,67,,1,21,121.5057008,25.0460284
113,4,15,7,54,2,02萬華區,萬華區桂林路246巷54號,0,0,2,1,C03,8,7,5,30,14,9,1,5,4,5,13,4,4,10,4,4,2,17,1,112,4,11,5,1,7,9,7,19,11,12,,44,,2,21,121.49242,25.0368527
113,4,15,7,54,2,02萬華區,萬華區桂林路246巷54號,0,0,2,2,C03,8,7,5,30,14,9,1,5,4,5,13,4,4,10,4,4,2,17,2,70,2,9,5,1,7,7,1,10,1,14,,44,,1,21,121.49242,25.0368527
113,4,15,7,54,2,02萬華區,萬華區桂林路246巷54號,0,0,2,3,C03,8,7,5,30,14,9,1,5,4,5,13,4,4,10,4,4,2,17,1,29,3,10,5,1,7,9,1,10,1,13,,44,,1,21,121.49242,25.0368527
113,4,15,7,54,2,02萬華區,萬華區桂林路246巷54號,0,0,2,4,H02,8,7,5,30,14,9,1,5,4,5,13,4,4,10,4,4,2,17,2,31,2,9,5,5,7,17,8,20,10,16,,67,,1,21,121.49242,25.0368527
113,4,15,8,20,2,05中正區,中正區汀州路2段與汀州路2段12巷口,0,0,1,1,C03,8,7,5,30,3,1,1,5,4,5,13,4,4,5,4,5,2,16,1,63,2,8,5,1,7,6,1,10,1,11,,72,,1,22,121.5161149,25.0257147
113,4,15,8,20,2,05中正區,中正區汀州路2段與汀州路2段12巷口,0,0,1,2,C03,8,7,5,30,3,1,1,5,4,5,13,4,4,5,4,5,2,16,1,47,3,10,6,1,7,9,1,10,1,12,,44,,1,22,121.5161149,25.0257147
113,4,15,8,38,2,01大同區,大同區長安西路201號,0,0,2,1,C03,8,6,5,50,14,9,1,5,4,5,13,4,4,5,5,5,2,12,2,22,2,8,6,1,7,9,1,10,1,12,,44,,1,22,121.5126096,25.0519018
113,4,15,8,38,2,01大同區,大同區長安西路201號,0,0,2,2,C03,8,6,5,50,14,9,1,5,4,5,13,4,4,5,5,5,2,12,2,49,2,9,6,1,7,9,1,10,1,14,,44,,1,22,121.5126096,25.0519018
113,4,15,8,40,2,07信義區,信義區忠孝東路5段423巷與忠孝東路5段423巷4弄口,0,0,1,1,C03,7,7,5,30,4,1,1,5,4,5,13,4,4,10,5,5,2,15,2,24,2,9,5,1,7,9,1,10,1,11,,72,,1,21,121.5753616,25.0413922
113,4,15,8,40,2,07信義區,信義區忠孝東路5段423巷與忠孝東路5段423巷4弄口,0,0,1,2,B03,7,7,5,30,4,1,1,5,4,5,13,4,4,10,5,5,2,15,1,46,3,10,7,1,7,9,1,8,1,2,,108,,1,21,121.5753616,25.0413922
113,4,15,8,46,2,12內湖區,內湖區內湖路1段285巷69弄12號,0,0,1,1,F01,8,6,6,30,12,9,1,5,4,5,13,4,4,10,5,5,2,12,2,35,2,9,2,4,7,9,8,20,2,11,,108,,1,22,121.5676261,25.0849642
113,4,15,8,46,2,12內湖區,內湖區內湖路1段285巷69弄12號,0,0,1,2,B01,8,6,6,30,12,9,1,5,4,5,13,4,4,10,5,5,2,12,1,46,3,10,3,4,7,9,1,8,2,2,,44,,1,22,121.5676261,25.0849642
113,4,15,8,46,2,12內湖區,內湖區內湖路1段285巷69弄12號,0,0,1,3,B03,8,6,6,30,12,9,1,5,4,5,13,4,4,10,5,5,2,12,1,29,3,10,3,4,7,13,1,8,1,7,,44,,1,22,121.5676261,25.0849642