發生年度,發生月,發生日,發生時-Hours,發生分,處理別-編號,區序,肇事地點,死亡人數,2-30日死亡人數,受傷人數,當事人序號,車種,天候,道路照明設備,道路類別,速限-速度限制,道路型態,事故位置,路面狀況1,路面狀況2,路面狀況3,道路障礙1,道路障礙2,號誌1,號誌2,車道劃分-分向,車道劃分-分道1,車道劃分-分道2,車道劃分-分道3,事故類型及型態,性別,年齡,受傷程度,主要傷處,保護裝置,行動電話,車輛用途,當事者行動狀態,駕駛資格情形,駕駛執照種類,飲酒情形,車輛撞擊部位1,車輛撞擊部位2,肇因碼-個別,肇因碼-主要,個人肇逃否,職業,座標-X,座標-Y
113,4,15,8,55,2,04大安區,大安區仁愛路4段與大安路1段口,0,0,2,1,C03,8,6,5,50,4,1,1,5,4,5,13,1,1,10,5,5,2,16,2,55,2,9,5,1,7,5,1,10,1,12,,71,,1,21,121.5459928,25.0377369
113,4,15,8,55,2,04大安區,大安區仁愛路4段與大安路1段口,0,0,2,2,C03,8,6,5,50,4,1,1,5,4,5,13,1,1,10,5,5,2,16,1,65,2,9,5,1,7,9,1,10,1,11,,44,,1,21,121.5459928,25.0377369
113,4,15,9,0,2,03中山區,中山區中山北路3段181號與中山北路3段口,0,0,1,1,C03,8,7,8,50,22,9,1,5,4,5,13,4,4,1,4,5,2,17,1,55,2,7,6,1,7,9,1,10,1,11,,108,,1,21,121.522872,25.0684716
113,4,15,9,0,2,03中山區,中山區中山北路3段181號與中山北路3段口,0,0,1,2,B03,8,7,8,50,22,9,1,5,4,5,13,4,4,1,4,5,2,17,1,29,3,10,7,1,7,6,1,8,1,3,,44,,1,21,121.522872,25.0684716
113,4,15,9,18,2,09北投區,北投區中央北路3段與中央北路3段220巷口對面,0,0,1,1,B03,8,5,6,50,3,1,1,5,4,5,13,1,1,5,4,5,2,17,1,74,3,10,3,4,7,11,1,8,1,7,,83,,1,21,121.480617,25.1362473
113,4,15,9,18,2,09北投區,北投區中央北路3段與中央北路3段220巷口對面,0,0,1,2,C03,8,5,6,50,3,1,1,5,4,5,13,1,1,5,4,5,2,17,1,21,2,7,3,4,7,9,1,10,1,11,,13,,1,21,121.480617,25.1362473
113,4,15,9,30,2,09北投區,北投區學園路與自強街口,0,0,1,1,B02,8,6,5,30,5,2,1,5,4,5,13,1,1,9,4,5,1,17,1,44,3,10,7,1,7,6,1,8,1,5,,80,,1,21,121.4671484,25.1329653
113,4,15,9,30,2,09北投區,北投區學園路與自強街口,0,0,1,2,C03,8,6,5,30,5,2,1,5,4,5,13,1,1,9,4,5,1,17,1,18,2,9,6,1,7,1,1,10,1,11,,19,,1,21,121.4671484,25.1329653
113,4,15,9,31,2,02萬華區,萬華區堤外便道與堤外便道口南往北（長順街-桂林）,0,0,2,1,C03,8,7,5,40,14,9,1,5,4,3,10,4,4,10,5,5,2,11,1,72,2,9,5,1,7,9,1,10,9,14,,118,,2,21,121.5060577,25.03450012
113,4,15,9,31,2,02萬華區,萬華區堤外便道與堤外便道口南往北（長順街-桂林）,0,0,2,2,C03,8,7,5,40,14,9,1,5,4,3,10,4,4,10,5,5,2,11,1,18,2,9,6,1,7,9,1,10,2,14,,118,,1,21,121.5060577,25.03450012
113,4,15,9,31,2,02萬華區,萬華區堤外便道與堤外便道口南往北（長順街-桂林）,0,0,2,3,A12,8,7,5,40,14,9,1,5,4,3,10,4,4,10,5,5,2,11,1,25,3,10,7,1,7,15,1,8,9,7,,44,,1,21,121.5060577,25.03450012
113,4,15,9,43,2,03中山區,中山區中山北路2段與民權西路口,0,0,2,1,C03,8,5,5,50,14,9,1,5,4,5,13,1,1,1,4,5,2,13,2,35,2,7,3,4,7,9,1,10,1,11,,16,,1,21,121.5224887,25.06264557
113,4,15,9,43,2,03中山區,中山區中山北路2段與民權西路口,0,0,2,2,C03,8,5,5,50,14,9,1,5,4,5,13,1,1,1,4,5,2,13,1,33,2,8,3,4,7,9,1,10,1,13,,44,,1,21,121.5224887,25.06264557
113,4,15,9,57,2,04大安區,大安區基隆路2段與樂業街口,0,0,2,1,C03,8,5,5,50,14,9,1,5,4,5,13,2,1,10,5,5,2,13,2,32,2,9,3,4,7,15,1,10,1,13,,44,,1,22,121.5503079,25.0222674
113,4,15,9,57,2,04大安區,大安區基隆路2段與樂業街口,0,0,2,2,C03,8,5,5,50,14,9,1,5,4,5,13,2,1,10,5,5,2,13,1,49,2,9,3,4,7,9,1,10,1,11,,44,,1,22,121.5503079,25.0222674
113,4,15,9,59,2,09北投區,北投區石牌路1段與石牌路1段39巷口,0,0,1,1,C03,8,6,5,50,5,1,1,5,4,5,13,1,1,5,4,5,1,16,1,21,3,10,5,1,7,5,1,10,1,11,12,71,,1,21,121.5102504,25.1130658
113,4,15,9,59,2,09北投區,北投區石牌路1段與石牌路1段39巷口,0,0,1,2,C03,8,6,5,50,5,1,1,5,4,5,13,1,1,5,4,5,1,16,1,67,2,9,5,1,7,9,1,10,1,14,,44,,1,21,121.5102504,25.1130658
113,4,15,10,18,2,05中正區,中正區南海路56號,0,0,2,1,C03,8,7,5,30,14,9,1,5,4,5,13,1,1,10,4,5,2,13,2,48,2,9,5,4,7,9,1,10,9,11,,108,,1,21,121.5112578,25.0310833
113,4,15,10,18,2,05中正區,中正區南海路56號,0,0,2,2,C03,8,7,5,30,14,9,1,5,4,5,13,1,1,10,4,5,2,13,2,21,2,7,5,4,7,14,1,10,2,13,,44,,1,21,121.5112578,25.0310833
113,4,15,10,48,2,08士林區,士林區中正路與士商路口,0,0,1,1,C03,8,6,5,50,4,1,1,5,4,5,13,2,1,1,4,4,2,17,1,27,3,10,6,1,7,5,6,10,1,11,,8,,1,21,121.5187079,25.0923822
113,4,15,10,48,2,08士林區,士林區中正路與士商路口,0,0,1,2,C03,8,6,5,50,4,1,1,5,4,5,13,2,1,1,4,4,2,17,1,62,2,9,5,1,7,9,6,18,1,11,,44,,1,21,121.5187079,25.0923822
113,4,15,10,55,2,12內湖區,內湖區大湖山莊街與大湖山莊街168巷口,0,0,1,1,B01,7,7,5,30,4,1,1,5,4,5,13,4,4,5,5,5,2,13,1,65,3,10,7,1,7,9,1,4,1,1,,16,,1,21,121.6014547,25.0869597
113,4,15,10,55,2,12內湖區,內湖區大湖山莊街與大湖山莊街168巷口,0,0,1,2,C03,7,7,5,30,4,1,1,5,4,5,13,4,4,5,5,5,2,13,1,63,2,9,5,1,7,14,1,10,1,13,,44,,1,21,121.6014547,25.0869597
113,4,15,10,55,2,12內湖區,內湖區大湖山莊街與大湖山莊街168巷口,0,0,1,3,A04,7,7,5,30,4,1,1,5,4,5,13,4,4,5,5,5,2,13,1,65,3,10,7,1,7,14,1,2,1,3,,44,,1,21,121.6014547,25.0869597
113,4,15,11,21,2,05中正區,中正區金門街與金門街24巷口,0,0,1,1,C03,8,7,5,30,4,1,1,5,4,5,13,4,4,10,5,5,2,17,1,55,2,9,5,4,7,9,1,10,1,17,,108,,1,21,121.5231124,25.0215042
113,4,15,11,21,2,05中正區,中正區金門街與金門街24巷口,0,0,1,2,B03,8,7,5,30,4,1,1,5,4,5,13,4,4,10,5,5,2,17,1,74,3,10,7,4,7,9,1,8,1,17,,44,,1,21,121.5231124,25.0215042
113,4,15,11,21,2,12內湖區,內湖區瑞光路122巷41弄與瑞光路122巷口,0,0,2,1,C03,8,7,5,50,3,2,1,5,4,5,13,4,4,5,5,5,2,17,2,70,2,9,5,1,7,5,1,10,2,14,,8,,1,21,121.5800468,25.0715438
113,4,15,11,21,2,12內湖區,內湖區瑞光路122巷41弄與瑞光路122巷口,0,0,2,2,C03,8,7,5,50,3,2,1,5,4,5,13,4,4,5,5,5,2,17,1,43,2,7,5,1,7,9,1,10,2,15,,44,,1,21,121.5800468,25.0715438
113,4,15,11,25,2,01大同區,大同區延平北路4段與迪化街2段364巷口,0,0,1,1,B12,8,6,5,50,3,1,1,5,4,5,13,2,1,5,4,5,2,17,1,46,3,10,3,4,7,11,1,8,1,17,,10,,1,22,121.5112522,25.0729798
113,4,15,11,25,2,01大同區,大同區延平北路4段與迪化街2段364巷口,0,0,1,2,C03,8,6,5,50,3,1,1,5,4,5,13,2,1,5,4,5,2,17,1,30,2,9,6,4,7,9,1,10,1,14,,44,,1,22,121.5112522,25.0729798
113,4,15,12,26,2,07信義區,信義區基隆路1段17號,0,0,1,1,C03,8,5,5,50,14,8,1,5,4,5,13,2,1,1,4,5,1,13,1,23,2,7,5,1,7,15,1,10,1,11,,100,,1,21,121.5692198,25.048829
113,4,15,12,26,2,07信義區,信義區基隆路1段17號,0,0,1,2,B03,8,5,5,50,14,8,1,5,4,5,13,2,1,1,4,5,1,13,1,31,3,10,7,1,7,14,1,8,1,7,,44,,1,21,121.5692198,25.048829
113,4,15,12,40,2,08士林區,士林區文林路與雙溪街口口,0,0,1,1,C03,8,6,5,50,4,1,1,5,4,5,13,2,1,5,2,5,1,16,1,19,2,6,5,1,7,5,1,10,1,14,,8,,1,21,121.5233401,25.099699
113,4,15,12,40,2,08士林區,士林區文林路與雙溪街口口,0,0,1,2,B03,8,6,5,50,4,1,1,5,4,5,13,2,1,5,2,5,1,16,2,46,3,10,7,1,7,9,1,8,1,5,,44,,1,21,121.5233401,25.099699
113,4,15,12,40,2,09北投區,北投區大度路與中央北路2段257巷口,0,0,1,1,B03,8,6,5,70,4,1,1,5,4,5,13,2,1,1,4,1,2,17,1,47,3,10,7,1,7,8,1,8,2,2,,100,,1,21,121.4863488,25.1221133
113,4,15,12,40,2,09北投區,北投區大度路與中央北路2段257巷口,0,0,1,2,C03,8,6,5,70,4,1,1,5,4,5,13,2,1,1,4,1,2,17,1,25,2,6,6,1,7,9,1,10,9,11,,44,,1,21,121.4863488,25.1221133
113,4,15,12,56,2,03中山區,中山區長春路279號,0,0,1,1,B12,8,6,5,40,14,8,1,5,4,5,13,4,4,9,4,4,2,13,1,61,3,10,7,1,7,1,1,8,1,8,,19,,1,21,121.5415307,25.0546704
113,4,15,12,56,2,03中山區,中山區長春路279號,0,0,1,2,C03,8,6,5,40,14,8,1,5,4,5,13,4,4,9,4,4,2,13,1,53,2,7,5,2,7,9,1,10,1,11,,108,,1,21,121.5415307,25.0546704
113,4,15,13,13,2,12內湖區,內湖區瑞光路26巷與瑞光路26巷20弄口口旁,0,0,1,1,B03,7,6,5,0,3,2,1,5,4,5,13,4,4,5,5,5,2,2,1,55,4,11,3,4,7,9,7,19,11,15,,108,,2,22,121.5829281,25.06943116
113,4,15,13,13,2,12內湖區,內湖區瑞光路26巷與瑞光路26巷20弄口口旁,0,0,1,2,H01,7,6,5,0,3,2,1,5,4,5,13,4,4,5,5,5,2,2,2,34,2,7,4,5,8,16,8,20,1,16,,67,,1,21,121.5829281,25.06943116
113,4,15,14,29,2,12內湖區,內湖區成功路2段317巷與成功路2段317巷50弄口,0,0,1,1,C03,8,6,6,30,3,2,1,5,4,5,13,4,4,9,5,5,2,17,1,28,3,10,5,1,7,5,1,10,2,17,,4,,1,21,121.5915834,25.06996309
113,4,15,14,29,2,12內湖區,內湖區成功路2段317巷與成功路2段317巷50弄口,0,0,1,2,C03,8,6,6,30,3,2,1,5,4,5,13,4,4,9,5,5,2,17,1,44,2,9,5,1,7,6,1,10,2,14,,44,,1,21,121.5915834,25.06996309
113,4,15,14,43,2,07信義區,信義區松山路562號,0,0,1,1,C03,8,6,5,50,14,9,1,5,4,5,13,4,4,8,3,5,2,17,2,30,2,8,3,4,7,15,1,10,1,11,,116,,1,22,121.5782703,25.0372106
113,4,15,14,43,2,07信義區,信義區松山路562號,0,0,1,2,B01,8,6,5,50,14,9,1,5,4,5,13,4,4,8,3,5,2,17,1,25,3,10,3,4,7,9,1,4,1,6,,44,,1,21,121.5782703,25.0372106
113,4,15,14,48,2,05中正區,中正區中山南路與信義路1段口,0,0,1,1,C03,8,6,5,50,5,1,1,5,4,5,13,1,1,1,4,5,2,16,2,22,2,9,6,1,7,5,1,10,2,14,,44,,1,21,121.5178582,25.0386121
113,4,15,14,48,2,05中正區,中正區中山南路與信義路1段口,0,0,1,2,B03,8,6,5,50,5,1,1,5,4,5,13,1,1,1,4,5,2,16,1,46,3,10,7,1,7,9,1,8,2,5,,44,,1,21,121.5178582,25.0386121
113,4,15,15,7,2,12內湖區,內湖區星雲街與成功路3段口,0,0,1,1,B03,8,6,5,40,4,1,1,5,4,5,13,2,1,9,4,5,2,16,1,64,3,10,3,4,7,6,1,8,1,2,,9,,1,22,121.5900785,25.0775866
113,4,15,15,7,2,12內湖區,內湖區星雲街與成功路3段口,0,0,1,2,C03,8,6,5,40,4,1,1,5,4,5,13,2,1,9,4,5,2,16,2,54,2,9,6,1,7,9,1,10,1,14,,44,,1,22,121.5900785,25.0775866
113,4,15,15,10,2,05中正區,中正區新生南路1段與仁愛路2段口,0,0,2,1,C03,8,7,5,50,14,9,1,5,4,5,13,1,1,1,5,5,2,13,1,58,2,8,5,1,7,9,1,10,1,12,,108,,1,21,121.5326473,25.0384942
113,4,15,15,10,2,05中正區,中正區新生南路1段與仁愛路2段口,0,0,2,2,B03,8,7,5,50,14,9,1,5,4,5,13,1,1,1,5,5,2,13,2,29,3,10,7,1,7,12,1,8,1,7,,44,,1,21,121.5326473,25.0384942
113,4,15,15,10,2,05中正區,中正區新生南路1段與仁愛路2段口,0,0,2,3,H02,8,7,5,50,14,9,1,5,4,5,13,1,1,1,5,5,2,13,2,56,2,7,5,5,7,20,8,20,10,16,,67,,1,21,121.5326473,25.0384942
113,4,15,15,15,2,12內湖區,內湖區基湖路與基湖路10巷口,0,0,1,1,C03,8,6,5,50,4,1,1,5,4,5,13,2,1,5,4,5,2,16,1,29,2,8,6,1,7,5,1,10,1,12,,80,,1,21,121.5651351,25.08142855
113,4,15,15,15,2,12內湖區,內湖區基湖路與基湖路10巷口,0,0,1,2,B03,8,6,5,50,4,1,1,5,4,5,13,2,1,5,4,5,2,16,1,27,3,10,7,1,7,9,1,8,1,5,,44,,1,21,121.5651351,25.08142855
113,4,15,15,25,2,04大安區,大安區忠孝東路4段147巷與敦化南路1段177巷口,0,0,1,1,B12,8,7,5,30,3,18,1,5,4,5,13,4,4,10,5,5,2,1,1,30,3,10,3,4,7,5,1,8,2,8,,44,,1,22,121.5496907,25.04284781
113,4,15,15,25,2,04大安區,大安區忠孝東路4段147巷與敦化南路1段177巷口,0,0,1,2,H01,8,7,5,30,3,18,1,5,4,5,13,4,4,10,5,5,2,1,1,30,2,8,4,5,8,16,8,20,1,16,,121,,1,22,121.5496907,25.04284781
113,4,15,15,29,2,02萬華區,萬華區環河南路2段與長順街口,0,0,1,1,C03,8,6,5,50,4,1,1,5,4,5,13,2,1,1,5,5,2,16,1,41,3,10,6,1,7,5,1,10,1,14,,8,,1,26,121.4907753,25.03139307
113,4,15,15,29,2,02萬華區,萬華區環河南路2段與長順街口,0,0,1,2,C03,8,6,5,50,4,1,1,5,4,5,13,2,1,1,5,5,2,16,2,50,2,8,5,1,7,9,1,10,1,12,,44,,1,21,121.4907753,25.03139307
113,4,15,15,38,2,08士林區,士林區中山北路5段與劍潭路口,0,0,1,2,C03,8,6,5,40,5,2,1,5,4,5,13,2,1,1,4,1,1,12,2,20,2,8,5,1,7,9,1,10,1,14,,118,,1,21,121.5249212,25.08399253
113,4,15,15,38,2,08士林區,士林區中山北路5段與劍潭路口,0,0,1,1,,8,6,5,40,5,2,1,5,4,5,13,2,1,1,4,1,1,12,4,0,,,,,,,,,,,,119,,2,,121.5249212,25.08399253
113,4,15,16,1,2,04大安區,大安區潮州街60巷與潮州街60巷5弄口口,0,0,1,1,B01,8,6,5,30,3,1,1,5,4,5,13,4,4,10,5,5,2,2,1,31,3,10,7,4,7,9,1,4,11,8,,108,,1,21,121.5237617,25.0283557
113,4,15,16,1,2,04大安區,大安區潮州街60巷與潮州街60巷5弄口口,0,0,1,2,H01,8,6,5,30,3,1,1,5,4,5,13,4,4,10,5,5,2,2,2,67,2,9,4,5,8,16,8,20,10,16,,67,,1,21,121.5237617,25.0283557
113,4,15,16,13,2,09北投區,北投區大業路37號,0,0,2,1,C03,8,6,5,50,14,9,1,5,4,5,13,4,4,1,4,5,1,12,2,26,2,9,5,1,7,7,1,10,2,14,,100,,1,21,121.4993321,25.1223068
113,4,15,16,13,2,09北投區,北投區大業路37號,0,0,2,2,B03,8,6,5,50,14,9,1,5,4,5,13,4,4,1,4,5,1,12,2,55,3,10,7,1,7,9,1,8,2,2,,44,,1,21,121.4993321,25.1223068
113,4,15,16,13,2,09北投區,北投區大業路37號,0,0,2,3,H02,8,6,5,50,14,9,1,5,4,5,13,4,4,1,4,5,1,12,1,42,2,7,5,5,7,17,8,20,10,16,,67,,1,21,121.4993321,25.1223068
113,4,15,16,26,2,11南港區,南港區興中路與興中路28巷口,0,0,2,1,B03,7,6,5,50,3,2,1,5,4,5,13,4,4,5,4,5,2,16,2,61,3,10,7,1,7,5,1,8,1,1,,80,,1,21,121.6072351,25.0555742
113,4,15,16,26,2,11南港區,南港區興中路與興中路28巷口,0,0,2,2,C03,7,6,5,50,3,2,1,5,4,5,13,4,4,5,4,5,2,16,1,18,2,9,6,1,7,9,1,10,1,12,,14,,1,21,121.6072351,25.0555742
113,4,15,16,26,2,11南港區,南港區興中路與興中路28巷口,0,0,2,3,H02,7,6,5,50,3,2,1,5,4,5,13,4,4,5,4,5,2,16,1,17,2,9,6,5,7,20,8,20,10,16,,67,,1,21,121.6072351,25.0555742
113,4,15,16,57,2,03中山區,中山區林森北路與新生北路3段56巷口,0,0,1,1,C03,8,6,5,50,4,2,1,5,4,5,13,4,4,5,5,5,2,17,1,56,2,9,6,1,7,12,1,10,1,14,,42,,1,21,121.5256844,25.0653951
113,4,15,16,57,2,03中山區,中山區林森北路與新生北路3段56巷口,0,0,1,2,C03,8,6,5,50,4,2,1,5,4,5,13,4,4,5,5,5,2,17,2,24,3,10,6,1,7,15,1,10,1,17,,101,,1,21,121.5256844,25.0653951
113,4,15,17,7,2,06松山區,松山區吉祥路與八德路4段245巷32弄口,0,0,1,1,C03,8,5,5,30,3,1,1,5,4,5,13,4,4,5,4,5,2,17,1,33,2,7,6,4,7,6,1,10,1,14,,80,,1,22,121.5625389,25.0498064
113,4,15,17,7,2,06松山區,松山區吉祥路與八德路4段245巷32弄口,0,0,1,2,B03,8,5,5,30,3,1,1,5,4,5,13,4,4,5,4,5,2,17,1,38,3,10,3,4,7,9,1,8,1,1,,14,,1,22,121.5625389,25.0498064
113,4,15,17,7,2,06松山區,松山區吉祥路與八德路4段245巷32弄口,0,0,1,3,B12,8,5,5,30,3,1,1,5,4,5,13,4,4,5,4,5,2,17,1,29,3,10,3,4,7,13,1,8,11,17,,44,,1,22,121.5625389,25.0498064
113,4,15,17,23,2,04大安區,大安區敦化南路2段34號,0,0,1,1,C03,8,7,5,50,14,8,1,5,4,5,13,4,4,10,4,1,2,13,1,59,2,9,3,4,7,9,1,10,1,11,,16,,1,22,121.5485734,25.0325898
113,4,15,17,23,2,04大安區,大安區敦化南路2段34號,0,0,1,2,B03,8,7,5,50,14,8,1,5,4,5,13,4,4,10,4,1,2,13,1,57,3,10,3,4,7,15,1,8,1,3,,44,,1,22,121.5485734,25.0325898
113,4,15,17,25,2,05中正區,中正區重慶南路3段147號,0,0,2,1,C03,8,7,5,50,14,9,1,5,4,5,13,4,4,1,4,5,2,13,1,43,2,9,5,4,7,9,1,10,1,11,,16,,1,21,121.5169318,25.0231961
113,4,15,17,25,2,05中正區,中正區重慶南路3段147號,0,0,2,2,C03,8,7,5,50,14,9,1,5,4,5,13,4,4,1,4,5,2,13,1,60,2,5,5,4,7,15,1,10,1,13,,44,,1,21,121.5169318,25.0231961
113,4,15,17,25,2,05中正區,中正區重慶南路3段147號,0,0,2,3,C03,8,7,5,50,14,9,1,5,4,5,13,4,4,1,4,5,2,13,1,50,3,10,5,4,7,15,1,10,1,17,,44,,1,21,121.5169318,25.0231961
113,4,15,17,26,2,03中山區,中山區北安路305號,0,0,1,1,B01,7,5,5,50,14,9,1,5,4,5,13,1,1,1,4,5,2,16,1,31,3,10,3,4,7,6,1,4,1,2,,9,,1,21,121.5381416,25.07786571
113,4,15,17,26,2,03中山區,中山區北安路305號,0,0,1,2,C03,7,5,5,50,14,9,1,5,4,5,13,1,1,1,4,5,2,16,1,19,2,7,3,4,7,9,1,10,1,14,,14,,1,21,121.5381416,25.07786571
113,4,15,17,26,2,08士林區,士林區中正路與文林路口,0,0,1,1,B03,7,6,5,50,4,2,1,5,4,5,13,1,1,5,5,5,2,12,4,0,,,,,,,,,9,,,119,,2,,121.5246935,25.0949111
113,4,15,17,26,2,08士林區,士林區中正路與文林路口,0,0,1,2,B02,7,6,5,50,4,2,1,5,4,5,13,1,1,5,5,5,2,12,1,53,2,3,7,1,7,9,1,8,2,2,,119,,1,22,121.5246935,25.0949111
113,4,15,17,41,2,04大安區,大安區忠孝東路4段與敦化南路1段口,0,0,1,1,A04,7,6,5,50,4,1,1,5,4,5,13,1,1,1,4,5,1,9,1,46,3,10,7,1,7,12,1,2,1,17,,42,,1,21,121.5490888,25.0417075
113,4,15,17,41,2,04大安區,大安區忠孝東路4段與敦化南路1段口,0,0,1,2,H02,7,6,5,50,4,1,1,5,4,5,13,1,1,1,4,5,1,9,1,45,2,9,2,5,7,19,8,20,10,16,,42,,1,21,121.5490888,25.0417075
113,4,15,17,54,2,07信義區,信義區信義路5段18號,0,0,1,1,C03,8,5,8,50,14,9,1,5,4,5,13,4,4,1,4,5,2,13,1,26,2,9,5,1,7,9,1,10,1,11,,108,,1,22,121.5637258,25.0328902
113,4,15,17,54,2,07信義區,信義區信義路5段18號,0,0,1,2,B11,8,5,8,50,14,9,1,5,4,5,13,4,4,1,4,5,2,13,1,35,3,10,7,1,7,9,1,3,1,6,,44,,1,22,121.5637258,25.0328902
113,4,15,17,56,2,11南港區,南港區南深路040078燈桿,0,0,2,1,C03,7,5,5,30,14,7,1,5,4,5,13,4,4,5,4,4,2,12,1,18,2,9,6,1,7,9,1,10,2,12,,44,,1,21,121.6227998,25.0192073
113,4,15,17,56,2,11南港區,南港區南深路040078燈桿,0,0,2,2,C03,7,5,5,30,14,7,1,5,4,5,13,4,4,5,4,4,2,12,1,15,2,9,6,1,7,7,2,18,2,13,,100,,1,21,121.6227998,25.0192073
113,4,15,18,20,2,07信義區,信義區和平東路3段575巷與和平東路3段口,0,0,1,1,B03,7,5,5,30,3,1,1,5,4,5,13,4,4,10,5,5,2,3,1,50,3,10,3,4,7,6,6,18,2,1,,70,,1,22,121.5617403,25.015076
113,4,15,18,20,2,07信義區,信義區和平東路3段575巷與和平東路3段口,0,0,1,2,H01,7,5,5,30,3,1,1,5,4,5,13,4,4,10,5,5,2,3,2,74,2,8,4,5,8,16,8,20,10,16,,67,,1,22,121.5617403,25.015076
113,4,15,18,40,2,09北投區,北投區大度路3段往淡水,0,0,1,1,C03,8,5,5,50,14,9,1,5,4,5,13,4,4,1,5,5,2,17,1,33,3,10,6,1,7,9,1,10,1,11,,16,,1,21,121.4739751,25.12283391
113,4,15,18,40,2,09北投區,北投區大度路3段往淡水,0,0,1,2,C03,8,5,5,50,14,9,1,5,4,5,13,4,4,1,5,5,2,17,2,50,2,3,6,1,7,9,1,10,1,13,,44,,1,21,121.4739751,25.12283391
113,4,15,18,40,2,09北投區,北投區大度路3段往淡水,0,0,1,3,B03,8,5,5,50,14,9,1,5,4,5,13,4,4,1,5,5,2,17,2,64,3,10,7,1,7,8,1,8,1,17,,44,,1,21,121.4739751,25.12283391
113,4,15,18,45,2,11南港區,南港區東新街170-1號(南港公園前),0,0,1,1,B03,8,5,5,50,14,9,1,5,4,5,12,4,4,5,5,5,2,17,1,76,3,10,7,1,7,1,1,8,2,17,,19,,1,21,121.5913382,25.04618637
113,4,15,18,45,2,11南港區,南港區東新街170-1號(南港公園前),0,0,1,2,C03,8,5,5,50,14,9,1,5,4,5,12,4,4,5,5,5,2,17,2,27,2,9,6,1,7,9,1,10,2,12,,44,,1,21,121.5913382,25.04618637
113,4,15,18,51,2,04大安區,大安區金山南路2段136號,0,0,2,1,C03,8,5,5,50,14,9,1,5,4,5,13,4,4,8,3,5,2,13,1,23,2,9,3,4,7,9,1,10,1,11,,108,,1,21,121.52639,25.0295152
113,4,15,18,51,2,04大安區,大安區金山南路2段136號,0,0,2,2,C03,8,5,5,50,14,9,1,5,4,5,13,4,4,8,3,5,2,13,2,47,2,9,3,4,7,14,1,10,1,15,,44,,1,21,121.52639,25.0295152
113,4,15,19,16,2,07信義區,信義區永吉路30巷與忠孝東路5段71巷11弄口口,0,0,1,1,B01,7,5,5,30,4,1,1,5,4,5,13,4,4,10,5,5,2,15,1,45,3,10,7,1,7,9,1,4,2,1,,72,,1,21,121.5687355,25.0419495
113,4,15,19,16,2,07信義區,信義區永吉路30巷與忠孝東路5段71巷11弄口口,0,0,1,2,C03,7,5,5,30,4,1,1,5,4,5,13,4,4,10,5,5,2,15,1,67,2,9,6,1,7,9,1,10,2,14,,13,,1,21,121.5687355,25.0419495
113,4,15,19,16,2,07信義區,信義區永吉路30巷與忠孝東路5段71巷11弄口口,0,0,1,3,C03,7,5,5,30,4,1,1,5,4,5,13,4,4,10,5,5,2,15,2,40,3,10,3,4,7,14,1,10,1,12,,38,,1,21,121.5687355,25.0419495
113,4,15,19,16,2,07信義區,信義區永吉路30巷與忠孝東路5段71巷11弄口口,0,0,1,4,C03,7,5,5,30,4,1,1,5,4,5,13,4,4,10,5,5,2,15,2,43,3,10,3,4,7,14,1,10,1,12,,38,,1,21,121.5687355,25.0419495
113,4,15,19,20,2,02萬華區,萬華區昆明街與桂林路口,0,0,2,1,C03,8,6,5,50,4,2,1,5,4,5,13,2,1,5,4,5,2,17,2,44,4,11,3,4,7,9,7,19,11,12,,42,,2,21,121.5038829,25.03812153
113,4,15,19,20,2,02萬華區,萬華區昆明街與桂林路口,0,0,2,2,C03,8,6,5,50,4,2,1,5,4,5,13,2,1,5,4,5,2,17,2,22,2,9,6,1,7,7,1,10,1,14,,100,,1,21,121.5038829,25.03812153
113,4,15,19,20,2,02萬華區,萬華區昆明街與桂林路口,0,0,2,3,C03,8,6,5,50,4,2,1,5,4,5,13,2,1,5,4,5,2,17,1,23,3,10,6,1,7,6,1,9,1,14,,44,,1,21,121.5038829,25.03812153
113,4,15,19,20,2,02萬華區,萬華區昆明街與桂林路口,0,0,2,4,H02,8,6,5,50,4,2,1,5,4,5,13,2,1,5,4,5,2,17,2,24,2,8,6,5,7,20,8,20,10,16,,67,,1,21,121.5038829,25.03812153
113,4,15,19,21,2,10文山區,文山區辛亥路6段88號,0,0,1,1,C04,7,5,5,50,14,9,1,5,4,5,13,3,1,1,4,5,1,12,2,35,2,9,6,1,7,9,1,10,1,11,,118,,1,22,121.5523285,24.9888324
113,4,15,19,21,2,10文山區,文山區辛亥路6段88號,0,0,1,2,B01,7,5,5,50,14,9,1,5,4,5,13,3,1,1,4,5,1,12,1,59,3,10,7,1,7,9,1,3,1,2,,118,,1,21,121.5523285,24.9888324
113,4,15,19,43,2,12內湖區,內湖區南京東路6段482號前,0,0,1,1,B03,8,5,5,30,14,9,1,5,4,5,13,4,4,10,5,5,2,14,2,23,3,10,7,1,7,2,1,8,1,3,,12,,1,21,121.5888982,25.06070488
113,4,15,19,43,2,12內湖區,內湖區南京東路6段482號前,0,0,1,2,C03,8,5,5,30,14,9,1,5,4,5,13,4,4,10,5,5,2,14,1,64,2,7,6,1,7,9,1,10,1,11,,108,,1,21,121.5888982,25.06070488
113,4,15,20,20,2,12內湖區,內湖區港墘路26巷與港墘路口,0,0,1,1,B03,8,5,5,30,3,1,1,5,4,5,13,4,4,5,5,5,2,1,1,42,4,11,3,4,7,9,7,19,11,15,,5,,2,21,121.578082,25.08271295