發生年度,發生月,發生日,發生時-Hours,發生分,處理別-編號,區序,肇事地點,死亡人數,2-30日死亡人數,受傷人數,當事人序號,車種,天候,道路照明設備,道路類別,速限-速度限制,道路型態,事故位置,路面狀況1,路面狀況2,路面狀況3,道路障礙1,道路障礙2,號誌1,號誌2,車道劃分-分向,車道劃分-分道1,車道劃分-分道2,車道劃分-分道3,事故類型及型態,性別,年齡,受傷程度,主要傷處,保護裝置,行動電話,車輛用途,當事者行動狀態,駕駛資格情形,駕駛執照種類,飲酒情形,車輛撞擊部位1,車輛撞擊部位2,肇因碼-個別,肇因碼-主要,個人肇逃否,職業,座標-X,座標-Y
113,4,15,20,20,2,12內湖區,內湖區港墘路26巷與港墘路口,0,0,1,2,H01,8,5,5,30,3,1,1,5,4,5,13,4,4,5,5,5,2,1,1,25,2,7,4,5,8,16,8,20,10,16,,60,,1,21,121.578082,25.08271295
113,4,15,20,38,2,08士林區,士林區中正路與基河路口,0,0,2,1,C03,8,5,5,50,4,1,1,5,4,5,13,2,1,5,2,5,2,16,1,35,2,7,6,1,7,5,1,10,1,14,,8,,1,21,121.5199854,25.0934116
113,4,15,20,38,2,08士林區,士林區中正路與基河路口,0,0,2,2,B03,8,5,5,50,4,1,1,5,4,5,13,2,1,5,2,5,2,16,1,27,3,10,7,1,7,9,1,8,1,6,,44,,1,21,121.5199854,25.0934116
113,4,15,20,38,2,08士林區,士林區中正路與基河路口,0,0,2,3,H02,8,5,5,50,4,1,1,5,4,5,13,2,1,5,2,5,2,16,2,32,2,9,6,5,7,20,8,20,10,16,,67,,1,21,121.5199854,25.0934116
113,4,15,22,4,2,12內湖區,內湖區內湖路2段179巷60號旁,0,0,1,1,C03,8,5,5,50,14,9,1,5,4,5,13,4,4,9,5,5,2,16,1,20,2,9,6,1,7,9,1,9,2,11,,108,,1,21,121.5870431,25.08282717
113,4,15,22,4,2,12內湖區,內湖區內湖路2段179巷60號旁,0,0,1,2,C03,8,5,5,50,14,9,1,5,4,5,13,4,4,9,5,5,2,16,1,34,3,10,6,1,7,12,1,10,2,14,,44,,1,21,121.5870431,25.08282717
113,4,15,22,4,2,12內湖區,內湖區內湖路2段179巷60號旁,0,0,1,3,B03,8,5,5,50,14,9,1,5,4,5,13,4,4,9,5,5,2,16,2,59,3,10,7,1,7,11,1,8,2,7,,10,,1,21,121.5870431,25.08282717
113,4,15,22,13,2,12內湖區,內湖區石潭路與行善路口,0,0,2,1,C03,8,5,5,50,3,1,1,5,4,1,12,1,1,1,5,5,2,16,1,21,2,9,6,1,7,5,1,10,2,12,,8,,1,21,121.5849089,25.0631293
113,4,15,22,13,2,12內湖區,內湖區石潭路與行善路口,0,0,2,2,C03,8,5,5,50,3,1,1,5,4,1,12,1,1,1,5,5,2,16,2,19,2,9,6,1,7,9,1,10,2,11,,13,,1,21,121.5849089,25.0631293
113,4,15,22,22,2,05中正區,中正區中華路2段與廣州街口,0,0,1,1,B12,8,5,5,50,4,1,1,5,4,5,13,1,1,1,4,5,2,13,1,27,3,10,7,1,7,9,1,8,1,5,,108,,1,21,121.5065779,25.0358441
113,4,15,22,22,2,05中正區,中正區中華路2段與廣州街口,0,0,1,2,C03,8,5,5,50,4,1,1,5,4,5,13,1,1,1,4,5,2,13,1,32,2,8,5,1,7,14,1,10,1,13,,44,,1,21,121.5065779,25.0358441
113,4,16,1,53,2,03中山區,中山區吉林路110號,0,0,1,1,B01,8,5,5,50,14,9,1,5,4,5,13,3,1,4,5,4,1,12,1,45,3,10,7,1,7,11,1,4,1,8,,10,,1,21,121.5301022,25.0537906
113,4,16,1,53,2,03中山區,中山區吉林路110號,0,0,1,2,C03,8,5,5,50,14,9,1,5,4,5,13,3,1,4,5,4,1,12,2,19,2,8,6,1,7,9,1,10,1,12,,44,,1,21,121.5301022,25.0537906
113,4,16,6,50,2,07信義區,信義區虎林街與市民大道6段口,0,0,2,1,C03,8,6,5,40,4,1,1,5,4,5,13,1,1,1,4,5,2,17,2,25,2,9,3,4,7,9,1,10,1,11,,44,,1,22,121.5760406,25.0491512
113,4,16,6,50,2,07信義區,信義區虎林街與市民大道6段口,0,0,2,2,F01,8,6,5,40,4,1,1,5,4,5,13,1,1,1,4,5,2,17,1,65,2,5,4,4,7,9,8,20,1,11,,81,,1,22,121.5760406,25.0491512
113,4,16,7,20,2,03中山區,中山區民權東路2段160號前,0,0,1,1,C03,7,5,5,50,14,9,1,5,4,5,13,4,4,1,4,5,2,13,1,37,2,8,3,4,7,9,3,18,1,11,,44,,1,21,121.5351843,25.0623417
113,4,16,7,20,2,03中山區,中山區民權東路2段160號前,0,0,1,2,B03,7,5,5,50,14,9,1,5,4,5,13,4,4,1,4,5,2,13,1,52,3,10,3,4,7,12,1,8,1,7,,44,,1,21,121.5351843,25.0623417
113,4,16,7,20,2,12內湖區,內湖區堤外便道PU13A柱(東往西),0,0,1,1,B12,8,5,5,50,14,9,1,5,4,5,13,4,4,9,5,5,1,12,1,70,4,11,3,4,7,9,7,19,11,2,,119,,2,22,121.6170483,25.06573433
113,4,16,7,20,2,12內湖區,內湖區堤外便道PU13A柱(東往西),0,0,1,2,C03,8,5,5,50,14,9,1,5,4,5,13,4,4,9,5,5,1,12,1,23,2,9,6,1,7,9,1,10,1,14,,107,,1,21,121.6170483,25.06573433
113,4,16,7,26,2,01大同區,大同區承德路2段與民權西路口,0,0,1,1,C03,7,6,5,50,4,2,1,5,4,5,13,1,1,1,4,5,2,13,1,42,3,10,6,4,7,9,1,9,1,11,,108,,1,22,121.5179113,25.0628131
113,4,16,7,26,2,01大同區,大同區承德路2段與民權西路口,0,0,1,2,C03,7,6,5,50,4,2,1,5,4,5,13,1,1,1,4,5,2,13,1,29,2,8,6,4,7,9,1,10,1,13,,44,,1,22,121.5179113,25.0628131
113,4,16,7,26,2,01大同區,大同區承德路2段與民權西路口,0,0,1,3,C03,7,6,5,50,4,2,1,5,4,5,13,1,1,1,4,5,2,13,1,57,3,10,6,4,7,12,1,10,1,13,,44,,1,22,121.5179113,25.0628131
113,4,16,7,30,2,01大同區,大同區民族西路與承德路3段口,0,0,1,2,C03,8,5,5,50,5,2,1,5,4,5,13,2,1,9,4,5,2,12,1,47,2,9,5,1,7,15,1,10,1,11,,44,,1,22,121.5187348,25.0684601
113,4,16,7,30,2,01大同區,大同區民族西路與承德路3段口,0,0,1,1,C01,8,5,5,50,5,2,1,5,4,5,13,2,1,9,4,5,2,12,1,46,4,11,3,4,7,21,7,19,11,15,,108,,2,22,121.5187348,25.0684601
113,4,16,7,34,2,09北投區,北投區文林北路與明德路口,0,0,1,2,C04,8,6,5,50,4,1,1,5,4,5,13,2,1,1,4,4,2,16,2,51,2,9,5,1,7,5,1,11,2,13,,8,,1,21,121.5165565,25.1061156
113,4,16,7,34,2,09北投區,北投區文林北路與明德路口,0,0,1,1,B03,8,6,5,50,4,1,1,5,4,5,13,2,1,1,4,4,2,16,2,29,3,10,7,1,7,9,1,8,2,5,,44,,1,21,121.5165565,25.1061156
113,4,16,7,35,2,05中正區,中正區延平南路與愛國西路口,0,0,1,1,B03,8,6,6,50,5,1,1,5,4,5,13,2,1,1,4,4,2,16,1,39,3,10,7,1,7,6,1,8,1,5,,9,,1,21,121.5079301,25.0365665
113,4,16,7,35,2,05中正區,中正區延平南路與愛國西路口,0,0,1,2,C03,8,6,6,50,5,1,1,5,4,5,13,2,1,1,4,4,2,16,1,27,2,9,5,1,7,4,1,9,1,14,,108,,1,21,121.5079301,25.0365665
113,4,16,7,55,2,05中正區,中正區羅斯福路3段與師大路口,0,0,1,1,C03,7,7,5,50,4,2,1,5,4,5,13,1,1,1,4,5,2,12,2,40,2,8,5,4,7,15,1,10,2,14,,100,,1,21,121.5274769,25.021197
113,4,16,7,55,2,05中正區,中正區羅斯福路3段與師大路口,0,0,1,2,B03,7,7,5,50,4,2,1,5,4,5,13,1,1,1,4,5,2,12,1,42,3,10,7,4,7,9,1,8,2,5,,44,,1,21,121.5274769,25.021197
113,4,16,7,55,2,05中正區,中正區羅斯福路3段與師大路口,0,0,1,3,C03,7,7,5,50,4,2,1,5,4,5,13,1,1,1,4,5,2,12,1,48,3,10,5,4,7,15,1,10,2,17,,100,,1,21,121.5274769,25.021197
113,4,16,7,55,2,05中正區,中正區羅斯福路3段與師大路口,0,0,1,4,H02,7,7,5,50,4,2,1,5,4,5,13,1,1,1,4,5,2,12,2,42,4,11,7,5,7,20,8,20,10,16,,67,,1,21,121.5274769,25.021197
113,4,16,8,3,2,04大安區,大安區新生南路3段68號對面(南向北),0,0,1,1,B03,7,7,5,50,14,7,1,5,4,5,13,4,4,9,4,4,2,17,1,41,3,10,3,4,7,9,1,8,2,4,,44,,1,21,121.5338967,25.0195521
113,4,16,8,3,2,04大安區,大安區新生南路3段68號對面(南向北),0,0,1,2,C03,7,7,5,50,14,7,1,5,4,5,13,4,4,9,4,4,2,17,1,36,2,8,3,4,7,14,1,10,2,17,,44,,1,21,121.5338967,25.0195521
113,4,16,8,5,2,05中正區,中正區羅斯福路4段52巷與汀州路3段口,0,0,3,1,C03,8,6,5,50,3,1,1,5,4,5,12,2,1,5,4,5,2,16,1,25,2,6,5,1,7,5,1,10,1,12,,8,,1,21,121.5332737,25.0144063
113,4,16,8,5,2,05中正區,中正區羅斯福路4段52巷與汀州路3段口,0,0,3,2,C03,8,6,5,50,3,1,1,5,4,5,12,2,1,5,4,5,2,16,1,31,2,7,5,1,7,9,1,10,1,11,,44,,1,21,121.5332737,25.0144063
113,4,16,8,5,2,05中正區,中正區羅斯福路4段52巷與汀州路3段口,0,0,3,3,H02,8,6,5,50,3,1,1,5,4,5,12,2,1,5,4,5,2,16,2,25,2,6,5,5,7,20,8,20,10,16,,67,,1,21,121.5332737,25.0144063
113,4,16,8,20,2,08士林區,士林區承德路5段往北近士商路,0,0,1,1,C03,6,6,5,40,14,8,1,4,4,5,13,4,4,1,4,4,2,17,1,44,3,10,3,4,7,1,1,10,9,15,,19,,1,21,121.5144429,25.0954894
113,4,16,8,20,2,08士林區,士林區承德路5段往北近士商路,0,0,1,2,C03,6,6,5,40,14,8,1,4,4,5,13,4,4,1,4,4,2,17,1,29,2,9,6,4,7,9,6,10,9,11,,44,,1,21,121.5144429,25.0954894
113,4,16,8,22,2,12內湖區,內湖區行善路181巷與行善路口,0,0,1,1,B03,7,6,5,50,3,1,1,5,4,5,13,4,4,1,4,4,2,16,2,74,3,10,3,4,7,6,1,8,1,2,,9,,1,22,121.5815686,25.0596439
113,4,16,8,22,2,12內湖區,內湖區行善路181巷與行善路口,0,0,1,2,C03,7,6,5,50,3,1,1,5,4,5,13,4,4,1,4,4,2,16,2,51,2,9,6,1,7,9,1,10,1,14,,13,,1,22,121.5815686,25.0596439
113,4,16,8,22,2,12內湖區,內湖區行善路181巷與行善路口,0,0,1,3,B03,7,6,5,50,3,1,1,5,4,5,13,4,4,1,4,4,2,16,1,65,3,10,3,4,7,14,1,8,9,17,,38,,1,22,121.5815686,25.0596439
113,4,16,8,22,2,12內湖區,內湖區行善路181巷與行善路口,0,0,1,4,B03,7,6,5,50,3,1,1,5,4,5,13,4,4,1,4,4,2,16,2,32,3,10,3,4,7,14,1,8,9,17,,38,,1,22,121.5815686,25.0596439
113,4,16,8,22,2,12內湖區,內湖區行善路181巷與行善路口,0,0,1,5,B03,7,6,5,50,3,1,1,5,4,5,13,4,4,1,4,4,2,16,2,43,3,10,3,4,7,14,1,8,9,17,,38,,1,22,121.5815686,25.0596439
113,4,16,8,26,2,03中山區,中山區民權東路2段71巷與吉林路329巷口口,0,0,2,1,C03,7,7,5,30,4,1,1,5,4,5,13,4,4,9,5,5,2,15,2,39,2,8,6,1,7,9,1,10,1,14,,99,,1,22,121.5320323,25.0638111
113,4,16,8,26,2,03中山區,中山區民權東路2段71巷與吉林路329巷口口,0,0,2,2,C03,7,7,5,30,4,1,1,5,4,5,13,4,4,9,5,5,2,15,2,30,2,8,6,1,7,9,1,10,1,11,,14,,1,22,121.5320323,25.0638111
113,4,16,8,30,2,05中正區,中正區許昌街與南陽街口,0,0,1,1,C03,7,7,5,30,4,1,1,5,4,5,13,4,4,10,5,5,2,13,2,42,2,8,5,1,7,9,1,10,1,11,,108,,1,21,121.5161166,25.0455269
113,4,16,8,30,2,05中正區,中正區許昌街與南陽街口,0,0,1,2,C03,7,7,5,30,4,1,1,5,4,5,13,4,4,10,5,5,2,13,2,41,3,10,5,1,7,12,1,10,1,13,,44,,1,21,121.5161166,25.0455269
113,4,16,8,30,2,12內湖區,內湖區內湖路3段18巷與金龍路口,0,0,2,1,C03,7,6,5,30,3,1,1,5,4,4,12,4,4,7,4,4,1,17,1,53,2,9,5,1,7,5,1,10,1,11,,73,,1,21,121.5930307,25.0849163
113,4,16,8,30,2,12內湖區,內湖區內湖路3段18巷與金龍路口,0,0,2,2,C03,7,6,5,30,3,1,1,5,4,4,12,4,4,7,4,4,1,17,1,46,2,9,5,1,7,9,1,10,1,11,,14,,1,21,121.5930307,25.0849163
113,4,16,8,36,2,11南港區,南港區經貿二路62巷與經貿二路口,0,0,1,1,B03,8,6,5,50,3,1,1,5,4,5,13,2,1,1,3,5,2,16,1,46,3,10,3,4,7,6,1,8,2,6,,9,,1,21,121.6165508,25.0568567
113,4,16,8,36,2,11南港區,南港區經貿二路62巷與經貿二路口,0,0,1,2,F01,8,6,5,50,3,1,1,5,4,5,13,2,1,1,3,5,2,16,2,54,2,7,3,4,7,9,8,20,2,11,,44,,1,21,121.6165508,25.0568567
113,4,16,8,43,2,04大安區,大安區基隆路高架道(南向北下敦化南路前),0,0,1,1,A02,8,7,5,60,10,9,1,5,4,5,13,4,4,10,5,5,2,12,1,57,3,10,3,4,7,7,1,2,1,15,,100,,1,21,121.5422459,25.0153709
113,4,16,8,43,2,04大安區,大安區基隆路高架道(南向北下敦化南路前),0,0,1,2,B03,8,7,5,60,10,9,1,5,4,5,13,4,4,10,5,5,2,12,1,45,2,7,3,4,7,9,1,8,1,5,,108,,1,22,121.5422459,25.0153709
113,4,16,8,45,2,02萬華區,萬華區堤外便道往北(華中堤外停車場外),0,0,1,1,B13,7,5,8,50,22,22,1,5,4,5,13,4,4,10,5,5,2,17,2,47,3,10,3,4,7,1,1,8,1,8,,19,,1,21,121.4989688,25.0163138
113,4,16,8,45,2,02萬華區,萬華區堤外便道往北(華中堤外停車場外),0,0,1,2,C03,7,5,8,50,22,22,1,5,4,5,13,4,4,10,5,5,2,17,1,25,2,9,3,4,7,9,3,18,1,11,,42,,1,21,121.4989688,25.0163138
113,4,16,8,47,2,04大安區,大安區仁愛路4段71巷與敦化南路1段270巷口口,0,0,2,1,C03,8,6,5,30,4,1,1,5,4,5,13,4,4,10,5,5,2,15,1,51,2,9,5,1,7,9,1,9,1,14,,80,,1,21,121.5471324,25.0389742
113,4,16,8,47,2,04大安區,大安區仁愛路4段71巷與敦化南路1段270巷口口,0,0,2,2,C03,8,6,5,30,4,1,1,5,4,5,13,4,4,10,5,5,2,15,2,23,2,9,5,1,7,9,1,10,1,11,,13,,1,21,121.5471324,25.0389742
113,4,16,8,51,2,02萬華區,萬華區萬大路453號,0,0,1,1,C03,8,7,5,30,14,9,1,5,4,5,13,4,4,10,5,5,2,18,1,40,2,9,5,1,7,9,1,10,1,14,,42,,1,21,121.4979838,25.0207286
113,4,16,8,51,2,02萬華區,萬華區萬大路453號,0,0,1,2,,8,7,5,30,14,9,1,5,4,5,13,4,4,10,5,5,2,18,3,0,,,,,,,,,,,,67,,1,,121.4979838,25.0207286
113,4,16,9,27,2,07信義區,信義區忠孝東路5段與大道路口,0,0,1,1,C03,6,6,5,50,5,1,1,4,4,5,13,2,1,1,4,5,1,18,1,23,2,7,3,4,7,5,1,10,1,14,,42,,1,21,121.5808898,25.0429933
113,4,16,9,27,2,07信義區,信義區忠孝東路5段與大道路口,0,0,1,2,,6,6,5,50,5,1,1,4,4,5,13,2,1,1,4,5,1,18,3,0,,,,,,,,,,,,67,,1,,121.5808898,25.0429933
113,4,16,9,41,2,01大同區,大同區承德路3段276號,0,0,1,1,C03,7,6,5,50,14,9,1,5,4,5,13,4,4,1,4,5,2,13,1,20,2,8,6,4,7,15,1,10,1,11,,16,,1,22,121.5194027,25.0737113
113,4,16,9,41,2,01大同區,大同區承德路3段276號,0,0,1,2,B03,7,6,5,50,14,9,1,5,4,5,13,4,4,1,4,5,2,13,1,66,3,10,3,4,7,12,1,8,1,7,,44,,1,22,121.5194027,25.0737113
113,4,16,10,3,2,05中正區,中正區金山南路1段與金山南路1段79巷口,0,0,1,1,B01,6,6,5,30,3,2,1,4,4,5,13,4,4,1,4,5,2,17,1,53,3,10,7,1,7,6,1,2,2,15,,72,,1,21,121.5279339,25.0368964
113,4,16,10,3,2,05中正區,中正區金山南路1段與金山南路1段79巷口,0,0,1,2,C03,6,6,5,30,3,2,1,4,4,5,13,4,4,1,4,5,2,17,1,26,2,8,6,1,7,9,1,10,2,12,,97,,1,21,121.5279339,25.0368964
113,4,16,10,16,2,04大安區,大安區師大路與師大路135巷口,0,0,1,1,B03,7,7,5,30,4,1,1,5,4,5,13,4,4,5,5,5,1,16,1,21,3,10,3,4,7,5,1,8,1,1,,80,,1,21,121.5280552,25.0216119
113,4,16,10,16,2,04大安區,大安區師大路與師大路135巷口,0,0,1,2,F01,7,7,5,30,4,1,1,5,4,5,13,4,4,5,5,5,1,16,2,61,2,9,4,4,7,9,8,20,1,14,,42,,1,21,121.5280552,25.0216119
113,4,16,10,27,2,02萬華區,萬華區中華路2段30號,0,0,1,1,C03,7,6,5,50,14,9,1,5,4,5,13,4,4,5,4,5,2,13,1,50,2,9,6,1,7,9,1,10,1,11,,16,,1,21,121.5051532,25.0331865
113,4,16,10,27,2,02萬華區,萬華區中華路2段30號,0,0,1,2,C03,7,6,5,50,14,9,1,5,4,5,13,4,4,5,4,5,2,13,1,38,3,10,3,1,7,9,1,10,1,13,,44,,1,21,121.5051532,25.0331865
113,4,16,11,16,2,08士林區,士林區中正路620號與中正路口迴轉道,0,0,1,1,B12,8,6,5,50,3,1,1,5,4,5,13,4,4,10,5,5,1,16,1,32,3,10,7,1,7,5,1,8,2,2,,72,,1,21,121.5087517,25.0867318
113,4,16,11,16,2,08士林區,士林區中正路620號與中正路口迴轉道,0,0,1,2,C03,8,6,5,50,3,1,1,5,4,5,13,4,4,10,5,5,1,16,1,21,2,9,5,1,7,9,1,10,2,11,,44,,1,21,121.5087517,25.0867318
113,4,16,11,44,2,01大同區,大同區承德路2段與錦西街口,0,0,1,1,C03,8,6,5,50,5,1,1,5,4,5,13,4,4,1,5,5,2,13,1,75,2,7,6,1,7,9,1,10,1,11,,44,,1,21,121.5177776,25.0598631
113,4,16,11,44,2,01大同區,大同區承德路2段與錦西街口,0,0,1,2,B03,8,6,5,50,5,1,1,5,4,5,13,4,4,1,5,5,2,13,2,42,3,10,7,1,7,6,1,8,1,7,,44,,1,21,121.5177776,25.0598631
113,4,16,11,55,2,05中正區,中正區重慶北路1段與忠孝西路1段口,0,0,1,1,B11,8,6,5,50,4,1,1,5,4,5,13,1,1,10,4,5,2,16,1,56,3,10,7,1,7,6,1,4,2,2,,71,,1,21,121.51325,25.0473632
113,4,16,11,55,2,05中正區,中正區重慶北路1段與忠孝西路1段口,0,0,1,2,C03,8,6,5,50,4,1,1,5,4,5,13,1,1,10,4,5,2,16,1,24,2,9,6,1,7,9,1,10,2,14,,44,,1,21,121.51325,25.0473632
113,4,16,12,2,2,12內湖區,內湖區康寧街6號,0,0,3,1,C03,8,6,6,50,14,9,1,5,4,5,13,4,4,5,5,5,2,12,1,67,2,9,6,1,7,8,1,10,2,12,,100,,1,22,121.6176764,25.0676383
113,4,16,12,2,2,12內湖區,內湖區康寧街6號,0,0,3,2,C03,8,6,6,50,14,9,1,5,4,5,13,4,4,5,5,5,2,12,2,64,2,9,6,1,7,9,1,10,2,11,,44,,1,22,121.6176764,25.0676383
113,4,16,12,2,2,12內湖區,內湖區康寧街6號,0,0,3,3,C03,8,6,6,50,14,9,1,5,4,5,13,4,4,5,5,5,2,12,1,78,2,9,5,1,7,9,1,10,2,14,,44,,1,22,121.6176764,25.0676383
113,4,16,12,20,2,01大同區,大同區大龍街與大龍街159巷口,0,0,1,1,C03,8,5,5,30,3,1,1,5,4,5,13,4,4,10,5,5,2,12,2,56,2,9,5,1,7,15,1,10,2,11,,74,,1,22,121.5158848,25.0679911
113,4,16,12,20,2,01大同區,大同區大龍街與大龍街159巷口,0,0,1,2,B03,8,5,5,30,3,1,1,5,4,5,13,4,4,10,5,5,2,12,1,64,3,10,7,1,7,15,1,8,2,5,,14,,1,22,121.5158848,25.0679911
113,4,16,12,35,2,07信義區,信義區忠孝東路5段236巷3弄與忠孝東路5段372巷口,0,0,2,1,C03,8,7,5,30,4,1,1,5,4,5,13,4,4,5,5,5,2,15,1,36,2,9,3,4,7,9,1,10,1,14,,80,,1,21,121.5740053,25.0403561
113,4,16,12,35,2,07信義區,信義區忠孝東路5段236巷3弄與忠孝東路5段372巷口,0,0,2,2,C03,8,7,5,30,4,1,1,5,4,5,13,4,4,5,5,5,2,15,1,20,2,9,3,4,7,9,1,10,1,11,,13,,1,21,121.5740053,25.0403561
113,4,16,13,24,2,01大同區,大同區西寧北路與西寧北路口中興醫院急診室車道,0,0,1,1,B12,8,6,5,50,3,1,1,5,4,5,13,4,4,5,5,5,2,16,1,66,3,10,7,1,7,5,1,8,1,8,,101,,1,21,121.5084998,25.0514654
113,4,16,13,24,2,01大同區,大同區西寧北路與西寧北路口中興醫院急診室車道,0,0,1,2,C03,8,6,5,50,3,1,1,5,4,5,13,4,4,5,5,5,2,16,1,26,2,9,6,1,7,9,1,10,1,14,,44,,1,21,121.5084998,25.0514654
113,4,16,13,47,2,12內湖區,內湖區民權東路6段268號,0,0,2,1,C03,8,6,5,40,14,8,1,5,4,5,13,4,4,1,4,4,2,17,1,47,2,9,5,1,7,9,1,10,2,13,,44,,1,21,121.6047324,25.07183858
113,4,16,13,47,2,12內湖區,內湖區民權東路6段268號,0,0,2,2,C03,8,6,5,40,14,8,1,5,4,5,13,4,4,1,4,4,2,17,1,69,2,9,5,1,7,9,6,10,2,11,,108,,1,21,121.6047324,25.07183858
113,4,16,13,47,2,12內湖區,內湖區民權東路6段268號,0,0,2,3,B03,8,6,5,40,14,8,1,5,4,5,13,4,4,1,4,4,2,17,1,34,3,10,7,1,7,1,1,8,9,17,,19,,1,21,121.6047324,25.07183858
113,4,16,14,10,2,07信義區,信義區永吉路30巷123號,0,0,1,1,C03,8,7,5,30,14,9,1,5,4,5,13,4,4,9,5,5,2,16,2,33,3,10,6,4,7,5,1,10,1,11,,42,,1,21,121.5687655,25.0429159
113,4,16,14,10,2,07信義區,信義區永吉路30巷123號,0,0,1,2,F07,8,7,5,30,14,9,1,5,4,5,13,4,4,9,5,5,2,16,2,37,2,9,4,4,7,9,8,20,1,11,,42,,1,21,121.5687655,25.0429159
113,4,16,14,36,2,03中山區,中山區龍江路397巷2號,0,0,1,1,B03,8,6,5,30,14,9,1,5,4,5,13,4,4,10,5,5,2,16,2,47,3,10,7,1,7,5,1,8,2,4,,8,,1,21,121.5412209,25.0655492
113,4,16,14,36,2,03中山區,中山區龍江路397巷2號,0,0,1,2,C03,8,6,5,30,14,9,1,5,4,5,13,4,4,10,5,5,2,16,2,44,2,9,5,1,7,9,1,10,2,11,,5,,1,21,121.5412209,25.0655492
113,4,16,15,18,2,06松山區,松山區民生東路4段與民生東路4段80巷口,0,0,1,1,B13,8,5,5,50,3,1,1,5,4,5,13,2,1,3,4,5,2,13,1,47,3,10,3,4,7,9,1,8,1,1,,108,,1,22,121.5529211,25.05802811
113,4,16,15,18,2,06松山區,松山區民生東路4段與民生東路4段80巷口,0,0,1,2,C03,8,5,5,50,3,1,1,5,4,5,13,2,1,3,4,5,2,13,1,32,2,5,6,4,7,14,1,10,1,13,,44,,1,22,121.5529211,25.05802811
113,4,16,15,18,2,06松山區,松山區民生東路4段與民生東路4段80巷口,0,0,1,3,B01,8,5,5,50,3,1,1,5,4,5,13,2,1,3,4,5,2,13,1,59,3,10,3,4,7,14,1,4,1,3,,44,,1,22,121.5529211,25.05802811
113,4,16,15,45,2,12內湖區,內湖區成功路2段456巷與成功路2段456巷口,0,0,2,1,C03,7,5,5,30,3,1,1,5,4,5,13,4,4,10,5,5,1,16,2,23,2,9,5,1,7,5,1,10,1,13,,8,,1,21,121.5885996,25.07312432
113,4,16,15,45,2,12內湖區,內湖區成功路2段456巷與成功路2段456巷口,0,0,2,2,C03,7,5,5,30,3,1,1,5,4,5,13,4,4,10,5,5,1,16,1,54,2,7,5,1,7,9,1,10,1,11,,13,,1,21,121.5885996,25.07312432
113,4,16,16,32,2,02萬華區,萬華區康定路與康定路30巷口,0,0,1,1,B02,8,7,5,50,4,2,1,5,4,5,13,4,4,5,4,4,2,16,1,42,3,10,7,1,7,6,1,8,1,2,,74,,1,21,121.5027327,25.0440444
113,4,16,16,32,2,02萬華區,萬華區康定路與康定路30巷口,0,0,1,2,C03,8,7,5,50,4,2,1,5,4,5,13,4,4,5,4,4,2,16,1,41,2,9,6,1,7,9,1,10,1,14,,44,,1,21,121.5027327,25.0440444
113,4,16,17,0,2,09北投區,北投區天母西路130巷與振興街口,0,0,1,1,C02,8,6,5,50,3,1,1,5,4,5,13,4,4,5,5,5,2,3,1,48,3,10,6,1,7,9,1,9,1,11,,70,,1,21,121.5220262,25.1182724
113,4,16,17,0,2,09北投區,北投區天母西路130巷與振興街口,0,0,1,2,H01,8,6,5,50,3,1,1,5,4,5,13,4,4,5,5,5,2,3,2,72,2,7,4,5,8,16,8,20,10,16,,67,,1,21,121.5220262,25.1182724
113,4,16,17,0,2,09北投區,北投區天母西路130巷與振興街口,0,0,1,3,B03,8,6,5,50,3,1,1,5,4,5,13,4,4,5,5,5,2,3,2,68,3,10,7,1,7,13,1,8,1,17,,38,,1,21,121.5220262,25.1182724
113,4,16,17,10,2,08士林區,士林區延平北路6段與中正路口,0,0,2,1,C03,8,6,7,50,4,2,1,5,4,5,13,2,1,9,5,5,1,12,1,29,2,9,5,1,7,9,1,10,2,11,,16,,1,21,121.5086517,25.08683777
113,4,16,17,10,2,08士林區,士林區延平北路6段與中正路口,0,0,2,2,C03,8,6,7,50,4,2,1,5,4,5,13,2,1,9,5,5,1,12,1,22,2,9,5,1,7,9,1,10,2,12,,44,,1,21,121.5086517,25.08683777
113,4,16,17,23,2,05中正區,中正區林森南路與徐州路口口,0,0,1,2,C03,8,5,5,50,4,1,1,5,4,5,13,2,1,9,4,4,1,12,2,18,3,10,5,1,7,9,1,10,9,14,,101,,1,21,121.5222673,25.0412156
113,4,16,17,23,2,05中正區,中正區林森南路與徐州路口口,0,0,1,1,C03,8,5,5,50,4,1,1,5,4,5,13,2,1,9,4,4,1,12,1,30,4,11,3,4,7,9,1,10,9,12,,17,,2,22,121.5222673,25.0412156
113,4,16,17,23,2,05中正區,中正區林森南路與徐州路口口,0,0,1,3,H02,8,5,5,50,4,1,1,5,4,5,13,2,1,9,4,4,1,12,2,18,2,8,5,5,7,20,8,20,10,16,,67,,1,21,121.5222673,25.0412156
113,4,16,18,0,2,08士林區,士林區承德橋南往北009號路燈桿處,0,0,1,1,C03,7,5,5,50,8,7,1,5,4,5,13,4,4,9,4,4,1,17,1,56,3,10,5,1,7,9,1,10,2,15,,118,,1,21,121.5211504,25.07790325
113,4,16,18,0,2,08士林區,士林區承德橋南往北009號路燈桿處,0,0,1,2,C03,7,5,5,50,8,7,1,5,4,5,13,4,4,9,4,4,1,17,1,78,2,1,5,1,7,9,1,10,2,11,,118,,1,21,121.5211504,25.07790325
113,4,16,18,4,2,06松山區,松山區健康路與延壽街72巷口,0,0,1,1,B03,8,5,5,30,3,1,1,5,4,5,13,4,4,3,4,4,2,17,1,50,3,10,3,4,7,6,1,8,1,8,,74,,1,22,121.5655996,25.05427693