發生年度,發生月,發生日,發生時-Hours,發生分,處理別-編號,區序,肇事地點,死亡人數,2-30日死亡人數,受傷人數,當事人序號,車種,天候,道路照明設備,道路類別,速限-速度限制,道路型態,事故位置,路面狀況1,路面狀況2,路面狀況3,道路障礙1,道路障礙2,號誌1,號誌2,車道劃分-分向,車道劃分-分道1,車道劃分-分道2,車道劃分-分道3,事故類型及型態,性別,年齡,受傷程度,主要傷處,保護裝置,行動電話,車輛用途,當事者行動狀態,駕駛資格情形,駕駛執照種類,飲酒情形,車輛撞擊部位1,車輛撞擊部位2,肇因碼-個別,肇因碼-主要,個人肇逃否,職業,座標-X,座標-Y
113,4,16,18,4,2,06松山區,松山區健康路與延壽街72巷口,0,0,1,2,C03,8,5,5,30,3,1,1,5,4,5,13,4,4,3,4,4,2,17,1,32,2,9,6,4,7,9,1,10,1,12,,44,,1,22,121.5655996,25.05427693
113,4,16,18,4,2,06松山區,松山區健康路與延壽街72巷口,0,0,1,3,B03,8,5,5,30,3,1,1,5,4,5,13,4,4,3,4,4,2,17,1,56,3,10,3,4,7,13,1,8,11,8,,44,,1,22,121.5655996,25.05427693
113,4,16,18,4,2,06松山區,松山區健康路與延壽街72巷口,0,0,1,4,B03,8,5,5,30,3,1,1,5,4,5,13,4,4,3,4,4,2,17,1,64,3,10,3,4,7,13,1,8,11,3,,44,,1,22,121.5655996,25.05427693
113,4,16,18,12,2,06松山區,松山區民權大橋7510452燈桿,0,0,3,1,C03,8,5,5,30,8,11,1,5,4,5,13,4,4,1,3,4,2,13,1,35,2,9,5,1,7,10,1,10,2,12,,102,,1,21,121.5670148,25.0633076
113,4,16,18,12,2,06松山區,松山區民權大橋7510452燈桿,0,0,3,2,C03,8,5,5,30,8,11,1,5,4,5,13,4,4,1,3,4,2,13,2,53,2,9,5,1,7,9,1,10,2,13,,16,,1,21,121.5670148,25.0633076
113,4,16,18,12,2,06松山區,松山區民權大橋7510452燈桿,0,0,3,3,C03,8,5,5,30,8,11,1,5,4,5,13,4,4,1,3,4,2,13,1,18,2,8,5,1,7,9,1,10,2,14,,16,,1,21,121.5670148,25.0633076
113,4,16,18,12,2,06松山區,松山區民權大橋7510452燈桿,0,0,3,4,C03,8,5,5,30,8,11,1,5,4,5,13,4,4,1,3,4,2,13,2,30,3,10,5,1,7,9,1,10,2,11,,16,,1,21,121.5670148,25.0633076
113,4,16,18,12,2,06松山區,松山區民權大橋7510452燈桿,0,0,3,5,C03,8,5,5,30,8,11,1,5,4,5,13,4,4,1,3,4,2,13,1,46,3,10,5,1,7,7,1,10,11,17,,44,,1,21,121.5670148,25.0633076
113,4,16,18,12,2,06松山區,松山區民權大橋7510452燈桿,0,0,3,6,C03,8,5,5,30,8,11,1,5,4,5,13,4,4,1,3,4,2,13,1,57,3,10,5,1,7,9,1,10,11,17,,44,,1,22,121.5670148,25.0633076
113,4,16,18,30,2,07信義區,信義區松山路478號,0,0,1,1,B01,8,5,5,50,14,9,1,5,4,5,13,4,4,3,4,5,1,12,1,61,3,10,3,4,7,1,1,4,1,8,,19,,1,21,121.5777443,25.0399586
113,4,16,18,30,2,07信義區,信義區松山路478號,0,0,1,2,C03,8,5,5,50,14,9,1,5,4,5,13,4,4,3,4,5,1,12,1,25,2,9,6,4,7,9,1,10,1,13,,44,,1,21,121.5777443,25.0399586
113,4,16,18,31,2,01大同區,大同區承德路2段與民權西路口,0,0,1,1,C03,7,5,5,50,4,2,1,5,4,5,13,2,1,1,4,5,2,17,1,35,2,9,3,4,7,15,1,10,1,11,,108,,1,21,121.5184186,25.0627977
113,4,16,18,31,2,01大同區,大同區承德路2段與民權西路口,0,0,1,2,B03,7,5,5,50,4,2,1,5,4,5,13,2,1,1,4,5,2,17,1,23,3,10,3,4,7,9,1,8,1,6,,44,,1,21,121.5184186,25.0627977
113,4,16,19,5,2,09北投區,北投區立賢路168-1號,0,0,3,1,C04,7,5,5,50,14,9,1,5,4,5,13,3,1,1,4,1,2,16,2,29,2,8,5,1,7,5,1,8,1,14,,8,,1,21,121.5022478,25.1142949
113,4,16,19,5,2,09北投區,北投區立賢路168-1號,0,0,3,2,C03,7,5,5,50,14,9,1,5,4,5,13,3,1,1,4,1,2,16,2,36,2,8,5,1,7,9,1,10,1,12,,44,,1,21,121.5022478,25.1142949
113,4,16,19,5,2,09北投區,北投區立賢路168-1號,0,0,3,3,H02,7,5,5,50,14,9,1,5,4,5,13,3,1,1,4,1,2,16,2,34,2,1,5,5,7,20,8,20,10,17,,67,,1,21,121.5022478,25.1142949
113,4,16,19,10,2,05中正區,中正區汀州路3段與羅斯福路4段108巷口,0,0,2,1,C03,8,5,5,50,3,1,1,5,4,5,13,4,4,5,5,5,2,16,1,22,2,7,6,1,7,5,1,10,1,14,,72,,1,22,121.5349415,25.0130734
113,4,16,19,10,2,05中正區,中正區汀州路3段與羅斯福路4段108巷口,0,0,2,2,C03,8,5,5,50,3,1,1,5,4,5,13,4,4,5,5,5,2,16,2,44,2,7,6,1,7,9,1,10,1,11,,44,,1,22,121.5349415,25.0130734
113,4,16,19,10,2,05中正區,中正區汀州路3段與羅斯福路4段108巷口,0,0,2,3,H02,8,5,5,50,3,1,1,5,4,5,13,4,4,5,5,5,2,16,2,22,4,11,5,5,7,20,8,20,10,16,,67,,1,22,121.5349415,25.0130734
113,4,16,19,14,2,06松山區,松山區八德路3段8巷與八德路3段12巷52弄口,0,0,1,1,B01,7,5,5,30,4,1,1,5,4,5,13,2,1,8,4,5,2,15,1,54,3,10,7,1,7,9,1,4,1,4,,81,,1,21,121.5497007,25.046191
113,4,16,19,14,2,06松山區,松山區八德路3段8巷與八德路3段12巷52弄口,0,0,1,2,C03,7,5,5,30,4,1,1,5,4,5,13,2,1,8,4,5,2,15,1,64,2,9,6,1,7,9,1,9,1,11,,44,,1,22,121.5497007,25.046191
113,4,16,19,17,2,10文山區,文山區木柵路1段57-7號,0,0,2,1,C03,8,5,5,50,14,9,1,5,4,5,13,4,4,5,2,5,2,17,1,70,2,9,5,4,7,11,1,10,2,12,,42,,1,21,121.5456505,24.9867967
113,4,16,19,17,2,10文山區,文山區木柵路1段57-7號,0,0,2,2,C03,8,5,5,50,14,9,1,5,4,5,13,4,4,5,2,5,2,17,1,25,2,7,5,4,7,9,1,10,2,14,,42,,1,21,121.5456505,24.9867967
113,4,16,19,25,2,07信義區,信義區逸仙路20號口,0,0,1,1,F01,8,5,5,0,14,9,1,5,4,5,13,1,1,9,4,5,2,18,1,68,2,9,4,4,7,9,8,20,1,15,,108,,1,21,121.5614098,25.0394035
113,4,16,19,25,2,07信義區,信義區逸仙路20號口,0,0,1,2,,8,5,5,0,14,9,1,5,4,5,13,1,1,9,4,5,2,18,3,0,,,,,,,,,,,,67,,1,,121.5614098,25.0394035
113,4,16,19,36,2,03中山區,中山區長安東路1段93號,0,0,1,1,B03,8,5,5,50,14,9,1,5,4,5,13,4,4,9,4,5,2,12,2,44,3,10,7,1,7,11,1,8,2,8,,10,,1,22,121.5286664,25.0481984
113,4,16,19,36,2,03中山區,中山區長安東路1段93號,0,0,1,2,C03,8,5,5,50,14,9,1,5,4,5,13,4,4,9,4,5,2,12,1,65,2,9,5,1,7,9,1,10,2,11,,44,,1,22,121.5286664,25.0481984
113,4,16,19,36,2,03中山區,中山區八德路2段60號,0,0,1,1,C03,8,5,5,50,14,9,1,5,4,5,13,1,1,4,3,5,1,13,2,19,2,8,6,1,7,9,1,10,1,11,,16,,1,21,121.535279,25.0453776
113,4,16,19,36,2,03中山區,中山區八德路2段60號,0,0,1,2,C03,8,5,5,50,14,9,1,5,4,5,13,1,1,4,3,5,1,13,1,41,3,10,6,1,7,14,1,10,1,13,,44,,1,21,121.535279,25.0453776
113,4,16,19,40,2,01大同區,大同區承德路2段與錦西街口,0,0,1,1,B03,8,5,5,50,4,1,1,5,4,5,13,2,1,4,1,5,2,16,1,38,3,10,7,1,7,5,1,8,2,2,,71,,1,21,121.518291,25.0601914
113,4,16,19,40,2,01大同區,大同區承德路2段與錦西街口,0,0,1,2,C03,8,5,5,50,4,1,1,5,4,5,13,2,1,4,1,5,2,16,1,31,2,9,6,1,7,9,1,10,2,11,,44,,1,21,121.518291,25.0601914
113,4,16,19,55,2,05中正區,中正區汀州路3段149號前,0,0,1,1,B03,7,5,5,50,14,9,1,5,4,5,13,2,1,4,5,5,1,17,4,0,,,,,,,,,,,,119,,2,,121.531258,25.015961
113,4,16,19,55,2,05中正區,中正區汀州路3段149號前,0,0,1,2,C04,7,5,5,50,14,9,1,5,4,5,13,2,1,4,5,5,1,17,1,49,2,9,6,1,7,9,6,18,2,17,,118,,1,21,121.531258,25.015961
113,4,16,20,43,2,01大同區,大同區延平北路3段與民權西路口,0,0,1,1,C03,8,5,5,50,4,1,1,5,4,5,13,1,1,1,4,5,2,17,1,64,3,10,6,1,7,5,1,10,1,14,,8,,1,21,121.5112173,25.0629958
113,4,16,20,43,2,01大同區,大同區延平北路3段與民權西路口,0,0,1,2,C03,8,5,5,50,4,1,1,5,4,5,13,1,1,1,4,5,2,17,1,32,2,9,6,1,7,9,1,10,1,12,,44,,1,21,121.5112173,25.0629958
113,4,16,22,0,2,05中正區,中正區中山南路與信義路1段口,0,0,1,1,C03,8,5,6,50,5,1,1,5,4,5,13,1,1,10,3,1,2,16,2,49,2,5,5,1,7,5,1,11,2,14,,96,,1,26,121.5179656,25.0386912
113,4,16,22,0,2,05中正區,中正區中山南路與信義路1段口,0,0,1,2,B01,8,5,6,50,5,1,1,5,4,5,13,1,1,10,3,1,2,16,1,54,3,10,7,1,7,9,1,4,2,1,,44,,1,26,121.5179656,25.0386912
113,4,16,23,47,2,02萬華區,萬華區康定路與桂林路口,0,0,3,1,C03,8,5,5,50,4,1,1,5,4,5,13,2,1,5,4,5,2,17,1,18,2,9,6,1,7,5,1,10,1,14,,8,,1,21,121.5017633,25.038392
113,4,16,23,47,2,02萬華區,萬華區康定路與桂林路口,0,0,3,2,C03,8,5,5,50,4,1,1,5,4,5,13,2,1,5,4,5,2,17,1,25,2,9,6,1,7,9,1,10,1,12,,44,,1,21,121.5017633,25.038392
113,4,16,23,47,2,02萬華區,萬華區康定路與桂林路口,0,0,3,3,H02,8,5,5,50,4,1,1,5,4,5,13,2,1,5,4,5,2,17,1,17,2,9,6,5,7,20,8,20,10,16,,67,,1,21,121.5017633,25.038392
113,4,16,23,52,2,03中山區,中山區中山北路2段39巷16-2號,0,0,1,1,B12,8,5,5,50,14,9,1,5,4,5,13,4,4,10,5,5,2,13,1,42,3,10,3,1,7,13,1,4,1,3,,38,,1,22,121.5241584,25.05369244
113,4,16,23,52,2,03中山區,中山區中山北路2段39巷16-2號,0,0,1,2,C03,8,5,5,50,14,9,1,5,4,5,13,4,4,10,5,5,2,13,1,27,2,9,5,1,7,4,1,10,1,11,,1,,1,22,121.5241584,25.05369244
113,4,16,23,52,2,03中山區,中山區中山北路2段39巷16-2號,0,0,1,3,B02,8,5,5,50,14,9,1,5,4,5,13,4,4,10,5,5,2,13,1,52,3,10,7,1,7,9,1,8,1,15,,44,,1,21,121.5241584,25.05369244
113,4,17,6,24,2,03中山區,中山區市民大道3段83號前,0,0,1,1,C03,8,7,5,40,14,9,1,5,4,5,13,1,1,4,4,5,2,17,2,43,2,9,3,4,7,9,6,10,1,14,,81,,1,21,121.537609,25.0449268
113,4,17,6,24,2,03中山區,中山區市民大道3段83號前,0,0,1,2,B03,8,7,5,40,14,9,1,5,4,5,13,1,1,4,4,5,2,17,1,35,3,10,3,4,7,9,1,8,1,5,,44,,1,21,121.537609,25.0449268
113,4,17,7,10,2,09北投區,北投區復興一路37號,0,0,1,1,C03,8,7,6,30,14,9,2,5,4,5,13,4,4,10,5,5,2,10,1,42,2,9,6,1,7,9,1,9,1,11,,108,,1,21,121.5027805,25.1401401
113,4,17,7,10,2,09北投區,北投區復興一路37號,0,0,1,2,B03,8,7,6,30,14,9,2,5,4,5,13,4,4,10,5,5,2,10,1,42,3,10,7,1,7,9,1,8,1,8,,5,,1,21,121.5027805,25.1401401
113,4,17,7,14,2,03中山區,中山區北安路與中山北路4段口,0,0,1,1,C03,8,6,5,50,4,1,1,5,4,5,13,1,1,3,4,5,2,12,2,61,2,8,6,1,7,9,1,10,1,12,,17,,1,21,121.5271618,25.07650043
113,4,17,7,14,2,03中山區,中山區北安路與中山北路4段口,0,0,1,2,C03,8,6,5,50,4,1,1,5,4,5,13,1,1,3,4,5,2,12,1,28,3,10,6,1,7,9,1,10,1,14,,17,,1,21,121.5271618,25.07650043
113,4,17,7,14,2,07信義區,信義區信義路5段與松勇路口,0,0,1,1,B03,8,6,5,50,3,1,1,5,4,5,13,4,4,1,4,5,1,16,2,45,3,10,3,4,7,6,1,8,1,2,,9,,1,21,121.5697206,25.0329483
113,4,17,7,14,2,07信義區,信義區信義路5段與松勇路口,0,0,1,2,C03,8,6,5,50,3,1,1,5,4,5,13,4,4,1,4,5,1,16,1,57,2,7,3,4,7,9,1,10,1,14,,44,,1,21,121.5697206,25.0329483
113,4,17,7,20,2,02萬華區,萬華區華中橋機車道往新北市(華中:023),0,0,2,1,C03,8,5,7,40,14,11,1,5,4,5,13,4,4,1,4,5,2,13,1,23,3,10,5,4,7,12,1,10,1,13,,44,,1,21,121.4953774,25.01224046
113,4,17,7,20,2,02萬華區,萬華區華中橋機車道往新北市(華中:023),0,0,2,2,C03,8,5,7,40,14,11,1,5,4,5,13,4,4,1,4,5,2,13,1,52,2,8,5,4,7,12,1,10,1,11,,108,,1,21,121.4953774,25.01224046
113,4,17,7,20,2,02萬華區,萬華區華中橋機車道往新北市(華中:023),0,0,2,3,C03,8,5,7,40,14,11,1,5,4,5,13,4,4,1,4,5,2,13,1,72,3,10,5,4,7,12,6,10,1,11,,108,,1,21,121.4953774,25.01224046
113,4,17,7,20,2,02萬華區,萬華區華中橋機車道往新北市(華中:023),0,0,2,4,H02,8,5,7,40,14,11,1,5,4,5,13,4,4,1,4,5,2,13,2,54,2,8,5,5,7,20,8,20,10,16,,67,,1,21,121.4953774,25.01224046
113,4,17,7,40,2,04大安區,大安區信義路3段與建國南路1段口,0,0,1,1,C03,8,7,5,50,4,2,1,5,4,5,13,2,1,10,5,5,2,17,1,52,2,9,3,4,7,9,1,10,1,14,,42,,1,22,121.5375824,25.03361562
113,4,17,7,40,2,04大安區,大安區信義路3段與建國南路1段口,0,0,1,2,B03,8,7,5,50,4,2,1,5,4,5,13,2,1,10,5,5,2,17,1,44,3,10,3,4,7,9,1,8,1,17,,44,,1,22,121.5375824,25.03361562
113,4,17,7,40,2,04大安區,大安區信義路3段與建國南路1段口,0,0,1,3,B03,8,7,5,50,4,2,1,5,4,5,13,2,1,10,5,5,2,17,2,50,3,10,3,4,7,9,1,8,1,17,,44,,1,22,121.5375824,25.03361562
113,4,17,7,45,2,06松山區,松山區撫遠街與民權東路5段口,0,0,1,1,C03,8,6,5,50,4,2,1,5,4,5,13,2,1,9,4,5,1,13,1,68,2,7,5,1,7,9,1,10,2,11,,42,,1,22,121.5659246,25.0631658
113,4,17,7,45,2,06松山區,松山區撫遠街與民權東路5段口,0,0,1,2,C03,8,6,5,50,4,2,1,5,4,5,13,2,1,9,4,5,1,13,1,54,3,10,6,1,7,9,1,10,2,13,,42,,1,22,121.5659246,25.0631658
113,4,17,7,56,2,01大同區,大同區民生西路290號,0,0,2,1,C03,8,6,5,50,14,9,1,5,4,5,13,4,4,9,5,5,2,17,1,41,2,9,6,1,7,5,1,10,1,12,,101,,1,21,121.5126933,25.0569305
113,4,17,7,56,2,01大同區,大同區民生西路290號,0,0,2,2,C03,8,6,5,50,14,9,1,5,4,5,13,4,4,9,5,5,2,17,2,39,2,9,6,1,7,9,1,10,1,14,,44,,1,21,121.5126933,25.0569305
113,4,17,8,0,2,08士林區,士林區至善路1段東向西,0,0,1,1,B03,8,6,5,40,14,9,1,5,4,5,13,3,1,1,5,4,1,17,1,71,3,10,7,1,7,9,1,8,1,2,,17,,1,21,121.5378587,25.0981635
113,4,17,8,0,2,08士林區,士林區至善路1段東向西,0,0,1,2,C03,8,6,5,40,14,9,1,5,4,5,13,3,1,1,5,4,1,17,2,63,2,9,5,1,7,9,3,18,1,14,,17,,1,21,121.5378587,25.0981635
113,4,17,8,2,2,07信義區,信義區忠孝東路5段222號,0,0,1,1,C03,8,6,5,50,14,9,1,5,4,5,13,4,4,1,4,5,2,12,1,41,2,8,6,1,7,4,1,10,2,12,,16,,1,21,121.5705382,25.0409411
113,4,17,8,2,2,07信義區,信義區忠孝東路5段222號,0,0,1,2,B03,8,6,5,50,14,9,1,5,4,5,13,4,4,1,4,5,2,12,1,80,3,10,7,1,7,9,1,8,2,6,,44,,1,21,121.5705382,25.0409411
113,4,17,8,30,2,10文山區,文山區新光路2段30號旁(木柵動物園公務門前),0,0,2,1,C03,8,6,5,50,14,9,1,5,4,5,13,3,1,10,4,5,2,17,1,36,2,9,5,4,7,1,1,10,1,14,,19,,1,21,121.5832403,25.000178
113,4,17,8,30,2,10文山區,文山區新光路2段30號旁(木柵動物園公務門前),0,0,2,2,C03,8,6,5,50,14,9,1,5,4,5,13,3,1,10,4,5,2,17,1,26,2,9,5,4,7,8,1,9,1,12,,100,,1,21,121.5832403,25.000178
113,4,17,8,38,2,12內湖區,內湖區東湖路與東湖路33巷口,0,0,1,1,C03,8,5,5,50,3,2,1,5,4,5,13,4,4,5,4,5,1,12,1,31,2,9,5,1,7,9,1,10,1,13,,17,,1,21,121.6135706,25.06882753
113,4,17,8,38,2,12內湖區,內湖區東湖路與東湖路33巷口,0,0,1,2,C03,8,5,5,50,3,2,1,5,4,5,13,4,4,5,4,5,1,12,2,30,3,10,5,1,7,9,1,10,1,11,,44,,1,21,121.6135706,25.06882753
113,4,17,8,48,2,07信義區,信義區永吉路322號與永吉路口,0,0,1,1,B01,8,6,5,50,4,2,1,5,4,5,13,2,1,1,4,4,2,16,1,62,3,10,7,1,7,5,1,4,2,2,,71,,1,21,121.5754687,25.0454502
113,4,17,8,48,2,07信義區,信義區永吉路322號與永吉路口,0,0,1,2,C03,8,6,5,50,4,2,1,5,4,5,13,2,1,1,4,4,2,16,2,27,2,9,6,1,7,9,1,10,2,11,,107,,1,21,121.5754687,25.0454502
113,4,17,8,50,2,04大安區,大安區羅斯福路4段與羅斯福路4段123巷21弄口,0,0,1,1,C04,8,6,5,50,3,2,1,5,4,5,13,4,4,1,4,5,1,16,2,41,4,11,3,4,7,6,7,19,11,15,,9,,2,22,121.5375105,25.0099383
113,4,17,8,50,2,04大安區,大安區羅斯福路4段與羅斯福路4段123巷21弄口,0,0,1,2,C03,8,6,5,50,3,2,1,5,4,5,13,4,4,1,4,5,1,16,2,51,2,8,3,4,7,9,1,10,11,14,,44,,1,21,121.5375105,25.0099383
113,4,17,8,51,2,04大安區,大安區大安路1段與敦化南路1段190巷口,0,0,1,1,B03,8,6,5,30,4,1,1,5,4,5,13,4,4,10,5,5,2,15,2,40,3,10,7,1,7,9,1,8,1,1,,14,,1,21,121.5461357,25.0426691
113,4,17,8,51,2,04大安區,大安區大安路1段與敦化南路1段190巷口,0,0,1,2,C03,8,6,5,30,4,1,1,5,4,5,13,4,4,10,5,5,2,15,1,27,2,9,5,1,7,9,1,10,1,12,,13,,1,21,121.5461357,25.0426691
113,4,17,9,0,2,03中山區,中山區民生東路1段8號1段,0,0,1,1,B03,8,7,5,50,14,9,1,5,4,5,13,4,4,5,4,5,2,12,1,28,3,10,3,4,7,9,1,6,1,5,,108,,1,21,121.5232458,25.0579721
113,4,17,9,0,2,03中山區,中山區民生東路1段8號1段,0,0,1,2,C03,8,7,5,50,14,9,1,5,4,5,13,4,4,5,4,5,2,12,2,31,2,9,5,4,7,7,1,10,1,14,,100,,1,21,121.5232458,25.0579721
113,4,17,9,23,2,04大安區,大安區忠孝東路4段77巷與敦化南路1段190巷口,0,0,1,1,C03,8,7,5,30,4,1,1,5,4,5,13,4,4,8,5,5,2,15,2,26,2,9,6,1,7,9,1,10,1,14,,80,,1,21,121.5472184,25.0426441
113,4,17,9,23,2,04大安區,大安區忠孝東路4段77巷與敦化南路1段190巷口,0,0,1,2,B01,8,7,5,30,4,1,1,5,4,5,13,4,4,8,5,5,2,15,1,56,3,10,7,1,7,9,1,4,1,5,,108,,1,21,121.5472184,25.0426441
113,4,17,9,40,2,04大安區,大安區市民大道3段與復興南路1段口,0,0,1,1,C03,8,5,5,50,4,1,1,5,4,5,13,2,1,10,5,5,2,13,2,24,2,9,3,4,7,9,1,10,1,11,,108,,1,22,121.5437533,25.0448052
113,4,17,9,40,2,04大安區,大安區市民大道3段與復興南路1段口,0,0,1,2,B03,8,5,5,50,4,1,1,5,4,5,13,2,1,10,5,5,2,13,1,21,3,10,3,4,7,8,1,8,1,3,,100,,1,22,121.5437533,25.0448052
113,4,17,9,42,2,07信義區,信義區基隆路1段與松壽路口,0,0,1,1,C03,8,6,5,50,4,1,1,5,4,5,13,1,1,1,4,5,2,16,1,53,3,10,5,4,7,9,1,10,1,14,,87,,1,22,121.5614771,25.0358722
113,4,17,9,42,2,07信義區,信義區基隆路1段與松壽路口,0,0,1,2,C03,8,6,5,50,4,1,1,5,4,5,13,1,1,1,4,5,2,16,2,45,2,9,5,4,7,6,1,10,1,12,,44,,1,22,121.5614771,25.0358722
113,4,17,9,49,2,03中山區,中山區林森北路與中山北路2段45巷口,0,0,1,1,B12,8,6,5,50,4,1,1,5,4,5,13,4,4,5,4,5,2,9,1,48,3,10,7,1,7,6,1,8,1,6,,70,,1,21,121.5253546,25.05435043
113,4,17,9,49,2,03中山區,中山區林森北路與中山北路2段45巷口,0,0,1,2,H01,8,6,5,50,4,1,1,5,4,5,13,4,4,5,4,5,2,9,2,25,2,9,4,5,8,16,8,20,1,16,,53,,1,21,121.5253546,25.05435043
113,4,17,9,58,2,03中山區,中山區中山北路2段44巷與中山北路2段口,0,0,1,1,B03,8,6,5,50,4,2,1,5,4,5,13,4,4,5,5,5,2,17,1,47,2,7,3,4,7,15,1,8,1,17,,44,,1,22,121.5225553,25.0550345
113,4,17,9,58,2,03中山區,中山區中山北路2段44巷與中山北路2段口,0,0,1,2,C03,8,6,5,50,4,2,1,5,4,5,13,4,4,5,5,5,2,17,1,40,3,10,6,4,7,9,1,8,1,17,,44,,1,22,121.5225553,25.0550345
113,4,17,10,3,2,03中山區,中山區中山北路1段與市民大道1段口,0,0,1,1,C03,8,5,5,40,4,1,1,5,4,5,13,1,1,1,4,5,2,17,1,75,2,9,3,4,7,7,1,10,2,13,,100,,1,21,121.520656,25.0481941
113,4,17,10,3,2,03中山區,中山區中山北路1段與市民大道1段口,0,0,1,2,A04,8,5,5,40,4,1,1,5,4,5,13,1,1,1,4,5,2,17,1,35,3,10,3,4,7,9,1,2,2,1,,44,,1,21,121.520656,25.0481941
113,4,17,10,18,2,01大同區,大同區承德路1段與南京西路口,0,0,2,1,C03,8,6,5,50,5,1,1,5,4,5,13,2,1,1,4,5,2,17,2,19,3,10,6,1,7,6,1,10,1,12,,99,,1,21,121.5177724,25.0531611
113,4,17,10,18,2,01大同區,大同區承德路1段與南京西路口,0,0,2,2,C03,8,6,5,50,5,1,1,5,4,5,13,2,1,1,4,5,2,17,1,25,2,9,6,1,7,9,1,10,1,11,,44,,1,21,121.5177724,25.0531611
113,4,17,10,18,2,01大同區,大同區承德路1段與南京西路口,0,0,2,3,C03,8,6,5,50,5,1,1,5,4,5,13,2,1,1,4,5,2,17,1,57,2,9,6,1,7,9,1,10,1,11,,44,,1,21,121.5177724,25.0531611
113,4,17,10,29,2,08士林區,士林區士商路與基河路240巷口,0,0,1,1,B03,8,6,5,50,3,1,1,5,4,5,13,2,1,5,5,5,2,16,2,62,3,10,7,1,7,11,1,8,1,1,,71,,2,21,121.5202454,25.0905817
113,4,17,10,29,2,08士林區,士林區士商路與基河路240巷口,0,0,1,2,C03,8,6,5,50,3,1,1,5,4,5,13,2,1,5,5,5,2,16,2,76,2,9,6,1,7,9,1,10,1,14,,44,,1,21,121.5202454,25.0905817
113,4,17,10,37,2,04大安區,大安區敦化南路2段與四維路170巷口,0,0,1,1,B03,8,7,5,50,14,8,1,5,4,1,13,2,1,1,4,1,2,11,1,74,3,10,3,4,7,11,1,8,1,2,,11,,1,21,121.5485309,25.0280739
113,4,17,10,37,2,04大安區,大安區敦化南路2段與四維路170巷口,0,0,1,2,C03,8,7,5,50,14,8,1,5,4,1,13,2,1,1,4,1,2,11,1,23,2,7,3,4,7,9,1,10,1,11,,13,,1,25,121.5485309,25.0280739
113,4,17,10,56,2,03中山區,中山區南京東路2段137號,0,0,3,1,B03,7,5,5,40,14,7,1,5,4,5,13,4,4,1,4,4,2,16,2,27,3,10,3,4,7,7,1,8,2,8,,100,,1,21,121.5352109,25.0521242
113,4,17,10,56,2,03中山區,中山區南京東路2段137號,0,0,3,2,C03,7,5,5,40,14,7,1,5,4,5,13,4,4,1,4,4,2,16,2,58,2,9,3,4,7,9,1,10,2,12,,44,,1,21,121.5352109,25.0521242
113,4,17,10,56,2,03中山區,中山區南京東路2段137號,0,0,3,3,C03,7,5,5,40,14,7,1,5,4,5,13,4,4,1,4,4,2,16,2,26,2,9,3,4,7,9,1,10,2,11,,44,,1,21,121.5352109,25.0521242
113,4,17,10,56,2,03中山區,中山區南京東路2段137號,0,0,3,4,H02,7,5,5,40,14,7,1,5,4,5,13,4,4,1,4,4,2,16,2,57,2,9,3,5,7,20,8,20,10,16,,67,,1,22,121.5352109,25.0521242
113,4,17,10,57,2,01大同區,大同區長安西路與鄭州路143巷口,0,0,2,1,C03,7,7,5,50,3,1,1,5,4,5,13,4,4,5,5,5,2,16,2,55,2,9,5,1,7,9,1,10,1,11,,44,,1,21,121.5100668,25.0519786
113,4,17,10,57,2,01大同區,大同區長安西路與鄭州路143巷口,0,0,2,2,C04,7,7,5,50,3,1,1,5,4,5,13,4,4,5,5,5,2,16,1,68,2,5,5,1,7,5,1,11,1,12,,74,,1,21,121.5100668,25.0519786
113,4,17,10,58,2,06松山區,松山區敦化北路201巷與民生東路4段54巷口,0,0,1,1,B02,7,6,5,30,3,2,1,5,4,5,13,4,4,10,5,5,2,12,1,47,3,10,7,1,7,1,1,8,1,8,,19,,1,21,121.5506232,25.0573323
113,4,17,10,58,2,06松山區,松山區敦化北路201巷與民生東路4段54巷口,0,0,1,2,C03,7,6,5,30,3,2,1,5,4,5,13,4,4,10,5,5,2,12,1,34,2,9,5,1,7,9,1,10,1,12,,13,,1,21,121.5506232,25.0573323
113,4,17,11,20,2,10文山區,文山區辛亥路4段與辛亥路4段101巷口,0,0,1,1,C03,8,6,5,50,3,1,1,5,4,5,13,1,1,5,4,5,2,16,1,21,3,10,6,1,7,6,1,10,1,12,,9,,1,22,121.5586019,25.0066256
113,4,17,11,20,2,10文山區,文山區辛亥路4段與辛亥路4段101巷口,0,0,1,2,C03,8,6,5,50,3,1,1,5,4,5,13,1,1,5,4,5,2,16,1,62,2,3,6,1,7,9,1,10,1,11,,44,,1,22,121.5586019,25.0066256
113,4,17,11,38,2,04大安區,大安區復興南路1段與大安路1段116巷口,0,0,2,1,B03,7,6,5,50,5,1,1,5,4,5,13,1,1,1,4,5,1,16,2,64,3,10,3,4,7,5,1,8,1,5,,8,,1,21,121.5438521,25.0398107
113,4,17,11,38,2,04大安區,大安區復興南路1段與大安路1段116巷口,0,0,2,2,C03,7,6,5,50,5,1,1,5,4,5,13,1,1,1,4,5,1,16,1,23,2,9,5,4,7,9,1,10,1,11,,44,,1,21,121.5438521,25.0398107