發生年度,發生月,發生日,發生時-Hours,發生分,處理別-編號,區序,肇事地點,死亡人數,2-30日死亡人數,受傷人數,當事人序號,車種,天候,道路照明設備,道路類別,速限-速度限制,道路型態,事故位置,路面狀況1,路面狀況2,路面狀況3,道路障礙1,道路障礙2,號誌1,號誌2,車道劃分-分向,車道劃分-分道1,車道劃分-分道2,車道劃分-分道3,事故類型及型態,性別,年齡,受傷程度,主要傷處,保護裝置,行動電話,車輛用途,當事者行動狀態,駕駛資格情形,駕駛執照種類,飲酒情形,車輛撞擊部位1,車輛撞擊部位2,肇因碼-個別,肇因碼-主要,個人肇逃否,職業,座標-X,座標-Y
113,4,17,11,38,2,04大安區,大安區復興南路1段與大安路1段116巷口,0,0,2,3,H02,7,6,5,50,5,1,1,5,4,5,13,1,1,1,4,5,1,16,2,22,2,8,6,5,7,20,8,20,10,16,,67,,1,21,121.5438521,25.0398107
113,4,17,11,47,2,07信義區,信義區松仁路與松勤街口,0,0,1,1,C03,7,7,5,50,4,1,1,5,4,5,13,2,1,5,4,5,2,17,1,21,3,10,5,1,7,5,1,10,1,13,,96,,1,21,121.5683815,25.0320272
113,4,17,11,47,2,07信義區,信義區松仁路與松勤街口,0,0,1,2,C03,7,7,5,50,4,1,1,5,4,5,13,2,1,5,4,5,2,17,2,51,2,9,5,1,7,9,1,10,1,11,,44,,1,21,121.5683815,25.0320272
113,4,17,12,10,2,05中正區,中正區重慶南路1段44號,0,0,1,1,B03,7,6,5,50,14,9,1,5,4,5,13,4,4,10,4,5,2,17,2,39,3,10,7,1,7,6,1,8,2,17,,9,,1,22,121.513182,25.0446596
113,4,17,12,10,2,05中正區,中正區重慶南路1段44號,0,0,1,2,C03,7,6,5,50,14,9,1,5,4,5,13,4,4,10,4,5,2,17,1,52,2,9,6,1,7,9,1,10,2,17,,116,,1,22,121.513182,25.0446596
113,4,17,12,34,2,08士林區,士林區仰德大道2段與仰德大道2段2巷口,0,0,1,1,B03,8,6,5,40,3,2,1,5,4,5,13,2,1,4,5,5,1,12,2,47,3,10,7,1,7,9,1,8,1,2,,44,,1,21,121.5395275,25.1020758
113,4,17,12,34,2,08士林區,士林區仰德大道2段與仰德大道2段2巷口,0,0,1,2,C03,8,6,5,40,3,2,1,5,4,5,13,2,1,4,5,5,1,12,1,21,2,9,6,1,7,9,1,10,1,14,,108,,1,25,121.5395275,25.1020758
113,4,17,13,8,2,05中正區,中正區和平西路1段與牯嶺街口,0,0,1,1,B03,7,7,5,50,4,1,1,5,4,5,13,1,1,1,4,5,2,17,1,59,3,10,7,1,7,6,1,8,1,2,,17,,1,22,121.5189721,25.0264862
113,4,17,13,8,2,05中正區,中正區和平西路1段與牯嶺街口,0,0,1,2,C03,7,7,5,50,4,1,1,5,4,5,13,1,1,1,4,5,2,17,1,19,2,9,5,1,7,9,1,10,1,14,,44,,1,22,121.5189721,25.0264862
113,4,17,13,13,2,12內湖區,內湖區南京東路6段與行善路59巷口,0,0,2,1,B03,7,6,5,50,4,1,1,5,4,5,13,1,1,1,4,4,2,15,1,58,3,10,7,1,7,9,1,8,1,1,,81,,1,21,121.5789875,25.0559085
113,4,17,13,13,2,12內湖區,內湖區南京東路6段與行善路59巷口,0,0,2,2,C03,7,6,5,50,4,1,1,5,4,5,13,1,1,1,4,4,2,15,1,52,2,9,5,1,7,9,1,10,1,12,,44,,1,21,121.5789875,25.0559085
113,4,17,13,13,2,12內湖區,內湖區南京東路6段與行善路59巷口,0,0,2,3,C03,7,6,5,50,4,1,1,5,4,5,13,1,1,1,4,4,2,15,1,55,2,9,5,1,7,9,1,10,1,12,,44,,1,21,121.5789875,25.0559085
113,4,17,13,45,2,12內湖區,內湖區瑞光路與江南街117巷8弄口口,0,0,1,1,A02,8,6,5,50,4,1,1,5,4,3,13,2,1,5,4,5,2,12,1,49,3,10,7,1,7,7,1,2,1,2,,67,,1,21,121.5760153,25.07575273
113,4,17,13,45,2,12內湖區,內湖區瑞光路與江南街117巷8弄口口,0,0,1,2,F01,8,6,5,50,4,1,1,5,4,3,13,2,1,5,4,5,2,12,1,57,2,9,2,1,7,7,8,20,1,14,,100,,1,21,121.5760153,25.07575273
113,4,17,13,45,2,12內湖區,內湖區瑞光路與江南街117巷8弄口口,0,0,1,3,B12,8,6,5,50,4,1,1,5,4,3,13,2,1,5,4,5,2,12,1,60,3,10,2,4,7,13,1,1,1,17,,38,,1,21,121.5760153,25.07575273
113,4,17,13,55,2,08士林區,士林區文林路736號,0,0,1,1,C03,8,6,5,50,14,7,1,5,4,5,13,4,4,1,4,4,1,17,1,82,2,9,5,1,7,7,1,10,1,13,,100,,1,21,121.5204967,25.1024871
113,4,17,13,55,2,08士林區,士林區文林路736號,0,0,1,2,B03,8,6,5,50,14,7,1,5,4,5,13,4,4,1,4,4,1,17,2,54,3,10,7,1,7,9,1,8,1,5,,44,,1,21,121.5204967,25.1024871
113,4,17,13,55,2,08士林區,士林區文林路736號,0,0,1,3,B02,8,6,5,50,14,7,1,5,4,5,13,4,4,1,4,4,1,17,1,31,3,10,7,1,7,9,1,8,1,7,,44,,1,21,121.5204967,25.1024871
113,4,17,14,8,2,05中正區,中正區濟南路1段與紹興南街口,0,0,1,1,B03,8,5,5,50,4,2,1,5,4,5,13,1,1,4,4,4,1,17,1,31,3,10,7,1,7,5,1,8,2,8,,98,,1,21,121.5242445,25.0420232
113,4,17,14,8,2,05中正區,中正區濟南路1段與紹興南街口,0,0,1,2,C03,8,5,5,50,4,2,1,5,4,5,13,1,1,4,4,4,1,17,1,41,2,9,5,1,7,9,1,10,2,11,,44,,1,21,121.5242445,25.0420232
113,4,17,14,10,2,06松山區,松山區八德路2段與八德路2段410巷口,0,0,2,1,B01,8,6,5,50,4,1,1,5,4,5,13,1,1,9,4,5,2,17,1,49,3,10,3,4,7,6,1,8,1,2,,17,,1,22,121.5468025,25.04815512
113,4,17,14,10,2,06松山區,松山區八德路2段與八德路2段410巷口,0,0,2,2,C03,8,6,5,50,4,1,1,5,4,5,13,1,1,9,4,5,2,17,1,40,2,9,6,1,7,9,1,10,1,14,,44,,1,22,121.5468025,25.04815512
113,4,17,14,10,2,06松山區,松山區八德路2段與八德路2段410巷口,0,0,2,3,H02,8,6,5,50,4,1,1,5,4,5,13,1,1,9,4,5,2,17,2,40,2,8,6,5,7,20,8,20,10,16,,67,,1,22,121.5468025,25.04815512
113,4,17,14,33,2,09北投區,北投區明德路3巷與文林北路166巷2弄口,0,0,1,1,C03,8,6,5,30,3,1,1,5,4,5,13,4,4,10,5,5,2,16,1,67,3,10,5,1,7,6,1,10,2,11,,9,,1,21,121.5165475,25.1068304
113,4,17,14,33,2,09北投區,北投區明德路3巷與文林北路166巷2弄口,0,0,1,2,C03,8,6,5,30,3,1,1,5,4,5,13,4,4,10,5,5,2,16,1,37,2,8,5,1,7,9,1,10,2,14,,5,,1,21,121.5165475,25.1068304
113,4,17,15,5,2,07信義區,信義區崇德街107號,0,0,1,1,B12,7,6,5,50,14,9,1,5,4,5,13,4,4,9,5,5,2,17,1,49,3,10,7,1,7,9,1,8,11,17,,120,,1,21,121.555909,25.0240188
113,4,17,15,5,2,07信義區,信義區崇德街107號,0,0,1,2,F01,7,6,5,50,14,9,1,5,4,5,13,4,4,9,5,5,2,17,2,41,2,9,4,1,7,9,8,20,11,17,,44,,1,21,121.555909,25.0240188
113,4,17,15,22,2,02萬華區,萬華區成都路44號,0,0,1,1,C03,8,7,5,50,14,9,1,5,4,5,13,4,4,10,4,5,2,17,2,59,2,9,6,1,7,1,1,10,1,13,,19,,1,21,121.506329,25.0426863
113,4,17,15,22,2,02萬華區,萬華區成都路44號,0,0,1,2,B01,8,7,5,50,14,9,1,5,4,5,13,4,4,10,4,5,2,17,1,65,3,10,7,1,7,9,1,4,1,8,,44,,1,21,121.506329,25.0426863
113,4,17,15,22,2,02萬華區,萬華區成都路44號,0,0,1,3,B01,8,7,5,50,14,9,1,5,4,5,13,4,4,10,4,5,2,17,1,56,3,10,3,4,7,14,7,19,9,17,,38,,1,21,121.506329,25.0426863
113,4,17,15,38,2,12內湖區,內湖區港墘路108號,0,0,1,1,F01,8,6,5,50,14,9,1,5,4,5,13,2,1,1,5,5,2,17,2,47,2,9,2,1,7,9,8,20,2,14,,108,,1,21,121.5771696,25.07998723
113,4,17,15,38,2,12內湖區,內湖區港墘路108號,0,0,1,2,B03,8,6,5,50,14,9,1,5,4,5,13,2,1,1,5,5,2,17,1,66,3,10,7,1,7,14,1,8,2,2,,44,,1,21,121.5771696,25.07998723
113,4,17,15,43,2,05中正區,中正區忠孝東路2段與八德路1段口,0,0,1,1,B03,8,7,5,50,3,1,1,5,4,5,13,1,1,1,3,4,2,12,1,45,3,10,7,1,7,8,1,8,1,5,,100,,1,21,121.5291839,25.04342158
113,4,17,15,43,2,05中正區,中正區忠孝東路2段與八德路1段口,0,0,1,2,C03,8,7,5,50,3,1,1,5,4,5,13,1,1,1,3,4,2,12,2,19,2,8,6,1,7,9,1,10,1,14,,44,,1,21,121.5291839,25.04342158
113,4,17,15,50,2,04大安區,大安區安和路2段與敦化南路2段63巷口,0,0,1,1,C03,7,7,5,50,4,2,1,5,4,5,13,2,1,10,5,5,2,12,1,36,2,9,3,4,7,7,1,10,1,14,,100,,1,21,121.552367,25.0309406
113,4,17,15,50,2,04大安區,大安區安和路2段與敦化南路2段63巷口,0,0,1,2,B01,7,7,5,50,4,2,1,5,4,5,13,2,1,10,5,5,2,12,1,57,3,10,3,4,7,9,1,4,1,2,,13,,1,21,121.552367,25.0309406
113,4,17,15,52,2,06松山區,松山區民生東路3段與民生東路3段110巷口,0,0,1,1,C03,7,5,5,50,14,9,1,5,4,5,13,4,4,1,3,5,2,13,1,38,2,9,5,1,7,9,1,10,1,11,,108,,1,21,121.5448896,25.0576328
113,4,17,15,52,2,06松山區,松山區民生東路3段與民生東路3段110巷口,0,0,1,2,B02,7,5,5,50,14,9,1,5,4,5,13,4,4,1,3,5,2,13,1,50,3,10,3,1,7,14,1,8,1,7,,38,,1,21,121.5448896,25.0576328
113,4,17,15,58,2,09北投區,北投區北投路1段7號(西安橋上),0,0,1,1,C03,8,7,8,50,14,9,1,5,4,5,13,4,4,9,4,5,1,17,1,22,3,10,5,1,7,8,1,10,1,15,,100,,1,21,121.5011219,25.1240798
113,4,17,15,58,2,09北投區,北投區北投路1段7號(西安橋上),0,0,1,2,C03,8,7,8,50,14,9,1,5,4,5,13,4,4,9,4,5,1,17,1,52,2,7,5,1,7,9,1,10,1,11,,108,,1,21,121.5011219,25.1240798
113,4,17,17,21,2,08士林區,士林區至誠路1段與雨聲街口,0,0,1,1,B03,8,6,5,50,5,2,1,5,4,5,13,2,1,5,4,5,1,16,2,56,3,10,7,1,7,6,1,8,1,2,,9,,1,21,121.5336762,25.10128465
113,4,17,17,21,2,08士林區,士林區至誠路1段與雨聲街口,0,0,1,2,C03,8,6,5,50,5,2,1,5,4,5,13,2,1,5,4,5,1,16,1,23,2,9,5,1,7,9,1,10,1,14,,13,,1,21,121.5336762,25.10128465
113,4,17,17,30,2,03中山區,中山區市民大道2段與天津街口,0,0,1,1,B03,6,7,5,50,4,1,1,4,4,5,13,1,1,10,5,5,2,16,1,45,3,10,7,1,7,9,1,8,1,5,,44,,1,21,121.5224494,25.04819545
113,4,17,17,30,2,03中山區,中山區市民大道2段與天津街口,0,0,1,2,C03,6,7,5,50,4,1,1,4,4,5,13,1,1,10,5,5,2,16,1,64,2,8,5,1,7,5,1,10,1,14,,8,,1,21,121.5224494,25.04819545
113,4,17,17,33,2,04大安區,大安區仁愛路4段與復興南路1段口,0,0,3,1,C03,7,7,5,50,4,3,1,5,4,5,13,2,1,10,5,5,2,17,2,62,2,9,3,4,7,9,1,10,1,11,,44,,1,22,121.5437791,25.03817107
113,4,17,17,33,2,04大安區,大安區仁愛路4段與復興南路1段口,0,0,3,2,C03,7,7,5,50,4,3,1,5,4,5,13,2,1,10,5,5,2,17,2,31,2,9,3,4,7,9,1,10,1,14,,44,,1,22,121.5437791,25.03817107
113,4,17,17,33,2,04大安區,大安區仁愛路4段與復興南路1段口,0,0,3,3,C03,7,7,5,50,4,3,1,5,4,5,13,2,1,10,5,5,2,17,2,22,2,9,3,4,7,9,1,10,1,14,,44,,1,22,121.5437791,25.03817107
113,4,17,18,0,2,11南港區,南港區玉成街與市民大道7段口,0,0,2,1,C04,7,5,5,50,4,2,1,5,4,5,13,1,1,5,4,5,2,17,2,37,2,9,5,1,7,5,1,10,1,13,,8,,1,21,121.5814922,25.0491
113,4,17,18,0,2,11南港區,南港區玉成街與市民大道7段口,0,0,2,2,C03,7,5,5,50,4,2,1,5,4,5,13,1,1,5,4,5,2,17,1,59,2,7,5,1,7,9,1,10,1,11,,44,,1,21,121.5814922,25.0491
113,4,17,18,3,2,05中正區,中正區忠孝東路2段64巷與忠孝東路2段口,0,0,1,1,B01,8,6,5,30,3,2,1,5,4,5,13,2,1,3,2,4,2,13,1,68,3,10,7,1,7,6,1,8,1,5,,108,,1,22,121.5287144,25.04338352
113,4,17,18,3,2,05中正區,中正區忠孝東路2段64巷與忠孝東路2段口,0,0,1,2,C03,8,6,5,30,3,2,1,5,4,5,13,2,1,3,2,4,2,13,1,41,2,8,5,1,7,14,1,10,1,13,,44,,1,22,121.5287144,25.04338352
113,4,17,18,4,2,08士林區,士林區中正路409號對面,0,0,1,1,B03,8,5,5,50,14,9,1,5,4,5,13,4,4,10,4,5,1,12,2,21,3,10,7,1,7,9,1,8,1,2,,108,,1,21,121.519269,25.09294407
113,4,17,18,4,2,08士林區,士林區中正路409號對面,0,0,1,2,C03,8,5,5,50,14,9,1,5,4,5,13,4,4,10,4,5,1,12,1,66,2,9,6,1,7,9,3,18,1,14,,44,,1,21,121.519269,25.09294407
113,4,17,18,18,2,12內湖區,內湖區瑞光路與江南街口,0,0,1,1,B03,8,5,5,50,3,1,1,5,4,5,13,1,1,5,5,5,2,3,1,52,3,10,7,1,7,11,1,8,2,1,,83,,1,21,121.5754364,25.0760766
113,4,17,18,18,2,12內湖區,內湖區瑞光路與江南街口,0,0,1,2,H01,8,5,5,50,3,1,1,5,4,5,13,1,1,5,5,5,2,3,2,44,2,9,4,5,8,16,8,20,10,16,,67,,1,21,121.5754364,25.0760766
113,4,17,18,33,2,07信義區,信義區松山路與虎林街119巷口,0,0,2,1,H01,7,5,5,50,22,18,1,5,4,5,13,1,1,5,5,5,2,3,2,72,2,2,4,5,8,16,8,20,10,16,,122,,1,21,121.5780564,25.0420443
113,4,17,18,33,2,07信義區,信義區松山路與虎林街119巷口,0,0,2,2,C03,7,5,5,50,22,18,1,5,4,5,13,1,1,5,5,5,2,3,1,37,2,9,5,3,7,9,1,10,2,11,,70,,1,21,121.5780564,25.0420443
113,4,17,18,45,2,03中山區,中山區濱江街105號與濱江街口,0,0,1,1,C03,8,5,5,50,3,1,1,5,4,5,13,1,1,5,2,5,2,17,1,23,3,10,5,1,7,5,1,10,1,11,,16,,1,21,121.5356293,25.0730662
113,4,17,18,45,2,03中山區,中山區濱江街105號與濱江街口,0,0,1,2,C03,8,5,5,50,3,1,1,5,4,5,13,1,1,5,2,5,2,17,1,48,2,9,5,1,7,9,1,10,1,11,,16,,1,21,121.5356293,25.0730662
113,4,17,19,0,2,02萬華區,萬華區昆明街與內江街口,0,0,1,1,B01,7,5,5,50,4,2,1,5,4,5,13,2,1,10,4,5,2,17,1,58,3,10,3,4,7,12,1,4,1,17,,14,,1,21,121.5047293,25.0416898
113,4,17,19,0,2,02萬華區,萬華區昆明街與內江街口,0,0,1,2,C03,7,5,5,50,4,2,1,5,4,5,13,2,1,10,4,5,2,17,1,59,2,9,5,1,7,9,1,10,1,17,,107,,1,22,121.5047293,25.0416898
113,4,17,19,30,2,07信義區,信義區基隆路2段與吳興街口口,0,0,1,1,B03,7,5,8,30,22,22,1,5,4,5,13,1,1,2,4,5,2,9,1,52,3,10,7,1,7,5,1,8,1,5,,16,,1,22,121.5588432,25.0319678
113,4,17,19,30,2,07信義區,信義區基隆路2段與吳興街口口,0,0,1,2,H01,7,5,8,30,22,22,1,5,4,5,13,1,1,2,4,5,2,9,2,48,2,9,4,5,8,16,8,20,1,16,,60,,1,22,121.5588432,25.0319678
113,4,17,19,41,2,10文山區,文山區木柵路4段98號對面,0,0,1,1,B03,7,5,5,50,11,9,1,5,4,5,13,4,4,10,4,5,2,17,1,54,3,10,7,1,7,6,1,8,1,4,,73,,1,21,121.576535,25.0001391
113,4,17,19,41,2,10文山區,文山區木柵路4段98號對面,0,0,1,2,C03,7,5,5,50,11,9,1,5,4,5,13,4,4,10,4,5,2,17,1,27,2,9,5,1,7,9,1,10,1,12,,44,,1,21,121.576535,25.0001391
113,4,17,21,8,2,08士林區,士林區格致路與格致路251巷口,0,0,1,1,B03,8,5,5,40,3,1,1,5,4,5,13,4,4,4,5,5,2,16,1,34,3,10,3,4,7,5,1,8,2,2,,74,,1,21,121.5496547,25.14567562
113,4,17,21,8,2,08士林區,士林區格致路與格致路251巷口,0,0,1,2,F01,8,5,5,40,3,1,1,5,4,5,13,4,4,4,5,5,2,16,1,34,2,9,4,4,7,9,8,20,2,15,,29,,1,21,121.5496547,25.14567562
113,4,17,21,17,2,08士林區,士林區社中街216號,0,0,2,1,C03,8,5,5,50,14,9,1,5,4,5,13,4,4,9,5,5,2,12,1,22,2,9,6,1,7,9,1,10,1,11,,108,,1,21,121.5083997,25.0911474
113,4,17,21,17,2,08士林區,士林區社中街216號,0,0,2,2,C03,8,5,5,50,14,9,1,5,4,5,13,4,4,9,5,5,2,12,2,43,2,9,6,1,7,14,1,10,1,13,,44,,1,21,121.5083997,25.0911474
113,4,17,22,8,2,04大安區,大安區忠孝東路3段218號對面,0,0,2,1,C03,7,5,5,50,14,9,1,5,4,5,13,4,4,1,4,5,2,16,1,51,2,9,3,4,7,9,1,10,1,11,,118,,1,21,121.5402977,25.0417701
113,4,17,22,8,2,04大安區,大安區忠孝東路3段218號對面,0,0,2,2,C03,7,5,5,50,14,9,1,5,4,5,13,4,4,1,4,5,2,16,1,25,2,9,3,4,7,9,1,10,1,14,,118,,1,21,121.5402977,25.0417701
113,4,17,23,0,2,01大同區,大同區鄭州路與太原路口,0,0,1,1,B03,8,5,5,40,3,1,1,5,4,5,13,3,1,8,3,5,2,16,1,23,3,10,7,1,7,6,1,8,1,2,,9,,1,21,121.5149372,25.04930165
113,4,17,23,0,2,01大同區,大同區鄭州路與太原路口,0,0,1,2,C03,8,5,5,40,3,1,1,5,4,5,13,3,1,8,3,5,2,16,1,19,3,10,6,1,7,9,1,10,1,11,,14,,1,21,121.5149372,25.04930165
113,4,17,23,0,2,01大同區,大同區鄭州路與太原路口,0,0,1,3,C03,8,5,5,40,3,1,1,5,4,5,13,3,1,8,3,5,2,16,2,40,2,8,6,1,7,14,1,10,1,11,,44,,1,21,121.5149372,25.04930165
113,4,17,23,55,2,04大安區,大安區辛亥路2段與建國南路2段口,0,0,1,1,C03,7,5,5,50,3,1,1,5,4,5,13,1,1,1,4,1,1,16,2,25,3,10,5,1,7,5,1,10,1,14,,85,,1,21,121.5378536,25.0227647
113,4,17,23,55,2,04大安區,大安區辛亥路2段與建國南路2段口,0,0,1,2,B01,7,5,5,50,3,1,1,5,4,5,13,1,1,1,4,1,1,16,1,59,3,10,7,1,7,9,1,4,1,2,,44,,1,21,121.5378536,25.0227647
113,4,17,23,55,2,04大安區,大安區辛亥路2段與建國南路2段口,0,0,1,3,H02,7,5,5,50,3,1,1,5,4,5,13,1,1,1,4,1,1,16,2,25,2,8,5,5,7,17,8,20,10,16,,67,,1,21,121.5378536,25.0227647
113,4,18,6,10,2,07信義區,信義區林口街38巷15號,0,0,1,1,F01,8,7,8,30,22,22,1,5,4,5,13,4,4,10,5,5,2,17,1,25,2,9,4,2,7,6,8,20,1,12,,111,,1,22,121.5800649,25.038135
113,4,18,6,10,2,07信義區,信義區林口街38巷15號,0,0,1,2,B03,8,7,8,30,22,22,1,5,4,5,13,4,4,10,5,5,2,17,1,53,3,10,3,1,7,13,1,8,9,4,,44,,1,22,121.5800649,25.038135
113,4,18,7,15,2,01大同區,大同區忠孝西路2段與塔城街口,0,0,1,1,F01,6,7,5,50,4,2,1,4,4,5,13,2,1,1,4,5,2,17,2,74,2,9,3,4,7,9,8,20,1,13,,81,,1,21,121.5098896,25.048493
113,4,18,7,15,2,01大同區,大同區忠孝西路2段與塔城街口,0,0,1,2,B03,6,7,5,50,4,2,1,4,4,5,13,2,1,1,4,5,2,17,1,63,3,10,3,4,7,5,1,8,1,5,,44,,1,21,121.5098896,25.048493
113,4,18,7,24,2,02萬華區,萬華區華江橋機車道往臺北,0,0,1,1,C03,6,7,7,40,14,11,1,4,4,5,13,4,4,10,3,5,2,13,1,53,3,10,5,1,7,7,1,10,2,13,,100,,1,21,121.487913,25.03557834
113,4,18,7,24,2,02萬華區,萬華區華江橋機車道往臺北,0,0,1,2,C03,6,7,7,40,14,11,1,4,4,5,13,4,4,10,3,5,2,13,2,19,2,9,5,1,7,9,1,10,2,11,,44,,1,21,121.487913,25.03557834
113,4,18,7,47,2,02萬華區,萬華區和平西路3段與西園路1段口,0,0,1,1,A02,6,7,5,50,5,1,1,4,4,5,13,1,1,3,4,5,2,17,1,51,3,10,7,1,7,6,1,6,1,2,,42,,1,21,121.4993879,25.0352183
113,4,18,7,47,2,02萬華區,萬華區和平西路3段與西園路1段口,0,0,1,2,C03,6,7,5,50,5,1,1,4,4,5,13,1,1,3,4,5,2,17,2,46,2,9,6,1,7,14,1,10,1,14,,108,,1,21,121.4993879,25.0352183
113,4,18,7,47,2,02萬華區,萬華區和平西路3段與西園路1段口,0,0,1,3,B03,6,7,5,50,5,1,1,4,4,5,13,1,1,3,4,5,2,17,1,59,3,10,7,1,7,6,1,8,9,4,,42,,1,22,121.4993879,25.0352183
113,4,18,7,52,2,05中正區,中正區杭州南路2段與羅斯福路1段119巷口,0,0,1,1,B03,6,6,6,50,3,1,1,4,4,5,13,4,4,4,4,5,2,17,1,71,3,10,7,1,7,5,1,8,11,1,,108,,1,21,121.5220569,25.0302988
113,4,18,7,52,2,05中正區,中正區杭州南路2段與羅斯福路1段119巷口,0,0,1,2,F02,6,6,6,50,3,1,1,4,4,5,13,4,4,4,4,5,2,17,2,51,2,8,4,1,7,9,8,20,11,11,,44,,1,21,121.5220569,25.0302988
113,4,18,8,10,2,07信義區,信義區信義路5段與松仁路口,0,0,1,1,C03,6,6,5,50,4,1,1,4,4,5,13,2,1,1,4,5,1,13,1,58,2,7,3,4,7,9,1,10,1,11,,42,,1,21,121.5683349,25.0329631
113,4,18,8,10,2,07信義區,信義區信義路5段與松仁路口,0,0,1,2,B03,6,6,5,50,4,1,1,4,4,5,13,2,1,1,4,5,1,13,1,32,3,10,3,4,7,9,1,8,1,3,,44,,1,21,121.5683349,25.0329631
113,4,18,8,31,2,05中正區,中正區汀州路2段與金門街12巷23弄口,0,0,1,1,C03,6,6,5,50,4,1,1,4,4,5,13,4,4,5,4,5,2,3,1,54,3,10,5,1,7,9,5,10,11,11,,70,,1,21,121.5230204,25.023083
113,4,18,8,31,2,05中正區,中正區汀州路2段與金門街12巷23弄口,0,0,1,2,H01,6,6,5,50,4,1,1,4,4,5,13,4,4,5,4,5,2,3,2,58,2,9,4,5,8,16,8,20,11,16,,67,,1,21,121.5230204,25.023083
113,4,18,8,41,2,01大同區,大同區延平北路2段與民權西路口,0,0,1,1,C03,6,6,5,40,5,1,1,4,4,5,13,2,1,1,4,1,2,17,2,48,3,10,6,1,7,9,1,10,1,17,,30,,1,21,121.5114024,25.0628508
113,4,18,8,41,2,01大同區,大同區延平北路2段與民權西路口,0,0,1,2,C03,6,6,5,40,5,1,1,4,4,5,13,2,1,1,4,1,2,17,2,32,2,9,6,1,7,9,1,10,1,14,,44,,1,21,121.5114024,25.0628508
113,4,18,8,49,2,02萬華區,萬華區西藏路與西園路2段口,0,0,3,1,B03,6,7,5,50,4,2,1,4,4,5,13,1,1,1,4,5,2,13,2,37,3,10,7,1,7,9,1,8,1,5,,108,,1,21,121.4957947,25.02870964
113,4,18,8,49,2,02萬華區,萬華區西藏路與西園路2段口,0,0,3,2,C03,6,7,5,50,4,2,1,4,4,5,13,1,1,1,4,5,2,13,1,24,3,10,5,1,7,14,1,10,1,14,,44,,1,21,121.4957947,25.02870964
113,4,18,8,49,2,02萬華區,萬華區西藏路與西園路2段口,0,0,3,3,C03,6,7,5,50,4,2,1,4,4,5,13,1,1,1,4,5,2,13,1,24,2,9,5,1,7,14,1,10,1,14,,44,,1,21,121.4957947,25.02870964
113,4,18,8,49,2,02萬華區,萬華區西藏路與西園路2段口,0,0,3,4,C03,6,7,5,50,4,2,1,4,4,5,13,1,1,1,4,5,2,13,1,50,2,9,5,1,7,14,1,10,1,13,,44,,1,21,121.4957947,25.02870964
113,4,18,8,49,2,02萬華區,萬華區西藏路與西園路2段口,0,0,3,5,H02,6,7,5,50,4,2,1,4,4,5,13,1,1,1,4,5,2,13,2,42,2,9,5,5,7,20,8,20,10,16,,67,,1,21,121.4957947,25.02870964
113,4,18,8,50,2,11南港區,南港區經貿二路157巷與經貿二路口,0,0,1,1,B03,6,7,5,30,14,9,1,4,4,5,13,4,4,1,1,5,2,12,1,39,3,10,7,1,7,7,1,8,1,8,,100,,1,21,121.6160323,25.0595618
113,4,18,8,50,2,11南港區,南港區經貿二路157巷與經貿二路口,0,0,1,2,C03,6,7,5,30,14,9,1,4,4,5,13,4,4,1,1,5,2,12,1,27,2,7,6,1,7,9,1,10,1,12,,44,,1,21,121.6160323,25.0595618
113,4,18,9,0,2,03中山區,中山區朱崙街與朱崙街27巷口,0,0,2,1,C03,6,7,5,50,3,1,1,4,4,5,13,4,4,9,5,5,2,12,1,57,2,8,6,1,7,8,1,10,1,12,,100,,1,21,121.5384309,25.05006866
113,4,18,9,0,2,03中山區,中山區朱崙街與朱崙街27巷口,0,0,2,2,C03,6,7,5,50,3,1,1,4,4,5,13,4,4,9,5,5,2,12,1,28,2,7,6,1,7,9,1,10,1,14,,44,,1,21,121.5384309,25.05006866
113,4,18,9,0,2,03中山區,中山區朱崙街與朱崙街27巷口,0,0,2,3,B03,6,7,5,50,3,1,1,4,4,5,13,4,4,9,5,5,2,12,1,50,3,10,7,1,7,5,1,8,1,2,,72,,1,21,121.5384309,25.05006866
113,4,18,9,3,2,03中山區,中山區天祥路與天祥路16巷口,0,0,1,1,B03,6,6,5,50,3,1,1,4,4,5,13,4,4,5,5,5,2,17,1,53,3,10,7,1,7,5,1,8,1,4,,74,,1,21,121.5210546,25.06094427
113,4,18,9,3,2,03中山區,中山區天祥路與天祥路16巷口,0,0,1,2,C03,6,6,5,50,3,1,1,4,4,5,13,4,4,5,5,5,2,17,2,50,2,8,5,1,7,9,1,10,1,12,,94,,1,21,121.5210546,25.06094427
113,4,18,9,7,2,04大安區,大安區和平東路2段與新生南路3段口,0,0,1,1,C03,6,5,5,50,14,9,1,4,4,5,13,2,1,1,4,5,2,12,2,38,2,8,6,1,7,9,1,10,1,14,,42,,1,21,121.5349144,25.0256645
113,4,18,9,7,2,04大安區,大安區和平東路2段與新生南路3段口,0,0,1,2,C03,6,5,5,50,14,9,1,4,4,5,13,2,1,1,4,5,2,12,1,43,3,10,6,1,7,14,1,10,1,11,,44,,1,21,121.5349144,25.0256645
113,4,18,9,7,2,04大安區,大安區和平東路2段與新生南路3段口,0,0,1,3,C03,6,5,5,50,14,9,1,4,4,5,13,2,1,1,4,5,2,12,1,25,3,10,6,1,7,9,1,10,1,12,,44,,1,21,121.5349144,25.0256645
113,4,18,9,12,2,12內湖區,內湖區民權東路6段50號,0,0,1,1,B03,6,6,5,40,14,8,1,4,4,5,13,4,4,1,4,4,2,17,1,41,3,10,7,1,7,6,1,8,1,5,,9,,1,21,121.5833072,25.06838918