發生年度,發生月,發生日,發生時-Hours,發生分,處理別-編號,區序,肇事地點,死亡人數,2-30日死亡人數,受傷人數,當事人序號,車種,天候,道路照明設備,道路類別,速限-速度限制,道路型態,事故位置,路面狀況1,路面狀況2,路面狀況3,道路障礙1,道路障礙2,號誌1,號誌2,車道劃分-分向,車道劃分-分道1,車道劃分-分道2,車道劃分-分道3,事故類型及型態,性別,年齡,受傷程度,主要傷處,保護裝置,行動電話,車輛用途,當事者行動狀態,駕駛資格情形,駕駛執照種類,飲酒情形,車輛撞擊部位1,車輛撞擊部位2,肇因碼-個別,肇因碼-主要,個人肇逃否,職業,座標-X,座標-Y
113,4,18,9,12,2,12內湖區,內湖區民權東路6段50號,0,0,1,2,C03,6,6,5,40,14,8,1,4,4,5,13,4,4,1,4,4,2,17,1,24,2,9,6,1,7,9,1,10,1,11,,13,,1,21,121.5833072,25.06838918
113,4,18,9,30,2,08士林區,士林區中山北路6段與克強路口,0,0,1,1,C03,6,6,5,50,4,1,1,4,4,5,13,1,1,10,5,5,1,13,2,43,2,8,5,1,7,9,1,10,1,11,,16,,1,21,121.5252706,25.1087816
113,4,18,9,30,2,08士林區,士林區中山北路6段與克強路口,0,0,1,2,B12,6,6,5,50,4,1,1,4,4,5,13,1,1,10,5,5,1,13,1,26,3,10,7,1,7,9,1,8,1,3,,44,,1,21,121.5252706,25.1087816
113,4,18,9,41,2,03中山區,中山區樂群一路往東,0,0,1,1,C03,6,7,5,50,14,9,1,3,4,5,13,4,4,1,4,5,2,13,1,22,2,9,3,4,7,9,1,10,1,11,,16,,1,21,121.5514462,25.0772217
113,4,18,9,41,2,03中山區,中山區樂群一路往東,0,0,1,2,B02,6,7,5,50,14,9,1,3,4,5,13,4,4,1,4,5,2,13,1,34,3,10,3,4,7,12,1,8,1,3,,44,,1,21,121.5514462,25.0772217
113,4,18,10,6,2,08士林區,士林區中正路493號,0,0,1,1,C03,6,6,5,50,14,9,1,4,4,5,13,4,4,1,4,5,2,17,1,47,3,10,5,1,7,7,3,18,1,14,,100,,1,21,121.518388,25.09226774
113,4,18,10,6,2,08士林區,士林區中正路493號,0,0,1,2,C03,6,6,5,50,14,9,1,4,4,5,13,4,4,1,4,5,2,17,1,27,2,9,5,1,7,9,1,10,1,12,,44,,1,21,121.518388,25.09226774
113,4,18,10,20,2,03中山區,中山區明水路往東,0,0,1,1,B02,8,7,5,50,14,9,1,5,4,5,13,4,4,1,4,5,2,17,1,71,3,10,3,4,7,15,1,3,1,7,,100,,1,21,121.5438962,25.0774351
113,4,18,10,20,2,03中山區,中山區明水路往東,0,0,1,2,C03,8,7,5,50,14,9,1,5,4,5,13,4,4,1,4,5,2,17,1,30,2,9,3,4,7,9,1,10,1,11,,44,,1,21,121.5438962,25.0774351
113,4,18,10,21,2,09北投區,北投區大度路3段往東過立德路1公里處,0,0,2,1,C03,7,7,5,50,14,12,1,5,4,5,13,4,4,1,4,5,1,12,1,57,2,9,6,1,7,8,6,10,2,12,,100,,1,21,121.4807686,25.1221292
113,4,18,10,21,2,09北投區,北投區大度路3段往東過立德路1公里處,0,0,2,2,C03,7,7,5,50,14,12,1,5,4,5,13,4,4,1,4,5,1,12,1,65,2,9,6,1,7,9,1,10,2,11,,44,,1,21,121.4807686,25.1221292
113,4,18,10,30,2,11南港區,南港區南港路1段東往西（南港展覽館3號出口）,0,0,2,1,B01,6,7,5,50,14,9,1,4,4,5,13,4,4,1,4,5,2,17,1,22,3,10,3,4,7,14,1,4,1,7,,38,,1,21,121.6183508,25.0550594
113,4,18,10,30,2,11南港區,南港區南港路1段東往西（南港展覽館3號出口）,0,0,2,2,C03,6,7,5,50,14,9,1,4,4,5,13,4,4,1,4,5,2,17,1,43,2,9,6,4,7,9,1,10,1,12,,44,,1,21,121.6183508,25.0550594
113,4,18,10,30,2,11南港區,南港區南港路1段東往西（南港展覽館3號出口）,0,0,2,3,H02,6,7,5,50,14,9,1,4,4,5,13,4,4,1,4,5,2,17,1,24,3,10,3,5,7,19,8,20,10,17,,126,,1,21,121.6183508,25.0550594
113,4,18,10,30,2,11南港區,南港區南港路1段東往西（南港展覽館3號出口）,0,0,2,4,H02,6,7,5,50,14,9,1,4,4,5,13,4,4,1,4,5,2,17,2,39,2,9,6,5,7,20,8,20,10,17,,67,,1,21,121.6183508,25.0550594
113,4,18,10,33,2,08士林區,士林區天母北路87巷25號,0,0,1,1,C03,7,7,5,30,11,9,1,4,4,5,13,4,4,10,5,5,1,17,2,53,2,9,5,1,7,9,1,10,1,11,,5,,1,21,121.5276721,25.1230575
113,4,18,10,33,2,08士林區,士林區天母北路87巷25號,0,0,1,2,B03,7,7,5,30,11,9,1,4,4,5,13,4,4,10,5,5,1,17,1,73,3,10,7,1,7,9,1,8,1,1,,108,,1,21,121.5276721,25.1230575
113,4,18,10,54,2,07信義區,信義區基隆路1段333號,0,0,1,1,C03,8,6,5,50,14,9,1,5,4,5,13,4,4,1,4,5,2,12,1,63,4,11,5,4,7,15,1,10,11,11,,100,,1,21,121.5607021,25.0345652
113,4,18,10,54,2,07信義區,信義區基隆路1段333號,0,0,1,2,C03,8,6,5,50,14,9,1,5,4,5,13,4,4,1,4,5,2,12,1,33,2,8,6,1,7,9,1,10,1,14,,44,,1,21,121.5607021,25.0345652
113,4,18,11,23,2,04大安區,大安區辛亥路2段185號對面(臺大停車場出口),0,0,1,1,B03,8,6,8,50,22,22,1,4,4,5,13,4,4,4,3,4,1,17,2,41,3,10,3,4,7,1,1,8,1,8,,19,,1,21,121.5411331,25.0209729
113,4,18,11,23,2,04大安區,大安區辛亥路2段185號對面(臺大停車場出口),0,0,1,2,F01,8,6,8,50,22,22,1,4,4,5,13,4,4,4,3,4,1,17,1,23,2,8,3,4,7,15,8,20,1,15,,44,,1,21,121.5411331,25.0209729
113,4,18,11,25,2,05中正區,中正區廣州街8巷與延平南路171巷口,0,0,1,1,C03,7,6,6,30,3,1,1,5,4,5,13,4,4,10,4,5,2,16,1,27,3,10,5,1,7,5,1,10,1,12,,74,,1,21,121.5082794,25.0346798
113,4,18,11,25,2,05中正區,中正區廣州街8巷與延平南路171巷口,0,0,1,2,C03,7,6,6,30,3,1,1,5,4,5,13,4,4,10,4,5,2,16,2,60,2,7,5,1,7,9,1,10,1,14,,14,,1,21,121.5082794,25.0346798
113,4,18,11,35,2,07信義區,信義區大道路89號,0,0,1,1,B03,8,6,5,50,14,9,1,5,4,5,13,4,4,5,4,5,2,14,1,39,3,10,7,1,7,2,1,8,2,3,,12,,1,21,121.5830634,25.0404455
113,4,18,11,35,2,07信義區,信義區大道路89號,0,0,1,2,F01,8,6,5,50,14,9,1,5,4,5,13,4,4,5,4,5,2,14,2,48,2,1,4,1,7,9,8,20,2,14,,44,,1,21,121.5830634,25.0404455
113,4,18,11,40,2,03中山區,中山區南京東路2段與松江路口,0,0,1,1,C03,7,6,5,50,4,1,1,5,4,5,13,3,1,1,4,5,2,13,1,57,2,9,5,1,7,9,1,10,1,11,,44,,1,21,121.5331306,25.0521678
113,4,18,11,40,2,03中山區,中山區南京東路2段與松江路口,0,0,1,2,B03,7,6,5,50,4,1,1,5,4,5,13,3,1,1,4,5,2,13,1,72,3,10,7,1,7,6,1,8,1,3,,44,,1,21,121.5331306,25.0521678
113,4,18,11,41,2,05中正區,中正區重慶南路1段與沅陵街口,0,0,2,1,C03,7,7,5,30,3,1,4,5,4,5,13,4,4,4,3,5,2,15,1,49,2,9,6,1,7,9,1,10,1,14,,14,,1,21,121.5131537,25.04283934
113,4,18,11,41,2,05中正區,中正區重慶南路1段與沅陵街口,0,0,2,2,C03,7,7,5,30,3,1,4,5,4,5,13,4,4,4,3,5,2,15,2,26,2,9,6,1,7,9,1,10,1,11,,14,,1,21,121.5131537,25.04283934
113,4,18,12,0,2,06松山區,松山區八德路2段366巷與八德路2段410巷16弄口口,0,0,2,1,B03,7,6,5,30,4,1,1,4,4,5,13,4,4,10,5,5,2,17,1,44,3,10,7,1,7,6,1,8,1,1,,71,,1,21,121.5459829,25.0471626
113,4,18,12,0,2,06松山區,松山區八德路2段366巷與八德路2段410巷16弄口口,0,0,2,2,C03,7,6,5,30,4,1,1,4,4,5,13,4,4,10,5,5,2,17,1,41,2,9,5,1,7,9,1,10,1,12,,108,,1,21,121.5459829,25.0471626
113,4,18,12,0,2,06松山區,松山區八德路2段366巷與八德路2段410巷16弄口口,0,0,2,3,H02,7,6,5,30,4,1,1,4,4,5,13,4,4,10,5,5,2,17,1,56,2,9,5,5,7,20,8,20,10,16,,67,,1,21,121.5459829,25.0471626
113,4,18,12,10,2,10文山區,文山區木柵路1段297巷6號,0,0,1,1,B03,7,5,5,30,14,9,1,5,4,5,13,4,4,10,5,5,1,17,1,36,3,10,7,1,7,1,1,8,2,1,,19,,1,21,121.5538762,24.98842252
113,4,18,12,10,2,10文山區,文山區木柵路1段297巷6號,0,0,1,2,C03,7,5,5,30,14,9,1,5,4,5,13,4,4,10,5,5,1,17,1,50,2,9,6,1,7,9,3,18,2,11,,44,,1,21,121.5538762,24.98842252
113,4,18,13,0,2,05中正區,中正區延平南路121巷,0,0,1,1,C03,8,6,5,30,14,9,1,5,4,5,13,4,4,10,4,5,2,10,1,21,2,8,5,1,7,9,1,10,1,11,,5,,1,22,121.5098586,25.03965953
113,4,18,13,0,2,05中正區,中正區延平南路121巷,0,0,1,2,B12,8,6,5,30,14,9,1,5,4,5,13,4,4,10,4,5,2,10,1,62,3,10,2,1,7,9,1,8,1,1,,44,,1,22,121.5098586,25.03965953
113,4,18,13,10,2,12內湖區,內湖區洲子街與瑞光路513巷口,0,0,1,1,C03,8,6,5,50,4,2,1,5,4,5,13,2,1,5,5,5,2,17,1,43,2,9,5,1,7,9,1,10,1,12,,16,,1,21,121.5702055,25.08036243
113,4,18,13,10,2,12內湖區,內湖區洲子街與瑞光路513巷口,0,0,1,2,B03,8,6,5,50,4,2,1,5,4,5,13,2,1,5,5,5,2,17,1,38,3,10,7,1,7,14,1,8,1,7,,44,,1,21,121.5702055,25.08036243
113,4,18,13,18,2,12內湖區,內湖區民權東路6段138號,0,0,1,1,C03,7,6,5,50,14,9,1,5,4,5,13,4,4,9,4,5,2,13,1,33,2,9,6,1,7,9,1,10,2,11,,108,,1,21,121.5888105,25.0689484
113,4,18,13,18,2,12內湖區,內湖區民權東路6段138號,0,0,1,2,A12,7,6,5,50,14,9,1,5,4,5,13,4,4,9,4,5,2,13,1,39,3,10,7,1,7,9,1,6,2,3,,44,,1,21,121.5888105,25.0689484
113,4,18,13,50,2,08士林區,士林區環河北路3段北向南,0,0,2,1,A31,7,6,5,60,14,9,1,4,4,5,13,4,4,1,4,5,1,13,1,37,3,10,7,1,7,9,1,1,2,1,,16,,1,21,121.5046892,25.0867636
113,4,18,13,50,2,08士林區,士林區環河北路3段北向南,0,0,2,2,B03,7,6,5,60,14,9,1,4,4,5,13,4,4,1,4,5,1,13,1,31,2,2,7,1,7,9,1,8,2,3,,44,,1,21,121.5046892,25.0867636
113,4,18,13,50,2,08士林區,士林區環河北路3段北向南,0,0,2,3,H02,7,6,5,60,14,9,1,4,4,5,13,4,4,1,4,5,1,13,2,31,2,2,7,5,7,20,8,20,10,16,,67,,1,21,121.5046892,25.0867636
113,4,18,14,24,2,02萬華區,萬華區萬大路533號,0,0,3,1,C03,7,6,5,50,14,9,1,5,4,5,13,4,4,1,5,5,2,13,1,19,2,9,5,1,7,9,1,10,1,11,,16,,1,21,121.4961737,25.0173351
113,4,18,14,24,2,02萬華區,萬華區萬大路533號,0,0,3,2,C03,7,6,5,50,14,9,1,5,4,5,13,4,4,1,5,5,2,13,2,27,2,9,5,1,7,14,1,10,1,13,,44,,1,21,121.4961737,25.0173351
113,4,18,14,24,2,02萬華區,萬華區萬大路533號,0,0,3,3,H02,7,6,5,50,14,9,1,5,4,5,13,4,4,1,5,5,2,13,2,28,2,9,6,5,7,17,8,20,10,17,,67,,1,21,121.4961737,25.0173351
113,4,18,14,27,2,05中正區,中正區基隆路4段與羅斯福路4段口,0,0,1,1,C03,7,7,5,50,4,2,1,5,4,5,13,1,1,1,4,5,2,17,1,17,3,10,5,1,7,5,2,18,2,14,,8,,1,22,121.536938,25.011247
113,4,18,14,27,2,05中正區,中正區基隆路4段與羅斯福路4段口,0,0,1,2,C03,7,7,5,50,4,2,1,5,4,5,13,1,1,1,4,5,2,17,1,23,2,9,5,1,7,9,1,10,2,11,,44,,1,22,121.536938,25.011247
113,4,18,14,28,2,09北投區,北投區知行路與知行路3巷口,0,0,1,1,B01,7,7,5,50,14,9,1,5,4,5,13,4,4,9,4,5,2,16,1,33,3,10,7,1,7,5,1,4,1,8,,80,,1,21,121.4658805,25.11881326
113,4,18,14,28,2,09北投區,北投區知行路與知行路3巷口,0,0,1,2,C03,7,7,5,50,14,9,1,5,4,5,13,4,4,9,4,5,2,16,1,70,2,7,5,1,7,9,1,10,1,11,,108,,1,21,121.4658805,25.11881326
113,4,18,14,35,2,04大安區,大安區通化街39巷50弄與通化街123巷口,0,0,2,1,C03,7,6,5,30,4,1,1,5,4,5,13,4,4,10,5,5,2,15,1,43,2,9,5,1,7,9,1,10,1,11,,80,,1,21,121.5549739,25.0290283
113,4,18,14,35,2,04大安區,大安區通化街39巷50弄與通化街123巷口,0,0,2,2,C03,7,6,5,30,4,1,1,5,4,5,13,4,4,10,5,5,2,15,1,27,2,9,6,1,7,9,1,10,1,14,,13,,1,21,121.5549739,25.0290283
113,4,18,14,35,2,04大安區,大安區通化街39巷50弄與通化街123巷口,0,0,2,3,C03,7,6,5,30,4,1,1,5,4,5,13,4,4,10,5,5,2,15,1,44,3,10,3,1,7,13,1,10,1,14,,38,,1,21,121.5549739,25.0290283
113,4,18,14,35,2,04大安區,大安區通化街39巷50弄與通化街123巷口,0,0,2,4,B03,7,6,5,30,4,1,1,5,4,5,13,4,4,10,5,5,2,15,1,44,3,10,3,4,7,13,1,8,1,3,,38,,1,21,121.5549739,25.0290283
113,4,18,15,10,2,11南港區,南港區市民大道8段與中南街口,0,0,1,1,C03,7,7,5,50,14,9,1,5,4,5,13,4,4,1,4,5,2,13,2,44,2,9,6,4,7,9,1,10,1,11,,108,,1,21,121.6155573,25.054493
113,4,18,15,10,2,11南港區,南港區市民大道8段與中南街口,0,0,1,2,B03,7,7,5,50,14,9,1,5,4,5,13,4,4,1,4,5,2,13,1,44,3,10,3,4,7,14,1,8,1,3,,38,,1,21,121.6155573,25.054493
113,4,18,15,24,2,03中山區,中山區南京東路3段89巷9號,0,0,1,1,B03,7,6,5,30,14,9,1,5,4,5,13,4,4,10,5,5,1,16,1,35,3,10,3,4,7,5,1,8,1,8,,8,,1,21,121.5390201,25.0529828
113,4,18,15,24,2,03中山區,中山區南京東路3段89巷9號,0,0,1,2,C03,7,6,5,30,14,9,1,5,4,5,13,4,4,10,5,5,1,16,1,33,2,9,3,4,7,9,1,10,1,12,,44,,1,21,121.5390201,25.0529828
113,4,18,15,29,2,07信義區,信義區忠孝東路5段297號,0,0,1,1,B01,7,6,5,50,14,9,1,5,4,5,13,4,4,1,3,5,2,12,1,27,3,10,3,4,7,8,1,4,1,6,,100,,1,21,121.5736541,25.0409851
113,4,18,15,29,2,07信義區,信義區忠孝東路5段297號,0,0,1,2,C03,7,6,5,50,14,9,1,5,4,5,13,4,4,1,3,5,2,12,2,27,2,9,3,4,7,9,1,10,1,11,,13,,1,21,121.5736541,25.0409851
113,4,18,16,18,2,09北投區,北投區石牌路1段39巷與石牌路1段71巷3弄口,0,0,1,1,B03,8,7,5,30,3,2,1,5,4,5,13,4,4,10,5,5,2,9,1,48,3,10,7,1,7,6,1,8,1,2,,108,,1,21,121.5101803,25.1131299
113,4,18,16,18,2,09北投區,北投區石牌路1段39巷與石牌路1段71巷3弄口,0,0,1,2,H01,8,7,5,30,3,2,1,5,4,5,13,4,4,10,5,5,2,9,2,48,2,9,4,5,8,17,8,20,1,16,,60,,1,21,121.5101803,25.1131299
113,4,18,17,4,2,09北投區,北投區石牌路2段與石牌路2段113巷口,0,0,1,1,B03,8,7,5,50,14,9,1,5,4,5,13,1,1,9,4,5,2,16,1,48,3,10,7,1,7,15,1,8,1,1,,71,,1,21,121.5175886,25.1181702
113,4,18,17,4,2,09北投區,北投區石牌路2段與石牌路2段113巷口,0,0,1,2,C03,8,7,5,50,14,9,1,5,4,5,13,1,1,9,4,5,2,16,1,27,2,8,5,1,7,9,1,10,1,11,,44,,1,21,121.5175886,25.1181702
113,4,18,17,12,2,07信義區,信義區永吉路278巷與永吉路278巷57弄口,0,0,1,1,B03,7,6,5,30,4,1,1,5,4,5,10,4,4,10,5,5,2,15,2,53,3,10,3,4,7,9,1,8,1,1,,80,,1,22,121.574111,25.0434291
113,4,18,17,12,2,07信義區,信義區永吉路278巷與永吉路278巷57弄口,0,0,1,2,C03,7,6,5,30,4,1,1,5,4,5,10,4,4,10,5,5,2,15,1,35,2,9,3,4,7,9,1,10,1,11,,13,,1,22,121.574111,25.0434291
113,4,18,17,12,2,07信義區,信義區永吉路278巷與永吉路278巷57弄口,0,0,1,3,B03,7,6,5,30,4,1,1,5,4,5,10,4,4,10,5,5,2,15,1,61,3,10,3,4,7,14,1,6,1,17,,38,,1,22,121.574111,25.0434291
113,4,18,17,16,2,03中山區,中山區松江路101號,0,0,1,1,C03,7,6,5,50,14,9,1,5,4,5,13,4,4,1,5,5,1,12,1,70,2,7,3,4,7,15,1,10,1,14,,100,,1,21,121.5330775,25.05114723
113,4,18,17,16,2,03中山區,中山區松江路101號,0,0,1,2,B03,7,6,5,50,14,9,1,5,4,5,13,4,4,1,5,5,1,12,1,51,3,10,3,4,7,9,1,8,1,2,,44,,1,21,121.5330775,25.05114723
113,4,18,17,44,2,02萬華區,萬華區康定路與三水街口,0,0,2,1,C03,7,5,5,50,4,1,1,5,4,5,13,2,1,8,3,5,1,16,1,71,2,8,3,4,7,5,1,10,1,11,,71,,1,22,121.5013377,25.0360946
113,4,18,17,44,2,02萬華區,萬華區康定路與三水街口,0,0,2,2,C03,7,5,5,50,4,1,1,5,4,5,13,2,1,8,3,5,1,16,1,27,2,9,3,4,7,9,1,10,1,11,,108,,1,22,121.5013377,25.0360946
113,4,18,17,54,2,04大安區,大安區基隆路2段與樂業街口,0,0,3,1,B03,7,5,5,50,4,2,1,5,4,5,13,1,1,1,4,5,1,17,1,31,2,9,7,1,7,9,1,8,1,1,,108,,1,21,121.5502225,25.0224399
113,4,18,17,54,2,04大安區,大安區基隆路2段與樂業街口,0,0,3,2,B01,7,5,5,50,4,2,1,5,4,5,13,1,1,1,4,5,1,17,1,62,2,9,7,1,7,14,1,4,1,3,,44,,1,21,121.5502225,25.0224399
113,4,18,17,54,2,04大安區,大安區基隆路2段與樂業街口,0,0,3,3,C03,7,5,5,50,4,2,1,5,4,5,13,1,1,1,4,5,1,17,1,38,2,9,5,1,7,9,1,10,1,14,,44,,1,21,121.5502225,25.0224399
113,4,18,17,58,2,12內湖區,內湖區金湖路386號前,0,0,1,1,B03,8,5,5,50,14,7,1,5,4,5,13,4,4,1,4,4,2,12,1,20,2,9,7,1,7,12,1,8,2,8,,108,,1,21,121.6049902,25.07351117
113,4,18,17,58,2,12內湖區,內湖區金湖路386號前,0,0,1,2,B03,8,5,5,50,14,7,1,5,4,5,13,4,4,1,4,4,2,12,1,82,3,10,7,1,7,13,1,8,1,4,,38,,1,21,121.6049902,25.07351117
113,4,18,17,58,2,12內湖區,內湖區金湖路386號前,0,0,1,3,B03,8,5,5,50,14,7,1,5,4,5,13,4,4,1,4,4,2,12,1,77,3,10,7,1,7,14,1,8,2,6,,44,,1,21,121.6049902,25.07351117
113,4,18,17,58,2,12內湖區,內湖區金湖路386號前,0,0,1,4,B03,8,5,5,50,14,7,1,5,4,5,13,4,4,1,4,4,2,12,1,63,3,10,7,1,7,14,1,8,2,7,,38,,1,21,121.6049902,25.07351117
113,4,18,18,2,2,08士林區,士林區延平北路6段與中正路口,0,0,2,1,C03,8,6,5,50,3,2,1,5,4,5,13,4,4,1,4,5,2,16,1,41,2,9,5,1,7,7,1,10,1,14,,100,,1,21,121.5095056,25.08693864
113,4,18,18,2,2,08士林區,士林區延平北路6段與中正路口,0,0,2,2,C03,8,6,5,50,3,2,1,5,4,5,13,4,4,1,4,5,2,16,1,19,2,9,5,1,7,9,1,10,1,12,,44,,1,21,121.5095056,25.08693864
113,4,18,18,5,2,08士林區,士林區延平北路6段與社正路口,0,0,2,1,C03,7,5,5,50,4,1,1,5,4,5,13,1,1,5,5,5,1,17,2,47,2,9,5,1,7,5,1,10,1,14,,9,,1,21,121.5183568,25.04847309
113,4,18,18,5,2,08士林區,士林區延平北路6段與社正路口,0,0,2,2,C03,7,5,5,50,4,1,1,5,4,5,13,1,1,5,5,5,1,17,2,63,2,9,5,1,7,5,1,10,1,12,,108,,1,21,121.5183568,25.04847309
113,4,18,18,5,2,07信義區,信義區松仁路與松勤街口,0,0,2,1,C03,8,5,5,50,4,2,1,5,4,4,13,2,1,5,2,5,2,17,2,27,2,9,6,1,7,5,1,10,1,11,,74,,1,22,121.5682414,25.0319333
113,4,18,18,5,2,07信義區,信義區松仁路與松勤街口,0,0,2,2,C03,8,5,5,50,4,2,1,5,4,4,13,2,1,5,2,5,2,17,1,55,2,9,6,1,7,9,1,10,1,14,,44,,1,22,121.5682414,25.0319333
113,4,18,18,11,2,04大安區,大安區敦化南路1段225號,0,0,1,1,B03,7,5,5,50,14,8,1,5,4,5,13,4,4,1,4,5,1,16,2,25,3,10,7,1,7,7,1,8,2,1,,100,,1,21,121.5489835,25.0404896
113,4,18,18,11,2,04大安區,大安區敦化南路1段225號,0,0,1,2,C03,7,5,5,50,14,8,1,5,4,5,13,4,4,1,4,5,1,16,2,39,2,9,6,1,7,9,1,10,2,12,,42,,1,21,121.5489835,25.0404896
113,4,18,18,15,2,05中正區,中正區青島東路47號,0,0,1,1,B03,8,7,5,0,14,9,1,5,4,5,13,4,4,8,4,4,2,17,2,52,3,10,7,1,7,15,1,8,2,4,,40,,1,21,121.5255497,25.04301692
113,4,18,18,15,2,05中正區,中正區青島東路47號,0,0,1,2,F01,8,7,5,0,14,9,1,5,4,5,13,4,4,8,4,4,2,17,1,19,2,6,4,1,7,9,8,20,1,12,,44,,1,21,121.5255497,25.04301692
113,4,18,18,39,2,01大同區,大同區承德路3段與昌吉街口,0,0,4,3,H02,8,5,5,50,3,1,1,5,4,5,13,2,1,8,3,5,1,16,1,47,2,9,3,5,7,20,8,20,10,16,,67,,1,21,121.518417,25.065908
113,4,18,18,39,2,01大同區,大同區承德路3段與昌吉街口,0,0,4,4,H02,8,5,5,50,3,1,1,5,4,5,13,2,1,8,3,5,1,16,2,9,2,9,3,5,7,20,8,20,10,16,,67,,1,21,121.518417,25.065908
113,4,18,18,39,2,01大同區,大同區承德路3段與昌吉街口,0,0,4,1,C03,8,5,5,50,3,1,1,5,4,5,13,2,1,8,3,5,1,16,2,47,2,9,3,1,7,5,1,10,1,11,,8,,1,21,121.518417,25.065908
113,4,18,18,39,2,01大同區,大同區承德路3段與昌吉街口,0,0,4,2,C03,8,5,5,50,3,1,1,5,4,5,13,2,1,8,3,5,1,16,1,39,2,9,3,1,7,9,3,18,1,14,,44,,1,21,121.518417,25.065908
113,4,18,19,18,2,03中山區,中山區八德路2段199巷與八德路2段口,0,0,1,1,B03,7,5,5,50,4,2,1,4,4,5,13,4,4,10,5,5,1,17,1,75,3,10,7,1,7,5,1,8,1,2,,71,,1,21,121.5391181,25.0464577
113,4,18,19,18,2,03中山區,中山區八德路2段199巷與八德路2段口,0,0,1,2,C03,7,5,5,50,4,2,1,4,4,5,13,4,4,10,5,5,1,17,2,61,2,7,5,1,7,9,1,10,1,11,,44,,1,21,121.5391181,25.0464577
113,4,18,19,38,2,08士林區,士林區格致路168號與格致路166巷口,0,0,1,1,C03,8,5,5,40,3,1,1,5,4,5,13,4,4,3,5,5,1,17,2,26,2,9,6,1,7,9,1,10,1,17,,13,,1,21,121.5498976,25.1412647
113,4,18,19,38,2,08士林區,士林區格致路168號與格致路166巷口,0,0,1,2,C03,8,5,5,40,3,1,1,5,4,5,13,4,4,3,5,5,1,17,1,65,3,10,6,1,7,10,1,10,1,17,,10,,1,21,121.5498976,25.1412647
113,4,18,20,20,2,08士林區,士林區劍南路與臨溪路100巷附近口,0,0,1,1,C03,8,5,5,30,14,9,1,5,4,5,13,4,4,10,5,5,1,17,1,37,3,10,6,4,7,11,1,10,1,11,,108,,1,21,121.5535709,25.09259311
113,4,18,20,20,2,08士林區,士林區劍南路與臨溪路100巷附近口,0,0,1,2,B03,8,5,5,30,14,9,1,5,4,5,13,4,4,10,5,5,1,17,1,31,2,8,3,4,7,13,3,18,1,6,,44,,1,21,121.5535709,25.09259311
113,4,18,20,37,2,04大安區,大安區市民大道4段66號,0,0,2,1,C04,8,5,5,40,22,6,1,5,4,5,13,4,4,1,4,5,2,17,2,65,2,9,6,1,7,5,1,11,1,12,,80,,1,21,121.5470006,25.0449821
113,4,18,20,37,2,04大安區,大安區市民大道4段66號,0,0,2,2,C01,8,5,5,40,22,6,1,5,4,5,13,4,4,1,4,5,2,17,1,33,2,7,6,1,7,9,1,9,1,14,,13,,1,21,121.5470006,25.0449821
113,4,18,20,41,2,05中正區,中正區懷寧街與武昌街1段口,0,0,2,1,C03,8,5,5,50,3,2,1,5,4,5,13,4,4,10,5,5,2,13,1,46,2,8,5,1,7,5,1,10,2,14,,8,,1,26,121.5140895,25.04407011
113,4,18,20,41,2,05中正區,中正區懷寧街與武昌街1段口,0,0,2,2,C03,8,5,5,50,3,2,1,5,4,5,13,4,4,10,5,5,2,13,2,28,2,8,5,1,7,9,1,9,2,11,,44,,1,26,121.5140895,25.04407011
113,4,18,21,0,2,05中正區,中正區汀州路1段與南海路口,0,0,2,1,C03,8,5,5,50,4,1,1,5,4,5,13,2,1,5,4,5,2,16,2,45,2,7,5,1,7,9,1,10,1,11,,44,,1,21,121.5086423,25.0288178
113,4,18,21,0,2,05中正區,中正區汀州路1段與南海路口,0,0,2,2,C03,8,5,5,50,4,1,1,5,4,5,13,2,1,5,4,5,2,16,1,26,2,7,5,1,7,5,1,10,1,14,,1,,1,21,121.5086423,25.0288178
113,4,18,21,4,2,06松山區,松山區市民大道4段與八德路3段12巷口,0,0,3,3,H02,8,5,5,40,3,1,1,5,4,5,13,1,1,1,4,5,2,13,2,51,2,9,4,5,7,17,8,20,10,16,,67,,1,21,121.5506713,25.0448406
113,4,18,21,4,2,06松山區,松山區市民大道4段與八德路3段12巷口,0,0,3,4,B03,8,5,5,40,3,1,1,5,4,5,13,1,1,1,4,5,2,13,1,46,3,10,7,1,7,6,1,8,9,17,,44,,1,21,121.5506713,25.0448406
113,4,18,21,4,2,06松山區,松山區市民大道4段與八德路3段12巷口,0,0,3,1,C03,8,5,5,40,3,1,1,5,4,5,13,1,1,1,4,5,2,13,1,59,2,9,6,1,7,9,6,18,2,11,,16,,1,21,121.5506713,25.0448406
113,4,18,21,4,2,06松山區,松山區市民大道4段與八德路3段12巷口,0,0,3,2,C03,8,5,5,40,3,1,1,5,4,5,13,1,1,1,4,5,2,13,2,22,2,9,6,1,7,9,1,10,2,13,,44,,1,21,121.5506713,25.0448406
113,4,18,21,34,2,07信義區,信義區忠孝東路5段236巷與忠孝東路5段236巷3弄口,0,0,1,1,F01,7,7,5,30,4,1,1,5,4,5,13,4,4,5,5,5,2,15,1,29,2,9,2,4,7,9,8,20,1,12,,72,,1,21,121.5719001,25.0404132