發生年度,發生月,發生日,發生時-Hours,發生分,處理別-編號,區序,肇事地點,死亡人數,2-30日死亡人數,受傷人數,當事人序號,車種,天候,道路照明設備,道路類別,速限-速度限制,道路型態,事故位置,路面狀況1,路面狀況2,路面狀況3,道路障礙1,道路障礙2,號誌1,號誌2,車道劃分-分向,車道劃分-分道1,車道劃分-分道2,車道劃分-分道3,事故類型及型態,性別,年齡,受傷程度,主要傷處,保護裝置,行動電話,車輛用途,當事者行動狀態,駕駛資格情形,駕駛執照種類,飲酒情形,車輛撞擊部位1,車輛撞擊部位2,肇因碼-個別,肇因碼-主要,個人肇逃否,職業,座標-X,座標-Y
113,4,18,21,34,2,07信義區,信義區忠孝東路5段236巷與忠孝東路5段236巷3弄口,0,0,1,2,B03,7,7,5,30,4,1,1,5,4,5,13,4,4,5,5,5,2,15,2,50,3,10,7,1,7,9,1,8,1,1,,44,,1,21,121.5719001,25.0404132
113,4,18,21,42,2,02萬華區,萬華區寶興街與興義街口,0,0,1,1,F01,8,5,8,50,4,1,1,5,4,5,13,1,1,10,5,5,2,16,2,27,4,11,4,4,7,5,8,20,1,15,,71,,2,21,121.4929866,25.0276989
113,4,18,21,42,2,02萬華區,萬華區寶興街與興義街口,0,0,1,2,C03,8,5,8,50,4,1,1,5,4,5,13,1,1,10,5,5,2,16,1,24,2,9,3,4,7,9,1,10,1,14,,44,,1,21,121.4929866,25.0276989
113,4,18,22,12,2,03中山區,中山區民權東路2段152巷與建國北路2段258巷口,0,0,1,1,B03,8,5,5,30,4,1,1,5,4,5,13,4,4,9,5,5,2,12,1,51,3,10,7,1,7,11,1,8,2,7,,98,,1,21,121.534903,25.0622024
113,4,18,22,12,2,03中山區,中山區民權東路2段152巷與建國北路2段258巷口,0,0,1,2,C03,8,5,5,30,4,1,1,5,4,5,13,4,4,9,5,5,2,12,1,21,2,9,3,1,7,9,1,10,2,11,,13,,1,21,121.534903,25.0622024
113,4,18,23,48,2,05中正區,中正區中華路1段與中華路1段21巷口,0,0,1,1,B01,7,5,5,50,3,2,1,5,4,5,13,4,4,1,4,5,2,12,1,44,3,10,7,4,7,9,1,4,2,6,,107,,1,21,121.5097721,25.04655725
113,4,18,23,48,2,05中正區,中正區中華路1段與中華路1段21巷口,0,0,1,2,C03,7,5,5,50,3,2,1,5,4,5,13,4,4,1,4,5,2,12,2,45,2,9,6,4,7,9,1,10,2,14,,108,,1,22,121.5097721,25.04655725
113,4,19,1,0,2,09北投區,北投區大度路1208556燈桿,0,0,1,1,C03,7,5,5,50,14,12,1,5,4,5,13,4,4,1,4,1,1,23,1,47,2,9,5,1,7,9,1,10,1,11,,108,,1,21,121.4864223,25.12178043
113,4,19,1,0,2,09北投區,北投區大度路1208556燈桿,0,0,1,2,,7,5,5,50,14,12,1,5,4,5,13,4,4,1,4,1,1,23,3,0,,,,,,,,,,,,67,,1,,121.4864223,25.12178043
113,4,19,7,15,2,04大安區,大安區和平東路3段與基隆路2段口,0,0,1,1,C03,8,6,5,50,5,2,1,5,4,5,13,2,1,10,5,5,2,17,1,66,3,10,6,1,7,6,1,10,1,12,,44,,2,21,121.5528006,25.0247107
113,4,19,7,15,2,04大安區,大安區和平東路3段與基隆路2段口,0,0,1,2,C03,8,6,5,50,5,2,1,5,4,5,13,2,1,10,5,5,2,17,2,23,2,8,6,1,7,9,1,10,1,11,,44,,1,21,121.5528006,25.0247107
113,4,19,7,32,2,03中山區,中山區南京東路3段與復興北路口,0,0,1,1,C03,8,7,5,50,4,2,1,5,4,5,13,1,1,1,4,5,2,13,1,26,2,8,5,1,7,9,1,10,1,11,,108,,1,22,121.5439545,25.05221
113,4,19,7,32,2,03中山區,中山區南京東路3段與復興北路口,0,0,1,2,B03,8,7,5,50,4,2,1,5,4,5,13,1,1,1,4,5,2,13,1,82,3,10,7,1,7,14,1,8,1,7,,44,,1,22,121.5439545,25.05221
113,4,19,7,36,2,01大同區,大同區鄭州路與延平北路1段口口,0,0,1,1,C03,8,6,5,40,4,1,1,5,4,5,13,2,1,1,5,5,2,13,1,36,2,8,6,1,7,9,1,10,1,11,,16,,1,21,121.5121172,25.0499701
113,4,19,7,36,2,01大同區,大同區鄭州路與延平北路1段口口,0,0,1,2,C03,8,6,5,40,4,1,1,5,4,5,13,2,1,1,5,5,2,13,1,46,3,10,6,1,7,12,1,10,1,13,,44,,1,21,121.5121172,25.0499701
113,4,19,7,41,2,11南港區,南港區南港路1段與中南街口口,0,0,1,1,B01,7,6,5,50,14,9,1,5,4,5,13,1,1,5,4,5,2,12,2,47,3,10,3,4,7,9,1,8,1,2,,108,,1,22,121.614912,25.05523446
113,4,19,7,41,2,11南港區,南港區南港路1段與中南街口口,0,0,1,2,C03,7,6,5,50,14,9,1,5,4,5,13,1,1,5,4,5,2,12,2,41,2,9,5,4,7,7,1,10,1,14,,100,,1,22,121.614912,25.05523446
113,4,19,7,48,2,08士林區,士林區承德路4段332號,0,0,1,1,C03,8,6,5,40,14,8,1,5,4,5,13,4,4,1,4,4,2,17,2,51,2,9,6,1,7,9,1,10,1,11,,16,,1,21,121.5177249,25.0899792
113,4,19,7,48,2,08士林區,士林區承德路4段332號,0,0,1,2,B03,8,6,5,40,14,8,1,5,4,5,13,4,4,1,4,4,2,17,1,42,3,10,7,1,7,9,1,8,1,7,,44,,1,21,121.5177249,25.0899792
113,4,19,7,48,2,08士林區,士林區承德路4段332號,0,0,1,3,B03,8,6,5,40,14,8,1,5,4,5,13,4,4,1,4,4,2,17,1,45,3,10,7,1,7,9,1,8,1,3,,44,,1,21,121.5177249,25.0899792
113,4,19,7,48,2,08士林區,士林區承德路4段332號,0,0,1,4,C03,8,6,5,40,14,8,1,5,4,5,13,4,4,1,4,4,2,17,1,32,3,10,6,1,7,9,6,10,1,11,,16,,1,21,121.5177249,25.0899792
113,4,19,7,55,2,07信義區,信義區信安街67巷,0,0,1,1,B03,8,6,8,50,22,22,1,5,4,5,10,4,4,8,3,4,2,16,2,20,3,10,3,4,7,5,1,8,1,8,,80,,1,21,121.5602425,25.0258892
113,4,19,7,55,2,07信義區,信義區信安街67巷,0,0,1,2,C03,8,6,8,50,22,22,1,5,4,5,10,4,4,8,3,4,2,16,2,35,2,8,6,1,7,9,1,11,1,14,,42,,1,21,121.5602425,25.0258892
113,4,19,7,58,2,10文山區,文山區樟新街與樟新街48巷口口,0,0,1,1,B03,8,6,5,30,4,1,1,5,4,5,13,4,4,10,5,5,2,14,1,39,3,10,7,1,7,2,1,8,1,7,,12,,1,21,121.5555643,24.97824505
113,4,19,7,58,2,10文山區,文山區樟新街與樟新街48巷口口,0,0,1,2,C03,8,6,5,30,4,1,1,5,4,5,13,4,4,10,5,5,2,14,2,44,2,9,5,1,7,9,1,10,1,11,,108,,1,21,121.5555643,24.97824505
113,4,19,8,2,2,01大同區,大同區大龍街與民族西路口,0,0,2,1,C03,8,6,5,50,5,1,1,5,4,5,13,2,1,5,4,5,2,17,2,38,2,9,6,1,7,5,1,10,1,12,,80,,1,21,121.5158688,25.0685322
113,4,19,8,2,2,01大同區,大同區大龍街與民族西路口,0,0,2,2,C03,8,6,5,50,5,1,1,5,4,5,13,2,1,5,4,5,2,17,1,53,2,9,6,1,7,9,1,10,1,14,,44,,1,21,121.5158688,25.0685322
113,4,19,8,16,2,04大安區,大安區市民大道3段140號,0,0,3,1,C03,7,5,5,40,14,9,1,5,4,5,13,4,4,1,4,4,2,12,2,28,2,8,6,1,7,9,1,10,1,14,,14,,1,21,121.5350366,25.0447824
113,4,19,8,16,2,04大安區,大安區市民大道3段140號,0,0,3,2,C03,7,5,5,40,14,9,1,5,4,5,13,4,4,1,4,4,2,12,2,30,2,8,6,1,7,9,1,10,1,14,,17,,1,21,121.5350366,25.0447824
113,4,19,8,16,2,04大安區,大安區市民大道3段140號,0,0,3,3,C03,7,5,5,40,14,9,1,5,4,5,13,4,4,1,4,4,2,12,2,26,2,8,6,1,7,9,1,10,1,14,,17,,1,21,121.5350366,25.0447824
113,4,19,8,28,2,09北投區,北投區崇仁路1段與崇仁路1段131巷口,0,0,1,1,B03,8,7,5,30,4,1,1,5,4,5,13,4,4,5,5,5,2,16,2,60,3,10,3,4,7,5,1,8,1,1,,74,,1,22,121.5020431,25.1242617
113,4,19,8,28,2,09北投區,北投區崇仁路1段與崇仁路1段131巷口,0,0,1,2,C03,8,7,5,30,4,1,1,5,4,5,13,4,4,5,5,5,2,16,2,34,2,7,5,1,7,9,1,10,1,11,,108,,1,22,121.5020431,25.1242617
113,4,19,8,30,2,11南港區,南港區成功路1段與成功路1段36巷口口,0,0,1,1,B03,8,7,5,50,3,1,1,5,4,5,13,1,1,8,1,5,2,13,1,28,3,10,7,1,7,9,1,8,2,4,,16,,1,21,121.5929254,25.0556952
113,4,19,8,30,2,11南港區,南港區成功路1段與成功路1段36巷口口,0,0,1,2,C03,8,7,5,50,3,1,1,5,4,5,13,1,1,8,1,5,2,13,1,47,2,5,5,1,7,9,1,10,2,13,,44,,1,21,121.5929254,25.0556952
113,4,19,8,36,2,01大同區,大同區民權西路與重慶北路2段口口,0,0,2,1,C03,8,6,5,50,4,1,1,5,4,5,13,2,1,1,5,5,2,13,1,27,2,9,6,1,7,7,1,10,1,11,,16,,1,21,121.5137033,25.0630935
113,4,19,8,36,2,01大同區,大同區民權西路與重慶北路2段口口,0,0,2,2,C03,8,6,5,50,4,1,1,5,4,5,13,2,1,1,5,5,2,13,1,31,2,9,6,1,7,12,1,10,1,13,,44,,1,21,121.5137033,25.0630935
113,4,19,8,46,2,05中正區,中正區新生南路1段140巷與新生南路1段口口,0,0,1,1,C03,8,5,5,50,3,2,1,5,4,5,13,4,4,9,4,4,1,13,2,27,2,9,6,1,7,9,1,10,2,11,,16,,1,21,121.5325766,25.0362464
113,4,19,8,46,2,05中正區,中正區新生南路1段140巷與新生南路1段口口,0,0,1,2,C03,8,5,5,50,3,2,1,5,4,5,13,4,4,9,4,4,1,13,1,41,3,10,5,1,7,9,1,10,2,13,,27,,1,21,121.5325766,25.0362464
113,4,19,8,46,2,05中正區,中正區新生南路1段140巷與新生南路1段口口,0,0,1,3,B12,8,5,5,50,3,2,1,5,4,5,13,4,4,9,4,4,1,13,1,50,3,10,7,1,7,9,1,8,2,2,,44,,1,21,121.5325766,25.0362464
113,4,19,8,52,2,06松山區,松山區新中街與民生東路5段36巷4弄口,0,0,3,1,C03,7,7,5,50,3,18,1,5,4,5,13,4,4,5,5,5,2,3,1,76,2,8,5,1,7,9,1,10,2,17,,70,,1,21,121.5606027,25.0580325
113,4,19,8,52,2,06松山區,松山區新中街與民生東路5段36巷4弄口,0,0,3,2,H01,7,7,5,50,3,18,1,5,4,5,13,4,4,5,5,5,2,3,1,82,2,9,4,5,8,16,8,20,10,16,,67,,1,21,121.5606027,25.0580325
113,4,19,8,52,2,06松山區,松山區新中街與民生東路5段36巷4弄口,0,0,3,3,H02,7,7,5,50,3,18,1,5,4,5,13,4,4,5,5,5,2,3,2,60,2,9,5,5,7,20,8,20,10,17,,67,,1,21,121.5606027,25.0580325
113,4,19,8,53,2,03中山區,中山區合江街93巷與合江街口,0,0,1,1,C03,8,6,5,30,4,1,1,5,4,5,13,4,4,5,5,5,2,15,1,50,3,10,5,1,7,9,1,10,1,12,,99,,1,22,121.5392171,25.059508
113,4,19,8,53,2,03中山區,中山區合江街93巷與合江街口,0,0,1,2,C03,8,6,5,30,4,1,1,5,4,5,13,4,4,5,5,5,2,15,2,45,2,9,5,1,7,9,1,10,1,11,,94,,1,22,121.5392171,25.059508
113,4,19,8,55,2,09北投區,北投區明德路與文林北路口,0,0,1,1,B03,7,7,5,50,4,1,1,5,4,5,13,2,1,1,4,5,2,16,1,62,3,10,3,4,7,6,1,8,9,2,,9,,1,21,121.5166604,25.1062351
113,4,19,8,55,2,09北投區,北投區明德路與文林北路口,0,0,1,2,C03,7,7,5,50,4,1,1,5,4,5,13,2,1,1,4,5,2,16,2,42,2,9,3,4,7,9,1,10,9,11,,44,,1,27,121.5166604,25.1062351
113,4,19,8,55,2,11南港區,南港區興南街64巷與興南街64巷6弄口,0,0,1,1,B03,7,7,5,30,3,2,1,5,4,5,13,4,4,9,5,5,2,16,2,39,3,10,3,4,7,5,1,8,1,1,,72,,1,21,121.601915,25.0557385
113,4,19,8,55,2,11南港區,南港區興南街64巷與興南街64巷6弄口,0,0,1,2,C03,7,7,5,30,3,2,1,5,4,5,13,4,4,9,5,5,2,16,2,37,2,9,6,4,7,9,1,10,1,11,,13,,1,21,121.601915,25.0557385
113,4,19,9,37,2,07信義區,信義區松山路與松山路615巷口,0,0,1,1,F01,8,6,5,50,3,2,1,5,4,5,13,4,4,4,5,5,2,16,1,68,2,9,4,1,7,5,8,20,1,11,,74,,1,21,121.5783593,25.0367451
113,4,19,9,37,2,07信義區,信義區松山路與松山路615巷口,0,0,1,2,C04,8,6,5,50,3,2,1,5,4,5,13,4,4,4,5,5,2,16,1,18,3,10,5,1,7,9,1,10,1,11,,44,,1,21,121.5783593,25.0367451
113,4,19,9,39,2,08士林區,士林區士商路108號,0,0,1,1,C03,8,6,5,50,14,9,1,5,4,5,13,4,4,5,5,5,2,17,1,64,3,10,6,1,7,4,1,10,2,11,,94,,1,21,121.5190186,25.0919887
113,4,19,9,39,2,08士林區,士林區士商路108號,0,0,1,2,C03,8,6,5,50,14,9,1,5,4,5,13,4,4,5,5,5,2,17,2,49,2,1,6,1,7,9,1,10,2,14,,44,,1,21,121.5190186,25.0919887
113,4,19,9,45,2,01大同區,大同區赤峰街與赤峰街41巷口,0,0,1,1,C03,8,6,5,30,4,1,1,5,4,5,13,4,4,10,5,5,2,15,2,31,2,9,6,1,7,9,1,10,5,11,,72,,1,21,121.5196136,25.0548812
113,4,19,9,45,2,01大同區,大同區赤峰街與赤峰街41巷口,0,0,1,2,B01,8,6,5,30,4,1,1,5,4,5,13,4,4,10,5,5,2,15,1,65,3,10,7,1,7,9,1,4,2,5,,14,,1,21,121.5196136,25.0548812
113,4,19,9,59,2,12內湖區,內湖區瑞光路358巷與瑞光路393巷口,0,0,1,1,F01,8,7,5,50,4,1,1,5,4,5,13,1,1,5,4,5,2,17,1,26,3,10,4,1,7,5,8,20,1,12,,98,,1,21,121.5727904,25.0772922
113,4,19,9,59,2,12內湖區,內湖區瑞光路358巷與瑞光路393巷口,0,0,1,2,C03,8,7,5,50,4,1,1,5,4,5,13,1,1,5,4,5,2,17,1,30,2,9,5,1,7,9,1,10,1,14,,44,,1,21,121.5727904,25.0772922
113,4,19,10,28,2,02萬華區,萬華區西園路2段與西園路2段11巷口,0,0,2,1,C03,8,6,4,50,4,1,1,5,4,5,13,2,1,1,4,5,2,17,2,25,2,7,6,1,7,6,1,10,1,12,,9,,1,21,121.4974149,25.0319765
113,4,19,10,28,2,02萬華區,萬華區西園路2段與西園路2段11巷口,0,0,2,2,C03,8,6,4,50,4,1,1,5,4,5,13,2,1,1,4,5,2,17,1,66,2,9,6,1,7,9,1,10,1,14,,44,,1,21,121.4974149,25.0319765
113,4,19,11,14,2,06松山區,松山區塔悠路103號,0,0,1,1,C03,8,5,5,50,14,9,1,5,4,5,13,4,4,1,4,5,2,17,1,19,2,9,5,1,7,9,1,10,1,15,,13,,1,22,121.5700183,25.0539735
113,4,19,11,14,2,06松山區,松山區塔悠路103號,0,0,1,2,B01,8,5,5,50,14,9,1,5,4,5,13,4,4,1,4,5,2,17,1,65,3,10,3,1,7,1,1,4,1,17,,19,,1,26,121.5700183,25.0539735
113,4,19,11,24,2,07信義區,信義區忠孝東路5段與忠孝東路5段423巷口,0,0,1,1,B03,8,6,5,30,4,2,1,5,4,5,13,2,1,1,4,5,2,13,1,34,3,10,7,1,7,6,1,8,2,5,,108,,1,21,121.5752313,25.0409451
113,4,19,11,24,2,07信義區,信義區忠孝東路5段與忠孝東路5段423巷口,0,0,1,2,C03,8,6,5,30,4,2,1,5,4,5,13,2,1,1,4,5,2,13,1,53,2,9,5,1,7,6,1,10,2,13,,9,,1,21,121.5752313,25.0409451
113,4,19,11,30,2,01大同區,大同區民生西路與雙連街口,0,0,1,1,B01,8,5,4,50,14,9,1,5,4,5,13,4,4,5,4,5,2,17,1,67,4,11,3,4,7,21,7,19,11,15,,14,,2,22,121.519454,25.0574795
113,4,19,11,30,2,01大同區,大同區民生西路與雙連街口,0,0,1,2,C03,8,5,4,50,14,9,1,5,4,5,13,4,4,5,4,5,2,17,1,39,2,9,5,1,7,9,1,10,1,15,,42,,1,21,121.519454,25.0574795
113,4,19,11,35,2,08士林區,士林區延平北路6段與社正路口,0,0,1,1,C03,7,6,5,50,4,2,1,5,4,5,13,4,4,9,4,5,1,13,1,17,3,10,3,4,7,7,2,18,1,13,,100,,1,21,121.5089728,25.08819
113,4,19,11,35,2,08士林區,士林區延平北路6段與社正路口,0,0,1,2,C03,7,6,5,50,4,2,1,5,4,5,13,4,4,9,4,5,1,13,1,19,2,9,3,4,7,9,1,10,1,11,,108,,1,21,121.5089728,25.08819
113,4,19,12,4,2,03中山區,中山區南京東路1段(林森公園停車場出入口),0,0,1,1,B03,8,7,5,40,14,8,1,5,4,5,13,4,4,1,4,4,2,17,1,26,3,10,3,4,7,6,1,6,1,2,,9,,1,21,121.526163,25.0522499
113,4,19,12,4,2,03中山區,中山區南京東路1段(林森公園停車場出入口),0,0,1,2,C03,8,7,5,40,14,8,1,5,4,5,13,4,4,1,4,4,2,17,1,34,2,9,3,4,7,9,1,10,1,14,,108,,1,21,121.526163,25.0522499
113,4,19,12,31,2,07信義區,信義區信義路5段與信義路5段91巷口,0,0,2,1,C03,7,5,5,30,3,2,1,5,4,5,13,3,1,9,5,5,2,17,1,53,2,9,5,1,7,6,1,10,1,14,,9,,1,22,121.5717025,25.0329523
113,4,19,12,31,2,07信義區,信義區信義路5段與信義路5段91巷口,0,0,2,2,G06,7,5,5,30,3,2,1,5,4,5,13,3,1,9,5,5,2,17,2,70,2,9,4,1,7,9,8,20,1,16,,44,,1,22,121.5717025,25.0329523
113,4,19,12,40,2,08士林區,士林區美崙街(天文館機車停車場口),0,0,1,1,C03,8,7,5,50,14,9,1,5,4,5,13,4,4,9,5,5,1,17,1,73,3,10,6,1,7,5,1,10,1,11,,11,,1,21,121.5189088,25.0954941
113,4,19,12,40,2,08士林區,士林區美崙街(天文館機車停車場口),0,0,1,2,C03,8,7,5,50,14,9,1,5,4,5,13,4,4,9,5,5,1,17,1,46,2,9,5,1,7,9,1,10,1,14,,44,,1,21,121.5189088,25.0954941
113,4,19,13,6,2,07信義區,信義區永吉路62號,0,0,1,1,C03,7,6,5,50,14,9,1,5,4,5,13,4,4,1,4,5,2,12,2,60,2,7,5,1,7,15,1,10,1,14,,100,,1,21,121.5697876,25.0455803
113,4,19,13,6,2,07信義區,信義區永吉路62號,0,0,1,2,B03,7,6,5,50,14,9,1,5,4,5,13,4,4,1,4,5,2,12,2,37,3,10,7,1,7,9,1,8,1,5,,17,,1,21,121.5697876,25.0455803
113,4,19,15,35,2,01大同區,大同區重慶北路2段與涼州街口,0,0,1,1,C03,7,6,5,50,4,1,1,5,4,5,13,2,1,1,4,5,2,16,1,70,3,10,5,1,7,6,1,10,1,13,,9,,1,21,121.513418,25.0608497
113,4,19,15,35,2,01大同區,大同區重慶北路2段與涼州街口,0,0,1,2,C03,7,6,5,50,4,1,1,5,4,5,13,2,1,1,4,5,2,16,2,29,2,8,5,1,7,9,1,10,1,14,,44,,1,21,121.513418,25.0608497
113,4,19,15,38,2,07信義區,信義區忠孝東路5段703巷1弄與忠孝東路5段703巷口,0,0,1,1,C03,8,6,5,30,3,1,1,5,4,5,13,4,4,10,5,5,2,18,1,73,2,7,3,1,7,5,1,10,9,12,,118,,1,22,121.5800354,25.0426355
113,4,19,15,38,2,07信義區,信義區忠孝東路5段703巷1弄與忠孝東路5段703巷口,0,0,1,2,,8,6,5,30,3,1,1,5,4,5,13,4,4,10,5,5,2,18,3,0,,,,,,,,,10,,,67,,,,121.5800354,25.0426355
113,4,19,15,39,2,05中正區,中正區忠孝西路1段與公園路口,0,0,1,1,B01,7,6,5,50,3,1,1,5,4,5,13,3,1,1,4,5,2,12,4,0,,,,,,,,,11,,,100,,2,,121.5174556,25.0463302
113,4,19,15,39,2,05中正區,中正區忠孝西路1段與公園路口,0,0,1,2,A02,7,6,5,50,3,1,1,5,4,5,13,3,1,1,4,5,2,12,1,30,3,10,7,1,7,9,1,2,2,8,,44,,1,21,121.5174556,25.0463302
113,4,19,15,39,2,05中正區,中正區忠孝西路1段與公園路口,0,0,1,3,H02,7,6,5,50,3,1,1,5,4,5,13,3,1,1,4,5,2,12,2,69,2,6,4,5,7,17,8,20,10,16,,67,,1,21,121.5174556,25.0463302
113,4,19,15,59,2,06松山區,松山區光復北路142號,0,0,1,1,C03,7,7,5,30,14,9,1,5,4,5,13,3,1,10,4,5,2,12,1,77,2,9,5,1,7,9,1,10,1,12,,71,,1,22,121.5570795,25.05249119
113,4,19,15,59,2,06松山區,松山區光復北路142號,0,0,1,2,B12,7,7,5,30,14,9,1,5,4,5,13,3,1,10,4,5,2,12,1,30,3,10,7,1,7,9,1,8,1,4,,16,,1,21,121.5570795,25.05249119
113,4,19,16,6,2,08士林區,士林區中山北路4段劍潭中心前,0,0,1,1,B03,7,7,5,50,14,9,1,5,4,5,13,4,4,1,4,5,2,13,2,41,3,10,7,1,7,8,1,8,2,3,,100,,1,21,121.5243299,25.0794525
113,4,19,16,6,2,08士林區,士林區中山北路4段劍潭中心前,0,0,1,2,C03,7,7,5,50,14,9,1,5,4,5,13,4,4,1,4,5,2,13,1,36,2,8,6,1,7,9,1,10,2,11,,44,,1,21,121.5243299,25.0794525
113,4,19,16,13,2,02萬華區,萬華區中華路1段與峨眉街口,0,0,1,1,C03,7,6,5,50,4,2,1,5,4,5,13,4,4,1,4,5,2,17,2,68,2,9,6,1,7,21,1,10,2,15,,118,,1,21,121.5084042,25.04322627
113,4,19,16,13,2,02萬華區,萬華區中華路1段與峨眉街口,0,0,1,2,C03,7,6,5,50,4,2,1,5,4,5,13,4,4,1,4,5,2,17,2,70,3,10,6,1,7,9,1,10,2,13,,118,,1,21,121.5084042,25.04322627
113,4,19,16,19,2,05中正區,中正區中山南路與徐州路口,0,0,1,1,C03,8,7,5,50,3,2,1,5,4,5,13,1,1,8,4,1,1,12,1,20,2,9,6,1,7,7,1,10,2,14,,100,,1,22,121.5184893,25.0414549
113,4,19,16,19,2,05中正區,中正區中山南路與徐州路口,0,0,1,2,B01,8,7,5,50,3,2,1,5,4,5,13,1,1,8,4,1,1,12,1,49,3,10,7,1,7,9,1,4,2,2,,44,,1,21,121.5184893,25.0414549
113,4,19,16,22,2,02萬華區,萬華區華中橋機車道往北方向,0,0,1,1,C03,7,6,5,40,8,11,1,5,4,5,13,4,4,1,4,4,2,17,1,74,3,10,3,4,7,7,1,10,1,13,,100,,1,22,121.4958948,25.0099985
113,4,19,16,22,2,02萬華區,萬華區華中橋機車道往北方向,0,0,1,2,C03,7,6,5,40,8,11,1,5,4,5,13,4,4,1,4,4,2,17,1,19,2,8,3,4,7,9,1,10,1,11,,44,,1,22,121.4958948,25.0099985
113,4,19,16,26,2,04大安區,大安區辛亥路3段與基隆路3段口,0,0,1,1,C03,7,6,5,50,14,9,1,5,4,5,13,4,4,3,4,5,2,13,1,18,2,9,5,1,7,9,1,10,2,11,,108,,1,21,121.5473795,25.0187439
113,4,19,16,26,2,04大安區,大安區辛亥路3段與基隆路3段口,0,0,1,2,B03,7,6,5,50,14,9,1,5,4,5,13,4,4,3,4,5,2,13,1,45,3,10,7,1,7,14,1,8,2,3,,44,,1,21,121.5473795,25.0187439
113,4,19,16,36,2,02萬華區,萬華區長泰街297巷與萬大路424巷口,0,0,1,1,C03,8,7,5,30,4,1,1,5,4,5,13,4,4,10,5,5,2,15,1,60,2,8,5,1,7,9,1,10,1,12,,72,,1,21,121.4932312,25.02049241
113,4,19,16,36,2,02萬華區,萬華區長泰街297巷與萬大路424巷口,0,0,1,2,B12,8,7,5,30,4,1,1,5,4,5,13,4,4,10,5,5,2,15,1,50,3,10,7,1,7,9,1,8,1,1,,44,,1,21,121.4932312,25.02049241
113,4,19,16,36,2,02萬華區,萬華區長泰街297巷與萬大路424巷口,0,0,1,3,B01,8,7,5,30,4,1,1,5,4,5,13,4,4,10,5,5,2,15,1,68,3,10,3,4,7,13,7,19,11,7,,38,,1,21,121.4932312,25.02049241
113,4,19,17,0,2,05中正區,中正區濟南路2段與濟南路2段48巷口口,0,0,1,1,B03,6,5,5,50,3,1,1,4,4,5,13,2,1,9,4,5,1,16,1,65,3,10,7,1,7,6,1,8,1,2,,9,,1,21,121.5310595,25.0403471
113,4,19,17,0,2,05中正區,中正區濟南路2段與濟南路2段48巷口口,0,0,1,2,C03,6,5,5,50,3,1,1,4,4,5,13,2,1,9,4,5,1,16,1,32,2,9,6,1,7,9,1,10,1,11,,44,,1,21,121.5310595,25.0403471
113,4,19,17,4,2,06松山區,松山區民權東路3段與敦化北路口,0,0,1,1,C03,7,6,5,50,4,1,1,4,4,5,13,1,1,1,4,5,2,16,1,18,3,10,6,1,7,6,1,10,1,12,,9,,1,22,121.5505116,25.06149996
113,4,19,17,4,2,06松山區,松山區民權東路3段與敦化北路口,0,0,1,2,C03,7,6,5,50,4,1,1,4,4,5,13,1,1,1,4,5,2,16,1,56,2,8,6,1,7,9,1,10,1,14,,107,,1,22,121.5505116,25.06149996
113,4,19,17,11,2,05中正區,中正區三元街與寧波西街口口,0,0,1,1,C03,6,6,5,50,4,1,1,4,4,5,13,1,1,1,4,4,1,13,1,19,2,7,6,1,7,9,1,10,1,11,,16,,1,21,121.5112472,25.02798047
113,4,19,17,11,2,05中正區,中正區三元街與寧波西街口口,0,0,1,2,B03,6,6,5,50,4,1,1,4,4,5,13,1,1,1,4,4,1,13,1,68,3,10,7,1,7,12,1,8,1,3,,44,,1,21,121.5112472,25.02798047
113,4,19,17,13,2,08士林區,士林區仁民路與仁民路口陽明教養院後門,0,0,1,1,B03,7,6,5,30,3,1,1,5,4,5,13,4,4,10,5,5,1,17,1,68,3,10,3,4,7,11,1,8,1,17,,10,,1,22,121.5430131,25.13390372
113,4,19,17,13,2,08士林區,士林區仁民路與仁民路口陽明教養院後門,0,0,1,2,C03,7,6,5,30,3,1,1,5,4,5,13,4,4,10,5,5,1,17,1,21,2,8,3,4,7,9,1,10,1,12,,44,,1,21,121.5430131,25.13390372
113,4,19,17,16,2,05中正區,中正區羅斯福路4段與基隆路4段口,0,0,3,1,C04,7,7,5,50,5,1,1,4,4,5,13,1,1,1,4,5,2,12,2,41,2,9,5,4,7,15,1,10,1,11,,96,,1,21,121.5367017,25.0111739
113,4,19,17,16,2,05中正區,中正區羅斯福路4段與基隆路4段口,0,0,3,2,C03,7,7,5,50,5,1,1,4,4,5,13,1,1,1,4,5,2,12,1,40,2,7,5,4,7,9,1,10,1,17,,44,,1,21,121.5367017,25.0111739
113,4,19,17,16,2,05中正區,中正區羅斯福路4段與基隆路4段口,0,0,3,3,B01,7,7,5,50,5,1,1,4,4,5,13,1,1,1,4,5,2,12,1,49,3,10,7,4,7,9,1,4,1,3,,44,,1,21,121.5367017,25.0111739
113,4,19,17,16,2,05中正區,中正區羅斯福路4段與基隆路4段口,0,0,3,4,C01,7,7,5,50,5,1,1,4,4,5,13,1,1,1,4,5,2,12,1,56,2,9,5,4,7,9,1,9,1,11,,44,,1,21,121.5367017,25.0111739
113,4,19,17,30,2,01大同區,大同區鄭州路與西寧北路口,0,0,1,1,C03,7,6,5,40,4,1,1,5,4,5,13,2,1,8,3,5,2,16,1,24,2,9,6,1,7,5,1,10,1,14,,8,,1,21,121.5082021,25.0506052