發生年度,發生月,發生日,發生時-Hours,發生分,處理別-編號,區序,肇事地點,死亡人數,2-30日死亡人數,受傷人數,當事人序號,車種,天候,道路照明設備,道路類別,速限-速度限制,道路型態,事故位置,路面狀況1,路面狀況2,路面狀況3,道路障礙1,道路障礙2,號誌1,號誌2,車道劃分-分向,車道劃分-分道1,車道劃分-分道2,車道劃分-分道3,事故類型及型態,性別,年齡,受傷程度,主要傷處,保護裝置,行動電話,車輛用途,當事者行動狀態,駕駛資格情形,駕駛執照種類,飲酒情形,車輛撞擊部位1,車輛撞擊部位2,肇因碼-個別,肇因碼-主要,個人肇逃否,職業,座標-X,座標-Y
113,4,19,17,30,2,01大同區,大同區鄭州路與西寧北路口,0,0,1,2,B02,7,6,5,40,4,1,1,5,4,5,13,2,1,8,3,5,2,16,2,27,3,10,7,1,7,9,1,8,1,5,,99,,1,21,121.5082021,25.0506052
113,4,19,17,32,2,12內湖區,內湖區民權東路6段與民權東路6段11巷口,0,0,1,1,C03,7,6,5,50,4,1,1,5,4,5,13,1,1,5,4,5,2,12,1,52,3,10,5,1,7,8,1,9,1,12,,100,,1,21,121.5784846,25.06678476
113,4,19,17,32,2,12內湖區,內湖區民權東路6段與民權東路6段11巷口,0,0,1,2,C03,7,6,5,50,4,1,1,5,4,5,13,1,1,5,4,5,2,12,1,40,2,8,5,1,7,9,1,10,1,14,,44,,1,21,121.5784846,25.06678476
113,4,19,17,34,2,03中山區,中山區復興北路與長安東路2段口,0,0,1,1,C01,7,6,5,50,5,3,1,5,4,5,13,2,1,10,3,5,1,17,1,54,3,10,5,1,7,9,1,9,1,11,,81,,1,21,121.5438571,25.0482193
113,4,19,17,34,2,03中山區,中山區復興北路與長安東路2段口,0,0,1,2,C03,7,6,5,50,5,3,1,5,4,5,13,2,1,10,3,5,1,17,2,27,2,9,5,1,7,1,1,10,1,11,,44,,1,21,121.5438571,25.0482193
113,4,19,17,48,2,10文山區,文山區木柵路2段81號,0,0,1,1,C03,6,5,5,50,14,9,1,4,4,5,13,4,4,5,4,5,2,17,2,21,3,10,5,4,7,11,1,10,1,12,,10,,1,21,121.5609283,24.9888114
113,4,19,17,48,2,10文山區,文山區木柵路2段81號,0,0,1,2,C03,6,5,5,50,14,9,1,4,4,5,13,4,4,5,4,5,2,17,1,20,2,9,5,4,7,9,1,10,1,14,,44,,1,21,121.5609283,24.9888114
113,4,19,17,57,2,07信義區,信義區松信路18號,0,0,2,1,C03,7,5,5,40,14,7,1,5,4,5,13,4,4,5,5,4,2,16,1,59,2,7,6,1,7,11,1,10,1,14,,11,,1,21,121.5722116,25.0489716
113,4,19,17,57,2,07信義區,信義區松信路18號,0,0,2,2,C03,7,5,5,40,14,7,1,5,4,5,13,4,4,5,5,4,2,16,1,23,2,7,6,1,7,9,1,10,1,11,,44,,1,21,121.5722116,25.0489716
113,4,19,18,1,2,10文山區,文山區羅斯福路5段192巷與羅斯福路5段176巷口,0,0,1,1,C04,6,6,5,30,4,1,1,4,4,5,13,4,4,10,5,5,2,15,2,55,2,9,6,1,7,9,1,10,2,11,,75,,1,21,121.5367286,25.0034371
113,4,19,18,1,2,10文山區,文山區羅斯福路5段192巷與羅斯福路5段176巷口,0,0,1,2,B03,6,6,5,30,4,1,1,4,4,5,13,4,4,10,5,5,2,15,2,58,3,10,7,1,7,9,1,8,2,4,,107,,1,21,121.5367286,25.0034371
113,4,19,18,11,2,05中正區,中正區忠孝西路1段100號,0,0,2,1,C03,6,5,5,50,11,9,1,4,4,5,13,4,4,1,4,5,2,18,1,32,2,9,5,1,7,15,1,10,2,14,,118,,1,21,121.5125891,25.0472935
113,4,19,18,11,2,05中正區,中正區忠孝西路1段100號,0,0,2,2,H02,6,5,5,50,11,9,1,4,4,5,13,4,4,1,4,5,2,18,1,25,2,8,5,5,7,20,8,20,10,16,,67,,1,21,121.5125891,25.0472935
113,4,19,18,11,2,05中正區,中正區忠孝西路1段100號,0,0,2,3,,6,5,5,50,11,9,1,4,4,5,13,4,4,1,4,5,2,18,3,0,,,,,,,,,,,,67,,1,,121.5125891,25.0472935
113,4,19,18,15,2,10文山區,文山區興隆路4段64-3號前,0,0,1,1,C03,6,5,5,50,14,9,1,4,4,5,13,4,4,1,4,5,2,18,2,38,2,9,6,1,7,9,1,10,1,11,12,44,,1,21,121.561414,24.98512291
113,4,19,18,15,2,10文山區,文山區興隆路4段64-3號前,0,0,1,2,,6,5,5,50,14,9,1,4,4,5,13,4,4,1,4,5,2,18,3,0,,,,,,,,,,,,67,,1,,121.561414,24.98512291
113,4,19,18,16,2,03中山區,中山區民權東路2段與新生北路3段口,0,0,2,1,C03,8,5,5,50,5,1,1,5,4,5,13,2,1,10,5,5,2,13,1,67,2,7,6,1,7,9,1,10,1,11,,16,,1,21,121.5279108,25.06273153
113,4,19,18,16,2,03中山區,中山區民權東路2段與新生北路3段口,0,0,2,2,B03,8,5,5,50,5,1,1,5,4,5,13,2,1,10,5,5,2,13,2,54,2,2,7,1,7,14,1,8,1,7,,44,,1,21,121.5279108,25.06273153
113,4,19,18,18,2,05中正區,中正區濟南路2段與齊東街口,0,0,2,1,F01,8,5,5,50,4,1,1,5,4,5,13,4,4,9,5,5,1,17,1,19,2,9,4,1,7,5,8,20,2,14,,8,,1,22,121.5269363,25.0414004
113,4,19,18,18,2,05中正區,中正區濟南路2段與齊東街口,0,0,2,2,C03,8,5,5,50,4,1,1,5,4,5,13,4,4,9,5,5,1,17,1,47,2,9,6,1,7,10,1,10,2,11,,14,,1,22,121.5269363,25.0414004
113,4,19,18,26,2,10文山區,文山區景興路與景興路46巷口,0,0,1,1,B03,7,5,5,30,3,1,1,4,4,5,13,3,1,10,5,5,2,17,1,36,3,10,7,1,7,6,1,8,1,17,,72,,1,21,121.5446484,24.9961178
113,4,19,18,26,2,10文山區,文山區景興路與景興路46巷口,0,0,1,2,C03,7,5,5,30,3,1,1,4,4,5,13,3,1,10,5,5,2,17,2,29,2,8,6,1,7,9,1,10,1,14,,13,,1,21,121.5446484,24.9961178
113,4,19,18,26,2,10文山區,文山區景興路與景興路46巷口,0,0,1,3,,7,5,5,30,3,1,1,4,4,5,13,3,1,10,5,5,2,17,3,0,,,,,,,,,,,,67,,1,,121.5446484,24.9961178
113,4,19,18,32,2,07信義區,信義區永吉路30巷158弄22號,0,0,1,1,C03,7,5,5,30,14,9,1,5,4,5,13,4,4,10,5,5,2,11,1,55,3,10,5,1,7,9,1,10,1,14,,44,,1,21,121.5684074,25.0423461
113,4,19,18,32,2,07信義區,信義區永吉路30巷158弄22號,0,0,1,3,H02,7,5,5,30,14,9,1,5,4,5,13,4,4,10,5,5,2,11,2,51,2,8,5,5,7,21,8,20,10,16,,67,,1,21,121.5684074,25.0423461
113,4,19,18,32,2,07信義區,信義區永吉路30巷158弄22號,0,0,1,2,C03,7,5,5,30,14,9,1,5,4,5,13,4,4,10,5,5,2,11,1,38,3,10,5,1,7,9,1,10,1,14,,44,,1,21,121.5684074,25.0423461
113,4,19,18,33,2,03中山區,中山區松江路與民生東路2段口,0,0,2,1,C03,8,6,5,50,4,4,1,5,4,5,13,2,1,10,4,5,2,16,1,64,2,9,5,1,7,6,1,10,2,12,,9,,1,21,121.5332585,25.0577834
113,4,19,18,33,2,03中山區,中山區松江路與民生東路2段口,0,0,2,2,C03,8,6,5,50,4,4,1,5,4,5,13,2,1,10,4,5,2,16,1,23,2,9,6,1,7,9,1,9,2,11,,44,,1,21,121.5332585,25.0577834
113,4,19,18,38,2,11南港區,南港區南港路3段256巷與松河街口,0,0,2,1,B03,6,7,5,40,5,2,1,4,4,5,13,4,4,9,5,5,2,16,1,45,3,10,3,4,7,5,1,8,1,5,,74,,1,21,121.5832665,25.05289823
113,4,19,18,38,2,11南港區,南港區南港路3段256巷與松河街口,0,0,2,2,C03,6,7,5,40,5,2,1,4,4,5,13,4,4,9,5,5,2,16,1,18,2,9,6,4,7,9,1,10,1,13,,44,,1,21,121.5832665,25.05289823
113,4,19,18,38,2,11南港區,南港區南港路3段256巷與松河街口,0,0,2,3,C03,6,7,5,40,5,2,1,4,4,5,13,4,4,9,5,5,2,16,1,40,2,9,6,4,7,9,1,10,1,14,,44,,1,21,121.5832665,25.05289823
113,4,19,18,43,2,07信義區,信義區忠孝東路4段508號,0,0,1,1,C03,7,5,5,50,14,9,1,5,4,5,13,4,4,3,4,5,2,18,1,32,2,7,6,1,7,12,1,9,1,14,,42,,1,21,121.5619345,25.041115
113,4,19,18,43,2,07信義區,信義區忠孝東路4段508號,0,0,1,2,,7,5,5,50,14,9,1,5,4,5,13,4,4,3,4,5,2,18,3,0,,,,,,,,,,,,67,,1,,121.5619345,25.041115
113,4,19,18,45,2,01大同區,大同區承德路2段與平陽街口,0,0,1,1,C03,8,5,5,50,4,1,1,5,4,5,13,2,1,8,3,5,2,12,1,36,2,9,6,1,7,15,1,9,1,11,,108,,1,21,121.5181211,25.0580669
113,4,19,18,45,2,01大同區,大同區承德路2段與平陽街口,0,0,1,2,B03,8,5,5,50,4,1,1,5,4,5,13,2,1,8,3,5,2,12,1,39,3,10,7,1,7,9,1,8,1,4,,44,,1,21,121.5181211,25.0580669
113,4,19,18,45,2,01大同區,大同區承德路2段與平陽街口,0,0,1,3,B01,8,5,5,50,4,1,1,5,4,5,13,2,1,8,3,5,2,12,1,54,3,10,7,1,7,15,1,4,1,2,,44,,1,21,121.5181211,25.0580669
113,4,19,18,45,2,05中正區,中正區汀州路2段295號,0,0,1,1,C03,8,6,5,50,14,9,1,5,4,5,13,4,4,9,4,5,1,16,1,35,3,10,5,1,7,4,1,10,1,11,,42,,1,21,121.5244196,25.0218985
113,4,19,18,45,2,05中正區,中正區汀州路2段295號,0,0,1,2,C03,8,6,5,50,14,9,1,5,4,5,13,4,4,9,4,5,1,16,1,28,2,9,5,1,7,5,1,10,1,11,,44,,1,21,121.5244196,25.0218985
113,4,19,19,14,2,01大同區,大同區承德橋,0,0,1,1,B12,7,5,5,50,8,9,1,5,4,5,13,4,4,4,4,5,2,13,1,37,3,10,7,4,7,9,5,4,3,1,,108,,1,21,121.5196187,25.07603
113,4,19,19,14,2,01大同區,大同區承德橋,0,0,1,2,B03,7,5,5,50,8,9,1,5,4,5,13,4,4,4,4,5,2,13,1,50,2,8,7,4,7,14,1,8,2,3,,44,,1,21,121.5196187,25.07603
113,4,19,19,14,2,01大同區,大同區承德橋,0,0,1,4,B03,7,5,5,50,8,9,1,5,4,5,13,4,4,4,4,5,2,13,1,43,3,10,7,4,7,14,1,8,2,3,,44,,1,21,121.5196187,25.07603
113,4,19,19,14,2,01大同區,大同區承德橋,0,0,1,3,B03,7,5,5,50,8,9,1,5,4,5,13,4,4,4,4,5,2,13,1,47,3,10,7,4,7,14,1,8,2,3,,44,,1,21,121.5196187,25.07603
113,4,19,19,14,2,01大同區,大同區承德橋,0,0,1,5,B03,7,5,5,50,8,9,1,5,4,5,13,4,4,4,4,5,2,13,2,54,3,10,7,4,7,14,1,8,9,3,,44,,1,21,121.5196187,25.07603
113,4,19,19,30,2,10文山區,文山區溪洲街與溪洲街137巷口口,0,0,1,1,B01,6,5,5,30,3,1,1,4,4,4,13,2,1,5,5,5,2,17,1,54,3,10,7,1,7,3,1,4,1,17,,18,,1,21,121.53535,25.0000826
113,4,19,19,30,2,10文山區,文山區溪洲街與溪洲街137巷口口,0,0,1,2,C03,6,5,5,30,3,1,1,4,4,4,13,2,1,5,5,5,2,17,2,21,2,9,6,1,7,12,1,10,1,11,,13,,1,25,121.53535,25.0000826
113,4,19,19,45,2,08士林區,士林區忠誠路2段82巷與士東路口,0,0,1,1,B03,8,5,5,30,5,1,1,5,4,5,13,1,1,10,5,5,2,15,2,42,3,10,3,4,7,6,1,8,2,8,,82,,1,21,121.5303441,25.1125634
113,4,19,19,45,2,08士林區,士林區忠誠路2段82巷與士東路口,0,0,1,2,C03,8,5,5,30,5,1,1,5,4,5,13,1,1,10,5,5,2,15,1,38,2,9,3,4,7,9,1,10,2,12,,44,,1,21,121.5303441,25.1125634
113,4,19,19,56,2,01大同區,大同區大龍街221號,0,0,1,1,C03,7,5,5,50,14,9,1,5,4,5,13,4,4,5,2,5,2,17,4,68,,,,,,1,,,11,,,19,,2,,121.5159243,25.0707062
113,4,19,19,56,2,01大同區,大同區大龍街221號,0,0,1,2,C03,7,5,5,50,14,9,1,5,4,5,13,4,4,5,2,5,2,17,2,45,2,8,5,1,7,9,1,10,2,11,,16,,1,21,121.5159243,25.0707062
113,4,19,19,56,2,01大同區,大同區大龍街221號,0,0,1,3,C03,7,5,5,50,14,9,1,5,4,5,13,4,4,5,2,5,2,17,1,66,3,10,5,1,7,9,1,10,2,13,,44,,1,21,121.5159243,25.0707062
113,4,19,21,0,2,01大同區,大同區鄭州路與西寧北路口,0,0,1,1,C03,8,5,5,40,4,1,1,5,4,5,13,2,1,8,3,5,2,16,1,22,2,9,6,1,7,5,1,10,1,14,,8,,1,21,121.5082021,25.0506052
113,4,19,21,0,2,01大同區,大同區鄭州路與西寧北路口,0,0,1,2,B03,8,5,5,40,4,1,1,5,4,5,13,2,1,8,3,5,2,16,1,26,3,10,7,1,7,9,1,8,1,5,,99,,1,21,121.5082021,25.0506052
113,4,19,21,20,2,02萬華區,萬華區堤外便道與堤外便道口貴陽疏散門,0,0,1,1,F01,8,5,7,40,3,1,1,5,4,5,13,3,1,1,5,5,2,15,1,16,3,10,4,1,7,9,8,20,1,13,,88,,1,16,121.4991751,25.04139284
113,4,19,21,20,2,02萬華區,萬華區堤外便道與堤外便道口貴陽疏散門,0,0,1,2,C03,8,5,7,40,3,1,1,5,4,5,13,3,1,1,5,5,2,15,1,35,2,9,6,1,7,9,1,10,1,11,,13,,1,26,121.4991751,25.04139284
113,4,19,21,30,2,08士林區,士林區重慶北路4段174號,0,0,1,1,B02,7,5,5,40,14,8,1,5,4,5,13,4,4,1,4,4,1,17,2,29,3,10,7,1,7,12,1,8,2,17,,44,,1,21,121.5119021,25.08428031
113,4,19,21,30,2,08士林區,士林區重慶北路4段174號,0,0,1,2,C03,7,5,5,40,14,8,1,5,4,5,13,4,4,1,4,4,1,17,1,56,2,9,5,1,7,12,1,10,2,17,,44,,1,21,121.5119021,25.08428031
113,4,19,21,54,2,02萬華區,萬華區環河南路1段與中興橋口機車道往台北市下橋處交岔口,0,0,1,1,C03,8,5,5,50,3,1,1,5,4,5,13,4,4,8,3,5,1,15,2,43,2,9,5,1,7,15,1,10,1,14,,72,,1,21,121.5002913,25.04230672
113,4,19,21,54,2,02萬華區,萬華區環河南路1段與中興橋口機車道往台北市下橋處交岔口,0,0,1,2,B03,8,5,5,50,3,1,1,5,4,5,13,4,4,8,3,5,1,15,1,40,3,10,7,1,7,9,1,8,1,6,,44,,1,21,121.5002913,25.04230672
113,4,19,22,11,2,07信義區,信義區永吉路180巷與永吉路180巷16弄口,0,0,2,1,C04,8,5,5,30,3,1,1,5,4,5,13,4,4,10,4,4,2,16,1,38,2,7,5,1,7,5,1,9,2,11,,74,,1,21,121.5714873,25.0449677
113,4,19,22,11,2,07信義區,信義區永吉路180巷與永吉路180巷16弄口,0,0,2,2,C03,8,5,5,30,3,1,1,5,4,5,13,4,4,10,4,4,2,16,1,54,2,7,5,1,7,9,1,10,2,12,,14,,1,21,121.5714873,25.0449677
113,4,19,22,11,2,07信義區,信義區永吉路180巷與永吉路180巷16弄口,0,0,2,3,H02,8,5,5,30,3,1,1,5,4,5,13,4,4,10,4,4,2,16,1,53,3,10,4,5,7,20,8,20,10,16,,67,,1,21,121.5714873,25.0449677
113,4,19,22,36,2,02萬華區,萬華區昆明街與峨眉街口,0,0,2,1,C03,8,5,5,50,4,2,1,5,4,5,13,1,1,9,5,5,2,17,2,35,2,9,5,1,7,15,1,10,1,14,,100,,1,21,121.5050373,25.0437843
113,4,19,22,36,2,02萬華區,萬華區昆明街與峨眉街口,0,0,2,2,B01,8,5,5,50,4,2,1,5,4,5,13,1,1,9,5,5,2,17,1,61,3,10,7,1,7,9,1,4,1,2,,44,,1,21,121.5050373,25.0437843
113,4,19,22,36,2,02萬華區,萬華區昆明街與峨眉街口,0,0,2,3,H02,8,5,5,50,4,2,1,5,4,5,13,1,1,9,5,5,2,17,1,11,2,8,5,5,7,17,8,20,10,16,,67,,1,21,121.5050373,25.0437843
113,4,19,22,39,2,01大同區,大同區台北橋機慢車道,0,0,1,1,C03,7,5,5,50,8,11,1,5,4,5,13,4,4,1,4,5,2,12,1,20,3,10,5,4,7,9,1,10,2,15,,108,,1,21,121.509252,25.0631638
113,4,19,22,39,2,01大同區,大同區台北橋機慢車道,0,0,1,2,F01,7,5,5,50,8,11,1,5,4,5,13,4,4,1,4,5,2,12,1,31,2,9,4,4,7,9,8,20,1,14,,44,,1,21,121.509252,25.0631638
113,4,19,23,0,2,06松山區,松山區塔悠路95號,0,0,1,1,C04,7,5,5,50,14,9,1,5,4,5,13,4,4,1,4,5,2,13,1,49,2,8,5,1,7,9,1,10,1,11,,108,,1,22,121.5703562,25.05235113
113,4,19,23,0,2,06松山區,松山區塔悠路95號,0,0,1,2,B03,7,5,5,50,14,9,1,5,4,5,13,4,4,1,4,5,2,13,1,21,3,10,7,1,7,14,1,8,1,7,,38,,1,22,121.5703562,25.05235113
113,4,19,23,5,2,07信義區,信義區松智路40號,0,0,1,1,C03,7,5,5,50,14,9,1,5,4,5,13,4,4,9,5,5,2,13,2,38,2,9,5,1,7,9,1,10,1,11,,108,,1,21,121.5652641,25.0296428
113,4,19,23,5,2,07信義區,信義區松智路40號,0,0,1,2,C02,7,5,5,50,14,9,1,5,4,5,13,4,4,9,5,5,2,13,1,43,3,10,5,1,7,9,1,9,1,13,12,44,,1,21,121.5652641,25.0296428
113,4,19,23,46,2,11南港區,南港區市民大道7段與向陽路口,0,0,1,1,B12,8,5,5,50,4,1,1,2,4,5,13,2,1,3,4,5,2,17,1,44,3,10,7,1,7,14,1,8,9,17,,44,,1,21,121.5952307,25.0514178
113,4,19,23,46,2,11南港區,南港區市民大道7段與向陽路口,0,0,1,2,C03,8,5,5,50,4,1,1,2,4,5,13,2,1,3,4,5,2,17,1,38,2,9,5,1,7,5,1,10,1,14,,44,,1,21,121.5952307,25.0514178
113,4,20,1,48,2,04大安區,大安區市民大道4段與忠孝東路4段101巷口,0,0,1,1,A12,8,5,5,40,3,2,1,5,4,2,13,4,4,8,3,5,1,17,1,32,4,11,3,1,7,9,7,19,11,17,,118,,2,26,121.5484258,25.0447592
113,4,20,1,48,2,04大安區,大安區市民大道4段與忠孝東路4段101巷口,0,0,1,2,C03,8,5,5,40,3,2,1,5,4,2,13,4,4,8,3,5,1,17,1,33,2,9,5,1,7,9,1,10,1,17,,118,,1,21,121.5484258,25.0447592
113,4,20,2,37,2,07信義區,信義區光復南路577號,0,0,1,1,C02,8,5,5,50,14,9,1,5,4,5,13,4,4,1,4,4,2,13,1,34,2,8,5,1,7,9,1,9,2,11,,108,,1,21,121.5574806,25.0305582
113,4,20,2,37,2,07信義區,信義區光復南路577號,0,0,1,2,B01,8,5,5,50,14,9,1,5,4,5,13,4,4,1,4,4,2,13,1,34,3,10,3,4,7,14,1,4,2,7,,38,,1,21,121.5574806,25.0305582
113,4,20,6,30,2,10文山區,文山區秀明路2段與新光路1段口,0,0,3,1,B03,8,7,5,50,4,1,1,5,4,5,13,2,1,10,5,5,2,16,1,77,2,1,7,1,7,5,1,8,2,1,,71,,1,21,121.5736598,24.9916788
113,4,20,6,30,2,10文山區,文山區秀明路2段與新光路1段口,0,0,3,2,B03,8,7,5,50,4,1,1,5,4,5,13,2,1,10,5,5,2,16,1,72,2,9,7,1,7,9,1,8,2,8,,44,,1,21,121.5736598,24.9916788
113,4,20,6,30,2,10文山區,文山區秀明路2段與新光路1段口,0,0,3,3,H02,8,7,5,50,4,1,1,5,4,5,13,2,1,10,5,5,2,16,2,77,2,9,3,5,7,17,8,20,10,16,,67,,1,21,121.5736598,24.9916788
113,4,20,8,26,2,10文山區,文山區新光路2段(東往西0707699燈桿旁）,0,0,1,1,C03,8,7,5,50,14,9,1,5,4,5,13,4,4,9,5,5,2,18,1,28,2,9,5,1,7,9,1,9,1,12,,44,,1,21,121.5972629,25.0026962
113,4,20,8,26,2,10文山區,文山區新光路2段(東往西0707699燈桿旁）,0,0,1,2,,8,7,5,50,14,9,1,5,4,5,13,4,4,9,5,5,2,18,3,0,,,,,,,,,,,,67,,1,,121.5972629,25.0026962
113,4,20,8,30,2,01大同區,大同區大稻埕堤外便道與大稻埕堤外便道口5號水門停車場車道,0,0,1,1,B02,8,6,5,30,5,1,1,5,4,5,13,4,4,10,5,5,2,16,1,51,3,10,7,1,7,6,1,8,2,2,,9,,1,21,121.5062421,25.05569293
113,4,20,8,30,2,01大同區,大同區大稻埕堤外便道與大稻埕堤外便道口5號水門停車場車道,0,0,1,2,C03,8,6,5,30,5,1,1,5,4,5,13,4,4,10,5,5,2,16,1,64,2,9,6,1,7,9,1,10,2,14,,44,,1,21,121.5062421,25.05569293
113,4,20,8,50,2,06松山區,松山區觀山河濱公園自行車道3015173號燈桿附近,0,0,1,1,B03,8,6,8,50,14,23,1,5,4,5,13,4,4,9,5,5,2,17,1,67,3,10,7,1,7,9,1,8,2,17,,42,,1,21,121.5702505,25.05492228
113,4,20,8,50,2,06松山區,松山區觀山河濱公園自行車道3015173號燈桿附近,0,0,1,2,F01,8,6,8,50,14,23,1,5,4,5,13,4,4,9,5,5,2,17,1,47,2,9,4,1,7,4,8,20,2,12,,42,,1,21,121.5702505,25.05492228
113,4,20,8,55,2,11南港區,南港區舊莊街1段149號,0,0,1,1,B03,8,6,5,50,14,9,1,5,4,5,13,4,4,5,2,5,2,12,2,53,3,10,7,1,7,1,1,8,2,4,,19,,1,21,121.6206926,25.0396292
113,4,20,8,55,2,11南港區,南港區舊莊街1段149號,0,0,1,2,C01,8,6,5,50,14,9,1,5,4,5,13,4,4,5,2,5,2,12,1,43,2,9,6,1,7,9,1,9,2,12,,108,,1,21,121.6206926,25.0396292
113,4,20,9,21,2,03中山區,中山區民權東路3段與建國北路3段口,0,0,1,1,B03,8,7,5,50,4,1,1,5,4,5,13,1,1,1,3,5,2,17,1,40,3,10,7,1,7,6,1,8,1,6,,42,,1,22,121.537297,25.0622685
113,4,20,9,21,2,03中山區,中山區民權東路3段與建國北路3段口,0,0,1,2,C03,8,7,5,50,4,1,1,5,4,5,13,1,1,1,3,5,2,17,2,73,2,8,5,1,7,9,3,18,1,11,,108,,1,22,121.537297,25.0622685
113,4,20,9,50,2,03中山區,中山區中山北路3段往南、水晶橋下,0,0,1,1,C03,8,7,5,50,14,9,1,5,4,5,13,2,1,1,4,5,2,13,2,21,2,9,6,4,7,9,1,10,1,11,,108,,1,21,121.5234566,25.070955
113,4,20,9,50,2,03中山區,中山區中山北路3段往南、水晶橋下,0,0,1,2,C03,8,7,5,50,14,9,1,5,4,5,13,2,1,1,4,5,2,13,1,43,3,10,6,4,7,13,1,10,1,13,,44,,1,21,121.5234566,25.070955
113,4,20,10,1,2,06松山區,松山區基隆路1段8號,0,0,1,1,B03,8,7,5,50,14,9,1,5,4,3,13,4,4,1,4,5,2,17,1,74,3,10,7,1,7,1,1,8,2,8,,19,,1,21,121.5700406,25.0507977
113,4,20,10,1,2,06松山區,松山區基隆路1段8號,0,0,1,2,C03,8,7,5,50,14,9,1,5,4,3,13,4,4,1,4,5,2,17,1,19,2,9,6,1,7,9,1,10,2,12,,44,,1,21,121.5700406,25.0507977
113,4,20,10,1,2,06松山區,松山區基隆路1段8號,0,0,1,3,B01,8,7,5,50,14,9,1,5,4,3,13,4,4,1,4,5,2,17,1,56,3,10,7,1,7,14,1,4,2,17,,38,,1,21,121.5700406,25.0507977
113,4,20,10,19,2,05中正區,中正區重慶南路2段與重慶南路2段6巷口,0,0,1,1,B01,8,7,5,50,3,1,1,5,4,5,13,4,4,1,4,5,2,17,1,66,3,10,7,1,7,5,1,4,2,2,,74,,1,22,121.5128016,25.034368
113,4,20,10,19,2,05中正區,中正區重慶南路2段與重慶南路2段6巷口,0,0,1,2,C03,8,7,5,50,3,1,1,5,4,5,13,4,4,1,4,5,2,17,1,23,2,9,6,1,7,9,1,10,2,11,,13,,1,22,121.5128016,25.034368
113,4,20,10,40,2,10文山區,文山區羅斯福路5段與羅斯福路5段176巷口口,0,0,2,1,C03,8,6,5,50,5,2,1,5,4,5,13,2,1,1,4,5,2,13,2,31,2,7,6,1,7,9,1,10,1,11,,108,,1,21,121.538606,25.0041489
113,4,20,10,40,2,10文山區,文山區羅斯福路5段與羅斯福路5段176巷口口,0,0,2,2,C03,8,6,5,50,5,2,1,5,4,5,13,2,1,1,4,5,2,13,1,57,2,9,6,1,7,6,1,10,1,13,,44,,1,21,121.538606,25.0041489
113,4,20,11,4,2,10文山區,文山區新光路1段147號前,0,0,2,1,C03,8,6,5,50,14,9,1,5,4,5,13,4,4,5,4,4,2,17,1,23,2,9,5,1,7,9,6,10,2,11,,108,,1,21,121.5737205,24.99221234
113,4,20,11,4,2,10文山區,文山區新光路1段147號前,0,0,2,2,C03,8,6,5,50,14,9,1,5,4,5,13,4,4,5,4,4,2,17,1,21,3,10,5,1,7,12,1,10,2,13,,14,,1,21,121.5737205,24.99221234
113,4,20,11,4,2,10文山區,文山區新光路1段147號前,0,0,2,3,H03,8,6,5,50,14,9,1,5,4,5,13,4,4,5,4,4,2,17,1,31,2,7,4,5,8,20,8,20,2,16,,67,,1,23,121.5737205,24.99221234
113,4,20,11,5,2,03中山區,中山區民族西路敦煌書局前,0,0,1,1,C03,8,6,5,50,14,9,1,5,4,5,13,4,4,5,4,5,2,13,1,52,2,8,5,1,7,9,1,10,1,11,,107,,1,22,121.5221353,25.06841102
113,4,20,11,5,2,03中山區,中山區民族西路敦煌書局前,0,0,1,2,B01,8,6,5,50,14,9,1,5,4,5,13,4,4,5,4,5,2,13,1,59,3,10,3,4,7,9,1,4,1,6,,44,,1,22,121.5221353,25.06841102
113,4,20,11,14,2,12內湖區,內湖區舊宗路1段與行善路口,0,0,1,1,A31,8,6,5,50,4,1,1,5,4,5,13,2,1,9,4,5,2,16,1,39,3,10,7,1,7,6,1,1,1,2,,9,,1,21,121.5802841,25.05885435
113,4,20,11,14,2,12內湖區,內湖區舊宗路1段與行善路口,0,0,1,2,C03,8,6,5,50,4,1,1,5,4,5,13,2,1,9,4,5,2,16,1,28,2,9,6,1,7,6,1,10,1,14,,27,,1,21,121.5802841,25.05885435
113,4,20,11,25,2,07信義區,信義區永吉路180巷66弄與永吉路120巷口,0,0,2,1,B03,8,6,5,50,4,1,1,5,4,5,13,1,1,5,4,5,2,3,1,41,3,10,7,1,7,5,1,8,1,1,,70,,1,21,121.5703071,25.0435057
113,4,20,11,25,2,07信義區,信義區永吉路180巷66弄與永吉路120巷口,0,0,2,2,H01,8,6,5,50,4,1,1,5,4,5,13,1,1,5,4,5,2,3,2,30,2,8,4,5,8,16,8,20,10,16,,67,,1,21,121.5703071,25.0435057
113,4,20,11,25,2,07信義區,信義區永吉路180巷66弄與永吉路120巷口,0,0,2,3,H01,8,6,5,50,4,1,1,5,4,5,13,1,1,5,4,5,2,3,1,37,2,7,4,5,8,16,8,20,10,16,,67,,1,21,121.5703071,25.0435057
113,4,20,11,53,2,04大安區,大安區復興南路2段319號,0,0,1,1,F01,8,7,5,50,14,8,1,5,4,5,13,4,4,1,4,4,2,12,2,57,3,10,3,4,7,9,8,20,1,14,,44,,1,21,121.5435041,25.0241938
113,4,20,11,53,2,04大安區,大安區復興南路2段319號,0,0,1,2,F01,8,7,5,50,14,8,1,5,4,5,13,4,4,1,4,4,2,12,1,87,2,9,3,4,7,8,8,20,1,12,,67,,1,21,121.5435041,25.0241938