發生年度,發生月,發生日,發生時-Hours,發生分,處理別-編號,區序,肇事地點,死亡人數,2-30日死亡人數,受傷人數,當事人序號,車種,天候,道路照明設備,道路類別,速限-速度限制,道路型態,事故位置,路面狀況1,路面狀況2,路面狀況3,道路障礙1,道路障礙2,號誌1,號誌2,車道劃分-分向,車道劃分-分道1,車道劃分-分道2,車道劃分-分道3,事故類型及型態,性別,年齡,受傷程度,主要傷處,保護裝置,行動電話,車輛用途,當事者行動狀態,駕駛資格情形,駕駛執照種類,飲酒情形,車輛撞擊部位1,車輛撞擊部位2,肇因碼-個別,肇因碼-主要,個人肇逃否,職業,座標-X,座標-Y
113,4,20,12,7,2,03中山區,中山區合江街20號與合江街口,0,0,1,1,B12,8,6,5,50,4,1,1,5,4,5,13,4,4,5,5,5,2,11,1,43,3,10,3,4,7,11,1,8,1,5,,10,,1,22,121.5390933,25.05514102
113,4,20,12,7,2,03中山區,中山區合江街20號與合江街口,0,0,1,2,C03,8,6,5,50,4,1,1,5,4,5,13,4,4,5,5,5,2,11,2,52,2,9,5,4,7,9,1,10,1,14,,44,,1,22,121.5390933,25.05514102
113,4,20,12,10,2,03中山區,中山區八德路2段199巷與八德路2段口,0,0,1,1,B03,8,6,5,50,4,1,1,5,4,5,13,1,1,9,4,5,2,17,2,55,3,10,7,1,7,5,1,8,1,17,,8,,1,22,121.5391204,25.0465366
113,4,20,12,10,2,03中山區,中山區八德路2段199巷與八德路2段口,0,0,1,2,C03,8,6,5,50,4,1,1,5,4,5,13,1,1,9,4,5,2,17,1,23,2,9,5,1,7,9,1,10,1,17,,44,,1,22,121.5391204,25.0465366
113,4,20,12,22,2,10文山區,文山區指南路1段104號(道南橋上),0,0,1,1,C03,8,6,5,50,8,9,1,5,4,5,13,4,4,5,5,5,2,17,1,45,2,9,3,4,7,9,1,10,2,12,,42,,1,22,121.5716101,24.98761394
113,4,20,12,22,2,10文山區,文山區指南路1段104號(道南橋上),0,0,1,2,B03,8,6,5,50,8,9,1,5,4,5,13,4,4,5,5,5,2,17,1,38,3,10,3,4,7,13,1,8,2,7,,44,,1,22,121.5716101,24.98761394
113,4,20,12,46,2,07信義區,信義區忠孝東路5段215巷與忠孝東路5段口,0,0,1,1,B03,8,6,5,50,3,2,1,5,4,5,13,1,1,3,4,5,2,13,1,47,3,10,7,1,7,8,1,8,2,1,,16,,1,21,121.5698281,25.0409925
113,4,20,12,46,2,07信義區,信義區忠孝東路5段215巷與忠孝東路5段口,0,0,1,2,B03,8,6,5,50,3,2,1,5,4,5,13,1,1,3,4,5,2,13,1,29,3,10,7,1,7,14,1,8,2,3,,44,,1,21,121.5698281,25.0409925
113,4,20,12,46,2,07信義區,信義區忠孝東路5段215巷與忠孝東路5段口,0,0,1,3,B01,8,6,5,50,3,2,1,5,4,5,13,1,1,3,4,5,2,13,1,66,3,10,7,1,7,14,1,4,2,3,,44,,1,21,121.5698281,25.0409925
113,4,20,12,46,2,07信義區,信義區忠孝東路5段215巷與忠孝東路5段口,0,0,1,4,B03,8,6,5,50,3,2,1,5,4,5,13,1,1,3,4,5,2,13,1,45,3,10,7,1,7,14,1,8,2,3,,44,,1,21,121.5698281,25.0409925
113,4,20,12,46,2,07信義區,信義區忠孝東路5段215巷與忠孝東路5段口,0,0,1,5,H02,8,6,5,50,3,2,1,5,4,5,13,1,1,3,4,5,2,13,1,4,2,8,7,5,7,20,8,20,10,16,,60,,1,21,121.5698281,25.0409925
113,4,20,12,51,2,02萬華區,萬華區中華路1段與南寧路口,0,0,1,1,B03,8,7,5,50,5,1,1,5,4,5,13,1,1,1,3,5,2,12,1,70,3,10,7,1,7,6,1,8,1,5,,9,,1,21,121.5086056,25.0441233
113,4,20,12,51,2,02萬華區,萬華區中華路1段與南寧路口,0,0,1,2,C03,8,7,5,50,5,1,1,5,4,5,13,1,1,1,3,5,2,12,1,38,2,9,6,1,7,9,1,10,1,14,,99,,1,21,121.5086056,25.0441233
113,4,20,12,57,2,09北投區,北投區中央北路2段1號,0,0,2,1,B03,8,5,5,50,14,9,1,5,1,5,13,4,4,4,4,5,2,16,2,25,3,10,7,1,7,11,1,8,1,4,,10,,1,21,121.4964848,25.1363527
113,4,20,12,57,2,09北投區,北投區中央北路2段1號,0,0,2,2,C03,8,5,5,50,14,9,1,5,1,5,13,4,4,4,4,5,2,16,2,72,2,9,5,1,7,9,1,10,1,11,,44,,1,21,121.4964848,25.1363527
113,4,20,12,57,2,09北投區,北投區中央北路2段1號,0,0,2,3,H02,8,5,5,50,14,9,1,5,1,5,13,4,4,4,4,5,2,16,2,69,2,9,6,5,7,20,8,20,10,16,,67,,1,21,121.4964848,25.1363527
113,4,20,12,57,2,11南港區,南港區研究院路1段33號,0,0,1,2,C03,8,6,5,50,14,7,1,5,4,5,13,4,4,1,4,5,2,13,1,73,2,8,5,1,7,9,1,10,2,13,,44,,1,22,121.6164172,25.0535904
113,4,20,12,57,2,11南港區,南港區研究院路1段33號,0,0,1,1,A12,8,6,5,50,14,7,1,5,4,5,13,4,4,1,4,5,2,13,1,61,3,10,7,1,7,9,1,7,2,1,,16,,1,22,121.6164172,25.0535904
113,4,20,12,57,2,11南港區,南港區研究院路1段33號,0,0,1,3,B03,8,6,5,50,14,7,1,5,4,5,13,4,4,1,4,5,2,13,1,27,3,10,2,1,7,13,1,8,9,8,,44,,1,22,121.6164172,25.0535904
113,4,20,13,12,2,08士林區,士林區延平北路6段308號與延平北路6段口,0,0,1,1,B03,7,7,5,50,3,2,1,5,4,5,13,4,4,5,5,5,1,17,1,52,3,10,7,1,7,8,1,8,1,5,,100,,1,21,121.5032626,25.08945384
113,4,20,13,12,2,08士林區,士林區延平北路6段308號與延平北路6段口,0,0,1,2,C03,7,7,5,50,3,2,1,5,4,5,13,4,4,5,5,5,1,17,1,69,2,9,5,1,7,7,1,10,1,14,,100,,1,21,121.5032626,25.08945384
113,4,20,13,14,2,04大安區,大安區羅斯福路4段與基隆路4段口,0,0,2,1,C03,8,6,5,50,5,1,1,5,4,5,13,1,1,8,3,5,1,12,1,43,2,7,5,1,7,9,1,10,1,11,,16,,1,21,121.5372767,25.0113225
113,4,20,13,14,2,04大安區,大安區羅斯福路4段與基隆路4段口,0,0,2,2,C03,8,6,5,50,5,1,1,5,4,5,13,1,1,8,3,5,1,12,1,31,3,10,5,1,7,12,1,10,1,13,,44,,1,21,121.5372767,25.0113225
113,4,20,13,14,2,04大安區,大安區羅斯福路4段與基隆路4段口,0,0,2,3,C03,8,6,5,50,5,1,1,5,4,5,13,1,1,8,3,5,1,12,1,24,3,10,5,1,7,5,1,10,1,17,,96,,1,21,121.5372767,25.0113225
113,4,20,13,14,2,04大安區,大安區羅斯福路4段與基隆路4段口,0,0,2,4,H02,8,6,5,50,5,1,1,5,4,5,13,1,1,8,3,5,1,12,2,44,2,8,5,5,7,21,8,20,10,17,,67,,1,21,121.5372767,25.0113225
113,4,20,13,20,2,12內湖區,內湖區堤頂大道1段與港墘路口,0,0,1,1,B03,7,6,5,50,3,1,1,5,4,5,13,2,1,1,4,5,2,16,2,58,3,10,7,1,7,9,1,8,1,2,,81,,1,21,121.5722398,25.07453685
113,4,20,13,20,2,12內湖區,內湖區堤頂大道1段與港墘路口,0,0,1,2,C03,7,6,5,50,3,1,1,5,4,5,13,2,1,1,4,5,2,16,1,21,2,9,6,1,7,5,1,10,1,14,,44,,1,21,121.5722398,25.07453685
113,4,20,13,30,2,08士林區,士林區中山北路5段與至誠路2段口,0,0,1,1,B03,8,6,5,50,5,1,1,5,4,5,13,3,1,5,5,5,2,17,2,49,3,10,7,1,7,5,1,8,1,5,,71,,1,22,121.5265175,25.1010005
113,4,20,13,30,2,08士林區,士林區中山北路5段與至誠路2段口,0,0,1,2,C03,8,6,5,50,5,1,1,5,4,5,13,3,1,5,5,5,2,17,1,47,2,9,5,1,7,9,1,10,1,11,,44,,1,22,121.5265175,25.1010005
113,4,20,13,31,2,11南港區,南港區忠孝東路7段(西向東0405417燈桿),0,0,1,1,C03,8,6,5,40,14,8,1,5,4,5,13,4,4,1,4,4,2,17,1,23,2,8,6,1,7,9,1,10,1,11,,108,,1,21,121.6001436,25.05123819
113,4,20,13,31,2,11南港區,南港區忠孝東路7段(西向東0405417燈桿),0,0,1,2,B03,8,6,5,40,14,8,1,5,4,5,13,4,4,1,4,4,2,17,2,41,3,10,7,1,7,14,1,8,1,7,,38,,1,21,121.6001436,25.05123819
113,4,20,13,37,2,04大安區,大安區八德路2段與市民大道3段口,0,0,1,1,B02,8,5,5,40,14,9,1,5,4,5,13,2,1,10,5,5,2,16,1,23,3,10,7,1,7,6,1,8,1,2,,9,,1,21,121.5342637,25.0449197
113,4,20,13,37,2,04大安區,大安區八德路2段與市民大道3段口,0,0,1,2,C03,8,5,5,40,14,9,1,5,4,5,13,2,1,10,5,5,2,16,1,19,2,8,6,1,7,9,1,10,1,14,,108,,1,21,121.5342637,25.0449197
113,4,20,14,41,2,04大安區,大安區光復南路438號,0,0,2,1,B01,8,6,5,50,14,9,1,5,4,5,13,4,4,3,4,5,2,13,2,63,3,10,7,4,7,12,1,4,1,3,,14,,1,21,121.557473,25.0360515
113,4,20,14,41,2,04大安區,大安區光復南路438號,0,0,2,2,C03,8,6,5,50,14,9,1,5,4,5,13,4,4,3,4,5,2,13,2,54,2,8,5,4,7,9,1,10,1,11,,44,,1,21,121.557473,25.0360515
113,4,20,14,41,2,04大安區,大安區光復南路438號,0,0,2,3,C03,8,6,5,50,14,9,1,5,4,5,13,4,4,3,4,5,2,13,1,33,3,10,6,4,7,9,1,10,9,15,,16,,1,21,121.557473,25.0360515
113,4,20,14,41,2,04大安區,大安區光復南路438號,0,0,2,4,H02,8,6,5,50,14,9,1,5,4,5,13,4,4,3,4,5,2,13,2,23,2,8,6,5,7,20,8,20,10,16,,67,,1,21,121.557473,25.0360515
113,4,20,14,44,2,01大同區,大同區延平北路4段與敦煌路口,0,0,1,1,C03,8,6,5,50,5,1,1,5,4,5,13,1,1,5,5,5,2,16,1,34,3,10,6,1,7,5,1,10,1,12,,71,,1,21,121.5120339,25.0764242
113,4,20,14,44,2,01大同區,大同區延平北路4段與敦煌路口,0,0,1,2,C03,8,6,5,50,5,1,1,5,4,5,13,1,1,5,5,5,2,16,2,21,2,8,6,1,7,9,1,10,1,11,,44,,1,21,121.5120339,25.0764242
113,4,20,15,40,2,01大同區,大同區涼州街與甘州街口,0,0,1,1,B03,7,7,5,50,3,2,1,5,4,5,13,4,4,5,4,5,2,17,1,21,3,10,3,4,7,6,1,8,1,5,,9,,1,21,121.5126571,25.060688
113,4,20,15,40,2,01大同區,大同區涼州街與甘州街口,0,0,1,2,C03,7,7,5,50,3,2,1,5,4,5,13,4,4,5,4,5,2,17,1,71,2,9,3,4,7,9,1,10,1,14,,44,,1,21,121.5126571,25.060688
113,4,20,16,5,2,02萬華區,萬華區康定路與廣州街口,0,0,1,1,B03,8,7,5,50,4,1,1,5,4,5,13,1,1,9,5,5,2,17,1,43,3,10,7,1,7,9,1,8,1,8,,44,,1,21,121.5014489,25.0366116
113,4,20,16,5,2,02萬華區,萬華區康定路與廣州街口,0,0,1,2,C03,8,7,5,50,4,1,1,5,4,5,13,1,1,9,5,5,2,17,1,69,2,8,5,1,7,9,1,10,1,13,,44,,1,21,121.5014489,25.0366116
113,4,20,16,55,2,09北投區,北投區崇仁路1段與清江路245巷口,0,0,1,1,C03,8,5,5,30,4,2,1,5,4,5,13,4,4,9,4,5,2,3,1,57,3,10,5,1,7,9,1,10,1,12,,4,,1,21,121.5015946,25.1259667
113,4,20,16,55,2,09北投區,北投區崇仁路1段與清江路245巷口,0,0,1,2,H01,8,5,5,30,4,2,1,5,4,5,13,4,4,9,4,5,2,3,2,80,2,8,4,5,8,16,8,20,1,16,,121,,1,21,121.5015946,25.1259667
113,4,20,16,58,2,03中山區,中山區明水路325號,0,0,1,1,C04,7,7,5,50,14,9,1,5,4,5,13,4,4,1,4,4,2,12,2,23,2,9,5,1,7,7,1,10,1,14,,100,,1,22,121.5395677,25.07737197
113,4,20,16,58,2,03中山區,中山區明水路325號,0,0,1,2,C03,7,7,5,50,14,9,1,5,4,5,13,4,4,1,4,4,2,12,1,30,3,10,5,1,7,9,1,10,1,12,,44,,1,22,121.5395677,25.07737197
113,4,20,17,19,2,09北投區,北投區知行路4巷與知行路口,0,0,2,1,C03,8,7,5,30,4,1,1,5,4,5,13,4,4,10,5,5,2,15,1,42,2,8,3,4,7,9,1,10,1,11,,75,,1,22,121.4664271,25.1180846
113,4,20,17,19,2,09北投區,北投區知行路4巷與知行路口,0,0,2,2,C03,8,7,5,30,4,1,1,5,4,5,13,4,4,10,5,5,2,15,1,48,2,7,3,4,7,9,1,10,1,14,,13,,1,22,121.4664271,25.1180846
113,4,20,17,34,2,07信義區,信義區林口街96號,0,0,2,1,F01,7,7,5,40,14,7,1,5,4,5,13,4,4,5,4,4,2,17,2,46,2,9,4,1,7,8,8,20,1,11,,4,,1,21,121.5794374,25.0396674
113,4,20,17,34,2,07信義區,信義區林口街96號,0,0,2,2,C03,7,7,5,40,14,7,1,5,4,5,13,4,4,5,4,4,2,17,1,68,2,9,6,1,7,9,1,10,1,11,,44,,1,21,121.5794374,25.0396674
113,4,20,17,40,2,05中正區,中正區和平西路1段134號對面,0,0,2,1,C03,7,6,5,50,14,9,1,5,4,5,13,4,4,2,4,5,1,17,2,51,2,9,5,1,7,15,1,10,2,12,,118,,1,21,121.5167693,25.0271609
113,4,20,17,40,2,05中正區,中正區和平西路1段134號對面,0,0,2,2,C03,7,6,5,50,14,9,1,5,4,5,13,4,4,2,4,5,1,17,1,25,2,8,5,1,7,15,1,10,2,14,,118,,1,21,121.5167693,25.0271609
113,4,20,17,43,2,03中山區,中山區北安路與大直街口,0,0,1,1,B03,8,5,5,50,5,2,1,5,4,5,13,2,1,3,4,5,2,16,2,19,3,10,3,4,7,5,1,8,2,8,,44,,1,21,121.5472156,25.0798265
113,4,20,17,43,2,03中山區,中山區北安路與大直街口,0,0,1,2,C03,8,5,5,50,5,2,1,5,4,5,13,2,1,3,4,5,2,16,1,35,2,9,3,4,7,9,1,10,2,14,,44,,1,21,121.5472156,25.0798265
113,4,20,18,2,2,10文山區,文山區指南路3段38巷電線桿指南幹58,0,0,1,1,B02,7,6,5,30,11,9,1,5,4,5,13,4,4,10,5,5,2,17,1,42,3,10,7,1,7,9,1,8,2,17,,5,,1,21,121.582471,24.97784112
113,4,20,18,2,2,10文山區,文山區指南路3段38巷電線桿指南幹58,0,0,1,2,C03,7,6,5,30,11,9,1,5,4,5,13,4,4,10,5,5,2,17,1,24,2,9,6,1,7,9,1,10,2,14,,44,,1,21,121.582471,24.97784112
113,4,20,18,20,2,05中正區,中正區中正橋上往台北方向,0,0,1,1,C03,7,5,5,50,8,9,1,5,4,5,13,4,4,1,4,5,2,12,2,19,2,8,5,1,7,7,1,10,1,14,,100,,1,22,121.5158695,25.0213622
113,4,20,18,20,2,05中正區,中正區中正橋上往台北方向,0,0,1,2,B03,7,5,5,50,8,9,1,5,4,5,13,4,4,1,4,5,2,12,1,52,3,10,7,1,7,9,1,4,1,2,,44,,1,22,121.5158695,25.0213622
113,4,20,18,45,2,01大同區,大同區承德路3段與民權西路口,0,0,1,1,A02,8,5,5,50,4,1,1,5,4,5,13,1,1,1,4,5,2,17,1,57,3,10,7,1,7,9,1,2,11,17,,44,,1,21,121.5179909,25.0629234
113,4,20,18,45,2,01大同區,大同區承德路3段與民權西路口,0,0,1,2,B03,8,5,5,50,4,1,1,5,4,5,13,1,1,1,4,5,2,17,2,68,3,10,7,1,7,7,1,8,11,17,,100,,1,21,121.5179909,25.0629234
113,4,20,18,45,2,01大同區,大同區承德路3段與民權西路口,0,0,1,3,H02,8,5,5,50,4,1,1,5,4,5,13,1,1,1,4,5,2,17,2,72,2,9,4,5,7,21,8,20,10,16,,67,,1,21,121.5179909,25.0629234
113,4,20,18,54,2,05中正區,中正區開封街1段35號,0,0,1,1,B03,6,5,5,50,14,9,1,4,4,5,13,4,4,10,4,5,1,17,1,25,3,10,3,1,7,13,1,8,1,4,,40,,1,21,121.5125099,25.0460025
113,4,20,18,54,2,05中正區,中正區開封街1段35號,0,0,1,2,C03,6,5,5,50,14,9,1,4,4,5,13,4,4,10,4,5,1,17,2,23,3,10,5,1,7,9,1,10,1,12,,44,,1,21,121.5125099,25.0460025
113,4,20,18,54,2,05中正區,中正區開封街1段35號,0,0,1,3,H02,6,5,5,50,14,9,1,4,4,5,13,4,4,10,4,5,1,17,2,19,2,9,5,5,7,21,8,20,10,16,,67,,1,22,121.5125099,25.0460025
113,4,20,19,22,2,02萬華區,萬華區中華路1段與長沙街2段口,0,0,1,1,B01,6,5,5,50,4,1,1,4,4,5,13,2,1,1,5,5,2,3,1,39,3,10,7,1,7,6,1,4,2,1,,70,,1,26,121.5075155,25.04057118
113,4,20,19,22,2,02萬華區,萬華區中華路1段與長沙街2段口,0,0,1,2,H01,6,5,5,50,4,1,1,4,4,5,13,2,1,1,5,5,2,3,2,83,2,9,4,5,8,16,8,20,1,16,,67,,1,21,121.5075155,25.04057118
113,4,20,19,25,2,06松山區,松山區市民大道5段與八德路4段106巷口,0,0,1,1,C03,6,5,5,40,14,9,1,4,4,5,13,4,4,9,4,5,2,13,1,19,3,10,6,1,7,9,1,10,1,12,,16,,1,22,121.5612225,25.04663955
113,4,20,19,25,2,06松山區,松山區市民大道5段與八德路4段106巷口,0,0,1,2,C03,6,5,5,40,14,9,1,4,4,5,13,4,4,9,4,5,2,13,1,18,3,10,6,1,7,9,1,10,1,11,,16,,1,22,121.5612225,25.04663955
113,4,20,19,25,2,06松山區,松山區市民大道5段與八德路4段106巷口,0,0,1,3,C03,6,5,5,40,14,9,1,4,4,5,13,4,4,9,4,5,2,13,2,22,2,8,6,1,7,12,1,10,1,14,,44,,1,22,121.5612225,25.04663955
113,4,20,19,27,2,05中正區,中正區市民大道2段與天津街口,0,0,2,1,B03,6,5,5,40,4,1,1,4,4,5,13,1,1,10,4,5,2,17,2,37,3,10,7,4,7,6,1,8,11,17,,9,,1,22,121.5222131,25.04780255
113,4,20,19,27,2,05中正區,中正區市民大道2段與天津街口,0,0,2,2,C03,6,5,5,40,4,1,1,4,4,5,13,1,1,10,4,5,2,17,1,23,2,9,6,4,7,9,1,10,1,14,,44,,1,22,121.5222131,25.04780255
113,4,20,19,27,2,05中正區,中正區市民大道2段與天津街口,0,0,2,3,H02,6,5,5,40,4,1,1,4,4,5,13,1,1,10,4,5,2,17,2,23,2,8,6,5,7,20,8,20,10,16,,67,,1,22,121.5222131,25.04780255
113,4,20,19,29,2,03中山區,中山區南京東路1段與新生北路2段口,0,0,2,1,C03,6,5,5,50,4,2,1,4,4,5,13,2,1,10,5,5,2,1,1,24,2,9,6,1,7,9,1,10,1,11,,70,,1,21,121.5274821,25.05201697
113,4,20,19,29,2,03中山區,中山區南京東路1段與新生北路2段口,0,0,2,2,H01,6,5,5,50,4,2,1,4,4,5,13,2,1,10,5,5,2,1,2,88,2,9,4,5,8,16,8,20,10,16,,122,,1,21,121.5274821,25.05201697
113,4,20,20,0,2,03中山區,中山區興安街67號,0,0,2,1,C03,6,5,5,50,14,9,1,4,4,5,13,4,4,9,4,5,1,3,1,41,2,7,5,4,7,9,1,10,1,11,,108,,1,21,121.5433361,25.056226
113,4,20,20,0,2,03中山區,中山區興安街67號,0,0,2,2,H01,6,5,5,50,14,9,1,4,4,5,13,4,4,9,4,5,1,3,1,70,2,8,4,5,8,16,8,20,1,16,,123,,1,21,121.5433361,25.056226
113,4,20,20,2,2,04大安區,大安區信義路3段122號,0,0,1,1,B01,6,5,5,50,14,9,1,4,4,5,13,4,4,1,4,5,1,12,1,42,3,10,7,1,7,1,1,8,1,4,,19,,1,21,121.5385471,25.03339203
113,4,20,20,2,2,04大安區,大安區信義路3段122號,0,0,1,2,C03,6,5,5,50,14,9,1,4,4,5,13,4,4,1,4,5,1,12,1,24,2,9,6,1,7,9,1,10,1,11,,44,,1,21,121.5385471,25.03339203
113,4,20,20,53,2,05中正區,中正區水源路與師大路口,0,0,1,1,C03,7,5,5,50,4,1,1,4,4,5,13,1,1,1,4,5,2,17,1,29,2,8,5,4,7,15,1,10,1,13,,100,,1,21,121.5227189,25.0201537
113,4,20,20,53,2,05中正區,中正區水源路與師大路口,0,0,1,2,B03,7,5,5,50,4,1,1,4,4,5,13,1,1,1,4,5,2,17,2,20,3,10,7,4,7,9,1,8,1,1,,44,,1,21,121.5227189,25.0201537
113,4,20,20,58,2,10文山區,文山區木新路3段與木新路3段310巷口,0,0,1,1,B03,6,5,5,50,4,18,1,4,4,5,13,2,1,5,5,5,2,3,2,62,3,10,7,1,7,5,1,8,2,1,,44,,1,21,121.5571545,24.9809425
113,4,20,20,58,2,10文山區,文山區木新路3段與木新路3段310巷口,0,0,1,2,H01,6,5,5,50,4,18,1,4,4,5,13,2,1,5,5,5,2,3,2,25,2,3,4,5,8,16,8,20,10,16,,67,,1,21,121.5571545,24.9809425
113,4,20,21,1,2,06松山區,松山區南京東路5段335號,0,0,1,1,B03,6,5,5,50,14,9,1,4,4,5,13,4,4,9,4,5,2,12,1,26,3,10,7,1,7,7,1,8,1,6,,100,,1,21,121.5672974,25.05142834
113,4,20,21,1,2,06松山區,松山區南京東路5段335號,0,0,1,2,C03,6,5,5,50,14,9,1,4,4,5,13,4,4,9,4,5,2,12,1,58,2,9,6,1,7,9,1,10,1,14,,108,,1,21,121.5672974,25.05142834
113,4,20,21,53,2,09北投區,北投區大業路與大業路280巷口,0,0,1,1,B03,7,5,5,50,3,1,1,5,4,5,13,2,1,3,4,4,2,16,1,33,3,10,7,1,7,6,1,8,2,5,,71,,1,21,121.498158,25.1272016
113,4,20,21,53,2,09北投區,北投區大業路與大業路280巷口,0,0,1,2,C03,7,5,5,50,3,1,1,5,4,5,13,2,1,3,4,4,2,16,1,19,2,9,6,1,7,9,1,10,2,14,,13,,1,21,121.498158,25.1272016
113,4,20,22,0,2,01大同區,大同區赤峰街與赤峰街41巷口,0,0,1,1,B03,7,5,5,30,4,1,1,5,4,5,13,4,4,10,5,5,2,15,1,46,3,10,3,4,7,9,1,8,1,8,,72,,1,22,121.5196057,25.0548841
113,4,20,22,0,2,01大同區,大同區赤峰街與赤峰街41巷口,0,0,1,2,C03,7,5,5,30,4,1,1,5,4,5,13,4,4,10,5,5,2,15,1,36,2,4,6,4,7,9,1,10,1,11,,107,,1,22,121.5196057,25.0548841
113,4,20,22,26,2,07信義區,信義區市府路與仁愛路4段口,0,0,1,1,F01,7,5,5,0,3,1,1,4,4,5,13,1,1,5,3,5,2,15,2,39,2,8,4,1,7,11,8,20,1,12,,11,,1,21,121.5634843,25.0377091
113,4,20,22,26,2,07信義區,信義區市府路與仁愛路4段口,0,0,1,2,B01,7,5,5,0,3,1,1,4,4,5,13,1,1,5,3,5,2,15,1,28,3,10,7,1,7,15,1,4,1,5,,44,,1,22,121.5634843,25.0377091
113,4,20,22,54,2,12內湖區,內湖區內湖路1段與堤頂大道2段口,0,0,2,1,C03,8,5,5,50,3,1,1,5,4,5,13,2,1,1,4,5,2,17,1,62,3,10,6,1,7,8,1,10,2,17,,100,,1,21,121.5604986,25.08454891
113,4,20,22,54,2,12內湖區,內湖區內湖路1段與堤頂大道2段口,0,0,2,2,C03,8,5,5,50,3,1,1,5,4,5,13,2,1,1,4,5,2,17,1,62,2,9,6,1,7,9,1,10,2,17,,44,,1,21,121.5604986,25.08454891
113,4,20,22,54,2,12內湖區,內湖區內湖路1段與堤頂大道2段口,0,0,2,3,H02,8,5,5,50,3,1,1,5,4,5,13,2,1,1,4,5,2,17,2,60,2,9,6,5,7,21,8,20,10,17,,67,,1,21,121.5604986,25.08454891
113,4,20,23,0,2,02萬華區,萬華區漢口街2段49號對面,0,0,1,1,C03,8,5,5,50,14,9,1,5,4,5,13,4,4,10,3,5,2,12,4,-1,4,11,3,4,7,7,7,19,11,12,,119,,2,22,121.5063912,25.0457514
113,4,20,23,0,2,02萬華區,萬華區漢口街2段49號對面,0,0,1,2,C03,8,5,5,50,14,9,1,5,4,5,13,4,4,10,3,5,2,12,2,22,2,8,5,1,7,9,1,10,9,14,,119,,1,21,121.5063912,25.0457514
113,4,21,1,57,2,08士林區,士林區延平北路5段167號,0,0,1,1,C03,8,5,5,50,14,9,1,5,4,5,13,4,4,1,4,5,2,13,1,18,2,9,5,1,7,9,1,10,2,11,,108,,1,21,121.5101745,25.0828248
113,4,21,1,57,2,08士林區,士林區延平北路5段167號,0,0,1,2,B01,8,5,5,50,14,9,1,5,4,5,13,4,4,1,4,5,2,13,1,68,3,10,3,4,7,14,1,4,2,3,,44,,1,21,121.5101745,25.0828248
113,4,21,3,45,2,08士林區,士林區基河路251巷與基河路口側附近口,0,0,2,1,C03,7,5,5,50,4,1,1,5,4,5,13,2,1,9,4,5,1,17,1,18,2,9,5,1,7,9,1,10,2,11,,81,,1,21,121.5215111,25.09135818
113,4,21,3,45,2,08士林區,士林區基河路251巷與基河路口側附近口,0,0,2,2,B03,7,5,5,50,4,1,1,5,4,5,13,2,1,9,4,5,1,17,1,60,3,10,7,1,7,9,1,8,2,4,,44,,1,21,121.5215111,25.09135818
113,4,21,3,45,2,08士林區,士林區基河路251巷與基河路口側附近口,0,0,2,3,H02,7,5,5,50,4,1,1,5,4,5,13,2,1,9,4,5,1,17,1,17,2,8,5,5,7,20,8,20,10,16,,60,,1,21,121.5215111,25.09135818
113,4,21,4,31,2,07信義區,信義區忠孝東路5段與忠孝東路5段215巷口,0,0,2,1,C03,7,5,5,50,3,1,1,5,4,5,13,2,1,3,4,5,1,16,2,19,2,9,5,1,7,9,1,10,1,11,,44,,1,21,121.5701854,25.0410737
113,4,21,4,31,2,07信義區,信義區忠孝東路5段與忠孝東路5段215巷口,0,0,2,2,B03,7,5,5,50,3,1,1,5,4,5,13,2,1,3,4,5,1,16,1,33,3,10,7,1,7,5,1,8,1,2,,8,,1,21,121.5701854,25.0410737
113,4,21,4,31,2,07信義區,信義區忠孝東路5段與忠孝東路5段215巷口,0,0,2,3,H02,7,5,5,50,3,1,1,5,4,5,13,2,1,3,4,5,1,16,2,24,2,1,7,5,7,20,8,20,10,16,,67,,1,21,121.5701854,25.0410737
113,4,21,5,25,2,02萬華區,萬華區中華路2段606巷6號,0,0,1,1,C03,8,6,5,50,14,9,1,5,4,5,13,4,4,5,5,5,2,17,1,41,2,9,6,1,7,9,1,10,1,11,,108,,1,26,121.509908,25.02400209
113,4,21,5,25,2,02萬華區,萬華區中華路2段606巷6號,0,0,1,2,B01,8,6,5,50,14,9,1,5,4,5,13,4,4,5,5,5,2,17,1,42,3,10,7,1,7,14,1,4,1,7,,38,,1,26,121.509908,25.02400209
113,4,21,5,30,2,03中山區,中山區長安東路2段52號,0,0,2,2,C03,8,5,5,50,14,9,1,5,4,5,13,4,4,5,4,5,2,12,1,20,2,9,5,4,7,9,1,9,1,12,,44,,1,21,121.5318671,25.0484608
113,4,21,5,30,2,03中山區,中山區長安東路2段52號,0,0,2,3,H02,8,5,5,50,14,9,1,5,4,5,13,4,4,5,4,5,2,12,1,21,2,9,5,5,7,21,8,20,10,16,,67,,1,21,121.5318671,25.0484608
113,4,21,5,30,2,03中山區,中山區長安東路2段52號,0,0,2,1,B01,8,5,5,50,14,9,1,5,4,5,13,4,4,5,4,5,2,12,1,58,3,10,3,4,7,11,1,4,1,8,,10,,1,21,121.5318671,25.0484608
113,4,21,6,45,2,04大安區,大安區新生南路3段與羅斯福路4段口,0,0,1,1,F01,7,6,8,50,22,22,1,5,4,5,13,4,4,10,5,5,2,16,1,61,2,8,4,4,7,5,8,20,1,14,,8,,1,21,121.5332382,25.0162573