發生年度,發生月,發生日,發生時-Hours,發生分,處理別-編號,區序,肇事地點,死亡人數,2-30日死亡人數,受傷人數,當事人序號,車種,天候,道路照明設備,道路類別,速限-速度限制,道路型態,事故位置,路面狀況1,路面狀況2,路面狀況3,道路障礙1,道路障礙2,號誌1,號誌2,車道劃分-分向,車道劃分-分道1,車道劃分-分道2,車道劃分-分道3,事故類型及型態,性別,年齡,受傷程度,主要傷處,保護裝置,行動電話,車輛用途,當事者行動狀態,駕駛資格情形,駕駛執照種類,飲酒情形,車輛撞擊部位1,車輛撞擊部位2,肇因碼-個別,肇因碼-主要,個人肇逃否,職業,座標-X,座標-Y
113,4,21,6,45,2,04大安區,大安區新生南路3段與羅斯福路4段口,0,0,1,2,F02,7,6,8,50,22,22,1,5,4,5,13,4,4,10,5,5,2,16,1,45,3,10,4,4,7,9,8,20,1,11,,44,,1,21,121.5332382,25.0162573
113,4,21,6,55,2,12內湖區,內湖區內湖路1段與內湖路1段715巷口,0,0,1,1,C03,8,7,8,50,3,1,1,5,4,5,13,4,4,1,3,4,1,15,1,27,2,9,3,4,7,9,1,10,1,11,,13,,1,22,121.5683655,25.0823089
113,4,21,6,55,2,12內湖區,內湖區內湖路1段與內湖路1段715巷口,0,0,1,2,B01,8,7,8,50,3,1,1,5,4,5,13,4,4,1,3,4,1,15,1,56,3,10,3,4,7,15,1,4,1,4,,72,,1,22,121.5683655,25.0823089
113,4,21,8,25,2,04大安區,大安區瑞安街與信義路4段30巷22弄口,0,0,3,1,C03,8,6,5,30,5,1,1,5,4,5,13,4,4,10,5,5,2,17,2,33,2,8,6,4,7,5,1,10,1,12,,74,,1,21,121.5439526,25.0324695
113,4,21,8,25,2,04大安區,大安區瑞安街與信義路4段30巷22弄口,0,0,3,2,C03,8,6,5,30,5,1,1,5,4,5,13,4,4,10,5,5,2,17,1,38,2,8,6,4,7,9,1,10,1,14,,108,,1,21,121.5439526,25.0324695
113,4,21,8,25,2,04大安區,大安區瑞安街與信義路4段30巷22弄口,0,0,3,3,H02,8,6,5,30,5,1,1,5,4,5,13,4,4,10,5,5,2,17,2,35,2,8,6,5,7,20,8,20,10,16,,67,,1,21,121.5439526,25.0324695
113,4,21,8,35,2,02萬華區,萬華區青年路152巷與富民路145巷35弄口,0,0,2,1,B03,7,6,5,30,4,1,1,5,4,5,13,4,4,5,5,5,2,16,1,72,3,10,7,1,7,9,1,8,1,6,,80,,1,21,121.5006961,25.019741
113,4,21,8,35,2,02萬華區,萬華區青年路152巷與富民路145巷35弄口,0,0,2,2,C03,7,6,5,30,4,1,1,5,4,5,13,4,4,5,5,5,2,16,1,58,2,8,6,1,7,6,1,10,1,14,,44,,1,21,121.5006961,25.019741
113,4,21,8,35,2,02萬華區,萬華區青年路152巷與富民路145巷35弄口,0,0,2,3,H02,7,6,5,30,4,1,1,5,4,5,13,4,4,5,5,5,2,16,2,61,2,9,6,5,7,17,8,20,10,17,,67,,1,21,121.5006961,25.019741
113,4,21,8,47,2,12內湖區,內湖區內湖路3段115巷與金龍路口口,0,0,1,1,C03,7,6,5,50,3,1,1,5,4,5,13,1,1,5,4,5,2,17,1,21,2,9,5,1,7,9,1,10,1,11,,42,,1,21,121.5901614,25.0857832
113,4,21,8,47,2,12內湖區,內湖區內湖路3段115巷與金龍路口口,0,0,1,2,B03,7,6,5,50,3,1,1,5,4,5,13,1,1,5,4,5,2,17,1,31,3,10,7,1,7,13,1,8,11,7,,38,,1,21,121.5901614,25.0857832
113,4,21,8,47,2,12內湖區,內湖區內湖路3段115巷與金龍路口口,0,0,1,3,B03,7,6,5,50,3,1,1,5,4,5,13,1,1,5,4,5,2,17,2,58,3,10,7,1,7,5,1,8,1,2,,44,,1,21,121.5901614,25.0857832
113,4,21,8,55,2,02萬華區,萬華區東園街與德昌街口,0,0,3,1,C03,8,7,5,30,4,2,1,5,4,5,13,1,1,10,5,5,2,11,1,41,2,8,5,1,7,9,1,10,9,14,,44,,1,21,121.4972839,25.0244506
113,4,21,8,55,2,02萬華區,萬華區東園街與德昌街口,0,0,3,2,C03,8,7,5,30,4,2,1,5,4,5,13,1,1,10,5,5,2,11,1,41,3,10,5,1,7,9,1,10,9,14,,44,,1,21,121.4972839,25.0244506
113,4,21,8,55,2,02萬華區,萬華區東園街與德昌街口,0,0,3,3,H02,8,7,5,30,4,2,1,5,4,5,13,1,1,10,5,5,2,11,2,46,2,8,5,5,7,17,8,20,10,16,,67,,1,21,121.4972839,25.0244506
113,4,21,8,55,2,02萬華區,萬華區東園街與德昌街口,0,0,3,4,H02,8,7,5,30,4,2,1,5,4,5,13,1,1,10,5,5,2,11,2,40,2,8,5,5,7,17,8,20,10,16,,67,,1,21,121.4972839,25.0244506
113,4,21,9,10,2,09北投區,北投區中央南路1段152號,0,0,2,1,C03,8,6,5,50,14,9,1,5,4,5,13,4,4,9,4,5,2,18,1,42,2,9,5,1,7,9,1,10,1,17,,44,,1,21,121.5009944,25.1297284
113,4,21,9,10,2,09北投區,北投區中央南路1段152號,0,0,2,2,,8,6,5,50,14,9,1,5,4,5,13,4,4,9,4,5,2,18,3,0,,,,,,,,,10,,,67,,1,,121.5009944,25.1297284
113,4,21,9,10,2,09北投區,北投區中央南路1段152號,0,0,2,3,H02,8,6,5,50,14,9,1,5,4,5,13,4,4,9,4,5,2,18,1,11,2,9,5,5,7,20,8,20,10,17,,67,,1,21,121.5009944,25.1297284
113,4,21,9,22,2,04大安區,大安區師大路與師大路102巷口,0,0,1,1,B03,7,6,5,50,4,1,1,5,4,5,13,4,4,9,4,5,1,16,1,63,3,10,3,4,7,11,1,8,1,8,,10,,1,22,121.52835,25.0221919
113,4,21,9,22,2,04大安區,大安區師大路與師大路102巷口,0,0,1,2,C03,7,6,5,50,4,1,1,5,4,5,13,4,4,9,4,5,1,16,1,32,2,9,6,1,7,9,1,10,1,11,,44,,1,22,121.52835,25.0221919
113,4,21,9,30,2,12內湖區,內湖區環山路1段與環山路1段9巷口,0,0,1,1,C03,8,6,5,30,3,1,1,5,4,5,13,4,4,5,4,4,2,17,1,32,3,10,6,1,7,5,1,10,1,11,,72,,1,21,121.5655711,25.08300658
113,4,21,9,30,2,12內湖區,內湖區環山路1段與環山路1段9巷口,0,0,1,2,C03,8,6,5,30,3,1,1,5,4,5,13,4,4,5,4,4,2,17,2,30,2,9,6,1,7,9,1,10,1,11,,44,,1,21,121.5655711,25.08300658
113,4,21,10,5,2,09北投區,北投區大同街與大同街125巷口,0,0,1,1,C03,8,6,5,30,3,1,1,5,4,5,13,4,4,10,5,5,2,17,1,48,3,10,5,1,7,5,1,10,1,17,,14,,1,21,121.4985166,25.1347315
113,4,21,10,5,2,09北投區,北投區大同街與大同街125巷口,0,0,1,2,C03,8,6,5,30,3,1,1,5,4,5,13,4,4,10,5,5,2,17,2,48,2,9,5,1,7,9,1,10,1,17,,44,,1,21,121.4985166,25.1347315
113,4,21,10,10,2,07信義區,信義區松智路與信義路5段口,0,0,2,1,B03,8,7,5,50,4,1,1,5,4,5,13,1,1,1,4,5,2,17,1,48,3,10,7,4,7,5,1,8,1,8,,8,,1,22,121.5654389,25.0329562
113,4,21,10,10,2,07信義區,信義區松智路與信義路5段口,0,0,2,2,C03,8,7,5,50,4,1,1,5,4,5,13,1,1,1,4,5,2,17,1,35,2,9,5,1,7,9,1,10,1,14,,44,,1,22,121.5654389,25.0329562
113,4,21,10,10,2,07信義區,信義區松智路與信義路5段口,0,0,2,3,H02,8,7,5,50,4,1,1,5,4,5,13,1,1,1,4,5,2,17,2,30,2,9,5,5,7,17,8,20,10,16,,67,,1,21,121.5654389,25.0329562
113,4,21,10,20,2,12內湖區,內湖區東湖路113巷與東湖路113巷95弄口,0,0,2,1,B03,8,6,5,30,4,1,1,5,4,5,13,3,1,5,4,5,2,15,1,60,3,10,7,1,7,9,1,8,1,1,,80,,1,21,121.6156386,25.07204719
113,4,21,10,20,2,12內湖區,內湖區東湖路113巷與東湖路113巷95弄口,0,0,2,2,C03,8,6,5,30,4,1,1,5,4,5,13,3,1,5,4,5,2,15,1,36,2,9,5,1,7,9,3,18,1,12,,44,,1,21,121.6156386,25.07204719
113,4,21,10,20,2,12內湖區,內湖區東湖路113巷與東湖路113巷95弄口,0,0,2,3,H02,8,6,5,30,4,1,1,5,4,5,13,3,1,5,4,5,2,15,2,37,2,8,5,5,7,20,8,20,10,16,,67,,1,21,121.6156386,25.07204719
113,4,21,10,34,2,12內湖區,內湖區東湖路55號,0,0,2,1,C03,8,7,5,50,14,9,1,5,4,5,13,4,4,5,4,5,2,12,1,59,2,9,5,1,7,1,1,10,1,14,,19,,1,21,121.6143936,25.06871646
113,4,21,10,34,2,12內湖區,內湖區東湖路55號,0,0,2,2,C03,8,7,5,50,14,9,1,5,4,5,13,4,4,5,4,5,2,12,2,58,2,9,5,1,7,9,1,10,1,12,,44,,1,21,121.6143936,25.06871646
113,4,21,10,37,2,03中山區,中山區復興北路402巷與民權東路3段60巷口,0,0,1,1,B03,8,7,5,30,4,1,1,5,4,5,13,4,4,9,4,5,2,16,2,37,3,10,7,1,7,5,1,8,1,5,,72,,1,22,121.542378,25.0617988
113,4,21,10,37,2,03中山區,中山區復興北路402巷與民權東路3段60巷口,0,0,1,2,C03,8,7,5,30,4,1,1,5,4,5,13,4,4,9,4,5,2,16,1,30,2,9,5,1,7,9,1,10,1,14,,44,,1,22,121.542378,25.0617988
113,4,21,10,41,2,09北投區,北投區西安街1段與東陽街口,0,0,2,1,F03,8,7,5,50,4,1,1,5,4,5,13,1,1,5,4,5,2,16,2,60,2,9,4,1,7,6,8,20,2,12,,9,,1,21,121.5168094,25.1120955
113,4,21,10,41,2,09北投區,北投區西安街1段與東陽街口,0,0,2,2,C03,8,7,5,50,4,1,1,5,4,5,13,1,1,5,4,5,2,16,1,25,2,7,5,1,7,9,1,10,2,14,,44,,1,21,121.5168094,25.1120955
113,4,21,10,54,2,10文山區,文山區辛亥路7段與辛亥路7段65巷口口,0,0,1,1,H01,8,6,5,50,14,19,1,5,4,5,13,4,4,5,5,4,2,3,2,79,2,9,4,5,8,16,8,20,10,16,,121,,1,21,121.5541884,24.983909
113,4,21,10,54,2,10文山區,文山區辛亥路7段與辛亥路7段65巷口口,0,0,1,2,C03,8,6,5,50,14,19,1,5,4,5,13,4,4,5,5,4,2,3,1,27,3,10,5,1,7,9,1,10,2,11,,44,,1,21,121.5541884,24.983909
113,4,21,11,2,2,07信義區,信義區松勇路53巷12號,0,0,1,1,B03,8,6,5,30,14,9,1,5,4,5,13,4,4,10,5,5,2,16,1,46,3,10,3,4,7,6,1,8,2,2,,9,,1,22,121.5710927,25.0341895
113,4,21,11,2,2,07信義區,信義區松勇路53巷12號,0,0,1,2,C03,8,6,5,30,14,9,1,5,4,5,13,4,4,10,5,5,2,16,2,24,2,9,5,1,7,9,1,10,2,14,,44,,1,22,121.5710927,25.0341895
113,4,21,11,12,2,01大同區,永樂市場6號門前無名巷,0,0,1,1,C03,7,6,5,30,14,9,1,5,4,5,13,4,4,10,5,5,2,3,2,48,3,10,6,1,7,9,1,10,1,11,,44,,1,22,121.510635,25.0544372
113,4,21,11,12,2,01大同區,永樂市場6號門前無名巷,0,0,1,2,H01,7,6,5,30,14,9,1,5,4,5,13,4,4,10,5,5,2,3,1,23,2,7,4,5,8,18,8,20,10,16,,53,,1,22,121.510635,25.0544372
113,4,21,11,29,2,07信義區,信義區莊敬路423巷8弄,0,0,1,1,C03,8,6,5,30,14,9,1,5,4,5,13,4,4,9,4,5,2,13,1,65,2,9,5,1,7,9,1,10,2,11,,16,,1,21,121.5676282,25.0285458
113,4,21,11,29,2,07信義區,信義區莊敬路423巷8弄,0,0,1,2,C04,8,6,5,30,14,9,1,5,4,5,13,4,4,9,4,5,2,13,2,56,3,10,5,1,7,14,1,11,2,13,,44,,1,21,121.5676282,25.0285458
113,4,21,11,29,2,07信義區,信義區莊敬路423巷8弄,0,0,1,3,C03,8,6,5,30,14,9,1,5,4,5,13,4,4,9,4,5,2,13,1,20,3,10,6,1,7,14,1,10,2,13,,44,,1,21,121.5676282,25.0285458
113,4,21,11,44,2,10文山區,文山區木柵路4段21巷1-18號,0,0,3,1,C03,8,6,5,50,14,9,1,5,4,5,13,1,1,5,4,5,2,13,1,43,2,7,6,1,7,9,1,10,1,11,,44,,1,21,121.5713652,24.9931477
113,4,21,11,44,2,10文山區,文山區木柵路4段21巷1-18號,0,0,3,2,C03,8,6,5,50,14,9,1,5,4,5,13,1,1,5,4,5,2,13,1,43,2,8,6,1,7,9,1,10,1,13,,44,,1,21,121.5713652,24.9931477
113,4,21,11,44,2,10文山區,文山區木柵路4段21巷1-18號,0,0,3,3,H02,8,6,5,50,14,9,1,5,4,5,13,1,1,5,4,5,2,13,2,21,2,7,6,5,7,21,8,20,10,17,,67,,1,21,121.5713652,24.9931477
113,4,21,11,50,2,05中正區,中正區中山南路與凱達格蘭大道口,0,0,1,1,C03,8,5,5,50,5,2,1,5,4,5,13,2,1,1,4,4,2,17,1,71,2,9,5,1,7,9,1,10,1,14,14,90,,1,21,121.517254,25.0391471
113,4,21,11,50,2,05中正區,中正區中山南路與凱達格蘭大道口,0,0,1,2,B03,8,5,5,50,5,2,1,5,4,5,13,2,1,1,4,4,2,17,1,25,3,10,7,1,7,9,1,8,1,6,6,44,,1,21,121.517254,25.0391471
113,4,21,12,25,2,05中正區,中正區仁愛路1段與紹興南街口,0,0,1,1,C03,8,7,5,50,4,2,1,5,4,5,13,1,1,10,4,1,1,12,2,23,2,9,6,1,7,7,1,10,2,14,,100,,1,22,121.5231106,25.0386764
113,4,21,12,25,2,05中正區,中正區仁愛路1段與紹興南街口,0,0,1,2,B03,8,7,5,50,4,2,1,5,4,5,13,1,1,10,4,1,1,12,1,64,3,10,7,1,7,9,1,8,2,2,,44,,1,22,121.5231106,25.0386764
113,4,21,12,30,2,03中山區,中山區中山北路4段與圓山涵洞口,0,0,1,1,C03,8,7,5,30,4,1,1,5,4,5,13,2,1,1,4,5,2,15,2,21,2,9,6,4,7,9,1,10,2,11,,81,,1,21,121.5251345,25.0768292
113,4,21,12,30,2,03中山區,中山區中山北路4段與圓山涵洞口,0,0,1,2,B01,8,7,5,30,4,1,1,5,4,5,13,2,1,1,4,5,2,15,1,67,3,10,3,4,7,9,1,4,2,2,,44,,1,21,121.5251345,25.0768292
113,4,21,13,6,2,03中山區,中山區大直街62巷與大直街口無名巷,0,0,1,1,C03,8,6,5,30,4,1,1,5,4,5,13,4,4,10,5,5,2,15,2,21,3,10,6,1,7,9,1,10,9,11,,75,,1,21,121.5453101,25.08287243
113,4,21,13,6,2,03中山區,中山區大直街62巷與大直街口無名巷,0,0,1,2,C03,8,6,5,30,4,1,1,5,4,5,13,4,4,10,5,5,2,15,2,41,2,9,6,1,7,9,1,10,9,11,,14,,1,21,121.5453101,25.08287243
113,4,21,13,10,2,10文山區,文山區指南路2段197巷第0707823號燈桿,0,0,1,1,C03,8,7,5,30,14,9,1,5,4,5,13,4,4,9,5,5,2,13,1,20,2,9,5,1,7,9,1,10,1,11,,16,,1,21,121.5777115,24.98827068
113,4,21,13,10,2,10文山區,文山區指南路2段197巷第0707823號燈桿,0,0,1,2,B03,8,7,5,30,14,9,1,5,4,5,13,4,4,9,5,5,2,13,1,63,3,10,7,1,7,9,1,8,1,6,,42,,1,21,121.5777115,24.98827068
113,4,21,14,32,2,12內湖區,內湖區民權東路6段298號與民權東路6段口無名巷口,0,0,1,1,C03,8,7,5,40,3,2,1,5,4,5,13,4,4,1,4,4,2,13,2,20,2,9,5,1,7,7,1,10,1,11,,16,,1,21,121.6053925,25.07273177
113,4,21,14,32,2,12內湖區,內湖區民權東路6段298號與民權東路6段口無名巷口,0,0,1,2,B03,8,7,5,40,3,2,1,5,4,5,13,4,4,1,4,4,2,13,1,19,3,10,7,1,7,12,1,8,1,7,,44,,1,21,121.6053925,25.07273177
113,4,21,15,20,2,02萬華區,萬華區西園路2段與東園街口,0,0,1,1,C03,8,5,5,50,14,9,1,5,4,5,13,1,1,1,4,5,2,17,1,39,2,8,6,4,7,9,1,10,1,11,,16,,1,21,121.4950744,25.02809679
113,4,21,15,20,2,02萬華區,萬華區西園路2段與東園街口,0,0,1,2,C03,8,5,5,50,14,9,1,5,4,5,13,1,1,1,4,5,2,17,1,21,3,10,6,4,7,12,1,10,1,13,,44,,1,21,121.4950744,25.02809679
113,4,21,15,28,2,09北投區,北投區關渡河堤燈桿1203485,0,0,2,1,F01,8,6,8,0,8,23,1,5,4,5,13,4,4,9,4,5,2,10,1,17,2,1,4,1,7,4,8,20,1,11,,2,,1,21,121.4852463,25.115071
113,4,21,15,28,2,09北投區,北投區關渡河堤燈桿1203485,0,0,2,2,F01,8,6,8,0,8,23,1,5,4,5,13,4,4,9,4,5,2,10,2,50,2,3,4,1,7,9,8,20,1,11,,44,,1,21,121.4852463,25.115071
113,4,21,15,44,2,03中山區,中山區民權東路1段7巷與民權東路1段口,0,0,2,1,C03,8,7,5,30,3,1,1,5,4,5,13,4,4,1,4,4,2,16,1,53,2,7,6,1,7,6,1,10,1,14,,14,,1,21,121.5232555,25.06288258
113,4,21,15,44,2,03中山區,中山區民權東路1段7巷與民權東路1段口,0,0,2,2,C03,8,7,5,30,3,1,1,5,4,5,13,4,4,1,4,4,2,16,2,48,2,1,6,1,7,9,1,10,1,11,,44,,1,21,121.5232555,25.06288258
113,4,21,15,44,2,03中山區,中山區民權東路1段7巷與民權東路1段口,0,0,2,3,B03,8,7,5,30,3,1,1,5,4,5,13,4,4,1,4,4,2,16,2,47,3,10,7,1,7,14,1,8,1,6,,44,,1,21,121.5232555,25.06288258
113,4,21,15,44,2,10文山區,文山區基隆路4段與汀州路3段口口,0,0,1,1,B03,8,6,5,50,5,1,1,5,4,5,13,2,1,5,5,5,2,16,2,45,3,10,7,1,7,5,1,8,1,8,,71,,1,21,121.5363692,25.0109613
113,4,21,15,44,2,10文山區,文山區基隆路4段與汀州路3段口口,0,0,1,2,C03,8,6,5,50,5,1,1,5,4,5,13,2,1,5,5,5,2,16,1,62,3,10,6,1,7,9,1,10,1,11,,44,,1,21,121.5363692,25.0109613
113,4,21,15,44,2,10文山區,文山區基隆路4段與汀州路3段口口,0,0,1,3,H02,8,6,5,50,5,1,1,5,4,5,13,2,1,5,5,5,2,16,2,61,2,8,6,5,7,20,8,20,10,16,,67,,1,21,121.5363692,25.0109613
113,4,21,15,54,2,04大安區,大安區市民大道4段與敦化南路1段161巷5弄口,0,0,1,1,B03,8,6,5,40,3,1,1,5,4,5,13,4,4,10,4,5,1,16,1,69,3,10,3,4,7,6,1,8,1,2,,9,,1,21,121.5496498,25.0446315
113,4,21,15,54,2,04大安區,大安區市民大道4段與敦化南路1段161巷5弄口,0,0,1,2,C03,8,6,5,40,3,1,1,5,4,5,13,4,4,10,4,5,1,16,1,31,2,9,6,4,7,9,1,10,1,12,,44,,1,21,121.5496498,25.0446315
113,4,21,16,15,2,04大安區,大安區和平東路3段228巷與安居街8巷口,0,0,1,1,B03,8,6,5,50,3,1,1,5,4,5,13,4,4,9,5,5,2,16,1,49,3,10,7,4,7,5,1,8,1,2,,71,,1,21,121.5543254,25.0219419
113,4,21,16,15,2,04大安區,大安區和平東路3段228巷與安居街8巷口,0,0,1,2,C03,8,6,5,50,3,1,1,5,4,5,13,4,4,9,5,5,2,16,1,19,2,1,5,4,7,9,1,10,1,11,,13,,1,21,121.5543254,25.0219419
113,4,21,16,15,2,04大安區,大安區和平東路3段228巷與安居街8巷口,0,0,1,3,C03,8,6,5,50,3,1,1,5,4,5,13,4,4,9,5,5,2,16,1,29,3,10,3,4,7,13,1,10,9,14,,44,,1,21,121.5543254,25.0219419
113,4,21,16,15,2,04大安區,大安區和平東路3段228巷與安居街8巷口,0,0,1,4,C03,8,6,5,50,3,1,1,5,4,5,13,4,4,9,5,5,2,16,1,55,3,10,3,4,7,13,1,10,9,14,,44,,1,21,121.5543254,25.0219419
113,4,21,17,6,2,11南港區,南港區南港路2段78號斜對面,0,0,1,1,C03,8,6,5,40,14,8,1,5,5,5,13,4,4,5,4,4,2,18,1,25,2,7,5,1,7,9,1,10,1,12,,108,,1,22,121.6028689,25.0536157
113,4,21,17,6,2,11南港區,南港區南港路2段78號斜對面,0,0,1,2,,8,6,5,40,14,8,1,5,5,5,13,4,4,5,4,4,2,18,3,0,,,,,,,,,,,,67,,1,,121.6028689,25.0536157
113,4,21,17,45,2,08士林區,士林區中山北路7段與天母東路口,0,0,1,1,B03,8,6,5,50,4,2,1,5,4,5,13,2,1,1,4,5,2,17,1,64,4,11,3,4,7,21,7,19,9,15,,119,,2,22,121.5304025,25.11827812
113,4,21,17,45,2,08士林區,士林區中山北路7段與天母東路口,0,0,1,2,C03,8,6,5,50,4,2,1,5,4,5,13,2,1,1,4,5,2,17,2,62,2,8,5,1,7,5,1,10,1,14,,8,,1,21,121.5304025,25.11827812
113,4,21,18,27,2,05中正區,中正區羅斯福路2段與福州街口,0,0,1,1,C03,7,5,5,50,4,1,1,5,4,5,13,1,1,1,4,5,2,17,1,34,2,9,5,1,7,8,1,10,1,12,,100,,1,22,121.5202396,25.0298014
113,4,21,18,27,2,05中正區,中正區羅斯福路2段與福州街口,0,0,1,2,C03,7,5,5,50,4,1,1,5,4,5,13,1,1,1,4,5,2,17,1,21,3,10,5,1,7,9,1,10,1,14,,44,,1,22,121.5202396,25.0298014
113,4,21,18,27,2,05中正區,中正區羅斯福路2段與福州街口,0,0,1,3,H02,7,5,5,50,4,1,1,5,4,5,13,1,1,1,4,5,2,17,2,32,4,11,5,5,7,20,8,20,10,16,,67,,1,22,121.5202396,25.0298014
113,4,21,18,27,2,05中正區,中正區羅斯福路2段與福州街口,0,0,1,4,H02,7,5,5,50,4,1,1,5,4,5,13,1,1,1,4,5,2,17,2,21,4,11,5,5,7,20,8,20,10,16,,67,,1,22,121.5202396,25.0298014
113,4,21,18,51,2,03中山區,中山區新生北路2段47號,0,0,4,1,C03,7,5,5,50,14,9,1,5,4,5,13,4,4,1,4,5,2,13,2,30,2,9,3,4,7,9,1,10,1,12,,16,,1,21,121.5277449,25.05543487
113,4,21,18,51,2,03中山區,中山區新生北路2段47號,0,0,4,2,C04,7,5,5,50,14,9,1,5,4,5,13,4,4,1,4,5,2,13,1,37,2,5,3,4,7,9,1,10,1,14,,44,,1,21,121.5277449,25.05543487
113,4,21,18,51,2,03中山區,中山區新生北路2段47號,0,0,4,3,H02,7,5,5,50,14,9,1,5,4,5,13,4,4,1,4,5,2,13,1,31,2,9,3,5,7,21,8,20,10,16,,67,,1,21,121.5277449,25.05543487
113,4,21,18,51,2,03中山區,中山區新生北路2段47號,0,0,4,4,H02,7,5,5,50,14,9,1,5,4,5,13,4,4,1,4,5,2,13,1,2,2,9,3,5,7,21,8,20,10,16,,67,,1,21,121.5277449,25.05543487
113,4,21,18,51,2,03中山區,中山區新生北路2段47號,0,0,4,5,,7,5,5,50,14,9,1,5,4,5,13,4,4,1,4,5,2,13,3,0,,,,,,,,,,,,28,,1,,121.5277449,25.05543487
113,4,21,19,0,2,11南港區,南港區成福路17-1號,0,0,1,1,C03,8,5,5,50,14,9,1,5,4,3,13,4,4,5,5,5,2,17,2,74,2,8,3,4,7,15,3,18,2,17,,42,,1,22,121.58686,25.0449072
113,4,21,19,0,2,11南港區,南港區成福路17-1號,0,0,1,2,B03,8,5,5,50,14,9,1,5,4,3,13,4,4,5,5,5,2,17,1,24,3,10,3,4,7,9,1,8,2,17,,44,,1,22,121.58686,25.0449072
113,4,21,19,0,2,11南港區,南港區成福路17-1號,0,0,1,3,B01,8,5,5,50,14,9,1,5,4,3,13,4,4,5,5,5,2,17,1,31,3,10,3,4,7,13,1,4,9,17,,38,,1,22,121.58686,25.0449072
113,4,21,19,15,2,08士林區,士林區延平北路8段2巷與延平北路8段2巷55弄口,0,0,1,1,B03,8,5,5,30,4,1,1,5,4,5,13,4,4,10,5,5,2,15,1,54,3,10,7,1,7,9,1,8,1,2,,14,,1,21,121.4868921,25.1055434
113,4,21,19,15,2,08士林區,士林區延平北路8段2巷與延平北路8段2巷55弄口,0,0,1,2,C03,8,5,5,30,4,1,1,5,4,5,13,4,4,10,5,5,2,15,1,18,2,8,6,1,7,9,1,10,1,11,,14,,1,21,121.4868921,25.1055434
113,4,21,19,17,2,03中山區,中山區林森北路107巷15號,0,0,1,1,F03,7,5,5,30,14,9,1,5,4,5,13,4,4,10,5,5,2,3,1,21,4,11,3,4,7,9,8,20,9,14,,44,,2,21,121.5251064,25.0503307
113,4,21,19,17,2,03中山區,中山區林森北路107巷15號,0,0,1,2,H01,7,5,5,30,14,9,1,5,4,5,13,4,4,10,5,5,2,3,1,23,2,9,4,5,8,18,8,20,10,16,,53,,1,21,121.5251064,25.0503307
113,4,21,19,17,2,03中山區,中山區林森北路107巷15號,0,0,1,3,B03,7,5,5,30,14,9,1,5,4,5,13,4,4,10,5,5,2,3,1,36,4,11,3,4,7,14,1,8,9,17,,38,,1,21,121.5251064,25.0503307
113,4,21,19,44,2,06松山區,松山區基隆路1段與塔悠路口,0,0,1,1,C03,8,5,5,50,5,1,1,5,4,5,13,2,1,1,4,5,2,12,1,35,3,10,6,1,7,9,1,10,1,11,,108,,1,21,121.5707756,25.0511356
113,4,21,19,44,2,06松山區,松山區基隆路1段與塔悠路口,0,0,1,2,C03,8,5,5,50,5,1,1,5,4,5,13,2,1,1,4,5,2,12,2,32,2,9,6,1,7,8,1,10,1,12,,100,,1,21,121.5707756,25.0511356
113,4,21,20,28,2,02萬華區,萬華區東園街164號,0,0,1,1,C03,8,5,5,30,14,7,1,5,4,5,13,4,4,5,3,5,2,16,2,58,3,10,6,1,7,6,3,18,8,14,,80,,1,22,121.4979139,25.0225937
113,4,21,20,28,2,02萬華區,萬華區東園街164號,0,0,1,2,C03,8,5,5,30,14,7,1,5,4,5,13,4,4,5,3,5,2,16,2,49,2,8,6,1,7,10,1,10,2,14,,14,,1,22,121.4979139,25.0225937
113,4,21,20,45,2,04大安區,大安區麗水街與愛國東路口,0,0,1,1,C03,7,5,5,30,4,1,1,5,4,4,13,2,1,9,4,5,2,17,1,49,3,10,3,4,7,11,1,10,2,11,,10,,1,23,121.5287678,25.0313425
113,4,21,20,45,2,04大安區,大安區麗水街與愛國東路口,0,0,1,2,C03,7,5,5,30,4,1,1,5,4,4,13,2,1,9,4,5,2,17,2,29,2,8,3,4,7,9,1,10,2,12,,44,,1,22,121.5287678,25.0313425
113,4,21,20,45,2,04大安區,大安區麗水街與愛國東路口,0,0,1,3,B12,7,5,5,30,4,1,1,5,4,4,13,2,1,9,4,5,2,17,1,46,3,10,3,4,7,13,1,8,2,17,,38,,1,22,121.5287678,25.0313425
113,4,21,20,55,2,01大同區,大同區鄭州路與西寧北路口,0,0,2,1,C03,8,5,5,50,14,9,1,5,4,5,13,2,1,7,4,5,1,13,1,31,3,10,3,4,7,9,1,10,1,14,,16,,1,21,121.5081522,25.0504888
113,4,21,20,55,2,01大同區,大同區鄭州路與西寧北路口,0,0,2,2,C03,8,5,5,50,14,9,1,5,4,5,13,2,1,7,4,5,1,13,1,26,2,9,3,4,7,9,1,10,1,12,,44,,1,21,121.5081522,25.0504888
113,4,21,20,55,2,01大同區,大同區鄭州路與西寧北路口,0,0,2,3,H02,8,5,5,50,14,9,1,5,4,5,13,2,1,7,4,5,1,13,2,44,2,9,3,5,7,20,8,20,10,16,,67,,1,21,121.5081522,25.0504888
113,4,21,21,40,2,03中山區,中山區新生北路2段與民權東路1段口,0,0,1,1,C03,8,5,5,50,4,19,1,5,4,5,10,2,1,10,4,5,2,3,1,60,2,9,5,4,7,9,1,10,1,14,,70,,1,21,121.5286069,25.0623256