發生年度,發生月,發生日,發生時-Hours,發生分,處理別-編號,區序,肇事地點,死亡人數,2-30日死亡人數,受傷人數,當事人序號,車種,天候,道路照明設備,道路類別,速限-速度限制,道路型態,事故位置,路面狀況1,路面狀況2,路面狀況3,道路障礙1,道路障礙2,號誌1,號誌2,車道劃分-分向,車道劃分-分道1,車道劃分-分道2,車道劃分-分道3,事故類型及型態,性別,年齡,受傷程度,主要傷處,保護裝置,行動電話,車輛用途,當事者行動狀態,駕駛資格情形,駕駛執照種類,飲酒情形,車輛撞擊部位1,車輛撞擊部位2,肇因碼-個別,肇因碼-主要,個人肇逃否,職業,座標-X,座標-Y
113,4,21,21,40,2,03中山區,中山區新生北路2段與民權東路1段口,0,0,1,2,H01,8,5,5,50,4,19,1,5,4,5,10,2,1,10,4,5,2,3,1,56,3,10,4,5,8,18,8,20,1,17,,121,,1,21,121.5286069,25.0623256
113,4,21,21,54,2,07信義區,信義區松仁路與莊敬路口,0,0,1,1,C01,8,5,5,50,4,1,1,5,4,5,13,2,1,9,4,5,2,12,1,49,3,10,5,1,7,9,1,10,2,12,,107,,1,21,121.5683843,25.026705
113,4,21,21,54,2,07信義區,信義區松仁路與莊敬路口,0,0,1,2,C03,8,5,5,50,4,1,1,5,4,5,13,2,1,9,4,5,2,12,2,41,3,10,5,1,7,9,1,10,2,15,,44,,1,21,121.5683843,25.026705
113,4,21,21,54,2,07信義區,信義區松仁路與莊敬路口,0,0,1,3,H02,8,5,5,50,4,1,1,5,4,5,13,2,1,9,4,5,2,12,2,69,2,8,5,5,7,20,8,20,10,17,,67,,1,21,121.5683843,25.026705
113,4,21,22,13,2,05中正區,中正區南海路與重慶南路2段口,0,0,1,1,C03,7,5,5,50,4,1,1,5,4,5,13,1,1,1,4,5,2,17,2,33,2,7,5,1,7,7,1,10,1,14,,17,,1,22,121.5144677,25.0318759
113,4,21,22,13,2,05中正區,中正區南海路與重慶南路2段口,0,0,1,2,B01,7,5,5,50,4,1,1,5,4,5,13,1,1,1,4,5,2,17,1,51,3,10,7,1,7,9,1,2,1,2,,86,,1,22,121.5144677,25.0318759
113,4,21,22,33,2,06松山區,松山區松山路與市民大道5段口,0,0,1,1,B03,7,5,5,50,4,1,1,5,4,5,13,2,1,1,4,5,2,16,1,44,3,10,3,4,7,6,1,8,2,7,,71,,1,21,121.5776547,25.0495519
113,4,21,22,33,2,06松山區,松山區松山路與市民大道5段口,0,0,1,2,C03,7,5,5,50,4,1,1,5,4,5,13,2,1,1,4,5,2,16,1,22,2,9,6,4,7,9,1,10,2,11,,108,,1,21,121.5776547,25.0495519
113,4,21,23,40,2,03中山區,中山區民權東路2段與民權東路口側附近2段152巷口,0,0,1,1,B03,8,5,5,50,4,1,1,5,4,5,13,1,1,1,4,4,2,16,1,32,3,10,3,4,7,6,1,8,1,5,,9,,1,21,121.534908,25.0623238
113,4,21,23,40,2,03中山區,中山區民權東路2段與民權東路口側附近2段152巷口,0,0,1,2,C03,8,5,5,50,4,1,1,5,4,5,13,1,1,1,4,4,2,16,2,29,2,9,5,4,7,9,1,9,1,14,,44,,1,21,121.534908,25.0623238
113,4,22,4,26,2,10文山區,文山區溪洲街82巷(第0703943號燈桿),0,0,1,1,C04,8,5,5,30,11,9,1,5,4,5,13,4,4,10,5,5,2,18,2,25,2,9,6,1,7,5,1,10,11,14,,50,,1,22,121.5347314,25.0098251
113,4,22,4,26,2,10文山區,文山區溪洲街82巷(第0703943號燈桿),0,0,1,2,,8,5,5,30,11,9,1,5,4,5,13,4,4,10,5,5,2,18,3,0,,,,,,,,,,,,67,,1,,121.5347314,25.0098251
113,4,22,7,0,2,05中正區,中正區中華路2段51號,0,0,2,1,C03,8,6,5,50,14,9,1,5,4,5,13,4,4,1,4,5,1,12,2,52,2,9,5,1,7,9,1,10,2,12,,108,,1,21,121.5060496,25.0348244
113,4,22,7,0,2,05中正區,中正區中華路2段51號,0,0,2,2,F01,8,6,5,50,14,9,1,5,4,5,13,4,4,1,4,5,1,12,2,68,2,9,4,1,7,9,8,20,2,14,,44,,1,21,121.5060496,25.0348244
113,4,22,7,8,1,02萬華區,萬華區中華路1段138號,1,0,0,1,C03,7,6,5,50,14,9,1,5,4,5,13,4,4,3,3,5,2,13,1,28,1,1,5,4,7,9,1,10,9,11,,108,,1,22,121.5084913,25.0434224
113,4,22,7,8,1,02萬華區,萬華區中華路1段138號,1,0,0,2,B12,7,6,5,50,14,9,1,5,4,5,13,4,4,3,3,5,2,13,1,57,3,10,3,4,7,15,1,8,2,3,,42,,1,22,121.5084913,25.0434224
113,4,22,7,43,2,05中正區,中正區思源街與汀州路3段口,0,0,1,1,C04,8,6,5,50,3,2,1,5,4,5,13,1,1,3,4,5,2,17,2,62,2,9,5,1,7,7,1,11,11,14,,100,,1,21,121.5319636,25.0148104
113,4,22,7,43,2,05中正區,中正區思源街與汀州路3段口,0,0,1,2,B03,8,6,5,50,3,2,1,5,4,5,13,1,1,3,4,5,2,17,1,44,3,10,7,1,7,9,1,8,11,2,,44,,1,21,121.5319636,25.0148104
113,4,22,7,58,2,10文山區,文山區木柵路1段111號,0,0,2,1,C03,8,6,5,50,14,9,1,5,4,5,13,4,4,5,4,5,2,16,2,19,2,9,6,1,7,5,1,10,1,11,,8,,1,21,121.5482482,24.9871873
113,4,22,7,58,2,10文山區,文山區木柵路1段111號,0,0,2,2,C03,8,6,5,50,14,9,1,5,4,5,13,4,4,5,4,5,2,16,2,23,2,9,6,1,7,9,1,10,1,14,,44,,1,21,121.5482482,24.9871873
113,4,22,8,17,2,09北投區,北投區明德路190號,0,0,1,1,B03,8,6,5,50,14,9,1,5,4,5,13,3,1,5,4,5,2,17,2,42,3,10,7,1,7,14,1,8,1,4,,44,,1,21,121.5217185,25.1122534
113,4,22,8,17,2,09北投區,北投區明德路190號,0,0,1,2,C03,8,6,5,50,14,9,1,5,4,5,13,3,1,5,4,5,2,17,2,38,2,7,5,1,7,9,1,10,1,12,,44,,1,21,121.5217185,25.1122534
113,4,22,8,17,2,09北投區,北投區明德路190號,0,0,1,3,B03,8,6,5,50,14,9,1,5,4,5,13,3,1,5,4,5,2,17,1,49,3,10,7,1,7,14,1,10,1,6,,44,,1,21,121.5217185,25.1122534
113,4,22,8,30,2,11南港區,南港區忠孝東路6段與玉成街口,0,0,2,1,B03,8,7,5,50,5,1,1,5,4,5,13,2,1,1,4,5,2,16,1,58,3,10,7,1,7,5,1,8,2,6,,42,,1,21,121.5826508,25.0453062
113,4,22,8,30,2,11南港區,南港區忠孝東路6段與玉成街口,0,0,2,2,C03,8,7,5,50,5,1,1,5,4,5,13,2,1,1,4,5,2,16,1,33,2,8,5,1,7,9,1,10,2,11,,44,,1,21,121.5826508,25.0453062
113,4,22,8,30,2,11南港區,南港區忠孝東路6段與玉成街口,0,0,2,3,H02,8,7,5,50,5,1,1,5,4,5,13,2,1,1,4,5,2,16,2,42,2,8,5,5,7,20,8,20,10,16,,67,,1,21,121.5826508,25.0453062
113,4,22,8,40,2,12內湖區,內湖區安康路22巷33號,0,0,1,1,B03,7,6,5,30,14,9,1,5,4,5,13,4,4,9,5,5,2,16,1,43,3,10,7,1,7,5,1,8,1,2,,80,,1,21,121.593847,25.0613283
113,4,22,8,40,2,12內湖區,內湖區安康路22巷33號,0,0,1,2,C03,7,6,5,30,14,9,1,5,4,5,13,4,4,9,5,5,2,16,1,67,2,9,5,1,7,9,1,10,1,11,,44,,1,21,121.593847,25.0613283
113,4,22,8,40,2,11南港區,南港區市民大道7段與向陽路口口,0,0,3,1,C03,8,6,5,50,4,1,1,5,4,5,13,2,1,3,4,5,2,16,2,46,2,8,6,1,7,5,1,10,1,14,,8,,1,22,121.5953361,25.051436
113,4,22,8,40,2,11南港區,南港區市民大道7段與向陽路口口,0,0,3,2,C03,8,6,5,50,4,1,1,5,4,5,13,2,1,3,4,5,2,16,1,22,2,7,5,1,7,9,1,10,1,11,,44,,1,22,121.5953361,25.051436
113,4,22,8,40,2,11南港區,南港區市民大道7段與向陽路口口,0,0,3,3,C03,8,6,5,50,4,1,1,5,4,5,13,2,1,3,4,5,2,16,1,26,3,10,5,1,7,9,1,10,1,17,,16,,1,22,121.5953361,25.051436
113,4,22,8,40,2,11南港區,南港區市民大道7段與向陽路口口,0,0,3,4,C03,8,6,5,50,4,1,1,5,4,5,13,2,1,3,4,5,2,16,1,19,2,1,5,1,7,9,1,10,1,15,,16,,1,22,121.5953361,25.051436
113,4,22,8,55,2,06松山區,松山區民權東路4段西往東第0201183號燈桿,0,0,1,1,B03,8,6,5,50,14,8,1,5,4,5,13,4,4,1,4,4,2,13,1,46,3,10,7,4,7,8,1,8,1,6,,100,,1,21,121.5607997,25.06241645
113,4,22,8,55,2,06松山區,松山區民權東路4段西往東第0201183號燈桿,0,0,1,2,C03,8,6,5,50,14,8,1,5,4,5,13,4,4,1,4,4,2,13,1,31,2,9,6,4,7,9,1,10,1,11,,16,,1,21,121.5607997,25.06241645
113,4,22,9,50,2,10文山區,文山區木新路3段與樟新街口,0,0,1,1,C03,7,6,5,50,3,1,1,5,4,5,13,1,1,5,4,5,2,16,1,47,2,8,5,1,7,5,3,18,9,14,,8,,1,21,121.5549423,24.9802418
113,4,22,9,50,2,10文山區,文山區木新路3段與樟新街口,0,0,1,2,B03,7,6,5,50,3,1,1,5,4,5,13,1,1,5,4,5,2,16,1,59,3,10,7,1,7,9,1,8,9,2,,44,,1,21,121.5549423,24.9802418
113,4,22,10,30,2,07信義區,信義區松仁路281巷與信義路5段150巷401弄口,0,0,1,1,F01,7,6,5,30,4,1,1,5,4,5,13,4,4,9,4,5,1,17,2,26,2,7,3,4,7,5,8,20,1,12,,80,,1,21,121.570232,25.0241398
113,4,22,10,30,2,07信義區,信義區松仁路281巷與信義路5段150巷401弄口,0,0,1,2,B01,7,6,5,30,4,1,1,5,4,5,13,4,4,9,4,5,1,17,1,50,3,10,3,4,7,9,1,4,1,8,,13,,1,21,121.570232,25.0241398
113,4,22,11,2,2,11南港區,與無名巷口(東明街62號),0,0,2,1,C03,7,7,5,30,3,1,1,5,4,5,13,3,1,4,4,5,2,16,1,70,2,8,6,1,7,5,1,10,1,11,,74,,1,21,121.6033285,25.0550762
113,4,22,11,2,2,11南港區,與無名巷口(東明街62號),0,0,2,2,C03,7,7,5,30,3,1,1,5,4,5,13,3,1,4,4,5,2,16,2,26,2,9,6,1,7,9,1,10,1,11,,13,,1,21,121.6033285,25.0550762
113,4,22,11,15,2,05中正區,中正區杭州南路2段與愛國東路口,0,0,1,1,B01,6,7,5,50,4,1,1,4,4,5,13,1,1,2,4,5,2,17,4,69,,,,,,,,,11,,,100,,2,,121.5225292,25.0322763
113,4,22,11,15,2,05中正區,中正區杭州南路2段與愛國東路口,0,0,1,2,C03,6,7,5,50,4,1,1,4,4,5,13,1,1,2,4,5,2,17,2,21,2,9,6,1,7,9,1,10,2,14,,13,,1,22,121.5225292,25.0322763
113,4,22,11,22,2,12內湖區,內湖區康寧路3段與東湖路口,0,0,1,1,B12,6,5,5,50,3,1,1,4,4,5,13,1,1,1,4,4,2,13,1,20,3,10,7,1,7,9,1,8,1,8,,108,,1,21,121.6120398,25.0688609
113,4,22,11,22,2,12內湖區,內湖區康寧路3段與東湖路口,0,0,1,2,C03,6,5,5,50,3,1,1,4,4,5,13,1,1,1,4,4,2,13,1,62,2,9,6,1,7,5,1,10,1,13,,8,,1,21,121.6120398,25.0688609
113,4,22,11,27,2,02萬華區,萬華區康定路25巷39號,0,0,1,1,B03,8,7,5,50,14,7,1,5,4,5,13,4,4,10,5,5,2,9,1,37,3,10,7,1,7,9,1,8,11,2,,108,,1,21,121.5046254,25.0437047
113,4,22,11,27,2,02萬華區,萬華區康定路25巷39號,0,0,1,2,H01,8,7,5,50,14,7,1,5,4,5,13,4,4,10,5,5,2,9,1,43,2,8,4,5,8,16,8,20,10,16,,54,,1,21,121.5046254,25.0437047
113,4,22,11,27,2,03中山區,中山區北安路139號,0,0,1,1,B03,6,7,5,50,14,9,1,4,4,5,13,4,4,9,4,5,2,17,2,63,4,11,3,4,7,21,7,19,11,15,,44,,2,22,121.5338915,25.0779225
113,4,22,11,27,2,03中山區,中山區北安路139號,0,0,1,2,C03,6,7,5,50,14,9,1,4,4,5,13,4,4,9,4,5,2,17,1,19,2,9,5,1,7,9,1,10,1,17,,13,,1,22,121.5338915,25.0779225
113,4,22,11,40,2,03中山區,中山區八德路2段與八德路2段267巷口,0,0,2,1,C03,6,7,5,50,4,1,1,4,4,5,13,2,1,5,4,5,2,16,2,44,2,9,6,4,7,5,1,10,1,14,,86,,1,21,121.5414896,25.0469638
113,4,22,11,40,2,03中山區,中山區八德路2段與八德路2段267巷口,0,0,2,2,C03,6,7,5,50,4,1,1,4,4,5,13,2,1,5,4,5,2,16,1,38,2,9,6,4,7,9,1,10,1,12,,87,,1,21,121.5414896,25.0469638
113,4,22,11,47,2,08士林區,士林區中山北路5段與中山北路5段282巷口,0,0,1,1,C03,6,6,5,50,3,1,1,4,4,5,13,4,4,1,4,5,1,13,1,19,2,9,5,1,7,9,1,10,1,11,,16,,1,21,121.5271471,25.08761268
113,4,22,11,47,2,08士林區,士林區中山北路5段與中山北路5段282巷口,0,0,1,2,B03,6,6,5,50,3,1,1,4,4,5,13,4,4,1,4,5,1,13,1,39,3,10,7,1,7,6,1,4,1,3,,44,,1,21,121.5271471,25.08761268
113,4,22,11,51,2,01大同區,大同區台北橋機慢車道往西（第一根燈桿）,0,0,1,1,B03,6,7,7,50,12,11,1,4,4,5,13,4,4,1,4,5,2,13,1,35,3,10,7,1,7,12,1,8,1,3,,89,,1,22,121.5108258,25.0630611
113,4,22,11,51,2,01大同區,大同區台北橋機慢車道往西（第一根燈桿）,0,0,1,2,C03,6,7,7,50,12,11,1,4,4,5,13,4,4,1,4,5,2,13,1,27,2,8,6,1,7,9,1,10,1,11,,16,,1,22,121.5108258,25.0630611
113,4,22,12,5,2,08士林區,士林區文昌路與美崙街口,0,0,2,1,B02,7,5,5,50,4,1,1,4,4,5,13,2,1,5,5,5,1,17,1,24,3,10,7,1,7,6,1,8,1,17,,71,,1,21,121.5206794,25.09726023
113,4,22,12,5,2,08士林區,士林區文昌路與美崙街口,0,0,2,2,C03,7,5,5,50,4,1,1,4,4,5,13,2,1,5,5,5,1,17,2,31,2,9,5,1,7,9,1,10,1,17,,108,,1,21,121.5206794,25.09726023
113,4,22,12,5,2,08士林區,士林區文昌路與美崙街口,0,0,2,3,H02,7,5,5,50,4,1,1,4,4,5,13,2,1,5,5,5,1,17,2,53,2,9,5,5,7,20,8,20,10,16,,67,,1,21,121.5206794,25.09726023
113,4,22,12,13,2,08士林區,士林區中山北路5段與文林路口,0,0,1,1,C03,6,6,5,40,3,2,1,4,4,5,13,2,1,1,4,1,1,13,1,22,2,9,5,1,7,9,1,10,1,11,,44,,1,21,121.5256877,25.0861231
113,4,22,12,13,2,08士林區,士林區中山北路5段與文林路口,0,0,1,2,B03,6,6,5,40,3,2,1,4,4,5,13,2,1,1,4,1,1,13,1,44,3,10,7,1,7,14,1,7,1,7,,44,,1,21,121.5256877,25.0861231
113,4,22,12,13,2,07信義區,信義區仁愛路4段與一號道路口,0,0,1,1,C03,6,6,5,50,3,2,1,4,4,5,13,2,1,9,4,5,1,18,1,44,2,7,3,4,7,9,1,10,1,14,,42,,1,21,121.5619624,25.0374324
113,4,22,12,13,2,07信義區,信義區仁愛路4段與一號道路口,0,0,1,2,,6,6,5,50,3,2,1,4,4,5,13,2,1,9,4,5,1,18,3,0,,,,,,,,,,,,67,,1,,121.5619624,25.0374324
113,4,22,12,32,2,01大同區,大同區延平北路2段90號,0,0,1,1,B12,7,7,5,50,14,9,1,4,4,5,13,4,4,5,4,5,2,16,1,33,3,10,7,1,7,11,1,8,1,4,,99,,1,22,121.5116099,25.0562089
113,4,22,12,32,2,01大同區,大同區延平北路2段90號,0,0,1,2,C03,7,7,5,50,14,9,1,4,4,5,13,4,4,5,4,5,2,16,2,41,2,9,5,1,7,9,1,10,1,11,,44,,1,22,121.5116099,25.0562089
113,4,22,12,41,2,06松山區,松山區東興路與東興路2巷口,0,0,3,1,C03,8,6,5,50,4,2,1,5,4,5,12,4,4,8,3,4,2,17,1,33,2,9,5,1,7,15,1,10,1,12,,74,,1,21,121.5653406,25.0507425
113,4,22,12,41,2,06松山區,松山區東興路與東興路2巷口,0,0,3,2,C03,8,6,5,50,4,2,1,5,4,5,12,4,4,8,3,4,2,17,1,19,2,9,5,1,7,9,1,10,1,11,,44,,1,21,121.5653406,25.0507425
113,4,22,12,41,2,06松山區,松山區東興路與東興路2巷口,0,0,3,3,H02,8,6,5,50,4,2,1,5,4,5,12,4,4,8,3,4,2,17,2,35,2,9,5,5,7,20,8,20,10,16,,67,,1,21,121.5653406,25.0507425
113,4,22,12,46,2,09北投區,北投區中央北路4段與中央北路4段354巷口,0,0,3,1,B11,8,7,5,50,3,1,1,5,4,5,13,4,4,5,4,5,2,13,1,45,2,9,7,1,7,9,1,8,1,1,,107,,1,22,121.4718511,25.1301385
113,4,22,12,46,2,09北投區,北投區中央北路4段與中央北路4段354巷口,0,0,3,2,B03,8,7,5,50,3,1,1,5,4,5,13,4,4,5,4,5,2,13,1,50,2,9,7,1,7,9,1,8,1,3,,44,,1,22,121.4718511,25.1301385
113,4,22,12,46,2,09北投區,北投區中央北路4段與中央北路4段354巷口,0,0,3,3,H02,8,7,5,50,3,1,1,5,4,5,13,4,4,5,4,5,2,13,2,44,2,9,7,5,7,20,8,20,10,16,,67,,1,22,121.4718511,25.1301385
113,4,22,13,32,2,10文山區,文山區興隆路2段與興隆路2段244巷口,0,0,1,1,B02,7,6,5,50,3,1,1,5,4,5,13,4,4,5,5,5,2,17,1,61,3,10,7,1,7,5,1,4,1,4,,8,,1,21,121.5538601,25.0010861
113,4,22,13,32,2,10文山區,文山區興隆路2段與興隆路2段244巷口,0,0,1,2,C03,7,6,5,50,3,1,1,5,4,5,13,4,4,5,5,5,2,17,1,37,2,8,6,1,7,15,1,10,1,12,,27,,1,21,121.5538601,25.0010861
113,4,22,13,55,2,03中山區,中山區八德路2段174巷24弄與建國南路1段口,0,0,2,1,F01,7,6,6,30,3,1,1,5,4,5,13,4,4,9,4,5,2,16,1,42,2,9,2,1,7,9,8,20,2,11,,42,,1,21,121.5369733,25.0454157
113,4,22,13,55,2,03中山區,中山區八德路2段174巷24弄與建國南路1段口,0,0,2,2,C04,7,6,6,30,3,1,1,5,4,5,13,4,4,9,4,5,2,16,2,64,2,9,5,1,7,6,1,11,2,11,,80,,1,21,121.5369733,25.0454157
113,4,22,13,57,2,08士林區,士林區格致路44號,0,0,1,1,B03,7,5,5,40,14,9,1,4,4,5,13,4,4,5,5,5,1,2,1,85,3,10,7,1,7,9,1,8,2,2,,108,,1,21,121.5465073,25.13737775
113,4,22,13,57,2,08士林區,士林區格致路44號,0,0,1,2,H01,7,5,5,40,14,9,1,4,4,5,13,4,4,5,5,5,1,2,2,69,2,1,4,5,8,16,8,20,10,16,,67,,1,21,121.5465073,25.13737775
113,4,22,14,12,2,10文山區,文山區景豐街31巷與景豐街37巷7弄口,0,0,2,1,C03,8,6,5,30,4,1,1,5,4,5,13,4,4,10,5,5,2,15,2,35,2,9,6,1,7,9,1,10,2,12,,14,,1,21,121.5454897,25.0000016
113,4,22,14,12,2,10文山區,文山區景豐街31巷與景豐街37巷7弄口,0,0,2,2,C03,8,6,5,30,4,1,1,5,4,5,13,4,4,10,5,5,2,15,1,23,2,9,6,1,7,9,1,10,2,11,,14,,1,21,121.5454897,25.0000016
113,4,22,14,30,2,04大安區,大安區忠孝東路3段與忠孝東路3段248巷口,0,0,1,1,B03,7,6,5,50,3,1,1,5,4,5,13,3,1,5,4,5,1,16,1,65,3,10,3,4,7,6,1,8,1,2,,9,,1,21,121.5413021,25.0415529
113,4,22,14,30,2,04大安區,大安區忠孝東路3段與忠孝東路3段248巷口,0,0,1,2,C03,7,6,5,50,3,1,1,5,4,5,13,3,1,5,4,5,1,16,1,55,2,7,5,1,7,9,1,10,1,14,,14,,1,21,121.5413021,25.0415529
113,4,22,14,36,2,12內湖區,內湖區成功路4段37號,0,0,1,1,B01,7,6,5,50,14,7,1,5,4,5,13,2,1,1,4,4,2,3,1,62,3,10,3,4,7,1,1,4,2,8,,70,,1,26,121.591402,25.081192
113,4,22,14,36,2,12內湖區,內湖區成功路4段37號,0,0,1,2,H01,7,6,5,50,14,7,1,5,4,5,13,2,1,1,4,4,2,3,2,65,2,9,4,5,8,16,8,20,10,16,,122,,1,22,121.591402,25.081192
113,4,22,14,44,2,03中山區,中山區中山北路1段與長安東路1段口,0,0,1,1,B01,8,5,5,50,4,2,1,5,4,5,13,2,1,3,4,5,2,13,1,37,3,10,3,4,7,8,1,4,1,3,,100,,1,21,121.5218459,25.0500173
113,4,22,14,44,2,03中山區,中山區中山北路1段與長安東路1段口,0,0,1,2,C03,8,5,5,50,4,2,1,5,4,5,13,2,1,3,4,5,2,13,1,52,2,9,3,4,7,9,1,10,1,11,,108,,1,21,121.5218459,25.0500173
113,4,22,14,51,2,03中山區,中山區建國北路1段11巷與建國北路1段口,0,0,2,1,C03,7,7,5,50,4,2,1,5,4,5,13,4,4,1,3,5,1,16,1,21,2,8,6,1,7,9,1,10,1,14,,44,,1,21,121.5297011,25.04829828
113,4,22,14,51,2,03中山區,中山區建國北路1段11巷與建國北路1段口,0,0,2,2,C03,7,7,5,50,4,2,1,5,4,5,13,4,4,1,3,5,1,16,1,59,2,7,5,1,7,6,1,10,1,12,,9,,1,21,121.5297011,25.04829828
113,4,22,14,51,2,05中正區,中正區中山南路與青島東路口,0,0,1,1,C03,7,6,5,50,4,2,1,5,4,5,13,1,1,1,4,5,2,29,1,61,3,10,6,1,7,15,1,10,11,13,,44,,1,21,121.5194194,25.04462544
113,4,22,14,51,2,05中正區,中正區中山南路與青島東路口,0,0,1,2,C03,7,6,5,50,4,2,1,5,4,5,13,1,1,1,4,5,2,29,2,28,2,9,6,1,7,15,1,10,9,12,,44,,1,21,121.5194194,25.04462544
113,4,22,15,5,2,07信義區,信義區基隆路1段139號,0,0,1,1,C03,7,5,8,50,22,22,1,5,4,5,13,1,1,1,4,5,2,17,2,52,2,8,5,1,7,8,1,10,1,12,,17,,1,22,121.5658065,25.0430986
113,4,22,15,5,2,07信義區,信義區基隆路1段139號,0,0,1,2,B03,7,5,8,50,22,22,1,5,4,5,13,1,1,1,4,5,2,17,1,29,3,10,7,1,7,9,1,8,1,4,,44,,1,22,121.5658065,25.0430986
113,4,22,15,5,2,07信義區,信義區基隆路1段139號,0,0,1,3,C03,7,5,8,50,22,22,1,5,4,5,13,1,1,1,4,5,2,17,1,34,3,10,6,1,7,14,1,10,1,11,,44,,1,22,121.5658065,25.0430986
113,4,22,15,12,2,12內湖區,與康寧路3段引道口(民權東路6段300號前),0,0,1,1,B03,7,6,8,40,22,22,1,5,4,5,13,4,4,1,4,4,2,16,1,51,3,10,7,1,7,6,1,8,1,5,,9,,1,21,121.6054691,25.072832
113,4,22,15,12,2,12內湖區,與康寧路3段引道口(民權東路6段300號前),0,0,1,2,C03,7,6,8,40,22,22,1,5,4,5,13,4,4,1,4,4,2,16,1,70,2,9,5,1,7,9,1,10,1,14,,44,,1,21,121.6054691,25.072832
113,4,22,15,59,2,12內湖區,內湖區成功路2段與新明路口,0,0,2,1,B03,8,6,5,50,4,2,1,5,4,5,13,2,1,2,4,5,1,17,1,57,2,9,7,1,7,5,1,8,2,2,,71,,1,21,121.5912293,25.0606202
113,4,22,15,59,2,12內湖區,內湖區成功路2段與新明路口,0,0,2,2,B03,8,6,5,50,4,2,1,5,4,5,13,2,1,2,4,5,1,17,2,23,2,9,7,1,7,9,1,8,2,1,,13,,1,21,121.5912293,25.0606202
113,4,22,16,33,2,09北投區,北投區承德路7段168巷7號,0,0,1,1,B03,7,7,5,30,14,9,1,5,4,3,10,4,4,10,5,5,2,17,1,21,3,10,7,1,7,1,1,8,1,8,,19,,1,22,121.5084754,25.11392519
113,4,22,16,33,2,09北投區,北投區承德路7段168巷7號,0,0,1,2,C03,7,7,5,30,14,9,1,5,4,3,10,4,4,10,5,5,2,17,1,38,2,9,6,1,7,9,1,10,1,11,,44,,1,22,121.5084754,25.11392519
113,4,22,16,36,2,03中山區,中山區市民大道2段與新生北路1段口,0,0,1,1,B02,8,6,6,50,4,1,1,4,4,5,13,1,1,1,4,5,2,12,1,27,3,10,3,4,7,8,1,8,1,2,,44,,1,21,121.5315505,25.0463315
113,4,22,16,36,2,03中山區,中山區市民大道2段與新生北路1段口,0,0,1,2,C03,8,6,6,50,4,1,1,4,4,5,13,1,1,1,4,5,2,12,1,62,2,9,5,4,7,9,1,10,1,14,,44,,1,21,121.5315505,25.0463315
113,4,22,16,40,2,02萬華區,萬華區長順街與堤外便道口,0,0,1,1,C03,8,5,5,40,14,9,1,5,4,5,13,4,4,5,5,5,2,17,1,34,2,8,6,4,7,9,1,10,1,11,,108,,1,21,121.4894093,25.03424859
113,4,22,16,40,2,02萬華區,萬華區長順街與堤外便道口,0,0,1,2,B03,8,5,5,40,14,9,1,5,4,5,13,4,4,5,5,5,2,17,1,23,3,10,7,4,7,14,1,8,1,1,,44,,1,21,121.4894093,25.03424859
113,4,22,16,40,2,08士林區,士林區中山北路5段與中山北路5段704巷口,0,0,1,1,B01,7,6,5,50,5,1,1,5,4,5,13,2,1,3,4,5,2,16,1,68,3,10,7,1,7,5,1,4,1,2,,71,,1,21,121.5274347,25.0978362
113,4,22,16,40,2,08士林區,士林區中山北路5段與中山北路5段704巷口,0,0,1,2,C03,7,6,5,50,5,1,1,5,4,5,13,2,1,3,4,5,2,16,1,38,2,9,6,1,7,9,1,10,1,11,,44,,1,21,121.5274347,25.0978362
113,4,22,16,44,2,08士林區,士林區通河西街1段與通河西街1段口堤外便道,0,0,1,1,C03,7,5,5,40,3,1,1,4,4,5,13,4,4,10,5,5,2,17,1,75,4,11,3,4,7,1,7,19,9,17,,19,,2,22,121.5126406,25.08590342
113,4,22,16,44,2,08士林區,士林區通河西街1段與通河西街1段口堤外便道,0,0,1,2,C03,7,5,5,40,3,1,1,4,4,5,13,4,4,10,5,5,2,17,1,27,2,9,3,4,7,9,1,10,1,17,,13,,1,22,121.5126406,25.08590342
113,4,22,16,51,2,04大安區,大安區忠孝東路4段17巷與忠孝東路4段口,0,0,1,1,B01,8,5,5,30,3,2,1,4,4,5,13,4,4,1,1,5,2,17,1,41,3,10,7,1,7,9,1,4,1,8,,72,,1,21,121.5444504,25.0417316
113,4,22,16,51,2,04大安區,大安區忠孝東路4段17巷與忠孝東路4段口,0,0,1,2,C03,8,5,5,30,3,2,1,4,4,5,13,4,4,1,1,5,2,17,2,39,2,9,6,1,7,9,1,10,1,11,,14,,1,21,121.5444504,25.0417316
113,4,22,16,55,2,02萬華區,萬華區桂林路101號,0,0,1,1,C03,7,5,5,50,14,7,1,4,4,5,13,4,4,4,3,5,2,17,2,64,3,10,5,1,7,9,1,10,1,15,,42,,1,22,121.501212,25.038533
113,4,22,16,55,2,02萬華區,萬華區桂林路101號,0,0,1,2,C03,7,5,5,50,14,7,1,4,4,5,13,4,4,4,3,5,2,17,2,30,2,9,6,1,7,9,1,10,1,14,,44,,1,22,121.501212,25.038533
113,4,22,17,28,2,11南港區,南港區南港路1段與經貿一路口,0,0,1,1,F03,8,7,5,50,3,1,1,5,4,5,13,2,1,1,4,5,2,17,2,27,2,8,4,1,7,5,8,20,2,14,,96,,1,21,121.6185721,25.054843