發生年度,發生月,發生日,發生時-Hours,發生分,處理別-編號,區序,肇事地點,死亡人數,2-30日死亡人數,受傷人數,當事人序號,車種,天候,道路照明設備,道路類別,速限-速度限制,道路型態,事故位置,路面狀況1,路面狀況2,路面狀況3,道路障礙1,道路障礙2,號誌1,號誌2,車道劃分-分向,車道劃分-分道1,車道劃分-分道2,車道劃分-分道3,事故類型及型態,性別,年齡,受傷程度,主要傷處,保護裝置,行動電話,車輛用途,當事者行動狀態,駕駛資格情形,駕駛執照種類,飲酒情形,車輛撞擊部位1,車輛撞擊部位2,肇因碼-個別,肇因碼-主要,個人肇逃否,職業,座標-X,座標-Y
113,4,22,17,28,2,11南港區,南港區南港路1段與經貿一路口,0,0,1,2,B03,8,7,5,50,3,1,1,5,4,5,13,2,1,1,4,5,2,17,1,35,3,10,7,1,7,21,1,8,2,2,,44,,1,21,121.6185721,25.054843
113,4,22,17,39,2,12內湖區,內湖區新湖三路與舊宗路1段口,0,0,1,1,C03,7,6,5,50,4,1,1,5,4,5,13,1,1,5,4,5,2,16,2,40,2,9,5,1,7,5,1,10,1,13,,71,,1,21,121.5766375,25.0635089
113,4,22,17,39,2,12內湖區,內湖區新湖三路與舊宗路1段口,0,0,1,2,B12,7,6,5,50,4,1,1,5,4,5,13,1,1,5,4,5,2,16,1,41,3,10,7,1,7,9,1,8,1,1,,44,,1,21,121.5766375,25.0635089
113,4,22,18,0,2,03中山區,中山區撫順街與天祥路口,0,0,1,2,C03,7,6,5,50,4,2,1,5,4,5,13,4,4,5,4,5,2,17,1,68,2,8,6,1,7,9,1,10,9,12,,99,,1,21,121.5207159,25.06361035
113,4,22,18,0,2,03中山區,中山區撫順街與天祥路口,0,0,1,1,B03,7,6,5,50,4,2,1,5,4,5,13,4,4,5,4,5,2,17,1,39,3,10,7,1,7,9,1,8,9,8,,44,,1,21,121.5207159,25.06361035
113,4,22,18,26,2,05中正區,中正區中山南路與信義路1段口,0,0,2,1,C03,8,5,5,50,22,18,1,5,4,5,13,2,1,5,4,5,2,3,1,29,2,9,5,1,7,9,1,10,2,11,,70,,1,22,121.517963,25.03842881
113,4,22,18,26,2,05中正區,中正區中山南路與信義路1段口,0,0,2,2,H01,8,5,5,50,22,18,1,5,4,5,13,2,1,5,4,5,2,3,2,78,2,9,4,5,8,16,8,20,10,16,,122,,1,22,121.517963,25.03842881
113,4,22,18,35,2,10文山區,文山區興隆路3段與萬芳路口,0,0,1,1,B12,8,5,5,50,4,1,1,5,4,5,13,2,1,1,4,5,2,16,1,66,3,10,7,1,7,5,1,8,1,6,,71,,1,21,121.5598575,24.9967549
113,4,22,18,35,2,10文山區,文山區興隆路3段與萬芳路口,0,0,1,2,C03,8,5,5,50,4,1,1,5,4,5,13,2,1,1,4,5,2,16,2,23,2,9,6,1,7,9,1,9,1,11,,44,,1,21,121.5598575,24.9967549
113,4,22,19,10,2,09北投區,北投區軟橋街與文林北路5巷口,0,0,1,1,B03,7,5,5,50,3,1,1,5,4,5,13,4,4,5,4,5,1,16,2,50,3,10,7,1,7,5,1,8,2,8,,8,,1,21,121.5172229,25.0999857
113,4,22,19,10,2,09北投區,北投區軟橋街與文林北路5巷口,0,0,1,2,C03,7,5,5,50,3,1,1,5,4,5,13,4,4,5,4,5,1,16,1,21,2,9,6,1,7,9,1,10,2,11,,108,,1,21,121.5172229,25.0999857
113,4,22,19,16,2,02萬華區,萬華區寶興街與民和街口,0,0,1,1,B03,7,5,5,50,3,1,1,5,4,5,13,4,4,9,5,5,2,17,1,43,3,10,7,4,7,5,1,8,1,8,,8,,1,21,121.4951153,25.0242898
113,4,22,19,16,2,02萬華區,萬華區寶興街與民和街口,0,0,1,2,C03,7,5,5,50,3,1,1,5,4,5,13,4,4,9,5,5,2,17,2,41,2,6,5,4,7,9,1,8,1,12,,44,,1,21,121.4951153,25.0242898
113,4,22,20,13,2,04大安區,大安區臥龍街與安居街口口,0,0,1,1,B03,7,5,5,40,3,1,1,5,4,5,13,4,4,5,3,5,2,1,2,57,3,10,7,1,7,9,1,8,1,1,,70,,1,21,121.551508,25.0180372
113,4,22,20,13,2,04大安區,大安區臥龍街與安居街口口,0,0,1,2,H01,7,5,5,40,3,1,1,5,4,5,13,4,4,5,3,5,2,1,1,68,2,9,4,5,8,16,8,20,1,16,,67,,1,21,121.551508,25.0180372
113,4,22,20,15,2,03中山區,中山區松江路與錦州街口,0,0,2,2,C03,8,5,5,50,4,2,1,5,4,5,13,1,1,1,4,5,2,13,2,58,2,5,3,4,7,14,1,10,1,17,,38,,1,22,121.5330621,25.0604778
113,4,22,20,15,2,03中山區,中山區松江路與錦州街口,0,0,2,1,C03,8,5,5,50,4,2,1,5,4,5,13,1,1,1,4,5,2,13,2,19,2,7,3,4,7,9,1,10,1,11,,108,,1,21,121.5330621,25.0604778
113,4,22,20,19,2,08士林區,士林區中正路與文林路口,0,0,1,1,C03,7,5,5,50,4,1,1,5,4,5,13,2,1,1,4,5,2,12,2,19,3,10,6,1,7,7,1,10,1,14,,100,,1,21,121.5246641,25.0950533
113,4,22,20,19,2,08士林區,士林區中正路與文林路口,0,0,1,2,C03,7,5,5,50,4,1,1,5,4,5,13,2,1,1,4,5,2,12,1,27,2,9,6,1,7,9,1,10,1,12,,13,,1,21,121.5246641,25.0950533
113,4,22,20,20,2,05中正區,中正區重慶南路1段與開封街1段口,0,0,1,1,C03,7,5,5,50,4,1,1,5,4,5,13,1,1,10,4,5,2,16,1,48,3,10,6,1,7,5,1,10,2,14,,71,,1,21,121.5132897,25.0459762
113,4,22,20,20,2,05中正區,中正區重慶南路1段與開封街1段口,0,0,1,2,C03,7,5,5,50,4,1,1,5,4,5,13,1,1,10,4,5,2,16,2,55,2,9,6,1,7,9,1,10,2,11,,44,,1,21,121.5132897,25.0459762
113,4,22,20,22,2,11南港區,南港區八德路4段與中坡北路口,0,0,1,1,C03,7,5,5,50,4,2,1,4,4,5,13,1,1,1,4,5,2,16,1,19,3,10,6,1,7,5,1,10,1,13,,8,,1,21,121.579616,25.0503073
113,4,22,20,22,2,11南港區,南港區八德路4段與中坡北路口,0,0,1,2,C03,7,5,5,50,4,2,1,4,4,5,13,1,1,1,4,5,2,16,2,42,2,9,6,1,7,9,1,21,1,11,,44,,1,21,121.579616,25.0503073
113,4,22,20,27,2,03中山區,中山區中山北路3段與民族東路口,0,0,2,1,C03,7,5,5,50,4,2,1,5,4,5,13,1,1,8,4,5,2,13,2,21,2,8,6,1,7,9,1,10,1,11,,16,,1,21,121.5229173,25.06823426
113,4,22,20,27,2,03中山區,中山區中山北路3段與民族東路口,0,0,2,2,C03,7,5,5,50,4,2,1,5,4,5,13,1,1,8,4,5,2,13,2,35,2,8,6,1,7,12,1,10,1,13,,44,,1,21,121.5229173,25.06823426
113,4,22,21,53,2,05中正區,中正區濟南路2段與臨沂街口,0,0,2,1,C03,8,5,5,30,4,1,1,5,4,5,13,4,4,5,4,5,2,15,1,21,2,9,5,1,7,9,1,10,2,11,,14,,1,21,121.5300778,25.04066
113,4,22,21,53,2,05中正區,中正區濟南路2段與臨沂街口,0,0,2,2,C03,8,5,5,30,4,1,1,5,4,5,13,4,4,5,4,5,2,15,2,34,2,9,5,1,7,9,1,10,2,12,,44,,1,21,121.5300778,25.04066
113,4,22,22,7,2,08士林區,士林區中山北路5段250號對面,0,0,2,1,C03,7,5,5,50,14,9,1,5,4,5,13,2,1,1,4,5,2,12,1,21,3,10,6,1,7,11,1,10,1,14,,11,,1,21,121.5266205,25.0873707
113,4,22,22,7,2,08士林區,士林區中山北路5段250號對面,0,0,2,2,C03,7,5,5,50,14,9,1,5,4,5,13,2,1,1,4,5,2,12,1,57,2,9,6,1,7,9,1,9,1,11,,44,,1,21,121.5266205,25.0873707
113,4,22,22,7,2,08士林區,士林區中山北路5段250號對面,0,0,2,3,H02,7,5,5,50,14,9,1,5,4,5,13,2,1,1,4,5,2,12,2,58,2,9,6,5,7,17,8,20,10,16,,67,,1,21,121.5266205,25.0873707
113,4,22,22,18,2,11南港區,南港區忠孝東路7段與中南街口,0,0,1,1,C03,8,5,5,50,4,2,1,5,4,5,13,1,1,5,4,5,2,17,1,18,2,9,5,1,7,5,1,10,1,14,,8,,1,21,121.6152573,25.0530318
113,4,22,22,18,2,11南港區,南港區忠孝東路7段與中南街口,0,0,1,2,B03,8,5,5,50,4,2,1,5,4,5,13,1,1,5,4,5,2,17,1,28,3,10,7,1,7,9,1,8,1,5,,13,,1,21,121.6152573,25.0530318
113,4,22,22,40,2,02萬華區,萬華區環河南路2段245號,0,0,1,1,B03,8,5,5,50,22,6,1,5,4,5,13,4,4,10,5,5,2,9,1,37,3,10,7,4,7,11,1,8,1,8,,89,,1,21,121.4893103,25.0296339
113,4,22,22,40,2,02萬華區,萬華區環河南路2段245號,0,0,1,2,H01,8,5,5,50,22,6,1,5,4,5,13,4,4,10,5,5,2,9,2,55,2,8,4,5,8,16,8,20,10,16,,121,,1,21,121.4893103,25.0296339
113,4,22,23,51,2,02萬華區,萬華區和平西路3段235號,0,0,1,1,H01,8,5,5,40,14,7,1,5,4,5,13,4,4,5,5,5,2,3,1,56,2,9,4,5,8,16,8,20,10,16,,121,,1,21,121.4958362,25.03538176
113,4,22,23,51,2,02萬華區,萬華區和平西路3段235號,0,0,1,2,B03,8,5,5,40,14,7,1,5,4,5,13,4,4,5,5,5,2,3,1,37,3,10,7,1,7,9,1,4,1,1,,108,,1,21,121.4958362,25.03538176
113,4,23,0,16,2,01大同區,大同區市民大道1段與重慶北路1段口,0,0,2,2,B03,8,7,5,40,5,1,1,5,4,5,13,2,1,1,4,5,2,13,1,72,3,10,7,1,7,6,1,8,2,5,,9,,1,22,121.513472,25.0495233
113,4,23,0,16,2,01大同區,大同區市民大道1段與重慶北路1段口,0,0,2,1,C03,8,7,5,40,5,1,1,5,4,5,13,2,1,1,4,5,2,13,1,23,2,9,5,1,7,15,1,10,2,11,,16,,1,22,121.513472,25.0495233
113,4,23,0,16,2,01大同區,大同區市民大道1段與重慶北路1段口,0,0,2,3,H02,8,7,5,40,5,1,1,5,4,5,13,2,1,1,4,5,2,13,2,24,2,9,4,5,7,20,8,20,10,16,,60,,1,22,121.513472,25.0495233
113,4,23,6,3,2,06松山區,松山區健康路11號,0,0,1,1,B12,6,6,5,50,14,9,1,4,4,5,13,4,4,8,5,5,2,29,1,49,2,9,2,4,7,9,1,8,2,1,,108,,1,21,121.5524625,25.05334179
113,4,23,6,3,2,06松山區,松山區健康路11號,0,0,1,2,B03,6,6,5,50,14,9,1,4,4,5,13,4,4,8,5,5,2,29,3,33,,,,,,,,,,,,67,,1,,121.5524625,25.05334179
113,4,23,6,3,2,06松山區,松山區健康路11號,0,0,1,3,F02,6,6,5,50,14,9,1,4,4,5,13,4,4,8,5,5,2,29,1,63,3,10,4,1,7,13,8,20,10,14,,44,,1,21,121.5524625,25.05334179
113,4,23,6,3,2,06松山區,松山區健康路11號,0,0,1,4,C03,6,6,5,50,14,9,1,4,4,5,13,4,4,8,5,5,2,29,1,36,3,10,2,1,7,13,1,10,1,14,,44,,1,21,121.5524625,25.05334179
113,4,23,6,3,2,06松山區,松山區健康路11號,0,0,1,5,C04,6,6,5,50,14,9,1,4,4,5,13,4,4,8,5,5,2,29,3,0,,,,,,,,,,,,67,,1,,121.5524625,25.05334179
113,4,23,6,3,2,06松山區,松山區健康路11號,0,0,1,6,C03,6,6,5,50,14,9,1,4,4,5,13,4,4,8,5,5,2,29,2,30,3,10,2,1,7,13,1,10,1,14,,44,,1,21,121.5524625,25.05334179
113,4,23,6,3,2,06松山區,松山區健康路11號,0,0,1,8,C03,6,6,5,50,14,9,1,4,4,5,13,4,4,8,5,5,2,29,1,33,3,10,2,1,7,13,1,10,1,14,,44,,1,21,121.5524625,25.05334179
113,4,23,6,3,2,06松山區,松山區健康路11號,0,0,1,7,C04,6,6,5,50,14,9,1,4,4,5,13,4,4,8,5,5,2,29,3,0,,,,,,,,,,,,67,,1,,121.5524625,25.05334179
113,4,23,6,31,2,02萬華區,萬華區西園路2段與寶興街口,0,0,2,1,F01,6,6,5,50,4,1,1,4,4,5,13,2,1,1,4,5,2,17,2,83,2,9,4,1,7,9,8,20,1,14,,81,,1,21,121.4936882,25.0268306
113,4,23,6,31,2,02萬華區,萬華區西園路2段與寶興街口,0,0,2,2,C03,6,6,5,50,4,1,1,4,4,5,13,2,1,1,4,5,2,17,1,52,2,9,6,1,7,9,1,9,1,11,14,44,,1,21,121.4936882,25.0268306
113,4,23,7,0,2,04大安區,大安區瑞安街109號,0,0,1,1,F01,7,7,5,30,14,9,1,4,4,5,13,4,4,10,5,5,2,11,1,85,2,9,3,4,7,9,8,20,1,11,,86,,1,21,121.5401716,25.027413
113,4,23,7,0,2,04大安區,大安區瑞安街109號,0,0,1,2,B01,7,7,5,30,14,9,1,4,4,5,13,4,4,10,5,5,2,11,1,65,3,10,3,4,7,9,1,4,1,4,,44,,1,21,121.5401716,25.027413
113,4,23,7,15,2,01大同區,大同區民權西路與民權西路144巷口,0,0,1,1,B12,7,5,5,40,4,2,1,4,4,5,13,1,1,1,4,1,1,16,1,25,3,10,7,1,7,8,1,8,2,2,,100,,1,21,121.515927,25.06289194
113,4,23,7,15,2,01大同區,大同區民權西路與民權西路144巷口,0,0,1,2,C03,7,5,5,40,4,2,1,4,4,5,13,1,1,1,4,1,1,16,1,54,2,9,5,1,7,9,1,10,2,11,,44,,1,21,121.515927,25.06289194
113,4,23,7,32,2,04大安區,大安區大安路1段與東豐街口,0,0,1,1,C03,6,6,5,50,14,7,1,4,4,5,13,2,1,9,5,4,1,13,2,50,2,9,3,4,7,9,1,10,1,14,,108,,1,21,121.5460273,25.0358045
113,4,23,7,32,2,04大安區,大安區大安路1段與東豐街口,0,0,1,2,B03,6,6,5,50,14,7,1,4,4,5,13,2,1,9,5,4,1,13,1,44,3,10,3,4,7,9,1,8,1,3,,44,,1,21,121.5460273,25.0358045
113,4,23,7,35,2,06松山區,松山區塔悠路29號,0,0,1,1,C03,7,6,5,40,14,9,1,4,4,5,13,4,4,1,4,4,2,12,1,63,4,11,3,4,7,8,7,19,9,15,,119,,2,22,121.5715633,25.05059489
113,4,23,7,35,2,06松山區,松山區塔悠路29號,0,0,1,2,C03,7,6,5,40,14,9,1,4,4,5,13,4,4,1,4,4,2,12,1,26,2,9,6,4,7,9,1,10,1,12,,14,,1,21,121.5715633,25.05059489
113,4,23,7,56,2,12內湖區,內湖區港墘路221巷33號,0,0,1,1,B02,7,6,5,50,14,20,5,4,4,5,13,4,4,10,5,5,2,17,1,45,4,11,3,4,7,1,7,19,11,17,,19,,2,21,121.5745954,25.07376279
113,4,23,7,56,2,12內湖區,內湖區港墘路221巷33號,0,0,1,2,F01,7,6,5,50,14,20,5,4,4,5,13,4,4,10,5,5,2,17,1,32,2,9,2,1,7,9,8,20,9,14,,42,,1,21,121.5745954,25.07376279
113,4,23,7,57,2,05中正區,中正區貴陽街1段與懷寧街口,0,0,2,1,C03,8,6,5,50,3,1,1,5,4,5,13,4,4,10,5,5,2,13,2,30,2,9,6,4,7,15,1,10,2,13,,108,,1,22,121.5137285,25.03870901
113,4,23,7,57,2,05中正區,中正區貴陽街1段與懷寧街口,0,0,2,2,C03,8,6,5,50,3,1,1,5,4,5,13,4,4,10,5,5,2,13,1,46,2,9,6,4,7,9,1,10,2,11,,16,,1,22,121.5137285,25.03870901
113,4,23,8,0,2,09北投區,北投區溫泉路與溫泉路68巷口,0,0,2,1,B03,8,6,5,30,3,2,1,5,4,5,13,4,4,5,5,5,2,17,1,63,3,10,7,1,7,9,1,8,1,8,,44,,1,21,121.5048332,25.13507527
113,4,23,8,0,2,09北投區,北投區溫泉路與溫泉路68巷口,0,0,2,2,C03,8,6,5,30,3,2,1,5,4,5,13,4,4,5,5,5,2,17,2,27,2,8,6,1,7,1,1,10,1,11,,19,,1,22,121.5048332,25.13507527
113,4,23,8,0,2,09北投區,北投區溫泉路與溫泉路68巷口,0,0,2,3,H02,8,6,5,30,3,2,1,5,4,5,13,4,4,5,5,5,2,17,1,7,2,8,6,5,7,21,8,20,10,16,,67,,1,14,121.5048332,25.13507527
113,4,23,8,14,2,12內湖區,內湖區成功路4段188號,0,0,1,1,B03,8,5,5,50,14,9,1,5,4,5,13,1,1,1,4,5,1,17,1,64,3,10,7,1,7,9,1,8,9,4,,44,,1,21,121.5949091,25.0840719
113,4,23,8,14,2,12內湖區,內湖區成功路4段188號,0,0,1,2,C03,8,5,5,50,14,9,1,5,4,5,13,1,1,1,4,5,1,17,1,26,2,9,6,1,7,9,1,10,9,14,,17,,1,21,121.5949091,25.0840719
113,4,23,8,30,2,07信義區,信義區永吉路200巷56弄4號,0,0,2,1,C03,7,6,5,30,14,9,1,5,4,5,13,4,4,9,5,5,2,17,2,30,2,7,5,1,7,11,1,10,9,11,,86,,1,22,121.5722491,25.0434443
113,4,23,8,30,2,07信義區,信義區永吉路200巷56弄4號,0,0,2,2,C03,7,6,5,30,14,9,1,5,4,5,13,4,4,9,5,5,2,17,1,39,2,8,5,1,7,9,1,10,9,11,,44,,1,22,121.5722491,25.0434443
113,4,23,8,38,2,04大安區,大安區復興南路1段與仁愛路4段口,0,0,1,1,B03,7,6,5,50,4,1,1,5,4,5,13,2,1,1,5,5,1,12,1,40,3,10,3,4,7,8,1,8,1,5,,42,,1,21,121.5437883,25.0377445
113,4,23,8,38,2,04大安區,大安區復興南路1段與仁愛路4段口,0,0,1,2,C03,7,6,5,50,4,1,1,5,4,5,13,2,1,1,5,5,1,12,1,30,2,9,6,4,7,9,1,10,1,14,,44,,1,21,121.5437883,25.0377445
113,4,23,8,48,2,02萬華區,萬華區堤外便道(貴陽疏散門前),0,0,3,1,C03,8,6,5,40,14,11,1,5,4,5,13,2,1,3,4,5,2,17,2,35,2,8,6,1,7,9,1,10,1,11,14,16,,2,21,121.4989357,25.0413754
113,4,23,8,48,2,02萬華區,萬華區堤外便道(貴陽疏散門前),0,0,3,2,C03,8,6,5,40,14,11,1,5,4,5,13,2,1,3,4,5,2,17,1,33,2,8,6,1,7,15,1,9,1,13,11,16,,1,21,121.4989357,25.0413754
113,4,23,8,48,2,02萬華區,萬華區堤外便道(貴陽疏散門前),0,0,3,3,C03,8,6,5,40,14,11,1,5,4,5,13,2,1,3,4,5,2,17,1,34,2,1,6,1,7,14,1,10,1,13,11,44,,1,21,121.4989357,25.0413754
113,4,23,8,48,2,02萬華區,萬華區堤外便道(貴陽疏散門前),0,0,3,4,C03,8,6,5,40,14,11,1,5,4,5,13,2,1,3,4,5,2,17,1,39,3,10,6,1,7,14,1,10,1,13,,44,,1,21,121.4989357,25.0413754
113,4,23,8,53,2,02萬華區,萬華區和平西路3段與桂林路246巷口,0,0,1,1,B03,7,6,5,50,4,1,1,5,4,5,13,3,1,3,3,5,2,17,1,46,3,10,3,4,7,6,1,8,1,17,,44,,1,22,121.4911431,25.035894
113,4,23,8,53,2,02萬華區,萬華區和平西路3段與桂林路246巷口,0,0,1,2,C03,7,6,5,50,4,1,1,5,4,5,13,3,1,3,3,5,2,17,2,41,2,9,5,4,7,9,1,10,1,11,,13,,1,22,121.4911431,25.035894
113,4,23,8,53,2,02萬華區,萬華區和平西路3段與桂林路246巷口,0,0,1,3,,7,6,5,50,4,1,1,5,4,5,13,3,1,3,3,5,2,17,3,,,,,,,,,,,,,67,,1,,121.4911431,25.035894
113,4,23,9,10,2,05中正區,中正區中山南路與信義路1段口,0,0,1,1,C03,8,6,5,50,5,1,1,5,4,5,13,2,1,5,4,5,2,16,1,44,2,9,5,1,7,7,1,10,2,14,,96,,1,22,121.517903,25.03866693
113,4,23,9,10,2,05中正區,中正區中山南路與信義路1段口,0,0,1,2,B01,8,6,5,50,5,1,1,5,4,5,13,2,1,5,4,5,2,16,1,56,3,10,7,1,7,9,1,4,2,5,,44,,1,22,121.517903,25.03866693
113,4,23,10,43,2,05中正區,中正區襄陽路與懷寧街口,0,0,2,1,C04,8,6,5,50,4,1,1,5,4,5,13,1,1,10,4,5,2,16,1,67,2,9,6,4,7,5,1,10,1,12,,71,,1,22,121.5140771,25.04336677
113,4,23,10,43,2,05中正區,中正區襄陽路與懷寧街口,0,0,2,2,C03,8,6,5,50,4,1,1,5,4,5,13,1,1,10,4,5,2,16,2,25,2,9,6,4,7,9,1,10,1,11,,44,,1,22,121.5140771,25.04336677
113,4,23,10,52,2,04大安區,大安區仁愛路3段與建國南路1段口,0,0,1,2,E01,7,6,5,50,5,1,1,5,4,5,13,1,1,1,3,5,2,17,1,24,3,10,7,1,7,9,1,4,11,17,,44,,1,21,121.537624,25.0381681
113,4,23,10,52,2,04大安區,大安區仁愛路3段與建國南路1段口,0,0,1,1,C03,7,6,5,50,5,1,1,5,4,5,13,1,1,1,3,5,2,17,1,18,2,9,6,1,7,12,1,10,11,12,,42,,1,21,121.537624,25.0381681
113,4,23,11,0,2,06松山區,松山區八德路4段與虎林街口,0,0,1,1,B12,7,6,5,50,3,1,1,5,4,5,13,2,1,3,3,4,2,15,1,28,3,10,7,1,7,9,1,8,2,1,,13,,1,21,121.5759676,25.05003
113,4,23,11,0,2,06松山區,松山區八德路4段與虎林街口,0,0,1,2,F01,7,6,5,50,3,1,1,5,4,5,13,2,1,3,3,4,2,15,2,65,2,9,4,1,7,9,8,20,9,14,,81,,1,22,121.5759676,25.05003
113,4,23,11,0,2,06松山區,松山區八德路4段與虎林街口,0,0,1,3,A02,7,6,5,50,3,1,1,5,4,5,13,2,1,3,3,4,2,15,1,56,3,10,7,1,7,14,1,2,9,17,,44,,1,21,121.5759676,25.05003
113,4,23,11,40,2,03中山區,中山區北安路與大直街口,0,0,1,1,C03,7,6,5,50,4,1,2,5,4,5,13,1,1,1,4,5,2,17,2,21,2,9,5,1,7,5,1,10,1,14,,96,,1,21,121.5473125,25.0799034
113,4,23,11,40,2,03中山區,中山區北安路與大直街口,0,0,1,2,B01,7,6,5,50,4,1,2,5,4,5,13,1,1,1,4,5,2,17,1,57,3,10,7,1,7,9,1,4,1,6,,44,,1,21,121.5473125,25.0799034
113,4,23,12,10,2,03中山區,中山區林森北路與錦州街口,0,0,2,1,C03,7,7,5,50,4,1,1,5,4,3,13,2,1,5,4,5,2,13,1,21,2,9,5,4,7,9,1,10,1,12,,42,,1,21,121.5255607,25.0603052
113,4,23,12,10,2,03中山區,中山區林森北路與錦州街口,0,0,2,2,A02,7,7,5,50,4,1,1,5,4,3,13,2,1,5,4,5,2,13,1,57,3,10,3,4,7,9,1,2,1,7,,44,,1,21,121.5255607,25.0603052
113,4,23,12,10,2,03中山區,中山區林森北路與錦州街口,0,0,2,3,B01,7,7,5,50,4,1,1,5,4,3,13,2,1,5,4,5,2,13,1,67,3,10,3,4,7,12,1,4,9,17,,44,,1,21,121.5255607,25.0603052
113,4,23,12,10,2,03中山區,中山區林森北路與錦州街口,0,0,2,4,H02,7,7,5,50,4,1,1,5,4,3,13,2,1,5,4,5,2,13,1,18,2,9,5,5,7,20,8,20,10,16,,67,,1,21,121.5255607,25.0603052
113,4,23,12,29,2,07信義區,信義區吳興街281巷與吳興街281巷47弄口,0,0,1,1,C03,8,6,5,30,3,2,1,5,4,5,13,4,4,10,5,5,2,17,2,40,3,10,6,1,7,5,1,10,2,14,,72,,1,21,121.565458,25.0265206
113,4,23,12,29,2,07信義區,信義區吳興街281巷與吳興街281巷47弄口,0,0,1,2,C03,8,6,5,30,3,2,1,5,4,5,13,4,4,10,5,5,2,17,2,35,2,8,6,1,7,9,1,10,2,11,,44,,1,21,121.565458,25.0265206
113,4,23,12,39,2,04大安區,大安區基隆路4段台大停車場,0,0,1,1,C03,7,5,5,0,14,20,1,5,4,5,13,4,4,10,5,5,2,17,1,23,3,10,5,1,7,1,1,10,1,11,,19,,1,21,121.5383632,25.01241062
113,4,23,12,39,2,04大安區,大安區基隆路4段台大停車場,0,0,1,2,F01,7,5,5,0,14,20,1,5,4,5,13,4,4,10,5,5,2,17,1,51,2,9,4,1,7,9,8,20,1,11,,108,,1,21,121.5383632,25.01241062
113,4,23,12,59,2,02萬華區,萬華區環河南路1段348巷與桂林路口,0,0,1,1,B03,7,5,5,50,5,1,1,5,4,5,13,2,1,1,3,5,1,16,1,26,3,10,3,4,7,5,1,8,1,2,,71,,1,22,121.4961066,25.0388042
113,4,23,12,59,2,02萬華區,萬華區環河南路1段348巷與桂林路口,0,0,1,2,C03,7,5,5,50,5,1,1,5,4,5,13,2,1,1,3,5,1,16,1,30,2,9,3,4,7,9,1,10,1,11,,44,,1,22,121.4961066,25.0388042
113,4,23,13,7,2,12內湖區,內湖區安美街與潭美街口,0,0,2,1,C03,8,6,5,40,3,2,1,5,4,5,13,2,1,5,5,5,2,17,1,52,2,7,5,1,7,14,1,10,1,15,,38,,1,21,121.5968567,25.06049335
113,4,23,13,7,2,12內湖區,內湖區安美街與潭美街口,0,0,2,2,C03,8,6,5,40,3,2,1,5,4,5,13,2,1,5,5,5,2,17,1,20,2,7,5,1,7,9,1,10,1,11,,16,,1,21,121.5968567,25.06049335
113,4,23,13,14,2,02萬華區,萬華區大理街與西園路1段口,0,0,1,1,C03,8,7,5,50,4,1,1,5,4,5,13,1,1,1,4,5,2,13,1,31,3,10,6,1,7,9,6,18,2,12,,13,,1,22,121.4988225,25.0344979
113,4,23,13,14,2,02萬華區,萬華區大理街與西園路1段口,0,0,1,2,F01,8,7,5,50,4,1,1,5,4,5,13,1,1,1,4,5,2,13,2,33,2,9,2,4,7,5,8,20,2,14,,8,,1,22,121.4988225,25.0344979
113,4,23,13,15,2,09北投區,北投區立賢路168號,0,0,2,1,B03,8,7,5,50,14,9,1,5,4,5,13,2,1,1,4,5,2,13,2,25,2,9,3,4,7,9,1,8,2,1,,108,,1,22,121.5024468,25.1144389
113,4,23,13,15,2,09北投區,北投區立賢路168號,0,0,2,2,B03,8,7,5,50,14,9,1,5,4,5,13,2,1,1,4,5,2,13,1,31,2,2,3,4,7,9,3,18,2,3,,42,,1,26,121.5024468,25.1144389
113,4,23,13,15,2,09北投區,北投區立賢路168號,0,0,2,3,B03,8,7,5,50,14,9,1,5,4,5,13,2,1,1,4,5,2,13,1,43,3,10,3,4,7,9,6,18,2,3,,44,,1,26,121.5024468,25.1144389
113,4,23,13,17,2,04大安區,大安區信義路2段10巷8弄與信義路2段10巷口,0,0,1,1,F01,7,6,5,30,4,1,1,5,4,5,13,4,4,10,5,5,2,15,1,74,2,1,4,1,7,9,8,20,1,11,,42,,1,21,121.5246699,25.0343551
113,4,23,13,17,2,04大安區,大安區信義路2段10巷8弄與信義路2段10巷口,0,0,1,2,C03,7,6,5,30,4,1,1,5,4,5,13,4,4,10,5,5,2,15,2,52,3,10,6,1,7,9,1,10,1,11,,44,,1,21,121.5246699,25.0343551
113,4,23,13,55,2,05中正區,中正區重慶南路1段與貴陽街1段口,0,0,2,1,C03,8,7,5,50,4,1,1,5,4,5,13,1,1,10,5,5,2,16,2,35,2,9,5,1,7,8,1,10,2,12,,100,,1,26,121.5129195,25.038813
113,4,23,13,55,2,05中正區,中正區重慶南路1段與貴陽街1段口,0,0,2,2,C03,8,7,5,50,4,1,1,5,4,5,13,1,1,10,5,5,2,16,2,33,2,9,5,1,7,9,1,10,2,14,,44,,1,26,121.5129195,25.038813
113,4,23,13,58,2,09北投區,北投區大業路與北投路2段口,0,0,1,1,C03,8,7,5,60,5,2,1,5,4,5,13,2,1,3,4,5,2,17,2,74,2,9,6,1,7,7,1,10,1,12,,108,,1,22,121.4961846,25.1341282
113,4,23,13,58,2,09北投區,北投區大業路與北投路2段口,0,0,1,2,C03,8,7,5,60,5,2,1,5,4,5,13,2,1,3,4,5,2,17,2,19,3,10,6,1,7,9,1,10,1,14,,44,,1,22,121.4961846,25.1341282