發生年度,發生月,發生日,發生時-Hours,發生分,處理別-編號,區序,肇事地點,死亡人數,2-30日死亡人數,受傷人數,當事人序號,車種,天候,道路照明設備,道路類別,速限-速度限制,道路型態,事故位置,路面狀況1,路面狀況2,路面狀況3,道路障礙1,道路障礙2,號誌1,號誌2,車道劃分-分向,車道劃分-分道1,車道劃分-分道2,車道劃分-分道3,事故類型及型態,性別,年齡,受傷程度,主要傷處,保護裝置,行動電話,車輛用途,當事者行動狀態,駕駛資格情形,駕駛執照種類,飲酒情形,車輛撞擊部位1,車輛撞擊部位2,肇因碼-個別,肇因碼-主要,個人肇逃否,職業,座標-X,座標-Y
113,4,23,13,58,2,09北投區,北投區大業路與北投路2段口,0,0,1,3,B03,8,7,5,60,5,2,1,5,4,5,13,2,1,3,4,5,2,17,1,56,3,10,7,1,7,14,1,8,1,6,,44,,1,22,121.4961846,25.1341282
113,4,23,14,12,2,05中正區,中正區汀州路3段與羅斯福路4段90巷口,0,0,2,1,C03,8,6,5,50,4,1,1,5,4,5,13,1,1,5,2,5,2,3,2,55,2,9,5,1,7,9,1,10,2,11,,70,,1,21,121.534421,25.0135787
113,4,23,14,12,2,05中正區,中正區汀州路3段與羅斯福路4段90巷口,0,0,2,2,H01,8,6,5,50,4,1,1,5,4,5,13,1,1,5,2,5,2,3,2,68,2,1,4,5,8,16,8,20,1,16,,122,,1,21,121.534421,25.0135787
113,4,23,14,20,2,02萬華區,萬華區萬青街與萬青街118巷口口,0,0,2,1,C03,7,6,5,30,5,1,1,5,4,5,13,4,4,10,5,5,1,17,1,36,2,8,3,4,7,6,1,10,1,14,,80,,1,21,121.5016815,25.024443
113,4,23,14,20,2,02萬華區,萬華區萬青街與萬青街118巷口口,0,0,2,2,C03,7,6,5,30,5,1,1,5,4,5,13,4,4,10,5,5,1,17,1,35,2,8,3,4,7,9,1,10,1,11,,14,,1,21,121.5016815,25.024443
113,4,23,14,37,2,07信義區,信義區信義路5段台北101世貿站2號出口,0,0,1,1,C03,8,7,5,50,14,9,1,5,4,5,13,4,4,5,5,5,2,18,1,51,2,9,5,1,7,15,1,10,9,12,,42,,1,21,121.561608,25.0329151
113,4,23,14,37,2,07信義區,信義區信義路5段台北101世貿站2號出口,0,0,1,2,,8,7,5,50,14,9,1,5,4,5,13,4,4,5,5,5,2,18,3,0,,,,,,,,,,,,67,,1,,121.561608,25.0329151
113,4,23,14,58,2,08士林區,士林區延平北路8段2巷200弄與延平北路8段口堤外,0,0,3,1,C03,7,6,5,30,4,1,1,5,4,5,13,4,4,10,5,5,1,17,2,18,2,9,6,1,7,10,1,10,1,14,,102,,1,25,121.4935083,25.1112786
113,4,23,14,58,2,08士林區,士林區延平北路8段2巷200弄與延平北路8段口堤外,0,0,3,2,C03,7,6,5,30,4,1,1,5,4,5,13,4,4,10,5,5,1,17,2,19,2,9,6,1,7,9,1,10,1,12,,44,,1,25,121.4935083,25.1112786
113,4,23,14,58,2,08士林區,士林區延平北路8段2巷200弄與延平北路8段口堤外,0,0,3,3,H02,7,6,5,30,4,1,1,5,4,5,13,4,4,10,5,5,1,17,2,19,2,9,5,5,7,20,8,20,10,16,,67,,1,25,121.4935083,25.1112786
113,4,23,14,58,2,08士林區,士林區延平北路8段2巷200弄與延平北路8段口堤外,0,0,3,4,C03,7,6,5,30,4,1,1,5,4,5,13,4,4,10,5,5,1,17,1,20,3,10,6,1,7,6,1,10,9,17,,72,,1,21,121.4935083,25.1112786
113,4,23,15,13,2,08士林區,士林區文林路與福國路口,0,0,1,1,B03,8,6,5,50,5,2,1,5,4,5,13,2,1,1,4,5,1,13,1,25,3,10,7,1,7,9,1,8,2,8,,108,,1,21,121.5207895,25.1018311
113,4,23,15,13,2,08士林區,士林區文林路與福國路口,0,0,1,2,C03,8,6,5,50,5,2,1,5,4,5,13,2,1,1,4,5,1,13,1,70,2,8,5,1,7,14,1,10,2,13,,44,,1,21,121.5207895,25.1018311
113,4,23,15,36,2,08士林區,士林區仰德大道2段200號,0,0,1,1,C03,8,5,5,40,14,9,1,5,4,5,13,4,4,5,5,5,2,12,2,20,2,9,6,1,7,9,1,10,2,14,,108,,1,21,121.5491616,25.11096029
113,4,23,15,36,2,08士林區,士林區仰德大道2段200號,0,0,1,2,B03,8,5,5,40,14,9,1,5,4,5,13,4,4,5,5,5,2,12,1,40,3,10,7,1,7,9,1,8,2,2,,44,,1,21,121.5491616,25.11096029
113,4,23,16,8,2,05中正區,中正區思源街1號,0,0,2,1,F01,8,7,5,0,14,23,1,5,4,5,13,4,4,10,4,5,2,16,1,64,2,8,4,1,7,5,8,20,1,13,,8,,1,21,121.5306633,25.0136448
113,4,23,16,8,2,05中正區,中正區思源街1號,0,0,2,2,F01,8,7,5,0,14,23,1,5,4,5,13,4,4,10,4,5,2,16,1,15,2,9,4,1,7,4,8,20,1,11,,42,,1,21,121.5306633,25.0136448
113,4,23,16,17,2,12內湖區,內湖區港墘路與港墘路37巷口,0,0,1,1,B03,8,6,5,50,4,2,1,5,4,5,13,2,1,5,5,5,2,17,1,77,3,10,7,1,7,5,1,8,2,5,,16,,1,21,121.5783033,25.08217941
113,4,23,16,17,2,12內湖區,內湖區港墘路與港墘路37巷口,0,0,1,2,C03,8,6,5,50,4,2,1,5,4,5,13,2,1,5,5,5,2,17,2,39,2,8,6,1,7,14,1,10,2,13,,44,,1,21,121.5783033,25.08217941
113,4,23,16,19,2,04大安區,大安區芳蘭路第71號停車格,0,0,1,1,B03,8,7,5,50,14,9,1,5,4,5,13,4,4,9,5,5,1,12,1,42,3,10,3,4,7,1,1,8,1,7,,19,,1,21,121.5459037,25.0132311
113,4,23,16,19,2,04大安區,大安區芳蘭路第71號停車格,0,0,1,2,C03,8,7,5,50,14,9,1,5,4,5,13,4,4,9,5,5,1,12,1,21,2,9,6,4,7,9,1,10,1,11,,44,,1,21,121.5459037,25.0132311
113,4,23,16,44,2,12內湖區,內湖區內湖路3段72巷與碧山路7巷口,0,0,1,1,C03,7,6,8,30,3,2,1,5,4,4,12,4,4,10,5,5,1,17,2,65,2,9,5,1,7,15,1,8,1,11,,14,,1,21,121.5911601,25.0878897
113,4,23,16,44,2,12內湖區,內湖區內湖路3段72巷與碧山路7巷口,0,0,1,2,B03,7,6,8,30,3,2,1,5,4,4,12,4,4,10,5,5,1,17,1,68,3,10,7,1,7,9,1,8,1,8,,44,,1,21,121.5911601,25.0878897
113,4,23,16,44,2,12內湖區,內湖區內湖路3段72巷與碧山路7巷口,0,0,1,3,C03,7,6,8,30,3,2,1,5,4,4,12,4,4,10,5,5,1,17,3,0,,,,,,,,,,,,67,,1,,121.5911601,25.0878897
113,4,23,16,44,2,12內湖區,內湖區內湖路3段72巷與碧山路7巷口,0,0,1,4,C04,7,6,8,30,3,2,1,5,4,4,12,4,4,10,5,5,1,17,3,58,,,,,,,,,10,,,67,,1,,121.5911601,25.0878897
113,4,23,17,4,2,08士林區,士林區文林路與德行西路口,0,0,2,1,B12,8,5,5,50,4,1,1,5,4,5,13,2,1,5,5,5,2,12,1,29,3,10,7,1,7,6,1,2,2,2,,9,,1,21,121.5197092,25.1033895
113,4,23,17,4,2,08士林區,士林區文林路與德行西路口,0,0,2,2,C03,8,5,5,50,4,1,1,5,4,5,13,2,1,5,5,5,2,12,1,62,2,1,5,1,7,7,1,10,2,14,,8,,1,21,121.5197092,25.1033895
113,4,23,17,4,2,08士林區,士林區文林路與德行西路口,0,0,2,3,H02,8,5,5,50,4,1,1,5,4,5,13,2,1,5,5,5,2,12,2,51,2,7,5,5,7,20,8,20,10,16,,67,,1,21,121.5197092,25.1033895
113,4,23,17,7,2,03中山區,中山區安東街16巷與八德路2段210巷口,0,0,1,1,B03,8,6,5,30,4,1,1,5,4,5,13,4,4,10,5,5,2,15,1,37,3,10,7,1,7,9,1,8,1,4,,72,,1,21,121.5393807,25.045367
113,4,23,17,7,2,03中山區,中山區安東街16巷與八德路2段210巷口,0,0,1,2,C03,8,6,5,30,4,1,1,5,4,5,13,4,4,10,5,5,2,15,2,47,2,7,6,1,7,9,1,10,1,11,,108,,1,21,121.5393807,25.045367
113,4,23,17,11,2,07信義區,信義區信義路5段與松德路口口,0,0,1,1,C03,7,5,8,50,22,22,1,5,4,5,13,1,1,1,4,5,2,29,1,59,2,9,5,1,7,6,1,10,1,14,,108,,1,22,121.5746714,25.0335625
113,4,23,17,11,2,07信義區,信義區信義路5段與松德路口口,0,0,1,3,A02,7,5,8,50,22,22,1,5,4,5,13,1,1,1,4,5,2,29,1,63,3,10,7,1,7,9,1,2,1,2,,44,,1,22,121.5746714,25.0335625
113,4,23,17,11,2,07信義區,信義區信義路5段與松德路口口,0,0,1,2,,7,5,8,50,22,22,1,5,4,5,13,1,1,1,4,5,2,29,3,0,,,,,,,,,,,,67,,1,,121.5746714,25.0335625
113,4,23,17,25,2,04大安區,大安區新生南路1段97巷與忠孝東路3段44巷口口,0,0,1,1,B03,7,6,8,30,4,1,1,5,4,5,13,4,4,10,5,5,2,15,1,74,3,10,3,4,7,9,1,8,1,1,,72,,1,22,121.5350667,25.0412375
113,4,23,17,25,2,04大安區,大安區新生南路1段97巷與忠孝東路3段44巷口口,0,0,1,2,C03,7,6,8,30,4,1,1,5,4,5,13,4,4,10,5,5,2,15,1,25,2,9,3,4,7,9,1,10,1,14,,13,,1,22,121.5350667,25.0412375
113,4,23,17,39,2,02萬華區,萬華區萬大路504號,0,0,1,1,C03,8,5,8,50,22,22,1,5,4,5,13,4,4,10,5,5,2,17,1,22,2,8,3,4,7,9,1,10,1,11,,16,,1,21,121.4970812,25.01917712
113,4,23,17,39,2,02萬華區,萬華區萬大路504號,0,0,1,2,B03,8,5,8,50,22,22,1,5,4,5,13,4,4,10,5,5,2,17,1,63,3,10,3,4,7,15,1,4,1,7,,44,,1,21,121.4970812,25.01917712
113,4,23,17,57,2,02萬華區,萬華區大理街與大理街20巷口,0,0,2,1,C03,8,5,5,30,4,1,1,5,4,5,13,4,4,10,5,5,2,15,1,35,2,8,5,1,7,9,6,10,1,14,,72,,1,26,121.5022517,25.03461863
113,4,23,17,57,2,02萬華區,萬華區大理街與大理街20巷口,0,0,2,2,C03,8,5,5,30,4,1,1,5,4,5,13,4,4,10,5,5,2,15,2,72,2,8,5,1,7,9,1,10,1,11,,44,,1,21,121.5022517,25.03461863
113,4,23,18,20,2,10文山區,文山區辛亥路6段與木柵路1段口,0,0,1,1,C03,8,5,5,50,14,9,1,5,4,5,13,1,1,1,4,5,2,16,1,43,2,9,6,1,7,5,1,10,2,11,12,8,,1,21,121.5523155,24.98787647
113,4,23,18,20,2,10文山區,文山區辛亥路6段與木柵路1段口,0,0,1,2,B01,8,5,5,50,14,9,1,5,4,5,13,1,1,1,4,5,2,16,1,44,3,10,7,1,7,9,1,4,2,5,,44,,1,21,121.5523155,24.98787647
113,4,23,18,21,2,07信義區,信義區忠孝東路4段與逸仙路口,0,0,2,1,B01,8,6,5,50,3,2,1,5,4,5,13,2,1,1,4,1,2,12,1,54,3,10,7,1,7,8,1,4,11,6,,100,,2,21,121.5620393,25.0411706
113,4,23,18,21,2,07信義區,信義區忠孝東路4段與逸仙路口,0,0,2,2,C03,8,6,5,50,3,2,1,5,4,5,13,2,1,1,4,1,2,12,1,27,2,7,5,1,7,9,1,10,1,17,,108,,1,21,121.5620393,25.0411706
113,4,23,18,21,2,07信義區,信義區忠孝東路4段與逸仙路口,0,0,2,3,H02,8,6,5,50,3,2,1,5,4,5,13,2,1,1,4,1,2,12,2,28,2,8,5,5,7,17,8,20,10,17,,44,,1,21,121.5620393,25.0411706
113,4,23,18,29,2,07信義區,信義區基隆路2段115號,0,0,2,2,C03,7,5,8,50,22,22,1,5,4,5,13,4,4,1,4,5,2,17,2,43,2,9,6,1,7,9,1,10,2,12,,44,,1,22,121.5571616,25.0286722
113,4,23,18,29,2,07信義區,信義區基隆路2段115號,0,0,2,3,H02,7,5,8,50,22,22,1,5,4,5,13,4,4,1,4,5,2,17,1,11,2,8,6,5,7,19,8,20,10,16,,67,,1,22,121.5571616,25.0286722
113,4,23,18,29,2,07信義區,信義區基隆路2段115號,0,0,2,1,C03,7,5,8,50,22,22,1,5,4,5,13,4,4,1,4,5,2,17,1,35,3,10,6,1,7,9,1,10,2,17,,30,,1,22,121.5571616,25.0286722
113,4,23,19,2,2,11南港區,南港區經貿一路北往南第一根路燈,0,0,1,2,B03,8,5,5,50,14,9,1,5,4,5,13,4,4,1,3,5,2,13,1,32,3,10,3,4,7,9,1,8,2,3,,44,,1,22,121.6187523,25.0551013
113,4,23,19,2,2,11南港區,南港區經貿一路北往南第一根路燈,0,0,1,1,C01,8,5,5,50,14,9,1,5,4,5,13,4,4,1,3,5,2,13,1,27,2,9,3,4,7,9,1,9,2,11,,108,,1,22,121.6187523,25.0551013
113,4,23,19,48,2,04大安區,大安區師大路128號,0,0,1,1,F01,8,5,5,50,14,9,1,5,4,5,13,4,4,5,5,5,2,17,1,24,2,8,4,1,7,9,8,20,1,13,,42,,1,21,121.5278993,25.0215089
113,4,23,19,48,2,04大安區,大安區師大路128號,0,0,1,2,B03,8,5,5,50,14,9,1,5,4,5,13,4,4,5,5,5,2,17,1,34,3,10,3,4,7,15,1,8,1,2,,44,,1,21,121.5278993,25.0215089
113,4,23,19,53,2,10文山區,文山區木柵路2段143號對面,0,0,1,1,B03,7,5,5,50,14,9,1,5,4,5,13,4,4,5,4,5,2,11,2,20,3,10,3,4,7,1,1,8,1,8,,19,,1,22,121.5626227,24.98890464
113,4,23,19,53,2,10文山區,文山區木柵路2段143號對面,0,0,1,2,C03,7,5,5,50,14,9,1,5,4,5,13,4,4,5,4,5,2,11,2,46,2,9,3,4,7,9,1,10,1,12,,44,,1,22,121.5626227,24.98890464
113,4,23,19,56,2,12內湖區,內湖區成功路2段與成功路2段245巷口,0,0,1,1,B03,8,5,5,50,3,1,1,5,4,5,13,4,4,1,4,5,2,16,1,29,3,10,7,1,7,6,1,8,2,5,,9,,1,21,121.5908565,25.068018
113,4,23,19,56,2,12內湖區,內湖區成功路2段與成功路2段245巷口,0,0,1,2,C03,8,5,5,50,3,1,1,5,4,5,13,4,4,1,4,5,2,16,1,31,2,9,6,1,7,9,1,10,2,14,,13,,1,21,121.5908565,25.068018
113,4,23,20,0,2,10文山區,文山區辛亥路5段與辛亥路5段25巷口,0,0,2,1,C03,8,5,5,50,4,1,1,5,4,5,13,2,1,1,4,5,2,16,1,70,2,8,5,1,7,5,1,10,1,12,,71,,1,21,121.5541161,24.9998621
113,4,23,20,0,2,10文山區,文山區辛亥路5段與辛亥路5段25巷口,0,0,2,2,C03,8,5,5,50,4,1,1,5,4,5,13,2,1,1,4,5,2,16,1,23,2,9,6,1,7,9,1,10,1,11,,44,,1,21,121.5541161,24.9998621
113,4,23,20,15,2,01大同區,大同區重慶北路1段與南京西路口,0,0,1,1,A02,7,5,5,50,5,1,1,4,4,5,13,2,1,5,4,5,2,9,1,58,3,10,7,1,7,12,1,2,1,15,,44,,1,21,121.5139811,25.0540342
113,4,23,20,15,2,01大同區,大同區重慶北路1段與南京西路口,0,0,1,2,H02,7,5,5,50,5,1,1,4,4,5,13,2,1,5,4,5,2,9,2,56,2,9,4,5,7,20,8,20,10,16,,67,,1,21,121.5139811,25.0540342
113,4,23,20,58,2,03中山區,中山區市民大道3段與松江路口,0,0,1,1,B03,8,6,5,40,4,1,1,5,4,5,13,1,1,1,4,5,2,16,1,39,3,10,3,1,7,6,1,8,1,2,,9,,1,21,121.533048,25.04554097
113,4,23,20,58,2,03中山區,中山區市民大道3段與松江路口,0,0,1,2,C03,8,6,5,40,4,1,1,5,4,5,13,1,1,1,4,5,2,16,1,25,2,9,6,1,7,9,1,10,1,14,,108,,1,22,121.533048,25.04554097
113,4,23,21,35,2,03中山區,中山區新生北路2段與南京東路1段口,0,0,1,1,B01,7,5,5,40,4,2,1,5,4,5,13,1,1,1,4,4,2,12,1,68,3,10,7,1,7,8,1,4,1,6,,100,,1,21,121.527247,25.0522107
113,4,23,21,35,2,03中山區,中山區新生北路2段與南京東路1段口,0,0,1,2,C03,7,5,5,40,4,2,1,5,4,5,13,1,1,1,4,4,2,12,1,22,2,3,6,1,7,9,1,10,1,11,,44,,1,21,121.527247,25.0522107
113,4,23,21,37,2,07信義區,信義區基隆路1段與忠孝東路5段口,0,0,1,1,C03,8,7,5,50,4,1,1,5,4,5,13,2,1,3,4,5,2,13,1,32,3,10,5,1,7,9,1,10,2,11,,80,,1,21,121.5646536,25.0412405
113,4,23,21,37,2,07信義區,信義區基隆路1段與忠孝東路5段口,0,0,1,2,C04,8,7,5,50,4,1,1,5,4,5,13,2,1,3,4,5,2,13,2,32,2,9,5,1,7,8,1,8,2,13,,100,,1,21,121.5646536,25.0412405
113,4,23,22,33,2,07信義區,信義區信安街與崇德街口,0,0,1,1,C03,8,6,5,50,4,2,1,5,4,5,13,2,1,9,5,5,2,16,1,48,3,10,5,1,7,9,1,10,1,11,,108,,1,21,121.5557401,25.0240038
113,4,23,22,33,2,07信義區,信義區信安街與崇德街口,0,0,1,2,F01,8,6,5,50,4,2,1,5,4,5,13,2,1,9,5,5,2,16,2,20,2,9,4,1,7,5,8,20,1,14,,16,,1,21,121.5557401,25.0240038
113,4,23,22,42,2,12內湖區,內湖區洲子街與瑞光路513巷口,0,0,1,1,B03,8,5,5,50,4,18,1,5,4,5,13,2,1,5,4,5,1,3,2,32,3,10,7,1,7,5,1,8,1,1,,70,,1,21,121.5702072,25.0803226
113,4,23,22,42,2,12內湖區,內湖區洲子街與瑞光路513巷口,0,0,1,2,H01,8,5,5,50,4,18,1,5,4,5,13,2,1,5,4,5,1,3,2,23,2,9,4,5,8,16,8,20,10,16,,67,,1,21,121.5702072,25.0803226
113,4,23,22,44,2,04大安區,大安區仁愛路3段與新生南路1段口,0,0,2,1,C03,7,5,5,50,4,2,1,5,4,5,13,2,1,1,5,5,1,1,1,41,2,9,5,1,7,9,1,9,2,14,,108,,1,21,121.5329335,25.0378043
113,4,23,22,44,2,04大安區,大安區仁愛路3段與新生南路1段口,0,0,2,2,H01,7,5,5,50,4,2,1,5,4,5,13,2,1,1,5,5,1,1,2,76,2,9,4,5,8,16,8,20,10,16,,121,,1,21,121.5329335,25.0378043
113,4,23,22,51,2,10文山區,文山區興隆路1段與興隆路1段251巷口,0,0,2,1,B01,7,5,5,50,3,1,1,5,4,5,13,2,1,1,4,5,2,16,1,70,3,10,7,1,7,5,1,8,2,5,,71,,1,21,121.5440936,24.9994683
113,4,23,22,51,2,10文山區,文山區興隆路1段與興隆路1段251巷口,0,0,2,2,C03,7,5,5,50,3,1,1,5,4,5,13,2,1,1,4,5,2,16,1,22,2,9,6,1,7,9,1,10,2,11,,16,,1,21,121.5440936,24.9994683
113,4,23,22,51,2,10文山區,文山區興隆路1段與興隆路1段251巷口,0,0,2,3,H02,7,5,5,50,3,1,1,5,4,5,13,2,1,1,4,5,2,16,1,30,2,9,6,5,7,20,8,20,10,16,,67,,1,21,121.5440936,24.9994683
113,4,23,22,58,2,05中正區,中正區汀州路1段269號,0,0,2,1,C03,7,5,5,50,14,9,1,5,4,5,13,4,4,9,5,5,2,12,2,40,2,9,5,1,7,1,1,10,2,12,,19,,1,22,121.5134543,25.0263219
113,4,23,22,58,2,05中正區,中正區汀州路1段269號,0,0,2,2,C03,7,5,5,50,14,9,1,5,4,5,13,4,4,9,5,5,2,12,1,65,2,9,5,1,7,9,1,10,2,14,,44,,1,22,121.5134543,25.0263219
113,4,23,23,16,2,12內湖區,內湖區民權東路6段與民權東路6段174巷口,0,0,1,1,C03,8,5,5,50,14,9,1,5,3,5,13,4,4,1,4,5,2,18,2,56,2,3,5,1,7,9,1,11,2,12,,42,,1,21,121.5919484,25.06886786
113,4,23,23,16,2,12內湖區,內湖區民權東路6段與民權東路6段174巷口,0,0,1,2,,8,5,5,50,14,9,1,5,3,5,13,4,4,1,4,5,2,18,3,0,,,,,,,,,,,,67,,1,,121.5919484,25.06886786
113,4,23,23,30,2,10文山區,文山區木柵路4段10號,0,0,2,1,B03,7,5,5,50,14,9,1,4,4,5,13,4,4,5,4,5,1,17,1,57,2,3,7,1,7,7,3,18,2,1,,4,,1,21,121.5717909,24.99514347
113,4,23,23,30,2,10文山區,文山區木柵路4段10號,0,0,2,2,B02,7,5,5,50,14,9,1,4,4,5,13,4,4,5,4,5,1,17,1,45,2,8,7,1,7,9,1,8,2,8,,44,,1,21,121.5717909,24.99514347
113,4,24,0,47,2,06松山區,松山區八德路4段與八德路4段245巷口,0,0,2,1,C03,7,5,6,30,3,1,1,4,4,5,13,3,1,4,3,5,1,16,1,29,2,7,3,1,7,15,1,10,1,11,,80,,1,21,121.5648718,25.0489543
113,4,24,0,47,2,06松山區,松山區八德路4段與八德路4段245巷口,0,0,2,2,C03,7,5,6,30,3,1,1,4,4,5,13,3,1,4,3,5,1,16,1,39,2,9,3,1,7,9,1,10,1,11,,44,,1,21,121.5648718,25.0489543
113,4,24,5,46,2,12內湖區,內湖區瑞光路與瑞光路口側附近235巷口,0,0,1,1,C03,6,7,5,50,4,2,1,4,4,5,13,1,1,5,4,5,2,3,2,22,3,10,5,1,7,9,1,10,1,11,,70,,1,21,121.5778911,25.07454735
113,4,24,5,46,2,12內湖區,內湖區瑞光路與瑞光路口側附近235巷口,0,0,1,2,H01,6,7,5,50,4,2,1,4,4,5,13,1,1,5,4,5,2,3,2,64,2,9,4,5,8,16,8,20,10,16,,67,,1,21,121.5778911,25.07454735
113,4,24,6,35,2,05中正區,中正區市民大道2段與林森北路口,0,0,2,1,C03,6,7,5,40,4,4,1,4,4,5,13,1,1,1,4,5,2,13,1,41,2,8,5,1,7,15,1,10,1,12,,108,,1,21,121.5239185,25.047709
113,4,24,6,35,2,05中正區,中正區市民大道2段與林森北路口,0,0,2,2,C03,6,7,5,40,4,4,1,4,4,5,13,1,1,1,4,5,2,13,2,58,2,9,5,1,7,12,1,10,1,13,,44,,1,21,121.5239185,25.047709
113,4,24,7,8,2,07信義區,信義區虎林街與松山路238巷口,0,0,1,1,B03,6,5,5,30,4,2,1,4,4,5,13,4,4,5,5,5,2,17,1,69,3,10,7,1,7,5,1,8,11,17,,74,,2,22,121.5771778,25.0443612
113,4,24,7,8,2,07信義區,信義區虎林街與松山路238巷口,0,0,1,2,C03,6,5,5,30,4,2,1,4,4,5,13,4,4,5,5,5,2,17,2,47,2,9,6,1,7,9,1,10,1,17,,13,,1,22,121.5771778,25.0443612
113,4,24,7,15,2,03中山區,中山區吉林路24號,0,0,1,1,B02,6,7,5,50,14,9,1,4,4,5,13,4,4,5,4,5,2,16,1,58,3,10,7,1,7,11,1,8,1,8,,17,,1,22,121.530061,25.0512536
113,4,24,7,15,2,03中山區,中山區吉林路24號,0,0,1,2,C03,6,7,5,50,14,9,1,4,4,5,13,4,4,5,4,5,2,16,2,53,2,8,6,1,7,9,1,10,1,12,,16,,1,22,121.530061,25.0512536
113,4,24,7,16,2,04大安區,大安區信義路3段147巷與仁愛路3段口,0,0,1,1,C03,6,7,5,30,3,1,1,4,4,5,13,4,4,1,4,1,2,15,1,24,2,9,3,4,7,9,1,10,1,12,,72,,1,21,121.5419368,25.0377931
113,4,24,7,16,2,04大安區,大安區信義路3段147巷與仁愛路3段口,0,0,1,2,B03,6,7,5,30,3,1,1,4,4,5,13,4,4,1,4,1,2,15,2,58,3,10,3,4,7,9,1,8,1,1,,44,,1,21,121.5419368,25.0377931
113,4,24,7,16,2,04大安區,大安區信義路3段147巷與仁愛路3段口,0,0,1,3,B12,6,7,5,30,3,1,1,4,4,5,13,4,4,1,4,1,2,15,1,51,3,10,3,4,7,13,1,8,1,17,,38,,1,21,121.5419368,25.0377931
113,4,24,8,24,2,09北投區,北投區公館路423巷6號停車格,0,0,1,1,B03,6,6,5,30,14,9,1,4,4,5,13,4,4,10,5,5,2,1,1,75,3,10,7,1,7,9,1,8,2,5,,108,,1,21,121.5033593,25.12042232
113,4,24,8,24,2,09北投區,北投區公館路423巷6號停車格,0,0,1,2,H01,6,6,5,30,14,9,1,4,4,5,13,4,4,10,5,5,2,1,2,48,2,9,4,5,8,16,8,20,10,16,,123,,1,21,121.5033593,25.12042232
113,4,24,8,24,2,09北投區,北投區公館路423巷6號停車格,0,0,1,3,C03,6,6,5,30,14,9,1,4,4,5,13,4,4,10,5,5,2,1,3,0,,,,,,,,,,,,67,,1,,121.5033593,25.12042232
113,4,24,8,24,2,09北投區,北投區公館路423巷6號停車格,0,0,1,4,C03,6,6,5,30,14,9,1,4,4,5,13,4,4,10,5,5,2,1,3,0,,,,,,,,,,,,67,,1,,121.5033593,25.12042232
113,4,24,8,25,2,12內湖區,內湖區金湖路289號,0,0,1,1,B03,6,7,5,50,14,9,1,4,4,5,13,4,4,1,4,5,2,17,1,46,3,10,7,1,7,11,1,8,1,8,,10,,1,21,121.6012474,25.07525455
113,4,24,8,25,2,12內湖區,內湖區金湖路289號,0,0,1,2,C03,6,7,5,50,14,9,1,4,4,5,13,4,4,1,4,5,2,17,2,23,2,9,5,1,7,9,1,10,1,12,,44,,1,21,121.6012474,25.07525455
113,4,24,8,40,2,08士林區,士林區德行西路與磺溪街口,0,0,1,1,B01,6,6,5,50,3,2,1,4,4,5,13,2,1,5,4,5,2,16,1,65,3,10,7,1,7,9,1,4,2,5,,44,,1,21,121.5230917,25.10551425
113,4,24,8,40,2,08士林區,士林區德行西路與磺溪街口,0,0,1,2,C03,6,6,5,50,3,2,1,4,4,5,13,2,1,5,4,5,2,16,2,42,2,9,5,1,7,8,1,10,2,12,,42,,1,21,121.5230917,25.10551425
113,4,24,8,43,2,01大同區,大同區承德路3段與民族西路口,0,0,1,1,B01,6,6,5,50,4,2,1,4,4,5,13,1,1,5,4,5,2,17,1,60,4,11,3,4,7,10,7,19,11,15,,100,,2,22,121.5187856,25.06853994
113,4,24,8,43,2,01大同區,大同區承德路3段與民族西路口,0,0,1,2,C03,6,6,5,50,4,2,1,4,4,5,13,1,1,5,4,5,2,17,1,28,2,9,6,1,7,9,1,10,1,14,,44,,1,21,121.5187856,25.06853994
113,4,24,8,55,2,08士林區,士林區中山北路5段470巷口,0,0,2,1,C03,6,5,5,50,22,8,1,4,4,5,13,4,4,5,5,1,1,17,2,60,2,9,5,1,7,6,1,10,1,12,,9,,1,21,121.5279391,25.09221148
113,4,24,8,55,2,08士林區,士林區中山北路5段470巷口,0,0,2,2,C03,6,5,5,50,22,8,1,4,4,5,13,4,4,5,5,1,1,17,1,21,2,9,5,1,7,9,1,10,1,14,,14,,1,21,121.5279391,25.09221148
113,4,24,8,58,2,10文山區,文山區木新路2段與木新路2段111巷口口,0,0,1,1,B03,6,6,5,30,3,1,1,4,4,5,13,2,1,5,4,5,2,17,1,48,3,10,7,1,7,5,1,8,1,17,,71,,1,21,121.5698263,24.9844128
113,4,24,8,58,2,10文山區,文山區木新路2段與木新路2段111巷口口,0,0,1,2,C03,6,6,5,30,3,1,1,4,4,5,13,2,1,5,4,5,2,17,1,21,2,7,5,1,7,9,1,10,1,17,,44,,1,21,121.5698263,24.9844128
113,4,24,9,0,2,10文山區,文山區木柵路2段與興隆路4段口,0,0,1,1,B03,6,5,5,50,4,2,1,4,4,5,13,2,1,1,4,5,1,12,1,44,3,10,7,1,7,1,6,18,2,1,,19,,1,26,121.5601626,24.988579
113,4,24,9,0,2,10文山區,文山區木柵路2段與興隆路4段口,0,0,1,2,C03,6,5,5,50,4,2,1,4,4,5,13,2,1,1,4,5,1,12,1,30,2,9,6,1,7,9,1,10,2,11,,44,,1,23,121.5601626,24.988579
113,4,24,9,30,2,07信義區,信義區松智路與松壽路口,0,0,1,1,C03,6,5,5,50,4,2,1,4,4,5,13,2,1,9,4,5,2,18,1,47,2,9,5,1,7,9,1,10,9,12,,42,,1,21,121.5655082,25.0357805