發生年度,發生月,發生日,發生時-Hours,發生分,處理別-編號,區序,肇事地點,死亡人數,2-30日死亡人數,受傷人數,當事人序號,車種,天候,道路照明設備,道路類別,速限-速度限制,道路型態,事故位置,路面狀況1,路面狀況2,路面狀況3,道路障礙1,道路障礙2,號誌1,號誌2,車道劃分-分向,車道劃分-分道1,車道劃分-分道2,車道劃分-分道3,事故類型及型態,性別,年齡,受傷程度,主要傷處,保護裝置,行動電話,車輛用途,當事者行動狀態,駕駛資格情形,駕駛執照種類,飲酒情形,車輛撞擊部位1,車輛撞擊部位2,肇因碼-個別,肇因碼-主要,個人肇逃否,職業,座標-X,座標-Y
113,4,24,9,30,2,07信義區,信義區松智路與松壽路口,0,0,1,2,,6,5,5,50,4,2,1,4,4,5,13,2,1,9,4,5,2,18,3,0,,,,,,,,,,,,67,,1,,121.5655082,25.0357805
113,4,24,9,47,2,06松山區,松山區復興北路與敦化北路4巷口,0,0,1,1,B03,6,5,5,50,4,1,1,4,4,5,13,2,1,3,4,5,2,17,1,45,3,10,3,4,7,1,1,8,2,3,,19,,1,22,121.5440943,25.05019694
113,4,24,9,47,2,06松山區,松山區復興北路與敦化北路4巷口,0,0,1,2,C03,6,5,5,50,4,1,1,4,4,5,13,2,1,3,4,5,2,17,1,20,2,9,6,4,7,9,1,10,2,11,,44,,1,22,121.5440943,25.05019694
113,4,24,9,47,2,06松山區,松山區復興北路與敦化北路4巷口,0,0,1,3,B03,6,5,5,50,4,1,1,4,4,5,13,2,1,3,4,5,2,17,1,73,3,10,3,4,7,14,1,8,2,3,,44,,1,22,121.5440943,25.05019694
113,4,24,9,54,2,03中山區,中山區八德路2段與龍江路口,0,0,1,1,B03,6,7,5,50,4,2,1,4,4,5,13,2,1,5,4,5,2,16,1,57,3,10,7,1,7,5,1,8,1,6,,71,,1,22,121.5405183,25.046792
113,4,24,9,54,2,03中山區,中山區八德路2段與龍江路口,0,0,1,2,C03,6,7,5,50,4,2,1,4,4,5,13,2,1,5,4,5,2,16,1,27,2,8,6,1,7,9,1,10,1,11,,13,,1,22,121.5405183,25.046792
113,4,24,10,0,2,03中山區,中山區中山北路3段與農安街口,0,0,1,1,C03,6,7,5,50,4,1,1,4,4,5,13,2,1,9,4,5,2,13,1,19,3,10,6,1,7,9,1,10,1,11,,16,,1,25,121.5223865,25.06491493
113,4,24,10,0,2,03中山區,中山區中山北路3段與農安街口,0,0,1,2,C03,6,7,5,50,4,1,1,4,4,5,13,2,1,9,4,5,2,13,1,39,2,9,6,1,7,9,1,10,1,13,,44,,1,21,121.5223865,25.06491493
113,4,24,10,0,2,03中山區,中山區中山北路3段與農安街口,0,0,1,3,C03,6,7,5,50,4,1,1,4,4,5,13,2,1,9,4,5,2,13,1,18,3,10,6,1,7,9,1,10,1,12,,42,,1,25,121.5223865,25.06491493
113,4,24,10,0,2,03中山區,中山區中山北路3段與農安街口,0,0,1,4,,6,7,5,50,4,1,1,4,4,5,13,2,1,9,4,5,2,13,3,0,,,,,,,,,,,,67,,1,,121.5223865,25.06491493
113,4,24,10,2,2,10文山區,文山區木柵路1段與光輝路口,0,0,1,1,B03,6,6,5,50,14,9,1,4,4,5,13,4,4,5,4,5,2,11,1,55,3,10,7,1,7,7,1,8,2,8,,95,,1,21,121.5554239,24.98826043
113,4,24,10,2,2,10文山區,文山區木柵路1段與光輝路口,0,0,1,2,B03,6,6,5,50,14,9,1,4,4,5,13,4,4,5,4,5,2,11,1,57,3,10,7,1,7,9,1,8,2,7,,44,,1,21,121.5554239,24.98826043
113,4,24,10,2,2,10文山區,文山區木柵路1段與光輝路口,0,0,1,3,C03,6,6,5,50,14,9,1,4,4,5,13,4,4,5,4,5,2,11,1,20,2,9,6,1,7,9,1,10,2,11,,44,,1,21,121.5554239,24.98826043
113,4,24,10,29,2,05中正區,中正區金門街與金門街24巷口口,0,0,1,1,B01,6,6,5,30,4,1,1,4,4,3,10,4,4,10,5,5,2,15,1,52,3,10,3,4,7,9,1,4,1,8,,72,,1,21,121.5230818,25.0215007
113,4,24,10,29,2,05中正區,中正區金門街與金門街24巷口口,0,0,1,2,C04,6,6,5,30,4,1,1,4,4,3,10,4,4,10,5,5,2,15,2,32,2,8,6,4,7,9,1,10,1,12,,108,,1,21,121.5230818,25.0215007
113,4,24,10,29,2,05中正區,中正區金門街與金門街24巷口口,0,0,1,3,E05,6,6,5,30,4,1,1,4,4,3,10,4,4,10,5,5,2,15,1,37,3,10,3,4,7,13,1,8,9,17,,44,,2,21,121.5230818,25.0215007
113,4,24,10,32,2,01大同區,大同區環河北路1段與歸綏街口,0,0,3,1,B12,6,6,5,50,14,7,1,4,4,5,13,4,4,2,3,5,1,17,1,51,3,10,3,4,7,15,1,8,2,2,,13,,1,21,121.5083765,25.058107
113,4,24,10,32,2,01大同區,大同區環河北路1段與歸綏街口,0,0,3,2,B03,6,6,5,50,14,7,1,4,4,5,13,4,4,2,3,5,1,17,1,37,2,7,3,4,7,9,1,8,2,1,,44,,1,21,121.5083765,25.058107
113,4,24,10,32,2,01大同區,大同區環河北路1段與歸綏街口,0,0,3,3,B03,6,6,5,50,14,7,1,4,4,5,13,4,4,2,3,5,1,17,1,52,3,10,3,4,7,12,1,8,2,3,,44,,1,21,121.5083765,25.058107
113,4,24,10,32,2,01大同區,大同區環河北路1段與歸綏街口,0,0,3,4,C02,6,6,5,50,14,7,1,4,4,5,13,4,4,2,3,5,1,17,1,24,2,9,6,1,7,12,1,9,2,11,,44,,1,21,121.5083765,25.058107
113,4,24,10,32,2,01大同區,大同區環河北路1段與歸綏街口,0,0,3,5,H02,6,6,5,50,14,7,1,4,4,5,13,4,4,2,3,5,1,17,1,62,2,4,3,5,7,20,8,20,10,16,,67,,1,21,121.5083765,25.058107
113,4,24,12,31,2,10文山區,文山區木新路2段與指南路1段口口,0,0,1,1,C04,6,6,5,50,4,2,1,4,4,5,13,2,1,10,5,5,2,18,1,30,2,8,5,1,7,6,1,8,1,12,,42,,1,21,121.5708379,24.9876962
113,4,24,12,31,2,10文山區,文山區木新路2段與指南路1段口口,0,0,1,2,,6,6,5,50,4,2,1,4,4,5,13,2,1,10,5,5,2,18,3,0,,,,,,,,,,,,67,,1,,121.5708379,24.9876962
113,4,24,12,38,2,10文山區,文山區木柵路1段323-1號對面,0,0,2,1,C03,6,6,5,50,14,9,1,4,4,1,10,4,4,5,4,5,2,5,1,32,2,9,6,1,7,8,1,10,2,11,14,101,,1,21,121.5560386,24.9883262
113,4,24,12,38,2,10文山區,文山區木柵路1段323-1號對面,0,0,2,2,H03,6,6,5,50,14,9,1,4,4,1,10,4,4,5,4,5,2,5,1,66,2,9,4,5,8,20,8,20,10,16,,67,,1,21,121.5560386,24.9883262
113,4,24,12,38,2,10文山區,文山區木柵路1段323-1號對面,0,0,2,3,A12,6,6,5,50,14,9,1,4,4,1,10,4,4,5,4,5,2,5,1,66,3,10,3,1,7,15,1,7,2,15,,44,,1,21,121.5560386,24.9883262
113,4,24,12,40,2,09北投區,北投區自強街5巷60號,0,0,2,1,C03,7,6,5,30,11,9,1,4,4,5,13,4,4,10,5,5,2,10,2,49,2,7,5,1,7,9,1,10,1,11,,17,,1,21,121.5118893,25.1113746
113,4,24,12,40,2,09北投區,北投區自強街5巷60號,0,0,2,2,C03,7,6,5,30,11,9,1,4,4,5,13,4,4,10,5,5,2,10,2,39,2,9,5,1,7,9,1,10,1,11,,17,,1,21,121.5118893,25.1113746
113,4,24,12,40,2,12內湖區,內湖區康寧路3段往北(P0905A柱),0,0,1,1,B01,6,6,5,50,14,9,1,4,4,5,13,4,4,1,4,5,2,12,1,66,3,10,7,1,7,9,1,4,1,2,,17,,1,21,121.6110282,25.06602023
113,4,24,12,40,2,12內湖區,內湖區康寧路3段往北(P0905A柱),0,0,1,2,C03,6,6,5,50,14,9,1,4,4,5,13,4,4,1,4,5,2,12,1,71,2,9,5,1,7,9,1,10,1,14,,44,,1,21,121.6110282,25.06602023
113,4,24,12,52,2,05中正區,中正區重慶南路2段與寧波西街口,0,0,1,1,C03,6,7,5,50,4,1,1,4,4,5,13,2,1,1,4,4,2,17,2,52,3,10,5,1,7,6,1,8,9,17,,9,,2,21,121.5153847,25.0297535
113,4,24,12,52,2,05中正區,中正區重慶南路2段與寧波西街口,0,0,1,2,C03,6,7,5,50,4,1,1,4,4,5,13,2,1,1,4,4,2,17,1,37,2,9,5,1,7,9,1,10,1,14,,44,,1,21,121.5153847,25.0297535
113,4,24,12,54,2,05中正區,中正區中山南路與徐州路口,0,0,1,1,B03,6,7,5,50,4,1,1,4,4,5,13,1,1,10,5,5,2,17,1,58,4,11,3,4,7,6,7,19,9,15,,9,,2,22,121.518583,25.0417219
113,4,24,12,54,2,05中正區,中正區中山南路與徐州路口,0,0,1,2,C03,6,7,5,50,4,1,1,4,4,5,13,1,1,10,5,5,2,17,1,25,2,9,5,1,7,12,1,10,2,12,,44,,1,26,121.518583,25.0417219
113,4,24,14,0,2,09北投區,北投區西安街1段367號,0,0,1,1,C03,7,7,5,50,14,9,1,5,4,5,13,4,4,1,5,5,2,13,1,26,3,10,3,4,7,9,1,10,2,13,,14,,1,21,121.5150399,25.1148392
113,4,24,14,0,2,09北投區,北投區西安街1段367號,0,0,1,2,C03,7,7,5,50,14,9,1,5,4,5,13,4,4,1,5,5,2,13,1,25,2,9,3,4,7,10,1,10,2,11,,44,,1,21,121.5150399,25.1148392
113,4,24,14,8,2,04大安區,大安區忠孝東路3段300號,0,0,2,1,C03,7,7,5,50,14,9,1,5,4,5,13,2,1,10,3,5,1,13,1,19,2,9,6,2,7,9,1,10,1,11,,107,,1,22,121.5430803,25.0415269
113,4,24,14,8,2,04大安區,大安區忠孝東路3段300號,0,0,2,2,B01,7,7,5,50,14,9,1,5,4,5,13,2,1,10,3,5,1,13,1,39,3,10,3,4,7,9,1,4,1,7,,44,,1,21,121.5430803,25.0415269
113,4,24,14,8,2,04大安區,大安區忠孝東路3段300號,0,0,2,3,C03,7,7,5,50,14,9,1,5,4,5,13,2,1,10,3,5,1,13,1,28,2,9,6,4,7,9,1,10,1,11,,44,,1,22,121.5430803,25.0415269
113,4,24,14,18,2,02萬華區,萬華區桂林路與柳州街口,0,0,1,1,B03,7,6,5,50,4,1,1,5,4,5,13,2,1,9,4,5,2,16,1,53,3,10,3,4,7,6,1,8,1,2,,42,,1,22,121.5042045,25.0379997
113,4,24,14,18,2,02萬華區,萬華區桂林路與柳州街口,0,0,1,2,C03,7,6,5,50,4,1,1,5,4,5,13,2,1,9,4,5,2,16,1,23,2,9,6,1,7,9,1,10,1,14,,44,,1,22,121.5042045,25.0379997
113,4,24,14,49,2,10文山區,文山區木柵路1段118號前,0,0,1,1,C03,6,6,5,50,14,9,1,4,4,5,13,2,1,5,4,5,2,18,1,42,2,9,5,1,7,9,1,10,1,14,,116,,1,21,121.5512545,24.98761911
113,4,24,14,49,2,10文山區,文山區木柵路1段118號前,0,0,1,2,,6,6,5,50,14,9,1,4,4,5,13,2,1,5,4,5,2,18,3,0,,,,,,,,,,,,67,,1,,121.5512545,24.98761911
113,4,24,15,0,2,02萬華區,萬華區西寧南路與貴陽街2段口,0,0,1,1,B03,8,7,5,50,4,1,1,5,4,5,13,1,1,9,5,5,2,9,1,25,3,10,7,1,7,5,1,8,1,8,,70,,1,21,121.5062841,25.0394051
113,4,24,15,0,2,02萬華區,萬華區西寧南路與貴陽街2段口,0,0,1,2,H01,8,7,5,50,4,1,1,5,4,5,13,1,1,9,5,5,2,9,1,29,2,8,4,5,8,16,8,20,10,16,,122,,1,21,121.5062841,25.0394051
113,4,24,15,17,2,12內湖區,內湖區安康路228巷與永保街口,0,0,2,1,C03,7,6,5,30,3,1,1,5,4,5,13,4,4,5,5,5,2,15,2,31,2,9,5,1,7,1,1,10,2,13,,80,,1,21,121.6031898,25.06405114
113,4,24,15,17,2,12內湖區,內湖區安康路228巷與永保街口,0,0,2,2,C03,7,6,5,30,3,1,1,5,4,5,13,4,4,5,5,5,2,15,1,65,2,9,5,1,7,9,1,10,6,11,,107,,1,21,121.6031898,25.06405114
113,4,24,15,29,2,06松山區,松山區民生東路3段與敦化北路口,0,0,2,1,H01,7,7,5,50,4,1,1,5,4,5,13,1,1,1,4,4,2,3,2,57,2,9,4,5,8,16,8,20,10,16,,53,,1,21,121.5485083,25.0578281
113,4,24,15,29,2,06松山區,松山區民生東路3段與敦化北路口,0,0,2,2,C03,7,7,5,50,4,1,1,5,4,5,13,1,1,1,4,4,2,3,1,24,2,9,6,1,7,9,1,10,1,11,,108,,1,21,121.5485083,25.0578281
113,4,24,16,35,2,07信義區,信義區市民大道5段與東興路口口,0,0,1,1,B03,6,6,5,50,4,1,1,4,4,5,13,2,1,1,4,5,2,16,2,43,3,10,3,4,7,5,1,8,2,6,,80,,1,21,121.5657837,25.0482052
113,4,24,16,35,2,07信義區,信義區市民大道5段與東興路口口,0,0,1,2,C03,6,6,5,50,4,1,1,4,4,5,13,2,1,1,4,5,2,16,1,25,2,9,6,4,7,9,1,10,2,11,,44,,1,21,121.5657837,25.0482052
113,4,24,16,37,2,05中正區,中正區南海路與牯嶺街口口,0,0,1,1,B03,6,6,5,30,4,1,2,4,4,5,13,1,1,10,4,5,2,16,1,52,3,10,3,4,7,5,1,8,1,4,,71,,1,21,121.5150442,25.0320137
113,4,24,16,37,2,05中正區,中正區南海路與牯嶺街口口,0,0,1,2,C03,6,6,5,30,4,1,2,4,4,5,13,1,1,10,4,5,2,16,2,70,2,3,5,1,7,9,1,10,1,12,,42,,1,21,121.5150442,25.0320137
113,4,24,16,46,2,12內湖區,內湖區堤外便道西向東往汐止,0,0,1,1,B03,6,6,5,50,14,9,1,4,4,5,13,2,1,5,5,5,2,12,1,28,3,10,7,1,7,9,1,8,1,2,,108,,1,21,121.6178385,25.06578735
113,4,24,16,46,2,12內湖區,內湖區堤外便道西向東往汐止,0,0,1,2,C03,6,6,5,50,14,9,1,4,4,5,13,2,1,5,5,5,2,12,2,66,2,9,5,1,7,9,1,10,1,14,,44,,1,21,121.6178385,25.06578735
113,4,24,16,47,2,03中山區,中山區市民大道3段與新生北路1段口,0,0,1,2,B03,6,7,5,40,4,1,1,4,4,5,13,2,1,10,5,5,2,16,2,54,3,10,7,1,7,14,1,8,1,7,,44,,1,21,121.5309037,25.04616814
113,4,24,16,47,2,03中山區,中山區市民大道3段與新生北路1段口,0,0,1,1,C03,6,7,5,40,4,1,1,4,4,5,13,2,1,10,5,5,2,16,1,63,2,7,6,1,7,9,1,10,1,11,,108,,1,21,121.5309037,25.04616814
113,4,24,17,0,2,06松山區,松山區敦化北路120巷7弄與敦化北路120巷口,0,0,1,1,B03,6,7,5,30,4,1,1,4,4,5,13,4,4,10,5,5,2,15,1,32,3,10,7,1,7,9,1,8,1,4,,72,,1,21,121.54799,25.053912
113,4,24,17,0,2,06松山區,松山區敦化北路120巷7弄與敦化北路120巷口,0,0,1,2,C03,6,7,5,30,4,1,1,4,4,5,13,4,4,10,5,5,2,15,2,27,2,9,6,1,7,9,1,10,1,11,,13,,1,21,121.54799,25.053912
113,4,24,17,0,2,10文山區,文山區興隆路3段112巷與興隆路3段116巷1弄口,0,0,1,1,C03,6,6,5,30,4,1,1,4,4,5,13,4,4,10,5,5,2,16,1,29,2,7,6,1,7,5,1,10,2,12,,14,,1,21,121.5572803,24.99898148
113,4,24,17,0,2,10文山區,文山區興隆路3段112巷與興隆路3段116巷1弄口,0,0,1,2,B03,6,6,5,30,4,1,1,4,4,5,13,4,4,10,5,5,2,16,1,71,3,10,7,1,7,9,1,8,2,4,,27,,1,21,121.5572803,24.99898148
113,4,24,17,20,2,01大同區,大同區南京西路與華亭街口,0,0,1,1,C03,6,6,5,50,3,2,1,4,4,5,13,4,4,5,2,5,2,9,1,59,3,10,5,1,7,9,1,10,2,11,,70,,1,21,121.5130463,25.0539695
113,4,24,17,20,2,01大同區,大同區南京西路與華亭街口,0,0,1,2,H01,6,6,5,50,3,2,1,4,4,5,13,4,4,5,2,5,2,9,2,83,2,9,4,5,8,20,8,20,10,16,,67,,1,21,121.5130463,25.0539695
113,4,24,17,20,2,09北投區,北投區西安街2段與致遠三路口,0,0,1,1,B02,8,5,5,50,4,2,1,5,4,5,13,4,4,1,4,4,2,13,1,22,3,10,7,1,7,9,3,18,2,8,,42,,1,21,121.5117041,25.1192461
113,4,24,17,20,2,09北投區,北投區西安街2段與致遠三路口,0,0,1,2,C03,8,5,5,50,4,2,1,5,4,5,13,4,4,1,4,4,2,13,2,47,2,9,5,1,7,7,1,10,2,13,,42,,1,21,121.5117041,25.1192461
113,4,24,17,31,2,02萬華區,萬華區華中橋往台北市機車道(燈桿7010522),0,0,1,1,C03,6,7,7,30,8,11,1,4,4,5,13,4,4,9,5,5,2,18,2,50,2,8,5,1,7,9,1,10,1,11,,44,,1,21,121.4956052,25.0162666
113,4,24,17,31,2,02萬華區,萬華區華中橋往台北市機車道(燈桿7010522),0,0,1,2,,6,7,7,30,8,11,1,4,4,5,13,4,4,9,5,5,2,18,3,0,,,,,,,,,,,,67,,1,,121.4956052,25.0162666
113,4,24,17,33,2,03中山區,中山區市民大道3段與松江路口,0,0,1,1,C03,6,7,5,40,4,2,1,4,4,5,13,2,1,10,5,5,2,13,2,32,2,9,6,1,7,9,1,10,1,11,,16,,1,21,121.5331768,25.0454674
113,4,24,17,33,2,03中山區,中山區市民大道3段與松江路口,0,0,1,2,C03,6,7,5,40,4,2,1,4,4,5,13,2,1,10,5,5,2,13,2,55,3,10,6,1,7,9,1,10,1,13,,44,,1,21,121.5331768,25.0454674
113,4,24,17,50,2,12內湖區,內湖區瑞光路76巷與民權東路6段21巷口口,0,0,1,1,C03,6,6,5,50,3,1,1,4,4,5,13,4,4,5,5,5,2,9,1,27,2,9,5,1,7,12,1,10,1,12,,118,,1,21,121.5795454,25.06964456
113,4,24,17,50,2,12內湖區,內湖區瑞光路76巷與民權東路6段21巷口口,0,0,1,2,H01,6,6,5,50,3,1,1,4,4,5,13,4,4,5,5,5,2,9,1,32,3,10,4,5,8,16,8,20,10,16,,60,,1,21,121.5795454,25.06964456
113,4,24,17,50,2,07信義區,信義區市民大道5段與東興路口東南角,0,0,2,1,C03,6,7,5,40,14,9,1,4,4,5,13,4,4,5,5,5,2,13,1,29,4,11,3,1,7,9,7,10,11,15,,119,,2,21,121.5661871,25.048307
113,4,24,17,50,2,07信義區,信義區市民大道5段與東興路口東南角,0,0,2,2,C03,6,7,5,40,14,9,1,4,4,5,13,4,4,5,5,5,2,13,2,35,2,8,5,1,7,15,1,10,1,13,,80,,1,21,121.5661871,25.048307
113,4,24,17,50,2,07信義區,信義區市民大道5段與東興路口東南角,0,0,2,3,C03,6,7,5,40,14,9,1,4,4,5,13,4,4,5,5,5,2,13,1,27,3,10,5,1,7,15,1,10,1,13,,44,,1,21,121.5661871,25.048307
113,4,24,17,50,2,07信義區,信義區市民大道5段與東興路口東南角,0,0,2,4,C03,6,7,5,40,14,9,1,4,4,5,13,4,4,5,5,5,2,13,2,27,2,9,5,1,7,9,1,10,1,11,,16,,1,21,121.5661871,25.048307
113,4,24,17,55,2,03中山區,中山區天祥路與民權西路口,0,0,1,1,B03,6,5,5,50,4,1,1,4,4,5,13,2,1,3,4,5,2,15,1,31,3,10,7,1,7,9,1,8,2,5,,42,,1,21,121.5208035,25.0627489
113,4,24,17,55,2,03中山區,中山區天祥路與民權西路口,0,0,1,2,C03,6,5,5,50,4,1,1,4,4,5,13,2,1,3,4,5,2,15,1,21,2,9,5,1,7,9,1,10,2,11,,13,,1,21,121.5208035,25.0627489
113,4,24,18,10,2,03中山區,中山區長安東路1段56巷1弄與新生北路1段62巷口,0,0,1,1,B03,6,5,5,50,3,1,1,4,4,5,13,4,4,1,4,5,2,17,2,47,3,10,3,4,7,6,1,8,1,2,,9,,1,21,121.53074,25.0465297
113,4,24,18,10,2,03中山區,中山區長安東路1段56巷1弄與新生北路1段62巷口,0,0,1,2,C01,6,5,5,50,3,1,1,4,4,5,13,4,4,1,4,5,2,17,1,61,2,8,6,4,7,9,1,9,1,14,,44,,1,21,121.53074,25.0465297
113,4,24,18,16,2,02萬華區,萬華區青年路56號,0,0,2,1,H01,6,5,5,30,14,9,1,4,4,5,13,4,4,9,5,5,2,3,2,79,2,9,4,5,8,16,8,20,10,16,,121,,1,22,121.5031677,25.02475171
113,4,24,18,16,2,02萬華區,萬華區青年路56號,0,0,2,2,C03,6,5,5,30,14,9,1,4,4,5,13,4,4,9,5,5,2,3,1,20,2,9,5,1,7,9,1,10,1,12,,13,,1,22,121.5031677,25.02475171
113,4,24,18,44,2,02萬華區,萬華區桂林路246巷與桂林路244巷55弄口,0,0,2,1,C03,6,5,5,30,3,1,1,4,4,5,13,1,1,10,4,4,2,3,1,34,2,9,5,4,7,9,1,10,1,11,,108,,1,21,121.4926936,25.03701302
113,4,24,18,44,2,02萬華區,萬華區桂林路246巷與桂林路244巷55弄口,0,0,2,2,H01,6,5,5,30,3,1,1,4,4,5,13,1,1,10,4,4,2,3,1,67,2,1,4,5,8,16,8,20,10,16,,121,,1,21,121.4926936,25.03701302
113,4,24,18,54,2,05中正區,中正區羅斯福路2段100號,0,0,1,1,B03,6,6,5,50,14,9,1,4,4,5,13,4,4,3,4,5,2,17,1,26,3,10,7,1,7,6,1,8,11,17,,9,,2,21,121.5225922,25.0266666
113,4,24,18,54,2,05中正區,中正區羅斯福路2段100號,0,0,1,2,C03,6,6,5,50,14,9,1,4,4,5,13,4,4,3,4,5,2,17,1,26,2,9,5,1,7,9,1,10,1,14,,16,,1,21,121.5225922,25.0266666
113,4,24,19,0,2,07信義區,信義區忠孝東路5段與忠孝東路5段215巷口,0,0,2,1,C03,6,5,5,50,3,2,1,4,4,5,13,1,1,3,3,5,2,11,1,63,2,9,6,1,7,8,1,10,1,12,,100,,1,21,121.5701902,25.0409134
113,4,24,19,0,2,07信義區,信義區忠孝東路5段與忠孝東路5段215巷口,0,0,2,2,C04,6,5,5,50,3,2,1,4,4,5,13,1,1,3,3,5,2,11,2,25,2,9,6,1,7,9,1,10,1,11,,44,,1,21,121.5701902,25.0409134
113,4,24,19,29,2,03中山區,中山區民權東路3段60巷與民權東路3段口,0,0,1,1,B01,6,5,5,50,3,1,1,4,4,5,13,4,4,1,4,5,2,16,1,57,3,10,3,4,7,8,1,4,1,7,,100,,1,22,121.5424254,25.06226553
113,4,24,19,29,2,03中山區,中山區民權東路3段60巷與民權東路3段口,0,0,1,2,C03,6,5,5,50,3,1,1,4,4,5,13,4,4,1,4,5,2,16,2,28,2,8,6,4,7,9,1,10,1,11,,107,,1,22,121.5424254,25.06226553
113,4,24,20,0,2,12內湖區,內湖區康寧路1段與金湖路口,0,0,1,1,C03,6,5,5,50,3,2,1,4,4,5,13,1,1,5,5,5,2,13,1,41,2,8,5,1,7,12,1,10,1,12,,116,,1,21,121.5994736,25.0789544
113,4,24,20,0,2,12內湖區,內湖區康寧路1段與金湖路口,0,0,1,2,C03,6,5,5,50,3,2,1,4,4,5,13,1,1,5,5,5,2,13,1,20,3,10,5,1,7,12,1,10,1,13,,99,,1,21,121.5994736,25.0789544
113,4,24,20,7,2,09北投區,北投區大度路3段與關渡路口,0,0,1,1,B03,8,5,5,50,3,2,1,5,4,5,13,1,1,8,3,5,2,16,1,54,3,10,7,1,7,6,1,3,1,5,,9,,1,21,121.4695167,25.1229213
113,4,24,20,7,2,09北投區,北投區大度路3段與關渡路口,0,0,1,2,C03,8,5,5,50,3,2,1,5,4,5,13,1,1,8,3,5,2,16,1,19,2,9,6,1,7,4,1,10,1,14,,44,,1,21,121.4695167,25.1229213
113,4,24,20,30,2,08士林區,士林區中正路士林捷運站1號出口廣場,0,0,2,1,F01,6,5,8,0,22,22,4,4,4,5,13,4,4,10,5,5,2,9,2,55,2,8,3,4,7,6,8,20,2,14,,9,,1,22,121.5259873,25.09435676
113,4,24,20,30,2,08士林區,士林區中正路士林捷運站1號出口廣場,0,0,2,2,H01,6,5,8,0,22,22,4,4,4,5,13,4,4,10,5,5,2,9,2,27,2,8,4,5,8,16,8,20,10,16,,53,,1,22,121.5259873,25.09435676
113,4,24,21,51,2,06松山區,松山區南京東路4段與敦化北路口,0,0,1,1,B01,7,6,5,50,4,2,1,4,4,5,13,1,1,1,3,4,2,17,1,65,4,11,3,4,7,8,7,19,11,17,,100,,2,21,121.5495527,25.0516093
113,4,24,21,51,2,06松山區,松山區南京東路4段與敦化北路口,0,0,1,2,C03,7,6,5,50,4,2,1,4,4,5,13,1,1,1,3,4,2,17,1,30,2,9,6,1,7,9,1,10,1,14,,116,,1,21,121.5495527,25.0516093
113,4,24,22,8,2,10文山區,文山區光輝路與光輝路21巷口,0,0,1,1,B12,7,5,5,30,4,2,2,5,4,5,13,4,4,10,5,5,2,17,1,31,3,10,3,4,7,9,1,8,1,5,,72,,1,21,121.554895,24.9858274
113,4,24,22,8,2,10文山區,文山區光輝路與光輝路21巷口,0,0,1,2,C03,7,5,5,30,4,2,2,5,4,5,13,4,4,10,5,5,2,17,1,40,2,8,5,4,7,9,1,10,1,14,,108,,1,21,121.554895,24.9858274
113,4,24,22,13,2,04大安區,大安區信義路3段174號,0,0,2,1,C03,7,5,5,50,14,9,1,5,4,5,13,4,4,4,4,5,2,12,1,18,2,8,5,1,7,9,1,10,1,12,,108,,1,21,121.5423618,25.0333204
113,4,24,22,13,2,04大安區,大安區信義路3段174號,0,0,2,2,B03,7,5,5,50,14,9,1,5,4,5,13,4,4,4,4,5,2,12,1,49,3,10,3,4,7,14,1,8,1,5,,38,,1,21,121.5423618,25.0333204
113,4,24,22,13,2,04大安區,大安區信義路3段174號,0,0,2,3,H02,7,5,5,50,14,9,1,5,4,5,13,4,4,4,4,5,2,12,2,19,2,8,5,5,7,20,8,20,10,16,,67,,1,21,121.5423618,25.0333204
113,4,24,22,36,2,05中正區,中正區汀州路1段97號,0,0,2,1,C03,8,5,5,50,4,2,1,5,4,5,13,1,1,5,2,5,2,17,1,68,2,9,6,1,7,1,1,10,2,13,,19,,1,21,121.5084219,25.0291423
113,4,24,22,36,2,05中正區,中正區汀州路1段97號,0,0,2,2,C03,8,5,5,50,4,2,1,5,4,5,13,1,1,5,2,5,2,17,1,27,2,9,5,1,7,9,1,10,2,11,,108,,1,21,121.5084219,25.0291423
113,4,24,22,36,2,05中正區,中正區汀州路1段97號,0,0,2,4,H02,8,5,5,50,4,2,1,5,4,5,13,1,1,5,2,5,2,17,2,59,4,11,6,5,7,21,8,20,10,16,,67,,1,21,121.5084219,25.0291423
113,4,24,22,36,2,05中正區,中正區汀州路1段97號,0,0,2,3,C03,8,5,5,50,4,2,1,5,4,5,13,1,1,5,2,5,2,17,2,22,3,10,3,4,7,13,1,10,1,12,,44,,1,21,121.5084219,25.0291423
113,4,24,23,15,2,08士林區,士林區福華路與德行西路口,0,0,1,1,B01,8,5,5,50,4,2,1,5,4,5,13,2,1,5,4,5,2,9,1,68,3,10,7,1,7,6,1,4,2,5,,9,,1,21,121.522483,25.1049782
113,4,24,23,15,2,08士林區,士林區福華路與德行西路口,0,0,1,2,H01,8,5,5,50,4,2,1,5,4,5,13,2,1,5,4,5,2,9,2,59,2,9,4,5,8,16,8,20,1,16,,67,,1,21,121.522483,25.1049782
113,4,24,23,35,2,07信義區,信義區基隆路2段與光復南路口口,0,0,3,1,C03,7,5,8,50,22,22,1,5,4,5,13,1,1,1,4,5,2,17,1,18,2,9,6,1,7,5,1,10,1,12,,96,,1,22,121.5575869,25.0299305
113,4,24,23,35,2,07信義區,信義區基隆路2段與光復南路口口,0,0,3,2,C03,7,5,8,50,22,22,1,5,4,5,13,1,1,1,4,5,2,17,1,42,2,9,6,1,7,9,1,10,1,11,,44,,1,22,121.5575869,25.0299305