發生年度,發生月,發生日,發生時-Hours,發生分,處理別-編號,區序,肇事地點,死亡人數,2-30日死亡人數,受傷人數,當事人序號,車種,天候,道路照明設備,道路類別,速限-速度限制,道路型態,事故位置,路面狀況1,路面狀況2,路面狀況3,道路障礙1,道路障礙2,號誌1,號誌2,車道劃分-分向,車道劃分-分道1,車道劃分-分道2,車道劃分-分道3,事故類型及型態,性別,年齡,受傷程度,主要傷處,保護裝置,行動電話,車輛用途,當事者行動狀態,駕駛資格情形,駕駛執照種類,飲酒情形,車輛撞擊部位1,車輛撞擊部位2,肇因碼-個別,肇因碼-主要,個人肇逃否,職業,座標-X,座標-Y
113,4,24,23,35,2,07信義區,信義區基隆路2段與光復南路口口,0,0,3,3,C03,7,5,8,50,22,22,1,5,4,5,13,1,1,1,4,5,2,17,1,20,2,8,6,1,7,9,1,10,1,12,,44,,1,22,121.5575869,25.0299305
113,4,25,1,32,2,01大同區,大同區長安西路與塔城街口,0,0,4,1,C03,8,5,5,50,4,1,1,5,4,5,13,2,1,5,4,5,2,17,1,20,2,9,6,1,7,5,1,10,2,14,,8,,1,21,121.5104341,25.0520432
113,4,25,1,32,2,01大同區,大同區長安西路與塔城街口,0,0,4,2,B01,8,5,5,50,4,1,1,5,4,5,13,2,1,5,4,5,2,17,2,50,3,10,7,1,7,8,1,4,2,5,,13,,1,21,121.5104341,25.0520432
113,4,25,1,32,2,01大同區,大同區長安西路與塔城街口,0,0,4,3,C03,8,5,5,50,4,1,1,5,4,5,13,2,1,5,4,5,2,17,1,29,2,9,6,1,7,9,1,10,2,11,,16,,1,21,121.5104341,25.0520432
113,4,25,1,32,2,01大同區,大同區長安西路與塔城街口,0,0,4,4,H02,8,5,5,50,4,1,1,5,4,5,13,2,1,5,4,5,2,17,2,20,2,9,6,5,7,17,8,20,10,16,,67,,1,21,121.5104341,25.0520432
113,4,25,1,32,2,01大同區,大同區長安西路與塔城街口,0,0,4,5,H02,8,5,5,50,4,1,1,5,4,5,13,2,1,5,4,5,2,17,2,20,2,9,6,5,7,17,8,20,10,16,,67,,1,21,121.5104341,25.0520432
113,4,25,2,43,2,01大同區,大同區民生西路67號,0,0,1,1,B03,7,5,5,50,14,9,1,5,4,5,13,4,4,5,4,5,2,17,2,42,3,10,3,4,7,1,1,8,2,7,,19,,1,21,121.520018,25.0576287
113,4,25,2,43,2,01大同區,大同區民生西路67號,0,0,1,2,C03,7,5,5,50,14,9,1,5,4,5,13,4,4,5,4,5,2,17,1,21,2,9,3,4,7,9,1,10,2,11,,44,,1,21,121.520018,25.0576287
113,4,25,3,18,2,05中正區,中正區忠孝西路1段265號前,0,0,1,1,C03,8,5,5,50,14,9,1,5,5,5,13,4,4,3,4,5,2,18,1,33,2,9,5,1,7,9,1,10,9,12,,13,,1,22,121.5119258,25.04778011
113,4,25,3,18,2,05中正區,中正區忠孝西路1段265號前,0,0,1,2,,8,5,5,50,14,9,1,5,5,5,13,4,4,3,4,5,2,18,3,0,,,,,,,,,,,,110,,1,,121.5119258,25.04778011
113,4,25,3,42,2,03中山區,中山區農安街與建國北路3段口,0,0,1,1,B12,7,5,5,50,3,1,1,5,4,5,13,2,1,1,5,5,1,1,1,43,3,10,3,4,7,5,1,7,1,17,,70,,1,21,121.536996,25.0650829
113,4,25,3,42,2,03中山區,中山區農安街與建國北路3段口,0,0,1,2,H01,7,5,5,50,3,1,1,5,4,5,13,2,1,1,5,5,1,1,2,76,2,9,4,5,8,16,8,20,10,16,,67,,1,21,121.536996,25.0650829
113,4,25,3,45,2,10文山區,文山區保儀路與永安街22巷口,0,0,2,1,C03,7,5,5,50,4,1,1,4,4,5,13,2,1,10,5,5,2,15,1,49,2,9,5,1,7,9,1,10,1,11,,44,,1,21,121.5683024,24.9868193
113,4,25,3,45,2,10文山區,文山區保儀路與永安街22巷口,0,0,2,2,C03,7,5,5,50,4,1,1,4,4,5,13,2,1,10,5,5,2,15,2,60,2,9,5,1,7,9,1,10,1,11,,81,,1,21,121.5683024,24.9868193
113,4,25,5,0,2,03中山區,中山區中山北路1段105巷與天津街口,0,0,1,1,C03,7,5,5,30,4,1,1,5,4,5,13,4,4,4,5,5,1,15,1,17,3,10,3,4,7,9,2,18,1,11,,14,,1,21,121.5232135,25.0507968
113,4,25,5,0,2,03中山區,中山區中山北路1段105巷與天津街口,0,0,1,2,B01,7,5,5,30,4,1,1,5,4,5,13,4,4,4,5,5,1,15,1,40,3,10,3,4,7,9,1,4,1,2,,14,,1,21,121.5232135,25.0507968
113,4,25,5,0,2,03中山區,中山區中山北路1段105巷與天津街口,0,0,1,3,H02,7,5,5,30,4,1,1,5,4,5,13,4,4,4,5,5,1,15,2,22,2,9,3,5,7,20,8,20,10,16,,67,,1,21,121.5232135,25.0507968
113,4,25,6,4,2,05中正區,中正區重慶南路1段與貴陽街1段口,0,0,1,1,C03,6,5,5,50,4,1,1,4,4,5,13,1,1,5,4,5,1,17,1,19,2,9,5,1,7,9,1,10,1,11,,81,,1,21,121.5127685,25.038736
113,4,25,6,4,2,05中正區,中正區重慶南路1段與貴陽街1段口,0,0,1,2,A02,6,5,5,50,4,1,1,4,4,5,13,1,1,5,4,5,1,17,1,51,3,10,7,1,7,5,1,2,1,5,,44,,1,21,121.5127685,25.038736
113,4,25,6,31,2,07信義區,信義區基隆路1段與基隆路1段35巷口口,0,0,1,1,A01,6,6,5,50,4,2,1,4,4,5,13,2,1,8,3,5,2,13,1,45,3,10,3,4,7,9,1,6,1,5,,16,,1,21,121.5686715,25.0479488
113,4,25,6,31,2,07信義區,信義區基隆路1段與基隆路1段35巷口口,0,0,1,2,C03,6,6,5,50,4,2,1,4,4,5,13,2,1,8,3,5,2,13,1,25,2,8,5,4,7,14,6,18,1,13,12,44,,1,21,121.5686715,25.0479488
113,4,25,7,46,2,12內湖區,內湖區金龍路與內湖路3段59巷口,0,0,1,1,B03,7,6,5,50,3,1,1,4,4,5,13,1,1,5,4,5,1,17,1,55,3,10,7,1,7,5,1,8,1,6,,71,,1,21,121.5916165,25.0852886
113,4,25,7,46,2,12內湖區,內湖區金龍路與內湖路3段59巷口,0,0,1,2,C03,7,6,5,50,3,1,1,4,4,5,13,1,1,5,4,5,1,17,1,45,2,9,5,1,7,9,1,10,1,12,,108,,1,21,121.5916165,25.0852886
113,4,25,8,7,2,03中山區,中山區中山北路3段水晶橋下,0,0,1,1,C03,6,6,5,50,14,9,1,4,4,5,13,2,1,2,4,5,2,13,2,37,2,9,6,1,7,9,1,10,1,12,,42,,1,21,121.5234447,25.07093821
113,4,25,8,7,2,03中山區,中山區中山北路3段水晶橋下,0,0,1,2,C03,6,6,5,50,14,9,1,4,4,5,13,2,1,2,4,5,2,13,2,24,3,10,6,1,7,9,1,10,1,13,,44,,1,21,121.5234447,25.07093821
113,4,25,8,8,2,10文山區,文山區辛亥路7段與忠順街1段口,0,0,1,1,B03,6,7,5,50,3,2,1,4,4,5,13,2,1,5,5,4,2,17,1,44,3,10,7,1,7,11,1,8,1,4,,10,,1,21,121.5540226,24.9831042
113,4,25,8,8,2,10文山區,文山區辛亥路7段與忠順街1段口,0,0,1,2,C04,6,7,5,50,3,2,1,4,4,5,13,2,1,5,5,4,2,17,1,24,2,9,5,1,7,9,1,10,1,12,,44,,1,21,121.5540226,24.9831042
113,4,25,8,9,2,05中正區,中正區重慶南路2段51號前,0,0,1,1,B03,8,7,5,50,14,9,1,5,4,5,13,4,4,1,4,5,2,12,2,43,3,10,7,1,7,9,1,8,1,2,,44,,1,22,121.5149231,25.0308033
113,4,25,8,9,2,05中正區,中正區重慶南路2段51號前,0,0,1,2,C03,8,7,5,50,14,9,1,5,4,5,13,4,4,1,4,5,2,12,2,47,2,9,5,1,7,7,1,10,1,14,,80,,1,22,121.5149231,25.0308033
113,4,25,8,25,2,11南港區,南港區忠孝東路5段與中坡北路口,0,0,3,1,C03,6,5,5,40,4,1,1,4,4,5,13,1,1,1,3,5,2,15,1,23,2,8,5,1,7,9,1,10,1,11,,81,,1,21,121.581871,25.0442907
113,4,25,8,25,2,11南港區,南港區忠孝東路5段與中坡北路口,0,0,3,2,C03,6,5,5,40,4,1,1,4,4,5,13,1,1,1,3,5,2,15,2,23,2,8,5,1,7,9,1,10,1,11,,44,,1,21,121.581871,25.0442907
113,4,25,8,25,2,11南港區,南港區忠孝東路5段與中坡北路口,0,0,3,3,C03,6,5,5,40,4,1,1,4,4,5,13,1,1,1,3,5,2,15,1,31,2,9,5,1,7,9,1,10,1,11,,44,,1,21,121.581871,25.0442907
113,4,25,8,40,2,05中正區,中正區中山南路與凱達格蘭大道口,0,0,1,1,C03,6,6,5,50,4,1,1,4,4,5,13,1,1,10,4,5,2,17,2,23,2,9,6,4,7,9,1,10,1,15,,116,,1,22,121.5176862,25.03957591
113,4,25,8,40,2,05中正區,中正區中山南路與凱達格蘭大道口,0,0,1,2,C03,6,6,5,50,4,1,1,4,4,5,13,1,1,10,4,5,2,17,1,20,3,10,6,4,7,14,1,10,1,13,,44,,1,22,121.5176862,25.03957591
113,4,25,8,41,2,07信義區,信義區東興路與基隆路1段口,0,0,1,1,B03,8,5,5,50,4,2,1,5,4,5,13,2,1,1,4,1,2,12,1,41,3,10,7,1,7,9,1,8,9,6,,17,,1,21,121.5669902,25.0459507
113,4,25,8,41,2,07信義區,信義區東興路與基隆路1段口,0,0,1,2,C03,8,5,5,50,4,2,1,5,4,5,13,2,1,1,4,1,2,12,1,41,2,9,5,1,7,9,1,10,9,12,,17,,1,21,121.5669902,25.0459507
113,4,25,8,45,2,10文山區,文山區羅斯福路6段與景仁街口口,0,0,1,1,B03,6,6,5,50,4,1,1,4,4,5,13,2,1,1,4,5,2,16,1,39,3,10,7,1,7,5,1,8,1,1,,71,,1,21,121.5408489,24.9970983
113,4,25,8,45,2,10文山區,文山區羅斯福路6段與景仁街口口,0,0,1,2,C03,6,6,5,50,4,1,1,4,4,5,13,2,1,1,4,5,2,16,1,44,2,7,6,1,7,9,1,10,1,14,,42,,1,21,121.5408489,24.9970983
113,4,25,8,45,2,10文山區,文山區羅斯福路6段與景仁街口口,0,0,1,3,C03,6,6,5,50,4,1,1,4,4,5,13,2,1,1,4,5,2,16,1,32,3,10,6,1,7,9,1,9,1,14,,13,,1,21,121.5408489,24.9970983
113,4,25,8,53,2,04大安區,大安區和平東路3段與基隆路2段口,0,0,1,1,C03,6,6,5,50,4,2,1,4,4,5,13,2,1,1,4,5,1,16,2,27,2,8,3,4,7,6,1,10,2,11,,44,,1,21,121.5527162,25.0240231
113,4,25,8,53,2,04大安區,大安區和平東路3段與基隆路2段口,0,0,1,2,C03,6,6,5,50,4,2,1,4,4,5,13,2,1,1,4,5,1,16,1,26,3,10,3,4,7,7,1,10,2,13,,99,,1,21,121.5527162,25.0240231
113,4,25,8,55,2,08士林區,士林區中山北路5段505巷與中山北路5段口,0,0,1,1,B03,7,5,5,50,4,1,1,5,4,5,13,2,1,1,4,5,2,17,1,60,3,10,3,4,7,5,1,8,1,5,,108,,1,22,121.5278729,25.09366919
113,4,25,8,55,2,08士林區,士林區中山北路5段505巷與中山北路5段口,0,0,1,2,C03,7,5,5,50,4,1,1,5,4,5,13,2,1,1,4,5,2,17,2,58,2,5,3,4,7,9,1,10,1,14,,44,,1,22,121.5278729,25.09366919
113,4,25,9,3,2,10文山區,文山區基隆路4段與汀州路4段口,0,0,1,1,B01,7,6,5,40,5,1,1,4,4,5,13,2,1,1,4,1,1,17,1,58,3,10,7,1,7,8,1,4,1,17,,100,,1,21,121.5364501,25.0108748
113,4,25,9,3,2,10文山區,文山區基隆路4段與汀州路4段口,0,0,1,2,C03,7,6,5,40,5,1,1,4,4,5,13,2,1,1,4,1,1,17,2,25,2,9,6,1,7,9,1,10,1,12,,13,,1,21,121.5364501,25.0108748
113,4,25,9,3,2,10文山區,文山區基隆路4段與汀州路4段口,0,0,1,3,,7,6,5,40,5,1,1,4,4,5,13,2,1,1,4,1,1,17,3,0,,,,,,,,,,,,67,,1,,121.5364501,25.0108748
113,4,25,9,3,2,07信義區,信義區忠孝東路4段400號,0,0,2,1,C03,7,6,5,50,14,9,1,4,4,5,13,4,4,9,3,5,2,13,2,31,2,9,5,4,7,7,1,10,2,11,14,100,,1,21,121.5580992,25.0412427
113,4,25,9,3,2,07信義區,信義區忠孝東路4段400號,0,0,2,2,C03,7,6,5,50,14,9,1,4,4,5,13,4,4,9,3,5,2,13,1,23,2,7,5,4,7,9,1,10,2,11,14,16,,1,21,121.5580992,25.0412427
113,4,25,9,3,2,07信義區,信義區忠孝東路4段400號,0,0,2,3,B03,7,6,5,50,14,9,1,4,4,5,13,4,4,9,3,5,2,13,1,56,3,10,3,4,7,14,1,8,2,6,,44,,1,21,121.5580992,25.0412427
113,4,25,9,35,2,07信義區,信義區基隆路1段與基隆路1段102巷口,0,0,2,1,B01,7,5,5,50,3,2,1,4,4,5,13,4,4,1,4,5,2,17,1,58,3,10,7,1,7,6,1,4,1,2,,9,,1,22,121.566812,25.045351
113,4,25,9,35,2,07信義區,信義區基隆路1段與基隆路1段102巷口,0,0,2,2,C03,7,5,5,50,3,2,1,4,4,5,13,4,4,1,4,5,2,17,2,49,2,9,6,1,7,9,1,10,1,11,,44,,1,22,121.566812,25.045351
113,4,25,9,35,2,07信義區,信義區基隆路1段與基隆路1段102巷口,0,0,2,3,H02,7,5,5,50,3,2,1,4,4,5,13,4,4,1,4,5,2,17,2,37,2,9,6,5,7,20,8,20,10,16,,67,,1,22,121.566812,25.045351
113,4,25,10,7,2,07信義區,信義區無名巷松德院區後方,0,0,1,1,B02,7,7,5,30,14,9,1,4,4,5,13,4,4,10,5,5,2,17,1,36,3,10,7,1,7,1,1,8,1,1,,19,,1,21,121.5742255,25.02893257
113,4,25,10,7,2,07信義區,信義區無名巷松德院區後方,0,0,1,2,C03,7,7,5,30,14,9,1,4,4,5,13,4,4,10,5,5,2,17,1,59,3,10,6,1,7,9,1,10,1,12,,44,,1,22,121.5742255,25.02893257
113,4,25,10,7,2,07信義區,信義區無名巷松德院區後方,0,0,1,3,H02,7,7,5,30,14,9,1,4,4,5,13,4,4,10,5,5,2,17,2,58,2,8,6,5,7,20,8,20,10,16,,67,,1,22,121.5742255,25.02893257
113,4,25,10,15,2,12內湖區,內湖區潭美街與安康路32巷口,0,0,1,1,B03,7,6,5,40,3,1,1,4,4,5,13,4,4,9,4,5,2,16,1,61,3,10,7,1,7,6,1,8,1,5,,80,,1,21,121.5950123,25.06105617
113,4,25,10,15,2,12內湖區,內湖區潭美街與安康路32巷口,0,0,1,2,C03,7,6,5,40,3,1,1,4,4,5,13,4,4,9,4,5,2,16,2,28,2,9,6,1,7,9,1,10,1,11,,44,,1,21,121.5950123,25.06105617
113,4,25,10,20,2,08士林區,士林區基河路15號,0,0,1,1,C03,7,6,5,50,14,9,1,5,4,5,13,4,4,5,4,5,2,17,1,80,2,9,5,1,7,10,1,10,2,14,,100,,1,22,121.5245716,25.0866503
113,4,25,10,20,2,08士林區,士林區基河路15號,0,0,1,2,A02,7,6,5,50,14,9,1,5,4,5,13,4,4,5,4,5,2,17,1,61,3,10,7,1,7,9,1,2,2,4,,44,,1,22,121.5245716,25.0866503
113,4,25,10,20,2,08士林區,士林區基河路15號,0,0,1,3,B02,7,6,5,50,14,9,1,5,4,5,13,4,4,5,4,5,2,17,1,61,3,10,3,4,7,9,1,8,11,17,,114,,2,22,121.5245716,25.0866503
113,4,25,10,27,2,03中山區,中山區中山北路3段與酒泉街口,0,0,1,1,B01,8,6,5,50,14,9,1,5,4,5,13,2,1,10,5,5,2,13,1,70,3,10,3,4,7,14,1,4,2,3,,38,,2,21,121.5236423,25.0708774
113,4,25,10,27,2,03中山區,中山區中山北路3段與酒泉街口,0,0,1,2,C03,8,6,5,50,14,9,1,5,4,5,13,2,1,10,5,5,2,13,1,28,2,9,3,4,7,9,1,10,2,11,,108,,1,21,121.5236423,25.0708774
113,4,25,10,50,2,08士林區,士林區忠誠路2段50巷與忠誠路2段40巷14弄口,0,0,1,1,B03,7,6,5,30,4,1,1,5,4,5,13,4,4,10,5,5,1,16,2,69,3,10,7,1,7,9,1,8,1,1,,72,,1,22,121.5296418,25.1108219
113,4,25,10,50,2,08士林區,士林區忠誠路2段50巷與忠誠路2段40巷14弄口,0,0,1,2,C03,7,6,5,30,4,1,1,5,4,5,13,4,4,10,5,5,1,16,1,18,2,9,6,1,7,9,1,10,1,12,,14,,1,22,121.5296418,25.1108219
113,4,25,10,50,2,08士林區,士林區忠誠路2段50巷與忠誠路2段40巷14弄口,0,0,1,3,B03,7,6,5,30,4,1,1,5,4,5,13,4,4,10,5,5,1,16,1,43,3,10,7,1,7,14,1,8,1,1,,38,,1,22,121.5296418,25.1108219
113,4,25,11,19,2,05中正區,中正區濟南路2段與杭州南路1段口,0,0,1,1,B03,7,6,5,50,4,1,1,5,4,5,13,1,1,10,5,5,2,11,1,82,3,10,7,4,7,11,1,8,2,6,,10,,1,22,121.5262486,25.04157529
113,4,25,11,19,2,05中正區,中正區濟南路2段與杭州南路1段口,0,0,1,2,C03,7,6,5,50,4,1,1,5,4,5,13,1,1,10,5,5,2,11,2,51,2,9,6,4,7,9,1,10,2,14,,44,,1,22,121.5262486,25.04157529
113,4,25,11,31,2,04大安區,大安區和平東路3段70巷與和平東路3段口,0,0,1,1,C03,7,7,5,50,4,2,1,5,4,5,13,2,1,8,3,5,1,17,1,64,3,10,5,1,7,7,1,10,1,17,,100,,1,26,121.5505003,25.0244286
113,4,25,11,31,2,04大安區,大安區和平東路3段70巷與和平東路3段口,0,0,1,2,C03,7,7,5,50,4,2,1,5,4,5,13,2,1,8,3,5,1,17,1,29,2,9,5,1,7,9,1,10,1,12,,13,,1,21,121.5505003,25.0244286
113,4,25,12,42,2,04大安區,大安區羅斯福路4段與基隆路4段口,0,0,1,1,B03,7,6,5,50,5,1,1,5,4,5,13,2,1,1,4,5,2,15,1,60,3,10,7,1,7,9,1,8,1,6,,81,,1,21,121.5373759,25.0110841
113,4,25,12,42,2,04大安區,大安區羅斯福路4段與基隆路4段口,0,0,1,2,C03,7,6,5,50,5,1,1,5,4,5,13,2,1,1,4,5,2,15,1,19,2,9,6,1,7,9,1,10,1,12,,44,,1,21,121.5373759,25.0110841
113,4,25,13,19,2,04大安區,大安區忠孝東路4段181巷27號前,0,0,1,1,B03,7,7,5,30,14,9,1,5,4,5,13,4,4,10,5,5,1,3,1,53,3,10,7,1,7,9,1,8,1,5,,108,,1,26,121.5508002,25.0436478
113,4,25,13,19,2,04大安區,大安區忠孝東路4段181巷27號前,0,0,1,2,H01,7,7,5,30,14,9,1,5,4,5,13,4,4,10,5,5,1,3,2,69,2,1,4,5,8,16,8,20,1,16,,53,,1,21,121.5508002,25.0436478
113,4,25,13,54,2,08士林區,士林區至誠路2段40號,0,0,2,1,B03,7,6,5,40,14,9,1,5,4,5,13,4,4,5,5,5,1,17,2,56,3,10,7,1,7,6,1,8,1,5,,9,,1,21,121.5288412,25.1018169
113,4,25,13,54,2,08士林區,士林區至誠路2段40號,0,0,2,2,C03,7,6,5,40,14,9,1,5,4,5,13,4,4,5,5,5,1,17,1,48,2,9,6,1,7,9,1,10,1,11,,16,,1,21,121.5288412,25.1018169
113,4,25,13,54,2,08士林區,士林區至誠路2段40號,0,0,2,3,H02,7,6,5,40,14,9,1,5,4,5,13,4,4,5,5,5,1,17,1,21,2,8,6,5,7,17,8,20,10,16,,67,,1,21,121.5288412,25.1018169
113,4,25,14,45,2,03中山區,中山區錦西街與民生西路3巷口,0,0,2,1,B02,7,7,5,50,14,9,1,5,4,5,13,4,4,5,4,5,2,16,1,52,3,10,7,1,7,9,1,8,1,8,,14,,1,22,121.5217842,25.0603421
113,4,25,14,45,2,03中山區,中山區錦西街與民生西路3巷口,0,0,2,2,C03,7,7,5,50,14,9,1,5,4,5,13,4,4,5,4,5,2,16,1,24,2,9,6,1,7,5,1,10,1,13,,14,,1,22,121.5217842,25.0603421
113,4,25,14,45,2,03中山區,中山區錦西街與民生西路3巷口,0,0,2,3,H02,7,7,5,50,14,9,1,5,4,5,13,4,4,5,4,5,2,16,2,28,2,9,6,5,7,21,8,20,10,17,,67,,1,22,121.5217842,25.0603421
113,4,25,14,49,2,06松山區,松山區松河街46號,0,0,1,1,B12,7,7,5,40,14,9,1,5,4,5,13,4,4,9,4,5,2,12,1,48,3,10,7,1,7,13,1,8,1,7,,38,,1,21,121.5736211,25.05077034
113,4,25,14,49,2,06松山區,松山區松河街46號,0,0,1,2,C03,7,7,5,40,14,9,1,5,4,5,13,4,4,9,4,5,2,12,2,24,2,9,6,1,7,9,1,10,1,11,,44,,1,21,121.5736211,25.05077034
113,4,25,14,49,2,06松山區,松山區松河街46號,0,0,1,3,H02,7,7,5,40,14,9,1,5,4,5,13,4,4,9,4,5,2,12,1,56,3,10,4,5,7,20,8,20,10,16,,60,,1,21,121.5736211,25.05077034
113,4,25,15,2,2,05中正區,中正區北平東路與天津街口口,0,0,1,1,A05,8,5,5,50,4,2,1,5,4,5,13,2,1,9,4,5,1,17,1,50,3,10,7,1,7,6,1,2,2,17,,9,,1,21,121.5220389,25.0468582
113,4,25,15,2,2,05中正區,中正區北平東路與天津街口口,0,0,1,2,C03,8,5,5,50,4,2,1,5,4,5,13,2,1,9,4,5,1,17,2,45,2,9,6,1,7,1,1,10,2,17,,19,,1,21,121.5220389,25.0468582
113,4,25,15,37,2,10文山區,文山區信義快速道路與萬芳交流道口口,0,0,3,1,B13,7,6,5,50,10,7,1,5,4,5,13,4,4,1,4,5,1,13,1,39,3,10,7,1,7,9,1,8,2,8,,16,,1,21,121.5768325,25.0005521
113,4,25,15,37,2,10文山區,文山區信義快速道路與萬芳交流道口口,0,0,3,2,B03,7,6,5,50,10,7,1,5,4,5,13,4,4,1,4,5,1,13,2,35,2,9,7,1,7,14,1,8,2,3,,44,,1,21,121.5768325,25.0005521
113,4,25,15,37,2,10文山區,文山區信義快速道路與萬芳交流道口口,0,0,3,3,H02,7,6,5,50,10,7,1,5,4,5,13,4,4,1,4,5,1,13,1,25,2,1,7,5,7,20,8,20,10,16,,67,,1,21,121.5768325,25.0005521
113,4,25,15,37,2,10文山區,文山區信義快速道路與萬芳交流道口口,0,0,3,4,H02,7,6,5,50,10,7,1,5,4,5,13,4,4,1,4,5,1,13,2,31,2,6,7,5,7,20,8,20,10,16,,67,,1,21,121.5768325,25.0005521
113,4,25,16,8,2,04大安區,大安區光復南路200巷廢鐵道,0,0,1,1,G06,7,7,5,30,14,9,1,5,4,5,13,4,4,10,5,5,2,13,1,39,2,7,3,4,7,9,8,20,1,16,,108,,1,21,121.556571,25.0418948
113,4,25,16,8,2,04大安區,大安區光復南路200巷廢鐵道,0,0,1,2,B03,7,7,5,30,14,9,1,5,4,5,13,4,4,10,5,5,2,13,1,43,3,10,3,4,7,9,1,8,1,3,,44,,1,21,121.556571,25.0418948
113,4,25,16,22,2,07信義區,信義區吳興街361巷與吳興街口口,0,0,2,1,C03,7,6,5,30,4,1,1,4,4,5,13,4,4,5,5,5,2,15,1,44,2,7,5,4,7,9,1,10,1,14,,14,,1,21,121.5664789,25.0257963
113,4,25,16,22,2,07信義區,信義區吳興街361巷與吳興街口口,0,0,2,2,C03,7,6,5,30,4,1,1,4,4,5,13,4,4,5,5,5,2,15,2,48,2,7,3,4,7,9,1,10,1,11,,13,,1,21,121.5664789,25.0257963
113,4,25,16,48,2,03中山區,中山區松江路與民生東路2段口,0,0,1,1,B12,7,7,5,50,14,23,1,5,4,5,13,2,1,5,4,5,2,17,1,66,3,10,7,1,7,6,1,8,1,5,,9,,1,22,121.5329469,25.0579864
113,4,25,16,48,2,03中山區,中山區松江路與民生東路2段口,0,0,1,2,F01,7,7,5,50,14,23,1,5,4,5,13,2,1,5,4,5,2,17,2,58,2,6,2,1,7,9,8,20,1,14,,42,,1,22,121.5329469,25.0579864
113,4,25,16,57,2,02萬華區,萬華區西藏路與莒光路299巷口,0,0,2,1,C03,7,6,5,50,3,2,1,4,4,5,13,1,1,8,3,5,1,17,1,22,2,9,5,1,7,8,3,18,1,12,,100,,1,21,121.4994421,25.0294479
113,4,25,16,57,2,02萬華區,萬華區西藏路與莒光路299巷口,0,0,2,2,C03,7,6,5,50,3,2,1,4,4,5,13,1,1,8,3,5,1,17,1,20,2,9,5,1,7,9,1,10,1,14,,13,,1,21,121.4994421,25.0294479
113,4,25,16,57,2,02萬華區,萬華區西藏路與莒光路299巷口,0,0,2,3,F03,7,6,5,50,3,2,1,4,4,5,13,1,1,8,3,5,1,17,2,44,3,10,2,4,7,13,8,20,1,12,,44,,1,21,121.4994421,25.0294479
113,4,25,17,4,2,04大安區,大安區和平東路1段35號,0,0,1,1,C03,6,7,5,50,14,9,1,4,4,1,13,4,4,1,4,5,2,17,1,30,2,9,3,4,7,9,1,10,1,11,,16,,1,21,121.5234608,25.0271021
113,4,25,17,4,2,04大安區,大安區和平東路1段35號,0,0,1,2,C03,6,7,5,50,14,9,1,4,4,1,13,4,4,1,4,5,2,17,1,36,3,10,3,4,7,9,1,10,1,17,,44,,1,21,121.5234608,25.0271021
113,4,25,17,4,2,04大安區,大安區和平東路1段35號,0,0,1,3,,6,7,5,50,14,9,1,4,4,1,13,4,4,1,4,5,2,17,4,0,,,,,,,,,,,,100,,2,,121.5234608,25.0271021
113,4,25,17,10,2,01大同區,大同區承德路2段與民生西路口,0,0,2,1,C03,6,7,5,50,4,1,1,4,4,5,13,2,1,1,4,5,2,12,1,20,2,9,5,1,7,8,1,10,1,12,,100,,1,22,121.5182968,25.0572555
113,4,25,17,10,2,01大同區,大同區承德路2段與民生西路口,0,0,2,2,C03,6,7,5,50,4,1,1,4,4,5,13,2,1,1,4,5,2,12,2,35,2,9,5,1,7,9,1,10,1,14,,108,,1,22,121.5182968,25.0572555
113,4,25,17,40,2,12內湖區,內湖區新湖二路191巷18號,0,0,1,1,C03,6,5,5,50,14,9,1,4,4,5,13,4,4,5,5,5,2,17,1,23,2,9,6,1,7,9,1,10,1,17,,42,,1,21,121.5803948,25.06113357
113,4,25,17,40,2,12內湖區,內湖區新湖二路191巷18號,0,0,1,2,B12,6,5,5,50,14,9,1,4,4,5,13,4,4,5,5,5,2,17,1,44,3,10,7,1,7,1,1,8,1,17,,19,,1,21,121.5803948,25.06113357
113,4,25,17,41,2,08士林區,士林區基河路16-8號,0,0,2,1,C03,6,6,5,50,14,9,1,4,4,5,13,4,4,10,3,5,2,12,2,21,2,7,6,4,7,7,1,10,2,11,,101,,1,21,121.5243881,25.0827351
113,4,25,17,41,2,08士林區,士林區基河路16-8號,0,0,2,2,C03,6,6,5,50,14,9,1,4,4,5,13,4,4,10,3,5,2,12,1,30,2,9,6,1,7,9,1,10,2,13,,108,,1,21,121.5243881,25.0827351
113,4,25,17,55,2,04大安區,大安區信義路2段與永康街口,0,0,2,1,B03,6,5,5,50,5,1,1,4,4,5,13,1,1,8,3,5,2,15,4,0,,,,,,9,,,11,,,119,,2,,121.5299485,25.0336361
113,4,25,17,55,2,04大安區,大安區信義路2段與永康街口,0,0,2,2,C03,6,5,5,50,5,1,1,4,4,5,13,1,1,8,3,5,2,15,1,19,2,9,3,4,7,9,1,10,1,11,,42,,1,21,121.5299485,25.0336361
113,4,25,17,55,2,04大安區,大安區信義路2段與永康街口,0,0,2,3,C03,6,5,5,50,5,1,1,4,4,5,13,1,1,8,3,5,2,15,1,33,2,9,3,4,7,9,1,10,1,14,,44,,1,21,121.5299485,25.0336361
113,4,25,17,56,2,07信義區,信義區忠孝東路5段236巷3弄5號,0,0,1,1,H01,6,5,5,30,14,9,1,4,4,5,13,4,4,10,5,5,2,3,2,19,3,10,4,5,8,16,8,20,10,16,,123,,1,21,121.5722633,25.0404189