發生年度,發生月,發生日,發生時-Hours,發生分,處理別-編號,區序,肇事地點,死亡人數,2-30日死亡人數,受傷人數,當事人序號,車種,天候,道路照明設備,道路類別,速限-速度限制,道路型態,事故位置,路面狀況1,路面狀況2,路面狀況3,道路障礙1,道路障礙2,號誌1,號誌2,車道劃分-分向,車道劃分-分道1,車道劃分-分道2,車道劃分-分道3,事故類型及型態,性別,年齡,受傷程度,主要傷處,保護裝置,行動電話,車輛用途,當事者行動狀態,駕駛資格情形,駕駛執照種類,飲酒情形,車輛撞擊部位1,車輛撞擊部位2,肇因碼-個別,肇因碼-主要,個人肇逃否,職業,座標-X,座標-Y
113,4,25,17,56,2,07信義區,信義區忠孝東路5段236巷3弄5號,0,0,1,2,C03,6,5,5,30,14,9,1,4,4,5,13,4,4,10,5,5,2,3,1,41,2,9,6,4,7,9,1,9,2,17,,44,,1,21,121.5722633,25.0404189
113,4,25,18,16,2,10文山區,文山區羅斯福路5段67號,0,0,2,1,C03,6,5,5,50,14,9,1,4,4,5,13,4,4,1,4,5,2,12,2,19,2,9,6,1,7,7,1,10,2,14,,100,,1,25,121.5390663,25.0064082
113,4,25,18,16,2,10文山區,文山區羅斯福路5段67號,0,0,2,2,B03,6,5,5,50,14,9,1,4,4,5,13,4,4,1,4,5,2,12,2,46,3,10,7,1,7,9,1,8,2,2,,44,,1,21,121.5390663,25.0064082
113,4,25,18,16,2,10文山區,文山區羅斯福路5段67號,0,0,2,3,H02,6,5,5,50,14,9,1,4,4,5,13,4,4,1,4,5,2,12,1,18,2,9,6,5,7,20,8,20,10,16,,67,,1,21,121.5390663,25.0064082
113,4,25,18,25,2,12內湖區,內湖區瑞湖街與民權東路6段15巷口口,0,0,2,1,B03,6,5,5,30,4,1,1,4,4,5,13,2,1,10,2,5,2,16,1,49,3,10,7,1,7,5,1,5,1,4,,8,,1,21,121.5764451,25.0689879
113,4,25,18,25,2,12內湖區,內湖區瑞湖街與民權東路6段15巷口口,0,0,2,2,C03,6,5,5,30,4,1,1,4,4,5,13,2,1,10,2,5,2,16,1,26,2,9,5,1,7,9,1,10,1,11,14,13,,1,21,121.5764451,25.0689879
113,4,25,18,25,2,12內湖區,內湖區瑞湖街與民權東路6段15巷口口,0,0,2,3,C03,6,5,5,30,4,1,1,4,4,5,13,2,1,10,2,5,2,16,1,41,2,8,5,1,7,9,1,10,1,14,,116,,1,21,121.5764451,25.0689879
113,4,25,18,30,2,07信義區,信義區基隆路1段151號,0,0,1,1,B03,6,5,5,50,14,9,1,4,4,5,13,4,4,5,5,5,2,17,2,43,3,10,7,1,7,8,1,8,1,17,,100,,1,21,121.5652279,25.0421382
113,4,25,18,30,2,07信義區,信義區基隆路1段151號,0,0,1,2,C03,6,5,5,50,14,9,1,4,4,5,13,4,4,5,5,5,2,17,1,41,2,9,5,1,7,9,1,10,1,14,,16,,1,21,121.5652279,25.0421382
113,4,25,18,30,2,07信義區,信義區基隆路1段151號,0,0,1,3,B01,6,5,5,50,14,9,1,4,4,5,13,4,4,5,5,5,2,17,1,60,3,10,7,1,7,9,1,8,1,2,,44,,1,21,121.5652279,25.0421382
113,4,25,18,40,2,03中山區,中山區中山北路2段46巷與無名巷口,0,0,2,1,C03,6,5,5,30,4,1,1,4,4,5,13,4,4,9,5,5,2,17,2,26,2,9,5,1,7,9,1,10,1,11,,72,,1,22,121.5216785,25.0554578
113,4,25,18,40,2,03中山區,中山區中山北路2段46巷與無名巷口,0,0,2,2,C03,6,5,5,30,4,1,1,4,4,5,13,4,4,9,5,5,2,17,1,19,3,10,5,1,7,9,1,10,1,13,,44,,1,22,121.5216785,25.0554578
113,4,25,18,40,2,03中山區,中山區中山北路2段46巷與無名巷口,0,0,2,3,H02,6,5,5,30,4,1,1,4,4,5,13,4,4,9,5,5,2,17,2,20,2,9,5,5,7,21,8,20,10,16,,67,,1,22,121.5216785,25.0554578
113,4,25,18,40,2,04大安區,大安區和平東路2段與和平東路2段265巷口,0,0,1,1,C03,6,5,5,30,3,2,1,4,4,5,13,4,4,1,4,5,2,17,1,60,3,10,5,1,7,5,1,10,1,17,,80,,1,21,121.5439622,25.0249299
113,4,25,18,40,2,04大安區,大安區和平東路2段與和平東路2段265巷口,0,0,1,2,C03,6,5,5,30,3,2,1,4,4,5,13,4,4,1,4,5,2,17,1,27,2,8,5,1,7,9,1,10,1,17,,44,,1,21,121.5439622,25.0249299
113,4,25,18,47,2,02萬華區,萬華區萬大路與萬大路90巷口,0,0,1,1,C03,6,5,5,50,4,1,1,4,4,5,13,1,1,3,4,5,2,17,1,43,2,9,5,1,7,5,1,10,2,14,,8,,1,22,121.500524,25.0302869
113,4,25,18,47,2,02萬華區,萬華區萬大路與萬大路90巷口,0,0,1,2,B03,6,5,5,50,4,1,1,4,4,5,13,1,1,3,4,5,2,17,2,35,3,10,7,1,7,9,1,8,2,1,,44,,1,22,121.500524,25.0302869
113,4,25,18,50,2,03中山區,中山區大直街20號,0,0,3,1,H01,6,5,5,30,14,9,1,4,4,5,13,4,4,9,5,5,2,9,1,65,2,9,4,5,8,20,8,20,10,16,,121,,1,22,121.5464423,25.0813689
113,4,25,18,50,2,03中山區,中山區大直街20號,0,0,3,3,H01,6,5,5,30,14,9,1,4,4,5,13,4,4,9,5,5,2,9,2,64,2,9,4,5,8,20,8,20,10,16,,121,,1,22,121.5464423,25.0813689
113,4,25,18,50,2,03中山區,中山區大直街20號,0,0,3,2,C03,6,5,5,30,14,9,1,4,4,5,13,4,4,9,5,5,2,9,1,27,2,9,5,1,7,9,1,10,1,11,,108,,1,22,121.5464423,25.0813689
113,4,25,19,0,2,05中正區,中正區中山南路與凱達格蘭大道口,0,0,1,1,C03,6,5,5,50,5,1,1,4,4,5,13,1,1,1,4,5,2,12,1,20,3,10,6,1,7,15,1,10,2,14,,44,,1,21,121.5176866,25.0395108
113,4,25,19,0,2,05中正區,中正區中山南路與凱達格蘭大道口,0,0,1,2,C03,6,5,5,50,5,1,1,4,4,5,13,1,1,1,4,5,2,12,1,22,2,9,6,1,7,15,1,10,2,12,,44,,1,21,121.5176866,25.0395108
113,4,25,19,10,2,12內湖區,內湖區安康路146號,0,0,1,1,E05,6,5,5,50,14,9,1,4,4,5,13,4,4,8,5,5,2,17,1,36,3,10,7,1,7,11,1,8,1,6,,10,,1,21,121.6001515,25.0630552
113,4,25,19,10,2,12內湖區,內湖區安康路146號,0,0,1,2,C03,6,5,5,50,14,9,1,4,4,5,13,4,4,8,5,5,2,17,1,24,2,8,6,1,7,9,1,10,1,11,,44,,1,21,121.6001515,25.0630552
113,4,25,19,21,2,03中山區,中山區民族東路410巷與龍江路356巷口,0,0,1,1,B12,6,5,5,50,4,1,1,4,4,5,13,1,1,4,3,5,1,17,1,43,3,10,7,1,7,11,1,3,1,8,,10,,1,21,121.5383431,25.0660283
113,4,25,19,21,2,03中山區,中山區民族東路410巷與龍江路356巷口,0,0,1,2,C03,6,5,5,50,4,1,1,4,4,5,13,1,1,4,3,5,1,17,1,33,2,8,6,1,7,9,1,10,1,11,,44,,1,21,121.5383431,25.0660283
113,4,25,19,25,2,08士林區,士林區中正路與承德路4段口,0,0,1,1,C03,6,5,5,50,4,2,1,4,4,5,13,1,1,1,4,5,2,12,2,47,2,9,3,4,7,7,1,10,2,14,,100,,1,22,121.5168322,25.09116336
113,4,25,19,25,2,08士林區,士林區中正路與承德路4段口,0,0,1,2,A41,6,5,5,50,4,2,1,4,4,5,13,1,1,1,4,5,2,12,1,40,3,10,3,4,7,15,1,1,2,2,,42,,1,22,121.5168322,25.09116336
113,4,25,19,25,2,08士林區,士林區中正路與承德路4段口,0,0,1,3,C03,6,5,5,50,4,2,1,4,4,5,13,1,1,1,4,5,2,12,1,41,3,10,3,4,7,7,1,10,2,13,,100,,1,22,121.5168322,25.09116336
113,4,25,19,50,2,09北投區,北投區明德路105號,0,0,2,1,C03,6,5,5,50,14,9,1,4,4,5,13,4,4,5,5,5,2,17,2,39,3,10,5,1,7,11,1,10,1,14,,10,,1,21,121.5196816,25.1095863
113,4,25,19,50,2,09北投區,北投區明德路105號,0,0,2,2,C03,6,5,5,50,14,9,1,4,4,5,13,4,4,5,5,5,2,17,2,26,2,9,5,1,7,9,1,10,1,11,,44,,1,21,121.5196816,25.1095863
113,4,25,19,50,2,09北投區,北投區明德路105號,0,0,2,3,H02,6,5,5,50,14,9,1,4,4,5,13,4,4,5,5,5,2,17,1,26,2,8,5,5,7,20,8,20,10,16,,67,,1,21,121.5196816,25.1095863
113,4,25,19,56,2,03中山區,中山區長春路137巷近松江路170巷9-6號,0,0,1,1,B03,6,5,5,30,14,9,1,4,4,5,13,4,4,10,3,5,1,9,1,47,3,10,7,1,7,2,1,8,1,6,,12,,1,21,121.5316096,25.05642556
113,4,25,19,56,2,03中山區,中山區長春路137巷近松江路170巷9-6號,0,0,1,2,H01,6,5,5,30,14,9,1,4,4,5,13,4,4,10,3,5,1,9,2,51,2,9,4,5,8,16,8,20,10,16,,60,,1,21,121.5316096,25.05642556
113,4,25,20,43,2,07信義區,信義區信安街與信安街115巷口,0,0,1,1,C03,6,5,5,50,3,2,1,4,4,5,13,4,4,5,4,5,2,17,2,60,2,8,6,1,7,12,3,18,1,14,,42,,1,21,121.5560847,25.02481297
113,4,25,20,43,2,07信義區,信義區信安街與信安街115巷口,0,0,1,2,B03,6,5,5,50,3,2,1,4,4,5,13,4,4,5,4,5,2,17,1,37,3,10,7,1,7,7,1,8,1,17,,100,,1,21,121.5560847,25.02481297
113,4,25,20,47,2,02萬華區,萬華區西園路1段與和平西路3段口,0,0,2,1,C03,6,5,5,50,4,1,1,4,4,5,13,1,1,1,4,5,2,3,1,22,2,9,6,1,7,9,1,10,1,11,,44,,1,21,121.4993613,25.0354853
113,4,25,20,47,2,02萬華區,萬華區西園路1段與和平西路3段口,0,0,2,2,H01,6,5,5,50,4,1,1,4,4,5,13,1,1,1,4,5,2,3,1,79,2,9,4,5,8,18,8,20,10,16,,67,,1,21,121.4993613,25.0354853
113,4,25,21,26,2,04大安區,大安區信義路3段與新生南路2段口,0,0,2,1,C03,6,5,5,50,4,2,1,4,4,5,13,1,1,1,4,5,2,17,2,18,2,9,6,1,7,15,1,10,1,12,,100,,1,21,121.5329759,25.033512
113,4,25,21,26,2,04大安區,大安區信義路3段與新生南路2段口,0,0,2,2,C03,6,5,5,50,4,2,1,4,4,5,13,1,1,1,4,5,2,17,2,27,2,9,6,1,7,9,1,10,1,14,,108,,1,21,121.5329759,25.033512
113,4,25,21,37,2,10文山區,文山區萬壽路與秀明路2段口,0,0,1,1,B02,6,5,5,50,14,9,2,4,4,5,13,3,1,5,4,5,2,9,1,74,3,10,3,4,7,6,1,8,11,1,,70,,2,21,121.5770297,24.9887305
113,4,25,21,37,2,10文山區,文山區萬壽路與秀明路2段口,0,0,1,2,H01,6,5,5,50,14,9,2,4,4,5,13,3,1,5,4,5,2,9,2,26,2,8,4,5,8,16,8,20,10,16,,67,,1,21,121.5770297,24.9887305
113,4,25,22,0,2,01大同區,大同區延平北路3段與民權西路口,0,0,1,1,B03,7,5,5,50,4,1,1,4,4,5,13,2,1,1,4,5,2,17,1,18,3,10,3,4,7,5,3,18,1,4,,8,,1,21,121.5111225,25.0630105
113,4,25,22,0,2,01大同區,大同區延平北路3段與民權西路口,0,0,1,2,C03,7,5,5,50,4,1,1,4,4,5,13,2,1,1,4,5,2,17,1,26,2,9,3,4,7,9,1,10,1,11,,44,,1,21,121.5111225,25.0630105
113,4,25,22,27,2,03中山區,中山區南京東路3段與遼寧街口,0,0,2,1,C03,6,5,5,50,14,7,1,4,4,5,13,1,1,1,4,4,2,13,1,29,2,9,5,1,7,9,1,10,1,14,,16,,1,22,121.5417258,25.0518321
113,4,25,22,27,2,03中山區,中山區南京東路3段與遼寧街口,0,0,2,2,B01,6,5,5,50,14,7,1,4,4,5,13,1,1,1,4,4,2,13,1,67,3,10,7,1,7,12,1,4,1,6,,14,,1,22,121.5417258,25.0518321
113,4,25,22,27,2,03中山區,中山區南京東路3段與遼寧街口,0,0,2,3,H02,6,5,5,50,14,7,1,4,4,5,13,1,1,1,4,4,2,13,2,29,2,9,5,5,7,17,8,20,10,16,,67,,1,22,121.5417258,25.0518321
113,4,25,22,57,2,08士林區,士林區中山北路6段與福國路口,0,0,1,1,B01,6,5,5,50,3,2,1,4,4,5,13,2,1,1,4,5,1,13,1,38,3,10,7,1,7,9,1,4,2,1,,16,,1,21,121.525418,25.10303183
113,4,25,22,57,2,08士林區,士林區中山北路6段與福國路口,0,0,1,2,C03,6,5,5,50,3,2,1,4,4,5,13,2,1,1,4,5,1,13,2,30,2,6,5,1,7,9,1,10,2,13,,44,,1,21,121.525418,25.10303183
113,4,25,23,19,2,07信義區,信義區基隆路車行地下道,0,0,2,1,B03,7,7,5,50,14,9,1,5,4,5,13,4,4,5,5,5,2,13,2,43,3,10,7,1,7,9,1,8,2,1,,108,,1,21,121.565637,25.0430745
113,4,25,23,19,2,07信義區,信義區基隆路車行地下道,0,0,2,2,B03,7,7,5,50,14,9,1,5,4,5,13,4,4,5,5,5,2,13,2,28,2,9,7,1,7,14,1,8,2,3,,44,,1,21,121.565637,25.0430745
113,4,25,23,19,2,07信義區,信義區基隆路車行地下道,0,0,2,3,H02,7,7,5,50,14,9,1,5,4,5,13,4,4,5,5,5,2,13,1,31,2,9,4,5,7,20,8,20,10,16,,67,,1,21,121.565637,25.0430745
113,4,26,0,15,2,08士林區,士林區福林路254巷與至善路1段口,0,0,1,1,B03,6,5,5,40,3,2,1,4,4,5,13,3,1,1,4,4,2,12,2,49,3,10,7,1,7,9,1,8,2,4,,14,,1,21,121.5379825,25.0977602
113,4,26,0,15,2,08士林區,士林區福林路254巷與至善路1段口,0,0,1,2,C03,6,5,5,40,3,2,1,4,4,5,13,3,1,1,4,4,2,12,1,54,2,9,6,1,7,9,1,9,2,12,,44,,1,23,121.5379825,25.0977602
113,4,26,0,35,2,11南港區,南港區忠孝東路6段442號,0,0,1,1,B03,6,5,5,50,14,9,1,4,4,5,13,4,4,1,4,5,2,17,1,31,3,10,3,4,7,7,1,4,2,3,,100,,1,21,121.5939388,25.0503473
113,4,26,0,35,2,11南港區,南港區忠孝東路6段442號,0,0,1,2,C03,6,5,5,50,14,9,1,4,4,5,13,4,4,1,4,5,2,17,2,20,2,9,6,4,7,9,1,10,2,11,,42,,1,21,121.5939388,25.0503473
113,4,26,0,57,2,06松山區,松山區市民大道4段171號,0,0,1,1,B03,6,5,5,40,14,9,1,4,4,5,13,4,4,9,4,5,2,17,2,41,3,10,7,1,7,15,1,8,1,5,,72,,1,22,121.5518214,25.04465457
113,4,26,0,57,2,06松山區,松山區市民大道4段171號,0,0,1,2,B01,6,5,5,40,14,9,1,4,4,5,13,4,4,9,4,5,2,17,1,68,3,10,7,1,7,9,1,4,1,7,,44,,1,22,121.5518214,25.04465457
113,4,26,0,57,2,06松山區,松山區市民大道4段171號,0,0,1,3,H02,6,5,5,40,14,9,1,4,4,5,13,4,4,9,4,5,2,17,2,20,2,2,7,5,7,21,8,20,10,16,,67,,1,22,121.5518214,25.04465457
113,4,26,2,3,2,10文山區,文山區木柵路4段(西往東0707054燈桿旁）,0,0,1,1,B01,6,5,5,50,14,9,1,4,4,5,13,4,4,1,4,5,2,23,1,29,2,7,7,1,7,9,1,4,2,4,,42,,1,21,121.5764679,24.9999629
113,4,26,2,3,2,10文山區,文山區木柵路4段(西往東0707054燈桿旁）,0,0,1,2,,6,5,5,50,14,9,1,4,4,5,13,4,4,1,4,5,2,23,3,28,,,,,,,,,10,,,67,,1,,121.5764679,24.9999629
113,4,26,2,3,2,10文山區,文山區木柵路4段(西往東0707054燈桿旁）,0,0,1,3,,6,5,5,50,14,9,1,4,4,5,13,4,4,1,4,5,2,23,3,0,,,,,,,,,,,,67,,1,,121.5764679,24.9999629
113,4,26,6,1,2,07信義區,信義區吳興街463號,0,0,1,1,B02,8,6,5,30,14,9,1,5,4,5,13,4,4,8,5,5,2,11,1,27,3,10,3,4,7,9,1,4,1,4,,4,,1,21,121.5690719,25.0238821
113,4,26,6,1,2,07信義區,信義區吳興街463號,0,0,1,2,C03,8,6,5,30,14,9,1,5,4,5,13,4,4,8,5,5,2,11,1,49,2,7,6,1,7,9,1,10,1,14,,44,,1,21,121.5690719,25.0238821
113,4,26,6,28,2,02萬華區,萬華區華江橋機車道往台北市（燈桿001028）,0,0,2,1,C03,7,5,7,40,8,11,1,5,4,5,13,4,4,8,3,5,1,17,2,28,2,9,3,4,7,9,1,10,2,15,,118,,1,22,121.4878728,25.0354998
113,4,26,6,28,2,02萬華區,萬華區華江橋機車道往台北市（燈桿001028）,0,0,2,2,C03,7,5,7,40,8,11,1,5,4,5,13,4,4,8,3,5,1,17,2,55,2,9,3,4,7,9,1,10,9,13,,118,,1,22,121.4878728,25.0354998
113,4,26,6,28,2,02萬華區,萬華區華江橋機車道往台北市（燈桿001028）,0,0,2,3,C03,7,5,7,40,8,11,1,5,4,5,13,4,4,8,3,5,1,17,1,63,3,10,3,4,7,9,1,10,2,14,,108,,1,22,121.4878728,25.0354998
113,4,26,6,29,2,12內湖區,內湖區堤外便道與東湖路160巷口,0,0,1,1,B03,7,6,6,50,3,1,1,4,4,5,13,2,1,5,5,5,2,16,2,60,3,10,3,4,7,6,1,8,1,17,,9,,1,22,121.6179482,25.0658395
113,4,26,6,29,2,12內湖區,內湖區堤外便道與東湖路160巷口,0,0,1,2,C03,7,6,6,50,3,1,1,4,4,5,13,2,1,5,5,5,2,16,1,31,2,9,6,1,7,9,1,10,1,11,,44,,1,22,121.6179482,25.0658395
113,4,26,7,39,2,12內湖區,內湖區環山路1段27號,0,0,2,1,C03,8,5,5,50,14,9,1,5,4,5,13,4,4,5,4,5,2,13,1,70,2,9,5,1,7,9,3,18,1,11,,108,,1,21,121.5659797,25.08637967
113,4,26,7,39,2,12內湖區,內湖區環山路1段27號,0,0,2,2,C03,8,5,5,50,14,9,1,5,4,5,13,4,4,5,4,5,2,13,2,18,2,9,5,1,7,3,1,10,1,13,,27,,1,21,121.5659797,25.08637967
113,4,26,7,47,2,10文山區,文山區懷恩隧道南往北方向出口21.5公尺處,0,0,1,1,C03,8,6,5,50,6,9,1,5,4,5,13,4,4,1,4,5,2,13,2,29,2,9,6,1,7,9,1,10,2,11,,108,,1,21,121.5520194,24.996273
113,4,26,7,47,2,10文山區,文山區懷恩隧道南往北方向出口21.5公尺處,0,0,1,2,B03,8,6,5,50,6,9,1,5,4,5,13,4,4,1,4,5,2,13,2,39,3,10,7,1,7,14,1,8,2,3,,44,,1,21,121.5520194,24.996273
113,4,26,7,50,2,04大安區,大安區市民大道4段與市民大道4段口迴轉道,0,0,2,1,C03,8,7,5,40,3,2,1,5,4,5,13,4,4,8,3,5,1,13,1,65,2,7,5,1,7,9,1,10,1,11,,16,,1,21,121.5451034,25.0449296
113,4,26,7,50,2,04大安區,大安區市民大道4段與市民大道4段口迴轉道,0,0,2,2,C03,8,7,5,40,3,2,1,5,4,5,13,4,4,8,3,5,1,13,1,21,2,1,5,1,7,5,1,10,1,13,,14,,1,25,121.5451034,25.0449296
113,4,26,8,6,2,11南港區,南港區忠孝東路6段與忠孝東路6段370巷口口,0,0,1,1,B03,8,6,5,50,3,1,1,5,4,5,13,4,4,1,4,5,2,16,1,36,3,10,7,1,7,6,1,8,1,6,,9,,1,21,121.5916202,25.04976528
113,4,26,8,6,2,11南港區,南港區忠孝東路6段與忠孝東路6段370巷口口,0,0,1,2,C03,8,6,5,50,3,1,1,5,4,5,13,4,4,1,4,5,2,16,2,24,2,8,6,1,7,9,1,10,1,11,,14,,1,21,121.5916202,25.04976528
113,4,26,8,22,2,02萬華區,萬華區康定路與成都路口,0,0,1,1,C03,8,7,5,50,4,2,1,5,4,5,13,2,1,5,4,5,2,12,2,52,2,8,6,1,7,8,1,10,1,12,,100,,1,21,121.5027127,25.0435819
113,4,26,8,22,2,02萬華區,萬華區康定路與成都路口,0,0,1,2,B03,8,7,5,50,4,2,1,5,4,5,13,2,1,5,4,5,2,12,2,35,3,10,7,1,7,9,1,8,1,4,,44,,1,21,121.5027127,25.0435819
113,4,26,8,26,2,09北投區,北投區石牌路2段與裕民三路口口旁,0,0,1,1,C03,8,6,5,50,3,2,1,5,4,5,13,4,4,5,4,5,2,17,1,85,2,9,6,1,7,15,1,10,2,14,,100,,1,22,121.5160776,25.1163809
113,4,26,8,26,2,09北投區,北投區石牌路2段與裕民三路口口旁,0,0,1,2,B03,8,6,5,50,3,2,1,5,4,5,13,4,4,5,4,5,2,17,1,71,3,10,7,1,7,15,1,8,2,2,,44,,1,22,121.5160776,25.1163809
113,4,26,9,0,2,09北投區,北投區西安街1段319號,0,0,1,1,C03,7,6,5,50,14,9,1,5,4,5,13,4,4,9,4,5,2,13,1,24,2,8,5,1,7,9,1,10,1,11,,16,,1,21,121.5161394,25.1132081
113,4,26,9,0,2,09北投區,北投區西安街1段319號,0,0,1,2,C03,7,6,5,50,14,9,1,5,4,5,13,4,4,9,4,5,2,13,1,30,3,10,5,1,7,9,1,10,1,13,,44,,1,21,121.5161394,25.1132081
113,4,26,9,4,2,02萬華區,萬華區環河南路1段35號,0,0,1,1,C03,7,6,5,50,14,9,1,5,4,5,13,4,4,10,3,5,1,13,4,48,,,,,,,,,9,,,119,,2,,121.4985471,25.0407112
113,4,26,9,4,2,02萬華區,萬華區環河南路1段35號,0,0,1,2,C03,7,6,5,50,14,9,1,5,4,5,13,4,4,10,3,5,1,13,1,57,2,7,3,4,7,9,1,10,2,13,,44,,1,21,121.4985471,25.0407112
113,4,26,9,8,2,05中正區,中正區汀州路3段303號,0,0,1,1,C04,7,7,5,50,14,9,1,5,4,5,13,4,4,5,5,5,2,13,2,70,2,8,5,1,7,9,1,11,1,12,,108,,1,22,121.5358628,25.0117318
113,4,26,9,8,2,05中正區,中正區汀州路3段303號,0,0,1,2,B03,7,7,5,50,14,9,1,5,4,5,13,4,4,5,5,5,2,13,1,39,3,10,7,1,7,14,1,8,1,7,,44,,1,22,121.5358628,25.0117318
113,4,26,9,8,2,05中正區,中正區汀州路3段303號,0,0,1,3,C03,7,7,5,50,14,9,1,5,4,5,13,4,4,5,5,5,2,13,1,39,3,10,5,1,7,14,1,10,9,13,,44,,1,22,121.5358628,25.0117318
113,4,26,9,59,2,03中山區,中山區林森北路與新生北路2段28巷口,0,0,1,1,H01,7,5,5,0,5,18,1,4,4,5,13,1,1,5,4,5,2,4,1,44,2,8,4,5,8,16,8,20,10,16,,118,,1,21,121.5254722,25.0538966
113,4,26,9,59,2,03中山區,中山區林森北路與新生北路2段28巷口,0,0,1,2,B03,7,5,5,0,5,18,1,4,4,5,13,1,1,5,4,5,2,4,1,50,3,10,3,4,7,5,1,8,2,4,,118,,1,21,121.5254722,25.0538966
113,4,26,10,2,2,07信義區,信義區忠孝東路5段與基隆路1段口,0,0,1,1,C03,8,6,5,30,4,2,1,5,4,5,13,1,1,1,4,5,2,13,1,35,3,10,3,4,7,12,1,10,1,13,,14,,1,21,121.5644669,25.0409033
113,4,26,10,2,2,07信義區,信義區忠孝東路5段與基隆路1段口,0,0,1,2,C03,8,6,5,30,4,2,1,5,4,5,13,1,1,1,4,5,2,13,2,40,2,9,3,4,7,9,1,10,1,11,,108,,1,21,121.5644669,25.0409033
113,4,26,10,30,2,03中山區,中山區中山北路2段11巷與南京東路1段13巷口,0,0,1,1,B01,7,7,5,30,4,1,1,5,4,5,13,4,4,10,5,5,2,15,1,63,3,10,7,1,7,9,1,4,1,8,,14,,1,21,121.5236423,25.0527669
113,4,26,10,30,2,03中山區,中山區中山北路2段11巷與南京東路1段13巷口,0,0,1,2,C03,7,7,5,30,4,1,1,5,4,5,13,4,4,10,5,5,2,15,1,47,2,9,6,1,7,9,1,10,1,11,,72,,1,21,121.5236423,25.0527669
113,4,26,10,33,2,09北投區,北投區東華街1段與東華街1段400巷口,0,0,2,1,C03,7,6,5,40,14,9,1,4,4,5,13,1,1,9,4,5,2,13,1,24,2,7,5,1,7,9,1,10,1,11,,108,,1,21,121.5184656,25.1106839
113,4,26,10,33,2,09北投區,北投區東華街1段與東華街1段400巷口,0,0,2,2,C03,7,6,5,40,14,9,1,4,4,5,13,1,1,9,4,5,2,13,1,56,3,10,5,1,7,14,1,10,1,13,,44,,1,21,121.5184656,25.1106839
113,4,26,10,33,2,09北投區,北投區東華街1段與東華街1段400巷口,0,0,2,3,H02,7,6,5,40,14,9,1,4,4,5,13,1,1,9,4,5,2,13,2,23,2,9,5,5,7,20,8,20,10,16,,67,,1,21,121.5184656,25.1106839
113,4,26,10,45,2,03中山區,中山區長春路258巷2弄與南京東路3段89巷27弄口,0,0,1,1,B03,6,6,5,30,4,1,1,4,4,5,13,4,4,10,5,5,2,15,2,38,3,10,3,4,7,9,1,8,1,8,,44,,1,21,121.5384644,25.0542609
113,4,26,10,45,2,03中山區,中山區長春路258巷2弄與南京東路3段89巷27弄口,0,0,1,2,C03,6,6,5,30,4,1,1,4,4,5,13,4,4,10,5,5,2,15,1,36,2,7,6,1,7,9,1,10,1,11,,13,,1,21,121.5384644,25.0542609
113,4,26,10,48,2,01大同區,大同區民權西路87號對面,0,0,2,1,C03,6,6,5,50,14,9,1,4,4,5,13,4,4,1,4,5,2,17,1,21,2,9,5,1,7,8,1,10,2,12,,100,,1,21,121.5190945,25.0627702
113,4,26,10,48,2,01大同區,大同區民權西路87號對面,0,0,2,2,C03,6,6,5,50,14,9,1,4,4,5,13,4,4,1,4,5,2,17,2,20,2,8,5,1,7,9,1,10,2,11,,44,,1,21,121.5190945,25.0627702
113,4,26,11,29,2,09北投區,北投區三合街1段與公館路口側附近口,0,0,1,1,B01,6,6,5,30,4,1,1,4,4,5,13,2,1,5,5,5,2,17,1,57,3,10,7,1,7,5,1,4,9,17,,8,,1,22,121.5075501,25.1275255
113,4,26,11,29,2,09北投區,北投區三合街1段與公館路口側附近口,0,0,1,2,C03,6,6,5,30,4,1,1,4,4,5,13,2,1,5,5,5,2,17,2,65,2,9,6,1,7,9,1,10,1,14,,42,,1,22,121.5075501,25.1275255
113,4,26,11,49,2,04大安區,大安區和平東路3段228巷88號前,0,0,1,1,B12,6,7,5,50,14,9,1,4,4,5,13,4,4,8,3,5,1,12,1,45,3,10,7,1,7,15,1,8,1,5,,108,,1,26,121.5528474,25.0205184
113,4,26,11,49,2,04大安區,大安區和平東路3段228巷88號前,0,0,1,2,C03,6,7,5,50,14,9,1,4,4,5,13,4,4,8,3,5,1,12,2,62,2,8,5,1,7,15,1,10,1,14,,44,,1,22,121.5528474,25.0205184
113,4,26,12,8,2,10文山區,文山區景興路202巷與景後街口口,0,0,2,1,C03,6,6,5,30,4,1,1,4,4,5,13,3,1,10,5,5,2,15,2,57,2,9,6,1,7,9,1,10,1,11,,84,,1,21,121.5428958,24.9920852
113,4,26,12,8,2,10文山區,文山區景興路202巷與景後街口口,0,0,2,2,C03,6,6,5,30,4,1,1,4,4,5,13,3,1,10,5,5,2,15,2,65,2,9,6,1,7,9,1,10,1,14,,44,,1,21,121.5428958,24.9920852
113,4,26,12,57,2,01大同區,大同區民族西路282巷與民族西路口,0,0,1,1,B01,6,6,5,50,3,2,1,4,4,5,13,4,4,5,2,5,2,17,1,42,3,10,7,1,7,1,1,4,1,4,,19,,1,21,121.5115685,25.0686213
113,4,26,12,57,2,01大同區,大同區民族西路282巷與民族西路口,0,0,1,2,C03,6,6,5,50,3,2,1,4,4,5,13,4,4,5,2,5,2,17,1,21,2,9,5,1,7,9,1,10,1,11,,44,,1,21,121.5115685,25.0686213