發生年度,發生月,發生日,發生時-Hours,發生分,處理別-編號,區序,肇事地點,死亡人數,2-30日死亡人數,受傷人數,當事人序號,車種,天候,道路照明設備,道路類別,速限-速度限制,道路型態,事故位置,路面狀況1,路面狀況2,路面狀況3,道路障礙1,道路障礙2,號誌1,號誌2,車道劃分-分向,車道劃分-分道1,車道劃分-分道2,車道劃分-分道3,事故類型及型態,性別,年齡,受傷程度,主要傷處,保護裝置,行動電話,車輛用途,當事者行動狀態,駕駛資格情形,駕駛執照種類,飲酒情形,車輛撞擊部位1,車輛撞擊部位2,肇因碼-個別,肇因碼-主要,個人肇逃否,職業,座標-X,座標-Y
113,4,26,13,4,2,04大安區,大安區復興南路2段279號前,0,0,1,1,B01,6,7,5,50,14,9,1,4,4,5,13,4,4,8,3,5,1,17,1,53,3,10,7,1,7,9,7,19,11,2,,42,,2,22,121.543556,25.0256154
113,4,26,13,4,2,04大安區,大安區復興南路2段279號前,0,0,1,2,B12,6,7,5,50,14,9,1,4,4,5,13,4,4,8,3,5,1,17,1,52,2,7,3,1,7,13,1,8,1,15,,44,,1,26,121.543556,25.0256154
113,4,26,13,22,2,02萬華區,萬華區堤外便道與桂林路口,0,0,1,1,B01,6,6,5,40,3,1,1,4,4,5,13,2,1,9,5,5,2,17,1,49,3,10,3,4,7,6,1,4,1,8,,80,,1,21,121.4963382,25.0391824
113,4,26,13,22,2,02萬華區,萬華區堤外便道與桂林路口,0,0,1,2,C03,6,6,5,40,3,1,1,4,4,5,13,2,1,9,5,5,2,17,1,56,2,9,6,1,7,6,1,10,1,12,,108,,1,22,121.4963382,25.0391824
113,4,26,13,35,2,04大安區,大安區建國高架道第158燈桿,0,0,1,1,B11,6,6,5,70,14,9,1,4,4,5,13,4,4,9,4,5,1,13,1,27,3,10,3,4,7,9,1,8,1,1,,16,,1,22,121.5356866,25.0350353
113,4,26,13,35,2,04大安區,大安區建國高架道第158燈桿,0,0,1,2,B03,6,6,5,70,14,9,1,4,4,5,13,4,4,9,4,5,1,13,2,24,3,10,3,4,7,9,1,8,1,3,,44,,1,22,121.5356866,25.0350353
113,4,26,13,35,2,04大安區,大安區建國高架道第158燈桿,0,0,1,3,B03,6,6,5,70,14,9,1,4,4,5,13,4,4,9,4,5,1,13,1,38,3,10,3,4,7,9,1,8,1,3,,44,,1,22,121.5356866,25.0350353
113,4,26,13,35,2,04大安區,大安區建國高架道第158燈桿,0,0,1,4,H02,6,6,5,70,14,9,1,4,4,5,13,4,4,9,4,5,1,13,2,57,2,3,3,5,7,20,8,20,10,16,,67,,1,22,121.5356866,25.0350353
113,4,26,13,38,2,03中山區,中山區中山北路3段與德惠街口,0,0,4,1,C03,6,6,5,50,3,2,1,4,4,5,13,2,1,1,4,5,2,13,2,29,2,9,6,1,7,14,1,10,1,13,,44,,1,21,121.5225372,25.06676661
113,4,26,13,38,2,03中山區,中山區中山北路3段與德惠街口,0,0,4,2,C03,6,6,5,50,3,2,1,4,4,5,13,2,1,1,4,5,2,13,1,43,2,9,6,1,7,9,1,10,1,11,,16,,1,21,121.5225372,25.06676661
113,4,26,13,38,2,03中山區,中山區中山北路3段與德惠街口,0,0,4,3,C03,6,6,5,50,3,2,1,4,4,5,13,2,1,1,4,5,2,13,2,26,2,9,6,1,7,9,1,10,1,11,,16,,1,21,121.5225372,25.06676661
113,4,26,13,38,2,03中山區,中山區中山北路3段與德惠街口,0,0,4,4,C03,6,6,5,50,3,2,1,4,4,5,13,2,1,1,4,5,2,13,1,44,3,10,6,1,7,14,1,10,1,14,,44,,1,21,121.5225372,25.06676661
113,4,26,13,38,2,03中山區,中山區中山北路3段與德惠街口,0,0,4,5,C03,6,6,5,50,3,2,1,4,4,5,13,2,1,1,4,5,2,13,2,34,2,9,6,1,7,9,1,10,1,12,,16,,1,21,121.5225372,25.06676661
113,4,26,13,59,2,04大安區,大安區辛亥路3段157巷與辛亥路3段口,0,0,2,1,B02,6,5,5,50,5,2,1,4,4,5,13,2,1,8,3,5,1,16,1,73,3,10,7,1,7,6,1,8,1,2,,86,,1,21,121.5491319,25.0170929
113,4,26,13,59,2,04大安區,大安區辛亥路3段157巷與辛亥路3段口,0,0,2,2,C03,6,5,5,50,5,2,1,4,4,5,13,2,1,8,3,5,1,16,1,36,2,9,6,1,7,9,1,10,1,11,,44,,1,21,121.5491319,25.0170929
113,4,26,13,59,2,04大安區,大安區辛亥路3段157巷與辛亥路3段口,0,0,2,3,H02,6,5,5,50,5,2,1,4,4,5,13,2,1,8,3,5,1,16,2,51,2,9,4,5,7,21,8,20,10,16,,67,,1,21,121.5491319,25.0170929
113,4,26,14,34,2,05中正區,中正區南海路與惠安街口,0,0,1,2,C03,6,7,5,50,3,2,1,4,4,5,13,1,1,5,4,4,2,17,2,59,2,9,5,1,7,9,1,10,1,12,,116,,1,22,121.5080388,25.0281267
113,4,26,14,34,2,05中正區,中正區南海路與惠安街口,0,0,1,1,B03,6,7,5,50,3,2,1,4,4,5,13,1,1,5,4,4,2,17,1,55,3,10,7,1,7,8,1,7,9,17,,100,,1,22,121.5080388,25.0281267
113,4,26,14,38,2,12內湖區,內湖區潭美街與安美街口,0,0,2,1,C03,6,7,5,40,5,1,1,4,4,5,13,2,1,9,4,5,2,13,1,33,2,9,6,1,7,9,1,10,1,11,,16,,1,21,121.5971511,25.06043343
113,4,26,14,38,2,12內湖區,內湖區潭美街與安美街口,0,0,2,2,C03,6,7,5,40,5,1,1,4,4,5,13,2,1,9,4,5,2,13,2,40,2,9,6,1,7,12,1,10,1,13,,44,,1,21,121.5971511,25.06043343
113,4,26,14,45,2,10文山區,文山區萬壽路與指南路2段197巷口口,0,0,1,1,C03,7,6,5,30,3,1,1,4,4,5,13,3,1,10,5,5,1,16,1,22,2,6,6,1,7,5,1,10,1,14,,71,,1,25,121.5776319,24.9887872
113,4,26,14,45,2,10文山區,文山區萬壽路與指南路2段197巷口口,0,0,1,2,A02,7,6,5,30,3,1,1,4,4,5,13,3,1,10,5,5,1,16,1,52,3,10,7,1,7,9,1,2,1,8,,108,,1,21,121.5776319,24.9887872
113,4,26,14,55,2,11南港區,南港區忠孝東路6段與忠孝東路6段278巷口口,0,0,1,1,B03,7,6,5,50,3,1,1,4,4,5,13,2,1,1,4,5,2,16,1,59,3,10,7,1,7,11,1,8,1,2,,10,,1,21,121.5891451,25.049166
113,4,26,14,55,2,11南港區,南港區忠孝東路6段與忠孝東路6段278巷口口,0,0,1,2,C03,7,6,5,50,3,1,1,4,4,5,13,2,1,1,4,5,2,16,1,22,2,9,6,1,7,9,1,10,1,11,,44,,1,21,121.5891451,25.049166
113,4,26,15,35,2,12內湖區,內湖區民權東路6段56巷與行忠路口,0,0,2,1,C03,8,6,5,50,4,1,1,4,4,5,13,2,1,1,4,5,2,17,1,23,3,10,6,1,7,8,1,10,1,17,,100,,1,21,121.5856837,25.0663199
113,4,26,15,35,2,12內湖區,內湖區民權東路6段56巷與行忠路口,0,0,2,2,C03,8,6,5,50,4,1,1,4,4,5,13,2,1,1,4,5,2,17,2,27,2,7,5,1,7,9,1,10,1,17,,44,,1,21,121.5856837,25.0663199
113,4,26,15,35,2,12內湖區,內湖區民權東路6段56巷與行忠路口,0,0,2,3,H02,8,6,5,50,4,1,1,4,4,5,13,2,1,1,4,5,2,17,2,29,2,7,5,5,7,21,8,20,10,17,,67,,1,21,121.5856837,25.0663199
113,4,26,16,13,2,11南港區,南港區玉成街77號,0,0,1,1,B01,8,7,5,30,14,9,1,5,4,5,13,4,4,9,4,5,2,16,1,40,3,10,3,4,7,11,1,4,1,1,,10,,1,21,121.5815473,25.0485058
113,4,26,16,13,2,11南港區,南港區玉成街77號,0,0,1,2,C04,8,7,5,30,14,9,1,5,4,5,13,4,4,9,4,5,2,16,2,27,2,9,3,4,7,9,1,10,1,14,,44,,1,21,121.5815473,25.0485058
113,4,26,16,22,2,10文山區,文山區興隆路3段與興德路口,0,0,1,1,B03,8,6,5,50,3,1,1,5,4,5,13,2,1,1,4,5,2,16,1,67,3,10,7,1,7,5,1,8,1,5,,8,,1,21,121.5552511,25.0006546
113,4,26,16,22,2,10文山區,文山區興隆路3段與興德路口,0,0,1,2,C03,8,6,5,50,3,1,1,5,4,5,13,2,1,1,4,5,2,16,2,38,2,9,5,1,7,9,1,10,1,11,,44,,1,21,121.5552511,25.0006546
113,4,26,16,34,2,07信義區,信義區松仁路與莊敬路口,0,0,1,1,C03,6,6,5,50,4,1,1,4,4,5,13,1,1,9,3,5,2,18,2,32,2,9,6,1,7,15,1,10,1,12,,42,,1,21,121.5683399,25.0267758
113,4,26,16,34,2,07信義區,信義區松仁路與莊敬路口,0,0,1,2,,6,6,5,50,4,1,1,4,4,5,13,1,1,9,3,5,2,18,3,0,,,,,,,,,,,,67,,1,,121.5683399,25.0267758
113,4,26,16,45,2,10文山區,文山區萬芳路17號,0,0,1,1,B03,7,6,5,50,14,9,1,5,4,5,13,4,4,5,4,5,2,12,4,30,,,,,,,,,11,,,108,,2,,121.5657596,24.9986405
113,4,26,16,45,2,10文山區,文山區萬芳路17號,0,0,1,2,F01,7,6,5,50,14,9,1,5,4,5,13,4,4,5,4,5,2,12,2,36,2,7,2,1,7,9,8,20,1,17,,44,,1,21,121.5657596,24.9986405
113,4,26,17,39,2,03中山區,中山區林森北路40號,0,0,1,1,C03,7,6,5,50,14,10,1,5,4,5,13,4,4,8,3,4,2,17,1,23,3,10,6,1,7,9,3,18,1,14,,108,,1,21,121.5241394,25.0482228
113,4,26,17,39,2,03中山區,中山區林森北路40號,0,0,1,2,A02,7,6,5,50,14,10,1,5,4,5,13,4,4,8,3,4,2,17,1,57,3,10,7,1,7,14,1,2,1,17,,38,,1,21,121.5241394,25.0482228
113,4,26,17,39,2,03中山區,中山區林森北路40號,0,0,1,3,H02,7,6,5,50,14,10,1,5,4,5,13,4,4,8,3,4,2,17,2,50,2,8,4,5,7,17,8,20,10,16,,67,,1,21,121.5241394,25.0482228
113,4,26,17,46,2,08士林區,士林區至誠路2段40號,0,0,1,1,B03,8,5,5,40,14,9,1,5,4,5,13,4,4,9,4,5,1,17,1,60,3,10,3,4,7,5,1,8,9,17,,8,,2,21,121.528786,25.1017728
113,4,26,17,46,2,08士林區,士林區至誠路2段40號,0,0,1,2,C03,8,5,5,40,14,9,1,5,4,5,13,4,4,9,4,5,1,17,2,27,2,9,3,4,7,9,1,10,1,17,,44,,1,21,121.528786,25.1017728
113,4,26,17,47,2,07信義區,信義區信義路6段與虎林街口口,0,0,1,1,F01,7,6,5,50,4,1,1,5,4,5,13,2,1,3,4,5,2,12,2,47,2,9,4,4,7,9,8,20,2,14,,17,,1,21,121.5777588,25.0360497
113,4,26,17,47,2,07信義區,信義區信義路6段與虎林街口口,0,0,1,2,A02,7,6,5,50,4,1,1,5,4,5,13,2,1,3,4,5,2,12,1,26,3,10,3,4,7,9,1,2,2,2,,44,,1,21,121.5777588,25.0360497
113,4,26,17,48,2,07信義區,信義區松仁路與興雅路口,0,0,2,1,C03,8,6,5,50,3,1,1,4,4,5,13,4,4,1,4,5,2,11,1,77,2,9,5,1,7,9,1,10,2,14,,118,,1,21,121.5683806,25.0399076
113,4,26,17,48,2,07信義區,信義區松仁路與興雅路口,0,0,2,2,C03,8,6,5,50,3,1,1,4,4,5,13,4,4,1,4,5,2,11,1,22,3,10,5,1,7,9,1,10,2,12,,118,,1,21,121.5683806,25.0399076
113,4,26,17,48,2,07信義區,信義區松仁路與興雅路口,0,0,2,3,H02,8,6,5,50,3,1,1,4,4,5,13,4,4,1,4,5,2,11,2,75,2,8,5,5,7,20,8,20,10,16,,67,,1,21,121.5683806,25.0399076
113,4,26,18,0,2,07信義區,信義區忠孝東路4段與基隆路1段口,0,0,1,1,C03,6,6,5,50,4,1,1,4,4,5,13,2,1,1,4,5,1,17,2,26,2,8,3,4,7,9,1,10,9,12,,42,,1,21,121.5642049,25.0410707
113,4,26,18,0,2,07信義區,信義區忠孝東路4段與基隆路1段口,0,0,1,2,C03,6,6,5,50,4,1,1,4,4,5,13,2,1,1,4,5,1,17,1,47,3,10,3,4,7,14,1,10,9,17,,44,,1,21,121.5642049,25.0410707
113,4,26,18,10,2,04大安區,大安區辛亥路3段與基隆路3段口,0,0,1,1,B03,7,5,5,50,4,2,1,4,4,5,13,2,1,8,3,5,1,12,2,70,3,10,7,1,7,12,1,8,1,5,,108,,1,21,121.5465246,25.0191869
113,4,26,18,10,2,04大安區,大安區辛亥路3段與基隆路3段口,0,0,1,2,C03,7,5,5,50,4,2,1,4,4,5,13,2,1,8,3,5,1,12,1,54,2,8,5,1,7,14,1,10,1,14,,44,,1,21,121.5465246,25.0191869
113,4,26,18,16,2,12內湖區,內湖區金豐街與石潭路131巷口,0,0,3,1,B01,7,7,5,50,3,2,1,5,4,5,13,1,1,5,5,5,2,16,1,60,3,10,7,1,7,5,1,4,1,8,,71,,1,21,121.5890255,25.0646188
113,4,26,18,16,2,12內湖區,內湖區金豐街與石潭路131巷口,0,0,3,2,C03,7,7,5,50,3,2,1,5,4,5,13,1,1,5,5,5,2,16,1,21,2,9,5,1,7,9,1,10,1,14,,44,,1,21,121.5890255,25.0646188
113,4,26,18,16,2,12內湖區,內湖區金豐街與石潭路131巷口,0,0,3,3,H01,7,7,5,50,3,2,1,5,4,5,13,1,1,5,5,5,2,16,2,26,2,9,4,5,8,17,8,20,10,16,,67,,1,21,121.5890255,25.0646188
113,4,26,18,16,2,12內湖區,內湖區金豐街與石潭路131巷口,0,0,3,4,H01,7,7,5,50,3,2,1,5,4,5,13,1,1,5,5,5,2,16,2,24,2,8,4,5,8,17,8,20,10,16,,67,,1,21,121.5890255,25.0646188
113,4,26,19,14,2,03中山區,中山區中山北路3段54號,0,0,1,1,C03,7,5,5,50,14,9,1,4,4,5,13,4,4,1,4,5,2,13,1,30,2,9,5,1,7,9,1,10,1,11,,108,,1,22,121.5223236,25.06822205
113,4,26,19,14,2,03中山區,中山區中山北路3段54號,0,0,1,2,B01,7,5,5,50,14,9,1,4,4,5,13,4,4,1,4,5,2,13,1,61,3,10,7,1,7,8,1,4,1,6,,100,,1,22,121.5223236,25.06822205
113,4,26,19,36,2,03中山區,中山區龍江路356巷55號,0,0,2,2,C03,8,5,5,50,14,9,1,5,4,5,13,4,4,7,4,5,2,3,1,52,2,9,6,4,7,9,6,10,1,11,,108,,1,21,121.5386967,25.0659922
113,4,26,19,36,2,03中山區,中山區龍江路356巷55號,0,0,2,1,H01,8,5,5,50,14,9,1,5,4,5,13,4,4,7,4,5,2,3,1,56,2,9,4,5,8,16,8,20,10,16,,121,,1,21,121.5386967,25.0659922
113,4,26,19,40,2,10文山區,文山區興隆路4段101巷10號前,0,0,1,1,C03,8,5,5,30,14,9,1,5,4,5,13,4,4,10,5,5,2,11,1,27,3,10,5,1,7,9,1,10,1,11,,17,,1,21,121.5606344,24.98817433
113,4,26,19,40,2,10文山區,文山區興隆路4段101巷10號前,0,0,1,2,C03,8,5,5,30,14,9,1,5,4,5,13,4,4,10,5,5,2,11,2,47,2,7,5,1,7,9,1,10,1,11,,17,,1,21,121.5606344,24.98817433
113,4,26,19,45,2,03中山區,中山區內湖路1段32巷與內湖路口側附近1段口,0,0,1,1,C03,7,5,5,50,3,2,1,5,4,5,13,1,1,1,4,5,2,13,1,19,2,9,5,1,7,9,1,10,1,11,,108,,1,22,121.5595651,25.08477988
113,4,26,19,45,2,03中山區,中山區內湖路1段32巷與內湖路口側附近1段口,0,0,1,2,B03,7,5,5,50,3,2,1,5,4,5,13,1,1,1,4,5,2,13,1,33,3,10,7,1,7,9,1,8,1,7,,44,,1,22,121.5595651,25.08477988
113,4,26,19,50,2,09北投區,北投區珠海路50號,0,0,1,1,B03,8,5,5,50,14,9,1,5,4,5,13,4,4,9,4,5,1,11,1,30,3,10,7,1,7,7,1,8,1,17,,100,,1,21,121.5040445,25.139684
113,4,26,19,50,2,09北投區,北投區珠海路50號,0,0,1,2,C03,8,5,5,50,14,9,1,5,4,5,13,4,4,9,4,5,1,11,2,43,2,8,6,1,7,9,1,10,1,17,,44,,1,21,121.5040445,25.139684
113,4,26,19,50,2,09北投區,北投區珠海路50號,0,0,1,3,B01,8,5,5,50,14,9,1,5,4,5,13,4,4,9,4,5,1,11,1,57,3,10,7,1,7,14,1,4,9,17,,38,,1,21,121.5040445,25.139684
113,4,26,19,59,2,06松山區,松山區塔悠路與南京東路5段口,0,0,1,1,B03,7,5,5,50,5,1,1,5,4,5,13,2,1,1,4,1,2,12,1,28,3,10,7,1,7,15,1,8,2,2,,17,,1,26,121.5704627,25.0513267
113,4,26,19,59,2,06松山區,松山區塔悠路與南京東路5段口,0,0,1,2,C03,7,5,5,50,5,1,1,5,4,5,13,2,1,1,4,1,2,12,1,42,2,9,5,1,7,15,1,10,2,14,,17,,1,26,121.5704627,25.0513267
113,4,26,20,0,2,12內湖區,內湖區新明路22號,0,0,1,1,C03,8,5,5,30,14,9,1,5,4,5,13,3,1,5,4,5,2,11,2,20,2,9,6,1,7,11,1,10,1,12,,10,,1,22,121.5906419,25.0601637
113,4,26,20,0,2,12內湖區,內湖區新明路22號,0,0,1,2,B12,8,5,5,30,14,9,1,5,4,5,13,3,1,5,4,5,2,11,2,53,3,10,3,4,7,8,1,8,1,4,,44,,1,22,121.5906419,25.0601637
113,4,26,20,20,2,10文山區,文山區木新路2段111巷12弄18號與木新路2段111巷12弄口,0,0,2,1,B01,7,5,5,30,3,1,1,5,4,5,13,4,4,10,5,5,1,17,1,57,3,10,7,1,7,5,1,4,1,1,,72,,1,21,121.5698259,24.9833514
113,4,26,20,20,2,10文山區,文山區木新路2段111巷12弄18號與木新路2段111巷12弄口,0,0,2,2,C03,7,5,5,30,3,1,1,5,4,5,13,4,4,10,5,5,1,17,1,20,2,7,6,1,7,9,1,10,1,11,,14,,1,25,121.5698259,24.9833514
113,4,26,20,20,2,10文山區,文山區木新路2段111巷12弄18號與木新路2段111巷12弄口,0,0,2,3,C02,7,5,5,30,3,1,1,5,4,5,13,4,4,10,5,5,1,17,1,39,2,8,6,1,7,9,1,9,1,11,,14,,1,21,121.5698259,24.9833514
113,4,26,20,44,2,01大同區,大同區南京西路與太原路口,0,0,1,1,C03,7,5,5,40,5,1,1,5,4,5,13,4,4,1,5,4,2,13,1,48,2,9,6,1,7,9,1,10,2,11,,108,,1,21,121.5162847,25.0536624
113,4,26,20,44,2,01大同區,大同區南京西路與太原路口,0,0,1,2,B12,7,5,5,40,5,1,1,5,4,5,13,4,4,1,5,4,2,13,1,23,3,10,7,1,7,6,1,8,2,3,,9,,1,21,121.5162847,25.0536624
113,4,26,21,12,2,10文山區,文山區保儀路與永安街22巷口口,0,0,1,1,C03,8,5,5,50,4,2,1,5,4,5,13,2,1,10,5,5,2,18,1,65,2,9,5,1,7,6,1,10,1,12,,42,,1,21,121.5683558,24.98681644
113,4,26,21,12,2,10文山區,文山區保儀路與永安街22巷口口,0,0,1,2,,8,5,5,50,4,2,1,5,4,5,13,2,1,10,5,5,2,18,3,0,,,,,,,,,,,,67,,1,,121.5683558,24.98681644
113,4,26,21,40,2,05中正區,中正區中華路1段與衡陽路口,0,0,1,1,C03,8,5,5,50,5,2,1,5,4,5,13,1,1,1,4,1,2,17,1,20,2,9,6,1,7,9,1,10,2,11,,16,,1,21,121.5084232,25.04225417
113,4,26,21,40,2,05中正區,中正區中華路1段與衡陽路口,0,0,1,2,B01,8,5,5,50,5,2,1,5,4,5,13,1,1,1,4,1,2,17,1,64,3,10,7,1,7,12,1,4,2,3,,44,,1,21,121.5084232,25.04225417
113,4,26,21,40,2,05中正區,中正區中華路1段與衡陽路口,0,0,1,3,B01,8,5,5,50,5,2,1,5,4,5,13,1,1,1,4,1,2,17,1,69,3,10,7,1,7,9,1,4,2,5,,44,,1,21,121.5084232,25.04225417
113,4,26,22,13,2,03中山區,中山區中山北路2段與民權西路口,0,0,2,1,C03,7,5,5,50,4,1,1,5,4,5,13,1,1,1,4,5,2,16,1,20,3,10,6,1,7,8,1,10,1,12,,100,,1,21,121.522711,25.06266663
113,4,26,22,13,2,03中山區,中山區中山北路2段與民權西路口,0,0,2,2,C03,7,5,5,50,4,1,1,5,4,5,13,1,1,1,4,5,2,16,1,33,2,9,6,1,7,9,1,10,1,14,,44,,1,21,121.522711,25.06266663
113,4,26,22,13,2,03中山區,中山區中山北路2段與民權西路口,0,0,2,3,H02,7,5,5,50,4,1,1,5,4,5,13,1,1,1,4,5,2,16,2,38,2,9,6,5,7,21,8,20,10,16,,67,,1,21,121.522711,25.06266663
113,4,26,22,24,2,02萬華區,萬華區華江橋機車道往新北市近001050號燈桿,0,0,3,1,C03,7,5,7,40,14,11,1,5,4,5,13,4,4,10,3,5,1,13,1,18,2,9,3,4,7,9,1,10,1,11,,16,,1,22,121.507076,25.03516428
113,4,26,22,24,2,02萬華區,萬華區華江橋機車道往新北市近001050號燈桿,0,0,3,2,C03,7,5,7,40,14,11,1,5,4,5,13,4,4,10,3,5,1,13,2,39,2,9,3,4,7,9,1,10,1,13,,44,,1,22,121.507076,25.03516428
113,4,26,22,24,2,02萬華區,萬華區華江橋機車道往新北市近001050號燈桿,0,0,3,3,H02,7,5,7,40,14,11,1,5,4,5,13,4,4,10,3,5,1,13,2,17,2,9,3,5,7,20,8,20,10,16,,67,,1,22,121.507076,25.03516428
113,4,26,22,50,2,05中正區,中正區汀州路2段與廈門街81巷口,0,0,2,1,C03,7,5,5,50,4,2,2,5,4,5,13,4,4,9,5,5,2,16,1,31,2,8,6,1,7,6,1,10,1,12,,74,,1,22,121.5212401,25.0244069
113,4,26,22,50,2,05中正區,中正區汀州路2段與廈門街81巷口,0,0,2,2,C03,7,5,5,50,4,2,2,5,4,5,13,4,4,9,5,5,2,16,1,58,2,9,6,1,7,9,1,10,1,14,,14,,1,22,121.5212401,25.0244069
113,4,27,3,52,2,08士林區,士林區基河路與基河路251巷口,0,0,2,1,B12,8,5,5,50,4,1,1,5,4,5,13,2,1,5,4,5,2,17,1,39,3,10,7,1,7,5,1,8,2,8,,8,,1,21,121.5215395,25.0914088
113,4,27,3,52,2,08士林區,士林區基河路與基河路251巷口,0,0,2,2,C03,8,5,5,50,4,1,1,5,4,5,13,2,1,5,4,5,2,17,1,19,2,8,6,1,7,9,1,10,2,12,,44,,1,21,121.5215395,25.0914088
113,4,27,3,52,2,08士林區,士林區基河路與基河路251巷口,0,0,2,3,H02,8,5,5,50,4,1,1,5,4,5,13,2,1,5,4,5,2,17,1,18,2,9,5,5,7,20,8,20,10,16,,67,,1,21,121.5215395,25.0914088
113,4,27,6,14,2,09北投區,北投區尊賢街302巷與吉利街142巷口,0,0,1,1,B03,8,7,5,30,4,1,1,5,4,5,13,4,4,10,5,5,2,15,2,48,3,10,7,1,7,9,1,8,2,8,,72,,1,21,121.5078297,25.1181323
113,4,27,6,14,2,09北投區,北投區尊賢街302巷與吉利街142巷口,0,0,1,2,C03,8,7,5,30,4,1,1,5,4,5,13,4,4,10,5,5,2,15,2,49,2,9,6,1,7,9,1,10,2,11,,14,,1,21,121.5078297,25.1181323
113,4,27,7,55,2,03中山區,中山區中山北路4段與新生高架道口圓山匝道,0,0,1,1,B01,7,7,5,50,4,2,1,5,4,5,13,1,1,1,4,5,2,17,1,59,3,10,7,1,7,9,1,4,1,7,,42,,2,21,121.5254004,25.076382
113,4,27,7,55,2,03中山區,中山區中山北路4段與新生高架道口圓山匝道,0,0,1,2,C03,7,7,5,50,4,2,1,5,4,5,13,1,1,1,4,5,2,17,1,43,2,9,6,1,7,5,1,10,1,12,,8,,1,21,121.5254004,25.076382
113,4,27,8,0,2,03中山區,中山區長春路與伊通街口,0,0,1,1,B03,8,6,5,50,4,1,1,5,4,5,13,1,1,5,4,5,2,17,1,72,3,10,7,1,7,5,1,8,1,5,,71,,1,21,121.5348305,25.05475198
113,4,27,8,0,2,03中山區,中山區長春路與伊通街口,0,0,1,2,C03,8,6,5,50,4,1,1,5,4,5,13,1,1,5,4,5,2,17,1,32,2,9,6,1,7,9,1,10,1,11,,44,,1,21,121.5348305,25.05475198
113,4,27,8,0,2,12內湖區,內湖區康寧路3段與康寧路3段165巷口,0,0,1,1,C03,8,7,8,50,4,1,1,5,4,5,13,1,1,1,4,5,1,16,2,23,4,11,5,1,7,5,1,10,9,12,,71,,2,21,121.6113501,25.07048574
113,4,27,8,0,2,12內湖區,內湖區康寧路3段與康寧路3段165巷口,0,0,1,2,C03,8,7,8,50,4,1,1,5,4,5,13,1,1,1,4,5,1,16,2,37,2,8,3,4,7,9,1,10,1,11,,44,,1,22,121.6113501,25.07048574
113,4,27,8,45,2,12內湖區,內湖區五分街72巷與東湖路160巷口,0,0,1,1,C03,8,6,5,30,3,1,1,5,4,5,13,4,4,10,5,5,2,16,1,26,3,10,6,1,7,5,1,10,2,13,,72,,1,21,121.616385,25.06626627
113,4,27,8,45,2,12內湖區,內湖區五分街72巷與東湖路160巷口,0,0,1,2,C03,8,6,5,30,3,1,1,5,4,5,13,4,4,10,5,5,2,16,2,59,2,9,6,1,7,9,1,10,2,11,,44,,1,21,121.616385,25.06626627
113,4,27,8,59,2,02萬華區,萬華區桂林路與柳州街口,0,0,1,1,B11,7,7,5,50,4,2,1,5,4,5,13,1,1,5,4,5,1,17,1,63,3,10,7,1,7,5,1,2,2,5,,80,,1,21,121.5050883,25.0377288
113,4,27,8,59,2,02萬華區,萬華區桂林路與柳州街口,0,0,1,2,C03,7,7,5,50,4,2,1,5,4,5,13,1,1,5,4,5,1,17,1,20,2,9,6,1,7,9,1,10,2,14,,108,,1,21,121.5050883,25.0377288
113,4,27,9,15,2,09北投區,北投區承德路7段與石牌路1段口,0,0,3,1,C03,8,6,5,50,3,2,1,5,4,5,13,2,1,1,4,4,2,17,1,65,2,9,6,1,7,8,6,18,1,13,,100,,1,22,121.5090328,25.1124702
113,4,27,9,15,2,09北投區,北投區承德路7段與石牌路1段口,0,0,3,2,C03,8,6,5,50,3,2,1,5,4,5,13,2,1,1,4,4,2,17,1,40,2,9,6,1,7,9,1,10,1,11,,108,,1,22,121.5090328,25.1124702
113,4,27,9,15,2,09北投區,北投區承德路7段與石牌路1段口,0,0,3,3,C03,8,6,5,50,3,2,1,5,4,5,13,2,1,1,4,4,2,17,2,21,2,7,6,1,7,9,1,10,1,11,,44,,1,22,121.5090328,25.1124702
113,4,27,9,30,2,09北投區,北投區關渡自行車道(基隆河右岸1.0KM牌面處),0,0,1,1,F01,8,7,5,0,3,2,1,5,4,5,13,4,4,5,4,5,1,16,1,13,3,10,4,1,7,6,8,20,9,11,,42,,1,15,121.4645606,25.11596694
113,4,27,9,30,2,09北投區,北投區關渡自行車道(基隆河右岸1.0KM牌面處),0,0,1,2,F01,8,7,5,0,3,2,1,5,4,5,13,4,4,5,4,5,1,16,1,13,2,7,4,1,7,9,8,20,2,14,,44,,1,22,121.4645606,25.11596694
113,4,27,9,38,2,03中山區,中山區建國高架道南下機車道,0,0,3,1,C03,7,7,5,40,10,8,1,5,4,5,13,4,4,2,4,4,2,13,1,56,2,1,3,4,7,9,1,10,1,11,,16,,1,22,121.5365339,25.04771178
113,4,27,9,38,2,03中山區,中山區建國高架道南下機車道,0,0,3,2,C03,7,7,5,40,10,8,1,5,4,5,13,4,4,2,4,4,2,13,2,28,2,8,3,4,7,12,1,10,1,13,,44,,1,21,121.5365339,25.04771178
113,4,27,9,38,2,03中山區,中山區建國高架道南下機車道,0,0,3,3,C03,7,7,5,40,10,8,1,5,4,5,13,4,4,2,4,4,2,13,1,56,3,10,3,4,7,12,1,10,1,12,,44,,1,21,121.5365339,25.04771178
113,4,27,9,38,2,03中山區,中山區建國高架道南下機車道,0,0,3,4,C03,7,7,5,40,10,8,1,5,4,5,13,4,4,2,4,4,2,13,1,40,2,7,3,4,7,9,1,10,1,12,,44,,1,21,121.5365339,25.04771178