發生年度,發生月,發生日,發生時-Hours,發生分,處理別-編號,區序,肇事地點,死亡人數,2-30日死亡人數,受傷人數,當事人序號,車種,天候,道路照明設備,道路類別,速限-速度限制,道路型態,事故位置,路面狀況1,路面狀況2,路面狀況3,道路障礙1,道路障礙2,號誌1,號誌2,車道劃分-分向,車道劃分-分道1,車道劃分-分道2,車道劃分-分道3,事故類型及型態,性別,年齡,受傷程度,主要傷處,保護裝置,行動電話,車輛用途,當事者行動狀態,駕駛資格情形,駕駛執照種類,飲酒情形,車輛撞擊部位1,車輛撞擊部位2,肇因碼-個別,肇因碼-主要,個人肇逃否,職業,座標-X,座標-Y
113,4,27,9,38,2,03中山區,中山區建國高架道南下機車道,0,0,3,5,C03,7,7,5,40,10,8,1,5,4,5,13,4,4,2,4,4,2,13,1,70,3,10,3,4,7,12,1,10,1,17,,14,,1,21,121.5365339,25.04771178
113,4,27,10,4,2,07信義區,信義區吳興街1號,0,0,1,1,C03,8,7,5,30,14,24,1,5,4,5,13,4,4,10,5,5,2,10,2,49,3,10,6,1,7,1,1,10,1,11,,19,,1,21,121.5592734,25.0317822
113,4,27,10,4,2,07信義區,信義區吳興街1號,0,0,1,2,F01,8,7,5,30,14,24,1,5,4,5,13,4,4,10,5,5,2,10,2,69,2,5,4,1,7,1,8,20,1,11,,19,,1,21,121.5592734,25.0317822
113,4,27,10,15,2,12內湖區,內湖區成功路5段31號,0,0,2,1,C04,8,6,5,50,14,8,1,5,4,5,13,4,4,1,4,5,2,13,2,39,2,9,6,1,7,9,1,11,2,11,,108,,1,21,121.60382,25.0827692
113,4,27,10,15,2,12內湖區,內湖區成功路5段31號,0,0,2,2,C03,8,6,5,50,14,8,1,5,4,5,13,4,4,1,4,5,2,13,1,26,2,9,6,1,7,14,1,10,2,13,,44,,1,21,121.60382,25.0827692
113,4,27,10,15,2,12內湖區,內湖區成功路5段31號,0,0,2,4,H02,8,6,5,50,14,8,1,5,4,5,13,4,4,1,4,5,2,13,2,6,3,10,6,5,7,21,8,20,10,16,,67,,1,21,121.60382,25.0827692
113,4,27,10,15,2,12內湖區,內湖區成功路5段31號,0,0,2,3,C03,8,6,5,50,14,8,1,5,4,5,13,4,4,1,4,5,2,13,1,63,3,10,3,4,7,13,1,10,11,13,,44,,1,21,121.60382,25.0827692
113,4,27,10,47,2,03中山區,中山區農安街與建國北路3段口,0,0,2,1,C03,8,6,5,50,4,1,1,5,4,5,13,1,1,1,4,5,2,13,2,33,2,9,6,1,7,9,6,10,1,11,,16,,1,21,121.5365601,25.0648713
113,4,27,10,47,2,03中山區,中山區農安街與建國北路3段口,0,0,2,2,C03,8,6,5,50,4,1,1,5,4,5,13,1,1,1,4,5,2,13,1,19,2,9,6,1,7,12,1,10,1,13,,44,,1,21,121.5365601,25.0648713
113,4,27,10,50,2,07信義區,信義區信義路5段100號,0,0,1,1,B02,8,5,5,50,14,9,1,5,4,5,13,4,4,9,4,5,2,17,2,52,3,10,7,1,7,6,1,8,9,2,,9,,1,21,121.5677417,25.0327591
113,4,27,10,50,2,07信義區,信義區信義路5段100號,0,0,1,2,C03,8,5,5,50,14,9,1,5,4,5,13,4,4,9,4,5,2,17,2,51,2,9,5,1,7,9,1,10,1,14,,44,,1,21,121.5677417,25.0327591
113,4,27,11,1,2,02萬華區,萬華區桂林路246巷與環河南路2段130巷口,0,0,5,1,C03,8,6,5,30,14,9,1,5,4,5,13,4,4,10,5,5,2,12,1,52,2,9,6,1,7,9,1,10,1,13,,44,,1,21,121.4934606,25.03738318
113,4,27,11,1,2,02萬華區,萬華區桂林路246巷與環河南路2段130巷口,0,0,5,2,C03,8,6,5,30,14,9,1,5,4,5,13,4,4,10,5,5,2,12,2,53,2,9,6,1,7,9,1,10,1,11,,108,,1,21,121.4934606,25.03738318
113,4,27,11,1,2,02萬華區,萬華區桂林路246巷與環河南路2段130巷口,0,0,5,3,C03,8,6,5,30,14,9,1,5,4,5,13,4,4,10,5,5,2,12,2,46,3,10,6,1,7,9,1,10,1,11,,44,,1,21,121.4934606,25.03738318
113,4,27,11,1,2,02萬華區,萬華區桂林路246巷與環河南路2段130巷口,0,0,5,4,C03,8,6,5,30,14,9,1,5,4,5,13,4,4,10,5,5,2,12,2,26,2,9,6,1,7,9,1,10,1,13,,44,,1,21,121.4934606,25.03738318
113,4,27,11,1,2,02萬華區,萬華區桂林路246巷與環河南路2段130巷口,0,0,5,5,C03,8,6,5,30,14,9,1,5,4,5,13,4,4,10,5,5,2,12,1,23,2,9,6,1,7,9,1,10,1,11,,108,,1,21,121.4934606,25.03738318
113,4,27,11,1,2,02萬華區,萬華區桂林路246巷與環河南路2段130巷口,0,0,5,6,H02,8,6,5,30,14,9,1,5,4,5,13,4,4,10,5,5,2,12,1,53,2,9,6,5,7,20,8,20,10,16,,67,,1,21,121.4934606,25.03738318
113,4,27,11,25,2,08士林區,士林區中山北路5段380號,0,0,1,1,C03,8,6,5,50,14,9,1,5,4,5,13,4,4,1,5,5,2,12,2,38,2,9,6,1,7,9,1,10,1,14,,108,,1,22,121.527712,25.0913188
113,4,27,11,25,2,08士林區,士林區中山北路5段380號,0,0,1,2,B12,8,6,5,50,14,9,1,5,4,5,13,4,4,1,5,5,2,12,1,55,3,10,7,1,7,9,1,8,1,2,,44,,1,22,121.527712,25.0913188
113,4,27,11,31,2,06松山區,松山區新中街與新中街12巷口,0,0,1,1,F01,7,7,5,30,3,1,1,5,4,5,13,4,4,9,4,5,2,17,2,75,3,10,4,1,7,5,8,20,1,14,,42,,1,21,121.5603681,25.06035485
113,4,27,11,31,2,06松山區,松山區新中街與新中街12巷口,0,0,1,2,C03,7,7,5,30,3,1,1,5,4,5,13,4,4,9,4,5,2,17,2,64,2,9,6,1,7,5,1,10,1,12,,44,,1,21,121.5603681,25.06035485
113,4,27,11,40,2,08士林區,士林區文林路424號,0,0,1,1,C03,7,5,7,50,14,9,1,5,4,5,13,4,4,5,5,5,1,13,1,22,2,1,5,1,7,9,1,10,1,11,,16,,1,21,121.5247582,25.09445824
113,4,27,11,40,2,08士林區,士林區文林路424號,0,0,1,2,B03,7,5,7,50,14,9,1,5,4,5,13,4,4,5,5,5,1,13,1,64,3,10,7,1,7,15,1,8,1,3,,42,,1,21,121.5247582,25.09445824
113,4,27,11,40,2,11南港區,南港區大坑街與合順街口,0,0,1,1,C03,8,6,8,30,3,2,1,5,4,5,13,4,4,5,4,5,2,16,2,43,2,9,6,1,7,6,1,10,1,14,,80,,1,21,121.6193946,25.0430097
113,4,27,11,40,2,11南港區,南港區大坑街與合順街口,0,0,1,2,B02,8,6,8,30,3,2,1,5,4,5,13,4,4,5,4,5,2,16,2,45,3,10,2,1,7,9,1,8,1,2,,44,,1,21,121.6193946,25.0430097
113,4,27,11,41,2,04大安區,大安區復興南路2段193巷與復興南路2段口,0,0,2,1,B01,8,6,5,50,4,1,1,5,4,5,13,2,1,10,5,5,2,9,1,61,3,10,3,4,7,6,1,2,1,5,,70,,1,21,121.5436627,25.026542
113,4,27,11,41,2,04大安區,大安區復興南路2段193巷與復興南路2段口,0,0,2,2,H01,8,6,5,50,4,1,1,5,4,5,13,2,1,10,5,5,2,9,1,69,2,3,4,5,8,16,8,20,10,16,,123,,1,22,121.5436627,25.026542
113,4,27,11,41,2,04大安區,大安區復興南路2段193巷與復興南路2段口,0,0,2,3,H01,8,6,5,50,4,1,1,5,4,5,13,2,1,10,5,5,2,9,2,65,2,9,4,5,8,16,8,20,10,16,,123,,1,22,121.5436627,25.026542
113,4,27,12,2,2,04大安區,大安區和平東路2段118巷6弄與和平東路2段96巷口,0,0,1,1,C03,8,6,5,30,3,1,1,5,4,5,13,4,4,9,4,5,1,16,1,70,2,9,5,1,7,6,1,10,1,14,,14,,1,21,121.541231,25.0239093
113,4,27,12,2,2,04大安區,大安區和平東路2段118巷6弄與和平東路2段96巷口,0,0,1,2,B03,8,6,5,30,3,1,1,5,4,5,13,4,4,9,4,5,1,16,1,55,3,10,3,4,7,9,1,8,1,5,,14,,1,21,121.541231,25.0239093
113,4,27,12,7,2,01大同區,大同區大稻埕堤外便道南往北(3011919燈桿),0,0,2,1,F01,8,6,8,0,22,22,1,5,4,5,13,4,4,9,4,5,2,9,1,30,2,9,4,1,7,9,8,20,2,15,,108,,1,21,121.508365,25.0617904
113,4,27,12,7,2,01大同區,大同區大稻埕堤外便道南往北(3011919燈桿),0,0,2,2,H01,8,6,8,0,22,22,1,5,4,5,13,4,4,9,4,5,2,9,1,44,2,9,4,5,8,20,8,20,10,16,,60,,1,21,121.508365,25.0617904
113,4,27,12,37,2,04大安區,大安區辛亥路3段往東(自來水廠車道),0,0,3,1,B02,8,7,5,50,14,9,1,5,4,5,13,4,4,8,3,5,1,17,1,35,3,10,7,1,7,6,1,8,1,5,,9,,1,26,121.5493318,25.0165253
113,4,27,12,37,2,04大安區,大安區辛亥路3段往東(自來水廠車道),0,0,3,2,C03,8,7,5,50,14,9,1,5,4,5,13,4,4,8,3,5,1,17,1,35,2,8,5,1,7,9,1,10,1,14,,44,,1,21,121.5493318,25.0165253
113,4,27,12,37,2,04大安區,大安區辛亥路3段往東(自來水廠車道),0,0,3,3,H02,8,7,5,50,14,9,1,5,4,5,13,4,4,8,3,5,1,17,2,33,2,8,5,5,7,20,8,20,10,16,,67,,1,26,121.5493318,25.0165253
113,4,27,12,37,2,04大安區,大安區辛亥路3段往東(自來水廠車道),0,0,3,4,H02,8,7,5,50,14,9,1,5,4,5,13,4,4,8,3,5,1,17,2,4,2,7,5,5,7,21,8,20,10,16,,67,,1,24,121.5493318,25.0165253
113,4,27,12,58,2,10文山區,文山區木新路3段174號,0,0,1,1,C03,8,7,5,50,14,9,1,5,4,5,13,4,4,5,4,5,2,10,2,29,3,10,5,4,7,15,1,10,1,11,,42,,1,21,121.5606998,24.9817412
113,4,27,12,58,2,10文山區,文山區木新路3段174號,0,0,1,2,C03,8,7,5,50,14,9,1,5,4,5,13,4,4,5,4,5,2,10,1,49,2,8,5,4,7,9,1,10,1,11,,42,,1,21,121.5606998,24.9817412
113,4,27,12,58,2,10文山區,文山區木新路3段174號,0,0,1,3,B03,8,7,5,50,14,9,1,5,4,5,13,4,4,5,4,5,2,10,1,55,3,10,3,4,7,13,1,8,1,4,,44,,1,21,121.5606998,24.9817412
113,4,27,13,0,2,05中正區,中正區市民大道2段往東(1001823燈桿),0,0,2,1,F03,7,5,5,40,14,9,1,5,4,5,13,1,1,1,3,1,2,12,2,45,2,7,4,1,7,8,8,20,2,12,,14,,1,21,121.5289999,25.04637196
113,4,27,13,0,2,05中正區,中正區市民大道2段往東(1001823燈桿),0,0,2,2,C03,7,5,5,40,14,9,1,5,4,5,13,1,1,1,3,1,2,12,1,51,2,7,5,1,7,9,1,10,2,14,,13,,1,21,121.5289999,25.04637196
113,4,27,13,5,2,07信義區,信義區忠孝東路5段372巷28弄與忠孝東路5段372巷口,0,0,2,1,B03,8,5,5,30,4,1,1,5,4,5,13,4,4,10,5,5,2,15,1,58,3,10,7,1,7,9,1,8,1,8,,14,,1,21,121.5739848,25.0389278
113,4,27,13,5,2,07信義區,信義區忠孝東路5段372巷28弄與忠孝東路5段372巷口,0,0,2,2,C03,8,5,5,30,4,1,1,5,4,5,13,4,4,10,5,5,2,15,1,27,2,9,5,1,7,9,1,10,1,12,,108,,1,21,121.5739848,25.0389278
113,4,27,13,5,2,07信義區,信義區忠孝東路5段372巷28弄與忠孝東路5段372巷口,0,0,2,3,H02,8,5,5,30,4,1,1,5,4,5,13,4,4,10,5,5,2,15,2,30,2,9,5,5,7,21,8,20,10,16,,67,,1,21,121.5739848,25.0389278
113,4,27,13,8,2,07信義區,信義區和平東路3段461號,0,0,1,1,C03,8,7,5,50,14,9,1,5,4,5,13,1,1,1,4,5,2,18,1,29,2,9,5,1,7,9,1,10,9,12,,108,,1,22,121.5585451,25.0188635
113,4,27,13,8,2,07信義區,信義區和平東路3段461號,0,0,1,2,,8,7,5,50,14,9,1,5,4,5,13,1,1,1,4,5,2,18,3,0,,,,,,,,,,,,67,,1,,121.5585451,25.0188635
113,4,27,13,26,2,08士林區,士林區承德路4段166號,0,0,1,1,B03,7,5,5,50,14,8,1,5,4,5,13,1,1,9,4,4,1,17,2,31,3,10,7,1,7,8,1,8,2,6,,100,,1,21,121.5232249,25.0853925
113,4,27,13,26,2,08士林區,士林區承德路4段166號,0,0,1,2,C03,7,5,5,50,14,8,1,5,4,5,13,1,1,9,4,4,1,17,1,56,2,9,6,1,7,9,1,10,2,11,,13,,1,21,121.5232249,25.0853925
113,4,27,13,41,2,05中正區,中正區南海路與三元街口,0,0,1,1,C02,7,7,5,50,4,1,1,5,4,5,13,1,1,5,4,5,2,17,1,36,2,7,5,1,7,6,1,9,1,12,,9,,1,22,121.5085213,25.0291262
113,4,27,13,41,2,05中正區,中正區南海路與三元街口,0,0,1,2,F01,7,7,5,50,4,1,1,5,4,5,13,1,1,5,4,5,2,17,1,41,3,10,4,1,7,9,8,20,1,14,,108,,1,22,121.5085213,25.0291262
113,4,27,13,55,2,08士林區,士林區德行東路129巷與德行東路口,0,0,1,2,C03,8,6,5,30,4,1,1,5,4,5,13,4,4,5,5,5,2,17,2,22,2,9,6,1,7,9,1,10,1,12,,44,,1,22,121.529107,25.1079848
113,4,27,13,55,2,08士林區,士林區德行東路129巷與德行東路口,0,0,1,1,B03,8,6,5,30,4,1,1,5,4,5,13,4,4,5,5,5,2,17,1,46,3,10,7,1,7,5,1,8,1,1,,72,,1,22,121.529107,25.1079848
113,4,27,14,13,2,05中正區,中正區市民大道1段與承德路1段口,0,0,2,1,C03,7,6,5,40,4,1,1,5,4,5,13,1,1,1,4,5,2,16,1,23,2,8,6,1,7,8,1,10,1,12,,100,,1,22,121.5162811,25.0486725
113,4,27,14,13,2,05中正區,中正區市民大道1段與承德路1段口,0,0,2,2,C03,7,6,5,40,4,1,1,5,4,5,13,1,1,1,4,5,2,16,1,41,2,7,6,1,7,9,1,10,1,14,,44,,1,22,121.5162811,25.0486725
113,4,27,14,29,2,09北投區,北投區知行路與大度路3段口,0,0,1,1,C03,8,6,5,50,4,1,1,5,4,5,13,1,1,5,4,5,1,16,1,52,3,10,6,1,7,5,1,10,1,11,,8,,1,21,121.4669324,25.123068
113,4,27,14,29,2,09北投區,北投區知行路與大度路3段口,0,0,1,2,C03,8,6,5,50,4,1,1,5,4,5,13,1,1,5,4,5,1,16,2,35,2,9,6,1,7,1,1,10,1,11,,19,,1,21,121.4669324,25.123068
113,4,27,15,10,2,05中正區,中正區金山南路1段與濟南路2段口,0,0,2,1,C03,7,5,5,50,4,1,1,5,4,5,13,1,1,5,4,5,2,16,1,32,2,8,5,1,7,6,1,10,1,13,,71,,1,21,121.5291128,25.0408272
113,4,27,15,10,2,05中正區,中正區金山南路1段與濟南路2段口,0,0,2,2,B03,7,5,5,50,4,1,1,5,4,5,13,1,1,5,4,5,2,16,2,49,3,10,7,1,7,9,1,8,1,8,,44,,1,21,121.5291128,25.0408272
113,4,27,15,10,2,05中正區,中正區金山南路1段與濟南路2段口,0,0,2,3,H02,7,5,5,50,4,1,1,5,4,5,13,1,1,5,4,5,2,16,2,30,2,9,5,5,7,21,8,20,10,16,,67,,1,21,121.5291128,25.0408272
113,4,27,15,19,2,06松山區,松山區八德路3段199巷與八德路3段199巷4弄口,0,0,2,1,C03,7,6,5,30,4,1,1,4,4,5,13,4,4,10,5,5,2,15,2,37,2,9,6,4,7,9,1,10,1,14,,72,,1,22,121.5563039,25.04869142
113,4,27,15,19,2,06松山區,松山區八德路3段199巷與八德路3段199巷4弄口,0,0,2,2,C03,7,6,5,30,4,1,1,4,4,5,13,4,4,10,5,5,2,15,1,55,2,9,6,4,7,9,1,10,1,11,,44,,1,22,121.5563039,25.04869142
113,4,27,15,33,2,09北投區,北投區大度路與中央北路2段257巷口,0,0,1,1,B01,7,6,5,70,5,1,1,5,4,5,13,2,1,1,4,1,1,16,1,62,3,10,7,1,7,6,1,4,2,2,,98,,1,21,121.4861986,25.122114
113,4,27,15,33,2,09北投區,北投區大度路與中央北路2段257巷口,0,0,1,2,C03,7,6,5,70,5,1,1,5,4,5,13,2,1,1,4,1,1,16,1,33,2,8,5,1,7,9,6,18,2,11,,13,,1,21,121.4861986,25.122114
113,4,27,15,48,2,04大安區,大安區信義路3段73號,0,0,1,1,B03,7,7,5,50,14,9,1,5,4,5,13,2,1,8,3,5,1,13,1,73,3,10,7,1,7,15,1,8,1,1,,42,,1,21,121.5367664,25.0336041
113,4,27,15,48,2,04大安區,大安區信義路3段73號,0,0,1,2,B03,7,7,5,50,14,9,1,5,4,5,13,2,1,8,3,5,1,13,2,56,2,1,7,1,7,14,1,8,1,3,,44,,1,21,121.5367664,25.0336041
113,4,27,15,50,2,03中山區,中山區民生西路與民生西路3巷口,0,0,1,1,C03,7,7,5,50,3,2,1,5,4,5,13,4,4,5,4,5,2,16,2,59,2,9,5,1,7,5,1,10,1,14,,8,,1,22,121.5217622,25.0577924
113,4,27,15,50,2,03中山區,中山區民生西路與民生西路3巷口,0,0,1,2,B03,7,7,5,50,3,2,1,5,4,5,13,4,4,5,4,5,2,16,1,44,3,10,7,1,7,9,1,4,1,5,,108,,1,22,121.5217622,25.0577924
113,4,27,16,3,2,04大安區,大安區忠孝東路4段147巷與敦化南路1段187巷口口,0,0,3,1,C03,7,7,5,30,4,1,1,5,4,5,13,4,4,10,5,5,1,17,1,30,2,9,6,1,7,9,1,10,1,14,,80,,1,21,121.5496635,25.0425918
113,4,27,16,3,2,04大安區,大安區忠孝東路4段147巷與敦化南路1段187巷口口,0,0,3,2,C03,7,7,5,30,4,1,1,5,4,5,13,4,4,10,5,5,1,17,2,21,2,9,6,1,7,9,1,10,1,11,,108,,1,21,121.5496635,25.0425918
113,4,27,16,3,2,04大安區,大安區忠孝東路4段147巷與敦化南路1段187巷口口,0,0,3,3,H02,7,7,5,30,4,1,1,5,4,5,13,4,4,10,5,5,1,17,2,30,2,9,6,5,7,20,8,20,10,16,,67,,1,21,121.5496635,25.0425918
113,4,27,16,5,2,09北投區,北投區泉源路1209703燈桿,0,0,1,1,C05,7,6,5,50,11,9,1,5,4,5,13,4,4,5,4,5,1,10,2,27,2,9,5,1,7,9,1,10,1,11,,107,,1,21,121.5234832,25.14500285
113,4,27,16,5,2,09北投區,北投區泉源路1209703燈桿,0,0,1,2,B03,7,6,5,50,11,9,1,5,4,5,13,4,4,5,4,5,1,10,1,37,3,10,7,1,7,9,1,8,1,8,,44,,1,21,121.5234832,25.14500285
113,4,27,16,11,2,06松山區,松山區松河街與八德路4段763巷口,0,0,2,1,C03,7,6,5,40,3,1,1,5,4,5,13,4,4,8,5,5,2,15,1,76,2,9,6,1,7,9,1,10,1,11,,118,,1,21,121.5777079,25.0516502
113,4,27,16,11,2,06松山區,松山區松河街與八德路4段763巷口,0,0,2,2,F01,7,6,5,40,3,1,1,5,4,5,13,4,4,8,5,5,2,15,1,12,2,9,4,1,7,11,8,20,1,11,,118,,1,14,121.5777079,25.0516502
113,4,27,16,14,2,06松山區,松山區延壽街422號,0,0,1,1,F01,7,7,5,50,14,9,1,5,4,5,13,4,4,5,4,5,2,17,1,12,3,10,4,1,7,5,8,20,1,11,,42,,1,14,121.5564112,25.05630103
113,4,27,16,14,2,06松山區,松山區延壽街422號,0,0,1,2,C03,7,7,5,50,14,9,1,5,4,5,13,4,4,5,4,5,2,17,1,40,2,8,6,1,7,9,1,10,1,14,,44,,1,22,121.5564112,25.05630103
113,4,27,16,26,2,04大安區,大安區敦化南路1段181巷7弄與忠孝東路4段205巷口,0,0,1,1,B03,7,6,5,30,4,1,1,5,4,5,13,4,4,5,5,5,2,15,2,58,3,10,7,1,7,9,1,8,1,1,,72,,1,21,121.549424,25.0429151
113,4,27,16,26,2,04大安區,大安區敦化南路1段181巷7弄與忠孝東路4段205巷口,0,0,1,2,C03,7,6,5,30,4,1,1,5,4,5,13,4,4,5,5,5,2,15,1,26,2,9,6,1,7,9,1,10,1,12,,14,,1,21,121.549424,25.0429151
113,4,27,16,49,2,03中山區,中山區復興北路150號,0,0,1,1,C03,8,5,5,50,14,9,1,5,4,5,13,4,4,1,4,5,2,13,1,55,3,10,5,1,7,9,6,18,1,11,,107,,1,22,121.5436926,25.0528797
113,4,27,16,49,2,03中山區,中山區復興北路150號,0,0,1,2,C03,8,5,5,50,14,9,1,5,4,5,13,4,4,1,4,5,2,13,1,31,3,10,5,1,7,9,1,10,1,13,,44,,1,22,121.5436926,25.0528797
113,4,27,16,49,2,03中山區,中山區復興北路150號,0,0,1,3,H02,8,5,5,50,14,9,1,5,4,5,13,4,4,1,4,5,2,13,2,58,2,5,5,5,7,17,8,20,10,16,,67,,1,22,121.5436926,25.0528797
113,4,27,16,59,2,09北投區,北投區榮華三路41巷與懷德街56巷口,0,0,1,1,C03,7,6,5,30,14,9,1,5,4,5,13,4,4,10,5,5,2,15,1,30,2,8,5,1,7,9,1,10,1,12,,14,,1,21,121.5204415,25.11272932
113,4,27,16,59,2,09北投區,北投區榮華三路41巷與懷德街56巷口,0,0,1,2,B03,7,6,5,30,14,9,1,5,4,5,13,4,4,10,5,5,2,15,1,52,3,10,7,1,7,9,1,8,1,1,,14,,1,21,121.5204415,25.11272932
113,4,27,17,5,2,04大安區,大安區建國高架道往南166燈桿,0,0,1,1,B03,8,7,5,70,10,9,1,5,4,5,13,4,4,2,4,5,2,13,1,49,3,10,7,1,7,12,1,8,1,1,,16,,1,21,121.5377498,25.03154218
113,4,27,17,5,2,04大安區,大安區建國高架道往南166燈桿,0,0,1,2,B03,8,7,5,70,10,9,1,5,4,5,13,4,4,2,4,5,2,13,2,34,3,10,7,1,7,12,1,8,1,3,,44,,1,21,121.5377498,25.03154218
113,4,27,17,5,2,04大安區,大安區建國高架道往南166燈桿,0,0,1,3,H02,8,7,5,70,10,9,1,5,4,5,13,4,4,2,4,5,2,13,2,35,2,1,7,5,7,21,8,19,1,16,,67,,1,21,121.5377498,25.03154218
113,4,27,17,24,2,09北投區,北投區實踐街70號,0,0,1,1,B01,7,5,5,50,14,9,1,5,4,5,13,4,4,9,5,5,2,12,1,65,3,10,7,1,7,1,1,4,2,4,,19,,1,21,121.5101257,25.1153021
113,4,27,17,24,2,09北投區,北投區實踐街70號,0,0,1,2,C03,7,5,5,50,14,9,1,5,4,5,13,4,4,9,5,5,2,12,2,62,2,9,5,1,7,9,1,10,2,12,,44,,1,21,121.5101257,25.1153021
113,4,27,17,25,2,03中山區,中山區中原街63號與吉林路200巷口,0,0,1,1,B03,7,7,5,50,4,1,1,5,4,5,13,4,4,9,4,5,2,12,1,56,3,10,7,1,7,11,1,8,1,8,,10,,1,22,121.5289182,25.0585401
113,4,27,17,25,2,03中山區,中山區中原街63號與吉林路200巷口,0,0,1,2,C03,7,7,5,50,4,1,1,5,4,5,13,4,4,9,4,5,2,12,1,37,2,9,5,1,7,9,1,10,1,11,,44,,1,22,121.5289182,25.0585401
113,4,27,17,29,2,12內湖區,內湖區舊宗路2段與舊宗路2段213巷口,0,0,1,1,B03,8,6,5,50,3,1,1,5,4,5,13,4,4,1,4,5,2,17,1,44,3,10,7,1,7,6,1,8,1,6,,80,,1,21,121.573567,25.07310898
113,4,27,17,29,2,12內湖區,內湖區舊宗路2段與舊宗路2段213巷口,0,0,1,2,C03,8,6,5,50,3,1,1,5,4,5,13,4,4,1,4,5,2,17,1,25,2,7,5,1,7,9,1,10,1,14,,108,,1,21,121.573567,25.07310898
113,4,27,18,21,2,03中山區,中山區吉林路與新生北路3段11巷口,0,0,2,3,H01,8,5,5,50,4,1,1,5,4,5,13,4,4,9,4,4,2,3,2,75,3,10,4,5,8,16,8,20,10,16,,121,,1,22,121.5303584,25.0631958
113,4,27,18,21,2,03中山區,中山區吉林路與新生北路3段11巷口,0,0,2,4,H02,8,5,5,50,4,1,1,5,4,5,13,4,4,9,4,4,2,3,2,5,2,9,7,5,7,17,8,20,10,16,,67,,1,22,121.5303584,25.0631958
113,4,27,18,21,2,03中山區,中山區吉林路與新生北路3段11巷口,0,0,2,5,H02,8,5,5,50,4,1,1,5,4,5,13,4,4,9,4,4,2,3,1,8,2,9,2,5,7,17,8,20,10,16,,67,,1,22,121.5303584,25.0631958
113,4,27,18,21,2,03中山區,中山區吉林路與新生北路3段11巷口,0,0,2,1,B03,8,5,5,50,4,1,1,5,4,5,13,4,4,9,4,4,2,3,1,40,3,10,7,1,7,9,1,4,1,17,,116,,1,22,121.5303584,25.0631958
113,4,27,18,21,2,03中山區,中山區吉林路與新生北路3段11巷口,0,0,2,2,H01,8,5,5,50,4,1,1,5,4,5,13,4,4,9,4,4,2,3,2,70,3,10,4,5,8,16,8,20,10,16,,121,,1,22,121.5303584,25.0631958
113,4,27,19,0,2,06松山區,松山區八德路4段580號,0,0,1,1,B03,8,5,5,50,14,9,1,5,4,5,13,4,4,9,4,5,2,12,2,39,3,10,7,4,7,9,1,8,1,8,,108,,1,22,121.5719023,25.04988942
113,4,27,19,0,2,06松山區,松山區八德路4段580號,0,0,1,2,C03,8,5,5,50,14,9,1,5,4,5,13,4,4,9,4,5,2,12,2,51,2,8,5,4,7,15,1,10,1,12,,44,,1,22,121.5719023,25.04988942
113,4,27,19,43,2,07信義區,信義區基隆路1段147巷與忠孝東路5段71巷口,0,0,2,1,B03,8,5,5,30,4,1,1,5,4,5,13,4,4,10,5,5,2,15,2,29,3,10,7,1,7,9,1,8,1,1,,72,,1,21,121.5673298,25.0423649
113,4,27,19,43,2,07信義區,信義區基隆路1段147巷與忠孝東路5段71巷口,0,0,2,2,C03,8,5,5,30,4,1,1,5,4,5,13,4,4,10,5,5,2,15,1,23,2,9,6,1,7,9,1,10,1,12,,14,,1,21,121.5673298,25.0423649
113,4,27,19,43,2,07信義區,信義區基隆路1段147巷與忠孝東路5段71巷口,0,0,2,3,H02,8,5,5,30,4,1,1,5,4,5,13,4,4,10,5,5,2,15,2,21,2,9,6,5,7,20,8,20,10,17,,67,,1,21,121.5673298,25.0423649
113,4,27,19,59,2,01大同區,大同區重慶北路2段與民生西路口,0,0,1,2,C03,6,6,5,50,4,1,1,4,4,5,13,2,1,1,4,5,2,17,1,18,2,9,5,4,7,9,1,10,9,12,,13,,1,21,121.5129062,25.0568342
113,4,27,19,59,2,01大同區,大同區重慶北路2段與民生西路口,0,0,1,1,B03,6,6,5,50,4,1,1,4,4,5,13,2,1,1,4,5,2,17,2,58,3,10,7,4,7,6,1,8,9,17,,9,,2,21,121.5129062,25.0568342
113,4,27,20,26,2,04大安區,大安區忠孝東路4段64號,0,0,1,1,C03,8,5,5,50,14,9,1,5,4,5,13,4,4,1,4,5,2,12,2,20,2,8,6,1,7,9,1,10,1,11,,44,,1,21,121.5455139,25.0415078
113,4,27,20,26,2,04大安區,大安區忠孝東路4段64號,0,0,1,2,C03,8,5,5,50,14,9,1,5,4,5,13,4,4,1,4,5,2,12,1,23,3,10,6,1,7,12,1,10,1,14,,44,,1,21,121.5455139,25.0415078
113,4,27,20,26,2,04大安區,大安區忠孝東路4段64號,0,0,1,3,B03,8,5,5,50,14,9,1,5,4,5,13,4,4,1,4,5,2,12,1,39,3,10,7,1,7,1,1,8,1,17,,19,,1,21,121.5455139,25.0415078
113,4,27,20,30,2,08士林區,士林區中山北路6段與德行西路口,0,0,1,1,C03,7,5,5,50,4,2,1,5,4,5,13,2,1,5,4,5,1,17,2,53,2,7,6,1,7,5,1,10,1,11,,8,,1,21,121.5248587,25.1064512