發生年度,發生月,發生日,發生時-Hours,發生分,處理別-編號,區序,肇事地點,死亡人數,2-30日死亡人數,受傷人數,當事人序號,車種,天候,道路照明設備,道路類別,速限-速度限制,道路型態,事故位置,路面狀況1,路面狀況2,路面狀況3,道路障礙1,道路障礙2,號誌1,號誌2,車道劃分-分向,車道劃分-分道1,車道劃分-分道2,車道劃分-分道3,事故類型及型態,性別,年齡,受傷程度,主要傷處,保護裝置,行動電話,車輛用途,當事者行動狀態,駕駛資格情形,駕駛執照種類,飲酒情形,車輛撞擊部位1,車輛撞擊部位2,肇因碼-個別,肇因碼-主要,個人肇逃否,職業,座標-X,座標-Y
113,4,27,20,30,2,08士林區,士林區中山北路6段與德行西路口,0,0,1,2,C03,7,5,5,50,4,2,1,5,4,5,13,2,1,5,4,5,1,17,1,26,3,10,5,1,7,9,1,10,1,11,,44,,1,21,121.5248587,25.1064512
113,4,27,20,58,2,07信義區,信義區永吉路與松隆路口,0,0,1,1,B03,8,5,5,50,5,2,1,5,4,5,13,2,1,9,4,5,2,17,1,26,3,10,7,1,7,6,1,8,1,6,,9,,1,21,121.5707799,25.0457368
113,4,27,20,58,2,07信義區,信義區永吉路與松隆路口,0,0,1,2,C03,8,5,5,50,5,2,1,5,4,5,13,2,1,9,4,5,2,17,1,23,2,9,5,1,7,9,1,10,1,14,,44,,1,21,121.5707799,25.0457368
113,4,27,21,32,2,01大同區,大同區民權西路與承德路3段口,0,0,1,1,B03,8,5,5,50,5,1,1,5,4,5,13,1,1,1,5,5,2,16,1,46,3,10,7,1,7,6,1,8,2,2,,44,,1,21,121.5184334,25.06301438
113,4,27,21,32,2,01大同區,大同區民權西路與承德路3段口,0,0,1,2,C03,8,5,5,50,5,1,1,5,4,5,13,1,1,1,5,5,2,16,1,44,2,9,6,1,7,9,1,10,2,14,,13,,1,21,121.5184334,25.06301438
113,4,27,23,26,2,08士林區,士林區文林路587巷與美崙街8巷口,0,0,1,1,B03,8,5,5,30,14,9,1,5,4,5,13,4,4,10,5,5,2,17,2,56,3,10,3,4,7,9,1,8,2,8,,108,,1,21,121.523511,25.0983782
113,4,27,23,26,2,08士林區,士林區文林路587巷與美崙街8巷口,0,0,1,2,F01,8,5,5,30,14,9,1,5,4,5,13,4,4,10,5,5,2,17,1,47,2,9,4,1,7,9,8,20,7,15,,21,,1,21,121.523511,25.0983782
113,4,28,0,3,2,02萬華區,萬華區康定路與廣州街口,0,0,1,1,C03,7,5,5,50,4,2,1,5,4,5,13,1,1,9,4,5,2,13,1,23,3,10,5,1,7,9,1,10,1,11,,108,,1,21,121.5015317,25.0366944
113,4,28,0,3,2,02萬華區,萬華區康定路與廣州街口,0,0,1,2,B03,7,5,5,50,4,2,1,5,4,5,13,1,1,9,4,5,2,13,2,58,3,10,7,1,7,13,3,18,9,7,,44,,1,21,121.5015317,25.0366944
113,4,28,0,3,2,02萬華區,萬華區康定路與廣州街口,0,0,1,3,H02,7,5,5,50,4,2,1,5,4,5,13,1,1,9,4,5,2,13,2,23,2,7,6,5,7,20,8,20,10,16,,67,,1,21,121.5015317,25.0366944
113,4,28,3,39,2,05中正區,中正區信義路2段257號,0,0,1,1,C03,8,5,5,50,14,9,1,5,4,5,13,4,4,10,4,5,2,17,2,53,2,9,5,1,7,8,1,10,2,11,,108,,1,22,121.531515,25.03372247
113,4,28,3,39,2,05中正區,中正區信義路2段257號,0,0,1,2,C03,8,5,5,50,14,9,1,5,4,5,13,4,4,10,4,5,2,17,1,78,3,10,3,1,7,13,1,10,9,13,,44,,1,22,121.531515,25.03372247
113,4,28,3,39,2,05中正區,中正區信義路2段257號,0,0,1,3,B03,8,5,5,50,14,9,1,5,4,5,13,4,4,10,4,5,2,17,1,36,3,10,3,1,7,13,1,8,9,3,,44,,1,22,121.531515,25.03372247
113,4,28,5,45,2,08士林區,士林區通河西街2段與通河西街2段口越堤道,0,0,1,1,B03,8,6,5,30,14,9,1,5,4,5,13,4,4,10,5,5,1,17,1,64,3,10,7,1,7,6,1,8,1,2,,9,,1,21,121.5114469,25.0908405
113,4,28,5,45,2,08士林區,士林區通河西街2段與通河西街2段口越堤道,0,0,1,2,C03,8,6,5,30,14,9,1,5,4,5,13,4,4,10,5,5,1,17,1,26,2,9,5,1,7,9,1,10,1,11,,108,,1,21,121.5114469,25.0908405
113,4,28,6,0,2,04大安區,大安區臥龍街236號,0,0,2,1,C03,8,5,5,40,14,9,1,5,1,5,13,4,4,9,4,5,2,12,1,67,2,5,5,1,7,7,6,10,1,14,,100,,1,21,121.5550136,25.0186302
113,4,28,6,0,2,04大安區,大安區臥龍街236號,0,0,2,2,C03,8,5,5,40,14,9,1,5,1,5,13,4,4,9,4,5,2,12,1,20,2,9,5,1,7,9,1,10,1,12,,13,,1,21,121.5550136,25.0186302
113,4,28,7,0,2,12內湖區,內湖區石潭路151號附近,0,0,2,1,B01,7,6,5,50,14,9,1,5,4,5,13,4,4,4,3,5,1,12,1,29,2,1,7,1,7,1,1,8,1,8,,19,,1,21,121.5889857,25.06412534
113,4,28,7,0,2,12內湖區,內湖區石潭路151號附近,0,0,2,2,C03,7,6,5,50,14,9,1,5,4,5,13,4,4,4,3,5,1,12,1,60,2,9,6,1,7,9,1,10,1,11,,44,,1,21,121.5889857,25.06412534
113,4,28,7,0,2,12內湖區,內湖區石潭路151號附近,0,0,2,3,A05,7,6,5,50,14,9,1,5,4,5,13,4,4,4,3,5,1,12,1,55,3,10,7,1,7,14,1,6,9,17,,38,,1,21,121.5889857,25.06412534
113,4,28,7,15,2,08士林區,士林區仰德大道3段90號,0,0,1,1,B03,6,7,5,40,11,9,1,4,4,5,13,4,4,4,5,5,2,13,1,20,3,10,3,4,7,9,1,8,2,5,,108,,1,21,121.5530178,25.12049249
113,4,28,7,15,2,08士林區,士林區仰德大道3段90號,0,0,1,2,C03,6,7,5,40,11,9,1,4,4,5,13,4,4,4,5,5,2,13,1,52,2,9,3,4,7,9,1,10,2,13,,44,,1,21,121.5530178,25.12049249
113,4,28,7,30,2,09北投區,北投區中央北路2段與稻香路口,0,0,1,1,B03,7,6,5,50,5,2,1,4,4,5,13,1,1,5,2,5,2,17,1,68,3,10,7,1,7,6,1,8,1,4,,9,,1,21,121.4912794,25.1387179
113,4,28,7,30,2,09北投區,北投區中央北路2段與稻香路口,0,0,1,2,C03,7,6,5,50,5,2,1,4,4,5,13,1,1,5,2,5,2,17,1,67,2,7,5,1,7,5,1,10,1,12,,8,,1,21,121.4912794,25.1387179
113,4,28,8,14,2,09北投區,北投區西安街2段2510128號燈桿,0,0,3,1,C03,6,7,5,50,14,9,1,4,4,5,13,4,4,10,4,5,2,13,1,69,2,9,5,1,7,9,1,10,2,11,,108,,1,22,121.5133633,25.11730918
113,4,28,8,14,2,09北投區,北投區西安街2段2510128號燈桿,0,0,3,2,C03,6,7,5,50,14,9,1,4,4,5,13,4,4,10,4,5,2,13,1,33,3,10,5,1,7,9,1,10,2,13,,42,,1,22,121.5133633,25.11730918
113,4,28,8,14,2,09北投區,北投區西安街2段2510128號燈桿,0,0,3,3,H02,6,7,5,50,14,9,1,4,4,5,13,4,4,10,4,5,2,13,2,45,2,9,5,5,7,20,8,20,10,16,,67,,1,22,121.5133633,25.11730918
113,4,28,8,14,2,09北投區,北投區西安街2段2510128號燈桿,0,0,3,4,H02,6,7,5,50,14,9,1,4,4,5,13,4,4,10,4,5,2,13,2,8,2,8,5,5,7,20,8,20,10,16,,67,,1,24,121.5133633,25.11730918
113,4,28,8,43,2,02萬華區,萬華區西園路2段與寶興街口,0,0,1,1,F01,6,5,5,50,4,1,1,4,4,5,13,2,1,1,3,5,1,16,2,83,2,9,3,4,7,11,8,20,1,11,,99,,1,22,121.4937498,25.0270703
113,4,28,8,43,2,02萬華區,萬華區西園路2段與寶興街口,0,0,1,2,C03,6,5,5,50,4,1,1,4,4,5,13,2,1,1,3,5,1,16,2,40,3,10,3,4,7,9,1,10,1,11,,44,,1,22,121.4937498,25.0270703
113,4,28,8,45,2,12內湖區,內湖區堤頂大道2段與瑞光路478巷口,0,0,2,1,B03,6,5,5,70,4,1,1,4,4,5,13,1,1,1,4,5,2,17,1,41,2,9,7,1,7,11,1,8,2,1,,4,,1,21,121.5687044,25.07745511
113,4,28,8,45,2,12內湖區,內湖區堤頂大道2段與瑞光路478巷口,0,0,2,2,B02,6,5,5,70,4,1,1,4,4,5,13,1,1,1,4,5,2,17,1,38,2,9,7,1,7,14,1,8,2,1,,44,,1,21,121.5687044,25.07745511
113,4,28,8,45,2,12內湖區,內湖區堤頂大道2段與瑞光路478巷口,0,0,2,3,B03,6,5,5,70,4,1,1,4,4,5,13,1,1,1,4,5,2,17,1,55,3,10,7,1,7,14,1,8,1,1,,44,,1,21,121.5687044,25.07745511
113,4,28,8,57,2,06松山區,松山區民權東路4段西往東0202156燈桿,0,0,2,1,C03,6,6,5,40,14,8,1,4,4,5,13,4,4,1,4,4,2,18,1,75,2,9,5,1,7,9,1,10,1,14,,80,,1,22,121.5557968,25.06191837
113,4,28,8,57,2,06松山區,松山區民權東路4段西往東0202156燈桿,0,0,2,2,,6,6,5,40,14,8,1,4,4,5,13,4,4,1,4,4,2,18,3,0,,,,,,,,,11,,,67,,1,,121.5557968,25.06191837
113,4,28,8,57,2,06松山區,松山區民權東路4段西往東0202156燈桿,0,0,2,3,H02,6,6,5,40,14,8,1,4,4,5,13,4,4,1,4,4,2,18,2,74,2,9,5,5,7,21,8,20,10,16,,67,,1,22,121.5557968,25.06191837
113,4,28,9,28,2,07信義區,信義區信安街103巷與吳興街220巷口,0,0,1,1,C04,8,6,5,30,3,2,1,5,4,5,13,4,4,10,4,5,1,29,2,25,2,7,3,4,7,9,1,10,9,14,,119,,1,21,121.5599841,25.0251146
113,4,28,9,28,2,07信義區,信義區信安街103巷與吳興街220巷口,0,0,1,2,F01,8,6,5,30,3,2,1,5,4,5,13,4,4,10,4,5,1,29,4,0,,,,,,,,,,,,119,,2,,121.5599841,25.0251146
113,4,28,10,8,2,04大安區,大安區忠孝東路4段與延吉街口口,0,0,1,1,B01,6,5,5,50,4,2,1,4,4,5,13,1,1,1,5,5,2,17,1,54,3,10,7,1,7,6,1,8,1,17,,71,,1,21,121.5544709,25.0412885
113,4,28,10,8,2,04大安區,大安區忠孝東路4段與延吉街口口,0,0,1,2,C03,6,5,5,50,4,2,1,4,4,5,13,1,1,1,5,5,2,17,2,18,2,9,5,1,7,9,1,10,1,17,,44,,1,21,121.5544709,25.0412885
113,4,28,10,30,2,05中正區,中正區市民大道2段與林森北路口,0,0,1,1,C03,6,6,5,40,4,1,1,4,4,5,13,1,1,1,4,5,2,15,2,27,2,9,6,1,7,9,1,10,2,11,,44,,1,22,121.5241561,25.0476706
113,4,28,10,30,2,05中正區,中正區市民大道2段與林森北路口,0,0,1,2,B02,6,6,5,40,4,1,1,4,4,5,13,1,1,1,4,5,2,15,1,63,3,10,7,1,7,9,1,8,2,2,,81,,1,22,121.5241561,25.0476706
113,4,28,10,33,2,09北投區,北投區石牌路1段39巷與石牌路1段39巷80弄口,0,0,1,1,C03,6,7,5,30,3,2,1,4,4,5,13,4,4,10,5,5,2,10,1,57,2,9,5,1,7,9,1,10,2,11,,42,,1,22,121.5096252,25.11582751
113,4,28,10,33,2,09北投區,北投區石牌路1段39巷與石牌路1段39巷80弄口,0,0,1,2,B02,6,7,5,30,3,2,1,4,4,5,13,4,4,10,5,5,2,10,1,29,3,10,7,1,7,15,1,8,2,1,,100,,1,22,121.5096252,25.11582751
113,4,28,10,43,2,09北投區,北投區立農街1段與立農街1段320巷口,0,0,2,1,C03,7,6,5,30,4,1,1,4,4,5,13,4,4,5,5,5,2,17,2,39,2,9,6,1,7,9,1,11,1,11,,72,,1,22,121.5067312,25.1194968
113,4,28,10,43,2,09北投區,北投區立農街1段與立農街1段320巷口,0,0,2,2,C03,7,6,5,30,4,1,1,4,4,5,13,4,4,5,5,5,2,17,1,26,2,9,6,1,7,9,1,10,1,11,,108,,1,22,121.5067312,25.1194968
113,4,28,11,6,2,08士林區,士林區天母東路與忠誠路2段口,0,0,1,1,C03,6,6,5,50,4,1,1,4,4,5,13,2,1,1,4,5,2,16,1,18,2,9,5,1,7,5,1,10,1,14,,8,,1,21,121.5345899,25.1181384
113,4,28,11,6,2,08士林區,士林區天母東路與忠誠路2段口,0,0,1,2,B03,6,6,5,50,4,1,1,4,4,5,13,2,1,1,4,5,2,16,1,34,3,10,7,1,7,9,1,8,1,5,,44,,1,21,121.5345899,25.1181384
113,4,28,11,24,2,01大同區,大同區重慶北路1段8號,0,0,1,1,B03,6,6,5,50,14,9,1,4,4,5,13,4,4,1,4,5,2,17,1,43,4,11,7,4,7,15,1,8,11,15,,100,,2,21,121.5128221,25.0500099
113,4,28,11,24,2,01大同區,大同區重慶北路1段8號,0,0,1,2,C03,6,6,5,50,14,9,1,4,4,5,13,4,4,1,4,5,2,17,2,25,2,9,5,4,7,9,1,10,1,14,,44,,1,21,121.5128221,25.0500099
113,4,28,11,25,2,08士林區,士林區忠誠路1段與忠誠路1段16巷口,0,0,1,1,B03,6,6,5,0,3,1,1,4,4,5,13,4,4,10,4,4,1,17,2,37,3,10,7,1,7,6,1,8,1,17,,9,,1,21,121.5255859,25.10418065
113,4,28,11,25,2,08士林區,士林區忠誠路1段與忠誠路1段16巷口,0,0,1,2,C03,6,6,5,0,3,1,1,4,4,5,13,4,4,10,4,4,1,17,1,20,2,9,6,1,7,9,1,10,1,12,,108,,1,21,121.5255859,25.10418065
113,4,28,12,18,2,12內湖區,內湖區東湖路84號,0,0,1,1,A02,8,5,8,50,14,9,1,5,4,5,13,1,1,5,5,5,1,17,1,23,3,10,7,1,7,7,1,6,2,15,,44,,1,21,121.6148638,25.06853595
113,4,28,12,18,2,12內湖區,內湖區東湖路84號,0,0,1,2,H02,8,5,8,50,14,9,1,5,4,5,13,1,1,5,5,5,1,17,2,84,2,9,4,5,7,20,8,20,10,16,,67,,1,21,121.6148638,25.06853595
113,4,28,12,18,2,12內湖區,內湖區東湖路84號,0,0,1,3,B03,8,5,8,50,14,9,1,5,4,5,13,1,1,5,5,5,1,17,2,57,3,10,7,4,7,15,1,8,9,17,,14,,1,21,121.6148638,25.06853595
113,4,28,12,55,2,07信義區,信義區松智路與松壽路口,0,0,1,1,B03,7,6,5,50,4,2,1,5,4,5,13,2,1,8,3,5,2,17,1,29,3,10,3,4,7,15,1,8,1,5,,17,,1,22,121.5653598,25.035923
113,4,28,12,55,2,07信義區,信義區松智路與松壽路口,0,0,1,2,C03,7,6,5,50,4,2,1,5,4,5,13,2,1,8,3,5,2,17,1,53,2,9,3,4,7,9,1,10,1,11,,44,,1,22,121.5653598,25.035923
113,4,28,13,44,2,03中山區,中山區市民大道2段與林森北路口,0,0,2,1,C03,8,5,5,40,4,1,1,5,4,5,13,1,1,1,4,5,2,16,1,45,2,7,3,4,7,6,1,10,1,12,,9,,1,21,121.5243419,25.0479006
113,4,28,13,44,2,03中山區,中山區市民大道2段與林森北路口,0,0,2,2,C03,8,5,5,40,4,1,1,5,4,5,13,1,1,1,4,5,2,16,1,21,2,5,3,4,7,9,1,10,1,14,,44,,1,21,121.5243419,25.0479006
113,4,28,14,57,2,03中山區,中山區北安路與崇實路口,0,0,1,1,C03,8,6,5,50,4,1,1,5,4,5,13,1,1,1,4,5,2,12,1,18,2,9,6,1,7,9,1,10,1,12,,44,,1,22,121.5444715,25.07973693
113,4,28,14,57,2,03中山區,中山區北安路與崇實路口,0,0,1,2,B03,8,6,5,50,4,1,1,5,4,5,13,1,1,1,4,5,2,12,1,49,3,10,3,4,7,5,1,8,1,4,,8,,1,22,121.5444715,25.07973693
113,4,28,15,15,2,05中正區,中正區汀州路3段96號,0,0,1,1,C03,8,6,5,50,14,9,1,5,4,5,13,4,4,9,4,5,2,17,1,47,3,10,5,1,7,15,1,10,2,14,,101,,1,21,121.5328551,25.014641
113,4,28,15,15,2,05中正區,中正區汀州路3段96號,0,0,1,2,C01,8,6,5,50,14,9,1,5,4,5,13,4,4,9,4,5,2,17,1,26,3,10,5,1,7,9,1,9,2,14,,44,,1,21,121.5328551,25.014641
113,4,28,15,15,2,05中正區,中正區汀州路3段96號,0,0,1,3,H02,8,6,5,50,14,9,1,5,4,5,13,4,4,9,4,5,2,17,2,19,2,8,5,5,7,20,8,20,10,16,,67,,1,21,121.5328551,25.014641
113,4,28,15,30,2,07信義區,信義區忠孝東路5段552號,0,0,1,1,B03,8,6,5,50,14,9,1,5,4,5,13,4,4,3,4,5,2,12,2,65,3,10,3,1,7,9,1,8,2,2,,108,,1,21,121.5795511,25.0417003
113,4,28,15,30,2,07信義區,信義區忠孝東路5段552號,0,0,1,2,C03,8,6,5,50,14,9,1,5,4,5,13,4,4,3,4,5,2,12,1,62,2,9,5,1,7,9,1,10,2,14,,44,,1,21,121.5795511,25.0417003
113,4,28,15,38,2,06松山區,松山區三民路與富錦街口,0,0,1,1,B03,8,6,5,50,4,1,1,5,4,5,13,1,1,8,3,5,1,16,1,59,3,10,3,1,7,9,1,8,1,6,,81,,1,22,121.5632551,25.0609561
113,4,28,15,38,2,06松山區,松山區三民路與富錦街口,0,0,1,2,C04,8,6,5,50,4,1,1,5,4,5,13,1,1,8,3,5,1,16,1,76,2,9,3,1,7,9,1,10,1,11,,44,,1,22,121.5632551,25.0609561
113,4,28,15,55,2,10文山區,文山區永安街與永安街6巷口,0,0,1,1,C03,8,5,5,30,4,1,1,5,4,5,13,4,4,10,5,5,2,18,1,24,2,8,6,1,7,9,1,10,1,14,,116,,1,22,121.5700807,24.9877475
113,4,28,15,55,2,10文山區,文山區永安街與永安街6巷口,0,0,1,2,,8,5,5,30,4,1,1,5,4,5,13,4,4,10,5,5,2,18,3,0,,,,,,,,,,,,67,,1,,121.5700807,24.9877475
113,4,28,16,3,2,05中正區,中正區南海路與南昌路1段口,0,0,2,1,F01,8,6,5,30,4,1,1,5,4,5,13,1,1,10,4,5,2,3,1,16,2,9,4,1,7,9,8,20,1,11,,81,,1,16,121.5161926,25.0323141
113,4,28,16,3,2,05中正區,中正區南海路與南昌路1段口,0,0,2,2,H01,8,6,5,30,4,1,1,5,4,5,13,1,1,10,4,5,2,3,2,62,2,9,4,5,8,16,8,20,1,16,,67,,1,21,121.5161926,25.0323141
113,4,28,16,20,2,07信義區,信義區信安街15巷與吳興街156巷65弄口,0,0,1,1,C03,8,6,5,30,4,1,1,5,4,5,13,4,4,10,5,5,2,15,1,31,2,9,5,1,7,9,1,10,2,11,,14,,1,21,121.5591178,25.0278238
113,4,28,16,20,2,07信義區,信義區信安街15巷與吳興街156巷65弄口,0,0,1,2,C03,8,6,5,30,4,1,1,5,4,5,13,4,4,10,5,5,2,15,1,69,4,11,3,4,7,21,1,10,11,15,,119,,2,22,121.5591178,25.0278238
113,4,28,17,52,2,05中正區,中正區水源路131-3號,0,0,1,1,B03,8,6,5,50,14,8,1,5,4,1,13,4,4,3,4,5,1,28,1,51,2,1,7,1,7,9,1,8,2,8,,108,,1,21,121.5172856,25.02161708
113,4,28,17,52,2,05中正區,中正區水源路131-3號,0,0,1,3,H02,8,6,5,50,14,8,1,5,4,1,13,4,4,3,4,5,1,28,2,12,4,11,7,5,7,20,8,20,10,16,,67,,1,21,121.5172856,25.02161708
113,4,28,17,52,2,05中正區,中正區水源路131-3號,0,0,1,4,H02,8,6,5,50,14,8,1,5,4,1,13,4,4,3,4,5,1,28,1,11,4,11,7,5,7,20,8,20,10,16,,67,,1,21,121.5172856,25.02161708
113,4,28,17,52,2,05中正區,中正區水源路131-3號,0,0,1,2,,8,6,5,50,14,8,1,5,4,1,13,4,4,3,4,5,1,28,3,0,,,,,,,,,,,,67,,1,,121.5172856,25.02161708
113,4,28,18,10,2,04大安區,大安區羅斯福路3段與新生南路3段口,0,0,2,1,C03,7,5,5,50,14,9,1,5,4,5,13,4,4,1,5,5,2,13,2,25,2,9,5,1,7,9,1,10,1,11,,44,,1,21,121.5325603,25.0165879
113,4,28,18,10,2,04大安區,大安區羅斯福路3段與新生南路3段口,0,0,2,2,C04,7,5,5,50,14,9,1,5,4,5,13,4,4,1,5,5,2,13,1,24,3,10,5,1,7,10,1,8,1,13,,101,,1,21,121.5325603,25.0165879
113,4,28,18,10,2,04大安區,大安區羅斯福路3段與新生南路3段口,0,0,2,3,H02,7,5,5,50,14,9,1,5,4,5,13,4,4,1,5,5,2,13,2,26,2,9,5,5,7,20,8,20,10,16,,67,,1,21,121.5325603,25.0165879
113,4,28,19,0,2,07信義區,信義區林口街230號,0,0,2,1,C03,8,5,5,40,3,1,1,5,4,5,13,3,1,9,4,5,2,13,1,33,3,10,6,1,7,9,1,10,1,11,,16,,1,21,121.5811196,25.0425606
113,4,28,19,0,2,07信義區,信義區林口街230號,0,0,2,2,C02,8,5,5,40,3,1,1,5,4,5,13,3,1,9,4,5,2,13,1,60,2,9,6,1,7,14,1,9,1,13,,44,,1,21,121.5811196,25.0425606
113,4,28,19,0,2,07信義區,信義區林口街230號,0,0,2,3,H02,8,5,5,40,3,1,1,5,4,5,13,3,1,9,4,5,2,13,2,60,2,9,6,5,7,20,8,20,10,17,,67,,1,21,121.5811196,25.0425606
113,4,28,19,27,2,07信義區,信義區松智路與松高路口,0,0,1,1,B01,8,5,5,50,3,1,1,5,4,5,13,2,1,9,4,5,2,17,1,36,3,10,7,1,7,5,1,4,2,6,,71,,1,21,121.5655144,25.0390887
113,4,28,19,27,2,07信義區,信義區松智路與松高路口,0,0,1,2,B03,8,5,5,50,3,1,1,5,4,5,13,2,1,9,4,5,2,17,1,21,2,3,7,1,7,9,1,8,2,5,,108,,1,21,121.5655144,25.0390887
113,4,28,20,22,2,01大同區,大同區鄭州路與環河北路1段口口,0,0,2,1,B03,8,5,5,50,4,1,1,5,4,5,13,2,1,10,5,4,2,16,1,35,3,10,7,1,7,8,1,8,1,5,,100,,1,21,121.5067595,25.0507497
113,4,28,20,22,2,01大同區,大同區鄭州路與環河北路1段口口,0,0,2,2,C03,8,5,5,50,4,1,1,5,4,5,13,2,1,10,5,4,2,16,1,19,2,9,6,1,7,9,1,10,1,14,,44,,1,21,121.5067595,25.0507497
113,4,28,20,22,2,01大同區,大同區鄭州路與環河北路1段口口,0,0,2,3,H02,8,5,5,50,4,1,1,5,4,5,13,2,1,10,5,4,2,16,2,20,2,9,6,5,7,20,8,20,10,16,,67,,1,21,121.5067595,25.0507497
113,4,28,20,35,2,08士林區,士林區格致路與凱旋路口,0,0,2,1,C03,7,5,5,40,3,1,1,5,4,5,13,3,1,4,5,5,1,17,1,18,2,9,5,1,7,5,1,10,1,12,,8,,1,21,121.5464118,25.1369987
113,4,28,20,35,2,08士林區,士林區格致路與凱旋路口,0,0,2,2,C03,7,5,5,40,3,1,1,5,4,5,13,3,1,4,5,5,1,17,1,18,2,9,5,1,7,9,1,10,1,11,,108,,1,21,121.5464118,25.1369987
113,4,28,20,48,2,08士林區,士林區前港街與後港街口,0,0,1,1,C03,7,5,5,30,4,2,1,5,4,5,13,4,4,10,5,5,1,16,2,23,2,9,3,4,7,9,1,10,2,12,,80,,1,21,121.5213848,25.0847499
113,4,28,20,48,2,08士林區,士林區前港街與後港街口,0,0,1,2,B03,7,5,5,30,4,2,1,5,4,5,13,4,4,10,5,5,1,16,1,22,3,10,3,4,7,9,1,8,1,1,,80,,1,21,121.5213848,25.0847499
113,4,28,21,35,2,03中山區,中山區林森北路與民生東路1段23巷口,0,0,1,1,B03,7,5,5,50,4,2,1,5,4,5,13,2,1,5,4,5,2,16,1,35,3,10,3,4,7,6,1,8,1,2,,9,,1,21,121.525485,25.0590286
113,4,28,21,35,2,03中山區,中山區林森北路與民生東路1段23巷口,0,0,1,2,C03,7,5,5,50,4,2,1,5,4,5,13,2,1,5,4,5,2,16,2,45,2,9,3,4,7,9,3,18,1,14,,44,,1,21,121.525485,25.0590286
113,4,28,21,42,2,03中山區,中山區八德路2段300巷與市民大道3段口,0,0,1,1,B03,8,5,5,40,4,1,1,5,4,5,13,4,4,10,5,5,2,15,1,63,3,10,3,4,7,9,1,8,2,6,,86,,1,21,121.5428739,25.04485
113,4,28,21,42,2,03中山區,中山區八德路2段300巷與市民大道3段口,0,0,1,2,C03,8,5,5,40,4,1,1,5,4,5,13,4,4,10,5,5,2,15,1,27,2,7,6,1,7,9,1,10,2,11,,44,,1,21,121.5428739,25.04485
113,4,29,0,11,2,02萬華區,萬華區中華路2段與中華路2段416巷口,0,0,1,1,B12,8,5,5,50,4,1,1,5,4,5,13,1,1,5,4,4,2,17,1,43,3,10,7,4,7,5,1,8,1,6,,8,,1,21,121.5058874,25.0279783
113,4,29,0,11,2,02萬華區,萬華區中華路2段與中華路2段416巷口,0,0,1,2,C03,8,5,5,50,4,1,1,5,4,5,13,1,1,5,4,4,2,17,1,17,2,8,5,4,7,9,2,18,1,11,,13,,1,21,121.5058874,25.0279783
113,4,29,1,4,2,05中正區,中正區忠孝東路1段與林森北路口,0,0,2,1,B03,8,5,5,50,4,2,1,5,4,5,13,1,1,3,4,5,1,13,2,39,2,9,3,4,7,9,1,8,3,1,,107,,1,22,121.5236941,25.0447814
113,4,29,1,4,2,05中正區,中正區忠孝東路1段與林森北路口,0,0,2,2,B03,8,5,5,50,4,2,1,5,4,5,13,1,1,3,4,5,1,13,1,35,2,9,7,1,7,14,1,8,2,3,,44,,1,22,121.5236941,25.0447814
113,4,29,3,44,2,03中山區,中山區新生北路2段129-1號,0,0,1,1,C03,8,5,5,50,14,9,1,5,4,5,13,4,4,1,4,5,2,13,2,20,2,8,3,4,7,9,3,18,2,11,,108,,1,21,121.5278396,25.06005981
113,4,29,3,44,2,03中山區,中山區新生北路2段129-1號,0,0,1,2,C03,8,5,5,50,14,9,1,5,4,5,13,4,4,1,4,5,2,13,2,42,3,10,3,4,7,13,7,19,11,12,,44,,1,21,121.5278396,25.06005981
113,4,29,3,44,2,03中山區,中山區新生北路2段129-1號,0,0,1,3,C04,8,5,5,50,14,9,1,5,4,5,13,4,4,1,4,5,2,13,2,31,3,10,3,4,7,13,1,10,1,12,,44,,1,22,121.5278396,25.06005981
113,4,29,3,44,2,03中山區,中山區新生北路2段129-1號,0,0,1,4,C03,8,5,5,50,14,9,1,5,4,5,13,4,4,1,4,5,2,13,1,34,3,10,3,4,7,13,7,19,1,12,,44,,1,21,121.5278396,25.06005981
113,4,29,3,44,2,03中山區,中山區新生北路2段129-1號,0,0,1,5,C03,8,5,5,50,14,9,1,5,4,5,13,4,4,1,4,5,2,13,1,53,3,10,3,4,7,13,7,19,1,12,,44,,1,21,121.5278396,25.06005981
113,4,29,3,44,2,03中山區,中山區新生北路2段129-1號,0,0,1,6,C03,8,5,5,50,14,9,1,5,4,5,13,4,4,1,4,5,2,13,1,66,3,10,3,4,7,13,7,19,1,12,,44,,1,21,121.5278396,25.06005981
113,4,29,3,44,2,03中山區,中山區新生北路2段129-1號,0,0,1,7,C03,8,5,5,50,14,9,1,5,4,5,13,4,4,1,4,5,2,13,1,56,3,10,3,4,7,13,7,19,1,12,,44,,1,21,121.5278396,25.06005981
113,4,29,3,44,2,03中山區,中山區新生北路2段129-1號,0,0,1,8,C03,8,5,5,50,14,9,1,5,4,5,13,4,4,1,4,5,2,13,3,0,,,,,,,,,,,,67,,1,,121.5278396,25.06005981
113,4,29,3,44,2,03中山區,中山區新生北路2段129-1號,0,0,1,9,C03,8,5,5,50,14,9,1,5,4,5,13,4,4,1,4,5,2,13,3,0,,,,,,,,,,,,67,,1,,121.5278396,25.06005981