發生年度,發生月,發生日,發生時-Hours,發生分,處理別-編號,區序,肇事地點,死亡人數,2-30日死亡人數,受傷人數,當事人序號,車種,天候,道路照明設備,道路類別,速限-速度限制,道路型態,事故位置,路面狀況1,路面狀況2,路面狀況3,道路障礙1,道路障礙2,號誌1,號誌2,車道劃分-分向,車道劃分-分道1,車道劃分-分道2,車道劃分-分道3,事故類型及型態,性別,年齡,受傷程度,主要傷處,保護裝置,行動電話,車輛用途,當事者行動狀態,駕駛資格情形,駕駛執照種類,飲酒情形,車輛撞擊部位1,車輛撞擊部位2,肇因碼-個別,肇因碼-主要,個人肇逃否,職業,座標-X,座標-Y
113,4,29,3,44,2,03中山區,中山區新生北路2段129-1號,0,0,1,10,C03,8,5,5,50,14,9,1,5,4,5,13,4,4,1,4,5,2,13,3,0,,,,,,,,,,,,67,,1,,121.5278396,25.06005981
113,4,29,6,30,2,06松山區,松山區市民大道4段與延吉街口,0,0,2,1,C03,8,5,5,50,4,1,1,5,4,5,13,1,1,1,4,5,2,15,1,41,2,7,5,1,7,9,6,10,1,12,,108,,1,26,121.5538,25.044484
113,4,29,6,30,2,06松山區,松山區市民大道4段與延吉街口,0,0,2,2,C03,8,5,5,50,4,1,1,5,4,5,13,1,1,1,4,5,2,15,1,24,2,9,5,1,7,9,1,10,1,11,,44,,1,22,121.5538,25.044484
113,4,29,7,7,2,06松山區,松山區寶清街與南京東路5段291巷47弄口,0,0,1,2,F01,8,6,5,30,3,1,1,5,4,3,13,4,4,5,5,5,2,16,2,13,3,10,4,1,7,9,8,20,2,11,,80,,1,22,121.5675186,25.0537148
113,4,29,7,7,2,06松山區,松山區寶清街與南京東路5段291巷47弄口,0,0,1,1,C03,8,6,5,30,3,1,1,5,4,3,13,4,4,5,5,5,2,16,2,53,2,9,6,1,7,5,1,10,2,14,,80,,1,22,121.5675186,25.0537148
113,4,29,7,7,2,06松山區,松山區寶清街與南京東路5段291巷47弄口,0,0,1,3,B03,8,6,5,30,3,1,1,5,4,3,13,4,4,5,5,5,2,16,2,49,3,10,3,4,7,13,1,8,1,15,,38,,1,22,121.5675186,25.0537148
113,4,29,7,8,2,02萬華區,萬華區萬大路534巷與武成街28巷口,0,0,1,1,C03,7,6,5,30,4,1,1,5,4,5,13,4,4,10,5,5,1,17,2,41,2,9,3,4,7,9,1,10,1,12,,72,,1,22,121.4957315,25.01917828
113,4,29,7,8,2,02萬華區,萬華區萬大路534巷與武成街28巷口,0,0,1,2,B12,7,6,5,30,4,1,1,5,4,5,13,4,4,10,5,5,1,17,1,52,3,10,3,4,7,9,1,8,1,8,,14,,1,22,121.4957315,25.01917828
113,4,29,7,18,2,07信義區,信義區忠孝東路5段與忠孝東路5段236巷口,0,0,1,1,B03,8,6,5,50,4,2,1,5,4,5,13,2,1,1,4,1,2,12,1,44,3,10,7,1,7,6,1,8,1,2,,9,,1,21,121.5719842,25.0408778
113,4,29,7,18,2,07信義區,信義區忠孝東路5段與忠孝東路5段236巷口,0,0,1,2,C03,8,6,5,50,4,2,1,5,4,5,13,2,1,1,4,1,2,12,1,70,2,9,5,1,7,9,1,10,1,11,,44,,1,21,121.5719842,25.0408778
113,4,29,7,21,2,03中山區,中山區中山北路3段與民族東路口,0,0,1,1,A01,8,7,5,50,4,1,1,5,4,5,13,1,1,5,4,5,2,16,1,42,3,10,7,1,7,5,1,1,1,2,,8,,1,22,121.522906,25.068486
113,4,29,7,21,2,03中山區,中山區中山北路3段與民族東路口,0,0,1,2,C03,8,7,5,50,4,1,1,5,4,5,13,1,1,5,4,5,2,16,1,36,2,9,5,1,7,9,1,10,1,12,,13,,1,22,121.522906,25.068486
113,4,29,7,27,2,07信義區,信義區永吉路199號,0,0,2,1,B12,8,7,5,50,14,7,1,5,4,5,13,4,4,1,4,4,2,13,1,47,3,10,3,4,7,9,1,3,2,1,,108,,1,22,121.5737102,25.0455803
113,4,29,7,27,2,07信義區,信義區永吉路199號,0,0,2,2,B03,8,7,5,50,14,7,1,5,4,5,13,4,4,1,4,4,2,13,1,39,2,1,3,4,7,14,1,8,2,3,,44,,1,22,121.5737102,25.0455803
113,4,29,7,27,2,07信義區,信義區永吉路199號,0,0,2,3,B03,8,7,5,50,14,7,1,5,4,5,13,4,4,1,4,4,2,13,1,53,3,10,3,4,7,14,1,8,2,1,,44,,1,22,121.5737102,25.0455803
113,4,29,7,27,2,07信義區,信義區永吉路199號,0,0,2,4,H02,8,7,5,50,14,7,1,5,4,5,13,4,4,1,4,4,2,13,2,10,2,1,3,5,7,20,8,20,10,16,,67,,1,22,121.5737102,25.0455803
113,4,29,7,30,2,03中山區,中山區北安路八二三砲戰紀念公園旁,0,0,2,1,C03,8,6,5,40,14,11,1,5,4,5,13,4,4,1,5,1,2,5,1,33,2,9,6,4,7,9,1,10,1,12,,107,,1,22,121.52669,25.07668363
113,4,29,7,30,2,03中山區,中山區北安路八二三砲戰紀念公園旁,0,0,2,2,H03,8,6,5,40,14,11,1,5,4,5,13,4,4,1,5,1,2,5,2,61,2,9,4,5,8,17,8,20,10,16,,67,,1,22,121.52669,25.07668363
113,4,29,7,31,2,05中正區,中正區三元街118號,0,0,1,1,C03,8,7,5,50,14,7,1,5,4,5,13,4,4,1,5,4,2,12,1,36,3,10,5,4,7,7,1,10,1,14,,100,,1,21,121.5099486,25.0286294
113,4,29,7,31,2,05中正區,中正區三元街118號,0,0,1,2,C03,8,7,5,50,14,7,1,5,4,5,13,4,4,1,5,4,2,12,1,61,2,9,5,4,7,9,1,10,1,12,,44,,1,21,121.5099486,25.0286294
113,4,29,7,38,2,10文山區,文山區羅斯福路6段與羅斯福路6段92巷口,0,0,1,1,B03,8,6,5,50,14,9,1,5,4,5,13,4,4,1,4,5,2,12,1,70,3,10,7,1,7,7,1,8,1,3,,44,,1,21,121.5404439,24.9982236
113,4,29,7,38,2,10文山區,文山區羅斯福路6段與羅斯福路6段92巷口,0,0,1,2,C03,8,6,5,50,14,9,1,5,4,5,13,4,4,1,4,5,2,12,1,25,2,9,6,1,7,9,1,10,1,11,,108,,1,21,121.5404439,24.9982236
113,4,29,7,39,2,07信義區,信義區忠孝東路5段與松信路口口,0,0,3,2,C03,8,5,8,50,22,22,1,5,4,5,13,1,1,2,4,5,2,17,1,63,2,9,6,1,7,9,1,10,9,11,,44,,1,22,121.5718897,25.0410189
113,4,29,7,39,2,07信義區,信義區忠孝東路5段與松信路口口,0,0,3,1,C04,8,5,8,50,22,22,1,5,4,5,13,1,1,2,4,5,2,17,1,38,2,9,6,1,7,5,1,11,9,12,,71,,1,22,121.5718897,25.0410189
113,4,29,7,39,2,07信義區,信義區忠孝東路5段與松信路口口,0,0,3,3,H02,8,5,8,50,22,22,1,5,4,5,13,1,1,2,4,5,2,17,2,38,2,9,5,5,7,19,8,20,10,16,,67,,1,22,121.5718897,25.0410189
113,4,29,7,43,2,03中山區,中山區民生東路2段164巷14號,0,0,1,1,C03,8,7,5,30,14,9,1,5,4,5,13,4,4,10,5,5,2,13,2,56,2,9,5,1,7,9,1,10,1,11,,16,,1,22,121.5336508,25.05654992
113,4,29,7,43,2,03中山區,中山區民生東路2段164巷14號,0,0,1,2,C03,8,7,5,30,14,9,1,5,4,5,13,4,4,10,5,5,2,13,1,31,3,10,5,1,7,3,1,10,1,13,,44,,1,22,121.5336508,25.05654992
113,4,29,8,7,2,06松山區,松山區八德路4段與東興路口,0,0,1,1,C03,8,5,5,50,4,1,1,5,4,5,13,2,1,5,4,5,2,16,1,18,2,9,6,4,7,5,1,10,1,14,,98,,1,22,121.565534,25.0489621
113,4,29,8,7,2,06松山區,松山區八德路4段與東興路口,0,0,1,2,B03,8,5,5,50,4,1,1,5,4,5,13,2,1,5,4,5,2,16,2,39,3,10,3,4,7,9,1,8,1,2,,44,,1,22,121.565534,25.0489621
113,4,29,8,10,2,03中山區,中山區新生北路3段55號,0,0,2,1,F01,8,6,5,30,14,9,1,5,4,5,13,4,4,10,5,5,2,16,1,16,2,8,4,1,7,5,8,20,2,11,,80,,1,16,121.5285068,25.06531953
113,4,29,8,10,2,03中山區,中山區新生北路3段55號,0,0,2,2,C03,8,6,5,30,14,9,1,5,4,5,13,4,4,10,5,5,2,16,1,40,2,8,6,1,7,9,1,10,2,11,,44,,1,21,121.5285068,25.06531953
113,4,29,8,12,2,05中正區,中正區中山南路與青島東路口,0,0,1,1,C03,8,5,5,50,4,2,1,5,4,5,13,1,1,4,4,1,1,17,1,33,3,10,5,1,7,6,1,10,2,12,,9,,1,21,121.5194041,25.0444509
113,4,29,8,12,2,05中正區,中正區中山南路與青島東路口,0,0,1,2,C03,8,5,5,50,4,2,1,5,4,5,13,1,1,4,4,1,1,17,1,59,2,9,5,1,7,9,1,10,2,14,,44,,1,21,121.5194041,25.0444509
113,4,29,8,15,2,05中正區,中正區桃源街與衡陽路口,0,0,2,1,C03,8,6,5,50,3,1,1,5,4,5,13,4,4,10,5,5,2,16,1,46,2,8,5,1,7,5,1,10,2,13,,8,,1,22,121.5105485,25.042195
113,4,29,8,15,2,05中正區,中正區桃源街與衡陽路口,0,0,2,2,C03,8,6,5,50,3,1,1,5,4,5,13,4,4,10,5,5,2,16,2,28,2,9,5,1,7,9,1,10,2,11,,44,,1,22,121.5105485,25.042195
113,4,29,8,32,2,02萬華區,萬華區西園路2段140巷與西園路2段口,0,0,1,1,C03,8,6,5,50,4,1,1,5,4,5,13,1,1,8,3,5,1,12,1,39,3,10,5,1,7,12,1,10,1,12,,13,,1,21,121.4962214,25.0298728
113,4,29,8,32,2,02萬華區,萬華區西園路2段140巷與西園路2段口,0,0,1,2,C03,8,6,5,50,4,1,1,5,4,5,13,1,1,8,3,5,1,12,2,21,2,8,5,1,7,12,1,10,1,14,,44,,1,21,121.4962214,25.0298728
113,4,29,8,38,2,05中正區,中正區和平西路2段70巷2弄2號,0,0,1,1,B03,8,6,5,30,14,9,1,5,4,5,13,4,4,10,5,5,2,2,1,69,3,10,7,1,7,9,1,8,1,5,,108,,1,21,121.5114087,25.02890839
113,4,29,8,38,2,05中正區,中正區和平西路2段70巷2弄2號,0,0,1,2,H01,8,6,5,30,14,9,1,5,4,5,13,4,4,10,5,5,2,2,2,51,2,8,4,5,8,16,8,20,10,16,,67,,1,21,121.5114087,25.02890839
113,4,29,8,43,2,12內湖區,內湖區堤頂大道1段351號前,0,0,1,1,C03,8,5,5,40,14,9,1,5,4,5,13,4,4,1,4,5,2,16,1,47,2,8,6,1,7,9,1,9,1,11,,44,,1,21,121.5726648,25.06412436
113,4,29,8,43,2,12內湖區,內湖區堤頂大道1段351號前,0,0,1,2,B03,8,5,5,40,14,9,1,5,4,5,13,4,4,1,4,5,2,16,2,39,3,10,7,1,7,6,1,8,1,6,,9,,1,21,121.5726648,25.06412436
113,4,29,9,5,2,05中正區,中正區中山南路與徐州路口,0,0,3,1,C03,8,6,5,50,4,2,1,5,4,5,13,1,1,10,5,5,2,13,1,37,2,9,5,1,7,9,1,10,1,11,,16,,1,22,121.5185844,25.0416743
113,4,29,9,5,2,05中正區,中正區中山南路與徐州路口,0,0,3,2,C03,8,6,5,50,4,2,1,5,4,5,13,1,1,10,5,5,2,13,2,49,2,9,5,1,7,14,1,10,1,13,,44,,1,22,121.5185844,25.0416743
113,4,29,9,5,2,05中正區,中正區中山南路與徐州路口,0,0,3,3,H02,8,6,5,50,4,2,1,5,4,5,13,1,1,10,5,5,2,13,2,43,2,9,5,5,7,20,8,20,10,16,,67,,1,22,121.5185844,25.0416743
113,4,29,9,7,2,04大安區,大安區杭州南路2段與金華街口,0,0,1,1,B03,8,7,5,50,4,1,1,5,4,5,13,2,1,4,3,5,1,16,2,44,3,10,3,4,7,5,1,8,1,8,,8,,1,22,121.5222881,25.0309879
113,4,29,9,7,2,04大安區,大安區杭州南路2段與金華街口,0,0,1,2,F01,8,7,5,50,4,1,1,5,4,5,13,2,1,4,3,5,1,16,1,31,2,8,4,1,7,9,8,20,1,14,,88,,1,22,121.5222881,25.0309879
113,4,29,9,35,2,03中山區,中山區北安路301號對面,0,0,1,1,B01,8,6,5,50,14,9,1,5,4,5,13,4,4,1,4,5,2,13,1,50,3,10,3,4,7,9,1,4,1,1,,16,,1,21,121.5348468,25.07791068
113,4,29,9,35,2,03中山區,中山區北安路301號對面,0,0,1,2,B03,8,6,5,50,14,9,1,5,4,5,13,4,4,1,4,5,2,13,1,69,3,10,3,4,7,14,6,18,1,3,,44,,1,22,121.5348468,25.07791068
113,4,29,9,35,2,03中山區,中山區北安路301號對面,0,0,1,3,H02,8,6,5,50,14,9,1,5,4,5,13,4,4,1,4,5,2,13,2,56,2,9,2,5,7,17,8,20,10,16,,67,,1,22,121.5348468,25.07791068
113,4,29,9,53,2,04大安區,大安區辛亥路3段與芳蘭路口,0,0,1,1,B03,7,6,5,50,4,2,1,5,4,5,13,1,1,1,4,5,1,13,1,50,3,10,7,1,7,15,1,8,1,1,,108,,1,21,121.5488318,25.0170586
113,4,29,9,53,2,04大安區,大安區辛亥路3段與芳蘭路口,0,0,1,2,C02,7,6,5,50,4,2,1,5,4,5,13,1,1,1,4,5,1,13,1,55,2,8,6,1,7,14,1,9,1,13,,44,,1,21,121.5488318,25.0170586
113,4,29,10,1,2,05中正區,中正區汀州路1段102號,0,0,1,1,C03,8,6,5,50,14,9,1,5,4,5,13,4,4,5,4,4,2,16,1,35,3,10,5,1,7,15,1,10,2,11,,108,,1,21,121.5076516,25.03011324
113,4,29,10,1,2,05中正區,中正區汀州路1段102號,0,0,1,2,C03,8,6,5,50,14,9,1,5,4,5,13,4,4,5,4,4,2,16,1,53,2,9,5,1,7,9,1,10,2,14,,44,,1,21,121.5076516,25.03011324
113,4,29,10,5,2,01大同區,大同區哈密街59巷2弄9號,0,0,1,1,B03,8,6,5,30,14,9,1,5,4,5,13,4,4,10,5,5,2,17,1,36,3,10,7,1,7,9,1,8,1,5,,44,,1,21,121.5154743,25.0741279
113,4,29,10,5,2,01大同區,大同區哈密街59巷2弄9號,0,0,1,2,F01,8,6,5,30,14,9,1,5,4,5,13,4,4,10,5,5,2,17,2,79,2,8,4,1,7,1,8,20,1,11,,19,,1,21,121.5154743,25.0741279
113,4,29,10,34,2,12內湖區,內湖區安康路32巷與安康路32巷24弄口,0,0,1,1,C03,8,5,5,50,4,1,1,5,4,5,13,4,4,5,5,5,2,15,2,29,2,9,5,1,7,9,1,10,1,11,,80,,1,21,121.5949678,25.0619197
113,4,29,10,34,2,12內湖區,內湖區安康路32巷與安康路32巷24弄口,0,0,1,2,B12,8,5,5,50,4,1,1,5,4,5,13,4,4,5,5,5,2,15,1,49,3,10,7,1,7,9,1,8,1,7,,14,,1,21,121.5949678,25.0619197
113,4,29,11,35,2,06松山區,松山區民生東路4段與民生東路4段97巷口,0,0,1,1,B03,8,6,5,50,4,1,1,4,4,1,11,2,2,1,5,1,2,3,1,25,3,10,3,4,7,9,1,8,2,1,,14,,1,21,121.5521352,25.05803926
113,4,29,11,35,2,06松山區,松山區民生東路4段與民生東路4段97巷口,0,0,1,2,H01,8,6,5,50,4,1,1,4,4,1,11,2,2,1,5,1,2,3,2,67,2,9,4,5,8,16,8,20,10,16,,60,,1,21,121.5521352,25.05803926
113,4,29,11,44,2,11南港區,南港區忠孝東路7段與興中路口,0,0,1,1,C03,8,7,5,50,14,9,1,5,4,5,13,2,1,1,4,5,2,12,2,31,2,9,5,1,7,7,1,10,1,15,,100,,1,22,121.608242,25.0522313
113,4,29,11,44,2,11南港區,南港區忠孝東路7段與興中路口,0,0,1,2,B03,8,7,5,50,14,9,1,5,4,5,13,2,1,1,4,5,2,12,1,71,3,10,7,1,7,9,1,8,1,2,,44,,1,22,121.608242,25.0522313
113,4,29,11,44,2,11南港區,南港區忠孝東路7段與興中路口,0,0,1,3,H03,8,7,5,50,14,9,1,5,4,5,13,2,1,1,4,5,2,12,2,55,3,10,4,5,8,21,8,20,10,16,,67,,1,21,121.608242,25.0522313
113,4,29,11,50,2,07信義區,信義區吳興街與吳興街583巷1弄口,0,0,1,1,B03,8,5,5,50,4,2,1,5,4,5,13,3,1,5,2,5,2,17,2,25,3,10,7,1,7,9,1,8,1,1,,107,,1,22,121.5697771,25.0233983
113,4,29,11,50,2,07信義區,信義區吳興街與吳興街583巷1弄口,0,0,1,2,C03,8,5,5,50,4,2,1,5,4,5,13,3,1,5,2,5,2,17,2,57,2,8,5,1,7,14,3,18,1,11,,44,,1,22,121.5697771,25.0233983
113,4,29,11,52,2,01大同區,大同區延平北路3段18巷與民權西路245巷口,0,0,2,1,C03,8,6,5,30,4,1,1,5,4,5,13,4,4,10,5,5,2,15,2,22,2,9,6,4,7,9,1,10,1,11,,72,,1,22,121.5103673,25.063947
113,4,29,11,52,2,01大同區,大同區延平北路3段18巷與民權西路245巷口,0,0,2,2,C03,8,6,5,30,4,1,1,5,4,5,13,4,4,10,5,5,2,15,1,42,2,9,6,4,7,9,1,10,1,12,,44,,1,22,121.5103673,25.063947
113,4,29,11,54,2,02萬華區,萬華區環河南路2段與和平西路3段口,0,0,1,1,C03,8,7,5,50,4,1,1,5,4,5,13,1,1,9,5,5,2,13,1,59,2,7,5,1,7,9,1,10,1,11,,108,,1,21,121.4943928,25.0355729
113,4,29,11,54,2,02萬華區,萬華區環河南路2段與和平西路3段口,0,0,1,2,C03,8,7,5,50,4,1,1,5,4,5,13,1,1,9,5,5,2,13,2,42,3,10,5,1,7,12,1,10,1,13,,44,,1,21,121.4943928,25.0355729
113,4,29,12,6,2,10文山區,文山區木柵路1段111號旁汽機車停車場出入口,0,0,1,1,C03,8,6,5,50,14,9,1,5,4,5,13,4,4,5,4,5,2,16,2,19,3,10,6,1,7,6,1,10,2,12,,9,,1,25,121.5482691,24.98720541
113,4,29,12,6,2,10文山區,文山區木柵路1段111號旁汽機車停車場出入口,0,0,1,2,C03,8,6,5,50,14,9,1,5,4,5,13,4,4,5,4,5,2,16,2,21,2,9,6,1,7,9,1,10,2,11,14,44,,1,25,121.5482691,24.98720541
113,4,29,13,8,2,05中正區,中正區中華路2段與莒光路口口,0,0,1,1,B03,8,6,5,50,4,1,1,5,4,5,13,1,1,1,4,5,1,16,2,33,3,10,7,1,7,5,1,8,2,8,,71,,1,21,121.5041417,25.03128047
113,4,29,13,8,2,05中正區,中正區中華路2段與莒光路口口,0,0,1,2,C03,8,6,5,50,4,1,1,5,4,5,13,1,1,1,4,5,1,16,1,35,2,8,6,1,7,9,1,10,2,11,,13,,1,21,121.5041417,25.03128047
113,4,29,13,10,2,09北投區,北投區石牌路2段90巷與明德路337巷口,0,0,1,1,C03,7,6,5,30,3,2,1,5,4,5,13,4,4,10,5,5,1,17,1,73,2,9,6,1,7,6,1,10,1,17,,27,,1,21,121.5186068,25.1169845
113,4,29,13,10,2,09北投區,北投區石牌路2段90巷與明德路337巷口,0,0,1,2,B11,7,6,5,30,3,2,1,5,4,5,13,4,4,10,5,5,1,17,2,41,3,10,7,1,7,1,1,4,1,17,,38,,1,21,121.5186068,25.1169845
113,4,29,13,25,2,05中正區,中正區市民大道2段與林森北路附近口迴轉道,0,0,2,1,C03,8,6,5,40,3,1,1,5,4,5,13,4,4,1,4,5,2,16,1,22,2,9,6,1,7,5,1,10,2,11,,13,,1,21,121.5237354,25.0477686
113,4,29,13,25,2,05中正區,中正區市民大道2段與林森北路附近口迴轉道,0,0,2,2,C03,8,6,5,40,3,1,1,5,4,5,13,4,4,1,4,5,2,16,1,48,2,9,5,1,7,5,1,9,2,14,,44,,1,21,121.5237354,25.0477686
113,4,29,13,30,2,03中山區,中山區龍江路與龍江路223巷口,0,0,1,1,C03,8,7,5,30,4,1,1,5,4,5,13,4,4,10,5,5,1,15,1,50,2,9,5,1,7,9,1,10,1,11,,80,,1,21,121.5405816,25.0568763
113,4,29,13,30,2,03中山區,中山區龍江路與龍江路223巷口,0,0,1,2,B01,8,7,5,30,4,1,1,5,4,5,13,4,4,10,5,5,1,15,1,59,3,10,7,1,7,9,1,4,1,1,,14,,1,21,121.5405816,25.0568763
113,4,29,13,30,2,03中山區,中山區龍江路與龍江路223巷口,0,0,1,3,C03,8,7,5,30,4,1,1,5,4,5,13,4,4,10,5,5,1,15,1,52,3,10,6,2,7,13,1,10,9,13,,38,,1,21,121.5405816,25.0568763
113,4,29,13,43,2,12內湖區,內湖區康寧路3段81號,0,0,1,1,C03,8,6,5,40,14,8,1,5,4,5,13,4,4,1,4,4,2,13,2,71,2,9,5,1,7,9,1,10,2,11,,108,,1,21,121.6094788,25.0719204
113,4,29,13,43,2,12內湖區,內湖區康寧路3段81號,0,0,1,2,B02,8,6,5,40,14,8,1,5,4,5,13,4,4,1,4,4,2,13,1,32,3,10,7,1,7,13,1,8,2,3,,38,,1,21,121.6094788,25.0719204
113,4,29,14,0,2,08士林區,士林區中山北路6段與福國路口,0,0,2,1,C03,8,6,5,50,3,1,1,5,4,5,13,2,1,3,2,5,2,17,2,44,2,9,5,1,7,9,6,11,9,11,,44,,1,21,121.5256102,25.1025274
113,4,29,14,0,2,08士林區,士林區中山北路6段與福國路口,0,0,2,2,C03,8,6,5,50,3,1,1,5,4,5,13,2,1,3,2,5,2,17,2,60,2,3,6,1,7,5,1,10,9,14,,83,,1,21,121.5256102,25.1025274
113,4,29,14,22,2,07信義區,信義區信義路5段122號,0,0,1,1,C03,7,6,5,50,14,9,1,5,4,5,13,4,4,8,3,5,2,17,2,29,2,9,3,4,7,9,1,10,1,11,,16,,1,21,121.5688118,25.0327297
113,4,29,14,22,2,07信義區,信義區信義路5段122號,0,0,1,2,C03,7,6,5,50,14,9,1,5,4,5,13,4,4,8,3,5,2,17,1,53,3,10,3,4,7,9,1,10,1,11,,44,,1,21,121.5688118,25.0327297
113,4,29,15,3,2,10文山區,文山區汀州路4段與汀州路4段口183號停車場出入口,0,0,1,1,B03,8,6,5,30,3,1,1,5,4,5,13,4,4,5,5,5,2,16,2,47,3,10,7,1,7,1,1,8,1,2,,19,,1,21,121.5354855,25.0035394
113,4,29,15,3,2,10文山區,文山區汀州路4段與汀州路4段口183號停車場出入口,0,0,1,2,C03,8,6,5,30,3,1,1,5,4,5,13,4,4,5,5,5,2,16,1,27,2,9,6,1,7,9,1,10,1,11,,44,,1,21,121.5354855,25.0035394
113,4,29,15,20,2,08士林區,士林區芝玉路2段與芝玉路2段84巷口,0,0,1,1,C03,7,7,5,30,4,1,1,5,4,5,13,4,4,10,5,5,1,17,1,47,2,9,5,1,7,9,1,10,1,14,,14,,1,21,121.5357513,25.11253357
113,4,29,15,20,2,08士林區,士林區芝玉路2段與芝玉路2段84巷口,0,0,1,2,B03,7,7,5,30,4,1,1,5,4,5,13,4,4,10,5,5,1,17,2,44,3,10,7,1,7,9,1,8,1,1,,14,,1,21,121.5357513,25.11253357
113,4,29,15,20,2,12內湖區,內湖區潭美街與南京東路6段口,0,0,1,1,B02,8,5,5,40,3,1,1,5,4,5,13,4,4,5,5,5,2,16,2,59,3,10,7,1,7,6,1,8,1,6,,80,,1,21,121.5749368,25.053157
113,4,29,15,20,2,12內湖區,內湖區潭美街與南京東路6段口,0,0,1,2,C03,8,5,5,40,3,1,1,5,4,5,13,4,4,5,5,5,2,16,1,57,2,9,6,1,7,9,1,10,1,11,,44,,1,21,121.5749368,25.053157
113,4,29,15,38,2,12內湖區,內湖區金湖路與金湖路363巷口,0,0,2,1,C03,8,6,5,50,5,2,1,5,4,5,13,1,1,1,4,5,2,12,2,49,2,9,5,1,7,7,1,10,1,14,,100,,1,21,121.6030466,25.07354864
113,4,29,15,38,2,12內湖區,內湖區金湖路與金湖路363巷口,0,0,2,2,C03,8,6,5,50,5,2,1,5,4,5,13,1,1,1,4,5,2,12,1,16,2,9,5,1,7,9,2,18,1,11,,44,,1,21,121.6030466,25.07354864
113,4,29,16,10,2,07信義區,信義區基隆路2段79巷1-1號,0,0,1,1,C03,8,7,5,30,14,9,1,5,4,5,13,4,4,10,5,5,2,13,1,41,2,8,5,1,7,9,1,10,1,11,,44,,1,21,121.5585413,25.0300229
113,4,29,16,10,2,07信義區,信義區基隆路2段79巷1-1號,0,0,1,2,C03,8,7,5,30,14,9,1,5,4,5,13,4,4,10,5,5,2,13,1,38,3,10,5,1,7,9,1,10,1,13,,44,,1,21,121.5585413,25.0300229
113,4,29,16,24,2,06松山區,松山區塔悠路91號,0,0,1,2,B02,8,6,8,50,14,9,1,5,4,5,13,4,4,1,3,5,2,12,1,31,3,10,3,4,7,9,1,8,1,2,,44,,1,21,121.5703607,25.05220396
113,4,29,16,24,2,06松山區,松山區塔悠路91號,0,0,1,1,C03,8,6,8,50,14,9,1,5,4,5,13,4,4,1,3,5,2,12,2,47,2,9,6,1,7,7,1,10,1,14,,100,,1,21,121.5703607,25.05220396
113,4,29,16,34,2,05中正區,中正區汀州路3段11號,0,0,1,1,B01,8,7,5,50,14,9,1,5,4,5,13,4,4,1,4,5,2,12,1,30,3,10,7,4,7,8,1,4,1,6,,100,,1,21,121.5261991,25.02015415
113,4,29,16,34,2,05中正區,中正區汀州路3段11號,0,0,1,2,C03,8,7,5,50,14,9,1,5,4,5,13,4,4,1,4,5,2,12,2,44,2,9,5,4,7,9,1,10,1,11,,44,,1,21,121.5261991,25.02015415
113,4,29,16,40,2,06松山區,信義區松壽路30號,0,0,1,1,B03,8,7,5,50,14,9,1,5,4,5,13,4,4,1,4,5,2,13,1,26,3,10,7,1,7,9,1,8,2,5,,108,,1,7,121.5679494,25.0357892
113,4,29,16,40,2,06松山區,信義區松壽路30號,0,0,1,2,C03,8,7,5,50,14,9,1,5,4,5,13,4,4,1,4,5,2,13,1,29,2,7,5,1,7,15,1,9,2,13,,44,,1,23,121.5679494,25.0357892
113,4,29,17,9,2,03中山區,中山區崇實路與北安路口,0,0,1,1,B02,8,6,5,50,14,9,1,5,4,5,13,4,4,1,5,5,1,12,2,21,3,10,3,4,7,13,1,8,1,4,,40,,1,21,121.5443284,25.0802464
113,4,29,17,9,2,03中山區,中山區崇實路與北安路口,0,0,1,2,C03,8,6,5,50,14,9,1,5,4,5,13,4,4,1,5,5,1,12,1,21,2,9,3,4,7,9,1,10,1,12,,13,,1,21,121.5443284,25.0802464
113,4,29,17,20,2,12內湖區,內湖區內湖路1段91巷92弄與內湖路1段91巷102弄口,0,0,3,1,C03,8,6,5,20,3,1,1,5,4,5,13,4,4,10,5,5,2,11,1,18,2,9,5,1,7,15,1,10,1,14,,13,,1,21,121.5645073,25.08770677
113,4,29,17,20,2,12內湖區,內湖區內湖路1段91巷92弄與內湖路1段91巷102弄口,0,0,3,2,C03,8,6,5,20,3,1,1,5,4,5,13,4,4,10,5,5,2,11,2,42,2,7,5,1,7,1,1,10,1,11,,80,,1,21,121.5645073,25.08770677
113,4,29,17,20,2,12內湖區,內湖區內湖路1段91巷92弄與內湖路1段91巷102弄口,0,0,3,3,H02,8,6,5,20,3,1,1,5,4,5,13,4,4,10,5,5,2,11,2,19,2,8,5,5,7,20,8,20,10,16,,67,,1,21,121.5645073,25.08770677
113,4,29,17,28,2,02萬華區,萬華區環河南路2段與桂林路口,0,0,2,1,C03,8,5,5,50,4,1,1,5,4,5,13,1,1,5,4,5,2,17,2,32,2,8,5,4,7,5,1,10,1,14,,8,,1,21,121.4969398,25.038501
113,4,29,17,28,2,02萬華區,萬華區環河南路2段與桂林路口,0,0,2,2,C03,8,5,5,50,4,1,1,5,4,5,13,1,1,5,4,5,2,17,1,35,2,7,5,4,7,9,1,10,1,12,,44,,1,21,121.4969398,25.038501
113,4,29,17,28,2,03中山區,中山區民族東路與新生北路3段口,0,0,1,1,B03,8,7,5,50,4,1,1,5,4,5,13,1,1,1,4,5,2,16,1,78,3,10,7,1,7,8,1,8,1,5,,100,,1,22,121.5276918,25.0683863
113,4,29,17,28,2,03中山區,中山區民族東路與新生北路3段口,0,0,1,2,C03,8,7,5,50,4,1,1,5,4,5,13,1,1,1,4,5,2,16,2,39,2,9,5,1,7,9,1,10,1,14,,44,,1,22,121.5276918,25.0683863