發生年度,發生月,發生日,發生時-Hours,發生分,處理別-編號,區序,肇事地點,死亡人數,2-30日死亡人數,受傷人數,當事人序號,車種,天候,道路照明設備,道路類別,速限-速度限制,道路型態,事故位置,路面狀況1,路面狀況2,路面狀況3,道路障礙1,道路障礙2,號誌1,號誌2,車道劃分-分向,車道劃分-分道1,車道劃分-分道2,車道劃分-分道3,事故類型及型態,性別,年齡,受傷程度,主要傷處,保護裝置,行動電話,車輛用途,當事者行動狀態,駕駛資格情形,駕駛執照種類,飲酒情形,車輛撞擊部位1,車輛撞擊部位2,肇因碼-個別,肇因碼-主要,個人肇逃否,職業,座標-X,座標-Y
113,4,29,18,7,2,03中山區,中山區明水路與樂群三路口,0,0,1,1,C03,8,6,5,50,4,1,1,5,4,5,13,2,1,10,5,5,2,17,2,58,3,10,3,4,7,5,1,10,1,17,,71,,1,21,121.5511878,25.0826852
113,4,29,18,7,2,03中山區,中山區明水路與樂群三路口,0,0,1,2,C03,8,6,5,50,4,1,1,5,4,5,13,2,1,10,5,5,2,17,1,31,2,7,6,1,7,9,1,10,1,17,,44,,1,21,121.5511878,25.0826852
113,4,29,18,10,2,05中正區,中正區濟南路2段16號,0,0,1,1,B03,8,5,5,50,14,9,1,5,4,5,13,4,4,8,5,5,2,12,2,27,3,10,7,1,7,8,1,8,1,5,,100,,1,21,121.52743,25.04125501
113,4,29,18,10,2,05中正區,中正區濟南路2段16號,0,0,1,2,C03,8,5,5,50,14,9,1,5,4,5,13,4,4,8,5,5,2,12,2,40,2,9,6,1,7,9,1,10,1,14,,44,,1,21,121.52743,25.04125501
113,4,29,18,31,2,02萬華區,萬華區雅江街與成都路口,0,0,1,1,C03,7,5,6,30,3,1,1,5,4,5,10,4,4,10,4,5,2,16,1,65,2,9,5,4,7,6,6,18,1,11,,5,,1,22,121.5015668,25.0441102
113,4,29,18,31,2,02萬華區,萬華區雅江街與成都路口,0,0,1,2,C03,7,5,6,30,3,1,1,5,4,5,10,4,4,10,4,5,2,16,2,42,3,10,5,4,7,9,1,10,1,12,,44,,1,22,121.5015668,25.0441102
113,4,29,18,31,2,02萬華區,萬華區雅江街與成都路口,0,0,1,3,A12,7,5,6,30,3,1,1,5,4,5,10,4,4,10,4,5,2,16,1,50,3,10,3,4,7,13,1,3,1,17,,44,,1,22,121.5015668,25.0441102
113,4,29,18,36,2,06松山區,松山區富錦街489號,0,0,1,1,F01,8,5,5,50,14,9,1,5,4,5,13,4,4,8,3,5,2,12,2,70,2,9,2,1,7,15,8,20,1,14,,101,,1,21,121.563843,25.06099205
113,4,29,18,36,2,06松山區,松山區富錦街489號,0,0,1,2,B03,8,5,5,50,14,9,1,5,4,5,13,4,4,8,3,5,2,12,1,37,3,10,3,1,7,9,1,8,1,2,,16,,1,21,121.563843,25.06099205
113,4,29,18,45,2,11南港區,南港區大坑街與國興橋口,0,0,3,1,C03,8,5,5,50,4,1,1,5,4,5,13,1,1,5,4,5,2,17,1,41,2,8,5,1,7,5,1,10,1,12,,74,,1,21,121.6191711,25.0431955
113,4,29,18,45,2,11南港區,南港區大坑街與國興橋口,0,0,3,2,C03,8,5,5,50,4,1,1,5,4,5,13,1,1,5,4,5,2,17,2,60,2,8,5,1,7,9,1,10,1,11,,44,,1,21,121.6191711,25.0431955
113,4,29,18,45,2,11南港區,南港區大坑街與國興橋口,0,0,3,3,H02,8,5,5,50,4,1,1,5,4,5,13,1,1,5,4,5,2,17,1,5,2,7,5,5,7,20,8,20,10,16,,67,,1,21,121.6191711,25.0431955
113,4,29,19,14,2,09北投區,北投區文林北路5巷與文林北路5巷口,0,0,1,1,C03,8,5,5,50,3,1,1,5,4,5,13,4,4,5,4,5,2,16,2,24,2,9,5,1,7,5,1,10,1,14,,8,,1,21,121.5172736,25.09999599
113,4,29,19,14,2,09北投區,北投區文林北路5巷與文林北路5巷口,0,0,1,2,C03,8,5,5,50,3,1,1,5,4,5,13,4,4,5,4,5,2,16,1,39,3,10,5,1,7,9,1,10,1,11,,108,,1,21,121.5172736,25.09999599
113,4,29,19,14,2,07信義區,信義區莊敬路204號,0,0,3,1,C03,8,5,5,50,14,8,1,5,4,5,13,4,4,5,5,4,2,17,1,44,3,10,3,4,7,9,1,10,1,17,,44,,1,21,121.5614475,25.0304693
113,4,29,19,14,2,07信義區,信義區莊敬路204號,0,0,3,2,C03,8,5,5,50,14,8,1,5,4,5,13,4,4,5,5,4,2,17,1,53,2,9,3,4,7,9,1,10,1,11,,108,,1,21,121.5614475,25.0304693
113,4,29,19,14,2,07信義區,信義區莊敬路204號,0,0,3,3,H02,8,5,5,50,14,8,1,5,4,5,13,4,4,5,5,4,2,17,2,46,2,7,3,5,7,20,8,20,10,16,,67,,1,21,121.5614475,25.0304693
113,4,29,19,14,2,07信義區,信義區莊敬路204號,0,0,3,4,H02,8,5,5,50,14,8,1,5,4,5,13,4,4,5,5,4,2,17,1,8,2,9,3,5,7,20,8,20,10,16,,67,,1,21,121.5614475,25.0304693
113,4,29,19,30,2,12內湖區,內湖區環山路1段88號與無名巷口,0,0,1,1,B01,8,5,5,50,3,1,1,5,4,5,13,4,4,4,4,5,1,17,1,67,3,10,7,1,7,11,1,4,1,4,,10,,1,21,121.5672906,25.08641963
113,4,29,19,30,2,12內湖區,內湖區環山路1段88號與無名巷口,0,0,1,2,C03,8,5,5,50,3,1,1,5,4,5,13,4,4,4,4,5,1,17,1,41,2,9,5,1,7,9,1,10,1,11,,44,,1,21,121.5672906,25.08641963
113,4,29,19,35,2,04大安區,大安區和平東路3段與敦化南路2段口,0,0,2,1,C03,7,5,5,50,4,1,1,5,4,5,13,1,1,1,4,5,2,16,1,29,3,10,3,4,7,6,1,10,1,13,,71,,1,21,121.5484339,25.0245337
113,4,29,19,35,2,04大安區,大安區和平東路3段與敦化南路2段口,0,0,2,2,C03,7,5,5,50,4,1,1,5,4,5,13,1,1,1,4,5,2,16,1,36,2,9,3,4,7,9,1,10,1,11,,17,,1,21,121.5484339,25.0245337
113,4,29,19,35,2,04大安區,大安區和平東路3段與敦化南路2段口,0,0,2,3,H02,7,5,5,50,4,1,1,5,4,5,13,1,1,1,4,5,2,16,2,35,2,9,3,5,7,20,8,20,10,17,,67,,1,21,121.5484339,25.0245337
113,4,29,21,23,2,10文山區,文山區老泉街45巷1-1號,0,0,1,1,F01,7,5,5,30,12,9,1,5,4,5,13,4,4,10,5,5,2,18,1,53,2,9,4,1,7,9,8,20,1,12,,116,,1,21,121.5688228,24.9777558
113,4,29,21,23,2,10文山區,文山區老泉街45巷1-1號,0,0,1,2,,7,5,5,30,12,9,1,5,4,5,13,4,4,10,5,5,2,18,3,0,,,,,,,,,,,,67,,1,,121.5688228,24.9777558
113,4,29,22,5,2,09北投區,北投區承德路6段與洲美街口,0,0,1,1,C03,7,5,5,50,4,1,1,5,4,5,13,1,1,1,4,4,1,17,1,31,3,10,5,1,7,5,1,10,1,17,,71,,1,21,121.5128626,25.0990101
113,4,29,22,5,2,09北投區,北投區承德路6段與洲美街口,0,0,1,2,C03,7,5,5,50,4,1,1,5,4,5,13,1,1,1,4,4,1,17,1,22,2,7,5,1,7,9,1,10,1,12,,44,,1,21,121.5128626,25.0990101
113,4,29,22,32,2,04大安區,大安區新生南路3段88-2號,0,0,1,1,C03,7,5,5,50,14,9,1,5,4,5,13,4,4,1,4,5,2,13,2,38,2,8,3,4,7,9,1,10,1,11,,108,,1,21,121.5333889,25.0176509
113,4,29,22,32,2,04大安區,大安區新生南路3段88-2號,0,0,1,2,C03,7,5,5,50,14,9,1,5,4,5,13,4,4,1,4,5,2,13,1,26,3,10,3,4,7,13,1,10,9,12,,38,,1,21,121.5333889,25.0176509
113,4,29,22,32,2,04大安區,大安區新生南路3段88-2號,0,0,1,3,C03,7,5,5,50,14,9,1,5,4,5,13,4,4,1,4,5,2,13,1,28,3,10,3,4,7,13,1,10,9,12,,38,,1,21,121.5333889,25.0176509
113,4,29,23,0,2,02萬華區,萬華區艋舺大道71號,0,0,1,1,C03,7,5,5,50,11,9,1,5,4,5,13,4,4,1,4,5,2,11,2,45,3,10,5,1,7,7,1,10,9,14,,100,,1,21,121.5032353,25.0336043
113,4,29,23,0,2,02萬華區,萬華區艋舺大道71號,0,0,1,2,C03,7,5,5,50,11,9,1,5,4,5,13,4,4,1,4,5,2,11,2,25,2,9,5,1,7,9,1,10,1,12,,44,,1,21,121.5032353,25.0336043
113,4,29,23,0,2,12內湖區,內湖區五分街與東湖路160巷口,0,0,1,1,B03,8,5,5,30,3,1,1,5,4,5,13,3,1,5,5,5,2,17,1,30,3,10,7,1,7,5,1,8,2,8,,80,,1,21,121.6172669,25.0671714
113,4,29,23,0,2,12內湖區,內湖區五分街與東湖路160巷口,0,0,1,2,C03,8,5,5,30,3,1,1,5,4,5,13,3,1,5,5,5,2,17,2,31,2,9,6,1,7,9,1,10,2,11,,13,,1,21,121.6172669,25.0671714
113,4,30,1,23,2,01大同區,大同區市民大道1段209號,0,0,1,1,B01,8,5,5,40,22,6,1,5,4,5,13,4,4,1,4,5,2,17,1,59,3,10,7,1,7,15,1,4,1,5,,80,,1,21,121.518541,25.04857984
113,4,30,1,23,2,01大同區,大同區市民大道1段209號,0,0,1,2,C03,8,5,5,40,22,6,1,5,4,5,13,4,4,1,4,5,2,17,2,21,2,9,6,1,7,9,1,10,1,14,,44,,1,21,121.518541,25.04857984
113,4,30,1,23,2,01大同區,大同區市民大道1段209號,0,0,1,3,B03,8,5,5,40,22,6,1,5,4,5,13,4,4,1,4,5,2,17,1,20,3,10,7,1,7,14,1,8,1,8,,38,,1,21,121.518541,25.04857984
113,4,30,2,17,2,02萬華區,萬華區環河南路1段42號,0,0,1,1,B03,7,7,5,50,14,9,1,5,4,5,13,4,4,9,4,5,2,16,2,40,3,10,7,1,7,11,1,8,1,2,,44,,1,21,121.5054851,25.0481438
113,4,30,2,17,2,02萬華區,萬華區環河南路1段42號,0,0,1,2,C03,7,7,5,50,14,9,1,5,4,5,13,4,4,9,4,5,2,16,1,63,2,9,5,1,7,9,3,18,1,11,,44,,1,21,121.5054851,25.0481438
113,4,30,3,35,2,02萬華區,萬華區環河南路2段與長順街46巷口,0,0,1,1,B03,7,5,5,50,4,1,1,5,4,5,13,2,1,1,4,5,2,17,1,112,4,11,3,4,7,21,7,19,11,15,,42,,2,22,121.4901607,25.0307481
113,4,30,3,35,2,02萬華區,萬華區環河南路2段與長順街46巷口,0,0,1,2,C03,7,5,5,50,4,1,1,5,4,5,13,2,1,1,4,5,2,17,1,23,2,9,6,1,7,14,1,10,1,13,14,101,,1,21,121.4901607,25.0307481
113,4,30,6,8,2,03中山區,中山區中山北路3段與新生高架道口往南閘道,0,0,1,1,C03,8,7,5,50,4,1,1,5,4,5,13,1,1,1,4,5,2,17,1,28,3,10,5,1,7,8,1,10,2,17,,100,,1,22,121.5251379,25.076803
113,4,30,6,8,2,03中山區,中山區中山北路3段與新生高架道口往南閘道,0,0,1,2,C03,8,7,5,50,4,1,1,5,4,5,13,1,1,1,4,5,2,17,1,30,2,9,5,1,7,9,1,10,2,14,,116,,1,22,121.5251379,25.076803
113,4,30,6,21,2,04大安區,大安區辛亥路2段與建國南路2段口,0,0,1,1,B12,8,6,5,50,3,1,1,5,4,5,13,2,1,1,4,1,2,16,1,54,4,11,3,4,7,5,1,8,9,2,,85,,2,21,121.5375035,25.0228463
113,4,30,6,21,2,04大安區,大安區辛亥路2段與建國南路2段口,0,0,1,2,C03,8,6,5,50,3,1,1,5,4,5,13,2,1,1,4,1,2,16,1,59,2,9,3,4,7,9,1,10,1,11,,44,,1,22,121.5375035,25.0228463
113,4,30,6,45,2,05中正區,中正區杭州南路1段與濟南路2段口,0,0,1,1,B03,8,6,5,50,4,1,1,5,4,5,13,1,1,5,5,5,2,16,1,53,3,10,7,1,7,15,1,8,2,5,,9,,1,21,121.5261499,25.0416268
113,4,30,6,45,2,05中正區,中正區杭州南路1段與濟南路2段口,0,0,1,2,C03,8,6,5,50,4,1,1,5,4,5,13,1,1,5,5,5,2,16,1,29,2,9,6,1,7,9,1,10,2,14,,44,,1,21,121.5261499,25.0416268
113,4,30,6,55,2,01大同區,大同區承德路3段276號,0,0,1,1,C03,8,6,5,50,14,9,1,5,4,5,13,4,4,1,4,5,2,17,1,45,2,9,6,1,7,9,1,10,2,11,,16,,1,21,121.5194551,25.0737557
113,4,30,6,55,2,01大同區,大同區承德路3段276號,0,0,1,2,C03,8,6,5,50,14,9,1,5,4,5,13,4,4,1,4,5,2,17,1,53,3,10,6,1,7,9,1,10,2,14,,44,,1,21,121.5194551,25.0737557
113,4,30,6,55,2,01大同區,大同區承德路3段276號,0,0,1,3,H01,8,6,5,50,14,9,1,5,4,5,13,4,4,1,4,5,2,17,1,60,3,10,4,5,8,20,8,20,10,16,,60,,1,21,121.5194551,25.0737557
113,4,30,7,42,2,08士林區,士林區仰德大道2段與仰德大道2段134巷口,0,0,1,1,B03,8,6,5,40,3,2,1,5,4,5,13,1,1,4,3,5,1,17,1,63,3,10,7,1,7,11,1,8,2,5,,80,,1,21,121.5472163,25.10949618
113,4,30,7,42,2,08士林區,士林區仰德大道2段與仰德大道2段134巷口,0,0,1,2,C03,8,6,5,40,3,2,1,5,4,5,13,1,1,4,3,5,1,17,1,22,2,9,6,1,7,9,1,10,2,11,,44,,1,21,121.5472163,25.10949618
113,4,30,7,44,2,02萬華區,萬華區東園街66巷與東園街口,0,0,1,2,C03,8,5,5,50,4,1,1,5,4,5,13,1,1,5,4,5,2,17,1,29,2,9,6,4,7,9,1,10,2,11,,108,,1,21,121.4964618,25.0258825
113,4,30,7,44,2,02萬華區,萬華區東園街66巷與東園街口,0,0,1,3,B03,8,5,5,50,4,1,1,5,4,5,13,1,1,5,4,5,2,17,2,61,3,10,7,4,7,9,1,8,2,4,,108,,1,21,121.4964618,25.0258825
113,4,30,7,44,2,02萬華區,萬華區東園街66巷與東園街口,0,0,1,4,B03,8,5,5,50,4,1,1,5,4,5,13,1,1,5,4,5,2,17,2,42,3,10,3,4,7,15,7,19,1,15,,38,,1,22,121.4964618,25.0258825
113,4,30,7,44,2,02萬華區,萬華區東園街66巷與東園街口,0,0,1,1,B01,8,5,5,50,4,1,1,5,4,5,13,1,1,5,4,5,2,17,1,60,3,10,7,4,7,5,1,4,2,2,,44,,1,21,121.4964618,25.0258825
113,4,30,7,44,2,04大安區,大安區復興南路1段與仁愛路3段口,0,0,1,1,C03,7,6,5,50,4,2,1,5,4,5,13,1,1,1,4,5,2,12,1,55,3,10,5,1,7,7,1,10,1,14,,100,,1,21,121.5436246,25.0379357
113,4,30,7,44,2,04大安區,大安區復興南路1段與仁愛路3段口,0,0,1,2,B03,7,6,5,50,4,2,1,5,4,5,13,1,1,1,4,5,2,12,1,31,3,10,7,1,7,9,1,8,1,2,,44,,1,21,121.5436246,25.0379357
113,4,30,7,44,2,04大安區,大安區復興南路1段與仁愛路3段口,0,0,1,3,H02,7,6,5,50,4,2,1,5,4,5,13,1,1,1,4,5,2,12,1,22,2,8,5,5,7,17,8,20,10,16,,67,,1,21,121.5436246,25.0379357
113,4,30,7,50,2,04大安區,大安區忠孝東路3段28號前,0,0,2,1,C03,8,7,5,50,14,9,1,5,4,5,13,4,4,8,3,5,1,17,1,60,2,8,5,1,7,12,1,10,1,13,,14,,1,21,121.5377162,25.041607
113,4,30,7,50,2,04大安區,大安區忠孝東路3段28號前,0,0,2,2,C04,8,7,5,50,14,9,1,5,4,5,13,4,4,8,3,5,1,17,2,56,2,8,5,1,7,12,1,10,1,11,,108,,1,21,121.5377162,25.041607
113,4,30,8,7,2,05中正區,中正區牯嶺街138號,0,0,1,1,B03,8,6,5,30,14,9,1,5,4,5,13,4,4,10,5,5,1,11,1,38,3,10,7,1,7,9,1,8,2,4,,44,,1,21,121.5190367,25.02228335
113,4,30,8,7,2,05中正區,中正區牯嶺街138號,0,0,1,2,F01,8,6,5,30,14,9,1,5,4,5,13,4,4,10,5,5,1,11,1,58,2,7,4,1,7,9,8,20,7,11,,21,,1,21,121.5190367,25.02228335
113,4,30,8,15,2,05中正區,中正區市民大道2段與林森北路口,0,0,1,1,C03,8,6,5,40,4,1,1,5,4,5,13,1,1,1,4,5,2,12,1,61,3,10,6,1,7,9,1,10,2,14,,44,,1,21,121.524125,25.047696
113,4,30,8,15,2,05中正區,中正區市民大道2段與林森北路口,0,0,1,2,C03,8,6,5,40,4,1,1,5,4,5,13,1,1,1,4,5,2,12,2,43,2,9,6,1,7,8,1,10,2,12,,100,,1,21,121.524125,25.047696
113,4,30,8,30,2,08士林區,士林區天母東路90巷與天母東路90巷口,0,0,1,1,C03,8,5,5,30,3,1,1,5,4,5,13,4,4,10,5,5,2,17,2,60,2,4,6,1,7,6,1,10,1,11,,5,,1,21,121.5359337,25.11773385
113,4,30,8,30,2,08士林區,士林區天母東路90巷與天母東路90巷口,0,0,1,2,B03,8,5,5,30,3,1,1,5,4,5,13,4,4,10,5,5,2,17,2,33,3,10,7,1,7,9,1,8,1,5,,108,,1,21,121.5359337,25.11773385
113,4,30,8,46,2,03中山區,中山區新生北路1段33號,0,0,1,1,C03,8,7,5,50,14,9,1,5,4,5,13,4,4,1,5,5,2,12,1,40,3,10,5,1,7,9,1,10,2,14,,44,,1,22,121.5303122,25.0451546
113,4,30,8,46,2,03中山區,中山區新生北路1段33號,0,0,1,2,C03,8,7,5,50,14,9,1,5,4,5,13,4,4,1,5,5,2,12,2,38,2,9,5,1,7,9,1,10,2,12,,108,,1,22,121.5303122,25.0451546
113,4,30,8,50,2,07信義區,信義區光復南路271號,0,0,1,1,C03,8,7,8,50,22,22,1,5,4,5,13,4,4,1,4,5,2,13,1,36,2,9,6,1,7,6,1,10,1,11,,16,,1,22,121.5576535,25.0400161
113,4,30,8,50,2,07信義區,信義區光復南路271號,0,0,1,2,B03,8,7,8,50,22,22,1,5,4,5,13,4,4,1,4,5,2,13,1,74,3,10,7,1,7,14,1,8,1,6,,44,,1,22,121.5576535,25.0400161
113,4,30,8,58,2,08士林區,士林區德行東路109巷104號與德行東路109巷口,0,0,1,1,C03,8,5,5,30,4,1,1,5,4,5,13,4,4,9,5,5,1,13,1,68,3,10,5,1,7,9,1,10,1,11,,16,,1,21,121.5287833,25.1109333
113,4,30,8,58,2,08士林區,士林區德行東路109巷104號與德行東路109巷口,0,0,1,2,F02,8,5,5,30,4,1,1,5,4,5,13,4,4,9,5,5,1,13,2,40,2,9,4,1,7,9,8,20,1,13,,44,,1,21,121.5287833,25.1109333
113,4,30,9,25,2,08士林區,士林區克強路與克強路15巷口,0,0,1,1,C03,8,7,5,50,3,1,1,5,4,5,13,4,4,5,5,5,2,12,2,44,2,9,3,4,7,9,1,10,2,14,,16,,1,21,121.5240701,25.1088798
113,4,30,9,25,2,08士林區,士林區克強路與克強路15巷口,0,0,1,2,B03,8,7,5,50,3,1,1,5,4,5,13,4,4,5,5,5,2,12,1,64,3,10,3,4,7,12,1,8,2,6,,44,,1,21,121.5240701,25.1088798
113,4,30,9,25,2,08士林區,士林區克強路與克強路15巷口,0,0,1,3,B03,8,7,5,50,3,1,1,5,4,5,13,4,4,5,5,5,2,12,2,59,3,10,3,4,7,9,1,8,2,17,,72,,1,21,121.5240701,25.1088798
113,4,30,9,25,2,08士林區,士林區克強路與克強路15巷口,0,0,1,4,C03,8,7,5,50,3,1,1,5,4,5,13,4,4,5,5,5,2,12,3,0,,,,,,,,,11,,,67,,1,,121.5240701,25.1088798
113,4,30,9,25,2,08士林區,士林區克強路與克強路15巷口,0,0,1,5,C03,8,7,5,50,3,1,1,5,4,5,13,4,4,5,5,5,2,12,3,25,,,,,,,,,10,,,67,,1,,121.5240701,25.1088798
113,4,30,9,25,2,08士林區,士林區克強路與克強路15巷口,0,0,1,6,C03,8,7,5,50,3,1,1,5,4,5,13,4,4,5,5,5,2,12,3,65,,,,,,,,,10,,,67,,1,,121.5240701,25.1088798
113,4,30,9,25,2,08士林區,士林區克強路與克強路15巷口,0,0,1,7,C03,8,7,5,50,3,1,1,5,4,5,13,4,4,5,5,5,2,12,3,60,,,,,,,,,10,,,67,,1,,121.5240701,25.1088798
113,4,30,9,48,2,02萬華區,萬華區桂林路與柳州街口,0,0,1,1,B13,8,5,5,50,4,1,1,5,4,5,13,1,1,9,4,5,2,17,1,26,3,10,7,4,7,6,1,8,1,7,,44,,1,21,121.5050993,25.0376717
113,4,30,9,48,2,02萬華區,萬華區桂林路與柳州街口,0,0,1,2,C03,8,5,5,50,4,1,1,5,4,5,13,1,1,9,4,5,2,17,1,18,2,9,6,4,7,9,1,10,1,11,,13,,1,21,121.5050993,25.0376717
113,4,30,9,54,2,12內湖區,內湖區內湖路2段與成功路4段30巷口,0,0,1,1,C03,8,7,6,30,3,1,1,5,4,5,13,4,4,5,5,5,2,16,2,77,2,9,5,1,7,6,3,18,1,11,,72,,1,21,121.5909146,25.0824692
113,4,30,9,54,2,12內湖區,內湖區內湖路2段與成功路4段30巷口,0,0,1,2,B03,8,7,6,30,3,1,1,5,4,5,13,4,4,5,5,5,2,16,1,62,3,10,7,1,7,9,1,8,1,5,,44,,1,21,121.5909146,25.0824692
113,4,30,9,59,2,12內湖區,內湖區金龍路與內湖路2段18巷口,0,0,2,1,C03,8,7,5,40,14,8,1,5,4,5,13,4,4,9,4,4,2,12,1,67,2,9,6,1,7,1,1,10,2,14,,19,,1,21,121.5930008,25.08494427
113,4,30,9,59,2,12內湖區,內湖區金龍路與內湖路2段18巷口,0,0,2,2,C03,8,7,5,40,14,8,1,5,4,5,13,4,4,9,4,4,2,12,1,21,2,9,6,1,7,9,1,10,2,12,,44,,1,21,121.5930008,25.08494427
113,4,30,10,51,2,02萬華區,萬華區環河南路1段27號,0,0,2,1,B02,8,7,5,50,14,9,1,5,4,5,13,4,4,9,5,5,2,17,1,52,3,10,7,1,7,15,1,8,1,8,,40,,1,21,121.5038103,25.0466019
113,4,30,10,51,2,02萬華區,萬華區環河南路1段27號,0,0,2,2,C03,8,7,5,50,14,9,1,5,4,5,13,4,4,9,5,5,2,17,1,61,2,9,5,1,7,9,1,10,1,12,,44,,1,21,121.5038103,25.0466019
113,4,30,10,51,2,02萬華區,萬華區環河南路1段27號,0,0,2,3,B03,8,7,5,50,14,9,1,5,4,5,13,4,4,9,5,5,2,17,1,46,3,10,7,1,7,9,1,8,1,5,,44,,1,21,121.5038103,25.0466019
113,4,30,10,51,2,02萬華區,萬華區環河南路1段27號,0,0,2,4,H02,8,7,5,50,14,9,1,5,4,5,13,4,4,9,5,5,2,17,2,30,2,8,5,5,7,17,8,20,10,16,,67,,1,21,121.5038103,25.0466019
113,4,30,10,52,2,07信義區,信義區基隆路2段131號,0,0,2,1,C03,8,6,5,50,14,9,1,5,4,5,13,4,4,9,3,5,2,13,1,29,2,7,5,4,7,9,1,10,1,13,,44,,1,21,121.5563076,25.0275942
113,4,30,10,52,2,07信義區,信義區基隆路2段131號,0,0,2,2,C03,8,6,5,50,14,9,1,5,4,5,13,4,4,9,3,5,2,13,2,47,2,8,5,4,7,9,1,10,1,11,12,16,,1,21,121.5563076,25.0275942
113,4,30,10,53,2,09北投區,北投區三合街1段117巷與三合街1段117巷59弄口,0,0,1,1,C03,8,6,5,30,4,1,1,5,4,5,13,4,4,10,5,5,2,15,2,68,2,8,5,1,7,9,1,10,2,11,,80,,1,21,121.5045214,25.1251592
113,4,30,10,53,2,09北投區,北投區三合街1段117巷與三合街1段117巷59弄口,0,0,1,2,C03,8,6,5,30,4,1,1,5,4,5,13,4,4,10,5,5,2,15,1,33,3,10,5,1,7,9,1,10,2,12,,44,,1,23,121.5045214,25.1251592
113,4,30,11,0,2,10文山區,文山區興隆路4段29巷與興隆路4段29巷3弄口口,0,0,2,1,C03,8,7,5,30,4,1,1,5,4,5,13,4,4,10,5,5,2,15,1,66,2,9,6,1,7,9,1,10,1,11,,75,,1,22,121.5598352,24.99075886
113,4,30,11,0,2,10文山區,文山區興隆路4段29巷與興隆路4段29巷3弄口口,0,0,2,2,C03,8,7,5,30,4,1,1,5,4,5,13,4,4,10,5,5,2,15,1,30,2,9,5,1,7,9,1,10,1,11,,108,,1,21,121.5598352,24.99075886
113,4,30,11,28,2,07信義區,信義區信義路5段與松智路口,0,0,2,1,C03,8,5,5,50,4,2,1,5,4,5,13,2,1,1,4,5,2,13,1,22,2,9,6,1,7,9,1,10,1,11,,16,,1,22,121.5651948,25.0328299
113,4,30,11,28,2,07信義區,信義區信義路5段與松智路口,0,0,2,2,C03,8,5,5,50,4,2,1,5,4,5,13,2,1,1,4,5,2,13,1,55,3,10,5,1,7,9,1,10,1,13,,44,,1,22,121.5651948,25.0328299
113,4,30,11,28,2,07信義區,信義區信義路5段與松智路口,0,0,2,3,H02,8,5,5,50,4,2,1,5,4,5,13,2,1,1,4,5,2,13,2,21,2,8,6,5,7,20,8,20,10,16,,67,,1,22,121.5651948,25.0328299
113,4,30,11,58,2,04大安區,大安區忠孝東路3段與建國南路1段口,0,0,1,1,B03,8,7,5,40,4,1,1,5,4,5,13,1,1,1,4,5,2,17,1,42,2,1,7,1,7,6,1,8,9,5,,85,,1,21,121.5367963,25.0418037
113,4,30,11,58,2,04大安區,大安區忠孝東路3段與建國南路1段口,0,0,1,2,B03,8,7,5,40,4,1,1,5,4,5,13,1,1,1,4,5,2,17,1,64,3,10,7,1,7,9,1,8,9,4,,44,,1,21,121.5367963,25.0418037
113,4,30,12,0,2,12內湖區,內湖區成功路2段115巷47弄與民權東路6段180巷口,0,0,1,1,B03,8,5,5,30,3,1,1,5,4,5,13,4,4,9,4,5,2,16,1,73,3,10,7,1,7,1,1,8,1,1,,19,,1,21,121.5925378,25.0650839
113,4,30,12,0,2,12內湖區,內湖區成功路2段115巷47弄與民權東路6段180巷口,0,0,1,2,C03,8,5,5,30,3,1,1,5,4,5,13,4,4,9,4,5,2,16,1,38,2,9,6,1,7,9,1,10,1,12,,44,,1,21,121.5925378,25.0650839
113,4,30,12,23,2,12內湖區,內湖區康樂街136巷15弄與康樂街136巷口口,0,0,1,1,C03,8,6,5,30,4,1,1,5,4,5,13,4,4,10,5,5,2,15,2,33,2,8,5,1,7,9,1,10,1,12,,72,,1,21,121.6184335,25.07193485
113,4,30,12,23,2,12內湖區,內湖區康樂街136巷15弄與康樂街136巷口口,0,0,1,2,C03,8,6,5,30,4,1,1,5,4,5,13,4,4,10,5,5,2,15,2,38,3,10,5,1,7,9,3,18,1,11,,44,,1,21,121.6184335,25.07193485
113,4,30,12,24,2,03中山區,中山區林森北路145巷與林森北路口,0,0,1,1,C03,8,6,5,50,3,1,1,5,4,5,13,4,4,1,4,5,2,13,2,26,2,7,6,4,7,9,1,10,1,11,,108,,1,22,121.5252564,25.05144619
113,4,30,12,24,2,03中山區,中山區林森北路145巷與林森北路口,0,0,1,2,C03,8,6,5,50,3,1,1,5,4,5,13,4,4,1,4,5,2,13,1,51,3,10,5,4,7,9,1,10,1,13,,44,,1,21,121.5252564,25.05144619
113,4,30,12,29,2,07信義區,信義區信義路3段150巷355號,0,0,1,1,B03,8,6,5,30,14,9,1,5,4,5,13,4,4,10,5,5,2,12,2,58,3,10,3,1,7,13,1,8,1,4,,40,,1,21,121.5704883,25.0256137
113,4,30,12,29,2,07信義區,信義區信義路3段150巷355號,0,0,1,2,C03,8,6,5,30,14,9,1,5,4,5,13,4,4,10,5,5,2,12,1,43,2,8,5,1,7,9,1,10,1,11,12,44,,1,21,121.5704883,25.0256137
113,4,30,12,33,2,05中正區,中正區中華路1段與中華路1段9巷口,0,0,2,1,B03,8,6,5,50,4,1,1,5,4,5,13,1,1,10,4,5,2,12,2,41,3,10,7,4,7,15,1,8,2,2,,108,,1,22,121.509982,25.04701364