發生年度,發生月,發生日,發生時-Hours,發生分,處理別-編號,區序,肇事地點,死亡人數,2-30日死亡人數,受傷人數,當事人序號,車種,天候,道路照明設備,道路類別,速限-速度限制,道路型態,事故位置,路面狀況1,路面狀況2,路面狀況3,道路障礙1,道路障礙2,號誌1,號誌2,車道劃分-分向,車道劃分-分道1,車道劃分-分道2,車道劃分-分道3,事故類型及型態,性別,年齡,受傷程度,主要傷處,保護裝置,行動電話,車輛用途,當事者行動狀態,駕駛資格情形,駕駛執照種類,飲酒情形,車輛撞擊部位1,車輛撞擊部位2,肇因碼-個別,肇因碼-主要,個人肇逃否,職業,座標-X,座標-Y
113,4,30,12,33,2,05中正區,中正區中華路1段與中華路1段9巷口,0,0,2,2,C03,8,6,5,50,4,1,1,5,4,5,13,1,1,10,4,5,2,12,1,37,2,9,6,4,7,7,1,10,2,14,,100,,1,22,121.509982,25.04701364
113,4,30,12,33,2,05中正區,中正區中華路1段與中華路1段9巷口,0,0,2,3,H02,8,6,5,50,4,1,1,5,4,5,13,1,1,10,4,5,2,12,2,26,2,8,6,5,7,20,8,20,10,16,,67,,1,22,121.509982,25.04701364
113,4,30,12,40,2,05中正區,中正區羅斯福路1段與愛國西路口,0,0,1,1,B03,7,7,5,50,4,1,1,5,4,5,13,1,1,1,4,1,2,17,1,45,3,10,7,1,7,6,1,8,1,5,,98,,1,22,121.5169495,25.0345558
113,4,30,12,40,2,05中正區,中正區羅斯福路1段與愛國西路口,0,0,1,2,C03,7,7,5,50,4,1,1,5,4,5,13,1,1,1,4,1,2,17,2,44,2,7,5,1,7,9,1,10,1,14,,44,,1,22,121.5169495,25.0345558
113,4,30,12,55,2,06松山區,松山區光復南路46巷與光復南路32巷16弄口,0,0,1,1,B03,8,7,5,30,4,1,1,5,4,5,13,4,4,10,5,5,2,1,1,62,3,10,7,1,7,6,1,8,2,8,,14,,1,21,121.5565291,25.04602994
113,4,30,12,55,2,06松山區,松山區光復南路46巷與光復南路32巷16弄口,0,0,1,2,H01,8,7,5,30,4,1,1,5,4,5,13,4,4,10,5,5,2,1,1,68,2,9,4,5,8,16,8,20,10,16,,54,,1,21,121.5565291,25.04602994
113,4,30,12,55,2,06松山區,松山區光復南路46巷與光復南路32巷16弄口,0,0,1,3,,8,7,5,30,4,1,1,5,4,5,13,4,4,10,5,5,2,1,3,68,,,,,,,,,,,,67,,1,,121.5565291,25.04602994
113,4,30,13,28,2,04大安區,大安區和平東路2段與建國南路2段口,0,0,2,1,B01,8,7,5,50,5,1,1,5,4,5,13,1,1,8,3,5,2,12,1,56,3,10,3,4,7,15,1,8,1,5,,80,,1,21,121.5379291,25.0257439
113,4,30,13,28,2,04大安區,大安區和平東路2段與建國南路2段口,0,0,2,2,C03,8,7,5,50,5,1,1,5,4,5,13,1,1,8,3,5,2,12,1,32,2,9,3,4,7,9,1,10,1,14,,44,,1,21,121.5379291,25.0257439
113,4,30,13,28,2,04大安區,大安區和平東路2段與建國南路2段口,0,0,2,3,H02,8,7,5,50,5,1,1,5,4,5,13,1,1,8,3,5,2,12,2,33,2,9,3,5,7,20,8,20,10,16,,67,,1,21,121.5379291,25.0257439
113,4,30,14,23,2,12內湖區,內湖區堤外便道西向東,0,0,2,1,C03,6,6,8,50,22,22,1,4,4,4,13,4,4,5,5,5,2,17,1,18,2,9,5,1,7,15,1,10,1,14,13,108,,1,21,121.616739,25.06564862
113,4,30,14,23,2,12內湖區,內湖區堤外便道西向東,0,0,2,2,C03,6,6,8,50,22,22,1,4,4,4,13,4,4,5,5,5,2,17,2,21,2,9,5,1,7,9,1,10,1,14,11,108,,1,21,121.616739,25.06564862
113,4,30,14,23,2,12內湖區,內湖區堤外便道西向東,0,0,2,3,,6,6,8,50,22,22,1,4,4,4,13,4,4,5,5,5,2,17,3,0,,,,,,,,,,,,67,,1,,121.616739,25.06564862
113,4,30,14,25,2,05中正區,中正區忠孝東路2段與金山南路1段口,0,0,2,1,C03,7,6,5,50,4,2,1,5,4,5,13,1,1,1,4,5,2,16,1,21,3,10,5,1,7,1,1,10,2,12,,19,,1,22,121.5299044,25.042976
113,4,30,14,25,2,05中正區,中正區忠孝東路2段與金山南路1段口,0,0,2,2,C03,7,6,5,50,4,2,1,5,4,5,13,1,1,1,4,5,2,16,1,54,2,8,5,1,7,1,1,10,2,14,,19,,1,22,121.5299044,25.042976
113,4,30,14,25,2,05中正區,中正區忠孝東路2段與金山南路1段口,0,0,2,3,H02,7,6,5,50,4,2,1,5,4,5,13,1,1,1,4,5,2,16,2,49,2,8,5,5,7,20,8,20,10,16,,67,,1,22,121.5299044,25.042976
113,4,30,14,43,2,11南港區,南港區市民大道7段與昆陽街口,0,0,1,1,C03,8,7,5,50,4,2,1,5,4,5,13,2,1,5,4,5,2,12,1,68,3,10,5,1,7,1,1,10,1,12,,17,,2,22,121.5936452,25.0511443
113,4,30,14,43,2,11南港區,南港區市民大道7段與昆陽街口,0,0,1,2,C03,8,7,5,50,4,2,1,5,4,5,13,2,1,5,4,5,2,12,1,32,2,8,5,1,7,1,1,10,1,14,,44,,1,22,121.5936452,25.0511443
113,4,30,15,0,2,07信義區,信義區松仁路3號,0,0,1,1,C03,7,5,5,50,14,9,1,5,4,5,13,4,4,1,4,5,1,29,1,55,2,9,6,1,7,9,1,10,1,14,,44,,1,21,121.5685709,25.040407
113,4,30,15,0,2,07信義區,信義區松仁路3號,0,0,1,2,,7,5,5,50,14,9,1,5,4,5,13,4,4,1,4,5,1,29,3,0,,,,,,,,,,,,67,,1,,121.5685709,25.040407
113,4,30,15,29,2,02萬華區,萬華區華江橋機車道往新北,0,0,1,1,C03,6,7,7,40,14,11,1,4,4,5,13,4,4,10,5,5,2,12,2,24,3,10,5,1,7,15,1,10,1,14,,100,,1,21,121.4892085,25.03684564
113,4,30,15,29,2,02萬華區,萬華區華江橋機車道往新北,0,0,1,2,C03,6,7,7,40,14,11,1,4,4,5,13,4,4,10,5,5,2,12,2,34,2,8,5,1,7,9,1,10,1,12,,44,,1,21,121.4892085,25.03684564
113,4,30,15,30,2,02萬華區,萬華區萬大路510號,0,0,1,1,C03,6,7,5,30,14,9,1,4,4,5,13,4,4,3,4,5,2,13,1,25,3,10,5,1,7,9,1,10,1,12,,108,,1,22,121.4969744,25.0189938
113,4,30,15,30,2,02萬華區,萬華區萬大路510號,0,0,1,2,C03,6,7,5,30,14,9,1,4,4,5,13,4,4,3,4,5,2,13,2,52,2,9,5,1,7,15,1,10,1,14,,44,,1,22,121.4969744,25.0189938
113,4,30,15,30,2,02萬華區,萬華區萬大路510號,0,0,1,3,B03,6,7,5,30,14,9,1,4,4,5,13,4,4,3,4,5,2,13,1,40,3,10,7,4,7,12,1,8,1,4,,44,,1,22,121.4969744,25.0189938
113,4,30,15,40,2,08士林區,士林區至善路1段第214號路燈桿前,0,0,1,1,B03,7,7,5,50,14,7,1,4,4,5,13,4,4,1,4,4,1,17,1,62,3,10,7,1,7,7,1,8,2,4,,100,,1,21,121.5378508,25.09791639
113,4,30,15,40,2,08士林區,士林區至善路1段第214號路燈桿前,0,0,1,2,C03,7,7,5,50,14,7,1,4,4,5,13,4,4,1,4,4,1,17,2,30,2,9,5,1,7,9,1,10,2,14,,44,,1,21,121.5378508,25.09791639
113,4,30,15,50,2,01大同區,大同區環河北路1段與長安西路口,0,0,2,1,C03,6,6,5,50,3,2,1,4,4,5,13,2,1,10,4,5,2,17,1,34,2,9,3,4,7,9,1,10,1,11,,118,,1,21,121.5072461,25.0522121
113,4,30,15,50,2,01大同區,大同區環河北路1段與長安西路口,0,0,2,2,C03,6,6,5,50,3,2,1,4,4,5,13,2,1,10,4,5,2,17,1,31,2,9,3,4,7,9,1,9,1,13,,118,,1,21,121.5072461,25.0522121
113,4,30,16,0,2,07信義區,信義區忠孝東路5段297號,0,0,1,1,B01,6,6,5,50,14,9,1,4,4,5,13,4,4,3,3,5,2,17,1,67,3,10,3,1,7,14,1,4,1,6,,38,,1,21,121.5727763,25.0410342
113,4,30,16,0,2,07信義區,信義區忠孝東路5段297號,0,0,1,3,H02,6,6,5,50,14,9,1,4,4,5,13,4,4,3,3,5,2,17,2,15,3,10,4,5,7,19,8,20,10,16,,126,,1,21,121.5727763,25.0410342
113,4,30,16,0,2,07信義區,信義區忠孝東路5段297號,0,0,1,2,C03,6,6,5,50,14,9,1,4,4,5,13,4,4,3,3,5,2,17,1,47,2,9,6,1,7,9,1,10,1,11,,44,,1,21,121.5727763,25.0410342
113,4,30,16,20,2,05中正區,中正區南海路與南海路2巷口,0,0,1,1,C03,6,7,5,30,3,1,4,4,4,5,13,4,4,1,4,5,2,17,1,69,3,10,5,1,7,7,1,10,2,17,,100,,1,22,121.5175923,25.0326664
113,4,30,16,20,2,05中正區,中正區南海路與南海路2巷口,0,0,1,2,C03,6,7,5,30,3,1,4,4,4,5,13,4,4,1,4,5,2,17,1,66,2,9,5,1,7,9,1,10,2,14,,116,,1,22,121.5175923,25.0326664
113,4,30,17,0,2,10文山區,文山區興隆路3段217號,0,0,1,1,B11,6,6,5,50,14,9,1,4,4,5,13,4,4,1,4,5,2,17,1,33,3,10,7,1,7,7,1,4,2,17,,100,,1,21,121.5596481,24.9949032
113,4,30,17,0,2,10文山區,文山區興隆路3段217號,0,0,1,2,E05,6,6,5,50,14,9,1,4,4,5,13,4,4,1,4,5,2,17,1,61,3,10,7,1,7,14,1,8,2,17,,38,,1,21,121.5596481,24.9949032
113,4,30,17,0,2,10文山區,文山區興隆路3段217號,0,0,1,3,C03,6,6,5,50,14,9,1,4,4,5,13,4,4,1,4,5,2,17,2,40,2,9,6,1,7,9,1,10,2,11,,44,,1,21,121.5596481,24.9949032
113,4,30,17,5,2,05中正區,中正區林森南路地下道,0,0,3,1,C03,6,5,5,50,7,9,1,4,4,5,13,4,4,10,1,5,1,17,1,68,2,1,5,1,7,8,1,10,2,15,,100,,1,21,121.5210331,25.03704337
113,4,30,17,5,2,05中正區,中正區林森南路地下道,0,0,3,2,C03,6,5,5,50,7,9,1,4,4,5,13,4,4,10,1,5,1,17,2,57,2,7,5,1,7,9,1,11,2,15,,44,,1,21,121.5210331,25.03704337
113,4,30,17,5,2,05中正區,中正區林森南路地下道,0,0,3,3,C03,6,5,5,50,7,9,1,4,4,5,13,4,4,10,1,5,1,17,2,19,2,9,5,1,7,9,1,10,2,11,,16,,1,21,121.5210331,25.03704337
113,4,30,17,12,2,04大安區,大安區新生南路3段往北(台大停車場旁),0,0,1,1,C03,6,7,5,50,14,9,1,4,4,5,13,4,4,8,3,4,1,13,1,39,2,1,5,1,7,12,1,10,1,11,,108,,1,26,121.533856,25.0190026
113,4,30,17,12,2,04大安區,大安區新生南路3段往北(台大停車場旁),0,0,1,2,B02,6,7,5,50,14,9,1,4,4,5,13,4,4,8,3,4,1,13,1,34,3,10,7,1,7,15,3,18,1,7,,44,,1,26,121.533856,25.0190026
113,4,30,17,27,2,09北投區,北投區石牌路2段90巷22號,0,0,1,1,B03,6,6,5,30,14,9,1,4,4,5,13,4,4,10,5,5,2,17,1,77,3,10,7,1,7,14,1,8,1,4,,40,,1,21,121.517853,25.11706272
113,4,30,17,27,2,09北投區,北投區石牌路2段90巷22號,0,0,1,2,C03,6,6,5,30,14,9,1,4,4,5,13,4,4,10,5,5,2,17,2,41,2,8,6,1,7,9,1,10,1,11,,44,,1,21,121.517853,25.11706272
113,4,30,17,34,2,04大安區,大安區羅斯福路4段公館2號出口,0,0,1,1,C03,6,5,5,50,14,9,1,4,4,5,13,4,4,1,4,5,2,12,1,30,2,9,5,1,7,7,1,10,1,14,,100,,1,21,121.534816,25.0144332
113,4,30,17,34,2,04大安區,大安區羅斯福路4段公館2號出口,0,0,1,2,B03,6,5,5,50,14,9,1,4,4,5,13,4,4,1,4,5,2,12,1,50,3,10,7,1,7,9,1,8,1,2,,44,,1,21,121.534816,25.0144332
113,4,30,17,34,2,08士林區,士林區中山北路4段公車站牌旁,0,0,1,1,C03,6,6,5,50,14,9,1,4,4,5,13,4,4,3,4,5,2,18,1,66,2,9,3,4,7,15,1,10,9,15,,42,,1,22,121.5248078,25.0817579
113,4,30,17,34,2,08士林區,士林區中山北路4段公車站牌旁,0,0,1,2,,6,6,5,50,14,9,1,4,4,5,13,4,4,3,4,5,2,18,3,0,,,,,,,,,,,,67,,1,,121.5248078,25.0817579
113,4,30,17,40,2,05中正區,中正區桃源街16號,0,0,1,1,B03,6,7,5,50,14,9,1,4,4,5,13,4,4,9,5,5,2,17,2,73,3,10,7,1,7,3,1,8,1,8,,18,,1,21,121.5104309,25.041606
113,4,30,17,40,2,05中正區,中正區桃源街16號,0,0,1,2,B01,6,7,5,50,14,9,1,4,4,5,13,4,4,9,5,5,2,17,1,42,2,1,7,1,7,9,1,4,1,2,,44,,1,21,121.5104309,25.041606
113,4,30,18,0,2,11南港區,南港區市民大道7段與東新街口口,0,0,1,1,C03,6,5,5,50,4,1,1,4,4,5,13,1,1,4,3,5,2,12,1,19,2,3,5,1,7,8,1,10,1,12,,100,,1,21,121.5838773,25.0495938
113,4,30,18,0,2,11南港區,南港區市民大道7段與東新街口口,0,0,1,2,C03,6,5,5,50,4,1,1,4,4,5,13,1,1,4,3,5,2,12,1,19,3,10,5,1,7,9,1,10,1,14,,44,,1,21,121.5838773,25.0495938
113,4,30,18,5,2,05中正區,中正區忠孝東路1段31號,0,0,1,1,B03,6,5,8,50,22,22,1,4,4,5,13,2,1,3,4,5,2,17,1,38,3,10,7,1,7,1,1,8,2,17,,19,,1,21,121.5253054,25.0444252
113,4,30,18,5,2,05中正區,中正區忠孝東路1段31號,0,0,1,2,C03,6,5,8,50,22,22,1,4,4,5,13,2,1,3,4,5,2,17,2,32,2,9,6,1,7,12,1,10,2,14,,44,,1,21,121.5253054,25.0444252
113,4,30,18,7,2,03中山區,中山區大直橋往南,0,0,1,1,B03,7,5,5,50,14,9,1,5,4,5,13,4,4,1,4,5,2,13,1,45,3,10,7,1,7,9,1,8,1,1,,16,,1,22,121.5444761,25.07325668
113,4,30,18,7,2,03中山區,中山區大直橋往南,0,0,1,2,B01,7,5,5,50,14,9,1,5,4,5,13,4,4,1,4,5,2,13,1,45,2,9,7,1,7,9,1,4,1,3,,44,,1,22,121.5444761,25.07325668
113,4,30,18,7,2,03中山區,中山區大直橋往南,0,0,1,3,B03,7,5,5,50,14,9,1,5,4,5,13,4,4,1,4,5,2,13,1,24,3,10,7,1,7,9,1,8,1,3,,44,,1,22,121.5444761,25.07325668
113,4,30,18,10,2,03中山區,中山區北安路542號,0,0,1,1,B03,8,7,5,50,14,9,1,5,4,5,13,4,4,3,4,5,2,12,1,73,4,11,3,4,7,9,7,19,9,15,,108,,2,21,121.5477136,25.08004877
113,4,30,18,10,2,03中山區,中山區北安路542號,0,0,1,2,C03,8,7,5,50,14,9,1,5,4,5,13,4,4,3,4,5,2,12,1,35,2,9,6,1,7,9,1,10,9,14,,44,,1,21,121.5477136,25.08004877
113,4,30,18,12,2,05中正區,中正區汀州路3段與汀州路3段104巷口,0,0,1,1,B03,7,5,5,50,3,1,1,5,4,5,13,4,4,5,5,5,2,17,1,20,3,10,7,1,7,5,1,8,2,1,,74,,1,22,121.5330923,25.014395
113,4,30,18,12,2,05中正區,中正區汀州路3段與汀州路3段104巷口,0,0,1,2,C03,7,5,5,50,3,1,1,5,4,5,13,4,4,5,5,5,2,17,1,40,2,8,5,1,7,9,1,9,2,12,,44,,1,22,121.5330923,25.014395
113,4,30,18,12,2,05中正區,中正區汀州路3段與汀州路3段104巷口,0,0,1,3,H02,7,5,5,50,3,1,1,5,4,5,13,4,4,5,5,5,2,17,1,0,4,11,2,5,7,20,8,20,10,16,,67,,1,24,121.5330923,25.014395
113,4,30,18,20,2,03中山區,中山區北安路305號,0,0,2,1,C03,7,7,5,50,14,9,1,5,4,5,13,2,1,1,4,5,2,13,1,22,2,8,6,1,7,14,1,10,1,13,,108,,1,22,121.5381819,25.0778457
113,4,30,18,20,2,03中山區,中山區北安路305號,0,0,2,2,C03,7,7,5,50,14,9,1,5,4,5,13,2,1,1,4,5,2,13,2,45,2,8,6,1,7,9,1,10,1,11,,16,,1,22,121.5381819,25.0778457
113,4,30,18,20,2,12內湖區,內湖區民權隧道南向北,0,0,2,5,C03,6,5,5,40,6,11,2,4,4,5,13,4,4,1,2,4,2,13,1,31,3,10,5,1,7,9,1,10,1,11,13,13,,1,21,121.6029348,25.0689617
113,4,30,18,20,2,12內湖區,內湖區民權隧道南向北,0,0,2,6,C03,6,5,5,40,6,11,2,4,4,5,13,4,4,1,2,4,2,13,1,22,2,9,5,1,7,9,1,10,1,11,13,16,,1,21,121.6029348,25.0689617
113,4,30,18,20,2,12內湖區,內湖區民權隧道南向北,0,0,2,7,C03,6,5,5,40,6,11,2,4,4,5,13,4,4,1,2,4,2,13,2,25,2,9,5,1,7,9,1,10,1,11,12,16,,1,21,121.6029348,25.0689617
113,4,30,18,20,2,12內湖區,內湖區民權隧道南向北,0,0,2,1,C03,6,5,5,40,6,11,2,4,4,5,13,4,4,1,2,4,2,13,1,24,4,11,3,4,7,21,7,19,11,15,,44,,2,22,121.6029348,25.0689617
113,4,30,18,20,2,12內湖區,內湖區民權隧道南向北,0,0,2,2,C03,6,5,5,40,6,11,2,4,4,5,13,4,4,1,2,4,2,13,2,63,4,11,3,4,7,21,7,19,11,15,,16,,2,22,121.6029348,25.0689617
113,4,30,18,20,2,12內湖區,內湖區民權隧道南向北,0,0,2,3,C03,6,5,5,40,6,11,2,4,4,5,13,4,4,1,2,4,2,13,1,24,4,11,3,4,7,21,7,19,11,15,,44,,2,22,121.6029348,25.0689617
113,4,30,18,20,2,12內湖區,內湖區民權隧道南向北,0,0,2,4,C03,6,5,5,40,6,11,2,4,4,5,13,4,4,1,2,4,2,13,1,31,4,11,3,4,7,21,7,19,11,15,,16,,2,22,121.6029348,25.0689617
113,4,30,18,21,2,02萬華區,萬華區萬大路87-1號,0,0,4,1,C03,7,5,5,50,14,9,1,5,4,5,13,1,1,1,3,5,2,13,1,58,2,9,5,1,7,9,1,10,2,12,,16,,1,21,121.5005781,25.0301683
113,4,30,18,21,2,02萬華區,萬華區萬大路87-1號,0,0,4,2,A02,7,5,5,50,14,9,1,5,4,5,13,1,1,1,3,5,2,13,1,44,3,10,7,1,7,12,1,2,2,7,,108,,1,21,121.5005781,25.0301683
113,4,30,18,21,2,02萬華區,萬華區萬大路87-1號,0,0,4,3,H02,7,5,5,50,14,9,1,5,4,5,13,1,1,1,3,5,2,13,1,72,2,9,4,5,7,17,8,20,10,16,,67,,1,21,121.5005781,25.0301683
113,4,30,18,21,2,02萬華區,萬華區萬大路87-1號,0,0,4,4,H02,7,5,5,50,14,9,1,5,4,5,13,1,1,1,3,5,2,13,2,54,2,9,4,5,7,17,8,20,10,16,,67,,1,21,121.5005781,25.0301683
113,4,30,18,21,2,02萬華區,萬華區萬大路87-1號,0,0,4,5,H02,7,5,5,50,14,9,1,5,4,5,13,1,1,1,3,5,2,13,1,32,2,9,4,5,7,17,8,20,10,16,,67,,1,21,121.5005781,25.0301683
113,4,30,18,30,2,01大同區,大同區延平北路3段與民權西路口,0,0,1,1,C03,7,5,5,50,5,1,1,4,4,5,13,2,1,1,4,5,2,17,1,57,3,10,6,1,7,15,1,10,1,14,,100,,1,21,121.511137,25.0630161
113,4,30,18,30,2,01大同區,大同區延平北路3段與民權西路口,0,0,1,2,C04,7,5,5,50,5,1,1,4,4,5,13,2,1,1,4,5,2,17,2,62,2,9,6,1,7,9,1,10,1,17,,44,,1,21,121.511137,25.0630161
113,4,30,18,30,2,03中山區,中山區長安東路1段53巷與林森北路85巷口,0,0,1,1,C03,7,5,5,30,4,1,1,5,4,5,13,4,4,10,5,5,2,15,1,29,2,9,5,4,7,9,1,10,1,14,,80,,1,21,121.5272062,25.049453
113,4,30,18,30,2,03中山區,中山區長安東路1段53巷與林森北路85巷口,0,0,1,2,B12,7,5,5,30,4,1,1,5,4,5,13,4,4,10,5,5,2,15,1,24,3,10,3,4,7,9,1,8,1,5,,14,,1,21,121.5272062,25.049453
113,4,30,18,33,2,03中山區,中山區長安東路2段與建國北路1段口,0,0,1,1,B03,7,5,5,50,4,2,1,5,4,5,13,2,1,5,4,5,2,16,1,47,3,10,3,4,7,6,1,8,2,2,,9,,1,21,121.5369617,25.0484553
113,4,30,18,33,2,03中山區,中山區長安東路2段與建國北路1段口,0,0,1,2,C03,7,5,5,50,4,2,1,5,4,5,13,2,1,5,4,5,2,16,2,23,2,9,3,4,7,9,1,10,2,14,,108,,1,21,121.5369617,25.0484553
113,4,30,18,34,2,05中正區,中正區忠孝東路1段85號前,0,0,1,1,B01,7,5,5,50,14,9,1,4,4,5,13,4,4,9,4,5,1,16,1,59,3,10,7,1,7,3,1,4,1,1,,38,,1,21,121.5263232,25.044202
113,4,30,18,34,2,05中正區,中正區忠孝東路1段85號前,0,0,1,2,C03,7,5,5,50,14,9,1,4,4,5,13,4,4,9,4,5,1,16,1,40,2,9,5,1,7,8,1,10,1,12,,100,,1,21,121.5263232,25.044202
113,4,30,18,35,2,04大安區,大安區忠孝東路3段與建國南路1段口,0,0,1,1,B03,8,5,5,50,4,2,1,4,4,5,13,2,1,1,3,5,2,12,1,32,3,10,3,4,7,9,1,8,11,2,,44,,2,22,121.5369184,25.0414575
113,4,30,18,35,2,04大安區,大安區忠孝東路3段與建國南路1段口,0,0,1,2,B01,8,5,5,50,4,2,1,4,4,5,13,2,1,1,3,5,2,12,1,36,2,7,7,1,7,7,1,4,1,4,,100,,1,21,121.5369184,25.0414575
113,4,30,19,0,2,05中正區,中正區南昌路2段1巷與南昌路2段口,0,0,1,1,B03,8,5,5,30,4,1,1,5,4,5,13,4,4,5,4,5,2,3,1,57,3,10,7,4,7,5,1,8,2,8,,108,,1,21,121.5191952,25.0284955
113,4,30,19,0,2,05中正區,中正區南昌路2段1巷與南昌路2段口,0,0,1,2,H01,8,5,5,30,4,1,1,5,4,5,13,4,4,5,4,5,2,3,2,79,2,9,4,5,8,18,8,20,10,16,,121,,1,21,121.5191952,25.0284955
113,4,30,19,10,2,08士林區,士林區雨聲街105號,0,0,1,1,C03,8,5,5,50,14,9,1,4,4,5,13,4,4,5,5,5,1,13,1,44,2,9,5,1,7,9,1,10,1,11,,16,,1,21,121.5330932,25.1040871
113,4,30,19,10,2,08士林區,士林區雨聲街105號,0,0,1,2,B03,8,5,5,50,14,9,1,4,4,5,13,4,4,5,5,5,1,13,1,41,3,10,7,1,7,14,1,8,1,3,,44,,1,21,121.5330932,25.1040871
113,4,30,19,20,2,03中山區,中山區八德路2段214號,0,0,1,1,B01,7,5,5,50,14,9,1,5,4,5,13,2,2,9,4,5,2,11,1,58,3,10,7,1,7,11,1,4,1,5,,10,,1,22,121.5392089,25.0464509
113,4,30,19,20,2,03中山區,中山區八德路2段214號,0,0,1,2,C03,7,5,5,50,14,9,1,5,4,5,13,2,2,9,4,5,2,11,1,26,2,9,6,1,7,9,1,10,1,14,,13,,1,22,121.5392089,25.0464509
113,4,30,19,26,2,07信義區,信義區中坡南路20號,0,0,1,1,B03,7,5,5,50,14,7,1,5,4,5,13,4,4,9,4,4,2,13,1,32,3,10,7,1,7,9,1,8,2,1,,16,,1,21,121.5826752,25.0435487
113,4,30,19,26,2,07信義區,信義區中坡南路20號,0,0,1,2,C03,7,5,5,50,14,7,1,5,4,5,13,4,4,9,4,4,2,13,1,34,2,9,5,1,7,14,1,10,2,13,,44,,1,21,121.5826752,25.0435487
113,4,30,19,40,2,05中正區,中正區和平西路2段與莒光路口口,0,0,1,1,C03,7,5,5,50,3,1,1,5,4,5,13,1,1,1,4,5,2,16,1,58,2,3,6,4,7,5,1,10,1,13,,8,,1,26,121.5079474,25.0312565
113,4,30,19,40,2,05中正區,中正區和平西路2段與莒光路口口,0,0,1,2,B03,7,5,5,50,3,1,1,5,4,5,13,1,1,1,4,5,2,16,1,51,3,10,3,4,7,9,1,8,1,1,,108,,1,21,121.5079474,25.0312565
113,4,30,19,45,2,05中正區,中正區汀州路1段與南海路口,0,0,1,1,B01,7,5,5,50,4,1,1,5,4,5,13,1,1,5,4,5,2,13,1,57,3,10,7,4,7,9,1,4,2,1,,108,,1,21,121.5085392,25.028898
113,4,30,19,45,2,05中正區,中正區汀州路1段與南海路口,0,0,1,2,C03,7,5,5,50,4,1,1,5,4,5,13,1,1,5,4,5,2,13,2,22,2,9,5,4,7,14,1,10,2,13,,44,,1,21,121.5085392,25.028898
113,4,30,19,50,2,12內湖區,內湖區麥帥一橋機慢車引道,0,0,2,1,C03,7,5,5,40,14,11,1,5,4,5,13,3,1,1,5,3,1,13,1,31,2,8,5,1,7,9,1,8,1,11,,108,,1,21,121.5750772,25.05408431
113,4,30,19,50,2,12內湖區,內湖區麥帥一橋機慢車引道,0,0,2,2,C03,7,5,5,40,14,11,1,5,4,5,13,3,1,1,5,3,1,13,1,18,2,9,5,1,7,12,1,10,1,13,,44,,1,21,121.5750772,25.05408431
113,4,30,20,34,2,04大安區,大安區市民大道4段與忠孝東路4段101巷口,0,0,1,1,C03,8,5,5,30,3,1,1,5,4,5,13,4,4,1,4,5,2,13,1,30,2,9,5,1,7,6,1,10,1,14,,44,,1,21,121.548119,25.0446838
113,4,30,20,34,2,04大安區,大安區市民大道4段與忠孝東路4段101巷口,0,0,1,2,B03,8,5,5,30,3,1,1,5,4,5,13,4,4,1,4,5,2,13,2,62,3,10,7,1,7,6,1,8,1,4,,17,,1,21,121.548119,25.0446838
113,4,30,20,38,2,05中正區,中正區中山南路與愛國西路口,0,0,1,1,C03,7,5,5,50,4,2,1,5,4,5,13,1,1,8,4,1,1,17,1,26,3,10,6,1,7,6,1,10,11,17,,82,,2,22,121.5162829,25.0350389
113,4,30,20,38,2,05中正區,中正區中山南路與愛國西路口,0,0,1,2,C03,7,5,5,50,4,2,1,5,4,5,13,1,1,8,4,1,1,17,1,25,2,9,6,1,7,9,1,10,2,12,,44,,1,22,121.5162829,25.0350389
113,4,30,21,4,2,07信義區,信義區環東大道下基隆路匝道,0,0,1,1,C01,8,5,5,40,10,7,1,5,4,5,13,4,4,10,4,5,2,13,1,26,2,9,3,4,7,9,1,9,1,14,,108,,1,21,121.5678048,25.04665555
113,4,30,21,4,2,07信義區,信義區環東大道下基隆路匝道,0,0,1,2,B01,8,5,5,40,10,7,1,5,4,5,13,4,4,10,4,5,2,13,1,60,3,10,3,4,7,14,1,4,1,6,,44,,1,21,121.5678048,25.04665555
113,4,30,21,34,2,01大同區,大同區承德路3段與庫倫街口,0,0,1,1,B03,7,5,5,50,5,1,1,5,4,5,13,2,1,1,4,5,2,17,2,74,3,10,7,1,7,11,1,8,1,17,,98,,1,21,121.5187613,25.0721106
113,4,30,21,34,2,01大同區,大同區承德路3段與庫倫街口,0,0,1,2,C03,7,5,5,50,5,1,1,5,4,5,13,2,1,1,4,5,2,17,1,18,2,9,6,1,7,9,1,10,1,11,,16,,1,21,121.5187613,25.0721106
113,4,30,21,34,2,01大同區,大同區承德路3段與庫倫街口,0,0,1,3,C03,7,5,5,50,5,1,1,5,4,5,13,2,1,1,4,5,2,17,1,17,3,10,6,1,7,9,2,18,1,13,,44,,1,21,121.5187613,25.0721106
113,4,30,21,39,2,04大安區,大安區市民大道3段與建國南路1段口,0,0,1,1,B03,7,5,5,40,5,1,1,5,4,5,13,1,1,1,4,4,2,16,1,49,3,10,3,4,7,6,1,14,1,2,,71,,1,21,121.5363304,25.044634