發生年度,發生月,發生日,發生時-Hours,發生分,處理別-編號,區序,肇事地點,死亡人數,2-30日死亡人數,受傷人數,當事人序號,車種,天候,道路照明設備,道路類別,速限-速度限制,道路型態,事故位置,路面狀況1,路面狀況2,路面狀況3,道路障礙1,道路障礙2,號誌1,號誌2,車道劃分-分向,車道劃分-分道1,車道劃分-分道2,車道劃分-分道3,事故類型及型態,性別,年齡,受傷程度,主要傷處,保護裝置,行動電話,車輛用途,當事者行動狀態,駕駛資格情形,駕駛執照種類,飲酒情形,車輛撞擊部位1,車輛撞擊部位2,肇因碼-個別,肇因碼-主要,個人肇逃否,職業,座標-X,座標-Y
113,4,30,21,39,2,04大安區,大安區市民大道3段與建國南路1段口,0,0,1,2,C03,7,5,5,40,5,1,1,5,4,5,13,1,1,1,4,4,2,16,1,31,2,8,6,4,7,9,1,10,1,11,,13,,1,21,121.5363304,25.044634
113,4,30,21,49,2,07信義區,信義區永吉路與永吉路30巷口,0,0,1,1,C03,8,5,5,50,4,1,1,5,4,5,13,2,1,1,4,5,1,16,1,16,3,10,3,4,7,6,2,18,1,12,,9,,1,22,121.5687824,25.0455919
113,4,30,21,49,2,07信義區,信義區永吉路與永吉路30巷口,0,0,1,2,F01,8,5,5,50,4,1,1,5,4,5,13,2,1,1,4,5,1,16,2,62,2,9,4,4,7,9,8,20,1,11,,44,,1,22,121.5687824,25.0455919
113,4,30,21,50,2,03中山區,中山區中山北路1段152號,0,0,1,1,C03,8,5,5,50,14,8,1,5,4,5,13,2,1,9,4,5,2,13,2,22,2,9,6,1,7,9,1,10,1,11,12,108,,1,21,121.5223695,25.051909
113,4,30,21,50,2,03中山區,中山區中山北路1段152號,0,0,1,2,C03,8,5,5,50,14,8,1,5,4,5,13,2,1,9,4,5,2,13,1,35,3,10,6,1,7,7,1,10,1,13,17,100,,1,21,121.5223695,25.051909
113,4,30,21,50,2,03中山區,中山區雙城街與雙城街4巷口,0,0,2,1,B03,7,5,5,30,14,9,1,4,4,5,13,4,4,10,5,5,2,15,1,69,3,10,7,1,7,9,1,8,1,5,,14,,1,22,121.5244011,25.063322
113,4,30,21,50,2,03中山區,中山區雙城街與雙城街4巷口,0,0,2,2,C03,7,5,5,30,14,9,1,4,4,5,13,4,4,10,5,5,2,15,1,21,2,9,6,1,7,9,1,10,1,14,,13,,1,22,121.5244011,25.063322
113,4,30,21,50,2,03中山區,中山區雙城街與雙城街4巷口,0,0,2,3,H02,7,5,5,30,14,9,1,4,4,5,13,4,4,10,5,5,2,15,2,22,2,7,6,5,7,20,8,20,10,16,,67,,1,22,121.5244011,25.063322
113,4,30,22,10,2,12內湖區,內湖區行善路59巷20弄與行善路59巷口,0,0,1,1,C03,7,5,5,30,3,1,1,5,4,5,13,4,4,5,4,5,1,17,1,70,2,8,5,1,7,4,1,10,1,12,,4,,1,21,121.5782376,25.0571781
113,4,30,22,10,2,12內湖區,內湖區行善路59巷20弄與行善路59巷口,0,0,1,2,B03,7,5,5,30,3,1,1,5,4,5,13,4,4,5,4,5,1,17,2,54,3,10,7,1,7,5,1,8,1,7,,14,,1,21,121.5782376,25.0571781
113,5,1,0,14,2,03中山區,中山區市民大道3段與八德路2段口,0,0,1,1,B03,7,5,5,40,14,9,1,5,4,5,13,2,1,1,4,5,2,16,1,48,3,10,7,1,7,6,1,8,1,2,,9,,1,22,121.5350858,25.0451081
113,5,1,0,14,2,03中山區,中山區市民大道3段與八德路2段口,0,0,1,2,C03,7,5,5,40,14,9,1,5,4,5,13,2,1,1,4,5,2,16,1,19,2,9,6,1,7,9,1,10,1,11,,44,,1,22,121.5350858,25.0451081
113,5,1,1,35,2,05中正區,中正區金山北路與金山北路口1001925燈桿,0,0,2,1,B01,6,5,5,50,3,2,1,4,4,5,13,4,4,5,4,2,2,17,1,60,3,10,7,1,7,5,1,4,1,5,5,74,,1,21,121.5307779,25.0456895
113,5,1,1,35,2,05中正區,中正區金山北路與金山北路口1001925燈桿,0,0,2,2,C03,6,5,5,50,3,2,1,4,4,5,13,4,4,5,4,2,2,17,1,33,2,9,6,1,7,8,1,10,1,14,14,14,,1,21,121.5307779,25.0456895
113,5,1,1,35,2,05中正區,中正區金山北路與金山北路口1001925燈桿,0,0,2,3,H02,6,5,5,50,3,2,1,4,4,5,13,4,4,5,4,2,2,17,2,32,2,9,6,5,7,21,8,20,10,16,16,67,,1,21,121.5307779,25.0456895
113,5,1,1,40,2,03中山區,中山區民族東路120號,0,0,1,1,B03,6,5,5,50,14,9,1,4,4,5,13,2,1,3,4,5,2,17,2,64,3,10,7,1,7,11,1,8,2,5,,10,,1,21,121.5283279,25.06826491
113,5,1,1,40,2,03中山區,中山區民族東路120號,0,0,1,2,C03,6,5,5,50,14,9,1,4,4,5,13,2,1,3,4,5,2,17,1,47,2,9,6,1,7,9,1,10,2,11,,44,,1,21,121.5283279,25.06826491
113,5,1,6,36,2,06松山區,松山區復興北路97號,0,0,1,1,B01,7,7,5,50,14,9,1,5,4,5,13,4,4,1,4,5,2,17,1,59,3,10,7,1,7,8,1,4,1,17,,100,,1,21,121.5441706,25.05264969
113,5,1,6,36,2,06松山區,松山區復興北路97號,0,0,1,2,C03,7,7,5,50,14,9,1,5,4,5,13,4,4,1,4,5,2,17,1,31,2,9,5,1,7,10,1,10,1,12,,103,,1,21,121.5441706,25.05264969
113,5,1,6,55,2,05中正區,中正區和平西路2段與南海路口,0,0,1,1,B03,8,6,5,50,4,2,1,5,4,5,13,1,1,3,4,5,2,17,1,53,3,10,7,1,7,5,1,8,1,8,,107,,1,21,121.5088354,25.0309266
113,5,1,6,55,2,05中正區,中正區和平西路2段與南海路口,0,0,1,2,C03,8,6,5,50,4,2,1,5,4,5,13,1,1,3,4,5,2,17,1,79,2,8,5,1,7,5,1,9,1,12,,44,,1,21,121.5088354,25.0309266
113,5,1,7,30,2,11南港區,南港區忠孝東路6段與玉成街口,0,0,2,1,B03,7,7,5,50,5,1,1,5,4,5,13,2,1,1,4,5,2,13,1,55,4,11,3,4,7,21,7,19,11,17,,80,,2,22,121.5827461,25.0452352
113,5,1,7,30,2,11南港區,南港區忠孝東路6段與玉成街口,0,0,2,2,C03,7,7,5,50,5,1,1,5,4,5,13,2,1,1,4,5,2,13,1,32,2,9,5,1,7,9,1,10,1,11,,13,,1,21,121.5827461,25.0452352
113,5,1,7,30,2,11南港區,南港區忠孝東路6段與玉成街口,0,0,2,3,C03,7,7,5,50,5,1,1,5,4,5,13,2,1,1,4,5,2,13,1,43,2,9,5,1,7,9,1,9,1,13,,13,,1,21,121.5827461,25.0452352
113,5,1,8,55,2,08士林區,士林區仰德大道2段與莊頂路口,0,0,2,1,B02,8,5,5,40,3,1,1,5,4,5,13,2,1,5,5,5,1,16,2,62,3,10,3,4,7,6,1,8,1,2,,44,,1,22,121.5487965,25.11062837
113,5,1,8,55,2,08士林區,士林區仰德大道2段與莊頂路口,0,0,2,2,C03,8,5,5,40,3,1,1,5,4,5,13,2,1,5,5,5,1,16,2,21,2,7,3,4,7,9,1,10,1,11,,108,,1,22,121.5487965,25.11062837
113,5,1,8,55,2,08士林區,士林區仰德大道2段與莊頂路口,0,0,2,3,H02,8,5,5,40,3,1,1,5,4,5,13,2,1,5,5,5,1,16,2,21,2,8,3,5,7,20,8,20,10,16,,60,,1,22,121.5487965,25.11062837
113,5,1,9,30,2,02萬華區,萬華區東園街73巷78號,0,0,2,1,C03,7,6,5,30,14,9,1,5,4,5,13,4,4,10,5,5,2,16,2,46,2,9,5,1,7,5,1,10,1,14,,101,,1,22,121.4992258,25.0264121
113,5,1,9,30,2,02萬華區,萬華區東園街73巷78號,0,0,2,2,C03,7,6,5,30,14,9,1,5,4,5,13,4,4,10,5,5,2,16,1,52,2,9,5,1,7,9,1,10,1,11,,5,,1,21,121.4992258,25.0264121
113,5,1,10,19,2,09北投區,北投區文林北路與文林北路218巷口,0,0,1,1,C03,8,7,5,50,3,2,1,5,4,1,13,1,1,1,4,4,2,12,1,57,2,9,5,1,7,7,1,10,2,14,,100,,1,27,121.5144708,25.1078705
113,5,1,10,19,2,09北投區,北投區文林北路與文林北路218巷口,0,0,1,2,B03,8,7,5,50,3,2,1,5,4,1,13,1,1,1,4,4,2,12,2,66,3,10,7,1,7,9,1,8,2,2,,44,,1,21,121.5144708,25.1078705
113,5,1,10,43,2,04大安區,大安區忠孝東路3段217巷4弄與忠孝東路3段217巷口,0,0,1,1,C03,8,7,5,30,4,2,1,5,4,5,13,4,4,8,3,5,1,15,1,33,2,9,5,1,7,9,1,10,1,11,,80,,1,26,121.5397547,25.042846
113,5,1,10,43,2,04大安區,大安區忠孝東路3段217巷4弄與忠孝東路3段217巷口,0,0,1,2,B01,8,7,5,30,4,2,1,5,4,5,13,4,4,8,3,5,1,15,1,56,3,10,7,1,7,9,1,4,1,2,,14,,1,26,121.5397547,25.042846
113,5,1,10,53,2,01大同區,大同區重慶北路3段與酒泉街口,0,0,2,1,C03,7,6,5,50,4,1,1,5,4,5,13,1,1,1,2,5,2,17,2,70,2,8,6,1,7,5,3,18,1,12,,8,,1,21,121.5138294,25.0720199
113,5,1,10,53,2,01大同區,大同區重慶北路3段與酒泉街口,0,0,2,2,C03,7,6,5,50,4,1,1,5,4,5,13,1,1,1,2,5,2,17,1,66,2,9,6,1,7,9,1,10,1,11,,44,,1,21,121.5138294,25.0720199
113,5,1,11,24,2,10文山區,文山區景文街142巷2號前,0,0,1,1,B03,7,6,5,30,14,9,1,5,4,5,13,4,4,10,5,5,2,16,2,52,3,10,7,1,7,1,1,8,1,1,,19,,1,21,121.5401666,24.98844304
113,5,1,11,24,2,10文山區,文山區景文街142巷2號前,0,0,1,2,C03,7,6,5,30,14,9,1,5,4,5,13,4,4,10,5,5,2,16,1,27,2,9,6,1,7,9,1,10,1,12,,13,,1,21,121.5401666,24.98844304
113,5,1,11,24,2,10文山區,文山區景文街142巷2號前,0,0,1,3,B03,7,6,5,30,14,9,1,5,4,5,13,4,4,10,5,5,2,16,1,36,3,10,7,1,7,9,1,8,1,1,,44,,1,21,121.5401666,24.98844304
113,5,1,11,27,2,11南港區,南港區研究院路3段68巷與研究院路3段68巷10弄口,0,0,1,1,C03,7,7,5,30,4,2,1,5,4,5,13,4,4,10,5,5,2,15,1,43,2,9,6,4,7,9,1,10,1,12,,72,,1,21,121.6143981,25.0352169
113,5,1,11,27,2,11南港區,南港區研究院路3段68巷與研究院路3段68巷10弄口,0,0,1,2,B12,7,7,5,30,4,2,1,5,4,5,13,4,4,10,5,5,2,15,1,23,3,10,3,4,7,9,1,8,1,1,,14,,1,21,121.6143981,25.0352169
113,5,1,11,49,2,04大安區,大安區仁愛路3段與仁愛路3段143巷口,0,0,1,1,B03,8,7,5,50,3,1,1,5,4,5,13,4,4,8,3,5,2,17,1,28,3,10,3,4,7,6,1,8,1,2,,9,,1,21,121.5430455,25.0382204
113,5,1,11,49,2,04大安區,大安區仁愛路3段與仁愛路3段143巷口,0,0,1,2,C03,8,7,5,50,3,1,1,5,4,5,13,4,4,8,3,5,2,17,1,34,2,9,3,4,7,9,1,10,1,14,,108,,1,21,121.5430455,25.0382204
113,5,1,12,23,2,10文山區,文山區興隆路3段與興德路口,0,0,2,1,C03,6,6,5,50,3,2,1,4,4,5,13,2,1,1,4,5,2,13,1,23,2,7,6,1,7,9,1,10,1,11,,108,,1,21,121.5550518,25.0006134
113,5,1,12,23,2,10文山區,文山區興隆路3段與興德路口,0,0,2,2,C03,6,6,5,50,3,2,1,4,4,5,13,2,1,1,4,5,2,13,1,66,3,10,6,1,7,15,1,10,1,13,,44,,1,21,121.5550518,25.0006134
113,5,1,12,23,2,10文山區,文山區興隆路3段與興德路口,0,0,2,3,C03,6,6,5,50,3,2,1,4,4,5,13,2,1,1,4,5,2,13,1,53,2,9,6,1,7,9,1,10,1,11,,44,,1,21,121.5550518,25.0006134
113,5,1,12,34,2,07信義區,信義區基隆路車行地下道南往北方向,0,0,2,1,B03,8,5,5,50,7,9,1,5,4,5,13,4,4,4,1,5,2,13,1,24,3,10,3,4,7,9,1,8,2,3,,44,,1,21,121.5606268,25.0348686
113,5,1,12,34,2,07信義區,信義區基隆路車行地下道南往北方向,0,0,2,2,B03,8,5,5,50,7,9,1,5,4,5,13,4,4,4,1,5,2,13,1,39,2,2,3,4,7,9,1,8,2,1,,16,,1,21,121.5606268,25.0348686
113,5,1,12,34,2,07信義區,信義區基隆路車行地下道南往北方向,0,0,2,3,H02,8,5,5,50,7,9,1,5,4,5,13,4,4,4,1,5,2,13,2,41,2,2,3,5,7,17,8,20,10,16,,67,,1,21,121.5606268,25.0348686
113,5,1,13,43,2,10文山區,文山區興隆路2段與興隆路2段275巷口口,0,0,1,1,C03,7,6,5,50,4,1,1,5,4,5,13,2,1,1,4,5,2,16,2,45,3,10,6,1,7,5,1,10,2,12,,71,,1,21,121.5524888,25.0016257
113,5,1,13,43,2,10文山區,文山區興隆路2段與興隆路2段275巷口口,0,0,1,2,C03,7,6,5,50,4,1,1,5,4,5,13,2,1,1,4,5,2,16,2,18,2,9,6,1,7,9,1,10,2,11,,44,,1,21,121.5524888,25.0016257
113,5,1,14,12,2,10文山區,文山區辛亥路4段與辛亥路4段101巷口,0,0,2,1,B02,8,6,5,50,3,1,1,5,4,5,13,2,1,1,4,5,2,11,1,32,2,9,7,1,7,9,1,4,2,1,,86,,1,21,121.5585475,25.0066241
113,5,1,14,12,2,10文山區,文山區辛亥路4段與辛亥路4段101巷口,0,0,2,2,B03,8,6,5,50,3,1,1,5,4,5,13,2,1,1,4,5,2,11,1,70,3,10,7,1,7,9,1,8,2,7,,44,,1,21,121.5585475,25.0066241
113,5,1,14,12,2,10文山區,文山區辛亥路4段與辛亥路4段101巷口,0,0,2,3,B02,8,6,5,50,3,1,1,5,4,5,13,2,1,1,4,5,2,11,2,53,2,9,7,1,7,9,1,8,2,1,,44,,1,21,121.5585475,25.0066241
113,5,1,15,11,2,01大同區,大同區延平北路3段81號,0,0,2,1,C03,6,5,7,50,14,9,1,4,4,5,13,2,1,5,4,5,2,13,1,67,2,9,3,4,7,9,1,10,1,11,,108,,1,21,121.5109839,25.0671037
113,5,1,15,11,2,01大同區,大同區延平北路3段81號,0,0,2,2,C03,6,5,7,50,14,9,1,4,4,5,13,2,1,5,4,5,2,13,1,43,2,9,3,4,7,9,1,10,1,13,,44,,1,21,121.5109839,25.0671037
113,5,1,15,20,2,10文山區,文山區羅斯福路6段234號,0,0,1,1,A04,8,6,5,50,14,9,1,5,4,5,13,4,4,1,4,5,2,9,1,51,3,10,7,1,7,12,1,2,11,17,,44,,1,21,121.5405487,24.992358
113,5,1,15,20,2,10文山區,文山區羅斯福路6段234號,0,0,1,2,H02,8,6,5,50,14,9,1,5,4,5,13,4,4,1,4,5,2,9,2,74,2,9,4,5,7,19,8,20,10,16,,67,,1,21,121.5405487,24.992358
113,5,1,15,30,2,08士林區,士林區士東路與士東路286巷口,0,0,2,1,F01,7,6,5,50,3,1,1,5,4,5,13,1,1,1,4,5,2,17,2,46,2,8,4,1,7,5,8,20,1,12,,42,,1,22,121.5373908,25.1135672
113,5,1,15,30,2,08士林區,士林區士東路與士東路286巷口,0,0,2,2,C03,7,6,5,50,3,1,1,5,4,5,13,1,1,1,4,5,2,17,1,21,2,9,6,1,7,9,1,10,1,11,,44,,1,22,121.5373908,25.1135672
113,5,1,15,36,2,01大同區,大同區環河北路1段與鄭州路口,0,0,1,1,C03,7,6,5,40,14,7,1,5,4,5,13,4,4,5,4,5,2,13,1,22,3,10,6,1,7,9,1,10,1,11,,16,,1,21,121.506411,25.0499081
113,5,1,15,36,2,01大同區,大同區環河北路1段與鄭州路口,0,0,1,2,C03,7,6,5,40,14,7,1,5,4,5,13,4,4,5,4,5,2,13,1,29,2,8,6,1,7,9,1,10,1,13,,44,,1,21,121.506411,25.0499081
113,5,1,15,41,2,04大安區,大安區金山南路2段222號,0,0,1,1,B03,7,6,5,50,14,9,1,5,4,5,13,4,4,10,3,5,2,12,1,64,3,10,7,1,7,8,1,8,1,2,,100,,1,21,121.5259283,25.02732707
113,5,1,15,41,2,04大安區,大安區金山南路2段222號,0,0,1,2,C03,7,6,5,50,14,9,1,5,4,5,13,4,4,10,3,5,2,12,2,31,2,9,6,1,7,9,1,10,1,14,,44,,1,21,121.5259283,25.02732707
113,5,1,15,51,2,08士林區,士林區延平北路5段與延平北路5段163巷口,0,0,2,1,C03,6,6,5,50,3,2,1,4,4,5,13,2,1,1,4,5,2,16,2,72,2,3,5,1,7,1,1,11,2,14,,19,,1,21,121.5102859,25.08265506
113,5,1,15,51,2,08士林區,士林區延平北路5段與延平北路5段163巷口,0,0,2,2,C03,6,6,5,50,3,2,1,4,4,5,13,2,1,1,4,5,2,16,1,57,2,8,5,1,7,9,1,10,2,11,,44,,1,21,121.5102859,25.08265506
113,5,1,16,2,2,09北投區,北投區光明路55號,0,0,1,1,C03,6,6,5,50,14,9,1,4,4,5,13,4,4,9,5,5,1,17,2,41,3,10,5,1,7,2,1,10,1,13,14,12,,1,21,121.4999361,25.1328608
113,5,1,16,2,2,09北投區,北投區光明路55號,0,0,1,2,C04,6,6,5,50,14,9,1,4,4,5,13,4,4,9,5,5,1,17,2,42,2,9,5,1,7,9,1,9,1,11,12,44,,1,21,121.4999361,25.1328608
113,5,1,16,2,2,09北投區,北投區光明路55號,0,0,1,3,C03,6,6,5,50,14,9,1,4,4,5,13,4,4,9,5,5,1,17,1,73,4,11,5,4,7,13,1,10,11,15,,44,,1,21,121.4999361,25.1328608
113,5,1,16,15,2,03中山區,中山區中山北路4段與新生高架道口往南閘道,0,0,1,1,B03,6,7,5,50,4,1,1,4,4,5,13,1,1,7,5,5,2,15,2,65,3,10,7,1,7,9,1,8,1,2,,81,,1,22,121.5251759,25.0768524
113,5,1,16,15,2,03中山區,中山區中山北路4段與新生高架道口往南閘道,0,0,1,2,C03,6,7,5,50,4,1,1,4,4,5,13,1,1,7,5,5,2,15,1,19,2,9,5,1,7,9,1,10,1,11,,44,,1,22,121.5251759,25.0768524
113,5,1,16,15,2,03中山區,中山區林森北路100號,0,0,1,1,C03,6,5,5,50,14,9,1,4,4,5,13,1,1,1,2,5,2,17,1,30,2,6,6,1,7,9,1,10,1,17,,116,,1,21,121.5248772,25.05038488
113,5,1,16,15,2,03中山區,中山區林森北路100號,0,0,1,2,B03,6,5,5,50,14,9,1,4,4,5,13,1,1,1,2,5,2,17,1,60,3,10,7,1,7,6,1,8,1,17,,44,,1,21,121.5248772,25.05038488
113,5,1,17,0,2,09北投區,北投區大度路3段關渡公車站前,0,0,2,1,C03,6,6,5,50,14,9,1,4,4,5,13,4,4,1,4,5,2,12,1,18,2,8,5,1,7,9,1,10,1,14,,17,,1,21,121.4648872,25.1234999
113,5,1,17,0,2,09北投區,北投區大度路3段關渡公車站前,0,0,2,2,B03,6,6,5,50,14,9,1,4,4,5,13,4,4,1,4,5,2,12,1,48,3,10,7,1,7,9,1,8,1,2,,17,,1,21,121.4648872,25.1234999
113,5,1,17,0,2,09北投區,北投區大度路3段關渡公車站前,0,0,2,3,H02,6,6,5,50,14,9,1,4,4,5,13,4,4,1,4,5,2,12,1,18,2,8,5,5,7,20,8,20,10,17,,67,,1,21,121.4648872,25.1234999
113,5,1,17,10,2,03中山區,中山區中山北路3段40號,0,0,1,1,A01,6,7,5,50,14,9,1,4,4,5,13,4,4,1,4,5,2,9,1,53,3,10,7,1,7,9,1,2,9,17,,44,,1,22,121.5217505,25.04919849
113,5,1,17,10,2,03中山區,中山區中山北路3段40號,0,0,1,2,H02,6,7,5,50,14,9,1,4,4,5,13,4,4,1,4,5,2,9,1,32,2,9,4,5,7,20,8,20,10,16,,67,,1,22,121.5217505,25.04919849
113,5,1,17,12,2,09北投區,北投區湖底路18號與湖底路口近梅湖公車站,0,0,1,1,B12,6,5,6,30,3,2,1,4,4,5,13,4,4,10,5,5,1,2,1,86,3,10,7,1,7,6,1,8,2,4,,108,,1,21,121.5364409,25.1478062
113,5,1,17,12,2,09北投區,北投區湖底路18號與湖底路口近梅湖公車站,0,0,1,2,H01,6,5,6,30,3,2,1,4,4,5,13,4,4,10,5,5,1,2,2,64,2,8,4,5,8,16,8,20,10,16,,60,,1,21,121.5364409,25.1478062
113,5,1,17,20,2,06松山區,松山區南京東路5段156號,0,0,1,1,B03,6,6,5,40,14,9,1,4,4,5,13,4,4,3,4,4,2,16,1,28,3,10,7,1,7,1,1,8,1,8,,19,,1,22,121.5630283,25.0513653
113,5,1,17,20,2,06松山區,松山區南京東路5段156號,0,0,1,2,C03,6,6,5,40,14,9,1,4,4,5,13,4,4,3,4,4,2,16,1,18,2,9,6,1,7,9,1,10,1,11,,44,,1,22,121.5630283,25.0513653
113,5,1,17,20,2,06松山區,松山區南京東路5段156號,0,0,1,3,B03,6,6,5,40,14,9,1,4,4,5,13,4,4,3,4,4,2,16,1,37,3,10,7,1,7,14,1,8,1,2,,44,,1,22,121.5630283,25.0513653
113,5,1,17,25,2,09北投區,北投區中央南路1段147號,0,0,2,1,C03,6,6,5,50,14,9,1,4,4,5,13,4,4,9,5,5,1,3,2,63,2,9,5,1,7,9,1,10,2,11,,108,,1,21,121.5010617,25.1297005
113,5,1,17,25,2,09北投區,北投區中央南路1段147號,0,0,2,2,H01,6,6,5,50,14,9,1,4,4,5,13,4,4,9,5,5,1,3,2,70,2,9,4,5,8,16,8,20,10,16,,121,,1,21,121.5010617,25.1297005
113,5,1,17,43,2,01大同區,大同區長安西路與承德路1段口,0,0,1,1,C03,6,5,5,50,14,9,1,4,4,5,13,4,4,5,4,5,2,17,1,80,3,10,3,4,7,15,1,10,1,14,,100,,1,21,121.5166727,25.050942
113,5,1,17,43,2,01大同區,大同區長安西路與承德路1段口,0,0,1,2,B01,6,5,5,50,14,9,1,4,4,5,13,4,4,5,4,5,2,17,1,68,3,10,3,4,7,9,1,4,11,2,,44,,1,21,121.5166727,25.050942
113,5,1,17,43,2,01大同區,大同區長安西路與承德路1段口,0,0,1,3,H02,6,5,5,50,14,9,1,4,4,5,13,4,4,5,4,5,2,17,2,10,2,8,3,5,7,20,8,20,10,16,,67,,1,21,121.5166727,25.050942
113,5,1,18,42,2,05中正區,中正區汀州路1段與汀州路1段252巷口,0,0,1,1,C03,6,5,5,50,3,1,1,4,4,5,13,4,4,5,5,5,2,17,1,20,2,7,5,1,7,9,1,10,1,11,,108,,1,22,121.5107493,25.0271603
113,5,1,18,42,2,05中正區,中正區汀州路1段與汀州路1段252巷口,0,0,1,2,C03,6,5,5,50,3,1,1,4,4,5,13,4,4,5,5,5,2,17,1,39,3,10,5,1,7,8,1,10,1,13,,44,,1,22,121.5107493,25.0271603
113,5,1,18,42,2,05中正區,中正區汀州路1段與汀州路1段252巷口,0,0,1,3,C03,6,5,5,50,3,1,1,4,4,5,13,4,4,5,5,5,2,17,2,29,3,10,5,1,7,14,1,10,1,12,,44,,1,22,121.5107493,25.0271603
113,5,1,19,36,2,10文山區,文山區景興路與景華街口,0,0,1,1,B03,6,5,5,50,4,18,1,4,4,5,13,2,1,9,5,5,2,3,1,51,3,10,7,1,7,5,1,8,2,1,,70,,1,21,121.5447407,24.9952205
113,5,1,19,36,2,10文山區,文山區景興路與景華街口,0,0,1,2,H01,6,5,5,50,4,18,1,4,4,5,13,2,1,9,5,5,2,3,1,45,2,9,4,5,8,16,8,20,10,16,,67,,1,21,121.5447407,24.9952205
113,5,1,19,46,2,10文山區,文山區辛亥路6段與辛亥路6段100巷口,0,0,2,1,C03,6,5,5,50,14,9,1,4,4,5,13,4,4,1,4,5,2,9,1,26,2,9,6,1,7,9,1,10,1,17,,42,,1,21,121.5522278,24.9884919
113,5,1,19,46,2,10文山區,文山區辛亥路6段與辛亥路6段100巷口,0,0,2,2,H02,6,5,5,50,14,9,1,4,4,5,13,4,4,1,4,5,2,9,2,22,2,9,6,5,7,17,8,20,10,16,,67,,1,21,121.5522278,24.9884919
113,5,1,19,46,2,10文山區,文山區辛亥路6段與辛亥路6段100巷口,0,0,2,3,,6,5,5,50,14,9,1,4,4,5,13,4,4,1,4,5,2,9,3,0,,,,,,,,,,,,67,,1,,121.5522278,24.9884919
113,5,1,20,0,2,05中正區,中正區重慶南路2段與南海路口,0,0,1,1,C03,7,5,5,50,4,1,1,4,4,5,13,1,1,1,4,5,2,13,1,22,2,7,5,4,7,9,1,10,1,11,,13,,1,21,121.5145049,25.0319329
113,5,1,20,0,2,05中正區,中正區重慶南路2段與南海路口,0,0,1,2,C03,7,5,5,50,4,1,1,4,4,5,13,1,1,1,4,5,2,13,1,25,3,10,5,4,7,5,1,10,1,13,,44,,1,21,121.5145049,25.0319329
113,5,1,21,13,2,06松山區,松山區南京東路3段256巷與敦化北路4巷口,0,0,1,1,B03,6,5,5,30,4,1,1,4,4,5,13,4,4,10,5,5,2,15,1,42,3,10,7,1,7,9,1,8,1,8,,80,,1,21,121.5446918,25.05020933
113,5,1,21,13,2,06松山區,松山區南京東路3段256巷與敦化北路4巷口,0,0,1,2,B02,6,5,5,30,4,1,1,4,4,5,13,4,4,10,5,5,2,15,1,35,2,4,7,1,7,9,1,8,1,5,,14,,1,21,121.5446918,25.05020933
113,5,1,21,24,2,04大安區,大安區安和路1段29號,0,0,1,1,A02,8,5,5,50,14,9,1,5,4,5,13,4,4,3,3,5,2,9,1,54,3,10,7,1,7,9,1,2,1,17,,16,,1,21,121.5504143,25.0389839
113,5,1,21,24,2,04大安區,大安區安和路1段29號,0,0,1,2,H02,8,5,5,50,14,9,1,5,4,5,13,4,4,3,3,5,2,9,2,48,2,9,2,5,7,17,8,20,10,17,,58,,1,21,121.5504143,25.0389839
113,5,1,21,31,2,07信義區,信義區松山路425號,0,0,1,1,B03,7,5,5,50,14,9,1,4,4,5,13,4,4,1,4,5,2,12,2,50,3,10,7,1,7,8,1,8,1,15,,100,,1,21,121.5779404,25.0404176
113,5,1,21,31,2,07信義區,信義區松山路425號,0,0,1,2,C03,7,5,5,50,14,9,1,4,4,5,13,4,4,1,4,5,2,12,1,24,2,9,5,1,7,9,1,10,1,14,,44,,1,21,121.5779404,25.0404176
113,5,1,22,45,2,12內湖區,內湖區瑞光路258巷與瑞光路口,0,0,2,1,C03,6,5,5,50,4,1,1,4,4,5,13,3,1,5,4,5,2,3,1,25,2,7,5,1,7,9,1,10,2,11,,14,,1,21,121.5759448,25.07575373
113,5,1,22,45,2,12內湖區,內湖區瑞光路258巷與瑞光路口,0,0,2,2,H01,6,5,5,50,4,1,1,4,4,5,13,3,1,5,4,5,2,3,1,60,2,9,4,5,8,16,8,20,10,16,,67,,1,21,121.5759448,25.07575373
113,5,1,23,21,2,01大同區,大同區環河北路1段與南京西路口,0,0,2,1,B03,6,5,5,50,3,1,1,4,4,5,13,2,1,8,3,5,1,16,1,23,3,10,3,4,7,6,1,8,2,2,,85,,1,21,121.507524,25.0536372
113,5,1,23,21,2,01大同區,大同區環河北路1段與南京西路口,0,0,2,2,C03,6,5,5,50,3,1,1,4,4,5,13,2,1,8,3,5,1,16,1,32,2,9,3,4,7,9,1,10,2,11,,44,,1,21,121.507524,25.0536372
113,5,1,23,21,2,01大同區,大同區環河北路1段與南京西路口,0,0,2,3,H02,6,5,5,50,3,1,1,4,4,5,13,2,1,8,3,5,1,16,2,31,2,9,3,5,7,20,8,20,10,16,,67,,1,21,121.507524,25.0536372
113,5,2,0,2,2,06松山區,松山區光復北路與南京東路5段23巷9弄口,0,0,1,1,B03,7,5,5,30,4,1,1,4,4,5,13,3,1,5,4,5,2,15,1,34,3,10,7,1,7,9,1,8,1,4,,80,,1,22,121.5570101,25.0526218
113,5,2,0,2,2,06松山區,松山區光復北路與南京東路5段23巷9弄口,0,0,1,2,C03,7,5,5,30,4,1,1,4,4,5,13,3,1,5,4,5,2,15,1,35,2,9,6,1,7,9,1,9,1,11,,14,,1,22,121.5570101,25.0526218