發生年度,發生月,發生日,發生時-Hours,發生分,處理別-編號,區序,肇事地點,死亡人數,2-30日死亡人數,受傷人數,當事人序號,車種,天候,道路照明設備,道路類別,速限-速度限制,道路型態,事故位置,路面狀況1,路面狀況2,路面狀況3,道路障礙1,道路障礙2,號誌1,號誌2,車道劃分-分向,車道劃分-分道1,車道劃分-分道2,車道劃分-分道3,事故類型及型態,性別,年齡,受傷程度,主要傷處,保護裝置,行動電話,車輛用途,當事者行動狀態,駕駛資格情形,駕駛執照種類,飲酒情形,車輛撞擊部位1,車輛撞擊部位2,肇因碼-個別,肇因碼-主要,個人肇逃否,職業,座標-X,座標-Y
113,5,2,1,10,2,04大安區,大安區建國南路1段與濟南路3段口,0,0,1,1,B03,6,5,5,50,4,1,1,4,4,5,13,2,1,9,3,5,2,15,1,24,3,10,2,1,7,9,1,8,1,1,,81,,1,21,121.5373923,25.0401834
113,5,2,1,10,2,04大安區,大安區建國南路1段與濟南路3段口,0,0,1,2,C03,6,5,5,50,4,1,1,4,4,5,13,2,1,9,3,5,2,15,1,22,2,9,6,1,7,9,1,10,1,14,,44,,1,21,121.5373923,25.0401834
113,5,2,2,30,2,08士林區,士林區格致路28號,0,0,1,1,B03,6,5,5,40,14,9,1,4,4,5,13,4,4,4,3,5,1,17,1,35,3,10,7,1,7,13,1,8,1,17,,40,,1,21,121.5463643,25.1367674
113,5,2,2,30,2,08士林區,士林區格致路28號,0,0,1,2,C03,6,5,5,40,14,9,1,4,4,5,13,4,4,4,3,5,1,17,1,35,2,9,6,1,7,9,1,10,1,17,,44,,1,21,121.5463643,25.1367674
113,5,2,3,24,2,07信義區,信義區市民大道6段與松山路口,0,0,1,1,B03,6,5,5,0,4,1,1,4,4,5,13,2,1,1,4,5,1,15,2,46,2,9,3,4,7,1,1,8,2,1,,19,,1,22,121.5779236,25.0489019
113,5,2,3,24,2,07信義區,信義區市民大道6段與松山路口,0,0,1,2,B03,6,5,5,0,4,1,1,4,4,5,13,2,1,1,4,5,1,15,1,21,3,10,3,4,7,9,1,8,2,1,,13,,1,22,121.5779236,25.0489019
113,5,2,3,24,2,07信義區,信義區市民大道6段與松山路口,0,0,1,3,,6,5,5,0,4,1,1,4,4,5,13,2,1,1,4,5,1,15,3,0,,,,,,,,,,,,67,,1,,121.5779236,25.0489019
113,5,2,6,28,2,03中山區,中山區錦州街與合江街口,0,0,1,1,B03,6,5,5,50,4,1,1,4,4,5,13,2,1,9,5,5,2,12,2,49,3,10,7,4,7,7,1,8,1,4,,100,,1,21,121.5392534,25.0602525
113,5,2,6,28,2,03中山區,中山區錦州街與合江街口,0,0,1,2,C03,6,5,5,50,4,1,1,4,4,5,13,2,1,9,5,5,2,12,1,27,2,9,3,4,7,9,1,10,1,12,,44,,1,21,121.5392534,25.0602525
113,5,2,7,27,2,01大同區,大同區鄭州路23號,0,0,1,1,B01,8,5,5,40,3,2,1,5,4,5,13,1,1,1,4,5,2,17,1,55,3,10,3,4,7,8,1,4,11,17,,99,,1,21,121.5137345,25.0496986
113,5,2,7,27,2,01大同區,大同區鄭州路23號,0,0,1,2,C03,8,5,5,40,3,2,1,5,4,5,13,1,1,1,4,5,2,17,1,19,2,8,3,4,7,6,1,10,9,14,,13,,1,21,121.5137345,25.0496986
113,5,2,7,27,2,01大同區,大同區鄭州路23號,0,0,1,3,C03,8,5,5,40,3,2,1,5,4,5,13,1,1,1,4,5,2,17,1,36,3,10,3,4,7,12,1,10,11,17,,44,,1,21,121.5137345,25.0496986
113,5,2,7,40,2,12內湖區,內湖區成功路3段174巷與內湖路2段口,0,0,3,1,B03,6,5,5,50,4,2,1,4,4,5,13,1,1,5,5,5,2,13,1,21,2,3,7,1,7,9,1,8,2,1,,16,,1,21,121.5903453,25.08186458
113,5,2,7,40,2,12內湖區,內湖區成功路3段174巷與內湖路2段口,0,0,3,3,H02,6,5,5,50,4,2,1,4,4,5,13,1,1,5,5,5,2,13,2,25,2,9,7,5,7,20,8,20,10,16,,67,,1,21,121.5903453,25.08186458
113,5,2,7,40,2,12內湖區,內湖區成功路3段174巷與內湖路2段口,0,0,3,2,B13,6,5,5,50,4,2,1,4,4,5,13,1,1,5,5,5,2,13,1,50,3,10,7,1,7,14,1,8,2,3,,44,,1,21,121.5903453,25.08186458
113,5,2,7,40,2,12內湖區,內湖區成功路3段174巷與內湖路2段口,0,0,3,4,H02,6,5,5,50,4,2,1,4,4,5,13,1,1,5,5,5,2,13,2,57,2,5,7,5,7,20,8,20,10,16,,67,,1,21,121.5903453,25.08186458
113,5,2,7,51,2,08士林區,士林區福志路與福志路80巷口,0,0,1,1,C03,6,6,5,30,3,1,1,4,4,5,13,4,4,9,5,5,2,17,1,60,2,9,6,4,7,5,1,10,2,15,,72,,1,21,121.5293696,25.098761
113,5,2,7,51,2,08士林區,士林區福志路與福志路80巷口,0,0,1,2,B03,6,6,5,30,3,1,1,4,4,5,13,4,4,9,5,5,2,17,2,76,3,10,3,4,7,9,1,8,2,8,,44,,1,21,121.5293696,25.098761
113,5,2,8,20,2,03中山區,中山區北安路828號,0,0,1,1,C03,7,7,5,50,14,7,1,5,4,5,13,4,4,1,4,4,2,17,1,27,2,9,6,4,7,4,1,10,1,15,,13,,1,21,121.5572492,25.08438439
113,5,2,8,20,2,03中山區,中山區北安路828號,0,0,1,2,B01,7,7,5,50,14,7,1,5,4,5,13,4,4,1,4,4,2,17,1,64,3,10,3,4,7,7,1,4,1,7,,100,,1,21,121.5572492,25.08438439
113,5,2,8,20,2,03中山區,中山區民權東路2段與松江路口,0,0,1,1,B03,6,5,5,50,4,1,1,4,4,5,13,1,1,1,4,5,2,13,1,49,3,10,7,1,7,10,1,8,1,7,,102,,1,21,121.5332705,25.06239058
113,5,2,8,20,2,03中山區,中山區民權東路2段與松江路口,0,0,1,2,C03,6,5,5,50,4,1,1,4,4,5,13,1,1,1,4,5,2,13,2,40,2,9,6,1,7,9,1,10,1,11,,99,,1,21,121.5332705,25.06239058
113,5,2,8,20,2,03中山區,中山區民權東路2段與松江路口,0,0,1,3,B03,6,5,5,50,4,1,1,4,4,5,13,1,1,1,4,5,2,13,2,47,3,10,7,1,7,7,1,8,11,17,,100,,1,21,121.5332705,25.06239058
113,5,2,8,20,2,08士林區,士林區至善路1段燈桿1101277處,0,0,1,1,C03,6,5,5,50,14,8,1,4,4,5,13,4,4,1,4,4,2,12,1,37,2,9,6,1,7,9,1,10,2,11,,118,,1,21,121.5421449,25.0973187
113,5,2,8,20,2,08士林區,士林區至善路1段燈桿1101277處,0,0,1,2,C03,6,5,5,50,14,8,1,4,4,5,13,4,4,1,4,4,2,12,1,69,3,10,6,1,7,9,1,10,2,13,,118,,1,21,121.5421449,25.0973187
113,5,2,8,28,2,07信義區,信義區忠孝東路5段236巷2弄27號,0,0,1,1,C04,6,5,5,30,14,9,1,4,4,5,13,4,4,10,5,5,2,13,2,41,2,9,5,1,7,9,1,10,1,11,,44,,1,21,121.570259,25.0404743
113,5,2,8,28,2,07信義區,信義區忠孝東路5段236巷2弄27號,0,0,1,2,C03,6,5,5,30,14,9,1,4,4,5,13,4,4,10,5,5,2,13,2,40,3,10,5,1,7,5,1,10,1,13,,80,,1,21,121.570259,25.0404743
113,5,2,8,29,2,07信義區,信義區忠孝東路5段524巷與忠孝東路5段口,0,0,1,1,C03,6,7,5,30,4,1,1,4,4,5,13,2,1,1,4,5,2,16,1,46,3,10,3,4,7,5,1,10,1,13,,80,,1,21,121.5791574,25.0415795
113,5,2,8,29,2,07信義區,信義區忠孝東路5段524巷與忠孝東路5段口,0,0,1,2,C03,6,7,5,30,4,1,1,4,4,5,13,2,1,1,4,5,2,16,1,33,2,8,6,4,7,9,1,9,1,13,,44,,1,21,121.5791574,25.0415795
113,5,2,8,32,2,07信義區,信義區光復南路271號,0,0,1,1,B03,7,5,5,50,14,9,1,4,4,5,13,4,4,5,5,5,2,12,1,61,3,10,7,1,7,8,1,8,1,6,,100,,1,21,121.5577162,25.039826
113,5,2,8,32,2,07信義區,信義區光復南路271號,0,0,1,2,C03,7,5,5,50,14,9,1,4,4,5,13,4,4,5,5,5,2,12,1,30,2,9,5,1,7,9,1,10,1,14,,44,,1,21,121.5577162,25.039826
113,5,2,8,41,2,07信義區,信義區忠孝東路5段與大道路口,0,0,2,1,C03,7,5,5,50,5,2,1,5,4,5,13,2,1,1,4,5,2,17,1,40,2,9,6,1,7,8,1,10,1,12,,100,,1,22,121.5811563,25.0432793
113,5,2,8,41,2,07信義區,信義區忠孝東路5段與大道路口,0,0,2,2,C03,7,5,5,50,5,2,1,5,4,5,13,2,1,1,4,5,2,17,2,27,2,7,6,1,7,9,1,10,1,17,,44,,1,22,121.5811563,25.0432793
113,5,2,9,8,2,06松山區,松山區民權東路3段162號與民權東路3段口旁停車場出入口,0,0,1,1,B03,7,7,5,50,14,9,1,5,4,5,13,4,4,1,4,5,2,17,1,46,3,10,7,1,7,1,1,8,1,8,,19,,1,21,121.5484832,25.0617962
113,5,2,9,8,2,06松山區,松山區民權東路3段162號與民權東路3段口旁停車場出入口,0,0,1,2,C03,7,7,5,50,14,9,1,5,4,5,13,4,4,1,4,5,2,17,1,25,2,9,6,1,7,9,1,10,1,12,,44,,1,21,121.5484832,25.0617962
113,5,2,9,10,2,12內湖區,內湖區江南街71巷66號,0,0,2,1,C03,6,6,5,30,14,9,1,4,4,5,13,4,4,5,5,5,2,9,1,46,2,9,6,1,7,9,1,10,2,11,,17,,1,21,121.5792469,25.0740959
113,5,2,9,10,2,12內湖區,內湖區江南街71巷66號,0,0,2,2,H01,6,6,5,30,14,9,1,4,4,5,13,4,4,5,5,5,2,9,2,37,2,9,4,5,8,16,8,20,10,16,,67,,1,21,121.5792469,25.0740959
113,5,2,9,10,2,12內湖區,內湖區江南街71巷66號,0,0,2,3,B02,6,6,5,30,14,9,1,4,4,5,13,4,4,5,5,5,2,9,1,58,3,10,3,4,7,9,7,19,9,15,,68,,2,22,121.5792469,25.0740959
113,5,2,9,12,2,07信義區,信義區光復南路國父紀念館西側,0,0,1,1,C03,6,7,5,50,14,9,1,4,4,5,13,4,4,5,5,5,2,13,1,34,2,7,5,1,7,9,1,10,1,11,,16,,1,21,121.5576623,25.038975
113,5,2,9,12,2,07信義區,信義區光復南路國父紀念館西側,0,0,1,2,B12,6,7,5,50,14,9,1,4,4,5,13,4,4,5,5,5,2,13,1,58,3,10,7,1,7,14,1,8,1,7,,44,,1,21,121.5576623,25.038975
113,5,2,9,20,2,04大安區,大安區羅斯福路3段117號,0,0,1,1,B12,7,6,5,50,14,9,1,4,4,5,13,4,4,1,4,5,2,17,1,42,3,10,3,4,7,8,1,8,1,15,,100,,1,22,121.5268526,25.0221865
113,5,2,9,20,2,04大安區,大安區羅斯福路3段117號,0,0,1,2,C03,7,6,5,50,14,9,1,4,4,5,13,4,4,1,4,5,2,17,1,26,2,9,6,4,7,9,1,9,1,14,,44,,1,22,121.5268526,25.0221865
113,5,2,9,20,2,04大安區,大安區羅斯福路3段117號,0,0,1,3,B03,7,6,5,50,14,9,1,4,4,5,13,4,4,1,4,5,2,17,2,51,3,10,3,4,7,14,1,8,1,4,,44,,1,22,121.5268526,25.0221865
113,5,2,9,26,2,10文山區,文山區羅斯福路6段與羅斯福路6段455巷口,0,0,1,1,B03,6,6,5,50,5,2,1,4,4,5,13,2,1,1,4,5,2,17,1,51,3,10,7,1,7,11,1,8,1,17,,10,,1,21,121.5399087,24.9903994
113,5,2,9,26,2,10文山區,文山區羅斯福路6段與羅斯福路6段455巷口,0,0,1,2,C03,6,6,5,50,5,2,1,4,4,5,13,2,1,1,4,5,2,17,1,29,2,9,6,1,7,9,1,9,1,12,,44,,1,21,121.5399087,24.9903994
113,5,2,9,28,2,11南港區,南港區南港路1段287巷2弄與興中路口,0,0,1,1,B03,6,6,5,50,3,1,1,4,4,5,13,4,4,5,4,5,2,17,2,70,3,10,3,4,7,6,1,8,2,4,,14,,1,22,121.6079353,25.0540901
113,5,2,9,28,2,11南港區,南港區南港路1段287巷2弄與興中路口,0,0,1,2,C03,6,6,5,50,3,1,1,4,4,5,13,4,4,5,4,5,2,17,1,69,2,8,5,1,7,6,3,18,2,14,,44,,1,22,121.6079353,25.0540901
113,5,2,9,48,2,04大安區,大安區和平東路2段134-1號前,0,0,1,1,B03,6,7,5,50,14,9,1,4,4,5,13,4,4,8,3,5,1,17,1,45,3,10,7,1,7,15,1,8,1,17,,100,,1,26,121.5459055,25.0246518
113,5,2,9,48,2,04大安區,大安區和平東路2段134-1號前,0,0,1,2,C03,6,7,5,50,14,9,1,4,4,5,13,4,4,8,3,5,1,17,2,27,2,8,5,1,7,9,1,10,1,17,,116,,1,26,121.5459055,25.0246518
113,5,2,10,5,2,08士林區,士林區仰德大道2段與仰德大道2段134巷口,0,0,1,1,C03,8,5,5,40,3,2,1,5,4,5,13,1,1,5,5,5,1,12,2,35,2,9,6,1,7,9,1,10,2,14,,13,,1,21,121.547059,25.1093677
113,5,2,10,5,2,08士林區,士林區仰德大道2段與仰德大道2段134巷口,0,0,1,2,A04,8,5,5,40,3,2,1,5,4,5,13,1,1,5,5,5,1,12,1,66,3,10,7,1,7,9,1,2,2,6,,44,,1,21,121.547059,25.1093677
113,5,2,10,24,2,12內湖區,內湖區瑞光路112巷與瑞光路112巷56弄口,0,0,1,1,B03,6,7,5,50,3,1,1,4,4,5,13,4,4,5,5,5,2,17,1,49,3,10,7,1,7,6,1,8,2,5,,9,,1,21,121.5800548,25.07113326
113,5,2,10,24,2,12內湖區,內湖區瑞光路112巷與瑞光路112巷56弄口,0,0,1,2,C03,6,7,5,50,3,1,1,4,4,5,13,4,4,5,5,5,2,17,2,30,2,9,5,1,7,9,1,10,2,14,,17,,1,21,121.5800548,25.07113326
113,5,2,10,30,2,12內湖區,內湖區康寧路3段48號,0,0,1,1,B03,7,6,5,50,3,1,1,4,4,5,13,2,1,1,4,5,2,16,1,65,3,10,7,1,7,5,1,8,1,4,,42,,1,21,121.6088157,25.07200837
113,5,2,10,30,2,12內湖區,內湖區康寧路3段48號,0,0,1,2,C03,7,6,5,50,3,1,1,4,4,5,13,2,1,1,4,5,2,16,1,51,2,9,6,1,7,9,1,10,1,12,,42,,1,21,121.6088157,25.07200837
113,5,2,10,31,2,05中正區,中正區汀州路2段226號前,0,0,2,1,C03,7,7,5,50,14,9,1,5,4,5,13,4,4,9,5,5,2,16,1,61,2,8,5,1,7,1,1,10,1,14,,19,,1,22,121.5242067,25.022019
113,5,2,10,31,2,05中正區,中正區汀州路2段226號前,0,0,2,2,C03,7,7,5,50,14,9,1,5,4,5,13,4,4,9,5,5,2,16,2,53,2,8,6,1,7,9,1,10,1,11,,44,,1,22,121.5242067,25.022019
113,5,2,10,32,2,03中山區,中山區中山北路2段與錦西街口,0,0,1,1,C03,8,7,5,50,4,1,1,5,4,5,13,2,1,9,4,5,2,17,2,68,2,9,5,1,7,7,1,10,1,14,,101,,1,21,121.5228639,25.0604849
113,5,2,10,32,2,03中山區,中山區中山北路2段與錦西街口,0,0,1,2,B03,8,7,5,50,4,1,1,5,4,5,13,2,1,9,4,5,2,17,1,28,3,10,7,1,7,9,1,8,1,2,,44,,1,21,121.5228639,25.0604849
113,5,2,10,32,2,03中山區,中山區中山北路2段與錦西街口,0,0,1,3,B01,8,7,5,50,4,1,1,5,4,5,13,2,1,9,4,5,2,17,1,60,3,10,7,1,7,6,1,4,1,4,,44,,1,21,121.5228639,25.0604849
113,5,2,11,0,2,04大安區,大安區延吉街與延吉街236巷口,0,0,1,1,B01,8,6,5,50,3,1,1,5,4,5,13,4,4,1,5,5,2,16,1,54,3,10,7,1,7,9,1,4,1,8,,44,,1,21,121.5547231,25.0405881
113,5,2,11,0,2,04大安區,大安區延吉街與延吉街236巷口,0,0,1,2,C03,8,6,5,50,3,1,1,5,4,5,13,4,4,1,5,5,2,16,2,58,2,9,5,1,7,5,1,10,1,12,,14,,1,21,121.5547231,25.0405881
113,5,2,11,50,2,12內湖區,內湖區堤頂大道2段185號,0,0,1,1,B12,7,7,5,50,14,9,1,5,4,5,13,4,4,1,3,5,2,17,1,46,2,7,3,1,7,13,1,8,1,4,,40,,1,21,121.5695209,25.07728878
113,5,2,11,50,2,12內湖區,內湖區堤頂大道2段185號,0,0,1,2,B03,7,7,5,50,14,9,1,5,4,5,13,4,4,1,3,5,2,17,1,29,3,10,7,1,7,9,1,8,1,2,,108,,1,21,121.5695209,25.07728878
113,5,2,12,5,1,06松山區,松山區八德路4段與基隆路1段口,1,0,1,1,F02,7,7,5,50,14,9,1,5,4,5,13,2,1,9,4,5,2,13,1,81,1,9,5,1,7,9,8,20,9,11,,21,,1,22,121.5696194,25.04951472
113,5,2,12,5,1,06松山區,松山區八德路4段與基隆路1段口,1,0,1,2,C03,7,7,5,50,14,9,1,5,4,5,13,2,1,9,4,5,2,13,1,58,2,1,6,1,7,14,1,10,2,13,,44,,1,22,121.5696194,25.04951472
113,5,2,12,38,2,04大安區,大安區市民大道4段與光復南路口,0,0,1,1,C03,8,7,5,40,5,1,1,5,4,5,13,1,1,8,3,5,2,15,1,31,2,9,3,4,7,7,1,10,1,14,,100,,1,21,121.5577308,25.0449812
113,5,2,12,38,2,04大安區,大安區市民大道4段與光復南路口,0,0,1,2,B03,8,7,5,40,5,1,1,5,4,5,13,1,1,8,3,5,2,15,1,39,3,10,3,4,7,8,1,8,1,2,,100,,1,21,121.5577308,25.0449812
113,5,2,13,0,2,07信義區,信義區忠孝東路5段與中坡南路口,0,0,1,1,F01,7,6,5,50,4,2,1,5,4,5,13,2,1,9,3,5,2,16,2,74,2,9,4,4,7,5,8,20,1,14,12,44,,1,21,121.5818664,25.0440297
113,5,2,13,0,2,07信義區,信義區忠孝東路5段與中坡南路口,0,0,1,2,B03,7,6,5,50,4,2,1,5,4,5,13,2,1,9,3,5,2,16,1,48,3,10,3,4,7,9,1,8,1,5,,44,,1,21,121.5818664,25.0440297
113,5,2,13,12,2,03中山區,中山區松江路362巷與民權東路2段92巷口,0,0,2,1,C03,8,6,5,30,4,1,1,5,4,5,13,4,4,10,5,5,2,15,2,23,2,9,5,1,7,9,1,10,1,12,,14,,1,22,121.5317307,25.061971
113,5,2,13,12,2,03中山區,中山區松江路362巷與民權東路2段92巷口,0,0,2,2,C03,8,6,5,30,4,1,1,5,4,5,13,4,4,10,5,5,2,15,1,50,2,9,5,1,7,9,1,10,1,11,,14,,1,22,121.5317307,25.061971
113,5,2,13,12,2,03中山區,中山區松江路362巷與民權東路2段92巷口,0,0,2,3,B12,8,6,5,30,4,1,1,5,4,5,13,4,4,10,5,5,2,15,1,55,3,10,3,4,7,13,1,8,1,17,,38,,1,22,121.5317307,25.061971
113,5,2,13,30,2,12內湖區,內湖區五分街75號,0,0,1,1,C03,7,6,5,30,14,9,1,5,4,5,13,4,4,9,4,5,2,13,1,70,2,9,6,1,7,9,1,10,2,11,,108,,1,21,121.6149966,25.06736951
113,5,2,13,30,2,12內湖區,內湖區五分街75號,0,0,1,2,B03,7,6,5,30,14,9,1,5,4,5,13,4,4,9,4,5,2,13,1,60,3,10,3,1,7,13,1,8,2,7,,44,,1,21,121.6149966,25.06736951
113,5,2,13,45,2,10文山區,文山區福興路93-4號,0,0,1,1,H01,8,6,5,30,14,9,1,5,4,5,13,4,4,10,5,5,2,9,2,36,3,10,4,5,8,16,8,20,10,17,,66,,1,21,121.5497473,25.0045175
113,5,2,13,45,2,10文山區,文山區福興路93-4號,0,0,1,2,C04,8,6,5,30,14,9,1,5,4,5,13,4,4,10,5,5,2,9,2,38,2,9,6,1,7,9,1,8,9,14,,44,,1,21,121.5497473,25.0045175
113,5,2,14,13,2,09北投區,北投區大度路2段049燈桿,0,0,4,1,B03,7,6,5,70,14,7,1,5,4,5,13,4,4,1,4,2,1,13,1,41,2,9,7,2,7,9,1,8,2,1,,107,,1,21,121.4808521,25.1224058
113,5,2,14,13,2,09北投區,北投區大度路2段049燈桿,0,0,4,2,B12,7,6,5,70,14,7,1,5,4,5,13,4,4,1,4,2,1,13,1,60,2,9,7,1,7,9,1,8,2,3,,44,,1,21,121.4808521,25.1224058
113,5,2,14,13,2,09北投區,北投區大度路2段049燈桿,0,0,4,3,H02,7,6,5,70,14,7,1,5,4,5,13,4,4,1,4,2,1,13,2,49,2,9,4,5,7,20,8,20,10,16,,67,,1,21,121.4808521,25.1224058
113,5,2,14,13,2,09北投區,北投區大度路2段049燈桿,0,0,4,4,H03,7,6,5,70,14,7,1,5,4,5,13,4,4,1,4,2,1,13,2,48,2,9,4,5,8,20,8,20,10,16,,67,,1,21,121.4808521,25.1224058
113,5,2,14,15,2,02萬華區,萬華區西藏路與萬大路口,0,0,1,1,C03,7,5,5,50,4,2,1,5,4,5,13,1,1,1,4,5,2,13,1,33,2,1,5,4,7,9,6,10,1,11,,16,,1,21,121.5010079,25.02957
113,5,2,14,15,2,02萬華區,萬華區西藏路與萬大路口,0,0,1,2,B12,7,5,5,50,4,2,1,5,4,5,13,1,1,1,4,5,2,13,1,36,3,10,7,4,7,14,1,4,1,7,,44,,1,21,121.5010079,25.02957
113,5,2,14,15,2,04大安區,大安區和平東路1段與金山南路2段口,0,0,2,1,C03,8,6,5,50,3,1,1,5,4,5,13,1,1,1,4,5,2,16,2,54,2,9,5,1,7,8,1,10,1,14,,99,,1,21,121.5263737,25.0269393
113,5,2,14,15,2,04大安區,大安區和平東路1段與金山南路2段口,0,0,2,2,C03,8,6,5,50,3,1,1,5,4,5,13,1,1,1,4,5,2,16,1,40,2,9,5,1,7,9,1,10,1,14,,44,,1,21,121.5263737,25.0269393
113,5,2,14,19,2,11南港區,南港區研究院路2段170號前,0,0,2,1,C03,7,6,5,50,14,9,1,5,4,5,13,4,4,9,5,5,2,16,1,56,2,9,5,4,7,1,1,10,1,14,,19,,1,21,121.6169583,25.0379202
113,5,2,14,19,2,11南港區,南港區研究院路2段170號前,0,0,2,2,C03,7,6,5,50,14,9,1,5,4,5,13,4,4,9,5,5,2,16,1,20,2,9,5,4,7,9,1,10,1,11,,44,,1,21,121.6169583,25.0379202
113,5,2,14,25,2,10文山區,文山區辛亥路7段與忠順街1段口口,0,0,1,1,B03,7,7,5,40,3,2,1,5,4,5,13,2,1,5,4,4,2,16,1,65,3,10,7,1,7,6,1,8,1,2,,71,,1,22,121.5540653,24.98315464
113,5,2,14,25,2,10文山區,文山區辛亥路7段與忠順街1段口口,0,0,1,2,C03,7,7,5,40,3,2,1,5,4,5,13,2,1,5,4,4,2,16,1,27,2,9,5,1,7,9,1,10,1,14,,44,,1,22,121.5540653,24.98315464
113,5,2,14,27,2,03中山區,中山區錦西街5巷與錦西街口,0,0,2,1,C03,7,5,5,50,14,9,1,5,4,5,13,4,4,5,5,5,2,13,1,42,2,7,3,4,7,9,1,10,11,13,,16,,1,21,121.5218618,25.060319
113,5,2,14,27,2,03中山區,中山區錦西街5巷與錦西街口,0,0,2,2,C03,7,5,5,50,14,9,1,5,4,5,13,4,4,5,5,5,2,13,2,24,2,8,3,4,7,9,1,10,11,11,,44,,1,21,121.5218618,25.060319
113,5,2,15,11,2,04大安區,大安區羅斯福路2段與杭州南路2段口,0,0,1,1,C03,8,6,5,50,4,1,1,5,4,5,13,2,1,1,1,4,2,12,1,43,2,9,6,1,7,7,1,10,11,14,,100,,1,21,121.5218471,25.0280131
113,5,2,15,11,2,04大安區,大安區羅斯福路2段與杭州南路2段口,0,0,1,2,C03,8,6,5,50,4,1,1,5,4,5,13,2,1,1,1,4,2,12,1,35,3,10,6,1,7,7,1,10,1,12,,108,,1,21,121.5218471,25.0280131
113,5,2,15,11,2,04大安區,大安區羅斯福路2段與杭州南路2段口,0,0,1,3,B12,8,6,5,50,4,1,1,5,4,5,13,2,1,1,1,4,2,12,1,40,3,10,7,1,7,6,1,8,11,17,,87,,1,21,121.5218471,25.0280131
113,5,2,15,11,2,05中正區,中正區新生南路1段與濟南路2段口,0,0,1,1,B01,8,6,5,50,4,1,1,5,4,5,13,1,1,10,5,5,2,13,1,68,3,10,7,4,7,9,1,4,1,1,,16,,1,21,121.5325834,25.04017591
113,5,2,15,11,2,05中正區,中正區新生南路1段與濟南路2段口,0,0,1,2,C03,8,6,5,50,4,1,1,5,4,5,13,1,1,10,5,5,2,13,1,29,3,10,6,4,7,15,1,10,1,13,,44,,1,22,121.5325834,25.04017591
113,5,2,15,11,2,05中正區,中正區新生南路1段與濟南路2段口,0,0,1,3,H02,8,6,5,50,4,1,1,5,4,5,13,1,1,10,5,5,2,13,2,55,2,9,6,5,7,20,8,20,10,16,,67,,1,22,121.5325834,25.04017591
113,5,2,15,14,2,04大安區,大安區大安路1段與大安路1段83巷口,0,0,1,1,B03,7,6,5,30,4,1,1,5,4,5,13,4,4,10,4,5,2,15,2,33,3,10,7,1,7,9,1,8,1,5,,80,,1,21,121.5461369,25.0409764
113,5,2,15,14,2,04大安區,大安區大安路1段與大安路1段83巷口,0,0,1,2,C03,7,6,5,30,4,1,1,5,4,5,13,4,4,10,4,5,2,15,1,38,2,7,6,1,7,9,1,10,1,11,,44,,1,21,121.5461369,25.0409764
113,5,2,15,29,2,02萬華區,萬華區廣州街184號,0,0,1,1,B12,8,5,5,50,14,9,1,5,4,3,13,4,4,10,4,5,2,9,1,47,3,10,7,4,7,9,1,8,11,2,,108,,1,21,121.4985209,25.03677859
113,5,2,15,29,2,02萬華區,萬華區廣州街184號,0,0,1,2,H01,8,5,5,50,14,9,1,5,4,3,13,4,4,10,4,5,2,9,2,74,2,9,4,5,8,16,8,20,10,16,,44,,1,21,121.4985209,25.03677859
113,5,2,15,29,2,02萬華區,萬華區中華路1段與中華路1段114巷口,0,0,1,2,B13,8,6,5,50,3,2,1,5,4,5,13,4,4,10,5,5,2,17,1,58,3,10,7,1,7,3,1,2,9,3,,18,,1,21,121.5084517,25.04383605
113,5,2,15,29,2,02萬華區,萬華區中華路1段與中華路1段114巷口,0,0,1,1,F01,8,6,5,50,3,2,1,5,4,5,13,4,4,10,5,5,2,17,1,73,2,8,4,1,7,9,8,20,1,14,,107,,1,21,121.5084517,25.04383605
113,5,2,15,34,2,09北投區,北投區明德路與明德路3巷口,0,0,4,1,C03,8,7,5,50,3,1,1,5,4,5,13,4,4,5,5,5,2,16,2,41,2,9,6,1,7,5,1,10,1,12,,74,,1,21,121.5169783,25.1065236
113,5,2,15,34,2,09北投區,北投區明德路與明德路3巷口,0,0,4,2,C03,8,7,5,50,3,1,1,5,4,5,13,4,4,5,5,5,2,16,2,31,2,8,6,1,7,9,1,10,1,11,,44,,1,21,121.5169783,25.1065236
113,5,2,15,34,2,09北投區,北投區明德路與明德路3巷口,0,0,4,3,H02,8,7,5,50,3,1,1,5,4,5,13,4,4,5,5,5,2,16,2,4,2,8,5,5,7,20,8,20,10,16,,67,,1,24,121.5169783,25.1065236
113,5,2,15,34,2,09北投區,北投區明德路與明德路3巷口,0,0,4,4,H02,8,7,5,50,3,1,1,5,4,5,13,4,4,5,5,5,2,16,1,2,2,1,5,5,7,20,8,20,10,16,,67,,1,24,121.5169783,25.1065236
113,5,2,15,45,2,02萬華區,萬華區大理街與西園路1段306巷口,0,0,1,1,B01,7,6,5,30,4,1,1,5,4,5,13,4,4,10,5,5,2,3,1,58,3,10,3,4,7,9,1,4,1,2,,70,,1,21,121.4993704,25.0345497
113,5,2,15,45,2,02萬華區,萬華區大理街與西園路1段306巷口,0,0,1,2,H01,7,6,5,30,4,1,1,5,4,5,13,4,4,10,5,5,2,3,2,74,2,9,4,5,8,16,8,20,10,16,,67,,1,22,121.4993704,25.0345497
113,5,2,15,58,2,01大同區,大同區民權西路與蘭州街口,0,0,1,1,C03,8,6,5,50,4,1,1,5,4,5,13,2,1,1,5,5,2,16,1,75,2,9,6,1,7,5,1,10,1,13,,8,,1,21,121.5146183,25.062906