發生年度,發生月,發生日,發生時-Hours,發生分,處理別-編號,區序,肇事地點,死亡人數,2-30日死亡人數,受傷人數,當事人序號,車種,天候,道路照明設備,道路類別,速限-速度限制,道路型態,事故位置,路面狀況1,路面狀況2,路面狀況3,道路障礙1,道路障礙2,號誌1,號誌2,車道劃分-分向,車道劃分-分道1,車道劃分-分道2,車道劃分-分道3,事故類型及型態,性別,年齡,受傷程度,主要傷處,保護裝置,行動電話,車輛用途,當事者行動狀態,駕駛資格情形,駕駛執照種類,飲酒情形,車輛撞擊部位1,車輛撞擊部位2,肇因碼-個別,肇因碼-主要,個人肇逃否,職業,座標-X,座標-Y
113,5,2,15,58,2,01大同區,大同區民權西路與蘭州街口,0,0,1,2,B01,8,6,5,50,4,1,1,5,4,5,13,2,1,1,5,5,2,16,1,63,3,10,7,1,7,9,1,4,1,5,,107,,1,21,121.5146183,25.062906
113,5,2,16,1,2,01大同區,大同區長安西路與太原路口,0,0,1,1,B12,8,7,5,50,4,2,1,5,4,5,13,2,1,4,4,5,2,17,1,59,3,10,3,4,7,5,1,8,1,8,,80,,1,21,121.5154764,25.05129
113,5,2,16,1,2,01大同區,大同區長安西路與太原路口,0,0,1,2,C03,8,7,5,50,4,2,1,5,4,5,13,2,1,4,4,5,2,17,1,28,2,9,3,4,7,9,1,10,1,14,,44,,1,21,121.5154764,25.05129
113,5,2,16,45,2,05中正區,中正區汀州路3段154號,0,0,2,1,B03,8,7,5,50,14,9,1,5,4,5,13,4,4,5,4,5,2,5,1,36,2,1,7,1,7,9,6,18,1,5,,42,,1,21,121.5342561,25.0136459
113,5,2,16,45,2,05中正區,中正區汀州路3段154號,0,0,2,2,H03,8,7,5,50,14,9,1,5,4,5,13,4,4,5,4,5,2,5,2,50,2,8,4,5,8,17,8,20,1,16,,67,,1,21,121.5342561,25.0136459
113,5,2,16,48,2,07信義區,信義區信義路6段76巷8弄42號,0,0,2,1,B03,8,7,5,30,14,9,1,5,4,5,13,4,4,10,5,5,2,12,1,46,3,10,7,1,7,1,1,8,2,8,,19,,1,21,121.5761197,25.0324467
113,5,2,16,48,2,07信義區,信義區信義路6段76巷8弄42號,0,0,2,2,C03,8,7,5,30,14,9,1,5,4,5,13,4,4,10,5,5,2,12,2,29,2,9,5,1,7,9,1,10,2,11,,108,,1,21,121.5761197,25.0324467
113,5,2,16,48,2,07信義區,信義區信義路6段76巷8弄42號,0,0,2,3,H02,8,7,5,30,14,9,1,5,4,5,13,4,4,10,5,5,2,12,2,29,2,9,5,5,7,20,8,20,10,16,,67,,1,21,121.5761197,25.0324467
113,5,2,17,12,2,07信義區,信義區忠孝東路5段22巷,0,0,2,1,F01,7,6,8,50,22,22,1,5,4,5,10,4,4,4,3,5,2,17,2,53,2,8,4,1,7,9,8,20,1,11,,108,,1,21,121.5661926,25.0395217
113,5,2,17,12,2,07信義區,信義區忠孝東路5段22巷,0,0,2,2,F01,7,6,8,50,22,22,1,5,4,5,10,4,4,4,3,5,2,17,2,30,2,7,4,1,7,9,8,20,1,11,,108,,1,21,121.5661926,25.0395217
113,5,2,17,12,2,07信義區,信義區忠孝東路5段22巷,0,0,2,3,B03,7,6,8,50,22,22,1,5,4,5,10,4,4,4,3,5,2,17,2,40,3,10,3,1,7,14,1,8,1,3,,44,,1,21,121.5661926,25.0395217
113,5,2,17,21,2,07信義區,信義區吳興街156巷22弄13號,0,0,1,1,H01,7,7,5,30,14,9,1,5,4,5,10,4,4,10,5,5,2,5,1,52,3,10,4,5,8,16,8,20,10,16,,53,,1,21,121.5605103,25.0287388
113,5,2,17,21,2,07信義區,信義區吳興街156巷22弄13號,0,0,1,2,F02,7,7,5,30,14,9,1,5,4,5,10,4,4,10,5,5,2,5,1,64,2,9,2,1,7,9,8,20,1,12,,44,,1,21,121.5605103,25.0287388
113,5,2,17,21,2,07信義區,信義區吳興街156巷22弄13號,0,0,1,3,B12,7,7,5,30,14,9,1,5,4,5,10,4,4,10,5,5,2,5,3,0,,,,,,,,,,,,67,,1,,121.5605103,25.0287388
113,5,2,17,26,2,09北投區,北投區新民路與泉源路口逸仙國小,0,0,2,1,C03,8,5,6,30,3,2,1,5,4,5,13,3,1,7,4,5,1,17,2,19,2,8,6,1,7,5,1,10,9,12,,42,,1,25,121.5051315,25.138484
113,5,2,17,26,2,09北投區,北投區新民路與泉源路口逸仙國小,0,0,2,2,C03,8,5,6,30,3,2,1,5,4,5,13,3,1,7,4,5,1,17,2,34,2,5,5,1,7,5,1,10,1,13,,42,,1,21,121.5051315,25.138484
113,5,2,17,38,2,07信義區,信義區忠孝東路5段492巷20號,0,0,1,1,B02,8,7,5,30,14,9,1,5,4,5,13,4,4,10,5,5,2,4,1,23,3,10,7,1,7,9,1,8,2,2,,118,,1,21,121.5783646,25.0403127
113,5,2,17,38,2,07信義區,信義區忠孝東路5段492巷20號,0,0,1,2,H01,8,7,5,30,14,9,1,5,4,5,13,4,4,10,5,5,2,4,1,36,2,7,4,5,8,20,8,20,10,16,,60,,1,21,121.5783646,25.0403127
113,5,2,17,55,2,08士林區,士林區中山北路6段與福國路口,0,0,2,1,C03,8,6,5,50,14,9,1,5,4,5,13,2,1,1,4,5,1,12,2,23,2,7,5,1,7,9,1,10,1,12,,108,,1,21,121.5251767,25.10309833
113,5,2,17,55,2,08士林區,士林區中山北路6段與福國路口,0,0,2,2,C03,8,6,5,50,14,9,1,5,4,5,13,2,1,1,4,5,1,12,1,20,2,8,5,1,7,9,1,10,1,17,,44,,1,21,121.5251767,25.10309833
113,5,2,18,14,2,10文山區,文山區景興路與景興路153巷口口,0,0,1,1,H01,6,5,5,50,3,19,1,4,4,5,13,2,1,1,4,5,2,3,1,85,2,9,4,5,8,16,8,20,10,16,,121,,1,21,121.5445542,24.9936468
113,5,2,18,14,2,10文山區,文山區景興路與景興路153巷口口,0,0,1,2,B03,6,5,5,50,3,19,1,4,4,5,13,2,1,1,4,5,2,3,2,41,3,10,7,1,7,5,1,8,2,1,,108,,1,21,121.5445542,24.9936468
113,5,2,18,15,2,08士林區,士林區通河西街1段與堤外便道口,0,0,2,1,F01,7,5,5,40,14,9,1,5,4,5,13,4,4,9,5,5,1,17,1,33,2,7,4,1,7,5,8,20,1,14,,8,,1,22,121.5135617,25.0822883
113,5,2,18,15,2,08士林區,士林區通河西街1段與堤外便道口,0,0,2,2,C03,7,5,5,40,14,9,1,5,4,5,13,4,4,9,5,5,1,17,1,32,2,9,6,1,7,9,1,9,1,11,,13,,1,22,121.5135617,25.0822883
113,5,2,18,22,2,04大安區,大安區臥龍街與和平東路3段346巷口,0,0,1,1,B03,8,5,5,40,4,1,1,5,4,5,13,2,1,5,4,4,2,17,1,46,3,10,7,1,7,5,1,8,2,1,,99,,1,21,121.5572763,25.018491
113,5,2,18,22,2,04大安區,大安區臥龍街與和平東路3段346巷口,0,0,1,2,C03,8,5,5,40,4,1,1,5,4,5,13,2,1,5,4,4,2,17,2,25,2,9,6,1,7,9,1,10,2,14,,44,,1,21,121.5572763,25.018491
113,5,2,18,23,2,12內湖區,內湖區星雲街與星雲街33巷口,0,0,1,1,C03,7,5,5,50,3,1,1,5,4,5,13,4,4,4,5,5,1,17,1,41,3,10,6,1,7,9,1,10,2,12,,4,,1,21,121.5913804,25.078531
113,5,2,18,23,2,12內湖區,內湖區星雲街與星雲街33巷口,0,0,1,2,C03,7,5,5,50,3,1,1,5,4,5,13,4,4,4,5,5,1,17,2,56,2,9,6,1,7,5,1,10,1,14,,44,,1,21,121.5913804,25.078531
113,5,2,18,25,2,06松山區,松山區南京東路5段與三民路口口,0,0,2,1,B03,8,5,5,50,4,1,1,5,4,5,13,1,1,1,4,5,2,12,1,36,3,10,7,1,7,9,1,8,9,5,,44,,1,21,121.564135,25.0514825
113,5,2,18,25,2,06松山區,松山區南京東路5段與三民路口口,0,0,2,2,C03,8,5,5,50,4,1,1,5,4,5,13,1,1,1,4,5,2,12,1,66,2,6,5,1,7,15,1,10,9,13,,100,,1,21,121.564135,25.0514825
113,5,2,18,25,2,06松山區,松山區南京東路5段與三民路口口,0,0,2,3,C03,8,5,5,50,4,1,1,5,4,5,13,1,1,1,4,5,2,12,1,23,2,8,5,1,7,9,1,10,9,14,,99,,1,21,121.564135,25.0514825
113,5,2,18,25,2,08士林區,士林區忠誠路2段50巷與忠誠路2段40巷14弄口,0,0,2,1,C03,8,5,5,30,4,1,1,5,4,5,13,4,4,10,5,5,2,15,2,45,2,9,5,1,7,9,1,10,2,11,,72,,1,21,121.5296381,25.110811
113,5,2,18,25,2,08士林區,士林區忠誠路2段50巷與忠誠路2段40巷14弄口,0,0,2,2,C03,8,5,5,30,4,1,1,5,4,5,13,4,4,10,5,5,2,15,1,35,2,8,6,1,7,9,1,10,2,13,,14,,1,21,121.5296381,25.110811
113,5,2,18,32,2,07信義區,信義區基隆路2段7號,0,0,1,1,B01,7,5,5,50,14,9,1,5,4,5,13,4,4,3,4,5,2,17,1,51,3,10,7,1,7,9,1,2,1,5,,17,,1,21,121.5593944,25.032643
113,5,2,18,32,2,07信義區,信義區基隆路2段7號,0,0,1,2,C03,7,5,5,50,14,9,1,5,4,5,13,4,4,3,4,5,2,17,2,23,2,8,6,1,7,15,1,10,1,14,,17,,1,21,121.5593944,25.032643
113,5,2,18,35,2,04大安區,大安區忠孝東路3段與建國南路1段口,0,0,1,1,B03,8,5,5,50,4,1,1,5,1,5,13,1,1,3,4,5,1,16,1,29,3,10,7,1,7,6,1,8,1,2,,71,,1,21,121.5368953,25.0416206
113,5,2,18,35,2,04大安區,大安區忠孝東路3段與建國南路1段口,0,0,1,2,C03,8,5,5,50,4,1,1,5,1,5,13,1,1,3,4,5,1,16,2,40,2,8,6,1,7,9,1,10,1,14,,44,,1,21,121.5368953,25.0416206
113,5,2,18,51,2,08士林區,士林區中正路與中興街口,0,0,1,1,A02,8,7,5,50,3,2,1,5,4,5,13,4,4,5,4,5,2,9,1,50,3,10,2,1,7,7,1,2,9,17,,44,,1,21,121.5228363,25.09466896
113,5,2,18,51,2,08士林區,士林區中正路與中興街口,0,0,1,2,H02,8,7,5,50,3,2,1,5,4,5,13,4,4,5,4,5,2,9,2,50,2,9,4,5,7,20,8,20,10,17,,67,,1,21,121.5228363,25.09466896
113,5,2,19,1,2,02萬華區,萬華區環河南路1段與長沙街2段口,0,0,1,1,B03,8,5,5,50,3,2,1,5,4,5,13,2,1,5,4,5,2,16,1,19,3,10,7,1,7,6,1,8,1,5,,9,,1,21,121.4995959,25.04149069
113,5,2,19,1,2,02萬華區,萬華區環河南路1段與長沙街2段口,0,0,1,2,C03,8,5,5,50,3,2,1,5,4,5,13,2,1,5,4,5,2,16,1,63,2,9,6,1,7,9,1,10,1,14,,44,,1,21,121.4995959,25.04149069
113,5,2,19,22,2,04大安區,大安區敦南街與無名巷口,0,0,2,1,C03,8,5,5,30,4,1,1,5,4,5,13,4,4,10,5,5,2,17,2,38,2,9,6,1,7,9,1,10,2,15,,72,,1,21,121.5466413,25.0223512
113,5,2,19,22,2,04大安區,大安區敦南街與無名巷口,0,0,2,2,C03,8,5,5,30,4,1,1,5,4,5,13,4,4,10,5,5,2,17,2,46,2,9,6,1,7,9,1,10,2,15,,108,,1,21,121.5466413,25.0223512
113,5,2,19,41,2,12內湖區,內湖區安康路22巷與安康路32巷24弄口,0,0,3,1,C03,8,5,5,30,3,18,1,5,4,5,13,4,4,5,5,5,2,3,1,34,3,10,5,1,7,9,1,9,2,11,,14,,1,21,121.5937025,25.06179002
113,5,2,19,41,2,12內湖區,內湖區安康路22巷與安康路32巷24弄口,0,0,3,2,H01,8,5,5,30,3,18,1,5,4,5,13,4,4,5,5,5,2,3,1,58,2,7,4,5,8,16,8,20,10,16,,67,,1,21,121.5937025,25.06179002
113,5,2,19,41,2,12內湖區,內湖區安康路22巷與安康路32巷24弄口,0,0,3,3,H01,8,5,5,30,3,18,1,5,4,5,13,4,4,5,5,5,2,3,2,48,2,9,4,5,8,16,8,20,10,16,,67,,1,21,121.5937025,25.06179002
113,5,2,19,41,2,12內湖區,內湖區安康路22巷與安康路32巷24弄口,0,0,3,4,H01,8,5,5,30,3,18,1,5,4,5,13,4,4,5,5,5,2,3,2,44,2,9,4,5,8,16,8,20,10,16,,67,,1,21,121.5937025,25.06179002
113,5,2,21,20,2,08士林區,士林區中山北路5段與中山北路5段698巷口,0,0,1,1,B03,8,5,5,50,5,1,1,5,4,5,13,2,1,3,4,5,2,16,1,49,3,10,7,1,7,5,1,8,1,2,,71,,1,21,121.5274993,25.0977011
113,5,2,21,20,2,08士林區,士林區中山北路5段與中山北路5段698巷口,0,0,1,2,C03,8,5,5,50,5,1,1,5,4,5,13,2,1,3,4,5,2,16,1,21,2,9,6,1,7,9,1,10,1,11,,13,,1,21,121.5274993,25.0977011
113,5,2,22,51,2,01大同區,大同區赤峰街與承德路2段53巷口,0,0,2,1,C03,7,5,5,30,4,1,1,5,4,5,13,4,4,10,5,5,2,15,1,34,2,9,5,4,7,9,1,10,2,11,,80,,1,21,121.5196384,25.0553146
113,5,2,22,51,2,01大同區,大同區赤峰街與承德路2段53巷口,0,0,2,2,B01,7,5,5,30,4,1,1,5,4,5,13,4,4,10,5,5,2,15,1,51,2,1,7,4,7,9,1,4,2,8,,108,,1,21,121.5196384,25.0553146
113,5,2,22,53,2,10文山區,文山區興隆路3段36巷17弄與興隆路3段口,0,0,2,1,C03,8,5,5,30,3,1,1,5,4,5,13,2,1,9,5,5,2,16,1,36,2,9,6,1,7,5,1,10,2,14,,71,,1,21,121.5553605,24.9993636
113,5,2,22,53,2,10文山區,文山區興隆路3段36巷17弄與興隆路3段口,0,0,2,2,C03,8,5,5,30,3,1,1,5,4,5,13,2,1,9,5,5,2,16,2,57,2,9,6,1,7,9,1,10,2,11,,44,,1,21,121.5553605,24.9993636
113,5,3,0,5,2,03中山區,中山區錦州街與錦州街157巷口,0,0,1,1,B01,7,5,5,50,14,9,1,5,4,5,13,4,4,5,4,4,2,17,1,62,3,10,3,4,7,11,1,7,1,17,,10,,1,21,121.5297354,25.0603425
113,5,3,0,5,2,03中山區,中山區錦州街與錦州街157巷口,0,0,1,2,C03,7,5,5,50,14,9,1,5,4,5,13,4,4,5,4,4,2,17,2,29,2,9,3,4,7,9,1,10,1,17,,44,,1,21,121.5297354,25.0603425
113,5,3,3,30,2,11南港區,南港區南港路1段299號,0,0,1,1,H01,7,5,5,0,14,9,1,5,4,5,13,4,4,5,4,5,2,3,1,26,2,9,4,5,8,16,8,20,10,16,,53,,1,21,121.6078215,25.05451403
113,5,3,3,30,2,11南港區,南港區南港路1段299號,0,0,1,2,C03,7,5,5,0,14,9,1,5,4,5,13,4,4,5,4,5,2,3,1,63,3,10,6,1,7,9,1,10,1,14,,44,,1,21,121.6078215,25.05451403
113,5,3,6,56,2,04大安區,大安區金華街與信義路2段198巷口,0,0,1,1,C03,8,6,5,50,4,1,1,5,4,5,13,2,1,5,2,5,1,16,1,38,2,7,5,1,7,4,1,10,1,12,,4,,1,21,121.5314859,25.029992
113,5,3,6,56,2,04大安區,大安區金華街與信義路2段198巷口,0,0,1,2,B02,8,6,5,50,4,1,1,5,4,5,13,2,1,5,2,5,1,16,1,49,3,10,3,4,7,5,1,8,1,15,,44,,1,21,121.5314859,25.029992
113,5,3,6,57,2,05中正區,中正區貴陽街1段與懷寧街口,0,0,1,1,C04,8,7,5,50,3,1,1,5,4,5,13,4,4,9,5,5,1,17,2,41,3,10,6,1,7,9,1,10,2,12,,4,,1,22,121.5137053,25.03872771
113,5,3,6,57,2,05中正區,中正區貴陽街1段與懷寧街口,0,0,1,2,C03,8,7,5,50,3,1,1,5,4,5,13,4,4,9,5,5,1,17,1,44,2,9,6,1,7,5,1,10,2,14,,44,,1,22,121.5137053,25.03872771
113,5,3,7,20,2,01大同區,大同區重慶北路3段186號,0,0,2,1,C03,8,6,5,50,14,9,1,5,4,5,13,4,4,1,4,5,2,12,1,65,2,9,6,4,7,10,1,10,1,14,,100,,1,22,121.5136275,25.0692752
113,5,3,7,20,2,01大同區,大同區重慶北路3段186號,0,0,2,2,B03,8,6,5,50,14,9,1,5,4,5,13,4,4,1,4,5,2,12,2,52,3,10,3,4,7,9,1,8,1,2,,13,,1,22,121.5136275,25.0692752
113,5,3,7,20,2,01大同區,大同區重慶北路3段186號,0,0,2,3,H02,8,6,5,50,14,9,1,5,4,5,13,4,4,1,4,5,2,12,2,12,2,9,6,5,7,20,8,20,10,16,,67,,1,22,121.5136275,25.0692752
113,5,3,7,44,2,12內湖區,內湖區潭美街與安美街口,0,0,2,1,C03,8,6,5,40,3,1,1,5,4,5,13,2,1,5,5,5,2,17,1,33,2,9,5,1,7,5,1,10,2,12,,80,,1,21,121.6027604,25.0610351
113,5,3,7,44,2,12內湖區,內湖區潭美街與安美街口,0,0,2,2,C03,8,6,5,40,3,1,1,5,4,5,13,2,1,5,5,5,2,17,1,42,2,9,5,1,7,9,1,9,1,11,,44,,1,21,121.6027604,25.0610351
113,5,3,7,45,2,08士林區,士林區百齡堤外停車場足球場(二)前,0,0,2,1,C03,8,5,5,30,22,9,1,5,4,5,13,4,4,10,5,5,2,10,1,56,2,8,6,1,7,9,1,10,1,11,,108,,1,21,121.5154796,25.0867752
113,5,3,7,45,2,08士林區,士林區百齡堤外停車場足球場(二)前,0,0,2,2,F01,8,5,5,30,22,9,1,5,4,5,13,4,4,10,5,5,2,10,1,52,2,8,4,1,7,9,8,20,1,11,,44,,1,21,121.5154796,25.0867752
113,5,3,8,10,2,03中山區,中山區北安路0105721燈桿旁,0,0,1,1,C03,8,6,5,50,14,9,1,5,4,5,13,4,4,1,4,5,2,17,1,37,3,10,6,1,7,8,1,10,1,12,,100,,1,21,121.5515079,25.0857939
113,5,3,8,10,2,03中山區,中山區北安路0105721燈桿旁,0,0,1,2,C03,8,6,5,50,14,9,1,5,4,5,13,4,4,1,4,5,2,17,2,42,2,9,6,1,7,9,1,9,1,11,,44,,1,21,121.5515079,25.0857939
113,5,3,8,20,2,02萬華區,萬華區艋舺大道與西藏路口,0,0,3,1,C03,8,7,5,50,4,1,1,5,4,5,13,1,1,9,5,5,2,13,1,60,2,9,5,1,7,9,1,10,1,11,,44,,1,21,121.4913828,25.0290942
113,5,3,8,20,2,02萬華區,萬華區艋舺大道與西藏路口,0,0,3,2,C03,8,7,5,50,4,1,1,5,4,5,13,1,1,9,5,5,2,13,1,70,2,9,5,1,7,12,1,10,1,13,,14,,1,21,121.4913828,25.0290942
113,5,3,8,20,2,02萬華區,萬華區艋舺大道與西藏路口,0,0,3,3,H02,8,7,5,50,4,1,1,5,4,5,13,1,1,9,5,5,2,13,2,57,2,9,5,5,7,17,8,20,10,16,,67,,1,21,121.4913828,25.0290942
113,5,3,8,20,2,04大安區,大安區基隆路3段155巷與基隆路3段口,0,0,2,1,C03,8,7,5,50,4,2,1,5,4,5,13,2,1,8,3,4,1,17,1,57,2,8,5,1,7,15,1,10,1,14,,100,,1,26,121.5425325,25.0155658
113,5,3,8,20,2,04大安區,大安區基隆路3段155巷與基隆路3段口,0,0,2,2,C03,8,7,5,50,4,2,1,5,4,5,13,2,1,8,3,4,1,17,1,61,2,8,5,1,7,9,1,10,1,12,,44,,1,21,121.5425325,25.0155658
113,5,3,8,20,2,04大安區,大安區和平東路2段122號,0,0,1,1,A06,7,6,5,50,14,9,1,5,4,5,13,4,4,1,4,5,2,12,1,58,3,10,7,1,7,9,1,2,1,2,,17,,1,21,121.5429196,25.0248376
113,5,3,8,20,2,04大安區,大安區和平東路2段122號,0,0,1,2,C03,7,6,5,50,14,9,1,5,4,5,13,4,4,1,4,5,2,12,2,44,2,9,6,1,7,10,1,11,1,14,,100,,1,21,121.5429196,25.0248376
113,5,3,8,20,2,09北投區,北投區中和街441巷與中和街口,0,0,2,1,C03,8,7,5,30,5,1,1,5,4,5,13,3,1,5,5,5,2,15,1,90,2,9,3,4,7,9,1,10,2,11,,80,,1,21,121.4977385,25.1443049
113,5,3,8,20,2,09北投區,北投區中和街441巷與中和街口,0,0,2,2,C03,8,7,5,30,5,1,1,5,4,5,13,3,1,5,5,5,2,15,2,20,2,8,3,4,7,9,1,10,2,11,,108,,1,21,121.4977385,25.1443049
113,5,3,8,38,2,03中山區,中山區新生北路3段與德惠街口,0,0,1,1,C03,8,7,5,50,4,1,1,5,4,5,13,4,4,10,5,5,2,17,2,24,2,9,5,1,7,9,1,10,1,11,,107,,1,21,121.5274714,25.06664791
113,5,3,8,38,2,03中山區,中山區新生北路3段與德惠街口,0,0,1,2,C03,8,7,5,50,4,1,1,5,4,5,13,4,4,10,5,5,2,17,2,50,3,10,5,1,7,15,1,10,1,13,,44,,1,21,121.5274714,25.06664791
113,5,3,8,46,2,03中山區,中山區龍江路與五常街口,0,0,3,1,C03,8,6,5,30,4,1,1,5,4,5,13,2,1,10,5,5,2,12,1,28,2,9,6,1,7,9,1,10,2,12,,108,,1,21,121.5409447,25.0642808
113,5,3,8,46,2,03中山區,中山區龍江路與五常街口,0,0,3,2,C03,8,6,5,30,4,1,1,5,4,5,13,2,1,10,5,5,2,12,1,70,2,8,5,1,7,9,6,18,2,14,,44,,1,21,121.5409447,25.0642808
113,5,3,8,46,2,03中山區,中山區龍江路與五常街口,0,0,3,3,H02,8,6,5,30,4,1,1,5,4,5,13,2,1,10,5,5,2,12,2,4,2,7,6,5,7,20,8,20,10,16,,67,,1,24,121.5409447,25.0642808
113,5,3,8,50,2,04大安區,大安區市民大道4段66號,0,0,2,1,B02,8,6,5,40,22,9,1,5,4,5,13,4,4,1,4,5,1,17,1,68,3,10,3,4,7,5,1,8,1,5,,72,,1,21,121.5470952,25.0449395
113,5,3,8,50,2,04大安區,大安區市民大道4段66號,0,0,2,2,C03,8,6,5,40,22,9,1,5,4,5,13,4,4,1,4,5,1,17,1,33,2,9,5,1,7,9,1,10,1,14,,13,,1,21,121.5470952,25.0449395
113,5,3,8,50,2,04大安區,大安區市民大道4段66號,0,0,2,3,C03,8,6,5,40,22,9,1,5,4,5,13,4,4,1,4,5,1,17,1,24,2,9,5,1,7,9,1,10,1,14,,13,,1,21,121.5470952,25.0449395
113,5,3,8,55,2,06松山區,松山區民權東路3段與敦化北路口,0,0,1,1,B03,8,6,5,50,14,9,1,5,4,5,13,2,1,1,3,5,2,13,1,43,3,10,7,1,7,9,1,8,2,1,,108,,1,21,121.5503018,25.0615129
113,5,3,8,55,2,06松山區,松山區民權東路3段與敦化北路口,0,0,1,2,C03,8,6,5,50,14,9,1,5,4,5,13,2,1,1,3,5,2,13,2,41,2,8,6,1,7,14,1,10,2,13,,44,,1,21,121.5503018,25.0615129
113,5,3,8,57,2,08士林區,士林區承德路5段與通河東街2段10巷口,0,0,1,1,C03,8,5,5,40,3,1,1,5,4,5,13,1,1,10,5,5,2,12,2,45,2,9,6,1,7,9,1,10,1,11,,16,,1,21,121.5155959,25.0915563
113,5,3,8,57,2,08士林區,士林區承德路5段與通河東街2段10巷口,0,0,1,2,B02,8,5,5,40,3,1,1,5,4,5,13,1,1,10,5,5,2,12,1,60,3,10,7,1,7,9,1,8,1,7,,44,,1,21,121.5155959,25.0915563
113,5,3,9,32,2,11南港區,南港區市民大道8段與興華路口口,0,0,3,1,C03,8,6,5,50,3,1,1,5,4,5,13,1,1,9,4,5,2,16,1,30,2,9,5,4,7,5,1,10,1,14,,8,,1,21,121.6063122,25.0531168
113,5,3,9,32,2,11南港區,南港區市民大道8段與興華路口口,0,0,3,2,C03,8,6,5,50,3,1,1,5,4,5,13,1,1,9,4,5,2,16,1,18,2,9,5,4,7,9,1,10,1,11,,13,,1,21,121.6063122,25.0531168
113,5,3,9,32,2,11南港區,南港區市民大道8段與興華路口口,0,0,3,3,H02,8,6,5,50,3,1,1,5,4,5,13,1,1,9,4,5,2,16,2,19,2,9,5,5,7,20,8,20,10,16,,67,,1,21,121.6063122,25.0531168
113,5,3,9,42,2,03中山區,中山區市民大道2段5巷與市民大道2段口,0,0,1,1,C03,8,7,5,40,14,9,1,5,4,5,13,4,4,9,4,5,2,17,2,25,2,9,5,1,7,9,1,10,1,11,,16,,1,21,121.5218435,25.04808419
113,5,3,9,42,2,03中山區,中山區市民大道2段5巷與市民大道2段口,0,0,1,2,B03,8,7,5,40,14,9,1,5,4,5,13,4,4,9,4,5,2,17,1,43,3,10,7,1,7,9,1,8,1,3,,44,,1,21,121.5218435,25.04808419
113,5,3,9,57,2,02萬華區,萬華區西藏路與西藏路269巷口,0,0,1,1,B01,8,6,5,50,4,1,1,5,4,5,13,2,1,1,5,5,2,16,1,64,3,10,7,1,7,5,1,4,1,6,,71,,1,26,121.4933742,25.02853478
113,5,3,9,57,2,02萬華區,萬華區西藏路與西藏路269巷口,0,0,1,2,C01,8,6,5,50,4,1,1,5,4,5,13,2,1,1,5,5,2,16,1,32,2,9,6,1,7,9,1,9,1,11,,44,,1,26,121.4933742,25.02853478
113,5,3,10,8,2,05中正區,中正區濟南路2段與金山南路1段口,0,0,1,1,B03,8,6,5,50,4,2,1,5,4,5,13,2,1,5,5,5,2,16,1,25,3,10,7,1,7,6,1,8,2,6,,9,,1,22,121.5292618,25.04083103
113,5,3,10,8,2,05中正區,中正區濟南路2段與金山南路1段口,0,0,1,2,C03,8,6,5,50,4,2,1,5,4,5,13,2,1,5,5,5,2,16,2,19,2,8,5,1,7,9,1,10,2,11,,44,,1,22,121.5292618,25.04083103
113,5,3,10,8,2,12內湖區,內湖區金龍路與內湖路3段115巷口,0,0,1,1,B03,8,7,5,50,3,1,1,5,4,5,13,1,1,5,5,5,2,17,1,64,3,10,7,1,7,5,1,8,2,5,,8,,1,21,121.5902475,25.0858512
113,5,3,10,8,2,12內湖區,內湖區金龍路與內湖路3段115巷口,0,0,1,2,C03,8,7,5,50,3,1,1,5,4,5,13,1,1,5,5,5,2,17,2,56,2,9,5,1,7,9,1,10,2,11,,44,,1,21,121.5902475,25.0858512
113,5,3,10,16,2,12內湖區,內湖區基湖路與基湖路35巷口口,0,0,1,1,C03,8,6,5,50,3,1,1,5,4,5,13,3,1,5,5,5,2,16,1,35,2,7,5,1,7,5,1,10,1,11,,72,,1,21,121.5647554,25.07996242
113,5,3,10,16,2,12內湖區,內湖區基湖路與基湖路35巷口口,0,0,1,2,C03,8,6,5,50,3,1,1,5,4,5,13,3,1,5,5,5,2,16,1,30,3,10,5,1,7,9,1,10,1,12,,42,,1,21,121.5647554,25.07996242
113,5,3,10,28,2,08士林區,士林區中正路與中正路399巷口,0,0,1,1,B03,8,6,5,50,4,1,1,5,4,5,13,4,4,1,4,5,2,16,1,58,3,10,3,4,7,5,1,8,2,6,,8,,1,21,121.5210851,25.0941714
113,5,3,10,28,2,08士林區,士林區中正路與中正路399巷口,0,0,1,2,C03,8,6,5,50,4,1,1,5,4,5,13,4,4,1,4,5,2,16,1,65,2,9,6,4,7,9,1,10,2,11,,44,,1,21,121.5210851,25.0941714
113,5,3,10,45,2,10文山區,文山區北新橋南往北0708834燈桿,0,0,1,1,C03,8,6,5,50,14,9,1,5,4,5,13,4,4,1,4,5,2,13,1,31,2,9,6,1,7,9,1,10,1,12,,16,,1,21,121.5396397,24.98909651
113,5,3,10,45,2,10文山區,文山區北新橋南往北0708834燈桿,0,0,1,2,B01,8,6,5,50,14,9,1,5,4,5,13,4,4,1,4,5,2,13,1,58,3,10,7,1,7,9,1,4,1,7,,44,,1,21,121.5396397,24.98909651
113,5,3,11,20,2,09北投區,北投區石牌路2段361號,0,0,1,1,B03,8,5,5,50,14,9,1,5,4,5,13,4,4,9,5,5,2,16,1,74,3,10,3,4,7,1,1,8,1,8,,19,,1,21,121.5255351,25.1236846
113,5,3,11,20,2,09北投區,北投區石牌路2段361號,0,0,1,2,C03,8,5,5,50,14,9,1,5,4,5,13,4,4,9,5,5,2,16,2,56,2,9,3,4,7,9,1,10,1,12,,44,,1,21,121.5255351,25.1236846