發生年度,發生月,發生日,發生時-Hours,發生分,處理別-編號,區序,肇事地點,死亡人數,2-30日死亡人數,受傷人數,當事人序號,車種,天候,道路照明設備,道路類別,速限-速度限制,道路型態,事故位置,路面狀況1,路面狀況2,路面狀況3,道路障礙1,道路障礙2,號誌1,號誌2,車道劃分-分向,車道劃分-分道1,車道劃分-分道2,車道劃分-分道3,事故類型及型態,性別,年齡,受傷程度,主要傷處,保護裝置,行動電話,車輛用途,當事者行動狀態,駕駛資格情形,駕駛執照種類,飲酒情形,車輛撞擊部位1,車輛撞擊部位2,肇因碼-個別,肇因碼-主要,個人肇逃否,職業,座標-X,座標-Y
113,5,3,11,22,2,11南港區,南港區南港路3段與南港路16段口,0,0,1,1,B12,8,6,5,50,3,1,2,5,4,5,13,4,4,10,3,5,2,12,1,43,3,10,3,4,7,9,1,8,1,4,,108,,1,22,121.5926752,25.0542968
113,5,3,11,22,2,11南港區,南港區南港路3段與南港路16段口,0,0,1,2,C03,8,6,5,50,3,1,2,5,4,5,13,4,4,10,3,5,2,12,1,52,2,6,3,4,7,15,1,10,1,13,,44,,1,21,121.5926752,25.0542968
113,5,3,11,27,2,02萬華區,萬華區富民路與富民路91巷口,0,0,1,1,C03,8,6,5,50,3,1,1,5,4,5,13,4,4,7,4,5,2,9,2,44,3,10,6,1,7,6,1,11,9,11,,14,,1,21,121.4989037,25.0186691
113,5,3,11,27,2,02萬華區,萬華區富民路與富民路91巷口,0,0,1,2,H01,8,6,5,50,3,1,1,5,4,5,13,4,4,7,4,5,2,9,2,54,2,8,4,5,8,16,8,20,10,16,,44,,1,21,121.4989037,25.0186691
113,5,3,11,31,2,04大安區,大安區仁愛路4段151巷與敦化南路1段233巷口,0,0,2,1,C03,8,5,5,30,4,1,1,5,4,5,13,4,4,10,5,5,2,15,1,46,2,8,3,4,7,9,1,10,1,11,,80,,1,21,121.5518033,25.0403625
113,5,3,11,31,2,04大安區,大安區仁愛路4段151巷與敦化南路1段233巷口,0,0,2,2,C03,8,5,5,30,4,1,1,5,4,5,13,4,4,10,5,5,2,15,1,25,2,8,3,4,7,9,1,10,1,12,,80,,1,21,121.5518033,25.0403625
113,5,3,11,50,2,12內湖區,內湖區安康路與安康路56巷口,0,0,1,1,B03,7,6,5,50,3,1,1,5,4,5,13,4,4,9,5,5,2,16,1,53,3,10,7,1,7,5,1,8,1,4,,42,,1,21,121.5971364,25.0621902
113,5,3,11,50,2,12內湖區,內湖區安康路與安康路56巷口,0,0,1,2,C03,7,6,5,50,3,1,1,5,4,5,13,4,4,9,5,5,2,16,1,36,2,9,6,1,7,9,3,18,1,12,,13,,1,21,121.5971364,25.0621902
113,5,3,11,53,2,07信義區,信義區永吉路30巷與永吉路30巷148弄口,0,0,1,1,C04,8,7,5,30,4,1,1,5,4,5,13,4,4,9,5,5,2,12,1,85,2,9,3,4,7,9,1,10,1,14,,101,,1,22,121.5687117,25.0427257
113,5,3,11,53,2,07信義區,信義區永吉路30巷與永吉路30巷148弄口,0,0,1,2,B03,8,7,5,30,4,1,1,5,4,5,13,4,4,9,5,5,2,12,1,68,3,10,3,4,7,9,1,8,1,2,,44,,1,22,121.5687117,25.0427257
113,5,3,12,2,2,11南港區,南港區東新街3號對面,0,0,1,1,B03,8,7,5,50,14,9,1,5,4,5,13,4,4,1,4,4,2,17,1,55,3,10,7,1,7,7,1,8,2,7,,100,,1,21,121.5841622,25.0491462
113,5,3,12,2,2,11南港區,南港區東新街3號對面,0,0,1,2,C03,8,7,5,50,14,9,1,5,4,5,13,4,4,1,4,4,2,17,1,50,2,8,5,1,7,9,1,10,2,12,,44,,1,21,121.5841622,25.0491462
113,5,3,12,9,2,12內湖區,內湖區舊宗路2段與舊宗路2段135巷口,0,0,2,1,B12,8,7,5,50,14,9,1,5,4,5,13,4,4,1,4,5,2,13,1,52,3,10,7,1,7,9,1,8,1,1,,16,,1,21,121.5749374,25.0695729
113,5,3,12,9,2,12內湖區,內湖區舊宗路2段與舊宗路2段135巷口,0,0,2,2,B03,8,7,5,50,14,9,1,5,4,5,13,4,4,1,4,5,2,13,1,45,2,9,7,1,7,12,1,8,1,3,,44,,1,21,121.5749374,25.0695729
113,5,3,12,9,2,12內湖區,內湖區舊宗路2段與舊宗路2段135巷口,0,0,2,3,H02,8,7,5,50,14,9,1,5,4,5,13,4,4,1,4,5,2,13,1,36,2,9,7,5,7,20,8,20,10,16,,67,,1,21,121.5749374,25.0695729
113,5,3,12,9,2,12內湖區,內湖區舊宗路2段與舊宗路2段135巷口,0,0,2,4,B03,8,7,5,50,14,9,1,5,4,5,13,4,4,1,4,5,2,13,1,55,3,10,7,1,7,6,1,4,9,17,,9,,1,21,121.5749374,25.0695729
113,5,3,12,20,2,03中山區,中山區龍江路與長春路口,0,0,2,1,C03,8,7,5,50,4,1,1,5,4,5,13,2,1,5,2,5,2,17,2,59,2,9,5,1,7,5,1,10,1,11,,16,,1,21,121.5405935,25.0546524
113,5,3,12,20,2,03中山區,中山區龍江路與長春路口,0,0,2,2,C03,8,7,5,50,4,1,1,5,4,5,13,2,1,5,2,5,2,17,1,30,2,9,5,1,7,9,1,10,1,11,,16,,1,21,121.5405935,25.0546524
113,5,3,12,47,2,06松山區,(八德路三段198巷內),0,0,1,1,B03,8,7,5,30,14,9,1,5,4,5,13,4,4,10,5,5,2,17,1,67,3,10,7,1,7,5,1,8,1,8,,80,,1,22,121.5562764,25.04782403
113,5,3,12,47,2,06松山區,(八德路三段198巷內),0,0,1,2,F03,8,7,5,30,14,9,1,5,4,5,13,4,4,10,5,5,2,17,2,45,2,7,4,1,7,9,8,20,1,12,,44,,1,22,121.5562764,25.04782403
113,5,3,12,47,2,06松山區,(八德路三段198巷內),0,0,1,3,A12,8,7,5,30,14,9,1,5,4,5,13,4,4,10,5,5,2,17,1,30,3,10,7,1,7,13,1,7,9,17,,38,,1,22,121.5562764,25.04782403
113,5,3,13,0,2,10文山區,文山區木柵路3段102巷與保儀路口,0,0,1,1,C03,8,6,5,50,4,1,1,5,4,5,13,1,1,10,5,5,2,16,2,62,2,7,6,1,7,5,1,10,2,14,,71,,1,21,121.5682929,24.9868126
113,5,3,13,0,2,10文山區,文山區木柵路3段102巷與保儀路口,0,0,1,2,C03,8,6,5,50,4,1,1,5,4,5,13,1,1,10,5,5,2,16,1,36,3,10,6,1,7,9,1,10,2,11,,44,,1,21,121.5682929,24.9868126
113,5,3,13,3,2,01大同區,大同區重慶北路2段與重慶北路2段64巷口,0,0,1,1,B13,8,5,5,30,3,2,1,5,4,5,13,2,1,1,4,5,2,3,1,46,3,10,3,4,7,6,1,8,2,1,,42,,1,21,121.5138996,25.0558893
113,5,3,13,3,2,01大同區,大同區重慶北路2段與重慶北路2段64巷口,0,0,1,2,H01,8,5,5,30,3,2,1,5,4,5,13,2,1,1,4,5,2,3,2,59,2,9,4,5,8,20,8,20,10,16,,67,,1,21,121.5138996,25.0558893
113,5,3,13,5,2,09北投區,北投區立賢路與承德路7段393巷口,0,0,1,1,G03,8,5,5,50,3,2,1,5,4,5,13,1,1,10,4,5,1,13,1,45,3,10,4,1,7,15,8,20,2,15,,108,,1,21,121.4991307,25.1121904
113,5,3,13,5,2,09北投區,北投區立賢路與承德路7段393巷口,0,0,1,2,C03,8,5,5,50,3,2,1,5,4,5,13,1,1,10,4,5,1,13,2,32,2,8,5,1,7,15,1,10,2,13,,44,,1,21,121.4991307,25.1121904
113,5,3,13,8,2,11南港區,南港區福德街與福德街373巷口口,0,0,1,1,C03,8,6,5,30,3,1,1,5,4,5,13,3,1,9,4,5,2,11,1,45,3,10,5,4,7,15,1,10,1,11,,80,,1,21,121.5906271,25.0403745
113,5,3,13,8,2,11南港區,南港區福德街與福德街373巷口口,0,0,1,2,C03,8,6,5,30,3,1,1,5,4,5,13,3,1,9,4,5,2,11,1,74,2,9,5,4,7,9,1,10,1,11,,14,,1,21,121.5906271,25.0403745
113,5,3,13,17,2,03中山區,中山區錦州街與錦州街30巷口,0,0,2,1,C03,8,7,5,50,3,18,1,5,4,5,13,4,4,5,4,5,2,3,1,39,2,1,6,4,7,9,1,10,2,11,,70,,1,21,121.5248958,25.0603375
113,5,3,13,17,2,03中山區,中山區錦州街與錦州街30巷口,0,0,2,2,H01,8,7,5,50,3,18,1,5,4,5,13,4,4,5,4,5,2,3,2,53,2,9,4,5,8,16,8,20,10,16,,67,,1,21,121.5248958,25.0603375
113,5,3,13,21,2,08士林區,士林區德行東路與德行東路93巷口,0,0,1,1,B03,8,6,5,50,4,2,1,5,4,5,13,4,4,5,5,5,1,17,1,23,3,10,7,1,7,5,1,8,2,4,,8,,1,21,121.5278845,25.1075512
113,5,3,13,21,2,08士林區,士林區德行東路與德行東路93巷口,0,0,1,2,C03,8,6,5,50,4,2,1,5,4,5,13,4,4,5,5,5,1,17,1,22,2,9,5,1,7,9,1,10,2,11,,44,,1,21,121.5278845,25.1075512
113,5,3,13,30,2,04大安區,大安區基隆路3段與辛亥路3段口,0,0,1,1,B03,8,6,5,50,4,1,1,5,4,5,13,2,1,9,3,5,2,17,2,34,3,10,7,1,7,8,1,8,1,17,,100,,1,21,121.5467685,25.0194846
113,5,3,13,30,2,04大安區,大安區基隆路3段與辛亥路3段口,0,0,1,2,C03,8,6,5,50,4,1,1,5,4,5,13,2,1,9,3,5,2,17,1,19,2,9,6,1,7,8,1,10,1,12,,100,,1,21,121.5467685,25.0194846
113,5,3,14,32,2,05中正區,中正區中山北路1段與市民大道2段口,0,0,1,1,B03,8,6,5,50,4,1,1,5,4,5,13,2,1,5,4,5,2,12,1,30,3,10,7,1,7,8,1,8,1,2,,100,,1,22,121.5208138,25.04795995
113,5,3,14,32,2,05中正區,中正區中山北路1段與市民大道2段口,0,0,1,2,C04,8,6,5,50,4,1,1,5,4,5,13,2,1,5,4,5,2,12,2,43,2,9,5,1,7,9,1,11,1,14,,44,,1,22,121.5208138,25.04795995
113,5,3,14,32,2,05中正區,中正區中山北路1段與市民大道2段口,0,0,1,3,B01,8,6,5,50,4,1,1,5,4,5,13,2,1,5,4,5,2,12,1,61,3,10,7,1,7,8,1,8,9,17,,100,,2,22,121.5208138,25.04795995
113,5,3,14,50,2,12內湖區,內湖區潭美街168號車格,0,0,1,1,C03,8,6,5,40,14,9,1,5,4,5,13,4,4,9,5,5,2,3,2,26,3,10,6,1,7,9,1,10,2,11,,107,,1,21,121.5862611,25.05645325
113,5,3,14,50,2,12內湖區,內湖區潭美街168號車格,0,0,1,2,H01,8,6,5,40,14,9,1,5,4,5,13,4,4,9,5,5,2,3,1,67,2,8,4,5,8,16,8,20,10,16,,53,,1,21,121.5862611,25.05645325
113,5,3,14,50,2,07信義區,信義區忠孝東路5段與忠孝東路5段15巷口,0,0,3,1,B03,8,7,5,50,3,1,1,5,4,5,13,4,4,9,4,5,2,17,1,34,2,8,7,1,7,9,1,8,2,1,,108,,1,21,121.565265,25.0412347
113,5,3,14,50,2,07信義區,信義區忠孝東路5段與忠孝東路5段15巷口,0,0,3,2,B01,8,7,5,50,3,1,1,5,4,5,13,4,4,9,4,5,2,17,2,41,2,3,7,1,7,14,1,8,2,3,,44,,1,21,121.565265,25.0412347
113,5,3,14,50,2,07信義區,信義區忠孝東路5段與忠孝東路5段15巷口,0,0,3,3,B03,8,7,5,50,3,1,1,5,4,5,13,4,4,9,4,5,2,17,2,31,2,3,7,1,7,14,1,8,2,7,,44,,1,21,121.565265,25.0412347
113,5,3,14,50,2,07信義區,信義區忠孝東路5段與忠孝東路5段15巷口,0,0,3,4,,8,7,5,50,3,1,1,5,4,5,13,4,4,9,4,5,2,17,3,0,,,,,,,,,10,,,67,,1,,121.565265,25.0412347
113,5,3,14,51,2,11南港區,南港區松河街386號,0,0,2,1,C03,8,6,7,40,14,9,1,5,4,5,13,4,4,8,4,5,2,13,1,25,2,7,3,4,7,9,1,10,1,11,,17,,1,22,121.5887826,25.0551002
113,5,3,14,51,2,11南港區,南港區松河街386號,0,0,2,2,C03,8,6,7,40,14,9,1,5,4,5,13,4,4,8,4,5,2,13,1,28,2,8,3,4,7,9,1,10,1,13,,16,,1,22,121.5887826,25.0551002
113,5,3,14,51,2,11南港區,南港區松河街386號,0,0,2,3,B03,8,6,7,40,14,9,1,5,4,5,13,4,4,8,4,5,2,13,1,39,3,10,3,4,7,15,1,8,1,3,,16,,1,22,121.5887826,25.0551002
113,5,3,14,56,2,08士林區,士林區中山北路5段465號前,0,0,1,1,B03,8,7,5,40,14,9,1,5,4,5,13,4,4,1,4,1,2,16,1,27,3,10,7,1,7,6,1,8,1,5,,9,,1,21,121.5276758,25.0924926
113,5,3,14,56,2,08士林區,士林區中山北路5段465號前,0,0,1,2,C03,8,7,5,40,14,9,1,5,4,5,13,4,4,1,4,1,2,16,1,22,2,9,6,1,7,9,1,10,1,14,,108,,1,21,121.5276758,25.0924926
113,5,3,14,58,2,08士林區,士林區福華路127號,0,0,1,1,C03,8,6,5,50,14,9,1,5,4,5,13,2,1,1,4,5,2,17,2,45,2,8,5,1,7,7,1,10,1,11,,108,,1,21,121.5223952,25.1022225
113,5,3,14,58,2,08士林區,士林區福華路127號,0,0,1,2,B03,8,6,5,50,14,9,1,5,4,5,13,2,1,1,4,5,2,17,1,40,3,10,7,1,7,14,1,8,1,7,,44,,1,21,121.5223952,25.1022225
113,5,3,15,10,2,08士林區,士林區延平北路5段與延平北路5段136巷口,0,0,2,1,C03,8,6,5,50,3,2,1,5,4,5,13,1,1,10,4,5,1,9,1,21,2,7,6,1,7,9,1,10,1,11,,44,,1,21,121.5103994,25.08207758
113,5,3,15,10,2,08士林區,士林區延平北路5段與延平北路5段136巷口,0,0,2,2,H01,8,6,5,50,3,2,1,5,4,5,13,1,1,10,4,5,1,9,1,52,2,9,4,5,8,18,8,20,10,16,,122,,1,21,121.5103994,25.08207758
113,5,3,15,26,2,04大安區,大安區建國南路1段與忠孝東路3段口,0,0,1,1,B03,8,5,5,40,4,1,1,5,4,5,13,2,1,1,4,5,2,17,1,58,3,10,3,4,7,6,1,8,2,5,,9,,1,21,121.5367775,25.0419317
113,5,3,15,26,2,04大安區,大安區建國南路1段與忠孝東路3段口,0,0,1,2,C03,8,5,5,40,4,1,1,5,4,5,13,2,1,1,4,5,2,17,1,31,2,8,3,4,7,9,1,10,2,14,,13,,1,21,121.5367775,25.0419317
113,5,3,15,44,2,07信義區,信義區忠孝東路5段372巷與忠孝東路5段372巷28弄口,0,0,2,2,H01,8,6,5,30,4,18,1,5,4,5,13,4,4,5,5,5,2,3,2,39,2,7,4,5,8,18,8,20,10,16,,67,,1,21,121.5740002,25.0389751
113,5,3,15,44,2,07信義區,信義區忠孝東路5段372巷與忠孝東路5段372巷28弄口,0,0,2,1,C03,8,6,5,30,4,18,1,5,4,5,13,4,4,5,5,5,2,3,1,66,2,7,6,1,7,9,1,10,2,14,,14,,1,21,121.5740002,25.0389751
113,5,3,15,53,2,01大同區,大同區鄭州路139號,0,0,1,1,,8,5,5,50,14,9,1,5,4,5,13,4,4,5,4,5,2,29,3,25,,,,,,,,,10,,,67,,1,,121.5101161,25.0505593
113,5,3,15,53,2,01大同區,大同區鄭州路139號,0,0,1,2,C03,8,5,5,50,14,9,1,5,4,5,13,4,4,5,4,5,2,29,1,20,2,8,5,4,7,9,1,10,9,12,,44,,1,21,121.5101161,25.0505593
113,5,3,16,13,2,05中正區,中正區懷寧街48號,0,0,1,1,C03,8,6,5,50,14,9,1,5,4,5,13,4,4,10,4,5,2,3,1,61,3,10,6,1,7,9,1,10,2,11,,108,,1,22,121.5141128,25.0445517
113,5,3,16,13,2,05中正區,中正區懷寧街48號,0,0,1,2,H01,8,6,5,50,14,9,1,5,4,5,13,4,4,10,4,5,2,3,2,65,2,9,4,5,8,16,8,20,10,16,,121,,1,22,121.5141128,25.0445517
113,5,3,16,23,2,02萬華區,萬華區漢中街與峨眉街口,0,0,1,1,B01,7,6,5,30,4,1,4,5,4,5,13,4,4,10,5,5,2,2,1,62,3,10,3,4,7,9,1,4,1,1,,108,,1,22,121.5072201,25.0435178
113,5,3,16,23,2,02萬華區,萬華區漢中街與峨眉街口,0,0,1,2,H01,7,6,5,30,4,1,4,5,4,5,13,4,4,10,5,5,2,2,1,85,2,9,4,5,8,16,8,20,10,16,,60,,1,22,121.5072201,25.0435178
113,5,3,16,27,2,04大安區,大安區和平東路3段212巷與嘉興街363巷口,0,0,1,1,F01,8,6,5,30,3,1,1,5,4,5,13,4,4,10,5,5,2,16,2,83,2,8,2,4,7,5,8,20,1,11,,80,,1,22,121.5542373,25.0227017
113,5,3,16,27,2,04大安區,大安區和平東路3段212巷與嘉興街363巷口,0,0,1,2,G06,8,6,5,30,3,1,1,5,4,5,13,4,4,10,5,5,2,16,2,35,3,10,2,4,7,9,8,20,2,16,,108,,1,22,121.5542373,25.0227017
113,5,3,17,8,2,01大同區,大同區蘭州街與無名巷口,0,0,1,1,C03,8,6,5,30,3,1,1,5,4,5,13,4,4,10,5,5,2,16,1,66,2,9,6,1,7,6,1,10,2,14,,44,,1,21,121.5147028,25.0628098
113,5,3,17,8,2,01大同區,大同區蘭州街與無名巷口,0,0,1,2,B03,8,6,5,30,3,1,1,5,4,5,13,4,4,10,5,5,2,16,1,60,3,10,7,1,7,9,1,1,2,2,,14,,1,21,121.5147028,25.0628098
113,5,3,17,10,2,04大安區,大安區和平東路2段與和平東路2段311巷口口,0,0,1,1,B03,8,6,5,50,3,1,1,5,4,5,13,1,1,1,3,5,1,16,1,67,3,10,7,1,7,5,1,8,1,1,,71,,1,21,121.5451087,25.0248583
113,5,3,17,10,2,04大安區,大安區和平東路2段與和平東路2段311巷口口,0,0,1,2,C03,8,6,5,50,3,1,1,5,4,5,13,1,1,1,3,5,1,16,2,44,3,10,6,1,7,9,1,10,1,17,,44,,1,21,121.5451087,25.0248583
113,5,3,17,10,2,04大安區,大安區和平東路2段與和平東路2段311巷口口,0,0,1,3,H02,8,6,5,50,3,1,1,5,4,5,13,1,1,1,3,5,1,16,2,18,2,9,6,5,7,20,8,20,10,16,,67,,1,21,121.5451087,25.0248583
113,5,3,17,14,2,04大安區,大安區敦化南路2段與和平東路3段口,0,0,1,1,B03,8,5,5,50,4,1,1,5,4,5,13,2,1,1,4,5,2,17,1,38,3,10,3,4,7,5,1,8,1,2,,71,,1,21,121.5484841,25.0246096
113,5,3,17,14,2,04大安區,大安區敦化南路2段與和平東路3段口,0,0,1,2,C03,8,5,5,50,4,1,1,5,4,5,13,2,1,1,4,5,2,17,1,31,2,9,3,4,7,9,1,10,1,11,,44,,1,21,121.5484841,25.0246096
113,5,3,17,21,2,12內湖區,內湖區成功路2段與石潭路口,0,0,1,1,C03,8,5,5,50,3,1,1,5,4,5,13,1,1,1,4,5,2,16,2,22,2,9,6,1,7,7,1,10,1,14,,100,,1,21,121.5908319,25.06360371
113,5,3,17,21,2,12內湖區,內湖區成功路2段與石潭路口,0,0,1,2,B03,8,5,5,50,3,1,1,5,4,5,13,1,1,1,4,5,2,16,1,66,3,10,7,1,7,9,1,8,1,5,,108,,1,21,121.5908319,25.06360371
113,5,3,17,28,2,02萬華區,萬華區桂林路244巷與環河南路2段130巷口,0,0,2,1,C03,7,5,5,30,4,1,1,5,4,5,13,4,4,5,5,5,2,15,1,33,2,9,6,1,7,9,1,10,1,12,,75,,1,21,121.4937849,25.0371667
113,5,3,17,28,2,02萬華區,萬華區桂林路244巷與環河南路2段130巷口,0,0,2,2,C03,7,5,5,30,4,1,1,5,4,5,13,4,4,5,5,5,2,15,1,60,2,9,6,1,7,9,1,10,1,11,,14,,1,21,121.4937849,25.0371667
113,5,3,17,30,2,04大安區,大安區忠孝東路3段與建國南路1段口往北億光大樓停車場出入口,0,0,2,1,C03,7,7,8,50,14,9,1,5,4,5,13,4,4,10,5,5,2,17,1,21,2,8,5,1,7,1,1,10,1,11,,19,,1,21,121.5374818,25.0417709
113,5,3,17,30,2,04大安區,大安區忠孝東路3段與建國南路1段口往北億光大樓停車場出入口,0,0,2,2,F01,7,7,8,50,14,9,1,5,4,5,13,4,4,10,5,5,2,17,2,30,2,8,4,1,7,9,8,20,1,11,,53,,1,21,121.5374818,25.0417709
113,5,3,17,30,2,09北投區,北投區華南巷與泉源路口,0,0,1,1,B03,8,6,5,30,3,1,1,5,4,5,13,4,4,8,3,5,2,15,1,50,3,10,7,1,7,15,1,8,1,8,,72,,1,21,121.5067381,25.14117718
113,5,3,17,30,2,09北投區,北投區華南巷與泉源路口,0,0,1,2,C03,8,6,5,30,3,1,1,5,4,5,13,4,4,8,3,5,2,15,1,49,2,7,6,1,7,9,1,10,1,11,,108,,1,21,121.5067381,25.14117718
113,5,3,17,30,2,12內湖區,內湖區民權東路6段50號前,0,0,1,1,B03,8,6,5,50,14,8,1,5,4,5,13,4,4,1,4,4,2,16,1,49,3,10,7,1,7,6,1,8,1,2,,9,,1,21,121.5832684,25.0683928
113,5,3,17,30,2,12內湖區,內湖區民權東路6段50號前,0,0,1,2,C03,8,6,5,50,14,8,1,5,4,5,13,4,4,1,4,4,2,16,2,43,2,8,5,1,7,9,1,10,1,14,,44,,1,21,121.5832684,25.0683928
113,5,3,17,32,2,08士林區,士林區中山北路7段81巷與天玉街口,0,0,1,1,B03,8,7,5,30,4,1,1,5,4,5,13,4,4,5,5,5,2,15,1,39,3,10,7,1,7,9,1,4,1,1,,14,,1,21,121.5307013,25.1217668
113,5,3,17,32,2,08士林區,士林區中山北路7段81巷與天玉街口,0,0,1,2,C03,8,7,5,30,4,1,1,5,4,5,13,4,4,5,5,5,2,15,1,36,2,9,6,1,7,9,1,9,1,12,,108,,1,21,121.5307013,25.1217668
113,5,3,17,33,2,01大同區,大同區忠孝西路2段與西寧北路口,0,0,4,1,C03,7,6,5,40,4,2,1,5,4,5,13,2,1,1,2,4,2,17,1,47,3,10,6,4,7,9,1,10,1,13,,44,,1,22,121.5073605,25.0487946
113,5,3,17,33,2,01大同區,大同區忠孝西路2段與西寧北路口,0,0,4,2,C03,7,6,5,40,4,2,1,5,4,5,13,2,1,1,2,4,2,17,1,35,3,10,6,4,7,9,1,9,1,11,,16,,1,22,121.5073605,25.0487946
113,5,3,17,33,2,01大同區,大同區忠孝西路2段與西寧北路口,0,0,4,3,C03,7,6,5,40,4,2,1,5,4,5,13,2,1,1,2,4,2,17,1,40,2,8,6,4,7,9,1,9,1,13,,44,,1,22,121.5073605,25.0487946
113,5,3,17,33,2,01大同區,大同區忠孝西路2段與西寧北路口,0,0,4,4,C03,7,6,5,40,4,2,1,5,4,5,13,2,1,1,2,4,2,17,1,34,3,10,6,4,7,9,1,10,1,11,,16,,1,22,121.5073605,25.0487946
113,5,3,17,33,2,01大同區,大同區忠孝西路2段與西寧北路口,0,0,4,5,C03,7,6,5,40,4,2,1,5,4,5,13,2,1,1,2,4,2,17,1,38,3,10,6,4,7,9,1,10,1,13,,44,,1,22,121.5073605,25.0487946
113,5,3,17,33,2,01大同區,大同區忠孝西路2段與西寧北路口,0,0,4,6,C03,7,6,5,40,4,2,1,5,4,5,13,2,1,1,2,4,2,17,2,37,3,10,6,4,7,9,1,10,1,13,,44,,1,22,121.5073605,25.0487946
113,5,3,17,33,2,01大同區,大同區忠孝西路2段與西寧北路口,0,0,4,7,C03,7,6,5,40,4,2,1,5,4,5,13,2,1,1,2,4,2,17,1,61,3,10,6,4,7,9,3,18,1,13,,44,,1,22,121.5073605,25.0487946
113,5,3,17,33,2,01大同區,大同區忠孝西路2段與西寧北路口,0,0,4,8,C03,7,6,5,40,4,2,1,5,4,5,13,2,1,1,2,4,2,17,1,20,3,10,6,4,7,9,1,10,1,11,,16,,1,22,121.5073605,25.0487946
113,5,3,17,33,2,01大同區,大同區忠孝西路2段與西寧北路口,0,0,4,9,C03,7,6,5,40,4,2,1,5,4,5,13,2,1,1,2,4,2,17,2,38,2,9,6,4,7,9,1,10,1,11,,16,,1,22,121.5073605,25.0487946
113,5,3,17,33,2,01大同區,大同區忠孝西路2段與西寧北路口,0,0,4,10,C03,7,6,5,40,4,2,1,5,4,5,13,2,1,1,2,4,2,17,1,42,2,8,6,4,7,9,1,10,1,13,,13,,1,22,121.5073605,25.0487946
113,5,3,17,33,2,01大同區,大同區忠孝西路2段與西寧北路口,0,0,4,11,C03,7,6,5,40,4,2,1,5,4,5,13,2,1,1,2,4,2,17,1,19,3,10,6,4,7,9,1,10,1,13,,44,,1,22,121.5073605,25.0487946
113,5,3,17,33,2,01大同區,大同區忠孝西路2段與西寧北路口,0,0,4,12,C03,7,6,5,40,4,2,1,5,4,5,13,2,1,1,2,4,2,17,2,30,2,9,6,4,7,9,1,10,1,11,,16,,1,22,121.5073605,25.0487946
113,5,3,17,33,2,01大同區,大同區忠孝西路2段與西寧北路口,0,0,4,13,C03,7,6,5,40,4,2,1,5,4,5,13,2,1,1,2,4,2,17,1,43,3,10,6,4,7,9,1,10,11,17,,44,,1,22,121.5073605,25.0487946
113,5,3,17,47,2,04大安區,大安區辛亥路1段與羅斯福路3段口,0,0,1,1,B03,8,6,5,50,4,1,1,5,4,5,13,2,1,1,4,5,2,17,2,40,3,10,7,1,7,6,1,8,2,2,,44,,1,21,121.5291503,25.01996872
113,5,3,17,47,2,04大安區,大安區辛亥路1段與羅斯福路3段口,0,0,1,2,C03,8,6,5,50,4,1,1,5,4,5,13,2,1,1,4,5,2,17,1,41,2,9,5,1,7,9,1,10,2,11,,44,,1,21,121.5291503,25.01996872
113,5,3,17,56,2,03中山區,中山區松江路185號,0,0,1,1,C03,8,5,5,50,14,9,1,5,4,5,13,4,4,1,4,5,2,12,2,23,2,9,6,1,7,7,1,10,1,14,,100,,1,21,121.5329427,25.055121
113,5,3,17,56,2,03中山區,中山區松江路185號,0,0,1,2,B01,8,5,5,50,14,9,1,5,4,5,13,4,4,1,4,5,2,12,1,26,3,10,7,1,7,9,1,4,1,5,,44,,1,21,121.5329427,25.055121
113,5,3,17,56,2,03中山區,中山區松江路185號,0,0,1,3,C03,8,5,5,50,14,9,1,5,4,5,13,4,4,1,4,5,2,12,1,33,3,10,3,4,7,13,1,10,9,11,,44,,1,21,121.5329427,25.055121
113,5,3,17,56,2,03中山區,中山區松江路185號,0,0,1,4,C03,8,5,5,50,14,9,1,5,4,5,13,4,4,1,4,5,2,12,2,40,3,10,3,4,7,13,1,10,9,11,,44,,1,21,121.5329427,25.055121
113,5,3,17,56,2,03中山區,中山區松江路185號,0,0,1,5,C03,8,5,5,50,14,9,1,5,4,5,13,4,4,1,4,5,2,12,2,57,3,10,6,1,7,14,1,8,9,17,,38,,1,21,121.5329427,25.055121
113,5,3,18,1,2,03中山區,中山區建國北路2段與興安街口,0,0,1,1,B01,7,5,5,50,3,1,1,5,4,5,13,1,1,1,4,5,2,16,1,68,3,10,3,4,7,5,1,4,1,1,,8,,1,21,121.5366547,25.0562212
113,5,3,18,1,2,03中山區,中山區建國北路2段與興安街口,0,0,1,2,F01,7,5,5,50,3,1,1,5,4,5,13,1,1,1,4,5,2,16,2,64,2,8,3,4,7,9,8,20,1,14,,44,,1,21,121.5366547,25.0562212
113,5,3,18,18,2,12內湖區,內湖區成功路3段174巷19號,0,0,1,1,C04,8,5,5,50,14,9,1,5,4,5,13,4,4,9,5,5,2,13,2,18,3,10,5,1,7,9,1,10,1,11,,16,,1,21,121.5905606,25.08129496
113,5,3,18,18,2,12內湖區,內湖區成功路3段174巷19號,0,0,1,2,C03,8,5,5,50,14,9,1,5,4,5,13,4,4,9,5,5,2,13,1,54,3,10,5,1,7,11,1,10,1,13,,44,,1,21,121.5905606,25.08129496
113,5,3,18,18,2,12內湖區,內湖區成功路3段174巷19號,0,0,1,3,H02,8,5,5,50,14,9,1,5,4,5,13,4,4,9,5,5,2,13,2,56,2,9,5,5,7,20,8,20,10,16,,67,,1,21,121.5905606,25.08129496
113,5,3,18,20,2,03中山區,中山區南京西路與長安西路19巷2弄口,0,0,2,1,C03,8,5,5,40,4,1,1,5,4,5,13,1,1,1,4,4,2,13,1,32,2,5,5,1,7,9,1,10,1,14,,98,,1,22,121.5204779,25.05257713