發生年度,發生月,發生日,發生時-Hours,發生分,處理別-編號,區序,肇事地點,死亡人數,2-30日死亡人數,受傷人數,當事人序號,車種,天候,道路照明設備,道路類別,速限-速度限制,道路型態,事故位置,路面狀況1,路面狀況2,路面狀況3,道路障礙1,道路障礙2,號誌1,號誌2,車道劃分-分向,車道劃分-分道1,車道劃分-分道2,車道劃分-分道3,事故類型及型態,性別,年齡,受傷程度,主要傷處,保護裝置,行動電話,車輛用途,當事者行動狀態,駕駛資格情形,駕駛執照種類,飲酒情形,車輛撞擊部位1,車輛撞擊部位2,肇因碼-個別,肇因碼-主要,個人肇逃否,職業,座標-X,座標-Y
113,5,3,18,20,2,03中山區,中山區南京西路與長安西路19巷2弄口,0,0,2,2,B03,8,5,5,40,4,1,1,5,4,5,13,1,1,1,4,4,2,13,1,54,3,10,3,4,7,9,1,6,1,5,,81,,1,22,121.5204779,25.05257713
113,5,3,18,20,2,03中山區,中山區南京西路與長安西路19巷2弄口,0,0,2,3,H02,8,5,5,40,4,1,1,5,4,5,13,1,1,1,4,4,2,13,2,25,2,9,5,5,7,17,8,20,10,16,,67,,1,22,121.5204779,25.05257713
113,5,3,18,20,2,05中正區,中正區中山南路與常德街口,0,0,2,1,C03,8,5,5,50,3,1,1,5,4,5,13,1,1,1,4,1,2,17,1,20,3,10,6,1,7,9,1,10,1,11,,16,,1,21,121.518057,25.04076054
113,5,3,18,20,2,05中正區,中正區中山南路與常德街口,0,0,2,2,C03,8,5,5,50,3,1,1,5,4,5,13,1,1,1,4,1,2,17,2,30,2,7,6,1,7,14,1,10,1,13,,44,,1,21,121.518057,25.04076054
113,5,3,18,20,2,05中正區,中正區中山南路與常德街口,0,0,2,3,C03,8,5,5,50,3,1,1,5,4,5,13,1,1,1,4,1,2,17,1,39,2,9,6,1,7,14,1,10,1,13,,44,,1,21,121.518057,25.04076054
113,5,3,18,22,2,07信義區,信義區忠孝東路4段559巷6號,0,0,2,1,C03,8,7,5,30,14,9,1,5,4,5,13,4,4,10,5,5,2,16,2,28,2,5,6,1,7,11,6,18,1,12,,11,,1,21,121.5636605,25.04183455
113,5,3,18,22,2,07信義區,信義區忠孝東路4段559巷6號,0,0,2,2,C03,8,7,5,30,14,9,1,5,4,5,13,4,4,10,5,5,2,16,1,40,2,8,6,1,7,9,1,10,1,14,,5,,1,21,121.5636605,25.04183455
113,5,3,18,36,2,02萬華區,萬華區環河南路2段與和平西路3段口,0,0,1,1,B12,8,5,5,50,5,18,1,5,4,5,13,2,1,1,4,5,2,3,1,40,3,10,7,1,7,6,1,8,1,1,,70,,1,21,121.4939268,25.03541263
113,5,3,18,36,2,02萬華區,萬華區環河南路2段與和平西路3段口,0,0,1,2,H01,8,5,5,50,5,18,1,5,4,5,13,2,1,1,4,5,2,3,2,82,2,9,4,5,8,16,8,20,10,16,,67,,1,21,121.4939268,25.03541263
113,5,3,18,50,2,03中山區,中山區北安路與北安路554巷口口,0,0,1,1,C03,7,5,5,50,14,9,1,5,4,5,13,2,1,3,4,5,2,17,2,29,3,10,6,1,7,6,1,10,9,17,,44,,1,22,121.5482034,25.0804415
113,5,3,18,50,2,03中山區,中山區北安路與北安路554巷口口,0,0,1,2,A02,7,5,5,50,14,9,1,5,4,5,13,2,1,3,4,5,2,17,1,52,3,10,7,1,7,1,1,2,9,17,,19,,1,22,121.5482034,25.0804415
113,5,3,18,50,2,03中山區,中山區北安路與北安路554巷口口,0,0,1,3,H02,7,5,5,50,14,9,1,5,4,5,13,2,1,3,4,5,2,17,2,53,2,9,4,5,7,17,8,20,10,17,,67,,1,22,121.5482034,25.0804415
113,5,3,19,1,2,11南港區,南港區玉成街13號,0,0,1,1,B01,7,5,5,30,14,9,1,5,4,5,13,1,1,5,5,5,2,9,2,60,3,10,3,4,7,14,1,4,1,2,,40,,1,21,121.5816836,25.0508268
113,5,3,19,1,2,11南港區,南港區玉成街13號,0,0,1,2,H02,7,5,5,30,14,9,1,5,4,5,13,1,1,5,5,5,2,9,1,39,3,10,3,5,7,21,8,20,10,16,,126,,1,21,121.5816836,25.0508268
113,5,3,19,1,2,11南港區,南港區玉成街13號,0,0,1,3,C03,7,5,5,30,14,9,1,5,4,5,13,1,1,5,5,5,2,9,2,50,2,9,3,4,7,9,1,10,1,14,,44,,1,21,121.5816836,25.0508268
113,5,3,19,8,2,03中山區,中山區長春路與新生北路2段口,0,0,1,1,B03,8,5,5,50,4,1,1,5,4,5,13,1,1,5,4,5,2,13,1,57,3,10,3,4,7,9,1,6,1,8,,16,,1,22,121.5272677,25.0549228
113,5,3,19,8,2,03中山區,中山區長春路與新生北路2段口,0,0,1,2,C03,8,5,5,50,4,1,1,5,4,5,13,1,1,5,4,5,2,13,1,31,2,9,6,1,7,14,1,10,1,13,,44,,1,22,121.5272677,25.0549228
113,5,3,19,23,2,05中正區,中正區中華路1段與中華路1段81巷口,0,0,1,1,B01,8,5,5,50,3,1,1,5,4,5,13,4,4,1,3,1,2,16,1,38,3,10,7,1,7,6,1,4,2,5,,9,,1,26,121.5076156,25.0385912
113,5,3,19,23,2,05中正區,中正區中華路1段與中華路1段81巷口,0,0,1,2,C03,8,5,5,50,3,1,1,5,4,5,13,4,4,1,3,1,2,16,1,39,2,4,5,1,7,9,1,10,2,11,,107,,1,26,121.5076156,25.0385912
113,5,3,19,43,2,04大安區,大安區敦化南路1段158號,0,0,1,1,B03,8,6,5,50,14,9,1,5,4,5,13,4,4,1,4,5,2,17,1,74,3,10,7,1,7,10,1,8,1,15,,100,,1,21,121.5486357,25.04404057
113,5,3,19,43,2,04大安區,大安區敦化南路1段158號,0,0,1,2,C03,8,6,5,50,14,9,1,5,4,5,13,4,4,1,4,5,2,17,2,33,2,9,6,1,7,9,1,10,1,15,,44,,1,21,121.5486357,25.04404057
113,5,3,19,45,2,01大同區,大同區鄭州路145號,0,0,1,1,C03,7,5,5,40,14,9,1,5,4,5,13,4,4,1,4,5,2,13,2,32,2,9,5,4,7,9,1,10,9,11,,16,,2,21,121.5094699,25.0504481
113,5,3,19,45,2,01大同區,大同區鄭州路145號,0,0,1,2,C03,7,5,5,40,14,9,1,5,4,5,13,4,4,1,4,5,2,13,2,24,3,10,5,4,7,9,1,10,1,11,,16,,1,21,121.5094699,25.0504481
113,5,3,19,45,2,01大同區,大同區鄭州路145號,0,0,1,3,C03,7,5,5,40,14,9,1,5,4,5,13,4,4,1,4,5,2,13,1,19,3,10,5,4,7,9,1,10,1,13,,44,,1,21,121.5094699,25.0504481
113,5,3,20,10,2,03中山區,中山區北安路536號,0,0,1,1,B03,8,5,5,50,11,9,1,5,4,5,13,1,1,1,4,1,2,12,1,20,3,10,3,4,7,9,1,8,1,4,,44,,1,22,121.5474484,25.07985264
113,5,3,20,10,2,03中山區,中山區北安路536號,0,0,1,2,C03,8,5,5,50,11,9,1,5,4,5,13,1,1,1,4,1,2,12,1,20,2,9,6,4,7,9,1,10,1,12,,44,,1,22,121.5474484,25.07985264
113,5,3,20,47,2,05中正區,中正區詔安街38巷與水源路口,0,0,1,1,B03,8,5,5,30,3,2,1,5,4,5,13,4,4,10,4,5,2,3,4,0,,,,,,,,,,,,119,,2,,121.5147003,25.02412573
113,5,3,20,47,2,05中正區,中正區詔安街38巷與水源路口,0,0,1,2,H01,8,5,5,30,3,2,1,5,4,5,13,4,4,10,4,5,2,3,2,40,2,8,4,5,8,16,8,20,10,16,,67,,1,22,121.5147003,25.02412573
113,5,3,21,15,2,04大安區,大安區基隆路2段與和平東路3段口,0,0,1,1,C04,8,5,5,50,5,1,1,5,4,5,13,2,1,1,4,5,1,17,2,32,3,10,6,1,7,6,1,10,1,12,,71,,1,21,121.552799,25.0246986
113,5,3,21,15,2,04大安區,大安區基隆路2段與和平東路3段口,0,0,1,2,C03,8,5,5,50,5,1,1,5,4,5,13,2,1,1,4,5,1,17,1,38,2,9,6,1,7,9,1,10,1,11,,44,,1,21,121.552799,25.0246986
113,5,3,21,19,2,03中山區,中山區樂群三路與敬業四路口,0,0,1,1,B03,8,5,5,50,14,9,1,5,4,5,13,1,1,8,4,5,2,13,2,60,3,10,7,1,7,5,1,8,1,3,,83,,1,22,121.5585565,25.0828155
113,5,3,21,19,2,03中山區,中山區樂群三路與敬業四路口,0,0,1,2,C03,8,5,5,50,14,9,1,5,4,5,13,1,1,8,4,5,2,13,1,32,2,8,5,1,7,9,1,10,1,11,,108,,1,22,121.5585565,25.0828155
113,5,3,21,40,2,07信義區,信義區忠孝東路5段197號,0,0,2,1,C04,7,5,5,50,14,9,1,5,4,5,13,4,4,1,4,5,2,18,2,22,2,8,5,1,7,9,1,10,1,14,,118,,1,21,121.5695677,25.0411135
113,5,3,21,40,2,07信義區,信義區忠孝東路5段197號,0,0,2,2,,7,5,5,50,14,9,1,5,4,5,13,4,4,1,4,5,2,18,3,,,,,,,,,,,,,67,,1,,121.5695677,25.0411135
113,5,3,21,40,2,07信義區,信義區忠孝東路5段197號,0,0,2,3,H02,7,5,5,50,14,9,1,5,4,5,13,4,4,1,4,5,2,18,1,21,2,8,6,5,7,21,8,20,10,16,,67,,1,21,121.5695677,25.0411135
113,5,3,22,16,2,03中山區,中山區吉林路161巷與吉林路口,0,0,2,1,C03,8,5,5,50,4,1,1,5,4,5,13,1,1,5,4,4,2,16,1,72,2,8,5,1,7,5,3,18,1,12,,8,,1,22,121.5204748,25.0525802
113,5,3,22,16,2,03中山區,中山區吉林路161巷與吉林路口,0,0,2,2,C03,8,5,5,50,4,1,1,5,4,5,13,1,1,5,4,4,2,16,2,54,2,1,5,1,7,9,1,10,1,11,,108,,1,22,121.5204748,25.0525802
113,5,4,0,12,2,03中山區,中山區松江路585號,0,0,1,2,B12,8,5,5,50,14,9,1,5,4,5,13,4,4,8,3,5,1,17,1,36,3,10,7,1,7,9,1,8,9,17,,30,,1,21,121.533497,25.06994995
113,5,4,0,12,2,03中山區,中山區松江路585號,0,0,1,1,C04,8,5,5,50,14,9,1,5,4,5,13,4,4,8,3,5,1,17,1,38,2,9,6,1,7,9,1,10,1,11,,108,,1,21,121.533497,25.06994995
113,5,4,2,0,2,09北投區,北投區大度路與承德路口側附近7段401巷620弄口,0,0,2,2,C03,8,5,5,50,5,2,1,5,4,5,13,2,1,1,3,4,1,17,1,33,2,9,6,1,7,14,1,10,1,13,,44,,1,22,121.4857377,25.1218298
113,5,4,2,0,2,09北投區,北投區大度路與承德路口側附近7段401巷620弄口,0,0,2,1,C03,8,5,5,50,5,2,1,5,4,5,13,2,1,1,3,4,1,17,1,69,2,9,6,1,7,9,1,10,1,11,,108,,1,22,121.4857377,25.1218298
113,5,4,3,57,2,08士林區,士林區凱旋路61巷4弄019號電燈桿,0,0,4,5,H02,8,5,5,30,11,9,1,5,4,5,13,4,4,10,5,5,2,20,2,20,2,7,2,5,7,20,8,20,10,16,,67,,1,21,121.5381181,25.1337714
113,5,4,3,57,2,08士林區,士林區凱旋路61巷4弄019號電燈桿,0,0,4,2,,8,5,5,30,11,9,1,5,4,5,13,4,4,10,5,5,2,20,3,0,,,,,,,,,,,,67,,1,,121.5381181,25.1337714
113,5,4,3,57,2,08士林區,士林區凱旋路61巷4弄019號電燈桿,0,0,4,1,B02,8,5,5,30,11,9,1,5,4,5,13,4,4,10,5,5,2,20,1,20,2,8,7,1,7,9,1,8,1,1,,13,,1,21,121.5381181,25.1337714
113,5,4,3,57,2,08士林區,士林區凱旋路61巷4弄019號電燈桿,0,0,4,3,H02,8,5,5,30,11,9,1,5,4,5,13,4,4,10,5,5,2,20,2,17,2,9,7,5,7,20,8,20,10,16,,67,,1,21,121.5381181,25.1337714
113,5,4,3,57,2,08士林區,士林區凱旋路61巷4弄019號電燈桿,0,0,4,4,H02,8,5,5,30,11,9,1,5,4,5,13,4,4,10,5,5,2,20,1,22,2,1,2,5,7,20,8,20,10,16,,67,,1,21,121.5381181,25.1337714
113,5,4,6,0,2,01大同區,大同區環河北路2段37號,0,0,1,1,C03,8,5,5,50,14,9,2,5,4,5,13,4,4,9,5,5,1,16,1,22,2,9,3,4,7,9,1,10,1,12,,108,,1,21,121.5088665,25.0644778
113,5,4,6,0,2,01大同區,大同區環河北路2段37號,0,0,1,2,B03,8,5,5,50,14,9,2,5,4,5,13,4,4,9,5,5,1,16,1,60,3,10,3,4,7,15,1,8,11,4,,44,,1,21,121.5088665,25.0644778
113,5,4,7,32,2,02萬華區,萬華區忠孝西路2段與西寧南路口,0,0,3,1,C03,8,7,5,50,4,2,1,5,4,5,13,2,1,9,5,5,2,13,1,27,2,9,5,1,7,12,1,10,2,11,,108,,1,23,121.5073873,25.0485607
113,5,4,7,32,2,02萬華區,萬華區忠孝西路2段與西寧南路口,0,0,3,2,C03,8,7,5,50,4,2,1,5,4,5,13,2,1,9,5,5,2,13,2,53,2,9,5,1,7,12,1,10,2,13,,44,,1,21,121.5073873,25.0485607
113,5,4,7,32,2,02萬華區,萬華區忠孝西路2段與西寧南路口,0,0,3,3,H02,8,7,5,50,4,2,1,5,4,5,13,2,1,9,5,5,2,13,2,29,2,9,5,5,7,17,8,20,10,16,,67,,1,23,121.5073873,25.0485607
113,5,4,7,42,2,06松山區,松山區民權東路3段160巷與民權東路3段106巷3弄口,0,0,1,1,B01,8,7,5,30,4,1,1,5,4,5,13,4,4,10,5,5,2,15,1,66,3,10,7,1,7,9,1,4,1,1,,72,,1,22,121.5479234,25.06141489
113,5,4,7,42,2,06松山區,松山區民權東路3段160巷與民權東路3段106巷3弄口,0,0,1,2,C03,8,7,5,30,4,1,1,5,4,5,13,4,4,10,5,5,2,15,2,27,2,9,6,1,7,9,1,10,1,14,,14,,1,22,121.5479234,25.06141489
113,5,4,8,34,2,01大同區,大同區承德路2段與承德路2段91巷口,0,0,2,1,B03,8,5,5,30,3,2,1,5,4,5,13,4,4,10,5,5,2,17,1,65,3,10,3,4,7,6,1,8,2,1,,80,,1,21,121.5183491,25.0562576
113,5,4,8,34,2,01大同區,大同區承德路2段與承德路2段91巷口,0,0,2,2,F02,8,5,5,30,3,2,1,5,4,5,13,4,4,10,5,5,2,17,2,41,2,8,3,4,7,9,8,20,2,14,,42,,1,21,121.5183491,25.0562576
113,5,4,8,34,2,01大同區,大同區承德路2段與承德路2段91巷口,0,0,2,3,H02,8,5,5,30,3,2,1,5,4,5,13,4,4,10,5,5,2,17,2,6,2,9,3,5,7,21,8,20,10,16,,67,,1,21,121.5183491,25.0562576
113,5,4,8,57,2,08士林區,士林區中山北路7段與中山北路7段154巷口,0,0,2,1,B01,8,6,5,50,18,9,1,5,4,5,13,4,4,10,4,5,2,17,1,60,3,10,3,4,7,7,1,4,2,8,,80,,1,21,121.5328318,25.1245991
113,5,4,8,57,2,08士林區,士林區中山北路7段與中山北路7段154巷口,0,0,2,2,C03,8,6,5,50,18,9,1,5,4,5,13,4,4,10,4,5,2,17,1,77,2,9,6,1,7,9,1,10,1,13,,44,,1,21,121.5328318,25.1245991
113,5,4,8,57,2,08士林區,士林區中山北路7段與中山北路7段154巷口,0,0,2,3,H02,8,6,5,50,18,9,1,5,4,5,13,4,4,10,4,5,2,17,1,9,2,9,6,5,7,20,8,20,10,16,,67,,1,21,121.5328318,25.1245991
113,5,4,9,40,2,06松山區,松山區光復北路6號,0,0,1,1,F01,8,6,5,0,14,20,4,5,4,5,13,4,4,10,5,5,2,18,2,55,2,9,4,1,7,9,8,20,9,12,,42,,1,22,121.5576874,25.0484899
113,5,4,9,40,2,06松山區,松山區光復北路6號,0,0,1,2,,8,6,5,0,14,20,4,5,4,5,13,4,4,10,5,5,2,18,3,0,,,,,,,,,,,,67,,1,,121.5576874,25.0484899
113,5,4,10,7,2,12內湖區,內湖區環山路3段與內湖路2段103巷口,0,0,2,1,C03,8,6,5,50,3,1,1,5,4,5,13,4,4,8,3,5,1,16,2,66,2,9,5,1,7,5,1,10,2,13,,8,,1,21,121.5809247,25.08471172
113,5,4,10,7,2,12內湖區,內湖區環山路3段與內湖路2段103巷口,0,0,2,2,C03,8,6,5,50,3,1,1,5,4,5,13,4,4,8,3,5,1,16,1,57,2,9,5,1,7,9,1,10,2,11,,44,,1,21,121.5809247,25.08471172
113,5,4,10,10,2,10文山區,文山區道南橋西往東,0,0,1,1,C03,8,5,5,50,14,9,1,5,4,5,13,4,4,5,5,5,1,13,2,39,3,10,5,1,7,9,1,10,1,11,,17,,1,21,121.5726633,24.98799207
113,5,4,10,10,2,10文山區,文山區道南橋西往東,0,0,1,2,F01,8,5,5,50,14,9,1,5,4,5,13,4,4,5,5,5,1,13,2,63,2,6,4,1,7,9,8,20,1,13,,44,,1,21,121.5726633,24.98799207
113,5,4,10,19,2,04大安區,大安區市民大道4段68巷與市民大道4段口,0,0,2,1,B12,8,6,5,40,3,1,1,5,4,5,13,4,4,10,5,5,2,17,4,54,,,,,,,,,11,,,119,,2,,121.5472249,25.0449266
113,5,4,10,19,2,04大安區,大安區市民大道4段68巷與市民大道4段口,0,0,2,2,C03,8,6,5,40,3,1,1,5,4,5,13,4,4,10,5,5,2,17,1,20,2,9,3,4,7,9,1,10,1,12,,108,,1,22,121.5472249,25.0449266
113,5,4,10,19,2,04大安區,大安區市民大道4段68巷與市民大道4段口,0,0,2,3,H02,8,6,5,40,3,1,1,5,4,5,13,4,4,10,5,5,2,17,1,18,2,9,3,5,7,20,8,20,10,16,,67,,1,22,121.5472249,25.0449266
113,5,4,10,30,2,07信義區,信義區市民大道6段250號,0,0,1,2,,8,7,5,50,14,9,1,5,4,5,13,4,4,1,4,5,2,18,3,0,,,,,,,,,,,,67,,1,,121.5775228,25.0489155
113,5,4,10,30,2,07信義區,信義區市民大道6段250號,0,0,1,1,C03,8,7,5,50,14,9,1,5,4,5,13,4,4,1,4,5,2,18,1,68,2,9,3,4,7,9,1,10,1,14,,44,,1,22,121.5775228,25.0489155
113,5,4,10,34,2,10文山區,文山區木柵路1段244號,0,0,1,1,A02,8,6,5,50,14,9,2,5,4,5,13,2,1,5,4,5,2,17,1,23,3,10,3,4,7,15,1,2,2,1,,16,,1,21,121.5539985,24.98805291
113,5,4,10,34,2,10文山區,文山區木柵路1段244號,0,0,1,2,F01,8,6,5,50,14,9,2,5,4,5,13,2,1,5,4,5,2,17,1,57,2,9,4,4,7,9,8,20,2,13,,44,,1,21,121.5539985,24.98805291
113,5,4,11,2,2,12內湖區,內湖區堤外便道與堤外便道口與基11之1號水門口,0,0,1,1,F01,8,6,5,50,3,2,1,5,4,5,13,3,1,5,5,5,2,17,1,29,3,10,2,1,7,9,8,20,2,11,,84,,1,21,121.6138499,25.06537042
113,5,4,11,2,2,12內湖區,內湖區堤外便道與堤外便道口與基11之1號水門口,0,0,1,2,C03,8,6,5,50,3,2,1,5,4,5,13,3,1,5,5,5,2,17,1,20,2,9,6,1,7,9,3,18,3,14,,42,,1,21,121.6138499,25.06537042
113,5,4,11,13,2,07信義區,信義區福德街268巷與福德街268巷30弄口,0,0,1,1,F01,8,6,5,30,4,2,1,5,4,5,13,4,4,9,2,5,2,15,2,70,2,9,2,1,7,9,8,20,1,13,,72,,1,21,121.5856183,25.0401278
113,5,4,11,13,2,07信義區,信義區福德街268巷與福德街268巷30弄口,0,0,1,2,F03,8,6,5,30,4,2,1,5,4,5,13,4,4,9,2,5,2,15,1,14,3,10,2,1,7,9,8,20,1,11,,44,,1,21,121.5856183,25.0401278
113,5,4,11,25,2,07信義區,信義區松壽路與松智路口口,0,0,1,1,A02,8,7,5,50,4,2,1,5,4,5,13,4,4,5,4,5,2,9,1,59,3,10,7,1,7,1,1,2,1,17,,19,,1,21,121.5651717,25.0358056
113,5,4,11,25,2,07信義區,信義區松壽路與松智路口口,0,0,1,2,H02,8,7,5,50,4,2,1,5,4,5,13,4,4,5,4,5,2,9,2,44,2,7,3,5,7,19,8,20,10,17,,67,,1,21,121.5651717,25.0358056
113,5,4,12,18,2,05中正區,中正區中山南路7號與中山南路口近常德街,0,0,1,1,C04,8,6,5,50,14,9,1,5,4,5,13,4,4,1,4,5,2,18,2,28,2,9,6,1,7,15,1,8,2,12,,44,,1,21,121.5184223,25.0411232
113,5,4,12,18,2,05中正區,中正區中山南路7號與中山南路口近常德街,0,0,1,2,,8,6,5,50,14,9,1,5,4,5,13,4,4,1,4,5,2,18,3,0,,,,,,,,,,,,67,,1,,121.5184223,25.0411232
113,5,4,12,18,2,05中正區,中正區中山南路7號與中山南路口近常德街,0,0,1,3,C03,8,6,5,50,14,9,1,5,4,5,13,4,4,1,4,5,2,18,2,37,3,10,6,1,7,15,1,10,9,15,,100,,1,21,121.5184223,25.0411232
113,5,4,12,24,2,01大同區,大同區民權西路與延平北路2段口口,0,0,1,1,C03,8,6,5,50,4,2,1,5,4,5,13,2,1,1,5,5,2,13,1,49,3,10,6,1,7,9,1,10,1,11,,108,,1,21,121.51142,25.0628444
113,5,4,12,24,2,01大同區,大同區民權西路與延平北路2段口口,0,0,1,2,C03,8,6,5,50,4,2,1,5,4,5,13,2,1,1,5,5,2,13,2,77,2,9,2,1,7,7,1,10,1,13,,100,,1,21,121.51142,25.0628444
113,5,4,12,25,2,04大安區,大安區忠孝東路3段與忠孝東路3段217巷口,0,0,2,1,B03,8,6,5,50,3,2,1,5,4,5,13,1,1,1,2,1,2,13,1,38,2,9,3,4,7,9,1,8,2,5,,108,,1,21,121.5394103,25.0416688
113,5,4,12,25,2,04大安區,大安區忠孝東路3段與忠孝東路3段217巷口,0,0,2,2,B03,8,6,5,50,3,2,1,5,4,5,13,1,1,1,2,1,2,13,1,69,3,10,3,4,7,14,1,8,2,6,,44,,1,21,121.5394103,25.0416688
113,5,4,12,25,2,04大安區,大安區忠孝東路3段與忠孝東路3段217巷口,0,0,2,3,B03,8,6,5,50,3,2,1,5,4,5,13,1,1,1,2,1,2,13,1,53,3,10,3,4,7,14,1,8,2,3,,44,,1,21,121.5394103,25.0416688
113,5,4,12,25,2,04大安區,大安區忠孝東路3段與忠孝東路3段217巷口,0,0,2,4,H02,8,6,5,50,3,2,1,5,4,5,13,1,1,1,2,1,2,13,2,65,2,9,3,5,7,20,8,20,10,17,,67,,1,21,121.5394103,25.0416688
113,5,4,12,37,2,01大同區,大同區鄭州路與環河北路1段口,0,0,2,1,C03,8,6,5,40,4,1,1,5,4,5,13,2,1,1,4,5,2,17,1,46,2,9,5,4,7,5,1,10,1,13,,86,,1,22,121.5066915,25.0506175
113,5,4,12,37,2,01大同區,大同區鄭州路與環河北路1段口,0,0,2,2,B03,8,6,5,40,4,1,1,5,4,5,13,2,1,1,4,5,2,17,1,29,3,10,3,4,7,6,1,8,1,1,,108,,1,22,121.5066915,25.0506175
113,5,4,12,37,2,01大同區,大同區鄭州路與環河北路1段口,0,0,2,3,H02,8,6,5,40,4,1,1,5,4,5,13,2,1,1,4,5,2,17,2,49,2,9,5,5,7,20,8,20,10,16,,67,,1,22,121.5066915,25.0506175
113,5,4,12,43,2,05中正區,中正區新生南路1段與新生南路1段170巷口,0,0,1,1,B12,8,7,5,50,3,1,1,5,4,5,13,4,4,4,4,4,2,17,1,61,3,10,7,1,7,6,1,3,2,5,,74,,1,21,121.5325309,25.03421419
113,5,4,12,43,2,05中正區,中正區新生南路1段與新生南路1段170巷口,0,0,1,2,C03,8,7,5,50,3,1,1,5,4,5,13,4,4,4,4,4,2,17,2,28,2,9,6,1,7,15,1,10,2,14,,108,,1,21,121.5325309,25.03421419
113,5,4,12,50,2,10文山區,文山區羅斯福路5段與興隆路1段口,0,0,1,1,C03,8,6,5,50,4,1,1,5,4,5,13,2,1,1,4,5,2,13,1,26,2,9,6,1,7,9,1,10,1,11,,16,,1,21,121.5387976,25.0042079
113,5,4,12,50,2,10文山區,文山區羅斯福路5段與興隆路1段口,0,0,1,2,C03,8,6,5,50,4,1,1,5,4,5,13,2,1,1,4,5,2,13,1,28,3,10,6,1,7,14,1,10,1,12,,44,,1,21,121.5387976,25.0042079
113,5,4,12,50,2,10文山區,文山區羅斯福路5段與興隆路1段口,0,0,1,3,B03,8,6,5,50,4,1,1,5,4,5,13,2,1,1,4,5,2,13,1,61,3,10,7,1,7,9,1,8,1,1,,16,,1,21,121.5387976,25.0042079
113,5,4,12,50,2,10文山區,文山區羅斯福路5段與興隆路1段口,0,0,1,4,B03,8,6,5,50,4,1,1,5,4,5,13,2,1,1,4,5,2,13,1,58,3,10,7,1,7,14,1,8,1,3,,44,,1,21,121.5387976,25.0042079
113,5,4,13,1,2,12內湖區,內湖區江南街與江南街41巷口,0,0,1,1,B03,8,5,5,30,3,1,1,5,4,5,13,4,4,9,5,5,1,16,1,31,3,10,7,1,7,5,1,8,2,8,,8,,1,21,121.5779847,25.07773446
113,5,4,13,1,2,12內湖區,內湖區江南街與江南街41巷口,0,0,1,2,C03,8,5,5,30,3,1,1,5,4,5,13,4,4,9,5,5,1,16,2,33,2,9,5,1,7,9,1,10,2,11,,44,,1,21,121.5779847,25.07773446
113,5,4,13,10,2,01大同區,大同區鄭州路與環河北路1段口,0,0,1,2,C03,8,6,5,40,4,2,1,5,4,5,13,2,1,1,4,5,2,17,1,18,2,9,6,4,7,8,1,10,1,12,,44,,1,22,121.5070423,25.0505465
113,5,4,13,10,2,01大同區,大同區鄭州路與環河北路1段口,0,0,1,1,C03,8,6,5,40,4,2,1,5,4,5,13,2,1,1,4,5,2,17,1,23,3,10,6,4,7,9,1,10,11,14,,85,,2,22,121.5070423,25.0505465
113,5,4,13,29,2,04大安區,大安區辛亥路3段與辛亥路3段157巷口,0,0,2,1,B03,8,5,5,50,4,1,1,5,4,5,13,1,1,8,1,5,1,16,1,63,2,6,7,1,7,6,1,8,1,6,,86,,1,21,121.5491775,25.0170498
113,5,4,13,29,2,04大安區,大安區辛亥路3段與辛亥路3段157巷口,0,0,2,2,B03,8,5,5,50,4,1,1,5,4,5,13,1,1,8,1,5,1,16,1,38,3,10,7,1,7,9,1,8,1,1,,13,,1,21,121.5491775,25.0170498
113,5,4,13,29,2,04大安區,大安區辛亥路3段與辛亥路3段157巷口,0,0,2,3,H02,8,5,5,50,4,1,1,5,4,5,13,1,1,8,1,5,1,16,2,48,2,1,7,5,7,17,8,20,10,16,,67,,1,21,121.5491775,25.0170498
113,5,4,14,0,2,12內湖區,內湖區康寧路3段75巷186弄129號,0,0,1,1,B03,8,5,5,30,11,9,1,5,4,5,13,4,4,10,5,5,2,10,1,33,3,10,7,1,7,15,1,8,2,8,,108,,1,21,121.613414,25.07563064
113,5,4,14,0,2,12內湖區,內湖區康寧路3段75巷186弄129號,0,0,1,2,C03,8,5,5,30,11,9,1,5,4,5,13,4,4,10,5,5,2,10,1,60,2,9,5,1,7,15,1,10,2,11,,5,,1,21,121.613414,25.07563064
113,5,4,14,0,2,12內湖區,內湖區康寧路3段75巷186弄129號,0,0,1,3,B03,8,5,5,30,11,9,1,5,4,5,13,4,4,10,5,5,2,10,1,51,4,11,3,4,7,21,7,19,11,15,,44,,2,22,121.613414,25.07563064
113,5,4,14,11,2,05中正區,中正區汀州路3段205號,0,0,2,1,F01,8,6,5,0,14,9,1,5,4,5,13,4,4,5,5,5,2,12,2,19,2,7,4,1,7,8,8,20,1,12,,100,,1,25,121.5334556,25.0142793
113,5,4,14,11,2,05中正區,中正區汀州路3段205號,0,0,2,2,C03,8,6,5,0,14,9,1,5,4,5,13,4,4,5,5,5,2,12,2,62,2,7,6,1,7,9,1,11,1,11,,44,,1,21,121.5334556,25.0142793
113,5,4,14,21,2,04大安區,大安區和平東路1段與和平東路1段41巷口口,0,0,1,2,C03,8,6,5,50,3,1,1,5,4,5,13,2,1,1,4,5,2,17,1,28,2,8,3,4,7,9,1,10,1,17,,44,,1,22,121.5246008,25.0270737
113,5,4,14,21,2,04大安區,大安區和平東路1段與和平東路1段41巷口口,0,0,1,1,B03,8,6,5,50,3,1,1,5,4,5,13,2,1,1,4,5,2,17,2,72,4,11,3,4,7,21,7,19,9,17,,81,,2,22,121.5246008,25.0270737