發生年度,發生月,發生日,發生時-Hours,發生分,處理別-編號,區序,肇事地點,死亡人數,2-30日死亡人數,受傷人數,當事人序號,車種,天候,道路照明設備,道路類別,速限-速度限制,道路型態,事故位置,路面狀況1,路面狀況2,路面狀況3,道路障礙1,道路障礙2,號誌1,號誌2,車道劃分-分向,車道劃分-分道1,車道劃分-分道2,車道劃分-分道3,事故類型及型態,性別,年齡,受傷程度,主要傷處,保護裝置,行動電話,車輛用途,當事者行動狀態,駕駛資格情形,駕駛執照種類,飲酒情形,車輛撞擊部位1,車輛撞擊部位2,肇因碼-個別,肇因碼-主要,個人肇逃否,職業,座標-X,座標-Y
113,5,4,14,29,2,11南港區,南港區市民大道7段100號,0,0,2,1,C03,8,7,5,50,14,9,1,5,4,5,13,4,4,5,4,5,2,12,2,22,2,8,5,1,7,8,1,10,2,12,,13,,1,21,121.5831559,25.0495287
113,5,4,14,29,2,11南港區,南港區市民大道7段100號,0,0,2,2,B03,8,7,5,50,14,9,1,5,4,5,13,4,4,5,4,5,2,12,1,58,3,10,7,1,7,9,1,8,2,4,,108,,1,21,121.5831559,25.0495287
113,5,4,14,29,2,11南港區,南港區市民大道7段100號,0,0,2,3,H02,8,7,5,50,14,9,1,5,4,5,13,4,4,5,4,5,2,12,2,24,2,8,7,5,7,20,8,20,10,16,,67,,1,21,121.5831559,25.0495287
113,5,4,14,57,2,12內湖區,內湖區民權東路6段190巷91弄與民權東路6段190巷口,0,0,1,1,B03,8,5,5,30,3,1,1,5,4,5,13,4,4,10,5,5,2,16,2,49,3,10,7,1,7,5,1,8,2,8,,80,,1,21,121.5939265,25.06506233
113,5,4,14,57,2,12內湖區,內湖區民權東路6段190巷91弄與民權東路6段190巷口,0,0,1,2,C03,8,5,5,30,3,1,1,5,4,5,13,4,4,10,5,5,2,16,2,60,2,9,6,1,7,9,1,10,2,11,,14,,1,21,121.5939265,25.06506233
113,5,4,15,10,2,12內湖區,內湖區民權東路6段201號旁,0,0,1,1,A02,7,6,5,50,14,8,1,5,4,5,13,4,4,1,5,4,2,11,1,43,3,10,7,1,7,7,1,2,2,6,,100,,1,21,121.5985082,25.06718381
113,5,4,15,10,2,12內湖區,內湖區民權東路6段201號旁,0,0,1,2,C03,7,6,5,50,14,8,1,5,4,5,13,4,4,1,5,4,2,11,2,26,2,9,6,1,7,9,1,10,2,11,,13,,1,21,121.5985082,25.06718381
113,5,4,15,12,2,07信義區,信義區嘉興街與嘉興街175巷口,0,0,1,1,C03,8,6,5,30,4,1,1,5,4,5,13,4,4,9,4,5,2,15,1,34,3,10,6,1,7,9,1,10,1,12,,14,,1,21,121.5571183,25.0277569
113,5,4,15,12,2,07信義區,信義區嘉興街與嘉興街175巷口,0,0,1,2,C03,8,6,5,30,4,1,1,5,4,5,13,4,4,9,4,5,2,15,2,58,2,9,5,1,7,9,1,10,1,11,,14,,1,21,121.5571183,25.0277569
113,5,4,15,13,2,10文山區,文山區羅斯福路6段與三福街口口,0,0,2,1,B01,8,6,6,50,4,1,1,5,4,5,13,2,1,1,4,5,2,16,1,69,3,10,7,1,7,11,1,4,2,1,,10,,1,21,121.541217,24.9960594
113,5,4,15,13,2,10文山區,文山區羅斯福路6段與三福街口口,0,0,2,2,C03,8,6,6,50,4,1,1,5,4,5,13,2,1,1,4,5,2,16,1,68,2,9,6,1,7,9,1,10,2,14,,44,,1,21,121.541217,24.9960594
113,5,4,15,13,2,10文山區,文山區羅斯福路6段與三福街口口,0,0,2,3,H02,8,6,6,50,4,1,1,5,4,5,13,2,1,1,4,5,2,16,2,65,2,9,6,5,7,20,8,20,10,16,,67,,1,21,121.541217,24.9960594
113,5,4,15,16,2,05中正區,中正區金門街24巷20-3號,0,0,2,1,C03,8,7,5,30,14,9,1,5,4,5,13,4,4,10,5,5,2,12,1,39,2,8,5,4,7,15,1,10,2,14,,8,,1,21,121.521696,25.0227177
113,5,4,15,16,2,05中正區,中正區金門街24巷20-3號,0,0,2,2,C03,8,7,5,30,14,9,1,5,4,5,13,4,4,10,5,5,2,12,1,40,2,7,5,4,7,9,1,10,2,11,,44,,1,23,121.521696,25.0227177
113,5,4,16,4,2,03中山區,中山區植福路8號,0,0,1,1,C03,8,6,5,50,14,9,1,5,4,5,13,4,4,9,5,5,2,17,2,25,3,10,6,1,7,11,1,10,2,11,,10,,1,21,121.5552875,25.083932
113,5,4,16,4,2,03中山區,中山區植福路8號,0,0,1,2,C03,8,6,5,50,14,9,1,5,4,5,13,4,4,9,5,5,2,17,2,74,2,9,6,1,7,9,1,10,2,14,,44,,1,21,121.5552875,25.083932
113,5,4,16,4,2,09北投區,北投區建民路與建民路150巷口,0,0,2,1,C03,6,7,5,30,4,1,1,4,4,5,13,4,4,10,5,5,1,15,1,64,2,9,6,1,7,9,1,10,1,12,,72,,1,22,121.5192967,25.1104334
113,5,4,16,4,2,09北投區,北投區建民路與建民路150巷口,0,0,2,2,C03,6,7,5,30,4,1,1,4,4,5,13,4,4,10,5,5,1,15,1,27,2,9,6,1,7,9,1,10,1,11,,14,,1,22,121.5192967,25.1104334
113,5,4,16,7,2,07信義區,信義區松信路與基隆路1段35巷7弄口,0,0,2,1,C03,8,6,5,50,3,1,1,5,4,5,13,1,1,9,4,5,2,13,1,26,2,9,6,1,7,9,1,10,1,11,,16,,1,21,121.5721879,25.0480051
113,5,4,16,7,2,07信義區,信義區松信路與基隆路1段35巷7弄口,0,0,2,2,C03,8,6,5,50,3,1,1,5,4,5,13,1,1,9,4,5,2,13,1,20,3,10,6,1,7,11,1,10,1,14,,17,,1,21,121.5721879,25.0480051
113,5,4,16,7,2,07信義區,信義區松信路與基隆路1段35巷7弄口,0,0,2,3,H02,8,6,5,50,3,1,1,5,4,5,13,1,1,9,4,5,2,13,1,31,2,9,6,5,7,20,8,20,10,17,,67,,1,21,121.5721879,25.0480051
113,5,4,16,25,2,02萬華區,萬華區康定路與桂林路口,0,0,1,1,C03,6,7,5,50,14,9,1,4,4,5,13,1,1,8,3,5,2,18,1,72,2,9,5,1,7,9,1,10,2,14,,42,,1,21,121.5017851,25.0382078
113,5,4,16,25,2,02萬華區,萬華區康定路與桂林路口,0,0,1,2,,6,7,5,50,14,9,1,4,4,5,13,1,1,8,3,5,2,18,3,0,,,,,,,,,,,,67,,1,,121.5017851,25.0382078
113,5,4,16,25,2,08士林區,士林區後港街與前港街口,0,0,1,1,C03,6,6,5,30,3,2,1,4,4,5,13,3,1,5,5,5,1,17,1,51,3,10,5,1,7,1,1,10,1,14,,19,,1,21,121.5225681,25.0847052
113,5,4,16,25,2,08士林區,士林區後港街與前港街口,0,0,1,2,B03,6,6,5,30,3,2,1,4,4,5,13,3,1,5,5,5,1,17,1,48,3,10,7,1,7,5,1,8,1,8,,44,,1,21,121.5225681,25.0847052
113,5,4,16,25,2,08士林區,士林區後港街與前港街口,0,0,1,3,H02,6,6,5,30,3,2,1,4,4,5,13,3,1,5,5,5,1,17,2,11,2,8,5,5,7,20,8,20,10,16,,67,,1,21,121.5225681,25.0847052
113,5,4,16,35,2,02萬華區,萬華區華中橋機車道往北市近轉彎處,0,0,1,1,C03,7,6,7,30,14,11,1,4,4,5,13,4,4,10,4,5,2,18,1,29,2,9,3,4,7,9,1,10,1,12,,44,,1,22,121.5199371,25.04137083
113,5,4,16,35,2,02萬華區,萬華區華中橋機車道往北市近轉彎處,0,0,1,2,,7,6,7,30,14,11,1,4,4,5,13,4,4,10,4,5,2,18,3,,,,,,,,,,,,,67,,1,,121.5199371,25.04137083
113,5,4,16,35,2,02萬華區,萬華區華中橋機車道往北市近轉彎處,0,0,1,3,C03,7,6,7,30,14,11,1,4,4,5,13,4,4,10,4,5,2,18,2,44,3,10,3,4,7,9,1,10,1,13,,44,,1,22,121.5199371,25.04137083
113,5,4,16,48,2,12內湖區,內湖區內湖路1段與堤頂大道2段口,0,0,1,1,B03,6,6,5,50,4,1,1,4,4,5,13,2,1,1,4,4,2,17,2,52,3,10,7,1,7,9,1,8,1,2,,108,,1,21,121.5612029,25.0843737
113,5,4,16,48,2,12內湖區,內湖區內湖路1段與堤頂大道2段口,0,0,1,2,C03,6,6,5,50,4,1,1,4,4,5,13,2,1,1,4,4,2,17,2,23,2,7,5,1,7,9,1,10,1,14,,44,,1,21,121.5612029,25.0843737
113,5,4,17,0,2,11南港區,南港區市民大道8段與南港路2段178巷口,0,0,2,1,C03,7,6,5,50,3,1,1,5,4,5,13,2,1,1,3,4,2,16,2,29,2,9,3,4,7,5,1,10,1,14,,8,,1,22,121.5995766,25.0521096
113,5,4,17,0,2,11南港區,南港區市民大道8段與南港路2段178巷口,0,0,2,2,C03,7,6,5,50,3,1,1,5,4,5,13,2,1,1,3,4,2,16,1,31,2,9,3,4,7,9,1,10,1,11,,13,,1,22,121.5995766,25.0521096
113,5,4,17,0,2,11南港區,南港區市民大道8段與南港路2段178巷口,0,0,2,3,C03,7,6,5,50,3,1,1,5,4,5,13,2,1,1,3,4,2,16,1,27,3,10,3,4,7,14,1,10,1,13,,44,,1,22,121.5995766,25.0521096
113,5,4,17,15,2,01大同區,大同區民權西路與蘭州街口,0,0,1,1,C03,7,6,5,50,4,2,1,5,4,5,13,2,1,1,4,5,2,13,4,0,,,,,,,,,11,,,119,,2,,121.5141109,25.0628082
113,5,4,17,15,2,01大同區,大同區民權西路與蘭州街口,0,0,1,2,C03,7,6,5,50,4,2,1,5,4,5,13,2,1,1,4,5,2,13,4,0,,,,,,,,,11,,,119,,2,,121.5141109,25.0628082
113,5,4,17,15,2,01大同區,大同區民權西路與蘭州街口,0,0,1,3,C03,7,6,5,50,4,2,1,5,4,5,13,2,1,1,4,5,2,13,4,0,,,,,,,,,11,,,119,,2,,121.5141109,25.0628082
113,5,4,17,15,2,01大同區,大同區民權西路與蘭州街口,0,0,1,4,C03,7,6,5,50,4,2,1,5,4,5,13,2,1,1,4,5,2,13,1,50,2,9,5,4,7,9,1,10,1,14,,119,,1,21,121.5141109,25.0628082
113,5,4,17,15,2,01大同區,大同區民權西路與蘭州街口,0,0,1,5,B02,7,6,5,50,4,2,1,5,4,5,13,2,1,1,4,5,2,13,1,43,3,10,7,4,7,9,1,10,1,3,,119,,1,21,121.5141109,25.0628082
113,5,4,17,19,2,05中正區,中正區林森南路136號,0,0,1,1,B02,7,6,5,50,14,9,1,5,4,5,13,4,4,10,5,5,2,2,1,52,4,11,3,4,7,9,7,19,11,15,,108,,2,22,121.5184193,25.0332549
113,5,4,17,19,2,05中正區,中正區林森南路136號,0,0,1,2,H01,7,6,5,50,14,9,1,5,4,5,13,4,4,10,5,5,2,2,2,27,2,7,4,5,8,16,8,20,10,16,,60,,1,21,121.5184193,25.0332549
113,5,4,17,22,2,08士林區,士林區延平北路7段106巷與延平北路7段106巷口堤外自行車道,0,0,1,1,F01,6,6,8,30,3,2,1,4,4,5,13,4,4,5,5,5,1,29,1,54,2,1,2,4,7,21,8,20,7,17,,21,,1,21,121.4966688,25.09754487
113,5,4,17,22,2,08士林區,士林區延平北路7段106巷與延平北路7段106巷口堤外自行車道,0,0,1,2,,6,6,8,30,3,2,1,4,4,5,13,4,4,5,5,5,1,29,3,0,,,,,,,,,,,,67,,1,,121.4966688,25.09754487
113,5,4,17,34,2,11南港區,南港區玉成街與市民大道7段口,0,0,1,1,C03,7,6,5,50,4,2,1,4,4,5,13,1,1,1,4,5,2,17,2,43,3,10,6,1,7,5,1,10,9,17,,8,,1,21,121.5815187,25.0491662
113,5,4,17,34,2,11南港區,南港區玉成街與市民大道7段口,0,0,1,2,C03,7,6,5,50,4,2,1,4,4,5,13,1,1,1,4,5,2,17,1,37,2,7,6,1,7,9,1,10,9,14,,44,,1,21,121.5815187,25.0491662
113,5,4,17,35,2,10文山區,文山區試院路152-5號,0,0,1,1,C03,7,5,5,30,14,9,1,4,4,5,13,4,4,10,5,5,1,11,2,19,2,1,6,1,7,9,1,10,1,11,,5,,1,25,121.5468469,24.9900587
113,5,4,17,35,2,10文山區,文山區試院路152-5號,0,0,1,2,B03,7,5,5,30,14,9,1,4,4,5,13,4,4,10,5,5,1,11,1,59,3,10,7,1,7,9,1,8,1,5,,44,,1,22,121.5468469,24.9900587
113,5,4,17,37,2,12內湖區,內湖區內湖路2段179巷236號前,0,0,2,1,B03,7,5,5,50,14,9,1,5,4,5,13,4,4,9,4,5,2,13,1,43,2,9,7,1,7,9,1,8,2,1,,16,,1,21,121.584327,25.08447115
113,5,4,17,37,2,12內湖區,內湖區內湖路2段179巷236號前,0,0,2,2,B03,7,5,5,50,14,9,1,5,4,5,13,4,4,9,4,5,2,13,1,30,2,9,7,1,7,12,1,8,2,3,,44,,1,21,121.584327,25.08447115
113,5,4,18,15,2,08士林區,士林區故宮路與自強隧道(外)口往大直,0,0,1,1,C03,8,5,5,50,3,2,1,5,4,5,13,4,4,1,5,5,2,17,1,28,2,9,6,1,7,9,1,10,1,12,,42,,1,21,121.5483872,25.0956816
113,5,4,18,15,2,08士林區,士林區故宮路與自強隧道(外)口往大直,0,0,1,2,C03,8,5,5,50,3,2,1,5,4,5,13,4,4,1,5,5,2,17,1,41,3,10,6,1,7,15,1,10,1,17,,50,,1,21,121.5483872,25.0956816
113,5,4,18,17,2,07信義區,信義區吳興街583巷與吳興街583巷1弄口口,0,0,2,1,C03,8,5,5,30,4,1,1,5,4,5,13,4,4,10,5,5,2,17,2,50,2,9,6,1,7,9,1,10,11,12,,14,,2,22,121.5694364,25.0222634
113,5,4,18,17,2,07信義區,信義區吳興街583巷與吳興街583巷1弄口口,0,0,2,2,F01,8,5,5,30,4,1,1,5,4,5,13,4,4,10,5,5,2,17,1,24,2,8,4,1,7,6,8,20,11,15,,80,,2,22,121.5694364,25.0222634
113,5,4,18,17,2,07信義區,信義區吳興街583巷與吳興街583巷1弄口口,0,0,2,3,B03,8,5,5,30,4,1,1,5,4,5,13,4,4,10,5,5,2,17,1,50,3,10,7,1,7,13,1,8,9,8,,38,,1,22,121.5694364,25.0222634
113,5,4,20,13,2,04大安區,大安區信義路3段與新生南路2段口,0,0,3,1,C03,7,5,5,50,4,1,1,5,4,5,13,1,1,1,4,5,2,15,1,30,2,8,3,1,7,9,1,10,1,11,,81,,1,21,121.5328522,25.0335118
113,5,4,20,13,2,04大安區,大安區信義路3段與新生南路2段口,0,0,3,2,C03,7,5,5,50,4,1,1,5,4,5,13,1,1,1,4,5,2,15,2,23,2,9,3,1,7,1,1,10,1,14,,44,,1,21,121.5328522,25.0335118
113,5,4,20,13,2,04大安區,大安區信義路3段與新生南路2段口,0,0,3,3,H02,7,5,5,50,4,1,1,5,4,5,13,1,1,1,4,5,2,15,2,22,2,9,3,5,7,20,8,20,10,17,,67,,1,21,121.5328522,25.0335118
113,5,4,20,25,2,02萬華區,萬華區環河南路1段與忠孝西路2段口,0,0,2,1,B03,8,5,5,50,3,1,1,5,4,5,13,1,1,5,4,5,2,17,1,44,3,10,7,4,7,5,1,8,1,6,,80,,1,21,121.5061547,25.04887
113,5,4,20,25,2,02萬華區,萬華區環河南路1段與忠孝西路2段口,0,0,2,2,C03,8,5,5,50,3,1,1,5,4,5,13,1,1,5,4,5,2,17,1,26,2,8,6,4,7,9,1,10,1,12,,44,,1,21,121.5061547,25.04887
113,5,4,20,25,2,02萬華區,萬華區環河南路1段與忠孝西路2段口,0,0,2,3,H02,8,5,5,50,3,1,1,5,4,5,13,1,1,5,4,5,2,17,2,25,2,8,6,5,7,20,8,20,10,17,,67,,1,22,121.5061547,25.04887
113,5,4,20,25,2,11南港區,南港區成美橋(燈桿7010388),0,0,5,1,B03,7,5,5,50,14,9,1,5,4,5,13,4,4,5,4,5,2,10,1,71,2,9,7,1,7,9,1,8,7,8,,21,,1,21,121.5828899,25.05367056
113,5,4,20,25,2,11南港區,南港區成美橋(燈桿7010388),0,0,5,2,B03,7,5,5,50,14,9,1,5,4,5,13,4,4,5,4,5,2,10,2,59,2,9,7,1,7,9,1,8,2,5,,44,,1,21,121.5828899,25.05367056
113,5,4,20,25,2,11南港區,南港區成美橋(燈桿7010388),0,0,5,3,B01,7,5,5,50,14,9,1,5,4,5,13,4,4,5,4,5,2,10,1,54,2,9,7,1,7,9,1,4,2,5,,44,,1,21,121.5828899,25.05367056
113,5,4,20,25,2,11南港區,南港區成美橋(燈桿7010388),0,0,5,4,H02,7,5,5,50,14,9,1,5,4,5,13,4,4,5,4,5,2,10,2,61,2,9,7,5,7,20,8,20,10,16,,67,,1,21,121.5828899,25.05367056
113,5,4,20,25,2,11南港區,南港區成美橋(燈桿7010388),0,0,5,5,H02,7,5,5,50,14,9,1,5,4,5,13,4,4,5,4,5,2,10,2,88,2,9,7,5,7,20,8,20,10,16,,67,,1,21,121.5828899,25.05367056
113,5,4,20,29,2,02萬華區,萬華區中華路2段與中華路2段311巷口,0,0,1,1,H01,8,5,5,50,3,2,1,5,4,5,13,4,4,5,4,4,2,3,2,71,2,8,4,5,8,16,8,20,10,16,,121,,1,21,121.505674,25.02821238
113,5,4,20,29,2,02萬華區,萬華區中華路2段與中華路2段311巷口,0,0,1,2,C03,8,5,5,50,3,2,1,5,4,5,13,4,4,5,4,4,2,3,1,67,3,10,5,1,7,9,6,18,11,11,,108,,1,21,121.505674,25.02821238
113,5,4,20,33,2,01大同區,大同區台北橋機慢車道,0,0,2,1,C03,7,5,5,50,8,11,1,5,4,5,13,4,4,3,4,5,2,13,2,28,4,11,3,4,7,7,1,10,11,17,,100,,2,21,121.5081744,25.0634166
113,5,4,20,33,2,01大同區,大同區台北橋機慢車道,0,0,2,2,C03,7,5,5,50,8,11,1,5,4,5,13,4,4,3,4,5,2,13,1,22,2,9,5,4,7,9,1,10,1,11,,16,,1,21,121.5081744,25.0634166
113,5,4,20,33,2,01大同區,大同區台北橋機慢車道,0,0,2,3,C03,7,5,5,50,8,11,1,5,4,5,13,4,4,3,4,5,2,13,1,25,3,10,5,4,7,9,1,10,1,13,,44,,1,21,121.5081744,25.0634166
113,5,4,20,33,2,01大同區,大同區台北橋機慢車道,0,0,2,4,H02,7,5,5,50,8,11,1,5,4,5,13,4,4,3,4,5,2,13,2,21,2,9,5,5,7,20,8,20,10,16,,67,,1,21,121.5081744,25.0634166
113,5,4,20,45,2,08士林區,士林區後港街66號,0,0,1,1,C03,7,5,5,30,14,9,1,5,4,5,13,4,4,10,5,5,2,3,2,29,3,10,6,1,7,9,1,10,2,11,,108,,1,22,121.5213949,25.0851912
113,5,4,20,45,2,08士林區,士林區後港街66號,0,0,1,2,H01,7,5,5,30,14,9,1,5,4,5,13,4,4,10,5,5,2,3,2,56,2,8,4,5,8,16,8,20,10,16,,121,,1,22,121.5213949,25.0851912
113,5,4,21,12,2,04大安區,大安區和平東路1段與青田街口,0,0,1,1,B01,8,5,5,50,4,1,1,5,4,5,13,2,1,1,4,5,2,17,1,48,3,10,7,1,7,11,1,3,1,5,,10,,1,21,121.5317506,25.0264527
113,5,4,21,12,2,04大安區,大安區和平東路1段與青田街口,0,0,1,2,C03,8,5,5,50,4,1,1,5,4,5,13,2,1,1,4,5,2,17,1,23,2,9,6,1,7,9,1,10,1,11,,44,,1,21,121.5317506,25.0264527
113,5,4,21,20,2,02萬華區,萬華區西藏路與西園路2段口,0,0,1,1,C03,8,5,5,50,4,4,1,5,4,5,13,1,1,1,4,5,2,17,1,21,2,8,5,4,7,8,1,10,1,12,,100,,1,21,121.4952834,25.02836061
113,5,4,21,20,2,02萬華區,萬華區西藏路與西園路2段口,0,0,1,2,B03,8,5,5,50,4,4,1,5,4,5,13,1,1,1,4,5,2,17,1,29,3,10,7,4,7,1,1,8,1,8,,44,,1,21,121.4952834,25.02836061
113,5,4,22,0,2,08士林區,士林區承德路4段與福港街口,0,0,1,1,C03,7,5,5,50,4,2,1,5,4,5,13,1,1,1,4,5,2,17,1,18,3,10,6,1,7,6,1,10,1,13,,9,,1,22,121.51856,25.0900206
113,5,4,22,0,2,08士林區,士林區承德路4段與福港街口,0,0,1,2,C03,7,5,5,50,4,2,1,5,4,5,13,1,1,1,4,5,2,17,1,28,2,9,5,1,7,15,1,10,1,11,,42,,1,22,121.51856,25.0900206
113,5,4,22,9,2,05中正區,中正區重慶南路2段與愛國西路口,0,0,1,1,B03,8,5,5,50,4,1,1,5,4,5,13,1,1,1,4,5,2,16,1,42,3,10,7,1,7,6,1,8,2,5,,9,,1,21,121.5126206,25.0351444
113,5,4,22,9,2,05中正區,中正區重慶南路2段與愛國西路口,0,0,1,2,C03,8,5,5,50,4,1,1,5,4,5,13,1,1,1,4,5,2,16,1,24,2,9,5,1,7,9,1,10,2,14,,44,,1,21,121.5126206,25.0351444
113,5,4,22,56,2,03中山區,中山區長安東路1段與林森北路口,0,0,1,1,B01,8,5,5,50,4,1,1,5,4,5,13,1,1,5,3,5,2,15,1,53,3,10,7,1,7,9,6,4,1,2,,81,,1,21,121.5245339,25.0491466
113,5,4,22,56,2,03中山區,中山區長安東路1段與林森北路口,0,0,1,2,C03,8,5,5,50,4,1,1,5,4,5,13,1,1,5,3,5,2,15,1,26,2,9,5,1,7,1,1,10,1,11,14,44,,1,21,121.5245339,25.0491466
113,5,5,0,16,2,02萬華區,萬華區中華路2段與和平西路2段口,0,0,2,1,C03,7,5,5,40,4,2,1,5,4,5,13,2,1,1,4,4,2,13,1,22,2,9,5,1,7,9,1,10,1,14,,108,,1,21,121.5052095,25.0334224
113,5,5,0,16,2,02萬華區,萬華區中華路2段與和平西路2段口,0,0,2,2,C03,7,5,5,40,4,2,1,5,4,5,13,2,1,1,4,4,2,13,1,48,2,9,5,1,7,14,1,10,1,12,,44,,1,21,121.5052095,25.0334224
113,5,5,0,16,2,07信義區,信義區松廉路信義廣場停車場出入口,0,0,1,1,B02,8,5,5,50,14,9,1,5,4,5,13,4,4,9,4,5,2,17,1,20,3,10,7,1,7,5,1,8,1,8,,8,,1,21,121.5665797,25.033926
113,5,5,0,16,2,07信義區,信義區松廉路信義廣場停車場出入口,0,0,1,2,F01,8,5,5,50,14,9,1,5,4,5,13,4,4,9,4,5,2,17,2,53,2,9,4,1,7,9,8,20,10,14,,27,,1,21,121.5665797,25.033926
113,5,5,1,35,2,09北投區,北投區竹子湖路1207485號燈桿,0,0,1,1,C03,7,5,5,40,14,9,1,5,4,5,13,4,4,4,5,5,1,20,1,19,2,9,5,1,7,9,1,10,2,12,,44,,1,22,121.5443053,25.17740001
113,5,5,1,35,2,09北投區,北投區竹子湖路1207485號燈桿,0,0,1,2,,7,5,5,40,14,9,1,5,4,5,13,4,4,4,5,5,1,20,3,0,,,,,,,,,,,,67,,1,,121.5443053,25.17740001
113,5,5,6,20,2,09北投區,北投區洲美街271號,0,0,1,1,B03,8,6,5,40,14,9,1,5,4,5,13,4,4,9,4,5,2,16,1,51,3,10,7,1,7,5,1,8,1,4,,101,,1,21,121.499031,25.10915193
113,5,5,6,20,2,09北投區,北投區洲美街271號,0,0,1,2,C03,8,6,5,40,14,9,1,5,4,5,13,4,4,9,4,5,2,16,1,51,2,7,5,1,7,9,1,10,1,12,,44,,1,21,121.499031,25.10915193
113,5,5,6,36,2,11南港區,南港區南港路1段與中南街口口,0,0,1,1,C03,8,7,5,50,4,1,1,5,4,5,13,2,1,5,4,5,2,16,1,32,3,10,6,1,7,5,1,10,1,14,,8,,1,21,121.6153519,25.0552989
113,5,5,6,36,2,11南港區,南港區南港路1段與中南街口口,0,0,1,2,C03,8,7,5,50,4,1,1,5,4,5,13,2,1,5,4,5,2,16,1,59,2,3,6,1,7,9,1,10,1,12,,44,,1,21,121.6153519,25.0552989
113,5,5,6,41,2,03中山區,中山區建國北路2段與長安東路2段口,0,0,1,1,B01,8,5,5,50,4,1,1,5,4,5,13,1,1,5,4,5,2,16,1,44,3,10,3,4,7,6,1,4,1,5,,9,,1,21,121.5364971,25.0483353
113,5,5,6,41,2,03中山區,中山區建國北路2段與長安東路2段口,0,0,1,2,C03,8,5,5,50,4,1,1,5,4,5,13,1,1,5,4,5,2,16,2,28,2,7,3,4,7,9,1,10,1,14,,99,,1,21,121.5364971,25.0483353
113,5,5,7,13,2,04大安區,大安區市民大道4段64號,0,0,1,1,B03,7,6,5,40,22,9,1,5,4,5,13,4,4,1,4,5,1,16,1,48,3,10,3,4,7,1,1,8,2,4,,19,,1,21,121.5468694,25.045001
113,5,5,7,13,2,04大安區,大安區市民大道4段64號,0,0,1,2,C03,7,6,5,40,22,9,1,5,4,5,13,4,4,1,4,5,1,16,1,25,2,1,5,1,7,9,1,10,9,11,,13,,1,21,121.5468694,25.045001
113,5,5,7,35,2,05中正區,中正區和平西路1段與重慶南路3段口,0,0,1,1,B01,8,7,5,50,5,2,1,5,4,5,13,2,1,2,4,5,2,17,1,53,3,10,7,1,7,6,1,1,2,5,,42,,1,22,121.5162829,25.0271466
113,5,5,7,35,2,05中正區,中正區和平西路1段與重慶南路3段口,0,0,1,2,F01,8,7,5,50,5,2,1,5,4,5,13,2,1,2,4,5,2,17,1,20,2,7,4,1,7,9,8,20,2,14,,42,,1,22,121.5162829,25.0271466
113,5,5,8,11,2,11南港區,南港區南港路1段與經貿二路口,0,0,2,1,C03,8,6,5,50,14,9,1,5,4,5,13,4,4,1,3,5,1,12,1,39,3,10,3,4,7,9,1,10,1,15,,44,,1,22,121.6169666,25.0551631
113,5,5,8,11,2,11南港區,南港區南港路1段與經貿二路口,0,0,2,2,C03,8,6,5,50,14,9,1,5,4,5,13,4,4,1,3,5,1,12,2,46,2,9,3,4,7,8,1,10,1,12,,100,,1,22,121.6169666,25.0551631
113,5,5,8,11,2,11南港區,南港區南港路1段與經貿二路口,0,0,2,3,H02,8,6,5,50,14,9,1,5,4,5,13,4,4,1,3,5,1,12,2,69,2,9,3,5,7,21,8,20,10,17,,67,,1,22,121.6169666,25.0551631
113,5,5,8,20,2,04大安區,大安區辛亥路3段與基隆路3段附近口,0,0,1,1,B03,8,6,6,50,3,2,1,5,4,5,13,4,4,10,4,5,2,17,2,62,3,10,3,4,7,9,1,8,1,5,,108,,1,22,121.547147,25.0189967
113,5,5,8,20,2,04大安區,大安區辛亥路3段與基隆路3段附近口,0,0,1,2,C02,8,6,6,50,3,2,1,5,4,5,13,4,4,10,4,5,2,17,1,35,2,8,3,4,7,10,1,9,1,13,,100,,1,22,121.547147,25.0189967
113,5,5,8,27,2,02萬華區,萬華區萬大路493巷48弄與富民路91巷口,0,0,1,1,C03,7,6,5,0,5,1,1,5,4,5,13,4,4,10,4,5,2,16,1,64,4,11,3,4,7,9,7,19,9,15,,33,,2,22,121.4991775,25.01966217
113,5,5,8,27,2,02萬華區,萬華區萬大路493巷48弄與富民路91巷口,0,0,1,2,F01,7,6,5,0,5,1,1,5,4,5,13,4,4,10,4,5,2,16,2,83,2,9,4,4,7,9,8,20,9,14,,72,,1,22,121.4991775,25.01966217
113,5,5,9,4,2,04大安區,大安區和平東路3段1巷與四維路236巷口,0,0,3,1,F01,8,6,5,30,4,1,1,5,4,5,13,4,4,1,5,5,2,16,2,23,2,9,4,1,7,6,8,20,1,14,,44,,1,21,121.5469685,25.0252681
113,5,5,9,4,2,04大安區,大安區和平東路3段1巷與四維路236巷口,0,0,3,2,C03,8,6,5,30,4,1,1,5,4,5,13,4,4,1,5,5,2,16,2,42,2,9,5,1,7,9,1,10,1,11,,44,,1,21,121.5469685,25.0252681
113,5,5,9,4,2,04大安區,大安區和平東路3段1巷與四維路236巷口,0,0,3,3,H02,8,6,5,30,4,1,1,5,4,5,13,4,4,1,5,5,2,16,1,14,2,9,5,5,7,20,8,20,10,16,,67,,1,21,121.5469685,25.0252681
113,5,5,10,26,2,05中正區,中正區中華路2段與中華路2段307巷口,0,0,1,1,B03,8,7,5,50,4,2,1,5,4,5,13,1,1,5,4,4,2,13,1,38,3,10,7,1,7,9,1,8,1,1,,108,,1,21,121.5054919,25.0284823