發生年度,發生月,發生日,發生時-Hours,發生分,處理別-編號,區序,肇事地點,死亡人數,2-30日死亡人數,受傷人數,當事人序號,車種,天候,道路照明設備,道路類別,速限-速度限制,道路型態,事故位置,路面狀況1,路面狀況2,路面狀況3,道路障礙1,道路障礙2,號誌1,號誌2,車道劃分-分向,車道劃分-分道1,車道劃分-分道2,車道劃分-分道3,事故類型及型態,性別,年齡,受傷程度,主要傷處,保護裝置,行動電話,車輛用途,當事者行動狀態,駕駛資格情形,駕駛執照種類,飲酒情形,車輛撞擊部位1,車輛撞擊部位2,肇因碼-個別,肇因碼-主要,個人肇逃否,職業,座標-X,座標-Y
113,5,5,10,26,2,05中正區,中正區中華路2段與中華路2段307巷口,0,0,1,2,B02,8,7,5,50,4,2,1,5,4,5,13,1,1,5,4,4,2,13,1,47,3,10,7,1,7,14,1,8,1,3,,44,,1,21,121.5054919,25.0284823
113,5,5,10,26,2,05中正區,中正區中華路2段與中華路2段307巷口,0,0,1,3,H02,8,7,5,50,4,2,1,5,4,5,13,1,1,5,4,4,2,13,2,44,2,5,7,5,7,20,8,20,10,16,,67,,1,21,121.5054919,25.0284823
113,5,5,10,30,2,01大同區,大同區承德路3段與酒泉街口,0,0,1,1,C03,8,6,5,50,4,1,1,5,4,5,13,2,1,10,5,5,2,10,2,68,2,9,3,4,7,9,1,10,1,11,,107,,1,21,121.5183275,25.0705127
113,5,5,10,30,2,01大同區,大同區承德路3段與酒泉街口,0,0,1,2,C03,8,6,5,50,4,1,1,5,4,5,13,2,1,10,5,5,2,10,1,22,3,10,3,4,7,9,1,10,1,11,,44,,1,21,121.5183275,25.0705127
113,5,5,10,59,2,10文山區,文山區景福街與景福街口側附近168巷口,0,0,2,1,C04,7,6,5,30,4,1,1,5,4,5,13,3,1,10,5,5,2,15,2,67,2,9,6,1,7,9,1,8,1,14,,80,,1,21,121.537288,24.9948817
113,5,5,10,59,2,10文山區,文山區景福街與景福街口側附近168巷口,0,0,2,2,C03,7,6,5,30,4,1,1,5,4,5,13,3,1,10,5,5,2,15,1,23,2,9,6,1,7,9,1,9,1,11,,13,,1,21,121.537288,24.9948817
113,5,5,11,25,2,12內湖區,內湖區成功路5段67號,0,0,1,1,B03,8,6,5,50,14,9,1,5,4,5,13,4,4,1,4,5,1,17,1,37,3,10,7,1,7,6,1,8,1,2,,9,,1,21,121.6060663,25.07391344
113,5,5,11,25,2,12內湖區,內湖區成功路5段67號,0,0,1,2,C03,8,6,5,50,14,9,1,5,4,5,13,4,4,1,4,5,1,17,1,33,2,9,5,1,7,9,1,10,1,11,,13,,1,21,121.6060663,25.07391344
113,5,5,11,25,2,12內湖區,內湖區成功路5段67號,0,0,1,3,B03,8,6,5,50,14,9,1,5,4,5,13,4,4,1,4,5,1,17,3,0,,,,,,,,,11,,,38,,,,121.6060663,25.07391344
113,5,5,11,30,2,07信義區,信義區基隆路2段155號,0,0,1,1,C03,7,7,8,50,22,22,1,5,4,5,13,4,4,1,4,5,2,13,1,39,2,9,6,1,7,9,1,10,1,11,,16,,1,22,121.554329,25.0258348
113,5,5,11,30,2,07信義區,信義區基隆路2段155號,0,0,1,2,C03,7,7,8,50,22,22,1,5,4,5,13,4,4,1,4,5,2,13,1,29,3,10,6,1,7,9,1,10,1,13,,44,,1,22,121.554329,25.0258348
113,5,5,12,18,2,08士林區,士林區忠誠路1段27號,0,0,1,1,C03,7,7,5,40,14,8,1,5,4,5,13,4,4,1,4,4,1,18,1,30,2,9,5,1,7,9,1,10,2,14,,44,,1,23,121.5303042,25.10889679
113,5,5,12,18,2,08士林區,士林區忠誠路1段27號,0,0,1,2,,7,7,5,40,14,8,1,5,4,5,13,4,4,1,4,4,1,18,3,0,,,,,,,,,,,,67,,1,,121.5303042,25.10889679
113,5,5,12,51,2,01大同區,大同區民權西路與延平北路2段口,0,0,2,1,C03,8,5,5,50,5,1,1,5,4,5,13,2,1,1,5,5,2,12,2,40,2,9,5,1,7,5,1,10,2,11,,96,,1,22,121.5111021,25.0628385
113,5,5,12,51,2,01大同區,大同區民權西路與延平北路2段口,0,0,2,2,C03,8,5,5,50,5,1,1,5,4,5,13,2,1,1,5,5,2,12,2,24,2,9,5,1,7,15,1,10,2,12,,44,,1,22,121.5111021,25.0628385
113,5,5,13,44,2,12內湖區,內湖區內湖路2段181號前,0,0,1,1,B03,8,6,5,50,3,1,1,5,4,5,13,4,4,5,5,5,2,17,2,23,3,10,7,1,7,6,1,8,1,2,,80,,1,21,121.5878343,25.0814606
113,5,5,13,44,2,12內湖區,內湖區內湖路2段181號前,0,0,1,2,C03,8,6,5,50,3,1,1,5,4,5,13,4,4,5,5,5,2,17,1,24,2,8,5,1,7,9,1,10,1,14,,44,,1,21,121.5878343,25.0814606
113,5,5,13,53,2,05中正區,中正區臨沂街50號前,0,0,1,1,B03,8,7,5,30,14,9,1,5,4,5,13,4,4,10,5,5,1,17,1,62,3,10,7,1,7,5,1,8,2,5,,42,,1,22,121.5285212,25.0362936
113,5,5,13,53,2,05中正區,中正區臨沂街50號前,0,0,1,2,C03,8,7,5,30,14,9,1,5,4,5,13,4,4,10,5,5,1,17,2,57,2,9,6,1,7,9,1,10,2,12,,44,,1,22,121.5285212,25.0362936
113,5,5,14,38,2,06松山區,松山區光復南路23號,0,0,1,1,C04,7,6,5,50,14,9,1,5,4,5,13,4,4,1,3,5,2,12,2,20,2,9,6,1,7,7,1,10,1,14,,100,,1,21,121.5578685,25.04688539
113,5,5,14,38,2,06松山區,松山區光復南路23號,0,0,1,2,B03,7,6,5,50,14,9,1,5,4,5,13,4,4,1,3,5,2,12,2,37,3,10,3,4,7,9,1,8,1,2,,44,,1,21,121.5578685,25.04688539
113,5,5,14,44,2,09北投區,北投區立賢路與承德路7段口,0,0,2,1,C03,8,6,5,50,4,1,1,5,4,5,13,2,1,8,3,5,2,17,1,54,2,9,6,1,7,5,1,10,1,11,,71,,1,21,121.5051017,25.11617816
113,5,5,14,44,2,09北投區,北投區立賢路與承德路7段口,0,0,2,2,C01,8,6,5,50,4,1,1,5,4,5,13,2,1,8,3,5,2,17,1,46,2,8,6,1,7,9,1,9,1,11,,44,,1,21,121.5051017,25.11617816
113,5,5,14,53,2,09北投區,北投區北投路2段55號,0,0,1,1,B03,8,5,5,50,14,9,1,5,4,5,13,1,1,4,4,5,2,16,1,47,3,10,7,1,7,11,1,8,2,5,,10,,1,21,121.4974376,25.1328851
113,5,5,14,53,2,09北投區,北投區北投路2段55號,0,0,1,2,C03,8,5,5,50,14,9,1,5,4,5,13,1,1,4,4,5,2,16,1,79,2,9,5,1,7,9,1,10,2,11,,44,,1,21,121.4974376,25.1328851
113,5,5,14,53,2,09北投區,北投區北投路2段55號,0,0,1,3,B02,8,5,5,50,14,9,1,5,4,5,13,1,1,4,4,5,2,16,1,46,3,10,3,4,7,13,1,7,1,6,,44,,1,21,121.4974376,25.1328851
113,5,5,15,3,2,09北投區,北投區北投路2段與大業路452巷口,0,0,1,1,G06,8,7,5,50,4,1,1,5,4,5,13,1,1,5,5,5,2,13,2,60,2,9,5,1,7,9,8,20,2,16,,107,,1,26,121.4974154,25.1328371
113,5,5,15,3,2,09北投區,北投區北投路2段與大業路452巷口,0,0,1,2,B01,8,7,5,50,4,1,1,5,4,5,13,1,1,5,5,5,2,13,1,40,3,10,7,1,7,15,1,4,2,7,,44,,1,21,121.4974154,25.1328371
113,5,5,15,23,2,03中山區,中山區建國北路2段226巷與民權東路2段152巷口,0,0,2,1,C03,8,5,5,30,4,1,1,5,4,5,13,4,4,9,5,5,2,15,2,23,2,9,3,4,7,9,1,10,2,12,,80,,1,21,121.5349247,25.061146
113,5,5,15,23,2,03中山區,中山區建國北路2段226巷與民權東路2段152巷口,0,0,2,2,B03,8,5,5,30,4,1,1,5,4,5,13,4,4,9,5,5,2,15,1,49,3,10,3,4,7,9,1,8,2,8,,14,,1,21,121.5349247,25.061146
113,5,5,15,23,2,03中山區,中山區建國北路2段226巷與民權東路2段152巷口,0,0,2,3,H02,8,5,5,30,4,1,1,5,4,5,13,4,4,9,5,5,2,15,2,49,2,9,3,5,7,20,8,20,10,16,,67,,1,21,121.5349247,25.061146
113,5,5,15,40,2,03中山區,中山區渭水路與八德路2段口,0,0,2,1,B03,8,6,6,50,14,9,1,5,4,5,13,4,4,5,4,5,2,17,1,50,3,10,7,1,7,11,1,8,1,4,,10,,1,21,121.5351845,25.04570699
113,5,5,15,40,2,03中山區,中山區渭水路與八德路2段口,0,0,2,2,C03,8,6,6,50,14,9,1,5,4,5,13,4,4,5,4,5,2,17,1,38,2,9,6,1,7,9,1,10,1,12,,44,,1,21,121.5351845,25.04570699
113,5,5,15,40,2,03中山區,中山區渭水路與八德路2段口,0,0,2,3,H02,8,6,6,50,14,9,1,5,4,5,13,4,4,5,4,5,2,17,2,37,2,9,7,5,7,20,8,20,10,16,,67,,1,21,121.5351845,25.04570699
113,5,5,15,40,2,08士林區,士林區中山北路5段與福林橋口,0,0,1,1,C03,8,7,5,50,3,1,1,5,4,5,13,1,1,1,1,5,2,16,1,47,2,9,3,4,7,5,1,10,1,14,,85,,1,21,121.5255735,25.1019215
113,5,5,15,40,2,08士林區,士林區中山北路5段與福林橋口,0,0,1,2,B03,8,7,5,50,3,1,1,5,4,5,13,1,1,1,1,5,2,16,1,62,3,10,3,4,7,9,1,8,2,2,,44,,1,21,121.5255735,25.1019215
113,5,5,15,52,2,04大安區,大安區市民大道4段與敦化南路1段口,0,0,1,1,B03,8,6,5,40,4,1,1,5,4,5,13,2,1,1,4,5,2,16,1,44,3,10,7,1,7,6,1,8,1,2,,9,,1,21,121.5486228,25.0447569
113,5,5,15,52,2,04大安區,大安區市民大道4段與敦化南路1段口,0,0,1,2,C03,8,6,5,40,4,1,1,5,4,5,13,2,1,1,4,5,2,16,2,24,2,9,6,1,7,9,1,10,1,14,,44,,1,21,121.5486228,25.0447569
113,5,5,16,3,2,01大同區,大同區民權西路與民權西路225巷口,0,0,1,1,B01,8,6,5,50,4,1,1,5,4,5,13,1,1,1,4,5,2,17,1,54,3,10,7,1,7,1,1,4,2,8,,19,,1,21,121.5122294,25.0630287
113,5,5,16,3,2,01大同區,大同區民權西路與民權西路225巷口,0,0,1,2,C03,8,6,5,50,4,1,1,5,4,5,13,1,1,1,4,5,2,17,2,36,2,9,6,1,7,9,1,10,2,12,,13,,1,21,121.5122294,25.0630287
113,5,5,16,3,2,09北投區,北投區承德路7段與承德路7段1巷口,0,0,1,1,B03,8,6,5,60,4,1,1,5,4,5,13,1,1,1,4,4,1,12,1,70,3,10,7,1,7,8,1,8,1,2,,100,,1,21,121.5107867,25.1107916
113,5,5,16,3,2,09北投區,北投區承德路7段與承德路7段1巷口,0,0,1,2,C03,8,6,5,60,4,1,1,5,4,5,13,1,1,1,4,4,1,12,2,19,2,9,5,1,7,9,1,10,1,14,,44,,1,21,121.5107867,25.1107916
113,5,5,16,6,2,10文山區,文山區羅斯福路5段151號,0,0,1,1,C03,8,6,5,0,14,20,1,5,4,5,13,4,4,10,5,5,2,14,1,34,3,10,6,1,7,2,1,10,2,13,,12,,1,23,121.5388404,25.00391335
113,5,5,16,6,2,10文山區,文山區羅斯福路5段151號,0,0,1,2,F01,8,6,5,0,14,20,1,5,4,5,13,4,4,10,5,5,2,14,1,32,2,8,4,2,7,9,8,20,2,11,,108,,1,21,121.5388404,25.00391335
113,5,5,16,20,2,07信義區,信義區光復南路415巷與光復南路421巷6弄口口,0,0,1,1,F03,8,6,5,30,4,1,1,5,4,5,13,4,4,10,5,5,2,15,1,52,2,1,4,1,7,9,8,20,1,11,,99,,1,21,121.5584317,25.0371708
113,5,5,16,20,2,07信義區,信義區光復南路415巷與光復南路421巷6弄口口,0,0,1,2,C03,8,6,5,30,4,1,1,5,4,5,13,4,4,10,5,5,2,15,1,53,3,10,5,1,7,9,1,10,1,14,,99,,1,21,121.5584317,25.0371708
113,5,5,16,21,2,03中山區,中山區民生西路25號,0,0,1,1,C03,8,6,5,50,14,9,1,5,4,5,13,4,4,5,4,5,2,12,2,55,2,8,5,1,7,1,1,10,1,14,,19,,1,21,121.5212981,25.05776473
113,5,5,16,21,2,03中山區,中山區民生西路25號,0,0,1,2,B03,8,6,5,50,14,9,1,5,4,5,13,4,4,5,4,5,2,12,1,60,3,10,7,1,7,9,1,8,1,5,,44,,1,21,121.5212981,25.05776473
113,5,5,16,28,2,07信義區,信義區信義路5段與松德路口,0,0,1,1,B03,8,7,5,40,14,9,1,5,4,5,13,1,1,1,2,5,2,13,1,61,3,10,3,4,7,9,5,18,9,1,,108,,1,21,121.5742404,25.0333252
113,5,5,16,28,2,07信義區,信義區信義路5段與松德路口,0,0,1,2,B03,8,7,5,40,14,9,1,5,4,5,13,1,1,1,2,5,2,13,1,45,2,1,3,4,7,14,1,8,1,3,,44,,1,21,121.5742404,25.0333252
113,5,5,16,50,2,10文山區,文山區秀明路1段2號,0,0,1,1,C03,8,7,5,50,14,9,1,5,4,5,13,4,4,5,4,5,2,29,2,63,2,9,5,1,7,7,1,10,1,11,,108,,1,22,121.5637918,24.98937597
113,5,5,16,50,2,10文山區,文山區秀明路1段2號,0,0,1,2,,8,7,5,50,14,9,1,5,4,5,13,4,4,5,4,5,2,29,3,0,,,,,,,,,,,,67,,1,,121.5637918,24.98937597
113,5,5,17,13,2,04大安區,大安區復興南路1段66號,0,0,1,1,B01,8,6,5,50,14,9,1,5,4,5,13,4,4,1,4,5,2,16,4,0,,,,,,,,,11,,,119,,2,,121.5442056,25.0441385
113,5,5,17,13,2,04大安區,大安區復興南路1段66號,0,0,1,2,C03,8,6,5,50,14,9,1,5,4,5,13,4,4,1,4,5,2,16,1,18,2,9,5,1,7,9,1,10,1,11,,119,,1,21,121.5442056,25.0441385
113,5,5,17,30,2,01大同區,大同區民生西路280號,0,0,2,1,C03,8,6,5,50,14,9,1,5,4,5,13,4,4,9,5,5,2,3,1,50,2,9,6,1,7,9,6,10,2,11,,44,,1,21,121.5129927,25.056969
113,5,5,17,30,2,01大同區,大同區民生西路280號,0,0,2,2,H01,8,6,5,50,14,9,1,5,4,5,13,4,4,9,5,5,2,3,1,59,2,9,4,5,8,16,8,20,10,16,,121,,1,21,121.5129927,25.056969
113,5,5,17,31,2,07信義區,信義區中坡南路10號旁,0,0,1,1,C03,8,5,5,30,14,7,1,5,4,5,13,4,4,9,4,4,2,17,2,36,3,10,6,1,7,9,1,10,1,11,,108,,1,22,121.5823031,25.0438285
113,5,5,17,31,2,07信義區,信義區中坡南路10號旁,0,0,1,2,C03,8,5,5,30,14,7,1,5,4,5,13,4,4,9,4,4,2,17,1,49,2,8,5,1,7,10,1,10,1,13,,100,,1,22,121.5823031,25.0438285
113,5,5,17,31,2,07信義區,信義區中坡南路10號旁,0,0,1,3,B03,8,5,5,30,14,7,1,5,4,5,13,4,4,9,4,4,2,17,1,46,3,10,7,1,7,9,1,8,1,2,,44,,1,22,121.5823031,25.0438285
113,5,5,17,31,2,07信義區,信義區中坡南路10號旁,0,0,1,4,H01,8,5,5,30,14,7,1,5,4,5,13,4,4,9,4,4,2,17,1,42,3,10,4,5,8,18,8,20,10,16,,121,,1,22,121.5823031,25.0438285
113,5,5,17,31,2,07信義區,信義區中坡南路10號旁,0,0,1,5,H01,8,5,5,30,14,7,1,5,4,5,13,4,4,9,4,4,2,17,2,44,3,10,4,5,8,18,8,20,10,16,,121,,1,22,121.5823031,25.0438285
113,5,5,18,20,2,10文山區,文山區新光路2段74巷燈桿267號,0,0,1,1,C03,7,5,5,30,11,9,1,4,4,5,13,4,4,10,5,5,2,18,2,40,2,9,3,4,7,5,1,10,2,12,,44,,1,22,121.5967055,24.98482273
113,5,5,18,20,2,10文山區,文山區新光路2段74巷燈桿267號,0,0,1,2,,7,5,5,30,11,9,1,4,4,5,13,4,4,10,5,5,2,18,3,0,,,,,,,,,10,,,66,,1,,121.5967055,24.98482273
113,5,5,18,45,2,01大同區,大同區承德路3段55號,0,0,1,1,C03,8,5,5,50,14,9,1,5,4,5,13,4,4,8,3,5,2,12,1,26,3,10,6,1,7,15,1,9,1,13,,44,,1,21,121.5185663,25.0652109
113,5,5,18,45,2,01大同區,大同區承德路3段55號,0,0,1,2,C03,8,5,5,50,14,9,1,5,4,5,13,4,4,8,3,5,2,12,2,35,2,8,6,1,7,9,1,10,1,11,,108,,1,21,121.5185663,25.0652109
113,5,5,18,55,2,08士林區,士林區百齡橋與百齡橋口往社子010路燈桿前,0,0,3,1,C03,8,5,5,50,14,11,1,5,4,5,13,4,4,10,4,4,2,13,1,29,2,3,6,1,7,9,1,10,1,11,,16,,1,21,121.5129292,25.08888973
113,5,5,18,55,2,08士林區,士林區百齡橋與百齡橋口往社子010路燈桿前,0,0,3,2,C03,8,5,5,50,14,11,1,5,4,5,13,4,4,10,4,4,2,13,1,31,2,9,6,1,7,9,1,10,1,13,,44,,1,21,121.5129292,25.08888973
113,5,5,18,55,2,08士林區,士林區百齡橋與百齡橋口往社子010路燈桿前,0,0,3,3,C03,8,5,5,50,14,11,1,5,4,5,13,4,4,10,4,4,2,13,1,59,2,9,6,1,7,7,1,10,1,15,,100,,1,21,121.5129292,25.08888973
113,5,5,19,6,2,08士林區,士林區承德路5段與士商路口,0,0,2,1,B03,7,5,5,60,4,1,1,5,4,5,13,1,1,1,4,5,2,17,1,37,3,10,7,1,7,8,1,8,2,6,,42,,1,22,121.5142615,25.0959202
113,5,5,19,6,2,08士林區,士林區承德路5段與士商路口,0,0,2,2,C03,7,5,5,60,4,1,1,5,4,5,13,1,1,1,4,5,2,17,1,20,2,9,6,1,7,9,1,10,2,12,,42,,1,22,121.5142615,25.0959202
113,5,5,19,6,2,08士林區,士林區承德路5段與士商路口,0,0,2,3,C03,7,5,5,60,4,1,1,5,4,5,13,1,1,1,4,5,2,17,1,44,2,9,6,1,7,9,1,10,2,11,,42,,1,22,121.5142615,25.0959202
113,5,5,19,38,2,10文山區,文山區仙岩路與興隆路2段86巷口,0,0,1,1,C03,8,5,5,50,3,1,1,5,4,5,13,4,4,9,5,5,2,13,1,21,3,10,6,1,7,9,1,10,2,11,,16,,1,21,121.5490014,24.9991241
113,5,5,19,38,2,10文山區,文山區仙岩路與興隆路2段86巷口,0,0,1,2,C03,8,5,5,50,3,1,1,5,4,5,13,4,4,9,5,5,2,13,2,70,2,9,6,1,7,12,1,10,2,13,,44,,1,21,121.5490014,24.9991241
113,5,5,19,39,2,04大安區,大安區通化街與通化街120巷口,0,0,1,1,C03,8,5,5,50,4,1,1,5,4,5,13,4,4,5,5,5,2,12,1,27,3,10,6,4,7,9,1,10,11,15,,108,,2,22,121.5539505,25.0293347
113,5,5,19,39,2,04大安區,大安區通化街與通化街120巷口,0,0,1,2,C03,8,5,5,50,4,1,1,5,4,5,13,4,4,5,5,5,2,12,1,41,2,8,5,1,7,12,1,10,2,12,,44,,1,21,121.5539505,25.0293347
113,5,5,19,40,2,04大安區,大安區大安路1段83巷與仁愛路4段71巷口,0,0,1,1,F01,8,5,5,30,4,1,1,5,4,5,13,4,4,10,5,5,2,17,2,33,2,9,4,1,7,9,8,20,1,11,,108,,1,21,121.5471466,25.0409619
113,5,5,19,40,2,04大安區,大安區大安路1段83巷與仁愛路4段71巷口,0,0,1,2,B03,8,5,5,30,4,1,1,5,4,5,13,4,4,10,5,5,2,17,1,35,3,10,7,1,7,6,1,8,1,3,,44,,1,21,121.5471466,25.0409619
113,5,5,20,21,2,04大安區,大安區仁愛路3段與仁愛路3段118巷口,0,0,1,1,C04,8,5,5,50,3,1,1,5,4,5,13,2,1,5,4,5,2,17,2,20,2,9,6,1,7,5,1,10,1,11,,8,,1,21,121.5398557,25.0383843
113,5,5,20,21,2,04大安區,大安區仁愛路3段與仁愛路3段118巷口,0,0,1,2,C03,8,5,5,50,3,1,1,5,4,5,13,2,1,5,4,5,2,17,2,23,3,10,6,1,7,9,1,10,1,12,,44,,1,21,121.5398557,25.0383843
113,5,5,21,12,2,05中正區,中正區愛國西路與博愛路口,0,0,2,1,C03,8,5,5,50,4,1,1,5,4,5,13,1,1,1,4,1,2,17,1,25,2,9,5,1,7,6,1,10,2,12,,9,,1,21,121.5109026,25.0359265
113,5,5,21,12,2,05中正區,中正區愛國西路與博愛路口,0,0,2,2,C03,8,5,5,50,4,1,1,5,4,5,13,1,1,1,4,1,2,17,1,41,2,9,5,1,7,9,1,10,2,11,,44,,1,21,121.5109026,25.0359265
113,5,5,21,40,2,04大安區,大安區和平東路3段與基隆路2段口口,0,0,1,1,B03,8,5,5,50,5,1,1,5,4,5,13,2,1,1,4,5,2,16,2,42,3,10,7,1,7,6,1,8,1,5,,9,,1,21,121.5521454,25.0243214
113,5,5,21,40,2,04大安區,大安區和平東路3段與基隆路2段口口,0,0,1,2,C03,8,5,5,50,5,1,1,5,4,5,13,2,1,1,4,5,2,16,2,21,2,9,5,1,7,9,1,10,1,14,,44,,1,21,121.5521454,25.0243214
113,5,5,21,50,2,04大安區,大安區辛亥路1段113號,0,0,1,1,,8,5,5,50,14,9,1,5,4,4,13,2,1,1,4,5,2,18,3,0,,,,,,,,,,,,65,,1,,121.5317192,25.0221069
113,5,5,21,50,2,04大安區,大安區辛亥路1段113號,0,0,1,2,C03,8,5,5,50,14,9,1,5,4,4,13,2,1,1,4,5,2,18,2,28,2,9,5,1,7,9,1,10,9,11,,44,,1,22,121.5317192,25.0221069
113,5,5,22,7,2,09北投區,北投區泉源路電桿（泉源幹3號）,0,0,1,1,C03,7,5,5,50,14,9,1,5,4,5,13,4,4,5,5,5,2,29,1,24,2,9,5,1,7,9,1,10,1,11,12,108,,1,21,121.5046711,25.1380328
113,5,5,22,7,2,09北投區,北投區泉源路電桿（泉源幹3號）,0,0,1,2,B03,7,5,5,50,14,9,1,5,4,5,13,4,4,5,5,5,2,29,3,57,,,,,,,,,10,,,67,,1,,121.5046711,25.1380328
113,5,5,22,13,2,03中山區,中山區長春路114巷與長春路口,0,0,1,1,C04,8,5,5,50,3,1,1,5,4,5,13,4,4,9,4,5,2,16,1,54,2,9,5,1,7,5,1,9,2,12,,74,,1,22,121.5284914,25.0548529
113,5,5,22,13,2,03中山區,中山區長春路114巷與長春路口,0,0,1,2,B03,8,5,5,50,3,1,1,5,4,5,13,4,4,9,4,5,2,16,1,44,3,10,7,1,7,1,1,8,2,1,,19,,1,22,121.5284914,25.0548529
113,5,5,22,19,2,09北投區,北投區大度路(燈桿1208598)往淡水,0,0,1,1,C03,8,5,5,50,14,12,1,5,4,5,13,4,4,9,4,4,1,18,2,44,2,9,5,1,7,9,1,10,1,12,,108,,1,21,121.4818695,25.1223916
113,5,5,22,19,2,09北投區,北投區大度路(燈桿1208598)往淡水,0,0,1,2,,8,5,5,50,14,12,1,5,4,5,13,4,4,9,4,4,1,18,3,0,,,,,,,,,,,,67,,1,,121.4818695,25.1223916
113,5,5,22,34,2,10文山區,文山區忠順街1段26巷與忠順街1段26巷27弄口,0,0,2,1,C03,8,5,5,30,4,1,1,5,4,5,12,4,4,10,5,5,2,15,1,23,3,10,6,4,7,9,1,10,1,14,,42,,1,21,121.5598126,24.9820881
113,5,5,22,34,2,10文山區,文山區忠順街1段26巷與忠順街1段26巷27弄口,0,0,2,2,C03,8,5,5,30,4,1,1,5,4,5,12,4,4,10,5,5,2,15,1,24,2,9,5,4,7,9,1,10,1,11,,14,,1,21,121.5598126,24.9820881
113,5,5,22,34,2,10文山區,文山區忠順街1段26巷與忠順街1段26巷27弄口,0,0,2,3,H02,8,5,5,30,4,1,1,5,4,5,12,4,4,10,5,5,2,15,2,24,2,9,5,5,7,20,8,20,10,16,,67,,1,21,121.5598126,24.9820881
113,5,5,22,47,2,10文山區,文山區景中街30巷與景後街口,0,0,1,1,B03,8,5,5,30,4,1,1,5,4,5,13,3,1,10,5,5,2,15,1,31,3,10,7,1,7,9,1,8,2,1,,72,,1,21,121.5428599,24.9920849
113,5,5,22,47,2,10文山區,文山區景中街30巷與景後街口,0,0,1,2,C04,8,5,5,30,4,1,1,5,4,5,13,3,1,10,5,5,2,15,2,15,2,9,6,1,7,9,2,18,2,12,,44,,1,21,121.5428599,24.9920849
113,5,6,1,24,2,07信義區,信義區基隆路2段41號,0,0,1,1,F01,8,5,5,0,14,20,4,5,4,5,13,4,4,10,5,5,2,17,1,42,2,9,4,1,7,9,8,20,1,11,,44,,1,21,121.5586371,25.0312267
113,5,6,1,24,2,07信義區,信義區基隆路2段41號,0,0,1,2,C03,8,5,5,0,14,20,4,5,4,5,13,4,4,10,5,5,2,17,1,51,3,10,5,1,7,15,1,10,1,13,,44,,1,21,121.5586371,25.0312267
113,5,6,1,30,2,06松山區,松山區市民大道5段與基隆路1段口,0,0,1,2,C03,8,5,5,50,5,1,1,5,4,5,13,2,1,1,4,5,2,17,1,36,2,9,5,1,7,9,1,10,1,11,,44,,1,21,121.5690366,25.04911875
113,5,6,1,30,2,06松山區,松山區市民大道5段與基隆路1段口,0,0,1,1,C03,8,5,5,50,5,1,1,5,4,5,13,2,1,1,4,5,2,17,4,0,,,,,,,,,,,,119,,2,,121.5690366,25.04911875
113,5,6,3,27,2,03中山區,中山區中山北路2段與民生西路口,0,0,3,1,B03,8,5,5,50,4,1,1,5,4,5,13,1,1,1,4,1,2,16,1,28,3,10,7,1,7,5,1,8,2,2,,71,,1,22,121.5227554,25.0579342
113,5,6,3,27,2,03中山區,中山區中山北路2段與民生西路口,0,0,3,2,C03,8,5,5,50,4,1,1,5,4,5,13,1,1,1,4,1,2,16,1,22,2,9,5,1,7,9,1,10,2,11,,44,,1,22,121.5227554,25.0579342
113,5,6,3,27,2,03中山區,中山區中山北路2段與民生西路口,0,0,3,3,C03,8,5,5,50,4,1,1,5,4,5,13,1,1,1,4,1,2,16,1,19,2,9,5,1,7,9,1,10,2,11,,44,,1,22,121.5227554,25.0579342
113,5,6,3,27,2,03中山區,中山區中山北路2段與民生西路口,0,0,3,4,H02,8,5,5,50,4,1,1,5,4,5,13,1,1,1,4,1,2,16,2,21,2,9,5,5,7,20,8,20,10,16,,67,,1,22,121.5227554,25.0579342
113,5,6,6,40,2,02萬華區,萬華區東園街73巷與東園街67巷口,0,0,2,1,C03,8,7,5,30,4,1,1,5,4,5,13,4,4,10,5,5,2,15,1,60,2,7,5,1,7,12,1,10,1,11,,44,,1,21,121.4975706,25.0263753
113,5,6,6,40,2,02萬華區,萬華區東園街73巷與東園街67巷口,0,0,2,2,C03,8,7,5,30,4,1,1,5,4,5,13,4,4,10,5,5,2,15,2,49,2,9,5,1,7,9,1,10,1,11,,108,,1,21,121.4975706,25.0263753
113,5,6,6,50,2,09北投區,北投區稻香路161巷與稻香路150巷口,0,0,1,1,B03,7,6,5,30,5,1,1,5,4,5,13,1,1,5,4,5,1,17,1,58,3,10,7,1,7,5,1,8,1,5,,8,,1,21,121.4889665,25.1428062
113,5,6,6,50,2,09北投區,北投區稻香路161巷與稻香路150巷口,0,0,1,2,C03,7,6,5,30,5,1,1,5,4,5,13,1,1,5,4,5,1,17,1,19,2,9,6,1,7,5,1,10,1,14,,8,,1,21,121.4889665,25.1428062
113,5,6,7,30,2,07信義區,信義區松智路30號,0,0,1,1,B12,7,5,5,50,14,9,1,5,4,5,13,1,1,5,5,5,2,13,1,47,3,10,7,1,7,9,1,8,1,1,,107,,1,21,121.5653906,25.0303718
113,5,6,7,30,2,07信義區,信義區松智路30號,0,0,1,2,B01,7,5,5,50,14,9,1,5,4,5,13,1,1,5,5,5,2,13,1,36,2,6,7,1,7,9,1,4,1,3,,44,,1,21,121.5653906,25.0303718
113,5,6,7,44,2,04大安區,大安區辛亥路3段東往西(燈桿0503704),0,0,2,1,C03,8,7,5,50,14,9,1,5,4,5,13,4,4,1,3,5,1,13,1,38,2,9,6,4,7,9,6,18,9,11,,16,,1,22,121.5473975,25.0187578