發生年度,發生月,發生日,發生時-Hours,發生分,處理別-編號,區序,肇事地點,死亡人數,2-30日死亡人數,受傷人數,當事人序號,車種,天候,道路照明設備,道路類別,速限-速度限制,道路型態,事故位置,路面狀況1,路面狀況2,路面狀況3,道路障礙1,道路障礙2,號誌1,號誌2,車道劃分-分向,車道劃分-分道1,車道劃分-分道2,車道劃分-分道3,事故類型及型態,性別,年齡,受傷程度,主要傷處,保護裝置,行動電話,車輛用途,當事者行動狀態,駕駛資格情形,駕駛執照種類,飲酒情形,車輛撞擊部位1,車輛撞擊部位2,肇因碼-個別,肇因碼-主要,個人肇逃否,職業,座標-X,座標-Y
113,5,6,7,44,2,04大安區,大安區辛亥路3段東往西(燈桿0503704),0,0,2,2,C03,8,7,5,50,14,9,1,5,4,5,13,4,4,1,3,5,1,13,2,43,2,9,6,4,7,9,1,10,9,13,,44,,1,22,121.5473975,25.0187578
113,5,6,7,45,2,07信義區,信義區市民大道5段與東興路口,0,0,1,1,C03,8,7,5,50,4,3,1,5,4,5,13,2,1,3,4,5,2,13,1,45,2,9,5,1,7,9,1,10,1,11,,16,,1,21,121.565739,25.04816
113,5,6,7,45,2,07信義區,信義區市民大道5段與東興路口,0,0,1,2,C03,8,7,5,50,4,3,1,5,4,5,13,2,1,3,4,5,2,13,1,33,3,10,5,1,7,14,1,10,1,12,,44,,1,21,121.565739,25.04816
113,5,6,7,46,2,09北投區,北投區磺港路與新市街口,0,0,1,1,B03,8,7,5,50,3,2,1,5,4,5,13,4,4,5,5,5,1,16,2,49,3,10,7,1,7,11,1,8,1,1,,10,,1,22,121.502754,25.1329749
113,5,6,7,46,2,09北投區,北投區磺港路與新市街口,0,0,1,2,C03,8,7,5,50,3,2,1,5,4,5,13,4,4,5,5,5,1,16,2,22,2,9,6,1,7,9,1,10,1,14,,44,,1,22,121.502754,25.1329749
113,5,6,7,53,2,06松山區,松山區健康路325巷與健康路325巷19弄口,0,0,1,1,C03,8,6,5,30,4,2,1,5,4,5,13,4,4,10,3,5,2,16,1,68,2,9,6,1,7,6,1,10,1,14,,9,,1,21,121.5671776,25.05596435
113,5,6,7,53,2,06松山區,松山區健康路325巷與健康路325巷19弄口,0,0,1,2,B03,8,6,5,30,4,2,1,5,4,5,13,4,4,10,3,5,2,16,1,53,3,10,3,4,7,9,1,8,1,2,,44,,1,21,121.5671776,25.05596435
113,5,6,7,59,2,10文山區,文山區景後街190號,0,0,2,1,C03,8,6,5,50,14,9,1,5,4,5,13,4,4,9,5,5,2,16,1,29,2,8,6,1,7,11,1,10,1,14,,11,,1,21,121.5417872,24.99002243
113,5,6,7,59,2,10文山區,文山區景後街190號,0,0,2,2,C03,8,6,5,50,14,9,1,5,4,5,13,4,4,9,5,5,2,16,1,54,2,9,6,1,7,4,1,10,1,12,,16,,1,21,121.5417872,24.99002243
113,5,6,8,0,2,03中山區,中山區建國北路3段與民權東路3段口,0,0,1,1,C03,8,7,5,50,4,2,1,5,4,5,13,1,1,1,4,5,2,12,1,19,2,9,6,1,7,8,1,10,2,12,,100,,1,21,121.5374026,25.062474
113,5,6,8,0,2,03中山區,中山區建國北路3段與民權東路3段口,0,0,1,2,C03,8,7,5,50,4,2,1,5,4,5,13,1,1,1,4,5,2,12,1,29,3,10,6,1,7,9,1,10,2,14,,44,,1,21,121.5374026,25.062474
113,5,6,8,1,2,12內湖區,內湖區東湖路113巷49弄與東湖路113巷49弄口,0,0,1,1,C03,8,5,5,30,3,1,1,5,4,5,13,4,4,10,5,5,1,16,2,53,2,9,5,1,7,6,1,10,1,14,,99,,1,21,121.6153261,25.07040719
113,5,6,8,1,2,12內湖區,內湖區東湖路113巷49弄與東湖路113巷49弄口,0,0,1,2,B03,8,5,5,30,3,1,1,5,4,5,13,4,4,10,5,5,1,16,1,50,3,10,7,1,7,9,1,8,1,2,,99,,1,21,121.6153261,25.07040719
113,5,6,8,5,2,09北投區,北投區育仁路與大同街口,0,0,2,1,C03,8,7,5,30,4,1,1,5,4,5,13,4,4,10,5,5,2,15,2,72,2,8,6,1,7,9,1,10,9,14,,84,,1,21,121.4984385,25.1338528
113,5,6,8,5,2,09北投區,北投區育仁路與大同街口,0,0,2,2,C03,8,7,5,30,4,1,1,5,4,5,13,4,4,10,5,5,2,15,2,57,3,10,6,1,7,9,1,10,1,12,,5,,1,21,121.4984385,25.1338528
113,5,6,8,5,2,09北投區,北投區育仁路與大同街口,0,0,2,3,H02,8,7,5,30,4,1,1,5,4,5,13,4,4,10,5,5,2,15,2,27,2,9,6,5,7,20,8,20,10,16,,67,,1,21,121.4984385,25.1338528
113,5,6,8,21,2,03中山區,中山區復興北路與民權東路3段口,0,0,1,1,C03,8,6,5,50,4,1,1,5,4,5,13,1,1,1,4,5,2,13,1,28,2,9,6,1,7,9,1,10,1,11,,16,,1,21,121.5441389,25.0623145
113,5,6,8,21,2,03中山區,中山區復興北路與民權東路3段口,0,0,1,2,B03,8,6,5,50,4,1,1,5,4,5,13,1,1,1,4,5,2,13,1,42,3,10,7,1,7,12,1,8,1,6,1,16,,1,21,121.5441389,25.0623145
113,5,6,8,21,2,03中山區,中山區復興北路與民權東路3段口,0,0,1,3,B03,8,6,5,50,4,1,1,5,4,5,13,1,1,1,4,5,2,13,2,46,3,10,7,1,7,12,1,8,1,3,,44,,1,21,121.5441389,25.0623145
113,5,6,8,46,2,05中正區,中正區中華路1段與秀山街口,0,0,2,1,C03,8,5,8,50,3,2,1,5,4,5,13,4,4,8,4,1,2,17,1,29,3,10,5,1,7,15,1,10,1,17,,44,,1,21,121.5086836,25.0429059
113,5,6,8,46,2,05中正區,中正區中華路1段與秀山街口,0,0,2,2,C03,8,5,8,50,3,2,1,5,4,5,13,4,4,8,4,1,2,17,1,28,2,9,5,1,7,12,1,10,1,13,,44,,1,21,121.5086836,25.0429059
113,5,6,8,46,2,05中正區,中正區中華路1段與秀山街口,0,0,2,3,C03,8,5,8,50,3,2,1,5,4,5,13,4,4,8,4,1,2,17,1,33,2,8,5,1,7,9,1,10,1,11,,108,,1,21,121.5086836,25.0429059
113,5,6,8,55,2,09北投區,北投區福美路與福善路口,0,0,2,1,B03,7,6,5,50,4,1,1,5,4,5,13,4,4,5,4,5,1,15,2,50,3,10,7,1,7,9,1,8,1,1,,80,,1,21,121.5065937,25.1004741
113,5,6,8,55,2,09北投區,北投區福美路與福善路口,0,0,2,2,C03,7,6,5,50,4,1,1,5,4,5,13,4,4,5,4,5,1,15,2,28,2,9,6,1,7,9,1,10,1,11,,44,,1,21,121.5065937,25.1004741
113,5,6,8,55,2,09北投區,北投區福美路與福善路口,0,0,2,3,H02,7,6,5,50,4,1,1,5,4,5,13,4,4,5,4,5,1,15,2,52,2,9,6,5,7,20,8,20,10,16,,67,,1,21,121.5065937,25.1004741
113,5,6,9,15,2,11南港區,南港區忠孝東路6段與向陽路口,0,0,1,1,B02,8,5,5,50,5,2,1,5,4,5,13,1,1,5,5,5,2,17,1,50,3,10,7,1,7,9,1,8,1,2,,44,,1,21,121.5955807,25.0507868
113,5,6,9,15,2,11南港區,南港區忠孝東路6段與向陽路口,0,0,1,2,C03,8,5,5,50,5,2,1,5,4,5,13,1,1,5,5,5,2,17,2,26,2,5,5,1,7,5,1,10,1,14,,8,,1,21,121.5955807,25.0507868
113,5,6,9,22,2,02萬華區,萬華區貴陽街2段與貴陽街2段164巷口,0,0,2,1,C03,8,6,5,40,3,1,4,5,4,5,13,4,4,10,5,5,2,3,1,20,2,7,6,1,7,9,1,10,1,11,,13,,1,26,121.5011844,25.0402068
113,5,6,9,22,2,02萬華區,萬華區貴陽街2段與貴陽街2段164巷口,0,0,2,2,H01,8,6,5,40,3,1,4,5,4,5,13,4,4,10,5,5,2,3,2,65,2,9,4,5,8,16,8,20,1,16,,67,,1,21,121.5011844,25.0402068
113,5,6,9,30,2,03中山區,中山區復興北路與南京東路3段口,0,0,2,1,C03,8,7,5,50,4,2,1,5,4,5,13,1,1,1,4,5,2,16,1,26,2,4,6,1,7,6,1,10,1,12,,9,,1,21,121.5439409,25.05205178
113,5,6,9,30,2,03中山區,中山區復興北路與南京東路3段口,0,0,2,2,C03,8,7,5,50,4,2,1,5,4,5,13,1,1,1,4,5,2,16,1,26,2,8,6,1,7,9,1,10,1,14,,44,,1,21,121.5439409,25.05205178
113,5,6,9,30,2,08士林區,士林區仰德大道4段32巷下方50公尺,0,0,2,1,C03,8,5,5,40,14,9,1,5,4,5,13,4,4,5,5,5,1,17,1,20,2,9,6,1,7,15,1,10,2,12,,42,,1,21,121.548678,25.12770928
113,5,6,9,30,2,08士林區,士林區仰德大道4段32巷下方50公尺,0,0,2,2,C03,8,5,5,40,14,9,1,5,4,5,13,4,4,5,5,5,1,17,1,19,2,7,6,1,7,9,1,10,2,14,,42,,1,21,121.548678,25.12770928
113,5,6,9,35,2,01大同區,大同區鄭州路與延平北路1段口,0,0,1,1,B03,7,6,5,30,4,1,1,5,4,5,13,2,1,1,4,5,2,17,1,34,3,10,3,4,7,5,1,8,1,5,,8,,1,22,121.5118984,25.0499977
113,5,6,9,35,2,01大同區,大同區鄭州路與延平北路1段口,0,0,1,2,C03,7,6,5,30,4,1,1,5,4,5,13,2,1,1,4,5,2,17,2,48,2,9,6,4,7,9,1,10,1,14,,44,,1,22,121.5118984,25.0499977
113,5,6,9,41,2,06松山區,松山區民生東路4段與民生東路4段97巷口,0,0,1,1,C03,7,6,5,50,3,2,1,5,4,5,13,1,1,1,3,5,2,18,1,26,2,9,6,1,7,9,1,10,1,12,,42,,1,21,121.5522599,25.05802458
113,5,6,9,41,2,06松山區,松山區民生東路4段與民生東路4段97巷口,0,0,1,2,,7,6,5,50,3,2,1,5,4,5,13,1,1,1,3,5,2,18,3,,,,,,,,,,,,,67,,1,,121.5522599,25.05802458
113,5,6,9,43,2,02萬華區,萬華區堤外便道北往南靠近忠孝橋,0,0,1,1,C03,8,7,8,40,14,11,1,5,4,5,13,4,4,9,5,5,2,18,1,26,2,9,5,1,7,9,1,10,1,14,,42,,1,21,121.5055257,25.0490344
113,5,6,9,43,2,02萬華區,萬華區堤外便道北往南靠近忠孝橋,0,0,1,2,,8,7,8,40,14,11,1,5,4,5,13,4,4,9,5,5,2,18,3,0,,,,,,,,,,,,67,,1,,121.5055257,25.0490344
113,5,6,10,0,2,08士林區,士林區中山北路6段與福國路口,0,0,1,1,B01,8,5,5,50,14,9,1,5,4,5,13,4,4,3,4,5,1,13,1,62,3,10,7,1,7,9,1,8,2,1,,108,,1,21,121.5253363,25.1030646
113,5,6,10,0,2,08士林區,士林區中山北路6段與福國路口,0,0,1,2,F01,8,5,5,50,14,9,1,5,4,5,13,4,4,3,4,5,1,13,1,81,2,9,4,1,7,9,8,20,2,13,,44,,1,21,121.5253363,25.1030646
113,5,6,10,7,2,03中山區,中山區長春路172號,0,0,1,1,B11,7,5,5,40,14,8,1,5,4,5,13,4,4,5,5,4,2,17,1,58,3,10,3,4,7,13,1,4,1,8,,40,,1,21,121.533823,25.05458
113,5,6,10,7,2,03中山區,中山區長春路172號,0,0,1,2,F01,7,5,5,40,14,8,1,5,4,5,13,4,4,5,5,4,2,17,2,46,2,9,3,4,7,9,8,20,1,12,,44,,1,21,121.533823,25.05458
113,5,6,10,9,2,10文山區,文山區萬芳路52之8號對面,0,0,1,1,B03,8,6,5,50,14,9,1,5,4,5,13,4,4,5,4,5,2,16,1,52,3,10,7,1,7,11,1,8,2,4,,10,,1,21,121.5709526,24.9979065
113,5,6,10,9,2,10文山區,文山區萬芳路52之8號對面,0,0,1,2,C03,8,6,5,50,14,9,1,5,4,5,13,4,4,5,4,5,2,16,1,56,2,9,5,1,7,9,1,10,2,11,,44,,1,21,121.5709526,24.9979065
113,5,6,10,30,2,05中正區,中正區懷寧街與貴陽街1段口,0,0,1,1,C03,8,5,5,50,3,1,1,5,4,5,13,4,4,9,4,5,1,16,2,22,2,9,5,1,7,5,1,10,1,14,,8,,1,21,121.5136483,25.0387123
113,5,6,10,30,2,05中正區,中正區懷寧街與貴陽街1段口,0,0,1,2,C03,8,5,5,50,3,1,1,5,4,5,13,4,4,9,4,5,1,16,1,24,3,10,5,1,7,9,1,10,1,12,,44,,1,21,121.5136483,25.0387123
113,5,6,10,43,2,07信義區,信義區忠孝東路5段與基隆路1段口,0,0,1,1,B03,7,5,5,50,4,2,1,5,4,5,13,1,1,5,5,5,1,12,2,42,3,10,7,1,7,9,1,8,2,5,,44,,1,21,121.5647313,25.0412071
113,5,6,10,43,2,07信義區,信義區忠孝東路5段與基隆路1段口,0,0,1,2,C03,7,5,5,50,4,2,1,5,4,5,13,1,1,5,5,5,1,12,1,70,2,9,5,1,7,7,1,10,2,13,,100,,1,21,121.5647313,25.0412071
113,5,6,11,22,2,09北投區,北投區大度路8km處,0,0,1,1,C03,8,6,5,50,14,12,1,5,4,5,13,4,4,1,4,1,1,13,1,39,2,8,5,1,7,9,1,10,1,11,,16,,1,21,121.4926422,25.1217247
113,5,6,11,22,2,09北投區,北投區大度路8km處,0,0,1,2,B03,8,6,5,50,14,12,1,5,4,5,13,4,4,1,4,1,1,13,1,57,3,10,7,1,7,9,1,8,1,3,,14,,1,21,121.4926422,25.1217247
113,5,6,11,30,2,06松山區,松山區敦化北路100號,0,0,1,1,B01,8,5,5,50,14,8,1,5,4,5,13,4,4,1,4,4,2,16,1,48,3,10,7,1,7,6,1,4,1,2,,9,,1,21,121.548731,25.05310203
113,5,6,11,30,2,06松山區,松山區敦化北路100號,0,0,1,2,C03,8,5,5,50,14,8,1,5,4,5,13,4,4,1,4,4,2,16,1,30,2,1,5,1,7,9,1,10,1,14,,44,,1,21,121.548731,25.05310203
113,5,6,12,7,2,08士林區,士林區福林路與至善路1段口,0,0,2,1,C03,8,6,5,50,3,2,1,5,4,5,13,1,1,5,4,5,1,17,1,54,2,9,5,1,7,6,1,10,1,13,,82,,1,21,121.5366445,25.09959325
113,5,6,12,7,2,08士林區,士林區福林路與至善路1段口,0,0,2,2,C01,8,6,5,50,3,2,1,5,4,5,13,1,1,5,4,5,1,17,1,23,2,9,6,1,7,9,1,9,1,11,,44,,1,21,121.5366445,25.09959325
113,5,6,13,26,2,07信義區,信義區基隆路2段131號,0,0,1,1,C01,7,5,5,50,14,9,1,5,4,5,13,4,4,5,5,5,2,13,1,31,2,9,5,1,7,9,1,9,1,11,,14,,1,21,121.555674,25.0270098
113,5,6,13,26,2,07信義區,信義區基隆路2段131號,0,0,1,2,C03,7,5,5,50,14,9,1,5,4,5,13,4,4,5,5,5,2,13,1,34,3,10,5,1,7,9,1,9,1,13,,44,,1,21,121.555674,25.0270098
113,5,6,14,0,2,03中山區,中山區中山北路2段26巷12號前,0,0,1,1,C03,8,5,5,30,14,9,1,5,4,5,13,4,4,10,1,5,2,17,1,32,2,9,3,4,7,9,1,10,1,11,,108,,1,21,121.5215188,25.053998
113,5,6,14,0,2,03中山區,中山區中山北路2段26巷12號前,0,0,1,2,C03,8,5,5,30,14,9,1,5,4,5,13,4,4,10,1,5,2,17,1,23,3,10,3,4,7,13,1,10,1,13,,38,,1,22,121.5215188,25.053998
113,5,6,14,13,2,06松山區,松山區敦化北路145巷與敦化北路145巷18弄口,0,0,1,1,C03,8,5,5,30,4,1,1,5,4,5,13,4,4,8,3,5,1,15,2,27,2,9,3,1,7,9,1,10,1,11,,14,,1,21,121.5511465,25.0537772
113,5,6,14,13,2,06松山區,松山區敦化北路145巷與敦化北路145巷18弄口,0,0,1,2,B03,8,5,5,30,4,1,1,5,4,5,13,4,4,8,3,5,1,15,1,52,3,10,3,1,7,9,1,8,1,5,,44,,1,21,121.5511465,25.0537772
113,5,6,15,5,2,11南港區,南港區忠孝東路6段278巷與忠孝東路6段278巷22弄口,0,0,1,1,C03,8,7,5,30,4,2,1,5,4,5,13,4,4,5,5,5,2,15,2,62,2,9,5,1,7,9,1,10,1,11,,99,,1,21,121.5895759,25.0483887
113,5,6,15,5,2,11南港區,南港區忠孝東路6段278巷與忠孝東路6段278巷22弄口,0,0,1,2,B03,8,7,5,30,4,2,1,5,4,5,13,4,4,5,5,5,2,15,1,62,3,10,7,1,7,9,1,8,1,8,,108,,1,21,121.5895759,25.0483887
113,5,6,16,41,2,09北投區,北投區天母西路130巷3號,0,0,3,1,C03,8,5,5,50,14,9,1,5,4,5,13,4,4,9,4,5,1,17,1,55,2,8,6,1,7,1,1,10,2,14,,19,,1,21,121.5222405,25.1187341
113,5,6,16,41,2,09北投區,北投區天母西路130巷3號,0,0,3,2,C03,8,5,5,50,14,9,1,5,4,5,13,4,4,9,4,5,1,17,1,41,2,7,5,1,7,9,1,10,2,11,,44,,1,21,121.5222405,25.1187341
113,5,6,16,41,2,09北投區,北投區天母西路130巷3號,0,0,3,3,H02,8,5,5,50,14,9,1,5,4,5,13,4,4,9,4,5,1,17,2,8,2,8,7,5,7,20,8,20,10,17,,67,,1,14,121.5222405,25.1187341
113,5,6,16,47,2,02萬華區,萬華區長沙街2段51號,0,0,1,1,B03,8,7,5,50,14,7,1,5,4,5,13,4,4,5,3,5,2,11,1,23,3,10,7,1,7,5,1,8,1,5,,8,,1,22,121.5057136,25.0408518
113,5,6,16,47,2,02萬華區,萬華區長沙街2段51號,0,0,1,2,C03,8,7,5,50,14,7,1,5,4,5,13,4,4,5,3,5,2,11,1,34,2,8,6,1,7,9,1,10,1,14,,13,,1,22,121.5057136,25.0408518
113,5,6,16,52,2,05中正區,中正區牯嶺街12號,0,0,1,2,C03,8,7,5,50,14,9,1,5,4,5,13,4,4,5,5,5,2,17,2,21,2,9,5,1,7,9,1,10,2,12,,44,,1,22,121.5158574,25.0307665
113,5,6,16,52,2,05中正區,中正區牯嶺街12號,0,0,1,1,B03,8,7,5,50,14,9,1,5,4,5,13,4,4,5,5,5,2,17,2,35,3,10,7,1,7,13,1,8,2,4,,38,,1,22,121.5158574,25.0307665
113,5,6,16,58,2,03中山區,中山區中山北路2段與民權東路1段口,0,0,1,1,C03,8,6,5,50,4,1,1,5,4,5,13,1,1,3,4,5,2,13,1,18,3,10,6,1,7,9,1,10,1,11,,16,,1,21,121.5228663,25.06280363
113,5,6,16,58,2,03中山區,中山區中山北路2段與民權東路1段口,0,0,1,2,C03,8,6,5,50,4,1,1,5,4,5,13,1,1,3,4,5,2,13,2,56,2,9,6,1,7,11,1,10,1,13,,44,,1,21,121.5228663,25.06280363
113,5,6,17,10,2,03中山區,中山區南京東路2段與林森北路口,0,0,1,1,B02,8,7,5,50,4,2,1,5,4,5,13,1,1,1,4,4,2,17,1,21,3,10,3,4,7,7,1,8,1,5,,100,,1,21,121.5256939,25.0522072
113,5,6,17,10,2,03中山區,中山區南京東路2段與林森北路口,0,0,1,2,B01,8,7,5,50,4,2,1,5,4,5,13,1,1,1,4,4,2,17,1,52,3,10,3,4,7,9,1,2,1,8,,44,,1,21,121.5256939,25.0522072
113,5,6,17,10,2,03中山區,中山區南京東路2段與林森北路口,0,0,1,3,H02,8,7,5,50,4,2,1,5,4,5,13,1,1,1,4,4,2,17,2,61,2,7,3,5,7,20,8,20,10,16,,67,,1,21,121.5256939,25.0522072
113,5,6,17,30,2,12內湖區,內湖區康寧路3段與五分街口,0,0,1,1,C04,8,5,5,50,3,2,1,5,4,5,13,2,1,1,4,5,1,13,2,68,2,9,5,1,7,9,1,8,1,11,,16,,1,21,121.6120226,25.067914
113,5,6,17,30,2,12內湖區,內湖區康寧路3段與五分街口,0,0,1,2,B03,8,5,5,50,3,2,1,5,4,5,13,2,1,1,4,5,1,13,1,58,3,10,7,1,7,12,1,8,1,3,,44,,1,21,121.6120226,25.067914
113,5,6,17,30,2,12內湖區,內湖區康寧路3段與五分街口,0,0,1,3,C03,8,5,5,50,3,2,1,5,4,5,13,2,1,1,4,5,1,13,1,62,3,10,5,1,7,8,1,10,9,17,,100,,1,21,121.6120226,25.067914
113,5,6,17,37,2,07信義區,信義區忠孝東路5段236巷2弄與忠孝東路5段236巷口,0,0,1,1,C03,8,5,5,50,4,1,1,5,4,5,13,4,4,10,5,5,2,15,1,33,2,7,5,1,7,9,1,10,1,11,,72,,1,21,121.5718749,25.0404346
113,5,6,17,37,2,07信義區,信義區忠孝東路5段236巷2弄與忠孝東路5段236巷口,0,0,1,2,C03,8,5,5,50,4,1,1,5,4,5,13,4,4,10,5,5,2,15,1,58,3,10,5,1,7,15,1,10,1,13,,44,,1,21,121.5718749,25.0404346
113,5,6,17,49,2,02萬華區,萬華區漢口街2段90巷與漢口街2段90巷8弄口,0,0,2,1,C03,7,5,5,30,4,1,1,5,4,5,13,4,4,10,5,5,1,15,1,30,2,9,3,4,7,9,1,10,1,11,,80,,1,22,121.5042265,25.0458091
113,5,6,17,49,2,02萬華區,萬華區漢口街2段90巷與漢口街2段90巷8弄口,0,0,2,2,C03,7,5,5,30,4,1,1,5,4,5,13,4,4,10,5,5,1,15,1,33,2,9,3,4,7,9,1,10,1,11,,13,,1,22,121.5042265,25.0458091
113,5,6,17,50,2,12內湖區,內湖區南湖大橋與康寧路3段口,0,0,1,1,B12,8,6,5,50,5,2,1,5,4,5,13,2,1,9,4,5,1,13,1,67,3,10,7,1,7,9,1,8,9,5,,16,,1,21,121.6109861,25.06492602
113,5,6,17,50,2,12內湖區,內湖區南湖大橋與康寧路3段口,0,0,1,2,C03,8,6,5,50,5,2,1,5,4,5,13,2,1,9,4,5,1,13,1,56,2,9,6,1,7,14,1,10,9,13,,44,,1,21,121.6109861,25.06492602
113,5,6,17,56,2,04大安區,大安區基隆路3段與基隆路3段156巷口,0,0,1,1,B03,7,5,5,50,5,1,1,5,4,5,13,1,1,10,5,5,2,13,2,47,3,10,7,1,7,9,1,8,1,4,,108,,1,21,121.5424326,25.0157869
113,5,6,17,56,2,04大安區,大安區基隆路3段與基隆路3段156巷口,0,0,1,2,C03,7,5,5,50,5,1,1,5,4,5,13,1,1,10,5,5,2,13,2,36,2,8,5,1,7,14,1,16,1,13,,44,,1,21,121.5424326,25.0157869
113,5,6,18,16,2,01大同區,大同區寧夏路與保安街口,0,0,1,1,C03,8,5,5,50,4,1,1,5,4,5,13,2,1,5,4,5,2,17,2,45,2,9,6,1,7,5,1,10,1,11,,8,,1,21,121.5147897,25.0593721
113,5,6,18,16,2,01大同區,大同區寧夏路與保安街口,0,0,1,2,B03,8,5,5,50,4,1,1,5,4,5,13,2,1,5,4,5,2,17,1,24,3,10,7,1,7,7,1,8,1,8,,100,,1,21,121.5147897,25.0593721
113,5,6,18,40,2,06松山區,松山區松河街3號,0,0,3,1,B02,7,5,5,40,14,9,1,5,4,5,13,2,1,4,5,5,2,12,1,31,2,9,7,1,7,15,1,8,1,2,,9,,1,22,121.5720751,25.0508329
113,5,6,18,40,2,06松山區,松山區松河街3號,0,0,3,2,C03,7,5,5,40,14,9,1,5,4,5,13,2,1,4,5,5,2,12,1,38,2,9,6,1,7,9,1,10,1,11,,14,,1,22,121.5720751,25.0508329
113,5,6,18,40,2,06松山區,松山區松河街3號,0,0,3,3,H02,7,5,5,40,14,9,1,5,4,5,13,2,1,4,5,5,2,12,2,29,2,9,6,5,7,21,8,20,10,16,,67,,1,22,121.5720751,25.0508329
113,5,6,18,54,2,03中山區,中山區民生東路3段3號與建國北路2段口,0,0,1,1,B01,8,5,5,50,4,2,1,5,4,5,13,1,1,1,4,4,2,13,2,62,3,10,7,1,7,7,1,4,2,5,,100,,1,22,121.5373759,25.0579556
113,5,6,18,54,2,03中山區,中山區民生東路3段3號與建國北路2段口,0,0,1,2,C03,8,5,5,50,4,2,1,5,4,5,13,1,1,1,4,4,2,13,2,49,2,9,5,1,7,9,1,10,2,13,,44,,1,22,121.5373759,25.0579556
113,5,6,18,55,2,03中山區,中山區南京東路2段與建國北路2段口,0,0,2,1,B03,8,5,5,50,4,1,1,5,4,5,13,1,1,1,4,4,2,16,1,24,3,10,7,1,7,6,1,8,1,5,,9,,1,21,121.5365327,25.05189435
113,5,6,18,55,2,03中山區,中山區南京東路2段與建國北路2段口,0,0,2,2,C03,8,5,5,50,4,1,1,5,4,5,13,1,1,1,4,4,2,16,1,32,2,9,6,1,7,9,1,10,1,14,,44,,1,21,121.5365327,25.05189435
113,5,6,18,55,2,03中山區,中山區南京東路2段與建國北路2段口,0,0,2,3,H02,8,5,5,50,4,1,1,5,4,5,13,1,1,1,4,4,2,16,2,24,2,9,6,5,7,21,8,20,10,16,,67,,1,21,121.5365327,25.05189435
113,5,6,19,19,2,04大安區,大安區基隆路3段與臥龍街口口,0,0,1,1,B03,8,5,5,50,4,1,1,5,4,5,13,4,4,10,4,5,2,17,1,38,3,10,7,1,7,6,1,8,1,5,,74,,1,22,121.5483671,25.0204361
113,5,6,19,19,2,04大安區,大安區基隆路3段與臥龍街口口,0,0,1,2,C03,8,5,5,50,4,1,1,5,4,5,13,4,4,10,4,5,2,17,2,19,2,8,5,1,7,9,1,10,1,14,,44,,1,22,121.5483671,25.0204361
113,5,6,19,20,2,04大安區,大安區和平東路2段與瑞安街口,0,0,2,1,C03,7,5,5,50,4,2,1,5,4,5,13,1,1,10,5,4,2,13,1,63,2,9,5,1,7,8,1,10,1,12,,100,,1,21,121.5387454,25.0256316
113,5,6,19,20,2,04大安區,大安區和平東路2段與瑞安街口,0,0,2,2,C03,7,5,5,50,4,2,1,5,4,5,13,1,1,10,5,4,2,13,1,23,2,9,5,1,7,9,1,10,1,14,,108,,1,21,121.5387454,25.0256316
113,5,6,19,53,2,06松山區,松山區民權東路3段146號,0,0,2,1,C03,7,5,5,50,14,9,1,5,4,5,13,4,4,1,4,5,2,17,2,24,2,9,6,1,7,9,1,10,2,11,,16,,1,21,121.547143,25.0619759
113,5,6,19,53,2,06松山區,松山區民權東路3段146號,0,0,2,2,C03,7,5,5,50,14,9,1,5,4,5,13,4,4,1,4,5,2,17,1,42,2,8,6,1,7,14,1,10,2,14,,44,,1,21,121.547143,25.0619759
113,5,6,19,53,2,06松山區,松山區民權東路3段146號,0,0,2,3,C03,7,5,5,50,14,9,1,5,4,5,13,4,4,1,4,5,2,17,1,27,3,10,6,1,7,14,1,10,2,13,,44,,1,21,121.547143,25.0619759
113,5,6,19,53,2,06松山區,松山區民權東路3段146號,0,0,2,4,A06,7,5,5,50,14,9,1,5,4,5,13,4,4,1,4,5,2,17,1,47,3,10,7,1,7,9,1,2,2,5,,44,,1,21,121.547143,25.0619759
113,5,6,19,53,2,06松山區,松山區民權東路3段146號,0,0,2,5,B01,7,5,5,50,14,9,1,5,4,5,13,4,4,1,4,5,2,17,2,44,3,10,7,1,7,1,1,4,2,17,,19,,1,21,121.547143,25.0619759
113,5,6,19,53,2,06松山區,松山區民權東路3段146號,0,0,2,6,B03,7,5,5,50,14,9,1,5,4,5,13,4,4,1,4,5,2,17,1,68,3,10,7,1,7,14,1,8,11,17,,38,,1,21,121.547143,25.0619759
113,5,6,20,18,2,02萬華區,萬華區環河南路1段19號,0,0,1,1,C03,8,5,5,50,14,9,1,5,4,1,12,1,1,9,4,5,2,17,1,19,2,8,6,4,7,9,1,10,1,11,,16,,1,21,121.5043295,25.0471054
113,5,6,20,18,2,02萬華區,萬華區環河南路1段19號,0,0,1,2,C03,8,5,5,50,14,9,1,5,4,1,12,1,1,9,4,5,2,17,1,19,3,10,6,4,7,9,1,10,1,13,,44,,1,21,121.5043295,25.0471054
113,5,6,20,18,2,02萬華區,萬華區環河南路1段19號,0,0,1,3,H03,8,5,5,50,14,9,1,5,4,1,12,1,1,9,4,5,2,17,1,68,3,10,4,5,8,20,8,20,11,17,,60,,1,22,121.5043295,25.0471054
113,5,6,20,18,2,02萬華區,萬華區環河南路1段19號,0,0,1,4,H03,8,5,5,50,14,9,1,5,4,1,12,1,1,9,4,5,2,17,1,46,3,10,4,5,8,20,8,20,10,17,,60,,1,22,121.5043295,25.0471054
113,5,6,20,22,2,04大安區,大安區和平東路3段與和平東路3段70巷口口,0,0,2,1,C03,8,5,5,50,4,1,1,5,4,5,13,2,1,1,4,5,2,15,1,43,2,9,5,1,7,9,1,10,1,11,,81,,1,21,121.5506073,25.02455339