發生年度,發生月,發生日,發生時-Hours,發生分,處理別-編號,區序,肇事地點,死亡人數,2-30日死亡人數,受傷人數,當事人序號,車種,天候,道路照明設備,道路類別,速限-速度限制,道路型態,事故位置,路面狀況1,路面狀況2,路面狀況3,道路障礙1,道路障礙2,號誌1,號誌2,車道劃分-分向,車道劃分-分道1,車道劃分-分道2,車道劃分-分道3,事故類型及型態,性別,年齡,受傷程度,主要傷處,保護裝置,行動電話,車輛用途,當事者行動狀態,駕駛資格情形,駕駛執照種類,飲酒情形,車輛撞擊部位1,車輛撞擊部位2,肇因碼-個別,肇因碼-主要,個人肇逃否,職業,座標-X,座標-Y
113,5,6,20,22,2,04大安區,大安區和平東路3段與和平東路3段70巷口口,0,0,2,2,C03,8,5,5,50,4,1,1,5,4,5,13,2,1,1,4,5,2,15,1,32,2,9,6,1,7,9,1,10,1,14,,44,,1,21,121.5506073,25.02455339
113,5,6,20,35,2,05中正區,中正區金山南路1段108號,0,0,1,1,C03,7,5,5,50,14,9,1,5,4,5,13,1,1,3,4,5,2,3,2,24,3,10,6,1,7,11,3,18,2,11,,42,,1,22,121.5273967,25.0350695
113,5,6,20,35,2,05中正區,中正區金山南路1段108號,0,0,1,2,H01,7,5,5,50,14,9,1,5,4,5,13,1,1,3,4,5,2,3,2,62,2,9,4,5,8,16,8,20,10,16,,67,,1,22,121.5273967,25.0350695
113,5,6,20,36,2,10文山區,文山區景美堤外便道(南向北，福和004燈桿),0,0,2,1,F01,8,5,8,0,14,23,1,5,4,5,13,4,4,9,4,5,2,3,1,20,2,7,4,1,7,9,8,20,2,11,,107,,1,21,121.53523,24.99798426
113,5,6,20,36,2,10文山區,文山區景美堤外便道(南向北，福和004燈桿),0,0,2,2,H01,8,5,8,0,14,23,1,5,4,5,13,4,4,9,4,5,2,3,2,34,2,9,4,5,8,16,8,20,10,16,,53,,1,21,121.53523,24.99798426
113,5,6,20,50,2,05中正區,中正區徐州路2號,0,0,1,1,B01,8,5,5,50,14,9,1,5,4,5,13,4,4,9,4,5,2,17,1,55,3,10,7,1,7,1,1,4,2,1,,19,,1,21,121.520275,25.0414545
113,5,6,20,50,2,05中正區,中正區徐州路2號,0,0,1,2,C04,8,5,5,50,14,9,1,5,4,5,13,4,4,9,4,5,2,17,2,54,2,9,5,1,7,9,1,8,2,12,,44,,1,21,121.520275,25.0414545
113,5,6,20,55,2,11南港區,南港區忠孝東路7段與忠孝東路7段265巷口,0,0,2,1,C03,8,5,5,50,3,1,1,5,4,5,13,2,1,5,4,4,2,13,2,22,2,9,5,1,7,9,1,10,1,11,,108,,1,22,121.6037065,25.0517877
113,5,6,20,55,2,11南港區,南港區忠孝東路7段與忠孝東路7段265巷口,0,0,2,2,C03,8,5,5,50,3,1,1,5,4,5,13,2,1,5,4,4,2,13,1,55,2,9,5,1,7,14,1,9,1,13,,44,,1,22,121.6037065,25.0517877
113,5,6,21,20,2,05中正區,中正區林森南路與徐州路口,0,0,2,1,C03,8,5,5,50,4,2,1,5,4,5,13,1,1,7,4,5,2,16,2,77,2,8,5,1,7,5,1,10,2,14,,8,,1,22,121.5222815,25.0411581
113,5,6,21,20,2,05中正區,中正區林森南路與徐州路口,0,0,2,2,C03,8,5,5,50,4,2,1,5,4,5,13,1,1,7,4,5,2,16,1,18,2,9,5,1,7,9,1,10,2,11,,99,,1,22,121.5222815,25.0411581
113,5,6,21,29,2,04大安區,大安區羅斯福路4段1號,0,0,1,1,F01,7,5,5,50,14,9,1,5,4,5,13,4,4,1,5,5,2,18,2,24,2,9,4,1,7,9,8,20,1,15,,42,,1,21,121.5330672,25.0161489
113,5,6,21,29,2,04大安區,大安區羅斯福路4段1號,0,0,1,2,,7,5,5,50,14,9,1,5,4,5,13,4,4,1,5,5,2,18,3,,,,,,,,,,,,,67,,1,,121.5330672,25.0161489
113,5,6,21,33,2,09北投區,北投區中央北路1段72號,0,0,4,1,C03,8,5,5,50,14,9,1,5,4,5,13,4,4,9,4,5,2,17,1,49,2,8,6,1,7,11,1,10,1,14,,10,,1,21,121.4998746,25.13458348
113,5,6,21,33,2,09北投區,北投區中央北路1段72號,0,0,4,2,C03,8,5,5,50,14,9,1,5,4,5,13,4,4,9,4,5,2,17,1,17,2,7,6,1,7,9,2,18,1,11,,44,,1,21,121.4998746,25.13458348
113,5,6,21,33,2,09北投區,北投區中央北路1段72號,0,0,4,3,H02,8,5,5,50,14,9,1,5,4,5,13,4,4,9,4,5,2,17,2,42,2,7,6,5,7,21,8,20,10,16,,67,,1,21,121.4998746,25.13458348
113,5,6,21,33,2,09北投區,北投區中央北路1段72號,0,0,4,4,H02,8,5,5,50,14,9,1,5,4,5,13,4,4,9,4,5,2,17,1,18,2,9,6,5,7,21,8,20,10,16,,67,,1,21,121.4998746,25.13458348
113,5,6,21,36,2,04大安區,大安區忠孝東路3段與忠孝東路3段10巷口,0,0,1,1,B01,8,5,5,50,3,1,1,5,4,5,13,4,4,1,4,5,2,16,1,52,3,10,3,4,7,6,1,4,2,2,,9,,1,21,121.5336181,25.0420954
113,5,6,21,36,2,04大安區,大安區忠孝東路3段與忠孝東路3段10巷口,0,0,1,2,C03,8,5,5,50,3,1,1,5,4,5,13,4,4,1,4,5,2,16,1,59,2,9,5,1,7,9,1,10,2,11,,44,,1,21,121.5336181,25.0420954
113,5,6,22,5,2,05中正區,中正區林森南路85號對面,0,0,2,1,C03,7,5,5,50,14,9,1,5,4,5,13,4,4,5,4,5,2,13,2,29,2,8,6,1,7,8,1,10,2,13,,102,,1,22,121.5217655,25.03952894
113,5,6,22,5,2,05中正區,中正區林森南路85號對面,0,0,2,2,C03,7,5,5,50,14,9,1,5,4,5,13,4,4,5,4,5,2,13,1,32,2,9,6,1,7,9,1,10,2,11,,44,,1,22,121.5217655,25.03952894
113,5,6,22,5,2,05中正區,中正區林森南路85號對面,0,0,2,3,B01,7,5,5,50,14,9,1,5,4,5,13,4,4,5,4,5,2,13,1,48,3,10,7,1,7,8,1,4,2,2,,100,,1,22,121.5217655,25.03952894
113,5,6,22,5,2,05中正區,中正區林森南路85號對面,0,0,2,4,C03,7,5,5,50,14,9,1,5,4,5,13,4,4,5,4,5,2,13,1,27,3,10,6,1,7,9,1,10,2,11,,44,,1,22,121.5217655,25.03952894
113,5,6,22,39,2,04大安區,大安區忠孝東路4段233號,0,0,1,1,C03,7,5,5,50,14,9,1,5,4,5,13,4,4,10,3,5,1,12,2,76,2,1,5,4,7,10,1,10,1,14,,100,,1,22,121.5537118,25.0415107
113,5,6,22,39,2,04大安區,大安區忠孝東路4段233號,0,0,1,2,B03,7,5,5,50,14,9,1,5,4,5,13,4,4,10,3,5,1,12,1,77,3,10,3,4,7,9,1,8,1,6,,44,,1,22,121.5537118,25.0415107
113,5,6,23,3,2,09北投區,北投區大業路157號,0,0,2,1,C03,8,5,5,0,14,9,1,5,4,5,13,4,4,10,5,5,2,17,2,22,2,9,6,1,7,1,1,10,1,11,,19,,1,22,121.498602,25.12460094
113,5,6,23,3,2,09北投區,北投區大業路157號,0,0,2,2,C03,8,5,5,0,14,9,1,5,4,5,13,4,4,10,5,5,2,17,1,16,2,9,6,1,7,9,2,18,1,11,,42,,1,22,121.498602,25.12460094
113,5,6,23,6,2,08士林區,士林區福港街212號,0,0,2,1,C03,8,5,8,30,22,22,1,5,4,5,13,4,4,9,5,5,1,17,2,75,2,9,5,1,7,5,1,10,1,11,,80,,1,21,121.5177112,25.08585624
113,5,6,23,6,2,08士林區,士林區福港街212號,0,0,2,2,C03,8,5,8,30,22,22,1,5,4,5,13,4,4,9,5,5,1,17,1,26,2,9,5,1,7,5,1,10,1,11,,14,,1,21,121.5177112,25.08585624
113,5,7,0,45,2,05中正區,中正區同安街與廈門街113巷口,0,0,1,1,B03,7,5,5,30,4,1,1,5,4,5,13,4,4,10,5,5,2,16,1,46,3,10,3,4,7,9,1,8,9,7,,108,,1,21,121.5211361,25.0233064
113,5,7,0,45,2,05中正區,中正區同安街與廈門街113巷口,0,0,1,2,C03,7,5,5,30,4,1,1,5,4,5,13,4,4,10,5,5,2,16,1,31,2,8,6,1,7,6,1,10,2,12,,80,,1,21,121.5211361,25.0233064
113,5,7,2,47,2,05中正區,中正區汀州路3段與汀州路3段24巷口,0,0,2,1,C03,7,5,5,50,3,1,1,5,4,5,13,4,4,4,5,5,1,16,1,21,2,9,5,1,7,9,1,10,7,11,,4,,1,21,121.5286227,25.0175791
113,5,7,2,47,2,05中正區,中正區汀州路3段與汀州路3段24巷口,0,0,2,2,C03,7,5,5,50,3,1,1,5,4,5,13,4,4,4,5,5,1,16,1,20,2,9,5,1,7,5,1,10,2,14,,44,,1,21,121.5286227,25.0175791
113,5,7,7,5,2,01大同區,大同區民權西路與蘭州街口,0,0,4,2,C03,8,6,5,0,4,1,1,5,4,5,13,2,1,9,4,5,2,17,2,47,2,9,5,1,7,9,1,10,2,11,,108,,1,21,121.5147079,25.0629033
113,5,7,7,5,2,01大同區,大同區民權西路與蘭州街口,0,0,4,1,C03,8,6,5,0,4,1,1,5,4,5,13,2,1,9,4,5,2,17,1,22,2,9,5,1,7,9,1,10,2,11,,16,,1,21,121.5147079,25.0629033
113,5,7,7,5,2,01大同區,大同區民權西路與蘭州街口,0,0,4,3,C03,8,6,5,0,4,1,1,5,4,5,13,2,1,9,4,5,2,17,1,25,2,9,5,1,7,9,1,10,2,13,,44,,1,21,121.5147079,25.0629033
113,5,7,7,5,2,01大同區,大同區民權西路與蘭州街口,0,0,4,4,C03,8,6,5,0,4,1,1,5,4,5,13,2,1,9,4,5,2,17,2,20,3,10,5,1,7,5,1,10,2,13,,8,,1,21,121.5147079,25.0629033
113,5,7,7,5,2,01大同區,大同區民權西路與蘭州街口,0,0,4,5,H02,8,6,5,0,4,1,1,5,4,5,13,2,1,9,4,5,2,17,2,45,2,9,5,5,7,20,8,20,10,16,,67,,1,21,121.5147079,25.0629033
113,5,7,7,21,2,03中山區,中山區中山北路2段與民權東路1段口,0,0,2,1,C03,8,6,6,50,4,1,1,5,4,5,13,1,1,4,4,1,2,12,1,27,2,9,5,1,7,1,1,10,1,12,14,42,,1,21,121.5227249,25.06271698
113,5,7,7,21,2,03中山區,中山區中山北路2段與民權東路1段口,0,0,2,2,C03,8,6,6,50,4,1,1,5,4,5,13,1,1,4,4,1,2,12,1,31,2,9,5,1,7,1,1,10,1,14,,44,,1,21,121.5227249,25.06271698
113,5,7,7,30,2,12內湖區,內湖區五分街86號,0,0,2,1,F02,7,5,5,30,14,9,1,5,4,5,13,4,4,9,5,5,2,9,2,23,2,1,2,4,7,9,8,20,2,17,,108,,1,21,121.6167698,25.06713633
113,5,7,7,30,2,12內湖區,內湖區五分街86號,0,0,2,2,H01,7,5,5,30,14,9,1,5,4,5,13,4,4,9,5,5,2,9,2,72,2,9,4,5,8,20,8,20,10,16,,53,,1,21,121.6167698,25.06713633
113,5,7,7,38,2,06松山區,松山區民權東路4段200號,0,0,1,1,B03,8,6,5,50,14,9,1,5,4,5,13,4,4,1,3,4,2,12,1,49,3,10,3,4,7,7,1,8,1,4,,100,,1,21,121.5612367,25.06261246
113,5,7,7,38,2,06松山區,松山區民權東路4段200號,0,0,1,2,C03,8,6,5,50,14,9,1,5,4,5,13,4,4,1,3,4,2,12,1,23,2,9,6,1,7,7,1,10,1,12,,100,,1,21,121.5612367,25.06261246
113,5,7,7,45,2,11南港區,南港區忠孝東路6段與忠孝東路6段110巷口,0,0,1,1,B03,7,7,5,30,3,2,1,5,4,5,13,4,4,1,4,5,2,16,1,35,3,10,3,4,7,6,1,8,1,8,,72,,1,21,121.5844984,25.0474361
113,5,7,7,45,2,11南港區,南港區忠孝東路6段與忠孝東路6段110巷口,0,0,1,2,C03,7,7,5,30,3,2,1,5,4,5,13,4,4,1,4,5,2,16,1,63,2,8,6,4,7,9,1,10,1,12,,44,,1,21,121.5844984,25.0474361
113,5,7,7,46,2,04大安區,大安區建國南路1段往北億光大樓停車場出入口,0,0,1,1,B03,8,6,5,50,14,9,1,5,4,5,13,4,4,1,5,5,2,16,1,63,3,10,7,1,7,1,1,8,1,1,,19,,1,21,121.537316,25.043448
113,5,7,7,46,2,04大安區,大安區建國南路1段往北億光大樓停車場出入口,0,0,1,2,G06,8,6,5,50,14,9,1,5,4,5,13,4,4,1,5,5,2,16,1,31,2,9,2,1,7,9,8,20,1,16,,99,,1,21,121.537316,25.043448
113,5,7,7,58,2,10文山區,文山區指南路2段與新光路1段口口,0,0,1,1,B03,8,6,5,40,4,1,1,5,4,5,13,2,1,5,5,5,2,13,1,45,3,10,7,1,7,5,1,8,1,1,,108,,1,21,121.5736165,24.9881243
113,5,7,7,58,2,10文山區,文山區指南路2段與新光路1段口口,0,0,1,2,C03,8,6,5,40,4,1,1,5,4,5,13,2,1,5,5,5,2,13,2,62,2,9,5,1,7,5,1,10,1,13,,44,,1,21,121.5736165,24.9881243
113,5,7,8,0,2,10文山區,文山區羅斯福路6段與景中街口,0,0,5,2,B03,8,6,5,50,14,9,1,5,4,5,13,2,1,1,4,5,2,13,1,63,3,10,7,1,7,12,1,8,2,3,,44,,1,21,121.5410385,24.9934184
113,5,7,8,0,2,10文山區,文山區羅斯福路6段與景中街口,0,0,5,1,B03,8,6,5,50,14,9,1,5,4,5,13,2,1,1,4,5,2,13,1,27,2,2,7,1,7,9,1,8,2,1,,16,,1,21,121.5410385,24.9934184
113,5,7,8,0,2,10文山區,文山區羅斯福路6段與景中街口,0,0,5,6,B01,8,6,5,50,14,9,1,5,4,5,13,2,1,1,4,5,2,13,2,48,2,2,7,1,7,12,1,4,2,6,,44,,1,21,121.5410385,24.9934184
113,5,7,8,0,2,10文山區,文山區羅斯福路6段與景中街口,0,0,5,5,C03,8,6,5,50,14,9,1,5,4,5,13,2,1,1,4,5,2,13,2,19,2,9,6,1,7,8,1,10,2,14,,16,,1,25,121.5410385,24.9934184
113,5,7,8,0,2,10文山區,文山區羅斯福路6段與景中街口,0,0,5,3,H02,8,6,5,50,14,9,1,5,4,5,13,2,1,1,4,5,2,13,1,63,2,9,7,5,7,20,8,20,10,16,,67,,1,21,121.5410385,24.9934184
113,5,7,8,0,2,10文山區,文山區羅斯福路6段與景中街口,0,0,5,4,H02,8,6,5,50,14,9,1,5,4,5,13,2,1,1,4,5,2,13,2,58,2,2,7,5,7,20,8,20,10,16,,67,,1,21,121.5410385,24.9934184
113,5,7,8,0,2,11南港區,南港區同德路33號與同德路口,0,0,1,1,B03,8,7,5,50,14,9,1,5,4,5,13,4,4,5,4,5,2,17,1,53,3,10,2,1,7,13,1,8,1,4,,40,,1,21,121.5840858,25.04522728
113,5,7,8,0,2,11南港區,南港區同德路33號與同德路口,0,0,1,2,F01,8,7,5,50,14,9,1,5,4,5,13,4,4,5,4,5,2,17,2,39,2,9,2,1,7,9,8,20,1,12,,44,,1,21,121.5840858,25.04522728
113,5,7,8,0,2,11南港區,南港區同德路33號與同德路口,0,0,1,3,B03,8,7,5,50,14,9,1,5,4,5,13,4,4,5,4,5,2,17,1,49,3,10,7,1,7,9,1,8,1,5,,44,,1,21,121.5840858,25.04522728
113,5,7,8,3,2,02萬華區,萬華區中華路2段418號,0,0,2,1,C04,8,7,5,50,22,9,1,5,4,5,13,4,4,9,1,4,1,13,2,72,2,9,5,1,7,9,1,10,1,11,,44,,1,21,121.5060808,25.0278289
113,5,7,8,3,2,02萬華區,萬華區中華路2段418號,0,0,2,2,C03,8,7,5,50,22,9,1,5,4,5,13,4,4,9,1,4,1,13,2,71,2,8,5,1,7,5,1,10,1,13,,42,,1,21,121.5060808,25.0278289
113,5,7,8,10,2,07信義區,信義區中坡南路與中坡南路70巷口,0,0,2,1,C03,8,7,5,40,14,9,1,5,4,5,10,4,4,10,4,4,2,15,2,43,2,9,6,4,7,1,1,10,1,11,,19,,1,21,121.5851902,25.0418279
113,5,7,8,10,2,07信義區,信義區中坡南路與中坡南路70巷口,0,0,2,2,C03,8,7,5,40,14,9,1,5,4,5,10,4,4,10,4,4,2,15,1,34,2,9,6,4,7,9,1,10,1,12,,44,,1,21,121.5851902,25.0418279
113,5,7,8,10,2,07信義區,信義區中坡南路與中坡南路70巷口,0,0,2,3,B12,8,7,5,40,14,9,1,5,4,5,10,4,4,10,4,4,2,15,1,48,3,10,3,4,7,14,1,8,9,17,,38,,1,21,121.5851902,25.0418279
113,5,7,8,25,2,04大安區,大安區敦化南路1段與敦化南路1段247巷口,0,0,1,1,C03,8,7,5,50,14,9,1,5,4,5,13,4,4,8,3,5,2,11,1,50,2,8,3,4,7,7,1,10,1,14,,100,,1,21,121.5490338,25.0396045
113,5,7,8,25,2,04大安區,大安區敦化南路1段與敦化南路1段247巷口,0,0,1,2,B03,8,7,5,50,14,9,1,5,4,5,13,4,4,8,3,5,2,11,1,56,3,10,3,4,7,9,1,8,1,2,,44,,1,21,121.5490338,25.0396045
113,5,7,8,38,2,03中山區,中山區民權東路3段13號,0,0,2,1,B03,8,6,5,50,14,9,1,5,4,5,13,4,4,3,4,5,2,17,1,56,3,10,7,1,7,13,1,8,1,4,,38,,1,21,121.541409,25.06249063
113,5,7,8,38,2,03中山區,中山區民權東路3段13號,0,0,2,2,C03,8,6,5,50,14,9,1,5,4,5,13,4,4,3,4,5,2,17,1,33,2,9,5,1,7,9,1,10,1,12,,44,,1,21,121.541409,25.06249063
113,5,7,8,38,2,03中山區,中山區民權東路3段13號,0,0,2,3,H02,8,6,5,50,14,9,1,5,4,5,13,4,4,3,4,5,2,17,2,37,2,9,5,5,7,21,8,20,10,16,,67,,1,21,121.541409,25.06249063
113,5,7,8,49,2,04大安區,大安區復興南路2段與復興南路2段12巷口,0,0,2,1,C03,8,6,5,30,3,2,1,5,4,5,13,4,4,10,4,5,2,16,1,25,2,8,6,4,7,6,1,10,1,14,,73,,1,21,121.5435157,25.0327287
113,5,7,8,49,2,04大安區,大安區復興南路2段與復興南路2段12巷口,0,0,2,2,C03,8,6,5,30,3,2,1,5,4,5,13,4,4,10,4,5,2,16,2,28,2,9,6,4,7,9,1,10,1,12,,44,,1,21,121.5435157,25.0327287
113,5,7,8,50,2,02萬華區,萬華區堤外便道(果菜市場疏散門/新二號疏散門),0,0,1,1,C03,8,5,8,30,22,22,1,5,4,5,13,4,4,5,5,5,2,17,4,44,,,,,7,6,7,,11,17,,119,,2,,121.4994828,25.0165585
113,5,7,8,50,2,02萬華區,萬華區堤外便道(果菜市場疏散門/新二號疏散門),0,0,1,2,C03,8,5,8,30,22,22,1,5,4,5,13,4,4,5,5,5,2,17,1,29,2,9,5,4,7,10,1,10,1,17,,103,,1,21,121.4994828,25.0165585
113,5,7,9,3,2,12內湖區,內湖區內湖路1段與內湖路1段411巷口,0,0,1,1,C03,8,7,5,50,4,2,1,5,4,5,13,1,1,1,1,1,1,13,1,30,3,10,6,1,7,9,1,10,1,11,,16,,1,21,121.5711553,25.0814991
113,5,7,9,3,2,12內湖區,內湖區內湖路1段與內湖路1段411巷口,0,0,1,2,C03,8,7,5,50,4,2,1,5,4,5,13,1,1,1,1,1,1,13,1,28,2,9,6,1,7,9,1,10,1,13,,44,,1,21,121.5711553,25.0814991
113,5,7,9,3,2,12內湖區,內湖區內湖路1段與內湖路1段411巷口,0,0,1,3,C03,8,7,5,50,4,2,1,5,4,5,13,1,1,1,1,1,1,13,1,47,3,10,6,1,7,7,1,10,1,13,,44,,1,21,121.5711553,25.0814991
113,5,7,9,3,2,12內湖區,內湖區內湖路1段與內湖路1段411巷口,0,0,1,4,C03,8,7,5,50,4,2,1,5,4,5,13,1,1,1,1,1,1,13,1,20,3,10,6,1,7,9,1,10,1,17,,44,,1,21,121.5711553,25.0814991
113,5,7,9,6,2,02萬華區,萬華區西園路2段261巷12弄42號,0,0,1,1,F01,8,7,5,30,14,9,1,5,4,5,13,4,4,10,5,5,2,17,2,65,2,9,4,1,7,7,8,20,1,14,,100,,1,22,121.4917772,25.0247081
113,5,7,9,6,2,02萬華區,萬華區西園路2段261巷12弄42號,0,0,1,2,C03,8,7,5,30,14,9,1,5,4,5,13,4,4,10,5,5,2,17,1,22,3,10,5,1,7,9,1,10,1,12,,44,,1,22,121.4917772,25.0247081
113,5,7,9,13,2,06松山區,松山區三民路與三民路43巷口,0,0,1,1,B01,7,6,5,50,4,1,1,5,4,5,13,1,1,8,3,5,2,17,1,54,3,10,3,4,7,11,1,4,1,17,,44,,1,21,121.5636777,25.0562859
113,5,7,9,13,2,06松山區,松山區三民路與三民路43巷口,0,0,1,2,C03,7,6,5,50,4,1,1,5,4,5,13,1,1,8,3,5,2,17,1,18,2,9,6,1,7,9,3,18,1,12,,44,,1,21,121.5636777,25.0562859
113,5,7,9,13,2,06松山區,松山區三民路與三民路43巷口,0,0,1,3,B03,7,6,5,50,4,1,1,5,4,5,13,1,1,8,3,5,2,17,1,55,3,10,3,4,7,5,1,8,1,1,,44,,1,21,121.5636777,25.0562859
113,5,7,9,46,2,07信義區,信義區仁愛路4段與光復南路口,0,0,1,1,A02,8,6,5,50,4,2,1,5,4,5,13,1,1,4,3,5,2,9,1,46,3,10,3,4,7,1,1,2,2,2,,19,,1,21,121.5578027,25.0377194
113,5,7,9,46,2,07信義區,信義區仁愛路4段與光復南路口,0,0,1,2,H02,8,6,5,50,4,2,1,5,4,5,13,1,1,4,3,5,2,9,1,80,2,6,4,5,7,19,8,20,10,16,,67,,1,21,121.5578027,25.0377194
113,5,7,9,53,2,06松山區,松山區塔悠路與南京東路5段口,0,0,1,1,B03,8,6,5,50,5,1,1,5,4,5,13,1,1,1,2,5,2,12,1,63,3,10,7,1,7,11,1,8,1,4,,10,,1,21,121.5702142,25.05143866
113,5,7,9,53,2,06松山區,松山區塔悠路與南京東路5段口,0,0,1,2,C03,8,6,5,50,5,1,1,5,4,5,13,1,1,1,2,5,2,12,1,34,2,9,6,1,7,9,1,10,1,12,,27,,1,21,121.5702142,25.05143866
113,5,7,10,0,2,03中山區,中山區中山北路1段與長安西路口,0,0,2,1,C03,8,7,5,50,4,1,1,5,4,5,13,1,1,9,4,5,2,15,2,27,2,1,6,1,7,9,3,18,1,11,,81,,1,21,121.5214328,25.04984119
113,5,7,10,0,2,03中山區,中山區中山北路1段與長安西路口,0,0,2,2,C03,8,7,5,50,4,1,1,5,4,5,13,1,1,9,4,5,2,15,1,23,2,8,6,1,7,15,1,10,1,14,,44,,1,21,121.5214328,25.04984119
113,5,7,10,0,2,03中山區,中山區中山北路1段與長安西路口,0,0,2,3,C03,8,7,5,50,4,1,1,5,4,5,13,1,1,9,4,5,2,15,1,27,3,10,6,1,7,1,1,10,1,14,,44,,1,21,121.5214328,25.04984119
113,5,7,10,10,2,08士林區,士林區通河西街2段181號,0,0,1,1,C03,8,7,5,40,14,9,1,5,4,5,13,4,4,9,4,5,1,17,1,75,3,10,5,1,7,11,1,10,2,17,,44,,1,21,121.5047533,25.09329392
113,5,7,10,10,2,08士林區,士林區通河西街2段181號,0,0,1,2,C03,8,7,5,40,14,9,1,5,4,5,13,4,4,9,4,5,1,17,1,37,2,5,5,1,7,9,1,10,2,14,,44,,1,21,121.5047533,25.09329392
113,5,7,10,16,2,09北投區,北投區公館路與公館路376巷口,0,0,1,1,B03,7,6,5,30,3,1,1,5,4,5,13,4,4,5,5,5,2,16,1,59,3,10,7,1,7,5,1,8,1,1,,72,,1,21,121.5039097,25.1228539
113,5,7,10,16,2,09北投區,北投區公館路與公館路376巷口,0,0,1,2,C03,7,6,5,30,3,1,1,5,4,5,13,4,4,5,5,5,2,16,1,25,2,7,5,1,7,9,1,10,1,11,,108,,1,21,121.5039097,25.1228539
113,5,7,11,21,2,08士林區,士林區士東路與德行東路109巷口,0,0,1,1,C03,7,6,5,50,4,2,1,5,4,5,13,1,1,9,4,5,1,16,1,67,2,9,3,4,7,7,1,10,9,14,,100,,1,21,121.5288516,25.1120956
113,5,7,11,21,2,08士林區,士林區士東路與德行東路109巷口,0,0,1,2,B03,7,6,5,50,4,2,1,5,4,5,13,1,1,9,4,5,1,16,1,63,3,10,3,4,7,9,1,8,9,5,,44,,1,21,121.5288516,25.1120956
113,5,7,11,21,2,08士林區,士林區士東路與德行東路109巷口,0,0,1,3,B11,7,6,5,50,4,2,1,5,4,5,13,1,1,9,4,5,1,16,1,56,3,10,3,4,7,13,1,4,9,17,,38,,1,21,121.5288516,25.1120956
113,5,7,11,37,2,10文山區,文山區木柵路3段與保儀路口口,0,0,1,1,C03,8,6,5,0,22,20,3,5,4,5,13,4,4,10,5,5,2,7,1,52,3,10,5,1,7,14,1,10,1,15,,42,,1,21,121.5685155,24.9889593
113,5,7,11,37,2,10文山區,文山區木柵路3段與保儀路口口,0,0,1,2,H01,8,6,5,0,22,20,3,5,4,5,13,4,4,10,5,5,2,7,2,76,2,9,4,5,8,16,8,20,1,16,,60,,1,21,121.5685155,24.9889593
113,5,7,12,11,2,11南港區,南港區研究院路2段45號,0,0,2,1,C03,7,7,5,50,14,9,1,5,4,5,13,4,4,1,4,5,2,12,1,64,2,9,3,4,7,8,1,10,1,12,,100,,1,21,121.6158266,25.0446847
113,5,7,12,11,2,11南港區,南港區研究院路2段45號,0,0,2,2,C03,7,7,5,50,14,9,1,5,4,5,13,4,4,1,4,5,2,12,2,21,2,9,3,4,7,9,1,10,1,14,,13,,1,21,121.6158266,25.0446847
113,5,7,12,44,2,05中正區,中正區中山南路台大醫院公車站前,0,0,2,1,C03,8,6,5,50,14,9,1,5,4,5,13,4,4,5,4,5,2,13,2,58,3,10,5,1,7,7,1,10,1,13,,100,,1,22,121.5185769,25.04171952
113,5,7,12,44,2,05中正區,中正區中山南路台大醫院公車站前,0,0,2,2,C03,8,6,5,50,14,9,1,5,4,5,13,4,4,5,4,5,2,13,1,18,2,7,6,1,7,9,1,10,1,11,,108,,1,22,121.5185769,25.04171952
113,5,7,12,44,2,05中正區,中正區中山南路台大醫院公車站前,0,0,2,3,H02,8,6,5,50,14,9,1,5,4,5,13,4,4,5,4,5,2,13,2,18,2,8,5,5,7,20,8,20,10,16,,67,,1,22,121.5185769,25.04171952
113,5,7,12,44,2,05中正區,中正區中山南路台大醫院公車站前,0,0,2,4,B03,8,6,5,50,14,9,1,5,4,5,13,4,4,5,4,5,2,13,1,69,3,10,7,1,7,7,1,8,9,17,,100,,1,22,121.5185769,25.04171952
113,5,7,12,46,2,08士林區,士林區中正路與中山北路5段口,0,0,1,1,C03,8,6,5,50,4,1,1,5,4,5,13,1,1,1,4,5,2,12,1,20,2,9,5,1,7,9,1,10,1,14,,44,,1,21,121.5279334,25.0957307
113,5,7,12,46,2,08士林區,士林區中正路與中山北路5段口,0,0,1,2,B11,8,6,5,50,4,1,1,5,4,5,13,1,1,1,4,5,2,12,1,52,3,10,7,1,7,9,1,4,1,2,,108,,1,21,121.5279334,25.0957307
113,5,7,12,47,2,10文山區,文山區忠順街1段48巷與忠順街1段48巷5弄口,0,0,1,1,C03,8,7,5,30,4,1,1,5,4,5,13,4,4,10,5,5,2,15,2,42,2,8,5,1,7,9,1,10,1,11,,75,,1,21,121.5601454,24.9837169
113,5,7,12,47,2,10文山區,文山區忠順街1段48巷與忠順街1段48巷5弄口,0,0,1,2,C03,8,7,5,30,4,1,1,5,4,5,13,4,4,10,5,5,2,15,1,70,3,10,5,1,7,9,1,10,1,11,,108,,1,21,121.5601454,24.9837169
113,5,7,12,50,1,09北投區,北投區大業路與大業路65巷口,1,0,0,1,A41,8,6,5,30,4,2,1,5,4,5,13,1,1,1,4,5,2,17,1,45,3,10,7,1,1,1,1,3,2,1,,44,,1,21,121.4990195,25.12321337
113,5,7,12,50,1,09北投區,北投區大業路與大業路65巷口,1,0,0,2,F01,8,6,5,30,4,2,1,5,4,5,13,1,1,1,4,5,2,17,1,78,1,1,4,1,7,7,8,20,9,14,,101,,1,21,121.4990195,25.12321337