發生年度,發生月,發生日,發生時-Hours,發生分,處理別-編號,區序,肇事地點,死亡人數,2-30日死亡人數,受傷人數,當事人序號,車種,天候,道路照明設備,道路類別,速限-速度限制,道路型態,事故位置,路面狀況1,路面狀況2,路面狀況3,道路障礙1,道路障礙2,號誌1,號誌2,車道劃分-分向,車道劃分-分道1,車道劃分-分道2,車道劃分-分道3,事故類型及型態,性別,年齡,受傷程度,主要傷處,保護裝置,行動電話,車輛用途,當事者行動狀態,駕駛資格情形,駕駛執照種類,飲酒情形,車輛撞擊部位1,車輛撞擊部位2,肇因碼-個別,肇因碼-主要,個人肇逃否,職業,座標-X,座標-Y
113,5,7,12,55,2,04大安區,大安區忠孝東路4段146巷與敦化南路1段233巷口,0,0,1,1,B01,8,7,5,30,4,1,1,5,4,5,13,4,4,10,5,5,2,15,1,63,3,10,7,1,7,9,1,2,1,1,,14,,1,21,121.5496352,25.0404154
113,5,7,12,55,2,04大安區,大安區忠孝東路4段146巷與敦化南路1段233巷口,0,0,1,2,C03,8,7,5,30,4,1,1,5,4,5,13,4,4,10,5,5,2,15,1,32,2,9,6,1,7,9,1,10,1,12,,13,,1,21,121.5496352,25.0404154
113,5,7,12,58,2,07信義區,信義區松隆路與永吉路30巷口口,0,0,1,1,B01,8,6,8,50,22,22,1,5,4,5,13,1,1,1,4,5,2,17,1,61,3,10,7,1,7,8,1,8,2,2,,100,,1,21,121.5686828,25.0444936
113,5,7,12,58,2,07信義區,信義區松隆路與永吉路30巷口口,0,0,1,2,C03,8,6,8,50,22,22,1,5,4,5,13,1,1,1,4,5,2,17,2,39,2,9,5,1,7,9,3,18,2,14,,44,,1,22,121.5686828,25.0444936
113,5,7,13,13,2,05中正區,中正區中華路2段377號,0,0,1,1,F01,8,7,5,50,14,9,1,5,4,5,13,4,4,5,4,4,2,17,2,70,2,9,4,1,7,9,8,20,1,12,,42,,1,21,121.5076251,25.0264001
113,5,7,13,13,2,05中正區,中正區中華路2段377號,0,0,1,2,B12,8,7,5,50,14,9,1,5,4,5,13,4,4,5,4,4,2,17,1,60,3,10,7,1,7,9,1,8,1,1,,108,,1,21,121.5076251,25.0264001
113,5,7,13,50,2,03中山區,中山區敬業三路177巷與敬業三路口,0,0,1,1,B02,8,6,5,30,3,1,1,5,4,5,13,4,4,1,4,5,2,16,2,27,3,10,3,4,7,6,1,8,1,8,,80,,1,21,121.5569513,25.0786977
113,5,7,13,50,2,03中山區,中山區敬業三路177巷與敬業三路口,0,0,1,2,C03,8,6,5,30,3,1,1,5,4,5,13,4,4,1,4,5,2,16,1,24,2,9,5,4,7,9,1,10,1,11,,108,,1,21,121.5569513,25.0786977
113,5,7,14,0,2,03中山區,中山區大直街62巷5弄口側附近,0,0,3,1,C03,8,7,5,30,14,9,1,5,4,5,13,4,4,10,5,5,2,15,2,50,2,9,6,1,7,9,1,10,1,11,,16,,1,22,121.5453124,25.0828957
113,5,7,14,0,2,03中山區,中山區大直街62巷5弄口側附近,0,0,3,2,C04,8,7,5,30,14,9,1,5,4,5,13,4,4,10,5,5,2,15,2,70,2,9,6,1,7,9,1,10,1,12,,14,,1,22,121.5453124,25.0828957
113,5,7,14,0,2,03中山區,中山區大直街62巷5弄口側附近,0,0,3,3,H02,8,7,5,30,14,9,1,5,4,5,13,4,4,10,5,5,2,15,2,70,2,9,6,5,7,21,8,20,10,16,,67,,1,22,121.5453124,25.0828957
113,5,7,14,25,2,10文山區,文山區木柵路1段與木柵路1段191巷口口,0,0,1,1,B03,8,6,5,50,3,1,1,5,4,5,13,2,1,5,4,5,2,16,1,25,3,10,7,1,7,5,1,8,1,4,,8,,1,21,121.551307,24.9876433
113,5,7,14,25,2,10文山區,文山區木柵路1段與木柵路1段191巷口口,0,0,1,2,C03,8,6,5,50,3,1,1,5,4,5,13,2,1,5,4,5,2,16,1,21,2,9,5,1,7,9,1,10,1,11,,44,,1,21,121.551307,24.9876433
113,5,7,14,44,2,02萬華區,萬華區萬大路347號,0,0,1,1,A02,7,5,5,30,14,9,1,5,4,5,13,2,1,1,3,5,1,12,1,53,3,10,3,4,7,9,1,2,1,2,,17,,1,22,121.4999563,25.0235006
113,5,7,14,44,2,02萬華區,萬華區萬大路347號,0,0,1,2,C03,7,5,5,30,14,9,1,5,4,5,13,2,1,1,3,5,1,12,2,69,2,9,3,4,7,9,1,10,1,14,,44,,1,22,121.4999563,25.0235006
113,5,7,14,58,2,04大安區,大安區臥龍街151巷與臥龍街151巷70弄口,0,0,1,1,B03,8,6,5,50,4,1,1,5,4,5,13,4,4,8,5,5,2,16,1,42,3,10,7,4,7,5,1,8,2,8,,74,,1,21,121.5522903,25.0200669
113,5,7,14,58,2,04大安區,大安區臥龍街151巷與臥龍街151巷70弄口,0,0,1,2,C03,8,6,5,50,4,1,1,5,4,5,13,4,4,8,5,5,2,16,1,55,2,3,5,4,7,9,1,10,2,14,,14,,1,21,121.5522903,25.0200669
113,5,7,15,9,2,03中山區,中山區中山北路2段46巷與中山北路2段口無名巷,0,0,1,1,B03,7,7,5,30,4,1,1,5,4,5,13,4,4,10,5,5,2,17,2,35,3,10,7,1,7,2,1,8,1,6,,12,,1,21,121.521694,25.05545014
113,5,7,15,9,2,03中山區,中山區中山北路2段46巷與中山北路2段口無名巷,0,0,1,2,C04,7,7,5,30,4,1,1,5,4,5,13,4,4,10,5,5,2,17,2,43,2,8,6,1,7,6,1,10,1,11,,72,,1,21,121.521694,25.05545014
113,5,7,15,18,2,03中山區,中山區市民大道3段與建國北路1段口,0,0,3,1,C01,8,7,5,40,4,2,1,5,4,5,13,1,1,9,4,5,2,12,1,23,2,8,5,1,7,9,1,9,1,14,,108,,1,22,121.5363836,25.0448811
113,5,7,15,18,2,03中山區,中山區市民大道3段與建國北路1段口,0,0,3,2,C03,8,7,5,40,4,2,1,5,4,5,13,1,1,9,4,5,2,12,1,33,2,9,5,1,7,14,1,10,1,12,,44,,1,22,121.5363836,25.0448811
113,5,7,15,18,2,03中山區,中山區市民大道3段與建國北路1段口,0,0,3,3,B03,8,7,5,40,4,2,1,5,4,5,13,1,1,9,4,5,2,12,1,62,3,10,7,1,7,9,1,4,1,6,,44,,1,21,121.5363836,25.0448811
113,5,7,15,18,2,03中山區,中山區市民大道3段與建國北路1段口,0,0,3,4,H02,8,7,5,40,4,2,1,5,4,5,13,1,1,9,4,5,2,12,2,40,2,9,5,5,7,21,8,20,10,17,,67,,1,22,121.5363836,25.0448811
113,5,7,15,20,2,02萬華區,萬華區中華路1段164號,0,0,2,1,C03,8,7,5,50,14,7,1,5,4,5,13,4,4,1,3,5,2,13,1,20,2,8,5,1,7,10,1,10,1,11,,103,,1,22,121.507686,25.0412283
113,5,7,15,20,2,02萬華區,萬華區中華路1段164號,0,0,2,2,C03,8,7,5,50,14,7,1,5,4,5,13,4,4,1,3,5,2,13,2,41,2,9,5,1,7,9,1,10,1,12,,44,,1,22,121.507686,25.0412283
113,5,7,15,20,2,02萬華區,萬華區中華路1段164號,0,0,2,3,A04,8,7,5,50,14,7,1,5,4,5,13,4,4,1,3,5,2,13,1,58,3,10,7,1,7,1,1,2,1,15,,19,,1,22,121.507686,25.0412283
113,5,7,15,38,2,09北投區,北投區大業路與中央北路2段口,0,0,1,1,C03,8,7,5,50,4,1,1,5,4,5,13,2,1,3,4,5,1,15,2,19,2,9,6,1,7,9,1,10,1,11,,81,,1,22,121.4972075,25.1360287
113,5,7,15,38,2,09北投區,北投區大業路與中央北路2段口,0,0,1,2,B03,8,7,5,50,4,1,1,5,4,5,13,2,1,3,4,5,1,15,1,32,3,10,7,1,7,9,1,8,1,4,,44,,1,22,121.4972075,25.1360287
113,5,7,15,39,2,02萬華區,萬華區環河南路2段與西藏路口,0,0,2,3,H02,7,7,5,50,4,1,1,5,4,5,13,1,1,8,3,5,2,16,2,40,2,9,7,5,7,17,8,20,10,16,,67,,1,21,121.4900697,25.0306028
113,5,7,15,39,2,02萬華區,萬華區環河南路2段與西藏路口,0,0,2,1,B03,7,7,5,50,4,1,1,5,4,5,13,1,1,8,3,5,2,16,1,29,3,10,7,1,7,5,1,8,1,5,,71,,1,21,121.4900697,25.0306028
113,5,7,15,39,2,02萬華區,萬華區環河南路2段與西藏路口,0,0,2,2,B03,7,7,5,50,4,1,1,5,4,5,13,1,1,8,3,5,2,16,1,41,2,9,7,1,7,9,1,8,1,1,,44,,1,21,121.4900697,25.0306028
113,5,7,15,45,2,07信義區,信義區永吉路與永吉路30巷口,0,0,1,1,C03,7,6,5,50,4,1,1,5,4,5,13,2,1,5,5,5,2,18,1,73,2,9,6,1,7,9,1,10,1,14,,108,,1,22,121.568863,25.0458881
113,5,7,15,45,2,07信義區,信義區永吉路與永吉路30巷口,0,0,1,2,,7,6,5,50,4,1,1,5,4,5,13,2,1,5,5,5,2,18,3,0,,,,,,,,,,,,67,,1,,121.568863,25.0458881
113,5,7,16,38,2,09北投區,北投區中央南路1段與光明路口,0,0,1,1,B12,8,6,5,50,5,1,1,5,4,5,13,3,1,10,5,5,2,15,1,50,3,10,7,1,7,9,1,8,1,5,,84,,1,21,121.5015462,25.1332601
113,5,7,16,38,2,09北投區,北投區中央南路1段與光明路口,0,0,1,2,C03,8,6,5,50,5,1,1,5,4,5,13,3,1,10,5,5,2,15,2,49,2,9,5,1,7,9,1,10,1,11,,108,,1,21,121.5015462,25.1332601
113,5,7,16,43,2,07信義區,信義區忠孝東路5段22巷與松高路口,0,0,1,1,A02,7,6,5,50,3,1,1,5,4,5,13,2,1,5,4,5,2,9,1,49,3,10,7,1,7,5,1,2,1,17,,118,,1,21,121.5661547,25.0392916
113,5,7,16,43,2,07信義區,信義區忠孝東路5段22巷與松高路口,0,0,1,2,H02,7,6,5,50,3,1,1,5,4,5,13,2,1,5,4,5,2,9,2,55,2,9,3,5,7,20,8,20,10,16,,67,,1,22,121.5661547,25.0392916
113,5,7,17,0,2,10文山區,文山區景華街與景華街97巷口,0,0,2,1,F01,8,6,5,30,3,1,1,5,4,5,13,4,4,10,5,5,2,16,1,13,2,7,4,1,7,5,8,20,2,14,,101,,1,21,121.5462313,24.9954014
113,5,7,17,0,2,10文山區,文山區景華街與景華街97巷口,0,0,2,2,C03,8,6,5,30,3,1,1,5,4,5,13,4,4,10,5,5,2,16,2,58,2,9,5,1,7,9,1,10,2,11,,44,,1,21,121.5462313,24.9954014
113,5,7,17,9,2,04大安區,大安區羅斯福路2段與羅斯福路2段101巷口,0,0,1,1,B01,8,6,5,50,14,9,1,5,4,5,13,4,4,1,4,5,2,16,1,54,3,10,7,1,7,8,1,4,1,2,,100,,1,21,121.5244996,25.0249904
113,5,7,17,9,2,04大安區,大安區羅斯福路2段與羅斯福路2段101巷口,0,0,1,2,C03,8,6,5,50,14,9,1,5,4,5,13,4,4,1,4,5,2,16,2,23,2,9,5,1,7,9,1,10,1,14,,44,,1,21,121.5244996,25.0249904
113,5,7,17,9,2,04大安區,大安區羅斯福路2段與羅斯福路2段101巷口,0,0,1,3,B02,8,6,5,50,14,9,1,5,4,5,13,4,4,1,4,5,2,16,1,40,3,10,7,1,7,14,1,8,1,15,,38,,1,21,121.5244996,25.0249904
113,5,7,17,22,2,09北投區,北投區學園路與無名路口淡水區自強路,0,0,2,1,C03,7,6,5,30,4,1,1,5,4,5,13,1,1,5,5,5,2,16,2,18,2,8,5,1,7,1,1,10,1,11,12,19,,1,21,121.4672462,25.132994
113,5,7,17,22,2,09北投區,北投區學園路與無名路口淡水區自強路,0,0,2,2,C03,7,6,5,30,4,1,1,5,4,5,13,1,1,5,5,5,2,16,1,19,2,8,5,1,7,9,1,10,1,11,12,44,,1,21,121.4672462,25.132994
113,5,7,17,30,2,03中山區,中山區吉林路與民權東路2段口,0,0,2,1,C03,8,5,5,50,4,1,1,5,4,5,13,1,1,1,4,5,2,13,2,22,2,8,6,1,7,9,1,10,1,11,,108,,1,21,121.53036,25.062661
113,5,7,17,30,2,03中山區,中山區吉林路與民權東路2段口,0,0,2,2,C03,8,5,5,50,4,1,1,5,4,5,13,1,1,1,4,5,2,13,2,20,2,9,6,1,7,12,1,10,1,13,,116,,1,21,121.53036,25.062661
113,5,7,17,36,2,05中正區,中正區三元街與南海路口,0,0,1,1,B03,8,6,5,50,4,1,1,5,4,5,13,1,1,3,4,4,2,16,2,44,3,10,7,1,7,5,1,8,2,2,,8,,1,21,121.5089358,25.0294512
113,5,7,17,36,2,05中正區,中正區三元街與南海路口,0,0,1,2,C03,8,6,5,50,4,1,1,5,4,5,13,1,1,3,4,4,2,16,1,21,2,9,5,1,7,9,1,10,2,11,,13,,1,21,121.5089358,25.0294512
113,5,7,17,37,2,11南港區,南港區中坡北路與市民大道7段口,0,0,1,1,C03,7,5,5,50,4,2,1,5,4,5,13,2,1,1,4,5,2,16,2,42,2,8,6,4,7,5,1,10,1,14,,80,,1,21,121.5801661,25.0494981
113,5,7,17,37,2,11南港區,南港區中坡北路與市民大道7段口,0,0,1,2,C03,7,5,5,50,4,2,1,5,4,5,13,2,1,1,4,5,2,16,2,26,3,10,6,4,7,9,1,10,1,11,,44,,1,21,121.5801661,25.0494981
113,5,7,17,38,2,02萬華區,萬華區萬大路與艋舺大道口,0,0,1,1,C03,8,6,5,50,4,1,1,5,4,5,13,1,1,5,4,5,2,17,1,23,3,10,5,1,7,6,1,10,1,12,,9,,1,22,121.5005771,25.0328326
113,5,7,17,38,2,02萬華區,萬華區萬大路與艋舺大道口,0,0,1,2,C03,8,6,5,50,4,1,1,5,4,5,13,1,1,5,4,5,2,17,1,43,2,9,5,1,7,9,1,10,1,12,,44,,1,22,121.5005771,25.0328326
113,5,7,17,47,2,03中山區,中山區北安路與明水路口,0,0,2,1,C03,8,7,5,50,3,2,1,5,4,5,13,1,1,9,4,5,2,13,2,27,2,9,5,1,7,9,1,10,1,11,,16,,1,22,121.5392271,25.0777768
113,5,7,17,47,2,03中山區,中山區北安路與明水路口,0,0,2,2,C03,8,7,5,50,3,2,1,5,4,5,13,1,1,9,4,5,2,13,2,36,2,9,5,1,7,14,1,10,1,13,,44,,1,22,121.5392271,25.0777768
113,5,7,17,53,2,04大安區,大安區師大路與師大路49巷口,0,0,2,1,F01,7,7,5,40,3,1,1,5,4,5,13,4,4,8,3,5,1,15,2,18,2,9,4,1,7,9,8,20,1,11,,44,,1,22,121.5285957,25.0242621
113,5,7,17,53,2,04大安區,大安區師大路與師大路49巷口,0,0,2,2,C03,7,7,5,40,3,1,1,5,4,5,13,4,4,8,3,5,1,15,2,30,2,9,6,1,7,9,1,10,1,11,,44,,1,22,121.5285957,25.0242621
113,5,7,18,5,2,09北投區,北投區尊賢街與尊賢街242巷口,0,0,1,1,B02,8,5,5,30,4,1,1,5,4,5,13,4,4,10,5,5,2,17,2,26,3,10,7,1,7,9,1,8,1,17,,72,,1,21,121.5073594,25.11680167
113,5,7,18,5,2,09北投區,北投區尊賢街與尊賢街242巷口,0,0,1,2,C03,8,5,5,30,4,1,1,5,4,5,13,4,4,10,5,5,2,17,1,30,2,9,6,1,7,9,1,10,1,14,,13,,1,21,121.5073594,25.11680167
113,5,7,18,25,2,10文山區,文山區木柵路1段164號,0,0,1,1,A02,8,5,5,50,14,9,1,5,4,5,13,4,4,5,4,5,2,9,1,57,3,10,7,1,7,12,1,2,1,17,,118,,1,21,121.5521331,24.9877244
113,5,7,18,25,2,10文山區,文山區木柵路1段164號,0,0,1,2,H02,8,5,5,50,14,9,1,5,4,5,13,4,4,5,4,5,2,9,2,34,2,8,4,5,7,20,8,20,10,16,,109,,1,21,121.5521331,24.9877244
113,5,7,19,5,2,04大安區,大安區仁愛路4段與仁愛路4段91巷口,0,0,1,1,C03,8,5,5,50,3,1,1,5,4,5,13,4,4,1,4,5,2,16,2,28,3,10,5,1,7,6,1,10,1,12,,9,,1,21,121.5481746,25.0384457
113,5,7,19,5,2,04大安區,大安區仁愛路4段與仁愛路4段91巷口,0,0,1,2,C03,8,5,5,50,3,1,1,5,4,5,13,4,4,1,4,5,2,16,1,46,3,10,5,1,7,9,1,10,1,14,,44,,1,21,121.5481746,25.0384457
113,5,7,19,5,2,04大安區,大安區仁愛路4段與仁愛路4段91巷口,0,0,1,3,H02,8,5,5,50,3,1,1,5,4,5,13,4,4,1,4,5,2,16,2,28,2,8,5,5,7,20,8,20,10,16,,67,,1,21,121.5481746,25.0384457
113,5,7,19,13,2,04大安區,大安區敦化南路2段218號,0,0,1,1,C03,8,5,5,50,14,9,1,5,4,5,13,4,4,1,4,5,2,12,1,79,2,8,5,1,7,4,1,10,1,14,,42,,1,21,121.5484534,25.02194977
113,5,7,19,13,2,04大安區,大安區敦化南路2段218號,0,0,1,2,B03,8,5,5,50,14,9,1,5,4,5,13,4,4,1,4,5,2,12,1,44,3,10,7,1,7,9,1,8,1,2,,44,,1,21,121.5484534,25.02194977
113,5,7,19,22,2,05中正區,中正區仁愛路1段與林森南路口,0,0,1,1,B03,8,5,5,50,4,1,1,5,4,5,13,1,1,1,4,5,2,2,1,58,3,10,7,1,7,5,1,8,2,1,,70,,1,21,121.5215413,25.0386164
113,5,7,19,22,2,05中正區,中正區仁愛路1段與林森南路口,0,0,1,2,H01,8,5,5,50,4,1,1,5,4,5,13,1,1,1,4,5,2,2,2,79,2,9,4,5,8,16,8,20,10,16,,67,,1,21,121.5215413,25.0386164
113,5,7,19,30,2,10文山區,文山區景美堤外便道與育英街31巷38弄口,0,0,2,1,C03,8,5,5,30,5,2,1,5,4,5,13,4,4,10,5,5,2,16,2,65,2,8,6,1,7,11,1,10,2,14,,92,,1,21,121.5370092,24.9897794
113,5,7,19,30,2,10文山區,文山區景美堤外便道與育英街31巷38弄口,0,0,2,2,C03,8,5,5,30,5,2,1,5,4,5,13,4,4,10,5,5,2,16,1,22,2,9,6,1,7,9,1,10,2,11,,44,,1,21,121.5370092,24.9897794
113,5,7,20,0,2,08士林區,士林區復興橋與至善路1段口,0,0,1,1,B01,8,6,5,50,3,1,1,5,4,5,13,1,1,1,4,5,2,17,1,51,3,10,2,1,7,11,1,4,2,8,,10,,1,21,121.5365117,25.09939277
113,5,7,20,0,2,08士林區,士林區復興橋與至善路1段口,0,0,1,2,C03,8,6,5,50,3,1,1,5,4,5,13,1,1,1,4,5,2,17,1,50,2,9,2,1,7,5,1,10,2,12,,44,,1,21,121.5365117,25.09939277
113,5,7,20,6,2,07信義區,信義區永吉路225巷與永吉路225巷52弄口,0,0,2,1,F01,8,5,5,30,3,1,1,5,4,5,13,4,4,10,5,5,2,15,2,69,2,7,4,4,7,9,8,20,1,14,,72,,1,21,121.5742619,25.0473691
113,5,7,20,6,2,07信義區,信義區永吉路225巷與永吉路225巷52弄口,0,0,2,2,C03,8,5,5,30,3,1,1,5,4,5,13,4,4,10,5,5,2,15,1,16,2,1,3,4,7,9,2,18,1,11,,13,,1,21,121.5742619,25.0473691
113,5,7,20,12,2,02萬華區,萬華區和平西路3段251號與環河南路2段口,0,0,2,1,B01,8,5,5,50,4,3,1,5,4,5,13,2,1,1,4,5,2,12,1,61,3,10,7,1,7,9,6,18,1,1,,16,,1,21,121.4949123,25.03546772
113,5,7,20,12,2,02萬華區,萬華區和平西路3段251號與環河南路2段口,0,0,2,2,C03,8,5,5,50,4,3,1,5,4,5,13,2,1,1,4,5,2,12,2,36,2,8,6,1,7,9,1,10,1,13,,44,,1,21,121.4949123,25.03546772
113,5,7,20,12,2,02萬華區,萬華區和平西路3段251號與環河南路2段口,0,0,2,3,H02,8,5,5,50,4,3,1,5,4,5,13,2,1,1,4,5,2,12,1,11,2,8,6,5,7,20,8,20,10,16,,67,,1,21,121.4949123,25.03546772
113,5,7,20,28,2,08士林區,士林區至善路2段34號,0,0,2,1,C03,8,5,8,50,22,22,1,5,4,5,13,4,4,1,4,5,1,13,1,30,2,9,5,1,7,9,1,10,1,11,,16,,1,21,121.5444557,25.09710663
113,5,7,20,28,2,08士林區,士林區至善路2段34號,0,0,2,2,C03,8,5,8,50,22,22,1,5,4,5,13,4,4,1,4,5,1,13,2,50,2,9,5,1,7,9,1,10,1,13,,44,,1,21,121.5444557,25.09710663
113,5,7,20,30,2,12內湖區,內湖區瑞光路478巷與瑞光路口,0,0,1,1,B01,8,5,5,50,4,18,1,5,4,5,13,2,1,5,4,5,2,3,2,54,3,10,7,1,7,5,1,4,1,1,,70,,1,21,121.5695876,25.0787744
113,5,7,20,30,2,12內湖區,內湖區瑞光路478巷與瑞光路口,0,0,1,2,H01,8,5,5,50,4,18,1,5,4,5,13,2,1,5,4,5,2,3,2,44,2,9,4,5,8,16,8,20,10,16,,67,,1,21,121.5695876,25.0787744
113,5,7,20,34,2,07信義區,信義區光復南路505號,0,0,1,1,C03,7,5,5,30,14,9,1,5,4,5,13,4,4,10,4,5,2,17,2,29,2,9,5,1,7,7,1,10,1,13,,100,,1,22,121.5578114,25.0321409
113,5,7,20,34,2,07信義區,信義區光復南路505號,0,0,1,2,B03,7,5,5,30,14,9,1,5,4,5,13,4,4,10,4,5,2,17,2,24,3,10,3,4,7,9,1,8,1,5,,44,,1,22,121.5578114,25.0321409
113,5,7,22,39,2,08士林區,士林區文林路340號,0,0,1,1,B01,7,5,5,50,14,9,1,5,4,5,13,4,4,9,5,5,2,17,1,52,3,10,7,1,7,1,1,4,2,8,,19,,1,22,121.5255763,25.0928645
113,5,7,22,39,2,08士林區,士林區文林路340號,0,0,1,2,C03,7,5,5,50,14,9,1,5,4,5,13,4,4,9,5,5,2,17,2,19,2,9,6,1,7,9,1,10,2,11,,27,,1,22,121.5255763,25.0928645
113,5,8,2,40,2,04大安區,大安區市民大道3段206號,0,0,1,1,C03,8,5,5,40,14,9,1,5,4,5,13,4,4,1,4,5,2,18,1,19,2,9,5,1,7,12,1,10,1,12,,42,,1,21,121.5400129,25.0444862
113,5,8,2,40,2,04大安區,大安區市民大道3段206號,0,0,1,2,,8,5,5,40,14,9,1,5,4,5,13,4,4,1,4,5,2,18,3,,,,,,,,,,,,,67,,1,,121.5400129,25.0444862
113,5,8,7,0,2,08士林區,士林區仰德大道3段250巷11弄1108943燈桿,0,0,1,1,B03,7,7,5,30,11,9,1,5,4,5,13,4,4,10,5,5,1,10,1,26,3,10,7,1,7,9,1,8,1,8,,5,,1,21,121.5501672,25.13014267
113,5,8,7,0,2,08士林區,士林區仰德大道3段250巷11弄1108943燈桿,0,0,1,2,C03,7,7,5,30,11,9,1,5,4,5,13,4,4,10,5,5,1,10,1,22,2,7,5,1,7,9,1,10,1,11,,5,,1,21,121.5501672,25.13014267
113,5,8,7,9,2,10文山區,文山區木柵路3段85巷23弄與木柵路3段85巷口,0,0,2,1,B03,8,6,6,30,3,1,1,5,4,5,13,4,4,10,5,5,2,15,1,57,3,10,7,1,7,9,1,8,2,1,,72,,1,21,121.5676253,24.98953192
113,5,8,7,9,2,10文山區,文山區木柵路3段85巷23弄與木柵路3段85巷口,0,0,2,2,C03,8,6,6,30,3,1,1,5,4,5,13,4,4,10,5,5,2,15,1,60,2,9,6,1,7,9,1,10,2,12,,44,,1,21,121.5676253,24.98953192
113,5,8,7,9,2,10文山區,文山區木柵路3段85巷23弄與木柵路3段85巷口,0,0,2,3,H02,8,6,6,30,3,1,1,5,4,5,13,4,4,10,5,5,2,15,2,59,2,9,6,5,7,17,8,20,10,16,,67,,1,21,121.5676253,24.98953192
113,5,8,7,38,2,10文山區,文山區木柵路4段與木柵路4段33巷口,0,0,2,1,C03,8,6,5,50,3,1,1,5,4,5,13,1,1,10,5,5,2,16,1,66,2,6,6,1,7,5,1,10,2,12,,71,,1,21,121.5715455,24.9940785
113,5,8,7,38,2,10文山區,文山區木柵路4段與木柵路4段33巷口,0,0,2,2,C03,8,6,5,50,3,1,1,5,4,5,13,1,1,10,5,5,2,16,2,56,2,9,6,1,7,9,1,10,2,11,,44,,1,21,121.5715455,24.9940785
113,5,8,7,45,2,03中山區,中山區中山北路2段42巷與中山北路2段口,0,0,1,1,B02,8,6,5,30,3,1,1,5,4,5,13,4,4,1,5,1,1,17,1,43,3,10,3,4,7,6,1,8,2,17,,72,,1,21,121.5225946,25.05460464
113,5,8,7,45,2,03中山區,中山區中山北路2段42巷與中山北路2段口,0,0,1,2,C03,8,6,5,30,3,1,1,5,4,5,13,4,4,1,5,1,1,17,1,21,2,8,3,4,7,9,1,10,2,12,,44,,1,21,121.5225946,25.05460464
113,5,8,7,49,2,01大同區,大同區民生西路與太原路口,0,0,1,1,C03,8,6,5,50,3,2,1,5,4,5,13,2,1,8,3,5,1,9,1,42,3,10,3,4,7,6,7,19,11,15,,118,,2,22,121.5169462,25.0570683
113,5,8,7,49,2,01大同區,大同區民生西路與太原路口,0,0,1,2,H03,8,6,5,50,3,2,1,5,4,5,13,2,1,8,3,5,1,9,2,65,2,9,4,5,8,20,8,20,10,16,,60,,1,21,121.5169462,25.0570683
113,5,8,8,10,2,03中山區,中山區中山北路1段與南京東路1段口,0,0,1,1,B03,8,5,5,50,4,2,1,5,4,5,13,1,1,1,4,5,2,17,1,56,3,10,3,4,7,6,1,8,1,5,,9,,1,21,121.5228338,25.0521535
113,5,8,8,10,2,03中山區,中山區中山北路1段與南京東路1段口,0,0,1,2,F01,8,5,5,50,4,2,1,5,4,5,13,1,1,1,4,5,2,17,2,47,2,9,2,4,7,11,8,20,1,17,,11,,1,21,121.5228338,25.0521535
113,5,8,8,16,2,11南港區,南港區忠孝東路7段與忠孝東路7段415巷口,0,0,2,1,C03,8,7,5,50,4,2,1,5,4,5,13,2,1,9,4,5,2,16,2,42,2,9,6,4,7,6,1,10,1,12,,9,,1,21,121.6091413,25.0524549
113,5,8,8,16,2,11南港區,南港區忠孝東路7段與忠孝東路7段415巷口,0,0,2,2,C03,8,7,5,50,4,2,1,5,4,5,13,2,1,9,4,5,2,16,2,38,2,9,6,4,7,9,1,10,1,11,,108,,1,21,121.6091413,25.0524549
113,5,8,8,40,2,10文山區,文山區興隆路1段184巷與興隆路1段184巷4弄口,0,0,1,1,C03,8,6,5,30,3,2,1,5,4,5,13,4,4,10,5,5,2,16,1,78,2,9,6,1,7,5,1,10,1,12,,74,,1,21,121.5425523,25.0006673
113,5,8,8,40,2,10文山區,文山區興隆路1段184巷與興隆路1段184巷4弄口,0,0,1,2,B01,8,6,5,30,3,2,1,5,4,5,13,4,4,10,5,5,2,16,1,50,3,10,7,1,7,9,1,4,1,4,,44,,1,21,121.5425523,25.0006673
113,5,8,8,48,2,08士林區,士林區雨聲街與雨聲街165巷口,0,0,1,1,C03,8,6,5,50,3,1,1,5,4,5,13,2,1,6,4,5,1,13,1,26,2,9,5,1,7,9,1,10,1,11,,108,,1,21,121.53361,25.10238574
113,5,8,8,48,2,08士林區,士林區雨聲街與雨聲街165巷口,0,0,1,2,C03,8,6,5,50,3,1,1,5,4,5,13,2,1,6,4,5,1,13,1,37,3,10,5,1,7,14,1,10,1,13,,42,,1,21,121.53361,25.10238574
113,5,8,8,48,2,08士林區,士林區雨聲街與雨聲街165巷口,0,0,1,3,H01,8,6,5,50,3,1,1,5,4,5,13,2,1,6,4,5,1,13,2,73,3,10,4,5,8,17,8,20,10,16,,67,,1,21,121.53361,25.10238574
113,5,8,8,51,2,01大同區,大同區承德路2段109巷2號與無名巷口,0,0,2,1,C03,8,6,5,30,4,1,1,5,4,5,13,4,4,10,5,5,2,3,2,49,2,8,6,1,7,9,1,10,1,11,,108,,1,21,121.5190062,25.0566714
113,5,8,8,51,2,01大同區,大同區承德路2段109巷2號與無名巷口,0,0,2,2,H01,8,6,5,30,4,1,1,5,4,5,13,4,4,10,5,5,2,3,1,51,2,9,4,5,8,16,8,20,10,16,,121,,1,21,121.5190062,25.0566714
113,5,8,8,54,2,10文山區,文山區木柵路1段與試院路口,0,0,1,1,A02,8,6,5,50,14,9,1,5,4,5,13,4,4,5,4,5,2,13,1,43,3,10,7,1,7,14,1,2,9,7,,44,,1,21,121.5496951,24.9874566
113,5,8,8,54,2,10文山區,文山區木柵路1段與試院路口,0,0,1,2,C03,8,6,5,50,14,9,1,5,4,5,13,4,4,5,4,5,2,13,2,41,2,9,6,1,7,9,1,10,9,11,,16,,1,21,121.5496951,24.9874566