發生年度,發生月,發生日,發生時-Hours,發生分,處理別-編號,區序,肇事地點,死亡人數,2-30日死亡人數,受傷人數,當事人序號,車種,天候,道路照明設備,道路類別,速限-速度限制,道路型態,事故位置,路面狀況1,路面狀況2,路面狀況3,道路障礙1,道路障礙2,號誌1,號誌2,車道劃分-分向,車道劃分-分道1,車道劃分-分道2,車道劃分-分道3,事故類型及型態,性別,年齡,受傷程度,主要傷處,保護裝置,行動電話,車輛用途,當事者行動狀態,駕駛資格情形,駕駛執照種類,飲酒情形,車輛撞擊部位1,車輛撞擊部位2,肇因碼-個別,肇因碼-主要,個人肇逃否,職業,座標-X,座標-Y
113,5,8,8,55,2,10文山區,文山區羅斯福路6段與景仁街口,0,0,1,1,B03,8,6,5,50,4,1,1,5,4,5,13,2,1,1,4,5,2,16,1,71,3,10,7,1,7,5,1,8,2,5,,71,,1,21,121.5408352,24.9971356
113,5,8,8,55,2,10文山區,文山區羅斯福路6段與景仁街口,0,0,1,2,C03,8,6,5,50,4,1,1,5,4,5,13,2,1,1,4,5,2,16,1,37,2,9,6,1,7,9,1,10,2,11,,44,,1,21,121.5408352,24.9971356
113,5,8,8,56,2,03中山區,中山區復興北路與民生東路3段口,0,0,2,1,C03,8,6,5,50,4,1,1,5,4,5,13,2,1,1,5,5,1,12,1,24,2,8,3,4,7,8,1,10,1,12,,100,,1,21,121.544076,25.05813535
113,5,8,8,56,2,03中山區,中山區復興北路與民生東路3段口,0,0,2,2,C03,8,6,5,50,4,1,1,5,4,5,13,2,1,1,5,5,1,12,2,49,2,9,3,4,7,9,1,10,1,14,,44,,1,21,121.544076,25.05813535
113,5,8,9,6,2,08士林區,士林區承德橋,0,0,2,1,C03,8,6,5,50,8,11,1,5,4,5,13,4,4,4,4,5,2,12,2,52,2,8,5,1,7,9,1,10,1,14,,108,,1,21,121.521099,25.07769034
113,5,8,9,6,2,08士林區,士林區承德橋,0,0,2,2,C03,8,6,5,50,8,11,1,5,4,5,13,4,4,4,4,5,2,12,1,23,2,9,5,1,7,9,1,10,1,12,,44,,1,21,121.521099,25.07769034
113,5,8,9,18,2,04大安區,大安區辛亥路3段與芳蘭路口往東方向,0,0,2,1,B01,8,6,5,50,14,9,1,5,4,5,13,4,4,1,4,5,2,13,1,64,3,10,7,1,7,8,1,4,1,17,,100,,1,21,121.5495264,25.016412
113,5,8,9,18,2,04大安區,大安區辛亥路3段與芳蘭路口往東方向,0,0,2,2,C03,8,6,5,50,14,9,1,5,4,5,13,4,4,1,4,5,2,13,2,26,2,9,5,1,7,9,1,10,1,13,,44,,1,21,121.5495264,25.016412
113,5,8,9,18,2,04大安區,大安區辛亥路3段與芳蘭路口往東方向,0,0,2,3,C03,8,6,5,50,14,9,1,5,4,5,13,4,4,1,4,5,2,13,1,19,2,9,5,1,7,9,1,10,1,11,,108,,1,21,121.5495264,25.016412
113,5,8,9,20,2,07信義區,信義區逸仙路28號,0,0,1,1,,8,5,5,50,14,9,1,5,4,5,13,4,4,5,4,5,2,17,4,0,,,,,,,,,,,,119,,2,,121.5615034,25.0395259
113,5,8,9,20,2,07信義區,信義區逸仙路28號,0,0,1,2,C04,8,5,5,50,14,9,1,5,4,5,13,4,4,5,4,5,2,17,1,36,2,8,6,1,7,14,1,10,1,17,,44,,1,22,121.5615034,25.0395259
113,5,8,9,24,2,10文山區,文山區育英街與育英街17巷口,0,0,1,1,C03,8,6,5,30,3,1,1,5,4,5,13,4,4,9,5,5,2,16,2,60,2,9,6,1,7,5,1,10,1,12,,74,,1,21,121.5390764,24.99084073
113,5,8,9,24,2,10文山區,文山區育英街與育英街17巷口,0,0,1,2,C03,8,6,5,30,3,1,1,5,4,5,13,4,4,9,5,5,2,16,1,27,3,10,6,1,7,9,1,10,1,11,,14,,1,21,121.5390764,24.99084073
113,5,8,9,24,2,11南港區,南港區忠孝東路7段與向陽路口口,0,0,2,1,C03,7,6,5,50,5,4,1,5,4,1,11,1,1,1,4,5,2,13,2,66,2,7,5,4,7,9,1,10,1,11,,108,,1,21,121.5958561,25.0508948
113,5,8,9,24,2,11南港區,南港區忠孝東路7段與向陽路口口,0,0,2,2,C03,7,6,5,50,5,4,1,5,4,1,11,1,1,1,4,5,2,13,2,25,2,9,5,4,7,14,1,10,1,13,,44,,1,21,121.5958561,25.0508948
113,5,8,9,30,2,04大安區,大安區通化街與文昌街口,0,0,1,1,B01,8,7,5,50,14,9,1,5,4,5,13,4,4,5,4,5,1,17,1,56,3,10,7,1,7,9,1,4,1,2,,44,,1,21,121.5542839,25.032656
113,5,8,9,30,2,04大安區,大安區通化街與文昌街口,0,0,1,2,F01,8,7,5,50,14,9,1,5,4,5,13,4,4,5,4,5,1,17,2,61,2,9,4,1,7,7,8,20,1,14,,100,,1,21,121.5542839,25.032656
113,5,8,10,16,2,09北投區,北投區承德路6段335號與承德路6段口前,0,0,1,1,C03,8,5,5,60,3,1,1,5,4,5,13,1,1,9,2,3,1,13,2,38,2,9,3,4,7,9,1,10,2,11,,108,,1,21,121.5118189,25.104944
113,5,8,10,16,2,09北投區,北投區承德路6段335號與承德路6段口前,0,0,1,2,C03,8,5,5,60,3,1,1,5,4,5,13,1,1,9,2,3,1,13,1,67,3,10,3,4,7,14,1,10,2,13,,44,,1,21,121.5118189,25.104944
113,5,8,10,24,2,02萬華區,萬華區雙園街與西藏路口,0,0,1,1,C03,7,6,5,50,3,1,1,5,4,5,13,3,1,1,4,5,2,16,1,75,2,5,6,1,7,5,1,10,1,11,,80,,1,21,121.4951922,25.0287803
113,5,8,10,24,2,02萬華區,萬華區雙園街與西藏路口,0,0,1,2,B01,7,6,5,50,3,1,1,5,4,5,13,3,1,1,4,5,2,16,1,61,3,10,7,1,7,9,1,4,1,5,,44,,1,21,121.4951922,25.0287803
113,5,8,10,26,2,06松山區,松山區八德路3段74巷46號,0,0,1,1,B03,8,7,5,30,14,9,1,5,4,5,13,4,4,10,5,5,2,2,2,74,4,11,3,4,7,9,1,8,11,2,,107,,2,21,121.5524971,25.04701943
113,5,8,10,26,2,06松山區,松山區八德路3段74巷46號,0,0,1,2,H01,8,7,5,30,14,9,1,5,4,5,13,4,4,10,5,5,2,2,1,72,2,7,4,5,8,16,8,20,10,16,,67,,1,22,121.5524971,25.04701943
113,5,8,10,32,2,09北投區,北投區新市街30號,0,0,1,1,B12,8,7,5,50,14,9,1,5,4,5,13,4,4,5,2,5,1,12,1,46,3,10,3,1,7,4,1,4,1,2,1,1,,1,21,121.5034605,25.1317463
113,5,8,10,32,2,09北投區,北投區新市街30號,0,0,1,2,B01,8,7,5,50,14,9,1,5,4,5,13,4,4,5,2,5,1,12,1,61,2,9,7,1,7,9,1,4,1,4,2,2,,1,21,121.5034605,25.1317463
113,5,8,10,32,2,09北投區,北投區新市街30號,0,0,1,3,E05,8,7,5,50,14,9,1,5,4,5,13,4,4,5,2,5,1,12,1,30,3,10,3,1,7,14,1,4,1,7,3,68,,1,22,121.5034605,25.1317463
113,5,8,10,39,2,02萬華區,萬華區西園路1段與廣州街口,0,0,1,1,C03,8,6,5,50,4,2,4,5,4,5,13,2,1,5,5,5,2,17,2,75,2,8,6,1,7,8,1,10,2,14,,100,,1,21,121.4995538,25.03666
113,5,8,10,39,2,02萬華區,萬華區西園路1段與廣州街口,0,0,1,2,B12,8,6,5,50,4,2,4,5,4,5,13,2,1,5,5,5,2,17,1,32,3,10,7,1,7,5,1,8,2,1,,44,,1,27,121.4995538,25.03666
113,5,8,11,11,2,01大同區,大同區承德路2段與萬全街口,0,0,1,1,C03,8,5,5,50,4,4,1,5,4,5,13,1,1,1,4,5,2,13,1,30,3,10,5,1,7,9,1,10,1,11,,108,,1,21,121.5181064,25.05850457
113,5,8,11,11,2,01大同區,大同區承德路2段與萬全街口,0,0,1,2,C03,8,5,5,50,4,4,1,5,4,5,13,1,1,1,4,5,2,13,2,39,2,5,5,1,7,14,1,10,1,13,,44,,1,21,121.5181064,25.05850457
113,5,8,11,25,2,09北投區,北投區中和街與中和街292巷口,0,0,2,1,C03,7,6,5,50,14,9,1,5,4,5,13,4,4,5,5,5,1,17,1,74,2,9,6,1,7,1,1,10,1,14,,19,,1,21,121.500385,25.1403422
113,5,8,11,25,2,09北投區,北投區中和街與中和街292巷口,0,0,2,2,C03,7,6,5,50,14,9,1,5,4,5,13,4,4,5,5,5,1,17,1,18,2,9,6,1,7,9,1,10,1,11,,80,,1,21,121.500385,25.1403422
113,5,8,11,30,2,12內湖區,內湖區彩虹河濱公園自行車道(彩虹643路燈桿),0,0,2,1,F01,8,6,5,0,14,23,1,5,4,5,13,4,4,10,5,5,2,1,2,48,2,8,4,1,7,9,8,20,2,11,,42,,1,21,121.5725528,25.05834597
113,5,8,11,30,2,12內湖區,內湖區彩虹河濱公園自行車道(彩虹643路燈桿),0,0,2,2,H01,8,6,5,0,14,23,1,5,4,5,13,4,4,10,5,5,2,1,2,6,2,1,4,5,8,16,8,20,10,16,,67,,1,14,121.5725528,25.05834597
113,5,8,12,10,2,10文山區,文山區興隆路2段21號,0,0,2,1,C03,8,6,5,50,14,18,1,5,4,5,13,4,4,1,4,5,2,3,1,20,2,9,6,1,7,9,1,10,2,11,,70,,1,21,121.5456406,24.9988398
113,5,8,12,10,2,10文山區,文山區興隆路2段21號,0,0,2,2,H01,8,6,5,50,14,18,1,5,4,5,13,4,4,1,4,5,2,3,2,55,2,9,4,5,8,16,8,20,10,16,,67,,1,21,121.5456406,24.9988398
113,5,8,12,18,2,04大安區,大安區和平東路2段201號,0,0,1,1,C03,8,7,5,50,14,8,1,5,4,5,13,4,4,1,4,4,2,12,2,51,2,8,3,4,7,7,1,10,1,14,,100,,1,21,121.5429355,25.025032
113,5,8,12,18,2,04大安區,大安區和平東路2段201號,0,0,1,2,B03,8,7,5,50,14,8,1,5,4,5,13,4,4,1,4,4,2,12,1,32,3,10,3,4,7,9,1,8,1,2,,44,,1,21,121.5429355,25.025032
113,5,8,12,18,2,04大安區,大安區和平東路2段201號,0,0,1,3,A02,8,7,5,50,14,8,1,5,4,5,13,4,4,1,4,4,2,12,1,56,3,10,3,4,7,3,1,1,1,7,,44,,1,21,121.5429355,25.025032
113,5,8,12,25,2,03中山區,中山區錦州街250號,0,0,2,1,H01,8,6,5,50,14,9,1,5,4,5,13,4,4,9,4,5,2,3,2,25,2,9,4,5,8,16,8,20,10,16,,53,,1,22,121.5342073,25.0603055
113,5,8,12,25,2,03中山區,中山區錦州街250號,0,0,2,2,C03,8,6,5,50,14,9,1,5,4,5,13,4,4,9,4,5,2,3,2,35,2,9,5,1,7,9,1,10,1,11,,108,,1,22,121.5342073,25.0603055
113,5,8,12,30,2,04大安區,大安區忠孝東路4段與敦化南路1段口,0,0,2,1,C03,8,6,5,50,4,1,1,5,4,5,13,2,1,8,3,5,2,16,1,22,2,9,6,1,7,9,1,10,2,14,,44,,1,21,121.5492095,25.0416118
113,5,8,12,30,2,04大安區,大安區忠孝東路4段與敦化南路1段口,0,0,2,2,C03,8,6,5,50,4,1,1,5,4,5,13,2,1,8,3,5,2,16,1,50,2,5,6,1,7,8,1,10,2,12,,100,,1,21,121.5492095,25.0416118
113,5,8,12,36,2,07信義區,信義區市民大道5段與東興路口,0,0,1,1,B03,7,7,5,40,5,1,1,5,4,5,13,1,1,5,5,5,2,17,1,26,3,10,7,1,7,5,1,8,1,5,,71,,1,21,121.5658093,25.0482062
113,5,8,12,36,2,07信義區,信義區市民大道5段與東興路口,0,0,1,2,C03,7,7,5,40,5,1,1,5,4,5,13,1,1,5,5,5,2,17,2,28,2,8,5,1,7,9,1,10,1,11,,44,,1,21,121.5658093,25.0482062
113,5,8,13,27,2,10文山區,文山區景福街242巷與萬慶街口口,0,0,1,1,B03,8,6,5,30,4,2,1,5,4,5,8,4,4,10,5,5,2,15,2,59,3,10,7,1,7,9,1,8,2,1,,14,,1,21,121.5394137,24.9927085
113,5,8,13,27,2,10文山區,文山區景福街242巷與萬慶街口口,0,0,1,2,C03,8,6,5,30,4,2,1,5,4,5,8,4,4,10,5,5,2,15,2,43,2,7,5,1,7,9,1,9,2,12,,107,,1,21,121.5394137,24.9927085
113,5,8,14,2,2,03中山區,中山區復興北路與錦州街口,0,0,1,1,B02,8,7,5,50,4,1,1,5,4,5,13,1,1,1,4,5,2,13,1,52,3,10,7,1,7,9,1,8,9,1,,108,,1,22,121.5441576,25.0603727
113,5,8,14,2,2,03中山區,中山區復興北路與錦州街口,0,0,1,2,B01,8,7,5,50,4,1,1,5,4,5,13,1,1,1,4,5,2,13,1,69,3,10,7,1,7,9,1,4,9,3,,44,,1,22,121.5441576,25.0603727
113,5,8,14,2,2,03中山區,中山區復興北路與錦州街口,0,0,1,3,H02,8,7,5,50,4,1,1,5,4,5,13,1,1,1,4,5,2,13,1,24,2,9,7,5,7,17,8,20,10,16,,67,,1,22,121.5441576,25.0603727
113,5,8,14,30,2,03中山區,中山區北安路忠烈祠,0,0,2,1,C03,8,6,5,50,11,9,1,5,4,5,13,4,4,8,5,5,1,1,1,19,2,7,3,4,7,9,1,10,1,11,,70,,1,21,121.5327562,25.07814824
113,5,8,14,30,2,03中山區,中山區北安路忠烈祠,0,0,2,2,H01,8,6,5,50,11,9,1,5,4,5,13,4,4,8,5,5,1,1,2,33,2,9,4,5,8,16,8,20,10,16,,67,,1,22,121.5327562,25.07814824
113,5,8,14,30,2,09北投區,北投區中央北路2段與中央北路2段131巷口,0,0,1,1,B03,8,6,5,50,3,2,1,5,4,5,13,4,4,5,4,5,2,17,1,83,3,10,7,1,7,9,1,8,2,2,,44,,1,22,121.4942302,25.1372835
113,5,8,14,30,2,09北投區,北投區中央北路2段與中央北路2段131巷口,0,0,1,2,C03,8,6,5,50,3,2,1,5,4,5,13,4,4,5,4,5,2,17,2,64,2,1,6,1,7,7,1,10,2,14,,100,,1,22,121.4942302,25.1372835
113,5,8,15,25,2,02萬華區,萬華區萬大路423巷與青年路口,0,0,1,1,A02,8,7,5,30,3,2,1,5,4,5,13,1,1,4,3,5,2,2,1,44,3,10,7,1,7,6,1,2,1,4,,108,,1,22,121.5023423,25.0222079
113,5,8,15,25,2,02萬華區,萬華區萬大路423巷與青年路口,0,0,1,2,H01,8,7,5,30,3,2,1,5,4,5,13,1,1,4,3,5,2,2,2,78,2,7,4,5,8,21,8,20,1,16,,60,,1,22,121.5023423,25.0222079
113,5,8,17,21,2,08士林區,士林區福林路254巷(至善幹1號電桿),0,0,2,1,C03,7,7,5,40,14,9,1,5,4,5,13,4,4,10,5,5,1,17,1,22,2,9,5,1,7,12,1,10,1,11,,80,,1,21,121.5363343,25.0980807
113,5,8,17,21,2,08士林區,士林區福林路254巷(至善幹1號電桿),0,0,2,2,C03,7,7,5,40,14,9,1,5,4,5,13,4,4,10,5,5,1,17,1,48,2,8,5,1,7,5,1,10,1,13,,13,,1,21,121.5363343,25.0980807
113,5,8,17,30,2,06松山區,松山區光復北路與健康路口,0,0,1,1,B03,7,6,5,50,4,2,1,5,4,5,13,2,1,9,4,5,2,16,1,49,3,10,7,1,7,6,1,8,1,6,,44,,1,21,121.5565829,25.05365077
113,5,8,17,30,2,06松山區,松山區光復北路與健康路口,0,0,1,2,C03,7,6,5,50,4,2,1,5,4,5,13,2,1,9,4,5,2,16,1,28,2,9,5,1,7,9,6,10,1,11,,107,,1,21,121.5565829,25.05365077
113,5,8,17,40,2,04大安區,大安區市民大道4段與忠孝東路4段205巷口口,0,0,2,1,C03,8,7,5,40,3,1,1,5,4,5,13,4,4,1,4,5,1,17,1,44,2,9,6,1,7,6,1,10,1,12,,74,,1,21,121.5496655,25.044629
113,5,8,17,40,2,04大安區,大安區市民大道4段與忠孝東路4段205巷口口,0,0,2,2,C03,8,7,5,40,3,1,1,5,4,5,13,4,4,1,4,5,1,17,1,22,2,9,6,1,7,9,1,10,1,11,,13,,1,21,121.5496655,25.044629
113,5,8,17,51,2,12內湖區,內湖區舊宗路2段1號停車場入口,0,0,1,1,B03,8,6,5,50,14,9,1,5,4,5,13,4,4,9,4,5,2,16,1,46,3,10,7,1,7,6,1,8,2,5,,9,,1,21,121.5748888,25.06638144
113,5,8,17,51,2,12內湖區,內湖區舊宗路2段1號停車場入口,0,0,1,2,C03,8,6,5,50,14,9,1,5,4,5,13,4,4,9,4,5,2,16,1,20,2,9,6,1,7,9,1,10,2,14,,13,,1,21,121.5748888,25.06638144
113,5,8,18,10,2,07信義區,信義區忠孝東路4段與逸仙路口,0,0,2,1,C03,7,5,5,50,3,2,1,5,4,5,13,2,1,1,4,5,2,16,1,21,2,9,5,1,7,8,1,10,1,12,,100,,1,21,121.5615857,25.0413375
113,5,8,18,10,2,07信義區,信義區忠孝東路4段與逸仙路口,0,0,2,2,C03,7,5,5,50,3,2,1,5,4,5,13,2,1,1,4,5,2,16,1,63,2,9,5,1,7,9,1,10,1,14,,44,,1,21,121.5615857,25.0413375
113,5,8,18,25,2,08士林區,士林區通河街與通河街2巷口,0,0,2,1,C03,8,5,7,50,4,2,1,5,4,5,13,3,1,5,5,5,1,17,2,27,2,7,5,1,7,5,1,10,1,11,,71,,1,21,121.5237396,25.07988124
113,5,8,18,25,2,08士林區,士林區通河街與通河街2巷口,0,0,2,2,C03,8,5,7,50,4,2,1,5,4,5,13,3,1,5,5,5,1,17,1,41,3,10,5,1,7,9,1,10,1,14,,44,,1,21,121.5237396,25.07988124
113,5,8,18,25,2,08士林區,士林區通河街與通河街2巷口,0,0,2,3,H02,8,5,7,50,4,2,1,5,4,5,13,3,1,5,5,5,1,17,2,27,2,9,5,5,7,20,8,20,10,16,,67,,1,21,121.5237396,25.07988124
113,5,8,19,31,2,01大同區,大同區民生西路與民生西路171巷口,0,0,2,1,B03,7,5,5,50,3,1,1,5,4,5,13,4,4,5,2,5,2,17,1,56,3,10,7,1,7,5,1,8,1,5,,71,,1,21,121.5172414,25.0572883
113,5,8,19,31,2,01大同區,大同區民生西路與民生西路171巷口,0,0,2,2,C04,7,5,5,50,3,1,1,5,4,5,13,4,4,5,2,5,2,17,2,20,2,8,6,1,7,9,1,10,1,11,,44,,1,21,121.5172414,25.0572883
113,5,8,19,31,2,01大同區,大同區民生西路與民生西路171巷口,0,0,2,3,H02,7,5,5,50,3,1,1,5,4,5,13,4,4,5,2,5,2,17,2,20,2,7,6,5,7,21,8,20,10,16,,67,,1,21,121.5172414,25.0572883
113,5,8,20,7,2,02萬華區,萬華區雙園街21巷41號,0,0,1,1,C03,8,5,5,30,14,9,1,5,4,5,13,4,4,10,5,5,1,11,1,40,3,10,5,1,7,9,1,10,1,14,,5,,1,21,121.4952422,25.0306294
113,5,8,20,7,2,02萬華區,萬華區雙園街21巷41號,0,0,1,2,F01,8,5,5,30,14,9,1,5,4,5,13,4,4,10,5,5,1,11,1,50,2,7,4,1,7,9,8,20,1,14,,44,,1,21,121.4952422,25.0306294
113,5,8,20,42,2,11南港區,南港區三重路41巷20號,0,0,1,1,B03,7,5,5,30,14,9,1,5,4,5,13,4,4,10,5,5,2,17,1,18,3,10,3,4,7,5,1,8,1,17,,101,,1,22,121.6136719,25.0599483
113,5,8,20,42,2,11南港區,南港區三重路41巷20號,0,0,1,2,C03,7,5,5,30,14,9,1,5,4,5,13,4,4,10,5,5,2,17,1,39,2,9,5,1,7,9,1,10,1,17,,13,,1,22,121.6136719,25.0599483
113,5,8,20,45,2,02萬華區,萬華區環河南路1段(洛陽停車場旁),0,0,1,1,C03,7,6,5,50,14,9,1,5,4,4,13,4,4,5,4,5,2,29,3,69,,,,,,,,,,,,130,,1,,121.5054115,25.0480729
113,5,8,20,45,2,02萬華區,萬華區環河南路1段(洛陽停車場旁),0,0,1,2,C03,7,6,5,50,14,9,1,5,4,4,13,4,4,5,4,5,2,29,1,22,2,9,6,1,7,9,1,10,1,11,12,108,,1,21,121.5054115,25.0480729
113,5,8,21,40,2,06松山區,松山區民生東路3段127巷與民生東路3段113巷7弄口,0,0,2,1,C03,8,5,5,30,4,1,1,5,4,5,13,4,4,10,5,5,2,15,1,29,2,9,6,1,7,9,1,10,1,11,,14,,1,21,121.5474609,25.0584503
113,5,8,21,40,2,06松山區,松山區民生東路3段127巷與民生東路3段113巷7弄口,0,0,2,2,C03,8,5,5,30,4,1,1,5,4,5,13,4,4,10,5,5,2,15,2,43,2,9,6,1,7,9,1,10,1,11,,14,,1,21,121.5474609,25.0584503
113,5,8,22,4,2,07信義區,信義區松仁路與松平路口,0,0,3,1,C03,8,5,5,50,4,1,1,5,4,5,13,2,1,5,4,5,2,16,2,18,2,8,6,1,7,6,1,10,2,13,,80,,1,21,121.5682442,25.0304848
113,5,8,22,4,2,07信義區,信義區松仁路與松平路口,0,0,3,2,C03,8,5,5,50,4,1,1,5,4,5,13,2,1,5,4,5,2,16,1,30,2,8,6,1,7,9,1,10,2,11,,44,,1,21,121.5682442,25.0304848
113,5,8,22,4,2,07信義區,信義區松仁路與松平路口,0,0,3,3,H02,8,5,5,50,4,1,1,5,4,5,13,2,1,5,4,5,2,16,2,18,2,8,6,5,7,21,8,20,10,17,,67,,1,21,121.5682442,25.0304848
113,5,8,22,31,2,10文山區,文山區木新路3段與木新路3段172巷口,0,0,1,1,B01,8,5,5,50,14,9,2,5,4,5,13,4,4,5,4,5,2,17,1,67,3,10,3,4,7,15,1,4,2,1,,10,,1,21,121.5607627,24.9816868
113,5,8,22,31,2,10文山區,文山區木新路3段與木新路3段172巷口,0,0,1,2,C03,8,5,5,50,14,9,2,5,4,5,13,4,4,5,4,5,2,17,1,20,2,8,5,4,7,9,1,10,2,11,,44,,1,21,121.5607627,24.9816868
113,5,8,22,54,2,05中正區,中正區林森南路與林森南路3巷口,0,0,1,1,C03,8,5,5,50,3,2,1,5,4,5,13,4,4,5,4,5,2,17,1,19,2,9,6,1,7,15,1,10,2,14,,100,,1,21,121.523248,25.0444612
113,5,8,22,54,2,05中正區,中正區林森南路與林森南路3巷口,0,0,1,2,C03,8,5,5,50,3,2,1,5,4,5,13,4,4,5,4,5,2,17,2,21,3,10,6,1,7,9,1,10,2,15,,99,,1,21,121.523248,25.0444612
113,5,9,6,38,2,01大同區,大同區南京西路18巷4弄與南京西路18巷口,0,0,1,1,B02,8,6,5,30,3,2,1,5,4,5,13,4,4,10,5,5,2,8,1,40,3,10,7,1,7,2,1,8,2,7,,44,,1,21,121.5201786,25.0522973
113,5,9,6,38,2,01大同區,大同區南京西路18巷4弄與南京西路18巷口,0,0,1,2,H01,8,6,5,30,3,2,1,5,4,5,13,4,4,10,5,5,2,8,2,69,2,9,4,5,8,17,8,20,10,16,,67,,1,21,121.5201786,25.0522973
113,5,9,6,38,2,05中正區,中正區汀州路2段與同安街口口,0,0,1,1,B03,8,6,5,50,4,1,1,5,4,5,13,1,1,5,5,5,2,16,2,54,3,10,7,1,7,5,1,8,2,1,,71,,1,21,121.5217114,25.02413358
113,5,9,6,38,2,05中正區,中正區汀州路2段與同安街口口,0,0,1,2,C03,8,6,5,50,4,1,1,5,4,5,13,1,1,5,5,5,2,16,1,29,2,8,6,1,7,9,1,10,2,11,,44,,1,21,121.5217114,25.02413358
113,5,9,7,18,2,08士林區,士林區延平北路8段與延平北路8段55巷口,0,0,1,1,C03,8,7,5,30,4,1,1,5,4,5,13,4,4,5,5,5,2,15,2,44,3,10,6,1,7,9,1,10,1,14,,72,,1,21,121.4851026,25.1050855
113,5,9,7,18,2,08士林區,士林區延平北路8段與延平北路8段55巷口,0,0,1,2,C03,8,7,5,30,4,1,1,5,4,5,13,4,4,5,5,5,2,15,1,20,3,10,6,1,7,9,1,10,1,12,,14,,1,21,121.4851026,25.1050855
113,5,9,7,18,2,08士林區,士林區延平北路8段與延平北路8段55巷口,0,0,1,3,H02,8,7,5,30,4,1,1,5,4,5,13,4,4,5,5,5,2,15,2,7,2,8,6,5,7,17,8,20,10,16,,67,,1,21,121.4851026,25.1050855
113,5,9,7,20,2,12內湖區,內湖區舊宗路1段2號,0,0,2,1,C03,8,6,5,50,14,9,1,5,4,5,13,4,4,1,5,5,2,17,1,33,2,8,6,1,7,8,1,10,1,13,,100,,1,21,121.5810559,25.05751122
113,5,9,7,20,2,12內湖區,內湖區舊宗路1段2號,0,0,2,2,C03,8,6,5,50,14,9,1,5,4,5,13,4,4,1,5,5,2,17,1,65,2,8,6,1,7,10,1,10,1,11,,44,,1,21,121.5810559,25.05751122
113,5,9,7,30,2,12內湖區,內湖區內湖路1段629巷42號,0,0,3,1,C03,8,6,5,30,14,18,1,5,4,5,13,4,4,9,5,5,2,3,2,27,2,9,5,1,7,9,1,10,2,11,14,70,,1,21,121.5756832,25.08145909
113,5,9,7,30,2,12內湖區,內湖區內湖路1段629巷42號,0,0,3,2,H01,8,6,5,30,14,18,1,5,4,5,13,4,4,9,5,5,2,3,1,13,2,9,4,5,8,16,8,20,10,16,,53,,1,21,121.5756832,25.08145909
113,5,9,7,30,2,12內湖區,內湖區內湖路1段629巷42號,0,0,3,3,H02,8,6,5,30,14,18,1,5,4,5,13,4,4,9,5,5,2,3,1,27,2,7,5,5,7,20,8,20,10,16,,67,,1,21,121.5756832,25.08145909
113,5,9,7,45,2,03中山區,中山區撫順街41巷1號,0,0,1,1,C03,8,5,5,30,14,9,1,5,4,5,13,4,4,9,4,5,2,13,2,55,2,9,5,1,7,9,1,10,1,11,,108,,1,21,121.5199698,25.06332219
113,5,9,7,45,2,03中山區,中山區撫順街41巷1號,0,0,1,2,C03,8,5,5,30,14,9,1,5,4,5,13,4,4,9,4,5,2,13,2,27,3,10,5,1,7,5,1,10,1,13,,44,,1,21,121.5199698,25.06332219
113,5,9,7,53,2,04大安區,大安區辛亥路2段與新生南路3段口,0,0,1,1,B03,8,7,5,50,4,2,1,5,4,5,13,4,4,1,4,5,1,17,4,48,,,,,,,,,11,,,119,,2,,121.5351914,25.02265862
113,5,9,7,53,2,04大安區,大安區辛亥路2段與新生南路3段口,0,0,1,2,C03,8,7,5,50,4,2,1,5,4,5,13,4,4,1,4,5,1,17,1,68,2,9,6,1,7,9,1,10,1,11,,16,,1,21,121.5351914,25.02265862
113,5,9,7,53,2,04大安區,大安區辛亥路2段與新生南路3段口,0,0,1,3,B03,8,7,5,50,4,2,1,5,4,5,13,4,4,1,4,5,1,17,1,20,3,10,7,1,7,9,1,8,1,5,,44,,1,21,121.5351914,25.02265862
113,5,9,8,20,2,03中山區,中山區民生東路3段與復興北路口,0,0,1,1,C03,8,6,5,50,4,1,1,5,4,5,13,1,1,3,4,5,2,13,1,25,2,9,5,1,7,9,1,10,1,11,14,16,,1,21,121.54416,25.05769882
113,5,9,8,20,2,03中山區,中山區民生東路3段與復興北路口,0,0,1,2,B03,8,6,5,50,4,1,1,5,4,5,13,1,1,3,4,5,2,13,1,34,3,10,7,1,7,12,1,8,1,6,,44,,1,21,121.54416,25.05769882
113,5,9,8,20,2,03中山區,中山區民生東路3段與復興北路口,0,0,1,3,B03,8,6,5,50,4,1,1,5,4,5,13,1,1,3,4,5,2,13,1,33,3,10,7,1,7,9,1,8,1,4,,44,,1,21,121.54416,25.05769882
113,5,9,8,20,2,09北投區,北投區大業路157號加油站前,0,0,1,1,C03,8,5,8,50,14,8,1,5,4,5,13,4,4,5,4,3,2,13,1,49,2,9,3,4,7,9,1,10,1,11,,16,,1,22,121.4986316,25.1249618
113,5,9,8,20,2,09北投區,北投區大業路157號加油站前,0,0,1,2,C03,8,5,8,50,14,8,1,5,4,5,13,4,4,5,4,3,2,13,2,34,3,10,3,4,7,9,1,10,1,13,,44,,1,21,121.4986316,25.1249618
113,5,9,8,20,2,09北投區,北投區大業路157號加油站前,0,0,1,3,C03,8,5,8,50,14,8,1,5,4,5,13,4,4,5,4,3,2,13,1,38,3,10,3,4,7,9,1,10,1,17,,44,,1,21,121.4986316,25.1249618