發生年度,發生月,發生日,發生時-Hours,發生分,處理別-編號,區序,肇事地點,死亡人數,2-30日死亡人數,受傷人數,當事人序號,車種,天候,道路照明設備,道路類別,速限-速度限制,道路型態,事故位置,路面狀況1,路面狀況2,路面狀況3,道路障礙1,道路障礙2,號誌1,號誌2,車道劃分-分向,車道劃分-分道1,車道劃分-分道2,車道劃分-分道3,事故類型及型態,性別,年齡,受傷程度,主要傷處,保護裝置,行動電話,車輛用途,當事者行動狀態,駕駛資格情形,駕駛執照種類,飲酒情形,車輛撞擊部位1,車輛撞擊部位2,肇因碼-個別,肇因碼-主要,個人肇逃否,職業,座標-X,座標-Y
113,5,9,8,20,2,09北投區,北投區大業路157號加油站前,0,0,1,4,B03,8,5,8,50,14,8,1,5,4,5,13,4,4,5,4,3,2,13,2,49,3,10,7,1,7,6,1,8,9,17,,44,,1,21,121.4986316,25.1249618
113,5,9,8,22,2,01大同區,大同區塔城街與忠孝西路1段口,0,0,2,1,B03,8,6,5,50,5,2,1,5,4,5,13,4,4,5,5,5,2,12,1,34,3,10,7,1,7,8,1,8,1,2,,100,,1,21,121.5102024,25.0486876
113,5,9,8,22,2,01大同區,大同區塔城街與忠孝西路1段口,0,0,2,2,C03,8,6,5,50,5,2,1,5,4,5,13,4,4,5,5,5,2,12,1,25,2,9,6,1,7,7,1,10,1,14,,100,,1,21,121.5102024,25.0486876
113,5,9,8,22,2,01大同區,大同區塔城街與忠孝西路1段口,0,0,2,3,H02,8,6,5,50,5,2,1,5,4,5,13,4,4,5,5,5,2,12,2,24,2,9,6,5,7,20,8,20,10,16,,67,,1,21,121.5102024,25.0486876
113,5,9,8,30,2,05中正區,中正區汀州路3段101號,0,0,2,1,C03,8,6,5,50,14,9,1,5,4,5,13,1,1,5,4,5,2,17,2,36,2,9,5,1,7,9,1,10,1,11,,44,,1,21,121.5294777,25.0170392
113,5,9,8,30,2,05中正區,中正區汀州路3段101號,0,0,2,2,C03,8,6,5,50,14,9,1,5,4,5,13,1,1,5,4,5,2,17,1,76,2,9,5,1,7,9,1,10,1,11,,44,,1,21,121.5294777,25.0170392
113,5,9,8,34,2,07信義區,信義區永吉路30巷與忠孝東路5段71巷3弄口,0,0,2,1,C03,8,6,5,30,4,2,1,5,4,5,10,4,4,8,5,5,2,16,1,25,2,8,6,1,7,11,1,10,1,11,,74,,1,21,121.5687015,25.0415893
113,5,9,8,34,2,07信義區,信義區永吉路30巷與忠孝東路5段71巷3弄口,0,0,2,2,C03,8,6,5,30,4,2,1,5,4,5,10,4,4,8,5,5,2,16,1,50,2,9,6,1,7,9,1,10,1,11,,14,,1,21,121.5687015,25.0415893
113,5,9,8,35,2,05中正區,中正區重慶南路1段與凱達格蘭大道口,0,0,2,1,C03,8,7,5,50,3,1,1,5,4,5,13,1,1,4,5,5,2,17,1,17,2,7,6,1,7,15,2,18,1,13,,81,,1,21,121.5129146,25.03993404
113,5,9,8,35,2,05中正區,中正區重慶南路1段與凱達格蘭大道口,0,0,2,2,C03,8,7,5,50,3,1,1,5,4,5,13,1,1,4,5,5,2,17,2,24,2,9,6,1,7,9,1,10,1,11,,81,,1,21,121.5129146,25.03993404
113,5,9,8,35,2,05中正區,中正區金山南路1段37-1號,0,0,2,1,B03,8,7,5,50,14,7,1,5,4,5,13,4,4,1,3,1,2,12,1,59,2,7,7,1,7,15,1,8,2,4,,40,,1,26,121.5289424,25.0396384
113,5,9,8,35,2,05中正區,中正區金山南路1段37-1號,0,0,2,2,C03,8,7,5,50,14,7,1,5,4,5,13,4,4,1,3,1,2,12,2,29,2,8,5,1,7,9,1,10,2,11,,108,,1,26,121.5289424,25.0396384
113,5,9,8,40,2,05中正區,中正區羅斯福路1段7-1號,0,0,2,1,C03,8,6,5,40,14,8,1,5,4,5,13,4,4,1,4,4,1,17,1,29,2,7,6,1,7,9,1,10,1,12,,16,,1,21,121.517916,25.03341356
113,5,9,8,40,2,05中正區,中正區羅斯福路1段7-1號,0,0,2,2,C03,8,6,5,40,14,8,1,5,4,5,13,4,4,1,4,4,1,17,1,29,2,7,6,1,7,12,1,10,1,13,,42,,1,21,121.517916,25.03341356
113,5,9,8,40,2,05中正區,中正區羅斯福路1段7-1號,0,0,2,3,H01,8,6,5,40,14,8,1,5,4,5,13,4,4,1,4,4,1,17,2,40,3,10,4,5,8,17,8,20,10,16,,60,,1,21,121.517916,25.03341356
113,5,9,8,52,2,03中山區,中山區民生東路2段與中原街口,0,0,1,2,B03,8,7,5,50,4,1,1,5,4,5,13,1,1,9,4,5,2,13,1,60,3,10,7,1,7,9,1,8,1,6,,44,,1,21,121.5289222,25.0580022
113,5,9,8,52,2,03中山區,中山區民生東路2段與中原街口,0,0,1,1,C03,8,7,5,50,4,1,1,5,4,5,13,1,1,9,4,5,2,13,2,31,2,9,5,1,7,8,1,10,1,11,,16,,1,21,121.5289222,25.0580022
113,5,9,8,55,2,03中山區,中山區中山北路1段與長安西路口,0,0,1,1,C03,8,6,5,50,4,1,1,5,4,5,13,2,1,1,5,1,1,13,2,41,2,7,3,4,7,9,1,10,1,11,,16,,1,21,121.5216041,25.05001758
113,5,9,8,55,2,03中山區,中山區中山北路1段與長安西路口,0,0,1,2,C03,8,6,5,50,4,1,1,5,4,5,13,2,1,1,5,1,1,13,2,39,3,10,3,4,7,14,1,10,1,13,,44,,1,21,121.5216041,25.05001758
113,5,9,9,7,2,10文山區,文山區新光路1段與新光路1段66巷口,0,0,2,1,C03,8,6,6,50,3,1,1,5,4,5,13,4,4,9,5,5,2,16,1,18,2,9,6,1,7,5,1,10,2,14,,101,,1,21,121.5737068,24.9904309
113,5,9,9,7,2,10文山區,文山區新光路1段與新光路1段66巷口,0,0,2,2,C03,8,6,6,50,3,1,1,5,4,5,13,4,4,9,5,5,2,16,2,69,2,9,6,1,7,9,1,10,2,12,,107,,1,21,121.5737068,24.9904309
113,5,9,9,10,2,01大同區,大同區鄭州路101號,0,0,1,1,B03,8,5,5,40,14,9,1,5,4,5,13,4,4,1,4,5,2,17,2,47,3,10,3,4,7,6,1,8,1,5,,80,,1,21,121.5114693,25.0501335
113,5,9,9,10,2,01大同區,大同區鄭州路101號,0,0,1,2,C03,8,5,5,40,14,9,1,5,4,5,13,4,4,1,4,5,2,17,1,45,2,9,3,4,7,9,1,10,1,14,,108,,1,21,121.5114693,25.0501335
113,5,9,9,20,2,12內湖區,內湖區麥帥一橋機車道西向東,0,0,2,1,C03,8,7,5,40,14,11,1,5,4,5,13,4,4,10,4,5,2,12,2,33,2,9,5,1,7,8,1,10,1,12,,100,,1,21,121.5763299,25.0541402
113,5,9,9,20,2,12內湖區,內湖區麥帥一橋機車道西向東,0,0,2,2,C03,8,7,5,40,14,11,1,5,4,5,13,4,4,10,4,5,2,12,1,20,2,9,6,1,7,9,1,10,1,14,,13,,1,21,121.5763299,25.0541402
113,5,9,9,30,2,06松山區,松山區東興路2巷15號,0,0,1,1,C03,8,7,5,30,14,9,1,5,4,5,13,4,4,10,4,5,2,17,2,25,2,9,5,1,7,1,1,10,2,14,,19,,1,25,121.5646688,25.0507789
113,5,9,9,30,2,06松山區,松山區東興路2巷15號,0,0,1,2,B01,8,7,5,30,14,9,1,5,4,5,13,4,4,10,4,5,2,17,1,31,3,10,2,1,7,9,1,4,2,4,,108,,1,26,121.5646688,25.0507789
113,5,9,9,37,2,06松山區,松山區民生東路3段與民生東路3段110巷口,0,0,1,1,B03,8,6,5,50,3,18,1,4,4,5,13,4,4,5,5,5,2,3,1,21,3,10,3,4,7,9,3,18,1,15,,118,,1,22,121.543606,25.05785079
113,5,9,9,37,2,06松山區,松山區民生東路3段與民生東路3段110巷口,0,0,1,2,H01,8,6,5,50,3,18,1,4,4,5,13,4,4,5,5,5,2,3,1,31,2,9,4,5,8,16,8,20,10,16,,67,,1,22,121.543606,25.05785079
113,5,9,9,37,2,08士林區,士林區萬溪產業道路萬溪3+300處,0,0,2,1,A05,8,7,5,30,11,9,1,5,4,5,13,4,4,10,5,5,1,17,1,31,3,10,7,1,7,9,1,2,1,17,,5,,1,21,121.5924115,25.1256991
113,5,9,9,37,2,08士林區,士林區萬溪產業道路萬溪3+300處,0,0,2,2,C03,8,7,5,30,11,9,1,5,4,5,13,4,4,10,5,5,1,17,1,68,2,8,6,1,7,12,1,10,1,12,,42,,1,21,121.5924115,25.1256991
113,5,9,9,37,2,08士林區,士林區萬溪產業道路萬溪3+300處,0,0,2,3,H02,8,7,5,30,11,9,1,5,4,5,13,4,4,10,5,5,1,17,2,67,2,8,6,5,7,17,8,20,10,16,,67,,1,21,121.5924115,25.1256991
113,5,9,9,45,2,08士林區,士林區中山北路5段與福林路口,0,0,1,1,B03,8,6,5,50,5,1,1,5,4,5,13,2,1,1,4,1,1,16,2,25,3,10,7,1,7,6,1,8,1,5,,80,,1,21,121.5281517,25.09382115
113,5,9,9,45,2,08士林區,士林區中山北路5段與福林路口,0,0,1,2,C03,8,6,5,50,5,1,1,5,4,5,13,2,1,1,4,1,1,16,2,21,2,9,5,1,7,9,1,10,1,14,,14,,1,21,121.5281517,25.09382115
113,5,9,9,47,2,03中山區,中山區中山北路3段40號,0,0,2,1,C03,8,6,5,50,14,8,1,5,4,5,13,4,4,10,3,1,1,12,2,43,3,10,5,1,7,9,1,10,2,17,,30,,1,21,121.5222756,25.0665703
113,5,9,9,47,2,03中山區,中山區中山北路3段40號,0,0,2,2,B01,8,6,5,50,14,8,1,5,4,5,13,4,4,10,3,1,1,12,2,53,3,10,7,1,7,9,1,4,2,17,,44,,1,21,121.5222756,25.0665703
113,5,9,9,47,2,03中山區,中山區中山北路3段40號,0,0,2,3,C03,8,6,5,50,14,8,1,5,4,5,13,4,4,10,3,1,1,12,2,19,2,9,6,1,7,8,1,10,2,13,,100,,1,21,121.5222756,25.0665703
113,5,9,9,47,2,03中山區,中山區中山北路3段40號,0,0,2,4,C03,8,6,5,50,14,8,1,5,4,5,13,4,4,10,3,1,1,12,1,49,2,9,6,1,7,9,1,10,6,14,,21,,1,21,121.5222756,25.0665703
113,5,9,9,50,2,02萬華區,萬華區環河南路1段與成都路口,0,0,1,1,C03,8,7,5,50,3,2,1,5,4,5,13,3,1,9,4,5,2,13,1,22,2,8,5,1,7,7,1,10,1,11,,44,,1,22,121.5008276,25.0438721
113,5,9,9,50,2,02萬華區,萬華區環河南路1段與成都路口,0,0,1,2,B01,8,7,5,50,3,2,1,5,4,5,13,3,1,9,4,5,2,13,1,50,3,10,7,1,7,12,1,4,1,7,,44,,1,21,121.5008276,25.0438721
113,5,9,9,50,2,02萬華區,萬華區環河南路1段與成都路口,0,0,1,3,B03,8,7,5,50,3,2,1,5,4,5,13,3,1,9,4,5,2,13,1,29,3,10,7,1,7,12,1,4,1,7,,44,,1,21,121.5008276,25.0438721
113,5,9,10,33,2,01大同區,大同區迪化街1段307巷與安西街口,0,0,1,1,F01,8,7,5,30,4,2,1,5,4,5,13,4,4,10,5,5,2,15,2,76,2,9,3,4,7,9,8,20,1,11,,42,,1,21,121.509745,25.062078
113,5,9,10,33,2,01大同區,大同區迪化街1段307巷與安西街口,0,0,1,2,C03,8,7,5,30,4,2,1,5,4,5,13,4,4,10,5,5,2,15,1,20,3,10,3,4,7,9,1,10,1,11,,13,,1,21,121.509745,25.062078
113,5,9,11,0,2,03中山區,中山區復興南路1段與市民大道3段口,0,0,2,1,B03,8,5,5,50,4,1,1,5,4,5,13,1,1,1,4,5,2,17,1,28,3,10,3,4,7,6,1,8,1,5,,44,,2,21,121.5437396,25.0449926
113,5,9,11,0,2,03中山區,中山區復興南路1段與市民大道3段口,0,0,2,2,C04,8,5,5,50,4,1,1,5,4,5,13,1,1,1,4,5,2,17,2,28,2,9,3,4,7,9,1,10,1,14,,44,,1,21,121.5437396,25.0449926
113,5,9,11,0,2,03中山區,中山區復興南路1段與市民大道3段口,0,0,2,3,H02,8,5,5,50,4,1,1,5,4,5,13,1,1,1,4,5,2,17,2,28,2,8,3,5,7,21,8,20,10,17,,60,,1,21,121.5437396,25.0449926
113,5,9,11,11,2,04大安區,大安區羅斯福路4段21號,0,0,2,1,B01,8,6,5,50,14,9,1,5,4,1,11,4,4,1,3,4,1,17,1,68,3,10,7,1,7,8,1,4,1,17,,100,,1,21,121.5354497,25.01381516
113,5,9,11,11,2,04大安區,大安區羅斯福路4段21號,0,0,2,2,C03,8,6,5,50,14,9,1,5,4,1,11,4,4,1,3,4,1,17,1,42,2,9,6,1,7,9,1,10,1,17,,44,,1,21,121.5354497,25.01381516
113,5,9,11,11,2,04大安區,大安區羅斯福路4段21號,0,0,2,3,H02,8,6,5,50,14,9,1,5,4,1,11,4,4,1,3,4,1,17,2,42,2,9,6,5,7,20,8,20,10,16,,67,,1,21,121.5354497,25.01381516
113,5,9,11,14,2,09北投區,北投區學園路2號城市科大圖資大樓地下停車場出入口,0,0,1,1,C03,8,7,5,30,22,9,1,5,4,5,13,4,4,9,5,5,2,17,1,46,2,9,5,1,7,15,1,10,2,14,,44,,1,28,121.4698245,25.1342667
113,5,9,11,14,2,09北投區,北投區學園路2號城市科大圖資大樓地下停車場出入口,0,0,1,2,C03,8,7,5,30,22,9,1,5,4,5,13,4,4,9,5,5,2,17,1,20,3,10,6,1,7,4,1,10,2,12,,17,,1,25,121.4698245,25.1342667
113,5,9,11,24,2,03中山區,中山區民生東路3段與合江街口,0,0,2,1,C03,8,6,5,50,4,1,1,5,4,5,13,1,1,1,4,5,2,16,1,48,2,7,5,1,7,5,1,10,1,14,,8,,1,22,121.5392032,25.05793273
113,5,9,11,24,2,03中山區,中山區民生東路3段與合江街口,0,0,2,2,C03,8,6,5,50,4,1,1,5,4,5,13,1,1,1,4,5,2,16,1,34,2,8,6,1,7,15,1,10,1,14,,44,,1,22,121.5392032,25.05793273
113,5,9,11,30,2,06松山區,松山區南京東路4段61號,0,0,1,1,B03,8,6,5,50,14,9,1,5,4,5,13,2,1,9,4,5,1,17,1,30,3,10,7,1,7,8,1,8,1,17,,80,,1,22,121.5527493,25.05174808
113,5,9,11,30,2,06松山區,松山區南京東路4段61號,0,0,1,2,C03,8,6,5,50,14,9,1,5,4,5,13,2,1,9,4,5,1,17,2,30,2,8,6,1,7,9,1,10,1,17,,44,,1,22,121.5527493,25.05174808
113,5,9,12,0,2,10文山區,文山區景美堤外便道(南向北，福和023燈桿),0,0,1,1,F01,8,6,8,0,14,23,1,5,4,5,13,4,4,9,5,5,1,16,2,61,2,7,4,1,7,11,8,20,11,14,,10,,1,21,121.5353428,25.00274349
113,5,9,12,0,2,10文山區,文山區景美堤外便道(南向北，福和023燈桿),0,0,1,2,F01,8,6,8,0,14,23,1,5,4,5,13,4,4,9,5,5,1,16,1,71,3,10,4,1,7,9,8,20,11,12,,44,,1,21,121.5353428,25.00274349
113,5,9,12,7,2,08士林區,士林區雨聲街105號,0,0,2,1,B01,8,5,5,50,14,9,1,5,4,5,13,4,4,5,5,5,1,17,1,65,3,10,7,1,7,5,1,8,1,8,,8,,1,21,121.5312452,25.1050101
113,5,9,12,7,2,08士林區,士林區雨聲街105號,0,0,2,2,C03,8,5,5,50,14,9,1,5,4,5,13,4,4,5,5,5,1,17,1,22,2,9,6,1,7,9,1,10,1,14,,44,,1,21,121.5312452,25.1050101
113,5,9,12,7,2,08士林區,士林區雨聲街105號,0,0,2,3,H02,8,5,5,50,14,9,1,5,4,5,13,4,4,5,5,5,1,17,2,18,2,9,6,5,7,21,8,20,10,17,,67,,1,21,121.5312452,25.1050101
113,5,9,12,9,2,05中正區,中正區中華路2段與寧波西街口,0,0,2,1,C03,8,6,5,50,4,1,1,5,4,5,13,1,1,5,4,4,2,17,1,59,2,7,5,1,7,5,1,10,2,12,,80,,1,21,121.5101492,25.0246935
113,5,9,12,9,2,05中正區,中正區中華路2段與寧波西街口,0,0,2,2,C03,8,6,5,50,4,1,1,5,4,5,13,1,1,5,4,4,2,17,2,58,2,9,5,1,7,9,1,10,2,11,,44,,1,21,121.5101492,25.0246935
113,5,9,12,10,2,01大同區,大同區民權西路與蘭州街口口,0,0,2,1,C03,8,6,5,50,4,1,1,5,4,5,13,2,1,1,5,5,2,16,1,69,2,9,6,1,7,5,1,10,1,14,,8,,1,21,121.5146141,25.0629073
113,5,9,12,10,2,01大同區,大同區民權西路與蘭州街口口,0,0,2,2,C03,8,6,5,50,4,1,1,5,4,5,13,2,1,1,5,5,2,16,1,27,2,9,6,1,7,9,1,10,1,11,,44,,1,21,121.5146141,25.0629073
113,5,9,12,16,2,09北投區,北投區立農街1段與立農街1段320巷口,0,0,3,1,C03,8,6,5,30,14,9,1,5,4,5,13,4,4,9,5,5,2,15,2,66,2,9,5,1,7,9,1,10,1,14,,80,,1,21,121.5067081,25.1194314
113,5,9,12,16,2,09北投區,北投區立農街1段與立農街1段320巷口,0,0,3,2,C03,8,6,5,30,14,9,1,5,4,5,13,4,4,9,5,5,2,15,2,39,2,9,5,1,7,9,1,10,1,11,,108,,1,21,121.5067081,25.1194314
113,5,9,12,16,2,09北投區,北投區立農街1段與立農街1段320巷口,0,0,3,3,H02,8,6,5,30,14,9,1,5,4,5,13,4,4,9,5,5,2,15,2,39,2,9,5,5,7,20,8,20,10,16,,67,,1,21,121.5067081,25.1194314
113,5,9,12,30,2,04大安區,大安區忠孝東路4段17巷4號,0,0,1,1,B03,8,5,5,30,14,9,1,5,4,5,13,4,4,8,3,4,1,3,1,23,3,10,7,1,7,9,1,8,1,1,,108,,1,21,121.5444573,25.0419542
113,5,9,12,30,2,04大安區,大安區忠孝東路4段17巷4號,0,0,1,2,H01,8,5,5,30,14,9,1,5,4,5,13,4,4,8,3,4,1,3,2,54,2,8,4,5,8,16,8,20,1,16,,53,,1,21,121.5444573,25.0419542
113,5,9,12,53,2,10文山區,文山區木新路2段188號前,0,0,2,1,C03,8,6,5,50,14,9,1,5,4,5,13,4,4,5,4,5,2,3,1,48,2,8,6,1,7,9,1,10,1,12,14,42,,1,21,121.5682227,24.98381524
113,5,9,12,53,2,10文山區,文山區木新路2段188號前,0,0,2,2,H01,8,6,5,50,14,9,1,5,4,5,13,4,4,5,4,5,2,3,2,31,2,9,4,5,8,16,8,20,10,16,,60,,1,21,121.5682227,24.98381524
113,5,9,13,0,2,12內湖區,內湖區內湖路1段與內湖路1段225巷口,0,0,1,1,B03,8,7,5,50,3,2,1,5,4,5,13,4,4,1,1,1,1,12,1,54,3,10,7,1,7,8,1,8,1,2,,100,,1,21,121.5649035,25.0826761
113,5,9,13,0,2,12內湖區,內湖區內湖路1段與內湖路1段225巷口,0,0,1,2,C03,8,7,5,50,3,2,1,5,4,5,13,4,4,1,1,1,1,12,2,46,2,9,6,1,7,9,1,10,1,14,,44,,1,21,121.5649035,25.0826761
113,5,9,13,19,2,07信義區,信義區永吉路278巷25號與永吉路278巷口,0,0,1,1,C03,8,7,5,30,4,1,1,5,4,5,13,4,4,10,5,5,2,15,2,23,3,10,5,1,7,9,1,10,1,11,,75,,1,21,121.5741691,25.0445753
113,5,9,13,19,2,07信義區,信義區永吉路278巷25號與永吉路278巷口,0,0,1,2,C03,8,7,5,30,4,1,1,5,4,5,13,4,4,10,5,5,2,15,2,58,2,9,5,1,7,9,1,10,1,11,,13,,1,21,121.5741691,25.0445753
113,5,9,13,45,2,08士林區,士林區中山北路6段與忠誠路1段口,0,0,1,1,B03,8,5,7,50,5,1,1,5,4,5,13,2,1,1,4,5,1,12,2,59,3,10,7,1,7,8,1,8,2,2,,100,,1,21,121.524786,25.1039059
113,5,9,13,45,2,08士林區,士林區中山北路6段與忠誠路1段口,0,0,1,2,C03,8,5,7,50,5,1,1,5,4,5,13,2,1,1,4,5,1,12,1,37,2,9,6,1,7,9,1,10,2,14,,44,,1,21,121.524786,25.1039059
113,5,9,13,58,2,04大安區,大安區光復南路420巷與仁愛路4段408巷口,0,0,2,1,B12,8,7,5,30,4,1,1,5,4,5,13,4,4,10,5,5,2,15,1,28,3,10,3,4,7,9,1,8,1,1,,80,,1,21,121.5569053,25.03644002
113,5,9,13,58,2,04大安區,大安區光復南路420巷與仁愛路4段408巷口,0,0,2,2,C03,8,7,5,30,4,1,1,5,4,5,13,4,4,10,5,5,2,15,2,25,2,9,3,4,7,9,1,10,1,14,,80,,1,21,121.5569053,25.03644002
113,5,9,13,58,2,04大安區,大安區光復南路420巷與仁愛路4段408巷口,0,0,2,3,H02,8,7,5,30,4,1,1,5,4,5,13,4,4,10,5,5,2,15,2,24,2,9,3,5,7,21,8,20,10,16,,67,,1,21,121.5569053,25.03644002
113,5,9,14,0,2,03中山區,中山區中山北路2段44號,0,0,1,1,B01,8,6,5,50,14,9,1,5,4,5,13,4,4,4,4,5,2,16,1,66,3,10,3,4,7,8,1,4,1,5,,100,,1,22,121.522576,25.0553188
113,5,9,14,0,2,03中山區,中山區中山北路2段44號,0,0,1,2,C03,8,6,5,50,14,9,1,5,4,5,13,4,4,4,4,5,2,16,1,21,2,8,6,4,7,9,1,10,1,14,,44,,1,22,121.522576,25.0553188
113,5,9,14,1,2,07信義區,信義區基隆路2段與嘉興街127巷口,0,0,1,1,B01,8,6,5,30,3,1,1,5,4,5,13,1,1,5,4,5,2,15,2,52,3,10,3,1,7,9,1,4,2,1,,85,,1,22,121.5573563,25.0291624
113,5,9,14,1,2,07信義區,信義區基隆路2段與嘉興街127巷口,0,0,1,2,C03,8,6,5,30,3,1,1,5,4,5,13,1,1,5,4,5,2,15,1,46,2,8,6,1,7,9,1,10,2,12,,33,,1,22,121.5573563,25.0291624
113,5,9,14,1,2,07信義區,信義區基隆路2段與嘉興街127巷口,0,0,1,3,B03,8,6,5,30,3,1,1,5,4,5,13,1,1,5,4,5,2,15,1,40,3,10,3,1,7,9,1,8,2,2,,44,,1,22,121.5573563,25.0291624
113,5,9,14,21,2,07信義區,信義區基隆路2段79巷與基隆路2段79巷1弄口,0,0,1,1,C03,8,6,5,30,4,1,1,5,4,5,13,4,4,9,5,5,2,15,1,32,2,9,5,1,7,9,1,10,2,11,,14,,1,21,121.5584076,25.0300618
113,5,9,14,21,2,07信義區,信義區基隆路2段79巷與基隆路2段79巷1弄口,0,0,1,2,B03,8,6,5,30,4,1,1,5,4,5,13,4,4,9,5,5,2,15,1,34,3,10,7,1,7,9,1,8,2,1,,14,,1,21,121.5584076,25.0300618
113,5,9,14,25,2,12內湖區,內湖區瑞湖街與舊宗路2段121巷口,0,0,2,1,B12,8,7,5,50,3,1,1,5,4,5,13,1,1,5,5,5,2,16,1,41,3,10,7,1,7,6,1,14,2,5,,9,,1,21,121.5764335,25.069123
113,5,9,14,25,2,12內湖區,內湖區瑞湖街與舊宗路2段121巷口,0,0,2,2,C03,8,7,5,50,3,1,1,5,4,5,13,1,1,5,5,5,2,16,1,51,2,9,5,1,7,9,1,10,2,14,,108,,1,21,121.5764335,25.069123
113,5,9,14,25,2,12內湖區,內湖區瑞湖街與舊宗路2段121巷口,0,0,2,3,H02,8,7,5,50,3,1,1,5,4,5,13,1,1,5,5,5,2,16,2,46,2,9,5,5,7,20,8,20,10,16,,67,,1,21,121.5764335,25.069123
113,5,9,14,41,2,01大同區,大同區承德橋機慢車專用道,0,0,1,1,C03,8,6,5,40,8,8,1,5,4,5,13,4,4,2,5,3,2,13,2,49,3,10,6,1,7,9,1,10,2,11,,16,,1,21,121.5208968,25.0769916
113,5,9,14,41,2,01大同區,大同區承德橋機慢車專用道,0,0,1,2,F01,8,6,5,40,8,8,1,5,4,5,13,4,4,2,5,3,2,13,2,60,2,6,2,1,7,9,8,20,2,13,,44,,1,21,121.5208968,25.0769916
113,5,9,14,53,2,04大安區,大安區青田街7巷與和平東路1段183巷口,0,0,2,1,C03,8,7,5,30,4,1,1,5,4,5,13,4,4,10,5,5,1,17,1,35,2,9,6,1,7,9,1,10,1,12,,72,,1,21,121.5330256,25.0281165
113,5,9,14,53,2,04大安區,大安區青田街7巷與和平東路1段183巷口,0,0,2,2,C03,8,7,5,30,4,1,1,5,4,5,13,4,4,10,5,5,1,17,2,27,2,9,6,1,7,9,1,10,1,11,,13,,1,21,121.5330256,25.0281165
113,5,9,15,0,2,03中山區,中山區吉林路39號,0,0,1,1,C03,8,6,5,50,14,9,1,5,4,5,13,4,4,4,5,5,1,1,1,45,3,10,3,4,7,9,1,10,1,11,,70,,1,21,121.5300743,25.05104826
113,5,9,15,0,2,03中山區,中山區吉林路39號,0,0,1,2,H01,8,6,5,50,14,9,1,5,4,5,13,4,4,4,5,5,1,1,2,28,2,9,4,5,8,16,8,20,10,16,,67,,1,21,121.5300743,25.05104826
113,5,9,15,20,2,06松山區,松山區南京東路4段與北寧路口,0,0,1,1,B03,8,6,5,50,4,2,1,5,4,5,13,1,1,3,4,4,2,16,2,57,3,10,7,1,7,6,1,8,1,2,,80,,1,21,121.5526556,25.0515588
113,5,9,15,20,2,06松山區,松山區南京東路4段與北寧路口,0,0,1,2,C03,8,6,5,50,4,2,1,5,4,5,13,1,1,3,4,4,2,16,2,57,2,9,5,1,7,9,3,18,1,14,,44,,1,21,121.5526556,25.0515588
113,5,9,16,7,2,03中山區,中山區中山北路4段與北安路口,0,0,2,1,C03,8,7,5,50,3,2,1,5,4,5,13,1,1,9,4,5,2,13,1,49,2,9,5,1,7,9,1,10,2,11,,16,,1,22,121.5257614,25.0753003
113,5,9,16,7,2,03中山區,中山區中山北路4段與北安路口,0,0,2,2,C03,8,7,5,50,3,2,1,5,4,5,13,1,1,9,4,5,2,13,1,24,2,6,5,1,7,9,1,10,2,13,,44,,1,22,121.5257614,25.0753003
113,5,9,16,27,2,12內湖區,內湖區金湖路與星雲街口,0,0,1,1,B03,8,6,5,50,3,1,1,5,4,5,13,2,1,1,4,5,2,15,1,65,3,10,3,4,7,11,1,8,2,6,,71,,1,22,121.5974726,25.0814362
113,5,9,16,27,2,12內湖區,內湖區金湖路與星雲街口,0,0,1,2,C03,8,6,5,50,3,1,1,5,4,5,13,2,1,1,4,5,2,15,1,20,2,9,6,1,7,9,1,10,2,11,,44,,1,22,121.5974726,25.0814362
113,5,9,16,43,2,07信義區,信義區松高路與市府路口,0,0,2,1,C03,8,6,5,50,4,2,1,5,4,5,13,2,1,9,4,5,2,3,1,53,2,8,6,1,7,9,6,10,2,11,,108,,1,21,121.5632954,25.0392339
113,5,9,16,43,2,07信義區,信義區松高路與市府路口,0,0,2,2,H01,8,6,5,50,4,2,1,5,4,5,13,2,1,9,4,5,2,3,1,44,2,9,4,5,8,16,8,20,10,16,,121,,1,21,121.5632954,25.0392339
113,5,9,16,48,2,10文山區,文山區辛亥路5段與辛亥路5段25巷口,0,0,2,1,C03,8,6,5,50,4,1,1,5,4,5,13,2,1,1,4,5,2,16,2,62,2,9,6,1,7,6,1,10,3,12,,80,,1,21,121.5541146,24.9998086
113,5,9,16,48,2,10文山區,文山區辛亥路5段與辛亥路5段25巷口,0,0,2,2,C03,8,6,5,50,4,1,1,5,4,5,13,2,1,1,4,5,2,16,2,64,2,9,5,1,7,9,1,10,2,14,,44,,1,21,121.5541146,24.9998086
113,5,9,16,50,2,05中正區,中正區中山南路與愛國東路口,0,0,1,1,C03,8,6,5,50,11,9,1,5,4,5,13,1,1,4,5,1,2,18,1,19,2,9,5,1,7,9,1,10,2,11,,44,,1,21,121.5167343,25.03496464
113,5,9,16,50,2,05中正區,中正區中山南路與愛國東路口,0,0,1,2,,8,6,5,50,11,9,1,5,4,5,13,1,1,4,5,1,2,18,3,0,,,,,,,,,,,,67,,1,,121.5167343,25.03496464
113,5,9,17,14,2,10文山區,文山區辛亥路5段與興隆路2段244巷口,0,0,1,1,B03,8,6,5,50,4,1,1,5,4,5,13,2,1,1,4,5,2,16,1,24,3,10,7,1,7,5,1,8,1,1,,71,,1,21,121.5540341,24.9998512
113,5,9,17,14,2,10文山區,文山區辛亥路5段與興隆路2段244巷口,0,0,1,2,C03,8,6,5,50,4,1,1,5,4,5,13,2,1,1,4,5,2,16,1,41,2,9,6,1,7,9,1,10,1,11,,13,,1,21,121.5540341,24.9998512