發生年度,發生月,發生日,發生時-Hours,發生分,處理別-編號,區序,肇事地點,死亡人數,2-30日死亡人數,受傷人數,當事人序號,車種,天候,道路照明設備,道路類別,速限-速度限制,道路型態,事故位置,路面狀況1,路面狀況2,路面狀況3,道路障礙1,道路障礙2,號誌1,號誌2,車道劃分-分向,車道劃分-分道1,車道劃分-分道2,車道劃分-分道3,事故類型及型態,性別,年齡,受傷程度,主要傷處,保護裝置,行動電話,車輛用途,當事者行動狀態,駕駛資格情形,駕駛執照種類,飲酒情形,車輛撞擊部位1,車輛撞擊部位2,肇因碼-個別,肇因碼-主要,個人肇逃否,職業,座標-X,座標-Y
113,5,9,17,31,2,06松山區,松山區八德路3段192號,0,0,2,2,B03,7,7,5,50,14,9,1,5,4,5,13,2,1,5,4,5,2,17,1,41,3,10,7,1,7,14,1,8,2,8,,38,,1,21,121.5561447,25.0479804
113,5,9,17,31,2,06松山區,松山區八德路3段192號,0,0,2,3,C03,7,7,5,50,14,9,1,5,4,5,13,2,1,5,4,5,2,17,1,47,3,10,6,1,7,7,1,10,2,17,,100,,1,21,121.5561447,25.0479804
113,5,9,17,31,2,06松山區,松山區八德路3段192號,0,0,2,1,C03,7,7,5,50,14,9,1,5,4,5,13,2,1,5,4,5,2,17,1,26,2,8,6,1,7,9,1,10,2,12,,44,,1,21,121.5561447,25.0479804
113,5,9,17,31,2,06松山區,松山區八德路3段192號,0,0,2,4,H02,7,7,5,50,14,9,1,5,4,5,13,2,1,5,4,5,2,17,2,30,2,8,6,5,7,20,8,20,10,16,,67,,1,22,121.5561447,25.0479804
113,5,9,17,37,2,10文山區,文山區景福街與景福街3巷口,0,0,1,1,C03,8,6,5,30,4,19,1,5,4,5,13,4,4,10,5,5,2,3,1,49,3,10,6,1,7,9,1,10,2,11,,70,,1,21,121.5392855,24.9993973
113,5,9,17,37,2,10文山區,文山區景福街與景福街3巷口,0,0,1,2,H01,8,6,5,30,4,19,1,5,4,5,13,4,4,10,5,5,2,3,1,11,2,9,4,5,8,16,8,20,10,16,,121,,1,21,121.5392855,24.9993973
113,5,9,17,43,2,04大安區,大安區建國南路1段與新生南路1段161巷口,0,0,3,1,C03,8,5,5,50,4,2,1,5,4,5,13,2,1,1,4,5,2,13,1,73,2,9,6,1,7,9,1,10,1,11,,108,,1,21,121.5375609,25.0346921
113,5,9,17,43,2,04大安區,大安區建國南路1段與新生南路1段161巷口,0,0,3,2,C03,8,5,5,50,4,2,1,5,4,5,13,2,1,1,4,5,2,13,1,20,2,8,6,1,7,14,1,10,1,13,,44,,1,21,121.5375609,25.0346921
113,5,9,17,43,2,04大安區,大安區建國南路1段與新生南路1段161巷口,0,0,3,3,H02,8,5,5,50,4,2,1,5,4,5,13,2,1,1,4,5,2,13,2,68,2,9,6,5,7,20,8,20,10,16,,67,,1,21,121.5375609,25.0346921
113,5,9,17,44,2,11南港區,南港區市民大道8段與中南街口口,0,0,1,1,C03,8,6,5,50,4,1,1,5,4,5,13,1,1,1,4,5,2,16,1,27,2,9,3,4,7,5,1,8,2,11,,71,,1,21,121.6152631,25.0544282
113,5,9,17,44,2,11南港區,南港區市民大道8段與中南街口口,0,0,1,2,B03,8,6,5,50,4,1,1,5,4,5,13,1,1,1,4,5,2,16,1,21,3,10,3,4,7,9,3,18,2,5,,13,,1,21,121.6152631,25.0544282
113,5,9,17,45,2,05中正區,中正區林森南路地下道(往羅斯福路方向),0,0,1,1,B03,8,5,5,50,7,9,1,5,4,5,13,4,4,5,2,5,1,17,1,52,3,10,7,1,7,9,1,4,1,8,,42,,1,21,121.5190474,25.0338481
113,5,9,17,45,2,05中正區,中正區林森南路地下道(往羅斯福路方向),0,0,1,2,C03,8,5,5,50,7,9,1,5,4,5,13,4,4,5,2,5,1,17,1,35,2,8,5,1,7,9,1,10,1,13,,42,,1,21,121.5190474,25.0338481
113,5,9,18,17,2,06松山區,松山區東興路與南京東路5段250巷2弄口,0,0,2,1,C03,8,5,5,50,4,18,1,5,4,5,13,4,4,5,4,5,2,3,1,33,3,10,5,1,7,9,1,10,1,11,,70,,1,21,121.5654248,25.05073567
113,5,9,18,17,2,06松山區,松山區東興路與南京東路5段250巷2弄口,0,0,2,2,H01,8,5,5,50,4,18,1,5,4,5,13,4,4,5,4,5,2,3,2,33,2,7,4,5,8,16,8,20,10,16,,67,,1,21,121.5654248,25.05073567
113,5,9,18,17,2,06松山區,松山區東興路與南京東路5段250巷2弄口,0,0,2,3,H01,8,5,5,50,4,18,1,5,4,5,13,4,4,5,4,5,2,3,2,61,2,1,4,5,8,16,8,20,10,16,,67,,1,21,121.5654248,25.05073567
113,5,9,18,20,2,12內湖區,內湖區碧山路碧山露營場前,0,0,1,1,C03,8,5,5,30,11,9,1,5,4,5,13,4,4,10,5,5,2,10,1,18,2,9,5,1,7,9,1,10,2,11,,5,,1,21,121.5795915,25.10434447
113,5,9,18,20,2,12內湖區,內湖區碧山路碧山露營場前,0,0,1,2,B03,8,5,5,30,11,9,1,5,4,5,13,4,4,10,5,5,2,10,1,44,3,10,7,1,7,9,1,8,2,1,,44,,1,21,121.5795915,25.10434447
113,5,9,18,29,2,01大同區,大同區鄭州路與環河北路1段口,0,0,1,1,C03,7,6,5,50,4,2,1,5,4,5,13,1,1,10,5,5,2,17,1,59,2,7,6,1,7,5,1,10,1,11,,16,,1,21,121.5066912,25.0508369
113,5,9,18,29,2,01大同區,大同區鄭州路與環河北路1段口,0,0,1,2,C03,7,6,5,50,4,2,1,5,4,5,13,1,1,10,5,5,2,17,1,26,3,10,5,1,7,8,1,10,1,17,,100,,1,21,121.5066912,25.0508369
113,5,9,18,36,2,03中山區,中山區市民大道3段與復興北路口,0,0,2,1,C03,8,7,5,40,4,2,1,5,4,5,13,1,1,1,3,5,1,16,2,27,2,8,6,1,7,5,1,10,1,14,,103,,1,21,121.5438722,25.04839804
113,5,9,18,36,2,03中山區,中山區市民大道3段與復興北路口,0,0,2,2,C03,8,7,5,40,4,2,1,5,4,5,13,1,1,1,3,5,1,16,1,32,2,8,6,1,7,9,1,10,1,11,,44,,1,21,121.5438722,25.04839804
113,5,9,18,50,2,09北投區,北投區溫泉路62號,0,0,1,1,B01,7,5,5,30,14,9,1,5,4,5,13,4,4,10,5,5,2,2,1,71,3,10,3,4,7,9,6,18,1,5,,108,,2,22,121.5041609,25.13455935
113,5,9,18,50,2,09北投區,北投區溫泉路62號,0,0,1,2,H01,7,5,5,30,14,9,1,5,4,5,13,4,4,10,5,5,2,2,2,76,2,8,4,5,8,16,8,20,10,16,,123,,1,22,121.5041609,25.13455935
113,5,9,18,59,2,09北投區,北投區石牌路2段與石牌路2段99巷口,0,0,1,1,C03,8,5,5,50,4,1,1,5,4,5,13,4,4,5,4,5,2,17,1,21,2,8,6,1,7,9,1,10,1,14,,72,,1,21,121.5165352,25.1174833
113,5,9,18,59,2,09北投區,北投區石牌路2段與石牌路2段99巷口,0,0,1,2,B03,8,5,5,50,4,1,1,5,4,5,13,4,4,5,4,5,2,17,2,48,3,10,7,1,7,9,1,8,1,2,,108,,1,22,121.5165352,25.1174833
113,5,9,19,14,2,06松山區,松山區市民大道6段與松山路口,0,0,1,1,C03,8,5,5,40,4,1,1,5,4,5,13,1,1,3,4,5,2,17,1,37,3,10,6,4,7,5,1,10,2,17,,8,,1,22,121.5776612,25.04955125
113,5,9,19,14,2,06松山區,松山區市民大道6段與松山路口,0,0,1,2,C03,8,5,5,40,4,1,1,5,4,5,13,1,1,3,4,5,2,17,1,42,3,10,6,4,7,9,1,10,2,14,,44,,1,22,121.5776612,25.04955125
113,5,9,19,14,2,06松山區,松山區市民大道6段與松山路口,0,0,1,3,C03,8,5,5,40,4,1,1,5,4,5,13,1,1,3,4,5,2,17,2,61,2,9,5,4,7,9,1,10,2,12,,44,,1,22,121.5776612,25.04955125
113,5,9,19,16,2,01大同區,大同區承德橋機慢車道(7010610燈桿),0,0,2,1,C04,7,5,5,40,14,11,1,5,4,5,13,4,4,5,2,5,2,17,2,54,2,9,6,1,7,9,1,10,2,11,,118,,1,21,121.5209122,25.0770514
113,5,9,19,16,2,01大同區,大同區承德橋機慢車道(7010610燈桿),0,0,2,2,C03,7,5,5,40,14,11,1,5,4,5,13,4,4,5,2,5,2,17,1,51,2,9,6,1,7,9,1,10,2,15,,118,,1,21,121.5209122,25.0770514
113,5,9,19,24,2,01大同區,大同區承德路1段與市民大道1段口,0,0,2,1,C03,7,5,5,40,4,2,1,5,4,5,13,2,1,1,4,5,2,3,1,23,2,9,6,4,7,9,1,10,1,11,,108,,1,22,121.5162251,25.0489489
113,5,9,19,24,2,01大同區,大同區承德路1段與市民大道1段口,0,0,2,2,C03,7,5,5,40,4,2,1,5,4,5,13,2,1,1,4,5,2,3,1,66,3,10,6,4,7,13,6,10,1,17,,38,,1,22,121.5162251,25.0489489
113,5,9,19,24,2,01大同區,大同區承德路1段與市民大道1段口,0,0,2,3,H01,7,5,5,40,4,2,1,5,4,5,13,2,1,1,4,5,2,3,1,66,2,9,4,5,8,17,8,20,10,16,,54,,1,22,121.5162251,25.0489489
113,5,9,19,41,2,02萬華區,萬華區中華路2段400號前,0,0,1,1,H01,8,5,8,50,22,22,1,5,4,5,13,4,4,10,5,5,2,3,2,83,3,10,4,5,8,18,8,20,1,16,,121,,1,22,121.5055848,25.02834022
113,5,9,19,41,2,02萬華區,萬華區中華路2段400號前,0,0,1,2,C03,8,5,8,50,22,22,1,5,4,5,13,4,4,10,5,5,2,3,1,49,2,9,3,4,7,9,1,9,1,12,,107,,1,22,121.5055848,25.02834022
113,5,9,19,45,2,07信義區,信義區和平東路3段285號,0,0,1,1,C03,8,5,5,50,14,9,1,5,4,5,13,4,4,9,4,5,2,17,2,76,2,9,5,1,7,9,1,10,1,11,,108,,1,21,121.5552914,25.0219109
113,5,9,19,45,2,07信義區,信義區和平東路3段285號,0,0,1,2,C03,8,5,5,50,14,9,1,5,4,5,13,4,4,9,4,5,2,17,2,68,3,10,3,4,7,13,1,10,11,13,,44,,1,21,121.5552914,25.0219109
113,5,9,19,56,2,03中山區,中山區中山北路2段與民權東路1段口,0,0,2,1,C03,8,5,5,50,4,2,1,5,4,5,13,2,1,3,4,5,2,13,2,46,2,7,6,1,7,14,1,10,1,12,,108,,1,21,121.5227006,25.0628986
113,5,9,19,56,2,03中山區,中山區中山北路2段與民權東路1段口,0,0,2,2,C03,8,5,5,50,4,2,1,5,4,5,13,2,1,3,4,5,2,13,1,47,2,9,6,1,7,9,1,10,1,11,,16,,1,21,121.5227006,25.0628986
113,5,9,20,7,2,10文山區,文山區政大三街27號前,0,0,1,1,B03,8,5,5,30,14,9,1,5,4,5,13,4,4,9,5,5,2,11,1,46,3,10,3,4,7,1,1,8,2,5,,19,,1,22,121.5815248,24.98582525
113,5,9,20,7,2,10文山區,文山區政大三街27號前,0,0,1,2,C03,8,5,5,30,14,9,1,5,4,5,13,4,4,9,5,5,2,11,1,23,2,8,3,4,7,9,1,10,2,11,,44,,1,22,121.5815248,24.98582525
113,5,9,20,38,2,07信義區,信義區永吉路30巷與松隆路口,0,0,1,1,B02,8,5,5,50,4,1,1,5,4,5,13,2,1,3,4,5,2,1,2,27,3,10,7,1,7,5,1,8,2,1,,70,,1,21,121.5687028,25.0444063
113,5,9,20,38,2,07信義區,信義區永吉路30巷與松隆路口,0,0,1,2,H01,8,5,5,50,4,1,1,5,4,5,13,2,1,3,4,5,2,1,1,47,2,7,4,5,8,16,8,20,10,16,,67,,1,21,121.5687028,25.0444063
113,5,9,21,10,2,12內湖區,(江南街65巷41號前),0,0,2,1,C03,8,5,5,50,14,9,1,5,4,5,13,4,4,10,5,5,2,3,1,51,2,9,6,1,7,9,1,10,2,14,,70,,1,21,121.5787713,25.0766308
113,5,9,21,10,2,12內湖區,(江南街65巷41號前),0,0,2,2,H01,8,5,5,50,14,9,1,5,4,5,13,4,4,10,5,5,2,3,1,42,2,7,4,5,8,16,8,20,10,16,,67,,1,21,121.5787713,25.0766308
113,5,9,21,26,2,12內湖區,內湖區民權東路6段與瑞光路口,0,0,1,1,C03,8,6,5,50,4,1,1,5,4,5,13,2,1,9,4,5,2,16,1,38,2,7,6,1,7,5,1,10,1,14,,8,,1,21,121.5794503,25.06997785
113,5,9,21,26,2,12內湖區,內湖區民權東路6段與瑞光路口,0,0,1,2,B03,8,6,5,50,4,1,1,5,4,5,13,2,1,9,4,5,2,16,1,26,3,10,7,1,7,9,1,8,1,5,,44,,1,21,121.5794503,25.06997785
113,5,9,22,20,2,03中山區,中山區樂群二路與明水路口,0,0,1,1,C03,8,5,5,50,4,1,1,5,4,5,13,2,1,10,5,5,2,16,1,30,2,9,6,1,7,5,1,10,1,14,,8,,1,21,121.5521197,25.080012
113,5,9,22,20,2,03中山區,中山區樂群二路與明水路口,0,0,1,2,B03,8,5,5,50,4,1,1,5,4,5,13,2,1,10,5,5,2,16,2,58,3,10,7,1,7,9,1,8,1,2,,108,,1,21,121.5521197,25.080012
113,5,9,23,5,2,05中正區,中正區羅斯福路4段與基隆路4段口,0,0,1,1,C03,8,5,5,50,5,1,1,5,4,5,13,1,1,1,4,5,2,16,1,15,2,9,5,4,7,5,2,18,2,14,,96,,1,21,121.5368924,25.0112305
113,5,9,23,5,2,05中正區,中正區羅斯福路4段與基隆路4段口,0,0,1,2,C03,8,5,5,50,5,1,1,5,4,5,13,1,1,1,4,5,2,16,1,38,4,11,3,4,7,9,7,19,11,15,,118,,2,22,121.5368924,25.0112305
113,5,9,23,5,2,05中正區,中正區羅斯福路4段與基隆路4段口,0,0,1,3,H02,8,5,5,50,5,1,1,5,4,5,13,1,1,1,4,5,2,16,1,11,4,11,5,5,7,20,8,20,10,16,,67,,1,21,121.5368924,25.0112305
113,5,10,0,11,2,08士林區,士林區中山北路6段與德行西路口,0,0,1,1,B12,8,5,5,50,4,2,1,5,4,5,13,1,1,10,4,5,1,17,1,41,3,10,7,1,7,11,1,5,2,17,,80,,1,21,121.5247746,25.106301
113,5,10,0,11,2,08士林區,士林區中山北路6段與德行西路口,0,0,1,2,C02,8,5,5,50,4,2,1,5,4,5,13,1,1,10,4,5,1,17,1,38,2,9,6,1,7,9,1,9,2,15,,13,,1,21,121.5247746,25.106301
113,5,10,0,42,2,02萬華區,萬華區西昌街與桂林路口,0,0,2,1,F01,7,5,5,50,4,2,1,5,4,5,13,2,1,5,4,4,1,17,1,69,2,9,4,4,7,5,8,20,1,12,,83,,1,22,121.5003842,25.03752884
113,5,10,0,42,2,02萬華區,萬華區西昌街與桂林路口,0,0,2,2,C04,7,5,5,50,4,2,1,5,4,5,13,2,1,5,4,4,1,17,1,20,2,9,3,4,7,9,1,8,1,11,,44,,1,22,121.5003842,25.03752884
113,5,10,1,45,2,05中正區,中正區汀州路1段與西藏路口,0,0,1,1,C03,8,5,5,50,4,1,1,5,4,5,13,1,1,5,4,5,2,17,1,67,3,10,5,4,7,9,1,10,1,17,,71,,1,21,121.507217,25.030658
113,5,10,1,45,2,05中正區,中正區汀州路1段與西藏路口,0,0,1,2,C01,8,5,5,50,4,1,1,5,4,5,13,1,1,5,4,5,2,17,2,26,2,9,5,4,7,9,1,10,1,14,,44,,1,21,121.507217,25.030658
113,5,10,2,20,2,08士林區,士林區中山北路6段與福國路口,0,0,1,1,C03,8,5,5,50,4,2,1,5,4,5,13,1,1,10,4,5,1,17,1,18,3,10,6,1,7,9,1,10,2,12,,13,,1,21,121.5256029,25.1021371
113,5,10,2,20,2,08士林區,士林區中山北路6段與福國路口,0,0,1,2,C03,8,5,5,50,4,2,1,5,4,5,13,1,1,10,4,5,1,17,2,30,2,9,6,1,7,1,1,10,2,14,,19,,1,21,121.5256029,25.1021371
113,5,10,7,7,2,04大安區,大安區忠孝東路3段217巷與忠孝東路3段217巷5弄口,0,0,1,1,C03,8,7,5,30,4,1,1,5,4,5,13,4,4,10,5,5,2,15,1,77,2,9,6,1,7,9,1,10,1,11,,72,,1,21,121.5397279,25.0433313
113,5,10,7,7,2,04大安區,大安區忠孝東路3段217巷與忠孝東路3段217巷5弄口,0,0,1,2,B03,8,7,5,30,4,1,1,5,4,5,13,4,4,10,5,5,2,15,2,42,3,10,7,1,7,9,1,8,1,2,,14,,1,21,121.5397279,25.0433313
113,5,10,7,50,2,10文山區,文山區羅斯福路6段與景福街口口,0,0,1,1,B03,8,6,5,50,4,2,1,5,4,5,13,2,1,1,4,5,2,17,2,50,3,10,7,1,7,14,1,8,2,2,,38,,1,21,121.5407801,24.9931267
113,5,10,7,50,2,10文山區,文山區羅斯福路6段與景福街口口,0,0,1,2,H02,8,6,5,50,4,2,1,5,4,5,13,2,1,1,4,5,2,17,1,49,3,10,7,5,7,19,8,20,10,16,,126,,1,21,121.5407801,24.9931267
113,5,10,7,50,2,10文山區,文山區羅斯福路6段與景福街口口,0,0,1,3,C03,8,6,5,50,4,2,1,5,4,5,13,2,1,1,4,5,2,17,1,27,2,8,6,1,7,9,1,10,2,14,,44,,1,21,121.5407801,24.9931267
113,5,10,7,55,2,03中山區,中山區南京東路2段與伊通街口,0,0,1,1,B03,8,7,5,50,4,1,1,5,4,5,13,1,1,5,5,5,2,1,1,35,3,10,7,1,7,5,1,8,1,5,,70,,1,22,121.5346821,25.0520774
113,5,10,7,55,2,03中山區,中山區南京東路2段與伊通街口,0,0,1,2,H01,8,7,5,50,4,1,1,5,4,5,13,1,1,5,5,5,2,1,2,26,2,9,4,5,8,16,8,20,10,16,,67,,1,22,121.5346821,25.0520774
113,5,10,8,2,2,02萬華區,萬華區堤外便道機車專用道近龍山85號燈桿,0,0,3,1,C03,8,6,5,40,14,11,1,5,4,5,13,4,4,1,4,5,2,12,1,72,2,9,5,1,7,7,1,10,9,14,,100,,1,21,121.5029778,25.04656257
113,5,10,8,2,2,02萬華區,萬華區堤外便道機車專用道近龍山85號燈桿,0,0,3,2,C03,8,6,5,40,14,11,1,5,4,5,13,4,4,1,4,5,2,12,1,33,2,9,6,1,7,9,1,10,9,12,,44,,1,21,121.5029778,25.04656257
113,5,10,8,2,2,02萬華區,萬華區堤外便道機車專用道近龍山85號燈桿,0,0,3,3,H02,8,6,5,40,14,11,1,5,4,5,13,4,4,1,4,5,2,12,2,69,2,9,3,5,7,20,8,20,10,16,,67,,1,21,121.5029778,25.04656257
113,5,10,8,18,2,10文山區,文山區景福街與溪口街85巷口,0,0,2,1,C03,8,6,5,30,3,1,1,5,4,5,13,4,4,10,5,5,2,16,1,69,2,9,6,1,7,5,1,10,1,14,,74,,1,21,121.5378644,24.9945418
113,5,10,8,18,2,10文山區,文山區景福街與溪口街85巷口,0,0,2,2,C03,8,6,5,30,3,1,1,5,4,5,13,4,4,10,5,5,2,16,2,43,2,9,6,1,7,9,1,10,1,12,,44,,1,21,121.5378644,24.9945418
113,5,10,8,25,2,07信義區,信義區基隆路1段152號,0,0,1,1,B03,8,7,5,50,14,9,1,5,4,5,13,4,4,9,4,5,2,17,1,54,3,10,7,1,7,15,1,8,2,2,,38,,1,21,121.5667081,25.0449932
113,5,10,8,25,2,07信義區,信義區基隆路1段152號,0,0,1,3,H02,8,7,5,50,14,9,1,5,4,5,13,4,4,9,4,5,2,17,1,16,3,10,7,5,7,20,8,20,10,16,,126,,1,21,121.5667081,25.0449932
113,5,10,8,25,2,07信義區,信義區基隆路1段152號,0,0,1,2,C03,8,7,5,50,14,9,1,5,4,5,13,4,4,9,4,5,2,17,2,32,2,9,5,1,7,9,1,10,2,11,,44,,1,21,121.5667081,25.0449932
113,5,10,8,37,2,03中山區,中山區樂群二路與敬業四路口,0,0,1,1,B01,8,6,5,50,3,1,1,5,4,5,13,1,1,1,4,5,2,16,1,69,3,10,3,4,7,11,1,4,1,1,,10,,1,22,121.5585207,25.0799656
113,5,10,8,37,2,03中山區,中山區樂群二路與敬業四路口,0,0,1,2,C03,8,6,5,50,3,1,1,5,4,5,13,1,1,1,4,5,2,16,1,23,2,9,6,1,7,9,1,10,1,14,,13,,1,22,121.5585207,25.0799656
113,5,10,8,40,2,02萬華區,萬華區環河南路2段與環河南路2段175巷口,0,0,1,1,B03,7,7,5,50,4,1,1,5,4,5,13,1,1,1,3,5,2,16,1,59,3,10,7,1,7,5,1,8,2,5,,71,,1,21,121.4921716,25.0328587
113,5,10,8,40,2,02萬華區,萬華區環河南路2段與環河南路2段175巷口,0,0,1,2,C03,7,7,5,50,4,1,1,5,4,5,13,1,1,1,3,5,2,16,2,28,2,8,5,1,7,9,1,10,2,11,,44,,1,21,121.4921716,25.0328587
113,5,10,8,40,2,03中山區,中山區民族西路與玉門街口,0,0,1,1,C03,8,7,5,50,14,8,1,5,4,5,13,4,4,9,4,5,2,12,1,33,2,7,5,1,7,7,1,10,1,11,,108,,1,22,121.5203424,25.0684516
113,5,10,8,40,2,03中山區,中山區民族西路與玉門街口,0,0,1,2,B03,8,7,5,50,14,8,1,5,4,5,13,4,4,9,4,5,2,12,1,33,3,10,7,1,7,14,1,8,1,6,,44,,1,22,121.5203424,25.0684516
113,5,10,8,49,2,03中山區,中山區建國北路1段與長安東路2段口,0,0,1,1,C03,8,6,5,50,4,1,1,5,4,5,13,1,1,10,4,5,2,17,1,23,3,10,5,1,7,6,1,10,1,12,,71,,1,21,121.5370154,25.04837771
113,5,10,8,49,2,03中山區,中山區建國北路1段與長安東路2段口,0,0,1,2,C03,8,6,5,50,4,1,1,5,4,5,13,1,1,10,4,5,2,17,1,39,2,9,5,1,7,9,1,10,1,14,12,108,,1,21,121.5370154,25.04837771
113,5,10,8,49,2,07信義區,信義區基隆路2段79巷與基隆路2段79巷1弄口,0,0,1,1,C03,8,6,5,30,4,1,1,5,4,5,13,4,4,9,4,5,2,15,2,28,2,9,6,1,7,1,1,10,1,12,,44,,1,21,121.5586339,25.0299577
113,5,10,8,49,2,07信義區,信義區基隆路2段79巷與基隆路2段79巷1弄口,0,0,1,2,B01,8,6,5,30,4,1,1,5,4,5,13,4,4,9,4,5,2,15,1,52,3,10,7,1,7,9,1,8,1,8,,72,,1,21,121.5586339,25.0299577
113,5,10,8,50,2,08士林區,士林區通河東街1段與大南路口,0,0,1,1,C03,8,5,5,50,4,1,1,5,4,5,13,3,1,5,4,5,1,17,2,61,2,9,6,1,7,6,1,10,1,14,,80,,1,22,121.5154583,25.0895592
113,5,10,8,50,2,08士林區,士林區通河東街1段與大南路口,0,0,1,2,B01,8,5,5,50,4,1,1,5,4,5,13,3,1,5,4,5,1,17,1,47,3,10,7,1,7,9,1,4,1,2,,44,,1,22,121.5154583,25.0895592
113,5,10,8,55,2,03中山區,中山區建國北路1段與八德路2段口北側迴轉道,0,0,2,1,C03,8,7,5,50,3,1,1,5,4,5,13,4,4,1,4,5,2,15,2,71,2,9,5,1,7,5,1,10,1,14,,8,,1,22,121.5365026,25.0465361
113,5,10,8,55,2,03中山區,中山區建國北路1段與八德路2段口北側迴轉道,0,0,2,2,C03,8,7,5,50,3,1,1,5,4,5,13,4,4,1,4,5,2,15,1,37,2,9,5,1,7,9,1,10,1,12,,44,,1,22,121.5365026,25.0465361
113,5,10,8,56,2,04大安區,大安區市民大道3段與建國南路1段口,0,0,2,1,C03,8,7,5,40,4,1,1,5,4,5,13,2,1,1,4,4,2,15,1,21,2,9,6,1,7,9,1,10,1,11,,81,,1,21,121.536347,25.0446881
113,5,10,8,56,2,04大安區,大安區市民大道3段與建國南路1段口,0,0,2,2,C03,8,7,5,40,4,1,1,5,4,5,13,2,1,1,4,4,2,15,1,52,2,9,6,1,7,9,1,10,1,11,,44,,1,21,121.536347,25.0446881
113,5,10,8,58,2,01大同區,大同區酒泉街36號,0,0,1,1,B02,8,6,5,50,14,9,1,5,4,5,13,4,4,10,5,5,2,17,1,58,3,10,7,1,7,1,1,8,2,17,,19,,1,22,121.5188377,25.0706289
113,5,10,8,58,2,01大同區,大同區酒泉街36號,0,0,1,2,C03,8,6,5,50,14,9,1,5,4,5,13,4,4,10,5,5,2,17,2,55,2,9,6,1,7,9,1,10,2,11,,44,,1,22,121.5188377,25.0706289
113,5,10,9,23,2,08士林區,士林區延平北路5段與中正路口,0,0,1,1,C03,8,7,5,50,4,1,1,5,4,5,13,1,1,1,5,5,2,17,1,64,2,6,6,1,7,5,1,10,1,14,,71,,1,21,121.5094147,25.0866066
113,5,10,9,23,2,08士林區,士林區延平北路5段與中正路口,0,0,1,2,C03,8,7,5,50,4,1,1,5,4,5,13,1,1,1,5,5,2,17,1,21,3,10,6,1,7,9,1,10,1,11,,108,,1,21,121.5094147,25.0866066
113,5,10,9,47,2,08士林區,士林區德行東路109巷93號前,0,0,1,1,B03,8,7,5,30,14,9,1,5,4,5,13,4,4,9,5,5,2,12,2,64,3,10,7,1,7,4,1,8,1,5,,108,,1,21,121.5183568,25.04847309
113,5,10,9,47,2,08士林區,士林區德行東路109巷93號前,0,0,1,2,C03,8,7,5,30,14,9,1,5,4,5,13,4,4,9,5,5,2,12,2,66,2,9,5,1,7,7,1,10,1,14,,100,,1,21,121.5183568,25.04847309
113,5,10,10,7,2,02萬華區,萬華區西藏路424號,0,0,1,1,C03,8,5,5,50,14,9,1,5,4,5,13,4,4,1,5,5,2,17,2,56,2,1,5,4,7,9,3,18,1,11,,16,,1,21,121.4982484,25.0294951
113,5,10,10,7,2,02萬華區,萬華區西藏路424號,0,0,1,2,B03,8,5,5,50,14,9,1,5,4,5,13,4,4,1,5,5,2,17,1,37,3,10,3,4,7,13,1,8,1,7,,44,,1,21,121.4982484,25.0294951
113,5,10,10,38,2,08士林區,士林區至善路1段與福林路254巷口口,0,0,2,1,B03,8,6,5,50,3,2,1,5,4,5,13,3,1,1,4,5,2,16,1,72,3,10,7,1,7,7,1,8,1,4,,99,,1,21,121.5379999,25.09786269
113,5,10,10,38,2,08士林區,士林區至善路1段與福林路254巷口口,0,0,2,2,C03,8,6,5,50,3,2,1,5,4,5,13,3,1,1,4,5,2,16,2,51,2,9,6,1,7,9,1,10,1,12,,44,,1,21,121.5379999,25.09786269
113,5,10,10,38,2,08士林區,士林區至善路1段與福林路254巷口口,0,0,2,3,H02,8,6,5,50,3,2,1,5,4,5,13,3,1,1,4,5,2,16,1,63,2,9,4,5,7,20,8,20,10,16,,67,,1,21,121.5379999,25.09786269
113,5,10,11,3,2,03中山區,中山區長安東路1段與林森北路口,0,0,1,1,C03,8,7,5,50,4,1,1,5,4,5,13,4,4,9,4,5,2,13,2,30,2,8,5,1,7,9,1,10,1,11,,108,,1,22,121.5242114,25.0492896
113,5,10,11,3,2,03中山區,中山區長安東路1段與林森北路口,0,0,1,2,C04,8,7,5,50,4,1,1,5,4,5,13,4,4,9,4,5,2,13,2,23,3,10,5,1,7,8,1,10,1,17,,100,,1,22,121.5242114,25.0492896
113,5,10,11,3,2,03中山區,中山區長安東路1段與林森北路口,0,0,1,3,C03,8,7,5,50,4,1,1,5,4,5,13,4,4,9,4,5,2,13,1,68,4,11,3,4,7,21,7,19,11,15,,119,,2,21,121.5242114,25.0492896
113,5,10,11,10,2,09北投區,北投區立賢路與承德路7段口,0,0,1,1,C03,8,7,6,50,4,2,1,5,4,5,13,1,1,1,4,5,2,17,1,22,2,9,6,1,7,6,1,10,1,12,,42,,1,21,121.5047786,25.1160563
113,5,10,11,10,2,09北投區,北投區立賢路與承德路7段口,0,0,1,2,A12,8,7,6,50,4,2,1,5,4,5,13,1,1,1,4,5,2,17,1,52,3,10,7,1,7,6,1,7,9,17,,34,,1,26,121.5047786,25.1160563
113,5,10,11,25,2,07信義區,信義區光復南路與光復南路117巷口,0,0,1,1,C04,8,6,5,50,14,9,1,5,4,5,13,4,4,1,4,5,2,18,2,72,2,9,5,1,7,9,1,11,1,14,,44,,1,22,121.5578137,25.0432197
113,5,10,11,25,2,07信義區,信義區光復南路與光復南路117巷口,0,0,1,2,,8,6,5,50,14,9,1,5,4,5,13,4,4,1,4,5,2,18,3,0,,,,,,,,,,,,67,,1,,121.5578137,25.0432197