發生年度,發生月,發生日,發生時-Hours,發生分,處理別-編號,區序,肇事地點,死亡人數,2-30日死亡人數,受傷人數,當事人序號,車種,天候,道路照明設備,道路類別,速限-速度限制,道路型態,事故位置,路面狀況1,路面狀況2,路面狀況3,道路障礙1,道路障礙2,號誌1,號誌2,車道劃分-分向,車道劃分-分道1,車道劃分-分道2,車道劃分-分道3,事故類型及型態,性別,年齡,受傷程度,主要傷處,保護裝置,行動電話,車輛用途,當事者行動狀態,駕駛資格情形,駕駛執照種類,飲酒情形,車輛撞擊部位1,車輛撞擊部位2,肇因碼-個別,肇因碼-主要,個人肇逃否,職業,座標-X,座標-Y
113,5,10,11,50,1,01大同區,大同區承德路2段與民權西路口,1,0,0,1,B11,8,6,5,50,4,18,1,5,4,5,13,2,1,1,2,5,2,9,1,61,3,10,7,4,7,6,1,3,2,10,,107,,1,21,121.5185091,25.0627975
113,5,10,11,50,1,01大同區,大同區承德路2段與民權西路口,1,0,0,2,H01,8,6,5,50,4,18,1,5,4,5,13,2,1,1,2,5,2,9,2,61,1,9,4,5,8,20,8,20,10,16,,60,,1,21,121.5185091,25.0627975
113,5,10,11,50,1,01大同區,大同區承德路2段與民權西路口,1,0,0,3,,8,6,5,50,4,18,1,5,4,5,13,2,1,1,2,5,2,9,3,0,,,,,,,,,,,,67,,1,,121.5185091,25.0627975
113,5,10,12,9,2,09北投區,北投區中央北路4段601巷與大度路3段口,0,0,2,1,B12,8,7,5,50,4,1,1,5,4,5,13,1,1,1,4,5,2,17,1,27,3,10,7,1,7,11,1,8,1,6,,10,,1,21,121.4642081,25.1237223
113,5,10,12,9,2,09北投區,北投區中央北路4段601巷與大度路3段口,0,0,2,2,C03,8,7,5,50,4,1,1,5,4,5,13,1,1,1,4,5,2,17,1,51,2,9,6,1,7,9,1,9,1,11,,44,,1,21,121.4642081,25.1237223
113,5,10,12,9,2,09北投區,北投區中央北路4段601巷與大度路3段口,0,0,2,3,H02,8,7,5,50,4,1,1,5,4,5,13,1,1,1,4,5,2,17,2,9,2,1,6,5,7,20,8,20,10,16,,67,,1,14,121.4642081,25.1237223
113,5,10,12,11,2,04大安區,大安區信義路3段134巷與建國南路2段11巷口,0,0,1,1,C03,8,6,5,30,3,1,1,5,4,5,13,4,4,10,5,5,2,17,1,57,3,10,5,1,7,9,1,10,1,15,,44,,1,21,121.5394647,25.0328117
113,5,10,12,11,2,04大安區,大安區信義路3段134巷與建國南路2段11巷口,0,0,1,2,F01,8,6,5,30,3,1,1,5,4,5,13,4,4,10,5,5,2,17,1,80,2,9,2,4,7,5,8,20,1,15,,8,,1,21,121.5394647,25.0328117
113,5,10,12,20,2,12內湖區,內湖區內湖路1段與內湖路1段288巷口,0,0,1,1,C03,8,5,5,50,3,2,1,5,4,5,13,4,4,1,3,4,1,13,1,17,2,9,3,4,7,9,2,18,1,11,,16,,1,22,121.5683655,25.08204882
113,5,10,12,20,2,12內湖區,內湖區內湖路1段與內湖路1段288巷口,0,0,1,2,B03,8,5,5,50,3,2,1,5,4,5,13,4,4,1,3,4,1,13,1,38,3,10,3,4,7,14,1,8,1,3,,44,,1,22,121.5683655,25.08204882
113,5,10,12,32,2,12內湖區,內湖區麥帥一橋機車道內湖往松山,0,0,1,1,C03,7,6,5,50,8,11,1,5,4,5,13,4,4,10,4,5,2,17,1,56,2,9,5,1,7,9,1,10,1,14,,42,,1,21,121.5753642,25.0540299
113,5,10,12,32,2,12內湖區,內湖區麥帥一橋機車道內湖往松山,0,0,1,2,C03,7,6,5,50,8,11,1,5,4,5,13,4,4,10,4,5,2,17,1,60,3,10,5,1,7,14,1,10,1,17,,44,,1,21,121.5753642,25.0540299
113,5,10,12,32,2,12內湖區,內湖區麥帥一橋機車道內湖往松山,0,0,1,3,C03,7,6,5,50,8,11,1,5,4,5,13,4,4,10,4,5,2,17,2,46,3,10,5,1,7,14,1,10,1,17,,30,,1,21,121.5753642,25.0540299
113,5,10,12,35,2,02萬華區,萬華區成都路與康定路口,0,0,1,1,,8,5,5,50,14,9,1,5,4,5,13,4,4,8,3,5,1,17,4,0,4,11,3,4,7,8,8,20,9,17,,119,,2,22,121.5031486,25.0434278
113,5,10,12,35,2,02萬華區,萬華區成都路與康定路口,0,0,1,2,C02,8,5,5,50,14,9,1,5,4,5,13,4,4,8,3,5,1,17,1,52,2,9,3,4,7,9,1,9,1,17,,44,,1,22,121.5031486,25.0434278
113,5,10,12,52,2,07信義區,信義區基隆路2段149-35號,0,0,1,1,C03,8,7,5,50,14,9,1,5,4,5,13,4,4,3,4,5,2,12,1,45,3,10,5,1,7,7,1,10,2,12,,100,,1,21,121.555261,25.0266685
113,5,10,12,52,2,07信義區,信義區基隆路2段149-35號,0,0,1,2,B01,8,7,5,50,14,9,1,5,4,5,13,4,4,3,4,5,2,12,1,61,3,10,3,1,7,9,1,4,2,8,,44,,1,21,121.555261,25.0266685
113,5,10,12,52,2,07信義區,信義區基隆路2段149-35號,0,0,1,3,C03,8,7,5,50,14,9,1,5,4,5,13,4,4,3,4,5,2,12,1,24,2,9,5,1,7,9,1,10,2,11,,44,,1,21,121.555261,25.0266685
113,5,10,13,11,2,05中正區,中正區金門街24巷與汀州路2段178巷口,0,0,1,1,C03,8,6,5,30,4,1,1,5,4,5,13,4,4,10,5,5,2,15,2,66,2,9,5,1,7,9,1,10,1,11,,75,,1,21,121.5214758,25.0228954
113,5,10,13,11,2,05中正區,中正區金門街24巷與汀州路2段178巷口,0,0,1,2,B03,8,6,5,30,4,1,1,5,4,5,13,4,4,10,5,5,2,15,1,64,3,10,7,1,7,9,1,8,1,4,,108,,1,21,121.5214758,25.0228954
113,5,10,13,21,2,06松山區,松山區南京東路4段與北寧路口,0,0,1,1,B03,8,5,5,40,4,1,1,5,4,5,13,2,1,3,4,4,2,16,1,23,3,10,7,1,7,6,1,8,1,2,,9,,1,21,121.5527259,25.05158309
113,5,10,13,21,2,06松山區,松山區南京東路4段與北寧路口,0,0,1,2,C03,8,5,5,40,4,1,1,5,4,5,13,2,1,3,4,4,2,16,1,31,2,7,5,1,7,9,1,10,1,11,,44,,1,21,121.5527259,25.05158309
113,5,10,13,23,2,08士林區,士林區士商路與基河路300巷口口,0,0,1,1,C03,8,6,5,50,3,2,1,5,4,5,13,4,4,5,4,5,2,13,2,65,2,9,6,1,7,5,1,10,1,13,,8,,1,21,121.5181875,25.09296914
113,5,10,13,23,2,08士林區,士林區士商路與基河路300巷口口,0,0,1,2,B01,8,6,5,50,3,2,1,5,4,5,13,4,4,5,4,5,2,13,1,31,3,10,7,1,7,9,1,8,1,8,,14,,1,21,121.5181875,25.09296914
113,5,10,13,49,2,09北投區,北投區文承路與文承路口文承承信路公車站牌,0,0,1,1,H03,8,6,5,30,14,9,1,5,4,5,13,4,4,5,4,5,1,8,1,67,2,7,4,5,8,17,8,20,10,16,,60,,1,22,121.5130735,25.10487725
113,5,10,13,49,2,09北投區,北投區文承路與文承路口文承承信路公車站牌,0,0,1,2,B02,8,6,5,30,14,9,1,5,4,5,13,4,4,5,4,5,1,8,1,62,3,10,7,1,7,9,1,5,2,2,,107,,1,21,121.5130735,25.10487725
113,5,10,13,50,2,03中山區,中山區北安路608巷與北安路608巷14弄口,0,0,2,1,C03,8,6,5,30,4,1,1,5,4,5,13,2,1,10,5,5,2,15,2,38,2,9,5,4,7,9,1,10,1,12,,72,,1,22,121.5503301,25.0819294
113,5,10,13,50,2,03中山區,中山區北安路608巷與北安路608巷14弄口,0,0,2,2,C03,8,6,5,30,4,1,1,5,4,5,13,2,1,10,5,5,2,15,1,60,2,9,5,4,7,9,1,10,1,14,,14,,1,22,121.5503301,25.0819294
113,5,10,14,10,2,03中山區,中山區龍江路與龍江路55巷口,0,0,1,1,C03,8,6,5,30,5,1,1,5,4,5,13,4,4,9,4,5,2,16,2,28,3,10,5,1,7,5,1,10,1,11,,72,,1,22,121.5404605,25.049526
113,5,10,14,10,2,03中山區,中山區龍江路與龍江路55巷口,0,0,1,2,F02,8,6,5,30,5,1,1,5,4,5,13,4,4,9,4,5,2,16,2,64,2,8,4,1,7,9,8,20,1,12,,44,,1,22,121.5404605,25.049526
113,5,10,14,23,2,05中正區,中正區中山南路與凱達格蘭大道口,0,0,1,1,C03,8,5,5,50,18,9,1,5,4,5,13,1,1,10,4,5,2,17,1,25,3,10,6,4,7,7,1,10,1,17,,100,,1,22,121.5175056,25.03939518
113,5,10,14,23,2,05中正區,中正區中山南路與凱達格蘭大道口,0,0,1,2,C03,8,5,5,50,18,9,1,5,4,5,13,1,1,10,4,5,2,17,1,61,2,9,6,4,7,15,1,10,1,14,,44,,1,22,121.5175056,25.03939518
113,5,10,14,28,2,07信義區,信義區市民大道5段與東興路口,0,0,1,1,B03,8,7,5,50,4,1,1,5,4,5,13,2,1,3,4,5,2,16,2,30,3,10,3,1,7,5,1,8,2,2,,80,,1,21,121.5658227,25.0482013
113,5,10,14,28,2,07信義區,信義區市民大道5段與東興路口,0,0,1,2,C03,8,7,5,50,4,1,1,5,4,5,13,2,1,3,4,5,2,16,1,23,2,9,5,1,7,9,1,10,2,11,,116,,1,21,121.5658227,25.0482013
113,5,10,15,20,2,07信義區,信義區大道路與林口街口,0,0,1,1,B03,8,6,5,50,4,1,1,5,4,5,13,1,1,5,4,5,2,13,2,34,3,10,7,1,7,9,1,8,1,1,,16,,1,21,121.581271,25.0425286
113,5,10,15,20,2,07信義區,信義區大道路與林口街口,0,0,1,2,C03,8,6,5,50,4,1,1,5,4,5,13,1,1,5,4,5,2,13,2,65,2,5,6,1,7,14,1,10,1,13,,44,,1,21,121.581271,25.0425286
113,5,10,15,43,2,02萬華區,萬華區康定路與廣州街口,0,0,1,1,A02,7,6,8,50,4,2,1,5,4,5,13,2,1,5,4,5,1,9,1,48,3,10,3,4,7,9,1,2,9,17,,42,,1,22,121.4944687,25.03774251
113,5,10,15,43,2,02萬華區,萬華區康定路與廣州街口,0,0,1,2,H02,7,6,8,50,4,2,1,5,4,5,13,2,1,5,4,5,1,9,2,68,2,1,4,5,8,17,8,20,10,16,,67,,1,22,121.4944687,25.03774251
113,5,10,15,53,2,07信義區,信義區中坡北路與中坡北路15巷口口,0,0,2,1,C03,8,7,5,50,5,1,1,5,4,5,13,2,1,1,4,5,2,17,2,25,2,9,6,1,7,9,1,10,2,11,,81,,1,22,121.5811087,25.0447165
113,5,10,15,53,2,07信義區,信義區中坡北路與中坡北路15巷口口,0,0,2,2,C03,8,7,5,50,5,1,1,5,4,5,13,2,1,1,4,5,2,17,1,47,2,9,6,1,7,5,1,10,2,14,,44,,1,22,121.5811087,25.0447165
113,5,10,16,6,2,12內湖區,內湖區潭美街與安康路228巷口,0,0,2,1,C03,8,6,5,40,3,1,1,5,4,5,13,2,1,5,5,5,2,17,2,58,2,9,6,1,7,5,1,10,2,11,,80,,1,21,121.6035797,25.0611664
113,5,10,16,6,2,12內湖區,內湖區潭美街與安康路228巷口,0,0,2,2,C03,8,6,5,40,3,1,1,5,4,5,13,2,1,5,5,5,2,17,1,33,2,9,6,1,7,9,1,10,2,14,,13,,1,21,121.6035797,25.0611664
113,5,10,16,12,2,05中正區,中正區公園路與凱達格蘭大道口,0,0,1,1,B03,8,7,5,50,4,2,1,5,4,5,13,1,1,9,4,5,1,13,1,71,3,10,7,1,7,8,1,8,2,1,,100,,1,22,121.5149048,25.0399383
113,5,10,16,12,2,05中正區,中正區公園路與凱達格蘭大道口,0,0,1,2,C03,8,7,5,50,4,2,1,5,4,5,13,1,1,9,4,5,1,13,1,30,2,9,6,1,7,9,1,10,2,13,,44,,1,22,121.5149048,25.0399383
113,5,10,16,16,2,10文山區,文山區辛亥路4段與萬美街2段口,0,0,1,1,B03,8,6,5,50,3,1,1,5,4,5,13,1,1,5,2,5,2,16,1,37,3,10,7,1,7,6,1,8,1,6,,9,,1,21,121.5580428,25.0061492
113,5,10,16,16,2,10文山區,文山區辛亥路4段與萬美街2段口,0,0,1,2,C03,8,6,5,50,3,1,1,5,4,5,13,1,1,5,2,5,2,16,2,50,2,8,6,1,7,9,1,10,1,11,,44,,1,21,121.5580428,25.0061492
113,5,10,16,25,2,05中正區,中正區杭州南路1段與忠孝東路2段口,0,0,1,1,C04,8,7,5,50,4,1,1,5,4,5,13,1,1,10,5,5,2,17,1,32,2,5,5,1,7,5,1,10,1,13,,8,,1,21,121.5268419,25.0439839
113,5,10,16,25,2,05中正區,中正區杭州南路1段與忠孝東路2段口,0,0,1,2,B03,8,7,5,50,4,1,1,5,4,5,13,1,1,10,5,5,2,17,1,35,3,10,7,1,7,9,1,6,1,5,,44,,1,21,121.5268419,25.0439839
113,5,10,16,31,2,04大安區,大安區忠孝東路4段181巷10弄2號,0,0,2,1,C03,8,6,5,30,14,9,1,5,4,5,13,4,4,10,5,5,2,16,2,42,2,8,6,4,7,5,1,10,1,14,,101,,1,22,121.5501293,25.0420998
113,5,10,16,31,2,04大安區,大安區忠孝東路4段181巷10弄2號,0,0,2,2,C03,8,6,5,30,14,9,1,5,4,5,13,4,4,10,5,5,2,16,1,50,2,9,6,4,7,9,1,10,1,11,,108,,1,22,121.5501293,25.0420998
113,5,10,16,32,2,07信義區,信義區逸仙路北向南（市議會旁）,0,0,1,1,B03,8,6,5,50,14,9,1,5,4,5,13,4,4,9,4,5,2,17,2,52,3,10,7,1,7,7,1,8,2,17,,100,,1,21,121.5614972,25.0384425
113,5,10,16,32,2,07信義區,信義區逸仙路北向南（市議會旁）,0,0,1,2,C03,8,6,5,50,14,9,1,5,4,5,13,4,4,9,4,5,2,17,1,51,2,9,5,1,7,9,1,10,2,17,,44,,1,21,121.5614972,25.0384425
113,5,10,16,58,2,12內湖區,內湖區南京東路6段西向東，公車站牌前,0,0,1,1,B03,8,6,5,50,14,9,1,5,4,5,13,4,4,1,4,5,2,12,2,56,3,10,7,1,7,7,1,8,1,2,,95,,1,21,121.579813,25.0560714
113,5,10,16,58,2,12內湖區,內湖區南京東路6段西向東，公車站牌前,0,0,1,2,C02,8,6,5,50,14,9,1,5,4,5,13,4,4,1,4,5,2,12,1,57,2,5,5,1,7,9,1,10,1,14,,44,,1,21,121.579813,25.0560714
113,5,10,16,59,2,10文山區,文山區萬芳路與萬芳路26巷口口旁,0,0,1,1,B03,8,6,5,30,3,1,1,5,4,5,13,4,4,10,5,5,2,17,1,63,3,10,7,1,7,5,1,8,1,5,,73,,1,21,121.5706176,24.9961252
113,5,10,16,59,2,10文山區,文山區萬芳路與萬芳路26巷口口旁,0,0,1,2,C03,8,6,5,30,3,1,1,5,4,5,13,4,4,10,5,5,2,17,2,38,2,9,5,1,7,9,1,10,1,11,,44,,1,21,121.5706176,24.9961252
113,5,10,17,3,2,09北投區,北投區自強街31巷與自強街61巷口,0,0,2,1,C03,8,6,5,30,4,1,1,5,4,5,13,4,4,10,5,5,1,15,1,59,2,9,5,1,7,9,3,18,2,12,,72,,1,21,121.512651,25.1110797
113,5,10,17,3,2,09北投區,北投區自強街31巷與自強街61巷口,0,0,2,2,C04,8,6,5,30,4,1,1,5,4,5,13,4,4,10,5,5,1,15,2,54,2,9,5,1,7,9,1,10,2,11,14,107,,1,21,121.512651,25.1110797
113,5,10,17,5,2,03中山區,中山區建國北路2段與建國北路2段151巷口,0,0,1,1,B03,7,7,5,30,3,1,1,5,4,5,13,4,4,10,5,5,2,17,2,49,3,10,7,1,7,6,1,8,1,17,,9,,1,22,121.53727,25.0618407
113,5,10,17,5,2,03中山區,中山區建國北路2段與建國北路2段151巷口,0,0,1,2,C03,7,7,5,30,3,1,1,5,4,5,13,4,4,10,5,5,2,17,1,60,2,9,5,1,7,9,1,10,1,12,,44,,1,22,121.53727,25.0618407
113,5,10,17,10,2,03中山區,中山區北安路與大直街口,0,0,1,1,C03,8,5,5,50,4,2,1,5,4,5,13,2,1,3,4,5,2,17,1,21,3,10,3,4,7,6,1,10,1,12,,9,,1,21,121.5492471,25.0841744
113,5,10,17,10,2,03中山區,中山區北安路與大直街口,0,0,1,2,C03,8,5,5,50,4,2,1,5,4,5,13,2,1,3,4,5,2,17,2,20,2,8,3,4,7,9,1,10,1,14,,44,,1,21,121.5492471,25.0841744
113,5,10,17,18,2,10文山區,文山區羅斯福路6段92巷與景仁街20巷口口,0,0,1,1,C03,8,6,5,30,4,1,1,5,4,5,13,4,4,10,5,5,2,15,1,42,2,7,5,1,7,9,1,10,2,11,,75,,1,21,121.5398344,24.9981167
113,5,10,17,18,2,10文山區,文山區羅斯福路6段92巷與景仁街20巷口口,0,0,1,2,B12,8,6,5,30,4,1,1,5,4,5,13,4,4,10,5,5,2,15,1,43,3,10,7,1,7,9,1,8,2,8,,14,,1,21,121.5398344,24.9981167
113,5,10,17,18,2,10文山區,文山區羅斯福路6段92巷與景仁街20巷口口,0,0,1,3,H02,8,6,5,30,4,1,1,5,4,5,13,4,4,10,5,5,2,15,1,8,3,10,5,5,7,20,8,20,10,16,,67,,1,14,121.5398344,24.9981167
113,5,10,17,30,2,02萬華區,萬華區萬板大橋往新北市機車道,0,0,1,1,C04,7,6,5,50,14,11,1,5,4,5,13,4,4,10,3,5,1,17,1,63,2,9,3,4,7,9,1,10,1,15,,118,,1,21,121.4864015,25.0293042
113,5,10,17,30,2,02萬華區,萬華區萬板大橋往新北市機車道,0,0,1,2,C03,7,6,5,50,14,11,1,5,4,5,13,4,4,10,3,5,1,17,2,18,3,10,3,4,7,9,1,10,1,15,,118,,1,21,121.4864015,25.0293042
113,5,10,17,30,2,12內湖區,內湖區內湖路3段60巷16號停車格,0,0,1,1,B03,8,5,5,30,14,9,1,5,4,5,13,4,4,9,5,5,2,12,1,62,3,10,7,1,7,1,1,8,1,8,,19,,1,21,121.5922618,25.0870723
113,5,10,17,30,2,12內湖區,內湖區內湖路3段60巷16號停車格,0,0,1,2,C03,8,5,5,30,14,9,1,5,4,5,13,4,4,9,5,5,2,12,2,70,2,9,5,1,7,9,1,10,1,12,,44,,1,21,121.5922618,25.0870723
113,5,10,17,32,2,03中山區,中山區龍江路55巷口側附近,0,0,2,1,F01,8,7,5,50,14,9,1,5,4,5,13,4,4,9,5,5,2,16,1,14,2,9,4,1,7,5,8,20,9,12,,74,,1,15,121.5404767,25.0495847
113,5,10,17,32,2,03中山區,中山區龍江路55巷口側附近,0,0,2,2,C03,8,7,5,50,14,9,1,5,4,5,13,4,4,9,5,5,2,16,1,33,2,9,6,1,7,9,1,10,9,11,,14,,1,22,121.5404767,25.0495847
113,5,10,17,35,2,12內湖區,內湖區成功路2段與民權東路6段口,0,0,2,1,C03,8,6,5,50,4,2,1,5,4,5,13,4,4,3,4,5,2,17,1,24,2,9,6,1,7,7,1,10,1,14,,100,,1,21,121.5905034,25.06900329
113,5,10,17,35,2,12內湖區,內湖區成功路2段與民權東路6段口,0,0,2,2,B03,8,6,5,50,4,2,1,5,4,5,13,4,4,3,4,5,2,17,1,40,3,10,7,1,7,9,1,8,1,2,,44,,1,21,121.5905034,25.06900329
113,5,10,17,35,2,12內湖區,內湖區成功路2段與民權東路6段口,0,0,2,3,H02,8,6,5,50,4,2,1,5,4,5,13,4,4,3,4,5,2,17,1,21,2,9,6,5,7,20,8,20,10,16,,67,,1,21,121.5905034,25.06900329
113,5,10,17,40,2,03中山區,中山區民權西路31號,0,0,1,1,C03,8,7,5,50,14,9,1,5,4,5,13,4,4,9,4,5,2,12,1,40,2,8,5,1,7,9,1,10,2,11,,118,,1,22,121.5209585,25.062943
113,5,10,17,40,2,03中山區,中山區民權西路31號,0,0,1,2,C03,8,7,5,50,14,9,1,5,4,5,13,4,4,9,4,5,2,12,1,37,3,10,5,1,7,9,3,18,2,12,,118,,1,22,121.5209585,25.062943
113,5,10,17,41,2,05中正區,中正區南海路與南昌路1段口,0,0,1,1,C03,8,7,5,30,4,2,4,5,4,5,13,1,1,1,4,5,2,17,1,74,2,8,5,1,7,8,1,10,2,14,,108,,1,22,121.5166029,25.0324572
113,5,10,17,41,2,05中正區,中正區南海路與南昌路1段口,0,0,1,2,B03,8,7,5,30,4,2,4,5,4,5,13,1,1,1,4,5,2,17,1,50,3,10,7,1,7,9,1,8,2,5,,44,,1,22,121.5166029,25.0324572
113,5,10,17,44,2,09北投區,北投區北投路1段與大業路280巷口口,0,0,1,1,C03,8,5,5,50,4,2,1,5,4,5,13,2,1,4,4,5,2,17,2,62,2,9,6,1,7,15,1,10,1,11,,44,,1,22,121.5003922,25.1278646
113,5,10,17,44,2,09北投區,北投區北投路1段與大業路280巷口口,0,0,1,2,C03,8,5,5,50,4,2,1,5,4,5,13,2,1,4,4,5,2,17,1,31,3,10,6,1,7,9,1,10,1,12,,44,,1,22,121.5003922,25.1278646
113,5,10,17,45,2,06松山區,松山區南京東路5段與三民路口,0,0,1,1,C03,7,6,5,50,4,2,1,5,4,5,13,1,1,3,4,4,2,13,1,18,3,10,5,1,7,9,1,10,1,11,,16,,1,21,121.5635389,25.0513784
113,5,10,17,45,2,06松山區,松山區南京東路5段與三民路口,0,0,1,2,C03,7,6,5,50,4,2,1,5,4,5,13,1,1,3,4,4,2,13,2,37,2,8,5,1,7,9,1,10,1,13,,44,,1,21,121.5635389,25.0513784
113,5,10,17,46,2,12內湖區,內湖區成功路2段312巷30號,0,0,1,1,B03,8,5,5,30,4,1,1,5,4,5,13,4,4,10,5,5,2,15,1,51,3,10,7,1,7,9,1,8,2,1,,13,,1,21,121.5891755,25.0671831
113,5,10,17,46,2,12內湖區,內湖區成功路2段312巷30號,0,0,1,2,C03,8,5,5,30,4,1,1,5,4,5,13,4,4,10,5,5,2,15,1,32,2,8,6,1,7,9,1,10,2,12,,80,,1,21,121.5891755,25.0671831
113,5,10,17,58,2,12內湖區,內湖區東湖路24之1號,0,0,1,1,C03,7,5,8,50,22,22,1,5,4,5,13,4,4,5,4,5,2,16,1,70,3,10,5,1,7,1,1,10,1,14,,19,,1,21,121.6130605,25.0686521
113,5,10,17,58,2,12內湖區,內湖區東湖路24之1號,0,0,1,2,C03,7,5,8,50,22,22,1,5,4,5,13,4,4,5,4,5,2,16,1,65,2,9,5,1,7,9,1,10,1,11,,44,,1,21,121.6130605,25.0686521
113,5,10,18,7,2,02萬華區,萬華區環河南路1段2號對面,0,0,1,1,C03,8,7,5,50,14,9,1,5,4,5,13,4,4,9,5,5,2,17,1,41,2,8,5,1,7,9,1,10,1,12,,44,,1,21,121.5058858,25.0484763
113,5,10,18,7,2,02萬華區,萬華區環河南路1段2號對面,0,0,1,2,B03,8,7,5,50,14,9,1,5,4,5,13,4,4,9,5,5,2,17,2,46,3,10,7,1,7,8,1,8,1,17,,100,,1,21,121.5058858,25.0484763
113,5,10,18,7,2,07信義區,信義區松智路與松智路32巷口,0,0,1,1,B03,8,6,5,50,4,1,1,5,4,5,13,4,4,9,5,5,2,17,2,51,3,10,7,1,7,5,1,8,1,1,,8,,1,21,121.5653145,25.0300203
113,5,10,18,7,2,07信義區,信義區松智路與松智路32巷口,0,0,1,2,C03,8,6,5,50,4,1,1,5,4,5,13,4,4,9,5,5,2,17,1,49,2,9,6,1,7,9,1,10,1,14,,14,,1,21,121.5653145,25.0300203
113,5,10,18,23,2,11南港區,南港區南港路1段與惠民街口,0,0,1,1,C03,8,5,6,50,3,1,1,5,4,5,13,1,1,8,3,5,1,12,1,31,2,5,3,4,7,10,1,10,1,13,,8,,1,22,121.6102662,25.0549558
113,5,10,18,23,2,11南港區,南港區南港路1段與惠民街口,0,0,1,2,B03,8,5,6,50,3,1,1,5,4,5,13,1,1,8,3,5,1,12,2,29,3,10,3,4,7,9,1,14,1,1,,42,,1,22,121.6102662,25.0549558
113,5,10,18,26,2,12內湖區,內湖區舊宗路1段與行善路口,0,0,1,1,B03,8,5,5,50,4,1,1,5,4,5,13,1,1,1,4,5,2,13,1,47,3,10,7,1,7,1,1,8,1,8,,108,,1,21,121.5803144,25.05894695
113,5,10,18,26,2,12內湖區,內湖區舊宗路1段與行善路口,0,0,1,2,C03,8,5,5,50,4,1,1,5,4,5,13,1,1,1,4,5,2,13,1,41,2,9,6,1,7,14,1,10,1,12,,44,,1,21,121.5803144,25.05894695
113,5,10,18,39,2,09北投區,北投區大度路150巷與大度路口,0,0,3,1,A11,8,5,5,60,3,1,1,5,4,5,13,2,1,3,3,4,2,11,1,44,2,9,7,1,7,7,1,3,2,1,,13,,1,21,121.4937313,25.1214623
113,5,10,18,39,2,09北投區,北投區大度路150巷與大度路口,0,0,3,2,B03,8,5,5,60,3,1,1,5,4,5,13,2,1,3,3,4,2,11,2,45,2,9,7,1,7,9,1,8,2,1,,44,,1,21,121.4937313,25.1214623
113,5,10,18,39,2,09北投區,北投區大度路150巷與大度路口,0,0,3,3,B03,8,5,5,60,3,1,1,5,4,5,13,2,1,3,3,4,2,11,1,36,2,9,7,1,7,9,1,8,2,8,,44,,1,21,121.4937313,25.1214623
113,5,10,18,39,2,09北投區,北投區大度路150巷與大度路口,0,0,3,4,,8,5,5,60,3,1,1,5,4,5,13,2,1,3,3,4,2,11,3,0,,,,,,,,,11,,,67,,,,121.4937313,25.1214623
113,5,10,19,33,2,02萬華區,萬華區環河南路1段與峨眉街口,0,0,1,1,B03,8,5,8,30,22,22,1,5,4,5,13,4,4,10,5,5,2,17,1,22,3,10,3,4,7,6,1,8,1,5,,9,,1,21,121.5015914,25.04480816
113,5,10,19,33,2,02萬華區,萬華區環河南路1段與峨眉街口,0,0,1,2,C03,8,5,8,30,22,22,1,5,4,5,13,4,4,10,5,5,2,17,1,51,2,9,3,4,7,9,1,10,1,14,,13,,1,21,121.5015914,25.04480816
113,5,10,19,47,2,07信義區,信義區虎林街164巷與虎林街164巷60弄口,0,0,2,2,C03,8,5,5,30,4,2,1,5,4,5,13,4,4,10,5,5,2,17,1,48,2,9,5,1,7,9,1,10,1,12,,14,,1,21,121.5744571,25.0378366
113,5,10,19,47,2,07信義區,信義區虎林街164巷與虎林街164巷60弄口,0,0,2,3,H02,8,5,5,30,4,2,1,5,4,5,13,4,4,10,5,5,2,17,2,47,2,8,5,5,7,17,8,20,10,16,,58,,1,21,121.5744571,25.0378366
113,5,10,19,47,2,07信義區,信義區虎林街164巷與虎林街164巷60弄口,0,0,2,1,B03,8,5,5,30,4,2,1,5,4,5,13,4,4,10,5,5,2,17,1,29,3,10,7,1,7,9,1,8,11,17,,44,,1,21,121.5744571,25.0378366
113,5,10,20,2,2,09北投區,北投區幽雅路與幽雅路5巷口,0,0,1,1,B12,7,5,5,30,4,2,1,5,4,5,13,4,4,10,5,5,2,17,1,48,3,10,7,1,7,5,1,8,2,4,,74,,1,21,121.5127947,25.1373977
113,5,10,20,2,2,09北投區,北投區幽雅路與幽雅路5巷口,0,0,1,2,C03,7,5,5,30,4,2,1,5,4,5,13,4,4,10,5,5,2,17,1,20,2,7,5,1,7,9,1,10,2,14,,108,,1,21,121.5127947,25.1373977
113,5,10,20,6,2,05中正區,中正區重慶南路2段與重慶南路2段6巷口口,0,0,2,3,H02,7,5,5,50,3,18,1,5,4,5,13,3,1,1,4,5,2,3,2,25,4,11,5,5,7,20,8,20,10,16,,67,,1,21,121.5128391,25.0343062
113,5,10,20,6,2,05中正區,中正區重慶南路2段與重慶南路2段6巷口口,0,0,2,1,C03,7,5,5,50,3,18,1,5,4,5,13,3,1,1,4,5,2,3,1,32,2,8,5,1,7,9,6,18,2,11,,14,,1,21,121.5128391,25.0343062
113,5,10,20,6,2,05中正區,中正區重慶南路2段與重慶南路2段6巷口口,0,0,2,2,H01,7,5,5,50,3,18,1,5,4,5,13,3,1,1,4,5,2,3,2,58,2,1,4,5,8,16,8,20,10,16,,53,,1,21,121.5128391,25.0343062
113,5,10,20,25,2,02萬華區,萬華區西園路2段與西園路2段140巷口,0,0,2,3,C03,8,5,5,50,4,2,1,5,4,5,13,2,1,1,5,5,2,9,1,112,3,10,3,4,7,13,7,19,10,15,,44,,1,22,121.4962359,25.0301305