發生年度,發生月,發生日,發生時-Hours,發生分,處理別-編號,區序,肇事地點,死亡人數,2-30日死亡人數,受傷人數,當事人序號,車種,天候,道路照明設備,道路類別,速限-速度限制,道路型態,事故位置,路面狀況1,路面狀況2,路面狀況3,道路障礙1,道路障礙2,號誌1,號誌2,車道劃分-分向,車道劃分-分道1,車道劃分-分道2,車道劃分-分道3,事故類型及型態,性別,年齡,受傷程度,主要傷處,保護裝置,行動電話,車輛用途,當事者行動狀態,駕駛資格情形,駕駛執照種類,飲酒情形,車輛撞擊部位1,車輛撞擊部位2,肇因碼-個別,肇因碼-主要,個人肇逃否,職業,座標-X,座標-Y
113,5,10,20,25,2,02萬華區,萬華區西園路2段與西園路2段140巷口,0,0,2,4,C03,8,5,5,50,4,2,1,5,4,5,13,2,1,1,5,5,2,9,1,50,3,10,3,4,7,21,7,19,11,15,,44,,1,22,121.4962359,25.0301305
113,5,10,20,25,2,02萬華區,萬華區西園路2段與西園路2段140巷口,0,0,2,5,C03,8,5,5,50,4,2,1,5,4,5,13,2,1,1,5,5,2,9,2,32,4,11,3,4,7,13,7,19,11,15,,44,,1,22,121.4962359,25.0301305
113,5,10,20,25,2,02萬華區,萬華區西園路2段與西園路2段140巷口,0,0,2,1,C03,8,5,5,50,4,2,1,5,4,5,13,2,1,1,5,5,2,9,2,50,2,9,5,1,7,9,1,11,1,11,,44,,1,21,121.4962359,25.0301305
113,5,10,20,25,2,02萬華區,萬華區西園路2段與西園路2段140巷口,0,0,2,2,H01,8,5,5,50,4,2,1,5,4,5,13,2,1,1,5,5,2,9,2,33,2,9,4,5,8,16,8,20,10,16,,122,,1,21,121.4962359,25.0301305
113,5,10,20,28,2,08士林區,士林區至善路2段41號對面,0,0,1,1,C03,8,5,5,50,14,9,1,5,4,5,13,4,4,1,4,5,1,13,1,54,2,9,6,1,7,9,1,10,2,11,,14,,1,22,121.5459198,25.0977633
113,5,10,20,28,2,08士林區,士林區至善路2段41號對面,0,0,1,2,B01,8,5,5,50,14,9,1,5,4,5,13,4,4,1,4,5,1,13,1,64,3,10,7,1,7,10,1,4,2,6,,100,,1,22,121.5459198,25.0977633
113,5,10,20,39,2,07信義區,信義區松德路200巷與松德路180巷口,0,0,1,1,B01,8,5,5,30,4,1,1,5,4,5,13,3,1,9,4,5,2,15,2,50,3,10,7,1,7,1,1,4,1,8,,44,,1,22,121.5734883,25.0346812
113,5,10,20,39,2,07信義區,信義區松德路200巷與松德路180巷口,0,0,1,2,F01,8,5,5,30,4,1,1,5,4,5,13,3,1,9,4,5,2,15,2,52,2,9,2,1,7,9,8,20,1,12,,72,,1,22,121.5734883,25.0346812
113,5,10,20,51,2,08士林區,士林區福港街與承德路4段口,0,0,2,1,B02,7,5,5,50,4,1,1,5,4,5,13,2,1,1,4,4,1,17,2,24,3,10,7,1,7,5,1,8,2,1,,71,,1,21,121.5184134,25.0899714
113,5,10,20,51,2,08士林區,士林區福港街與承德路4段口,0,0,2,2,C03,7,5,5,50,4,1,1,5,4,5,13,2,1,1,4,4,1,17,2,46,2,9,6,1,7,9,1,10,2,14,,44,,1,21,121.5184134,25.0899714
113,5,10,20,51,2,08士林區,士林區福港街與承德路4段口,0,0,2,3,H02,7,5,5,50,4,1,1,5,4,5,13,2,1,1,4,4,1,17,1,55,2,7,5,5,7,17,8,20,10,16,,67,,1,21,121.5184134,25.0899714
113,5,10,21,18,2,10文山區,文山區景後街149巷與景興路口口,0,0,1,1,B03,8,5,5,30,3,1,1,5,4,5,13,4,4,10,5,5,2,16,1,28,3,10,7,1,7,5,1,8,1,4,,72,,1,21,121.542787,24.98995254
113,5,10,21,18,2,10文山區,文山區景後街149巷與景興路口口,0,0,1,2,C03,8,5,5,30,3,1,1,5,4,5,13,4,4,10,5,5,2,16,1,19,2,9,6,1,7,9,1,10,1,11,,13,,1,21,121.542787,24.98995254
113,5,10,21,26,2,05中正區,中正區羅斯福路2段與羅斯福路2段2巷口,0,0,1,1,B03,8,5,5,30,4,1,1,5,4,5,8,4,4,1,4,5,2,15,1,28,3,10,7,4,7,9,1,8,2,8,,80,,1,21,121.5206174,25.0291253
113,5,10,21,26,2,05中正區,中正區羅斯福路2段與羅斯福路2段2巷口,0,0,1,2,F06,8,5,5,30,4,1,1,5,4,5,8,4,4,1,4,5,2,15,1,53,2,8,2,4,7,9,8,20,2,12,,42,,1,21,121.5206174,25.0291253
113,5,10,22,0,2,12內湖區,內湖區民權東路6段46巷與民權東路6段口,0,0,1,1,B03,8,5,5,50,4,1,1,5,4,5,13,2,1,1,4,5,2,16,2,26,3,10,7,1,7,5,1,8,2,2,,71,,1,21,121.5815931,25.06790808
113,5,10,22,0,2,12內湖區,內湖區民權東路6段46巷與民權東路6段口,0,0,1,2,C03,8,5,5,50,4,1,1,5,4,5,13,2,1,1,4,5,2,16,1,22,2,9,6,1,7,9,1,10,2,11,,13,,1,21,121.5815931,25.06790808
113,5,10,23,2,2,11南港區,南港區南港路2段140號,0,0,2,1,C03,7,5,5,50,14,7,1,5,4,5,13,4,4,5,4,4,2,16,1,30,2,9,6,1,7,5,1,10,2,13,,4,,1,21,121.6010061,25.0533889
113,5,10,23,2,2,11南港區,南港區南港路2段140號,0,0,2,2,C03,7,5,5,50,14,7,1,5,4,5,13,4,4,5,4,4,2,16,2,23,2,9,6,1,7,9,1,10,2,11,,27,,1,21,121.6010061,25.0533889
113,5,10,23,2,2,11南港區,南港區南港路2段140號,0,0,2,3,C03,7,5,5,50,14,7,1,5,4,5,13,4,4,5,4,4,2,16,1,52,3,10,2,1,7,13,3,18,9,13,,44,,1,21,121.6010061,25.0533889
113,5,10,23,17,2,05中正區,中正區中山南路與仁愛路1段口,0,0,2,1,C03,7,5,5,50,5,1,1,5,4,5,13,1,1,1,4,1,2,12,1,56,2,7,5,1,7,9,1,10,2,12,,16,,1,21,121.5180951,25.03899646
113,5,10,23,17,2,05中正區,中正區中山南路與仁愛路1段口,0,0,2,2,C03,7,5,5,50,5,1,1,5,4,5,13,1,1,1,4,1,2,12,1,19,2,8,5,1,7,3,1,10,2,13,,18,,1,21,121.5180951,25.03899646
113,5,11,0,57,2,06松山區,松山區八德路3段155巷與八德路3段155巷20弄口,0,0,1,1,C03,8,5,5,30,4,1,1,5,4,5,13,4,4,10,5,5,2,15,1,22,2,8,5,1,7,9,1,10,1,14,,80,,1,21,121.5550911,25.0492102
113,5,11,0,57,2,06松山區,松山區八德路3段155巷與八德路3段155巷20弄口,0,0,1,2,C03,8,5,5,30,4,1,1,5,4,5,13,4,4,10,5,5,2,15,1,23,3,10,5,1,7,9,1,10,1,11,,13,,1,21,121.5550911,25.0492102
113,5,11,1,47,2,04大安區,大安區大安路1段與大安路1段116巷口,0,0,1,1,B01,7,5,5,30,4,1,1,5,4,5,13,3,1,5,4,5,2,15,1,46,3,10,3,4,7,9,1,4,1,8,,80,,1,22,121.5456708,25.0398734
113,5,11,1,47,2,04大安區,大安區大安路1段與大安路1段116巷口,0,0,1,2,B01,7,5,5,30,4,1,1,5,4,5,13,3,1,5,4,5,2,15,1,46,3,10,3,4,7,9,1,4,1,2,,14,,1,22,121.5456708,25.0398734
113,5,11,1,47,2,04大安區,大安區大安路1段與大安路1段116巷口,0,0,1,3,H02,7,5,5,30,4,1,1,5,4,5,13,3,1,5,4,5,2,15,2,19,2,1,7,5,7,17,8,20,10,16,,67,,1,22,121.5456708,25.0398734
113,5,11,3,24,2,08士林區,士林區小西街與大南路口,0,0,2,1,C03,8,5,5,30,4,1,1,5,4,5,8,4,4,10,5,5,2,15,1,21,2,9,3,4,7,9,1,10,1,12,,80,,1,21,121.5233658,25.0897822
113,5,11,3,24,2,08士林區,士林區小西街與大南路口,0,0,2,2,C03,8,5,5,30,4,1,1,5,4,5,8,4,4,10,5,5,2,15,2,27,2,9,3,4,7,9,1,10,1,11,,14,,1,21,121.5233658,25.0897822
113,5,11,6,22,1,10文山區,文山區木柵路1段與木柵路1段378巷口,1,0,0,1,B03,8,5,5,50,4,4,1,5,4,5,13,2,1,5,4,5,1,13,1,33,3,10,7,1,7,9,1,8,2,1,,20,,1,21,121.5573996,24.9886259
113,5,11,6,22,1,10文山區,文山區木柵路1段與木柵路1段378巷口,1,0,0,2,C03,8,5,5,50,4,4,1,5,4,5,13,2,1,5,4,5,1,13,1,60,1,1,5,1,7,14,1,10,9,13,,44,,1,21,121.5573996,24.9886259
113,5,11,6,22,1,10文山區,文山區木柵路1段與木柵路1段378巷口,1,0,0,3,B03,8,5,5,50,4,4,1,5,4,5,13,2,1,5,4,5,1,13,1,63,3,10,7,1,7,14,1,8,2,1,,44,,1,21,121.5573996,24.9886259
113,5,11,6,51,2,03中山區,中山區民權東路2段86號,0,0,2,1,C03,7,7,5,50,14,9,1,5,4,5,13,1,1,1,3,5,1,13,1,65,2,1,5,1,7,9,1,10,1,11,,108,,1,21,121.5313737,25.06264532
113,5,11,6,51,2,03中山區,中山區民權東路2段86號,0,0,2,2,C03,7,7,5,50,14,9,1,5,4,5,13,1,1,1,3,5,1,13,1,56,2,7,6,1,7,9,1,10,1,13,,44,,1,21,121.5313737,25.06264532
113,5,11,8,2,2,05中正區,中正區師大路與汀州路3段口口,0,0,1,1,C03,8,6,5,50,4,1,1,5,4,5,13,1,1,1,4,5,1,17,2,45,2,7,6,1,7,9,1,10,2,14,,99,,1,21,121.5252435,25.02087774
113,5,11,8,2,2,05中正區,中正區師大路與汀州路3段口口,0,0,1,2,B03,8,6,5,50,4,1,1,5,4,5,13,1,1,1,4,5,1,17,1,29,3,10,7,1,7,6,1,6,2,8,,44,,1,21,121.5252435,25.02087774
113,5,11,8,22,2,10文山區,文山區木柵路1段331-3號前,0,0,1,1,C03,8,7,5,50,14,9,1,5,4,5,13,4,4,5,4,5,2,12,1,48,2,9,5,1,7,9,1,10,2,12,,108,,1,21,121.5567609,24.9885934
113,5,11,8,22,2,10文山區,文山區木柵路1段331-3號前,0,0,1,2,C03,8,7,5,50,14,9,1,5,4,5,13,4,4,5,4,5,2,12,1,22,3,10,5,1,7,15,1,10,9,12,,44,,1,21,121.5567609,24.9885934
113,5,11,8,22,2,10文山區,文山區木柵路1段331-3號前,0,0,1,3,C03,8,7,5,50,14,9,1,5,4,5,13,4,4,5,4,5,2,12,2,42,3,10,5,1,7,15,7,19,9,12,,44,,1,21,121.5567609,24.9885934
113,5,11,8,22,2,10文山區,文山區木柵路1段331-3號前,0,0,1,4,C03,8,7,5,50,14,9,1,5,4,5,13,4,4,5,4,5,2,12,1,68,3,10,5,1,7,15,1,10,9,12,,44,,1,21,121.5567609,24.9885934
113,5,11,8,22,2,10文山區,文山區木柵路1段331-3號前,0,0,1,5,C03,8,7,5,50,14,9,1,5,4,5,13,4,4,5,4,5,2,12,1,38,3,10,5,1,7,15,1,10,9,12,,44,,1,21,121.5567609,24.9885934
113,5,11,8,22,2,10文山區,文山區木柵路1段331-3號前,0,0,1,6,C03,8,7,5,50,14,9,1,5,4,5,13,4,4,5,4,5,2,12,1,50,3,10,5,1,7,15,1,10,9,12,,44,,1,21,121.5567609,24.9885934
113,5,11,8,22,2,10文山區,文山區木柵路1段331-3號前,0,0,1,7,C03,8,7,5,50,14,9,1,5,4,5,13,4,4,5,4,5,2,12,2,41,3,10,5,1,7,15,1,10,9,12,,44,,1,21,121.5567609,24.9885934
113,5,11,9,24,2,05中正區,中正區林森南路地下道,0,0,1,2,C03,8,5,5,50,14,9,1,5,4,5,13,4,4,10,2,5,2,12,2,40,2,9,5,1,7,9,1,9,2,14,,17,,1,21,121.5186475,25.0333989
113,5,11,9,24,2,05中正區,中正區林森南路地下道,0,0,1,1,B13,8,5,5,50,14,9,1,5,4,5,13,4,4,10,2,5,2,12,1,66,3,10,3,4,7,9,1,8,9,2,,44,,2,21,121.5186475,25.0333989
113,5,11,9,40,2,11南港區,南港區同德路87號,0,0,1,1,B01,8,6,5,50,14,9,1,5,4,5,13,4,4,5,5,5,2,17,1,57,3,10,3,4,7,13,1,4,1,7,,40,,1,22,121.5861528,25.0461288
113,5,11,9,40,2,11南港區,南港區同德路87號,0,0,1,2,C03,8,6,5,50,14,9,1,5,4,5,13,4,4,5,5,5,2,17,1,51,2,1,2,1,7,9,1,10,1,12,,44,,1,22,121.5861528,25.0461288
113,5,11,9,47,2,01大同區,大同區承德路3段與敦煌路口,0,0,2,1,C03,8,6,5,50,4,1,1,5,4,5,13,1,1,1,4,5,2,17,1,45,2,8,6,1,7,6,1,10,1,12,,9,,1,21,121.5202455,25.0750758
113,5,11,9,47,2,01大同區,大同區承德路3段與敦煌路口,0,0,2,2,C03,8,6,5,50,4,1,1,5,4,5,13,1,1,1,4,5,2,17,1,28,2,9,6,1,7,9,1,10,1,11,,44,,1,21,121.5202455,25.0750758
113,5,11,10,3,2,10文山區,文山區仙岩路79號,0,0,2,1,H01,8,6,5,50,14,9,1,5,4,5,13,4,4,9,5,5,2,3,2,83,2,9,4,5,8,16,8,20,10,16,,123,,1,21,121.5506671,25.00036932
113,5,11,10,3,2,10文山區,文山區仙岩路79號,0,0,2,2,C03,8,6,5,50,14,9,1,5,4,5,13,4,4,9,5,5,2,3,1,42,2,9,6,1,7,9,1,10,2,11,,108,,1,21,121.5506671,25.00036932
113,5,11,10,3,2,10文山區,文山區仙岩路79號,0,0,2,3,B03,8,6,5,50,14,9,1,5,4,5,13,4,4,9,5,5,2,3,1,56,3,10,7,4,7,13,1,8,11,7,,44,,1,21,121.5506671,25.00036932
113,5,11,10,30,2,04大安區,大安區辛亥路3段與芳蘭路口,0,0,3,1,C03,8,7,5,50,4,1,1,5,4,5,13,2,1,1,4,1,1,17,1,58,2,8,6,1,7,9,6,18,1,12,,108,,1,21,121.5491693,25.0171403
113,5,11,10,30,2,04大安區,大安區辛亥路3段與芳蘭路口,0,0,3,2,C03,8,7,5,50,4,1,1,5,4,5,13,2,1,1,4,1,1,17,2,21,2,7,6,1,7,9,1,10,1,11,,44,,1,21,121.5491693,25.0171403
113,5,11,10,30,2,04大安區,大安區辛亥路3段與芳蘭路口,0,0,3,3,H02,8,7,5,50,4,1,1,5,4,5,13,2,1,1,4,1,1,17,2,59,2,1,6,5,7,20,8,20,10,16,,67,,1,21,121.5491693,25.0171403
113,5,11,10,43,2,04大安區,大安區和平東路1段與溫州街口,0,0,3,1,C03,8,6,5,50,3,2,1,5,4,5,13,2,1,1,4,5,2,17,1,18,2,9,5,1,7,9,1,10,1,11,,16,,1,21,121.5334242,25.0261205
113,5,11,10,43,2,04大安區,大安區和平東路1段與溫州街口,0,0,3,2,F02,8,6,5,50,3,2,1,5,4,5,13,2,1,1,4,5,2,17,2,69,2,9,4,1,7,9,8,20,1,13,,5,,1,21,121.5334242,25.0261205
113,5,11,10,43,2,04大安區,大安區和平東路1段與溫州街口,0,0,3,3,C03,8,6,5,50,3,2,1,5,4,5,13,2,1,1,4,5,2,17,1,56,2,9,5,1,7,9,1,10,1,15,,44,,1,21,121.5334242,25.0261205
113,5,11,10,53,2,10文山區,文山區木柵路4段24-1號,0,0,1,1,B01,8,6,5,50,14,9,1,5,4,5,13,4,4,5,4,5,2,17,1,48,3,10,3,4,7,6,1,4,1,2,,9,,1,22,121.5730123,24.9967193
113,5,11,10,53,2,10文山區,文山區木柵路4段24-1號,0,0,1,2,C03,8,6,5,50,14,9,1,5,4,5,13,4,4,5,4,5,2,17,1,24,2,7,3,4,7,9,1,10,1,14,,107,,1,22,121.5730123,24.9967193
113,5,11,11,3,2,03中山區,中山區長安西路2號與中山北路1段口,0,0,2,1,C03,8,6,5,50,5,2,1,5,4,5,13,2,1,8,3,5,1,12,1,77,2,9,6,1,7,9,6,18,1,11,,16,,1,21,121.5213705,25.0498867
113,5,11,11,3,2,03中山區,中山區長安西路2號與中山北路1段口,0,0,2,2,C03,8,6,5,50,5,2,1,5,4,5,13,2,1,8,3,5,1,12,1,60,2,7,6,1,7,9,1,10,1,13,,44,,1,21,121.5213705,25.0498867
113,5,11,11,11,2,09北投區,北投區中央南路2段與承德路7段口,0,0,1,1,B03,8,7,5,50,5,1,1,5,4,5,13,1,1,1,4,5,1,17,1,51,3,10,7,1,7,15,1,8,1,6,,42,,1,21,121.5001849,25.1211445
113,5,11,11,11,2,09北投區,北投區中央南路2段與承德路7段口,0,0,1,2,C03,8,7,5,50,5,1,1,5,4,5,13,1,1,1,4,5,1,17,2,25,2,8,6,1,7,15,1,10,1,11,,108,,1,21,121.5001849,25.1211445
113,5,11,11,34,2,12內湖區,內湖區成功路4段與成功路4段324巷口,0,0,1,1,B03,7,6,5,50,4,1,1,5,4,5,13,1,1,1,4,5,2,12,1,38,3,10,7,1,7,9,1,8,1,5,,108,,1,21,121.5988743,25.0846668
113,5,11,11,34,2,12內湖區,內湖區成功路4段與成功路4段324巷口,0,0,1,2,C03,7,6,5,50,4,1,1,5,4,5,13,1,1,1,4,5,2,12,1,50,2,9,5,1,7,7,1,10,1,14,,100,,1,21,121.5988743,25.0846668
113,5,11,11,37,2,07信義區,信義區松壽路2號,0,0,1,1,B03,8,7,5,50,14,9,1,5,4,5,13,4,4,9,4,5,2,16,1,69,3,10,3,4,7,6,1,8,2,2,,9,,1,21,121.5631212,25.0358299
113,5,11,11,37,2,07信義區,信義區松壽路2號,0,0,1,2,C03,8,7,5,50,14,9,1,5,4,5,13,4,4,9,4,5,2,16,1,32,2,6,5,1,7,9,1,10,2,11,,44,,1,21,121.5631212,25.0358299
113,5,11,11,57,2,12內湖區,內湖區成功路2段325號前,0,0,1,1,B03,8,6,5,50,4,2,1,5,4,5,13,2,1,1,4,5,2,17,1,23,3,10,7,1,7,6,1,8,1,5,,9,,1,21,121.5898391,25.07173757
113,5,11,11,57,2,12內湖區,內湖區成功路2段325號前,0,0,1,2,C03,8,6,5,50,4,2,1,5,4,5,13,2,1,1,4,5,2,17,1,50,2,9,5,1,7,9,1,9,1,14,,44,,1,21,121.5898391,25.07173757
113,5,11,12,4,2,04大安區,大安區和平東路1段與和平東路1段104巷口,0,0,4,1,C03,8,7,5,40,14,9,1,5,4,5,13,4,4,1,4,4,2,13,1,28,2,9,3,4,7,9,1,10,1,11,,44,,1,21,121.5249285,25.0267636
113,5,11,12,4,2,04大安區,大安區和平東路1段與和平東路1段104巷口,0,0,4,2,C04,8,7,5,40,14,9,1,5,4,5,13,4,4,1,4,4,2,13,1,28,2,8,3,4,7,6,1,10,1,13,,9,,1,21,121.5249285,25.0267636
113,5,11,12,4,2,04大安區,大安區和平東路1段與和平東路1段104巷口,0,0,4,3,C03,8,7,5,40,14,9,1,5,4,5,13,4,4,1,4,4,2,13,2,41,2,8,3,4,7,9,1,10,1,11,,44,,1,21,121.5249285,25.0267636
113,5,11,12,4,2,04大安區,大安區和平東路1段與和平東路1段104巷口,0,0,4,4,H02,8,7,5,40,14,9,1,5,4,5,13,4,4,1,4,4,2,13,1,24,2,8,3,5,7,20,8,20,10,16,,67,,1,21,121.5249285,25.0267636
113,5,11,12,10,2,10文山區,文山區木柵路4段與木柵路4段9巷口,0,0,1,1,C03,8,7,5,50,3,2,1,5,4,5,13,2,1,5,4,5,2,13,1,78,2,3,5,1,7,9,3,18,1,11,,108,,1,21,121.5713305,24.992507
113,5,11,12,10,2,10文山區,文山區木柵路4段與木柵路4段9巷口,0,0,1,2,B03,8,7,5,50,3,2,1,5,4,5,13,2,1,5,4,5,2,13,2,45,3,10,7,1,7,9,1,8,1,7,,108,,1,21,121.5713305,24.992507
113,5,11,12,13,2,02萬華區,萬華區開封街2段與昆明街口,0,0,1,1,B03,7,5,5,50,4,1,1,5,4,5,13,2,1,8,3,5,1,16,2,22,3,10,3,4,7,6,1,8,1,2,,71,,1,22,121.5059524,25.0468566
113,5,11,12,13,2,02萬華區,萬華區開封街2段與昆明街口,0,0,1,2,C03,7,5,5,50,4,1,1,5,4,5,13,2,1,8,3,5,1,16,1,72,2,9,3,4,7,9,1,10,1,14,,44,,1,22,121.5059524,25.0468566
113,5,11,12,13,2,05中正區,中正區忠孝東路1段43號,0,0,3,1,B03,8,6,5,50,14,9,1,5,4,3,13,4,4,1,4,5,2,17,1,71,3,10,3,4,7,14,1,8,11,17,,38,,1,22,121.5258404,25.04429997
113,5,11,12,13,2,05中正區,中正區忠孝東路1段43號,0,0,3,3,C03,8,6,5,50,14,9,1,5,4,3,13,4,4,1,4,5,2,17,1,32,2,8,6,4,7,12,1,10,2,13,12,44,,1,22,121.5258404,25.04429997
113,5,11,12,13,2,05中正區,中正區忠孝東路1段43號,0,0,3,2,B03,8,6,5,50,14,9,1,5,4,3,13,4,4,1,4,5,2,17,1,39,3,10,7,4,7,7,1,8,2,8,,100,,1,22,121.5258404,25.04429997
113,5,11,12,13,2,05中正區,中正區忠孝東路1段43號,0,0,3,4,C03,8,6,5,50,14,9,1,5,4,3,13,4,4,1,4,5,2,17,2,23,2,9,6,4,7,12,1,10,2,11,,16,,1,22,121.5258404,25.04429997
113,5,11,12,13,2,05中正區,中正區忠孝東路1段43號,0,0,3,5,H02,8,6,5,50,14,9,1,5,4,3,13,4,4,1,4,5,2,17,2,24,2,9,6,5,7,20,8,20,10,16,,67,,1,22,121.5258404,25.04429997
113,5,11,13,22,2,09北投區,北投區紗帽路第1206510號燈桿,0,0,1,1,B03,8,6,5,40,14,9,1,5,4,5,13,4,4,4,5,5,1,17,1,40,3,10,7,1,7,1,1,8,2,17,,19,,1,21,121.5458743,25.142938
113,5,11,13,22,2,09北投區,北投區紗帽路第1206510號燈桿,0,0,1,2,F01,8,6,5,40,14,9,1,5,4,5,13,4,4,4,5,5,1,17,2,34,2,9,4,1,7,9,8,20,2,15,,44,,1,21,121.5458743,25.142938
113,5,11,13,28,2,03中山區,中山區新生北路3段與德惠街口,0,0,1,1,C03,7,7,5,50,4,1,1,5,4,5,13,1,1,1,3,5,1,16,1,43,2,7,5,1,7,7,1,10,1,14,,100,,1,21,121.5275412,25.06684211
113,5,11,13,28,2,03中山區,中山區新生北路3段與德惠街口,0,0,1,2,B02,7,7,5,50,4,1,1,5,4,5,13,1,1,1,3,5,1,16,1,52,3,10,7,1,7,9,1,10,1,2,,108,,1,21,121.5275412,25.06684211
113,5,11,13,36,2,04大安區,大安區基隆路3段與長興街口,0,0,2,1,B03,8,7,5,50,4,1,1,5,4,5,13,2,1,1,4,5,2,17,2,64,3,10,3,4,7,6,1,8,1,5,,98,,1,21,121.5443925,25.0171266
113,5,11,13,36,2,04大安區,大安區基隆路3段與長興街口,0,0,2,2,C03,8,7,5,50,4,1,1,5,4,5,13,2,1,1,4,5,2,17,1,18,2,8,3,4,7,9,1,10,1,14,,44,,1,21,121.5443925,25.0171266
113,5,11,13,36,2,04大安區,大安區基隆路3段與長興街口,0,0,2,3,H02,8,7,5,50,4,1,1,5,4,5,13,2,1,1,4,5,2,17,2,18,2,8,3,5,7,21,8,20,10,16,,67,,1,21,121.5443925,25.0171266
113,5,11,13,50,2,06松山區,松山區新東街41-8號,0,0,1,1,C03,8,5,5,50,14,9,1,5,4,5,13,4,4,9,4,5,2,13,2,48,2,8,5,1,7,9,3,18,1,11,,16,,1,21,121.5655971,25.06049628
113,5,11,13,50,2,06松山區,松山區新東街41-8號,0,0,1,2,B03,8,5,5,50,14,9,1,5,4,5,13,4,4,9,4,5,2,13,1,32,3,10,7,1,7,11,1,8,1,7,,44,,1,21,121.5655971,25.06049628
113,5,11,13,53,2,05中正區,中正區羅斯福路3段與新生南路3段口,0,0,1,1,B03,7,6,5,50,4,1,1,5,4,5,13,1,1,3,4,5,2,16,1,70,3,10,7,1,7,7,1,8,2,5,,42,,1,21,121.5327966,25.0160888
113,5,11,13,53,2,05中正區,中正區羅斯福路3段與新生南路3段口,0,0,1,2,C03,7,6,5,50,4,1,1,5,4,5,13,1,1,3,4,5,2,16,2,32,2,8,5,1,7,9,1,10,2,14,,44,,1,21,121.5327966,25.0160888
113,5,11,14,5,2,11南港區,南港區市民大道8段與研究院路1段口,0,0,1,1,B03,8,6,5,50,5,1,1,5,4,5,13,2,1,1,4,5,2,16,1,50,3,10,7,1,7,6,1,8,1,6,,9,,1,22,121.6164355,25.0542757
113,5,11,14,5,2,11南港區,南港區市民大道8段與研究院路1段口,0,0,1,2,C03,8,6,5,50,5,1,1,5,4,5,13,2,1,1,4,5,2,16,1,18,2,9,6,1,7,9,1,10,1,11,,44,,1,21,121.6164355,25.0542757
113,5,11,14,12,2,07信義區,信義區忠孝東路5段17號,0,0,1,1,B13,7,5,5,50,14,9,1,5,4,5,13,4,4,1,4,5,1,13,1,25,3,10,7,1,7,9,1,8,1,1,,42,,1,21,121.5654284,25.0412123
113,5,11,14,12,2,07信義區,信義區忠孝東路5段17號,0,0,1,2,C03,7,5,5,50,14,9,1,5,4,5,13,4,4,1,4,5,1,13,1,32,2,8,6,1,7,9,1,10,1,13,,44,,1,21,121.5654284,25.0412123
113,5,11,14,19,2,05中正區,中正區徐州路36號,0,0,1,1,B02,8,7,5,50,14,8,1,5,4,5,13,4,4,5,5,4,2,2,1,69,3,10,7,1,7,9,1,8,2,5,,22,,1,21,121.523651,25.0406361
113,5,11,14,19,2,05中正區,中正區徐州路36號,0,0,1,2,H01,8,7,5,50,14,8,1,5,4,5,13,4,4,5,5,4,2,2,2,88,2,9,4,5,8,16,8,20,10,16,,67,,1,21,121.523651,25.0406361
113,5,11,14,19,2,05中正區,中正區徐州路36號,0,0,1,3,B03,8,7,5,50,14,8,1,5,4,5,13,4,4,5,5,4,2,2,3,54,,,,,,,,,,,,67,,1,,121.523651,25.0406361
113,5,11,14,19,2,05中正區,中正區徐州路36號,0,0,1,4,C03,8,7,5,50,14,8,1,5,4,5,13,4,4,5,5,4,2,2,3,35,,,,,,,,,,,,67,,1,,121.523651,25.0406361
113,5,11,14,19,2,05中正區,中正區徐州路36號,0,0,1,5,B03,8,7,5,50,14,8,1,5,4,5,13,4,4,5,5,4,2,2,3,29,,,,,,,,,,,,67,,1,,121.523651,25.0406361
113,5,11,14,24,2,01大同區,大同區大龍街與大龍街91巷口,0,0,2,1,C03,8,6,5,50,4,1,1,5,4,5,13,2,1,5,4,5,2,17,1,45,2,8,5,4,7,10,1,10,1,13,,95,,1,21,121.515382,25.0671157
113,5,11,14,24,2,01大同區,大同區大龍街與大龍街91巷口,0,0,2,2,B03,8,6,5,50,4,1,1,5,4,5,13,2,1,5,4,5,2,17,1,24,3,10,7,4,7,9,1,8,1,8,,44,,1,21,121.515382,25.0671157
113,5,11,14,24,2,01大同區,大同區大龍街與大龍街91巷口,0,0,2,3,C03,8,6,5,50,4,1,1,5,4,5,13,2,1,5,4,5,2,17,2,54,2,8,5,4,7,5,1,10,1,12,,44,,1,21,121.515382,25.0671157
113,5,11,14,28,2,12內湖區,內湖區康寧路3段與潭美街口,0,0,2,1,C03,8,6,5,30,14,9,1,5,4,5,13,4,4,10,5,5,2,17,1,30,2,9,5,1,7,9,1,10,1,12,,118,,1,21,121.6110971,25.06384957
113,5,11,14,28,2,12內湖區,內湖區康寧路3段與潭美街口,0,0,2,2,C03,8,6,5,30,14,9,1,5,4,5,13,4,4,10,5,5,2,17,1,21,2,9,5,1,7,9,1,10,1,14,,118,,1,21,121.6110971,25.06384957
113,5,11,15,19,2,02萬華區,萬華區寶興街與長泰街口,0,0,2,1,C03,8,6,5,50,4,1,1,5,4,5,13,2,1,9,5,5,2,16,1,38,2,9,6,1,7,6,1,10,1,11,,80,,1,22,121.4959778,25.0218701
113,5,11,15,19,2,02萬華區,萬華區寶興街與長泰街口,0,0,2,2,C03,8,6,5,50,4,1,1,5,4,5,13,2,1,9,5,5,2,16,1,56,2,9,5,1,7,9,1,10,1,11,,44,,1,22,121.4959778,25.0218701