發生年度,發生月,發生日,發生時-Hours,發生分,處理別-編號,區序,肇事地點,死亡人數,2-30日死亡人數,受傷人數,當事人序號,車種,天候,道路照明設備,道路類別,速限-速度限制,道路型態,事故位置,路面狀況1,路面狀況2,路面狀況3,道路障礙1,道路障礙2,號誌1,號誌2,車道劃分-分向,車道劃分-分道1,車道劃分-分道2,車道劃分-分道3,事故類型及型態,性別,年齡,受傷程度,主要傷處,保護裝置,行動電話,車輛用途,當事者行動狀態,駕駛資格情形,駕駛執照種類,飲酒情形,車輛撞擊部位1,車輛撞擊部位2,肇因碼-個別,肇因碼-主要,個人肇逃否,職業,座標-X,座標-Y
113,5,11,15,38,2,10文山區,文山區和平東路4段與萬寧街口口,0,0,1,2,C03,8,6,5,50,5,1,1,5,4,5,13,2,1,5,5,5,1,16,2,26,2,9,5,1,7,9,1,10,2,14,,44,,1,21,121.5675815,25.0052059
113,5,11,15,38,2,10文山區,文山區和平東路4段與萬寧街口口,0,0,1,1,B03,8,6,5,50,5,1,1,5,4,5,13,2,1,5,5,5,1,16,1,51,3,10,7,1,7,6,1,8,2,2,,71,,1,23,121.5675815,25.0052059
113,5,11,15,53,2,03中山區,中山區大佳河濱公園與大佳河濱公園口停車場入口,0,0,1,1,B03,8,5,5,30,3,1,1,5,4,5,13,4,4,5,5,5,2,15,1,62,3,10,7,1,7,15,1,8,1,5,,8,,1,21,121.5424515,25.07377312
113,5,11,15,53,2,03中山區,中山區大佳河濱公園與大佳河濱公園口停車場入口,0,0,1,2,B03,8,5,5,30,3,1,1,5,4,5,13,4,4,5,5,5,2,15,1,38,3,10,7,1,7,9,1,8,1,7,,44,,1,21,121.5424515,25.07377312
113,5,11,15,53,2,03中山區,中山區大佳河濱公園與大佳河濱公園口停車場入口,0,0,1,3,H02,8,5,5,30,3,1,1,5,4,5,13,4,4,5,5,5,2,15,2,36,2,1,7,5,7,21,8,20,10,17,,67,,1,21,121.5424515,25.07377312
113,5,11,15,59,2,02萬華區,萬華區中興橋機車道往台北市下橋處,0,0,2,1,C03,8,6,5,30,8,11,1,5,4,5,13,4,4,10,5,5,2,17,1,56,2,9,3,4,7,9,1,10,1,12,,44,,1,22,121.5008788,25.0431011
113,5,11,15,59,2,02萬華區,萬華區中興橋機車道往台北市下橋處,0,0,2,2,C03,8,6,5,30,8,11,1,5,4,5,13,4,4,10,5,5,2,17,2,21,3,10,3,4,7,13,3,18,1,15,,42,,1,22,121.5008788,25.0431011
113,5,11,15,59,2,02萬華區,萬華區中興橋機車道往台北市下橋處,0,0,2,3,H02,8,6,5,30,8,11,1,5,4,5,13,4,4,10,5,5,2,17,2,55,2,9,3,5,7,20,8,20,10,16,,67,,1,22,121.5008788,25.0431011
113,5,11,16,27,2,08士林區,士林區基河路與基河路251巷口,0,0,2,1,C03,8,7,5,30,4,1,1,5,4,5,13,1,1,10,5,5,2,17,2,43,2,9,3,4,7,6,1,10,1,13,,9,,1,21,121.5215142,25.0913579
113,5,11,16,27,2,08士林區,士林區基河路與基河路251巷口,0,0,2,2,C03,8,7,5,30,4,1,1,5,4,5,13,1,1,10,5,5,2,17,1,25,2,9,3,4,7,9,1,10,1,11,,108,,1,21,121.5215142,25.0913579
113,5,11,16,48,2,05中正區,中正區中華路2段307巷與中華路2段315巷5弄口,0,0,1,1,C03,8,7,5,30,4,1,1,5,4,3,10,4,4,5,5,5,2,15,2,59,2,7,6,1,7,9,1,10,1,12,,14,,1,22,121.5059001,25.0292288
113,5,11,16,48,2,05中正區,中正區中華路2段307巷與中華路2段315巷5弄口,0,0,1,2,C03,8,7,5,30,4,1,1,5,4,3,10,4,4,5,5,5,2,15,1,69,3,10,6,1,7,9,1,10,1,11,,44,,1,22,121.5059001,25.0292288
113,5,11,16,48,2,05中正區,中正區中華路2段307巷與中華路2段315巷5弄口,0,0,1,3,H02,8,7,5,30,4,1,1,5,4,3,10,4,4,5,5,5,2,15,1,31,4,11,5,5,7,20,8,20,10,16,,67,,1,22,121.5059001,25.0292288
113,5,11,16,48,2,05中正區,中正區中華路2段307巷與中華路2段315巷5弄口,0,0,1,4,B03,8,7,5,30,4,1,1,5,4,3,10,4,4,5,5,5,2,15,4,0,,,,,,,,,,,,119,,2,,121.5059001,25.0292288
113,5,11,17,0,2,08士林區,士林區中山北路6段與中山北路6段450巷口,0,0,1,1,B03,8,6,5,50,4,2,1,5,4,5,13,1,1,1,4,5,2,17,1,43,3,10,3,4,7,9,1,8,11,2,,44,,2,22,121.5273703,25.114357
113,5,11,17,0,2,08士林區,士林區中山北路6段與中山北路6段450巷口,0,0,1,2,C03,8,6,5,50,4,2,1,5,4,5,13,1,1,1,4,5,2,17,1,25,3,10,6,1,7,15,1,10,9,14,,100,,1,22,121.5273703,25.114357
113,5,11,17,0,2,08士林區,士林區中山北路6段與中山北路6段450巷口,0,0,1,3,H02,8,6,5,50,4,2,1,5,4,5,13,1,1,1,4,5,2,17,2,27,2,8,6,5,7,17,8,20,10,16,,67,,1,22,121.5273703,25.114357
113,5,11,17,2,2,05中正區,中正區貴陽街1段與懷寧街口,0,0,1,1,C03,8,5,5,50,3,2,1,5,4,5,13,4,4,5,4,5,2,13,1,21,2,9,5,1,7,9,1,10,1,11,,16,,1,21,121.5134869,25.0386919
113,5,11,17,2,2,05中正區,中正區貴陽街1段與懷寧街口,0,0,1,2,B03,8,5,5,50,3,2,1,5,4,5,13,4,4,5,4,5,2,13,1,55,3,10,7,1,7,9,1,8,1,6,,44,,1,21,121.5134869,25.0386919
113,5,11,18,0,2,05中正區,中正區館前路與許昌街口,0,0,1,1,B03,7,6,5,50,14,9,1,5,4,5,13,1,1,10,4,5,2,17,1,25,3,10,7,1,7,9,1,8,2,17,,81,,1,22,121.5150289,25.0456027
113,5,11,18,0,2,05中正區,中正區館前路與許昌街口,0,0,1,2,C03,7,6,5,50,14,9,1,5,4,5,13,1,1,10,4,5,2,17,1,33,2,9,6,1,7,6,1,10,2,17,,44,,1,22,121.5150289,25.0456027
113,5,11,18,13,2,03中山區,中山區長安東路2段212號,0,0,1,1,C03,7,6,5,50,14,9,1,5,4,5,13,2,1,9,4,5,2,16,2,68,2,8,6,1,7,5,1,10,1,11,,80,,1,22,121.5421947,25.0482487
113,5,11,18,13,2,03中山區,中山區長安東路2段212號,0,0,1,2,B03,7,6,5,50,14,9,1,5,4,5,13,2,1,9,4,5,2,16,1,35,3,10,7,1,7,9,1,8,1,4,,17,,1,22,121.5421947,25.0482487
113,5,11,18,13,2,03中山區,中山區長安東路2段212號,0,0,1,3,C03,7,6,5,50,14,9,1,5,4,5,13,2,1,9,4,5,2,16,3,0,,,,,,,,,,,,67,,1,,121.5421947,25.0482487
113,5,11,18,34,2,02萬華區,萬華區西園路2段246號,0,0,2,1,B03,8,5,8,50,22,22,1,5,4,5,13,4,4,10,5,5,2,17,1,60,3,10,3,4,7,1,1,8,1,17,,19,,1,22,121.4949853,25.02805752
113,5,11,18,34,2,02萬華區,萬華區西園路2段246號,0,0,2,2,B03,8,5,8,50,22,22,1,5,4,5,13,4,4,10,5,5,2,17,1,48,3,10,3,4,7,15,1,8,1,4,,101,,1,22,121.4949853,25.02805752
113,5,11,18,34,2,02萬華區,萬華區西園路2段246號,0,0,2,3,C03,8,5,8,50,22,22,1,5,4,5,13,4,4,10,5,5,2,17,1,35,2,9,3,4,7,15,1,10,1,12,,44,,1,22,121.4949853,25.02805752
113,5,11,18,34,2,02萬華區,萬華區西園路2段246號,0,0,2,4,H02,8,5,8,50,22,22,1,5,4,5,13,4,4,10,5,5,2,17,2,35,2,8,3,5,7,20,8,20,10,16,,67,,1,22,121.4949853,25.02805752
113,5,11,18,40,2,08士林區,士林區德行東路與德行東路46巷口,0,0,1,1,C04,8,5,5,50,14,9,1,5,4,5,13,4,4,9,4,5,1,16,2,58,2,9,5,1,7,5,1,10,1,14,,42,,1,21,121.5262449,25.1069498
113,5,11,18,40,2,08士林區,士林區德行東路與德行東路46巷口,0,0,1,2,B01,8,5,5,50,14,9,1,5,4,5,13,4,4,9,4,5,1,16,1,31,3,10,7,1,7,9,1,8,1,1,,44,,1,21,121.5262449,25.1069498
113,5,11,18,46,2,05中正區,中正區汀州路3段與汀州路3段104巷口,0,0,1,1,B03,8,5,5,30,3,1,1,5,4,3,10,4,4,10,5,5,2,17,1,34,3,10,7,1,7,1,1,8,1,1,,19,,1,22,121.5330491,25.0144076
113,5,11,18,46,2,05中正區,中正區汀州路3段與汀州路3段104巷口,0,0,1,2,C03,8,5,5,30,3,1,1,5,4,3,10,4,4,10,5,5,2,17,2,52,2,8,5,1,7,9,1,10,1,12,,44,,1,22,121.5330491,25.0144076
113,5,11,18,46,2,05中正區,中正區汀州路3段與汀州路3段104巷口,0,0,1,3,B03,8,5,5,30,3,1,1,5,4,3,10,4,4,10,5,5,2,17,1,55,3,10,7,1,7,13,1,8,9,17,,38,,1,22,121.5330491,25.0144076
113,5,11,18,55,2,02萬華區,萬華區中華路2段與大埔街口,0,0,1,1,B03,8,5,5,50,4,1,1,5,4,5,13,2,1,8,3,5,1,16,1,31,3,10,3,4,7,5,1,8,1,1,,71,,1,22,121.5046933,25.0323449
113,5,11,18,55,2,02萬華區,萬華區中華路2段與大埔街口,0,0,1,2,C03,8,5,5,50,4,1,1,5,4,5,13,2,1,8,3,5,1,16,1,44,2,8,3,4,7,9,1,10,1,11,,44,,1,22,121.5046933,25.0323449
113,5,11,19,15,2,01大同區,大同區西寧北路與長安西路口,0,0,1,1,B03,7,5,5,50,4,1,1,5,4,5,13,2,1,4,4,5,2,13,1,56,3,10,3,4,7,9,1,8,1,1,,108,,1,21,121.5085874,25.0519267
113,5,11,19,15,2,01大同區,大同區西寧北路與長安西路口,0,0,1,2,C03,7,5,5,50,4,1,1,5,4,5,13,2,1,4,4,5,2,13,2,40,2,9,3,4,7,15,1,10,1,13,,99,,1,21,121.5085874,25.0519267
113,5,11,19,19,2,12內湖區,內湖區成功路2段169號,0,0,1,1,C03,8,5,5,50,14,9,1,5,4,5,13,1,1,1,5,5,2,17,2,23,2,9,6,1,7,7,1,10,2,14,,100,,1,21,121.590706,25.0661301
113,5,11,19,19,2,12內湖區,內湖區成功路2段169號,0,0,1,2,B03,8,5,5,50,14,9,1,5,4,5,13,1,1,1,5,5,2,17,1,45,3,10,7,1,7,9,1,8,2,15,,44,,1,21,121.590706,25.0661301
113,5,11,19,43,2,08士林區,士林區延平北路7段145巷與延平北路7段口,0,0,1,1,B03,7,5,5,40,4,2,1,5,4,5,13,1,1,9,4,5,1,16,1,53,3,10,3,4,7,5,1,8,2,5,,71,,1,21,121.4933071,25.0981718
113,5,11,19,43,2,08士林區,士林區延平北路7段145巷與延平北路7段口,0,0,1,2,C03,7,5,5,40,4,2,1,5,4,5,13,1,1,9,4,5,1,16,1,34,2,9,3,4,7,9,1,10,2,11,,44,,1,21,121.4933071,25.0981718
113,5,11,20,0,2,03中山區,中山區民權東路3段8-1號,0,0,1,1,C03,8,5,5,50,14,9,1,5,4,5,13,4,4,3,4,5,2,12,2,34,2,9,6,1,7,9,1,10,6,12,,107,,1,22,121.5399158,25.0622335
113,5,11,20,0,2,03中山區,中山區民權東路3段8-1號,0,0,1,2,B03,8,5,5,50,14,9,1,5,4,5,13,4,4,3,4,5,2,12,1,25,3,10,7,1,7,13,1,8,2,7,,38,,1,22,121.5399158,25.0622335
113,5,11,22,25,2,08士林區,士林區中山北路6段405巷與中山北路6段口,0,0,1,1,C03,8,5,5,50,4,1,1,5,4,5,13,1,1,10,1,5,1,16,2,43,2,8,5,1,7,5,1,10,1,14,,8,,1,21,121.5277706,25.1150705
113,5,11,22,25,2,08士林區,士林區中山北路6段405巷與中山北路6段口,0,0,1,2,B03,8,5,5,50,4,1,1,5,4,5,13,1,1,10,1,5,1,16,1,61,3,10,7,1,7,9,1,8,1,5,,99,,1,21,121.5277706,25.1150705
113,5,11,22,57,2,01大同區,大同區民權西路與蘭州街口,0,0,1,1,A12,8,5,5,50,4,2,1,5,4,5,13,2,1,1,4,5,2,13,1,26,4,11,3,4,7,21,1,7,11,3,,44,,1,22,121.5149602,25.0630692
113,5,11,22,57,2,01大同區,大同區民權西路與蘭州街口,0,0,1,2,C03,8,5,5,50,4,2,1,5,4,5,13,2,1,1,4,5,2,13,2,22,2,8,3,4,7,9,1,10,2,11,,16,,1,21,121.5149602,25.0630692
113,5,11,23,4,2,01大同區,大同區延平北路4段與重慶北路3段312巷口,0,0,1,1,C03,8,5,5,50,4,1,1,5,4,5,13,2,1,5,4,5,2,16,1,20,3,10,5,1,7,6,1,10,2,13,,9,,1,22,121.5115365,25.0740679
113,5,11,23,4,2,01大同區,大同區延平北路4段與重慶北路3段312巷口,0,0,1,2,C03,8,5,5,50,4,1,1,5,4,5,13,2,1,5,4,5,2,16,2,44,2,9,5,1,7,9,1,10,2,11,,44,,1,22,121.5115365,25.0740679
113,5,11,23,39,2,01大同區,大同區市民高架道往西(6511014號燈桿),0,0,2,1,C02,7,5,5,40,10,7,1,5,4,5,13,4,4,10,5,5,2,13,1,25,2,9,6,4,7,9,1,9,1,11,,16,,1,22,121.5096417,25.0503711
113,5,11,23,39,2,01大同區,大同區市民高架道往西(6511014號燈桿),0,0,2,2,B03,7,5,5,40,10,7,1,5,4,5,13,4,4,10,5,5,2,13,1,64,3,10,3,4,7,9,1,8,1,3,,44,,1,22,121.5096417,25.0503711
113,5,11,23,39,2,01大同區,大同區市民高架道往西(6511014號燈桿),0,0,2,3,C01,7,5,5,40,10,7,1,5,4,5,13,4,4,10,5,5,2,13,1,28,3,10,6,4,7,9,1,9,1,17,,13,,1,22,121.5096417,25.0503711
113,5,11,23,39,2,01大同區,大同區市民高架道往西(6511014號燈桿),0,0,2,4,H02,7,5,5,40,10,7,1,5,4,5,13,4,4,10,5,5,2,13,2,26,2,9,6,5,7,20,8,20,10,16,,58,,1,22,121.5096417,25.0503711
113,5,12,1,56,2,02萬華區,萬華區中華路1段與武昌街2段口,0,0,1,1,C03,8,5,5,50,4,1,1,5,4,5,13,2,1,1,4,1,2,17,1,36,3,10,6,1,7,5,1,10,1,17,,8,,1,22,121.5089669,25.0442158
113,5,12,1,56,2,02萬華區,萬華區中華路1段與武昌街2段口,0,0,1,2,C03,8,5,5,50,4,1,1,5,4,5,13,2,1,1,4,1,2,17,1,30,2,9,6,1,7,9,1,10,1,17,,44,,1,22,121.5089669,25.0442158
113,5,12,6,29,2,08士林區,士林區至善路2段與至善路2段口中影文化城公車站,0,0,2,1,C03,8,6,5,50,3,2,1,5,4,5,13,2,1,1,4,4,2,12,1,57,2,9,3,4,7,21,1,10,5,12,,21,,1,21,121.5446422,25.0970508
113,5,12,6,29,2,08士林區,士林區至善路2段與至善路2段口中影文化城公車站,0,0,2,2,C03,8,6,5,50,3,2,1,5,4,5,13,2,1,1,4,4,2,12,1,24,2,9,3,4,7,9,1,10,2,14,,42,,1,21,121.5446422,25.0970508
113,5,12,6,33,2,02萬華區,萬華區中華路1段178號,0,0,1,1,C04,8,7,5,50,14,9,1,5,4,5,13,4,4,1,4,5,2,23,1,28,2,9,5,1,7,9,1,10,8,11,,21,,1,21,121.507226,25.03901662
113,5,12,6,33,2,02萬華區,萬華區中華路1段178號,0,0,1,2,,8,7,5,50,14,9,1,5,4,5,13,4,4,1,4,5,2,23,3,0,,,,,,,,,,,,67,,1,,121.507226,25.03901662
113,5,12,9,21,2,02萬華區,萬華區環河南路2段250巷33弄3號,0,0,1,1,C03,8,6,5,30,14,9,1,5,4,5,13,4,4,9,4,5,2,17,1,72,2,5,5,1,7,9,1,10,1,11,14,108,,1,21,121.4896113,25.03399808
113,5,12,9,21,2,02萬華區,萬華區環河南路2段250巷33弄3號,0,0,1,2,B12,8,6,5,30,14,9,1,5,4,5,13,4,4,9,4,5,2,17,1,51,3,10,7,1,7,14,1,8,1,1,,38,,1,21,121.4896113,25.03399808
113,5,12,9,50,2,10文山區,文山區木新路3段與一壽街口口,0,0,2,1,C03,8,7,5,50,3,1,1,5,4,5,13,1,1,10,5,5,2,12,1,30,2,8,5,1,7,15,1,10,1,13,,100,,1,21,121.5563527,24.9805797
113,5,12,9,50,2,10文山區,文山區木新路3段與一壽街口口,0,0,2,2,B03,8,7,5,50,3,1,1,5,4,5,13,1,1,10,5,5,2,12,2,45,3,10,7,1,7,9,1,8,1,15,,44,,1,21,121.5563527,24.9805797
113,5,12,9,50,2,10文山區,文山區木新路3段與一壽街口口,0,0,2,3,H02,8,7,5,50,3,1,1,5,4,5,13,1,1,10,5,5,2,12,2,53,2,9,5,5,7,20,8,20,10,16,,60,,1,21,121.5563527,24.9805797
113,5,12,9,55,2,05中正區,中正區貴陽街1段2號,0,0,2,1,C03,8,6,5,50,14,9,1,5,4,5,13,4,4,10,5,5,2,16,1,55,2,7,6,1,7,9,1,10,2,11,,44,,1,22,121.5168002,25.0382298
113,5,12,9,55,2,05中正區,中正區貴陽街1段2號,0,0,2,2,C03,8,6,5,50,14,9,1,5,4,5,13,4,4,10,5,5,2,16,1,30,3,10,5,1,7,5,1,10,2,14,,101,,1,22,121.5168002,25.0382298
113,5,12,9,55,2,05中正區,中正區貴陽街1段2號,0,0,2,3,H02,8,6,5,50,14,9,1,5,4,5,13,4,4,10,5,5,2,16,2,30,2,8,6,5,7,20,8,20,10,16,,67,,1,22,121.5168002,25.0382298
113,5,12,10,13,2,09北投區,北投區中央南路1段與光明路72巷口,0,0,1,1,C03,8,7,5,50,3,2,1,5,4,5,13,4,4,9,5,5,1,16,1,36,3,10,6,1,7,5,1,10,1,11,,8,,1,22,121.5013627,25.1322956
113,5,12,10,13,2,09北投區,北投區中央南路1段與光明路72巷口,0,0,1,2,C03,8,7,5,50,3,2,1,5,4,5,13,4,4,9,5,5,1,16,2,52,2,9,6,1,7,9,1,10,1,11,,44,,1,22,121.5013627,25.1322956
113,5,12,10,55,2,05中正區,中正區臨沂街與臨沂街63巷口,0,0,1,1,F02,8,7,5,30,4,1,1,5,4,5,13,4,4,10,5,5,2,15,2,70,2,8,4,1,7,9,8,20,2,11,,4,,1,21,121.5287033,25.03664659
113,5,12,10,55,2,05中正區,中正區臨沂街與臨沂街63巷口,0,0,1,2,B03,8,7,5,30,4,1,1,5,4,5,13,4,4,10,5,5,2,15,1,31,3,10,7,1,7,9,1,8,2,4,,14,,1,21,121.5287033,25.03664659
113,5,12,10,55,2,08士林區,士林區忠誠路2段與忠誠路2段207巷口,0,0,1,1,B03,8,6,5,50,4,2,1,5,4,5,13,2,1,1,4,4,1,17,2,60,3,10,7,1,7,6,1,8,1,2,,9,,1,21,121.5342212,25.1164607
113,5,12,10,55,2,08士林區,士林區忠誠路2段與忠誠路2段207巷口,0,0,1,2,C03,8,6,5,50,4,2,1,5,4,5,13,2,1,1,4,4,1,17,2,22,2,8,5,1,7,9,1,10,1,11,,44,,1,21,121.5342212,25.1164607
113,5,12,11,6,2,05中正區,中正區中山南路20號,0,0,1,1,C03,8,5,5,50,14,8,1,5,4,5,13,4,4,1,4,1,2,13,1,23,2,9,6,1,7,9,1,10,2,11,,108,,1,21,121.5209503,25.04766273
113,5,12,11,6,2,05中正區,中正區中山南路20號,0,0,1,2,B01,8,5,5,50,14,8,1,5,4,5,13,4,4,1,4,1,2,13,1,57,3,10,7,1,7,14,1,4,2,7,,38,,1,21,121.5209503,25.04766273
113,5,12,11,21,2,09北投區,北投區新民路與新民路62巷口,0,0,1,1,B03,8,7,5,30,3,2,1,5,4,5,13,4,4,5,5,5,1,16,1,58,3,10,7,1,7,5,1,8,9,8,,99,,1,22,121.5108842,25.1401429
113,5,12,11,21,2,09北投區,北投區新民路與新民路62巷口,0,0,1,2,C03,8,7,5,30,3,2,1,5,4,5,13,4,4,5,5,5,1,16,1,35,2,9,6,1,7,9,1,10,9,12,,99,,1,22,121.5108842,25.1401429
113,5,12,11,45,2,03中山區,中山區民權西路60號,0,0,1,1,C03,8,6,5,50,14,9,1,5,4,5,13,4,4,3,4,4,2,12,2,34,2,9,5,1,7,8,1,10,9,12,,100,,1,21,121.5205702,25.06276903
113,5,12,11,45,2,03中山區,中山區民權西路60號,0,0,1,2,C03,8,6,5,50,14,9,1,5,4,5,13,4,4,3,4,4,2,12,2,30,3,10,5,1,7,9,1,10,2,14,,44,,1,21,121.5205702,25.06276903
113,5,12,11,49,2,04大安區,大安區仁愛路3段與新生南路1段口,0,0,3,1,C03,8,6,5,50,4,4,1,5,4,5,13,2,1,1,4,5,2,13,1,32,2,9,5,1,7,15,1,10,2,11,,16,,1,21,121.5329343,25.0377774
113,5,12,11,49,2,04大安區,大安區仁愛路3段與新生南路1段口,0,0,3,2,C03,8,6,5,50,4,4,1,5,4,5,13,2,1,1,4,5,2,13,1,56,2,8,5,1,7,15,1,10,2,13,,44,,1,21,121.5329343,25.0377774
113,5,12,11,49,2,04大安區,大安區仁愛路3段與新生南路1段口,0,0,3,3,H02,8,6,5,50,4,4,1,5,4,5,13,2,1,1,4,5,2,13,2,36,2,9,5,5,7,20,8,20,10,16,,67,,1,21,121.5329343,25.0377774
113,5,12,12,19,2,08士林區,士林區德行東路229巷1號對面,0,0,1,1,B03,8,6,5,30,14,9,1,5,4,3,10,4,4,10,5,5,1,17,2,45,3,10,7,1,7,1,1,8,1,8,,19,,1,21,121.5331453,25.10959324
113,5,12,12,19,2,08士林區,士林區德行東路229巷1號對面,0,0,1,2,C03,8,6,5,30,14,9,1,5,4,3,10,4,4,10,5,5,1,17,1,39,2,8,5,1,7,9,1,10,1,12,,44,,1,21,121.5331453,25.10959324
113,5,12,12,19,2,08士林區,士林區德行東路229巷1號對面,0,0,1,3,B03,8,6,5,30,14,9,1,5,4,3,10,4,4,10,5,5,1,17,1,74,3,10,7,1,7,13,1,8,1,17,,44,,1,21,121.5331453,25.10959324
113,5,12,13,0,2,01大同區,大同區重慶北路3段與民權西路口,0,0,2,1,B02,8,6,5,50,4,1,1,5,4,5,13,1,1,1,4,5,2,17,1,22,3,10,7,1,7,6,1,8,2,1,,108,,1,21,121.5135147,25.0632096
113,5,12,13,0,2,01大同區,大同區重慶北路3段與民權西路口,0,0,2,2,C03,8,6,5,50,4,1,1,5,4,5,13,1,1,1,4,5,2,17,1,65,2,7,6,1,7,14,1,10,2,13,,44,,1,21,121.5135147,25.0632096
113,5,12,13,0,2,01大同區,大同區重慶北路3段與民權西路口,0,0,2,3,H02,8,6,5,50,4,1,1,5,4,5,13,1,1,1,4,5,2,17,2,60,2,7,6,5,7,20,8,20,10,16,,67,,1,21,121.5135147,25.0632096
113,5,12,13,9,2,04大安區,大安區信義路3段134巷與建國南路2段69巷口,0,0,2,1,C03,8,7,5,30,4,1,1,5,4,5,13,2,1,8,3,5,1,12,1,38,2,9,6,1,7,9,1,10,1,14,,44,,1,22,121.5393999,25.0312262
113,5,12,13,9,2,04大安區,大安區信義路3段134巷與建國南路2段69巷口,0,0,2,2,C03,8,7,5,30,4,1,1,5,4,5,13,2,1,8,3,5,1,12,2,50,2,9,6,1,7,8,1,10,1,12,,44,,1,22,121.5393999,25.0312262
113,5,12,13,24,2,08士林區,士林區光華路61巷4弄NO.1108327燈桿,0,0,1,1,B03,8,6,5,30,11,9,1,5,4,5,13,4,4,10,5,5,1,11,1,23,3,10,7,1,7,9,1,8,1,4,,5,,1,21,121.5423813,25.12684633
113,5,12,13,24,2,08士林區,士林區光華路61巷4弄NO.1108327燈桿,0,0,1,2,C03,8,6,5,30,11,9,1,5,4,5,13,4,4,10,5,5,1,11,2,20,2,8,5,1,7,9,1,10,1,14,,5,,1,21,121.5423813,25.12684633
113,5,12,13,35,2,01大同區,大同區鄭州路與西寧北路口,0,0,1,1,B03,8,5,5,50,4,1,1,5,4,5,13,2,1,9,4,5,1,16,2,49,3,10,3,4,7,9,1,8,1,2,,81,,1,21,121.5081283,25.0504241
113,5,12,13,35,2,01大同區,大同區鄭州路與西寧北路口,0,0,1,2,C03,8,5,5,50,4,1,1,5,4,5,13,2,1,9,4,5,1,16,1,26,2,9,3,4,7,9,1,10,1,11,,44,,1,21,121.5081283,25.0504241
113,5,12,13,50,2,10文山區,文山區興隆路3段與興隆路3段229巷口,0,0,1,1,B03,8,6,5,30,3,1,1,5,4,5,13,2,1,10,5,5,2,3,1,45,3,10,7,1,7,5,1,1,2,8,,70,,1,21,121.5590951,24.99349876
113,5,12,13,50,2,10文山區,文山區興隆路3段與興隆路3段229巷口,0,0,1,2,H01,8,6,5,30,3,1,1,5,4,5,13,2,1,10,5,5,2,3,2,46,2,9,4,5,8,16,8,20,10,16,,67,,1,21,121.5590951,24.99349876
113,5,12,14,0,2,06松山區,松山區復興北路223號,0,0,2,1,B01,8,6,5,50,14,9,1,5,4,5,13,4,4,1,4,5,2,17,1,61,3,10,7,1,7,7,1,4,1,8,,100,,1,21,121.5441906,25.0564649
113,5,12,14,0,2,06松山區,松山區復興北路223號,0,0,2,2,C03,8,6,5,50,14,9,1,5,4,5,13,4,4,1,4,5,2,17,1,39,2,9,5,1,7,9,1,10,1,12,,33,,1,21,121.5441906,25.0564649
113,5,12,14,0,2,06松山區,松山區復興北路223號,0,0,2,3,H02,8,6,5,50,14,9,1,5,4,5,13,4,4,1,4,5,2,17,1,35,2,9,5,5,7,20,8,20,10,16,,67,,1,21,121.5441906,25.0564649
113,5,12,14,17,2,03中山區,中山區興安街55號,0,0,1,1,C03,8,5,5,50,14,9,1,5,4,5,13,4,4,9,5,5,2,16,1,71,2,7,6,1,7,1,1,10,2,14,,19,,1,21,121.541803,25.05610993
113,5,12,14,17,2,03中山區,中山區興安街55號,0,0,1,2,C03,8,5,5,50,14,9,1,5,4,5,13,4,4,9,5,5,2,16,1,30,3,10,6,1,7,9,1,10,1,11,,44,,1,21,121.541803,25.05610993
113,5,12,14,19,2,04大安區,大安區忠孝東路4段(捷運忠孝敦化站七號出口),0,0,1,1,B03,8,6,8,50,14,9,1,5,4,5,13,4,4,9,5,5,2,17,1,50,3,10,7,1,7,10,1,4,9,17,,102,,2,21,121.5498549,25.04156381
113,5,12,14,19,2,04大安區,大安區忠孝東路4段(捷運忠孝敦化站七號出口),0,0,1,2,B03,8,6,8,50,14,9,1,5,4,5,13,4,4,9,5,5,2,17,2,52,3,10,7,1,7,9,1,8,2,17,,44,,1,21,121.5498549,25.04156381
113,5,12,14,19,2,04大安區,大安區忠孝東路4段(捷運忠孝敦化站七號出口),0,0,1,3,H02,8,6,8,50,14,9,1,5,4,5,13,4,4,9,5,5,2,17,1,29,2,9,7,5,7,20,8,20,10,17,,67,,1,21,121.5498549,25.04156381
113,5,12,14,19,2,04大安區,大安區忠孝東路4段(捷運忠孝敦化站七號出口),0,0,1,4,B03,8,6,8,50,14,9,1,5,4,5,13,4,4,9,5,5,2,17,1,32,3,10,7,1,7,8,1,8,1,17,,100,,1,21,121.5498549,25.04156381
113,5,12,14,32,2,11南港區,南港區重陽路203巷與松河街口,0,0,2,1,C03,8,6,5,50,14,9,1,5,4,5,13,4,4,4,5,5,2,16,1,52,2,9,5,1,7,7,1,10,1,11,,102,,1,22,121.5999823,25.0583102
113,5,12,14,32,2,11南港區,南港區重陽路203巷與松河街口,0,0,2,2,B03,8,6,5,50,14,9,1,5,4,5,13,4,4,4,5,5,2,16,1,45,3,10,7,1,7,3,1,8,1,17,,18,,1,22,121.5999823,25.0583102
113,5,12,14,32,2,11南港區,南港區重陽路203巷與松河街口,0,0,2,3,C03,8,6,5,50,14,9,1,5,4,5,13,4,4,4,5,5,2,16,1,23,3,10,5,1,7,9,1,10,1,11,,44,,1,22,121.5999823,25.0583102