發生年度,發生月,發生日,發生時-Hours,發生分,處理別-編號,區序,肇事地點,死亡人數,2-30日死亡人數,受傷人數,當事人序號,車種,天候,道路照明設備,道路類別,速限-速度限制,道路型態,事故位置,路面狀況1,路面狀況2,路面狀況3,道路障礙1,道路障礙2,號誌1,號誌2,車道劃分-分向,車道劃分-分道1,車道劃分-分道2,車道劃分-分道3,事故類型及型態,性別,年齡,受傷程度,主要傷處,保護裝置,行動電話,車輛用途,當事者行動狀態,駕駛資格情形,駕駛執照種類,飲酒情形,車輛撞擊部位1,車輛撞擊部位2,肇因碼-個別,肇因碼-主要,個人肇逃否,職業,座標-X,座標-Y
113,5,12,14,32,2,11南港區,南港區重陽路203巷與松河街口,0,0,2,4,H02,8,6,5,50,14,9,1,5,4,5,13,4,4,4,5,5,2,16,2,23,2,8,5,5,7,21,8,20,10,16,,67,,1,22,121.5999823,25.0583102
113,5,12,15,19,2,06松山區,松山區南京東路3段282巷16號,0,0,1,1,B02,8,6,5,30,14,9,1,5,4,5,13,4,4,10,5,5,2,12,1,56,3,10,7,4,7,1,1,8,1,4,,19,,1,21,121.5456792,25.05101638
113,5,12,15,19,2,06松山區,松山區南京東路3段282巷16號,0,0,1,2,F01,8,6,5,30,14,9,1,5,4,5,13,4,4,10,5,5,2,12,1,15,2,9,4,4,7,9,8,20,1,12,,108,,1,16,121.5456792,25.05101638
113,5,12,15,30,2,05中正區,中正區林森南路1號,0,0,2,1,H01,8,6,5,50,14,9,1,5,4,5,13,1,1,5,4,5,2,3,2,63,2,8,4,5,8,16,8,20,10,16,,123,,1,22,121.5233482,25.0445394
113,5,12,15,30,2,05中正區,中正區林森南路1號,0,0,2,2,C03,8,6,5,50,14,9,1,5,4,5,13,1,1,5,4,5,2,3,2,73,2,8,6,1,7,9,1,10,2,11,,107,,1,21,121.5233482,25.0445394
113,5,12,15,31,2,11南港區,南港區研究院路1段與研究院路1段151巷口,0,0,1,1,B03,8,6,5,50,3,1,1,5,4,5,13,2,1,3,4,5,2,16,2,36,3,10,3,4,7,6,1,8,1,2,,9,,1,22,121.6158848,25.0491641
113,5,12,15,31,2,11南港區,南港區研究院路1段與研究院路1段151巷口,0,0,1,2,C03,8,6,5,50,3,1,1,5,4,5,13,2,1,3,4,5,2,16,1,63,2,7,5,1,7,9,1,10,1,11,,44,,1,22,121.6158848,25.0491641
113,5,12,15,40,2,09北投區,北投區大度路3段1205134號燈桿,0,0,2,1,C03,7,7,5,50,14,7,1,5,4,5,13,4,4,1,4,4,2,13,1,43,2,9,5,1,7,9,1,9,1,11,,16,,1,22,121.4711225,25.12298389
113,5,12,15,40,2,09北投區,北投區大度路3段1205134號燈桿,0,0,2,2,C03,7,7,5,50,14,7,1,5,4,5,13,4,4,1,4,4,2,13,1,27,3,10,5,1,7,12,1,10,1,13,,44,,1,22,121.4711225,25.12298389
113,5,12,15,40,2,09北投區,北投區大度路3段1205134號燈桿,0,0,2,3,C03,7,7,5,50,14,7,1,5,4,5,13,4,4,1,4,4,2,13,1,49,3,10,5,1,7,9,1,10,1,17,,30,,2,22,121.4711225,25.12298389
113,5,12,15,40,2,09北投區,北投區大度路3段1205134號燈桿,0,0,2,4,H02,7,7,5,50,14,7,1,5,4,5,13,4,4,1,4,4,2,13,2,22,2,5,5,5,7,20,8,20,10,16,,67,,1,22,121.4711225,25.12298389
113,5,12,15,43,2,07信義區,信義區大道路與中坡南路168巷口,0,0,1,1,C03,7,6,5,50,3,1,1,5,4,5,13,4,4,9,5,5,2,17,1,45,2,9,5,1,7,9,1,10,2,14,,44,,1,22,121.5833986,25.0389018
113,5,12,15,43,2,07信義區,信義區大道路與中坡南路168巷口,0,0,1,2,B03,7,6,5,50,3,1,1,5,4,5,13,4,4,9,5,5,2,17,1,27,3,10,3,4,7,6,1,8,2,17,,74,,1,22,121.5833986,25.0389018
113,5,12,17,0,2,02萬華區,萬華區成都路98號,0,0,2,1,B03,7,6,5,50,14,9,1,5,4,5,13,4,4,10,4,5,2,16,2,40,3,10,3,4,7,8,1,8,1,4,,100,,1,22,121.504934,25.0429859
113,5,12,17,0,2,02萬華區,萬華區成都路98號,0,0,2,2,C03,7,6,5,50,14,9,1,5,4,5,13,4,4,10,4,5,2,16,1,19,2,9,6,1,7,9,1,10,1,11,,13,,1,22,121.504934,25.0429859
113,5,12,17,0,2,02萬華區,萬華區成都路98號,0,0,2,3,H02,7,6,5,50,14,9,1,5,4,5,13,4,4,10,4,5,2,16,2,15,2,9,6,5,7,20,8,20,10,16,,67,,1,22,121.504934,25.0429859
113,5,12,18,10,2,12內湖區,內湖區金湖路與康寧路1段口,0,0,2,1,C04,6,5,5,50,3,1,1,4,4,5,13,1,1,1,5,4,2,16,1,21,2,9,6,1,7,5,1,10,9,11,,80,,1,21,121.599596,25.0790083
113,5,12,18,10,2,12內湖區,內湖區金湖路與康寧路1段口,0,0,2,2,C03,6,5,5,50,3,1,1,4,4,5,13,1,1,1,5,4,2,16,1,19,2,9,6,1,7,9,1,10,2,11,,44,,1,21,121.599596,25.0790083
113,5,12,18,34,1,01大同區,大同區延平北路4段175號對面,1,0,1,1,H01,6,5,5,50,14,9,1,4,4,5,13,4,4,5,4,5,2,3,1,71,1,9,4,5,8,16,8,20,10,16,,121,,1,22,121.5113747,25.0735989
113,5,12,18,34,1,01大同區,大同區延平北路4段175號對面,1,0,1,2,C03,6,5,5,50,14,9,1,4,4,5,13,4,4,5,4,5,2,3,1,16,2,9,6,4,7,9,2,18,2,11,,108,,1,16,121.5113747,25.0735989
113,5,12,19,5,2,03中山區,中山區松江路133巷與南京東路2段115巷口,0,0,2,1,C03,6,5,5,30,4,1,1,4,4,5,13,4,4,10,5,5,2,15,1,35,2,8,6,1,7,9,1,10,1,11,,72,,1,21,121.533639,25.0543609
113,5,12,19,5,2,03中山區,中山區松江路133巷與南京東路2段115巷口,0,0,2,2,C03,6,5,5,30,4,1,1,4,4,5,13,4,4,10,5,5,2,15,2,21,2,9,6,1,7,9,1,10,1,12,,108,,1,21,121.533639,25.0543609
113,5,12,19,5,2,08士林區,士林區中山北路6段188號,0,0,1,1,B03,8,5,8,50,14,9,1,5,4,5,13,4,4,1,4,5,2,12,1,31,3,10,7,1,7,9,1,8,1,2,,118,,1,21,121.5251149,25.1076537
113,5,12,19,5,2,08士林區,士林區中山北路6段188號,0,0,1,2,F03,8,5,8,50,14,9,1,5,4,5,13,4,4,1,4,5,2,12,2,69,2,9,4,1,7,14,8,20,1,14,,118,,1,21,121.5251149,25.1076537
113,5,12,19,17,2,02萬華區,萬華區漢中街與長沙街2段口,0,0,1,1,C03,6,5,5,50,3,1,1,4,4,5,13,1,1,5,5,5,2,17,2,21,3,10,6,1,7,5,1,10,1,11,,83,,1,22,121.5065143,25.0406599
113,5,12,19,17,2,02萬華區,萬華區漢中街與長沙街2段口,0,0,1,2,C03,6,5,5,50,3,1,1,4,4,5,13,1,1,5,5,5,2,17,2,22,3,10,6,1,7,5,1,10,1,11,,83,,1,22,121.5065143,25.0406599
113,5,12,19,17,2,02萬華區,萬華區漢中街與長沙街2段口,0,0,1,3,H01,6,5,5,50,3,1,1,4,4,5,13,1,1,5,5,5,2,17,2,31,2,9,4,5,8,16,8,20,10,16,,67,,1,22,121.5065143,25.0406599
113,5,12,19,28,2,11南港區,南港區興中路28巷與興華路口,0,0,1,1,B03,6,5,5,30,4,1,1,4,4,5,13,2,1,4,3,5,1,2,1,47,3,10,3,4,7,5,1,8,2,1,,70,,1,21,121.6059194,25.0552707
113,5,12,19,28,2,11南港區,南港區興中路28巷與興華路口,0,0,1,2,H01,6,5,5,30,4,1,1,4,4,5,13,2,1,4,3,5,1,2,2,72,2,9,4,5,8,16,8,20,10,16,,60,,1,21,121.6059194,25.0552707
113,5,12,19,35,2,05中正區,中正區愛國東路與杭州南路1段口,0,0,2,1,C03,6,7,6,50,4,2,1,4,4,5,13,2,1,3,4,4,1,2,1,22,2,8,6,1,7,5,1,10,2,11,,108,,1,22,121.5219131,25.032803
113,5,12,19,35,2,05中正區,中正區愛國東路與杭州南路1段口,0,0,2,2,H01,6,7,6,50,4,2,1,4,4,5,13,2,1,3,4,4,1,2,1,64,2,1,4,5,8,16,8,20,2,16,,121,,1,22,121.5219131,25.032803
113,5,12,19,40,2,09北投區,北投區泉源路16號第二停車場出入口,0,0,1,1,B03,6,5,5,30,14,9,1,4,4,5,13,4,4,9,5,5,2,17,1,57,3,10,7,1,7,1,1,8,9,17,,19,,2,21,121.5053583,25.1388819
113,5,12,19,40,2,09北投區,北投區泉源路16號第二停車場出入口,0,0,1,2,C03,6,5,5,30,14,9,1,4,4,5,13,4,4,9,5,5,2,17,1,73,2,7,6,1,7,9,1,10,1,12,,44,,1,22,121.5053583,25.1388819
113,5,12,19,46,2,12內湖區,內湖區基湖路3巷與洲子街口,0,0,1,1,B03,6,5,5,50,3,1,1,4,4,5,13,4,4,5,5,5,2,16,1,47,3,10,7,1,7,5,1,8,1,6,,75,,1,21,121.5658947,25.0811428
113,5,12,19,46,2,12內湖區,內湖區基湖路3巷與洲子街口,0,0,1,2,C03,6,5,5,50,3,1,1,4,4,5,13,4,4,5,5,5,2,16,2,23,2,9,6,1,7,9,1,10,1,11,,44,,1,21,121.5658947,25.0811428
113,5,12,19,55,2,08士林區,士林區中山北路6段35巷與福國路口,0,0,1,1,B03,6,5,5,50,3,2,1,4,4,5,13,1,1,10,4,5,1,17,1,49,3,10,7,1,7,6,1,8,1,4,,9,,1,21,121.5247052,25.10230061
113,5,12,19,55,2,08士林區,士林區中山北路6段35巷與福國路口,0,0,1,2,C03,6,5,5,50,3,2,1,4,4,5,13,1,1,10,4,5,1,17,2,20,2,9,6,1,7,5,1,10,1,12,,44,,1,21,121.5247052,25.10230061
113,5,12,20,35,2,04大安區,大安區仁愛路4段300巷與仁愛路4段300巷19弄口,0,0,1,1,B01,6,5,5,30,4,2,1,4,4,5,13,4,4,10,5,5,2,3,1,49,3,10,3,4,7,6,1,4,1,8,,107,,1,21,121.5545701,25.0362733
113,5,12,20,35,2,04大安區,大安區仁愛路4段300巷與仁愛路4段300巷19弄口,0,0,1,2,H01,6,5,5,30,4,2,1,4,4,5,13,4,4,10,5,5,2,3,1,51,2,8,4,5,8,16,8,20,10,16,,121,,1,21,121.5545701,25.0362733
113,5,12,20,37,2,04大安區,大安區文昌街與文昌街250巷口,0,0,1,1,C04,7,5,5,30,4,1,1,4,4,5,13,4,4,9,5,5,1,16,1,61,4,11,3,4,7,5,7,19,9,15,,74,,2,22,121.5556147,25.0322841
113,5,12,20,37,2,04大安區,大安區文昌街與文昌街250巷口,0,0,1,2,C03,7,5,5,30,4,1,1,4,4,5,13,4,4,9,5,5,1,16,1,27,2,9,3,4,7,9,1,10,9,15,,14,,1,21,121.5556147,25.0322841
113,5,12,21,3,2,11南港區,南港區東新街60號對面停車場出入口,0,0,1,1,B03,6,5,7,50,14,9,1,4,4,5,13,4,4,9,5,5,2,16,1,27,3,10,3,4,7,9,1,8,2,8,,99,,1,21,121.5857434,25.0474535
113,5,12,21,3,2,11南港區,南港區東新街60號對面停車場出入口,0,0,1,2,C03,6,5,7,50,14,9,1,4,4,5,13,4,4,9,5,5,2,16,1,28,2,9,6,4,7,9,1,10,2,11,,44,,1,21,121.5857434,25.0474535
113,5,12,21,19,2,03中山區,中山區明水路439巷巷與明水路口,0,0,1,2,C03,6,5,5,50,3,2,1,4,4,5,13,4,4,3,4,5,2,12,1,47,2,9,5,1,7,9,1,10,1,14,,44,,1,21,121.5492899,25.0774489
113,5,12,21,19,2,03中山區,中山區明水路439巷巷與明水路口,0,0,1,1,,6,5,5,50,3,2,1,4,4,5,13,4,4,3,4,5,2,12,4,0,4,11,3,4,7,21,7,19,11,15,,119,,2,22,121.5492899,25.0774489
113,5,12,21,24,2,11南港區,南港區忠孝東路7段325巷與市民大道8段口,0,0,1,1,B03,6,5,5,50,3,18,1,4,4,5,13,2,1,1,3,5,2,2,1,34,3,10,3,4,7,6,1,8,2,1,,70,,1,21,121.6054365,25.0529782
113,5,12,21,24,2,11南港區,南港區忠孝東路7段325巷與市民大道8段口,0,0,1,2,H01,6,5,5,50,3,18,1,4,4,5,13,2,1,1,3,5,2,2,2,22,2,9,4,5,8,16,8,20,10,16,,67,,1,21,121.6054365,25.0529782
113,5,12,22,1,2,03中山區,中山區長春路與長春路258巷口,0,0,1,2,H01,6,5,5,50,4,18,1,4,4,5,13,2,1,5,4,4,2,2,2,41,2,9,4,5,8,16,8,20,10,16,,67,,1,21,121.5390326,25.05467688
113,5,12,22,1,2,03中山區,中山區長春路與長春路258巷口,0,0,1,1,B03,6,5,5,50,4,18,1,4,4,5,13,2,1,5,4,4,2,2,4,0,,,,,,,,,11,,,119,,2,,121.5390326,25.05467688
113,5,12,22,30,2,03中山區,中山區北安路與大直街口,0,0,1,1,B03,6,5,5,50,4,1,1,4,4,5,13,1,1,3,4,5,2,17,2,63,3,10,7,1,7,5,1,8,1,17,,71,,1,21,121.5492716,25.08413222
113,5,12,22,30,2,03中山區,中山區北安路與大直街口,0,0,1,2,C03,6,5,5,50,4,1,1,4,4,5,13,1,1,3,4,5,2,17,1,41,2,9,6,1,7,9,1,10,1,12,,44,,1,21,121.5492716,25.08413222
113,5,12,22,50,2,03中山區,中山區林森北路與民族東路口側附近口,0,0,2,1,C03,6,5,5,50,3,1,1,4,4,5,13,1,2,5,4,5,2,17,1,41,2,8,3,4,7,5,1,10,1,12,,8,,1,21,121.5257165,25.0683827
113,5,12,22,50,2,03中山區,中山區林森北路與民族東路口側附近口,0,0,2,2,C03,6,5,5,50,3,1,1,4,4,5,13,1,2,5,4,5,2,17,1,21,2,9,3,4,7,9,1,10,1,11,,44,,1,21,121.5257165,25.0683827
113,5,12,23,0,2,05中正區,中正區館前路與開封街1段口,0,0,2,1,C03,6,5,5,50,3,2,1,4,4,5,13,4,4,10,4,5,2,1,1,24,2,7,6,1,7,9,1,10,1,11,,70,,1,21,121.515011,25.0460098
113,5,12,23,0,2,05中正區,中正區館前路與開封街1段口,0,0,2,2,H01,6,5,5,50,3,2,1,4,4,5,13,4,4,10,4,5,2,1,2,31,2,9,4,5,8,16,8,20,10,16,,67,,1,21,121.515011,25.0460098
113,5,13,7,45,2,04大安區,大安區市民大道4段70號,0,0,2,1,C03,8,6,5,40,14,9,1,5,4,1,13,4,4,8,4,5,1,13,1,59,2,9,6,1,7,9,1,10,1,11,,108,,1,21,121.5473791,25.0449113
113,5,13,7,45,2,04大安區,大安區市民大道4段70號,0,0,2,2,C03,8,6,5,40,14,9,1,5,4,1,13,4,4,8,4,5,1,13,2,51,2,9,6,1,7,9,1,10,1,11,,108,,1,21,121.5473791,25.0449113
113,5,13,7,45,2,04大安區,大安區市民大道4段70號,0,0,2,3,,8,6,5,40,14,9,1,5,4,1,13,4,4,8,4,5,1,13,3,0,,,,,,,,,,,,67,,,,121.5473791,25.0449113
113,5,13,7,55,2,03中山區,中山區中山北路3段181號,0,0,2,1,C03,8,7,5,50,14,9,1,5,4,5,13,4,4,5,4,5,2,17,1,27,2,7,6,1,7,9,1,10,1,14,,13,,1,21,121.5240934,25.0726406
113,5,13,7,55,2,03中山區,中山區中山北路3段181號,0,0,2,2,C03,8,7,5,50,14,9,1,5,4,5,13,4,4,5,4,5,2,17,2,36,2,9,6,1,7,9,1,10,1,11,,16,,1,21,121.5240934,25.0726406
113,5,13,7,55,2,03中山區,中山區中山北路3段181號,0,0,2,3,C03,8,7,5,50,14,9,1,5,4,5,13,4,4,5,4,5,2,17,1,30,3,10,6,1,7,9,1,10,1,14,,44,,1,21,121.5240934,25.0726406
113,5,13,7,55,2,12內湖區,內湖區民權東路6段101號,0,0,1,1,B03,7,6,5,50,14,9,1,5,4,5,13,4,4,1,4,5,2,17,1,47,3,10,7,1,7,6,1,8,2,17,,44,,1,23,121.5896254,25.06907314
113,5,13,7,55,2,12內湖區,內湖區民權東路6段101號,0,0,1,2,C03,7,6,5,50,14,9,1,5,4,5,13,4,4,1,4,5,2,17,1,35,2,9,6,1,7,9,1,10,2,17,,42,,1,21,121.5896254,25.06907314
113,5,13,8,5,2,06松山區,松山區民生東路5段與民生東路5段69巷口,0,0,2,1,C03,6,5,5,50,4,1,1,4,4,5,13,2,1,1,4,5,2,17,1,44,2,8,5,1,7,5,1,10,1,11,,71,,1,21,121.5582834,25.05852147
113,5,13,8,5,2,06松山區,松山區民生東路5段與民生東路5段69巷口,0,0,2,2,C03,6,5,5,50,4,1,1,4,4,5,13,2,1,1,4,5,2,17,1,43,2,3,6,1,7,9,1,10,1,11,,44,,1,21,121.5582834,25.05852147
113,5,13,8,15,2,10文山區,文山區老泉街089燈桿,0,0,1,1,C03,6,6,5,30,11,9,1,4,4,5,13,4,4,10,5,5,2,18,2,30,2,9,5,1,7,9,1,10,9,14,,44,,1,21,121.5614892,24.97819147
113,5,13,8,15,2,10文山區,文山區老泉街089燈桿,0,0,1,2,,6,6,5,30,11,9,1,4,4,5,13,4,4,10,5,5,2,18,3,0,,,,,,,,,,,,67,,1,,121.5614892,24.97819147
113,5,13,8,28,2,03中山區,中山區民權東路2段與建國北路2段口,0,0,1,1,C03,8,6,5,50,14,9,1,5,4,5,13,2,1,9,4,5,2,13,1,52,2,7,3,1,7,9,1,10,2,11,,108,,1,21,121.5369907,25.0623159
113,5,13,8,28,2,03中山區,中山區民權東路2段與建國北路2段口,0,0,1,2,C03,8,6,5,50,14,9,1,5,4,5,13,2,1,9,4,5,2,13,1,49,3,10,3,1,7,14,1,10,2,13,,44,,1,21,121.5369907,25.0623159
113,5,13,8,30,2,02萬華區,萬華區廣州街275號,0,0,1,1,H01,7,6,5,50,14,9,1,5,4,5,13,4,4,5,5,5,2,3,1,72,2,7,4,5,8,16,8,20,10,16,,121,,1,21,121.4959765,25.0367779
113,5,13,8,30,2,02萬華區,萬華區廣州街275號,0,0,1,2,B01,7,6,5,50,14,9,1,5,4,5,13,4,4,5,5,5,2,3,1,46,3,10,7,1,7,9,1,4,1,1,,108,,1,21,121.4959765,25.0367779
113,5,13,8,39,2,01大同區,大同區民權西路與重慶北路2段口,0,0,1,1,C03,7,6,5,50,4,2,1,5,4,5,13,4,4,8,3,5,1,12,2,31,3,10,3,4,7,9,1,10,1,12,,17,,1,21,121.5131913,25.0629008
113,5,13,8,39,2,01大同區,大同區民權西路與重慶北路2段口,0,0,1,2,C03,7,6,5,50,4,2,1,5,4,5,13,4,4,8,3,5,1,12,1,41,2,9,3,4,7,9,1,10,1,14,,44,,1,21,121.5131913,25.0629008
113,5,13,8,53,2,03中山區,中山區中山北路1段與南京西路口,0,0,1,1,C03,7,5,5,50,4,1,1,5,4,5,13,1,1,1,4,5,2,12,1,53,3,10,6,1,7,8,1,10,1,12,,100,,1,21,121.5225025,25.0521538
113,5,13,8,53,2,03中山區,中山區中山北路1段與南京西路口,0,0,1,2,C03,7,5,5,50,4,1,1,5,4,5,13,1,1,1,4,5,2,12,1,28,2,9,6,1,7,9,1,10,1,14,,13,,1,21,121.5225025,25.0521538
113,5,13,8,59,2,08士林區,士林區天母東路與天母東路69巷口,0,0,1,1,C03,7,7,5,40,4,2,1,5,4,5,13,2,1,9,4,5,1,17,2,62,2,9,5,1,7,9,1,10,2,11,,44,,1,21,121.5345938,25.1181586
113,5,13,8,59,2,08士林區,士林區天母東路與天母東路69巷口,0,0,1,2,B02,7,7,5,40,4,2,1,5,4,5,13,2,1,9,4,5,1,17,1,29,3,10,7,1,7,14,1,8,2,7,,44,,1,21,121.5345938,25.1181586
113,5,13,9,0,2,11南港區,南港區重陽路與重陽路187巷口口,0,0,1,1,C03,7,5,5,50,3,1,1,5,4,5,13,1,1,4,3,4,2,13,1,36,2,8,5,1,7,9,1,10,1,11,,108,,1,21,121.5990286,25.0565904
113,5,13,9,0,2,11南港區,南港區重陽路與重陽路187巷口口,0,0,1,2,B12,7,5,5,50,3,1,1,5,4,5,13,1,1,4,3,4,2,13,1,40,3,10,7,1,7,5,1,8,1,3,,44,,1,21,121.5990286,25.0565904
113,5,13,9,10,2,08士林區,士林區文林路與雙溪街口,0,0,1,1,B12,7,7,5,50,5,1,1,4,4,5,13,2,1,4,5,4,1,17,1,53,3,10,7,1,7,5,1,2,1,2,,74,,1,21,121.5233838,25.0997041
113,5,13,9,10,2,08士林區,士林區文林路與雙溪街口,0,0,1,2,C03,7,7,5,50,5,1,1,4,4,5,13,2,1,4,5,4,1,17,1,29,2,9,5,1,7,9,1,10,1,11,,44,,1,21,121.5233838,25.0997041
113,5,13,9,15,2,07信義區,信義區基隆路2段79巷17弄2號,0,0,1,1,C03,8,7,5,30,14,9,1,5,4,5,13,4,4,10,5,5,2,10,1,52,2,9,3,4,7,15,1,10,1,11,,108,,1,21,121.5595593,25.0299577
113,5,13,9,15,2,07信義區,信義區基隆路2段79巷17弄2號,0,0,1,2,B03,8,7,5,30,14,9,1,5,4,5,13,4,4,10,5,5,2,10,1,47,3,10,3,4,7,9,1,8,1,1,,44,,1,21,121.5595593,25.0299577
113,5,13,9,18,2,05中正區,中正區羅斯福路3段與羅斯福路3段140巷口,0,0,1,1,C03,7,6,5,30,3,2,1,5,4,5,13,4,4,3,4,5,2,16,2,61,2,9,5,1,7,6,1,10,2,14,,80,,1,21,121.5284722,25.0202814
113,5,13,9,18,2,05中正區,中正區羅斯福路3段與羅斯福路3段140巷口,0,0,1,2,B03,7,6,5,30,3,2,1,5,4,5,13,4,4,3,4,5,2,16,1,61,3,10,7,1,7,9,1,8,2,2,,44,,1,21,121.5284722,25.0202814
113,5,13,9,20,2,09北投區,北投區中央北路4段與自立路口側附近口,0,0,1,1,B03,7,6,5,50,4,2,1,4,4,5,13,2,1,8,3,5,2,13,2,71,3,10,7,1,7,9,1,8,1,1,,16,,1,21,121.4655303,25.12605175
113,5,13,9,20,2,09北投區,北投區中央北路4段與自立路口側附近口,0,0,1,2,C03,7,6,5,50,4,2,1,4,4,5,13,2,1,8,3,5,2,13,2,39,2,9,6,1,7,14,1,10,1,13,,44,,1,21,121.4655303,25.12605175
113,5,13,10,0,2,03中山區,中山區自強隧道(外)北往南出口往大直,0,0,1,1,C03,8,7,5,50,14,9,1,5,4,5,13,4,4,7,4,5,2,12,1,36,2,9,6,1,7,9,1,10,1,14,,42,,1,21,121.5490255,25.08666336
113,5,13,10,0,2,03中山區,中山區自強隧道(外)北往南出口往大直,0,0,1,2,B03,8,7,5,50,14,9,1,5,4,5,13,4,4,7,4,5,2,12,1,66,3,10,7,1,7,9,1,8,1,2,,44,,1,21,121.5490255,25.08666336
113,5,13,10,0,2,03中山區,中山區自強隧道(外)北往南出口往大直,0,0,1,3,B03,8,7,5,50,14,9,1,5,4,5,13,4,4,7,4,5,2,12,1,75,3,10,7,1,7,14,1,8,1,6,,44,,1,21,121.5490255,25.08666336
113,5,13,10,19,2,08士林區,士林區延平北路7段106巷與延平北路7段106巷94弄口,0,0,2,1,B12,7,7,5,30,3,1,1,5,4,5,13,4,4,10,5,5,1,17,4,0,,,,,,,,,,,,119,,2,,121.4962508,25.0990472
113,5,13,10,19,2,08士林區,士林區延平北路7段106巷與延平北路7段106巷94弄口,0,0,2,2,C03,7,7,5,30,3,1,1,5,4,5,13,4,4,10,5,5,1,17,1,40,2,9,6,1,7,9,1,10,1,12,,44,,1,21,121.4962508,25.0990472
113,5,13,10,19,2,08士林區,士林區延平北路7段106巷與延平北路7段106巷94弄口,0,0,2,3,H02,7,7,5,30,3,1,1,5,4,5,13,4,4,10,5,5,1,17,2,26,2,9,6,5,7,17,8,20,10,16,,67,,1,21,121.4962508,25.0990472
113,5,13,10,55,2,03中山區,中山區建國北路2段與興安街口,0,0,1,1,B03,7,5,5,50,4,1,1,5,4,5,13,1,1,1,4,5,2,16,1,54,3,10,7,1,7,6,1,8,1,2,,9,,1,21,121.5371536,25.05616471
113,5,13,10,55,2,03中山區,中山區建國北路2段與興安街口,0,0,1,2,C03,7,5,5,50,4,1,1,5,4,5,13,1,1,1,4,5,2,16,1,26,2,8,6,1,7,9,1,10,1,14,,44,,1,21,121.5371536,25.05616471
113,5,13,11,50,2,03中山區,中山區北安路569號,0,0,1,1,A04,8,7,5,50,14,9,1,5,4,5,13,4,4,9,4,5,2,9,1,23,3,10,7,1,7,1,1,2,1,2,,36,,1,21,121.5483408,25.08083997
113,5,13,11,50,2,03中山區,中山區北安路569號,0,0,1,2,H02,8,7,5,50,14,9,1,5,4,5,13,4,4,9,4,5,2,9,1,64,2,9,4,5,7,20,8,20,10,16,,67,,1,21,121.5483408,25.08083997
113,5,13,11,56,2,07信義區,信義區松高路與忠孝東路5段22巷口,0,0,1,1,B03,7,6,5,50,3,2,1,5,4,5,13,1,1,4,3,5,2,16,1,34,3,10,3,4,7,5,1,8,1,8,,83,,1,21,121.5661723,25.0391941
113,5,13,11,56,2,07信義區,信義區松高路與忠孝東路5段22巷口,0,0,1,2,C03,7,6,5,50,3,2,1,5,4,5,13,1,1,4,3,5,2,16,1,49,2,9,6,1,7,9,1,10,1,14,,44,,1,21,121.5661723,25.0391941
113,5,13,12,15,2,11南港區,南港區研究院路2段與研究院路2段12巷口,0,0,1,1,C03,6,7,5,50,3,1,1,4,4,5,13,2,1,1,2,5,2,16,2,37,2,9,5,1,7,5,1,10,1,12,,8,,1,22,121.6156665,25.0476836
113,5,13,12,15,2,11南港區,南港區研究院路2段與研究院路2段12巷口,0,0,1,2,B03,6,7,5,50,3,1,1,4,4,5,13,2,1,1,2,5,2,16,1,60,3,10,7,1,7,9,1,8,1,1,,44,,1,22,121.6156665,25.0476836
113,5,13,12,28,2,10文山區,文山區木柵路3段與萬壽橋口,0,0,1,1,B02,6,7,5,50,4,1,1,4,4,5,13,2,1,10,5,5,2,16,1,47,3,10,7,1,7,6,1,8,1,2,,9,,1,21,121.57116,24.991582
113,5,13,12,28,2,10文山區,文山區木柵路3段與萬壽橋口,0,0,1,2,C03,6,7,5,50,4,1,1,4,4,5,13,2,1,10,5,5,2,16,1,20,2,3,5,1,7,9,1,10,1,14,,44,,1,21,121.57116,24.991582
113,5,13,12,50,2,08士林區,士林區芝玉路1段33號,0,0,1,1,C04,6,7,5,30,14,9,1,4,4,5,13,4,4,10,5,5,1,17,1,22,3,10,6,1,7,4,1,10,1,12,,13,,1,21,121.5368962,25.10202593
113,5,13,12,50,2,08士林區,士林區芝玉路1段33號,0,0,1,2,C03,6,7,5,30,14,9,1,4,4,5,13,4,4,10,5,5,1,17,1,58,2,8,5,1,7,9,1,10,1,11,,5,,1,21,121.5368962,25.10202593
113,5,13,12,52,2,02萬華區,萬華區西園路2段與東園街口,0,0,2,1,C03,7,6,5,50,3,2,1,5,4,5,13,1,1,1,3,5,1,17,2,53,2,9,3,4,7,9,3,18,1,11,,81,,1,21,121.4950885,25.0283376
113,5,13,12,52,2,02萬華區,萬華區西園路2段與東園街口,0,0,2,2,C03,7,6,5,50,3,2,1,5,4,5,13,1,1,1,3,5,1,17,2,37,2,9,3,4,7,15,1,10,1,11,,44,,1,21,121.4950885,25.0283376
113,5,13,13,10,2,05中正區,中正區中山南路與青島東路口,0,0,2,1,C03,7,5,5,50,4,1,1,5,4,5,13,1,1,1,4,5,2,13,1,22,2,8,6,1,7,9,1,10,1,11,,81,,1,21,121.5193884,25.0444304
113,5,13,13,10,2,05中正區,中正區中山南路與青島東路口,0,0,2,2,C03,7,5,5,50,4,1,1,5,4,5,13,1,1,1,4,5,2,13,1,48,2,8,6,1,7,6,1,10,1,12,,82,,1,21,121.5193884,25.0444304