發生年度,發生月,發生日,發生時-Hours,發生分,處理別-編號,區序,肇事地點,死亡人數,2-30日死亡人數,受傷人數,當事人序號,車種,天候,道路照明設備,道路類別,速限-速度限制,道路型態,事故位置,路面狀況1,路面狀況2,路面狀況3,道路障礙1,道路障礙2,號誌1,號誌2,車道劃分-分向,車道劃分-分道1,車道劃分-分道2,車道劃分-分道3,事故類型及型態,性別,年齡,受傷程度,主要傷處,保護裝置,行動電話,車輛用途,當事者行動狀態,駕駛資格情形,駕駛執照種類,飲酒情形,車輛撞擊部位1,車輛撞擊部位2,肇因碼-個別,肇因碼-主要,個人肇逃否,職業,座標-X,座標-Y
113,5,13,13,10,2,05中正區,中正區中華路1段與延平南路口,0,0,2,1,B03,7,6,5,50,3,2,1,5,4,5,13,4,4,1,4,5,2,17,1,39,3,10,2,1,7,6,1,8,2,2,,44,,1,22,121.5100741,25.04723942
113,5,13,13,10,2,05中正區,中正區中華路1段與延平南路口,0,0,2,2,C03,7,6,5,50,3,2,1,5,4,5,13,4,4,1,4,5,2,17,1,41,2,9,5,1,7,6,1,10,2,14,,44,,1,22,121.5100741,25.04723942
113,5,13,13,10,2,05中正區,中正區中華路1段與延平南路口,0,0,2,3,H02,7,6,5,50,3,2,1,5,4,5,13,4,4,1,4,5,2,17,2,41,2,9,5,5,7,21,8,20,10,16,,67,,1,22,121.5100741,25.04723942
113,5,13,13,27,2,12內湖區,內湖區金湖路北向南第61停車格前,0,0,1,1,B03,6,7,5,40,14,8,1,4,4,5,13,4,4,1,5,4,2,17,1,20,3,10,7,1,5,1,1,17,1,17,,19,,1,21,121.6009182,25.07592
113,5,13,13,27,2,12內湖區,內湖區金湖路北向南第61停車格前,0,0,1,2,C03,6,7,5,40,14,8,1,4,4,5,13,4,4,1,5,4,2,17,1,66,2,9,5,1,7,9,1,10,1,12,,116,,1,21,121.6009182,25.07592
113,5,13,13,41,2,06松山區,松山區南京東路5段298號,0,0,1,1,B12,6,6,8,50,22,22,1,4,4,5,13,4,4,1,4,4,2,17,1,56,2,8,7,1,7,6,1,8,2,7,,80,,1,21,121.5675497,25.0512853
113,5,13,13,41,2,06松山區,松山區南京東路5段298號,0,0,1,2,A12,6,6,8,50,22,22,1,4,4,5,13,4,4,1,4,4,2,17,1,26,3,10,7,1,7,9,1,2,2,2,8,13,,1,21,121.5675497,25.0512853
113,5,13,13,52,2,06松山區,松山區光復北路181號,0,0,1,1,C03,7,6,5,50,14,8,1,4,4,5,13,4,4,9,4,4,1,17,1,45,3,10,6,1,7,8,1,10,1,13,,100,,1,22,121.5551889,25.05849308
113,5,13,13,52,2,06松山區,松山區光復北路181號,0,0,1,2,C03,7,6,5,50,14,8,1,4,4,5,13,4,4,9,4,4,1,17,1,25,2,9,6,1,7,9,1,10,1,11,,44,,1,22,121.5551889,25.05849308
113,5,13,14,1,2,09北投區,北投區石牌路2段與石牌路2段75巷口,0,0,1,1,C03,6,6,5,50,14,9,1,4,4,5,13,1,1,9,4,5,2,16,2,49,2,9,5,1,7,5,1,10,1,12,,71,,1,21,121.5161408,25.1167159
113,5,13,14,1,2,09北投區,北投區石牌路2段與石牌路2段75巷口,0,0,1,2,C03,6,6,5,50,14,9,1,4,4,5,13,1,1,9,4,5,2,16,1,41,3,10,5,1,7,9,1,10,1,11,,44,,1,21,121.5161408,25.1167159
113,5,13,14,4,2,02萬華區,萬華區桂林路242巷與桂林路228巷11弄口,0,0,1,1,B03,7,5,5,50,5,1,1,5,4,5,13,1,1,1,3,5,1,16,1,43,3,10,3,4,7,5,1,8,1,4,,17,,1,22,121.4954692,25.0384206
113,5,13,14,4,2,02萬華區,萬華區桂林路242巷與桂林路228巷11弄口,0,0,1,2,C03,7,5,5,50,5,1,1,5,4,5,13,1,1,1,3,5,1,16,2,26,2,9,3,4,7,5,1,10,1,12,,17,,1,22,121.4954692,25.0384206
113,5,13,14,8,2,12內湖區,內湖區金豐街與石潭路口,0,0,1,1,B03,6,6,5,50,4,1,1,4,4,5,13,2,1,9,4,5,2,15,1,46,3,10,7,2,7,9,1,8,2,5,,81,,1,21,121.590414,25.06352832
113,5,13,14,8,2,12內湖區,內湖區金豐街與石潭路口,0,0,1,2,C03,6,6,5,50,4,1,1,4,4,5,13,2,1,9,4,5,2,15,2,71,2,9,6,1,7,9,3,18,2,14,,42,,1,21,121.590414,25.06352832
113,5,13,14,28,2,10文山區,文山區景福街與景福街242巷口口,0,0,1,1,B03,7,6,5,30,3,1,1,5,4,5,13,4,4,10,5,5,2,17,1,39,3,10,7,1,7,6,1,8,2,1,,72,,1,21,121.5397516,24.99357298
113,5,13,14,28,2,10文山區,文山區景福街與景福街242巷口口,0,0,1,2,C03,7,6,5,30,3,1,1,5,4,5,13,4,4,10,5,5,2,17,1,69,2,8,5,1,7,5,1,10,2,14,,44,,1,21,121.5397516,24.99357298
113,5,13,14,55,2,08士林區,士林區福林路與忠勇街口,0,0,1,1,B12,7,6,5,50,4,2,1,5,4,5,13,2,1,5,4,5,2,17,1,56,3,10,7,1,7,13,1,8,1,17,,40,,1,26,121.5342492,25.0979097
113,5,13,14,55,2,08士林區,士林區福林路與忠勇街口,0,0,1,2,A02,7,6,5,50,4,2,1,5,4,5,13,2,1,5,4,5,2,17,1,55,3,10,7,1,7,9,1,2,1,17,,44,,1,26,121.5342492,25.0979097
113,5,13,14,55,2,08士林區,士林區福林路與忠勇街口,0,0,1,3,H02,7,6,5,50,4,2,1,5,4,5,13,2,1,5,4,5,2,17,2,63,2,3,2,5,7,17,8,20,10,16,,67,,1,21,121.5342492,25.0979097
113,5,13,16,18,2,12內湖區,內湖區民權東路6段126號,0,0,1,1,C03,7,7,5,50,14,8,1,4,4,5,13,1,1,1,3,1,2,17,2,51,2,8,6,1,7,6,1,10,1,12,,9,,1,21,121.5875106,25.0689698
113,5,13,16,18,2,12內湖區,內湖區民權東路6段126號,0,0,1,2,C03,7,7,5,50,14,8,1,4,4,5,13,1,1,1,3,1,2,17,1,46,3,10,6,1,7,9,1,10,1,11,,44,,1,21,121.5875106,25.0689698
113,5,13,16,21,2,07信義區,信義區松仁路38號與松仁路口寒舍艾美酒店前,0,0,1,1,B01,6,6,5,50,3,1,1,4,4,5,13,4,4,1,4,5,2,16,1,51,3,10,7,1,7,6,1,4,2,5,,80,,1,21,121.5682974,25.0385065
113,5,13,16,21,2,07信義區,信義區松仁路38號與松仁路口寒舍艾美酒店前,0,0,1,2,C03,6,6,5,50,3,1,1,4,4,5,13,4,4,1,4,5,2,16,1,23,2,8,6,1,7,9,1,10,2,14,,108,,1,21,121.5682974,25.0385065
113,5,13,16,26,2,08士林區,士林區洲美快速道路013號電燈桿,0,0,1,1,C02,7,6,5,60,8,9,1,5,4,5,13,4,4,2,3,5,1,17,1,30,2,8,6,1,7,9,1,9,1,11,,16,,1,21,121.4971992,25.0955527
113,5,13,16,26,2,08士林區,士林區洲美快速道路013號電燈桿,0,0,1,2,B03,7,6,5,60,8,9,1,5,4,5,13,4,4,2,3,5,1,17,1,30,3,10,7,1,7,9,1,8,1,3,,44,,1,21,121.4971992,25.0955527
113,5,13,16,26,2,08士林區,士林區洲美快速道路013號電燈桿,0,0,1,3,B12,7,6,5,60,8,9,1,5,4,5,13,4,4,2,3,5,1,17,1,45,3,10,7,1,7,13,1,8,1,17,,44,,1,21,121.4971992,25.0955527
113,5,13,16,29,2,08士林區,士林區中正路與中正路口西向東近基河路,0,0,1,1,F03,8,6,5,40,14,7,1,5,4,5,13,4,4,1,4,4,1,12,2,50,2,9,4,1,7,8,8,20,1,14,,100,,1,21,121.5194992,25.09289132
113,5,13,16,29,2,08士林區,士林區中正路與中正路口西向東近基河路,0,0,1,2,B03,8,6,5,40,14,7,1,5,4,5,13,4,4,1,4,4,1,12,1,34,3,10,7,1,7,9,1,8,1,8,,44,,1,21,121.5194992,25.09289132
113,5,13,17,3,2,07信義區,信義區松德路39號,0,0,1,1,B02,8,7,5,30,14,9,1,5,4,5,13,4,4,9,4,5,2,9,1,58,3,10,7,1,7,9,1,8,11,2,,14,,2,21,121.5771797,25.0389969
113,5,13,17,3,2,07信義區,信義區松德路39號,0,0,1,2,H01,8,7,5,30,14,9,1,5,4,5,13,4,4,9,4,5,2,9,1,47,2,6,4,5,8,17,8,20,10,16,,54,,1,21,121.5771797,25.0389969
113,5,13,17,5,2,05中正區,中正區中山南路與愛國東路口,0,0,1,1,C03,6,5,5,50,4,2,1,4,4,5,13,1,1,5,4,1,2,17,1,38,3,10,5,1,7,9,1,10,9,17,,108,,2,22,121.5168038,25.0349333
113,5,13,17,5,2,05中正區,中正區中山南路與愛國東路口,0,0,1,2,C03,6,5,5,50,4,2,1,4,4,5,13,1,1,5,4,1,2,17,2,34,2,9,5,1,7,9,1,10,2,17,,44,,1,22,121.5168038,25.0349333
113,5,13,17,10,2,01大同區,大同區民權西路與承德路3段口(西北角）,0,0,1,1,B01,7,6,5,50,4,2,1,4,4,5,13,4,4,8,3,5,1,12,1,66,3,10,3,4,7,9,1,8,1,2,,108,,1,21,121.5178561,25.0630049
113,5,13,17,10,2,01大同區,大同區民權西路與承德路3段口(西北角）,0,0,1,2,C03,7,6,5,50,4,2,1,4,4,5,13,4,4,8,3,5,1,12,2,28,2,9,3,4,7,9,1,10,1,14,,44,,1,21,121.5178561,25.0630049
113,5,13,17,16,2,03中山區,中山區中山北路2段與民權東路1段口,0,0,1,1,C03,8,7,5,50,4,2,1,5,4,5,13,4,4,3,4,5,2,17,1,30,2,9,6,1,7,9,1,10,1,14,,42,,1,21,121.522807,25.06265051
113,5,13,17,16,2,03中山區,中山區中山北路2段與民權東路1段口,0,0,1,2,B03,8,7,5,50,4,2,1,5,4,5,13,4,4,3,4,5,2,17,1,42,3,10,7,1,7,15,1,8,9,17,,100,,1,21,121.522807,25.06265051
113,5,13,17,16,2,03中山區,中山區中山北路2段與民權東路1段口,0,0,1,3,,8,7,5,50,4,2,1,5,4,5,13,4,4,3,4,5,2,17,3,0,,,,,,,,,,,,67,,1,,121.522807,25.06265051
113,5,13,17,46,2,12內湖區,內湖區安康路與五分街口,0,0,2,1,C03,6,6,5,30,4,1,1,4,4,5,13,4,4,9,5,5,2,15,2,65,2,8,6,1,7,9,3,18,1,12,,14,,1,21,121.6152473,25.06733046
113,5,13,17,46,2,12內湖區,內湖區安康路與五分街口,0,0,2,2,C03,6,6,5,30,4,1,1,4,4,5,13,4,4,9,5,5,2,15,1,29,2,8,6,1,7,9,1,10,1,11,,80,,1,21,121.6152473,25.06733046
113,5,13,18,48,2,09北投區,北投區中央北路3段與中央北路3段40巷口,0,0,1,1,C03,6,5,5,50,3,2,1,4,4,5,13,2,1,5,4,5,2,12,2,49,2,8,5,1,7,7,1,9,1,14,,100,,1,21,121.4855118,25.1381972
113,5,13,18,48,2,09北投區,北投區中央北路3段與中央北路3段40巷口,0,0,1,2,C03,6,5,5,50,3,2,1,4,4,5,13,2,1,5,4,5,2,12,1,21,3,10,5,1,7,9,1,10,1,12,,44,,1,21,121.4855118,25.1381972
113,5,13,19,13,2,01大同區,大同區承德路2段2號,0,0,1,1,B01,7,5,5,50,14,9,1,4,4,5,13,4,4,1,4,5,2,17,1,64,3,10,3,4,7,14,1,4,1,7,,38,,1,21,121.5180584,25.0550236
113,5,13,19,13,2,01大同區,大同區承德路2段2號,0,0,1,2,C03,7,5,5,50,14,9,1,4,4,5,13,4,4,1,4,5,2,17,1,56,2,9,3,4,7,9,1,10,1,11,,108,,1,21,121.5180584,25.0550236
113,5,13,19,25,2,05中正區,中正區重慶南路3段137號,0,0,1,1,C03,7,5,5,50,14,9,1,5,4,5,13,4,4,3,4,5,2,12,1,25,3,10,5,1,7,9,1,10,2,12,,17,,1,21,121.5170412,25.0234462
113,5,13,19,25,2,05中正區,中正區重慶南路3段137號,0,0,1,2,C03,7,5,5,50,14,9,1,5,4,5,13,4,4,3,4,5,2,12,2,38,2,9,5,1,7,9,1,10,2,14,,44,,1,21,121.5170412,25.0234462
113,5,13,19,32,2,05中正區,中正區南海路與和平西路2段口,0,0,2,1,C03,7,5,5,50,4,2,1,5,4,5,13,1,1,5,4,5,2,12,1,19,2,9,5,1,7,7,1,10,1,12,,108,,1,22,121.5090756,25.0303497
113,5,13,19,32,2,05中正區,中正區南海路與和平西路2段口,0,0,2,2,C03,7,5,5,50,4,2,1,5,4,5,13,1,1,5,4,5,2,12,1,46,2,9,5,1,7,9,1,10,1,14,,44,,1,22,121.5090756,25.0303497
113,5,13,19,32,2,05中正區,中正區南海路與和平西路2段口,0,0,2,3,H02,7,5,5,50,4,2,1,5,4,5,13,1,1,5,4,5,2,12,1,19,4,11,5,5,7,20,8,20,10,16,,67,,1,22,121.5090756,25.0303497
113,5,13,19,32,2,05中正區,中正區南海路與和平西路2段口,0,0,2,4,H02,7,5,5,50,4,2,1,5,4,5,13,1,1,5,4,5,2,12,2,42,4,11,5,5,7,20,8,20,10,16,,67,,1,22,121.5090756,25.0303497
113,5,13,19,44,2,02萬華區,萬華區西園路1段194號對面,0,0,2,1,C03,8,5,5,40,14,9,1,5,4,5,13,4,4,1,4,5,2,13,1,68,2,8,5,4,7,9,1,10,1,11,,108,,1,21,121.4994787,25.0359195
113,5,13,19,44,2,02萬華區,萬華區西園路1段194號對面,0,0,2,2,B03,8,5,5,40,14,9,1,5,4,5,13,4,4,1,4,5,2,13,2,50,3,10,7,4,7,14,1,8,1,3,,44,,1,21,121.4994787,25.0359195
113,5,13,19,44,2,02萬華區,萬華區西園路1段194號對面,0,0,2,3,H02,8,5,5,40,14,9,1,5,4,5,13,4,4,1,4,5,2,13,2,64,2,8,5,5,7,20,8,20,10,16,,67,,1,21,121.4994787,25.0359195
113,5,13,19,59,1,05中正區,中正區羅斯福路1段與寧波西街口,1,0,3,1,C03,8,5,5,40,4,1,1,5,4,5,13,1,1,1,4,4,2,13,1,26,2,9,5,1,7,9,1,10,2,11,,16,,1,22,121.5189783,25.0316329
113,5,13,19,59,1,05中正區,中正區羅斯福路1段與寧波西街口,1,0,3,2,C03,8,5,5,40,4,1,1,5,4,5,13,1,1,1,4,4,2,13,1,53,1,9,5,1,7,14,1,10,9,13,,44,,1,22,121.5189783,25.0316329
113,5,13,19,59,1,05中正區,中正區羅斯福路1段與寧波西街口,1,0,3,3,C03,8,5,5,40,4,1,1,5,4,5,13,1,1,1,4,4,2,13,1,18,2,9,5,1,7,9,1,10,2,11,,108,,1,22,121.5189783,25.0316329
113,5,13,19,59,1,05中正區,中正區羅斯福路1段與寧波西街口,1,0,3,5,E01,8,5,5,40,4,1,1,5,4,5,13,1,1,1,4,4,2,13,1,33,3,10,7,1,7,9,1,6,2,17,,44,,1,23,121.5189783,25.0316329
113,5,13,19,59,1,05中正區,中正區羅斯福路1段與寧波西街口,1,0,3,4,H02,8,5,5,40,4,1,1,5,4,5,13,1,1,1,4,4,2,13,2,25,2,9,5,5,7,20,8,20,10,16,,67,,1,22,121.5189783,25.0316329
113,5,13,20,24,2,10文山區,文山區木柵路4段153號,0,0,1,1,B03,7,6,5,50,14,9,1,5,4,5,13,1,1,5,4,5,2,12,1,56,3,10,7,1,7,1,1,8,1,5,,118,,1,21,121.5750512,24.9988284
113,5,13,20,24,2,10文山區,文山區木柵路4段153號,0,0,1,2,C03,7,6,5,50,14,9,1,5,4,5,13,1,1,5,4,5,2,12,1,72,2,8,6,1,7,9,1,10,1,17,,44,,1,21,121.5750512,24.9988284
113,5,13,20,34,2,03中山區,中山區南京東路2段與南京東路口側附近2段21巷口,0,0,1,1,C03,6,5,5,50,3,2,1,4,4,5,13,1,1,1,4,4,2,17,2,29,2,9,5,4,7,9,1,10,1,17,,44,,1,21,121.5285578,25.0521666
113,5,13,20,34,2,03中山區,中山區南京東路2段與南京東路口側附近2段21巷口,0,0,1,2,B01,6,5,5,50,3,2,1,4,4,5,13,1,1,1,4,4,2,17,1,50,3,10,3,4,7,12,1,4,1,17,,44,,1,21,121.5285578,25.0521666
113,5,13,21,2,2,06松山區,松山區南京東路5段123巷與南京東路5段59巷27弄口,0,0,1,1,F02,6,5,5,50,4,1,1,4,4,5,13,4,4,10,5,5,2,11,2,39,2,8,4,1,7,15,8,20,1,12,,101,,1,22,121.5607984,25.05254349
113,5,13,21,2,2,06松山區,松山區南京東路5段123巷與南京東路5段59巷27弄口,0,0,1,2,B03,6,5,5,50,4,1,1,4,4,5,13,4,4,10,5,5,2,11,1,35,3,10,7,1,7,14,1,8,1,7,,38,,1,22,121.5607984,25.05254349
113,5,13,21,35,2,12內湖區,內湖區內湖路1段與內湖路1段437巷口,0,0,1,1,B03,6,5,5,50,3,2,1,4,4,5,13,1,1,1,4,4,2,17,1,54,3,10,7,1,7,8,1,8,1,17,,100,,1,21,121.5721871,25.08118192
113,5,13,21,35,2,12內湖區,內湖區內湖路1段與內湖路1段437巷口,0,0,1,2,C03,6,5,5,50,3,2,1,4,4,5,13,1,1,1,4,4,2,17,1,32,2,9,6,1,7,12,1,10,1,17,,44,,1,21,121.5721871,25.08118192
113,5,13,21,53,2,04大安區,大安區復興南路1段與東豐街口,0,0,1,1,B03,8,5,5,50,4,1,1,4,4,5,13,2,1,1,3,5,2,16,2,37,3,10,7,1,7,5,1,8,1,5,,71,,1,21,121.5435879,25.0361285
113,5,13,21,53,2,04大安區,大安區復興南路1段與東豐街口,0,0,1,2,C03,8,5,5,50,4,1,1,4,4,5,13,2,1,1,3,5,2,16,1,30,2,9,6,1,7,9,1,10,1,11,,44,,1,21,121.5435879,25.0361285
113,5,13,22,28,2,02萬華區,萬華區環河南路3段331號,0,0,1,2,C03,7,5,5,50,11,9,1,5,4,5,13,4,4,1,5,5,2,9,1,69,2,9,5,1,7,9,1,10,1,12,,42,,1,21,121.494686,25.0171908
113,5,13,22,28,2,02萬華區,萬華區環河南路3段331號,0,0,1,1,H03,7,5,5,50,11,9,1,5,4,5,13,4,4,1,5,5,2,9,1,46,3,10,4,5,8,21,8,20,10,16,,60,,1,21,121.494686,25.0171908
113,5,13,22,28,2,02萬華區,萬華區環河南路3段331號,0,0,1,3,,7,5,5,50,11,9,1,5,4,5,13,4,4,1,5,5,2,9,3,0,,,,,,,,,,,,61,,1,,121.494686,25.0171908
113,5,13,22,45,2,03中山區,中山區復興北路與民生東路3段口,0,0,1,1,C03,7,5,5,50,4,2,1,4,4,5,13,1,1,1,4,5,2,17,1,23,2,7,6,1,7,12,1,10,1,14,,42,,1,21,121.5440963,25.0581294
113,5,13,22,45,2,03中山區,中山區復興北路與民生東路3段口,0,0,1,2,B03,7,5,5,50,4,2,1,4,4,5,13,1,1,1,4,5,2,17,1,44,3,10,7,1,7,12,1,8,1,3,,99,,1,21,121.5440963,25.0581294
113,5,14,7,30,2,02萬華區,萬華區青年路152巷11號,0,0,1,1,G06,8,6,5,30,14,9,1,4,4,3,13,4,4,9,4,5,2,17,1,58,2,7,4,1,7,13,8,20,1,17,,35,,1,21,121.5020433,25.0209338
113,5,14,7,30,2,02萬華區,萬華區青年路152巷11號,0,0,1,2,B03,8,6,5,30,14,9,1,4,4,3,13,4,4,9,4,5,2,17,1,43,3,10,7,1,7,9,1,8,1,2,,44,,1,21,121.5020433,25.0209338
113,5,14,7,40,2,10文山區,文山區興隆路2段88-3號前,0,0,1,1,C03,7,6,5,50,14,9,1,5,4,5,13,4,4,1,4,5,2,17,2,67,2,3,6,1,7,9,3,18,11,11,,108,,1,21,121.5490145,25.0005721
113,5,14,7,40,2,10文山區,文山區興隆路2段88-3號前,0,0,1,2,B03,7,6,5,50,14,9,1,5,4,5,13,4,4,1,4,5,2,17,1,33,3,10,3,4,7,13,1,8,11,7,,38,,1,21,121.5490145,25.0005721
113,5,14,7,44,2,12內湖區,內湖區南湖大橋與康寧路3段口,0,0,1,1,B03,7,6,5,50,5,1,1,4,4,5,13,2,1,2,4,5,1,16,1,28,3,10,3,4,7,6,1,8,1,2,,9,,1,22,121.6110459,25.0648833
113,5,14,7,44,2,12內湖區,內湖區南湖大橋與康寧路3段口,0,0,1,2,C03,7,6,5,50,5,1,1,4,4,5,13,2,1,2,4,5,1,16,1,61,2,9,6,1,7,9,1,10,1,14,,44,,1,22,121.6110459,25.0648833
113,5,14,7,56,2,12內湖區,內湖區康樂街與康樂街48巷口,0,0,3,1,C03,7,6,5,50,3,1,1,5,4,5,13,4,4,5,4,5,2,16,1,42,2,8,5,1,7,5,1,9,1,11,,80,,1,21,121.6184498,25.06884579
113,5,14,7,56,2,12內湖區,內湖區康樂街與康樂街48巷口,0,0,3,2,C03,7,6,5,50,3,1,1,5,4,5,13,4,4,5,4,5,2,16,1,35,2,8,5,1,7,9,1,10,1,11,,14,,1,21,121.6184498,25.06884579
113,5,14,7,56,2,12內湖區,內湖區康樂街與康樂街48巷口,0,0,3,3,H02,7,6,5,50,3,1,1,5,4,5,13,4,4,5,4,5,2,16,1,8,2,8,5,5,7,21,8,20,10,16,,67,,1,21,121.6184498,25.06884579
113,5,14,8,0,2,12內湖區,內湖區成功路4段61巷與成功路4段口,0,0,2,1,C03,7,7,8,50,3,2,1,4,4,5,13,1,2,1,2,5,2,13,1,39,2,9,5,1,7,9,1,10,1,11,,116,,1,21,121.5923737,25.0822144
113,5,14,8,0,2,12內湖區,內湖區成功路4段61巷與成功路4段口,0,0,2,2,C03,7,7,8,50,3,2,1,4,4,5,13,1,2,1,2,5,2,13,1,25,2,8,5,1,7,12,1,9,1,13,,44,,1,21,121.5923737,25.0822144
113,5,14,8,12,2,03中山區,中山區南京東路3段200號,0,0,1,1,B03,7,5,5,50,14,7,1,5,4,5,13,2,1,3,4,4,2,13,1,46,3,10,3,4,7,9,1,8,1,1,,108,,1,21,121.5433206,25.051797
113,5,14,8,12,2,03中山區,中山區南京東路3段200號,0,0,1,2,C03,7,5,5,50,14,7,1,5,4,5,13,2,1,3,4,4,2,13,1,30,2,8,3,4,7,12,1,10,1,13,,44,,1,21,121.5433206,25.051797
113,5,14,8,25,2,12內湖區,內湖區成功路2段與金豐街口,0,0,1,1,C03,7,6,5,50,5,1,1,5,4,5,13,1,1,1,4,5,2,17,1,63,3,10,5,4,7,15,1,10,11,17,,100,,2,21,121.5902776,25.0644927
113,5,14,8,25,2,12內湖區,內湖區成功路2段與金豐街口,0,0,1,2,C03,7,6,5,50,5,1,1,5,4,5,13,1,1,1,4,5,2,17,1,36,2,9,5,1,7,9,1,10,2,14,,44,,1,21,121.5902776,25.0644927
113,5,14,8,31,2,07信義區,信義區基隆路汽機車混合地下道,0,0,1,1,B01,8,5,8,30,22,22,1,5,4,5,13,4,4,10,4,5,2,12,1,66,3,10,7,1,7,9,1,4,1,1,,42,,1,22,121.5626653,25.0380971
113,5,14,8,31,2,07信義區,信義區基隆路汽機車混合地下道,0,0,1,2,B03,8,5,8,30,22,22,1,5,4,5,13,4,4,10,4,5,2,12,1,36,2,9,7,1,7,14,1,8,1,3,,44,,1,22,121.5626653,25.0380971
113,5,14,8,36,2,12內湖區,內湖區金龍路與內湖路3段口,0,0,1,1,B03,7,6,6,50,4,1,1,5,4,5,13,2,1,5,4,4,2,15,1,39,3,10,3,4,7,11,1,10,1,6,,10,,1,22,121.5926416,25.0850071
113,5,14,8,36,2,12內湖區,內湖區金龍路與內湖路3段口,0,0,1,2,C03,7,6,6,50,4,1,1,5,4,5,13,2,1,5,4,4,2,15,1,29,2,9,6,1,7,9,1,9,1,11,,44,,1,22,121.5926416,25.0850071
113,5,14,8,40,2,03中山區,中山區合江街73巷口側附近,0,0,2,1,C03,6,7,5,50,14,9,1,4,4,5,13,4,4,9,4,5,2,16,1,35,3,10,6,1,7,5,1,10,1,14,,27,,1,22,121.5392107,25.0587971
113,5,14,8,40,2,03中山區,中山區合江街73巷口側附近,0,0,2,2,C03,6,7,5,50,14,9,1,4,4,5,13,4,4,9,4,5,2,16,2,24,2,9,6,1,7,5,1,10,1,12,,8,,1,22,121.5392107,25.0587971
113,5,14,8,40,2,03中山區,中山區合江街73巷口側附近,0,0,2,3,H02,6,7,5,50,14,9,1,4,4,5,13,4,4,9,4,5,2,16,2,25,2,8,6,5,7,20,8,20,10,16,,67,,1,22,121.5392107,25.0587971
113,5,14,8,41,2,03中山區,中山區松江路133巷與南京東路2段115巷口,0,0,1,1,C03,8,6,5,30,4,1,1,5,4,5,13,4,4,10,5,5,2,15,1,59,3,10,6,1,7,9,1,10,1,14,,14,,1,21,121.5336432,25.054369
113,5,14,8,41,2,03中山區,中山區松江路133巷與南京東路2段115巷口,0,0,1,2,C03,8,6,5,30,4,1,1,5,4,5,13,4,4,10,5,5,2,15,2,51,2,8,5,1,7,9,1,10,1,11,,14,,1,21,121.5336432,25.054369
113,5,14,9,0,2,12內湖區,內湖區瑞光路393巷8號,0,0,1,1,C03,7,6,5,50,14,9,1,4,4,5,13,4,4,5,4,5,2,16,2,35,2,8,5,1,7,5,1,10,1,13,,8,,1,21,121.5730185,25.0785768
113,5,14,9,0,2,12內湖區,內湖區瑞光路393巷8號,0,0,1,2,B03,7,6,5,50,14,9,1,4,4,5,13,4,4,5,4,5,2,16,1,36,3,10,7,1,7,4,1,8,1,5,,44,,1,21,121.5730185,25.0785768
113,5,14,9,0,2,12內湖區,內湖區江南街107巷與江南街117巷8弄口,0,0,1,1,B03,7,7,5,30,3,1,1,4,4,5,13,4,4,10,5,5,2,17,1,44,3,10,7,1,7,5,1,8,1,1,,72,,1,21,121.5769193,25.0762627
113,5,14,9,0,2,12內湖區,內湖區江南街107巷與江南街117巷8弄口,0,0,1,2,C03,7,7,5,30,3,1,1,4,4,5,13,4,4,10,5,5,2,17,1,61,2,9,5,1,7,9,1,10,1,11,,116,,1,21,121.5769193,25.0762627
113,5,14,9,45,2,09北投區,北投區文化三路與永興路1段口,0,0,1,1,B03,8,6,5,30,3,1,1,5,4,5,13,4,4,5,4,5,2,13,2,22,3,10,7,1,7,5,1,8,2,8,,108,,1,21,121.498462,25.13754063
113,5,14,9,45,2,09北投區,北投區文化三路與永興路1段口,0,0,1,2,C03,8,6,5,30,3,1,1,5,4,5,13,4,4,5,4,5,2,13,1,68,2,9,5,1,7,5,1,10,2,13,,44,,1,21,121.498462,25.13754063
113,5,14,9,54,2,06松山區,松山區吉祥路與八德路4段口,0,0,1,1,B01,8,6,5,30,4,1,1,5,4,5,13,2,1,5,5,5,2,17,2,34,3,10,7,1,7,5,1,4,1,4,,8,,1,21,121.5626463,25.0487552
113,5,14,9,54,2,06松山區,松山區吉祥路與八德路4段口,0,0,1,2,C03,8,6,5,30,4,1,1,5,4,5,13,2,1,5,5,5,2,17,1,35,2,7,5,1,7,9,1,10,1,12,,13,,1,21,121.5626463,25.0487552
113,5,14,10,1,2,05中正區,中正區三元街與南海路口,0,0,1,1,B12,8,7,5,30,4,2,1,5,4,5,13,2,1,5,4,5,2,12,4,70,,,,,,,,,11,,,108,,2,,121.5090651,25.0298781
113,5,14,10,1,2,05中正區,中正區三元街與南海路口,0,0,1,2,C03,8,7,5,30,4,2,1,5,4,5,13,2,1,5,4,5,2,12,1,71,2,3,5,1,7,9,1,10,1,11,,44,,1,21,121.5090651,25.0298781
113,5,14,10,1,2,05中正區,中正區三元街與南海路口,0,0,1,3,H02,8,7,5,30,4,2,1,5,4,5,13,2,1,5,4,5,2,12,2,60,4,11,5,5,7,20,8,20,10,16,,67,,1,21,121.5090651,25.0298781
113,5,14,10,25,2,10文山區,文山區木柵路1段與試院路口口,0,0,1,1,C03,6,6,5,50,3,1,1,4,4,5,13,1,1,5,4,5,1,12,1,20,2,7,5,1,7,8,1,10,1,12,,100,,1,25,121.5489438,24.98725252
113,5,14,10,25,2,10文山區,文山區木柵路1段與試院路口口,0,0,1,2,C03,6,6,5,50,3,1,1,4,4,5,13,1,1,5,4,5,1,12,1,39,3,10,6,1,7,9,1,10,1,14,,44,,1,21,121.5489438,24.98725252