發生年度,發生月,發生日,發生時-Hours,發生分,處理別-編號,區序,肇事地點,死亡人數,2-30日死亡人數,受傷人數,當事人序號,車種,天候,道路照明設備,道路類別,速限-速度限制,道路型態,事故位置,路面狀況1,路面狀況2,路面狀況3,道路障礙1,道路障礙2,號誌1,號誌2,車道劃分-分向,車道劃分-分道1,車道劃分-分道2,車道劃分-分道3,事故類型及型態,性別,年齡,受傷程度,主要傷處,保護裝置,行動電話,車輛用途,當事者行動狀態,駕駛資格情形,駕駛執照種類,飲酒情形,車輛撞擊部位1,車輛撞擊部位2,肇因碼-個別,肇因碼-主要,個人肇逃否,職業,座標-X,座標-Y
113,5,14,10,30,2,12內湖區,內湖區內湖路1段285巷65弄與內湖路1段323巷口,0,0,2,1,C03,6,6,5,30,3,2,1,4,4,5,13,4,4,9,4,5,2,17,1,21,2,8,6,1,7,9,1,10,9,14,,44,,1,21,121.5680963,25.08450492
113,5,14,10,30,2,12內湖區,內湖區內湖路1段285巷65弄與內湖路1段323巷口,0,0,2,3,H02,6,6,5,30,3,2,1,4,4,5,13,4,4,9,4,5,2,17,2,20,2,1,6,5,7,21,8,20,10,17,,67,,1,21,121.5680963,25.08450492
113,5,14,10,30,2,12內湖區,內湖區內湖路1段285巷65弄與內湖路1段323巷口,0,0,2,2,C03,6,6,5,30,3,2,1,4,4,5,13,4,4,9,4,5,2,17,2,76,4,11,3,4,7,5,3,18,9,15,,8,,2,22,121.5680963,25.08450492
113,5,14,10,30,2,12內湖區,內湖區瑞光路635號,0,0,1,2,C03,6,5,5,50,14,9,1,4,4,5,13,4,4,5,4,5,2,12,1,27,2,7,5,1,7,9,1,10,1,14,,44,,1,21,121.5664467,25.0804666
113,5,14,10,30,2,12內湖區,內湖區瑞光路635號,0,0,1,1,B02,6,5,5,50,14,9,1,4,4,5,13,4,4,5,4,5,2,12,2,25,3,10,7,1,7,7,1,8,1,5,,100,,1,21,121.5664467,25.0804666
113,5,14,10,35,2,01大同區,大同區台北橋機慢車道(往台北）,0,0,1,1,C03,7,6,7,0,14,11,1,4,4,5,13,4,4,8,3,5,1,13,1,49,4,11,3,4,7,10,7,19,11,15,,100,,2,21,121.5109339,25.0628538
113,5,14,10,35,2,01大同區,大同區台北橋機慢車道(往台北）,0,0,1,2,C03,7,6,7,0,14,11,1,4,4,5,13,4,4,8,3,5,1,13,1,52,2,9,6,1,7,9,1,10,1,13,,44,,1,21,121.5109339,25.0628538
113,5,14,10,38,2,04大安區,大安區信義路4段53巷與復興南路1段295巷口,0,0,1,1,B03,8,5,5,30,4,1,1,5,4,5,13,4,4,9,5,5,2,15,2,29,3,10,7,1,7,9,1,8,1,1,,108,,1,21,121.545134,25.0351364
113,5,14,10,38,2,04大安區,大安區信義路4段53巷與復興南路1段295巷口,0,0,1,2,C03,8,5,5,30,4,1,1,5,4,5,13,4,4,9,5,5,2,15,1,60,2,9,6,1,7,9,1,10,1,12,,44,,1,21,121.545134,25.0351364
113,5,14,10,49,2,09北投區,北投區致遠一路1段46巷橋運橋下,0,0,1,1,B03,8,6,5,50,14,9,1,5,4,5,13,4,4,4,1,5,2,17,1,63,3,10,7,1,7,9,1,8,1,5,,16,,1,21,121.5183793,25.11064672
113,5,14,10,49,2,09北投區,北投區致遠一路1段46巷橋運橋下,0,0,1,2,F01,8,6,5,50,14,9,1,5,4,5,13,4,4,4,1,5,2,17,2,61,2,9,4,1,7,15,8,20,1,13,,44,,1,21,121.5183793,25.11064672
113,5,14,11,2,2,02萬華區,萬華區西藏路與萬大路85巷20弄口,0,0,1,1,B03,7,6,5,30,3,1,1,5,4,5,13,4,4,3,4,5,2,16,1,62,3,10,3,4,7,6,1,4,1,4,,72,,1,22,121.5023075,25.0297761
113,5,14,11,2,2,02萬華區,萬華區西藏路與萬大路85巷20弄口,0,0,1,2,C03,7,6,5,30,3,1,1,5,4,5,13,4,4,3,4,5,2,16,1,46,2,8,6,1,7,9,6,18,1,11,,44,,1,22,121.5023075,25.0297761
113,5,14,11,44,2,11南港區,南港區重陽路526號,0,0,1,1,B03,7,7,5,40,14,8,1,5,4,5,13,4,4,9,5,4,2,16,1,41,3,10,7,1,7,1,1,8,1,4,,19,,1,22,121.6125095,25.0613024
113,5,14,11,44,2,11南港區,南港區重陽路526號,0,0,1,2,C03,7,7,5,40,14,8,1,5,4,5,13,4,4,9,5,4,2,16,1,28,2,3,5,1,7,9,1,10,1,11,,107,,1,22,121.6125095,25.0613024
113,5,14,11,44,2,11南港區,南港區重陽路526號,0,0,1,3,B12,7,7,5,40,14,8,1,5,4,5,13,4,4,9,5,4,2,16,1,28,3,10,7,1,7,13,1,8,1,17,,44,,1,21,121.6125095,25.0613024
113,5,14,12,39,2,09北投區,北投區石牌路2段與振興街口,0,0,1,1,B03,8,6,5,50,4,1,1,5,4,5,13,1,1,9,4,5,2,16,2,81,3,10,7,1,7,6,1,8,1,5,,9,,1,21,121.521313,25.1189375
113,5,14,12,39,2,09北投區,北投區石牌路2段與振興街口,0,0,1,2,C03,8,6,5,50,4,1,1,5,4,5,13,1,1,9,4,5,2,16,2,63,2,9,5,1,7,9,1,10,1,11,,44,,1,21,121.521313,25.1189375
113,5,14,12,39,2,09北投區,北投區石牌路2段與振興街口,0,0,1,1,B03,8,6,5,50,4,1,1,5,4,5,13,1,1,9,4,5,2,16,1,72,3,10,7,1,7,6,1,8,1,5,,9,,1,21,121.5212936,25.1189668
113,5,14,12,39,2,09北投區,北投區石牌路2段與振興街口,0,0,1,2,C03,8,6,5,50,4,1,1,5,4,5,13,1,1,9,4,5,2,16,2,22,2,8,5,1,7,9,1,10,1,14,,44,,1,21,121.5212936,25.1189668
113,5,14,13,13,2,09北投區,北投區建民路150巷與建民路口口,0,0,2,2,C04,8,6,5,30,4,1,1,5,4,5,13,4,4,10,5,5,2,17,2,43,2,9,6,1,7,9,1,10,2,11,,14,,1,21,121.5192945,25.11044
113,5,14,13,13,2,09北投區,北投區建民路150巷與建民路口口,0,0,2,1,C03,8,6,5,30,4,1,1,5,4,5,13,4,4,10,5,5,2,17,2,44,2,9,6,1,7,9,1,10,2,11,,72,,1,22,121.5192945,25.11044
113,5,14,13,15,2,09北投區,北投區北投路2段7號,0,0,1,1,C03,7,6,5,50,14,9,1,5,4,5,13,4,4,9,4,4,2,12,2,54,2,9,5,1,7,15,1,10,1,13,,118,,1,21,121.4993351,25.13056663
113,5,14,13,15,2,09北投區,北投區北投路2段7號,0,0,1,2,C03,7,6,5,50,14,9,1,5,4,5,13,4,4,9,4,4,2,12,1,42,3,10,5,1,7,9,1,10,1,11,,42,,1,21,121.4993351,25.13056663
113,5,14,13,22,2,10文山區,文山區木新路2段與保儀路口,0,0,1,1,B01,7,6,5,50,3,2,1,4,4,5,13,1,1,5,4,5,2,16,1,59,3,10,2,1,7,8,1,4,2,15,,100,,1,21,121.5655848,24.98285414
113,5,14,13,22,2,10文山區,文山區木新路2段與保儀路口,0,0,1,2,C03,7,6,5,50,3,2,1,4,4,5,13,1,1,5,4,5,2,16,1,22,2,9,6,1,7,9,1,10,2,11,12,44,,1,21,121.5655848,24.98285414
113,5,14,13,22,2,10文山區,文山區木新路2段與保儀路口,0,0,1,3,C04,7,6,5,50,3,2,1,4,4,5,13,1,1,5,4,5,2,16,2,19,4,11,3,4,7,15,1,10,9,14,,44,,1,25,121.5655848,24.98285414
113,5,14,13,29,2,02萬華區,萬華區梧州街36號對面,0,0,2,1,B01,7,6,5,30,14,9,1,5,4,5,13,4,4,10,5,5,2,17,1,55,3,10,3,4,7,14,1,4,1,2,,38,,1,21,121.4976136,25.0379076
113,5,14,13,29,2,02萬華區,萬華區梧州街36號對面,0,0,2,3,H02,7,6,5,30,14,9,1,5,4,5,13,4,4,10,5,5,2,17,1,73,2,8,2,5,7,20,8,20,10,16,,126,,1,22,121.4976136,25.0379076
113,5,14,13,29,2,02萬華區,萬華區梧州街36號對面,0,0,2,2,F01,7,6,5,30,14,9,1,5,4,5,13,4,4,10,5,5,2,17,2,84,2,9,2,1,7,9,8,20,1,14,,44,,1,22,121.4976136,25.0379076
113,5,14,13,38,2,03中山區,中山區民權東路1段46號,0,0,1,1,C03,8,6,6,50,14,9,1,5,4,5,13,1,1,1,5,4,2,13,1,67,2,9,5,4,7,9,1,10,1,11,,44,,1,22,121.5240748,25.0626724
113,5,14,13,38,2,03中山區,中山區民權東路1段46號,0,0,1,2,B03,8,6,6,50,14,9,1,5,4,5,13,1,1,1,5,4,2,13,1,49,3,10,3,4,7,9,1,8,1,3,,44,,1,22,121.5240748,25.0626724
113,5,14,13,45,2,06松山區,松山區敦化北路244巷與敦化北路244巷6弄口,0,0,2,1,B03,7,6,5,30,4,1,1,5,4,5,13,4,4,10,5,5,1,15,1,62,2,2,7,1,7,9,1,8,1,2,,72,,1,21,121.5494105,25.06064974
113,5,14,13,45,2,06松山區,松山區敦化北路244巷與敦化北路244巷6弄口,0,0,2,2,C03,7,6,5,30,4,1,1,5,4,5,13,4,4,10,5,5,1,15,1,24,2,9,6,1,7,9,1,10,1,11,,107,,1,21,121.5494105,25.06064974
113,5,14,13,45,2,07信義區,信義區仁愛路4段與仁愛路4段512巷口,0,0,1,1,B12,7,7,5,50,5,1,1,5,4,5,13,1,1,1,4,1,2,15,1,44,3,10,3,4,7,9,1,8,2,5,,81,,1,27,121.5613136,25.0374561
113,5,14,13,45,2,07信義區,信義區仁愛路4段與仁愛路4段512巷口,0,0,1,2,C03,7,7,5,50,5,1,1,5,4,5,13,1,1,1,4,1,2,15,1,48,2,9,6,4,7,9,1,10,2,11,,44,,1,21,121.5613136,25.0374561
113,5,14,14,56,2,10文山區,文山區木新路3段與忠順街1段26巷口,0,0,1,1,A04,8,7,5,50,4,1,1,5,4,5,13,2,1,10,5,5,2,9,1,59,3,10,3,4,7,15,1,2,1,17,,44,,1,21,121.5599816,24.9815517
113,5,14,14,56,2,10文山區,文山區木新路3段與忠順街1段26巷口,0,0,1,2,H02,8,7,5,50,4,1,1,5,4,5,13,2,1,10,5,5,2,9,2,73,2,7,2,5,7,20,8,20,10,16,,67,,1,21,121.5599816,24.9815517
113,5,14,15,33,2,04大安區,大安區信義路4段265巷與信義路4段265巷21弄口口,0,0,1,1,B03,8,6,5,30,3,1,1,5,4,5,13,4,4,8,5,5,1,17,1,27,3,10,7,1,7,5,1,8,1,6,,14,,1,21,121.5546974,25.03442344
113,5,14,15,33,2,04大安區,大安區信義路4段265巷與信義路4段265巷21弄口口,0,0,1,2,C03,8,6,5,30,3,1,1,5,4,5,13,4,4,8,5,5,1,17,1,53,2,2,6,1,7,9,1,10,1,11,,44,,1,21,121.5546974,25.03442344
113,5,14,15,33,2,07信義區,信義區永吉路278巷1弄11號,0,0,1,1,B03,8,6,5,30,14,9,1,5,4,5,13,4,4,10,5,5,2,10,1,67,3,10,7,1,7,9,1,8,1,1,,44,,1,21,121.5745412,25.0449804
113,5,14,15,33,2,07信義區,信義區永吉路278巷1弄11號,0,0,1,2,F01,8,6,5,30,14,9,1,5,4,5,13,4,4,10,5,5,2,10,1,80,2,7,4,1,7,9,8,20,1,11,,44,,1,21,121.5745412,25.0449804
113,5,14,15,50,2,12內湖區,內湖區康樂街95號,0,0,1,1,B03,8,7,5,50,14,9,1,5,4,5,13,4,4,9,5,5,2,12,2,33,4,11,3,4,7,21,7,19,11,15,,108,,2,21,121.6189924,25.07017442
113,5,14,15,50,2,12內湖區,內湖區康樂街95號,0,0,1,2,C04,8,7,5,50,14,9,1,5,4,5,13,4,4,9,5,5,2,12,2,53,2,9,5,1,7,9,1,8,2,14,,44,,1,21,121.6189924,25.07017442
113,5,14,15,50,2,12內湖區,內湖區民權東路6段25號,0,0,1,1,C03,8,6,6,50,14,9,1,5,4,5,13,4,4,1,4,5,2,18,1,36,2,9,5,1,7,9,1,10,1,11,,44,,1,21,121.5834278,25.0686153
113,5,14,15,50,2,12內湖區,內湖區民權東路6段25號,0,0,1,2,,8,6,6,50,14,9,1,5,4,5,13,4,4,1,4,5,2,18,3,0,,,,,,,,,,,,109,,1,,121.5834278,25.0686153
113,5,14,16,13,2,02萬華區,萬華區環河南路1段6號前,0,0,1,1,B03,8,5,8,50,22,22,1,5,4,5,13,4,4,10,5,5,2,17,1,59,3,10,3,4,7,1,1,8,1,5,,19,,1,21,121.505806,25.04849265
113,5,14,16,13,2,02萬華區,萬華區環河南路1段6號前,0,0,1,2,C03,8,5,8,50,22,22,1,5,4,5,13,4,4,10,5,5,2,17,1,25,2,9,3,4,7,9,1,10,1,12,,44,,1,21,121.505806,25.04849265
113,5,14,16,18,2,03中山區,中山區德惠街54號前,0,0,1,1,B01,7,7,5,50,14,7,1,5,4,5,13,4,4,9,4,4,2,17,1,57,3,10,3,4,7,9,1,4,1,4,,44,,1,21,121.5265175,25.0666414
113,5,14,16,18,2,03中山區,中山區德惠街54號前,0,0,1,2,C03,7,7,5,50,14,7,1,5,4,5,13,4,4,9,4,4,2,17,2,24,2,9,3,4,7,1,1,10,1,12,,19,,1,21,121.5265175,25.0666414
113,5,14,16,23,2,09北投區,北投區育仁路與育仁路135巷口,0,0,1,1,F01,7,6,5,30,14,9,1,5,4,5,13,4,4,9,4,5,2,29,1,15,2,9,2,1,7,9,8,20,1,11,,108,,1,21,121.5003118,25.136141
113,5,14,16,23,2,09北投區,北投區育仁路與育仁路135巷口,0,0,1,2,B03,7,6,5,30,14,9,1,5,4,5,13,4,4,9,4,5,2,29,1,65,4,11,7,4,7,13,7,19,9,15,,38,,1,21,121.5003118,25.136141
113,5,14,16,30,2,04大安區,大安區復興南路2段236號,0,0,1,1,B03,8,7,5,50,14,9,1,5,4,5,13,2,1,1,4,5,2,12,2,64,3,10,3,4,7,7,1,8,1,17,,100,,1,21,121.5433511,25.0254013
113,5,14,16,30,2,04大安區,大安區復興南路2段236號,0,0,1,2,C03,8,7,5,50,14,9,1,5,4,5,13,2,1,1,4,5,2,12,1,21,2,9,3,4,7,9,1,10,1,15,,44,,1,21,121.5433511,25.0254013
113,5,14,16,44,2,02萬華區,萬華區康定路與康定路46巷口,0,0,1,1,C03,8,7,5,50,3,2,1,5,4,5,13,4,4,9,5,5,2,13,1,39,3,10,5,1,7,9,1,10,1,11,,42,,1,21,121.5025742,25.0431907
113,5,14,16,44,2,02萬華區,萬華區康定路與康定路46巷口,0,0,1,2,C03,8,7,5,50,3,2,1,5,4,5,13,4,4,9,5,5,2,13,1,45,2,9,5,1,7,14,1,10,1,13,,44,,1,21,121.5025742,25.0431907
113,5,14,16,45,2,12內湖區,內湖區東湖路與東湖路7巷口,0,0,1,1,C03,7,6,5,50,3,2,1,5,4,5,13,4,4,9,4,5,2,12,2,20,2,8,6,1,7,7,1,10,2,14,,100,,1,21,121.6125711,25.06887882
113,5,14,16,45,2,12內湖區,內湖區東湖路與東湖路7巷口,0,0,1,2,B03,7,6,5,50,3,2,1,5,4,5,13,4,4,9,4,5,2,12,1,62,3,10,7,1,7,8,1,8,2,2,,44,,1,21,121.6125711,25.06887882
113,5,14,16,46,2,04大安區,大安區辛亥路3段與芳蘭路口口,0,0,1,1,B03,8,6,5,50,4,1,1,5,4,5,13,1,1,1,1,1,1,16,2,42,3,10,7,1,7,5,1,8,1,5,,71,,1,21,121.5489948,25.01679891
113,5,14,16,46,2,04大安區,大安區辛亥路3段與芳蘭路口口,0,0,1,2,C03,8,6,5,50,4,1,1,5,4,5,13,1,1,1,1,1,1,16,1,33,2,9,6,1,7,9,1,10,1,11,,44,,1,21,121.5489948,25.01679891
113,5,14,16,48,2,02萬華區,萬華區桂林路與康定路口,0,0,2,1,C03,7,6,5,50,4,2,1,5,4,5,13,2,1,5,4,5,2,13,1,69,2,9,6,1,7,9,1,10,2,11,,108,,1,21,121.5017989,25.0382415
113,5,14,16,48,2,02萬華區,萬華區桂林路與康定路口,0,0,2,2,C03,7,6,5,50,4,2,1,5,4,5,13,2,1,5,4,5,2,13,2,46,2,9,6,1,7,14,1,10,2,13,,44,,1,21,121.5017989,25.0382415
113,5,14,16,55,2,08士林區,士林區中山北路6段360號對面,0,0,2,1,C03,8,5,5,50,14,9,1,5,4,3,12,4,4,1,5,5,1,17,2,44,2,8,5,1,7,8,1,10,1,12,,100,,1,21,121.526169,25.11227772
113,5,14,16,55,2,08士林區,士林區中山北路6段360號對面,0,0,2,2,C03,8,5,5,50,14,9,1,5,4,3,12,4,4,1,5,5,1,17,2,26,2,8,5,1,7,9,1,10,1,11,,44,,1,21,121.526169,25.11227772
113,5,14,16,58,2,08士林區,士林區重慶北路4段與葫東街口,0,0,1,1,B03,8,6,5,40,4,1,1,5,4,5,13,1,1,1,4,4,2,12,1,65,3,10,3,4,7,9,1,8,2,2,,108,,1,21,121.5117148,25.0838739
113,5,14,16,58,2,08士林區,士林區重慶北路4段與葫東街口,0,0,1,2,C03,8,6,5,40,4,1,1,5,4,5,13,1,1,1,4,4,2,12,2,61,2,9,6,1,7,9,1,10,2,14,,44,,1,21,121.5117148,25.0838739
113,5,14,17,0,2,11南港區,南港區忠孝東路6段與忠孝東路口側附近6段188巷口,0,0,1,1,B03,8,7,5,50,4,1,1,5,4,5,13,2,1,1,4,5,1,16,2,37,3,10,3,4,7,5,1,8,1,5,,71,,1,22,121.5866227,25.0486105
113,5,14,17,0,2,11南港區,南港區忠孝東路6段與忠孝東路口側附近6段188巷口,0,0,1,2,C03,8,7,5,50,4,1,1,5,4,5,13,2,1,1,4,5,1,16,1,23,2,9,5,4,7,9,1,10,1,14,,13,,1,21,121.5866227,25.0486105
113,5,14,17,20,2,06松山區,松山區南京東路4段與敦化北路口,0,0,2,1,C03,8,6,5,50,4,2,1,5,4,5,13,2,1,1,4,5,2,13,1,29,2,9,6,4,7,9,1,10,1,11,,16,,1,21,121.5494341,25.05181464
113,5,14,17,20,2,06松山區,松山區南京東路4段與敦化北路口,0,0,2,2,C03,8,6,5,50,4,2,1,5,4,5,13,2,1,1,4,5,2,13,1,40,3,10,6,4,7,9,1,10,1,13,,44,,1,21,121.5494341,25.05181464
113,5,14,17,20,2,06松山區,松山區南京東路4段與敦化北路口,0,0,2,3,C03,8,6,5,50,4,2,1,5,4,5,13,2,1,1,4,5,2,13,1,39,2,9,6,4,7,9,1,10,1,11,,16,,1,21,121.5494341,25.05181464
113,5,14,17,42,2,04大安區,大安區和平東路3段與和平東路3段416巷口,0,0,1,1,C03,8,6,8,30,14,9,1,5,4,5,13,2,1,9,4,5,2,12,1,47,2,9,6,1,7,9,1,9,1,11,,16,,1,21,121.5588377,25.0181757
113,5,14,17,42,2,04大安區,大安區和平東路3段與和平東路3段416巷口,0,0,1,2,B03,8,6,8,30,14,9,1,5,4,5,13,2,1,9,4,5,2,12,1,21,3,10,7,1,7,9,1,8,1,3,,13,,1,21,121.5588377,25.0181757
113,5,14,18,8,2,01大同區,大同區民權西路與大龍街口,0,0,2,1,C03,8,6,5,50,4,2,1,5,4,5,13,2,1,1,4,5,2,13,1,56,2,3,3,4,7,9,1,10,2,11,,16,,1,21,121.5162479,25.0630423
113,5,14,18,8,2,01大同區,大同區民權西路與大龍街口,0,0,2,2,B03,8,6,5,50,4,2,1,5,4,5,13,2,1,1,4,5,2,13,1,49,3,10,3,4,7,12,1,8,2,3,,44,,1,21,121.5162479,25.0630423
113,5,14,18,8,2,01大同區,大同區民權西路與大龍街口,0,0,2,3,C03,8,6,5,50,4,2,1,5,4,5,13,2,1,1,4,5,2,13,2,22,2,9,3,4,7,9,1,10,2,11,,16,,1,21,121.5162479,25.0630423
113,5,14,18,8,2,01大同區,大同區民權西路與大龍街口,0,0,2,4,C03,8,6,5,50,4,2,1,5,4,5,13,2,1,1,4,5,2,13,1,43,3,10,3,4,7,7,1,10,9,17,,100,,1,21,121.5162479,25.0630423
113,5,14,18,15,2,12內湖區,內湖區成功路3段179號,0,0,1,1,C03,8,5,5,50,14,7,1,5,4,5,13,4,4,1,4,4,2,12,2,19,2,9,5,1,7,4,1,10,1,12,,17,,1,21,121.5906595,25.0801294
113,5,14,18,15,2,12內湖區,內湖區成功路3段179號,0,0,1,2,F01,8,5,5,50,14,7,1,5,4,5,13,4,4,1,4,4,2,12,2,17,3,10,4,1,7,9,8,20,1,15,,44,,1,21,121.5906595,25.0801294
113,5,14,18,15,2,12內湖區,內湖區成功路3段179號,0,0,1,3,B03,8,5,5,50,14,7,1,5,4,5,13,4,4,1,4,4,2,12,1,66,3,10,7,1,7,14,1,8,1,3,,44,,1,21,121.5906595,25.0801294
113,5,14,18,41,2,03中山區,中山區新生北路3段與農安街口迴轉道,0,0,3,1,C03,8,6,5,50,3,1,1,5,4,5,13,4,4,1,5,5,1,16,2,32,2,9,3,4,7,5,1,10,1,14,,8,,1,21,121.5274495,25.064668
113,5,14,18,41,2,03中山區,中山區新生北路3段與農安街口迴轉道,0,0,3,2,C03,8,6,5,50,3,1,1,5,4,5,13,4,4,1,5,5,1,16,1,43,2,9,3,4,7,9,1,10,1,11,,44,,1,21,121.5274495,25.064668
113,5,14,18,41,2,03中山區,中山區新生北路3段與農安街口迴轉道,0,0,3,3,H02,8,6,5,50,3,1,1,5,4,5,13,4,4,1,5,5,1,16,1,5,2,9,4,5,7,20,8,20,10,16,,67,,1,21,121.5274495,25.064668
113,5,14,18,44,2,05中正區,中正區中山南路與仁愛路1段口,0,0,2,1,B03,8,5,5,50,5,2,1,5,4,5,13,1,1,1,5,5,2,17,1,63,3,10,7,1,7,9,1,8,1,6,6,44,,1,21,121.5179143,25.03935241
113,5,14,18,44,2,05中正區,中正區中山南路與仁愛路1段口,0,0,2,2,C03,8,5,5,50,5,2,1,5,4,5,13,1,1,1,5,5,2,17,1,25,2,9,6,1,7,7,1,10,1,14,14,100,,1,21,121.5179143,25.03935241
113,5,14,18,44,2,05中正區,中正區中山南路與仁愛路1段口,0,0,2,3,H02,8,5,5,50,5,2,1,5,4,5,13,1,1,1,5,5,2,17,2,25,2,9,6,5,7,20,8,20,10,16,16,67,,1,21,121.5179143,25.03935241
113,5,14,19,36,2,06松山區,松山區慶城街與興安街口,0,0,1,1,B03,8,5,5,30,3,1,1,5,4,5,13,1,1,1,5,5,2,13,1,39,3,10,7,1,7,11,1,8,1,1,,108,,1,22,121.5471064,25.0556799
113,5,14,19,36,2,06松山區,松山區慶城街與興安街口,0,0,1,2,C03,8,5,5,30,3,1,1,5,4,5,13,1,1,1,5,5,2,13,1,41,2,7,6,1,7,5,1,10,1,13,,44,,1,22,121.5471064,25.0556799
113,5,14,19,59,2,10文山區,文山區保儀路與恆光街口口,0,0,1,1,B03,8,5,5,50,3,1,1,5,4,5,13,4,4,10,5,5,2,16,1,57,3,10,7,1,7,5,1,8,2,5,,72,,1,21,121.5660585,24.9838548
113,5,14,19,59,2,10文山區,文山區保儀路與恆光街口口,0,0,1,2,B01,8,5,5,50,3,1,1,5,4,5,13,4,4,10,5,5,2,16,2,32,2,1,7,1,7,9,1,4,2,4,,44,,1,21,121.5660585,24.9838548
113,5,14,20,21,2,01大同區,大同區民族西路與民族西路99巷口口,0,0,2,1,C03,8,5,5,50,3,1,1,5,4,5,13,4,4,5,5,5,2,13,1,21,2,9,6,1,7,9,1,10,2,11,14,108,,1,29,121.5174532,25.0685925
113,5,14,20,21,2,01大同區,大同區民族西路與民族西路99巷口口,0,0,2,2,B03,8,5,5,50,3,1,1,5,4,5,13,4,4,5,5,5,2,13,1,34,3,10,7,1,7,14,1,8,2,7,,44,,1,21,121.5174532,25.0685925
113,5,14,20,21,2,01大同區,大同區民族西路與民族西路99巷口口,0,0,2,3,C03,8,5,5,50,3,1,1,5,4,5,13,4,4,5,5,5,2,13,1,49,2,9,6,1,7,9,1,10,2,12,,13,,1,21,121.5174532,25.0685925
113,5,14,21,0,2,03中山區,中山區明水路與樂群一路口,0,0,1,1,B03,8,5,5,50,3,1,1,5,4,5,13,2,1,1,5,5,1,16,1,61,3,10,3,4,7,5,1,8,1,6,,101,,1,21,121.5506987,25.07745
113,5,14,21,0,2,03中山區,中山區明水路與樂群一路口,0,0,1,2,C03,8,5,5,50,3,1,1,5,4,5,13,2,1,1,5,5,1,16,1,27,2,9,3,4,7,9,1,10,1,11,,13,,1,21,121.5506987,25.07745
113,5,14,21,5,2,01大同區,大同區民生西路與環河北路1段口,0,0,1,1,C03,8,5,5,50,14,9,1,5,4,5,13,2,1,9,4,5,2,13,1,19,2,9,6,4,7,5,1,10,1,13,,99,,1,22,121.5083008,25.0568652
113,5,14,21,5,2,01大同區,大同區民生西路與環河北路1段口,0,0,1,2,B03,8,5,5,50,14,9,1,5,4,5,13,2,1,9,4,5,2,13,1,64,3,10,7,4,7,6,1,8,1,1,,108,,1,22,121.5083008,25.0568652
113,5,14,21,30,2,10文山區,文山區下崙路與下崙路11巷口口,0,0,1,1,F01,8,6,5,30,3,1,1,5,4,5,13,4,4,9,5,5,2,16,1,14,3,10,2,1,7,5,8,20,1,14,,118,,1,15,121.5601033,24.9865764
113,5,14,21,30,2,10文山區,文山區下崙路與下崙路11巷口口,0,0,1,2,C03,8,6,5,30,3,1,1,5,4,5,13,4,4,9,5,5,2,16,1,31,2,7,5,1,7,9,1,10,1,12,,118,,1,21,121.5601033,24.9865764
113,5,14,21,34,2,03中山區,中山區新生北路3段與德惠街口迴轉道,0,0,1,1,B03,8,5,5,50,3,1,1,5,4,5,13,1,1,10,4,5,2,17,1,25,3,10,7,1,7,9,1,8,1,17,,81,,1,21,121.5279779,25.06657646
113,5,14,21,34,2,03中山區,中山區新生北路3段與德惠街口迴轉道,0,0,1,2,C03,8,5,5,50,3,1,1,5,4,5,13,1,1,10,4,5,2,17,1,48,2,9,5,1,7,6,1,10,1,12,,44,,1,21,121.5279779,25.06657646
113,5,14,22,23,2,12內湖區,內湖區成功路2段325號附近,0,0,1,1,B03,8,5,5,50,14,9,1,5,4,5,13,4,4,1,4,5,2,17,1,41,3,10,3,4,7,15,1,8,2,4,,40,,1,21,121.5898728,25.07201682
113,5,14,22,23,2,12內湖區,內湖區成功路2段325號附近,0,0,1,2,C03,8,5,5,50,14,9,1,5,4,5,13,4,4,1,4,5,2,17,1,26,2,9,5,1,7,9,1,10,2,12,,44,,1,21,121.5898728,25.07201682
113,5,15,0,26,2,12內湖區,內湖區成功路2段456巷3-1號前,0,0,1,1,C04,8,5,5,30,11,9,1,5,4,5,13,4,4,10,5,5,2,17,1,20,2,8,5,1,7,9,1,8,1,14,,17,,1,21,121.5875407,25.07362103
113,5,15,0,26,2,12內湖區,內湖區成功路2段456巷3-1號前,0,0,1,2,B03,8,5,5,30,11,9,1,5,4,5,13,4,4,10,5,5,2,17,1,49,3,10,7,1,7,9,1,8,1,4,,17,,1,21,121.5875407,25.07362103
113,5,15,4,5,2,03中山區,中山區民生東路1段25-13號,0,0,1,1,B01,8,5,5,50,14,9,1,5,4,5,13,4,4,4,5,5,1,11,1,63,3,10,3,4,7,11,1,4,1,5,,10,,1,21,121.5246919,25.0580396
113,5,15,4,5,2,03中山區,中山區民生東路1段25-13號,0,0,1,2,C03,8,5,5,50,14,9,1,5,4,5,13,4,4,4,5,5,1,11,2,19,2,9,3,4,7,9,1,10,1,11,,13,,1,21,121.5246919,25.0580396
113,5,15,5,50,2,10文山區,文山區萬隆街62巷17號,0,0,1,1,B03,8,6,5,30,14,9,1,5,4,5,12,4,4,10,5,5,2,16,2,62,3,10,7,1,7,1,1,8,2,17,,19,,1,21,121.5374212,25.00156195
113,5,15,5,50,2,10文山區,文山區萬隆街62巷17號,0,0,1,2,C03,8,6,5,30,14,9,1,5,4,5,12,4,4,10,5,5,2,16,1,31,2,9,6,1,7,12,1,10,2,14,,13,,1,21,121.5374212,25.00156195
113,5,15,6,29,2,05中正區,中正區延平南路與延平南路216巷口,0,0,1,1,C03,8,6,5,50,4,1,1,5,4,5,13,4,4,5,2,5,2,17,2,23,3,10,5,1,7,11,1,10,2,14,,10,,1,21,121.5075268,25.0344116