發生年度,發生月,發生日,發生時-Hours,發生分,處理別-編號,區序,肇事地點,死亡人數,2-30日死亡人數,受傷人數,當事人序號,車種,天候,道路照明設備,道路類別,速限-速度限制,道路型態,事故位置,路面狀況1,路面狀況2,路面狀況3,道路障礙1,道路障礙2,號誌1,號誌2,車道劃分-分向,車道劃分-分道1,車道劃分-分道2,車道劃分-分道3,事故類型及型態,性別,年齡,受傷程度,主要傷處,保護裝置,行動電話,車輛用途,當事者行動狀態,駕駛資格情形,駕駛執照種類,飲酒情形,車輛撞擊部位1,車輛撞擊部位2,肇因碼-個別,肇因碼-主要,個人肇逃否,職業,座標-X,座標-Y
113,5,15,6,29,2,05中正區,中正區延平南路與延平南路216巷口,0,0,1,2,C03,8,6,5,50,4,1,1,5,4,5,13,4,4,5,2,5,2,17,1,65,2,9,5,1,7,9,1,10,2,12,,14,,1,21,121.5075268,25.0344116
113,5,15,6,29,2,05中正區,中正區延平南路與延平南路216巷口,0,0,1,3,H02,8,6,5,50,4,1,1,5,4,5,13,4,4,5,2,5,2,17,2,65,4,11,5,5,7,20,8,20,10,16,,67,,1,21,121.5075268,25.0344116
113,5,15,6,29,2,05中正區,中正區延平南路與延平南路216巷口,0,0,1,4,,8,6,5,50,4,1,1,5,4,5,13,4,4,5,2,5,2,17,3,0,,,,,,,,,,,,67,,1,,121.5075268,25.0344116
113,5,15,6,55,2,10文山區,文山區辛亥路7段與辛亥路7段26巷口,0,0,2,1,C03,8,6,5,50,3,2,1,5,4,5,13,1,1,5,5,4,2,13,1,56,2,9,6,1,7,9,1,10,9,11,,16,,1,21,121.5534314,24.9860333
113,5,15,6,55,2,10文山區,文山區辛亥路7段與辛亥路7段26巷口,0,0,2,2,C03,8,6,5,50,3,2,1,5,4,5,13,1,1,5,5,4,2,13,2,19,2,9,6,1,7,14,1,10,9,13,,44,,1,21,121.5534314,24.9860333
113,5,15,7,15,2,11南港區,南港區忠孝東路7段515號,0,0,3,1,C03,8,6,5,40,14,7,1,5,4,5,13,4,4,1,4,4,2,17,2,35,4,11,3,4,7,21,7,19,11,15,,100,,2,22,121.6122847,25.05275975
113,5,15,7,15,2,11南港區,南港區忠孝東路7段515號,0,0,3,2,C03,8,6,5,40,14,7,1,5,4,5,13,4,4,1,4,4,2,17,2,28,2,9,6,1,7,9,1,10,1,13,,44,,1,21,121.6122847,25.05275975
113,5,15,7,15,2,11南港區,南港區忠孝東路7段515號,0,0,3,3,B01,8,6,5,40,14,7,1,5,4,5,13,4,4,1,4,4,2,17,1,66,3,10,7,1,7,9,1,4,1,5,,16,,1,21,121.6122847,25.05275975
113,5,15,7,15,2,11南港區,南港區忠孝東路7段515號,0,0,3,4,C03,8,6,5,40,14,7,1,5,4,5,13,4,4,1,4,4,2,17,2,44,2,8,6,1,7,9,1,10,1,11,,16,,1,21,121.6122847,25.05275975
113,5,15,7,15,2,11南港區,南港區忠孝東路7段515號,0,0,3,5,H02,8,6,5,40,14,7,1,5,4,5,13,4,4,1,4,4,2,17,2,16,2,8,6,5,7,20,8,20,10,16,,67,,1,21,121.6122847,25.05275975
113,5,15,7,30,2,05中正區,中正區忠孝東路2段與忠孝東路2段64巷口,0,0,1,1,C03,8,6,5,40,3,1,1,5,4,5,13,1,1,1,4,5,2,13,2,39,3,10,6,1,7,9,1,10,2,11,,108,,1,21,121.5287052,25.04335357
113,5,15,7,30,2,05中正區,中正區忠孝東路2段與忠孝東路2段64巷口,0,0,1,2,C03,8,6,5,40,3,1,1,5,4,5,13,1,1,1,4,5,2,13,1,26,2,8,6,1,7,14,1,10,2,13,,44,,1,21,121.5287052,25.04335357
113,5,15,7,32,2,10文山區,文山區政大一街與萬壽路口,0,0,1,1,B03,8,7,5,30,3,1,1,5,4,5,13,4,4,10,5,5,1,16,1,55,3,10,7,1,7,5,1,8,1,1,,72,,1,21,121.5876158,24.9880358
113,5,15,7,32,2,10文山區,文山區政大一街與萬壽路口,0,0,1,2,C03,8,7,5,30,3,1,1,5,4,5,13,4,4,10,5,5,1,16,2,69,2,9,5,1,7,9,3,18,1,11,,108,,1,21,121.5876158,24.9880358
113,5,15,7,43,2,04大安區,大安區辛亥路3段與基隆路3段口,0,0,2,1,C03,8,5,5,50,4,2,1,5,4,5,13,4,4,10,4,5,2,17,1,56,2,9,3,4,7,8,1,10,1,12,,100,,1,22,121.5468258,25.019138
113,5,15,7,43,2,04大安區,大安區辛亥路3段與基隆路3段口,0,0,2,2,C03,8,5,5,50,4,2,1,5,4,5,13,4,4,10,4,5,2,17,1,57,2,9,3,4,7,9,1,10,1,14,,44,,1,22,121.5468258,25.019138
113,5,15,7,58,2,03中山區,中山區中山北路3段40號,0,0,2,1,C03,8,7,5,50,14,9,1,5,4,5,13,2,1,1,4,5,2,13,2,32,2,8,6,1,7,9,1,10,1,12,,108,,1,22,121.522329,25.0668215
113,5,15,7,58,2,03中山區,中山區中山北路3段40號,0,0,2,2,C03,8,7,5,50,14,9,1,5,4,5,13,2,1,1,4,5,2,13,2,47,2,7,6,1,7,13,1,10,1,13,,44,,1,22,121.522329,25.0668215
113,5,15,8,2,2,03中山區,中山區明水路與樂群一路口,0,0,1,1,B03,8,5,5,50,3,1,1,5,4,5,13,1,1,1,4,5,2,12,1,52,3,10,3,4,7,9,1,8,1,2,,108,,1,21,121.551084,25.07725018
113,5,15,8,2,2,03中山區,中山區明水路與樂群一路口,0,0,1,2,C03,8,5,5,50,3,1,1,5,4,5,13,1,1,1,4,5,2,12,2,37,2,9,3,4,7,9,1,10,1,14,,17,,1,21,121.551084,25.07725018
113,5,15,8,17,2,07信義區,信義區忠孝東路5段236巷3弄9號,0,0,1,1,F01,8,6,5,30,14,9,1,5,4,5,13,4,4,10,5,5,1,13,1,17,2,9,4,4,7,9,8,20,1,11,,107,,1,16,121.5725187,25.04042554
113,5,15,8,17,2,07信義區,信義區忠孝東路5段236巷3弄9號,0,0,1,2,B01,8,6,5,30,14,9,1,5,4,5,13,4,4,10,5,5,1,13,1,60,3,10,3,4,7,14,1,4,1,7,,44,,1,21,121.5725187,25.04042554
113,5,15,8,39,2,04大安區,大安區永康街13巷與信義路2段198巷口,0,0,2,1,C03,8,5,5,30,4,1,1,5,4,5,13,4,4,10,3,5,1,15,1,18,2,8,5,1,7,9,1,10,1,12,,72,,1,21,121.5305507,25.032762
113,5,15,8,39,2,04大安區,大安區永康街13巷與信義路2段198巷口,0,0,2,2,C03,8,5,5,30,4,1,1,5,4,5,13,4,4,10,3,5,1,15,2,60,2,9,5,1,7,9,1,10,1,11,,14,,1,21,121.5305507,25.032762
113,5,15,8,40,2,05中正區,中正區中山南路5號(機車停等區),0,0,1,1,C03,8,6,5,50,14,9,1,5,4,5,13,2,1,1,4,1,2,13,1,73,4,11,3,4,7,15,7,19,11,15,,16,,2,22,121.5189899,25.0431204
113,5,15,8,40,2,05中正區,中正區中山南路5號(機車停等區),0,0,1,2,C03,8,6,5,50,14,9,1,5,4,5,13,2,1,1,4,1,2,13,1,44,2,8,6,1,7,15,1,10,1,14,,44,,1,21,121.5189899,25.0431204
113,5,15,8,43,2,04大安區,大安區信義路2段138號,0,0,1,1,B03,8,5,5,50,14,9,1,5,4,5,13,4,4,7,4,5,2,16,1,42,3,10,7,1,7,8,1,8,2,2,,100,,1,21,121.5284648,25.0338332
113,5,15,8,43,2,04大安區,大安區信義路2段138號,0,0,1,2,C03,8,5,5,50,14,9,1,5,4,5,13,4,4,7,4,5,2,16,1,35,2,9,6,1,7,9,1,10,2,14,,44,,1,21,121.5284648,25.0338332
113,5,15,8,43,2,04大安區,大安區信義路2段138號,0,0,1,3,B12,8,5,5,50,14,9,1,5,4,5,13,4,4,7,4,5,2,16,1,27,3,10,3,1,7,14,1,8,2,7,,38,,1,21,121.5284648,25.0338332
113,5,15,9,26,2,04大安區,大安區市民大道4段與光復南路72巷23弄口,0,0,1,1,B03,8,6,5,40,4,1,1,5,4,5,13,3,1,1,4,5,2,16,1,49,3,10,3,4,7,6,1,8,1,2,,71,,1,22,121.554272,25.03704661
113,5,15,9,26,2,04大安區,大安區市民大道4段與光復南路72巷23弄口,0,0,1,2,C03,8,6,5,40,4,1,1,5,4,5,13,3,1,1,4,5,2,16,2,28,2,9,6,4,7,9,1,10,1,11,,13,,1,22,121.554272,25.03704661
113,5,15,9,29,2,12內湖區,內湖區瑞光路478巷18弄與瑞光路口,0,0,1,1,B03,8,6,5,50,3,1,1,5,4,5,13,4,4,10,4,5,2,3,1,25,3,10,3,4,7,9,1,10,2,5,,70,,1,22,121.5691014,25.0780908
113,5,15,9,29,2,12內湖區,內湖區瑞光路478巷18弄與瑞光路口,0,0,1,2,H01,8,6,5,50,3,1,1,5,4,5,13,4,4,10,4,5,2,3,1,24,2,9,4,5,8,18,8,20,10,16,,67,,1,22,121.5691014,25.0780908
113,5,15,9,32,2,07信義區,信義區永吉路67號,0,0,1,1,B03,8,6,5,50,14,9,1,5,4,5,13,4,4,1,4,5,2,17,2,25,3,10,7,1,7,7,1,8,1,7,,100,,1,21,121.5692809,25.045831
113,5,15,9,32,2,07信義區,信義區永吉路67號,0,0,1,2,C03,8,6,5,50,14,9,1,5,4,5,13,4,4,1,4,5,2,17,1,33,2,9,6,1,7,12,1,10,1,11,,13,,1,21,121.5692809,25.045831
113,5,15,9,33,2,03中山區,中山區民生東路1段與林森北路口,0,0,1,1,C03,8,5,5,50,4,1,1,5,4,5,13,1,1,5,4,5,2,13,2,54,2,8,3,4,7,9,1,10,1,14,,16,,1,21,121.5256151,25.0580175
113,5,15,9,33,2,03中山區,中山區民生東路1段與林森北路口,0,0,1,2,B01,8,5,5,50,4,1,1,5,4,5,13,1,1,5,4,5,2,13,1,43,3,10,3,4,7,9,1,4,1,6,,44,,1,21,121.5256151,25.0580175
113,5,15,9,58,2,07信義區,信義區大道路52號,0,0,1,1,B03,8,6,5,0,14,9,1,5,4,5,13,4,4,9,5,5,1,17,1,27,3,10,3,4,7,13,1,8,1,4,,38,,1,22,121.5822269,25.04130004
113,5,15,9,58,2,07信義區,信義區大道路52號,0,0,1,2,F03,8,6,5,0,14,9,1,5,4,5,13,4,4,9,5,5,1,17,2,61,2,9,2,4,7,9,8,20,1,11,,42,,1,22,121.5822269,25.04130004
113,5,15,10,0,2,03中山區,中山區大佳河濱公園南側自行車道,0,0,1,1,B12,8,7,7,50,14,23,1,5,4,5,13,4,4,9,4,5,2,17,1,50,3,10,7,1,7,14,1,8,1,17,,44,,1,22,121.5264619,25.0727638
113,5,15,10,0,2,03中山區,中山區大佳河濱公園南側自行車道,0,0,1,2,F01,8,7,7,50,14,23,1,5,4,5,13,4,4,9,4,5,2,17,1,25,2,9,4,1,7,9,8,20,1,11,,44,,1,22,121.5264619,25.0727638
113,5,15,10,0,2,03中山區,中山區大佳河濱公園南側自行車道,0,0,1,3,H02,8,7,7,50,14,23,1,5,4,5,13,4,4,9,4,5,2,17,1,53,3,10,7,5,7,20,8,20,10,17,,60,,1,22,121.5264619,25.0727638
113,5,15,10,27,2,02萬華區,萬華區寶興街169號,0,0,2,1,C03,8,6,5,50,14,9,1,5,4,5,13,4,4,9,5,5,2,17,2,66,2,9,3,4,7,1,3,18,1,14,,19,,1,22,121.4955726,25.0231505
113,5,15,10,27,2,02萬華區,萬華區寶興街169號,0,0,2,2,C03,8,6,5,50,14,9,1,5,4,5,13,4,4,9,5,5,2,17,2,25,2,8,6,4,7,9,1,10,1,11,,44,,1,22,121.4955726,25.0231505
113,5,15,10,30,2,03中山區,中山區長安東路2段與建國北路1段口,0,0,1,1,B03,8,7,5,50,4,1,1,5,4,5,13,2,1,10,5,5,2,2,2,72,3,10,7,1,7,6,1,8,2,5,,70,,1,21,121.5365703,25.04838424
113,5,15,10,30,2,03中山區,中山區長安東路2段與建國北路1段口,0,0,1,2,H01,8,7,5,50,4,1,1,5,4,5,13,2,1,10,5,5,2,2,2,41,2,1,4,5,8,16,8,20,10,16,,67,,1,21,121.5365703,25.04838424
113,5,15,11,0,2,09北投區,距竹子湖路與湖山路1段往西第2支燈桿,0,0,1,1,C03,8,7,5,40,11,9,1,5,4,5,13,4,4,5,5,5,2,18,1,63,2,9,5,1,7,9,1,10,9,14,,42,,1,22,121.5455381,25.15210652
113,5,15,11,0,2,09北投區,距竹子湖路與湖山路1段往西第2支燈桿,0,0,1,2,,8,7,5,40,11,9,1,5,4,5,13,4,4,5,5,5,2,18,3,0,,,,,,,,,,,,67,,1,,121.5455381,25.15210652
113,5,15,11,7,2,01大同區,大同區延平北路3段18巷與民權西路245巷口,0,0,2,1,C03,8,6,5,30,4,1,1,5,4,5,13,4,4,10,5,5,2,15,1,61,2,8,6,1,7,9,1,10,1,12,,14,,1,22,121.5103605,25.0639427
113,5,15,11,7,2,01大同區,大同區延平北路3段18巷與民權西路245巷口,0,0,2,2,B03,8,6,5,30,4,1,1,5,4,5,13,4,4,10,5,5,2,15,2,44,3,10,7,1,7,9,1,8,1,8,,44,,1,22,121.5103605,25.0639427
113,5,15,11,7,2,01大同區,大同區延平北路3段18巷與民權西路245巷口,0,0,2,3,H02,8,6,5,30,4,1,1,5,4,5,13,4,4,10,5,5,2,15,2,57,2,9,6,5,7,21,8,20,10,16,,67,,1,22,121.5103605,25.0639427
113,5,15,11,49,2,04大安區,大安區安和路2段與安和路2段171巷口,0,0,1,1,B13,8,5,5,50,14,9,1,5,4,5,13,4,4,9,4,5,2,12,1,31,3,10,7,1,7,1,1,8,1,8,,19,,1,21,121.5500175,25.0282292
113,5,15,11,49,2,04大安區,大安區安和路2段與安和路2段171巷口,0,0,1,2,C03,8,5,5,50,14,9,1,5,4,5,13,4,4,9,4,5,2,12,1,42,2,8,5,1,7,9,1,10,1,14,,44,,1,21,121.5500175,25.0282292
113,5,15,11,53,2,01大同區,大同區民權西路與重慶北路2段口,0,0,3,1,C03,8,6,5,50,4,1,1,5,4,5,13,1,1,1,4,5,2,17,2,22,2,8,5,1,7,6,1,10,1,13,,9,,1,21,121.5135076,25.062886
113,5,15,11,53,2,01大同區,大同區民權西路與重慶北路2段口,0,0,3,2,C03,8,6,5,50,4,1,1,5,4,5,13,1,1,1,4,5,2,17,1,80,2,9,6,1,7,9,1,10,1,11,,44,,1,21,121.5135076,25.062886
113,5,15,11,53,2,01大同區,大同區民權西路與重慶北路2段口,0,0,3,3,H02,8,6,5,50,4,1,1,5,4,5,13,1,1,1,4,5,2,17,2,70,2,9,6,5,7,20,8,20,10,16,,67,,1,21,121.5135076,25.062886
113,5,15,12,0,2,09北投區,北投區聖景路第1205654號燈桿,0,0,2,1,C03,8,7,5,40,14,9,1,5,4,5,13,4,4,10,5,5,1,10,1,19,2,8,5,1,7,9,1,10,1,11,12,5,,1,21,121.4628494,25.1213545
113,5,15,12,0,2,09北投區,北投區聖景路第1205654號燈桿,0,0,2,2,C03,8,7,5,40,14,9,1,5,4,5,13,4,4,10,5,5,1,10,1,49,2,7,5,1,7,9,1,10,1,11,12,5,,1,21,121.4628494,25.1213545
113,5,15,12,20,2,12內湖區,內湖區新明路305號,0,0,1,1,B01,8,7,5,50,14,9,1,5,4,5,13,4,4,5,4,5,2,16,1,73,3,10,7,1,7,5,6,8,1,4,,101,,1,21,121.5847798,25.05709916
113,5,15,12,20,2,12內湖區,內湖區新明路305號,0,0,1,2,C03,8,7,5,50,14,9,1,5,4,5,13,4,4,5,4,5,2,16,1,24,2,7,5,1,7,9,1,9,1,11,,44,,1,21,121.5847798,25.05709916
113,5,15,12,34,2,07信義區,信義區忠孝東路5段與基隆路1段口,0,0,1,1,B01,8,6,5,50,4,2,1,5,4,5,13,1,1,3,3,5,2,16,1,47,3,10,3,4,7,6,1,4,1,2,,82,,1,21,121.5647868,25.041207
113,5,15,12,34,2,07信義區,信義區忠孝東路5段與基隆路1段口,0,0,1,2,C03,8,6,5,50,4,2,1,5,4,5,13,1,1,3,3,5,2,16,1,33,2,7,6,1,7,9,1,10,1,14,,81,,1,21,121.5647868,25.041207
113,5,15,12,38,2,05中正區,中正區八德路1段55號與新生南路1段口停車場出入口旁,0,0,1,1,F06,8,6,5,0,14,20,4,5,4,5,13,4,4,10,5,5,2,9,2,52,2,9,4,1,7,9,8,20,2,15,,44,,1,21,121.5326909,25.0447427
113,5,15,12,38,2,05中正區,中正區八德路1段55號與新生南路1段口停車場出入口旁,0,0,1,2,H01,8,6,5,0,14,20,4,5,4,5,13,4,4,10,5,5,2,9,1,44,3,10,4,5,8,16,8,20,2,16,,67,,1,21,121.5326909,25.0447427
113,5,15,12,41,2,01大同區,大同區承德路2段與承德路2段201巷口,0,0,1,1,B03,8,6,5,50,3,2,1,5,4,5,13,4,4,1,5,5,2,17,1,39,3,10,7,1,7,8,1,8,1,17,,100,,1,22,121.5183307,25.0595614
113,5,15,12,41,2,01大同區,大同區承德路2段與承德路2段201巷口,0,0,1,2,C03,8,6,5,50,3,2,1,5,4,5,13,4,4,1,5,5,2,17,1,24,2,8,6,1,7,9,1,10,1,12,,44,,1,22,121.5183307,25.0595614
113,5,15,12,43,2,02萬華區,萬華區萬大路534巷與武成街28巷口,0,0,2,1,C03,8,6,5,30,4,1,1,5,4,5,13,4,4,10,5,5,2,17,1,41,2,9,6,1,7,9,1,10,1,11,,4,,1,21,121.4957457,25.0191812
113,5,15,12,43,2,02萬華區,萬華區萬大路534巷與武成街28巷口,0,0,2,2,C03,8,6,5,30,4,1,1,5,4,5,13,4,4,10,5,5,2,17,2,53,2,8,6,1,7,9,1,10,1,12,,80,,1,21,121.4957457,25.0191812
113,5,15,12,47,2,03中山區,中山區農安街77巷與農安街77巷1弄口,0,0,2,1,F01,8,7,5,30,3,2,1,5,4,5,13,4,4,10,4,5,2,12,2,57,2,9,4,1,7,15,8,20,1,14,,101,,1,21,121.5284886,25.06529164
113,5,15,12,47,2,03中山區,中山區農安街77巷與農安街77巷1弄口,0,0,2,2,C03,8,7,5,30,3,2,1,5,4,5,13,4,4,10,4,5,2,12,1,37,2,7,6,1,7,9,1,10,1,11,,44,,1,21,121.5284886,25.06529164
113,5,15,13,4,2,03中山區,中山區民權東路2段與松江路口,0,0,1,1,B01,8,7,5,50,4,1,1,5,4,5,13,1,1,1,3,5,1,16,1,65,3,10,7,1,7,9,1,4,1,8,,44,,1,21,121.5327672,25.06254906
113,5,15,13,4,2,03中山區,中山區民權東路2段與松江路口,0,0,1,2,C03,8,7,5,50,4,1,1,5,4,5,13,1,1,1,3,5,1,16,1,20,2,7,6,1,7,6,1,10,1,14,,9,,1,21,121.5327672,25.06254906
113,5,15,13,11,2,02萬華區,萬華區艋舺大道與雙園街60巷32弄口,0,0,2,1,C03,8,6,5,50,3,2,1,5,4,5,13,4,4,10,4,4,2,13,1,24,2,9,6,1,7,9,1,10,1,11,,108,,1,22,121.4932048,25.0299676
113,5,15,13,11,2,02萬華區,萬華區艋舺大道與雙園街60巷32弄口,0,0,2,2,C03,8,6,5,50,3,2,1,5,4,5,13,4,4,10,4,4,2,13,2,44,2,9,5,1,7,7,3,18,1,13,12,100,,1,22,121.4932048,25.0299676
113,5,15,13,11,2,02萬華區,萬華區艋舺大道與雙園街60巷32弄口,0,0,2,3,B03,8,6,5,50,3,2,1,5,4,5,13,4,4,10,4,4,2,13,1,81,3,10,2,1,7,13,1,8,1,7,,38,,1,22,121.4932048,25.0299676
113,5,15,13,11,2,05中正區,中正區中華路2段與中華路2段301巷口,0,0,1,1,C03,8,7,5,40,3,1,1,5,4,5,13,4,4,5,4,4,2,16,2,20,3,10,5,4,7,9,1,10,2,11,,13,,1,21,121.5046458,25.0294188
113,5,15,13,11,2,05中正區,中正區中華路2段與中華路2段301巷口,0,0,1,2,F01,8,7,5,40,3,1,1,5,4,5,13,4,4,5,4,4,2,16,2,75,2,9,4,4,7,5,8,20,2,11,,44,,1,21,121.5046458,25.0294188
113,5,15,13,41,2,01大同區,大同區延平北路1段與甘谷街口,0,0,1,1,B03,8,6,5,50,4,1,1,5,4,5,13,4,4,5,5,5,2,16,1,64,3,10,7,1,7,5,1,8,2,6,,80,,1,22,121.5117931,25.052769
113,5,15,13,41,2,01大同區,大同區延平北路1段與甘谷街口,0,0,1,2,C04,8,6,5,50,4,1,1,5,4,5,13,4,4,5,5,5,2,16,2,34,2,9,6,1,7,9,1,10,2,11,,44,,1,22,121.5117931,25.052769
113,5,15,13,47,2,07信義區,信義區基隆路1段156號,0,0,2,1,C03,8,6,5,50,14,9,1,5,4,5,13,2,1,3,4,5,2,17,1,18,2,8,6,1,7,7,1,10,1,12,,100,,1,21,121.565914,25.0438373
113,5,15,13,47,2,07信義區,信義區基隆路1段156號,0,0,2,2,C03,8,6,5,50,14,9,1,5,4,5,13,2,1,3,4,5,2,17,1,28,2,8,6,1,7,7,1,10,1,11,,13,,1,21,121.565914,25.0438373
113,5,15,14,3,2,08士林區,士林區洲美快速道路下橋處(社子端),0,0,1,1,A11,8,5,5,50,8,9,1,5,4,5,13,1,1,3,4,5,1,17,1,51,2,9,7,1,7,9,1,7,9,1,,42,,1,21,121.4971589,25.0949817
113,5,15,14,3,2,08士林區,士林區洲美快速道路下橋處(社子端),0,0,1,2,A32,8,5,5,50,8,9,1,5,4,5,13,1,1,3,4,5,1,17,1,52,3,10,7,1,7,14,1,1,2,3,,44,,1,21,121.4971589,25.0949817
113,5,15,14,5,2,01大同區,大同區延平北路2段與延平北路2段135巷口,0,0,2,1,C03,8,6,5,50,3,2,1,5,4,5,13,4,4,5,2,5,2,17,1,68,2,9,6,1,7,9,1,10,1,11,,42,,1,21,121.5115817,25.0577011
113,5,15,14,5,2,01大同區,大同區延平北路2段與延平北路2段135巷口,0,0,2,2,C03,8,6,5,50,3,2,1,5,4,5,13,4,4,5,2,5,2,17,1,46,3,10,6,1,7,8,1,10,1,13,,100,,1,21,121.5115817,25.0577011
113,5,15,14,5,2,01大同區,大同區延平北路2段與延平北路2段135巷口,0,0,2,3,G03,8,6,5,50,3,2,1,5,4,5,13,4,4,5,2,5,2,17,1,36,3,10,7,1,7,2,1,7,1,17,,44,,1,21,121.5115817,25.0577011
113,5,15,14,5,2,01大同區,大同區延平北路2段與延平北路2段135巷口,0,0,2,4,H02,8,6,5,50,3,2,1,5,4,5,13,4,4,5,2,5,2,17,2,64,2,9,6,5,7,20,8,20,10,16,,67,,1,21,121.5115817,25.0577011
113,5,15,14,5,2,03中山區,中山區明水路與樂群一路口,0,0,1,1,C03,8,6,5,50,3,2,1,5,4,5,13,1,1,1,4,5,2,13,1,26,2,4,5,1,7,9,1,10,1,11,,108,,1,22,121.5514037,25.0773479
113,5,15,14,5,2,03中山區,中山區明水路與樂群一路口,0,0,1,2,B01,8,6,5,50,3,2,1,5,4,5,13,1,1,1,4,5,2,13,1,46,3,10,7,1,7,9,1,8,1,3,,44,,1,21,121.5514037,25.0773479
113,5,15,14,30,2,03中山區,中山區民權西路60號,0,0,1,1,C03,8,5,5,40,14,9,1,5,4,5,13,4,4,1,4,4,2,12,2,44,2,8,3,4,7,15,1,10,1,11,,100,,1,21,121.5202115,25.0625922
113,5,15,14,30,2,03中山區,中山區民權西路60號,0,0,1,2,B03,8,5,5,40,14,9,1,5,4,5,13,4,4,1,4,4,2,12,2,65,3,10,3,4,7,9,1,8,1,6,,44,,1,21,121.5202115,25.0625922
113,5,15,14,30,2,03中山區,中山區民權西路60號,0,0,1,3,B03,8,5,5,40,14,9,1,5,4,5,13,4,4,1,4,4,2,12,1,36,3,10,3,4,7,9,1,8,1,2,,44,,1,21,121.5202115,25.0625922
113,5,15,14,56,2,08士林區,士林區光華路61巷4弄,0,0,2,1,A12,8,7,5,30,11,9,1,5,4,5,13,1,1,10,5,5,1,17,1,47,3,10,7,1,7,9,1,7,1,17,,81,,1,21,121.5410973,25.1226561
113,5,15,14,56,2,08士林區,士林區光華路61巷4弄,0,0,2,2,C03,8,7,5,30,11,9,1,5,4,5,13,1,1,10,5,5,1,17,1,21,2,8,6,1,7,9,1,10,1,12,,44,,1,21,121.5410973,25.1226561
113,5,15,14,56,2,08士林區,士林區光華路61巷4弄,0,0,2,3,C03,8,7,5,30,11,9,1,5,4,5,13,1,1,10,5,5,1,17,1,21,2,8,6,1,7,9,1,10,1,12,,16,,1,21,121.5410973,25.1226561
113,5,15,15,0,2,05中正區,中正區貴陽街1段與博愛路口,0,0,2,1,C03,8,7,5,50,4,4,1,5,4,5,13,1,1,5,4,5,2,12,1,57,2,9,5,1,7,9,1,10,2,14,,108,,1,21,121.5113761,25.0389378
113,5,15,15,0,2,05中正區,中正區貴陽街1段與博愛路口,0,0,2,2,C03,8,7,5,50,4,4,1,5,4,5,13,1,1,5,4,5,2,12,1,52,2,8,5,1,7,14,1,10,2,12,,44,,1,21,121.5113761,25.0389378
113,5,15,15,4,2,06松山區,松山區八德路3段與八德路3段12巷口,0,0,1,1,C03,8,5,5,50,4,2,1,5,4,5,13,1,1,4,3,5,2,12,1,76,2,9,5,1,7,7,1,10,2,14,,100,,1,22,121.5504949,25.0482396
113,5,15,15,4,2,06松山區,松山區八德路3段與八德路3段12巷口,0,0,1,2,B03,8,5,5,50,4,2,1,5,4,5,13,1,1,4,3,5,2,12,1,65,3,10,3,4,7,9,1,8,2,2,,44,,1,22,121.5504949,25.0482396
113,5,15,15,40,2,11南港區,南港區玉成街與玉成街166巷口口,0,0,1,1,C03,8,6,5,30,3,1,1,5,4,5,13,4,4,10,5,5,2,16,1,24,2,9,6,1,7,5,1,10,1,12,,72,,1,21,121.5841081,25.0447753
113,5,15,15,40,2,11南港區,南港區玉成街與玉成街166巷口口,0,0,1,2,B01,8,6,5,30,3,1,1,5,4,5,13,4,4,10,5,5,2,16,1,67,3,10,7,1,7,9,1,4,1,8,,14,,1,21,121.5841081,25.0447753
113,5,15,15,44,2,03中山區,中山區中山北路3段59號,0,0,2,1,C03,8,5,5,30,14,9,1,5,4,5,13,4,4,1,4,5,2,13,2,28,2,9,3,4,7,6,1,10,1,13,,73,,1,21,121.5231582,25.06878548
113,5,15,15,44,2,03中山區,中山區中山北路3段59號,0,0,2,2,C03,8,5,5,30,14,9,1,5,4,5,13,4,4,1,4,5,2,13,1,19,3,10,3,4,7,9,1,10,1,11,,108,,1,21,121.5231582,25.06878548
113,5,15,15,44,2,03中山區,中山區中山北路3段59號,0,0,2,3,H02,8,5,5,30,14,9,1,5,4,5,13,4,4,1,4,5,2,13,2,58,2,9,3,5,7,21,8,20,10,16,,67,,1,21,121.5231582,25.06878548
113,5,15,16,40,2,08士林區,士林區德行東路190巷30弄與忠義街78巷口,0,0,2,1,C03,8,6,5,30,4,1,1,5,4,5,13,4,4,10,5,5,1,15,1,58,2,8,3,4,7,9,1,9,1,11,,72,,1,22,121.5310303,25.10687603
113,5,15,16,40,2,08士林區,士林區德行東路190巷30弄與忠義街78巷口,0,0,2,2,C03,8,6,5,30,4,1,1,5,4,5,13,4,4,10,5,5,1,15,1,67,2,8,3,4,7,9,1,10,1,11,,44,,1,22,121.5310303,25.10687603
113,5,15,16,40,2,08士林區,士林區德行東路190巷30弄與忠義街78巷口,0,0,2,3,B03,8,6,5,30,4,1,1,5,4,5,13,4,4,10,5,5,1,15,1,67,3,10,3,4,7,14,1,8,1,4,,38,,1,22,121.5310303,25.10687603
113,5,15,16,41,2,10文山區,文山區辛亥路4段209巷6號,0,0,1,1,C03,8,5,5,30,14,9,1,5,4,5,13,4,4,9,5,5,2,16,1,30,4,11,6,4,7,1,3,18,11,15,,10,,1,21,121.555879,25.00232074
113,5,15,16,41,2,10文山區,文山區辛亥路4段209巷6號,0,0,1,2,C03,8,5,5,30,14,9,1,5,4,5,13,4,4,9,5,5,2,16,2,37,2,8,6,1,7,9,1,10,11,12,,44,,1,21,121.555879,25.00232074