發生年度,發生月,發生日,發生時-Hours,發生分,處理別-編號,區序,肇事地點,死亡人數,2-30日死亡人數,受傷人數,當事人序號,車種,天候,道路照明設備,道路類別,速限-速度限制,道路型態,事故位置,路面狀況1,路面狀況2,路面狀況3,道路障礙1,道路障礙2,號誌1,號誌2,車道劃分-分向,車道劃分-分道1,車道劃分-分道2,車道劃分-分道3,事故類型及型態,性別,年齡,受傷程度,主要傷處,保護裝置,行動電話,車輛用途,當事者行動狀態,駕駛資格情形,駕駛執照種類,飲酒情形,車輛撞擊部位1,車輛撞擊部位2,肇因碼-個別,肇因碼-主要,個人肇逃否,職業,座標-X,座標-Y
113,5,15,16,45,2,06松山區,松山區民生東路5段69巷與民生東路5段69巷2弄口,0,0,3,1,F01,8,6,5,30,3,1,1,5,4,5,13,4,4,10,4,5,2,17,2,56,2,9,4,1,7,5,8,20,1,14,,72,,1,21,121.5582229,25.05922876
113,5,15,16,45,2,06松山區,松山區民生東路5段69巷與民生東路5段69巷2弄口,0,0,3,2,C03,8,6,5,30,3,1,1,5,4,5,13,4,4,10,4,5,2,17,2,33,2,9,6,1,7,9,1,10,1,11,,14,,1,21,121.5582229,25.05922876
113,5,15,16,45,2,06松山區,松山區民生東路5段69巷與民生東路5段69巷2弄口,0,0,3,3,H02,8,6,5,30,3,1,1,5,4,5,13,4,4,10,4,5,2,17,1,4,2,9,2,5,7,21,8,20,10,16,,67,,1,21,121.5582229,25.05922876
113,5,15,16,50,2,10文山區,文山區木新路3段232巷與木新路3段232巷6弄口,0,0,1,1,B03,7,6,5,30,4,1,1,5,4,5,13,4,4,10,5,5,2,15,1,51,3,10,7,1,7,9,3,18,9,8,,72,,1,21,121.5589662,24.9818802
113,5,15,16,50,2,10文山區,文山區木新路3段232巷與木新路3段232巷6弄口,0,0,1,2,C03,7,6,5,30,4,1,1,5,4,5,13,4,4,10,5,5,2,15,1,25,2,9,6,1,7,9,1,10,9,12,,44,,1,21,121.5589662,24.9818802
113,5,15,17,9,2,01大同區,大同區民生西路與環河北路1段口,0,0,2,1,C03,8,5,6,50,4,2,1,5,4,5,13,2,1,5,4,5,2,17,1,49,2,7,3,4,7,7,1,10,2,14,,100,,1,21,121.5084577,25.0569055
113,5,15,17,9,2,01大同區,大同區民生西路與環河北路1段口,0,0,2,2,B03,8,5,6,50,4,2,1,5,4,5,13,2,1,5,4,5,2,17,1,65,3,10,3,4,7,9,1,8,2,2,,42,,1,21,121.5084577,25.0569055
113,5,15,17,9,2,01大同區,大同區民生西路與環河北路1段口,0,0,2,3,H02,8,5,6,50,4,2,1,5,4,5,13,2,1,5,4,5,2,17,2,37,2,7,3,5,7,21,8,20,10,16,,60,,1,21,121.5084577,25.0569055
113,5,15,17,20,2,03中山區,中山區中山橋往南(機慢車專用道內),0,0,2,1,F01,8,5,5,25,7,11,1,5,4,5,13,4,4,1,4,4,2,12,1,18,2,9,3,4,7,4,8,20,1,12,,17,,1,21,121.525368,25.076209
113,5,15,17,20,2,03中山區,中山區中山橋往南(機慢車專用道內),0,0,2,2,C03,8,5,5,25,7,11,1,5,4,5,13,4,4,1,4,4,2,12,1,34,2,9,3,4,7,9,1,10,1,14,,44,,1,21,121.525368,25.076209
113,5,15,17,20,2,03中山區,中山區中山橋往南(機慢車專用道內),0,0,2,3,,8,5,5,25,7,11,1,5,4,5,13,4,4,1,4,4,2,12,4,0,4,11,3,4,7,21,7,19,11,15,,119,,2,22,121.525368,25.076209
113,5,15,17,32,2,02萬華區,萬華區華江橋往板橋機車道(編號001050燈桿前),0,0,3,1,C03,8,6,7,40,8,11,1,5,4,5,13,4,4,9,4,3,1,13,1,19,2,9,5,1,7,12,1,10,1,11,13,16,,1,21,121.4876728,25.03583214
113,5,15,17,32,2,02萬華區,萬華區華江橋往板橋機車道(編號001050燈桿前),0,0,3,2,C03,8,6,7,40,8,11,1,5,4,5,13,4,4,9,4,3,1,13,1,33,2,8,5,1,7,12,1,9,1,13,,44,,1,21,121.4876728,25.03583214
113,5,15,17,32,2,02萬華區,萬華區華江橋往板橋機車道(編號001050燈桿前),0,0,3,3,C03,8,6,7,40,8,11,1,5,4,5,13,4,4,9,4,3,1,13,1,48,2,9,5,1,7,12,1,10,1,11,,16,,1,21,121.4876728,25.03583214
113,5,15,17,38,2,12內湖區,內湖區民權東路6段15巷與瑞湖街口,0,0,1,1,B03,8,6,5,50,4,2,1,5,4,5,13,2,1,5,4,5,2,17,1,58,3,10,7,1,7,5,1,8,1,3,,8,,1,21,121.5765431,25.06896349
113,5,15,17,38,2,12內湖區,內湖區民權東路6段15巷與瑞湖街口,0,0,1,2,C03,8,6,5,50,4,2,1,5,4,5,13,2,1,5,4,5,2,17,1,47,2,8,5,1,7,9,1,10,1,11,,108,,1,21,121.5765431,25.06896349
113,5,15,17,40,2,09北投區,北投區承德路7段97號,0,0,1,1,B03,8,5,5,60,14,8,1,5,4,5,13,4,4,3,4,4,2,16,1,24,3,10,7,1,7,6,1,6,2,5,,9,,1,21,121.5098183,25.111714
113,5,15,17,40,2,09北投區,北投區承德路7段97號,0,0,1,2,C03,8,5,5,60,14,8,1,5,4,5,13,4,4,3,4,4,2,16,1,41,2,9,5,1,7,9,1,10,2,14,,44,,1,21,121.5098183,25.111714
113,5,15,17,43,2,12內湖區,內湖區民權東路6段280巷與民權東路6段280巷69弄口,0,0,1,1,B03,8,7,5,30,3,1,1,5,4,5,13,4,4,10,5,5,2,16,2,38,3,10,3,4,7,6,1,8,2,1,,72,,1,21,121.6086172,25.06948304
113,5,15,17,43,2,12內湖區,內湖區民權東路6段280巷與民權東路6段280巷69弄口,0,0,1,2,C04,8,7,5,30,3,1,1,5,4,5,13,4,4,10,5,5,2,16,2,60,2,9,6,4,7,9,1,10,2,12,,14,,1,21,121.6086172,25.06948304
113,5,15,18,5,2,05中正區,中正區中華路2段與中華路2段303巷口,0,0,1,1,C04,8,7,5,50,4,1,1,5,4,5,13,1,1,5,5,4,2,16,2,54,2,9,5,1,7,5,1,8,1,14,,8,,1,22,121.5049143,25.0290946
113,5,15,18,5,2,05中正區,中正區中華路2段與中華路2段303巷口,0,0,1,2,B03,8,7,5,50,4,1,1,5,4,5,13,1,1,5,5,4,2,16,1,40,3,10,7,1,7,9,1,8,1,1,,44,,1,22,121.5049143,25.0290946
113,5,15,18,7,2,04大安區,大安區信義路4段130號,0,0,2,1,C03,8,5,5,50,14,9,1,5,4,5,13,4,4,8,3,5,1,13,1,45,2,9,6,1,7,9,1,10,1,11,,16,,1,21,121.5495358,25.0331361
113,5,15,18,7,2,04大安區,大安區信義路4段130號,0,0,2,2,C03,8,5,5,50,14,9,1,5,4,5,13,4,4,8,3,5,1,13,1,38,2,9,6,1,7,9,1,10,1,13,,44,,1,21,121.5495358,25.0331361
113,5,15,18,7,2,04大安區,大安區信義路4段130號,0,0,2,3,C03,8,5,5,50,14,9,1,5,4,5,13,4,4,8,3,5,1,13,1,23,3,10,6,1,7,9,1,10,1,12,,44,,1,21,121.5495358,25.0331361
113,5,15,18,14,2,07信義區,信義區忠孝東路5段與大道路口,0,0,2,2,C03,8,7,5,50,4,2,1,5,4,5,13,1,1,9,4,5,2,17,1,24,2,9,5,1,7,6,1,10,1,11,,99,,1,21,121.5807726,25.0428461
113,5,15,18,14,2,07信義區,信義區忠孝東路5段與大道路口,0,0,2,1,C03,8,7,5,50,4,2,1,5,4,5,13,1,1,9,4,5,2,17,2,64,2,9,5,1,7,5,1,10,1,13,,44,,1,21,121.5807726,25.0428461
113,5,15,18,38,2,09北投區,北投區知行路210巷與知行路260巷口,0,0,2,1,B03,8,5,5,30,3,1,1,5,4,5,13,4,4,10,5,5,2,12,1,41,3,10,3,4,7,11,1,8,1,8,,80,,1,22,121.4683986,25.1194624
113,5,15,18,38,2,09北投區,北投區知行路210巷與知行路260巷口,0,0,2,2,C03,8,5,5,30,3,1,1,5,4,5,13,4,4,10,5,5,2,12,2,21,2,9,3,4,7,9,1,10,1,12,,44,,1,25,121.4683986,25.1194624
113,5,15,18,38,2,09北投區,北投區知行路210巷與知行路260巷口,0,0,2,3,H02,8,5,5,30,3,1,1,5,4,5,13,4,4,10,5,5,2,12,2,21,2,9,3,5,7,20,8,20,10,16,,67,,1,25,121.4683986,25.1194624
113,5,15,18,38,2,09北投區,北投區知行路210巷與知行路260巷口,0,0,2,4,,8,5,5,30,3,1,1,5,4,5,13,4,4,10,5,5,2,12,3,46,,,,,,,,,10,,,67,,1,,121.4683986,25.1194624
113,5,15,18,54,2,03中山區,中山區農安街與農安街125巷口,0,0,2,1,F01,8,5,5,0,14,9,1,5,4,5,13,4,4,8,5,5,1,16,2,60,2,7,4,4,7,5,8,20,1,14,,8,,1,21,121.5298156,25.06482378
113,5,15,18,54,2,03中山區,中山區農安街與農安街125巷口,0,0,2,2,C03,8,5,5,0,14,9,1,5,4,5,13,4,4,8,5,5,1,16,2,26,2,9,3,4,7,9,1,10,1,12,,44,,1,21,121.5298156,25.06482378
113,5,15,19,0,2,03中山區,中山區龍江路329號,0,0,2,1,F01,8,5,5,40,14,9,1,5,4,5,13,4,4,5,5,5,2,16,1,14,2,9,4,1,7,5,8,20,1,14,,94,,1,22,121.5410577,25.06303888
113,5,15,19,0,2,03中山區,中山區龍江路329號,0,0,2,2,C03,8,5,5,40,14,9,1,5,4,5,13,4,4,5,5,5,2,16,2,26,2,9,5,1,7,9,1,10,1,11,,44,,1,22,121.5410577,25.06303888
113,5,15,19,4,2,12內湖區,內湖區舊宗路1段與行善路口,0,0,1,1,B03,8,5,5,50,4,2,1,5,4,5,13,2,1,1,4,5,2,3,2,33,3,10,7,1,7,6,1,8,2,4,,108,,1,21,121.5803501,25.0586902
113,5,15,19,4,2,12內湖區,內湖區舊宗路1段與行善路口,0,0,1,2,H01,8,5,5,50,4,2,1,5,4,5,13,2,1,1,4,5,2,3,2,46,2,9,4,5,8,18,8,20,10,16,,121,,1,21,121.5803501,25.0586902
113,5,15,19,11,2,03中山區,中山區民權東路3段11號,0,0,1,1,C03,8,5,5,50,14,9,1,5,4,5,13,4,4,10,4,5,2,17,1,19,3,10,3,4,7,15,3,18,1,17,,17,,1,22,121.541394,25.0624363
113,5,15,19,11,2,03中山區,中山區民權東路3段11號,0,0,1,2,B03,8,5,5,50,14,9,1,5,4,5,13,4,4,10,4,5,2,17,1,27,3,10,3,4,7,14,1,8,1,4,,44,,1,22,121.541394,25.0624363
113,5,15,19,11,2,03中山區,中山區民權東路3段11號,0,0,1,3,H02,8,5,5,50,14,9,1,5,4,5,13,4,4,10,4,5,2,17,2,24,2,8,3,5,7,17,8,20,10,16,,60,,1,22,121.541394,25.0624363
113,5,15,19,15,2,06松山區,松山區敦化北路145巷10-2號,0,0,1,1,B03,8,5,5,30,14,24,4,5,4,5,13,4,4,10,5,5,2,1,1,44,3,10,7,1,7,9,1,8,9,2,,107,,2,22,121.5509036,25.0537986
113,5,15,19,15,2,06松山區,松山區敦化北路145巷10-2號,0,0,1,2,H01,8,5,5,30,14,24,4,5,4,5,13,4,4,10,5,5,2,1,1,22,2,7,4,5,8,16,8,20,10,16,,67,,1,21,121.5509036,25.0537986
113,5,15,20,20,2,12內湖區,內湖區康樂街61巷與康樂街口,0,0,2,1,B03,8,5,5,50,4,1,1,5,4,5,13,2,1,5,4,5,2,12,1,36,3,10,7,1,7,9,1,8,2,8,,42,,1,21,121.6183193,25.0684133
113,5,15,20,20,2,12內湖區,內湖區康樂街61巷與康樂街口,0,0,2,2,C03,8,5,5,50,4,1,1,5,4,5,13,2,1,5,4,5,2,12,2,45,2,9,6,1,7,9,6,18,2,13,,42,,1,21,121.6183193,25.0684133
113,5,15,20,20,2,12內湖區,內湖區康樂街61巷與康樂街口,0,0,2,3,H02,8,5,5,50,4,1,1,5,4,5,13,2,1,5,4,5,2,12,1,11,2,8,6,5,7,21,8,20,10,16,,67,,1,21,121.6183193,25.0684133
113,5,15,20,33,2,10文山區,文山區景隆街與興隆路1段202巷口口,0,0,2,1,F01,8,5,5,50,3,2,1,5,4,5,13,4,4,9,5,5,2,16,1,13,2,9,4,1,7,1,8,20,1,14,,19,,1,21,121.5428174,24.9991741
113,5,15,20,33,2,10文山區,文山區景隆街與興隆路1段202巷口口,0,0,2,2,C03,8,5,5,50,3,2,1,5,4,5,13,4,4,9,5,5,2,16,2,39,2,9,6,1,7,9,1,10,1,11,,14,,1,21,121.5428174,24.9991741
113,5,15,20,39,2,07信義區,信義區松仁路與松仁路202巷口,0,0,2,1,B03,8,5,5,40,3,2,1,5,4,5,13,4,4,5,4,5,2,17,1,56,3,10,3,4,7,1,1,8,1,4,,19,,1,22,121.5683856,25.027316
113,5,15,20,39,2,07信義區,信義區松仁路與松仁路202巷口,0,0,2,2,C03,8,5,5,40,3,2,1,5,4,5,13,4,4,5,4,5,2,17,1,28,2,8,3,4,7,9,1,10,1,11,,44,,1,22,121.5683856,25.027316
113,5,15,20,39,2,07信義區,信義區松仁路與松仁路202巷口,0,0,2,3,H02,8,5,5,40,3,2,1,5,4,5,13,4,4,5,4,5,2,17,2,33,2,8,3,5,7,20,8,20,10,16,,67,,1,22,121.5683856,25.027316
113,5,15,22,1,2,04大安區,大安區無名巷與光復南路116巷口,0,0,1,1,C03,8,5,5,30,4,1,1,5,4,5,13,4,4,1,5,5,2,17,1,25,4,11,3,4,7,21,7,19,11,15,,74,,2,21,121.5562051,25.0430289
113,5,15,22,1,2,04大安區,大安區無名巷與光復南路116巷口,0,0,1,2,C03,8,5,5,30,4,1,1,5,4,5,13,4,4,1,5,5,2,17,1,18,2,9,6,1,7,9,1,10,2,11,,44,,1,21,121.5562051,25.0430289
113,5,15,22,34,2,04大安區,大安區市民大道4段100號,0,0,2,1,C03,8,5,5,40,22,6,1,5,4,5,13,4,4,1,4,5,2,17,2,25,3,10,6,1,7,5,1,10,2,14,,8,,1,21,121.5500218,25.0446497
113,5,15,22,34,2,04大安區,大安區市民大道4段100號,0,0,2,2,C02,8,5,5,40,22,6,1,5,4,5,13,4,4,1,4,5,2,17,1,35,2,9,6,1,7,9,1,9,2,12,,14,,1,21,121.5500218,25.0446497
113,5,15,22,34,2,04大安區,大安區市民大道4段100號,0,0,2,3,H02,8,5,5,40,22,6,1,5,4,5,13,4,4,1,4,5,2,17,2,21,2,9,6,5,7,20,8,20,10,16,,67,,1,21,121.5500218,25.0446497
113,5,15,23,3,2,05中正區,中正區八德路1段30號,0,0,2,1,B12,8,5,8,50,22,22,1,5,4,5,13,2,1,10,4,5,2,17,1,34,3,10,7,1,7,15,1,8,1,3,,28,,1,21,121.5301373,25.0436446
113,5,15,23,3,2,05中正區,中正區八德路1段30號,0,0,2,3,H02,8,5,8,50,22,22,1,5,4,5,13,2,1,10,4,5,2,17,2,39,2,9,6,5,7,20,8,20,10,16,,67,,1,21,121.5301373,25.0436446
113,5,15,23,3,2,05中正區,中正區八德路1段30號,0,0,2,2,C03,8,5,8,50,22,22,1,5,4,5,13,2,1,10,4,5,2,17,1,47,2,9,6,1,7,9,1,10,2,11,,108,,1,21,121.5301373,25.0436446
113,5,16,0,13,2,07信義區,信義區吳興街334號,0,0,2,1,B03,8,5,5,30,14,9,1,5,4,5,13,4,4,10,4,5,2,11,1,28,3,10,7,1,7,9,1,8,1,8,,42,,1,21,121.5661789,25.0262033
113,5,16,0,13,2,07信義區,信義區吳興街334號,0,0,2,2,C03,8,5,5,30,14,9,1,5,4,5,13,4,4,10,4,5,2,11,1,21,2,8,6,1,7,9,1,10,1,14,,42,,1,21,121.5661789,25.0262033
113,5,16,0,13,2,07信義區,信義區吳興街334號,0,0,2,3,H02,8,5,5,30,14,9,1,5,4,5,13,4,4,10,4,5,2,11,2,21,2,8,6,5,7,20,8,20,10,16,,67,,1,21,121.5661789,25.0262033
113,5,16,4,20,2,03中山區,中山區民權東路2段與吉林路口,0,0,1,1,B01,8,5,5,50,4,1,1,5,4,5,13,1,1,9,4,5,2,12,1,57,3,10,7,1,7,9,1,4,1,2,,44,,1,21,121.5303014,25.0626769
113,5,16,4,20,2,03中山區,中山區民權東路2段與吉林路口,0,0,1,2,C03,8,5,5,50,4,1,1,5,4,5,13,1,1,9,4,5,2,12,1,35,2,9,5,1,7,8,1,10,1,14,,100,,1,21,121.5303014,25.0626769
113,5,16,5,11,2,04大安區,大安區信義路2段198巷與永康街13巷口,0,0,1,1,B02,8,6,5,30,4,1,1,5,4,5,13,4,4,10,5,5,1,15,1,52,3,10,3,4,7,9,1,4,2,2,,72,,1,21,121.5305498,25.0327576
113,5,16,5,11,2,04大安區,大安區信義路2段198巷與永康街13巷口,0,0,1,2,C03,8,6,5,30,4,1,1,5,4,5,13,4,4,10,5,5,1,15,1,21,2,9,3,4,7,9,1,10,8,11,,21,,1,21,121.5305498,25.0327576
113,5,16,5,12,2,07信義區,信義區信義路5段122號,0,0,1,1,B01,8,6,5,50,14,9,1,5,4,5,13,2,1,8,5,5,2,13,1,51,3,10,3,4,7,9,1,8,1,1,,108,,1,21,121.5683588,25.0325706
113,5,16,5,12,2,07信義區,信義區信義路5段122號,0,0,1,2,C03,8,6,5,50,14,9,1,5,4,5,13,2,1,8,5,5,2,13,1,54,2,9,5,1,7,14,1,10,1,13,12,44,,1,22,121.5683588,25.0325706
113,5,16,6,5,2,02萬華區,萬華區萬大路與萬大路237巷口,0,0,2,1,C03,7,7,5,30,4,1,1,5,4,5,13,1,1,1,4,5,2,3,1,49,2,9,5,1,7,9,3,18,1,11,,85,,1,21,121.5005592,25.026415
113,5,16,6,5,2,02萬華區,萬華區萬大路與萬大路237巷口,0,0,2,2,H01,7,7,5,30,4,1,1,5,4,5,13,1,1,1,4,5,2,3,1,83,2,9,4,5,8,16,8,20,10,16,,122,,1,21,121.5005592,25.026415
113,5,16,6,33,2,07信義區,信義區基隆路1段與永吉路口,0,0,1,1,C03,8,6,5,50,4,2,1,5,4,5,13,1,1,1,4,5,2,17,1,26,2,9,6,1,7,9,1,10,2,11,,108,,1,21,121.5674242,25.0458805
113,5,16,6,33,2,07信義區,信義區基隆路1段與永吉路口,0,0,1,2,B03,8,6,5,50,4,2,1,5,4,5,13,1,1,1,4,5,2,17,1,38,3,10,7,1,7,9,1,8,2,4,,44,,1,21,121.5674242,25.0458805
113,5,16,6,33,2,07信義區,信義區基隆路1段與永吉路口,0,0,1,3,,8,6,5,50,4,2,1,5,4,5,13,1,1,1,4,5,2,17,3,0,,,,,,,,,,,,67,,1,,121.5674242,25.0458805
113,5,16,6,48,2,09北投區,北投區泉源路與泉源路口,0,0,2,1,B03,8,6,6,30,3,1,1,5,4,5,13,4,4,10,5,5,2,15,1,43,3,10,7,1,7,11,1,8,2,8,,72,,1,21,121.5087553,25.1410967
113,5,16,6,48,2,09北投區,北投區泉源路與泉源路口,0,0,2,2,C03,8,6,6,30,3,1,1,5,4,5,13,4,4,10,5,5,2,15,1,39,2,7,5,1,7,9,1,10,2,12,,108,,1,21,121.5087553,25.1410967
113,5,16,6,48,2,09北投區,北投區泉源路與泉源路口,0,0,2,3,H02,8,6,6,30,3,1,1,5,4,5,13,4,4,10,5,5,2,15,2,38,2,9,5,5,7,20,8,20,10,16,,67,,1,21,121.5087553,25.1410967
113,5,16,7,2,2,08士林區,士林區延平北路6段與堤外便道口,0,0,1,1,C03,8,6,5,40,4,1,1,5,4,5,13,1,1,10,5,4,1,16,1,62,3,10,5,1,7,6,1,10,9,13,,44,,1,21,121.4978699,25.0940994
113,5,16,7,2,2,08士林區,士林區延平北路6段與堤外便道口,0,0,1,2,C03,8,6,5,40,4,1,1,5,4,5,13,1,1,10,5,4,1,16,1,39,2,6,5,1,7,9,1,10,1,11,,44,,1,21,121.4978699,25.0940994
113,5,16,7,5,2,02萬華區,萬華區萬大路與興寧街口,0,0,2,1,C03,7,6,5,50,4,2,1,5,4,5,13,1,1,8,3,5,1,13,1,63,2,9,3,4,7,9,1,10,1,11,,16,,1,21,121.5005935,25.0321922
113,5,16,7,5,2,02萬華區,萬華區萬大路與興寧街口,0,0,2,2,C03,7,6,5,50,4,2,1,5,4,5,13,1,1,8,3,5,1,13,1,38,2,9,3,4,7,9,1,10,1,13,,44,,1,21,121.5005935,25.0321922
113,5,16,7,8,2,04大安區,大安區忠孝東路3段207號,0,0,1,1,C03,8,6,5,50,14,9,1,5,4,5,13,4,4,1,4,5,2,12,1,18,2,9,5,1,7,7,1,10,2,14,,100,,1,21,121.5393942,25.0417721
113,5,16,7,8,2,04大安區,大安區忠孝東路3段207號,0,0,1,2,B03,8,6,5,50,14,9,1,5,4,5,13,4,4,1,4,5,2,12,2,56,3,10,3,4,7,9,1,8,2,2,,44,,1,21,121.5393942,25.0417721
113,5,16,7,38,2,09北投區,北投區大業路527巷(第1204011號燈桿前),0,0,1,1,C03,8,6,5,50,14,9,1,5,4,5,13,4,4,5,4,5,2,13,2,52,2,9,5,1,7,9,1,10,2,11,,108,,1,21,121.4839728,25.13412435
113,5,16,7,38,2,09北投區,北投區大業路527巷(第1204011號燈桿前),0,0,1,2,C01,8,6,5,50,14,9,1,5,4,5,13,4,4,5,4,5,2,13,1,56,3,10,5,1,7,9,1,9,2,13,,108,,1,21,121.4839728,25.13412435
113,5,16,7,42,2,02萬華區,萬華區忠孝西路2段與忠孝橋口往台北機車道,0,0,3,1,C03,8,7,5,40,14,11,1,5,4,5,13,4,4,10,5,5,2,13,2,44,2,8,6,1,7,9,1,10,1,11,,16,,1,22,121.4970294,25.0262857
113,5,16,7,42,2,02萬華區,萬華區忠孝西路2段與忠孝橋口往台北機車道,0,0,3,2,C03,8,7,5,40,14,11,1,5,4,5,13,4,4,10,5,5,2,13,2,34,3,10,6,1,7,9,1,10,1,13,,44,,1,22,121.4970294,25.0262857
113,5,16,7,42,2,02萬華區,萬華區忠孝西路2段與忠孝橋口往台北機車道,0,0,3,3,H02,8,7,5,40,14,11,1,5,4,5,13,4,4,10,5,5,2,13,1,6,2,6,4,5,7,21,8,20,10,16,,67,,1,22,121.4970294,25.0262857
113,5,16,7,42,2,02萬華區,萬華區忠孝西路2段與忠孝橋口往台北機車道,0,0,3,4,H02,8,7,5,40,14,11,1,5,4,5,13,4,4,10,5,5,2,13,2,33,2,5,4,5,7,21,8,20,10,16,,67,,1,22,121.4970294,25.0262857
113,5,16,7,43,2,05中正區,中正區基隆路4段與羅斯福路4段口,0,0,1,1,C03,8,7,5,50,4,1,1,5,4,5,13,1,1,1,5,5,2,12,1,58,2,9,5,1,7,9,1,10,2,12,,108,,1,22,121.5368124,25.0113002
113,5,16,7,43,2,05中正區,中正區基隆路4段與羅斯福路4段口,0,0,1,2,C03,8,7,5,50,4,1,1,5,4,5,13,1,1,1,5,5,2,12,1,28,3,10,5,1,7,14,3,18,2,14,,44,,1,22,121.5368124,25.0113002
113,5,16,7,44,2,02萬華區,萬華區西園路2段與西園路2段13巷口口,0,0,2,1,C03,8,6,5,30,5,2,1,5,4,5,13,4,4,10,5,5,1,16,1,43,2,8,3,4,7,9,1,10,1,11,,86,,1,21,121.498175,25.03227496
113,5,16,7,44,2,02萬華區,萬華區西園路2段與西園路2段13巷口口,0,0,2,2,C03,8,6,5,30,5,2,1,5,4,5,13,4,4,10,5,5,1,16,1,59,2,8,3,4,7,6,1,10,1,12,,44,,1,21,121.498175,25.03227496
113,5,16,8,6,2,10文山區,文山區木新路3段95巷與木新路3段口,0,0,1,1,C03,8,5,5,40,3,1,1,5,4,5,13,4,4,10,5,5,1,17,2,26,3,10,5,1,7,5,1,10,1,13,,8,,1,21,121.5628663,24.9822012
113,5,16,8,6,2,10文山區,文山區木新路3段95巷與木新路3段口,0,0,1,2,B12,8,5,5,40,3,1,1,5,4,5,13,4,4,10,5,5,1,17,1,62,3,10,7,1,7,9,1,8,1,1,,44,,1,21,121.5628663,24.9822012
113,5,16,8,6,2,10文山區,文山區木新路3段95巷與木新路3段口,0,0,1,3,H02,8,5,5,40,3,1,1,5,4,5,13,4,4,10,5,5,1,17,1,1,2,9,2,5,7,21,8,20,10,16,,67,,1,24,121.5628663,24.9822012
113,5,16,8,13,2,12內湖區,內湖區潭美街與成美橋口下,0,0,1,1,B12,7,6,5,40,3,1,1,5,4,5,13,1,1,5,5,5,2,16,1,27,3,10,7,1,7,6,1,8,1,5,,71,,1,21,121.5826019,25.0548671
113,5,16,8,13,2,12內湖區,內湖區潭美街與成美橋口下,0,0,1,2,C03,7,6,5,40,3,1,1,5,4,5,13,1,1,5,5,5,2,16,1,30,2,9,5,1,7,9,1,10,1,11,,44,,1,21,121.5826019,25.0548671
113,5,16,8,39,2,05中正區,中正區和平西路2段與南海路口口,0,0,1,1,B03,8,6,5,30,4,1,1,5,4,1,11,1,1,10,4,5,1,17,1,28,3,10,7,1,7,6,1,8,1,1,,9,,1,21,121.509131,25.03061919
113,5,16,8,39,2,05中正區,中正區和平西路2段與南海路口口,0,0,1,2,F01,8,6,5,30,4,1,1,5,4,1,11,1,1,10,4,5,1,17,1,43,2,7,4,1,7,9,8,20,1,12,,88,,1,21,121.509131,25.03061919
113,5,16,8,45,2,06松山區,松山區民生東路5段127號,0,0,1,1,A02,8,6,5,50,14,9,1,5,4,5,13,4,4,9,4,5,1,12,1,42,3,10,7,1,7,9,1,2,1,5,,44,,1,22,121.5612236,25.05876126
113,5,16,8,45,2,06松山區,松山區民生東路5段127號,0,0,1,2,C03,8,6,5,50,14,9,1,5,4,5,13,4,4,9,4,5,1,12,2,44,2,9,5,1,7,10,1,10,1,13,14,100,,1,22,121.5612236,25.05876126
113,5,16,8,50,2,04大安區,大安區大安路1段16巷10弄與復興南路1段79巷口,0,0,2,1,C03,8,6,5,30,4,1,1,5,4,5,8,4,4,10,5,5,2,16,2,61,2,9,5,1,7,5,1,10,1,12,,74,,1,21,121.5456441,25.0446423
113,5,16,8,50,2,04大安區,大安區大安路1段16巷10弄與復興南路1段79巷口,0,0,2,2,C04,8,6,5,30,4,1,1,5,4,5,8,4,4,10,5,5,2,16,1,31,2,7,5,1,7,9,1,8,1,14,,44,,1,21,121.5456441,25.0446423
113,5,16,8,59,2,07信義區,信義區信義路4段415號,0,0,1,1,C03,8,6,5,50,14,9,1,5,4,5,13,4,4,1,4,5,2,16,2,24,2,9,5,1,7,5,1,10,1,14,,8,,1,21,121.559133,25.0331591
113,5,16,8,59,2,07信義區,信義區信義路4段415號,0,0,1,2,C03,8,6,5,50,14,9,1,5,4,5,13,4,4,1,4,5,2,16,1,32,3,10,5,1,7,9,1,10,1,12,,44,,1,21,121.559133,25.0331591
113,5,16,9,2,2,06松山區,松山區八德路3段與敦化南路1段口,0,0,1,1,B01,8,5,5,40,4,1,1,5,4,5,13,2,1,1,4,4,1,13,1,64,3,10,7,1,7,5,1,4,1,5,,108,,1,21,121.5491645,25.04818088
113,5,16,9,2,2,06松山區,松山區八德路3段與敦化南路1段口,0,0,1,2,C03,8,5,5,40,4,1,1,5,4,5,13,2,1,1,4,4,1,13,1,20,2,8,5,1,7,6,1,10,1,13,,44,,1,21,121.5491645,25.04818088
113,5,16,9,2,2,07信義區,信義區市民大道5段82號,0,0,1,1,B03,8,6,5,40,14,9,1,5,4,5,13,4,4,1,4,5,2,17,1,46,3,10,7,1,7,8,1,8,1,7,,100,,1,21,121.5668034,25.0484683
113,5,16,9,2,2,07信義區,信義區市民大道5段82號,0,0,1,2,C03,8,6,5,40,14,9,1,5,4,5,13,4,4,1,4,5,2,17,1,22,2,8,6,1,7,9,1,10,1,11,,44,,1,21,121.5668034,25.0484683
113,5,16,9,5,2,02萬華區,萬華區環河南路1段與貴陽街2段口,0,0,2,1,C03,8,6,5,50,5,1,1,5,4,5,13,2,1,1,4,5,2,17,2,74,2,9,3,4,7,9,1,10,2,13,,118,,1,22,121.498226,25.0401907