發生年度,發生月,發生日,發生時-Hours,發生分,處理別-編號,區序,肇事地點,死亡人數,2-30日死亡人數,受傷人數,當事人序號,車種,天候,道路照明設備,道路類別,速限-速度限制,道路型態,事故位置,路面狀況1,路面狀況2,路面狀況3,道路障礙1,道路障礙2,號誌1,號誌2,車道劃分-分向,車道劃分-分道1,車道劃分-分道2,車道劃分-分道3,事故類型及型態,性別,年齡,受傷程度,主要傷處,保護裝置,行動電話,車輛用途,當事者行動狀態,駕駛資格情形,駕駛執照種類,飲酒情形,車輛撞擊部位1,車輛撞擊部位2,肇因碼-個別,肇因碼-主要,個人肇逃否,職業,座標-X,座標-Y
113,5,16,9,5,2,02萬華區,萬華區環河南路1段與貴陽街2段口,0,0,2,2,C03,8,6,5,50,5,1,1,5,4,5,13,2,1,1,4,5,2,17,1,27,2,8,3,4,7,9,1,10,2,11,,118,,1,22,121.498226,25.0401907
113,5,16,9,7,2,08士林區,士林區承德路4段與福港街口,0,0,2,1,C03,7,6,8,50,4,2,1,5,4,5,13,1,1,9,4,5,1,16,2,63,2,9,3,4,7,5,1,10,2,14,,17,,1,21,121.5183603,25.0899478
113,5,16,9,7,2,08士林區,士林區承德路4段與福港街口,0,0,2,2,B03,7,6,8,50,4,2,1,5,4,5,13,1,1,9,4,5,1,16,1,45,3,10,3,4,7,5,1,8,2,2,,17,,1,21,121.5183603,25.0899478
113,5,16,9,7,2,08士林區,士林區承德路4段與福港街口,0,0,2,3,H02,7,6,8,50,4,2,1,5,4,5,13,1,1,9,4,5,1,16,2,33,2,8,3,5,7,20,8,20,10,16,,67,,1,21,121.5183603,25.0899478
113,5,16,9,30,2,08士林區,士林區福林路311號對面,0,0,2,1,C03,8,6,5,50,14,9,1,5,4,5,13,4,4,10,5,5,1,16,1,43,2,9,5,1,7,8,6,10,2,12,,80,,1,21,121.5357293,25.0987029
113,5,16,9,30,2,08士林區,士林區福林路311號對面,0,0,2,2,C03,8,6,5,50,14,9,1,5,4,5,13,4,4,10,5,5,1,16,1,20,2,9,5,1,7,9,1,10,2,11,,44,,1,21,121.5357293,25.0987029
113,5,16,9,32,2,03中山區,中山區天祥路48巷2號,0,0,1,1,B03,8,5,5,30,14,9,5,5,4,5,13,4,4,10,5,5,2,2,2,40,4,11,3,4,7,21,7,19,11,15,,108,,2,22,121.5205475,25.06182449
113,5,16,9,32,2,03中山區,中山區天祥路48巷2號,0,0,1,2,H01,8,5,5,30,14,9,5,5,4,5,13,4,4,10,5,5,2,2,2,30,2,7,4,5,8,16,8,20,10,16,,67,,1,21,121.5205475,25.06182449
113,5,16,11,3,2,08士林區,士林區延平北路5段與延平北路5段136巷口口,0,0,1,1,B01,8,7,5,50,3,1,1,5,4,5,13,2,1,1,4,5,2,16,1,68,3,10,7,1,7,11,1,4,1,4,,10,,1,21,121.5104085,25.08214996
113,5,16,11,3,2,08士林區,士林區延平北路5段與延平北路5段136巷口口,0,0,1,2,C03,8,7,5,50,3,1,1,5,4,5,13,2,1,1,4,5,2,16,1,27,2,9,6,1,7,9,1,10,1,11,,44,,1,21,121.5104085,25.08214996
113,5,16,11,42,2,03中山區,中山區長春路27號,0,0,2,1,C03,8,6,5,50,4,1,1,5,4,5,13,4,4,9,4,4,2,15,2,66,2,9,6,1,7,11,1,10,1,12,,11,,1,21,121.524296,25.05497976
113,5,16,11,42,2,03中山區,中山區長春路27號,0,0,2,2,C03,8,6,5,50,4,1,1,5,4,5,13,4,4,9,4,4,2,15,1,38,2,9,6,1,7,9,1,10,1,11,,13,,1,21,121.524296,25.05497976
113,5,16,11,46,2,10文山區,文山區興隆路2段154巷與興隆路2段220巷口,0,0,2,1,F01,8,6,5,30,4,1,1,5,4,5,13,2,1,5,5,5,2,16,1,71,2,9,4,1,7,5,8,20,1,14,,71,,1,21,121.5522173,25.0005276
113,5,16,11,46,2,10文山區,文山區興隆路2段154巷與興隆路2段220巷口,0,0,2,2,C03,8,6,5,30,4,1,1,5,4,5,13,2,1,5,5,5,2,16,2,27,2,9,6,1,7,9,1,10,1,12,,44,,1,21,121.5522173,25.0005276
113,5,16,12,15,2,12內湖區,內湖區成功路3段174巷26弄與成功路3段174巷26弄口5號前無名巷,0,0,1,1,C03,8,5,5,30,3,2,1,5,4,5,13,4,4,10,5,5,1,16,2,51,2,9,3,4,7,5,1,10,1,11,,8,,1,22,121.5901488,25.08148617
113,5,16,12,15,2,12內湖區,內湖區成功路3段174巷26弄與成功路3段174巷26弄口5號前無名巷,0,0,1,2,C04,8,5,5,30,3,2,1,5,4,5,13,4,4,10,5,5,1,16,2,22,3,10,3,4,7,9,3,18,1,14,,14,,1,22,121.5901488,25.08148617
113,5,16,12,30,2,12內湖區,內湖區民權東路6段9號,0,0,1,1,B03,8,6,5,50,14,9,1,5,4,5,13,1,1,1,5,5,2,12,2,43,3,10,7,1,7,7,1,8,2,6,,100,,1,21,121.5782067,25.0669295
113,5,16,12,30,2,12內湖區,內湖區民權東路6段9號,0,0,1,2,C03,8,6,5,50,14,9,1,5,4,5,13,1,1,1,5,5,2,12,1,29,2,9,6,1,7,9,1,10,2,11,,16,,1,21,121.5782067,25.0669295
113,5,16,12,35,2,07信義區,信義區松山路130號,0,0,1,1,B03,8,6,5,50,14,9,1,5,4,5,12,4,4,3,4,5,2,17,1,36,3,10,3,4,7,13,1,8,1,15,,65,,1,21,121.5777292,25.0477075
113,5,16,12,35,2,07信義區,信義區松山路130號,0,0,1,2,C03,8,6,5,50,14,9,1,5,4,5,12,4,4,3,4,5,2,17,1,30,2,8,6,1,7,9,1,10,1,11,,44,,1,21,121.5777292,25.0477075
113,5,16,13,24,2,05中正區,中正區金山南路1段與八德路1段口,0,0,2,1,C03,8,5,5,50,4,1,1,5,4,5,13,1,1,1,4,1,2,13,1,32,2,8,5,1,7,9,1,10,2,11,,16,,1,21,121.5302515,25.0438655
113,5,16,13,24,2,05中正區,中正區金山南路1段與八德路1段口,0,0,2,2,C03,8,5,5,50,4,1,1,5,4,5,13,1,1,1,4,1,2,13,1,35,2,7,5,1,7,9,1,10,2,13,,44,,1,21,121.5302515,25.0438655
113,5,16,13,24,2,05中正區,中正區金山南路1段與八德路1段口,0,0,2,3,C03,8,5,5,50,4,1,1,5,4,5,13,1,1,1,4,1,2,13,1,25,3,10,5,1,7,9,1,10,9,17,,14,,2,21,121.5302515,25.0438655
113,5,16,13,25,2,05中正區,中正區中山南路與徐州路口,0,0,1,1,C03,8,6,5,50,4,2,1,5,4,5,13,1,1,1,4,5,2,16,1,46,3,10,6,1,7,8,1,10,1,13,,100,,1,21,121.518235,25.0413708
113,5,16,13,25,2,05中正區,中正區中山南路與徐州路口,0,0,1,2,C03,8,6,5,50,4,2,1,5,4,5,13,1,1,1,4,5,2,16,2,30,3,10,6,1,7,9,1,10,1,11,,44,,1,22,121.518235,25.0413708
113,5,16,13,25,2,05中正區,中正區中山南路與徐州路口,0,0,1,3,H02,8,6,5,50,4,2,1,5,4,5,13,1,1,1,4,5,2,16,2,33,2,5,6,5,7,17,8,20,10,16,,67,,1,22,121.518235,25.0413708
113,5,16,13,45,2,01大同區,大同區鄭州路與西寧北路口,0,0,1,1,C03,8,6,5,40,4,1,1,5,4,5,13,2,1,9,4,5,2,17,1,73,3,10,6,1,7,5,6,10,1,13,,103,,1,21,121.5081948,25.0505803
113,5,16,13,45,2,01大同區,大同區鄭州路與西寧北路口,0,0,1,2,B03,8,6,5,40,4,1,1,5,4,5,13,2,1,9,4,5,2,17,1,23,3,10,7,1,7,5,1,8,1,5,,99,,1,21,121.5081948,25.0505803
113,5,16,13,45,2,01大同區,大同區鄭州路與西寧北路口,0,0,1,3,H02,8,6,5,40,4,1,1,5,4,5,13,2,1,9,4,5,2,17,2,26,2,8,7,5,7,20,8,20,10,16,,67,,1,21,121.5081948,25.0505803
113,5,16,13,45,2,05中正區,中正區羅斯福路2段與和平西路1段口,0,0,1,2,C03,8,7,5,40,4,1,1,5,4,5,13,1,1,1,4,4,2,12,1,61,2,8,5,1,7,9,1,10,9,14,,33,,1,22,121.5224016,25.0270084
113,5,16,13,45,2,05中正區,中正區羅斯福路2段與和平西路1段口,0,0,1,1,C03,8,7,5,40,4,1,1,5,4,5,13,1,1,1,4,4,2,12,1,29,4,11,3,4,7,15,7,19,11,15,,108,,2,22,121.5224016,25.0270084
113,5,16,13,46,2,06松山區,松山區市民大道4段19號,0,0,1,1,C03,8,7,5,40,14,9,1,5,4,5,13,4,4,1,4,5,2,17,1,29,2,9,5,1,7,9,1,10,1,11,,42,,1,21,121.5443069,25.0449997
113,5,16,13,46,2,06松山區,松山區市民大道4段19號,0,0,1,2,B12,8,7,5,40,14,9,1,5,4,5,13,4,4,1,4,5,2,17,1,53,3,10,7,1,7,8,1,8,1,6,,100,,1,21,121.5443069,25.0449997
113,5,16,14,5,2,02萬華區,萬華區萬大路277巷與萬大路237巷10弄口,0,0,2,1,C03,8,5,5,30,4,1,1,5,4,5,13,4,4,10,5,5,2,17,1,70,2,9,5,4,7,9,1,10,1,11,,14,,1,21,121.5010828,25.02541734
113,5,16,14,5,2,02萬華區,萬華區萬大路277巷與萬大路237巷10弄口,0,0,2,2,C04,8,5,5,30,4,1,1,5,4,5,13,4,4,10,5,5,2,17,1,47,2,8,6,4,7,9,1,10,1,12,,108,,1,21,121.5010828,25.02541734
113,5,16,14,11,2,04大安區,大安區忠孝東路4段與大安路1段口,0,0,1,1,A02,8,6,5,50,22,9,1,5,4,5,13,1,1,10,4,5,2,17,1,43,3,10,7,1,7,15,1,2,1,17,,44,,1,21,121.5459063,25.0415045
113,5,16,14,11,2,04大安區,大安區忠孝東路4段與大安路1段口,0,0,1,2,H02,8,6,5,50,22,9,1,5,4,5,13,1,1,10,4,5,2,17,2,71,2,9,4,5,7,20,8,20,10,17,,67,,1,21,121.5459063,25.0415045
113,5,16,14,20,2,08士林區,士林區中山北路4段與通河街口,0,0,1,1,B03,8,7,5,50,3,2,1,5,4,5,13,2,1,1,4,5,1,17,2,32,3,10,7,1,7,12,1,8,2,6,,108,,1,21,121.5245523,25.07968186
113,5,16,14,20,2,08士林區,士林區中山北路4段與通河街口,0,0,1,2,C03,8,7,5,50,3,2,1,5,4,5,13,2,1,1,4,5,1,17,1,51,2,8,5,1,7,9,1,10,2,11,,108,,1,21,121.5245523,25.07968186
113,5,16,14,50,2,12內湖區,內湖區民善街上特力屋停車場入口,0,0,1,1,B03,7,6,5,50,14,9,1,5,4,5,13,4,4,9,5,5,2,16,2,42,3,10,7,1,7,6,1,8,1,5,,9,,1,21,121.5748943,25.0623445
113,5,16,14,50,2,12內湖區,內湖區民善街上特力屋停車場入口,0,0,1,2,C03,7,6,5,50,14,9,1,5,4,5,13,4,4,9,5,5,2,16,2,64,2,9,5,1,7,9,1,10,1,11,,44,,1,21,121.5748943,25.0623445
113,5,16,16,17,2,02萬華區,萬華區堤外便道往北(雙園河濱公園旁),0,0,2,1,C03,8,5,8,40,22,22,1,5,4,5,13,4,4,10,5,5,2,17,2,39,2,7,3,4,7,5,1,10,1,14,,8,,1,21,121.4893416,25.03385468
113,5,16,16,17,2,02萬華區,萬華區堤外便道往北(雙園河濱公園旁),0,0,2,2,C03,8,5,8,40,22,22,1,5,4,5,13,4,4,10,5,5,2,17,1,18,3,10,3,4,7,9,1,10,1,12,,42,,1,21,121.4893416,25.03385468
113,5,16,16,17,2,02萬華區,萬華區堤外便道往北(雙園河濱公園旁),0,0,2,3,H02,8,5,8,40,22,22,1,5,4,5,13,4,4,10,5,5,2,17,1,8,2,9,3,5,7,21,8,20,10,16,,67,,1,21,121.4893416,25.03385468
113,5,16,16,25,2,05中正區,中正區青島東路與紹興南街口,0,0,1,1,B01,8,6,5,50,4,1,1,5,4,5,13,2,1,5,4,4,2,16,1,48,3,10,7,1,7,5,1,8,2,8,,8,,1,22,121.524765,25.04319331
113,5,16,16,25,2,05中正區,中正區青島東路與紹興南街口,0,0,1,2,C03,8,6,5,50,4,1,1,5,4,5,13,2,1,5,4,4,2,16,2,41,2,9,5,1,7,9,1,10,2,14,,44,,1,22,121.524765,25.04319331
113,5,16,16,26,2,02萬華區,萬華區西園路2段與西藏路口,0,0,1,1,B12,8,6,5,50,4,1,1,5,4,5,13,1,1,8,3,5,1,13,2,80,3,10,7,1,7,12,1,8,1,1,,118,,1,21,121.4956866,25.0287049
113,5,16,16,26,2,02萬華區,萬華區西園路2段與西藏路口,0,0,1,2,C03,8,6,5,50,4,1,1,5,4,5,13,1,1,8,3,5,1,13,1,29,3,10,5,1,7,15,1,10,1,13,,44,,1,21,121.4956866,25.0287049
113,5,16,16,26,2,02萬華區,萬華區西園路2段與西藏路口,0,0,1,3,H02,8,6,5,50,4,1,1,5,4,5,13,1,1,8,3,5,1,13,2,29,2,6,5,5,7,21,8,20,10,16,,67,,1,21,121.4956866,25.0287049
113,5,16,16,30,2,02萬華區,萬華區環河南路1段與西昌街29巷口,0,0,2,1,C03,8,6,5,50,3,1,1,5,4,1,13,4,4,5,5,5,2,28,2,29,2,9,6,1,7,9,1,10,1,11,,107,,1,21,121.500499,25.04268093
113,5,16,16,30,2,02萬華區,萬華區環河南路1段與西昌街29巷口,0,0,2,2,,8,6,5,50,3,1,1,5,4,1,13,4,4,5,5,5,2,28,3,0,,,,,,,,,,,,128,,1,,121.500499,25.04268093
113,5,16,16,30,2,02萬華區,萬華區環河南路1段與西昌街29巷口,0,0,2,3,H02,8,6,5,50,3,1,1,5,4,1,13,4,4,5,5,5,2,28,2,60,2,9,6,5,7,20,8,20,10,16,,67,,1,21,121.500499,25.04268093
113,5,16,16,30,2,05中正區,中正區中山南路與信義路1段口,0,0,1,1,C04,8,6,5,50,5,1,1,5,4,5,13,1,1,1,4,5,2,16,1,23,2,9,5,1,7,5,1,10,2,14,,96,,1,22,121.5179871,25.0386848
113,5,16,16,30,2,05中正區,中正區中山南路與信義路1段口,0,0,1,2,B01,8,6,5,50,5,1,1,5,4,5,13,1,1,1,4,5,2,16,1,69,3,10,7,1,7,9,1,4,2,2,,44,,1,22,121.5179871,25.0386848
113,5,16,16,40,2,05中正區,中正區汀州路3段255號前,0,0,1,1,C03,8,6,5,50,14,9,1,5,4,5,13,4,4,5,5,5,1,17,2,23,3,10,6,1,7,5,1,10,2,14,,101,,1,21,121.5350846,25.01292002
113,5,16,16,40,2,05中正區,中正區汀州路3段255號前,0,0,1,2,C03,8,6,5,50,14,9,1,5,4,5,13,4,4,5,5,5,1,17,2,70,2,7,6,1,7,9,1,10,2,12,,108,,1,21,121.5350846,25.01292002
113,5,16,16,46,2,03中山區,中山區中山北路2段61號,0,0,2,1,,7,7,5,50,14,9,1,5,4,5,13,4,4,9,4,5,2,17,4,0,,,,,,,,,,,,119,,2,,121.5228686,25.05643635
113,5,16,16,46,2,03中山區,中山區中山北路2段61號,0,0,2,2,C03,7,7,5,50,14,9,1,5,4,5,13,4,4,9,4,5,2,17,1,18,2,8,6,1,7,15,1,10,1,11,,42,,1,21,121.5228686,25.05643635
113,5,16,16,46,2,03中山區,中山區中山北路2段61號,0,0,2,3,H02,7,7,5,50,14,9,1,5,4,5,13,4,4,9,4,5,2,17,1,17,2,8,6,5,7,20,8,20,10,16,,67,,1,21,121.5228686,25.05643635
113,5,16,16,53,2,04大安區,大安區基隆路2段291巷與嘉興街口,0,0,2,1,C03,8,5,5,30,4,1,1,5,4,5,13,4,4,10,5,5,1,15,1,26,3,10,5,1,7,9,1,10,1,14,,14,,1,21,121.5497189,25.0210861
113,5,16,16,53,2,04大安區,大安區基隆路2段291巷與嘉興街口,0,0,2,2,C04,8,5,5,30,4,1,1,5,4,5,13,4,4,10,5,5,1,15,1,42,2,9,5,1,7,9,1,10,1,11,,14,,1,21,121.5497189,25.0210861
113,5,16,16,53,2,04大安區,大安區基隆路2段291巷與嘉興街口,0,0,2,3,H02,8,5,5,30,4,1,1,5,4,5,13,4,4,10,5,5,1,15,2,13,2,8,5,5,7,20,8,20,10,16,,67,,1,21,121.5497189,25.0210861
113,5,16,16,55,2,08士林區,士林區延平北路7段46巷與延平北路7段106巷6弄口,0,0,1,1,B03,8,6,5,30,4,1,1,5,4,5,13,4,4,10,5,5,2,17,1,48,3,10,7,4,7,6,7,19,9,1,,42,,1,22,121.496245,25.0972551
113,5,16,16,55,2,08士林區,士林區延平北路7段46巷與延平北路7段106巷6弄口,0,0,1,2,C03,8,6,5,30,4,1,1,5,4,5,13,4,4,10,5,5,2,17,1,35,2,8,6,1,7,9,1,10,1,14,,14,,1,22,121.496245,25.0972551
113,5,16,16,55,2,08士林區,士林區延平北路7段46巷與延平北路7段106巷6弄口,0,0,1,3,H02,8,6,5,30,4,1,1,5,4,5,13,4,4,10,5,5,2,17,2,46,3,10,7,5,7,17,8,20,10,16,,67,,1,22,121.496245,25.0972551
113,5,16,17,30,2,05中正區,中正區牯嶺街95巷與晉江街4巷口,0,0,1,2,C03,8,7,5,30,3,1,1,5,4,5,13,4,4,10,5,5,2,17,1,32,3,10,5,1,7,9,1,10,1,12,,44,,1,22,121.5205144,25.025631
113,5,16,17,30,2,05中正區,中正區牯嶺街95巷與晉江街4巷口,0,0,1,1,F01,8,7,5,30,3,1,1,5,4,5,13,4,4,10,5,5,2,17,1,55,2,9,4,1,7,5,8,20,1,11,,72,,1,22,121.5205144,25.025631
113,5,16,17,34,2,10文山區,文山區木柵路4段與木柵路4段33巷口,0,0,2,1,C03,8,7,5,50,3,1,1,5,4,5,10,2,1,10,5,5,2,16,1,65,2,9,5,1,7,5,1,10,2,11,,71,,1,21,121.5715414,24.9940619
113,5,16,17,34,2,10文山區,文山區木柵路4段與木柵路4段33巷口,0,0,2,2,C03,8,7,5,50,3,1,1,5,4,5,10,2,1,10,5,5,2,16,1,29,2,9,5,1,7,9,1,10,2,14,,14,,1,21,121.5715414,24.9940619
113,5,16,17,35,2,03中山區,中山區松江路330巷與民權東路2段92巷口,0,0,1,1,C03,8,5,5,30,4,1,1,5,4,5,13,4,4,10,5,5,2,15,2,55,2,8,3,4,7,9,1,10,1,11,,14,,1,21,121.5316976,25.0611698
113,5,16,17,35,2,03中山區,中山區松江路330巷與民權東路2段92巷口,0,0,1,2,C03,8,5,5,30,4,1,1,5,4,5,13,4,4,10,5,5,2,15,2,43,3,10,3,4,7,9,1,10,1,14,,44,,1,21,121.5316976,25.0611698
113,5,16,18,30,2,11南港區,南港區園區街與園區街58巷口口,0,0,1,1,B03,8,6,5,30,3,1,1,5,4,5,13,3,1,5,5,5,2,3,1,49,3,10,7,1,7,9,1,8,2,1,,70,,1,21,121.6117277,25.0591583
113,5,16,18,30,2,11南港區,南港區園區街與園區街58巷口口,0,0,1,2,H01,8,6,5,30,3,1,1,5,4,5,13,3,1,5,5,5,2,3,1,7,2,9,4,5,8,18,8,20,10,16,,53,,1,14,121.6117277,25.0591583
113,5,16,18,40,2,03中山區,中山區南京東路2段與建國北路1段口,0,0,1,1,C03,8,5,5,50,14,9,1,5,4,5,13,1,1,1,4,5,2,17,1,43,2,9,5,1,7,9,1,10,1,17,,42,,1,22,121.5362021,25.0519297
113,5,16,18,40,2,03中山區,中山區南京東路2段與建國北路1段口,0,0,1,2,B01,8,5,5,50,14,9,1,5,4,5,13,1,1,1,4,5,2,17,1,58,3,10,7,1,7,14,1,4,1,17,,44,,1,21,121.5362021,25.0519297
113,5,16,18,50,2,04大安區,大安區市民大道4段與光復南路口,0,0,2,1,B03,8,5,5,40,14,9,1,5,4,5,13,2,1,1,4,1,2,17,1,22,3,10,3,4,7,6,1,8,1,6,,99,,1,21,121.5577704,25.0449834
113,5,16,18,50,2,04大安區,大安區市民大道4段與光復南路口,0,0,2,2,C03,8,5,5,40,14,9,1,5,4,5,13,2,1,1,4,1,2,17,2,53,2,9,3,4,7,9,1,10,1,14,,99,,1,21,121.5577704,25.0449834
113,5,16,18,50,2,04大安區,大安區市民大道4段與光復南路口,0,0,2,3,H02,8,5,5,40,14,9,1,5,4,5,13,2,1,1,4,1,2,17,1,21,2,9,3,5,7,21,8,20,10,16,,67,,1,21,121.5577704,25.0449834
113,5,16,18,52,2,02萬華區,萬華區康定路與內江街口,0,0,1,1,B12,8,5,5,50,4,2,1,5,4,5,13,1,1,5,4,5,2,17,1,67,4,11,7,4,7,15,7,19,11,15,,17,,2,22,121.5022894,25.04168425
113,5,16,18,52,2,02萬華區,萬華區康定路與內江街口,0,0,1,2,C03,8,5,5,50,4,2,1,5,4,5,13,1,1,5,4,5,2,17,1,41,2,9,5,1,7,6,1,10,1,14,,17,,1,21,121.5022894,25.04168425
113,5,16,18,59,2,04大安區,大安區通化街3號,0,0,1,1,C03,8,5,5,50,14,9,1,5,4,5,13,4,4,9,5,5,1,16,1,44,3,10,3,4,7,11,1,10,1,13,,10,,1,21,121.5542825,25.0322701
113,5,16,18,59,2,04大安區,大安區通化街3號,0,0,1,2,C03,8,5,5,50,14,9,1,5,4,5,13,4,4,9,5,5,1,16,1,25,2,8,3,4,7,9,1,10,1,11,,44,,1,21,121.5542825,25.0322701
113,5,16,19,40,2,12內湖區,內湖區南京東路6段260號,0,0,1,1,C03,8,5,5,30,14,9,1,5,4,5,13,4,4,10,5,5,2,12,2,65,2,9,5,1,7,9,1,10,2,14,,44,,1,21,121.5822824,25.0570929
113,5,16,19,40,2,12內湖區,內湖區南京東路6段260號,0,0,1,2,C03,8,5,5,30,14,9,1,5,4,5,13,4,4,10,5,5,2,12,2,69,3,10,5,1,7,9,1,10,2,15,,33,,1,21,121.5822824,25.0570929
113,5,16,19,40,2,12內湖區,內湖區南京東路6段260號,0,0,1,3,B12,8,5,5,30,14,9,1,5,4,5,13,4,4,10,5,5,2,12,1,51,3,10,7,1,7,13,1,8,1,4,,44,,1,21,121.5822824,25.0570929
113,5,16,19,40,2,10文山區,文山區指南路3段與指南路3段26巷口,0,0,2,1,C03,7,5,5,30,3,1,1,5,4,5,13,4,4,10,5,5,2,16,1,53,2,7,5,1,7,5,1,10,1,14,,74,,1,21,121.5799249,24.98339603
113,5,16,19,40,2,10文山區,文山區指南路3段與指南路3段26巷口,0,0,2,2,C03,7,5,5,30,3,1,1,5,4,5,13,4,4,10,5,5,2,16,2,21,2,7,5,1,7,9,1,10,1,11,,14,,1,21,121.5799249,24.98339603
113,5,16,19,55,2,09北投區,北投區中央北路2段350巷與中央北路2段口,0,0,1,1,B12,8,5,5,30,3,1,1,5,4,5,13,2,1,4,1,5,1,16,1,43,3,10,7,1,7,5,1,8,1,8,1,118,,1,21,121.4884108,25.1393809
113,5,16,19,55,2,09北投區,北投區中央北路2段350巷與中央北路2段口,0,0,1,2,F02,8,5,5,30,3,1,1,5,4,5,13,2,1,4,1,5,1,16,2,53,2,9,3,1,7,9,8,20,1,11,2,118,,1,21,121.4884108,25.1393809
113,5,16,20,6,2,02萬華區,萬華區堤外便道(華中-光復段)往北近3013863號燈桿,0,0,4,4,H02,8,5,5,0,14,9,1,5,4,5,13,4,4,10,5,5,2,13,2,0,3,10,3,5,7,20,8,20,10,16,,67,,1,22,121.4925881,25.01924084
113,5,16,20,6,2,02萬華區,萬華區堤外便道(華中-光復段)往北近3013863號燈桿,0,0,4,5,H02,8,5,5,0,14,9,1,5,4,5,13,4,4,10,5,5,2,13,2,24,2,9,3,5,7,20,8,20,10,16,,67,,1,22,121.4925881,25.01924084
113,5,16,20,6,2,02萬華區,萬華區堤外便道(華中-光復段)往北近3013863號燈桿,0,0,4,1,C03,8,5,5,0,14,9,1,5,4,5,13,4,4,10,5,5,2,13,2,43,2,9,5,4,7,5,1,10,1,14,,32,,1,22,121.4925881,25.01924084
113,5,16,20,6,2,02萬華區,萬華區堤外便道(華中-光復段)往北近3013863號燈桿,0,0,4,2,C03,8,5,5,0,14,9,1,5,4,5,13,4,4,10,5,5,2,13,2,21,2,9,5,4,7,9,1,10,1,11,,8,,1,22,121.4925881,25.01924084
113,5,16,20,6,2,02萬華區,萬華區堤外便道(華中-光復段)往北近3013863號燈桿,0,0,4,3,H02,8,5,5,0,14,9,1,5,4,5,13,4,4,10,5,5,2,13,2,65,2,9,3,5,7,20,8,20,10,16,,67,,1,22,121.4925881,25.01924084
113,5,16,20,8,2,01大同區,大同區長安西路與西寧北路口,0,0,1,1,B03,7,5,5,50,4,2,1,5,4,5,13,2,1,5,4,5,2,17,1,30,3,10,3,4,7,5,1,8,1,1,,71,,1,21,121.5085527,25.0519625
113,5,16,20,8,2,01大同區,大同區長安西路與西寧北路口,0,0,1,2,C03,7,5,5,50,4,2,1,5,4,5,13,2,1,5,4,5,2,17,2,28,2,9,3,4,7,9,1,10,1,14,,44,,1,21,121.5085527,25.0519625
113,5,16,20,25,2,05中正區,中正區羅斯福路4段與基隆路4段口,0,0,1,1,C03,7,5,5,50,5,1,1,5,4,5,13,1,1,1,3,5,1,16,2,18,2,9,5,1,7,5,1,10,2,14,,96,,1,16,121.5369482,25.01129605
113,5,16,20,25,2,05中正區,中正區羅斯福路4段與基隆路4段口,0,0,1,2,C03,7,5,5,50,5,1,1,5,4,5,13,1,1,1,3,5,1,16,2,25,3,10,5,1,7,9,1,10,2,12,,44,,1,21,121.5369482,25.01129605
113,5,16,20,25,2,05中正區,中正區羅斯福路4段與基隆路4段口,0,0,1,3,H02,7,5,5,50,5,1,1,5,4,5,13,1,1,1,3,5,1,16,2,18,4,11,5,5,7,17,8,20,10,16,,67,,1,21,121.5369482,25.01129605
113,5,16,20,30,2,03中山區,中山區民族東路與中山北路3段口,0,0,1,2,C03,8,5,5,50,14,9,1,5,4,5,13,1,1,1,4,5,2,17,1,24,2,8,5,1,7,9,1,10,1,11,,44,,1,22,121.5233,25.0684988
113,5,16,20,30,2,03中山區,中山區民族東路與中山北路3段口,0,0,1,1,A31,8,5,5,50,14,9,1,5,4,5,13,1,1,1,4,5,2,17,1,45,4,11,3,4,1,9,1,1,9,15,,30,,1,22,121.5233,25.0684988
113,5,16,20,31,2,07信義區,信義區松高路與松智路口口,0,0,1,1,B02,7,5,5,50,3,1,1,5,4,5,13,2,1,5,2,5,2,16,1,35,3,10,7,1,7,5,1,8,1,8,,71,,1,21,121.5655338,25.0391125
113,5,16,20,31,2,07信義區,信義區松高路與松智路口口,0,0,1,2,B01,7,5,5,50,3,1,1,5,4,5,13,2,1,5,2,5,2,16,1,53,2,8,7,1,7,9,1,4,1,8,,44,,1,21,121.5655338,25.0391125
113,5,16,20,37,2,01大同區,大同區承德路1段與長安西路口,0,0,1,1,B01,8,5,5,50,4,1,1,5,4,5,13,2,1,5,4,5,2,16,1,57,3,10,3,4,7,11,1,4,1,1,,71,,1,21,121.5168502,25.0509841
113,5,16,20,37,2,01大同區,大同區承德路1段與長安西路口,0,0,1,2,C03,8,5,5,50,4,1,1,5,4,5,13,2,1,5,4,5,2,16,2,50,2,9,5,1,7,9,1,10,1,14,,44,,1,21,121.5168502,25.0509841
113,5,16,20,48,2,04大安區,大安區臥龍街188巷31號,0,0,1,1,C03,8,7,5,30,14,9,1,5,4,5,13,4,4,9,4,5,2,14,1,29,3,10,3,4,7,2,1,10,1,12,,44,,1,21,121.5507266,25.0172062
113,5,16,20,48,2,04大安區,大安區臥龍街188巷31號,0,0,1,2,C03,8,7,5,30,14,9,1,5,4,5,13,4,4,9,4,5,2,14,2,55,2,7,3,4,7,9,1,10,1,12,,108,,1,21,121.5507266,25.0172062
113,5,16,21,40,2,03中山區,中山區濱江街103號與濱江街口,0,0,1,1,B12,8,5,5,50,3,1,1,5,4,5,13,4,4,3,4,5,2,15,1,41,3,10,7,1,7,15,1,8,1,5,,74,,1,21,121.5347537,25.0730677