發生年度,發生月,發生日,發生時-Hours,發生分,處理別-編號,區序,肇事地點,死亡人數,2-30日死亡人數,受傷人數,當事人序號,車種,天候,道路照明設備,道路類別,速限-速度限制,道路型態,事故位置,路面狀況1,路面狀況2,路面狀況3,道路障礙1,道路障礙2,號誌1,號誌2,車道劃分-分向,車道劃分-分道1,車道劃分-分道2,車道劃分-分道3,事故類型及型態,性別,年齡,受傷程度,主要傷處,保護裝置,行動電話,車輛用途,當事者行動狀態,駕駛資格情形,駕駛執照種類,飲酒情形,車輛撞擊部位1,車輛撞擊部位2,肇因碼-個別,肇因碼-主要,個人肇逃否,職業,座標-X,座標-Y
113,5,16,21,40,2,03中山區,中山區濱江街103號與濱江街口,0,0,1,2,C03,8,5,5,50,3,1,1,5,4,5,13,4,4,3,4,5,2,15,1,31,2,8,5,1,7,9,1,10,1,11,,44,,1,21,121.5347537,25.0730677
113,5,16,21,46,2,01大同區,大同區寧夏路與錦西街口,0,0,1,1,C03,7,5,5,50,4,1,1,5,4,5,13,2,1,5,5,5,2,17,1,21,3,10,6,4,7,5,1,10,1,17,,8,,1,22,121.5148315,25.059365
113,5,16,21,46,2,01大同區,大同區寧夏路與錦西街口,0,0,1,2,C03,7,5,5,50,4,1,1,5,4,5,13,2,1,5,5,5,2,17,1,20,2,9,6,4,7,9,1,10,1,12,,44,,1,22,121.5148315,25.059365
113,5,16,22,38,2,10文山區,文山區木新路2段與指南路1段口,0,0,1,1,C03,8,5,5,50,4,1,1,5,4,5,13,1,1,10,5,5,2,16,1,25,2,9,6,1,7,5,1,10,1,14,,71,,1,21,121.5708518,24.9877086
113,5,16,22,38,2,10文山區,文山區木新路2段與指南路1段口,0,0,1,2,B03,8,5,5,50,4,1,1,5,4,5,13,1,1,10,5,5,2,16,1,59,3,10,7,1,7,9,1,8,1,4,,44,,1,21,121.5708518,24.9877086
113,5,16,23,16,2,01大同區,大同區台北橋往西上橋處,0,0,2,1,C03,7,5,5,50,14,11,1,5,4,5,13,4,4,1,4,5,2,13,1,23,2,9,3,4,7,9,1,10,1,11,,108,,1,21,121.5103791,25.063052
113,5,16,23,16,2,01大同區,大同區台北橋往西上橋處,0,0,2,2,C03,7,5,5,50,14,11,1,5,4,5,13,4,4,1,4,5,2,13,1,37,2,9,3,4,7,9,1,10,1,13,,44,,1,21,121.5103791,25.063052
113,5,16,23,30,2,08士林區,士林區中山北路5段與中山北路5段470巷口,0,0,1,1,B03,8,5,5,50,3,1,1,5,4,5,13,4,4,1,4,5,2,16,1,35,3,10,3,4,7,6,1,8,9,2,,9,,1,22,121.5279059,25.09221992
113,5,16,23,30,2,08士林區,士林區中山北路5段與中山北路5段470巷口,0,0,1,2,C03,8,5,5,50,3,1,1,5,4,5,13,4,4,1,4,5,2,16,1,30,2,8,3,4,7,9,1,10,9,14,,13,,1,22,121.5279059,25.09221992
113,5,17,4,41,2,04大安區,大安區敦化南路1段190巷與忠孝東路4段77巷口,0,0,1,1,B01,8,7,5,30,4,1,1,5,4,5,13,4,4,10,5,5,2,15,1,34,3,10,3,4,7,9,1,2,1,1,,14,,1,21,121.547216,25.0426278
113,5,17,4,41,2,04大安區,大安區敦化南路1段190巷與忠孝東路4段77巷口,0,0,1,2,B01,8,7,5,30,4,1,1,5,4,5,13,4,4,10,5,5,2,15,1,47,2,5,3,4,7,9,1,4,1,4,,44,,1,21,121.547216,25.0426278
113,5,17,5,0,2,12內湖區,內湖區南京東路6段與堤頂大道1段口,0,0,1,1,B03,8,5,5,50,4,1,1,5,4,5,13,2,1,1,4,1,1,17,1,24,3,10,7,1,7,5,1,8,1,5,,8,,1,21,121.5766333,25.0545424
113,5,17,5,0,2,12內湖區,內湖區南京東路6段與堤頂大道1段口,0,0,1,2,C03,8,5,5,50,4,1,1,5,4,5,13,2,1,1,4,1,1,17,1,37,2,9,5,1,7,5,1,10,1,11,,44,,1,21,121.5766333,25.0545424
113,5,17,5,47,2,02萬華區,萬華區西寧南路與西寧南路287巷口,0,0,2,1,C03,8,7,5,50,3,2,1,5,4,5,13,4,4,9,5,5,2,17,1,62,2,9,5,1,7,9,1,10,1,11,,4,,1,21,121.5063016,25.03890776
113,5,17,5,47,2,02萬華區,萬華區西寧南路與西寧南路287巷口,0,0,2,2,C03,8,7,5,50,3,2,1,5,4,5,13,4,4,9,5,5,2,17,1,18,2,9,5,1,7,5,1,10,1,14,,44,,1,21,121.5063016,25.03890776
113,5,17,5,56,2,10文山區,文山區和平東路4段與萬寧街口,0,0,1,1,C03,8,6,5,40,5,1,1,5,4,5,13,1,1,5,5,5,2,17,2,30,2,9,3,4,7,1,1,10,1,14,,19,,1,22,121.5676274,25.0052323
113,5,17,5,56,2,10文山區,文山區和平東路4段與萬寧街口,0,0,1,2,B03,8,6,5,40,5,1,1,5,4,5,13,1,1,5,5,5,2,17,1,37,3,10,3,4,7,9,1,8,1,5,,81,,1,22,121.5676274,25.0052323
113,5,17,7,10,2,04大安區,大安區建國南路2段與瑞安街244巷口,0,0,1,1,B03,8,6,5,50,4,1,1,5,4,5,13,4,4,5,5,5,2,15,2,52,3,10,3,4,7,15,1,8,1,2,,73,,1,21,121.5380048,25.0281768
113,5,17,7,10,2,04大安區,大安區建國南路2段與瑞安街244巷口,0,0,1,2,C03,8,6,5,50,4,1,1,5,4,5,13,4,4,5,5,5,2,15,1,63,2,9,5,1,7,9,1,10,1,11,,44,,1,21,121.5380048,25.0281768
113,5,17,7,48,2,07信義區,信義區大道路與大道路28巷口,0,0,2,1,C04,8,6,5,30,4,1,1,5,4,5,13,4,4,9,5,5,2,15,2,75,2,9,6,1,7,9,1,21,2,11,,72,,1,21,121.5818849,25.0419096
113,5,17,7,48,2,07信義區,信義區大道路與大道路28巷口,0,0,2,2,C03,8,6,5,30,4,1,1,5,4,5,13,4,4,9,5,5,2,15,1,52,2,9,5,1,7,9,1,9,2,11,,14,,1,21,121.5818849,25.0419096
113,5,17,7,54,2,08士林區,士林區延平北路7段106巷臨333號,0,0,1,1,B12,8,6,5,30,14,9,1,5,4,5,13,4,4,10,5,5,1,17,1,56,3,10,3,4,7,1,1,8,2,5,,19,,1,21,121.4958511,25.1057631
113,5,17,7,54,2,08士林區,士林區延平北路7段106巷臨333號,0,0,1,2,C03,8,6,5,30,14,9,1,5,4,5,13,4,4,10,5,5,1,17,1,31,2,9,3,4,7,9,1,10,1,15,,44,,1,22,121.4958511,25.1057631
113,5,17,7,54,2,11南港區,南港區福德街309巷與福德街339巷口,0,0,1,1,C03,8,7,5,30,3,2,1,5,4,5,13,4,4,10,5,5,2,17,2,35,3,10,5,1,7,5,1,10,1,14,,80,,1,21,121.5885095,25.03948793
113,5,17,7,54,2,11南港區,南港區福德街309巷與福德街339巷口,0,0,1,2,C03,8,7,5,30,3,2,1,5,4,5,13,4,4,10,5,5,2,17,1,62,2,3,5,1,7,6,1,10,1,14,,27,,1,21,121.5885095,25.03948793
113,5,17,7,57,2,02萬華區,萬華區馬場町河濱公園往南自行車車道,0,0,2,1,F01,8,7,7,0,14,23,1,5,4,5,13,4,4,8,5,5,2,1,1,20,2,9,4,1,7,9,8,20,1,15,,108,,1,22,121.5097217,25.02257063
113,5,17,7,57,2,02萬華區,萬華區馬場町河濱公園往南自行車車道,0,0,2,2,H01,8,7,7,0,14,23,1,5,4,5,13,4,4,8,5,5,2,1,1,67,2,7,4,5,8,16,8,20,1,16,,67,,1,22,121.5097217,25.02257063
113,5,17,8,18,2,04大安區,大安區忠孝東路4段248巷與忠孝東路口側附近4段口,0,0,1,1,B03,8,6,5,50,3,1,1,5,4,5,13,4,4,1,4,5,2,16,1,37,3,10,3,4,7,6,1,8,1,2,,9,,1,21,121.5540734,25.041291
113,5,17,8,18,2,04大安區,大安區忠孝東路4段248巷與忠孝東路口側附近4段口,0,0,1,2,C03,8,6,5,50,3,1,1,5,4,5,13,4,4,1,4,5,2,16,1,24,2,8,5,1,7,9,1,10,1,14,,44,,1,21,121.5540734,25.041291
113,5,17,8,23,2,09北投區,北投區承德路6段與文承路口,0,0,2,1,C03,8,6,5,60,14,9,1,5,4,5,13,1,1,9,4,4,2,12,1,38,2,9,5,1,7,9,1,10,1,12,,108,,1,21,121.5118178,25.1049537
113,5,17,8,23,2,09北投區,北投區承德路6段與文承路口,0,0,2,2,C03,8,6,5,60,14,9,1,5,4,5,13,1,1,9,4,4,2,12,1,23,2,7,5,1,7,9,1,10,1,14,,44,,1,21,121.5118178,25.1049537
113,5,17,8,34,2,08士林區,士林區士東路200巷與士東路200巷15弄口,0,0,1,1,B03,8,6,5,30,3,2,1,5,4,5,13,4,4,5,5,5,2,17,1,62,3,10,7,1,7,11,1,8,1,4,,10,,1,21,121.533737,25.1118705
113,5,17,8,34,2,08士林區,士林區士東路200巷與士東路200巷15弄口,0,0,1,2,C03,8,6,5,30,3,2,1,5,4,5,13,4,4,5,5,5,2,17,2,63,2,9,5,1,7,9,1,10,1,12,,94,,1,21,121.533737,25.1118705
113,5,17,8,50,2,03中山區,中山區天祥路17號,0,0,1,1,C03,8,7,5,30,14,9,1,5,4,5,13,4,4,9,5,5,1,17,1,28,2,9,6,1,7,6,1,10,2,11,,80,,1,21,121.5210768,25.0610552
113,5,17,8,50,2,03中山區,中山區天祥路17號,0,0,1,2,B03,8,7,5,30,14,9,1,5,4,5,13,4,4,9,5,5,1,17,1,69,3,10,7,1,7,9,1,8,1,2,,44,,1,21,121.5210768,25.0610552
113,5,17,9,1,2,09北投區,北投區大度路3段往淡水方向第1205136號燈桿,0,0,1,3,B03,8,6,5,50,14,9,1,5,4,5,13,4,4,1,4,5,2,38,1,49,3,10,7,1,7,9,1,8,2,1,,44,,1,21,121.4707817,25.1229403
113,5,17,9,1,2,09北投區,北投區大度路3段往淡水方向第1205136號燈桿,0,0,1,4,B03,8,6,5,50,14,9,1,5,4,5,13,4,4,1,4,5,2,38,1,34,3,10,7,1,7,9,1,8,2,4,,44,,1,21,121.4707817,25.1229403
113,5,17,9,1,2,09北投區,北投區大度路3段往淡水方向第1205136號燈桿,0,0,1,1,B02,8,6,5,50,14,9,1,5,4,5,13,4,4,1,4,5,2,38,2,69,2,3,7,1,7,9,1,8,2,8,,108,,1,21,121.4707817,25.1229403
113,5,17,9,1,2,09北投區,北投區大度路3段往淡水方向第1205136號燈桿,0,0,1,2,,8,6,5,50,14,9,1,5,4,5,13,4,4,1,4,5,2,38,3,0,,,,,,,,,,,,67,,1,,121.4707817,25.1229403
113,5,17,9,10,2,08士林區,士林區文林路與文林路714巷口,0,0,1,1,C03,8,6,5,40,5,2,1,5,4,5,13,2,1,1,4,4,1,17,2,46,3,10,5,1,7,6,1,10,1,12,,9,,1,21,121.5208747,25.1023523
113,5,17,9,10,2,08士林區,士林區文林路與文林路714巷口,0,0,1,2,C03,8,6,5,40,5,2,1,5,4,5,13,2,1,1,4,4,1,17,1,73,2,9,5,1,7,9,1,10,1,11,,44,,1,21,121.5208747,25.1023523
113,5,17,9,22,2,03中山區,中山區民權東路2段67號前,0,0,1,1,C03,8,5,5,50,14,9,1,5,4,5,13,4,4,1,4,5,2,13,1,34,2,9,5,4,7,9,1,10,1,11,,16,,1,21,121.5313841,25.0626036
113,5,17,9,22,2,03中山區,中山區民權東路2段67號前,0,0,1,2,B03,8,5,5,50,14,9,1,5,4,5,13,4,4,1,4,5,2,13,2,46,3,10,3,4,7,12,1,8,1,6,,44,,1,21,121.5313841,25.0626036
113,5,17,9,30,2,12內湖區,內湖區民權大橋東向西機慢車專用道,0,0,3,1,C03,8,6,5,30,8,11,1,5,4,5,13,4,4,1,4,5,2,13,1,26,2,9,5,1,7,9,1,10,1,11,,108,,1,21,121.577416,25.06651263
113,5,17,9,30,2,12內湖區,內湖區民權大橋東向西機慢車專用道,0,0,3,2,C03,8,6,5,30,8,11,1,5,4,5,13,4,4,1,4,5,2,13,1,52,2,9,5,1,7,15,1,9,1,13,,39,,1,21,121.577416,25.06651263
113,5,17,9,30,2,12內湖區,內湖區民權大橋東向西機慢車專用道,0,0,3,3,H02,8,6,5,30,8,11,1,5,4,5,13,4,4,1,4,5,2,13,2,24,2,9,5,5,7,20,8,20,10,16,,67,,1,21,121.577416,25.06651263
113,5,17,9,50,2,04大安區,大安區仁愛路3段與新生南路1段口,0,0,1,1,C03,8,6,5,50,4,4,1,5,4,5,13,2,1,1,4,5,2,13,1,26,2,9,5,1,7,9,1,10,1,11,,108,,1,21,121.533192,25.0379747
113,5,17,9,50,2,04大安區,大安區仁愛路3段與新生南路1段口,0,0,1,2,B03,8,6,5,50,4,4,1,5,4,5,13,2,1,1,4,5,2,13,1,72,3,10,3,4,7,15,1,8,1,6,,44,,1,21,121.533192,25.0379747
113,5,17,9,50,2,11南港區,南港區忠孝東路7段與向陽路口,0,0,1,1,B12,8,7,5,50,4,2,1,2,4,5,13,1,1,1,1,4,2,17,1,45,3,10,2,1,7,9,1,8,1,15,,37,,1,21,121.5957628,25.0508812
113,5,17,9,50,2,11南港區,南港區忠孝東路7段與向陽路口,0,0,1,2,C03,8,7,5,50,4,2,1,2,4,5,13,1,1,1,1,4,2,17,2,30,2,8,5,1,7,1,1,10,1,14,,44,,1,21,121.5957628,25.0508812
113,5,17,10,8,2,06松山區,松山區敦化北路100號,0,0,1,1,B03,7,6,5,30,14,8,1,5,4,5,13,4,4,1,4,4,2,16,2,45,3,10,7,1,7,6,1,8,1,6,,9,,1,21,121.5487402,25.05257561
113,5,17,10,8,2,06松山區,松山區敦化北路100號,0,0,1,2,C03,7,6,5,30,14,8,1,5,4,5,13,4,4,1,4,4,2,16,1,36,2,9,6,1,7,9,1,10,1,14,,44,,1,21,121.5487402,25.05257561
113,5,17,10,26,2,03中山區,中山區林森北路與南京東路1段口,0,0,1,1,B03,8,7,5,50,4,1,1,5,4,5,13,1,1,1,4,5,2,17,1,37,3,10,7,4,7,5,1,8,9,17,,50,,2,21,121.5254837,25.0519827
113,5,17,10,26,2,03中山區,中山區林森北路與南京東路1段口,0,0,1,2,C03,8,7,5,50,4,1,1,5,4,5,13,1,1,1,4,5,2,17,2,30,2,9,3,4,7,6,1,10,1,17,,44,,1,21,121.5254837,25.0519827
113,5,17,10,38,2,02萬華區,萬華區艋舺大道與萬大路口,0,0,1,1,C03,8,6,5,50,4,2,1,5,4,5,13,2,1,1,4,4,2,13,1,21,2,9,6,1,7,9,1,10,1,11,,108,,1,22,121.5007018,25.0328571
113,5,17,10,38,2,02萬華區,萬華區艋舺大道與萬大路口,0,0,1,2,B01,8,6,5,50,4,2,1,5,4,5,13,2,1,1,4,4,2,13,1,64,3,10,3,4,7,9,1,4,1,6,,44,,1,21,121.5007018,25.0328571
113,5,17,10,40,2,09北投區,北投區北投路2段(燈桿1200903),0,0,2,1,C03,8,6,5,40,14,9,1,5,4,5,13,4,4,9,4,5,2,29,2,65,2,9,5,1,7,9,1,10,1,12,,118,,1,21,121.4968309,25.1336497
113,5,17,10,40,2,09北投區,北投區北投路2段(燈桿1200903),0,0,2,2,B03,8,6,5,40,14,9,1,5,4,5,13,4,4,9,4,5,2,29,3,39,,,,,,,,,,,,67,,1,,121.4968309,25.1336497
113,5,17,10,40,2,09北投區,北投區北投路2段(燈桿1200903),0,0,2,3,H02,8,6,5,40,14,9,1,5,4,5,13,4,4,9,4,5,2,29,1,71,2,9,5,5,7,20,8,20,10,16,,67,,1,21,121.4968309,25.1336497
113,5,17,11,20,2,08士林區,士林區百齡左岸河濱公園堤外便道,0,0,1,1,C03,8,6,5,40,14,9,1,5,4,5,13,4,4,10,3,5,1,16,1,19,3,10,5,1,7,1,1,10,1,14,,19,,1,21,121.5121041,25.0889088
113,5,17,11,20,2,08士林區,士林區百齡左岸河濱公園堤外便道,0,0,1,2,C03,8,6,5,40,14,9,1,5,4,5,13,4,4,10,3,5,1,16,1,21,2,9,5,1,7,9,1,10,1,11,,44,,1,21,121.5121041,25.0889088
113,5,17,11,47,2,09北投區,北投區文林北路與文林北路60巷口,0,0,2,1,B03,8,6,5,40,3,1,1,5,4,5,13,4,4,1,4,4,2,17,1,65,3,10,7,1,7,1,1,8,1,8,,19,,1,21,121.5183297,25.1049792
113,5,17,11,47,2,09北投區,北投區文林北路與文林北路60巷口,0,0,2,2,C03,8,6,5,40,3,1,1,5,4,5,13,4,4,1,4,4,2,17,1,30,2,9,5,1,7,9,1,10,1,11,12,44,,1,21,121.5183297,25.1049792
113,5,17,11,47,2,09北投區,北投區文林北路與文林北路60巷口,0,0,2,3,B03,8,6,5,40,3,1,1,5,4,5,13,4,4,1,4,4,2,17,1,60,3,10,7,1,7,14,1,8,1,6,,44,,1,21,121.5183297,25.1049792
113,5,17,11,47,2,09北投區,北投區文林北路與文林北路60巷口,0,0,2,4,H02,8,6,5,40,3,1,1,5,4,5,13,4,4,1,4,4,2,17,2,24,2,8,5,5,7,17,8,20,10,16,,67,,1,21,121.5183297,25.1049792
113,5,17,11,48,2,12內湖區,內湖區民權東路6段與舊宗路1段口,0,0,1,1,B03,8,5,5,50,4,1,1,5,4,5,13,1,1,5,4,5,2,16,2,40,3,10,7,1,7,5,1,8,2,5,,71,,1,21,121.5752386,25.0656365
113,5,17,11,48,2,12內湖區,內湖區民權東路6段與舊宗路1段口,0,0,1,2,C03,8,5,5,50,4,1,1,5,4,5,13,1,1,5,4,5,2,16,1,30,2,9,6,1,7,9,1,10,2,11,,44,,1,21,121.5752386,25.0656365
113,5,17,11,51,2,03中山區,中山區復興北路492號,0,0,1,1,C04,8,5,5,50,14,9,1,5,4,5,13,4,4,1,4,5,2,13,2,23,2,8,3,4,7,9,1,10,1,11,,16,,1,21,121.5442038,25.0655272
113,5,17,11,51,2,03中山區,中山區復興北路492號,0,0,1,2,C03,8,5,5,50,14,9,1,5,4,5,13,4,4,1,4,5,2,13,1,36,3,10,3,4,7,9,1,10,1,13,,44,,1,21,121.5442038,25.0655272
113,5,17,12,45,2,05中正區,中正區公園路15-3號,0,0,1,1,C03,8,6,5,50,14,9,1,5,4,5,13,4,4,5,4,5,2,12,1,43,2,9,5,1,7,8,1,10,2,13,,100,,1,22,121.5158663,25.04077858
113,5,17,12,45,2,05中正區,中正區公園路15-3號,0,0,1,2,B03,8,6,5,50,14,9,1,5,4,5,13,4,4,5,4,5,2,12,1,24,3,10,7,1,7,9,1,8,2,5,,44,,1,22,121.5158663,25.04077858
113,5,17,12,46,2,10文山區,文山區木柵路4段與木柵路4段33巷口口,0,0,1,1,C03,8,6,5,50,14,9,1,5,4,5,13,2,1,5,4,5,2,13,2,20,2,9,5,1,7,9,1,10,1,11,,42,,1,21,121.5715895,24.9939392
113,5,17,12,46,2,10文山區,文山區木柵路4段與木柵路4段33巷口口,0,0,1,2,B03,8,6,5,50,14,9,1,5,4,5,13,2,1,5,4,5,2,13,2,51,3,10,7,1,7,9,1,8,9,7,,44,,1,21,121.5715895,24.9939392
113,5,17,12,48,2,07信義區,信義區松平路80號,0,0,2,1,C03,8,6,5,30,14,9,1,5,4,5,13,2,1,9,5,5,2,12,2,20,2,9,5,1,7,9,1,10,1,11,,16,,1,21,121.566508,25.0304904
113,5,17,12,48,2,07信義區,信義區松平路80號,0,0,2,2,C03,8,6,5,30,14,9,1,5,4,5,13,2,1,9,5,5,2,12,1,26,3,10,5,1,7,9,6,18,1,13,,44,,1,21,121.566508,25.0304904
113,5,17,12,48,2,07信義區,信義區松平路80號,0,0,2,3,H02,8,6,5,30,14,9,1,5,4,5,13,2,1,9,5,5,2,12,2,19,2,8,5,5,7,20,8,20,10,16,,67,,1,21,121.566508,25.0304904
113,5,17,13,3,2,01大同區,大同區環河北路1段與貴德街46巷口,0,0,2,1,C03,8,5,5,30,3,2,1,5,4,5,13,4,4,10,4,5,2,17,1,32,2,9,3,4,7,6,1,10,2,13,,42,,1,21,121.5079366,25.0552423
113,5,17,13,3,2,01大同區,大同區環河北路1段與貴德街46巷口,0,0,2,2,C03,8,5,5,30,3,2,1,5,4,5,13,4,4,10,4,5,2,17,1,16,2,9,3,4,7,9,2,18,2,11,,42,,1,21,121.5079366,25.0552423
113,5,17,13,3,2,01大同區,大同區環河北路1段與貴德街46巷口,0,0,2,4,C03,8,5,5,30,3,2,1,5,4,5,13,4,4,10,4,5,2,17,2,58,4,11,3,4,7,13,7,19,11,15,,38,,1,21,121.5079366,25.0552423
113,5,17,13,3,2,01大同區,大同區環河北路1段與貴德街46巷口,0,0,2,3,,8,5,5,30,3,2,1,5,4,5,13,4,4,10,4,5,2,17,3,58,,,,,,,,,,,,67,,1,,121.5079366,25.0552423
113,5,17,13,53,2,10文山區,文山區辛亥路4段與辛亥路4段101巷口,0,0,2,1,B03,8,6,5,50,14,9,1,5,4,5,13,2,1,1,4,5,2,16,2,66,3,10,7,1,7,7,1,8,1,5,,100,,1,21,121.5585619,25.007164
113,5,17,13,53,2,10文山區,文山區辛亥路4段與辛亥路4段101巷口,0,0,2,2,C03,8,6,5,50,14,9,1,5,4,5,13,2,1,1,4,5,2,16,1,19,2,9,6,1,7,9,1,10,1,14,,13,,1,25,121.5585619,25.007164
113,5,17,13,53,2,10文山區,文山區辛亥路4段與辛亥路4段101巷口,0,0,2,3,H02,8,6,5,50,14,9,1,5,4,5,13,2,1,1,4,5,2,16,2,18,2,9,6,5,7,21,8,20,10,16,,67,,1,25,121.5585619,25.007164
113,5,17,14,5,2,02萬華區,萬華區中華路2段與國興路口,0,0,1,1,A02,7,6,5,30,4,1,1,2,4,5,13,2,1,9,4,5,1,17,1,64,3,10,3,4,7,5,1,2,2,17,,42,,1,22,121.5093231,25.02476501
113,5,17,14,5,2,02萬華區,萬華區中華路2段與國興路口,0,0,1,2,F02,7,6,5,30,4,1,1,2,4,5,13,2,1,9,4,5,1,17,1,39,2,9,3,4,7,6,8,20,3,17,,42,,1,22,121.5093231,25.02476501
113,5,17,14,40,2,02萬華區,萬華區萬大路424巷與長泰街297巷口,0,0,1,1,C03,8,5,5,30,4,1,1,5,4,5,13,4,4,9,5,5,2,15,1,22,2,7,5,4,7,9,1,10,1,12,,72,,1,21,121.4932453,25.0205016
113,5,17,14,40,2,02萬華區,萬華區萬大路424巷與長泰街297巷口,0,0,1,2,B01,8,5,5,30,4,1,1,5,4,5,13,4,4,9,5,5,2,15,1,55,3,10,2,4,7,9,1,4,1,8,,44,,1,21,121.4932453,25.0205016
113,5,17,14,45,2,08士林區,士林區福林橋南往北,0,0,1,1,B03,8,6,5,50,8,9,1,5,4,5,13,4,4,3,4,5,1,12,2,46,4,11,3,4,7,21,7,19,11,15,,44,,2,22,121.5266114,25.1002948
113,5,17,14,45,2,08士林區,士林區福林橋南往北,0,0,1,2,C03,8,6,5,50,8,9,1,5,4,5,13,4,4,3,4,5,1,12,2,43,2,9,6,1,7,7,1,10,1,14,,100,,1,21,121.5266114,25.1002948
113,5,17,14,45,2,08士林區,士林區福林橋南往北,0,0,1,3,C03,8,6,5,50,8,9,1,5,4,5,13,4,4,3,4,5,1,12,2,52,3,10,6,1,7,9,1,10,9,13,,44,,1,21,121.5266114,25.1002948
113,5,17,15,2,2,04大安區,大安區四維路45號附近側附近,0,0,1,1,B02,8,6,5,30,14,9,1,5,4,5,13,4,4,10,5,5,2,17,1,26,3,10,7,1,7,6,1,8,1,2,,9,,1,22,121.5481052,25.0346169
113,5,17,15,2,2,04大安區,大安區四維路45號附近側附近,0,0,1,2,C03,8,6,5,30,14,9,1,5,4,5,13,4,4,10,5,5,2,17,1,70,2,9,5,1,7,9,1,10,1,14,,44,,1,26,121.5481052,25.0346169
113,5,17,15,9,2,07信義區,信義區吳興街156巷25弄與吳興街156巷口,0,0,1,1,C03,8,5,5,30,3,1,1,5,4,5,13,4,4,10,5,5,2,15,1,22,3,10,5,1,7,9,1,10,1,11,,72,,1,21,121.5611305,25.0287866
113,5,17,15,9,2,07信義區,信義區吳興街156巷25弄與吳興街156巷口,0,0,1,2,C03,8,5,5,30,3,1,1,5,4,5,13,4,4,10,5,5,2,15,2,66,2,9,5,1,7,9,1,10,1,12,,44,,1,21,121.5611305,25.0287866
113,5,17,15,43,2,06松山區,松山區民生東路4段與民生東路4段112巷口,0,0,1,1,B03,8,7,5,50,4,2,1,5,4,5,13,2,1,9,4,5,2,12,1,45,3,10,7,1,7,15,1,8,1,8,,100,,1,21,121.5544052,25.0581736
113,5,17,15,43,2,06松山區,松山區民生東路4段與民生東路4段112巷口,0,0,1,2,C03,8,7,5,50,4,2,1,5,4,5,13,2,1,9,4,5,2,12,2,50,2,9,5,1,7,9,1,10,1,12,,44,,1,22,121.5544052,25.0581736
113,5,17,15,52,2,07信義區,信義區忠孝東路5段373號,0,0,1,1,C03,8,5,5,50,14,9,1,5,4,5,13,1,1,1,4,5,2,17,1,58,2,9,5,1,7,9,1,10,1,12,,108,,1,22,121.5750744,25.0409538
113,5,17,15,52,2,07信義區,信義區忠孝東路5段373號,0,0,1,2,B03,8,5,5,50,14,9,1,5,4,5,13,1,1,1,4,5,2,17,2,57,3,10,7,1,7,8,1,8,1,6,,100,,1,22,121.5750744,25.0409538
113,5,17,15,52,2,07信義區,信義區忠孝東路5段373號,0,0,1,3,B01,8,5,5,50,14,9,1,5,4,5,13,1,1,1,4,5,2,17,2,39,3,10,2,1,7,13,1,4,1,4,,38,,1,22,121.5750744,25.0409538
113,5,17,16,28,2,03中山區,中山區吉林路55號,0,0,1,1,B03,8,6,5,50,14,9,1,5,4,5,13,4,4,5,4,4,2,16,1,46,3,10,3,4,7,11,1,8,1,2,,103,,1,22,121.5301272,25.05352877
113,5,17,16,28,2,03中山區,中山區吉林路55號,0,0,1,2,C03,8,6,5,50,14,9,1,5,4,5,13,4,4,5,4,4,2,16,1,45,2,9,6,1,7,9,1,10,1,14,,44,,1,22,121.5301272,25.05352877
113,5,17,16,48,2,07信義區,信義區信義路5段與基隆路2段口,0,0,1,1,B01,8,7,5,50,4,1,1,5,4,5,13,2,1,3,4,5,2,17,1,40,3,10,7,1,7,5,1,4,1,4,,44,,1,22,121.5598059,25.0330227
113,5,17,16,48,2,07信義區,信義區信義路5段與基隆路2段口,0,0,1,2,C03,8,7,5,50,4,1,1,5,4,5,13,2,1,3,4,5,2,17,1,43,2,7,6,1,7,6,1,10,1,12,,108,,1,22,121.5598059,25.0330227
113,5,17,16,50,2,03中山區,中山區長安東路1段77巷與長安東路1段口,0,0,1,1,B01,8,5,5,50,4,1,1,5,4,5,13,1,1,9,4,5,2,13,1,59,3,10,7,1,7,5,1,4,1,1,,108,,1,21,121.5281569,25.0484491
113,5,17,16,50,2,03中山區,中山區長安東路1段77巷與長安東路1段口,0,0,1,2,C03,8,5,5,50,4,1,1,5,4,5,13,1,1,9,4,5,2,13,1,53,2,8,5,1,7,6,1,10,1,13,,44,,1,21,121.5281569,25.0484491
113,5,17,16,52,2,02萬華區,萬華區武昌街2段與康定路口,0,0,1,1,C03,8,5,5,50,4,2,1,5,4,5,13,1,1,10,5,5,2,18,1,30,2,9,5,1,7,9,1,10,2,12,,44,,1,23,121.5034065,25.045551
113,5,17,16,52,2,02萬華區,萬華區武昌街2段與康定路口,0,0,1,2,,8,5,5,50,4,2,1,5,4,5,13,1,1,10,5,5,2,18,3,0,,,,,,,,,,,,67,,1,,121.5034065,25.045551
113,5,17,16,53,2,09北投區,北投區西安街1段與文林北路94巷口,0,0,1,2,C03,8,5,5,50,4,1,1,5,4,5,13,1,1,9,4,5,2,29,1,63,2,9,5,1,7,9,1,10,2,11,,44,,1,21,121.519895,25.1078504
113,5,17,16,53,2,09北投區,北投區西安街1段與文林北路94巷口,0,0,1,1,,8,5,5,50,4,1,1,5,4,5,13,1,1,9,4,5,2,29,3,51,,,,,,,,,,,,66,,1,,121.519895,25.1078504