發生年度,發生月,發生日,發生時-Hours,發生分,處理別-編號,區序,肇事地點,死亡人數,2-30日死亡人數,受傷人數,當事人序號,車種,天候,道路照明設備,道路類別,速限-速度限制,道路型態,事故位置,路面狀況1,路面狀況2,路面狀況3,道路障礙1,道路障礙2,號誌1,號誌2,車道劃分-分向,車道劃分-分道1,車道劃分-分道2,車道劃分-分道3,事故類型及型態,性別,年齡,受傷程度,主要傷處,保護裝置,行動電話,車輛用途,當事者行動狀態,駕駛資格情形,駕駛執照種類,飲酒情形,車輛撞擊部位1,車輛撞擊部位2,肇因碼-個別,肇因碼-主要,個人肇逃否,職業,座標-X,座標-Y
113,5,17,16,55,2,11南港區,南港區研究院路2段與舊莊街1段口,0,0,1,1,C03,8,7,5,50,14,9,1,5,4,5,13,4,4,1,1,5,2,17,2,49,3,10,5,1,7,1,1,10,1,17,,19,,1,21,121.6168005,25.04252101
113,5,17,16,55,2,11南港區,南港區研究院路2段與舊莊街1段口,0,0,1,2,C03,8,7,5,50,14,9,1,5,4,5,13,4,4,1,1,5,2,17,1,27,2,7,5,1,7,10,1,10,1,12,,44,,1,21,121.6168005,25.04252101
113,5,17,17,11,2,09北投區,北投區中山北路7段219巷3弄280號,0,0,1,1,C03,8,6,5,30,14,9,1,5,4,5,13,4,4,10,4,5,1,17,1,39,3,10,5,1,7,15,1,10,1,17,,118,,1,21,121.5304227,25.13293352
113,5,17,17,11,2,09北投區,北投區中山北路7段219巷3弄280號,0,0,1,2,C03,8,6,5,30,14,9,1,5,4,5,13,4,4,10,4,5,1,17,2,45,2,9,5,1,7,9,1,10,1,17,,118,,1,21,121.5304227,25.13293352
113,5,17,17,29,2,10文山區,文山區秀明路1段221號斜對面,0,0,1,1,C03,8,7,5,50,14,9,1,5,4,5,13,4,4,4,4,5,2,17,1,22,3,10,5,1,7,9,1,10,1,11,,108,,1,21,121.5699981,24.9916218
113,5,17,17,29,2,10文山區,文山區秀明路1段221號斜對面,0,0,1,2,A02,8,7,5,50,14,9,1,5,4,5,13,4,4,4,4,5,2,17,1,51,3,10,7,1,7,14,1,2,1,17,,38,,1,21,121.5699981,24.9916218
113,5,17,17,29,2,10文山區,文山區秀明路1段221號斜對面,0,0,1,3,H02,8,7,5,50,14,9,1,5,4,5,13,4,4,4,4,5,2,17,2,13,2,8,4,5,7,19,8,20,10,16,,67,,1,21,121.5699981,24.9916218
113,5,17,17,40,2,01大同區,大同區民權西路144巷與民權西路102巷4弄口口,0,0,2,1,C03,8,5,5,30,4,1,1,5,4,5,13,3,1,10,5,5,2,15,2,44,2,8,6,1,7,9,1,10,1,11,,84,,1,21,121.5159328,25.0616399
113,5,17,17,40,2,01大同區,大同區民權西路144巷與民權西路102巷4弄口口,0,0,2,2,C03,8,5,5,30,4,1,1,5,4,5,13,3,1,10,5,5,2,15,1,45,2,9,6,1,7,9,1,10,1,14,,44,,1,21,121.5159328,25.0616399
113,5,17,18,4,2,04大安區,大安區信義路4段與敦化南路2段口,0,0,1,1,B01,8,5,5,50,4,1,1,5,4,5,13,1,1,3,3,5,2,13,1,68,3,10,7,1,7,9,1,4,1,1,,16,,1,21,121.5484577,25.0331681
113,5,17,18,4,2,04大安區,大安區信義路4段與敦化南路2段口,0,0,1,2,C03,8,5,5,50,4,1,1,5,4,5,13,1,1,3,3,5,2,13,2,28,2,7,5,1,7,14,1,10,1,13,,44,,1,21,121.5484577,25.0331681
113,5,17,18,20,2,04大安區,大安區敦化南路2段7號,0,0,6,1,A02,8,5,5,50,14,9,1,5,4,5,13,2,1,1,4,5,2,13,1,50,3,10,7,1,7,12,1,2,1,1,,16,,1,26,121.549015,25.0329182
113,5,17,18,20,2,04大安區,大安區敦化南路2段7號,0,0,6,2,C03,8,5,5,50,14,9,1,5,4,5,13,2,1,1,4,5,2,13,1,35,3,10,5,1,7,12,1,10,1,13,,44,,1,22,121.549015,25.0329182
113,5,17,18,20,2,04大安區,大安區敦化南路2段7號,0,0,6,3,H02,8,5,5,50,14,9,1,5,4,5,13,2,1,1,4,5,2,13,2,41,2,6,4,5,7,17,8,20,10,16,,67,,1,22,121.549015,25.0329182
113,5,17,18,20,2,04大安區,大安區敦化南路2段7號,0,0,6,4,H02,8,5,5,50,14,9,1,5,4,5,13,2,1,1,4,5,2,13,1,36,2,8,4,5,7,17,8,20,10,16,,67,,1,22,121.549015,25.0329182
113,5,17,18,20,2,04大安區,大安區敦化南路2段7號,0,0,6,5,H02,8,5,5,50,14,9,1,5,4,5,13,2,1,1,4,5,2,13,2,33,2,6,4,5,7,17,8,20,10,16,,67,,1,22,121.549015,25.0329182
113,5,17,18,20,2,04大安區,大安區敦化南路2段7號,0,0,6,6,H02,8,5,5,50,14,9,1,5,4,5,13,2,1,1,4,5,2,13,2,39,2,6,4,5,7,17,8,20,10,16,,67,,1,22,121.549015,25.0329182
113,5,17,18,20,2,04大安區,大安區敦化南路2段7號,0,0,6,7,H02,8,5,5,50,14,9,1,5,4,5,13,2,1,1,4,5,2,13,1,26,2,6,4,5,7,17,8,20,10,16,,67,,1,22,121.549015,25.0329182
113,5,17,18,20,2,04大安區,大安區敦化南路2段7號,0,0,6,8,H02,8,5,5,50,14,9,1,5,4,5,13,2,1,1,4,5,2,13,2,48,2,1,4,5,7,17,8,20,10,16,,67,,1,22,121.549015,25.0329182
113,5,17,18,42,2,07信義區,信義區松壽路與松高路20巷口口,0,0,1,1,B01,7,5,5,50,4,1,1,5,4,5,13,4,4,10,2,5,2,16,1,60,3,10,7,1,7,6,1,4,2,5,,72,,1,21,121.5675164,25.03591
113,5,17,18,42,2,07信義區,信義區松壽路與松高路20巷口口,0,0,1,2,B01,7,5,5,50,4,1,1,5,4,5,13,4,4,10,2,5,2,16,1,66,3,10,7,1,7,9,1,4,2,2,,44,,1,21,121.5675164,25.03591
113,5,17,18,42,2,07信義區,信義區松壽路與松高路20巷口口,0,0,1,3,H02,7,5,5,50,4,1,1,5,4,5,13,4,4,10,2,5,2,16,2,33,2,1,3,5,7,20,8,20,10,17,,67,,1,21,121.5675164,25.03591
113,5,17,18,52,2,05中正區,中正區忠孝東路2段121巷與臨沂街3巷口,0,0,1,1,B01,7,5,5,30,4,1,1,5,4,5,13,4,4,10,5,5,2,16,1,56,3,10,7,4,7,6,1,4,2,8,,74,,1,21,121.5323461,25.04316184
113,5,17,18,52,2,05中正區,中正區忠孝東路2段121巷與臨沂街3巷口,0,0,1,2,C03,7,5,5,30,4,1,1,5,4,5,13,4,4,10,5,5,2,16,1,39,2,9,6,4,7,9,1,10,2,13,,44,,1,22,121.5323461,25.04316184
113,5,17,18,53,2,07信義區,信義區松仁路105號,0,0,1,1,B02,8,5,5,50,14,9,1,5,4,5,13,4,4,1,4,5,2,16,1,45,3,10,7,1,7,6,1,8,1,2,,80,,1,21,121.5684962,25.0353603
113,5,17,18,53,2,07信義區,信義區松仁路105號,0,0,1,2,C03,8,5,5,50,14,9,1,5,4,5,13,4,4,1,4,5,2,16,1,56,2,7,5,1,7,9,1,10,1,11,,17,,1,21,121.5684962,25.0353603
113,5,17,19,0,2,01大同區,大同區重慶北路3段與民權西路口,0,0,3,3,H02,8,5,5,50,4,1,1,5,4,5,13,1,1,1,2,5,2,12,1,11,2,9,6,5,7,20,8,20,10,16,,67,,1,21,121.5137676,25.0631248
113,5,17,19,0,2,01大同區,大同區重慶北路3段與民權西路口,0,0,3,1,C03,8,5,5,50,4,1,1,5,4,5,13,1,1,1,2,5,2,12,1,55,2,9,6,1,7,9,1,10,2,12,,17,,1,21,121.5137676,25.0631248
113,5,17,19,0,2,01大同區,大同區重慶北路3段與民權西路口,0,0,3,2,C03,8,5,5,50,4,1,1,5,4,5,13,1,1,1,2,5,2,12,1,68,2,9,6,1,7,9,1,9,2,14,,17,,1,21,121.5137676,25.0631248
113,5,17,19,18,2,10文山區,文山區萬盛街106巷與興隆路1段55巷27弄口,0,0,1,1,B01,8,5,5,30,3,2,1,5,4,4,13,4,4,5,5,5,2,17,1,67,3,10,7,1,7,9,1,4,4,5,,107,,1,21,121.540931,25.0043833
113,5,17,19,18,2,10文山區,文山區萬盛街106巷與興隆路1段55巷27弄口,0,0,1,2,F01,8,5,5,30,3,2,1,5,4,4,13,4,4,5,5,5,2,17,1,77,2,9,4,1,7,21,8,20,2,13,,27,,1,21,121.540931,25.0043833
113,5,17,19,25,2,09北投區,北投區致遠二路137號,0,0,2,1,C03,8,5,5,50,14,9,1,5,4,5,13,4,4,9,5,5,2,17,1,75,2,8,5,1,7,15,1,10,2,15,,42,,1,21,121.5128159,25.1172424
113,5,17,19,25,2,09北投區,北投區致遠二路137號,0,0,2,2,C03,8,5,5,50,14,9,1,5,4,5,13,4,4,9,5,5,2,17,1,39,2,9,6,1,7,9,1,9,2,11,,44,,1,21,121.5128159,25.1172424
113,5,17,19,50,2,05中正區,中正區重慶南路3段56號,0,0,1,1,B03,8,5,5,50,14,9,1,5,4,5,13,4,4,1,4,5,2,12,2,34,3,10,7,1,7,9,1,8,2,2,,118,,1,21,121.5157471,25.0277283
113,5,17,19,50,2,05中正區,中正區重慶南路3段56號,0,0,1,2,C04,8,5,5,50,14,9,1,5,4,5,13,4,4,1,4,5,2,12,2,42,2,8,5,1,7,9,1,11,2,14,,118,,1,21,121.5157471,25.0277283
113,5,17,20,34,2,06松山區,松山區健康路與光復北路口,0,0,1,1,F01,7,5,5,50,4,1,1,5,4,5,13,1,1,9,4,5,2,12,2,63,2,8,4,1,7,9,8,20,1,12,,17,,1,21,121.5567286,25.0534323
113,5,17,20,34,2,06松山區,松山區健康路與光復北路口,0,0,1,2,B03,7,5,5,50,4,1,1,5,4,5,13,1,1,9,4,5,2,12,1,22,3,10,7,1,7,14,1,8,1,2,,44,,1,21,121.5567286,25.0534323
113,5,17,20,34,2,06松山區,松山區健康路與光復北路口,0,0,1,3,B03,7,5,5,50,4,1,1,5,4,5,13,1,1,9,4,5,2,12,2,45,3,10,7,1,7,14,1,8,1,4,,44,,1,21,121.5567286,25.0534323
113,5,17,21,0,2,07信義區,信義區信義路5段91巷與信義路5段口,0,0,1,1,B12,7,5,5,30,3,2,1,5,4,5,13,3,1,5,5,5,2,16,1,29,3,10,3,4,7,6,1,8,1,1,,80,,1,22,121.5716501,25.0329436
113,5,17,21,0,2,07信義區,信義區信義路5段91巷與信義路5段口,0,0,1,2,F01,7,5,5,30,3,2,1,5,4,5,13,3,1,5,5,5,2,16,1,23,2,9,4,4,7,9,8,20,1,12,,44,,1,22,121.5716501,25.0329436
113,5,17,21,14,2,10文山區,文山區保儀路與保儀路26巷口,0,0,1,1,C03,8,5,5,30,4,1,1,5,4,5,13,3,1,10,5,5,2,17,1,29,2,9,3,4,7,1,1,10,1,11,,19,,1,22,121.5686122,24.9885624
113,5,17,21,14,2,10文山區,文山區保儀路與保儀路26巷口,0,0,1,2,B03,8,5,5,30,4,1,1,5,4,5,13,3,1,10,5,5,2,17,2,34,3,10,3,4,7,9,1,8,1,1,,44,,1,22,121.5686122,24.9885624
113,5,17,21,20,2,03中山區,中山區長春路與遼寧街口,0,0,1,1,B03,8,5,5,30,4,2,1,5,4,5,13,2,1,5,4,5,2,16,1,29,3,10,3,4,7,5,1,8,2,2,,8,,1,21,121.5421877,25.0546319
113,5,17,21,20,2,03中山區,中山區長春路與遼寧街口,0,0,1,2,F03,8,5,5,30,4,2,1,5,4,5,13,2,1,5,4,5,2,16,2,67,2,9,2,4,7,9,8,20,2,11,,27,,1,21,121.5421877,25.0546319
113,5,17,22,15,2,05中正區,中正區開封街1段34巷與開封街1段口,0,0,1,1,B01,7,5,5,30,3,1,1,5,4,5,13,4,4,10,5,5,2,16,2,58,3,10,7,4,7,5,1,4,1,5,,72,,1,21,121.5148152,25.0460985
113,5,17,22,15,2,05中正區,中正區開封街1段34巷與開封街1段口,0,0,1,2,C03,7,5,5,30,3,1,1,5,4,5,13,4,4,10,5,5,2,16,1,22,2,9,6,4,7,15,1,10,1,11,,13,,1,22,121.5148152,25.0460985
113,5,17,22,16,2,09北投區,北投區北投路2段北投捷運站1號出口,0,0,1,1,C03,8,5,5,50,14,9,1,5,4,5,13,1,1,5,4,5,2,17,1,36,2,8,6,1,7,1,1,10,2,14,,19,,1,21,121.4979082,25.13220154
113,5,17,22,16,2,09北投區,北投區北投路2段北投捷運站1號出口,0,0,1,2,B01,8,5,5,50,14,9,1,5,4,5,13,1,1,5,4,5,2,17,1,65,3,10,7,1,7,9,1,4,2,1,,44,,1,21,121.4979082,25.13220154
113,5,17,22,33,2,04大安區,大安區忠孝東路4段223巷10弄8號,0,0,1,1,B01,8,5,5,30,14,9,1,5,4,5,13,4,4,10,5,5,2,17,1,64,3,10,7,1,7,14,1,8,1,2,,38,,1,22,121.5532787,25.0420572
113,5,17,22,33,2,04大安區,大安區忠孝東路4段223巷10弄8號,0,0,1,3,H02,8,5,5,30,14,9,1,5,4,5,13,4,4,10,5,5,2,17,1,18,3,10,4,5,7,19,8,20,10,16,,126,,1,22,121.5532787,25.0420572
113,5,17,22,33,2,04大安區,大安區忠孝東路4段223巷10弄8號,0,0,1,2,C03,8,5,5,30,14,9,1,5,4,5,13,4,4,10,5,5,2,17,1,39,2,7,5,1,7,9,1,10,1,14,,44,,1,22,121.5532787,25.0420572
113,5,17,22,35,2,03中山區,中山區民權西路1號,0,0,1,1,C03,8,5,5,50,14,9,1,5,4,5,13,4,4,5,4,5,2,13,1,42,2,9,6,1,7,9,1,10,1,11,,16,,1,21,121.5222602,25.06291956
113,5,17,22,35,2,03中山區,中山區民權西路1號,0,0,1,2,B03,8,5,5,50,14,9,1,5,4,5,13,4,4,5,4,5,2,13,1,32,3,10,7,1,7,9,1,8,1,3,,44,,1,21,121.5222602,25.06291956
113,5,17,22,56,2,07信義區,信義區松壽路12號,0,0,1,1,B03,8,5,5,50,14,9,1,5,4,5,13,4,4,9,4,5,2,17,1,25,3,10,7,1,7,8,1,8,2,7,,100,,1,22,121.565882,25.0358544
113,5,17,22,56,2,07信義區,信義區松壽路12號,0,0,1,2,C03,8,5,5,50,14,9,1,5,4,5,13,4,4,9,4,5,2,17,1,51,2,9,6,1,7,9,1,10,2,14,,13,,1,22,121.565882,25.0358544
113,5,17,23,11,2,04大安區,大安區仁愛路4段266巷與仁愛路4段300巷26弄口口,0,0,1,1,F01,7,5,5,30,5,1,1,5,4,5,13,4,4,9,4,5,2,15,1,68,2,9,4,1,7,9,8,20,1,13,,99,,1,21,121.5527835,25.0364444
113,5,17,23,11,2,04大安區,大安區仁愛路4段266巷與仁愛路4段300巷26弄口口,0,0,1,2,C03,7,5,5,30,5,1,1,5,4,5,13,4,4,9,4,5,2,15,2,20,3,10,5,1,7,9,1,9,1,11,,108,,1,21,121.5527835,25.0364444
113,5,17,23,15,2,04大安區,大安區辛亥路3段21巷與敦南街口口,0,0,2,1,C03,7,5,5,30,4,1,1,5,4,5,13,4,4,9,4,5,2,15,1,23,2,9,5,1,7,9,1,10,1,12,,99,,1,21,121.5466609,25.0223788
113,5,17,23,15,2,04大安區,大安區辛亥路3段21巷與敦南街口口,0,0,2,2,C03,7,5,5,30,4,1,1,5,4,5,13,4,4,9,4,5,2,15,1,24,2,9,5,1,7,9,1,10,1,11,,108,,1,21,121.5466609,25.0223788
113,5,17,23,25,2,03中山區,中山區北安路與北安路518巷口,0,0,2,1,H01,8,5,5,50,3,2,1,5,4,3,10,4,4,1,4,5,2,2,1,69,2,7,4,5,8,16,8,20,10,16,,60,,1,21,121.5460657,25.0796799
113,5,17,23,25,2,03中山區,中山區北安路與北安路518巷口,0,0,2,2,C03,8,5,5,50,3,2,1,5,4,3,10,4,4,1,4,5,2,2,1,44,2,9,5,4,7,9,1,10,1,12,,108,,1,21,121.5460657,25.0796799
113,5,17,23,40,2,08士林區,士林區天母東路22巷與天母東路口,0,0,1,1,B03,8,5,5,30,4,1,1,5,4,5,13,2,1,1,5,5,1,3,2,41,3,10,7,1,7,6,1,8,1,1,,70,,1,21,121.5325869,25.1180224
113,5,17,23,40,2,08士林區,士林區天母東路22巷與天母東路口,0,0,1,2,H01,8,5,5,30,4,1,1,5,4,5,13,2,1,1,5,5,1,3,2,62,2,9,4,5,8,16,8,20,10,16,,67,,1,21,121.5325869,25.1180224
113,5,17,23,50,2,10文山區,文山區和平東路4段與萬寧街口,0,0,2,1,C03,8,5,5,30,5,1,1,5,4,5,13,1,1,10,5,5,2,17,1,22,2,9,3,4,7,15,1,10,2,14,,82,,1,22,121.5678209,25.0050739
113,5,17,23,50,2,10文山區,文山區和平東路4段與萬寧街口,0,0,2,2,C03,8,5,5,30,5,1,1,5,4,5,13,1,1,10,5,5,2,17,1,25,2,9,3,4,7,9,1,10,2,11,,13,,1,22,121.5678209,25.0050739
113,5,18,0,48,2,02萬華區,萬華區康定路與康定路25巷口,0,0,1,1,B03,7,5,5,50,4,1,1,5,4,5,13,4,4,9,5,5,2,16,1,25,3,10,7,1,7,1,1,8,1,8,,19,,1,21,121.5027446,25.0440723
113,5,18,0,48,2,02萬華區,萬華區康定路與康定路25巷口,0,0,1,2,C03,7,5,5,50,4,1,1,5,4,5,13,4,4,9,5,5,2,16,1,18,2,9,5,1,7,9,1,10,1,11,,44,,1,21,121.5027446,25.0440723
113,5,18,5,21,2,03中山區,中山區錦州街157巷與錦州街口,0,0,1,1,B03,8,7,5,30,4,2,1,5,4,5,13,4,4,4,3,4,1,16,2,72,3,10,7,1,7,6,1,8,1,4,,9,,1,21,121.5228558,25.05210779
113,5,18,5,21,2,03中山區,中山區錦州街157巷與錦州街口,0,0,1,2,C03,8,7,5,30,4,2,1,5,4,5,13,4,4,4,3,4,1,16,1,42,2,7,6,1,7,9,1,10,1,12,,108,,1,21,121.5228558,25.05210779
113,5,18,5,56,2,02萬華區,萬華區萬大路與萬大路486巷口,0,0,1,1,B12,8,6,5,30,3,1,1,5,4,5,13,4,4,9,4,5,2,17,1,59,3,10,7,1,7,6,6,8,1,8,,80,,1,21,121.4973918,25.0196535
113,5,18,5,56,2,02萬華區,萬華區萬大路與萬大路486巷口,0,0,1,2,C03,8,6,5,30,3,1,1,5,4,5,13,4,4,9,4,5,2,17,1,18,2,9,6,1,7,9,1,10,1,12,,44,,1,21,121.4973918,25.0196535
113,5,18,6,29,2,04大安區,大安區建國南路1段177號,0,0,1,1,C04,8,6,5,40,14,8,1,5,4,5,13,4,4,1,4,4,1,17,2,26,2,9,5,1,7,9,1,10,9,11,,21,,1,21,121.5382808,25.0391894
113,5,18,6,29,2,04大安區,大安區建國南路1段177號,0,0,1,2,A02,8,6,5,40,14,8,1,5,4,5,13,4,4,1,4,4,1,17,1,58,3,10,2,1,7,13,1,2,1,7,,38,,1,21,121.5382808,25.0391894
113,5,18,7,5,2,06松山區,松山區八德路4段425號,0,0,2,1,C03,8,7,6,50,14,8,1,5,4,5,13,4,4,5,4,4,2,13,1,63,2,9,6,1,7,9,1,10,1,11,,108,,1,21,121.5699218,25.0496776
113,5,18,7,5,2,06松山區,松山區八德路4段425號,0,0,2,2,C03,8,7,6,50,14,8,1,5,4,5,13,4,4,5,4,4,2,13,1,66,2,8,6,1,7,14,3,18,1,13,,42,,1,21,121.5699218,25.0496776
113,5,18,7,24,2,05中正區,中正區福州街與牯嶺街口,0,0,1,1,B03,8,6,5,50,4,1,1,5,4,5,13,1,1,5,4,5,2,17,1,53,3,10,7,1,7,6,1,8,2,6,,9,,1,21,121.5177835,25.0282879
113,5,18,7,24,2,05中正區,中正區福州街與牯嶺街口,0,0,1,2,C03,8,6,5,50,4,1,1,5,4,5,13,1,1,5,4,5,2,17,1,52,2,9,5,1,7,9,1,10,2,11,,14,,1,21,121.5177835,25.0282879
113,5,18,7,24,2,05中正區,中正區福州街與牯嶺街口,0,0,1,3,H02,8,6,5,50,4,1,1,5,4,5,13,1,1,5,4,5,2,17,2,52,4,11,5,5,7,20,8,20,10,16,,67,,1,21,121.5177835,25.0282879
113,5,18,7,24,2,05中正區,中正區福州街與牯嶺街口,0,0,1,4,H02,8,6,5,50,4,1,1,5,4,5,13,1,1,5,4,5,2,17,1,14,4,11,5,5,7,20,8,20,10,16,,67,,1,15,121.5177835,25.0282879
113,5,18,7,25,2,02萬華區,萬華區中興橋接環河南路一段引道,0,0,1,1,A11,8,7,8,20,11,17,1,5,4,5,13,4,4,5,5,5,2,18,1,42,2,9,7,1,1,5,1,3,2,8,,13,,1,22,121.501384,25.0438575
113,5,18,7,25,2,02萬華區,萬華區中興橋接環河南路一段引道,0,0,1,2,,8,7,8,20,11,17,1,5,4,5,13,4,4,5,5,5,2,18,3,0,,,,,,,,,,,,67,,1,,121.501384,25.0438575
113,5,18,7,30,2,04大安區,大安區大安路1段與大安路1段175巷口,0,0,1,1,B03,8,7,5,50,4,1,1,5,4,5,13,4,4,8,3,5,1,17,2,49,3,10,3,4,7,8,1,8,1,2,,100,,1,22,121.5460733,25.0364941
113,5,18,7,30,2,04大安區,大安區大安路1段與大安路1段175巷口,0,0,1,2,C03,8,7,5,50,4,1,1,5,4,5,13,4,4,8,3,5,1,17,1,50,2,9,6,1,7,9,1,10,1,11,,14,,1,22,121.5460733,25.0364941
113,5,18,8,7,2,05中正區,中正區林森南路132號旁車行地下道,0,0,1,1,C03,8,6,5,50,14,9,1,5,4,5,13,4,4,10,4,5,1,17,1,46,2,7,6,1,7,9,1,9,1,11,,13,,1,21,121.5184772,25.03323448
113,5,18,8,7,2,05中正區,中正區林森南路132號旁車行地下道,0,0,1,2,B03,8,6,5,50,14,9,1,5,4,5,13,4,4,10,4,5,1,17,2,60,3,10,7,1,7,14,1,8,1,3,,44,,1,21,121.5184772,25.03323448
113,5,18,8,7,2,05中正區,中正區林森南路132號旁車行地下道,0,0,1,3,C03,8,6,5,50,14,9,1,5,4,5,13,4,4,10,4,5,1,17,1,61,3,10,6,1,7,7,1,9,1,14,,100,,1,21,121.5184772,25.03323448
113,5,18,8,10,2,08士林區,士林區後街與文林路594巷口,0,0,2,1,C03,8,7,5,30,4,1,1,5,4,5,13,4,4,10,5,5,1,15,1,39,2,8,5,1,7,9,1,10,1,11,,14,,1,21,121.5245593,25.0981114
113,5,18,8,10,2,08士林區,士林區後街與文林路594巷口,0,0,2,2,C03,8,7,5,30,4,1,1,5,4,5,13,4,4,10,5,5,1,15,1,23,2,9,5,1,7,9,1,10,1,14,,13,,1,21,121.5245593,25.0981114
113,5,18,8,10,2,08士林區,士林區後街與文林路594巷口,0,0,2,3,,8,7,5,30,4,1,1,5,4,5,13,4,4,10,5,5,1,15,3,0,,,,,,,,,,,,67,,1,,121.5245593,25.0981114
113,5,18,8,24,2,05中正區,中正區中華路2段313巷與中華路2段315巷5弄口,0,0,2,1,C03,8,6,5,30,4,1,1,5,4,5,13,4,4,10,4,5,1,15,1,43,2,9,5,1,7,9,1,10,2,12,,72,,1,21,121.5061019,25.0289659
113,5,18,8,24,2,05中正區,中正區中華路2段313巷與中華路2段315巷5弄口,0,0,2,2,C03,8,6,5,30,4,1,1,5,4,5,13,4,4,10,4,5,1,15,1,37,2,9,5,1,7,9,1,10,2,11,,44,,1,21,121.5061019,25.0289659
113,5,18,8,28,2,03中山區,中山區長春路258巷2弄與南京東路3段89巷27弄口,0,0,1,1,B13,8,6,5,30,4,1,1,5,4,5,13,4,4,10,5,5,2,15,1,51,3,10,3,4,7,9,1,8,1,4,,14,,1,22,121.538829,25.0541332
113,5,18,8,28,2,03中山區,中山區長春路258巷2弄與南京東路3段89巷27弄口,0,0,1,2,C03,8,6,5,30,4,1,1,5,4,5,13,4,4,10,5,5,2,15,1,33,2,9,6,1,7,9,1,10,1,12,,14,,1,22,121.538829,25.0541332
113,5,18,9,5,2,03中山區,中山區林森北路380號,0,0,3,1,C03,8,7,5,50,14,9,1,5,4,5,13,4,4,9,5,5,2,12,1,69,2,7,6,1,7,8,1,10,1,12,,100,,1,21,121.5255251,25.05856951
113,5,18,9,5,2,03中山區,中山區林森北路380號,0,0,3,2,C03,8,7,5,50,14,9,1,5,4,5,13,4,4,9,5,5,2,12,1,58,2,8,6,1,7,9,1,10,1,14,,44,,1,21,121.5255251,25.05856951
113,5,18,9,5,2,03中山區,中山區林森北路380號,0,0,3,3,H02,8,7,5,50,14,9,1,5,4,5,13,4,4,9,5,5,2,12,2,56,2,9,6,5,7,20,8,20,10,16,,67,,1,21,121.5255251,25.05856951
113,5,18,9,25,2,02萬華區,萬華區堤外便道華江雁鴨自然公園自行車道（燈桿3014668）,0,0,1,1,F01,8,5,7,0,14,23,1,5,4,5,13,4,4,10,5,5,1,17,2,48,3,10,4,4,7,11,8,20,1,16,,10,,1,22,121.4934226,25.038385
113,5,18,9,25,2,02萬華區,萬華區堤外便道華江雁鴨自然公園自行車道（燈桿3014668）,0,0,1,2,F01,8,5,7,0,14,23,1,5,4,5,13,4,4,10,5,5,1,17,2,55,2,9,3,4,7,9,8,20,1,11,,108,,1,22,121.4934226,25.038385
113,5,18,10,20,2,08士林區,士林區中正路588號,0,0,1,1,B03,8,7,5,50,14,9,1,5,4,5,13,4,4,10,2,5,1,17,2,64,3,10,7,1,7,8,1,8,2,4,,100,,1,21,121.5100455,25.08710758
113,5,18,10,20,2,08士林區,士林區中正路588號,0,0,1,2,C03,8,7,5,50,14,9,1,5,4,5,13,4,4,10,2,5,1,17,1,51,2,9,5,1,7,9,1,10,2,12,,44,,1,21,121.5100455,25.08710758
113,5,18,10,20,2,11南港區,南港區興南街64巷東新國小旁,0,0,1,1,C03,8,7,5,30,14,9,1,5,4,5,13,4,4,4,1,5,2,12,1,77,2,8,5,1,7,1,1,10,1,14,,19,,1,21,121.6021687,25.05540693
113,5,18,10,20,2,11南港區,南港區興南街64巷東新國小旁,0,0,1,2,C03,8,7,5,30,14,9,1,5,4,5,13,4,4,4,1,5,2,12,1,72,3,10,5,1,7,9,1,10,1,12,,44,,1,21,121.6021687,25.05540693
113,5,18,10,24,2,07信義區,信義區市民大道6段與松山路口口,0,0,1,1,B03,8,6,5,50,4,1,1,5,4,5,13,2,1,1,4,5,2,13,1,60,3,10,7,1,7,9,1,8,2,5,,108,,1,22,121.5778224,25.049349
113,5,18,10,24,2,07信義區,信義區市民大道6段與松山路口口,0,0,1,2,C03,8,6,5,50,4,1,1,5,4,5,13,2,1,1,4,5,2,13,1,56,3,10,6,1,7,14,1,10,2,13,,44,,1,22,121.5778224,25.049349
113,5,18,10,24,2,07信義區,信義區市民大道6段與松山路口口,0,0,1,3,H02,8,6,5,50,4,1,1,5,4,5,13,2,1,1,4,5,2,13,2,55,2,9,6,5,7,20,8,20,10,16,,67,,1,22,121.5778224,25.049349
113,5,18,10,25,2,03中山區,中山區龍江路356巷與五常街53巷口,0,0,1,1,C03,8,6,5,50,4,1,1,5,4,5,13,4,4,10,5,5,2,15,1,42,2,7,6,1,7,9,1,10,1,12,,72,,1,21,121.5396579,25.06598997
113,5,18,10,25,2,03中山區,中山區龍江路356巷與五常街53巷口,0,0,1,2,B03,8,6,5,50,4,1,1,5,4,5,13,4,4,10,5,5,2,15,2,22,3,10,3,4,7,9,1,8,1,1,,44,,1,21,121.5396579,25.06598997
113,5,18,10,30,2,03中山區,中山區復興北路與復興北路514巷口,0,0,1,1,B03,8,7,5,50,3,1,1,5,4,5,13,4,4,1,4,5,2,16,1,45,3,10,7,1,7,6,1,8,1,6,,9,,1,21,121.5442082,25.06605946
113,5,18,10,30,2,03中山區,中山區復興北路與復興北路514巷口,0,0,1,2,C03,8,7,5,50,3,1,1,5,4,5,13,4,4,1,4,5,2,16,2,52,2,5,6,1,7,9,1,10,1,11,,44,,1,21,121.5442082,25.06605946
113,5,18,10,42,2,08士林區,士林區福林路與福林路100巷口,0,0,2,1,B02,8,6,5,50,3,1,1,5,4,5,13,3,1,5,5,5,2,13,1,50,3,10,7,3,7,9,1,4,1,1,,108,,1,21,121.5311052,25.0957184