發生年度,發生月,發生日,發生時-Hours,發生分,處理別-編號,區序,肇事地點,死亡人數,2-30日死亡人數,受傷人數,當事人序號,車種,天候,道路照明設備,道路類別,速限-速度限制,道路型態,事故位置,路面狀況1,路面狀況2,路面狀況3,道路障礙1,道路障礙2,號誌1,號誌2,車道劃分-分向,車道劃分-分道1,車道劃分-分道2,車道劃分-分道3,事故類型及型態,性別,年齡,受傷程度,主要傷處,保護裝置,行動電話,車輛用途,當事者行動狀態,駕駛資格情形,駕駛執照種類,飲酒情形,車輛撞擊部位1,車輛撞擊部位2,肇因碼-個別,肇因碼-主要,個人肇逃否,職業,座標-X,座標-Y
113,5,18,10,42,2,08士林區,士林區福林路與福林路100巷口,0,0,2,2,B01,8,6,5,50,3,1,1,5,4,5,13,3,1,5,5,5,2,13,1,62,2,9,7,1,7,9,1,4,1,3,,44,,1,21,121.5311052,25.0957184
113,5,18,10,42,2,08士林區,士林區福林路與福林路100巷口,0,0,2,3,H02,8,6,5,50,3,1,1,5,4,5,13,3,1,5,5,5,2,13,2,39,2,1,7,5,7,20,8,20,10,16,,67,,1,21,121.5311052,25.0957184
113,5,18,11,6,2,09北投區,北投區知行路360號旁,0,0,1,1,B12,8,6,5,50,14,9,1,5,4,5,13,4,4,9,5,5,2,17,1,43,3,10,7,1,7,13,1,8,2,4,,40,,1,21,121.4632924,25.1174481
113,5,18,11,6,2,09北投區,北投區知行路360號旁,0,0,1,2,C03,8,6,5,50,14,9,1,5,4,5,13,4,4,9,5,5,2,17,2,63,2,9,5,1,7,9,1,10,2,12,,44,,1,21,121.4632924,25.1174481
113,5,18,11,21,2,04大安區,大安區延吉街237號,0,0,2,1,C03,8,5,5,50,14,9,1,5,4,5,13,4,4,4,3,5,2,3,2,43,2,7,5,1,7,9,1,10,9,11,,70,,1,21,121.5557359,25.0365992
113,5,18,11,21,2,04大安區,大安區延吉街237號,0,0,2,2,H01,8,5,5,50,14,9,1,5,4,5,13,4,4,4,3,5,2,3,1,35,2,9,4,5,8,16,8,20,10,16,,53,,1,21,121.5557359,25.0365992
113,5,18,11,45,2,08士林區,士林區至善路2段與故宮路口,0,0,3,1,B03,8,6,5,50,4,2,1,5,4,5,13,2,1,1,2,5,2,17,1,76,3,10,7,1,7,9,3,18,1,4,,108,,1,21,121.5461068,25.0978063
113,5,18,11,45,2,08士林區,士林區至善路2段與故宮路口,0,0,3,2,B03,8,6,5,50,4,2,1,5,4,5,13,2,1,1,2,5,2,17,1,70,3,10,7,1,7,14,1,6,1,2,,44,,1,21,121.5461068,25.0978063
113,5,18,11,45,2,08士林區,士林區至善路2段與故宮路口,0,0,3,3,C03,8,6,5,50,4,2,1,5,4,5,13,2,1,1,2,5,2,17,2,33,2,9,6,1,7,14,1,10,1,13,,44,,1,21,121.5461068,25.0978063
113,5,18,11,45,2,08士林區,士林區至善路2段與故宮路口,0,0,3,4,C03,8,6,5,50,4,2,1,5,4,5,13,2,1,1,2,5,2,17,1,36,2,8,6,1,7,14,1,10,1,13,,44,,1,21,121.5461068,25.0978063
113,5,18,11,45,2,08士林區,士林區至善路2段與故宮路口,0,0,3,5,B03,8,6,5,50,4,2,1,5,4,5,13,2,1,1,2,5,2,17,2,72,3,10,7,1,7,14,1,8,1,2,,44,,1,21,121.5461068,25.0978063
113,5,18,11,45,2,08士林區,士林區至善路2段與故宮路口,0,0,3,6,H02,8,6,5,50,4,2,1,5,4,5,13,2,1,1,2,5,2,17,2,35,2,9,6,5,7,20,8,20,10,16,,67,,1,21,121.5461068,25.0978063
113,5,18,11,53,2,06松山區,松山區民生東路3段156號,0,0,1,1,C02,8,6,5,50,14,9,1,5,4,5,13,4,4,1,4,5,2,13,1,20,2,9,5,1,7,9,1,9,1,11,,16,,1,22,121.5474967,25.0576653
113,5,18,11,53,2,06松山區,松山區民生東路3段156號,0,0,1,2,B03,8,6,5,50,14,9,1,5,4,5,13,4,4,1,4,5,2,13,1,54,3,10,7,1,7,9,1,8,1,3,,44,,1,21,121.5474967,25.0576653
113,5,18,11,53,2,12內湖區,內湖區內湖路1段91巷與文湖街口,0,0,2,1,B03,8,6,5,50,5,2,1,5,4,5,13,2,1,5,5,5,2,17,1,46,3,10,7,1,7,5,1,8,2,6,,8,,1,21,121.5628355,25.08668508
113,5,18,11,53,2,12內湖區,內湖區內湖路1段91巷與文湖街口,0,0,2,2,C03,8,6,5,50,5,2,1,5,4,5,13,2,1,5,5,5,2,17,1,39,2,9,6,1,7,9,1,10,2,17,,44,,1,21,121.5628355,25.08668508
113,5,18,11,53,2,12內湖區,內湖區內湖路1段91巷與文湖街口,0,0,2,3,B03,8,6,5,50,5,2,1,5,4,5,13,2,1,5,5,5,2,17,1,52,3,10,7,1,7,9,1,8,2,8,,16,,1,21,121.5628355,25.08668508
113,5,18,11,53,2,12內湖區,內湖區內湖路1段91巷與文湖街口,0,0,2,4,H02,8,6,5,50,5,2,1,5,4,5,13,2,1,5,5,5,2,17,2,51,2,7,6,5,7,20,8,20,10,16,,67,,1,21,121.5628355,25.08668508
113,5,18,12,8,2,10文山區,文山區萬芳路22號前,0,0,1,1,B03,8,7,6,50,14,9,1,5,4,5,13,4,4,5,4,5,2,16,1,28,3,10,3,4,7,11,1,8,1,4,,10,,1,22,121.570671,24.99591504
113,5,18,12,8,2,10文山區,文山區萬芳路22號前,0,0,1,2,C03,8,7,6,50,14,9,1,5,4,5,13,4,4,5,4,5,2,16,1,21,2,8,3,4,7,9,1,10,1,11,,13,,1,22,121.570671,24.99591504
113,5,18,12,20,2,07信義區,信義區永吉路120巷與永吉路30巷101弄口,0,0,2,1,C03,8,5,5,30,4,1,1,5,4,5,13,1,1,5,5,5,1,16,2,37,2,9,6,1,7,4,1,10,1,12,,14,,1,21,121.5702258,25.043518
113,5,18,12,20,2,07信義區,信義區永吉路120巷與永吉路30巷101弄口,0,0,2,2,F01,8,5,5,30,4,1,1,5,4,5,13,1,1,5,5,5,1,16,1,16,2,9,2,1,7,5,8,20,1,14,,44,,1,21,121.5702258,25.043518
113,5,18,13,0,2,02萬華區,萬華區康定路63號,0,0,1,1,C03,8,6,5,50,14,9,1,5,4,5,13,4,4,5,5,5,2,17,1,28,2,9,6,1,7,9,1,10,2,11,,108,,1,26,121.5022311,25.04108803
113,5,18,13,0,2,02萬華區,萬華區康定路63號,0,0,1,2,B12,8,6,5,50,14,9,1,5,4,5,13,4,4,5,5,5,2,17,1,57,3,10,7,1,7,13,1,8,1,7,,38,,1,26,121.5022311,25.04108803
113,5,18,13,4,2,03中山區,中山區敬業三路與北安路口,0,0,1,1,C03,8,5,5,50,14,9,1,5,4,5,13,1,1,1,4,4,2,13,1,25,2,8,3,4,7,9,1,10,2,15,,16,,1,21,121.55598,25.08467718
113,5,18,13,4,2,03中山區,中山區敬業三路與北安路口,0,0,1,2,B03,8,5,5,50,14,9,1,5,4,5,13,1,1,1,4,4,2,13,1,46,3,10,3,4,7,9,1,8,2,3,,44,,1,21,121.55598,25.08467718
113,5,18,13,15,2,07信義區,信義區信安街與嘉興街219巷口口,0,0,2,1,B03,8,6,8,50,4,1,1,5,4,5,13,1,1,5,4,5,2,17,2,57,3,10,7,1,7,5,1,8,1,2,,71,,1,22,121.5567246,25.0256168
113,5,18,13,15,2,07信義區,信義區信安街與嘉興街219巷口口,0,0,2,3,B01,8,6,8,50,4,1,1,5,4,5,13,1,1,5,4,5,2,17,1,65,3,10,7,1,7,9,1,4,1,4,,44,,1,21,121.5567246,25.0256168
113,5,18,13,15,2,07信義區,信義區信安街與嘉興街219巷口口,0,0,2,2,C03,8,6,8,50,4,1,1,5,4,5,13,1,1,5,4,5,2,17,2,18,2,7,6,1,7,9,1,10,1,11,,44,,1,22,121.5567246,25.0256168
113,5,18,13,15,2,07信義區,信義區信安街與嘉興街219巷口口,0,0,2,4,H02,8,6,8,50,4,1,1,5,4,5,13,1,1,5,4,5,2,17,2,8,2,9,2,5,7,19,8,20,10,16,,60,,1,22,121.5567246,25.0256168
113,5,18,13,18,2,02萬華區,萬華區堤外便道與桂林路口雁鴨公園入口處,0,0,1,1,B03,8,7,5,40,3,1,1,5,4,5,13,4,4,5,5,5,2,16,1,55,3,10,7,1,7,1,1,8,1,4,,19,,1,22,121.4881965,25.030935
113,5,18,13,18,2,02萬華區,萬華區堤外便道與桂林路口雁鴨公園入口處,0,0,1,2,C03,8,7,5,40,3,1,1,5,4,5,13,4,4,5,5,5,2,16,2,29,2,9,6,1,7,9,1,10,1,12,,13,,1,22,121.4881965,25.030935
113,5,18,13,25,2,11南港區,南港區三重路與重陽路口,0,0,1,1,B03,8,6,5,50,4,18,1,5,4,5,13,2,1,1,3,5,2,2,1,44,3,10,3,4,7,6,1,8,1,8,,70,,1,21,121.6132872,25.0622053
113,5,18,13,25,2,11南港區,南港區三重路與重陽路口,0,0,1,2,H01,8,6,5,50,4,18,1,5,4,5,13,2,1,1,3,5,2,2,2,68,2,9,4,5,8,16,8,20,10,16,,67,,1,21,121.6132872,25.0622053
113,5,18,13,27,2,04大安區,大安區師大路137號,0,0,2,1,B01,8,5,5,50,14,9,1,5,4,5,13,4,4,4,3,5,2,16,1,57,3,10,7,1,7,5,1,4,1,4,,8,,1,21,121.5280103,25.0215621
113,5,18,13,27,2,04大安區,大安區師大路137號,0,0,2,2,C03,8,5,5,50,14,9,1,5,4,5,13,4,4,4,3,5,2,16,1,26,2,9,6,1,7,9,1,10,1,11,,14,,1,21,121.5280103,25.0215621
113,5,18,13,27,2,04大安區,大安區師大路137號,0,0,2,3,H02,8,5,5,50,14,9,1,5,4,5,13,4,4,4,3,5,2,16,2,23,2,9,6,5,7,17,8,20,10,16,,67,,1,21,121.5280103,25.0215621
113,5,18,13,28,2,01大同區,大同區重慶北路3段與敦煌路口,0,0,1,1,C04,8,5,5,30,5,2,1,5,4,5,13,4,4,9,4,5,2,12,2,23,2,2,5,1,7,15,1,11,2,14,,72,,1,22,121.5137442,25.0761272
113,5,18,13,28,2,01大同區,大同區重慶北路3段與敦煌路口,0,0,1,2,B03,8,5,5,30,5,2,1,5,4,5,13,4,4,9,4,5,2,12,1,63,3,10,7,1,7,1,1,8,2,6,,44,,1,22,121.5137442,25.0761272
113,5,18,13,29,2,10文山區,文山區景華街與仙岩路口,0,0,1,1,B03,8,6,5,50,3,18,1,5,4,5,13,2,1,9,5,5,2,3,1,40,3,10,7,1,7,5,1,8,1,1,,70,,1,21,121.547729,24.9982876
113,5,18,13,29,2,10文山區,文山區景華街與仙岩路口,0,0,1,2,H01,8,6,5,50,3,18,1,5,4,5,13,2,1,9,5,5,2,3,2,44,2,8,4,5,8,16,8,20,10,16,,67,,1,21,121.547729,24.9982876
113,5,18,13,35,2,12內湖區,內湖區康樂街61巷73弄與康樂街61巷口,0,0,1,1,C03,8,5,5,30,3,1,1,5,4,5,13,4,4,10,5,5,2,9,1,23,3,10,6,1,7,6,1,10,1,11,,107,,1,21,121.6197073,25.0702559
113,5,18,13,35,2,12內湖區,內湖區康樂街61巷73弄與康樂街61巷口,0,0,1,2,H03,8,5,5,30,3,1,1,5,4,5,13,4,4,10,5,5,2,9,1,41,2,9,4,5,8,13,8,20,10,16,,38,,1,21,121.6197073,25.0702559
113,5,18,13,35,2,12內湖區,內湖區康樂街61巷73弄與康樂街61巷口,0,0,1,3,B03,8,5,5,30,3,1,1,5,4,5,13,4,4,10,5,5,2,9,1,41,3,10,3,1,7,13,1,8,1,17,,38,,1,21,121.6197073,25.0702559
113,5,18,13,44,2,05中正區,中正區牯嶺街95巷與晉江街4巷口口,0,0,1,1,B12,8,6,5,30,3,1,1,5,4,5,13,4,4,10,5,5,1,17,1,42,3,10,7,1,7,5,1,6,1,1,,14,,1,21,121.5205074,25.02564202
113,5,18,13,44,2,05中正區,中正區牯嶺街95巷與晉江街4巷口口,0,0,1,2,C03,8,6,5,30,3,1,1,5,4,5,13,4,4,10,5,5,1,17,1,40,2,8,6,1,7,6,1,10,1,11,,14,,1,21,121.5205074,25.02564202
113,5,18,13,44,2,10文山區,文山區興隆路2段244巷3號,0,0,1,1,B03,8,6,5,50,14,9,1,5,4,5,13,4,4,9,5,5,2,16,1,65,3,10,7,1,7,6,1,8,1,2,,80,,1,21,121.5537741,25.0008277
113,5,18,13,44,2,10文山區,文山區興隆路2段244巷3號,0,0,1,2,C03,8,6,5,50,14,9,1,5,4,5,13,4,4,9,5,5,2,16,2,37,2,9,6,1,7,9,1,10,1,11,,44,,1,21,121.5537741,25.0008277
113,5,18,13,50,2,07信義區,信義區吳興街與吳興街220巷口,0,0,1,1,C03,8,7,5,50,4,1,1,5,4,5,13,1,1,5,5,5,2,17,2,60,2,9,3,4,7,5,1,10,1,11,,71,,1,21,121.563126,25.0277281
113,5,18,13,50,2,07信義區,信義區吳興街與吳興街220巷口,0,0,1,2,C03,8,7,5,50,4,1,1,5,4,5,13,1,1,5,5,5,2,17,1,19,3,10,3,4,7,9,1,10,1,11,,44,,1,21,121.563126,25.0277281
113,5,18,14,40,2,04大安區,大安區辛亥路2段(辛亥新生東側迴轉道口),0,0,1,1,B03,8,6,5,50,3,2,1,5,4,5,13,1,1,1,4,5,2,12,1,73,3,10,7,1,7,9,1,7,1,2,,108,,1,21,121.5352991,25.0226707
113,5,18,14,40,2,04大安區,大安區辛亥路2段(辛亥新生東側迴轉道口),0,0,1,2,C03,8,6,5,50,3,2,1,5,4,5,13,1,1,1,4,5,2,12,1,67,2,9,5,1,7,14,1,10,1,17,,44,,1,21,121.5352991,25.0226707
113,5,18,14,45,2,05中正區,中正區水源路與永春街200巷口,0,0,1,1,B01,8,6,5,30,3,1,1,5,4,5,13,1,1,5,4,5,2,17,1,64,3,10,7,1,7,5,1,4,2,4,,108,,1,21,121.5261064,25.0152238
113,5,18,14,45,2,05中正區,中正區水源路與永春街200巷口,0,0,1,2,C03,8,6,5,30,3,1,1,5,4,5,13,1,1,5,4,5,2,17,1,40,2,9,5,1,7,14,1,9,2,14,,44,,1,21,121.5261064,25.0152238
113,5,18,14,45,2,05中正區,中正區水源路與永春街200巷口,0,0,1,3,H02,8,6,5,30,3,1,1,5,4,5,13,1,1,5,4,5,2,17,2,41,4,11,5,5,7,20,8,20,10,16,,67,,1,21,121.5261064,25.0152238
113,5,18,15,6,2,03中山區,中山區中山北路4段圓山飯店下坡口,0,0,1,1,C03,8,6,5,50,14,9,1,5,4,5,13,1,1,1,4,5,2,13,1,37,2,9,6,1,7,9,1,10,1,11,,108,,1,21,121.5256302,25.07828513
113,5,18,15,6,2,03中山區,中山區中山北路4段圓山飯店下坡口,0,0,1,2,B03,8,6,5,50,14,9,1,5,4,5,13,1,1,1,4,5,2,13,1,42,3,10,3,4,7,12,1,8,1,3,,107,,1,22,121.5256302,25.07828513
113,5,18,15,25,2,12內湖區,內湖區潭美街551號旁,0,0,1,2,C03,8,6,5,0,14,9,1,5,4,5,13,4,4,5,5,5,2,9,1,57,2,9,5,1,7,9,1,10,1,17,,14,,1,21,121.6006275,25.06081979
113,5,18,15,25,2,12內湖區,內湖區潭美街551號旁,0,0,1,1,H01,8,6,5,0,14,9,1,5,4,5,13,4,4,5,5,5,2,9,1,35,3,10,4,5,8,17,8,20,10,16,,53,,1,21,121.6006275,25.06081979
113,5,18,15,45,2,01大同區,大同區延平北路1段與南京西路口,0,0,1,1,B12,8,6,5,50,14,9,1,5,4,5,13,2,1,4,4,5,2,17,1,57,3,10,3,4,7,15,1,8,1,4,,40,,1,21,121.5115288,25.0537683
113,5,18,15,45,2,01大同區,大同區延平北路1段與南京西路口,0,0,1,2,F01,8,6,5,50,14,9,1,5,4,5,13,2,1,4,4,5,2,17,2,33,2,8,3,4,7,9,8,20,1,15,,44,,1,21,121.5115288,25.0537683
113,5,18,15,45,2,01大同區,大同區延平北路1段與南京西路口,0,0,1,3,B01,8,6,5,50,14,9,1,5,4,5,13,2,1,4,4,5,2,17,1,63,3,10,3,4,7,9,1,4,1,2,,44,,1,21,121.5115288,25.0537683
113,5,18,16,16,2,06松山區,松山區北寧路與八德路3段口,0,0,1,1,B03,8,7,5,50,4,4,1,5,4,5,13,1,1,9,4,5,2,13,2,27,3,10,7,1,7,1,1,8,1,5,,19,,1,22,121.5525638,25.0483759
113,5,18,16,16,2,06松山區,松山區北寧路與八德路3段口,0,0,1,2,C04,8,7,5,50,4,4,1,5,4,5,13,1,1,9,4,5,2,13,2,62,2,9,5,1,7,7,1,11,1,13,,17,,1,22,121.5525638,25.0483759
113,5,18,16,20,2,03中山區,中山區復興北路與復興北路514巷口,0,0,1,1,B01,7,7,5,50,4,2,1,5,4,5,13,4,4,1,4,5,2,12,1,70,3,10,3,4,7,7,1,4,1,2,,100,,1,21,121.544221,25.0660637
113,5,18,16,20,2,03中山區,中山區復興北路與復興北路514巷口,0,0,1,2,C03,7,7,5,50,4,2,1,5,4,5,13,4,4,1,4,5,2,12,1,73,2,9,5,4,7,9,1,10,1,14,,44,,1,21,121.544221,25.0660637
113,5,18,16,45,2,09北投區,北投區大業路527巷(064號燈桿前),0,0,1,1,C03,8,5,5,50,22,9,1,5,4,5,13,4,4,9,5,5,2,18,1,25,2,9,5,1,7,9,1,10,11,12,,118,,1,21,121.4782846,25.1340881
113,5,18,16,45,2,09北投區,北投區大業路527巷(064號燈桿前),0,0,1,2,,8,5,5,50,22,9,1,5,4,5,13,4,4,9,5,5,2,18,3,0,,,,,,,,,,,,67,,1,,121.4782846,25.1340881
113,5,18,16,56,2,12內湖區,內湖區內湖路1段與內湖路1段1巷口,0,0,4,1,B03,8,5,5,50,4,4,1,5,4,5,13,2,1,3,4,4,2,17,2,81,3,10,3,4,7,12,1,8,2,17,,44,,1,21,121.558482,25.08486223
113,5,18,16,56,2,12內湖區,內湖區內湖路1段與內湖路1段1巷口,0,0,4,2,B03,8,5,5,50,4,4,1,5,4,5,13,2,1,3,4,4,2,17,1,32,3,10,3,4,7,10,1,4,2,6,,102,,1,21,121.558482,25.08486223
113,5,18,16,56,2,12內湖區,內湖區內湖路1段與內湖路1段1巷口,0,0,4,3,C03,8,5,5,50,4,4,1,5,4,5,13,2,1,3,4,4,2,17,1,64,2,9,6,1,7,9,1,10,2,14,,44,,1,21,121.558482,25.08486223
113,5,18,16,56,2,12內湖區,內湖區內湖路1段與內湖路1段1巷口,0,0,4,4,C03,8,5,5,50,4,4,1,5,4,5,13,2,1,3,4,4,2,17,1,58,2,9,6,1,7,9,1,10,9,14,,44,,1,21,121.558482,25.08486223
113,5,18,16,56,2,12內湖區,內湖區內湖路1段與內湖路1段1巷口,0,0,4,5,C03,8,5,5,50,4,4,1,5,4,5,13,2,1,3,4,4,2,17,1,24,2,9,6,1,7,9,1,10,2,14,,44,,1,21,121.558482,25.08486223
113,5,18,16,56,2,12內湖區,內湖區內湖路1段與內湖路1段1巷口,0,0,4,6,H02,8,5,5,50,4,4,1,5,4,5,13,2,1,3,4,4,2,17,2,60,2,9,6,5,7,21,8,20,10,16,,60,,1,21,121.558482,25.08486223
113,5,18,17,32,2,04大安區,大安區仁愛路4段222巷與仁愛路4段266巷口,0,0,1,1,C03,7,7,5,50,5,1,1,5,4,3,13,4,4,4,3,5,1,15,2,52,2,8,5,1,7,9,1,10,1,11,,44,,1,22,121.5527691,25.0364159
113,5,18,17,32,2,04大安區,大安區仁愛路4段222巷與仁愛路4段266巷口,0,0,1,2,B03,7,7,5,50,5,1,1,5,4,3,13,4,4,4,3,5,1,15,1,41,3,10,3,4,7,9,1,8,1,5,,44,,1,22,121.5527691,25.0364159
113,5,18,17,57,2,10文山區,文山區恆光街與恆光街14巷口,0,0,1,1,C03,8,6,5,30,4,1,1,5,4,5,13,4,4,10,5,5,2,3,2,56,3,10,3,4,7,9,1,10,2,11,,108,,1,22,121.5668973,24.9828087
113,5,18,17,57,2,10文山區,文山區恆光街與恆光街14巷口,0,0,1,2,H01,8,6,5,30,4,1,1,5,4,5,13,4,4,10,5,5,2,3,2,81,2,9,4,5,8,16,8,20,10,16,,53,,1,22,121.5668973,24.9828087
113,5,18,17,58,2,07信義區,信義區松高路1號,0,0,1,1,B03,8,7,8,50,14,9,1,5,4,5,13,4,4,10,4,5,2,17,1,29,3,10,7,1,7,15,1,8,1,1,,16,,1,21,121.5640218,25.0392217
113,5,18,17,58,2,07信義區,信義區松高路1號,0,0,1,2,C03,8,7,8,50,14,9,1,5,4,5,13,4,4,10,4,5,2,17,2,37,2,9,5,1,7,15,1,10,1,13,,44,,1,21,121.5640218,25.0392217
113,5,18,18,3,2,05中正區,中正區新生南路1段148-1號,0,0,1,1,C03,8,7,5,50,14,9,1,5,4,5,13,4,4,3,2,4,1,18,1,33,2,3,6,1,7,9,1,10,2,12,,116,,1,22,121.5325615,25.0351759
113,5,18,18,3,2,05中正區,中正區新生南路1段148-1號,0,0,1,2,,8,7,5,50,14,9,1,5,4,5,13,4,4,3,2,4,1,18,3,0,,,,,,,,,,,,67,,1,,121.5325615,25.0351759
113,5,18,18,7,2,06松山區,松山區八德路3段與延吉街口,0,0,1,1,C03,7,5,5,50,3,1,1,5,4,5,13,1,1,9,4,5,2,16,1,52,3,10,5,1,7,9,1,10,1,11,,81,,1,22,121.5533096,25.04826
113,5,18,18,7,2,06松山區,松山區八德路3段與延吉街口,0,0,1,2,F01,7,5,5,50,3,1,1,5,4,5,13,1,1,9,4,5,2,16,2,58,2,9,4,1,7,1,8,20,1,14,,44,,1,22,121.5533096,25.04826
113,5,18,18,52,2,07信義區,信義區松勤街與莊敬路口,0,0,1,1,B03,8,5,5,30,4,2,1,5,4,5,13,2,1,9,4,5,2,13,1,26,3,10,7,1,7,5,1,8,1,8,,8,,1,21,121.5613585,25.0320944
113,5,18,18,52,2,07信義區,信義區松勤街與莊敬路口,0,0,1,2,C03,8,5,5,30,4,2,1,5,4,5,13,2,1,9,4,5,2,13,1,51,3,10,5,1,7,5,1,10,1,12,,44,,1,21,121.5613585,25.0320944
113,5,18,18,52,2,07信義區,信義區松勤街與莊敬路口,0,0,1,3,H02,8,5,5,30,4,2,1,5,4,5,13,2,1,9,4,5,2,13,2,46,2,8,5,5,7,17,8,20,10,16,,67,,1,21,121.5613585,25.0320944
113,5,18,19,6,2,03中山區,中山區市民大道2段與長安東路1段52巷口,0,0,1,1,B03,8,5,5,40,3,1,1,5,4,5,13,2,1,1,4,5,2,16,1,23,3,10,3,4,7,6,1,8,1,5,,9,,1,21,121.5278422,25.0470383
113,5,18,19,6,2,03中山區,中山區市民大道2段與長安東路1段52巷口,0,0,1,2,C03,8,5,5,40,3,1,1,5,4,5,13,2,1,1,4,5,2,16,1,28,2,9,5,4,7,9,1,10,1,14,,108,,1,21,121.5278422,25.0470383
113,5,18,19,52,2,04大安區,大安區復興南路1段與大安路1段116巷口,0,0,2,1,B03,7,5,5,50,4,18,1,5,4,5,13,2,1,1,3,5,2,3,1,53,3,10,7,1,7,5,1,8,2,8,,70,,1,21,121.5438929,25.0398187
113,5,18,19,52,2,04大安區,大安區復興南路1段與大安路1段116巷口,0,0,2,2,H01,7,5,5,50,4,18,1,5,4,5,13,2,1,1,3,5,2,3,2,65,2,9,4,5,8,16,8,20,10,16,,123,,1,21,121.5438929,25.0398187
113,5,18,19,52,2,04大安區,大安區復興南路1段與大安路1段116巷口,0,0,2,3,H01,7,5,5,50,4,18,1,5,4,5,13,2,1,1,3,5,2,3,2,24,2,9,4,5,8,16,8,20,10,16,,123,,1,21,121.5438929,25.0398187
113,5,18,19,56,2,10文山區,文山區木柵路1段與辛亥路7段口,0,0,1,1,C03,8,6,5,50,4,1,1,5,4,5,13,1,1,5,4,4,2,17,2,42,2,9,5,1,7,8,1,10,2,12,,100,,1,21,121.5524775,24.9878317
113,5,18,19,56,2,10文山區,文山區木柵路1段與辛亥路7段口,0,0,1,2,B03,8,6,5,50,4,1,1,5,4,5,13,1,1,5,4,4,2,17,2,62,3,10,7,1,7,6,1,8,2,4,,44,,1,21,121.5524775,24.9878317
113,5,18,20,12,2,09北投區,北投區承德路7段與石牌路1段口,0,0,3,3,H02,8,5,5,50,4,1,1,5,4,5,13,2,1,2,1,4,1,16,2,9,2,9,3,5,7,20,8,20,10,17,,67,,1,21,121.5092019,25.1123971
113,5,18,20,12,2,09北投區,北投區承德路7段與石牌路1段口,0,0,3,1,C03,8,5,5,50,4,1,1,5,4,5,13,2,1,2,1,4,1,16,1,59,5,9,5,1,7,9,1,10,6,11,,81,,1,21,121.5092019,25.1123971
113,5,18,20,12,2,09北投區,北投區承德路7段與石牌路1段口,0,0,3,2,C01,8,5,5,50,4,1,1,5,4,5,13,2,1,2,1,4,1,16,1,64,5,9,6,1,7,6,1,9,9,11,,44,,1,21,121.5092019,25.1123971
113,5,18,20,30,2,05中正區,中正區愛國西路與重慶南路1段口,0,0,2,1,C03,8,5,5,50,4,1,1,5,4,5,13,1,1,10,5,5,2,15,1,30,2,9,5,1,7,9,1,10,2,11,,81,,1,21,121.5125788,25.0356047
113,5,18,20,30,2,05中正區,中正區愛國西路與重慶南路1段口,0,0,2,2,F01,8,5,5,50,4,1,1,5,4,5,13,1,1,10,5,5,2,15,1,19,2,9,4,1,7,9,8,20,2,12,,88,,1,21,121.5125788,25.0356047
113,5,18,20,37,2,10文山區,文山區木新路2段299巷與木新路3段45巷7弄口,0,0,1,1,C03,8,5,5,30,4,1,1,5,4,5,13,4,4,10,5,5,2,15,2,22,2,9,3,4,7,9,1,10,2,12,,80,,1,22,121.5654726,24.9823161
113,5,18,20,37,2,10文山區,文山區木新路2段299巷與木新路3段45巷7弄口,0,0,1,2,B03,8,5,5,30,4,1,1,5,4,5,13,4,4,10,5,5,2,15,2,71,3,10,3,4,7,9,1,8,2,1,,80,,1,22,121.5654726,24.9823161
113,5,18,20,54,2,07信義區,信義區永吉路225巷與永吉路225巷52弄口口,0,0,1,1,B03,7,5,5,30,3,1,1,5,4,5,13,4,4,10,5,5,2,17,1,39,3,10,7,1,7,5,1,8,2,8,,72,,1,21,121.5742393,25.0473365
113,5,18,20,54,2,07信義區,信義區永吉路225巷與永吉路225巷52弄口口,0,0,1,2,C03,7,5,5,30,3,1,1,5,4,5,13,4,4,10,5,5,2,17,2,45,2,9,6,1,7,5,1,10,2,11,,14,,1,21,121.5742393,25.0473365
113,5,18,21,0,2,05中正區,中正區汀州路1段與西藏路口,0,0,2,1,C03,8,6,5,50,4,1,1,5,4,5,13,2,1,5,4,5,2,16,2,64,2,7,5,1,7,5,1,10,1,11,,71,,1,21,121.5071935,25.0306652
113,5,18,21,0,2,05中正區,中正區汀州路1段與西藏路口,0,0,2,2,C02,8,6,5,50,4,1,1,5,4,5,13,2,1,5,4,5,2,16,1,22,2,8,5,1,7,9,1,9,1,14,,44,,1,21,121.5071935,25.0306652
113,5,18,21,0,2,05中正區,中正區汀州路1段與西藏路口,0,0,2,3,H02,8,6,5,50,4,1,1,5,4,5,13,2,1,5,4,5,2,16,2,64,4,11,5,5,7,20,8,20,10,16,,67,,1,21,121.5071935,25.0306652
113,5,18,21,0,2,05中正區,中正區汀州路1段與西藏路口,0,0,2,4,H02,8,6,5,50,4,1,1,5,4,5,13,2,1,5,4,5,2,16,1,22,4,11,5,5,7,20,8,20,10,16,,67,,1,21,121.5071935,25.0306652
113,5,18,21,35,2,09北投區,北投區軟橋街與文林北路5巷口,0,0,1,1,B03,8,5,5,50,3,1,1,5,4,5,13,4,4,5,4,5,2,16,2,42,3,10,7,1,7,5,1,8,2,1,,74,,1,21,121.5172475,25.0999864
113,5,18,21,35,2,09北投區,北投區軟橋街與文林北路5巷口,0,0,1,2,C03,8,5,5,50,3,1,1,5,4,5,13,4,4,5,4,5,2,16,1,31,2,9,5,1,7,9,6,18,2,12,,44,,1,21,121.5172475,25.0999864