發生年度,發生月,發生日,發生時-Hours,發生分,處理別-編號,區序,肇事地點,死亡人數,2-30日死亡人數,受傷人數,當事人序號,車種,天候,道路照明設備,道路類別,速限-速度限制,道路型態,事故位置,路面狀況1,路面狀況2,路面狀況3,道路障礙1,道路障礙2,號誌1,號誌2,車道劃分-分向,車道劃分-分道1,車道劃分-分道2,車道劃分-分道3,事故類型及型態,性別,年齡,受傷程度,主要傷處,保護裝置,行動電話,車輛用途,當事者行動狀態,駕駛資格情形,駕駛執照種類,飲酒情形,車輛撞擊部位1,車輛撞擊部位2,肇因碼-個別,肇因碼-主要,個人肇逃否,職業,座標-X,座標-Y
113,5,18,22,10,2,05中正區,中正區中華路1段與忠孝西路1段口,0,0,1,1,B03,8,5,5,50,4,4,1,5,4,5,13,1,1,1,4,5,2,13,1,24,3,10,7,1,7,9,1,8,2,5,,16,,1,21,121.5100654,25.0477528
113,5,18,22,10,2,05中正區,中正區中華路1段與忠孝西路1段口,0,0,1,2,C03,8,5,5,50,4,4,1,5,4,5,13,1,1,1,4,5,2,13,1,27,2,8,5,1,7,12,1,10,2,13,,44,,1,21,121.5100654,25.0477528
113,5,18,22,35,2,07信義區,信義區松仁路與松平路口,0,0,2,3,H02,8,5,5,50,14,9,1,5,4,5,13,4,4,9,4,5,2,13,2,62,2,9,5,5,7,17,8,20,10,16,,67,,1,22,121.5682563,25.0304654
113,5,18,22,35,2,07信義區,信義區松仁路與松平路口,0,0,2,1,B03,8,5,5,50,14,9,1,5,4,5,13,4,4,9,4,5,2,13,1,28,3,10,3,2,7,9,1,8,2,1,,108,,1,22,121.5682563,25.0304654
113,5,18,22,35,2,07信義區,信義區松仁路與松平路口,0,0,2,2,C03,8,5,5,50,14,9,1,5,4,5,13,4,4,9,4,5,2,13,1,69,2,9,5,1,7,9,3,18,2,13,,44,,1,22,121.5682563,25.0304654
113,5,18,22,44,2,07信義區,信義區松壽路6號,0,0,1,1,B03,8,5,5,50,14,9,1,5,4,5,13,4,4,9,4,5,2,17,2,56,3,10,7,1,7,8,1,8,1,17,,100,,1,22,121.5647415,25.0358721
113,5,18,22,44,2,07信義區,信義區松壽路6號,0,0,1,2,C03,8,5,5,50,14,9,1,5,4,5,13,4,4,9,4,5,2,17,1,48,2,9,6,1,7,7,1,10,1,14,,99,,1,22,121.5647415,25.0358721
113,5,18,22,45,2,05中正區,中正區凱達格蘭大道與凱達格蘭大道口二二八公園人行道,0,0,1,1,,7,7,5,0,14,20,1,5,5,4,13,4,4,10,5,5,2,18,3,0,,,,,,,,,,,,129,,1,,121.5145846,25.03994086
113,5,18,22,45,2,05中正區,中正區凱達格蘭大道與凱達格蘭大道口二二八公園人行道,0,0,1,2,F01,7,7,5,0,14,20,1,5,5,4,13,4,4,10,5,5,2,18,1,42,2,8,2,4,7,9,8,20,1,17,,108,,1,22,121.5145846,25.03994086
113,5,18,23,44,2,01大同區,大同區環河北路1段與長安西路口,0,0,1,1,B01,8,5,5,50,3,1,1,5,4,5,13,3,1,1,5,5,2,16,1,49,3,10,7,1,7,6,1,2,2,6,,9,,1,21,121.5073408,25.05233379
113,5,18,23,44,2,01大同區,大同區環河北路1段與長安西路口,0,0,1,2,C03,8,5,5,50,3,1,1,5,4,5,13,3,1,1,5,5,2,16,1,24,2,9,6,1,7,9,1,10,2,11,,108,,1,21,121.5073408,25.05233379
113,5,18,23,47,2,04大安區,大安區忠孝東路4段22號,0,0,1,1,B03,8,5,5,50,14,9,1,5,4,5,13,4,4,1,4,5,2,12,1,47,3,10,7,1,7,7,1,8,1,4,,101,,1,21,121.5442767,25.041543
113,5,18,23,47,2,04大安區,大安區忠孝東路4段22號,0,0,1,2,C03,8,5,5,50,14,9,1,5,4,5,13,4,4,1,4,5,2,12,2,18,2,9,5,1,7,9,1,10,1,12,,44,,1,21,121.5442767,25.041543
113,5,18,23,47,2,04大安區,大安區忠孝東路4段22號,0,0,1,3,B01,8,5,5,50,14,9,1,5,4,5,13,4,4,1,4,5,2,12,1,60,4,11,7,4,7,1,1,4,9,15,,19,,1,,121.5442767,25.041543
113,5,19,0,13,2,03中山區,中山區中山北路3段往南花博公園公車站,0,0,1,1,B02,7,5,5,50,14,9,1,5,4,5,13,4,4,9,4,5,2,18,1,35,3,10,3,4,7,7,1,8,1,17,,100,,1,21,121.5231053,25.0696789
113,5,19,0,13,2,03中山區,中山區中山北路3段往南花博公園公車站,0,0,1,2,C03,7,5,5,50,14,9,1,5,4,5,13,4,4,9,4,5,2,18,1,26,2,9,5,1,7,9,1,10,9,14,,116,,1,21,121.5231053,25.0696789
113,5,19,0,28,2,07信義區,信義區松山路292巷與虎林街口,0,0,1,1,C03,8,5,8,50,4,1,1,5,4,5,13,4,4,9,5,5,1,15,1,50,2,9,6,1,7,9,1,10,1,12,,14,,1,22,121.5771675,25.0433012
113,5,19,0,28,2,07信義區,信義區松山路292巷與虎林街口,0,0,1,2,B01,8,5,8,50,4,1,1,5,4,5,13,4,4,9,5,5,1,15,1,56,3,10,2,1,7,9,1,4,1,8,,80,,1,22,121.5771675,25.0433012
113,5,19,1,16,2,05中正區,中正區中山南路與青島東路口,0,0,2,1,C03,7,5,6,50,4,1,1,5,4,5,13,1,1,10,4,5,2,16,1,28,2,7,6,4,7,15,1,10,1,12,,81,,1,22,121.5193494,25.0444266
113,5,19,1,16,2,05中正區,中正區中山南路與青島東路口,0,0,2,2,C03,7,5,6,50,4,1,1,5,4,5,13,1,1,10,4,5,2,16,1,41,2,9,6,4,7,9,1,10,1,11,,13,,1,22,121.5193494,25.0444266
113,5,19,1,44,2,04大安區,大安區忠孝東路4段與敦化南路1段口,0,0,2,1,B02,8,5,5,50,4,1,1,5,4,5,13,1,1,10,5,5,2,17,1,25,3,10,7,1,7,6,1,8,1,15,,9,,1,21,121.5485917,25.0416328
113,5,19,1,44,2,04大安區,大安區忠孝東路4段與敦化南路1段口,0,0,2,2,C03,8,5,5,50,4,1,1,5,4,5,13,1,1,10,5,5,2,17,1,23,2,9,5,1,7,12,1,10,1,11,12,44,,1,21,121.5485917,25.0416328
113,5,19,1,44,2,04大安區,大安區忠孝東路4段與敦化南路1段口,0,0,2,3,H02,8,5,5,50,4,1,1,5,4,5,13,1,1,10,5,5,2,17,2,29,2,7,5,5,7,20,8,20,10,16,,67,,1,21,121.5485917,25.0416328
113,5,19,7,30,2,09北投區,北投區大度路3段第041號燈桿前,0,0,1,1,C03,8,7,5,50,14,12,1,5,4,5,13,4,4,1,4,1,1,13,1,20,2,9,5,1,7,9,1,10,1,11,,108,,1,22,121.4857588,25.12213138
113,5,19,7,30,2,09北投區,北投區大度路3段第041號燈桿前,0,0,1,2,C03,8,7,5,50,14,12,1,5,4,5,13,4,4,1,4,1,1,13,2,62,3,10,5,1,7,7,1,10,1,13,,100,,1,22,121.4857588,25.12213138
113,5,19,7,30,2,12內湖區,內湖區大湖街145號,0,0,2,1,B03,8,6,5,30,11,9,1,5,4,5,13,4,4,10,5,5,1,11,1,51,3,10,7,1,7,9,1,8,2,8,,5,,1,21,121.6083183,25.10492929
113,5,19,7,30,2,12內湖區,內湖區大湖街145號,0,0,2,2,C03,8,6,5,30,11,9,1,5,4,5,13,4,4,10,5,5,1,11,1,56,2,9,5,1,7,9,1,10,2,11,,13,,1,21,121.6083183,25.10492929
113,5,19,7,30,2,12內湖區,內湖區大湖街145號,0,0,2,3,H02,8,6,5,30,11,9,1,5,4,5,13,4,4,10,5,5,1,11,2,53,2,8,5,5,7,20,8,20,10,16,,67,,1,21,121.6083183,25.10492929
113,5,19,7,52,2,06松山區,松山區南京東路5段與寶清街口口,0,0,1,1,A02,8,5,5,50,14,9,1,5,4,5,13,4,4,1,4,5,2,9,1,62,3,10,7,1,7,9,1,2,1,17,,44,,1,21,121.5688075,25.0511421
113,5,19,7,52,2,06松山區,松山區南京東路5段與寶清街口口,0,0,1,2,H02,8,5,5,50,14,9,1,5,4,5,13,4,4,1,4,5,2,9,2,43,2,9,2,5,7,19,8,20,10,16,,55,,1,21,121.5688075,25.0511421
113,5,19,8,10,2,02萬華區,萬華區忠孝橋往北市機車道,0,0,2,1,C03,8,5,5,40,8,11,1,5,4,5,13,4,4,10,4,3,2,17,2,27,2,9,6,4,7,7,1,10,1,14,,100,,1,21,121.5057095,25.0490101
113,5,19,8,10,2,02萬華區,萬華區忠孝橋往北市機車道,0,0,2,2,C03,8,5,5,40,8,11,1,5,4,5,13,4,4,10,4,3,2,17,1,41,2,9,6,4,7,9,1,10,1,11,,108,,1,21,121.5057095,25.0490101
113,5,19,8,16,2,10文山區,文山區景文街55號與景美街口口,0,0,1,1,B03,8,6,5,50,3,19,1,5,4,5,13,4,4,5,5,4,2,9,1,33,3,10,7,1,7,6,1,8,8,1,,70,,1,21,121.5414251,24.9915587
113,5,19,8,16,2,10文山區,文山區景文街55號與景美街口口,0,0,1,2,H01,8,6,5,50,3,19,1,5,4,5,13,4,4,5,5,4,2,9,1,74,2,8,4,5,8,16,8,20,10,16,,121,,1,21,121.5414251,24.9915587
113,5,19,9,47,2,03中山區,中山區敬業三路162巷與敬業三路口,0,0,1,1,B03,8,6,5,50,4,1,1,5,4,5,13,1,1,1,4,5,2,16,1,60,3,10,3,4,7,5,1,8,1,2,,71,,1,22,121.5563592,25.0792407
113,5,19,9,47,2,03中山區,中山區敬業三路162巷與敬業三路口,0,0,1,2,C03,8,6,5,50,4,1,1,5,4,5,13,1,1,1,4,5,2,16,1,31,2,9,6,1,7,9,1,10,1,11,,13,,1,22,121.5563592,25.0792407
113,5,19,9,55,2,02萬華區,萬華區堤外便道與水源快速道路口,0,0,2,1,B03,8,6,5,50,3,1,1,5,4,5,13,4,4,9,4,5,1,17,1,69,3,10,3,4,7,11,1,8,1,5,,9,,1,22,121.4991302,25.01457214
113,5,19,9,55,2,02萬華區,萬華區堤外便道與水源快速道路口,0,0,2,2,C03,8,6,5,50,3,1,1,5,4,5,13,4,4,9,4,5,1,17,1,18,2,9,3,4,7,9,1,10,1,14,,44,,1,22,121.4991302,25.01457214
113,5,19,9,55,2,02萬華區,萬華區堤外便道與水源快速道路口,0,0,2,3,H02,8,6,5,50,3,1,1,5,4,5,13,4,4,9,4,5,1,17,2,18,2,9,3,5,7,20,8,20,10,16,,67,,1,22,121.4991302,25.01457214
113,5,19,10,7,2,04大安區,大安區基隆路4段與羅斯福路4段口,0,0,1,1,C03,8,7,5,50,5,1,1,5,4,5,13,2,1,1,3,5,1,13,2,45,2,9,5,4,7,9,1,10,1,11,,108,,1,22,121.5373043,25.0115198
113,5,19,10,7,2,04大安區,大安區基隆路4段與羅斯福路4段口,0,0,1,2,B01,8,7,5,50,5,1,1,5,4,5,13,2,1,1,3,5,1,13,1,58,3,10,3,4,7,14,1,4,1,7,,44,,1,21,121.5373043,25.0115198
113,5,19,10,40,2,03中山區,中山區龍江路394巷與五常街53巷口,0,0,2,1,C03,8,6,5,30,4,1,1,5,4,5,13,4,4,10,5,5,2,15,2,54,2,9,5,1,7,9,1,10,1,14,12,14,,1,21,121.539671,25.0672296
113,5,19,10,40,2,03中山區,中山區龍江路394巷與五常街53巷口,0,0,2,2,C03,8,6,5,30,4,1,1,5,4,5,13,4,4,10,5,5,2,15,1,18,2,9,5,1,7,9,1,10,1,11,12,13,,1,21,121.539671,25.0672296
113,5,19,10,45,2,03中山區,中山區建國北路1段與長安東路2段口,0,0,2,1,C03,8,7,5,50,4,1,1,5,4,5,13,1,1,9,4,5,2,16,1,39,3,10,6,1,7,9,1,10,1,14,,42,,1,21,121.536451,25.0483569
113,5,19,10,45,2,03中山區,中山區建國北路1段與長安東路2段口,0,0,2,2,B03,8,7,5,50,4,1,1,5,4,5,13,1,1,9,4,5,2,16,2,68,2,9,7,1,7,9,1,8,1,5,,44,,1,21,121.536451,25.0483569
113,5,19,10,45,2,03中山區,中山區建國北路1段與長安東路2段口,0,0,2,3,H02,8,7,5,50,4,1,1,5,4,5,13,1,1,9,4,5,2,16,2,39,2,9,6,5,7,20,8,20,10,16,,67,,1,21,121.536451,25.0483569
113,5,19,11,2,2,03中山區,中山區民族東路與建國北路口側附近3段113巷口,0,0,2,1,B03,8,7,5,50,3,1,1,5,4,5,13,1,1,1,4,4,2,17,1,63,3,10,3,4,7,6,1,7,1,6,,44,,2,21,121.5363323,25.0680959
113,5,19,11,2,2,03中山區,中山區民族東路與建國北路口側附近3段113巷口,0,0,2,2,C03,8,7,5,50,3,1,1,5,4,5,13,1,1,1,4,4,2,17,1,66,2,9,5,4,7,9,1,10,1,11,,44,,1,21,121.5363323,25.0680959
113,5,19,11,2,2,03中山區,中山區民族東路與建國北路口側附近3段113巷口,0,0,2,3,H02,8,7,5,50,3,1,1,5,4,5,13,1,1,1,4,4,2,17,2,62,2,9,5,5,7,20,8,20,10,16,,60,,1,21,121.5363323,25.0680959
113,5,19,11,5,2,09北投區,北投區西安街1段325號,0,0,1,1,C03,8,7,5,50,14,9,1,5,4,5,13,4,4,10,4,5,2,17,2,48,2,9,5,1,7,9,1,8,1,14,,108,,1,22,121.5161692,25.11325495
113,5,19,11,5,2,09北投區,北投區西安街1段325號,0,0,1,2,B01,8,7,5,50,14,9,1,5,4,5,13,4,4,10,4,5,2,17,1,63,3,10,3,1,7,13,1,4,1,2,,40,,1,22,121.5161692,25.11325495
113,5,19,11,35,2,05中正區,中正區開封街1段延平南路13-1號,0,0,2,1,C03,8,6,5,50,14,9,1,5,4,5,13,4,4,10,4,5,2,17,1,51,2,9,5,1,7,9,1,10,1,11,,108,,1,22,121.5109851,25.04601368
113,5,19,11,35,2,05中正區,中正區開封街1段延平南路13-1號,0,0,2,2,C04,8,6,5,50,14,9,1,5,4,5,13,4,4,10,4,5,2,17,2,43,3,10,5,1,7,6,1,11,1,13,,9,,1,22,121.5109851,25.04601368
113,5,19,11,35,2,05中正區,中正區開封街1段延平南路13-1號,0,0,2,3,C04,8,6,5,50,14,9,1,5,4,5,13,4,4,10,4,5,2,17,2,34,3,10,5,1,7,9,1,11,1,11,,44,,1,22,121.5109851,25.04601368
113,5,19,11,35,2,05中正區,中正區開封街1段延平南路13-1號,0,0,2,4,H02,8,6,5,50,14,9,1,5,4,5,13,4,4,10,4,5,2,17,2,69,2,7,5,5,7,20,8,20,10,16,,67,,1,22,121.5109851,25.04601368
113,5,19,12,0,2,11南港區,南港區忠孝東路6段458號,0,0,1,1,B01,8,7,5,50,14,9,1,5,4,5,13,4,4,5,4,5,2,12,1,54,3,10,7,1,7,7,1,4,1,5,,100,,1,21,121.5942245,25.05041
113,5,19,12,0,2,11南港區,南港區忠孝東路6段458號,0,0,1,2,C03,8,7,5,50,14,9,1,5,4,5,13,4,4,5,4,5,2,12,2,57,2,8,5,1,7,7,1,10,1,13,,100,,1,21,121.5942245,25.05041
113,5,19,12,4,2,04大安區,大安區信義路4段186巷與敦化南路2段11巷口,0,0,1,1,B01,8,6,5,30,4,1,1,5,4,5,13,2,1,5,5,5,2,17,1,52,3,10,7,1,7,5,1,2,2,6,,44,,1,21,121.5516023,25.0325421
113,5,19,12,4,2,04大安區,大安區信義路4段186巷與敦化南路2段11巷口,0,0,1,2,C03,8,6,5,30,4,1,1,5,4,5,13,2,1,5,5,5,2,17,1,45,2,9,6,1,7,9,1,10,2,11,,44,,1,21,121.5516023,25.0325421
113,5,19,12,10,2,01大同區,大同區鄭州路與太原路11巷口口,0,0,1,1,C03,8,6,5,40,3,1,1,5,4,5,13,4,4,8,3,5,2,12,2,21,2,9,6,1,7,15,1,10,1,14,,80,,1,21,121.5157175,25.0490161
113,5,19,12,10,2,01大同區,大同區鄭州路與太原路11巷口口,0,0,1,2,B12,8,6,5,40,3,1,1,5,4,5,13,4,4,8,3,5,2,12,1,20,3,10,7,1,7,9,1,8,1,5,,16,,1,21,121.5157175,25.0490161
113,5,19,12,10,2,01大同區,大同區鄭州路與太原路11巷口口,0,0,1,3,B01,8,6,5,40,3,1,1,5,4,5,13,4,4,8,3,5,2,12,1,53,3,10,7,1,7,14,1,4,1,4,,38,,1,21,121.5157175,25.0490161
113,5,19,13,22,2,12內湖區,內湖區民權東路6段與行忠路171巷口,0,0,1,1,B03,8,7,5,50,3,2,1,5,4,5,13,4,4,1,4,5,2,12,1,60,3,10,2,1,7,7,1,8,1,4,,100,,1,21,121.580826,25.067559
113,5,19,13,22,2,12內湖區,內湖區民權東路6段與行忠路171巷口,0,0,1,2,C03,8,7,5,50,3,2,1,5,4,5,13,4,4,1,4,5,2,12,1,53,2,9,5,1,7,9,1,9,1,12,,44,,1,21,121.580826,25.067559
113,5,19,13,30,2,05中正區,中正區中山南路與凱達格蘭大道口,0,0,2,1,C03,8,6,5,50,5,1,1,5,4,5,13,1,1,1,4,5,2,13,2,28,2,8,6,1,7,15,1,10,2,11,,9,,1,21,121.5173203,25.0387819
113,5,19,13,30,2,05中正區,中正區中山南路與凱達格蘭大道口,0,0,2,2,C03,8,6,5,50,5,1,1,5,4,5,13,1,1,1,4,5,2,13,1,44,3,10,6,1,7,15,1,10,2,13,,44,,1,21,121.5173203,25.0387819
113,5,19,13,30,2,05中正區,中正區中山南路與凱達格蘭大道口,0,0,2,3,H02,8,6,5,50,5,1,1,5,4,5,13,1,1,1,4,5,2,13,2,41,2,8,6,5,7,20,8,20,10,16,,67,,1,21,121.5173203,25.0387819
113,5,19,13,45,2,07信義區,信義區福德街84巷與福德街84巷1弄口,0,0,1,1,B03,8,6,5,30,3,2,1,5,4,5,13,4,4,9,5,5,1,17,1,31,3,10,3,4,7,15,1,8,1,4,,40,,1,22,121.5813814,25.0374659
113,5,19,13,45,2,07信義區,信義區福德街84巷與福德街84巷1弄口,0,0,1,2,F01,8,6,5,30,3,2,1,5,4,5,13,4,4,9,5,5,1,17,1,13,2,7,4,4,7,9,8,20,1,11,,44,,1,15,121.5813814,25.0374659
113,5,19,13,56,2,05中正區,中正區中正橋(往台北市方向),0,0,1,2,,8,6,5,30,8,9,1,5,4,1,13,4,4,1,4,5,2,20,3,35,,,,,,,,,,,,67,,1,,121.5164244,25.02108054
113,5,19,13,56,2,05中正區,中正區中正橋(往台北市方向),0,0,1,3,H02,8,6,5,30,8,9,1,5,4,1,13,4,4,1,4,5,2,20,2,22,2,3,5,5,7,20,8,20,10,16,,67,,1,21,121.5164244,25.02108054
113,5,19,13,56,2,05中正區,中正區中正橋(往台北市方向),0,0,1,1,B03,8,6,5,30,8,9,1,5,4,1,13,4,4,1,4,5,2,20,1,23,3,10,7,1,7,9,1,8,2,5,,108,,1,21,121.5164244,25.02108054
113,5,19,13,57,2,05中正區,中正區林森南路與徐州路口,0,0,1,1,C03,8,6,5,50,4,2,1,5,4,5,13,2,1,5,4,5,2,12,1,22,3,10,5,1,7,8,1,10,1,13,,100,,1,22,121.5222359,25.04100977
113,5,19,13,57,2,05中正區,中正區林森南路與徐州路口,0,0,1,2,C03,8,6,5,50,4,2,1,5,4,5,13,2,1,5,4,5,2,12,1,46,2,9,5,1,7,9,1,10,1,14,,44,,1,22,121.5222359,25.04100977
113,5,19,14,16,2,04大安區,大安區市民大道4段與光復南路口,0,0,1,1,B03,7,5,5,40,4,2,1,5,4,5,13,2,1,10,4,5,2,16,1,34,3,10,3,4,7,6,1,8,1,2,,9,,1,21,121.5576834,25.04494579
113,5,19,14,16,2,04大安區,大安區市民大道4段與光復南路口,0,0,1,2,C03,7,5,5,40,4,2,1,5,4,5,13,2,1,10,4,5,2,16,2,24,2,9,3,4,7,9,1,10,1,14,,44,,1,21,121.5576834,25.04494579
113,5,19,16,46,2,02萬華區,萬華區艋舺大道與康定路口,0,0,2,1,C03,8,5,5,50,4,1,1,5,4,5,13,1,1,1,4,5,2,17,1,27,2,9,5,4,7,8,1,10,1,12,,100,,1,21,121.5005129,25.03309358
113,5,19,16,46,2,02萬華區,萬華區艋舺大道與康定路口,0,0,2,2,C03,8,5,5,50,4,1,1,5,4,5,13,1,1,1,4,5,2,17,1,22,2,6,5,4,7,9,1,10,1,11,,44,,1,21,121.5005129,25.03309358
113,5,19,16,46,2,04大安區,大安區忠孝東路4段223巷與忠孝東路4段205巷7弄口,0,0,2,1,B03,7,6,5,30,4,2,1,5,4,5,13,4,4,10,5,5,2,16,2,62,3,10,7,1,7,6,1,8,1,8,,72,,1,21,121.5529515,25.0419662
113,5,19,16,46,2,04大安區,大安區忠孝東路4段223巷與忠孝東路4段205巷7弄口,0,0,2,2,C03,7,6,5,30,4,2,1,5,4,5,13,4,4,10,5,5,2,16,1,28,2,9,5,1,7,9,1,10,1,12,,44,,1,21,121.5529515,25.0419662
113,5,19,16,46,2,04大安區,大安區忠孝東路4段223巷與忠孝東路4段205巷7弄口,0,0,2,3,H02,7,6,5,30,4,2,1,5,4,5,13,4,4,10,5,5,2,16,2,29,2,9,5,5,7,20,8,20,10,16,,67,,1,21,121.5529515,25.0419662
113,5,19,16,55,2,03中山區,中山區美堤河濱公園自行車道24號燈桿,0,0,2,1,F01,8,6,5,0,14,23,1,5,4,5,13,4,4,9,5,5,2,17,1,7,2,9,3,4,7,7,8,20,9,11,,44,,1,22,121.5646467,25.07442935
113,5,19,16,55,2,03中山區,中山區美堤河濱公園自行車道24號燈桿,0,0,2,2,F01,8,6,5,0,14,23,1,5,4,5,13,4,4,9,5,5,2,17,2,47,2,7,3,4,7,9,8,20,9,11,,44,,1,22,121.5646467,25.07442935
113,5,19,17,3,2,01大同區,大同區鄭州路與西寧北路口,0,0,1,1,B03,7,6,5,40,4,2,1,5,4,5,13,1,1,1,4,5,2,17,1,46,3,10,7,1,7,9,1,8,1,5,,42,,1,21,121.5081454,25.0505913
113,5,19,17,3,2,01大同區,大同區鄭州路與西寧北路口,0,0,1,2,C03,7,6,5,40,4,2,1,5,4,5,13,1,1,1,4,5,2,17,1,37,3,10,5,1,7,5,1,10,1,14,,8,,1,21,121.5081454,25.0505913
113,5,19,17,3,2,01大同區,大同區鄭州路與西寧北路口,0,0,1,3,H02,7,6,5,40,4,2,1,5,4,5,13,1,1,1,4,5,2,17,2,36,2,8,5,5,7,21,8,20,10,16,,67,,1,21,121.5081454,25.0505913
113,5,19,18,43,2,07信義區,信義區市民大道5段與基隆路1段口口,0,0,1,1,B03,7,5,8,50,22,22,1,5,4,5,13,1,1,1,4,5,2,17,1,26,3,10,7,1,7,6,1,8,2,1,,16,,1,22,121.5688515,25.0489379
113,5,19,18,43,2,07信義區,信義區市民大道5段與基隆路1段口口,0,0,1,2,F01,7,5,8,50,22,22,1,5,4,5,13,1,1,1,4,5,2,17,1,52,2,9,4,1,7,9,8,20,2,12,,53,,1,22,121.5688515,25.0489379
113,5,19,19,9,2,04大安區,大安區新生南路3段與新生南路3段86巷口,0,0,1,1,B03,7,5,5,30,14,9,1,5,4,5,13,4,4,10,5,5,2,14,1,60,3,10,7,1,7,2,1,7,1,3,,12,,1,21,121.5334077,25.0187305
113,5,19,19,9,2,04大安區,大安區新生南路3段與新生南路3段86巷口,0,0,1,2,B03,7,5,5,30,14,9,1,5,4,5,13,4,4,10,5,5,2,14,1,35,2,9,7,1,7,13,1,8,1,1,,44,,1,21,121.5334077,25.0187305
113,5,19,19,15,2,08士林區,士林區至誠路1段與雨聲街口,0,0,2,1,C03,8,5,5,50,3,1,1,5,4,5,13,3,1,5,5,5,1,17,2,29,2,9,5,1,7,5,1,10,2,12,,80,,1,21,121.5337607,25.1012546
113,5,19,19,15,2,08士林區,士林區至誠路1段與雨聲街口,0,0,2,2,B03,8,5,5,50,3,1,1,5,4,5,13,3,1,5,5,5,1,17,1,60,3,10,7,1,7,9,1,8,1,4,,14,,1,21,121.5337607,25.1012546
113,5,19,19,15,2,08士林區,士林區至誠路1段與雨聲街口,0,0,2,3,H02,8,5,5,50,3,1,1,5,4,5,13,3,1,5,5,5,1,17,2,28,2,9,5,5,7,20,8,20,10,16,,67,,1,21,121.5337607,25.1012546
113,5,19,19,31,2,06松山區,松山區八德路4段650號後方(市民大道六段上),0,0,1,1,B03,8,5,5,40,14,9,1,5,4,5,13,4,4,9,4,5,2,17,1,40,3,10,7,1,7,6,3,18,2,6,,9,,1,22,121.5751419,25.04944227
113,5,19,19,31,2,06松山區,松山區八德路4段650號後方(市民大道六段上),0,0,1,2,C03,8,5,5,40,14,9,1,5,4,5,13,4,4,9,4,5,2,17,2,46,2,9,6,1,7,9,1,10,2,11,,44,,1,22,121.5751419,25.04944227
113,5,19,19,50,2,10文山區,文山區景美堤外便道(北向南，溪洲疏散門),0,0,2,1,F01,8,5,8,0,14,23,1,5,4,5,13,4,4,5,5,5,1,3,1,39,2,9,4,1,7,9,8,20,1,11,,118,,1,21,121.5351411,24.99847638
113,5,19,19,50,2,10文山區,文山區景美堤外便道(北向南，溪洲疏散門),0,0,2,2,H01,8,5,8,0,14,23,1,5,4,5,13,4,4,5,5,5,1,3,1,32,2,9,4,5,8,20,8,20,10,16,,118,,1,21,121.5351411,24.99847638
113,5,19,19,52,2,06松山區,松山區光復北路1號,0,0,1,1,A02,7,5,5,50,14,9,1,5,4,5,13,4,4,1,3,5,2,9,2,46,3,10,3,1,7,14,1,2,11,15,,118,,1,26,121.5579368,25.0488032
113,5,19,19,52,2,06松山區,松山區光復北路1號,0,0,1,2,H02,7,5,5,50,14,9,1,5,4,5,13,4,4,1,3,5,2,9,2,83,2,9,4,5,8,20,8,20,10,16,,67,,1,22,121.5579368,25.0488032
113,5,19,20,37,2,02萬華區,萬華區中華路2段與泉州街34巷口,0,0,2,1,C03,8,5,5,50,3,2,1,5,4,5,13,4,4,5,5,4,2,17,2,44,2,8,5,1,7,9,1,10,1,11,,108,,1,21,121.5114471,25.02429026
113,5,19,20,37,2,02萬華區,萬華區中華路2段與泉州街34巷口,0,0,2,2,B03,8,5,5,50,3,2,1,5,4,5,13,4,4,5,5,4,2,17,1,51,3,10,7,1,7,11,1,8,1,7,,10,,1,21,121.5114471,25.02429026
113,5,19,20,37,2,02萬華區,萬華區中華路2段與泉州街34巷口,0,0,2,3,H02,8,5,5,50,3,2,1,5,4,5,13,4,4,5,5,4,2,17,2,11,2,8,5,5,7,20,8,20,10,16,,67,,1,21,121.5114471,25.02429026
113,5,19,21,38,2,09北投區,北投區中央北路4段與中央北路4段316巷口,0,0,1,1,B03,8,5,5,50,3,1,1,5,4,5,13,1,1,4,4,5,2,17,1,58,3,10,7,1,7,11,1,8,2,7,,10,,1,21,121.4727435,25.13084745
113,5,19,21,38,2,09北投區,北投區中央北路4段與中央北路4段316巷口,0,0,1,2,C03,8,5,5,50,3,1,1,5,4,5,13,1,1,4,4,5,2,17,1,19,2,9,6,1,7,9,1,10,2,14,,42,,1,25,121.4727435,25.13084745
113,5,19,22,4,2,07信義區,信義區永吉路443巷9弄與永吉路443巷口口,0,0,3,1,C03,7,5,8,30,4,1,1,5,4,5,13,4,4,10,5,5,2,15,2,19,2,9,6,1,7,9,1,10,1,11,,75,,1,22,121.5783491,25.0466378
113,5,19,22,4,2,07信義區,信義區永吉路443巷9弄與永吉路443巷口口,0,0,3,2,C03,7,5,8,30,4,1,1,5,4,5,13,4,4,10,5,5,2,15,2,24,2,9,6,1,7,9,1,10,1,14,,14,,1,22,121.5783491,25.0466378
113,5,19,22,4,2,07信義區,信義區永吉路443巷9弄與永吉路443巷口口,0,0,3,3,H02,7,5,8,30,4,1,1,5,4,5,13,4,4,10,5,5,2,15,2,21,2,9,6,5,7,19,8,20,10,16,,60,,1,22,121.5783491,25.0466378
113,5,19,22,10,2,05中正區,中正區汀州路2段79號前,0,0,1,1,C03,7,5,5,50,14,9,1,5,4,5,13,4,4,4,4,5,1,12,2,18,2,9,5,1,7,11,1,10,9,14,,10,,1,21,121.5171425,25.02552438
113,5,19,22,10,2,05中正區,中正區汀州路2段79號前,0,0,1,2,B03,7,5,5,50,14,9,1,5,4,5,13,4,4,4,4,5,1,12,2,36,3,10,7,1,7,9,1,8,9,2,,44,,1,21,121.5171425,25.02552438