發生年度,發生月,發生日,發生時-Hours,發生分,處理別-編號,區序,肇事地點,死亡人數,2-30日死亡人數,受傷人數,當事人序號,車種,天候,道路照明設備,道路類別,速限-速度限制,道路型態,事故位置,路面狀況1,路面狀況2,路面狀況3,道路障礙1,道路障礙2,號誌1,號誌2,車道劃分-分向,車道劃分-分道1,車道劃分-分道2,車道劃分-分道3,事故類型及型態,性別,年齡,受傷程度,主要傷處,保護裝置,行動電話,車輛用途,當事者行動狀態,駕駛資格情形,駕駛執照種類,飲酒情形,車輛撞擊部位1,車輛撞擊部位2,肇因碼-個別,肇因碼-主要,個人肇逃否,職業,座標-X,座標-Y
113,5,19,22,39,2,03中山區,中山區建國北路3段與民權東路2段口,0,0,1,1,B01,7,5,5,50,4,1,1,5,4,5,13,2,1,3,2,5,2,17,1,55,4,11,3,4,7,9,1,8,11,15,,107,,2,21,121.5367313,25.0622205
113,5,19,22,39,2,03中山區,中山區建國北路3段與民權東路2段口,0,0,1,2,C03,7,5,5,50,4,1,1,5,4,5,13,2,1,3,2,5,2,17,2,57,2,8,3,4,7,14,1,10,1,15,,44,,1,21,121.5367313,25.0622205
113,5,19,22,45,2,06松山區,松山區三民路與延壽街口,0,0,1,1,B01,7,5,5,50,4,1,1,5,4,5,13,2,1,1,5,5,2,16,1,54,3,10,7,1,7,5,1,4,1,2,,71,,1,21,121.5635874,25.0569103
113,5,19,22,45,2,06松山區,松山區三民路與延壽街口,0,0,1,2,C03,7,5,5,50,4,1,1,5,4,5,13,2,1,1,5,5,2,16,2,26,2,9,6,1,7,9,1,10,1,12,,44,,1,21,121.5635874,25.0569103
113,5,19,23,12,2,08士林區,士林區文林路與中正路口,0,0,3,1,C03,8,5,5,50,4,1,1,5,4,5,13,2,1,5,4,5,2,17,1,26,2,8,3,4,7,5,1,10,2,14,,8,,1,21,121.524664,25.094994
113,5,19,23,12,2,08士林區,士林區文林路與中正路口,0,0,3,2,C03,8,5,5,50,4,1,1,5,4,5,13,2,1,5,4,5,2,17,1,26,2,7,3,4,7,9,1,10,2,17,,44,,1,23,121.524664,25.094994
113,5,19,23,12,2,08士林區,士林區文林路與中正路口,0,0,3,3,H02,8,5,5,50,4,1,1,5,4,5,13,2,1,5,4,5,2,17,2,26,2,9,3,5,7,20,8,20,10,16,,67,,1,22,121.524664,25.094994
113,5,19,23,17,2,03中山區,中山區雙城街32巷3-1號,0,0,1,1,B03,8,5,5,30,14,9,5,5,4,5,13,4,4,10,5,5,2,8,1,31,3,10,7,1,7,9,1,8,2,2,,44,,1,21,121.5232584,25.0662575
113,5,19,23,17,2,03中山區,中山區雙城街32巷3-1號,0,0,1,2,H01,8,5,5,30,14,9,5,5,4,5,13,4,4,10,5,5,2,8,1,55,2,9,4,5,8,17,8,20,10,17,,53,,1,21,121.5232584,25.0662575
113,5,19,23,44,2,02萬華區,萬華區堤外便道龍山095桿,0,0,2,1,C03,7,5,5,40,14,11,1,5,4,5,13,4,4,4,4,5,2,12,1,23,2,9,5,1,7,8,1,10,1,12,,100,,1,21,121.4995139,25.0418529
113,5,19,23,44,2,02萬華區,萬華區堤外便道龍山095桿,0,0,2,2,C03,7,5,5,40,14,11,1,5,4,5,13,4,4,4,4,5,2,12,1,48,2,9,5,1,7,9,1,10,1,14,,44,,1,21,121.4995139,25.0418529
113,5,20,7,17,2,10文山區,文山區萬芳路東往西上(北市捷運局柱子編號10017對面),0,0,2,1,F01,7,6,5,50,14,9,1,5,4,5,13,4,4,5,4,5,2,13,1,15,2,8,4,1,7,9,8,20,11,11,,108,,1,15,121.562815,24.99755949
113,5,20,7,17,2,10文山區,文山區萬芳路東往西上(北市捷運局柱子編號10017對面),0,0,2,2,C03,7,6,5,50,14,9,1,5,4,5,13,4,4,5,4,5,2,13,2,63,2,8,6,1,7,14,1,10,11,13,,44,,1,21,121.562815,24.99755949
113,5,20,8,5,2,03中山區,中山區民權西路與天祥路口,0,0,1,1,A02,8,7,5,50,4,1,1,5,4,5,13,2,1,1,4,5,2,12,1,50,3,10,3,4,7,9,1,2,2,2,,17,,1,21,121.5207432,25.0627957
113,5,20,8,5,2,03中山區,中山區民權西路與天祥路口,0,0,1,2,C03,8,7,5,50,4,1,1,5,4,5,13,2,1,1,4,5,2,12,1,37,2,9,6,4,7,9,1,10,2,14,,17,,1,21,121.5207432,25.0627957
113,5,20,8,5,2,03中山區,中山區民權西路與天祥路口,0,0,1,3,C03,8,7,5,50,4,1,1,5,4,5,13,2,1,1,4,5,2,12,1,38,3,10,6,4,7,9,1,10,2,14,,44,,1,21,121.5207432,25.0627957
113,5,20,8,8,2,11南港區,南港區南港路2段142號,0,0,1,1,H01,8,6,5,50,14,7,2,5,4,5,13,4,4,5,4,4,2,3,1,43,3,10,4,5,8,18,8,20,10,17,,121,,1,22,121.6005458,25.0533448
113,5,20,8,8,2,11南港區,南港區南港路2段142號,0,0,1,2,C03,8,6,5,50,14,7,2,5,4,5,13,4,4,5,4,4,2,3,1,42,2,9,5,1,7,9,1,9,2,14,,13,,1,22,121.6005458,25.0533448
113,5,20,8,20,2,04大安區,大安區信義路2段與永康街口,0,0,1,1,B03,8,7,5,50,4,1,1,5,4,5,13,2,1,10,3,5,1,15,1,48,3,10,3,4,7,1,1,8,2,5,,9,,1,22,121.5300791,25.0336237
113,5,20,8,20,2,04大安區,大安區信義路2段與永康街口,0,0,1,2,F01,8,7,5,50,4,1,1,5,4,5,13,2,1,10,3,5,1,15,2,66,2,8,4,1,7,9,8,20,1,14,,42,,1,22,121.5300791,25.0336237
113,5,20,8,31,2,08士林區,士林區中正路511號,0,0,1,2,C04,7,6,5,50,14,9,1,5,4,5,13,4,4,3,4,5,2,12,2,32,2,8,6,1,7,9,1,8,2,14,,44,,1,22,121.5171687,25.0913482
113,5,20,8,31,2,08士林區,士林區中正路511號,0,0,1,1,B03,7,6,5,50,14,9,1,5,4,5,13,4,4,3,4,5,2,12,4,0,,,,,,,,,11,,,119,,,,121.5171687,25.0913482
113,5,20,8,35,2,04大安區,大安區新生南路3段與辛亥路2段口,0,0,2,1,C03,8,6,5,50,3,1,1,5,4,5,13,1,1,3,4,5,2,12,2,38,2,9,6,4,7,9,1,10,1,14,,108,,1,21,121.5344953,25.0224759
113,5,20,8,35,2,04大安區,大安區新生南路3段與辛亥路2段口,0,0,2,2,C03,8,6,5,50,3,1,1,5,4,5,13,1,1,3,4,5,2,12,2,44,2,9,6,4,7,9,1,10,1,14,,44,,1,21,121.5344953,25.0224759
113,5,20,8,40,2,05中正區,中正區和平西路2段45號前,0,0,1,1,B03,8,6,5,50,14,9,1,5,4,5,13,4,4,1,4,5,1,12,1,29,3,10,7,1,7,8,1,8,2,8,,100,,1,21,121.5126615,25.0289355
113,5,20,8,40,2,05中正區,中正區和平西路2段45號前,0,0,1,2,C03,8,6,5,50,14,9,1,5,4,5,13,4,4,1,4,5,1,12,1,57,2,9,5,1,7,9,1,10,2,12,,108,,1,21,121.5126615,25.0289355
113,5,20,8,45,2,12內湖區,內湖區康寧路3段與安康路口,0,0,1,1,B03,7,6,5,50,4,1,1,5,4,5,13,2,1,1,4,5,2,17,1,39,3,10,7,1,7,6,1,8,2,2,,9,,1,21,121.6109686,25.0649347
113,5,20,8,45,2,12內湖區,內湖區康寧路3段與安康路口,0,0,1,2,C03,7,6,5,50,4,1,1,5,4,5,13,2,1,1,4,5,2,17,2,73,2,9,6,1,7,5,1,10,2,14,,8,,1,21,121.6109686,25.0649347
113,5,20,8,45,2,07信義區,信義區松智路與松勤街口,0,0,1,1,C03,7,6,5,50,4,1,1,5,4,5,13,1,1,9,5,5,2,17,1,74,2,1,5,4,7,9,1,10,2,11,,81,,1,22,121.5653627,25.031994
113,5,20,8,45,2,07信義區,信義區松智路與松勤街口,0,0,1,2,B03,7,6,5,50,4,1,1,5,4,5,13,1,1,9,5,5,2,17,1,31,3,10,3,4,7,9,1,8,2,2,,99,,1,22,121.5653627,25.031994
113,5,20,9,45,2,05中正區,中正區汀州路3段與思源街口,0,0,1,1,C03,8,6,5,50,3,1,1,5,4,5,13,1,1,3,4,5,2,17,1,28,3,10,5,1,7,6,1,10,2,12,,9,,1,21,121.5321721,25.0149062
113,5,20,9,45,2,05中正區,中正區汀州路3段與思源街口,0,0,1,2,F01,8,6,5,50,3,1,1,5,4,5,13,1,1,3,4,5,2,17,2,58,2,9,4,1,7,9,8,20,2,14,,42,,1,21,121.5321721,25.0149062
113,5,20,9,46,2,01大同區,大同區重慶北路2段與保安街口,0,0,1,2,C04,8,5,5,50,4,2,1,5,4,5,13,1,1,9,4,5,1,16,2,23,2,9,3,4,7,14,1,10,9,14,,44,,1,21,121.5135163,25.0593872
113,5,20,9,46,2,01大同區,大同區重慶北路2段與保安街口,0,0,1,1,C03,8,5,5,50,4,2,1,5,4,5,13,1,1,9,4,5,1,16,4,0,,,,,,,,,11,,,119,,2,,121.5135163,25.0593872
113,5,20,10,25,2,12內湖區,內湖區成功路2段與成功交流道口東南角,0,0,1,1,B03,7,6,5,50,4,1,1,5,4,5,13,2,1,1,4,5,2,16,1,40,3,10,7,1,7,6,1,8,2,5,,9,,1,21,121.5908808,25.06426334
113,5,20,10,25,2,12內湖區,內湖區成功路2段與成功交流道口東南角,0,0,1,2,C04,7,6,5,50,4,1,1,5,4,5,13,2,1,1,4,5,2,16,2,52,2,9,6,1,7,9,1,10,2,14,,44,,1,21,121.5908808,25.06426334
113,5,20,11,7,2,01大同區,大同區重慶北路3段與重慶北路3段236巷口口,0,0,1,1,A03,8,5,5,50,5,1,1,5,4,5,13,2,1,1,4,5,2,15,1,58,3,10,7,1,7,1,1,2,2,5,,81,,1,22,121.5138092,25.06997646
113,5,20,11,7,2,01大同區,大同區重慶北路3段與重慶北路3段236巷口口,0,0,1,2,F01,8,5,5,50,5,1,1,5,4,5,13,2,1,1,4,5,2,15,1,15,2,9,4,1,7,1,8,20,1,14,,42,,1,16,121.5138092,25.06997646
113,5,20,11,7,2,01大同區,大同區重慶北路3段與重慶北路3段236巷口口,0,0,1,3,B03,8,5,5,50,5,1,1,5,4,5,13,2,1,1,4,5,2,15,1,30,3,10,7,1,7,14,1,8,2,3,,42,,1,22,121.5138092,25.06997646
113,5,20,11,24,2,02萬華區,萬華區寶興街222巷與德昌街185巷27弄口,0,0,1,1,C03,8,6,5,30,4,1,1,5,4,5,13,4,4,10,5,5,1,15,2,37,2,9,5,1,7,9,1,10,1,12,,75,,1,21,121.4947287,25.02213703
113,5,20,11,24,2,02萬華區,萬華區寶興街222巷與德昌街185巷27弄口,0,0,1,2,C03,8,6,5,30,4,1,1,5,4,5,13,4,4,10,5,5,1,15,1,70,3,10,5,1,7,9,1,10,1,11,,44,,1,21,121.4947287,25.02213703
113,5,20,11,34,2,01大同區,大同區迪化街1段307巷與安西街口,0,0,1,1,B03,7,6,5,30,14,9,1,5,4,5,13,4,4,10,5,5,2,9,1,40,3,10,7,1,7,9,1,8,2,2,,42,,1,21,121.5097291,25.0621531
113,5,20,11,34,2,01大同區,大同區迪化街1段307巷與安西街口,0,0,1,2,H01,7,6,5,30,14,9,1,5,4,5,13,4,4,10,5,5,2,9,1,11,2,8,4,5,8,20,8,20,10,16,,60,,1,21,121.5097291,25.0621531
113,5,20,11,36,2,06松山區,松山區光復南路與光復南路6巷口,0,0,1,1,B03,7,6,5,50,3,2,1,5,4,5,13,4,4,3,4,5,2,17,1,44,3,10,7,1,7,6,1,8,11,5,,17,,2,22,121.5577382,25.04761952
113,5,20,11,36,2,06松山區,松山區光復南路與光復南路6巷口,0,0,1,2,C03,7,6,5,50,3,2,1,5,4,5,13,4,4,3,4,5,2,17,2,30,2,9,2,4,7,6,1,10,1,14,,119,,1,21,121.5577382,25.04761952
113,5,20,11,44,2,02萬華區,萬華區康定路與桂林路口,0,0,1,1,A02,8,6,5,50,4,1,1,5,4,5,13,2,1,5,5,5,2,16,1,61,3,10,7,1,7,9,1,2,1,1,,44,,1,26,121.5017553,25.03839032
113,5,20,11,44,2,02萬華區,萬華區康定路與桂林路口,0,0,1,2,C03,8,6,5,50,4,1,1,5,4,5,13,2,1,5,5,5,2,16,2,23,2,9,6,1,7,5,1,10,1,13,,8,,1,25,121.5017553,25.03839032
113,5,20,12,10,2,07信義區,信義區基隆路1段與永吉路口口,0,0,1,1,B01,8,6,5,40,5,2,1,5,4,5,13,1,1,1,4,5,2,15,1,51,3,10,3,4,7,9,1,4,2,1,,81,,1,21,121.5672415,25.0456913
113,5,20,12,10,2,07信義區,信義區基隆路1段與永吉路口口,0,0,1,2,C03,8,6,5,40,5,2,1,5,4,5,13,1,1,1,4,5,2,15,1,35,2,9,6,1,7,9,1,10,2,14,,81,,1,21,121.5672415,25.0456913
113,5,20,12,15,2,01大同區,大同區民生西路與雙連街口,0,0,2,1,C03,7,6,5,50,3,1,1,5,4,5,13,2,1,4,4,5,2,16,1,54,2,9,3,4,7,5,1,10,1,13,,8,,1,21,121.519201,25.057471
113,5,20,12,15,2,01大同區,大同區民生西路與雙連街口,0,0,2,2,C03,7,6,5,50,3,1,1,5,4,5,13,2,1,4,4,5,2,16,2,20,2,9,3,4,7,9,1,10,1,11,,44,,1,21,121.519201,25.057471
113,5,20,12,51,2,01大同區,大同區民生西路247-1號,0,0,2,1,C03,7,6,5,50,14,9,1,5,4,5,13,4,4,5,2,5,2,17,1,56,2,9,6,1,7,9,1,10,1,11,,44,,1,21,121.5148699,25.0570848
113,5,20,12,51,2,01大同區,大同區民生西路247-1號,0,0,2,2,F01,7,6,5,50,14,9,1,5,4,5,13,4,4,5,2,5,2,17,2,55,2,9,4,1,7,8,8,20,1,15,,100,,1,21,121.5148699,25.0570848
113,5,20,13,0,2,09北投區,北投區中央北路3段與中央北路3段220巷口,0,0,1,1,B03,7,6,5,50,3,2,1,5,4,5,13,2,1,5,4,5,2,13,1,27,3,10,7,1,7,11,1,8,2,6,,44,,1,21,121.4807679,25.1363437
113,5,20,13,0,2,09北投區,北投區中央北路3段與中央北路3段220巷口,0,0,1,2,C03,7,6,5,50,3,2,1,5,4,5,13,2,1,5,4,5,2,13,1,42,2,9,5,1,7,9,1,10,2,11,,16,,1,21,121.4807679,25.1363437
113,5,20,13,15,2,05中正區,中正區濟南路2段與杭州南路1段口,0,0,1,1,C03,8,7,5,50,4,2,1,5,4,5,13,1,1,9,5,5,1,13,1,30,2,8,6,1,7,9,1,9,2,11,,16,,1,22,121.5262934,25.0415814
113,5,20,13,15,2,05中正區,中正區濟南路2段與杭州南路1段口,0,0,1,2,C03,8,7,5,50,4,2,1,5,4,5,13,1,1,9,5,5,1,13,1,46,3,10,6,1,7,14,1,10,2,14,,44,,1,22,121.5262934,25.0415814
113,5,20,13,16,2,04大安區,大安區敦化南路2段62號,0,0,2,2,C03,8,6,5,50,14,9,1,5,4,5,13,4,4,10,4,5,1,12,1,32,2,9,6,4,7,9,1,10,1,14,,42,,1,21,121.5485115,25.03035
113,5,20,13,16,2,04大安區,大安區敦化南路2段62號,0,0,2,3,C03,8,6,5,50,14,9,1,5,4,5,13,4,4,10,4,5,1,12,1,40,3,10,6,4,7,9,1,10,1,12,,13,,1,21,121.5485115,25.03035
113,5,20,13,16,2,04大安區,大安區敦化南路2段62號,0,0,2,4,H02,8,6,5,50,14,9,1,5,4,5,13,4,4,10,4,5,1,12,2,41,2,8,6,5,7,20,8,20,10,16,,67,,1,21,121.5485115,25.03035
113,5,20,13,16,2,04大安區,大安區敦化南路2段62號,0,0,2,1,B03,8,6,5,50,14,9,1,5,4,5,13,4,4,10,4,5,1,12,2,64,3,10,3,4,7,1,1,8,11,15,,19,,2,21,121.5485115,25.03035
113,5,20,13,38,2,04大安區,大安區大安路1段159號,0,0,1,1,B01,8,5,5,50,14,9,1,5,4,5,13,4,4,4,3,5,2,17,1,54,3,10,7,1,7,15,1,4,1,6,,38,,1,21,121.5460762,25.0371184
113,5,20,13,38,2,04大安區,大安區大安路1段159號,0,0,1,2,H02,8,5,5,50,14,9,1,5,4,5,13,4,4,4,3,5,2,17,2,46,3,10,4,5,7,20,8,20,10,16,,126,,1,21,121.5460762,25.0371184
113,5,20,13,38,2,04大安區,大安區大安路1段159號,0,0,1,3,C04,8,5,5,50,14,9,1,5,4,5,13,4,4,4,3,5,2,17,2,35,2,9,6,1,7,9,1,10,1,14,,44,,1,21,121.5460762,25.0371184
113,5,20,13,40,2,12內湖區,內湖區陽光街254號,0,0,1,1,B03,7,7,5,50,14,9,1,5,4,5,13,4,4,5,5,5,2,12,1,59,3,10,7,1,7,1,1,8,1,8,,19,,1,21,121.5773609,25.0733548
113,5,20,13,40,2,12內湖區,內湖區陽光街254號,0,0,1,2,C03,7,7,5,50,14,9,1,5,4,5,13,4,4,5,5,5,2,12,1,58,2,7,5,1,7,9,1,10,1,11,,44,,1,21,121.5773609,25.0733548
113,5,20,14,30,2,04大安區,大安區忠孝東路4段26巷往北近復興南路一段219巷,0,0,1,1,B03,7,7,5,30,14,9,1,5,4,5,13,4,4,10,5,5,2,1,1,69,3,10,7,1,7,9,1,8,2,4,,108,,2,21,121.544381,25.0388871
113,5,20,14,30,2,04大安區,大安區忠孝東路4段26巷往北近復興南路一段219巷,0,0,1,2,H01,7,7,5,30,14,9,1,5,4,5,13,4,4,10,5,5,2,1,2,29,2,5,4,5,8,16,8,20,1,16,,60,,1,23,121.544381,25.0388871
113,5,20,14,30,1,09北投區,北投區大業路527巷與中央北路2段257巷口,1,0,0,1,C03,7,6,5,40,3,1,1,5,4,5,13,2,1,5,5,5,2,10,1,74,1,4,6,1,7,15,6,18,9,11,,42,,1,21,121.4909313,25.1376646
113,5,20,14,30,1,09北投區,北投區大業路527巷與中央北路2段257巷口,1,0,0,2,B03,7,6,5,40,3,1,1,5,4,5,13,2,1,5,5,5,2,10,1,70,3,10,7,1,7,9,1,8,2,1,,44,,1,21,121.4909313,25.1376646
113,5,20,15,4,2,04大安區,大安區和平東路3段113號,0,0,1,1,C03,8,5,5,50,14,9,1,5,4,5,13,4,4,7,4,5,2,16,2,22,3,10,5,1,7,6,1,10,1,12,,101,,1,21,121.5514071,25.0244932
113,5,20,15,4,2,04大安區,大安區和平東路3段113號,0,0,1,2,C03,8,5,5,50,14,9,1,5,4,5,13,4,4,7,4,5,2,16,1,61,2,9,5,1,7,9,1,10,1,14,,44,,1,21,121.5514071,25.0244932
113,5,20,15,13,2,05中正區,中正區博愛路與寶慶路口,0,0,1,1,B02,8,5,5,50,4,2,1,5,4,5,13,1,1,5,4,5,2,17,1,53,3,10,7,1,7,7,1,8,2,8,,100,,1,21,121.511403,25.0410627
113,5,20,15,13,2,05中正區,中正區博愛路與寶慶路口,0,0,1,2,C03,8,5,5,50,4,2,1,5,4,5,13,1,1,5,4,5,2,17,1,23,2,9,6,1,7,9,1,10,2,12,,16,,1,21,121.511403,25.0410627
113,5,20,15,40,2,03中山區,中山區大直街與大直街124巷口,0,0,1,1,B12,8,7,5,30,4,1,1,5,4,5,13,4,4,5,4,5,2,17,1,38,3,10,3,4,7,5,1,8,2,8,,8,,1,21,121.5488134,25.0842032
113,5,20,15,40,2,03中山區,中山區大直街與大直街124巷口,0,0,1,2,C03,8,7,5,30,4,1,1,5,4,5,13,4,4,5,4,5,2,17,1,23,2,8,6,4,7,14,1,10,2,12,,44,,1,21,121.5488134,25.0842032
113,5,20,16,33,2,05中正區,中正區公園路11巷,0,0,1,1,C03,8,6,5,30,14,9,1,5,4,5,13,4,4,10,5,5,2,18,1,53,2,9,5,1,7,15,1,10,9,15,,118,,1,22,121.5176421,25.0456121
113,5,20,16,33,2,05中正區,中正區公園路11巷,0,0,1,2,,8,6,5,30,14,9,1,5,4,5,13,4,4,10,5,5,2,18,3,0,,,,,,,,,,,,67,,1,,121.5176421,25.0456121
113,5,20,16,42,2,04大安區,大安區和平東路3段與敦化南路2段口,0,0,2,1,C03,7,5,5,50,4,1,1,5,4,5,13,2,1,10,4,3,2,15,2,72,2,9,3,4,7,9,1,10,2,11,,44,,1,23,121.5490041,25.0244874
113,5,20,16,42,2,04大安區,大安區和平東路3段與敦化南路2段口,0,0,2,2,C03,7,5,5,50,4,1,1,5,4,5,13,2,1,10,4,3,2,15,1,25,2,9,3,4,7,9,1,10,2,14,,44,,1,22,121.5490041,25.0244874
113,5,20,16,50,2,08士林區,士林區德行東路240號與德行東路口,0,0,1,1,C03,8,5,5,50,3,1,1,5,4,5,13,4,4,5,5,5,1,17,2,64,3,10,6,1,7,5,1,10,1,12,,74,,1,21,121.5334937,25.109491
113,5,20,16,50,2,08士林區,士林區德行東路240號與德行東路口,0,0,1,2,C03,8,5,5,50,3,1,1,5,4,5,13,4,4,5,5,5,1,17,2,23,2,9,6,1,7,9,1,10,1,11,,13,,1,21,121.5334937,25.109491
113,5,20,17,19,2,10文山區,文山區新光路2段與新光路2段74巷口,0,0,1,1,C03,7,5,5,50,3,2,1,5,4,5,13,4,4,5,5,5,1,11,1,17,2,8,6,1,7,9,2,18,2,15,,42,,1,21,121.5939192,24.9962324
113,5,20,17,19,2,10文山區,文山區新光路2段與新光路2段74巷口,0,0,1,2,B03,7,5,5,50,3,2,1,5,4,5,13,4,4,5,5,5,1,11,1,60,3,10,7,1,7,9,1,8,2,4,,99,,1,21,121.5939192,24.9962324
113,5,20,17,43,2,06松山區,松山區南京東路5段與塔悠路口,0,0,1,1,C03,8,5,5,50,4,1,1,5,4,5,13,1,1,1,4,5,2,17,1,42,2,8,6,1,7,8,1,10,1,12,,100,,1,22,121.5706447,25.0512604
113,5,20,17,43,2,06松山區,松山區南京東路5段與塔悠路口,0,0,1,2,C03,8,5,5,50,4,1,1,5,4,5,13,1,1,1,4,5,2,17,2,46,3,10,6,1,7,9,1,10,1,17,,44,,1,22,121.5706447,25.0512604
113,5,20,17,46,2,05中正區,中正區博愛路與寶慶路口口,0,0,1,1,C03,8,5,5,50,4,2,1,5,4,5,13,2,1,9,4,5,1,9,2,18,2,9,5,1,7,9,1,10,2,14,,14,,1,21,121.5114298,25.0411906
113,5,20,17,46,2,05中正區,中正區博愛路與寶慶路口口,0,0,1,2,H03,8,5,5,50,4,2,1,5,4,5,13,2,1,9,4,5,1,9,1,54,3,10,4,5,8,20,8,20,10,17,,44,,1,21,121.5114298,25.0411906
113,5,20,17,46,2,05中正區,中正區博愛路與寶慶路口口,0,0,1,3,D01,8,5,5,50,4,2,1,5,4,5,13,2,1,9,4,5,1,9,1,30,3,10,7,1,7,5,1,12,9,17,,44,,2,29,121.5114298,25.0411906
113,5,20,17,59,2,07信義區,信義區和平東路3段341巷與和平東路3段391巷8弄口,0,0,2,1,C03,8,5,8,30,4,1,1,5,4,5,13,4,4,9,3,5,2,17,1,48,2,9,3,4,7,15,1,10,1,11,,44,,1,21,121.5570224,25.02097
113,5,20,17,59,2,07信義區,信義區和平東路3段341巷與和平東路3段391巷8弄口,0,0,2,2,C03,8,5,8,30,4,1,1,5,4,5,13,4,4,9,3,5,2,17,2,35,2,9,3,4,7,15,1,10,1,11,,72,,1,21,121.5570224,25.02097
113,5,20,18,5,2,05中正區,中正區忠孝東路2段與八德路1段口,0,0,1,1,B01,8,5,5,50,3,2,1,5,4,5,13,1,1,1,3,4,2,12,1,64,3,10,7,1,7,8,1,4,1,5,,100,,1,21,121.5289868,25.0434783
113,5,20,18,5,2,05中正區,中正區忠孝東路2段與八德路1段口,0,0,1,2,C03,8,5,5,50,3,2,1,5,4,5,13,1,1,1,3,4,2,12,1,64,2,7,6,1,7,9,1,10,1,14,,17,,1,21,121.5289868,25.0434783
113,5,20,18,5,2,05中正區,中正區忠孝東路2段與八德路1段口,0,0,1,3,B03,8,5,5,50,3,2,1,5,4,5,13,1,1,1,3,4,2,12,1,59,3,10,7,1,7,14,1,8,1,17,,38,,1,21,121.5289868,25.0434783
113,5,20,18,20,2,05中正區,中正區林森南路地下道,0,0,2,1,C03,8,5,5,50,14,9,1,5,4,5,13,4,4,10,4,5,1,17,2,24,2,8,5,1,7,9,1,10,1,11,,108,,1,21,121.5211934,25.0374386
113,5,20,18,20,2,05中正區,中正區林森南路地下道,0,0,2,2,C03,8,5,5,50,14,9,1,5,4,5,13,4,4,10,4,5,1,17,2,38,2,9,5,1,7,9,1,10,1,13,,44,,1,21,121.5211934,25.0374386
113,5,20,18,30,2,04大安區,大安區辛亥路1段與羅斯福路3段口,0,0,2,1,F01,7,5,5,0,22,20,4,5,4,5,13,4,4,10,5,5,2,9,1,16,2,9,4,4,7,9,8,20,9,11,,70,,2,21,121.5291543,25.0200823
113,5,20,18,30,2,04大安區,大安區辛亥路1段與羅斯福路3段口,0,0,2,2,H01,7,5,5,0,22,20,4,5,4,5,13,4,4,10,5,5,2,9,1,9,2,9,4,5,8,18,8,20,10,16,,67,,1,21,121.5291543,25.0200823
113,5,20,18,50,2,12內湖區,內湖區民權大橋,0,0,1,1,,7,5,5,50,8,9,1,5,4,5,13,4,4,2,4,5,1,29,4,0,,,,,,,,,,,,119,,2,,121.569666,25.0640174
113,5,20,18,50,2,12內湖區,內湖區民權大橋,0,0,1,2,C03,7,5,5,50,8,9,1,5,4,5,13,4,4,2,4,5,1,29,1,44,2,8,6,4,7,14,1,10,1,13,,44,,1,22,121.569666,25.0640174
113,5,20,18,57,2,05中正區,中正區忠孝東路1段與林森北路口,0,0,2,1,B01,8,5,5,50,4,1,1,5,4,5,13,1,1,1,4,1,2,12,1,61,3,10,7,1,7,9,1,8,1,5,,107,,1,21,121.5233094,25.0446991
113,5,20,18,57,2,05中正區,中正區忠孝東路1段與林森北路口,0,0,2,2,C03,8,5,5,50,4,1,1,5,4,5,13,1,1,1,4,1,2,12,1,53,2,9,5,1,7,9,1,10,1,14,,17,,1,21,121.5233094,25.0446991
113,5,20,18,57,2,05中正區,中正區忠孝東路1段與林森北路口,0,0,2,3,H02,8,5,5,50,4,1,1,5,4,5,13,1,1,1,4,1,2,12,2,55,2,9,5,5,7,21,8,20,10,16,,67,,1,21,121.5233094,25.0446991
113,5,20,19,22,2,01大同區,大同區民生西路239號,0,0,1,1,B01,7,5,5,50,14,9,1,5,4,5,13,4,4,5,4,5,2,17,1,53,3,10,7,4,7,12,1,4,1,3,,14,,1,21,121.5148379,25.0571577
113,5,20,19,22,2,01大同區,大同區民生西路239號,0,0,1,2,C03,7,5,5,50,14,9,1,5,4,5,13,4,4,5,4,5,2,17,1,19,3,10,5,4,7,9,1,10,1,11,,108,,1,21,121.5148379,25.0571577
113,5,20,19,22,2,01大同區,大同區民生西路239號,0,0,1,3,H02,7,5,5,50,14,9,1,5,4,5,13,4,4,5,4,5,2,17,2,18,2,8,5,5,7,20,8,20,10,16,,67,,1,21,121.5148379,25.0571577
113,5,20,19,31,2,06松山區,松山區光復南路與八德路4段口,0,0,1,1,C03,8,5,5,50,4,1,1,5,4,5,13,2,1,9,4,5,2,15,1,31,2,9,6,1,7,9,1,10,2,11,,79,,1,22,121.557955,25.0481797
113,5,20,19,31,2,06松山區,松山區光復南路與八德路4段口,0,0,1,2,E02,8,5,5,50,4,1,1,5,4,5,13,2,1,9,4,5,2,15,1,25,3,10,7,1,7,9,1,6,2,2,,44,,1,21,121.557955,25.0481797
113,5,20,20,20,2,05中正區,中正區中山南路與徐州路口,0,0,1,1,B03,8,5,5,50,3,2,1,5,4,5,13,1,1,1,4,5,2,17,1,63,3,10,7,1,7,5,1,8,2,8,,8,,1,21,121.5184273,25.0417831
113,5,20,20,20,2,05中正區,中正區中山南路與徐州路口,0,0,1,2,F01,8,5,5,50,3,2,1,5,4,5,13,1,1,1,4,5,2,17,2,29,2,9,4,1,7,9,8,20,2,12,,88,,1,21,121.5184273,25.0417831