發生年度,發生月,發生日,發生時-Hours,發生分,處理別-編號,區序,肇事地點,死亡人數,2-30日死亡人數,受傷人數,當事人序號,車種,天候,道路照明設備,道路類別,速限-速度限制,道路型態,事故位置,路面狀況1,路面狀況2,路面狀況3,道路障礙1,道路障礙2,號誌1,號誌2,車道劃分-分向,車道劃分-分道1,車道劃分-分道2,車道劃分-分道3,事故類型及型態,性別,年齡,受傷程度,主要傷處,保護裝置,行動電話,車輛用途,當事者行動狀態,駕駛資格情形,駕駛執照種類,飲酒情形,車輛撞擊部位1,車輛撞擊部位2,肇因碼-個別,肇因碼-主要,個人肇逃否,職業,座標-X,座標-Y
113,5,20,20,58,2,09北投區,北投區中和街與珠海路口,0,0,2,1,C03,8,5,5,50,4,2,1,5,4,5,13,2,1,8,3,5,2,17,2,60,2,8,5,1,7,5,3,18,1,14,,71,,1,21,121.5025465,25.13829582
113,5,20,20,58,2,09北投區,北投區中和街與珠海路口,0,0,2,2,C03,8,5,5,50,4,2,1,5,4,5,13,2,1,8,3,5,2,17,2,58,2,7,6,1,7,9,1,10,1,14,,44,,1,21,121.5025465,25.13829582
113,5,20,21,45,2,08士林區,士林區中山北路6段與中山北路6段277巷口,0,0,1,1,F01,8,5,5,50,3,2,1,5,4,5,13,4,4,1,4,5,2,13,1,15,2,9,4,4,7,9,8,20,2,11,,108,,1,21,121.5253375,25.1104366
113,5,20,21,45,2,08士林區,士林區中山北路6段與中山北路6段277巷口,0,0,1,2,B01,8,5,5,50,3,2,1,5,4,5,13,4,4,1,4,5,2,13,1,69,3,10,3,4,7,14,1,4,2,3,,38,,1,21,121.5253375,25.1104366
113,5,20,22,18,2,03中山區,中山區新生北路1段與吉林路22巷口,0,0,2,1,C03,8,5,5,50,3,2,1,5,4,5,13,4,4,1,5,5,2,12,2,44,2,8,6,1,7,7,1,10,1,12,,100,,1,21,121.5281592,25.05104273
113,5,20,22,18,2,03中山區,中山區新生北路1段與吉林路22巷口,0,0,2,2,C03,8,5,5,50,3,2,1,5,4,5,13,4,4,1,5,5,2,12,2,26,2,8,6,1,7,9,1,10,1,14,,44,,1,21,121.5281592,25.05104273
113,5,20,22,27,2,02萬華區,萬華區堤外便道北往南忠孝橋下（燈桿3011738）,0,0,1,1,C03,7,5,7,40,11,11,1,5,4,5,13,4,4,8,3,5,1,23,1,25,2,9,3,4,7,9,1,9,1,11,,17,,1,22,121.5055047,25.0492575
113,5,20,22,27,2,02萬華區,萬華區堤外便道北往南忠孝橋下（燈桿3011738）,0,0,1,3,C03,7,5,7,40,11,11,1,5,4,5,13,4,4,8,3,5,1,23,1,56,3,10,3,4,7,9,1,10,1,17,,44,,1,22,121.5055047,25.0492575
113,5,20,22,27,2,02萬華區,萬華區堤外便道北往南忠孝橋下（燈桿3011738）,0,0,1,2,,7,5,7,40,11,11,1,5,4,5,13,4,4,8,3,5,1,23,3,0,,,,,,,,,,,,67,,1,,121.5055047,25.0492575
113,5,20,23,3,2,03中山區,中山區新生北路2段與錦州街口,0,0,2,1,C03,6,5,5,50,3,1,1,4,4,5,13,4,4,1,4,5,2,16,2,34,3,10,6,1,7,6,1,10,1,17,,9,,1,21,121.5278452,25.060274
113,5,20,23,3,2,03中山區,中山區新生北路2段與錦州街口,0,0,2,2,C03,6,5,5,50,3,1,1,4,4,5,13,4,4,1,4,5,2,16,1,27,2,9,6,1,7,9,1,10,1,14,,44,,1,21,121.5278452,25.060274
113,5,20,23,3,2,03中山區,中山區新生北路2段與錦州街口,0,0,2,3,H02,6,5,5,50,3,1,1,4,4,5,13,4,4,1,4,5,2,16,2,25,2,9,6,5,7,21,8,20,10,16,,67,,1,21,121.5278452,25.060274
113,5,20,23,4,2,01大同區,大同區承德路3段34號,0,0,1,1,C03,7,5,5,50,14,9,1,5,4,5,13,4,4,1,3,5,1,12,1,41,3,10,3,4,7,9,1,10,2,12,,17,,1,21,121.5181955,25.0645984
113,5,20,23,4,2,01大同區,大同區承德路3段34號,0,0,1,2,C03,7,5,5,50,14,9,1,5,4,5,13,4,4,1,3,5,1,12,1,27,2,8,3,4,7,9,1,10,2,14,,17,,1,21,121.5181955,25.0645984
113,5,20,23,38,2,07信義區,信義區松壽路與松智路口,0,0,1,1,B01,7,5,5,50,4,1,1,4,4,5,13,2,1,8,3,5,2,17,1,39,3,10,3,4,7,15,1,8,1,2,,16,,1,21,121.5653274,25.0358885
113,5,20,23,38,2,07信義區,信義區松壽路與松智路口,0,0,1,2,F01,7,5,5,50,4,1,1,4,4,5,13,2,1,8,3,5,2,17,2,20,2,9,4,4,7,15,8,20,1,14,,44,,1,21,121.5653274,25.0358885
113,5,21,0,45,2,12內湖區,內湖區內湖路2段355巷與內湖路3段口,0,0,1,1,C03,6,5,5,30,4,1,1,4,4,5,13,4,4,5,5,5,2,17,2,48,2,9,6,1,7,9,1,10,1,11,,72,,1,21,121.5927479,25.08460518
113,5,21,0,45,2,12內湖區,內湖區內湖路2段355巷與內湖路3段口,0,0,1,2,B03,6,5,5,30,4,1,1,4,4,5,13,4,4,5,5,5,2,17,1,58,3,10,7,1,7,9,1,2,1,7,,44,,1,21,121.5927479,25.08460518
113,5,21,6,58,2,03中山區,中山區北安路與敬業二路口,0,0,2,1,C03,7,7,5,50,14,9,1,5,4,5,13,4,4,1,4,1,2,12,1,31,2,9,5,1,7,8,1,10,2,12,,100,,1,22,121.5543298,25.0851461
113,5,21,6,58,2,03中山區,中山區北安路與敬業二路口,0,0,2,2,C03,7,7,5,50,14,9,1,5,4,5,13,4,4,1,4,1,2,12,1,41,2,9,5,1,7,9,1,10,2,14,,17,,1,22,121.5543298,25.0851461
113,5,21,7,23,2,07信義區,信義區信義路6段77號,0,0,2,1,C03,7,7,5,50,14,9,1,4,4,5,13,4,4,9,4,5,2,12,2,41,2,9,5,1,7,7,1,10,9,14,,100,,1,21,121.5776636,25.0359301
113,5,21,7,23,2,07信義區,信義區信義路6段77號,0,0,2,2,B03,7,7,5,50,14,9,1,4,4,5,13,4,4,9,4,5,2,12,1,41,2,3,7,1,7,9,1,8,9,5,,44,,1,21,121.5776636,25.0359301
113,5,21,7,34,2,07信義區,信義區基隆路2段77號,0,0,1,1,A02,8,6,5,50,14,9,1,5,4,5,13,1,1,3,4,5,2,9,1,53,3,10,7,1,7,12,1,2,2,17,,42,,1,21,121.5576606,25.0297464
113,5,21,7,34,2,07信義區,信義區基隆路2段77號,0,0,1,2,H02,8,6,5,50,14,9,1,5,4,5,13,1,1,3,4,5,2,9,2,56,2,1,3,5,7,17,8,20,10,17,,58,,1,21,121.5576606,25.0297464
113,5,21,7,47,2,07信義區,信義區松德路與虎林街口,0,0,1,1,B03,6,7,5,50,4,1,1,4,4,5,13,1,1,9,4,4,2,16,1,34,3,10,7,1,7,5,1,8,2,2,,71,,1,21,121.5767843,25.038716
113,5,21,7,47,2,07信義區,信義區松德路與虎林街口,0,0,1,2,C03,6,7,5,50,4,1,1,4,4,5,13,1,1,9,4,4,2,16,1,63,2,9,5,1,7,9,1,10,2,11,,44,,1,21,121.5767843,25.038716
113,5,21,7,48,2,04大安區,大安區羅斯福路2段與和平東路1段口,0,0,3,1,C03,7,6,5,50,4,1,1,5,4,5,13,2,1,1,4,5,2,17,1,35,2,9,6,4,7,9,1,10,1,14,,99,,1,22,121.5226429,25.0270043
113,5,21,7,48,2,04大安區,大安區羅斯福路2段與和平東路1段口,0,0,3,2,C03,7,6,5,50,4,1,1,5,4,5,13,2,1,1,4,5,2,17,1,20,2,9,6,4,7,15,1,10,1,12,,100,,1,22,121.5226429,25.0270043
113,5,21,7,48,2,04大安區,大安區羅斯福路2段與和平東路1段口,0,0,3,3,H02,7,6,5,50,4,1,1,5,4,5,13,2,1,1,4,5,2,17,1,36,2,9,6,5,7,17,8,20,10,16,,67,,1,22,121.5226429,25.0270043
113,5,21,7,50,2,08士林區,士林區大南路與小西街口,0,0,2,1,C03,7,7,5,30,4,1,1,5,4,5,13,4,4,10,5,5,1,17,1,45,2,8,5,1,7,9,1,10,1,11,,72,,1,21,121.5233286,25.08980222
113,5,21,7,50,2,08士林區,士林區大南路與小西街口,0,0,2,2,C03,7,7,5,30,4,1,1,5,4,5,13,4,4,10,5,5,1,17,2,55,2,3,6,1,7,9,1,10,1,14,,14,,1,21,121.5233286,25.08980222
113,5,21,8,1,2,05中正區,中正區貴陽街1段往東(北一女)旁,0,0,3,1,C03,8,5,5,50,14,9,1,5,4,5,13,4,4,5,4,5,1,17,1,33,2,9,5,1,7,9,1,10,1,11,,108,,1,21,121.5146168,25.0386272
113,5,21,8,1,2,05中正區,中正區貴陽街1段往東(北一女)旁,0,0,3,2,C03,8,5,5,50,14,9,1,5,4,5,13,4,4,5,4,5,1,17,1,50,2,9,5,1,7,9,1,10,1,13,,14,,1,21,121.5146168,25.0386272
113,5,21,8,1,2,05中正區,中正區貴陽街1段往東(北一女)旁,0,0,3,3,C03,8,5,5,50,14,9,1,5,4,5,13,4,4,5,4,5,1,17,1,46,2,9,5,1,7,9,1,10,1,14,,44,,1,21,121.5146168,25.0386272
113,5,21,8,1,2,05中正區,中正區貴陽街1段往東(北一女)旁,0,0,3,4,C03,8,5,5,50,14,9,1,5,4,5,13,4,4,5,4,5,1,17,1,35,3,10,5,1,7,9,1,10,11,11,,16,,2,21,121.5146168,25.0386272
113,5,21,8,10,2,10文山區,文山區景華街與景華街121巷口,0,0,2,1,C03,8,6,8,30,3,1,1,5,4,5,13,4,4,10,5,5,2,16,2,20,2,9,6,1,7,5,1,10,1,14,,8,,1,21,121.5471798,24.995976
113,5,21,8,10,2,10文山區,文山區景華街與景華街121巷口,0,0,2,2,C03,8,6,8,30,3,1,1,5,4,5,13,4,4,10,5,5,2,16,1,68,2,9,6,1,7,9,1,10,1,12,,5,,1,21,121.5471798,24.995976
113,5,21,8,17,2,08士林區,士林區承德路5段55號兒童新樂園門口(士商路側),0,0,1,1,C03,8,6,5,50,11,9,1,5,4,5,13,3,1,10,4,5,1,9,1,24,3,10,6,1,7,5,1,9,1,11,,70,,1,21,121.5154199,25.0963651
113,5,21,8,17,2,08士林區,士林區承德路5段55號兒童新樂園門口(士商路側),0,0,1,2,H01,8,6,5,50,11,9,1,5,4,5,13,3,1,10,4,5,1,9,2,58,2,9,4,5,8,16,8,20,10,16,,67,,1,21,121.5154199,25.0963651
113,5,21,8,20,2,03中山區,中山區大佳河濱公園9號水門,0,0,1,1,B03,7,7,5,50,3,1,1,5,4,5,13,4,4,9,4,5,2,11,1,57,3,10,7,1,7,1,1,8,3,2,,8,,1,22,121.5496392,25.05587685
113,5,21,8,20,2,03中山區,中山區大佳河濱公園9號水門,0,0,1,2,C03,7,7,5,50,3,1,1,5,4,5,13,4,4,9,4,5,2,11,1,39,2,9,5,1,7,9,1,10,2,11,,44,,1,22,121.5496392,25.05587685
113,5,21,8,38,2,12內湖區,內湖區內湖路2段103巷119弄66號,0,0,1,1,B01,6,5,8,50,14,9,1,4,4,5,13,4,4,5,4,5,2,13,1,68,3,10,7,1,7,7,1,4,2,3,,100,,1,21,121.5817815,25.0845103
113,5,21,8,38,2,12內湖區,內湖區內湖路2段103巷119弄66號,0,0,1,2,C03,6,5,8,50,14,9,1,4,4,5,13,4,4,5,4,5,2,13,1,34,2,9,5,1,7,9,1,9,2,11,,44,,1,21,121.5817815,25.0845103
113,5,21,8,50,2,12內湖區,內湖區康寧路3段16巷與康寧路3段26巷口,0,0,1,1,C03,6,6,5,30,4,1,1,4,4,5,13,4,4,10,5,5,2,15,2,21,3,10,6,1,7,9,1,10,1,12,,14,,1,21,121.6077712,25.07173003
113,5,21,8,50,2,12內湖區,內湖區康寧路3段16巷與康寧路3段26巷口,0,0,1,2,C03,6,6,5,30,4,1,1,4,4,5,13,4,4,10,5,5,2,15,2,47,2,6,5,1,7,9,1,10,1,11,,108,,1,21,121.6077712,25.07173003
113,5,21,8,53,2,11南港區,南港區研究院路1段與研究院路1段151巷口,0,0,1,1,C03,6,6,5,50,4,1,1,4,4,5,13,1,1,1,4,5,2,16,1,22,2,9,5,1,7,5,1,10,1,14,,103,,1,22,121.6158092,25.0491445
113,5,21,8,53,2,11南港區,南港區研究院路1段與研究院路1段151巷口,0,0,1,2,B03,6,6,5,50,4,1,1,4,4,5,13,1,1,1,4,5,2,16,1,37,3,10,7,1,7,9,1,8,1,5,,44,,1,22,121.6158092,25.0491445
113,5,21,8,56,2,03中山區,中山區南京東路2段140號,0,0,1,1,C03,8,6,5,50,14,9,1,5,4,5,13,4,4,1,5,5,1,13,2,25,2,9,3,4,7,9,1,10,1,11,,16,,1,21,121.534428,25.0518446
113,5,21,8,56,2,03中山區,中山區南京東路2段140號,0,0,1,2,B01,8,6,5,50,14,9,1,5,4,5,13,4,4,1,5,5,1,13,1,50,3,10,3,4,7,9,1,4,1,3,,44,,1,21,121.534428,25.0518446
113,5,21,9,0,2,06松山區,松山區長安東路2段與復興北路口,0,0,1,1,C03,7,6,5,50,4,2,1,5,4,5,13,1,1,5,4,5,2,13,1,35,3,10,5,1,7,9,1,10,1,11,,107,,1,21,121.5444715,25.0482759
113,5,21,9,0,2,06松山區,松山區長安東路2段與復興北路口,0,0,1,2,C03,7,6,5,50,4,2,1,5,4,5,13,1,1,5,4,5,2,13,2,32,2,9,5,1,7,9,1,10,1,13,,44,,1,21,121.5444715,25.0482759
113,5,21,9,0,2,06松山區,松山區長安東路2段與復興北路口,0,0,1,3,C03,7,6,5,50,4,2,1,5,4,5,13,1,1,5,4,5,2,13,1,35,4,11,3,4,7,7,1,10,11,15,,100,,2,22,121.5444715,25.0482759
113,5,21,9,5,2,10文山區,文山區木柵路4段與木柵路4段33巷口口,0,0,1,1,C03,7,6,5,50,3,1,1,4,3,5,13,2,1,5,4,5,2,18,1,40,2,9,6,1,7,5,1,9,2,14,,44,,1,23,121.5715584,24.9940436
113,5,21,9,5,2,10文山區,文山區木柵路4段與木柵路4段33巷口口,0,0,1,2,,7,6,5,50,3,1,1,4,3,5,13,2,1,5,4,5,2,18,3,0,,,,,,,,,,,,67,,1,,121.5715584,24.9940436
113,5,21,9,23,2,03中山區,中山區錦西街與民生西路3巷口,0,0,1,1,B03,7,7,5,30,4,1,1,5,4,5,13,4,4,10,5,5,2,15,2,68,3,10,7,1,7,15,1,8,1,8,,72,,1,22,121.5219504,25.0602952
113,5,21,9,23,2,03中山區,中山區錦西街與民生西路3巷口,0,0,1,2,C03,7,7,5,30,4,1,1,5,4,5,13,4,4,10,5,5,2,15,2,43,2,9,5,1,7,9,1,9,1,12,,44,,1,22,121.5219504,25.0602952
113,5,21,9,50,2,01大同區,大同區民權西路144巷與民權西路160巷26弄口,0,0,1,1,B03,7,6,5,30,4,1,1,5,4,5,13,3,1,10,5,5,2,17,1,36,3,10,7,1,7,9,1,8,1,1,,84,,1,21,121.5159315,25.0616184
113,5,21,9,50,2,01大同區,大同區民權西路144巷與民權西路160巷26弄口,0,0,1,2,C03,7,6,5,30,4,1,1,5,4,5,13,3,1,10,5,5,2,17,1,24,2,9,6,1,7,9,1,10,1,12,,44,,1,21,121.5159315,25.0616184
113,5,21,10,0,2,10文山區,文山區景華街128巷與景華街128巷2弄口,0,0,2,1,B01,8,6,5,30,4,1,1,5,4,5,13,4,4,10,5,5,2,15,1,33,3,10,7,1,7,9,1,4,1,4,,80,,1,21,121.5473448,24.9954276
113,5,21,10,0,2,10文山區,文山區景華街128巷與景華街128巷2弄口,0,0,2,2,C03,8,6,5,30,4,1,1,5,4,5,13,4,4,10,5,5,2,15,2,38,2,8,6,1,7,9,1,10,1,11,,60,,1,21,121.5473448,24.9954276
113,5,21,10,0,2,10文山區,文山區景華街128巷與景華街128巷2弄口,0,0,2,3,H02,8,6,5,30,4,1,1,5,4,5,13,4,4,10,5,5,2,15,2,3,2,1,6,5,7,21,8,20,10,16,,67,,1,24,121.5473448,24.9954276
113,5,21,10,11,2,02萬華區,萬華區堤外便道接水源快速道路匝道,0,0,1,1,B03,7,6,5,50,3,1,1,5,4,5,13,4,4,9,5,5,2,16,2,49,3,10,3,4,7,11,1,8,1,2,,42,,1,22,121.4983461,25.0161741
113,5,21,10,11,2,02萬華區,萬華區堤外便道接水源快速道路匝道,0,0,1,2,C03,7,6,5,50,3,1,1,5,4,5,13,4,4,9,5,5,2,16,1,47,2,3,3,4,7,9,1,10,1,14,,44,,1,22,121.4983461,25.0161741
113,5,21,10,25,2,03中山區,中山區民族西路與中山北路3段口,0,0,1,1,C03,8,6,5,50,4,1,1,5,4,5,13,1,1,1,4,1,2,12,1,24,3,10,5,1,7,9,1,10,1,14,,107,,1,22,121.5228097,25.068488
113,5,21,10,25,2,03中山區,中山區民族西路與中山北路3段口,0,0,1,2,C03,8,6,5,50,4,1,1,5,4,5,13,1,1,1,4,1,2,12,2,58,2,9,5,1,7,9,1,10,1,12,,44,,1,22,121.5228097,25.068488
113,5,21,10,25,2,09北投區,北投區行義路與泉源路口,0,0,2,1,B03,7,7,5,50,4,1,1,4,4,5,13,1,1,5,5,5,1,17,2,65,3,10,7,1,7,6,1,8,1,17,,71,,1,22,121.526852,25.14391332
113,5,21,10,25,2,09北投區,北投區行義路與泉源路口,0,0,2,2,C03,7,7,5,50,4,1,1,4,4,5,13,1,1,5,5,5,1,17,1,30,2,9,5,1,7,9,1,10,1,12,,44,,1,22,121.526852,25.14391332
113,5,21,10,25,2,09北投區,北投區行義路與泉源路口,0,0,2,3,H02,7,7,5,50,4,1,1,4,4,5,13,1,1,5,5,5,1,17,2,29,2,7,5,5,7,20,8,20,10,16,,67,,1,22,121.526852,25.14391332
113,5,21,10,30,2,11南港區,南港區三重路與三重路41巷口,0,0,1,1,B12,6,6,5,30,3,1,1,4,4,5,13,4,4,5,4,5,2,16,1,58,3,10,3,4,7,5,1,7,1,8,,74,,1,22,121.614609,25.0598885
113,5,21,10,30,2,11南港區,南港區三重路與三重路41巷口,0,0,1,2,C03,6,6,5,30,3,1,1,4,4,5,13,4,4,5,4,5,2,16,1,52,2,9,3,4,7,9,1,10,1,11,,44,,1,22,121.614609,25.0598885
113,5,21,10,40,2,10文山區,文山區木柵路3段與木新路1段口,0,0,1,1,C01,7,5,5,50,3,2,1,4,4,5,13,2,1,10,5,5,1,13,1,28,2,9,6,1,7,9,1,9,1,11,,16,,1,21,121.5706794,24.9904951
113,5,21,10,40,2,10文山區,文山區木柵路3段與木新路1段口,0,0,1,2,B01,7,5,5,50,3,2,1,4,4,5,13,2,1,10,5,5,1,13,1,65,3,10,7,1,7,9,1,4,1,6,,44,,1,21,121.5706794,24.9904951
113,5,21,11,15,2,04大安區,大安區基隆路3段與長興街口,0,0,1,2,,8,6,5,50,4,2,1,5,4,5,13,1,1,10,4,5,2,29,3,0,,,,,,,,,,,,67,,1,,121.5445064,25.0172603
113,5,21,11,15,2,04大安區,大安區基隆路3段與長興街口,0,0,1,1,C03,8,6,5,50,4,2,1,5,4,5,13,1,1,10,4,5,2,29,2,26,2,9,6,1,7,9,1,10,1,12,,44,,1,21,121.5445064,25.0172603
113,5,21,11,29,2,02萬華區,萬華區和平西路3段與和平西路3段286巷口,0,0,1,1,B03,8,5,5,50,4,1,1,5,4,5,13,4,4,9,5,4,2,16,1,75,3,10,7,1,7,5,1,8,1,8,,44,,1,21,121.4949498,25.0353435
113,5,21,11,29,2,02萬華區,萬華區和平西路3段與和平西路3段286巷口,0,0,1,2,C03,8,5,5,50,4,1,1,5,4,5,13,4,4,9,5,4,2,16,2,71,2,9,5,1,7,9,1,10,1,11,,14,,1,21,121.4949498,25.0353435
113,5,21,11,40,2,04大安區,大安區市民大道4段與延吉街口口,0,0,1,1,B03,8,6,5,50,4,2,1,4,4,5,13,2,1,1,3,5,1,17,1,76,3,10,3,4,7,15,1,8,2,5,,81,,1,21,121.5544092,25.0442255
113,5,21,11,40,2,04大安區,大安區市民大道4段與延吉街口口,0,0,1,2,C03,8,6,5,50,4,2,1,4,4,5,13,2,1,1,3,5,1,17,2,40,2,9,3,4,7,15,1,10,2,11,,13,,1,21,121.5544092,25.0442255
113,5,21,12,0,2,11南港區,南港區福德街310巷與成福路178巷口,0,0,1,1,C03,6,7,5,30,3,2,1,4,4,5,13,4,4,9,5,5,2,17,1,38,2,7,6,4,7,9,1,10,1,17,,44,,1,21,121.5868026,25.0416378
113,5,21,12,0,2,11南港區,南港區福德街310巷與成福路178巷口,0,0,1,2,B03,6,7,5,30,3,2,1,4,4,5,13,4,4,9,5,5,2,17,1,48,3,10,3,4,7,5,1,8,1,17,,80,,1,21,121.5868026,25.0416378
113,5,21,12,10,2,08士林區,士林區天母西路38巷與中山北路6段405巷口,0,0,1,1,C03,6,6,5,50,4,2,1,4,4,5,13,4,4,9,5,5,2,17,2,34,2,8,6,1,7,15,1,10,1,12,,42,,1,22,121.526087,25.1180619
113,5,21,12,10,2,08士林區,士林區天母西路38巷與中山北路6段405巷口,0,0,1,2,B12,6,6,5,50,4,2,1,4,4,5,13,4,4,9,5,5,2,17,1,22,3,10,7,1,7,6,1,4,1,2,,42,,1,22,121.526087,25.1180619
113,5,21,12,27,2,07信義區,信義區吳興街220巷與信安街67巷口,0,0,1,1,C03,8,7,5,30,3,2,1,5,4,5,13,2,1,9,5,5,2,18,2,73,2,9,5,1,7,9,1,10,1,12,,22,,1,21,121.5606948,25.0258288
113,5,21,12,27,2,07信義區,信義區吳興街220巷與信安街67巷口,0,0,1,2,,8,7,5,30,3,2,1,5,4,5,13,2,1,9,5,5,2,18,3,0,,,,,,,,,,,,67,,1,,121.5606948,25.0258288
113,5,21,12,30,2,07信義區,信義區基隆路1段與基隆路1段102巷口,0,0,2,3,H02,7,6,5,50,3,1,1,5,4,5,13,4,4,3,4,5,2,17,2,68,2,8,6,5,7,20,8,20,10,17,,60,,1,21,121.5668409,25.0453935
113,5,21,12,30,2,07信義區,信義區基隆路1段與基隆路1段102巷口,0,0,2,1,B03,7,6,5,50,3,1,1,5,4,5,13,4,4,3,4,5,2,17,2,53,3,10,7,1,7,6,1,8,1,17,,9,,1,21,121.5668409,25.0453935
113,5,21,12,30,2,07信義區,信義區基隆路1段與基隆路1段102巷口,0,0,2,2,C03,7,6,5,50,3,1,1,5,4,5,13,4,4,3,4,5,2,17,1,70,2,9,6,1,7,9,1,10,1,17,,44,,1,21,121.5668409,25.0453935
113,5,21,12,35,2,08士林區,士林區文昌路154巷與文林路587巷口,0,0,2,1,F02,6,6,5,30,3,1,1,4,4,5,13,4,4,10,5,5,2,17,1,45,2,9,4,1,7,15,8,20,2,14,,100,,1,22,121.521198,25.09803329
113,5,21,12,35,2,08士林區,士林區文昌路154巷與文林路587巷口,0,0,2,2,C03,6,6,5,30,3,1,1,4,4,5,13,4,4,10,5,5,2,17,2,21,2,9,6,1,7,9,1,10,1,11,,108,,1,22,121.521198,25.09803329
113,5,21,13,5,2,06松山區,松山區八德路4段與南京東路5段66巷22弄口,0,0,2,2,H01,6,6,5,50,3,1,1,4,4,5,13,4,4,5,4,5,2,3,1,36,2,8,4,5,8,16,8,20,1,16,,67,,1,22,121.5594025,25.048339
113,5,21,13,5,2,06松山區,松山區八德路4段與南京東路5段66巷22弄口,0,0,2,1,F02,6,6,5,50,3,1,1,4,4,5,13,4,4,5,4,5,2,3,2,64,2,8,4,1,7,9,8,20,1,11,,70,,1,22,121.5594025,25.048339
113,5,21,13,20,2,12內湖區,內湖區基湖路39號,0,0,1,1,B03,6,5,5,50,14,9,1,4,4,5,13,4,4,5,4,5,2,13,1,41,3,10,7,1,7,9,1,4,1,1,,108,,1,21,121.5663112,25.0794977
113,5,21,13,20,2,12內湖區,內湖區基湖路39號,0,0,1,2,B03,6,5,5,50,14,9,1,4,4,5,13,4,4,5,4,5,2,13,1,49,2,2,7,1,7,14,1,4,1,3,,44,,1,21,121.5663112,25.0794977
113,5,21,13,33,2,04大安區,大安區基隆路3段與辛亥路3段口口,0,0,1,1,B12,8,6,5,50,4,1,1,4,4,5,13,2,1,1,3,5,1,17,1,43,3,10,3,4,7,15,1,8,1,4,,44,,1,21,121.5477316,25.0193153
113,5,21,13,33,2,04大安區,大安區基隆路3段與辛亥路3段口口,0,0,1,2,C03,8,6,5,50,4,1,1,4,4,5,13,2,1,1,3,5,1,17,1,24,2,9,3,4,7,15,1,10,1,12,,44,,1,21,121.5477316,25.0193153
113,5,21,13,50,2,03中山區,中山區民生東路1段23巷與林森北路口,0,0,1,1,B03,7,6,5,50,4,1,1,5,4,5,13,1,1,5,4,5,2,17,1,24,2,9,7,1,7,5,1,8,1,8,,8,,1,22,121.5255393,25.0592447
113,5,21,13,50,2,03中山區,中山區民生東路1段23巷與林森北路口,0,0,1,2,C03,7,6,5,50,4,1,1,5,4,5,13,1,1,5,4,5,2,17,4,0,,,,,,,,,,,,108,,2,,121.5255393,25.0592447
113,5,21,14,23,2,03中山區,中山區北安路586號與北安路588巷口,0,0,1,1,B03,6,7,5,50,4,1,1,4,4,5,13,1,1,3,4,5,2,13,2,55,3,10,7,1,7,9,1,8,1,1,,16,,1,22,121.5486362,25.08122971
113,5,21,14,23,2,03中山區,中山區北安路586號與北安路588巷口,0,0,1,2,C01,6,7,5,50,4,1,1,4,4,5,13,1,1,3,4,5,2,13,1,21,2,8,5,1,7,5,1,9,1,13,,44,,1,22,121.5486362,25.08122971
113,5,21,14,35,2,02萬華區,萬華區環河南路1段58號,0,0,2,1,H01,8,7,5,50,14,9,1,5,4,5,13,4,4,5,4,5,2,3,1,69,2,9,4,5,8,18,8,20,10,16,,121,,1,21,121.5055743,25.04823859
113,5,21,14,35,2,02萬華區,萬華區環河南路1段58號,0,0,2,2,C03,8,7,5,50,14,9,1,5,4,5,13,4,4,5,4,5,2,3,1,30,2,9,5,1,7,9,1,11,1,11,,44,,1,21,121.5055743,25.04823859
113,5,21,15,7,2,04大安區,大安區文昌街與通化街口,0,0,1,1,B02,7,6,5,50,4,1,1,5,4,5,13,1,1,4,5,5,2,17,1,31,3,10,7,1,7,11,1,8,1,4,,10,,1,21,121.5542842,25.0324037
113,5,21,15,7,2,04大安區,大安區文昌街與通化街口,0,0,1,2,C03,7,6,5,50,4,1,1,5,4,5,13,1,1,4,5,5,2,17,2,64,2,9,5,1,7,9,1,10,1,11,,108,,1,21,121.5542842,25.0324037
113,5,21,15,35,2,03中山區,中山區長安東路2段與建國北路1段口,0,0,1,1,C03,8,7,5,50,4,1,1,5,4,5,13,2,1,9,4,5,2,17,2,24,2,9,5,1,7,5,3,18,1,14,,16,,1,21,121.536548,25.0484023
113,5,21,15,35,2,03中山區,中山區長安東路2段與建國北路1段口,0,0,1,2,B03,8,7,5,50,4,1,1,5,4,5,13,2,1,9,4,5,2,17,2,52,3,10,7,1,7,9,1,8,1,2,,16,,1,21,121.536548,25.0484023
113,5,21,16,49,2,09北投區,北投區中央南路1段與光明路口,0,0,1,1,B02,6,5,5,50,5,2,1,5,4,5,13,3,1,9,4,5,2,3,1,47,3,10,7,1,7,5,1,8,1,1,,70,,1,21,121.5014914,25.1330989
113,5,21,16,49,2,09北投區,北投區中央南路1段與光明路口,0,0,1,2,H01,6,5,5,50,5,2,1,5,4,5,13,3,1,9,4,5,2,3,2,36,2,9,4,5,8,16,8,20,10,16,,67,,1,21,121.5014914,25.1330989
113,5,21,17,12,2,12內湖區,內湖區文德路218號(內湖高中),0,0,1,1,B03,6,6,5,40,14,8,1,4,4,5,13,4,4,1,4,4,2,17,2,55,3,10,7,1,7,1,1,8,1,17,,19,,1,21,121.5868083,25.0785314
113,5,21,17,12,2,12內湖區,內湖區文德路218號(內湖高中),0,0,1,2,C03,6,6,5,40,14,8,1,4,4,5,13,4,4,1,4,4,2,17,1,44,2,9,6,1,7,9,1,10,1,17,,42,,1,21,121.5868083,25.0785314
113,5,21,17,36,2,07信義區,信義區基隆路1段35巷7弄與松信路口,0,0,1,1,B03,6,5,5,50,3,2,1,4,4,5,13,1,1,5,5,4,2,17,1,39,3,10,3,4,7,11,1,8,1,17,,98,,1,22,121.5722069,25.0478263