發生年度,發生月,發生日,發生時-Hours,發生分,處理別-編號,區序,肇事地點,死亡人數,2-30日死亡人數,受傷人數,當事人序號,車種,天候,道路照明設備,道路類別,速限-速度限制,道路型態,事故位置,路面狀況1,路面狀況2,路面狀況3,道路障礙1,道路障礙2,號誌1,號誌2,車道劃分-分向,車道劃分-分道1,車道劃分-分道2,車道劃分-分道3,事故類型及型態,性別,年齡,受傷程度,主要傷處,保護裝置,行動電話,車輛用途,當事者行動狀態,駕駛資格情形,駕駛執照種類,飲酒情形,車輛撞擊部位1,車輛撞擊部位2,肇因碼-個別,肇因碼-主要,個人肇逃否,職業,座標-X,座標-Y
113,5,21,17,36,2,07信義區,信義區基隆路1段35巷7弄與松信路口,0,0,1,2,C03,6,5,5,50,3,2,1,4,4,5,13,1,1,5,5,4,2,17,1,27,2,8,3,4,7,9,1,10,1,17,,44,,1,22,121.5722069,25.0478263
113,5,21,17,58,2,07信義區,信義區莊敬路與松勤街口,0,0,1,1,C03,6,5,5,50,4,2,1,4,4,5,13,2,1,5,2,5,2,17,2,26,2,9,5,1,7,8,1,10,1,12,,100,,1,22,121.5612729,25.0320498
113,5,21,17,58,2,07信義區,信義區莊敬路與松勤街口,0,0,1,2,B03,6,5,5,50,4,2,1,4,4,5,13,2,1,5,2,5,2,17,2,32,3,10,7,1,7,9,1,8,1,4,,44,,1,22,121.5612729,25.0320498
113,5,21,18,3,2,10文山區,文山區信義快速道路(文山隧道往信義),0,0,3,1,A05,6,5,5,70,6,7,2,4,4,5,13,4,4,10,2,5,1,36,1,60,3,10,3,4,3,9,1,2,2,8,,42,,1,21,121.5780624,25.02109538
113,5,21,18,3,2,10文山區,文山區信義快速道路(文山隧道往信義),0,0,3,2,,6,5,5,70,6,7,2,4,4,5,13,4,4,10,2,5,1,36,3,0,,,,,,,,,,,,67,,1,,121.5780624,25.02109538
113,5,21,18,3,2,10文山區,文山區信義快速道路(文山隧道往信義),0,0,3,3,H02,6,5,5,70,6,7,2,4,4,5,13,4,4,10,2,5,1,36,2,14,2,7,3,5,7,20,8,20,10,16,,60,,1,15,121.5780624,25.02109538
113,5,21,18,3,2,10文山區,文山區信義快速道路(文山隧道往信義),0,0,3,4,H02,6,5,5,70,6,7,2,4,4,5,13,4,4,10,2,5,1,36,2,18,2,1,3,5,7,20,8,20,10,16,,60,,1,16,121.5780624,25.02109538
113,5,21,18,3,2,10文山區,文山區信義快速道路(文山隧道往信義),0,0,3,5,H02,6,5,5,70,6,7,2,4,4,5,13,4,4,10,2,5,1,36,1,16,2,9,3,5,7,20,8,20,10,16,,60,,1,16,121.5780624,25.02109538
113,5,21,18,15,2,05中正區,中正區青島東路8號,0,0,1,1,B03,6,5,5,50,14,8,1,4,4,5,13,4,4,9,5,4,2,14,1,48,3,10,7,1,7,2,1,8,2,6,,10,,1,21,121.5219095,25.0438453
113,5,21,18,15,2,05中正區,中正區青島東路8號,0,0,1,2,C03,6,5,5,50,14,8,1,4,4,5,13,4,4,9,5,4,2,14,1,47,2,8,5,1,7,14,1,10,2,12,,44,,1,21,121.5219095,25.0438453
113,5,21,18,47,2,08士林區,士林區福林路與福林路251巷口,0,0,1,1,B02,6,5,5,50,3,2,1,4,4,5,13,4,4,5,4,5,2,17,1,40,3,10,3,4,7,8,1,8,1,8,,100,,1,21,121.5352777,25.0985428
113,5,21,18,47,2,08士林區,士林區福林路與福林路251巷口,0,0,1,2,C03,6,5,5,50,3,2,1,4,4,5,13,4,4,5,4,5,2,17,2,61,2,9,3,4,7,9,6,11,1,12,,44,,1,21,121.5352777,25.0985428
113,5,21,19,2,2,12內湖區,內湖區文德路214號,0,0,2,1,C03,6,5,5,50,14,7,1,4,4,5,13,4,4,1,4,4,2,13,2,26,2,9,6,1,7,12,1,10,1,11,,16,,1,22,121.584665,25.0784777
113,5,21,19,2,2,12內湖區,內湖區文德路214號,0,0,2,2,C03,6,5,5,50,14,7,1,4,4,5,13,4,4,1,4,4,2,13,2,38,2,9,6,1,7,12,1,10,1,13,,44,,1,22,121.584665,25.0784777
113,5,21,19,2,2,12內湖區,內湖區文德路214號,0,0,2,3,B03,6,5,5,50,14,7,1,4,4,5,13,4,4,1,4,4,2,13,1,39,3,10,3,4,7,1,1,8,9,17,,19,,1,22,121.584665,25.0784777
113,5,21,19,6,2,05中正區,中正區牯嶺街與廈門街113巷口,0,0,1,2,H01,7,5,5,30,4,1,1,4,4,5,13,2,1,10,5,5,2,1,2,29,2,7,4,5,8,16,8,20,10,16,,67,,1,22,121.5189525,25.0233824
113,5,21,19,6,2,05中正區,中正區牯嶺街與廈門街113巷口,0,0,1,1,B03,7,5,5,30,4,1,1,4,4,5,13,2,1,10,5,5,2,1,2,46,3,10,7,1,7,5,1,8,9,1,,70,,1,22,121.5189525,25.0233824
113,5,21,19,10,2,03中山區,中山區建國高架道長安東匝道,0,0,2,1,B03,6,5,5,70,10,7,1,4,4,5,13,4,4,1,4,5,2,12,1,35,2,3,3,4,7,9,1,8,2,8,,44,,1,21,121.5368324,25.04717479
113,5,21,19,10,2,03中山區,中山區建國高架道長安東匝道,0,0,2,2,C02,6,5,5,70,10,7,1,4,4,5,13,4,4,1,4,5,2,12,1,31,2,9,5,4,7,7,1,9,2,14,,100,,1,21,121.5368324,25.04717479
113,5,21,19,15,2,07信義區,信義區吳興街361巷與莊敬路口,0,0,1,1,B03,6,5,5,30,3,1,1,4,4,5,13,4,4,9,4,5,2,16,1,40,3,10,3,4,7,5,1,8,1,5,,72,,1,21,121.5678295,25.0268395
113,5,21,19,15,2,07信義區,信義區吳興街361巷與莊敬路口,0,0,1,2,C03,6,5,5,30,3,1,1,4,4,5,13,4,4,9,4,5,2,16,2,43,2,8,3,4,7,9,1,10,1,11,,44,,1,21,121.5678295,25.0268395
113,5,21,19,31,2,07信義區,信義區基隆路2段52號,0,0,1,1,B01,6,5,8,50,22,22,1,4,4,5,13,4,4,1,4,5,2,17,1,57,3,10,2,1,7,8,1,4,1,17,,100,,1,22,121.5585014,25.0313564
113,5,21,19,31,2,07信義區,信義區基隆路2段52號,0,0,1,2,C03,6,5,8,50,22,22,1,4,4,5,13,4,4,1,4,5,2,17,2,41,2,9,6,1,7,9,1,10,1,12,,44,,1,22,121.5585014,25.0313564
113,5,21,20,0,2,10文山區,文山區興隆路4段與興隆路4段66巷口,0,0,1,1,C03,6,5,5,50,14,9,1,4,4,5,13,4,4,1,4,1,2,16,1,26,2,9,6,1,7,9,1,10,1,11,12,118,,1,21,121.5615585,24.98483182
113,5,21,20,0,2,10文山區,文山區興隆路4段與興隆路4段66巷口,0,0,1,2,B03,6,5,5,50,14,9,1,4,4,5,13,4,4,1,4,1,2,16,1,53,3,10,7,1,7,9,1,8,1,7,,118,,1,21,121.5615585,24.98483182
113,5,21,21,11,2,06松山區,松山區南京東路3段與南京東路3段303巷口,0,0,1,1,C03,7,5,5,50,3,2,1,5,4,5,13,1,1,1,3,4,2,13,1,50,2,9,6,1,7,9,1,10,1,11,,16,,1,21,121.5468592,25.0518941
113,5,21,21,11,2,06松山區,松山區南京東路3段與南京東路3段303巷口,0,0,1,2,B03,7,5,5,50,3,2,1,5,4,5,13,1,1,1,3,4,2,13,1,52,3,10,3,4,7,9,1,8,1,7,,44,,1,21,121.5468592,25.0518941
113,5,21,22,30,2,01大同區,大同區南京西路與太原路口,0,0,1,1,B03,8,5,5,50,4,1,1,4,4,5,13,2,1,9,4,5,2,16,1,25,3,10,7,1,7,5,1,8,2,6,,71,,1,21,121.5161145,25.0537019
113,5,21,22,30,2,01大同區,大同區南京西路與太原路口,0,0,1,2,C03,8,5,5,50,4,1,1,4,4,5,13,2,1,9,4,5,2,16,1,25,2,9,5,1,7,9,3,18,2,11,,13,,1,21,121.5161145,25.0537019
113,5,21,22,45,2,07信義區,信義區忠孝東路5段與中坡南路口,0,0,1,1,C03,8,5,5,50,4,2,1,5,4,5,13,2,1,1,2,5,2,13,2,27,2,9,6,1,7,9,1,10,1,11,,118,,1,22,121.58191,25.0440157
113,5,21,22,45,2,07信義區,信義區忠孝東路5段與中坡南路口,0,0,1,2,C03,8,5,5,50,4,2,1,5,4,5,13,2,1,1,2,5,2,13,1,60,3,10,5,1,7,9,1,10,1,13,,44,,1,22,121.58191,25.0440157
113,5,21,23,46,2,03中山區,中山區錦西街與中山北路2段口,0,0,1,1,B01,7,5,5,50,4,1,1,5,4,5,13,2,1,1,4,5,2,3,1,39,3,10,7,1,7,5,1,4,1,1,,70,,1,22,121.5229389,25.0602257
113,5,21,23,46,2,03中山區,中山區錦西街與中山北路2段口,0,0,1,2,H01,7,5,5,50,4,1,1,5,4,5,13,2,1,1,4,5,2,3,2,48,2,9,4,5,8,16,8,20,10,16,,67,,1,22,121.5229389,25.0602257
113,5,22,0,30,2,01大同區,大同區鄭州路與環河北路1段口,0,0,2,1,C03,7,5,5,40,5,1,1,5,4,5,13,2,1,5,4,5,2,17,1,23,2,7,5,4,7,9,1,9,1,11,,81,,1,21,121.5058801,25.0506004
113,5,22,0,30,2,01大同區,大同區鄭州路與環河北路1段口,0,0,2,2,C03,7,5,5,40,5,1,1,5,4,5,13,2,1,5,4,5,2,17,1,41,2,8,5,4,7,5,1,9,1,12,,13,,1,21,121.5058801,25.0506004
113,5,22,1,53,2,10文山區,文山區和平東路4段(電燈桿244號),0,0,1,1,C03,6,5,5,40,11,9,1,4,4,5,13,4,4,5,5,5,1,12,1,34,2,9,6,1,7,9,1,10,2,11,12,108,,2,21,121.5723153,25.00152739
113,5,22,1,53,2,10文山區,文山區和平東路4段(電燈桿244號),0,0,1,2,B03,6,5,5,40,11,9,1,4,4,5,13,4,4,5,5,5,1,12,1,65,4,11,3,4,7,13,1,8,9,7,,44,,1,21,121.5723153,25.00152739
113,5,22,2,48,2,04大安區,大安區忠孝東路4段147巷與敦化南路1段187巷口,0,0,1,1,C03,7,5,5,30,4,1,1,4,4,5,13,4,4,5,5,5,2,15,1,24,3,10,5,1,7,9,1,10,1,11,,14,,1,21,121.5496587,25.0426008
113,5,22,2,48,2,04大安區,大安區忠孝東路4段147巷與敦化南路1段187巷口,0,0,1,2,B01,7,5,5,30,4,1,1,4,4,5,13,4,4,5,5,5,2,15,1,62,3,10,7,1,7,9,1,4,1,2,,14,,1,21,121.5496587,25.0426008
113,5,22,2,48,2,04大安區,大安區忠孝東路4段147巷與敦化南路1段187巷口,0,0,1,3,H02,7,5,5,30,4,1,1,4,4,5,13,4,4,5,5,5,2,15,2,23,2,9,5,5,7,20,8,20,10,16,,67,,1,21,121.5496587,25.0426008
113,5,22,5,34,2,06松山區,松山區南京東路4段與敦化北路口,0,0,1,1,C03,7,6,5,50,4,2,1,4,4,5,13,1,1,1,3,4,2,18,1,70,2,9,5,1,7,12,1,10,1,14,,14,,1,21,121.5494074,25.0518414
113,5,22,5,34,2,06松山區,松山區南京東路4段與敦化北路口,0,0,1,2,,7,6,5,50,4,2,1,4,4,5,13,1,1,1,3,4,2,18,3,,,,,,,,,,,,,67,,1,,121.5494074,25.0518414
113,5,22,6,55,2,10文山區,文山區木柵路3段與萬壽橋口口,0,0,1,1,C03,7,6,5,50,4,1,1,5,4,5,13,2,1,5,4,5,2,13,2,53,2,9,5,1,7,9,1,10,1,11,,16,,1,21,121.5710999,24.991499
113,5,22,6,55,2,10文山區,文山區木柵路3段與萬壽橋口口,0,0,1,2,C03,7,6,5,50,4,1,1,5,4,5,13,2,1,5,4,5,2,13,1,52,3,10,5,1,7,9,1,10,1,13,,44,,1,21,121.5710999,24.991499
113,5,22,7,6,2,10文山區,文山區辛亥路4段與辛亥路4段101巷口,0,0,1,1,B03,7,6,5,50,3,1,1,4,4,5,13,2,1,5,4,5,2,12,1,43,3,10,7,1,7,8,1,8,1,7,,100,,1,21,121.5585758,25.0066752
113,5,22,7,6,2,10文山區,文山區辛亥路4段與辛亥路4段101巷口,0,0,1,2,C03,7,6,5,50,3,1,1,4,4,5,13,2,1,5,4,5,2,12,1,24,2,9,5,1,7,9,1,10,1,11,,44,,1,21,121.5585758,25.0066752
113,5,22,7,38,2,04大安區,大安區和平東路2段與和平東路2段36巷口,0,0,2,1,C03,6,6,5,50,3,2,1,4,4,5,13,4,4,1,4,5,2,12,1,22,2,7,6,4,7,9,1,10,1,14,,108,,1,22,121.5370414,25.0256643
113,5,22,7,38,2,04大安區,大安區和平東路2段與和平東路2段36巷口,0,0,2,2,C03,6,6,5,50,3,2,1,4,4,5,13,4,4,1,4,5,2,12,2,51,2,8,6,4,7,9,1,10,1,14,,44,,1,22,121.5370414,25.0256643
113,5,22,7,45,2,05中正區,中正區中山北路1段與忠孝東路1段口口,0,0,1,1,B12,8,5,5,50,14,9,1,5,4,5,13,2,1,9,4,5,1,12,4,46,4,11,3,4,7,7,7,19,11,4,,100,,2,22,121.5198581,25.0459538
113,5,22,7,45,2,05中正區,中正區中山北路1段與忠孝東路1段口口,0,0,1,2,C03,8,5,5,50,14,9,1,5,4,5,13,2,1,9,4,5,1,12,2,27,2,9,6,1,7,9,1,10,1,12,,44,,1,21,121.5198581,25.0459538
113,5,22,7,51,2,12內湖區,內湖區民權東路6段135巷11弄與民權東路6段135巷口,0,0,1,1,B03,7,6,5,30,4,1,1,4,4,5,13,4,4,10,5,5,2,15,2,48,3,10,7,1,7,9,1,8,1,1,,72,,1,21,121.5941297,25.06966255
113,5,22,7,51,2,12內湖區,內湖區民權東路6段135巷11弄與民權東路6段135巷口,0,0,1,2,C03,7,6,5,30,4,1,1,4,4,5,13,4,4,10,5,5,2,15,1,18,2,9,5,1,7,9,1,10,1,12,,108,,1,21,121.5941297,25.06966255
113,5,22,7,55,2,01大同區,大同區萬全街與民生西路171巷口,0,0,2,1,C03,6,6,5,30,4,1,1,4,4,5,13,4,4,10,5,5,2,15,2,44,2,9,6,4,7,9,1,10,1,11,,72,,1,22,121.5167031,25.0579783
113,5,22,7,55,2,01大同區,大同區萬全街與民生西路171巷口,0,0,2,2,C03,6,6,5,30,4,1,1,4,4,5,13,4,4,10,5,5,2,15,1,43,3,10,6,4,7,9,1,10,1,12,,14,,1,22,121.5167031,25.0579783
113,5,22,7,55,2,01大同區,大同區萬全街與民生西路171巷口,0,0,2,3,H02,6,6,5,30,4,1,1,4,4,5,13,4,4,10,5,5,2,15,1,15,2,9,6,5,7,20,8,20,10,16,,67,,1,22,121.5167031,25.0579783
113,5,22,8,5,2,07信義區,信義區忠孝東路5段375號,0,0,1,1,B02,6,7,5,50,14,9,1,4,4,5,13,1,1,9,4,5,2,17,1,63,3,10,7,1,7,1,1,4,1,17,,19,,1,21,121.5764771,25.0408845
113,5,22,8,5,2,07信義區,信義區忠孝東路5段375號,0,0,1,2,C03,6,7,5,50,14,9,1,4,4,5,13,1,1,9,4,5,2,17,2,27,2,9,5,1,7,9,1,10,1,14,,44,,1,21,121.5764771,25.0408845
113,5,22,8,15,2,08士林區,士林區倫等街42巷與倫等街口,0,0,1,1,B12,8,5,5,30,3,2,1,5,4,5,13,4,4,10,5,5,2,17,1,59,3,10,3,4,7,15,1,8,1,3,,38,,1,21,121.5014215,25.0926934
113,5,22,8,15,2,08士林區,士林區倫等街42巷與倫等街口,0,0,1,2,C03,8,5,5,30,3,2,1,5,4,5,13,4,4,10,5,5,2,17,2,47,2,9,6,1,7,9,1,10,1,12,,108,,1,21,121.5014215,25.0926934
113,5,22,8,29,2,12內湖區,內湖區東湖路106巷與東湖路口,0,0,1,1,A04,7,5,5,50,14,9,1,5,4,5,13,4,4,5,4,5,2,12,1,49,3,10,7,1,7,7,1,6,1,2,,100,,1,21,121.6154047,25.06845645
113,5,22,8,29,2,12內湖區,內湖區東湖路106巷與東湖路口,0,0,1,2,C03,7,5,5,50,14,9,1,5,4,5,13,4,4,5,4,5,2,12,1,58,2,9,5,1,7,9,1,10,1,14,,44,,1,21,121.6154047,25.06845645
113,5,22,8,31,2,07信義區,信義區嘉興街216號與嘉興街216巷口,0,0,2,1,C03,6,6,5,30,3,1,1,4,4,5,13,4,4,5,5,5,2,16,1,22,2,8,5,1,7,9,1,10,2,11,,4,,1,21,121.5566731,25.0268556
113,5,22,8,31,2,07信義區,信義區嘉興街216號與嘉興街216巷口,0,0,2,2,C03,6,6,5,30,3,1,1,4,4,5,13,4,4,5,5,5,2,16,2,38,2,2,6,1,7,5,1,10,2,14,,44,,1,21,121.5566731,25.0268556
113,5,22,8,44,2,09北投區,北投區明德路90號停車格旁,0,0,1,1,B03,6,7,5,50,22,9,1,4,4,5,13,4,4,9,5,5,2,17,1,54,3,10,7,1,7,2,1,8,2,4,,12,,1,22,121.5205079,25.11683183
113,5,22,8,44,2,09北投區,北投區明德路90號停車格旁,0,0,1,2,C03,6,7,5,50,22,9,1,4,4,5,13,4,4,9,5,5,2,17,2,24,2,9,6,1,7,9,1,10,2,12,,108,,1,22,121.5205079,25.11683183
113,5,22,8,45,2,03中山區,中山區民族東路與林森北路口,0,0,1,1,B03,6,5,5,50,3,1,1,4,4,5,13,1,1,1,4,5,2,16,1,57,3,10,7,1,7,9,1,8,1,1,,81,,1,21,121.5257364,25.0683527
113,5,22,8,45,2,03中山區,中山區民族東路與林森北路口,0,0,1,2,C03,6,5,5,50,3,1,1,4,4,5,13,1,1,1,4,5,2,16,1,43,2,9,6,1,7,5,1,10,1,14,,44,,1,21,121.5257364,25.0683527
113,5,22,8,56,2,04大安區,大安區仁愛路4段105巷仁愛敦化圓環(外環),0,0,3,1,C03,8,6,8,50,22,22,1,4,4,5,13,1,1,4,1,5,1,17,1,24,2,9,3,4,7,15,1,10,1,14,,44,,1,21,121.549986,25.0383417
113,5,22,8,56,2,04大安區,大安區仁愛路4段105巷仁愛敦化圓環(外環),0,0,3,2,C03,8,6,8,50,22,22,1,4,4,5,13,1,1,4,1,5,1,17,1,52,2,9,3,4,7,15,1,10,1,12,,44,,1,21,121.549986,25.0383417
113,5,22,8,56,2,04大安區,大安區仁愛路4段105巷仁愛敦化圓環(外環),0,0,3,3,H02,8,6,8,50,22,22,1,4,4,5,13,1,1,4,1,5,1,17,2,51,2,9,3,5,7,20,8,20,10,16,,60,,1,21,121.549986,25.0383417
113,5,22,9,14,2,04大安區,大安區濟南路3段與仁愛路3段31巷口,0,0,1,1,C03,6,6,5,30,3,1,1,4,4,5,13,4,4,5,5,5,2,17,1,67,3,10,6,4,7,12,1,9,1,17,,72,,1,22,121.5345351,25.0401233
113,5,22,9,14,2,04大安區,大安區濟南路3段與仁愛路3段31巷口,0,0,1,2,C03,6,6,5,30,3,1,1,4,4,5,13,4,4,5,5,5,2,17,1,41,2,9,5,4,7,9,1,10,1,17,,14,,1,22,121.5345351,25.0401233
113,5,22,9,16,2,03中山區,中山區新生北路1段69號旁,0,0,1,1,C03,7,6,5,50,14,9,1,5,4,5,13,2,1,10,5,5,2,13,1,34,2,9,6,1,7,9,1,10,1,11,,16,,1,21,121.5286837,25.0498971
113,5,22,9,16,2,03中山區,中山區新生北路1段69號旁,0,0,1,2,B03,7,6,5,50,14,9,1,5,4,5,13,2,1,10,5,5,2,13,1,41,3,10,7,1,7,14,1,8,1,6,,44,,1,21,121.5286837,25.0498971
113,5,22,9,20,2,09北投區,北投區大度路3段西往東關渡公車站前,0,0,1,1,C03,6,7,5,50,14,9,1,4,4,5,13,4,4,1,4,5,2,13,2,21,2,9,6,1,7,9,1,10,2,11,,16,,1,21,121.4651363,25.1234164
113,5,22,9,20,2,09北投區,北投區大度路3段西往東關渡公車站前,0,0,1,2,C03,6,7,5,50,14,9,1,4,4,5,13,4,4,1,4,5,2,13,1,29,3,10,6,1,7,15,1,10,2,13,,44,,1,21,121.4651363,25.1234164
113,5,22,9,43,2,03中山區,中山區八德路2段與市民大道3段口,0,0,2,1,C03,7,7,5,40,4,2,1,5,4,5,13,1,1,1,4,5,2,13,2,59,2,9,5,1,7,9,1,10,1,12,,16,,1,22,121.5352845,25.0450395
113,5,22,9,43,2,03中山區,中山區八德路2段與市民大道3段口,0,0,2,2,C03,7,7,5,40,4,2,1,5,4,5,13,1,1,1,4,5,2,13,1,48,2,9,5,1,7,9,1,10,1,14,,44,,1,22,121.5352845,25.0450395
113,5,22,9,58,2,04大安區,大安區信義路3段與建國南路2段口口,0,0,1,1,C03,7,6,5,50,4,2,1,5,4,5,13,2,1,1,4,5,2,17,2,69,2,9,5,1,7,8,1,10,1,13,,100,,1,22,121.5380213,25.0332169
113,5,22,9,58,2,04大安區,大安區信義路3段與建國南路2段口口,0,0,1,2,B03,7,6,5,50,4,2,1,5,4,5,13,2,1,1,4,5,2,17,2,46,3,10,7,1,7,9,1,8,1,2,,44,,1,22,121.5380213,25.0332169
113,5,22,10,32,2,10文山區,文山區羅斯福路6段138號,0,0,2,1,B03,8,6,5,50,14,9,1,5,4,5,13,4,4,1,4,5,2,17,1,81,2,6,7,1,7,9,1,8,1,1,,116,,1,21,121.540955,24.99653557
113,5,22,10,32,2,10文山區,文山區羅斯福路6段138號,0,0,2,2,B01,8,6,5,50,14,9,1,5,4,5,13,4,4,1,4,5,2,17,1,66,2,9,7,1,7,14,1,4,1,2,,44,,1,21,121.540955,24.99653557
113,5,22,10,40,2,03中山區,中山區建國北路3段78號與建國北路3段口,0,0,1,1,B03,8,7,5,50,3,1,1,5,4,5,13,4,4,9,4,5,2,17,1,68,3,10,7,1,7,6,1,8,1,2,,9,,1,21,121.5356453,25.06588907
113,5,22,10,40,2,03中山區,中山區建國北路3段78號與建國北路3段口,0,0,1,2,C03,8,7,5,50,3,1,1,5,4,5,13,4,4,9,4,5,2,17,2,38,2,9,5,1,7,9,1,10,1,14,,16,,1,22,121.5356453,25.06588907
113,5,22,10,44,2,10文山區,文山區秀明路1段與秀明路1段22巷口口,0,0,1,1,B03,7,6,5,30,3,18,1,5,4,5,13,4,4,10,5,5,2,3,1,65,3,10,7,1,7,2,6,18,9,3,,12,,1,22,121.5641588,24.9893477
113,5,22,10,44,2,10文山區,文山區秀明路1段與秀明路1段22巷口口,0,0,1,2,H01,7,6,5,30,3,18,1,5,4,5,13,4,4,10,5,5,2,3,2,70,2,9,4,5,8,16,8,20,1,16,,67,,1,21,121.5641588,24.9893477
113,5,22,10,50,2,03中山區,中山區復興北路288號,0,0,1,1,C03,8,6,5,50,14,9,1,5,4,5,13,4,4,1,4,5,2,12,2,23,2,8,6,4,7,9,3,18,1,11,,16,,1,22,121.5438505,25.0590814
113,5,22,10,50,2,03中山區,中山區復興北路288號,0,0,1,2,C03,8,6,5,50,14,9,1,5,4,5,13,4,4,1,4,5,2,12,1,25,3,10,6,4,7,9,1,10,1,13,,44,,1,22,121.5438505,25.0590814
113,5,22,10,50,2,03中山區,中山區復興北路288號,0,0,1,3,B03,8,6,5,50,14,9,1,5,4,5,13,4,4,1,4,5,2,12,2,47,3,10,3,4,7,7,1,8,1,6,,100,,1,22,121.5438505,25.0590814
113,5,22,11,3,2,06松山區,松山區民生東路4段與光復北路口,0,0,1,1,B03,7,6,5,50,4,1,1,5,4,5,13,2,1,1,3,5,2,13,1,76,3,10,7,1,7,5,1,8,1,1,,108,,1,21,121.5552375,25.0583506
113,5,22,11,3,2,06松山區,松山區民生東路4段與光復北路口,0,0,1,2,C03,7,6,5,50,4,1,1,5,4,5,13,2,1,1,3,5,2,13,1,55,2,9,6,1,7,5,1,10,1,13,,8,,1,21,121.5552375,25.0583506
113,5,22,11,17,2,02萬華區,萬華區華江橋機慢車道往新北,0,0,1,1,B03,8,7,5,40,14,11,1,5,4,5,13,4,4,10,5,5,1,14,1,53,3,10,7,1,7,2,1,8,1,6,,44,,1,21,121.4954666,25.0386096
113,5,22,11,17,2,02萬華區,萬華區華江橋機慢車道往新北,0,0,1,2,C03,8,7,5,40,14,11,1,5,4,5,13,4,4,10,5,5,1,14,1,44,2,9,5,1,7,9,1,10,1,11,,44,,1,21,121.4954666,25.0386096
113,5,22,11,33,2,07信義區,信義區光復南路447-2號,0,0,2,1,C03,8,6,5,50,14,9,1,5,4,5,13,4,4,1,4,5,2,16,1,77,2,6,6,1,7,8,1,10,1,12,,100,,1,21,121.5576065,25.0350622
113,5,22,11,33,2,07信義區,信義區光復南路447-2號,0,0,2,2,C03,8,6,5,50,14,9,1,5,4,5,13,4,4,1,4,5,2,16,2,25,2,9,6,1,7,9,1,10,1,14,,44,,1,21,121.5576065,25.0350622
113,5,22,11,38,2,02萬華區,萬華區西藏路131號,0,0,1,1,B12,7,6,5,50,14,9,1,5,4,5,13,4,4,3,4,5,2,17,1,41,3,10,2,1,7,13,1,8,1,17,,38,,1,21,121.5023379,25.0295717
113,5,22,11,38,2,02萬華區,萬華區西藏路131號,0,0,1,2,C03,7,6,5,50,14,9,1,5,4,5,13,4,4,3,4,5,2,17,2,34,2,9,6,1,7,9,1,10,1,17,,44,,1,22,121.5023379,25.0295717
113,5,22,11,38,2,02萬華區,萬華區西藏路131號,0,0,1,3,H02,7,6,5,50,14,9,1,5,4,5,13,4,4,3,4,5,2,17,1,42,3,10,2,5,7,20,8,20,10,16,,60,,1,21,121.5023379,25.0295717
113,5,22,11,40,2,03中山區,中山區中山北路3段花博圓山園區,0,0,1,1,C03,8,7,5,50,14,9,1,5,4,5,13,2,1,9,4,5,2,17,1,54,3,10,5,1,7,1,1,10,1,15,,19,,1,21,121.5234953,25.0712991
113,5,22,11,40,2,03中山區,中山區中山北路3段花博圓山園區,0,0,1,2,C03,8,7,5,50,14,9,1,5,4,5,13,2,1,9,4,5,2,17,2,22,2,9,5,1,7,9,1,10,1,15,,44,,1,21,121.5234953,25.0712991
113,5,22,11,40,2,06松山區,松山區八德路3段225號,0,0,1,1,C03,7,5,5,50,14,9,1,5,4,5,13,4,4,5,4,5,2,13,1,34,3,10,6,4,7,9,1,10,2,11,,16,,1,22,121.5570876,25.0481253
113,5,22,11,40,2,06松山區,松山區八德路3段225號,0,0,1,2,C03,7,5,5,50,14,9,1,5,4,5,13,4,4,5,4,5,2,13,2,52,2,9,5,4,7,9,1,10,2,13,,44,,1,22,121.5570876,25.0481253
113,5,22,11,49,2,07信義區,信義區吳興街與吳興街220巷口,0,0,2,1,C03,7,7,5,30,4,1,1,5,4,5,13,1,1,9,4,5,2,17,1,18,3,10,5,1,7,5,1,10,1,11,,8,,1,21,121.5630541,25.0276762
113,5,22,11,49,2,07信義區,信義區吳興街與吳興街220巷口,0,0,2,2,C04,7,7,5,30,4,1,1,5,4,5,13,1,1,9,4,5,2,17,1,42,2,9,5,1,7,5,1,10,1,13,,108,,1,21,121.5630541,25.0276762
113,5,22,11,49,2,07信義區,信義區吳興街與吳興街220巷口,0,0,2,3,H02,7,7,5,30,4,1,1,5,4,5,13,1,1,9,4,5,2,17,2,17,2,9,5,5,7,20,8,20,10,16,,67,,1,21,121.5630541,25.0276762
113,5,22,12,5,2,12內湖區,內湖區南京東路6段與成功路2段口,0,0,1,1,,7,5,5,50,3,2,1,5,4,5,13,4,4,1,5,5,2,17,4,0,4,11,3,4,7,15,7,19,11,15,,119,,2,22,121.5909969,25.06144244
113,5,22,12,5,2,12內湖區,內湖區南京東路6段與成功路2段口,0,0,1,2,B03,7,5,5,50,3,2,1,5,4,5,13,4,4,1,5,5,2,17,1,63,3,10,7,1,7,15,1,8,11,17,,119,,1,21,121.5909969,25.06144244
113,5,22,12,5,2,12內湖區,內湖區南京東路6段與成功路2段口,0,0,1,3,C03,7,5,5,50,3,2,1,5,4,5,13,4,4,1,5,5,2,17,1,59,2,7,5,1,7,9,1,10,11,14,,119,,1,21,121.5909969,25.06144244
113,5,22,12,5,2,12內湖區,內湖區南京東路6段與成功路2段口,0,0,1,4,B03,7,5,5,50,3,2,1,5,4,5,13,4,4,1,5,5,2,17,2,56,3,10,7,1,7,9,1,8,1,5,,119,,2,21,121.5909969,25.06144244