發生年度,發生月,發生日,發生時-Hours,發生分,處理別-編號,區序,肇事地點,死亡人數,2-30日死亡人數,受傷人數,當事人序號,車種,天候,道路照明設備,道路類別,速限-速度限制,道路型態,事故位置,路面狀況1,路面狀況2,路面狀況3,道路障礙1,道路障礙2,號誌1,號誌2,車道劃分-分向,車道劃分-分道1,車道劃分-分道2,車道劃分-分道3,事故類型及型態,性別,年齡,受傷程度,主要傷處,保護裝置,行動電話,車輛用途,當事者行動狀態,駕駛資格情形,駕駛執照種類,飲酒情形,車輛撞擊部位1,車輛撞擊部位2,肇因碼-個別,肇因碼-主要,個人肇逃否,職業,座標-X,座標-Y
113,5,22,12,20,2,04大安區,大安區信義路4段265巷54號,0,0,2,3,H02,7,6,5,30,14,9,1,5,4,5,13,4,4,9,5,5,2,12,1,7,2,7,4,5,7,17,8,20,10,16,,67,,1,22,121.5557167,25.035014
113,5,22,12,20,2,04大安區,大安區信義路4段265巷54號,0,0,2,1,B01,7,6,5,30,14,9,1,5,4,5,13,4,4,9,5,5,2,12,1,60,3,10,7,1,7,9,1,4,1,2,,108,,1,22,121.5557167,25.035014
113,5,22,12,20,2,04大安區,大安區信義路4段265巷54號,0,0,2,2,F06,7,6,5,30,14,9,1,5,4,5,13,4,4,9,5,5,2,12,1,72,2,7,4,4,7,9,8,20,1,14,,101,,1,22,121.5557167,25.035014
113,5,22,12,44,2,11南港區,南港區松河街與成功橋口下,0,0,1,1,B12,7,6,5,30,3,1,1,5,4,5,13,4,4,10,5,5,2,16,1,55,3,10,3,4,7,5,1,8,1,8,,74,,1,21,121.5926336,25.0583838
113,5,22,12,44,2,11南港區,南港區松河街與成功橋口下,0,0,1,2,F01,7,6,5,30,3,1,1,5,4,5,13,4,4,10,5,5,2,16,2,53,2,9,3,4,7,9,8,20,1,12,,44,,1,21,121.5926336,25.0583838
113,5,22,12,45,2,03中山區,中山區龍江路與龍江路295巷口,0,0,2,1,F01,7,7,5,30,4,1,1,5,4,5,13,4,4,10,5,5,2,15,2,40,2,9,4,1,7,9,8,20,1,12,,80,,1,22,121.5407303,25.060704
113,5,22,12,45,2,03中山區,中山區龍江路與龍江路295巷口,0,0,2,2,C03,7,7,5,30,4,1,1,5,4,5,13,4,4,10,5,5,2,15,1,26,2,9,5,1,7,9,1,10,1,11,,44,,1,22,121.5407303,25.060704
113,5,22,13,30,2,07信義區,信義區永吉路30巷158弄與永吉路30巷口,0,0,1,1,C03,7,6,5,30,4,1,1,5,4,5,13,4,4,5,4,5,2,15,1,42,2,7,6,1,7,9,1,10,1,14,,72,,1,21,121.5687108,25.0423305
113,5,22,13,30,2,07信義區,信義區永吉路30巷158弄與永吉路30巷口,0,0,1,2,C03,7,6,5,30,4,1,1,5,4,5,13,4,4,5,4,5,2,15,1,50,3,10,6,1,7,9,1,10,1,11,,14,,1,21,121.5687108,25.0423305
113,5,22,13,33,2,12內湖區,內湖區金湖路0309581燈桿附近,0,0,1,1,C03,7,6,5,50,14,9,1,5,4,5,13,4,4,3,3,5,1,12,2,26,2,9,6,1,7,9,1,10,2,11,,16,,1,21,121.6053709,25.07346822
113,5,22,13,33,2,12內湖區,內湖區金湖路0309581燈桿附近,0,0,1,2,B12,7,6,5,50,14,9,1,5,4,5,13,4,4,3,3,5,1,12,1,36,3,10,7,1,7,14,1,8,2,6,,44,,1,21,121.6053709,25.07346822
113,5,22,13,46,2,01大同區,大同區南京西路與南京西路302巷口,0,0,1,1,C03,7,5,5,50,4,2,1,5,4,5,13,4,4,5,4,5,2,17,1,31,3,10,3,4,7,5,1,10,1,13,,42,,1,21,121.5135148,25.0539585
113,5,22,13,46,2,01大同區,大同區南京西路與南京西路302巷口,0,0,1,2,C03,7,5,5,50,4,2,1,5,4,5,13,4,4,5,4,5,2,17,2,48,2,9,3,4,7,9,1,11,1,11,,42,,1,21,121.5135148,25.0539585
113,5,22,14,4,2,10文山區,文山區木柵路1段與木柵路1段58巷口口,0,0,1,1,B03,7,6,5,50,4,1,1,5,4,5,13,2,1,10,5,5,2,16,1,63,3,10,7,1,7,5,1,8,1,2,,71,,1,21,121.5473138,24.9869417
113,5,22,14,4,2,10文山區,文山區木柵路1段與木柵路1段58巷口口,0,0,1,2,C03,7,6,5,50,4,1,1,5,4,5,13,2,1,10,5,5,2,16,1,22,2,9,5,1,7,9,1,9,1,11,,13,,1,21,121.5473138,24.9869417
113,5,22,14,33,2,10文山區,文山區溪洲街與溪洲街5巷口口,0,0,1,1,B03,6,6,5,50,3,1,1,4,4,3,13,4,4,9,5,5,2,11,1,64,3,10,7,1,7,9,1,8,2,4,,86,,1,21,121.5357936,25.0060249
113,5,22,14,33,2,10文山區,文山區溪洲街與溪洲街5巷口口,0,0,1,2,C03,6,6,5,50,3,1,1,4,4,3,13,4,4,9,5,5,2,11,1,19,2,8,6,1,7,9,1,10,2,11,,108,,1,25,121.5357936,25.0060249
113,5,22,14,33,2,10文山區,文山區溪洲街與溪洲街5巷口口,0,0,1,3,B03,6,6,5,50,3,1,1,4,4,3,13,4,4,9,5,5,2,11,1,20,3,10,3,4,7,13,1,8,11,17,,38,,1,21,121.5357936,25.0060249
113,5,22,14,43,2,04大安區,大安區辛亥路2段與建國南路2段口,0,0,1,1,B03,7,5,5,50,14,9,1,5,4,5,13,2,1,1,4,5,2,16,2,39,3,10,7,1,7,6,1,8,1,5,,9,,1,21,121.5374533,25.0228893
113,5,22,14,43,2,04大安區,大安區辛亥路2段與建國南路2段口,0,0,1,2,C03,7,5,5,50,14,9,1,5,4,5,13,2,1,1,4,5,2,16,1,23,2,7,6,1,7,9,1,10,1,14,,44,,1,21,121.5374533,25.0228893
113,5,22,15,10,2,07信義區,信義區市民大道5段與東興路口,0,0,1,1,B02,7,7,5,40,4,2,1,5,4,5,13,1,1,1,4,5,2,16,2,26,3,10,3,4,7,5,1,8,1,5,,8,,1,22,121.5658229,25.0481848
113,5,22,15,10,2,07信義區,信義區市民大道5段與東興路口,0,0,1,2,C03,7,7,5,40,4,2,1,5,4,5,13,1,1,1,4,5,2,16,1,34,2,9,5,4,7,9,1,10,1,11,,44,,1,22,121.5658229,25.0481848
113,5,22,15,40,2,12內湖區,內湖區民權東路6段與民權東路6段46巷口,0,0,1,1,C03,6,5,5,50,4,2,1,4,4,5,13,1,1,1,3,4,1,12,2,23,2,9,3,4,7,9,1,10,1,14,,44,,1,22,121.5815733,25.06789691
113,5,22,15,40,2,12內湖區,內湖區民權東路6段與民權東路6段46巷口,0,0,1,2,B12,6,5,5,50,4,2,1,4,4,5,13,1,1,1,3,4,1,12,1,41,3,10,3,4,7,9,1,8,1,2,,44,,1,22,121.5815733,25.06789691
113,5,22,16,38,2,12內湖區,內湖區民權東路6段與成功路2段口,0,0,1,1,C03,7,6,5,50,4,1,1,5,4,5,13,1,1,1,4,5,2,17,1,74,2,9,5,1,7,5,1,10,1,14,,8,,1,21,121.5906875,25.0689602
113,5,22,16,38,2,12內湖區,內湖區民權東路6段與成功路2段口,0,0,1,2,B01,7,6,5,50,4,1,1,5,4,5,13,1,1,1,4,5,2,17,1,63,3,10,7,1,7,5,1,4,1,2,,44,,1,21,121.5906875,25.0689602
113,5,22,17,10,2,09北投區,北投區承德路7段139號,0,0,2,1,C03,7,6,8,30,22,22,1,5,4,5,13,1,1,10,5,5,2,17,2,66,2,1,5,1,7,1,1,10,1,11,,19,,1,21,121.5090483,25.1123811
113,5,22,17,10,2,09北投區,北投區承德路7段139號,0,0,2,3,H02,7,6,8,30,22,22,1,5,4,5,13,1,1,10,5,5,2,17,2,66,2,9,5,5,7,20,8,20,10,16,,67,,1,21,121.5090483,25.1123811
113,5,22,17,10,2,09北投區,北投區承德路7段139號,0,0,2,2,B12,7,6,8,30,22,22,1,5,4,5,13,1,1,10,5,5,2,17,1,60,3,10,7,1,7,1,1,8,1,7,,19,,1,21,121.5090483,25.1123811
113,5,22,17,21,2,07信義區,信義區永吉路127巷11弄與永吉路127巷口,0,0,2,1,B03,6,5,5,30,4,1,1,4,4,5,13,4,4,9,5,5,2,13,2,34,3,10,3,4,7,6,1,8,1,7,,72,,1,21,121.5703511,25.0462047
113,5,22,17,21,2,07信義區,信義區永吉路127巷11弄與永吉路127巷口,0,0,2,2,C03,6,5,5,30,4,1,1,4,4,5,13,4,4,9,5,5,2,13,1,72,2,7,5,1,7,9,1,10,2,12,,14,,1,21,121.5703511,25.0462047
113,5,22,17,21,2,07信義區,信義區永吉路127巷11弄與永吉路127巷口,0,0,2,3,H02,6,5,5,30,4,1,1,4,4,5,13,4,4,9,5,5,2,13,2,67,2,9,5,5,7,17,8,20,10,16,,67,,1,21,121.5703511,25.0462047
113,5,22,17,42,2,04大安區,大安區復興南路1段與復興南路1段177巷口,0,0,1,1,B03,7,5,5,50,3,1,1,5,4,5,13,4,4,1,4,4,2,16,2,43,3,10,3,4,7,6,1,8,1,2,,74,,1,21,121.5440416,25.0408085
113,5,22,17,42,2,04大安區,大安區復興南路1段與復興南路1段177巷口,0,0,1,2,C03,7,5,5,50,3,1,1,5,4,5,13,4,4,1,4,4,2,16,1,27,2,9,6,4,7,9,1,10,1,11,,44,,1,21,121.5440416,25.0408085
113,5,22,17,44,2,09北投區,北投區永興路1段與文化三路口,0,0,2,1,B03,7,6,8,30,3,1,1,5,4,5,13,4,4,5,5,5,1,13,2,46,2,6,7,1,7,5,1,8,1,8,,16,,1,21,121.4984695,25.1375526
113,5,22,17,44,2,09北投區,北投區永興路1段與文化三路口,0,0,2,2,C03,7,6,8,30,3,1,1,5,4,5,13,4,4,5,5,5,1,13,2,19,2,9,5,1,7,12,1,10,1,13,12,44,,1,21,121.4984695,25.1375526
113,5,22,17,54,2,04大安區,大安區基隆路3段85號,0,0,1,1,B03,8,6,8,50,22,22,1,4,4,5,13,4,4,1,3,5,1,17,1,42,3,10,3,4,7,15,1,8,1,5,,9,,1,21,121.5454019,25.01797397
113,5,22,17,54,2,04大安區,大安區基隆路3段85號,0,0,1,2,C03,8,6,8,50,22,22,1,4,4,5,13,4,4,1,3,5,1,17,1,36,2,9,3,4,7,15,1,10,1,11,,108,,1,21,121.5454019,25.01797397
113,5,22,18,1,2,11南港區,南港區三重路與經貿二路口,0,0,1,1,B03,8,5,5,50,4,1,1,5,4,5,13,1,1,2,3,5,2,12,1,42,3,10,3,4,7,8,1,8,1,2,,100,,1,22,121.6143607,25.060371
113,5,22,18,1,2,11南港區,南港區三重路與經貿二路口,0,0,1,2,C03,8,5,5,50,4,1,1,5,4,5,13,1,1,2,3,5,2,12,1,50,2,3,3,4,7,9,1,10,1,14,,17,,1,21,121.6143607,25.060371
113,5,22,18,2,2,06松山區,松山區松河街3號與無名巷口,0,0,1,2,C03,8,7,5,40,3,1,1,5,4,5,13,1,1,9,4,5,2,16,2,29,2,8,6,1,7,9,1,10,1,14,,99,,1,21,121.5721412,25.0508329
113,5,22,18,2,2,06松山區,松山區松河街3號與無名巷口,0,0,1,1,C03,8,7,5,40,3,1,1,5,4,5,13,1,1,9,4,5,2,16,1,46,4,11,6,4,7,5,1,10,9,14,,71,,2,21,121.5721412,25.0508329
113,5,22,18,45,2,09北投區,北投區大度路3段與中央北路4段口,0,0,2,1,B03,8,5,5,50,4,2,1,5,4,5,13,2,1,8,3,5,2,17,2,46,3,10,7,1,7,6,1,8,1,8,,9,,1,21,121.4642528,25.12393823
113,5,22,18,45,2,09北投區,北投區大度路3段與中央北路4段口,0,0,2,2,C03,8,5,5,50,4,2,1,5,4,5,13,2,1,8,3,5,2,17,1,20,2,9,6,1,7,5,1,10,1,13,,97,,1,21,121.4642528,25.12393823
113,5,22,18,45,2,09北投區,北投區大度路3段與中央北路4段口,0,0,2,3,H02,8,5,5,50,4,2,1,5,4,5,13,2,1,8,3,5,2,17,2,20,2,9,6,5,7,20,8,20,10,16,,44,,1,21,121.4642528,25.12393823
113,5,22,19,0,2,03中山區,中山區大佳河濱公園,0,0,2,1,F01,7,7,7,0,14,23,1,5,4,5,13,4,4,7,4,5,2,9,1,30,2,9,3,4,7,9,8,20,1,11,,108,,1,21,121.5433991,25.0754555
113,5,22,19,0,2,03中山區,中山區大佳河濱公園,0,0,2,2,H01,7,7,7,0,14,23,1,5,4,5,13,4,4,7,4,5,2,9,2,55,2,9,4,5,8,18,8,20,10,16,,60,,1,21,121.5433991,25.0754555
113,5,22,19,13,2,09北投區,北投區中央南路2段36-3號,0,0,1,1,B03,6,5,5,50,14,9,1,4,4,5,13,4,4,5,5,5,2,17,2,70,3,10,7,1,7,5,1,8,1,8,,8,,1,21,121.5002087,25.1244657
113,5,22,19,13,2,09北投區,北投區中央南路2段36-3號,0,0,1,2,C03,6,5,5,50,14,9,1,4,4,5,13,4,4,5,5,5,2,17,2,35,2,8,5,1,7,15,1,10,1,11,,44,,1,21,121.5002087,25.1244657
113,5,22,19,37,2,07信義區,信義區松隆路1號,0,0,1,1,C03,6,6,5,50,14,9,1,4,4,5,13,2,1,3,4,5,2,12,2,25,2,9,5,1,7,8,1,10,1,14,,100,,1,21,121.5663462,25.0434194
113,5,22,19,37,2,07信義區,信義區松隆路1號,0,0,1,2,B02,6,6,5,50,14,9,1,4,4,5,13,2,1,3,4,5,2,12,1,59,3,10,3,4,7,9,1,4,1,4,,44,,1,21,121.5663462,25.0434194
113,5,22,21,40,2,10文山區,文山區萬美街1段(萬安街72-3號旁),0,0,1,1,B03,7,5,5,40,14,9,1,4,4,5,13,4,4,5,5,5,2,12,1,67,3,10,7,1,7,1,1,8,2,4,,19,,1,21,121.5713161,25.00233
113,5,22,21,40,2,10文山區,文山區萬美街1段(萬安街72-3號旁),0,0,1,2,C03,7,5,5,40,14,9,1,4,4,5,13,4,4,5,5,5,2,12,2,24,2,9,6,1,7,9,1,10,2,11,,44,,1,21,121.5713161,25.00233
113,5,22,23,31,2,07信義區,信義區忠孝東路4段555號,0,0,1,1,B03,7,5,5,50,14,9,1,5,4,5,13,2,1,9,5,5,2,13,1,24,3,10,3,4,7,1,1,8,1,1,,19,,1,21,121.5628278,25.04149284
113,5,22,23,31,2,07信義區,信義區忠孝東路4段555號,0,0,1,2,C03,7,5,5,50,14,9,1,5,4,5,13,2,1,9,5,5,2,13,2,44,2,9,5,4,7,14,1,10,1,13,12,44,,1,21,121.5628278,25.04149284
113,5,23,0,26,2,02萬華區,萬華區環河南路1段與長沙街2段口,0,0,3,1,C03,8,5,5,50,3,2,1,5,4,5,13,1,1,5,4,5,2,17,1,42,2,9,5,1,7,5,1,10,1,11,,71,,1,21,121.4996462,25.04150605
113,5,23,0,26,2,02萬華區,萬華區環河南路1段與長沙街2段口,0,0,3,2,C03,8,5,5,50,3,2,1,5,4,5,13,1,1,5,4,5,2,17,1,23,2,9,5,1,7,9,1,10,1,14,,44,,1,21,121.4996462,25.04150605
113,5,23,0,26,2,02萬華區,萬華區環河南路1段與長沙街2段口,0,0,3,3,H02,8,5,5,50,3,2,1,5,4,5,13,1,1,5,4,5,2,17,2,23,2,9,5,5,7,20,8,20,10,16,,67,,1,21,121.4996462,25.04150605
113,5,23,0,45,2,04大安區,大安區和平東路3段與敦化南路2段口,0,0,1,1,B03,7,5,5,50,4,2,1,5,4,5,13,2,1,1,4,5,2,16,1,33,3,10,7,1,7,5,1,8,1,2,,71,,1,21,121.5484691,25.0246252
113,5,23,0,45,2,04大安區,大安區和平東路3段與敦化南路2段口,0,0,1,2,C03,7,5,5,50,4,2,1,5,4,5,13,2,1,1,4,5,2,16,2,30,2,9,6,1,7,9,1,10,1,11,,13,,1,21,121.5484691,25.0246252
113,5,23,1,27,2,03中山區,中山區民權西路87號,0,0,1,1,B01,7,5,5,50,14,9,1,5,4,5,13,1,1,1,4,5,2,12,1,64,3,10,3,4,7,8,1,4,1,7,,100,,1,21,121.5193899,25.0629331
113,5,23,1,27,2,03中山區,中山區民權西路87號,0,0,1,2,C03,7,5,5,50,14,9,1,5,4,5,13,1,1,1,4,5,2,12,1,22,2,9,3,4,7,9,1,10,1,11,,81,,1,21,121.5193899,25.0629331
113,5,23,2,30,2,10文山區,文山區萬芳路103號(棕櫚泉社區公車站旁),0,0,1,1,,8,5,5,50,14,9,1,5,4,4,13,4,4,5,4,5,2,18,3,0,,,,,,,,,,,,66,,1,,121.562655,24.9975703
113,5,23,2,30,2,10文山區,文山區萬芳路103號(棕櫚泉社區公車站旁),0,0,1,2,C04,8,5,5,50,14,9,1,5,4,4,13,4,4,5,4,5,2,18,1,22,2,9,6,1,7,9,1,10,11,13,,44,,1,21,121.562655,24.9975703
113,5,23,2,30,2,10文山區,文山區萬芳路103號(棕櫚泉社區公車站旁),0,0,1,3,,8,5,5,50,14,9,1,5,4,4,13,4,4,5,4,5,2,18,3,0,,,,,,,,,,,,67,,1,,121.562655,24.9975703
113,5,23,6,40,2,12內湖區,內湖區東湖路113巷50號,0,0,1,1,B03,7,6,5,30,14,9,1,5,4,3,10,4,4,9,4,5,1,17,1,29,3,10,7,1,7,1,1,8,1,1,,19,,1,22,121.61597,25.07053
113,5,23,6,40,2,12內湖區,內湖區東湖路113巷50號,0,0,1,2,C03,7,6,5,30,14,9,1,5,4,3,10,4,4,9,4,5,1,17,1,63,2,9,5,1,7,9,1,10,1,12,,13,,1,26,121.61597,25.07053
113,5,23,7,40,2,08士林區,士林區延平北路7段106巷94弄與延平北路7段106巷口,0,0,2,1,B03,7,6,5,30,3,1,1,5,4,5,13,4,4,10,5,5,1,17,1,55,3,10,7,1,7,6,1,8,1,4,,72,,1,22,121.4963119,25.0989901
113,5,23,7,40,2,08士林區,士林區延平北路7段106巷94弄與延平北路7段106巷口,0,0,2,2,C03,7,6,5,30,3,1,1,5,4,5,13,4,4,10,5,5,1,17,1,20,2,8,6,1,7,9,1,10,1,13,,13,,1,22,121.4963119,25.0989901
113,5,23,7,40,2,08士林區,士林區延平北路7段106巷94弄與延平北路7段106巷口,0,0,2,3,C03,7,6,5,30,3,1,1,5,4,5,13,4,4,10,5,5,1,17,1,22,2,8,6,1,7,9,1,10,1,11,,16,,1,22,121.4963119,25.0989901
113,5,23,7,46,2,07信義區,信義區崇德街263號,0,0,2,1,C03,7,7,8,30,11,9,1,5,4,5,13,4,4,10,5,5,2,17,1,27,2,9,6,1,7,4,1,10,1,12,,1,,1,22,121.5588368,25.02189983
113,5,23,7,46,2,07信義區,信義區崇德街263號,0,0,2,2,C03,7,7,8,30,11,9,1,5,4,5,13,4,4,10,5,5,2,17,1,63,2,9,6,1,7,9,1,10,1,14,,13,,1,22,121.5588368,25.02189983
113,5,23,7,46,2,07信義區,信義區崇德街263號,0,0,2,3,C03,7,7,8,30,11,9,1,5,4,5,13,4,4,10,5,5,2,17,1,36,3,10,6,1,7,9,1,10,1,17,,44,,1,22,121.5588368,25.02189983
113,5,23,7,50,2,02萬華區,萬華區環河南路1段與成都路口,0,0,1,1,C03,7,6,5,50,3,1,1,5,4,5,13,3,1,5,5,5,2,16,1,68,2,7,5,1,7,8,1,10,1,13,,100,,1,21,121.5008571,25.04393812
113,5,23,7,50,2,02萬華區,萬華區環河南路1段與成都路口,0,0,1,2,C03,7,6,5,50,3,1,1,5,4,5,13,3,1,5,5,5,2,16,2,27,3,10,6,1,7,9,1,10,1,11,,14,,1,26,121.5008571,25.04393812
113,5,23,7,55,2,04大安區,大安區延吉街131巷1弄30號,0,0,2,1,C03,7,5,5,30,14,18,1,5,4,5,13,4,4,3,5,5,2,3,1,55,2,7,6,1,7,9,1,10,1,11,,70,,1,21,121.5546491,25.0435808
113,5,23,7,55,2,04大安區,大安區延吉街131巷1弄30號,0,0,2,2,H01,7,5,5,30,14,18,1,5,4,5,13,4,4,3,5,5,2,3,2,72,2,1,4,5,8,16,8,20,10,16,,67,,1,21,121.5546491,25.0435808
113,5,23,7,59,2,01大同區,大同區涼州街與甘州街口,0,0,2,1,C03,7,5,5,50,3,1,1,5,4,5,13,4,4,9,2,5,2,15,1,59,2,9,5,1,7,1,1,10,2,12,,80,,1,22,121.5126828,25.0607043
113,5,23,7,59,2,01大同區,大同區涼州街與甘州街口,0,0,2,2,C03,7,5,5,50,3,1,1,5,4,5,13,4,4,9,2,5,2,15,2,62,2,9,5,1,7,9,1,10,2,11,,14,,1,22,121.5126828,25.0607043
113,5,23,8,10,2,08士林區,士林區百齡橋往西,0,0,1,1,C03,7,6,5,50,14,9,1,5,4,5,13,4,4,3,4,5,1,16,1,70,2,9,3,4,7,8,1,10,2,14,,100,,1,21,121.5115398,25.0878767
113,5,23,8,10,2,08士林區,士林區百齡橋往西,0,0,1,2,B03,7,6,5,50,14,9,1,5,4,5,13,4,4,3,4,5,1,16,2,38,3,10,3,4,7,9,1,8,2,5,,44,,1,21,121.5115398,25.0878767
113,5,23,8,35,2,04大安區,大安區辛亥路2段與建國南路2段口口,0,0,1,1,A12,7,6,5,50,3,1,1,5,4,5,13,2,1,1,4,5,2,17,4,40,,,,,,,,,11,,,119,,,,121.5377181,25.0225583
113,5,23,8,35,2,04大安區,大安區辛亥路2段與建國南路2段口口,0,0,1,2,C03,7,6,5,50,3,1,1,5,4,5,13,2,1,1,4,5,2,17,2,29,2,3,5,1,7,5,1,10,1,14,,17,,1,22,121.5377181,25.0225583
113,5,23,8,35,2,04大安區,大安區辛亥路2段與建國南路2段口口,0,0,1,3,C03,7,6,5,50,3,1,1,5,4,5,13,2,1,1,4,5,2,17,1,29,3,10,5,1,7,5,1,10,1,14,,44,,1,22,121.5377181,25.0225583
113,5,23,8,53,2,12內湖區,內湖區民權東路6段191巷與金湖路363巷口,0,0,2,1,C03,7,5,5,30,3,2,1,5,4,5,13,3,1,10,5,5,2,17,1,37,2,8,6,1,7,6,1,9,1,17,,14,,1,21,121.5994864,25.07297647
113,5,23,8,53,2,12內湖區,內湖區民權東路6段191巷與金湖路363巷口,0,0,2,2,C03,7,5,5,30,3,2,1,5,4,5,13,3,1,10,5,5,2,17,1,25,2,3,6,1,7,12,1,9,1,17,,18,,1,21,121.5994864,25.07297647
113,5,23,9,0,2,08士林區,士林區文林路594巷26號,0,0,2,1,B02,7,6,5,30,14,9,1,5,4,5,13,4,4,10,5,5,2,17,2,31,2,7,7,1,7,9,1,8,2,5,,107,,1,22,121.5243183,25.0987025
113,5,23,9,0,2,08士林區,士林區文林路594巷26號,0,0,2,2,B03,7,6,5,30,14,9,1,5,4,5,13,4,4,10,5,5,2,17,1,42,3,10,3,4,7,13,6,8,9,7,,44,,1,22,121.5243183,25.0987025
113,5,23,9,0,2,08士林區,士林區文林路594巷26號,0,0,2,3,B03,7,6,5,30,14,9,1,5,4,5,13,4,4,10,5,5,2,17,2,35,3,10,3,4,7,13,1,8,9,3,,44,,1,22,121.5243183,25.0987025
113,5,23,9,0,2,08士林區,士林區文林路594巷26號,0,0,2,4,C03,7,6,5,30,14,9,1,5,4,5,13,4,4,10,5,5,2,17,1,39,3,10,3,4,7,13,1,10,9,13,,44,,1,22,121.5243183,25.0987025
113,5,23,9,0,2,08士林區,士林區文林路594巷26號,0,0,2,5,C03,7,6,5,30,14,9,1,5,4,5,13,4,4,10,5,5,2,17,1,55,3,10,3,4,7,13,1,10,9,14,,44,,1,22,121.5243183,25.0987025
113,5,23,9,0,2,08士林區,士林區文林路594巷26號,0,0,2,6,H02,7,6,5,30,14,9,1,5,4,5,13,4,4,10,5,5,2,17,2,40,2,3,2,5,7,17,8,20,10,16,,67,,1,22,121.5243183,25.0987025
113,5,23,9,0,2,08士林區,士林區文林路594巷26號,0,0,2,7,B03,7,6,5,30,14,9,1,5,4,5,13,4,4,10,5,5,2,17,1,72,3,10,3,4,7,13,1,8,9,3,,44,,1,22,121.5243183,25.0987025
113,5,23,9,4,2,03中山區,中山區錦西街與民生西路3巷口,0,0,1,1,C03,7,7,5,50,4,1,1,5,4,5,13,4,4,5,5,5,2,3,1,39,3,10,5,1,7,9,6,9,9,11,,70,,2,21,121.5219228,25.0603052
113,5,23,9,4,2,03中山區,中山區錦西街與民生西路3巷口,0,0,1,2,H01,7,7,5,50,4,1,1,5,4,5,13,4,4,5,5,5,2,3,2,39,2,9,4,5,8,16,8,20,10,16,,67,,1,22,121.5219228,25.0603052
113,5,23,9,24,2,01大同區,大同區民生西路與西寧北路口,0,0,1,1,B03,8,5,5,50,5,1,1,4,4,5,13,1,1,9,4,4,2,16,1,71,3,10,7,1,7,15,1,8,1,5,,9,,1,22,121.5089064,25.0568383
113,5,23,9,24,2,01大同區,大同區民生西路與西寧北路口,0,0,1,2,C03,8,5,5,50,5,1,1,4,4,5,13,1,1,9,4,4,2,16,2,30,2,8,6,1,7,1,1,10,1,14,,108,,1,22,121.5089064,25.0568383
113,5,23,9,38,2,04大安區,大安區仁愛路3段160號,0,0,1,1,B01,7,6,5,50,14,8,1,5,4,5,13,4,4,1,4,1,2,14,1,58,3,10,3,4,7,2,1,4,1,3,,12,,1,22,121.5428351,25.0377464
113,5,23,9,38,2,04大安區,大安區仁愛路3段160號,0,0,1,2,B01,7,6,5,50,14,8,1,5,4,5,13,4,4,1,4,1,2,14,1,63,2,1,3,4,7,14,1,4,1,1,,38,,1,22,121.5428351,25.0377464
113,5,23,9,45,2,04大安區,大安區新生北路1段7-2號,0,0,1,1,C03,7,6,5,50,14,9,1,5,4,5,13,1,1,1,4,5,2,16,2,33,2,9,6,1,7,10,1,10,1,11,,100,,1,21,121.5330009,25.0450075
113,5,23,9,45,2,04大安區,大安區新生北路1段7-2號,0,0,1,2,C03,7,6,5,50,14,9,1,5,4,5,13,1,1,1,4,5,2,16,1,22,3,10,6,1,7,9,1,10,1,11,,44,,1,21,121.5330009,25.0450075
113,5,23,9,45,2,04大安區,大安區新生北路1段7-2號,0,0,1,3,B03,7,6,5,50,14,9,1,5,4,5,13,1,1,1,4,5,2,16,1,42,3,10,3,4,7,14,1,8,1,3,,44,,1,21,121.5330009,25.0450075
113,5,23,11,28,2,06松山區,松山區民生東路5段69巷與民生東路5段口,0,0,3,1,C03,7,6,5,50,3,1,1,5,4,5,13,2,1,1,4,5,2,15,1,66,2,9,6,1,7,1,1,10,2,12,,19,,1,21,121.5582853,25.05852237
113,5,23,11,28,2,06松山區,松山區民生東路5段69巷與民生東路5段口,0,0,3,2,C03,7,6,5,50,3,1,1,5,4,5,13,2,1,1,4,5,2,15,1,74,2,9,6,1,7,9,1,10,2,11,,44,,1,21,121.5582853,25.05852237
113,5,23,11,28,2,06松山區,松山區民生東路5段69巷與民生東路5段口,0,0,3,3,H02,7,6,5,50,3,1,1,5,4,5,13,2,1,1,4,5,2,15,2,62,2,9,6,5,7,20,8,20,10,16,,67,,1,21,121.5582853,25.05852237
113,5,23,11,28,2,08士林區,士林區雨聲街與忠義街口,0,0,1,2,C03,6,6,5,50,5,2,1,4,4,5,13,4,4,9,5,5,1,17,1,19,2,9,5,1,7,9,1,10,1,14,,44,,1,21,121.5311655,25.10523624
113,5,23,11,28,2,08士林區,士林區雨聲街與忠義街口,0,0,1,1,B02,6,6,5,50,5,2,1,4,4,5,13,4,4,9,5,5,1,17,1,53,3,10,7,1,7,1,1,8,1,4,,19,,1,21,121.5311655,25.10523624
113,5,23,11,34,2,03中山區,中山區建國北路2段6巷,0,0,2,1,B12,8,6,5,50,14,9,1,5,4,5,13,4,4,1,4,5,2,13,1,64,2,1,7,1,7,9,1,8,2,1,,107,,1,21,121.53657,25.05254087
113,5,23,11,34,2,03中山區,中山區建國北路2段6巷,0,0,2,2,C03,8,6,5,50,14,9,1,5,4,5,13,4,4,1,4,5,2,13,1,22,2,9,6,1,7,14,1,10,2,13,,44,,1,21,121.53657,25.05254087