發生年度,發生月,發生日,發生時-Hours,發生分,處理別-編號,區序,肇事地點,死亡人數,2-30日死亡人數,受傷人數,當事人序號,車種,天候,道路照明設備,道路類別,速限-速度限制,道路型態,事故位置,路面狀況1,路面狀況2,路面狀況3,道路障礙1,道路障礙2,號誌1,號誌2,車道劃分-分向,車道劃分-分道1,車道劃分-分道2,車道劃分-分道3,事故類型及型態,性別,年齡,受傷程度,主要傷處,保護裝置,行動電話,車輛用途,當事者行動狀態,駕駛資格情形,駕駛執照種類,飲酒情形,車輛撞擊部位1,車輛撞擊部位2,肇因碼-個別,肇因碼-主要,個人肇逃否,職業,座標-X,座標-Y
113,5,23,11,44,2,02萬華區,萬華區萬大路與東園街口,0,0,2,1,C03,7,7,5,30,4,1,1,5,4,5,13,2,1,1,4,5,2,15,1,73,2,9,5,1,7,9,3,18,1,11,,44,,1,21,121.4987539,25.0215353
113,5,23,11,44,2,02萬華區,萬華區萬大路與東園街口,0,0,2,2,C03,7,7,5,30,4,1,1,5,4,5,13,2,1,1,4,5,2,15,1,62,2,9,5,1,7,9,1,10,1,11,,44,,1,21,121.4987539,25.0215353
113,5,23,11,56,2,11南港區,南港區重陽路532號對面,0,0,1,1,B03,6,7,5,50,14,7,1,4,4,5,13,4,4,5,4,4,2,16,1,39,3,10,7,1,7,1,1,8,2,8,,19,,1,21,121.6126441,25.0615724
113,5,23,11,56,2,11南港區,南港區重陽路532號對面,0,0,1,2,C03,6,7,5,50,14,7,1,4,4,5,13,4,4,5,4,4,2,16,1,28,2,7,5,1,7,9,1,10,2,11,,44,,1,21,121.6126441,25.0615724
113,5,23,12,10,2,04大安區,大安區辛亥路3段與基隆路3段口,0,0,2,1,C03,7,6,5,50,4,4,1,5,4,5,13,1,1,10,5,5,2,13,1,19,2,7,5,1,7,12,1,10,1,11,,108,,1,21,121.5469225,25.0195372
113,5,23,12,10,2,04大安區,大安區辛亥路3段與基隆路3段口,0,0,2,2,C03,7,6,5,50,4,4,1,5,4,5,13,1,1,10,5,5,2,13,1,35,2,8,5,1,7,12,1,10,1,13,,44,,1,21,121.5469225,25.0195372
113,5,23,12,24,2,04大安區,大安區辛亥路3段與辛亥路3段157巷口口,0,0,1,1,B03,7,6,5,50,14,9,1,5,4,5,13,2,1,1,4,5,2,12,1,63,3,10,7,1,7,7,1,8,1,2,,100,,1,21,121.5496119,25.0167312
113,5,23,12,24,2,04大安區,大安區辛亥路3段與辛亥路3段157巷口口,0,0,1,2,C03,7,6,5,50,14,9,1,5,4,5,13,2,1,1,4,5,2,12,1,20,2,9,5,1,7,9,1,10,1,14,,13,,1,21,121.5496119,25.0167312
113,5,23,12,30,2,03中山區,中山區民族東路336號與民族東路口,0,0,1,1,B03,8,7,5,50,3,1,1,5,4,5,13,2,1,7,2,5,2,17,1,62,3,10,7,1,7,5,1,8,1,2,,71,,1,21,121.5365414,25.068098
113,5,23,12,30,2,03中山區,中山區民族東路336號與民族東路口,0,0,1,2,C03,8,7,5,50,3,1,1,5,4,5,13,2,1,7,2,5,2,17,1,24,2,9,5,1,7,9,1,10,1,11,,107,,1,21,121.5365414,25.068098
113,5,23,13,15,2,12內湖區,內湖區成功路5段與大湖街166巷口,0,0,1,1,B03,8,5,5,40,3,1,1,5,4,5,13,4,4,1,3,4,1,16,2,45,3,10,3,4,7,6,1,8,1,6,,9,,1,22,121.6020799,25.08376958
113,5,23,13,15,2,12內湖區,內湖區成功路5段與大湖街166巷口,0,0,1,2,C03,8,5,5,40,3,1,1,5,4,5,13,4,4,1,3,4,1,16,1,21,2,9,3,4,7,9,1,10,1,11,,44,,1,22,121.6020799,25.08376958
113,5,23,13,49,2,05中正區,中正區濟南路1段2-2號前,0,0,1,1,B01,8,5,5,50,14,9,1,5,4,5,13,4,4,9,4,5,1,16,1,38,3,10,7,1,7,1,1,8,1,1,,19,,1,21,121.5203389,25.0429599
113,5,23,13,49,2,05中正區,中正區濟南路1段2-2號前,0,0,1,2,C03,8,5,5,50,14,9,1,5,4,5,13,4,4,9,4,5,1,16,2,45,2,9,5,1,7,9,1,10,1,12,,44,,1,21,121.5203389,25.0429599
113,5,23,13,49,2,05中正區,中正區濟南路1段2-2號前,0,0,1,3,B03,8,5,5,50,14,9,1,5,4,5,13,4,4,9,4,5,1,16,1,53,3,10,7,1,7,14,1,8,9,17,,44,,1,21,121.5203389,25.0429599
113,5,23,14,0,2,03中山區,中山區南京東路1段10號,0,0,1,1,F01,8,7,5,0,14,20,1,5,4,5,13,4,4,10,5,5,2,9,1,60,2,9,2,4,7,9,8,20,1,11,,44,,1,21,121.5232683,25.05210152
113,5,23,14,0,2,03中山區,中山區南京東路1段10號,0,0,1,2,H01,8,7,5,0,14,20,1,5,4,5,13,4,4,10,5,5,2,9,1,73,3,10,4,5,8,17,8,20,1,16,,67,,1,21,121.5232683,25.05210152
113,5,23,14,0,2,03中山區,中山區南京東路1段10號,0,0,1,3,F01,8,7,5,0,14,20,1,5,4,5,13,4,4,10,5,5,2,9,1,42,3,10,2,4,7,9,8,20,1,15,,44,,1,21,121.5232683,25.05210152
113,5,23,14,6,2,03中山區,中山區民權東路2段與中原街口,0,0,2,1,B01,6,6,5,50,4,2,1,4,4,5,13,2,1,1,4,5,2,12,1,68,3,10,7,1,7,7,1,4,2,3,,100,,1,21,121.529019,25.06248864
113,5,23,14,6,2,03中山區,中山區民權東路2段與中原街口,0,0,2,2,C03,6,6,5,50,4,2,1,4,4,5,13,2,1,1,4,5,2,12,1,26,2,9,6,1,7,9,1,10,2,11,,44,,1,21,121.529019,25.06248864
113,5,23,14,6,2,03中山區,中山區民權東路2段與中原街口,0,0,2,3,H02,6,6,5,50,4,2,1,4,4,5,13,2,1,1,4,5,2,12,2,24,2,9,6,5,7,20,8,20,10,17,,67,,1,21,121.529019,25.06248864
113,5,23,14,35,2,12內湖區,內湖區金龍路與金龍路213巷口,0,0,1,1,B03,7,6,5,50,3,1,1,5,4,5,13,3,1,5,4,4,2,16,1,69,3,10,7,1,7,11,1,8,1,1,,71,,1,21,121.587189,25.0879675
113,5,23,14,35,2,12內湖區,內湖區金龍路與金龍路213巷口,0,0,1,2,C03,7,6,5,50,3,1,1,5,4,5,13,3,1,5,4,4,2,16,1,19,2,9,5,1,7,9,1,10,1,14,,108,,1,21,121.587189,25.0879675
113,5,23,14,35,2,07信義區,信義區信義路5段與莊敬路口,0,0,1,1,C03,8,7,5,50,4,2,1,5,4,5,13,2,1,5,4,5,2,13,1,36,2,7,3,4,7,14,1,10,1,13,,44,,1,22,121.56111,25.0329468
113,5,23,14,35,2,07信義區,信義區信義路5段與莊敬路口,0,0,1,2,C03,8,7,5,50,4,2,1,5,4,5,13,2,1,5,4,5,2,13,2,46,3,10,3,4,7,9,1,10,1,11,,42,,1,22,121.56111,25.0329468
113,5,23,15,17,2,04大安區,大安區信義路4段265巷40號,0,0,2,1,B03,6,5,5,30,14,9,1,4,4,5,13,4,4,4,3,5,2,17,1,64,3,10,7,1,7,14,1,8,1,4,,40,,1,21,121.555295,25.0348009
113,5,23,15,17,2,04大安區,大安區信義路4段265巷40號,0,0,2,2,C03,6,5,5,30,14,9,1,4,4,5,13,4,4,4,3,5,2,17,1,36,2,9,6,1,7,9,1,10,1,14,,13,,1,21,121.555295,25.0348009
113,5,23,15,17,2,04大安區,大安區信義路4段265巷40號,0,0,2,3,C03,6,5,5,30,14,9,1,4,4,5,13,4,4,4,3,5,2,17,1,51,2,8,6,1,7,9,1,10,1,11,,44,,1,21,121.555295,25.0348009
113,5,23,15,22,2,09北投區,北投區自強街與自強街141巷口,0,0,1,1,F02,6,7,5,50,4,1,1,4,4,5,13,4,4,5,5,5,2,17,2,73,2,9,4,1,7,5,8,20,1,12,,8,,1,21,121.5161325,25.11096048
113,5,23,15,22,2,09北投區,北投區自強街與自強街141巷口,0,0,1,2,C03,6,7,5,50,4,1,1,4,4,5,13,4,4,5,5,5,2,17,1,46,3,10,5,1,7,1,1,10,2,11,,19,,1,26,121.5161325,25.11096048
113,5,23,15,38,2,10文山區,文山區保儀路84號,0,0,1,1,C03,7,7,5,50,14,9,1,5,4,3,13,4,4,9,5,5,2,17,2,45,2,8,5,1,7,11,1,10,1,11,,118,,1,21,121.5685999,24.987325
113,5,23,15,38,2,10文山區,文山區保儀路84號,0,0,1,2,B03,7,7,5,50,14,9,1,5,4,3,13,4,4,9,5,5,2,17,2,65,3,10,7,1,7,9,1,8,1,8,,118,,1,21,121.5685999,24.987325
113,5,23,15,47,2,01大同區,大同區延平北路2段與延平北路2段272巷口,0,0,1,1,C03,7,6,5,50,5,2,1,5,4,5,13,4,4,5,5,5,2,16,1,46,2,9,6,1,7,7,1,10,1,11,,44,,1,21,121.5112673,25.0617501
113,5,23,15,47,2,01大同區,大同區延平北路2段與延平北路2段272巷口,0,0,1,2,C03,7,6,5,50,5,2,1,5,4,5,13,4,4,5,5,5,2,16,1,39,3,10,6,1,7,11,1,9,1,14,,44,,1,21,121.5112673,25.0617501
113,5,23,15,50,2,05中正區,中正區南海路與牯嶺街口,0,0,1,1,B01,8,7,5,30,4,1,1,5,4,1,13,2,1,10,4,5,2,16,1,54,3,10,7,1,7,5,1,4,1,4,,8,,1,21,121.5149941,25.0320047
113,5,23,15,50,2,05中正區,中正區南海路與牯嶺街口,0,0,1,2,C03,8,7,5,30,4,1,1,5,4,1,13,2,1,10,4,5,2,16,1,25,2,7,5,1,7,9,1,10,1,11,,108,,1,21,121.5149941,25.0320047
113,5,23,15,57,2,02萬華區,萬華區萬大路與萬大路237巷口,0,0,1,1,B03,7,6,5,30,4,1,1,5,4,5,13,2,1,1,4,5,2,3,2,71,3,10,7,1,7,6,1,8,1,1,,108,,1,21,121.5005322,25.0264331
113,5,23,15,57,2,02萬華區,萬華區萬大路與萬大路237巷口,0,0,1,2,H01,7,6,5,30,4,1,1,5,4,5,13,2,1,1,4,5,2,3,2,64,2,8,4,5,8,16,8,20,10,16,,121,,1,21,121.5005322,25.0264331
113,5,23,16,9,2,01大同區,大同區塔城街36號對面,0,0,1,1,B03,7,6,5,50,14,9,1,5,4,5,13,4,4,5,4,5,2,16,1,34,3,10,3,4,7,11,1,8,1,8,,44,,1,21,121.5104795,25.0514934
113,5,23,16,9,2,01大同區,大同區塔城街36號對面,0,0,1,2,C03,7,6,5,50,14,9,1,5,4,5,13,4,4,5,4,5,2,16,1,29,2,8,5,1,7,9,1,10,1,12,,108,,1,21,121.5104795,25.0514934
113,5,23,16,15,2,05中正區,中正區中正橋上往台北市方向,0,0,1,1,B03,6,6,5,30,14,9,1,4,4,1,11,4,4,1,4,5,1,17,1,66,3,10,7,1,7,9,1,8,2,5,,107,,1,21,121.5169923,25.0225189
113,5,23,16,15,2,05中正區,中正區中正橋上往台北市方向,0,0,1,2,C03,6,6,5,30,14,9,1,4,4,1,11,4,4,1,4,5,1,17,2,20,2,8,6,1,7,9,1,10,2,12,,42,,1,21,121.5169923,25.0225189
113,5,23,16,15,2,05中正區,中正區中正橋上往台北市方向,0,0,1,3,H02,6,6,5,30,14,9,1,4,4,1,11,4,4,1,4,5,1,17,2,71,4,11,7,5,7,20,8,20,10,16,,67,,1,21,121.5169923,25.0225189
113,5,23,16,15,2,05中正區,中正區中正橋上往台北市方向,0,0,1,4,,6,6,5,30,14,9,1,4,4,1,11,4,4,1,4,5,1,17,3,0,,,,,,,,,,,,67,,1,,121.5169923,25.0225189
113,5,23,16,27,2,12內湖區,內湖區民權東路6段與民權東路6段232巷口,0,0,1,1,B03,6,6,5,50,4,1,1,4,4,5,13,1,1,1,3,5,1,17,1,76,4,11,3,4,7,21,7,19,11,17,,119,,2,21,121.6004029,25.06684183
113,5,23,16,27,2,12內湖區,內湖區民權東路6段與民權東路6段232巷口,0,0,1,2,C03,6,6,5,50,4,1,1,4,4,5,13,1,1,1,3,5,1,17,1,21,2,9,6,1,7,9,1,10,2,12,,42,,1,21,121.6004029,25.06684183
113,5,23,16,27,2,12內湖區,內湖區民權東路6段與民權東路6段232巷口,0,0,1,3,,6,6,5,50,4,1,1,4,4,5,13,1,1,1,3,5,1,17,3,0,,,,,,,,,,,,67,,1,,121.6004029,25.06684183
113,5,23,16,44,2,12內湖區,內湖區康寧路3段與安康路口,0,0,1,1,B11,6,5,5,50,4,1,1,4,4,5,13,1,1,1,4,5,2,16,1,45,3,10,7,1,7,11,1,8,1,5,,80,,1,21,121.611018,25.0649037
113,5,23,16,44,2,12內湖區,內湖區康寧路3段與安康路口,0,0,1,2,C03,6,5,5,50,4,1,1,4,4,5,13,1,1,1,4,5,2,16,2,39,2,9,6,1,7,9,1,10,1,14,,44,,1,21,121.611018,25.0649037
113,5,23,16,56,2,01大同區,大同區酒泉街與大龍街口,0,0,1,1,C03,6,5,5,50,5,1,1,4,4,5,13,2,1,9,4,5,2,15,1,65,2,9,6,1,7,9,1,10,2,12,,81,,1,22,121.5158895,25.0719656
113,5,23,16,56,2,01大同區,大同區酒泉街與大龍街口,0,0,1,2,B03,6,5,5,50,5,1,1,4,4,5,13,2,1,9,4,5,2,15,1,75,3,10,2,1,7,15,1,8,2,1,,44,,1,22,121.5158895,25.0719656
113,5,23,17,14,2,10文山區,文山區興隆路3段與興隆路4段口,0,0,1,1,C04,6,6,5,50,3,2,1,4,4,5,13,2,1,1,4,5,2,12,1,77,2,9,5,1,7,8,1,10,2,13,,100,,1,21,121.5588383,24.9912772
113,5,23,17,14,2,10文山區,文山區興隆路3段與興隆路4段口,0,0,1,2,B03,6,6,5,50,3,2,1,4,4,5,13,2,1,1,4,5,2,12,1,45,3,10,7,1,7,9,1,8,2,5,,44,,1,21,121.5588383,24.9912772
113,5,23,17,40,2,08士林區,士林區延平北路7段106巷與延平北路7段106巷94弄口,0,0,1,1,B03,6,7,5,30,3,1,1,4,4,5,13,4,4,10,5,5,1,17,1,52,3,10,7,1,7,6,1,8,1,17,,72,,1,21,121.496237,25.099148
113,5,23,17,40,2,08士林區,士林區延平北路7段106巷與延平北路7段106巷94弄口,0,0,1,2,C03,6,7,5,30,3,1,1,4,4,5,13,4,4,10,5,5,1,17,1,21,2,8,6,1,7,9,1,10,1,14,,14,,1,21,121.496237,25.099148
113,5,23,17,40,2,07信義區,信義區忠孝東路5段236巷與忠孝東路5段236巷45弄口口,0,0,2,1,C03,6,5,5,30,3,1,1,4,4,5,13,4,4,5,5,5,2,16,2,30,2,7,6,1,7,5,1,10,1,14,,8,,1,21,121.5718573,25.0376513
113,5,23,17,40,2,07信義區,信義區忠孝東路5段236巷與忠孝東路5段236巷45弄口口,0,0,2,2,C03,6,5,5,30,3,1,1,4,4,5,13,4,4,5,5,5,2,16,1,25,2,9,6,1,7,9,1,10,1,12,14,44,,1,21,121.5718573,25.0376513
113,5,23,17,43,2,05中正區,中正區重慶南路1段130號,0,0,1,1,B03,6,6,5,50,14,9,1,4,4,5,13,4,4,5,4,5,2,16,1,44,3,10,7,4,7,5,1,10,2,6,,8,,1,22,121.512571,25.03687212
113,5,23,17,43,2,05中正區,中正區重慶南路1段130號,0,0,1,2,C03,6,6,5,50,14,9,1,4,4,5,13,4,4,5,4,5,2,16,1,34,2,9,6,4,7,9,1,10,2,11,,108,,1,22,121.512571,25.03687212
113,5,23,17,43,2,11南港區,南港區忠孝東路7段與忠孝東路7段265巷口,0,0,2,1,C03,7,6,5,50,4,2,1,5,4,5,11,1,1,1,4,4,2,12,1,35,2,9,6,1,7,8,1,10,1,12,,108,,1,21,121.6033332,25.0517661
113,5,23,17,43,2,11南港區,南港區忠孝東路7段與忠孝東路7段265巷口,0,0,2,2,B12,7,6,5,50,4,2,1,5,4,5,11,1,1,1,4,4,2,12,1,30,3,10,7,1,7,3,1,8,1,7,,18,,1,21,121.6033332,25.0517661
113,5,23,17,43,2,11南港區,南港區忠孝東路7段與忠孝東路7段265巷口,0,0,2,3,C03,7,6,5,50,4,2,1,5,4,5,11,1,1,1,4,4,2,12,1,35,2,9,6,1,7,9,1,10,1,11,,44,,1,21,121.6033332,25.0517661
113,5,23,17,50,2,12內湖區,內湖區新明路與新明路262巷口口,0,0,1,1,C03,6,6,5,40,3,1,1,4,4,5,13,4,4,5,4,4,2,17,2,49,3,10,5,1,7,5,1,10,1,11,,80,,1,21,121.5833113,25.05652106
113,5,23,17,50,2,12內湖區,內湖區新明路與新明路262巷口口,0,0,1,2,C03,6,6,5,40,3,1,1,4,4,5,13,4,4,5,4,4,2,17,2,33,2,9,5,1,7,9,1,10,1,14,,14,,1,21,121.5833113,25.05652106
113,5,23,17,57,2,01大同區,大同區延平北路3段與延平北路3段18巷口,0,0,3,1,C03,6,6,5,50,3,18,1,4,4,5,13,4,4,5,4,5,2,3,1,65,2,9,5,4,7,9,1,10,2,11,,70,,1,21,121.5117443,25.063854
113,5,23,17,57,2,01大同區,大同區延平北路3段與延平北路3段18巷口,0,0,3,2,H01,6,6,5,50,3,18,1,4,4,5,13,4,4,5,4,5,2,3,1,75,2,9,4,5,8,16,8,20,10,16,,67,,1,21,121.5117443,25.063854
113,5,23,17,57,2,01大同區,大同區延平北路3段與延平北路3段18巷口,0,0,3,3,H01,6,6,5,50,3,18,1,4,4,5,13,4,4,5,4,5,2,3,2,76,2,9,4,5,8,16,8,20,10,16,,67,,1,21,121.5117443,25.063854
113,5,23,18,0,2,08士林區,士林區光華路與長春街2巷口,0,0,1,1,B03,6,5,5,30,3,1,1,4,4,5,13,4,4,10,5,5,1,16,1,23,3,10,7,1,7,5,1,8,1,1,,71,,1,21,121.5443487,25.1378495
113,5,23,18,0,2,08士林區,士林區光華路與長春街2巷口,0,0,1,2,C03,6,5,5,30,3,1,1,4,4,5,13,4,4,10,5,5,1,16,1,21,2,9,6,1,7,9,1,10,1,12,,14,,1,21,121.5443487,25.1378495
113,5,23,18,4,2,09北投區,北投區承德路7段與立賢路口,0,0,1,1,C03,6,7,5,60,4,1,1,4,4,5,13,4,4,1,4,4,2,17,2,21,3,10,6,1,7,15,1,10,2,13,,100,,1,21,121.5049188,25.1161566
113,5,23,18,4,2,09北投區,北投區承德路7段與立賢路口,0,0,1,2,C03,6,7,5,60,4,1,1,4,4,5,13,4,4,1,4,4,2,17,1,64,2,9,6,1,7,9,1,10,2,11,,44,,1,21,121.5049188,25.1161566
113,5,23,18,18,2,01大同區,大同區承德路2段與平陽街口,0,0,1,1,B03,6,5,5,50,5,1,1,4,4,5,13,1,1,1,5,5,2,16,2,58,3,10,7,1,7,5,1,8,1,5,,44,,1,21,121.518071,25.0548041
113,5,23,18,18,2,01大同區,大同區承德路2段與平陽街口,0,0,1,2,C03,6,5,5,50,5,1,1,4,4,5,13,1,1,1,5,5,2,16,1,42,2,9,6,1,7,9,1,10,1,11,,44,,1,21,121.518071,25.0548041
113,5,23,18,25,2,12內湖區,內湖區瑞光路與瑞光路316巷口,0,0,1,1,C03,6,5,5,50,3,2,1,4,4,5,13,2,1,7,4,5,2,17,2,61,2,9,6,1,7,8,1,10,1,13,,100,,1,21,121.5739787,25.0768153
113,5,23,18,25,2,12內湖區,內湖區瑞光路與瑞光路316巷口,0,0,1,2,B01,6,5,5,50,3,2,1,4,4,5,13,2,1,7,4,5,2,17,1,47,3,10,7,1,7,9,1,2,1,8,,44,,1,21,121.5739787,25.0768153
113,5,23,18,25,2,12內湖區,內湖區瑞光路與瑞光路316巷口,0,0,1,3,B03,6,5,5,50,3,2,1,4,4,5,13,2,1,7,4,5,2,17,1,39,3,10,7,1,7,14,1,8,1,2,,44,,1,21,121.5739787,25.0768153
113,5,23,18,30,2,03中山區,中山區市民大道3段與新生北路1段62巷口,0,0,2,1,C03,6,5,5,40,4,1,1,4,4,5,13,1,1,1,4,5,2,13,1,61,3,10,5,4,7,9,1,10,1,11,,107,,1,22,121.530547,25.04597218
113,5,23,18,30,2,03中山區,中山區市民大道3段與新生北路1段62巷口,0,0,2,2,C03,6,5,5,40,4,1,1,4,4,5,13,1,1,1,4,5,2,13,2,28,3,10,6,4,7,9,1,10,1,13,,44,,1,22,121.530547,25.04597218
113,5,23,18,30,2,03中山區,中山區市民大道3段與新生北路1段62巷口,0,0,2,3,C03,6,5,5,40,4,1,1,4,4,5,13,1,1,1,4,5,2,13,2,24,2,7,6,4,7,7,6,10,1,12,,107,,1,22,121.530547,25.04597218
113,5,23,18,30,2,03中山區,中山區市民大道3段與新生北路1段62巷口,0,0,2,4,H02,6,5,5,40,4,1,1,4,4,5,13,1,1,1,4,5,2,13,2,26,2,9,5,5,7,17,8,20,10,16,,67,,1,22,121.530547,25.04597218
113,5,23,18,45,2,03中山區,中山區植福路與敬業三路口,0,0,1,1,C03,6,5,5,50,4,1,1,4,4,5,13,1,1,1,4,5,2,17,2,19,2,8,6,1,7,5,1,10,1,13,,103,,1,21,121.5563169,25.08401087
113,5,23,18,45,2,03中山區,中山區植福路與敬業三路口,0,0,1,2,B03,6,5,5,50,4,1,1,4,4,5,13,1,1,1,4,5,2,17,1,37,3,10,7,1,7,9,1,8,1,5,,44,,1,21,121.5563169,25.08401087
113,5,23,18,49,2,07信義區,信義區永吉路與中坡北路口,0,0,1,1,B01,6,5,5,50,4,1,1,4,4,5,13,2,1,5,4,4,2,16,1,67,3,10,3,4,7,6,1,4,1,6,,9,,1,21,121.580646,25.0452867
113,5,23,18,49,2,07信義區,信義區永吉路與中坡北路口,0,0,1,2,C03,6,5,5,50,4,1,1,4,4,5,13,2,1,5,4,4,2,16,2,34,2,8,6,4,7,9,1,10,1,14,,44,,1,21,121.580646,25.0452867
113,5,23,19,34,2,12內湖區,內湖區內湖路2段103巷與麗山街37巷口,0,0,2,1,C03,6,5,5,50,3,1,1,4,4,5,13,4,4,5,5,5,2,16,1,39,2,9,5,1,7,5,1,10,1,12,,74,,1,21,121.5819654,25.08072598
113,5,23,19,34,2,12內湖區,內湖區內湖路2段103巷與麗山街37巷口,0,0,2,2,C03,6,5,5,50,3,1,1,4,4,5,13,4,4,5,5,5,2,16,1,36,2,9,5,1,7,9,1,10,1,11,,13,,1,21,121.5819654,25.08072598
113,5,23,19,35,2,07信義區,信義區基隆路1段200號,0,0,1,1,C03,6,5,8,50,22,22,1,4,4,5,13,4,4,1,4,5,2,17,1,26,3,10,6,1,7,9,1,10,9,17,,44,,2,22,121.5637337,25.0400442
113,5,23,19,35,2,07信義區,信義區基隆路1段200號,0,0,1,2,C03,6,5,8,50,22,22,1,4,4,5,13,4,4,1,4,5,2,17,2,26,2,8,6,1,7,9,1,10,1,12,,16,,1,21,121.5637337,25.0400442
113,5,23,19,35,2,07信義區,信義區基隆路1段200號,0,0,1,3,C03,6,5,8,50,22,22,1,4,4,5,13,4,4,1,4,5,2,17,2,24,3,10,6,1,7,9,1,10,9,17,,44,,1,22,121.5637337,25.0400442
113,5,23,20,3,2,04大安區,大安區復興南路2段78巷與復興南路2段口,0,0,1,1,C03,6,5,5,50,4,2,1,4,4,5,13,2,1,8,3,5,1,13,1,57,2,8,5,1,7,15,1,10,1,11,,108,,1,26,121.5434479,25.0311767
113,5,23,20,3,2,04大安區,大安區復興南路2段78巷與復興南路2段口,0,0,1,2,B03,6,5,5,50,4,2,1,4,4,5,13,2,1,8,3,5,1,13,1,33,3,10,7,1,7,14,1,8,1,7,,44,,1,21,121.5434479,25.0311767
113,5,23,21,0,2,11南港區,南港區南港路1段與興中路口口,0,0,2,1,B01,7,5,5,50,4,1,1,5,4,5,13,2,1,5,4,5,2,16,1,55,3,10,7,1,7,5,1,4,2,5,,71,,1,21,121.6074801,25.0544542
113,5,23,21,0,2,11南港區,南港區南港路1段與興中路口口,0,0,2,2,C03,7,5,5,50,4,1,1,5,4,5,13,2,1,5,4,5,2,16,1,24,2,9,6,1,7,9,1,10,2,11,,44,,1,21,121.6074801,25.0544542
113,5,23,21,0,2,11南港區,南港區南港路1段與興中路口口,0,0,2,3,H02,7,5,5,50,4,1,1,5,4,5,13,2,1,5,4,5,2,16,2,22,2,9,6,5,7,20,8,20,10,16,,67,,1,21,121.6074801,25.0544542
113,5,23,21,10,2,11南港區,南港區忠孝東路6段與永吉路口,0,0,2,1,C03,6,5,5,50,5,1,1,4,4,5,13,2,1,1,3,4,2,1,1,18,2,8,5,1,7,5,1,10,2,12,,70,,1,21,121.5824742,25.0451072
113,5,23,21,10,2,11南港區,南港區忠孝東路6段與永吉路口,0,0,2,2,H01,6,5,5,50,5,1,1,4,4,5,13,2,1,1,3,4,2,1,2,74,2,9,4,5,8,16,8,20,10,16,,67,,1,21,121.5824742,25.0451072
113,5,23,21,34,2,06松山區,松山區復興南路1段31號,0,0,1,1,C03,7,5,5,50,14,9,1,4,4,5,13,4,4,1,3,5,2,18,2,53,2,9,5,1,7,9,1,10,1,12,,42,,1,21,121.5440468,25.04701816
113,5,23,21,34,2,06松山區,松山區復興南路1段31號,0,0,1,2,,7,5,5,50,14,9,1,4,4,5,13,4,4,1,3,5,2,18,3,0,,,,,,,,,,,,67,,1,,121.5440468,25.04701816
113,5,23,22,31,2,05中正區,中正區汀州路1段200號,0,0,1,2,F01,7,5,5,50,14,9,1,5,4,5,13,4,4,5,5,5,2,17,1,68,2,9,4,1,7,9,8,20,1,12,,47,,1,22,121.5094113,25.02798
113,5,23,22,31,2,05中正區,中正區汀州路1段200號,0,0,1,1,B03,7,5,5,50,14,9,1,5,4,5,13,4,4,5,5,5,2,17,1,27,3,10,7,1,7,13,1,8,9,4,,40,,1,22,121.5094113,25.02798
113,5,23,23,26,2,01大同區,大同區承德路2段與承德路2段91巷口,0,0,3,1,C03,7,5,5,30,3,1,1,5,4,5,13,4,4,1,4,5,2,17,1,33,2,9,5,4,7,6,1,10,1,12,,80,,1,21,121.5183492,25.0562503
113,5,23,23,26,2,01大同區,大同區承德路2段與承德路2段91巷口,0,0,3,2,F01,7,5,5,30,3,1,1,5,4,5,13,4,4,1,4,5,2,17,1,36,2,9,4,4,7,9,8,20,1,14,,44,,1,21,121.5183492,25.0562503
113,5,23,23,26,2,01大同區,大同區承德路2段與承德路2段91巷口,0,0,3,3,H02,7,5,5,30,3,1,1,5,4,5,13,4,4,1,4,5,2,17,2,39,2,9,4,5,7,20,8,20,10,16,,67,,1,21,121.5183492,25.0562503
113,5,23,23,46,2,04大安區,大安區辛亥路3段與芳蘭路口,0,0,2,1,C03,7,5,5,50,14,9,1,5,4,5,13,4,4,9,4,5,1,13,1,21,2,9,3,4,7,9,1,10,1,11,,108,,1,25,121.5493957,25.0165001
113,5,23,23,46,2,04大安區,大安區辛亥路3段與芳蘭路口,0,0,2,2,F01,7,5,5,50,14,9,1,5,4,5,13,4,4,9,4,5,1,13,2,53,2,9,2,4,7,9,8,20,1,15,,44,,1,22,121.5493957,25.0165001
113,5,24,0,25,2,08士林區,士林區中山北路5段與劍潭路口口,0,0,2,1,C03,6,5,5,50,3,1,1,4,4,5,13,2,1,1,4,5,1,29,2,18,2,7,5,1,7,9,1,10,2,12,,108,,1,21,121.5253845,25.08399457
113,5,24,0,25,2,08士林區,士林區中山北路5段與劍潭路口口,0,0,2,2,,6,5,5,50,3,1,1,4,4,5,13,2,1,1,4,5,1,29,3,0,,,,,,,,,,,,67,,1,,121.5253845,25.08399457
113,5,24,0,25,2,08士林區,士林區中山北路5段與劍潭路口口,0,0,2,3,H02,6,5,5,50,3,1,1,4,4,5,13,2,1,1,4,5,1,29,2,17,2,9,5,5,7,20,8,20,10,16,,60,,1,21,121.5253845,25.08399457
113,5,24,6,25,2,08士林區,士林區華齡街與大南路251巷口,0,0,1,1,C03,6,7,5,30,4,1,1,4,4,5,13,4,4,5,5,5,1,15,2,43,2,9,5,1,7,9,1,10,1,11,,14,,1,21,121.5183568,25.04847309
113,5,24,6,25,2,08士林區,士林區華齡街與大南路251巷口,0,0,1,2,B01,6,7,5,30,4,1,1,4,4,5,13,4,4,5,5,5,1,15,1,66,3,10,7,1,7,9,1,4,1,4,,14,,1,21,121.5183568,25.04847309