發生年度,發生月,發生日,發生時-Hours,發生分,處理別-編號,區序,肇事地點,死亡人數,2-30日死亡人數,受傷人數,當事人序號,車種,天候,道路照明設備,道路類別,速限-速度限制,道路型態,事故位置,路面狀況1,路面狀況2,路面狀況3,道路障礙1,道路障礙2,號誌1,號誌2,車道劃分-分向,車道劃分-分道1,車道劃分-分道2,車道劃分-分道3,事故類型及型態,性別,年齡,受傷程度,主要傷處,保護裝置,行動電話,車輛用途,當事者行動狀態,駕駛資格情形,駕駛執照種類,飲酒情形,車輛撞擊部位1,車輛撞擊部位2,肇因碼-個別,肇因碼-主要,個人肇逃否,職業,座標-X,座標-Y
113,5,24,6,42,2,10文山區,文山區木柵路2段與興隆路4段口,0,0,1,1,C03,6,6,5,50,14,9,1,4,4,5,13,1,1,5,4,5,2,13,2,18,2,8,6,1,7,9,1,10,1,11,,108,,1,21,121.5599325,24.9886979
113,5,24,6,42,2,10文山區,文山區木柵路2段與興隆路4段口,0,0,1,2,B03,6,6,5,50,14,9,1,4,4,5,13,1,1,5,4,5,2,13,2,43,3,10,7,1,7,6,1,10,1,7,,44,,1,21,121.5599325,24.9886979
113,5,24,6,57,2,03中山區,中山區松江路新生公園旁,0,0,1,1,B03,6,6,5,50,14,9,1,4,4,5,13,4,4,10,4,5,2,12,1,60,3,10,3,4,7,8,1,8,1,7,,100,,1,21,121.5335527,25.0705574
113,5,24,6,57,2,03中山區,中山區松江路新生公園旁,0,0,1,2,A31,6,6,5,50,14,9,1,4,4,5,13,4,4,10,4,5,2,12,1,62,3,10,3,4,7,7,1,1,1,5,,100,,1,21,121.5335527,25.0705574
113,5,24,6,57,2,03中山區,中山區松江路新生公園旁,0,0,1,3,H02,6,6,5,50,14,9,1,4,4,5,13,4,4,10,4,5,2,12,2,56,2,1,3,5,7,20,8,20,10,17,,67,,1,21,121.5335527,25.0705574
113,5,24,7,13,2,02萬華區,萬華區中華路2段516號,0,0,1,1,H01,6,5,8,50,22,18,1,4,4,5,13,1,1,10,5,5,2,6,1,11,2,9,4,5,8,18,8,20,1,16,,122,,1,14,121.508524,25.02556621
113,5,24,7,13,2,02萬華區,萬華區中華路2段516號,0,0,1,2,B01,6,5,8,50,22,18,1,4,4,5,13,1,1,10,5,5,2,6,1,58,3,10,3,4,7,9,1,4,2,5,,70,,1,21,121.508524,25.02556621
113,5,24,7,26,2,05中正區,中正區市民大道3段2號,0,0,1,1,C03,6,7,5,40,14,9,1,4,4,5,13,4,4,1,4,5,2,13,1,23,3,10,5,1,7,9,1,10,1,11,,16,,1,21,121.53107,25.0458327
113,5,24,7,26,2,05中正區,中正區市民大道3段2號,0,0,1,2,C03,6,7,5,40,14,9,1,4,4,5,13,4,4,1,4,5,2,13,1,32,2,9,5,1,7,12,1,10,1,13,,44,,1,21,121.53107,25.0458327
113,5,24,7,29,2,04大安區,大安區敦化南路1段262號,0,0,1,1,B03,6,5,5,50,14,8,1,4,4,5,13,4,4,1,3,1,2,18,1,55,3,10,3,4,7,14,1,8,11,2,,40,,2,22,121.5485926,25.0393743
113,5,24,7,29,2,04大安區,大安區敦化南路1段262號,0,0,1,2,C03,6,5,5,50,14,8,1,4,4,5,13,4,4,1,3,1,2,18,1,49,2,9,3,4,7,9,1,10,1,12,,44,,1,22,121.5485926,25.0393743
113,5,24,7,29,2,04大安區,大安區敦化南路1段262號,0,0,1,3,H02,6,5,5,50,14,8,1,4,4,5,13,4,4,1,3,1,2,18,2,13,4,11,3,5,7,21,8,20,10,16,,67,,1,14,121.5485926,25.0393743
113,5,24,7,38,2,10文山區,文山區萬慶街與萬慶街13巷口,0,0,1,1,C03,6,6,5,30,4,1,1,4,4,5,13,4,4,10,5,5,2,15,1,19,2,9,6,1,7,9,1,10,1,11,,14,,1,21,121.5399394,24.9923615
113,5,24,7,38,2,10文山區,文山區萬慶街與萬慶街13巷口,0,0,1,2,B03,6,6,5,30,4,1,1,4,4,5,13,4,4,10,5,5,2,15,1,47,3,10,7,1,7,9,1,8,1,8,,14,,1,21,121.5399394,24.9923615
113,5,24,7,40,2,03中山區,中山區建國北路3段與松江路口,0,0,1,1,B03,6,6,5,50,5,1,1,4,4,5,13,1,1,1,4,5,2,17,2,52,3,10,7,1,7,5,1,8,1,8,,8,,1,21,121.5335084,25.0676428
113,5,24,7,40,2,03中山區,中山區建國北路3段與松江路口,0,0,1,2,C03,6,6,5,50,5,1,1,4,4,5,13,1,1,1,4,5,2,17,1,26,2,9,6,1,7,9,1,10,1,11,,44,,1,21,121.5335084,25.0676428
113,5,24,7,40,2,09北投區,北投區承德路7段97號,0,0,2,1,C03,6,5,5,60,14,8,1,4,4,5,13,4,4,3,4,4,2,16,1,43,2,9,5,1,7,6,1,10,2,12,,9,,1,21,121.5098492,25.1116846
113,5,24,7,40,2,09北投區,北投區承德路7段97號,0,0,2,2,C03,6,5,5,60,14,8,1,4,4,5,13,4,4,3,4,4,2,16,2,58,2,9,5,1,7,9,1,10,2,11,,44,,1,21,121.5098492,25.1116846
113,5,24,7,59,2,04大安區,大安區溫州街與新生南路3段76巷口,0,0,2,1,C03,7,5,5,20,4,1,1,4,4,5,13,4,4,5,5,5,2,15,1,40,2,8,6,1,7,9,1,10,1,14,,72,,1,21,121.5328449,25.0192427
113,5,24,7,59,2,04大安區,大安區溫州街與新生南路3段76巷口,0,0,2,2,C03,7,5,5,20,4,1,1,4,4,5,13,4,4,5,5,5,2,15,1,28,2,9,6,1,7,9,1,10,1,11,,13,,1,21,121.5328449,25.0192427
113,5,24,8,13,2,03中山區,中山區中山北路3段與酒泉街口,0,0,1,1,C03,8,5,5,50,4,2,1,4,4,5,13,2,1,5,4,5,2,17,2,28,2,9,3,4,7,9,1,10,2,11,,44,,1,21,121.5234151,25.0708751
113,5,24,8,13,2,03中山區,中山區中山北路3段與酒泉街口,0,0,1,2,C03,8,5,5,50,4,2,1,4,4,5,13,2,1,5,4,5,2,17,1,55,3,10,3,4,7,11,1,10,1,14,,83,,1,21,121.5234151,25.0708751
113,5,24,8,16,2,03中山區,中山區建國北路2段96巷與建國北路2段口,0,0,1,1,B03,6,7,5,50,3,1,1,4,4,5,13,4,4,1,4,5,2,16,2,44,3,10,7,1,7,6,1,8,1,2,,9,,1,22,121.5366153,25.0574501
113,5,24,8,16,2,03中山區,中山區建國北路2段96巷與建國北路2段口,0,0,1,2,C03,6,7,5,50,3,1,1,4,4,5,13,4,4,1,4,5,2,16,1,22,2,9,6,1,7,9,1,10,1,11,,14,,1,22,121.5366153,25.0574501
113,5,24,8,30,2,05中正區,中正區中山南路與信義路1段口,0,0,2,1,C03,6,7,5,50,5,18,1,4,4,5,13,1,1,1,5,5,2,3,1,28,2,8,5,1,7,9,1,10,1,12,,70,,1,21,121.5180535,25.0383913
113,5,24,8,30,2,05中正區,中正區中山南路與信義路1段口,0,0,2,2,H01,6,7,5,50,5,18,1,4,4,5,13,1,1,1,5,5,2,3,2,73,2,9,4,5,8,16,8,20,10,16,,67,,1,21,121.5180535,25.0383913
113,5,24,8,36,2,07信義區,信義區松隆路與中坡北路口,0,0,1,1,C03,6,7,5,50,3,1,1,4,4,5,13,1,1,1,4,5,2,17,1,45,3,10,3,4,7,6,1,10,9,15,,9,,2,22,121.5800369,25.0482346
113,5,24,8,36,2,07信義區,信義區松隆路與中坡北路口,0,0,1,2,C03,6,7,5,50,3,1,1,4,4,5,13,1,1,1,4,5,2,17,1,28,2,8,6,1,7,9,1,10,1,14,,108,,1,22,121.5800369,25.0482346
113,5,24,8,38,2,07信義區,信義區基隆路2段與嘉興街127巷口,0,0,1,1,C03,6,7,5,50,3,2,1,4,4,5,13,2,1,2,4,5,2,18,2,25,2,9,6,1,7,9,1,10,1,14,,42,,1,22,121.5573278,25.0291308
113,5,24,8,38,2,07信義區,信義區基隆路2段與嘉興街127巷口,0,0,1,2,,6,7,5,50,3,2,1,4,4,5,13,2,1,2,4,5,2,18,3,25,,,,,,,,,,,,67,,1,,121.5573278,25.0291308
113,5,24,8,56,2,12內湖區,內湖區行善路158號旁,0,0,1,1,C03,6,5,5,50,14,9,1,4,4,5,13,4,4,5,5,5,2,16,1,28,3,10,6,1,7,5,1,10,1,11,,8,,1,21,121.5786465,25.05815959
113,5,24,8,56,2,12內湖區,內湖區行善路158號旁,0,0,1,2,C03,6,5,5,50,14,9,1,4,4,5,13,4,4,5,5,5,2,16,1,24,2,9,6,1,7,9,1,10,1,14,,44,,1,21,121.5786465,25.05815959
113,5,24,9,0,2,09北投區,北投區承德路7段與石牌路1段口,0,0,2,1,C03,6,5,5,40,3,2,1,4,4,5,13,2,1,1,5,1,2,12,2,28,2,9,3,4,7,8,1,10,1,12,,100,,1,21,121.5090069,25.1124557
113,5,24,9,0,2,09北投區,北投區承德路7段與石牌路1段口,0,0,2,2,C03,6,5,5,40,3,2,1,4,4,5,13,2,1,1,5,1,2,12,1,30,2,9,3,4,7,9,1,21,1,11,,13,,1,21,121.5090069,25.1124557
113,5,24,9,18,2,03中山區,中山區樂群一路與基湖路口,0,0,1,1,B01,6,7,5,50,3,1,1,4,4,5,13,2,1,3,4,5,2,16,1,65,3,10,7,1,7,9,1,4,1,5,,86,,1,22,121.5632062,25.0760962
113,5,24,9,18,2,03中山區,中山區樂群一路與基湖路口,0,0,1,2,C03,6,7,5,50,3,1,1,4,4,5,13,2,1,3,4,5,2,16,1,27,2,9,6,1,7,5,1,10,1,14,,86,,1,22,121.5632062,25.0760962
113,5,24,9,26,2,10文山區,文山區木新路2段與永安街22巷口,0,0,1,1,C03,7,5,5,50,3,2,1,5,4,5,13,1,1,5,4,5,2,17,1,66,2,9,6,1,7,7,1,10,1,17,,42,,1,21,121.5706122,24.9868784
113,5,24,9,26,2,10文山區,文山區木新路2段與永安街22巷口,0,0,1,2,C02,7,5,5,50,3,2,1,5,4,5,13,1,1,5,4,5,2,17,1,40,3,10,6,1,7,1,1,10,1,17,,19,,1,21,121.5706122,24.9868784
113,5,24,9,58,2,04大安區,大安區臥龍街151巷與臥龍街131巷11弄口,0,0,1,1,C04,7,6,5,50,3,2,1,4,4,5,13,4,4,5,5,5,2,13,1,23,2,9,5,4,7,12,1,10,1,12,,44,,1,22,121.5511055,25.019242
113,5,24,9,58,2,04大安區,大安區臥龍街151巷與臥龍街131巷11弄口,0,0,1,2,C03,7,6,5,50,3,2,1,4,4,5,13,4,4,5,5,5,2,13,1,23,3,10,6,4,7,9,1,10,1,11,,44,,1,22,121.5511055,25.019242
113,5,24,10,5,2,02萬華區,萬華區長泰街137號,0,0,2,1,C03,7,7,5,30,14,9,1,4,4,5,13,4,4,10,5,5,2,3,1,24,2,8,5,1,7,9,1,10,2,14,,107,,1,21,121.4975171,25.0221907
113,5,24,10,5,2,02萬華區,萬華區長泰街137號,0,0,2,2,H01,7,7,5,30,14,9,1,4,4,5,13,4,4,10,5,5,2,3,2,75,2,9,4,5,8,16,8,20,10,16,,121,,1,21,121.4975171,25.0221907
113,5,24,10,18,2,12內湖區,內湖區成功路3段6巷與成功路2段口,0,0,2,1,B03,7,5,5,50,14,9,1,5,4,5,13,4,4,1,4,5,2,12,1,62,3,10,7,1,7,1,1,8,2,17,,19,,1,21,121.5899895,25.07515803
113,5,24,10,18,2,12內湖區,內湖區成功路3段6巷與成功路2段口,0,0,2,2,C03,7,5,5,50,14,9,1,5,4,5,13,4,4,1,4,5,2,12,2,60,2,9,6,1,7,10,1,10,2,14,,101,,1,21,121.5899895,25.07515803
113,5,24,10,18,2,12內湖區,內湖區成功路3段6巷與成功路2段口,0,0,2,3,C03,7,5,5,50,14,9,1,5,4,5,13,4,4,1,4,5,2,12,1,44,2,9,6,1,7,9,1,10,2,12,,13,,1,21,121.5899895,25.07515803
113,5,24,10,21,2,04大安區,大安區新生南路1段與新生南路1段139巷口,0,0,1,1,C03,7,6,5,50,4,2,1,5,4,3,10,4,4,1,1,5,2,17,1,53,2,9,5,1,7,9,1,10,1,12,,42,,1,21,121.5328823,25.0363656
113,5,24,10,21,2,04大安區,大安區新生南路1段與新生南路1段139巷口,0,0,1,2,B01,7,6,5,50,4,2,1,5,4,3,10,4,4,1,1,5,2,17,1,64,3,10,7,1,7,9,1,4,1,7,,44,,1,21,121.5328823,25.0363656
113,5,24,10,21,2,04大安區,大安區建國南路2段與和平東路2段76巷2弄口口,0,0,1,1,B01,7,6,5,50,4,2,1,5,4,5,13,2,1,1,4,4,2,17,1,57,3,10,7,1,7,8,1,4,1,7,,100,,1,22,121.5378616,25.025152
113,5,24,10,21,2,04大安區,大安區建國南路2段與和平東路2段76巷2弄口口,0,0,1,2,C03,7,6,5,50,4,2,1,5,4,5,13,2,1,1,4,4,2,17,1,25,2,8,5,1,7,9,1,10,1,11,,13,,1,22,121.5378616,25.025152
113,5,24,10,22,2,04大安區,大安區新生南路3段與辛亥路2段口口,0,0,1,1,C03,6,6,5,50,4,2,1,4,4,5,13,2,1,1,4,5,2,17,1,42,2,9,6,1,7,15,1,9,1,11,,42,,1,21,121.5346163,25.022963
113,5,24,10,22,2,04大安區,大安區新生南路3段與辛亥路2段口口,0,0,1,2,B03,6,6,5,50,4,2,1,4,4,5,13,2,1,1,4,5,2,17,1,77,3,10,2,1,7,13,1,8,9,3,,44,,1,21,121.5346163,25.022963
113,5,24,10,22,2,12內湖區,內湖區金龍路與內湖路2段口口,0,0,2,1,C03,6,6,8,50,4,1,1,4,4,5,13,2,1,5,4,5,2,16,1,67,2,9,5,1,7,5,6,10,1,13,,8,,1,21,121.5936999,25.08478891
113,5,24,10,22,2,12內湖區,內湖區金龍路與內湖路2段口口,0,0,2,2,C03,6,6,8,50,4,1,1,4,4,5,13,2,1,5,4,5,2,16,1,21,2,9,6,1,7,9,1,10,1,11,,13,,1,21,121.5936999,25.08478891
113,5,24,10,28,2,01大同區,大同區民權西路138號,0,0,1,1,B03,6,5,5,50,14,9,1,4,4,5,13,4,4,1,4,5,2,17,1,35,3,10,3,4,7,7,1,8,9,2,,100,,1,21,121.5163371,25.0628257
113,5,24,10,28,2,01大同區,大同區民權西路138號,0,0,1,2,C03,6,5,5,50,14,9,1,4,4,5,13,4,4,1,4,5,2,17,1,53,2,8,3,4,7,9,1,10,9,14,,44,,1,21,121.5163371,25.0628257
113,5,24,10,33,2,04大安區,大安區和平東路2段與和平東路2段311巷口,0,0,1,1,C03,7,5,5,50,3,2,1,5,4,5,13,4,4,1,4,5,2,13,1,35,2,9,5,1,7,9,1,10,1,11,,108,,1,21,121.5451614,25.0247219
113,5,24,10,33,2,04大安區,大安區和平東路2段與和平東路2段311巷口,0,0,1,2,B03,7,5,5,50,3,2,1,5,4,5,13,4,4,1,4,5,2,13,1,41,3,10,7,1,7,14,1,8,1,3,,44,,1,21,121.5451614,25.0247219
113,5,24,10,45,2,07信義區,信義區松山路648-66號,0,0,2,1,C03,8,7,5,30,14,9,1,5,4,5,13,4,4,10,5,5,2,18,1,75,2,9,3,4,7,9,1,10,9,15,,116,,1,21,121.579338,25.0310627
113,5,24,10,45,2,07信義區,信義區松山路648-66號,0,0,2,3,H02,8,7,5,30,14,9,1,5,4,5,13,4,4,10,5,5,2,18,2,75,2,9,3,5,7,21,8,20,10,16,,67,,1,21,121.579338,25.0310627
113,5,24,10,45,2,07信義區,信義區松山路648-66號,0,0,2,2,,8,7,5,30,14,9,1,5,4,5,13,4,4,10,5,5,2,18,3,0,,,,,,,,,,,,67,,1,,121.579338,25.0310627
113,5,24,11,24,2,01大同區,大同區重慶北路3段與民族西路口,0,0,1,1,C03,7,6,5,50,5,2,1,5,4,5,13,4,4,1,5,5,2,13,1,19,2,9,6,1,7,7,3,18,1,11,,108,,1,21,121.5137177,25.06877136
113,5,24,11,24,2,01大同區,大同區重慶北路3段與民族西路口,0,0,1,2,B02,7,6,5,50,5,2,1,5,4,5,13,4,4,1,5,5,2,13,1,55,3,10,7,1,7,14,1,8,1,7,,44,,1,21,121.5137177,25.06877136
113,5,24,11,32,2,07信義區,信義區吳興街156巷65弄與吳興街220巷59弄口口,0,0,1,1,C03,8,6,5,30,4,1,1,5,4,5,13,4,4,5,5,5,2,15,2,30,2,9,6,1,7,9,1,10,1,12,,14,,1,26,121.5591233,25.0270833
113,5,24,11,32,2,07信義區,信義區吳興街156巷65弄與吳興街220巷59弄口口,0,0,1,2,B12,8,6,5,30,4,1,1,5,4,5,13,4,4,5,5,5,2,15,1,50,3,10,7,1,7,9,1,8,1,8,,14,,1,22,121.5591233,25.0270833
113,5,24,12,45,2,05中正區,中正區中山北路1段與市民大道2段口,0,0,1,1,B03,7,7,5,50,4,1,1,5,4,5,13,1,1,5,5,5,2,16,1,59,3,10,7,1,7,6,1,8,2,2,,9,,1,26,121.5207858,25.0478555
113,5,24,12,45,2,05中正區,中正區中山北路1段與市民大道2段口,0,0,1,2,C03,7,7,5,50,4,1,1,5,4,5,13,1,1,5,5,5,2,16,1,42,2,8,5,1,7,9,1,10,2,11,,108,,1,23,121.5207858,25.0478555
113,5,24,13,16,2,01大同區,大同區通河西街1段與通河西街堤外便道口,0,0,1,1,B03,7,6,5,30,3,1,1,5,4,5,13,4,4,10,5,5,2,16,1,32,3,10,7,1,7,11,1,8,1,8,,8,,1,21,121.5177552,25.0777824
113,5,24,13,16,2,01大同區,大同區通河西街1段與通河西街堤外便道口,0,0,1,2,C03,7,6,5,30,3,1,1,5,4,5,13,4,4,10,5,5,2,16,1,22,2,9,5,1,7,9,1,10,1,11,,13,,1,21,121.5177552,25.0777824
113,5,24,13,27,2,01大同區,大同區民生西路與民樂街口,0,0,1,1,B03,7,6,5,50,3,1,1,5,4,5,13,2,1,5,4,5,2,16,2,50,3,10,3,4,7,5,1,8,1,2,,71,,1,21,121.5106728,25.0569704
113,5,24,13,27,2,01大同區,大同區民生西路與民樂街口,0,0,1,2,C03,7,6,5,50,3,1,1,5,4,5,13,2,1,5,4,5,2,16,1,21,2,9,5,1,7,9,1,10,1,11,,44,,1,21,121.5106728,25.0569704
113,5,24,13,33,2,01大同區,大同區民權西路與民權西路口台北橋下迴轉道,0,0,1,1,F01,7,6,5,30,3,1,1,5,4,5,13,4,4,10,5,5,2,16,1,82,2,1,4,1,7,5,8,20,2,11,,44,,1,21,121.5098603,25.0633171
113,5,24,13,33,2,01大同區,大同區民權西路與民權西路口台北橋下迴轉道,0,0,1,2,A12,7,6,5,30,3,1,1,5,4,5,13,4,4,10,5,5,2,16,1,60,3,10,7,1,7,9,1,2,2,4,,14,,1,21,121.5098603,25.0633171
113,5,24,13,56,2,08士林區,士林區文林路與美崙街口,0,0,1,1,B03,8,6,5,50,3,2,1,5,4,5,13,1,1,10,1,5,1,13,1,58,3,10,7,1,7,9,1,8,1,1,,107,,1,21,121.5238282,25.0972665
113,5,24,13,56,2,08士林區,士林區文林路與美崙街口,0,0,1,2,C03,8,6,5,50,3,2,1,5,4,5,13,1,1,10,1,5,1,13,2,69,2,9,5,1,7,14,1,10,1,13,,44,,1,21,121.5238282,25.0972665
113,5,24,14,12,2,08士林區,士林區東山路25巷81弄天母古道旁,0,0,1,1,B03,7,6,5,30,11,9,1,5,4,5,13,4,4,10,5,5,2,11,1,60,2,2,7,1,7,9,1,8,1,4,,5,,1,21,121.5361489,25.1335261
113,5,24,14,12,2,08士林區,士林區東山路25巷81弄天母古道旁,0,0,1,2,B01,7,6,5,30,11,9,1,5,4,5,13,4,4,10,5,5,2,11,1,51,3,10,7,1,7,9,1,2,1,8,,44,,1,21,121.5361489,25.1335261
113,5,24,14,20,2,07信義區,信義區虎林街59巷與無名巷口,0,0,1,1,C03,7,6,5,30,3,2,1,5,4,5,13,4,4,10,4,5,1,17,1,74,2,8,3,4,7,6,1,10,9,14,,107,,1,21,121.5773283,25.0466107
113,5,24,14,20,2,07信義區,信義區虎林街59巷與無名巷口,0,0,1,2,B12,7,6,5,30,3,2,1,5,4,5,13,4,4,10,4,5,1,17,1,76,3,10,3,4,7,15,1,8,9,3,,38,,1,21,121.5773283,25.0466107
113,5,24,14,25,2,06松山區,松山區敦化北路244巷與敦化北路244巷6弄口,0,0,1,1,C03,7,6,5,30,4,1,1,5,4,5,13,4,4,10,5,5,2,15,1,51,2,8,5,1,7,9,1,10,1,11,,14,,1,21,121.5494064,25.06065091
113,5,24,14,25,2,06松山區,松山區敦化北路244巷與敦化北路244巷6弄口,0,0,1,2,B03,7,6,5,30,4,1,1,5,4,5,13,4,4,10,5,5,2,15,1,34,3,10,7,1,7,9,1,8,1,4,,14,,1,21,121.5494064,25.06065091
113,5,24,14,57,2,05中正區,中正區重慶南路3段與廈門街114巷口,0,0,1,1,C03,8,7,5,30,4,1,1,5,4,5,13,1,1,1,4,5,2,17,2,25,2,9,5,4,7,7,1,10,2,13,,8,,1,21,121.5168196,25.0231055
113,5,24,14,57,2,05中正區,中正區重慶南路3段與廈門街114巷口,0,0,1,2,B03,8,7,5,30,4,1,1,5,4,5,13,1,1,1,4,5,2,17,1,36,3,10,7,4,7,9,1,8,2,1,,44,,1,21,121.5168196,25.0231055
113,5,24,14,57,2,05中正區,中正區重慶南路3段與廈門街114巷口,0,0,1,3,B01,8,7,5,30,4,1,1,5,4,5,13,1,1,1,4,5,2,17,1,67,3,10,7,4,7,9,1,4,2,1,,44,,1,21,121.5168196,25.0231055
113,5,24,15,18,2,07信義區,信義區中坡北路與中坡北路15巷口,0,0,1,1,F01,7,7,5,50,5,1,1,5,4,5,13,2,1,3,2,5,2,16,1,20,2,9,3,4,7,7,8,20,1,11,,100,,1,22,121.5811331,25.0446554
113,5,24,15,18,2,07信義區,信義區中坡北路與中坡北路15巷口,0,0,1,2,B01,7,7,5,50,5,1,1,5,4,5,13,2,1,3,2,5,2,16,1,59,3,10,3,4,7,9,1,4,1,2,,44,,1,22,121.5811331,25.0446554
113,5,24,15,45,2,05中正區,中正區中華路1段59號,0,0,2,1,C03,7,7,5,50,14,9,1,5,4,5,13,4,4,1,4,5,2,16,1,64,2,9,5,1,7,7,1,10,2,14,,100,,1,21,121.5082324,25.0412943
113,5,24,15,45,2,05中正區,中正區中華路1段59號,0,0,2,2,B03,7,7,5,50,14,9,1,5,4,5,13,4,4,1,4,5,2,16,1,51,3,10,7,1,7,9,1,8,2,2,,44,,1,21,121.5082324,25.0412943
113,5,24,15,45,2,05中正區,中正區中華路1段59號,0,0,2,3,B01,7,7,5,50,14,9,1,5,4,5,13,4,4,1,4,5,2,16,2,61,3,10,7,1,7,15,1,4,2,17,,99,,1,21,121.5082324,25.0412943
113,5,24,15,45,2,05中正區,中正區中華路1段59號,0,0,2,4,H02,7,7,5,50,14,9,1,5,4,5,13,4,4,1,4,5,2,16,1,64,2,8,5,5,7,20,8,20,10,16,,67,,1,21,121.5082324,25.0412943
113,5,24,15,45,2,08士林區,士林區中正路與福港街口,0,0,1,1,B03,7,6,5,50,3,2,1,5,4,5,13,2,1,3,2,4,2,12,1,65,3,10,7,4,7,8,1,8,9,2,,100,,2,21,121.5179761,25.092133
113,5,24,15,45,2,08士林區,士林區中正路與福港街口,0,0,1,2,C03,7,6,5,50,3,2,1,5,4,5,13,2,1,3,2,4,2,12,1,22,2,8,6,1,7,9,1,10,1,14,,44,,1,21,121.5179761,25.092133
113,5,24,15,51,2,04大安區,大安區信義路3段126號,0,0,1,1,C03,7,6,5,50,14,9,1,5,4,5,13,4,4,9,5,5,1,17,2,68,3,10,3,4,7,13,1,10,1,15,,60,,1,21,121.5390961,25.0333593
113,5,24,15,51,2,04大安區,大安區信義路3段126號,0,0,1,2,C03,7,6,5,50,14,9,1,5,4,5,13,4,4,9,5,5,1,17,2,60,2,8,3,4,7,9,1,10,1,15,,44,,1,21,121.5390961,25.0333593
113,5,24,16,0,2,02萬華區,萬華區萬大路與莒光路口,0,0,1,1,C03,7,7,5,50,14,9,1,5,4,5,13,1,1,10,3,5,2,12,1,74,2,9,5,1,7,15,6,18,2,14,,100,,1,21,121.5005021,25.0309206
113,5,24,16,0,2,02萬華區,萬華區萬大路與莒光路口,0,0,1,2,B12,7,7,5,50,14,9,1,5,4,5,13,1,1,10,3,5,2,12,1,58,3,10,7,1,7,9,1,8,2,2,,44,,1,21,121.5005021,25.0309206
113,5,24,16,39,2,08士林區,士林區文林路與雙溪街口,0,0,2,1,C03,6,6,5,50,4,2,1,4,4,5,13,2,1,5,4,4,1,17,1,24,2,9,5,1,7,8,1,9,1,12,,100,,1,21,121.523388,25.099662
113,5,24,16,39,2,08士林區,士林區文林路與雙溪街口,0,0,2,2,C03,6,6,5,50,4,2,1,4,4,5,13,2,1,5,4,4,1,17,1,69,2,9,5,1,7,9,1,10,1,14,,44,,1,21,121.523388,25.099662
113,5,24,16,51,2,10文山區,文山區木柵路1段與試院路口,0,0,2,1,C03,6,7,5,50,4,1,1,4,4,5,13,2,1,10,5,5,2,13,2,22,2,8,5,4,7,5,1,10,1,11,,108,,1,21,121.5498731,24.9874753
113,5,24,16,51,2,10文山區,文山區木柵路1段與試院路口,0,0,2,2,B03,6,7,5,50,4,1,1,4,4,5,13,2,1,10,5,5,2,13,1,27,3,10,3,4,7,5,1,8,1,3,,44,,1,21,121.5498731,24.9874753
113,5,24,16,51,2,10文山區,文山區木柵路1段與試院路口,0,0,2,3,H02,6,7,5,50,4,1,1,4,4,5,13,2,1,10,5,5,2,13,2,54,2,3,5,5,7,20,8,20,10,16,,44,,1,21,121.5498731,24.9874753
113,5,24,17,32,2,02萬華區,萬華區西園路2段與東園街口,0,0,1,1,B03,7,5,5,50,3,2,1,5,4,5,13,2,1,1,4,5,2,11,1,74,3,10,7,1,7,11,1,8,1,1,,10,,1,21,121.4950614,25.0281152
113,5,24,17,32,2,02萬華區,萬華區西園路2段與東園街口,0,0,1,2,C03,7,5,5,50,3,2,1,5,4,5,13,2,1,1,4,5,2,11,2,27,2,9,5,1,7,9,1,10,1,11,,44,,1,21,121.4950614,25.0281152
113,5,24,17,41,2,03中山區,中山區明水路447號對面,0,0,1,1,B03,6,6,5,50,14,9,1,4,4,5,13,4,4,1,4,5,2,12,1,30,3,10,7,1,7,7,1,8,1,6,,100,,1,21,121.5502118,25.0772733
113,5,24,17,41,2,03中山區,中山區明水路447號對面,0,0,1,2,C03,6,6,5,50,14,9,1,4,4,5,13,4,4,1,4,5,2,12,1,20,2,9,6,1,7,9,1,10,1,11,,13,,1,21,121.5502118,25.0772733
113,5,24,17,49,2,09北投區,北投區致遠二路與致遠二路5巷口,0,0,1,1,C03,6,7,5,50,3,1,1,4,4,5,13,4,4,5,5,5,2,16,2,38,2,9,5,1,7,5,1,11,2,12,,99,,1,21,121.5120424,25.11435148
113,5,24,17,49,2,09北投區,北投區致遠二路與致遠二路5巷口,0,0,1,2,C03,6,7,5,50,3,1,1,4,4,5,13,4,4,5,5,5,2,16,1,48,3,10,5,1,7,9,1,10,2,11,,44,,1,21,121.5120424,25.11435148
113,5,24,17,57,2,07信義區,信義區光復南路與仁愛路4段口,0,0,2,1,C03,6,5,5,50,4,2,1,4,4,5,13,2,1,1,4,1,2,12,1,18,2,9,5,1,7,8,1,10,1,12,,100,,1,21,121.5576585,25.0376912
113,5,24,17,57,2,07信義區,信義區光復南路與仁愛路4段口,0,0,2,2,C03,6,5,5,50,4,2,1,4,4,5,13,2,1,1,4,1,2,12,1,45,2,9,5,1,7,9,1,10,1,11,,44,,1,21,121.5576585,25.0376912
113,5,24,18,0,2,06松山區,松山區塔悠路與延壽街口,0,0,1,1,F01,8,5,5,50,4,1,1,5,4,5,13,1,1,1,4,5,2,17,1,35,3,10,4,1,7,1,8,20,1,17,,19,,1,21,121.5692284,25.0572771
113,5,24,18,0,2,06松山區,松山區塔悠路與延壽街口,0,0,1,2,C03,8,5,5,50,4,1,1,5,4,5,13,1,1,1,4,5,2,17,1,24,2,9,6,1,7,6,1,10,1,12,,108,,1,21,121.5692284,25.0572771