發生年度,發生月,發生日,發生時-Hours,發生分,處理別-編號,區序,肇事地點,死亡人數,2-30日死亡人數,受傷人數,當事人序號,車種,天候,道路照明設備,道路類別,速限-速度限制,道路型態,事故位置,路面狀況1,路面狀況2,路面狀況3,道路障礙1,道路障礙2,號誌1,號誌2,車道劃分-分向,車道劃分-分道1,車道劃分-分道2,車道劃分-分道3,事故類型及型態,性別,年齡,受傷程度,主要傷處,保護裝置,行動電話,車輛用途,當事者行動狀態,駕駛資格情形,駕駛執照種類,飲酒情形,車輛撞擊部位1,車輛撞擊部位2,肇因碼-個別,肇因碼-主要,個人肇逃否,職業,座標-X,座標-Y
113,5,24,18,2,2,10文山區,文山區木新路3段310巷與木新路3段310巷12弄口口,0,0,1,1,B03,6,6,6,30,3,1,1,4,4,5,13,4,4,10,5,5,1,17,2,42,4,11,3,3,7,5,1,8,11,17,,72,,1,21,121.5568457,24.98191564
113,5,24,18,2,2,10文山區,文山區木新路3段310巷與木新路3段310巷12弄口口,0,0,1,2,C03,6,6,6,30,3,1,1,4,4,5,13,4,4,10,5,5,1,17,1,19,2,7,6,1,7,9,1,10,1,14,,14,,1,25,121.5568457,24.98191564
113,5,24,18,10,2,05中正區,中正區仁愛路2段與金山南路1段口,0,0,1,1,B03,6,7,5,50,4,18,1,4,4,5,13,1,1,1,4,5,2,3,2,28,3,10,7,1,7,5,6,18,2,5,,70,,1,21,121.528181,25.0380625
113,5,24,18,10,2,05中正區,中正區仁愛路2段與金山南路1段口,0,0,1,2,H01,6,7,5,50,4,18,1,4,4,5,13,1,1,1,4,5,2,3,2,47,2,9,4,5,8,16,8,20,10,16,,122,,1,21,121.528181,25.0380625
113,5,24,18,15,2,03中山區,中山區民族東路136號對面,0,0,1,1,C03,6,7,5,50,14,9,1,4,4,5,13,4,4,3,4,5,2,13,2,25,2,8,6,1,7,15,1,10,1,13,,100,,1,21,121.5286862,25.06839677
113,5,24,18,15,2,03中山區,中山區民族東路136號對面,0,0,1,2,B12,6,7,5,50,14,9,1,4,4,5,13,4,4,3,4,5,2,13,1,24,3,10,7,1,7,9,1,8,1,1,,44,,1,21,121.5286862,25.06839677
113,5,24,18,23,2,10文山區,文山區興隆路1段13號,0,0,1,1,B03,6,5,5,50,14,9,1,4,4,5,13,4,4,1,4,5,2,13,2,67,3,10,7,1,7,8,1,8,2,3,,44,,1,21,121.5397557,25.0042656
113,5,24,18,23,2,10文山區,文山區興隆路1段13號,0,0,1,2,C04,6,5,5,50,14,9,1,4,4,5,13,4,4,1,4,5,2,13,2,23,2,9,5,1,7,9,1,10,2,11,,108,,1,21,121.5397557,25.0042656
113,5,24,18,35,2,11南港區,南港區忠孝東路7段592號,0,0,1,1,B02,8,6,5,50,14,9,1,5,4,5,13,4,4,1,3,5,2,16,1,44,3,10,3,4,7,1,1,8,2,8,,19,,1,21,121.6148439,25.0529624
113,5,24,18,35,2,11南港區,南港區忠孝東路7段592號,0,0,1,2,C03,8,6,5,50,14,9,1,5,4,5,13,4,4,1,3,5,2,16,2,45,2,9,3,4,7,9,1,10,2,12,,44,,1,21,121.6148439,25.0529624
113,5,24,19,17,2,09北投區,北投區承德路7段與立農街1段口,0,0,1,1,C03,7,5,5,60,3,1,1,5,4,5,13,4,4,1,4,5,2,13,1,25,2,7,5,1,7,9,1,10,2,11,,108,,1,21,121.5027141,25.1186466
113,5,24,19,17,2,09北投區,北投區承德路7段與立農街1段口,0,0,1,2,B03,7,5,5,60,3,1,1,5,4,5,13,4,4,1,4,5,2,13,1,47,3,10,7,1,7,6,1,8,2,6,,9,,1,21,121.5027141,25.1186466
113,5,24,19,19,2,09北投區,北投區中央北路4段與大度路3段口,0,0,1,2,C03,7,5,8,50,4,1,1,5,4,5,13,2,1,3,4,5,1,3,1,32,3,10,5,1,7,9,1,10,2,14,,44,,1,21,121.4649348,25.1242279
113,5,24,19,19,2,09北投區,北投區中央北路4段與大度路3段口,0,0,1,1,H01,7,5,8,50,4,1,1,5,4,5,13,2,1,3,4,5,1,3,1,20,2,9,4,5,8,16,8,20,10,16,,121,,1,21,121.4649348,25.1242279
113,5,24,19,20,2,04大安區,大安區敦化南路2段與四維路170巷口,0,0,1,1,B03,7,5,5,50,4,2,1,5,4,1,11,4,4,1,4,5,2,12,2,51,3,10,7,1,7,9,1,8,1,15,,44,,1,21,121.5485301,25.0278733
113,5,24,19,20,2,04大安區,大安區敦化南路2段與四維路170巷口,0,0,1,2,C03,7,5,5,50,4,2,1,5,4,1,11,4,4,1,4,5,2,12,2,37,2,7,5,1,7,10,1,10,1,15,,100,,1,21,121.5485301,25.0278733
113,5,24,19,57,2,10文山區,文山區辛亥路4段與興隆路2段口,0,0,1,2,B01,7,5,5,50,4,1,1,4,4,5,13,2,1,1,4,5,2,16,1,36,3,10,7,1,7,9,1,4,2,5,,44,,1,21,121.554565,25.000891
113,5,24,19,57,2,10文山區,文山區辛亥路4段與興隆路2段口,0,0,1,1,C03,7,5,5,50,4,1,1,4,4,5,13,2,1,1,4,5,2,16,2,33,2,9,6,1,7,5,1,10,2,14,,71,,1,21,121.554565,25.000891
113,5,24,19,59,2,07信義區,信義區基隆路2段41號,0,0,2,1,C03,8,6,5,50,14,9,1,5,4,5,13,4,4,3,4,5,2,13,1,33,2,9,5,1,7,9,1,10,1,11,,108,,1,21,121.5585245,25.0311912
113,5,24,19,59,2,07信義區,信義區基隆路2段41號,0,0,2,2,B03,8,6,5,50,14,9,1,5,4,5,13,4,4,3,4,5,2,13,1,34,3,10,3,4,7,15,1,8,1,7,,44,,1,21,121.5585245,25.0311912
113,5,24,19,59,2,07信義區,信義區基隆路2段41號,0,0,2,3,H02,8,6,5,50,14,9,1,5,4,5,13,4,4,3,4,5,2,13,2,26,2,9,5,5,7,21,8,20,10,16,,67,,1,21,121.5585245,25.0311912
113,5,24,20,44,2,07信義區,信義區松勇路31號,0,0,1,1,B03,8,6,5,30,14,9,1,5,4,5,13,4,4,9,5,5,2,10,1,29,3,10,3,4,7,9,1,8,1,8,,108,,1,21,121.5697562,25.0370281
113,5,24,20,44,2,07信義區,信義區松勇路31號,0,0,1,2,F01,8,6,5,30,14,9,1,5,4,5,13,4,4,9,5,5,2,10,2,37,2,9,4,1,7,9,8,20,1,11,,29,,1,21,121.5697562,25.0370281
113,5,24,20,44,2,07信義區,信義區松勇路31號,0,0,1,3,A11,8,6,5,30,14,9,1,5,4,5,13,4,4,9,5,5,2,10,1,32,3,10,3,4,7,14,1,2,1,17,,38,,1,21,121.5697562,25.0370281
113,5,24,22,28,2,05中正區,中正區重慶南路1段與漢口街1段口,0,0,2,1,C03,7,5,5,50,4,2,1,5,4,5,13,1,1,10,5,5,2,16,1,18,2,9,5,1,7,7,1,10,9,14,,100,,1,22,121.5132873,25.0451882
113,5,24,22,28,2,05中正區,中正區重慶南路1段與漢口街1段口,0,0,2,2,C03,7,5,5,50,4,2,1,5,4,5,13,1,1,10,5,5,2,16,2,19,2,8,5,1,7,9,1,10,9,11,,16,,1,22,121.5132873,25.0451882
113,5,24,22,37,2,03中山區,中山區中山北路3段與農安街口,0,0,1,1,C03,8,5,5,50,4,2,1,5,4,5,13,1,1,1,4,5,2,17,1,33,2,9,6,4,7,9,1,10,1,17,,107,,1,21,121.5221467,25.0649341
113,5,24,22,37,2,03中山區,中山區中山北路3段與農安街口,0,0,1,2,B01,8,5,5,50,4,2,1,5,4,5,13,1,1,1,4,5,2,17,1,69,3,10,3,4,7,14,1,4,1,17,,44,,1,22,121.5221467,25.0649341
113,5,24,22,50,2,08士林區,士林區格致路14號,0,0,1,1,C03,8,5,5,40,14,9,1,5,4,5,13,4,4,5,5,5,1,17,1,24,2,9,6,1,7,5,1,10,2,14,,8,,1,21,121.5462492,25.1364088
113,5,24,22,50,2,08士林區,士林區格致路14號,0,0,1,2,C03,8,5,5,40,14,9,1,5,4,5,13,4,4,5,5,5,1,17,1,20,3,10,6,1,7,9,1,10,2,12,,44,,1,21,121.5462492,25.1364088
113,5,25,0,18,2,06松山區,松山區市民大道5段63號,0,0,1,1,B01,7,5,5,40,14,9,1,5,4,5,13,4,4,9,4,5,2,17,1,37,3,10,7,1,7,13,5,4,2,4,,40,,1,21,121.5607363,25.04641388
113,5,25,0,18,2,06松山區,松山區市民大道5段63號,0,0,1,2,C03,7,5,5,40,14,9,1,5,4,5,13,4,4,9,4,5,2,17,1,42,2,9,6,1,7,9,1,10,2,11,,13,,1,21,121.5607363,25.04641388
113,5,25,1,55,2,12內湖區,內湖區東湖路33巷與東湖路口,0,0,2,1,B02,8,5,5,50,3,1,1,5,4,5,13,4,4,5,4,5,2,17,1,43,3,10,7,1,7,11,1,6,1,5,,99,,1,21,121.6135726,25.06884181
113,5,25,1,55,2,12內湖區,內湖區東湖路33巷與東湖路口,0,0,2,2,C03,8,5,5,50,3,1,1,5,4,5,13,4,4,5,4,5,2,17,2,18,2,9,5,1,7,9,1,10,1,11,,14,,1,21,121.6135726,25.06884181
113,5,25,1,55,2,12內湖區,內湖區東湖路33巷與東湖路口,0,0,2,3,H02,8,5,5,50,3,1,1,5,4,5,13,4,4,5,4,5,2,17,1,18,2,8,5,5,7,20,8,20,10,16,,67,,1,21,121.6135726,25.06884181
113,5,25,2,3,2,05中正區,中正區重慶南路3段與重慶南路3段132巷口,0,0,1,1,C03,8,5,5,30,4,2,1,5,4,5,13,1,1,3,4,5,2,12,1,24,2,7,5,1,7,9,1,10,6,12,,107,,1,21,121.5166526,25.02429729
113,5,25,2,3,2,05中正區,中正區重慶南路3段與重慶南路3段132巷口,0,0,1,2,B01,8,5,5,30,4,2,1,5,4,5,13,1,1,3,4,5,2,12,1,41,3,10,7,1,7,14,1,4,2,4,,44,,1,21,121.5166526,25.02429729
113,5,25,3,8,2,07信義區,信義區松高路12號,0,0,1,1,A11,7,5,5,60,14,9,1,5,4,5,13,1,1,5,4,5,2,17,1,60,3,10,7,1,7,9,1,3,2,9,,108,,1,21,121.5671286,25.0390827
113,5,25,3,8,2,07信義區,信義區松高路12號,0,0,1,2,G03,7,5,5,60,14,9,1,5,4,5,13,1,1,5,4,5,2,17,1,33,3,10,4,4,7,13,1,7,9,16,,44,,1,21,121.5671286,25.0390827
113,5,25,3,8,2,07信義區,信義區松高路12號,0,0,1,3,H02,7,5,5,60,14,9,1,5,4,5,13,1,1,5,4,5,2,17,1,29,2,8,3,5,7,21,8,20,10,16,,67,,1,21,121.5671286,25.0390827
113,5,25,4,3,2,08士林區,士林區延平北路6段與社正路口,0,0,2,1,C03,8,5,5,50,3,1,1,5,4,5,13,4,4,5,4,5,2,3,1,63,2,9,6,1,7,5,1,10,1,11,,108,,1,21,121.5183568,25.04847309
113,5,25,4,3,2,08士林區,士林區延平北路6段與社正路口,0,0,2,2,H01,8,5,5,50,3,1,1,5,4,5,13,4,4,5,4,5,2,3,1,20,2,9,4,5,8,16,8,20,10,16,,121,,1,21,121.5183568,25.04847309
113,5,25,4,17,2,05中正區,中正區羅斯福路2段66巷與羅斯福路2段48巷口,0,0,1,1,B03,8,5,5,30,4,1,1,5,4,5,13,4,4,10,5,5,2,17,1,65,3,10,7,1,7,5,1,8,2,8,,80,,1,21,121.5209635,25.0275429
113,5,25,4,17,2,05中正區,中正區羅斯福路2段66巷與羅斯福路2段48巷口,0,0,1,2,C03,8,5,5,30,4,1,1,5,4,5,13,4,4,10,5,5,2,17,1,35,2,8,5,1,7,14,1,10,2,11,,44,,1,21,121.5209635,25.0275429
113,5,25,4,51,2,02萬華區,萬華區環河南路2段與和平西路3段口,0,0,2,1,B03,7,5,5,50,4,1,1,5,4,5,13,2,1,1,4,5,1,17,2,68,3,10,3,4,7,5,1,8,1,2,,42,,1,22,121.4943173,25.0354472
113,5,25,4,51,2,02萬華區,萬華區環河南路2段與和平西路3段口,0,0,2,2,C03,7,5,5,50,4,1,1,5,4,5,13,2,1,1,4,5,1,17,1,19,2,9,3,4,7,9,1,10,1,11,,42,,1,22,121.4943173,25.0354472
113,5,25,4,51,2,02萬華區,萬華區環河南路2段與和平西路3段口,0,0,2,3,H02,7,5,5,50,4,1,1,5,4,5,13,2,1,1,4,5,1,17,1,20,2,9,3,5,7,20,8,20,10,16,,67,,1,22,121.4943173,25.0354472
113,5,25,5,45,2,07信義區,信義區忠孝東路4段與光復南路口,0,0,2,1,C03,8,6,5,50,4,1,1,5,4,5,13,1,1,3,4,5,2,13,1,65,2,9,6,1,7,9,1,10,2,11,,16,,1,21,121.5580671,25.0411495
113,5,25,5,45,2,07信義區,信義區忠孝東路4段與光復南路口,0,0,2,2,C03,8,6,5,50,4,1,1,5,4,5,13,1,1,3,4,5,2,13,2,42,2,9,5,1,7,12,1,10,2,13,,14,,1,21,121.5580671,25.0411495
113,5,25,6,8,2,02萬華區,萬華區艋舺大道與艋舺大道68巷口,0,0,1,1,B03,8,6,5,50,5,1,1,5,4,5,13,4,4,1,5,5,2,16,1,71,3,10,7,1,7,7,7,19,9,6,,100,,1,21,121.5034653,25.03346256
113,5,25,6,8,2,02萬華區,萬華區艋舺大道與艋舺大道68巷口,0,0,1,2,C03,8,6,5,50,5,1,1,5,4,5,13,4,4,1,5,5,2,16,2,31,2,9,6,1,7,9,1,10,1,11,,44,,1,26,121.5034653,25.03346256
113,5,25,6,48,2,07信義區,信義區忠孝東路5段345巷與忠孝東路5段口,0,0,2,1,C03,8,5,5,50,14,9,1,5,4,5,13,4,4,10,4,5,2,17,1,19,2,9,5,1,7,9,1,10,1,12,,118,,1,21,121.5739149,25.0409772
113,5,25,6,48,2,07信義區,信義區忠孝東路5段345巷與忠孝東路5段口,0,0,2,2,C03,8,5,5,50,14,9,1,5,4,5,13,4,4,10,4,5,2,17,1,64,2,8,5,1,7,9,1,10,1,15,,42,,1,21,121.5739149,25.0409772
113,5,25,8,35,2,07信義區,信義區基隆路1段102巷與基隆路1段口,0,0,1,1,B03,7,5,5,50,14,9,1,5,4,5,13,4,4,10,4,5,2,17,1,43,3,10,7,1,7,15,1,8,1,5,,100,,1,21,121.5667466,25.0452477
113,5,25,8,35,2,07信義區,信義區基隆路1段102巷與基隆路1段口,0,0,1,2,C03,7,5,5,50,14,9,1,5,4,5,13,4,4,10,4,5,2,17,1,35,2,9,5,1,7,9,1,10,1,14,,44,,1,21,121.5667466,25.0452477
113,5,25,8,51,2,04大安區,大安區辛亥路3段與復興南路2段口,0,0,2,2,C03,7,6,5,50,4,2,1,5,4,5,13,2,1,1,4,5,2,17,1,81,2,8,5,1,7,15,1,10,2,17,,116,,1,21,121.543505,25.021471
113,5,25,8,51,2,04大安區,大安區辛亥路3段與復興南路2段口,0,0,2,3,H02,7,6,5,50,4,2,1,5,4,5,13,2,1,1,4,5,2,17,2,72,2,9,5,5,7,21,8,20,10,16,,67,,1,21,121.543505,25.021471
113,5,25,8,51,2,04大安區,大安區辛亥路3段與復興南路2段口,0,0,2,1,C03,7,6,5,50,4,2,1,5,4,5,13,2,1,1,4,5,2,17,2,39,3,10,6,1,7,15,1,10,9,17,,44,,1,21,121.543505,25.021471
113,5,25,9,24,2,07信義區,信義區信義路6段與信義路6段15巷口,0,0,1,1,B03,6,6,5,50,4,1,1,4,4,5,13,1,1,5,4,5,2,17,1,72,3,10,7,1,7,5,1,8,1,1,,8,,1,21,121.5755497,25.0341584
113,5,25,9,24,2,07信義區,信義區信義路6段與信義路6段15巷口,0,0,1,2,C03,6,6,5,50,4,1,1,4,4,5,13,1,1,5,4,5,2,17,2,25,2,9,6,1,7,9,1,10,1,11,,44,,1,21,121.5755497,25.0341584
113,5,25,9,27,2,03中山區,中山區大直街108號,0,0,1,1,B03,8,7,5,50,14,9,1,5,4,3,12,4,4,9,5,5,2,12,1,47,3,10,7,1,7,1,1,6,1,8,,19,,1,21,121.5481618,25.0841942
113,5,25,9,27,2,03中山區,中山區大直街108號,0,0,1,2,C03,8,7,5,50,14,9,1,5,4,3,12,4,4,9,5,5,2,12,1,37,2,9,6,1,7,4,1,10,1,12,,42,,1,26,121.5481618,25.0841942
113,5,25,9,27,2,03中山區,中山區大直街108號,0,0,1,3,B01,8,7,5,50,14,9,1,5,4,3,12,4,4,9,5,5,2,12,1,69,3,10,7,1,7,14,1,4,1,17,,38,,1,21,121.5481618,25.0841942
113,5,25,9,50,2,11南港區,南港區忠孝東路7段與昆陽街157巷口,0,0,1,1,B03,7,7,5,50,5,2,1,5,4,4,13,1,1,5,4,5,2,17,1,76,3,10,7,1,7,6,1,8,1,2,,9,,1,21,121.5955515,25.0506321
113,5,25,9,50,2,11南港區,南港區忠孝東路7段與昆陽街157巷口,0,0,1,2,C03,7,7,5,50,5,2,1,5,4,4,13,1,1,5,4,5,2,17,1,72,2,9,5,1,7,9,3,18,1,14,,44,,1,21,121.5955515,25.0506321
113,5,25,10,6,2,07信義區,信義區信義路6段117號,0,0,2,1,B03,6,7,5,50,14,9,1,4,4,5,13,4,4,9,4,5,2,17,1,65,3,10,7,1,7,15,1,8,1,2,,44,,1,21,121.5778724,25.036149
113,5,25,10,6,2,07信義區,信義區信義路6段117號,0,0,2,2,C04,6,7,5,50,14,9,1,4,4,5,13,4,4,9,4,5,2,17,2,47,2,9,5,1,7,7,1,11,1,14,,100,,1,21,121.5778724,25.036149
113,5,25,10,6,2,07信義區,信義區信義路6段117號,0,0,2,3,H02,6,7,5,50,14,9,1,4,4,5,13,4,4,9,4,5,2,17,1,6,2,9,5,5,7,20,8,20,10,16,,67,,1,21,121.5778724,25.036149
113,5,25,10,52,2,02萬華區,萬華區漢口街2段與漢口街2段83巷口,0,0,1,1,B12,7,7,5,50,14,9,1,5,4,5,13,4,4,10,3,5,2,12,1,44,3,10,7,1,7,7,1,8,1,4,,80,,1,21,121.5049748,25.0461296
113,5,25,10,52,2,02萬華區,萬華區漢口街2段與漢口街2段83巷口,0,0,1,2,C03,7,7,5,50,14,9,1,5,4,5,13,4,4,10,3,5,2,12,1,19,2,9,5,1,7,9,1,10,1,12,,44,,1,21,121.5049748,25.0461296
113,5,25,11,32,2,10文山區,文山區保儀路13巷22號,0,0,1,1,B03,7,6,5,30,14,9,1,5,4,5,13,4,4,10,5,5,2,2,1,54,3,10,7,1,7,9,1,8,11,10,,108,,2,21,121.5695614,24.988436
113,5,25,11,32,2,10文山區,文山區保儀路13巷22號,0,0,1,2,H01,7,6,5,30,14,9,1,5,4,5,13,4,4,10,5,5,2,2,2,59,2,8,4,5,8,16,8,20,10,16,,60,,1,21,121.5695614,24.988436
113,5,25,11,47,2,04大安區,大安區新生南路3段76巷對面（新南地下停車場前）,0,0,2,1,C03,7,5,5,50,14,7,1,5,4,5,13,4,4,10,4,4,2,17,2,53,2,9,3,4,7,9,1,10,1,14,,17,,1,22,121.5338577,25.0191447
113,5,25,11,47,2,04大安區,大安區新生南路3段76巷對面（新南地下停車場前）,0,0,2,4,H02,7,5,5,50,14,7,1,5,4,5,13,4,4,10,4,4,2,17,2,22,2,9,3,5,7,20,8,20,10,16,,67,,1,22,121.5338577,25.0191447
113,5,25,11,47,2,04大安區,大安區新生南路3段76巷對面（新南地下停車場前）,0,0,2,2,B03,7,5,5,50,14,7,1,5,4,5,13,4,4,10,4,4,2,17,1,51,3,10,3,4,7,9,1,8,1,15,,44,,1,22,121.5338577,25.0191447
113,5,25,11,47,2,04大安區,大安區新生南路3段76巷對面（新南地下停車場前）,0,0,2,3,B03,7,5,5,50,14,7,1,5,4,5,13,4,4,10,4,4,2,17,4,0,,,,,,,,,11,,,119,,2,,121.5338577,25.0191447
113,5,25,11,52,2,06松山區,松山區光復南路1號,0,0,1,1,B03,8,6,5,50,14,9,1,5,4,5,13,4,4,1,4,5,2,12,1,65,3,10,7,1,7,7,1,8,1,4,,100,,1,22,121.5578578,25.0478829
113,5,25,11,52,2,06松山區,松山區光復南路1號,0,0,1,2,C03,8,6,5,50,14,9,1,5,4,5,13,4,4,1,4,5,2,12,1,29,2,9,6,1,7,10,1,10,1,12,,100,,1,22,121.5578578,25.0478829
113,5,25,11,52,2,06松山區,松山區光復南路1號,0,0,1,3,B03,8,6,5,50,14,9,1,5,4,5,13,4,4,1,4,5,2,12,1,35,3,10,7,1,7,15,1,8,1,6,,100,,2,22,121.5578578,25.0478829
113,5,25,11,54,2,05中正區,中正區羅斯福路4段與羅斯福路4段196巷口,0,0,1,1,C03,8,7,5,50,3,1,1,5,4,5,13,4,4,1,4,5,2,16,1,22,2,9,5,4,7,9,1,10,1,14,,44,,1,21,121.5365881,25.0119026
113,5,25,11,54,2,05中正區,中正區羅斯福路4段與羅斯福路4段196巷口,0,0,1,2,B01,8,7,5,50,3,1,1,5,4,5,13,4,4,1,4,5,2,16,1,58,3,10,7,4,7,6,1,4,1,5,,9,,1,21,121.5365881,25.0119026
113,5,25,11,55,2,09北投區,北投區東陽街與東陽街441巷16弄口,0,0,2,1,C03,7,6,5,30,3,1,1,5,4,5,9,4,4,10,4,5,1,15,1,37,2,9,5,1,7,9,1,10,1,13,,72,,1,21,121.5187458,25.11246827
113,5,25,11,55,2,09北投區,北投區東陽街與東陽街441巷16弄口,0,0,2,2,C03,7,6,5,30,3,1,1,5,4,5,9,4,4,10,4,5,1,15,2,58,2,9,5,1,7,9,1,10,1,11,,44,,1,21,121.5187458,25.11246827
113,5,25,11,58,2,06松山區,松山區健康路325巷與健康路325巷25弄口,0,0,1,1,B03,7,7,5,50,4,1,1,5,4,5,13,4,4,5,4,5,2,16,1,32,3,10,7,1,7,5,1,8,1,4,,10,,1,22,121.5671676,25.0560112
113,5,25,11,58,2,06松山區,松山區健康路325巷與健康路325巷25弄口,0,0,1,2,C03,7,7,5,50,4,1,1,5,4,5,13,4,4,5,4,5,2,16,1,60,2,9,5,1,7,9,1,10,1,12,,44,,1,22,121.5671676,25.0560112
113,5,25,12,28,2,03中山區,中山區建國北路2段123號,0,0,1,1,B11,8,7,5,50,14,10,2,5,4,5,13,1,1,1,4,5,2,17,1,37,3,10,7,1,7,1,6,4,1,17,,19,,1,26,121.5372567,25.05981065
113,5,25,12,28,2,03中山區,中山區建國北路2段123號,0,0,1,2,C03,8,7,5,50,14,10,2,5,4,5,13,1,1,1,4,5,2,17,2,21,2,1,6,1,7,9,1,10,1,14,,44,,1,21,121.5372567,25.05981065
113,5,25,13,8,2,03中山區,中山區中山北路3段與北安路口,0,0,1,1,C03,8,6,5,50,3,1,1,5,4,5,13,2,1,1,4,5,2,17,1,25,3,10,3,1,7,9,1,10,2,17,,86,,1,21,121.5275282,25.0762615
113,5,25,13,8,2,03中山區,中山區中山北路3段與北安路口,0,0,1,2,C03,8,6,5,50,3,1,1,5,4,5,13,2,1,1,4,5,2,17,1,26,2,7,3,1,7,5,1,10,2,14,,44,,1,21,121.5275282,25.0762615
113,5,25,13,27,2,06松山區,松山區光復北路與南京東路5段23巷7弄口,0,0,2,1,B02,8,7,5,50,4,1,1,5,4,5,13,4,4,9,4,5,2,17,1,54,3,10,7,1,7,11,1,8,1,8,,10,,1,21,121.5572507,25.05202778
113,5,25,13,27,2,06松山區,松山區光復北路與南京東路5段23巷7弄口,0,0,2,2,C03,8,7,5,50,4,1,1,5,4,5,13,4,4,9,4,5,2,17,1,28,2,8,6,1,7,9,1,10,1,12,,44,,1,21,121.5572507,25.05202778
113,5,25,13,27,2,06松山區,松山區光復北路與南京東路5段23巷7弄口,0,0,2,3,H02,8,7,5,50,4,1,1,5,4,5,13,4,4,9,4,5,2,17,2,26,2,8,6,5,7,17,8,20,10,16,,67,,1,21,121.5572507,25.05202778
113,5,25,13,47,2,02萬華區,萬華區康定路與和平西路3段口,0,0,2,1,C03,7,6,5,50,4,2,1,5,4,5,13,2,1,9,4,4,2,12,2,49,2,9,6,1,7,1,1,10,1,14,,19,,1,21,121.501354,25.0357053
113,5,25,13,47,2,02萬華區,萬華區康定路與和平西路3段口,0,0,2,2,C03,7,6,5,50,4,2,1,5,4,5,13,2,1,9,4,4,2,12,1,23,2,9,6,1,7,9,1,10,1,12,,13,,1,22,121.501354,25.0357053
113,5,25,13,55,2,02萬華區,萬華區和平西路3段382巷12弄48號,0,0,1,1,C03,8,6,5,30,14,9,1,5,4,5,13,4,4,10,5,5,1,17,1,57,2,9,5,1,7,9,1,10,1,14,,44,,1,21,121.4904136,25.0345488
113,5,25,13,55,2,02萬華區,萬華區和平西路3段382巷12弄48號,0,0,1,2,C02,8,6,5,30,14,9,1,5,4,5,13,4,4,10,5,5,1,17,1,41,3,10,5,1,7,1,1,9,1,11,,19,,1,21,121.4904136,25.0345488
113,5,25,14,18,2,08士林區,士林區德行東路51號,0,0,2,1,C03,8,6,5,50,14,9,1,5,4,5,13,4,4,9,5,5,2,11,1,45,2,9,6,1,7,15,1,10,1,13,,100,,1,21,121.5263702,25.1070333
113,5,25,14,18,2,08士林區,士林區德行東路51號,0,0,2,2,C03,8,6,5,50,14,9,1,5,4,5,13,4,4,9,5,5,2,11,2,49,2,9,6,1,7,9,1,10,1,11,,44,,1,21,121.5263702,25.1070333
113,5,25,14,41,2,08士林區,士林區承德路5段32號,0,0,1,1,C03,6,7,5,40,14,9,1,4,4,5,13,4,4,10,5,5,2,17,2,27,2,9,5,4,7,9,1,10,2,14,,107,,1,21,121.5155774,25.091717
113,5,25,14,41,2,08士林區,士林區承德路5段32號,0,0,1,2,B03,6,7,5,40,14,9,1,4,4,5,13,4,4,10,5,5,2,17,1,54,3,10,3,4,7,13,1,8,9,4,,44,,1,21,121.5155774,25.091717
113,5,25,14,41,2,08士林區,士林區承德路5段32號,0,0,1,3,C03,6,7,5,40,14,9,1,4,4,5,13,4,4,10,5,5,2,17,2,37,3,10,3,4,7,13,1,10,9,14,,44,,1,21,121.5155774,25.091717
113,5,25,14,49,2,07信義區,信義區仁愛路4段507號西側附近,0,0,2,1,C03,7,6,5,50,14,9,1,5,4,5,13,4,4,9,4,5,2,11,2,45,2,7,5,1,7,5,1,10,1,11,,8,,1,21,121.5615646,25.0380362
113,5,25,14,49,2,07信義區,信義區仁愛路4段507號西側附近,0,0,2,2,C03,7,6,5,50,14,9,1,5,4,5,13,4,4,9,4,5,2,11,2,20,2,9,5,1,7,9,1,10,1,14,,44,,1,21,121.5615646,25.0380362
113,5,25,15,8,2,03中山區,中山區中山北路1段140巷內,0,0,1,1,H01,8,5,5,30,14,9,1,5,4,5,13,4,4,10,5,5,2,2,1,11,2,9,4,5,8,16,8,20,10,16,,54,,1,14,121.5228567,25.052522
113,5,25,15,8,2,03中山區,中山區中山北路1段140巷內,0,0,1,2,B01,8,5,5,30,14,9,1,5,4,5,13,4,4,10,5,5,2,2,1,44,3,10,3,4,7,9,1,4,1,2,,108,,1,21,121.5228567,25.052522
113,5,25,15,40,2,03中山區,中山區民權東路2段與中原街口,0,0,2,1,C03,7,5,5,50,14,9,1,5,4,5,13,1,1,1,4,5,2,13,2,20,2,7,3,4,7,9,1,10,1,11,,16,,1,21,121.5286666,25.06249839
113,5,25,15,40,2,03中山區,中山區民權東路2段與中原街口,0,0,2,2,C03,7,5,5,50,14,9,1,5,4,5,13,1,1,1,4,5,2,13,1,65,2,8,3,4,7,9,1,10,1,13,,44,,1,21,121.5286666,25.06249839
113,5,25,16,6,2,04大安區,大安區潮州街94號,0,0,2,1,C03,8,6,5,50,14,9,1,5,4,5,13,4,4,9,5,5,2,16,1,27,2,9,5,4,7,5,1,10,1,13,,80,,1,21,121.524784,25.0291332
113,5,25,16,6,2,04大安區,大安區潮州街94號,0,0,2,2,C03,8,6,5,50,14,9,1,5,4,5,13,4,4,9,5,5,2,16,1,55,2,9,5,4,7,9,1,10,1,11,,108,,1,21,121.524784,25.0291332