發生年度,發生月,發生日,發生時-Hours,發生分,處理別-編號,區序,肇事地點,死亡人數,2-30日死亡人數,受傷人數,當事人序號,車種,天候,道路照明設備,道路類別,速限-速度限制,道路型態,事故位置,路面狀況1,路面狀況2,路面狀況3,道路障礙1,道路障礙2,號誌1,號誌2,車道劃分-分向,車道劃分-分道1,車道劃分-分道2,車道劃分-分道3,事故類型及型態,性別,年齡,受傷程度,主要傷處,保護裝置,行動電話,車輛用途,當事者行動狀態,駕駛資格情形,駕駛執照種類,飲酒情形,車輛撞擊部位1,車輛撞擊部位2,肇因碼-個別,肇因碼-主要,個人肇逃否,職業,座標-X,座標-Y
113,5,25,16,6,2,07信義區,信義區忠孝東路4段545號,0,0,1,2,F01,6,7,5,0,22,23,4,4,4,2,13,4,4,10,5,5,2,18,1,69,2,9,3,4,7,9,8,20,1,14,,108,,1,22,121.5613525,25.0415549
113,5,25,16,6,2,07信義區,信義區忠孝東路4段545號,0,0,1,1,,6,7,5,0,22,23,4,4,4,2,13,4,4,10,5,5,2,18,3,21,,,,,,,,,,,,67,,1,,121.5613525,25.0415549
113,5,25,16,30,2,03中山區,中山區建國北路1段23巷與建國北路1段口口,0,0,1,1,B01,7,6,5,50,3,1,1,5,4,5,13,4,4,1,4,5,2,16,1,60,3,10,3,4,7,6,1,4,1,5,,9,,1,21,121.5370098,25.04724856
113,5,25,16,30,2,03中山區,中山區建國北路1段23巷與建國北路1段口口,0,0,1,2,C03,7,6,5,50,3,1,1,5,4,5,13,4,4,1,4,5,2,16,1,55,2,9,3,4,7,9,1,10,1,14,,108,,1,21,121.5370098,25.04724856
113,5,25,16,57,2,06松山區,松山區八德路3段155巷與寧安街9巷口,0,0,3,1,B03,7,6,5,30,4,1,1,5,4,5,13,3,1,9,4,5,2,15,1,69,3,10,7,1,7,9,1,8,1,5,,72,,1,21,121.5550863,25.04980188
113,5,25,16,57,2,06松山區,松山區八德路3段155巷與寧安街9巷口,0,0,3,2,C03,7,6,5,30,4,1,1,5,4,5,13,3,1,9,4,5,2,15,2,40,2,9,6,1,7,9,1,10,1,11,,108,,1,21,121.5550863,25.04980188
113,5,25,16,57,2,06松山區,松山區八德路3段155巷與寧安街9巷口,0,0,3,3,H02,7,6,5,30,4,1,1,5,4,5,13,3,1,9,4,5,2,15,1,9,2,9,6,5,7,20,8,20,10,16,,67,,1,21,121.5550863,25.04980188
113,5,25,16,57,2,06松山區,松山區八德路3段155巷與寧安街9巷口,0,0,3,4,H02,7,6,5,30,4,1,1,5,4,5,13,3,1,9,4,5,2,15,2,7,2,9,6,5,7,20,8,20,10,16,,67,,1,21,121.5550863,25.04980188
113,5,25,17,0,2,04大安區,大安區忠孝東路3段與新生南路1段口,0,0,1,1,C03,8,7,5,50,4,2,1,5,4,5,13,1,1,1,4,5,1,12,1,43,2,9,6,1,7,7,1,10,1,14,,100,,1,21,121.5332443,25.0423376
113,5,25,17,0,2,04大安區,大安區忠孝東路3段與新生南路1段口,0,0,1,2,B03,8,7,5,50,4,2,1,5,4,5,13,1,1,1,4,5,1,12,1,70,3,10,7,1,7,9,1,8,1,2,,108,,1,21,121.5332443,25.0423376
113,5,25,17,4,2,11南港區,南港區南港路3段106號,0,0,1,1,C03,7,7,5,50,14,9,1,4,4,5,13,4,4,5,4,5,2,17,1,44,2,9,6,1,7,9,1,10,1,12,,108,,1,21,121.5896961,25.0533915
113,5,25,17,4,2,11南港區,南港區南港路3段106號,0,0,1,2,A02,7,7,5,50,14,9,1,4,4,5,13,4,4,5,4,5,2,17,1,59,3,10,7,1,7,9,1,2,1,6,,44,,1,21,121.5896961,25.0533915
113,5,25,17,4,2,11南港區,南港區南港路3段106號,0,0,1,3,B03,7,7,5,50,14,9,1,4,4,5,13,4,4,5,4,5,2,17,1,22,3,10,3,1,7,13,1,8,1,7,,67,,2,21,121.5896961,25.0533915
113,5,25,17,25,2,04大安區,大安區建國南路1段240號,0,0,1,1,B01,8,6,5,50,14,9,1,5,4,5,13,4,4,10,4,5,2,12,1,69,3,10,3,4,7,8,1,4,1,2,,101,,1,21,121.5376133,25.0376885
113,5,25,17,25,2,04大安區,大安區建國南路1段240號,0,0,1,2,C03,8,6,5,50,14,9,1,5,4,5,13,4,4,10,4,5,2,12,1,43,2,9,5,4,7,9,1,10,1,14,,44,,1,21,121.5376133,25.0376885
113,5,25,18,14,2,03中山區,中山區松江路97巷與松江路口,0,0,1,1,B12,7,6,5,50,3,1,1,5,4,5,13,4,4,1,5,5,1,8,1,70,3,10,3,4,7,2,1,8,11,3,,12,,1,21,121.5331105,25.05102977
113,5,25,18,14,2,03中山區,中山區松江路97巷與松江路口,0,0,1,2,H01,7,6,5,50,3,1,1,5,4,5,13,4,4,1,5,5,1,8,2,42,2,9,4,5,8,17,8,20,10,16,,54,,1,21,121.5331105,25.05102977
113,5,25,18,38,2,05中正區,中正區中華路1段與中華路1段9巷口,0,0,1,1,B01,8,5,5,50,5,1,1,5,4,5,13,2,1,1,4,5,2,12,1,42,3,10,7,1,7,8,1,8,2,2,,100,,1,22,121.5099022,25.0469735
113,5,25,18,38,2,05中正區,中正區中華路1段與中華路1段9巷口,0,0,1,2,C03,8,5,5,50,5,1,1,5,4,5,13,2,1,1,4,5,2,12,1,33,2,9,5,1,7,7,1,10,2,14,,100,,1,22,121.5099022,25.0469735
113,5,25,18,43,2,04大安區,大安區忠孝東路4段與大安路1段口,0,0,2,1,C03,7,5,5,50,4,1,1,5,4,5,13,2,1,10,5,5,2,12,2,46,2,9,6,4,7,9,1,10,2,11,,108,,1,22,121.5462848,25.0416846
113,5,25,18,43,2,04大安區,大安區忠孝東路4段與大安路1段口,0,0,2,2,C03,7,5,5,50,4,1,1,5,4,5,13,2,1,10,5,5,2,12,1,45,2,9,6,4,7,8,1,10,2,12,,100,,1,22,121.5462848,25.0416846
113,5,25,19,14,2,03中山區,中山區北安路與北安路458巷41弄口,0,0,1,1,B03,7,5,5,50,4,1,1,5,4,5,13,1,1,5,4,5,2,1,1,41,3,10,7,1,7,5,1,8,2,8,,70,,1,22,121.5469205,25.0799091
113,5,25,19,14,2,03中山區,中山區北安路與北安路458巷41弄口,0,0,1,2,H01,7,5,5,50,4,1,1,5,4,5,13,1,1,5,4,5,2,1,2,67,2,9,4,5,8,18,8,20,10,16,,122,,1,22,121.5469205,25.0799091
113,5,25,19,26,2,10文山區,文山區景興路與景華街口口,0,0,2,1,C03,8,5,5,50,4,19,1,5,4,5,13,2,1,1,4,5,2,3,2,23,3,10,6,1,7,9,1,10,1,11,,81,,1,21,121.544702,24.9951376
113,5,25,19,26,2,10文山區,文山區景興路與景華街口口,0,0,2,2,H01,8,5,5,50,4,19,1,5,4,5,13,2,1,1,4,5,2,3,1,36,3,10,4,5,8,16,8,20,10,16,,122,,1,21,121.544702,24.9951376
113,5,25,19,26,2,10文山區,文山區景興路與景華街口口,0,0,2,3,H01,8,5,5,50,4,19,1,5,4,5,13,2,1,1,4,5,2,3,2,2,2,1,4,5,8,20,8,20,10,16,,67,,1,21,121.544702,24.9951376
113,5,25,19,26,2,10文山區,文山區景興路與景華街口口,0,0,2,4,H01,8,5,5,50,4,19,1,5,4,5,13,2,1,1,4,5,2,3,2,1,2,1,4,5,8,20,8,20,10,16,,67,,1,21,121.544702,24.9951376
113,5,25,21,53,2,10文山區,文山區羅斯福路5段269巷與興隆路1段70巷口口,0,0,1,1,C03,8,5,5,30,4,1,1,5,4,5,13,4,4,10,5,5,2,15,2,52,2,9,6,1,7,9,1,10,1,14,,72,,1,21,121.5397857,25.0011392
113,5,25,21,53,2,10文山區,文山區羅斯福路5段269巷與興隆路1段70巷口口,0,0,1,2,B03,8,5,5,30,4,1,1,5,4,5,13,4,4,10,5,5,2,15,1,61,3,10,7,1,7,9,1,8,1,1,,108,,1,21,121.5397857,25.0011392
113,5,25,22,34,2,10文山區,文山區景美街與景興路口口,0,0,2,1,B03,8,5,5,50,3,1,1,5,4,5,13,2,1,5,5,5,2,13,1,44,3,10,7,1,7,1,1,8,1,1,,107,,1,21,121.5420817,24.9882902
113,5,25,22,34,2,10文山區,文山區景美街與景興路口口,0,0,2,2,C03,8,5,5,50,3,1,1,5,4,5,13,2,1,5,5,5,2,13,1,59,2,9,5,1,7,5,1,10,1,13,,44,,1,21,121.5420817,24.9882902
113,5,25,22,34,2,10文山區,文山區景美街與景興路口口,0,0,2,3,H02,8,5,5,50,3,1,1,5,4,5,13,2,1,5,5,5,2,13,2,55,2,9,5,5,7,21,8,20,10,16,,67,,1,21,121.5420817,24.9882902
113,5,25,22,40,2,09北投區,北投區稻香路81號,0,0,2,1,F01,8,5,5,50,14,9,1,5,4,5,12,4,4,9,5,5,2,17,1,53,2,8,4,1,7,5,8,20,4,12,,8,,1,22,121.4895883,25.1409181
113,5,25,22,40,2,09北投區,北投區稻香路81號,0,0,2,2,C03,8,5,5,50,14,9,1,5,4,5,12,4,4,9,5,5,2,17,1,30,2,9,6,1,7,9,1,10,2,11,,44,,1,22,121.4895883,25.1409181
113,5,25,23,11,2,10文山區,文山區興隆路3段與辛亥路4段口,0,0,1,1,C03,7,5,5,50,4,2,1,5,4,5,13,2,1,1,2,5,2,17,1,25,2,8,6,1,7,7,1,10,1,14,,100,,1,22,121.5547323,25.0008508
113,5,25,23,11,2,10文山區,文山區興隆路3段與辛亥路4段口,0,0,1,2,B01,7,5,5,50,4,2,1,5,4,5,13,2,1,1,2,5,2,17,1,55,3,10,7,1,7,15,1,4,1,5,,44,,1,21,121.5547323,25.0008508
113,5,25,23,48,2,09北投區,北投區大度路3段與中央北路4段口,0,0,2,1,B03,8,5,5,50,4,1,1,5,4,5,13,2,1,1,2,4,2,17,1,59,3,10,7,1,7,5,3,18,2,6,,8,,1,22,121.4644732,25.1239314
113,5,25,23,48,2,09北投區,北投區大度路3段與中央北路4段口,0,0,2,2,C03,8,5,5,50,4,1,1,5,4,5,13,2,1,1,2,4,2,17,1,19,2,9,6,1,7,9,1,10,2,11,,44,,1,21,121.4644732,25.1239314
113,5,25,23,48,2,09北投區,北投區大度路3段與中央北路4段口,0,0,2,3,H02,8,5,5,50,4,1,1,5,4,5,13,2,1,1,2,4,2,17,1,15,2,9,6,5,7,20,8,20,10,16,,67,,1,22,121.4644732,25.1239314
113,5,26,0,53,2,04大安區,大安區敦化南路1段與敦化南路1段161巷口,0,0,1,1,B01,7,5,5,30,3,2,1,5,4,5,13,3,1,10,4,5,1,16,1,69,3,10,3,4,7,6,1,4,1,4,,84,,1,21,121.5491332,25.0436884
113,5,26,0,53,2,04大安區,大安區敦化南路1段與敦化南路1段161巷口,0,0,1,2,C03,7,5,5,30,3,2,1,5,4,5,13,3,1,10,4,5,1,16,1,36,2,9,6,4,7,9,1,10,1,11,,14,,1,21,121.5491332,25.0436884
113,5,26,1,31,2,07信義區,信義區仁愛路4段與光復南路口,0,0,1,1,C03,7,5,5,50,4,2,1,5,4,5,13,1,1,1,4,5,2,20,1,20,2,8,3,4,7,9,1,10,1,14,,108,,2,22,121.5578165,25.0375335
113,5,26,1,31,2,07信義區,信義區仁愛路4段與光復南路口,0,0,1,2,,7,5,5,50,4,2,1,5,4,5,13,1,1,1,4,5,2,20,3,0,,,,,,,,,,,,67,,1,,121.5578165,25.0375335
113,5,26,2,2,2,02萬華區,萬華區漢口街2段90巷8弄與漢口街2段90巷口,0,0,1,1,B02,8,5,5,30,4,1,1,5,4,5,13,4,4,5,5,5,2,15,1,63,3,10,7,1,7,9,1,8,1,5,,14,,1,22,121.5048357,25.04601191
113,5,26,2,2,2,02萬華區,萬華區漢口街2段90巷8弄與漢口街2段90巷口,0,0,1,2,C03,8,5,5,30,4,1,1,5,4,5,13,4,4,5,5,5,2,15,2,56,2,6,5,1,7,9,1,10,1,12,,14,,1,22,121.5048357,25.04601191
113,5,26,2,12,2,05中正區,中正區汀州路3段與羅斯福路4段196巷口,0,0,1,1,C03,8,5,5,50,4,1,1,5,4,5,13,4,4,5,2,5,2,17,1,24,3,10,5,1,7,11,1,10,2,14,,10,,1,21,121.5359737,25.0115039
113,5,26,2,12,2,05中正區,中正區汀州路3段與羅斯福路4段196巷口,0,0,1,2,C04,8,5,5,50,4,1,1,5,4,5,13,4,4,5,2,5,2,17,2,68,2,9,5,1,7,9,1,11,2,11,,108,,1,21,121.5359737,25.0115039
113,5,26,4,40,2,06松山區,松山區光復北路與八德路3段口,0,0,1,1,B01,7,5,5,50,4,1,1,5,4,5,13,2,1,1,4,5,2,16,1,58,2,3,7,1,7,9,1,4,2,1,,81,,1,22,121.5577828,25.0482179
113,5,26,4,40,2,06松山區,松山區光復北路與八德路3段口,0,0,1,2,A05,7,5,5,50,4,1,1,5,4,5,13,2,1,1,4,5,2,16,1,41,3,10,7,1,7,11,1,2,2,6,,44,,1,22,121.5577828,25.0482179
113,5,26,6,16,2,08士林區,士林區至善路2段與故宮路口,0,0,1,1,B03,8,5,5,50,4,1,1,5,4,5,13,2,1,1,4,5,2,17,4,0,4,11,3,4,7,6,7,19,11,15,,119,,2,22,121.5464889,25.0981615
113,5,26,6,16,2,08士林區,士林區至善路2段與故宮路口,0,0,1,2,C03,8,5,5,50,4,1,1,5,4,5,13,2,1,1,4,5,2,17,1,20,2,8,3,4,7,6,1,10,1,11,,44,,1,22,121.5464889,25.0981615
113,5,26,8,0,2,12內湖區,內湖區成功路2段323巷與成功路2段口,0,0,1,1,B03,8,6,5,50,3,1,1,5,4,5,13,1,1,1,5,5,2,16,2,54,3,10,7,1,7,5,1,8,2,5,,8,,1,21,121.5903696,25.07039512
113,5,26,8,0,2,12內湖區,內湖區成功路2段323巷與成功路2段口,0,0,1,2,C03,8,6,5,50,3,1,1,5,4,5,13,1,1,1,5,5,2,16,1,26,2,9,6,1,7,9,1,10,2,11,,44,,1,21,121.5903696,25.07039512
113,5,26,8,25,2,08士林區,士林區中正路與文昌路口,0,0,3,1,C03,8,6,5,50,4,1,1,5,4,5,13,2,1,3,4,5,2,17,2,21,2,8,3,4,7,15,1,10,1,12,,101,,1,21,121.5218257,25.0943379
113,5,26,8,25,2,08士林區,士林區中正路與文昌路口,0,0,3,2,C03,8,6,5,50,4,1,1,5,4,5,13,2,1,3,4,5,2,17,2,27,2,9,3,4,7,9,1,10,1,11,,13,,1,21,121.5218257,25.0943379
113,5,26,8,25,2,08士林區,士林區中正路與文昌路口,0,0,3,3,H02,8,6,5,50,4,1,1,5,4,5,13,2,1,3,4,5,2,17,2,22,2,1,3,5,7,20,8,20,10,16,,67,,1,21,121.5218257,25.0943379
113,5,26,8,43,2,05中正區,中正區仁愛路2段與金山南路1段口,0,0,1,1,B03,7,5,5,50,4,1,1,5,4,5,13,1,1,1,4,1,2,16,1,54,3,10,7,1,7,6,1,8,1,1,,9,,1,21,121.5281344,25.0382219
113,5,26,8,43,2,05中正區,中正區仁愛路2段與金山南路1段口,0,0,1,2,F01,7,5,5,50,4,1,1,5,4,5,13,1,1,1,4,1,2,16,2,63,2,8,4,1,7,9,8,20,1,12,,121,,1,21,121.5281344,25.0382219
113,5,26,8,58,2,12內湖區,內湖區康寧路3段99巷與康寧路3段口,0,0,1,1,B03,8,7,5,50,3,1,1,5,4,5,13,4,4,1,4,4,2,16,1,26,3,10,7,1,7,6,1,8,1,6,,9,,1,21,121.6097068,25.0715895
113,5,26,8,58,2,12內湖區,內湖區康寧路3段99巷與康寧路3段口,0,0,1,2,C03,8,7,5,50,3,1,1,5,4,5,13,4,4,1,4,4,2,16,1,33,2,9,5,1,7,9,1,10,1,14,,14,,1,21,121.6097068,25.0715895
113,5,26,8,58,2,12內湖區,內湖區康寧路3段99巷與康寧路3段口,0,0,1,3,B03,8,7,5,50,3,1,1,5,4,5,13,4,4,1,4,4,2,16,1,67,4,11,3,4,7,15,7,19,11,17,,38,,2,22,121.6097068,25.0715895
113,5,26,8,58,2,12內湖區,內湖區康寧路3段99巷與康寧路3段口,0,0,1,4,B03,8,7,5,50,3,1,1,5,4,5,13,4,4,1,4,4,2,16,1,57,4,11,3,4,7,15,7,19,11,17,,38,,2,22,121.6097068,25.0715895
113,5,26,8,58,2,12內湖區,內湖區康寧路3段99巷與康寧路3段口,0,0,1,5,B03,8,7,5,50,3,1,1,5,4,5,13,4,4,1,4,4,2,16,1,39,4,11,3,4,7,15,7,19,11,17,,38,,2,22,121.6097068,25.0715895
113,5,26,9,0,2,12內湖區,內湖區環山路3段12號,0,0,2,1,B03,8,6,5,50,3,1,1,5,4,5,13,4,4,5,4,4,2,16,1,38,3,10,7,1,7,5,1,8,2,1,,42,,1,21,121.5790118,25.0845045
113,5,26,9,0,2,12內湖區,內湖區環山路3段12號,0,0,2,2,C03,8,6,5,50,3,1,1,5,4,5,13,4,4,5,4,4,2,16,1,20,2,1,6,1,7,9,1,10,1,14,,42,,1,21,121.5790118,25.0845045
113,5,26,9,0,2,12內湖區,內湖區環山路3段12號,0,0,2,3,H02,8,6,5,50,3,1,1,5,4,5,13,4,4,5,4,4,2,16,2,20,2,9,6,5,7,21,8,20,10,16,,67,,1,21,121.5790118,25.0845045
113,5,26,9,0,2,12內湖區,內湖區環山路3段12號,0,0,2,4,,8,6,5,50,3,1,1,5,4,5,13,4,4,5,4,4,2,16,3,0,,,,,,,,,,,,67,,1,,121.5790118,25.0845045
113,5,26,9,14,2,02萬華區,萬華區康定路與內江街口,0,0,1,1,C03,8,6,5,50,4,1,1,5,4,5,13,1,1,8,3,5,1,17,1,47,3,10,5,1,7,9,1,10,1,12,,108,,1,21,121.5023228,25.0417171
113,5,26,9,14,2,02萬華區,萬華區康定路與內江街口,0,0,1,2,B01,8,6,5,50,4,1,1,5,4,5,13,1,1,8,3,5,1,17,1,54,3,10,7,1,7,5,1,4,1,6,,71,,1,21,121.5023228,25.0417171
113,5,26,9,14,2,02萬華區,萬華區康定路與內江街口,0,0,1,3,H02,8,6,5,50,4,1,1,5,4,5,13,1,1,8,3,5,1,17,2,33,2,8,5,5,7,21,8,20,10,16,,67,,1,21,121.5023228,25.0417171
113,5,26,9,35,2,11南港區,南港區玉成街176巷與玉成街166巷22弄口,0,0,3,1,C03,7,7,5,30,4,2,1,5,4,5,13,4,4,10,5,5,2,15,1,54,2,9,5,4,7,9,1,10,1,11,,14,,1,21,121.5841371,25.0439764
113,5,26,9,35,2,11南港區,南港區玉成街176巷與玉成街166巷22弄口,0,0,3,2,C03,7,7,5,30,4,2,1,5,4,5,13,4,4,10,5,5,2,15,1,68,2,9,6,4,7,9,1,10,1,11,,14,,1,21,121.5841371,25.0439764
113,5,26,9,35,2,11南港區,南港區玉成街176巷與玉成街166巷22弄口,0,0,3,3,H02,7,7,5,30,4,2,1,5,4,5,13,4,4,10,5,5,2,15,2,64,2,9,6,5,7,20,8,20,10,17,,67,,1,21,121.5841371,25.0439764
113,5,26,10,13,2,09北投區,北投區承德路6段與無名巷口,0,0,1,1,B03,7,7,5,50,4,1,1,5,4,5,13,1,1,1,4,5,2,16,1,22,3,10,7,1,7,5,1,8,1,2,,85,,2,22,121.5127325,25.0988398
113,5,26,10,13,2,09北投區,北投區承德路6段與無名巷口,0,0,1,2,C03,7,7,5,50,4,1,1,5,4,5,13,1,1,1,4,5,2,16,2,33,2,9,6,1,7,9,1,10,1,11,,13,,1,21,121.5127325,25.0988398
113,5,26,10,13,2,09北投區,北投區承德路6段與無名巷口,0,0,1,3,C03,7,7,5,50,4,1,1,5,4,5,13,1,1,1,4,5,2,16,2,52,3,10,6,1,7,9,1,10,1,12,,44,,1,21,121.5127325,25.0988398
113,5,26,10,20,2,05中正區,中正區市民大道1段168號,0,0,2,1,C03,7,7,6,40,14,9,1,5,4,5,13,4,4,1,4,5,2,16,1,74,2,7,5,1,7,5,1,10,2,13,,8,,1,21,121.5186259,25.0483819
113,5,26,10,20,2,05中正區,中正區市民大道1段168號,0,0,2,2,C03,7,7,6,40,14,9,1,5,4,5,13,4,4,1,4,5,2,16,1,27,2,9,5,1,7,9,1,10,2,11,,44,,1,21,121.5186259,25.0483819
113,5,26,11,9,2,12內湖區,內湖區成功路2段與潭美街口,0,0,2,1,C03,8,5,5,40,14,9,1,5,4,5,13,2,1,5,5,5,2,13,2,35,3,10,5,1,7,15,1,10,1,11,,108,,1,21,121.5913576,25.0598591
113,5,26,11,9,2,12內湖區,內湖區成功路2段與潭美街口,0,0,2,2,C03,8,5,5,40,14,9,1,5,4,5,13,2,1,5,5,5,2,13,2,56,2,9,5,1,7,14,1,10,1,13,,44,,1,21,121.5913576,25.0598591
113,5,26,11,9,2,12內湖區,內湖區成功路2段與潭美街口,0,0,2,3,H02,8,5,5,40,14,9,1,5,4,5,13,2,1,5,5,5,2,13,2,65,2,9,5,5,7,20,8,20,10,16,,67,,1,21,121.5913576,25.0598591
113,5,26,11,23,2,06松山區,松山區東興路與東興路口8號及12號間巷子,0,0,1,1,B03,7,6,5,50,3,2,1,5,4,5,13,1,1,8,3,5,2,16,1,60,3,10,7,1,7,6,1,8,1,2,,71,,1,22,121.5653163,25.0501207
113,5,26,11,23,2,06松山區,松山區東興路與東興路口8號及12號間巷子,0,0,1,2,C03,7,6,5,50,3,2,1,5,4,5,13,1,1,8,3,5,2,16,2,30,2,9,6,1,7,9,1,10,1,11,,44,,1,22,121.5653163,25.0501207
113,5,26,11,39,2,12內湖區,內湖區成功路4段6號,0,0,1,1,B03,7,6,5,50,14,9,1,5,4,5,13,4,4,1,4,5,2,12,1,27,3,10,7,1,7,8,1,8,1,2,,44,,1,21,121.590801,25.080775
113,5,26,11,39,2,12內湖區,內湖區成功路4段6號,0,0,1,2,C03,7,6,5,50,14,9,1,5,4,5,13,4,4,1,4,5,2,12,1,66,2,9,6,1,7,9,1,10,1,14,,107,,1,21,121.590801,25.080775
113,5,26,12,10,2,04大安區,大安區復興南路1段與大安路1段116巷口,0,0,1,1,B03,8,6,5,50,4,1,1,5,4,5,13,1,1,10,5,5,2,15,1,64,3,10,7,1,7,9,1,8,1,4,,81,,1,21,121.5437053,25.0398569
113,5,26,12,10,2,04大安區,大安區復興南路1段與大安路1段116巷口,0,0,1,2,C03,8,6,5,50,4,1,1,5,4,5,13,1,1,10,5,5,2,15,1,32,2,9,5,1,7,9,1,10,1,11,,44,,1,21,121.5437053,25.0398569
113,5,26,12,36,2,01大同區,大同區承德路2段與南京西路口,0,0,2,1,C03,8,6,5,50,4,1,1,5,4,5,13,1,1,1,4,5,2,12,2,51,2,9,6,1,7,15,1,10,2,12,,100,,1,21,121.5175997,25.0533091
113,5,26,12,36,2,01大同區,大同區承德路2段與南京西路口,0,0,2,2,C03,8,6,5,50,4,1,1,5,4,5,13,1,1,1,4,5,2,12,1,33,2,9,6,1,7,9,1,10,2,14,,44,,1,21,121.5175997,25.0533091
113,5,26,12,44,2,03中山區,中山區錦州街119號,0,0,1,1,C03,8,7,6,50,8,9,1,5,4,5,13,4,4,5,4,5,2,2,1,44,3,10,6,1,7,9,1,10,1,12,,99,,1,22,121.5287066,25.0603939
113,5,26,12,44,2,03中山區,中山區錦州街119號,0,0,1,2,H01,8,7,6,50,8,9,1,5,4,5,13,4,4,5,4,5,2,2,1,62,2,7,4,5,8,16,8,20,10,16,,67,,1,22,121.5287066,25.0603939
113,5,26,12,54,2,04大安區,大安區忠孝東路3段與新生南路1段口,0,0,1,1,B03,8,6,5,50,4,1,1,5,4,5,13,1,1,1,3,5,2,17,2,41,3,10,7,1,7,6,1,8,1,2,,9,,1,21,121.5333034,25.04230399
113,5,26,12,54,2,04大安區,大安區忠孝東路3段與新生南路1段口,0,0,1,2,C03,8,6,5,50,4,1,1,5,4,5,13,1,1,1,3,5,2,17,2,22,2,9,6,1,7,9,1,10,1,11,,44,,1,21,121.5333034,25.04230399
113,5,26,14,40,2,02萬華區,萬華區昆明街與內江街口,0,0,1,1,C03,8,6,5,50,4,2,1,5,4,5,13,2,1,10,5,5,2,16,1,37,2,8,6,1,7,6,1,10,1,13,,9,,1,26,121.504685,25.04154885
113,5,26,14,40,2,02萬華區,萬華區昆明街與內江街口,0,0,1,2,A02,8,6,5,50,4,2,1,5,4,5,13,2,1,10,5,5,2,16,1,51,3,10,7,1,7,9,1,2,1,1,,44,,1,26,121.504685,25.04154885
113,5,26,15,16,2,05中正區,中正區中山南路與信義路1段口,0,0,2,1,C03,7,5,5,50,5,1,1,5,4,5,13,1,1,1,4,1,2,17,1,26,2,9,6,1,7,5,1,10,1,11,,96,,1,21,121.5179499,25.0387339
113,5,26,15,16,2,05中正區,中正區中山南路與信義路1段口,0,0,2,3,H02,7,5,5,50,5,1,1,5,4,5,13,1,1,1,4,1,2,17,2,25,2,9,6,5,7,20,8,20,10,16,,67,,1,21,121.5179499,25.0387339
113,5,26,15,16,2,05中正區,中正區中山南路與信義路1段口,0,0,2,2,B03,7,5,5,50,5,1,1,5,4,5,13,1,1,1,4,1,2,17,1,56,3,10,7,1,7,9,1,8,2,2,,44,,1,21,121.5179499,25.0387339
113,5,26,15,36,2,04大安區,大安區忠孝東路4段216巷19弄與忠孝東路口側附近4段216巷口,0,0,1,1,B01,8,7,8,30,4,1,1,5,4,5,13,4,4,9,4,5,2,17,1,65,3,10,7,1,7,8,1,4,1,5,,100,,1,21,121.5529969,25.04032
113,5,26,15,36,2,04大安區,大安區忠孝東路4段216巷19弄與忠孝東路口側附近4段216巷口,0,0,1,2,C03,8,7,8,30,4,1,1,5,4,5,13,4,4,9,4,5,2,17,1,39,2,9,6,1,7,9,1,10,1,14,,44,,1,21,121.5529969,25.04032
113,5,26,15,48,2,03中山區,中山區民生東路3段與復興北路口,0,0,1,1,C03,6,6,5,50,4,1,1,4,4,5,13,4,4,1,4,5,2,17,1,20,3,10,6,1,7,6,1,10,1,12,,9,,1,21,121.5440506,25.05763822
113,5,26,15,48,2,03中山區,中山區民生東路3段與復興北路口,0,0,1,2,C03,6,6,5,50,4,1,1,4,4,5,13,4,4,1,4,5,2,17,1,28,2,9,6,1,7,9,1,10,1,14,,44,,1,21,121.5440506,25.05763822
113,5,26,16,7,2,08士林區,士林區延平北路6段與中正路口,0,0,1,1,B03,7,6,5,50,4,1,1,5,4,5,13,1,1,1,4,5,2,17,1,33,3,10,3,4,7,5,1,8,2,4,,8,,1,21,121.509213,25.0868122
113,5,26,16,7,2,08士林區,士林區延平北路6段與中正路口,0,0,1,2,C03,7,6,5,50,4,1,1,5,4,5,13,1,1,1,4,5,2,17,2,37,2,7,6,1,7,9,1,10,1,11,,44,,1,21,121.509213,25.0868122
113,5,26,16,10,2,07信義區,信義區和平東路3段與信安街口,0,0,1,1,B03,6,6,5,50,4,2,1,4,4,5,13,2,1,1,4,1,2,11,2,37,3,10,7,1,7,3,1,8,2,1,,80,,1,21,121.5546628,25.0224089
113,5,26,16,10,2,07信義區,信義區和平東路3段與信安街口,0,0,1,2,B03,6,6,5,50,4,2,1,4,4,5,13,2,1,1,4,1,2,11,1,72,2,1,7,1,7,9,1,8,2,1,,14,,1,21,121.5546628,25.0224089
113,5,26,16,10,2,07信義區,信義區和平東路3段與信安街口,0,0,1,3,B03,6,6,5,50,4,2,1,4,4,5,13,2,1,1,4,1,2,11,1,50,3,10,3,1,7,13,1,8,9,3,,44,,1,21,121.5546628,25.0224089
113,5,26,16,10,2,07信義區,信義區和平東路3段與信安街口,0,0,1,4,B03,6,6,5,50,4,2,1,4,4,5,13,2,1,1,4,1,2,11,1,31,3,10,3,1,7,13,1,8,9,3,,44,,1,21,121.5546628,25.0224089
113,5,26,16,10,2,07信義區,信義區和平東路3段與信安街口,0,0,1,5,B03,6,6,5,50,4,2,1,4,4,5,13,2,1,1,4,1,2,11,1,35,3,10,3,1,7,13,1,8,9,3,,44,,1,21,121.5546628,25.0224089
113,5,26,17,25,2,06松山區,松山區民生東路5段與民生東路5段212巷口,0,0,1,1,A02,7,6,5,50,4,2,1,4,4,5,13,1,1,1,3,5,2,9,1,44,3,10,3,4,7,15,1,2,1,17,,118,,1,21,121.565123,25.0589829