發生年度,發生月,發生日,發生時-Hours,發生分,處理別-編號,區序,肇事地點,死亡人數,2-30日死亡人數,受傷人數,當事人序號,車種,天候,道路照明設備,道路類別,速限-速度限制,道路型態,事故位置,路面狀況1,路面狀況2,路面狀況3,道路障礙1,道路障礙2,號誌1,號誌2,車道劃分-分向,車道劃分-分道1,車道劃分-分道2,車道劃分-分道3,事故類型及型態,性別,年齡,受傷程度,主要傷處,保護裝置,行動電話,車輛用途,當事者行動狀態,駕駛資格情形,駕駛執照種類,飲酒情形,車輛撞擊部位1,車輛撞擊部位2,肇因碼-個別,肇因碼-主要,個人肇逃否,職業,座標-X,座標-Y
113,5,26,17,25,2,06松山區,松山區民生東路5段與民生東路5段212巷口,0,0,1,2,H02,7,6,5,50,4,2,1,4,4,5,13,1,1,1,3,5,2,9,2,50,2,9,4,5,7,20,8,20,10,16,,118,,1,21,121.565123,25.0589829
113,5,26,18,24,2,04大安區,大安區臥龍街188巷40號,0,0,1,1,C03,8,6,5,50,14,9,1,5,4,5,13,4,4,9,5,5,2,18,1,50,2,8,5,1,7,1,1,10,1,12,,44,,1,21,121.5506854,25.0169817
113,5,26,18,24,2,04大安區,大安區臥龍街188巷40號,0,0,1,2,B13,8,6,5,50,14,9,1,5,4,5,13,4,4,9,5,5,2,18,1,25,3,10,7,1,7,1,1,8,1,17,,19,,1,21,121.5506854,25.0169817
113,5,26,18,48,2,02萬華區,萬華區康定路與康定路372巷口,0,0,2,1,C03,7,5,5,50,4,1,1,5,4,5,13,1,1,5,1,5,1,16,1,76,2,9,6,1,7,5,3,18,5,12,,2,,1,21,121.5009782,25.0341
113,5,26,18,48,2,02萬華區,萬華區康定路與康定路372巷口,0,0,2,2,C03,7,5,5,50,4,1,1,5,4,5,13,1,1,5,1,5,1,16,2,59,2,9,6,1,7,9,1,10,2,11,,44,,1,21,121.5009782,25.0341
113,5,26,19,16,2,03中山區,中山區市民大道3段與八德路2段口,0,0,1,1,B03,8,5,5,40,4,1,1,5,4,5,13,1,1,1,4,5,2,17,1,54,3,10,7,1,7,6,1,8,1,2,,9,,1,22,121.5350877,25.0451095
113,5,26,19,16,2,03中山區,中山區市民大道3段與八德路2段口,0,0,1,2,C03,8,5,5,40,4,1,1,5,4,5,13,1,1,1,4,5,2,17,1,27,2,9,5,1,7,9,1,10,1,14,,44,,1,22,121.5350877,25.0451095
113,5,26,20,7,2,10文山區,文山區羅斯福路4段與基隆路4段口口,0,0,4,1,C04,8,5,5,50,5,1,1,5,4,5,13,2,1,1,4,5,2,17,1,27,2,8,6,1,7,5,1,10,1,13,,96,,1,21,121.5369489,25.0110069
113,5,26,20,7,2,10文山區,文山區羅斯福路4段與基隆路4段口口,0,0,4,2,C03,8,5,5,50,5,1,1,5,4,5,13,2,1,1,4,5,2,17,1,54,2,8,6,1,7,9,1,10,1,11,,108,,1,21,121.5369489,25.0110069
113,5,26,20,7,2,10文山區,文山區羅斯福路4段與基隆路4段口口,0,0,4,3,H02,8,5,5,50,5,1,1,5,4,5,13,2,1,1,4,5,2,17,2,27,2,8,5,5,7,21,8,20,10,16,,67,,1,21,121.5369489,25.0110069
113,5,26,20,7,2,10文山區,文山區羅斯福路4段與基隆路4段口口,0,0,4,4,H02,8,5,5,50,5,1,1,5,4,5,13,2,1,1,4,5,2,17,2,47,2,9,6,5,7,21,8,20,10,16,,67,,1,21,121.5369489,25.0110069
113,5,26,20,16,2,02萬華區,萬華區西園路2段與環河南路3段口,0,0,1,1,B03,8,5,5,50,4,1,1,5,4,5,13,2,2,1,4,5,2,17,1,35,3,10,7,1,7,6,1,8,1,5,,9,,1,21,121.490811,25.024264
113,5,26,20,16,2,02萬華區,萬華區西園路2段與環河南路3段口,0,0,1,2,C03,8,5,5,50,4,1,1,5,4,5,13,2,2,1,4,5,2,17,2,25,2,9,6,1,7,9,1,10,1,14,,108,,1,21,121.490811,25.024264
113,5,26,20,30,2,11南港區,南港區重陽路66號,0,0,2,1,B03,8,5,5,50,14,8,1,5,4,5,13,4,4,4,3,4,2,17,1,44,3,10,7,1,7,15,1,8,2,1,,99,,1,21,121.596961,25.055701
113,5,26,20,30,2,11南港區,南港區重陽路66號,0,0,2,2,C03,8,5,5,50,14,8,1,5,4,5,13,4,4,4,3,4,2,17,1,53,2,7,5,1,7,9,1,10,2,14,,44,,1,21,121.596961,25.055701
113,5,26,20,30,2,11南港區,南港區重陽路66號,0,0,2,3,H02,8,5,5,50,14,8,1,5,4,5,13,4,4,4,3,4,2,17,2,49,2,9,5,5,7,21,8,20,10,16,,67,,1,21,121.596961,25.055701
113,5,26,20,47,2,10文山區,文山區保儀路與木柵路3段口,0,0,1,1,C03,7,5,5,50,14,9,2,5,4,5,13,2,1,5,5,5,2,17,2,27,3,10,5,4,7,6,1,10,1,12,,44,,1,21,121.5685478,24.9888685
113,5,26,20,47,2,10文山區,文山區保儀路與木柵路3段口,0,0,1,2,C03,7,5,5,50,14,9,2,5,4,5,13,2,1,5,5,5,2,17,2,27,2,8,5,4,7,14,1,10,1,14,,44,,1,21,121.5685478,24.9888685
113,5,26,21,35,2,03中山區,中山區明水路與樂群二路口,0,0,1,1,B03,6,5,5,50,4,19,1,4,4,5,13,2,1,1,4,5,2,1,1,51,3,10,3,4,7,5,1,8,9,1,,70,,1,21,121.5521075,25.07986071
113,5,26,21,35,2,03中山區,中山區明水路與樂群二路口,0,0,1,2,H01,6,5,5,50,4,19,1,4,4,5,13,2,1,1,4,5,2,1,1,33,2,7,4,5,8,16,8,20,10,16,,121,,1,21,121.5521075,25.07986071
113,5,27,0,0,2,04大安區,大安區和平東路3段與基隆路2段口,0,0,1,1,B03,8,5,5,50,3,1,1,5,4,5,13,1,1,1,4,5,1,16,1,20,3,10,3,4,7,6,1,8,2,5,,9,,1,21,121.5523156,25.0240474
113,5,27,0,0,2,04大安區,大安區和平東路3段與基隆路2段口,0,0,1,2,C03,8,5,5,50,3,1,1,5,4,5,13,1,1,1,4,5,1,16,1,55,2,9,3,4,7,9,1,10,2,15,,44,,1,21,121.5523156,25.0240474
113,5,27,0,28,2,01大同區,大同區承德路3段與承德路3段285巷口,0,0,2,1,C03,7,5,5,50,4,2,1,5,4,5,13,1,1,1,4,5,2,17,4,0,,,,,,,,,11,,,119,,2,,121.5196783,25.0737473
113,5,27,0,28,2,01大同區,大同區承德路3段與承德路3段285巷口,0,0,2,2,C03,7,5,5,50,4,2,1,5,4,5,13,1,1,1,4,5,2,17,1,32,2,9,5,1,7,9,1,10,2,13,,44,,1,21,121.5196783,25.0737473
113,5,27,0,28,2,01大同區,大同區承德路3段與承德路3段285巷口,0,0,2,3,H02,7,5,5,50,4,2,1,5,4,5,13,1,1,1,4,5,2,17,2,22,2,9,5,5,7,20,8,20,10,16,,67,,1,21,121.5196783,25.0737473
113,5,27,1,57,2,01大同區,大同區延平北路4段100-1號,0,0,1,1,C03,7,5,5,50,14,8,1,5,4,5,13,4,4,5,2,4,2,17,1,19,2,9,5,1,7,9,1,10,1,15,,108,,1,21,121.5108722,25.0716541
113,5,27,1,57,2,01大同區,大同區延平北路4段100-1號,0,0,1,2,B03,7,5,5,50,14,8,1,5,4,5,13,4,4,5,2,4,2,17,1,47,3,10,3,4,7,13,1,4,11,3,,44,,1,21,121.5108722,25.0716541
113,5,27,1,57,2,01大同區,大同區延平北路4段100-1號,0,0,1,3,F01,7,5,5,50,14,8,1,5,4,5,13,4,4,5,2,4,2,17,4,0,3,10,3,4,7,15,8,20,11,15,,119,,2,21,121.5108722,25.0716541
113,5,27,6,13,2,12內湖區,內湖區內湖路1段411巷與環山路2段口,0,0,1,1,B13,8,6,5,50,3,1,1,5,4,5,13,1,1,5,4,5,2,16,1,36,3,10,7,1,7,5,1,7,2,6,,71,,1,21,121.5727976,25.0856701
113,5,27,6,13,2,12內湖區,內湖區內湖路1段411巷與環山路2段口,0,0,1,2,C03,8,6,5,50,3,1,1,5,4,5,13,1,1,5,4,5,2,16,2,34,2,9,5,1,7,9,1,10,1,11,,107,,1,21,121.5727976,25.0856701
113,5,27,6,30,2,03中山區,中山區建國北路3段與農安街口,0,0,1,1,B02,8,6,5,50,4,2,1,5,4,5,13,1,1,10,4,5,2,3,1,39,3,10,7,1,7,15,1,8,1,8,,70,,1,21,121.5365495,25.0648844
113,5,27,6,30,2,03中山區,中山區建國北路3段與農安街口,0,0,1,2,H01,8,6,5,50,4,2,1,5,4,5,13,1,1,10,4,5,2,3,2,76,2,9,4,5,8,16,8,20,10,16,,122,,1,21,121.5365495,25.0648844
113,5,27,7,50,2,07信義區,信義區市民大道6段與虎林街口,0,0,1,1,C04,8,5,5,40,4,2,1,5,4,5,13,2,1,5,4,5,2,17,2,33,2,9,6,1,7,9,1,10,1,11,,108,,1,22,121.5760018,25.0491059
113,5,27,7,50,2,07信義區,信義區市民大道6段與虎林街口,0,0,1,2,C03,8,5,5,40,4,2,1,5,4,5,13,2,1,5,4,5,2,17,1,44,3,10,6,1,7,6,1,10,1,13,,44,,1,22,121.5760018,25.0491059
113,5,27,8,5,2,07信義區,信義區基隆路1段350巷與松壽路口,0,0,1,1,C03,8,6,5,50,4,1,1,5,4,5,13,2,1,8,3,5,2,17,1,31,2,9,3,4,7,15,1,10,1,11,,8,,1,21,121.5610944,25.0358218
113,5,27,8,5,2,07信義區,信義區基隆路1段350巷與松壽路口,0,0,1,2,B03,8,6,5,50,4,1,1,5,4,5,13,2,1,8,3,5,2,17,1,66,3,10,3,4,7,15,1,8,1,8,,9,,1,21,121.5610944,25.0358218
113,5,27,8,11,2,10文山區,文山區木柵路4段與木柵路4段33巷口,0,0,2,1,C03,8,7,5,50,3,1,1,5,4,5,10,2,1,10,5,5,2,16,2,32,2,9,5,1,7,5,1,10,1,12,,42,,1,21,121.5715455,24.9940568
113,5,27,8,11,2,10文山區,文山區木柵路4段與木柵路4段33巷口,0,0,2,2,C03,8,7,5,50,3,1,1,5,4,5,10,2,1,10,5,5,2,16,1,83,2,9,5,1,7,9,1,10,1,11,,42,,1,21,121.5715455,24.9940568
113,5,27,8,13,2,01大同區,大同區鄭州路與鄭州路143巷口,0,0,1,1,C03,8,6,5,40,3,1,1,5,4,5,13,4,4,1,4,5,2,17,2,40,2,8,6,1,7,8,1,10,2,12,,80,,1,21,121.5097875,25.0504051
113,5,27,8,13,2,01大同區,大同區鄭州路與鄭州路143巷口,0,0,1,2,C03,8,6,5,40,3,1,1,5,4,5,13,4,4,1,4,5,2,17,1,37,3,10,6,1,7,9,1,10,2,14,,44,,1,21,121.5097875,25.0504051
113,5,27,8,20,2,05中正區,中正區思源街16號對面,0,0,1,1,C03,8,7,5,50,14,9,1,5,4,5,13,4,4,2,4,5,2,13,1,29,2,7,5,1,7,9,1,10,1,11,,16,,1,21,121.5310842,25.0140677
113,5,27,8,20,2,05中正區,中正區思源街16號對面,0,0,1,2,C03,8,7,5,50,14,9,1,5,4,5,13,4,4,2,4,5,2,13,1,58,3,10,5,1,7,9,1,10,1,13,,44,,1,21,121.5310842,25.0140677
113,5,27,8,30,2,12內湖區,內湖區成功路2段與安康路口口,0,0,1,1,B03,8,6,5,50,4,1,1,5,4,5,13,2,1,5,4,5,2,16,1,77,3,10,7,1,7,6,1,8,1,1,,108,,1,21,121.591273,25.0606113
113,5,27,8,30,2,12內湖區,內湖區成功路2段與安康路口口,0,0,1,2,C03,8,6,5,50,4,1,1,5,4,5,13,2,1,5,4,5,2,16,2,23,2,9,5,1,7,1,1,10,1,12,,108,,1,21,121.591273,25.0606113
113,5,27,8,35,2,10文山區,文山區木柵路4段與木柵路4段159巷口,0,0,3,1,C03,8,6,5,50,3,1,1,5,4,5,13,1,1,10,5,5,2,17,1,67,3,10,3,4,7,9,1,10,1,12,,17,,1,22,121.5755864,24.9996542
113,5,27,8,35,2,10文山區,文山區木柵路4段與木柵路4段159巷口,0,0,3,2,C03,8,6,5,50,3,1,1,5,4,5,13,1,1,10,5,5,2,17,2,26,2,8,3,4,7,9,1,10,1,11,,17,,1,22,121.5755864,24.9996542
113,5,27,8,35,2,10文山區,文山區木柵路4段與木柵路4段159巷口,0,0,3,3,C03,8,6,5,50,3,1,1,5,4,5,13,1,1,10,5,5,2,17,2,27,2,8,3,4,7,12,1,10,1,13,,44,,1,22,121.5755864,24.9996542
113,5,27,8,35,2,10文山區,文山區木柵路4段與木柵路4段159巷口,0,0,3,4,C03,8,6,5,50,3,1,1,5,4,5,13,1,1,10,5,5,2,17,2,55,2,9,3,4,7,9,1,10,1,11,,16,,1,22,121.5755864,24.9996542
113,5,27,8,46,2,11南港區,南港區舊莊街1段與舊莊街1段145巷口口,0,0,2,1,C03,8,6,5,50,3,1,1,5,4,5,13,3,1,9,5,5,2,13,1,60,2,8,5,4,7,9,1,10,1,11,,16,,1,21,121.6204336,25.0398297
113,5,27,8,46,2,11南港區,南港區舊莊街1段與舊莊街1段145巷口口,0,0,2,2,C03,8,6,5,50,3,1,1,5,4,5,13,3,1,9,5,5,2,13,2,26,2,9,5,4,7,9,1,10,1,13,,16,,1,21,121.6204336,25.0398297
113,5,27,8,46,2,11南港區,南港區舊莊街1段與舊莊街1段145巷口口,0,0,2,3,C03,8,6,5,50,3,1,1,5,4,5,13,3,1,9,5,5,2,13,2,40,3,10,5,4,7,14,1,10,1,13,,44,,1,21,121.6204336,25.0398297
113,5,27,8,57,2,06松山區,松山區民權東路3段191巷與五常街370巷口,0,0,1,1,B12,8,6,5,30,4,1,1,5,4,5,13,4,4,10,5,5,2,17,1,35,3,10,7,1,7,6,1,8,1,8,,72,,1,22,121.5458823,25.0642956
113,5,27,8,57,2,06松山區,松山區民權東路3段191巷與五常街370巷口,0,0,1,2,C02,8,6,5,30,4,1,1,5,4,5,13,4,4,10,5,5,2,17,1,45,2,9,6,1,7,9,1,9,1,11,,44,,1,22,121.5458823,25.0642956
113,5,27,8,57,2,06松山區,松山區民權東路3段191巷與五常街370巷口,0,0,1,3,B11,8,6,5,30,4,1,1,5,4,5,13,4,4,10,5,5,2,17,5,0,4,11,3,4,7,13,7,19,11,15,,38,,1,22,121.5458823,25.0642956
113,5,27,8,58,2,05中正區,中正區中山北路1段1號,0,0,1,1,C03,8,6,5,50,14,9,1,5,4,5,13,4,4,3,4,5,2,16,2,41,2,9,6,1,7,8,1,10,1,13,,100,,1,22,121.5206913,25.0477808
113,5,27,8,58,2,05中正區,中正區中山北路1段1號,0,0,1,2,B02,8,6,5,50,14,9,1,5,4,5,13,4,4,3,4,5,2,16,1,45,3,10,7,1,7,9,1,4,1,5,,44,,1,22,121.5206913,25.0477808
113,5,27,8,58,2,05中正區,中正區中山北路1段1號,0,0,1,3,B12,8,6,5,50,14,9,1,5,4,5,13,4,4,3,4,5,2,16,1,49,3,10,7,1,7,9,1,8,1,7,,44,,1,22,121.5206913,25.0477808
113,5,27,9,0,2,02萬華區,萬華區民和街與東園街66巷20弄口,0,0,2,1,C03,7,7,5,30,4,1,1,5,4,5,13,4,4,10,5,5,2,15,1,25,2,7,5,1,7,9,1,10,1,11,,72,,1,21,121.4962369,25.0249373
113,5,27,9,0,2,02萬華區,萬華區民和街與東園街66巷20弄口,0,0,2,2,C03,7,7,5,30,4,1,1,5,4,5,13,4,4,10,5,5,2,15,1,58,2,9,5,1,7,9,6,18,1,11,,14,,1,21,121.4962369,25.0249373
113,5,27,9,0,2,02萬華區,萬華區民和街與東園街66巷20弄口,0,0,2,3,B03,7,7,5,30,4,1,1,5,4,5,13,4,4,10,5,5,2,15,1,57,3,10,3,4,7,13,1,8,9,7,,44,,1,21,121.4962369,25.0249373
113,5,27,9,8,2,01大同區,大同區民權西路與民權西路144巷口口,0,0,2,1,C03,8,6,5,50,4,2,1,5,4,5,13,2,1,1,4,5,2,13,2,37,2,9,6,1,7,9,1,10,1,11,,16,,1,21,121.516047,25.0628567
113,5,27,9,8,2,01大同區,大同區民權西路與民權西路144巷口口,0,0,2,2,C03,8,6,5,50,4,2,1,5,4,5,13,2,1,1,4,5,2,13,1,17,2,7,6,1,7,12,2,18,1,13,11,44,,1,21,121.516047,25.0628567
113,5,27,9,8,2,01大同區,大同區民權西路與民權西路144巷口口,0,0,2,3,C03,8,6,5,50,4,2,1,5,4,5,13,2,1,1,4,5,2,13,1,39,3,10,6,1,7,12,1,10,1,13,,44,,1,21,121.516047,25.0628567
113,5,27,9,8,2,01大同區,大同區民權西路與民權西路144巷口口,0,0,2,4,C03,8,6,5,50,4,2,1,5,4,5,13,2,1,1,4,5,2,13,1,29,3,10,6,1,7,9,1,10,9,17,,30,,1,21,121.516047,25.0628567
113,5,27,9,18,2,04大安區,大安區四維路與四維路101巷口,0,0,1,1,B03,8,6,5,30,3,2,1,5,4,5,13,4,4,10,5,5,2,17,1,42,4,11,3,4,7,15,7,19,11,15,,119,,2,21,121.5472695,25.03294546
113,5,27,9,18,2,04大安區,大安區四維路與四維路101巷口,0,0,1,2,G06,8,6,5,30,3,2,1,5,4,5,13,4,4,10,5,5,2,17,1,44,2,9,4,1,7,9,8,20,2,17,,42,,1,21,121.5472695,25.03294546
113,5,27,9,22,2,12內湖區,內湖區行忠路與行忠路171巷口,0,0,1,1,B03,8,6,5,50,4,2,1,5,4,5,13,2,1,5,5,5,2,17,1,71,3,10,7,1,7,6,1,8,2,5,,80,,1,21,121.5813119,25.0670243
113,5,27,9,22,2,12內湖區,內湖區行忠路與行忠路171巷口,0,0,1,2,C03,8,6,5,50,4,2,1,5,4,5,13,2,1,5,5,5,2,17,2,29,2,9,5,1,7,9,1,10,2,14,,108,,1,21,121.5813119,25.0670243
113,5,27,9,34,2,02萬華區,萬華區艋舺大道190號,0,0,3,1,H01,8,5,5,50,14,9,1,5,4,5,13,4,4,1,4,5,2,9,2,68,2,5,4,5,8,20,8,20,10,16,,53,,1,21,121.4998342,25.0328011
113,5,27,9,34,2,02萬華區,萬華區艋舺大道190號,0,0,3,2,C03,8,5,5,50,14,9,1,5,4,5,13,4,4,1,4,5,2,9,1,51,2,7,5,4,7,9,1,10,1,13,,44,,1,21,121.4998342,25.0328011
113,5,27,9,34,2,02萬華區,萬華區艋舺大道190號,0,0,3,3,C03,8,5,5,50,14,9,1,5,4,5,13,4,4,1,4,5,2,9,2,27,2,9,5,4,7,9,1,10,1,11,,16,,1,21,121.4998342,25.0328011
113,5,27,9,41,2,08士林區,士林區社中街346巷與社中街346巷3弄口,0,0,2,1,C03,8,6,5,30,4,1,1,5,4,5,13,4,4,10,5,5,1,15,1,35,2,9,6,1,7,9,1,10,1,12,,72,,1,22,121.5045573,25.0925625
113,5,27,9,41,2,08士林區,士林區社中街346巷與社中街346巷3弄口,0,0,2,2,C03,8,6,5,30,4,1,1,5,4,5,13,4,4,10,5,5,1,15,1,29,2,9,6,1,7,9,1,10,1,11,,14,,1,22,121.5045573,25.0925625
113,5,27,10,10,2,04大安區,大安區忠孝東路3段251巷與忠孝東路3段251巷11弄口,0,0,1,1,C03,7,6,5,30,4,1,1,5,4,5,13,4,4,5,5,5,2,15,2,38,2,7,5,1,7,9,1,10,1,11,,72,,1,22,121.5416517,25.0436047
113,5,27,10,10,2,04大安區,大安區忠孝東路3段251巷與忠孝東路3段251巷11弄口,0,0,1,2,B12,7,6,5,30,4,1,1,5,4,5,13,4,4,5,5,5,2,15,1,40,3,10,7,1,7,9,1,8,1,8,,44,,1,22,121.5416517,25.0436047
113,5,27,10,10,2,09北投區,北投區大度路2段99號,0,0,3,1,C03,8,6,5,50,14,11,1,5,4,5,13,4,4,9,5,5,1,13,2,42,2,9,6,1,7,9,1,10,2,12,,16,,1,21,121.4808338,25.1221165
113,5,27,10,10,2,09北投區,北投區大度路2段99號,0,0,3,2,C03,8,6,5,50,14,11,1,5,4,5,13,4,4,9,5,5,1,13,1,75,2,8,5,1,7,9,1,10,2,14,,44,,1,21,121.4808338,25.1221165
113,5,27,10,10,2,09北投區,北投區大度路2段99號,0,0,3,3,H02,8,6,5,50,14,11,1,5,4,5,13,4,4,9,5,5,1,13,2,8,2,9,5,5,7,21,8,20,10,16,,67,,1,14,121.4808338,25.1221165
113,5,27,10,14,2,07信義區,信義區松山路與松山路149巷口,0,0,2,1,C03,8,6,5,50,4,1,1,5,4,5,13,2,1,9,5,5,2,17,2,18,2,9,5,1,7,6,1,10,1,11,14,9,,1,21,121.5779106,25.0466567
113,5,27,10,14,2,07信義區,信義區松山路與松山路149巷口,0,0,2,2,F01,8,6,5,50,4,1,1,5,4,5,13,2,1,9,5,5,2,17,1,41,2,9,4,1,7,9,8,20,1,12,,11,,1,21,121.5779106,25.0466567
113,5,27,10,15,2,12內湖區,內湖區潭美街106燈桿,0,0,1,1,C03,8,6,5,50,14,9,1,5,4,5,13,4,4,10,4,5,2,17,1,43,3,10,6,1,7,9,1,10,1,11,,107,,1,21,121.6099683,25.06350118
113,5,27,10,15,2,12內湖區,內湖區潭美街106燈桿,0,0,1,2,C03,8,6,5,50,14,9,1,5,4,5,13,4,4,10,4,5,2,17,1,70,2,9,6,1,7,9,1,10,1,13,,44,,1,21,121.6099683,25.06350118
113,5,27,10,27,2,04大安區,大安區信義路4段與通安街口,0,0,1,1,C03,8,6,5,50,3,1,1,5,4,5,13,4,4,10,3,5,2,13,1,25,2,8,6,1,7,9,1,10,1,11,,16,,1,21,121.553466,25.03321009
113,5,27,10,27,2,04大安區,大安區信義路4段與通安街口,0,0,1,2,B12,8,6,5,50,3,1,1,5,4,5,13,4,4,10,3,5,2,13,1,39,3,10,7,1,7,14,1,8,1,7,,44,,1,21,121.553466,25.03321009
113,5,27,10,50,2,08士林區,士林區通河西街1段與通河西街1段口堤外便道、越堤道,0,0,1,1,B03,8,6,5,50,4,1,1,5,4,5,13,4,4,10,5,5,2,17,1,66,3,10,3,4,7,5,1,8,1,8,,72,,1,22,121.5126508,25.0859087
113,5,27,10,50,2,08士林區,士林區通河西街1段與通河西街1段口堤外便道、越堤道,0,0,1,2,C03,8,6,5,50,4,1,1,5,4,5,13,4,4,10,5,5,2,17,1,19,2,7,3,4,7,9,1,10,1,11,,14,,1,22,121.5126508,25.0859087
113,5,27,11,14,2,10文山區,文山區木柵路1段與富山路口,0,0,1,1,B03,7,5,5,50,3,2,1,5,4,5,13,2,1,10,5,5,2,3,2,24,3,10,7,1,7,5,1,8,11,4,,70,,1,21,121.5538755,24.988093
113,5,27,11,14,2,10文山區,文山區木柵路1段與富山路口,0,0,1,2,H01,7,5,5,50,3,2,1,5,4,5,13,2,1,10,5,5,2,3,2,84,2,9,4,5,8,16,8,20,10,16,,67,,1,21,121.5538755,24.988093
113,5,27,11,44,2,04大安區,大安區新生南路3段30號,0,0,1,2,G03,7,6,5,0,14,20,1,5,4,1,13,4,4,10,5,5,2,17,1,28,3,10,7,1,7,15,1,7,1,15,,116,,1,21,121.5343869,25.0231182
113,5,27,11,44,2,04大安區,大安區新生南路3段30號,0,0,1,1,F01,7,6,5,0,14,20,1,5,4,1,13,4,4,10,5,5,2,17,2,37,2,9,4,1,7,9,8,20,1,11,,44,,1,21,121.5343869,25.0231182
113,5,27,11,44,2,04大安區,大安區新生南路3段30號,0,0,1,3,H03,7,6,5,0,14,20,1,5,4,1,13,4,4,10,5,5,2,17,1,41,3,10,4,5,8,20,8,20,10,16,,61,,1,21,121.5343869,25.0231182
113,5,27,11,47,2,09北投區,北投區承德路7段與中央南路2段口,0,0,1,1,B03,7,7,5,60,5,1,1,5,4,5,13,1,1,1,4,5,2,16,1,53,3,10,7,1,7,6,1,8,1,6,,9,,1,21,121.5002055,25.1208716
113,5,27,11,47,2,09北投區,北投區承德路7段與中央南路2段口,0,0,1,2,C03,7,7,5,60,5,1,1,5,4,5,13,1,1,1,4,5,2,16,1,31,2,9,6,1,7,10,1,10,1,14,,44,,1,21,121.5002055,25.1208716
113,5,27,11,58,2,08士林區,士林區仰德大道2段40號,0,0,1,1,C03,8,5,5,40,14,9,1,5,4,5,13,4,4,4,5,5,1,13,1,24,2,8,3,4,7,9,1,10,1,11,,108,,1,22,121.5441489,25.1053525
113,5,27,11,58,2,08士林區,士林區仰德大道2段40號,0,0,1,2,B03,8,5,5,40,14,9,1,5,4,5,13,4,4,4,5,5,1,13,1,61,3,10,3,4,7,9,1,8,1,3,,44,,1,22,121.5441489,25.1053525
113,5,27,11,58,2,08士林區,士林區仰德大道2段40號,0,0,1,3,B03,8,5,5,40,14,9,1,5,4,5,13,4,4,4,5,5,1,13,2,46,3,10,3,4,7,1,1,8,1,17,,19,,1,22,121.5441489,25.1053525
113,5,27,11,58,2,08士林區,士林區仰德大道2段40號,0,0,1,4,B03,8,5,5,40,14,9,1,5,4,5,13,4,4,4,5,5,1,13,1,39,3,10,3,4,7,1,1,8,1,17,,19,,1,22,121.5441489,25.1053525
113,5,27,12,15,2,01大同區,大同區長安西路與承德路1段口,0,0,1,1,B03,7,5,5,50,4,2,1,5,4,5,13,2,1,5,4,5,2,17,2,21,3,10,3,4,7,15,1,8,1,2,,42,,1,21,121.5171413,25.0508951
113,5,27,12,15,2,01大同區,大同區長安西路與承德路1段口,0,0,1,2,C03,7,5,5,50,4,2,1,5,4,5,13,2,1,5,4,5,2,17,2,29,2,9,3,4,7,9,1,10,1,14,,44,,1,21,121.5171413,25.0508951
113,5,27,12,15,2,10文山區,文山區老泉街,0,0,1,1,C03,7,7,5,30,11,9,1,5,4,5,13,4,4,9,5,5,2,18,1,19,2,9,5,1,7,6,1,10,1,12,,108,,1,21,121.5588313,24.97985083
113,5,27,12,15,2,10文山區,文山區老泉街,0,0,1,2,,7,7,5,30,11,9,1,5,4,5,13,4,4,9,5,5,2,18,3,0,,,,,,,,,,,,67,,1,,121.5588313,24.97985083
113,5,27,13,0,2,12內湖區,內湖區文湖街8號,0,0,1,1,B03,6,6,5,50,14,9,1,4,4,5,13,4,4,9,5,5,2,17,2,66,3,10,7,1,7,1,1,8,1,8,,19,,1,21,121.5603751,25.08583326
113,5,27,13,0,2,12內湖區,內湖區文湖街8號,0,0,1,2,C03,6,6,5,50,14,9,1,4,4,5,13,4,4,9,5,5,2,17,1,33,2,9,6,1,7,9,1,10,1,14,,42,,1,21,121.5603751,25.08583326
113,5,27,13,1,2,10文山區,文山區老泉街45巷燈桿0701994號,0,0,2,1,C03,7,6,5,30,14,9,1,4,4,5,13,4,4,10,5,5,2,13,2,60,2,9,3,4,7,9,3,18,1,11,,108,,1,22,121.5675744,24.97945522
113,5,27,13,1,2,10文山區,文山區老泉街45巷燈桿0701994號,0,0,2,2,F01,7,6,5,30,14,9,1,4,4,5,13,4,4,10,5,5,2,13,1,40,2,9,4,4,7,9,8,20,1,13,,44,,1,22,121.5675744,24.97945522
113,5,27,13,5,2,10文山區,文山區木柵路3段77巷7號,0,0,1,1,C03,6,7,5,30,14,9,1,4,4,5,13,4,4,10,5,5,2,12,1,22,2,9,5,1,7,9,1,10,2,12,,108,,1,21,121.566905,24.9892327
113,5,27,13,5,2,10文山區,文山區木柵路3段77巷7號,0,0,1,2,C03,6,7,5,30,14,9,1,4,4,5,13,4,4,10,5,5,2,12,1,22,3,10,3,1,7,13,1,10,9,12,,42,,1,21,121.566905,24.9892327
113,5,27,13,5,2,10文山區,文山區木柵路3段77巷7號,0,0,1,3,C03,6,7,5,30,14,9,1,4,4,5,13,4,4,10,5,5,2,12,1,44,3,10,3,1,7,13,1,10,9,12,,42,,1,21,121.566905,24.9892327
113,5,27,13,50,2,01大同區,大同區庫倫街與酒泉街9巷口,0,0,1,1,B03,6,5,5,30,4,2,1,4,4,5,13,3,1,1,4,5,2,9,1,74,3,10,3,4,7,5,1,8,1,1,,108,,1,21,121.5199366,25.0718508