發生年度,發生月,發生日,發生時-Hours,發生分,處理別-編號,區序,肇事地點,死亡人數,2-30日死亡人數,受傷人數,當事人序號,車種,天候,道路照明設備,道路類別,速限-速度限制,道路型態,事故位置,路面狀況1,路面狀況2,路面狀況3,道路障礙1,道路障礙2,號誌1,號誌2,車道劃分-分向,車道劃分-分道1,車道劃分-分道2,車道劃分-分道3,事故類型及型態,性別,年齡,受傷程度,主要傷處,保護裝置,行動電話,車輛用途,當事者行動狀態,駕駛資格情形,駕駛執照種類,飲酒情形,車輛撞擊部位1,車輛撞擊部位2,肇因碼-個別,肇因碼-主要,個人肇逃否,職業,座標-X,座標-Y
113,5,27,13,50,2,01大同區,大同區庫倫街與酒泉街9巷口,0,0,1,2,H01,6,5,5,30,4,2,1,4,4,5,13,3,1,1,4,5,2,9,2,37,2,9,4,5,8,16,8,20,10,16,,67,,1,21,121.5199366,25.0718508
113,5,27,13,54,2,03中山區,中山區復興北路480號,0,0,1,1,,6,7,5,50,14,9,1,4,4,5,13,4,4,1,4,5,2,17,4,0,4,11,3,4,7,8,7,19,11,17,,119,,2,22,121.5441256,25.0645708
113,5,27,13,54,2,03中山區,中山區復興北路480號,0,0,1,2,C03,6,7,5,50,14,9,1,4,4,5,13,4,4,1,4,5,2,17,2,54,2,9,6,1,7,9,1,10,9,17,,119,,1,22,121.5441256,25.0645708
113,5,27,14,9,2,07信義區,信義區吳興街220巷與吳興街220巷59弄口,0,0,1,1,C03,6,6,5,50,3,1,1,4,4,5,13,2,1,9,4,5,1,17,1,34,3,10,3,4,7,9,1,10,1,11,,81,,1,21,121.5616837,25.0265253
113,5,27,14,9,2,07信義區,信義區吳興街220巷與吳興街220巷59弄口,0,0,1,2,F01,6,6,5,50,3,1,1,4,4,5,13,2,1,9,4,5,1,17,1,21,2,8,3,4,7,9,8,20,1,14,,99,,1,21,121.5616837,25.0265253
113,5,27,14,25,2,04大安區,大安區通化街165巷24弄與通化街165巷口,0,0,2,1,C03,6,7,5,30,4,1,1,4,4,5,13,4,4,10,5,5,2,15,1,46,2,9,3,4,7,9,1,21,1,14,,14,,1,21,121.5553586,25.0280791
113,5,27,14,25,2,04大安區,大安區通化街165巷24弄與通化街165巷口,0,0,2,2,C03,6,7,5,30,4,1,1,4,4,5,13,4,4,10,5,5,2,15,2,34,2,9,3,4,7,9,1,21,1,11,,108,,1,21,121.5553586,25.0280791
113,5,27,14,42,2,12內湖區,內湖區內湖路1段285巷,0,0,1,1,B12,6,7,5,50,14,8,1,4,4,5,13,1,1,1,4,4,2,12,1,20,3,10,7,1,7,8,1,8,1,2,,100,,1,21,121.5666861,25.0822697
113,5,27,14,42,2,12內湖區,內湖區內湖路1段285巷,0,0,1,2,C03,6,7,5,50,14,8,1,4,4,5,13,1,1,1,4,4,2,12,1,47,2,9,5,1,7,9,1,10,1,14,,44,,1,21,121.5666861,25.0822697
113,5,27,15,22,2,08士林區,士林區至誠路1段295號,0,0,2,1,C03,6,6,5,50,11,9,1,4,4,5,13,4,4,9,5,5,2,18,1,22,2,9,6,1,7,9,1,10,2,14,,42,,1,22,121.5309866,25.101754
113,5,27,15,22,2,08士林區,士林區至誠路1段295號,0,0,2,2,,6,6,5,50,11,9,1,4,4,5,13,4,4,9,5,5,2,18,3,,,,,,,,,,,,,67,,1,,121.5309866,25.101754
113,5,27,15,22,2,08士林區,士林區至誠路1段295號,0,0,2,3,H02,6,6,5,50,11,9,1,4,4,5,13,4,4,9,5,5,2,18,2,16,2,9,6,5,7,17,8,20,10,17,,67,,1,22,121.5309866,25.101754
113,5,27,15,25,2,03中山區,中山區北安路與北安路573巷口,0,0,1,1,B03,7,6,5,50,4,1,1,5,4,5,13,1,1,3,4,5,2,17,1,65,3,10,7,1,7,11,1,8,1,17,,10,,1,21,121.5485466,25.0812212
113,5,27,15,25,2,03中山區,中山區北安路與北安路573巷口,0,0,1,2,C03,7,6,5,50,4,1,1,5,4,5,13,1,1,3,4,5,2,17,2,20,2,9,6,1,7,9,1,10,1,12,,44,,1,21,121.5485466,25.0812212
113,5,27,16,52,2,10文山區,文山區和平東路4段與和平東路口側附近4段65巷口,0,0,1,1,C03,8,6,5,40,14,9,2,5,4,5,13,2,1,5,5,5,2,17,1,47,3,10,5,4,7,9,1,10,1,11,,16,,1,21,121.5670256,25.00556927
113,5,27,16,52,2,10文山區,文山區和平東路4段與和平東路口側附近4段65巷口,0,0,1,2,C03,8,6,5,40,14,9,2,5,4,5,13,2,1,5,5,5,2,17,2,71,2,9,5,4,7,14,1,8,1,13,,44,,1,21,121.5670256,25.00556927
113,5,27,17,15,2,06松山區,與民權東路5段1號旁無名巷口,0,0,1,1,A02,7,6,5,50,3,2,1,5,4,5,13,1,1,1,3,5,2,13,1,55,3,10,3,4,7,9,1,2,1,1,,16,,1,21,121.5649808,25.0631448
113,5,27,17,15,2,06松山區,與民權東路5段1號旁無名巷口,0,0,1,2,C03,7,6,5,50,3,2,1,5,4,5,13,1,1,1,3,5,2,13,1,58,2,9,6,1,7,12,1,10,1,13,,44,,1,21,121.5649808,25.0631448
113,5,27,17,24,2,04大安區,大安區敦化南路1段187巷與敦化南路1段口,0,0,1,1,H01,8,7,5,50,14,9,1,5,4,5,13,4,4,5,5,5,1,3,1,15,2,9,4,5,8,16,8,20,10,16,,121,,1,21,121.5493382,25.042612
113,5,27,17,24,2,04大安區,大安區敦化南路1段187巷與敦化南路1段口,0,0,1,2,B03,8,7,5,50,14,9,1,5,4,5,13,4,4,5,5,5,1,3,1,45,3,10,3,4,7,9,1,8,1,2,,44,,1,21,121.5493382,25.042612
113,5,27,17,40,2,02萬華區,萬華區西園路2段254巷4號,0,0,1,1,C03,8,7,5,30,14,9,1,4,4,5,13,4,4,10,5,5,2,18,2,64,2,9,5,1,7,9,1,10,9,11,,42,,1,21,121.4946196,25.02812397
113,5,27,17,40,2,02萬華區,萬華區西園路2段254巷4號,0,0,1,2,,8,7,5,30,14,9,1,4,4,5,13,4,4,10,5,5,2,18,3,40,,,,,,,,,,,,59,,1,,121.4946196,25.02812397
113,5,27,17,40,2,12內湖區,內湖區成功路4段180號,0,0,1,1,C04,8,6,5,40,14,9,1,5,4,5,13,2,1,1,4,4,2,17,2,64,2,9,6,1,7,7,1,10,2,14,,100,,1,21,121.5935737,25.08313063
113,5,27,17,40,2,12內湖區,內湖區成功路4段180號,0,0,1,2,B12,8,6,5,40,14,9,1,5,4,5,13,2,1,1,4,4,2,17,1,24,3,10,7,1,7,9,1,8,2,2,,44,,1,21,121.5935737,25.08313063
113,5,27,17,40,2,12內湖區,內湖區成功路4段180號,0,0,1,3,A02,8,6,5,40,14,9,1,5,4,5,13,2,1,1,4,4,2,17,1,57,3,10,7,1,7,1,1,2,2,8,,19,,1,21,121.5935737,25.08313063
113,5,27,17,45,2,03中山區,中山區民權東路1段與雙城街口,0,0,1,1,C03,7,7,5,50,4,2,1,5,4,5,13,1,1,1,4,5,2,13,1,19,2,8,5,1,7,9,1,10,1,11,,16,,1,21,121.5243512,25.06293075
113,5,27,17,45,2,03中山區,中山區民權東路1段與雙城街口,0,0,1,2,B03,7,7,5,50,4,2,1,5,4,5,13,1,1,1,4,5,2,13,1,39,3,10,7,1,7,14,1,8,1,3,,44,,1,21,121.5243512,25.06293075
113,5,27,17,57,2,07信義區,信義區忠孝東路5段與忠孝東路5段524巷口口,0,0,1,1,C03,7,5,8,50,22,22,1,5,4,5,13,1,1,1,4,5,2,17,1,52,2,8,6,1,7,9,1,8,2,14,,44,,1,22,121.5791338,25.0414272
113,5,27,17,57,2,07信義區,信義區忠孝東路5段與忠孝東路5段524巷口口,0,0,1,2,B12,7,5,8,50,22,22,1,5,4,5,13,1,1,1,4,5,2,17,1,62,3,10,7,1,7,8,1,8,2,5,,100,,1,22,121.5791338,25.0414272
113,5,27,18,10,2,01大同區,大同區市民大道1段Y5前,0,0,2,1,C03,8,5,5,40,14,9,1,5,4,5,13,4,4,1,5,5,2,12,2,36,2,9,6,1,7,9,1,10,1,12,,44,,1,21,121.5170399,25.0487789
113,5,27,18,10,2,01大同區,大同區市民大道1段Y5前,0,0,2,2,C03,8,5,5,40,14,9,1,5,4,5,13,4,4,1,5,5,2,12,1,67,3,10,6,1,7,7,1,10,1,14,,100,,1,21,121.5170399,25.0487789
113,5,27,18,10,2,01大同區,大同區市民大道1段Y5前,0,0,2,3,H02,8,5,5,40,14,9,1,5,4,5,13,4,4,1,5,5,2,12,2,29,2,9,6,5,7,20,8,20,10,16,,67,,1,21,121.5170399,25.0487789
113,5,27,18,31,2,04大安區,大安區仁愛路3段123巷13弄與仁愛路3段143巷口,0,0,2,1,C03,8,5,5,30,4,1,1,5,4,5,13,4,4,10,5,5,2,15,2,23,2,9,5,1,7,9,1,10,2,12,,80,,1,21,121.543034,25.0398527
113,5,27,18,31,2,04大安區,大安區仁愛路3段123巷13弄與仁愛路3段143巷口,0,0,2,2,B03,8,5,5,30,4,1,1,5,4,5,13,4,4,10,5,5,2,15,1,63,3,10,7,1,7,9,1,8,1,1,,14,,1,21,121.543034,25.0398527
113,5,27,18,31,2,04大安區,大安區仁愛路3段123巷13弄與仁愛路3段143巷口,0,0,2,3,H02,8,5,5,30,4,1,1,5,4,5,13,4,4,10,5,5,2,15,2,25,2,9,7,5,7,20,8,20,10,16,,67,,1,22,121.543034,25.0398527
113,5,27,18,35,2,02萬華區,萬華區西寧南路24號與西寧南路71巷口,0,0,1,1,H01,8,5,5,50,3,1,1,5,4,5,13,4,4,5,4,5,2,3,1,30,2,5,4,5,8,16,8,20,10,16,,121,,1,21,121.5068822,25.04608501
113,5,27,18,35,2,02萬華區,萬華區西寧南路24號與西寧南路71巷口,0,0,1,2,B01,8,5,5,50,3,1,1,5,4,5,13,4,4,5,4,5,2,3,1,54,3,10,7,1,7,9,1,2,1,8,,108,,1,21,121.5068822,25.04608501
113,5,27,18,35,2,04大安區,大安區基隆路2段142-1號,0,0,1,1,B03,7,5,5,50,14,9,1,5,4,5,13,4,4,1,4,5,2,16,1,21,3,10,3,4,7,6,1,8,1,5,,80,,1,22,121.5569777,25.0280648
113,5,27,18,35,2,04大安區,大安區基隆路2段142-1號,0,0,1,2,C03,7,5,5,50,14,9,1,5,4,5,13,4,4,1,4,5,2,16,1,66,2,3,3,4,7,9,1,10,1,11,,44,,1,22,121.5569777,25.0280648
113,5,27,18,39,2,01大同區,大同區民權西路與民權西路225巷口,0,0,2,1,C03,7,5,5,50,3,2,1,5,4,5,13,1,1,1,4,5,2,17,1,54,2,9,6,1,7,5,1,10,2,14,,8,,1,21,121.5121779,25.0628819
113,5,27,18,39,2,01大同區,大同區民權西路與民權西路225巷口,0,0,2,2,C03,7,5,5,50,3,2,1,5,4,5,13,1,1,1,4,5,2,17,1,25,2,9,5,1,7,9,1,10,2,15,,44,,1,21,121.5121779,25.0628819
113,5,27,18,55,2,05中正區,中正區中華路2段465號前,0,0,1,1,C03,7,5,5,50,14,9,1,5,4,5,13,2,1,4,4,4,1,17,2,40,3,10,5,1,7,1,1,10,1,12,,19,,1,21,121.5108916,25.02465833
113,5,27,18,55,2,05中正區,中正區中華路2段465號前,0,0,1,2,C03,7,5,5,50,14,9,1,5,4,5,13,2,1,4,4,4,1,17,1,59,2,9,5,1,7,9,1,10,1,11,,44,,1,21,121.5108916,25.02465833
113,5,27,19,0,2,09北投區,北投區大業路第1200641號燈桿,0,0,1,1,B02,6,5,5,60,14,9,1,4,4,5,13,4,4,1,4,5,1,24,1,43,2,8,7,1,7,9,1,8,1,1,,42,,1,21,121.4959821,25.1336952
113,5,27,19,0,2,09北投區,北投區大業路第1200641號燈桿,0,0,1,2,B03,6,5,5,60,14,9,1,4,4,5,13,4,4,1,4,5,1,24,1,26,4,11,3,4,7,13,7,19,11,4,,44,,1,22,121.4959821,25.1336952
113,5,27,19,15,2,06松山區,松山區撫遠街與新東街20巷口,0,0,1,1,C03,8,5,5,30,3,2,1,5,4,5,13,4,4,10,5,5,2,13,1,56,4,11,5,1,7,9,6,10,11,12,,108,,2,22,121.5688956,25.05860602
113,5,27,19,15,2,06松山區,松山區撫遠街與新東街20巷口,0,0,1,2,C03,8,5,5,30,3,2,1,5,4,5,13,4,4,10,5,5,2,13,2,35,2,2,5,1,7,14,1,10,1,13,,44,,1,22,121.5688956,25.05860602
113,5,27,19,30,2,03中山區,中山區五常街69號,0,0,1,1,C03,7,5,5,30,14,9,1,5,4,5,13,4,4,9,5,5,2,6,1,22,3,10,6,1,7,9,1,10,1,11,,13,,1,21,121.540149,25.06444
113,5,27,19,30,2,03中山區,中山區五常街69號,0,0,1,2,H01,7,5,5,30,14,9,1,5,4,5,13,4,4,9,5,5,2,6,2,69,2,9,4,5,8,18,8,20,10,16,,121,,1,21,121.540149,25.06444
113,5,27,20,20,2,08士林區,士林區延平北路7段42-12號,0,0,1,1,B01,7,5,5,50,14,6,1,4,4,5,13,4,4,1,5,5,2,17,1,52,3,10,7,1,7,1,1,2,1,8,,19,,1,21,121.4974198,25.0958828
113,5,27,20,20,2,08士林區,士林區延平北路7段42-12號,0,0,1,2,C03,7,5,5,50,14,6,1,4,4,5,13,4,4,1,5,5,2,17,2,27,2,9,6,1,7,9,1,10,1,14,,42,,1,21,121.4974198,25.0958828
113,5,27,20,56,2,05中正區,中正區杭州南路2段與杭州南路2段61巷口,0,0,1,1,C03,6,5,5,30,4,1,1,4,4,5,13,4,4,5,4,5,2,16,1,52,2,9,5,1,7,5,1,10,1,12,,72,,1,22,121.5221241,25.0302901
113,5,27,20,56,2,05中正區,中正區杭州南路2段與杭州南路2段61巷口,0,0,1,2,B03,6,5,5,30,4,1,1,4,4,5,13,4,4,5,4,5,2,16,1,41,3,10,7,1,7,9,1,8,1,8,,44,,1,22,121.5221241,25.0302901
113,5,27,21,29,2,10文山區,(景興路77號前),0,0,1,1,F01,7,5,5,50,14,9,1,5,4,5,13,3,1,1,4,5,1,18,1,15,3,10,4,1,7,7,8,20,2,17,,8,,1,15,121.5447405,24.9961806
113,5,27,21,29,2,10文山區,(景興路77號前),0,0,1,2,C03,7,5,5,50,14,9,1,5,4,5,13,3,1,1,4,5,1,18,1,28,2,9,6,1,7,9,1,10,2,12,,14,,1,26,121.5447405,24.9961806
113,5,27,21,29,2,10文山區,(景興路77號前),0,0,1,3,,7,5,5,50,14,9,1,5,4,5,13,3,1,1,4,5,1,18,3,0,,,,,,,,,,,,67,,1,,121.5447405,24.9961806
113,5,27,21,39,2,08士林區,士林區文林路343號,0,0,2,1,B03,7,5,5,50,14,9,1,5,4,5,13,4,4,9,5,5,2,16,1,49,3,10,7,1,7,11,1,8,2,8,,10,,1,21,121.5255639,25.0928605
113,5,27,21,39,2,08士林區,士林區文林路343號,0,0,2,2,C03,7,5,5,50,14,9,1,5,4,5,13,4,4,9,5,5,2,16,1,28,2,9,6,1,7,9,1,10,2,12,,44,,1,21,121.5255639,25.0928605
113,5,27,21,39,2,08士林區,士林區文林路343號,0,0,2,3,H02,7,5,5,50,14,9,1,5,4,5,13,4,4,9,5,5,2,16,2,25,2,8,6,5,7,21,8,20,10,16,,67,,1,21,121.5255639,25.0928605
113,5,27,22,14,2,07信義區,信義區松高路與松勇路口,0,0,2,1,C03,8,5,5,50,5,2,1,5,4,5,13,1,1,4,3,5,2,16,1,25,2,7,6,4,7,5,1,9,1,14,,8,,1,21,121.5696975,25.0390473
113,5,27,22,14,2,07信義區,信義區松高路與松勇路口,0,0,2,2,C03,8,5,5,50,5,2,1,5,4,5,13,1,1,4,3,5,2,16,2,25,2,9,6,4,7,9,1,10,1,12,,44,,1,21,121.5696975,25.0390473
113,5,28,0,35,2,09北投區,北投區紗帽路3號,0,0,1,1,C03,7,6,5,30,11,9,1,5,3,5,13,4,4,4,5,5,1,29,1,20,2,9,5,1,7,9,1,10,9,14,12,42,,1,21,121.5331028,25.1519578
113,5,28,0,35,2,09北投區,北投區紗帽路3號,0,0,1,2,,7,6,5,30,11,9,1,5,3,5,13,4,4,4,5,5,1,29,3,0,,,,,,,,,,,,61,,1,,121.5331028,25.1519578
113,5,28,1,41,2,03中山區,中山區中山北路1段與長安東路1段口,0,0,2,1,B03,8,5,5,50,4,1,1,5,4,5,13,1,1,1,4,5,2,16,1,35,3,10,7,1,7,5,1,8,2,2,,71,,1,21,121.5217409,25.0497775
113,5,28,1,41,2,03中山區,中山區中山北路1段與長安東路1段口,0,0,2,2,C03,8,5,5,50,4,1,1,5,4,5,13,1,1,1,4,5,2,16,1,21,2,9,6,1,7,9,1,10,2,11,,44,,1,21,121.5217409,25.0497775
113,5,28,1,41,2,03中山區,中山區中山北路1段與長安東路1段口,0,0,2,3,H02,8,5,5,50,4,1,1,5,4,5,13,1,1,1,4,5,2,16,2,21,2,9,6,5,7,21,8,20,10,16,,67,,1,21,121.5217409,25.0497775
113,5,28,4,10,2,03中山區,中山區林森北路282號,0,0,1,1,B03,8,5,5,50,14,9,1,5,4,5,13,4,4,9,4,5,2,17,1,43,3,10,7,1,7,10,1,8,1,2,,100,,2,21,121.5254423,25.05524563
113,5,28,4,10,2,03中山區,中山區林森北路282號,0,0,1,2,B01,8,5,5,50,14,9,1,5,4,5,13,4,4,9,4,5,2,17,1,53,2,9,7,1,7,15,1,4,1,4,,38,,1,21,121.5254423,25.05524563
113,5,28,7,26,2,12內湖區,內湖區康寧路1段與康寧路1段255巷口,0,0,1,1,B03,6,7,5,40,3,1,1,4,4,5,13,4,4,5,5,5,1,16,1,48,3,10,7,1,7,5,1,8,2,2,,14,,1,21,121.5981159,25.078723
113,5,28,7,26,2,12內湖區,內湖區康寧路1段與康寧路1段255巷口,0,0,1,2,C03,6,7,5,40,3,1,1,4,4,5,13,4,4,5,5,5,1,16,1,64,2,9,5,1,7,9,1,10,2,11,,13,,1,21,121.5981159,25.078723
113,5,28,7,30,2,12內湖區,內湖區內湖路2段111號號停車格,0,0,1,1,C03,6,6,5,30,14,9,1,4,4,5,13,4,4,9,5,5,2,13,2,34,2,8,5,1,7,9,1,10,1,11,,16,,1,21,121.5843817,25.08047656
113,5,28,7,30,2,12內湖區,內湖區內湖路2段111號號停車格,0,0,1,2,B03,6,6,5,30,14,9,1,4,4,5,13,4,4,9,5,5,2,13,2,48,3,10,7,1,7,9,1,8,1,7,,44,,1,21,121.5843817,25.08047656
113,5,28,7,48,2,06松山區,松山區松河街106號,0,0,2,1,C03,6,6,5,40,14,9,1,4,4,5,13,4,4,8,5,5,2,11,2,19,2,9,6,1,7,9,1,10,1,11,,44,,1,22,121.5759668,25.0512413
113,5,28,7,48,2,06松山區,松山區松河街106號,0,0,2,2,C03,6,6,5,40,14,9,1,4,4,5,13,4,4,8,5,5,2,11,1,38,2,9,6,1,7,9,1,10,1,11,,44,,1,22,121.5759668,25.0512413
113,5,28,8,5,2,03中山區,中山區北安路670巷與明水路672巷口口,0,0,1,2,H01,8,7,5,50,4,1,1,4,4,5,13,1,1,1,4,5,2,3,1,28,2,8,4,5,8,16,8,20,10,16,,44,,1,21,121.550795,25.0837144
113,5,28,8,5,2,03中山區,中山區北安路670巷與明水路672巷口口,0,0,1,1,B03,8,7,5,50,4,1,1,4,4,5,13,1,1,1,4,5,2,3,1,59,4,11,3,4,7,5,1,8,9,17,,70,,1,22,121.550795,25.0837144
113,5,28,8,28,2,01大同區,大同區重慶北路2段與重慶北路2段70巷口口,0,0,1,1,C03,6,6,5,50,3,2,1,4,4,5,13,4,4,1,5,5,2,12,1,42,2,9,6,1,7,10,1,10,1,14,,100,,1,21,121.5137792,25.05625248
113,5,28,8,28,2,01大同區,大同區重慶北路2段與重慶北路2段70巷口口,0,0,1,2,B03,6,6,5,50,3,2,1,4,4,5,13,4,4,1,5,5,2,12,1,42,3,10,7,1,7,9,1,8,1,5,,44,,1,21,121.5137792,25.05625248
113,5,28,8,28,2,01大同區,大同區重慶北路2段與重慶北路2段70巷口口,0,0,1,3,C03,6,6,5,50,3,2,1,4,4,5,13,4,4,1,5,5,2,12,1,47,3,10,6,1,7,9,1,10,1,14,,44,,1,21,121.5137792,25.05625248
113,5,28,8,35,2,12內湖區,內湖區瑞光路30號附近,0,0,2,1,C04,6,6,5,50,14,9,1,4,4,5,13,4,4,4,3,4,1,12,2,30,2,7,6,1,7,9,1,8,2,11,,16,,1,21,121.5828676,25.07011926
113,5,28,8,35,2,12內湖區,內湖區瑞光路30號附近,0,0,2,2,C03,6,6,5,50,14,9,1,4,4,5,13,4,4,4,3,4,1,12,2,29,2,9,6,1,7,9,1,10,2,13,,44,,1,21,121.5828676,25.07011926
113,5,28,8,41,2,08士林區,士林區仰德大道1段50號,0,0,1,1,B03,6,5,5,40,14,9,1,4,4,5,13,4,4,5,5,5,1,12,1,79,3,10,7,1,7,9,1,8,1,2,,17,,1,21,121.5347812,25.107199
113,5,28,8,41,2,08士林區,士林區仰德大道1段50號,0,0,1,2,C03,6,5,5,40,14,9,1,4,4,5,13,4,4,5,5,5,1,12,1,21,2,9,6,1,7,9,1,10,1,14,,44,,1,21,121.5347812,25.107199
113,5,28,8,46,2,08士林區,士林區至善路1段215燈桿,0,0,1,1,B12,6,6,5,50,14,9,1,4,4,5,13,4,4,1,4,5,1,12,1,41,3,10,7,1,7,15,1,4,1,2,,100,,1,21,121.5374569,25.09848506
113,5,28,8,46,2,08士林區,士林區至善路1段215燈桿,0,0,1,2,C03,6,6,5,50,14,9,1,4,4,5,13,4,4,1,4,5,1,12,2,19,2,9,6,1,7,9,1,10,1,14,,44,,1,21,121.5374569,25.09848506
113,5,28,8,48,2,08士林區,士林區中山北路5段與中山北路5段505巷口,0,0,1,1,B03,6,5,5,50,5,2,1,4,4,5,13,2,1,1,4,1,1,15,1,72,3,10,7,1,7,9,1,8,1,1,,116,,1,21,121.5279727,25.09370957
113,5,28,8,48,2,08士林區,士林區中山北路5段與中山北路5段505巷口,0,0,1,2,C03,6,5,5,50,5,2,1,4,4,5,13,2,1,1,4,1,1,15,1,20,2,9,5,1,7,9,1,10,1,14,,44,,1,21,121.5279727,25.09370957
113,5,28,8,53,2,07信義區,信義區和平東路3段341巷與富陽街21巷口,0,0,1,1,C03,6,5,5,30,4,2,1,4,4,5,13,4,4,5,4,5,2,17,2,64,2,9,5,1,7,9,3,18,1,12,,72,,1,22,121.5580564,25.0215441
113,5,28,8,53,2,07信義區,信義區和平東路3段341巷與富陽街21巷口,0,0,1,2,B01,6,5,5,30,4,2,1,4,4,5,13,4,4,5,4,5,2,17,1,69,3,10,7,1,7,9,1,4,1,1,,44,,1,22,121.5580564,25.0215441
113,5,28,9,19,2,05中正區,中正區林森南路與濟南路1段口,0,0,1,1,B03,6,6,5,50,4,1,1,4,4,5,13,2,1,9,4,5,2,16,1,44,3,10,7,1,7,5,1,8,2,8,,71,,1,21,121.5227112,25.0425004
113,5,28,9,19,2,05中正區,中正區林森南路與濟南路1段口,0,0,1,2,C03,6,6,5,50,4,1,1,4,4,5,13,2,1,9,4,5,2,16,1,25,2,9,6,1,7,9,1,10,2,14,,44,,1,23,121.5227112,25.0425004
113,5,28,9,24,2,11南港區,南港區永吉路與忠孝東路5段口,0,0,1,1,B01,6,6,8,50,5,1,1,4,4,5,13,1,1,1,4,4,2,16,1,54,3,10,3,4,7,6,1,10,2,2,,71,,1,21,121.5823563,25.0452213
113,5,28,9,24,2,11南港區,南港區永吉路與忠孝東路5段口,0,0,1,2,C03,6,6,8,50,5,1,1,4,4,5,13,1,1,1,4,4,2,16,2,24,2,8,5,4,7,9,1,10,2,11,,44,,1,21,121.5823563,25.0452213
113,5,28,9,31,2,07信義區,信義區嘉興街175巷與嘉興街口口,0,0,2,1,C03,6,6,5,30,4,1,1,4,4,5,13,4,4,9,5,5,2,16,1,68,2,9,5,1,7,9,1,10,9,12,,72,,1,21,121.5571197,25.0277559
113,5,28,9,31,2,07信義區,信義區嘉興街175巷與嘉興街口口,0,0,2,2,C03,6,6,5,30,4,1,1,4,4,5,13,4,4,9,5,5,2,16,2,34,2,7,5,1,7,9,1,10,9,11,12,108,,1,21,121.5571197,25.0277559
113,5,28,9,40,2,10文山區,文山區信義快速道路文山隧道,0,0,1,1,A02,6,5,5,70,14,9,1,4,4,5,13,4,4,10,1,5,2,9,1,40,3,10,7,1,7,12,1,2,1,17,,118,,1,21,121.5635957,25.02703029
113,5,28,9,40,2,10文山區,文山區信義快速道路文山隧道,0,0,1,3,H02,6,5,5,70,14,9,1,4,4,5,13,4,4,10,1,5,2,9,2,45,2,9,4,5,7,17,8,20,10,16,,67,,1,21,121.5635957,25.02703029
113,5,28,9,40,2,10文山區,文山區信義快速道路文山隧道,0,0,1,2,B03,6,5,5,70,14,9,1,4,4,5,13,4,4,10,1,5,2,9,3,0,,,,,,,,,,,,67,,1,,121.5635957,25.02703029
113,5,28,9,45,2,12內湖區,內湖區瑞湖街178巷25號,0,0,1,1,B03,6,6,5,50,11,9,1,4,4,5,13,4,4,9,5,5,2,17,1,51,3,10,7,1,7,5,1,8,1,8,,99,,1,21,121.5754859,25.0710181
113,5,28,9,45,2,12內湖區,內湖區瑞湖街178巷25號,0,0,1,2,C03,6,6,5,50,11,9,1,4,4,5,13,4,4,9,5,5,2,17,1,59,2,9,5,1,7,6,6,10,1,14,,44,,1,21,121.5754859,25.0710181
113,5,28,9,47,2,07信義區,信義區松仁路與忠孝東路5段236巷2弄口,0,0,1,1,B13,6,6,5,50,3,2,1,4,4,5,13,4,4,1,4,5,2,17,1,52,3,10,3,4,7,5,1,8,1,17,,72,,1,22,121.5684458,25.0405375
113,5,28,9,47,2,07信義區,信義區松仁路與忠孝東路5段236巷2弄口,0,0,1,2,C03,6,6,5,50,3,2,1,4,4,5,13,4,4,1,4,5,2,17,2,34,2,9,3,4,7,9,1,8,1,14,,42,,1,22,121.5684458,25.0405375
113,5,28,10,0,2,10文山區,文山區木柵路1段與和興路口,0,0,2,1,C03,6,7,5,50,4,4,1,4,4,5,13,1,1,5,4,5,2,13,1,23,2,8,5,1,7,9,1,10,1,11,,16,,1,21,121.5458089,24.9866849
113,5,28,10,0,2,10文山區,文山區木柵路1段與和興路口,0,0,2,2,C03,6,7,5,50,4,4,1,4,4,5,13,1,1,5,4,5,2,13,1,70,2,7,5,1,7,14,1,10,1,13,,44,,1,21,121.5458089,24.9866849
113,5,28,10,16,2,06松山區,松山區市民大道6段與虎林街口,0,0,2,1,C03,6,5,5,40,4,1,1,4,4,5,13,1,1,10,4,5,2,13,1,62,2,9,5,1,7,7,1,10,1,14,,101,,1,22,121.5760224,25.0494125
113,5,28,10,16,2,06松山區,松山區市民大道6段與虎林街口,0,0,2,2,C03,6,5,5,40,4,1,1,4,4,5,13,1,1,10,4,5,2,13,1,25,2,9,5,1,7,9,1,10,1,11,,44,,1,21,121.5760224,25.0494125
113,5,28,10,18,2,07信義區,信義區松勇路與忠孝東路5段236巷2弄口,0,0,1,1,B12,6,6,5,50,3,1,1,4,4,5,13,4,4,9,5,5,2,17,1,53,3,10,3,4,7,5,1,8,1,17,,44,,1,21,121.5697427,25.0405122
113,5,28,10,18,2,07信義區,信義區松勇路與忠孝東路5段236巷2弄口,0,0,1,2,C03,6,6,5,50,3,1,1,4,4,5,13,4,4,9,5,5,2,17,2,31,2,8,5,1,7,9,1,10,1,17,,73,,1,21,121.5697427,25.0405122
113,5,28,10,24,2,06松山區,松山區光復北路與民權東路4段口,0,0,2,1,C03,6,6,5,50,4,2,1,4,4,5,13,2,1,3,3,5,2,13,1,30,2,9,6,1,7,9,1,10,1,11,,108,,1,22,121.5545274,25.0618082
113,5,28,10,24,2,06松山區,松山區光復北路與民權東路4段口,0,0,2,2,C03,6,6,5,50,4,2,1,4,4,5,13,2,1,3,3,5,2,13,1,37,2,9,6,1,7,14,1,10,1,13,,44,,1,22,121.5545274,25.0618082