發生年度,發生月,發生日,發生時-Hours,發生分,處理別-編號,區序,肇事地點,死亡人數,2-30日死亡人數,受傷人數,當事人序號,車種,天候,道路照明設備,道路類別,速限-速度限制,道路型態,事故位置,路面狀況1,路面狀況2,路面狀況3,道路障礙1,道路障礙2,號誌1,號誌2,車道劃分-分向,車道劃分-分道1,車道劃分-分道2,車道劃分-分道3,事故類型及型態,性別,年齡,受傷程度,主要傷處,保護裝置,行動電話,車輛用途,當事者行動狀態,駕駛資格情形,駕駛執照種類,飲酒情形,車輛撞擊部位1,車輛撞擊部位2,肇因碼-個別,肇因碼-主要,個人肇逃否,職業,座標-X,座標-Y
113,5,28,10,45,2,02萬華區,萬華區康定路與內江街口,0,0,1,1,B03,7,5,5,50,5,1,1,4,4,5,13,1,1,6,3,5,2,16,1,52,3,10,3,4,7,5,1,8,1,1,,8,,1,22,121.5023273,25.0417022
113,5,28,10,45,2,02萬華區,萬華區康定路與內江街口,0,0,1,2,C03,7,5,5,50,5,1,1,4,4,5,13,1,1,6,3,5,2,16,1,80,2,9,5,4,7,9,1,10,1,11,,44,,1,22,121.5023273,25.0417022
113,5,28,10,49,2,02萬華區,萬華區西園路1段282巷與康定路口,0,0,1,1,B03,7,7,5,50,3,2,1,4,4,5,13,4,4,4,4,5,2,17,2,60,3,10,7,1,7,6,1,8,1,8,,74,,1,21,121.5008294,25.033808
113,5,28,10,49,2,02萬華區,萬華區西園路1段282巷與康定路口,0,0,1,2,C03,7,7,5,50,3,2,1,4,4,5,13,4,4,4,4,5,2,17,2,63,2,9,5,1,7,9,1,10,1,12,,44,,1,21,121.5008294,25.033808
113,5,28,11,0,2,06松山區,松山區長春路與慶城街口,0,0,1,1,B02,6,6,5,50,4,1,1,4,4,5,13,2,1,5,5,5,2,16,2,38,3,10,3,4,7,5,1,8,1,1,,71,,1,22,121.5461347,25.0545123
113,5,28,11,0,2,06松山區,松山區長春路與慶城街口,0,0,1,2,C03,6,6,5,50,4,1,1,4,4,5,13,2,1,5,5,5,2,16,1,24,2,9,6,4,7,9,1,10,1,14,,44,,1,22,121.5461347,25.0545123
113,5,28,11,6,2,03中山區,中山區長安東路2段與復興北路口,0,0,1,1,C03,7,5,5,30,4,2,1,5,4,5,13,1,1,1,4,5,2,13,2,25,2,9,3,4,7,12,1,10,1,12,,42,,1,22,121.5438615,25.048601
113,5,28,11,6,2,03中山區,中山區長安東路2段與復興北路口,0,0,1,2,B01,7,5,5,30,4,2,1,5,4,5,13,1,1,1,4,5,2,13,1,66,3,10,3,4,7,12,1,4,1,7,,44,,1,21,121.5438615,25.048601
113,5,28,11,12,2,06松山區,松山區民權東路3段106巷15弄與民生東路3段113巷口,0,0,2,1,C03,8,6,5,30,4,2,1,5,4,5,8,4,4,10,5,5,2,15,1,22,2,9,6,1,7,9,1,10,1,12,,75,,1,21,121.5461991,25.05994932
113,5,28,11,12,2,06松山區,松山區民權東路3段106巷15弄與民生東路3段113巷口,0,0,2,2,B01,8,6,5,30,4,2,1,5,4,5,8,4,4,10,5,5,2,15,1,64,3,10,7,1,7,9,1,4,1,1,,44,,1,21,121.5461991,25.05994932
113,5,28,11,12,2,06松山區,松山區民權東路3段106巷15弄與民生東路3段113巷口,0,0,2,3,H02,8,6,5,30,4,2,1,5,4,5,8,4,4,10,5,5,2,15,2,20,2,9,6,5,7,20,8,20,10,16,,67,,1,21,121.5461991,25.05994932
113,5,28,11,17,2,02萬華區,萬華區忠孝橋往北市機車道機慢車左右轉專用道,0,0,1,1,C03,6,6,7,40,8,11,1,4,4,5,13,4,4,3,4,4,2,17,2,34,2,9,5,1,7,15,1,10,1,12,,67,,1,22,121.5071025,25.0486326
113,5,28,11,17,2,02萬華區,萬華區忠孝橋往北市機車道機慢車左右轉專用道,0,0,1,2,C03,6,6,7,40,8,11,1,4,4,5,13,4,4,3,4,4,2,17,2,37,3,10,5,1,7,8,1,10,9,17,,100,,1,22,121.5071025,25.0486326
113,5,28,11,18,2,05中正區,中正區羅斯福路2段與羅斯福路2段48巷口口,0,0,1,1,B11,8,6,5,50,5,1,1,5,4,5,13,1,1,1,4,5,2,15,1,52,3,10,3,4,7,9,1,2,1,6,,42,,1,26,121.5216687,25.0279522
113,5,28,11,18,2,05中正區,中正區羅斯福路2段與羅斯福路2段48巷口口,0,0,1,2,C03,8,6,5,50,5,1,1,5,4,5,13,1,1,1,4,5,2,15,1,38,2,7,5,1,7,9,1,10,1,14,,44,,1,26,121.5216687,25.0279522
113,5,28,11,18,2,05中正區,中正區羅斯福路2段與羅斯福路2段48巷口口,0,0,1,3,B03,8,6,5,50,5,1,1,5,4,5,13,1,1,1,4,5,2,15,1,78,3,10,3,4,7,14,1,8,9,17,,38,,1,21,121.5216687,25.0279522
113,5,28,11,23,2,04大安區,大安區和平東路1段與新生南路3段口,0,0,1,1,C03,7,7,5,50,14,9,1,4,4,5,13,1,1,8,3,5,2,17,2,61,3,10,3,4,7,7,1,10,9,17,,100,,1,21,121.5344765,25.0259753
113,5,28,11,23,2,04大安區,大安區和平東路1段與新生南路3段口,0,0,1,2,C03,7,7,5,50,14,9,1,4,4,5,13,1,1,8,3,5,2,17,1,41,2,9,3,4,7,9,1,10,1,14,,44,,1,21,121.5344765,25.0259753
113,5,28,12,40,2,08士林區,士林區德行東路190巷與德行東路口,0,0,1,1,B03,7,6,5,50,3,2,1,5,4,5,13,4,4,9,5,5,2,3,1,45,4,11,3,4,7,11,1,8,11,15,,10,,2,22,121.5310761,25.1086435
113,5,28,12,40,2,08士林區,士林區德行東路190巷與德行東路口,0,0,1,2,H01,7,6,5,50,3,2,1,5,4,5,13,4,4,9,5,5,2,3,1,50,2,8,4,5,8,16,8,20,10,16,,42,,1,22,121.5310761,25.1086435
113,5,28,13,13,2,02萬華區,萬華區環河南路2段280巷與長順街123巷口,0,0,2,1,C03,7,7,5,30,3,1,1,5,4,5,13,4,4,8,3,5,2,16,2,62,2,8,5,1,7,15,1,10,1,11,,80,,1,21,121.4893749,25.0333956
113,5,28,13,13,2,02萬華區,萬華區環河南路2段280巷與長順街123巷口,0,0,2,2,C03,7,7,5,30,3,1,1,5,4,5,13,4,4,8,3,5,2,16,2,31,2,9,5,1,7,9,1,10,1,11,,44,,1,21,121.4893749,25.0333956
113,5,28,13,44,2,04大安區,大安區仁愛路3段與新生南路1段口,0,0,1,1,B03,7,6,5,50,4,2,1,5,4,5,13,4,4,9,4,5,1,16,1,60,3,10,3,4,7,6,1,8,1,5,,9,,1,22,121.5329272,25.0385607
113,5,28,13,44,2,04大安區,大安區仁愛路3段與新生南路1段口,0,0,1,2,C03,7,6,5,50,4,2,1,5,4,5,13,4,4,9,4,5,1,16,1,33,2,9,6,4,7,9,1,10,1,11,,108,,1,22,121.5329272,25.0385607
113,5,28,14,2,2,03中山區,中山區林森北路與林森北路399巷口,0,0,2,1,C03,8,5,5,50,4,1,1,5,4,5,13,1,1,5,5,5,2,16,2,31,2,7,3,4,7,5,1,10,1,12,,8,,1,21,121.5255706,25.059195
113,5,28,14,2,2,03中山區,中山區林森北路與林森北路399巷口,0,0,2,2,C03,8,5,5,50,4,1,1,5,4,5,13,1,1,5,5,5,2,16,1,57,2,8,3,4,7,9,1,10,1,11,,44,,1,21,121.5255706,25.059195
113,5,28,14,24,2,01大同區,大同區承德路2段與南京西路口,0,0,1,1,C03,7,6,5,50,4,2,1,5,4,5,13,2,1,1,4,5,2,13,2,67,2,9,5,4,7,9,1,10,1,11,,16,,1,21,121.5178967,25.0539531
113,5,28,14,24,2,01大同區,大同區承德路2段與南京西路口,0,0,1,2,C03,7,6,5,50,4,2,1,5,4,5,13,2,1,1,4,5,2,13,2,28,3,10,5,4,7,9,1,10,1,13,,44,,1,21,121.5178967,25.0539531
113,5,28,14,40,2,04大安區,大安區四維路76巷與四維路口,0,0,1,2,B01,7,6,5,30,4,1,1,5,4,5,13,3,1,10,5,5,2,15,1,62,3,10,7,1,7,9,1,4,1,1,,14,,1,21,121.5480752,25.034247
113,5,28,14,40,2,04大安區,大安區四維路76巷與四維路口,0,0,1,1,C03,7,6,5,30,4,1,1,5,4,5,13,3,1,10,5,5,2,15,1,25,2,9,6,1,7,9,1,10,1,12,,80,,1,21,121.5480752,25.034247
113,5,28,14,48,2,12內湖區,內湖區新湖三路與民善街口,0,0,1,1,B03,6,5,5,50,14,9,1,4,4,5,13,4,4,9,5,5,2,17,1,50,3,10,7,1,7,6,1,8,1,5,,9,,1,21,121.5748938,25.0623316
113,5,28,14,48,2,12內湖區,內湖區新湖三路與民善街口,0,0,1,2,C03,6,5,5,50,14,9,1,4,4,5,13,4,4,9,5,5,2,17,1,26,2,9,5,1,7,9,1,10,1,14,,44,,1,21,121.5748938,25.0623316
113,5,28,15,17,2,05中正區,中正區青島西路(兒童醫院停車場出入口),0,0,1,1,B03,7,6,5,50,14,9,1,5,4,5,13,1,1,10,5,5,2,16,1,37,3,10,7,1,7,5,1,8,2,8,,44,,1,22,121.5179116,25.0448689
113,5,28,15,17,2,05中正區,中正區青島西路(兒童醫院停車場出入口),0,0,1,2,C03,7,6,5,50,14,9,1,5,4,5,13,1,1,10,5,5,2,16,1,19,2,9,5,1,7,9,1,10,2,11,,44,,1,22,121.5179116,25.0448689
113,5,28,16,0,2,08士林區,士林區社中街與永平街口口,0,0,1,1,C03,7,7,5,30,3,1,1,5,4,5,13,2,1,9,4,5,1,17,1,69,2,8,5,1,7,5,1,10,2,17,,42,,1,21,121.5051597,25.09221785
113,5,28,16,0,2,08士林區,士林區社中街與永平街口口,0,0,1,2,C03,7,7,5,30,3,1,1,5,4,5,13,2,1,9,4,5,1,17,2,37,3,10,5,1,7,9,1,10,2,17,,42,,1,21,121.5051597,25.09221785
113,5,28,16,1,2,07信義區,信義區吳興街227號口對面,0,0,1,1,C03,7,5,8,50,22,22,1,5,4,5,13,4,4,5,4,5,2,9,2,62,3,10,5,1,7,6,1,10,1,11,,44,,1,22,121.5631453,25.0276
113,5,28,16,1,2,07信義區,信義區吳興街227號口對面,0,0,1,2,H01,7,5,8,50,22,22,1,5,4,5,13,4,4,5,4,5,2,9,2,28,2,6,4,5,8,16,8,20,10,16,,60,,1,22,121.5631453,25.0276
113,5,28,16,25,2,01大同區,大同區忠孝西路2段與昆明街口,0,0,1,1,B03,8,6,5,50,4,2,1,5,4,5,13,2,1,9,4,5,2,13,2,26,3,10,7,1,7,9,3,18,1,1,,108,,1,21,121.5065746,25.0489659
113,5,28,16,25,2,01大同區,大同區忠孝西路2段與昆明街口,0,0,1,2,C03,8,6,5,50,4,2,1,5,4,5,13,2,1,9,4,5,2,13,2,25,2,9,5,1,7,5,1,10,1,13,,44,,1,21,121.5065746,25.0489659
113,5,28,16,25,2,01大同區,大同區忠孝西路2段與昆明街口,0,0,1,3,C03,8,6,5,50,4,2,1,5,4,5,13,2,1,9,4,5,2,13,1,52,3,10,5,1,7,5,1,10,1,14,,44,,1,21,121.5065746,25.0489659
113,5,28,16,40,2,08士林區,士林區仰德大道2段與仰德大道2段161巷口,0,0,1,1,C03,6,5,5,40,14,9,1,4,4,5,13,4,4,8,1,5,1,13,1,19,2,8,6,1,7,9,1,10,1,11,,16,,1,21,121.548534,25.11045506
113,5,28,16,40,2,08士林區,士林區仰德大道2段與仰德大道2段161巷口,0,0,1,2,C03,6,5,5,40,14,9,1,4,4,5,13,4,4,8,1,5,1,13,1,44,3,10,6,1,7,12,1,10,1,13,,44,,1,21,121.548534,25.11045506
113,5,28,16,40,2,08士林區,士林區仰德大道2段與仰德大道2段161巷口,0,0,1,3,C03,6,5,5,40,14,9,1,4,4,5,13,4,4,8,1,5,1,13,1,19,3,10,6,1,7,9,1,10,1,13,,16,,1,21,121.548534,25.11045506
113,5,28,16,52,2,07信義區,信義區松信路與松隆路口,0,0,2,1,C03,7,7,5,50,4,2,1,5,4,5,13,1,1,5,5,5,2,17,1,65,2,9,5,1,7,15,1,10,1,11,,108,,1,21,121.5718659,25.0466671
113,5,28,16,52,2,07信義區,信義區松信路與松隆路口,0,0,2,3,H02,7,7,5,50,4,2,1,5,4,5,13,1,1,5,5,5,2,17,2,60,2,9,4,5,7,20,8,20,10,16,,67,,1,21,121.5718659,25.0466671
113,5,28,16,52,2,07信義區,信義區松信路與松隆路口,0,0,2,2,B02,7,7,5,50,4,2,1,5,4,5,13,1,1,5,5,5,2,17,1,60,3,10,7,1,7,15,1,6,1,3,,44,,1,21,121.5718659,25.0466671
113,5,28,16,55,2,06松山區,松山區三民路117號,0,0,1,1,F01,7,7,5,50,14,9,1,5,4,5,13,4,4,1,4,5,2,17,2,70,2,9,4,1,7,15,8,20,1,11,,4,,1,26,121.563267,25.0583244
113,5,28,16,55,2,06松山區,松山區三民路117號,0,0,1,2,F01,7,7,5,50,14,9,1,5,4,5,13,4,4,1,4,5,2,17,1,15,3,10,4,1,7,9,8,20,1,11,,107,,1,15,121.563267,25.0583244
113,5,28,17,5,2,06松山區,松山區東興路與南京東路5段250巷口,0,0,2,1,F01,6,6,5,50,4,1,1,4,4,5,13,4,4,8,3,5,1,16,1,63,2,9,3,1,7,9,8,20,1,12,,80,,1,22,121.5654696,25.0507087
113,5,28,17,5,2,06松山區,松山區東興路與南京東路5段250巷口,0,0,2,2,C03,6,6,5,50,4,1,1,4,4,5,13,4,4,8,3,5,1,16,1,26,2,9,3,1,7,9,1,10,1,11,,44,,1,22,121.5654696,25.0507087
113,5,28,17,23,2,07信義區,信義區光復南路425號,0,0,1,1,C03,6,6,5,50,14,9,1,4,4,5,13,4,4,1,4,5,2,12,1,21,2,9,6,4,7,7,1,10,1,11,,16,,1,21,121.557584,25.036062
113,5,28,17,23,2,07信義區,信義區光復南路425號,0,0,1,2,B03,6,6,5,50,14,9,1,4,4,5,13,4,4,1,4,5,2,12,1,37,3,10,3,4,7,9,1,8,1,7,,44,,1,21,121.557584,25.036062
113,5,28,17,29,2,01大同區,大同區環河北路1段與鄭州路口,0,0,2,1,C03,6,6,5,50,5,1,1,4,4,5,13,2,1,1,2,5,2,13,1,54,2,8,6,1,7,9,1,10,1,11,,108,,1,21,121.5068528,25.0505742
113,5,28,17,29,2,01大同區,大同區環河北路1段與鄭州路口,0,0,2,2,C03,6,6,5,50,5,1,1,4,4,5,13,2,1,1,2,5,2,13,2,22,2,9,6,1,7,9,1,10,1,13,,44,,1,21,121.5068528,25.0505742
113,5,28,17,38,2,07信義區,信義區松德路169巷與松德路133巷口,0,0,2,1,C03,6,5,5,30,4,1,1,4,4,5,13,4,4,5,5,5,2,15,1,21,2,9,5,1,7,9,1,10,2,11,,14,,1,21,121.5759016,25.0363512
113,5,28,17,38,2,07信義區,信義區松德路169巷與松德路133巷口,0,0,2,2,C03,6,5,5,30,4,1,1,4,4,5,13,4,4,5,5,5,2,15,2,33,2,9,5,1,7,9,1,10,2,11,,108,,1,21,121.5759016,25.0363512
113,5,28,17,40,2,05中正區,中正區南海路與羅斯福路1段口口,0,0,1,1,B12,6,6,5,30,5,1,1,4,4,1,13,1,1,1,4,4,1,17,1,58,3,10,7,1,7,6,1,8,1,1,,16,,1,21,121.5176241,25.0332269
113,5,28,17,40,2,05中正區,中正區南海路與羅斯福路1段口口,0,0,1,2,C03,6,6,5,30,5,1,1,4,4,1,13,1,1,1,4,4,1,17,2,64,2,8,6,1,7,6,1,10,1,13,,44,,1,21,121.5176241,25.0332269
113,5,28,17,50,2,12內湖區,內湖區民權東路6段11巷與瑞湖街口口,0,0,1,1,C03,6,6,5,50,3,1,1,4,4,5,13,4,4,10,5,5,2,17,1,64,2,3,5,1,7,6,3,18,2,14,,17,,1,21,121.5765111,25.0675778
113,5,28,17,50,2,12內湖區,內湖區民權東路6段11巷與瑞湖街口口,0,0,1,2,B03,6,6,5,50,3,1,1,4,4,5,13,4,4,10,5,5,2,17,1,56,3,10,7,1,7,6,1,4,2,5,,17,,1,21,121.5765111,25.0675778
113,5,28,18,5,2,03中山區,中山區明水路與北安路458巷口,0,0,2,1,C03,7,7,5,50,3,2,1,5,4,5,13,2,1,5,4,5,2,17,1,20,2,8,6,4,7,15,1,10,1,13,,42,,1,21,121.5444068,25.07748081
113,5,28,18,5,2,03中山區,中山區明水路與北安路458巷口,0,0,2,2,C03,7,7,5,50,3,2,1,5,4,5,13,2,1,5,4,5,2,17,1,43,2,7,6,4,7,9,1,10,1,11,,44,,1,21,121.5444068,25.07748081
113,5,28,18,17,2,11南港區,南港區忠孝東路6段與昆陽街口口,0,0,1,1,C03,6,5,5,50,4,1,1,4,4,5,13,2,1,1,4,5,2,16,1,34,2,9,5,4,7,9,1,10,9,11,,44,,1,21,121.5939623,25.0504743
113,5,28,18,17,2,11南港區,南港區忠孝東路6段與昆陽街口口,0,0,1,2,B03,6,5,5,50,4,1,1,4,4,5,13,2,1,1,4,5,2,16,1,48,3,10,3,4,7,11,1,8,1,10,,10,,1,21,121.5939623,25.0504743
113,5,28,18,20,2,12內湖區,內湖區金莊路與金豐街口,0,0,2,1,C03,7,5,6,40,4,1,1,5,4,5,13,2,1,9,4,5,2,16,1,44,2,9,6,1,7,5,1,10,1,11,,8,,1,22,121.5877131,25.0653835
113,5,28,18,20,2,12內湖區,內湖區金莊路與金豐街口,0,0,2,2,C03,7,5,6,40,4,1,1,5,4,5,13,2,1,9,4,5,2,16,2,64,2,9,6,1,7,9,1,10,1,14,,44,,1,22,121.5877131,25.0653835
113,5,28,18,22,2,10文山區,文山區試院路1-1號前,0,0,1,1,B03,6,6,5,30,11,9,1,4,4,5,13,4,4,5,4,5,2,17,1,49,3,10,7,1,7,5,1,8,2,17,,101,,1,21,121.5489061,24.98739851
113,5,28,18,22,2,10文山區,文山區試院路1-1號前,0,0,1,2,C03,6,6,5,30,11,9,1,4,4,5,13,4,4,5,4,5,2,17,1,19,2,9,5,1,7,9,1,10,2,17,,14,,1,21,121.5489061,24.98739851
113,5,28,18,33,2,08士林區,士林區文林路與雙溪街口,0,0,1,1,B03,7,5,5,50,4,1,1,5,4,5,13,1,1,5,5,5,2,16,2,27,3,10,7,1,7,5,1,8,1,5,,71,,1,21,121.5233965,25.0997214
113,5,28,18,33,2,08士林區,士林區文林路與雙溪街口,0,0,1,2,C03,7,5,5,50,4,1,1,5,4,5,13,1,1,5,5,5,2,16,2,38,2,9,6,1,7,9,1,10,1,11,,14,,1,21,121.5233965,25.0997214
113,5,28,18,45,2,08士林區,士林區福林路與自祥街口口,0,0,1,1,C03,7,5,6,50,3,1,1,5,4,5,13,2,1,5,4,5,1,17,2,21,3,10,5,1,7,8,1,10,1,12,,100,,1,21,121.5330093,25.0970608
113,5,28,18,45,2,08士林區,士林區福林路與自祥街口口,0,0,1,2,C03,7,5,6,50,3,1,1,5,4,5,13,2,1,5,4,5,1,17,1,56,2,9,5,1,7,9,1,10,1,14,,13,,1,21,121.5330093,25.0970608
113,5,28,18,48,2,09北投區,北投區立農街2段289號,0,0,2,1,C03,8,5,5,50,14,9,1,5,4,5,13,4,4,5,5,5,2,13,1,22,2,9,6,1,7,9,1,10,2,11,,16,,1,22,121.5157316,25.1187105
113,5,28,18,48,2,09北投區,北投區立農街2段289號,0,0,2,2,C03,8,5,5,50,14,9,1,5,4,5,13,4,4,5,5,5,2,13,1,24,2,9,6,1,7,14,1,10,2,13,,44,,1,22,121.5157316,25.1187105
113,5,28,19,20,2,11南港區,南港區南港路3段50巷與南港路3段口,0,0,1,1,A02,8,5,5,50,14,9,1,5,4,5,13,4,4,8,3,5,1,9,1,34,3,10,3,4,7,1,1,2,1,15,,19,,1,21,121.592027,25.0540916
113,5,28,19,20,2,11南港區,南港區南港路3段50巷與南港路3段口,0,0,1,2,H02,8,5,5,50,14,9,1,5,4,5,13,4,4,8,3,5,1,9,2,29,2,9,4,5,7,19,8,20,10,17,,67,,1,21,121.592027,25.0540916
113,5,28,19,40,2,10文山區,文山區木柵路2段138巷26號,0,0,1,1,B03,7,5,5,30,14,9,1,4,4,5,13,4,4,10,5,5,1,17,1,52,3,10,7,1,7,5,1,8,2,1,,101,,1,21,121.5616556,24.9882565
113,5,28,19,40,2,10文山區,文山區木柵路2段138巷26號,0,0,1,2,C03,7,5,5,30,14,9,1,4,4,5,13,4,4,10,5,5,1,17,1,59,2,9,5,1,7,9,1,10,2,11,,29,,1,21,121.5616556,24.9882565
113,5,28,20,25,2,04大安區,大安區基隆路4段與羅斯福路4段113巷口口,0,0,1,1,C03,7,5,5,50,3,2,1,5,4,5,13,1,1,1,4,4,2,12,2,74,2,9,3,4,7,9,1,10,1,14,,17,,1,22,121.537838,25.0116411
113,5,28,20,25,2,04大安區,大安區基隆路4段與羅斯福路4段113巷口口,0,0,1,2,B03,7,5,5,50,3,2,1,5,4,5,13,1,1,1,4,4,2,12,1,54,3,10,3,4,7,9,1,8,1,2,,17,,1,22,121.537838,25.0116411
113,5,28,20,54,1,01大同區,大同區歸綏街與甘州街口,1,0,0,1,B03,7,5,5,50,3,1,1,5,4,5,13,4,4,5,5,5,2,1,1,49,3,10,3,4,7,5,1,8,2,8,,70,,1,22,121.5130043,25.0581927
113,5,28,20,54,1,01大同區,大同區歸綏街與甘州街口,1,0,0,2,H01,7,5,5,50,3,1,1,5,4,5,13,4,4,5,5,5,2,1,2,71,1,1,4,5,8,16,8,20,10,16,,67,,1,22,121.5130043,25.0581927
113,5,28,21,20,2,06松山區,松山區民權東路3段與敦化北路口,0,0,1,1,C03,8,5,5,50,4,1,1,5,4,5,12,1,1,9,4,5,2,11,2,51,2,9,6,4,7,8,1,10,1,12,,100,,1,22,121.5507221,25.06160931
113,5,28,21,20,2,06松山區,松山區民權東路3段與敦化北路口,0,0,1,2,B03,8,5,5,50,4,1,1,5,4,5,12,1,1,9,4,5,2,11,1,46,3,10,7,4,7,7,1,8,1,8,,100,,1,22,121.5507221,25.06160931
113,5,28,21,37,2,01大同區,大同區鄭州路123號,0,0,1,1,C03,7,5,5,40,14,9,1,5,4,5,13,4,4,1,4,5,2,17,1,30,3,10,5,1,7,7,1,10,1,12,,100,,1,21,121.5108098,25.0502312
113,5,28,21,37,2,01大同區,大同區鄭州路123號,0,0,1,2,C03,7,5,5,40,14,9,1,5,4,5,13,4,4,1,4,5,2,17,1,27,2,7,5,1,7,9,1,10,1,14,,13,,1,21,121.5108098,25.0502312
113,5,28,21,47,2,05中正區,中正區齊東街與金山南路1段口,0,0,2,1,C03,8,5,5,30,4,1,1,5,4,5,8,4,4,9,5,5,2,15,1,30,2,9,5,1,7,9,1,10,2,13,,14,,1,22,121.5296123,25.04266579
113,5,28,21,47,2,05中正區,中正區齊東街與金山南路1段口,0,0,2,2,C03,8,5,5,30,4,1,1,5,4,5,8,4,4,9,5,5,2,15,2,30,2,9,5,1,7,9,1,10,2,11,,14,,1,22,121.5296123,25.04266579
113,5,28,22,4,2,07信義區,信義區和平東路3段與信安街口,0,0,1,1,B01,7,5,5,50,4,18,1,5,4,5,13,1,1,1,4,5,2,2,1,63,3,10,3,4,7,5,1,4,2,8,,70,,1,21,121.554663,25.0224858
113,5,28,22,4,2,07信義區,信義區和平東路3段與信安街口,0,0,1,2,H01,7,5,5,50,4,18,1,5,4,5,13,1,1,1,4,5,2,2,2,67,2,9,4,5,8,16,8,20,10,16,,67,,1,21,121.554663,25.0224858
113,5,28,22,51,2,01大同區,大同區重慶北路3段與哈密街59巷56弄口,0,0,2,1,B03,8,5,5,30,3,2,1,5,4,5,13,4,4,1,4,5,2,17,1,37,3,10,3,4,7,6,1,8,2,8,,14,,1,21,121.5139731,25.075409
113,5,28,22,51,2,01大同區,大同區重慶北路3段與哈密街59巷56弄口,0,0,2,2,C03,8,5,5,30,3,2,1,5,4,5,13,4,4,1,4,5,2,17,1,19,2,9,3,4,7,9,1,10,2,12,,44,,1,21,121.5139731,25.075409
113,5,28,22,51,2,01大同區,大同區重慶北路3段與哈密街59巷56弄口,0,0,2,3,H02,8,5,5,30,3,2,1,5,4,5,13,4,4,1,4,5,2,17,2,42,2,9,3,5,7,20,8,20,10,16,,67,,1,21,121.5139731,25.075409
113,5,28,23,18,2,10文山區,文山區羅斯福路6段142巷與景仁街口,0,0,3,1,C03,8,5,5,30,4,1,1,5,4,5,13,4,4,10,5,5,2,15,1,31,2,9,6,1,7,9,1,10,2,14,,72,,1,21,121.5403874,24.9963329
113,5,28,23,18,2,10文山區,文山區羅斯福路6段142巷與景仁街口,0,0,3,2,C04,8,5,5,30,4,1,1,5,4,5,13,4,4,10,5,5,2,15,2,23,2,9,6,1,7,9,1,10,2,11,,44,,1,21,121.5403874,24.9963329
113,5,28,23,18,2,10文山區,文山區羅斯福路6段142巷與景仁街口,0,0,3,3,H02,8,5,5,30,4,1,1,5,4,5,13,4,4,10,5,5,2,15,2,22,2,9,6,5,7,21,8,20,10,16,,67,,1,21,121.5403874,24.9963329
113,5,28,23,19,2,07信義區,信義區和平東路3段與安居街口,0,0,1,1,B03,8,5,5,50,3,1,1,5,4,5,13,1,1,9,4,5,2,3,2,65,3,10,7,1,7,5,1,8,9,1,,70,,1,21,121.555557,25.0216299
113,5,28,23,19,2,07信義區,信義區和平東路3段與安居街口,0,0,1,2,H01,8,5,5,50,3,1,1,5,4,5,13,1,1,9,4,5,2,3,1,30,2,9,4,5,8,20,8,20,10,16,,67,,1,21,121.555557,25.0216299
113,5,29,0,57,2,01大同區,大同區南京西路與赤峰街口,0,0,1,1,A12,8,5,5,50,3,2,1,5,4,5,13,2,1,1,4,5,2,17,1,56,3,10,3,4,7,6,1,5,2,2,,42,,1,21,121.5190276,25.0530334
113,5,29,0,57,2,01大同區,大同區南京西路與赤峰街口,0,0,1,2,C03,8,5,5,50,3,2,1,5,4,5,13,2,1,1,4,5,2,17,1,18,2,9,3,4,7,9,3,18,2,14,,42,,1,21,121.5190276,25.0530334
113,5,29,2,30,2,08士林區,士林區仰德大道1段110號下方50公尺,0,0,1,1,B01,8,5,5,40,11,9,1,5,4,5,13,4,4,4,5,5,1,17,1,64,3,10,7,1,7,9,1,4,1,1,,94,,1,21,121.5360595,25.10861651
113,5,29,2,30,2,08士林區,士林區仰德大道1段110號下方50公尺,0,0,1,2,B03,8,5,5,40,11,9,1,5,4,5,13,4,4,4,5,5,1,17,1,26,2,7,7,1,7,14,1,8,1,1,,44,,1,21,121.5360595,25.10861651
113,5,29,3,45,2,05中正區,中正區重慶南路3段與寧波西街口口,0,0,1,1,B03,7,5,5,50,4,1,1,5,4,5,13,1,1,1,4,5,2,16,1,53,3,10,3,4,7,6,6,18,9,2,,71,,1,21,121.5153877,25.0297451
113,5,29,3,45,2,05中正區,中正區重慶南路3段與寧波西街口口,0,0,1,2,C03,7,5,5,50,4,1,1,5,4,5,13,1,1,1,4,5,2,16,1,26,2,8,6,1,7,9,1,10,9,11,,44,,1,21,121.5153877,25.0297451
113,5,29,5,50,2,12內湖區,內湖區康寧路3段與潭美街口(安康路328巷6號前),0,0,2,1,B12,8,5,5,50,11,9,1,5,4,5,13,4,4,4,1,5,1,16,1,43,2,9,3,4,7,6,1,8,1,1,,99,,1,22,121.6110477,25.0638248
113,5,29,5,50,2,12內湖區,內湖區康寧路3段與潭美街口(安康路328巷6號前),0,0,2,2,B12,8,5,5,50,11,9,1,5,4,5,13,4,4,4,1,5,1,16,1,70,2,9,3,4,7,9,1,8,1,2,,44,,1,22,121.6110477,25.0638248
113,5,29,6,42,2,11南港區,南港區忠孝東路7段與忠孝東路7段265巷口,0,0,1,1,A31,8,7,5,50,3,1,1,5,4,5,13,2,1,5,4,5,2,16,1,61,3,10,7,1,7,6,1,1,2,5,,9,,1,21,121.6036193,25.0518104
113,5,29,6,42,2,11南港區,南港區忠孝東路7段與忠孝東路7段265巷口,0,0,1,2,C03,8,7,5,50,3,1,1,5,4,5,13,2,1,5,4,5,2,16,1,60,2,8,5,1,7,9,1,10,2,14,,44,,1,21,121.6036193,25.0518104