發生年度,發生月,發生日,發生時-Hours,發生分,處理別-編號,區序,肇事地點,死亡人數,2-30日死亡人數,受傷人數,當事人序號,車種,天候,道路照明設備,道路類別,速限-速度限制,道路型態,事故位置,路面狀況1,路面狀況2,路面狀況3,道路障礙1,道路障礙2,號誌1,號誌2,車道劃分-分向,車道劃分-分道1,車道劃分-分道2,車道劃分-分道3,事故類型及型態,性別,年齡,受傷程度,主要傷處,保護裝置,行動電話,車輛用途,當事者行動狀態,駕駛資格情形,駕駛執照種類,飲酒情形,車輛撞擊部位1,車輛撞擊部位2,肇因碼-個別,肇因碼-主要,個人肇逃否,職業,座標-X,座標-Y
113,5,29,6,47,2,09北投區,北投區文林北路與自強街口,0,0,1,1,C03,7,5,5,50,14,8,1,5,4,5,12,4,4,9,4,3,1,13,1,49,2,9,3,4,7,9,1,10,1,11,,16,,1,21,121.5123251,25.109641
113,5,29,6,47,2,09北投區,北投區文林北路與自強街口,0,0,1,2,C03,7,5,5,50,14,8,1,5,4,5,12,4,4,9,4,3,1,13,1,37,3,10,3,4,7,9,1,10,1,13,,44,,1,21,121.5123251,25.109641
113,5,29,6,56,2,04大安區,大安區大安路1段與四維路52巷口,0,0,1,1,B02,8,6,5,30,4,1,1,5,4,5,13,4,4,10,5,5,2,15,1,57,3,10,7,1,7,9,1,8,1,1,,14,,1,21,121.5460125,25.0351223
113,5,29,6,56,2,04大安區,大安區大安路1段與四維路52巷口,0,0,1,2,C04,8,6,5,30,4,1,1,5,4,5,13,4,4,10,5,5,2,15,2,56,2,9,5,1,7,9,1,11,1,12,,44,,1,21,121.5460125,25.0351223
113,5,29,7,20,2,09北投區,北投區大度路3段151號,0,0,1,1,B01,7,6,5,50,14,5,1,5,4,5,13,1,1,1,2,1,1,17,1,41,3,10,7,1,7,7,1,2,9,17,,100,,2,26,121.4679464,25.1228437
113,5,29,7,20,2,09北投區,北投區大度路3段151號,0,0,1,2,C03,7,6,5,50,14,5,1,5,4,5,13,1,1,1,2,1,1,17,1,48,2,9,5,1,7,8,1,10,1,11,,108,,1,21,121.4679464,25.1228437
113,5,29,7,27,2,07信義區,信義區信義路6段76巷與信義路6段口,0,0,2,1,C03,7,6,5,30,4,2,1,5,4,5,13,1,1,10,5,5,2,16,1,56,2,9,3,4,7,1,3,18,2,11,,19,,1,22,121.5768344,25.0352891
113,5,29,7,27,2,07信義區,信義區信義路6段76巷與信義路6段口,0,0,2,2,C03,7,6,5,30,4,2,1,5,4,5,13,1,1,10,5,5,2,16,1,52,2,9,3,4,7,5,1,10,2,12,,44,,1,21,121.5768344,25.0352891
113,5,29,7,41,2,11南港區,南港區東新街與市民大道7段口口,0,0,1,1,B03,7,6,5,50,4,1,1,5,4,5,13,1,1,5,4,5,2,16,1,53,3,10,3,4,7,6,1,8,1,6,,9,,1,21,121.5836191,25.0497296
113,5,29,7,41,2,11南港區,南港區東新街與市民大道7段口口,0,0,1,2,C03,7,6,5,50,4,1,1,5,4,5,13,1,1,5,4,5,2,16,2,26,2,9,5,4,7,5,1,10,1,14,,108,,1,21,121.5836191,25.0497296
113,5,29,7,45,2,08士林區,士林區延平北路6段與通河西街2段口,0,0,1,1,B03,8,7,5,50,5,1,1,5,4,5,13,1,1,1,2,5,2,17,1,61,3,10,3,4,7,5,1,8,1,2,,85,,1,21,121.4978352,25.0939917
113,5,29,7,45,2,08士林區,士林區延平北路6段與通河西街2段口,0,0,1,2,C03,8,7,5,50,5,1,1,5,4,5,13,1,1,1,2,5,2,17,1,33,2,9,3,4,7,9,1,10,1,11,,44,,1,21,121.4978352,25.0939917
113,5,29,8,25,2,02萬華區,萬華區長順街與長順街123巷口,0,0,1,1,B03,7,7,5,30,4,1,1,5,4,5,13,1,1,5,5,5,2,17,2,61,3,10,7,1,7,6,1,8,1,2,,9,,1,21,121.4889516,25.0323614
113,5,29,8,25,2,02萬華區,萬華區長順街與長順街123巷口,0,0,1,2,C03,7,7,5,30,4,1,1,5,4,5,13,1,1,5,5,5,2,17,1,72,2,9,5,1,7,9,1,10,1,14,,108,,1,21,121.4889516,25.0323614
113,5,29,8,34,2,06松山區,松山區八德路3段12巷51弄與八德路3段12巷57弄口,0,0,1,1,B03,8,5,5,50,4,1,1,5,4,5,13,4,4,8,3,5,2,16,1,47,3,10,3,1,7,11,1,8,1,4,,80,,1,22,121.552036,25.0461536
113,5,29,8,34,2,06松山區,松山區八德路3段12巷51弄與八德路3段12巷57弄口,0,0,1,2,C03,8,5,5,50,4,1,1,5,4,5,13,4,4,8,3,5,2,16,1,32,2,9,5,1,7,9,1,10,1,11,,44,,1,21,121.552036,25.0461536
113,5,29,8,39,2,01大同區,大同區酒泉街與迪化街2段口,0,0,1,1,C03,7,6,5,50,5,1,1,5,4,5,13,4,4,5,5,5,2,16,1,36,2,8,6,1,7,1,1,10,2,11,,19,,1,21,121.512633,25.07209632
113,5,29,8,39,2,01大同區,大同區酒泉街與迪化街2段口,0,0,1,2,B03,7,6,5,50,5,1,1,5,4,5,13,4,4,5,5,5,2,16,1,23,3,10,7,1,7,5,1,8,2,8,,8,,1,21,121.512633,25.07209632
113,5,29,8,42,2,07信義區,信義區忠孝東路5段703巷1弄與忠孝東路5段621巷口口,0,0,1,1,F01,8,7,5,30,3,1,1,5,4,5,13,4,4,10,5,5,2,17,2,72,2,1,4,1,7,6,8,20,1,11,,5,,1,21,121.5788698,25.0424103
113,5,29,8,42,2,07信義區,信義區忠孝東路5段703巷1弄與忠孝東路5段621巷口口,0,0,1,2,C03,8,7,5,30,3,1,1,5,4,5,13,4,4,10,5,5,2,17,2,33,3,10,6,1,7,6,1,10,1,11,,44,,1,21,121.5788698,25.0424103
113,5,29,8,45,2,05中正區,中正區金山南路1段111號前,0,0,2,1,C03,8,5,5,50,14,9,1,5,4,5,13,4,4,1,4,5,1,17,1,23,2,8,5,1,7,7,1,10,1,14,,100,,1,21,121.5276999,25.0360671
113,5,29,8,45,2,05中正區,中正區金山南路1段111號前,0,0,2,2,B01,8,5,5,50,14,9,1,5,4,5,13,4,4,1,4,5,1,17,1,56,3,10,7,1,7,9,1,4,1,2,,44,,1,21,121.5276999,25.0360671
113,5,29,8,45,2,05中正區,中正區金山南路1段111號前,0,0,2,3,H02,8,5,5,50,14,9,1,5,4,5,13,4,4,1,4,5,1,17,2,23,2,8,5,5,7,20,8,20,10,16,,67,,1,21,121.5276999,25.0360671
113,5,29,8,48,2,06松山區,松山區民權東路5段與撫遠街口,0,0,2,1,C03,7,6,5,50,4,1,1,5,4,5,13,2,1,1,4,5,2,12,1,28,2,9,6,1,7,9,1,10,2,12,,108,,1,21,121.5660655,25.0633329
113,5,29,8,48,2,06松山區,松山區民權東路5段與撫遠街口,0,0,2,2,C03,7,6,5,50,4,1,1,5,4,5,13,2,1,1,4,5,2,12,1,47,2,9,6,1,7,9,1,10,2,14,,44,,1,21,121.5660655,25.0633329
113,5,29,8,48,2,06松山區,松山區民權東路5段與撫遠街口,0,0,2,3,A02,7,6,5,50,4,1,1,5,4,5,13,2,1,1,4,5,2,12,1,60,3,10,3,4,7,9,1,2,2,5,,44,,1,21,121.5660655,25.0633329
113,5,29,8,50,2,05中正區,中正區杭州南路1段23號,0,0,2,1,C03,7,6,5,50,14,9,1,5,4,5,13,4,4,10,4,5,2,16,1,38,2,6,5,1,7,7,1,10,2,13,,100,,1,22,121.5264059,25.04237021
113,5,29,8,50,2,05中正區,中正區杭州南路1段23號,0,0,2,2,C03,7,6,5,50,14,9,1,5,4,5,13,4,4,10,4,5,2,16,1,37,2,9,5,1,7,9,1,10,2,12,,44,,1,22,121.5264059,25.04237021
113,5,29,8,52,2,11南港區,南港區東新街與東新街118巷口,0,0,1,1,C03,8,7,5,50,4,1,1,5,4,5,13,2,1,5,4,5,2,13,1,59,3,10,5,1,7,1,1,10,1,11,,19,,1,21,121.5884278,25.0465812
113,5,29,8,52,2,11南港區,南港區東新街與東新街118巷口,0,0,1,2,C04,8,7,5,50,4,1,1,5,4,5,13,2,1,5,4,5,2,13,2,27,2,7,5,1,7,9,1,10,1,13,,44,,1,21,121.5884278,25.0465812
113,5,29,9,8,2,10文山區,文山區忠順街2段與興隆路4段165巷口,0,0,2,1,C03,8,7,5,30,3,2,1,5,4,5,13,4,4,10,5,5,2,17,2,65,2,9,5,1,7,5,3,18,1,11,,72,,1,21,121.5633996,24.9847615
113,5,29,9,8,2,10文山區,文山區忠順街2段與興隆路4段165巷口,0,0,2,2,C03,8,7,5,30,3,2,1,5,4,5,13,4,4,10,5,5,2,17,1,75,2,9,5,1,7,9,1,10,1,11,,108,,1,21,121.5633996,24.9847615
113,5,29,9,12,2,02萬華區,萬華區東園街14巷12號,0,0,1,1,B03,8,5,5,30,14,9,1,5,4,5,13,4,4,10,5,5,2,1,1,38,3,10,7,4,7,9,6,2,1,2,,108,,1,22,121.4952359,25.02745172
113,5,29,9,12,2,02萬華區,萬華區東園街14巷12號,0,0,1,2,H01,8,5,5,30,14,9,1,5,4,5,13,4,4,10,5,5,2,1,2,74,2,7,4,5,8,16,8,20,10,16,,67,,1,22,121.4952359,25.02745172
113,5,29,9,13,2,11南港區,南港區三重路與經貿二路口,0,0,1,1,B01,8,7,5,50,11,9,1,5,4,5,13,4,4,5,5,5,2,12,1,66,3,10,3,4,7,8,1,4,1,6,,17,,1,22,121.614347,25.060046
113,5,29,9,13,2,11南港區,南港區三重路與經貿二路口,0,0,1,2,C03,8,7,5,50,11,9,1,5,4,5,13,4,4,5,5,5,2,12,2,32,2,8,3,4,7,9,1,10,1,14,,17,,1,22,121.614347,25.060046
113,5,29,9,39,2,09北投區,北投區中央北路3段與中央北路3段102巷口,0,0,1,1,C03,7,6,5,50,3,2,1,5,4,5,13,1,1,5,4,4,1,12,1,78,2,9,5,1,7,7,1,10,2,14,,100,,1,21,121.4842421,25.1377743
113,5,29,9,39,2,09北投區,北投區中央北路3段與中央北路3段102巷口,0,0,1,2,B12,7,6,5,50,3,2,1,5,4,5,13,1,1,5,4,4,1,12,1,27,3,10,7,1,7,9,1,8,2,5,,13,,1,21,121.4842421,25.1377743
113,5,29,9,41,2,11南港區,南港區南港路1段與研究院路1段口口,0,0,2,1,C03,7,6,5,50,4,1,1,5,4,5,13,1,1,1,4,5,2,12,2,60,2,9,5,4,7,8,1,10,1,12,,100,,1,21,121.6166885,25.0550529
113,5,29,9,41,2,11南港區,南港區南港路1段與研究院路1段口口,0,0,2,2,C03,7,6,5,50,4,1,1,5,4,5,13,1,1,1,4,5,2,12,2,34,2,9,5,4,7,9,1,10,1,14,,44,,1,21,121.6166885,25.0550529
113,5,29,10,10,2,10文山區,文山區木新路2段111巷12弄8號,0,0,1,1,C03,8,7,5,30,14,9,1,5,4,5,13,4,4,10,5,5,2,17,1,23,2,9,5,4,7,9,1,10,1,11,,108,,1,21,121.5700602,24.98345798
113,5,29,10,10,2,10文山區,文山區木新路2段111巷12弄8號,0,0,1,2,B03,8,7,5,30,14,9,1,5,4,5,13,4,4,10,5,5,2,17,1,48,3,10,3,4,7,13,1,8,1,4,,44,,1,21,121.5700602,24.98345798
113,5,29,10,20,2,09北投區,北投區自強街與石牌路1段166巷口,0,0,1,1,C04,8,6,5,50,3,1,1,5,4,5,13,4,4,5,5,5,2,15,1,73,2,9,5,1,7,1,1,10,1,14,,19,,1,21,121.5161184,25.1109521
113,5,29,10,20,2,09北投區,北投區自強街與石牌路1段166巷口,0,0,1,2,C03,8,6,5,50,3,1,1,5,4,5,13,4,4,5,5,5,2,15,1,21,3,10,5,1,7,9,1,10,1,11,,44,,1,21,121.5161184,25.1109521
113,5,29,10,30,2,07信義區,信義區虎林街164巷60弄14號,0,0,1,1,B03,8,6,5,30,14,9,1,5,4,5,13,4,4,10,5,5,2,29,3,0,,,,,,,,,,,,67,,1,,121.5740756,25.0383108
113,5,29,10,30,2,07信義區,信義區虎林街164巷60弄14號,0,0,1,2,C03,8,6,5,30,14,9,1,5,4,5,13,4,4,10,5,5,2,29,2,30,2,8,6,1,7,9,1,9,9,12,,44,,1,21,121.5740756,25.0383108
113,5,29,10,30,2,07信義區,信義區虎林街164巷60弄14號,0,0,1,3,H02,8,6,5,30,14,9,1,5,4,5,13,4,4,10,5,5,2,29,4,0,,,,,,,,,10,,,119,,2,,121.5740756,25.0383108
113,5,29,10,32,2,10文山區,文山區木柵路3段與萬壽橋口,0,0,1,1,B03,8,7,5,50,4,1,1,5,4,5,13,2,1,5,4,5,2,16,1,68,3,10,7,1,7,6,1,8,1,5,,71,,1,21,121.5711692,24.991584
113,5,29,10,32,2,10文山區,文山區木柵路3段與萬壽橋口,0,0,1,2,C03,8,7,5,50,4,1,1,5,4,5,13,2,1,5,4,5,2,16,2,20,2,9,5,1,7,9,1,10,1,14,,14,,1,21,121.5711692,24.991584
113,5,29,10,40,2,03中山區,中山區明水路與北安路口,0,0,2,1,C03,7,6,5,50,14,9,1,5,4,5,13,2,1,1,5,5,1,13,2,29,2,9,3,4,7,9,1,10,1,11,,108,,1,21,121.5391081,25.07777645
113,5,29,10,40,2,03中山區,中山區明水路與北安路口,0,0,2,2,C03,7,6,5,50,14,9,1,5,4,5,13,2,1,1,5,5,1,13,2,59,2,9,3,4,7,9,1,10,1,13,,44,,1,21,121.5391081,25.07777645
113,5,29,11,10,2,08士林區,士林區德行西路95號與德行西路口,0,0,2,1,C03,8,5,5,30,4,1,1,5,4,5,13,4,4,5,5,5,1,17,1,52,2,9,5,1,7,6,5,10,1,14,,74,,1,21,121.5213983,25.1043519
113,5,29,11,10,2,08士林區,士林區德行西路95號與德行西路口,0,0,2,2,C03,8,5,5,30,4,1,1,5,4,5,13,4,4,5,5,5,1,17,1,25,2,9,6,1,7,9,1,10,1,11,,13,,1,21,121.5213983,25.1043519
113,5,29,11,14,2,12內湖區,內湖區新明路380巷與新明路口,0,0,1,1,B03,7,6,5,30,4,1,1,5,4,5,13,4,4,9,4,5,1,14,2,44,3,10,7,1,7,2,1,8,1,3,,12,,1,21,121.5804028,25.05477346
113,5,29,11,14,2,12內湖區,內湖區新明路380巷與新明路口,0,0,1,2,C03,7,6,5,30,4,1,1,5,4,5,13,4,4,9,4,5,1,14,2,48,2,9,5,1,7,9,1,10,1,11,,44,,1,21,121.5804028,25.05477346
113,5,29,11,15,2,07信義區,信義區基隆路2段與信義路5段口,0,0,1,1,C03,8,6,5,50,4,2,1,5,4,5,13,2,1,3,2,5,2,12,1,72,2,7,5,1,7,9,1,10,1,14,,108,,1,22,121.5595336,25.0328065
113,5,29,11,15,2,07信義區,信義區基隆路2段與信義路5段口,0,0,1,2,B03,8,6,5,50,4,2,1,5,4,5,13,2,1,3,2,5,2,12,2,65,3,10,7,1,7,14,1,8,1,6,,44,,1,22,121.5595336,25.0328065
113,5,29,11,27,2,02萬華區,萬華區環河南路2段245號,0,0,2,1,C03,7,6,5,50,14,9,1,5,4,5,13,4,4,8,3,5,2,16,2,46,2,9,5,4,7,5,1,10,1,12,,99,,1,22,121.4893644,25.0296695
113,5,29,11,27,2,02萬華區,萬華區環河南路2段245號,0,0,2,2,C03,7,6,5,50,14,9,1,5,4,5,13,4,4,8,3,5,2,16,1,20,2,9,5,4,7,9,1,10,1,14,,13,,1,22,121.4893644,25.0296695
113,5,29,11,30,2,03中山區,中山區雙城街與農安街口,0,0,1,1,C03,8,6,5,50,3,1,1,5,4,5,13,1,1,5,5,5,2,11,1,61,2,8,5,1,7,7,1,10,1,14,,100,,1,21,121.5242974,25.0649185
113,5,29,11,30,2,03中山區,中山區雙城街與農安街口,0,0,1,2,B12,8,6,5,50,3,1,1,5,4,5,13,1,1,5,5,5,2,11,1,62,3,10,3,4,7,9,1,8,1,2,,44,,1,22,121.5242974,25.0649185
113,5,29,11,30,2,03中山區,中山區雙城街與農安街口,0,0,1,3,B03,8,6,5,50,3,1,1,5,4,5,13,1,1,5,5,5,2,11,1,58,3,10,3,4,7,14,1,8,9,17,,44,,1,22,121.5242974,25.0649185
113,5,29,11,36,2,12內湖區,內湖區新湖一路與新湖二路口,0,0,1,1,C03,8,6,5,40,4,1,1,5,4,5,13,4,4,5,5,5,2,17,1,49,2,9,5,1,7,9,1,10,2,11,,72,,1,21,121.5847089,25.0649937
113,5,29,11,36,2,12內湖區,內湖區新湖一路與新湖二路口,0,0,1,2,B01,8,6,5,40,4,1,1,5,4,5,13,4,4,5,5,5,2,17,1,66,3,10,7,1,7,9,1,4,2,5,,44,,1,21,121.5847089,25.0649937
113,5,29,11,45,2,10文山區,文山區新光路2段與新光路2段口圓環,0,0,1,1,C03,8,7,5,50,4,1,1,5,4,5,13,3,1,10,5,5,2,17,1,28,2,9,5,1,7,9,1,10,1,11,,84,,1,21,121.58347,25.0004406
113,5,29,11,45,2,10文山區,文山區新光路2段與新光路2段口圓環,0,0,1,2,B03,8,7,5,50,4,1,1,5,4,5,13,3,1,10,5,5,2,17,2,64,3,10,7,1,7,9,1,8,1,2,,44,,1,21,121.58347,25.0004406
113,5,29,11,53,2,08士林區,士林區百齡橋與承德路4段口西向東,0,0,2,1,C04,8,5,5,40,3,2,1,5,4,5,13,4,4,3,4,5,1,17,2,37,2,9,6,1,7,9,1,11,2,11,,44,,1,21,121.5160924,25.0905903
113,5,29,11,53,2,08士林區,士林區百齡橋與承德路4段口西向東,0,0,2,2,C03,8,5,5,40,3,2,1,5,4,5,13,4,4,3,4,5,1,17,2,49,2,9,6,1,7,6,1,10,2,12,,9,,1,21,121.5160924,25.0905903
113,5,29,12,8,2,10文山區,文山區指南路2段與萬壽路口,0,0,1,1,C03,8,7,5,40,3,1,1,5,4,5,12,3,1,10,5,5,2,18,1,26,2,9,5,4,7,9,1,10,1,15,,42,,1,21,121.5756417,24.9876984
113,5,29,12,8,2,10文山區,文山區指南路2段與萬壽路口,0,0,1,2,,8,7,5,40,3,1,1,5,4,5,12,3,1,10,5,5,2,18,3,0,,,,,,,,,,,,67,,1,,121.5756417,24.9876984
113,5,29,12,48,2,01大同區,大同區長安西路115號,0,0,1,1,B03,8,6,5,50,14,9,1,5,4,5,13,4,4,5,5,5,2,14,1,58,3,10,7,1,7,2,1,8,9,7,,12,,1,21,121.5159531,25.0511864
113,5,29,12,48,2,01大同區,大同區長安西路115號,0,0,1,2,C03,8,6,5,50,14,9,1,5,4,5,13,4,4,5,5,5,2,14,1,24,2,7,6,1,7,15,1,10,9,11,,44,,1,21,121.5159531,25.0511864
113,5,29,12,48,2,08士林區,士林區環河北路3段175號,0,0,1,2,C03,8,6,5,40,14,9,1,5,4,5,13,4,4,10,4,4,1,17,1,21,2,9,6,1,7,9,1,10,1,12,,44,,1,21,121.5049893,25.0868658
113,5,29,12,48,2,08士林區,士林區環河北路3段175號,0,0,1,1,B12,8,6,5,40,14,9,1,5,4,5,13,4,4,10,4,4,1,17,1,29,3,10,7,1,7,7,1,8,1,15,,100,,1,21,121.5049893,25.0868658
113,5,29,12,50,2,04大安區,大安區敦化南路2段120號,0,0,1,1,B01,8,6,5,50,14,9,1,5,4,5,13,4,4,9,4,5,1,16,1,53,3,10,3,4,7,15,1,4,1,6,,101,,1,21,121.5484829,25.0263813
113,5,29,12,50,2,04大安區,大安區敦化南路2段120號,0,0,1,2,C03,8,6,5,50,14,9,1,5,4,5,13,4,4,9,4,5,1,16,1,53,2,9,3,4,7,9,1,10,1,11,,44,,1,21,121.5484829,25.0263813
113,5,29,13,25,2,07信義區,信義區基隆路2段7號,0,0,1,1,C03,8,5,5,50,14,9,1,5,4,5,13,4,4,1,4,5,2,13,1,37,2,8,6,1,7,9,1,10,1,11,,16,,1,22,121.559272,25.03242103
113,5,29,13,25,2,07信義區,信義區基隆路2段7號,0,0,1,2,C03,8,5,5,50,14,9,1,5,4,5,13,4,4,1,4,5,2,13,1,32,3,10,6,1,7,9,1,10,1,13,,44,,1,22,121.559272,25.03242103
113,5,29,13,25,2,07信義區,信義區基隆路2段7號,0,0,1,3,B01,8,5,5,50,14,9,1,5,4,5,13,4,4,1,4,5,2,13,1,54,3,10,7,1,7,8,1,4,1,2,,100,,1,22,121.559272,25.03242103
113,5,29,13,41,2,04大安區,大安區大安路1段21號,0,0,1,1,C03,7,5,5,40,14,9,1,5,4,5,13,4,4,10,4,5,2,12,1,39,3,10,6,1,7,8,1,10,1,12,,100,,1,21,121.5462201,25.0444235
113,5,29,13,41,2,04大安區,大安區大安路1段21號,0,0,1,2,C03,7,5,5,40,14,9,1,5,4,5,13,4,4,10,4,5,2,12,2,30,2,9,6,1,7,9,1,10,1,11,,13,,1,21,121.5462201,25.0444235
113,5,29,14,0,2,03中山區,中山區吉林路與松江路90巷口,0,0,1,1,B03,8,7,5,50,4,1,1,5,4,5,13,1,1,5,5,4,2,17,1,58,3,10,3,4,7,5,1,8,1,8,,71,,1,21,121.5301075,25.0505095
113,5,29,14,0,2,03中山區,中山區吉林路與松江路90巷口,0,0,1,2,C03,8,7,5,50,4,1,1,5,4,5,13,1,1,5,5,4,2,17,1,51,2,9,3,4,7,9,1,10,1,14,,14,,1,21,121.5301075,25.0505095
113,5,29,14,12,2,04大安區,大安區忠孝東路3段54號,0,0,1,1,B12,7,7,5,50,14,9,1,5,4,5,13,4,4,8,3,5,1,17,1,52,3,10,7,1,7,9,1,4,1,15,,44,,1,21,121.5356635,25.0418072
113,5,29,14,12,2,04大安區,大安區忠孝東路3段54號,0,0,1,2,F03,7,7,5,50,14,9,1,5,4,5,13,4,4,8,3,5,1,17,2,66,2,7,4,1,7,9,8,20,1,15,,44,,1,21,121.5356635,25.0418072
113,5,29,14,45,2,09北投區,北投區三合街1段82巷與三合街1段118巷口,0,0,1,1,B03,8,7,5,30,4,1,1,5,4,5,13,3,1,10,5,5,1,15,2,34,3,10,2,1,7,9,1,8,1,2,,72,,1,22,121.5048335,25.1277528
113,5,29,14,45,2,09北投區,北投區三合街1段82巷與三合街1段118巷口,0,0,1,2,C03,8,7,5,30,4,1,1,5,4,5,13,3,1,10,5,5,1,15,2,61,2,9,5,1,7,9,1,10,1,11,,44,,1,22,121.5048335,25.1277528
113,5,29,15,20,2,08士林區,士林區福林路與福林路100巷口,0,0,1,1,B03,8,6,5,50,3,1,1,5,4,5,13,3,1,5,2,5,1,16,2,54,3,10,7,1,7,6,1,8,1,2,,9,,1,21,121.5312483,25.09581529
113,5,29,15,20,2,08士林區,士林區福林路與福林路100巷口,0,0,1,2,C03,8,6,5,50,3,1,1,5,4,5,13,3,1,5,2,5,1,16,1,20,2,9,5,1,7,9,1,10,1,11,,13,,1,21,121.5312483,25.09581529
113,5,29,15,44,2,12內湖區,內湖區民權東路6段50號,0,0,1,1,B03,8,7,5,50,14,8,1,5,4,5,13,4,4,1,4,4,2,12,1,33,3,10,7,1,7,8,1,8,1,6,,100,,1,21,121.5840093,25.06859405
113,5,29,15,44,2,12內湖區,內湖區民權東路6段50號,0,0,1,2,C03,8,7,5,50,14,8,1,5,4,5,13,4,4,1,4,4,2,12,1,28,2,9,5,1,7,9,1,10,1,11,,42,,1,21,121.5840093,25.06859405
113,5,29,16,3,2,09北投區,北投區光明路與光明路151巷口,0,0,1,1,B03,8,5,5,50,3,2,1,5,4,5,13,4,4,9,4,5,1,12,1,32,3,10,7,1,7,9,1,8,2,4,,10,,1,21,121.5025431,25.1350886
113,5,29,16,3,2,09北投區,北投區光明路與光明路151巷口,0,0,1,2,C03,8,5,5,50,3,2,1,5,4,5,13,4,4,9,4,5,1,12,2,34,2,8,5,1,7,9,1,10,2,12,,44,,1,21,121.5025431,25.1350886
113,5,29,16,20,2,12內湖區,內湖區舊宗路1段150巷與民善街口,0,0,2,1,B03,7,6,5,50,4,1,1,5,4,5,13,4,4,8,3,5,1,17,2,44,2,3,7,1,7,9,1,8,2,2,,80,,1,21,121.5751353,25.06166963
113,5,29,16,20,2,12內湖區,內湖區舊宗路1段150巷與民善街口,0,0,2,2,B03,7,6,5,50,4,1,1,5,4,5,13,4,4,8,3,5,1,17,1,51,2,4,7,1,7,9,1,8,2,1,,14,,1,21,121.5751353,25.06166963
113,5,29,16,27,2,07信義區,信義區嘉興街181巷9弄與嘉興街175巷2弄口,0,0,1,1,B03,7,7,5,50,3,1,1,4,4,5,13,4,4,10,5,5,2,17,1,64,3,10,7,1,7,5,1,14,1,5,,8,,1,21,121.5572926,25.0270684
113,5,29,16,27,2,07信義區,信義區嘉興街181巷9弄與嘉興街175巷2弄口,0,0,1,2,C03,7,7,5,50,3,1,1,4,4,5,13,4,4,10,5,5,2,17,1,36,2,9,5,1,7,9,1,10,1,14,,14,,1,21,121.5572926,25.0270684
113,5,29,16,33,2,03中山區,中山區民族東路552號,0,0,1,1,B03,7,6,5,50,14,9,1,5,4,5,13,4,4,10,3,5,1,12,2,68,2,3,7,1,7,9,1,21,1,1,,108,,1,21,121.5435181,25.0669098
113,5,29,16,33,2,03中山區,中山區民族東路552號,0,0,1,2,B03,7,6,5,50,14,9,1,5,4,5,13,4,4,10,3,5,1,12,1,51,3,10,7,1,7,14,1,21,1,6,,44,,1,21,121.5435181,25.0669098
113,5,29,16,39,2,09北投區,北投區西安街1段與石牌路1段166巷43弄口,0,0,1,1,B03,8,7,5,50,3,2,1,5,4,5,13,4,4,10,4,5,1,11,2,47,3,10,7,1,7,9,1,8,1,2,,44,,1,22,121.5154288,25.1142158
113,5,29,16,39,2,09北投區,北投區西安街1段與石牌路1段166巷43弄口,0,0,1,2,C03,8,7,5,50,3,2,1,5,4,5,13,4,4,10,4,5,1,11,1,58,2,9,6,1,7,9,1,10,1,14,,16,,1,22,121.5154288,25.1142158
113,5,29,16,58,2,12內湖區,內湖區內湖路1段596號前,0,0,1,1,B03,8,6,5,50,14,9,1,5,4,5,13,4,4,1,4,5,2,12,2,60,3,10,7,1,7,4,1,8,1,5,,108,,1,21,121.5777169,25.07898083
113,5,29,16,58,2,12內湖區,內湖區內湖路1段596號前,0,0,1,2,F01,8,6,5,50,14,9,1,5,4,5,13,4,4,1,4,5,2,12,1,62,2,9,2,1,7,9,8,20,1,14,,5,,1,21,121.5777169,25.07898083
113,5,29,17,15,2,12內湖區,內湖區金豐街與石潭路口,0,0,1,1,C03,7,7,5,50,4,1,1,5,4,5,13,2,1,10,5,5,2,15,2,28,2,9,6,1,7,9,1,10,2,12,,81,,1,21,121.5904267,25.0635484
113,5,29,17,15,2,12內湖區,內湖區金豐街與石潭路口,0,0,1,2,B02,7,7,5,50,4,1,1,5,4,5,13,2,1,10,5,5,2,15,1,61,3,10,3,4,7,9,1,8,2,8,,44,,1,21,121.5904267,25.0635484
113,5,29,17,15,2,11南港區,南港區忠孝東路7段539號,0,0,3,1,C03,8,7,5,50,14,9,1,5,4,5,13,4,4,8,3,5,2,13,2,28,2,8,3,4,7,9,1,10,2,13,,14,,1,22,121.6130297,25.0528556
113,5,29,17,15,2,11南港區,南港區忠孝東路7段539號,0,0,3,2,C03,8,7,5,50,14,9,1,5,4,5,13,4,4,8,3,5,2,13,1,46,2,8,3,4,7,9,1,10,2,11,,108,,1,22,121.6130297,25.0528556
113,5,29,17,15,2,11南港區,南港區忠孝東路7段539號,0,0,3,3,C03,8,7,5,50,14,9,1,5,4,5,13,4,4,8,3,5,2,13,2,63,2,8,3,4,7,9,1,10,2,11,,16,,1,22,121.6130297,25.0528556
113,5,29,17,20,2,08士林區,士林區福林路與福林路251巷口,0,0,2,1,C03,7,6,5,30,3,1,1,5,4,5,13,4,4,5,4,5,2,17,1,30,2,9,6,1,7,6,1,10,2,14,,72,,1,21,121.5349707,25.0984034
113,5,29,17,20,2,08士林區,士林區福林路與福林路251巷口,0,0,2,2,C03,7,6,5,30,3,1,1,5,4,5,13,4,4,5,4,5,2,17,1,46,2,9,6,1,7,9,1,10,3,12,,44,,1,21,121.5349707,25.0984034