發生年度,發生月,發生日,發生時-Hours,發生分,處理別-編號,區序,肇事地點,死亡人數,2-30日死亡人數,受傷人數,當事人序號,車種,天候,道路照明設備,道路類別,速限-速度限制,道路型態,事故位置,路面狀況1,路面狀況2,路面狀況3,道路障礙1,道路障礙2,號誌1,號誌2,車道劃分-分向,車道劃分-分道1,車道劃分-分道2,車道劃分-分道3,事故類型及型態,性別,年齡,受傷程度,主要傷處,保護裝置,行動電話,車輛用途,當事者行動狀態,駕駛資格情形,駕駛執照種類,飲酒情形,車輛撞擊部位1,車輛撞擊部位2,肇因碼-個別,肇因碼-主要,個人肇逃否,職業,座標-X,座標-Y
113,5,29,17,20,2,08士林區,士林區福林路與福林路251巷口,0,0,2,3,B03,7,6,5,30,3,1,1,5,4,5,13,4,4,5,4,5,2,17,2,43,3,10,3,4,7,13,1,8,11,7,,44,,1,21,121.5349707,25.0984034
113,5,29,17,20,2,08士林區,士林區福林路與福林路251巷口,0,0,2,4,B03,7,6,5,30,3,1,1,5,4,5,13,4,4,5,4,5,2,17,4,48,4,11,3,4,7,21,7,19,11,15,,42,,2,22,121.5349707,25.0984034
113,5,29,17,30,2,08士林區,士林區中正路660號,0,0,1,1,C03,7,7,5,50,14,11,1,5,4,5,13,4,4,1,5,5,1,12,1,73,3,10,5,1,7,7,1,10,1,13,,100,,1,21,121.5075549,25.08637241
113,5,29,17,30,2,08士林區,士林區中正路660號,0,0,1,2,C03,7,7,5,50,14,11,1,5,4,5,13,4,4,1,5,5,1,12,1,36,2,9,5,1,7,9,1,10,1,11,,44,,1,21,121.5075549,25.08637241
113,5,29,17,40,2,04大安區,大安區市民大道3段86號,0,0,2,1,C03,7,6,5,40,14,9,1,5,4,5,13,4,4,10,5,5,2,12,1,28,2,7,6,1,7,1,1,10,1,11,,19,,1,21,121.5334612,25.0451756
113,5,29,17,40,2,04大安區,大安區市民大道3段86號,0,0,2,2,C03,7,6,5,40,14,9,1,5,4,5,13,4,4,10,5,5,2,12,2,59,2,7,6,1,7,9,1,10,1,11,,44,,1,21,121.5334612,25.0451756
113,5,29,17,40,2,12內湖區,內湖區文德路22巷53弄與江南街71巷75弄口,0,0,1,1,C03,7,6,6,30,4,1,1,5,4,5,8,4,4,10,4,5,2,17,2,56,2,9,5,1,7,9,1,10,1,12,,14,,1,21,121.5797576,25.07555089
113,5,29,17,40,2,12內湖區,內湖區文德路22巷53弄與江南街71巷75弄口,0,0,1,2,B03,7,6,6,30,4,1,1,5,4,5,8,4,4,10,4,5,2,17,1,61,3,10,7,2,7,9,1,8,1,8,,14,,1,21,121.5797576,25.07555089
113,5,29,17,45,2,01大同區,大同區民權西路與環河北路1段口,0,0,2,1,C03,7,6,5,50,3,1,1,5,4,5,13,4,4,1,4,5,2,17,2,36,3,10,5,1,7,6,1,10,1,17,,74,,1,21,121.5088458,25.0631404
113,5,29,17,45,2,01大同區,大同區民權西路與環河北路1段口,0,0,2,2,C03,7,6,5,50,3,1,1,5,4,5,13,4,4,1,4,5,2,17,1,26,2,9,5,1,7,9,1,9,1,17,,14,,1,21,121.5088458,25.0631404
113,5,29,17,45,2,01大同區,大同區民權西路與環河北路1段口,0,0,2,3,H02,7,6,5,50,3,1,1,5,4,5,13,4,4,1,4,5,2,17,1,26,2,5,5,5,7,21,8,20,10,16,,67,,1,21,121.5088458,25.0631404
113,5,29,18,6,2,04大安區,大安區大安路1段65號,0,0,1,1,C03,8,5,5,40,14,9,1,5,4,5,13,4,4,8,3,5,2,12,2,31,2,9,3,4,7,7,1,10,1,14,,80,,1,21,121.5461481,25.0425809
113,5,29,18,6,2,04大安區,大安區大安路1段65號,0,0,1,2,B01,8,5,5,40,14,9,1,5,4,5,13,4,4,8,3,5,2,12,1,60,3,10,3,4,7,9,1,8,1,2,,44,,1,21,121.5461481,25.0425809
113,5,29,18,20,2,07信義區,信義區基隆路1段與永吉路口,0,0,1,1,C03,7,5,5,50,5,1,1,5,4,5,13,1,1,1,4,5,2,13,2,24,3,10,6,1,7,9,1,10,1,12,,16,,1,21,121.5672007,25.0455378
113,5,29,18,20,2,07信義區,信義區基隆路1段與永吉路口,0,0,1,2,C03,7,5,5,50,5,1,1,5,4,5,13,1,1,1,4,5,2,13,1,61,2,8,6,1,7,14,1,10,1,13,,44,,1,21,121.5672007,25.0455378
113,5,29,18,28,2,09北投區,北投區自強街120巷與自強街120巷15弄口,0,0,2,1,C03,7,6,5,30,4,1,1,5,4,5,13,4,4,10,5,5,2,15,1,20,3,10,5,1,7,9,1,10,2,12,,75,,1,21,121.5158442,25.1103304
113,5,29,18,28,2,09北投區,北投區自強街120巷與自強街120巷15弄口,0,0,2,2,C03,7,6,5,30,4,1,1,5,4,5,13,4,4,10,5,5,2,15,1,70,2,9,5,1,7,9,1,10,1,11,14,108,,1,21,121.5158442,25.1103304
113,5,29,18,28,2,09北投區,北投區自強街120巷與自強街120巷15弄口,0,0,2,3,H02,7,6,5,30,4,1,1,5,4,5,13,4,4,10,5,5,2,15,2,67,2,9,5,5,7,17,8,20,10,16,,67,,1,21,121.5158442,25.1103304
113,5,29,18,32,2,05中正區,中正區福和橋往永和機車道,0,0,3,1,C03,8,5,8,40,14,11,1,5,4,5,13,4,4,1,5,5,2,13,1,19,2,9,5,4,7,9,1,10,2,11,,16,,1,21,121.533173,25.00948946
113,5,29,18,32,2,05中正區,中正區福和橋往永和機車道,0,0,3,2,C03,8,5,8,40,14,11,1,5,4,5,13,4,4,1,5,5,2,13,1,30,2,8,5,4,7,9,1,10,2,13,,44,,1,21,121.533173,25.00948946
113,5,29,18,32,2,05中正區,中正區福和橋往永和機車道,0,0,3,3,C03,8,5,8,40,14,11,1,5,4,5,13,4,4,1,5,5,2,13,1,31,2,9,5,4,7,9,1,10,2,11,,13,,1,21,121.533173,25.00948946
113,5,29,18,45,2,04大安區,大安區和平東路3段與敦化南路2段口,0,0,1,1,B01,7,5,5,50,4,1,1,5,4,5,13,1,1,9,4,5,1,17,1,47,3,10,3,4,7,5,1,4,1,2,,8,,1,22,121.5489835,25.0245012
113,5,29,18,45,2,04大安區,大安區和平東路3段與敦化南路2段口,0,0,1,2,C03,7,5,5,50,4,1,1,5,4,5,13,1,1,9,4,5,1,17,1,30,2,9,3,4,7,9,1,10,1,11,,44,,1,22,121.5489835,25.0245012
113,5,29,18,45,2,06松山區,松山區光復北路80巷與南京東路4段158巷口,0,0,3,1,C03,8,5,6,30,4,1,1,5,4,5,13,4,4,10,5,5,2,15,1,27,2,8,6,1,7,9,1,10,1,11,,72,,1,21,121.5563493,25.05015823
113,5,29,18,45,2,06松山區,松山區光復北路80巷與南京東路4段158巷口,0,0,3,2,C03,8,5,6,30,4,1,1,5,4,5,13,4,4,10,5,5,2,15,1,47,2,8,6,1,7,9,1,10,1,11,,108,,1,21,121.5563493,25.05015823
113,5,29,18,45,2,06松山區,松山區光復北路80巷與南京東路4段158巷口,0,0,3,3,H02,8,5,6,30,4,1,1,5,4,5,13,4,4,10,5,5,2,15,2,8,2,8,6,5,7,20,8,20,10,16,,60,,1,21,121.5563493,25.05015823
113,5,29,19,13,2,02萬華區,萬華區艋舺大道與西園路2段320巷口,0,0,1,1,C03,8,5,5,50,3,1,1,5,4,5,13,1,1,9,5,5,2,17,1,50,2,9,5,1,7,5,1,10,1,11,,71,,1,21,121.4907087,25.0279877
113,5,29,19,13,2,02萬華區,萬華區艋舺大道與西園路2段320巷口,0,0,1,2,B03,8,5,5,50,3,1,1,5,4,5,13,1,1,9,5,5,2,17,1,55,3,10,7,1,7,9,1,8,1,8,,44,,1,21,121.4907087,25.0279877
113,5,29,19,49,2,12內湖區,內湖區康寧路1段38號對面,0,0,1,1,B02,8,7,5,50,14,9,1,5,4,5,13,4,4,9,4,5,2,2,1,25,4,11,,4,7,21,7,19,9,15,,108,,2,22,121.5916119,25.08042588
113,5,29,19,49,2,12內湖區,內湖區康寧路1段38號對面,0,0,1,2,H01,8,7,5,50,14,9,1,5,4,5,13,4,4,9,4,5,2,2,2,50,2,9,4,5,8,16,8,20,10,16,,67,,1,21,121.5916119,25.08042588
113,5,29,19,57,2,12內湖區,內湖區東湖路與東湖路119巷口,0,0,2,1,C03,7,5,5,50,4,1,1,5,4,5,13,2,1,5,4,5,2,16,1,36,2,9,5,1,7,9,3,18,1,11,,99,,1,21,121.6163912,25.0682063
113,5,29,19,57,2,12內湖區,內湖區東湖路與東湖路119巷口,0,0,2,2,C03,7,5,5,50,4,1,1,5,4,5,13,2,1,5,4,5,2,16,1,22,2,9,5,1,7,11,1,10,1,11,,44,,1,21,121.6163912,25.0682063
113,5,29,19,58,2,08士林區,士林區中山北路7段與中山北路7段190巷口,0,0,1,1,B03,8,5,5,50,4,1,1,5,4,5,13,4,4,9,4,5,2,17,1,55,3,10,7,1,7,6,1,8,2,7,,78,,1,21,121.5329075,25.1248679
113,5,29,19,58,2,08士林區,士林區中山北路7段與中山北路7段190巷口,0,0,1,2,C05,8,5,5,50,4,1,1,5,4,5,13,4,4,9,4,5,2,17,2,58,2,8,6,1,7,9,1,8,2,12,,44,,1,21,121.5329075,25.1248679
113,5,29,20,32,2,05中正區,中正區重慶南路1段與襄陽路口,0,0,3,1,C03,7,5,5,50,3,18,1,5,4,5,13,2,1,9,4,5,1,3,1,23,2,9,6,1,7,9,1,10,2,11,,86,,1,22,121.5132683,25.0435499
113,5,29,20,32,2,05中正區,中正區重慶南路1段與襄陽路口,0,0,3,2,H01,7,5,5,50,3,18,1,5,4,5,13,2,1,9,4,5,1,3,2,53,2,9,4,5,8,16,8,20,10,16,,122,,1,22,121.5132683,25.0435499
113,5,29,20,32,2,05中正區,中正區重慶南路1段與襄陽路口,0,0,3,3,H02,7,5,5,50,3,18,1,5,4,5,13,2,1,9,4,5,1,3,2,23,2,9,6,5,7,20,8,20,10,16,,67,,1,22,121.5132683,25.0435499
113,5,29,20,45,2,02萬華區,萬華區東園街180-1號,0,0,1,1,B03,8,5,5,30,14,9,1,5,4,5,13,4,4,9,5,5,2,17,1,36,3,10,7,1,7,13,1,8,2,8,,40,,1,21,121.4982053,25.0221343
113,5,29,20,45,2,02萬華區,萬華區東園街180-1號,0,0,1,2,C03,8,5,5,30,14,9,1,5,4,5,13,4,4,9,5,5,2,17,1,48,2,9,5,1,7,9,1,10,2,12,,44,,1,21,121.4982053,25.0221343
113,5,29,20,56,2,03中山區,中山區北安路與北安路608巷口,0,0,3,2,C03,8,5,5,50,4,1,1,5,4,5,13,2,1,1,4,5,2,16,2,22,2,9,3,4,7,9,1,10,2,11,,44,,1,21,121.5488156,25.0819754
113,5,29,20,56,2,03中山區,中山區北安路與北安路608巷口,0,0,3,1,C03,8,5,5,50,4,1,1,5,4,5,13,2,1,1,4,5,2,16,1,23,2,9,3,4,7,11,1,10,2,14,,10,,1,21,121.5488156,25.0819754
113,5,29,20,56,2,03中山區,中山區北安路與北安路608巷口,0,0,3,3,H02,8,5,5,50,4,1,1,5,4,5,13,2,1,1,4,5,2,16,1,30,2,9,4,5,7,20,8,20,10,17,,67,,1,21,121.5488156,25.0819754
113,5,29,20,58,2,06松山區,松山區南京東路5段23巷7弄與南京東路5段23巷口,0,0,2,1,C03,7,5,5,30,4,1,1,5,4,5,13,4,4,10,5,5,2,15,2,29,2,6,5,1,7,9,1,10,1,12,,72,,1,21,121.5580194,25.05217336
113,5,29,20,58,2,06松山區,松山區南京東路5段23巷7弄與南京東路5段23巷口,0,0,2,2,C03,7,5,5,30,4,1,1,5,4,5,13,4,4,10,5,5,2,15,1,34,2,7,6,1,7,9,1,10,1,11,,13,,1,21,121.5580194,25.05217336
113,5,29,21,38,2,01大同區,大同區民生西路239號,0,0,1,1,B03,8,5,5,50,14,9,1,5,4,5,13,4,4,5,4,5,2,16,2,57,3,10,7,1,7,7,1,8,2,2,,100,,1,22,121.516361,25.0570654
113,5,29,21,38,2,01大同區,大同區民生西路239號,0,0,1,2,C03,8,5,5,50,14,9,1,5,4,5,13,4,4,5,4,5,2,16,1,27,2,7,5,1,7,15,1,10,2,14,,44,,1,22,121.516361,25.0570654
113,5,29,21,46,2,01大同區,大同區台北橋機慢車道往台北市,0,0,4,1,C03,8,5,7,40,14,11,1,5,4,5,13,4,4,9,4,5,1,13,1,34,2,9,3,4,7,9,1,10,2,11,,108,,1,21,121.5077981,25.0633023
113,5,29,21,46,2,01大同區,大同區台北橋機慢車道往台北市,0,0,4,2,F01,8,5,7,40,14,11,1,5,4,5,13,4,4,9,4,5,1,13,1,58,2,9,3,4,7,9,8,20,4,15,,44,,1,21,121.5077981,25.0633023
113,5,29,21,46,2,01大同區,大同區台北橋機慢車道往台北市,0,0,4,3,C03,8,5,7,40,14,11,1,5,4,5,13,4,4,9,4,5,1,13,2,27,2,9,3,4,7,9,1,10,2,14,,44,,1,21,121.5077981,25.0633023
113,5,29,21,46,2,01大同區,大同區台北橋機慢車道往台北市,0,0,4,4,H02,8,5,7,40,14,11,1,5,4,5,13,4,4,9,4,5,1,13,2,24,2,9,3,5,7,20,8,20,10,16,,67,,1,21,121.5077981,25.0633023
113,5,29,21,49,2,02萬華區,萬華區堤外便道與馬場町河濱公園口,0,0,1,1,F01,7,6,5,50,3,2,1,5,4,5,13,4,4,5,5,5,1,17,1,49,2,9,3,4,7,5,8,20,1,11,,108,,1,21,121.5043397,25.01987652
113,5,29,21,49,2,02萬華區,萬華區堤外便道與馬場町河濱公園口,0,0,1,2,B03,7,6,5,50,3,2,1,5,4,5,13,4,4,5,5,5,1,17,2,27,3,10,3,4,7,6,1,8,1,1,,108,,1,21,121.5043397,25.01987652
113,5,29,21,50,2,06松山區,松山區敦化北路199巷與敦化北路199巷2弄口,0,0,1,1,C04,8,5,6,30,4,2,1,5,4,5,13,4,4,10,4,5,1,17,1,31,2,7,5,1,7,6,1,10,11,12,,72,,1,21,121.5499497,25.055932
113,5,29,21,50,2,06松山區,松山區敦化北路199巷與敦化北路199巷2弄口,0,0,1,2,B01,8,5,6,30,4,2,1,5,4,5,13,4,4,10,4,5,1,17,1,61,3,10,7,1,7,9,1,4,1,4,,44,,1,21,121.5499497,25.055932
113,5,29,22,52,2,10文山區,文山區木柵路4段(南往北0707042燈桿旁）,0,0,1,1,B01,8,5,5,50,14,9,1,5,4,5,13,4,4,5,4,5,2,13,1,47,3,10,7,1,7,7,1,4,2,7,,100,,1,21,121.5725501,24.9963694
113,5,29,22,52,2,10文山區,文山區木柵路4段(南往北0707042燈桿旁）,0,0,1,2,C03,8,5,5,50,14,9,1,5,4,5,13,4,4,5,4,5,2,13,1,26,2,9,5,1,7,9,1,10,2,11,,44,,1,21,121.5725501,24.9963694
113,5,29,23,58,2,03中山區,中山區八德路2段與八德路2段210巷口,0,0,2,1,C03,8,5,5,50,4,1,1,5,4,5,13,2,1,9,4,5,2,16,1,22,2,8,6,1,7,11,3,18,1,11,,10,,1,21,121.5390735,25.0464667
113,5,29,23,58,2,03中山區,中山區八德路2段與八德路2段210巷口,0,0,2,2,B03,8,5,5,50,4,1,1,5,4,5,13,2,1,9,4,5,2,16,1,34,3,10,7,4,7,5,1,8,1,7,,44,,1,21,121.5390735,25.0464667
113,5,29,23,58,2,03中山區,中山區八德路2段與八德路2段210巷口,0,0,2,3,H02,8,5,5,50,4,1,1,5,4,5,13,2,1,9,4,5,2,16,2,15,2,9,6,5,7,21,8,20,10,17,,67,,1,21,121.5390735,25.0464667
113,5,30,4,40,2,10文山區,文山區景興路與興隆路2段口,0,0,1,1,B03,8,5,5,30,5,2,1,5,4,6,13,2,1,1,4,5,2,13,1,42,4,11,3,4,7,15,7,19,11,1,,119,,2,22,121.5449567,24.9985767
113,5,30,4,40,2,10文山區,文山區景興路與興隆路2段口,0,0,1,2,C03,8,5,5,30,5,2,1,5,4,6,13,2,1,1,4,5,2,13,2,31,2,9,5,1,7,9,1,10,2,13,,44,,1,21,121.5449567,24.9985767
113,5,30,6,22,2,08士林區,士林區雨聲街與至誠路1段口,0,0,1,1,B01,7,7,5,50,3,1,1,5,4,5,13,3,1,5,5,5,1,17,1,48,3,10,7,1,7,9,1,4,1,2,,101,,1,21,121.533635,25.10129154
113,5,30,6,22,2,08士林區,士林區雨聲街與至誠路1段口,0,0,1,2,C03,7,7,5,50,3,1,1,5,4,5,13,3,1,5,5,5,1,17,2,80,2,9,5,1,7,9,1,10,1,14,,44,,1,21,121.533635,25.10129154
113,5,30,7,15,2,03中山區,中山區敬業三路161巷與樂群二路116巷口,0,0,1,1,B03,8,7,5,30,4,1,1,5,4,5,13,4,4,9,4,5,2,15,1,46,3,10,7,1,7,9,1,8,2,2,,14,,1,21,121.5553363,25.0792182
113,5,30,7,15,2,03中山區,中山區敬業三路161巷與樂群二路116巷口,0,0,1,2,C01,8,7,5,30,4,1,1,5,4,5,13,4,4,9,4,5,2,15,1,29,2,8,5,1,7,9,1,9,2,11,,14,,1,21,121.5553363,25.0792182
113,5,30,7,27,2,03中山區,中山區中山北路2段與民權西路口,0,0,2,1,C03,8,7,5,50,4,2,1,5,4,5,13,1,1,1,4,5,2,13,2,44,2,9,5,1,7,9,1,10,1,13,,16,,1,22,121.522292,25.0626962
113,5,30,7,27,2,03中山區,中山區中山北路2段與民權西路口,0,0,2,2,C03,8,7,5,50,4,2,1,5,4,5,13,1,1,1,4,5,2,13,2,64,2,9,5,1,7,9,1,10,1,11,,44,,1,22,121.522292,25.0626962
113,5,30,7,27,2,03中山區,中山區中山北路2段與民權西路口,0,0,2,3,C03,8,7,5,50,4,2,1,5,4,5,13,1,1,1,4,5,2,13,2,49,3,10,5,1,7,9,1,10,9,11,,16,,1,22,121.522292,25.0626962
113,5,30,7,30,2,09北投區,北投區自強街5巷100弄與自強街31巷口,0,0,1,1,C02,8,5,5,30,3,1,1,5,4,5,13,4,4,10,5,5,2,17,1,45,3,10,3,4,7,5,1,9,1,14,,8,,1,21,121.5116916,25.111824
113,5,30,7,30,2,09北投區,北投區自強街5巷100弄與自強街31巷口,0,0,1,2,C03,8,5,5,30,3,1,1,5,4,5,13,4,4,10,5,5,2,17,1,57,2,9,3,4,7,9,1,10,1,11,,16,,1,21,121.5116916,25.111824
113,5,30,8,15,2,04大安區,大安區和平東路3段與基隆路2段口,0,0,2,1,C03,8,7,8,50,4,1,1,5,4,5,13,2,1,10,5,5,2,12,2,31,2,9,3,4,7,15,1,10,1,12,,100,,1,22,121.5523891,25.02428687
113,5,30,8,15,2,04大安區,大安區和平東路3段與基隆路2段口,0,0,2,2,C03,8,7,8,50,4,1,1,5,4,5,13,2,1,10,5,5,2,12,2,51,2,9,3,4,7,9,1,10,1,14,,44,,1,22,121.5523891,25.02428687
113,5,30,8,24,2,05中正區,中正區市民大道2段與林森北路口,0,0,2,1,C03,8,6,5,40,4,2,1,5,4,5,13,1,1,1,4,5,2,13,1,20,2,8,6,1,7,9,1,10,2,14,,16,,1,21,121.5239775,25.0477373
113,5,30,8,24,2,05中正區,中正區市民大道2段與林森北路口,0,0,2,2,C03,8,6,5,40,4,2,1,5,4,5,13,1,1,1,4,5,2,13,2,23,2,8,6,1,7,15,1,10,2,12,,44,,1,21,121.5239775,25.0477373
113,5,30,8,24,2,05中正區,中正區市民大道2段與林森北路口,0,0,2,3,C03,8,6,5,40,4,2,1,5,4,5,13,1,1,1,4,5,2,13,1,45,3,10,6,1,7,14,1,10,2,12,,44,,1,21,121.5239775,25.0477373
113,5,30,8,37,2,03中山區,中山區中原街與民權東路2段口,0,0,2,1,C03,8,7,5,50,4,2,1,5,4,5,13,1,1,5,5,5,2,16,2,28,3,10,5,1,7,1,1,10,1,12,,19,,1,22,121.5289582,25.0627694
113,5,30,8,37,2,03中山區,中山區中原街與民權東路2段口,0,0,2,2,C03,8,7,5,50,4,2,1,5,4,5,13,1,1,5,5,5,2,16,2,45,2,9,5,1,7,9,1,10,1,11,,44,,1,22,121.5289582,25.0627694
113,5,30,8,37,2,03中山區,中山區中原街與民權東路2段口,0,0,2,3,H02,8,7,5,50,4,2,1,5,4,5,13,1,1,5,5,5,2,16,1,5,2,9,5,5,7,17,8,20,10,16,,67,,1,22,121.5289582,25.0627694
113,5,30,8,38,2,12內湖區,內湖區內湖路2段263巷與內湖路2段253巷1弄口,0,0,2,1,C03,8,7,5,30,4,1,1,5,4,5,13,4,4,10,5,5,2,15,2,31,2,9,6,1,7,9,1,10,2,12,,72,,1,21,121.590171,25.0825015
113,5,30,8,38,2,12內湖區,內湖區內湖路2段263巷與內湖路2段253巷1弄口,0,0,2,2,C03,8,7,5,30,4,1,1,5,4,5,13,4,4,10,5,5,2,15,2,26,2,9,6,1,7,9,1,10,2,11,,14,,1,21,121.590171,25.0825015
113,5,30,8,58,2,07信義區,信義區菸廠路98號,0,0,1,1,C03,8,6,5,50,11,9,1,5,4,5,13,4,4,5,5,5,2,17,1,31,2,9,3,4,7,1,1,10,1,11,,19,,1,22,121.5621279,25.044902
113,5,30,8,58,2,07信義區,信義區菸廠路98號,0,0,1,2,B03,8,6,5,50,11,9,1,5,4,5,13,4,4,5,5,5,2,17,1,46,3,10,3,4,7,1,1,4,1,7,,19,,1,22,121.5621279,25.044902
113,5,30,9,13,2,03中山區,中山區民生東路3段與建國北路2段口,0,0,2,1,C03,8,6,5,50,5,3,1,5,4,5,13,2,1,8,3,5,1,11,2,75,2,1,5,1,7,9,1,10,1,11,,81,,1,21,121.5366613,25.0579654
113,5,30,9,13,2,03中山區,中山區民生東路3段與建國北路2段口,0,0,2,2,C03,8,6,5,50,5,3,1,5,4,5,13,2,1,8,3,5,1,11,1,26,3,10,5,1,7,9,1,10,1,11,,44,,1,21,121.5366613,25.0579654
113,5,30,9,13,2,03中山區,中山區民生東路3段與建國北路2段口,0,0,2,3,C04,8,6,5,50,5,3,1,5,4,5,13,2,1,8,3,5,1,11,2,36,2,9,5,1,7,9,1,11,1,14,,44,,1,21,121.5366613,25.0579654
113,5,30,9,13,2,03中山區,中山區民生東路3段與建國北路2段口,0,0,2,4,C03,8,6,5,50,5,3,1,5,4,5,13,2,1,8,3,5,1,11,1,48,3,10,5,1,7,9,1,10,1,11,,44,,1,21,121.5366613,25.0579654
113,5,30,9,28,2,04大安區,大安區和平東路3段與敦化南路2段口,0,0,1,1,C03,8,5,5,50,4,2,1,5,4,5,13,2,1,10,5,5,2,13,1,46,2,9,3,4,7,7,1,10,1,11,,100,,1,22,121.5491694,25.0245279
113,5,30,9,28,2,04大安區,大安區和平東路3段與敦化南路2段口,0,0,1,2,B01,8,5,5,50,4,2,1,5,4,5,13,2,1,10,5,5,2,13,1,55,3,10,3,4,7,14,1,4,1,6,,44,,1,22,121.5491694,25.0245279
113,5,30,9,28,2,04大安區,大安區和平東路3段與敦化南路2段口,0,0,1,3,A02,8,5,5,50,4,2,1,5,4,5,13,2,1,10,5,5,2,13,1,52,3,10,3,4,7,9,1,2,9,17,,44,,1,22,121.5491694,25.0245279
113,5,30,9,33,2,02萬華區,萬華區長順街與雙園街152巷口,0,0,1,1,B12,8,7,5,30,3,1,1,5,4,5,13,3,1,5,5,5,2,17,1,32,3,10,7,1,7,5,1,8,1,4,,44,,1,22,121.4912284,25.0310479
113,5,30,9,33,2,02萬華區,萬華區長順街與雙園街152巷口,0,0,1,2,C03,8,7,5,30,3,1,1,5,4,5,13,3,1,5,5,5,2,17,1,68,2,9,5,1,7,9,1,10,1,12,,4,,1,22,121.4912284,25.0310479
113,5,30,9,46,2,04大安區,大安區仁愛路4段300巷與仁愛路4段300巷25弄口,0,0,1,1,B01,8,6,5,30,4,1,1,5,4,5,13,4,4,10,5,5,2,15,1,41,3,10,7,1,7,9,1,4,1,1,,72,,1,21,121.5544394,25.0358162
113,5,30,9,46,2,04大安區,大安區仁愛路4段300巷與仁愛路4段300巷25弄口,0,0,1,2,C03,8,6,5,30,4,1,1,5,4,5,13,4,4,10,5,5,2,15,2,56,2,9,5,1,7,9,1,10,1,14,,108,,1,21,121.5544394,25.0358162
113,5,30,9,46,2,04大安區,大安區仁愛路4段300巷與仁愛路4段300巷25弄口,0,0,1,3,B03,8,6,5,30,4,1,1,5,4,5,13,4,4,10,5,5,2,15,1,65,3,10,7,1,7,14,1,8,9,17,,38,,1,21,121.5544394,25.0358162
113,5,30,9,46,2,06松山區,松山區南京東路4段133巷與南京東路4段133巷4弄口,0,0,1,1,C03,8,7,5,30,5,1,1,5,4,3,13,4,4,9,5,5,2,15,1,26,3,10,6,1,7,9,1,10,2,12,,75,,1,21,121.5551512,25.0521925
113,5,30,9,46,2,06松山區,松山區南京東路4段133巷與南京東路4段133巷4弄口,0,0,1,2,C03,8,7,5,30,5,1,1,5,4,3,13,4,4,9,5,5,2,15,2,31,2,9,6,1,7,9,1,10,2,11,,14,,1,21,121.5551512,25.0521925
113,5,30,9,46,2,06松山區,松山區南京東路4段133巷與南京東路4段133巷4弄口,0,0,1,3,B12,8,7,5,30,5,1,1,5,4,3,13,4,4,9,5,5,2,15,1,49,3,10,3,4,7,13,1,2,11,17,,38,,1,21,121.5551512,25.0521925
113,5,30,9,57,2,07信義區,信義區松仁路與莊敬路口,0,0,2,1,F01,8,7,5,50,4,2,1,5,4,5,13,2,1,9,4,4,2,16,1,58,2,5,4,4,7,5,8,20,2,12,,83,,1,22,121.5684489,25.0268267
113,5,30,9,57,2,07信義區,信義區松仁路與莊敬路口,0,0,2,2,C03,8,7,5,50,4,2,1,5,4,5,13,2,1,9,4,4,2,16,2,29,2,8,3,4,7,9,1,10,2,11,,44,,1,21,121.5684489,25.0268267
113,5,30,10,6,2,10文山區,文山區光輝路30巷與辛亥路7段26巷口,0,0,1,1,C03,8,7,5,30,4,1,1,5,4,5,12,4,4,10,5,5,2,17,1,40,3,10,5,4,7,6,1,10,1,11,,14,,1,21,121.5536913,24.9862548
113,5,30,10,6,2,10文山區,文山區光輝路30巷與辛亥路7段26巷口,0,0,1,2,C03,8,7,5,30,4,1,1,5,4,5,12,4,4,10,5,5,2,17,2,35,2,8,5,4,7,9,1,10,1,11,,42,,1,21,121.5536913,24.9862548
113,5,30,10,13,2,08士林區,士林區中正路601號與中正路口,0,0,2,1,C03,8,5,5,50,3,1,1,5,4,5,13,4,4,10,4,5,1,12,1,22,2,9,6,1,7,9,1,10,2,12,,44,,1,21,121.5099365,25.0867488
113,5,30,10,13,2,08士林區,士林區中正路601號與中正路口,0,0,2,2,C03,8,5,5,50,3,1,1,5,4,5,13,4,4,10,4,5,1,12,1,32,2,9,6,1,7,8,1,10,2,12,,100,,1,21,121.5099365,25.0867488
113,5,30,10,30,2,08士林區,士林區延平北路7段與延平北路6段511巷口,0,0,1,1,B12,8,6,5,50,5,1,1,5,4,5,13,2,1,3,4,5,2,17,1,42,3,10,3,4,7,6,1,8,1,2,,9,,1,21,121.4976926,25.0938164
113,5,30,10,30,2,08士林區,士林區延平北路7段與延平北路6段511巷口,0,0,1,2,C04,8,6,5,50,5,1,1,5,4,5,13,2,1,3,4,5,2,17,1,71,2,9,3,4,7,7,1,10,1,14,,100,,1,21,121.4976926,25.0938164
113,5,30,10,40,2,03中山區,中山區明水路與北安路口,0,0,1,1,B03,8,6,5,50,4,2,1,5,4,5,13,1,1,1,4,5,2,12,1,37,2,1,3,4,7,8,1,8,1,8,,16,,1,22,121.5392526,25.0777489
113,5,30,10,40,2,03中山區,中山區明水路與北安路口,0,0,1,2,B03,8,6,5,50,4,2,1,5,4,5,13,1,1,1,4,5,2,12,1,55,3,10,3,4,7,9,1,8,1,6,,44,,1,22,121.5392526,25.0777489
113,5,30,10,40,2,03中山區,中山區明水路與北安路口,0,0,1,3,B03,8,6,5,50,4,2,1,5,4,5,13,1,1,1,4,5,2,12,2,51,3,10,3,4,7,9,1,8,1,8,,44,,1,22,121.5392526,25.0777489