發生年度,發生月,發生日,發生時-Hours,發生分,處理別-編號,區序,肇事地點,死亡人數,2-30日死亡人數,受傷人數,當事人序號,車種,天候,道路照明設備,道路類別,速限-速度限制,道路型態,事故位置,路面狀況1,路面狀況2,路面狀況3,道路障礙1,道路障礙2,號誌1,號誌2,車道劃分-分向,車道劃分-分道1,車道劃分-分道2,車道劃分-分道3,事故類型及型態,性別,年齡,受傷程度,主要傷處,保護裝置,行動電話,車輛用途,當事者行動狀態,駕駛資格情形,駕駛執照種類,飲酒情形,車輛撞擊部位1,車輛撞擊部位2,肇因碼-個別,肇因碼-主要,個人肇逃否,職業,座標-X,座標-Y
113,5,30,10,49,2,03中山區,中山區中山北路2段52號與中山北路2段50巷口,0,0,1,1,C03,8,7,5,50,3,2,1,5,4,5,13,4,4,1,4,5,2,13,1,23,2,8,5,1,7,9,1,10,1,11,,16,,1,22,121.522844,25.05627531
113,5,30,10,49,2,03中山區,中山區中山北路2段52號與中山北路2段50巷口,0,0,1,2,B01,8,7,5,50,3,2,1,5,4,5,13,4,4,1,4,5,2,13,1,49,3,10,7,1,7,15,1,4,1,3,,44,,1,22,121.522844,25.05627531
113,5,30,11,0,2,07信義區,信義區松智路南往北,0,0,1,1,H01,8,5,5,0,14,9,1,5,4,5,13,4,4,9,4,5,2,3,2,50,2,9,4,5,8,18,8,20,10,16,,123,,1,22,121.5654507,25.0345583
113,5,30,11,0,2,07信義區,信義區松智路南往北,0,0,1,2,B03,8,5,5,0,14,9,1,5,4,5,13,4,4,9,4,5,2,3,1,38,3,10,7,1,7,9,1,8,2,1,,44,,1,22,121.5654507,25.0345583
113,5,30,11,9,2,10文山區,文山區恆光街與恆光街22巷口,0,0,1,1,F03,8,6,5,50,5,1,1,5,4,5,13,1,1,5,5,5,2,16,2,72,3,10,4,1,7,5,8,20,1,11,14,8,,1,21,121.5670265,24.9824123
113,5,30,11,9,2,10文山區,文山區恆光街與恆光街22巷口,0,0,1,2,C03,8,6,5,50,5,1,1,5,4,5,13,1,1,5,5,5,2,16,1,71,2,9,6,1,7,9,1,10,1,11,13,44,,1,21,121.5670265,24.9824123
113,5,30,11,15,2,01大同區,大同區迪化街2段與延平北路4段179巷口,0,0,1,1,C03,8,7,5,30,4,1,1,5,4,5,13,4,4,9,4,5,2,15,1,71,2,9,6,1,7,9,1,10,1,11,,14,,1,21,121.5124725,25.0736032
113,5,30,11,15,2,01大同區,大同區迪化街2段與延平北路4段179巷口,0,0,1,2,C03,8,7,5,30,4,1,1,5,4,5,13,4,4,9,4,5,2,15,2,57,3,10,5,1,7,9,1,10,1,14,,14,,1,21,121.5124725,25.0736032
113,5,30,11,20,2,03中山區,中山區吉林路與農安街125巷口,0,0,3,1,C03,8,6,5,50,4,1,1,5,4,5,13,4,4,9,4,5,2,16,1,60,2,9,5,1,7,9,1,10,1,13,,80,,1,21,121.5303654,25.065668
113,5,30,11,20,2,03中山區,中山區吉林路與農安街125巷口,0,0,3,2,C04,8,6,5,50,4,1,1,5,4,5,13,4,4,9,4,5,2,16,1,27,2,9,5,1,7,9,1,10,1,11,,44,,1,21,121.5303654,25.065668
113,5,30,11,20,2,03中山區,中山區吉林路與農安街125巷口,0,0,3,3,H02,8,6,5,50,4,1,1,5,4,5,13,4,4,9,4,5,2,16,2,22,2,9,4,5,7,20,8,20,10,16,,67,,1,21,121.5303654,25.065668
113,5,30,11,32,2,04大安區,大安區辛亥路3段330號,0,0,2,1,C03,8,5,5,50,14,9,1,5,4,5,13,4,4,1,3,5,2,12,2,56,2,9,6,1,7,9,1,10,1,12,,44,,1,21,121.5527039,25.0142965
113,5,30,11,32,2,04大安區,大安區辛亥路3段330號,0,0,2,2,C03,8,5,5,50,14,9,1,5,4,5,13,4,4,1,3,5,2,12,1,74,2,8,6,1,7,7,1,10,1,14,,100,,1,21,121.5527039,25.0142965
113,5,30,11,32,2,04大安區,大安區辛亥路3段330號,0,0,2,3,B01,8,5,5,50,14,9,1,5,4,5,13,4,4,1,3,5,2,12,1,65,3,10,7,1,7,8,1,4,9,17,,44,,1,21,121.5527039,25.0142965
113,5,30,11,32,2,04大安區,大安區辛亥路3段330號,0,0,2,4,B03,8,5,5,50,14,9,1,5,4,5,13,4,4,1,3,5,2,12,1,59,3,10,7,1,7,9,1,8,9,17,,44,,1,21,121.5527039,25.0142965
113,5,30,11,35,2,03中山區,中山區復興南路1段34號,0,0,1,1,A02,8,6,5,50,14,9,1,5,4,5,13,4,4,1,4,5,2,9,1,56,3,10,7,1,7,14,1,1,9,2,,44,,1,21,121.5437698,25.0462621
113,5,30,11,35,2,03中山區,中山區復興南路1段34號,0,0,1,2,H02,8,6,5,50,14,9,1,5,4,5,13,4,4,1,4,5,2,9,2,87,2,7,4,5,7,19,8,20,10,16,,67,,1,22,121.5437698,25.0462621
113,5,30,11,43,2,08士林區,士林區中正路366號,0,0,1,1,A05,8,7,5,50,14,9,1,5,4,5,13,4,4,3,4,5,1,17,1,56,3,10,7,1,7,1,1,2,9,17,,19,,1,21,121.5211152,25.09413102
113,5,30,11,43,2,08士林區,士林區中正路366號,0,0,1,2,C03,8,7,5,50,14,9,1,5,4,5,13,4,4,3,4,5,1,17,2,42,2,9,5,1,7,9,6,10,9,12,,44,,1,21,121.5211152,25.09413102
113,5,30,11,45,2,04大安區,大安區忠孝東路4段191號,0,0,2,1,F01,8,7,5,0,14,25,1,5,4,5,13,4,4,10,5,5,2,17,2,43,2,9,4,1,7,15,8,20,1,11,,101,,1,21,121.5542657,25.03709571
113,5,30,11,45,2,04大安區,大安區忠孝東路4段191號,0,0,2,2,F02,8,7,5,0,14,25,1,5,4,5,13,4,4,10,5,5,2,17,1,40,2,7,4,1,7,15,8,20,1,11,,107,,1,21,121.5542657,25.03709571
113,5,30,12,57,2,07信義區,信義區光復南路447-2號,0,0,1,1,C03,8,7,5,50,14,9,1,5,4,5,13,4,4,10,4,5,2,17,1,67,2,9,5,1,7,15,1,10,1,14,,100,,1,21,121.5575888,25.0351731
113,5,30,12,57,2,07信義區,信義區光復南路447-2號,0,0,1,2,B01,8,7,5,50,14,9,1,5,4,5,13,4,4,10,4,5,2,17,1,52,3,10,7,1,7,9,1,4,1,2,,44,,1,21,121.5575888,25.0351731
113,5,30,12,57,2,07信義區,信義區光復南路447-2號,0,0,1,3,B11,8,7,5,50,14,9,1,5,4,5,13,4,4,10,4,5,2,17,1,46,3,10,7,1,7,14,1,8,1,15,,38,,1,21,121.5575888,25.0351731
113,5,30,12,59,2,06松山區,松山區富錦街429巷與富錦街口口,0,0,3,1,C03,8,5,5,50,4,1,1,5,4,5,13,1,1,8,3,5,1,16,1,19,2,9,3,1,7,9,1,10,1,12,,44,,1,22,121.5615182,25.0608264
113,5,30,12,59,2,06松山區,松山區富錦街429巷與富錦街口口,0,0,3,2,C03,8,5,5,50,4,1,1,5,4,5,13,1,1,8,3,5,1,16,1,68,2,9,3,1,7,5,1,10,1,14,,101,,1,22,121.5615182,25.0608264
113,5,30,12,59,2,06松山區,松山區富錦街429巷與富錦街口口,0,0,3,3,H02,8,5,5,50,4,1,1,5,4,5,13,1,1,8,3,5,1,16,2,23,2,9,3,5,7,21,8,20,10,16,,67,,1,22,121.5615182,25.0608264
113,5,30,13,23,2,03中山區,中山區龍江路412巷與五常街53巷口,0,0,2,1,C03,8,6,5,30,4,1,1,5,4,5,12,4,4,10,5,5,2,15,2,65,2,9,5,4,7,9,1,10,1,14,,72,,1,22,121.5396815,25.0676119
113,5,30,13,23,2,03中山區,中山區龍江路412巷與五常街53巷口,0,0,2,2,C04,8,6,5,30,4,1,1,5,4,5,12,4,4,10,5,5,2,15,2,35,2,8,5,4,7,9,1,10,1,11,,44,,1,22,121.5396815,25.0676119
113,5,30,13,23,2,03中山區,中山區龍江路412巷與五常街53巷口,0,0,2,3,B03,8,6,5,30,4,1,1,5,4,5,12,4,4,10,5,5,2,15,1,32,3,10,3,4,7,9,1,8,1,1,,44,,1,22,121.5396815,25.0676119
113,5,30,13,48,2,12內湖區,內湖區新湖一路與新湖二路口口,0,0,1,1,B01,7,6,5,40,4,2,1,5,4,5,13,4,4,5,4,5,2,17,1,40,3,10,7,1,7,6,1,4,1,17,,99,,1,21,121.5848354,25.06495761
113,5,30,13,48,2,12內湖區,內湖區新湖一路與新湖二路口口,0,0,1,2,C04,7,6,5,40,4,2,1,5,4,5,13,4,4,5,4,5,2,17,2,35,2,9,5,1,7,9,1,8,1,12,,108,,1,21,121.5848354,25.06495761
113,5,30,14,30,2,05中正區,中正區金山南路1段與忠孝東路2段口,0,0,1,1,B03,8,6,5,50,4,1,1,5,4,5,13,1,1,1,4,5,2,16,2,46,3,10,7,1,7,6,1,8,2,2,,9,,1,21,121.5299471,25.0429742
113,5,30,14,30,2,05中正區,中正區金山南路1段與忠孝東路2段口,0,0,1,2,C03,8,6,5,50,4,1,1,5,4,5,13,1,1,1,4,5,2,16,1,23,2,9,6,1,7,9,1,10,2,14,,44,,1,21,121.5299471,25.0429742
113,5,30,15,5,2,07信義區,信義區光復南路271號,0,0,1,1,B03,8,6,5,50,14,9,1,5,4,5,13,4,4,3,4,5,2,13,1,55,3,10,3,4,7,9,1,8,1,1,,16,,1,21,121.5576769,25.0401299
113,5,30,15,5,2,07信義區,信義區光復南路271號,0,0,1,2,B03,8,6,5,50,14,9,1,5,4,5,13,4,4,3,4,5,2,13,2,30,2,7,3,4,7,14,1,8,1,3,1,44,,1,21,121.5576769,25.0401299
113,5,30,15,5,2,07信義區,信義區光復南路271號,0,0,1,3,B01,8,6,5,50,14,9,1,5,4,5,13,4,4,3,4,5,2,13,1,52,3,10,3,4,7,14,1,4,1,3,1,44,,1,21,121.5576769,25.0401299
113,5,30,15,5,2,07信義區,信義區光復南路271號,0,0,1,4,B01,8,6,5,50,14,9,1,5,4,5,13,4,4,3,4,5,2,13,1,30,3,10,3,4,7,14,1,4,1,3,,44,,1,21,121.5576769,25.0401299
113,5,30,15,32,2,08士林區,士林區基河路與中正路435巷口,0,0,1,1,A12,8,6,5,50,3,1,1,5,4,5,13,4,4,5,4,5,1,16,1,42,3,10,3,4,7,11,1,2,1,8,,98,,1,22,121.5206875,25.09248431
113,5,30,15,32,2,08士林區,士林區基河路與中正路435巷口,0,0,1,2,C03,8,6,5,50,3,1,1,5,4,5,13,4,4,5,4,5,1,16,1,61,2,9,3,4,7,9,1,9,1,12,,14,,1,21,121.5206875,25.09248431
113,5,30,15,53,2,10文山區,文山區木柵路5段與萬福橋口,0,0,1,1,B03,7,5,5,50,3,1,1,5,4,5,13,2,1,10,5,5,1,16,1,65,3,10,7,1,7,5,1,8,2,2,,71,,1,22,121.5839855,25.0028859
113,5,30,15,53,2,10文山區,文山區木柵路5段與萬福橋口,0,0,1,2,C03,7,5,5,50,3,1,1,5,4,5,13,2,1,10,5,5,1,16,1,20,2,9,6,1,7,9,1,10,2,11,,44,,1,21,121.5839855,25.0028859
113,5,30,16,0,2,02萬華區,萬華區西園路1段與大理街口,0,0,1,1,B03,8,5,5,30,4,1,1,5,4,5,13,4,4,9,4,5,2,17,2,71,3,10,7,4,7,9,1,8,1,5,,72,,1,21,121.4993412,25.0344983
113,5,30,16,0,2,02萬華區,萬華區西園路1段與大理街口,0,0,1,2,C03,8,5,5,30,4,1,1,5,4,5,13,4,4,9,4,5,2,17,2,61,2,9,6,4,7,9,1,10,1,14,,44,,1,21,121.4993412,25.0344983
113,5,30,16,13,2,02萬華區,萬華區西園路1段136巷2-1號,0,0,1,1,F03,8,6,5,30,14,9,1,5,4,5,13,4,4,10,5,5,1,9,1,57,3,10,4,1,7,9,8,20,1,12,,44,,1,21,121.4993696,25.0379128
113,5,30,16,13,2,02萬華區,萬華區西園路1段136巷2-1號,0,0,1,2,H01,8,6,5,30,14,9,1,5,4,5,13,4,4,10,5,5,1,9,1,60,2,8,4,5,8,20,8,20,10,16,,60,,1,21,121.4993696,25.0379128
113,5,30,16,13,2,02萬華區,萬華區西園路1段136巷2-1號,0,0,1,3,H02,8,6,5,30,14,9,1,5,4,5,13,4,4,10,5,5,1,9,2,50,3,10,5,5,7,21,8,20,10,16,,67,,1,21,121.4993696,25.0379128
113,5,30,16,15,2,11南港區,南港區三重路與經貿二路口,0,0,1,1,B03,8,7,5,50,4,1,1,5,4,5,13,2,1,5,4,5,2,12,2,42,3,10,7,1,7,8,1,8,1,2,,100,,1,21,121.614371,25.0604206
113,5,30,16,15,2,11南港區,南港區三重路與經貿二路口,0,0,1,2,C03,8,7,5,50,4,1,1,5,4,5,13,2,1,5,4,5,2,12,2,42,2,8,5,1,7,9,1,10,1,14,,44,,1,21,121.614371,25.0604206
113,5,30,16,48,2,05中正區,中正區重慶南路1段30號旁,0,0,1,1,B01,8,5,5,50,14,9,1,5,4,5,13,4,4,10,4,5,1,17,1,47,3,10,7,1,7,9,1,4,1,5,,44,,1,21,121.51284,25.0451863
113,5,30,16,48,2,05中正區,中正區重慶南路1段30號旁,0,0,1,2,C03,8,5,5,50,14,9,1,5,4,5,13,4,4,10,4,5,1,17,1,39,2,8,5,1,7,7,1,10,1,14,,100,,1,21,121.51284,25.0451863
113,5,30,17,10,2,09北投區,北投區立農街2段與東華街2段口,0,0,1,1,C03,8,7,5,30,4,2,1,5,4,5,13,4,4,10,4,5,2,17,1,75,3,10,5,1,7,5,1,10,1,14,,33,,1,22,121.5122167,25.1193059
113,5,30,17,10,2,09北投區,北投區立農街2段與東華街2段口,0,0,1,2,C03,8,7,5,30,4,2,1,5,4,5,13,4,4,10,4,5,2,17,1,25,2,9,6,1,7,5,1,10,1,12,,107,,1,22,121.5122167,25.1193059
113,5,30,17,12,2,01大同區,大同區重慶北路3段與重慶北路3段120巷口,0,0,2,1,C03,8,6,5,50,4,2,1,5,4,5,13,1,1,1,4,5,2,17,1,21,2,8,6,1,7,9,1,10,2,11,,16,,1,21,121.5136404,25.0675421
113,5,30,17,12,2,01大同區,大同區重慶北路3段與重慶北路3段120巷口,0,0,2,2,C03,8,6,5,50,4,2,1,5,4,5,13,1,1,1,4,5,2,17,1,57,2,9,6,1,7,9,1,10,2,13,,44,,1,21,121.5136404,25.0675421
113,5,30,17,12,2,01大同區,大同區重慶北路3段與重慶北路3段120巷口,0,0,2,3,B03,8,6,5,50,4,2,1,5,4,5,13,1,1,1,4,5,2,17,1,34,3,10,7,1,7,7,1,8,2,15,,44,,1,21,121.5136404,25.0675421
113,5,30,17,30,2,09北投區,北投區公館路308巷與公館路228巷口,0,0,2,1,C03,7,6,5,30,4,1,1,5,4,5,13,4,4,10,5,5,2,15,1,17,2,8,5,1,7,9,2,18,2,11,,44,,1,21,121.505731,25.12520837
113,5,30,17,30,2,09北投區,北投區公館路308巷與公館路228巷口,0,0,2,2,C03,7,6,5,30,4,1,1,5,4,5,13,4,4,10,5,5,2,15,2,42,2,7,5,1,7,9,1,10,2,11,,44,,1,21,121.505731,25.12520837
113,5,30,17,35,2,04大安區,大安區仁愛路3段與新生南路1段口,0,0,3,1,C03,8,5,5,50,4,2,1,5,4,5,13,2,1,10,5,5,2,13,1,22,2,8,3,4,7,9,1,10,1,11,,44,,1,21,121.5329502,25.038331
113,5,30,17,35,2,04大安區,大安區仁愛路3段與新生南路1段口,0,0,3,2,C03,8,5,5,50,4,2,1,5,4,5,13,2,1,10,5,5,2,13,1,42,2,8,3,4,7,9,1,10,1,13,,44,,1,21,121.5329502,25.038331
113,5,30,17,35,2,04大安區,大安區仁愛路3段與新生南路1段口,0,0,3,3,H02,8,5,5,50,4,2,1,5,4,5,13,2,1,10,5,5,2,13,2,22,2,9,4,5,7,21,8,20,10,16,,60,,1,21,121.5329502,25.038331
113,5,30,17,51,2,12內湖區,內湖區民權東路6段西向東no.52車格,0,0,2,1,B03,7,6,5,40,14,8,1,5,4,5,13,4,4,9,4,4,2,17,1,57,3,10,3,4,7,13,1,8,1,4,,40,,1,21,121.6046562,25.07105
113,5,30,17,51,2,12內湖區,內湖區民權東路6段西向東no.52車格,0,0,2,2,C03,7,6,5,40,14,8,1,5,4,5,13,4,4,9,4,4,2,17,1,20,2,7,6,1,7,9,1,10,1,12,,44,,1,21,121.6046562,25.07105
113,5,30,17,51,2,12內湖區,內湖區民權東路6段西向東no.52車格,0,0,2,3,B03,7,6,5,40,14,8,1,5,4,5,13,4,4,9,4,4,2,17,2,66,3,10,3,4,7,13,1,8,1,4,,44,,1,21,121.6046562,25.07105
113,5,30,17,51,2,12內湖區,內湖區民權東路6段西向東no.52車格,0,0,2,4,H02,7,6,5,40,14,8,1,5,4,5,13,4,4,9,4,4,2,17,1,20,2,8,6,5,7,21,8,20,10,17,,67,,1,21,121.6046562,25.07105
113,5,30,18,0,2,01大同區,大同區鄭州路與環河北路1段口,0,0,1,1,B12,8,5,5,40,4,2,1,5,4,5,13,2,1,1,4,5,2,17,1,30,3,10,3,4,7,5,1,8,2,5,,42,,1,21,121.506985,25.0507452
113,5,30,18,0,2,01大同區,大同區鄭州路與環河北路1段口,0,0,1,2,C03,8,5,5,40,4,2,1,5,4,5,13,2,1,1,4,5,2,17,1,37,2,9,3,4,7,5,1,10,2,13,,8,,1,21,121.506985,25.0507452
113,5,30,18,7,2,08士林區,士林區芝玉路1段與至誠路1段口,0,0,1,1,B03,8,5,5,30,5,1,1,5,4,5,13,2,1,4,4,5,1,16,1,36,3,10,7,1,7,6,1,8,2,5,,9,,1,22,121.5374895,25.1009259
113,5,30,18,7,2,08士林區,士林區芝玉路1段與至誠路1段口,0,0,1,2,C03,8,5,5,30,5,1,1,5,4,5,13,2,1,4,4,5,1,16,1,18,2,9,6,1,7,9,1,10,2,11,,44,,1,22,121.5374895,25.1009259
113,5,30,18,23,2,08士林區,士林區延平北路5段與中正路口,0,0,2,1,C03,7,5,5,50,4,1,1,5,4,5,13,1,1,1,4,5,2,17,1,28,2,9,6,1,7,5,1,10,2,14,,103,,1,21,121.5092979,25.0866252
113,5,30,18,23,2,08士林區,士林區延平北路5段與中正路口,0,0,2,2,C03,7,5,5,50,4,1,1,5,4,5,13,1,1,1,4,5,2,17,2,42,2,9,6,1,7,9,1,10,2,12,,44,,1,21,121.5092979,25.0866252
113,5,30,19,0,2,03中山區,中山區林森北路147號,0,0,1,1,C03,8,5,5,50,14,9,1,5,4,5,13,4,4,1,3,5,2,12,1,43,2,8,3,4,7,8,1,10,1,12,,100,,1,22,121.5252041,25.0511006
113,5,30,19,0,2,03中山區,中山區林森北路147號,0,0,1,2,C03,8,5,5,50,14,9,1,5,4,5,13,4,4,1,3,5,2,12,1,30,3,10,3,4,7,9,1,10,1,14,,44,,1,22,121.5252041,25.0511006
113,5,30,19,5,2,10文山區,文山區木柵路1段57號,0,0,1,1,C03,7,5,5,50,14,9,1,5,4,5,13,4,4,5,2,5,2,18,1,25,2,9,6,1,7,9,1,10,1,17,,42,,1,21,121.5456429,24.9867954
113,5,30,19,5,2,10文山區,文山區木柵路1段57號,0,0,1,2,,7,5,5,50,14,9,1,5,4,5,13,4,4,5,2,5,2,18,3,,,,,,,,,,,,,67,,1,,121.5456429,24.9867954
113,5,30,19,20,2,05中正區,中正區林森南路地下道,0,0,1,1,C03,8,5,8,50,7,9,1,5,4,5,13,1,1,10,4,5,2,13,1,18,3,10,5,4,7,9,1,10,2,11,,44,,1,21,121.5186189,25.033335
113,5,30,19,20,2,05中正區,中正區林森南路地下道,0,0,1,2,C03,8,5,8,50,7,9,1,5,4,5,13,1,1,10,4,5,2,13,2,42,2,9,5,4,7,15,1,10,2,13,,44,,1,21,121.5186189,25.033335
113,5,30,19,25,2,11南港區,南港區忠孝東路6段與忠孝東路6段81巷口,0,0,2,1,C03,7,5,5,30,4,2,1,5,4,5,13,4,4,10,5,5,2,15,1,29,2,8,6,1,7,9,1,10,1,12,,80,,1,21,121.5844614,25.047908
113,5,30,19,25,2,11南港區,南港區忠孝東路6段與忠孝東路6段81巷口,0,0,2,2,C03,7,5,5,30,4,2,1,5,4,5,13,4,4,10,5,5,2,15,2,51,2,9,6,1,7,9,1,10,1,11,,44,,1,21,121.5844614,25.047908
113,5,30,19,26,2,03中山區,中山區民生西路13號,0,0,1,1,B03,8,5,5,50,14,9,1,5,4,5,13,4,4,9,4,5,2,17,1,52,3,10,7,1,7,15,1,3,2,8,,40,,1,21,121.521591,25.0578017
113,5,30,19,26,2,03中山區,中山區民生西路13號,0,0,1,2,F01,8,5,5,50,14,9,1,5,4,5,13,4,4,9,4,5,2,17,1,51,2,8,4,1,7,9,8,20,2,12,,44,,1,21,121.521591,25.0578017
113,5,30,20,10,2,10文山區,文山區萬壽路與指南路2段197巷口,0,0,1,1,B03,8,5,5,30,3,1,1,5,4,5,13,3,1,5,5,5,2,12,1,30,3,10,7,4,7,6,1,8,11,5,,42,,2,21,121.5776051,24.9887328
113,5,30,20,10,2,10文山區,文山區萬壽路與指南路2段197巷口,0,0,1,2,C03,8,5,5,30,3,1,1,5,4,5,13,3,1,5,5,5,2,12,1,47,2,8,6,1,7,14,1,10,2,17,,44,,1,21,121.5776051,24.9887328
113,5,30,21,39,2,07信義區,信義區松仁路277號附近側附近,0,0,1,1,A03,7,5,5,50,14,9,1,5,4,5,13,4,4,5,4,5,2,9,1,52,3,10,7,1,7,9,1,2,1,17,,44,,1,21,121.5695176,25.0247051
113,5,30,21,39,2,07信義區,信義區松仁路277號附近側附近,0,0,1,2,H02,7,5,5,50,14,9,1,5,4,5,13,4,4,5,4,5,2,9,1,69,2,9,4,5,7,19,8,20,10,16,,67,,1,21,121.5695176,25.0247051
113,5,30,21,55,2,12內湖區,內湖區康寧路3段245巷與康寧路3段口,0,0,1,1,C03,7,5,5,50,3,1,1,5,4,5,13,4,4,1,4,5,2,12,2,64,2,9,5,1,7,7,1,10,1,14,,100,,1,21,121.6113988,25.0669454
113,5,30,21,55,2,12內湖區,內湖區康寧路3段245巷與康寧路3段口,0,0,1,2,B03,7,5,5,50,3,1,1,5,4,5,13,4,4,1,4,5,2,12,2,55,3,10,7,1,7,9,1,8,1,2,,44,,1,21,121.6113988,25.0669454
113,5,30,21,55,2,12內湖區,內湖區康寧路3段245巷與康寧路3段口,0,0,1,3,B03,7,5,5,50,3,1,1,5,4,5,13,4,4,1,4,5,2,12,1,35,3,10,7,1,7,9,1,8,1,7,,44,,1,21,121.6113988,25.0669454
113,5,30,22,5,2,06松山區,松山區健康路216號,0,0,1,1,A12,7,5,5,50,14,9,1,4,4,5,13,4,4,9,4,5,1,17,1,40,3,10,7,1,7,9,1,3,9,17,,44,,1,22,121.5607531,25.05391186
113,5,30,22,5,2,06松山區,松山區健康路216號,0,0,1,2,C03,7,5,5,50,14,9,1,4,4,5,13,4,4,9,4,5,1,17,1,37,2,9,6,1,7,9,1,10,1,12,,44,,1,22,121.5607531,25.05391186
113,5,30,22,5,2,06松山區,松山區健康路216號,0,0,1,3,B03,7,5,5,50,14,9,1,4,4,5,13,4,4,9,4,5,1,17,2,39,3,10,3,1,7,13,1,8,11,4,,44,,1,22,121.5607531,25.05391186
113,5,31,3,11,2,02萬華區,萬華區艋舺大道71號,0,0,1,1,B01,8,5,8,50,22,22,1,5,4,5,13,4,4,10,5,5,2,17,1,46,4,11,3,4,7,15,7,19,11,15,,119,,2,22,121.5035449,25.03364719
113,5,31,3,11,2,02萬華區,萬華區艋舺大道71號,0,0,1,2,C03,8,5,8,50,22,22,1,5,4,5,13,4,4,10,5,5,2,17,1,64,2,9,3,4,7,9,3,18,1,14,,44,,1,21,121.5035449,25.03364719
113,5,31,3,52,2,03中山區,中山區民生東路1段與林森北路口口,0,0,1,2,B03,7,5,5,50,4,1,1,5,4,5,13,2,1,5,4,5,2,17,1,33,3,10,7,1,7,12,1,8,9,17,,86,,1,21,121.5255534,25.0581057
113,5,31,3,52,2,03中山區,中山區民生東路1段與林森北路口口,0,0,1,1,C03,7,5,5,50,4,1,1,5,4,5,13,2,1,5,4,5,2,17,1,27,2,9,6,1,7,12,1,10,1,17,,42,,1,22,121.5255534,25.0581057
113,5,31,5,53,2,02萬華區,萬華區堤外便道與堤外便道口(華中-富民段)近果菜市場疏散門(新二號疏散門),0,0,1,1,C03,7,6,5,50,4,1,1,5,4,5,13,4,4,8,3,5,2,16,1,47,3,10,3,4,7,1,1,10,1,11,,19,,1,22,121.4994067,25.01463466
113,5,31,5,53,2,02萬華區,萬華區堤外便道與堤外便道口(華中-富民段)近果菜市場疏散門(新二號疏散門),0,0,1,2,C03,7,6,5,50,4,1,1,5,4,5,13,4,4,8,3,5,2,16,1,47,2,9,3,4,7,9,1,10,1,11,,44,,1,22,121.4994067,25.01463466
113,5,31,7,3,2,10文山區,文山區興順街193號,0,0,2,1,C03,8,6,5,30,14,9,1,5,4,5,13,4,4,9,5,5,2,12,2,33,2,9,6,1,7,1,1,10,1,14,,19,,1,21,121.5462507,25.0019476
113,5,31,7,3,2,10文山區,文山區興順街193號,0,0,2,2,C03,8,6,5,30,14,9,1,5,4,5,13,4,4,9,5,5,2,12,2,27,2,9,6,1,7,9,1,10,1,11,,44,,1,21,121.5462507,25.0019476
113,5,31,7,23,2,08士林區,士林區建業路19巷4號,0,0,1,1,C03,8,5,5,30,11,9,1,5,4,5,13,4,4,10,5,5,2,11,2,21,3,10,6,1,7,9,1,10,1,11,,5,,1,21,121.5476011,25.1359612
113,5,31,7,23,2,08士林區,士林區建業路19巷4號,0,0,1,2,C03,8,5,5,30,11,9,1,5,4,5,13,4,4,10,5,5,2,11,1,62,2,8,6,1,7,9,1,10,1,11,,5,,1,21,121.5476011,25.1359612
113,5,31,7,41,2,04大安區,大安區仁愛路4段與仁愛路4段112巷口口,0,0,1,1,C03,8,6,5,50,3,2,1,5,4,5,13,2,1,1,3,5,2,12,1,35,2,8,5,1,7,7,1,10,1,14,,100,,1,21,121.5495123,25.03772268
113,5,31,7,41,2,04大安區,大安區仁愛路4段與仁愛路4段112巷口口,0,0,1,2,B03,8,6,5,50,3,2,1,5,4,5,13,2,1,1,3,5,2,12,1,48,3,10,7,1,7,9,1,8,1,5,,44,,1,21,121.5495123,25.03772268
113,5,31,7,41,2,11南港區,南港區同德路100號,0,0,1,1,A02,8,6,5,50,14,9,1,5,4,5,13,4,4,5,5,5,2,3,1,56,3,10,3,4,7,1,1,1,1,5,,19,,1,21,121.5864257,25.0461792
113,5,31,7,41,2,11南港區,南港區同德路100號,0,0,1,2,H01,8,6,5,50,14,9,1,5,4,5,13,4,4,5,5,5,2,3,2,71,2,8,4,5,8,16,8,20,1,16,,60,,1,22,121.5864257,25.0461792
113,5,31,7,42,2,11南港區,南港區市民大道8段與興中路口,0,0,2,1,C03,8,5,5,50,4,2,1,5,4,5,13,2,1,1,2,5,2,16,1,24,2,9,5,1,7,9,1,10,1,12,,99,,1,21,121.6076605,25.0533691
113,5,31,7,42,2,11南港區,南港區市民大道8段與興中路口,0,0,2,2,C03,8,5,5,50,4,2,1,5,4,5,13,2,1,1,2,5,2,16,1,34,2,9,5,1,7,5,1,10,1,14,,44,,1,21,121.6076605,25.0533691
113,5,31,8,0,2,02萬華區,萬華區富民路(台北果菜市場前),0,0,4,1,C03,8,6,5,50,14,9,1,5,4,5,13,4,4,9,4,5,2,17,2,24,2,8,6,1,7,1,1,10,1,14,12,19,,1,21,121.498445,25.0187725
113,5,31,8,0,2,02萬華區,萬華區富民路(台北果菜市場前),0,0,4,2,C03,8,6,5,50,14,9,1,5,4,5,13,4,4,9,4,5,2,17,2,43,2,8,6,1,7,9,1,10,1,12,,32,,1,21,121.498445,25.0187725
113,5,31,8,0,2,02萬華區,萬華區富民路(台北果菜市場前),0,0,4,3,H02,8,6,5,50,14,9,1,5,4,5,13,4,4,9,4,5,2,17,1,10,2,8,6,5,7,20,8,20,10,17,,67,,1,21,121.498445,25.0187725