發生年度,發生月,發生日,發生時-Hours,發生分,處理別-編號,區序,肇事地點,死亡人數,2-30日死亡人數,受傷人數,當事人序號,車種,天候,道路照明設備,道路類別,速限-速度限制,道路型態,事故位置,路面狀況1,路面狀況2,路面狀況3,道路障礙1,道路障礙2,號誌1,號誌2,車道劃分-分向,車道劃分-分道1,車道劃分-分道2,車道劃分-分道3,事故類型及型態,性別,年齡,受傷程度,主要傷處,保護裝置,行動電話,車輛用途,當事者行動狀態,駕駛資格情形,駕駛執照種類,飲酒情形,車輛撞擊部位1,車輛撞擊部位2,肇因碼-個別,肇因碼-主要,個人肇逃否,職業,座標-X,座標-Y
113,5,31,8,0,2,02萬華區,萬華區富民路(台北果菜市場前),0,0,4,4,H02,8,6,5,50,14,9,1,5,4,5,13,4,4,9,4,5,2,17,2,7,2,8,6,5,7,20,8,20,10,17,,67,,1,21,121.498445,25.0187725
113,5,31,8,10,2,12內湖區,內湖區民權大橋與行愛路口,0,0,1,1,C03,8,5,5,50,4,2,1,5,4,5,13,1,1,1,5,5,2,17,2,25,2,7,5,1,7,9,1,10,1,11,,16,,1,21,121.5783428,25.06674477
113,5,31,8,10,2,12內湖區,內湖區民權大橋與行愛路口,0,0,1,2,C03,8,5,5,50,4,2,1,5,4,5,13,1,1,1,5,5,2,17,1,41,3,10,5,1,7,9,1,10,1,13,,44,,1,21,121.5783428,25.06674477
113,5,31,8,10,2,12內湖區,內湖區民權大橋與行愛路口,0,0,1,3,B03,8,5,5,50,4,2,1,5,4,5,13,1,1,1,5,5,2,17,2,22,3,10,7,1,7,6,1,8,1,17,,99,,1,21,121.5783428,25.06674477
113,5,31,8,20,2,12內湖區,內湖區堤頂大道2段與港墘路口,0,0,1,1,C03,8,6,8,50,5,1,1,5,4,5,13,1,1,1,3,5,1,12,1,28,2,9,6,1,7,9,1,10,2,11,,108,,1,21,121.5723774,25.07472145
113,5,31,8,20,2,12內湖區,內湖區堤頂大道2段與港墘路口,0,0,1,2,B03,8,6,8,50,5,1,1,5,4,5,13,1,1,1,3,5,1,12,2,32,3,10,7,1,7,14,1,8,2,7,,44,,1,21,121.5723774,25.07472145
113,5,31,8,27,2,04大安區,大安區和平東路2段與新生南路2段口,0,0,1,1,C03,8,6,5,50,4,1,1,5,4,5,13,1,1,1,4,5,2,17,1,24,3,10,6,1,7,8,1,10,1,12,,100,,1,21,121.5347924,25.0259569
113,5,31,8,27,2,04大安區,大安區和平東路2段與新生南路2段口,0,0,1,2,C03,8,6,5,50,4,1,1,5,4,5,13,1,1,1,4,5,2,17,2,45,2,8,6,1,7,9,1,10,1,14,,44,,1,21,121.5347924,25.0259569
113,5,31,8,40,2,04大安區,大安區和平東路3段與敦化南路2段口,0,0,2,1,C03,8,5,5,50,4,2,1,5,4,5,13,2,1,10,5,5,2,13,2,26,2,9,3,4,7,9,1,10,1,11,,16,,1,21,121.5488978,25.02455612
113,5,31,8,40,2,04大安區,大安區和平東路3段與敦化南路2段口,0,0,2,2,C03,8,5,5,50,4,2,1,5,4,5,13,2,1,10,5,5,2,13,1,29,2,9,3,4,7,9,1,10,1,13,,44,,1,21,121.5488978,25.02455612
113,5,31,8,43,2,03中山區,中山區北安路與敬業二路口,0,0,1,1,B03,8,7,5,50,3,1,1,5,4,5,13,4,4,1,4,5,2,16,2,43,3,10,7,1,7,6,1,8,2,5,,9,,1,22,121.5543628,25.085095
113,5,31,8,43,2,03中山區,中山區北安路與敬業二路口,0,0,1,2,C03,8,7,5,50,3,1,1,5,4,5,13,4,4,1,4,5,2,16,1,33,2,9,5,1,7,9,1,10,2,14,,108,,1,22,121.5543628,25.085095
113,5,31,9,0,2,07信義區,信義區松勤街,0,0,1,2,B01,8,7,5,50,14,9,1,5,4,5,13,4,4,9,5,5,2,16,1,49,3,10,3,4,7,5,1,4,1,4,,44,,1,21,121.569182,25.03194491
113,5,31,9,0,2,07信義區,信義區松勤街,0,0,1,1,C03,8,7,5,50,14,9,1,5,4,5,13,4,4,9,5,5,2,16,1,36,2,9,3,4,7,4,1,10,1,12,,44,,1,22,121.569182,25.03194491
113,5,31,9,8,2,08士林區,士林區百齡橋西往東機車道,0,0,3,1,C03,8,5,5,50,8,11,1,5,4,5,13,4,4,1,2,5,2,13,1,26,2,8,6,1,7,9,1,10,1,11,,16,,1,21,121.5149402,25.0898057
113,5,31,9,8,2,08士林區,士林區百齡橋西往東機車道,0,0,3,2,C03,8,5,5,50,8,11,1,5,4,5,13,4,4,1,2,5,2,13,1,34,2,5,6,1,7,14,1,9,1,13,,44,,1,21,121.5149402,25.0898057
113,5,31,9,8,2,08士林區,士林區百齡橋西往東機車道,0,0,3,3,H02,8,5,5,50,8,11,1,5,4,5,13,4,4,1,2,5,2,13,2,26,2,7,6,5,7,20,8,20,10,16,,67,,1,21,121.5149402,25.0898057
113,5,31,9,19,2,03中山區,中山區八德路1段與建國北路1段口,0,0,1,1,C04,7,7,5,50,4,2,1,5,4,5,13,1,1,1,3,5,1,16,1,43,3,10,5,1,7,5,1,10,1,14,,103,,1,21,121.5372361,25.04623692
113,5,31,9,19,2,03中山區,中山區八德路1段與建國北路1段口,0,0,1,2,C03,7,7,5,50,4,2,1,5,4,5,13,1,1,1,3,5,1,16,2,23,2,7,6,1,7,9,1,10,1,11,,44,,1,21,121.5372361,25.04623692
113,5,31,9,21,2,09北投區,北投區中正街49巷與中正街49巷31弄口,0,0,2,1,C03,8,5,5,30,3,1,1,5,4,5,13,4,4,10,5,5,2,17,1,58,2,9,3,4,7,5,1,10,1,11,,9,,1,21,121.499766,25.1316323
113,5,31,9,21,2,09北投區,北投區中正街49巷與中正街49巷31弄口,0,0,2,2,C02,8,5,5,30,3,1,1,5,4,5,13,4,4,10,5,5,2,17,1,24,2,9,3,4,7,9,1,9,1,12,,14,,1,21,121.499766,25.1316323
113,5,31,9,50,2,12內湖區,內湖區成功路2段與成功路2段498巷口,0,0,1,1,B01,8,5,8,50,3,2,1,5,4,5,13,1,1,1,5,5,2,17,1,60,3,10,7,1,7,7,1,8,2,8,,108,,1,21,121.5898322,25.0735243
113,5,31,9,50,2,12內湖區,內湖區成功路2段與成功路2段498巷口,0,0,1,2,B01,8,5,8,50,3,2,1,5,4,5,13,1,1,1,5,5,2,17,1,44,3,10,7,1,7,7,1,8,2,6,,44,,1,21,121.5898322,25.0735243
113,5,31,9,50,2,12內湖區,內湖區成功路2段與成功路2段498巷口,0,0,1,3,C03,8,5,8,50,3,2,1,5,4,5,13,1,1,1,5,5,2,17,1,51,2,9,5,1,7,9,1,10,2,14,,44,,1,21,121.5898322,25.0735243
113,5,31,10,2,2,01大同區,大同區民生西路與西寧北路口,0,0,1,1,B01,7,6,5,50,4,2,1,5,4,5,13,4,4,5,5,5,2,17,1,54,3,10,7,1,7,15,1,4,1,17,,100,,1,22,121.5090086,25.0568346
113,5,31,10,2,2,01大同區,大同區民生西路與西寧北路口,0,0,1,2,C03,7,6,5,50,4,2,1,5,4,5,13,4,4,5,5,5,2,17,1,40,2,9,6,1,7,9,1,10,1,12,,44,,1,22,121.5090086,25.0568346
113,5,31,10,10,2,04大安區,大安區大安路1段與仁愛路4段91巷口,0,0,1,1,C03,8,6,5,30,4,1,1,5,4,5,13,4,4,10,5,5,1,15,2,70,2,9,3,4,7,9,1,10,11,11,,72,,1,21,121.5460793,25.0385986
113,5,31,10,10,2,04大安區,大安區大安路1段與仁愛路4段91巷口,0,0,1,2,C03,8,6,5,30,4,1,1,5,4,5,13,4,4,10,5,5,1,15,1,35,3,10,3,4,7,9,1,10,2,12,,44,,1,21,121.5460793,25.0385986
113,5,31,10,15,2,05中正區,中正區公園路與凱達格蘭大道口,0,0,1,1,C03,8,5,5,50,4,1,1,5,4,5,13,1,1,4,4,5,1,17,2,24,2,9,5,1,7,15,1,10,1,12,,100,,1,21,121.5155505,25.0397229
113,5,31,10,15,2,05中正區,中正區公園路與凱達格蘭大道口,0,0,1,2,C03,8,5,5,50,4,1,1,5,4,5,13,1,1,4,4,5,1,17,1,59,3,10,5,1,7,9,1,10,1,14,,44,,1,21,121.5155505,25.0397229
113,5,31,10,18,2,08士林區,士林區福林路255巷與福林路口,0,0,1,1,A11,8,5,5,50,3,2,1,5,4,5,13,4,4,5,4,5,1,12,1,55,3,10,7,1,7,9,1,1,11,2,,42,,2,21,121.5349567,25.0983065
113,5,31,10,18,2,08士林區,士林區福林路255巷與福林路口,0,0,1,2,C03,8,5,5,50,3,2,1,5,4,5,13,4,4,5,4,5,1,12,2,62,2,9,6,1,7,7,1,10,2,14,,100,,1,21,121.5349567,25.0983065
113,5,31,10,18,2,08士林區,士林區福林路255巷與福林路口,0,0,1,3,B03,8,5,5,50,3,2,1,5,4,5,13,4,4,5,4,5,1,12,1,27,3,10,7,1,7,9,1,8,2,4,,44,,1,21,121.5349567,25.0983065
113,5,31,10,28,2,08士林區,士林區中山北路4段67號旁,0,0,1,1,A05,8,6,5,40,14,9,1,5,4,5,13,4,4,2,4,5,1,17,1,60,3,10,3,4,7,9,1,2,11,17,,44,,1,21,121.5243461,25.08065847
113,5,31,10,28,2,08士林區,士林區中山北路4段67號旁,0,0,1,2,C03,8,6,5,40,14,9,1,5,4,5,13,4,4,2,4,5,1,17,2,19,2,8,6,1,7,9,1,10,1,14,,108,,1,21,121.5243461,25.08065847
113,5,31,10,28,2,08士林區,士林區中山北路4段67號旁,0,0,1,3,C03,8,6,5,40,14,9,1,5,4,5,13,4,4,2,4,5,1,17,1,34,3,10,6,1,7,9,1,10,11,11,,44,,1,21,121.5243461,25.08065847
113,5,31,10,30,2,07信義區,信義區松壽路與市府路口,0,0,1,1,B03,8,7,6,50,4,1,1,5,4,5,13,2,1,1,2,5,2,13,2,62,3,10,3,4,7,5,1,8,1,1,,44,,1,22,121.563566,25.0358651
113,5,31,10,30,2,07信義區,信義區松壽路與市府路口,0,0,1,2,C03,8,7,6,50,4,1,1,5,4,5,13,2,1,1,2,5,2,13,1,34,2,5,3,4,7,5,1,10,1,13,,44,,1,22,121.563566,25.0358651
113,5,31,10,34,2,09北投區,北投區立農街2段278巷與義理街無名巷口,0,0,1,1,C04,8,7,5,30,4,1,1,5,4,5,10,4,4,10,5,5,2,15,1,64,3,10,6,1,7,9,1,10,1,12,,75,,1,21,121.5154383,25.1181519
113,5,31,10,34,2,09北投區,北投區立農街2段278巷與義理街無名巷口,0,0,1,2,C03,8,7,5,30,4,1,1,5,4,5,10,4,4,10,5,5,2,15,2,60,2,9,6,1,7,9,1,10,1,11,,108,,1,21,121.5154383,25.1181519
113,5,31,10,34,2,09北投區,北投區立農街2段278巷與義理街無名巷口,0,0,1,3,B11,8,7,5,30,4,1,1,5,4,5,10,4,4,10,5,5,2,15,1,63,3,10,3,4,7,13,1,4,9,17,,38,,1,26,121.5154383,25.1181519
113,5,31,10,48,2,07信義區,信義區基隆路1段35巷7弄與松隆路123巷口,0,0,1,1,B03,8,6,5,30,4,1,1,5,4,5,13,4,4,9,3,5,2,17,1,67,3,10,3,4,7,15,1,8,1,1,,72,,1,21,121.571618,25.0479499
113,5,31,10,48,2,07信義區,信義區基隆路1段35巷7弄與松隆路123巷口,0,0,1,2,C03,8,6,5,30,4,1,1,5,4,5,13,4,4,9,3,5,2,17,2,34,2,9,3,4,7,15,1,10,1,14,,108,,1,21,121.571618,25.0479499
113,5,31,11,28,2,10文山區,文山區辛亥路7段與辛亥路7段86巷口,0,0,1,1,B01,8,6,5,50,3,1,1,5,4,5,13,4,4,10,5,5,2,16,1,59,3,10,7,1,7,11,1,4,2,5,,10,,1,21,121.5535712,24.9812574
113,5,31,11,28,2,10文山區,文山區辛亥路7段與辛亥路7段86巷口,0,0,1,2,C03,8,6,5,50,3,1,1,5,4,5,13,4,4,10,5,5,2,16,1,31,2,9,6,1,7,9,1,10,2,11,12,44,,1,21,121.5535712,24.9812574
113,5,31,11,45,2,03中山區,中山區伊通街68號,0,0,1,1,C03,7,7,5,50,14,9,1,5,4,5,13,4,4,7,4,5,2,17,1,41,2,9,6,4,7,1,1,10,1,12,,19,,1,21,121.5347888,25.0527519
113,5,31,11,45,2,03中山區,中山區伊通街68號,0,0,1,2,B03,7,7,5,50,14,9,1,5,4,5,13,4,4,7,4,5,2,17,1,55,3,10,3,4,7,9,1,2,1,7,,44,,1,21,121.5347888,25.0527519
113,5,31,11,50,2,06松山區,松山區南京東路5段與光復北路口,0,0,1,1,B03,7,7,5,50,4,1,1,5,4,5,13,2,1,5,4,5,2,17,1,49,3,10,7,1,7,9,1,8,2,1,,107,,1,22,121.5573236,25.05164488
113,5,31,11,50,2,06松山區,松山區南京東路5段與光復北路口,0,0,1,2,F01,7,7,5,50,4,1,1,5,4,5,13,2,1,5,4,5,2,17,2,26,2,8,4,1,7,9,8,20,2,14,,107,,1,22,121.5573236,25.05164488
113,5,31,11,55,2,11南港區,南港區舊莊街1段196號,0,0,1,1,C03,8,7,5,50,14,9,1,5,4,5,13,4,4,4,5,5,2,1,1,67,3,10,5,1,7,9,1,10,2,11,,108,,1,21,121.6222645,25.0385354
113,5,31,11,55,2,11南港區,南港區舊莊街1段196號,0,0,1,2,H01,8,7,5,50,14,9,1,5,4,5,13,4,4,4,5,5,2,1,2,78,2,7,4,5,8,16,8,20,10,16,,53,,1,21,121.6222645,25.0385354
113,5,31,11,56,2,09北投區,北投區建民路與建民路151巷口,0,0,1,1,C03,8,7,5,30,4,1,1,5,4,5,13,4,4,10,5,5,2,15,1,31,3,10,6,1,7,9,1,10,1,11,,72,,1,21,121.5192846,25.1104368
113,5,31,11,56,2,09北投區,北投區建民路與建民路151巷口,0,0,1,2,F01,8,7,5,30,4,1,1,5,4,5,13,4,4,10,5,5,2,15,1,79,2,9,4,1,7,9,8,20,1,14,,44,,1,21,121.5192846,25.1104368
113,5,31,12,18,2,04大安區,大安區和平東路1段190號,0,0,1,1,B03,8,6,5,50,14,8,1,5,4,5,13,4,4,10,4,4,1,12,1,58,3,10,3,4,7,1,1,8,2,4,,19,,1,21,121.5308037,25.0263159
113,5,31,12,18,2,04大安區,大安區和平東路1段190號,0,0,1,2,C03,8,6,5,50,14,8,1,5,4,5,13,4,4,10,4,4,1,12,1,45,2,9,6,4,7,9,1,10,2,11,,44,,1,21,121.5308037,25.0263159
113,5,31,12,20,2,03中山區,中山區市民大道3段與新生北路1段62巷口,0,0,1,1,C03,7,7,5,40,4,2,1,5,4,5,13,1,1,1,4,5,2,13,1,19,2,9,5,1,7,7,1,10,2,11,,108,,1,22,121.5310504,25.0460547
113,5,31,12,20,2,03中山區,中山區市民大道3段與新生北路1段62巷口,0,0,1,2,B03,7,7,5,40,4,2,1,5,4,5,13,1,1,1,4,5,2,13,1,56,3,10,7,1,7,7,1,4,1,3,,44,,1,22,121.5310504,25.0460547
113,5,31,12,26,2,02萬華區,萬華區環河南路2段與西藏路口,0,0,2,1,C03,8,6,5,50,4,1,1,5,4,5,13,1,1,8,3,5,1,15,1,18,2,7,5,4,7,9,1,10,2,11,,118,,1,21,121.4901378,25.0305729
113,5,31,12,26,2,02萬華區,萬華區環河南路2段與西藏路口,0,0,2,2,C03,8,6,5,50,4,1,1,5,4,5,13,1,1,8,3,5,1,15,1,26,2,7,5,4,7,9,1,10,2,14,,118,,1,21,121.4901378,25.0305729
113,5,31,13,3,2,11南港區,南港區忠孝東路6段與忠孝東路6段269巷口,0,0,1,1,B03,7,6,5,30,4,1,1,5,4,5,13,4,4,10,5,5,2,16,1,68,3,10,7,1,7,9,1,8,1,8,,72,,1,21,121.5896732,25.0497155
113,5,31,13,3,2,11南港區,南港區忠孝東路6段與忠孝東路6段269巷口,0,0,1,2,C03,7,6,5,30,4,1,1,5,4,5,13,4,4,10,5,5,2,16,2,61,2,9,5,1,7,9,1,10,1,11,,14,,1,21,121.5896732,25.0497155
113,5,31,13,55,2,06松山區,松山區塔悠路179號,0,0,1,1,B03,7,7,5,50,14,9,1,4,4,5,13,2,1,9,4,4,1,17,1,28,3,10,7,1,7,5,1,8,2,17,,71,,1,22,121.5695736,25.0563832
113,5,31,13,55,2,06松山區,松山區塔悠路179號,0,0,1,2,C03,7,7,5,50,14,9,1,4,4,5,13,2,1,9,4,4,1,17,1,22,2,9,6,1,7,9,1,10,2,14,,44,,1,22,121.5695736,25.0563832
113,5,31,14,21,2,09北投區,北投區石牌路2段與天母西路口,0,0,1,1,B03,8,6,5,50,3,1,1,5,4,5,13,3,1,5,4,5,2,15,2,55,3,10,7,1,7,9,1,8,1,5,,72,,1,21,121.5221658,25.11937058
113,5,31,14,21,2,09北投區,北投區石牌路2段與天母西路口,0,0,1,2,C03,8,6,5,50,3,1,1,5,4,5,13,3,1,5,4,5,2,15,2,58,2,8,5,1,7,9,1,10,1,13,,44,,1,21,121.5221658,25.11937058
113,5,31,14,29,2,04大安區,大安區敦化南路1段311號,0,0,1,1,B01,7,6,5,50,14,9,1,5,4,5,13,4,4,1,4,1,2,12,1,66,3,10,7,1,7,14,1,4,1,2,,40,,1,21,121.5489524,25.03508929
113,5,31,14,29,2,04大安區,大安區敦化南路1段311號,0,0,1,2,C03,7,6,5,50,14,9,1,5,4,5,13,4,4,1,4,1,2,12,1,38,2,9,6,1,7,9,1,10,1,14,,44,,1,21,121.5489524,25.03508929
113,5,31,14,29,2,04大安區,大安區敦化南路1段311號,0,0,1,3,H02,7,6,5,50,14,9,1,5,4,5,13,4,4,1,4,1,2,12,1,33,3,10,7,5,7,20,8,20,10,16,,126,,1,21,121.5489524,25.03508929
113,5,31,14,55,2,02萬華區,萬華區環河南路1段與西昌街29巷口,0,0,1,1,C03,7,6,5,30,3,2,1,5,4,5,13,4,4,5,4,5,2,16,1,31,2,9,6,1,7,6,1,10,1,11,,72,,1,21,121.5005108,25.042746
113,5,31,14,55,2,02萬華區,萬華區環河南路1段與西昌街29巷口,0,0,1,2,B01,7,6,5,30,3,2,1,5,4,5,13,4,4,5,4,5,2,16,1,49,3,10,7,1,7,9,1,4,1,2,,14,,1,21,121.5005108,25.042746
113,5,31,15,8,2,07信義區,信義區松智路與松廉路口,0,0,2,1,C03,6,6,5,50,3,1,1,4,4,5,13,2,1,9,4,5,2,17,2,38,2,9,5,4,7,9,1,10,1,13,,116,,1,21,121.5654692,25.0338598
113,5,31,15,8,2,07信義區,信義區松智路與松廉路口,0,0,2,2,C03,6,6,5,50,3,1,1,4,4,5,13,2,1,9,4,5,2,17,1,58,2,9,5,4,7,9,1,10,1,11,,116,,1,21,121.5654692,25.0338598
113,5,31,15,13,2,06松山區,松山區南京東路3段與敦化北路口,0,0,1,1,C03,6,7,5,50,4,1,1,4,4,5,13,1,1,1,4,4,2,13,1,57,3,10,5,1,7,9,1,10,2,11,,108,,1,21,121.5487147,25.0521714
113,5,31,15,13,2,06松山區,松山區南京東路3段與敦化北路口,0,0,1,2,C03,6,7,5,50,4,1,1,4,4,5,13,1,1,1,4,4,2,13,1,23,2,9,6,1,7,9,1,10,2,13,,44,,1,21,121.5487147,25.0521714
113,5,31,15,21,2,04大安區,大安區通化街166號,0,0,1,1,B03,6,6,5,50,14,9,1,4,4,5,13,4,4,8,5,5,2,17,1,66,3,10,7,1,7,5,1,8,1,17,,8,,1,21,121.5537277,25.028387
113,5,31,15,21,2,04大安區,大安區通化街166號,0,0,1,2,C03,6,6,5,50,14,9,1,4,4,5,13,4,4,8,5,5,2,17,2,26,2,9,6,1,7,9,1,10,1,14,,44,,1,21,121.5537277,25.028387
113,5,31,15,30,2,08士林區,士林區百齡橋往西向東,0,0,4,1,C03,8,6,5,40,8,12,1,5,4,5,13,4,4,3,4,4,1,17,1,31,2,9,3,4,7,9,1,10,1,11,,118,,1,21,121.5147775,25.0896961
113,5,31,15,30,2,08士林區,士林區百齡橋往西向東,0,0,4,2,C03,8,6,5,40,8,12,1,5,4,5,13,4,4,3,4,4,1,17,2,59,2,9,3,4,7,9,1,10,1,15,,118,,1,21,121.5147775,25.0896961
113,5,31,15,30,2,08士林區,士林區百齡橋往西向東,0,0,4,3,F01,8,6,5,40,8,12,1,5,4,5,13,4,4,3,4,4,1,17,1,78,2,9,4,4,7,9,8,20,1,14,,118,,1,21,121.5147775,25.0896961
113,5,31,15,30,2,08士林區,士林區百齡橋往西向東,0,0,4,4,H02,8,6,5,40,8,12,1,5,4,5,13,4,4,3,4,4,1,17,2,38,2,9,3,5,7,20,8,20,10,16,,118,,1,21,121.5147775,25.0896961
113,5,31,15,42,2,02萬華區,萬華區桂林路228巷11弄與桂林路228巷口,0,0,1,1,C03,7,6,6,30,4,1,1,5,4,5,13,4,4,10,5,5,1,17,2,66,3,10,3,4,7,9,7,19,11,13,,14,,1,22,121.4946136,25.03794861
113,5,31,15,42,2,02萬華區,萬華區桂林路228巷11弄與桂林路228巷口,0,0,1,2,C03,7,6,6,30,4,1,1,5,4,5,13,4,4,10,5,5,1,17,2,20,2,9,3,4,7,9,1,10,1,11,,14,,1,22,121.4946136,25.03794861
113,5,31,15,42,2,06松山區,松山區民生東路5段69巷與民生東路5段口,0,0,3,1,C03,8,7,5,50,4,1,1,5,4,5,13,1,1,8,4,5,2,11,2,31,2,8,6,1,7,15,1,10,1,11,,71,,1,21,121.5582891,25.05854142
113,5,31,15,42,2,06松山區,松山區民生東路5段69巷與民生東路5段口,0,0,3,2,C03,8,7,5,50,4,1,1,5,4,5,13,1,1,8,4,5,2,11,1,58,2,9,6,1,7,9,1,10,1,11,,44,,1,21,121.5582891,25.05854142
113,5,31,15,42,2,06松山區,松山區民生東路5段69巷與民生東路5段口,0,0,3,3,H02,8,7,5,50,4,1,1,5,4,5,13,1,1,8,4,5,2,11,2,59,2,9,6,5,7,21,8,20,10,17,,67,,1,21,121.5582891,25.05854142
113,5,31,16,3,2,02萬華區,萬華區堤外便道與水源快速道路口匝道,0,0,1,1,C03,7,6,5,50,3,1,1,5,4,5,13,4,4,1,5,5,2,13,1,18,2,9,5,1,7,4,1,10,1,14,,14,,1,21,121.4982654,25.0162166
113,5,31,16,3,2,02萬華區,萬華區堤外便道與水源快速道路口匝道,0,0,1,2,B03,7,6,5,50,3,1,1,5,4,5,13,4,4,1,5,5,2,13,2,66,3,10,7,1,7,6,1,8,1,2,,9,,1,21,121.4982654,25.0162166
113,5,31,16,39,2,02萬華區,萬華區昆明街與桂林路口,0,0,1,1,C03,7,6,5,50,4,2,1,5,4,5,13,2,1,5,2,5,1,17,1,65,3,10,3,4,7,8,1,10,1,12,,100,,1,22,121.50383,25.0382843
113,5,31,16,39,2,02萬華區,萬華區昆明街與桂林路口,0,0,1,2,C03,7,6,5,50,4,2,1,5,4,5,13,2,1,5,2,5,1,17,1,24,2,7,3,4,7,9,1,10,1,14,,42,,1,22,121.50383,25.0382843
113,5,31,16,57,2,10文山區,文山區興隆路2段與興隆路2段95巷口,0,0,1,1,B12,6,6,8,50,4,1,1,4,4,5,13,2,1,1,4,5,2,16,1,43,3,10,7,1,7,11,1,8,9,6,,103,,1,21,121.5471657,24.9993225
113,5,31,16,57,2,10文山區,文山區興隆路2段與興隆路2段95巷口,0,0,1,2,C03,6,6,8,50,4,1,1,4,4,5,13,2,1,1,4,5,2,16,2,21,2,8,6,1,7,9,1,10,2,11,,13,,1,21,121.5471657,24.9993225
113,5,31,17,30,2,12內湖區,內湖區新湖三路128號,0,0,1,1,C02,7,5,5,50,14,9,1,5,4,5,13,4,4,5,5,5,2,17,1,28,2,9,5,1,7,9,1,10,2,14,,16,,1,21,121.5778614,25.0640522
113,5,31,17,30,2,12內湖區,內湖區新湖三路128號,0,0,1,2,A02,7,5,5,50,14,9,1,5,4,5,13,4,4,5,5,5,2,17,1,51,3,10,7,1,7,15,1,2,2,17,,100,,1,21,121.5778614,25.0640522
113,5,31,17,52,2,06松山區,松山區八德路4段與塔悠路口,0,0,1,2,C03,7,7,5,50,5,1,1,5,4,5,13,1,1,1,3,4,2,16,1,30,3,10,7,1,7,6,1,8,1,6,,44,,1,26,121.5724138,25.0500219
113,5,31,17,52,2,06松山區,松山區八德路4段與塔悠路口,0,0,1,1,B12,7,7,5,50,5,1,1,5,4,5,13,1,1,1,3,4,2,16,1,51,2,9,5,1,7,9,1,10,1,14,,9,,1,25,121.5724138,25.0500219
113,5,31,17,57,2,07信義區,信義區忠孝東路5段與忠孝東路5段295巷口,0,0,1,1,B03,7,6,5,50,3,1,1,4,4,5,13,4,4,1,4,5,2,16,1,49,3,10,7,1,7,6,1,8,2,2,,44,,1,22,121.5725732,25.0410407
113,5,31,17,57,2,07信義區,信義區忠孝東路5段與忠孝東路5段295巷口,0,0,1,2,C03,7,6,5,50,3,1,1,4,4,5,13,4,4,1,4,5,2,16,1,46,2,9,6,1,7,9,1,10,2,11,,108,,1,22,121.5725732,25.0410407
113,5,31,18,10,2,02萬華區,萬華區西藏路125巷與西藏路口,0,0,2,1,C03,8,6,5,50,3,1,1,5,4,5,13,1,1,8,3,5,1,13,1,46,2,9,5,1,7,12,1,10,1,11,,16,,1,21,121.5025731,25.0298113
113,5,31,18,10,2,02萬華區,萬華區西藏路125巷與西藏路口,0,0,2,2,C03,8,6,5,50,3,1,1,5,4,5,13,1,1,8,3,5,1,13,2,35,2,9,5,1,7,9,1,10,1,13,,44,,1,21,121.5025731,25.0298113
113,5,31,18,54,2,05中正區,中正區金華街32-1號,0,0,1,1,B03,7,5,5,50,14,9,1,5,4,5,13,4,4,9,5,5,2,12,1,38,3,10,7,1,7,11,1,8,1,8,,10,,1,22,121.5218645,25.0310714
113,5,31,18,54,2,05中正區,中正區金華街32-1號,0,0,1,2,C03,7,5,5,50,14,9,1,5,4,5,13,4,4,9,5,5,2,12,1,49,2,8,5,1,7,9,1,10,1,17,,44,,1,22,121.5218645,25.0310714
113,5,31,21,11,2,05中正區,中正區博愛路131號,0,0,1,1,B03,8,5,5,50,14,9,1,5,4,5,13,4,4,5,5,5,2,17,1,56,3,10,7,1,7,1,1,8,1,8,8,19,,1,21,121.5108932,25.03696417
113,5,31,21,11,2,05中正區,中正區博愛路131號,0,0,1,2,C03,8,5,5,50,14,9,1,5,4,5,13,4,4,5,5,5,2,17,1,23,2,9,6,1,7,9,1,10,1,11,12,44,,1,21,121.5108932,25.03696417
113,5,31,21,19,2,05中正區,中正區汀州路3段297號,0,0,1,1,C03,7,5,5,50,14,9,1,5,4,5,13,4,4,9,5,5,2,12,1,21,3,10,5,1,7,11,1,10,1,14,,10,,1,22,121.5356776,25.0119305
113,5,31,21,19,2,05中正區,中正區汀州路3段297號,0,0,1,2,C03,7,5,5,50,14,9,1,5,4,5,13,4,4,9,5,5,2,12,1,31,2,9,5,1,7,9,1,10,1,11,,44,,1,22,121.5356776,25.0119305
113,5,31,22,10,2,08士林區,士林區至善路3段與中社路1段口,0,0,1,1,B01,7,5,5,50,3,2,1,5,4,5,13,2,1,5,4,5,1,17,1,28,3,10,7,1,7,11,1,4,1,5,,71,,1,21,121.5586583,25.1121296
113,5,31,22,10,2,08士林區,士林區至善路3段與中社路1段口,0,0,1,2,F01,7,5,5,50,3,2,1,5,4,5,13,2,1,5,4,5,1,17,1,33,2,9,4,1,7,9,8,20,1,11,,108,,1,21,121.5586583,25.1121296
113,5,31,22,26,2,08士林區,士林區重陽橋機車專用道西向東,0,0,2,1,C03,8,5,5,40,14,11,1,5,4,5,13,4,4,10,5,5,1,13,2,46,3,10,5,1,7,14,1,10,2,17,,42,,1,21,121.5038976,25.0852317
113,5,31,22,26,2,08士林區,士林區重陽橋機車專用道西向東,0,0,2,3,C03,8,5,5,40,14,11,1,5,4,5,13,4,4,10,5,5,1,13,1,19,2,9,5,1,7,9,1,10,2,11,,16,,1,21,121.5038976,25.0852317