發生年度,發生月,發生日,發生時-Hours,發生分,處理別-編號,區序,肇事地點,死亡人數,2-30日死亡人數,受傷人數,當事人序號,車種,天候,道路照明設備,道路類別,速限-速度限制,道路型態,事故位置,路面狀況1,路面狀況2,路面狀況3,道路障礙1,道路障礙2,號誌1,號誌2,車道劃分-分向,車道劃分-分道1,車道劃分-分道2,車道劃分-分道3,事故類型及型態,性別,年齡,受傷程度,主要傷處,保護裝置,行動電話,車輛用途,當事者行動狀態,駕駛資格情形,駕駛執照種類,飲酒情形,車輛撞擊部位1,車輛撞擊部位2,肇因碼-個別,肇因碼-主要,個人肇逃否,職業,座標-X,座標-Y
113,5,31,22,26,2,08士林區,士林區重陽橋機車專用道西向東,0,0,2,2,C02,8,5,5,40,14,11,1,5,4,5,13,4,4,10,5,5,1,13,1,23,3,10,5,1,7,9,1,9,2,17,,87,,1,21,121.5038976,25.0852317
113,5,31,22,26,2,08士林區,士林區重陽橋機車專用道西向東,0,0,2,4,C03,8,5,5,40,14,11,1,5,4,5,13,4,4,10,5,5,1,13,2,19,2,7,5,1,7,9,1,10,2,13,,44,,1,21,121.5038976,25.0852317
113,5,31,22,26,2,08士林區,士林區重陽橋機車專用道西向東,0,0,2,5,C03,8,5,5,40,14,11,1,5,4,5,13,4,4,10,5,5,1,13,1,22,3,10,5,1,7,9,1,10,2,17,,44,,1,21,121.5038976,25.0852317
113,5,31,22,26,2,08士林區,士林區重陽橋機車專用道西向東,0,0,2,6,C03,8,5,5,40,14,11,1,5,4,5,13,4,4,10,5,5,1,13,1,21,3,10,5,1,7,9,1,10,2,11,,108,,1,21,121.5038976,25.0852317
113,5,31,22,45,2,07信義區,信義區仁愛路4段507號(逸仙路側),0,0,3,1,C03,7,5,5,50,14,9,1,5,4,5,13,4,4,5,5,5,2,12,1,23,2,9,6,1,7,8,1,10,2,12,,100,,1,21,121.5614835,25.0386474
113,5,31,22,45,2,07信義區,信義區仁愛路4段507號(逸仙路側),0,0,3,2,C03,7,5,5,50,14,9,1,5,4,5,13,4,4,5,5,5,2,12,1,26,2,8,6,1,7,9,1,10,2,11,,108,,1,21,121.5614835,25.0386474
113,5,31,22,45,2,07信義區,信義區仁愛路4段507號(逸仙路側),0,0,3,3,H02,7,5,5,50,14,9,1,5,4,5,13,4,4,5,5,5,2,12,1,26,2,8,6,5,7,21,8,20,10,16,,67,,1,21,121.5614835,25.0386474
113,5,31,23,11,2,10文山區,文山區木新路1段與指南路1段口,0,0,1,1,B03,7,5,5,50,4,1,1,5,4,5,12,1,1,10,5,5,2,17,1,35,3,10,3,4,7,11,1,8,2,2,,42,,1,22,121.5706299,24.98769847
113,5,31,23,11,2,10文山區,文山區木新路1段與指南路1段口,0,0,1,2,C03,7,5,5,50,4,1,1,5,4,5,12,1,1,10,5,5,2,17,1,49,2,9,3,4,7,9,1,10,2,11,,42,,1,22,121.5706299,24.98769847
113,6,1,0,23,2,11南港區,南港區忠孝東路6段與忠孝東路6段159巷口,0,0,2,1,C03,7,5,5,30,4,1,1,4,4,3,10,4,4,10,5,5,2,16,1,21,2,9,6,1,7,9,1,10,1,11,,44,,1,21,121.5864286,25.0489553
113,6,1,0,23,2,11南港區,南港區忠孝東路6段與忠孝東路6段159巷口,0,0,2,2,C03,7,5,5,30,4,1,1,4,4,3,10,4,4,10,5,5,2,16,1,22,2,9,6,1,7,6,1,10,1,12,,80,,1,21,121.5864286,25.0489553
113,6,1,1,27,2,01大同區,大同區鄭州路與重慶北路1段口,0,0,2,1,C04,7,5,5,40,14,9,1,5,4,5,13,2,1,1,4,5,2,16,1,67,2,9,3,4,7,7,1,10,1,14,,100,,1,21,121.5133936,25.04951921
113,6,1,1,27,2,01大同區,大同區鄭州路與重慶北路1段口,0,0,2,2,C03,7,5,5,40,14,9,1,5,4,5,13,2,1,1,4,5,2,16,1,30,2,8,3,4,7,9,1,10,1,11,,13,,1,21,121.5133936,25.04951921
113,6,1,4,14,2,03中山區,中山區八德路2段與龍江路口,0,0,1,1,B01,7,5,5,50,3,1,1,5,4,5,13,1,1,5,4,5,2,16,1,28,3,10,3,4,7,5,1,4,2,5,,8,,1,21,121.5404725,25.046784
113,6,1,4,14,2,03中山區,中山區八德路2段與龍江路口,0,0,1,2,C03,7,5,5,50,3,1,1,5,4,5,13,1,1,5,4,5,2,16,1,19,2,9,3,4,7,9,1,10,2,11,,44,,1,21,121.5404725,25.046784
113,6,1,6,17,2,02萬華區,萬華區萬大路與萬大路423巷口,0,0,1,1,C03,8,7,5,50,4,1,2,5,4,5,13,1,1,9,5,5,2,17,1,48,3,10,5,1,7,15,1,10,1,14,,44,,1,21,121.4987296,25.0215927
113,6,1,6,17,2,02萬華區,萬華區萬大路與萬大路423巷口,0,0,1,2,C03,8,7,5,50,4,1,2,5,4,5,13,1,1,9,5,5,2,17,2,60,2,9,5,1,7,9,1,10,1,11,,44,,1,21,121.4987296,25.0215927
113,6,1,6,19,2,09北投區,北投區承德路6段與軟橋街口南往北方向,0,0,2,1,B02,8,5,5,60,4,2,1,5,4,5,13,1,1,9,4,4,1,12,1,22,3,10,7,1,7,15,1,8,2,4,,101,,2,21,121.5129306,25.0991053
113,6,1,6,19,2,09北投區,北投區承德路6段與軟橋街口南往北方向,0,0,2,2,C03,8,5,5,60,4,2,1,5,4,5,13,1,1,9,4,4,1,12,1,76,2,9,6,1,7,9,1,10,2,14,,44,,1,21,121.5129306,25.0991053
113,6,1,6,19,2,09北投區,北投區承德路6段與軟橋街口南往北方向,0,0,2,3,H02,8,5,5,60,4,2,1,5,4,5,13,1,1,9,4,4,1,12,2,67,2,8,4,5,7,20,8,20,10,17,,67,,1,21,121.5129306,25.0991053
113,6,1,6,19,2,09北投區,北投區承德路6段與軟橋街口南往北方向,0,0,2,4,A12,8,5,5,60,4,2,1,5,4,5,13,1,1,9,4,4,1,12,1,40,3,10,7,1,7,9,1,1,9,2,,44,,2,26,121.5129306,25.0991053
113,6,1,6,30,2,10文山區,文山區木柵路5段100號,0,0,1,1,C03,7,7,5,40,14,9,1,5,4,5,13,1,1,5,4,5,2,18,1,29,2,9,5,1,7,9,1,10,9,12,,118,,1,22,121.591754,24.9987999
113,6,1,6,30,2,10文山區,文山區木柵路5段100號,0,0,1,2,,7,7,5,40,14,9,1,5,4,5,13,1,1,5,4,5,2,18,3,0,,,,,,,,,,,,67,,,,121.591754,24.9987999
113,6,1,6,52,2,01大同區,大同區長安西路342-1號,0,0,1,1,C03,8,6,5,50,14,9,1,5,4,5,13,4,4,4,3,5,1,13,1,35,2,9,3,4,7,9,1,10,1,11,,108,,1,21,121.5101436,25.051986
113,6,1,6,52,2,01大同區,大同區長安西路342-1號,0,0,1,2,B03,8,6,5,50,14,9,1,5,4,5,13,4,4,4,3,5,1,13,1,53,3,10,3,4,7,14,1,8,1,3,,44,,1,21,121.5101436,25.051986
113,6,1,9,17,2,07信義區,信義區光復南路451號,0,0,1,1,C03,8,6,5,50,14,9,1,5,4,5,13,4,4,1,4,5,2,12,1,69,2,1,5,1,7,9,1,10,1,11,,108,,1,21,121.5576091,25.0348967
113,6,1,9,17,2,07信義區,信義區光復南路451號,0,0,1,2,C03,8,6,5,50,14,9,1,5,4,5,13,4,4,1,4,5,2,12,1,33,3,10,5,1,7,13,1,10,9,13,,44,,1,21,121.5576091,25.0348967
113,6,1,9,17,2,07信義區,信義區光復南路451號,0,0,1,3,C03,8,6,5,50,14,9,1,5,4,5,13,4,4,1,4,5,2,12,2,45,3,10,5,1,7,13,1,10,9,14,,44,,1,21,121.5576091,25.0348967
113,6,1,9,17,2,07信義區,信義區光復南路451號,0,0,1,4,C03,8,6,5,50,14,9,1,5,4,5,13,4,4,1,4,5,2,12,2,54,3,10,5,1,7,13,1,10,9,14,,44,,1,21,121.5576091,25.0348967
113,6,1,10,30,2,02萬華區,萬華區堤外便道與華中河濱公園口露營場出入口,0,0,1,1,C03,7,5,5,40,3,1,1,5,4,5,13,4,4,8,3,5,1,15,2,65,3,10,3,4,7,9,3,18,1,11,,108,,1,22,121.4961286,25.0159963
113,6,1,10,30,2,02萬華區,萬華區堤外便道與華中河濱公園口露營場出入口,0,0,1,2,C03,7,5,5,40,3,1,1,5,4,5,13,4,4,8,3,5,1,15,1,85,2,9,3,4,7,14,1,10,1,14,,44,,1,22,121.4961286,25.0159963
113,6,1,10,30,2,12內湖區,內湖區新明路與新明路246巷口,0,0,2,1,C03,8,5,5,50,4,2,1,5,4,5,13,1,1,5,5,5,2,17,1,32,2,9,5,1,7,9,1,10,2,11,,16,,1,21,121.5836921,25.0566001
113,6,1,10,30,2,12內湖區,內湖區新明路與新明路246巷口,0,0,2,2,C03,8,5,5,50,4,2,1,5,4,5,13,1,1,5,5,5,2,17,1,71,2,3,5,1,7,5,1,10,2,13,,44,,1,21,121.5836921,25.0566001
113,6,1,10,52,2,10文山區,文山區溪洲街與溪洲街137巷口,0,0,2,1,C03,7,6,5,30,3,1,1,5,4,5,13,1,1,5,5,5,2,16,2,29,2,9,6,1,7,5,1,10,1,14,,44,,1,22,121.53537,25.0001035
113,6,1,10,52,2,10文山區,文山區溪洲街與溪洲街137巷口,0,0,2,2,C03,7,6,5,30,3,1,1,5,4,5,13,1,1,5,5,5,2,16,1,26,2,9,6,1,7,9,1,10,1,12,,94,,1,22,121.53537,25.0001035
113,6,1,11,4,2,09北投區,北投區大度路3段與關渡路口,0,0,2,1,C03,8,7,5,50,3,1,1,5,4,5,13,1,1,1,4,5,2,18,1,20,2,9,6,1,7,9,1,10,1,12,,42,,1,21,121.4611893,25.13936805
113,6,1,11,4,2,09北投區,北投區大度路3段與關渡路口,0,0,2,2,,8,7,5,50,3,1,1,5,4,5,13,1,1,1,4,5,2,18,3,,,,,,,,,,,,,67,,1,,121.4611893,25.13936805
113,6,1,11,4,2,09北投區,北投區大度路3段與關渡路口,0,0,2,3,H02,8,7,5,50,3,1,1,5,4,5,13,1,1,1,4,5,2,18,2,20,2,9,6,5,7,20,8,20,10,16,,67,,1,21,121.4611893,25.13936805
113,6,1,11,5,2,08士林區,士林區延平北路7段106巷延平河濱281號電桿,0,0,2,1,C03,8,5,5,30,14,9,1,5,4,5,13,4,4,10,5,5,2,11,1,38,2,9,3,4,7,9,1,10,1,11,,5,,1,22,121.4961379,25.1012165
113,6,1,11,5,2,08士林區,士林區延平北路7段106巷延平河濱281號電桿,0,0,2,2,C03,8,5,5,30,14,9,1,5,4,5,13,4,4,10,5,5,2,11,1,33,2,9,3,4,7,9,1,10,1,11,,5,,1,22,121.4961379,25.1012165
113,6,1,11,10,2,10文山區,文山區基隆路4段與汀州路4段口,0,0,2,1,C03,8,6,5,40,5,1,1,5,4,5,13,2,1,1,4,1,1,16,1,48,2,8,6,1,7,15,1,10,2,12,,100,,1,21,121.5363814,25.0107987
113,6,1,11,10,2,10文山區,文山區基隆路4段與汀州路4段口,0,0,2,2,C03,8,6,5,40,5,1,1,5,4,5,13,2,1,1,4,1,1,16,2,31,2,9,6,1,7,9,1,10,2,11,,13,,1,21,121.5363814,25.0107987
113,6,1,11,20,2,05中正區,中正區金山南路1段與臨沂街10巷口,0,0,1,1,B03,7,6,5,40,3,1,1,5,4,5,13,4,4,10,5,5,2,16,1,47,3,10,7,1,7,6,1,8,2,2,,9,,1,22,121.5295962,25.04179335
113,6,1,11,20,2,05中正區,中正區金山南路1段與臨沂街10巷口,0,0,1,2,C03,7,6,5,40,3,1,1,5,4,5,13,4,4,10,5,5,2,16,1,23,2,8,5,1,7,9,1,10,2,14,,108,,1,22,121.5295962,25.04179335
113,6,1,11,20,2,07信義區,信義區東興路與市民大道5段口,0,0,1,1,B03,7,7,5,40,4,1,1,5,4,5,13,2,1,10,5,5,2,17,2,35,3,10,7,1,7,5,1,8,1,5,,71,,1,22,121.56584,25.0482153
113,6,1,11,20,2,07信義區,信義區東興路與市民大道5段口,0,0,1,2,B01,7,7,5,40,4,1,1,5,4,5,13,2,1,10,5,5,2,17,1,65,2,9,7,1,7,9,1,4,1,8,,44,,1,21,121.56584,25.0482153
113,6,1,11,25,2,12內湖區,內湖區康樂街與康樂街口北往南0301007路燈桿,0,0,1,1,C02,7,6,5,30,14,9,1,4,4,5,13,4,4,10,5,5,2,16,1,54,3,10,6,1,7,6,1,9,1,12,,80,,1,21,121.6236235,25.0792148
113,6,1,11,25,2,12內湖區,內湖區康樂街與康樂街口北往南0301007路燈桿,0,0,1,2,C03,7,6,5,30,14,9,1,4,4,5,13,4,4,10,5,5,2,16,1,53,2,7,5,1,7,9,1,10,1,17,,44,,1,21,121.6236235,25.0792148
113,6,1,11,30,2,04大安區,大安區信義路3段與信義路3段31巷口,0,0,1,1,C03,7,6,5,50,3,2,1,5,4,5,13,4,4,1,4,1,1,16,1,53,4,11,3,4,7,7,7,19,11,15,,100,,2,22,121.5346263,25.0336875
113,6,1,11,30,2,04大安區,大安區信義路3段與信義路3段31巷口,0,0,1,2,C03,7,6,5,50,3,2,1,5,4,5,13,4,4,1,4,1,1,16,2,59,2,9,5,1,7,9,1,10,1,12,,44,,1,21,121.5346263,25.0336875
113,6,1,12,0,2,03中山區,中山區民族東路506號,0,0,1,1,C03,6,7,5,50,14,9,1,4,4,5,13,4,4,3,4,5,2,18,2,50,2,9,5,1,7,9,1,10,1,12,,42,,1,21,121.5498453,25.05542354
113,6,1,12,0,2,03中山區,中山區民族東路506號,0,0,1,2,,6,7,5,50,14,9,1,4,4,5,13,4,4,3,4,5,2,18,3,0,,,,,,,,,,,,67,,1,,121.5498453,25.05542354
113,6,1,12,6,2,03中山區,中山區建國北路2段與民生東路2段口,0,0,2,1,C03,6,7,5,50,4,2,1,4,4,5,13,2,1,9,4,5,2,13,1,25,2,9,6,4,7,9,1,10,1,11,,16,,1,21,121.5369034,25.05797856
113,6,1,12,6,2,03中山區,中山區建國北路2段與民生東路2段口,0,0,2,2,C03,6,7,5,50,4,2,1,4,4,5,13,2,1,9,4,5,2,13,2,33,2,9,6,4,7,9,1,10,1,13,,44,,1,21,121.5369034,25.05797856
113,6,1,12,20,2,03中山區,中山區中原街與新生北路2段137巷口,0,0,1,1,C03,6,5,5,30,4,1,1,4,4,5,13,4,4,10,5,5,2,15,1,32,3,10,6,1,7,9,1,10,1,14,,72,,1,21,121.5289486,25.06125
113,6,1,12,20,2,03中山區,中山區中原街與新生北路2段137巷口,0,0,1,2,C03,6,5,5,30,4,1,1,4,4,5,13,4,4,10,5,5,2,15,1,32,2,9,6,1,7,9,1,10,1,14,,44,,1,21,121.5289486,25.06125
113,6,1,12,29,2,07信義區,信義區松山路294號,0,0,1,1,A02,6,6,5,50,14,9,1,4,4,5,13,4,4,1,4,5,1,17,1,61,3,10,7,4,7,9,1,2,11,6,,118,,2,21,121.5777509,25.0429846
113,6,1,12,29,2,07信義區,信義區松山路294號,0,0,1,2,C03,6,6,5,50,14,9,1,4,4,5,13,4,4,1,4,5,1,17,2,34,2,7,3,4,7,2,1,10,1,13,,44,,1,21,121.5777509,25.0429846
113,6,1,12,31,2,02萬華區,萬華區西藏路與莒光路299巷口,0,0,1,1,B03,6,5,5,50,3,1,1,4,4,5,13,2,1,1,3,5,1,12,2,60,3,10,3,4,7,11,1,8,1,5,,10,,1,22,121.4993018,25.029309
113,6,1,12,31,2,02萬華區,萬華區西藏路與莒光路299巷口,0,0,1,2,C03,6,5,5,50,3,1,1,4,4,5,13,2,1,1,3,5,1,12,2,23,2,9,3,4,7,9,1,10,1,14,,44,,1,22,121.4993018,25.029309
113,6,1,12,50,2,09北投區,北投區中和街與秀山路口,0,0,2,1,C03,7,6,5,50,14,9,1,5,4,5,13,2,1,9,4,5,2,16,1,84,2,8,5,1,7,5,1,10,1,11,,107,,1,21,121.4929546,25.14550825
113,6,1,12,50,2,09北投區,北投區中和街與秀山路口,0,0,2,2,F01,7,6,5,50,14,9,1,5,4,5,13,2,1,9,4,5,2,16,1,4,2,1,4,1,7,9,8,20,1,12,,99,,1,21,121.4929546,25.14550825
113,6,1,12,50,2,11南港區,南港區南港路2段178巷,0,0,1,1,B01,7,7,5,50,14,9,1,5,4,5,13,4,4,4,3,5,2,3,1,44,3,10,7,1,7,9,1,8,1,5,,108,,1,21,121.5997515,25.05375786
113,6,1,12,50,2,11南港區,南港區南港路2段178巷,0,0,1,2,H01,7,7,5,50,14,9,1,5,4,5,13,4,4,4,3,5,2,3,2,51,2,9,4,5,8,16,8,20,10,16,,121,,1,21,121.5997515,25.05375786
113,6,1,13,4,2,03中山區,中山區松江路與錦州街口,0,0,1,1,C03,7,7,5,50,14,9,1,5,4,5,13,1,1,1,4,5,2,29,2,23,2,9,5,1,7,9,1,10,1,14,,119,,1,22,121.5330562,25.0604095
113,6,1,13,4,2,03中山區,中山區松江路與錦州街口,0,0,1,2,,7,7,5,50,14,9,1,5,4,5,13,1,1,1,4,5,2,29,3,0,,,,,,,,,,,,67,,1,,121.5330562,25.0604095
113,6,1,13,7,2,07信義區,信義區吳興街220巷與吳興街220巷11弄口,0,0,2,1,B03,7,6,5,30,3,1,1,5,4,5,13,4,4,8,3,5,2,17,2,37,3,10,3,4,7,15,1,8,1,17,,72,,1,21,121.5627635,25.0274546
113,6,1,13,7,2,07信義區,信義區吳興街220巷與吳興街220巷11弄口,0,0,2,2,C03,7,6,5,30,3,1,1,5,4,5,13,4,4,8,3,5,2,17,1,31,2,9,3,4,7,15,1,10,1,17,,14,,1,21,121.5627635,25.0274546
113,6,1,13,7,2,07信義區,信義區吳興街220巷與吳興街220巷11弄口,0,0,2,3,H02,7,6,5,30,3,1,1,5,4,5,13,4,4,8,3,5,2,17,2,39,2,8,3,5,7,20,8,20,10,16,,67,,1,21,121.5627635,25.0274546
113,6,1,14,18,2,08士林區,士林區中山北路6段290巷7弄與德行東路109巷63弄口,0,0,3,1,C03,6,5,5,30,4,1,1,4,4,5,13,4,4,10,5,5,2,15,1,64,2,8,6,1,7,9,1,10,2,11,,72,,1,21,121.5275428,25.1096486
113,6,1,14,18,2,08士林區,士林區中山北路6段290巷7弄與德行東路109巷63弄口,0,0,3,2,C03,6,5,5,30,4,1,1,4,4,5,13,4,4,10,5,5,2,15,2,44,2,9,6,1,7,9,1,10,2,12,,44,,1,21,121.5275428,25.1096486
113,6,1,14,18,2,08士林區,士林區中山北路6段290巷7弄與德行東路109巷63弄口,0,0,3,3,H02,6,5,5,30,4,1,1,4,4,5,13,4,4,10,5,5,2,15,1,9,2,9,6,5,7,20,8,20,10,16,,67,,1,21,121.5275428,25.1096486
113,6,1,14,22,2,04大安區,大安區市民大道4段與延吉街口,0,0,1,1,B03,8,5,5,40,5,2,1,5,4,5,13,2,1,8,3,5,1,16,1,48,3,10,7,1,7,6,1,8,1,5,,80,,1,22,121.5537172,25.04426
113,6,1,14,22,2,04大安區,大安區市民大道4段與延吉街口,0,0,1,2,C03,8,5,5,40,5,2,1,5,4,5,13,2,1,8,3,5,1,16,2,28,2,8,6,1,7,9,1,10,1,14,,16,,1,22,121.5537172,25.04426
113,6,1,14,41,2,05中正區,中正區仁愛路2段5號,0,0,1,1,B12,7,7,5,50,14,8,1,5,4,5,13,1,1,1,2,1,2,12,1,48,3,10,7,1,7,8,1,8,2,2,,100,,1,21,121.5254434,25.03844224
113,6,1,14,41,2,05中正區,中正區仁愛路2段5號,0,0,1,2,B03,7,7,5,50,14,8,1,5,4,5,13,1,1,1,2,1,2,12,1,25,2,8,7,1,7,9,1,8,2,1,,44,,1,21,121.5254434,25.03844224
113,6,1,14,46,2,06松山區,松山區民權東路5段與撫遠街口,0,0,4,1,A02,8,6,5,50,14,9,1,5,4,5,13,4,4,1,4,5,2,9,1,48,3,10,2,1,7,12,1,2,1,17,,116,,1,21,121.5660439,25.06335253
113,6,1,14,46,2,06松山區,松山區民權東路5段與撫遠街口,0,0,4,2,H02,8,6,5,50,14,9,1,5,4,5,13,4,4,1,4,5,2,9,2,64,2,9,3,5,7,20,8,20,10,16,,67,,1,21,121.5660439,25.06335253
113,6,1,14,46,2,06松山區,松山區民權東路5段與撫遠街口,0,0,4,3,H02,8,6,5,50,14,9,1,5,4,5,13,4,4,1,4,5,2,9,1,68,2,9,3,5,7,20,8,20,10,16,,67,,1,21,121.5660439,25.06335253
113,6,1,14,46,2,06松山區,松山區民權東路5段與撫遠街口,0,0,4,4,H02,8,6,5,50,14,9,1,5,4,5,13,4,4,1,4,5,2,9,2,69,2,9,3,5,7,20,8,20,10,16,,67,,1,21,121.5660439,25.06335253
113,6,1,14,46,2,06松山區,松山區民權東路5段與撫遠街口,0,0,4,5,H02,8,6,5,50,14,9,1,5,4,5,13,4,4,1,4,5,2,9,2,69,2,9,3,5,7,20,8,20,10,16,,67,,1,21,121.5660439,25.06335253
113,6,1,14,50,2,08士林區,士林區至誠路2段與雨聲街口名山里公車站,0,0,1,1,A02,6,6,5,40,4,2,1,4,4,5,13,2,1,5,5,5,2,9,1,54,3,10,3,4,7,9,1,2,2,17,,118,,1,21,121.5293844,25.1019603
113,6,1,14,50,2,08士林區,士林區至誠路2段與雨聲街口名山里公車站,0,0,1,2,H02,6,6,5,40,4,2,1,4,4,5,13,2,1,5,5,5,2,9,1,83,2,9,3,5,7,20,8,20,10,16,,67,,1,21,121.5293844,25.1019603
113,6,1,15,1,2,07信義區,信義區信義路6段與松德路口,0,0,2,1,C03,6,6,5,50,4,1,1,4,4,5,13,2,1,3,4,5,2,12,1,42,2,9,5,1,7,9,1,10,1,11,,116,,1,21,121.5744911,25.0333639
113,6,1,15,1,2,07信義區,信義區信義路6段與松德路口,0,0,2,2,C03,6,6,5,50,4,1,1,4,4,5,13,2,1,3,4,5,2,12,1,19,2,9,5,1,7,9,1,10,1,13,,44,,1,21,121.5744911,25.0333639
113,6,1,15,19,2,08士林區,士林區福國路101號前,0,0,1,1,C01,8,6,5,50,12,9,1,5,4,5,13,4,4,5,5,5,2,10,1,21,2,7,6,1,7,9,1,9,1,11,,4,,1,21,121.5178791,25.10128635
113,6,1,15,19,2,08士林區,士林區福國路101號前,0,0,1,2,B03,8,6,5,50,12,9,1,5,4,5,13,4,4,5,5,5,2,10,1,49,3,10,7,1,7,9,1,8,1,8,,44,,1,21,121.5178791,25.10128635
113,6,1,15,36,2,04大安區,大安區基隆路4段與羅斯福路4段口,0,0,1,1,C03,6,7,5,50,4,2,1,4,4,5,13,1,1,1,4,1,2,12,2,47,3,10,5,1,7,6,1,10,1,12,,9,,1,21,121.5373168,25.0115174
113,6,1,15,36,2,04大安區,大安區基隆路4段與羅斯福路4段口,0,0,1,2,C03,6,7,5,50,4,2,1,4,4,5,13,1,1,1,4,1,2,12,2,46,2,7,5,1,7,9,1,10,1,14,,44,,1,21,121.5373168,25.0115174
113,6,1,15,40,2,12內湖區,內湖區成功路2段與成功交流道口,0,0,1,1,C03,8,5,5,50,4,2,1,5,4,5,13,1,1,1,5,5,2,13,1,18,2,7,5,1,7,9,3,18,1,11,,16,,1,21,121.5902307,25.0646658
113,6,1,15,40,2,12內湖區,內湖區成功路2段與成功交流道口,0,0,1,2,B01,8,5,5,50,4,2,1,5,4,5,13,1,1,1,5,5,2,13,1,68,3,10,7,1,7,14,1,8,1,7,,44,,1,21,121.5902307,25.0646658
113,6,1,16,24,2,09北投區,北投區立農街2段264號,0,0,2,1,C03,6,6,5,50,14,9,1,4,4,5,13,4,4,9,4,5,2,16,2,57,2,7,5,1,7,1,1,10,1,11,,19,,1,21,121.5153234,25.1187165
113,6,1,16,24,2,09北投區,北投區立農街2段264號,0,0,2,2,C03,6,6,5,50,14,9,1,4,4,5,13,4,4,9,4,5,2,16,2,30,2,8,5,1,7,9,1,10,1,11,,44,,1,21,121.5153234,25.1187165
113,6,1,16,24,2,09北投區,北投區立農街2段264號,0,0,2,3,B03,6,6,5,50,14,9,1,4,4,5,13,4,4,9,4,5,2,16,3,46,,,,,,,,,,,,67,,1,,121.5153234,25.1187165
113,6,1,16,59,2,03中山區,中山區龍江路與龍江路259巷口,0,0,1,1,B11,6,5,5,50,4,2,1,4,4,5,13,4,4,9,5,5,2,17,1,35,3,10,3,4,7,1,1,4,1,17,,19,,1,21,121.5407824,25.0608113
113,6,1,16,59,2,03中山區,中山區龍江路與龍江路259巷口,0,0,1,2,C03,6,5,5,50,4,2,1,4,4,5,13,4,4,9,5,5,2,17,1,27,2,9,3,4,7,9,1,10,1,14,,44,,1,21,121.5407824,25.0608113
113,6,1,17,4,2,04大安區,大安區和平東路2段175巷5弄與復興南路2段口,0,0,1,1,C03,6,5,5,50,14,9,1,4,4,5,13,4,4,10,5,5,2,13,2,58,2,9,3,4,7,9,1,10,1,11,,14,,1,22,121.5433255,25.0255118
113,6,1,17,4,2,04大安區,大安區和平東路2段175巷5弄與復興南路2段口,0,0,1,2,B03,6,5,5,50,14,9,1,4,4,5,13,4,4,10,5,5,2,13,1,40,3,10,3,4,7,14,1,8,1,7,,44,,1,21,121.5433255,25.0255118
113,6,1,17,32,2,04大安區,大安區敦化南路1段251號,0,0,1,1,B01,6,6,5,50,14,9,1,4,4,5,13,4,4,1,4,1,2,12,1,53,3,10,7,1,7,8,1,4,1,2,,100,,1,21,121.5476216,25.04815877
113,6,1,17,32,2,04大安區,大安區敦化南路1段251號,0,0,1,2,C03,6,6,5,50,14,9,1,4,4,5,13,4,4,1,4,1,2,12,1,46,2,9,6,1,7,9,1,10,1,11,,44,,1,21,121.5476216,25.04815877
113,6,1,17,32,2,06松山區,松山區慶城街與長春路口,0,0,1,1,B03,6,5,5,30,4,1,1,4,4,5,13,2,1,1,5,5,2,16,1,30,3,10,7,1,7,5,1,8,1,4,,80,,1,22,121.5461769,25.05454261
113,6,1,17,32,2,06松山區,松山區慶城街與長春路口,0,0,1,2,C03,6,5,5,30,4,1,1,4,4,5,13,2,1,1,5,5,2,16,2,31,2,8,5,1,7,9,1,10,1,12,,44,,1,22,121.5461769,25.05454261
113,6,1,18,23,2,05中正區,中正區忠孝東路1段與中山南路口,0,0,1,1,B03,6,5,5,50,4,1,1,4,4,5,13,2,1,1,4,5,2,15,1,39,3,10,7,1,7,9,1,8,2,2,,81,,1,22,121.5196836,25.04556907
113,6,1,18,23,2,05中正區,中正區忠孝東路1段與中山南路口,0,0,1,2,C03,6,5,5,50,4,1,1,4,4,5,13,2,1,1,4,5,2,15,1,18,2,9,6,1,7,9,1,10,2,11,,44,,1,22,121.5196836,25.04556907
113,6,1,18,51,2,01大同區,大同區長安西路與塔城街口,0,0,1,1,B01,6,5,5,50,4,2,1,4,4,5,13,2,1,5,4,5,2,17,1,62,3,10,3,4,7,5,1,4,1,17,,8,,1,21,121.5104589,25.0520385
113,6,1,18,51,2,01大同區,大同區長安西路與塔城街口,0,0,1,2,C03,6,5,5,50,4,2,1,4,4,5,13,2,1,5,4,5,2,17,1,60,2,9,3,4,7,9,1,10,1,12,,27,,1,21,121.5104589,25.0520385
113,6,1,19,4,2,07信義區,信義區松隆路56號,0,0,1,1,C03,6,5,5,50,14,9,1,4,4,5,13,4,4,9,4,5,2,2,1,37,3,10,6,2,7,9,1,10,1,11,,108,,1,21,121.5683464,25.0440417
113,6,1,19,4,2,07信義區,信義區松隆路56號,0,0,1,2,H01,6,5,5,50,14,9,1,4,4,5,13,4,4,9,4,5,2,2,2,68,2,9,4,5,8,16,8,20,1,16,,54,,1,21,121.5683464,25.0440417
113,6,1,20,18,2,01大同區,大同區重慶北路3段與重慶北路3段236巷口,0,0,1,1,B03,6,5,5,50,5,1,1,4,4,5,13,2,1,1,4,1,2,3,1,37,3,10,7,1,7,9,1,8,2,5,,81,,1,22,121.5136985,25.0704394
113,6,1,20,18,2,01大同區,大同區重慶北路3段與重慶北路3段236巷口,0,0,1,2,H01,6,5,5,50,5,1,1,4,4,5,13,2,1,1,4,1,2,3,2,57,2,9,4,5,8,16,8,20,10,16,,67,,1,22,121.5136985,25.0704394