發生年度,發生月,發生日,發生時-Hours,發生分,處理別-編號,區序,肇事地點,死亡人數,2-30日死亡人數,受傷人數,當事人序號,車種,天候,道路照明設備,道路類別,速限-速度限制,道路型態,事故位置,路面狀況1,路面狀況2,路面狀況3,道路障礙1,道路障礙2,號誌1,號誌2,車道劃分-分向,車道劃分-分道1,車道劃分-分道2,車道劃分-分道3,事故類型及型態,性別,年齡,受傷程度,主要傷處,保護裝置,行動電話,車輛用途,當事者行動狀態,駕駛資格情形,駕駛執照種類,飲酒情形,車輛撞擊部位1,車輛撞擊部位2,肇因碼-個別,肇因碼-主要,個人肇逃否,職業,座標-X,座標-Y
113,6,1,20,36,2,10文山區,文山區羅斯福路4段與基隆路4段口,0,0,2,1,C03,6,5,5,50,4,1,1,4,4,5,13,2,1,1,4,5,2,16,2,19,2,8,6,1,7,5,1,10,1,14,,96,,1,21,121.5370232,25.0110063
113,6,1,20,36,2,10文山區,文山區羅斯福路4段與基隆路4段口,0,0,2,2,C03,6,5,5,50,4,1,1,4,4,5,13,2,1,1,4,5,2,16,2,41,2,9,6,1,7,9,1,10,11,12,,97,,1,21,121.5370232,25.0110063
113,6,1,21,0,2,12內湖區,內湖區內湖路1段737巷51弄與內湖路1段737巷口,0,0,1,1,B03,6,5,5,30,4,1,1,4,4,5,13,4,4,10,5,5,2,15,1,41,3,10,7,1,7,9,1,8,2,1,,80,,1,21,121.5790353,25.08043045
113,6,1,21,0,2,12內湖區,內湖區內湖路1段737巷51弄與內湖路1段737巷口,0,0,1,2,C03,6,5,5,30,4,1,1,4,4,5,13,4,4,10,5,5,2,15,2,25,2,9,6,1,7,9,1,10,2,14,,14,,1,21,121.5790353,25.08043045
113,6,1,21,0,2,12內湖區,內湖區內湖路1段737巷51弄與內湖路1段737巷口,0,0,1,3,B02,6,5,5,30,4,1,1,4,4,5,13,4,4,10,5,5,2,15,1,24,3,10,7,1,7,14,1,3,11,15,,38,,2,21,121.5790353,25.08043045
113,6,1,21,14,2,03中山區,中山區南京東路2段與建國北路2段口,0,0,1,1,F01,6,5,5,0,4,1,1,4,4,5,13,1,1,3,4,5,2,17,1,24,2,1,4,1,7,9,8,20,1,12,,81,,1,21,121.536535,25.05200996
113,6,1,21,14,2,03中山區,中山區南京東路2段與建國北路2段口,0,0,1,2,B03,6,5,5,0,4,1,1,4,4,5,13,1,1,3,4,5,2,17,2,47,3,10,7,1,7,9,1,8,1,1,,44,,1,21,121.536535,25.05200996
113,6,1,21,30,2,12內湖區,內湖區成功路5段與康湖路口CMS094告示牌,0,0,1,1,C03,6,5,5,50,11,8,1,4,4,5,13,4,4,1,4,4,2,37,1,26,2,9,6,4,7,9,1,10,1,11,,42,,1,21,121.6072894,25.08082272
113,6,1,21,30,2,12內湖區,內湖區成功路5段與康湖路口CMS094告示牌,0,0,1,2,,6,5,5,50,11,8,1,4,4,5,13,4,4,1,4,4,2,37,3,0,,,,,,,,,,,,67,,1,,121.6072894,25.08082272
113,6,1,21,54,2,10文山區,文山區木柵路5段與木柵路5段口舊路,0,0,1,1,C03,6,5,5,50,3,2,1,4,4,5,13,1,1,5,4,5,2,12,1,18,2,9,6,1,7,7,1,10,2,14,,100,,1,22,121.5874221,25.00291295
113,6,1,21,54,2,10文山區,文山區木柵路5段與木柵路5段口舊路,0,0,1,2,B03,6,5,5,50,3,2,1,4,4,5,13,1,1,5,4,5,2,12,1,33,3,10,7,1,7,9,1,8,2,2,,14,,1,22,121.5874221,25.00291295
113,6,1,22,8,2,02萬華區,萬華區中華路2段與大埔街口,0,0,1,1,B02,7,5,5,50,4,1,1,4,4,5,13,2,1,9,4,5,2,16,2,24,3,10,3,4,7,9,1,8,1,5,,44,,1,22,121.5044517,25.0320398
113,6,1,22,8,2,02萬華區,萬華區中華路2段與大埔街口,0,0,1,2,F01,7,5,5,50,4,1,1,4,4,5,13,2,1,9,4,5,2,16,2,66,2,1,2,1,7,5,8,20,1,14,,8,,1,22,121.5044517,25.0320398
113,6,1,22,37,2,01大同區,大同區鄭州路與西寧北路口,0,0,1,1,B03,6,5,5,40,4,2,1,4,4,5,13,2,1,1,4,5,2,17,1,55,3,10,3,4,7,9,1,8,1,5,,99,,1,21,121.5081631,25.050583
113,6,1,22,37,2,01大同區,大同區鄭州路與西寧北路口,0,0,1,2,C03,6,5,5,40,4,2,1,4,4,5,13,2,1,1,4,5,2,17,2,20,2,9,3,4,7,5,1,10,1,13,,99,,1,21,121.5081631,25.050583
113,6,1,22,38,2,02萬華區,萬華區環河南路1段與漢口街2段口,0,0,1,1,B03,6,5,5,50,3,2,1,4,4,5,13,3,1,5,4,5,2,11,2,54,3,10,3,4,7,8,1,8,9,17,,100,,1,21,121.5036608,25.04657765
113,6,1,22,38,2,02萬華區,萬華區環河南路1段與漢口街2段口,0,0,1,2,C03,6,5,5,50,3,2,1,4,4,5,13,3,1,5,4,5,2,11,1,25,2,1,5,4,7,9,1,10,1,12,,16,,1,21,121.5036608,25.04657765
113,6,2,0,48,2,03中山區,中山區市民大道2段往西(華山公園前迴轉道),0,0,1,1,B03,7,5,5,40,11,6,1,4,4,5,13,4,4,1,4,5,2,16,1,42,3,10,3,4,7,5,6,8,1,7,,103,,1,21,121.5266921,25.046826
113,6,2,0,48,2,03中山區,中山區市民大道2段往西(華山公園前迴轉道),0,0,1,2,C03,7,5,5,40,11,6,1,4,4,5,13,4,4,1,4,5,2,16,1,22,2,7,3,4,7,9,1,10,1,12,,44,,1,21,121.5266921,25.046826
113,6,2,0,50,2,04大安區,大安區仁愛路4段71巷與大安路1段83巷口,0,0,1,1,B01,6,5,5,30,4,2,1,4,4,5,13,4,4,1,4,1,2,17,1,50,3,10,2,1,7,9,1,4,1,1,,72,,1,21,121.5471784,25.0409604
113,6,2,0,50,2,04大安區,大安區仁愛路4段71巷與大安路1段83巷口,0,0,1,2,C03,6,5,5,30,4,2,1,4,4,5,13,4,4,1,4,1,2,17,1,22,2,9,5,1,7,9,1,10,1,12,,14,,1,21,121.5471784,25.0409604
113,6,2,1,16,2,05中正區,中正區羅斯福路3段與辛亥路1段口,0,0,1,1,C03,7,5,5,50,4,1,1,4,4,5,13,1,1,1,4,5,2,13,1,20,2,9,5,1,7,9,1,10,1,11,,116,,1,21,121.5291791,25.0196617
113,6,2,1,16,2,05中正區,中正區羅斯福路3段與辛亥路1段口,0,0,1,2,C03,7,5,5,50,4,1,1,4,4,5,13,1,1,1,4,5,2,13,1,20,3,10,5,1,7,14,1,10,1,13,,44,,1,21,121.5291791,25.0196617
113,6,2,1,20,2,08士林區,士林區德行東路104巷與德行東路口口,0,0,1,1,B03,6,5,5,30,4,1,1,4,4,5,13,3,1,4,5,5,1,15,1,24,3,10,7,1,7,9,1,8,1,1,,14,,1,21,121.528021,25.1074822
113,6,2,1,20,2,08士林區,士林區德行東路104巷與德行東路口口,0,0,1,2,C03,6,5,5,30,4,1,1,4,4,5,13,3,1,4,5,5,1,15,1,35,2,9,5,1,7,9,1,10,1,11,,14,,1,21,121.528021,25.1074822
113,6,2,1,39,2,04大安區,大安區忠孝東路4段與忠孝東路4段181巷口,0,0,1,1,B01,7,5,5,50,3,1,1,5,4,5,13,3,1,1,4,5,2,3,1,51,3,10,7,1,7,2,1,4,1,3,,12,,1,21,121.554276,25.03695639
113,6,2,1,39,2,04大安區,大安區忠孝東路4段與忠孝東路4段181巷口,0,0,1,2,H01,7,5,5,50,3,1,1,5,4,5,13,3,1,1,4,5,2,3,1,55,2,8,4,5,8,16,8,20,10,16,,67,,1,21,121.554276,25.03695639
113,6,2,3,20,2,12內湖區,內湖區民權東路6段19巷與民權東路6段口,0,0,2,1,B12,8,5,5,50,14,9,1,5,4,5,13,1,1,1,5,5,2,13,2,66,3,10,7,1,7,9,1,8,2,8,,81,,1,21,121.5815873,25.06805135
113,6,2,3,20,2,12內湖區,內湖區民權東路6段19巷與民權東路6段口,0,0,2,2,C03,8,5,5,50,14,9,1,5,4,5,13,1,1,1,5,5,2,13,1,26,2,9,6,1,7,15,1,10,2,14,,99,,1,21,121.5815873,25.06805135
113,6,2,3,20,2,12內湖區,內湖區民權東路6段19巷與民權東路6段口,0,0,2,3,H02,8,5,5,50,14,9,1,5,4,5,13,1,1,1,5,5,2,13,2,29,2,9,6,5,7,21,8,20,10,16,,67,,1,21,121.5815873,25.06805135
113,6,2,6,20,2,09北投區,北投區大度路3段151號,0,0,2,1,C03,6,7,5,50,14,9,1,4,4,5,13,4,4,1,4,5,1,16,1,18,2,9,6,1,7,6,1,10,1,13,,44,,1,22,121.4732547,25.1225894
113,6,2,6,20,2,09北投區,北投區大度路3段151號,0,0,2,2,C03,6,7,5,50,14,9,1,4,4,5,13,4,4,1,4,5,1,16,1,18,2,9,6,1,7,8,1,10,1,11,,100,,1,22,121.4732547,25.1225894
113,6,2,7,40,2,02萬華區,萬華區環河南路2段250巷與環河南路2段250巷33弄口,0,0,1,1,B03,6,6,5,30,3,2,1,4,4,5,13,4,4,5,4,5,2,17,1,28,3,10,7,1,7,5,1,8,1,4,,75,,1,21,121.4898452,25.0341731
113,6,2,7,40,2,02萬華區,萬華區環河南路2段250巷與環河南路2段250巷33弄口,0,0,1,2,C03,6,6,5,30,3,2,1,4,4,5,13,4,4,5,4,5,2,17,1,43,2,8,6,1,7,9,1,10,1,14,,14,,1,21,121.4898452,25.0341731
113,6,2,7,46,2,09北投區,北投區大業路與承德路7段口北往南,0,0,1,1,B03,6,5,5,50,4,2,1,4,4,5,13,1,1,9,4,5,1,12,1,27,3,10,7,1,7,9,1,8,2,2,,87,,1,21,121.499557,25.1214186
113,6,2,7,46,2,09北投區,北投區大業路與承德路7段口北往南,0,0,1,2,C03,6,5,5,50,4,2,1,4,4,5,13,1,1,9,4,5,1,12,1,70,2,2,6,1,7,7,1,10,9,14,,87,,1,21,121.499557,25.1214186
113,6,2,7,48,2,06松山區,松山區市民大道4段與復興南路1段口,0,0,1,1,C03,6,7,5,40,14,9,1,4,4,5,13,2,1,9,4,5,2,13,2,27,2,8,6,1,7,12,1,10,1,12,,16,,1,22,121.5439266,25.04497458
113,6,2,7,48,2,06松山區,松山區市民大道4段與復興南路1段口,0,0,1,2,B03,6,7,5,40,14,9,1,4,4,5,13,2,1,9,4,5,2,13,2,54,3,10,7,1,7,14,1,8,1,3,,44,,1,22,121.5439266,25.04497458
113,6,2,8,55,2,12內湖區,內湖區安泰街與康樂街口口,0,0,1,1,B12,6,6,5,30,4,18,1,4,4,5,13,2,1,10,5,5,2,3,1,54,3,10,7,1,7,5,1,8,2,1,,70,,1,21,121.619521,25.07339068
113,6,2,8,55,2,12內湖區,內湖區安泰街與康樂街口口,0,0,1,2,H01,6,6,5,30,4,18,1,4,4,5,13,2,1,10,5,5,2,3,1,74,2,9,4,5,8,16,8,20,10,16,,67,,1,21,121.619521,25.07339068
113,6,2,9,53,2,11南港區,南港區忠孝東路6段81巷與忠孝東路6段口,0,0,2,1,C03,6,7,5,50,3,2,1,4,4,5,13,4,4,1,4,5,2,17,1,64,2,9,3,4,7,9,1,10,1,14,,42,,1,21,121.5845568,25.0476965
113,6,2,9,53,2,11南港區,南港區忠孝東路6段81巷與忠孝東路6段口,0,0,2,2,C03,6,7,5,50,3,2,1,4,4,5,13,4,4,1,4,5,2,17,2,23,3,10,3,4,7,6,1,10,1,17,,44,,1,21,121.5845568,25.0476965
113,6,2,9,53,2,11南港區,南港區忠孝東路6段81巷與忠孝東路6段口,0,0,2,3,H02,6,7,5,50,3,2,1,4,4,5,13,4,4,1,4,5,2,17,2,63,2,9,3,5,7,21,8,20,10,16,,67,,1,21,121.5845568,25.0476965
113,6,2,10,20,2,07信義區,信義區基隆路2段與嘉興街口口,0,0,1,1,B03,6,5,8,50,22,22,1,4,4,5,13,4,4,1,4,5,2,17,1,24,3,10,7,1,7,8,1,8,1,5,,17,,1,22,121.5591538,25.0324977
113,6,2,10,20,2,07信義區,信義區基隆路2段與嘉興街口口,0,0,1,2,C03,6,5,8,50,22,22,1,4,4,5,13,4,4,1,4,5,2,17,1,38,2,9,5,1,7,9,1,10,1,14,,44,,1,22,121.5591538,25.0324977
113,6,2,10,40,2,04大安區,大安區敦化南路2段與四維路170巷口,0,0,1,1,B03,6,5,5,50,4,1,1,4,4,5,13,2,1,10,5,5,2,15,1,57,3,10,7,1,7,9,1,8,1,2,,44,,1,21,121.5484992,25.0281663
113,6,2,10,40,2,04大安區,大安區敦化南路2段與四維路170巷口,0,0,1,2,C03,6,5,5,50,4,1,1,4,4,5,13,2,1,10,5,5,2,15,1,28,2,9,6,1,7,9,1,10,1,11,,44,,1,21,121.5484992,25.0281663
113,6,2,11,37,2,04大安區,大安區新生南路2段50號對面,0,0,1,1,B03,6,7,5,40,14,9,1,4,4,5,13,4,4,10,4,5,1,12,1,57,3,10,3,4,7,1,1,8,2,4,,19,,1,21,121.5343122,25.0292737
113,6,2,11,37,2,04大安區,大安區新生南路2段50號對面,0,0,1,2,C03,6,7,5,40,14,9,1,4,4,5,13,4,4,10,4,5,1,12,1,53,2,9,6,4,7,9,1,10,2,12,,44,,1,21,121.5343122,25.0292737
113,6,2,11,50,2,04大安區,大安區和平東路3段與和平東路3段1巷口,0,0,1,1,B02,6,6,5,50,4,1,1,4,4,5,13,2,1,1,4,5,1,16,2,33,3,10,3,4,7,5,1,8,1,6,,71,,1,21,121.5467032,25.0247443
113,6,2,11,50,2,04大安區,大安區和平東路3段與和平東路3段1巷口,0,0,1,2,B03,6,6,5,50,4,1,1,4,4,5,13,2,1,1,4,5,1,16,1,19,3,10,3,4,7,9,1,8,1,1,,44,,1,21,121.5467032,25.0247443
113,6,2,11,50,2,04大安區,大安區和平東路3段與和平東路3段1巷口,0,0,1,3,H02,6,6,5,50,4,1,1,4,4,5,13,2,1,1,4,5,1,16,2,38,2,1,3,5,7,20,8,20,10,16,,67,,1,21,121.5467032,25.0247443
113,6,2,12,0,2,05中正區,中正區市民大道2段往東295號燈桿前,0,0,1,2,C03,6,6,5,40,14,9,1,4,4,5,13,4,4,1,5,5,2,17,2,27,2,9,5,1,7,9,1,10,2,14,,42,,1,22,121.5286179,25.04650842
113,6,2,12,0,2,05中正區,中正區市民大道2段往東295號燈桿前,0,0,1,1,B02,6,6,5,40,14,9,1,4,4,5,13,4,4,1,5,5,2,17,1,20,3,10,2,1,7,7,1,8,2,17,,100,,1,22,121.5286179,25.04650842
113,6,2,12,24,2,02萬華區,萬華區環河南路2段與西藏路口,0,0,1,1,B03,6,5,5,50,4,1,1,4,4,5,13,2,1,1,3,5,1,16,1,66,3,10,3,4,7,11,1,8,1,5,,92,,1,22,121.4897304,25.0302874
113,6,2,12,24,2,02萬華區,萬華區環河南路2段與西藏路口,0,0,1,2,C03,6,5,5,50,4,1,1,4,4,5,13,2,1,1,3,5,1,16,1,22,2,9,3,4,7,9,1,10,1,11,,44,,1,22,121.4897304,25.0302874
113,6,2,12,42,2,05中正區,中正區公園路與襄陽路口,0,0,1,1,B03,6,6,5,50,3,1,1,4,4,5,13,2,1,5,4,5,2,13,1,34,3,10,7,1,7,9,1,8,2,1,,99,,1,22,121.5166614,25.04335381
113,6,2,12,42,2,05中正區,中正區公園路與襄陽路口,0,0,1,2,C03,6,6,5,50,3,1,1,4,4,5,13,2,1,5,4,5,2,13,1,38,2,9,6,1,7,14,1,10,2,13,,44,,1,22,121.5166614,25.04335381
113,6,2,13,39,2,07信義區,信義區基隆路2段109號,0,0,1,1,F01,6,6,8,0,22,20,4,4,4,5,13,4,4,10,5,5,2,9,1,61,2,3,4,1,7,9,8,20,2,17,,42,,1,21,121.557274,25.0289692
113,6,2,13,39,2,07信義區,信義區基隆路2段109號,0,0,1,2,H01,6,6,8,0,22,20,4,4,4,5,13,4,4,10,5,5,2,9,1,37,3,10,4,5,8,16,8,20,10,17,,67,,1,21,121.557274,25.0289692
113,6,2,14,0,2,03中山區,中山區新生北路2段與錦州街口,0,0,2,1,B03,6,7,5,50,8,9,1,4,4,5,13,2,1,5,2,5,2,17,1,27,3,10,7,1,7,9,1,8,1,1,,108,,1,21,121.5277686,25.0603622
113,6,2,14,0,2,03中山區,中山區新生北路2段與錦州街口,0,0,2,2,B03,6,7,5,50,8,9,1,4,4,5,13,2,1,5,2,5,2,17,1,54,3,10,7,1,7,15,1,8,1,3,,16,,1,21,121.5277686,25.0603622
113,6,2,14,0,2,03中山區,中山區新生北路2段與錦州街口,0,0,2,3,H02,6,7,5,50,8,9,1,4,4,5,13,2,1,5,2,5,2,17,2,53,2,9,4,5,7,20,8,20,10,16,,67,,1,21,121.5277686,25.0603622
113,6,2,14,0,2,03中山區,中山區新生北路2段與錦州街口,0,0,2,4,H02,6,7,5,50,8,9,1,4,4,5,13,2,1,5,2,5,2,17,2,25,2,9,4,5,7,20,8,20,10,16,,67,,1,21,121.5277686,25.0603622
113,6,2,14,16,2,12內湖區,內湖區大湖街131巷西向東(近成功路五段4號),0,0,1,1,B03,6,5,5,0,14,9,2,4,4,5,13,4,4,4,5,5,1,17,2,54,3,10,7,1,7,1,1,8,1,8,,19,,1,21,121.6007939,25.0849969
113,6,2,14,16,2,12內湖區,內湖區大湖街131巷西向東(近成功路五段4號),0,0,1,2,C03,6,5,5,0,14,9,2,4,4,5,13,4,4,4,5,5,1,17,2,39,2,9,6,1,7,9,1,10,1,12,,44,,1,21,121.6007939,25.0849969
113,6,2,16,30,2,09北投區,北投區中央北路2段與豐年路2段口,0,0,1,1,B03,6,6,5,50,3,2,1,4,4,5,13,2,1,5,4,5,2,17,1,33,3,10,7,1,7,6,1,8,1,2,,9,,1,21,121.4930905,25.1378229
113,6,2,16,30,2,09北投區,北投區中央北路2段與豐年路2段口,0,0,1,2,C03,6,6,5,50,3,2,1,4,4,5,13,2,1,5,4,5,2,17,1,21,2,9,6,1,7,9,1,10,1,11,,108,,1,21,121.4930905,25.1378229
113,6,2,17,33,2,08士林區,士林區中正路與通河西街2段5巷口,0,0,1,1,B03,6,6,5,30,4,2,1,4,4,1,11,4,4,1,5,5,1,9,2,31,3,10,7,1,7,9,1,8,2,17,,108,,1,21,121.5111291,25.0877416
113,6,2,17,33,2,08士林區,士林區中正路與通河西街2段5巷口,0,0,1,2,H03,6,6,5,30,4,2,1,4,4,1,11,4,4,1,5,5,1,9,1,37,3,10,4,5,8,20,8,20,10,16,,67,,1,21,121.5111291,25.0877416
113,6,2,17,33,2,08士林區,士林區中正路與通河西街2段5巷口,0,0,1,3,H01,6,6,5,30,4,2,1,4,4,1,11,4,4,1,5,5,1,9,1,38,2,8,4,5,8,16,8,20,10,16,,67,,1,21,121.5111291,25.0877416
113,6,2,17,46,2,05中正區,中正區忠孝東路2段與新生南路1段口,0,0,1,1,C03,8,7,5,50,4,4,1,4,4,5,13,1,1,3,4,4,1,18,2,21,2,9,6,1,7,9,1,10,2,14,,116,,1,22,121.5324569,25.042361
113,6,2,17,46,2,05中正區,中正區忠孝東路2段與新生南路1段口,0,0,1,2,,8,7,5,50,4,4,1,4,4,5,13,1,1,3,4,4,1,18,3,0,,,,,,,,,,,,67,,1,,121.5324569,25.042361
113,6,2,18,41,2,07信義區,信義區吳興街與吳興街260巷口,0,0,1,1,C03,6,5,5,30,4,18,1,3,4,5,13,4,4,9,5,5,1,3,1,58,4,11,5,1,7,15,1,9,9,17,,70,,1,22,121.5638673,25.0268043
113,6,2,18,41,2,07信義區,信義區吳興街與吳興街260巷口,0,0,1,2,H01,6,5,5,30,4,18,1,3,4,5,13,4,4,9,5,5,1,3,1,22,2,8,4,5,8,16,8,20,10,16,,67,,1,22,121.5638673,25.0268043
113,6,2,18,44,2,02萬華區,萬華區中華路2段364巷40號,0,0,2,1,C03,6,5,5,50,14,9,1,4,4,5,13,4,4,9,5,5,2,2,1,29,2,9,5,1,7,9,1,10,1,12,,108,,1,21,121.503152,25.0281945
113,6,2,18,44,2,02萬華區,萬華區中華路2段364巷40號,0,0,2,2,H01,6,5,5,50,14,9,1,4,4,5,13,4,4,9,5,5,2,2,2,76,2,5,4,5,8,16,8,20,10,16,,67,,1,21,121.503152,25.0281945
113,6,2,19,4,2,06松山區,松山區南京東路5段與寶清街口口,0,0,2,1,C03,6,5,5,50,4,1,1,4,4,5,13,2,1,1,4,5,2,17,1,28,2,9,6,1,7,5,1,10,1,13,,8,,1,21,121.5683067,25.0514257
113,6,2,19,4,2,06松山區,松山區南京東路5段與寶清街口口,0,0,2,2,C03,6,5,5,50,4,1,1,4,4,5,13,2,1,1,4,5,2,17,1,22,2,9,6,1,7,9,1,10,1,11,,13,,1,21,121.5683067,25.0514257
113,6,2,19,12,2,01大同區,大同區南京西路與西寧北路口口,0,0,1,1,B01,6,5,5,50,4,1,1,4,4,5,13,2,1,5,5,5,2,3,1,64,3,10,7,1,7,5,1,4,2,5,,70,,1,21,121.5086487,25.0533019
113,6,2,19,12,2,01大同區,大同區南京西路與西寧北路口口,0,0,1,2,H01,6,5,5,50,4,1,1,4,4,5,13,2,1,5,5,5,2,3,2,53,2,9,4,5,8,18,8,20,10,16,,67,,1,21,121.5086487,25.0533019
113,6,2,20,38,2,12內湖區,內湖區東湖路與東湖路58巷口,0,0,1,1,B02,6,5,5,50,4,2,1,4,4,5,13,1,1,5,5,5,2,11,1,47,4,11,3,4,7,8,1,8,11,2,,100,,1,22,121.6137936,25.06875277
113,6,2,20,38,2,12內湖區,內湖區東湖路與東湖路58巷口,0,0,1,2,C03,6,5,5,50,4,2,1,4,4,5,13,1,1,5,5,5,2,11,1,63,2,8,5,1,7,9,1,10,9,14,,44,,1,21,121.6137936,25.06875277
113,6,2,20,54,2,03中山區,中山區中山北路1段與市民大道1段口,0,0,1,1,C03,6,5,5,50,4,2,1,4,4,5,13,1,1,1,4,5,2,12,1,76,2,9,5,4,7,8,1,10,1,13,,100,,1,22,121.5206988,25.04826521
113,6,2,20,54,2,03中山區,中山區中山北路1段與市民大道1段口,0,0,1,2,B03,6,5,5,50,4,2,1,4,4,5,13,1,1,1,4,5,2,12,1,33,3,10,3,4,7,9,1,8,1,8,,44,,1,22,121.5206988,25.04826521
113,6,2,21,1,2,04大安區,大安區敦化南路2段與敦化南路2段63巷口,0,0,1,1,B03,6,5,5,50,4,1,1,4,4,5,13,2,1,1,2,1,2,17,1,28,3,10,3,4,7,5,1,8,1,17,,71,,1,21,121.5489946,25.0309448
113,6,2,21,1,2,04大安區,大安區敦化南路2段與敦化南路2段63巷口,0,0,1,2,C03,6,5,5,50,4,1,1,4,4,5,13,2,1,1,2,1,2,17,1,45,2,7,3,4,7,9,1,10,1,12,,13,,1,21,121.5489946,25.0309448
113,6,2,21,5,2,04大安區,大安區敦化南路1段與敦化南路1段190巷口,0,0,1,1,B02,6,5,5,50,4,2,1,4,4,5,13,2,1,5,4,5,2,1,1,32,3,10,7,1,7,5,1,8,1,5,,44,,1,21,121.5488963,25.0426755
113,6,2,21,5,2,04大安區,大安區敦化南路1段與敦化南路1段190巷口,0,0,1,2,H01,6,5,5,50,4,2,1,4,4,5,13,2,1,5,4,5,2,1,2,42,2,9,4,5,8,16,8,20,10,16,,67,,1,21,121.5488963,25.0426755
113,6,2,21,12,2,12內湖區,內湖區民權東路6段與舊宗路1段口,0,0,1,1,B03,6,5,5,50,4,1,1,4,4,5,13,1,1,1,4,5,2,16,1,37,3,10,7,1,7,8,1,8,1,2,,100,,1,21,121.57526,25.06563722
113,6,2,21,12,2,12內湖區,內湖區民權東路6段與舊宗路1段口,0,0,1,2,C03,6,5,5,50,4,1,1,4,4,5,13,1,1,1,4,5,2,16,2,25,2,9,6,1,7,9,1,10,1,14,,44,,1,21,121.57526,25.06563722
113,6,2,21,31,2,08士林區,士林區中正路與美德街口,0,0,1,1,C03,7,5,5,50,3,2,1,4,4,5,13,4,4,3,4,5,2,17,1,72,3,10,5,1,7,7,1,10,11,17,,100,,2,21,121.5252492,25.0952567
113,6,2,21,31,2,08士林區,士林區中正路與美德街口,0,0,1,2,C03,7,5,5,50,3,2,1,4,4,5,13,4,4,3,4,5,2,17,1,23,2,9,6,1,7,9,1,10,1,14,,42,,1,21,121.5252492,25.0952567
113,6,2,22,0,2,04大安區,大安區市民大道4段與延吉街口,0,0,2,1,H01,6,6,5,0,4,18,1,4,4,5,13,2,1,1,4,5,2,3,1,64,2,9,4,5,8,16,8,20,10,16,,122,,1,21,121.5536825,25.0443096
113,6,2,22,0,2,04大安區,大安區市民大道4段與延吉街口,0,0,2,2,C03,6,6,5,0,4,18,1,4,4,5,13,2,1,1,4,5,2,3,1,29,2,9,3,4,7,9,1,10,1,11,,44,,1,21,121.5536825,25.0443096
113,6,2,22,5,2,08士林區,士林區中山北路5段與劍潭路口,0,0,1,1,B03,6,5,5,50,3,1,1,4,4,5,13,2,1,5,4,5,2,17,1,48,3,10,7,1,7,5,1,8,1,17,,85,,1,21,121.5253515,25.0842134
113,6,2,22,5,2,08士林區,士林區中山北路5段與劍潭路口,0,0,1,2,C03,6,5,5,50,3,1,1,4,4,5,13,2,1,5,4,5,2,17,2,44,2,9,6,1,7,9,1,10,1,12,,44,,1,21,121.5253515,25.0842134
113,6,2,22,15,2,11南港區,南港區福德街與福德街339巷口,0,0,1,1,C01,6,5,5,50,3,2,1,4,4,5,13,4,4,5,4,5,2,3,1,45,3,10,5,1,7,9,1,9,1,11,,70,,1,21,121.5884051,25.0395348
113,6,2,22,15,2,11南港區,南港區福德街與福德街339巷口,0,0,1,2,H01,6,5,5,50,3,2,1,4,4,5,13,4,4,5,4,5,2,3,2,74,2,9,4,5,8,16,8,20,10,16,,121,,1,21,121.5884051,25.0395348
113,6,2,22,25,2,03中山區,中山區復興北路422號,0,0,1,1,C03,6,5,5,50,14,9,1,4,4,5,13,4,4,1,4,5,2,13,1,22,3,10,6,1,7,8,1,10,1,13,,100,,1,21,121.5441354,25.06271384
113,6,2,22,25,2,03中山區,中山區復興北路422號,0,0,1,2,C03,6,5,5,50,14,9,1,4,4,5,13,4,4,1,4,5,2,13,1,21,2,9,6,1,7,9,1,10,1,11,,16,,1,21,121.5441354,25.06271384
113,6,2,22,38,2,12內湖區,內湖區金湖路與康寧路3段口,0,0,2,1,C03,6,5,5,50,4,1,1,4,4,5,13,1,1,1,4,5,2,16,2,39,2,9,6,1,7,8,1,10,1,12,,100,,1,21,121.605812,25.07336075
113,6,2,22,38,2,12內湖區,內湖區金湖路與康寧路3段口,0,0,2,2,C03,6,5,5,50,4,1,1,4,4,5,13,1,1,1,4,5,2,16,2,21,2,9,6,1,7,9,1,10,1,14,,44,,1,21,121.605812,25.07336075
113,6,3,3,6,2,07信義區,信義區忠孝東路5段71巷與基隆路1段147巷口,0,0,1,1,B02,6,5,5,30,4,1,1,4,4,5,13,4,4,10,5,5,2,15,1,30,3,10,7,1,7,9,1,14,2,2,,72,,1,21,121.567361,25.0423628
113,6,3,3,6,2,07信義區,信義區忠孝東路5段71巷與基隆路1段147巷口,0,0,1,2,B01,6,5,5,30,4,1,1,4,4,5,13,4,4,10,5,5,2,15,1,58,2,9,7,1,7,9,1,4,2,1,,14,,1,21,121.567361,25.0423628
113,6,3,3,6,2,07信義區,信義區忠孝東路5段71巷與基隆路1段147巷口,0,0,1,3,C03,6,5,5,30,4,1,1,4,4,5,13,4,4,10,5,5,2,15,1,74,3,10,3,1,7,13,1,10,9,14,,44,,1,21,121.567361,25.0423628
113,6,3,3,6,2,07信義區,信義區忠孝東路5段71巷與基隆路1段147巷口,0,0,1,4,C03,6,5,5,30,4,1,1,4,4,5,13,4,4,10,5,5,2,15,2,59,3,10,3,1,7,13,1,10,9,14,,44,,1,21,121.567361,25.0423628
113,6,3,3,6,2,07信義區,信義區忠孝東路5段71巷與基隆路1段147巷口,0,0,1,5,C03,6,5,5,30,4,1,1,4,4,5,13,4,4,10,5,5,2,15,2,36,3,10,3,1,7,13,1,10,9,14,,44,,1,21,121.567361,25.0423628
113,6,3,3,6,2,07信義區,信義區忠孝東路5段71巷與基隆路1段147巷口,0,0,1,6,C04,6,5,5,30,4,1,1,4,4,5,13,4,4,10,5,5,2,15,1,51,3,10,3,1,7,13,1,10,9,14,,44,,1,21,121.567361,25.0423628