發生年度,發生月,發生日,發生時-Hours,發生分,處理別-編號,區序,肇事地點,死亡人數,2-30日死亡人數,受傷人數,當事人序號,車種,天候,道路照明設備,道路類別,速限-速度限制,道路型態,事故位置,路面狀況1,路面狀況2,路面狀況3,道路障礙1,道路障礙2,號誌1,號誌2,車道劃分-分向,車道劃分-分道1,車道劃分-分道2,車道劃分-分道3,事故類型及型態,性別,年齡,受傷程度,主要傷處,保護裝置,行動電話,車輛用途,當事者行動狀態,駕駛資格情形,駕駛執照種類,飲酒情形,車輛撞擊部位1,車輛撞擊部位2,肇因碼-個別,肇因碼-主要,個人肇逃否,職業,座標-X,座標-Y
113,6,3,3,6,2,07信義區,信義區忠孝東路5段71巷與基隆路1段147巷口,0,0,1,7,C03,6,5,5,30,4,1,1,4,4,5,13,4,4,10,5,5,2,15,1,41,3,10,3,1,7,13,1,10,9,14,,44,,1,21,121.567361,25.0423628
113,6,3,3,6,2,07信義區,信義區忠孝東路5段71巷與基隆路1段147巷口,0,0,1,8,C03,6,5,5,30,4,1,1,4,4,5,13,4,4,10,5,5,2,15,2,69,3,10,3,1,7,13,1,10,9,14,,44,,1,21,121.567361,25.0423628
113,6,3,3,6,2,07信義區,信義區忠孝東路5段71巷與基隆路1段147巷口,0,0,1,9,C03,6,5,5,30,4,1,1,4,4,5,13,4,4,10,5,5,2,15,1,34,3,10,3,1,7,13,1,10,9,14,,44,,1,21,121.567361,25.0423628
113,6,3,3,6,2,07信義區,信義區忠孝東路5段71巷與基隆路1段147巷口,0,0,1,10,C03,6,5,5,30,4,1,1,4,4,5,13,4,4,10,5,5,2,15,1,44,3,10,3,1,7,13,1,10,9,14,,44,,1,21,121.567361,25.0423628
113,6,3,3,6,2,07信義區,信義區忠孝東路5段71巷與基隆路1段147巷口,0,0,1,11,C03,6,5,5,30,4,1,1,4,4,5,13,4,4,10,5,5,2,15,1,64,3,10,3,1,7,13,1,10,9,14,,44,,1,21,121.567361,25.0423628
113,6,3,3,6,2,07信義區,信義區忠孝東路5段71巷與基隆路1段147巷口,0,0,1,12,C03,6,5,5,30,4,1,1,4,4,5,13,4,4,10,5,5,2,15,1,40,3,10,3,1,7,13,1,10,9,14,,44,,1,21,121.567361,25.0423628
113,6,3,3,6,2,07信義區,信義區忠孝東路5段71巷與基隆路1段147巷口,0,0,1,13,C03,6,5,5,30,4,1,1,4,4,5,13,4,4,10,5,5,2,15,1,58,3,10,3,1,7,13,1,10,9,14,,44,,1,21,121.567361,25.0423628
113,6,3,3,6,2,07信義區,信義區忠孝東路5段71巷與基隆路1段147巷口,0,0,1,14,C03,6,5,5,30,4,1,1,4,4,5,13,4,4,10,5,5,2,15,1,22,3,10,3,1,7,13,1,10,9,14,,44,,1,21,121.567361,25.0423628
113,6,3,3,6,2,07信義區,信義區忠孝東路5段71巷與基隆路1段147巷口,0,0,1,15,C03,6,5,5,30,4,1,1,4,4,5,13,4,4,10,5,5,2,15,1,60,3,10,3,1,7,13,1,10,9,14,,44,,1,21,121.567361,25.0423628
113,6,3,3,6,2,07信義區,信義區忠孝東路5段71巷與基隆路1段147巷口,0,0,1,16,,6,5,5,30,4,1,1,4,4,5,13,4,4,10,5,5,2,15,3,26,,,,,,,,,10,,,67,,1,,121.567361,25.0423628
113,6,3,6,54,2,11南港區,南港區南港路1段與興東街口,0,0,1,1,A02,7,5,5,50,4,2,1,5,4,5,13,1,1,1,4,5,2,12,1,59,3,10,7,1,7,7,1,2,1,7,,100,,1,21,121.6127617,25.0553448
113,6,3,6,54,2,11南港區,南港區南港路1段與興東街口,0,0,1,2,C03,7,5,5,50,4,2,1,5,4,5,13,1,1,1,4,5,2,12,1,31,2,9,6,1,7,9,1,9,1,14,,108,,1,21,121.6127617,25.0553448
113,6,3,7,25,2,07信義區,信義區忠孝東路5段1號,0,0,1,1,C03,7,7,5,50,14,9,1,5,4,5,13,1,1,5,5,5,2,13,2,45,2,9,5,1,7,9,1,10,1,11,,14,,1,21,121.5649844,25.0412056
113,6,3,7,25,2,07信義區,信義區忠孝東路5段1號,0,0,1,2,B03,7,7,5,50,14,9,1,5,4,5,13,1,1,5,5,5,2,13,1,27,3,10,7,1,7,14,1,8,1,6,,44,,1,21,121.5649844,25.0412056
113,6,3,7,41,2,04大安區,大安區和平東路3段與樂業街口,0,0,2,1,C03,7,5,5,50,14,9,1,5,4,5,13,4,4,1,4,5,2,13,2,45,2,9,6,1,7,9,1,10,1,14,,14,,1,21,121.5499086,25.0244329
113,6,3,7,41,2,04大安區,大安區和平東路3段與樂業街口,0,0,2,2,C03,7,5,5,50,14,9,1,5,4,5,13,4,4,1,4,5,2,13,1,53,2,8,6,1,7,12,1,10,1,12,,42,,1,21,121.5499086,25.0244329
113,6,3,8,20,2,04大安區,大安區基隆路3段與辛亥路3段口,0,0,1,1,A02,7,6,5,50,4,1,1,5,4,5,13,1,1,1,3,5,2,17,1,61,3,10,7,1,7,9,1,1,1,1,,108,,1,21,121.5579238,24.99943261
113,6,3,8,20,2,04大安區,大安區基隆路3段與辛亥路3段口,0,0,1,2,C03,7,6,5,50,4,1,1,5,4,5,13,1,1,1,3,5,2,17,1,33,2,9,5,1,7,14,1,10,1,13,,44,,1,21,121.5579238,24.99943261
113,6,3,8,36,2,12內湖區,內湖區民權東路6段與民善街口,0,0,1,1,B01,7,6,5,50,4,1,1,5,4,5,13,1,1,1,4,5,1,17,1,53,3,10,7,1,7,6,1,4,1,5,,9,,1,21,121.5740164,25.06516649
113,6,3,8,36,2,12內湖區,內湖區民權東路6段與民善街口,0,0,1,2,C03,7,6,5,50,4,1,1,5,4,5,13,1,1,1,4,5,1,17,1,31,2,7,6,1,7,9,1,10,1,14,,44,,1,26,121.5740164,25.06516649
113,6,3,8,40,2,01大同區,大同區重慶北路2段與民生西路口,0,0,1,1,C03,6,6,5,50,4,1,1,4,4,5,13,2,1,9,4,5,2,13,2,34,2,9,5,1,7,9,1,10,2,11,,16,,1,21,121.5136695,25.0570887
113,6,3,8,40,2,01大同區,大同區重慶北路2段與民生西路口,0,0,1,2,C03,6,6,5,50,4,1,1,4,4,5,13,2,1,9,4,5,2,13,1,42,3,10,5,1,7,9,1,10,2,13,,44,,1,21,121.5136695,25.0570887
113,6,3,8,40,2,01大同區,大同區重慶北路2段與民生西路口,0,0,1,3,C03,6,6,5,50,4,1,1,4,4,5,13,2,1,9,4,5,2,13,2,41,3,10,5,1,7,15,1,10,2,13,,100,,1,21,121.5136695,25.0570887
113,6,3,8,42,2,02萬華區,萬華區環河南路1段2號,0,0,2,1,C03,7,7,5,50,14,9,1,5,4,5,13,4,4,9,4,5,2,17,1,77,2,9,5,1,7,11,1,10,1,14,,80,,1,21,121.5057685,25.04845438
113,6,3,8,42,2,02萬華區,萬華區環河南路1段2號,0,0,2,2,C03,7,7,5,50,14,9,1,5,4,5,13,4,4,9,4,5,2,17,1,32,2,9,5,1,7,9,1,10,1,11,,44,,1,21,121.5057685,25.04845438
113,6,3,9,15,2,11南港區,南港區三重路19-8號,0,0,1,1,B01,7,6,5,50,14,9,1,5,4,5,13,4,4,5,4,5,2,13,1,53,3,10,7,1,7,7,1,4,1,3,,100,,1,21,121.614074,25.0575853
113,6,3,9,15,2,11南港區,南港區三重路19-8號,0,0,1,2,C03,7,6,5,50,14,9,1,5,4,5,13,4,4,5,4,5,2,13,2,24,2,9,6,1,7,9,1,10,1,11,,108,,1,21,121.614074,25.0575853
113,6,3,9,36,2,01大同區,大同區忠孝西路2段與西寧北路口,0,0,4,1,C01,7,6,5,50,4,1,1,5,4,5,13,2,1,8,3,5,1,16,1,27,2,8,6,1,7,9,3,18,2,11,,81,,1,21,121.5076595,25.0487009
113,6,3,9,36,2,01大同區,大同區忠孝西路2段與西寧北路口,0,0,4,2,C03,7,6,5,50,4,1,1,5,4,5,13,2,1,8,3,5,1,16,1,47,2,5,6,1,7,5,1,10,2,11,,44,,1,21,121.5076595,25.0487009
113,6,3,9,36,2,01大同區,大同區忠孝西路2段與西寧北路口,0,0,4,3,C03,7,6,5,50,4,1,1,5,4,5,13,2,1,8,3,5,1,16,2,30,2,9,6,1,7,5,1,10,2,12,,44,,1,21,121.5076595,25.0487009
113,6,3,9,36,2,01大同區,大同區忠孝西路2段與西寧北路口,0,0,4,4,C03,7,6,5,50,4,1,1,5,4,5,13,2,1,8,3,5,1,16,1,35,2,7,6,1,7,5,1,10,2,11,,44,,1,21,121.5076595,25.0487009
113,6,3,9,36,2,01大同區,大同區忠孝西路2段與西寧北路口,0,0,4,5,B02,7,6,5,50,4,1,1,5,4,5,13,2,1,8,3,5,1,16,1,45,3,10,3,4,7,5,1,8,2,2,,44,,1,21,121.5076595,25.0487009
113,6,3,9,46,2,10文山區,文山區萬慶街與水源快速道路口景福匝道,0,0,1,1,B03,7,6,5,30,5,2,1,5,4,5,13,1,1,10,5,5,2,16,1,68,3,10,7,1,7,5,1,8,1,17,,8,,1,21,121.5357074,24.9961808
113,6,3,9,46,2,10文山區,文山區萬慶街與水源快速道路口景福匝道,0,0,1,2,C03,7,6,5,30,5,2,1,5,4,5,13,1,1,10,5,5,2,16,2,28,2,8,6,1,7,4,1,10,1,14,,13,,1,21,121.5357074,24.9961808
113,6,3,9,46,2,10文山區,文山區萬慶街與水源快速道路口景福匝道,0,0,1,3,,7,6,5,30,5,2,1,5,4,5,13,1,1,10,5,5,2,16,3,0,,,,,,,,,,,,67,,1,,121.5357074,24.9961808
113,6,3,10,0,2,04大安區,大安區長興街75號,0,0,1,1,B03,8,5,6,30,14,9,1,5,4,5,13,4,4,8,3,5,1,16,1,46,3,10,7,1,7,5,1,8,1,8,,80,,1,21,121.5461376,25.0159469
113,6,3,10,0,2,04大安區,大安區長興街75號,0,0,1,2,C03,8,5,6,30,14,9,1,5,4,5,13,4,4,8,3,5,1,16,1,43,2,9,6,1,7,9,1,10,1,12,,16,,1,21,121.5461376,25.0159469
113,6,3,10,4,2,03中山區,中山區北安路與北安路554巷口,0,0,1,1,C03,7,6,5,50,4,1,1,5,4,5,13,2,1,1,4,5,2,16,1,31,3,10,6,1,7,6,1,10,1,13,,86,,1,21,121.548199,25.080413
113,6,3,10,4,2,03中山區,中山區北安路與北安路554巷口,0,0,1,2,C03,7,6,5,50,4,1,1,5,4,5,13,2,1,1,4,5,2,16,2,65,2,7,5,1,7,9,1,10,1,11,,44,,1,21,121.548199,25.080413
113,6,3,10,4,2,03中山區,中山區北安路與北安路554巷口,0,0,1,3,,7,6,5,50,4,1,1,5,4,5,13,2,1,1,4,5,2,16,3,0,,,,,,,,,,,,67,,1,,121.548199,25.080413
113,6,3,10,4,2,03中山區,中山區北安路與北安路554巷口,0,0,1,4,B03,7,6,5,50,4,1,1,5,4,5,13,2,1,1,4,5,2,16,1,52,3,10,2,4,7,13,1,8,9,17,,38,,1,21,121.548199,25.080413
113,6,3,10,46,2,02萬華區,萬華區萬大路與莒光路口,0,0,1,1,B01,8,6,5,50,4,1,1,5,4,5,13,2,1,5,4,5,2,11,2,68,3,10,7,1,7,11,1,4,1,5,,10,,1,21,121.5005939,25.03127349
113,6,3,10,46,2,02萬華區,萬華區萬大路與莒光路口,0,0,1,2,C03,8,6,5,50,4,1,1,5,4,5,13,2,1,5,4,5,2,11,2,21,2,8,6,1,7,9,1,10,1,11,,44,,1,21,121.5005939,25.03127349
113,6,3,11,16,2,04大安區,大安區信義路3段與建國南路1段口,0,0,2,1,B03,8,6,5,50,4,2,1,5,4,5,13,1,1,1,4,5,1,10,2,36,2,9,3,4,7,15,1,8,7,1,,21,,1,21,121.5382673,25.0336112
113,6,3,11,16,2,04大安區,大安區信義路3段與建國南路1段口,0,0,2,2,C03,8,6,5,50,4,2,1,5,4,5,13,1,1,1,4,5,1,10,2,72,2,9,3,4,7,9,1,10,2,11,,44,,1,21,121.5382673,25.0336112
113,6,3,11,45,2,05中正區,中正區濟南路1段與鎮江街口,0,0,1,1,B02,8,7,5,50,3,2,1,5,4,5,13,1,1,9,4,5,1,8,1,41,3,10,7,1,7,1,1,2,2,8,,19,,1,22,121.521233,25.0426801
113,6,3,11,45,2,05中正區,中正區濟南路1段與鎮江街口,0,0,1,2,H01,8,7,5,50,3,2,1,5,4,5,13,1,1,9,4,5,1,8,1,33,2,8,4,5,8,17,8,20,10,16,,60,,1,22,121.521233,25.0426801
113,6,3,11,46,2,04大安區,大安區通化街39巷56號,0,0,1,3,B02,8,7,5,30,14,9,1,5,4,5,13,4,4,10,5,5,1,9,1,36,3,10,3,4,7,14,1,4,1,6,,38,,1,21,121.5558913,25.0307164
113,6,3,11,46,2,04大安區,大安區通化街39巷56號,0,0,1,1,H02,8,7,5,30,14,9,1,5,4,5,13,4,4,10,5,5,1,9,1,28,3,10,3,5,7,19,8,20,10,17,,56,,1,21,121.5558913,25.0307164
113,6,3,11,46,2,04大安區,大安區通化街39巷56號,0,0,1,2,F01,8,7,5,30,14,9,1,5,4,5,13,4,4,10,5,5,1,9,1,15,2,7,3,4,7,9,8,20,1,14,,44,,1,21,121.5558913,25.0307164
113,6,3,11,54,2,02萬華區,萬華區中華路2段393號對面,0,0,1,1,B02,8,6,5,40,14,7,1,5,4,5,13,4,4,9,4,4,2,16,1,36,3,10,3,4,7,11,1,8,1,4,,103,,1,22,121.5081865,25.0258419
113,6,3,11,54,2,02萬華區,萬華區中華路2段393號對面,0,0,1,2,C03,8,6,5,40,14,7,1,5,4,5,13,4,4,9,4,4,2,16,1,34,2,9,6,1,7,9,1,10,1,11,,44,,1,21,121.5081865,25.0258419
113,6,3,12,1,2,11南港區,南港區忠孝東路7段與興中路口,0,0,1,1,C03,8,6,5,50,3,2,1,5,4,5,13,1,1,1,4,4,2,9,1,35,2,9,6,1,7,9,1,10,1,12,,42,,1,21,121.6082647,25.0521911
113,6,3,12,1,2,11南港區,南港區忠孝東路7段與興中路口,0,0,1,2,H03,8,6,5,50,3,2,1,5,4,5,13,1,1,1,4,4,2,9,1,51,3,10,4,5,8,20,8,20,10,16,,67,,1,21,121.6082647,25.0521911
113,6,3,12,6,2,04大安區,大安區羅斯福路4段與基隆路4段口,0,0,1,1,B03,7,5,5,50,5,1,1,5,4,5,13,2,1,1,4,1,1,17,1,44,3,10,7,1,7,9,1,8,1,17,,99,,1,21,121.5372885,25.0109741
113,6,3,12,6,2,04大安區,大安區羅斯福路4段與基隆路4段口,0,0,1,2,C03,7,5,5,50,5,1,1,5,4,5,13,2,1,1,4,1,1,17,2,29,2,9,6,1,7,9,1,10,1,14,,44,,1,21,121.5372885,25.0109741
113,6,3,12,11,2,01大同區,大同區延平北路2段與民權西路口,0,0,1,1,C03,7,6,5,40,4,2,1,5,4,5,13,1,1,1,4,5,2,17,1,28,3,10,5,1,7,5,1,10,2,14,,8,,1,21,121.5110724,25.0628652
113,6,3,12,11,2,01大同區,大同區延平北路2段與民權西路口,0,0,1,2,C03,7,6,5,40,4,2,1,5,4,5,13,1,1,1,4,5,2,17,2,28,2,8,5,1,7,9,1,10,2,15,,44,,1,21,121.5110724,25.0628652
113,6,3,12,38,2,08士林區,士林區延平北路7段106巷327弄23號前,0,0,1,1,B03,8,6,5,30,14,9,1,5,4,5,13,4,4,10,5,5,1,14,1,46,3,10,7,1,7,2,1,8,2,3,,12,,1,21,121.4956566,25.10537741
113,6,3,12,38,2,08士林區,士林區延平北路7段106巷327弄23號前,0,0,1,2,C03,8,6,5,30,14,9,1,5,4,5,13,4,4,10,5,5,1,14,2,20,2,9,5,1,7,9,1,10,2,14,,44,,1,21,121.4956566,25.10537741
113,6,3,12,50,2,05中正區,中正區重慶南路1段與貴陽街1段口,0,0,2,1,C03,8,7,5,50,5,1,1,5,4,5,13,1,1,5,3,5,2,13,2,65,2,9,6,1,7,9,1,10,1,11,,108,,1,21,121.5128149,25.0387222
113,6,3,12,50,2,05中正區,中正區重慶南路1段與貴陽街1段口,0,0,2,2,C03,8,7,5,50,5,1,1,5,4,5,13,1,1,5,3,5,2,13,1,25,2,8,6,1,7,12,1,10,1,13,,44,,1,21,121.5128149,25.0387222
113,6,3,13,15,2,09北投區,北投區北投路2段與大業路452巷口,0,0,1,1,C03,8,7,5,50,4,2,1,5,4,5,13,2,1,5,4,5,2,16,2,22,2,9,6,1,7,9,1,10,9,11,,44,,1,22,121.4974573,25.1328369
113,6,3,13,15,2,09北投區,北投區北投路2段與大業路452巷口,0,0,1,2,C03,8,7,5,50,4,2,1,5,4,5,13,2,1,5,4,5,2,16,1,78,3,10,6,1,7,5,1,10,9,11,,71,,1,22,121.4974573,25.1328369
113,6,3,13,20,2,04大安區,大安區延吉街246巷與延吉街口,0,0,1,1,C03,8,7,5,30,3,1,1,5,4,5,13,4,4,5,5,5,1,15,2,46,2,8,3,4,7,9,1,10,1,14,,72,,1,21,121.5556928,25.0354191
113,6,3,13,20,2,04大安區,大安區延吉街246巷與延吉街口,0,0,1,2,B03,8,7,5,30,3,1,1,5,4,5,13,4,4,5,5,5,1,15,1,66,3,10,3,4,7,1,1,4,1,1,,19,,1,21,121.5556928,25.0354191
113,6,3,13,30,2,03中山區,中山區民權西路68-1號,0,0,1,1,C04,7,7,5,0,22,25,2,5,4,5,13,4,4,10,5,5,2,9,2,63,3,10,5,1,7,1,3,18,1,11,,19,,1,21,121.519825,25.06289738
113,6,3,13,30,2,03中山區,中山區民權西路68-1號,0,0,1,2,H01,7,7,5,0,22,25,2,5,4,5,13,4,4,10,5,5,2,9,1,30,2,8,4,5,8,16,8,20,10,16,,67,,1,21,121.519825,25.06289738
113,6,3,13,35,2,10文山區,文山區辛亥路4段與興隆路3段口,0,0,1,1,C03,8,6,5,50,4,1,1,5,4,5,13,2,1,1,4,5,2,16,2,54,2,9,6,1,7,5,1,10,2,14,,8,,1,21,121.554613,25.0009492
113,6,3,13,35,2,10文山區,文山區辛亥路4段與興隆路3段口,0,0,1,2,B01,8,6,5,50,4,1,1,5,4,5,13,2,1,1,4,5,2,16,1,34,3,10,7,1,7,9,1,4,2,5,,44,,1,21,121.554613,25.0009492
113,6,3,13,50,2,07信義區,信義區信義路5段5號,0,0,1,1,B03,8,7,5,50,14,9,1,5,4,5,13,1,1,9,4,5,2,12,1,20,3,10,7,1,7,10,1,8,1,4,,100,,1,21,121.5628248,25.0330192
113,6,3,13,50,2,07信義區,信義區信義路5段5號,0,0,1,2,C03,8,7,5,50,14,9,1,5,4,5,13,1,1,9,4,5,2,12,1,34,2,9,5,1,7,7,1,10,9,12,,44,,1,21,121.5628248,25.0330192
113,6,3,14,20,2,03中山區,中山區南京西路12號,0,0,1,1,C03,8,7,5,50,14,7,1,5,4,5,13,4,4,3,4,4,2,13,2,18,2,8,6,1,7,9,1,10,2,11,,108,,1,16,121.5210195,25.05246294
113,6,3,14,20,2,03中山區,中山區南京西路12號,0,0,1,2,B03,8,7,5,50,14,7,1,5,4,5,13,4,4,3,4,4,2,13,1,29,3,10,7,1,7,9,1,8,2,7,,44,,1,21,121.5210195,25.05246294
113,6,3,14,20,2,03中山區,中山區南京西路12號,0,0,1,3,B01,8,7,5,50,14,7,1,5,4,5,13,4,4,3,4,4,2,13,1,54,3,10,7,1,7,15,1,4,9,17,,38,,1,21,121.5210195,25.05246294
113,6,3,14,20,2,10文山區,文山區新光路2段與文和橋口口,0,0,1,1,B12,7,7,5,50,3,1,1,5,4,5,13,1,1,10,5,5,1,16,1,45,3,10,7,1,7,5,1,3,1,4,,84,,1,22,121.5963295,25.0013531
113,6,3,14,20,2,10文山區,文山區新光路2段與文和橋口口,0,0,1,2,C03,7,7,5,50,3,1,1,5,4,5,13,1,1,10,5,5,1,16,1,25,2,9,5,1,7,9,1,10,1,11,,44,,1,22,121.5963295,25.0013531
113,6,3,14,50,2,12內湖區,內湖區民權東路6段180巷63號,0,0,2,1,C03,8,5,5,30,14,9,1,5,4,3,10,4,4,8,3,5,1,12,1,29,2,8,3,4,7,1,1,10,1,11,,19,,1,22,121.5551473,25.0847503
113,6,3,14,50,2,12內湖區,內湖區民權東路6段180巷63號,0,0,2,2,C03,8,5,5,30,14,9,1,5,4,3,10,4,4,8,3,5,1,12,1,27,2,8,3,4,7,9,1,10,1,12,,44,,1,22,121.5551473,25.0847503
113,6,3,14,50,2,12內湖區,內湖區民權東路6段180巷63號,0,0,2,3,B12,8,5,5,30,14,9,1,5,4,3,10,4,4,8,3,5,1,12,5,0,4,11,3,4,7,21,7,19,11,17,,118,,1,22,121.5551473,25.0847503
113,6,3,15,13,2,04大安區,大安區樂業街106號與樂業街口,0,0,1,1,C03,7,5,5,50,3,2,1,5,4,5,13,4,4,9,5,5,2,9,1,75,4,11,3,4,7,21,1,10,9,11,,118,,2,22,121.5516825,25.0210424
113,6,3,15,13,2,04大安區,大安區樂業街106號與樂業街口,0,0,1,2,H01,7,5,5,50,3,2,1,5,4,5,13,4,4,9,5,5,2,9,2,44,2,6,4,5,8,17,8,20,9,16,,60,,1,21,121.5516825,25.0210424
113,6,3,15,30,2,05中正區,中正區林森北路11號,0,0,2,2,C03,7,6,5,50,14,9,1,5,4,5,13,4,4,9,4,5,1,13,2,24,2,9,6,1,7,9,1,10,2,11,,44,,1,22,121.5236672,25.0461581
113,6,3,15,30,2,05中正區,中正區林森北路11號,0,0,2,3,C03,7,6,5,50,14,9,1,5,4,5,13,4,4,9,4,5,1,13,2,24,2,9,6,1,7,9,1,10,1,11,,44,,1,22,121.5236672,25.0461581
113,6,3,15,30,2,05中正區,中正區林森北路11號,0,0,2,1,C03,7,6,5,50,14,9,1,5,4,5,13,4,4,9,4,5,1,13,1,61,4,11,3,4,7,12,7,19,11,13,,14,,2,22,121.5236672,25.0461581
113,6,3,15,49,2,01大同區,大同區承德路3段37號,0,0,1,3,C03,8,5,6,50,14,9,1,5,4,5,13,4,4,1,4,5,2,18,1,28,2,9,3,4,7,9,1,10,2,14,,44,,1,21,121.5184079,25.0644031
113,6,3,15,49,2,01大同區,大同區承德路3段37號,0,0,1,2,B03,8,5,6,50,14,9,1,5,4,5,13,4,4,1,4,5,2,18,1,41,3,10,3,4,7,9,1,8,2,4,,108,,1,21,121.5184079,25.0644031
113,6,3,15,49,2,01大同區,大同區承德路3段37號,0,0,1,1,,8,5,6,50,14,9,1,5,4,5,13,4,4,1,4,5,2,18,3,27,,,,,,,,,,,,65,,1,,121.5184079,25.0644031
113,6,3,15,50,2,09北投區,北投區光明路與七星街口,0,0,3,1,C03,7,7,5,50,4,1,1,5,4,5,13,1,1,5,4,5,2,16,1,72,2,9,5,1,7,9,1,10,1,11,,44,,1,22,121.5040535,25.13692987
113,6,3,15,50,2,09北投區,北投區光明路與七星街口,0,0,3,2,C04,7,7,5,50,4,1,1,5,4,5,13,1,1,5,4,5,2,16,2,71,2,9,5,1,7,8,1,11,1,13,,100,,1,22,121.5040535,25.13692987
113,6,3,15,50,2,09北投區,北投區光明路與七星街口,0,0,3,3,H02,7,7,5,50,4,1,1,5,4,5,13,1,1,5,4,5,2,16,2,68,2,9,5,5,7,20,8,20,10,16,,67,,1,22,121.5040535,25.13692987
113,6,3,16,48,2,06松山區,松山區敦化北路往北人行道0201661燈桿旁,0,0,1,1,G06,8,5,5,50,14,20,1,5,4,5,13,4,4,10,5,5,2,9,1,39,3,10,4,1,7,9,8,20,1,16,,70,,1,21,121.5491877,25.05055394
113,6,3,16,48,2,06松山區,松山區敦化北路往北人行道0201661燈桿旁,0,0,1,2,H01,8,5,5,50,14,20,1,5,4,5,13,4,4,10,5,5,2,9,1,77,2,5,4,5,8,18,8,20,1,16,,67,,1,21,121.5491877,25.05055394
113,6,3,17,10,2,02萬華區,萬華區中興橋機車道往新北市方向上橋處,0,0,1,1,C03,8,6,5,30,8,11,1,5,4,5,13,4,4,10,5,5,1,17,1,47,3,10,5,1,7,4,1,10,1,12,,17,,1,21,121.5022606,25.0456374
113,6,3,17,10,2,02萬華區,萬華區中興橋機車道往新北市方向上橋處,0,0,1,2,C03,8,6,5,30,8,11,1,5,4,5,13,4,4,10,5,5,1,17,2,64,2,9,5,1,7,9,1,10,1,14,,44,,1,21,121.5022606,25.0456374
113,6,3,17,47,2,12內湖區,內湖區內湖路1段343-2號,0,0,1,1,C03,8,5,5,50,14,7,1,5,4,5,13,4,4,1,4,4,2,17,1,24,2,9,6,1,7,9,1,10,1,11,,16,,1,21,121.5690338,25.08217682
113,6,3,17,47,2,12內湖區,內湖區內湖路1段343-2號,0,0,1,2,B03,8,5,5,50,14,7,1,5,4,5,13,4,4,1,4,4,2,17,2,33,3,10,7,1,7,9,1,8,1,3,,44,,1,21,121.5690338,25.08217682
113,6,3,17,47,2,12內湖區,內湖區內湖路1段343-2號,0,0,1,3,B03,8,5,5,50,14,7,1,5,4,5,13,4,4,1,4,4,2,17,1,35,3,10,7,1,7,1,1,4,11,17,,19,,1,22,121.5690338,25.08217682
113,6,3,17,48,2,05中正區,中正區市民大道3段8號,0,0,1,1,C03,8,5,5,40,14,9,1,5,4,5,13,4,4,1,4,5,2,13,2,25,2,9,6,1,7,9,1,10,2,15,,44,,1,21,121.531997,25.0455512
113,6,3,17,48,2,05中正區,中正區市民大道3段8號,0,0,1,2,B03,8,5,5,40,14,9,1,5,4,5,13,4,4,1,4,5,2,13,1,50,3,10,7,1,7,9,1,8,2,7,,44,,1,21,121.531997,25.0455512
113,6,3,17,48,2,05中正區,中正區市民大道3段8號,0,0,1,3,B03,8,5,5,40,14,9,1,5,4,5,13,4,4,1,4,5,2,13,2,22,3,10,7,1,7,9,1,8,2,5,,44,,1,21,121.531997,25.0455512
113,6,3,17,48,2,05中正區,中正區市民大道3段8號,0,0,1,4,B03,8,5,5,40,14,9,1,5,4,5,13,4,4,1,4,5,2,13,1,58,3,10,7,1,7,14,1,8,9,15,,44,,1,21,121.531997,25.0455512
113,6,3,18,5,2,03中山區,中山區敬業四路與植福路口,0,0,1,1,B03,8,5,5,50,5,2,1,5,4,5,13,1,1,5,4,5,2,17,2,49,3,10,3,4,7,14,1,8,1,2,,40,,1,21,121.5587791,25.0839386
113,6,3,18,5,2,03中山區,中山區敬業四路與植福路口,0,0,1,2,C03,8,5,5,50,5,2,1,5,4,5,13,1,1,5,4,5,2,17,1,73,2,9,3,4,7,9,1,10,1,14,,44,,1,26,121.5587791,25.0839386
113,6,3,18,5,2,03中山區,中山區敬業四路與植福路口,0,0,1,3,H02,8,5,5,50,5,2,1,5,4,5,13,1,1,5,4,5,2,17,1,18,3,10,3,5,7,19,8,20,10,16,,126,,1,16,121.5587791,25.0839386
113,6,3,18,11,2,10文山區,文山區新光路2段燈桿0707623號對面,0,0,3,1,C03,7,5,5,50,11,7,1,5,4,5,13,4,4,1,4,4,2,17,1,43,2,7,3,4,7,9,1,10,2,11,,17,,1,22,121.5738543,24.9945797
113,6,3,18,11,2,10文山區,文山區新光路2段燈桿0707623號對面,0,0,3,2,C03,7,5,5,50,11,7,1,5,4,5,13,4,4,1,4,4,2,17,1,18,2,7,3,4,7,7,1,10,2,12,,100,,1,22,121.5738543,24.9945797
113,6,3,18,11,2,10文山區,文山區新光路2段燈桿0707623號對面,0,0,3,3,H02,7,5,5,50,11,7,1,5,4,5,13,4,4,1,4,4,2,17,2,18,2,9,3,5,7,20,8,20,10,16,,60,,1,22,121.5738543,24.9945797
113,6,3,18,48,2,12內湖區,內湖區文德路101巷與無名巷口,0,0,1,1,C03,6,5,5,30,3,1,1,4,4,5,13,4,4,9,4,5,2,16,2,33,3,10,5,1,7,6,1,10,1,11,,80,,1,21,121.5831106,25.07931908
113,6,3,18,48,2,12內湖區,內湖區文德路101巷與無名巷口,0,0,1,2,F01,6,5,5,30,3,1,1,4,4,5,13,4,4,9,4,5,2,16,2,42,3,10,4,1,7,9,8,20,1,11,,42,,1,21,121.5831106,25.07931908
113,6,3,18,48,2,12內湖區,內湖區文德路101巷與無名巷口,0,0,1,3,H02,6,5,5,30,3,1,1,4,4,5,13,4,4,9,4,5,2,16,2,1,2,8,4,5,7,20,8,20,10,17,,67,,1,24,121.5831106,25.07931908