發生年度,發生月,發生日,發生時-Hours,發生分,處理別-編號,區序,肇事地點,死亡人數,2-30日死亡人數,受傷人數,當事人序號,車種,天候,道路照明設備,道路類別,速限-速度限制,道路型態,事故位置,路面狀況1,路面狀況2,路面狀況3,道路障礙1,道路障礙2,號誌1,號誌2,車道劃分-分向,車道劃分-分道1,車道劃分-分道2,車道劃分-分道3,事故類型及型態,性別,年齡,受傷程度,主要傷處,保護裝置,行動電話,車輛用途,當事者行動狀態,駕駛資格情形,駕駛執照種類,飲酒情形,車輛撞擊部位1,車輛撞擊部位2,肇因碼-個別,肇因碼-主要,個人肇逃否,職業,座標-X,座標-Y
113,6,3,18,49,2,10文山區,文山區興隆路3段與興隆路3段112巷口,0,0,9,1,B03,7,5,5,50,4,1,1,5,4,5,13,2,1,1,4,5,2,16,1,59,3,10,7,1,7,5,1,8,2,1,,8,,1,22,121.5574821,24.9993357
113,6,3,18,49,2,10文山區,文山區興隆路3段與興隆路3段112巷口,0,0,9,2,C03,7,5,5,50,4,1,1,5,4,5,13,2,1,1,4,5,2,16,1,40,2,9,6,1,7,9,1,9,2,11,,13,,1,21,121.5574821,24.9993357
113,6,3,18,49,2,10文山區,文山區興隆路3段與興隆路3段112巷口,0,0,9,3,H01,7,5,5,50,4,1,1,5,4,5,13,2,1,1,4,5,2,16,1,26,2,8,4,5,8,17,8,20,10,16,,67,,1,22,121.5574821,24.9993357
113,6,3,18,49,2,10文山區,文山區興隆路3段與興隆路3段112巷口,0,0,9,4,H01,7,5,5,50,4,1,1,5,4,5,13,2,1,1,4,5,2,16,2,32,2,9,4,5,8,17,8,20,10,16,,67,,1,22,121.5574821,24.9993357
113,6,3,18,49,2,10文山區,文山區興隆路3段與興隆路3段112巷口,0,0,9,5,H01,7,5,5,50,4,1,1,5,4,5,13,2,1,1,4,5,2,16,2,48,2,1,4,5,8,17,8,20,10,16,,67,,1,22,121.5574821,24.9993357
113,6,3,18,49,2,10文山區,文山區興隆路3段與興隆路3段112巷口,0,0,9,6,H01,7,5,5,50,4,1,1,5,4,5,13,2,1,1,4,5,2,16,2,53,2,9,4,5,8,17,8,20,10,16,,67,,1,22,121.5574821,24.9993357
113,6,3,18,49,2,10文山區,文山區興隆路3段與興隆路3段112巷口,0,0,9,7,H01,7,5,5,50,4,1,1,5,4,5,13,2,1,1,4,5,2,16,2,59,2,8,4,5,8,17,8,20,10,16,,67,,1,22,121.5574821,24.9993357
113,6,3,18,49,2,10文山區,文山區興隆路3段與興隆路3段112巷口,0,0,9,8,H01,7,5,5,50,4,1,1,5,4,5,13,2,1,1,4,5,2,16,2,31,2,9,4,5,8,17,8,20,10,16,,67,,1,22,121.5574821,24.9993357
113,6,3,18,49,2,10文山區,文山區興隆路3段與興隆路3段112巷口,0,0,9,9,H01,7,5,5,50,4,1,1,5,4,5,13,2,1,1,4,5,2,16,2,30,2,9,4,5,8,17,8,20,10,16,,67,,1,22,121.5574821,24.9993357
113,6,3,18,49,2,10文山區,文山區興隆路3段與興隆路3段112巷口,0,0,9,10,H01,7,5,5,50,4,1,1,5,4,5,13,2,1,1,4,5,2,16,2,49,2,9,4,5,8,17,8,20,10,16,,67,,1,22,121.5574821,24.9993357
113,6,3,18,53,2,11南港區,南港區市民大道7段與東新街口,0,0,1,1,C03,7,5,5,50,4,2,1,5,4,5,13,2,1,1,4,5,2,16,1,18,3,10,6,4,7,6,1,10,1,12,,9,,1,21,121.5837862,25.0495936
113,6,3,18,53,2,11南港區,南港區市民大道7段與東新街口,0,0,1,2,C03,7,5,5,50,4,2,1,5,4,5,13,2,1,1,4,5,2,16,2,66,2,9,6,4,7,9,1,10,1,11,,44,,1,21,121.5837862,25.0495936
113,6,3,19,44,2,11南港區,南港區忠孝東路7段512號對面,0,0,1,1,C03,6,5,5,50,14,7,1,4,4,5,13,4,4,1,4,4,2,18,1,18,2,8,5,1,7,9,1,10,1,12,,44,,1,21,121.6109222,25.0526264
113,6,3,19,44,2,11南港區,南港區忠孝東路7段512號對面,0,0,1,2,,6,5,5,50,14,7,1,4,4,5,13,4,4,1,4,4,2,18,3,0,,,,,,,,,,,,62,,1,,121.6109222,25.0526264
113,6,3,20,0,2,04大安區,大安區延吉街240號,0,0,2,1,C03,6,5,5,50,14,9,1,4,4,5,13,4,4,5,3,5,2,16,1,38,2,8,6,1,7,9,1,10,1,11,,44,,1,21,121.5556399,25.0359382
113,6,3,20,0,2,04大安區,大安區延吉街240號,0,0,2,2,C03,6,5,5,50,14,9,1,4,4,5,13,4,4,5,3,5,2,16,1,24,2,4,6,1,7,5,6,10,1,11,,8,,1,22,121.5556399,25.0359382
113,6,3,20,10,2,05中正區,中正區新生南路1段60號,0,0,1,1,C03,6,5,5,50,14,9,1,4,4,5,13,4,4,1,4,5,2,16,1,44,2,9,6,1,7,9,1,10,2,11,,16,,1,22,121.5326715,25.0406657
113,6,3,20,10,2,05中正區,中正區新生南路1段60號,0,0,1,2,B03,6,5,5,50,14,9,1,4,4,5,13,4,4,1,4,5,2,16,1,54,3,10,7,1,7,6,6,8,2,7,,44,,1,22,121.5326715,25.0406657
113,6,3,20,10,2,05中正區,中正區新生南路1段60號,0,0,1,3,C03,6,5,5,50,14,9,1,4,4,5,13,4,4,1,4,5,2,16,1,43,3,10,6,1,7,9,1,10,2,11,,16,,1,22,121.5326715,25.0406657
113,6,3,20,28,2,12內湖區,內湖區東湖路69號,0,0,1,1,C03,7,5,5,50,14,9,1,4,4,5,13,4,4,5,4,5,2,12,1,51,2,8,5,1,7,1,1,10,1,14,,19,,1,21,121.6147753,25.068654
113,6,3,20,28,2,12內湖區,內湖區東湖路69號,0,0,1,2,B03,7,5,5,50,14,9,1,4,4,5,13,4,4,5,4,5,2,12,1,36,3,10,7,1,7,9,1,8,1,2,,44,,1,21,121.6147753,25.068654
113,6,3,20,38,2,02萬華區,萬華區漢口街2段7號,0,0,1,1,C03,6,5,8,50,22,22,1,4,4,5,13,4,4,10,5,5,2,17,1,33,3,10,3,4,7,1,1,10,1,17,,19,,1,21,121.5084623,25.04535204
113,6,3,20,38,2,02萬華區,萬華區漢口街2段7號,0,0,1,2,C03,6,5,8,50,22,22,1,4,4,5,13,4,4,10,5,5,2,17,1,39,2,9,3,4,7,9,1,10,1,14,,42,,1,21,121.5084623,25.04535204
113,6,3,20,46,2,01大同區,大同區重慶北路1段與長安西路口,0,0,1,1,B03,6,5,5,50,4,1,1,4,4,5,13,2,1,1,4,5,2,17,1,47,3,10,3,4,7,5,1,8,2,2,,71,,1,21,121.513854,25.051654
113,6,3,20,46,2,01大同區,大同區重慶北路1段與長安西路口,0,0,1,2,C03,6,5,5,50,4,1,1,4,4,5,13,2,1,1,4,5,2,17,1,25,2,9,3,4,7,9,1,9,2,11,,13,,1,21,121.513854,25.051654
113,6,3,20,59,2,05中正區,中正區羅斯福路1段與林森南路口,0,0,1,1,B03,6,5,5,30,5,18,1,4,4,5,13,2,1,3,4,5,2,3,1,49,3,10,7,1,7,5,1,8,2,4,,70,,1,21,121.5181611,25.0327841
113,6,3,20,59,2,05中正區,中正區羅斯福路1段與林森南路口,0,0,1,2,H01,6,5,5,30,5,18,1,4,4,5,13,2,1,3,4,5,2,3,1,54,2,7,4,5,8,16,8,20,10,16,,67,,1,21,121.5181611,25.0327841
113,6,3,21,1,2,12內湖區,內湖區瑞湖街與民權東路6段15巷口,0,0,1,1,C03,8,5,5,30,4,1,1,5,4,5,13,1,1,8,3,5,1,17,2,30,3,10,6,1,7,5,1,10,1,17,,8,,1,21,121.5764451,25.0689879
113,6,3,21,1,2,12內湖區,內湖區瑞湖街與民權東路6段15巷口,0,0,1,2,C03,8,5,5,30,4,1,1,5,4,5,13,1,1,8,3,5,1,17,1,28,2,9,6,1,7,9,1,10,1,14,,108,,1,21,121.5764451,25.0689879
113,6,3,21,1,2,12內湖區,內湖區洲子街與內湖路1段360巷口,0,0,2,1,C03,7,5,5,50,4,1,1,5,4,5,13,1,1,5,5,5,2,16,1,19,2,9,6,1,7,6,1,10,1,12,,5,,1,21,121.5702891,25.08037184
113,6,3,21,1,2,12內湖區,內湖區洲子街與內湖路1段360巷口,0,0,2,2,C03,7,5,5,50,4,1,1,5,4,5,13,1,1,5,5,5,2,16,1,19,2,9,6,1,7,9,1,10,1,14,,44,,1,21,121.5702891,25.08037184
113,6,3,21,2,2,07信義區,信義區吳興街與吳興街99巷口,0,0,1,1,F01,7,5,5,30,3,1,1,5,4,5,13,4,4,9,5,5,2,17,1,14,2,8,4,1,7,5,8,20,2,11,,118,,1,21,121.5608911,25.0303801
113,6,3,21,2,2,07信義區,信義區吳興街與吳興街99巷口,0,0,1,2,B03,7,5,5,30,3,1,1,5,4,5,13,4,4,9,5,5,2,17,2,51,3,10,7,1,7,9,1,8,2,1,,118,,1,21,121.5608911,25.0303801
113,6,3,21,12,2,05中正區,中正區羅斯福路2段與杭州南路2段口,0,0,1,1,C03,6,6,5,50,5,1,1,4,4,5,13,1,1,3,4,5,2,17,1,24,3,10,5,1,7,8,3,18,2,12,,100,,1,21,121.5213867,25.0282709
113,6,3,21,12,2,05中正區,中正區羅斯福路2段與杭州南路2段口,0,0,1,2,C03,6,6,5,50,5,1,1,4,4,5,13,1,1,3,4,5,2,17,1,33,2,9,5,1,7,9,1,10,2,11,,14,,1,21,121.5213867,25.0282709
113,6,3,21,13,2,07信義區,信義區信義路4段405號,0,0,1,1,F01,8,5,5,0,14,23,2,5,4,5,13,4,4,10,5,5,1,3,1,58,2,9,4,4,7,9,8,20,1,11,,70,,1,22,121.5588981,25.0333292
113,6,3,21,13,2,07信義區,信義區信義路4段405號,0,0,1,2,H01,8,5,5,0,14,23,2,5,4,5,13,4,4,10,5,5,1,3,1,20,3,10,4,5,8,16,8,20,10,16,,67,,1,22,121.5588981,25.0333292
113,6,3,21,33,2,07信義區,信義區松山路與永吉路口,0,0,1,1,B03,8,5,5,50,4,1,1,5,4,5,13,2,1,1,4,5,2,16,2,30,3,10,7,1,7,5,1,8,1,2,,71,,1,21,121.577739,25.0453739
113,6,3,21,33,2,07信義區,信義區松山路與永吉路口,0,0,1,2,C03,8,5,5,50,4,1,1,5,4,5,13,2,1,1,4,5,2,16,1,32,2,7,6,1,7,9,1,10,1,11,,44,,1,21,121.577739,25.0453739
113,6,3,21,35,2,02萬華區,萬華區西園路2段與東園街口,0,0,1,1,B01,7,5,5,50,4,1,1,5,4,5,13,1,1,1,3,5,2,16,1,66,3,10,7,1,7,7,1,4,1,8,,100,,1,21,121.4953419,25.028243
113,6,3,21,35,2,02萬華區,萬華區西園路2段與東園街口,0,0,1,2,C03,7,5,5,50,4,1,1,5,4,5,13,1,1,1,3,5,2,16,1,28,2,9,5,1,7,9,1,10,1,12,,44,,1,21,121.4953419,25.028243
113,6,3,23,6,2,04大安區,大安區基隆路3段,0,0,2,1,F07,8,5,5,0,22,20,1,5,4,5,13,4,4,10,5,5,2,10,1,29,2,7,4,1,7,9,8,20,9,11,,108,,1,21,121.5464335,25.01866373
113,6,3,23,6,2,04大安區,大安區基隆路3段,0,0,2,2,F01,8,5,5,0,22,20,1,5,4,5,13,4,4,10,5,5,2,10,1,24,2,9,4,1,7,9,8,20,9,11,,108,,1,21,121.5464335,25.01866373
113,6,3,23,18,2,11南港區,南港區市民大道8段與研究院路1段口口,0,0,2,1,C03,7,5,5,50,4,1,2,5,4,5,13,2,1,1,5,5,2,16,1,28,2,9,5,4,7,5,1,10,2,11,,8,,1,21,121.6164326,25.0544595
113,6,3,23,18,2,11南港區,南港區市民大道8段與研究院路1段口口,0,0,2,2,C03,7,5,5,50,4,1,2,5,4,5,13,2,1,1,5,5,2,16,1,64,2,9,5,4,7,9,1,10,2,14,,44,,1,21,121.6164326,25.0544595
113,6,3,23,50,2,08士林區,士林區文昌路與文林路口,0,0,1,1,C03,8,5,5,50,5,1,1,5,4,5,13,1,1,5,4,5,1,12,1,59,2,9,5,1,7,7,1,10,2,14,,100,,1,21,121.5214597,25.1013723
113,6,3,23,50,2,08士林區,士林區文昌路與文林路口,0,0,1,2,C03,8,5,5,50,5,1,1,5,4,5,13,1,1,5,4,5,1,12,1,16,3,10,5,1,7,9,2,18,2,12,,44,,1,21,121.5214597,25.1013723
113,6,3,23,55,2,08士林區,士林區文昌路與文林路口,0,0,1,1,B03,8,5,5,50,5,2,1,5,4,5,13,1,1,9,4,5,1,12,1,45,3,10,7,1,7,9,1,8,2,1,,107,,1,21,121.521502,25.101397
113,6,3,23,55,2,08士林區,士林區文昌路與文林路口,0,0,1,2,C03,8,5,5,50,5,2,1,5,4,5,13,1,1,9,4,5,1,12,1,59,2,9,5,1,7,15,1,10,2,14,,8,,1,21,121.521502,25.101397
113,6,3,23,55,2,08士林區,士林區文昌路與文林路口,0,0,1,3,C03,8,5,5,50,5,2,1,5,4,5,13,1,1,9,4,5,1,12,1,16,3,10,5,1,7,9,2,18,2,12,,42,,1,21,121.521502,25.101397
113,6,4,6,32,2,04大安區,大安區臥龍街與安居街口,0,0,1,1,B12,7,5,5,30,3,2,1,5,4,5,13,4,4,10,5,5,2,17,1,83,3,10,7,1,7,9,1,8,1,5,,80,,1,21,121.5515879,25.0180768
113,6,4,6,32,2,04大安區,大安區臥龍街與安居街口,0,0,1,2,F01,7,5,5,30,3,2,1,5,4,5,13,4,4,10,5,5,2,17,1,21,2,7,4,1,7,9,8,20,1,11,,42,,1,21,121.5515879,25.0180768
113,6,4,7,20,2,12內湖區,內湖區成功路2段與成功路2段320巷口,0,0,1,3,B03,8,6,5,50,3,2,1,5,4,3,13,1,1,3,4,5,1,9,1,47,3,10,7,1,7,6,1,8,11,17,,44,,1,21,121.5906496,25.06768577
113,6,4,7,20,2,12內湖區,內湖區成功路2段與成功路2段320巷口,0,0,1,1,A02,8,6,5,50,3,2,1,5,4,3,13,1,1,3,4,5,1,9,1,50,3,10,7,1,7,9,1,2,1,17,,44,,1,26,121.5906496,25.06768577
113,6,4,7,20,2,12內湖區,內湖區成功路2段與成功路2段320巷口,0,0,1,2,H02,8,6,5,50,3,2,1,5,4,3,13,1,1,3,4,5,1,9,2,56,2,9,4,5,7,20,8,20,10,16,,67,,1,21,121.5906496,25.06768577
113,6,4,7,43,2,08士林區,士林區中山北路5段282巷與中山北路5段口,0,0,1,1,B03,7,7,5,50,3,2,1,5,4,5,13,4,4,5,4,5,1,17,1,41,3,10,7,1,7,8,1,8,3,17,,100,,1,21,121.5271299,25.0877082
113,6,4,7,43,2,08士林區,士林區中山北路5段282巷與中山北路5段口,0,0,1,2,B03,7,7,5,50,3,2,1,5,4,5,13,4,4,5,4,5,1,17,1,22,3,10,7,1,7,10,1,8,2,5,,14,,1,21,121.5271299,25.0877082
113,6,4,7,43,2,08士林區,士林區中山北路5段282巷與中山北路5段口,0,0,1,3,C03,7,7,5,50,3,2,1,5,4,5,13,4,4,5,4,5,1,17,1,41,2,9,5,1,7,9,1,10,2,14,,14,,1,21,121.5271299,25.0877082
113,6,4,7,47,2,08士林區,士林區堤外便道與百齡堤外停車場口(槌球場停車場出入口),0,0,2,1,C03,7,6,5,40,4,1,1,5,4,5,13,4,4,5,5,5,2,17,2,45,2,8,6,4,7,14,1,10,1,14,,44,,1,21,121.5126722,25.085846
113,6,4,7,47,2,08士林區,士林區堤外便道與百齡堤外停車場口(槌球場停車場出入口),0,0,2,2,C03,7,6,5,40,4,1,1,5,4,5,13,4,4,5,5,5,2,17,1,19,2,9,6,4,7,4,1,10,1,11,,108,,1,21,121.5126722,25.085846
113,6,4,8,18,2,11南港區,南港區成功路1段15號,0,0,1,1,B03,7,6,5,50,14,9,1,5,4,5,13,4,4,5,5,5,2,17,1,56,3,10,7,1,7,1,1,8,1,8,,19,,1,21,121.59314,25.0548245
113,6,4,8,18,2,11南港區,南港區成功路1段15號,0,0,1,2,C03,7,6,5,50,14,9,1,5,4,5,13,4,4,5,5,5,2,17,2,27,2,9,6,1,7,9,1,9,1,12,,44,,1,21,121.59314,25.0548245
113,6,4,8,20,2,07信義區,信義區基隆路1段與永吉路口,0,0,1,1,C03,7,5,5,50,5,2,1,5,4,5,13,1,1,1,5,5,2,13,2,28,2,9,5,1,7,9,1,10,1,11,,16,,1,21,121.5672575,25.0456034
113,6,4,8,20,2,07信義區,信義區基隆路1段與永吉路口,0,0,1,2,C03,7,5,5,50,5,2,1,5,4,5,13,1,1,1,5,5,2,13,1,52,3,10,5,1,7,14,1,10,1,13,,44,,1,21,121.5672575,25.0456034
113,6,4,8,40,2,10文山區,文山區羅斯福路4段與基隆路4段口,0,0,1,1,B01,7,6,5,50,4,1,1,5,4,5,13,2,1,1,5,5,2,15,1,56,3,10,7,1,7,9,1,4,2,2,,81,,1,21,121.5370774,25.0108787
113,6,4,8,40,2,10文山區,文山區羅斯福路4段與基隆路4段口,0,0,1,2,C03,7,6,5,50,4,1,1,5,4,5,13,2,1,1,5,5,2,15,2,52,2,8,6,1,7,9,1,10,2,11,,44,,1,21,121.5370774,25.0108787
113,6,4,9,7,2,06松山區,松山區民生東路5段與新中街口,0,0,1,1,B01,7,6,5,50,4,1,1,5,4,5,13,1,1,1,3,5,2,16,1,63,3,10,3,4,7,11,1,4,1,5,,10,,1,21,121.5605417,25.05862011
113,6,4,9,7,2,06松山區,松山區民生東路5段與新中街口,0,0,1,2,C03,7,6,5,50,4,1,1,5,4,5,13,1,1,1,3,5,2,16,1,42,2,9,6,1,7,9,1,10,1,11,,44,,1,21,121.5605417,25.05862011
113,6,4,9,39,2,01大同區,大同區民族西路與大龍街口,0,0,1,1,B03,7,6,5,50,4,1,1,5,4,5,13,2,1,5,5,5,2,16,1,30,3,10,7,1,7,5,1,8,2,1,,80,,1,22,121.5158477,25.0685397
113,6,4,9,39,2,01大同區,大同區民族西路與大龍街口,0,0,1,2,C03,7,6,5,50,4,1,1,5,4,5,13,2,1,5,5,5,2,16,1,54,2,9,6,1,7,9,1,9,2,14,,44,,1,22,121.5158477,25.0685397
113,6,4,9,46,2,04大安區,大安區延吉街與延吉街137巷口,0,0,1,1,B01,8,6,5,50,3,2,1,5,4,5,13,4,4,4,3,5,2,17,1,62,3,10,7,1,7,1,1,4,1,17,,19,,1,21,121.5543828,25.0419969
113,6,4,9,46,2,04大安區,大安區延吉街與延吉街137巷口,0,0,1,2,C03,8,6,5,50,3,2,1,5,4,5,13,4,4,4,3,5,2,17,1,21,2,9,6,1,7,9,1,10,1,14,,44,,1,21,121.5543828,25.0419969
113,6,4,10,0,2,10文山區,文山區景興路225號,0,0,2,1,C03,7,6,5,50,14,9,1,5,4,5,13,1,1,5,5,5,2,12,1,41,2,8,6,1,7,9,1,10,2,11,,108,,1,21,121.5436876,24.9914427
113,6,4,10,0,2,10文山區,文山區景興路225號,0,0,2,2,C03,7,6,5,50,14,9,1,5,4,5,13,1,1,5,5,5,2,12,1,25,2,8,6,1,7,15,1,10,2,13,,100,,1,21,121.5436876,24.9914427
113,6,4,10,7,2,07信義區,信義區吳興街與基隆路2段口,0,0,2,1,H01,8,7,5,0,4,2,1,5,4,5,13,2,1,3,5,5,2,3,2,46,2,9,4,5,8,18,8,20,10,16,,121,,1,21,121.5588811,25.0319734
113,6,4,10,7,2,07信義區,信義區吳興街與基隆路2段口,0,0,2,2,C03,8,7,5,0,4,2,1,5,4,5,13,2,1,3,5,5,2,3,1,19,2,9,5,1,7,9,1,10,1,11,,70,,1,21,121.5588811,25.0319734
113,6,4,10,17,2,04大安區,大安區仁愛路3段與建國南路1段口,0,0,1,1,B03,8,5,5,50,5,2,1,5,4,5,13,2,1,8,3,4,1,16,2,31,3,10,7,1,7,8,1,8,1,2,,9,,1,21,121.5380968,25.0382208
113,6,4,10,17,2,04大安區,大安區仁愛路3段與建國南路1段口,0,0,1,2,C03,8,5,5,50,5,2,1,5,4,5,13,2,1,8,3,4,1,16,1,44,2,7,5,1,7,9,1,10,1,14,,44,,1,21,121.5380968,25.0382208
113,6,4,11,1,2,10文山區,文山區仙岩路與仙岩路86巷口,0,0,2,1,C03,8,6,5,30,3,1,1,5,4,5,13,4,4,5,5,5,1,16,2,63,2,9,6,1,7,5,3,18,1,14,,72,,1,21,121.5490674,24.9992613
113,6,4,11,1,2,10文山區,文山區仙岩路與仙岩路86巷口,0,0,2,2,C03,8,6,5,30,3,1,1,5,4,5,13,4,4,5,5,5,1,16,2,66,2,9,5,1,7,9,1,10,1,11,,108,,1,21,121.5490674,24.9992613
113,6,4,11,28,2,07信義區,信義區基隆路2段149-55號,0,0,1,1,B12,8,7,5,50,14,9,1,5,4,5,13,4,4,3,4,5,2,12,1,40,3,10,7,1,7,9,1,7,2,2,,44,,1,21,121.5551094,25.0265641
113,6,4,11,28,2,07信義區,信義區基隆路2段149-55號,0,0,1,2,C03,8,7,5,50,14,9,1,5,4,5,13,4,4,3,4,5,2,12,1,35,2,9,6,1,7,7,1,10,2,14,,100,,1,21,121.5551094,25.0265641
113,6,4,12,41,2,08士林區,士林區文林路與雙溪街口,0,0,1,1,C03,8,7,5,50,4,1,1,5,4,5,13,1,1,5,5,5,2,17,1,18,3,10,6,1,7,5,1,10,1,14,,8,,1,21,121.5233814,25.09968887
113,6,4,12,41,2,08士林區,士林區文林路與雙溪街口,0,0,1,2,C03,8,7,5,50,4,1,1,5,4,5,13,1,1,5,5,5,2,17,1,43,2,8,6,1,7,9,1,10,1,11,,108,,1,21,121.5233814,25.09968887
113,6,4,13,21,2,10文山區,文山區試院路26號,0,0,1,1,B03,7,6,5,50,14,9,1,5,4,5,13,4,4,9,5,5,2,16,2,24,3,10,7,1,7,1,1,8,1,4,,19,,1,21,121.5492535,24.989402
113,6,4,13,21,2,10文山區,文山區試院路26號,0,0,1,2,C03,7,6,5,50,14,9,1,5,4,5,13,4,4,9,5,5,2,16,2,20,2,9,6,1,7,9,1,10,1,11,,108,,1,21,121.5492535,24.989402
113,6,4,13,28,2,09北投區,北投區致遠二路與東華街2段口,0,0,1,1,C03,7,6,5,50,14,9,1,5,4,5,13,1,1,9,4,5,2,13,2,52,2,8,5,1,7,5,1,10,1,13,,80,,1,21,121.5135208,25.1177642
113,6,4,13,28,2,09北投區,北投區致遠二路與東華街2段口,0,0,1,2,B01,7,6,5,50,14,9,1,5,4,5,13,1,1,9,4,5,2,13,1,44,3,10,7,1,7,9,1,4,1,8,,44,,1,21,121.5135208,25.1177642
113,6,4,14,10,2,01大同區,大同區鄭州路87號,0,0,1,1,B02,7,6,5,40,14,9,1,5,4,5,13,4,4,9,4,5,2,13,1,34,3,10,7,1,7,9,1,8,1,1,,42,,1,21,121.5122863,25.049905
113,6,4,14,10,2,01大同區,大同區鄭州路87號,0,0,1,2,C03,7,6,5,40,14,9,1,5,4,5,13,4,4,9,4,5,2,13,2,39,2,9,5,1,7,9,1,10,1,13,,44,,1,21,121.5122863,25.049905
113,6,4,14,20,2,03中山區,中山區八德路2段199巷17號,0,0,1,1,B12,8,6,9,50,14,9,1,5,4,5,13,4,4,10,4,5,2,13,1,36,3,10,7,1,7,9,1,8,1,1,,16,,1,21,121.539074,25.0478826
113,6,4,14,20,2,03中山區,中山區八德路2段199巷17號,0,0,1,2,B03,8,6,9,50,14,9,1,5,4,5,13,4,4,10,4,5,2,13,1,40,2,2,7,1,7,9,1,8,1,3,,44,,1,21,121.539074,25.0478826
113,6,4,16,3,2,05中正區,中正區公園路與重慶南路2段7巷口,0,0,1,1,B03,8,7,5,50,4,1,1,5,4,5,13,4,4,5,4,5,2,15,1,51,2,7,7,1,7,9,1,8,1,1,,72,,1,21,121.5149233,25.0343093
113,6,4,16,3,2,05中正區,中正區公園路與重慶南路2段7巷口,0,0,1,2,B02,8,7,5,50,4,1,1,5,4,5,13,4,4,5,4,5,2,15,1,47,3,10,7,1,7,9,1,2,1,6,,14,,1,21,121.5149233,25.0343093
113,6,4,16,3,2,05中正區,中正區公園路與重慶南路2段7巷口,0,0,1,3,H02,8,7,5,50,4,1,1,5,4,5,13,4,4,5,4,5,2,15,2,76,4,11,7,5,7,20,8,20,10,16,,67,,1,21,121.5149233,25.0343093
113,6,4,16,3,2,05中正區,中正區公園路與重慶南路2段7巷口,0,0,1,4,H02,8,7,5,50,4,1,1,5,4,5,13,4,4,5,4,5,2,15,2,62,4,11,7,5,7,20,8,20,10,16,,67,,1,21,121.5149233,25.0343093
113,6,4,16,3,2,05中正區,中正區公園路與重慶南路2段7巷口,0,0,1,5,H02,8,7,5,50,4,1,1,5,4,5,13,4,4,5,4,5,2,15,2,41,4,11,7,5,7,20,8,20,10,16,,67,,1,21,121.5149233,25.0343093
113,6,4,16,39,2,08士林區,士林區忠誠路1段與德行東路104巷口,0,0,1,1,G06,8,6,5,40,4,2,1,5,4,5,13,2,1,1,4,4,1,15,2,54,3,10,4,1,7,9,8,20,1,15,,101,,1,21,121.5287476,25.105536
113,6,4,16,39,2,08士林區,士林區忠誠路1段與德行東路104巷口,0,0,1,2,F01,8,6,5,40,4,2,1,5,4,5,13,2,1,1,4,4,1,15,2,60,2,5,4,1,7,9,8,20,1,14,,44,,1,21,121.5287476,25.105536
113,6,4,16,39,2,08士林區,士林區忠誠路1段與德行東路104巷口,0,0,1,3,B03,8,6,5,40,4,2,1,5,4,5,13,2,1,1,4,4,1,15,1,53,3,10,7,1,7,13,1,8,1,17,,38,,1,21,121.5287476,25.105536
113,6,4,16,41,2,07信義區,信義區吳興街156巷73號,0,0,1,1,B03,7,7,5,30,14,9,1,5,4,5,13,4,4,9,5,5,2,16,1,32,3,10,3,4,7,11,1,8,1,7,,10,,1,21,121.5588723,25.0284065
113,6,4,16,41,2,07信義區,信義區吳興街156巷73號,0,0,1,2,C03,7,7,5,30,14,9,1,5,4,5,13,4,4,9,5,5,2,16,2,53,2,9,6,4,7,9,1,10,1,11,,44,,1,21,121.5588723,25.0284065
113,6,4,16,47,2,09北投區,北投區北投路1段77號對面32號停車格(南往北),0,0,1,1,B03,8,6,5,50,14,8,1,5,4,5,13,4,4,9,4,4,1,14,2,39,3,10,7,1,7,2,1,8,1,9,,12,,1,21,121.5003123,25.1285966
113,6,4,16,47,2,09北投區,北投區北投路1段77號對面32號停車格(南往北),0,0,1,2,C03,8,6,5,50,14,8,1,5,4,5,13,4,4,9,4,4,1,14,1,44,2,8,5,1,7,9,1,10,1,12,,107,,1,21,121.5003123,25.1285966
113,6,4,16,57,2,04大安區,大安區辛亥路2段與建國南路2段口,0,0,1,1,C03,7,7,5,50,4,2,1,5,4,5,13,2,1,8,3,4,1,12,1,50,2,8,5,1,7,15,1,10,1,11,,16,,1,26,121.5381605,25.0225178
113,6,4,16,57,2,04大安區,大安區辛亥路2段與建國南路2段口,0,0,1,2,C03,7,7,5,50,4,2,1,5,4,5,13,2,1,8,3,4,1,12,1,52,3,10,5,1,7,14,1,10,1,13,,44,,1,26,121.5381605,25.0225178
113,6,4,17,30,2,06松山區,松山區撫遠街與塔悠路口,0,0,1,1,B01,7,7,5,50,3,2,1,5,4,5,13,2,1,1,4,4,2,16,1,53,3,10,7,1,7,6,1,4,1,2,,71,,1,21,121.5682067,25.0682666
113,6,4,17,30,2,06松山區,松山區撫遠街與塔悠路口,0,0,1,2,C03,7,7,5,50,3,2,1,5,4,5,13,2,1,1,4,4,2,16,1,21,2,9,5,1,7,9,1,10,1,11,,44,,1,21,121.5682067,25.0682666
113,6,4,17,30,2,06松山區,松山區撫遠街與塔悠路口,0,0,1,3,A05,7,7,5,50,3,2,1,5,4,5,13,2,1,1,4,4,2,16,1,56,3,10,3,4,7,13,1,2,1,17,,38,,1,21,121.5682067,25.0682666
113,6,4,17,51,2,01大同區,大同區錦西街與雙連街口,0,0,2,1,C04,7,6,5,50,3,2,1,5,4,5,13,4,4,5,4,5,2,17,2,50,2,9,6,4,7,15,1,10,2,12,,100,,1,22,121.5188058,25.0602159
113,6,4,17,51,2,01大同區,大同區錦西街與雙連街口,0,0,2,2,B03,7,6,5,50,3,2,1,5,4,5,13,4,4,5,4,5,2,17,1,59,3,10,3,4,7,9,1,8,2,4,,44,,1,22,121.5188058,25.0602159