發生年度,發生月,發生日,發生時-Hours,發生分,處理別-編號,區序,肇事地點,死亡人數,2-30日死亡人數,受傷人數,當事人序號,車種,天候,道路照明設備,道路類別,速限-速度限制,道路型態,事故位置,路面狀況1,路面狀況2,路面狀況3,道路障礙1,道路障礙2,號誌1,號誌2,車道劃分-分向,車道劃分-分道1,車道劃分-分道2,車道劃分-分道3,事故類型及型態,性別,年齡,受傷程度,主要傷處,保護裝置,行動電話,車輛用途,當事者行動狀態,駕駛資格情形,駕駛執照種類,飲酒情形,車輛撞擊部位1,車輛撞擊部位2,肇因碼-個別,肇因碼-主要,個人肇逃否,職業,座標-X,座標-Y
113,6,4,17,51,2,01大同區,大同區錦西街與雙連街口,0,0,2,3,H02,7,6,5,50,3,2,1,5,4,5,13,4,4,5,4,5,2,17,2,22,2,9,6,5,7,20,8,20,10,16,,67,,1,22,121.5188058,25.0602159
113,6,4,17,59,2,02萬華區,萬華區光復橋往新北市,0,0,1,1,C03,8,7,5,50,9,9,1,5,4,5,13,4,4,1,5,5,2,18,1,18,2,9,5,1,7,15,1,10,1,11,,42,,1,21,121.4904414,25.0242327
113,6,4,17,59,2,02萬華區,萬華區光復橋往新北市,0,0,1,2,,8,7,5,50,9,9,1,5,4,5,13,4,4,1,5,5,2,18,3,0,,,,,,,,,,,,67,,1,,121.4904414,25.0242327
113,6,4,18,2,2,11南港區,南港區中坡南路與玉成街140巷口,0,0,3,1,F01,7,5,5,40,3,2,1,5,4,5,13,4,4,9,2,4,2,12,1,75,2,9,4,1,7,7,8,20,2,14,,17,,1,21,121.5824713,25.0437676
113,6,4,18,2,2,11南港區,南港區中坡南路與玉成街140巷口,0,0,3,2,C03,7,5,5,40,3,2,1,5,4,5,13,4,4,9,2,4,2,12,1,59,2,9,6,1,7,9,1,10,2,14,,107,,1,21,121.5824713,25.0437676
113,6,4,18,2,2,11南港區,南港區中坡南路與玉成街140巷口,0,0,3,3,H02,7,5,5,40,3,2,1,5,4,5,13,4,4,9,2,4,2,12,2,4,2,9,6,5,7,20,8,20,10,16,,58,,1,21,121.5824713,25.0437676
113,6,4,18,13,2,12內湖區,內湖區內湖路1段與港墘路口,0,0,1,1,B03,7,6,5,50,3,1,1,5,4,5,13,4,4,1,4,5,2,16,1,32,3,10,7,1,7,6,1,8,1,2,,9,,1,21,121.5768156,25.07925703
113,6,4,18,13,2,12內湖區,內湖區內湖路1段與港墘路口,0,0,1,2,C03,7,6,5,50,3,1,1,5,4,5,13,4,4,1,4,5,2,16,1,57,2,8,5,1,7,9,1,10,1,14,,44,,1,21,121.5768156,25.07925703
113,6,4,19,13,2,05中正區,中正區中華路1段與忠孝西路1段口,0,0,2,1,C03,8,5,5,50,4,2,1,5,4,5,13,1,1,1,4,1,1,17,1,62,2,9,5,1,7,15,1,10,1,12,,100,,1,21,121.5101232,25.0477365
113,6,4,19,13,2,05中正區,中正區中華路1段與忠孝西路1段口,0,0,2,2,C03,8,5,5,50,4,2,1,5,4,5,13,1,1,1,4,1,1,17,1,24,2,8,5,1,7,9,1,10,1,11,,108,,1,21,121.5101232,25.0477365
113,6,4,19,16,2,07信義區,信義區中坡南路20號,0,0,1,1,C03,7,5,5,50,14,9,1,5,4,5,13,4,4,9,5,4,2,13,1,28,2,9,5,1,7,9,1,10,1,11,,108,,1,21,121.5827107,25.0435056
113,6,4,19,16,2,07信義區,信義區中坡南路20號,0,0,1,2,B01,7,5,5,50,14,9,1,5,4,5,13,4,4,9,5,4,2,13,1,53,3,10,7,1,7,12,1,4,1,6,,42,,1,21,121.5827107,25.0435056
113,6,4,19,18,2,11南港區,南港區成美橋與成美橋口南往北,0,0,1,1,C03,7,5,5,50,5,2,1,5,4,5,13,4,4,1,4,5,2,16,1,54,2,9,5,4,7,6,1,10,1,14,,72,,1,21,121.5829298,25.051998
113,6,4,19,18,2,11南港區,南港區成美橋與成美橋口南往北,0,0,1,2,C03,7,5,5,50,5,2,1,5,4,5,13,4,4,1,4,5,2,16,1,36,3,10,5,4,7,5,1,10,1,12,,44,,1,21,121.5829298,25.051998
113,6,4,19,24,2,03中山區,中山區新生高架道往北濱江上方,0,0,2,1,B03,8,5,5,70,8,9,1,5,4,5,13,4,4,1,4,5,2,13,1,48,2,9,7,1,7,9,1,8,1,1,,16,,1,22,121.5284642,25.07709874
113,6,4,19,24,2,03中山區,中山區新生高架道往北濱江上方,0,0,2,2,B03,8,5,5,70,8,9,1,5,4,5,13,4,4,1,4,5,2,13,1,30,3,10,7,1,7,9,1,8,1,3,,44,,1,22,121.5284642,25.07709874
113,6,4,19,24,2,03中山區,中山區新生高架道往北濱江上方,0,0,2,3,B03,8,5,5,70,8,9,1,5,4,5,13,4,4,1,4,5,2,13,1,39,3,10,7,1,7,9,1,8,1,1,,16,,1,22,121.5284642,25.07709874
113,6,4,19,24,2,03中山區,中山區新生高架道往北濱江上方,0,0,2,4,H02,8,5,5,70,8,9,1,5,4,5,13,4,4,1,4,5,2,13,2,31,2,9,7,5,7,17,8,20,10,16,,67,,1,22,121.5284642,25.07709874
113,6,4,19,52,2,04大安區,大安區新生南路1段與八德路2段口,0,0,1,1,C03,7,5,5,50,4,1,1,5,4,5,13,2,1,9,3,5,2,12,1,18,2,9,6,1,7,8,1,10,1,12,,100,,1,21,121.5333613,25.0444738
113,6,4,19,52,2,04大安區,大安區新生南路1段與八德路2段口,0,0,1,2,B03,7,5,5,50,4,1,1,5,4,5,13,2,1,9,3,5,2,12,1,41,3,10,7,1,7,9,1,8,1,4,,108,,1,21,121.5333613,25.0444738
113,6,4,20,11,2,08士林區,士林區文林路587巷45停車格,0,0,1,2,B03,8,5,5,50,14,9,1,5,4,5,13,4,4,9,5,5,2,12,1,58,3,10,3,4,7,13,1,8,9,8,,44,,1,21,121.5182207,25.0989483
113,6,4,20,11,2,08士林區,士林區文林路587巷45停車格,0,0,1,3,B03,8,5,5,50,14,9,1,5,4,5,13,4,4,9,5,5,2,12,1,27,3,10,7,1,7,14,1,8,1,4,,44,,1,21,121.5182207,25.0989483
113,6,4,20,11,2,08士林區,士林區文林路587巷45停車格,0,0,1,1,C03,8,5,5,50,14,9,1,5,4,5,13,4,4,9,5,5,2,12,1,16,2,9,6,1,7,9,2,18,1,12,,108,,1,21,121.5182207,25.0989483
113,6,4,20,30,2,03中山區,中山區北安路與大直街口,0,0,1,1,B03,8,5,5,50,3,2,1,5,4,5,13,1,1,3,4,5,2,13,1,36,3,10,7,1,7,9,1,8,1,1,,108,,1,21,121.5474847,25.0800139
113,6,4,20,30,2,03中山區,中山區北安路與大直街口,0,0,1,2,C03,8,5,5,50,3,2,1,5,4,5,13,1,1,3,4,5,2,13,1,46,2,9,5,1,7,14,1,10,1,13,,44,,1,21,121.5474847,25.0800139
113,6,4,20,48,2,08士林區,士林區承德路5段62號旁,0,0,4,1,C03,8,5,5,40,14,9,1,5,4,5,13,4,4,1,3,5,1,13,1,39,2,8,6,1,7,9,1,10,1,11,,44,,1,22,121.5150159,25.0930606
113,6,4,20,48,2,08士林區,士林區承德路5段62號旁,0,0,4,2,C03,8,5,5,40,14,9,1,5,4,5,13,4,4,1,3,5,1,13,2,25,2,9,6,1,7,9,1,10,1,13,,14,,1,22,121.5150159,25.0930606
113,6,4,20,48,2,08士林區,士林區承德路5段62號旁,0,0,4,3,C03,8,5,5,40,14,9,1,5,4,5,13,4,4,1,3,5,1,13,2,34,2,9,6,1,7,8,1,10,1,14,,44,,1,22,121.5150159,25.0930606
113,6,4,20,48,2,08士林區,士林區承德路5段62號旁,0,0,4,4,H02,8,5,5,40,14,9,1,5,4,5,13,4,4,1,3,5,1,13,2,21,2,9,6,5,7,20,8,20,10,16,,67,,1,22,121.5150159,25.0930606
113,6,4,21,35,2,03中山區,中山區中山北路2段與民生西路口,0,0,1,1,C03,7,5,5,50,4,1,1,5,4,5,13,1,1,1,4,5,2,17,1,59,4,11,3,4,7,21,7,19,11,15,,101,,2,22,121.5227499,25.0580171
113,6,4,21,35,2,03中山區,中山區中山北路2段與民生西路口,0,0,1,2,C03,7,5,5,50,4,1,1,5,4,5,13,1,1,1,4,5,2,17,1,21,2,9,5,1,7,9,1,10,1,12,,44,,1,22,121.5227499,25.0580171
113,6,4,21,54,2,03中山區,中山區南京西路1號,0,0,1,1,B01,7,5,5,40,14,9,1,5,4,5,13,4,4,1,5,5,1,17,1,65,3,10,3,4,7,1,1,4,9,17,,19,,1,21,121.5217979,25.0523994
113,6,4,21,54,2,03中山區,中山區南京西路1號,0,0,1,2,C03,7,5,5,40,14,9,1,5,4,5,13,4,4,1,5,5,1,17,2,26,2,9,3,4,7,9,1,10,1,14,,44,,1,21,121.5217979,25.0523994
113,6,4,22,10,2,01大同區,大同區西寧北路與迪化街1段32巷口,0,0,1,1,B03,8,5,5,50,3,1,1,5,4,5,13,4,4,5,5,5,2,16,2,54,3,10,3,4,7,11,1,8,1,4,,74,,1,21,121.5088435,25.0545263
113,6,4,22,10,2,01大同區,大同區西寧北路與迪化街1段32巷口,0,0,1,2,C03,8,5,5,50,3,1,1,5,4,5,13,4,4,5,5,5,2,16,1,19,2,8,5,1,7,9,1,10,1,11,,108,,1,21,121.5088435,25.0545263
113,6,4,22,47,2,03中山區,中山區民生東路3段與建國北路2段口,0,0,1,1,B01,7,5,5,50,4,1,1,5,4,5,13,2,1,1,5,5,1,16,1,69,3,10,3,4,7,8,6,18,1,2,,100,,1,21,121.5371989,25.0579778
113,6,4,22,47,2,03中山區,中山區民生東路3段與建國北路2段口,0,0,1,2,C03,7,5,5,50,4,1,1,5,4,5,13,2,1,1,5,5,1,16,1,28,2,9,3,4,7,9,1,10,1,11,,44,,1,21,121.5371989,25.0579778
113,6,4,23,0,2,12內湖區,內湖區成功路2段512號,0,0,1,1,C03,7,5,5,50,14,9,1,5,4,5,13,4,4,1,5,5,2,17,1,19,2,8,6,1,7,9,1,10,2,12,,13,,1,21,121.589654,25.074194
113,6,4,23,0,2,12內湖區,內湖區成功路2段512號,0,0,1,2,B01,7,5,5,50,14,9,1,5,4,5,13,4,4,1,5,5,2,17,1,65,3,10,7,1,7,1,1,4,2,7,,19,,1,21,121.589654,25.074194
113,6,4,23,25,2,04大安區,大安區市民大道4段與敦化南路1段口,0,0,2,1,C03,8,5,5,50,4,3,1,5,4,5,13,2,1,1,4,5,2,17,1,28,2,9,6,1,7,9,1,10,1,11,,108,,1,21,121.548609,25.0447788
113,6,4,23,25,2,04大安區,大安區市民大道4段與敦化南路1段口,0,0,2,2,C03,8,5,5,50,4,3,1,5,4,5,13,2,1,1,4,5,2,17,1,34,2,8,6,1,7,14,1,10,1,14,,44,,1,21,121.548609,25.0447788
113,6,4,23,40,2,01大同區,大同區重慶北路2段119-1號,0,0,1,1,B01,8,5,5,50,14,9,1,5,4,5,13,4,4,1,4,5,2,16,1,28,3,10,7,1,7,6,1,8,2,2,,101,,1,21,121.5138307,25.05765
113,6,4,23,40,2,01大同區,大同區重慶北路2段119-1號,0,0,1,2,C03,8,5,5,50,14,9,1,5,4,5,13,4,4,1,4,5,2,16,1,54,2,9,6,1,7,9,1,9,2,14,,44,,1,21,121.5138307,25.05765
113,6,5,0,50,2,10文山區,文山區永安街與永安街6巷口,0,0,1,1,C03,8,5,5,30,4,1,1,5,4,5,13,4,4,10,5,5,2,15,1,29,3,10,5,4,7,9,1,10,2,12,,42,,1,21,121.5702524,24.98708915
113,6,5,0,50,2,10文山區,文山區永安街與永安街6巷口,0,0,1,2,C03,8,5,5,30,4,1,1,5,4,5,13,4,4,10,5,5,2,15,1,21,2,7,5,4,7,9,1,10,2,11,,108,,1,21,121.5702524,24.98708915
113,6,5,1,32,2,02萬華區,萬華區忠孝西路2段與昆明街口,0,0,1,1,B03,7,5,5,50,4,1,1,5,4,5,13,3,1,8,3,5,2,15,1,26,3,10,7,1,7,9,1,8,1,1,,84,,1,21,121.5064283,25.0487681
113,6,5,1,32,2,02萬華區,萬華區忠孝西路2段與昆明街口,0,0,1,2,B03,7,5,5,50,4,1,1,5,4,5,13,3,1,8,3,5,2,15,1,55,3,10,7,1,7,9,3,18,1,4,,14,,1,21,121.5064283,25.0487681
113,6,5,1,32,2,02萬華區,萬華區忠孝西路2段與昆明街口,0,0,1,3,H02,7,5,5,50,4,1,1,5,4,5,13,3,1,8,3,5,2,15,2,48,2,9,7,5,7,20,8,20,10,16,,67,,1,21,121.5064283,25.0487681
113,6,5,5,31,2,03中山區,中山區民權東路2段92巷與民權東路2段口,0,0,2,1,C03,8,7,5,50,4,1,1,5,4,5,13,1,1,3,4,5,2,15,1,52,2,9,5,1,7,9,1,10,2,11,,44,,1,22,121.531786,25.06258214
113,6,5,5,31,2,03中山區,中山區民權東路2段92巷與民權東路2段口,0,0,2,2,C03,8,7,5,50,4,1,1,5,4,5,13,1,1,3,4,5,2,15,1,27,2,9,5,1,7,9,1,10,2,14,,81,,1,22,121.531786,25.06258214
113,6,5,5,33,2,07信義區,信義區信義路5段與松仁路口,0,0,1,1,C04,8,7,5,50,4,2,1,5,4,5,13,1,1,9,4,5,2,21,1,25,2,9,5,1,7,9,1,21,1,11,,42,,1,21,121.5681859,25.0326542
113,6,5,5,33,2,07信義區,信義區信義路5段與松仁路口,0,0,1,2,,8,7,5,50,4,2,1,5,4,5,13,1,1,9,4,5,2,21,3,0,,,,,,,,,,,,67,,1,,121.5681859,25.0326542
113,6,5,6,39,2,09北投區,北投區東華街1段與石牌路2段口,0,0,2,1,F01,8,5,5,50,4,1,1,5,4,5,13,2,1,1,4,5,2,15,2,59,2,9,4,1,7,1,8,20,1,11,,19,,1,21,121.5153408,25.11527587
113,6,5,6,39,2,09北投區,北投區東華街1段與石牌路2段口,0,0,2,2,C03,8,5,5,50,4,1,1,5,4,5,13,2,1,1,4,5,2,15,1,45,2,9,5,1,7,9,1,10,1,11,,44,,1,21,121.5153408,25.11527587
113,6,5,7,0,2,07信義區,信義區忠孝東路5段與松山路口,0,0,1,1,C04,8,7,5,50,4,1,1,5,4,5,13,2,1,3,4,5,2,12,2,50,2,9,5,1,7,15,1,8,1,14,,100,,1,21,121.5777798,25.0410799
113,6,5,7,0,2,07信義區,信義區忠孝東路5段與松山路口,0,0,1,2,A02,8,7,5,50,4,1,1,5,4,5,13,2,1,3,4,5,2,12,1,57,3,10,7,1,7,15,1,2,1,3,,16,,1,21,121.5777798,25.0410799
113,6,5,7,37,2,12內湖區,內湖區潭美街557號,0,0,1,1,C03,7,7,5,40,14,9,1,5,4,5,13,4,4,4,4,5,2,17,1,59,4,11,3,4,7,15,7,19,11,15,,99,,2,22,121.601147,25.0609127
113,6,5,7,37,2,12內湖區,內湖區潭美街557號,0,0,1,2,C03,7,7,5,40,14,9,1,5,4,5,13,4,4,4,4,5,2,17,1,32,2,9,6,1,7,9,1,10,1,14,,44,,1,21,121.601147,25.0609127
113,6,5,7,39,2,10文山區,文山區興隆路3段與興隆路3段181巷口,0,0,1,1,C03,7,6,5,50,4,2,1,5,4,5,13,3,1,3,4,5,2,13,2,67,2,8,5,1,7,9,1,10,11,11,,108,,1,22,121.5600717,24.9960578
113,6,5,7,39,2,10文山區,文山區興隆路3段與興隆路3段181巷口,0,0,1,2,C03,7,6,5,50,4,2,1,5,4,5,13,3,1,3,4,5,2,13,1,42,3,10,5,1,7,14,1,10,11,12,,44,,1,21,121.5600717,24.9960578
113,6,5,7,45,2,10文山區,文山區木柵路4段21巷1-18號,0,0,1,1,C03,7,7,5,50,14,9,1,5,4,5,13,4,4,5,4,5,2,12,1,49,3,10,5,1,7,8,3,18,1,12,,100,,1,22,121.5714912,24.993221
113,6,5,7,45,2,10文山區,文山區木柵路4段21巷1-18號,0,0,1,2,C03,7,7,5,50,14,9,1,5,4,5,13,4,4,5,4,5,2,12,2,57,2,5,5,1,7,9,1,10,1,14,,44,,1,22,121.5714912,24.993221
113,6,5,7,50,2,10文山區,文山區基隆路4段與汀州路4段口,0,0,1,1,C03,8,6,5,40,5,1,1,5,4,5,13,2,1,1,4,1,2,13,1,21,2,9,6,1,7,12,1,10,2,11,,16,,1,21,121.5362319,25.0108142
113,6,5,7,50,2,10文山區,文山區基隆路4段與汀州路4段口,0,0,1,2,C03,8,6,5,40,5,1,1,5,4,5,13,2,1,1,4,1,2,13,1,59,3,10,5,1,7,9,1,10,2,13,,44,,1,26,121.5362319,25.0108142
113,6,5,7,53,2,02萬華區,萬華區德昌街與德昌街125巷口,0,0,2,1,C03,7,5,5,30,4,1,1,5,4,5,13,4,4,10,5,5,1,15,1,68,2,9,3,4,7,9,1,10,1,12,,72,,1,22,121.4966278,25.0242009
113,6,5,7,53,2,02萬華區,萬華區德昌街與德昌街125巷口,0,0,2,2,B01,7,5,5,30,4,1,1,5,4,5,13,4,4,10,5,5,1,15,1,67,3,10,3,4,7,9,1,4,1,5,,44,,1,22,121.4966278,25.0242009
113,6,5,7,53,2,02萬華區,萬華區德昌街與德昌街125巷口,0,0,2,3,H02,7,5,5,30,4,1,1,5,4,5,13,4,4,10,5,5,1,15,2,16,2,1,3,5,7,20,8,20,10,16,,67,,1,22,121.4966278,25.0242009
113,6,5,8,20,2,08士林區,士林區中正路與志成街口,0,0,1,1,B03,6,7,5,50,4,1,1,4,4,5,13,1,1,1,5,5,2,17,2,64,3,10,7,1,7,9,1,8,1,1,,81,,1,21,121.5232451,25.11596607
113,6,5,8,20,2,08士林區,士林區中正路與志成街口,0,0,1,2,C03,6,7,5,50,4,1,1,4,4,5,13,1,1,1,5,5,2,17,2,66,2,5,6,1,7,9,1,10,1,11,,44,,1,21,121.5232451,25.11596607
113,6,5,8,25,2,05中正區,中正區愛國東路與愛國東路74巷口,0,0,1,1,B03,8,7,5,50,3,1,1,5,4,5,13,4,4,1,4,4,2,16,1,31,3,10,7,1,7,6,1,8,1,2,,9,,1,21,121.5200864,25.0333682
113,6,5,8,25,2,05中正區,中正區愛國東路與愛國東路74巷口,0,0,1,2,C03,8,7,5,50,3,1,1,5,4,5,13,4,4,1,4,4,2,16,1,32,2,8,5,1,7,9,1,10,1,11,,44,,1,21,121.5200864,25.0333682
113,6,5,8,25,2,12內湖區,內湖區麥帥一橋,0,0,2,1,C03,8,5,5,50,8,11,1,5,4,5,13,4,4,1,4,5,1,13,2,57,2,9,5,1,7,9,1,10,1,11,,16,,1,21,121.5729002,25.05273705
113,6,5,8,25,2,12內湖區,內湖區麥帥一橋,0,0,2,2,C03,8,5,5,50,8,11,1,5,4,5,13,4,4,1,4,5,1,13,2,57,2,9,5,1,7,9,1,10,1,14,,44,,1,21,121.5729002,25.05273705
113,6,5,8,25,2,11南港區,南港區忠孝東路7段與忠孝東路7段325巷口口,0,0,1,1,B03,7,7,5,40,3,1,1,5,4,5,13,1,2,3,4,4,2,16,1,44,3,10,7,1,7,6,1,8,1,5,,9,,1,21,121.6055493,25.0520498
113,6,5,8,25,2,11南港區,南港區忠孝東路7段與忠孝東路7段325巷口口,0,0,1,2,C04,7,7,5,40,3,1,1,5,4,5,13,1,2,3,4,4,2,16,1,33,2,9,6,1,7,9,1,10,1,14,,108,,1,21,121.6055493,25.0520498
113,6,5,8,30,2,10文山區,文山區景隆街與景明街口,0,0,1,1,C03,7,6,5,30,4,1,1,5,4,5,13,4,4,10,5,5,2,17,1,48,2,9,6,1,7,6,1,10,1,12,,42,,1,21,121.5405191,25.0002375
113,6,5,8,30,2,10文山區,文山區景隆街與景明街口,0,0,1,2,C03,7,6,5,30,4,1,1,5,4,5,13,4,4,10,5,5,2,17,2,35,3,10,6,1,7,9,1,10,1,17,,44,,1,21,121.5405191,25.0002375
113,6,5,8,32,2,04大安區,大安區市民大道4段66號,0,0,2,1,C03,7,5,5,40,14,9,1,5,4,5,13,4,4,1,4,5,2,12,1,24,2,9,6,1,7,9,1,10,1,14,,17,,1,21,121.5467367,25.0449857
113,6,5,8,32,2,04大安區,大安區市民大道4段66號,0,0,2,2,C03,7,5,5,40,14,9,1,5,4,5,13,4,4,1,4,5,2,12,1,60,2,9,6,1,7,9,1,10,1,14,,17,,1,21,121.5467367,25.0449857
113,6,5,8,32,2,04大安區,大安區市民大道4段66號,0,0,2,3,B03,7,5,5,40,14,9,1,5,4,5,13,4,4,1,4,5,2,12,2,48,3,10,2,1,7,9,1,8,1,2,,44,,1,21,121.5467367,25.0449857
113,6,5,8,50,2,09北投區,北投區公館路與三合街1段口,0,0,2,1,C03,8,6,5,50,4,1,1,5,4,5,13,2,1,5,4,5,2,16,1,42,2,9,5,1,7,5,1,10,1,14,,8,,1,21,121.5075079,25.1276275
113,6,5,8,50,2,09北投區,北投區公館路與三合街1段口,0,0,2,2,C03,8,6,5,50,4,1,1,5,4,5,13,2,1,5,4,5,2,16,2,31,2,9,5,1,7,9,1,10,1,11,,44,,1,21,121.5075079,25.1276275
113,6,5,9,10,2,01大同區,大同區伊寧街75巷與伊寧街口,0,0,1,2,C03,6,7,5,30,4,1,1,4,4,5,13,4,4,9,4,5,2,15,1,71,2,9,5,1,7,9,3,18,1,11,,119,,1,21,121.5103689,25.0646346
113,6,5,9,10,2,01大同區,大同區伊寧街75巷與伊寧街口,0,0,1,1,,6,7,5,30,4,1,1,4,4,5,13,4,4,9,4,5,2,15,4,0,4,11,3,4,7,9,1,10,11,11,,119,,2,21,121.5103689,25.0646346
113,6,5,9,17,2,04大安區,大安區金山南路2段與潮州街口,0,0,2,1,B03,7,6,5,50,4,1,1,5,4,5,13,2,1,3,4,5,1,16,1,22,2,7,3,4,7,5,1,8,1,5,,8,,1,21,121.5263674,25.028868
113,6,5,9,17,2,04大安區,大安區金山南路2段與潮州街口,0,0,2,2,C03,7,6,5,50,4,1,1,5,4,5,13,2,1,3,4,5,1,16,1,18,2,9,6,4,7,9,1,10,1,11,,108,,1,21,121.5263674,25.028868
113,6,5,9,20,2,11南港區,南港區成美橋與南港路3段口,0,0,1,1,B01,7,6,5,50,5,2,1,5,4,5,12,4,4,5,4,5,2,12,1,64,3,10,7,1,7,8,1,4,1,2,,100,,1,21,121.5827713,25.0519504
113,6,5,9,20,2,11南港區,南港區成美橋與南港路3段口,0,0,1,2,C03,7,6,5,50,5,2,1,5,4,5,12,4,4,5,4,5,2,12,1,27,2,9,6,1,7,14,1,10,1,12,,44,,1,21,121.5827713,25.0519504
113,6,5,9,43,2,09北投區,北投區大度路第1208543號燈桿,0,0,2,1,C03,7,6,5,50,14,12,1,5,4,5,13,4,4,1,4,2,1,13,1,20,3,10,5,1,7,7,1,10,2,13,,100,,1,21,121.4892297,25.1216186
113,6,5,9,43,2,09北投區,北投區大度路第1208543號燈桿,0,0,2,2,C03,7,6,5,50,14,12,1,5,4,5,13,4,4,1,4,2,1,13,2,36,2,9,5,1,7,9,1,10,2,11,12,44,,1,21,121.4892297,25.1216186
113,6,5,9,43,2,09北投區,北投區大度路第1208543號燈桿,0,0,2,3,C03,7,6,5,50,14,12,1,5,4,5,13,4,4,1,4,2,1,13,1,34,2,8,5,1,7,9,1,10,2,11,12,16,,1,21,121.4892297,25.1216186
113,6,5,9,50,2,02萬華區,萬華區內江街87號,0,0,2,1,C03,6,5,5,50,14,18,1,4,4,5,13,3,1,7,4,5,2,3,1,26,2,8,6,4,7,9,1,10,1,14,,70,,1,21,121.5035352,25.04160624
113,6,5,9,50,2,02萬華區,萬華區內江街87號,0,0,2,2,H01,6,5,5,50,14,18,1,4,4,5,13,3,1,7,4,5,2,3,2,75,2,9,4,5,8,16,8,20,10,16,,67,,1,21,121.5035352,25.04160624
113,6,5,9,50,2,08士林區,士林區通河西街1段堤外便道,0,0,2,1,C03,7,6,5,40,14,9,1,4,4,5,13,4,4,9,4,5,1,13,1,22,2,8,3,4,7,9,1,10,1,11,,16,,1,21,121.5135154,25.0825535
113,6,5,9,50,2,08士林區,士林區通河西街1段堤外便道,0,0,2,2,C03,7,6,5,40,14,9,1,4,4,5,13,4,4,9,4,5,1,13,2,67,2,8,3,4,7,11,1,10,1,13,,10,,1,21,121.5135154,25.0825535
113,6,5,10,12,2,06松山區,松山區八德路4段333巷與八德路4段口,0,0,1,1,B03,8,5,5,50,4,1,1,5,4,5,13,1,1,8,5,5,1,16,1,31,3,10,3,1,7,5,1,8,1,2,,71,,1,21,121.5672415,25.0492114
113,6,5,10,12,2,06松山區,松山區八德路4段333巷與八德路4段口,0,0,1,2,C03,8,5,5,50,4,1,1,5,4,5,13,1,1,8,5,5,1,16,2,18,2,9,3,1,7,9,3,18,1,11,,44,,1,21,121.5672415,25.0492114
113,6,5,11,52,2,12內湖區,內湖區江南街與瑞光路口,0,0,1,1,C03,7,6,5,50,3,1,1,5,4,5,13,2,1,9,4,5,2,16,1,40,2,8,6,1,7,5,1,10,1,12,,71,,1,21,121.5754602,25.0760911
113,6,5,11,52,2,12內湖區,內湖區江南街與瑞光路口,0,0,1,2,B03,7,6,5,50,3,1,1,5,4,5,13,2,1,9,4,5,2,16,1,21,3,10,7,1,7,9,1,8,1,4,,44,,1,21,121.5754602,25.0760911
113,6,5,12,5,2,04大安區,大安區羅斯福路2段111號,0,0,1,1,C03,6,6,5,50,14,9,1,4,4,5,13,4,4,3,4,5,2,17,1,34,2,9,6,1,7,12,1,10,1,14,,44,,1,22,121.5245054,25.0244749
113,6,5,12,5,2,04大安區,大安區羅斯福路2段111號,0,0,1,2,B03,6,6,5,50,14,9,1,4,4,5,13,4,4,3,4,5,2,17,1,32,3,10,7,1,7,1,1,8,1,17,,19,,1,22,121.5245054,25.0244749
113,6,5,12,25,2,06松山區,松山區敦化北路往南0204932燈桿旁,0,0,2,1,C03,6,5,5,50,14,11,1,4,4,5,13,4,4,9,4,4,2,12,1,54,2,8,6,1,7,8,1,10,1,12,,100,,1,21,121.5487535,25.05584525
113,6,5,12,25,2,06松山區,松山區敦化北路往南0204932燈桿旁,0,0,2,2,C03,6,5,5,50,14,11,1,4,4,5,13,4,4,9,4,4,2,12,1,31,2,7,6,1,7,9,1,10,1,11,,44,,1,21,121.5487535,25.05584525
113,6,5,12,27,2,04大安區,大安區和平東路1段與金山南路2段口口,0,0,1,3,B03,6,6,5,50,4,2,1,4,4,5,13,2,1,1,4,5,2,13,1,31,2,9,7,1,7,15,1,8,1,3,,44,,1,21,121.5257533,25.0268958
113,6,5,12,27,2,04大安區,大安區和平東路1段與金山南路2段口口,0,0,1,1,B12,6,6,5,50,4,2,1,4,4,5,13,2,1,1,4,5,2,13,1,39,3,10,7,1,7,9,1,8,11,1,,16,,2,21,121.5257533,25.0268958
113,6,5,12,27,2,04大安區,大安區和平東路1段與金山南路2段口口,0,0,1,2,B12,6,6,5,50,4,2,1,4,4,5,13,2,1,1,4,5,2,13,1,71,3,10,7,1,7,15,1,8,1,3,,44,,1,21,121.5257533,25.0268958
113,6,5,12,28,2,06松山區,松山區復興北路99號,0,0,1,1,B03,6,7,5,50,14,9,1,4,4,5,13,4,4,1,3,5,2,12,1,61,3,10,7,1,7,7,1,8,1,4,,100,,1,26,121.5441163,25.05310567
113,6,5,12,28,2,06松山區,松山區復興北路99號,0,0,1,2,C03,6,7,5,50,14,9,1,4,4,5,13,4,4,1,3,5,2,12,2,19,2,9,5,1,7,9,1,10,1,11,,108,,1,25,121.5441163,25.05310567
113,6,5,12,47,2,08士林區,士林區延平北路7段106巷355號,0,0,2,1,C03,6,7,5,40,14,9,1,4,4,5,13,4,4,10,5,5,2,17,1,26,3,10,3,4,7,15,1,10,1,17,,44,,1,21,121.4954589,25.10883064
113,6,5,12,47,2,08士林區,士林區延平北路7段106巷355號,0,0,2,2,C03,6,7,5,40,14,9,1,4,4,5,13,4,4,10,5,5,2,17,2,21,2,9,3,4,7,9,1,10,1,11,,16,,1,21,121.4954589,25.10883064
113,6,5,12,47,2,08士林區,士林區延平北路7段106巷355號,0,0,2,3,C03,6,7,5,40,14,9,1,4,4,5,13,4,4,10,5,5,2,17,2,19,2,9,3,4,7,9,1,10,1,13,,44,,1,21,121.4954589,25.10883064