發生年度,發生月,發生日,發生時-Hours,發生分,處理別-編號,區序,肇事地點,死亡人數,2-30日死亡人數,受傷人數,當事人序號,車種,天候,道路照明設備,道路類別,速限-速度限制,道路型態,事故位置,路面狀況1,路面狀況2,路面狀況3,道路障礙1,道路障礙2,號誌1,號誌2,車道劃分-分向,車道劃分-分道1,車道劃分-分道2,車道劃分-分道3,事故類型及型態,性別,年齡,受傷程度,主要傷處,保護裝置,行動電話,車輛用途,當事者行動狀態,駕駛資格情形,駕駛執照種類,飲酒情形,車輛撞擊部位1,車輛撞擊部位2,肇因碼-個別,肇因碼-主要,個人肇逃否,職業,座標-X,座標-Y
113,6,5,13,40,2,07信義區,信義區松高路與松勇路口,0,0,1,1,C03,6,7,5,50,4,1,1,4,4,5,13,1,1,5,4,5,2,16,1,32,2,9,3,4,7,9,1,10,1,14,,42,,1,21,121.5698241,25.0391097
113,6,5,13,40,2,07信義區,信義區松高路與松勇路口,0,0,1,2,B03,6,7,5,50,4,1,1,4,4,5,13,1,1,5,4,5,2,16,1,41,3,10,3,4,7,5,1,8,1,8,,71,,1,21,121.5698241,25.0391097
113,6,5,13,56,2,07信義區,信義區松智路9巷松高12號停車場出口,0,0,1,1,B03,6,7,5,50,14,9,1,4,4,5,13,4,4,9,5,5,2,16,2,28,3,10,7,1,7,1,1,8,2,8,,19,,1,21,121.5664784,25.0385702
113,6,5,13,56,2,07信義區,信義區松智路9巷松高12號停車場出口,0,0,1,2,C03,6,7,5,50,14,9,1,4,4,5,13,4,4,9,5,5,2,16,1,27,2,9,6,1,7,9,1,10,2,11,14,44,,1,21,121.5664784,25.0385702
113,6,5,14,14,2,03中山區,中山區自強隧道(外)往南圓環前,0,0,1,1,A04,6,5,5,50,3,1,1,4,4,5,13,1,1,1,4,5,2,13,1,64,3,10,3,4,7,9,1,2,1,1,,16,,1,21,121.5493837,25.085957
113,6,5,14,14,2,03中山區,中山區自強隧道(外)往南圓環前,0,0,1,2,B03,6,5,5,50,3,1,1,4,4,5,13,1,1,1,4,5,2,13,2,54,3,10,3,4,7,12,1,8,1,3,,44,,1,21,121.5493837,25.085957
113,6,5,14,14,2,03中山區,中山區自強隧道(外)往南圓環前,0,0,1,3,H02,6,5,5,50,3,1,1,4,4,5,13,1,1,1,4,5,2,13,2,68,2,9,4,5,7,20,8,20,10,16,,67,,1,21,121.5493837,25.085957
113,6,5,14,47,2,01大同區,大同區鄭州路與西寧北路口,0,0,1,1,B03,6,5,5,40,5,1,1,4,4,5,13,2,1,1,4,5,2,13,2,65,3,10,7,1,7,15,1,8,2,5,,99,,1,22,121.5081843,25.0505855
113,6,5,14,47,2,01大同區,大同區鄭州路與西寧北路口,0,0,1,2,C03,6,5,5,40,5,1,1,4,4,5,13,2,1,1,4,5,2,13,2,22,2,9,6,1,7,5,1,10,2,13,,86,,1,22,121.5081843,25.0505855
113,6,5,15,32,2,12內湖區,內湖區陽光街與文德路22巷口,0,0,1,1,B03,6,7,5,50,4,1,1,4,4,5,13,1,1,5,5,5,2,16,2,45,3,10,7,1,7,6,1,8,1,2,,9,,1,21,121.5810563,25.0745002
113,6,5,15,32,2,12內湖區,內湖區陽光街與文德路22巷口,0,0,1,2,C03,6,7,5,50,4,1,1,4,4,5,13,1,1,5,5,5,2,16,2,60,2,9,5,1,7,9,1,10,1,14,,44,,1,21,121.5810563,25.0745002
113,6,5,15,40,2,02萬華區,萬華區華中橋機車道往台北市方向(編號7010520燈桿前),0,0,2,1,C03,6,6,5,30,8,11,1,4,4,5,13,4,4,10,5,5,1,17,2,32,2,9,5,1,7,15,1,9,1,14,,42,,1,21,121.4957792,25.0153933
113,6,5,15,40,2,02萬華區,萬華區華中橋機車道往台北市方向(編號7010520燈桿前),0,0,2,2,C03,6,6,5,30,8,11,1,4,4,5,13,4,4,10,5,5,1,17,1,74,2,1,5,1,7,10,1,10,1,14,,102,,1,21,121.4957792,25.0153933
113,6,5,15,53,2,04大安區,大安區和平東路2段與瑞安街口,0,0,1,1,C03,6,6,5,50,4,2,1,4,4,5,13,4,4,1,4,5,1,13,1,21,2,8,6,4,7,9,1,10,1,11,,108,,1,21,121.5387673,25.0254261
113,6,5,15,53,2,04大安區,大安區和平東路2段與瑞安街口,0,0,1,2,C03,6,6,5,50,4,2,1,4,4,5,13,4,4,1,4,5,1,13,1,40,3,10,6,4,7,12,1,10,1,13,,44,,1,21,121.5387673,25.0254261
113,6,5,15,53,2,04大安區,大安區和平東路2段與瑞安街口,0,0,1,3,B03,6,6,5,50,4,2,1,4,4,5,13,4,4,1,4,5,1,13,2,40,3,10,3,4,7,7,1,8,11,17,,100,,1,21,121.5387673,25.0254261
113,6,5,16,25,2,02萬華區,萬華區桂林路與環河南路2段口,0,0,1,1,B01,6,6,5,50,4,1,1,4,4,5,13,2,1,5,4,4,2,16,1,67,3,10,7,1,7,11,1,4,1,8,,10,,1,26,121.4974695,25.03853072
113,6,5,16,25,2,02萬華區,萬華區桂林路與環河南路2段口,0,0,1,2,C03,6,6,5,50,4,1,1,4,4,5,13,2,1,5,4,4,2,16,1,53,2,9,5,1,7,5,1,10,1,12,,8,,1,26,121.4974695,25.03853072
113,6,5,17,0,2,12內湖區,內湖區民權東路6段與行愛路口,0,0,1,1,B03,6,7,5,50,4,1,1,4,4,5,13,2,1,1,4,5,2,16,1,25,3,10,7,1,7,5,1,8,2,5,,80,,1,21,121.5785172,25.066696
113,6,5,17,0,2,12內湖區,內湖區民權東路6段與行愛路口,0,0,1,2,C03,6,7,5,50,4,1,1,4,4,5,13,2,1,1,4,5,2,16,1,38,2,7,5,1,7,9,1,10,2,14,,86,,1,21,121.5785172,25.066696
113,6,5,17,22,2,03中山區,中山區龍江路46巷與龍江路口,0,0,1,1,B03,6,5,6,50,4,1,1,4,4,5,13,4,4,9,5,5,2,16,1,60,3,10,3,4,7,5,1,8,1,6,,8,,1,21,121.5404015,25.0491748
113,6,5,17,22,2,03中山區,中山區龍江路46巷與龍江路口,0,0,1,2,C03,6,5,6,50,4,1,1,4,4,5,13,4,4,9,5,5,2,16,1,52,2,8,3,4,7,9,1,10,1,11,,44,,1,21,121.5404015,25.0491748
113,6,5,18,2,2,04大安區,大安區羅斯福路3段75號,0,0,1,1,B03,6,6,5,50,14,9,1,4,4,5,13,4,4,1,4,5,2,17,1,53,3,10,7,1,7,1,1,8,1,15,,19,,1,21,121.5259616,25.0227394
113,6,5,18,2,2,04大安區,大安區羅斯福路3段75號,0,0,1,2,C03,6,6,5,50,14,9,1,4,4,5,13,4,4,1,4,5,2,17,1,28,2,9,5,1,7,12,1,10,1,11,14,44,,1,21,121.5259616,25.0227394
113,6,5,18,10,2,02萬華區,萬華區忠孝西路2段與環河南路1段口,0,0,1,2,B03,7,6,5,50,3,1,1,4,4,5,13,2,1,5,5,5,2,17,1,30,3,10,7,1,7,5,1,8,1,4,,98,,1,21,121.5061492,25.0489583
113,6,5,18,10,2,02萬華區,萬華區忠孝西路2段與環河南路1段口,0,0,1,1,C03,7,6,5,50,3,1,1,4,4,5,13,2,1,5,5,5,2,17,2,23,2,9,6,1,7,9,1,10,1,11,,44,,1,21,121.5061492,25.0489583
113,6,5,18,14,2,03中山區,中山區新生北路2段與民生東路1段口,0,0,1,1,B03,6,7,5,30,3,1,1,4,4,5,13,4,4,5,4,5,2,17,1,66,3,10,3,4,7,6,1,8,9,17,,72,,1,21,121.5269607,25.0579713
113,6,5,18,14,2,03中山區,中山區新生北路2段與民生東路1段口,0,0,1,2,C03,6,7,5,30,3,1,1,4,4,5,13,4,4,5,4,5,2,17,1,46,2,9,6,4,7,9,1,10,9,17,,44,,1,21,121.5269607,25.0579713
113,6,5,18,30,2,05中正區,中正區汀州路3段174號前,0,0,1,1,C02,6,5,5,50,14,9,1,4,4,5,13,4,4,8,4,5,1,16,1,34,3,10,5,1,7,8,1,9,1,12,,100,,1,21,121.534665,25.0132084
113,6,5,18,30,2,05中正區,中正區汀州路3段174號前,0,0,1,2,C03,6,5,5,50,14,9,1,4,4,5,13,4,4,8,4,5,1,16,2,46,2,9,5,1,7,9,1,10,1,14,,44,,1,21,121.534665,25.0132084
113,6,5,18,30,2,05中正區,中正區汀州路3段174號前,0,0,1,3,C03,6,5,5,50,14,9,1,4,4,5,13,4,4,8,4,5,1,16,2,21,3,10,5,1,7,15,1,10,1,14,,44,,1,21,121.534665,25.0132084
113,6,5,18,43,2,07信義區,信義區松德路168巷15號,0,0,1,1,B03,6,5,5,30,14,9,1,4,4,5,13,4,4,9,5,5,2,13,1,38,3,10,7,1,7,9,1,8,1,5,,108,,1,21,121.5722215,25.03653
113,6,5,18,43,2,07信義區,信義區松德路168巷15號,0,0,1,2,C02,6,5,5,30,14,9,1,4,4,5,13,4,4,9,5,5,2,13,1,30,2,8,5,1,7,14,1,9,1,13,,44,,1,21,121.5722215,25.03653
113,6,5,18,47,2,07信義區,信義區忠孝東路4段547號,0,0,1,1,B03,6,5,5,50,14,9,1,4,4,5,13,4,4,1,4,5,2,13,2,37,3,10,7,1,7,1,1,8,1,17,,19,,1,21,121.5618524,25.0413414
113,6,5,18,47,2,07信義區,信義區忠孝東路4段547號,0,0,1,2,C03,6,5,5,50,14,9,1,4,4,5,13,4,4,1,4,5,2,13,1,31,2,7,6,1,7,9,1,10,1,11,,16,,1,21,121.5618524,25.0413414
113,6,5,18,47,2,07信義區,信義區忠孝東路4段547號,0,0,1,3,C03,6,5,5,50,14,9,1,4,4,5,13,4,4,1,4,5,2,13,1,38,3,10,6,1,7,9,1,10,1,13,,44,,1,21,121.5618524,25.0413414
113,6,5,18,48,2,02萬華區,萬華區萬大路與華中橋口下迴轉道,0,0,1,1,A02,6,5,5,30,3,1,1,4,4,5,13,4,4,10,5,5,2,16,1,48,3,10,7,1,7,1,1,2,2,4,,19,,1,26,121.4956962,25.01709725
113,6,5,18,48,2,02萬華區,萬華區萬大路與華中橋口下迴轉道,0,0,1,2,F01,6,5,5,30,3,1,1,4,4,5,13,4,4,10,5,5,2,16,2,75,2,9,4,1,7,9,8,20,1,12,,44,,1,21,121.4956962,25.01709725
113,6,5,18,49,2,12內湖區,內湖區舊宗路1段30巷與舊宗路1段口,0,0,1,1,B03,6,5,5,50,3,2,1,4,4,5,13,4,4,5,5,5,2,12,1,45,3,10,7,1,7,6,1,8,1,5,,17,,1,21,121.580747,25.05814237
113,6,5,18,49,2,12內湖區,內湖區舊宗路1段30巷與舊宗路1段口,0,0,1,2,C03,6,5,5,50,3,2,1,4,4,5,13,4,4,5,5,5,2,12,1,22,2,9,6,1,7,14,1,10,1,14,,44,,1,21,121.580747,25.05814237
113,6,5,19,20,2,10文山區,文山區萬和街與萬芳路口,0,0,1,1,B03,6,5,5,40,3,2,1,4,4,5,13,2,1,5,4,5,2,17,1,51,3,10,3,4,7,6,1,7,2,4,,42,,1,21,121.568975,24.9988667
113,6,5,19,20,2,10文山區,文山區萬和街與萬芳路口,0,0,1,2,C03,6,5,5,40,3,2,1,4,4,5,13,2,1,5,4,5,2,17,2,46,2,7,5,4,7,6,1,10,2,12,,42,,1,21,121.568975,24.9988667
113,6,5,19,25,2,04大安區,大安區文昌街278巷與文昌街口,0,0,1,1,C03,6,5,5,30,4,1,1,4,4,5,13,4,4,10,5,5,2,15,2,37,2,8,3,4,7,9,1,10,1,12,,75,,1,21,121.5565754,25.0321887
113,6,5,19,25,2,04大安區,大安區文昌街278巷與文昌街口,0,0,1,2,B01,6,5,5,30,4,1,1,4,4,5,13,4,4,10,5,5,2,15,1,69,3,10,3,4,7,9,1,4,1,8,,108,,1,21,121.5565754,25.0321887
113,6,5,19,29,2,03中山區,中山區明水路581巷與明水路581巷13弄口,0,0,2,1,C03,6,5,5,50,4,1,1,4,4,5,13,2,1,5,4,5,2,16,1,37,2,9,6,4,7,5,1,10,1,14,,8,,1,21,121.5511523,25.0799969
113,6,5,19,29,2,03中山區,中山區明水路581巷與明水路581巷13弄口,0,0,2,2,C03,6,5,5,50,4,1,1,4,4,5,13,2,1,5,4,5,2,16,1,20,2,8,6,4,7,9,1,10,1,12,,44,,1,21,121.5511523,25.0799969
113,6,5,19,59,2,03中山區,中山區民權東路2段與建國北路3段口,0,0,1,1,C03,6,5,5,50,4,2,1,4,4,5,13,2,1,1,4,5,2,13,1,25,2,9,6,4,7,9,1,10,1,11,,116,,1,21,121.5365932,25.06245766
113,6,5,19,59,2,03中山區,中山區民權東路2段與建國北路3段口,0,0,1,2,B03,6,5,5,50,4,2,1,4,4,5,13,2,1,1,4,5,2,13,1,34,3,10,3,4,7,9,1,8,1,3,,44,,1,21,121.5365932,25.06245766
113,6,5,20,8,2,04大安區,大安區辛亥路1段89號,0,0,1,1,B03,6,5,5,50,14,7,1,4,4,5,13,4,4,10,1,2,2,12,1,25,3,10,7,1,7,9,1,8,1,8,,108,,1,21,121.5321942,25.02240681
113,6,5,20,8,2,04大安區,大安區辛亥路1段89號,0,0,1,2,C03,6,5,5,50,14,7,1,4,4,5,13,4,4,10,1,2,2,12,1,57,2,9,6,1,7,9,1,10,1,13,,17,,1,21,121.5321942,25.02240681
113,6,5,20,8,2,04大安區,大安區辛亥路1段89號,0,0,1,3,B01,6,5,5,50,14,7,1,4,4,5,13,4,4,10,1,2,2,12,1,60,3,10,7,1,7,14,1,4,1,7,,44,,1,21,121.5321942,25.02240681
113,6,5,20,8,2,04大安區,大安區辛亥路1段89號,0,0,1,4,H01,6,5,5,50,14,7,1,4,4,5,13,4,4,10,1,2,2,12,1,37,3,10,4,5,8,17,8,20,10,16,,67,,1,21,121.5321942,25.02240681
113,6,5,20,17,2,08士林區,士林區至善路2段與故宮路口,0,0,1,1,B03,6,5,7,50,4,2,1,4,4,5,13,1,1,1,4,5,1,17,1,52,3,10,3,4,7,5,1,8,2,8,,17,,1,21,121.5464094,25.0981705
113,6,5,20,17,2,08士林區,士林區至善路2段與故宮路口,0,0,1,2,C03,6,5,7,50,4,2,1,4,4,5,13,1,1,1,4,5,1,17,2,25,2,9,3,4,7,5,1,10,2,14,,44,,1,21,121.5464094,25.0981705
113,6,5,20,37,2,09北投區,北投區中央北路4段469號,0,0,1,1,C03,6,5,5,50,14,9,1,4,4,5,13,1,1,9,4,5,1,14,1,35,3,10,6,1,7,2,1,10,1,12,,12,,1,21,121.469506,25.1286093
113,6,5,20,37,2,09北投區,北投區中央北路4段469號,0,0,1,2,C03,6,5,5,50,14,9,1,4,4,5,13,1,1,9,4,5,1,14,2,59,2,9,6,1,7,9,1,10,1,11,,44,,1,21,121.469506,25.1286093
113,6,5,20,43,2,03中山區,中山區復興北路與興安街口,0,0,1,2,C03,6,5,5,50,4,2,1,4,4,5,13,1,1,1,4,5,2,17,2,41,3,10,5,1,7,9,1,10,1,11,,108,,1,21,121.5440515,25.0561501
113,6,5,20,43,2,03中山區,中山區復興北路與興安街口,0,0,1,3,C03,6,5,5,50,4,2,1,4,4,5,13,1,1,1,4,5,2,17,1,24,2,9,5,1,7,9,1,10,1,13,,42,,1,21,121.5440515,25.0561501
113,6,5,20,43,2,03中山區,中山區復興北路與興安街口,0,0,1,4,C03,6,5,5,50,4,2,1,4,4,5,13,1,1,1,4,5,2,17,2,22,3,10,5,1,7,9,1,10,1,17,,44,,1,21,121.5440515,25.0561501
113,6,5,20,43,2,03中山區,中山區復興北路與興安街口,0,0,1,1,B03,6,5,5,50,4,2,1,4,4,5,13,1,1,1,4,5,2,17,2,30,3,10,7,1,7,7,1,8,11,17,,100,,2,22,121.5440515,25.0561501
113,6,5,21,0,2,06松山區,松山區八德路4段與中坡北路口口,0,0,1,1,A02,6,5,5,50,4,2,1,4,4,5,13,1,1,5,4,5,2,17,1,37,3,10,7,1,7,15,1,2,2,17,,100,,1,21,121.5795128,25.0502853
113,6,5,21,0,2,06松山區,松山區八德路4段與中坡北路口口,0,0,1,2,C04,6,5,5,50,4,2,1,4,4,5,13,1,1,5,4,5,2,17,2,28,2,9,5,1,7,9,1,21,2,14,,42,,1,21,121.5795128,25.0502853
113,6,5,21,8,2,03中山區,中山區松江路301號,0,0,1,1,B01,6,5,5,50,14,9,1,4,4,5,13,4,4,1,4,5,2,13,1,65,3,10,7,1,7,8,1,4,1,7,,100,,1,21,121.5332937,25.06114577
113,6,5,21,8,2,03中山區,中山區松江路301號,0,0,1,2,C03,6,5,5,50,14,9,1,4,4,5,13,4,4,1,4,5,2,13,1,19,2,9,6,1,7,8,1,10,1,11,,108,,1,21,121.5332937,25.06114577
113,6,5,21,28,2,10文山區,文山區興隆路2段220巷31弄與興隆路2段244巷口,0,0,2,1,C03,6,5,5,30,3,2,1,4,4,5,13,4,4,5,5,5,2,3,1,32,2,9,6,1,7,9,1,10,1,11,,13,,1,21,121.5531917,25.0001657
113,6,5,21,28,2,10文山區,文山區興隆路2段220巷31弄與興隆路2段244巷口,0,0,2,2,H01,6,5,5,30,3,2,1,4,4,5,13,4,4,5,5,5,2,3,1,70,2,9,4,5,8,18,8,20,10,16,,121,,1,21,121.5531917,25.0001657
113,6,5,21,52,2,01大同區,大同區鄭州路與西寧北路口,0,0,1,1,B03,6,5,5,40,5,1,1,4,4,5,13,2,1,1,4,5,2,13,1,27,3,10,7,1,7,15,1,8,2,1,,99,,1,22,121.5081864,25.0505876
113,6,5,21,52,2,01大同區,大同區鄭州路與西寧北路口,0,0,1,2,C03,6,5,5,40,5,1,1,4,4,5,13,2,1,1,4,5,2,13,2,23,2,9,5,1,7,5,1,10,2,13,,96,,1,22,121.5081864,25.0505876
113,6,5,22,15,2,03中山區,中山區民權西路42號,0,0,1,1,B01,6,5,5,50,14,9,1,4,4,5,13,4,4,1,4,5,2,12,1,69,3,10,7,1,7,8,1,4,2,3,,100,,1,21,121.52113,25.0626902
113,6,5,22,15,2,03中山區,中山區民權西路42號,0,0,1,2,C03,6,5,5,50,14,9,1,4,4,5,13,4,4,1,4,5,2,12,1,38,2,9,5,1,7,9,1,10,2,11,,16,,1,21,121.52113,25.0626902
113,6,5,22,20,2,04大安區,大安區辛亥路1段79號,0,0,1,1,B03,6,5,5,40,14,8,1,4,4,5,13,4,4,1,4,4,2,12,2,57,3,10,3,4,7,3,1,8,1,8,,18,,1,21,121.5308049,25.0213638
113,6,5,22,20,2,04大安區,大安區辛亥路1段79號,0,0,1,2,C03,6,5,5,40,14,8,1,4,4,5,13,4,4,1,4,4,2,12,1,41,2,9,3,4,7,9,3,18,1,11,,108,,1,21,121.5308049,25.0213638
113,6,5,22,20,2,04大安區,大安區辛亥路1段79號,0,0,1,3,B01,6,5,5,40,14,8,1,4,4,5,13,4,4,1,4,4,2,12,1,31,3,10,3,4,7,9,1,4,1,6,,44,,1,21,121.5308049,25.0213638
113,6,5,23,35,2,07信義區,信義區吳興街156巷與莊敬路口,0,0,1,1,B02,6,5,5,50,4,2,1,4,4,5,13,1,1,4,3,4,2,1,1,29,3,10,3,4,7,6,1,8,9,8,,70,,1,21,121.5622562,25.0294883
113,6,5,23,35,2,07信義區,信義區吳興街156巷與莊敬路口,0,0,1,2,H01,6,5,5,50,4,2,1,4,4,5,13,1,1,4,3,4,2,1,2,34,2,9,4,5,8,16,8,20,10,16,,67,,1,21,121.5622562,25.0294883
113,6,5,23,37,2,02萬華區,萬華區西寧南路50巷與昆明街口,0,0,1,1,B12,6,5,5,50,4,1,1,4,4,5,13,4,4,8,3,5,1,13,1,47,3,10,7,1,7,12,1,8,1,1,,16,,1,21,121.5052553,25.0444795
113,6,5,23,37,2,02萬華區,萬華區西寧南路50巷與昆明街口,0,0,1,2,B01,6,5,5,50,4,1,1,4,4,5,13,4,4,8,3,5,1,13,1,21,2,3,7,1,7,9,1,4,1,3,1,44,,1,21,121.5052553,25.0444795
113,6,5,23,37,2,02萬華區,萬華區西寧南路50巷與昆明街口,0,0,1,3,B02,6,5,5,50,4,1,1,4,4,5,13,4,4,8,3,5,1,13,1,38,3,10,7,1,7,9,1,8,1,3,,44,,1,21,121.5052553,25.0444795
113,6,5,23,45,2,06松山區,松山區復興北路與長春路口,0,0,1,2,H01,6,5,8,50,4,18,1,4,4,5,13,2,1,1,4,5,2,3,1,74,2,7,4,5,8,16,8,20,10,16,,67,,1,21,121.5442,25.05456428
113,6,5,23,45,2,06松山區,松山區復興北路與長春路口,0,0,1,1,B01,6,5,8,50,4,18,1,4,4,5,13,2,1,1,4,5,2,3,1,55,4,11,3,4,7,6,1,4,9,5,,70,,1,21,121.5442,25.05456428
113,6,5,23,52,2,03中山區,中山區市民大道3段1號與新生北路1段口,0,0,1,1,C03,6,5,5,40,5,1,1,4,4,5,13,1,1,9,4,5,2,17,2,25,2,9,5,1,7,9,1,10,1,15,,44,,1,21,121.5308138,25.0461288
113,6,5,23,52,2,03中山區,中山區市民大道3段1號與新生北路1段口,0,0,1,2,H01,6,5,5,40,5,1,1,4,4,5,13,1,1,9,4,5,2,17,4,0,,,,,,,,,,,,119,,2,,121.5308138,25.0461288
113,6,6,1,15,2,03中山區,中山區市民大道2段99號,0,0,1,1,B01,6,5,5,40,14,9,1,4,4,5,13,4,4,1,4,5,2,12,1,59,3,10,7,1,7,8,1,4,2,6,,100,,1,21,121.5304153,25.0462429
113,6,6,1,15,2,03中山區,中山區市民大道2段99號,0,0,1,2,C03,6,5,5,40,14,9,1,4,4,5,13,4,4,1,4,5,2,12,1,19,2,9,5,1,7,9,1,10,2,11,,108,,1,21,121.5304153,25.0462429
113,6,6,2,57,1,02萬華區,萬華區中華路1段166號,1,0,0,1,C04,6,5,5,50,14,8,1,4,4,5,13,4,4,1,4,1,2,13,1,68,1,1,6,1,7,9,1,8,9,11,,108,,1,21,121.5078498,25.0414041
113,6,6,2,57,1,02萬華區,萬華區中華路1段166號,1,0,0,2,B03,6,5,5,50,14,8,1,4,4,5,13,4,4,1,4,1,2,13,1,48,3,10,7,1,7,13,1,8,9,7,,44,,1,21,121.5078498,25.0414041
113,6,6,4,20,2,01大同區,大同區延平北路4段與民族西路口,0,0,1,1,B03,6,5,5,50,5,18,1,4,4,5,13,1,1,5,4,5,2,1,2,30,3,10,7,1,7,5,1,8,2,8,,70,,1,21,121.5109661,25.068696
113,6,6,4,20,2,01大同區,大同區延平北路4段與民族西路口,0,0,1,2,H01,6,5,5,50,5,18,1,4,4,5,13,1,1,5,4,5,2,1,2,57,2,9,4,5,8,16,8,20,10,16,,67,,1,21,121.5109661,25.068696
113,6,6,5,9,2,06松山區,松山區松山路與八德路4段口,0,0,1,1,B03,7,5,5,50,4,1,1,4,4,5,13,2,1,1,1,1,2,13,1,29,3,10,7,4,7,9,6,8,2,1,,81,,1,21,121.577753,25.05004332
113,6,6,5,9,2,06松山區,松山區松山路與八德路4段口,0,0,1,2,C03,7,5,5,50,4,1,1,4,4,5,13,2,1,1,1,1,2,13,1,53,2,9,6,4,7,14,1,10,2,13,,44,,1,21,121.577753,25.05004332
113,6,6,7,20,2,09北投區,北投區大業路452巷與大業路口,0,0,1,1,C03,6,6,5,30,3,1,1,4,4,5,13,1,1,1,4,5,1,29,2,19,2,9,5,1,7,5,1,10,1,14,,116,,1,21,121.4962191,25.1313972
113,6,6,7,20,2,09北投區,北投區大業路452巷與大業路口,0,0,1,2,B03,6,6,5,30,3,1,1,4,4,5,13,1,1,1,4,5,1,29,3,65,,,,,,,,,,,,67,,1,,121.4962191,25.1313972
113,6,6,7,20,2,09北投區,北投區大業路與大度路便道口,0,0,1,1,B03,6,6,5,50,3,1,1,4,4,5,13,4,4,5,4,5,2,17,1,54,3,10,7,1,7,6,1,8,1,5,,9,,1,21,121.4992316,25.12235752
113,6,6,7,20,2,09北投區,北投區大業路與大度路便道口,0,0,1,2,C03,6,6,5,50,3,1,1,4,4,5,13,4,4,5,4,5,2,17,1,28,2,7,6,1,7,9,1,10,1,11,,44,,1,21,121.4992316,25.12235752
113,6,6,7,35,2,08士林區,士林區延平北路5段與葫蘆街口,0,0,2,1,C03,6,7,5,50,3,1,1,4,4,5,13,2,1,1,4,5,1,17,1,72,2,8,5,1,7,11,1,10,2,13,,44,,1,21,121.5108886,25.08001849
113,6,6,7,35,2,08士林區,士林區延平北路5段與葫蘆街口,0,0,2,2,C03,6,7,5,50,3,1,1,4,4,5,13,2,1,1,4,5,1,17,2,29,2,9,5,1,7,9,1,10,2,11,,108,,1,21,121.5108886,25.08001849
113,6,6,7,49,2,11南港區,南港區忠孝東路6段428巷與忠孝東路6段398巷1弄口,0,0,2,2,C03,6,6,5,30,4,1,1,4,4,5,13,4,4,10,5,5,2,16,1,24,2,8,5,1,7,9,1,10,1,11,,44,,1,21,121.5933898,25.0499081
113,6,6,7,49,2,11南港區,南港區忠孝東路6段428巷與忠孝東路6段398巷1弄口,0,0,2,1,C03,6,6,5,30,4,1,1,4,4,5,13,4,4,10,5,5,2,16,2,59,2,8,5,1,7,9,1,10,1,12,,75,,1,21,121.5933898,25.0499081
113,6,6,7,55,2,12內湖區,內湖區港華街17-1號,0,0,2,1,C03,6,6,5,30,14,9,1,4,4,5,13,4,4,10,5,5,2,3,2,21,2,8,5,1,7,9,1,10,2,11,,44,,1,21,121.5772533,25.08265003
113,6,6,7,55,2,12內湖區,內湖區港華街17-1號,0,0,2,2,H01,6,6,5,30,14,9,1,4,4,5,13,4,4,10,5,5,2,3,2,4,2,8,4,5,8,16,8,20,10,16,,53,,1,21,121.5772533,25.08265003
113,6,6,7,55,2,12內湖區,內湖區港華街17-1號,0,0,2,3,H03,6,6,5,30,14,9,1,4,4,5,13,4,4,10,5,5,2,3,2,37,3,10,4,5,8,20,8,20,10,16,,67,,1,21,121.5772533,25.08265003
113,6,6,8,18,2,05中正區,中正區重慶南路3段18號,0,0,1,1,C03,6,6,5,50,14,9,1,4,4,5,13,4,4,1,4,5,1,17,2,40,2,8,6,1,7,7,1,10,1,14,,100,,1,21,121.5154303,25.02902903
113,6,6,8,18,2,05中正區,中正區重慶南路3段18號,0,0,1,2,C03,6,6,5,50,14,9,1,4,4,5,13,4,4,1,4,5,1,17,1,23,3,10,6,1,7,9,1,10,1,12,,44,,1,21,121.5154303,25.02902903
113,6,6,8,25,2,11南港區,南港區研究院路2段61巷15號與舊莊街1段3巷1弄口,0,0,1,1,B03,6,7,5,30,3,1,1,4,4,5,13,4,4,4,3,5,2,17,2,55,3,10,7,1,7,5,1,8,1,4,,80,,1,21,121.6174032,25.04452916
113,6,6,8,25,2,11南港區,南港區研究院路2段61巷15號與舊莊街1段3巷1弄口,0,0,1,2,C03,6,7,5,30,3,1,1,4,4,5,13,4,4,4,3,5,2,17,1,25,2,9,5,1,7,9,1,10,1,11,,14,,1,21,121.6174032,25.04452916
113,6,6,8,30,2,11南港區,南港區重陽路與重陽路166巷口,0,0,1,1,C03,6,6,5,50,4,1,1,4,4,5,13,2,1,5,5,4,2,18,1,23,2,9,6,1,7,9,1,10,1,14,,44,,1,21,121.6008358,25.0572594
113,6,6,8,30,2,11南港區,南港區重陽路與重陽路166巷口,0,0,1,2,,6,6,5,50,4,1,1,4,4,5,13,2,1,5,5,4,2,18,3,0,,,,,,,,,,,,67,,1,,121.6008358,25.0572594
113,6,6,8,34,2,01大同區,大同區民權西路160巷與涼州街口,0,0,1,1,C03,6,6,5,30,3,2,1,3,4,5,13,4,4,10,5,5,2,17,1,31,3,10,6,1,7,6,1,10,1,12,,80,,1,21,121.5159036,25.0609646
113,6,6,8,34,2,01大同區,大同區民權西路160巷與涼州街口,0,0,1,2,C03,6,6,5,30,3,2,1,3,4,5,13,4,4,10,5,5,2,17,2,24,2,8,6,1,7,9,1,10,1,11,,108,,1,21,121.5159036,25.0609646
113,6,6,8,54,2,03中山區,中山區北安路47號,0,0,2,1,C03,6,5,5,50,14,9,1,4,4,5,13,4,4,1,4,5,2,13,1,31,2,1,3,4,7,9,1,10,5,14,,101,,1,21,121.5285775,25.07746734
113,6,6,8,54,2,03中山區,中山區北安路47號,0,0,2,2,C03,6,5,5,50,14,9,1,4,4,5,13,4,4,1,4,5,2,13,1,39,3,10,3,4,7,9,1,10,2,11,,16,,1,21,121.5285775,25.07746734