發生年度,發生月,發生日,發生時-Hours,發生分,處理別-編號,區序,肇事地點,死亡人數,2-30日死亡人數,受傷人數,當事人序號,車種,天候,道路照明設備,道路類別,速限-速度限制,道路型態,事故位置,路面狀況1,路面狀況2,路面狀況3,道路障礙1,道路障礙2,號誌1,號誌2,車道劃分-分向,車道劃分-分道1,車道劃分-分道2,車道劃分-分道3,事故類型及型態,性別,年齡,受傷程度,主要傷處,保護裝置,行動電話,車輛用途,當事者行動狀態,駕駛資格情形,駕駛執照種類,飲酒情形,車輛撞擊部位1,車輛撞擊部位2,肇因碼-個別,肇因碼-主要,個人肇逃否,職業,座標-X,座標-Y
113,6,6,8,54,2,03中山區,中山區北安路47號,0,0,2,3,C03,6,5,5,50,14,9,1,4,4,5,13,4,4,1,4,5,2,13,1,26,2,7,3,4,7,9,1,10,2,12,,44,,1,21,121.5285775,25.07746734
113,6,6,9,3,2,07信義區,信義區信義快速道路往北,0,0,2,1,B12,6,5,5,70,14,9,1,4,4,5,13,4,4,10,4,5,2,12,1,32,2,9,3,4,7,8,1,8,1,8,,108,,1,22,121.5768374,25.0230132
113,6,6,9,3,2,07信義區,信義區信義快速道路往北,0,0,2,2,B03,6,5,5,70,14,9,1,4,4,5,13,4,4,10,4,5,2,12,2,63,2,5,3,4,7,9,1,8,1,6,,44,,1,22,121.5768374,25.0230132
113,6,6,9,5,2,08士林區,士林區芝玉路1段88號,0,0,1,1,B03,6,5,5,30,14,9,1,4,4,5,13,4,4,10,5,5,2,11,2,68,3,10,7,1,7,9,1,8,1,8,,5,,1,21,121.5357495,25.1047744
113,6,6,9,5,2,08士林區,士林區芝玉路1段88號,0,0,1,2,C03,6,5,5,30,14,9,1,4,4,5,13,4,4,10,5,5,2,11,2,40,2,9,6,1,7,9,1,10,1,14,,104,,1,21,121.5357495,25.1047744
113,6,6,9,20,2,04大安區,大安區和平東路1段141巷與青田街2巷口,0,0,2,1,B12,6,6,5,30,4,1,1,4,4,3,10,4,4,10,5,5,1,16,1,48,3,10,3,4,7,5,1,8,1,5,,74,,1,21,121.5305641,25.0283987
113,6,6,9,20,2,04大安區,大安區和平東路1段141巷與青田街2巷口,0,0,2,2,C03,6,6,5,30,4,1,1,4,4,3,10,4,4,10,5,5,1,16,1,41,2,9,3,4,7,9,1,10,1,12,,108,,1,21,121.5305641,25.0283987
113,6,6,9,20,2,04大安區,大安區和平東路1段141巷與青田街2巷口,0,0,2,3,B03,6,6,5,30,4,1,1,4,4,3,10,4,4,10,5,5,1,16,2,53,3,10,3,4,7,13,1,8,11,4,,44,,1,21,121.5305641,25.0283987
113,6,6,9,20,2,04大安區,大安區和平東路1段141巷與青田街2巷口,0,0,2,5,H02,6,6,5,30,4,1,1,4,4,3,10,4,4,10,5,5,1,16,2,38,2,9,3,5,7,20,8,20,10,16,,67,,1,21,121.5305641,25.0283987
113,6,6,9,20,2,04大安區,大安區和平東路1段141巷與青田街2巷口,0,0,2,4,B11,6,6,5,30,4,1,1,4,4,3,10,4,4,10,5,5,1,16,1,42,3,10,3,4,7,13,1,3,11,17,,38,,1,21,121.5305641,25.0283987
113,6,6,9,24,2,02萬華區,萬華區西園路2段與西園路2段320巷口,0,0,3,1,C03,6,5,5,50,3,1,1,4,4,5,13,2,1,1,3,5,1,15,2,31,2,9,3,4,7,9,3,18,1,11,,81,,1,22,121.4924765,25.0259709
113,6,6,9,24,2,02萬華區,萬華區西園路2段與西園路2段320巷口,0,0,3,2,C03,6,5,5,50,3,1,1,4,4,5,13,2,1,1,3,5,1,15,1,79,2,9,3,4,7,9,1,10,1,14,,44,,1,22,121.4924765,25.0259709
113,6,6,9,24,2,02萬華區,萬華區西園路2段與西園路2段320巷口,0,0,3,3,H02,6,5,5,50,3,1,1,4,4,5,13,2,1,1,3,5,1,15,2,76,2,9,3,5,7,20,8,20,10,16,,67,,1,22,121.4924765,25.0259709
113,6,6,9,38,2,12內湖區,內湖區內湖路2段2030250燈桿,0,0,1,1,C03,6,6,6,50,14,9,1,4,4,3,10,4,4,9,5,5,2,7,2,30,3,10,6,1,7,9,1,10,2,11,,44,,1,22,121.5855595,25.08091
113,6,6,9,38,2,12內湖區,內湖區內湖路2段2030250燈桿,0,0,1,2,H01,6,6,6,50,14,9,1,4,4,3,10,4,4,9,5,5,2,7,2,90,2,8,4,5,8,16,8,20,10,16,,121,,1,22,121.5855595,25.08091
113,6,6,9,54,2,03中山區,中山區新生高架道與民生東路1段口,0,0,1,2,B12,8,5,5,70,14,7,1,5,4,5,13,4,4,1,4,5,2,17,1,38,2,8,3,4,7,9,1,8,1,4,,44,,1,22,121.5276898,25.05801269
113,6,6,9,54,2,03中山區,中山區新生高架道與民生東路1段口,0,0,1,1,,8,5,5,70,14,7,1,5,4,5,13,4,4,1,4,5,2,17,4,0,,,,,,,,,11,,,119,,2,22,121.5276898,25.05801269
113,6,6,10,18,2,04大安區,大安區忠孝東路3段8號對面,0,0,1,1,C03,6,5,5,50,14,9,1,4,4,5,13,4,4,1,4,5,2,17,2,33,3,10,6,1,7,8,1,10,1,17,,100,,1,21,121.5337865,25.042294
113,6,6,10,18,2,04大安區,大安區忠孝東路3段8號對面,0,0,1,2,C03,6,5,5,50,14,9,1,4,4,5,13,4,4,1,4,5,2,17,2,22,2,9,6,1,7,9,1,10,1,14,,44,,1,21,121.5337865,25.042294
113,6,6,10,20,2,04大安區,大安區市民高架道往東(光復南路上方),0,0,1,1,B12,6,6,5,80,10,9,1,4,4,5,13,4,4,9,4,5,1,13,1,40,3,10,3,4,7,9,3,18,1,1,,16,,1,21,121.5577648,25.04514314
113,6,6,10,20,2,04大安區,大安區市民高架道往東(光復南路上方),0,0,1,2,B03,6,6,5,80,10,9,1,4,4,5,13,4,4,9,4,5,1,13,1,43,2,1,3,4,7,9,1,8,1,3,,44,,1,21,121.5577648,25.04514314
113,6,6,10,50,2,03中山區,中山區大直街96號,0,0,1,1,C03,6,7,5,50,14,9,1,4,4,5,13,4,4,9,5,5,2,12,1,29,2,8,6,1,7,9,1,10,1,14,,16,,1,22,121.5477384,25.0841828
113,6,6,10,50,2,03中山區,中山區大直街96號,0,0,1,2,B03,6,7,5,50,14,9,1,4,4,5,13,4,4,9,5,5,2,12,1,49,3,10,7,1,7,14,1,8,1,6,,44,,1,22,121.5477384,25.0841828
113,6,6,10,50,2,12內湖區,內湖區成功路2段456巷3號,0,0,1,1,C03,6,6,5,30,12,9,5,4,4,5,13,4,4,10,5,5,2,10,2,21,2,8,6,1,7,9,1,10,1,11,,5,,1,21,121.5875925,25.07360424
113,6,6,10,50,2,12內湖區,內湖區成功路2段456巷3號,0,0,1,2,C03,6,6,5,30,12,9,5,4,4,5,13,4,4,10,5,5,2,10,1,47,3,10,5,1,7,9,1,10,1,11,,13,,1,21,121.5875925,25.07360424
113,6,6,10,57,2,03中山區,中山區長安東路1段20號,0,0,1,1,,6,6,5,50,14,9,1,4,4,5,13,4,4,5,4,5,2,18,3,26,,,,,,,,,,,,130,,1,,121.5242089,25.04920517
113,6,6,10,57,2,03中山區,中山區長安東路1段20號,0,0,1,2,C03,6,6,5,50,14,9,1,4,4,5,13,4,4,5,4,5,2,18,1,70,2,9,6,4,7,9,1,10,1,17,,44,,1,22,121.5242089,25.04920517
113,6,6,11,18,2,04大安區,大安區金山南路2段與金華街口,0,0,1,1,B01,6,5,5,50,4,1,1,4,4,5,13,1,1,1,3,5,2,17,1,66,3,10,7,1,7,5,1,4,2,2,,71,,1,21,121.5264925,25.0302228
113,6,6,11,18,2,04大安區,大安區金山南路2段與金華街口,0,0,1,2,C03,6,5,5,50,4,1,1,4,4,5,13,1,1,1,3,5,2,17,1,19,2,9,5,1,7,9,1,10,2,11,,44,,1,21,121.5264925,25.0302228
113,6,6,11,18,2,06松山區,松山區市民大道4段與八德路3段8巷口,0,0,1,1,B12,6,7,5,40,3,2,1,4,4,5,13,4,4,1,4,5,2,17,1,42,3,10,7,1,7,6,1,8,1,17,,9,,1,21,121.5496726,25.04487337
113,6,6,11,18,2,06松山區,松山區市民大道4段與八德路3段8巷口,0,0,1,2,C03,6,7,5,40,3,2,1,4,4,5,13,4,4,1,4,5,2,17,1,24,2,7,5,1,7,9,1,10,1,12,,14,,1,21,121.5496726,25.04487337
113,6,6,11,25,2,07信義區,信義區永吉路427號,0,0,1,1,C03,6,7,5,40,14,8,1,4,4,5,13,4,4,1,4,4,2,13,1,44,3,10,3,4,7,9,1,10,1,14,,44,,1,21,121.5774889,25.0455397
113,6,6,11,25,2,07信義區,信義區永吉路427號,0,0,1,2,C03,6,7,5,40,14,8,1,4,4,5,13,4,4,1,4,4,2,13,1,31,3,10,3,4,7,9,1,10,1,14,,44,,1,21,121.5774889,25.0455397
113,6,6,11,25,2,07信義區,信義區永吉路427號,0,0,1,3,C03,6,7,5,40,14,8,1,4,4,5,13,4,4,1,4,4,2,13,1,34,2,9,3,4,7,9,1,10,1,11,,44,,1,21,121.5774889,25.0455397
113,6,6,11,50,2,04大安區,大安區忠孝東路3段與建國南路1段口,0,0,2,1,C03,6,6,5,50,4,1,1,4,4,5,13,2,1,1,4,5,2,13,1,40,2,7,6,1,7,9,3,18,1,11,,42,,1,21,121.5370057,25.0418489
113,6,6,11,50,2,04大安區,大安區忠孝東路3段與建國南路1段口,0,0,2,2,B01,6,6,5,50,4,1,1,4,4,5,13,2,1,1,4,5,2,13,1,62,3,10,7,1,7,14,1,4,1,6,,44,,1,21,121.5370057,25.0418489
113,6,6,11,50,2,04大安區,大安區忠孝東路3段與建國南路1段口,0,0,2,3,C03,6,6,5,50,4,1,1,4,4,5,13,2,1,1,4,5,2,13,2,60,2,5,6,1,7,14,1,10,1,13,,44,,1,21,121.5370057,25.0418489
113,6,6,12,3,2,06松山區,松山區南京東路5段與三民路口,0,0,1,1,B01,7,7,5,40,4,1,1,5,4,5,13,2,1,1,4,5,2,12,1,42,2,7,7,1,7,7,1,4,1,4,,100,,1,26,121.5637622,25.0513386
113,6,6,12,3,2,06松山區,松山區南京東路5段與三民路口,0,0,1,2,A04,7,7,5,40,4,1,1,5,4,5,13,2,1,1,4,5,2,12,1,60,3,10,7,1,7,9,1,1,1,5,,17,,1,26,121.5637622,25.0513386
113,6,6,12,7,2,05中正區,中正區金山南路1段65號,0,0,1,1,E01,8,6,5,50,14,9,1,4,4,5,13,2,1,3,4,5,2,17,1,38,3,10,7,1,7,8,1,8,1,17,,100,,1,21,121.5282859,25.0379469
113,6,6,12,7,2,05中正區,中正區金山南路1段65號,0,0,1,2,B03,8,6,5,50,14,9,1,4,4,5,13,2,1,3,4,5,2,17,1,32,3,10,7,1,7,8,1,8,2,2,,44,,1,21,121.5282859,25.0379469
113,6,6,12,7,2,05中正區,中正區金山南路1段65號,0,0,1,3,C03,8,6,5,50,14,9,1,4,4,5,13,2,1,3,4,5,2,17,1,26,2,9,6,1,7,9,1,10,2,14,,44,,1,21,121.5282859,25.0379469
113,6,6,12,7,2,09北投區,北投區大度路與洲美快速道路口下閘道口,0,0,1,1,A31,6,6,5,80,3,1,1,4,4,5,13,1,1,3,4,5,1,13,1,43,3,10,7,1,7,9,1,1,1,1,,16,,1,21,121.4938426,25.1215114
113,6,6,12,7,2,09北投區,北投區大度路與洲美快速道路口下閘道口,0,0,1,2,B03,6,6,5,80,3,1,1,4,4,5,13,1,1,3,4,5,1,13,1,71,3,10,7,1,7,14,1,8,1,3,1,44,,1,21,121.4938426,25.1215114
113,6,6,12,7,2,09北投區,北投區大度路與洲美快速道路口下閘道口,0,0,1,3,B03,6,6,5,80,3,1,1,4,4,5,13,1,1,3,4,5,1,13,1,70,2,7,7,1,7,14,1,8,1,3,4,44,,1,21,121.4938426,25.1215114
113,6,6,12,7,2,09北投區,北投區大度路與洲美快速道路口下閘道口,0,0,1,4,A05,6,6,5,80,3,1,1,4,4,5,13,1,1,3,4,5,1,13,1,53,3,10,7,1,7,14,1,2,1,4,,44,,1,21,121.4938426,25.1215114
113,6,6,12,7,2,09北投區,北投區大度路與洲美快速道路口下閘道口,0,0,1,5,B02,6,6,5,80,3,1,1,4,4,5,13,1,1,3,4,5,1,13,1,37,3,10,7,1,7,14,1,8,1,7,,44,,1,21,121.4938426,25.1215114
113,6,6,12,29,2,04大安區,大安區師大路24號,0,0,2,1,C03,7,6,5,50,14,9,1,5,4,5,13,4,4,9,4,5,1,16,1,50,2,7,5,1,7,5,1,10,1,14,,101,,1,21,121.528393,25.0253475
113,6,6,12,29,2,04大安區,大安區師大路24號,0,0,2,2,C03,7,6,5,50,14,9,1,5,4,5,13,4,4,9,4,5,1,16,1,23,2,7,5,1,7,9,1,10,1,11,,44,,1,21,121.528393,25.0253475
113,6,6,13,16,2,06松山區,松山區民生東路5段36巷與光復北路165巷口,0,0,1,1,B03,6,7,5,30,3,1,1,4,4,5,13,4,4,5,4,5,2,17,1,52,3,10,7,1,7,5,1,8,1,8,,72,,1,22,121.5570786,25.0573731
113,6,6,13,16,2,06松山區,松山區民生東路5段36巷與光復北路165巷口,0,0,1,2,C03,6,7,5,30,3,1,1,4,4,5,13,4,4,5,4,5,2,17,1,46,2,3,6,1,7,9,1,10,1,11,,108,,1,22,121.5570786,25.0573731
113,6,6,13,24,2,03中山區,中山區松江路與松江路581巷口口,0,0,1,1,B01,6,7,5,30,3,3,1,4,4,5,13,4,4,10,5,5,2,17,1,59,3,10,7,1,7,6,1,4,9,17,,74,,1,22,121.533743,25.0700898
113,6,6,13,24,2,03中山區,中山區松江路與松江路581巷口口,0,0,1,2,B02,6,7,5,30,3,3,1,4,4,5,13,4,4,10,5,5,2,17,2,40,3,10,7,1,7,7,1,8,1,17,,102,,1,22,121.533743,25.0700898
113,6,6,13,24,2,03中山區,中山區松江路與松江路581巷口口,0,0,1,3,C03,6,7,5,30,3,3,1,4,4,5,13,4,4,10,5,5,2,17,2,19,2,7,6,1,7,9,1,10,1,17,,14,,1,22,121.533743,25.0700898
113,6,6,13,36,2,08士林區,士林區至善路2段與故宮路口,0,0,2,1,C03,6,6,5,50,4,2,1,4,4,5,13,2,1,1,4,4,1,17,1,61,2,9,6,1,7,5,1,10,1,12,,17,,1,21,121.5465992,25.0981107
113,6,6,13,36,2,08士林區,士林區至善路2段與故宮路口,0,0,2,2,B03,6,6,5,50,4,2,1,4,4,5,13,2,1,1,4,4,1,17,2,65,3,10,7,1,7,6,1,8,1,5,,17,,1,21,121.5465992,25.0981107
113,6,6,13,36,2,08士林區,士林區至善路2段與故宮路口,0,0,2,3,H02,6,6,5,50,4,2,1,4,4,5,13,2,1,1,4,4,1,17,2,62,2,9,6,5,7,17,8,20,10,16,,67,,1,21,121.5465992,25.0981107
113,6,6,13,45,2,04大安區,大安區忠孝東路4段223巷與延吉街62巷口,0,0,1,1,B01,7,5,5,30,4,1,1,4,4,5,13,4,4,10,4,5,2,11,1,66,3,10,7,1,7,9,1,4,1,1,,80,,1,21,121.5530241,25.0434317
113,6,6,13,45,2,04大安區,大安區忠孝東路4段223巷與延吉街62巷口,0,0,1,2,C03,7,5,5,30,4,1,1,4,4,5,13,4,4,10,4,5,2,11,2,21,2,9,5,1,7,9,1,10,1,12,,44,,1,21,121.5530241,25.0434317
113,6,6,13,51,2,04大安區,大安區光復南路676巷與通化街39巷62弄口,0,0,1,1,C03,6,6,5,30,4,1,1,4,4,5,13,4,4,10,5,5,2,15,2,77,2,1,6,1,7,9,1,10,1,12,,14,,1,21,121.5561666,25.0306539
113,6,6,13,51,2,04大安區,大安區光復南路676巷與通化街39巷62弄口,0,0,1,2,B12,6,6,5,30,4,1,1,4,4,5,13,4,4,10,5,5,2,15,1,55,3,10,7,1,7,9,1,8,1,1,,44,,1,21,121.5561666,25.0306539
113,6,6,13,53,2,08士林區,士林區德行東路129巷與德行東路口,0,0,2,1,B03,6,6,5,30,4,1,1,4,4,5,13,4,4,5,5,5,2,15,1,72,3,10,3,4,7,9,1,8,2,2,,72,,1,21,121.5290775,25.1079397
113,6,6,13,53,2,08士林區,士林區德行東路129巷與德行東路口,0,0,2,2,C03,6,6,5,30,4,1,1,4,4,5,13,4,4,5,5,5,2,15,2,20,2,9,3,4,7,9,1,10,2,11,,44,,1,21,121.5290775,25.1079397
113,6,6,13,53,2,08士林區,士林區德行東路129巷與德行東路口,0,0,2,3,H02,6,6,5,30,4,1,1,4,4,5,13,4,4,5,5,5,2,15,2,20,2,9,3,5,7,20,8,20,10,16,,67,,1,21,121.5290775,25.1079397
113,6,6,14,14,2,07信義區,信義區嘉興街127巷與信安街口,0,0,2,1,C03,6,7,6,30,3,1,1,4,4,5,13,1,1,9,5,5,2,16,2,56,2,9,3,4,7,5,1,10,1,11,,71,,1,22,121.5582745,25.0286752
113,6,6,14,14,2,07信義區,信義區嘉興街127巷與信安街口,0,0,2,2,C03,6,7,6,30,3,1,1,4,4,5,13,1,1,9,5,5,2,16,1,41,2,9,3,4,7,9,1,10,1,11,,13,,1,22,121.5582745,25.0286752
113,6,6,14,30,2,02萬華區,萬華區東園街與東園街14巷口,0,0,1,1,C04,6,7,5,50,3,1,1,4,4,5,13,4,4,4,1,5,2,15,2,76,2,3,6,1,7,1,1,8,2,12,,72,,1,22,121.4955885,25.0278753
113,6,6,14,30,2,02萬華區,萬華區東園街與東園街14巷口,0,0,1,2,B01,6,7,5,50,3,1,1,4,4,5,13,4,4,4,1,5,2,15,1,61,3,10,7,1,7,9,1,4,2,2,,44,,1,22,121.4955885,25.0278753
113,6,6,14,30,2,02萬華區,萬華區東園街與東園街14巷口,0,0,1,3,E03,6,7,5,50,3,1,1,4,4,5,13,4,4,4,1,5,2,15,1,34,3,10,7,1,7,15,1,8,2,5,,44,,1,23,121.4955885,25.0278753
113,6,6,14,36,2,12內湖區,內湖區洲子街與瑞光路393巷口,0,0,1,1,C03,6,6,6,50,4,2,1,4,4,5,13,2,1,5,4,5,2,12,2,51,2,9,6,1,7,10,1,10,1,14,,80,,1,22,121.5734467,25.0789727
113,6,6,14,36,2,12內湖區,內湖區洲子街與瑞光路393巷口,0,0,1,2,B03,6,6,6,50,4,2,1,4,4,5,13,2,1,5,4,5,2,12,2,48,3,10,3,4,7,10,1,8,1,5,,44,,1,22,121.5734467,25.0789727
113,6,6,14,56,2,08士林區,士林區士林橋上橋處,0,0,1,1,C03,6,5,5,40,8,9,1,4,4,5,13,4,4,4,4,4,1,17,1,59,3,10,5,1,7,12,1,10,1,17,,50,,1,21,121.5239717,25.0976111
113,6,6,14,56,2,08士林區,士林區士林橋上橋處,0,0,1,2,C03,6,5,5,40,8,9,1,4,4,5,13,4,4,4,4,4,1,17,2,52,2,9,5,1,7,9,1,10,1,14,,42,,1,21,121.5239717,25.0976111
113,6,6,15,15,2,11南港區,南港區重陽路與興華路口,0,0,1,1,B03,6,7,5,50,5,2,1,4,4,5,13,1,1,4,3,4,2,12,2,43,3,10,7,1,7,8,1,8,1,2,,100,,1,21,121.6051713,25.05780574
113,6,6,15,15,2,11南港區,南港區重陽路與興華路口,0,0,1,2,C03,6,7,5,50,5,2,1,4,4,5,13,1,1,4,3,4,2,12,1,26,2,8,5,1,7,9,1,10,1,14,,44,,1,21,121.6051713,25.05780574
113,6,6,16,4,2,04大安區,大安區市民大道4段與無名巷口,0,0,1,1,C03,6,5,5,40,3,2,1,4,4,3,13,4,4,1,4,5,1,17,2,70,2,9,6,4,7,9,1,8,2,12,,44,,1,21,121.5546697,25.0443926
113,6,6,16,4,2,04大安區,大安區市民大道4段與無名巷口,0,0,1,2,A12,6,5,5,40,3,2,1,4,4,3,13,4,4,1,4,5,1,17,1,25,3,10,3,4,7,3,1,3,2,4,,44,,1,21,121.5546697,25.0443926
113,6,6,16,4,2,04大安區,大安區市民大道4段與無名巷口,0,0,1,3,B03,6,5,5,40,3,2,1,4,4,3,13,4,4,1,4,5,1,17,1,68,3,10,3,4,7,8,1,8,11,17,,100,,1,21,121.5546697,25.0443926
113,6,6,16,8,2,04大安區,大安區敦化南路1段172號,0,0,1,1,B01,6,6,5,50,14,9,1,4,4,3,10,4,4,1,4,5,2,17,1,63,3,10,7,1,7,14,1,4,1,2,,38,,1,21,121.5486149,25.0430873
113,6,6,16,8,2,04大安區,大安區敦化南路1段172號,0,0,1,2,C03,6,6,5,50,14,9,1,4,4,3,10,4,4,1,4,5,2,17,2,49,2,9,5,1,7,9,3,18,1,14,12,44,,1,21,121.5486149,25.0430873
113,6,6,16,8,2,04大安區,大安區敦化南路1段172號,0,0,1,3,B02,6,6,5,50,14,9,1,4,4,3,10,4,4,1,4,5,2,17,3,39,,,,,,,,,,,,67,,1,,121.5486149,25.0430873
113,6,6,16,8,2,04大安區,大安區敦化南路1段172號,0,0,1,4,H02,6,6,5,50,14,9,1,4,4,3,10,4,4,1,4,5,2,17,2,80,3,10,7,5,7,19,8,20,10,16,,126,,1,21,121.5486149,25.0430873
113,6,6,16,25,2,05中正區,中正區衡陽路與延平南路口,0,0,1,1,B03,6,6,5,50,4,1,1,4,4,5,13,1,1,10,4,5,2,16,1,59,3,10,7,1,7,9,1,4,2,5,,44,,1,21,121.509613,25.0421474
113,6,6,16,25,2,05中正區,中正區衡陽路與延平南路口,0,0,1,2,C03,6,6,5,50,4,1,1,4,4,5,13,1,1,10,4,5,2,16,2,23,2,9,6,1,7,5,1,10,2,14,,8,,1,21,121.509613,25.0421474
113,6,6,16,30,2,03中山區,中山區南京東路2段與吉林路口,0,0,1,1,C03,6,6,5,50,4,1,1,4,4,5,13,1,1,3,4,4,2,13,2,33,2,7,5,1,7,9,1,10,1,11,12,42,,1,21,121.5300843,25.052145
113,6,6,16,30,2,03中山區,中山區南京東路2段與吉林路口,0,0,1,2,B03,6,6,5,50,4,1,1,4,4,5,13,1,1,3,4,4,2,13,1,57,3,10,7,1,7,14,1,8,1,6,,44,,1,21,121.5300843,25.052145
113,6,6,17,15,2,07信義區,信義區基隆路2段與嘉興街口,0,0,3,1,C03,6,7,5,30,3,1,1,4,4,5,13,4,4,1,4,5,2,17,1,55,3,10,3,4,7,14,1,10,1,17,,72,,1,21,121.5579302,25.0304797
113,6,6,17,15,2,07信義區,信義區基隆路2段與嘉興街口,0,0,3,2,C03,6,7,5,30,3,1,1,4,4,5,13,4,4,1,4,5,2,17,1,26,2,9,3,4,7,9,1,10,1,14,,44,,1,21,121.5579302,25.0304797
113,6,6,17,15,2,07信義區,信義區基隆路2段與嘉興街口,0,0,3,3,C03,6,7,5,30,3,1,1,4,4,5,13,4,4,1,4,5,2,17,2,58,2,9,3,4,7,9,1,10,1,11,,16,,1,21,121.5579302,25.0304797
113,6,6,17,15,2,07信義區,信義區基隆路2段與嘉興街口,0,0,3,4,C03,6,7,5,30,3,1,1,4,4,5,13,4,4,1,4,5,2,17,2,34,2,8,3,4,7,9,1,10,1,13,,44,,1,21,121.5579302,25.0304797
113,6,6,17,17,2,09北投區,北投區西安街1段與文林北路80巷口,0,0,1,1,B12,8,6,5,50,3,1,1,4,4,5,13,4,4,10,5,5,2,9,1,39,3,10,7,1,7,2,1,2,9,7,,12,,1,21,121.5203506,25.1071106
113,6,6,17,17,2,09北投區,北投區西安街1段與文林北路80巷口,0,0,1,2,H01,8,6,5,50,3,1,1,4,4,5,13,4,4,10,5,5,2,9,1,75,2,7,4,5,8,17,8,20,10,16,,67,,1,21,121.5203506,25.1071106
113,6,6,17,42,2,07信義區,信義區永吉路30巷157弄與永吉路30巷口,0,0,1,1,C03,6,6,5,30,4,2,1,4,4,5,13,4,4,9,4,5,2,17,2,51,3,10,6,1,7,5,1,10,1,17,,8,,1,21,121.5687597,25.0423417
113,6,6,17,42,2,07信義區,信義區永吉路30巷157弄與永吉路30巷口,0,0,1,2,C03,6,6,5,30,4,2,1,4,4,5,13,4,4,9,4,5,2,17,2,40,2,9,5,1,7,9,1,10,1,14,,44,,1,21,121.5687597,25.0423417
113,6,6,17,46,2,11南港區,南港區南港路2段與成功路1段口,0,0,1,1,C03,7,5,5,50,3,2,1,4,4,5,13,2,1,5,4,5,2,13,1,29,2,9,5,1,7,9,1,10,1,14,,42,,1,21,121.5936369,25.0545309
113,6,6,17,46,2,11南港區,南港區南港路2段與成功路1段口,0,0,1,2,B01,7,5,5,50,3,2,1,4,4,5,13,2,1,5,4,5,2,13,1,30,3,10,7,1,7,8,1,4,1,17,,44,,1,21,121.5936369,25.0545309
113,6,6,17,46,2,11南港區,南港區南港路2段與成功路1段口,0,0,1,3,B03,7,5,5,50,3,2,1,4,4,5,13,2,1,5,4,5,2,13,1,29,3,10,7,1,7,14,1,4,1,3,,38,,1,21,121.5936369,25.0545309
113,6,6,17,51,2,07信義區,信義區忠孝東路5段661號,0,0,1,1,C03,6,5,5,50,14,9,1,4,4,5,13,4,4,1,4,5,2,17,1,50,2,9,6,1,7,9,1,10,1,15,,42,,1,22,121.5795565,25.0418619
113,6,6,17,51,2,07信義區,信義區忠孝東路5段661號,0,0,1,2,C04,6,5,5,50,14,9,1,4,4,5,13,4,4,1,4,5,2,17,2,25,3,10,6,1,7,9,1,11,1,14,,44,,1,22,121.5795565,25.0418619
113,6,6,18,5,2,04大安區,大安區新生南路1段與新生南路1段139巷口,0,0,2,1,C03,6,7,5,50,14,9,1,4,4,5,13,2,1,3,5,5,2,13,1,21,2,8,6,1,7,9,1,10,1,11,,16,,1,21,121.5329117,25.0367374
113,6,6,18,5,2,04大安區,大安區新生南路1段與新生南路1段139巷口,0,0,2,2,C03,6,7,5,50,14,9,1,4,4,5,13,2,1,3,5,5,2,13,2,19,3,10,6,1,7,9,1,10,1,13,,44,,1,21,121.5329117,25.0367374
113,6,6,18,5,2,04大安區,大安區新生南路1段與新生南路1段139巷口,0,0,2,3,B02,6,7,5,50,14,9,1,4,4,5,13,2,1,3,5,5,2,13,2,31,3,10,7,1,7,9,1,8,1,17,,44,,1,21,121.5329117,25.0367374
113,6,6,18,5,2,04大安區,大安區新生南路1段與新生南路1段139巷口,0,0,2,4,C03,6,7,5,50,14,9,1,4,4,5,13,2,1,3,5,5,2,13,2,20,2,9,6,1,7,9,1,10,1,12,,16,,1,21,121.5329117,25.0367374
113,6,6,18,5,2,04大安區,大安區新生南路1段與新生南路1段139巷口,0,0,2,5,B03,6,7,5,50,14,9,1,4,4,5,13,2,1,3,5,5,2,13,1,45,3,10,7,1,7,9,1,8,9,17,,44,,1,21,121.5329117,25.0367374
113,6,6,18,14,2,10文山區,文山區木新路3段143號,0,0,1,1,C03,6,5,5,50,14,9,1,4,4,5,13,4,4,5,4,5,2,12,1,46,3,10,5,4,7,1,1,10,1,17,,19,,1,21,121.5623007,24.9820464
113,6,6,18,14,2,10文山區,文山區木新路3段143號,0,0,1,2,C03,6,5,5,50,14,9,1,4,4,5,13,4,4,5,4,5,2,12,1,25,2,8,5,4,7,9,1,10,1,12,,44,,1,21,121.5623007,24.9820464
113,6,6,18,16,2,02萬華區,萬華區環河南路1段與武昌街2段口,0,0,3,1,C03,6,5,5,50,4,1,1,4,4,5,13,1,1,5,4,5,2,15,1,69,2,1,5,4,7,9,1,10,1,11,,81,,1,21,121.5026012,25.04576584
113,6,6,18,16,2,02萬華區,萬華區環河南路1段與武昌街2段口,0,0,3,2,C03,6,5,5,50,4,1,1,4,4,5,13,1,1,5,4,5,2,15,1,46,2,8,5,4,7,9,1,10,1,13,,44,,1,21,121.5026012,25.04576584
113,6,6,18,16,2,02萬華區,萬華區環河南路1段與武昌街2段口,0,0,3,3,C03,6,5,5,50,4,1,1,4,4,5,13,1,1,5,4,5,2,15,1,60,2,8,5,4,7,9,1,10,1,12,,44,,1,21,121.5026012,25.04576584
113,6,6,18,18,2,05中正區,中正區汀州路2段與汀州路2段127巷口,0,0,1,1,C03,6,5,5,50,3,2,1,4,4,5,13,4,4,9,4,5,2,16,1,42,3,10,5,1,7,6,1,10,1,12,,9,,1,21,121.5195201,25.024982