發生年度,發生月,發生日,發生時-Hours,發生分,處理別-編號,區序,肇事地點,死亡人數,2-30日死亡人數,受傷人數,當事人序號,車種,天候,道路照明設備,道路類別,速限-速度限制,道路型態,事故位置,路面狀況1,路面狀況2,路面狀況3,道路障礙1,道路障礙2,號誌1,號誌2,車道劃分-分向,車道劃分-分道1,車道劃分-分道2,車道劃分-分道3,事故類型及型態,性別,年齡,受傷程度,主要傷處,保護裝置,行動電話,車輛用途,當事者行動狀態,駕駛資格情形,駕駛執照種類,飲酒情形,車輛撞擊部位1,車輛撞擊部位2,肇因碼-個別,肇因碼-主要,個人肇逃否,職業,座標-X,座標-Y
113,6,6,18,18,2,05中正區,中正區汀州路2段與汀州路2段127巷口,0,0,1,2,C03,6,5,5,50,3,2,1,4,4,5,13,4,4,9,4,5,2,16,1,23,2,7,5,1,7,9,1,10,1,11,,44,,1,21,121.5195201,25.024982
113,6,6,18,18,2,05中正區,中正區汀州路2段與汀州路2段127巷口,0,0,1,3,C03,6,5,5,50,3,2,1,4,4,5,13,4,4,9,4,5,2,16,2,37,3,10,5,1,7,13,1,10,1,12,,44,,1,21,121.5195201,25.024982
113,6,6,18,18,2,12內湖區,內湖區瑞湖街58號前,0,0,2,1,H01,6,5,5,0,11,9,1,4,4,5,13,4,4,9,5,5,2,3,2,50,2,8,4,5,8,16,8,20,10,16,,121,,1,21,121.5757966,25.07420601
113,6,6,18,18,2,12內湖區,內湖區瑞湖街58號前,0,0,2,2,C03,6,5,5,0,11,9,1,4,4,5,13,4,4,9,5,5,2,3,1,29,2,9,6,1,7,9,1,10,2,17,,108,,1,21,121.5757966,25.07420601
113,6,6,18,20,2,06松山區,松山區民生東路3段與民生東路3段140巷口,0,0,1,1,C03,6,5,5,30,3,2,1,4,4,5,13,4,4,9,4,5,1,17,1,24,2,5,6,1,7,6,1,10,1,11,,73,,1,22,121.5473391,25.05765194
113,6,6,18,20,2,06松山區,松山區民生東路3段與民生東路3段140巷口,0,0,1,2,B03,6,5,5,30,3,2,1,4,4,5,13,4,4,9,4,5,1,17,1,49,3,10,7,1,7,9,1,8,1,6,,44,,1,22,121.5473391,25.05765194
113,6,6,19,0,2,02萬華區,萬華區西園路2段與西園路2段50巷4弄口,0,0,2,1,C03,7,5,5,50,4,1,1,4,4,5,13,1,1,8,3,5,2,16,1,18,2,9,3,4,7,8,1,10,1,12,,100,,1,22,121.4955335,25.02948774
113,6,6,19,0,2,02萬華區,萬華區西園路2段與西園路2段50巷4弄口,0,0,2,2,C03,7,5,5,50,4,1,1,4,4,5,13,1,1,8,3,5,2,16,2,30,2,9,3,4,7,9,1,10,1,14,,44,,1,22,121.4955335,25.02948774
113,6,6,19,59,2,07信義區,信義區基隆路2段與嘉興街口口,0,0,1,1,B01,7,6,5,50,3,2,1,4,4,5,13,4,4,1,4,5,2,17,1,64,3,10,7,1,7,6,1,4,1,17,,9,,1,26,121.5592269,25.0326286
113,6,6,19,59,2,07信義區,信義區基隆路2段與嘉興街口口,0,0,1,2,C03,7,6,5,50,3,2,1,4,4,5,13,4,4,1,4,5,2,17,1,34,2,9,6,1,7,9,1,10,1,14,,44,,1,22,121.5592269,25.0326286
113,6,6,20,15,2,01大同區,大同區承德路2段與民生西路口,0,0,1,1,B01,6,5,5,50,4,2,1,4,4,5,13,1,1,5,4,5,2,12,1,58,3,10,7,1,7,9,1,4,1,5,,118,,1,21,121.5182873,25.05737478
113,6,6,20,15,2,01大同區,大同區承德路2段與民生西路口,0,0,1,2,C03,6,5,5,50,4,2,1,4,4,5,13,1,1,5,4,5,2,12,1,49,2,9,5,1,7,9,1,10,1,14,,118,,1,21,121.5182873,25.05737478
113,6,6,20,40,2,08士林區,士林區中山北路5段北往南(209燈桿),0,0,1,1,B12,6,5,5,40,14,9,1,4,4,5,13,4,4,10,5,5,1,17,1,47,3,10,7,1,7,9,1,2,2,2,,44,,1,21,121.5258883,25.08646729
113,6,6,20,40,2,08士林區,士林區中山北路5段北往南(209燈桿),0,0,1,2,C03,6,5,5,40,14,9,1,4,4,5,13,4,4,10,5,5,1,17,2,29,2,9,6,1,7,7,1,10,2,15,,100,,1,21,121.5258883,25.08646729
113,6,6,21,40,2,06松山區,松山區復興北路與敦化北路4巷口,0,0,1,1,B03,7,5,5,50,3,1,1,4,4,5,13,2,1,1,4,5,2,16,1,30,3,10,7,4,7,6,1,8,1,2,,9,,1,21,121.5441441,25.05018532
113,6,6,21,40,2,06松山區,松山區復興北路與敦化北路4巷口,0,0,1,2,C03,7,5,5,50,3,1,1,4,4,5,13,2,1,1,4,5,2,16,2,26,2,9,6,4,7,9,1,10,1,14,,44,,1,21,121.5441441,25.05018532
113,6,6,23,33,2,08士林區,士林區至善路1段東吳大學(錢穆故居),0,0,1,1,A02,6,5,5,50,14,9,1,4,4,5,13,4,4,1,4,5,2,9,1,46,3,10,7,1,7,1,1,2,9,17,,44,,1,21,121.5179658,25.08679911
113,6,6,23,33,2,08士林區,士林區至善路1段東吳大學(錢穆故居),0,0,1,2,H02,6,5,5,50,14,9,1,4,4,5,13,4,4,1,4,5,2,9,2,32,2,9,4,5,7,20,8,20,10,16,,67,,1,21,121.5179658,25.08679911
113,6,7,0,48,2,08士林區,士林區承德橋NO.7010617燈桿,0,0,2,1,C03,7,5,5,50,14,11,1,4,4,5,13,4,4,4,4,4,1,13,1,28,2,9,5,1,7,9,1,10,1,11,,108,,1,21,121.5218943,25.079961
113,6,7,0,48,2,08士林區,士林區承德橋NO.7010617燈桿,0,0,2,2,C03,7,5,5,50,14,11,1,4,4,5,13,4,4,4,4,4,1,13,1,44,2,9,5,1,7,9,1,10,1,13,,44,,1,21,121.5218943,25.079961
113,6,7,1,35,2,03中山區,中山區長安東路1段與長安東路1段65巷口,0,0,1,1,B03,7,5,5,50,3,1,1,5,4,5,13,4,4,5,4,5,2,12,1,23,3,10,3,4,7,11,1,8,2,4,,10,,1,21,121.5274865,25.04853963
113,6,7,1,35,2,03中山區,中山區長安東路1段與長安東路1段65巷口,0,0,1,2,C03,7,5,5,50,3,1,1,5,4,5,13,4,4,5,4,5,2,12,1,31,2,7,6,4,7,9,1,10,2,12,,44,,1,21,121.5274865,25.04853963
113,6,7,6,8,2,03中山區,中山區通北街165巷,0,0,1,1,C03,7,6,5,30,11,9,1,5,4,5,13,4,4,10,5,5,1,2,1,24,3,10,3,4,7,6,1,10,1,17,,108,,1,22,121.5377363,25.0852188
113,6,7,6,8,2,03中山區,中山區通北街165巷,0,0,1,2,H01,7,6,5,30,11,9,1,5,4,5,13,4,4,10,5,5,1,2,1,91,2,9,4,5,8,16,8,20,10,16,,67,,1,21,121.5377363,25.0852188
113,6,7,6,8,2,10文山區,興隆路2段244巷12號,0,0,1,1,B03,7,6,5,30,3,18,1,5,4,5,13,4,4,5,5,5,2,9,1,43,3,10,7,1,7,6,3,18,2,1,,70,,1,21,121.5534475,25.0001802
113,6,7,6,8,2,10文山區,興隆路2段244巷12號,0,0,1,2,H01,7,6,5,30,3,18,1,5,4,5,13,4,4,5,5,5,2,9,2,89,2,1,4,5,8,16,8,20,10,16,,67,,1,21,121.5534475,25.0001802
113,6,7,7,55,2,04大安區,大安區新生南路1段與八德路2段口,0,0,1,1,C03,7,6,5,50,4,1,1,5,4,5,13,2,1,3,4,5,1,12,2,67,2,9,6,4,7,8,1,11,2,12,,100,,1,21,121.5330527,25.0443629
113,6,7,7,55,2,04大安區,大安區新生南路1段與八德路2段口,0,0,1,2,B03,7,6,5,50,4,1,1,5,4,5,13,2,1,3,4,5,1,12,2,62,3,10,3,4,7,9,1,8,2,4,,44,,1,21,121.5330527,25.0443629
113,6,7,8,0,2,10文山區,文山區福和橋(西向東，近汀州路口),0,0,1,1,C03,7,6,5,40,14,11,1,5,4,5,13,4,4,1,4,1,1,12,2,42,2,9,6,1,7,7,3,18,2,14,,100,,1,21,121.5356659,25.01058495
113,6,7,8,0,2,10文山區,文山區福和橋(西向東，近汀州路口),0,0,1,2,C03,7,6,5,40,14,11,1,5,4,5,13,4,4,1,4,1,1,12,1,27,3,10,6,1,7,9,1,10,2,12,,44,,1,21,121.5356659,25.01058495
113,6,7,8,15,2,12內湖區,內湖區新明路246巷3弄18號,0,0,2,1,C03,7,6,6,30,14,9,1,4,4,5,13,4,4,10,5,5,2,17,2,41,2,7,6,1,7,1,1,10,1,11,,19,,1,22,121.5841721,25.0573154
113,6,7,8,15,2,12內湖區,內湖區新明路246巷3弄18號,0,0,2,2,C03,7,6,6,30,14,9,1,4,4,5,13,4,4,10,5,5,2,17,2,63,2,9,6,1,7,9,1,10,1,11,,44,,1,22,121.5841721,25.0573154
113,6,7,8,25,2,08士林區,士林區仰德大道1段與仰德大道1段42巷口,0,0,3,1,C03,7,7,5,40,3,1,1,5,4,5,13,3,1,5,5,5,1,12,1,63,2,9,5,1,7,1,1,10,1,14,,19,,1,21,121.5370911,25.1032348
113,6,7,8,25,2,08士林區,士林區仰德大道1段與仰德大道1段42巷口,0,0,3,2,C03,7,7,5,40,3,1,1,5,4,5,13,3,1,5,5,5,1,12,1,20,2,9,6,1,7,9,1,10,1,11,,14,,1,21,121.5370911,25.1032348
113,6,7,8,25,2,08士林區,士林區仰德大道1段與仰德大道1段42巷口,0,0,3,3,H02,7,7,5,40,3,1,1,5,4,5,13,3,1,5,5,5,1,12,2,21,2,9,6,5,7,17,8,20,10,16,,67,,1,21,121.5370911,25.1032348
113,6,7,8,26,2,07信義區,信義區松仁路36號,0,0,2,1,C03,7,6,5,50,14,9,1,5,4,5,13,4,4,3,4,5,2,12,1,26,2,9,5,1,7,9,1,10,1,14,,118,,1,21,121.5683341,25.0386974
113,6,7,8,26,2,07信義區,信義區松仁路36號,0,0,2,2,C03,7,6,5,50,14,9,1,5,4,5,13,4,4,3,4,5,2,12,2,28,2,9,5,1,7,9,1,10,1,11,,118,,1,21,121.5683341,25.0386974
113,6,7,8,26,2,07信義區,信義區松仁路36號,0,0,2,3,C03,7,6,5,50,14,9,1,5,4,5,13,4,4,3,4,5,2,12,1,50,3,10,5,1,7,9,1,10,9,17,,118,,1,21,121.5683341,25.0386974
113,6,7,8,33,2,10文山區,文山區萬美街1段與萬和街口口,0,0,1,1,B03,7,6,5,40,3,2,1,5,4,5,13,2,1,5,5,5,2,16,1,33,3,10,7,1,7,11,1,8,1,4,,80,,1,21,121.5669433,25.001853
113,6,7,8,33,2,10文山區,文山區萬美街1段與萬和街口口,0,0,1,2,C03,7,6,5,40,3,2,1,5,4,5,13,2,1,5,5,5,2,16,2,29,2,8,5,1,7,9,1,10,1,11,,44,,1,21,121.5669433,25.001853
113,6,7,8,36,2,09北投區,北投區大業路與中央北路2段口,0,0,1,1,B03,8,6,5,50,4,2,1,5,4,5,13,1,1,5,4,5,1,17,1,67,3,10,7,1,7,5,1,8,2,1,,99,,1,21,121.4971907,25.1361287
113,6,7,8,36,2,09北投區,北投區大業路與中央北路2段口,0,0,1,2,C03,8,6,5,50,4,2,1,5,4,5,13,1,1,5,4,5,1,17,1,57,2,9,5,1,7,5,1,10,2,11,,44,,1,21,121.4971907,25.1361287
113,6,7,9,9,2,07信義區,信義區逸仙路38號,0,0,1,1,B13,7,5,5,50,14,9,1,5,4,5,13,4,4,5,4,5,1,3,1,48,3,10,7,1,7,9,1,8,1,8,,44,,1,21,121.5615097,25.0399834
113,6,7,9,9,2,07信義區,信義區逸仙路38號,0,0,1,2,H01,7,5,5,50,14,9,1,5,4,5,13,4,4,5,4,5,1,3,2,46,2,9,4,5,8,18,8,20,10,16,,121,,1,21,121.5615097,25.0399834
113,6,7,9,10,2,08士林區,士林區士林橋7010085燈桿,0,0,1,1,B01,7,7,8,50,22,22,1,5,4,5,13,4,4,5,5,4,2,17,1,67,3,10,3,4,7,8,1,4,1,2,,100,,1,21,121.5235652,25.09891194
113,6,7,9,10,2,08士林區,士林區士林橋7010085燈桿,0,0,1,2,C03,7,7,8,50,22,22,1,5,4,5,13,4,4,5,5,4,2,17,1,26,2,9,3,4,7,9,1,10,1,15,,44,,1,21,121.5235652,25.09891194
113,6,7,9,43,2,07信義區,信義區松德路與松德路118巷口,0,0,1,1,B03,8,6,5,50,4,1,1,5,4,5,13,1,1,1,4,4,2,16,1,53,3,10,3,4,7,6,1,8,2,2,,9,,1,22,121.5748176,25.0375214
113,6,7,9,43,2,07信義區,信義區松德路與松德路118巷口,0,0,1,2,C03,8,6,5,50,4,1,1,5,4,5,13,1,1,1,4,4,2,16,1,42,2,8,6,1,7,9,1,10,2,14,,44,,1,22,121.5748176,25.0375214
113,6,7,9,49,2,02萬華區,萬華區堤外便道與桂林路口水門口,0,0,1,1,C03,8,6,5,40,5,1,1,5,4,5,13,1,1,8,3,5,1,17,1,18,3,10,5,1,7,1,1,10,1,14,,108,,1,21,121.4958675,25.0390497
113,6,7,9,49,2,02萬華區,萬華區堤外便道與桂林路口水門口,0,0,1,2,C03,8,6,5,40,5,1,1,5,4,5,13,1,1,8,3,5,1,17,2,64,2,8,5,1,7,1,1,10,1,12,,44,,1,21,121.4958675,25.0390497
113,6,7,9,54,2,02萬華區,萬華區艋舺大道與西藏路口,0,0,1,1,C03,8,5,8,50,22,22,1,5,4,5,13,1,1,10,5,5,2,17,1,56,2,9,3,4,7,7,1,10,1,14,,101,,1,21,121.4915004,25.02896379
113,6,7,9,54,2,02萬華區,萬華區艋舺大道與西藏路口,0,0,1,2,C03,8,5,8,50,22,22,1,5,4,5,13,1,1,10,5,5,2,17,2,27,3,10,3,4,7,9,1,9,1,17,,44,,1,21,121.4915004,25.02896379
113,6,7,10,11,2,05中正區,中正區福州街11-7號,0,0,2,1,C03,8,7,5,50,14,9,1,5,4,5,13,4,4,9,5,5,2,17,1,23,2,8,5,1,7,11,1,10,1,12,,10,,1,22,121.5192483,25.0292338
113,6,7,10,11,2,05中正區,中正區福州街11-7號,0,0,2,2,C03,8,7,5,50,14,9,1,5,4,5,13,4,4,9,5,5,2,17,2,44,2,8,5,1,7,9,1,10,1,11,,44,,1,22,121.5192483,25.0292338
113,6,7,10,49,2,09北投區,北投區秀山路與稻香路口,0,0,1,1,A12,8,6,5,50,4,2,1,5,4,5,13,3,1,5,5,5,1,3,1,61,3,10,7,1,7,6,1,6,2,1,,70,,1,21,121.4902439,25.1421337
113,6,7,10,49,2,09北投區,北投區秀山路與稻香路口,0,0,1,2,H01,8,6,5,50,4,2,1,5,4,5,13,3,1,5,5,5,1,3,2,68,2,1,4,5,8,16,8,20,10,16,,67,,1,21,121.4902439,25.1421337
113,6,7,11,47,2,10文山區,文山區木新路2段61號旁,0,0,1,1,B03,7,6,5,30,14,9,1,5,4,5,13,4,4,5,4,5,2,1,1,73,3,10,7,1,7,1,1,8,2,8,,19,,1,21,121.570686,24.9859597
113,6,7,11,47,2,10文山區,文山區木新路2段61號旁,0,0,1,2,H01,7,6,5,30,14,9,1,5,4,5,13,4,4,5,4,5,2,1,2,84,2,9,4,5,8,16,8,20,10,16,,121,,1,21,121.570686,24.9859597
113,6,7,12,24,2,05中正區,中正區愛國西路與博愛路口,0,0,3,1,C03,8,6,5,50,4,2,1,5,4,5,13,2,1,1,4,5,2,16,1,32,2,7,6,1,7,6,1,10,1,12,,9,,1,22,121.5108146,25.03597724
113,6,7,12,24,2,05中正區,中正區愛國西路與博愛路口,0,0,3,2,C03,8,6,5,50,4,2,1,5,4,5,13,2,1,1,4,5,2,16,2,27,2,9,5,1,7,9,1,10,1,14,,44,,1,22,121.5108146,25.03597724
113,6,7,12,24,2,05中正區,中正區愛國西路與博愛路口,0,0,3,3,H02,8,6,5,50,4,2,1,5,4,5,13,2,1,1,4,5,2,16,2,30,2,9,5,5,7,20,8,20,10,16,,67,,1,21,121.5108146,25.03597724
113,6,7,12,45,2,03中山區,中山區北安路630巷與北安路630巷25弄口,0,0,1,1,C03,8,7,5,30,4,1,1,5,4,5,13,1,1,5,4,5,2,17,1,66,2,9,3,4,7,9,1,10,1,14,,44,,1,21,121.5503072,25.0827205
113,6,7,12,45,2,03中山區,中山區北安路630巷與北安路630巷25弄口,0,0,1,2,B01,8,7,5,30,4,1,1,5,4,5,13,1,1,5,4,5,2,17,1,62,3,10,3,4,7,1,1,4,1,5,,44,,1,21,121.5503072,25.0827205
113,6,7,12,49,2,12內湖區,內湖區新明路與南京東路6段368巷口,0,0,1,1,B03,8,7,5,50,3,1,1,5,4,5,13,1,1,5,4,5,2,16,2,51,3,10,7,1,7,5,1,8,1,2,,80,,1,21,121.587156,25.0580124
113,6,7,12,49,2,12內湖區,內湖區新明路與南京東路6段368巷口,0,0,1,2,C03,8,7,5,50,3,1,1,5,4,5,13,1,1,5,4,5,2,16,2,21,2,9,5,1,7,9,1,10,1,11,,44,,1,21,121.587156,25.0580124
113,6,7,13,2,2,02萬華區,萬華區西園路1段145號前(艋舺公園地下停車場前),0,0,1,1,B03,8,5,8,40,22,22,1,5,4,5,13,4,4,10,5,5,2,17,1,48,3,10,3,4,7,6,1,8,1,5,,42,,1,21,121.4994212,25.03611494
113,6,7,13,2,2,02萬華區,萬華區西園路1段145號前(艋舺公園地下停車場前),0,0,1,2,C03,8,5,8,40,22,22,1,5,4,5,13,4,4,10,5,5,2,17,1,21,2,9,3,4,7,9,1,10,1,14,,44,,1,21,121.4994212,25.03611494
113,6,7,13,15,2,03中山區,中山區建國北路2段7號,0,0,1,1,B03,7,6,6,50,14,9,1,5,4,5,13,4,4,1,4,5,2,12,2,61,3,10,7,1,7,7,1,8,1,2,,100,,1,21,121.5370706,25.0530194
113,6,7,13,15,2,03中山區,中山區建國北路2段7號,0,0,1,2,C03,7,6,6,50,14,9,1,5,4,5,13,4,4,1,4,5,2,12,2,30,2,9,5,1,7,9,1,10,1,11,,44,,1,21,121.5370706,25.0530194
113,6,7,13,18,2,09北投區,北投區承德路7段301號,0,0,1,1,C03,7,5,5,60,14,9,1,5,4,5,13,4,4,1,4,5,2,12,2,26,2,9,3,4,7,1,1,10,2,14,,19,,1,21,121.5042796,25.1167856
113,6,7,13,18,2,09北投區,北投區承德路7段301號,0,0,1,2,C03,7,5,5,60,14,9,1,5,4,5,13,4,4,1,4,5,2,12,1,36,3,10,3,4,7,9,1,10,2,12,,44,,1,21,121.5042796,25.1167856
113,6,7,13,55,2,07信義區,信義區松信路103巷8號,0,0,1,1,B03,7,6,5,30,14,9,1,5,4,5,13,4,4,9,4,5,2,16,1,29,3,10,7,1,7,6,1,8,1,6,,9,,1,21,121.5576779,25.0252154
113,6,7,13,55,2,07信義區,信義區松信路103巷8號,0,0,1,2,C03,7,6,5,30,14,9,1,5,4,5,13,4,4,9,4,5,2,16,1,29,2,5,5,1,7,9,1,10,1,11,,16,,1,21,121.5576779,25.0252154
113,6,7,14,20,2,01大同區,大同區昌吉街與伊寧街9巷口,0,0,1,1,B03,7,6,5,50,4,1,1,5,4,5,13,4,4,8,4,5,2,16,1,39,3,10,3,4,7,5,1,8,1,6,,118,,1,21,121.5129794,25.0659732
113,6,7,14,20,2,01大同區,大同區昌吉街與伊寧街9巷口,0,0,1,2,C03,7,6,5,50,4,1,1,5,4,5,13,4,4,8,4,5,2,16,2,58,2,9,3,4,7,9,1,10,1,11,,118,,1,21,121.5129794,25.0659732
113,6,7,14,26,2,09北投區,北投區知行路3015033燈桿關渡碼頭,0,0,2,1,C03,8,5,5,50,14,9,1,5,4,5,13,4,4,9,4,5,2,16,1,46,2,9,5,1,7,5,1,10,2,13,,80,,1,21,121.4623363,25.1210642
113,6,7,14,26,2,09北投區,北投區知行路3015033燈桿關渡碼頭,0,0,2,2,C03,8,5,5,50,14,9,1,5,4,5,13,4,4,9,4,5,2,16,2,47,2,9,5,1,7,9,1,10,2,11,,16,,1,21,121.4623363,25.1210642
113,6,7,14,47,2,03中山區,中山區長春路258巷與龍江路120巷口,0,0,2,1,C03,8,6,5,50,4,1,1,5,4,5,13,4,4,10,5,5,2,16,1,31,3,10,6,4,7,5,1,10,1,14,,8,,1,22,121.5390582,25.0534453
113,6,7,14,47,2,03中山區,中山區長春路258巷與龍江路120巷口,0,0,2,2,C03,8,6,5,50,4,1,1,5,4,5,13,4,4,10,5,5,2,16,2,38,2,9,6,1,7,9,1,10,1,12,,5,,1,22,121.5390582,25.0534453
113,6,7,14,47,2,03中山區,中山區長春路258巷與龍江路120巷口,0,0,2,3,H02,8,6,5,50,4,1,1,5,4,5,13,4,4,10,5,5,2,16,2,71,2,8,6,5,7,17,8,20,10,16,,67,,1,22,121.5390582,25.0534453
113,6,7,15,5,2,02萬華區,萬華區桂林路與環河南路2段口,0,0,1,1,B03,7,7,5,50,4,2,1,5,4,5,13,1,1,9,4,5,2,13,1,50,3,10,7,1,7,1,1,8,1,5,,19,,1,21,121.4975164,25.0385607
113,6,7,15,5,2,02萬華區,萬華區桂林路與環河南路2段口,0,0,1,2,C03,7,7,5,50,4,2,1,5,4,5,13,1,1,9,4,5,2,13,1,42,2,9,5,2,7,14,1,10,1,13,,44,,1,21,121.4975164,25.0385607
113,6,7,15,10,2,11南港區,南港區研究院路1段與研究院路1段101巷口,0,0,2,1,B12,7,5,5,50,4,1,1,5,4,5,12,2,1,1,4,5,2,16,1,48,2,2,3,4,7,5,1,8,2,1,,71,,1,22,121.6161341,25.0519391
113,6,7,15,10,2,11南港區,南港區研究院路1段與研究院路1段101巷口,0,0,2,2,C03,7,5,5,50,4,1,1,5,4,5,12,2,1,1,4,5,2,16,1,23,2,9,6,1,7,9,1,10,2,14,,44,,1,22,121.6161341,25.0519391
113,6,7,15,10,2,11南港區,南港區研究院路1段與研究院路1段101巷口,0,0,2,3,C03,7,5,5,50,4,1,1,5,4,5,12,2,1,1,4,5,2,16,1,34,3,10,6,1,7,14,1,10,2,11,,44,,1,26,121.6161341,25.0519391
113,6,7,15,14,2,04大安區,大安區仁愛路4段與復興南路1段口,0,0,1,1,C03,8,6,5,50,4,2,1,5,4,5,13,2,1,1,4,5,1,12,1,49,2,8,6,4,7,8,1,9,2,13,,100,,1,23,121.5438657,25.0378016
113,6,7,15,14,2,04大安區,大安區仁愛路4段與復興南路1段口,0,0,1,2,B03,8,6,5,50,4,2,1,5,4,5,13,2,1,1,4,5,1,12,1,54,3,10,3,4,7,9,1,8,2,5,,44,,1,21,121.5438657,25.0378016
113,6,7,15,32,2,05中正區,中正區忠孝東路1段行政院前,0,0,1,1,G03,7,6,5,50,14,7,1,5,4,5,13,4,4,1,4,4,2,12,1,59,3,10,7,1,7,9,1,7,1,16,,44,,1,22,121.5212668,25.04538763
113,6,7,15,32,2,05中正區,中正區忠孝東路1段行政院前,0,0,1,2,C03,7,6,5,50,14,7,1,5,4,5,13,4,4,1,4,4,2,12,1,30,2,5,6,1,7,8,1,10,1,13,,100,,1,22,121.5212668,25.04538763
113,6,7,15,45,2,03中山區,中山區吉林路與松江路108巷口,0,0,1,1,C03,7,7,5,50,4,1,1,5,4,5,13,4,4,5,4,5,2,16,1,20,2,9,6,4,7,9,1,10,2,14,,4,,1,21,121.5301347,25.05146001
113,6,7,15,45,2,03中山區,中山區吉林路與松江路108巷口,0,0,1,2,B03,7,7,5,50,4,1,1,5,4,5,13,4,4,5,4,5,2,16,1,38,3,10,3,4,7,6,1,8,2,1,,108,,1,21,121.5301347,25.05146001
113,6,7,15,52,2,12內湖區,內湖區成功路2段與國道一號口北上匝道入口,0,0,1,1,B03,7,6,5,50,4,1,1,5,4,5,13,1,1,1,4,5,2,16,1,26,3,10,7,1,7,6,1,8,1,2,,71,,1,21,121.5906519,25.06516822
113,6,7,15,52,2,12內湖區,內湖區成功路2段與國道一號口北上匝道入口,0,0,1,2,C03,7,6,5,50,4,1,1,5,4,5,13,1,1,1,4,5,2,16,1,49,2,8,5,1,7,9,1,10,1,11,,44,,1,21,121.5906519,25.06516822
113,6,7,15,58,2,08士林區,士林區仰德大道2段11巷與仰德大道2段口,0,0,2,1,C03,8,6,5,40,3,1,1,5,4,5,13,4,4,4,5,5,1,17,1,24,2,9,6,1,7,5,1,10,1,12,,8,,1,21,121.5417471,25.1034667
113,6,7,15,58,2,08士林區,士林區仰德大道2段11巷與仰德大道2段口,0,0,2,2,C03,8,6,5,40,3,1,1,5,4,5,13,4,4,4,5,5,1,17,1,19,2,9,6,1,7,9,1,10,1,11,,44,,1,21,121.5417471,25.1034667
113,6,7,16,12,2,08士林區,士林區至誠路1段與至誠路1段136巷口,0,0,1,1,B03,8,5,5,50,4,1,1,5,4,5,13,4,4,5,5,5,2,16,2,58,3,10,3,4,7,5,1,8,1,1,,8,,1,22,121.5348956,25.1014708
113,6,7,16,12,2,08士林區,士林區至誠路1段與至誠路1段136巷口,0,0,1,2,C03,8,5,5,50,4,1,1,5,4,5,13,4,4,5,5,5,2,16,1,43,2,9,3,4,7,9,1,10,1,14,,14,,1,22,121.5348956,25.1014708
113,6,7,16,15,2,03中山區,中山區北安路與崇實路口,0,0,1,1,C03,8,5,5,50,4,1,1,5,4,5,13,1,1,1,4,5,2,15,1,24,2,9,6,1,7,9,1,10,2,12,,81,,1,21,121.5443606,25.0797508
113,6,7,16,15,2,03中山區,中山區北安路與崇實路口,0,0,1,2,B03,8,5,5,50,4,1,1,5,4,5,13,1,1,1,4,5,2,15,1,40,3,10,7,1,7,9,1,8,2,1,,44,,1,21,121.5443606,25.0797508
113,6,7,16,30,2,04大安區,大安區信義路4段與信義路4段265巷口,0,0,1,1,C03,7,6,5,50,4,1,1,5,4,5,13,2,1,10,5,5,1,17,1,36,3,10,5,1,7,5,1,10,1,14,,17,,1,21,121.5542963,25.0332408
113,6,7,16,30,2,04大安區,大安區信義路4段與信義路4段265巷口,0,0,1,2,C03,7,6,5,50,4,1,1,5,4,5,13,2,1,10,5,5,1,17,1,49,3,10,5,1,7,5,1,10,1,12,,17,,1,21,121.5542963,25.0332408
113,6,7,16,30,2,04大安區,大安區信義路4段與信義路4段265巷口,0,0,1,3,H02,7,6,5,50,4,1,1,5,4,5,13,2,1,10,5,5,1,17,2,49,2,8,4,5,7,20,8,20,10,16,,67,,1,21,121.5542963,25.0332408
113,6,7,16,39,2,12內湖區,內湖區成功路4段與金湖路口,0,0,1,1,B03,7,6,5,50,4,1,1,5,4,5,13,2,1,3,4,5,2,12,2,52,3,10,3,4,7,9,1,8,2,4,,44,,1,21,121.595123,25.0842919
113,6,7,16,39,2,12內湖區,內湖區成功路4段與金湖路口,0,0,1,2,C03,7,6,5,50,4,1,1,5,4,5,13,2,1,3,4,5,2,12,2,39,2,9,6,1,7,8,1,10,2,12,,100,,1,22,121.595123,25.0842919
113,6,7,16,40,2,12內湖區,內湖區新明路262巷與新明路口,0,0,1,1,B03,8,7,5,50,3,1,1,5,4,5,13,4,4,5,4,4,2,16,1,67,3,10,7,1,7,5,1,8,1,5,,74,,1,21,121.5833136,25.05652656
113,6,7,16,40,2,12內湖區,內湖區新明路262巷與新明路口,0,0,1,2,C03,8,7,5,50,3,1,1,5,4,5,13,4,4,5,4,4,2,16,1,45,2,8,5,1,7,9,6,10,9,14,,14,,1,21,121.5833136,25.05652656
113,6,7,16,42,2,01大同區,大同區重慶北路3段與民權西路口,0,0,2,1,C03,7,6,5,50,4,2,1,5,4,5,13,1,1,1,4,5,2,17,2,28,3,10,5,1,7,9,1,10,1,11,,16,,1,21,121.5139801,25.0631266
113,6,7,16,42,2,01大同區,大同區重慶北路3段與民權西路口,0,0,2,2,C03,7,6,5,50,4,2,1,5,4,5,13,1,1,1,4,5,2,17,2,47,2,7,5,1,7,9,1,10,1,11,,16,,1,21,121.5139801,25.0631266
113,6,7,16,42,2,01大同區,大同區重慶北路3段與民權西路口,0,0,2,3,C03,7,6,5,50,4,2,1,5,4,5,13,1,1,1,4,5,2,17,1,63,2,9,6,1,7,9,1,10,1,15,,44,,1,21,121.5139801,25.0631266
113,6,7,16,42,2,01大同區,大同區重慶北路3段與民權西路口,0,0,2,4,B01,7,6,5,50,4,2,1,5,4,5,13,1,1,1,4,5,2,17,1,69,3,10,7,1,7,14,1,4,1,3,,44,,1,21,121.5139801,25.0631266