發生年度,發生月,發生日,發生時-Hours,發生分,處理別-編號,區序,肇事地點,死亡人數,2-30日死亡人數,受傷人數,當事人序號,車種,天候,道路照明設備,道路類別,速限-速度限制,道路型態,事故位置,路面狀況1,路面狀況2,路面狀況3,道路障礙1,道路障礙2,號誌1,號誌2,車道劃分-分向,車道劃分-分道1,車道劃分-分道2,車道劃分-分道3,事故類型及型態,性別,年齡,受傷程度,主要傷處,保護裝置,行動電話,車輛用途,當事者行動狀態,駕駛資格情形,駕駛執照種類,飲酒情形,車輛撞擊部位1,車輛撞擊部位2,肇因碼-個別,肇因碼-主要,個人肇逃否,職業,座標-X,座標-Y
113,6,7,16,46,2,05中正區,中正區重慶南路2段與重慶南路2段6巷口,0,0,2,1,C03,8,6,5,50,3,1,1,5,4,5,13,3,1,1,4,5,2,13,1,23,2,8,5,1,7,9,1,10,1,11,,108,,1,21,121.5129804,25.0343327
113,6,7,16,46,2,05中正區,中正區重慶南路2段與重慶南路2段6巷口,0,0,2,2,C03,8,6,5,50,3,1,1,5,4,5,13,3,1,1,4,5,2,13,2,52,2,7,5,1,7,9,1,10,1,13,,44,,1,21,121.5129804,25.0343327
113,6,7,17,5,2,04大安區,大安區辛亥路2段與建國南路2段口,0,0,1,1,B03,8,6,5,50,4,2,1,5,4,5,13,2,1,1,4,4,1,13,1,48,3,10,3,4,7,9,1,8,2,1,,108,,1,21,121.5382974,25.0222156
113,6,7,17,5,2,04大安區,大安區辛亥路2段與建國南路2段口,0,0,1,2,C02,8,6,5,50,4,2,1,5,4,5,13,2,1,1,4,4,1,13,1,49,2,7,6,4,7,14,1,9,2,13,,44,,1,21,121.5382974,25.0222156
113,6,7,17,20,2,11南港區,南港區經貿二路255巷與經貿二路口,0,0,1,1,C03,7,5,5,50,3,1,1,5,4,5,13,4,4,10,4,5,2,13,1,24,2,7,6,3,7,9,1,9,2,11,,108,,1,22,121.6141877,25.0615049
113,6,7,17,20,2,11南港區,南港區經貿二路255巷與經貿二路口,0,0,1,2,B03,7,5,5,50,3,1,1,5,4,5,13,4,4,10,4,5,2,13,1,23,3,10,3,4,7,14,1,8,2,3,,44,,1,23,121.6141877,25.0615049
113,6,7,17,50,2,08士林區,士林區社子大橋下龍舟碼頭,0,0,1,1,F01,8,7,8,30,22,22,4,5,4,5,13,4,4,10,5,5,2,29,1,68,2,9,2,1,7,9,8,20,1,12,,44,,1,21,121.4942668,25.11167321
113,6,7,17,50,2,08士林區,士林區社子大橋下龍舟碼頭,0,0,1,2,,8,7,8,30,22,22,4,5,4,5,13,4,4,10,5,5,2,29,3,34,,,,,,,,,,,,65,,1,,121.4942668,25.11167321
113,6,7,17,55,2,10文山區,文山區羅斯福路4段與基隆路4段口,0,0,1,1,B03,8,6,5,50,4,2,1,5,4,5,13,2,1,1,4,5,2,17,2,44,3,10,7,1,7,9,1,8,1,5,,108,,1,21,121.5370597,25.0107171
113,6,7,17,55,2,10文山區,文山區羅斯福路4段與基隆路4段口,0,0,1,2,F01,8,6,5,50,4,2,1,5,4,5,13,2,1,1,4,5,2,17,2,55,2,9,4,1,7,7,8,20,1,13,,100,,1,21,121.5370597,25.0107171
113,6,7,18,0,2,09北投區,北投區立賢路與五分產業道路口,0,0,1,1,C03,7,6,5,30,3,1,1,5,4,5,13,4,4,10,5,5,2,15,1,50,3,10,5,1,7,15,1,10,1,11,,74,,1,21,121.5014844,25.11352789
113,6,7,18,0,2,09北投區,北投區立賢路與五分產業道路口,0,0,1,2,F01,7,6,5,30,3,1,1,5,4,5,13,4,4,10,5,5,2,15,2,65,2,8,4,1,7,9,8,20,1,15,,44,,1,21,121.5014844,25.11352789
113,6,7,18,7,2,01大同區,大同區太原路94號,0,0,1,1,B03,7,5,5,50,14,9,1,5,4,5,13,4,4,9,4,5,2,17,1,64,3,10,7,1,7,9,1,8,1,15,,42,,1,21,121.515739,25.0523777
113,6,7,18,7,2,01大同區,大同區太原路94號,0,0,1,2,C03,7,5,5,50,14,9,1,5,4,5,13,4,4,9,4,5,2,17,1,23,2,9,5,1,7,9,1,10,1,14,,42,,1,21,121.515739,25.0523777
113,6,7,18,14,2,09北投區,北投區中央北路2段與文化三路口,0,0,1,1,B12,8,5,5,50,3,2,1,5,4,5,13,4,4,5,4,4,2,12,1,34,3,10,7,1,7,7,1,8,2,4,,100,,1,21,121.4963257,25.1364666
113,6,7,18,14,2,09北投區,北投區中央北路2段與文化三路口,0,0,1,2,C03,8,5,5,50,3,2,1,5,4,5,13,4,4,5,4,4,2,12,1,21,2,9,5,1,7,9,1,10,2,12,,13,,1,21,121.4963257,25.1364666
113,6,7,18,14,2,09北投區,北投區中央北路2段與文化三路口,0,0,1,3,B03,8,5,5,50,3,2,1,5,4,5,13,4,4,5,4,4,2,12,1,37,3,10,7,1,7,9,1,8,2,1,,44,,1,21,121.4963257,25.1364666
113,6,7,18,45,2,06松山區,松山區健康路84號,0,0,2,1,C04,8,5,5,50,14,9,1,5,4,5,13,4,4,9,4,5,2,17,2,42,2,7,6,4,7,5,1,10,1,11,,80,,1,22,121.5544519,25.05344708
113,6,7,18,45,2,06松山區,松山區健康路84號,0,0,2,2,C03,8,5,5,50,14,9,1,5,4,5,13,4,4,9,4,5,2,17,2,60,2,9,5,4,7,9,1,10,1,11,,44,,1,22,121.5544519,25.05344708
113,6,7,18,45,2,06松山區,松山區健康路84號,0,0,2,3,C03,8,5,5,50,14,9,1,5,4,5,13,4,4,9,4,5,2,17,1,72,3,10,3,4,7,13,1,10,1,13,,44,,1,22,121.5544519,25.05344708
113,6,7,18,58,2,02萬華區,萬華區東園街68-3號,0,0,2,1,C03,7,5,5,50,14,9,1,5,4,5,13,4,4,9,4,5,2,17,1,75,2,1,5,1,7,5,1,10,1,12,14,8,,1,21,121.4965329,25.0257158
113,6,7,18,58,2,02萬華區,萬華區東園街68-3號,0,0,2,2,C03,7,5,5,50,14,9,1,5,4,5,13,4,4,9,4,5,2,17,1,44,2,9,6,1,7,9,1,9,1,11,12,44,,1,21,121.4965329,25.0257158
113,6,7,18,58,2,02萬華區,萬華區東園街68-3號,0,0,2,3,C03,7,5,5,50,14,9,1,5,4,5,13,4,4,9,4,5,2,17,1,37,3,10,6,1,7,13,1,10,9,12,,38,,1,21,121.4965329,25.0257158
113,6,7,18,58,2,02萬華區,萬華區東園街68-3號,0,0,2,4,H02,7,5,5,50,14,9,1,5,4,5,13,4,4,9,4,5,2,17,2,11,3,10,4,5,7,20,8,20,10,17,,67,,2,21,121.4965329,25.0257158
113,6,7,19,43,2,04大安區,大安區基隆路2段與通化街171巷口,0,0,1,1,C03,8,5,5,50,4,1,1,5,4,5,13,2,1,1,4,5,2,13,1,32,2,7,5,1,7,9,1,10,1,11,,108,,1,21,121.556132,25.0275776
113,6,7,19,43,2,04大安區,大安區基隆路2段與通化街171巷口,0,0,1,2,B03,8,5,5,50,4,1,1,5,4,5,13,2,1,1,4,5,2,13,1,32,3,10,3,4,7,9,1,8,1,3,,44,,1,21,121.556132,25.0275776
113,6,7,20,13,2,03中山區,中山區復興北路508號,0,0,2,1,C03,7,5,5,50,14,9,1,5,4,5,13,4,4,1,3,5,1,12,1,44,2,7,5,1,7,8,1,10,1,12,,100,,1,21,121.544228,25.06596953
113,6,7,20,13,2,03中山區,中山區復興北路508號,0,0,2,2,C03,7,5,5,50,14,9,1,5,4,5,13,4,4,1,3,5,1,12,2,19,2,7,6,1,7,9,1,10,1,14,,44,,1,21,121.544228,25.06596953
113,6,7,20,55,2,02萬華區,萬華區中華路2段與艋舺大道口,0,0,1,1,,8,5,6,50,3,4,1,5,4,5,13,1,1,1,4,4,2,13,4,0,2,8,3,4,7,21,7,19,11,11,,119,,2,21,121.5022179,25.03327689
113,6,7,20,55,2,02萬華區,萬華區中華路2段與艋舺大道口,0,0,1,2,C03,8,5,6,50,3,4,1,5,4,5,13,1,1,1,4,4,2,13,2,21,3,10,5,4,7,9,1,10,1,13,,44,,1,21,121.5022179,25.03327689
113,6,7,21,0,2,12內湖區,內湖區環山路2段與環山路2段29巷口,0,0,2,1,C03,8,5,5,50,3,2,1,5,4,5,13,1,1,5,5,5,2,17,1,50,2,9,5,1,7,5,1,10,1,11,,8,,1,21,121.572886,25.08564835
113,6,7,21,0,2,12內湖區,內湖區環山路2段與環山路2段29巷口,0,0,2,2,C02,8,5,5,50,3,2,1,5,4,5,13,1,1,5,5,5,2,17,1,53,2,9,5,1,7,9,1,10,1,11,,44,,1,21,121.572886,25.08564835
113,6,7,21,20,2,05中正區,中正區和平西路1段與牯嶺街口,0,0,1,1,B12,8,5,5,50,4,1,1,5,4,5,13,2,1,1,4,5,2,12,1,44,3,10,7,1,7,8,1,4,1,2,,100,,1,21,121.5191506,25.0265008
113,6,7,21,20,2,05中正區,中正區和平西路1段與牯嶺街口,0,0,1,2,C02,8,5,5,50,4,1,1,5,4,5,13,2,1,1,4,5,2,12,1,23,2,9,5,1,7,9,1,9,1,14,,44,,1,21,121.5191506,25.0265008
113,6,7,21,23,2,02萬華區,萬華區環河快速道路(二層接三層匝道口),0,0,1,1,B01,8,5,5,40,14,7,1,5,4,5,13,4,4,10,1,5,2,17,1,54,3,10,7,1,7,8,1,4,1,7,,100,,1,21,121.5041772,25.04711553
113,6,7,21,23,2,02萬華區,萬華區環河快速道路(二層接三層匝道口),0,0,1,2,B03,8,5,5,40,14,7,1,5,4,5,13,4,4,10,1,5,2,17,1,32,2,9,7,1,7,9,1,8,1,5,,13,,1,21,121.5041772,25.04711553
113,6,7,21,37,2,01大同區,大同區承德路3段與民族西路口,0,0,2,1,C03,8,5,5,50,5,1,1,5,4,5,13,2,1,5,4,5,2,13,1,18,2,9,6,1,7,9,1,10,1,14,,16,,1,21,121.5181079,25.0685877
113,6,7,21,37,2,01大同區,大同區承德路3段與民族西路口,0,0,2,2,C03,8,5,5,50,5,1,1,5,4,5,13,2,1,5,4,5,2,13,2,37,2,9,6,1,7,9,1,10,1,12,,44,,1,21,121.5181079,25.0685877
113,6,7,21,37,2,12內湖區,內湖區金龍路與內湖路3段口,0,0,1,1,B03,8,5,5,50,4,2,1,5,4,5,13,2,1,5,4,5,2,16,2,20,3,10,7,1,7,5,1,8,2,6,,71,,1,21,121.593076,25.0850797
113,6,7,21,37,2,12內湖區,內湖區金龍路與內湖路3段口,0,0,1,2,C02,8,5,5,50,4,2,1,5,4,5,13,2,1,5,4,5,2,16,1,34,2,9,6,1,7,9,1,9,2,11,,13,,1,21,121.593076,25.0850797
113,6,7,23,10,2,05中正區,中正區中華路1段55號,0,0,1,1,B01,8,5,5,50,14,9,1,5,4,5,13,4,4,1,4,5,2,17,1,57,3,10,7,1,7,1,6,1,2,8,,19,,1,21,121.508636,25.0427145
113,6,7,23,10,2,05中正區,中正區中華路1段55號,0,0,1,2,C03,8,5,5,50,14,9,1,5,4,5,13,4,4,1,4,5,2,17,1,25,2,9,6,1,7,9,1,10,2,11,,44,,1,21,121.508636,25.0427145
113,6,7,23,10,2,05中正區,中正區中華路1段55號,0,0,1,3,B01,8,5,5,50,14,9,1,5,4,5,13,4,4,1,4,5,2,17,1,51,3,10,7,1,7,14,1,4,9,17,,38,,1,21,121.508636,25.0427145
113,6,7,23,21,2,12內湖區,內湖區南京東路6段與行善路59巷口,0,0,1,1,B03,8,5,5,50,4,1,1,5,4,5,13,2,1,1,4,5,2,15,1,37,3,10,3,1,7,9,1,8,2,4,,81,,1,21,121.5794771,25.0564005
113,6,7,23,21,2,12內湖區,內湖區南京東路6段與行善路59巷口,0,0,1,2,C03,8,5,5,50,4,1,1,5,4,5,13,2,1,1,4,5,2,15,1,54,2,9,6,1,7,9,1,10,2,11,,44,,1,21,121.5794771,25.0564005
113,6,7,23,50,2,01大同區,大同區重慶北路2段與民生西路口,0,0,1,1,B03,8,5,5,50,4,1,1,5,4,1,13,1,1,5,4,5,2,16,1,41,3,10,7,1,7,5,1,8,2,5,,71,,1,21,121.5137999,25.05703277
113,6,7,23,50,2,01大同區,大同區重慶北路2段與民生西路口,0,0,1,2,C03,8,5,5,50,4,1,1,5,4,1,13,1,1,5,4,5,2,16,2,20,2,7,5,1,7,9,1,10,2,11,,44,,1,21,121.5137999,25.05703277
113,6,8,1,5,2,03中山區,中山區林森北路85巷與長安東路1段77巷口,0,0,1,1,B03,8,5,5,30,3,1,1,5,4,5,13,4,4,10,5,5,2,17,1,37,3,10,7,1,7,6,1,8,1,1,,72,,1,21,121.528326,25.0489533
113,6,8,1,5,2,03中山區,中山區林森北路85巷與長安東路1段77巷口,0,0,1,2,C03,8,5,5,30,3,1,1,5,4,5,13,4,4,10,5,5,2,17,1,58,2,9,5,1,7,9,1,10,1,11,,108,,1,21,121.528326,25.0489533
113,6,8,6,6,2,05中正區,中正區羅斯福路3段286巷與羅斯福路3段316巷口,0,0,1,1,C03,8,5,5,30,4,1,1,5,4,5,13,4,4,10,5,5,2,17,1,40,3,10,5,1,7,12,1,10,2,17,,72,,1,21,121.5324497,25.0157992
113,6,8,6,6,2,05中正區,中正區羅斯福路3段286巷與羅斯福路3段316巷口,0,0,1,2,C03,8,5,5,30,4,1,1,5,4,5,13,4,4,10,5,5,2,17,1,68,2,9,5,1,7,9,1,10,2,12,,116,,1,21,121.5324497,25.0157992
113,6,8,6,31,2,04大安區,大安區新生南路1段137巷與新生南路1段口,0,0,1,1,C03,8,6,5,30,3,1,1,5,4,5,13,4,4,10,5,5,2,15,1,69,3,10,6,1,7,15,1,10,1,14,,14,,1,21,121.5329148,25.0370676
113,6,8,6,31,2,04大安區,大安區新生南路1段137巷與新生南路1段口,0,0,1,2,C03,8,6,5,30,3,1,1,5,4,5,13,4,4,10,5,5,2,15,1,41,2,9,6,1,7,9,1,10,1,12,,44,,1,21,121.5329148,25.0370676
113,6,8,8,35,2,12內湖區,內湖區南京東路6段西往東(P204橋墩),0,0,2,1,B03,8,6,5,50,14,9,1,5,4,1,13,4,4,1,4,5,2,20,2,26,3,10,7,1,7,9,1,8,2,5,,108,,1,21,121.5883597,25.06072446
113,6,8,8,35,2,12內湖區,內湖區南京東路6段西往東(P204橋墩),0,0,2,2,,8,6,5,50,14,9,1,5,4,1,13,4,4,1,4,5,2,20,3,39,,,,,,,,,,,,67,,1,,121.5883597,25.06072446
113,6,8,8,35,2,12內湖區,內湖區南京東路6段西往東(P204橋墩),0,0,2,3,H03,8,6,5,50,14,9,1,5,4,1,13,4,4,1,4,5,2,20,1,60,2,5,4,5,8,20,8,20,10,16,,67,,1,21,121.5883597,25.06072446
113,6,8,8,35,2,12內湖區,內湖區南京東路6段西往東(P204橋墩),0,0,2,4,H03,8,6,5,50,14,9,1,5,4,1,13,4,4,1,4,5,2,20,1,57,2,8,4,5,8,20,8,20,10,16,,67,,1,21,121.5883597,25.06072446
113,6,8,9,29,2,08士林區,士林區文林路與雙溪街口,0,0,2,1,C03,8,6,5,50,5,1,1,5,4,5,13,1,1,5,5,4,2,16,2,26,2,9,5,1,7,5,3,18,1,12,,71,,1,21,121.5233974,25.09968597
113,6,8,9,29,2,08士林區,士林區文林路與雙溪街口,0,0,2,2,C03,8,6,5,50,5,1,1,5,4,5,13,1,1,5,5,4,2,16,2,72,2,9,5,1,7,9,3,18,1,11,,44,,1,21,121.5233974,25.09968597
113,6,8,9,30,2,11南港區,南港區東新街80巷10弄2號,0,0,1,1,C03,7,5,5,30,14,9,1,5,4,5,13,4,4,10,5,5,2,2,2,55,3,10,3,4,7,9,1,10,2,11,,107,,1,22,121.5869889,25.04571
113,6,8,9,30,2,11南港區,南港區東新街80巷10弄2號,0,0,1,2,H01,7,5,5,30,14,9,1,5,4,5,13,4,4,10,5,5,2,2,2,59,2,8,4,5,8,16,8,20,10,16,,60,,1,22,121.5869889,25.04571
113,6,8,10,45,2,12內湖區,內湖區金豐街與金莊路口,0,0,1,1,B02,8,6,5,50,4,1,1,5,4,5,13,2,1,5,5,5,2,17,1,55,3,10,7,1,7,6,1,6,1,2,,9,,1,21,121.5876761,25.06532583
113,6,8,10,45,2,12內湖區,內湖區金豐街與金莊路口,0,0,1,2,C03,8,6,5,50,4,1,1,5,4,5,13,2,1,5,5,5,2,17,1,23,2,9,6,1,7,9,1,10,1,14,,13,,1,21,121.5876761,25.06532583
113,6,8,10,46,2,08士林區,士林區中山北路5段與中正路口,0,0,1,1,B03,8,7,5,50,4,1,1,5,4,5,13,1,1,3,3,5,1,17,1,21,3,10,3,4,7,5,1,8,1,1,,98,,1,22,121.5279488,25.0959604
113,6,8,10,46,2,08士林區,士林區中山北路5段與中正路口,0,0,1,2,C03,8,7,5,50,4,1,1,5,4,5,13,1,1,3,3,5,1,17,1,20,2,9,3,4,7,21,1,10,1,14,,44,,1,22,121.5279488,25.0959604
113,6,8,11,18,2,04大安區,大安區基隆路2段與樂業街口,0,0,1,1,B03,8,5,5,40,14,9,1,5,4,5,13,2,1,8,3,5,1,13,1,37,3,10,7,1,7,9,1,8,1,1,,16,,1,21,121.5501411,25.0222292
113,6,8,11,18,2,04大安區,大安區基隆路2段與樂業街口,0,0,1,2,B03,8,5,5,40,14,9,1,5,4,5,13,2,1,8,3,5,1,13,2,57,2,2,7,1,7,9,1,8,1,3,,44,,1,21,121.5501411,25.0222292
113,6,8,11,55,2,12內湖區,內湖區內湖路2段314號前,0,0,2,1,B03,8,5,5,50,14,9,1,5,4,5,13,4,4,10,5,5,2,16,1,63,3,10,7,1,7,11,1,8,2,7,,10,,1,21,121.5879697,25.0811627
113,6,8,11,55,2,12內湖區,內湖區內湖路2段314號前,0,0,2,2,C03,8,5,5,50,14,9,1,5,4,5,13,4,4,10,5,5,2,16,2,64,2,9,5,1,7,9,1,8,2,12,,44,,1,21,121.5879697,25.0811627
113,6,8,11,55,2,12內湖區,內湖區內湖路2段314號前,0,0,2,3,H02,8,5,5,50,14,9,1,5,4,5,13,4,4,10,5,5,2,16,1,66,2,9,5,5,7,21,8,20,10,16,,67,,1,21,121.5879697,25.0811627
113,6,8,12,7,2,01大同區,大同區重慶北路3段與民權西路口,0,0,2,1,C03,7,6,5,50,4,2,1,5,4,5,13,1,1,1,4,5,2,17,1,30,2,9,5,1,7,9,1,10,1,11,,16,,1,21,121.5135415,25.0632299
113,6,8,12,7,2,01大同區,大同區重慶北路3段與民權西路口,0,0,2,2,C03,7,6,5,50,4,2,1,5,4,5,13,1,1,1,4,5,2,17,2,36,2,7,5,1,7,9,1,10,1,13,,44,,1,21,121.5135415,25.0632299
113,6,8,12,25,2,04大安區,大安區基隆路4段台灣大學公館平面停車場出入口,0,0,2,1,B03,8,6,5,40,14,8,1,5,4,5,13,4,4,1,4,4,2,16,1,56,3,10,3,4,7,6,1,10,1,5,,101,,1,22,121.5368105,25.012112
113,6,8,12,25,2,04大安區,大安區基隆路4段台灣大學公館平面停車場出入口,0,0,2,2,C03,8,6,5,40,14,8,1,5,4,5,13,4,4,1,4,4,2,16,2,38,2,7,6,4,7,9,1,10,1,11,,14,,1,22,121.5368105,25.012112
113,6,8,12,25,2,04大安區,大安區基隆路4段台灣大學公館平面停車場出入口,0,0,2,3,H02,8,6,5,40,14,8,1,5,4,5,13,4,4,1,4,4,2,16,1,71,2,9,3,5,7,20,8,20,10,16,,67,,1,22,121.5368105,25.012112
113,6,8,12,38,2,05中正區,中正區中山南路與凱達格蘭大道口,0,0,1,1,C03,8,6,5,50,5,1,1,5,4,5,13,1,1,10,4,5,2,16,2,57,3,10,6,4,7,15,1,10,11,11,,108,,1,22,121.517254,25.0391471
113,6,8,12,38,2,05中正區,中正區中山南路與凱達格蘭大道口,0,0,1,2,C03,8,6,5,50,5,1,1,5,4,5,13,1,1,10,4,5,2,16,1,22,3,10,6,1,7,9,1,10,1,14,,44,,1,22,121.517254,25.0391471
113,6,8,12,38,2,05中正區,中正區中山南路與凱達格蘭大道口,0,0,1,3,H02,8,6,5,50,5,1,1,5,4,5,13,1,1,10,4,5,2,16,2,22,2,8,6,5,7,20,8,20,10,16,,67,,1,22,121.517254,25.0391471
113,6,8,12,50,2,02萬華區,萬華區桂林路與西園路1段口,0,0,2,1,C03,8,6,5,50,4,1,1,5,4,5,13,2,1,5,4,4,2,16,1,65,2,9,6,1,7,5,1,10,1,11,,71,,1,21,121.4997976,25.03842808
113,6,8,12,50,2,02萬華區,萬華區桂林路與西園路1段口,0,0,2,2,C03,8,6,5,50,4,1,1,5,4,5,13,2,1,5,4,4,2,16,2,32,2,9,6,1,7,9,1,10,1,11,,44,,1,26,121.4997976,25.03842808
113,6,8,12,53,2,10文山區,文山區木新路3段172巷與忠順街1段26巷27弄口口,0,0,1,1,F01,8,6,5,30,4,1,1,5,4,5,13,4,4,10,5,5,2,15,1,58,2,9,4,1,7,9,8,20,1,14,,72,,1,21,121.5606035,24.9822508
113,6,8,12,53,2,10文山區,文山區木新路3段172巷與忠順街1段26巷27弄口口,0,0,1,2,C03,8,6,5,30,4,1,1,5,4,5,13,4,4,10,5,5,2,15,2,60,3,10,5,1,7,9,1,10,1,11,,14,,1,21,121.5606035,24.9822508
113,6,8,13,0,2,08士林區,士林區百齡左岸河濱公園074燈桿,0,0,1,1,C03,8,5,5,40,14,9,1,5,4,5,13,4,4,5,5,5,2,13,1,22,2,9,6,1,7,9,1,10,1,11,,16,,1,21,121.5126685,25.0857894
113,6,8,13,0,2,08士林區,士林區百齡左岸河濱公園074燈桿,0,0,1,2,C03,8,5,5,40,14,9,1,5,4,5,13,4,4,5,5,5,2,13,1,24,3,10,6,1,7,9,1,10,1,15,,44,,1,21,121.5126685,25.0857894
113,6,8,13,0,2,08士林區,士林區百齡左岸河濱公園074燈桿,0,0,1,3,H01,8,5,5,40,14,9,1,5,4,5,13,4,4,5,5,5,2,13,1,63,3,10,4,5,8,17,8,20,10,16,,67,,1,21,121.5126685,25.0857894
113,6,8,13,6,2,04大安區,大安區基隆路2段與光復南路口,0,0,1,1,C03,8,6,5,50,3,1,1,5,4,5,13,1,1,1,3,5,2,12,2,42,2,7,6,1,7,9,1,10,1,15,,44,,1,21,121.5573518,25.0294948
113,6,8,13,6,2,04大安區,大安區基隆路2段與光復南路口,0,0,1,2,B03,8,6,5,50,3,1,1,5,4,5,13,1,1,1,3,5,2,12,1,55,3,10,7,1,7,9,1,8,1,2,,108,,1,21,121.5573518,25.0294948
113,6,8,13,29,2,02萬華區,萬華區中華路1段166號前,0,0,2,1,C03,8,5,8,50,22,22,1,5,4,5,13,4,4,10,5,5,2,13,1,23,3,10,3,4,7,9,1,10,1,11,,44,,1,21,121.507902,25.04140407
113,6,8,13,29,2,02萬華區,萬華區中華路1段166號前,0,0,2,2,C03,8,5,8,50,22,22,1,5,4,5,13,4,4,10,5,5,2,13,1,23,2,9,3,4,7,9,1,10,1,11,,108,,1,21,121.507902,25.04140407
113,6,8,13,29,2,02萬華區,萬華區中華路1段166號前,0,0,2,3,C03,8,5,8,50,22,22,1,5,4,5,13,4,4,10,5,5,2,13,1,46,3,10,3,4,7,15,1,10,1,13,,44,,1,21,121.507902,25.04140407
113,6,8,13,29,2,02萬華區,萬華區中華路1段166號前,0,0,2,4,H02,8,5,8,50,22,22,1,5,4,5,13,4,4,10,5,5,2,13,2,21,2,9,3,5,7,21,8,20,10,16,,67,,1,21,121.507902,25.04140407
113,6,8,13,38,2,01大同區,大同區承德路1段與鄭州路口,0,0,1,1,B03,7,6,5,50,4,1,1,5,4,5,13,1,1,1,4,5,2,17,1,21,3,10,7,1,7,5,1,8,1,4,,8,,1,21,121.5164098,25.0487714
113,6,8,13,38,2,01大同區,大同區承德路1段與鄭州路口,0,0,1,2,C03,7,6,5,50,4,1,1,5,4,5,13,1,1,1,4,5,2,17,1,34,2,9,5,1,7,9,1,10,1,12,,108,,1,21,121.5164098,25.0487714
113,6,8,13,41,2,03中山區,中山區北安路與劍南路口劍南路2號出口,0,0,1,1,B01,8,5,6,50,14,9,1,5,4,5,13,4,4,1,4,4,2,11,1,63,3,10,3,4,7,10,1,4,1,5,,100,,1,22,121.5556427,25.0848545
113,6,8,13,41,2,03中山區,中山區北安路與劍南路口劍南路2號出口,0,0,1,2,C03,8,5,6,50,14,9,1,5,4,5,13,4,4,1,4,4,2,11,2,56,2,9,5,4,7,9,1,10,1,14,,44,,1,22,121.5556427,25.0848545
113,6,8,14,3,2,02萬華區,萬華區青年路與青年路168巷口,0,0,1,1,C03,8,5,5,30,3,1,1,5,4,5,13,4,4,9,2,5,2,17,2,27,2,9,6,4,7,5,1,10,1,14,,94,,1,21,121.5027077,25.02104816
113,6,8,14,3,2,02萬華區,萬華區青年路與青年路168巷口,0,0,1,2,B03,8,5,5,30,3,1,1,5,4,5,13,4,4,9,2,5,2,17,1,41,3,10,7,4,7,9,1,8,1,1,,44,,1,21,121.5027077,25.02104816
113,6,8,14,40,2,12內湖區,內湖區康寧路3段與安康路口,0,0,1,1,B03,8,6,5,50,4,1,1,5,4,5,13,1,1,1,5,5,2,16,1,62,3,10,7,1,7,6,1,8,2,2,,9,,1,21,121.6110572,25.06485515
113,6,8,14,40,2,12內湖區,內湖區康寧路3段與安康路口,0,0,1,2,C03,8,6,5,50,4,1,1,5,4,5,13,1,1,1,5,5,2,16,1,21,2,8,6,1,7,9,1,10,2,14,,108,,1,21,121.6110572,25.06485515
113,6,8,14,41,2,02萬華區,萬華區堤外便道南往北（桂林-市民）,0,0,2,1,C03,7,7,7,40,14,11,1,5,4,5,13,3,1,2,3,5,2,13,2,46,2,8,5,1,7,9,1,10,9,11,,16,,1,21,121.5029649,25.04625806
113,6,8,14,41,2,02萬華區,萬華區堤外便道南往北（桂林-市民）,0,0,2,2,C03,7,7,7,40,14,11,1,5,4,5,13,3,1,2,3,5,2,13,2,44,2,8,3,4,7,8,1,10,11,13,,118,,1,21,121.5029649,25.04625806
113,6,8,16,1,2,03中山區,中山區北安路與明水路口,0,0,1,1,C03,7,7,5,50,4,2,1,5,4,5,13,1,1,1,5,5,2,16,1,25,3,10,5,1,7,15,3,18,1,12,,100,,1,22,121.552746,25.0858248
113,6,8,16,1,2,03中山區,中山區北安路與明水路口,0,0,1,2,C03,7,7,5,50,4,2,1,5,4,5,13,1,1,1,5,5,2,16,2,46,2,9,5,1,7,9,1,10,1,11,,44,,1,22,121.552746,25.0858248
113,6,8,16,58,2,05中正區,中正區重慶南路3段62號,0,0,1,1,C03,8,6,5,50,14,9,1,5,4,5,13,4,4,3,4,5,2,13,2,32,2,9,6,1,7,9,1,10,2,11,,108,,1,21,121.5161092,25.0264589
113,6,8,16,58,2,05中正區,中正區重慶南路3段62號,0,0,1,2,B03,8,6,5,50,14,9,1,5,4,5,13,4,4,3,4,5,2,13,2,48,3,10,7,1,7,9,1,8,2,7,,44,,1,21,121.5161092,25.0264589
113,6,8,17,0,2,01大同區,大同區鄭州路與重慶北路1段口,0,0,1,1,C03,8,5,5,40,5,2,1,5,4,5,13,2,1,1,4,5,2,17,1,28,2,9,3,4,7,9,1,10,1,11,,108,,1,21,121.5134675,25.0495365
113,6,8,17,0,2,01大同區,大同區鄭州路與重慶北路1段口,0,0,1,2,B03,8,5,5,40,5,2,1,5,4,5,13,2,1,1,4,5,2,17,1,80,3,10,3,4,7,14,1,8,1,7,,44,,1,21,121.5134675,25.0495365
113,6,8,17,17,2,03中山區,中山區中山北路3段與北安路口,0,0,2,1,B03,7,7,5,50,14,9,1,5,4,5,13,1,1,1,3,5,1,12,1,54,3,10,7,1,7,8,1,8,1,2,,100,,1,21,121.5269681,25.0764596
113,6,8,17,17,2,03中山區,中山區中山北路3段與北安路口,0,0,2,2,C03,7,7,5,50,14,9,1,5,4,5,13,1,1,1,3,5,1,12,1,28,2,7,6,1,7,7,1,10,1,14,,100,,1,21,121.5269681,25.0764596
113,6,8,17,17,2,03中山區,中山區中山北路3段與北安路口,0,0,2,3,H02,7,7,5,50,14,9,1,5,4,5,13,1,1,1,3,5,1,12,2,29,2,8,5,5,7,17,8,20,10,16,,67,,1,21,121.5269681,25.0764596