發生年度,發生月,發生日,發生時-Hours,發生分,處理別-編號,區序,肇事地點,死亡人數,2-30日死亡人數,受傷人數,當事人序號,車種,天候,道路照明設備,道路類別,速限-速度限制,道路型態,事故位置,路面狀況1,路面狀況2,路面狀況3,道路障礙1,道路障礙2,號誌1,號誌2,車道劃分-分向,車道劃分-分道1,車道劃分-分道2,車道劃分-分道3,事故類型及型態,性別,年齡,受傷程度,主要傷處,保護裝置,行動電話,車輛用途,當事者行動狀態,駕駛資格情形,駕駛執照種類,飲酒情形,車輛撞擊部位1,車輛撞擊部位2,肇因碼-個別,肇因碼-主要,個人肇逃否,職業,座標-X,座標-Y
113,6,8,17,25,2,12內湖區,內湖區瑞光路245號,0,0,1,1,C03,8,6,5,50,14,9,1,5,4,5,13,4,4,5,4,5,2,17,1,18,2,8,6,1,7,9,1,10,1,11,,16,,1,21,121.5779674,25.07451809
113,6,8,17,25,2,12內湖區,內湖區瑞光路245號,0,0,1,2,C03,8,6,5,50,14,9,1,5,4,5,13,4,4,5,4,5,2,17,2,45,3,10,6,1,7,9,1,10,1,13,,44,,1,21,121.5779674,25.07451809
113,6,8,17,25,2,12內湖區,內湖區瑞光路245號,0,0,1,3,B03,8,6,5,50,14,9,1,5,4,5,13,4,4,5,4,5,2,17,1,36,3,10,7,1,7,9,1,8,1,1,,44,,1,21,121.5779674,25.07451809
113,6,8,17,42,2,09北投區,北投區西安街1段357號,0,0,2,2,C03,8,5,5,50,14,7,1,5,4,5,13,4,4,1,4,4,2,16,1,29,2,9,5,1,7,9,1,10,1,11,,44,,1,21,121.5158678,25.1136592
113,6,8,17,42,2,09北投區,北投區西安街1段357號,0,0,2,1,F01,8,5,5,50,14,7,1,5,4,5,13,4,4,1,4,4,2,16,2,15,2,9,4,1,7,5,8,20,1,14,,8,,1,15,121.5158678,25.1136592
113,6,8,17,47,2,04大安區,大安區仁愛路4段151巷與仁愛路4段345巷4弄口,0,0,1,1,C03,8,7,5,30,4,1,1,5,4,5,13,4,4,10,5,5,2,15,1,32,2,8,3,4,7,9,1,10,1,11,,72,,1,21,121.5517909,25.038992
113,6,8,17,47,2,04大安區,大安區仁愛路4段151巷與仁愛路4段345巷4弄口,0,0,1,2,B03,8,7,5,30,4,1,1,5,4,5,13,4,4,10,5,5,2,15,1,40,3,10,3,4,7,9,1,8,1,8,,108,,1,21,121.5517909,25.038992
113,6,8,18,2,2,02萬華區,萬華區西園路1段與艋舺大道口,0,0,1,1,B03,8,5,5,50,4,1,1,5,4,5,13,1,1,1,4,5,2,16,1,53,3,10,7,4,7,6,1,8,1,2,,9,,1,21,121.4979061,25.033223
113,6,8,18,2,2,02萬華區,萬華區西園路1段與艋舺大道口,0,0,1,2,C03,8,5,5,50,4,1,1,5,4,5,13,1,1,1,4,5,2,16,2,38,2,9,5,4,7,9,1,10,1,11,,44,,1,21,121.4979061,25.033223
113,6,8,18,36,2,10文山區,文山區興隆路1段與興隆路2段口口,0,0,1,1,B03,8,5,5,50,4,1,1,5,4,5,13,2,1,5,4,5,2,16,1,72,3,10,7,1,7,5,1,8,2,8,,71,,1,21,121.5443148,24.9987012
113,6,8,18,36,2,10文山區,文山區興隆路1段與興隆路2段口口,0,0,1,2,C03,8,5,5,50,4,1,1,5,4,5,13,2,1,5,4,5,2,16,1,35,2,9,6,1,7,9,1,10,2,14,,86,,1,21,121.5443148,24.9987012
113,6,8,18,40,2,01大同區,大同區民族西路與大龍街口,0,0,1,1,B03,7,5,5,50,4,2,1,5,4,5,13,2,1,5,4,5,2,17,1,68,3,10,3,4,7,5,1,8,1,5,,44,,1,21,121.515918,25.0686545
113,6,8,18,40,2,01大同區,大同區民族西路與大龍街口,0,0,1,2,C03,7,5,5,50,4,2,1,5,4,5,13,2,1,5,4,5,2,17,1,51,2,9,3,4,7,9,1,10,1,11,,44,,1,21,121.515918,25.0686545
113,6,8,18,40,2,01大同區,大同區民族西路與大龍街口,0,0,1,3,A04,7,5,5,50,4,2,1,5,4,5,13,2,1,5,4,5,2,17,1,35,3,10,3,4,7,15,1,2,11,17,,44,,1,21,121.515918,25.0686545
113,6,8,18,55,2,10文山區,文山區景隆街與景隆街19巷口,0,0,2,1,C03,8,5,5,30,5,1,1,5,4,5,13,4,4,10,5,5,2,16,1,52,2,9,6,1,7,6,1,10,1,11,,75,,1,21,121.5408014,24.9999895
113,6,8,18,55,2,10文山區,文山區景隆街與景隆街19巷口,0,0,2,2,C03,8,5,5,30,5,1,1,5,4,5,13,4,4,10,5,5,2,16,1,59,2,9,6,1,7,9,1,10,1,14,,14,,1,21,121.5408014,24.9999895
113,6,8,19,10,2,12內湖區,內湖區內湖路2段179巷222號,0,0,1,1,C03,8,5,5,50,3,1,1,5,4,5,13,2,1,5,4,5,2,17,1,63,3,10,5,1,7,5,1,10,1,14,,8,,1,21,121.5851334,25.08431109
113,6,8,19,10,2,12內湖區,內湖區內湖路2段179巷222號,0,0,1,2,C03,8,5,5,50,3,1,1,5,4,5,13,2,1,5,4,5,2,17,2,60,2,7,5,1,7,9,1,10,1,11,,44,,1,21,121.5851334,25.08431109
113,6,8,19,20,2,02萬華區,萬華區民和街與德昌街154巷口,0,0,2,1,C03,7,5,5,30,4,1,1,5,4,5,13,4,4,10,5,5,2,15,1,42,2,5,6,1,7,9,1,10,1,13,,72,,1,21,121.495777,25.0245722
113,6,8,19,20,2,02萬華區,萬華區民和街與德昌街154巷口,0,0,2,2,C03,7,5,5,30,4,1,1,5,4,5,13,4,4,10,5,5,2,15,1,49,2,9,6,1,7,9,1,10,1,11,,14,,1,21,121.495777,25.0245722
113,6,8,19,46,2,04大安區,大安區仁愛路4段與延吉街口,0,0,1,1,H01,7,5,5,50,4,1,1,5,4,5,13,2,1,1,1,5,1,3,1,10,2,9,4,5,8,18,8,20,10,16,,121,,1,14,121.5553095,25.0376872
113,6,8,19,46,2,04大安區,大安區仁愛路4段與延吉街口,0,0,1,2,B01,7,5,5,50,4,1,1,5,4,5,13,2,1,1,1,5,1,3,1,64,3,10,3,4,7,9,1,4,2,1,,108,,1,21,121.5553095,25.0376872
113,6,8,20,40,2,04大安區,大安區敦化南路2段與敦化南路2段口319號旁無名巷,0,0,2,1,F01,7,5,5,30,3,1,1,5,4,5,13,3,1,8,3,5,1,17,1,15,3,10,4,1,7,9,8,20,1,17,,84,,1,21,121.5489539,25.0227942
113,6,8,20,40,2,04大安區,大安區敦化南路2段與敦化南路2段口319號旁無名巷,0,0,2,2,C03,7,5,5,30,3,1,1,5,4,5,13,3,1,8,3,5,1,17,2,54,2,9,5,1,7,9,1,10,1,17,,44,,1,21,121.5489539,25.0227942
113,6,8,20,40,2,04大安區,大安區敦化南路2段與敦化南路2段口319號旁無名巷,0,0,2,3,H02,7,5,5,30,3,1,1,5,4,5,13,3,1,8,3,5,1,17,1,55,2,8,5,5,7,20,8,20,10,16,,67,,1,21,121.5489539,25.0227942
113,6,8,21,45,2,01大同區,大同區民生西路267號,0,0,1,1,B01,7,5,5,50,14,9,1,5,4,5,13,4,4,5,4,5,2,16,1,62,3,10,7,1,7,8,1,4,1,5,,100,,1,21,121.5140611,25.05702554
113,6,8,21,45,2,01大同區,大同區民生西路267號,0,0,1,2,C03,7,5,5,50,14,9,1,5,4,5,13,4,4,5,4,5,2,16,2,69,2,9,5,1,7,9,1,10,1,14,,44,,1,21,121.5140611,25.05702554
113,6,8,21,47,2,05中正區,中正區仁愛路1段與林森南路口,0,0,1,1,B03,8,5,5,50,4,1,1,5,4,5,13,1,1,5,4,5,2,16,2,63,3,10,7,1,7,6,1,8,2,5,,44,,1,21,121.5215545,25.0389076
113,6,8,21,47,2,05中正區,中正區仁愛路1段與林森南路口,0,0,1,2,C03,8,5,5,50,4,1,1,5,4,5,13,1,1,5,4,5,2,16,1,30,2,9,6,1,7,9,1,10,2,14,,44,,1,21,121.5215545,25.0389076
113,6,8,23,33,2,03中山區,中山區民族西路與玉門街口,0,0,3,1,C03,7,5,5,50,3,2,1,5,4,5,13,2,1,5,4,5,2,13,1,38,2,9,3,4,7,12,1,10,1,13,,44,,1,21,121.5203453,25.0685704
113,6,8,23,33,2,03中山區,中山區民族西路與玉門街口,0,0,3,2,C03,7,5,5,50,3,2,1,5,4,5,13,2,1,5,4,5,2,13,1,18,2,9,3,4,7,9,1,10,1,11,,108,,1,21,121.5203453,25.0685704
113,6,8,23,33,2,03中山區,中山區民族西路與玉門街口,0,0,3,3,C03,7,5,5,50,3,2,1,5,4,5,13,2,1,5,4,5,2,13,1,26,2,9,3,4,7,9,1,10,1,11,,108,,1,21,121.5203453,25.0685704
113,6,9,0,6,2,08士林區,士林區中山北路6段315巷22弄與天母西路62巷口,0,0,1,1,B03,7,5,5,30,4,1,1,5,4,5,13,4,4,5,5,5,1,15,1,50,3,10,7,1,7,9,1,8,2,1,,72,,1,22,121.5256813,25.1137713
113,6,9,0,6,2,08士林區,士林區中山北路6段315巷22弄與天母西路62巷口,0,0,1,2,C03,7,5,5,30,4,1,1,5,4,5,13,4,4,5,5,5,1,15,1,20,2,9,6,1,7,9,1,10,2,12,,107,,1,22,121.5256813,25.1137713
113,6,9,0,15,2,09北投區,北投區中央北路4段288號南往北方向,0,0,1,1,B03,8,5,5,50,14,9,1,5,4,5,13,4,4,5,4,5,1,11,1,53,3,10,7,1,7,11,1,8,2,1,,99,,1,21,121.4733175,25.1313167
113,6,9,0,15,2,09北投區,北投區中央北路4段288號南往北方向,0,0,1,2,C03,8,5,5,50,14,9,1,5,4,5,13,4,4,5,4,5,1,11,1,22,2,9,6,1,7,9,1,10,2,11,,13,,1,21,121.4733175,25.1313167
113,6,9,0,15,2,09北投區,北投區中央北路4段288號南往北方向,0,0,1,3,B03,8,5,5,50,14,9,1,5,4,5,13,4,4,5,4,5,1,11,3,0,,,,,,,,,,,,67,,1,,121.4733175,25.1313167
113,6,9,2,13,2,04大安區,大安區信義路4段233號,0,0,1,1,C03,6,5,5,50,14,9,1,4,3,5,13,4,4,1,4,5,2,29,1,32,2,9,3,4,7,9,1,10,1,17,,108,,1,22,121.553238,25.0333835
113,6,9,2,13,2,04大安區,大安區信義路4段233號,0,0,1,2,,6,5,5,50,14,9,1,4,3,5,13,4,4,1,4,5,2,29,3,0,,,,,,,,,,,,,,1,,121.553238,25.0333835
113,6,9,5,56,2,11南港區,南港區忠孝東路6段與忠孝東路6段269巷口,0,0,2,1,C03,7,7,5,50,4,1,1,5,4,5,13,4,4,10,5,5,2,15,1,31,2,9,3,4,7,9,1,10,1,11,,72,,1,21,121.5896627,25.0497032
113,6,9,5,56,2,11南港區,南港區忠孝東路6段與忠孝東路6段269巷口,0,0,2,2,C04,7,7,5,50,4,1,1,5,4,5,13,4,4,10,5,5,2,15,1,48,2,9,3,4,7,9,1,10,1,12,,44,,1,21,121.5896627,25.0497032
113,6,9,6,6,2,03中山區,中山區中山北路1段111號,0,0,2,1,A03,8,6,5,50,14,9,1,5,4,5,13,4,4,1,4,5,2,12,1,46,3,10,7,1,7,7,1,2,1,17,,100,,1,21,121.5223543,25.0512068
113,6,9,6,6,2,03中山區,中山區中山北路1段111號,0,0,2,2,C03,8,6,5,50,14,9,1,5,4,5,13,4,4,1,4,5,2,12,1,18,2,9,6,1,7,9,1,10,1,11,,108,,1,21,121.5223543,25.0512068
113,6,9,6,6,2,03中山區,中山區中山北路1段111號,0,0,2,3,H02,8,6,5,50,14,9,1,5,4,5,13,4,4,1,4,5,2,12,1,21,2,9,6,5,7,20,8,20,10,16,,67,,1,21,121.5223543,25.0512068
113,6,9,8,23,2,10文山區,文山區木柵路4段與木柵路4段159巷口,0,0,1,1,C03,8,6,5,50,3,2,1,5,4,5,13,2,1,5,4,5,2,18,1,74,2,9,5,1,7,9,1,10,1,17,,44,,1,21,121.5580902,24.99992371
113,6,9,8,23,2,10文山區,文山區木柵路4段與木柵路4段159巷口,0,0,1,2,,8,6,5,50,3,2,1,5,4,5,13,2,1,5,4,5,2,18,3,,,,,,,,,,,,,67,,1,,121.5580902,24.99992371
113,6,9,8,44,2,01大同區,大同區酒泉街與酒泉街103巷口,0,0,1,1,C03,8,5,5,30,3,2,1,5,4,5,13,4,4,5,4,4,2,17,1,72,2,7,3,4,7,5,1,10,2,12,,42,,1,21,121.5149348,25.0720174
113,6,9,8,44,2,01大同區,大同區酒泉街與酒泉街103巷口,0,0,1,2,B03,8,5,5,30,3,2,1,5,4,5,13,4,4,5,4,4,2,17,1,30,3,10,3,4,7,9,1,8,2,8,,44,,1,21,121.5149348,25.0720174
113,6,9,8,45,2,12內湖區,內湖區內湖路2段達人高中公車站牌(東向西),0,0,1,1,C03,8,6,5,50,14,9,1,5,4,5,13,4,4,5,5,5,2,12,2,24,2,9,5,1,7,7,1,10,1,14,,100,,1,21,121.5873367,25.081322
113,6,9,8,45,2,12內湖區,內湖區內湖路2段達人高中公車站牌(東向西),0,0,1,2,B02,8,6,5,50,14,9,1,5,4,5,13,4,4,5,5,5,2,12,2,27,3,10,7,1,7,9,1,8,1,2,,44,,1,21,121.5873367,25.081322
113,6,9,8,50,2,08士林區,士林區德行西路與文林路口,0,0,2,1,C03,8,5,5,30,4,1,1,5,4,5,13,2,1,1,4,4,2,16,1,25,2,8,6,1,7,1,1,10,1,14,,19,,1,21,121.5194871,25.1032184
113,6,9,8,50,2,08士林區,士林區德行西路與文林路口,0,0,2,2,C03,8,5,5,30,4,1,1,5,4,5,13,2,1,1,4,4,2,16,1,23,2,9,6,1,7,9,1,10,1,11,,13,,1,21,121.5194871,25.1032184
113,6,9,8,50,2,07信義區,信義區永吉路與永吉路278巷口,0,0,1,1,B03,7,5,5,50,4,2,1,5,4,5,13,1,1,5,4,4,1,9,1,74,3,10,7,1,7,6,1,8,2,5,,108,,1,21,121.5741603,25.0453708
113,6,9,8,50,2,07信義區,信義區永吉路與永吉路278巷口,0,0,1,2,H01,7,5,5,50,4,2,1,5,4,5,13,1,1,5,4,4,1,9,2,65,2,9,4,5,8,16,8,20,10,16,,67,,1,21,121.5741603,25.0453708
113,6,9,9,9,2,05中正區,中正區汀州路3段與思源街口,0,0,1,1,F01,8,6,5,50,5,1,1,5,4,5,13,2,1,2,4,5,1,3,2,25,3,10,4,1,7,9,8,20,1,17,,4,,1,21,121.5300756,25.01621001
113,6,9,9,9,2,05中正區,中正區汀州路3段與思源街口,0,0,1,2,H01,8,6,5,50,5,1,1,5,4,5,13,2,1,2,4,5,1,3,1,88,2,1,4,5,8,16,8,20,10,16,,121,,1,21,121.5300756,25.01621001
113,6,9,9,24,2,04大安區,大安區和平東路2段107巷與瑞安街135巷口,0,0,2,1,C03,8,7,5,30,4,1,1,5,4,5,10,4,4,10,5,5,2,15,1,28,2,9,3,4,7,9,1,10,1,12,,14,,1,21,121.5405099,25.0267317
113,6,9,9,24,2,04大安區,大安區和平東路2段107巷與瑞安街135巷口,0,0,2,2,C03,8,7,5,30,4,1,1,5,4,5,10,4,4,10,5,5,2,15,1,26,2,9,3,4,7,9,1,10,1,11,,80,,1,21,121.5405099,25.0267317
113,6,9,9,24,2,04大安區,大安區和平東路2段107巷與瑞安街135巷口,0,0,2,3,B03,8,7,5,30,4,1,1,5,4,5,10,4,4,10,5,5,2,15,1,43,3,10,3,4,7,13,1,8,9,17,,38,,2,21,121.5405099,25.0267317
113,6,9,9,40,2,03中山區,中山區明水路與北安路458巷口,0,0,1,1,B03,7,7,8,50,3,1,1,5,4,5,13,1,1,1,5,5,2,16,2,41,3,10,7,1,7,11,1,8,1,8,,98,,1,22,121.5441888,25.0774311
113,6,9,9,40,2,03中山區,中山區明水路與北安路458巷口,0,0,1,2,C03,7,7,8,50,3,1,1,5,4,5,13,1,1,1,5,5,2,16,2,30,2,9,5,1,7,9,1,10,1,12,,108,,1,22,121.5441888,25.0774311
113,6,9,10,34,2,05中正區,中正區中華路1段與寶慶路口,0,0,1,1,B03,7,6,5,50,5,1,1,5,4,5,13,1,1,1,4,5,2,16,1,23,3,10,7,1,7,6,1,8,2,5,,71,,1,22,121.5085408,25.0420248
113,6,9,10,34,2,05中正區,中正區中華路1段與寶慶路口,0,0,1,2,F01,7,6,5,50,5,1,1,5,4,5,13,1,1,1,4,5,2,16,2,77,2,9,4,1,7,9,8,20,2,11,,44,,1,22,121.5085408,25.0420248
113,6,9,10,59,2,04大安區,大安區光復南路420巷與光復南路420巷1弄口,0,0,1,1,B01,6,7,5,30,4,2,1,4,4,5,13,4,4,10,5,5,1,15,1,62,3,10,7,1,7,9,1,4,1,8,,14,,1,26,121.556904,25.0364702
113,6,9,10,59,2,04大安區,大安區光復南路420巷與光復南路420巷1弄口,0,0,1,2,C03,6,7,5,30,4,2,1,4,4,5,13,4,4,10,5,5,1,15,1,33,2,8,5,1,7,9,1,10,1,12,,75,,1,26,121.556904,25.0364702
113,6,9,11,12,2,07信義區,信義區永吉路與基隆路1段口,0,0,1,1,B01,7,6,5,50,5,1,1,5,4,5,13,2,1,1,4,5,2,16,1,48,3,10,3,4,7,6,1,4,2,2,,9,,1,21,121.5674178,25.0458363
113,6,9,11,12,2,07信義區,信義區永吉路與基隆路1段口,0,0,1,2,C03,7,6,5,50,5,1,1,5,4,5,13,2,1,1,4,5,2,16,1,34,2,9,3,4,7,9,1,10,2,11,,108,,1,21,121.5674178,25.0458363
113,6,9,11,16,2,07信義區,信義區松仁路36號,0,0,1,1,B03,7,6,5,50,14,9,1,5,4,5,13,4,4,9,3,5,2,16,1,36,3,10,3,4,7,10,1,8,1,2,,100,,1,22,121.5683205,25.038574
113,6,9,11,16,2,07信義區,信義區松仁路36號,0,0,1,2,A03,7,6,5,50,14,9,1,5,4,5,13,4,4,9,3,5,2,16,1,49,3,10,3,4,7,9,1,6,1,8,,44,,1,21,121.5683205,25.038574
113,6,9,11,16,2,07信義區,信義區松仁路36號,0,0,1,3,H02,7,6,5,50,14,9,1,5,4,5,13,4,4,9,3,5,2,16,1,26,2,1,3,5,7,21,8,20,10,16,,67,,1,21,121.5683205,25.038574
113,6,9,11,34,2,03中山區,中山區樂群一路與敬業三路口,0,0,1,1,B03,6,6,5,50,3,1,1,4,4,5,13,1,1,1,2,1,2,16,1,52,3,10,3,4,7,5,1,8,1,5,,8,,1,22,121.5563572,25.07719369
113,6,9,11,34,2,03中山區,中山區樂群一路與敬業三路口,0,0,1,2,C01,6,6,5,50,3,1,1,4,4,5,13,1,1,1,2,1,2,16,1,28,2,8,6,1,7,9,1,9,1,11,,44,,1,22,121.5563572,25.07719369
113,6,9,11,39,2,05中正區,中正區新生南路1段與濟南路3段口口,0,0,1,1,B03,6,5,5,50,4,1,1,4,4,5,13,2,1,9,4,4,1,15,1,44,3,10,7,1,7,9,1,8,1,2,,42,,1,21,121.5326808,25.0402102
113,6,9,11,39,2,05中正區,中正區新生南路1段與濟南路3段口口,0,0,1,2,C03,6,5,5,50,4,1,1,4,4,5,13,2,1,9,4,4,1,15,1,62,2,7,5,1,7,9,1,10,1,11,,44,,1,21,121.5326808,25.0402102
113,6,9,11,46,2,08士林區,士林區菁山路101巷153燈桿,0,0,1,1,F01,7,6,5,40,11,9,1,4,4,5,13,4,4,5,4,5,1,11,2,40,2,9,3,4,7,9,8,20,1,12,,17,,1,21,121.5632174,25.15411885
113,6,9,11,46,2,08士林區,士林區菁山路101巷153燈桿,0,0,1,2,B03,7,6,5,40,11,9,1,4,4,5,13,4,4,5,4,5,1,11,1,65,3,10,3,4,7,9,1,8,1,4,,44,,1,21,121.5632174,25.15411885
113,6,9,11,47,2,05中正區,中正區林森南路與徐州路口,0,0,1,1,B03,6,6,5,50,4,1,1,4,4,5,13,1,1,10,4,5,2,17,1,42,3,10,7,4,7,5,1,8,2,7,,8,,1,22,121.5222758,25.04107245
113,6,9,11,47,2,05中正區,中正區林森南路與徐州路口,0,0,1,2,C03,6,6,5,50,4,1,1,4,4,5,13,1,1,10,4,5,2,17,1,27,2,9,6,4,7,9,1,10,2,14,11,99,,1,22,121.5222758,25.04107245
113,6,9,11,53,2,01大同區,大同區安西街與迪化街1段307巷口,0,0,3,1,C03,7,6,5,30,4,1,5,4,4,5,13,4,4,10,5,5,2,15,1,40,2,9,6,1,7,9,1,10,1,11,,72,,1,21,121.5097451,25.0620792
113,6,9,11,53,2,01大同區,大同區安西街與迪化街1段307巷口,0,0,3,2,C03,7,6,5,30,4,1,5,4,4,5,13,4,4,10,5,5,2,15,1,20,2,9,6,1,7,9,1,10,1,14,,108,,1,21,121.5097451,25.0620792
113,6,9,11,53,2,01大同區,大同區安西街與迪化街1段307巷口,0,0,3,3,H02,7,6,5,30,4,1,5,4,4,5,13,4,4,10,5,5,2,15,2,54,2,9,6,5,7,17,8,20,10,16,,67,,1,21,121.5097451,25.0620792
113,6,9,12,16,2,12內湖區,內湖區潭美街與無名巷口,0,0,2,1,C03,6,5,5,50,3,1,1,4,4,5,13,4,4,5,5,5,2,16,2,39,2,9,6,1,7,5,1,10,1,11,,80,,1,21,121.5761608,25.05292731
113,6,9,12,16,2,12內湖區,內湖區潭美街與無名巷口,0,0,2,2,C03,6,5,5,50,3,1,1,4,4,5,13,4,4,5,5,5,2,16,2,44,2,9,6,1,7,9,1,10,1,12,,14,,1,21,121.5761608,25.05292731
113,6,9,13,1,2,05中正區,中正區泉州街與泉州街34巷口,0,0,1,1,B02,8,6,5,30,4,1,1,5,4,5,13,4,4,5,4,4,2,15,1,43,3,10,7,1,7,9,1,8,2,6,,72,,1,21,121.5126173,25.0246448
113,6,9,13,1,2,05中正區,中正區泉州街與泉州街34巷口,0,0,1,2,C03,8,6,5,30,4,1,1,5,4,5,13,4,4,5,4,4,2,15,2,46,2,9,5,1,7,9,1,10,2,11,,44,,1,21,121.5126173,25.0246448
113,6,9,13,1,2,05中正區,中正區泉州街與泉州街34巷口,0,0,1,3,H02,8,6,5,30,4,1,1,5,4,5,13,4,4,5,4,4,2,15,2,16,4,11,5,5,7,20,8,20,10,16,,67,,1,21,121.5126173,25.0246448
113,6,9,13,40,2,01大同區,大同區重慶北路1段80號,0,0,1,1,B03,8,6,5,50,14,9,1,5,4,5,13,4,4,9,4,5,2,11,1,36,3,10,7,4,7,13,1,8,1,4,,40,,1,22,121.5139578,25.0524726
113,6,9,13,40,2,01大同區,大同區重慶北路1段80號,0,0,1,2,F01,8,6,5,50,14,9,1,5,4,5,13,4,4,9,4,5,2,11,2,44,2,9,4,4,7,9,8,20,10,12,,44,,1,21,121.5139578,25.0524726
113,6,9,14,17,2,07信義區,信義區基隆路2段149-35號,0,0,1,1,B01,8,6,8,50,22,22,1,5,4,5,13,4,4,1,4,5,2,13,1,47,3,10,7,1,7,9,1,4,1,1,,108,,1,21,121.5550593,25.0265218
113,6,9,14,17,2,07信義區,信義區基隆路2段149-35號,0,0,1,2,B03,8,6,8,50,22,22,1,5,4,5,13,4,4,1,4,5,2,13,1,52,2,2,7,1,7,14,1,8,1,3,,44,,1,22,121.5550593,25.0265218
113,6,9,14,20,2,02萬華區,萬華區西藏路與萬板大橋口下迴轉道,0,0,2,1,C03,8,6,5,50,3,1,1,5,4,5,13,4,4,10,5,5,2,16,2,66,2,9,5,1,7,11,1,11,2,14,,10,,1,26,121.4905349,25.03023988
113,6,9,14,20,2,02萬華區,萬華區西藏路與萬板大橋口下迴轉道,0,0,2,2,C03,8,6,5,50,3,1,1,5,4,5,13,4,4,10,5,5,2,16,1,46,2,9,6,1,7,10,1,10,2,11,,100,,1,26,121.4905349,25.03023988
113,6,9,14,35,2,03中山區,中山區民權東路3段與建國北路2段口,0,0,1,1,C03,7,7,5,50,4,1,1,5,4,5,13,1,1,1,4,5,2,16,1,20,2,9,5,1,7,9,3,18,1,14,,99,,1,22,121.5373132,25.0623088
113,6,9,14,35,2,03中山區,中山區民權東路3段與建國北路2段口,0,0,1,2,B03,7,7,5,50,4,1,1,5,4,5,13,1,1,1,4,5,2,16,1,45,3,10,7,1,7,6,1,8,1,2,,44,,1,22,121.5373132,25.0623088
113,6,9,14,35,2,11南港區,南港區舊莊街2段206號附近,0,0,3,1,C03,7,6,5,30,12,9,1,4,4,5,9,4,4,10,5,5,1,10,1,16,2,9,5,4,7,9,2,18,2,11,,5,,1,16,121.6337228,25.0347467
113,6,9,14,35,2,11南港區,南港區舊莊街2段206號附近,0,0,3,2,C03,7,6,5,30,12,9,1,4,4,5,9,4,4,10,5,5,1,10,1,61,2,9,5,4,7,9,1,10,2,11,,5,,1,21,121.6337228,25.0347467
113,6,9,14,35,2,11南港區,南港區舊莊街2段206號附近,0,0,3,3,H02,7,6,5,30,12,9,1,4,4,5,9,4,4,10,5,5,1,10,1,16,2,9,5,5,7,20,8,20,10,16,,67,,1,16,121.6337228,25.0347467
113,6,9,14,40,2,02萬華區,萬華區桂林路242巷與桂林路口,0,0,1,1,C03,8,6,5,50,5,1,1,4,4,5,13,1,1,8,3,5,1,17,2,70,2,8,5,1,7,5,1,8,1,12,,44,,1,21,121.4959177,25.0388737
113,6,9,14,40,2,02萬華區,萬華區桂林路242巷與桂林路口,0,0,1,2,C03,8,6,5,50,5,1,1,4,4,5,13,1,1,8,3,5,1,17,1,32,3,10,5,1,7,9,1,10,1,11,,44,,1,21,121.4959177,25.0388737
113,6,9,14,51,2,04大安區,大安區新生南路2段與金華街口,0,0,2,1,B03,8,7,5,50,4,1,1,5,4,5,13,1,1,8,3,5,2,17,1,73,3,10,3,4,7,5,1,8,1,2,,8,,1,21,121.5335242,25.0305955
113,6,9,14,51,2,04大安區,大安區新生南路2段與金華街口,0,0,2,2,C03,8,7,5,50,4,1,1,5,4,5,13,1,1,8,3,5,2,17,1,34,2,9,3,4,7,9,1,10,1,11,,44,,1,21,121.5335242,25.0305955
113,6,9,14,51,2,04大安區,大安區新生南路2段與金華街口,0,0,2,3,H02,8,7,5,50,4,1,1,5,4,5,13,1,1,8,3,5,2,17,2,35,2,9,3,5,7,20,8,20,10,16,,67,,1,22,121.5335242,25.0305955
113,6,9,15,30,2,06松山區,松山區市民大道5段與東寧路口口,0,0,1,1,C02,7,7,5,40,14,7,1,5,4,5,13,2,1,1,4,5,2,13,1,54,2,9,6,1,7,9,1,9,2,11,,16,,1,21,121.5625946,25.0471611
113,6,9,15,30,2,06松山區,松山區市民大道5段與東寧路口口,0,0,1,2,B03,7,7,5,40,14,7,1,5,4,5,13,2,1,1,4,5,2,13,1,30,3,10,7,1,7,14,1,8,2,3,,44,,1,21,121.5625946,25.0471611
113,6,9,15,37,2,02萬華區,萬華區昆明街與長沙街2段口,0,0,2,1,C03,7,6,8,50,4,1,1,5,4,5,13,1,1,10,4,5,1,17,1,57,2,8,5,1,7,5,3,18,1,14,,8,,1,21,121.5043034,25.0403718
113,6,9,15,37,2,02萬華區,萬華區昆明街與長沙街2段口,0,0,2,2,C03,7,6,8,50,4,1,1,5,4,5,13,1,1,10,4,5,1,17,1,54,2,9,5,1,7,9,1,10,1,12,,44,,1,22,121.5043034,25.0403718
113,6,9,16,10,2,08士林區,士林區延平北路5段285巷與延平北路5段257巷4弄口,0,0,1,1,C04,8,6,5,30,3,1,1,5,4,5,13,4,4,10,5,5,1,16,1,20,3,10,5,1,7,5,1,10,1,11,,72,,1,21,121.5091898,25.0812387
113,6,9,16,10,2,08士林區,士林區延平北路5段285巷與延平北路5段257巷4弄口,0,0,1,2,C03,8,6,5,30,3,1,1,5,4,5,13,4,4,10,5,5,1,16,2,30,2,9,5,1,7,9,1,10,1,11,,44,,1,21,121.5091898,25.0812387
113,6,9,16,19,2,06松山區,松山區民生東路3段130巷與民生東路3段130巷5弄口口,0,0,1,1,C03,6,6,5,30,4,1,1,4,4,5,13,4,4,10,5,5,2,17,1,29,3,10,5,1,7,9,1,10,1,11,,72,,1,21,121.5462198,25.0569951
113,6,9,16,19,2,06松山區,松山區民生東路3段130巷與民生東路3段130巷5弄口口,0,0,1,2,C03,6,6,5,30,4,1,1,4,4,5,13,4,4,10,5,5,2,17,2,50,2,8,5,1,7,9,1,10,1,12,,14,,1,21,121.5462198,25.0569951