發生年度,發生月,發生日,發生時-Hours,發生分,處理別-編號,區序,肇事地點,死亡人數,2-30日死亡人數,受傷人數,當事人序號,車種,天候,道路照明設備,道路類別,速限-速度限制,道路型態,事故位置,路面狀況1,路面狀況2,路面狀況3,道路障礙1,道路障礙2,號誌1,號誌2,車道劃分-分向,車道劃分-分道1,車道劃分-分道2,車道劃分-分道3,事故類型及型態,性別,年齡,受傷程度,主要傷處,保護裝置,行動電話,車輛用途,當事者行動狀態,駕駛資格情形,駕駛執照種類,飲酒情形,車輛撞擊部位1,車輛撞擊部位2,肇因碼-個別,肇因碼-主要,個人肇逃否,職業,座標-X,座標-Y
113,6,9,16,20,2,07信義區,信義區松信路與永吉路200巷56弄口,0,0,1,1,B01,6,5,5,50,4,2,1,4,4,5,13,2,1,5,4,5,2,17,2,44,3,10,7,1,7,5,1,4,1,8,,8,,1,22,121.5720511,25.0435404
113,6,9,16,20,2,07信義區,信義區松信路與永吉路200巷56弄口,0,0,1,2,F01,6,5,5,50,4,2,1,4,4,5,13,2,1,5,4,5,2,17,2,72,2,8,4,1,7,9,8,20,1,13,,42,,1,22,121.5720511,25.0435404
113,6,9,17,0,2,03中山區,中山區大佳河濱公園往西近大直橋,0,0,1,1,C03,8,6,5,50,14,9,1,5,4,5,13,4,4,10,5,5,2,9,4,59,,,,,,,,,11,,,42,,2,,121.5449656,25.07355187
113,6,9,17,0,2,03中山區,中山區大佳河濱公園往西近大直橋,0,0,1,2,H03,8,6,5,50,14,9,1,5,4,5,13,4,4,10,5,5,2,9,1,62,2,8,4,5,8,17,8,20,10,16,,67,,1,22,121.5449656,25.07355187
113,6,9,17,15,2,04大安區,大安區安和路2段與安和路2段209巷口,0,0,1,2,F01,7,7,5,30,3,1,1,4,4,5,13,2,1,1,4,5,2,15,2,61,2,8,2,4,7,9,8,20,1,12,,44,,1,21,121.5500441,25.0262371
113,6,9,17,15,2,04大安區,大安區安和路2段與安和路2段209巷口,0,0,1,1,B03,7,7,5,30,3,1,1,4,4,5,13,2,1,1,4,5,2,15,1,23,3,10,3,4,7,9,1,8,1,1,,108,,1,21,121.5500441,25.0262371
113,6,9,17,20,2,05中正區,中正區和平西路1段95號,0,0,1,1,F01,7,7,5,50,14,9,1,4,4,5,13,4,4,1,4,5,2,12,2,73,3,10,4,1,7,9,8,20,1,17,,101,,1,22,121.5178104,25.0268629
113,6,9,17,20,2,05中正區,中正區和平西路1段95號,0,0,1,2,C03,7,7,5,50,14,9,1,4,4,5,13,4,4,1,4,5,2,12,1,33,2,9,5,1,7,9,1,10,1,12,,108,,1,22,121.5178104,25.0268629
113,6,9,17,20,2,05中正區,中正區和平西路1段95號,0,0,1,3,B01,7,7,5,50,14,9,1,4,4,5,13,4,4,1,4,5,2,12,1,39,3,10,7,1,7,12,1,4,1,7,,44,,1,22,121.5178104,25.0268629
113,6,9,17,50,2,01大同區,大同區萬全街3巷1-20號,0,0,2,1,F01,8,7,5,30,14,9,1,5,4,5,13,4,4,9,4,5,2,17,2,55,2,9,4,1,7,7,8,20,1,14,,100,,1,21,121.5200269,25.0591454
113,6,9,17,50,2,01大同區,大同區萬全街3巷1-20號,0,0,2,2,C03,8,7,5,30,14,9,1,5,4,5,13,4,4,9,4,5,2,17,2,25,2,9,5,1,7,9,1,10,1,12,,108,,1,21,121.5200269,25.0591454
113,6,9,20,11,2,03中山區,中山區民生東路2段117號,0,0,1,1,B03,8,5,5,50,14,9,1,5,4,5,13,2,1,5,4,5,2,13,1,58,3,10,7,1,7,9,1,8,1,1,,16,,1,22,121.5317055,25.0579992
113,6,9,20,11,2,03中山區,中山區民生東路2段117號,0,0,1,2,C03,8,5,5,50,14,9,1,5,4,5,13,2,1,5,4,5,2,13,1,21,2,9,6,1,7,11,1,10,1,13,,44,,1,22,121.5317055,25.0579992
113,6,9,20,15,2,12內湖區,內湖區行善路383巷與行善路口,0,0,2,1,B03,8,5,5,50,3,1,1,5,4,5,13,4,4,1,5,4,2,16,2,23,3,10,7,1,7,6,1,8,2,2,,9,,1,21,121.5854211,25.0638167
113,6,9,20,15,2,12內湖區,內湖區行善路383巷與行善路口,0,0,2,2,C03,8,5,5,50,3,1,1,5,4,5,13,4,4,1,5,4,2,16,1,53,2,8,6,1,7,9,1,9,2,14,,44,,1,21,121.5854211,25.0638167
113,6,9,20,15,2,12內湖區,內湖區行善路383巷與行善路口,0,0,2,3,H02,8,5,5,50,3,1,1,5,4,5,13,4,4,1,5,4,2,16,1,18,2,8,6,5,7,21,8,20,10,16,,67,,1,21,121.5854211,25.0638167
113,6,9,20,20,2,03中山區,中山區中山北路3段與中山北路3段口圓山飯店旁,0,0,2,1,C03,8,5,5,50,3,1,1,5,4,5,13,1,1,10,4,5,2,16,1,25,2,8,6,1,7,5,1,10,1,12,,17,,1,21,121.5273477,25.0758104
113,6,9,20,20,2,03中山區,中山區中山北路3段與中山北路3段口圓山飯店旁,0,0,2,2,B03,8,5,5,50,3,1,1,5,4,5,13,1,1,10,4,5,2,16,2,44,3,10,7,1,7,5,1,8,1,8,,17,,1,21,121.5273477,25.0758104
113,6,9,20,20,2,03中山區,中山區中山北路3段與中山北路3段口圓山飯店旁,0,0,2,3,H02,8,5,5,50,3,1,1,5,4,5,13,1,1,10,4,5,2,16,2,23,2,9,6,5,7,20,8,20,10,16,,67,,1,21,121.5273477,25.0758104
113,6,9,21,53,2,01大同區,大同區西寧北路82號,0,0,1,1,C03,8,6,5,50,14,9,1,5,4,5,13,4,4,5,5,5,2,17,1,34,2,9,6,1,7,12,1,10,1,14,,116,,1,21,121.5088317,25.0547166
113,6,9,21,53,2,01大同區,大同區西寧北路82號,0,0,1,2,B03,8,6,5,50,14,9,1,5,4,5,13,4,4,5,5,5,2,17,1,36,3,10,7,1,7,9,1,8,11,17,,44,,1,21,121.5088317,25.0547166
113,6,9,23,25,2,03中山區,中山區北安路與明水路口,0,0,1,1,B03,8,5,5,50,3,2,1,5,4,5,13,2,1,1,4,5,1,16,1,44,3,10,7,1,7,6,1,8,1,6,,118,,1,21,121.5390116,25.0777875
113,6,9,23,25,2,03中山區,中山區北安路與明水路口,0,0,1,2,C03,8,5,5,50,3,2,1,5,4,5,13,2,1,1,4,5,1,16,1,29,2,9,6,1,7,21,1,10,1,15,,118,,1,21,121.5390116,25.0777875
113,6,9,23,32,2,07信義區,信義區忠孝東路5段71巷與基隆路1段147巷口,0,0,2,1,C03,8,5,5,30,4,1,1,5,4,5,13,4,4,9,5,5,2,15,1,18,2,9,6,1,7,9,1,10,1,11,,72,,1,21,121.5673632,25.042355
113,6,9,23,32,2,07信義區,信義區忠孝東路5段71巷與基隆路1段147巷口,0,0,2,2,B01,8,5,5,30,4,1,1,5,4,5,13,4,4,9,5,5,2,15,1,65,3,10,7,1,7,9,1,4,1,4,,14,,1,21,121.5673632,25.042355
113,6,9,23,32,2,07信義區,信義區忠孝東路5段71巷與基隆路1段147巷口,0,0,2,3,H02,8,5,5,30,4,1,1,5,4,5,13,4,4,9,5,5,2,15,1,20,2,9,6,5,7,20,8,20,10,16,,67,,1,21,121.5673632,25.042355
113,6,9,23,46,2,02萬華區,萬華區西園路2段與艋舺大道口,0,0,2,1,C03,7,5,5,50,4,2,1,5,4,5,13,1,1,3,4,5,2,11,1,22,2,9,5,1,7,7,1,10,1,14,,100,,1,21,121.4977506,25.0328568
113,6,9,23,46,2,02萬華區,萬華區西園路2段與艋舺大道口,0,0,2,2,C03,7,5,5,50,4,2,1,5,4,5,13,1,1,3,4,5,2,11,1,21,2,9,5,1,7,9,1,10,1,12,,44,,1,21,121.4977506,25.0328568
113,6,10,0,26,2,02萬華區,萬華區貴陽街2段96巷與永福街口,0,0,2,1,C03,8,5,6,30,4,1,1,5,4,5,13,4,4,5,5,5,2,15,1,23,2,3,6,1,7,9,1,10,1,14,,72,,1,22,121.5030465,25.0387464
113,6,10,0,26,2,02萬華區,萬華區貴陽街2段96巷與永福街口,0,0,2,2,C03,8,5,6,30,4,1,1,5,4,5,13,4,4,5,5,5,2,15,1,22,2,8,6,1,7,9,1,10,1,12,,108,,1,22,121.5030465,25.0387464
113,6,10,2,23,2,03中山區,中山區林森北路409號,0,0,1,1,B01,8,5,5,50,14,9,1,5,4,5,13,4,4,5,5,5,2,12,1,66,3,10,7,1,7,9,1,4,2,5,,108,,1,21,121.5255788,25.0593903
113,6,10,2,23,2,03中山區,中山區林森北路409號,0,0,1,2,B01,8,5,5,50,14,9,1,5,4,5,13,4,4,5,5,5,2,12,1,36,2,9,7,1,7,15,1,4,2,4,,38,,1,21,121.5255788,25.0593903
113,6,10,3,3,2,09北投區,北投區陽金公路第1208450號燈桿,0,0,3,1,B03,8,5,5,40,22,9,1,5,4,5,12,4,4,4,5,5,1,10,1,20,3,10,7,1,7,15,1,8,2,1,,99,,1,21,121.5608188,25.180985
113,6,10,3,3,2,09北投區,北投區陽金公路第1208450號燈桿,0,0,3,3,C03,8,5,5,40,22,9,1,5,4,5,12,4,4,4,5,5,1,10,1,17,2,9,6,1,7,9,2,18,2,11,,44,,1,21,121.5608188,25.180985
113,6,10,3,3,2,09北投區,北投區陽金公路第1208450號燈桿,0,0,3,2,C03,8,5,5,40,22,9,1,5,4,5,12,4,4,4,5,5,1,10,1,16,2,9,6,1,7,9,2,18,2,11,,44,,1,21,121.5608188,25.180985
113,6,10,3,3,2,09北投區,北投區陽金公路第1208450號燈桿,0,0,3,4,C03,8,5,5,40,22,9,1,5,4,5,12,4,4,4,5,5,1,10,1,18,2,9,6,1,7,9,1,10,2,11,,44,,1,21,121.5608188,25.180985
113,6,10,4,59,2,07信義區,信義區永吉路225巷(223號旁),0,0,1,1,C03,7,5,5,30,14,9,1,5,4,5,13,4,4,10,4,5,1,9,1,76,4,11,3,4,7,9,1,10,11,11,,108,,1,21,121.5741996,25.0459359
113,6,10,4,59,2,07信義區,信義區永吉路225巷(223號旁),0,0,1,2,H01,7,5,5,30,14,9,1,5,4,5,13,4,4,10,4,5,1,9,2,84,2,8,4,5,8,16,8,20,10,16,,67,,1,21,121.5741996,25.0459359
113,6,10,6,41,2,02萬華區,萬華區光復橋往北市003014燈桿,0,0,1,1,C03,7,6,5,50,8,9,1,5,4,5,13,4,4,1,5,5,1,29,1,73,2,9,5,1,7,21,1,10,1,15,,108,,1,21,121.4909164,25.0244421
113,6,10,6,41,2,02萬華區,萬華區光復橋往北市003014燈桿,0,0,1,2,,7,6,5,50,8,9,1,5,4,5,13,4,4,1,5,5,1,29,3,0,,,,,,,,,,,,67,,1,,121.4909164,25.0244421
113,6,10,7,15,2,09北投區,北投區石牌路2段與天母北路口,0,0,1,1,C03,8,7,5,50,3,2,1,5,4,5,13,1,1,5,4,5,2,18,2,44,2,9,5,1,7,6,1,10,9,12,,42,,1,22,121.5261509,25.1236659
113,6,10,7,15,2,09北投區,北投區石牌路2段與天母北路口,0,0,1,2,,8,7,5,50,3,2,1,5,4,5,13,1,1,5,4,5,2,18,3,0,,,,,,,,,10,,,67,,,,121.5261509,25.1236659
113,6,10,8,45,2,12內湖區,內湖區金湖路65巷與星雲街161巷口,0,0,2,1,C03,8,7,5,30,4,1,1,5,4,5,13,4,4,10,5,5,1,15,2,60,2,9,3,4,7,9,1,10,1,11,,14,,1,22,121.5961945,25.0813803
113,6,10,8,45,2,12內湖區,內湖區金湖路65巷與星雲街161巷口,0,0,2,2,C03,8,7,5,30,4,1,1,5,4,5,13,4,4,10,5,5,1,15,1,41,2,9,3,4,7,9,1,10,1,12,,14,,1,22,121.5961945,25.0813803
113,6,10,9,2,2,01大同區,大同區保安街與保安街78巷口,0,0,1,1,C03,8,6,5,30,4,1,1,5,4,5,13,4,4,5,5,5,2,15,1,66,2,9,5,1,7,9,1,10,1,14,,86,,1,22,121.5119996,25.05904
113,6,10,9,2,2,01大同區,大同區保安街與保安街78巷口,0,0,1,2,B03,8,6,5,30,4,1,1,5,4,5,13,4,4,5,5,5,2,15,1,29,3,10,3,4,7,9,1,8,1,5,,108,,1,22,121.5119996,25.05904
113,6,10,9,9,2,08士林區,士林區延平北路6段407號,0,0,1,1,C02,8,7,8,50,14,7,1,5,4,5,13,4,4,5,4,4,2,17,1,35,2,7,6,1,7,8,1,9,1,12,,100,,1,21,121.5004283,25.09104752
113,6,10,9,9,2,08士林區,士林區延平北路6段407號,0,0,1,2,B11,8,7,8,50,14,7,1,5,4,5,13,4,4,5,4,4,2,17,1,26,3,10,7,1,7,9,1,8,1,4,,99,,1,21,121.5004283,25.09104752
113,6,10,9,20,2,02萬華區,萬華區寶興街66號,0,0,1,1,B03,8,6,5,50,14,9,1,5,4,5,13,4,4,9,4,5,1,17,2,46,3,10,3,4,7,9,1,10,2,5,,120,,1,21,121.4940495,25.0265439
113,6,10,9,20,2,02萬華區,萬華區寶興街66號,0,0,1,2,C03,8,6,5,50,14,9,1,5,4,5,13,4,4,9,4,5,1,17,1,35,3,10,3,4,7,13,7,19,1,15,,44,,1,21,121.4940495,25.0265439
113,6,10,9,20,2,02萬華區,萬華區寶興街66號,0,0,1,3,C03,8,6,5,50,14,9,1,5,4,5,13,4,4,9,4,5,1,17,1,34,3,10,3,4,7,13,7,19,1,15,,44,,1,21,121.4940495,25.0265439
113,6,10,9,20,2,02萬華區,萬華區寶興街66號,0,0,1,4,C03,8,6,5,50,14,9,1,5,4,5,13,4,4,9,4,5,1,17,1,62,3,10,3,4,7,13,7,19,1,15,,44,,1,21,121.4940495,25.0265439
113,6,10,9,20,2,02萬華區,萬華區寶興街66號,0,0,1,5,C03,8,6,5,50,14,9,1,5,4,5,13,4,4,9,4,5,1,17,1,43,3,10,3,4,7,13,7,19,1,15,,44,,1,21,121.4940495,25.0265439
113,6,10,9,20,2,02萬華區,萬華區寶興街66號,0,0,1,6,C03,8,6,5,50,14,9,1,5,4,5,13,4,4,9,4,5,1,17,1,29,3,10,3,4,7,13,7,19,1,15,,44,,1,21,121.4940495,25.0265439
113,6,10,9,20,2,02萬華區,萬華區寶興街66號,0,0,1,7,C03,8,6,5,50,14,9,1,5,4,5,13,4,4,9,4,5,1,17,1,58,3,10,3,4,7,13,7,19,1,15,,44,,1,21,121.4940495,25.0265439
113,6,10,9,20,2,02萬華區,萬華區寶興街66號,0,0,1,8,C03,8,6,5,50,14,9,1,5,4,5,13,4,4,9,4,5,1,17,1,69,2,9,3,4,7,13,7,19,1,15,,44,,1,21,121.4940495,25.0265439
113,6,10,9,20,2,02萬華區,萬華區寶興街66號,0,0,1,9,C03,8,6,5,50,14,9,1,5,4,5,13,4,4,9,4,5,1,17,1,66,3,10,3,4,7,13,7,19,1,15,,44,,1,21,121.4940495,25.0265439
113,6,10,9,20,2,02萬華區,萬華區寶興街66號,0,0,1,10,C03,8,6,5,50,14,9,1,5,4,5,13,4,4,9,4,5,1,17,2,46,3,10,3,4,7,13,7,19,1,15,,44,,1,21,121.4940495,25.0265439
113,6,10,9,20,2,02萬華區,萬華區寶興街66號,0,0,1,11,C03,8,6,5,50,14,9,1,5,4,5,13,4,4,9,4,5,1,17,1,40,3,10,3,4,7,13,7,19,1,15,,44,,1,21,121.4940495,25.0265439
113,6,10,9,20,2,02萬華區,萬華區寶興街66號,0,0,1,12,C04,8,6,5,50,14,9,1,5,4,5,13,4,4,9,4,5,1,17,1,101,3,10,3,4,7,13,7,19,1,15,,44,,1,21,121.4940495,25.0265439
113,6,10,9,20,2,02萬華區,萬華區寶興街66號,0,0,1,13,C03,8,6,5,50,14,9,1,5,4,5,13,4,4,9,4,5,1,17,2,42,3,10,3,4,7,13,7,19,1,15,,44,,1,21,121.4940495,25.0265439
113,6,10,9,20,2,02萬華區,萬華區寶興街66號,0,0,1,14,C03,8,6,5,50,14,9,1,5,4,5,13,4,4,9,4,5,1,17,1,40,3,10,3,4,7,13,7,19,1,15,,44,,1,21,121.4940495,25.0265439
113,6,10,9,20,2,02萬華區,萬華區寶興街66號,0,0,1,15,C03,8,6,5,50,14,9,1,5,4,5,13,4,4,9,4,5,1,17,2,40,3,10,3,4,7,13,7,19,1,15,,44,,1,21,121.4940495,25.0265439
113,6,10,9,20,2,02萬華區,萬華區寶興街66號,0,0,1,16,C03,8,6,5,50,14,9,1,5,4,5,13,4,4,9,4,5,1,17,1,30,3,10,3,4,7,13,7,19,1,15,,44,,1,21,121.4940495,25.0265439
113,6,10,9,41,2,05中正區,中正區中華路2段與寧波西街口,0,0,2,1,C03,8,6,5,50,4,1,1,5,4,5,13,1,1,5,4,4,2,16,2,70,2,9,5,1,7,5,1,10,2,12,,8,,1,21,121.5101019,25.0247104
113,6,10,9,41,2,05中正區,中正區中華路2段與寧波西街口,0,0,2,2,C03,8,6,5,50,4,1,1,5,4,5,13,1,1,5,4,4,2,16,1,45,3,10,5,1,7,9,1,10,2,17,,44,,1,21,121.5101019,25.0247104
113,6,10,9,41,2,05中正區,中正區中華路2段與寧波西街口,0,0,2,3,C02,8,6,5,50,4,1,1,5,4,5,13,1,1,5,4,4,2,16,1,21,2,9,5,1,7,9,1,9,2,11,,44,,1,21,121.5101019,25.0247104
113,6,10,9,41,2,05中正區,中正區中華路2段與寧波西街口,0,0,2,4,H02,8,6,5,50,4,1,1,5,4,5,13,1,1,5,4,4,2,16,2,37,4,11,5,5,7,20,8,20,10,16,,67,,1,21,121.5101019,25.0247104
113,6,10,9,41,2,05中正區,中正區中華路2段與寧波西街口,0,0,2,5,H02,8,6,5,50,4,1,1,5,4,5,13,1,1,5,4,4,2,16,2,19,4,11,5,5,7,20,8,20,10,16,,67,,1,21,121.5101019,25.0247104
113,6,10,9,50,2,02萬華區,萬華區永福街與昆明街口,0,0,1,1,B03,8,6,5,50,4,1,1,5,4,5,13,2,1,10,4,5,1,17,1,37,3,10,3,4,7,5,1,8,1,8,,103,,1,22,121.5039175,25.03846223
113,6,10,9,50,2,02萬華區,萬華區永福街與昆明街口,0,0,1,2,C03,8,6,5,50,4,1,1,5,4,5,13,2,1,10,4,5,1,17,2,35,2,8,3,4,7,9,1,10,2,12,,44,,1,22,121.5039175,25.03846223
113,6,10,10,35,2,03中山區,中山區中山北路3段水晶橋下,0,0,1,1,F01,8,7,5,40,14,11,1,5,4,5,13,1,1,1,4,5,2,16,1,60,2,9,4,1,7,9,8,20,1,11,,81,,1,22,121.5233834,25.0708984
113,6,10,10,35,2,03中山區,中山區中山北路3段水晶橋下,0,0,1,2,C03,8,7,5,40,14,11,1,5,4,5,13,1,1,1,4,5,2,16,2,37,3,10,5,1,7,11,1,10,1,15,,44,,1,22,121.5233834,25.0708984
113,6,10,10,45,2,10文山區,文山區景文街與景美街口,0,0,1,1,B03,8,6,5,50,5,1,1,5,4,5,13,2,1,5,5,4,1,16,1,56,3,10,7,1,7,6,1,8,1,2,,9,,1,21,121.5408455,24.9883495
113,6,10,10,45,2,10文山區,文山區景文街與景美街口,0,0,1,2,C02,8,6,5,50,5,1,1,5,4,5,13,2,1,5,5,4,1,16,1,42,2,9,6,1,7,9,1,9,1,14,,99,,1,21,121.5408455,24.9883495
113,6,10,10,45,2,10文山區,文山區景文街與景美街口,0,0,1,3,,8,6,5,50,5,1,1,5,4,5,13,2,1,5,5,4,1,16,3,107,,,,,,,,,,,,67,,1,,121.5408455,24.9883495
113,6,10,10,58,2,10文山區,文山區木柵路5段汽車格01號,0,0,1,1,F03,7,5,5,50,14,9,1,5,4,5,13,4,4,5,4,5,2,17,1,17,2,7,4,1,7,9,8,20,2,11,,108,,1,16,121.5783985,25.0006077
113,6,10,10,58,2,10文山區,文山區木柵路5段汽車格01號,0,0,1,2,B03,7,5,5,50,14,9,1,5,4,5,13,4,4,5,4,5,2,17,1,57,3,10,3,1,7,13,1,8,11,7,,44,,1,21,121.5783985,25.0006077
113,6,10,11,26,2,10文山區,文山區老泉街45巷094號電桿,0,0,1,1,B03,8,5,5,30,11,9,1,5,4,5,13,4,4,10,5,5,2,11,1,31,3,10,7,1,7,9,1,8,1,8,,5,,1,21,121.5716265,24.9720504
113,6,10,11,26,2,10文山區,文山區老泉街45巷094號電桿,0,0,1,2,C03,8,5,5,30,11,9,1,5,4,5,13,4,4,10,5,5,2,11,1,57,2,9,6,1,7,9,1,10,1,14,,44,,1,21,121.5716265,24.9720504
113,6,10,11,30,2,05中正區,中正區和平西路1段與牯嶺街口,0,0,1,1,B03,7,6,5,50,4,1,1,5,4,5,13,2,1,1,4,5,1,17,1,36,3,10,7,1,7,5,1,8,9,17,,8,,1,21,121.5190063,25.02657861
113,6,10,11,30,2,05中正區,中正區和平西路1段與牯嶺街口,0,0,1,2,C03,7,6,5,50,4,1,1,5,4,5,13,2,1,1,4,5,1,17,1,60,2,9,5,1,7,9,1,9,9,12,,44,,1,21,121.5190063,25.02657861
113,6,10,11,36,2,04大安區,大安區延吉街與光復南路308巷口,0,0,1,1,B03,8,7,5,30,4,1,1,5,4,5,13,4,4,5,5,5,2,15,1,61,3,10,7,1,7,9,1,8,1,2,,75,,1,21,121.5551208,25.0389209
113,6,10,11,36,2,04大安區,大安區延吉街與光復南路308巷口,0,0,1,2,C03,8,7,5,30,4,1,1,5,4,5,13,4,4,5,5,5,2,15,2,21,2,9,5,1,7,9,1,10,1,11,,108,,1,21,121.5551208,25.0389209
113,6,10,12,3,2,07信義區,信義區吳興街450巷與吳興街494巷口口,0,0,2,1,C03,8,7,5,50,4,1,1,5,4,5,13,4,4,10,5,5,2,15,2,23,2,9,5,1,7,9,1,10,1,11,,75,,1,21,121.5683972,25.02372726
113,6,10,12,3,2,07信義區,信義區吳興街450巷與吳興街494巷口口,0,0,2,2,C03,8,7,5,50,4,1,1,5,4,5,13,4,4,10,5,5,2,15,2,65,2,9,5,1,7,9,1,10,1,11,,14,,1,21,121.5683972,25.02372726
113,6,10,14,4,2,04大安區,大安區忠孝東路4段170巷6弄16號,0,0,1,1,B03,8,7,5,30,14,9,1,5,4,5,13,4,4,10,5,5,2,2,1,43,3,10,7,1,7,1,1,8,9,5,,108,,1,21,121.5497854,25.0408889
113,6,10,14,4,2,04大安區,大安區忠孝東路4段170巷6弄16號,0,0,1,2,H01,8,7,5,30,14,9,1,5,4,5,13,4,4,10,5,5,2,2,2,73,2,9,4,5,8,16,8,20,1,16,,67,,1,21,121.5497854,25.0408889
113,6,10,14,28,2,06松山區,松山區民權東路3段與敦化北路口口,0,0,1,1,C03,7,7,5,50,4,1,1,5,4,5,13,2,1,1,2,1,2,17,1,69,2,9,5,1,7,9,1,10,1,14,,99,,1,21,121.5505305,25.0616502
113,6,10,14,28,2,06松山區,松山區民權東路3段與敦化北路口口,0,0,1,2,B03,7,7,5,50,4,1,1,5,4,5,13,2,1,1,2,1,2,17,2,51,3,10,7,1,7,6,1,8,1,2,,44,,1,21,121.5505305,25.0616502
113,6,10,14,29,2,09北投區,北投區中央南路1段與光明路口,0,0,1,1,B03,8,6,5,50,5,2,1,5,4,5,13,3,1,5,5,5,2,13,1,21,3,10,7,1,7,9,3,18,2,1,,16,,1,21,121.5015039,25.1329524
113,6,10,14,29,2,09北投區,北投區中央南路1段與光明路口,0,0,1,2,C03,8,6,5,50,5,2,1,5,4,5,13,3,1,5,5,5,2,13,2,61,2,9,5,1,7,14,1,10,2,13,,44,,1,21,121.5015039,25.1329524
113,6,10,14,40,2,10文山區,文山區新光路2段19號,0,0,1,1,C03,7,5,5,50,18,9,1,5,4,5,13,3,1,10,4,5,1,17,1,64,2,8,5,1,7,9,3,18,2,11,,84,,1,21,121.5834772,25.0004947
113,6,10,14,40,2,10文山區,文山區新光路2段19號,0,0,1,2,B03,7,5,5,50,18,9,1,5,4,5,13,3,1,10,4,5,1,17,1,76,3,10,7,1,7,15,1,8,2,1,,44,,1,21,121.5834772,25.0004947
113,6,10,15,20,2,12內湖區,內湖區堤頂大道2段與港墘路口,0,0,1,1,B03,7,6,5,70,3,1,1,5,4,5,13,1,1,3,4,4,1,17,1,71,3,10,7,1,7,9,1,8,1,2,,81,,1,21,121.5723423,25.07458746
113,6,10,15,20,2,12內湖區,內湖區堤頂大道2段與港墘路口,0,0,1,2,C03,7,6,5,70,3,1,1,5,4,5,13,1,1,3,4,4,1,17,2,45,2,9,6,1,7,5,1,10,1,11,,44,,1,21,121.5723423,25.07458746
113,6,10,15,21,2,09北投區,北投區大業路157號與大業路口,0,0,1,1,B03,8,7,5,30,4,1,1,5,4,5,13,4,4,10,5,5,2,15,1,30,3,10,3,4,7,1,1,8,1,6,,19,,1,22,121.4985997,25.1246167
113,6,10,15,21,2,09北投區,北投區大業路157號與大業路口,0,0,1,2,C03,8,7,5,30,4,1,1,5,4,5,13,4,4,10,5,5,2,15,1,47,2,8,3,4,7,9,1,10,1,11,,14,,1,22,121.4985997,25.1246167
113,6,10,15,55,2,03中山區,中山區中山北路2段與民權西路口,0,0,2,1,C03,7,7,5,50,4,2,1,5,4,5,13,2,1,1,4,5,2,16,2,23,2,9,6,4,7,7,3,18,2,14,,100,,1,22,121.522603,25.06256013
113,6,10,15,55,2,03中山區,中山區中山北路2段與民權西路口,0,0,2,2,B03,7,7,5,50,4,2,1,5,4,5,13,2,1,1,4,5,2,16,2,39,3,10,3,4,7,9,1,8,2,2,,44,,1,21,121.522603,25.06256013
113,6,10,15,55,2,03中山區,中山區中山北路2段與民權西路口,0,0,2,3,H02,7,7,5,50,4,2,1,5,4,5,13,2,1,1,4,5,2,16,2,17,2,9,6,5,7,21,8,20,10,16,,67,,1,22,121.522603,25.06256013
113,6,10,16,33,2,01大同區,大同區延平北路4段與延平北路4段102巷口,0,0,3,1,C03,7,6,5,50,3,2,1,5,4,5,13,4,4,5,5,4,2,17,1,52,2,9,6,4,7,9,1,10,1,11,,44,,1,22,121.5109422,25.0717597
113,6,10,16,33,2,01大同區,大同區延平北路4段與延平北路4段102巷口,0,0,3,2,C03,7,6,5,50,3,2,1,5,4,5,13,4,4,5,5,4,2,17,1,28,2,8,6,4,7,5,1,10,1,14,,10,,1,22,121.5109422,25.0717597
113,6,10,16,33,2,01大同區,大同區延平北路4段與延平北路4段102巷口,0,0,3,3,H02,7,6,5,50,3,2,1,5,4,5,13,4,4,5,5,4,2,17,2,40,2,8,6,5,7,20,8,20,10,16,,67,,1,22,121.5109422,25.0717597
113,6,10,16,52,2,08士林區,士林區承德路4段80巷與承德路4段口,0,0,2,1,B03,8,5,5,50,4,1,1,5,4,5,13,2,1,1,4,4,1,17,1,22,3,10,7,1,7,5,1,8,2,5,,85,,1,21,121.5230309,25.0821968
113,6,10,16,52,2,08士林區,士林區承德路4段80巷與承德路4段口,0,0,2,2,C03,8,5,5,50,4,1,1,5,4,5,13,2,1,1,4,4,1,17,1,61,2,9,6,1,7,9,1,10,2,11,,44,,1,21,121.5230309,25.0821968
113,6,10,16,52,2,08士林區,士林區承德路4段80巷與承德路4段口,0,0,2,3,H02,8,5,5,50,4,1,1,5,4,5,13,2,1,1,4,4,1,17,2,60,2,9,6,5,7,20,8,20,10,17,,67,,1,21,121.5230309,25.0821968
113,6,10,17,1,2,02萬華區,萬華區康定路與康定路287巷口,0,0,1,1,B03,8,6,5,50,4,1,1,5,4,5,13,2,1,5,5,5,2,16,1,57,3,10,7,1,7,5,1,4,1,1,,71,,1,26,121.5010155,25.0340983
113,6,10,17,1,2,02萬華區,萬華區康定路與康定路287巷口,0,0,1,2,C03,8,6,5,50,4,1,1,5,4,5,13,2,1,5,5,5,2,16,2,42,2,9,6,1,7,9,1,10,1,14,,44,,1,21,121.5010155,25.0340983
113,6,10,17,30,2,03中山區,中山區中山北路2段與民權東路1段口,0,0,1,1,C03,8,7,5,50,14,9,1,5,4,5,13,2,1,9,4,5,2,17,1,24,3,10,5,1,7,9,3,18,1,11,,107,,1,21,121.5229443,25.0628533