發生年度,發生月,發生日,發生時-Hours,發生分,處理別-編號,區序,肇事地點,死亡人數,2-30日死亡人數,受傷人數,當事人序號,車種,天候,道路照明設備,道路類別,速限-速度限制,道路型態,事故位置,路面狀況1,路面狀況2,路面狀況3,道路障礙1,道路障礙2,號誌1,號誌2,車道劃分-分向,車道劃分-分道1,車道劃分-分道2,車道劃分-分道3,事故類型及型態,性別,年齡,受傷程度,主要傷處,保護裝置,行動電話,車輛用途,當事者行動狀態,駕駛資格情形,駕駛執照種類,飲酒情形,車輛撞擊部位1,車輛撞擊部位2,肇因碼-個別,肇因碼-主要,個人肇逃否,職業,座標-X,座標-Y
113,6,10,17,30,2,03中山區,中山區中山北路2段與民權東路1段口,0,0,1,2,C03,8,7,5,50,14,9,1,5,4,5,13,2,1,9,4,5,2,17,2,46,2,9,5,1,7,15,1,10,1,13,,16,,1,21,121.5229443,25.0628533
113,6,10,19,22,2,12內湖區,內湖區舊宗路1段86號前,0,0,1,1,B03,8,5,5,50,14,9,1,5,4,5,13,4,4,1,4,5,2,16,1,46,3,10,7,1,7,6,1,8,2,5,,9,,1,21,121.5796746,25.05953984
113,6,10,19,22,2,12內湖區,內湖區舊宗路1段86號前,0,0,1,2,F01,8,5,5,50,14,9,1,5,4,5,13,4,4,1,4,5,2,16,1,12,2,9,4,1,7,9,8,20,2,11,,44,,1,21,121.5796746,25.05953984
113,6,10,20,30,2,10文山區,文山區興隆路3段與興隆路3段口口(60號旁),0,0,3,1,C03,8,5,5,50,3,1,1,5,4,5,13,2,1,1,4,5,2,16,1,51,2,9,6,1,7,1,1,10,1,12,,19,,1,21,121.5559915,25.0001639
113,6,10,20,30,2,10文山區,文山區興隆路3段與興隆路3段口口(60號旁),0,0,3,2,C03,8,5,5,50,3,1,1,5,4,5,13,2,1,1,4,5,2,16,1,20,2,9,6,1,7,8,1,10,1,11,,108,,1,21,121.5559915,25.0001639
113,6,10,20,30,2,10文山區,文山區興隆路3段與興隆路3段口口(60號旁),0,0,3,3,H02,8,5,5,50,3,1,1,5,4,5,13,2,1,1,4,5,2,16,2,26,2,9,6,5,7,21,8,20,10,16,,67,,1,21,121.5559915,25.0001639
113,6,10,20,35,2,05中正區,中正區承德路1段與市民大道1段口,0,0,1,2,H02,8,5,5,50,4,2,1,5,4,5,13,1,1,1,4,5,2,9,2,66,2,1,4,5,7,20,8,20,10,16,,67,,1,21,121.516372,25.0485262
113,6,10,20,35,2,05中正區,中正區承德路1段與市民大道1段口,0,0,1,1,A02,8,5,5,50,4,2,1,5,4,5,13,1,1,1,4,5,2,9,1,52,3,10,7,1,7,1,1,1,2,17,,44,,1,21,121.516372,25.0485262
113,6,10,20,38,2,01大同區,大同區重慶北路1段82號,0,0,1,1,F01,8,5,5,0,22,20,4,5,4,5,13,4,4,10,5,5,2,9,1,20,3,10,3,4,7,9,8,20,1,11,,42,,1,21,121.5137247,25.05061231
113,6,10,20,38,2,01大同區,大同區重慶北路1段82號,0,0,1,2,H01,8,5,5,0,22,20,4,5,4,5,13,4,4,10,5,5,2,9,2,20,2,9,4,5,8,16,8,20,10,16,,60,,1,21,121.5137247,25.05061231
113,6,10,21,5,2,12內湖區,內湖區康寧路3段與安康路口,0,0,1,1,F01,8,5,5,50,4,2,1,5,4,5,13,1,1,1,4,5,2,16,1,16,3,10,4,1,7,9,8,20,1,14,,81,,1,21,121.6110289,25.06489729
113,6,10,21,5,2,12內湖區,內湖區康寧路3段與安康路口,0,0,1,2,B03,8,5,5,50,4,2,1,5,4,5,13,1,1,1,4,5,2,16,1,66,3,10,7,1,7,6,1,8,1,1,,44,,1,21,121.6110289,25.06489729
113,6,10,21,5,2,12內湖區,內湖區康寧路3段與安康路口,0,0,1,3,H02,8,5,5,50,4,2,1,5,4,5,13,1,1,1,4,5,2,16,2,22,2,8,7,5,7,20,8,20,10,16,,67,,1,21,121.6110289,25.06489729
113,6,10,21,17,2,04大安區,大安區復興南路1段與東豐街口,0,0,1,1,B03,8,5,5,50,4,1,1,5,4,5,12,2,1,1,4,5,2,16,2,35,3,10,7,1,7,5,1,8,1,5,,71,,1,21,121.5437374,25.0361069
113,6,10,21,17,2,04大安區,大安區復興南路1段與東豐街口,0,0,1,2,C03,8,5,5,50,4,1,1,5,4,5,12,2,1,1,4,5,2,16,1,20,2,9,6,1,7,9,1,8,1,11,,44,,1,21,121.5437374,25.0361069
113,6,10,21,24,2,03中山區,中山區北安路(自強圓環),0,0,1,1,B02,7,5,5,50,18,9,1,5,4,5,13,4,4,1,4,5,2,12,1,35,3,10,3,4,7,4,1,8,1,7,,42,,1,21,121.5505464,25.08548115
113,6,10,21,24,2,03中山區,中山區北安路(自強圓環),0,0,1,2,C03,7,5,5,50,18,9,1,5,4,5,13,4,4,1,4,5,2,12,1,19,2,9,3,4,7,9,1,10,1,12,,42,,1,21,121.5505464,25.08548115
113,6,10,21,33,2,12內湖區,內湖區文德路48號,0,0,2,1,B03,8,5,6,50,14,8,1,5,4,5,13,4,4,1,4,4,1,17,1,70,3,10,7,1,7,13,1,8,1,4,,40,,1,21,121.5804741,25.07838552
113,6,10,21,33,2,12內湖區,內湖區文德路48號,0,0,2,2,C03,8,5,6,50,14,8,1,5,4,5,13,4,4,1,4,4,1,17,1,38,2,9,5,1,7,9,1,10,1,12,,44,,1,21,121.5804741,25.07838552
113,6,10,21,33,2,12內湖區,內湖區文德路48號,0,0,2,3,H02,8,5,6,50,14,8,1,5,4,5,13,4,4,1,4,4,1,17,2,40,2,9,5,5,7,20,8,20,10,16,,67,,1,21,121.5804741,25.07838552
113,6,10,21,48,2,03中山區,中山區民生東路3段73號,0,0,1,1,B03,8,5,5,50,14,9,1,5,4,5,13,4,4,1,4,4,2,12,1,61,3,10,3,4,7,1,1,8,1,7,,19,,1,21,121.5435351,25.0580761
113,6,10,21,48,2,03中山區,中山區民生東路3段73號,0,0,1,2,C03,8,5,5,50,14,9,1,5,4,5,13,4,4,1,4,4,2,12,1,34,2,9,3,4,7,9,1,10,1,12,,13,,1,21,121.5435351,25.0580761
113,6,10,21,49,2,04大安區,大安區忠孝東路4段216巷8弄與忠孝東路4段216巷口,0,0,1,1,C03,8,5,5,30,4,2,1,5,4,5,13,4,4,4,3,5,1,17,1,20,3,10,5,1,7,11,1,10,1,13,,8,,1,21,121.5529302,25.0408579
113,6,10,21,49,2,04大安區,大安區忠孝東路4段216巷8弄與忠孝東路4段216巷口,0,0,1,2,C03,8,5,5,30,4,2,1,5,4,5,13,4,4,4,3,5,1,17,1,47,2,7,5,1,7,9,1,10,1,12,,44,,1,26,121.5529302,25.0408579
113,6,10,22,15,2,11南港區,南港區研究院路2段78號,0,0,2,1,C03,7,5,5,50,14,9,1,5,4,5,13,1,1,1,4,5,2,12,1,27,2,9,3,4,7,7,1,10,2,11,,100,,1,21,121.6152362,25.0456117
113,6,10,22,15,2,11南港區,南港區研究院路2段78號,0,0,2,2,C03,7,5,5,50,14,9,1,5,4,5,13,1,1,1,4,5,2,12,1,38,2,9,3,4,7,9,1,10,2,12,,13,,1,21,121.6152362,25.0456117
113,6,10,22,16,2,01大同區,大同區大稻埕堤外便道,0,0,1,1,B12,8,5,5,40,11,9,1,2,4,5,13,4,4,10,5,5,1,17,1,36,3,10,3,4,7,15,1,8,1,15,,30,,1,21,121.5064185,25.0518197
113,6,10,22,16,2,01大同區,大同區大稻埕堤外便道,0,0,1,2,C03,8,5,5,40,11,9,1,2,4,5,13,4,4,10,5,5,1,17,1,56,2,9,3,4,7,5,1,10,1,12,,44,,1,21,121.5064185,25.0518197
113,6,10,22,25,2,03中山區,中山區錦州街28號,0,0,1,1,B03,8,5,5,50,3,1,1,5,4,5,13,4,4,5,4,5,2,17,1,27,3,10,7,1,7,5,1,15,1,4,,80,,1,21,121.5242784,25.06033418
113,6,10,22,25,2,03中山區,中山區錦州街28號,0,0,1,2,C03,8,5,5,50,3,1,1,5,4,5,13,4,4,5,4,5,2,17,1,30,2,9,6,1,7,9,1,10,1,11,12,4,,1,21,121.5242784,25.06033418
113,6,10,23,4,2,10文山區,文山區木柵路3段66巷與興隆路4段109巷口,0,0,1,1,C03,8,5,5,50,5,1,1,5,4,5,13,2,1,5,5,5,2,18,1,62,2,9,3,4,7,9,1,10,2,12,,116,,1,22,121.5657351,24.987061
113,6,10,23,4,2,10文山區,文山區木柵路3段66巷與興隆路4段109巷口,0,0,1,2,,8,5,5,50,5,1,1,5,4,5,13,2,1,5,5,5,2,18,3,0,,,,,,,,,,,,67,,1,,121.5657351,24.987061
113,6,10,23,12,2,10文山區,文山區溪洲街與溪洲街82巷口,0,0,2,1,F01,8,5,5,50,3,1,1,5,4,5,13,4,4,5,5,5,1,15,1,67,2,9,4,1,7,9,8,20,1,14,,99,,1,21,121.534282,25.0060876
113,6,10,23,12,2,10文山區,文山區溪洲街與溪洲街82巷口,0,0,2,2,C03,8,5,5,50,3,1,1,5,4,5,13,4,4,5,5,5,1,15,1,18,2,9,5,1,7,9,1,10,1,11,,13,,1,21,121.534282,25.0060876
113,6,10,23,46,2,09北投區,北投區竹子湖路233燈桿,0,0,3,1,B03,8,5,5,40,11,9,1,5,4,5,13,4,4,4,1,5,2,17,1,29,2,3,7,1,7,9,1,7,2,5,,13,,1,21,121.5609306,25.18149849
113,6,10,23,46,2,09北投區,北投區竹子湖路233燈桿,0,0,3,2,C02,8,5,5,40,11,9,1,5,4,5,13,4,4,4,1,5,2,17,2,21,2,9,6,3,7,11,1,9,2,14,,10,,1,21,121.5609306,25.18149849
113,6,10,23,46,2,09北投區,北投區竹子湖路233燈桿,0,0,3,3,H02,8,5,5,40,11,9,1,5,4,5,13,4,4,4,1,5,2,17,2,29,2,3,7,5,7,20,8,20,10,16,,67,,1,21,121.5609306,25.18149849
113,6,11,7,12,2,06松山區,松山區松河街112號,0,0,2,1,C03,8,5,5,40,14,9,1,5,4,5,13,4,4,9,4,5,2,17,2,23,2,8,6,1,7,5,1,10,1,12,,8,,1,21,121.5750073,25.05104701
113,6,11,7,12,2,06松山區,松山區松河街112號,0,0,2,2,C03,8,5,5,40,14,9,1,5,4,5,13,4,4,9,4,5,2,17,1,38,2,7,6,1,7,9,1,10,1,11,,44,,1,21,121.5750073,25.05104701
113,6,11,7,44,2,09北投區,北投區立農街1段8號,0,0,1,1,B03,8,7,5,30,14,9,1,5,4,5,13,4,4,10,5,5,2,16,1,49,3,10,7,1,7,1,1,8,1,2,,19,,1,22,121.5028134,25.11900528
113,6,11,7,44,2,09北投區,北投區立農街1段8號,0,0,1,2,C03,8,7,5,30,14,9,1,5,4,5,13,4,4,10,5,5,2,16,1,71,2,8,5,1,7,9,1,10,1,14,,44,,1,22,121.5028134,25.11900528
113,6,11,7,47,2,05中正區,中正區林森南路12號,0,0,1,1,C03,8,6,5,50,14,9,1,5,4,5,13,2,1,5,4,5,2,13,1,67,2,8,6,1,7,9,1,10,2,11,,16,,1,22,121.5224143,25.0428275
113,6,11,7,47,2,05中正區,中正區林森南路12號,0,0,1,2,B03,8,6,5,50,14,9,1,5,4,5,13,2,1,5,4,5,2,13,2,44,3,10,2,1,7,9,1,8,2,6,,44,,1,22,121.5224143,25.0428275
113,6,11,8,31,2,07信義區,信義區松信路與虎林街120巷口,0,0,1,1,C03,8,6,5,50,4,2,1,5,4,5,13,2,1,9,4,4,2,18,1,56,2,9,5,1,7,9,1,21,9,12,,42,,1,22,121.5719422,25.0423187
113,6,11,8,31,2,07信義區,信義區松信路與虎林街120巷口,0,0,1,2,,8,6,5,50,4,2,1,5,4,5,13,2,1,9,4,4,2,18,3,0,,,,,,,,,,,,67,,1,,121.5719422,25.0423187
113,6,11,8,46,2,04大安區,大安區新生南路3段向北停車場出入口,0,0,1,1,B03,8,6,5,50,14,8,1,5,4,5,13,4,4,1,4,4,2,12,2,19,3,10,7,1,7,8,1,8,1,5,,9,,1,21,121.5338938,25.0191304
113,6,11,8,46,2,04大安區,大安區新生南路3段向北停車場出入口,0,0,1,2,C03,8,6,5,50,14,8,1,5,4,5,13,4,4,1,4,4,2,12,2,40,2,7,6,1,7,9,1,10,1,11,,44,,1,21,121.5338938,25.0191304
113,6,11,9,5,2,11南港區,南港區成功路1段63-2號,0,0,1,1,B01,8,6,5,50,14,9,1,5,4,5,13,4,4,4,3,5,2,17,1,63,3,10,3,4,7,8,1,4,2,17,,100,,1,22,121.5927862,25.056345
113,6,11,9,5,2,11南港區,南港區成功路1段63-2號,0,0,1,2,C03,8,6,5,50,14,9,1,5,4,5,13,4,4,4,3,5,2,17,1,52,2,9,3,4,7,9,1,9,2,12,,44,,1,22,121.5927862,25.056345
113,6,11,9,30,2,10文山區,文山區木新路3段與一壽街口,0,0,1,2,C03,8,6,5,50,3,1,1,5,4,5,13,1,1,5,4,5,2,16,1,33,2,9,6,1,7,9,1,10,1,12,,44,,1,21,121.5563652,24.9805416
113,6,11,9,30,2,10文山區,文山區木新路3段與一壽街口,0,0,1,1,B12,8,6,5,50,3,1,1,5,4,5,13,1,1,5,4,5,2,16,1,28,3,10,7,1,7,6,1,8,1,2,,9,,1,21,121.5563652,24.9805416
113,6,11,9,30,2,10文山區,文山區木新路3段與一壽街口,,,1,1,B12,7,,,50,,,,,,,,,,,,,,,1,28,,,,,,,,,1,,,,,,,121.5562,24.98064916
113,6,11,9,30,2,10文山區,文山區木新路3段與一壽街口,,,1,2,C03,7,,,50,,,,,,,,,,,,,,,1,33,,,,,,,,,1,,,,,,,121.5562,24.98064916
113,6,11,9,40,2,05中正區,中正區金山南路1段1號,0,0,1,1,F01,7,6,5,50,14,9,1,5,4,5,13,4,4,9,5,5,2,16,1,77,2,9,4,1,7,9,8,20,1,11,,4,,1,22,121.5297567,25.0426199
113,6,11,9,40,2,05中正區,中正區金山南路1段1號,0,0,1,2,B03,7,6,5,50,14,9,1,5,4,5,13,4,4,9,5,5,2,16,1,50,3,10,7,1,7,5,1,8,1,5,,44,,1,22,121.5297567,25.0426199
113,6,11,9,42,2,08士林區,士林區基河路與劍潭路口,0,0,1,1,B01,8,6,5,50,4,1,1,5,4,5,13,2,1,1,4,5,1,15,1,61,3,10,7,1,7,9,1,4,2,1,,81,,1,21,121.5247785,25.08430468
113,6,11,9,42,2,08士林區,士林區基河路與劍潭路口,0,0,1,2,C03,8,6,5,50,4,1,1,5,4,5,13,2,1,1,4,5,1,15,1,20,2,9,5,1,7,9,1,10,2,12,,44,,1,21,121.5247785,25.08430468
113,6,11,9,45,2,08士林區,士林區中正路與重慶北路4段口,0,0,1,1,C03,8,5,5,50,3,2,1,5,4,5,13,1,1,1,4,5,1,17,1,43,3,10,5,1,7,7,1,10,11,17,,100,,1,21,121.5111128,25.08718401
113,6,11,9,45,2,08士林區,士林區中正路與重慶北路4段口,0,0,1,2,C03,8,5,5,50,3,2,1,5,4,5,13,1,1,1,4,5,1,17,1,22,2,9,5,1,7,10,1,9,1,14,,102,,1,21,121.5111128,25.08718401
113,6,11,9,45,2,08士林區,士林區中正路與重慶北路4段口,0,0,1,3,C02,8,5,5,50,3,2,1,5,4,5,13,1,1,1,4,5,1,17,1,29,3,10,5,1,7,9,1,9,1,12,,44,,1,21,121.5111128,25.08718401
113,6,11,9,46,2,12內湖區,內湖區堤頂大道2段與內湖路1段口,0,0,1,1,B12,8,6,5,50,5,1,1,5,4,5,13,2,1,9,4,5,2,13,1,37,3,10,7,1,7,15,1,8,1,1,,108,,1,21,121.5607842,25.0843207
113,6,11,9,46,2,12內湖區,內湖區堤頂大道2段與內湖路1段口,0,0,1,2,B01,8,6,5,50,5,1,1,5,4,5,13,2,1,9,4,5,2,13,1,50,2,2,7,1,7,14,1,4,1,3,,44,,1,21,121.5607842,25.0843207
113,6,11,10,0,2,05中正區,中正區南昌路1段與重慶南路2段7巷口,0,0,1,1,B01,8,7,5,50,5,1,1,5,4,5,8,4,4,10,4,5,2,17,1,45,3,10,7,1,7,9,1,4,1,17,,72,,1,21,121.514883,25.0342864
113,6,11,10,0,2,05中正區,中正區南昌路1段與重慶南路2段7巷口,0,0,1,2,C03,8,7,5,50,5,1,1,5,4,5,8,4,4,10,4,5,2,17,1,53,2,8,5,1,7,9,1,10,1,14,,44,,1,21,121.514883,25.0342864
113,6,11,10,2,2,10文山區,文山區景興路與景興路46巷口,0,0,1,2,A02,8,6,5,50,3,1,1,5,4,5,13,3,1,1,5,5,2,16,1,44,3,10,7,1,7,9,1,2,2,5,,44,,1,21,121.544748,24.9962001
113,6,11,10,2,2,10文山區,文山區景興路與景興路46巷口,0,0,1,1,C03,8,6,5,50,3,1,1,5,4,5,13,3,1,1,5,5,2,16,2,62,2,8,6,1,7,5,1,10,2,14,,8,,1,21,121.544748,24.9962001
113,6,11,10,16,2,10文山區,文山區興隆路2段與辛亥路5段口口,0,0,1,1,C03,8,6,5,50,4,2,1,5,4,5,13,2,1,1,2,5,2,16,1,58,3,10,6,1,7,5,1,10,1,14,,8,,1,21,121.5543313,25.000884
113,6,11,10,16,2,10文山區,文山區興隆路2段與辛亥路5段口口,0,0,1,2,C03,8,6,5,50,4,2,1,5,4,5,13,2,1,1,2,5,2,16,1,66,2,9,6,1,7,9,1,10,1,12,,17,,1,21,121.5543313,25.000884
113,6,11,10,17,2,10文山區,文山區木柵路3段96號,0,0,1,1,C03,8,5,5,50,14,9,1,5,4,5,13,4,4,5,5,5,2,16,1,19,3,10,6,1,7,11,1,10,2,11,,10,,1,21,121.5671102,24.9886778
113,6,11,10,17,2,10文山區,文山區木柵路3段96號,0,0,1,2,C03,8,5,5,50,14,9,1,5,4,5,13,4,4,5,5,5,2,16,2,39,2,9,6,1,7,9,1,10,2,11,,44,,1,21,121.5671102,24.9886778
113,6,11,10,36,2,03中山區,中山區長春路與松江路口,0,0,1,1,B01,8,5,5,50,4,1,1,5,4,5,13,1,1,5,4,5,2,13,1,57,3,10,7,1,7,9,1,4,1,8,,16,,1,21,121.5331665,25.0548153
113,6,11,10,36,2,03中山區,中山區長春路與松江路口,0,0,1,2,C03,8,5,5,50,4,1,1,5,4,5,13,1,1,5,4,5,2,13,1,23,2,1,5,1,7,9,1,10,1,13,,44,,1,21,121.5331665,25.0548153
113,6,11,10,43,2,05中正區,中正區館前路與襄陽路口,0,0,1,1,A02,8,6,5,50,14,9,1,5,4,5,13,4,4,5,4,5,2,9,2,35,3,10,2,1,7,15,1,2,2,17,,44,,1,26,121.5147308,25.043336
113,6,11,10,43,2,05中正區,中正區館前路與襄陽路口,0,0,1,2,H02,8,6,5,50,14,9,1,5,4,5,13,4,4,5,4,5,2,9,2,69,2,9,4,5,7,20,8,20,10,17,,67,,1,22,121.5147308,25.043336
113,6,11,10,44,2,03中山區,中山區新生北路2段與南京東路2段口,0,0,2,1,C03,7,7,5,40,4,2,1,5,4,5,13,4,4,1,4,4,2,17,1,40,3,10,6,4,7,9,1,10,9,17,,37,,1,21,121.527995,25.05217367
113,6,11,10,44,2,03中山區,中山區新生北路2段與南京東路2段口,0,0,2,2,C03,7,7,5,40,4,2,1,5,4,5,13,4,4,1,4,4,2,17,2,27,2,9,6,4,7,9,1,10,1,11,,44,,1,21,121.527995,25.05217367
113,6,11,10,44,2,03中山區,中山區新生北路2段與南京東路2段口,0,0,2,3,H02,7,7,5,40,4,2,1,5,4,5,13,4,4,1,4,4,2,17,2,29,2,9,6,5,7,20,8,20,10,16,,67,,1,21,121.527995,25.05217367
113,6,11,11,2,2,08士林區,士林區葫蘆街51號,0,0,1,1,C03,8,7,5,30,14,9,1,5,4,5,13,4,4,10,5,5,1,17,1,49,3,10,5,1,7,1,1,10,1,17,,19,,1,21,121.5091647,25.08018307
113,6,11,11,2,2,08士林區,士林區葫蘆街51號,0,0,1,2,C03,8,7,5,30,14,9,1,5,4,5,13,4,4,10,5,5,1,17,1,48,2,9,6,1,7,12,1,10,1,14,,13,,1,21,121.5091647,25.08018307
113,6,11,11,10,2,03中山區,中山區民權西路38號,0,0,1,1,C03,8,7,5,50,14,9,1,5,4,5,13,4,4,1,4,5,2,13,2,27,2,8,5,1,7,9,1,10,1,11,,16,,1,21,121.5211414,25.0627624
113,6,11,11,10,2,03中山區,中山區民權西路38號,0,0,1,2,C03,8,7,5,50,14,9,1,5,4,5,13,4,4,1,4,5,2,13,1,24,3,10,5,1,7,9,1,10,1,13,,44,,1,21,121.5211414,25.0627624
113,6,11,11,41,2,01大同區,大同區民權西路與延平北路2段口,0,0,1,1,C03,7,5,5,50,4,2,1,5,4,5,13,2,1,1,4,5,2,17,1,69,2,9,3,4,7,15,1,10,1,12,,85,,1,21,121.5110603,25.0627987
113,6,11,11,41,2,01大同區,大同區民權西路與延平北路2段口,0,0,1,2,B01,7,5,5,50,4,2,1,5,4,5,13,2,1,1,4,5,2,17,1,60,3,10,3,4,7,9,1,4,1,8,,44,,1,21,121.5110603,25.0627987
113,6,11,11,48,2,03中山區,中山區民權東路3段75巷與復興北路430巷口,0,0,1,1,C03,8,6,5,30,4,1,1,5,4,5,13,3,1,10,5,5,2,15,1,33,2,5,5,4,7,9,1,9,1,11,,44,,1,22,121.5436526,25.063358
113,6,11,11,48,2,03中山區,中山區民權東路3段75巷與復興北路430巷口,0,0,1,2,B03,8,6,5,30,4,1,1,5,4,5,13,3,1,10,5,5,2,15,1,50,3,10,3,4,7,9,1,4,1,8,,14,,1,22,121.5436526,25.063358
113,6,11,11,50,2,10文山區,文山區汀州路4段與汀州路4段口口(88號),0,0,1,1,C03,8,6,5,30,5,1,1,5,4,5,13,2,1,10,5,5,2,16,1,64,3,10,6,1,7,6,1,10,1,11,,82,,1,21,121.5374404,25.00768382
113,6,11,11,50,2,10文山區,文山區汀州路4段與汀州路4段口口(88號),0,0,1,2,C03,8,6,5,30,5,1,1,5,4,5,13,2,1,10,5,5,2,16,1,21,2,7,6,1,7,6,1,10,1,12,,44,,1,21,121.5374404,25.00768382
113,6,11,12,8,2,12內湖區,內湖區瑞光路515號前,0,0,3,1,B02,8,7,5,50,14,9,1,5,4,5,13,4,4,5,4,5,2,13,1,33,2,9,7,1,7,8,1,8,2,5,,108,,1,21,121.569142,25.07905712
113,6,11,12,8,2,12內湖區,內湖區瑞光路515號前,0,0,3,2,E03,8,7,5,50,14,9,1,5,4,5,13,4,4,5,4,5,2,13,1,27,2,9,7,1,7,13,1,8,2,7,,44,,1,23,121.569142,25.07905712
113,6,11,12,8,2,12內湖區,內湖區瑞光路515號前,0,0,3,3,H02,8,7,5,50,14,9,1,5,4,5,13,4,4,5,4,5,2,13,1,30,2,9,7,5,7,20,8,20,10,16,,67,,1,23,121.569142,25.07905712
113,6,11,12,19,2,10文山區,文山區保儀路39號對面,0,0,1,1,A02,8,6,5,50,14,10,1,5,4,5,13,1,1,9,5,5,2,9,1,53,3,10,3,4,7,15,1,2,2,17,,42,,1,21,121.5685784,24.9877114
113,6,11,12,19,2,10文山區,文山區保儀路39號對面,0,0,1,2,H02,8,6,5,50,14,10,1,5,4,5,13,1,1,9,5,5,2,9,2,90,2,9,2,5,7,20,8,20,10,16,,60,,1,22,121.5685784,24.9877114
113,6,11,12,25,2,03中山區,中山區長安西路與長安西路19巷2弄口,0,0,1,1,C03,8,7,5,50,4,1,1,5,4,5,13,2,1,5,4,5,2,13,1,69,3,10,6,4,7,9,1,10,1,11,,108,,1,21,121.520233,25.0501574
113,6,11,12,25,2,03中山區,中山區長安西路與長安西路19巷2弄口,0,0,1,2,C03,8,7,5,50,4,1,1,5,4,5,13,2,1,5,4,5,2,13,2,26,2,8,6,4,7,14,1,10,1,13,,44,,1,21,121.520233,25.0501574
113,6,11,12,25,2,09北投區,北投區承德路7段與吉利街口口旁,0,0,1,1,B03,8,6,5,50,3,2,1,5,4,5,13,4,4,1,4,4,2,17,2,49,3,10,7,1,7,7,1,8,1,2,,100,,1,21,121.5033143,25.1180969
113,6,11,12,25,2,09北投區,北投區承德路7段與吉利街口口旁,0,0,1,2,C03,8,6,5,50,3,2,1,5,4,5,13,4,4,1,4,4,2,17,2,72,2,9,6,1,7,6,1,10,1,14,,80,,1,21,121.5033143,25.1180969
113,6,11,12,30,2,08士林區,士林區仰德大道3段與仰德大道3段48巷口口,0,0,1,1,B12,8,7,5,40,3,1,1,5,4,5,13,4,4,9,4,5,1,17,1,63,3,10,7,1,7,5,1,8,2,5,,8,,1,21,121.5525562,25.11849989
113,6,11,12,30,2,08士林區,士林區仰德大道3段與仰德大道3段48巷口口,0,0,1,2,C03,8,7,5,40,3,1,1,5,4,5,13,4,4,9,4,5,1,17,2,19,2,9,5,1,7,9,1,10,2,14,,44,,1,21,121.5525562,25.11849989
113,6,11,12,55,2,12內湖區,內湖區成功路3段與成功路3段174巷口,0,0,1,1,C03,8,7,8,50,4,1,1,5,4,5,13,1,1,1,3,4,1,16,1,59,2,9,3,4,7,6,1,10,1,14,,9,,1,21,121.5906629,25.08065905
113,6,11,12,55,2,12內湖區,內湖區成功路3段與成功路3段174巷口,0,0,1,2,A04,8,7,8,50,4,1,1,5,4,5,13,1,1,1,3,4,1,16,1,59,3,10,3,4,7,9,1,2,1,2,,44,,1,21,121.5906629,25.08065905
113,6,11,13,25,2,07信義區,信義區仁愛路4段512巷518號口,0,0,1,1,B03,8,6,5,30,14,9,1,5,4,5,13,4,4,10,5,5,2,11,2,52,3,10,3,4,7,9,1,8,1,7,,1,,1,22,121.561204,25.0370069
113,6,11,13,25,2,07信義區,信義區仁愛路4段512巷518號口,0,0,1,2,C03,8,6,5,30,14,9,1,5,4,5,13,4,4,10,5,5,2,11,1,45,2,8,5,1,7,14,1,10,1,17,,44,,1,22,121.561204,25.0370069
113,6,11,13,58,2,01大同區,大同區重慶北路3段108號,0,0,1,1,B03,8,6,5,50,14,9,1,5,4,5,13,4,4,1,4,5,2,12,1,39,3,10,7,1,7,1,1,8,2,4,,19,,1,21,121.5135887,25.067032
113,6,11,13,58,2,01大同區,大同區重慶北路3段108號,0,0,1,2,C03,8,6,5,50,14,9,1,5,4,5,13,4,4,1,4,5,2,12,2,30,2,3,6,1,7,9,1,10,2,12,,44,,1,21,121.5135887,25.067032
113,6,11,14,18,2,04大安區,大安區和平東路3段與和平東路3段口麟光站,0,0,1,1,B01,8,5,5,50,3,2,1,5,4,5,13,1,1,1,4,1,2,13,1,63,3,10,7,1,7,5,1,4,1,1,,108,,1,21,121.5584651,25.0187717
113,6,11,14,18,2,04大安區,大安區和平東路3段與和平東路3段口麟光站,0,0,1,2,C03,8,5,5,50,3,2,1,5,4,5,13,1,1,1,4,1,2,13,2,49,2,9,5,1,7,5,1,10,1,13,,16,,1,21,121.5584651,25.0187717
113,6,11,14,55,2,03中山區,中山區農安街28巷口,0,0,1,1,B01,8,7,5,50,14,9,1,5,4,5,13,4,4,9,4,4,2,17,1,64,3,10,7,1,7,1,1,4,1,17,,19,,1,22,121.5263238,25.0648951
113,6,11,14,55,2,03中山區,中山區農安街28巷口,0,0,1,2,C03,8,7,5,50,14,9,1,5,4,5,13,4,4,9,4,4,2,17,1,21,2,9,6,1,7,9,1,10,1,17,,44,,1,22,121.5263238,25.0648951
113,6,11,15,0,2,03中山區,中山區朱崙街與長安東路2段153巷口,0,0,1,1,C03,8,7,5,30,3,1,1,5,4,5,13,4,4,5,2,5,2,17,1,54,2,9,5,1,7,6,1,10,1,11,,108,,1,21,121.5389118,25.0500644
113,6,11,15,0,2,03中山區,中山區朱崙街與長安東路2段153巷口,0,0,1,2,B03,8,7,5,30,3,1,1,5,4,5,13,4,4,5,2,5,2,17,1,48,3,10,7,1,7,1,1,10,1,4,,19,,1,21,121.5389118,25.0500644
113,6,11,15,55,2,01大同區,大同區民權西路與民權西路118巷口,0,0,1,1,B03,8,6,5,50,3,1,1,5,4,5,13,4,4,1,5,5,2,16,1,47,3,10,7,1,7,6,1,8,1,2,,9,,1,21,121.5168691,25.0628012