發生年度,發生月,發生日,發生時-Hours,發生分,處理別-編號,區序,肇事地點,死亡人數,2-30日死亡人數,受傷人數,當事人序號,車種,天候,道路照明設備,道路類別,速限-速度限制,道路型態,事故位置,路面狀況1,路面狀況2,路面狀況3,道路障礙1,道路障礙2,號誌1,號誌2,車道劃分-分向,車道劃分-分道1,車道劃分-分道2,車道劃分-分道3,事故類型及型態,性別,年齡,受傷程度,主要傷處,保護裝置,行動電話,車輛用途,當事者行動狀態,駕駛資格情形,駕駛執照種類,飲酒情形,車輛撞擊部位1,車輛撞擊部位2,肇因碼-個別,肇因碼-主要,個人肇逃否,職業,座標-X,座標-Y
113,6,11,15,55,2,01大同區,大同區民權西路與民權西路118巷口,0,0,1,2,C03,8,6,5,50,3,1,1,5,4,5,13,4,4,1,5,5,2,16,1,33,2,8,6,1,7,9,1,10,1,14,,44,,1,21,121.5168691,25.0628012
113,6,11,16,12,2,10文山區,文山區忠順街1段121巷與忠順街1段口,0,0,1,1,B03,8,7,5,50,4,2,1,5,4,5,13,4,4,9,5,5,2,17,2,70,3,10,7,1,7,14,1,8,1,4,,42,,1,21,121.5599622,24.9842368
113,6,11,16,12,2,10文山區,文山區忠順街1段121巷與忠順街1段口,0,0,1,2,C03,8,7,5,50,4,2,1,5,4,5,13,4,4,9,5,5,2,17,2,31,2,9,6,1,7,9,1,10,1,12,,42,,1,21,121.5599622,24.9842368
113,6,11,16,41,2,03中山區,中山區民權東路2段152巷與民權東路2段口,0,0,2,1,C03,7,5,5,50,4,2,1,5,4,5,13,2,1,3,4,5,2,13,1,32,2,9,3,4,7,9,1,10,1,11,,16,,1,21,121.5350984,25.0623565
113,6,11,16,41,2,03中山區,中山區民權東路2段152巷與民權東路2段口,0,0,2,2,B03,7,5,5,50,4,2,1,5,4,5,13,2,1,3,4,5,2,13,2,40,3,10,3,4,7,9,1,8,1,3,,44,,1,21,121.5350984,25.0623565
113,6,11,16,41,2,03中山區,中山區民權東路2段152巷與民權東路2段口,0,0,2,3,H02,7,5,5,50,4,2,1,5,4,5,13,2,1,3,4,5,2,13,2,29,2,9,3,5,7,20,8,20,10,16,,67,,1,21,121.5350984,25.0623565
113,6,11,16,41,2,07信義區,信義區信義路5段150巷401弄33號,0,0,1,1,B03,8,6,5,30,14,9,1,5,4,5,13,4,4,9,5,5,2,17,1,55,3,10,7,1,7,9,1,8,2,1,,80,,1,21,121.5703008,25.0241442
113,6,11,16,41,2,07信義區,信義區信義路5段150巷401弄33號,0,0,1,2,C03,8,6,5,30,14,9,1,5,4,5,13,4,4,9,5,5,2,17,1,18,2,9,5,1,7,9,1,10,2,14,,14,,1,21,121.5703008,25.0241442
113,6,11,16,45,2,03中山區,中山區南京東路3段與遼寧街口,0,0,1,1,B03,7,7,5,0,4,2,1,5,4,5,13,1,1,1,3,4,1,16,1,76,3,10,7,1,7,6,1,8,1,5,,9,,1,21,121.5423959,25.05188326
113,6,11,16,45,2,03中山區,中山區南京東路3段與遼寧街口,0,0,1,2,C03,7,7,5,0,4,2,1,5,4,5,13,1,1,1,3,4,1,16,1,57,2,1,5,1,7,9,1,10,1,14,,44,,1,21,121.5423959,25.05188326
113,6,11,16,55,2,09北投區,北投區承德路6段與文林北路口,0,0,1,1,C03,8,6,5,50,3,1,1,5,4,5,13,2,1,1,4,4,2,16,1,74,2,9,5,1,7,5,1,10,9,12,,83,,1,21,121.5112104,25.1103026
113,6,11,16,55,2,09北投區,北投區承德路6段與文林北路口,0,0,1,2,B03,8,6,5,50,3,1,1,5,4,5,13,2,1,1,4,4,2,16,2,59,3,10,7,1,7,9,1,8,2,1,,13,,1,21,121.5112104,25.1103026
113,6,11,17,10,2,05中正區,中正區愛國西路與南昌路1段口口,0,0,2,1,C03,8,6,5,50,5,2,1,5,4,5,13,1,1,1,4,5,1,17,1,23,2,8,6,1,7,15,1,10,2,13,,42,,1,21,121.5145605,25.03481253
113,6,11,17,10,2,05中正區,中正區愛國西路與南昌路1段口口,0,0,2,2,C03,8,6,5,50,5,2,1,5,4,5,13,1,1,1,4,5,1,17,1,23,2,7,6,1,7,9,1,10,2,11,,42,,1,21,121.5145605,25.03481253
113,6,11,17,17,2,02萬華區,萬華區萬大路與莒光路口,0,0,2,1,C03,7,7,5,50,4,2,1,5,4,5,13,1,1,1,4,4,2,12,1,45,2,8,5,1,7,8,1,10,1,14,,101,,1,21,121.5005355,25.031305
113,6,11,17,17,2,02萬華區,萬華區萬大路與莒光路口,0,0,2,2,C03,7,7,5,50,4,2,1,5,4,5,13,1,1,1,4,4,2,12,1,80,2,9,5,1,7,9,1,10,1,12,,44,,1,21,121.5005355,25.031305
113,6,11,17,29,2,03中山區,中山區吉林路388號,0,0,1,1,B03,8,7,5,50,14,9,1,5,4,5,13,2,1,5,4,5,2,11,1,40,3,10,7,1,7,13,1,8,1,8,,40,,1,22,121.5303426,25.0651127
113,6,11,17,29,2,03中山區,中山區吉林路388號,0,0,1,2,C03,8,7,5,50,14,9,1,5,4,5,13,2,1,5,4,5,2,11,1,38,2,9,6,1,7,9,1,10,1,12,,44,,1,22,121.5303426,25.0651127
113,6,11,17,37,2,02萬華區,萬華區華江橋機車道(001050燈桿),0,0,2,1,C03,8,7,5,40,8,11,1,5,4,5,13,4,4,1,4,5,2,13,1,33,2,9,5,1,7,9,1,10,1,11,,16,,1,21,121.4876933,25.0358288
113,6,11,17,37,2,02萬華區,萬華區華江橋機車道(001050燈桿),0,0,2,2,C03,8,7,5,40,8,11,1,5,4,5,13,4,4,1,4,5,2,13,2,39,2,9,5,1,7,9,1,10,1,13,,44,,1,21,121.4876933,25.0358288
113,6,11,17,40,2,05中正區,中正區三元街與南海路口,0,0,1,1,C03,8,7,5,50,4,1,1,5,4,5,13,1,1,2,4,4,2,16,1,30,3,10,6,1,7,5,1,10,1,13,,96,,1,22,121.5087828,25.0296137
113,6,11,17,40,2,05中正區,中正區三元街與南海路口,0,0,1,2,C03,8,7,5,50,4,1,1,5,4,5,13,1,1,2,4,4,2,16,1,27,2,9,6,1,7,9,1,10,1,11,,97,,1,21,121.5087828,25.0296137
113,6,11,17,40,2,05中正區,中正區三元街與南海路口,0,0,1,3,H02,8,7,5,50,4,1,1,5,4,5,13,1,1,2,4,4,2,16,1,20,4,11,6,5,7,20,8,20,10,16,,67,,1,22,121.5087828,25.0296137
113,6,11,17,40,2,09北投區,北投區光明路與七星街口,0,0,1,1,B03,7,6,5,50,4,1,1,5,4,5,13,1,1,5,4,5,1,17,2,47,3,10,7,1,7,5,1,8,1,1,,99,,1,21,121.5041477,25.1368536
113,6,11,17,40,2,09北投區,北投區光明路與七星街口,0,0,1,2,C03,7,6,5,50,4,1,1,5,4,5,13,1,1,5,4,5,1,17,2,49,2,9,6,1,7,5,1,10,1,13,,44,,1,21,121.5041477,25.1368536
113,6,11,17,48,2,10文山區,文山區興隆路4段與興隆路4段105巷口口,0,0,2,1,C03,8,6,5,30,4,1,1,5,4,5,13,2,1,10,5,5,2,15,2,38,2,8,5,1,7,15,1,10,1,11,,116,,1,21,121.560571,24.9876663
113,6,11,17,48,2,10文山區,文山區興隆路4段與興隆路4段105巷口口,0,0,2,2,C03,8,6,5,30,4,1,1,5,4,5,13,2,1,10,5,5,2,15,1,29,2,8,5,1,7,9,1,10,1,12,,44,,1,21,121.560571,24.9876663
113,6,11,17,55,2,12內湖區,內湖區瑞光路與瑞光路112巷口,0,0,1,1,C03,8,6,5,50,3,2,1,5,4,5,13,2,1,9,4,5,2,13,1,33,3,10,6,1,7,9,1,9,2,11,,16,,1,21,121.5813897,25.0723233
113,6,11,17,55,2,12內湖區,內湖區瑞光路與瑞光路112巷口,0,0,1,2,C03,8,6,5,50,3,2,1,5,4,5,13,2,1,9,4,5,2,13,2,30,2,9,6,1,7,11,1,10,2,13,,27,,1,21,121.5813897,25.0723233
113,6,11,18,5,2,04大安區,大安區市民大道3段與復興南路1段口口,0,0,1,1,C03,8,5,5,40,4,1,1,5,4,5,13,2,1,1,4,5,1,17,1,51,2,7,6,1,7,9,1,10,1,17,,42,,1,21,121.543532,25.0447091
113,6,11,18,5,2,04大安區,大安區市民大道3段與復興南路1段口口,0,0,1,2,C03,8,5,5,40,4,1,1,5,4,5,13,2,1,1,4,5,1,17,1,35,3,10,6,1,7,9,1,10,1,17,,44,,1,21,121.543532,25.0447091
113,6,11,18,5,2,04大安區,大安區市民大道3段與復興南路1段口口,0,0,1,3,B03,8,5,5,40,4,1,1,5,4,5,13,2,1,1,4,5,1,17,1,43,3,10,7,1,7,5,1,8,1,17,,8,,1,21,121.543532,25.0447091
113,6,11,19,15,2,10文山區,文山區景華街128巷與景華街128巷3弄口,0,0,1,1,C03,8,5,5,30,3,1,1,5,4,5,13,4,4,10,5,5,2,16,1,69,2,9,6,1,7,5,1,10,1,12,,72,,1,21,121.5476893,24.99572958
113,6,11,19,15,2,10文山區,文山區景華街128巷與景華街128巷3弄口,0,0,1,2,B03,8,5,5,30,3,1,1,5,4,5,13,4,4,10,5,5,2,16,1,50,3,10,7,1,7,9,1,8,1,4,,14,,1,21,121.5476893,24.99572958
113,6,11,19,26,2,03中山區,中山區林森北路67巷與林森北路口側附近口,0,0,1,1,B03,8,5,5,50,4,2,1,5,4,5,13,4,4,5,4,5,2,17,1,31,3,10,3,4,7,11,1,8,1,17,,44,,1,21,121.5245226,25.0486804
113,6,11,19,26,2,03中山區,中山區林森北路67巷與林森北路口側附近口,0,0,1,2,C03,8,5,5,50,4,2,1,5,4,5,13,4,4,5,4,5,2,17,1,38,2,9,3,4,7,9,1,10,1,17,,44,,1,22,121.5245226,25.0486804
113,6,11,20,14,2,07信義區,信義區吳興街252號,0,0,1,1,B03,8,5,5,30,14,9,1,5,4,5,13,4,4,10,5,5,2,16,1,23,3,10,7,1,7,5,1,8,2,8,,8,,1,21,121.5628699,25.0258598
113,6,11,20,14,2,07信義區,信義區吳興街252號,0,0,1,2,C03,8,5,5,30,14,9,1,5,4,5,13,4,4,10,5,5,2,16,2,32,2,9,5,1,7,9,1,10,2,12,,108,,1,21,121.5628699,25.0258598
113,6,11,20,28,2,06松山區,松山區南京東路5段123巷2弄與南京東路5段147巷口,0,0,1,1,C03,8,5,5,30,4,1,1,5,4,5,13,4,4,10,5,5,2,15,1,29,2,7,6,1,7,9,1,10,1,11,,72,,1,22,121.5620022,25.05205855
113,6,11,20,28,2,06松山區,松山區南京東路5段123巷2弄與南京東路5段147巷口,0,0,1,2,C03,8,5,5,30,4,1,1,5,4,5,13,4,4,10,5,5,2,15,1,27,3,10,6,1,7,9,1,10,1,12,,14,,1,22,121.5620022,25.05205855
113,6,11,22,27,2,10文山區,文山區木柵路1段與木柵路1段口景美溪橋口,0,0,2,1,C03,8,5,5,50,3,1,1,5,4,5,13,2,1,10,5,5,2,16,2,46,2,9,3,4,7,9,1,9,1,11,,81,,1,22,121.5453589,24.9868305
113,6,11,22,27,2,10文山區,文山區木柵路1段與木柵路1段口景美溪橋口,0,0,2,2,C03,8,5,5,50,3,1,1,5,4,5,13,2,1,10,5,5,2,16,1,42,2,9,3,4,7,1,1,10,1,14,,44,,1,22,121.5453589,24.9868305
113,6,11,22,35,2,05中正區,中正區羅斯福路4段72-2號,0,0,1,1,A02,7,5,5,50,14,9,1,5,4,3,10,4,4,1,4,5,2,3,1,45,3,10,7,1,7,3,1,1,2,5,,108,,1,22,121.5345781,25.0142954
113,6,11,22,35,2,05中正區,中正區羅斯福路4段72-2號,0,0,1,2,H01,7,5,5,50,14,9,1,5,4,3,10,4,4,1,4,5,2,3,2,28,2,9,4,5,8,16,8,20,10,16,,53,,1,22,121.5345781,25.0142954
113,6,11,22,35,2,05中正區,中正區羅斯福路4段72-2號,0,0,1,3,B03,7,5,5,50,14,9,1,5,4,3,10,4,4,1,4,5,2,3,1,50,3,10,7,1,7,14,1,8,9,17,,38,,1,21,121.5345781,25.0142954
113,6,11,23,10,2,10文山區,文山區景福街39號車格,0,0,1,1,A12,8,5,5,50,14,9,1,5,4,1,12,4,4,10,4,5,2,17,1,37,3,10,7,1,7,15,1,7,2,15,,117,,1,26,121.5366469,24.9976847
113,6,11,23,10,2,10文山區,文山區景福街39號車格,0,0,1,2,C03,8,5,5,50,14,9,1,5,4,1,12,4,4,10,4,5,2,17,2,24,2,1,5,1,7,9,1,10,2,14,,44,,1,21,121.5366469,24.9976847
113,6,12,0,22,2,03中山區,中山區林森北路413號,0,0,1,1,B03,7,5,5,50,14,9,1,5,4,5,13,4,4,5,5,5,2,17,2,55,3,10,3,4,7,14,1,8,1,6,,40,,1,21,121.5255963,25.0600057
113,6,12,0,22,2,03中山區,中山區林森北路413號,0,0,1,2,C03,7,5,5,50,14,9,1,5,4,5,13,4,4,5,5,5,2,17,2,31,3,10,3,4,7,9,1,10,1,14,,44,,1,21,121.5255963,25.0600057
113,6,12,0,22,2,03中山區,中山區林森北路413號,0,0,1,3,H02,7,5,5,50,14,9,1,5,4,5,13,4,4,5,5,5,2,17,1,56,3,10,3,5,7,19,8,20,10,16,,126,,1,21,121.5255963,25.0600057
113,6,12,0,22,2,03中山區,中山區林森北路413號,0,0,1,4,H02,7,5,5,50,14,9,1,5,4,5,13,4,4,5,5,5,2,17,2,31,2,8,3,5,7,21,8,20,10,16,,67,,1,21,121.5255963,25.0600057
113,6,12,1,25,2,04大安區,大安區基隆路2段172-1號,0,0,3,1,B11,7,5,5,50,14,9,1,5,4,5,13,4,4,1,4,5,1,17,1,30,2,1,7,1,7,9,1,4,1,1,,108,,1,21,121.554345,25.0260674
113,6,12,1,25,2,04大安區,大安區基隆路2段172-1號,0,0,3,2,B02,7,5,5,50,14,9,1,5,4,5,13,4,4,1,4,5,1,17,1,69,2,9,7,1,7,14,1,8,1,3,,38,,1,21,121.554345,25.0260674
113,6,12,1,25,2,04大安區,大安區基隆路2段172-1號,0,0,3,3,B02,7,5,5,50,14,9,1,5,4,5,13,4,4,1,4,5,1,17,1,41,2,1,7,1,7,14,1,8,1,3,,38,,1,21,121.554345,25.0260674
113,6,12,1,50,2,02萬華區,萬華區康定路與大理街口,0,0,2,1,C03,8,5,5,25,4,1,1,5,4,5,13,1,1,4,3,5,2,12,1,27,2,7,6,1,7,8,1,10,1,12,,44,,1,21,121.5011206,25.0346884
113,6,12,1,50,2,02萬華區,萬華區康定路與大理街口,0,0,2,2,C03,8,5,5,25,4,1,1,5,4,5,13,1,1,4,3,5,2,12,1,18,2,7,6,1,7,15,1,10,1,14,,108,,1,21,121.5011206,25.0346884
113,6,12,7,17,2,09北投區,北投區行義路與行義路85巷口,0,0,1,3,B03,8,7,5,50,3,1,1,5,4,5,13,4,4,4,5,5,1,13,2,45,3,10,7,1,7,9,1,8,2,4,,44,,1,22,121.528469,25.12685067
113,6,12,7,17,2,09北投區,北投區行義路與行義路85巷口,0,0,1,1,B03,8,7,5,50,3,1,1,5,4,5,13,4,4,4,5,5,1,13,2,45,3,10,7,1,7,9,1,8,2,8,,108,,1,22,121.528469,25.12685067
113,6,12,7,17,2,09北投區,北投區行義路與行義路85巷口,0,0,1,2,C03,8,7,5,50,3,1,1,5,4,5,13,4,4,4,5,5,1,13,1,44,2,9,5,1,7,5,1,10,2,13,,44,,1,22,121.528469,25.12685067
113,6,12,7,36,2,02萬華區,萬華區中華路1段66號,0,0,1,1,B03,8,6,5,50,14,8,1,5,4,5,13,4,4,8,3,1,1,17,1,71,3,10,7,1,7,1,1,8,1,8,,19,,1,21,121.5093524,25.04655036
113,6,12,7,36,2,02萬華區,萬華區中華路1段66號,0,0,1,2,C03,8,6,5,50,14,8,1,5,4,5,13,4,4,8,3,1,1,17,1,40,2,8,5,1,7,9,1,10,1,12,,16,,1,21,121.5093524,25.04655036
113,6,12,7,36,2,02萬華區,萬華區中華路1段66號,0,0,1,3,C03,8,6,5,50,14,8,1,5,4,5,13,4,4,8,3,1,1,17,3,0,,,,,,,,,11,,,44,,,,121.5093524,25.04655036
113,6,12,7,50,2,04大安區,大安區信義路3段與復興南路1段口,0,0,1,1,B01,8,5,5,50,4,2,1,5,4,5,13,1,1,1,4,5,2,9,1,63,3,10,7,1,7,5,1,4,2,1,,80,,1,21,121.5436595,25.0336153
113,6,12,7,50,2,04大安區,大安區信義路3段與復興南路1段口,0,0,1,2,H01,8,5,5,50,4,2,1,5,4,5,13,1,1,1,4,5,2,9,2,34,2,9,4,5,8,16,8,20,10,16,,67,,1,21,121.5436595,25.0336153
113,6,12,8,13,2,10文山區,文山區汀州路4段271號,0,0,2,1,F01,8,6,5,30,14,9,1,5,4,5,13,4,4,9,5,5,2,17,1,66,2,8,4,1,7,11,8,20,1,13,,10,,1,21,121.5354906,25.00157743
113,6,12,8,13,2,10文山區,文山區汀州路4段271號,0,0,2,2,C03,8,6,5,30,14,9,1,5,4,5,13,4,4,9,5,5,2,17,1,19,2,9,6,1,7,9,1,10,1,11,,44,,1,21,121.5354906,25.00157743
113,6,12,8,20,2,03中山區,中山區民權東路1段36號前,0,0,1,1,C03,8,7,5,40,14,8,1,5,4,5,13,4,4,1,4,4,2,13,2,28,3,10,2,4,7,9,1,10,9,11,,16,,1,21,121.5239904,25.0626238
113,6,12,8,20,2,03中山區,中山區民權東路1段36號前,0,0,1,2,C03,8,7,5,40,14,8,1,5,4,5,13,4,4,1,4,4,2,13,1,30,2,9,3,4,7,12,1,10,9,13,,44,,1,21,121.5239904,25.0626238
113,6,12,8,34,2,06松山區,松山區南京東路5段258號,0,0,2,1,C03,8,5,6,50,14,9,1,5,4,5,13,4,4,9,4,5,2,13,1,34,2,8,6,1,7,9,1,10,1,11,,16,,1,21,121.5664759,25.05129792
113,6,12,8,34,2,06松山區,松山區南京東路5段258號,0,0,2,2,C03,8,5,6,50,14,9,1,5,4,5,13,4,4,9,4,5,2,13,1,44,3,10,6,1,7,9,1,10,1,13,,44,,1,21,121.5664759,25.05129792
113,6,12,8,34,2,06松山區,松山區南京東路5段258號,0,0,2,3,C03,8,5,6,50,14,9,1,5,4,5,13,4,4,9,4,5,2,13,1,29,2,8,6,1,7,9,1,10,1,14,,16,,1,21,121.5664759,25.05129792
113,6,12,8,34,2,06松山區,松山區市民大道4段145號,0,0,1,1,B02,7,6,5,40,14,9,1,5,4,5,13,1,1,1,4,5,2,16,1,54,4,11,3,4,7,7,7,19,11,15,,100,,2,22,121.5513129,25.044639
113,6,12,8,34,2,06松山區,松山區市民大道4段145號,0,0,1,2,C03,7,6,5,40,14,9,1,5,4,5,13,1,1,1,4,5,2,16,2,38,2,9,6,1,7,9,1,10,1,14,,44,,1,22,121.5513129,25.044639
113,6,12,8,41,2,10文山區,文山區新光路1段185號,0,0,1,1,B12,8,6,5,50,14,7,1,5,4,5,13,4,4,5,4,4,2,17,1,54,3,10,3,4,7,10,1,8,2,6,,100,,1,22,121.5738239,24.9930057
113,6,12,8,41,2,10文山區,文山區新光路1段185號,0,0,1,2,C03,8,6,5,50,14,7,1,5,4,5,13,4,4,5,4,4,2,17,1,23,2,9,3,4,7,9,1,10,2,11,,108,,1,22,121.5738239,24.9930057
113,6,12,9,5,2,04大安區,大安區信義路2段198巷7-3號與永康街13巷口,0,0,1,1,B03,8,6,5,30,4,1,1,5,4,5,13,4,4,10,5,5,2,17,1,50,3,10,7,1,7,13,1,8,1,4,,40,,1,21,121.5305442,25.0327754
113,6,12,9,5,2,04大安區,大安區信義路2段198巷7-3號與永康街13巷口,0,0,1,2,C03,8,6,5,30,4,1,1,5,4,5,13,4,4,10,5,5,2,17,2,24,2,9,6,1,7,9,1,10,1,12,,44,,1,21,121.5305442,25.0327754
113,6,12,9,5,2,04大安區,大安區信義路2段198巷7-3號與永康街13巷口,0,0,1,3,B03,8,6,5,30,4,1,1,5,4,5,13,4,4,10,5,5,2,17,1,67,3,10,7,1,7,9,1,8,1,2,,44,,1,21,121.5305442,25.0327754
113,6,12,9,32,2,02萬華區,萬華區青年路與萬大路423巷口,0,0,1,1,B12,8,7,5,30,3,1,1,5,4,5,13,1,1,9,5,5,2,16,1,55,3,10,7,1,7,6,1,8,1,2,,42,,1,21,121.5025518,25.022149
113,6,12,9,32,2,02萬華區,萬華區青年路與萬大路423巷口,0,0,1,2,C03,8,7,5,30,3,1,1,5,4,5,13,1,1,9,5,5,2,16,2,29,2,9,5,1,7,9,1,10,1,14,,44,,1,21,121.5025518,25.022149
113,6,12,9,41,2,11南港區,南港區市民大道7段與昆陽街口,0,0,1,1,B03,8,6,5,50,5,1,1,5,4,5,13,2,1,1,3,5,2,1,1,49,3,10,3,4,7,6,1,8,2,1,,70,,1,21,121.5936851,25.0512807
113,6,12,9,41,2,11南港區,南港區市民大道7段與昆陽街口,0,0,1,2,H01,8,6,5,50,5,1,1,5,4,5,13,2,1,1,3,5,2,1,2,25,2,9,4,5,8,16,8,20,10,16,,67,,1,21,121.5936851,25.0512807
113,6,12,9,42,2,12內湖區,內湖區文湖街21巷68弄與文德路21巷口,0,0,1,1,C03,8,6,5,30,4,1,1,5,4,5,13,4,4,9,4,5,2,15,2,41,2,5,6,1,7,9,1,10,1,11,,72,,1,21,121.5599619,25.08835316
113,6,12,9,42,2,12內湖區,內湖區文湖街21巷68弄與文德路21巷口,0,0,1,2,B03,8,6,5,30,4,1,1,5,4,5,13,4,4,9,4,5,2,15,2,46,3,10,7,1,7,9,1,8,1,7,,108,,1,21,121.5599619,25.08835316
113,6,12,10,7,2,03中山區,中山區長安東路2段171-2號,0,0,1,1,C03,8,6,5,50,14,9,1,5,4,5,13,4,4,5,4,5,2,13,1,30,2,9,6,1,7,9,1,10,1,11,,108,,1,21,121.5418412,25.0483892
113,6,12,10,7,2,03中山區,中山區長安東路2段171-2號,0,0,1,2,B01,8,6,5,50,14,9,1,5,4,5,13,4,4,5,4,5,2,13,1,60,3,10,7,1,7,9,1,4,1,3,,14,,1,21,121.5418412,25.0483892
113,6,12,10,7,2,10文山區,文山區木柵路1段137號,0,0,1,1,A02,8,6,8,50,22,22,1,5,4,5,13,1,1,10,5,5,2,9,1,47,3,10,3,4,7,12,1,2,1,17,,42,,1,21,121.5501391,24.987518
113,6,12,10,7,2,10文山區,文山區木柵路1段137號,0,0,1,2,H02,8,6,8,50,22,22,1,5,4,5,13,1,1,10,5,5,2,9,2,22,2,9,2,5,7,20,8,20,10,16,,60,,1,22,121.5501391,24.987518
113,6,12,10,35,2,07信義區,信義區忠孝東路5段與忠孝東路5段621巷口口,0,0,2,1,C03,8,6,5,50,4,1,1,5,4,5,13,2,1,1,4,5,2,17,1,24,2,9,6,1,7,9,1,10,11,14,,44,,1,22,121.5792215,25.0416534
113,6,12,10,35,2,07信義區,信義區忠孝東路5段與忠孝東路5段621巷口口,0,0,2,2,C03,8,6,5,50,4,1,1,5,4,5,13,2,1,1,4,5,2,17,1,50,2,9,6,1,7,8,1,10,11,12,,100,,1,22,121.5792215,25.0416534
113,6,12,10,43,2,07信義區,信義區崇德街97號,0,0,1,1,A11,8,6,5,50,14,9,1,5,4,5,13,1,1,5,4,5,2,12,1,30,3,10,3,4,7,15,1,3,1,1,,100,,1,21,121.5557703,25.0240677
113,6,12,10,43,2,07信義區,信義區崇德街97號,0,0,1,2,B01,8,6,5,50,14,9,1,5,4,5,13,1,1,5,4,5,2,12,2,29,2,9,3,4,7,9,1,8,1,4,,44,,1,21,121.5557703,25.0240677
113,6,12,10,50,2,09北投區,北投區承德路7段95號,0,0,1,1,C03,7,7,5,50,14,9,1,5,4,5,13,4,4,1,4,5,2,13,1,21,2,9,5,1,7,9,1,10,1,11,,108,,1,22,121.5098113,25.11172465
113,6,12,10,50,2,09北投區,北投區承德路7段95號,0,0,1,2,B03,7,7,5,50,14,9,1,5,4,5,13,4,4,1,4,5,2,13,1,62,3,10,7,1,7,6,1,8,1,6,,44,,1,22,121.5098113,25.11172465
113,6,12,11,15,2,03中山區,中山區錦州街17號,0,0,1,1,B01,8,5,5,50,14,9,1,5,4,5,13,4,4,5,5,5,2,4,1,61,4,11,3,4,7,9,1,4,11,10,,107,,2,22,121.5244568,25.0604179
113,6,12,11,15,2,03中山區,中山區錦州街17號,0,0,1,2,H01,8,5,5,50,14,9,1,5,4,5,13,4,4,5,5,5,2,4,2,28,2,8,4,5,8,20,8,20,10,16,,54,,1,21,121.5244568,25.0604179
113,6,12,11,24,2,06松山區,松山區市民大道4段與敦化南路1段口,0,0,1,1,C03,8,6,5,40,4,1,1,5,4,5,13,2,1,1,3,5,2,13,2,20,2,9,6,1,7,9,1,10,1,11,,16,,1,22,121.5490685,25.044918
113,6,12,11,24,2,06松山區,松山區市民大道4段與敦化南路1段口,0,0,1,2,B03,8,6,5,40,4,1,1,5,4,5,13,2,1,1,3,5,2,13,1,27,3,10,7,1,7,12,1,8,1,3,,44,,2,22,121.5490685,25.044918
113,6,12,11,40,2,03中山區,中山區民生東路3段與復興北路口,0,0,1,1,C03,8,7,5,50,4,1,1,5,4,5,13,2,1,7,2,5,2,17,1,52,3,10,5,1,7,6,1,10,1,12,,9,,1,21,121.544038,25.0579786
113,6,12,11,40,2,03中山區,中山區民生東路3段與復興北路口,0,0,1,2,C03,8,7,5,50,4,1,1,5,4,5,13,2,1,7,2,5,2,17,1,19,2,9,5,1,7,9,1,10,1,14,,44,,1,21,121.544038,25.0579786
113,6,12,11,44,2,08士林區,士林區社子大橋與延平北路7段106巷口,0,0,1,1,B03,8,6,5,50,3,2,1,5,4,5,13,1,1,1,4,1,1,17,1,68,3,10,7,1,7,6,1,8,2,5,,82,,1,21,121.4944891,25.110913
113,6,12,11,44,2,08士林區,士林區社子大橋與延平北路7段106巷口,0,0,1,2,C03,8,6,5,50,3,2,1,5,4,5,13,1,1,1,4,1,1,17,2,20,2,9,5,1,7,5,1,10,2,14,,44,,1,21,121.4944891,25.110913
113,6,12,12,17,2,01大同區,大同區民生西路與萬全街40巷口,0,0,1,1,C03,8,6,5,50,3,1,1,5,4,5,13,4,4,5,5,5,2,16,2,36,3,10,5,4,7,5,1,10,9,12,,99,,2,21,121.5202402,25.05764993
113,6,12,12,17,2,01大同區,大同區民生西路與萬全街40巷口,0,0,1,2,C03,8,6,5,50,3,1,1,5,4,5,13,4,4,5,5,5,2,16,2,53,2,7,6,1,7,9,1,10,1,11,,44,,1,21,121.5202402,25.05764993
113,6,12,12,25,2,05中正區,中正區中山南路與仁愛路1段口,0,0,2,1,C03,8,6,5,50,5,2,1,5,4,5,13,1,1,4,4,5,2,12,1,18,2,7,5,1,7,9,3,18,2,14,,44,,1,22,121.5179434,25.0394651
113,6,12,12,25,2,05中正區,中正區中山南路與仁愛路1段口,0,0,2,2,B03,8,6,5,50,5,2,1,5,4,5,13,1,1,4,4,5,2,12,1,59,3,10,2,1,7,9,1,8,2,2,,44,,1,22,121.5179434,25.0394651
113,6,12,12,25,2,05中正區,中正區中山南路與仁愛路1段口,0,0,2,3,H02,8,6,5,50,5,2,1,5,4,5,13,1,1,4,4,5,2,12,1,16,2,7,5,5,7,20,8,20,10,16,,67,,1,22,121.5179434,25.0394651
113,6,12,12,29,2,09北投區,北投區石牌路2段91號,0,0,1,1,H01,8,6,5,50,14,9,1,5,4,5,13,4,4,5,4,5,2,9,1,58,2,9,4,5,8,20,8,20,10,16,,60,,1,22,121.5163497,25.1171714
113,6,12,12,29,2,09北投區,北投區石牌路2段91號,0,0,1,2,A02,8,6,5,50,14,9,1,5,4,5,13,4,4,5,4,5,2,9,1,59,3,10,7,1,7,9,1,6,2,2,,44,,1,21,121.5163497,25.1171714
113,6,12,12,44,2,04大安區,大安區新生南路1段145巷與新生南路1段139巷6弄口,0,0,1,1,B01,8,6,5,30,4,1,1,5,4,5,13,4,4,10,5,5,2,15,1,47,3,10,7,1,7,9,1,4,1,8,,72,,1,21,121.5335523,25.0357479