發生年度,發生月,發生日,發生時-Hours,發生分,處理別-編號,區序,肇事地點,死亡人數,2-30日死亡人數,受傷人數,當事人序號,車種,天候,道路照明設備,道路類別,速限-速度限制,道路型態,事故位置,路面狀況1,路面狀況2,路面狀況3,道路障礙1,道路障礙2,號誌1,號誌2,車道劃分-分向,車道劃分-分道1,車道劃分-分道2,車道劃分-分道3,事故類型及型態,性別,年齡,受傷程度,主要傷處,保護裝置,行動電話,車輛用途,當事者行動狀態,駕駛資格情形,駕駛執照種類,飲酒情形,車輛撞擊部位1,車輛撞擊部位2,肇因碼-個別,肇因碼-主要,個人肇逃否,職業,座標-X,座標-Y
113,6,12,12,44,2,04大安區,大安區新生南路1段145巷與新生南路1段139巷6弄口,0,0,1,2,C03,8,6,5,30,4,1,1,5,4,5,13,4,4,10,5,5,2,15,2,57,2,8,6,1,7,9,1,10,1,11,,14,,1,21,121.5335523,25.0357479
113,6,12,14,0,2,08士林區,士林區福林橋與中山北路5段口,0,0,1,1,C03,8,6,5,50,4,2,1,5,4,5,13,1,1,1,5,5,2,18,1,30,2,8,6,1,7,9,1,10,9,14,,42,,1,22,121.5272634,25.0976457
113,6,12,14,0,2,08士林區,士林區福林橋與中山北路5段口,0,0,1,2,,8,6,5,50,4,2,1,5,4,5,13,1,1,1,5,5,2,18,3,0,,,,,,,,,10,,,44,,,,121.5272634,25.0976457
113,6,12,14,20,2,08士林區,士林區通河街76巷與承德路4段10巷口,0,0,2,1,C03,7,7,5,30,4,1,1,5,4,5,13,4,4,9,4,5,1,17,1,23,2,9,5,1,7,9,1,10,2,11,,14,,1,21,121.5201487,25.0801317
113,6,12,14,20,2,08士林區,士林區通河街76巷與承德路4段10巷口,0,0,2,2,B03,7,7,5,30,4,1,1,5,4,5,13,4,4,9,4,5,1,17,1,38,3,10,7,1,7,9,1,8,2,8,,14,,1,21,121.5201487,25.0801317
113,6,12,14,20,2,08士林區,士林區通河街76巷與承德路4段10巷口,0,0,2,3,H02,7,7,5,30,4,1,1,5,4,5,13,4,4,9,4,5,1,17,1,23,2,9,5,5,7,20,8,20,10,16,,60,,1,21,121.5201487,25.0801317
113,6,12,14,23,2,02萬華區,萬華區中華路1段與南寧路口,0,0,1,1,A02,7,6,5,50,5,1,1,5,4,5,13,2,1,1,4,1,2,17,1,45,3,10,7,1,7,5,1,1,1,4,,83,,1,21,121.5067025,25.0372011
113,6,12,14,23,2,02萬華區,萬華區中華路1段與南寧路口,0,0,1,2,C03,7,6,5,50,5,1,1,5,4,5,13,2,1,1,4,1,2,17,1,37,2,8,6,1,7,9,1,10,1,12,,81,,1,21,121.5067025,25.0372011
113,6,12,14,30,2,05中正區,中正區汀州路3段1號,0,0,1,1,A31,8,7,5,50,14,9,1,5,4,5,13,4,4,1,4,5,2,13,1,33,3,10,7,1,7,1,1,1,1,1,,108,,1,21,121.5257918,25.0205788
113,6,12,14,30,2,05中正區,中正區汀州路3段1號,0,0,1,2,C02,8,7,5,50,14,9,1,5,4,5,13,4,4,1,4,5,2,13,1,54,2,7,5,1,7,14,1,9,1,13,,44,,1,21,121.5257918,25.0205788
113,6,12,14,35,2,05中正區,中正區濟南路2段47-1號,0,0,1,1,B03,8,6,5,50,14,9,1,5,4,5,13,4,4,5,5,5,2,17,1,40,3,10,2,1,7,13,1,8,2,4,,40,,1,22,121.530667,25.0405432
113,6,12,14,35,2,05中正區,中正區濟南路2段47-1號,0,0,1,2,C03,8,6,5,50,14,9,1,5,4,5,13,4,4,5,5,5,2,17,1,68,2,9,5,1,7,9,1,9,2,11,,44,,1,22,121.530667,25.0405432
113,6,12,14,51,2,03中山區,中山區市民大道3段與八德路2段210巷口口,0,0,1,1,B03,8,6,5,40,3,1,1,5,4,5,13,2,1,1,4,5,2,16,1,24,3,10,7,1,7,6,1,8,1,5,,9,,1,21,121.5395427,25.0447495
113,6,12,14,51,2,03中山區,中山區市民大道3段與八德路2段210巷口口,0,0,1,2,C03,8,6,5,40,3,1,1,5,4,5,13,2,1,1,4,5,2,16,1,27,2,9,6,1,7,9,1,10,1,11,,44,,1,21,121.5395427,25.0447495
113,6,12,14,52,2,07信義區,信義區信義路6段與虎林街口口,0,0,1,1,C03,8,6,5,50,4,2,1,5,4,5,13,2,1,5,4,5,2,17,1,32,2,9,6,1,7,4,1,10,1,11,,1,,1,22,121.5781094,25.0361788
113,6,12,14,52,2,07信義區,信義區信義路6段與虎林街口口,0,0,1,2,B01,8,6,5,50,4,2,1,5,4,5,13,2,1,5,4,5,2,17,1,61,3,10,7,1,7,11,1,4,1,8,,10,,1,22,121.5781094,25.0361788
113,6,12,14,55,2,05中正區,中正區汀州路1段與西藏路口,0,0,1,1,C03,8,7,5,50,4,1,1,5,4,5,13,2,1,3,4,5,2,13,2,68,2,9,5,1,7,14,1,10,1,13,,42,,1,21,121.5073845,25.0306627
113,6,12,14,55,2,05中正區,中正區汀州路1段與西藏路口,0,0,1,2,C03,8,7,5,50,4,1,1,5,4,5,13,2,1,3,4,5,2,13,1,29,3,10,5,1,7,9,1,10,1,11,,108,,1,21,121.5073845,25.0306627
113,6,12,15,4,2,10文山區,文山區木柵路2段138巷與興隆路4段109巷口口,0,0,1,1,B02,8,6,5,30,4,1,1,5,4,5,13,2,1,5,4,5,2,13,1,21,3,10,7,1,7,5,1,8,1,5,,8,,1,21,121.5627004,24.9867687
113,6,12,15,4,2,10文山區,文山區木柵路2段138巷與興隆路4段109巷口口,0,0,1,2,C04,8,6,5,30,4,1,1,5,4,5,13,2,1,5,4,5,2,13,2,72,2,9,5,1,7,5,1,10,1,13,,44,,1,21,121.5627004,24.9867687
113,6,12,15,11,2,12內湖區,內湖區麥帥二橋(內湖往松山),0,0,1,1,B12,8,5,5,60,10,7,1,5,4,5,13,4,4,10,4,5,2,13,1,28,2,1,7,1,7,9,1,8,1,1,,108,,1,21,121.5715358,25.0560454
113,6,12,15,11,2,12內湖區,內湖區麥帥二橋(內湖往松山),0,0,1,2,B03,8,5,5,60,10,7,1,5,4,5,13,4,4,10,4,5,2,13,1,53,3,10,7,1,7,14,1,4,1,3,,44,,1,21,121.5715358,25.0560454
113,6,12,15,17,2,07信義區,信義區信義路5段2號,0,0,1,1,C03,7,6,5,50,14,9,1,5,4,5,13,4,4,1,4,5,2,12,2,64,2,9,5,1,7,9,1,10,2,13,,17,,1,21,121.5600557,25.0329651
113,6,12,15,17,2,07信義區,信義區信義路5段2號,0,0,1,2,B03,7,6,5,50,14,9,1,5,4,5,13,4,4,1,4,5,2,12,1,46,3,10,7,1,7,9,1,8,2,2,,17,,1,21,121.5600557,25.0329651
113,6,12,15,22,2,09北投區,北投區承德路7段188巷與無名巷口,0,0,2,1,C03,7,6,5,30,4,1,1,5,4,5,13,4,4,10,5,5,1,15,1,19,2,9,6,1,7,9,1,10,1,11,,75,,1,21,121.5086282,25.1143606
113,6,12,15,22,2,09北投區,北投區承德路7段188巷與無名巷口,0,0,2,2,B03,7,6,5,30,4,1,1,5,4,5,13,4,4,10,5,5,1,15,2,44,3,10,7,1,7,9,1,8,1,4,,108,,1,21,121.5086282,25.1143606
113,6,12,15,22,2,09北投區,北投區承德路7段188巷與無名巷口,0,0,2,3,H02,7,6,5,30,4,1,1,5,4,5,13,4,4,10,5,5,1,15,1,20,2,9,5,5,7,20,8,20,10,16,,67,,1,21,121.5086282,25.1143606
113,6,12,15,44,2,09北投區,北投區中央北路4段與中央北路4段541巷口,0,0,1,1,C03,8,5,5,50,3,1,1,5,4,5,13,1,1,9,4,5,2,17,2,69,2,9,3,4,7,7,1,10,2,14,,100,,1,22,121.4678415,25.1279478
113,6,12,15,44,2,09北投區,北投區中央北路4段與中央北路4段541巷口,0,0,1,2,C03,8,5,5,50,3,1,1,5,4,5,13,1,1,9,4,5,2,17,1,42,3,10,3,4,7,9,1,10,2,17,,44,,1,21,121.4678415,25.1279478
113,6,12,15,45,2,06松山區,松山區民權東路4段與敦化北路口,0,0,1,1,C03,8,6,5,50,4,1,1,5,4,5,13,2,1,3,4,5,2,12,1,23,3,10,6,1,7,15,1,10,1,12,,100,,1,21,121.5505584,25.06163057
113,6,12,15,45,2,06松山區,松山區民權東路4段與敦化北路口,0,0,1,2,C03,8,6,5,50,4,1,1,5,4,5,13,2,1,3,4,5,2,12,1,33,2,9,6,1,7,9,1,10,1,14,,44,,1,21,121.5505584,25.06163057
113,6,12,16,24,2,06松山區,松山區八德路4段東往西第0202948號燈桿,0,0,1,1,C03,8,6,5,50,14,9,1,5,4,5,13,4,4,5,5,5,2,16,2,55,2,9,6,4,7,15,1,10,1,14,,100,,1,21,121.5593021,25.04839834
113,6,12,16,24,2,06松山區,松山區八德路4段東往西第0202948號燈桿,0,0,1,2,B03,8,6,5,50,14,9,1,5,4,5,13,4,4,5,5,5,2,16,1,37,3,10,7,4,7,9,1,8,1,6,,44,,1,21,121.5593021,25.04839834
113,6,12,16,40,2,06松山區,松山區南京東路5段298號,0,0,1,1,C03,8,5,5,30,14,9,1,5,4,5,13,4,4,3,5,5,2,17,1,27,2,9,6,4,7,6,1,10,2,14,,80,,1,22,121.5673888,25.0512375
113,6,12,16,40,2,06松山區,松山區南京東路5段298號,0,0,1,2,B03,8,5,5,30,14,9,1,5,4,5,13,4,4,3,5,5,2,17,1,33,3,10,3,4,7,7,1,8,2,5,,100,,1,22,121.5673888,25.0512375
113,6,12,17,7,2,02萬華區,萬華區艋舺大道206號,0,0,1,1,B03,7,6,8,50,22,22,1,5,4,5,13,4,4,1,4,4,2,17,1,56,3,10,7,1,7,6,1,8,1,2,,103,,1,21,121.4993051,25.0328953
113,6,12,17,7,2,02萬華區,萬華區艋舺大道206號,0,0,1,2,C03,7,6,8,50,22,22,1,5,4,5,13,4,4,1,4,4,2,17,1,20,2,8,6,1,7,9,1,10,1,14,,108,,1,21,121.4993051,25.0328953
113,6,12,17,17,2,10文山區,文山區興隆路1段13號,0,0,1,1,B03,8,6,5,50,14,9,1,5,4,5,13,4,4,1,4,5,2,16,1,52,3,10,7,1,7,6,1,8,1,2,,9,,1,21,121.5395359,25.0043479
113,6,12,17,17,2,10文山區,文山區興隆路1段13號,0,0,1,2,C03,8,6,5,50,14,9,1,5,4,5,13,4,4,1,4,5,2,16,1,49,2,7,6,1,7,9,1,10,1,11,,16,,1,21,121.5395359,25.0043479
113,6,12,17,35,2,12內湖區,內湖區瑞湖街與舊宗路2段171巷口,0,0,1,1,C03,8,7,5,50,4,1,1,5,4,5,13,2,1,9,4,5,2,17,2,55,2,9,6,1,7,6,1,10,2,14,,17,,1,21,121.577185,25.0711016
113,6,12,17,35,2,12內湖區,內湖區瑞湖街與舊宗路2段171巷口,0,0,1,2,C03,8,7,5,50,4,1,1,5,4,5,13,2,1,9,4,5,2,17,1,25,3,10,6,1,7,5,1,10,2,12,,44,,1,21,121.577185,25.0711016
113,6,12,17,53,2,01大同區,大同區承德路2段142號,0,0,1,1,B03,7,6,5,50,14,9,1,5,4,5,13,4,4,1,4,5,2,12,1,38,3,10,3,4,7,9,1,8,1,4,,118,,1,21,121.5181536,25.0595725
113,6,12,17,53,2,01大同區,大同區承德路2段142號,0,0,1,2,C03,7,6,5,50,14,9,1,5,4,5,13,4,4,1,4,5,2,12,1,35,2,9,3,4,7,9,1,10,1,12,,118,,1,21,121.5181536,25.0595725
113,6,12,18,24,2,03中山區,中山區吉林路299巷與吉林路口,0,0,1,1,B01,8,5,5,30,4,1,1,5,4,5,13,4,4,9,4,5,2,15,1,56,3,10,3,1,7,9,1,4,1,6,,107,,1,22,121.5302977,25.0626586
113,6,12,18,24,2,03中山區,中山區吉林路299巷與吉林路口,0,0,1,2,C03,8,5,5,30,4,1,1,5,4,5,13,4,4,9,4,5,2,15,2,40,2,9,6,1,7,9,1,10,1,11,,14,,1,22,121.5302977,25.0626586
113,6,12,18,25,2,05中正區,中正區重慶南路3段111號,0,0,2,1,C03,8,6,5,50,14,9,1,5,4,5,13,1,1,3,4,5,2,12,1,48,2,9,5,1,7,7,1,10,1,14,,100,,1,21,121.5170134,25.0238964
113,6,12,18,25,2,05中正區,中正區重慶南路3段111號,0,0,2,2,C03,8,6,5,50,14,9,1,5,4,5,13,1,1,3,4,5,2,12,1,36,2,9,5,1,7,9,1,9,1,12,,13,,1,21,121.5170134,25.0238964
113,6,12,18,43,2,06松山區,松山區觀山河濱公園3015244燈桿,0,0,1,1,F01,8,5,8,50,14,23,1,5,4,5,13,4,4,9,5,5,2,12,1,41,3,10,4,1,7,9,8,20,1,14,,108,,1,22,121.5684823,25.06421433
113,6,12,18,43,2,06松山區,松山區觀山河濱公園3015244燈桿,0,0,1,2,F01,8,5,8,50,14,23,1,5,4,5,13,4,4,9,5,5,2,12,2,59,2,7,4,1,7,9,8,20,1,12,,44,,1,22,121.5684823,25.06421433
113,6,12,18,59,2,02萬華區,萬華區康定路與康定路278巷口,0,0,1,1,C03,8,7,5,30,3,2,1,5,4,5,10,4,4,8,3,5,2,17,1,58,3,10,5,1,7,6,1,10,2,17,,14,,1,21,121.5015166,25.0369727
113,6,12,18,59,2,02萬華區,萬華區康定路與康定路278巷口,0,0,1,2,C03,8,7,5,30,3,2,1,5,4,5,10,4,4,8,3,5,2,17,2,39,2,9,5,1,7,9,1,10,2,17,,44,,1,21,121.5015166,25.0369727
113,6,12,18,59,2,09北投區,北投區承德路7段與承德路7段口384號,0,0,2,1,C03,8,5,5,50,3,2,1,5,4,5,13,4,4,1,4,5,2,13,1,30,2,7,5,1,7,6,1,10,1,12,,9,,1,21,121.5022818,25.11904124
113,6,12,18,59,2,09北投區,北投區承德路7段與承德路7段口384號,0,0,2,2,C03,8,5,5,50,3,2,1,5,4,5,13,4,4,1,4,5,2,13,2,32,2,7,5,1,7,9,1,10,1,11,,108,,1,21,121.5022818,25.11904124
113,6,12,19,7,2,10文山區,文山區木柵路1段139號,0,0,2,1,C03,8,5,5,50,14,9,2,5,4,5,13,2,1,5,4,5,2,17,1,31,2,7,5,4,7,9,1,10,1,11,,16,,1,21,121.5502084,24.98747395
113,6,12,19,7,2,10文山區,文山區木柵路1段139號,0,0,2,2,C03,8,5,5,50,14,9,2,5,4,5,13,2,1,5,4,5,2,17,1,46,2,9,5,4,7,14,1,9,1,13,,44,,1,21,121.5502084,24.98747395
113,6,12,19,20,2,04大安區,大安區忠孝東路3段與建國南路1段口,0,0,1,1,B03,7,5,5,50,5,1,1,5,4,5,13,2,1,10,5,5,2,16,2,48,3,10,3,4,7,5,1,8,1,7,,8,,1,22,121.5369067,25.041676
113,6,12,19,20,2,04大安區,大安區忠孝東路3段與建國南路1段口,0,0,1,2,C03,7,5,5,50,5,1,1,5,4,5,13,2,1,10,5,5,2,16,1,37,2,3,6,4,7,9,1,10,1,12,,44,,1,22,121.5369067,25.041676
113,6,12,19,37,2,02萬華區,萬華區和平西路3段13巷與三水街25巷口,0,0,2,1,C03,7,5,5,30,4,1,1,5,4,5,13,4,4,10,5,5,2,15,1,61,2,9,5,1,7,9,1,10,1,11,,44,,1,21,121.5044833,25.0348187
113,6,12,19,37,2,02萬華區,萬華區和平西路3段13巷與三水街25巷口,0,0,2,2,C03,7,5,5,30,4,1,1,5,4,5,13,4,4,10,5,5,2,15,1,42,2,9,5,1,7,9,1,10,1,11,,44,,1,21,121.5044833,25.0348187
113,6,12,20,0,2,10文山區,文山區木柵路1段1號,0,0,1,1,C03,8,5,5,50,14,9,1,5,4,5,13,4,4,5,5,5,1,18,1,17,2,9,6,1,7,9,2,18,1,14,,42,,1,16,121.5425136,24.98832809
113,6,12,20,0,2,10文山區,文山區木柵路1段1號,0,0,1,2,,8,5,5,50,14,9,1,5,4,5,13,4,4,5,5,5,1,18,3,0,,,,,,,,,,,,67,,1,,121.5425136,24.98832809
113,6,12,20,20,2,07信義區,信義區吳興街156巷25弄2號附近側附近,0,0,1,1,C04,8,5,5,30,14,9,1,5,4,5,13,4,4,5,4,5,2,18,2,37,2,9,5,1,7,9,1,10,1,14,,116,,1,21,121.5608733,25.0286333
113,6,12,20,20,2,07信義區,信義區吳興街156巷25弄2號附近側附近,0,0,1,2,,8,5,5,30,14,9,1,5,4,5,13,4,4,5,4,5,2,18,3,0,,,,,,,,,,,,67,,1,,121.5608733,25.0286333
113,6,12,20,30,2,05中正區,中正區忠孝東路2段37號,0,0,2,1,C03,8,5,5,50,14,9,1,5,4,5,13,4,4,3,4,3,2,9,1,16,2,9,6,1,7,9,2,18,1,11,,108,,1,21,121.5283161,25.04365834
113,6,12,20,30,2,05中正區,中正區忠孝東路2段37號,0,0,2,2,H01,8,5,5,50,14,9,1,5,4,5,13,4,4,3,4,3,2,9,1,40,2,6,4,5,8,16,8,20,1,16,,60,,1,21,121.5283161,25.04365834
113,6,12,20,37,2,07信義區,信義區松壽路與松智路15巷口,0,0,1,1,C03,8,5,5,30,4,1,1,5,4,5,13,4,4,10,4,5,2,17,2,18,2,9,6,1,7,6,1,10,1,14,,73,,1,22,121.5662318,25.0359021
113,6,12,20,37,2,07信義區,信義區松壽路與松智路15巷口,0,0,1,2,A02,8,5,5,30,4,1,1,5,4,5,13,4,4,10,4,5,2,17,1,49,3,10,7,1,7,1,1,2,1,5,,44,,1,22,121.5662318,25.0359021
113,6,12,20,50,2,03中山區,中山區林森北路310巷10號,0,0,1,1,C03,8,5,5,50,14,9,1,5,4,5,13,4,4,10,5,5,2,16,2,29,2,7,6,4,7,1,1,10,1,12,,19,,1,22,121.5249567,25.05624706
113,6,12,20,50,2,03中山區,中山區林森北路310巷10號,0,0,1,2,C03,8,5,5,50,14,9,1,5,4,5,13,4,4,10,5,5,2,16,2,22,3,10,6,1,7,9,1,10,1,14,,44,,1,22,121.5249567,25.05624706
113,6,12,21,6,2,10文山區,文山區興隆路3段58號,0,0,1,1,C03,8,5,5,50,3,1,1,5,4,5,13,2,1,1,4,5,2,12,1,18,2,9,6,1,7,8,1,10,1,12,,100,,1,21,121.5560922,25.0001317
113,6,12,21,6,2,10文山區,文山區興隆路3段58號,0,0,1,2,B03,8,5,5,50,3,1,1,5,4,5,13,2,1,1,4,5,2,12,2,38,3,10,7,1,7,9,1,8,1,4,,44,,1,21,121.5560922,25.0001317
113,6,12,21,12,2,01大同區,大同區台北橋機慢車道,0,0,3,1,C03,8,5,5,50,8,11,1,5,4,5,13,4,4,10,5,5,2,16,1,19,2,9,6,1,7,7,1,10,1,14,,100,,1,21,121.5085811,25.0635198
113,6,12,21,12,2,01大同區,大同區台北橋機慢車道,0,0,3,2,C03,8,5,5,50,8,11,1,5,4,5,13,4,4,10,5,5,2,16,1,27,2,9,6,1,7,9,1,10,1,12,,44,,1,21,121.5085811,25.0635198
113,6,12,21,12,2,01大同區,大同區台北橋機慢車道,0,0,3,3,H02,8,5,5,50,8,11,1,5,4,5,13,4,4,10,5,5,2,16,2,19,2,8,6,5,7,20,8,20,10,16,,67,,1,21,121.5085811,25.0635198
113,6,12,21,58,2,12內湖區,內湖區瑞光路與瑞光路316巷口口,0,0,1,1,B03,8,5,5,50,3,1,1,5,4,5,13,2,1,5,4,5,2,16,1,36,3,10,7,1,7,5,1,8,1,2,,71,,1,21,121.5739943,25.07676657
113,6,12,21,58,2,12內湖區,內湖區瑞光路與瑞光路316巷口口,0,0,1,2,C03,8,5,5,50,3,1,1,5,4,5,13,2,1,5,4,5,2,16,1,28,2,9,6,1,7,9,1,10,1,11,,44,,1,21,121.5739943,25.07676657
113,6,12,22,0,2,11南港區,南港區南港路2段與成功路1段口,0,0,1,2,C03,7,5,5,50,3,1,1,5,4,5,13,2,1,5,2,5,2,17,1,24,2,9,5,1,7,9,1,10,2,11,,16,,1,22,121.5932242,25.05447344
113,6,12,22,0,2,11南港區,南港區南港路2段與成功路1段口,0,0,1,1,B03,7,5,5,50,3,1,1,5,4,5,13,2,1,5,2,5,2,17,1,55,3,10,7,1,7,5,1,8,2,5,,8,,1,22,121.5932242,25.05447344
113,6,12,22,9,2,12內湖區,內湖區文德路與文德路22巷口,0,0,1,1,F01,7,5,5,50,4,1,1,5,4,5,13,1,1,1,3,5,1,17,2,25,2,9,2,1,7,6,8,20,1,12,,9,,1,21,121.5795118,25.0783856
113,6,12,22,9,2,12內湖區,內湖區文德路與文德路22巷口,0,0,1,2,F01,7,5,5,50,4,1,1,5,4,5,13,1,1,1,3,5,1,17,1,17,3,10,2,1,7,9,8,20,1,11,,108,,1,21,121.5795118,25.0783856
113,6,12,22,29,2,01大同區,大同區民權西路與延平北路3段口,0,0,1,1,B03,8,5,5,50,14,11,1,5,4,5,13,1,1,1,4,5,2,17,1,28,3,10,7,1,7,9,1,8,2,17,,97,,1,21,121.5109585,25.0630658
113,6,12,22,29,2,01大同區,大同區民權西路與延平北路3段口,0,0,1,2,C03,8,5,5,50,14,11,1,5,4,5,13,1,1,1,4,5,2,17,1,39,2,4,6,1,7,9,1,10,2,12,,44,,1,21,121.5109585,25.0630658
113,6,12,22,50,2,10文山區,文山區辛亥路7段69巷與辛亥路7段口,0,0,1,1,C03,8,5,5,50,3,2,1,5,4,5,13,4,4,5,5,4,1,13,2,29,2,9,6,1,7,9,3,18,1,11,,108,,1,21,121.5538587,24.982483
113,6,12,22,50,2,10文山區,文山區辛亥路7段69巷與辛亥路7段口,0,0,1,2,C03,8,5,5,50,3,2,1,5,4,5,13,4,4,5,5,4,1,13,1,21,3,10,6,1,7,9,1,10,1,13,,44,,1,21,121.5538587,24.982483
113,6,12,23,22,2,03中山區,中山區復興北路28號,0,0,1,1,B03,8,5,5,30,14,9,1,5,4,5,13,4,4,1,4,5,2,12,1,34,3,10,7,1,7,8,1,21,1,5,,100,,1,21,121.5438053,25.04879184
113,6,12,23,22,2,03中山區,中山區復興北路28號,0,0,1,2,C03,8,5,5,30,14,9,1,5,4,5,13,4,4,1,4,5,2,12,1,19,2,9,5,1,7,9,3,18,1,14,12,13,,1,21,121.5438053,25.04879184
113,6,12,23,22,2,03中山區,中山區復興北路28號,0,0,1,3,B03,8,5,5,30,14,9,1,5,4,5,13,4,4,1,4,5,2,12,2,57,3,10,7,1,7,14,1,8,1,17,,38,,1,21,121.5438053,25.04879184
113,6,13,1,58,2,06松山區,松山區延吉街7-6號,0,0,1,1,B02,8,5,5,50,14,9,1,5,4,5,13,4,4,9,4,5,2,36,1,23,2,8,3,4,7,9,3,18,2,2,,108,,1,22,121.5534583,25.04715948
113,6,13,1,58,2,06松山區,松山區延吉街7-6號,0,0,1,2,,8,5,5,50,14,9,1,5,4,5,13,4,4,9,4,5,2,36,3,62,,,,,,,,,,,,67,,1,,121.5534583,25.04715948
113,6,13,1,58,2,06松山區,松山區延吉街7-6號,0,0,1,3,,8,5,5,50,14,9,1,5,4,5,13,4,4,9,4,5,2,36,3,62,,,,,,,,,,,,67,,1,,121.5534583,25.04715948
113,6,13,1,58,2,06松山區,松山區延吉街7-6號,0,0,1,4,,8,5,5,50,14,9,1,5,4,5,13,4,4,9,4,5,2,36,3,31,,,,,,,,,,,,67,,1,,121.5534583,25.04715948
113,6,13,1,58,2,06松山區,松山區延吉街7-6號,0,0,1,5,,8,5,5,50,14,9,1,5,4,5,13,4,4,9,4,5,2,36,3,45,,,,,,,,,,,,67,,1,,121.5534583,25.04715948
113,6,13,1,58,2,06松山區,松山區延吉街7-6號,0,0,1,6,,8,5,5,50,14,9,1,5,4,5,13,4,4,9,4,5,2,36,3,41,,,,,,,,,,,,67,,1,,121.5534583,25.04715948
113,6,13,1,58,2,06松山區,松山區延吉街7-6號,0,0,1,7,,8,5,5,50,14,9,1,5,4,5,13,4,4,9,4,5,2,36,3,57,,,,,,,,,,,,67,,1,,121.5534583,25.04715948
113,6,13,1,58,2,06松山區,松山區延吉街7-6號,0,0,1,8,,8,5,5,50,14,9,1,5,4,5,13,4,4,9,4,5,2,36,3,56,,,,,,,,,,,,67,,1,,121.5534583,25.04715948
113,6,13,1,58,2,06松山區,松山區延吉街7-6號,0,0,1,9,,8,5,5,50,14,9,1,5,4,5,13,4,4,9,4,5,2,36,3,53,,,,,,,,,,,,67,,1,,121.5534583,25.04715948
113,6,13,1,58,2,06松山區,松山區延吉街7-6號,0,0,1,10,,8,5,5,50,14,9,1,5,4,5,13,4,4,9,4,5,2,36,3,46,,,,,,,,,,,,67,,1,,121.5534583,25.04715948
113,6,13,1,58,2,06松山區,松山區延吉街7-6號,0,0,1,11,,8,5,5,50,14,9,1,5,4,5,13,4,4,9,4,5,2,36,3,38,,,,,,,,,,,,67,,1,,121.5534583,25.04715948
113,6,13,6,0,2,03中山區,中山區中山北路2段與中山北路2段20巷口口,0,0,1,1,B02,8,5,6,30,3,1,1,5,4,5,13,4,4,4,3,5,1,16,1,42,3,10,7,1,7,6,1,4,1,7,,72,,1,21,121.5223663,25.0534359
113,6,13,6,0,2,03中山區,中山區中山北路2段與中山北路2段20巷口口,0,0,1,2,C03,8,5,6,30,3,1,1,5,4,5,13,4,4,4,3,5,1,16,1,66,2,9,6,1,7,9,1,10,1,11,,14,,1,21,121.5223663,25.0534359
113,6,13,6,58,2,10文山區,文山區仙岩路與仙岩路11巷口,0,0,2,1,B03,8,6,5,30,4,2,1,5,4,3,12,4,4,10,5,5,2,17,2,54,2,9,7,1,7,9,1,8,1,1,,107,,1,21,121.5482862,24.9986099
113,6,13,6,58,2,10文山區,文山區仙岩路與仙岩路11巷口,0,0,2,3,C03,8,6,5,30,4,2,1,5,4,3,12,4,4,10,5,5,2,17,1,24,4,11,3,4,7,13,7,19,11,14,,44,,1,22,121.5482862,24.9986099
113,6,13,6,58,2,10文山區,文山區仙岩路與仙岩路11巷口,0,0,2,2,C03,8,6,5,30,4,2,1,5,4,3,12,4,4,10,5,5,2,17,1,39,2,9,6,1,7,6,1,10,1,12,,44,,1,21,121.5482862,24.9986099
113,6,13,6,58,2,10文山區,文山區仙岩路與仙岩路11巷口,0,0,2,4,,8,6,5,30,4,2,1,5,4,3,12,4,4,10,5,5,2,17,3,0,,,,,,,,,,,,67,,1,,121.5482862,24.9986099
113,6,13,6,58,2,10文山區,文山區仙岩路與仙岩路11巷口,0,0,2,5,C03,8,6,5,30,4,2,1,5,4,3,12,4,4,10,5,5,2,17,1,70,3,10,6,1,7,13,1,10,11,17,,38,,1,21,121.5482862,24.9986099
113,6,13,7,30,2,12內湖區,內湖區星雲街136號前,0,0,1,1,C03,7,6,5,50,14,9,1,5,4,5,13,1,1,5,5,5,2,17,2,43,2,9,6,1,7,9,1,10,1,12,,42,,1,21,121.594971,25.0797897
113,6,13,7,30,2,12內湖區,內湖區星雲街136號前,0,0,1,2,B03,7,6,5,50,14,9,1,5,4,5,13,1,1,5,5,5,2,17,1,49,3,10,7,1,7,14,1,8,1,4,,38,,1,21,121.594971,25.0797897
113,6,13,7,57,2,03中山區,中山區民權東路2段136號,0,0,2,1,B01,8,7,5,50,14,9,1,5,4,5,13,2,1,3,4,5,2,13,1,38,3,10,7,1,7,8,1,4,1,6,,100,,1,22,121.532915,25.0624165
113,6,13,7,57,2,03中山區,中山區民權東路2段136號,0,0,2,2,C03,8,7,5,50,14,9,1,5,4,5,13,2,1,3,4,5,2,13,2,33,2,9,6,1,7,9,1,10,1,11,,44,,1,22,121.532915,25.0624165
113,6,13,7,57,2,03中山區,中山區民權東路2段136號,0,0,2,3,C03,8,7,5,50,14,9,1,5,4,5,13,2,1,3,4,5,2,13,2,22,2,8,6,1,7,12,1,10,1,13,,16,,1,22,121.532915,25.0624165
113,6,13,8,0,2,07信義區,信義區永吉路206號,0,0,2,1,B01,8,7,5,50,14,9,1,5,4,5,13,4,4,9,4,5,2,17,1,60,3,10,7,1,7,9,1,4,2,4,,44,,1,21,121.5729154,25.0455252