發生年度,發生月,發生日,發生時-Hours,發生分,處理別-編號,區序,肇事地點,死亡人數,2-30日死亡人數,受傷人數,當事人序號,車種,天候,道路照明設備,道路類別,速限-速度限制,道路型態,事故位置,路面狀況1,路面狀況2,路面狀況3,道路障礙1,道路障礙2,號誌1,號誌2,車道劃分-分向,車道劃分-分道1,車道劃分-分道2,車道劃分-分道3,事故類型及型態,性別,年齡,受傷程度,主要傷處,保護裝置,行動電話,車輛用途,當事者行動狀態,駕駛資格情形,駕駛執照種類,飲酒情形,車輛撞擊部位1,車輛撞擊部位2,肇因碼-個別,肇因碼-主要,個人肇逃否,職業,座標-X,座標-Y
113,6,13,8,0,2,07信義區,信義區永吉路206號,0,0,2,2,C03,8,7,5,50,14,9,1,5,4,5,13,4,4,9,4,5,2,17,1,77,2,9,5,1,7,15,1,10,2,12,,44,,1,21,121.5729154,25.0455252
113,6,13,8,0,2,07信義區,信義區永吉路206號,0,0,2,3,H02,8,7,5,50,14,9,1,5,4,5,13,4,4,9,4,5,2,17,2,76,2,9,5,5,7,20,8,20,10,16,,67,,1,21,121.5729154,25.0455252
113,6,13,8,3,2,04大安區,大安區忠孝東路4段248巷與延吉街138巷口,0,0,1,1,B01,8,6,5,30,4,1,1,5,4,5,13,4,4,10,5,5,2,15,1,56,3,10,7,1,7,9,1,4,1,1,,72,,1,21,121.5540793,25.0398546
113,6,13,8,3,2,04大安區,大安區忠孝東路4段248巷與延吉街138巷口,0,0,1,2,C04,8,6,5,30,4,1,1,5,4,5,13,4,4,10,5,5,2,15,2,41,2,7,6,1,7,9,1,11,1,14,,108,,1,21,121.5540793,25.0398546
113,6,13,8,8,2,08士林區,士林區中山北路6段與忠誠路1段口,0,0,1,1,B03,8,5,5,50,4,1,1,5,4,5,13,2,1,1,4,5,1,13,2,28,3,10,7,1,7,9,1,8,1,1,,108,,1,21,121.5245801,25.1044815
113,6,13,8,8,2,08士林區,士林區中山北路6段與忠誠路1段口,0,0,1,2,C03,8,5,5,50,4,1,1,5,4,5,13,2,1,1,4,5,1,13,1,43,2,9,5,1,7,12,1,10,1,13,,44,,1,21,121.5245801,25.1044815
113,6,13,8,8,2,08士林區,士林區中山北路6段與忠誠路1段口,0,0,1,3,B01,8,5,5,50,4,1,1,5,4,5,13,2,1,1,4,5,1,13,1,52,3,10,7,1,7,12,1,2,1,3,,44,,1,21,121.5245801,25.1044815
113,6,13,8,22,2,08士林區,士林區中山北路7段47號,0,0,2,2,C03,8,6,5,50,14,9,1,5,4,5,13,4,4,1,4,5,1,17,1,23,2,9,5,1,7,1,1,10,1,12,,19,,1,21,121.5307825,25.11951181
113,6,13,8,22,2,08士林區,士林區中山北路7段47號,0,0,2,6,H02,8,6,5,50,14,9,1,5,4,5,13,4,4,1,4,5,1,17,2,22,2,7,5,5,7,20,8,20,10,16,,67,,1,21,121.5307825,25.11951181
113,6,13,8,22,2,08士林區,士林區中山北路7段47號,0,0,2,1,A02,8,6,5,50,14,9,1,5,4,5,13,4,4,1,4,5,1,17,1,62,3,10,7,1,7,9,1,2,11,17,,44,,1,21,121.5307825,25.11951181
113,6,13,8,22,2,08士林區,士林區中山北路7段47號,0,0,2,3,C03,8,6,5,50,14,9,1,5,4,5,13,4,4,1,4,5,1,17,2,63,3,10,5,1,7,13,1,11,11,12,,44,,1,21,121.5307825,25.11951181
113,6,13,8,22,2,08士林區,士林區中山北路7段47號,0,0,2,4,C03,8,6,5,50,14,9,1,5,4,5,13,4,4,1,4,5,1,17,1,63,3,10,5,1,7,13,1,10,11,12,,44,,1,21,121.5307825,25.11951181
113,6,13,8,22,2,08士林區,士林區中山北路7段47號,0,0,2,5,C03,8,6,5,50,14,9,1,5,4,5,13,4,4,1,4,5,1,17,1,47,3,10,5,1,7,13,1,10,11,12,,44,,1,21,121.5307825,25.11951181
113,6,13,8,30,2,05中正區,中正區信義路1段(國家音樂廳停車場入口旁紅磚道),0,0,2,1,F01,8,6,8,50,22,22,4,5,4,4,12,4,4,10,5,5,2,10,1,39,2,8,4,1,7,9,8,20,1,11,,108,,1,22,121.5203352,25.03721876
113,6,13,8,30,2,05中正區,中正區信義路1段(國家音樂廳停車場入口旁紅磚道),0,0,2,2,F01,8,6,8,50,22,22,4,5,4,4,12,4,4,10,5,5,2,10,2,39,2,9,4,1,7,9,8,20,1,11,,108,,1,22,121.5203352,25.03721876
113,6,13,8,34,2,08士林區,士林區中山北路7段141巷與中山北路7段191巷口,0,0,2,1,C03,8,7,5,50,3,1,1,5,4,5,13,4,4,5,5,5,2,17,2,34,2,9,5,1,7,5,1,10,2,11,,74,,1,21,121.5312311,25.1257908
113,6,13,8,34,2,08士林區,士林區中山北路7段141巷與中山北路7段191巷口,0,0,2,2,C03,8,7,5,50,3,1,1,5,4,5,13,4,4,5,5,5,2,17,1,36,2,9,5,1,7,9,1,10,2,11,,44,,1,21,121.5312311,25.1257908
113,6,13,8,59,2,01大同區,大同區承德路3段與酒泉街口,0,0,1,1,B03,8,5,5,50,5,1,1,5,4,5,13,2,1,2,4,5,2,10,2,53,3,10,7,1,7,15,1,8,2,5,,98,,1,22,121.5185701,25.0705268
113,6,13,8,59,2,01大同區,大同區承德路3段與酒泉街口,0,0,1,2,C03,8,5,5,50,5,1,1,5,4,5,13,2,1,2,4,5,2,10,2,22,2,9,5,1,7,15,1,10,2,11,,13,,1,22,121.5185701,25.0705268
113,6,13,9,22,2,12內湖區,內湖區成美橋(南港往內湖),0,0,1,1,C04,8,6,5,50,8,9,1,5,4,5,13,2,1,5,4,5,1,12,2,46,3,10,5,1,7,9,1,10,9,12,,108,,2,21,121.5823409,25.0554051
113,6,13,9,22,2,12內湖區,內湖區成美橋(南港往內湖),0,0,1,2,F02,8,6,5,50,8,9,1,5,4,5,13,2,1,5,4,5,1,12,2,54,2,9,2,1,7,15,8,20,1,14,,5,,1,22,121.5823409,25.0554051
113,6,13,9,29,2,09北投區,北投區承德路7段221號,0,0,2,1,C03,8,6,5,40,14,8,1,5,4,5,13,4,4,1,4,4,2,13,1,75,2,9,5,1,7,9,1,10,1,11,,108,,1,21,121.5064993,25.114751
113,6,13,9,29,2,09北投區,北投區承德路7段221號,0,0,2,2,F01,8,6,5,40,14,8,1,5,4,5,13,4,4,1,4,4,2,13,1,24,2,8,4,1,7,9,8,20,1,13,,44,,1,21,121.5064993,25.114751
113,6,13,9,47,2,08士林區,士林區福國路與德行西路94巷口,0,0,2,1,C03,8,7,5,50,5,1,1,5,4,5,13,2,1,1,2,1,2,17,1,34,2,9,6,1,7,9,1,10,1,11,,16,,1,21,121.5216846,25.10181148
113,6,13,9,47,2,08士林區,士林區福國路與德行西路94巷口,0,0,2,2,C03,8,7,5,50,5,1,1,5,4,5,13,2,1,1,2,1,2,17,1,33,2,9,6,1,7,12,1,10,1,13,,44,,1,21,121.5216846,25.10181148
113,6,13,9,47,2,08士林區,士林區福國路與德行西路94巷口,0,0,2,3,B01,8,7,5,50,5,1,1,5,4,5,13,2,1,1,2,1,2,17,1,47,3,10,7,1,7,6,1,4,1,8,,9,,1,21,121.5216846,25.10181148
113,6,13,9,55,2,12內湖區,內湖區舊宗路1段與新湖三路口,0,0,1,1,B01,8,5,5,50,4,1,1,5,4,5,13,2,1,1,4,5,2,16,1,52,3,10,7,1,7,5,1,4,1,8,,85,,1,21,121.5767007,25.06358602
113,6,13,9,55,2,12內湖區,內湖區舊宗路1段與新湖三路口,0,0,1,2,C03,8,5,5,50,4,1,1,5,4,5,13,2,1,1,4,5,2,16,1,33,2,7,5,1,7,9,1,9,1,11,,13,,1,21,121.5767007,25.06358602
113,6,13,10,9,2,04大安區,大安區新生南路1段與新生南路1段133巷口,0,0,2,1,B12,8,6,5,50,3,1,1,5,4,5,13,4,4,3,2,2,2,16,1,27,3,10,7,1,7,6,1,8,1,2,,9,,1,21,121.5329383,25.0373799
113,6,13,10,9,2,04大安區,大安區新生南路1段與新生南路1段133巷口,0,0,2,2,C03,8,6,5,50,3,1,1,5,4,5,13,4,4,3,2,2,2,16,1,29,2,9,6,1,7,9,3,18,1,11,,108,,1,21,121.5329383,25.0373799
113,6,13,10,9,2,04大安區,大安區新生南路1段與新生南路1段133巷口,0,0,2,3,H02,8,6,5,50,3,1,1,5,4,5,13,4,4,3,2,2,2,16,2,28,2,9,6,5,7,20,8,20,10,16,,67,,1,21,121.5329383,25.0373799
113,6,13,10,15,2,04大安區,大安區市民大道4段與光復南路72巷口,0,0,1,2,C03,8,6,5,40,3,1,1,5,4,1,11,4,4,1,4,5,2,16,1,28,2,9,5,1,7,9,1,10,1,12,,44,,1,21,121.5556098,25.044535
113,6,13,10,15,2,04大安區,大安區市民大道4段與光復南路72巷口,0,0,1,1,B03,8,6,5,40,3,1,1,5,4,1,11,4,4,1,4,5,2,16,2,40,3,10,7,1,7,6,1,8,1,8,,72,,1,21,121.5556098,25.044535
113,6,13,10,24,2,04大安區,大安區臥龍街與臥龍街151巷口,0,0,1,1,B03,8,7,5,40,5,1,1,5,4,5,13,1,1,9,2,4,2,17,1,26,3,10,7,1,7,5,1,8,1,8,,17,,1,21,121.5508695,25.0182609
113,6,13,10,24,2,04大安區,大安區臥龍街與臥龍街151巷口,0,0,1,2,C03,8,7,5,40,5,1,1,5,4,5,13,1,1,9,2,4,2,17,1,66,2,8,6,1,7,5,1,10,1,12,,17,,1,21,121.5508695,25.0182609
113,6,13,11,5,2,10文山區,文山區景文街與景文街103巷口口,0,0,2,1,C03,8,6,5,50,3,1,1,5,4,5,13,4,4,5,5,4,2,16,1,62,2,9,6,1,7,5,1,10,1,12,,74,,1,21,121.5412387,24.9907583
113,6,13,11,5,2,10文山區,文山區景文街與景文街103巷口口,0,0,2,2,C03,8,6,5,50,3,1,1,5,4,5,13,4,4,5,5,4,2,16,1,39,2,9,6,1,7,9,1,10,1,11,,44,,1,21,121.5412387,24.9907583
113,6,13,11,27,2,03中山區,中山區北安路588巷與北安路608巷4弄口,0,0,1,1,C03,8,6,5,30,4,1,1,5,4,5,13,4,4,10,5,5,2,15,2,49,3,10,5,1,7,9,1,10,1,13,,75,,1,22,121.5491417,25.0810858
113,6,13,11,27,2,03中山區,中山區北安路588巷與北安路608巷4弄口,0,0,1,2,C03,8,6,5,30,4,1,1,5,4,5,13,4,4,10,5,5,2,15,2,39,2,9,5,1,7,9,1,10,1,11,,13,,1,22,121.5491417,25.0810858
113,6,13,11,50,2,06松山區,松山區塔悠路97號,0,0,1,1,C03,8,6,5,50,14,9,1,5,4,5,13,4,4,1,4,5,2,17,2,22,3,10,6,4,7,6,1,10,1,17,,44,,1,21,121.5703181,25.05264987
113,6,13,11,50,2,06松山區,松山區塔悠路97號,0,0,1,2,C03,8,6,5,50,14,9,1,5,4,5,13,4,4,1,4,5,2,17,1,54,2,9,6,4,7,9,1,10,1,14,,16,,1,21,121.5703181,25.05264987
113,6,13,11,51,2,05中正區,中正區臨沂街3巷19號前,0,0,1,1,B12,8,6,5,30,14,9,1,5,4,5,13,4,4,10,5,5,1,8,1,45,3,10,7,1,7,9,1,8,11,3,,60,,1,21,121.5314947,25.0432876
113,6,13,11,51,2,05中正區,中正區臨沂街3巷19號前,0,0,1,2,H01,8,6,5,30,14,9,1,5,4,5,13,4,4,10,5,5,1,8,1,23,2,1,4,5,8,17,8,20,10,16,,44,,1,22,121.5314947,25.0432876
113,6,13,12,2,2,07信義區,信義區信義路5段與松仁路口,0,0,1,1,F03,7,5,5,0,22,20,1,5,4,5,13,4,4,10,5,5,2,1,4,0,4,11,3,4,7,21,8,20,11,15,,119,,2,21,121.5685969,25.0330183
113,6,13,12,2,2,07信義區,信義區信義路5段與松仁路口,0,0,1,2,H01,7,5,5,0,22,20,1,5,4,5,13,4,4,10,5,5,2,1,1,26,2,7,4,5,8,16,8,20,10,16,,67,,1,21,121.5685969,25.0330183
113,6,13,12,16,2,10文山區,文山區羅斯福路6段159巷與三福街口口,0,0,2,2,C03,8,6,5,30,4,1,1,5,4,5,13,4,4,10,5,5,1,15,1,34,2,3,5,1,7,9,1,10,1,12,,44,,1,21,121.5423826,24.9971302
113,6,13,12,16,2,10文山區,文山區羅斯福路6段159巷與三福街口口,0,0,2,3,H02,8,6,5,30,4,1,1,5,4,5,13,4,4,10,5,5,1,15,2,71,2,9,6,5,7,21,8,20,10,16,,67,,1,21,121.5423826,24.9971302
113,6,13,12,16,2,10文山區,文山區羅斯福路6段159巷與三福街口口,0,0,2,1,C03,8,6,5,30,4,1,1,5,4,5,13,4,4,10,5,5,1,15,1,46,3,10,6,1,7,9,1,10,1,11,,72,,1,21,121.5423826,24.9971302
113,6,13,12,26,2,11南港區,南港區南港路2段26號,0,0,1,1,B02,7,7,5,50,14,7,1,5,4,5,13,4,4,4,3,4,2,12,1,57,3,10,7,1,7,7,1,8,1,4,,100,,1,22,121.6052399,25.0540838
113,6,13,12,26,2,11南港區,南港區南港路2段26號,0,0,1,2,C03,7,7,5,50,14,7,1,5,4,5,13,4,4,4,3,4,2,12,1,25,2,9,6,1,7,9,1,10,1,11,,44,,1,26,121.6052399,25.0540838
113,6,13,12,33,2,06松山區,松山區塔悠路36號,0,0,1,1,C04,7,7,5,50,14,7,1,5,4,3,13,1,1,1,3,4,2,12,2,73,2,9,5,1,7,7,1,21,1,14,,100,,1,21,121.5711181,25.0507887
113,6,13,12,33,2,06松山區,松山區塔悠路36號,0,0,1,2,B03,7,7,5,50,14,7,1,5,4,3,13,1,1,1,3,4,2,12,1,30,3,10,7,1,7,3,1,8,1,2,,44,,1,21,121.5711181,25.0507887
113,6,13,13,10,2,09北投區,北投區石牌路2段與立農街2段口口,0,0,1,1,B03,8,5,5,30,14,9,1,5,4,5,13,4,4,10,5,5,2,12,1,81,3,10,7,1,7,9,1,8,11,2,,44,,2,21,121.51832,25.1189362
113,6,13,13,10,2,09北投區,北投區石牌路2段與立農街2段口口,0,0,1,2,C03,8,5,5,30,14,9,1,5,4,5,13,4,4,10,5,5,2,12,2,49,2,9,5,1,7,15,1,10,2,14,,101,,1,21,121.51832,25.1189362
113,6,13,13,10,2,09北投區,北投區石牌路2段與立農街2段口口,0,0,1,3,B03,8,5,5,30,14,9,1,5,4,5,13,4,4,10,5,5,2,12,4,0,,,,,,,,,11,,,38,,1,,121.51832,25.1189362
113,6,13,13,10,2,07信義區,信義區松仁路221號,0,0,1,2,C03,8,6,5,50,14,9,1,5,4,5,13,2,1,5,5,5,2,12,1,25,2,8,6,1,7,7,1,10,2,14,,100,,1,23,121.5683191,25.0267946
113,6,13,13,10,2,07信義區,信義區松仁路221號,0,0,1,1,B03,8,6,5,50,14,9,1,5,4,5,13,2,1,5,5,5,2,12,1,72,3,10,3,4,7,9,1,8,2,5,,108,,1,22,121.5683191,25.0267946
113,6,13,13,30,2,01大同區,大同區永昌街與民樂街口,0,0,2,1,C03,8,6,5,30,3,1,1,5,4,5,13,4,4,10,5,5,2,16,2,38,2,7,6,1,7,5,1,10,2,11,,80,,1,22,121.5109137,25.0555906
113,6,13,13,30,2,01大同區,大同區永昌街與民樂街口,0,0,2,2,B03,8,6,5,30,3,1,1,5,4,5,13,4,4,10,5,5,2,16,1,49,3,10,7,1,7,9,1,8,2,8,,44,,1,22,121.5109137,25.0555906
113,6,13,13,30,2,01大同區,大同區永昌街與民樂街口,0,0,2,3,H02,8,6,5,30,3,1,1,5,4,5,13,4,4,10,5,5,2,16,1,5,2,8,2,5,7,21,8,20,10,16,,67,,1,22,121.5109137,25.0555906
113,6,13,13,35,2,04大安區,大安區基隆路3段130號,0,0,1,1,B03,8,6,5,50,14,7,1,5,4,5,13,4,4,9,4,4,1,12,2,40,3,10,3,4,7,8,1,8,1,2,,100,,1,21,121.5434313,25.01658607
113,6,13,13,35,2,04大安區,大安區基隆路3段130號,0,0,1,2,C03,8,6,5,50,14,7,1,5,4,5,13,4,4,9,4,4,1,12,2,51,2,8,5,1,7,9,1,10,1,14,,17,,1,21,121.5434313,25.01658607
113,6,13,13,40,2,08士林區,士林區大東路與福德路口,0,0,1,1,B03,8,5,5,50,4,1,1,5,4,5,13,2,1,5,5,5,2,16,1,37,3,10,3,4,7,5,1,8,1,1,,83,,1,22,121.5253501,25.0921571
113,6,13,13,40,2,08士林區,士林區大東路與福德路口,0,0,1,2,C03,8,5,5,50,4,1,1,5,4,5,13,2,1,5,5,5,2,16,1,20,2,7,3,4,7,9,1,10,1,11,,81,,1,22,121.5253501,25.0921571
113,6,13,13,44,2,01大同區,大同區民生西路405號,0,0,1,1,B03,7,6,5,50,14,9,1,5,4,5,13,4,4,4,4,5,2,16,2,33,3,10,3,4,7,9,1,8,1,5,,108,,1,21,121.5091776,25.0569069
113,6,13,13,44,2,01大同區,大同區民生西路405號,0,0,1,2,C03,7,6,5,50,14,9,1,5,4,5,13,4,4,4,4,5,2,16,2,65,2,9,3,4,7,7,1,10,1,13,,100,,1,21,121.5091776,25.0569069
113,6,13,14,22,2,07信義區,信義區虎林街30巷(松隆路286之1號),0,0,1,1,C03,8,6,8,50,22,22,1,5,4,5,13,4,4,1,4,5,2,17,1,23,3,10,6,1,7,5,1,10,2,14,,83,,1,22,121.5759951,25.0482423
113,6,13,14,22,2,07信義區,信義區虎林街30巷(松隆路286之1號),0,0,1,2,C03,8,6,8,50,22,22,1,5,4,5,13,4,4,1,4,5,2,17,1,66,2,8,6,1,7,9,1,10,9,11,,5,,1,22,121.5759951,25.0482423
113,6,13,14,30,2,08士林區,士林區中山北路7段與中山北路7段140巷口口,0,0,1,1,C03,8,7,5,50,4,1,1,5,4,5,13,2,1,1,4,5,1,18,2,70,2,9,5,1,7,11,1,10,9,14,,44,,1,21,121.5321553,25.12303546
113,6,13,14,30,2,08士林區,士林區中山北路7段與中山北路7段140巷口口,0,0,1,2,,8,7,5,50,4,1,1,5,4,5,13,2,1,1,4,5,1,18,3,0,,,,,,,,,,,,67,,1,,121.5321553,25.12303546
113,6,13,15,6,2,01大同區,大同區長安西路與西寧北路口,0,0,1,1,B03,8,6,5,50,4,1,1,5,4,5,13,2,1,5,5,5,2,16,2,64,3,10,7,1,7,5,1,8,1,8,,83,,1,21,121.5085851,25.0520083
113,6,13,15,6,2,01大同區,大同區長安西路與西寧北路口,0,0,1,2,C03,8,6,5,50,4,1,1,5,4,5,13,2,1,5,5,5,2,16,1,40,2,9,5,1,7,9,1,10,1,14,,44,,1,21,121.5085851,25.0520083
113,6,13,15,23,2,03中山區,中山區堤頂大道2段與樂群一路口,0,0,1,1,C03,7,5,5,50,5,2,1,5,4,5,13,2,1,3,4,5,2,29,1,20,2,9,3,4,7,9,1,10,1,11,,108,,1,21,121.5684095,25.0773502
113,6,13,15,23,2,03中山區,中山區堤頂大道2段與樂群一路口,0,0,1,2,B12,7,5,5,50,5,2,1,5,4,5,13,2,1,3,4,5,2,29,3,0,,,,,,,,,,,,67,,1,,121.5684095,25.0773502
113,6,13,15,23,2,03中山區,中山區堤頂大道2段與樂群一路口,0,0,1,3,B12,7,5,5,50,5,2,1,5,4,5,13,2,1,3,4,5,2,29,1,25,3,10,3,4,7,9,1,8,9,17,,44,,1,21,121.5684095,25.0773502
113,6,13,15,50,2,08士林區,士林區劍潭路與承德路4段口,0,0,2,1,C03,8,6,5,50,4,2,1,5,4,5,13,1,1,1,4,5,2,17,1,46,3,10,5,1,7,6,1,10,1,12,,9,,1,22,121.523346,25.0843351
113,6,13,15,50,2,08士林區,士林區劍潭路與承德路4段口,0,0,2,2,C03,8,6,5,50,4,2,1,5,4,5,13,1,1,1,4,5,2,17,2,20,2,8,6,1,7,15,1,10,1,14,,44,,1,22,121.523346,25.0843351
113,6,13,15,50,2,08士林區,士林區劍潭路與承德路4段口,0,0,2,3,H02,8,6,5,50,4,2,1,5,4,5,13,1,1,1,4,5,2,17,2,20,2,8,6,5,7,17,8,20,10,16,,67,,1,22,121.523346,25.0843351
113,6,13,16,6,2,07信義區,信義區福德街214號,0,0,1,1,C03,8,6,5,30,14,9,1,5,4,5,13,4,4,9,5,5,2,13,2,63,2,7,5,4,7,9,1,10,1,11,,16,,1,22,121.584299,25.0383493
113,6,13,16,6,2,07信義區,信義區福德街214號,0,0,1,2,B01,8,6,5,30,14,9,1,5,4,5,13,4,4,9,5,5,2,13,1,49,3,10,3,4,7,14,1,4,1,3,,44,,1,21,121.584299,25.0383493
113,6,13,16,25,2,03中山區,中山區復興北路430巷與民權東路口側附近3段75巷口,0,0,1,1,B02,8,5,5,30,4,1,1,5,4,5,13,3,2,10,4,5,2,17,1,25,3,10,3,4,7,9,1,8,1,5,,84,,1,21,121.54365,25.0633506
113,6,13,16,25,2,03中山區,中山區復興北路430巷與民權東路口側附近3段75巷口,0,0,1,2,C03,8,5,5,30,4,1,1,5,4,5,13,3,2,10,4,5,2,17,1,63,2,9,3,4,7,9,1,10,1,11,,108,,1,21,121.54365,25.0633506
113,6,13,16,29,2,02萬華區,萬華區西園路2段237號,0,0,1,1,A02,7,6,5,50,14,9,1,5,4,5,13,4,4,1,4,5,2,12,1,49,3,10,7,1,7,8,1,2,1,2,,100,,1,21,121.4936462,25.0267615
113,6,13,16,29,2,02萬華區,萬華區西園路2段237號,0,0,1,2,C03,7,6,5,50,14,9,1,5,4,5,13,4,4,1,4,5,2,12,1,42,2,9,6,1,7,9,1,10,1,14,,44,,1,21,121.4936462,25.0267615
113,6,13,16,44,2,07信義區,信義區忠孝東路5段17號,0,0,1,1,B03,8,6,5,50,14,9,1,5,4,5,13,4,4,1,4,5,2,13,1,88,3,10,7,1,7,9,1,8,1,8,,108,,1,21,121.5658662,25.0411466
113,6,13,16,44,2,07信義區,信義區忠孝東路5段17號,0,0,1,2,B03,8,6,5,50,14,9,1,5,4,5,13,4,4,1,4,5,2,13,1,56,2,2,7,1,7,9,1,8,1,6,,44,,1,21,121.5658662,25.0411466
113,6,13,17,18,2,11南港區,南港區忠孝東路6段269巷與忠孝東路6段269巷3弄口口,0,0,2,1,F01,8,7,5,30,4,1,1,5,4,3,13,4,4,10,5,5,2,16,1,13,2,7,4,1,7,5,8,20,1,14,,74,,1,15,121.5894996,25.0503071
113,6,13,17,18,2,11南港區,南港區忠孝東路6段269巷與忠孝東路6段269巷3弄口口,0,0,2,2,C03,8,7,5,30,4,1,1,5,4,3,13,4,4,10,5,5,2,16,1,64,2,7,6,1,7,9,1,10,1,14,,108,,1,21,121.5894996,25.0503071
113,6,13,17,45,2,05中正區,中正區廈門街與廈門街14巷口,0,0,1,1,C03,8,6,5,50,3,2,1,5,4,5,13,4,4,4,5,5,1,17,2,22,2,9,5,1,7,9,3,18,1,11,,16,,1,21,121.5177664,25.026438
113,6,13,17,45,2,05中正區,中正區廈門街與廈門街14巷口,0,0,1,2,C03,8,6,5,50,3,2,1,5,4,5,13,4,4,4,5,5,1,17,1,45,3,10,5,1,7,9,1,10,9,13,,16,,1,21,121.5177664,25.026438
113,6,13,17,45,2,05中正區,中正區廈門街與廈門街14巷口,0,0,1,3,B03,8,6,5,50,3,2,1,5,4,5,13,4,4,4,5,5,1,17,2,49,3,10,7,1,7,9,1,8,1,3,,44,,1,21,121.5177664,25.026438
113,6,13,17,45,2,05中正區,中正區廈門街與廈門街14巷口,0,0,1,4,C03,8,6,5,50,3,2,1,5,4,5,13,4,4,4,5,5,1,17,1,38,3,10,5,1,7,9,1,9,1,11,,108,,1,21,121.5177664,25.026438
113,6,13,17,45,2,08士林區,士林區延平北路7段與延平北路7段150巷口,0,0,2,1,C03,8,6,5,50,4,2,1,5,4,4,12,1,1,5,5,5,2,3,1,37,2,7,6,1,7,9,1,10,2,11,,13,,1,22,121.4933903,25.0981053
113,6,13,17,45,2,08士林區,士林區延平北路7段與延平北路7段150巷口,0,0,2,2,H01,8,6,5,50,4,2,1,5,4,4,12,1,1,5,5,5,2,3,2,74,2,9,4,5,8,16,8,20,10,16,,123,,1,22,121.4933903,25.0981053
113,6,13,17,45,2,11南港區,南港區中坡北路106號,0,0,1,1,B01,8,6,5,50,14,9,1,5,4,5,13,4,4,5,4,5,2,17,1,69,3,10,7,1,7,14,1,4,1,2,,40,,1,21,121.5802445,25.0485827
113,6,13,17,45,2,11南港區,南港區中坡北路106號,0,0,1,3,H02,8,6,5,50,14,9,1,5,4,5,13,4,4,5,4,5,2,17,2,43,3,10,7,5,7,19,8,20,10,17,,126,,1,21,121.5802445,25.0485827
113,6,13,17,45,2,11南港區,南港區中坡北路106號,0,0,1,2,C03,8,6,5,50,14,9,1,5,4,5,13,4,4,5,4,5,2,17,2,43,2,9,5,1,7,9,1,10,1,14,,44,,1,21,121.5802445,25.0485827
113,6,13,17,58,2,10文山區,文山區萬壽路與指南路2段口,0,0,1,1,C03,8,5,5,50,4,18,1,5,4,5,13,2,1,10,5,5,1,3,1,19,3,10,5,1,7,6,1,10,2,11,,70,,2,25,121.5760143,24.9875436
113,6,13,17,58,2,10文山區,文山區萬壽路與指南路2段口,0,0,1,2,H01,8,5,5,50,4,18,1,5,4,5,13,2,1,10,5,5,1,3,1,24,2,8,4,5,8,16,8,20,10,16,,67,,1,21,121.5760143,24.9875436
113,6,13,18,19,2,12內湖區,內湖區陽光街與文德路208巷口,0,0,1,1,C03,8,7,8,50,3,1,1,5,4,5,13,1,1,5,5,5,2,16,2,36,3,10,5,1,7,5,1,10,1,11,,71,,1,21,121.5835524,25.0750091
113,6,13,18,19,2,12內湖區,內湖區陽光街與文德路208巷口,0,0,1,2,C03,8,7,8,50,3,1,1,5,4,5,13,1,1,5,5,5,2,16,1,29,2,9,5,1,7,9,1,10,1,11,,44,,1,21,121.5835524,25.0750091
113,6,13,18,20,2,08士林區,士林區德行東路132巷與德行東路132巷3弄口,0,0,2,1,C03,8,6,5,30,4,1,1,5,4,5,13,4,4,10,5,5,1,10,2,44,2,9,5,1,7,9,1,10,1,11,,14,,1,21,121.5292366,25.1074685
113,6,13,18,20,2,08士林區,士林區德行東路132巷與德行東路132巷3弄口,0,0,2,2,C03,8,6,5,30,4,1,1,5,4,5,13,4,4,10,5,5,1,10,2,43,2,1,5,1,7,9,1,10,1,14,,108,,1,21,121.5292366,25.1074685
113,6,13,18,20,2,12內湖區,內湖區民權東路6段90巷5弄1號,0,0,1,1,B03,8,7,8,30,14,9,1,5,4,5,13,4,4,9,5,5,1,12,1,65,3,10,3,4,7,15,1,8,1,4,,40,,1,21,121.5861955,25.068427
113,6,13,18,20,2,12內湖區,內湖區民權東路6段90巷5弄1號,0,0,1,2,C03,8,7,8,30,14,9,1,5,4,5,13,4,4,9,5,5,1,12,2,33,2,9,5,1,7,9,1,10,1,11,,44,,1,21,121.5861955,25.068427
113,6,13,18,22,2,04大安區,大安區和平東路1段103號,0,0,1,1,F01,8,5,8,50,22,22,4,5,4,5,13,4,4,10,5,5,2,9,4,0,,,,,,,,,,,,119,,2,,121.5263228,25.02695012
113,6,13,18,22,2,04大安區,大安區和平東路1段103號,0,0,1,2,H01,8,5,8,50,22,22,4,5,4,5,13,4,4,10,5,5,2,9,2,21,2,5,4,5,8,20,8,20,10,16,,67,,1,21,121.5263228,25.02695012
113,6,13,18,31,2,07信義區,信義區忠孝東路5段與松信路口口,0,0,3,1,C03,8,5,5,50,4,1,1,5,4,5,13,2,1,1,4,5,2,12,2,26,2,9,6,1,7,9,1,10,1,14,,108,,1,22,121.5720398,25.0410275
113,6,13,18,31,2,07信義區,信義區忠孝東路5段與松信路口口,0,0,3,2,C03,8,5,5,50,4,1,1,5,4,5,13,2,1,1,4,5,2,12,1,34,2,7,6,1,7,14,1,10,1,12,,44,,1,22,121.5720398,25.0410275