發生年度,發生月,發生日,發生時-Hours,發生分,處理別-編號,區序,肇事地點,死亡人數,2-30日死亡人數,受傷人數,當事人序號,車種,天候,道路照明設備,道路類別,速限-速度限制,道路型態,事故位置,路面狀況1,路面狀況2,路面狀況3,道路障礙1,道路障礙2,號誌1,號誌2,車道劃分-分向,車道劃分-分道1,車道劃分-分道2,車道劃分-分道3,事故類型及型態,性別,年齡,受傷程度,主要傷處,保護裝置,行動電話,車輛用途,當事者行動狀態,駕駛資格情形,駕駛執照種類,飲酒情形,車輛撞擊部位1,車輛撞擊部位2,肇因碼-個別,肇因碼-主要,個人肇逃否,職業,座標-X,座標-Y
113,6,13,18,31,2,07信義區,信義區忠孝東路5段與松信路口口,0,0,3,3,H02,8,5,5,50,4,1,1,5,4,5,13,2,1,1,4,5,2,12,2,29,2,8,6,5,7,20,8,20,10,16,,67,,1,22,121.5720398,25.0410275
113,6,13,18,40,2,12內湖區,內湖區民權東路6段與成功路2段口,0,0,2,1,C03,8,5,5,50,4,1,1,5,4,5,13,2,1,1,2,5,1,13,1,31,2,9,5,1,7,9,1,10,1,13,,108,,1,21,121.5906451,25.0689152
113,6,13,18,40,2,12內湖區,內湖區民權東路6段與成功路2段口,0,0,2,2,C03,8,5,5,50,4,1,1,5,4,5,13,2,1,1,2,5,1,13,1,38,2,9,5,1,7,9,1,9,1,11,,44,,1,21,121.5906451,25.0689152
113,6,13,18,40,2,12內湖區,內湖區民權東路6段與成功路2段口,0,0,2,3,H03,8,5,5,50,4,1,1,5,4,5,13,2,1,1,2,5,1,13,2,62,3,10,4,5,8,20,8,20,10,16,,67,,1,22,121.5906451,25.0689152
113,6,13,18,47,2,03中山區,中山區北安路47號,0,0,1,1,C03,7,5,5,50,14,9,1,5,4,5,13,4,4,1,5,5,1,13,2,49,2,3,3,4,7,9,1,10,9,11,,16,,1,21,121.528669,25.07774109
113,6,13,18,47,2,03中山區,中山區北安路47號,0,0,1,2,C03,7,5,5,50,14,9,1,5,4,5,13,4,4,1,5,5,1,13,1,43,3,10,3,4,7,9,1,10,9,11,,16,,1,21,121.528669,25.07774109
113,6,13,18,47,2,03中山區,中山區北安路47號,0,0,1,3,C03,7,5,5,50,14,9,1,5,4,5,13,4,4,1,5,5,1,13,1,26,3,10,3,4,7,9,1,10,9,13,,44,,1,21,121.528669,25.07774109
113,6,13,19,25,2,01大同區,大同區鄭州路與西寧北路口,0,0,2,1,B03,8,6,5,40,14,9,1,5,4,5,13,2,1,9,4,5,2,17,1,31,3,10,7,4,7,9,1,8,1,1,,86,,1,22,121.5083186,25.0505663
113,6,13,19,25,2,01大同區,大同區鄭州路與西寧北路口,0,0,2,2,C03,8,6,5,40,14,9,1,5,4,5,13,2,1,9,4,5,2,17,2,31,2,9,6,4,7,5,1,10,1,13,,8,,1,22,121.5083186,25.0505663
113,6,13,19,25,2,01大同區,大同區鄭州路與西寧北路口,0,0,2,3,H02,8,6,5,40,14,9,1,5,4,5,13,2,1,9,4,5,2,17,1,33,2,9,6,5,7,20,8,20,10,16,,67,,1,21,121.5083186,25.0505663
113,6,13,19,50,2,07信義區,信義區林口街與林口街38巷口,0,0,3,1,C03,8,5,5,30,4,1,1,5,4,5,13,4,4,9,5,4,1,17,1,37,2,9,6,1,7,5,1,10,1,14,,72,,1,22,121.5793633,25.0378938
113,6,13,19,50,2,07信義區,信義區林口街與林口街38巷口,0,0,3,2,C03,8,5,5,30,4,1,1,5,4,5,13,4,4,9,5,4,1,17,2,28,2,9,6,1,7,9,1,10,1,11,,14,,1,22,121.5793633,25.0378938
113,6,13,19,50,2,07信義區,信義區林口街與林口街38巷口,0,0,3,3,H02,8,5,5,30,4,1,1,5,4,5,13,4,4,9,5,4,1,17,2,43,2,9,6,5,7,17,8,20,10,16,,67,,1,22,121.5793633,25.0378938
113,6,13,21,20,2,03中山區,中山區中山北路2段42巷與中山北路2段口無名巷,0,0,2,1,C03,8,5,5,30,4,1,1,5,4,5,13,4,4,5,4,5,2,15,2,19,2,9,6,1,7,9,1,10,1,11,,107,,1,21,121.5216475,25.05464889
113,6,13,21,20,2,03中山區,中山區中山北路2段42巷與中山北路2段口無名巷,0,0,2,2,C03,8,5,5,30,4,1,1,5,4,5,13,4,4,5,4,5,2,15,1,40,2,9,5,1,7,9,1,10,1,11,,14,,1,21,121.5216475,25.05464889
113,6,13,21,30,2,05中正區,中正區羅斯福路1段與福州街口,0,0,1,1,C03,8,5,5,50,5,2,1,5,4,5,13,1,1,1,4,5,2,13,1,24,2,1,5,1,7,9,1,10,2,11,,107,,1,21,121.5200801,25.0300934
113,6,13,21,30,2,05中正區,中正區羅斯福路1段與福州街口,0,0,1,2,B03,8,5,5,50,5,2,1,5,4,5,13,1,1,1,4,5,2,13,1,49,3,10,7,1,7,14,1,8,2,3,,44,,1,21,121.5200801,25.0300934
113,6,13,21,30,2,05中正區,中正區羅斯福路1段與福州街口,0,0,1,3,H02,8,5,5,50,5,2,1,5,4,5,13,1,1,1,4,5,2,13,2,23,4,11,5,5,7,20,8,20,10,16,,67,,1,21,121.5200801,25.0300934
113,6,13,21,44,2,12內湖區,內湖區康寧路3段與民權東路6段口,0,0,5,1,C03,8,5,5,50,3,18,2,5,4,5,13,3,1,1,4,4,1,3,1,59,2,8,5,1,7,9,6,18,2,11,,70,,1,21,121.6062229,25.0730692
113,6,13,21,44,2,12內湖區,內湖區康寧路3段與民權東路6段口,0,0,5,2,H01,8,5,5,50,3,18,2,5,4,5,13,3,1,1,4,4,1,3,2,75,2,1,4,5,8,16,8,20,10,16,,67,,1,21,121.6062229,25.0730692
113,6,13,21,44,2,12內湖區,內湖區康寧路3段與民權東路6段口,0,0,5,3,H01,8,5,5,50,3,18,2,5,4,5,13,3,1,1,4,4,1,3,2,47,2,9,4,5,8,16,8,20,10,16,,67,,1,21,121.6062229,25.0730692
113,6,13,21,44,2,12內湖區,內湖區康寧路3段與民權東路6段口,0,0,5,4,H01,8,5,5,50,3,18,2,5,4,5,13,3,1,1,4,4,1,3,2,22,2,7,4,5,8,16,8,20,10,16,,67,,1,21,121.6062229,25.0730692
113,6,13,21,44,2,12內湖區,內湖區康寧路3段與民權東路6段口,0,0,5,5,H01,8,5,5,50,3,18,2,5,4,5,13,3,1,1,4,4,1,3,1,8,2,8,4,5,8,16,8,20,10,16,,67,,1,14,121.6062229,25.0730692
113,6,13,21,52,2,04大安區,大安區羅斯福路3段與師大路口,0,0,2,1,C03,7,5,5,50,3,1,1,5,4,5,13,2,1,1,4,5,2,16,1,18,2,9,5,4,7,9,3,18,1,11,,42,,1,21,121.5277676,25.0212269
113,6,13,21,52,2,04大安區,大安區羅斯福路3段與師大路口,0,0,2,2,B03,7,5,5,50,3,1,1,5,4,5,13,2,1,1,4,5,2,16,2,45,3,10,3,4,7,6,1,8,1,7,,9,,1,21,121.5277676,25.0212269
113,6,13,21,52,2,04大安區,大安區羅斯福路3段與師大路口,0,0,2,3,H02,7,5,5,50,3,1,1,5,4,5,13,2,1,1,4,5,2,16,2,20,2,9,5,5,7,20,8,20,10,17,,67,,1,21,121.5277676,25.0212269
113,6,13,22,30,2,08士林區,士林區承德路4段與大南路口,0,0,3,1,C03,8,5,5,50,5,2,1,5,4,5,13,1,1,10,4,5,1,17,1,25,3,10,6,1,7,6,1,10,2,12,,80,,1,21,121.5216298,25.0888588
113,6,13,22,30,2,08士林區,士林區承德路4段與大南路口,0,0,3,2,F02,8,5,5,50,5,2,1,5,4,5,13,1,1,10,4,5,1,17,2,33,2,9,4,1,7,9,8,20,2,14,,44,,1,21,121.5216298,25.0888588
113,6,13,22,30,2,08士林區,士林區承德路4段與大南路口,0,0,3,3,H02,8,5,5,50,5,2,1,5,4,5,13,1,1,10,4,5,1,17,1,7,2,9,6,5,7,20,8,20,10,16,,67,,1,21,121.5216298,25.0888588
113,6,13,22,30,2,08士林區,士林區承德路4段與大南路口,0,0,3,4,B02,8,5,5,50,5,2,1,5,4,5,13,1,1,10,4,5,1,17,1,56,2,9,7,1,7,9,1,8,2,5,,108,,1,21,121.5216298,25.0888588
113,6,13,22,33,2,04大安區,大安區光復南路與文昌街口,0,0,1,1,B03,8,5,5,50,4,2,1,5,4,5,13,1,1,1,4,5,2,16,1,34,3,10,3,4,7,5,1,8,1,1,,8,,1,21,121.5573178,25.0321296
113,6,13,22,33,2,04大安區,大安區光復南路與文昌街口,0,0,1,2,F01,8,5,5,50,4,2,1,5,4,5,13,1,1,1,4,5,2,16,2,34,2,9,3,4,7,9,8,20,1,12,,99,,1,21,121.5573178,25.0321296
113,6,13,22,48,2,02萬華區,萬華區和平西路3段與和平西路3段89巷口,0,0,2,1,C03,8,5,5,30,3,1,1,5,4,5,13,4,4,1,4,4,2,17,1,31,2,9,6,1,7,5,1,10,1,14,,14,,1,22,121.5003869,25.0355157
113,6,13,22,48,2,02萬華區,萬華區和平西路3段與和平西路3段89巷口,0,0,2,2,C03,8,5,5,30,3,1,1,5,4,5,13,4,4,1,4,4,2,17,1,18,2,9,6,1,7,9,1,10,1,11,,14,,1,22,121.5003869,25.0355157
113,6,13,23,20,2,07信義區,信義區忠孝東路5段與大道路口,0,0,2,1,C03,7,5,5,50,14,9,1,5,4,5,13,2,1,1,4,5,2,17,1,39,2,9,5,1,7,9,1,10,1,11,,16,,1,21,121.5813267,25.0432072
113,6,13,23,20,2,07信義區,信義區忠孝東路5段與大道路口,0,0,2,2,C03,7,5,5,50,14,9,1,5,4,5,13,2,1,1,4,5,2,17,1,56,2,9,5,1,7,14,1,10,1,13,,44,,1,21,121.5813267,25.0432072
113,6,14,0,1,2,02萬華區,萬華區武昌街2段與康定路口,0,0,1,1,B01,8,5,5,30,4,18,1,5,4,5,13,2,1,1,5,5,2,3,1,48,3,10,7,1,7,5,1,4,1,1,,70,,1,21,121.5031389,25.045503
113,6,14,0,1,2,02萬華區,萬華區武昌街2段與康定路口,0,0,1,2,H01,8,5,5,30,4,18,1,5,4,5,13,2,1,1,5,5,2,3,2,30,2,9,4,5,8,16,8,20,10,16,,67,,1,21,121.5031389,25.045503
113,6,14,0,5,2,06松山區,松山區塔悠路與基隆路1段口,0,0,1,1,B01,8,5,5,50,5,1,1,5,4,5,13,2,1,1,3,5,2,12,1,53,3,10,3,4,7,9,1,4,2,4,,108,,1,26,121.570234,25.0515297
113,6,14,0,5,2,06松山區,松山區塔悠路與基隆路1段口,0,0,1,2,C04,8,5,5,50,5,1,1,5,4,5,13,2,1,1,3,5,2,12,2,43,2,9,5,1,7,9,1,10,1,12,,44,,1,22,121.570234,25.0515297
113,6,14,7,15,2,04大安區,大安區新生南路3段與新生南路3段19巷口,0,0,1,1,B01,8,7,5,30,3,2,1,5,4,5,13,4,4,8,3,4,1,17,1,61,3,10,7,1,7,6,1,4,1,8,,74,,1,26,121.5348313,25.025021
113,6,14,7,15,2,04大安區,大安區新生南路3段與新生南路3段19巷口,0,0,1,2,C03,8,7,5,30,3,2,1,5,4,5,13,4,4,8,3,4,1,17,2,29,2,8,5,1,7,9,1,10,1,12,,44,,1,21,121.5348313,25.025021
113,6,14,7,15,2,10文山區,文山區木柵路3段102巷與木柵路3段102巷6弄口,0,0,3,1,C03,8,7,5,30,3,1,1,5,4,5,13,4,4,10,5,5,2,16,1,46,2,9,5,1,7,6,1,10,1,14,,14,,1,21,121.5676179,24.9880028
113,6,14,7,15,2,10文山區,文山區木柵路3段102巷與木柵路3段102巷6弄口,0,0,3,2,C03,8,7,5,30,3,1,1,5,4,5,13,4,4,10,5,5,2,16,1,41,2,9,5,1,7,9,1,10,1,11,,5,,1,21,121.5676179,24.9880028
113,6,14,7,15,2,10文山區,文山區木柵路3段102巷與木柵路3段102巷6弄口,0,0,3,3,H02,8,7,5,30,3,1,1,5,4,5,13,4,4,10,5,5,2,16,1,8,2,9,5,5,7,20,8,20,10,16,,67,,1,21,121.5676179,24.9880028
113,6,14,7,17,2,12內湖區,內湖區成功路4段與成功路4段41巷口,0,0,1,1,B12,8,5,5,50,3,2,1,5,4,5,13,4,4,1,4,4,2,12,1,71,3,10,7,1,7,9,6,8,2,6,,44,,1,21,121.5916282,25.08135786
113,6,14,7,17,2,12內湖區,內湖區成功路4段與成功路4段41巷口,0,0,1,2,C03,8,5,5,50,3,2,1,5,4,5,13,4,4,1,4,4,2,12,1,42,2,9,6,1,7,7,1,10,2,15,,100,,1,21,121.5916282,25.08135786
113,6,14,7,27,2,04大安區,大安區新生南路3段23號,0,0,1,1,B12,8,6,5,50,14,9,1,5,4,5,13,4,4,1,4,1,2,12,1,42,3,10,7,1,7,9,1,8,1,15,,30,,1,21,121.5347835,25.0246803
113,6,14,7,27,2,04大安區,大安區新生南路3段23號,0,0,1,2,C03,8,6,5,50,14,9,1,5,4,5,13,4,4,1,4,1,2,12,1,32,2,9,6,1,7,9,1,10,1,14,,44,,1,21,121.5347835,25.0246803
113,6,14,7,27,2,04大安區,大安區新生南路3段23號,0,0,1,3,C03,8,6,5,50,14,9,1,5,4,5,13,4,4,1,4,1,2,12,1,54,3,10,6,1,7,8,1,10,1,12,,100,,1,21,121.5347835,25.0246803
113,6,14,7,33,2,06松山區,松山區民生東路3段與民生東路3段107巷口,0,0,1,1,B03,7,6,5,50,3,2,1,5,4,5,13,4,4,6,3,5,1,16,1,45,3,10,7,1,7,9,1,8,1,1,,9,,1,21,121.5448825,25.0579075
113,6,14,7,33,2,06松山區,松山區民生東路3段與民生東路3段107巷口,0,0,1,2,F01,7,6,5,50,3,2,1,5,4,5,13,4,4,6,3,5,1,16,2,31,2,9,4,1,7,9,8,20,1,14,,97,,1,22,121.5448825,25.0579075
113,6,14,7,45,2,01大同區,大同區承德路2段75巷與承德路2段91巷口,0,0,1,1,C03,8,5,5,30,4,1,1,5,4,5,13,4,4,10,5,5,2,17,1,44,2,9,3,4,7,9,6,10,2,11,,72,,1,21,121.5189399,25.0562202
113,6,14,7,45,2,01大同區,大同區承德路2段75巷與承德路2段91巷口,0,0,1,2,B03,8,5,5,30,4,1,1,5,4,5,13,4,4,10,5,5,2,17,1,40,3,10,3,4,7,9,1,8,2,4,,14,,1,21,121.5189399,25.0562202
113,6,14,8,0,2,10文山區,文山區木柵路4段與木柵路4段21巷口,0,0,1,1,C03,8,6,5,50,14,9,1,5,4,5,13,2,1,5,2,5,2,17,1,31,2,9,5,4,7,15,1,10,2,15,,42,,1,21,121.5712621,24.9930029
113,6,14,8,0,2,10文山區,文山區木柵路4段與木柵路4段21巷口,0,0,1,2,B03,8,6,5,50,14,9,1,5,4,5,13,2,1,5,2,5,2,17,1,37,3,10,3,4,7,9,1,8,2,5,,42,,1,21,121.5712621,24.9930029
113,6,14,8,17,2,04大安區,大安區信義路4段與信義路4段378巷口,0,0,1,1,C03,8,5,5,50,3,2,1,5,4,5,13,4,4,1,4,5,2,13,1,27,2,9,5,1,7,9,1,10,1,11,,16,,1,21,121.5557114,25.0330192
113,6,14,8,17,2,04大安區,大安區信義路4段與信義路4段378巷口,0,0,1,2,C03,8,5,5,50,3,2,1,5,4,5,13,4,4,1,4,5,2,13,2,39,3,10,5,1,7,6,1,10,1,13,,44,,1,21,121.5557114,25.0330192
113,6,14,8,22,2,03中山區,中山區松江路與松江路357巷口,0,0,1,1,B03,8,5,5,30,3,1,1,5,4,5,13,4,4,1,4,5,2,16,1,49,3,10,3,4,7,6,1,8,1,4,,9,,1,21,121.5334795,25.0635532
113,6,14,8,22,2,03中山區,中山區松江路與松江路357巷口,0,0,1,2,C03,8,5,5,30,3,1,1,5,4,5,13,4,4,1,4,5,2,16,1,24,2,9,3,4,7,9,1,10,1,11,,44,,1,21,121.5334795,25.0635532
113,6,14,8,23,2,02萬華區,萬華區漢口街2段與昆明街口,0,0,1,1,B03,8,7,5,50,4,1,1,5,4,5,13,1,1,9,5,5,2,16,1,76,3,10,7,1,7,5,1,8,1,4,,44,,1,21,121.5055875,25.0460122
113,6,14,8,23,2,02萬華區,萬華區漢口街2段與昆明街口,0,0,1,2,C03,8,7,5,50,4,1,1,5,4,5,13,1,1,9,5,5,2,16,1,41,2,9,5,1,7,9,1,10,1,12,,44,,2,21,121.5055875,25.0460122
113,6,14,8,29,2,03中山區,中山區吉林路277號,0,0,1,1,C03,8,6,5,50,14,9,1,5,4,5,13,4,4,5,4,5,2,13,1,56,2,8,6,1,7,9,6,18,9,11,,16,,1,21,121.5303312,25.0628436
113,6,14,8,29,2,03中山區,中山區吉林路277號,0,0,1,2,B02,8,6,5,50,14,9,1,5,4,5,13,4,4,5,4,5,2,13,1,43,3,10,7,1,7,9,1,8,9,6,,44,,1,21,121.5303312,25.0628436
113,6,14,8,49,2,04大安區,大安區基隆路4段與羅斯福路4段口,0,0,2,1,C03,8,6,5,50,5,1,1,5,4,5,13,2,1,1,4,5,2,16,1,33,2,9,6,1,7,7,1,10,1,14,,100,,1,21,121.5375543,25.01146652
113,6,14,8,49,2,04大安區,大安區基隆路4段與羅斯福路4段口,0,0,2,2,C03,8,6,5,50,5,1,1,5,4,5,13,2,1,1,4,5,2,16,1,42,2,9,6,1,7,8,1,9,1,12,,100,,1,21,121.5375543,25.01146652
113,6,14,8,57,2,12內湖區,內湖區民權東路6段與行忠路口,0,0,1,1,C03,8,7,5,50,5,2,1,5,4,5,13,1,1,1,4,5,2,12,2,27,2,9,5,1,7,7,1,10,9,14,,8,,1,21,121.5756731,25.0658397
113,6,14,8,57,2,12內湖區,內湖區民權東路6段與行忠路口,0,0,1,2,B03,8,7,5,50,5,2,1,5,4,5,13,1,1,1,4,5,2,12,2,57,3,10,7,1,7,9,1,8,9,5,,44,,1,21,121.5756731,25.0658397
113,6,14,11,0,2,07信義區,信義區松智路與松勤街口,0,0,1,1,B12,7,5,5,50,4,1,1,5,4,5,13,1,1,5,5,5,1,16,1,48,3,10,7,1,7,6,1,4,1,6,,9,,1,21,121.5653492,25.0320067
113,6,14,11,0,2,07信義區,信義區松智路與松勤街口,0,0,1,2,C03,7,5,5,50,4,1,1,5,4,5,13,1,1,5,5,5,1,16,1,32,2,9,6,1,7,9,1,10,1,11,,44,,1,21,121.5653492,25.0320067
113,6,14,11,5,2,07信義區,信義區富陽街55巷與富陽街21巷口,0,0,1,1,B11,8,6,5,30,4,1,1,5,4,5,13,4,4,10,5,5,2,15,1,49,3,10,3,4,7,9,1,4,1,5,,14,,1,21,121.5574496,25.0225964
113,6,14,11,5,2,07信義區,信義區富陽街55巷與富陽街21巷口,0,0,1,2,C03,8,6,5,30,4,1,1,5,4,5,13,4,4,10,5,5,2,15,1,36,2,9,5,1,7,9,1,10,1,11,,13,,1,21,121.5574496,25.0225964
113,6,14,11,35,2,05中正區,中正區重慶南路1段與漢口街1段口,0,0,2,1,C03,6,7,5,50,4,2,1,4,4,5,13,1,1,10,4,5,2,16,1,19,2,8,5,1,7,5,1,10,2,14,,80,,1,21,121.5132146,25.04521637
113,6,14,11,35,2,05中正區,中正區重慶南路1段與漢口街1段口,0,0,2,2,C03,6,7,5,50,4,2,1,4,4,5,13,1,1,10,4,5,2,16,2,58,2,9,5,1,7,9,1,10,2,12,,44,,1,21,121.5132146,25.04521637
113,6,14,11,40,2,03中山區,中山區北安路588巷與北安路578巷8弄口,0,0,1,1,C03,6,6,5,30,4,1,1,4,4,5,13,4,4,10,5,5,2,17,2,38,2,9,5,4,7,9,1,10,1,12,,72,,1,22,121.5491516,25.0810634
113,6,14,11,40,2,03中山區,中山區北安路588巷與北安路578巷8弄口,0,0,1,2,B03,6,6,5,30,4,1,1,4,4,5,13,4,4,10,5,5,2,17,2,51,3,10,3,4,7,5,1,8,1,5,,108,,1,22,121.5491516,25.0810634
113,6,14,11,40,2,03中山區,中山區北安路588巷與北安路578巷8弄口,0,0,1,3,B02,6,6,5,30,4,1,1,4,4,5,13,4,4,10,5,5,2,17,1,33,3,10,3,4,7,14,1,8,11,17,,38,,1,22,121.5491516,25.0810634
113,6,14,11,42,2,02萬華區,萬華區中華路2段與國興路口,0,0,1,1,B12,6,7,5,50,5,1,1,4,4,5,13,1,1,9,4,5,2,17,1,68,4,11,3,4,7,11,1,4,11,17,,103,,2,22,121.5091352,25.024934
113,6,14,11,42,2,02萬華區,萬華區中華路2段與國興路口,0,0,1,2,C03,6,7,5,50,5,1,1,4,4,5,13,1,1,9,4,5,2,17,2,42,2,9,5,1,7,9,1,10,1,17,,44,,1,21,121.5091352,25.024934
113,6,14,11,45,2,01大同區,大同區延平北路2段與民生西路口,0,0,1,1,C03,6,6,5,50,4,1,1,4,4,5,13,2,1,5,4,5,2,16,1,26,2,3,5,1,7,5,1,10,1,12,,8,,1,21,121.5115676,25.0569097
113,6,14,11,45,2,01大同區,大同區延平北路2段與民生西路口,0,0,1,2,B01,6,6,5,50,4,1,1,4,4,5,13,2,1,5,4,5,2,16,1,54,3,10,7,1,7,9,1,4,1,1,,44,,1,21,121.5115676,25.0569097
113,6,14,11,58,2,05中正區,中正區林森北路與忠孝東路1段口,0,0,1,1,,6,6,5,50,4,2,1,4,4,5,13,1,1,5,4,5,2,18,3,0,,,,,,,,,,,,67,,1,,121.5233512,25.045022
113,6,14,11,58,2,05中正區,中正區林森北路與忠孝東路1段口,0,0,1,2,C03,6,6,5,50,4,2,1,4,4,5,13,1,1,5,4,5,2,18,2,28,2,9,6,1,7,15,1,10,2,14,,44,,1,21,121.5233512,25.045022
113,6,14,12,0,2,12內湖區,內湖區民權東路6段206巷與民權東路6段口,0,0,1,1,B03,6,7,5,50,4,2,1,4,4,5,13,2,1,1,4,5,2,17,2,47,3,10,7,1,7,11,1,8,1,6,,9,,1,21,121.595587,25.06827146
113,6,14,12,0,2,12內湖區,內湖區民權東路6段206巷與民權東路6段口,0,0,1,2,C03,6,7,5,50,4,2,1,4,4,5,13,2,1,1,4,5,2,17,1,19,2,9,5,1,7,9,1,10,1,14,,13,,1,21,121.595587,25.06827146
113,6,14,12,5,2,12內湖區,內湖區康寧路3段與康寧路3段75巷口,0,0,1,1,B01,6,6,5,50,3,1,1,4,4,5,13,2,1,1,4,5,2,16,1,59,3,10,7,1,7,11,1,1,1,2,,80,,1,21,121.6088427,25.07191249
113,6,14,12,5,2,12內湖區,內湖區康寧路3段與康寧路3段75巷口,0,0,1,2,C03,6,6,5,50,3,1,1,4,4,5,13,2,1,1,4,5,2,16,1,24,2,9,5,1,7,9,1,10,1,11,,13,,1,21,121.6088427,25.07191249
113,6,14,12,5,2,07信義區,信義區基隆路1段與基隆路1段101巷口,0,0,1,1,B03,7,5,5,40,3,2,1,4,4,5,13,4,4,5,4,5,1,17,1,40,3,10,3,4,7,6,1,8,11,17,,72,,2,22,121.5672062,25.045484
113,6,14,12,5,2,07信義區,信義區基隆路1段與基隆路1段101巷口,0,0,1,2,C03,7,5,5,40,3,2,1,4,4,5,13,4,4,5,4,5,1,17,1,23,2,9,6,1,7,9,1,10,1,14,,42,,1,21,121.5672062,25.045484
113,6,14,12,9,2,05中正區,中正區忠孝東路1段與林森北路口,0,0,1,2,C03,6,6,5,50,4,2,1,4,4,5,13,1,1,5,4,5,2,17,1,23,2,6,6,1,7,15,1,10,2,14,,44,,1,21,121.523371,25.0450172
113,6,14,12,9,2,05中正區,中正區忠孝東路1段與林森北路口,0,0,1,1,B12,6,6,5,50,4,2,1,4,4,5,13,1,1,5,4,5,2,17,1,52,3,10,7,1,7,9,1,4,9,15,,44,,1,21,121.523371,25.0450172
113,6,14,12,9,2,05中正區,中正區忠孝東路1段與林森北路口,0,0,1,3,,6,6,5,50,4,2,1,4,4,5,13,1,1,5,4,5,2,17,3,0,,,,,,,,,,,,67,,1,,121.523371,25.0450172
113,6,14,12,18,2,07信義區,信義區松高路與松高路20巷口,0,0,1,1,C03,7,7,5,50,3,1,1,4,4,5,13,4,4,9,4,5,2,17,1,63,2,9,6,4,7,9,1,10,1,12,,42,,1,21,121.5676095,25.0390181
113,6,14,12,18,2,07信義區,信義區松高路與松高路20巷口,0,0,1,2,C03,7,7,5,50,3,1,1,4,4,5,13,4,4,9,4,5,2,17,1,28,3,10,6,4,7,5,1,10,1,17,,44,,1,21,121.5676095,25.0390181
113,6,14,12,35,2,09北投區,北投區中央北路1段與中央北路1段179巷口,0,0,1,1,C03,6,7,5,50,4,1,1,4,4,5,13,4,4,5,5,5,2,3,2,49,3,10,6,1,7,9,1,10,9,11,,70,,1,21,121.4979501,25.13572229
113,6,14,12,35,2,09北投區,北投區中央北路1段與中央北路1段179巷口,0,0,1,2,H01,6,7,5,50,4,1,1,4,4,5,13,4,4,5,5,5,2,3,2,51,2,9,4,5,8,16,8,20,10,16,,67,,1,21,121.4979501,25.13572229
113,6,14,12,38,2,01大同區,大同區忠孝橋機慢車道往新北,0,0,1,1,C03,6,6,5,40,8,11,1,4,4,5,13,4,4,1,5,4,2,17,1,69,3,10,6,1,7,9,1,10,1,17,,30,,1,22,121.5072136,25.0488422
113,6,14,12,38,2,01大同區,大同區忠孝橋機慢車道往新北,0,0,1,2,C03,6,6,5,40,8,11,1,4,4,5,13,4,4,1,5,4,2,17,1,24,3,10,6,1,7,9,1,10,1,13,,44,,1,22,121.5072136,25.0488422
113,6,14,12,38,2,01大同區,大同區忠孝橋機慢車道往新北,0,0,1,3,C03,6,6,5,40,8,11,1,4,4,5,13,4,4,1,5,4,2,17,1,52,2,9,6,1,7,9,1,10,1,14,,16,,1,22,121.5072136,25.0488422
113,6,14,12,46,2,04大安區,大安區光復南路72巷與市民大道4段口,0,0,1,1,B03,6,7,5,30,3,1,1,4,4,1,11,4,4,1,4,1,2,17,1,73,3,10,3,4,7,6,1,8,1,4,,72,,1,21,121.556047,25.0446388
113,6,14,12,46,2,04大安區,大安區光復南路72巷與市民大道4段口,0,0,1,2,C03,6,7,5,30,3,1,1,4,4,1,11,4,4,1,4,1,2,17,1,18,2,9,3,4,7,9,1,21,1,12,,14,,1,21,121.556047,25.0446388
113,6,14,12,46,2,04大安區,大安區光復南路72巷與市民大道4段口,0,0,1,3,B02,6,7,5,30,3,1,1,4,4,1,11,4,4,1,4,1,2,17,1,65,3,10,3,4,7,15,1,8,1,17,,38,,2,21,121.556047,25.0446388
113,6,14,13,17,2,02萬華區,萬華區峨眉街115號,0,0,2,3,B03,8,7,5,50,14,9,1,4,4,5,13,4,4,10,5,5,2,9,1,47,3,10,7,3,7,14,1,8,1,2,,38,,1,21,121.5037657,25.0442974
113,6,14,13,17,2,02萬華區,萬華區峨眉街115號,0,0,2,1,C03,8,7,5,50,14,9,1,4,4,5,13,4,4,10,5,5,2,9,1,69,2,9,5,1,7,9,1,8,1,14,,42,,1,21,121.5037657,25.0442974
113,6,14,13,17,2,02萬華區,萬華區峨眉街115號,0,0,2,2,H03,8,7,5,50,14,9,1,4,4,5,13,4,4,10,5,5,2,9,2,30,2,9,4,5,8,20,8,20,10,16,,60,,1,21,121.5037657,25.0442974
113,6,14,13,48,2,04大安區,大安區敦化南路2段63巷53弄與安和路2段32巷口,0,0,1,1,C03,8,6,5,30,4,1,1,4,4,5,13,4,4,9,4,5,1,15,1,45,3,10,6,4,7,9,7,19,1,11,,72,,1,21,121.5515903,25.0317513
113,6,14,13,48,2,04大安區,大安區敦化南路2段63巷53弄與安和路2段32巷口,0,0,1,2,C03,8,6,5,30,4,1,1,4,4,5,13,4,4,9,4,5,1,15,2,24,2,9,6,4,7,9,1,10,1,11,,13,,1,21,121.5515903,25.0317513
113,6,14,14,0,2,12內湖區,內湖區舊宗路1段與行忠路口,0,0,1,1,C03,8,7,5,50,14,9,1,4,4,5,13,4,4,1,4,5,2,17,1,34,3,10,5,1,7,8,1,10,1,17,,100,,1,21,121.5756154,25.0651997
113,6,14,14,0,2,12內湖區,內湖區舊宗路1段與行忠路口,0,0,1,2,C03,8,7,5,50,14,9,1,4,4,5,13,4,4,1,4,5,2,17,1,32,2,9,5,1,7,9,1,10,1,12,,44,,1,21,121.5756154,25.0651997
113,6,14,14,2,2,08士林區,士林區文林路與美崙街口,0,0,2,1,C03,8,7,5,50,4,2,1,5,4,5,13,1,1,10,4,5,1,17,1,59,2,9,5,1,7,5,3,18,2,12,,71,,1,21,121.5239771,25.0972719