發生年度,發生月,發生日,發生時-Hours,發生分,處理別-編號,區序,肇事地點,死亡人數,2-30日死亡人數,受傷人數,當事人序號,車種,天候,道路照明設備,道路類別,速限-速度限制,道路型態,事故位置,路面狀況1,路面狀況2,路面狀況3,道路障礙1,道路障礙2,號誌1,號誌2,車道劃分-分向,車道劃分-分道1,車道劃分-分道2,車道劃分-分道3,事故類型及型態,性別,年齡,受傷程度,主要傷處,保護裝置,行動電話,車輛用途,當事者行動狀態,駕駛資格情形,駕駛執照種類,飲酒情形,車輛撞擊部位1,車輛撞擊部位2,肇因碼-個別,肇因碼-主要,個人肇逃否,職業,座標-X,座標-Y
113,6,14,14,2,2,08士林區,士林區文林路與美崙街口,0,0,2,2,C03,8,7,5,50,4,2,1,5,4,5,13,1,1,10,4,5,1,17,1,39,2,9,6,1,7,9,1,10,2,11,,44,,1,21,121.5239771,25.0972719
113,6,14,14,5,2,08士林區,士林區基河路251巷與福德路口,0,0,3,1,C03,8,7,5,30,4,1,1,5,4,5,13,4,4,10,5,5,2,15,1,60,2,9,6,1,7,9,1,9,1,11,,14,,1,21,121.5225844,25.0922645
113,6,14,14,5,2,08士林區,士林區基河路251巷與福德路口,0,0,3,2,C03,8,7,5,30,4,1,1,5,4,5,13,4,4,10,5,5,2,15,2,51,2,8,6,1,7,9,1,10,1,14,,14,,1,21,121.5225844,25.0922645
113,6,14,14,5,2,08士林區,士林區基河路251巷與福德路口,0,0,3,3,H02,8,7,5,30,4,1,1,5,4,5,13,4,4,10,5,5,2,15,2,57,2,8,6,5,7,17,8,20,10,16,,67,,1,21,121.5225844,25.0922645
113,6,14,14,17,2,04大安區,大安區敦化南路1段與安和路1段口,0,0,2,1,A04,8,5,5,50,3,2,1,5,4,5,13,4,4,1,5,5,2,13,1,56,3,10,2,1,7,9,1,2,1,1,,81,,1,21,121.5490669,25.0397173
113,6,14,14,17,2,04大安區,大安區敦化南路1段與安和路1段口,0,0,2,2,C03,8,5,5,50,3,2,1,5,4,5,13,4,4,1,5,5,2,13,1,22,2,9,5,1,7,14,1,10,1,13,,44,,1,21,121.5490669,25.0397173
113,6,14,14,17,2,04大安區,大安區敦化南路1段與安和路1段口,0,0,2,3,H02,8,5,5,50,3,2,1,5,4,5,13,4,4,1,5,5,2,13,1,16,2,9,5,5,7,20,8,20,10,16,,67,,1,21,121.5490669,25.0397173
113,6,14,14,36,2,09北投區,北投區承德路6段與福國路口,0,0,3,1,B03,8,6,5,60,14,7,1,5,4,5,13,2,1,1,4,4,2,13,2,55,2,2,7,1,7,9,1,8,2,1,,16,,1,21,121.5124923,25.1008902
113,6,14,14,36,2,09北投區,北投區承德路6段與福國路口,0,0,3,2,B03,8,6,5,60,14,7,1,5,4,5,13,2,1,1,4,4,2,13,1,58,2,2,7,1,7,14,1,8,2,3,,44,,1,21,121.5124923,25.1008902
113,6,14,14,36,2,09北投區,北投區承德路6段與福國路口,0,0,3,3,H02,8,6,5,60,14,7,1,5,4,5,13,2,1,1,4,4,2,13,2,47,2,9,7,5,7,20,8,20,10,16,,67,,1,21,121.5124923,25.1008902
113,6,14,14,39,2,02萬華區,萬華區貴陽街2段與柳州街口,0,0,1,1,C03,8,7,5,50,4,2,1,5,4,5,13,2,1,5,4,5,2,17,1,23,3,10,6,1,7,5,1,10,1,13,,98,,1,21,121.5052009,25.03983416
113,6,14,14,39,2,02萬華區,萬華區貴陽街2段與柳州街口,0,0,1,2,C03,8,7,5,50,4,2,1,5,4,5,13,2,1,5,4,5,2,17,1,25,2,9,6,1,7,9,1,10,1,11,,13,,1,21,121.5052009,25.03983416
113,6,14,14,44,2,06松山區,松山區八德路4段580號,0,0,1,1,B03,8,5,5,50,14,9,1,5,4,5,13,1,1,5,4,5,2,12,1,25,3,10,7,4,7,9,1,8,1,2,,108,,1,21,121.5722371,25.0497163
113,6,14,14,44,2,06松山區,松山區八德路4段580號,0,0,1,2,C03,8,5,5,50,14,9,1,5,4,5,13,1,1,5,4,5,2,12,1,58,2,9,5,4,7,9,1,10,1,14,,16,,1,21,121.5722371,25.0497163
113,6,14,15,3,2,03中山區,中山區南京東路2段115巷與松江路133巷口,0,0,1,1,B01,8,7,5,30,4,1,1,5,4,5,13,4,4,10,5,5,2,15,1,58,3,10,7,1,7,9,1,4,1,1,,72,,1,22,121.5336525,25.0543664
113,6,14,15,3,2,03中山區,中山區南京東路2段115巷與松江路133巷口,0,0,1,2,C03,8,7,5,30,4,1,1,5,4,5,13,4,4,10,5,5,2,15,1,41,2,9,6,1,7,9,1,10,1,12,,14,,1,22,121.5336525,25.0543664
113,6,14,15,10,2,08士林區,士林區承德路4段與大南路口,0,0,1,1,C03,8,7,5,50,4,1,1,5,4,5,13,1,1,1,5,5,2,17,2,60,2,7,6,1,7,9,1,10,1,14,,17,,1,21,121.5215072,25.08894938
113,6,14,15,10,2,08士林區,士林區承德路4段與大南路口,0,0,1,2,B03,8,7,5,50,4,1,1,5,4,5,13,1,1,1,5,5,2,17,1,31,3,10,7,1,7,9,1,8,1,2,,17,,1,21,121.5215072,25.08894938
113,6,14,15,15,2,03中山區,中山區新生北路2段與林森北路259巷口,0,0,1,1,B01,8,5,6,50,3,1,1,5,4,5,13,4,4,10,4,5,2,16,1,30,3,10,3,4,7,6,1,4,1,6,,44,,1,22,121.5273808,25.0542802
113,6,14,15,15,2,03中山區,中山區新生北路2段與林森北路259巷口,0,0,1,2,C03,8,5,6,50,3,1,1,5,4,5,13,4,4,10,4,5,2,16,1,34,2,9,5,4,7,9,1,10,1,11,,108,,1,22,121.5273808,25.0542802
113,6,14,15,15,2,08士林區,士林區文林路與德行西路口,0,0,1,1,B02,8,6,5,50,4,1,1,5,4,5,13,2,1,1,4,4,1,11,1,71,3,10,7,1,7,11,1,8,1,5,,80,,1,21,121.5195813,25.10321395
113,6,14,15,15,2,08士林區,士林區文林路與德行西路口,0,0,1,2,B03,8,6,5,50,4,1,1,5,4,5,13,2,1,1,4,4,1,11,2,46,2,1,7,1,7,9,1,8,1,4,,14,,1,21,121.5195813,25.10321395
113,6,14,15,20,2,05中正區,中正區汀州路3段93號,0,0,1,1,C03,8,7,5,50,14,9,1,5,4,5,13,4,4,5,5,5,2,12,1,43,2,9,5,4,7,1,1,10,1,14,,19,,1,21,121.5289779,25.0173974
113,6,14,15,20,2,05中正區,中正區汀州路3段93號,0,0,1,2,B03,8,7,5,50,14,9,1,5,4,5,13,4,4,5,5,5,2,12,2,61,3,10,7,4,7,9,1,8,1,6,,44,,1,21,121.5289779,25.0173974
113,6,14,15,20,2,05中正區,中正區汀州路3段93號,0,0,1,3,C04,8,7,5,50,14,9,1,5,4,5,13,4,4,5,5,5,2,12,2,71,3,10,3,4,7,15,7,19,11,12,,44,,1,21,121.5289779,25.0173974
113,6,14,15,40,2,07信義區,信義區林口街與大道路28巷口口,0,0,1,1,C03,8,6,5,30,3,1,1,5,4,5,13,4,4,5,4,4,2,17,2,71,2,9,5,1,7,5,1,8,1,14,,72,,1,22,121.5810069,25.041786
113,6,14,15,40,2,07信義區,信義區林口街與大道路28巷口口,0,0,1,2,B03,8,6,5,30,3,1,1,5,4,5,13,4,4,5,4,4,2,17,1,51,3,10,7,1,7,9,1,8,1,8,,44,,1,22,121.5810069,25.041786
113,6,14,15,45,2,10文山區,文山區萬和街與萬樂街口,0,0,1,1,B03,7,6,5,40,3,1,1,5,4,5,13,4,4,10,5,5,2,16,1,39,3,10,7,1,7,6,1,8,1,8,,72,,1,21,121.5690294,24.9991473
113,6,14,15,45,2,10文山區,文山區萬和街與萬樂街口,0,0,1,2,C03,7,6,5,40,3,1,1,5,4,5,13,4,4,10,5,5,2,16,1,40,2,9,6,1,7,9,1,10,1,12,,44,,1,21,121.5690294,24.9991473
113,6,14,15,53,2,03中山區,中山區北安路458巷與北安路458巷47弄口,0,0,1,1,B01,8,5,5,50,4,1,1,5,4,5,13,3,1,5,4,5,2,15,1,47,2,9,7,1,7,15,1,4,1,2,,42,,1,21,121.5445342,25.0778141
113,6,14,15,53,2,03中山區,中山區北安路458巷與北安路458巷47弄口,0,0,1,2,B03,8,5,5,50,4,1,1,5,4,5,13,3,1,5,4,5,2,15,1,21,3,10,7,1,7,9,1,8,1,1,,44,,1,21,121.5445342,25.0778141
113,6,14,16,4,2,04大安區,大安區仁愛路3段與建國南路1段口,0,0,1,1,C03,8,6,5,50,4,4,1,5,4,5,13,1,1,1,4,5,2,13,1,57,2,9,5,1,7,10,1,10,1,11,,100,,1,21,121.5380649,25.0377341
113,6,14,16,4,2,04大安區,大安區仁愛路3段與建國南路1段口,0,0,1,2,B01,8,6,5,50,4,4,1,5,4,5,13,1,1,1,4,5,2,13,1,52,3,10,7,1,7,9,1,4,1,3,,44,,1,21,121.5380649,25.0377341
113,6,14,16,4,2,10文山區,文山區無名巷與木新路2段299巷口,0,0,1,1,C03,8,6,5,30,3,1,1,5,4,5,13,4,4,10,5,5,2,17,1,36,3,10,3,4,7,1,1,10,7,12,,19,,1,22,121.5656163,24.98188758
113,6,14,16,4,2,10文山區,文山區無名巷與木新路2段299巷口,0,0,1,2,C04,8,6,5,30,3,1,1,5,4,5,13,4,4,10,5,5,2,17,1,74,2,9,3,4,7,9,1,8,2,11,,44,,1,21,121.5656163,24.98188758
113,6,14,16,10,2,10文山區,文山區指南路3段34巷樟湖幹119B7224DE23電桿,0,0,1,2,,8,7,5,30,11,9,1,4,4,5,13,4,4,10,5,5,1,18,3,0,,,,,,,,,,,,67,,1,,121.5816177,24.96693308
113,6,14,16,10,2,10文山區,文山區指南路3段34巷樟湖幹119B7224DE23電桿,0,0,1,1,C03,8,7,5,30,11,9,1,4,4,5,13,4,4,10,5,5,1,18,1,19,2,9,6,1,7,9,1,10,1,11,,42,,1,21,121.5816177,24.96693308
113,6,14,16,17,2,04大安區,大安區和平東路3段與臥龍街口,0,0,1,1,B01,8,7,5,50,4,2,1,5,4,5,13,2,1,8,3,5,1,17,2,55,3,10,7,1,7,5,1,4,1,1,,71,,1,26,121.5467223,25.0246087
113,6,14,16,17,2,04大安區,大安區和平東路3段與臥龍街口,0,0,1,2,C03,8,7,5,50,4,2,1,5,4,5,13,2,1,8,3,5,1,17,1,26,2,9,5,1,7,9,1,10,1,14,,44,,1,21,121.5467223,25.0246087
113,6,14,16,30,2,11南港區,南港區市民大道8段與南港路2段178巷口,0,0,1,1,B12,8,7,5,50,3,2,1,5,4,5,13,3,1,1,4,5,2,16,1,39,3,10,3,4,7,6,1,8,1,7,,80,,1,21,121.5994823,25.052163
113,6,14,16,30,2,11南港區,南港區市民大道8段與南港路2段178巷口,0,0,1,2,C03,8,7,5,50,3,2,1,5,4,5,13,3,1,1,4,5,2,16,2,66,2,9,5,4,7,9,1,10,1,11,,44,,1,21,121.5994823,25.052163
113,6,14,16,36,2,07信義區,信義區信義路6段21號,0,0,1,1,C03,8,5,5,50,14,9,1,5,4,5,13,2,1,5,4,5,2,17,1,61,2,7,6,1,7,9,6,10,2,12,,108,,1,22,121.5755647,25.0343643
113,6,14,16,36,2,07信義區,信義區信義路6段21號,0,0,1,2,B03,8,5,5,50,14,9,1,5,4,5,13,2,1,5,4,5,2,17,1,27,3,10,7,1,7,14,1,8,2,7,,38,,1,22,121.5755647,25.0343643
113,6,14,16,36,2,07信義區,信義區信義路6段21號,0,0,1,3,B03,8,5,5,50,14,9,1,5,4,5,13,2,1,5,4,5,2,17,2,43,3,10,7,1,7,14,1,8,2,2,,44,,1,22,121.5755647,25.0343643
113,6,14,16,52,2,02萬華區,萬華區艋舺大道與和平西路3段口,0,0,1,1,B03,8,7,5,50,4,2,1,5,4,5,13,2,1,1,4,4,2,12,1,35,3,10,2,1,7,8,1,6,1,6,,100,,1,21,121.5047224,25.03388376
113,6,14,16,52,2,02萬華區,萬華區艋舺大道與和平西路3段口,0,0,1,2,C03,8,7,5,50,4,2,1,5,4,5,13,2,1,1,4,4,2,12,2,19,2,7,6,1,7,9,1,10,1,14,,13,,1,21,121.5047224,25.03388376
113,6,14,16,53,2,05中正區,中正區羅斯福路2段105號對面,0,0,2,1,B03,8,6,5,50,14,9,1,5,4,5,13,4,4,1,4,5,1,17,2,62,3,10,7,1,7,9,1,8,2,2,,44,,1,21,121.5237668,25.0242555
113,6,14,16,53,2,05中正區,中正區羅斯福路2段105號對面,0,0,2,2,C03,8,6,5,50,14,9,1,5,4,5,13,4,4,1,4,5,1,17,1,21,2,8,6,1,7,10,1,10,2,14,,100,,1,21,121.5237668,25.0242555
113,6,14,16,53,2,05中正區,中正區羅斯福路2段105號對面,0,0,2,3,H02,8,6,5,50,14,9,1,5,4,5,13,4,4,1,4,5,1,17,2,15,2,7,6,5,7,20,8,20,10,16,,67,,1,21,121.5237668,25.0242555
113,6,14,17,21,2,09北投區,北投區大度路3段與中央北路4段口,0,0,1,1,C03,8,7,5,50,4,1,1,5,4,5,13,1,1,1,4,5,2,16,2,21,3,10,6,1,7,6,1,10,2,13,,71,,1,21,121.4646007,25.1238846
113,6,14,17,21,2,09北投區,北投區大度路3段與中央北路4段口,0,0,1,2,C04,8,7,5,50,4,1,1,5,4,5,13,1,1,1,4,5,2,16,2,70,2,8,5,1,7,9,1,10,2,11,,44,,1,26,121.4646007,25.1238846
113,6,14,17,25,2,10文山區,文山區光輝路134巷與光輝路134巷3弄口,0,0,2,1,C03,8,6,5,30,4,1,2,5,4,5,13,4,4,10,5,5,2,15,1,41,2,9,5,1,7,9,1,10,2,14,,72,,1,21,121.5584211,24.98493
113,6,14,17,25,2,10文山區,文山區光輝路134巷與光輝路134巷3弄口,0,0,2,2,C03,8,6,5,30,4,1,2,5,4,5,13,4,4,10,5,5,2,15,1,24,2,9,6,1,7,9,1,10,2,11,,14,,1,21,121.5584211,24.98493
113,6,14,17,40,2,09北投區,北投區三合街2段427號,0,0,1,1,C03,8,7,5,50,22,9,1,5,4,5,13,4,4,9,5,5,2,17,2,19,2,9,6,1,7,15,1,10,9,11,,107,,1,25,121.5026082,25.12658027
113,6,14,17,40,2,09北投區,北投區三合街2段427號,0,0,1,2,C03,8,7,5,50,22,9,1,5,4,5,13,4,4,9,5,5,2,17,2,25,3,10,3,4,7,13,1,10,9,12,,44,,1,21,121.5026082,25.12658027
113,6,14,17,45,2,05中正區,中正區市民大道3段2號,0,0,2,1,C03,7,7,5,40,14,9,1,5,4,5,13,1,1,1,4,5,2,13,2,58,2,9,5,1,7,15,1,10,2,11,,16,,1,21,121.5311684,25.0458068
113,6,14,17,45,2,05中正區,中正區市民大道3段2號,0,0,2,2,B03,7,7,5,40,14,9,1,5,4,5,13,1,1,1,4,5,2,13,1,52,3,10,7,1,7,14,1,8,2,6,,44,,1,21,121.5311684,25.0458068
113,6,14,17,45,2,05中正區,中正區市民大道3段2號,0,0,2,3,H02,7,7,5,40,14,9,1,5,4,5,13,1,1,1,4,5,2,13,2,22,2,9,5,5,7,20,8,20,10,16,,67,,1,21,121.5311684,25.0458068
113,6,14,18,0,2,11南港區,南港區舊莊街1段100號,0,0,1,1,B02,8,5,5,50,14,9,1,5,4,5,13,4,4,5,4,5,2,13,1,52,3,10,7,1,7,9,1,8,1,1,,16,,1,21,121.6200668,25.0400693
113,6,14,18,0,2,11南港區,南港區舊莊街1段100號,0,0,1,2,C04,8,5,5,50,14,9,1,5,4,5,13,4,4,5,4,5,2,13,1,29,3,10,5,1,7,14,1,10,1,13,,44,,1,21,121.6200668,25.0400693
113,6,14,18,0,2,11南港區,南港區舊莊街1段100號,0,0,1,3,H02,8,5,5,50,14,9,1,5,4,5,13,4,4,5,4,5,2,13,2,27,2,5,5,5,7,17,8,20,10,17,,67,,1,21,121.6200668,25.0400693
113,6,14,18,10,2,10文山區,文山區和平東路4段(北往南0706280燈桿旁）,0,0,3,1,C03,8,6,5,40,14,9,1,5,4,5,13,4,4,5,5,5,2,17,1,36,2,9,5,1,7,9,1,10,2,17,,42,,1,21,121.5714396,25.0043466
113,6,14,18,10,2,10文山區,文山區和平東路4段(北往南0706280燈桿旁）,0,0,3,2,C03,8,6,5,40,14,9,1,5,4,5,13,4,4,5,5,5,2,17,1,21,2,9,5,1,7,10,1,10,2,17,,101,,1,21,121.5714396,25.0043466
113,6,14,18,10,2,10文山區,文山區和平東路4段(北往南0706280燈桿旁）,0,0,3,3,H02,8,6,5,40,14,9,1,5,4,5,13,4,4,5,5,5,2,17,2,36,2,1,5,5,7,20,8,20,10,16,,67,,1,21,121.5714396,25.0043466
113,6,14,18,13,2,04大安區,大安區羅斯福路4段21號,0,0,1,1,C03,8,6,5,50,14,9,1,5,4,5,13,1,1,1,4,5,2,17,1,24,2,9,3,4,7,9,1,10,1,15,,42,,1,21,121.5356096,25.0136371
113,6,14,18,13,2,04大安區,大安區羅斯福路4段21號,0,0,1,2,B03,8,6,5,50,14,9,1,5,4,5,13,1,1,1,4,5,2,17,1,45,3,10,3,4,7,7,1,8,1,3,,100,,1,21,121.5356096,25.0136371
113,6,14,18,21,2,08士林區,士林區福德路與大東路口,0,0,1,1,B03,8,5,5,50,4,1,1,5,4,5,13,2,1,5,5,5,2,16,1,31,3,10,3,4,7,5,7,19,1,2,,8,,1,22,121.5253328,25.0922423
113,6,14,18,21,2,08士林區,士林區福德路與大東路口,0,0,1,2,C03,8,5,5,50,4,1,1,5,4,5,13,2,1,5,5,5,2,16,1,21,2,8,3,4,7,9,1,10,1,11,,44,,1,22,121.5253328,25.0922423
113,6,14,18,21,2,08士林區,士林區福德路與大東路口,0,0,1,3,B03,8,5,5,50,4,1,1,5,4,5,13,2,1,5,5,5,2,16,1,49,3,10,3,4,7,9,1,8,1,1,,44,,1,22,121.5253328,25.0922423
113,6,14,18,27,2,12內湖區,內湖區瑞光路196號,0,0,1,1,C03,8,6,5,50,14,9,1,5,4,5,13,4,4,5,4,5,2,17,1,32,2,9,6,1,7,9,1,10,2,11,,108,,1,21,121.5792409,25.07368987
113,6,14,18,27,2,12內湖區,內湖區瑞光路196號,0,0,1,2,C03,8,6,5,50,14,9,1,5,4,5,13,4,4,5,4,5,2,17,1,48,3,10,5,1,7,9,1,10,2,13,,44,,1,21,121.5792409,25.07368987
113,6,14,18,27,2,12內湖區,內湖區瑞光路196號,0,0,1,3,B12,8,6,5,50,14,9,1,5,4,5,13,4,4,5,4,5,2,17,1,60,3,10,3,4,7,9,1,8,11,4,,44,,1,21,121.5792409,25.07368987
113,6,14,18,28,2,12內湖區,內湖區新湖三路與新湖三路219巷口,0,0,1,1,C03,8,5,5,50,4,2,1,5,4,5,13,4,4,5,5,5,2,17,1,26,2,9,5,1,7,5,1,10,1,12,,72,,1,21,121.5806001,25.0654436
113,6,14,18,28,2,12內湖區,內湖區新湖三路與新湖三路219巷口,0,0,1,2,B02,8,5,5,50,4,2,1,5,4,5,13,4,4,5,5,5,2,17,1,26,3,10,7,1,7,9,1,8,1,8,,14,,1,21,121.5806001,25.0654436
113,6,14,18,45,2,03中山區,中山區建國北路1段與南京東路3段口,0,0,1,1,B01,8,5,5,50,14,7,1,5,4,5,13,1,1,5,4,4,2,13,1,66,3,10,7,1,7,9,1,4,1,1,,16,,1,22,121.5369419,25.0519463
113,6,14,18,45,2,03中山區,中山區建國北路1段與南京東路3段口,0,0,1,2,B03,8,5,5,50,14,7,1,5,4,5,13,1,1,5,4,4,2,13,2,57,2,9,7,1,7,9,1,8,1,3,,44,,1,22,121.5369419,25.0519463
113,6,14,18,45,2,03中山區,中山區建國北路1段與南京東路3段口,0,0,1,3,B01,8,5,5,50,14,7,1,5,4,5,13,1,1,5,4,4,2,13,1,59,3,10,7,1,7,9,1,4,9,3,,44,,1,22,121.5369419,25.0519463
113,6,14,19,5,2,10文山區,文山區辛亥路5段68號,0,0,2,1,C03,8,5,5,50,14,9,1,5,4,5,13,4,4,1,4,5,2,12,2,28,2,9,6,1,7,9,1,10,1,11,,108,,1,21,121.5535713,24.9990794
113,6,14,19,5,2,10文山區,文山區辛亥路5段68號,0,0,2,2,C03,8,5,5,50,14,9,1,5,4,5,13,4,4,1,4,5,2,12,1,64,3,10,5,1,7,7,1,10,1,13,,100,,1,21,121.5535713,24.9990794
113,6,14,19,5,2,10文山區,文山區辛亥路5段68號,0,0,2,3,C03,8,5,5,50,14,9,1,5,4,5,13,4,4,1,4,5,2,12,2,65,2,8,6,1,7,9,1,10,1,14,,44,,1,21,121.5535713,24.9990794
113,6,14,19,5,2,10文山區,文山區辛亥路5段68號,0,0,2,4,B03,8,5,5,50,14,9,1,5,4,5,13,4,4,1,4,5,2,12,1,47,3,10,7,1,7,14,1,8,1,4,,44,,1,21,121.5535713,24.9990794
113,6,14,19,10,2,07信義區,信義區嘉興街216巷14號,0,0,1,1,B03,7,5,8,30,22,22,1,5,4,5,13,4,4,5,5,5,2,17,2,33,3,10,7,1,7,9,1,8,2,2,,44,,1,22,121.5562245,25.0271434
113,6,14,19,10,2,07信義區,信義區嘉興街216巷14號,0,0,1,2,C03,7,5,8,30,22,22,1,5,4,5,13,4,4,5,5,5,2,17,1,37,3,10,6,1,7,7,1,10,2,17,,100,,1,22,121.5562245,25.0271434
113,6,14,19,10,2,07信義區,信義區嘉興街216巷14號,0,0,1,3,H02,7,5,8,30,22,22,1,5,4,5,13,4,4,5,5,5,2,17,2,37,2,8,6,5,7,19,8,20,10,16,,67,,1,22,121.5562245,25.0271434
113,6,14,19,17,2,09北投區,北投區承德路7段與承德路7段口384號,0,0,1,1,C02,8,5,5,40,3,2,1,5,4,5,13,4,4,1,4,4,2,13,1,25,3,10,5,1,7,9,3,18,2,11,,108,,1,21,121.502048,25.11926634
113,6,14,19,17,2,09北投區,北投區承德路7段與承德路7段口384號,0,0,1,2,F01,8,5,5,40,3,2,1,5,4,5,13,4,4,1,4,4,2,13,2,63,2,9,4,1,7,9,8,20,2,13,,44,,1,21,121.502048,25.11926634
113,6,14,19,20,2,02萬華區,萬華區忠孝西路2段與忠孝西路2段16巷口,0,0,1,1,B03,8,5,5,50,3,1,1,5,4,5,13,4,4,9,4,4,2,17,1,27,3,10,7,4,7,6,1,8,1,2,,74,,1,21,121.5085326,25.0482519
113,6,14,19,20,2,02萬華區,萬華區忠孝西路2段與忠孝西路2段16巷口,0,0,1,2,C03,8,5,5,50,3,1,1,5,4,5,13,4,4,9,4,4,2,17,1,42,2,9,5,4,7,9,1,10,1,14,,44,,1,21,121.5085326,25.0482519
113,6,14,19,40,2,04大安區,大安區和平東路1段與新生南路3段口,0,0,1,1,C04,8,6,5,50,4,1,1,5,4,5,13,1,1,1,4,5,2,16,1,71,4,11,3,4,7,21,7,19,11,15,,118,,2,22,121.534728,25.0259967
113,6,14,19,40,2,04大安區,大安區和平東路1段與新生南路3段口,0,0,1,2,C03,8,6,5,50,4,1,1,5,4,5,13,1,1,1,4,5,2,16,2,40,2,9,6,1,7,9,1,10,1,13,,118,,1,21,121.534728,25.0259967
113,6,14,21,10,2,10文山區,文山區景華街與景華街128巷口,0,0,3,1,B03,8,5,5,30,3,1,1,5,4,3,13,3,1,10,5,5,2,16,1,48,3,10,7,1,7,6,1,8,2,8,,84,,1,21,121.5469849,24.9958461
113,6,14,21,10,2,10文山區,文山區景華街與景華街128巷口,0,0,3,2,B03,8,5,5,30,3,1,1,5,4,3,13,3,1,10,5,5,2,16,1,43,3,10,7,1,7,14,1,8,11,17,,38,,1,21,121.5469849,24.9958461
113,6,14,21,10,2,10文山區,文山區景華街與景華街128巷口,0,0,3,3,C03,8,5,5,30,3,1,1,5,4,3,13,3,1,10,5,5,2,16,1,47,2,9,5,1,7,9,1,10,2,14,,14,,1,21,121.5469849,24.9958461
113,6,14,21,10,2,10文山區,文山區景華街與景華街128巷口,0,0,3,4,H02,8,5,5,30,3,1,1,5,4,3,13,3,1,10,5,5,2,16,2,11,2,9,5,5,7,20,8,20,10,16,,67,,1,14,121.5469849,24.9958461
113,6,14,21,10,2,10文山區,文山區景華街與景華街128巷口,0,0,3,5,H02,8,5,5,30,3,1,1,5,4,3,13,3,1,10,5,5,2,16,2,10,2,9,5,5,7,20,8,20,10,16,,67,,1,14,121.5469849,24.9958461
113,6,14,21,15,2,01大同區,大同區承德路3段297-1號,0,0,1,1,C03,8,5,5,50,3,2,1,5,4,5,13,4,4,1,5,5,2,35,1,60,2,9,6,1,7,9,1,10,8,14,,21,,1,21,121.5203938,25.0755408
113,6,14,21,15,2,01大同區,大同區承德路3段297-1號,0,0,1,2,,8,5,5,50,3,2,1,5,4,5,13,4,4,1,5,5,2,35,3,0,,,,,,,,,,,,67,,1,,121.5203938,25.0755408
113,6,14,21,16,2,12內湖區,內湖區新明路與新明路298巷口,0,0,1,1,B03,8,7,5,50,4,1,1,5,4,5,13,1,1,5,4,5,2,17,1,40,3,10,7,1,7,5,1,8,1,17,,8,,1,21,121.5822236,25.0556652
113,6,14,21,16,2,12內湖區,內湖區新明路與新明路298巷口,0,0,1,2,C03,8,7,5,50,4,1,1,5,4,5,13,1,1,5,4,5,2,17,1,20,2,9,5,1,7,9,1,10,1,11,,44,,1,21,121.5822236,25.0556652
113,6,14,21,23,2,03中山區,中山區民權東路1段與林森北路口,0,0,3,1,C03,8,5,5,50,4,1,1,5,4,5,13,1,1,1,4,5,2,13,2,19,2,9,5,1,7,12,1,10,2,13,,44,,1,21,121.5257524,25.062783
113,6,14,21,23,2,03中山區,中山區民權東路1段與林森北路口,0,0,3,2,C03,8,5,5,50,4,1,1,5,4,5,13,1,1,1,4,5,2,13,1,61,2,9,5,1,7,9,1,10,1,11,,16,,1,21,121.5257524,25.062783
113,6,14,21,23,2,03中山區,中山區民權東路1段與林森北路口,0,0,3,3,H02,8,5,5,50,4,1,1,5,4,5,13,1,1,1,4,5,2,13,1,20,2,9,5,5,7,21,8,20,10,16,,67,,1,21,121.5257524,25.062783
113,6,14,21,31,2,03中山區,中山區南京東路1段與新生北路1段口,0,0,3,1,C03,7,5,5,50,3,1,1,5,4,5,13,2,1,1,5,5,1,16,1,30,2,9,3,4,7,8,1,9,1,12,,100,,1,21,121.5275504,25.05200181
113,6,14,21,31,2,03中山區,中山區南京東路1段與新生北路1段口,0,0,3,2,C03,7,5,5,50,3,1,1,5,4,5,13,2,1,1,5,5,1,16,1,28,2,8,3,4,7,9,1,9,1,14,,108,,1,21,121.5275504,25.05200181
113,6,14,21,31,2,03中山區,中山區南京東路1段與新生北路1段口,0,0,3,3,H02,7,5,5,50,3,1,1,5,4,5,13,2,1,1,5,5,1,16,2,22,2,9,4,5,7,20,8,20,10,16,,67,,1,22,121.5275504,25.05200181
113,6,14,21,44,2,06松山區,松山區富錦街與光復北路口,0,0,2,1,B01,7,5,5,50,3,1,1,5,4,5,13,3,1,5,2,4,2,16,1,56,2,2,7,1,7,5,1,4,1,1,,80,,1,21,121.5548799,25.0602911
113,6,14,21,44,2,06松山區,松山區富錦街與光復北路口,0,0,2,2,C03,7,5,5,50,3,1,1,5,4,5,13,3,1,5,2,4,2,16,1,33,2,9,6,1,7,9,1,9,1,12,14,14,,1,21,121.5548799,25.0602911
113,6,14,22,0,2,02萬華區,萬華區忠孝西路2段與西寧南路口,0,0,3,1,C03,8,5,5,50,4,1,1,5,4,5,13,1,1,9,4,4,2,17,1,16,2,9,6,4,7,6,2,18,2,12,,9,,1,21,121.507525,25.04848222
113,6,14,22,0,2,02萬華區,萬華區忠孝西路2段與西寧南路口,0,0,3,2,B03,8,5,5,50,4,1,1,5,4,5,13,1,1,9,4,4,2,17,1,51,2,8,7,4,7,9,1,8,2,1,,44,,1,21,121.507525,25.04848222