發生年度,發生月,發生日,發生時-Hours,發生分,處理別-編號,區序,肇事地點,死亡人數,2-30日死亡人數,受傷人數,當事人序號,車種,天候,道路照明設備,道路類別,速限-速度限制,道路型態,事故位置,路面狀況1,路面狀況2,路面狀況3,道路障礙1,道路障礙2,號誌1,號誌2,車道劃分-分向,車道劃分-分道1,車道劃分-分道2,車道劃分-分道3,事故類型及型態,性別,年齡,受傷程度,主要傷處,保護裝置,行動電話,車輛用途,當事者行動狀態,駕駛資格情形,駕駛執照種類,飲酒情形,車輛撞擊部位1,車輛撞擊部位2,肇因碼-個別,肇因碼-主要,個人肇逃否,職業,座標-X,座標-Y
113,6,14,22,0,2,02萬華區,萬華區忠孝西路2段與西寧南路口,0,0,3,3,H02,8,5,5,50,4,1,1,5,4,5,13,1,1,9,4,4,2,17,2,18,2,8,4,5,7,21,8,20,10,16,,60,,1,21,121.507525,25.04848222
113,6,14,22,15,2,02萬華區,萬華區西藏路與雙園街口,0,0,2,1,C03,7,5,5,50,3,2,1,5,4,5,13,3,1,1,4,5,2,16,2,19,2,8,5,1,7,5,1,10,1,14,,44,,1,21,121.495284,25.0288302
113,6,14,22,15,2,02萬華區,萬華區西藏路與雙園街口,0,0,2,2,C03,7,5,5,50,3,2,1,5,4,5,13,3,1,1,4,5,2,16,1,28,2,9,5,1,7,9,1,10,1,12,,44,,1,21,121.495284,25.0288302
113,6,15,0,23,2,05中正區,中正區羅斯福路4段68號,0,0,2,1,C03,8,5,5,50,14,9,2,5,4,5,13,4,4,3,4,5,2,13,1,18,2,9,5,1,7,9,1,10,2,11,,108,,1,21,121.5340724,25.0148604
113,6,15,0,23,2,05中正區,中正區羅斯福路4段68號,0,0,2,2,C03,8,5,5,50,14,9,2,5,4,5,13,4,4,3,4,5,2,13,2,34,2,9,5,1,7,9,1,10,2,13,,44,,1,21,121.5340724,25.0148604
113,6,15,0,23,2,05中正區,中正區羅斯福路4段68號,0,0,2,3,B03,8,5,5,50,14,9,2,5,4,5,13,4,4,3,4,5,2,13,1,49,3,10,7,1,7,15,1,2,2,3,,99,,1,21,121.5340724,25.0148604
113,6,15,0,58,2,07信義區,信義區吳興街與吳興街269巷口,0,0,1,1,C03,7,5,5,30,4,1,1,5,4,5,13,4,4,9,5,5,2,15,1,28,3,10,5,1,7,9,1,10,1,11,,72,,1,21,121.5639366,25.0268008
113,6,15,0,58,2,07信義區,信義區吳興街與吳興街269巷口,0,0,1,2,C04,7,5,5,30,4,1,1,5,4,5,13,4,4,9,5,5,2,15,1,30,3,10,5,1,7,9,1,10,1,12,,44,,1,21,121.5639366,25.0268008
113,6,15,0,58,2,07信義區,信義區吳興街與吳興街269巷口,0,0,1,3,H02,7,5,5,30,4,1,1,5,4,5,13,4,4,9,5,5,2,15,2,29,2,8,6,5,7,20,8,20,10,16,,67,,1,21,121.5639366,25.0268008
113,6,15,3,47,2,03中山區,中山區民族東路336號,0,0,2,1,B03,8,5,5,50,14,9,1,5,4,5,13,1,1,1,4,4,2,17,1,75,3,10,7,1,7,11,1,8,2,5,,10,,1,22,121.5364586,25.06811798
113,6,15,3,47,2,03中山區,中山區民族東路336號,0,0,2,2,C03,8,5,5,50,14,9,1,5,4,5,13,1,1,1,4,4,2,17,1,18,2,9,5,1,7,9,1,10,2,11,,44,,1,22,121.5364586,25.06811798
113,6,15,3,47,2,03中山區,中山區民族東路336號,0,0,2,4,H02,8,5,5,50,14,9,1,5,4,5,13,1,1,1,4,4,2,17,2,18,2,9,5,5,7,17,8,20,10,16,,67,,1,22,121.5364586,25.06811798
113,6,15,3,47,2,03中山區,中山區民族東路336號,0,0,2,3,B03,8,5,5,50,14,9,1,5,4,5,13,1,1,1,4,4,2,17,1,51,3,10,7,1,7,14,1,7,2,3,,38,,1,22,121.5364586,25.06811798
113,6,15,5,3,2,10文山區,文山區木柵路4段與萬芳交流道口,0,0,1,1,B03,8,6,5,50,3,1,1,5,4,5,13,1,1,1,4,5,2,19,1,28,2,9,7,4,7,9,3,18,8,1,,21,,1,21,121.5765573,25.000076
113,6,15,5,3,2,10文山區,文山區木柵路4段與萬芳交流道口,0,0,1,2,,8,6,5,50,3,1,1,5,4,5,13,1,1,1,4,5,2,19,3,28,,,,,,,,,10,,,67,,1,,121.5765573,25.000076
113,6,15,5,3,2,10文山區,文山區木柵路4段與萬芳交流道口,0,0,1,3,B03,8,6,5,50,3,1,1,5,4,5,13,1,1,1,4,5,2,19,1,51,3,10,7,1,7,14,1,8,2,8,,44,,1,21,121.5765573,25.000076
113,6,15,5,3,2,10文山區,文山區木柵路4段與萬芳交流道口,0,0,1,4,B01,8,6,5,50,3,1,1,5,4,5,13,1,1,1,4,5,2,19,1,58,3,10,7,1,7,14,1,8,2,8,,44,,1,21,121.5765573,25.000076
113,6,15,5,3,2,10文山區,文山區木柵路4段與萬芳交流道口,0,0,1,5,B03,8,6,5,50,3,1,1,5,4,5,13,1,1,1,4,5,2,19,1,44,3,10,7,1,7,9,1,8,2,4,,44,,1,21,121.5765573,25.000076
113,6,15,7,36,2,10文山區,文山區景豐街與景豐街31巷口,0,0,1,1,B03,8,6,5,50,4,1,1,5,4,5,13,3,1,5,5,5,2,15,1,55,3,10,7,1,7,9,1,8,2,5,,14,,1,21,121.5459855,25.0001299
113,6,15,7,36,2,10文山區,文山區景豐街與景豐街31巷口,0,0,1,2,C03,8,6,5,50,4,1,1,5,4,5,13,3,1,5,5,5,2,15,1,56,2,9,6,1,7,9,1,10,2,12,,14,,1,21,121.5459855,25.0001299
113,6,15,8,0,2,02萬華區,萬華區桂林路與桂林路242巷口,0,0,1,1,B03,8,6,5,50,5,1,1,5,4,5,13,2,1,1,5,5,2,16,1,76,3,10,7,1,7,5,1,8,1,2,,8,,1,21,121.4960111,25.03881856
113,6,15,8,0,2,02萬華區,萬華區桂林路與桂林路242巷口,0,0,1,2,C03,8,6,5,50,5,1,1,5,4,5,13,2,1,1,5,5,2,16,2,54,2,9,5,1,7,9,1,10,1,11,,44,,1,26,121.4960111,25.03881856
113,6,15,8,19,2,11南港區,南港區市民大道8段與中南街口,0,0,2,1,B03,8,7,5,50,4,2,1,5,4,5,13,2,1,1,4,5,2,15,1,34,3,10,3,4,7,9,1,8,1,1,,81,,1,21,121.6152402,25.0543109
113,6,15,8,19,2,11南港區,南港區市民大道8段與中南街口,0,0,2,2,C03,8,7,5,50,4,2,1,5,4,5,13,2,1,1,4,5,2,15,1,36,2,8,6,4,7,9,1,10,1,12,,44,,1,21,121.6152402,25.0543109
113,6,15,8,19,2,11南港區,南港區市民大道8段與中南街口,0,0,2,3,H02,8,7,5,50,4,2,1,5,4,5,13,2,1,1,4,5,2,15,2,34,2,8,6,5,7,20,8,20,10,16,,67,,1,21,121.6152402,25.0543109
113,6,15,8,23,2,04大安區,大安區基隆路2段160號,0,0,1,1,C03,8,6,5,50,14,9,1,5,4,5,13,2,1,1,4,5,2,13,1,25,2,8,6,1,7,9,1,10,1,11,,44,,1,21,121.5561587,25.0276767
113,6,15,8,23,2,04大安區,大安區基隆路2段160號,0,0,1,2,B03,8,6,5,50,14,9,1,5,4,5,13,2,1,1,4,5,2,13,1,64,3,10,7,1,7,6,1,8,1,3,,101,,1,21,121.5561587,25.0276767
113,6,15,8,25,2,03中山區,中山區民生東路2段與松江路口,0,0,1,1,A04,8,5,5,50,4,1,1,5,4,5,13,1,1,1,4,3,2,16,1,51,3,10,3,4,7,5,1,2,2,6,,71,,1,21,121.5331459,25.0579007
113,6,15,8,25,2,03中山區,中山區民生東路2段與松江路口,0,0,1,2,C03,8,5,5,50,4,1,1,5,4,5,13,1,1,1,4,3,2,16,1,27,2,9,3,4,7,9,1,10,9,11,,44,,1,21,121.5331459,25.0579007
113,6,15,8,29,2,03中山區,中山區松江路與松江路164巷口,0,0,1,1,C03,8,6,5,50,14,9,1,5,4,5,13,4,4,10,5,5,2,17,2,43,3,10,6,1,7,9,1,10,1,13,,44,,1,21,121.5329049,25.05560345
113,6,15,8,29,2,03中山區,中山區松江路與松江路164巷口,0,0,1,2,F01,8,6,5,50,14,9,1,5,4,5,13,4,4,10,5,5,2,17,2,87,2,8,4,1,7,1,8,20,1,12,,19,,1,21,121.5329049,25.05560345
113,6,15,8,40,2,12內湖區,內湖區金龍路13巷與金龍路口,0,0,1,1,B12,8,6,5,50,3,1,1,5,4,5,13,4,4,10,5,5,2,16,1,26,3,10,7,1,7,11,1,8,2,6,,10,,1,21,121.5950407,25.0844527
113,6,15,8,40,2,12內湖區,內湖區金龍路13巷與金龍路口,0,0,1,2,C03,8,6,5,50,3,1,1,5,4,5,13,4,4,10,5,5,2,16,2,37,2,9,5,1,7,9,1,10,2,11,,44,,1,21,121.5950407,25.0844527
113,6,15,8,49,2,05中正區,中正區中山南路與濟南路1段口,0,0,3,1,C03,8,6,5,50,3,1,1,5,4,5,13,2,1,5,4,5,2,16,1,27,2,9,5,1,7,6,1,10,2,12,,9,,1,22,121.5190254,25.04326117
113,6,15,8,49,2,05中正區,中正區中山南路與濟南路1段口,0,0,3,2,C03,8,6,5,50,3,1,1,5,4,5,13,2,1,5,4,5,2,16,2,43,2,9,5,1,7,9,1,10,2,14,,108,,1,22,121.5190254,25.04326117
113,6,15,8,49,2,05中正區,中正區中山南路與濟南路1段口,0,0,3,3,H02,8,6,5,50,3,1,1,5,4,5,13,2,1,5,4,5,2,16,1,9,2,7,5,5,7,20,8,20,10,16,,67,,1,22,121.5190254,25.04326117
113,6,15,8,58,2,03中山區,中山區敬業三路161巷與樂群二路116巷口,0,0,2,1,B03,8,7,5,50,4,1,1,5,4,5,13,4,4,5,5,5,2,15,1,29,3,10,7,1,7,9,1,8,1,1,,72,,1,22,121.5553347,25.0792369
113,6,15,8,58,2,03中山區,中山區敬業三路161巷與樂群二路116巷口,0,0,2,2,B01,8,7,5,50,4,1,1,5,4,5,13,4,4,5,5,5,2,15,1,59,2,2,7,1,7,9,1,4,1,8,,80,,1,22,121.5553347,25.0792369
113,6,15,8,58,2,03中山區,中山區敬業三路161巷與樂群二路116巷口,0,0,2,3,H02,8,7,5,50,4,1,1,5,4,5,13,4,4,5,5,5,2,15,2,36,2,9,7,5,7,21,8,20,10,16,,67,,1,22,121.5553347,25.0792369
113,6,15,9,17,2,07信義區,信義區基隆路1段往環東大道引道,0,0,3,1,B03,8,6,5,40,14,16,1,5,4,5,13,4,4,9,4,5,2,13,1,49,3,10,7,1,7,9,1,8,1,1,,108,,1,21,121.5660758,25.0438149
113,6,15,9,17,2,07信義區,信義區基隆路1段往環東大道引道,0,0,3,2,B03,8,6,5,40,14,16,1,5,4,5,13,4,4,9,4,5,2,13,2,48,2,2,7,1,7,3,1,8,1,3,,44,,1,21,121.5660758,25.0438149
113,6,15,9,17,2,07信義區,信義區基隆路1段往環東大道引道,0,0,3,3,H02,8,6,5,40,14,16,1,5,4,5,13,4,4,9,4,5,2,13,2,47,2,1,7,5,7,17,8,20,10,17,,67,,1,21,121.5660758,25.0438149
113,6,15,9,17,2,07信義區,信義區基隆路1段往環東大道引道,0,0,3,4,H02,8,6,5,40,14,16,1,5,4,5,13,4,4,9,4,5,2,13,2,45,2,1,7,5,7,17,8,20,10,17,,67,,1,21,121.5660758,25.0438149
113,6,15,9,20,2,09北投區,北投區大度路1段與承德路7段401巷620弄口,0,0,1,1,A32,8,6,5,70,4,2,1,5,4,5,13,1,1,1,4,4,2,16,1,56,3,10,7,1,1,6,1,1,2,5,,9,,1,21,121.4858576,25.1218201
113,6,15,9,20,2,09北投區,北投區大度路1段與承德路7段401巷620弄口,0,0,1,2,C03,8,6,5,70,4,2,1,5,4,5,13,1,1,1,4,4,2,16,1,22,2,9,6,1,7,9,1,10,2,14,,44,,1,21,121.4858576,25.1218201
113,6,15,9,22,2,08士林區,士林區通河西街1段與通河西街1段口堤外百齡左岸074桿,0,0,3,1,C03,8,7,5,40,3,2,1,5,4,5,13,4,4,10,5,5,1,13,1,30,2,9,5,1,7,9,1,10,1,11,,16,,1,21,121.5126622,25.085848
113,6,15,9,22,2,08士林區,士林區通河西街1段與通河西街1段口堤外百齡左岸074桿,0,0,3,2,C03,8,7,5,40,3,2,1,5,4,5,13,4,4,10,5,5,1,13,1,32,2,9,5,1,7,14,1,10,1,13,,44,,1,21,121.5126622,25.085848
113,6,15,9,22,2,08士林區,士林區通河西街1段與通河西街1段口堤外百齡左岸074桿,0,0,3,3,C03,8,7,5,40,3,2,1,5,4,5,13,4,4,10,5,5,1,13,1,46,2,9,5,1,7,9,1,10,1,11,,16,,1,21,121.5126622,25.085848
113,6,15,9,51,2,03中山區,中山區林森北路與新生北路3段62巷口,0,0,1,1,B01,8,7,5,50,4,2,2,5,4,5,13,4,4,10,5,5,2,17,1,60,3,10,7,1,7,1,6,4,1,8,,99,,1,21,121.5257157,25.06580988
113,6,15,9,51,2,03中山區,中山區林森北路與新生北路3段62巷口,0,0,1,2,C03,8,7,5,50,4,2,2,5,4,5,13,4,4,10,5,5,2,17,1,49,2,9,6,1,7,9,1,10,1,11,,44,,1,21,121.5257157,25.06580988
113,6,15,10,3,2,12內湖區,內湖區內湖路3段與內湖路3段60巷口,0,0,3,1,C04,8,6,5,30,5,2,1,5,4,5,13,3,1,5,5,5,2,10,2,41,2,9,5,1,7,10,1,10,1,11,,80,,1,21,121.5922207,25.0862382
113,6,15,10,3,2,12內湖區,內湖區內湖路3段與內湖路3段60巷口,0,0,3,2,C03,8,6,5,30,5,2,1,5,4,5,13,3,1,5,5,5,2,10,2,57,2,9,5,1,7,9,1,10,1,14,,44,,1,21,121.5922207,25.0862382
113,6,15,10,3,2,12內湖區,內湖區內湖路3段與內湖路3段60巷口,0,0,3,3,H02,8,6,5,30,5,2,1,5,4,5,13,3,1,5,5,5,2,10,2,4,2,9,5,5,7,20,8,20,10,16,,67,,1,21,121.5922207,25.0862382
113,6,15,10,10,2,03中山區,中山區復興北路430巷與復興北路427巷口,0,0,2,1,C03,8,7,5,30,4,1,1,5,4,5,13,2,1,5,5,5,2,10,1,26,2,9,6,1,7,15,1,10,1,11,,71,,1,22,121.5442353,25.0633619
113,6,15,10,10,2,03中山區,中山區復興北路430巷與復興北路427巷口,0,0,2,2,C03,8,7,5,30,4,1,1,5,4,5,13,2,1,5,5,5,2,10,1,34,2,9,6,1,7,9,1,10,1,11,,44,,1,22,121.5442353,25.0633619
113,6,15,10,10,2,12內湖區,內湖區康樂街61巷與康樂街口,0,0,1,1,B03,8,6,5,50,3,1,1,5,4,5,13,1,1,10,5,5,2,16,2,38,3,10,7,1,7,5,1,8,1,8,,71,,1,21,121.6183279,25.0684335
113,6,15,10,10,2,12內湖區,內湖區康樂街61巷與康樂街口,0,0,1,2,C03,8,6,5,50,3,1,1,5,4,5,13,1,1,10,5,5,2,16,2,40,2,9,5,2,7,9,3,18,1,11,,108,,1,21,121.6183279,25.0684335
113,6,15,10,15,2,07信義區,信義區大道路與林口街38巷口,0,0,1,1,B03,8,7,5,30,3,1,1,5,4,5,13,4,4,5,5,5,2,17,1,49,3,10,3,4,7,5,1,8,1,5,,74,,1,21,121.5832078,25.0392804
113,6,15,10,15,2,07信義區,信義區大道路與林口街38巷口,0,0,1,2,C03,8,7,5,30,3,1,1,5,4,5,13,4,4,5,5,5,2,17,1,39,2,8,3,4,7,9,1,10,1,14,,44,,1,21,121.5832078,25.0392804
113,6,15,10,32,2,02萬華區,萬華區內江街與昆明街口,0,0,1,1,C03,8,7,5,50,4,2,1,5,4,5,13,1,1,10,4,5,2,17,2,21,3,10,5,1,7,5,1,10,1,13,,80,,1,21,121.5045417,25.04156798
113,6,15,10,32,2,02萬華區,萬華區內江街與昆明街口,0,0,1,2,C03,8,7,5,50,4,2,1,5,4,5,13,1,1,10,4,5,2,17,1,59,2,7,5,1,7,9,1,10,1,11,,108,,1,21,121.5045417,25.04156798
113,6,15,10,55,2,12內湖區,內湖區瑞光路358巷與瑞光路口,0,0,1,1,C03,7,6,5,50,3,1,1,5,4,5,13,2,1,5,4,5,2,13,1,67,3,10,6,1,7,15,1,10,1,11,,118,,1,21,121.5727127,25.07739933
113,6,15,10,55,2,12內湖區,內湖區瑞光路358巷與瑞光路口,0,0,1,2,F01,7,6,5,50,3,1,1,5,4,5,13,2,1,5,4,5,2,13,1,44,2,9,4,1,7,15,8,20,1,14,,118,,1,21,121.5727127,25.07739933
113,6,15,11,0,2,10文山區,文山區木柵路3段48巷1弄與興隆路4段105巷口,0,0,1,1,C03,8,6,5,30,3,1,1,5,4,5,13,4,4,10,5,5,2,17,1,72,2,9,5,4,7,6,1,10,1,12,,14,,1,21,121.5643926,24.9880095
113,6,15,11,0,2,10文山區,文山區木柵路3段48巷1弄與興隆路4段105巷口,0,0,1,2,B03,8,6,5,30,3,1,1,5,4,5,13,4,4,10,5,5,2,17,2,53,3,10,3,4,7,9,1,8,1,8,,107,,1,21,121.5643926,24.9880095
113,6,15,11,28,2,09北投區,北投區立賢路與承德路7段口,0,0,2,1,B03,8,6,5,50,4,1,1,5,4,5,13,1,1,1,4,5,2,16,1,69,3,10,7,1,7,6,1,8,1,5,,9,,1,21,121.5048813,25.1162198
113,6,15,11,28,2,09北投區,北投區立賢路與承德路7段口,0,0,2,2,C03,8,6,5,50,4,1,1,5,4,5,13,1,1,1,4,5,2,16,1,64,2,9,5,1,7,9,1,10,1,14,,13,,1,21,121.5048813,25.1162198
113,6,15,11,28,2,09北投區,北投區立賢路與承德路7段口,0,0,2,3,C03,8,6,5,50,4,1,1,5,4,5,13,1,1,1,4,5,2,16,1,19,2,7,5,1,7,9,1,10,1,11,,44,,1,21,121.5048813,25.1162198
113,6,15,11,46,2,10文山區,文山區老泉街45巷電線桿樟湖幹37,0,0,1,1,C03,8,6,5,30,11,9,1,5,4,5,13,4,4,10,5,5,1,16,2,51,2,9,6,1,7,9,3,18,2,11,14,5,,1,21,121.5720139,24.97459516
113,6,15,11,46,2,10文山區,文山區老泉街45巷電線桿樟湖幹37,0,0,1,2,B03,8,6,5,30,11,9,1,5,4,5,13,4,4,10,5,5,1,16,1,44,3,10,7,1,7,9,1,8,2,5,,44,,1,21,121.5720139,24.97459516
113,6,15,11,57,2,02萬華區,萬華區萬大路與萬大路423巷口,0,0,2,1,A02,7,6,5,30,4,2,4,5,4,5,13,2,1,1,4,1,2,12,1,49,3,10,7,1,7,9,1,2,1,2,,44,,1,21,121.4986652,25.0214168
113,6,15,11,57,2,02萬華區,萬華區萬大路與萬大路423巷口,0,0,2,2,C03,7,6,5,30,4,2,4,5,4,5,13,2,1,1,4,1,2,12,1,75,2,9,6,1,7,9,1,10,1,14,,44,,1,21,121.4986652,25.0214168
113,6,15,11,57,2,02萬華區,萬華區萬大路與萬大路423巷口,0,0,2,3,H02,7,6,5,30,4,2,4,5,4,5,13,2,1,1,4,1,2,12,2,69,2,9,6,5,7,17,8,20,10,17,,67,,1,21,121.4986652,25.0214168
113,6,15,12,10,2,09北投區,北投區致遠一路1段125巷與致遠一路1段口,0,0,1,1,B12,8,7,5,50,4,1,1,5,4,5,13,4,4,9,4,5,2,16,1,61,3,10,3,4,7,5,1,8,2,8,,8,,1,26,121.5149791,25.11018296
113,6,15,12,10,2,09北投區,北投區致遠一路1段125巷與致遠一路1段口,0,0,1,2,C03,8,7,5,50,4,1,1,5,4,5,13,4,4,9,4,5,2,16,2,24,2,9,3,4,7,9,1,10,2,12,,14,,1,21,121.5149791,25.11018296
113,6,15,12,34,2,08士林區,士林區至誠路1段與雨聲街口,0,0,1,1,C03,7,7,5,50,3,2,1,5,4,5,13,3,1,5,5,5,1,12,2,32,2,7,5,1,7,9,1,10,1,14,,14,,1,21,121.5336701,25.10152598
113,6,15,12,34,2,08士林區,士林區至誠路1段與雨聲街口,0,0,1,2,B03,7,7,5,50,3,2,1,5,4,5,13,3,1,5,5,5,1,12,1,67,3,10,7,1,7,9,1,8,1,2,,14,,1,21,121.5336701,25.10152598
113,6,15,12,40,2,09北投區,北投區致遠二路108號,0,0,2,1,C03,8,5,5,50,14,9,1,5,4,5,13,4,4,9,4,5,1,17,1,42,2,7,5,1,7,1,1,10,2,14,,19,,1,21,121.5127654,25.1171767
113,6,15,12,40,2,09北投區,北投區致遠二路108號,0,0,2,2,C03,8,5,5,50,14,9,1,5,4,5,13,4,4,9,4,5,1,17,1,32,2,7,5,1,7,9,6,10,2,11,,44,,1,21,121.5127654,25.1171767
113,6,15,13,13,2,10文山區,文山區木柵路4段與和平東路4段口口,0,0,2,1,C03,8,6,5,50,14,9,2,5,4,5,13,2,1,5,4,5,2,17,1,20,2,7,5,4,7,15,1,10,1,12,,44,,1,21,121.5746053,24.99821322
113,6,15,13,13,2,10文山區,文山區木柵路4段與和平東路4段口口,0,0,2,2,C03,8,6,5,50,14,9,2,5,4,5,13,2,1,5,4,5,2,17,1,22,3,10,5,4,7,15,1,10,1,14,,44,,1,21,121.5746053,24.99821322
113,6,15,13,13,2,10文山區,文山區木柵路4段與和平東路4段口口,0,0,2,3,H02,8,6,5,50,14,9,2,5,4,5,13,2,1,5,4,5,2,17,2,22,2,8,5,5,7,17,8,20,10,16,,67,,1,21,121.5746053,24.99821322
113,6,15,13,21,2,03中山區,中山區復興北路422號與復興北路口,0,0,1,1,B03,7,7,5,50,14,9,1,5,4,5,13,4,4,1,4,5,1,16,1,34,3,10,7,1,7,6,1,8,1,2,,9,,1,22,121.5441309,25.0627446
113,6,15,13,21,2,03中山區,中山區復興北路422號與復興北路口,0,0,1,2,C03,7,7,5,50,14,9,1,5,4,5,13,4,4,1,4,5,1,16,2,23,2,9,6,1,7,9,1,10,1,14,,108,,1,22,121.5441309,25.0627446
113,6,15,13,26,2,07信義區,信義區基隆路1段與忠孝東路4段口,0,0,1,1,B03,8,7,5,50,4,1,1,5,4,5,13,1,1,3,4,5,2,16,2,24,2,8,3,4,7,6,3,18,9,6,,9,,1,21,121.5643478,25.0413045
113,6,15,13,26,2,07信義區,信義區基隆路1段與忠孝東路4段口,0,0,1,2,B03,8,7,5,50,4,1,1,5,4,5,13,1,1,3,4,5,2,16,1,21,3,10,3,4,7,6,1,8,9,8,,44,,1,21,121.5643478,25.0413045
113,6,15,13,47,2,05中正區,中正區汀州路3段295號,0,0,2,1,C03,8,6,5,50,14,9,1,5,4,5,13,4,4,9,5,5,1,17,2,25,2,8,6,1,7,11,1,10,2,14,,10,,1,21,121.5357214,25.0116905
113,6,15,13,47,2,05中正區,中正區汀州路3段295號,0,0,2,2,C03,8,6,5,50,14,9,1,5,4,5,13,4,4,9,5,5,1,17,1,37,2,7,6,1,7,9,1,10,2,12,,44,,1,21,121.5357214,25.0116905
113,6,15,14,57,2,01大同區,大同區民生西路與太原路口,0,0,1,1,B01,7,6,5,50,3,2,1,5,4,5,13,1,1,5,2,5,2,17,1,55,3,10,7,1,7,6,1,4,1,2,,44,,1,21,121.5168638,25.05716708
113,6,15,14,57,2,01大同區,大同區民生西路與太原路口,0,0,1,2,C03,7,6,5,50,3,2,1,5,4,5,13,1,1,5,2,5,2,17,1,39,2,9,5,1,7,9,1,10,1,14,,108,,1,21,121.5168638,25.05716708
113,6,15,15,10,2,01大同區,大同區民樂街與延平北路2段144巷口口,0,0,3,1,C03,7,6,5,30,3,1,1,5,4,5,13,4,4,10,5,5,2,16,2,41,2,9,6,1,7,5,1,10,1,14,,80,,1,21,121.510626,25.0576331
113,6,15,15,10,2,01大同區,大同區民樂街與延平北路2段144巷口口,0,0,3,2,C03,7,6,5,30,3,1,1,5,4,5,13,4,4,10,5,5,2,16,2,56,2,8,5,1,7,9,1,10,1,11,,44,,1,21,121.510626,25.0576331
113,6,15,15,10,2,01大同區,大同區民樂街與延平北路2段144巷口口,0,0,3,3,H02,7,6,5,30,3,1,1,5,4,5,13,4,4,10,5,5,2,16,2,58,2,9,5,5,7,20,8,20,10,16,,67,,1,21,121.510626,25.0576331
113,6,15,15,31,2,03中山區,中山區新生北路2段與長春路口,0,0,2,1,C03,7,5,5,50,4,1,1,5,4,5,13,1,1,5,4,4,2,17,2,71,2,9,3,4,7,11,1,10,1,11,,118,,1,21,121.5273452,25.0548607
113,6,15,15,31,2,03中山區,中山區新生北路2段與長春路口,0,0,2,2,C04,7,5,5,50,4,1,1,5,4,5,13,1,1,5,4,4,2,17,1,36,3,10,3,4,7,9,1,10,1,14,,44,,1,21,121.5273452,25.0548607
113,6,15,15,31,2,03中山區,中山區新生北路2段與長春路口,0,0,2,3,H02,7,5,5,50,4,1,1,5,4,5,13,1,1,5,4,4,2,17,2,35,2,8,3,5,7,20,8,20,10,16,,67,,1,21,121.5273452,25.0548607
113,6,15,15,36,2,03中山區,中山區南京東路1段與林森北路口,0,0,3,1,C03,7,5,5,40,4,1,1,5,4,5,13,1,1,1,4,4,2,17,2,33,2,8,3,4,7,8,1,10,1,12,,100,,1,21,121.5252883,25.0522363
113,6,15,15,36,2,03中山區,中山區南京東路1段與林森北路口,0,0,3,2,C03,7,5,5,40,4,1,1,5,4,5,13,1,1,1,4,4,2,17,1,60,2,9,3,4,7,9,1,10,1,14,,44,,1,21,121.5252883,25.0522363
113,6,15,15,36,2,03中山區,中山區南京東路1段與林森北路口,0,0,3,3,C03,7,5,5,40,4,1,1,5,4,5,13,1,1,1,4,4,2,17,1,41,2,8,3,4,7,9,1,10,1,11,,44,,1,21,121.5252883,25.0522363
113,6,15,15,40,2,10文山區,文山區木柵路1段122號,0,0,1,1,B03,8,6,5,50,14,9,2,5,4,5,13,2,1,5,4,5,2,17,2,58,3,10,3,4,7,9,1,8,1,1,,16,,1,21,121.5513038,24.98764297
113,6,15,15,40,2,10文山區,文山區木柵路1段122號,0,0,1,2,C03,8,6,5,50,14,9,2,5,4,5,13,2,1,5,4,5,2,17,1,45,3,10,5,3,7,14,1,10,1,13,,44,,1,21,121.5513038,24.98764297
113,6,15,15,40,2,10文山區,文山區木柵路1段122號,0,0,1,3,H02,8,6,5,50,14,9,2,5,4,5,13,2,1,5,4,5,2,17,2,42,2,6,5,5,7,17,8,20,10,16,,67,,1,21,121.5513038,24.98764297
113,6,15,15,48,2,08士林區,士林區中山北路6段785號,0,0,1,1,F07,8,7,5,0,14,20,1,5,4,5,13,4,4,10,5,5,2,2,1,13,3,10,4,1,7,15,8,20,1,14,,108,,1,21,121.5285089,25.11625438
113,6,15,15,48,2,08士林區,士林區中山北路6段785號,0,0,1,2,H01,8,7,5,0,14,20,1,5,4,5,13,4,4,10,5,5,2,2,2,64,2,8,4,5,8,16,8,20,10,16,,67,,1,21,121.5285089,25.11625438
113,6,15,16,0,2,12內湖區,內湖區民權東路6段9號,0,0,1,1,B12,7,6,5,50,4,1,1,5,4,5,13,1,1,1,5,5,2,16,2,20,3,10,7,1,7,5,1,8,2,2,,8,,1,21,121.5765111,25.0675778
113,6,15,16,0,2,12內湖區,內湖區民權東路6段9號,0,0,1,2,C03,7,6,5,50,4,1,1,5,4,5,13,1,1,1,5,5,2,16,1,77,2,9,5,1,7,9,1,10,2,11,,44,,1,21,121.5765111,25.0675778
113,6,15,16,1,2,05中正區,中正區泉州街32-2號,0,0,1,1,B13,7,7,5,50,14,7,1,5,4,3,10,4,4,5,4,4,2,2,1,46,3,10,7,1,7,9,1,4,2,5,,107,,1,22,121.5136579,25.0259449
113,6,15,16,1,2,05中正區,中正區泉州街32-2號,0,0,1,2,H01,7,7,5,50,14,7,1,5,4,3,10,4,4,5,4,4,2,2,2,43,2,9,4,5,8,16,8,20,10,16,,67,,1,22,121.5136579,25.0259449
113,6,15,16,1,2,05中正區,中正區泉州街32-2號,0,0,1,3,B03,7,7,5,50,14,7,1,5,4,3,10,4,4,5,4,4,2,2,2,56,3,10,7,1,7,14,1,8,9,17,,38,,1,22,121.5136579,25.0259449