發生年度,發生月,發生日,發生時-Hours,發生分,處理別-編號,區序,肇事地點,死亡人數,2-30日死亡人數,受傷人數,當事人序號,車種,天候,道路照明設備,道路類別,速限-速度限制,道路型態,事故位置,路面狀況1,路面狀況2,路面狀況3,道路障礙1,道路障礙2,號誌1,號誌2,車道劃分-分向,車道劃分-分道1,車道劃分-分道2,車道劃分-分道3,事故類型及型態,性別,年齡,受傷程度,主要傷處,保護裝置,行動電話,車輛用途,當事者行動狀態,駕駛資格情形,駕駛執照種類,飲酒情形,車輛撞擊部位1,車輛撞擊部位2,肇因碼-個別,肇因碼-主要,個人肇逃否,職業,座標-X,座標-Y
113,6,15,16,1,2,05中正區,中正區泉州街32-2號,0,0,1,4,B03,7,7,5,50,14,7,1,5,4,3,10,4,4,5,4,4,2,2,1,49,3,10,7,1,7,14,1,8,9,17,,38,,1,22,121.5136579,25.0259449
113,6,15,16,1,2,05中正區,中正區泉州街32-2號,0,0,1,5,B03,7,7,5,50,14,7,1,5,4,3,10,4,4,5,4,4,2,2,1,48,3,10,7,1,7,14,1,8,9,17,,38,,1,22,121.5136579,25.0259449
113,6,15,16,1,2,05中正區,中正區泉州街32-2號,0,0,1,6,B03,7,7,5,50,14,7,1,5,4,3,10,4,4,5,4,4,2,2,1,46,3,10,7,1,7,14,1,8,9,17,,38,,1,22,121.5136579,25.0259449
113,6,15,16,5,2,01大同區,大同區民生西路218號,0,0,2,1,C03,7,6,5,50,14,9,1,5,4,5,13,4,4,5,2,5,2,17,1,26,2,8,5,1,7,15,1,10,1,12,,100,,1,21,121.5148263,25.0569716
113,6,15,16,5,2,01大同區,大同區民生西路218號,0,0,2,2,C03,7,6,5,50,14,9,1,5,4,5,13,4,4,5,2,5,2,17,1,26,2,7,5,1,7,9,1,10,1,14,,44,,1,21,121.5148263,25.0569716
113,6,15,16,5,2,01大同區,大同區民生西路218號,0,0,2,3,B03,7,6,5,50,14,9,1,5,4,5,13,4,4,5,2,5,2,17,1,34,3,10,7,1,7,9,1,8,1,6,,44,,1,21,121.5148263,25.0569716
113,6,15,16,22,2,04大安區,大安區復興南路2段與復興南路2段148巷口,0,0,3,1,C03,8,6,5,50,4,1,1,5,4,5,13,2,1,8,3,5,2,16,2,27,2,8,6,1,7,5,1,10,1,13,,8,,1,21,121.5435156,25.0284067
113,6,15,16,22,2,04大安區,大安區復興南路2段與復興南路2段148巷口,0,0,3,2,C03,8,6,5,50,4,1,1,5,4,5,13,2,1,8,3,5,2,16,1,45,2,8,6,1,7,9,1,10,1,11,,108,,1,21,121.5435156,25.0284067
113,6,15,16,22,2,04大安區,大安區復興南路2段與復興南路2段148巷口,0,0,3,3,H02,8,6,5,50,4,1,1,5,4,5,13,2,1,8,3,5,2,16,2,41,2,9,6,5,7,20,8,20,10,16,,67,,1,21,121.5435156,25.0284067
113,6,15,16,40,2,05中正區,中正區中山南路與濟南路1段口,0,0,1,1,C03,8,7,5,50,4,2,1,5,4,5,13,1,1,8,3,1,2,13,1,21,2,8,5,1,7,9,1,10,2,11,,16,,1,25,121.5189241,25.0429624
113,6,15,16,40,2,05中正區,中正區中山南路與濟南路1段口,0,0,1,2,C02,8,7,5,50,4,2,1,5,4,5,13,1,1,8,3,1,2,13,1,34,3,10,5,1,7,12,1,9,2,13,,44,,1,26,121.5189241,25.0429624
113,6,15,16,56,2,03中山區,中山區松江路32號,0,0,3,1,C03,7,5,5,50,14,9,1,5,4,5,13,1,1,1,4,5,2,13,2,47,2,7,3,4,7,9,1,10,1,11,,108,,1,21,121.5328642,25.0472202
113,6,15,16,56,2,03中山區,中山區松江路32號,0,0,3,2,C03,7,5,5,50,14,9,1,5,4,5,13,1,1,1,4,5,2,13,1,59,2,8,3,4,7,9,1,10,1,13,,44,,1,21,121.5328642,25.0472202
113,6,15,16,56,2,03中山區,中山區松江路32號,0,0,3,3,H02,7,5,5,50,14,9,1,5,4,5,13,1,1,1,4,5,2,13,2,60,2,8,3,5,7,21,8,20,10,16,,67,,1,22,121.5328642,25.0472202
113,6,15,16,57,2,11南港區,南港區忠孝東路6段225巷與忠孝東路6段口,0,0,2,1,B03,8,6,5,50,3,1,1,5,4,5,13,4,4,8,3,4,2,11,1,54,3,10,3,4,7,8,1,8,1,1,,9,,1,21,121.5884786,25.0492295
113,6,15,16,57,2,11南港區,南港區忠孝東路6段225巷與忠孝東路6段口,0,0,2,2,C03,8,6,5,50,3,1,1,5,4,5,13,4,4,8,3,4,2,11,1,20,2,7,3,4,7,9,1,10,1,11,,44,,1,21,121.5884786,25.0492295
113,6,15,16,57,2,11南港區,南港區忠孝東路6段225巷與忠孝東路6段口,0,0,2,3,H02,8,6,5,50,3,1,1,5,4,5,13,4,4,8,3,4,2,11,2,21,2,8,3,5,7,20,8,20,10,17,,67,,1,21,121.5884786,25.0492295
113,6,15,18,48,2,07信義區,信義區市府路與仁愛路4段口,0,0,3,1,F02,7,7,8,50,3,2,1,5,4,5,13,2,1,10,5,5,2,17,2,47,2,9,4,1,7,9,8,20,9,14,,42,,1,21,121.5635529,25.0377041
113,6,15,18,48,2,07信義區,信義區市府路與仁愛路4段口,0,0,3,2,B03,7,7,8,50,3,2,1,5,4,5,13,2,1,10,5,5,2,17,1,35,2,3,7,1,7,1,1,8,9,1,,44,,1,21,121.5635529,25.0377041
113,6,15,18,48,2,07信義區,信義區市府路與仁愛路4段口,0,0,3,3,H02,7,7,8,50,3,2,1,5,4,5,13,2,1,10,5,5,2,17,2,7,2,9,5,5,7,20,8,20,10,16,,67,,1,21,121.5635529,25.0377041
113,6,15,18,50,2,11南港區,南港區忠孝東路6段468號,0,0,2,1,C03,7,5,5,50,14,9,1,5,4,5,13,4,4,1,4,5,2,12,1,52,2,9,6,1,7,15,1,10,1,12,,100,,1,22,121.5945784,25.05043772
113,6,15,18,50,2,11南港區,南港區忠孝東路6段468號,0,0,2,2,C03,7,5,5,50,14,9,1,5,4,5,13,4,4,1,4,5,2,12,2,24,2,9,6,1,7,9,1,10,1,14,,44,,1,21,121.5945784,25.05043772
113,6,15,19,1,2,01大同區,大同區長安西路與西寧北路口,0,0,2,1,C03,7,5,5,50,4,2,1,5,4,5,13,2,1,5,4,5,2,17,1,61,2,9,5,4,7,5,1,10,1,11,,8,,1,21,121.5092565,25.0518093
113,6,15,19,1,2,01大同區,大同區長安西路與西寧北路口,0,0,2,2,C03,7,5,5,50,4,2,1,5,4,5,13,2,1,5,4,5,2,17,2,45,2,9,5,4,7,9,1,10,1,11,,44,,1,21,121.5092565,25.0518093
113,6,15,19,38,2,02萬華區,萬華區東園街194號,0,0,2,1,C03,7,5,5,30,14,9,1,5,4,5,13,4,4,5,5,5,2,12,1,47,2,9,6,1,7,1,1,10,1,14,,19,,1,21,121.4986164,25.0214649
113,6,15,19,38,2,02萬華區,萬華區東園街194號,0,0,2,2,C03,7,5,5,30,14,9,1,5,4,5,13,4,4,5,5,5,2,12,1,38,2,9,6,1,7,9,1,10,1,12,,44,,1,21,121.4986164,25.0214649
113,6,15,20,5,2,03中山區,中山區民權東路3段與建國北路2段口,0,0,1,1,B03,8,5,5,50,4,1,1,5,4,5,13,1,1,1,4,5,2,16,1,31,3,10,7,1,7,6,1,8,1,2,,9,,1,22,121.5373571,25.0623065
113,6,15,20,5,2,03中山區,中山區民權東路3段與建國北路2段口,0,0,1,2,F01,8,5,5,50,4,1,1,5,4,5,13,1,1,1,4,5,2,16,1,12,2,9,4,1,7,9,8,20,1,11,,53,,1,22,121.5373571,25.0623065
113,6,15,20,30,2,03中山區,中山區北安路47號,0,0,1,1,B03,7,5,5,50,14,9,1,5,4,5,13,4,4,5,5,5,2,16,1,68,3,10,7,1,7,1,1,8,1,7,,19,,1,21,121.5286205,25.07769209
113,6,15,20,30,2,03中山區,中山區北安路47號,0,0,1,2,C03,7,5,5,50,14,9,1,5,4,5,13,4,4,5,5,5,2,16,1,29,2,8,6,1,7,9,1,10,1,11,,13,,1,21,121.5286205,25.07769209
113,6,15,20,30,2,08士林區,士林區承德路4段與劍潭路口,0,0,1,1,B03,8,5,5,50,4,1,1,5,4,5,13,2,1,1,4,5,2,17,1,68,3,10,3,4,7,5,1,8,2,2,,8,,1,21,121.5234228,25.0841534
113,6,15,20,30,2,08士林區,士林區承德路4段與劍潭路口,0,0,1,2,C03,8,5,5,50,4,1,1,5,4,5,13,2,1,1,4,5,2,17,1,50,2,9,3,4,7,9,1,10,2,11,,44,,1,21,121.5234228,25.0841534
113,6,15,21,24,2,06松山區,松山區新東街11巷與新東街口,0,0,2,1,C03,7,5,5,30,4,1,1,5,4,5,13,4,4,9,4,5,2,15,1,75,2,9,6,1,7,9,1,10,1,12,,72,,1,21,121.5659941,25.0582862
113,6,15,21,24,2,06松山區,松山區新東街11巷與新東街口,0,0,2,2,C03,7,5,5,30,4,1,1,5,4,5,13,4,4,9,4,5,2,15,1,17,2,8,6,1,7,9,2,18,1,14,,44,,1,21,121.5659941,25.0582862
113,6,16,0,20,2,08士林區,士林區光華路61巷4弄屋頂上餐廳前,0,0,2,1,C03,7,5,5,30,14,9,1,5,4,5,13,4,4,10,5,5,2,17,1,21,2,7,6,1,7,15,1,10,1,11,,108,,1,22,121.5385834,25.1337226
113,6,16,0,20,2,08士林區,士林區光華路61巷4弄屋頂上餐廳前,0,0,2,2,B03,7,5,5,30,14,9,1,5,4,5,13,4,4,10,5,5,2,17,1,20,3,10,3,4,7,13,1,8,1,7,,38,,1,22,121.5385834,25.1337226
113,6,16,0,20,2,08士林區,士林區光華路61巷4弄屋頂上餐廳前,0,0,2,3,H02,7,5,5,30,14,9,1,5,4,5,13,4,4,10,5,5,2,17,2,22,2,8,6,5,7,17,8,20,10,17,,67,,1,22,121.5385834,25.1337226
113,6,16,0,49,2,03中山區,中山區北安路536巷與北安路口,0,0,1,2,C02,8,5,5,50,5,1,1,2,4,5,13,1,1,1,4,5,2,17,1,34,2,9,5,1,7,9,1,9,1,17,,44,,1,21,121.5475695,25.0799496
113,6,16,0,49,2,03中山區,中山區北安路536巷與北安路口,0,0,1,1,A12,8,5,5,50,5,1,1,2,4,5,13,1,1,1,4,5,2,17,1,64,4,11,3,4,,21,7,,11,15,,130,,2,22,121.5475695,25.0799496
113,6,16,2,7,2,02萬華區,萬華區昆明街與峨眉街口,0,0,1,1,B01,8,5,5,50,4,2,1,5,4,5,13,2,1,10,4,5,2,1,1,55,3,10,7,4,7,9,1,4,11,4,,108,,2,22,121.504901,25.04402308
113,6,16,2,7,2,02萬華區,萬華區昆明街與峨眉街口,0,0,1,2,H01,8,5,5,50,4,2,1,5,4,5,13,2,1,10,4,5,2,1,1,33,2,7,4,5,8,16,8,20,10,16,,121,,1,21,121.504901,25.04402308
113,6,16,4,17,2,04大安區,大安區忠孝東路3段與復興南路1段口,0,0,1,1,C03,8,5,5,50,4,1,1,5,4,5,13,2,1,1,4,5,1,12,4,0,,,,,,,,,,,,119,,2,,121.5436608,25.0417464
113,6,16,4,17,2,04大安區,大安區忠孝東路3段與復興南路1段口,0,0,1,2,C03,8,5,5,50,4,1,1,5,4,5,13,2,1,1,4,5,1,12,1,41,2,9,3,4,7,9,1,9,11,11,,44,,1,21,121.5436608,25.0417464
113,6,16,8,1,2,03中山區,中山區民權西路64號,0,0,2,1,C03,8,6,5,50,14,7,1,5,4,5,13,4,4,3,4,4,2,12,2,18,2,9,5,1,7,9,1,10,1,12,14,108,,1,21,121.5206448,25.0627818
113,6,16,8,1,2,03中山區,中山區民權西路64號,0,0,2,2,C03,8,6,5,50,14,7,1,5,4,5,13,4,4,3,4,4,2,12,1,36,2,8,5,1,7,12,1,10,1,17,,44,,1,21,121.5206448,25.0627818
113,6,16,8,1,2,03中山區,中山區民權西路64號,0,0,2,3,C03,8,6,5,50,14,7,1,5,4,5,13,4,4,3,4,4,2,12,1,47,3,10,5,1,7,9,6,10,1,11,,44,,1,21,121.5206448,25.0627818
113,6,16,8,40,2,11南港區,南港區舊莊街2段(0400442燈桿),0,0,2,1,A02,8,6,5,30,11,9,1,5,4,5,13,4,4,10,5,5,2,11,2,47,2,9,7,1,7,9,1,2,1,8,,5,,1,21,121.6433699,25.02982026
113,6,16,8,40,2,11南港區,南港區舊莊街2段(0400442燈桿),0,0,2,2,C03,8,6,5,30,11,9,1,5,4,5,13,4,4,10,5,5,2,11,2,61,2,8,6,1,7,9,1,10,1,11,,5,,1,21,121.6433699,25.02982026
113,6,16,8,45,2,03中山區,中山區民權西路40號,0,0,1,1,B01,8,5,5,50,14,9,1,5,4,5,13,4,4,1,4,5,2,16,1,68,3,10,3,4,7,8,1,4,1,6,,100,,1,21,121.5212295,25.0626778
113,6,16,8,45,2,03中山區,中山區民權西路40號,0,0,1,2,C03,8,5,5,50,14,9,1,5,4,5,13,4,4,1,4,5,2,16,1,44,2,7,3,4,7,8,1,10,1,14,,44,,1,21,121.5212295,25.0626778
113,6,16,8,48,2,01大同區,大同區大稻埕堤外便道自行車道3011881燈桿,0,0,2,1,F01,8,5,5,30,14,23,1,5,4,5,13,4,4,10,5,5,2,17,1,70,2,9,3,4,7,15,8,20,1,15,,44,,1,21,121.5063703,25.0543386
113,6,16,8,48,2,01大同區,大同區大稻埕堤外便道自行車道3011881燈桿,0,0,2,2,F01,8,5,5,30,14,23,1,5,4,5,13,4,4,10,5,5,2,17,2,49,2,9,3,4,7,10,8,20,1,11,,103,,1,21,121.5063703,25.0543386
113,6,16,9,2,2,03中山區,中山區民權東路2段與松江路口,0,0,1,1,C03,8,6,5,50,4,1,1,5,4,5,13,1,1,1,4,5,2,13,2,43,2,9,6,4,7,9,1,10,1,11,,44,,1,22,121.5330908,25.0624426
113,6,16,9,2,2,03中山區,中山區民權東路2段與松江路口,0,0,1,2,C03,8,6,5,50,4,1,1,5,4,5,13,1,1,1,4,5,2,13,1,18,3,10,6,4,7,9,1,10,1,13,,44,,1,22,121.5330908,25.0624426
113,6,16,9,2,2,03中山區,中山區民權東路2段與松江路口,0,0,1,3,C03,8,6,5,50,4,1,1,5,4,5,13,1,1,1,4,5,2,13,2,54,3,10,5,4,7,14,1,10,1,11,,44,,1,22,121.5330908,25.0624426
113,6,16,9,23,2,02萬華區,萬華區桂林路242巷與桂林路228巷11弄口,0,0,1,1,C03,8,6,5,50,4,1,1,5,4,5,13,1,1,1,4,5,1,17,1,40,4,11,3,4,7,21,7,19,11,15,,119,,2,22,121.4954032,25.03839693
113,6,16,9,23,2,02萬華區,萬華區桂林路242巷與桂林路228巷11弄口,0,0,1,2,C03,8,6,5,50,4,1,1,5,4,5,13,1,1,1,4,5,1,17,2,28,2,9,3,4,7,9,1,10,1,12,,42,,1,22,121.4954032,25.03839693
113,6,16,9,25,2,09北投區,北投區大度路155號往西約150公尺,0,0,1,1,C03,7,7,5,50,14,12,1,5,4,5,13,4,4,2,4,3,1,17,1,54,2,9,3,4,7,12,1,10,1,14,,108,,1,21,121.4924599,25.121394
113,6,16,9,25,2,09北投區,北投區大度路155號往西約150公尺,0,0,1,2,C03,7,7,5,50,14,12,1,5,4,5,13,4,4,2,4,3,1,17,2,28,3,10,3,4,7,11,1,10,1,11,,16,,1,21,121.4924599,25.121394
113,6,16,9,25,2,09北投區,北投區大度路155號往西約150公尺,0,0,1,3,C03,7,7,5,50,14,12,1,5,4,5,13,4,4,2,4,3,1,17,1,19,3,10,3,4,7,11,1,10,1,11,,16,,1,21,121.4924599,25.121394
113,6,16,9,48,2,02萬華區,萬華區環河南路3段與興義街口,0,0,2,1,B03,8,5,5,50,3,1,1,5,4,5,13,3,1,1,4,5,2,13,1,69,3,10,7,4,7,12,1,8,1,6,,42,,1,21,121.4916227,25.0228006
113,6,16,9,48,2,02萬華區,萬華區環河南路3段與興義街口,0,0,2,2,C03,8,5,5,50,3,1,1,5,4,5,13,3,1,1,4,5,2,13,1,28,2,9,5,4,7,9,1,10,1,11,,16,,1,21,121.4916227,25.0228006
113,6,16,9,48,2,02萬華區,萬華區環河南路3段與興義街口,0,0,2,3,H02,8,5,5,50,3,1,1,5,4,5,13,3,1,1,4,5,2,13,2,26,2,8,5,5,7,20,8,20,10,16,,67,,1,21,121.4916227,25.0228006
113,6,16,9,48,2,02萬華區,萬華區環河南路3段與興義街口,0,0,2,4,C03,8,5,5,50,3,1,1,5,4,5,13,3,1,1,4,5,2,13,1,49,3,10,5,4,7,6,1,10,1,17,,44,,1,21,121.4916227,25.0228006
113,6,16,9,48,2,03中山區,中山區中山北路3段與民族西路口,0,0,1,1,B12,8,6,5,50,4,2,1,5,4,5,13,1,1,5,4,5,2,2,1,56,3,10,7,1,7,5,1,8,1,17,,70,,1,21,121.522872,25.0684716
113,6,16,9,48,2,03中山區,中山區中山北路3段與民族西路口,0,0,1,2,H01,8,6,5,50,4,2,1,5,4,5,13,1,1,5,4,5,2,2,2,72,2,9,4,5,8,18,8,20,10,16,,67,,1,21,121.522872,25.0684716
113,6,16,10,35,2,03中山區,中山區民生東路2段159巷與建國北路口側附近2段116巷口,0,0,1,1,C03,8,7,5,30,4,1,1,5,4,5,13,4,4,10,5,5,2,17,1,29,3,10,3,4,7,9,1,10,1,11,,86,,1,21,121.5360397,25.0588288
113,6,16,10,35,2,03中山區,中山區民生東路2段159巷與建國北路口側附近2段116巷口,0,0,1,2,C03,8,7,5,30,4,1,1,5,4,5,13,4,4,10,5,5,2,17,2,34,2,9,3,4,7,9,1,10,1,11,,44,,1,21,121.5360397,25.0588288
113,6,16,12,10,2,08士林區,士林區通河西街2段與通河西街2段口越堤道,0,0,1,1,C03,7,6,5,30,3,1,1,5,4,5,13,4,4,10,5,5,2,13,2,46,2,9,3,4,7,9,1,10,1,11,,16,,1,21,121.5115335,25.0905295
113,6,16,12,10,2,08士林區,士林區通河西街2段與通河西街2段口越堤道,0,0,1,2,C03,7,6,5,30,3,1,1,5,4,5,13,4,4,10,5,5,2,13,1,62,3,10,3,4,7,9,1,10,1,13,,44,,1,21,121.5115335,25.0905295
113,6,16,12,48,2,06松山區,松山區民生東路5段與光復北路口口,0,0,3,2,C04,7,6,5,50,4,1,1,5,4,5,13,1,1,1,4,5,2,17,2,56,2,9,5,1,7,9,1,10,1,11,,44,,1,21,121.5552732,25.0583369
113,6,16,12,48,2,06松山區,松山區民生東路5段與光復北路口口,0,0,3,3,H02,7,6,5,50,4,1,1,5,4,5,13,1,1,1,4,5,2,17,2,62,2,9,5,5,7,20,8,20,10,16,,67,,1,21,121.5552732,25.0583369
113,6,16,12,48,2,06松山區,松山區民生東路5段與光復北路口口,0,0,3,1,B03,7,6,5,50,4,1,1,5,4,5,13,1,1,1,4,5,2,17,1,25,2,7,7,1,7,5,1,8,1,5,,71,,1,21,121.5552732,25.0583369
113,6,16,12,58,2,03中山區,中山區松江路362巷與民權東路2段92巷1弄口,0,0,2,1,C03,8,6,5,30,4,1,1,5,4,5,13,4,4,10,5,5,2,15,2,53,2,1,3,4,7,9,1,10,1,11,,4,,1,21,121.5323867,25.0619371
113,6,16,12,58,2,03中山區,中山區松江路362巷與民權東路2段92巷1弄口,0,0,2,2,C03,8,6,5,30,4,1,1,5,4,5,13,4,4,10,5,5,2,15,2,37,2,9,5,4,7,9,1,10,1,14,,44,,1,21,121.5323867,25.0619371
113,6,16,13,13,2,07信義區,信義區和平東路3段697-12號,0,0,1,1,F01,8,6,5,40,11,9,1,5,4,5,13,4,4,4,5,5,2,18,1,18,2,9,4,4,7,6,8,20,1,12,,116,,1,21,121.563613,25.01151412
113,6,16,13,13,2,07信義區,信義區和平東路3段697-12號,0,0,1,2,,8,6,5,40,11,9,1,5,4,5,13,4,4,4,5,5,2,18,3,0,,,,,,,,,10,,,67,,,,121.563613,25.01151412
113,6,16,13,14,2,02萬華區,萬華區艋舺大道134號,0,0,2,1,C03,7,5,5,50,14,9,1,5,4,5,13,4,4,1,4,5,2,17,1,60,2,7,5,4,7,7,1,10,1,13,,100,,1,21,121.5015739,25.0330697
113,6,16,13,14,2,02萬華區,萬華區艋舺大道134號,0,0,2,2,B03,7,5,5,50,14,9,1,5,4,5,13,4,4,1,4,5,2,17,1,71,3,10,7,4,7,9,1,10,1,5,,108,,1,21,121.5015739,25.0330697
113,6,16,13,14,2,02萬華區,萬華區艋舺大道134號,0,0,2,3,H02,7,5,5,50,14,9,1,5,4,5,13,4,4,1,4,5,2,17,2,60,2,8,5,5,7,20,8,20,10,16,,67,,1,21,121.5015739,25.0330697
113,6,16,13,20,2,04大安區,大安區基隆路4段往南未到羅斯福路,0,0,1,1,B03,7,6,5,50,14,9,1,5,4,5,13,2,1,10,5,5,2,17,1,59,3,10,7,1,7,8,1,8,9,17,,100,,2,21,121.5391685,25.0130308
113,6,16,13,20,2,04大安區,大安區基隆路4段往南未到羅斯福路,0,0,1,2,C03,7,6,5,50,14,9,1,5,4,5,13,2,1,10,5,5,2,17,1,22,2,9,6,1,7,9,1,10,1,17,,44,,1,21,121.5391685,25.0130308
113,6,16,14,52,2,08士林區,士林區中山北路5段與中山北路5段699巷口,0,0,1,1,B01,7,6,5,50,4,2,1,5,4,5,13,2,1,1,4,5,2,17,1,66,3,10,7,1,7,8,1,4,1,5,,100,,1,22,121.5272733,25.0976876
113,6,16,14,52,2,08士林區,士林區中山北路5段與中山北路5段699巷口,0,0,1,2,C03,7,6,5,50,4,2,1,5,4,5,13,2,1,1,4,5,2,17,1,32,3,10,6,1,7,9,1,10,1,14,,44,,1,22,121.5272733,25.0976876
113,6,16,14,52,2,08士林區,士林區中山北路5段與中山北路5段699巷口,0,0,1,3,H02,7,6,5,50,4,2,1,5,4,5,13,2,1,1,4,5,2,17,2,31,2,8,6,5,7,17,8,20,10,16,,67,,1,22,121.5272733,25.0976876
113,6,16,15,9,2,02萬華區,萬華區康定路與和平西路3段口,0,0,1,1,C03,8,7,5,50,4,2,1,5,4,5,13,2,1,5,4,5,2,17,1,28,3,10,6,1,7,5,1,10,1,11,,99,,1,21,121.5012491,25.03544549
113,6,16,15,9,2,02萬華區,萬華區康定路與和平西路3段口,0,0,1,2,C03,8,7,5,50,4,2,1,5,4,5,13,2,1,5,4,5,2,17,1,40,2,9,6,1,7,9,1,10,1,11,,99,,1,21,121.5012491,25.03544549
113,6,16,15,38,2,10文山區,文山區木柵路1段與和興路口,0,0,2,1,C03,6,5,5,50,4,2,1,4,4,5,13,2,1,5,4,5,1,12,2,33,2,8,5,1,7,4,1,10,1,12,,94,,1,21,121.5462741,24.9868036
113,6,16,15,38,2,10文山區,文山區木柵路1段與和興路口,0,0,2,2,C03,6,5,5,50,4,2,1,4,4,5,13,2,1,5,4,5,1,12,1,48,2,8,5,1,7,4,1,10,1,14,,94,,1,21,121.5462741,24.9868036
113,6,16,17,35,2,06松山區,松山區市民大道6段與松山路口,0,0,1,2,C03,6,7,5,40,4,2,1,4,4,5,13,1,1,9,4,5,2,16,1,19,2,8,6,1,7,9,1,10,1,14,,13,,1,22,121.5778332,25.0495389
113,6,16,17,35,2,06松山區,松山區市民大道6段與松山路口,0,0,1,1,B03,6,7,5,40,4,2,1,4,4,5,13,1,1,9,4,5,2,16,1,38,3,10,7,1,7,6,1,8,1,5,,9,,1,22,121.5778332,25.0495389
113,6,16,17,46,2,05中正區,中正區中山南路與凱達格蘭大道口,0,0,1,1,C03,7,6,5,50,5,1,1,4,4,5,13,2,1,5,2,5,2,17,2,29,3,10,5,1,7,5,1,10,9,15,,108,,1,22,121.5173461,25.03873603
113,6,16,17,46,2,05中正區,中正區中山南路與凱達格蘭大道口,0,0,1,2,C03,7,6,5,50,5,1,1,4,4,5,13,2,1,5,2,5,2,17,1,27,2,9,5,1,7,6,1,10,1,15,,44,,1,22,121.5173461,25.03873603
113,6,16,18,22,2,09北投區,北投區知行路(燈桿3015144)往淡水,0,0,2,1,F01,8,5,5,30,14,23,1,5,4,5,13,4,4,10,5,5,2,3,1,21,2,9,4,1,7,9,8,20,1,11,,118,,1,21,121.4621867,25.11962759
113,6,16,18,22,2,09北投區,北投區知行路(燈桿3015144)往淡水,0,0,2,2,H01,8,5,5,30,14,23,1,5,4,5,13,4,4,10,5,5,2,3,1,56,2,7,4,5,8,16,8,20,1,16,,67,,1,21,121.4621867,25.11962759
113,6,16,18,33,2,09北投區,北投區大業路與中央北路1段口,0,0,1,1,C03,6,5,5,50,4,1,1,4,4,5,13,2,1,3,4,5,2,13,2,55,2,9,6,1,7,5,1,10,1,13,,8,,1,22,121.4971255,25.1360625
113,6,16,18,33,2,09北投區,北投區大業路與中央北路1段口,0,0,1,2,B03,6,5,5,50,4,1,1,4,4,5,13,2,1,3,4,5,2,13,1,53,3,10,7,1,7,5,1,8,1,5,,44,,1,22,121.4971255,25.1360625
113,6,16,18,50,2,03中山區,中山區中山北路2段與南京東路1段口,0,0,1,1,H01,6,5,5,0,4,1,1,4,4,5,13,2,1,7,2,5,2,9,1,56,2,9,4,5,8,18,8,20,1,16,,60,,1,21,121.5226976,25.0524959
113,6,16,18,50,2,03中山區,中山區中山北路2段與南京東路1段口,0,0,1,2,B01,6,5,5,0,4,1,1,4,4,5,13,2,1,7,2,5,2,9,1,66,3,10,7,1,7,6,1,4,1,1,,16,,1,21,121.5226976,25.0524959
113,6,16,18,54,2,04大安區,大安區四維路與無名巷口(大安國中側門),0,0,1,1,C03,6,5,5,30,3,2,1,4,4,5,13,4,4,10,5,5,2,17,1,58,2,9,6,1,7,6,1,10,2,15,,44,,1,21,121.547984,25.03008666
113,6,16,18,54,2,04大安區,大安區四維路與無名巷口(大安國中側門),0,0,1,2,B01,6,5,5,30,3,2,1,4,4,5,13,4,4,10,5,5,2,17,1,45,3,10,7,1,7,9,1,4,1,15,,14,,1,21,121.547984,25.03008666
113,6,16,18,54,2,04大安區,大安區四維路與無名巷口(大安國中側門),0,0,1,3,C03,6,5,5,30,3,2,1,4,4,5,13,4,4,10,5,5,2,17,1,30,3,10,6,1,7,13,1,10,9,13,,44,,1,21,121.547984,25.03008666
113,6,16,22,51,2,03中山區,中山區龍江路380號,0,0,2,1,F01,8,5,5,50,14,9,1,5,4,5,13,4,4,5,5,5,2,16,1,21,2,7,4,1,7,5,8,20,1,11,,99,,1,21,121.5409747,25.0666542
113,6,16,22,51,2,03中山區,中山區龍江路380號,0,0,2,2,C03,8,5,5,50,14,9,1,5,4,5,13,4,4,5,5,5,2,16,1,20,2,7,6,1,7,9,1,10,1,11,,44,,1,21,121.5409747,25.0666542
113,6,17,4,59,2,07信義區,信義區福德街60巷與林口街10巷口,0,0,1,1,B13,7,5,5,30,4,2,1,5,4,5,13,4,4,10,5,5,2,14,2,26,3,10,7,1,7,2,1,8,1,6,,12,,1,22,121.5804052,25.0371628
113,6,17,4,59,2,07信義區,信義區福德街60巷與林口街10巷口,0,0,1,2,C03,7,5,5,30,4,2,1,5,4,5,13,4,4,10,5,5,2,14,1,44,2,8,5,1,7,9,1,10,1,11,,44,,1,22,121.5804052,25.0371628
113,6,17,6,3,2,07信義區,信義區吳興街281巷61號,0,0,1,1,C03,6,5,5,50,14,9,1,4,4,5,13,4,4,9,5,5,1,18,1,61,2,9,5,1,7,5,1,10,9,14,,116,,1,22,121.5657614,25.0265318
113,6,17,6,3,2,07信義區,信義區吳興街281巷61號,0,0,1,2,,6,5,5,50,14,9,1,4,4,5,13,4,4,9,5,5,1,18,3,0,,,,,,,,,,,,67,,1,,121.5657614,25.0265318
113,6,17,7,0,2,03中山區,中山區中山橋往北機車道,0,0,1,1,C03,7,6,5,40,11,11,1,5,4,5,13,4,4,1,5,5,1,17,1,80,3,10,3,4,7,5,1,10,11,17,,80,,1,21,121.5259311,25.07434979
113,6,17,7,0,2,03中山區,中山區中山橋往北機車道,0,0,1,2,C03,7,6,5,40,11,11,1,5,4,5,13,4,4,1,5,5,1,17,1,27,2,9,3,4,7,9,1,10,1,12,,44,,1,21,121.5259311,25.07434979