發生年度,發生月,發生日,發生時-Hours,發生分,處理別-編號,區序,肇事地點,死亡人數,2-30日死亡人數,受傷人數,當事人序號,車種,天候,道路照明設備,道路類別,速限-速度限制,道路型態,事故位置,路面狀況1,路面狀況2,路面狀況3,道路障礙1,道路障礙2,號誌1,號誌2,車道劃分-分向,車道劃分-分道1,車道劃分-分道2,車道劃分-分道3,事故類型及型態,性別,年齡,受傷程度,主要傷處,保護裝置,行動電話,車輛用途,當事者行動狀態,駕駛資格情形,駕駛執照種類,飲酒情形,車輛撞擊部位1,車輛撞擊部位2,肇因碼-個別,肇因碼-主要,個人肇逃否,職業,座標-X,座標-Y
113,6,17,7,49,2,05中正區,中正區忠孝西路1段與重慶南路1段口,0,0,1,2,C03,7,6,5,50,5,1,1,5,4,5,13,1,1,10,5,5,1,12,2,27,2,9,6,1,7,9,1,10,2,13,,101,,1,23,121.5132867,25.0473195
113,6,17,7,49,2,05中正區,中正區忠孝西路1段與重慶南路1段口,0,0,1,1,C03,7,6,5,50,5,1,1,5,4,5,13,1,1,10,5,5,1,12,2,24,4,11,3,4,7,21,7,19,11,15,,44,,2,22,121.5132867,25.0473195
113,6,17,7,50,2,09北投區,北投區石牌路2段與裕民四路口,0,0,1,1,C03,7,6,5,50,3,2,1,5,4,5,13,4,4,1,4,5,1,13,1,62,2,1,5,1,7,9,1,10,1,11,,107,,1,22,121.5156797,25.115599
113,6,17,7,50,2,09北投區,北投區石牌路2段與裕民四路口,0,0,1,2,B12,7,6,5,50,3,2,1,5,4,5,13,4,4,1,4,5,1,13,1,35,3,10,7,1,7,14,1,8,1,6,,44,,1,22,121.5156797,25.115599
113,6,17,7,51,2,10文山區,文山區景華街與景華街176巷口,0,0,1,1,C03,8,6,5,30,4,1,1,5,4,5,13,2,1,10,5,5,2,12,2,23,3,10,6,1,7,9,1,10,2,11,,108,,1,21,121.5478818,24.9971695
113,6,17,7,51,2,10文山區,文山區景華街與景華街176巷口,0,0,1,2,C03,8,6,5,30,4,1,1,5,4,5,13,2,1,10,5,5,2,12,1,74,2,9,6,1,7,9,1,10,2,13,,44,,1,21,121.5478818,24.9971695
113,6,17,7,51,2,10文山區,文山區景華街與景華街176巷口,0,0,1,3,C03,8,6,5,30,4,1,1,5,4,5,13,2,1,10,5,5,2,12,1,40,3,10,6,1,7,9,1,10,2,13,,44,,1,21,121.5478818,24.9971695
113,6,17,7,55,2,08士林區,士林區福林路與福林路254巷口,0,0,2,1,C02,8,6,5,50,4,1,1,5,4,5,13,2,1,9,4,5,1,16,1,24,2,9,5,1,7,6,1,9,1,12,,9,,1,21,121.5346769,25.09791474
113,6,17,7,55,2,08士林區,士林區福林路與福林路254巷口,0,0,2,2,C03,8,6,5,50,4,1,1,5,4,5,13,2,1,9,4,5,1,16,1,22,2,9,5,1,7,9,1,10,1,14,,44,,1,21,121.5346769,25.09791474
113,6,17,8,23,2,07信義區,信義區基隆路2段51號,0,0,2,1,C03,7,6,5,50,14,9,1,4,4,5,13,4,4,3,4,5,2,16,2,46,2,8,6,1,7,7,1,10,1,14,,100,,1,21,121.5583209,25.0308167
113,6,17,8,23,2,07信義區,信義區基隆路2段51號,0,0,2,2,C03,7,6,5,50,14,9,1,4,4,5,13,4,4,3,4,5,2,16,1,22,2,7,6,1,7,9,1,10,1,11,,44,,1,21,121.5583209,25.0308167
113,6,17,8,26,2,07信義區,信義區信義路5段與基隆路2段口,0,0,2,1,C03,7,7,5,50,4,2,1,5,4,5,13,2,1,1,4,5,2,13,1,42,2,8,5,1,7,6,1,10,2,11,,16,,1,21,121.5597263,25.0329837
113,6,17,8,26,2,07信義區,信義區信義路5段與基隆路2段口,0,0,2,2,C03,7,7,5,50,4,2,1,5,4,5,13,2,1,1,4,5,2,13,2,36,2,9,5,1,7,14,1,10,2,13,,44,,1,21,121.5597263,25.0329837
113,6,17,8,36,2,12內湖區,內湖區民權大橋東向西,0,0,1,1,B01,7,7,5,50,14,7,1,5,4,5,13,4,4,1,4,4,2,13,1,59,3,10,7,1,7,9,1,4,1,1,,16,,1,21,121.5697257,25.0640076
113,6,17,8,36,2,12內湖區,內湖區民權大橋東向西,0,0,1,2,B02,7,7,5,50,14,7,1,5,4,5,13,4,4,1,4,4,2,13,1,34,2,9,7,1,7,9,1,8,1,1,,16,,1,21,121.5697257,25.0640076
113,6,17,8,36,2,12內湖區,內湖區民權大橋東向西,0,0,1,3,B03,7,7,5,50,14,7,1,5,4,5,13,4,4,1,4,4,2,13,1,28,3,10,7,1,7,9,1,8,1,3,,44,,1,21,121.5697257,25.0640076
113,6,17,8,36,2,12內湖區,內湖區民權大橋東向西,0,0,1,4,B03,7,7,5,50,14,7,1,5,4,5,13,4,4,1,4,4,2,13,1,40,3,10,7,1,7,9,1,8,1,3,,44,,1,21,121.5697257,25.0640076
113,6,17,8,36,2,12內湖區,內湖區民權大橋東向西,0,0,1,5,,7,7,5,50,14,7,1,5,4,5,13,4,4,1,4,4,2,13,4,,,,,,,,,,,,,119,,2,,121.5697257,25.0640076
113,6,17,8,54,2,10文山區,文山區忠順街1段26巷11弄與忠順街1段48巷口,0,0,1,1,C03,7,7,5,30,3,1,1,4,4,5,13,4,4,10,5,5,2,17,2,44,2,9,5,1,7,9,1,10,2,12,,116,,1,21,121.5603073,24.9831382
113,6,17,8,54,2,10文山區,文山區忠順街1段26巷11弄與忠順街1段48巷口,0,0,1,2,B03,7,7,5,30,3,1,1,4,4,5,13,4,4,10,5,5,2,17,2,47,3,10,7,1,7,6,1,8,2,17,,74,,1,21,121.5603073,24.9831382
113,6,17,9,8,2,05中正區,中正區濟南路2段與新生南路1段口,0,0,1,1,A02,8,6,5,50,4,2,1,5,4,5,13,2,1,5,5,5,2,9,1,58,3,10,7,1,7,15,1,2,9,17,,44,,1,22,121.5327401,25.04017631
113,6,17,9,8,2,05中正區,中正區濟南路2段與新生南路1段口,0,0,1,2,H02,8,6,5,50,4,2,1,5,4,5,13,2,1,5,5,5,2,9,2,40,2,9,3,5,7,20,8,20,10,16,,109,,1,22,121.5327401,25.04017631
113,6,17,9,10,2,10文山區,文山區木新路1段與無名巷口,0,0,1,1,C03,8,6,5,30,4,2,1,5,4,5,12,1,1,10,5,5,2,17,1,66,3,10,5,1,7,9,1,10,2,17,,5,,1,21,121.5707941,24.9886965
113,6,17,9,10,2,10文山區,文山區木新路1段與無名巷口,0,0,1,2,C03,8,6,5,30,4,2,1,5,4,5,12,1,1,10,5,5,2,17,1,83,2,9,5,1,7,6,1,10,2,17,,108,,1,21,121.5707941,24.9886965
113,6,17,9,20,2,02萬華區,萬華區萬大路與萬大路277巷口,0,0,1,1,C03,7,7,5,30,4,1,1,5,4,5,13,1,1,1,3,5,2,16,1,45,2,9,5,1,7,9,1,10,2,11,,79,,1,21,121.5005088,25.0253597
113,6,17,9,20,2,02萬華區,萬華區萬大路與萬大路277巷口,0,0,1,2,E02,7,7,5,30,4,1,1,5,4,5,13,1,1,1,3,5,2,16,1,28,3,10,7,1,7,5,1,6,2,5,,44,,1,21,121.5005088,25.0253597
113,6,17,9,20,2,06松山區,松山區市民大道5段與八德路4段36巷口口,0,0,1,1,B02,7,7,5,30,4,1,1,5,4,5,13,2,1,1,4,5,2,17,1,62,3,10,7,1,7,6,1,4,1,1,,72,,1,21,121.5593899,25.0458572
113,6,17,9,20,2,06松山區,松山區市民大道5段與八德路4段36巷口口,0,0,1,2,C03,7,7,5,30,4,1,1,5,4,5,13,2,1,1,4,5,2,17,2,49,2,8,6,1,7,9,1,10,1,13,,44,,1,21,121.5593899,25.0458572
113,6,17,9,22,2,10文山區,文山區忠順街1段與興隆路4段口,0,0,1,1,B03,7,6,5,50,4,1,1,5,4,5,13,2,1,10,5,5,2,17,1,59,3,10,7,1,7,6,1,8,2,6,,9,,1,21,121.561654,24.984472
113,6,17,9,22,2,10文山區,文山區忠順街1段與興隆路4段口,0,0,1,2,C03,7,6,5,50,4,1,1,5,4,5,13,2,1,10,5,5,2,17,2,47,2,9,6,1,7,9,1,10,2,14,,44,,1,21,121.561654,24.984472
113,6,17,9,26,2,07信義區,信義區松仁路與松平路口,0,0,1,1,C03,7,6,5,50,4,1,1,5,4,5,13,1,1,5,4,5,2,18,1,39,2,8,6,1,7,9,1,10,1,14,,42,,1,21,121.568196,25.0305292
113,6,17,9,26,2,07信義區,信義區松仁路與松平路口,0,0,1,2,,7,6,5,50,4,1,1,5,4,5,13,1,1,5,4,5,2,18,3,0,,,,,,,,,,,,67,,1,,121.568196,25.0305292
113,6,17,9,50,2,03中山區,中山區林森北路與新生北路2段76巷口,0,0,1,1,C03,8,5,5,50,4,1,1,5,4,5,13,4,4,9,5,5,2,15,2,57,4,11,3,4,7,9,7,19,11,11,,14,,2,22,121.5256349,25.0573484
113,6,17,9,50,2,03中山區,中山區林森北路與新生北路2段76巷口,0,0,1,2,C03,8,5,5,50,4,1,1,5,4,5,13,4,4,9,5,5,2,15,1,45,2,9,3,4,7,9,1,10,1,12,,72,,1,21,121.5256349,25.0573484
113,6,17,10,16,2,05中正區,中正區濟南路2段21號,0,0,1,1,B03,8,6,5,50,14,9,1,5,4,5,13,4,4,6,5,5,2,17,2,44,3,10,7,1,7,1,1,8,2,8,,19,,1,22,121.5279544,25.04114579
113,6,17,10,16,2,05中正區,中正區濟南路2段21號,0,0,1,2,C03,8,6,5,50,14,9,1,5,4,5,13,4,4,6,5,5,2,17,1,49,2,9,5,1,7,9,1,10,2,12,,44,,1,22,121.5279544,25.04114579
113,6,17,10,16,2,05中正區,中正區濟南路2段21號,0,0,1,3,B03,8,6,5,50,14,9,1,5,4,5,13,4,4,6,5,5,2,17,1,37,3,10,3,1,7,13,1,8,9,4,,44,,1,22,121.5279544,25.04114579
113,6,17,10,50,2,02萬華區,萬華區成都路47號,0,0,1,1,A02,8,7,5,50,14,9,1,5,4,5,13,4,4,10,4,5,2,9,1,66,3,10,2,1,7,1,1,2,1,15,,42,,1,21,121.5064068,25.04269932
113,6,17,10,50,2,02萬華區,萬華區成都路47號,0,0,1,2,H02,8,7,5,50,14,9,1,5,4,5,13,4,4,10,4,5,2,9,2,78,2,9,4,5,7,20,8,20,10,16,,56,,1,21,121.5064068,25.04269932
113,6,17,10,54,2,10文山區,文山區興隆路3段36巷17弄與興隆路3段112巷4弄口口,0,0,3,1,C03,8,6,5,30,3,18,1,5,4,5,13,2,1,9,5,5,2,3,2,35,2,8,5,1,7,9,1,10,2,11,,81,,1,21,121.5553972,24.9993304
113,6,17,10,54,2,10文山區,文山區興隆路3段36巷17弄與興隆路3段112巷4弄口口,0,0,3,2,H01,8,6,5,30,3,18,1,5,4,5,13,2,1,9,5,5,2,3,1,19,2,7,4,5,8,16,8,20,10,16,,67,,1,25,121.5553972,24.9993304
113,6,17,10,54,2,10文山區,文山區興隆路3段36巷17弄與興隆路3段112巷4弄口口,0,0,3,3,H02,8,6,5,30,3,18,1,5,4,5,13,2,1,9,5,5,2,3,1,3,2,7,5,5,7,20,8,20,10,17,,67,,1,24,121.5553972,24.9993304
113,6,17,10,57,2,08士林區,士林區承德路4段54號,0,0,1,1,A02,8,6,5,40,14,8,1,5,4,5,13,4,4,10,5,4,1,9,1,63,3,10,7,1,7,9,1,2,2,17,,16,,1,21,121.5226055,25.0814139
113,6,17,10,57,2,08士林區,士林區承德路4段54號,0,0,1,3,H02,8,6,5,40,14,8,1,5,4,5,13,4,4,10,5,4,1,9,2,77,2,9,4,5,7,20,8,20,10,16,,60,,1,21,121.5226055,25.0814139
113,6,17,10,57,2,08士林區,士林區承德路4段54號,0,0,1,2,C03,8,6,5,40,14,8,1,5,4,5,13,4,4,10,5,4,1,9,1,72,4,11,5,1,7,12,1,10,11,15,,14,,2,21,121.5226055,25.0814139
113,6,17,11,3,2,03中山區,中山區濱江街287號,0,0,1,1,B03,8,6,5,50,14,9,1,5,4,5,13,4,4,1,4,5,2,16,1,70,3,10,3,4,7,8,1,8,1,5,,9,,1,22,121.5440622,25.0724482
113,6,17,11,3,2,03中山區,中山區濱江街287號,0,0,1,2,C03,8,6,5,50,14,9,1,5,4,5,13,4,4,1,4,5,2,16,2,33,2,9,5,1,7,9,1,10,1,14,,44,,1,22,121.5440622,25.0724482
113,6,17,11,5,2,05中正區,中正區青島西路10號(兒醫停車場前),0,0,1,1,B03,8,6,5,50,14,9,1,5,4,5,13,1,1,10,5,5,2,16,1,39,3,10,2,1,7,11,1,8,2,8,,83,,1,22,121.517978,25.044809
113,6,17,11,5,2,05中正區,中正區青島西路10號(兒醫停車場前),0,0,1,2,C03,8,6,5,50,14,9,1,5,4,5,13,1,1,10,5,5,2,16,1,48,2,9,6,1,7,9,1,10,2,12,,81,,1,22,121.517978,25.044809
113,6,17,11,10,2,05中正區,中正區懷寧街與襄陽路口,0,0,1,1,B03,8,7,5,50,4,2,1,5,4,5,13,1,1,4,5,5,2,12,1,63,3,10,7,1,7,8,1,8,1,5,,100,,1,21,121.5141902,25.0434055
113,6,17,11,10,2,05中正區,中正區懷寧街與襄陽路口,0,0,1,2,C03,8,7,5,50,4,2,1,5,4,5,13,1,1,4,5,5,2,12,2,53,2,9,6,1,7,9,1,10,1,14,,44,,1,21,121.5141902,25.0434055
113,6,17,11,16,2,08士林區,士林區承德路4段327號,0,0,1,1,B11,6,6,5,40,14,8,1,4,4,5,13,4,4,1,4,4,1,17,1,48,3,10,7,1,7,15,1,4,1,4,,40,,1,21,121.5174332,25.0905195
113,6,17,11,16,2,08士林區,士林區承德路4段327號,0,0,1,2,C03,6,6,5,40,14,8,1,4,4,5,13,4,4,1,4,4,1,17,2,54,2,8,5,1,7,1,1,10,1,12,,19,,1,21,121.5174332,25.0905195
113,6,17,11,21,2,12內湖區,內湖區內湖路2段175號,0,0,1,1,C03,7,7,5,50,14,9,1,5,4,5,13,4,4,9,5,5,2,17,1,60,3,10,5,1,7,1,1,10,2,13,,19,,1,21,121.5862464,25.0810645
113,6,17,11,21,2,12內湖區,內湖區內湖路2段175號,0,0,1,2,F03,7,7,5,50,14,9,1,5,4,5,13,4,4,9,5,5,2,17,1,87,2,9,4,1,7,9,8,20,2,11,,44,,1,21,121.5862464,25.0810645
113,6,17,12,13,2,09北投區,北投區承德路6段與文林北路5巷口,0,0,1,1,B03,8,6,5,50,4,1,1,5,4,5,13,2,1,8,3,5,2,17,1,25,3,10,7,1,7,5,1,8,1,8,,71,,1,21,121.5129338,25.09904445
113,6,17,12,13,2,09北投區,北投區承德路6段與文林北路5巷口,0,0,1,2,C03,8,6,5,50,4,1,1,5,4,5,13,2,1,8,3,5,2,17,1,73,2,7,6,1,7,9,1,10,1,14,,44,,1,21,121.5129338,25.09904445
113,6,17,12,25,2,05中正區,中正區懷寧街與貴陽街1段口,0,0,1,1,C03,8,6,5,50,3,1,1,5,4,5,13,4,4,10,5,5,2,16,2,28,3,10,5,1,7,5,1,10,1,11,,44,,1,22,121.5136889,25.0387459
113,6,17,12,25,2,05中正區,中正區懷寧街與貴陽街1段口,0,0,1,2,C03,8,6,5,50,3,1,1,5,4,5,13,4,4,10,5,5,2,16,2,30,2,9,5,1,7,9,1,10,1,14,,44,,1,22,121.5136889,25.0387459
113,6,17,12,30,2,12內湖區,內湖區南京東路6段與舊宗路1段口口,0,0,1,1,B12,7,6,5,50,3,1,1,5,4,5,13,4,4,1,4,5,2,16,1,37,3,10,7,1,7,6,1,8,1,2,,9,,1,21,121.5819018,25.05759347
113,6,17,12,30,2,12內湖區,內湖區南京東路6段與舊宗路1段口口,0,0,1,2,C03,7,6,5,50,3,1,1,5,4,5,13,4,4,1,4,5,2,16,1,41,2,9,5,1,7,4,1,10,1,14,,42,,1,21,121.5819018,25.05759347
113,6,17,13,11,2,02萬華區,萬華區和平西路3段70號,0,0,1,1,A02,8,7,5,50,14,9,1,5,4,5,13,1,1,1,4,5,2,9,1,61,3,10,7,1,7,12,1,2,1,17,,42,,1,21,121.5030537,25.03511835
113,6,17,13,11,2,02萬華區,萬華區和平西路3段70號,0,0,1,2,H02,8,7,5,50,14,9,1,5,4,5,13,1,1,1,4,5,2,9,2,66,2,9,4,5,7,20,8,20,10,16,,42,,1,21,121.5030537,25.03511835
113,6,17,13,13,2,04大安區,大安區羅斯福路4段與基隆路4段口,0,0,1,1,C03,7,7,5,50,5,1,1,5,4,5,13,2,1,1,4,5,1,17,1,35,2,9,6,1,7,15,1,10,1,14,,96,,1,21,121.5372204,25.0113384
113,6,17,13,13,2,04大安區,大安區羅斯福路4段與基隆路4段口,0,0,1,2,B03,7,7,5,50,5,1,1,5,4,5,13,2,1,1,4,5,1,17,1,64,3,10,7,1,7,9,1,8,1,5,,44,,1,21,121.5372204,25.0113384
113,6,17,13,20,2,06松山區,松山區八德路4段472號,0,0,2,1,C03,8,6,8,50,22,22,1,5,4,5,13,2,1,5,4,5,2,17,1,24,2,9,6,4,7,1,1,10,1,14,,19,,1,21,121.5698631,25.04959785
113,6,17,13,20,2,06松山區,松山區八德路4段472號,0,0,2,2,C03,8,6,8,50,22,22,1,5,4,5,13,2,1,5,4,5,2,17,1,27,2,9,6,4,7,6,1,9,1,11,,44,,1,21,121.5698631,25.04959785
113,6,17,13,22,2,11南港區,南港區三重路與三重路41巷口,0,0,1,1,B03,7,6,5,30,3,2,1,5,4,5,13,4,4,5,4,5,2,17,2,37,3,10,7,1,7,5,1,8,9,17,,72,,1,21,121.6143187,25.0599314
113,6,17,13,22,2,11南港區,南港區三重路與三重路41巷口,0,0,1,2,C03,7,6,5,30,3,2,1,5,4,5,13,4,4,5,4,5,2,17,2,24,2,8,6,1,7,9,1,10,9,12,,44,,1,21,121.6143187,25.0599314
113,6,17,13,30,2,09北投區,北投區承德路6段與文承路口,0,0,2,1,C03,8,7,5,40,14,8,1,5,4,5,13,4,4,1,4,4,2,16,1,43,2,9,6,1,7,1,1,10,1,14,,19,,1,22,121.5121135,25.1050677
113,6,17,13,30,2,09北投區,北投區承德路6段與文承路口,0,0,2,2,C03,8,7,5,40,14,8,1,5,4,5,13,4,4,1,4,4,2,16,1,23,2,9,6,1,7,9,1,10,1,12,,44,,1,22,121.5121135,25.1050677
113,6,17,13,37,2,08士林區,士林區德行西路62巷與德行西路口口,0,0,2,1,C03,8,6,5,50,3,1,1,5,4,5,13,4,4,5,4,5,2,16,2,56,2,9,6,1,7,5,1,10,1,12,,74,,1,21,121.522709,25.10519139
113,6,17,13,37,2,08士林區,士林區德行西路62巷與德行西路口口,0,0,2,2,C03,8,6,5,50,3,1,1,5,4,5,13,4,4,5,4,5,2,16,1,21,2,9,6,1,7,9,1,10,1,11,,44,,1,21,121.522709,25.10519139
113,6,17,14,2,2,10文山區,文山區木柵路2段133號前,0,0,2,1,C03,8,6,5,50,14,9,1,5,4,5,13,2,1,5,4,5,2,13,1,20,2,8,5,1,7,9,1,10,1,13,,42,,1,21,121.5627272,24.9890246
113,6,17,14,2,2,10文山區,文山區木柵路2段133號前,0,0,2,2,C03,8,6,5,50,14,9,1,5,4,5,13,2,1,5,4,5,2,13,1,29,2,8,5,1,7,9,1,10,1,13,,42,,1,21,121.5627272,24.9890246
113,6,17,15,18,2,09北投區,北投區承德路7段3號,0,0,1,1,B03,8,7,5,60,14,9,1,5,4,5,13,4,4,1,4,5,2,16,2,76,3,10,7,1,7,6,1,8,1,2,,101,,1,22,121.5102092,25.1113973
113,6,17,15,18,2,09北投區,北投區承德路7段3號,0,0,1,2,C03,8,7,5,60,14,9,1,5,4,5,13,4,4,1,4,5,2,16,2,23,2,9,6,1,7,9,1,10,1,11,,44,,1,22,121.5102092,25.1113973
113,6,17,15,22,2,06松山區,松山區八德路3段20-2號,0,0,1,1,A02,8,5,5,50,14,9,1,5,4,5,13,4,4,9,4,5,2,9,1,42,3,10,7,1,7,9,1,2,9,17,,44,,1,21,121.5510908,25.0481952
113,6,17,15,22,2,06松山區,松山區八德路3段20-2號,0,0,1,2,H02,8,5,5,50,14,9,1,5,4,5,13,4,4,9,4,5,2,9,2,27,2,9,3,5,7,17,8,20,10,16,,58,,1,21,121.5510908,25.0481952
113,6,17,15,36,2,03中山區,中山區建國北路3段22巷與建國北路3段口,0,0,1,1,C03,7,6,5,50,5,2,1,5,4,5,13,2,1,8,3,5,1,17,1,38,2,7,5,1,7,9,1,10,2,11,,108,,1,21,121.5367597,25.0637953
113,6,17,15,36,2,03中山區,中山區建國北路3段22巷與建國北路3段口,0,0,1,2,B03,7,6,5,50,5,2,1,5,4,5,13,2,1,8,3,5,1,17,1,22,3,10,7,1,7,6,1,8,2,2,,16,,1,21,121.5367597,25.0637953
113,6,17,15,55,2,10文山區,文山區秀明路1段與秀明路1段129巷口,0,0,1,1,B03,7,7,5,30,3,2,1,4,4,5,13,4,4,1,5,4,2,16,1,50,3,10,7,1,7,6,1,8,1,4,,72,,1,21,121.5670106,24.990985
113,6,17,15,55,2,10文山區,文山區秀明路1段與秀明路1段129巷口,0,0,1,2,C02,7,7,5,30,3,2,1,4,4,5,13,4,4,1,5,4,2,16,1,22,2,9,6,1,7,9,1,9,1,11,,14,,1,21,121.5670106,24.990985
113,6,17,16,6,2,08士林區,士林區中正路510號,0,0,1,2,C03,8,6,5,50,22,9,1,5,4,5,13,4,4,1,4,5,2,17,1,67,2,9,5,1,7,10,1,10,1,11,,100,,1,21,121.5167555,25.0914688
113,6,17,16,6,2,08士林區,士林區中正路510號,0,0,1,1,B03,8,6,5,50,22,9,1,5,4,5,13,4,4,1,4,5,2,17,2,63,3,10,7,1,7,6,1,8,1,2,,9,,1,21,121.5167555,25.0914688
113,6,17,16,22,2,03中山區,中山區建國北路2段147號,0,0,1,1,B03,8,6,5,50,14,9,1,5,4,5,13,4,4,1,4,5,2,12,1,56,3,10,3,4,7,8,1,8,1,6,,100,,1,22,121.5375798,25.0616305
113,6,17,16,22,2,03中山區,中山區建國北路2段147號,0,0,1,2,C03,8,6,5,50,14,9,1,5,4,5,13,4,4,1,4,5,2,12,1,66,2,7,5,1,7,9,1,10,1,11,,44,,1,22,121.5375798,25.0616305
113,6,17,16,22,2,03中山區,中山區建國北路2段147號,0,0,1,3,B03,8,6,5,50,14,9,1,5,4,5,13,4,4,1,4,5,2,12,1,41,3,10,3,4,7,14,1,8,1,8,,38,,1,22,121.5375798,25.0616305
113,6,17,16,55,2,04大安區,大安區四維路與四維路76巷口口,0,0,1,1,B03,8,6,5,30,4,1,1,5,4,5,13,4,4,10,5,5,1,15,1,51,3,10,7,1,7,9,1,8,1,1,,72,,1,21,121.548067,25.0342483
113,6,17,16,55,2,04大安區,大安區四維路與四維路76巷口口,0,0,1,2,C03,8,6,5,30,4,1,1,5,4,5,13,4,4,10,5,5,1,15,1,39,2,9,6,1,7,9,1,10,1,11,,14,,1,21,121.548067,25.0342483
113,6,17,16,59,2,12內湖區,內湖區成功路3段157巷與成功路3段口,0,0,1,1,F01,7,7,8,40,3,1,1,5,4,5,13,4,4,1,4,5,2,17,1,14,3,10,4,1,7,6,8,20,9,17,,9,,1,15,121.5900681,25.0797325
113,6,17,16,59,2,12內湖區,內湖區成功路3段157巷與成功路3段口,0,0,1,2,F01,7,7,8,40,3,1,1,5,4,5,13,4,4,1,4,5,2,17,1,80,2,9,4,1,7,21,8,20,1,17,,44,,1,21,121.5900681,25.0797325
113,6,17,17,25,2,08士林區,士林區士東路200巷與士東路200巷58弄口,0,0,1,1,B03,7,6,5,50,3,1,1,5,4,5,13,4,4,9,5,5,2,17,2,79,3,10,7,1,7,6,1,8,2,5,,9,,1,22,121.5338968,25.1107291
113,6,17,17,25,2,08士林區,士林區士東路200巷與士東路200巷58弄口,0,0,1,2,C03,7,6,5,50,3,1,1,5,4,5,13,4,4,9,5,5,2,17,2,34,2,8,5,1,7,9,1,10,2,14,,44,,1,22,121.5338968,25.1107291
113,6,17,18,8,2,07信義區,信義區松仁路2號,0,0,2,1,C03,8,6,8,50,22,22,1,5,4,5,10,4,4,1,3,5,2,17,2,41,2,9,6,1,7,9,1,10,1,14,,99,,1,21,121.5684347,25.04046
113,6,17,18,8,2,07信義區,信義區松仁路2號,0,0,2,2,C03,8,6,8,50,22,22,1,5,4,5,10,4,4,1,3,5,2,17,2,25,2,9,5,1,7,9,1,10,1,11,,44,,1,21,121.5684347,25.04046
113,6,17,18,25,2,12內湖區,內湖區康寧路3段與五分街口,0,0,3,1,C03,8,5,5,50,3,2,1,5,4,5,13,2,1,1,4,5,1,13,2,19,2,7,5,1,7,9,1,10,1,13,,44,,1,21,121.6118262,25.0679003
113,6,17,18,25,2,12內湖區,內湖區康寧路3段與五分街口,0,0,3,2,C03,8,5,5,50,3,2,1,5,4,5,13,2,1,1,4,5,1,13,1,31,2,9,5,1,7,9,1,10,1,11,,16,,1,21,121.6118262,25.0679003
113,6,17,18,25,2,12內湖區,內湖區康寧路3段與五分街口,0,0,3,3,C03,8,5,5,50,3,2,1,5,4,5,13,2,1,1,4,5,1,13,2,23,2,9,5,1,7,9,1,10,1,15,,16,,1,21,121.6118262,25.0679003
113,6,17,18,34,2,05中正區,中正區臨沂街與臨沂街45巷口,0,0,1,1,C03,8,5,5,30,5,1,1,5,4,5,13,4,4,10,5,5,2,15,2,65,2,6,5,1,7,9,1,10,2,12,,72,,1,26,121.5294439,25.0389678
113,6,17,18,34,2,05中正區,中正區臨沂街與臨沂街45巷口,0,0,1,2,C03,8,5,5,30,5,1,1,5,4,5,13,4,4,10,5,5,2,15,1,50,3,10,5,1,7,9,1,9,2,11,,13,,1,26,121.5294439,25.0389678
113,6,17,19,25,2,10文山區,文山區木柵路4段159巷與木柵路4段159巷16弄口,0,0,1,1,C03,7,5,5,30,3,1,1,4,4,5,13,4,4,9,5,5,2,18,1,53,2,9,6,1,7,9,1,10,2,14,,42,,1,21,121.5760115,25.0016243
113,6,17,19,25,2,10文山區,文山區木柵路4段159巷與木柵路4段159巷16弄口,0,0,1,2,,7,5,5,30,3,1,1,4,4,5,13,4,4,9,5,5,2,18,3,,,,,,,,,,,,,67,,1,,121.5760115,25.0016243
113,6,17,19,37,2,01大同區,大同區環河北路2段21巷與環河北路2段口,0,0,1,2,C03,8,5,5,50,3,2,1,5,4,5,13,4,4,1,4,5,2,13,1,36,2,9,5,1,7,15,1,10,2,13,,16,,1,22,121.5088379,25.0639802
113,6,17,19,37,2,01大同區,大同區環河北路2段21巷與環河北路2段口,0,0,1,1,C03,8,5,5,50,3,2,1,5,4,5,13,4,4,1,4,5,2,13,1,19,3,10,6,1,7,15,1,10,2,11,,16,,1,22,121.5088379,25.0639802
113,6,17,20,0,2,10文山區,文山區興隆路3段36巷與辛亥路5段25巷口,0,0,1,1,C03,8,5,5,30,4,1,1,5,4,5,13,3,1,9,5,5,2,16,1,21,3,10,6,1,7,6,1,9,2,12,,80,,1,21,121.5550109,24.99955565
113,6,17,20,0,2,10文山區,文山區興隆路3段36巷與辛亥路5段25巷口,0,0,1,2,C03,8,5,5,30,4,1,1,5,4,5,13,3,1,9,5,5,2,16,2,69,2,1,6,1,7,9,1,10,1,11,,44,,1,21,121.5550109,24.99955565
113,6,17,20,8,2,09北投區,北投區中央北路4段與自立路口,0,0,1,1,B03,7,5,5,50,4,1,1,5,4,5,13,1,1,10,5,5,2,17,1,61,3,10,7,1,7,11,1,8,1,8,,10,,1,21,121.4654818,25.1259401
113,6,17,20,8,2,09北投區,北投區中央北路4段與自立路口,0,0,1,2,C03,7,5,5,50,4,1,1,5,4,5,13,1,1,10,5,5,2,17,1,51,2,8,5,1,7,5,1,10,1,12,,44,,1,21,121.4654818,25.1259401
113,6,17,20,8,2,09北投區,北投區中央北路4段與自立路口,0,0,1,3,H02,7,5,5,50,4,1,1,5,4,5,13,1,1,10,5,5,2,17,2,30,4,11,5,5,7,20,8,20,10,16,,67,,1,21,121.4654818,25.1259401