發生年度,發生月,發生日,發生時-Hours,發生分,處理別-編號,區序,肇事地點,死亡人數,2-30日死亡人數,受傷人數,當事人序號,車種,天候,道路照明設備,道路類別,速限-速度限制,道路型態,事故位置,路面狀況1,路面狀況2,路面狀況3,道路障礙1,道路障礙2,號誌1,號誌2,車道劃分-分向,車道劃分-分道1,車道劃分-分道2,車道劃分-分道3,事故類型及型態,性別,年齡,受傷程度,主要傷處,保護裝置,行動電話,車輛用途,當事者行動狀態,駕駛資格情形,駕駛執照種類,飲酒情形,車輛撞擊部位1,車輛撞擊部位2,肇因碼-個別,肇因碼-主要,個人肇逃否,職業,座標-X,座標-Y
113,6,17,20,20,2,03中山區,中山區市民大道1段276號,0,0,2,1,C03,8,5,5,40,14,9,1,5,4,5,13,4,4,1,4,5,2,12,1,43,3,10,5,1,7,9,6,10,1,14,,108,,1,21,121.5219888,25.0480357
113,6,17,20,20,2,03中山區,中山區市民大道1段276號,0,0,2,2,C03,8,5,5,40,14,9,1,5,4,5,13,4,4,1,4,5,2,12,2,20,2,9,6,1,7,9,1,10,1,12,,17,,1,21,121.5219888,25.0480357
113,6,17,20,20,2,03中山區,中山區市民大道1段276號,0,0,2,3,B03,8,5,5,40,14,9,1,5,4,5,13,4,4,1,4,5,2,12,2,40,3,10,7,1,7,9,1,8,1,4,,44,,1,21,121.5219888,25.0480357
113,6,17,20,20,2,03中山區,中山區市民大道1段276號,0,0,2,4,H02,8,5,5,40,14,9,1,5,4,5,13,4,4,1,4,5,2,12,1,20,2,8,4,5,7,20,8,20,10,16,,67,,1,21,121.5219888,25.0480357
113,6,17,20,30,2,04大安區,大安區光復南路與光復南路456巷口,0,0,1,1,B03,8,5,5,50,4,1,1,5,4,5,13,1,1,1,4,5,1,11,1,39,3,10,7,1,7,11,1,8,1,5,,71,,1,21,121.5574633,25.0353299
113,6,17,20,30,2,04大安區,大安區光復南路與光復南路456巷口,0,0,1,2,C03,8,5,5,50,4,1,1,5,4,5,13,1,1,1,4,5,1,11,2,20,2,8,6,1,7,9,1,10,1,11,,44,,1,21,121.5574633,25.0353299
113,6,17,21,19,2,02萬華區,萬華區中華路1段與漢口街2段口,0,0,1,1,B02,8,5,5,50,4,1,1,5,4,5,13,1,1,8,3,1,1,13,2,20,3,10,7,1,7,8,1,8,1,2,,17,,1,21,121.5089163,25.0450877
113,6,17,21,19,2,02萬華區,萬華區中華路1段與漢口街2段口,0,0,1,2,C03,8,5,5,50,4,1,1,5,4,5,13,1,1,8,3,1,1,13,2,55,2,7,5,1,7,9,1,10,1,14,,17,,1,21,121.5089163,25.0450877
113,6,17,21,50,2,02萬華區,萬華區萬大路414號,0,0,2,1,C03,8,5,5,50,14,9,1,5,4,5,13,4,4,10,5,5,2,17,1,47,2,9,5,1,7,1,1,10,1,15,,19,,1,21,121.4983567,25.0212283
113,6,17,21,50,2,02萬華區,萬華區萬大路414號,0,0,2,2,C03,8,5,5,50,14,9,1,5,4,5,13,4,4,10,5,5,2,17,1,51,3,10,5,1,7,15,1,10,1,12,,44,,1,21,121.4983567,25.0212283
113,6,17,21,50,2,02萬華區,萬華區萬大路414號,0,0,2,3,H02,8,5,5,50,14,9,1,5,4,5,13,4,4,10,5,5,2,17,2,46,2,9,5,5,7,17,8,20,10,16,,67,,1,21,121.4983567,25.0212283
113,6,17,22,35,2,12內湖區,內湖區成功路2段與成功交流道口北上匝道入口,0,0,1,1,B03,8,5,5,50,4,1,1,5,4,5,13,2,1,1,2,5,2,16,1,28,3,10,7,1,7,6,1,8,1,5,,80,,1,21,121.5909454,25.06421962
113,6,17,22,35,2,12內湖區,內湖區成功路2段與成功交流道口北上匝道入口,0,0,1,2,C03,8,5,5,50,4,1,1,5,4,5,13,2,1,1,2,5,2,16,1,32,2,9,5,1,7,9,1,10,1,14,,108,,1,21,121.5909454,25.06421962
113,6,17,23,13,2,08士林區,士林區文林路561號,0,0,1,1,C04,8,5,5,50,14,9,1,5,4,5,13,4,4,5,4,4,2,17,1,21,4,11,3,4,7,15,7,19,11,15,,42,,2,22,121.5238436,25.0982225
113,6,17,23,13,2,08士林區,士林區文林路561號,0,0,1,2,C03,8,5,5,50,14,9,1,5,4,5,13,4,4,5,4,4,2,17,2,23,2,9,3,4,7,9,1,10,2,11,,44,,1,21,121.5238436,25.0982225
113,6,17,23,25,2,03中山區,中山區民權東路2段與吉林路口,0,0,1,1,C03,8,5,5,50,4,1,1,5,4,5,13,2,1,5,2,5,2,17,1,53,3,10,5,1,7,8,1,10,1,15,,100,,1,21,121.5303622,25.0628659
113,6,17,23,25,2,03中山區,中山區民權東路2段與吉林路口,0,0,1,2,C03,8,5,5,50,4,1,1,5,4,5,13,2,1,5,2,5,2,17,1,27,2,9,5,1,7,9,1,10,1,15,,44,,1,21,121.5303622,25.0628659
113,6,17,23,36,2,08士林區,士林區後港街與劍潭路口,0,0,2,1,C03,7,5,5,30,4,1,1,5,4,5,13,4,4,10,5,5,2,15,1,27,2,9,6,1,7,9,1,10,1,11,,14,,1,21,121.5227937,25.08409474
113,6,17,23,36,2,08士林區,士林區後港街與劍潭路口,0,0,2,2,C03,7,5,5,30,4,1,1,5,4,5,13,4,4,10,5,5,2,15,1,32,2,9,5,1,7,9,1,10,1,11,,108,,1,21,121.5227937,25.08409474
113,6,18,1,19,2,03中山區,中山區長安東路1段53巷1號,0,0,1,1,B03,7,5,5,30,14,9,1,5,4,5,13,4,4,10,5,5,1,17,1,25,3,10,7,1,7,9,1,8,1,5,,44,,1,21,121.5264464,25.04883481
113,6,18,1,19,2,03中山區,中山區長安東路1段53巷1號,0,0,1,2,C04,7,5,5,30,14,9,1,5,4,5,13,4,4,10,5,5,1,17,2,51,2,8,5,1,7,2,1,10,1,13,,12,,1,21,121.5264464,25.04883481
113,6,18,2,0,2,08士林區,士林區延平北路6段與社子街63巷口,0,0,1,1,B01,8,5,5,50,3,2,1,5,4,5,13,1,1,5,5,5,2,13,1,54,3,10,7,1,7,9,1,8,1,1,,108,,1,21,121.5064577,25.08949761
113,6,18,2,0,2,08士林區,士林區延平北路6段與社子街63巷口,0,0,1,2,C03,8,5,5,50,3,2,1,5,4,5,13,1,1,5,5,5,2,13,2,44,2,9,6,1,7,14,1,10,1,13,,44,,1,21,121.5064577,25.08949761
113,6,18,2,48,2,04大安區,大安區仁愛路3段24巷與新生南路1段165巷口,0,0,2,1,C03,8,5,5,30,4,1,1,5,4,5,13,4,4,10,5,5,2,15,1,57,2,9,6,1,7,9,1,10,2,12,,72,,1,21,121.5359596,25.03417617
113,6,18,2,48,2,04大安區,大安區仁愛路3段24巷與新生南路1段165巷口,0,0,2,2,C03,8,5,5,30,4,1,1,5,4,5,13,4,4,10,5,5,2,15,1,20,2,9,6,1,7,9,1,10,2,15,,108,,1,21,121.5359596,25.03417617
113,6,18,3,0,2,02萬華區,萬華區開封街2段與昆明街口,0,0,2,1,C03,8,5,6,50,4,1,1,5,4,5,13,1,1,8,3,5,1,13,1,20,2,9,5,1,7,9,1,10,1,11,,108,,1,21,121.5058861,25.0466714
113,6,18,3,0,2,02萬華區,萬華區開封街2段與昆明街口,0,0,2,2,C03,8,5,6,50,4,1,1,5,4,5,13,1,1,8,3,5,1,13,2,20,2,5,5,1,7,14,1,10,1,13,,44,,1,21,121.5058861,25.0466714
113,6,18,3,50,2,06松山區,松山區八德路4段與基隆路1段口,0,0,1,1,B03,7,5,5,50,14,9,1,5,4,5,13,2,1,9,4,5,2,13,1,23,3,10,7,1,7,9,1,8,1,1,,108,,1,22,121.5699783,25.0496805
113,6,18,3,50,2,06松山區,松山區八德路4段與基隆路1段口,0,0,1,2,B01,7,5,5,50,14,9,1,5,4,5,13,2,1,9,4,5,2,13,1,50,2,2,7,1,7,14,1,4,1,3,,44,,1,22,121.5699783,25.0496805
113,6,18,4,45,2,05中正區,中正區和平西路2段與延平南路口,0,0,1,1,B03,8,5,5,50,3,1,1,5,4,5,13,2,1,3,4,5,2,16,1,48,3,10,7,1,7,11,1,8,2,5,,10,,1,21,121.5070253,25.031907
113,6,18,4,45,2,05中正區,中正區和平西路2段與延平南路口,0,0,1,2,C03,8,5,5,50,3,1,1,5,4,5,13,2,1,3,4,5,2,16,2,51,2,9,5,1,7,9,1,10,2,14,,44,,1,21,121.5070253,25.031907
113,6,18,6,10,2,09北投區,北投區大度路與大度路附近側附近口(路樹BT0560369005)往台北,0,0,1,1,C03,8,6,5,50,14,12,1,5,4,5,13,4,4,9,4,3,1,18,2,54,2,9,5,1,7,15,1,10,1,14,,101,,1,21,121.4752191,25.12247847
113,6,18,6,10,2,09北投區,北投區大度路與大度路附近側附近口(路樹BT0560369005)往台北,0,0,1,2,,8,6,5,50,14,12,1,5,4,5,13,4,4,9,4,3,1,18,3,0,,,,,,,,,,,,67,,1,,121.4752191,25.12247847
113,6,18,7,30,2,10文山區,文山區羅斯福路5段251號,0,0,1,1,C03,8,6,5,50,14,9,1,5,4,5,13,4,4,1,4,5,2,13,1,51,2,7,6,1,7,9,1,10,2,11,,16,,1,27,121.5392731,25.0012945
113,6,18,7,30,2,10文山區,文山區羅斯福路5段251號,0,0,1,2,B03,8,6,5,50,14,9,1,5,4,5,13,4,4,1,4,5,2,13,1,55,3,10,7,1,7,12,1,8,2,3,,44,,1,21,121.5392731,25.0012945
113,6,18,7,35,2,08士林區,士林區中山北路5段與中正路口,0,0,1,1,B03,8,6,5,50,4,1,1,5,4,5,13,1,1,10,5,5,1,16,1,75,3,10,7,1,7,6,1,8,1,2,,71,,1,21,121.5277638,25.0958588
113,6,18,7,35,2,08士林區,士林區中山北路5段與中正路口,0,0,1,2,C03,8,6,5,50,4,1,1,5,4,5,13,1,1,10,5,5,1,16,1,37,2,9,5,1,7,9,1,10,1,14,,17,,1,21,121.5277638,25.0958588
113,6,18,8,9,2,12內湖區,內湖區成功路3段174巷與成功路3段174巷26弄口,0,0,2,1,F01,7,5,5,50,4,1,1,5,4,5,13,1,1,5,5,5,2,9,1,16,2,7,4,1,7,9,8,20,11,15,,16,,2,21,121.5904287,25.08152363
113,6,18,8,9,2,12內湖區,內湖區成功路3段174巷與成功路3段174巷26弄口,0,0,2,2,H01,7,5,5,50,4,1,1,5,4,5,13,1,1,5,5,5,2,9,2,19,2,7,4,5,8,16,8,20,10,16,,67,,1,21,121.5904287,25.08152363
113,6,18,8,9,2,12內湖區,內湖區成功路3段174巷與成功路3段174巷26弄口,0,0,2,3,B03,7,5,5,50,4,1,1,5,4,5,13,1,1,5,5,5,2,9,1,73,3,10,7,1,7,14,1,8,11,3,,44,,1,21,121.5904287,25.08152363
113,6,18,8,12,2,11南港區,南港區中南街與市民大道8段口,0,0,1,1,C03,8,6,5,30,4,1,1,5,4,5,13,2,1,10,5,5,2,16,2,44,3,10,5,1,7,6,1,10,1,13,,9,,1,21,121.6152279,25.0544136
113,6,18,8,12,2,11南港區,南港區中南街與市民大道8段口,0,0,1,2,C03,8,6,5,30,4,1,1,5,4,5,13,2,1,10,5,5,2,16,2,31,2,8,5,1,7,9,1,10,1,11,,44,,1,21,121.6152279,25.0544136
113,6,18,8,15,2,12內湖區,內湖區內湖路1段與內湖路1段120巷口,0,0,1,1,C03,7,6,5,50,4,1,1,5,4,5,13,2,1,9,4,5,2,13,1,49,2,9,6,1,7,9,1,10,1,11,,16,,1,21,121.5633913,25.08322256
113,6,18,8,15,2,12內湖區,內湖區內湖路1段與內湖路1段120巷口,0,0,1,2,B03,7,6,5,50,4,1,1,5,4,5,13,2,1,9,4,5,2,13,1,46,3,10,7,1,7,5,1,8,1,3,,44,,1,21,121.5633913,25.08322256
113,6,18,8,15,2,12內湖區,內湖區內湖路1段與內湖路1段120巷口,0,0,1,3,C03,7,6,5,50,4,1,1,5,4,5,13,2,1,9,4,5,2,13,2,30,3,10,6,1,7,5,1,10,9,17,,44,,1,21,121.5633913,25.08322256
113,6,18,8,17,2,05中正區,中正區市民大道3段與金山北路口,0,0,1,2,C03,8,6,5,40,4,1,1,5,4,5,13,1,1,10,5,5,2,13,1,38,3,10,6,1,7,12,1,10,2,13,,44,,1,22,121.5306929,25.0459062
113,6,18,8,17,2,05中正區,中正區市民大道3段與金山北路口,0,0,1,1,C03,8,6,5,40,4,1,1,5,4,5,13,1,1,10,5,5,2,13,1,38,2,7,6,1,7,9,1,10,2,11,,44,,1,22,121.5306929,25.0459062
113,6,18,8,24,2,04大安區,大安區青田街與青田街7巷口,0,0,1,1,C03,7,6,5,30,4,1,1,5,4,5,13,4,4,9,4,5,1,17,2,39,4,11,5,1,7,15,1,10,11,17,,44,,2,21,121.5319797,25.0281237
113,6,18,8,24,2,04大安區,大安區青田街與青田街7巷口,0,0,1,2,F01,7,6,5,30,4,1,1,5,4,5,13,4,4,9,4,5,1,17,1,17,2,7,4,1,7,9,8,20,1,11,,4,,1,21,121.5319797,25.0281237
113,6,18,8,24,2,04大安區,大安區青田街與青田街7巷口,0,0,1,3,B12,7,6,5,30,4,1,1,5,4,5,13,4,4,9,4,5,1,17,1,55,3,10,3,4,7,14,1,7,9,15,,38,,1,21,121.5319797,25.0281237
113,6,18,8,30,2,12內湖區,內湖區港墘路與堤頂大道2段口,0,0,1,1,B03,7,7,8,50,3,1,1,5,4,5,13,1,1,3,3,5,2,17,1,47,3,10,7,1,7,5,1,8,1,5,,17,,1,21,121.572737,25.0746615
113,6,18,8,30,2,12內湖區,內湖區港墘路與堤頂大道2段口,0,0,1,2,C03,7,7,8,50,3,1,1,5,4,5,13,1,1,3,3,5,2,17,1,30,3,10,5,1,7,5,1,10,1,14,,44,,1,21,121.572737,25.0746615
113,6,18,8,30,2,12內湖區,內湖區港墘路與堤頂大道2段口,0,0,1,3,H02,7,7,8,50,3,1,1,5,4,5,13,1,1,3,3,5,2,17,2,30,2,9,5,5,7,20,8,20,10,16,,67,,1,21,121.572737,25.0746615
113,6,18,9,21,2,05中正區,中正區汀州路1段與寧波西街口口,0,0,1,1,C03,8,6,5,50,4,1,1,5,4,5,13,1,1,5,5,5,1,17,2,54,2,8,6,1,7,5,1,10,1,14,,8,,1,21,121.5109103,25.02704513
113,6,18,9,21,2,05中正區,中正區汀州路1段與寧波西街口口,0,0,1,2,C03,8,6,5,50,4,1,1,5,4,5,13,1,1,5,5,5,1,17,1,34,3,10,6,1,7,9,1,10,1,12,,108,,1,21,121.5109103,25.02704513
113,6,18,9,27,2,10文山區,文山區福和橋機車道西向東方向橋墩P8,0,0,2,1,C03,8,6,5,40,14,11,1,5,4,5,13,4,4,1,4,1,2,13,1,71,2,9,5,1,7,9,1,10,2,11,,16,,1,21,121.5358742,25.010684
113,6,18,9,27,2,10文山區,文山區福和橋機車道西向東方向橋墩P8,0,0,2,2,C03,8,6,5,40,14,11,1,5,4,5,13,4,4,1,4,1,2,13,2,38,2,8,6,1,7,9,1,10,2,13,,44,,1,21,121.5358742,25.010684
113,6,18,9,27,2,10文山區,文山區福和橋機車道西向東方向橋墩P8,0,0,2,3,C03,8,6,5,40,14,11,1,5,4,5,13,4,4,1,4,1,2,13,1,24,3,10,6,1,7,9,1,10,2,13,,44,,1,21,121.5358742,25.010684
113,6,18,9,39,2,02萬華區,萬華區環河南路1段196號,0,0,2,1,C03,7,7,5,50,14,9,1,5,4,5,13,3,1,8,3,5,2,12,1,72,2,9,5,1,7,1,1,10,2,13,,19,,1,21,121.5037357,25.0466213
113,6,18,9,39,2,02萬華區,萬華區環河南路1段196號,0,0,2,2,C03,7,7,5,50,14,9,1,5,4,5,13,3,1,8,3,5,2,12,1,19,2,9,5,1,7,9,1,10,2,11,,44,,1,21,121.5037357,25.0466213
113,6,18,9,50,2,01大同區,大同區重慶北路3段236巷5弄與重慶北路3段252巷口,0,0,1,1,B03,8,6,5,30,4,1,1,5,4,5,13,4,4,10,5,5,2,15,1,68,3,10,7,1,7,9,1,8,2,5,,72,,1,21,121.5132306,25.07132002
113,6,18,9,50,2,01大同區,大同區重慶北路3段236巷5弄與重慶北路3段252巷口,0,0,1,2,C03,8,6,5,30,4,1,1,5,4,5,13,4,4,10,5,5,2,15,1,22,2,9,6,1,7,9,1,10,2,14,,13,,1,21,121.5132306,25.07132002
113,6,18,10,30,2,03中山區,中山區中山北路3段62號與圓山河濱公園附近側附近口,0,0,1,1,C04,8,5,5,50,14,9,1,5,4,5,13,4,4,1,4,5,2,12,1,80,2,9,5,1,7,7,1,10,2,11,,100,,1,21,121.523496,25.0711284
113,6,18,10,30,2,03中山區,中山區中山北路3段62號與圓山河濱公園附近側附近口,0,0,1,2,C03,8,5,5,50,14,9,1,5,4,5,13,4,4,1,4,5,2,12,1,28,3,10,5,1,7,9,1,10,2,12,,16,,1,21,121.523496,25.0711284
113,6,18,10,50,2,01大同區,大同區南京西路與太原路口,0,0,1,1,B13,8,6,5,50,4,1,1,5,4,5,13,2,1,9,4,5,2,16,1,22,3,10,7,1,7,5,1,8,2,1,,71,,1,21,121.5160493,25.0535992
113,6,18,10,50,2,01大同區,大同區南京西路與太原路口,0,0,1,2,C03,8,6,5,50,4,1,1,5,4,5,13,2,1,9,4,5,2,16,1,26,2,9,6,1,7,9,1,10,2,11,,13,,1,21,121.5160493,25.0535992
113,6,18,11,20,2,03中山區,中山區濱江街3號對面,0,0,1,1,B03,8,6,5,40,14,8,1,5,4,5,13,4,4,10,4,4,2,14,1,71,2,2,3,4,7,2,1,8,2,3,,12,,1,22,121.5296836,25.071212
113,6,18,11,20,2,03中山區,中山區濱江街3號對面,0,0,1,2,B03,8,6,5,40,14,8,1,5,4,5,13,4,4,10,4,4,2,14,1,29,3,10,3,4,7,14,1,8,2,1,,44,,1,22,121.5296836,25.071212
113,6,18,11,22,2,04大安區,大安區新生南路1段與忠孝東路3段口,0,0,1,1,C03,7,7,5,40,4,2,1,5,4,5,13,2,1,1,4,1,1,17,1,61,2,9,6,1,7,9,1,10,1,11,,108,,1,21,121.5329667,25.041902
113,6,18,11,22,2,04大安區,大安區新生南路1段與忠孝東路3段口,0,0,1,2,B01,7,7,5,40,4,2,1,5,4,5,13,2,1,1,4,1,1,17,1,55,3,10,7,1,7,14,1,4,1,6,,44,,1,21,121.5329667,25.041902
113,6,18,11,28,2,02萬華區,萬華區桂林路與桂林路242巷口,0,0,2,1,C03,8,6,5,30,4,1,1,5,4,5,13,2,1,1,4,5,2,17,1,42,2,9,6,1,7,14,1,9,1,12,,118,,1,21,121.4959028,25.038673
113,6,18,11,28,2,02萬華區,萬華區桂林路與桂林路242巷口,0,0,2,2,C03,8,6,5,30,4,1,1,5,4,5,13,2,1,1,4,5,2,17,1,25,2,9,6,1,7,9,1,10,1,14,12,118,,1,21,121.4959028,25.038673
113,6,18,12,10,2,03中山區,中山區民權東路2段15號,0,0,1,1,C03,6,6,5,50,14,9,1,4,4,5,13,4,4,1,4,5,2,13,1,36,2,9,5,1,7,9,1,10,1,11,,44,,1,21,121.5287233,25.06268672
113,6,18,12,10,2,03中山區,中山區民權東路2段15號,0,0,1,2,B03,6,6,5,50,14,9,1,4,4,5,13,4,4,1,4,5,2,13,1,27,3,10,7,1,7,9,1,8,1,3,,44,,1,21,121.5287233,25.06268672
113,6,18,12,17,2,06松山區,松山區南京東路5段123巷2弄15號,0,0,1,1,B03,8,6,5,30,14,9,1,5,4,5,13,4,4,10,5,5,2,9,2,34,3,10,3,4,7,9,1,8,11,15,,118,,2,22,121.5614262,25.05206841
113,6,18,12,17,2,06松山區,松山區南京東路5段123巷2弄15號,0,0,1,2,H01,8,6,5,30,14,9,1,5,4,5,13,4,4,10,5,5,2,9,1,34,2,9,4,5,8,16,8,20,10,16,,60,,1,21,121.5614262,25.05206841
113,6,18,12,22,2,10文山區,文山區一壽街與一壽街20巷口口,0,0,1,1,C03,8,7,5,30,4,1,1,5,4,5,13,4,4,10,5,5,2,15,1,28,2,9,5,1,7,9,1,10,1,11,,118,,1,22,121.5565486,24.9799124
113,6,18,12,22,2,10文山區,文山區一壽街與一壽街20巷口口,0,0,1,2,C03,8,7,5,30,4,1,1,5,4,5,13,4,4,10,5,5,2,15,1,22,3,10,5,1,7,9,1,10,1,13,,118,,1,22,121.5565486,24.9799124
113,6,18,12,23,2,07信義區,信義區福德街84巷50號,0,0,1,1,B03,7,6,5,30,14,9,1,5,4,5,13,4,4,10,5,5,2,17,1,48,3,10,7,1,7,5,1,8,1,8,,8,,1,21,121.5812687,25.0386092
113,6,18,12,23,2,07信義區,信義區福德街84巷50號,0,0,1,2,C03,7,6,5,30,14,9,1,5,4,5,13,4,4,10,5,5,2,17,1,25,2,9,6,1,7,9,1,10,1,12,,107,,1,21,121.5812687,25.0386092
113,6,18,12,35,2,08士林區,士林區仰德大道2段與仰德大道2段2巷口,0,0,1,1,C03,7,7,5,40,3,1,1,4,4,5,13,2,1,5,5,5,1,12,1,20,2,9,6,1,7,9,1,10,1,12,,13,,1,21,121.5395131,25.1020214
113,6,18,12,35,2,08士林區,士林區仰德大道2段與仰德大道2段2巷口,0,0,1,2,B03,7,7,5,40,3,1,1,4,4,5,13,2,1,5,5,5,1,12,1,21,3,10,7,1,7,9,1,8,1,7,,44,,1,21,121.5395131,25.1020214
113,6,18,12,35,2,10文山區,文山區新光路2段052燈桿,0,0,1,1,B12,8,6,5,50,14,9,1,5,4,5,13,4,4,9,5,5,1,17,1,52,3,10,7,4,7,1,1,8,1,17,,19,,1,21,121.5914863,24.99744796
113,6,18,12,35,2,10文山區,文山區新光路2段052燈桿,0,0,1,2,C03,8,6,5,50,14,9,1,5,4,5,13,4,4,9,5,5,1,17,1,26,2,8,6,1,7,9,1,10,1,14,,44,,1,21,121.5914863,24.99744796
113,6,18,12,42,2,01大同區,大同區環河北路2段與迪化街2段145巷口,0,0,1,1,B01,6,7,5,30,3,1,1,4,4,5,13,4,4,10,5,5,2,17,1,59,4,11,3,4,7,9,7,19,11,17,,44,,2,21,121.5093492,25.0673022
113,6,18,12,42,2,01大同區,大同區環河北路2段與迪化街2段145巷口,0,0,1,2,C03,6,7,5,30,3,1,1,4,4,5,13,4,4,10,5,5,2,17,1,38,2,9,5,1,7,8,1,10,1,17,,102,,1,21,121.5093492,25.0673022
113,6,18,12,50,2,10文山區,文山區木柵路1段與木柵路1段89巷口口,0,0,1,1,C03,7,6,5,50,14,9,1,5,4,5,13,2,1,5,4,5,2,12,2,24,2,9,5,1,7,7,1,10,1,14,,100,,1,21,121.5473899,24.9870101
113,6,18,12,50,2,10文山區,文山區木柵路1段與木柵路1段89巷口口,0,0,1,2,B03,7,6,5,50,14,9,1,5,4,5,13,2,1,5,4,5,2,12,2,64,3,10,7,1,7,9,1,8,1,5,,44,,1,21,121.5473899,24.9870101
113,6,18,12,55,2,08士林區,士林區士東路200巷與芝玉路2段20巷口,0,0,1,1,B12,6,6,5,30,3,2,1,4,4,5,13,4,4,5,5,5,1,17,1,34,3,10,7,1,7,5,1,4,2,17,,72,,1,21,121.5340348,25.11039513
113,6,18,12,55,2,08士林區,士林區士東路200巷與芝玉路2段20巷口,0,0,1,2,C03,6,6,5,30,3,2,1,4,4,5,13,4,4,5,5,5,1,17,1,66,2,9,5,1,7,9,1,10,2,12,,13,,1,21,121.5340348,25.11039513
113,6,18,13,20,2,04大安區,大安區復興南路2段151巷9號,0,0,1,1,A41,7,7,5,40,14,9,1,5,4,5,13,4,4,9,5,5,1,17,1,36,3,10,7,1,7,1,1,1,2,8,,108,,1,21,121.5440815,25.0284153
113,6,18,13,20,2,04大安區,大安區復興南路2段151巷9號,0,0,1,2,C03,7,7,5,40,14,9,1,5,4,5,13,4,4,9,5,5,1,17,1,35,2,8,6,1,7,1,3,18,2,14,,19,,1,21,121.5440815,25.0284153
113,6,18,14,5,2,05中正區,中正區新生南路1段14號,0,0,2,1,C03,7,6,5,50,14,9,1,5,4,5,13,4,4,1,4,5,2,16,1,33,2,9,6,1,7,1,1,10,2,13,,19,,1,21,121.5327638,25.0435972
113,6,18,14,5,2,05中正區,中正區新生南路1段14號,0,0,2,2,C03,7,6,5,50,14,9,1,5,4,5,13,4,4,1,4,5,2,16,1,33,2,9,6,1,7,9,1,10,2,11,,44,,1,21,121.5327638,25.0435972
113,6,18,14,42,2,10文山區,文山區興隆路3段與興隆路3段221巷口,0,0,2,1,C03,6,6,5,50,14,9,1,4,4,5,13,4,4,1,4,5,2,12,2,41,2,7,6,1,7,9,1,10,2,12,,108,,1,21,121.5594018,24.9941947
113,6,18,14,42,2,10文山區,文山區興隆路3段與興隆路3段221巷口,0,0,2,2,C03,6,6,5,50,14,9,1,4,4,5,13,4,4,1,4,5,2,12,2,71,2,9,6,1,7,9,1,10,1,14,,44,,1,21,121.5594018,24.9941947
113,6,18,14,59,2,01大同區,大同區承德路2段與民權西路口,0,0,1,1,C03,6,6,5,50,4,1,1,4,4,5,13,1,1,1,4,5,2,17,4,73,,,,,,,,,11,,,100,,2,,121.5181775,25.0625971
113,6,18,14,59,2,01大同區,大同區承德路2段與民權西路口,0,0,1,2,C03,6,6,5,50,4,1,1,4,4,5,13,1,1,1,4,5,2,17,2,23,2,9,6,1,7,9,1,10,1,14,,44,,1,21,121.5181775,25.0625971
113,6,18,15,30,2,02萬華區,萬華區昆明街與廣州街口,0,0,1,1,B01,6,5,5,50,4,2,1,4,4,5,13,1,1,9,4,5,2,3,1,68,3,10,7,4,7,5,1,4,2,1,,70,,1,21,121.503547,25.0366916
113,6,18,15,30,2,02萬華區,萬華區昆明街與廣州街口,0,0,1,2,H01,6,5,5,50,4,2,1,4,4,5,13,1,1,9,4,5,2,3,1,58,2,9,4,5,8,16,8,20,10,16,,121,,1,21,121.503547,25.0366916
113,6,18,15,53,2,06松山區,松山區光復南路與光復南路45巷口,0,0,1,1,B03,6,6,5,50,3,2,1,4,4,5,13,4,4,1,4,5,2,11,1,55,3,10,7,1,7,9,1,8,1,2,,44,,1,22,121.5578437,25.0461725
113,6,18,15,53,2,06松山區,松山區光復南路與光復南路45巷口,0,0,1,2,C03,6,6,5,50,3,2,1,4,4,5,13,4,4,1,4,5,2,11,1,39,2,9,6,1,7,10,1,10,1,14,,100,,1,22,121.5578437,25.0461725
113,6,18,15,57,2,09北投區,北投區榮華三路與榮華三路42巷口,0,0,1,1,C03,6,5,5,30,4,1,1,4,4,5,13,4,4,5,4,5,2,15,2,44,2,9,5,1,7,9,6,18,1,12,,75,,1,21,121.5206865,25.1140997
113,6,18,15,57,2,09北投區,北投區榮華三路與榮華三路42巷口,0,0,1,2,B03,6,5,5,30,4,1,1,4,4,5,13,4,4,5,4,5,2,15,2,50,3,10,7,1,7,9,1,8,1,1,,108,,1,21,121.5206865,25.1140997
113,6,18,16,40,2,04大安區,大安區忠孝東路4段與無名巷口,0,0,1,1,B03,7,6,5,50,3,1,1,5,4,5,13,4,4,1,4,5,2,3,2,35,3,10,3,4,7,6,1,8,9,5,,70,,1,22,121.5566642,25.041099
113,6,18,16,40,2,04大安區,大安區忠孝東路4段與無名巷口,0,0,1,2,H01,7,6,5,50,3,1,1,5,4,5,13,4,4,1,4,5,2,3,2,69,2,9,4,5,8,16,8,20,10,16,,67,,1,22,121.5566642,25.041099
113,6,18,16,56,2,10文山區,文山區政大三街45號前,0,0,1,1,B03,7,6,5,50,14,9,1,5,4,5,13,4,4,9,5,5,2,16,1,56,3,10,7,1,7,1,1,8,2,8,,19,,1,21,121.5823851,24.9859574
113,6,18,16,56,2,10文山區,文山區政大三街45號前,0,0,1,2,C03,7,6,5,50,14,9,1,5,4,5,13,4,4,9,5,5,2,16,1,30,2,9,5,1,7,9,1,9,2,12,,44,,1,21,121.5823851,24.9859574
113,6,18,17,2,2,04大安區,大安區復興南路2段與信義路3段口,0,0,1,1,B01,6,7,5,50,4,2,1,4,4,5,13,2,1,1,4,5,2,17,1,65,4,11,3,4,7,6,1,8,11,2,,17,,1,21,121.5437499,25.0332267