發生年度,發生月,發生日,發生時-Hours,發生分,處理別-編號,區序,肇事地點,死亡人數,2-30日死亡人數,受傷人數,當事人序號,車種,天候,道路照明設備,道路類別,速限-速度限制,道路型態,事故位置,路面狀況1,路面狀況2,路面狀況3,道路障礙1,道路障礙2,號誌1,號誌2,車道劃分-分向,車道劃分-分道1,車道劃分-分道2,車道劃分-分道3,事故類型及型態,性別,年齡,受傷程度,主要傷處,保護裝置,行動電話,車輛用途,當事者行動狀態,駕駛資格情形,駕駛執照種類,飲酒情形,車輛撞擊部位1,車輛撞擊部位2,肇因碼-個別,肇因碼-主要,個人肇逃否,職業,座標-X,座標-Y
113,6,18,17,2,2,04大安區,大安區復興南路2段與信義路3段口,0,0,1,2,C04,6,7,5,50,4,2,1,4,4,5,13,2,1,1,4,5,2,17,1,27,2,9,3,4,7,6,1,10,1,14,,17,,1,21,121.5437499,25.0332267
113,6,18,17,15,2,07信義區,信義區松山路與信義路6段口,0,0,1,1,C03,6,7,5,50,4,1,1,4,4,5,13,1,1,9,4,5,2,17,1,43,3,10,5,1,7,5,1,10,2,14,,8,,1,21,121.5784646,25.0362895
113,6,18,17,15,2,07信義區,信義區松山路與信義路6段口,0,0,1,2,C03,6,7,5,50,4,1,1,4,4,5,13,1,1,9,4,5,2,17,2,61,2,9,5,1,7,9,1,10,2,12,,44,,1,21,121.5784646,25.0362895
113,6,18,17,16,2,04大安區,大安區基隆路3段與辛亥路3段口旁,0,0,1,1,B03,8,6,5,50,14,9,1,4,4,5,13,4,4,9,4,5,1,13,2,52,3,10,3,4,7,9,1,8,1,1,,44,,1,21,121.546086,25.01849869
113,6,18,17,16,2,04大安區,大安區基隆路3段與辛亥路3段口旁,0,0,1,2,C03,8,6,5,50,14,9,1,4,4,5,13,4,4,9,4,5,1,13,1,18,2,7,5,1,7,7,1,10,1,13,,100,,1,21,121.546086,25.01849869
113,6,18,17,44,2,05中正區,中正區重慶南路3段180號與中正橋口第3支電桿,0,0,1,1,B03,7,6,5,30,14,9,1,4,4,1,12,4,4,1,4,5,1,17,1,56,3,10,7,1,7,8,1,8,2,6,,100,,1,21,121.5167538,25.02253135
113,6,18,17,44,2,05中正區,中正區重慶南路3段180號與中正橋口第3支電桿,0,0,1,2,C03,7,6,5,30,14,9,1,4,4,1,12,4,4,1,4,5,1,17,2,32,2,8,6,1,7,7,1,10,2,14,,100,,1,21,121.5167538,25.02253135
113,6,18,17,50,2,08士林區,士林區中山北路5段與中山北路5段699巷口,0,0,2,1,C03,8,5,8,50,22,22,1,5,4,5,13,2,1,1,5,5,1,17,1,56,2,9,5,1,7,6,1,10,1,12,,80,,1,21,121.527218,25.09779673
113,6,18,17,50,2,08士林區,士林區中山北路5段與中山北路5段699巷口,0,0,2,2,C03,8,5,8,50,22,22,1,5,4,5,13,2,1,1,5,5,1,17,1,25,2,9,5,1,7,9,1,10,1,11,,44,,1,21,121.527218,25.09779673
113,6,18,17,57,2,11南港區,南港區南港路2段97號,0,0,1,1,B02,8,7,5,50,14,8,1,5,4,5,13,4,4,5,4,4,2,13,1,53,3,10,7,1,7,12,1,8,1,6,,99,,1,21,121.5973142,25.0540973
113,6,18,17,57,2,11南港區,南港區南港路2段97號,0,0,1,2,C03,8,7,5,50,14,8,1,5,4,5,13,4,4,5,4,4,2,13,1,40,2,7,5,1,7,9,1,10,1,11,,107,,1,21,121.5973142,25.0540973
113,6,18,18,29,2,05中正區,中正區重慶南路2段9號,0,0,1,1,C03,8,7,5,50,14,9,1,5,4,4,13,4,4,1,4,5,2,17,1,52,3,10,5,1,7,12,1,10,1,12,,44,,1,21,121.5138967,25.0328492
113,6,18,18,29,2,05中正區,中正區重慶南路2段9號,0,0,1,2,C03,8,7,5,50,14,9,1,5,4,4,13,4,4,1,4,5,2,17,2,35,2,8,5,1,7,9,1,10,1,11,,108,,1,21,121.5138967,25.0328492
113,6,18,18,30,2,04大安區,大安區富陽街108巷與富陽街口,0,0,1,1,C03,7,6,5,50,3,1,1,5,4,5,13,4,4,9,5,5,2,17,1,65,4,11,5,1,7,15,1,10,11,17,,80,,2,21,121.5566833,25.0198505
113,6,18,18,30,2,04大安區,大安區富陽街108巷與富陽街口,0,0,1,2,C03,7,6,5,50,3,1,1,5,4,5,13,4,4,9,5,5,2,17,1,29,2,7,5,1,7,9,1,10,1,17,,44,,1,21,121.5566833,25.0198505
113,6,18,18,40,2,12內湖區,內湖區民權東路6段2號,0,0,1,1,B03,8,5,5,50,14,9,1,5,4,5,13,4,4,1,4,5,2,13,1,76,3,10,7,1,7,9,1,8,1,5,,108,,1,21,121.5734396,25.06501945
113,6,18,18,40,2,12內湖區,內湖區民權東路6段2號,0,0,1,2,B01,8,5,5,50,14,9,1,5,4,5,13,4,4,1,4,5,2,13,1,62,2,9,7,1,7,14,1,4,1,7,,44,,1,21,121.5734396,25.06501945
113,6,18,18,48,2,05中正區,中正區南海路與羅斯福路1段口,0,0,1,1,C03,8,5,5,30,5,18,1,5,4,5,13,2,1,3,4,5,2,3,1,39,3,10,5,1,7,5,1,10,9,15,,70,,1,21,121.5181748,25.0327818
113,6,18,18,48,2,05中正區,中正區南海路與羅斯福路1段口,0,0,1,2,H01,8,5,5,30,5,18,1,5,4,5,13,2,1,3,4,5,2,3,2,25,2,8,4,5,8,16,8,20,10,16,,67,,1,21,121.5181748,25.0327818
113,6,18,19,19,2,02萬華區,萬華區中華路2段606巷與中華路2段口,0,0,1,1,C04,8,5,5,50,4,1,1,5,4,5,13,1,1,9,4,4,1,17,2,68,2,9,5,1,7,5,1,11,1,13,,8,,1,21,121.510099,25.0246491
113,6,18,19,19,2,02萬華區,萬華區中華路2段606巷與中華路2段口,0,0,1,2,B02,8,5,5,50,4,1,1,5,4,5,13,1,1,9,4,4,1,17,2,63,3,10,7,1,7,9,1,8,1,1,,44,,1,21,121.510099,25.0246491
113,6,18,19,45,2,12內湖區,內湖區民權東路6段296巷與康寧路3段26巷口,0,0,1,1,B02,7,5,5,30,4,1,1,5,4,5,13,4,4,9,5,5,2,15,1,64,3,10,7,1,7,9,1,8,2,5,,80,,1,21,121.6074641,25.0712972
113,6,18,19,45,2,12內湖區,內湖區民權東路6段296巷與康寧路3段26巷口,0,0,1,2,C03,7,5,5,30,4,1,1,5,4,5,13,4,4,9,5,5,2,15,1,72,2,9,5,1,7,9,1,10,2,12,,44,,1,21,121.6074641,25.0712972
113,6,18,19,48,2,04大安區,大安區基隆路4段與基隆路4段73巷口,0,0,1,1,C03,7,5,5,40,3,2,1,5,4,5,13,1,1,1,4,4,2,16,1,35,2,9,3,4,7,8,1,10,1,14,,100,,1,21,121.539564,25.0133302
113,6,18,19,48,2,04大安區,大安區基隆路4段與基隆路4段73巷口,0,0,1,2,B01,7,5,5,40,3,2,1,5,4,5,13,1,1,1,4,4,2,16,1,32,3,10,3,4,7,9,1,4,1,2,,44,,1,21,121.539564,25.0133302
113,6,18,20,37,2,03中山區,中山區新生北路1段158號,0,0,1,1,B03,8,5,5,50,3,3,1,5,4,5,13,4,4,1,4,5,2,17,1,41,3,10,3,4,7,15,1,8,9,15,,42,,2,21,121.5276514,25.051554
113,6,18,20,37,2,03中山區,中山區新生北路1段158號,0,0,1,2,C03,8,5,5,50,3,3,1,5,4,5,13,4,4,1,4,5,2,17,1,41,2,8,6,1,7,14,1,10,1,13,,38,,1,26,121.5276514,25.051554
113,6,18,21,4,2,03中山區,中山區市民大道3段與建國南路1段口,0,0,1,1,C03,8,5,5,50,4,1,1,5,4,5,13,2,1,1,4,5,2,16,1,25,2,9,6,1,7,5,1,10,1,14,,8,,1,21,121.5368901,25.0448399
113,6,18,21,4,2,03中山區,中山區市民大道3段與建國南路1段口,0,0,1,2,B03,8,5,5,50,4,1,1,5,4,5,13,2,1,1,4,5,2,16,1,64,3,10,7,1,7,9,1,8,1,5,,44,,1,21,121.5368901,25.0448399
113,6,18,21,11,2,04大安區,大安區辛亥路3段與辛亥路3段157巷口,0,0,1,1,B03,8,5,5,50,4,1,1,5,4,5,13,2,1,1,4,5,1,9,1,19,3,10,7,1,7,5,1,8,2,8,,44,,1,21,121.5491031,25.0168394
113,6,18,21,11,2,04大安區,大安區辛亥路3段與辛亥路3段157巷口,0,0,1,2,H01,8,5,5,50,4,1,1,5,4,5,13,2,1,1,4,5,1,9,2,57,2,9,4,5,8,16,8,20,10,16,,67,,1,21,121.5491031,25.0168394
113,6,19,0,7,2,04大安區,大安區基隆路2段與和平東路3段口,0,0,2,1,B03,7,6,5,50,5,2,1,5,4,5,13,2,1,1,4,5,2,17,1,20,3,10,3,4,7,6,1,8,1,8,,80,,1,21,121.5521696,25.0240881
113,6,19,0,7,2,04大安區,大安區基隆路2段與和平東路3段口,0,0,2,2,C03,7,6,5,50,5,2,1,5,4,5,13,2,1,1,4,5,2,17,1,37,2,9,3,4,7,9,1,8,1,12,,44,,1,21,121.5521696,25.0240881
113,6,19,0,7,2,04大安區,大安區基隆路2段與和平東路3段口,0,0,2,3,H02,7,6,5,50,5,2,1,5,4,5,13,2,1,1,4,5,2,17,2,39,2,8,3,5,7,21,8,20,10,16,,67,,1,21,121.5521696,25.0240881
113,6,19,1,23,2,10文山區,文山區萬美街1段71號,0,0,2,1,C03,7,5,5,40,14,9,1,5,4,5,13,4,4,9,5,5,2,13,1,26,2,9,5,1,7,9,1,10,1,11,,42,,1,21,121.5671126,25.0022012
113,6,19,1,23,2,10文山區,文山區萬美街1段71號,0,0,2,2,C03,7,5,5,40,14,9,1,5,4,5,13,4,4,9,5,5,2,13,1,43,2,7,5,1,7,9,1,10,1,13,,42,,1,21,121.5671126,25.0022012
113,6,19,7,17,2,06松山區,松山區光復北路與南京東路4段口,0,0,1,1,C03,8,6,5,50,5,1,1,5,4,5,13,2,1,1,4,4,2,17,1,41,2,9,6,4,7,9,1,10,2,12,,44,,1,21,121.5578676,25.05132575
113,6,19,7,17,2,06松山區,松山區光復北路與南京東路4段口,0,0,1,2,B03,8,6,5,50,5,1,1,5,4,5,13,2,1,1,4,4,2,17,1,48,3,10,7,4,7,11,1,8,2,4,,10,,1,21,121.5578676,25.05132575
113,6,19,7,25,2,04大安區,大安區和平東路3段627巷對面,0,0,2,1,F01,8,6,5,40,14,9,1,5,4,5,13,3,1,1,5,1,2,16,1,97,2,9,4,1,7,1,8,20,1,11,,19,,1,21,121.5631771,25.0131953
113,6,19,7,25,2,04大安區,大安區和平東路3段627巷對面,0,0,2,2,C03,8,6,5,40,14,9,1,5,4,5,13,3,1,1,5,1,2,16,1,32,2,9,5,1,7,9,1,10,1,11,,13,,1,21,121.5631771,25.0131953
113,6,19,7,33,2,05中正區,中正區汀州路2段12巷9號,0,0,1,1,B03,8,6,5,30,14,9,1,5,4,5,13,4,4,10,5,5,1,17,1,41,3,10,7,1,7,14,1,8,1,2,,99,,1,21,121.5160042,25.0254784
113,6,19,7,33,2,05中正區,中正區汀州路2段12巷9號,0,0,1,3,H02,8,6,5,30,14,9,1,5,4,5,13,4,4,10,5,5,1,17,2,41,3,10,4,5,7,20,8,20,10,16,,60,,1,21,121.5160042,25.0254784
113,6,19,7,33,2,05中正區,中正區汀州路2段12巷9號,0,0,1,2,C02,8,6,5,30,14,9,1,5,4,5,13,4,4,10,5,5,1,17,1,32,2,9,5,1,7,9,1,9,1,11,,108,,1,21,121.5160042,25.0254784
113,6,19,7,39,2,01大同區,大同區鄭州路與環河北路1段口,0,0,3,1,C03,8,6,5,40,5,1,1,5,4,5,13,2,1,5,4,5,2,17,1,47,2,9,5,1,7,5,1,10,1,12,,71,,1,21,121.5068868,25.0509095
113,6,19,7,39,2,01大同區,大同區鄭州路與環河北路1段口,0,0,3,2,B03,8,6,5,40,5,1,1,5,4,5,13,2,1,5,4,5,2,17,1,73,3,10,3,4,7,9,1,8,1,4,,44,,1,21,121.5068868,25.0509095
113,6,19,7,39,2,01大同區,大同區鄭州路與環河北路1段口,0,0,3,3,H02,8,6,5,40,5,1,1,5,4,5,13,2,1,5,4,5,2,17,2,43,2,9,5,5,7,20,8,20,10,16,,67,,1,21,121.5068868,25.0509095
113,6,19,7,39,2,01大同區,大同區鄭州路與環河北路1段口,0,0,3,4,H02,8,6,5,40,5,1,1,5,4,5,13,2,1,5,4,5,2,17,1,5,2,9,5,5,7,20,8,20,10,16,,67,,1,21,121.5068868,25.0509095
113,6,19,7,41,2,05中正區,中正區重慶南路2段與重慶南路2段6巷口,0,0,1,1,B03,8,7,5,50,3,1,1,5,4,5,13,3,1,1,4,5,2,17,2,49,3,10,7,1,7,5,1,8,1,2,,71,,1,22,121.5127827,25.0343371
113,6,19,7,41,2,05中正區,中正區重慶南路2段與重慶南路2段6巷口,0,0,1,2,C03,8,7,5,50,3,1,1,5,4,5,13,3,1,1,4,5,2,17,1,28,2,9,5,1,7,9,1,10,1,14,,44,,1,22,121.5127827,25.0343371
113,6,19,7,50,2,02萬華區,萬華區忠孝西路2段與西寧南路口,0,0,2,1,C03,8,6,5,50,4,1,1,5,4,5,13,1,1,3,4,4,2,13,2,52,2,9,5,1,7,9,1,10,1,11,,16,,1,22,121.5073503,25.0486069
113,6,19,7,50,2,02萬華區,萬華區忠孝西路2段與西寧南路口,0,0,2,2,C03,8,6,5,50,4,1,1,5,4,5,13,1,1,3,4,4,2,13,2,42,3,10,5,1,7,12,1,10,1,13,,44,,1,22,121.5073503,25.0486069
113,6,19,7,50,2,02萬華區,萬華區忠孝西路2段與西寧南路口,0,0,2,3,H02,8,6,5,50,4,1,1,5,4,5,13,1,1,3,4,4,2,13,2,75,2,9,5,5,7,20,8,20,10,16,,67,,1,22,121.5073503,25.0486069
113,6,19,8,11,2,05中正區,中正區中山北路1段與北平西路口,0,0,2,1,C03,8,6,5,50,4,1,1,5,4,5,13,1,1,1,4,5,2,12,1,43,2,9,6,1,7,15,1,10,2,13,,100,,1,21,121.5202109,25.0472881
113,6,19,8,11,2,05中正區,中正區中山北路1段與北平西路口,0,0,2,2,C03,8,6,5,50,4,1,1,5,4,5,13,1,1,1,4,5,2,12,1,39,2,9,6,1,7,9,1,10,2,11,,44,,1,21,121.5202109,25.0472881
113,6,19,8,15,2,05中正區,中正區泉州街與泉州街34巷口,0,0,1,1,C03,7,6,5,30,4,1,1,5,4,5,13,4,4,4,4,4,1,15,1,38,2,9,5,1,7,9,1,10,1,11,,72,,1,21,121.5125978,25.02462016
113,6,19,8,15,2,05中正區,中正區泉州街與泉州街34巷口,0,0,1,2,B03,7,6,5,30,4,1,1,5,4,5,13,4,4,4,4,4,1,15,2,47,3,10,7,1,7,9,1,8,1,2,,44,,1,21,121.5125978,25.02462016
113,6,19,8,15,2,05中正區,中正區永福橋(往台北市方向),0,0,1,1,C03,8,6,5,50,8,9,1,5,4,5,13,4,4,5,4,5,1,12,2,32,2,9,5,1,7,7,1,10,1,14,,100,,1,21,121.5286404,25.012108
113,6,19,8,15,2,05中正區,中正區永福橋(往台北市方向),0,0,1,2,C03,8,6,5,50,8,9,1,5,4,5,13,4,4,5,4,5,1,12,2,32,3,10,5,1,7,9,1,10,1,12,,44,,1,21,121.5286404,25.012108
113,6,19,8,20,2,05中正區,中正區汀州路1段與三元街212巷口,0,0,2,1,C03,8,6,5,50,3,2,1,5,4,5,13,1,1,5,5,5,2,17,2,63,2,8,5,1,7,5,1,10,1,12,,8,,1,21,121.5121623,25.0266317
113,6,19,8,20,2,05中正區,中正區汀州路1段與三元街212巷口,0,0,2,2,C03,8,6,5,50,3,2,1,5,4,5,13,1,1,5,5,5,2,17,2,41,2,7,5,1,7,9,1,10,1,11,,44,,1,21,121.5121623,25.0266317
113,6,19,8,20,2,05中正區,中正區汀州路1段與三元街212巷口,0,0,2,3,H02,8,6,5,50,3,2,1,5,4,5,13,1,1,5,5,5,2,17,2,11,4,11,5,5,7,20,8,20,10,17,,67,,1,21,121.5121623,25.0266317
113,6,19,8,30,2,03中山區,中山區錦州街與中原街口口,0,0,2,1,C03,8,7,5,50,4,2,1,5,4,5,13,2,1,5,4,5,2,16,1,26,2,9,6,1,7,5,1,10,9,13,,71,,1,22,121.5288284,25.0603726
113,6,19,8,30,2,03中山區,中山區錦州街與中原街口口,0,0,2,2,C03,8,7,5,50,4,2,1,5,4,5,13,2,1,5,4,5,2,16,1,38,2,9,6,1,7,9,1,10,9,11,,107,,1,22,121.5288284,25.0603726
113,6,19,8,33,2,05中正區,中正區汀州路2段184號,0,0,3,1,C03,8,7,5,30,14,9,1,5,4,5,13,4,4,9,5,5,2,13,1,73,2,8,5,1,7,9,3,18,2,11,,16,,1,22,121.5232466,25.0229188
113,6,19,8,33,2,05中正區,中正區汀州路2段184號,0,0,3,2,C03,8,7,5,30,14,9,1,5,4,5,13,4,4,9,5,5,2,13,1,31,2,7,5,1,7,14,1,10,2,13,,44,,1,22,121.5232466,25.0229188
113,6,19,8,33,2,05中正區,中正區汀州路2段184號,0,0,3,3,C03,8,7,5,30,14,9,1,5,4,5,13,4,4,9,5,5,2,13,1,55,2,9,5,1,7,14,1,9,2,13,,44,,1,22,121.5232466,25.0229188
113,6,19,8,42,2,03中山區,中山區民族東路410巷與龍江路328巷口,0,0,2,1,C03,8,5,5,30,4,1,1,5,4,5,13,4,4,9,4,5,2,11,2,77,2,8,5,1,7,9,3,18,1,11,,44,,1,21,121.538318,25.0651677
113,6,19,8,42,2,03中山區,中山區民族東路410巷與龍江路328巷口,0,0,2,2,C03,8,5,5,30,4,1,1,5,4,5,13,4,4,9,4,5,2,11,2,62,2,9,5,1,7,15,1,10,1,13,,74,,1,21,121.538318,25.0651677
113,6,19,8,50,2,12內湖區,內湖區民權東路6段120巷7弄與民權東路6段120巷口,0,0,1,1,C03,8,6,5,30,4,1,1,5,4,5,13,4,4,10,5,5,2,17,1,32,2,9,6,1,7,9,1,10,1,17,,13,,1,21,121.5872268,25.06762961
113,6,19,8,50,2,12內湖區,內湖區民權東路6段120巷7弄與民權東路6段120巷口,0,0,1,2,B02,8,6,5,30,4,1,1,5,4,5,13,4,4,10,5,5,2,17,2,50,3,10,7,1,7,5,1,4,1,17,,74,,1,21,121.5872268,25.06762961
113,6,19,9,8,2,12內湖區,內湖區潭美街507號,0,0,1,1,B12,8,5,5,40,14,9,1,5,4,5,13,4,4,9,5,5,2,17,2,65,3,10,7,1,7,6,1,8,2,2,,9,,1,21,121.5976581,25.06048872
113,6,19,9,8,2,12內湖區,內湖區潭美街507號,0,0,1,2,C03,8,5,5,40,14,9,1,5,4,5,13,4,4,9,5,5,2,17,1,19,2,9,5,1,7,9,1,10,2,14,,44,,1,21,121.5976581,25.06048872
113,6,19,9,9,2,09北投區,北投區承德路6段與福國路口,0,0,1,1,C03,7,6,5,40,4,1,1,5,4,1,13,1,1,1,4,1,1,16,1,35,2,9,6,1,7,9,1,10,1,11,,44,,1,21,121.5125,25.1013357
113,6,19,9,9,2,09北投區,北投區承德路6段與福國路口,0,0,1,2,B03,7,6,5,40,4,1,1,5,4,1,13,1,1,1,4,1,1,16,2,48,3,10,7,1,7,6,1,8,1,5,,9,,1,21,121.5125,25.1013357
113,6,19,9,10,2,02萬華區,萬華區華江橋機車道下橋處,0,0,2,1,C03,7,7,5,40,8,11,1,5,4,5,13,4,4,10,5,5,2,12,1,56,2,9,5,1,7,9,1,10,1,14,,14,,1,21,121.4905929,25.0353227
113,6,19,9,10,2,02萬華區,萬華區華江橋機車道下橋處,0,0,2,2,C03,7,7,5,40,8,11,1,5,4,5,13,4,4,10,5,5,2,12,2,35,2,9,5,1,7,9,1,10,1,12,,44,,1,21,121.4905929,25.0353227
113,6,19,9,10,2,02萬華區,萬華區華江橋機車道下橋處,0,0,2,3,H03,7,7,5,40,8,11,1,5,4,5,13,4,4,10,5,5,2,12,1,39,3,10,4,5,8,20,8,20,10,16,,67,,1,21,121.4905929,25.0353227
113,6,19,9,10,2,05中正區,中正區中山南路與仁愛路1段口,0,0,1,1,B01,8,6,5,50,4,1,1,5,4,5,13,1,1,10,5,5,1,16,1,53,3,10,7,1,7,6,1,4,2,2,,98,,1,21,121.5178144,25.0394461
113,6,19,9,10,2,05中正區,中正區中山南路與仁愛路1段口,0,0,1,2,C03,8,6,5,50,4,1,1,5,4,5,13,1,1,10,5,5,1,16,1,19,2,9,6,1,7,9,1,10,2,11,,44,,1,22,121.5178144,25.0394461
113,6,19,9,30,2,12內湖區,內湖區潭美街763號,0,0,2,1,B03,8,6,5,50,14,9,1,5,4,5,13,4,4,5,5,5,2,17,1,59,3,10,7,1,7,1,1,8,2,4,,19,,1,21,121.6082969,25.06297373
113,6,19,9,30,2,12內湖區,內湖區潭美街763號,0,0,2,2,C03,8,6,5,50,14,9,1,5,4,5,13,4,4,5,5,5,2,17,1,49,2,9,6,1,7,9,1,10,2,11,,13,,1,21,121.6082969,25.06297373
113,6,19,9,30,2,12內湖區,內湖區潭美街763號,0,0,2,3,C03,8,6,5,50,14,9,1,5,4,5,13,4,4,5,5,5,2,17,1,50,2,7,6,1,7,9,1,10,2,17,,44,,1,21,121.6082969,25.06297373
113,6,19,9,39,2,03中山區,中山區中山北路3段32號,0,0,1,1,B03,8,7,5,50,14,8,1,5,4,5,13,4,4,1,4,1,2,12,1,59,3,10,7,1,7,9,1,4,2,2,,17,,1,21,121.5221604,25.0654002
113,6,19,9,39,2,03中山區,中山區中山北路3段32號,0,0,1,2,C03,8,7,5,50,14,8,1,5,4,5,13,4,4,1,4,1,2,12,2,56,2,9,5,1,7,9,1,10,2,14,,44,,1,21,121.5221604,25.0654002
113,6,19,10,4,2,01大同區,大同區民權西路與民權西路225巷口,0,0,3,1,C03,8,6,5,50,3,1,1,5,4,5,13,2,1,1,4,5,2,16,1,56,2,9,5,1,7,5,1,10,1,14,,71,,1,21,121.5122223,25.0630301
113,6,19,10,4,2,01大同區,大同區民權西路與民權西路225巷口,0,0,3,2,C03,8,6,5,50,3,1,1,5,4,5,13,2,1,1,4,5,2,16,1,66,2,9,5,1,7,9,1,10,1,11,,44,,1,21,121.5122223,25.0630301
113,6,19,10,4,2,01大同區,大同區民權西路與民權西路225巷口,0,0,3,3,H02,8,6,5,50,3,1,1,5,4,5,13,2,1,1,4,5,2,16,2,65,2,9,5,5,7,20,8,20,10,17,,67,,1,21,121.5122223,25.0630301
113,6,19,10,11,2,06松山區,松山區南京東路4段與光復北路口,0,0,1,1,B03,8,6,5,50,4,1,1,5,4,5,13,2,1,1,3,5,2,12,2,35,3,10,7,1,7,15,1,8,1,2,,71,,1,22,121.5577571,25.0514483
113,6,19,10,11,2,06松山區,松山區南京東路4段與光復北路口,0,0,1,2,C03,8,6,5,50,4,1,1,5,4,5,13,2,1,1,3,5,2,12,1,25,2,9,6,1,7,9,1,10,1,14,,44,,1,22,121.5577571,25.0514483
113,6,19,10,41,2,08士林區,士林區永平街與永平街36巷口,0,0,1,1,C03,8,6,5,50,3,1,1,5,4,5,13,4,4,5,5,5,1,16,1,73,2,8,6,1,7,5,1,10,2,12,,8,,1,22,121.5050939,25.09045305
113,6,19,10,41,2,08士林區,士林區永平街與永平街36巷口,0,0,1,2,C03,8,6,5,50,3,1,1,5,4,5,13,4,4,5,5,5,1,16,1,32,3,10,6,1,7,9,1,10,2,11,,44,,1,22,121.5050939,25.09045305
113,6,19,10,51,2,03中山區,中山區民權東路3段70號,0,0,1,1,B01,8,6,5,50,14,9,1,5,4,5,13,4,4,1,4,5,2,12,1,60,3,10,3,4,7,8,1,4,1,2,,100,,1,22,121.5311516,25.06225
113,6,19,10,51,2,03中山區,中山區民權東路3段70號,0,0,1,2,C03,8,6,5,50,14,9,1,5,4,5,13,4,4,1,4,5,2,12,1,30,2,7,5,4,7,9,1,10,1,14,,44,,1,22,121.5311516,25.06225
113,6,19,11,2,2,11南港區,南港區成福路51號,0,0,1,1,B03,8,7,5,50,14,9,1,5,4,5,13,4,4,4,1,5,2,12,1,70,3,10,7,1,7,7,1,8,2,8,,100,,1,21,121.5866609,25.04381831
113,6,19,11,2,2,11南港區,南港區成福路51號,0,0,1,2,C03,8,7,5,50,14,9,1,5,4,5,13,4,4,4,1,5,2,12,1,65,2,9,5,1,7,9,1,10,2,12,,108,,1,21,121.5866609,25.04381831
113,6,19,11,21,2,08士林區,士林區中山北路6段與天母西路口口,0,0,1,1,C03,7,7,5,50,4,1,1,5,4,5,13,2,1,9,4,5,1,17,1,38,2,8,5,1,7,6,1,10,9,12,,44,,1,21,121.5299795,25.11826482
113,6,19,11,21,2,08士林區,士林區中山北路6段與天母西路口口,0,0,1,2,C03,7,7,5,50,4,1,1,5,4,5,13,2,1,9,4,5,1,17,1,21,3,10,5,1,7,9,1,10,9,14,,108,,1,21,121.5299795,25.11826482
113,6,19,11,36,2,12內湖區,內湖區民權東路6段187號前,0,0,2,1,C03,8,7,8,40,14,8,1,5,4,5,13,4,4,1,4,4,2,13,1,40,2,9,6,4,7,9,1,10,2,11,,16,,1,21,121.5971564,25.06778154
113,6,19,11,36,2,12內湖區,內湖區民權東路6段187號前,0,0,2,2,C03,8,7,8,40,14,8,1,5,4,5,13,4,4,1,4,4,2,13,2,36,2,9,6,4,7,12,1,10,2,13,,44,,1,21,121.5971564,25.06778154
113,6,19,11,36,2,12內湖區,內湖區民權東路6段187號前,0,0,2,3,B12,8,7,8,40,14,8,1,5,4,5,13,4,4,1,4,4,2,13,1,64,3,10,2,4,7,13,1,8,9,7,,44,,1,21,121.5971564,25.06778154
113,6,19,11,45,2,05中正區,中正區忠孝西路1段與館前路口,0,0,1,1,B03,8,5,6,50,4,1,1,5,4,5,13,1,1,1,2,5,2,17,1,34,3,10,7,1,7,6,1,8,9,8,,80,,1,21,121.5151289,25.0466724
113,6,19,11,45,2,05中正區,中正區忠孝西路1段與館前路口,0,0,1,2,F01,8,5,6,50,4,1,1,5,4,5,13,1,1,1,2,5,2,17,2,35,2,9,4,1,7,9,8,20,9,12,,89,,1,21,121.5151289,25.0466724
113,6,19,12,0,2,08士林區,士林區中山北路5段與文林路口,0,0,1,1,B03,8,6,5,50,3,2,1,5,4,5,13,2,1,1,4,5,1,13,1,65,3,10,7,1,7,9,1,8,1,1,,108,,1,21,121.5257538,25.0854402
113,6,19,12,0,2,08士林區,士林區中山北路5段與文林路口,0,0,1,2,C03,8,6,5,50,3,2,1,5,4,5,13,2,1,1,4,5,1,13,1,31,2,5,5,1,7,14,1,10,1,13,,44,,1,21,121.5257538,25.0854402
113,6,19,12,8,2,01大同區,大同區重慶北路3段與昌吉街口,0,0,2,1,C03,7,5,5,50,14,9,1,5,4,5,13,2,1,9,4,5,1,16,2,54,2,7,3,4,7,5,1,10,2,14,,80,,1,23,121.5137573,25.065938
113,6,19,12,8,2,01大同區,大同區重慶北路3段與昌吉街口,0,0,2,2,C03,7,5,5,50,14,9,1,5,4,5,13,2,1,9,4,5,1,16,2,29,2,8,3,4,7,9,1,10,2,12,,44,,1,21,121.5137573,25.065938
113,6,19,12,10,2,12內湖區,內湖區瑞光路66巷46號,0,0,2,1,C03,8,6,6,50,14,9,1,5,4,5,13,4,4,10,5,5,2,16,1,50,2,8,6,1,7,1,1,10,1,14,,19,,1,22,121.580585,25.0701079
113,6,19,12,10,2,12內湖區,內湖區瑞光路66巷46號,0,0,2,2,C03,8,6,6,50,14,9,1,5,4,5,13,4,4,10,5,5,2,16,1,23,2,8,6,1,7,9,1,10,1,11,,44,,1,22,121.580585,25.0701079
113,6,19,12,16,2,03中山區,中山區新生北路1段85號,0,0,1,1,C03,7,6,5,50,14,9,1,5,4,5,13,4,4,10,4,5,1,17,2,33,2,9,5,1,7,1,1,10,1,11,,19,,1,21,121.5280133,25.0514565