發生年度,發生月,發生日,發生時-Hours,發生分,處理別-編號,區序,肇事地點,死亡人數,2-30日死亡人數,受傷人數,當事人序號,車種,天候,道路照明設備,道路類別,速限-速度限制,道路型態,事故位置,路面狀況1,路面狀況2,路面狀況3,道路障礙1,道路障礙2,號誌1,號誌2,車道劃分-分向,車道劃分-分道1,車道劃分-分道2,車道劃分-分道3,事故類型及型態,性別,年齡,受傷程度,主要傷處,保護裝置,行動電話,車輛用途,當事者行動狀態,駕駛資格情形,駕駛執照種類,飲酒情形,車輛撞擊部位1,車輛撞擊部位2,肇因碼-個別,肇因碼-主要,個人肇逃否,職業,座標-X,座標-Y
113,6,19,12,16,2,03中山區,中山區新生北路1段85號,0,0,1,2,C03,7,6,5,50,14,9,1,5,4,5,13,4,4,10,4,5,1,17,1,40,3,10,5,1,7,9,1,10,1,12,,16,,1,21,121.5280133,25.0514565
113,6,19,12,18,2,05中正區,中正區中華路1段與忠孝西路1段口,0,0,3,1,C03,8,5,5,50,4,1,1,5,4,5,13,1,1,1,4,1,1,17,2,45,2,8,5,1,7,9,1,10,1,11,,16,,1,21,121.5100957,25.0478669
113,6,19,12,18,2,05中正區,中正區中華路1段與忠孝西路1段口,0,0,3,2,C03,8,5,5,50,4,1,1,5,4,5,13,1,1,1,4,1,1,17,2,32,2,9,5,1,7,14,1,10,1,13,,44,,1,21,121.5100957,25.0478669
113,6,19,12,18,2,05中正區,中正區中華路1段與忠孝西路1段口,0,0,3,3,H02,8,5,5,50,4,1,1,5,4,5,13,1,1,1,4,1,1,17,2,29,2,9,5,5,7,21,8,20,10,16,,67,,1,21,121.5100957,25.0478669
113,6,19,12,23,2,08士林區,士林區中山北路6段169號,0,0,1,1,B03,8,6,8,50,14,9,1,5,4,5,13,4,4,1,4,5,1,17,2,65,3,10,7,1,7,9,1,8,1,5,,44,,1,21,121.5249159,25.1071075
113,6,19,12,23,2,08士林區,士林區中山北路6段169號,0,0,1,2,C03,8,6,8,50,14,9,1,5,4,5,13,4,4,1,4,5,1,17,1,85,2,9,5,1,7,15,1,10,1,12,,44,,1,21,121.5249159,25.1071075
113,6,19,12,40,2,10文山區,文山區興隆路4段29巷4弄與興隆路4段29巷2弄口口,0,0,1,1,C03,7,7,5,30,4,1,1,5,4,5,13,4,4,10,5,5,2,15,2,57,2,9,5,1,7,9,1,10,1,11,,72,,1,22,121.5602852,24.98974443
113,6,19,12,40,2,10文山區,文山區興隆路4段29巷4弄與興隆路4段29巷2弄口口,0,0,1,2,B03,7,7,5,30,4,1,1,5,4,5,13,4,4,10,5,5,2,15,1,44,3,10,7,1,7,9,1,8,1,2,,44,,1,22,121.5602852,24.98974443
113,6,19,13,10,2,07信義區,信義區光復南路457號,0,0,1,1,B03,7,6,5,50,14,9,1,5,4,5,13,4,4,9,4,5,2,17,1,37,3,10,7,1,7,1,1,8,1,8,,19,,1,21,121.5575788,25.0345427
113,6,19,13,10,2,07信義區,信義區光復南路457號,0,0,1,2,F02,7,6,5,50,14,9,1,5,4,5,13,4,4,9,4,5,2,17,2,62,2,9,4,1,7,9,8,20,1,12,,44,,1,21,121.5575788,25.0345427
113,6,19,13,23,2,07信義區,信義區基隆路1段200號,0,0,1,2,C03,8,7,5,50,14,9,1,5,4,5,13,4,4,9,4,5,2,12,2,24,2,8,5,1,7,9,1,10,1,14,,44,,1,21,121.5639397,25.040486
113,6,19,13,23,2,07信義區,信義區基隆路1段200號,0,0,1,1,B01,8,7,5,50,14,9,1,5,4,5,13,4,4,9,4,5,2,12,1,57,3,10,7,1,7,8,1,4,1,2,,100,,1,21,121.5639397,25.040486
113,6,19,14,3,2,02萬華區,萬華區德昌街261巷12號,0,0,2,1,C03,6,5,5,30,14,9,1,4,4,5,13,4,4,10,5,5,2,17,1,48,2,9,6,4,7,1,1,10,1,11,,19,,1,21,121.4923372,25.02255263
113,6,19,14,3,2,02萬華區,萬華區德昌街261巷12號,0,0,2,2,C03,6,5,5,30,14,9,1,4,4,5,13,4,4,10,5,5,2,17,2,70,2,9,6,4,7,9,1,10,1,11,,44,,1,21,121.4923372,25.02255263
113,6,19,14,10,2,09北投區,北投區育仁路與大同街口,0,0,2,1,C03,8,6,5,30,5,1,1,5,4,5,13,3,1,5,4,5,2,15,1,67,2,7,5,1,7,9,1,10,1,11,,84,,1,21,121.4984751,25.13386838
113,6,19,14,10,2,09北投區,北投區育仁路與大同街口,0,0,2,2,C03,8,6,5,30,5,1,1,5,4,5,13,3,1,5,4,5,2,15,2,46,2,9,5,1,7,9,1,10,1,11,,44,,1,21,121.4984751,25.13386838
113,6,19,14,19,2,10文山區,文山區興隆路2段與興隆路2段244巷口,0,0,1,1,H01,6,6,5,50,3,1,1,4,4,5,13,4,4,1,4,5,2,3,2,65,2,9,4,5,8,16,8,20,10,16,,123,,1,21,121.5539169,25.0010449
113,6,19,14,19,2,10文山區,文山區興隆路2段與興隆路2段244巷口,0,0,1,2,C03,6,6,5,50,3,1,1,4,4,5,13,4,4,1,4,5,2,3,1,57,3,10,6,1,7,9,1,10,2,12,,108,,1,21,121.5539169,25.0010449
113,6,19,14,20,2,02萬華區,萬華區漢中街與成都路口,0,0,1,1,B12,7,6,5,50,4,2,1,5,4,5,13,1,1,8,3,5,1,17,1,58,3,10,3,4,7,5,1,8,1,4,,8,,1,21,121.5075156,25.0423769
113,6,19,14,20,2,02萬華區,萬華區漢中街與成都路口,0,0,1,2,C03,7,6,5,50,4,2,1,5,4,5,13,1,1,8,3,5,1,17,1,27,2,9,3,4,7,9,1,10,1,12,,44,,1,21,121.5075156,25.0423769
113,6,19,14,39,2,01大同區,大同區重慶北路3段199號,0,0,3,1,C03,8,6,5,50,14,9,1,5,4,5,13,4,4,3,4,5,2,11,1,72,2,9,6,1,7,9,1,10,1,12,,44,,1,21,121.5138865,25.0695206
113,6,19,14,39,2,01大同區,大同區重慶北路3段199號,0,0,3,2,C03,8,6,5,50,14,9,1,5,4,5,13,4,4,3,4,5,2,11,1,46,2,9,6,1,7,9,1,10,1,14,,17,,1,21,121.5138865,25.0695206
113,6,19,14,39,2,01大同區,大同區重慶北路3段199號,0,0,3,3,H02,8,6,5,50,14,9,1,5,4,5,13,4,4,3,4,5,2,11,2,69,2,9,6,5,7,20,8,20,10,16,,67,,1,21,121.5138865,25.0695206
113,6,19,15,20,2,12內湖區,內湖區成功路2段478號,0,0,1,1,B03,6,6,5,50,3,2,1,4,4,5,13,4,4,5,4,5,2,17,2,68,3,10,7,1,7,1,1,8,1,17,,19,,1,21,121.5897814,25.07299627
113,6,19,15,20,2,12內湖區,內湖區成功路2段478號,0,0,1,2,C03,6,6,5,50,3,2,1,4,4,5,13,4,4,5,4,5,2,17,2,39,2,8,6,1,7,9,1,10,1,17,,44,,1,21,121.5897814,25.07299627
113,6,19,15,39,2,08士林區,士林區德行東路110號,0,0,1,1,C03,8,5,5,50,14,9,1,5,4,5,13,4,4,5,5,5,2,16,2,45,3,10,3,4,7,6,1,10,1,13,,44,,1,22,121.5285371,25.10775312
113,6,19,15,39,2,08士林區,士林區德行東路110號,0,0,1,2,C03,8,5,5,50,14,9,1,5,4,5,13,4,4,5,5,5,2,16,1,27,2,8,3,4,7,9,1,10,1,11,,16,,1,22,121.5285371,25.10775312
113,6,19,15,49,2,02萬華區,萬華區西藏路201號,0,0,1,1,B03,8,6,5,50,14,9,1,5,4,5,13,1,1,1,4,5,2,17,1,43,3,10,7,1,7,11,1,8,1,6,,10,,1,21,121.4987446,25.0293951
113,6,19,15,49,2,02萬華區,萬華區西藏路201號,0,0,1,2,C03,8,6,5,50,14,9,1,5,4,5,13,1,1,1,4,5,2,17,2,30,2,9,5,1,7,9,1,10,1,11,,13,,1,21,121.4987446,25.0293951
113,6,19,16,0,2,05中正區,中正區忠孝東路1段與紹興北街口,0,0,2,1,B01,7,5,5,0,4,2,1,4,4,5,13,1,1,1,5,5,2,17,1,58,3,10,7,1,7,7,1,4,1,3,3,100,,1,21,121.5251201,25.0444562
113,6,19,16,0,2,05中正區,中正區忠孝東路1段與紹興北街口,0,0,2,2,C03,7,5,5,0,4,2,1,4,4,5,13,1,1,1,5,5,2,17,2,39,2,9,6,1,7,9,1,10,1,14,14,33,,1,21,121.5251201,25.0444562
113,6,19,16,0,2,05中正區,中正區忠孝東路1段與紹興北街口,0,0,2,3,B03,7,5,5,0,4,2,1,4,4,5,13,1,1,1,5,5,2,17,2,36,3,10,7,1,7,9,1,8,1,3,3,44,,1,21,121.5251201,25.0444562
113,6,19,16,0,2,05中正區,中正區忠孝東路1段與紹興北街口,0,0,2,4,C03,7,5,5,0,4,2,1,4,4,5,13,1,1,1,5,5,2,17,1,22,2,9,6,1,7,9,1,10,1,14,12,42,,1,21,121.5251201,25.0444562
113,6,19,16,28,2,07信義區,信義區松仁路與松勤街口,0,0,1,1,B03,7,6,5,50,4,1,1,4,4,5,13,2,1,9,4,5,2,17,1,60,3,10,7,1,7,5,1,8,1,2,,71,,1,22,121.5683857,25.0319051
113,6,19,16,28,2,07信義區,信義區松仁路與松勤街口,0,0,1,2,C03,7,6,5,50,4,1,1,4,4,5,13,2,1,9,4,5,2,17,1,24,2,8,6,1,7,9,1,10,1,11,,14,,1,22,121.5683857,25.0319051
113,6,19,16,34,2,04大安區,大安區忠孝東路3段與建國南路1段口口,0,0,1,1,B03,7,6,5,50,4,1,1,4,4,5,13,2,1,1,4,5,2,16,1,71,3,10,3,4,7,6,1,8,1,1,,9,,1,22,121.5373948,25.0415114
113,6,19,16,34,2,04大安區,大安區忠孝東路3段與建國南路1段口口,0,0,1,2,F01,7,6,5,50,4,1,1,4,4,5,13,2,1,1,4,5,2,16,1,16,2,9,3,4,7,11,8,20,1,11,,11,,1,16,121.5373948,25.0415114
113,6,19,16,37,2,02萬華區,萬華區桂林路242巷與桂林路口,0,0,2,1,B03,7,6,5,40,4,1,1,5,4,5,13,2,1,1,4,5,2,17,1,66,3,10,7,1,7,9,1,8,1,5,,81,,1,21,121.4960969,25.03883349
113,6,19,16,37,2,02萬華區,萬華區桂林路242巷與桂林路口,0,0,2,2,C03,7,6,5,40,4,1,1,5,4,5,13,2,1,1,4,5,2,17,1,21,2,9,6,1,7,9,1,10,1,14,,44,,1,21,121.4960969,25.03883349
113,6,19,16,37,2,02萬華區,萬華區桂林路242巷與桂林路口,0,0,2,3,H02,7,6,5,40,4,1,1,5,4,5,13,2,1,1,4,5,2,17,2,20,2,9,6,5,7,20,8,20,10,16,,67,,1,21,121.4960969,25.03883349
113,6,19,17,4,2,08士林區,士林區士東路19號,0,0,2,1,C03,7,5,5,50,14,9,1,5,4,5,13,4,4,5,5,5,2,16,1,25,2,8,3,4,7,1,6,18,1,14,,19,,1,22,121.5183568,25.04847309
113,6,19,17,4,2,08士林區,士林區士東路19號,0,0,2,2,C03,7,5,5,50,14,9,1,5,4,5,13,4,4,5,5,5,2,16,1,69,2,7,3,4,7,9,1,10,1,11,,44,,1,22,121.5183568,25.04847309
113,6,19,17,15,2,04大安區,大安區仁愛路4段與敦化南路1段口,0,0,1,1,C03,8,5,5,50,18,17,1,5,4,5,13,2,1,9,5,5,2,12,1,30,3,10,5,1,7,9,1,10,1,13,,118,,1,21,121.5489751,25.0386075
113,6,19,17,15,2,04大安區,大安區仁愛路4段與敦化南路1段口,0,0,1,2,C03,8,5,5,50,18,17,1,5,4,5,13,2,1,9,5,5,2,12,1,49,2,9,5,1,7,9,1,10,1,11,,118,,1,21,121.5489751,25.0386075
113,6,19,17,20,2,09北投區,北投區承德路6段145號停車格,0,0,3,1,C03,7,6,5,40,14,9,1,5,4,5,13,4,4,1,4,5,2,17,1,20,2,8,6,1,7,9,1,10,2,11,,118,,1,21,121.5116349,25.10922941
113,6,19,17,20,2,09北投區,北投區承德路6段145號停車格,0,0,3,2,G06,7,6,5,40,14,9,1,5,4,5,13,4,4,1,4,5,2,17,2,41,2,8,4,1,7,9,8,20,2,16,,118,,1,21,121.5116349,25.10922941
113,6,19,17,20,2,09北投區,北投區承德路6段145號停車格,0,0,3,3,H02,7,6,5,40,14,9,1,5,4,5,13,4,4,1,4,5,2,17,1,8,2,1,4,5,7,21,8,20,10,16,,67,,1,21,121.5116349,25.10922941
113,6,19,17,30,2,09北投區,北投區學園路與學園路口2號,0,0,2,1,C03,8,6,5,30,3,1,1,5,4,5,13,2,1,5,4,5,2,11,2,20,2,9,5,1,7,9,1,10,1,11,,8,,1,21,121.4674193,25.13288425
113,6,19,17,30,2,09北投區,北投區學園路與學園路口2號,0,0,2,2,C03,8,6,5,30,3,1,1,5,4,5,13,2,1,5,4,5,2,11,1,18,2,9,5,1,7,9,1,10,1,11,,108,,1,21,121.4674193,25.13288425
113,6,19,17,45,2,01大同區,大同區重慶北路2段與涼州街口,0,0,1,1,C03,8,6,5,50,4,2,1,5,4,5,13,2,1,8,3,5,2,17,1,46,2,9,6,1,7,9,1,10,1,17,,42,,1,21,121.5136631,25.06065606
113,6,19,17,45,2,01大同區,大同區重慶北路2段與涼州街口,0,0,1,2,B03,8,6,5,50,4,2,1,5,4,5,13,2,1,8,3,5,2,17,2,36,3,10,7,1,7,6,1,8,11,17,,9,,1,21,121.5136631,25.06065606
113,6,19,18,25,2,09北投區,北投區石牌路2段與天母西路130巷口,0,0,1,1,B03,7,5,5,50,3,1,1,5,4,5,13,4,4,5,4,5,2,17,2,35,3,10,7,1,7,9,1,8,1,8,,73,,1,21,121.522494,25.1194765
113,6,19,18,25,2,09北投區,北投區石牌路2段與天母西路130巷口,0,0,1,2,C03,7,5,5,50,3,1,1,5,4,5,13,4,4,5,4,5,2,17,2,26,2,9,5,1,7,5,1,10,1,14,,13,,1,21,121.522494,25.1194765
113,6,19,19,11,2,02萬華區,萬華區華江橋機車道往板橋方向(編號001052燈桿前),0,0,1,1,C03,8,5,7,40,8,11,1,5,4,5,13,4,4,9,4,3,1,13,2,50,3,10,5,1,7,12,1,10,1,11,13,16,,1,21,121.4865156,25.0357601
113,6,19,19,11,2,02萬華區,萬華區華江橋機車道往板橋方向(編號001052燈桿前),0,0,1,2,C03,8,5,7,40,8,11,1,5,4,5,13,4,4,9,4,3,1,13,1,48,3,10,5,1,7,12,1,10,1,13,,44,,1,21,121.4865156,25.0357601
113,6,19,19,11,2,02萬華區,萬華區華江橋機車道往板橋方向(編號001052燈桿前),0,0,1,3,C03,8,5,7,40,8,11,1,5,4,5,13,4,4,9,4,3,1,13,1,31,3,10,5,1,7,12,1,10,1,11,13,16,,1,21,121.4865156,25.0357601
113,6,19,19,11,2,02萬華區,萬華區華江橋機車道往板橋方向(編號001052燈桿前),0,0,1,4,C03,8,5,7,40,8,11,1,5,4,5,13,4,4,9,4,3,1,13,1,36,2,8,5,1,7,12,1,10,1,11,,16,,1,21,121.4865156,25.0357601
113,6,19,19,13,2,07信義區,信義區永吉路48號,0,0,1,1,C03,6,5,5,50,14,9,1,4,4,5,13,4,4,3,4,5,2,18,1,36,2,9,5,4,7,9,1,10,1,17,,116,,1,21,121.5693209,25.0455953
113,6,19,19,13,2,07信義區,信義區永吉路48號,0,0,1,2,,6,5,5,50,14,9,1,4,4,5,13,4,4,3,4,5,2,18,3,0,,,,,,,,,,,,67,,1,,121.5693209,25.0455953
113,6,19,19,16,2,07信義區,信義區永吉路185-2號,0,0,1,1,B03,7,5,5,40,14,8,1,4,4,5,13,4,4,1,4,4,2,17,1,56,3,10,3,4,7,14,1,4,1,4,,118,,1,21,121.5724592,25.0456852
113,6,19,19,16,2,07信義區,信義區永吉路185-2號,0,0,1,2,C03,7,5,5,40,14,8,1,4,4,5,13,4,4,1,4,4,2,17,1,39,2,9,3,4,7,9,1,10,1,11,,118,,1,21,121.5724592,25.0456852
113,6,19,19,30,2,04大安區,大安區信義路2段198巷與永康街31巷口口,0,0,1,1,C03,6,5,5,30,4,1,1,4,4,5,13,4,4,10,5,5,2,17,2,73,2,7,5,1,7,5,1,10,1,12,,72,,1,22,121.5309151,25.0316766
113,6,19,19,30,2,04大安區,大安區信義路2段198巷與永康街31巷口口,0,0,1,2,B01,6,5,5,30,4,1,1,4,4,5,13,4,4,10,5,5,2,17,1,53,3,10,7,1,7,9,1,4,1,4,,14,,1,22,121.5309151,25.0316766
113,6,19,19,40,2,01大同區,大同區市民大道1段209號,0,0,1,1,B02,7,5,8,40,22,22,1,5,4,5,13,4,4,1,4,5,2,17,1,28,3,10,3,4,7,6,1,8,1,2,,42,,1,21,121.5181312,25.0486366
113,6,19,19,40,2,01大同區,大同區市民大道1段209號,0,0,1,2,C03,7,5,8,40,22,22,1,5,4,5,13,4,4,1,4,5,2,17,1,23,2,9,3,4,7,9,1,10,1,11,,108,,1,21,121.5181312,25.0486366
113,6,19,19,54,2,10文山區,文山區興隆路2段22巷9弄8號,0,0,3,2,H01,6,5,5,30,14,9,4,4,4,5,13,4,4,10,5,5,2,3,2,32,2,9,4,5,8,16,8,20,10,16,,53,,1,21,121.546066,24.9975864
113,6,19,19,54,2,10文山區,文山區興隆路2段22巷9弄8號,0,0,3,3,H02,6,5,5,30,14,9,4,4,4,5,13,4,4,10,5,5,2,3,2,35,3,10,6,5,7,20,8,20,10,16,,67,,1,21,121.546066,24.9975864
113,6,19,19,54,2,10文山區,文山區興隆路2段22巷9弄8號,0,0,3,4,H02,6,5,5,30,14,9,4,4,4,5,13,4,4,10,5,5,2,3,2,8,2,8,6,5,7,20,8,20,10,16,,67,,1,21,121.546066,24.9975864
113,6,19,19,54,2,10文山區,文山區興隆路2段22巷9弄8號,0,0,3,1,C03,6,5,5,30,14,9,4,4,4,5,13,4,4,10,5,5,2,3,1,37,2,9,6,1,7,10,1,10,1,11,,103,,1,21,121.546066,24.9975864
113,6,19,20,18,2,02萬華區,萬華區環河南路2段與廣州街口,0,0,1,1,B02,7,5,5,50,4,1,1,5,4,5,13,1,1,1,3,5,1,15,1,33,3,10,3,4,7,11,1,8,1,5,,10,,1,21,121.4957141,25.0368404
113,6,19,20,18,2,02萬華區,萬華區環河南路2段與廣州街口,0,0,1,2,C03,7,5,5,50,4,1,1,5,4,5,13,1,1,1,3,5,1,15,1,25,2,9,3,4,7,9,1,10,1,11,,44,,1,21,121.4957141,25.0368404
113,6,19,20,19,2,03中山區,中山區明水路581巷19號,0,0,1,1,C04,8,5,5,50,14,9,1,5,4,5,12,4,4,5,4,5,2,12,1,34,2,9,3,4,7,9,1,8,1,14,,17,,1,21,121.5508476,25.0801842
113,6,19,20,19,2,03中山區,中山區明水路581巷19號,0,0,1,2,C03,8,5,5,50,14,9,1,5,4,5,12,4,4,5,4,5,2,12,1,39,3,10,5,4,7,9,1,10,1,12,,44,,1,21,121.5508476,25.0801842
113,6,19,20,30,2,08士林區,士林區天母東路50巷與天母東路8巷31弄口,0,0,1,1,B01,8,5,5,30,3,1,1,5,4,5,13,4,4,5,4,5,1,16,1,55,3,10,3,4,7,5,1,2,1,7,,72,,1,22,121.533576,25.11693607
113,6,19,20,30,2,08士林區,士林區天母東路50巷與天母東路8巷31弄口,0,0,1,2,C03,8,5,5,30,3,1,1,5,4,5,13,4,4,5,4,5,1,16,1,69,3,10,3,4,7,14,1,10,1,11,,44,,1,22,121.533576,25.11693607
113,6,19,20,30,2,08士林區,士林區天母東路50巷與天母東路8巷31弄口,0,0,1,3,H02,8,5,5,30,3,1,1,5,4,5,13,4,4,5,4,5,1,16,2,63,2,1,3,5,7,20,8,20,10,16,,67,,1,22,121.533576,25.11693607
113,6,19,21,0,2,07信義區,信義區信安街117號,0,0,1,1,C03,7,5,5,50,22,9,1,4,4,5,13,4,4,9,5,5,2,17,1,47,2,9,5,1,7,5,1,9,5,11,,21,,1,21,121.556045,25.0247881
113,6,19,21,0,2,07信義區,信義區信安街117號,0,0,1,2,C03,7,5,5,50,22,9,1,4,4,5,13,4,4,9,5,5,2,17,1,60,3,10,3,4,7,13,1,10,9,14,,44,,1,21,121.556045,25.0247881
113,6,19,21,5,2,04大安區,大安區通化街19巷與文昌街250巷口口,0,0,2,1,C03,7,5,5,30,4,1,1,4,4,5,13,4,4,10,5,5,2,15,1,44,2,7,5,1,7,9,1,10,1,12,,72,,1,22,121.5557193,25.0316509
113,6,19,21,5,2,04大安區,大安區通化街19巷與文昌街250巷口口,0,0,2,2,C03,7,5,5,30,4,1,1,4,4,5,13,4,4,10,5,5,2,15,1,49,2,7,5,1,7,9,1,10,1,14,,13,,1,22,121.5557193,25.0316509
113,6,19,21,24,2,03中山區,中山區民生東路3段32-2號,0,0,1,1,C02,7,5,5,50,14,9,1,5,4,5,13,4,4,3,4,5,2,13,1,57,2,9,6,1,7,9,1,9,1,11,,16,,1,22,121.5398748,25.0577214
113,6,19,21,24,2,03中山區,中山區民生東路3段32-2號,0,0,1,2,B03,7,5,5,50,14,9,1,5,4,5,13,4,4,3,4,5,2,13,1,28,3,10,7,1,7,14,1,8,1,3,,44,,1,22,121.5398748,25.0577214
113,6,19,21,24,2,07信義區,信義區市府路與仁愛路4段口,0,0,1,1,B01,7,5,5,50,3,1,1,4,4,5,13,2,1,5,4,5,2,16,1,52,3,10,3,4,7,5,1,4,1,1,,14,,1,21,121.5637054,25.0377328
113,6,19,21,24,2,07信義區,信義區市府路與仁愛路4段口,0,0,1,2,F01,7,5,5,50,3,1,1,4,4,5,13,2,1,5,4,5,2,16,2,63,2,9,4,4,7,9,8,20,1,12,,88,,1,21,121.5637054,25.0377328
113,6,19,21,57,2,07信義區,信義區仁愛路4段與光復南路口口,0,0,2,1,C03,7,5,5,50,4,1,1,5,4,5,13,2,1,1,5,1,2,13,1,20,2,7,6,1,7,9,1,10,1,12,,16,,1,21,121.5576684,25.0378258
113,6,19,21,57,2,07信義區,信義區仁愛路4段與光復南路口口,0,0,2,2,B01,7,5,5,50,4,1,1,5,4,5,13,2,1,1,5,1,2,13,1,52,3,10,7,1,7,6,1,4,1,7,,44,,1,21,121.5576684,25.0378258
113,6,19,21,57,2,07信義區,信義區仁愛路4段與光復南路口口,0,0,2,3,H02,7,5,5,50,4,1,1,5,4,5,13,2,1,1,5,1,2,13,2,20,2,7,6,5,7,20,8,20,10,16,,67,,1,21,121.5576684,25.0378258
113,6,19,21,57,2,07信義區,信義區仁愛路4段與光復南路口口,,,2,1,C03,7,,,40,,,,,,,,,,,,,,,1,20,,,,,,,,,1,,,,,,,121.5574896,25.03784767
113,6,19,21,57,2,07信義區,信義區仁愛路4段與光復南路口口,,,2,2,B01,7,,,40,,,,,,,,,,,,,,,1,52,,,,,,,,,1,,,,,,,121.5574896,25.03784767
113,6,19,22,45,2,01大同區,大同區承德路2段與民權西路口,0,0,2,2,C03,8,5,5,50,4,1,1,5,4,5,13,2,1,8,3,5,2,12,1,20,3,10,6,1,7,9,1,15,1,11,,16,,1,21,121.5181205,25.0628714
113,6,19,22,45,2,01大同區,大同區承德路2段與民權西路口,0,0,2,4,C03,8,5,5,50,4,1,1,5,4,5,13,2,1,8,3,5,2,12,1,39,2,9,6,1,7,9,1,10,1,13,,44,,1,21,121.5181205,25.0628714
113,6,19,22,45,2,01大同區,大同區承德路2段與民權西路口,0,0,2,3,C03,8,5,5,50,4,1,1,5,4,5,13,2,1,8,3,5,2,12,2,20,3,10,6,1,7,9,1,10,1,11,,16,,1,21,121.5181205,25.0628714
113,6,19,22,45,2,01大同區,大同區承德路2段與民權西路口,0,0,2,1,C03,8,5,5,50,4,1,1,5,4,5,13,2,1,8,3,5,2,12,1,46,2,9,6,1,7,9,1,10,1,12,,16,,1,21,121.5181205,25.0628714
113,6,19,22,55,2,10文山區,文山區木柵路1段與和興路口,0,0,1,1,B03,7,5,5,50,4,2,1,5,4,5,13,2,1,5,4,5,2,13,4,0,,,,,,,,,11,,,119,,,,121.5458055,24.9866806
113,6,19,22,55,2,10文山區,文山區木柵路1段與和興路口,0,0,1,2,C02,7,5,5,50,4,2,1,5,4,5,13,2,1,5,4,5,2,13,1,23,2,8,6,1,7,14,1,9,1,13,,108,,1,21,121.5458055,24.9866806
113,6,19,23,8,2,06松山區,松山區敦化北路與敦化北路155巷口,0,0,3,1,B01,7,5,5,50,4,1,1,5,4,5,13,1,1,5,4,4,2,16,1,64,2,1,7,1,7,5,1,4,1,8,,71,,1,21,121.5491973,25.0542908
113,6,19,23,8,2,06松山區,松山區敦化北路與敦化北路155巷口,0,0,3,2,B03,7,5,5,50,4,1,1,5,4,5,13,1,1,5,4,4,2,16,1,17,2,9,7,1,7,9,2,18,1,5,,42,,1,21,121.5491973,25.0542908
113,6,19,23,8,2,06松山區,松山區敦化北路與敦化北路155巷口,0,0,3,3,H02,7,5,5,50,4,1,1,5,4,5,13,1,1,5,4,4,2,16,2,18,2,9,7,5,7,20,8,20,10,16,,67,,1,21,121.5491973,25.0542908
113,6,19,23,8,2,06松山區,松山區敦化北路與敦化北路155巷口,0,0,3,4,H03,7,5,5,50,4,1,1,5,4,5,13,1,1,5,4,4,2,16,1,22,3,10,4,5,8,21,8,20,10,16,,67,,1,21,121.5491973,25.0542908
113,6,19,23,30,2,01大同區,大同區台北橋汽車道往東,0,0,1,1,B03,8,5,5,50,14,9,1,5,4,5,13,4,4,4,4,5,2,13,1,40,3,10,3,4,7,9,1,2,1,1,,108,,1,21,121.5154099,25.0628971
113,6,19,23,30,2,01大同區,大同區台北橋汽車道往東,0,0,1,2,B03,8,5,5,50,14,9,1,5,4,5,13,4,4,4,4,5,2,13,1,41,3,10,3,4,7,14,1,8,1,3,,44,,1,21,121.5154099,25.0628971
113,6,19,23,30,2,01大同區,大同區台北橋汽車道往東,0,0,1,3,B03,8,5,5,50,14,9,1,5,4,5,13,4,4,4,4,5,2,13,1,49,3,10,3,4,7,14,1,8,1,3,,44,,1,21,121.5154099,25.0628971
113,6,19,23,30,2,01大同區,大同區台北橋汽車道往東,0,0,1,4,B01,8,5,5,50,14,9,1,5,4,5,13,4,4,4,4,5,2,13,1,58,3,10,3,4,7,14,1,3,1,3,,44,,1,21,121.5154099,25.0628971
113,6,19,23,30,2,01大同區,大同區台北橋汽車道往東,0,0,1,5,H02,8,5,5,50,14,9,1,5,4,5,13,4,4,4,4,5,2,13,2,42,2,9,4,5,7,20,8,20,10,16,,67,,1,21,121.5154099,25.0628971
113,6,20,0,12,2,08士林區,士林區通河街與通河街2巷口,0,0,1,1,C03,8,5,5,50,4,1,1,5,4,5,13,3,1,5,2,5,2,16,1,42,4,11,6,1,7,9,6,18,9,15,,99,,2,22,121.5236682,25.0799313
113,6,20,0,12,2,08士林區,士林區通河街與通河街2巷口,0,0,1,2,C03,8,5,5,50,4,1,1,5,4,5,13,3,1,5,2,5,2,16,2,30,2,9,6,1,7,5,1,10,1,11,,44,,1,21,121.5236682,25.0799313
113,6,20,2,17,2,01大同區,大同區鄭州路與鄭州路29巷口,0,0,1,1,B02,7,5,5,40,3,2,1,5,4,5,13,1,1,1,4,5,2,13,1,38,3,10,3,4,7,9,1,8,2,1,,108,,1,21,121.5141818,25.0493233
113,6,20,2,17,2,01大同區,大同區鄭州路與鄭州路29巷口,0,0,1,2,C03,7,5,5,40,3,2,1,5,4,5,13,1,1,1,4,5,2,13,1,23,2,9,3,4,7,14,1,10,2,13,,44,,1,21,121.5141818,25.0493233
113,6,20,4,40,2,03中山區,中山區新生北路2段51號前迴轉道,0,0,1,1,B03,8,5,5,50,11,6,1,5,4,5,13,4,4,9,5,5,2,3,1,53,3,10,3,4,7,9,1,8,2,8,,108,,1,21,121.5282073,25.0562777
113,6,20,4,40,2,03中山區,中山區新生北路2段51號前迴轉道,0,0,1,2,H01,8,5,5,50,11,6,1,5,4,5,13,4,4,9,5,5,2,3,2,78,2,9,4,5,8,16,8,20,10,16,,67,,1,21,121.5282073,25.0562777