發生年度,發生月,發生日,發生時-Hours,發生分,處理別-編號,區序,肇事地點,死亡人數,2-30日死亡人數,受傷人數,當事人序號,車種,天候,道路照明設備,道路類別,速限-速度限制,道路型態,事故位置,路面狀況1,路面狀況2,路面狀況3,道路障礙1,道路障礙2,號誌1,號誌2,車道劃分-分向,車道劃分-分道1,車道劃分-分道2,車道劃分-分道3,事故類型及型態,性別,年齡,受傷程度,主要傷處,保護裝置,行動電話,車輛用途,當事者行動狀態,駕駛資格情形,駕駛執照種類,飲酒情形,車輛撞擊部位1,車輛撞擊部位2,肇因碼-個別,肇因碼-主要,個人肇逃否,職業,座標-X,座標-Y
113,6,20,4,54,2,06松山區,松山區塔悠路39號,0,0,1,1,C03,7,5,5,40,14,8,1,5,4,5,13,4,4,1,3,4,2,27,2,30,2,9,6,1,7,9,1,10,1,11,,16,,1,21,121.5713476,25.05074016
113,6,20,4,54,2,06松山區,松山區塔悠路39號,0,0,1,2,,7,5,5,40,14,8,1,5,4,5,13,4,4,1,3,4,2,27,3,,,,,,,,,,,,,66,,1,,121.5713476,25.05074016
113,6,20,5,58,2,06松山區,松山區南京東路3段與南京東路3段303巷口,0,0,2,1,B03,7,6,5,50,4,2,1,5,4,5,13,1,1,1,3,4,2,13,2,59,2,9,7,1,7,9,1,8,1,1,,108,,1,21,121.5468893,25.0518748
113,6,20,5,58,2,06松山區,松山區南京東路3段與南京東路3段303巷口,0,0,2,2,B01,7,6,5,50,4,2,1,5,4,5,13,1,1,1,3,4,2,13,1,39,2,9,7,1,7,14,1,4,1,3,,44,,1,21,121.5468893,25.0518748
113,6,20,6,50,2,09北投區,北投區承德路6段與福國路口,0,0,1,1,B03,8,5,5,60,4,1,1,5,4,5,13,1,1,3,4,2,2,17,1,68,3,10,3,4,7,6,1,8,2,5,,9,,1,21,121.5125756,25.1014415
113,6,20,6,50,2,09北投區,北投區承德路6段與福國路口,0,0,1,2,F01,8,5,5,60,4,1,1,5,4,5,13,1,1,3,4,2,2,17,2,73,2,1,4,4,7,9,8,20,2,14,,42,,1,21,121.5125756,25.1014415
113,6,20,6,58,2,04大安區,大安區信義路2段與麗水街口,0,0,1,1,B01,8,6,5,50,3,1,1,5,4,5,13,4,4,8,3,5,2,12,1,61,3,10,3,4,7,15,1,8,1,2,,9,,1,21,121.5291765,25.033724
113,6,20,6,58,2,04大安區,大安區信義路2段與麗水街口,0,0,1,2,C03,8,6,5,50,3,1,1,5,4,5,13,4,4,8,3,5,2,12,2,30,2,9,3,4,7,9,1,10,1,14,,107,,1,21,121.5291765,25.033724
113,6,20,7,22,2,01大同區,大同區承德路3段與承德路3段122巷口,0,0,1,1,B01,8,6,5,50,14,9,1,5,4,5,13,4,4,8,3,5,1,16,1,65,3,10,3,4,7,8,1,8,1,2,,100,,1,21,121.518241,25.0673425
113,6,20,7,22,2,01大同區,大同區承德路3段與承德路3段122巷口,0,0,1,2,C03,8,6,5,50,14,9,1,5,4,5,13,4,4,8,3,5,1,16,1,31,2,9,3,4,7,9,1,10,1,11,,44,,1,21,121.518241,25.0673425
113,6,20,7,24,2,09北投區,北投區大業路與承德路7段口北往南方向,0,0,1,1,F01,8,5,6,50,4,2,1,5,4,5,13,1,1,9,4,5,1,18,1,57,2,8,4,1,7,5,8,20,9,14,,14,,1,21,121.4997707,25.1208378
113,6,20,7,24,2,09北投區,北投區大業路與承德路7段口北往南方向,0,0,1,2,,8,5,6,50,4,2,1,5,4,5,13,1,1,9,4,5,1,18,3,0,,,,,,,,,,,,67,,1,,121.4997707,25.1208378
113,6,20,7,24,2,09北投區,北投區大業路與承德路7段口北往南方向,0,0,1,3,C03,8,5,6,50,4,2,1,5,4,5,13,1,1,9,4,5,1,18,1,52,3,10,6,1,7,5,1,10,9,17,,44,,1,21,121.4997707,25.1208378
113,6,20,7,37,2,03中山區,中山區松江路與松江路140巷口,0,0,1,1,C03,8,7,5,50,3,2,1,5,4,5,13,4,4,1,4,5,2,13,2,40,2,9,5,1,7,9,1,10,2,11,,16,,1,21,121.5330211,25.05349766
113,6,20,7,37,2,03中山區,中山區松江路與松江路140巷口,0,0,1,2,C03,8,7,5,50,3,2,1,5,4,5,13,4,4,1,4,5,2,13,1,34,3,10,5,1,7,6,1,10,2,13,,44,,1,21,121.5330211,25.05349766
113,6,20,8,0,2,03中山區,中山區長春路258巷與長春路258巷2弄口,0,0,1,1,B02,8,5,8,50,4,1,1,5,4,5,13,4,4,9,5,5,2,16,1,38,3,10,7,1,7,7,1,15,1,8,,100,,1,21,121.5390651,25.0542514
113,6,20,8,0,2,03中山區,中山區長春路258巷與長春路258巷2弄口,0,0,1,2,C03,8,5,8,50,4,1,1,5,4,5,13,4,4,9,5,5,2,16,2,50,2,9,6,1,7,9,1,10,1,12,,44,,1,21,121.5390651,25.0542514
113,6,20,8,3,2,01大同區,大同區延平北路2段與涼州街口,0,0,1,1,B12,8,6,5,50,4,1,1,5,4,5,13,1,1,5,4,5,2,17,1,53,3,10,7,1,7,5,1,8,2,1,,71,,1,21,121.511368,25.0606557
113,6,20,8,3,2,01大同區,大同區延平北路2段與涼州街口,0,0,1,2,C03,8,6,5,50,4,1,1,5,4,5,13,1,1,5,4,5,2,17,1,20,2,9,6,1,7,9,1,10,2,11,,44,,1,21,121.511368,25.0606557
113,6,20,8,3,2,03中山區,中山區林森北路與新生北路2段76巷口,0,0,2,1,C03,8,7,5,50,4,2,1,5,4,5,13,4,4,9,5,5,2,13,1,47,2,9,5,1,7,9,1,9,1,11,,108,,1,22,121.5255189,25.0574163
113,6,20,8,3,2,03中山區,中山區林森北路與新生北路2段76巷口,0,0,2,2,C03,8,7,5,50,4,2,1,5,4,5,13,4,4,9,5,5,2,13,2,41,2,9,5,1,7,14,1,10,1,13,,44,,1,22,121.5255189,25.0574163
113,6,20,8,20,2,08士林區,士林區至誠路1段88號,0,0,1,1,C03,8,6,5,50,14,9,1,5,4,5,13,4,4,5,5,5,2,17,1,27,3,10,6,1,7,15,1,10,2,14,,100,,1,22,121.5353507,25.1015059
113,6,20,8,20,2,08士林區,士林區至誠路1段88號,0,0,1,2,C03,8,6,5,50,14,9,1,5,4,5,13,4,4,5,5,5,2,17,1,26,2,7,6,1,7,9,1,10,2,12,,44,,1,22,121.5353507,25.1015059
113,6,20,8,25,2,10文山區,文山區羅斯福路6段與羅斯福路6段142巷口,0,0,1,1,C03,8,6,5,50,4,2,1,5,4,5,13,2,1,1,4,5,2,12,2,47,2,9,6,1,7,7,1,10,2,14,,100,,1,21,121.5410811,24.9962666
113,6,20,8,25,2,10文山區,文山區羅斯福路6段與羅斯福路6段142巷口,0,0,1,2,B02,8,6,5,50,4,2,1,5,4,5,13,2,1,1,4,5,2,12,1,54,3,10,7,1,7,9,1,8,2,2,,44,,1,21,121.5410811,24.9962666
113,6,20,8,30,2,03中山區,中山區濱江街3號,0,0,1,1,C03,8,7,5,50,14,9,1,5,4,5,13,4,4,10,4,5,2,13,2,26,2,8,5,1,7,5,1,10,1,13,,8,,1,21,121.5298472,25.07121385
113,6,20,8,30,2,03中山區,中山區濱江街3號,0,0,1,2,B03,8,7,5,50,14,9,1,5,4,5,13,4,4,10,4,5,2,13,1,33,3,10,2,1,7,9,1,8,1,1,,108,,1,21,121.5298472,25.07121385
113,6,20,8,38,2,03中山區,中山區南京東路2段與伊通街口,0,0,1,1,B03,8,7,5,50,14,9,1,5,4,5,13,4,4,5,5,5,2,17,1,56,3,10,7,1,7,15,1,8,1,2,,108,,1,22,121.5347343,25.0523711
113,6,20,8,38,2,03中山區,中山區南京東路2段與伊通街口,0,0,1,2,C03,8,7,5,50,14,9,1,5,4,5,13,4,4,5,5,5,2,17,1,48,2,9,5,1,7,14,1,10,1,11,,44,,1,22,121.5347343,25.0523711
113,6,20,8,45,2,11南港區,南港區南港路1段與經貿一路口,0,0,1,1,C03,8,7,5,50,11,9,1,5,4,5,13,4,4,1,4,5,1,12,2,31,3,10,6,4,7,9,1,9,2,12,,17,,1,22,121.6190258,25.054698
113,6,20,8,45,2,11南港區,南港區南港路1段與經貿一路口,0,0,1,2,C03,8,7,5,50,11,9,1,5,4,5,13,4,4,1,4,5,1,12,1,74,2,9,5,4,7,9,1,10,9,14,,17,,1,22,121.6190258,25.054698
113,6,20,9,7,2,07信義區,信義區永吉路443巷與松山路149巷口,0,0,2,1,C03,8,6,5,30,4,1,1,5,4,5,13,4,4,10,5,5,2,15,2,31,2,9,6,1,7,9,1,10,2,11,,75,,1,22,121.5783472,25.0466521
113,6,20,9,7,2,07信義區,信義區永吉路443巷與松山路149巷口,0,0,2,2,C03,8,6,5,30,4,1,1,5,4,5,13,4,4,10,5,5,2,15,2,49,2,9,6,1,7,9,1,10,2,11,,14,,1,22,121.5783472,25.0466521
113,6,20,9,35,2,12內湖區,內湖區康寧路3段189巷21弄與康寧路3段165巷口,0,0,2,1,C03,8,5,5,30,4,2,1,5,4,5,13,4,4,10,5,5,2,16,1,68,2,9,6,1,7,1,1,10,1,11,,19,,1,21,121.6122124,25.07133045
113,6,20,9,35,2,12內湖區,內湖區康寧路3段189巷21弄與康寧路3段165巷口,0,0,2,2,B03,8,5,5,30,4,2,1,5,4,5,13,4,4,10,5,5,2,16,2,25,3,10,7,1,7,9,1,8,1,7,,80,,1,21,121.6122124,25.07133045
113,6,20,9,35,2,12內湖區,內湖區康寧路3段189巷21弄與康寧路3段165巷口,0,0,2,3,H02,8,5,5,30,4,2,1,5,4,5,13,4,4,10,5,5,2,16,2,61,2,9,6,5,7,20,8,20,10,16,,67,,1,21,121.6122124,25.07133045
113,6,20,9,40,2,01大同區,大同區延平北路4段與酒泉街口,0,0,1,1,C03,8,6,5,50,4,2,1,5,4,5,13,1,1,5,4,5,2,17,1,19,2,9,6,1,7,9,1,10,2,13,,42,,1,21,121.5111863,25.0723181
113,6,20,9,40,2,01大同區,大同區延平北路4段與酒泉街口,0,0,1,2,B03,8,6,5,50,4,2,1,5,4,5,13,1,1,5,4,5,2,17,1,43,3,10,7,1,7,14,1,8,2,7,,38,,1,21,121.5111863,25.0723181
113,6,20,9,45,2,04大安區,大安區和平東路3段與和平東路3段67巷口旁,0,0,1,1,C04,8,6,5,50,3,2,1,5,4,5,13,4,4,9,4,5,1,12,2,23,2,7,5,1,7,7,1,8,1,14,,100,,1,21,121.549711,25.02460501
113,6,20,9,45,2,04大安區,大安區和平東路3段與和平東路3段67巷口旁,0,0,1,2,B01,8,6,5,50,3,2,1,5,4,5,13,4,4,9,4,5,1,12,1,50,3,10,3,4,7,9,1,4,1,4,,44,,1,21,121.549711,25.02460501
113,6,20,9,51,2,12內湖區,內湖區潭美街與成功路2段口,0,0,1,1,C03,8,5,5,40,3,2,1,5,4,5,13,1,1,5,5,5,2,17,1,22,2,9,5,1,7,9,1,10,2,14,,16,,1,21,121.5916999,25.060117
113,6,20,9,51,2,12內湖區,內湖區潭美街與成功路2段口,0,0,1,2,B03,8,5,5,40,3,2,1,5,4,5,13,1,1,5,5,5,2,17,1,49,3,10,7,1,7,6,1,8,2,5,,9,,1,21,121.5916999,25.060117
113,6,20,9,52,2,11南港區,南港區南港路1段與經貿一路口,0,0,1,1,C03,8,7,5,50,3,1,1,5,4,5,13,2,1,1,3,5,2,12,2,48,2,9,5,1,7,9,1,10,1,11,,17,,1,22,121.6182967,25.0549583
113,6,20,9,52,2,11南港區,南港區南港路1段與經貿一路口,0,0,1,2,C03,8,7,5,50,3,1,1,5,4,5,13,2,1,1,3,5,2,12,1,28,3,10,6,1,7,9,1,10,1,11,,44,,1,22,121.6182967,25.0549583
113,6,20,10,36,2,03中山區,中山區松江路23號,0,0,1,1,B03,8,6,5,50,14,9,1,5,4,5,13,2,1,1,5,5,1,13,2,40,3,10,3,4,7,9,1,8,1,1,,16,,1,21,121.5330033,25.0468775
113,6,20,10,36,2,03中山區,中山區松江路23號,0,0,1,2,C02,8,6,5,50,14,9,1,5,4,5,13,2,1,1,5,5,1,13,1,52,2,8,3,4,7,14,1,9,1,13,,44,,1,21,121.5330033,25.0468775
113,6,20,11,4,2,06松山區,松山區敦化北路與民權東路4段口,0,0,1,1,F01,8,5,5,50,4,1,1,5,4,5,13,2,1,1,3,4,2,16,2,41,2,9,3,1,7,9,8,20,2,14,,42,,1,22,121.5512063,25.0614517
113,6,20,11,4,2,06松山區,松山區敦化北路與民權東路4段口,0,0,1,2,B03,8,5,5,50,4,1,1,5,4,5,13,2,1,1,3,4,2,16,1,69,3,10,3,4,7,6,1,8,2,1,,9,,1,22,121.5512063,25.0614517
113,6,20,11,45,2,03中山區,中山區林森北路與雙城街13巷口,0,0,1,1,B01,8,7,5,50,3,1,1,5,4,5,13,1,1,5,5,5,2,16,1,52,3,10,7,1,7,11,1,4,1,4,,98,,1,22,121.525669,25.0640036
113,6,20,11,45,2,03中山區,中山區林森北路與雙城街13巷口,0,0,1,2,C03,8,7,5,50,3,1,1,5,4,5,13,1,1,5,5,5,2,16,1,26,2,9,5,1,7,9,1,10,1,12,,44,,1,22,121.525669,25.0640036
113,6,20,11,50,2,05中正區,中正區公園路與貴陽街1段口,0,0,2,1,C03,8,5,5,50,4,2,1,5,4,5,13,1,1,5,5,5,2,17,1,82,2,9,5,1,7,5,1,10,1,14,14,8,,1,21,121.5152032,25.03862432
113,6,20,11,50,2,05中正區,中正區公園路與貴陽街1段口,0,0,2,2,C04,8,5,5,50,4,2,1,5,4,5,13,1,1,5,5,5,2,17,2,32,2,9,6,1,7,9,1,10,1,14,14,17,,1,21,121.5152032,25.03862432
113,6,20,11,50,2,07信義區,信義區忠孝東路4段553巷與忠孝東路4段553巷6弄口,0,0,2,1,C03,8,7,5,30,3,1,1,5,4,5,13,4,4,9,4,5,2,15,2,42,3,10,6,1,7,9,1,10,1,11,,72,,1,21,121.5627744,25.0422743
113,6,20,11,50,2,07信義區,信義區忠孝東路4段553巷與忠孝東路4段553巷6弄口,0,0,2,2,C03,8,7,5,30,3,1,1,5,4,5,13,4,4,9,4,5,2,15,2,39,2,9,6,1,7,9,1,10,1,12,,14,,1,21,121.5627744,25.0422743
113,6,20,11,50,2,07信義區,信義區忠孝東路4段553巷與忠孝東路4段553巷6弄口,0,0,2,3,H02,8,7,5,30,3,1,1,5,4,5,13,4,4,9,4,5,2,15,2,5,2,7,6,5,7,20,8,20,10,16,,67,,1,21,121.5627744,25.0422743
113,6,20,12,8,2,03中山區,中山區濱江街3號,0,0,1,1,H01,8,6,5,50,14,7,1,5,4,5,13,4,4,8,3,4,1,9,1,55,2,9,4,5,8,16,8,20,10,16,,121,,1,21,121.5290693,25.0710598
113,6,20,12,8,2,03中山區,中山區濱江街3號,0,0,1,2,B12,8,6,5,50,14,7,1,5,4,5,13,4,4,8,3,4,1,9,1,42,3,10,7,1,7,9,1,10,1,5,,44,,1,21,121.5290693,25.0710598
113,6,20,12,10,2,03中山區,中山區龍江路與龍江路65巷口,0,0,1,1,B03,8,6,6,50,3,2,1,5,4,5,13,2,1,5,5,5,2,13,2,38,3,10,3,4,7,5,1,8,1,1,,108,,1,22,121.5404646,25.0505849
113,6,20,12,10,2,03中山區,中山區龍江路與龍江路65巷口,0,0,1,2,C03,8,6,6,50,3,2,1,5,4,5,13,2,1,5,5,5,2,13,1,26,2,9,5,4,7,9,1,10,1,13,,44,,1,22,121.5404646,25.0505849
113,6,20,12,23,2,03中山區,中山區林森北路67巷與長安東路1段30巷口,0,0,2,1,B03,8,7,5,30,4,1,1,5,4,5,13,4,4,10,5,5,2,15,1,54,3,10,7,1,7,9,1,8,2,1,,72,,1,22,121.5262191,25.0482719
113,6,20,12,23,2,03中山區,中山區林森北路67巷與長安東路1段30巷口,0,0,2,2,C04,8,7,5,30,4,1,1,5,4,5,13,4,4,10,5,5,2,15,1,27,2,9,5,1,7,9,3,18,2,14,,108,,1,22,121.5262191,25.0482719
113,6,20,12,23,2,03中山區,中山區林森北路67巷與長安東路1段30巷口,0,0,2,3,H02,8,7,5,30,4,1,1,5,4,5,13,4,4,10,5,5,2,15,2,43,2,9,5,5,7,17,8,20,10,16,,67,,1,22,121.5262191,25.0482719
113,6,20,12,28,2,05中正區,中正區北平東路30號北側附近,0,0,1,1,B03,8,5,5,50,14,8,1,5,4,5,13,4,4,10,4,4,1,17,1,54,3,10,7,1,7,6,1,8,2,2,,101,,1,22,121.525981,25.0458874
113,6,20,12,28,2,05中正區,中正區北平東路30號北側附近,0,0,1,2,C03,8,5,5,50,14,8,1,5,4,5,13,4,4,10,4,4,1,17,2,32,2,9,6,1,7,9,1,10,2,14,,44,,1,22,121.525981,25.0458874
113,6,20,13,13,2,08士林區,士林區芝玉路2段與德行東路口,0,0,1,1,C03,8,6,8,30,5,2,1,5,4,5,13,3,1,9,5,5,1,15,1,50,2,7,5,1,7,9,6,10,1,14,,72,,1,21,121.5340281,25.10973813
113,6,20,13,13,2,08士林區,士林區芝玉路2段與德行東路口,0,0,1,2,B01,8,6,8,30,5,2,1,5,4,5,13,3,1,9,5,5,1,15,1,64,3,10,7,1,7,9,1,4,1,5,,44,,1,21,121.5340281,25.10973813
113,6,20,13,50,2,03中山區,中山區龍江路與龍江路345巷口,0,0,2,1,C03,8,6,5,40,3,1,1,5,4,5,13,4,4,5,5,5,2,15,1,29,2,9,5,4,7,9,1,10,1,11,,14,,1,22,121.5408886,25.0634381
113,6,20,13,50,2,03中山區,中山區龍江路與龍江路345巷口,0,0,2,2,F01,8,6,5,40,3,1,1,5,4,5,13,4,4,5,5,5,2,15,1,12,2,9,4,4,7,9,8,20,1,14,,42,,1,22,121.5408886,25.0634381
113,6,20,14,0,2,04大安區,大安區潮州街98巷與潮州街口,0,0,2,1,C03,8,7,5,50,3,1,1,5,4,5,13,4,4,9,4,5,2,17,2,30,2,9,6,1,7,5,1,10,1,14,,8,,1,21,121.5253318,25.029053
113,6,20,14,0,2,04大安區,大安區潮州街98巷與潮州街口,0,0,2,2,C04,8,7,5,50,3,1,1,5,4,5,13,4,4,9,4,5,2,17,2,37,2,8,6,1,7,9,1,10,1,12,,44,,1,21,121.5253318,25.029053
113,6,20,14,10,2,12內湖區,內湖區大湖街144號附近側附近,0,0,1,1,C03,8,6,5,30,11,9,1,5,4,5,13,4,4,10,5,5,1,17,1,18,2,9,5,1,7,6,1,10,2,14,,42,,1,21,121.6051884,25.0953306
113,6,20,14,10,2,12內湖區,內湖區大湖街144號附近側附近,0,0,1,2,B11,8,6,5,30,11,9,1,5,4,5,13,4,4,10,5,5,1,17,1,46,3,10,7,1,7,5,1,4,2,4,,42,,1,21,121.6051884,25.0953306
113,6,20,14,20,2,12內湖區,內湖區民權東路6段東向西0305919燈桿,0,0,1,1,C03,8,6,5,50,14,9,1,5,4,5,13,4,4,1,4,5,2,13,2,55,2,9,6,4,7,7,1,10,1,11,,16,,1,22,121.5793989,25.0669905
113,6,20,14,20,2,12內湖區,內湖區民權東路6段東向西0305919燈桿,0,0,1,2,B03,8,6,5,50,14,9,1,5,4,5,13,4,4,1,4,5,2,13,2,70,3,10,3,4,7,12,1,8,1,3,,44,,1,22,121.5793989,25.0669905
113,6,20,14,20,2,12內湖區,內湖區民權東路6段東向西0305919燈桿,0,0,1,3,B03,8,6,5,50,14,9,1,5,4,5,13,4,4,1,4,5,2,13,1,39,3,10,3,4,7,12,1,8,1,17,,44,,1,22,121.5793989,25.0669905
113,6,20,14,20,2,12內湖區,內湖區民權東路6段東向西0305919燈桿,0,0,1,4,A02,8,6,5,50,14,9,1,5,4,5,13,4,4,1,4,5,2,13,1,46,3,10,3,4,7,9,1,2,9,17,,48,,1,26,121.5793989,25.0669905
113,6,20,14,34,2,04大安區,大安區市民大道4段與敦化南路1段口,0,0,1,1,B03,8,6,5,40,4,1,1,5,4,5,13,2,1,1,4,5,2,16,2,37,3,10,3,4,7,6,1,8,1,2,,9,,1,21,121.548592,25.0447532
113,6,20,14,34,2,04大安區,大安區市民大道4段與敦化南路1段口,0,0,1,2,C03,8,6,5,40,4,1,1,5,4,5,13,2,1,1,4,5,2,16,1,38,2,9,6,1,7,9,1,10,1,14,,44,,1,21,121.548592,25.0447532
113,6,20,14,38,2,03中山區,中山區長春路88號與長春路口對面,0,0,2,1,C03,7,5,5,50,14,9,1,5,4,5,13,4,4,9,5,4,2,16,2,60,2,7,6,1,7,11,1,10,1,11,,8,,1,22,121.5269215,25.05495183
113,6,20,14,38,2,03中山區,中山區長春路88號與長春路口對面,0,0,2,2,C03,7,5,5,50,14,9,1,5,4,5,13,4,4,9,5,4,2,16,1,41,2,9,6,1,7,9,1,10,1,14,,44,,1,21,121.5269215,25.05495183
113,6,20,15,0,2,04大安區,大安區敦化南路1段169巷口側附近,0,0,2,1,F07,7,6,5,50,14,20,4,5,4,5,13,4,4,4,4,5,2,9,1,43,2,9,4,4,7,8,8,20,9,12,,42,,1,21,121.5492295,25.0435512
113,6,20,15,0,2,04大安區,大安區敦化南路1段169巷口側附近,0,0,2,2,F01,7,6,5,50,14,20,4,5,4,5,13,4,4,4,4,5,2,9,1,44,2,9,4,4,7,9,8,20,9,14,,44,,1,21,121.5492295,25.0435512
113,6,20,15,29,2,05中正區,中正區青島西路兒童醫院旁,0,0,1,1,B01,7,7,5,50,14,9,1,5,4,5,13,4,4,9,4,5,2,17,1,69,3,10,7,1,7,14,1,4,2,2,,44,,1,21,121.5186326,25.04469077
113,6,20,15,29,2,05中正區,中正區青島西路兒童醫院旁,0,0,1,2,C03,7,7,5,50,14,9,1,5,4,5,13,4,4,9,4,5,2,17,1,48,2,7,5,1,7,9,1,10,2,14,,44,,1,21,121.5186326,25.04469077
113,6,20,15,29,2,05中正區,中正區青島西路兒童醫院旁,0,0,1,3,H02,7,7,5,50,14,9,1,5,4,5,13,4,4,9,4,5,2,17,2,73,3,10,7,5,7,20,8,20,10,16,,126,,2,21,121.5186326,25.04469077
113,6,20,15,29,2,05中正區,中正區青島西路兒童醫院旁,0,0,1,4,C03,7,7,5,50,14,9,1,5,4,5,13,4,4,9,4,5,2,17,2,45,3,10,3,4,7,13,1,10,9,12,,44,,1,21,121.5186326,25.04469077
113,6,20,15,29,2,05中正區,中正區青島西路兒童醫院旁,0,0,1,5,C03,7,7,5,50,14,9,1,5,4,5,13,4,4,9,4,5,2,17,1,21,3,10,3,4,7,13,1,10,9,12,,44,,1,21,121.5186326,25.04469077
113,6,20,15,33,2,03中山區,中山區吉林路49號,0,0,1,1,B01,7,7,5,40,14,7,1,5,4,5,13,4,4,8,3,4,1,17,1,47,3,10,7,1,7,1,1,4,1,4,,19,,1,21,121.5301457,25.0531987
113,6,20,15,33,2,03中山區,中山區吉林路49號,0,0,1,2,C03,7,7,5,40,14,7,1,5,4,5,13,4,4,8,3,4,1,17,1,36,2,7,6,1,7,9,1,10,1,11,,44,,1,21,121.5301457,25.0531987
113,6,20,16,20,2,07信義區,(松仁路161號前),0,0,1,1,B03,7,5,5,50,14,9,1,5,4,5,13,1,1,9,4,5,2,17,1,42,3,10,7,1,7,5,1,8,1,2,,8,,1,22,121.5683895,25.0285114
113,6,20,16,20,2,07信義區,(松仁路161號前),0,0,1,2,C03,7,5,5,50,14,9,1,5,4,5,13,1,1,9,4,5,2,17,1,24,2,9,6,1,7,9,1,10,1,11,,44,,1,22,121.5683895,25.0285114
113,6,20,16,57,2,01大同區,大同區延平北路4段231號,0,0,2,1,C03,7,6,5,50,14,9,1,5,4,5,13,4,4,5,2,5,2,9,2,66,2,9,6,1,7,9,3,18,2,11,,16,,1,21,121.5118703,25.0754954
113,6,20,16,57,2,01大同區,大同區延平北路4段231號,0,0,2,2,H01,7,6,5,50,14,9,1,5,4,5,13,4,4,5,2,5,2,9,2,87,2,9,4,5,8,20,8,20,10,16,,60,,1,21,121.5118703,25.0754954
113,6,20,17,9,2,04大安區,大安區羅斯福路3段與新生南路3段口,0,0,1,1,B03,8,5,5,50,3,1,1,5,4,5,13,1,1,1,4,5,2,16,1,61,3,10,7,1,7,5,1,8,1,1,,10,,1,21,121.532605,25.0165671
113,6,20,17,9,2,04大安區,大安區羅斯福路3段與新生南路3段口,0,0,1,2,C03,8,5,5,50,3,1,1,5,4,5,13,1,1,1,4,5,2,16,2,18,2,9,6,1,7,6,1,10,1,11,,9,,1,21,121.532605,25.0165671
113,6,20,17,9,2,11南港區,南港區向陽路258巷與松河街口,0,0,2,1,C03,8,7,5,40,4,1,1,5,4,5,12,2,1,5,5,5,1,16,1,41,2,7,6,4,7,7,1,9,1,11,,100,,1,21,121.5973108,25.0584654
113,6,20,17,9,2,11南港區,南港區向陽路258巷與松河街口,0,0,2,2,C03,8,7,5,40,4,1,1,5,4,5,12,2,1,5,5,5,1,16,1,62,2,9,6,4,7,9,1,10,1,11,,44,,1,21,121.5973108,25.0584654
113,6,20,17,40,2,02萬華區,萬華區環河南路1段與峨眉街口,0,0,1,1,C03,8,5,5,30,3,2,1,5,4,5,13,4,4,9,4,5,2,17,1,32,3,10,5,1,7,6,1,8,1,17,,74,,1,21,121.5012524,25.04467406
113,6,20,17,40,2,02萬華區,萬華區環河南路1段與峨眉街口,0,0,1,2,C03,8,5,5,30,3,2,1,5,4,5,13,4,4,9,4,5,2,17,1,71,2,9,5,1,7,9,1,10,1,17,,44,,1,21,121.5012524,25.04467406
113,6,20,17,40,2,12內湖區,內湖區內湖路2段與成功路3段174巷口,0,0,1,1,C03,8,7,5,50,4,1,1,5,4,5,13,2,1,5,5,5,2,17,2,33,3,10,5,1,7,5,1,10,9,17,,8,,1,21,121.5903057,25.08198347
113,6,20,17,40,2,12內湖區,內湖區內湖路2段與成功路3段174巷口,0,0,1,2,C03,8,7,5,50,4,1,1,5,4,5,13,2,1,5,5,5,2,17,1,43,2,9,5,1,7,9,1,10,1,14,,44,,1,21,121.5903057,25.08198347
113,6,20,17,56,2,05中正區,中正區中華路2段與西藏路口,0,0,1,1,C03,8,7,5,30,4,1,1,5,4,1,13,1,1,2,2,5,2,16,1,74,2,8,6,1,7,5,1,10,1,14,,96,,1,22,121.5042053,25.0299964
113,6,20,17,56,2,05中正區,中正區中華路2段與西藏路口,0,0,1,2,B03,8,7,5,30,4,1,1,5,4,1,13,1,1,2,2,5,2,16,1,58,3,10,7,1,7,9,1,8,1,2,,13,,1,22,121.5042053,25.0299964
113,6,20,17,57,2,10文山區,文山區新光路2段木柵機廠停車場出入口旁,0,0,2,1,C03,7,7,5,50,14,9,1,5,4,5,13,4,4,5,4,5,2,17,2,20,2,8,5,1,7,15,1,10,1,14,,100,,1,21,121.5841107,25.00123546
113,6,20,17,57,2,10文山區,文山區新光路2段木柵機廠停車場出入口旁,0,0,2,2,B12,7,7,5,50,14,9,1,5,4,5,13,4,4,5,4,5,2,17,1,21,3,10,7,1,7,9,1,8,1,5,,44,,1,21,121.5841107,25.00123546
113,6,20,17,57,2,10文山區,文山區新光路2段木柵機廠停車場出入口旁,0,0,2,3,H02,7,7,5,50,14,9,1,5,4,5,13,4,4,5,4,5,2,17,2,20,2,9,5,5,7,20,8,20,10,17,,67,,1,21,121.5841107,25.00123546
113,6,20,18,46,2,03中山區,中山區南京東路2段與一江街口,0,0,1,1,B01,7,5,5,50,14,9,1,5,4,5,13,1,1,3,4,4,2,12,1,61,3,10,3,4,7,9,1,4,1,2,,17,,1,21,121.5317007,25.05212095
113,6,20,18,46,2,03中山區,中山區南京東路2段與一江街口,0,0,1,2,C03,7,5,5,50,14,9,1,5,4,5,13,1,1,3,4,4,2,12,1,58,2,9,3,4,7,9,1,10,1,14,,17,,1,21,121.5317007,25.05212095
113,6,20,19,27,2,07信義區,信義區逸仙路26巷23號,0,0,1,1,F01,7,5,5,30,11,9,1,5,4,5,8,4,4,10,5,5,1,11,2,67,2,7,4,4,7,21,8,20,2,14,,86,,1,21,121.5626866,25.0394987
113,6,20,19,27,2,07信義區,信義區逸仙路26巷23號,0,0,1,2,B01,7,5,5,30,11,9,1,5,4,5,8,4,4,10,5,5,1,11,1,35,3,10,3,4,7,21,1,4,2,4,,13,,1,21,121.5626866,25.0394987