發生年度,發生月,發生日,發生時-Hours,發生分,處理別-編號,區序,肇事地點,死亡人數,2-30日死亡人數,受傷人數,當事人序號,車種,天候,道路照明設備,道路類別,速限-速度限制,道路型態,事故位置,路面狀況1,路面狀況2,路面狀況3,道路障礙1,道路障礙2,號誌1,號誌2,車道劃分-分向,車道劃分-分道1,車道劃分-分道2,車道劃分-分道3,事故類型及型態,性別,年齡,受傷程度,主要傷處,保護裝置,行動電話,車輛用途,當事者行動狀態,駕駛資格情形,駕駛執照種類,飲酒情形,車輛撞擊部位1,車輛撞擊部位2,肇因碼-個別,肇因碼-主要,個人肇逃否,職業,座標-X,座標-Y
113,6,20,19,30,2,05中正區,中正區市民大道3段與新生北路1段口,0,0,1,1,B03,8,5,5,50,4,2,1,5,4,5,13,1,1,3,5,5,2,16,2,57,3,10,2,1,7,6,1,8,1,5,,9,,1,22,121.5327634,25.04524956
113,6,20,19,30,2,05中正區,中正區市民大道3段與新生北路1段口,0,0,1,2,F01,8,5,5,50,4,2,1,5,4,5,13,1,1,3,5,5,2,16,1,54,2,9,4,1,7,11,8,20,1,14,,11,,1,22,121.5327634,25.04524956
113,6,20,19,45,2,09北投區,北投區承德路7段143號,0,0,2,1,C03,7,5,5,50,14,7,1,5,4,5,13,4,4,1,4,4,2,17,1,67,2,9,5,1,7,7,1,9,2,13,,100,,1,22,121.5083115,25.11319883
113,6,20,19,45,2,09北投區,北投區承德路7段143號,0,0,2,2,C03,7,5,5,50,14,7,1,5,4,5,13,4,4,1,4,4,2,17,1,29,2,9,5,1,7,9,1,9,2,11,,108,,1,22,121.5083115,25.11319883
113,6,20,20,40,2,09北投區,北投區珠海路與雙全街口,0,0,1,1,C03,7,5,5,30,4,1,1,5,4,5,13,4,4,10,5,5,2,17,1,40,2,8,5,1,7,9,1,10,2,17,,72,,1,21,121.501015,25.1376354
113,6,20,20,40,2,09北投區,北投區珠海路與雙全街口,0,0,1,2,B03,7,5,5,30,4,1,1,5,4,5,13,4,4,10,5,5,2,17,1,69,3,10,7,1,7,9,1,8,2,17,,42,,1,21,121.501015,25.1376354
113,6,20,21,6,2,04大安區,大安區和平東路3段與臥龍街口口,0,0,1,1,B01,8,5,5,50,4,1,1,5,4,5,13,2,1,1,4,5,2,17,1,44,3,10,7,1,7,5,1,4,1,5,,71,,1,21,121.5467096,25.0246413
113,6,20,21,6,2,04大安區,大安區和平東路3段與臥龍街口口,0,0,1,2,C03,8,5,5,50,4,1,1,5,4,5,13,2,1,1,4,5,2,17,1,23,2,8,5,1,7,9,1,10,1,11,,14,,1,22,121.5467096,25.0246413
113,6,20,21,47,2,07信義區,信義區永吉路120巷與松隆路口,0,0,1,1,C03,7,5,5,50,5,2,1,5,4,5,13,2,1,1,4,5,2,17,1,19,2,9,3,4,7,5,1,10,1,14,,44,,1,21,121.5702889,25.0452993
113,6,20,21,47,2,07信義區,信義區永吉路120巷與松隆路口,0,0,1,2,B03,7,5,5,50,5,2,1,5,4,5,13,2,1,1,4,5,2,17,1,32,3,10,3,4,7,9,1,8,1,1,,44,,1,21,121.5702889,25.0452993
113,6,20,21,48,2,03中山區,中山區新生北路2段127巷與中原街口側附近口,0,0,1,1,B01,7,5,5,50,4,1,1,5,4,5,13,4,4,9,4,5,2,3,1,61,3,10,3,4,7,5,1,2,9,1,,70,,1,22,121.5289974,25.0598163
113,6,20,21,48,2,03中山區,中山區新生北路2段127巷與中原街口側附近口,0,0,1,2,H01,7,5,5,50,4,1,1,5,4,5,13,4,4,9,4,5,2,3,1,32,2,9,4,5,8,16,8,20,10,16,,67,,1,22,121.5289974,25.0598163
113,6,20,22,3,2,07信義區,信義區市民大道6段與基隆路1段35巷口口,0,0,1,1,C03,7,5,5,40,3,1,1,5,4,5,13,4,4,1,4,5,2,3,1,41,3,10,6,1,7,9,1,10,9,14,,14,,2,21,121.5705201,25.0492247
113,6,20,22,3,2,07信義區,信義區市民大道6段與基隆路1段35巷口口,0,0,1,2,H01,7,5,5,40,3,1,1,5,4,5,13,4,4,1,4,5,2,3,1,23,2,7,4,5,8,16,8,20,10,16,,121,,1,21,121.5705201,25.0492247
113,6,20,22,5,2,09北投區,北投區大度路3段與立功街口,0,0,2,1,B03,7,5,5,50,3,2,1,5,4,5,13,3,1,1,4,5,2,16,1,24,3,10,7,1,7,5,1,8,1,2,,14,,1,22,121.4689846,25.12330665
113,6,20,22,5,2,09北投區,北投區大度路3段與立功街口,0,0,2,2,C03,7,5,5,50,3,2,1,5,4,5,13,3,1,1,4,5,2,16,2,35,2,9,5,1,7,9,1,10,1,11,,14,,1,22,121.4689846,25.12330665
113,6,20,22,5,2,09北投區,北投區大度路3段與立功街口,0,0,2,3,H02,7,5,5,50,3,2,1,5,4,5,13,3,1,1,4,5,2,16,2,42,2,9,5,5,7,20,8,20,10,16,,67,,1,22,121.4689846,25.12330665
113,6,20,23,1,2,01大同區,大同區鄭州路與西寧北路口,0,0,2,1,C02,7,5,5,50,14,9,1,5,4,5,13,2,1,1,4,5,2,17,2,21,2,9,3,4,7,9,3,18,1,12,,108,,1,21,121.5081367,25.0504759
113,6,20,23,1,2,01大同區,大同區鄭州路與西寧北路口,0,0,2,2,C03,7,5,5,50,14,9,1,5,4,5,13,2,1,1,4,5,2,17,1,40,2,9,3,4,7,14,1,10,1,14,,44,,1,21,121.5081367,25.0504759
113,6,21,4,20,2,10文山區,文山區興隆路4段與木柵路2段口,0,0,1,1,B01,8,5,5,50,4,2,1,5,4,5,13,2,1,1,4,5,2,12,1,62,3,10,3,4,7,11,1,4,1,8,,42,,1,21,121.5602179,24.9886369
113,6,21,4,20,2,10文山區,文山區興隆路4段與木柵路2段口,0,0,1,2,C03,8,5,5,50,4,2,1,5,4,5,13,2,1,1,4,5,2,12,1,67,2,8,5,4,7,9,1,10,1,12,,42,,1,21,121.5602179,24.9886369
113,6,21,6,34,2,08士林區,士林區承德路4段與百齡橋口,0,0,1,1,C03,8,6,5,50,8,9,1,5,4,5,13,2,1,1,4,4,1,12,2,66,2,9,5,1,7,8,1,10,1,13,,101,,1,21,121.5164637,25.09084258
113,6,21,6,34,2,08士林區,士林區承德路4段與百齡橋口,0,0,1,2,C03,8,6,5,50,8,9,1,5,4,5,13,2,1,1,4,4,1,12,1,52,3,10,5,1,7,9,1,10,1,11,,44,,1,21,121.5164637,25.09084258
113,6,21,7,5,2,08士林區,士林區承德路4段與百齡橋口,0,0,2,1,C03,8,6,7,50,8,9,1,5,4,5,13,2,1,1,4,4,1,12,1,70,2,9,5,1,7,8,1,10,1,13,,100,,1,21,121.5164587,25.09089602
113,6,21,7,5,2,08士林區,士林區承德路4段與百齡橋口,0,0,2,2,C03,8,6,7,50,8,9,1,5,4,5,13,2,1,1,4,4,1,12,2,25,2,9,5,1,7,9,1,10,1,11,,108,,1,21,121.5164587,25.09089602
113,6,21,7,33,2,12內湖區,內湖區康寧路1段與康寧路1段164巷口,0,0,1,1,C03,8,7,5,50,3,1,1,5,4,5,13,4,4,5,5,5,1,3,2,27,3,10,5,1,7,9,1,10,2,11,,108,,1,21,121.5945089,25.0790247
113,6,21,7,33,2,12內湖區,內湖區康寧路1段與康寧路1段164巷口,0,0,1,2,H01,8,7,5,50,3,1,1,5,4,5,13,4,4,5,5,5,1,3,1,86,2,9,4,5,8,18,8,20,10,16,,121,,1,21,121.5945089,25.0790247
113,6,21,7,39,2,01大同區,大同區昌吉街與環河北路2段69巷口,0,0,1,1,C03,8,6,5,30,3,1,1,5,4,5,13,4,4,4,5,5,1,16,2,32,2,9,3,4,7,6,1,10,1,11,,74,,1,21,121.5091398,25.0658123
113,6,21,7,39,2,01大同區,大同區昌吉街與環河北路2段69巷口,0,0,1,2,B03,8,6,5,30,3,1,1,5,4,5,13,4,4,4,5,5,1,16,1,47,3,10,3,4,7,9,1,8,1,2,,44,,1,21,121.5091398,25.0658123
113,6,21,7,52,2,07信義區,信義區忠孝東路5段373號,0,0,1,1,C03,8,6,5,50,14,9,1,5,4,5,13,4,4,1,4,5,2,13,2,29,2,9,3,4,7,9,1,10,2,11,,13,,1,22,121.5751886,25.0409307
113,6,21,7,52,2,07信義區,信義區忠孝東路5段373號,0,0,1,2,C03,8,6,5,50,14,9,1,5,4,5,13,4,4,1,4,5,2,13,1,27,3,10,3,4,7,10,1,10,2,13,,44,,1,22,121.5751886,25.0409307
113,6,21,7,52,2,07信義區,信義區忠孝東路5段373號,0,0,1,3,B01,8,6,5,50,14,9,1,5,4,5,13,4,4,1,4,5,2,13,3,0,,,,,,,,,11,,,19,,,,121.5751886,25.0409307
113,6,21,7,55,2,01大同區,大同區昌吉街226號,0,0,1,1,B03,8,6,5,50,14,9,1,5,4,5,13,4,4,5,4,5,2,17,1,45,3,10,3,4,7,15,1,8,1,4,,40,,1,21,121.5098831,25.0656964
113,6,21,7,55,2,01大同區,大同區昌吉街226號,0,0,1,2,C03,8,6,5,50,14,9,1,5,4,5,13,4,4,5,4,5,2,17,2,51,2,9,5,4,7,9,1,10,1,12,,44,,1,21,121.5098831,25.0656964
113,6,21,7,56,2,04大安區,大安區仁愛路4段416號,0,0,2,1,F01,8,6,5,0,14,20,4,5,4,5,8,4,4,1,4,1,2,16,1,13,2,9,3,4,7,8,8,20,1,13,,80,,1,21,121.5570078,25.0374448
113,6,21,7,56,2,04大安區,大安區仁愛路4段416號,0,0,2,2,F01,8,6,5,0,14,20,4,5,4,5,8,4,4,1,4,1,2,16,2,64,2,9,3,4,7,9,8,20,1,11,,44,,1,21,121.5570078,25.0374448
113,6,21,8,15,2,03中山區,中山區樂群一路與基湖路口,0,0,1,1,B01,8,6,5,50,3,1,1,5,4,5,13,2,1,1,2,5,2,16,1,57,3,10,7,1,7,9,1,4,1,5,,86,,1,21,121.5631398,25.0760966
113,6,21,8,15,2,03中山區,中山區樂群一路與基湖路口,0,0,1,2,C03,8,6,5,50,3,1,1,5,4,5,13,2,1,1,2,5,2,16,2,25,2,9,6,1,7,5,1,10,1,14,,86,,1,21,121.5631398,25.0760966
113,6,21,8,23,2,07信義區,信義區忠孝東路5段與忠孝東路5段423巷口,0,0,1,1,C03,8,6,5,50,4,1,1,5,4,5,13,1,1,1,4,5,2,17,1,21,3,10,3,4,7,9,1,10,1,11,,81,,1,22,121.5753572,25.0409597
113,6,21,8,23,2,07信義區,信義區忠孝東路5段與忠孝東路5段423巷口,0,0,1,2,C03,8,6,5,50,4,1,1,5,4,5,13,1,1,1,4,5,2,17,1,43,2,8,3,4,7,6,1,10,1,13,,44,,1,22,121.5753572,25.0409597
113,6,21,8,29,2,12內湖區,內湖區港墘路與港墘路221巷口0305961燈桿附近,0,0,2,1,C03,8,6,5,50,3,1,1,5,4,5,13,4,4,1,3,5,1,16,2,36,2,5,6,1,7,6,1,10,2,12,,27,,1,21,121.5736273,25.07498933
113,6,21,8,29,2,12內湖區,內湖區港墘路與港墘路221巷口0305961燈桿附近,0,0,2,2,C03,8,6,5,50,3,1,1,5,4,5,13,4,4,1,3,5,1,16,2,61,2,9,5,1,7,9,1,10,2,11,,17,,1,21,121.5736273,25.07498933
113,6,21,8,59,2,12內湖區,內湖區內湖路1段與內湖路1段591巷口,0,0,1,1,C03,8,5,5,50,4,1,1,5,4,5,13,1,1,1,4,5,2,13,1,41,2,9,6,1,7,9,1,10,1,11,,16,,1,21,121.5731961,25.08085036
113,6,21,8,59,2,12內湖區,內湖區內湖路1段與內湖路1段591巷口,0,0,1,2,C03,8,5,5,50,4,1,1,5,4,5,13,1,1,1,4,5,2,13,2,40,3,10,6,1,7,12,1,10,1,13,,8,,1,21,121.5731961,25.08085036
113,6,21,9,0,2,12內湖區,內湖區行善路與金豐街口口,0,0,1,1,C03,8,6,5,50,4,4,1,5,4,5,13,2,1,1,1,5,2,13,1,33,2,9,5,1,7,9,1,10,1,11,,108,,1,21,121.5858139,25.06602659
113,6,21,9,0,2,12內湖區,內湖區行善路與金豐街口口,0,0,1,2,C03,8,6,5,50,4,4,1,5,4,5,13,2,1,1,1,5,2,13,2,35,3,10,5,1,7,14,1,10,1,13,,44,,1,21,121.5858139,25.06602659
113,6,21,9,15,2,11南港區,南港區成美橋與南港路3段口往北,0,0,1,1,C03,8,5,5,50,14,9,1,5,4,5,13,4,4,5,4,5,2,12,1,22,3,10,6,1,7,9,1,10,1,14,,108,,1,21,121.582959,25.0520886
113,6,21,9,15,2,11南港區,南港區成美橋與南港路3段口往北,0,0,1,2,C03,8,5,5,50,14,9,1,5,4,5,13,4,4,5,4,5,2,12,2,36,2,9,6,1,7,9,1,10,1,12,,17,,1,21,121.582959,25.0520886
113,6,21,9,20,2,03中山區,中山區北安路與敬業二路口,0,0,1,1,B03,8,5,5,50,3,1,1,5,4,5,13,4,4,1,4,5,2,16,1,37,3,10,7,1,7,6,1,8,1,2,,9,,1,21,121.5544049,25.085121
113,6,21,9,20,2,03中山區,中山區北安路與敬業二路口,0,0,1,2,C03,8,5,5,50,3,1,1,5,4,5,13,4,4,1,4,5,2,16,1,20,2,9,6,1,7,9,1,10,1,14,,17,,1,21,121.5544049,25.085121
113,6,21,9,23,2,06松山區,松山區南京東路5段與吉祥路口,0,0,1,1,C03,8,5,5,50,3,2,1,5,4,5,13,4,4,1,4,4,1,17,1,60,2,7,5,1,7,10,1,10,1,14,,100,,1,21,121.5626494,25.0513891
113,6,21,9,23,2,06松山區,松山區南京東路5段與吉祥路口,0,0,1,2,A02,8,5,5,50,3,2,1,5,4,5,13,4,4,1,4,4,1,17,1,43,3,10,7,1,7,9,1,2,1,5,,44,,1,21,121.5626494,25.0513891
113,6,21,9,23,2,06松山區,松山區南京東路5段與吉祥路口,0,0,1,3,B01,8,5,5,50,3,2,1,5,4,5,13,4,4,1,4,4,1,17,1,51,3,10,7,1,7,14,1,4,1,7,,44,,1,21,121.5626494,25.0513891
113,6,21,9,34,2,10文山區,文山區汀州路4段與溪洲街口,0,0,1,1,B03,8,6,6,50,3,1,1,5,4,5,13,3,1,5,5,5,2,17,1,48,3,10,7,1,7,11,1,8,1,17,,10,,1,21,121.5364217,25.00596512
113,6,21,9,34,2,10文山區,文山區汀州路4段與溪洲街口,0,0,1,2,C03,8,6,6,50,3,1,1,5,4,5,13,3,1,5,5,5,2,17,1,44,2,9,5,1,7,9,1,10,1,14,,44,,1,21,121.5364217,25.00596512
113,6,21,9,48,2,12內湖區,內湖區基湖路與基湖路35巷口,0,0,1,1,C03,8,6,5,50,3,2,1,5,4,5,13,2,1,5,4,5,2,17,2,31,2,9,6,1,7,7,1,10,2,14,,100,,1,21,121.5647158,25.07973953
113,6,21,9,48,2,12內湖區,內湖區基湖路與基湖路35巷口,0,0,1,2,B03,8,6,5,50,3,2,1,5,4,5,13,2,1,5,4,5,2,17,2,53,3,10,7,1,7,9,1,8,2,2,,108,,1,21,121.5647158,25.07973953
113,6,21,9,50,2,06松山區,松山區南京東路4段75巷14弄與南京東路4段75巷口,0,0,2,1,B03,8,5,5,30,4,1,1,5,4,5,13,4,4,7,5,5,2,15,1,47,3,10,3,4,7,9,1,8,1,8,,72,,1,22,121.5537002,25.05224797
113,6,21,9,50,2,06松山區,松山區南京東路4段75巷14弄與南京東路4段75巷口,0,0,2,2,C03,8,5,5,30,4,1,1,5,4,5,13,4,4,7,5,5,2,15,2,56,2,3,6,4,7,9,1,10,1,11,,14,,1,22,121.5537002,25.05224797
113,6,21,9,50,2,06松山區,松山區南京東路4段75巷14弄與南京東路4段75巷口,0,0,2,3,B03,8,5,5,30,4,1,1,5,4,5,13,4,4,7,5,5,2,15,1,59,3,10,3,4,7,13,1,8,11,17,,38,,1,22,121.5537002,25.05224797
113,6,21,9,50,2,06松山區,松山區南京東路4段75巷14弄與南京東路4段75巷口,0,0,2,4,H02,8,5,5,30,4,1,1,5,4,5,13,4,4,7,5,5,2,15,1,57,2,7,6,5,7,20,8,20,10,16,,67,,1,22,121.5537002,25.05224797
113,6,21,9,51,2,04大安區,大安區敦化南路1段190巷與忠孝東路4段77巷口,0,0,1,1,C03,8,5,5,30,4,1,1,5,4,5,13,4,4,10,5,5,2,15,2,37,2,9,6,1,7,9,1,10,1,11,,80,,1,21,121.5472176,25.0426486
113,6,21,9,51,2,04大安區,大安區敦化南路1段190巷與忠孝東路4段77巷口,0,0,1,2,B03,8,5,5,30,4,1,1,5,4,5,13,4,4,10,5,5,2,15,1,58,3,10,7,1,7,9,1,8,1,6,,14,,1,21,121.5472176,25.0426486
113,6,21,10,22,1,06松山區,松山區敦化南路1段2-1號,1,0,0,2,A41,8,6,5,50,14,9,1,5,4,5,13,4,4,1,4,1,1,17,1,64,3,10,7,1,1,9,6,1,2,2,,44,,1,21,121.5486734,25.0477538
113,6,21,10,22,1,06松山區,松山區敦化南路1段2-1號,1,0,0,1,C03,8,6,5,50,14,9,1,5,4,5,13,4,4,1,4,1,1,17,2,75,1,9,5,1,7,7,1,10,9,12,14,100,,1,21,121.5486734,25.0477538
113,6,21,10,22,1,06松山區,松山區敦化南路1段2-1號,1,0,0,3,B03,8,6,5,50,14,9,1,5,4,5,13,4,4,1,4,1,1,17,2,44,3,10,7,1,7,14,1,8,2,4,,38,,1,21,121.5486734,25.0477538
113,6,21,10,22,1,06松山區,松山區敦化南路1段2-1號,1,0,0,4,B03,8,6,5,50,14,9,1,5,4,5,13,4,4,1,4,1,1,17,1,34,3,10,3,4,7,14,1,8,9,17,,38,,1,21,121.5486734,25.0477538
113,6,21,10,22,1,06松山區,松山區敦化南路1段2-1號,1,0,0,5,B03,8,6,5,50,14,9,1,5,4,5,13,4,4,1,4,1,1,17,1,61,3,10,7,1,7,14,1,8,9,17,,38,,1,21,121.5486734,25.0477538
113,6,21,10,22,1,06松山區,松山區敦化南路1段2-1號,1,0,0,7,B02,8,6,5,50,14,9,1,5,4,5,13,4,4,1,4,1,1,17,1,46,3,10,7,1,7,14,1,8,9,17,,38,,1,21,121.5486734,25.0477538
113,6,21,10,22,1,06松山區,松山區敦化南路1段2-1號,1,0,0,6,B03,8,6,5,50,14,9,1,5,4,5,13,4,4,1,4,1,1,17,1,47,3,10,7,1,7,14,1,8,9,17,,38,,1,21,121.5486734,25.0477538
113,6,21,10,30,2,12內湖區,內湖區堤頂大道2段181號,0,0,1,1,C03,8,5,5,50,14,9,1,5,4,5,13,4,4,1,5,5,2,17,2,26,2,9,5,1,7,9,1,10,1,11,,16,,1,21,121.5698812,25.07714003
113,6,21,10,30,2,12內湖區,內湖區堤頂大道2段181號,0,0,1,2,B01,8,5,5,50,14,9,1,5,4,5,13,4,4,1,5,5,2,17,1,56,3,10,7,1,7,15,1,10,1,7,,44,,1,21,121.5698812,25.07714003
113,6,21,10,30,2,12內湖區,內湖區堤頂大道2段181號,0,0,1,3,B03,8,5,5,50,14,9,1,5,4,5,13,4,4,1,5,5,2,17,1,29,3,10,7,1,7,7,1,8,11,17,,44,,1,21,121.5698812,25.07714003
113,6,21,10,37,2,07信義區,信義區忠孝東路4段515號,0,0,1,1,B01,8,6,5,50,14,9,1,5,4,5,13,4,4,1,4,5,1,12,1,62,3,10,3,4,7,8,1,4,1,6,,100,,1,22,121.5586219,25.0414368
113,6,21,10,37,2,07信義區,信義區忠孝東路4段515號,0,0,1,2,C03,8,6,5,50,14,9,1,5,4,5,13,4,4,1,4,5,1,12,1,45,2,9,3,4,7,9,1,10,1,11,,44,,1,22,121.5586219,25.0414368
113,6,21,10,46,2,09北投區,北投區紗帽路10號,0,0,1,1,B13,8,7,5,30,11,9,1,4,4,5,13,4,4,4,1,5,1,17,1,40,3,10,7,1,7,9,1,8,9,17,17,42,,2,21,121.532531,25.148473
113,6,21,10,46,2,09北投區,北投區紗帽路10號,0,0,1,2,C01,8,7,5,30,11,9,1,4,4,5,13,4,4,4,1,5,1,17,1,40,2,9,6,1,7,9,1,9,1,12,2,44,,1,21,121.532531,25.148473
113,6,21,11,2,2,05中正區,中正區和平西路1段與南昌路2段口,0,0,2,1,C03,8,7,5,50,5,1,1,5,4,5,13,1,1,2,4,5,2,17,1,31,2,8,6,1,7,9,1,10,1,11,,16,,1,22,121.5209551,25.0267265
113,6,21,11,2,2,05中正區,中正區和平西路1段與南昌路2段口,0,0,2,2,C03,8,7,5,50,5,1,1,5,4,5,13,1,1,2,4,5,2,17,1,39,2,8,6,1,7,9,1,10,1,13,,44,,1,22,121.5209551,25.0267265
113,6,21,11,2,2,05中正區,中正區和平西路1段與南昌路2段口,0,0,2,3,B01,8,7,5,50,5,1,1,5,4,5,13,1,1,2,4,5,2,17,1,60,3,10,7,1,7,11,1,4,1,17,,71,,1,22,121.5209551,25.0267265
113,6,21,11,10,2,11南港區,南港區昆陽街86號,0,0,1,1,B03,8,5,5,50,14,9,1,5,4,5,13,4,4,9,5,5,2,14,1,36,3,10,3,4,7,2,1,8,1,7,,12,,1,21,121.5935036,25.0517498
113,6,21,11,10,2,11南港區,南港區昆陽街86號,0,0,1,2,C03,8,5,5,50,14,9,1,5,4,5,13,4,4,9,5,5,2,14,2,27,2,9,6,1,7,9,1,10,1,11,,44,,1,21,121.5935036,25.0517498
113,6,21,11,22,2,04大安區,大安區市民大道3段226號,0,0,2,1,B02,8,7,5,40,14,9,1,5,4,5,13,4,4,1,4,5,1,12,1,30,3,10,3,4,7,15,1,8,1,6,,101,,1,22,121.5409848,25.0444487
113,6,21,11,22,2,04大安區,大安區市民大道3段226號,0,0,2,2,C03,8,7,5,40,14,9,1,5,4,5,13,4,4,1,4,5,1,12,1,55,2,9,3,4,7,9,1,10,1,11,,44,,1,21,121.5409848,25.0444487
113,6,21,11,22,2,04大安區,大安區市民大道3段226號,0,0,2,3,C03,8,7,5,40,14,9,1,5,4,5,13,4,4,1,4,5,1,12,1,26,3,10,3,4,7,9,1,10,1,11,,44,,1,21,121.5409848,25.0444487
113,6,21,11,22,2,04大安區,大安區市民大道3段226號,0,0,2,4,H02,8,7,5,40,14,9,1,5,4,5,13,4,4,1,4,5,1,12,1,31,2,9,3,5,7,21,8,20,10,16,,67,,1,22,121.5409848,25.0444487
113,6,21,11,24,2,04大安區,大安區光復南路290巷與延吉街口口廢鐵道,0,0,1,1,B01,8,6,5,20,4,1,4,5,4,5,13,4,4,4,3,5,1,15,1,31,3,10,7,1,7,9,1,4,1,4,,14,,1,21,121.5567353,25.039393
113,6,21,11,24,2,04大安區,大安區光復南路290巷與延吉街口口廢鐵道,0,0,1,2,C04,8,6,5,20,4,1,4,5,4,5,13,4,4,4,3,5,1,15,2,26,2,9,6,1,7,9,1,11,1,11,,14,,1,21,121.5567353,25.039393
113,6,21,11,30,2,07信義區,信義區松德路169巷與信義路6段15巷口,0,0,1,1,C03,8,7,5,30,4,1,1,5,4,5,13,4,4,9,4,5,2,15,1,38,2,9,6,1,7,9,1,10,1,14,,72,,1,21,121.575165,25.0360879
113,6,21,11,30,2,07信義區,信義區松德路169巷與信義路6段15巷口,0,0,1,2,B01,8,7,5,30,4,1,1,5,4,5,13,4,4,9,4,5,2,15,1,44,3,10,7,1,7,9,1,4,1,1,,108,,1,21,121.575165,25.0360879
113,6,21,11,36,2,05中正區,中正區濟南路1段與紹興南街口,0,0,1,1,C03,8,6,5,50,4,1,1,5,4,5,13,2,1,5,4,4,2,13,1,41,2,8,5,1,7,5,1,10,1,11,,16,,1,22,121.5244075,25.04198127
113,6,21,11,36,2,05中正區,中正區濟南路1段與紹興南街口,0,0,1,2,B03,8,6,5,50,4,1,1,5,4,5,13,2,1,5,4,4,2,13,1,34,3,10,7,1,7,12,1,8,1,6,,44,,1,22,121.5244075,25.04198127
113,6,21,11,46,2,01大同區,大同區鄭州路與環河北路1段口,0,0,1,1,C03,8,6,5,40,4,2,1,5,4,5,13,2,1,1,5,5,2,16,2,70,2,8,6,1,7,5,1,10,1,13,,8,,1,22,121.5070184,25.050739
113,6,21,11,46,2,01大同區,大同區鄭州路與環河北路1段口,0,0,1,2,B03,8,6,5,40,4,2,1,5,4,5,13,2,1,1,5,5,2,16,1,34,3,10,7,1,7,9,1,8,1,1,,44,,1,22,121.5070184,25.050739
113,6,21,12,5,2,05中正區,中正區濟南路1段321號,0,0,1,1,C03,7,7,5,50,14,7,1,5,4,5,13,4,4,5,4,4,2,16,1,66,2,8,5,1,7,11,1,10,1,11,,42,,1,21,121.525683,25.04192819
113,6,21,12,5,2,05中正區,中正區濟南路1段321號,0,0,1,2,C03,7,7,5,50,14,7,1,5,4,5,13,4,4,5,4,4,2,16,1,39,3,10,5,1,7,9,1,10,1,11,,99,,1,21,121.525683,25.04192819
113,6,21,12,5,2,05中正區,中正區濟南路1段321號,0,0,1,3,B01,7,7,5,50,14,7,1,5,4,5,13,4,4,5,4,4,2,16,1,39,3,10,7,1,7,14,1,4,1,7,,44,,1,21,121.525683,25.04192819
113,6,21,12,20,2,08士林區,士林區福林路與福林路100巷口,0,0,1,1,B03,8,6,5,30,3,1,1,5,4,5,13,3,1,5,5,5,2,17,1,21,3,10,7,1,7,5,1,8,1,4,,80,,1,22,121.5312119,25.0958042
113,6,21,12,20,2,08士林區,士林區福林路與福林路100巷口,0,0,1,2,C03,8,6,5,30,3,1,1,5,4,5,13,3,1,5,5,5,2,17,1,69,2,9,5,1,7,9,1,10,1,11,,44,,1,22,121.5312119,25.0958042
113,6,21,12,27,2,09北投區,北投區西安街1段349號前,0,0,2,1,C03,8,6,5,50,14,9,1,5,4,5,13,4,4,10,4,5,2,13,1,18,2,9,5,1,7,9,1,10,1,11,,108,,1,21,121.5155635,25.1140064
113,6,21,12,27,2,09北投區,北投區西安街1段349號前,0,0,2,2,C03,8,6,5,50,14,9,1,5,4,5,13,4,4,10,4,5,2,13,2,62,2,8,5,1,7,9,1,10,1,13,,44,,1,21,121.5155635,25.1140064
113,6,21,13,0,2,10文山區,文山區羅斯福路6段92巷與景仁街20巷口,0,0,1,1,C03,8,6,5,30,4,1,1,5,4,5,13,4,4,10,5,5,2,15,1,57,3,10,6,1,7,9,1,10,2,13,,75,,1,21,121.5398389,24.9981168
113,6,21,13,0,2,10文山區,文山區羅斯福路6段92巷與景仁街20巷口,0,0,1,2,C03,8,6,5,30,4,1,1,5,4,5,13,4,4,10,5,5,2,15,2,56,2,1,6,1,7,9,1,10,2,11,,44,,1,21,121.5398389,24.9981168
113,6,21,13,28,2,08士林區,士林區承德路4段174號,0,0,1,1,C03,7,6,5,40,14,8,1,4,4,5,13,4,4,1,4,4,1,13,2,59,2,9,3,4,7,9,1,10,1,11,,16,,1,21,121.5228565,25.086532
113,6,21,13,28,2,08士林區,士林區承德路4段174號,0,0,1,2,B03,7,6,5,40,14,8,1,4,4,5,13,4,4,1,4,4,1,13,2,53,3,10,3,4,7,14,1,8,1,6,,44,,1,21,121.5228565,25.086532
113,6,21,13,28,2,08士林區,士林區承德路4段174號,0,0,1,3,C03,7,6,5,40,14,8,1,4,4,5,13,4,4,1,4,4,1,13,2,42,3,10,3,4,7,13,1,10,11,14,,44,,1,21,121.5228565,25.086532
113,6,21,13,28,2,08士林區,士林區承德路4段174號,0,0,1,4,C03,7,6,5,40,14,8,1,4,4,5,13,4,4,1,4,4,1,13,3,0,,,,,,,,,,,,67,,1,,121.5228565,25.086532
113,6,21,13,38,2,06松山區,松山區東興路與東興路15巷口口,0,0,1,1,F02,7,7,5,30,4,1,1,5,4,5,13,2,1,5,4,5,2,15,1,82,2,9,4,1,7,9,8,20,1,12,,81,,1,21,121.5654012,25.0500754
113,6,21,13,38,2,06松山區,松山區東興路與東興路15巷口口,0,0,1,2,B03,7,7,5,30,4,1,1,5,4,5,13,2,1,5,4,5,2,15,1,33,3,10,7,1,7,9,1,8,1,5,,44,,1,21,121.5654012,25.0500754