發生年度,發生月,發生日,發生時-Hours,發生分,處理別-編號,區序,肇事地點,死亡人數,2-30日死亡人數,受傷人數,當事人序號,車種,天候,道路照明設備,道路類別,速限-速度限制,道路型態,事故位置,路面狀況1,路面狀況2,路面狀況3,道路障礙1,道路障礙2,號誌1,號誌2,車道劃分-分向,車道劃分-分道1,車道劃分-分道2,車道劃分-分道3,事故類型及型態,性別,年齡,受傷程度,主要傷處,保護裝置,行動電話,車輛用途,當事者行動狀態,駕駛資格情形,駕駛執照種類,飲酒情形,車輛撞擊部位1,車輛撞擊部位2,肇因碼-個別,肇因碼-主要,個人肇逃否,職業,座標-X,座標-Y
113,6,21,13,39,2,06松山區,松山區塔悠路與松信路口,0,0,1,1,C03,7,6,5,50,5,1,1,4,4,5,13,2,1,1,4,5,2,12,1,39,2,9,6,1,7,9,1,10,1,14,,101,,1,21,121.5721606,25.049999
113,6,21,13,39,2,06松山區,松山區塔悠路與松信路口,0,0,1,2,B03,7,6,5,50,5,1,1,4,4,5,13,2,1,1,4,5,2,12,2,36,3,10,3,4,7,8,1,8,1,2,,100,,1,21,121.5721606,25.049999
113,6,21,13,45,2,05中正區,中正區公園路與青島西路口,0,0,2,1,C03,6,6,5,50,4,2,1,4,4,5,13,2,1,5,4,5,2,16,2,52,2,9,5,1,7,5,1,10,2,12,,71,,1,22,121.5171402,25.04502716
113,6,21,13,45,2,05中正區,中正區公園路與青島西路口,0,0,2,2,C03,6,6,5,50,4,2,1,4,4,5,13,2,1,5,4,5,2,16,1,50,2,8,5,1,7,9,1,10,2,11,,44,,1,22,121.5171402,25.04502716
113,6,21,13,45,2,08士林區,士林區承德路4段與劍潭路口,0,0,1,1,C03,6,5,5,50,4,2,1,4,4,5,13,1,1,1,4,5,2,18,1,33,2,9,6,1,7,9,1,10,1,12,,42,,1,22,121.5234402,25.0842932
113,6,21,13,45,2,08士林區,士林區承德路4段與劍潭路口,0,0,1,2,,6,5,5,50,4,2,1,4,4,5,13,1,1,1,4,5,2,18,3,,,,,,,,,,,,,67,,1,,121.5234402,25.0842932
113,6,21,14,0,2,07信義區,信義區吳興街220巷35號,0,0,1,1,B03,7,7,5,50,14,9,1,5,4,5,13,1,1,9,4,5,2,16,1,56,3,10,7,1,7,5,1,8,1,1,,8,,1,21,121.5622897,25.0269994
113,6,21,14,0,2,07信義區,信義區吳興街220巷35號,0,0,1,2,C03,7,7,5,50,14,9,1,5,4,5,13,1,1,9,4,5,2,16,2,42,2,9,6,1,7,9,1,10,1,14,,44,,1,21,121.5622897,25.0269994
113,6,21,14,29,2,07信義區,信義區光復南路417號,0,0,1,1,B03,6,5,5,50,14,9,1,4,4,5,13,4,4,1,4,5,2,17,1,75,3,10,7,1,7,6,1,8,1,2,,9,,1,22,121.557645,25.0368674
113,6,21,14,29,2,07信義區,信義區光復南路417號,0,0,1,2,C03,6,5,5,50,14,9,1,4,4,5,13,4,4,1,4,5,2,17,1,19,2,9,6,1,7,9,1,10,1,12,,108,,1,22,121.557645,25.0368674
113,6,21,14,29,2,07信義區,信義區光復南路417號,0,0,1,3,B01,6,5,5,50,14,9,1,4,4,5,13,4,4,1,4,5,2,17,1,57,3,10,7,1,7,14,1,4,1,4,,38,,1,22,121.557645,25.0368674
113,6,21,14,42,2,06松山區,松山區民權東路5段與撫遠街口,0,0,1,1,B02,6,6,5,50,4,1,1,4,4,5,13,2,1,1,4,5,2,17,1,45,3,10,7,1,7,5,1,8,1,5,,8,,1,21,121.566,25.06318811
113,6,21,14,42,2,06松山區,松山區民權東路5段與撫遠街口,0,0,1,2,C03,6,6,5,50,4,1,1,4,4,5,13,2,1,1,4,5,2,17,1,32,2,9,6,1,7,9,1,10,1,11,,42,,1,21,121.566,25.06318811
113,6,21,14,56,2,07信義區,信義區松高路1號,0,0,1,1,B03,6,6,5,50,14,9,1,4,4,5,13,4,4,8,3,5,2,17,1,54,3,10,3,4,7,14,1,8,2,3,,108,,1,21,121.5643396,25.0391882
113,6,21,14,56,2,07信義區,信義區松高路1號,0,0,1,2,C03,6,6,5,50,14,9,1,4,4,5,13,4,4,8,3,5,2,17,1,19,2,8,3,4,7,14,1,10,2,13,,44,,1,21,121.5643396,25.0391882
113,6,21,14,56,2,07信義區,信義區松高路1號,0,0,1,3,B02,6,6,5,50,14,9,1,4,4,5,13,4,4,8,3,5,2,17,1,50,3,10,3,4,7,15,1,8,2,1,,44,,1,21,121.5643396,25.0391882
113,6,21,15,11,2,11南港區,南港區忠孝東路6段1號與忠孝東路6段口永吉路口,0,0,1,1,B03,6,6,5,50,5,2,1,4,4,5,12,2,1,3,4,4,2,17,1,58,3,10,7,1,7,8,1,14,1,17,,44,,1,21,121.5826278,25.0453222
113,6,21,15,11,2,11南港區,南港區忠孝東路6段1號與忠孝東路6段口永吉路口,0,0,1,2,C03,6,6,5,50,5,2,1,4,4,5,12,2,1,3,4,4,2,17,1,26,2,7,6,1,7,9,1,9,1,17,,42,,1,21,121.5826278,25.0453222
113,6,21,15,28,2,03中山區,中山區民生東路2段與新生北路2段口,0,0,1,1,B12,6,6,5,50,4,1,1,4,4,5,13,2,1,9,4,5,2,16,1,45,3,10,7,1,7,5,1,8,2,2,,71,,1,21,121.5277674,25.058091
113,6,21,15,28,2,03中山區,中山區民生東路2段與新生北路2段口,0,0,1,2,C03,6,6,5,50,4,1,1,4,4,5,13,2,1,9,4,5,2,16,1,19,2,7,6,1,7,9,1,10,2,11,,117,,1,21,121.5277674,25.058091
113,6,21,15,38,2,04大安區,大安區復興南路1段與大安路1段116巷口,0,0,1,1,C03,6,5,5,50,14,8,1,4,4,5,13,4,4,1,4,4,2,13,4,0,,,,,,,,,,,,119,,2,,121.5438515,25.039945
113,6,21,15,38,2,04大安區,大安區復興南路1段與大安路1段116巷口,0,0,1,2,C03,6,5,5,50,14,8,1,4,4,5,13,4,4,1,4,4,2,13,1,27,2,9,6,1,7,9,1,10,1,11,,108,,1,21,121.5438515,25.039945
113,6,21,15,56,2,03中山區,中山區北安路劍南捷運站2號出口,0,0,1,1,B03,7,7,5,50,14,9,1,4,4,5,13,4,4,1,3,5,1,12,2,52,3,10,7,1,7,7,1,8,1,4,,100,,1,21,121.5558358,25.08474334
113,6,21,15,56,2,03中山區,中山區北安路劍南捷運站2號出口,0,0,1,2,C03,7,7,5,50,14,9,1,4,4,5,13,4,4,1,3,5,1,12,1,25,2,8,6,1,7,9,1,10,1,11,,97,,1,21,121.5558358,25.08474334
113,6,21,16,45,2,04大安區,大安區安和路2段與安和路2段69巷口,0,0,1,1,C03,6,5,5,50,3,2,1,4,4,5,13,4,4,1,4,5,2,12,1,45,2,9,5,1,7,15,1,10,1,12,,42,,1,21,121.5525013,25.0305656
113,6,21,16,45,2,04大安區,大安區安和路2段與安和路2段69巷口,0,0,1,2,B03,6,5,5,50,3,2,1,4,4,5,13,4,4,1,4,5,2,12,1,46,3,10,7,1,7,15,1,8,1,4,,38,,1,21,121.5525013,25.0305656
113,6,21,17,12,2,09北投區,北投區中和街與大業路口,0,0,3,1,C03,8,6,5,50,4,1,1,5,4,5,13,4,4,10,5,5,2,17,2,21,2,9,5,1,7,5,1,10,2,12,,8,,1,21,121.5032022,25.137607
113,6,21,17,12,2,09北投區,北投區中和街與大業路口,0,0,3,2,C03,8,6,5,50,4,1,1,5,4,5,13,4,4,10,5,5,2,17,1,54,2,8,5,1,7,9,1,10,2,11,,44,,1,21,121.5032022,25.137607
113,6,21,17,12,2,09北投區,北投區中和街與大業路口,0,0,3,3,H02,8,6,5,50,4,1,1,5,4,5,13,4,4,10,5,5,2,17,2,26,2,9,5,5,7,20,8,20,10,16,,67,,1,21,121.5032022,25.137607
113,6,21,17,14,2,05中正區,中正區臨沂街6巷與金山南路1段口,0,0,1,1,B02,8,6,5,30,4,1,1,5,4,5,8,4,4,10,5,5,2,15,1,33,3,10,7,1,7,9,1,8,2,2,,75,,1,22,121.5298288,25.04261069
113,6,21,17,14,2,05中正區,中正區臨沂街6巷與金山南路1段口,0,0,1,2,C03,8,6,5,30,4,1,1,5,4,5,8,4,4,10,5,5,2,15,1,18,2,9,5,1,7,9,1,10,2,11,,13,,1,22,121.5298288,25.04261069
113,6,21,17,35,2,12內湖區,內湖區民權東路6段與行愛路口口,0,0,2,1,C03,8,6,5,40,4,1,1,5,4,5,13,1,1,1,4,5,2,15,2,73,2,9,5,1,7,9,1,10,1,11,,81,,1,21,121.5785694,25.0666553
113,6,21,17,35,2,12內湖區,內湖區民權東路6段與行愛路口口,0,0,2,2,C03,8,6,5,40,4,1,1,5,4,5,13,1,1,1,4,5,2,15,1,26,2,9,5,1,7,9,1,10,1,14,,44,,1,21,121.5785694,25.0666553
113,6,21,17,38,2,04大安區,大安區辛亥路2段與新生南路3段口,0,0,1,1,B03,8,5,5,50,4,1,1,5,4,5,13,2,1,10,4,4,2,13,1,42,3,10,3,4,7,9,1,8,2,5,,16,,1,21,121.5344023,25.0226195
113,6,21,17,38,2,04大安區,大安區辛亥路2段與新生南路3段口,0,0,1,2,A02,8,5,5,50,4,1,1,5,4,5,13,2,1,10,4,4,2,13,1,50,3,10,3,4,7,9,1,2,2,4,,44,,1,21,121.5344023,25.0226195
113,6,21,17,38,2,04大安區,大安區辛亥路2段與新生南路3段口,0,0,1,3,C03,8,5,5,50,4,1,1,5,4,5,13,2,1,10,4,4,2,13,2,61,2,9,3,4,7,9,1,10,2,13,,44,,1,21,121.5344023,25.0226195
113,6,21,17,39,2,12內湖區,內湖區金湖路與星雲街口,0,0,1,1,B03,8,6,5,50,3,2,1,5,4,5,13,2,1,3,4,5,2,17,1,43,3,10,7,1,7,5,1,8,2,2,,71,,1,21,121.5959039,25.0817166
113,6,21,17,39,2,12內湖區,內湖區金湖路與星雲街口,0,0,1,2,C03,8,6,5,50,3,2,1,5,4,5,13,2,1,3,4,5,2,17,1,21,2,9,6,1,7,9,1,10,2,11,,13,,1,21,121.5959039,25.0817166
113,6,21,17,47,2,01大同區,大同區哈密街59巷14號,0,0,2,1,B03,8,6,5,50,14,9,1,5,4,5,13,4,4,8,4,5,2,17,1,49,3,10,3,4,7,15,1,8,1,8,,118,,1,21,121.5158042,25.0743511
113,6,21,17,47,2,01大同區,大同區哈密街59巷14號,0,0,2,2,C03,8,6,5,50,14,9,1,5,4,5,13,4,4,8,4,5,2,17,1,25,2,9,3,4,7,9,1,10,1,12,,118,,1,21,121.5158042,25.0743511
113,6,21,17,47,2,01大同區,大同區哈密街59巷14號,0,0,2,3,H02,8,6,5,50,14,9,1,5,4,5,13,4,4,8,4,5,2,17,2,30,2,8,3,5,7,20,8,20,10,16,,67,,1,21,121.5158042,25.0743511
113,6,21,17,49,2,01大同區,大同區民權西路194號,0,0,1,1,C03,7,6,5,50,14,9,1,5,4,5,13,4,4,10,4,5,2,17,1,63,3,10,5,4,7,1,1,8,1,12,,19,,1,21,121.5145178,25.0628311
113,6,21,17,49,2,01大同區,大同區民權西路194號,0,0,1,2,F01,7,6,5,50,14,9,1,5,4,5,13,4,4,10,4,5,2,17,1,14,2,9,4,4,7,9,8,20,1,14,,108,,1,21,121.5145178,25.0628311
113,6,21,17,50,2,07信義區,信義區基隆路車行地下道往北,0,0,1,1,B03,7,7,5,50,14,9,1,5,4,5,13,4,4,1,4,5,1,13,1,49,3,10,7,1,7,9,1,8,2,1,,108,,1,22,121.5605413,25.0347418
113,6,21,17,50,2,07信義區,信義區基隆路車行地下道往北,0,0,1,2,B03,7,7,5,50,14,9,1,5,4,5,13,4,4,1,4,5,1,13,1,42,3,10,7,1,7,14,1,8,2,3,,44,,1,22,121.5605413,25.0347418
113,6,21,17,50,2,07信義區,信義區基隆路車行地下道往北,0,0,1,3,B03,7,7,5,50,14,9,1,5,4,5,13,4,4,1,4,5,1,13,1,65,3,10,7,1,7,14,1,8,2,3,,44,,1,22,121.5605413,25.0347418
113,6,21,17,50,2,07信義區,信義區基隆路車行地下道往北,0,0,1,4,H02,7,7,5,50,14,9,1,5,4,5,13,4,4,1,4,5,1,13,2,42,2,2,7,5,7,17,8,20,10,16,,67,,1,22,121.5605413,25.0347418
113,6,21,17,58,2,09北投區,北投區承德路6段337號,0,0,1,1,B03,8,6,5,60,14,7,1,5,4,5,13,4,4,9,4,4,2,13,2,64,2,9,7,1,7,9,1,8,2,1,,108,,1,21,121.5121584,25.10264422
113,6,21,17,58,2,09北投區,北投區承德路6段337號,0,0,1,2,B03,8,6,5,60,14,7,1,5,4,5,13,4,4,9,4,4,2,13,1,51,3,10,7,1,7,14,1,8,2,3,,44,,1,21,121.5121584,25.10264422
113,6,21,18,8,2,05中正區,中正區八德路1段43巷8號,0,0,1,1,F07,7,6,5,30,14,9,1,5,4,5,12,4,4,10,5,5,2,3,1,37,4,11,4,4,7,9,8,20,11,15,,108,,1,22,121.5316305,25.04459957
113,6,21,18,8,2,05中正區,中正區八德路1段43巷8號,0,0,1,2,H01,7,6,5,30,14,9,1,5,4,5,12,4,4,10,5,5,2,3,1,37,2,9,4,5,8,16,8,20,10,16,,53,,1,22,121.5316305,25.04459957
113,6,21,18,14,2,12內湖區,內湖區江南街71巷75弄與文德路22巷53弄口,0,0,2,1,C03,8,6,5,30,4,1,1,5,4,5,13,4,4,5,5,5,2,17,1,30,2,7,6,1,7,9,1,10,9,14,,44,,1,21,121.5797659,25.07551453
113,6,21,18,14,2,12內湖區,內湖區江南街71巷75弄與文德路22巷53弄口,0,0,2,2,C03,8,6,5,30,4,1,1,5,4,5,13,4,4,5,5,5,2,17,2,47,2,9,6,1,7,5,1,10,2,15,,44,,1,21,121.5797659,25.07551453
113,6,21,18,15,2,07信義區,信義區忠孝東路5段236巷3弄7號,0,0,1,1,C03,7,5,5,30,14,9,1,5,4,5,13,4,4,10,5,5,2,17,1,31,2,9,5,1,7,15,1,10,1,11,,17,,1,21,121.5726813,25.04044011
113,6,21,18,15,2,07信義區,信義區忠孝東路5段236巷3弄7號,0,0,1,2,B01,7,5,5,30,14,9,1,5,4,5,13,4,4,10,5,5,2,17,1,57,3,10,7,1,7,15,1,4,1,6,,44,,1,21,121.5726813,25.04044011
113,6,21,18,15,2,07信義區,信義區忠孝東路5段236巷3弄7號,0,0,1,3,C03,7,5,5,30,14,9,1,5,4,5,13,4,4,10,5,5,2,17,2,48,3,10,5,1,7,2,1,10,9,15,,12,,1,21,121.5726813,25.04044011
113,6,21,18,22,2,08士林區,士林區福華路與福華路141巷口,0,0,1,1,C03,8,6,5,50,3,1,1,5,4,5,13,4,4,10,4,5,2,17,1,46,3,10,6,1,7,6,1,8,2,12,,9,,1,21,121.5222579,25.1029501
113,6,21,18,22,2,08士林區,士林區福華路與福華路141巷口,0,0,1,2,C03,8,6,5,50,3,1,1,5,4,5,13,4,4,10,4,5,2,17,2,44,2,9,6,4,7,9,1,10,2,11,,44,,1,21,121.5222579,25.1029501
113,6,21,18,30,2,03中山區,中山區大佳河濱公園,0,0,1,1,B03,7,7,5,50,14,9,1,5,4,5,13,4,4,9,4,5,2,17,2,25,3,10,3,4,7,10,1,8,1,5,,100,,1,26,121.5416187,25.073686
113,6,21,18,30,2,03中山區,中山區大佳河濱公園,0,0,1,2,C03,7,7,5,50,14,9,1,5,4,5,13,4,4,9,4,5,2,17,1,39,2,8,3,4,7,9,1,10,1,11,,44,,1,26,121.5416187,25.073686
113,6,21,19,1,2,04大安區,大安區敦化南路1段202號人行道,0,0,1,1,F01,8,5,5,0,22,20,2,5,4,5,13,4,4,10,5,5,2,18,2,66,2,9,4,1,7,9,8,20,1,15,,118,,1,21,121.5485427,25.0418679
113,6,21,19,1,2,04大安區,大安區敦化南路1段202號人行道,0,0,1,2,,8,5,5,0,22,20,2,5,4,5,13,4,4,10,5,5,2,18,3,,,,,,,,,,,,,67,,1,,121.5485427,25.0418679
113,6,21,19,10,2,05中正區,中正區南海路與南昌路1段口,0,0,1,1,B03,7,5,5,30,4,2,4,5,4,5,13,1,1,1,4,5,2,12,1,42,3,10,7,1,7,8,1,8,1,5,,100,,1,22,121.5166204,25.0324619
113,6,21,19,10,2,05中正區,中正區南海路與南昌路1段口,0,0,1,2,C03,7,5,5,30,4,2,4,5,4,5,13,1,1,1,4,5,2,12,1,38,3,10,5,1,7,9,1,10,1,14,,44,,1,22,121.5166204,25.0324619
113,6,21,19,10,2,05中正區,中正區南海路與南昌路1段口,0,0,1,3,H02,7,5,5,30,4,2,4,5,4,5,13,1,1,1,4,5,2,12,2,33,2,8,5,5,7,20,8,20,10,16,,67,,1,22,121.5166204,25.0324619
113,6,21,19,10,2,05中正區,中正區南海路與南昌路1段口,0,0,1,4,B01,7,5,5,30,4,2,4,5,4,5,13,1,1,1,4,5,2,12,1,68,3,10,7,1,7,10,1,4,9,17,,100,,1,22,121.5166204,25.0324619
113,6,21,19,11,2,01大同區,大同區環河北路1段與南京西路口口,0,0,1,1,B03,8,5,5,50,4,1,1,5,4,5,13,2,1,10,5,5,2,16,2,30,3,10,7,1,7,6,3,18,2,5,,85,,1,21,121.5075087,25.0536504
113,6,21,19,11,2,01大同區,大同區環河北路1段與南京西路口口,0,0,1,2,C03,8,5,5,50,4,1,1,5,4,5,13,2,1,10,5,5,2,16,1,19,2,9,6,1,7,9,3,18,2,14,,44,,1,21,121.5075087,25.0536504
113,6,21,19,11,2,01大同區,大同區環河北路1段與南京西路口口,0,0,1,3,B03,8,5,5,50,4,1,1,5,4,5,13,2,1,10,5,5,2,16,2,43,3,10,7,1,7,14,1,8,2,1,,38,,1,21,121.5075087,25.0536504
113,6,21,19,25,2,04大安區,大安區東豐街與復興南路1段279巷30弄口,0,0,1,1,C03,8,5,5,30,4,1,1,5,4,5,13,4,4,10,5,5,2,15,1,22,2,7,5,1,7,12,1,10,1,12,14,73,,1,21,121.5451069,25.0360671
113,6,21,19,25,2,04大安區,大安區東豐街與復興南路1段279巷30弄口,0,0,1,2,B03,8,5,5,30,4,1,1,5,4,5,13,4,4,10,5,5,2,15,2,48,3,10,7,1,7,12,1,8,1,1,,44,,1,21,121.5451069,25.0360671
113,6,21,19,26,2,07信義區,信義區虎林街242巷48號,0,0,1,1,C03,8,5,5,30,14,9,1,5,4,5,13,4,4,10,5,5,2,18,1,38,2,9,5,1,7,9,1,9,9,12,,42,,1,21,121.5767091,25.0358449
113,6,21,19,26,2,07信義區,信義區虎林街242巷48號,0,0,1,2,C03,8,5,5,30,14,9,1,5,4,5,13,4,4,10,5,5,2,18,1,41,3,10,5,1,7,13,1,10,1,13,,44,,1,21,121.5767091,25.0358449
113,6,21,20,10,2,02萬華區,萬華區內江街與昆明街口,0,0,1,1,B03,7,5,5,50,4,2,1,5,4,5,13,1,1,10,4,5,2,1,1,51,3,10,7,1,7,5,6,18,1,1,,70,,1,21,121.5045588,25.0416024
113,6,21,20,10,2,02萬華區,萬華區內江街與昆明街口,0,0,1,2,H01,7,5,5,50,4,2,1,5,4,5,13,1,1,10,4,5,2,1,1,36,2,9,4,5,8,16,8,20,10,16,,67,,1,21,121.5045588,25.0416024
113,6,21,20,12,2,04大安區,大安區建國南路2段與建國南路2段151巷口迴轉道前,0,0,2,1,C03,8,5,5,50,3,4,1,5,4,5,13,2,1,10,5,5,2,13,1,63,2,9,3,4,7,21,1,10,1,15,,108,,1,21,121.5374575,25.0289545
113,6,21,20,12,2,04大安區,大安區建國南路2段與建國南路2段151巷口迴轉道前,0,0,2,2,C03,8,5,5,50,3,4,1,5,4,5,13,2,1,10,5,5,2,13,2,51,2,9,3,4,7,14,1,10,1,13,,44,,1,21,121.5374575,25.0289545
113,6,21,21,17,2,03中山區,中山區民族西路與玉門街口,0,0,1,1,F01,8,6,5,50,3,1,1,5,4,5,13,4,4,5,4,5,2,16,2,61,2,9,4,4,7,11,8,20,1,15,,80,,1,21,121.5209182,25.0686581
113,6,21,21,17,2,03中山區,中山區民族西路與玉門街口,0,0,1,2,C03,8,6,5,50,3,1,1,5,4,5,13,4,4,5,4,5,2,16,1,37,3,10,5,4,7,9,1,10,1,14,,80,,1,21,121.5209182,25.0686581
113,6,21,21,18,2,12內湖區,內湖區成功路2段與成功路2段456巷口,0,0,2,1,C03,8,5,5,50,3,2,1,5,4,5,13,4,4,1,4,5,2,13,2,57,2,9,5,1,7,9,1,10,1,12,,16,,1,21,121.5902091,25.0725682
113,6,21,21,18,2,12內湖區,內湖區成功路2段與成功路2段456巷口,0,0,2,2,C03,8,5,5,50,3,2,1,5,4,5,13,4,4,1,4,5,2,13,1,20,2,9,5,1,7,9,1,10,1,13,,44,,1,21,121.5902091,25.0725682
113,6,21,21,25,2,04大安區,大安區和平東路2段與復興南路2段口,0,0,2,2,C03,8,5,5,50,5,1,1,5,4,5,13,1,1,10,5,5,2,12,2,32,2,9,5,1,7,9,1,10,1,12,,44,,1,21,121.5433217,25.0249802
113,6,21,21,25,2,04大安區,大安區和平東路2段與復興南路2段口,0,0,2,1,C03,8,5,5,50,5,1,1,5,4,5,13,1,1,10,5,5,2,12,1,31,2,7,5,1,7,9,1,10,1,14,,86,,1,21,121.5433217,25.0249802
113,6,21,21,35,2,05中正區,中正區八德路1段與新生南路1段口,0,0,2,1,C03,7,5,5,50,4,2,1,5,4,5,13,1,1,5,4,5,2,17,1,27,2,8,6,1,7,15,1,10,2,11,,44,,1,21,121.5324575,25.0442594
113,6,21,21,35,2,05中正區,中正區八德路1段與新生南路1段口,0,0,2,2,C03,7,5,5,50,4,2,1,5,4,5,13,1,1,5,4,5,2,17,2,51,2,8,6,1,7,15,1,10,2,13,,95,,1,21,121.5324575,25.0442594
113,6,21,21,54,2,11南港區,南港區南港路2段與南港路2段41巷口,0,0,1,1,B03,7,5,5,50,3,2,1,5,4,5,13,2,1,9,4,4,2,16,1,28,3,10,3,4,7,6,1,8,1,5,,71,,1,21,121.6025626,25.0535606
113,6,21,21,54,2,11南港區,南港區南港路2段與南港路2段41巷口,0,0,1,2,C03,7,5,5,50,3,2,1,5,4,5,13,2,1,9,4,4,2,16,2,26,2,9,3,4,7,9,1,10,1,11,,44,,1,21,121.6025626,25.0535606
113,6,21,22,7,2,08士林區,士林區美崙街與美崙街152巷口,0,0,2,1,C04,8,5,5,50,3,1,1,5,4,5,13,4,4,5,5,5,2,17,1,59,2,8,6,1,7,9,1,10,1,14,,107,,1,21,121.5194433,25.0969711
113,6,21,22,7,2,08士林區,士林區美崙街與美崙街152巷口,0,0,2,2,C03,8,5,5,50,3,1,1,5,4,5,13,4,4,5,5,5,2,17,2,22,2,9,6,1,7,9,1,10,1,12,,17,,1,21,121.5194433,25.0969711
113,6,21,22,24,2,05中正區,中正區中華路2段與中華路2段307巷口,0,0,1,1,C03,7,5,5,50,3,1,1,5,4,5,13,1,1,5,4,4,2,17,1,58,2,9,5,1,7,5,1,10,2,12,,71,,1,22,121.5052784,25.0287331
113,6,21,22,24,2,05中正區,中正區中華路2段與中華路2段307巷口,0,0,1,2,A02,7,5,5,50,3,1,1,5,4,5,13,1,1,5,4,4,2,17,1,60,3,10,7,1,7,1,1,2,2,5,,44,,1,22,121.5052784,25.0287331
113,6,21,22,43,2,03中山區,中山區北安路往西自強隧道前機車道,0,0,1,1,C03,8,5,5,50,14,11,1,5,4,5,13,4,4,10,5,5,2,17,1,19,3,10,5,1,7,8,1,10,9,17,,99,,1,21,121.5508223,25.08619746
113,6,21,22,43,2,03中山區,中山區北安路往西自強隧道前機車道,0,0,1,2,C03,8,5,5,50,14,11,1,5,4,5,13,4,4,10,5,5,2,17,1,37,2,9,5,1,7,9,1,11,9,12,11,44,,1,21,121.5508223,25.08619746
113,6,22,0,1,2,03中山區,中山區長安東路1段63號,0,0,1,1,C03,7,5,5,50,14,9,1,5,4,5,13,4,4,5,4,5,2,13,1,27,2,9,3,4,7,11,1,10,1,11,,10,,1,21,121.5272307,25.04860691
113,6,22,0,1,2,03中山區,中山區長安東路1段63號,0,0,1,2,B01,7,5,5,50,14,9,1,5,4,5,13,4,4,5,4,5,2,13,1,64,3,10,3,4,7,9,1,4,1,3,,38,,1,21,121.5272307,25.04860691
113,6,22,0,23,2,02萬華區,萬華區中華路2段150巷與中華路2段口,0,0,3,1,C03,8,5,5,50,4,1,1,5,4,5,13,4,4,5,4,5,2,17,2,31,2,9,6,1,7,9,1,10,1,14,,72,,1,21,121.5040614,25.03046971
113,6,22,0,23,2,02萬華區,萬華區中華路2段150巷與中華路2段口,0,0,3,2,C03,8,5,5,50,4,1,1,5,4,5,13,4,4,5,4,5,2,17,1,32,2,9,6,1,7,9,1,10,1,11,,44,,1,21,121.5040614,25.03046971
113,6,22,0,23,2,02萬華區,萬華區中華路2段150巷與中華路2段口,0,0,3,3,H02,8,5,5,50,4,1,1,5,4,5,13,4,4,5,4,5,2,17,1,31,2,9,4,5,7,20,8,20,10,16,,67,,1,21,121.5040614,25.03046971
113,6,22,1,6,2,04大安區,大安區羅斯福路4段90巷對面,0,0,1,1,C03,7,5,5,50,14,9,1,5,4,5,13,2,1,1,3,5,1,13,1,21,2,9,6,4,7,9,1,10,1,11,,108,,1,22,121.5353117,25.0139543
113,6,22,1,6,2,04大安區,大安區羅斯福路4段90巷對面,0,0,1,2,B01,7,5,5,50,14,9,1,5,4,5,13,2,1,1,3,5,1,13,1,54,3,10,3,4,7,1,1,4,1,3,,44,,1,21,121.5353117,25.0139543
113,6,22,1,15,2,11南港區,南港區忠孝東路6段與忠孝東路6段159巷口,0,0,1,1,B03,7,5,5,30,4,2,1,5,4,5,13,4,4,10,5,5,2,15,1,32,3,10,3,4,7,9,1,8,1,8,,72,,1,21,121.5864838,25.0489593
113,6,22,1,15,2,11南港區,南港區忠孝東路6段與忠孝東路6段159巷口,0,0,1,2,C03,7,5,5,30,4,2,1,5,4,5,13,4,4,10,5,5,2,15,1,37,2,9,6,4,7,9,1,10,1,11,,108,,1,21,121.5864838,25.0489593
113,6,22,2,28,2,03中山區,中山區吉林路與吉林路154巷口口,0,0,2,1,B01,7,5,5,40,4,1,1,5,4,5,13,4,4,5,4,4,2,17,2,54,3,10,3,4,7,11,1,4,1,4,,44,,1,21,121.5301952,25.0568195
113,6,22,2,28,2,03中山區,中山區吉林路與吉林路154巷口口,0,0,2,2,C03,7,5,5,40,4,1,1,5,4,5,13,4,4,5,4,4,2,17,1,21,2,2,3,4,7,9,1,10,1,11,,108,,1,21,121.5301952,25.0568195
113,6,22,2,28,2,03中山區,中山區吉林路與吉林路154巷口口,0,0,2,3,H02,7,5,5,40,4,1,1,5,4,5,13,4,4,5,4,4,2,17,2,20,2,1,3,5,7,20,8,20,10,16,,58,,1,21,121.5301952,25.0568195
113,6,22,3,0,2,08士林區,士林區竹子湖路251巷20號旁,0,0,1,1,B03,8,5,5,40,11,9,1,5,4,5,13,4,4,4,5,5,1,17,1,21,3,10,2,1,7,9,3,18,9,5,,14,,1,22,121.5707597,25.18824608
113,6,22,3,0,2,08士林區,士林區竹子湖路251巷20號旁,0,0,1,2,H02,8,5,5,40,11,9,1,5,4,5,13,4,4,4,5,5,1,17,1,23,2,9,7,5,7,20,8,20,10,16,,67,,1,22,121.5707597,25.18824608
113,6,22,3,0,2,08士林區,士林區竹子湖路251巷20號旁,0,0,1,3,,8,5,5,40,11,9,1,5,4,5,13,4,4,4,5,5,1,17,3,0,,,,,,,,,,,,67,,,,121.5707597,25.18824608
113,6,22,3,11,2,03中山區,中山區長安東路2段與新生北路口側附近1段口,0,0,1,1,B02,7,5,5,50,4,1,1,5,4,5,13,1,1,1,4,5,2,17,1,43,3,10,3,4,7,9,1,8,1,1,,44,,1,21,121.5297011,25.0483148
113,6,22,3,11,2,03中山區,中山區長安東路2段與新生北路口側附近1段口,0,0,1,2,B01,7,5,5,50,4,1,1,5,4,5,13,1,1,1,4,5,2,17,1,65,3,10,3,4,7,9,1,4,1,2,,44,,1,21,121.5297011,25.0483148