發生年度,發生月,發生日,發生時-Hours,發生分,處理別-編號,區序,肇事地點,死亡人數,2-30日死亡人數,受傷人數,當事人序號,車種,天候,道路照明設備,道路類別,速限-速度限制,道路型態,事故位置,路面狀況1,路面狀況2,路面狀況3,道路障礙1,道路障礙2,號誌1,號誌2,車道劃分-分向,車道劃分-分道1,車道劃分-分道2,車道劃分-分道3,事故類型及型態,性別,年齡,受傷程度,主要傷處,保護裝置,行動電話,車輛用途,當事者行動狀態,駕駛資格情形,駕駛執照種類,飲酒情形,車輛撞擊部位1,車輛撞擊部位2,肇因碼-個別,肇因碼-主要,個人肇逃否,職業,座標-X,座標-Y
113,6,22,3,11,2,03中山區,中山區長安東路2段與新生北路口側附近1段口,0,0,1,3,H02,7,5,5,50,4,1,1,5,4,5,13,1,1,1,4,5,2,17,2,41,2,1,3,5,7,20,8,20,10,16,,58,,1,22,121.5297011,25.0483148
113,6,22,5,36,2,05中正區,中正區中山南路與信義路1段口,0,0,1,2,B01,8,6,5,50,4,1,1,5,4,5,13,1,1,10,5,5,2,16,1,59,3,10,2,1,7,9,1,8,2,2,,44,,1,22,121.5179375,25.03862364
113,6,22,5,36,2,05中正區,中正區中山南路與信義路1段口,0,0,1,1,C03,8,6,5,50,4,1,1,5,4,5,13,1,1,10,5,5,2,16,1,62,2,7,6,1,7,7,1,10,2,14,,99,,1,22,121.5179375,25.03862364
113,6,22,8,17,2,05中正區,中正區和平西路1段與福州街口,0,0,1,1,C03,8,6,5,50,5,1,1,5,4,5,13,1,1,3,5,5,1,17,1,39,2,9,5,1,7,6,1,9,2,12,,14,,1,21,121.5163345,25.0274635
113,6,22,8,17,2,05中正區,中正區和平西路1段與福州街口,0,0,1,2,F01,8,6,5,50,5,1,1,5,4,5,13,1,1,3,5,5,1,17,1,45,3,10,4,1,7,9,8,20,2,17,,88,,1,21,121.5163345,25.0274635
113,6,22,8,40,2,05中正區,中正區愛國東路100號,0,0,1,1,F01,7,6,5,0,14,20,4,2,4,4,13,4,4,10,5,5,2,29,2,57,2,8,4,1,7,9,8,20,1,12,,42,,1,21,121.5206985,25.03310052
113,6,22,8,40,2,05中正區,中正區愛國東路100號,0,0,1,2,,7,6,5,0,14,20,4,2,4,4,13,4,4,10,5,5,2,29,3,0,,,,,,,,,,,,67,,1,,121.5206985,25.03310052
113,6,22,9,19,2,10文山區,文山區景美堤外便道往東第067號燈桿,0,0,1,1,F01,8,6,8,0,14,23,1,5,4,5,13,4,4,10,5,5,1,17,1,33,3,10,4,1,7,9,8,20,2,13,,44,,1,22,121.5411833,24.98812235
113,6,22,9,19,2,10文山區,文山區景美堤外便道往東第067號燈桿,0,0,1,2,F01,8,6,8,0,14,23,1,5,4,5,13,4,4,10,5,5,1,17,2,82,2,1,4,1,7,15,8,20,1,11,,101,,1,21,121.5411833,24.98812235
113,6,22,9,27,2,12內湖區,內湖區金龍路182號前,0,0,1,1,B03,8,7,5,50,14,9,1,5,4,5,13,2,1,9,4,5,2,13,1,49,3,10,3,4,7,6,1,8,2,1,,108,,1,21,121.5884221,25.08675633
113,6,22,9,27,2,12內湖區,內湖區金龍路182號前,0,0,1,2,C03,8,7,5,50,14,9,1,5,4,5,13,2,1,9,4,5,2,13,2,64,2,9,6,1,7,14,1,10,2,13,,44,,1,21,121.5884221,25.08675633
113,6,22,10,7,2,03中山區,中山區民族東路65號,0,0,1,1,B03,8,6,5,50,14,8,1,5,4,5,13,4,4,1,4,4,2,12,1,59,3,10,7,1,7,8,1,8,1,2,,100,,1,21,121.5355196,25.068283
113,6,22,10,7,2,03中山區,中山區民族東路65號,0,0,1,2,C03,8,6,5,50,14,8,1,5,4,5,13,4,4,1,4,4,2,12,1,31,2,9,6,1,7,9,1,10,9,14,,44,,1,21,121.5355196,25.068283
113,6,22,10,12,2,05中正區,中正區南陽街與許昌街口,0,0,1,1,B01,8,6,5,30,4,1,1,5,4,5,13,4,4,10,5,5,2,17,1,56,3,10,7,1,7,9,1,8,3,8,,14,,1,21,121.5159362,25.0455038
113,6,22,10,12,2,05中正區,中正區南陽街與許昌街口,0,0,1,2,C03,8,6,5,30,4,1,1,5,4,5,13,4,4,10,5,5,2,17,2,54,2,9,6,1,7,6,1,10,2,12,,14,,1,21,121.5159362,25.0455038
113,6,22,11,0,2,08士林區,士林區承德路4段9巷與承德路4段口,0,0,1,1,B01,8,6,5,30,4,1,1,5,4,5,13,1,1,10,5,5,1,17,1,67,3,10,7,1,7,6,1,4,1,1,,108,,1,21,121.521827,25.0793768
113,6,22,11,0,2,08士林區,士林區承德路4段9巷與承德路4段口,0,0,1,2,C03,8,6,5,30,4,1,1,5,4,5,13,1,1,10,5,5,1,17,2,40,2,8,5,1,7,14,1,10,1,11,,44,,1,21,121.521827,25.0793768
113,6,22,11,1,2,04大安區,大安區復興南路1段378號,0,0,1,1,C03,8,6,5,50,14,9,1,5,4,5,13,4,4,1,3,5,2,12,1,22,2,9,6,1,7,8,1,9,2,11,,108,,1,21,121.543524,25.0342252
113,6,22,11,1,2,04大安區,大安區復興南路1段378號,0,0,1,2,B03,8,6,5,50,14,9,1,5,4,5,13,4,4,1,3,5,2,12,2,49,3,10,7,1,7,9,1,8,2,6,,44,,1,21,121.543524,25.0342252
113,6,22,11,18,2,08士林區,士林區萬溪產業道路(至善幹49R28B7359),0,0,1,1,B03,8,6,5,30,11,9,1,5,4,5,13,4,4,10,5,5,1,17,1,58,3,10,7,1,7,4,1,8,1,7,,5,,1,21,121.5919473,25.12465631
113,6,22,11,18,2,08士林區,士林區萬溪產業道路(至善幹49R28B7359),0,0,1,2,F01,8,6,5,30,11,9,1,5,4,5,13,4,4,10,5,5,1,17,1,52,2,9,4,1,7,9,8,20,1,12,,5,,1,21,121.5919473,25.12465631
113,6,22,11,20,2,06松山區,松山區濱江街與濱江街口500號出入口,0,0,3,1,C03,8,6,5,40,3,1,1,5,4,5,13,4,4,3,4,4,2,16,2,64,2,9,5,1,7,1,1,10,1,14,,19,,1,21,121.5584031,25.07174508
113,6,22,11,20,2,06松山區,松山區濱江街與濱江街口500號出入口,0,0,3,2,C03,8,6,5,40,3,1,1,5,4,5,13,4,4,3,4,4,2,16,2,45,2,9,6,1,7,9,1,10,1,11,,44,,1,21,121.5584031,25.07174508
113,6,22,11,20,2,06松山區,松山區濱江街與濱江街口500號出入口,0,0,3,3,B03,8,6,5,40,3,1,1,5,4,5,13,4,4,3,4,4,2,16,3,50,,,,,,,,,10,,,67,,1,,121.5584031,25.07174508
113,6,22,11,20,2,06松山區,松山區濱江街與濱江街口500號出入口,0,0,3,4,H02,8,6,5,40,3,1,1,5,4,5,13,4,4,3,4,4,2,16,1,9,2,9,5,5,7,20,8,20,10,16,,67,,1,21,121.5584031,25.07174508
113,6,22,11,30,2,05中正區,中正區重慶南路1段與開封街1段口,0,0,1,1,C03,8,7,5,50,4,2,1,5,4,5,13,1,1,10,4,5,2,17,1,25,3,10,6,1,7,5,1,10,1,14,,100,,1,21,121.5132595,25.04611308
113,6,22,11,30,2,05中正區,中正區重慶南路1段與開封街1段口,0,0,1,2,C03,8,7,5,50,4,2,1,5,4,5,13,1,1,10,4,5,2,17,2,23,2,9,6,1,7,9,1,10,1,12,,44,,1,21,121.5132595,25.04611308
113,6,22,11,33,2,08士林區,士林區基河路300巷1100532燈桿前,0,0,1,1,B03,8,7,5,50,14,9,1,5,4,5,13,4,4,9,5,5,2,12,1,35,3,10,7,1,7,11,1,8,1,4,,10,,1,21,121.5189772,25.09370315
113,6,22,11,33,2,08士林區,士林區基河路300巷1100532燈桿前,0,0,1,2,C03,8,7,5,50,14,9,1,5,4,5,13,4,4,9,5,5,2,12,1,73,2,9,6,1,7,9,1,10,1,12,,44,,1,21,121.5189772,25.09370315
113,6,22,11,50,2,12內湖區,內湖區成功路2段254號,0,0,1,1,C03,8,6,5,50,14,9,1,5,4,5,13,2,1,1,4,5,2,17,2,62,3,10,6,1,7,9,1,11,2,11,,16,,1,21,121.5904492,25.06609525
113,6,22,11,50,2,12內湖區,內湖區成功路2段254號,0,0,1,2,C03,8,6,5,50,14,9,1,5,4,5,13,2,1,1,4,5,2,17,1,35,2,9,5,1,7,14,1,10,2,13,,44,,1,21,121.5904492,25.06609525
113,6,22,12,7,2,05中正區,中正區南海路與牯嶺街口,0,0,1,1,C03,8,7,5,30,4,1,1,5,4,5,13,2,1,10,4,5,2,16,2,40,2,5,5,1,7,5,1,9,1,14,,80,,1,21,121.515056,25.0320204
113,6,22,12,7,2,05中正區,中正區南海路與牯嶺街口,0,0,1,2,C03,8,7,5,30,4,1,1,5,4,5,13,2,1,10,4,5,2,16,1,32,3,10,5,1,7,9,1,10,1,12,,44,,1,21,121.515056,25.0320204
113,6,22,12,7,2,05中正區,中正區南海路與牯嶺街口,0,0,1,3,H02,8,7,5,30,4,1,1,5,4,5,13,2,1,10,4,5,2,16,2,47,4,11,5,5,7,20,8,20,10,16,,67,,1,21,121.515056,25.0320204
113,6,22,12,48,2,07信義區,信義區虎林街57-1號,0,0,2,1,C03,8,6,5,50,14,9,1,5,4,5,13,4,4,9,5,5,1,16,2,41,2,7,3,4,7,1,1,10,1,14,,19,,1,22,121.5769325,25.04667466
113,6,22,12,48,2,07信義區,信義區虎林街57-1號,0,0,2,2,C03,8,6,5,50,14,9,1,5,4,5,13,4,4,9,5,5,1,16,1,31,2,9,3,4,7,9,1,10,1,11,,44,,1,22,121.5769325,25.04667466
113,6,22,13,12,2,04大安區,大安區復興南路2段391號,0,0,1,1,C03,8,6,5,50,14,9,1,5,4,5,13,4,4,1,4,5,1,12,2,49,2,8,6,1,7,8,1,10,1,12,,100,,1,21,121.5434736,25.02190528
113,6,22,13,12,2,04大安區,大安區復興南路2段391號,0,0,1,2,B01,8,6,5,50,14,9,1,5,4,5,13,4,4,1,4,5,1,12,1,68,3,10,7,1,7,9,1,4,1,4,,44,,1,21,121.5434736,25.02190528
113,6,22,13,17,2,12內湖區,內湖區民善街與舊宗路1段150巷口,0,0,1,1,B02,8,6,5,50,4,2,1,5,4,5,13,4,4,5,5,5,2,17,2,42,3,10,7,1,7,5,1,8,2,8,,8,,1,21,121.5751241,25.0616955
113,6,22,13,17,2,12內湖區,內湖區民善街與舊宗路1段150巷口,0,0,1,2,C03,8,6,5,50,4,2,1,5,4,5,13,4,4,5,5,5,2,17,2,41,2,9,5,1,7,9,1,10,2,12,,44,,1,21,121.5751241,25.0616955
113,6,22,13,22,2,05中正區,中正區重慶南路3段與和平西路1段口口,0,0,1,1,C03,8,6,5,50,4,1,1,5,4,5,13,1,1,1,4,5,1,17,2,32,3,10,6,1,7,6,1,10,1,12,,9,,1,21,121.5160815,25.02740639
113,6,22,13,22,2,05中正區,中正區重慶南路3段與和平西路1段口口,0,0,1,2,C03,8,6,5,50,4,1,1,5,4,5,13,1,1,1,4,5,1,17,2,39,2,3,6,1,7,1,1,10,1,11,,44,,1,21,121.5160815,25.02740639
113,6,22,13,23,2,06松山區,松山區市民大道6段與松山路口口,0,0,2,1,C03,8,5,5,40,4,1,1,5,4,5,13,2,1,1,4,5,2,16,1,28,2,9,5,1,7,5,1,10,2,14,,8,,1,22,121.5777284,25.0494939
113,6,22,13,23,2,06松山區,松山區市民大道6段與松山路口口,0,0,2,2,C03,8,5,5,40,4,1,1,5,4,5,13,2,1,1,4,5,2,16,1,63,2,9,5,4,7,9,3,18,3,12,,44,,1,26,121.5777284,25.0494939
113,6,22,13,24,2,03中山區,中山區民權東路2段105號,0,0,2,1,B01,8,5,5,50,14,9,1,5,4,5,13,4,4,1,4,5,2,13,1,61,3,10,7,1,7,14,1,4,1,7,,14,,1,21,121.5326014,25.0627099
113,6,22,13,24,2,03中山區,中山區民權東路2段105號,0,0,2,2,C03,8,5,5,50,14,9,1,5,4,5,13,4,4,1,4,5,2,13,2,30,2,8,6,1,7,9,1,10,1,11,,44,,1,21,121.5326014,25.0627099
113,6,22,13,24,2,03中山區,中山區民權東路2段105號,0,0,2,3,H02,8,5,5,50,14,9,1,5,4,5,13,4,4,1,4,5,2,13,2,25,2,1,6,5,7,21,8,20,10,17,,67,,1,21,121.5326014,25.0627099
113,6,22,13,40,2,12內湖區,內湖區內湖路1段629巷與港墘路82巷口,0,0,2,1,C03,8,6,5,50,14,9,1,5,4,5,13,4,4,10,5,5,2,17,1,38,2,9,6,1,7,9,1,10,1,11,,16,,1,21,121.5760977,25.08135196
113,6,22,13,40,2,12內湖區,內湖區內湖路1段629巷與港墘路82巷口,0,0,2,2,C03,8,6,5,50,14,9,1,5,4,5,13,4,4,10,5,5,2,17,1,49,2,8,5,1,7,14,1,10,1,13,,44,,1,21,121.5760977,25.08135196
113,6,22,14,28,2,05中正區,中正區寧波西街與羅斯福路1段口口,0,0,1,1,B03,7,6,5,50,4,1,1,5,4,5,13,1,1,1,4,4,2,16,1,33,3,10,3,4,7,6,3,18,1,6,,9,,1,21,121.5189715,25.031513
113,6,22,14,28,2,05中正區,中正區寧波西街與羅斯福路1段口口,0,0,1,2,C03,7,6,5,50,4,1,1,5,4,5,13,1,1,1,4,4,2,16,2,42,2,8,5,1,7,9,1,10,1,14,,44,,1,21,121.5189715,25.031513
113,6,22,14,33,2,03中山區,中山區市民大道2段與金山北路口,0,0,2,1,B01,7,5,5,50,4,1,1,5,4,5,13,1,1,1,4,4,2,16,1,54,3,10,3,4,7,6,1,4,1,5,,9,,1,21,121.5305749,25.04604234
113,6,22,14,33,2,03中山區,中山區市民大道2段與金山北路口,0,0,2,2,C03,7,5,5,50,4,1,1,5,4,5,13,1,1,1,4,4,2,16,1,65,2,7,3,4,7,9,1,10,1,14,,44,,1,21,121.5305749,25.04604234
113,6,22,14,33,2,03中山區,中山區市民大道2段與金山北路口,0,0,2,3,H02,7,5,5,50,4,1,1,5,4,5,13,1,1,1,4,4,2,16,2,64,2,8,3,5,7,21,8,20,10,16,,67,,1,21,121.5305749,25.04604234
113,6,22,15,14,2,03中山區,中山區建國高架道與建國北路2段口橋下迴轉道,0,0,2,1,B01,8,7,5,30,3,1,1,5,4,5,13,4,4,5,2,5,2,9,1,53,3,10,7,1,7,1,1,4,1,4,,19,,1,21,121.536948,25.05951926
113,6,22,15,14,2,03中山區,中山區建國高架道與建國北路2段口橋下迴轉道,0,0,2,2,H01,8,7,5,30,3,1,1,5,4,5,13,4,4,5,2,5,2,9,2,50,2,9,4,5,8,16,8,20,1,16,,67,,1,21,121.536948,25.05951926
113,6,22,15,14,2,03中山區,中山區建國高架道與建國北路2段口橋下迴轉道,0,0,2,3,H01,8,7,5,30,3,1,1,5,4,5,13,4,4,5,2,5,2,9,1,54,2,9,4,5,8,16,8,20,1,16,,67,,1,21,121.536948,25.05951926
113,6,22,15,40,2,08士林區,士林區社子街22巷與社子街84巷口口,0,0,1,1,B03,6,6,5,30,4,1,1,4,4,5,13,4,4,10,5,5,2,15,1,38,3,10,7,1,7,9,1,8,1,1,,72,,1,21,121.506582,25.08665385
113,6,22,15,40,2,08士林區,士林區社子街22巷與社子街84巷口口,0,0,1,2,C03,6,6,5,30,4,1,1,4,4,5,13,4,4,10,5,5,2,15,2,39,2,9,6,1,7,9,1,10,1,14,,108,,1,21,121.506582,25.08665385
113,6,22,15,55,2,09北投區,北投區大度路1段與大度路1段口21號,0,0,1,1,B03,8,6,5,50,3,1,1,5,4,5,13,4,4,1,4,5,1,17,1,38,3,10,7,1,7,6,1,8,1,17,,9,,1,21,121.4975181,25.1210149
113,6,22,15,55,2,09北投區,北投區大度路1段與大度路1段口21號,0,0,1,2,C03,8,6,5,50,3,1,1,5,4,5,13,4,4,1,4,5,1,17,1,22,2,8,5,1,7,9,1,10,1,17,,44,,1,21,121.4975181,25.1210149
113,6,22,16,16,2,03中山區,中山區中原街與錦州街口,0,0,1,1,B03,6,6,5,50,4,2,1,4,4,5,13,2,1,5,4,5,2,17,1,41,3,10,7,1,7,1,1,8,1,17,,19,,1,21,121.528755,25.0603364
113,6,22,16,16,2,03中山區,中山區中原街與錦州街口,0,0,1,2,C03,6,6,5,50,4,2,1,4,4,5,13,2,1,5,4,5,2,17,1,51,2,9,6,1,7,9,1,10,1,14,,44,,1,21,121.528755,25.0603364
113,6,22,16,20,2,03中山區,中山區八德路2段183號,0,0,1,1,C03,6,5,5,50,14,9,1,4,4,5,13,4,4,5,4,5,2,12,1,25,2,9,3,4,7,10,1,10,1,11,,42,,1,21,121.538784,25.04648639
113,6,22,16,20,2,03中山區,中山區八德路2段183號,0,0,1,2,B03,6,5,5,50,14,9,1,4,4,5,13,4,4,5,4,5,2,12,2,49,3,10,3,4,7,9,1,10,1,5,,44,,1,21,121.538784,25.04648639
113,6,22,16,20,2,03中山區,中山區八德路2段183號,0,0,1,3,C03,6,5,5,50,14,9,1,4,4,5,13,4,4,5,4,5,2,12,2,44,3,10,3,4,7,7,1,10,9,17,,44,,1,21,121.538784,25.04648639
113,6,22,16,30,2,09北投區,北投區承德路7段303號,0,0,1,1,B03,8,6,5,50,14,7,1,5,4,5,13,4,4,1,4,4,2,17,1,47,3,10,7,1,7,1,1,8,1,4,,19,,1,22,121.5043501,25.1168424
113,6,22,16,30,2,09北投區,北投區承德路7段303號,0,0,1,2,C03,8,6,5,50,14,7,1,5,4,5,13,4,4,1,4,4,2,17,2,22,2,9,6,1,7,9,1,10,1,11,,13,,1,22,121.5043501,25.1168424
113,6,22,16,45,2,05中正區,中正區鄭州路與承德路1段口,0,0,2,1,B03,8,6,5,40,4,1,1,5,4,5,13,1,1,1,4,5,2,13,1,20,3,10,7,4,7,12,1,8,1,3,,16,,1,22,121.5165159,25.04890308
113,6,22,16,45,2,05中正區,中正區鄭州路與承德路1段口,0,0,2,2,B03,8,6,5,40,4,1,1,5,4,5,13,1,1,1,4,5,2,13,1,41,3,10,7,4,7,9,1,8,1,1,,44,,1,22,121.5165159,25.04890308
113,6,22,16,45,2,05中正區,中正區鄭州路與承德路1段口,0,0,2,3,H02,8,6,5,40,4,1,1,5,4,5,13,1,1,1,4,5,2,13,2,65,2,9,7,5,7,20,8,20,10,16,,67,,1,22,121.5165159,25.04890308
113,6,22,16,45,2,05中正區,中正區鄭州路與承德路1段口,0,0,2,4,H02,8,6,5,40,4,1,1,5,4,5,13,1,1,1,4,5,2,13,2,42,2,9,7,5,7,20,8,20,10,16,,67,,1,22,121.5165159,25.04890308
113,6,22,16,46,2,06松山區,松山區民權東路5段與撫遠街口,0,0,2,1,C03,7,7,5,50,5,1,1,4,4,4,13,1,1,1,4,5,2,13,1,30,2,9,6,1,7,9,1,10,2,13,,42,,1,21,121.5657472,25.0631454
113,6,22,16,46,2,06松山區,松山區民權東路5段與撫遠街口,0,0,2,2,C03,7,7,5,50,5,1,1,4,4,4,13,1,1,1,4,5,2,13,1,56,2,9,6,1,7,9,1,10,2,11,,42,,1,21,121.5657472,25.0631454
113,6,22,17,15,2,03中山區,中山區市民大道3段與松江路口,0,0,1,1,F01,8,7,5,0,4,1,1,5,4,5,13,2,1,9,4,5,2,9,1,69,3,10,4,1,7,9,8,20,1,11,,108,,1,21,121.5331234,25.0453713
113,6,22,17,15,2,03中山區,中山區市民大道3段與松江路口,0,0,1,2,H01,8,7,5,0,4,1,1,5,4,5,13,2,1,9,4,5,2,9,2,32,2,9,4,5,8,16,8,20,1,16,,67,,1,21,121.5331234,25.0453713
113,6,22,17,47,2,06松山區,松山區市民大道4段與延吉街口,0,0,1,1,B03,7,7,5,50,4,1,1,5,4,5,13,2,1,9,4,5,2,17,2,45,3,10,7,1,7,5,1,8,1,8,,98,,1,22,121.5537608,25.04452415
113,6,22,17,47,2,06松山區,松山區市民大道4段與延吉街口,0,0,1,2,C03,7,7,5,50,4,1,1,5,4,5,13,2,1,9,4,5,2,17,1,39,2,9,6,1,7,9,1,10,1,11,,44,,1,22,121.5537608,25.04452415
113,6,22,17,56,2,05中正區,中正區中山南路與忠孝東路1段口,0,0,1,2,C03,8,5,5,50,4,2,1,5,4,5,13,1,1,4,4,1,1,17,1,33,3,10,5,1,7,9,1,10,1,14,,44,,1,21,121.5196658,25.0453999
113,6,22,17,56,2,05中正區,中正區中山南路與忠孝東路1段口,0,0,1,1,C03,8,5,5,50,4,2,1,5,4,5,13,1,1,4,4,1,1,17,1,27,4,11,3,4,7,21,7,19,9,15,,9,,2,22,121.5196658,25.0453999
113,6,22,17,56,2,05中正區,中正區中山南路與忠孝東路1段口,0,0,1,3,H02,8,5,5,50,4,2,1,5,4,5,13,1,1,4,4,1,1,17,2,29,2,8,5,5,7,21,8,20,10,16,,44,,1,21,121.5196658,25.0453999
113,6,22,18,4,2,06松山區,松山區光復南路與八德路4段口,0,0,2,1,C03,7,6,5,50,4,2,1,5,4,5,13,2,1,1,4,5,2,13,2,23,2,9,6,1,7,9,1,10,1,11,,16,,1,21,121.5578955,25.04821653
113,6,22,18,4,2,06松山區,松山區光復南路與八德路4段口,0,0,2,2,C03,7,6,5,50,4,2,1,5,4,5,13,2,1,1,4,5,2,13,2,54,2,9,6,1,7,9,1,10,1,13,,44,,1,21,121.5578955,25.04821653
113,6,22,18,12,2,12內湖區,內湖區南京東路6段東向西P119柱前,0,0,1,1,B03,7,5,5,50,14,9,1,5,4,5,13,4,4,1,4,5,2,16,1,53,3,10,7,1,7,7,1,8,1,2,,100,,1,21,121.5808732,25.0569516
113,6,22,18,12,2,12內湖區,內湖區南京東路6段東向西P119柱前,0,0,1,2,C01,7,5,5,50,14,9,1,5,4,5,13,4,4,1,4,5,2,16,1,32,2,8,5,1,7,9,1,9,1,14,,44,,1,21,121.5808732,25.0569516
113,6,22,18,25,2,01大同區,大同區鄭州路與西寧北路口,0,0,2,1,C03,8,6,5,40,5,1,1,5,4,5,13,2,1,1,4,5,2,17,1,16,2,9,6,1,7,9,2,18,1,11,,16,,1,21,121.5082426,25.0505892
113,6,22,18,25,2,01大同區,大同區鄭州路與西寧北路口,0,0,2,2,C03,8,6,5,40,5,1,1,5,4,5,13,2,1,1,4,5,2,17,1,26,3,10,6,1,7,5,1,10,1,13,,44,,1,21,121.5082426,25.0505892
113,6,22,18,25,2,01大同區,大同區鄭州路與西寧北路口,0,0,2,3,C01,8,6,5,40,5,1,1,5,4,5,13,2,1,1,4,5,2,17,1,40,2,9,6,1,7,9,1,9,1,11,,16,,1,21,121.5082426,25.0505892
113,6,22,18,25,2,01大同區,大同區鄭州路與西寧北路口,0,0,2,4,B01,8,6,5,40,5,1,1,5,4,5,13,2,1,1,4,5,2,17,1,69,3,10,7,1,7,7,1,4,1,1,,16,,1,21,121.5082426,25.0505892
113,6,22,18,25,2,07信義區,信義區忠孝東路4段551號,0,0,1,1,F01,7,5,5,50,14,9,1,5,4,5,13,2,1,3,4,5,2,12,1,19,2,9,4,1,7,8,8,20,1,11,,100,,1,21,121.5628693,25.0413182
113,6,22,18,25,2,07信義區,信義區忠孝東路4段551號,0,0,1,2,B03,7,5,5,50,14,9,1,5,4,5,13,2,1,3,4,5,2,12,2,43,3,10,7,1,7,9,1,8,1,7,,44,,1,21,121.5628693,25.0413182
113,6,22,18,34,2,10文山區,文山區木柵路2段與木柵路2段67巷口,0,0,1,1,C03,8,6,5,30,3,2,1,5,4,5,13,4,4,5,4,5,2,17,2,78,2,9,3,4,7,5,1,10,2,11,,72,,1,22,121.5607676,24.9887416
113,6,22,18,34,2,10文山區,文山區木柵路2段與木柵路2段67巷口,0,0,1,2,B03,8,6,5,30,3,2,1,5,4,5,13,4,4,5,4,5,2,17,2,28,3,10,3,4,7,9,1,8,2,4,,42,,1,22,121.5607676,24.9887416
113,6,22,18,35,2,09北投區,北投區承德路7段與公館路口,0,0,3,1,C03,7,5,5,60,14,9,1,5,4,5,13,4,4,1,4,1,2,12,1,69,2,9,3,4,7,9,1,10,2,12,,107,,1,21,121.5009507,25.1197988
113,6,22,18,35,2,09北投區,北投區承德路7段與公館路口,0,0,3,2,C03,7,5,5,60,14,9,1,5,4,5,13,4,4,1,4,1,2,12,1,45,3,10,3,4,7,9,1,10,2,17,,44,,1,26,121.5009507,25.1197988
113,6,22,18,35,2,09北投區,北投區承德路7段與公館路口,0,0,3,3,C03,7,5,5,60,14,9,1,5,4,5,13,4,4,1,4,1,2,12,1,32,2,8,3,4,7,9,1,10,2,11,,44,,1,26,121.5009507,25.1197988
113,6,22,18,35,2,09北投區,北投區承德路7段與公館路口,0,0,3,4,H02,7,5,5,60,14,9,1,5,4,5,13,4,4,1,4,1,2,12,1,14,2,6,3,5,7,20,8,20,10,16,,67,,1,15,121.5009507,25.1197988
113,6,22,18,35,2,12內湖區,內湖區民權東路6段與瑞光路口,0,0,2,1,C03,8,5,5,50,4,1,1,5,4,5,13,2,1,1,4,5,2,17,1,25,2,9,6,1,7,9,1,10,1,14,,108,,1,21,121.5843593,25.068744
113,6,22,18,35,2,12內湖區,內湖區民權東路6段與瑞光路口,0,0,2,2,C03,8,5,5,50,4,1,1,5,4,5,13,2,1,1,4,5,2,17,1,36,2,9,6,1,7,8,1,8,1,13,,100,,1,21,121.5843593,25.068744
113,6,22,18,50,2,06松山區,松山區市民大道6段(八德路4段654號後面),0,0,1,1,B02,7,5,5,40,3,1,1,5,4,5,13,4,4,1,3,5,2,17,1,62,3,10,7,1,7,6,1,8,1,2,,9,,1,26,121.5752041,25.0494472
113,6,22,18,50,2,06松山區,松山區市民大道6段(八德路4段654號後面),0,0,1,2,C03,7,5,5,40,3,1,1,5,4,5,13,4,4,1,3,5,2,17,1,24,2,9,5,1,7,9,1,10,1,11,,14,,1,26,121.5752041,25.0494472
113,6,22,19,8,2,10文山區,文山區興隆路2段與興隆路2段203巷口,0,0,1,1,C03,8,5,5,50,4,1,1,5,4,5,13,2,1,1,4,5,1,13,2,30,2,9,6,1,7,9,1,10,1,11,,108,,1,21,121.5497676,25.0008564
113,6,22,19,8,2,10文山區,文山區興隆路2段與興隆路2段203巷口,0,0,1,2,C03,8,5,5,50,4,1,1,5,4,5,13,2,1,1,4,5,1,13,1,48,3,10,6,1,7,8,1,10,1,13,,44,,1,26,121.5497676,25.0008564
113,6,22,19,16,2,04大安區,大安區和平東路3段98巷35號,0,0,1,1,B03,8,5,8,30,22,22,1,5,4,5,13,4,4,10,5,5,2,8,1,50,3,10,3,4,7,9,1,8,1,2,,108,,1,21,121.5509766,25.0235831
113,6,22,19,16,2,04大安區,大安區和平東路3段98巷35號,0,0,1,2,H01,8,5,8,30,22,22,1,5,4,5,13,4,4,10,5,5,2,8,2,23,2,8,4,5,8,17,8,20,10,16,,44,,1,21,121.5509766,25.0235831
113,6,22,19,28,2,01大同區,大同區鄭州路與塔城街口,0,0,2,1,B03,8,5,5,40,5,1,1,5,4,5,13,4,4,1,5,5,2,16,1,39,3,10,7,1,7,6,1,8,1,2,,9,,1,21,121.5103538,25.05005773
113,6,22,19,28,2,01大同區,大同區鄭州路與塔城街口,0,0,2,2,C03,8,5,5,40,5,1,1,5,4,5,13,4,4,1,5,5,2,16,1,24,2,9,6,1,7,9,1,10,1,14,,44,,1,21,121.5103538,25.05005773
113,6,22,19,28,2,01大同區,大同區鄭州路與塔城街口,0,0,2,3,H02,8,5,5,40,5,1,1,5,4,5,13,4,4,1,5,5,2,16,2,24,2,8,6,5,7,20,8,20,10,16,,67,,1,21,121.5103538,25.05005773
113,6,22,19,30,2,11南港區,南港區舊莊街1段19號對面,0,0,2,1,C03,7,5,5,50,14,9,1,5,4,5,13,4,4,9,4,5,2,12,1,71,2,9,6,4,7,1,1,10,1,12,,19,,1,21,121.6179487,25.0415824