發生年度,發生月,發生日,發生時-Hours,發生分,處理別-編號,區序,肇事地點,死亡人數,2-30日死亡人數,受傷人數,當事人序號,車種,天候,道路照明設備,道路類別,速限-速度限制,道路型態,事故位置,路面狀況1,路面狀況2,路面狀況3,道路障礙1,道路障礙2,號誌1,號誌2,車道劃分-分向,車道劃分-分道1,車道劃分-分道2,車道劃分-分道3,事故類型及型態,性別,年齡,受傷程度,主要傷處,保護裝置,行動電話,車輛用途,當事者行動狀態,駕駛資格情形,駕駛執照種類,飲酒情形,車輛撞擊部位1,車輛撞擊部位2,肇因碼-個別,肇因碼-主要,個人肇逃否,職業,座標-X,座標-Y
113,6,22,19,30,2,11南港區,南港區舊莊街1段19號對面,0,0,2,2,C03,7,5,5,50,14,9,1,5,4,5,13,4,4,9,4,5,2,12,2,32,2,8,6,4,7,9,1,10,1,11,,44,,1,21,121.6179487,25.0415824
113,6,22,20,49,2,04大安區,大安區新生南路3段與辛亥路1段口口,0,0,4,4,H02,7,5,5,50,4,1,1,5,4,5,13,1,1,1,3,5,1,12,1,71,2,8,4,5,7,21,8,20,10,16,,67,,1,21,121.5343917,25.02224872
113,6,22,20,49,2,04大安區,大安區新生南路3段與辛亥路1段口口,0,0,4,1,A04,7,5,5,50,4,1,1,5,4,5,13,1,1,1,3,5,1,12,1,56,3,10,7,1,7,9,1,2,1,8,,108,,1,21,121.5343917,25.02224872
113,6,22,20,49,2,04大安區,大安區新生南路3段與辛亥路1段口口,0,0,4,2,C03,7,5,5,50,4,1,1,5,4,5,13,1,1,1,3,5,1,12,1,43,2,8,6,1,7,14,1,10,1,12,,44,,1,21,121.5343917,25.02224872
113,6,22,20,49,2,04大安區,大安區新生南路3段與辛亥路1段口口,0,0,4,3,H02,7,5,5,50,4,1,1,5,4,5,13,1,1,1,3,5,1,12,2,49,2,9,6,5,7,21,8,20,10,16,,67,,1,21,121.5343917,25.02224872
113,6,22,20,49,2,04大安區,大安區新生南路3段與辛亥路1段口口,0,0,4,5,H02,7,5,5,50,4,1,1,5,4,5,13,1,1,1,3,5,1,12,2,67,2,9,4,5,7,21,8,20,10,16,,67,,1,21,121.5343917,25.02224872
113,6,22,21,17,2,04大安區,大安區和平東路1段與金山南路2段口,0,0,1,1,B01,7,5,5,50,3,1,1,5,4,5,13,1,1,1,3,5,2,17,1,58,3,10,7,1,7,6,1,3,1,5,,9,,1,21,121.5260369,25.026925
113,6,22,21,17,2,04大安區,大安區和平東路1段與金山南路2段口,0,0,1,2,C03,7,5,5,50,3,1,1,5,4,5,13,1,1,1,3,5,2,17,1,24,2,9,5,1,7,9,1,10,1,14,,44,,1,21,121.5260369,25.026925
113,6,22,21,53,2,05中正區,中正區汀州路3段與汀州路3段2巷口,0,0,1,1,B03,7,5,5,50,3,1,1,5,4,5,13,4,4,1,3,5,2,17,1,57,3,10,7,1,7,6,1,2,1,5,,9,,1,22,121.5261723,25.0195215
113,6,22,21,53,2,05中正區,中正區汀州路3段與汀州路3段2巷口,0,0,1,2,F01,7,5,5,50,3,1,1,5,4,5,13,4,4,1,3,5,2,17,2,7,2,8,4,1,7,9,8,20,1,14,,42,,1,22,121.5261723,25.0195215
113,6,22,21,54,2,01大同區,大同區延平北路4段104號與延平北路4段102巷口,0,0,1,1,B03,8,5,5,50,3,2,1,5,4,5,13,4,4,5,4,4,2,17,1,41,3,10,3,4,7,9,1,8,1,1,,107,,1,21,121.5108999,25.0717696
113,6,22,21,54,2,01大同區,大同區延平北路4段104號與延平北路4段102巷口,0,0,1,2,C03,8,5,5,50,3,2,1,5,4,5,13,4,4,5,4,4,2,17,1,22,2,9,3,4,7,9,1,10,1,13,,44,,1,21,121.5108999,25.0717696
113,6,22,22,34,2,04大安區,大安區市民大道4段82號,0,0,3,1,B03,8,5,5,40,14,9,1,5,4,5,13,4,4,1,4,5,2,29,1,25,2,1,7,4,7,9,3,18,1,5,,108,,1,21,121.5478749,25.0448198
113,6,22,22,34,2,04大安區,大安區市民大道4段82號,0,0,3,2,B03,8,5,5,40,14,9,1,5,4,5,13,4,4,1,4,5,2,29,3,37,,,,,,,,,,,,67,,1,,121.5478749,25.0448198
113,6,22,22,34,2,04大安區,大安區市民大道4段82號,0,0,3,3,H01,8,5,5,40,14,9,1,5,4,5,13,4,4,1,4,5,2,29,1,41,2,8,4,5,8,17,8,20,10,16,,67,,1,21,121.5478749,25.0448198
113,6,22,22,34,2,04大安區,大安區市民大道4段82號,0,0,3,4,C03,8,5,5,40,14,9,1,5,4,5,13,4,4,1,4,5,2,29,3,40,,,,,,,,,,,,67,,1,,121.5478749,25.0448198
113,6,22,22,34,2,04大安區,大安區市民大道4段82號,0,0,3,5,C03,8,5,5,40,14,9,1,5,4,5,13,4,4,1,4,5,2,29,3,19,,,,,,,,,,,,67,,1,,121.5478749,25.0448198
113,6,22,22,34,2,04大安區,大安區市民大道4段82號,0,0,3,6,C03,8,5,5,40,14,9,1,5,4,5,13,4,4,1,4,5,2,29,3,0,,,,,,,,,,,,67,,1,,121.5478749,25.0448198
113,6,22,22,34,2,04大安區,大安區市民大道4段82號,0,0,3,7,F01,8,5,5,40,14,9,1,5,4,5,13,4,4,1,4,5,2,29,3,21,,,,,,,,,,,,67,,1,,121.5478749,25.0448198
113,6,22,22,34,2,04大安區,大安區市民大道4段82號,0,0,3,8,H02,8,5,5,40,14,9,1,5,4,5,13,4,4,1,4,5,2,29,2,25,2,1,7,5,7,20,8,20,10,16,,67,,1,21,121.5478749,25.0448198
113,6,23,1,17,2,04大安區,大安區基隆路3段(北往南),0,0,1,1,C04,8,5,5,50,14,9,1,5,4,5,13,4,4,1,4,4,2,18,2,24,2,9,5,1,7,12,1,10,1,12,,42,,1,21,121.5421285,25.0155494
113,6,23,1,17,2,04大安區,大安區基隆路3段(北往南),0,0,1,2,,8,5,5,50,14,9,1,5,4,5,13,4,4,1,4,4,2,18,3,0,,,,,,,,,,,,67,,1,,121.5421285,25.0155494
113,6,23,3,3,2,05中正區,中正區重慶南路3段104號,0,0,1,1,C02,8,5,5,0,14,9,1,5,4,5,13,4,4,3,4,5,2,9,2,21,3,10,5,1,7,9,3,18,2,11,,88,,1,21,121.5164266,25.02515807
113,6,23,3,3,2,05中正區,中正區重慶南路3段104號,0,0,1,2,H01,8,5,5,0,14,9,1,5,4,5,13,4,4,3,4,5,2,9,2,28,2,9,4,5,8,18,8,20,10,16,,67,,1,21,121.5164266,25.02515807
113,6,23,3,26,2,12內湖區,內湖區民權東路6段26號,0,0,1,1,C03,7,6,5,50,4,2,1,5,4,5,13,2,1,9,4,5,2,12,1,20,2,9,6,1,7,11,1,10,1,12,,98,,1,21,121.5795366,25.0667088
113,6,23,3,26,2,12內湖區,內湖區民權東路6段26號,0,0,1,2,B01,7,6,5,50,4,2,1,5,4,5,13,2,1,9,4,5,2,12,1,64,3,10,7,1,7,7,1,4,1,4,,44,,1,21,121.5795366,25.0667088
113,6,23,5,44,2,05中正區,中正區延平南路與愛國西路口,0,0,1,1,A05,8,6,5,50,4,1,1,5,4,5,13,1,1,1,4,4,2,16,1,49,3,10,7,1,7,6,1,2,1,5,,9,,1,21,121.5078644,25.0366414
113,6,23,5,44,2,05中正區,中正區延平南路與愛國西路口,0,0,1,2,C03,8,6,5,50,4,1,1,5,4,5,13,1,1,1,4,4,2,16,1,60,2,9,5,1,7,9,1,9,1,14,,44,,1,21,121.5078644,25.0366414
113,6,23,6,36,2,02萬華區,萬華區萬板大橋往北市機車道近010號燈桿,0,0,1,1,C03,8,6,7,40,11,11,1,5,4,5,13,4,4,10,4,5,2,23,1,72,2,9,3,4,7,9,1,10,7,14,,21,,1,22,121.4900175,25.0303428
113,6,23,6,36,2,02萬華區,萬華區萬板大橋往北市機車道近010號燈桿,0,0,1,2,,8,6,7,40,11,11,1,5,4,5,13,4,4,10,4,5,2,23,3,,,,,,,,,,,,,67,,1,,121.4900175,25.0303428
113,6,23,6,56,2,05中正區,中正區公園路與貴陽街1段口,0,0,1,1,C03,8,7,5,50,4,1,1,5,4,5,13,1,1,10,5,5,2,19,1,23,2,9,5,1,7,9,1,10,5,12,,107,,1,21,121.5153887,25.0384917
113,6,23,6,56,2,05中正區,中正區公園路與貴陽街1段口,0,0,1,2,,8,7,5,50,4,1,1,5,4,5,13,1,1,10,5,5,2,19,3,0,,,,,,,,,,,,67,,1,,121.5153887,25.0384917
113,6,23,7,35,2,04大安區,大安區辛亥路1段與辛亥路1段77巷口,0,0,1,1,B12,8,6,5,30,3,1,1,5,4,5,13,4,4,1,4,4,2,16,2,58,3,10,3,4,7,5,1,8,1,8,,72,,1,21,121.5304635,25.0211419
113,6,23,7,35,2,04大安區,大安區辛亥路1段與辛亥路1段77巷口,0,0,1,2,F01,8,6,5,30,3,1,1,5,4,5,13,4,4,1,4,4,2,16,2,68,2,9,3,4,7,9,8,20,1,11,,44,,1,21,121.5304635,25.0211419
113,6,23,7,58,2,05中正區,中正區中華路1段與貴陽街1段口,0,0,1,1,B03,8,6,5,50,5,2,1,5,4,5,13,2,1,3,4,1,2,16,1,72,3,10,7,1,7,6,1,8,2,5,,5,,1,21,121.5076569,25.0391495
113,6,23,7,58,2,05中正區,中正區中華路1段與貴陽街1段口,0,0,1,2,C03,8,6,5,50,5,2,1,5,4,5,13,2,1,3,4,1,2,16,1,24,2,9,6,1,7,9,1,10,2,14,,13,,1,21,121.5076569,25.0391495
113,6,23,9,53,2,05中正區,中正區金華街與潮州街3巷口愛國東路116巷,0,0,1,1,B01,8,7,5,50,4,1,1,5,4,5,13,4,4,5,4,5,2,14,1,41,2,2,7,4,7,2,1,4,1,7,,44,,1,21,121.5210074,25.0314418
113,6,23,9,53,2,05中正區,中正區金華街與潮州街3巷口愛國東路116巷,0,0,1,2,B03,8,7,5,50,4,1,1,5,4,5,13,4,4,5,4,5,2,14,1,63,3,10,7,4,7,14,1,8,1,5,,44,,1,21,121.5210074,25.0314418
113,6,23,9,53,2,05中正區,中正區金華街與潮州街3巷口愛國東路116巷,0,0,1,3,B03,8,7,5,50,4,1,1,5,4,5,13,4,4,5,4,5,2,14,1,62,3,10,7,4,7,15,1,8,1,17,,44,,1,21,121.5210074,25.0314418
113,6,23,10,12,2,10文山區,文山區木柵路1段與木柵路1段59巷口口,0,0,1,1,B03,8,6,5,50,4,1,1,5,4,5,13,2,1,10,5,5,2,17,1,80,3,10,7,1,7,5,1,8,1,1,,71,,1,21,121.5460032,24.9868239
113,6,23,10,12,2,10文山區,文山區木柵路1段與木柵路1段59巷口口,0,0,1,2,C04,8,6,5,50,4,1,1,5,4,5,13,2,1,10,5,5,2,17,2,29,2,9,5,1,7,9,1,11,1,14,,44,,1,21,121.5460032,24.9868239
113,6,23,10,35,2,08士林區,士林區基河路與基河路300巷口,0,0,2,1,F01,8,6,5,50,3,2,1,5,4,5,13,3,1,5,4,5,2,17,2,41,2,9,4,1,7,9,8,20,1,11,,42,,1,22,121.5194872,25.0939621
113,6,23,10,35,2,08士林區,士林區基河路與基河路300巷口,0,0,2,2,C03,8,6,5,50,3,2,1,5,4,5,13,3,1,5,4,5,2,17,1,25,2,7,6,1,7,9,1,10,1,11,,42,,1,22,121.5194872,25.0939621
113,6,23,11,6,2,09北投區,北投區紗帽路與陽明路1段43巷口,0,0,1,1,B03,8,6,5,40,3,1,1,5,4,5,13,1,1,5,4,5,2,16,1,40,3,10,7,1,7,1,1,8,2,4,,19,,1,21,121.5483798,25.14910559
113,6,23,11,6,2,09北投區,北投區紗帽路與陽明路1段43巷口,0,0,1,2,F01,8,6,5,40,3,1,1,5,4,5,13,1,1,5,4,5,2,16,2,58,2,9,4,1,7,9,8,20,2,11,,44,,1,21,121.5483798,25.14910559
113,6,23,11,10,2,10文山區,文山區興隆路2段與興隆路2段154巷口,0,0,2,1,C03,8,6,5,50,14,9,1,5,4,5,13,2,1,1,4,5,2,16,2,38,2,9,5,1,7,7,1,10,9,13,,100,,1,21,121.5511567,25.0017376
113,6,23,11,10,2,10文山區,文山區興隆路2段與興隆路2段154巷口,0,0,2,2,C03,8,6,5,50,14,9,1,5,4,5,13,2,1,1,4,5,2,16,1,57,2,7,6,1,7,9,1,9,9,11,,44,,1,21,121.5511567,25.0017376
113,6,23,11,17,2,08士林區,士林區前港街與福港街口,0,0,2,1,C03,8,6,5,30,4,2,1,5,4,5,13,4,4,10,5,5,1,17,2,49,2,9,5,1,7,5,1,10,1,14,,72,,1,21,121.5176407,25.0852405
113,6,23,11,17,2,08士林區,士林區前港街與福港街口,0,0,2,2,C03,8,6,5,30,4,2,1,5,4,5,13,4,4,10,5,5,1,17,1,68,2,8,5,1,7,9,1,10,1,11,,13,,1,21,121.5176407,25.0852405
113,6,23,11,40,2,06松山區,松山區市民大道6段288號,0,0,2,2,B01,8,6,5,40,14,9,1,5,4,5,13,4,4,10,4,5,2,17,2,38,3,10,7,1,7,15,1,4,1,2,,5,,1,22,121.5791375,25.04951342
113,6,23,11,40,2,06松山區,松山區市民大道6段288號,0,0,2,1,C03,8,6,5,40,14,9,1,5,4,5,13,4,4,10,4,5,2,17,1,60,2,9,6,1,7,9,1,10,1,15,,5,,1,22,121.5791375,25.04951342
113,6,23,11,40,2,06松山區,松山區市民大道6段288號,0,0,2,3,H02,8,6,5,40,14,9,1,5,4,5,13,4,4,10,4,5,2,17,1,49,2,9,7,5,7,19,8,20,10,16,,126,,1,22,121.5791375,25.04951342
113,6,23,11,40,2,06松山區,松山區市民大道6段288號,0,0,2,4,C03,8,6,5,40,14,9,1,5,4,5,13,4,4,10,4,5,2,17,1,55,3,10,6,1,7,15,1,10,9,17,,100,,1,22,121.5791375,25.04951342
113,6,23,12,14,2,06松山區,松山區市民大道4段123號,0,0,3,1,B03,7,7,5,40,14,9,1,5,4,5,13,4,4,9,4,5,2,16,1,43,3,10,7,1,7,5,1,8,1,17,,107,,1,22,121.5498616,25.0448381
113,6,23,12,14,2,06松山區,松山區市民大道4段123號,0,0,3,2,C03,7,7,5,40,14,9,1,5,4,5,13,4,4,9,4,5,2,16,2,29,2,9,5,1,7,10,1,10,1,11,,100,,1,22,121.5498616,25.0448381
113,6,23,12,14,2,06松山區,松山區市民大道4段123號,0,0,3,3,H02,7,7,5,40,14,9,1,5,4,5,13,4,4,9,4,5,2,16,2,19,2,8,5,5,7,17,8,20,10,16,,67,,1,22,121.5498616,25.0448381
113,6,23,12,14,2,06松山區,松山區市民大道4段123號,0,0,3,4,C03,7,7,5,40,14,9,1,5,4,5,13,4,4,9,4,5,2,16,2,34,2,6,5,1,7,9,1,10,1,13,,16,,1,22,121.5498616,25.0448381
113,6,23,12,47,2,02萬華區,萬華區西園路1段158號,0,0,1,1,B03,8,5,5,50,14,9,1,5,4,5,13,4,4,9,4,5,2,17,1,26,3,10,7,4,7,5,1,8,1,7,,10,,1,21,121.4994396,25.03701615
113,6,23,12,47,2,02萬華區,萬華區西園路1段158號,0,0,1,2,C03,8,5,5,50,14,9,1,5,4,5,13,4,4,9,4,5,2,17,1,60,2,8,6,4,7,9,1,10,1,11,,108,,1,21,121.4994396,25.03701615
113,6,23,13,0,2,12內湖區,內湖區金龍路與內湖路3段口口,0,0,2,1,C03,8,6,5,50,4,2,1,5,4,5,13,2,1,5,4,5,2,13,2,34,2,9,5,1,7,5,1,9,1,13,,8,,1,21,121.5925539,25.08499645
113,6,23,13,0,2,12內湖區,內湖區金龍路與內湖路3段口口,0,0,2,2,C03,8,6,5,50,4,2,1,5,4,5,13,2,1,5,4,5,2,13,1,38,2,9,5,1,7,9,1,9,1,11,,108,,1,21,121.5925539,25.08499645
113,6,23,13,2,2,06松山區,松山區南京東路3段與敦化北路口,0,0,1,2,C03,8,7,5,40,4,1,1,5,4,5,13,1,1,1,4,4,2,16,2,38,2,9,6,1,7,9,1,10,1,11,,44,,1,21,121.5486647,25.0516274
113,6,23,13,2,2,06松山區,松山區南京東路3段與敦化北路口,0,0,1,1,C03,8,7,5,40,4,1,1,5,4,5,13,1,1,1,4,4,2,16,1,18,3,10,6,1,7,6,1,10,1,12,,9,,1,21,121.5486647,25.0516274
113,6,23,13,32,2,07信義區,信義區和平東路3段往西莊敬隧道前,0,0,1,1,C03,7,7,5,40,11,9,1,5,4,5,13,4,4,9,5,5,2,19,1,23,2,9,5,1,7,9,1,10,1,11,,105,,1,21,121.5652455,25.0100309
113,6,23,13,32,2,07信義區,信義區和平東路3段往西莊敬隧道前,0,0,1,2,,7,7,5,40,11,9,1,5,4,5,13,4,4,9,5,5,2,19,3,,,,,,,,,,,,,67,,1,,121.5652455,25.0100309
113,6,23,13,33,2,10文山區,文山區萬芳路(北往南0706256燈桿旁）,0,0,1,1,C03,8,6,5,50,14,9,1,5,4,5,13,4,4,5,4,5,2,12,1,23,3,10,5,1,7,9,1,10,2,12,,17,,1,21,121.5707121,24.9966396
113,6,23,13,33,2,10文山區,文山區萬芳路(北往南0706256燈桿旁）,0,0,1,2,C03,8,6,5,50,14,9,1,5,4,5,13,4,4,5,4,5,2,12,2,64,2,9,5,1,7,9,1,10,2,14,,17,,1,21,121.5707121,24.9966396
113,6,23,13,50,2,10文山區,文山區新光路1段7號,0,0,2,1,C03,7,5,5,50,14,9,1,5,4,5,13,4,4,9,5,5,1,17,1,34,2,7,6,1,7,11,1,10,1,14,,44,,1,21,121.5737074,24.9883519
113,6,23,13,50,2,10文山區,文山區新光路1段7號,0,0,2,2,C03,7,5,5,50,14,9,1,5,4,5,13,4,4,9,5,5,1,17,1,27,2,8,6,1,7,4,1,10,1,11,,99,,1,21,121.5737074,24.9883519
113,6,23,14,48,2,03中山區,中山區樂群三路與敬業三路口,0,0,1,1,B03,6,7,5,50,14,9,1,4,4,5,13,4,4,5,5,5,2,17,1,42,3,10,7,1,7,7,1,8,9,17,,17,,1,22,121.5571124,25.0826239
113,6,23,14,48,2,03中山區,中山區樂群三路與敬業三路口,0,0,1,2,C03,6,7,5,50,14,9,1,4,4,5,13,4,4,5,5,5,2,17,2,25,2,9,6,1,7,10,1,10,1,17,,67,,1,22,121.5571124,25.0826239
113,6,23,14,48,2,03中山區,中山區樂群三路與敬業三路口,0,0,1,3,B03,6,7,5,50,14,9,1,4,4,5,13,4,4,5,5,5,2,17,2,42,3,10,7,1,7,14,1,8,9,17,,99,,1,22,121.5571124,25.0826239
113,6,23,16,16,2,09北投區,北投區西安街1段與西安街1段313巷口,0,0,1,2,C03,6,6,5,50,14,9,1,4,4,5,13,4,4,9,4,5,2,17,2,21,2,9,5,1,7,9,1,10,1,14,,13,,1,21,121.5162447,25.11300165
113,6,23,16,16,2,09北投區,北投區西安街1段與西安街1段313巷口,0,0,1,1,F01,6,6,5,50,14,9,1,4,4,5,13,4,4,9,4,5,2,17,1,78,3,10,4,1,7,9,8,20,9,17,,88,,1,21,121.5162447,25.11300165
113,6,23,17,0,2,03中山區,中山區建國北路3段93巷與建國北路口側附近3段口,0,0,2,1,F01,6,5,8,0,3,1,1,4,4,5,13,4,4,5,4,5,2,17,1,34,2,8,3,4,7,9,8,20,1,11,,44,,1,21,121.5366122,25.0658085
113,6,23,17,0,2,03中山區,中山區建國北路3段93巷與建國北路口側附近3段口,0,0,2,2,C03,6,5,8,0,3,1,1,4,4,5,13,4,4,5,4,5,2,17,1,56,2,8,3,4,7,6,1,10,1,11,,44,,1,21,121.5366122,25.0658085
113,6,23,17,23,2,09北投區,北投區東華街2段與無名巷口,0,0,1,1,C03,7,7,5,50,3,1,1,4,4,5,13,4,4,10,4,5,2,17,1,46,3,10,5,1,7,2,1,10,1,17,,12,,1,22,121.5120846,25.11954706
113,6,23,17,23,2,09北投區,北投區東華街2段與無名巷口,0,0,1,2,C03,7,7,5,50,3,1,1,4,4,5,13,4,4,10,4,5,2,17,2,32,2,8,5,1,7,9,1,10,1,14,,42,,1,22,121.5120846,25.11954706
113,6,23,17,37,2,02萬華區,萬華區開封街2段與西寧南路口,0,0,1,1,C03,6,7,5,50,4,2,1,4,4,5,13,1,1,9,5,5,2,18,2,37,2,8,5,1,7,12,1,10,1,14,,42,,1,21,121.5071896,25.0465108
113,6,23,17,37,2,02萬華區,萬華區開封街2段與西寧南路口,0,0,1,2,,6,7,5,50,4,2,1,4,4,5,13,1,1,9,5,5,2,18,3,0,,,,,,,,,,,,67,,1,,121.5071896,25.0465108
113,6,23,17,50,2,05中正區,中正區中山南路與青島東路口,0,0,1,1,C03,6,6,5,50,4,1,1,4,4,5,13,1,1,5,4,5,2,16,2,32,2,8,6,4,7,7,1,10,1,13,,100,,1,22,121.5193928,25.04432468
113,6,23,17,50,2,05中正區,中正區中山南路與青島東路口,0,0,1,2,B03,6,6,5,50,4,1,1,4,4,5,13,1,1,5,4,5,2,16,1,41,3,10,7,4,7,9,1,8,1,5,,44,,1,22,121.5193928,25.04432468
113,6,23,18,3,2,12內湖區,內湖區港墘路與港華街口,0,0,2,1,B03,7,5,5,30,4,1,1,5,4,5,13,1,1,5,4,5,2,2,2,24,3,10,7,1,7,5,1,8,1,4,,70,,1,21,121.5782854,25.0822303
113,6,23,18,3,2,12內湖區,內湖區港墘路與港華街口,0,0,2,2,H01,7,5,5,30,4,1,1,5,4,5,13,1,1,5,4,5,2,2,2,41,2,9,4,5,8,16,8,20,1,16,,67,,1,21,121.5782854,25.0822303
113,6,23,18,3,2,12內湖區,內湖區港墘路與港華街口,0,0,2,3,H01,7,5,5,30,4,1,1,5,4,5,13,1,1,5,4,5,2,2,2,5,2,9,4,5,8,16,8,20,1,16,,67,,1,24,121.5782854,25.0822303
113,6,23,18,3,2,12內湖區,內湖區港墘路與港華街口,0,0,2,4,H01,7,5,5,30,4,1,1,5,4,5,13,1,1,5,4,5,2,2,1,8,3,10,4,5,8,16,8,20,1,16,,67,,1,14,121.5782854,25.0822303
113,6,23,18,7,2,03中山區,中山區八德路2段174巷24弄與建國南路1段口,0,0,1,1,F03,7,7,5,0,3,1,1,4,4,5,13,4,4,10,5,5,2,17,1,32,2,8,4,4,7,1,8,20,1,14,,19,,1,22,121.5369815,25.0454062
113,6,23,18,7,2,03中山區,中山區八德路2段174巷24弄與建國南路1段口,0,0,1,2,B03,7,7,5,0,3,1,1,4,4,5,13,4,4,10,5,5,2,17,1,45,3,10,3,4,7,9,1,8,1,5,,99,,1,21,121.5369815,25.0454062
113,6,23,18,36,2,01大同區,大同區延平北路4段與延平北路4段294巷口,0,0,1,1,F01,6,5,5,50,4,1,1,4,4,5,13,2,1,1,4,5,2,16,2,76,2,9,4,1,7,6,8,20,1,11,,4,,1,21,121.5121335,25.0771834
113,6,23,18,36,2,01大同區,大同區延平北路4段與延平北路4段294巷口,0,0,1,2,C03,6,5,5,50,4,1,1,4,4,5,13,2,1,1,4,5,2,16,2,39,3,10,5,1,7,9,1,10,1,12,,44,,1,21,121.5121335,25.0771834
113,6,23,19,0,2,05中正區,中正區中山南路與貴陽街1段口,0,0,1,1,C03,6,5,5,50,14,8,1,4,4,5,13,1,1,1,4,1,2,18,1,77,2,9,5,1,7,9,6,10,9,11,,118,,1,21,121.5175426,25.03805922
113,6,23,19,0,2,05中正區,中正區中山南路與貴陽街1段口,0,0,1,2,,6,5,5,50,14,8,1,4,4,5,13,1,1,1,4,1,2,18,3,0,,,,,,,,,,,,67,,1,,121.5175426,25.03805922
113,6,23,19,5,2,05中正區,中正區重慶南路3段與汀州路2段口,0,0,3,1,C03,6,7,5,50,4,1,1,4,4,5,13,1,1,1,4,5,2,13,2,35,2,9,5,1,7,9,1,10,1,11,,16,,1,21,121.516289,25.0260529
113,6,23,19,5,2,05中正區,中正區重慶南路3段與汀州路2段口,0,0,3,2,C03,6,7,5,50,4,1,1,4,4,5,13,1,1,1,4,5,2,13,1,39,2,9,5,1,7,9,1,10,1,11,,16,,1,21,121.516289,25.0260529
113,6,23,19,5,2,05中正區,中正區重慶南路3段與汀州路2段口,0,0,3,3,C03,6,7,5,50,4,1,1,4,4,5,13,1,1,1,4,5,2,13,1,50,2,7,5,1,7,12,1,10,1,13,,44,,1,21,121.516289,25.0260529
113,6,23,19,7,2,01大同區,大同區延平北路2段與延平北路2段43巷口口,0,0,2,1,C03,8,5,5,50,3,1,1,4,4,5,10,4,4,5,5,5,2,17,2,35,2,9,6,1,7,9,1,10,1,14,,116,,1,21,121.5117276,25.0551055
113,6,23,19,7,2,01大同區,大同區延平北路2段與延平北路2段43巷口口,0,0,2,2,C03,8,5,5,50,3,1,1,4,4,5,10,4,4,5,5,5,2,17,1,56,3,10,6,1,7,6,1,10,1,17,,44,,1,21,121.5117276,25.0551055
113,6,23,19,7,2,01大同區,大同區延平北路2段與延平北路2段43巷口口,0,0,2,3,H02,8,5,5,50,3,1,1,4,4,5,10,4,4,5,5,5,2,17,2,44,2,9,6,5,7,20,8,20,10,16,,67,,1,21,121.5117276,25.0551055
113,6,23,19,7,2,01大同區,大同區延平北路2段與延平北路2段43巷口口,0,0,2,4,B01,8,5,5,50,3,1,1,4,4,5,10,4,4,5,5,5,2,17,4,0,4,11,3,4,7,14,7,19,9,17,,119,,2,21,121.5117276,25.0551055
113,6,23,19,19,2,03中山區,中山區建國北路2段與長春路口,0,0,1,1,C03,7,5,5,50,14,9,1,4,4,5,13,2,1,1,5,5,1,17,2,24,2,3,3,4,7,9,1,10,1,11,,16,,1,21,121.5371077,25.05456785
113,6,23,19,19,2,03中山區,中山區建國北路2段與長春路口,0,0,1,2,B01,7,5,5,50,14,9,1,4,4,5,13,2,1,1,5,5,1,17,1,56,3,10,3,4,7,14,1,4,1,3,,44,,1,21,121.5371077,25.05456785
113,6,23,20,3,2,03中山區,中山區復興北路與民生東路3段口,0,0,1,1,B02,7,5,5,50,14,9,1,5,4,5,13,4,4,1,5,5,1,17,1,55,3,10,3,4,7,9,1,8,11,2,,125,,2,21,121.5440312,25.05512181
113,6,23,20,3,2,03中山區,中山區復興北路與民生東路3段口,0,0,1,2,C03,7,5,5,50,14,9,1,5,4,5,13,4,4,1,5,5,1,17,1,68,2,9,3,4,7,8,1,10,1,14,,100,,1,21,121.5440312,25.05512181
113,6,23,20,20,2,05中正區,中正區中山南路與信義路1段口,0,0,1,1,C03,7,5,5,50,5,2,1,4,4,5,13,1,1,1,4,5,2,18,1,25,2,9,6,1,7,6,1,10,2,12,,44,,1,21,121.5179745,25.0384548
113,6,23,20,20,2,05中正區,中正區中山南路與信義路1段口,0,0,1,2,,7,5,5,50,5,2,1,4,4,5,13,1,1,1,4,5,2,18,3,0,,,,,,,,,,,,67,,1,,121.5179745,25.0384548
113,6,23,20,30,2,12內湖區,內湖區康樂街48巷與康樂街口,0,0,2,1,C03,7,5,5,50,3,1,1,5,4,4,12,4,4,9,4,5,1,17,2,51,2,9,5,1,7,5,1,10,2,11,,74,,1,26,121.6184395,25.06883473
113,6,23,20,30,2,12內湖區,內湖區康樂街48巷與康樂街口,0,0,2,2,C03,7,5,5,50,3,1,1,5,4,4,12,4,4,9,4,5,1,17,1,22,2,9,6,1,7,9,1,10,2,11,,14,,1,26,121.6184395,25.06883473
113,6,23,20,44,2,07信義區,信義區市民大道6段250號,0,0,2,1,C03,7,5,5,40,14,9,1,5,4,5,13,4,4,5,5,5,2,13,1,29,2,8,5,1,7,1,1,10,1,13,,19,,1,21,121.5774134,25.0489411
113,6,23,20,44,2,07信義區,信義區市民大道6段250號,0,0,2,2,C03,7,5,5,40,14,9,1,5,4,5,13,4,4,5,5,5,2,13,1,27,2,8,5,1,7,9,1,10,1,11,,108,,1,21,121.5774134,25.0489411
113,6,23,21,46,2,08士林區,士林區社正路12號,0,0,1,1,B03,7,5,5,50,14,9,1,5,4,5,13,4,4,9,5,5,2,12,1,46,3,10,7,1,7,11,1,4,1,8,,10,,1,21,121.5095233,25.08879128
113,6,23,21,46,2,08士林區,士林區社正路12號,0,0,1,2,C03,7,5,5,50,14,9,1,5,4,5,13,4,4,9,5,5,2,12,1,21,2,9,6,1,7,9,1,9,1,12,,44,,1,21,121.5095233,25.08879128