發生年度,發生月,發生日,發生時-Hours,發生分,處理別-編號,區序,肇事地點,死亡人數,2-30日死亡人數,受傷人數,當事人序號,車種,天候,道路照明設備,道路類別,速限-速度限制,道路型態,事故位置,路面狀況1,路面狀況2,路面狀況3,道路障礙1,道路障礙2,號誌1,號誌2,車道劃分-分向,車道劃分-分道1,車道劃分-分道2,車道劃分-分道3,事故類型及型態,性別,年齡,受傷程度,主要傷處,保護裝置,行動電話,車輛用途,當事者行動狀態,駕駛資格情形,駕駛執照種類,飲酒情形,車輛撞擊部位1,車輛撞擊部位2,肇因碼-個別,肇因碼-主要,個人肇逃否,職業,座標-X,座標-Y
113,6,23,22,42,2,05中正區,中正區忠孝西路1段與公園路口,0,0,1,1,A04,7,5,5,50,4,1,1,5,4,5,13,3,1,1,4,5,2,3,1,61,3,10,7,1,7,6,1,2,2,1,,70,,1,21,121.5175677,25.04635107
113,6,23,22,42,2,05中正區,中正區忠孝西路1段與公園路口,0,0,1,2,H01,7,5,5,50,4,1,1,5,4,5,13,3,1,1,4,5,2,3,1,69,2,9,4,5,8,16,8,20,2,16,,67,,1,21,121.5175677,25.04635107
113,6,24,0,54,2,11南港區,南港區研究院路3段與研究院路3段86巷口,0,0,2,1,B01,8,5,5,50,3,1,1,5,4,5,13,4,4,10,5,5,2,29,1,39,2,7,3,1,7,8,1,4,2,1,,108,,1,21,121.6127348,25.0335231
113,6,24,0,54,2,11南港區,南港區研究院路3段與研究院路3段86巷口,0,0,2,2,,8,5,5,50,3,1,1,5,4,5,13,4,4,10,5,5,2,29,3,51,,,,,,,,,,,,67,,1,,121.6127348,25.0335231
113,6,24,0,54,2,11南港區,南港區研究院路3段與研究院路3段86巷口,0,0,2,3,H02,8,5,5,50,3,1,1,5,4,5,13,4,4,10,5,5,2,29,1,19,2,8,2,5,7,20,8,20,10,17,,44,,1,22,121.6127348,25.0335231
113,6,24,1,50,2,05中正區,中正區市民大道2段與林森北路口,0,0,1,2,B01,7,5,5,40,4,1,1,5,4,5,13,1,1,10,5,5,2,16,1,56,3,10,2,1,7,9,1,8,2,5,,14,,1,22,121.5241706,25.0476721
113,6,24,1,50,2,05中正區,中正區市民大道2段與林森北路口,0,0,1,1,C03,7,5,5,40,4,1,1,5,4,5,13,1,1,10,5,5,2,16,1,25,2,9,5,1,7,5,1,10,2,14,,103,,1,22,121.5241706,25.0476721
113,6,24,6,29,2,12內湖區,內湖區康樂街與康樂街136巷口,0,0,2,1,B03,8,5,5,50,4,1,1,5,4,5,13,2,1,5,5,5,2,16,1,71,3,10,7,1,7,6,1,8,2,5,,9,,1,21,121.6189447,25.0719533
113,6,24,6,29,2,12內湖區,內湖區康樂街與康樂街136巷口,0,0,2,2,C03,8,5,5,50,4,1,1,5,4,5,13,2,1,5,5,5,2,16,1,55,2,9,5,1,7,9,1,10,2,14,,44,,1,21,121.6189447,25.0719533
113,6,24,6,29,2,12內湖區,內湖區康樂街與康樂街136巷口,0,0,2,3,H02,8,5,5,50,4,1,1,5,4,5,13,2,1,5,5,5,2,16,2,16,2,9,5,5,7,21,8,20,10,16,,67,,1,21,121.6189447,25.0719533
113,6,24,7,0,2,02萬華區,萬華區馬場町河濱公園自行車道（燈桿3012646）,0,0,2,1,F01,8,5,7,0,14,23,1,5,4,5,13,4,4,8,3,5,1,2,2,25,2,9,3,4,7,9,8,20,1,15,,108,,1,22,121.5047023,25.0189759
113,6,24,7,0,2,02萬華區,萬華區馬場町河濱公園自行車道（燈桿3012646）,0,0,2,2,H01,8,5,7,0,14,23,1,5,4,5,13,4,4,8,3,5,1,2,1,70,2,6,4,5,8,16,8,20,10,16,,67,,1,22,121.5047023,25.0189759
113,6,24,7,10,2,06松山區,松山區八德路4段636號,0,0,1,1,C03,8,6,8,50,22,22,1,5,4,5,13,4,4,3,4,4,2,12,1,57,2,9,6,1,7,10,1,10,2,14,,100,,1,21,121.5746726,25.04995575
113,6,24,7,10,2,06松山區,松山區八德路4段636號,0,0,1,2,A04,8,6,8,50,22,22,1,5,4,5,13,4,4,3,4,4,2,12,1,43,3,10,7,1,7,9,1,1,2,2,,44,,1,21,121.5746726,25.04995575
113,6,24,7,22,2,11南港區,南港區南港路2段41巷,0,0,2,1,F03,8,6,5,50,14,9,1,5,4,5,13,4,4,5,5,5,2,13,2,47,2,9,4,1,7,9,8,20,1,11,,108,,1,22,121.6027594,25.0533665
113,6,24,7,22,2,11南港區,南港區南港路2段41巷,0,0,2,2,C02,8,6,5,50,14,9,1,5,4,5,13,4,4,5,5,5,2,13,1,45,2,7,5,1,7,14,1,9,1,13,,44,,1,22,121.6027594,25.0533665
113,6,24,7,23,2,06松山區,松山區民權東路4段西向東(燈桿0205115),0,0,2,1,C03,8,5,5,40,14,9,1,5,4,5,13,4,4,1,4,4,2,12,2,46,2,9,5,4,7,7,1,10,1,14,,100,,1,21,121.5521375,25.0615416
113,6,24,7,23,2,06松山區,松山區民權東路4段西向東(燈桿0205115),0,0,2,2,C03,8,5,5,40,14,9,1,5,4,5,13,4,4,1,4,4,2,12,1,23,2,7,6,4,7,9,1,10,1,12,,44,,1,21,121.5521375,25.0615416
113,6,24,7,35,2,07信義區,信義區基隆路1段83巷與基隆路1段口,0,0,1,1,B03,8,6,5,30,3,1,1,5,4,5,13,4,4,10,4,5,2,16,1,57,3,10,7,1,7,6,1,8,2,4,,72,,1,21,121.5680497,25.0468588
113,6,24,7,35,2,07信義區,信義區基隆路1段83巷與基隆路1段口,0,0,1,2,C03,8,6,5,30,3,1,1,5,4,5,13,4,4,10,4,5,2,16,1,40,2,8,6,1,7,9,1,10,2,12,,13,,1,21,121.5680497,25.0468588
113,6,24,7,40,2,03中山區,中山區建國北路3段與農安街口,0,0,1,1,C03,8,6,5,50,4,2,1,5,4,5,13,2,1,1,4,5,2,17,1,67,2,9,6,1,7,9,1,10,1,14,,42,,1,21,121.5364892,25.0649869
113,6,24,7,40,2,03中山區,中山區建國北路3段與農安街口,0,0,1,2,C03,8,6,5,50,4,2,1,5,4,5,13,2,1,1,4,5,2,17,1,57,3,10,5,1,7,14,1,10,1,17,,44,,1,21,121.5364892,25.0649869
113,6,24,7,43,2,07信義區,信義區忠孝東路4段國父紀念館四號出口,0,0,1,1,B02,8,6,5,50,14,9,1,5,4,5,13,4,4,1,4,5,2,17,1,50,3,10,7,1,7,1,1,8,1,8,,19,,1,22,121.5584516,25.0412245
113,6,24,7,43,2,07信義區,信義區忠孝東路4段國父紀念館四號出口,0,0,1,2,C03,8,6,5,50,14,9,1,5,4,5,13,4,4,1,4,5,2,17,1,50,2,8,6,1,7,9,1,10,1,11,,44,,1,22,121.5584516,25.0412245
113,6,24,7,45,2,10文山區,文山區秀明路1段與木柵路3段169巷口(西往東0700741燈桿旁）,0,0,1,1,C03,8,6,5,50,14,9,1,5,4,5,13,3,1,10,5,5,2,13,1,33,2,7,5,1,7,10,1,10,1,11,,14,,1,21,121.5684332,24.9914736
113,6,24,7,45,2,10文山區,文山區秀明路1段與木柵路3段169巷口(西往東0700741燈桿旁）,0,0,1,2,B03,8,6,5,50,14,9,1,5,4,5,13,3,1,10,5,5,2,13,1,39,3,10,7,1,7,9,1,8,1,3,,44,,1,21,121.5684332,24.9914736
113,6,24,7,45,2,10文山區,文山區秀明路1段與木柵路3段169巷口(西往東0700741燈桿旁）,0,0,1,3,B03,8,6,5,50,14,9,1,5,4,5,13,3,1,10,5,5,2,13,1,40,3,10,7,1,7,6,1,8,1,17,,44,,1,21,121.5684332,24.9914736
113,6,24,7,52,2,06松山區,松山區健康路225巷與延壽街330巷17弄口,0,0,2,1,C03,8,7,5,30,4,1,1,5,4,5,13,4,4,10,5,5,2,15,1,26,2,9,5,1,7,9,1,10,2,12,,14,,1,22,121.5623571,25.0548955
113,6,24,7,52,2,06松山區,松山區健康路225巷與延壽街330巷17弄口,0,0,2,2,C03,8,7,5,30,4,1,1,5,4,5,13,4,4,10,5,5,2,15,1,65,2,9,5,1,7,9,1,10,2,12,,14,,1,22,121.5623571,25.0548955
113,6,24,7,58,2,10文山區,文山區新光路2段燈桿05號旁,0,0,1,1,C04,8,6,5,50,11,9,1,5,4,5,13,4,4,9,5,5,2,17,1,63,2,9,5,1,7,9,1,11,1,12,,108,,1,21,121.5973286,25.0027
113,6,24,7,58,2,10文山區,文山區新光路2段燈桿05號旁,0,0,1,2,B03,8,6,5,50,11,9,1,5,4,5,13,4,4,9,5,5,2,17,2,32,3,10,7,1,7,9,1,8,1,3,,44,,1,21,121.5973286,25.0027
113,6,24,8,1,2,03中山區,中山區長春路154號,0,0,1,1,C03,8,5,5,40,14,9,1,5,4,5,13,4,4,9,4,4,2,12,2,52,2,9,3,4,7,7,1,10,1,14,,100,,1,21,121.5323985,25.0548081
113,6,24,8,1,2,03中山區,中山區長春路154號,0,0,1,2,B02,8,5,5,40,14,9,1,5,4,5,13,4,4,9,4,4,2,12,2,45,3,10,3,4,7,9,1,8,1,2,,44,,1,21,121.5323985,25.0548081
113,6,24,8,1,2,03中山區,中山區長春路154號,0,0,1,3,B03,8,5,5,40,14,9,1,5,4,5,13,4,4,9,4,4,2,12,1,36,3,10,3,4,7,9,1,8,1,4,,44,,1,21,121.5323985,25.0548081
113,6,24,8,4,2,03中山區,中山區民生東路1段10號,0,0,1,1,C03,8,7,5,50,14,9,1,5,4,5,13,4,4,5,4,5,2,13,1,22,2,1,6,1,7,9,1,10,1,11,,16,,1,21,121.5236408,25.05801742
113,6,24,8,4,2,03中山區,中山區民生東路1段10號,0,0,1,2,B03,8,7,5,50,14,9,1,5,4,5,13,4,4,5,4,5,2,13,1,54,3,10,7,1,7,9,1,8,1,6,,44,,1,21,121.5236408,25.05801742
113,6,24,8,9,2,05中正區,中正區汀州路2段與師大路口口,0,0,1,1,B12,7,6,5,50,4,1,1,5,4,5,13,1,1,5,5,5,2,12,1,33,3,10,3,4,7,15,1,8,1,2,,17,,1,26,121.5252814,25.0210927
113,6,24,8,9,2,05中正區,中正區汀州路2段與師大路口口,0,0,1,2,C04,7,6,5,50,4,1,1,5,4,5,13,1,1,5,5,5,2,12,2,72,2,3,6,1,7,9,1,11,1,14,,17,,1,21,121.5252814,25.0210927
113,6,24,8,15,2,02萬華區,萬華區環河南路1段131號,0,0,2,1,C03,7,6,5,50,14,9,1,5,4,5,13,4,4,4,4,5,1,17,1,22,2,7,3,4,7,9,1,10,1,11,,16,,1,22,121.5004296,25.0425639
113,6,24,8,15,2,02萬華區,萬華區環河南路1段131號,0,0,2,2,B03,7,6,5,50,14,9,1,5,4,5,13,4,4,4,4,5,1,17,1,50,3,10,3,4,7,9,1,8,1,6,,44,,1,22,121.5004296,25.0425639
113,6,24,8,15,2,02萬華區,萬華區環河南路1段131號,0,0,2,3,B03,7,6,5,50,14,9,1,5,4,5,13,4,4,4,4,5,1,17,1,47,3,10,3,4,7,9,1,8,1,4,,44,,1,22,121.5004296,25.0425639
113,6,24,8,15,2,02萬華區,萬華區環河南路1段131號,0,0,2,4,H02,7,6,5,50,14,9,1,5,4,5,13,4,4,4,4,5,1,17,2,21,2,9,3,5,7,20,8,20,10,16,,67,,1,22,121.5004296,25.0425639
113,6,24,8,15,2,04大安區,大安區復興南路2段144號,0,0,1,1,C03,8,7,5,50,14,9,1,5,4,5,13,4,4,1,4,5,1,17,1,43,3,10,6,1,7,8,1,9,1,12,,44,,1,21,121.5434302,25.0288194
113,6,24,8,15,2,04大安區,大安區復興南路2段144號,0,0,1,2,C03,8,7,5,50,14,9,1,5,4,5,13,4,4,1,4,5,1,17,2,32,2,9,6,1,7,8,1,10,1,14,,16,,1,21,121.5434302,25.0288194
113,6,24,8,15,2,04大安區,大安區復興南路2段144號,0,0,1,3,C03,8,7,5,50,14,9,1,5,4,5,13,4,4,1,4,5,1,17,4,0,,,,,,,,,,,,44,,2,,121.5434302,25.0288194
113,6,24,8,20,2,08士林區,士林區承德路5段與士商路口,0,0,1,1,B03,8,6,5,40,4,1,1,5,4,5,13,2,1,1,4,4,2,17,1,32,3,10,3,4,7,6,1,8,1,2,,9,,1,21,121.5142424,25.0960209
113,6,24,8,20,2,08士林區,士林區承德路5段與士商路口,0,0,1,2,C03,8,6,5,40,4,1,1,5,4,5,13,2,1,1,4,4,2,17,1,26,2,9,3,4,7,9,1,10,1,14,,108,,1,21,121.5142424,25.0960209
113,6,24,8,28,2,10文山區,文山區福興路95巷21號前,0,0,1,1,B03,8,6,5,30,14,9,1,5,4,5,13,4,4,10,5,5,1,16,1,63,3,10,7,1,7,6,1,8,1,6,,80,,1,21,121.5485757,25.00470872
113,6,24,8,28,2,10文山區,文山區福興路95巷21號前,0,0,1,2,C03,8,6,5,30,14,9,1,5,4,5,13,4,4,10,5,5,1,16,1,27,2,9,6,1,7,9,1,9,1,11,,108,,1,21,121.5485757,25.00470872
113,6,24,8,54,2,12內湖區,內湖區行善路與行愛路口,0,0,1,1,B12,8,7,5,50,4,1,1,5,4,5,13,1,1,1,1,1,1,17,1,62,3,10,7,1,7,5,1,6,2,6,,71,,1,21,121.5825903,25.0606504
113,6,24,8,54,2,12內湖區,內湖區行善路與行愛路口,0,0,1,2,C03,8,7,5,50,4,1,1,5,4,5,13,1,1,1,1,1,1,17,1,26,2,9,6,1,7,9,1,10,1,11,,87,,1,21,121.5825903,25.0606504
113,6,24,9,0,2,05中正區,中正區重慶南路1段與沅陵街口,0,0,1,1,C03,8,6,5,50,3,1,1,5,4,5,13,4,4,5,4,5,2,16,1,63,2,8,6,1,7,5,1,10,2,14,,98,,1,22,121.5131903,25.0428578
113,6,24,9,0,2,05中正區,中正區重慶南路1段與沅陵街口,0,0,1,2,C03,8,6,5,50,3,1,1,5,4,5,13,4,4,5,4,5,2,16,1,35,3,10,6,1,7,9,1,10,2,11,,44,,1,22,121.5131903,25.0428578
113,6,24,9,0,2,08士林區,(至誠路2段78號前),0,0,1,1,B03,8,5,8,30,22,22,1,5,4,5,13,4,4,5,5,5,1,17,1,71,3,10,7,1,7,5,1,8,1,5,,74,,1,22,121.5280689,25.1015313
113,6,24,9,0,2,08士林區,(至誠路2段78號前),0,0,1,2,C03,8,5,8,30,22,22,1,5,4,5,13,4,4,5,5,5,1,17,1,33,2,9,5,1,7,9,1,10,1,11,,108,,1,21,121.5280689,25.1015313
113,6,24,9,9,2,10文山區,文山區木柵路1段148號前,0,0,1,1,A31,8,6,5,50,14,9,1,5,4,5,13,4,4,5,4,5,2,13,1,42,3,10,7,1,7,8,1,1,2,5,,100,,1,21,121.5518175,24.9877028
113,6,24,9,9,2,10文山區,文山區木柵路1段148號前,0,0,1,2,C02,8,6,5,50,14,9,1,5,4,5,13,4,4,5,4,5,2,13,1,66,2,9,5,1,7,9,1,9,2,13,,44,,1,21,121.5518175,24.9877028
113,6,24,9,34,2,06松山區,松山區塔悠路與松信路口,0,0,1,1,B12,8,7,5,50,5,1,1,5,4,5,13,2,1,9,4,5,2,13,1,41,3,10,7,1,7,9,1,8,1,5,,44,,1,21,121.5721546,25.0499978
113,6,24,9,34,2,06松山區,松山區塔悠路與松信路口,0,0,1,2,C03,8,7,5,50,5,1,1,5,4,5,13,2,1,9,4,5,2,13,2,67,2,9,5,1,7,9,1,10,1,13,,8,,1,22,121.5721546,25.0499978
113,6,24,9,45,2,09北投區,北投區承德路7段與中央南路2段口,0,0,1,1,C03,8,7,5,60,5,1,1,5,4,5,13,2,1,3,4,5,2,16,2,63,2,9,6,1,7,5,1,10,1,14,,86,,1,22,121.499912,25.12117
113,6,24,9,45,2,09北投區,北投區承德路7段與中央南路2段口,0,0,1,2,B02,8,7,5,60,5,1,1,5,4,5,13,2,1,3,4,5,2,16,2,36,3,10,7,1,7,9,1,8,1,2,,44,,1,22,121.499912,25.12117
113,6,24,10,4,1,02萬華區,萬華區康定路與內江街口,1,0,0,1,A11,8,6,5,50,4,1,1,5,4,5,13,2,1,5,5,5,2,3,1,61,3,10,7,1,7,6,1,3,3,4,,70,,1,26,121.502232,25.0415738
113,6,24,10,4,1,02萬華區,萬華區康定路與內江街口,1,0,0,2,H01,8,6,5,50,4,1,1,5,4,5,13,2,1,5,5,5,2,3,2,73,1,9,4,5,8,16,8,20,10,16,,67,,1,21,121.502232,25.0415738
113,6,24,10,4,2,09北投區,北投區承德路7段與立賢路口,0,0,1,1,B03,8,7,5,50,4,1,1,5,4,5,13,1,1,1,4,5,2,16,1,25,3,10,7,1,7,11,1,8,2,2,,71,,1,26,121.5048617,25.1161233
113,6,24,10,4,2,09北投區,北投區承德路7段與立賢路口,0,0,1,2,C03,8,7,5,50,4,1,1,5,4,5,13,1,1,1,4,5,2,16,1,69,2,9,6,1,7,9,1,10,2,11,,44,,1,21,121.5048617,25.1161233
113,6,24,10,5,2,02萬華區,萬華區萬大路與萬大路322巷口,0,0,1,1,C03,8,5,5,30,4,1,1,5,4,5,13,2,1,1,3,5,1,16,2,72,2,9,3,4,7,5,1,10,1,12,,71,,1,22,121.5002351,25.0241833
113,6,24,10,5,2,02萬華區,萬華區萬大路與萬大路322巷口,0,0,1,2,B01,8,5,5,30,4,1,1,5,4,5,13,2,1,1,3,5,1,16,1,65,3,10,3,4,7,9,1,4,1,8,,44,,1,22,121.5002351,25.0241833
113,6,24,11,11,2,02萬華區,萬華區萬大路與興寧街口,0,0,1,1,C03,8,6,5,50,4,2,1,5,4,5,13,3,1,5,4,5,1,17,1,38,2,8,3,4,7,9,1,10,1,11,,16,,1,22,121.5005035,25.03126526
113,6,24,11,11,2,02萬華區,萬華區萬大路與興寧街口,0,0,1,2,C03,8,6,5,50,4,2,1,5,4,5,13,3,1,5,4,5,1,17,1,23,3,10,3,4,7,14,1,10,1,13,,44,,1,22,121.5005035,25.03126526
113,6,24,11,28,2,09北投區,北投區中和街與中和街20巷口,0,0,1,1,C03,8,7,5,50,4,1,1,5,4,5,13,4,4,5,5,5,2,16,2,70,2,7,6,1,7,5,1,10,1,14,,8,,1,21,121.5031899,25.13761418
113,6,24,11,28,2,09北投區,北投區中和街與中和街20巷口,0,0,1,2,B03,8,7,5,50,4,1,1,5,4,5,13,4,4,5,5,5,2,16,1,60,3,10,7,1,7,4,1,8,1,6,,1,,1,21,121.5031899,25.13761418
113,6,24,11,35,2,11南港區,南港區東明街123巷東新公園旁,0,0,1,1,B03,8,7,5,30,14,9,1,5,4,5,13,4,4,10,5,5,2,10,1,40,3,10,7,1,7,1,1,8,1,5,,19,,1,21,121.6003473,25.05511622
113,6,24,11,35,2,11南港區,南港區東明街123巷東新公園旁,0,0,1,2,C03,8,7,5,30,14,9,1,5,4,5,13,4,4,10,5,5,2,10,1,36,2,9,5,1,7,9,1,10,1,11,,13,,1,21,121.6003473,25.05511622
113,6,24,11,40,2,04大安區,大安區羅斯福路4段21號,0,0,2,1,C03,8,6,5,50,14,9,1,5,4,5,13,2,1,1,4,5,2,13,1,46,2,9,5,1,7,9,1,10,1,11,,117,,1,21,121.535256,25.0140454
113,6,24,11,40,2,04大安區,大安區羅斯福路4段21號,0,0,2,2,C03,8,6,5,50,14,9,1,5,4,5,13,2,1,1,4,5,2,13,2,43,2,9,5,1,7,14,1,10,1,13,,44,,1,21,121.535256,25.0140454
113,6,24,12,36,2,10文山區,文山區木柵路4段23號,0,0,1,1,B03,7,6,5,50,14,9,1,5,4,5,13,4,4,5,4,5,2,16,1,52,3,10,7,1,7,5,1,8,2,4,,8,,1,21,121.5714569,24.9933
113,6,24,12,36,2,10文山區,文山區木柵路4段23號,0,0,1,2,C03,7,6,5,50,14,9,1,5,4,5,13,4,4,5,4,5,2,16,1,73,2,9,6,1,7,9,1,10,2,12,,108,,1,21,121.5714569,24.9933
113,6,24,12,44,2,08士林區,士林區福港街167巷與福港街口,0,0,1,1,C03,8,7,5,30,4,1,1,5,4,5,13,4,4,10,5,5,1,17,2,74,2,9,6,1,7,9,1,10,1,11,,72,,1,21,121.5179205,25.08755407
113,6,24,12,44,2,08士林區,士林區福港街167巷與福港街口,0,0,1,2,B03,8,7,5,30,4,1,1,5,4,5,13,4,4,10,5,5,1,17,1,21,3,10,7,1,7,9,1,8,1,4,,44,,1,21,121.5179205,25.08755407
113,6,24,14,34,2,03中山區,中山區民權東路2段92巷與錦州街口,0,0,2,1,C03,6,6,5,30,4,1,1,4,4,5,13,4,4,10,5,5,2,15,1,54,2,9,5,1,7,9,1,10,1,14,,72,,1,21,121.5316849,25.0603528
113,6,24,14,34,2,03中山區,中山區民權東路2段92巷與錦州街口,0,0,2,2,C03,6,6,5,30,4,1,1,4,4,5,13,4,4,10,5,5,2,15,1,35,2,9,6,1,7,9,1,10,1,11,,14,,1,21,121.5316849,25.0603528
113,6,24,14,52,2,11南港區,南港區南港路2段與南港路2段178巷口,0,0,1,1,B12,6,6,5,50,4,18,1,4,4,5,13,1,1,5,4,4,2,3,1,27,3,10,7,1,7,5,1,8,1,1,,70,,1,21,121.599641,25.0533803
113,6,24,14,52,2,11南港區,南港區南港路2段與南港路2段178巷口,0,0,1,2,H01,6,6,5,50,4,18,1,4,4,5,13,1,1,5,4,4,2,3,1,42,2,9,4,5,8,16,8,20,10,16,,67,,1,21,121.599641,25.0533803
113,6,24,14,58,2,07信義區,信義區虎林街120巷與忠孝東路5段295巷口口,0,0,2,1,B11,6,7,5,50,4,1,1,4,4,5,13,4,4,10,5,5,2,15,1,48,3,10,7,1,7,9,1,6,1,2,,72,,1,21,121.5725909,25.042226
113,6,24,14,58,2,07信義區,信義區虎林街120巷與忠孝東路5段295巷口口,0,0,2,2,C03,6,7,5,50,4,1,1,4,4,5,13,4,4,10,5,5,2,15,1,55,2,7,6,1,7,9,1,10,1,11,,108,,1,21,121.5725909,25.042226
113,6,24,14,58,2,07信義區,信義區虎林街120巷與忠孝東路5段295巷口口,0,0,2,3,H02,6,7,5,50,4,1,1,4,4,5,13,4,4,10,5,5,2,15,2,53,2,9,6,5,7,20,8,20,10,16,,67,,1,21,121.5725909,25.042226
113,6,24,15,11,2,06松山區,松山區八德路3段12巷與八德路3段12巷70弄口,0,0,3,1,C03,6,6,5,30,4,1,1,4,4,5,13,4,4,10,5,5,2,15,2,32,2,9,6,1,7,9,1,10,1,14,,72,,1,21,121.5506909,25.04530259
113,6,24,15,11,2,06松山區,松山區八德路3段12巷與八德路3段12巷70弄口,0,0,3,2,B03,6,6,5,30,4,1,1,4,4,5,13,4,4,10,5,5,2,15,1,35,3,10,3,4,7,9,1,8,1,1,,44,,1,21,121.5506909,25.04530259
113,6,24,15,11,2,06松山區,松山區八德路3段12巷與八德路3段12巷70弄口,0,0,3,3,H02,6,6,5,30,4,1,1,4,4,5,13,4,4,10,5,5,2,15,2,28,2,9,6,5,7,20,8,20,10,16,,60,,1,21,121.5506909,25.04530259
113,6,24,15,11,2,06松山區,松山區八德路3段12巷與八德路3段12巷70弄口,0,0,3,4,H02,6,6,5,30,4,1,1,4,4,5,13,4,4,10,5,5,2,15,1,2,2,9,6,5,7,20,8,20,10,16,,60,,1,21,121.5506909,25.04530259
113,6,24,15,23,2,05中正區,中正區林森北路11號加油站內,0,0,1,1,B01,6,5,8,0,22,22,5,4,4,5,13,4,4,10,5,5,2,9,1,48,3,10,7,1,7,2,1,4,1,2,,118,,1,22,121.5239491,25.04605655
113,6,24,15,23,2,05中正區,中正區林森北路11號加油站內,0,0,1,2,H03,6,5,8,0,22,22,5,4,4,5,13,4,4,10,5,5,2,9,1,40,2,8,4,5,8,17,8,20,10,16,,118,,1,26,121.5239491,25.04605655
113,6,24,16,21,2,07信義區,信義區基隆路2段與嘉興街口口,0,0,1,1,B01,6,6,5,50,3,2,1,4,4,5,13,4,4,8,1,5,2,16,1,55,3,10,3,4,7,6,1,8,1,5,,74,,1,21,121.5592032,25.032593
113,6,24,16,21,2,07信義區,信義區基隆路2段與嘉興街口口,0,0,1,2,C03,6,6,5,50,3,2,1,4,4,5,13,4,4,8,1,5,2,16,1,69,2,9,5,4,7,9,1,10,1,12,11,108,,1,21,121.5592032,25.032593
113,6,24,16,32,2,04大安區,大安區辛亥路2段與溫州街口,0,0,1,1,B03,6,6,5,50,4,1,1,4,4,5,13,1,1,1,4,4,2,16,1,75,3,10,3,4,7,1,1,8,1,7,,19,,1,21,121.5333537,25.0226486
113,6,24,16,32,2,04大安區,大安區辛亥路2段與溫州街口,0,0,1,2,C03,6,6,5,50,4,1,1,4,4,5,13,1,1,1,4,4,2,16,1,31,2,9,3,4,7,9,1,10,1,11,,44,,1,21,121.5333537,25.0226486
113,6,24,16,47,2,06松山區,松山區松河街與中坡北路口,0,0,1,1,B03,6,7,5,40,3,1,1,4,4,5,13,2,1,5,4,5,2,17,2,66,3,10,7,1,7,5,1,8,1,1,,8,,1,22,121.5798354,25.0521238
113,6,24,16,47,2,06松山區,松山區松河街與中坡北路口,0,0,1,2,C03,6,7,5,40,3,1,1,4,4,5,13,2,1,5,4,5,2,17,1,26,2,7,6,1,7,9,1,10,1,12,,44,,1,22,121.5798354,25.0521238
113,6,24,16,50,2,07信義區,信義區忠孝東路4段563號,0,0,2,1,F01,6,7,8,0,22,20,4,4,4,5,13,4,4,10,5,5,2,2,1,48,2,8,4,1,7,9,8,20,1,12,,44,,1,21,121.563813,25.0413918
113,6,24,16,50,2,07信義區,信義區忠孝東路4段563號,0,0,2,2,H01,6,7,8,0,22,20,4,4,4,5,13,4,4,10,5,5,2,2,2,59,2,9,4,5,8,16,8,20,10,16,,67,,1,21,121.563813,25.0413918
113,6,24,17,7,2,05中正區,中正區重慶南路1段與忠孝西路1段口口,0,0,1,1,A04,6,5,5,50,4,2,1,4,4,5,13,2,1,9,4,4,1,13,1,58,3,10,7,1,7,9,1,2,2,1,,16,,1,21,121.513583,25.047261
113,6,24,17,7,2,05中正區,中正區重慶南路1段與忠孝西路1段口口,0,0,1,2,B03,6,5,5,50,4,2,1,4,4,5,13,2,1,9,4,4,1,13,1,40,2,2,7,1,7,12,1,8,2,3,,44,,1,21,121.513583,25.047261
113,6,24,17,7,2,06松山區,松山區市民大道4段73號,0,0,1,1,C03,7,6,5,40,14,9,1,4,4,5,13,4,4,1,3,5,2,18,2,29,2,9,6,1,7,9,1,10,1,14,,42,,1,21,121.5470769,25.04527713
113,6,24,17,7,2,06松山區,松山區市民大道4段73號,0,0,1,2,,7,6,5,40,14,9,1,4,4,5,13,4,4,1,3,5,2,18,3,0,,,,,,,,,10,,,67,,,,121.5470769,25.04527713
113,6,24,17,10,2,01大同區,大同區重慶北路3段與民權西路口口,0,0,1,2,C03,8,6,5,50,4,1,1,4,4,5,13,2,1,1,5,5,2,17,1,54,2,8,6,1,7,9,1,10,1,15,,42,,1,21,121.5135395,25.0631444
113,6,24,17,10,2,01大同區,大同區重慶北路3段與民權西路口口,0,0,1,1,B03,8,6,5,50,4,1,1,4,4,5,13,2,1,1,5,5,2,17,1,65,4,11,3,4,7,8,7,19,9,15,,100,,2,22,121.5135395,25.0631444
113,6,24,17,19,2,09北投區,北投區懷德街56巷與榮華三路41巷口,0,0,2,1,C03,7,5,5,30,4,1,1,5,4,5,13,4,4,10,5,5,2,15,2,70,2,9,5,1,7,9,1,10,1,11,,80,,1,21,121.5204254,25.1127283
113,6,24,17,19,2,09北投區,北投區懷德街56巷與榮華三路41巷口,0,0,2,2,C03,7,5,5,30,4,1,1,5,4,5,13,4,4,10,5,5,2,15,2,65,2,9,5,1,7,9,1,10,1,14,,14,,1,21,121.5204254,25.1127283
113,6,24,17,25,2,06松山區,信義區一號道路與仁愛路4段口,0,0,1,1,C03,7,6,5,50,14,9,4,4,4,5,13,1,1,5,5,5,2,13,1,27,2,9,5,4,7,9,1,10,2,11,,108,,1,22,121.562028,25.0372126
113,6,24,17,25,2,06松山區,信義區一號道路與仁愛路4段口,0,0,1,2,E03,7,6,5,50,14,9,4,4,4,5,13,1,1,5,5,5,2,13,1,26,3,10,3,4,7,14,1,8,2,3,,80,,1,23,121.562028,25.0372126