發生年度,發生月,發生日,發生時-Hours,發生分,處理別-編號,區序,肇事地點,死亡人數,2-30日死亡人數,受傷人數,當事人序號,車種,天候,道路照明設備,道路類別,速限-速度限制,道路型態,事故位置,路面狀況1,路面狀況2,路面狀況3,道路障礙1,道路障礙2,號誌1,號誌2,車道劃分-分向,車道劃分-分道1,車道劃分-分道2,車道劃分-分道3,事故類型及型態,性別,年齡,受傷程度,主要傷處,保護裝置,行動電話,車輛用途,當事者行動狀態,駕駛資格情形,駕駛執照種類,飲酒情形,車輛撞擊部位1,車輛撞擊部位2,肇因碼-個別,肇因碼-主要,個人肇逃否,職業,座標-X,座標-Y
113,6,24,17,34,2,12內湖區,內湖區東湖路113巷3弄3號,0,0,1,2,H01,8,6,5,30,14,9,1,5,4,5,13,4,4,10,5,5,2,2,2,80,2,7,4,5,8,16,8,20,10,16,,54,,1,21,121.6151105,25.0690733
113,6,24,17,34,2,12內湖區,內湖區東湖路113巷3弄3號,0,0,1,1,B03,8,6,5,30,14,9,1,5,4,5,13,4,4,10,5,5,2,2,1,31,3,10,7,1,7,9,1,8,9,5,,108,,1,21,121.6151105,25.0690733
113,6,24,18,14,2,03中山區,中山區北安路圓環往內湖方向,0,0,1,1,B03,6,5,5,50,14,9,1,4,4,5,13,4,4,1,4,5,2,12,4,63,,,,,7,9,7,19,11,,,119,,2,22,121.520113,25.09627582
113,6,24,18,14,2,03中山區,中山區北安路圓環往內湖方向,0,0,1,2,C03,6,5,5,50,14,9,1,4,4,5,13,4,4,1,4,5,2,12,1,37,2,9,5,1,7,9,1,10,1,14,,44,,1,22,121.520113,25.09627582
113,6,24,18,17,2,10文山區,文山區忠順街1段72號,0,0,1,1,C03,7,7,5,50,14,9,1,4,4,5,13,4,4,9,5,5,2,16,1,23,3,10,6,1,7,9,1,10,1,14,,44,,1,21,121.5607153,24.9843372
113,6,24,18,17,2,10文山區,文山區忠順街1段72號,0,0,1,2,C03,7,7,5,50,14,9,1,4,4,5,13,4,4,9,5,5,2,16,2,56,2,9,6,1,7,1,1,10,1,12,,19,,1,21,121.5607153,24.9843372
113,6,24,18,32,2,07信義區,信義區信義路6段與松德路口,0,0,1,2,H01,6,5,5,50,4,1,1,4,4,5,13,2,1,5,4,5,2,2,2,52,2,8,4,5,8,16,8,20,10,16,,121,,1,21,121.5746218,25.0338162
113,6,24,18,32,2,07信義區,信義區信義路6段與松德路口,0,0,1,1,B02,6,5,5,50,4,1,1,4,4,5,13,2,1,5,4,5,2,2,1,60,3,10,7,1,7,6,1,8,1,1,,108,,1,21,121.5746218,25.0338162
113,6,24,18,41,2,01大同區,大同區承德路3段與承德路3段143巷口,0,0,1,1,A04,6,5,5,50,3,2,1,4,4,5,13,4,4,1,4,5,2,17,1,48,3,10,7,1,7,10,1,2,2,15,,100,,1,21,121.5184781,25.067699
113,6,24,18,41,2,01大同區,大同區承德路3段與承德路3段143巷口,0,0,1,2,C03,6,5,5,50,3,2,1,4,4,5,13,4,4,1,4,5,2,17,1,44,2,9,6,1,7,9,1,10,2,14,,44,,1,21,121.5184781,25.067699
113,6,24,18,45,2,12內湖區,內湖區新湖一路與新湖一路339巷口,0,0,1,1,B13,6,5,5,50,4,1,1,4,4,5,13,1,1,4,4,5,1,16,1,36,3,10,3,4,7,5,1,8,1,8,,44,,1,21,121.5838982,25.06343756
113,6,24,18,45,2,12內湖區,內湖區新湖一路與新湖一路339巷口,0,0,1,2,C03,6,5,5,50,4,1,1,4,4,5,13,1,1,4,4,5,1,16,1,46,2,9,3,4,7,4,1,10,1,12,,86,,1,21,121.5838982,25.06343756
113,6,24,19,5,2,07信義區,信義區信義路6段25號,0,0,1,1,B02,6,5,5,50,14,9,1,4,4,5,13,4,4,9,4,5,2,17,2,41,3,10,3,4,7,14,1,8,1,2,,118,,1,22,121.5757129,25.0344969
113,6,24,19,5,2,07信義區,信義區信義路6段25號,0,0,1,3,H02,6,5,5,50,14,9,1,4,4,5,13,4,4,9,4,5,2,17,2,70,3,10,3,5,7,19,8,20,10,17,,67,,1,22,121.5757129,25.0344969
113,6,24,19,5,2,07信義區,信義區信義路6段25號,0,0,1,2,C02,6,5,5,50,14,9,1,4,4,5,13,4,4,9,4,5,2,17,1,47,2,7,3,4,7,9,1,9,1,14,,118,,1,22,121.5757129,25.0344969
113,6,24,19,15,2,07信義區,信義區基隆路1段135號,0,0,1,1,C03,6,5,5,50,14,9,1,4,4,5,13,4,4,1,4,5,2,18,2,32,2,7,6,1,7,9,1,10,9,14,,42,,1,21,121.5664239,25.0441844
113,6,24,19,15,2,07信義區,信義區基隆路1段135號,0,0,1,2,,6,5,5,50,14,9,1,4,4,5,13,4,4,1,4,5,2,18,3,0,,,,,,,,,,,,67,,1,,121.5664239,25.0441844
113,6,24,19,17,2,03中山區,中山區遼寧街168號與遼寧街170巷口,0,0,1,1,C02,6,5,5,30,3,2,1,4,4,5,13,4,4,9,4,5,2,17,1,39,2,8,5,1,7,15,1,9,2,12,,42,,1,21,121.542121,25.0554019
113,6,24,19,17,2,03中山區,中山區遼寧街168號與遼寧街170巷口,0,0,1,2,B03,6,5,5,30,3,2,1,4,4,5,13,4,4,9,4,5,2,17,1,48,3,10,7,1,7,15,1,4,2,8,,42,,1,21,121.542121,25.0554019
113,6,24,19,55,2,03中山區,中山區新生北路3段與農安街口,0,0,1,1,B02,6,5,5,50,14,9,1,4,4,5,13,4,4,1,4,5,2,12,1,42,3,10,7,1,7,7,1,8,1,8,,100,,1,21,121.5276106,25.0644784
113,6,24,19,55,2,03中山區,中山區新生北路3段與農安街口,0,0,1,2,C04,6,5,5,50,14,9,1,4,4,5,13,4,4,1,4,5,2,12,1,33,2,7,5,1,7,7,1,10,1,12,,44,,1,21,121.5276106,25.0644784
113,6,24,19,55,2,06松山區,松山區民生東路5段與民生東路5段137巷口,0,0,1,1,C04,7,5,5,50,4,1,1,4,4,5,13,1,1,9,4,5,2,12,2,61,2,9,5,4,7,7,1,10,1,14,,100,,1,22,121.5616808,25.0588035
113,6,24,19,55,2,06松山區,松山區民生東路5段與民生東路5段137巷口,0,0,1,2,A02,7,5,5,50,4,1,1,4,4,5,13,1,1,9,4,5,2,12,1,38,3,10,7,4,7,9,1,2,1,2,,44,,1,22,121.5616808,25.0588035
113,6,24,20,28,2,05中正區,中正區仁愛路2段與金山南路1段口,0,0,2,1,C03,7,5,5,50,4,1,1,4,4,5,13,1,1,1,4,5,2,17,1,24,2,9,6,1,7,9,1,10,2,11,,44,,1,21,121.5283436,25.0381263
113,6,24,20,28,2,05中正區,中正區仁愛路2段與金山南路1段口,0,0,2,2,C03,7,5,5,50,4,1,1,4,4,5,13,1,1,1,4,5,2,17,2,24,2,9,5,1,7,15,1,10,2,13,,44,,1,21,121.5283436,25.0381263
113,6,24,21,32,2,01大同區,大同區民生西路301號,0,0,1,1,B01,8,5,5,50,14,9,1,5,4,5,13,4,4,9,5,5,2,17,1,52,3,10,7,1,7,11,1,4,2,8,,80,,1,21,121.5128249,25.0569961
113,6,24,21,32,2,01大同區,大同區民生西路301號,0,0,1,2,C03,8,5,5,50,14,9,1,5,4,5,13,4,4,9,5,5,2,17,1,23,2,9,6,1,7,9,1,10,2,12,,44,,1,21,121.5128249,25.0569961
113,6,24,23,14,2,05中正區,中正區重慶南路3段與和平西路1段口,0,0,1,1,B03,8,5,5,50,5,1,1,5,4,5,13,1,1,1,4,5,2,17,1,40,3,10,7,1,7,6,1,8,1,6,,9,,1,21,121.5161256,25.0271523
113,6,24,23,14,2,05中正區,中正區重慶南路3段與和平西路1段口,0,0,1,2,C03,8,5,5,50,5,1,1,5,4,5,13,1,1,1,4,5,2,17,1,26,2,9,5,1,7,9,1,9,1,11,,14,,1,21,121.5161256,25.0271523
113,6,25,1,18,2,05中正區,中正區重慶南路3段144號,0,0,1,1,C03,8,6,5,50,14,9,1,5,4,1,13,4,4,3,4,5,2,28,1,27,2,9,5,1,7,9,1,10,2,11,,108,,1,21,121.5169369,25.0236172
113,6,25,1,18,2,05中正區,中正區重慶南路3段144號,0,0,1,3,B01,8,6,5,50,14,9,1,5,4,1,13,4,4,3,4,5,2,28,1,68,3,10,7,1,7,9,1,4,2,5,,44,,1,21,121.5169369,25.0236172
113,6,25,1,18,2,05中正區,中正區重慶南路3段144號,0,0,1,2,,8,6,5,50,14,9,1,5,4,1,13,4,4,3,4,5,2,28,3,0,,,,,,,,,,,,65,,1,,121.5169369,25.0236172
113,6,25,1,41,2,03中山區,中山區龍江路與民權東路3段口,0,0,2,1,C03,8,5,5,50,5,2,1,5,4,5,13,2,1,8,3,5,1,17,1,19,2,9,5,1,7,9,1,10,1,11,,81,,1,21,121.5408781,25.0624738
113,6,25,1,41,2,03中山區,中山區龍江路與民權東路3段口,0,0,2,2,C03,8,5,5,50,5,2,1,5,4,5,13,2,1,8,3,5,1,17,1,21,2,9,5,1,7,9,1,10,1,11,,44,,1,21,121.5408781,25.0624738
113,6,25,7,25,2,06松山區,松山區市民大道4段與八德路3段12巷57弄口,0,0,2,1,C03,8,6,5,40,3,1,1,5,4,5,13,4,4,1,4,5,2,11,1,51,2,8,6,1,7,9,1,9,1,15,,14,,1,22,121.5519967,25.0446393
113,6,25,7,25,2,06松山區,松山區市民大道4段與八德路3段12巷57弄口,0,0,2,2,C03,8,6,5,40,3,1,1,5,4,5,13,4,4,1,4,5,2,11,1,59,2,8,6,1,7,9,1,10,1,11,,44,,1,22,121.5519967,25.0446393
113,6,25,7,25,2,06松山區,松山區市民大道4段與八德路3段12巷57弄口,0,0,2,3,B03,8,6,5,40,3,1,1,5,4,5,13,4,4,1,4,5,2,11,2,55,3,10,7,1,7,6,1,8,1,17,,72,,1,22,121.5519967,25.0446393
113,6,25,7,25,2,11南港區,南港區南港路3段133號與南港路口,0,0,3,1,C03,8,7,5,50,3,1,1,5,4,5,13,4,4,4,3,5,2,15,2,20,2,9,5,1,7,1,1,10,1,11,,19,,1,21,121.5857716,25.05282482
113,6,25,7,25,2,11南港區,南港區南港路3段133號與南港路口,0,0,3,2,C03,8,7,5,50,3,1,1,5,4,5,13,4,4,4,3,5,2,15,1,45,2,7,5,1,7,9,1,10,1,12,,44,,1,21,121.5857716,25.05282482
113,6,25,7,25,2,11南港區,南港區南港路3段133號與南港路口,0,0,3,3,H02,8,7,5,50,3,1,1,5,4,5,13,4,4,4,3,5,2,15,1,61,2,9,5,5,7,21,8,20,10,16,,67,,1,21,121.5857716,25.05282482
113,6,25,7,30,2,04大安區,大安區辛亥路3段161號,0,0,1,1,B03,8,7,5,50,14,9,1,5,4,5,13,4,4,1,4,5,2,12,2,59,3,10,7,1,7,8,1,8,1,15,,100,,1,21,121.5499105,25.0161901
113,6,25,7,30,2,04大安區,大安區辛亥路3段161號,0,0,1,2,B02,8,7,5,50,14,9,1,5,4,5,13,4,4,1,4,5,2,12,2,44,3,10,7,1,7,15,1,8,1,8,2,44,,1,21,121.5499105,25.0161901
113,6,25,7,30,2,04大安區,大安區辛亥路3段161號,0,0,1,3,C03,8,7,5,50,14,9,1,5,4,5,13,4,4,1,4,5,2,12,1,55,2,9,5,1,7,9,1,10,1,14,,44,,1,21,121.5499105,25.0161901
113,6,25,8,8,2,03中山區,中山區民權東路2段與吉林路口,0,0,1,1,C03,8,5,8,50,4,1,1,5,4,5,13,1,1,1,4,5,2,29,3,0,,,,,,,,,,,,119,,1,,121.5301161,25.06252255
113,6,25,8,8,2,03中山區,中山區民權東路2段與吉林路口,0,0,1,2,C03,8,5,8,50,4,1,1,5,4,5,13,1,1,1,4,5,2,29,1,36,2,7,3,4,7,9,1,10,1,11,,44,,1,21,121.5301161,25.06252255
113,6,25,8,18,2,09北投區,北投區民族街與公館路63巷口,0,0,1,1,B03,8,7,5,30,4,1,1,5,4,5,13,4,4,10,5,5,1,15,1,37,3,10,7,1,7,9,1,8,1,5,,72,,1,22,121.5039068,25.1325215
113,6,25,8,18,2,09北投區,北投區民族街與公館路63巷口,0,0,1,2,F03,8,7,5,30,4,1,1,5,4,5,13,4,4,10,5,5,1,15,2,25,2,9,4,1,7,9,8,20,1,14,,44,,1,22,121.5039068,25.1325215
113,6,25,8,24,2,12內湖區,內湖區潭美街西向東，近路燈0302952,0,0,2,1,C03,8,6,5,40,14,9,1,5,4,5,13,4,4,9,5,5,2,17,1,27,2,7,5,1,7,9,1,10,2,15,,108,,1,21,121.5862015,25.05644812
113,6,25,8,24,2,12內湖區,內湖區潭美街西向東，近路燈0302952,0,0,2,2,C03,8,6,5,40,14,9,1,5,4,5,13,4,4,9,5,5,2,17,1,31,2,9,5,1,7,9,1,10,2,15,,44,,1,21,121.5862015,25.05644812
113,6,25,8,24,2,12內湖區,內湖區潭美街西向東，近路燈0302952,0,0,2,3,B03,8,6,5,40,14,9,1,5,4,5,13,4,4,9,5,5,2,17,1,37,3,10,7,1,7,14,1,8,11,17,,44,,1,21,121.5862015,25.05644812
113,6,25,8,31,2,07信義區,信義區福德街221巷1號,0,0,1,1,C04,8,7,5,30,14,9,1,5,4,5,13,1,1,10,5,5,2,16,2,61,2,9,5,1,7,1,1,10,1,12,,19,,1,21,121.5849614,25.0383164
113,6,25,8,31,2,07信義區,信義區福德街221巷1號,0,0,1,2,B03,8,7,5,30,14,9,1,5,4,5,13,1,1,10,5,5,2,16,1,43,3,10,7,1,7,9,1,8,1,4,,44,,1,21,121.5849614,25.0383164
113,6,25,8,50,2,11南港區,南港區松河街(近重陽路57巷),0,0,1,1,C03,8,7,5,50,14,9,1,5,4,5,13,4,4,4,4,5,2,13,1,24,2,9,5,1,7,9,1,10,1,11,,16,,1,21,121.5958955,25.05892703
113,6,25,8,50,2,11南港區,南港區松河街(近重陽路57巷),0,0,1,2,B03,8,7,5,50,14,9,1,5,4,5,13,4,4,4,4,5,2,13,1,55,3,10,7,1,7,9,1,8,1,6,,44,,1,21,121.5958955,25.05892703
113,6,25,8,53,2,05中正區,中正區重慶南路3段與和平西路1段口口,0,0,1,1,C03,8,6,5,50,5,1,1,5,4,5,13,1,1,1,4,4,1,17,2,42,4,11,5,4,7,6,1,10,11,15,,9,,1,21,121.5160928,25.0273746
113,6,25,8,53,2,05中正區,中正區重慶南路3段與和平西路1段口口,0,0,1,2,C03,8,6,5,50,5,1,1,5,4,5,13,1,1,1,4,4,1,17,2,49,2,7,6,1,7,9,1,10,1,14,,44,,1,21,121.5160928,25.0273746
113,6,25,8,53,2,11南港區,南港區忠孝東路6段與忠孝東路6段70巷口,0,0,1,1,F01,8,6,5,30,3,1,1,5,4,5,13,4,4,10,5,5,2,16,2,74,2,9,2,1,7,9,8,20,1,11,,42,,1,21,121.5838022,25.046556
113,6,25,8,53,2,11南港區,南港區忠孝東路6段與忠孝東路6段70巷口,0,0,1,2,C03,8,6,5,30,3,1,1,5,4,5,13,4,4,10,5,5,2,16,1,29,3,10,5,1,7,9,1,10,1,12,,108,,1,21,121.5838022,25.046556
113,6,25,8,55,2,07信義區,信義區松高路西往東(市府路-松智路),0,0,1,1,C03,8,7,5,50,14,9,1,5,4,5,13,4,4,9,4,5,2,18,1,59,2,9,6,1,7,9,1,10,1,12,,115,,1,22,121.5649334,25.0390529
113,6,25,8,55,2,07信義區,信義區松高路西往東(市府路-松智路),0,0,1,2,,8,7,5,50,14,9,1,5,4,5,13,4,4,9,4,5,2,18,3,0,,,,,,,,,,,,67,,1,,121.5649334,25.0390529
113,6,25,9,19,2,07信義區,信義區林口街38巷,0,0,1,1,B03,8,7,5,30,14,9,1,5,4,5,13,4,4,10,5,5,1,17,2,37,3,10,7,1,7,1,1,8,1,8,,19,,1,22,121.5811301,25.03854219
113,6,25,9,19,2,07信義區,信義區林口街38巷,0,0,1,2,C03,8,7,5,30,14,9,1,5,4,5,13,4,4,10,5,5,1,17,1,40,2,9,5,1,7,9,1,10,1,12,,44,,1,22,121.5811301,25.03854219
113,6,25,9,30,2,04大安區,大安區辛亥路2段與和平東路2段118巷口,0,0,1,1,B12,8,5,5,40,3,1,1,5,4,5,13,4,4,1,4,4,2,9,1,80,4,11,3,4,7,21,7,19,9,15,,44,,2,22,121.5427984,25.021596
113,6,25,9,30,2,04大安區,大安區辛亥路2段與和平東路2段118巷口,0,0,1,2,H01,8,5,5,40,3,1,1,5,4,5,13,4,4,1,4,4,2,9,1,24,2,7,4,5,8,16,8,20,10,16,,67,,1,21,121.5427984,25.021596
113,6,25,9,30,2,10文山區,文山區指南路3段指南幹B7228DA40,0,0,1,1,,8,6,5,30,11,9,1,5,4,5,13,4,4,10,5,5,2,18,3,38,,,,,,,,,,,,65,,1,,121.5825256,24.9796076
113,6,25,9,30,2,10文山區,文山區指南路3段指南幹B7228DA40,0,0,1,2,F01,8,6,5,30,11,9,1,5,4,5,13,4,4,10,5,5,2,18,2,37,2,9,4,1,7,9,8,20,1,17,,44,,1,21,121.5825256,24.9796076
113,6,25,9,35,2,05中正區,中正區中華路2段與中華路2段75巷口,0,0,1,1,B12,8,7,5,50,3,1,1,5,4,5,13,4,4,1,4,5,2,17,1,54,3,10,7,1,7,6,1,8,1,2,,9,,1,22,121.5058721,25.0343048
113,6,25,9,35,2,05中正區,中正區中華路2段與中華路2段75巷口,0,0,1,2,C03,8,7,5,50,3,1,1,5,4,5,13,4,4,1,4,5,2,17,1,20,2,9,5,1,7,9,1,10,1,17,,108,,1,22,121.5058721,25.0343048
113,6,25,9,40,2,03中山區,中山區中山北路2段與長春路口,0,0,1,1,B01,8,7,5,50,4,1,1,5,4,5,13,1,1,9,5,5,2,17,1,58,3,10,7,1,7,6,1,4,1,3,,42,,1,21,121.5228231,25.0548789
113,6,25,9,40,2,03中山區,中山區中山北路2段與長春路口,0,0,1,2,C03,8,7,5,50,4,1,1,5,4,5,13,1,1,9,5,5,2,17,1,30,2,9,6,1,7,9,1,10,1,11,,108,,1,21,121.5228231,25.0548789
113,6,25,9,44,2,06松山區,松山區麥帥一橋東往西(燈桿6511388),0,0,2,1,B03,8,5,5,60,10,9,1,5,4,5,13,4,4,9,4,5,2,13,1,44,2,7,3,4,7,9,1,8,1,1,,108,,1,22,121.5720292,25.05240385
113,6,25,9,44,2,06松山區,松山區麥帥一橋東往西(燈桿6511388),0,0,2,2,B02,8,5,5,60,10,9,1,5,4,5,13,4,4,9,4,5,2,13,2,61,2,2,3,4,7,14,1,8,1,3,,44,,1,22,121.5720292,25.05240385
113,6,25,9,44,2,06松山區,松山區麥帥一橋東往西(燈桿6511388),0,0,2,3,B03,8,5,5,60,10,9,1,5,4,5,13,4,4,9,4,5,2,13,1,38,3,10,3,4,7,14,1,8,1,3,,44,,1,22,121.5720292,25.05240385
113,6,25,9,44,2,06松山區,松山區麥帥一橋東往西(燈桿6511388),0,0,2,4,B12,8,5,5,60,10,9,1,5,4,5,13,4,4,9,4,5,2,13,1,27,3,10,3,4,7,14,1,8,1,3,,44,,1,22,121.5720292,25.05240385
113,6,25,9,45,2,06松山區,松山區民生東路4段與民生東路4段75巷口,0,0,1,1,C03,8,6,5,50,3,1,1,5,4,5,13,4,4,1,4,5,2,13,1,61,2,8,6,1,7,9,1,10,1,11,,16,,1,22,121.5513263,25.05795697
113,6,25,9,45,2,06松山區,松山區民生東路4段與民生東路4段75巷口,0,0,1,2,B01,8,6,5,50,3,1,1,5,4,5,13,4,4,1,4,5,2,13,1,52,3,10,7,1,7,6,1,4,1,7,,44,,1,22,121.5513263,25.05795697
113,6,25,9,47,2,05中正區,中正區羅斯福路2段與和平西路1段口,0,0,1,1,B12,8,7,5,50,4,2,1,5,4,5,13,1,1,1,4,5,2,12,1,52,3,10,7,1,7,7,1,8,1,8,,100,,1,21,121.5226122,25.0267286
113,6,25,9,47,2,05中正區,中正區羅斯福路2段與和平西路1段口,0,0,1,2,C03,8,7,5,50,4,2,1,5,4,5,13,1,1,1,4,5,2,12,1,26,2,7,5,1,7,9,1,10,1,12,,13,,1,21,121.5226122,25.0267286
113,6,25,9,47,2,12內湖區,內湖區康寧路3段與康寧路3段16巷口,0,0,1,1,B13,8,7,5,50,4,1,1,5,4,5,13,1,1,1,3,1,1,17,1,57,3,10,7,1,7,5,1,8,1,6,,8,,1,21,121.6101095,25.0712348
113,6,25,9,47,2,12內湖區,內湖區康寧路3段與康寧路3段16巷口,0,0,1,2,C03,8,7,5,50,4,1,1,5,4,5,13,1,1,1,3,1,1,17,1,21,2,9,6,1,7,9,1,10,1,11,,44,,1,21,121.6101095,25.0712348
113,6,25,9,55,2,09北投區,北投區西安街1段347號,0,0,1,1,C03,8,7,5,50,14,9,1,5,4,5,13,4,4,10,5,5,2,16,2,64,2,9,6,1,7,1,1,10,1,14,,19,,1,22,121.515639,25.113922
113,6,25,9,55,2,09北投區,北投區西安街1段347號,0,0,1,2,B03,8,7,5,50,14,9,1,5,4,5,13,4,4,10,5,5,2,16,1,32,3,10,7,1,7,9,1,8,1,2,,44,,1,22,121.515639,25.113922
113,6,25,10,12,2,05中正區,(汀州路3段193號前),0,0,2,1,F01,8,7,5,50,14,9,1,5,4,5,13,4,4,9,5,5,2,17,1,73,2,9,4,1,7,7,8,20,2,13,,100,,1,22,121.5330855,25.0144746
113,6,25,10,12,2,05中正區,(汀州路3段193號前),0,0,2,2,C03,8,7,5,50,14,9,1,5,4,5,13,4,4,9,5,5,2,17,1,28,2,9,5,1,7,9,1,10,2,11,,14,,1,22,121.5330855,25.0144746
113,6,25,10,12,2,10文山區,文山區樟新街與樟新街15巷口,0,0,1,1,B03,8,6,8,30,3,1,1,5,4,5,13,4,4,9,5,5,2,16,2,72,3,10,7,1,7,6,1,8,2,8,,72,,1,21,121.5550596,24.9797657
113,6,25,10,12,2,10文山區,文山區樟新街與樟新街15巷口,0,0,1,2,C03,8,6,8,30,3,1,1,5,4,5,13,4,4,9,5,5,2,16,1,23,2,9,6,1,7,9,1,10,2,11,,107,,1,21,121.5550596,24.9797657
113,6,25,10,12,2,10文山區,文山區樟新街與樟新街15巷口,0,0,1,3,B12,8,6,8,30,3,1,1,5,4,5,13,4,4,9,5,5,2,16,1,41,3,10,7,1,7,14,1,8,9,17,,38,,1,21,121.5550596,24.9797657
113,6,25,11,7,2,01大同區,大同區重慶北路3段捷運大橋頭站3號出口旁,0,0,1,1,C03,8,6,5,50,14,9,1,5,4,5,13,4,4,1,4,5,2,17,1,54,2,8,5,4,7,15,1,10,1,11,,100,,1,22,121.5135377,25.0640442
113,6,25,11,7,2,01大同區,大同區重慶北路3段捷運大橋頭站3號出口旁,0,0,1,2,C03,8,6,5,50,14,9,1,5,4,5,13,4,4,1,4,5,2,17,1,21,3,10,6,4,7,9,3,18,1,12,,44,,1,22,121.5135377,25.0640442
113,6,25,11,7,2,01大同區,大同區重慶北路3段捷運大橋頭站3號出口旁,0,0,1,3,B11,8,6,5,50,14,9,1,5,4,5,13,4,4,1,4,5,2,17,1,45,3,10,3,4,7,14,1,4,1,2,,44,,1,22,121.5135377,25.0640442
113,6,25,11,7,2,07信義區,(信義路5段150巷431弄20號前),0,0,1,1,B12,8,5,5,40,14,9,1,5,4,5,13,4,4,9,5,5,2,16,1,57,3,10,7,1,7,8,1,8,1,5,,100,,1,21,121.5711254,25.0232229
113,6,25,11,7,2,07信義區,(信義路5段150巷431弄20號前),0,0,1,2,C03,8,5,5,40,14,9,1,5,4,5,13,4,4,9,5,5,2,16,1,27,2,9,5,1,7,9,1,10,1,14,,44,,1,21,121.5711254,25.0232229
113,6,25,11,16,2,10文山區,文山區木柵路4段與秀明路1段口,0,0,1,1,C03,8,6,5,50,4,2,1,5,4,5,13,1,1,5,4,5,2,12,1,19,2,9,6,1,7,8,1,10,2,12,,100,,1,21,121.5710594,24.9916139
113,6,25,11,16,2,10文山區,文山區木柵路4段與秀明路1段口,0,0,1,2,B03,8,6,5,50,4,2,1,5,4,5,13,1,1,5,4,5,2,12,2,62,3,10,7,1,7,9,1,8,2,4,,108,,1,21,121.5710594,24.9916139
113,6,25,11,22,2,12內湖區,內湖區內湖路1段737巷61弄8號前,0,0,1,1,B03,8,6,6,30,14,9,1,5,4,5,13,4,4,10,5,5,2,11,1,45,3,10,3,4,7,1,1,8,1,8,,19,,1,22,121.5796835,25.0808986
113,6,25,11,22,2,12內湖區,內湖區內湖路1段737巷61弄8號前,0,0,1,2,C03,8,6,6,30,14,9,1,5,4,5,13,4,4,10,5,5,2,11,1,24,2,8,6,1,7,9,1,10,1,11,,44,,1,22,121.5796835,25.0808986
113,6,25,11,25,2,05中正區,中正區鄭州路與重慶北路1段口,0,0,1,1,C03,8,7,5,40,4,2,1,5,4,5,13,1,1,1,4,5,2,17,2,59,3,10,5,1,7,5,1,10,1,14,,101,,1,21,121.5130903,25.0493967
113,6,25,11,25,2,05中正區,中正區鄭州路與重慶北路1段口,0,0,1,2,C03,8,7,5,40,4,2,1,5,4,5,13,1,1,1,4,5,2,17,2,37,2,8,5,1,7,9,1,10,1,12,,44,,1,21,121.5130903,25.0493967
113,6,25,11,35,2,08士林區,士林區承德路5段與士商路口,0,0,1,1,B03,8,6,5,40,4,1,1,5,4,5,13,2,1,1,4,4,2,17,1,30,3,10,3,4,7,6,1,8,2,2,,9,,1,21,121.5142294,25.0960371
113,6,25,11,35,2,08士林區,士林區承德路5段與士商路口,0,0,1,2,C03,8,6,5,40,4,1,1,5,4,5,13,2,1,1,4,4,2,17,1,33,2,9,3,4,7,9,1,10,2,14,,44,,1,21,121.5142294,25.0960371
113,6,25,11,37,2,01大同區,大同區重慶北路3段與民權西路口,0,0,1,1,C03,8,6,5,50,4,1,1,5,4,5,13,2,1,1,4,5,2,13,1,75,3,10,6,4,7,6,1,10,2,11,,16,,1,22,121.5134623,25.0631268
113,6,25,11,37,2,01大同區,大同區重慶北路3段與民權西路口,0,0,1,2,C03,8,6,5,50,4,1,1,5,4,5,13,2,1,1,4,5,2,13,1,49,2,8,6,4,7,6,1,10,2,13,,44,,1,22,121.5134623,25.0631268
113,6,25,11,45,2,12內湖區,內湖區環山路1段24巷10號,0,0,2,1,C03,8,5,5,30,14,9,1,5,4,5,13,4,4,7,5,5,2,9,1,19,2,9,5,1,7,9,1,10,1,11,,108,,1,21,121.5656678,25.0826777
113,6,25,11,45,2,12內湖區,內湖區環山路1段24巷10號,0,0,2,2,H01,8,5,5,30,14,9,1,5,4,5,13,4,4,7,5,5,2,9,1,41,2,9,4,5,8,16,8,20,1,16,,121,,1,21,121.5656678,25.0826777
113,6,25,11,45,2,12內湖區,內湖區民權東路6段與成功路2段口,0,0,1,1,C04,8,6,5,50,4,1,1,5,4,5,13,2,1,3,4,5,2,16,2,28,2,7,5,1,7,5,1,10,1,13,,80,,1,21,121.5909571,25.0689961
113,6,25,11,45,2,12內湖區,內湖區民權東路6段與成功路2段口,0,0,1,2,B01,8,6,5,50,4,1,1,5,4,5,13,2,1,3,4,5,2,16,1,61,3,10,7,1,7,9,1,4,1,5,,44,,1,21,121.5909571,25.0689961
113,6,25,11,57,2,09北投區,北投區大度路3段與關渡路口西往東方向,0,0,1,1,B03,8,5,5,50,3,2,1,5,4,5,13,2,1,9,4,5,1,16,1,27,3,10,7,1,7,6,1,8,2,5,,71,,1,21,121.4694494,25.1229022
113,6,25,11,57,2,09北投區,北投區大度路3段與關渡路口西往東方向,0,0,1,2,C03,8,5,5,50,3,2,1,5,4,5,13,2,1,9,4,5,1,16,2,54,2,9,6,1,7,9,1,10,2,14,,44,,1,21,121.4694494,25.1229022
113,6,25,12,20,2,03中山區,中山區八德路2段與安東街口,0,0,2,1,C04,8,7,5,50,3,1,1,5,4,5,13,2,1,5,4,5,2,16,2,47,2,9,3,4,7,5,1,11,9,13,,71,,2,22,121.5416146,25.0469377