發生年度,發生月,發生日,發生時-Hours,發生分,處理別-編號,區序,肇事地點,死亡人數,2-30日死亡人數,受傷人數,當事人序號,車種,天候,道路照明設備,道路類別,速限-速度限制,道路型態,事故位置,路面狀況1,路面狀況2,路面狀況3,道路障礙1,道路障礙2,號誌1,號誌2,車道劃分-分向,車道劃分-分道1,車道劃分-分道2,車道劃分-分道3,事故類型及型態,性別,年齡,受傷程度,主要傷處,保護裝置,行動電話,車輛用途,當事者行動狀態,駕駛資格情形,駕駛執照種類,飲酒情形,車輛撞擊部位1,車輛撞擊部位2,肇因碼-個別,肇因碼-主要,個人肇逃否,職業,座標-X,座標-Y
113,6,25,12,20,2,03中山區,中山區八德路2段與安東街口,0,0,2,2,C03,8,7,5,50,3,1,1,5,4,5,13,2,1,5,4,5,2,16,2,27,2,9,6,1,7,9,1,10,1,11,,44,,1,22,121.5416146,25.0469377
113,6,25,12,41,2,07信義區,信義區松仁路與忠孝東路5段236巷2弄口,0,0,2,1,B03,8,7,5,50,4,1,1,5,4,5,13,4,4,1,4,5,2,15,1,39,3,10,7,1,7,9,1,8,1,2,,14,,1,21,121.5685722,25.0405023
113,6,25,12,41,2,07信義區,信義區松仁路與忠孝東路5段236巷2弄口,0,0,2,2,C03,8,7,5,50,4,1,1,5,4,5,13,4,4,1,4,5,2,15,1,27,2,8,5,1,7,9,1,10,1,11,,14,,1,21,121.5685722,25.0405023
113,6,25,12,41,2,07信義區,信義區松仁路與忠孝東路5段236巷2弄口,0,0,2,3,H02,8,7,5,50,4,1,1,5,4,5,13,4,4,1,4,5,2,15,2,25,2,8,5,5,7,20,8,20,10,16,,67,,1,21,121.5685722,25.0405023
113,6,25,12,46,2,01大同區,大同區延平北路3段與民權西路口,0,0,2,1,C03,8,6,5,50,4,1,1,5,4,5,13,2,1,1,4,5,2,13,1,48,2,9,6,4,7,15,1,10,2,13,,101,,1,22,121.5112449,25.0630213
113,6,25,12,46,2,01大同區,大同區延平北路3段與民權西路口,0,0,2,2,C03,8,6,5,50,4,1,1,5,4,5,13,2,1,1,4,5,2,13,2,19,2,9,6,4,7,9,1,10,2,11,,13,,1,22,121.5112449,25.0630213
113,6,25,12,59,2,03中山區,中山區建國北路2段與興安街口,0,0,2,1,C03,8,7,5,50,3,1,1,5,4,5,13,2,1,10,5,5,2,16,1,27,2,1,6,1,7,15,1,10,2,14,,42,,1,23,121.5366121,25.0561493
113,6,25,12,59,2,03中山區,中山區建國北路2段與興安街口,0,0,2,2,C03,8,7,5,50,3,1,1,5,4,5,13,2,1,10,5,5,2,16,1,27,2,8,6,1,7,9,1,10,2,11,,79,,1,21,121.5366121,25.0561493
113,6,25,15,0,2,05中正區,中正區中山南路與中山南路2巷口,0,0,1,1,B03,8,5,5,50,3,1,1,5,4,5,13,4,4,1,4,1,2,17,1,45,3,10,7,1,7,6,1,8,1,5,,9,,1,21,121.5192248,25.0449868
113,6,25,15,0,2,05中正區,中正區中山南路與中山南路2巷口,0,0,1,2,C03,8,5,5,50,3,1,1,5,4,5,13,4,4,1,4,1,2,17,1,57,2,9,5,1,7,9,1,10,1,14,,108,,1,21,121.5192248,25.0449868
113,6,25,15,20,2,07信義區,信義區松壽路與市府路口口,0,0,1,1,B01,6,7,5,50,4,1,1,4,4,5,13,2,1,5,4,5,2,12,1,60,3,10,7,1,7,9,1,4,2,4,,118,,1,21,121.5635413,25.0359502
113,6,25,15,20,2,07信義區,信義區松壽路與市府路口口,0,0,1,2,C03,6,7,5,50,4,1,1,4,4,5,13,2,1,5,4,5,2,12,2,32,2,9,6,1,7,9,1,9,2,12,,118,,1,21,121.5635413,25.0359502
113,6,25,15,36,2,09北投區,北投區義理街63巷與義理街63巷4弄口,0,0,2,1,C03,8,6,5,30,3,1,1,4,4,5,13,4,4,10,5,5,2,16,2,18,2,8,5,1,7,9,1,10,2,12,,13,,1,21,121.5151669,25.1175137
113,6,25,15,36,2,09北投區,北投區義理街63巷與義理街63巷4弄口,0,0,2,2,F01,8,6,5,30,3,1,1,4,4,5,13,4,4,10,5,5,2,16,2,73,2,9,4,1,7,5,8,20,2,14,,98,,1,21,121.5151669,25.1175137
113,6,25,16,11,2,06松山區,松山區南京東路4段與敦化北路口,0,0,1,1,C03,7,6,5,50,4,2,1,4,4,5,13,1,1,1,1,4,2,13,1,58,2,9,6,1,7,9,1,10,2,11,,16,,1,21,121.5495806,25.0518163
113,6,25,16,11,2,06松山區,松山區南京東路4段與敦化北路口,0,0,1,2,B03,7,6,5,50,4,2,1,4,4,5,13,1,1,1,1,4,2,13,1,48,3,10,3,4,7,12,1,8,2,6,,14,,1,23,121.5495806,25.0518163
113,6,25,16,29,2,10文山區,文山區政大一街43號,0,0,1,1,C03,6,6,5,30,14,9,2,4,4,5,13,4,4,9,5,5,2,18,1,35,2,9,5,4,7,9,1,10,2,11,,116,,1,21,121.5806103,24.98520486
113,6,25,16,29,2,10文山區,文山區政大一街43號,0,0,1,2,,6,6,5,30,14,9,2,4,4,5,13,4,4,9,5,5,2,18,3,0,,,,,,,,,,,,67,,1,,121.5806103,24.98520486
113,6,25,16,35,2,08士林區,士林區承德路4段與承德路4段266巷口,0,0,1,1,C03,6,7,5,50,3,1,1,4,4,5,13,4,4,1,4,5,2,16,1,43,2,9,3,4,7,9,1,10,2,11,,44,,1,21,121.5199966,25.08941584
113,6,25,16,35,2,08士林區,士林區承德路4段與承德路4段266巷口,0,0,1,2,C03,6,7,5,50,3,1,1,4,4,5,13,4,4,1,4,5,2,16,1,22,3,10,3,4,7,6,1,10,2,13,,9,,1,21,121.5199966,25.08941584
113,6,25,17,6,2,12內湖區,內湖區新明路380巷與新明路口,0,0,2,1,B03,7,6,5,30,4,1,1,5,4,5,13,4,4,10,5,5,2,15,1,44,3,10,7,1,7,9,1,8,1,1,,72,,1,21,121.5804213,25.0547647
113,6,25,17,6,2,12內湖區,內湖區新明路380巷與新明路口,0,0,2,2,C04,7,6,5,30,4,1,1,5,4,5,13,4,4,10,5,5,2,15,2,23,2,9,5,1,7,9,1,10,1,12,,80,,1,21,121.5804213,25.0547647
113,6,25,17,6,2,12內湖區,內湖區新明路380巷與新明路口,0,0,2,3,C03,7,6,5,30,4,1,1,5,4,5,13,4,4,10,5,5,2,15,2,49,2,9,5,1,7,9,1,10,1,11,,44,,1,21,121.5804213,25.0547647
113,6,25,17,26,2,05中正區,中正區羅斯福路3段282號,0,0,1,2,C03,7,7,5,50,14,9,1,4,4,5,13,1,1,1,4,5,2,17,1,25,2,9,5,1,7,12,1,9,1,12,,116,,1,22,121.5321731,25.0167364
113,6,25,17,26,2,05中正區,中正區羅斯福路3段282號,0,0,1,1,C03,7,7,5,50,14,9,1,4,4,5,13,1,1,1,4,5,2,17,1,46,3,10,5,1,7,6,1,10,1,12,,9,,1,22,121.5321731,25.0167364
113,6,25,17,50,2,03中山區,中山區吉林路110號旁,0,0,1,1,C03,7,7,5,50,14,8,1,4,4,5,13,4,4,9,4,4,2,17,1,38,2,9,3,4,7,1,1,10,1,17,,42,,1,21,121.5300664,25.0538333
113,6,25,17,50,2,03中山區,中山區吉林路110號旁,0,0,1,2,B03,7,7,5,50,14,8,1,4,4,5,13,4,4,9,4,4,2,17,2,39,3,10,3,4,7,1,1,8,1,17,,19,,1,28,121.5300664,25.0538333
113,6,25,18,7,2,07信義區,信義區忠孝東路5段625號,0,0,1,1,B02,8,7,5,50,14,9,1,4,4,5,13,1,1,1,4,5,2,13,1,56,3,10,3,4,7,9,1,8,1,6,,44,,1,21,121.5793955,25.0417051
113,6,25,18,7,2,07信義區,信義區忠孝東路5段625號,0,0,1,2,C03,8,7,5,50,14,9,1,4,4,5,13,1,1,1,4,5,2,13,1,27,2,9,3,4,7,9,3,18,1,15,,42,,1,21,121.5793955,25.0417051
113,6,25,18,24,2,07信義區,信義區吳興街537號,0,0,2,1,C03,7,7,5,50,14,9,1,5,4,5,13,4,4,5,5,5,2,16,2,35,2,7,6,1,7,5,1,10,2,12,,8,,1,21,121.5696522,25.0230857
113,6,25,18,24,2,07信義區,信義區吳興街537號,0,0,2,2,C03,7,7,5,50,14,9,1,5,4,5,13,4,4,5,5,5,2,16,1,29,2,7,6,1,7,9,1,10,2,14,,44,,1,21,121.5696522,25.0230857
113,6,25,18,26,2,01大同區,大同區民權西路與延平北路3段口,0,0,1,1,C03,7,5,5,50,5,1,1,5,4,5,13,4,4,1,5,5,2,13,1,55,2,8,6,1,7,9,1,10,1,11,,16,,1,21,121.5113656,25.06305719
113,6,25,18,26,2,01大同區,大同區民權西路與延平北路3段口,0,0,1,2,C03,7,5,5,50,5,1,1,5,4,5,13,4,4,1,5,5,2,13,1,46,3,10,6,1,7,14,1,10,1,13,,44,,1,21,121.5113656,25.06305719
113,6,25,18,41,2,06松山區,松山區寧安街5巷12號,0,0,1,1,B03,8,5,5,30,14,9,1,5,4,5,13,4,4,10,5,5,2,17,1,52,3,10,7,1,7,14,1,8,1,2,,40,,1,22,121.5548008,25.04921591
113,6,25,18,41,2,06松山區,松山區寧安街5巷12號,0,0,1,3,H02,8,5,5,30,14,9,1,5,4,5,13,4,4,10,5,5,2,17,2,57,3,10,7,5,7,19,8,20,10,17,,126,,1,22,121.5548008,25.04921591
113,6,25,18,41,2,06松山區,松山區寧安街5巷12號,0,0,1,2,C03,8,5,5,30,14,9,1,5,4,5,13,4,4,10,5,5,2,17,1,21,2,9,5,1,7,9,1,10,1,14,,44,,1,22,121.5548008,25.04921591
113,6,25,19,17,2,02萬華區,萬華區西寧南路與內江街口,0,0,1,1,C03,7,5,5,50,4,1,1,5,4,5,13,1,1,10,3,5,2,16,1,32,3,10,5,4,7,5,1,10,1,13,,44,,1,22,121.5060045,25.0416435
113,6,25,19,17,2,02萬華區,萬華區西寧南路與內江街口,0,0,1,2,C03,7,5,5,50,4,1,1,5,4,5,13,1,1,10,3,5,2,16,1,32,2,9,5,4,7,9,1,10,1,11,,44,,1,22,121.5060045,25.0416435
113,6,25,19,20,2,05中正區,中正區中山南路與信義路1段口,0,0,2,1,C03,6,5,5,50,4,1,1,4,4,5,13,1,1,1,4,1,2,12,1,20,2,9,5,1,7,9,1,10,2,11,,96,,1,21,121.517922,25.03866277
113,6,25,19,20,2,05中正區,中正區中山南路與信義路1段口,0,0,2,2,B03,6,5,5,50,4,1,1,4,4,5,13,1,1,1,4,1,2,12,1,27,2,5,7,1,7,9,1,8,2,1,,44,,1,21,121.517922,25.03866277
113,6,25,19,21,2,02萬華區,萬華區康定路與康定路287巷口,0,0,1,1,A02,7,5,5,50,4,2,1,5,4,5,13,2,1,4,4,5,2,9,2,41,3,10,7,1,7,15,1,1,1,17,,118,,1,21,121.5011088,25.0339776
113,6,25,19,21,2,02萬華區,萬華區康定路與康定路287巷口,0,0,1,2,H02,7,5,5,50,4,2,1,5,4,5,13,2,1,4,4,5,2,9,2,77,2,9,4,5,7,20,8,20,10,16,,67,,1,21,121.5011088,25.0339776
113,6,25,19,24,2,11南港區,南港區研究院路2段92號,0,0,1,1,C03,8,5,5,50,14,9,1,5,4,5,13,4,4,1,4,5,2,13,1,18,2,8,5,1,7,9,1,10,1,11,,108,,1,21,121.61597,25.0442648
113,6,25,19,24,2,11南港區,南港區研究院路2段92號,0,0,1,2,B03,8,5,5,50,14,9,1,5,4,5,13,4,4,1,4,5,2,13,1,27,3,10,7,1,7,14,1,8,1,3,,44,,1,21,121.61597,25.0442648
113,6,25,19,35,2,07信義區,信義區信義路5段150巷與信義路5段150巷14弄口,0,0,3,3,H02,6,5,5,30,3,1,1,4,4,5,13,4,4,10,5,5,2,16,1,10,2,9,3,5,7,21,8,20,10,16,,67,,1,14,121.5698816,25.0285003
113,6,25,19,35,2,07信義區,信義區信義路5段150巷與信義路5段150巷14弄口,0,0,3,4,H02,6,5,5,30,3,1,1,4,4,5,13,4,4,10,5,5,2,16,1,7,2,9,3,5,7,21,8,20,10,16,,67,,1,14,121.5698816,25.0285003
113,6,25,19,35,2,07信義區,信義區信義路5段150巷與信義路5段150巷14弄口,0,0,3,1,C04,6,5,5,30,3,1,1,4,4,5,13,4,4,10,5,5,2,16,2,47,2,9,5,4,7,5,1,10,2,12,,74,,1,22,121.5698816,25.0285003
113,6,25,19,35,2,07信義區,信義區信義路5段150巷與信義路5段150巷14弄口,0,0,3,2,B01,6,5,5,30,3,1,1,4,4,5,13,4,4,10,5,5,2,16,1,68,3,10,3,4,7,9,1,8,2,8,,44,,1,21,121.5698816,25.0285003
113,6,25,20,20,2,02萬華區,萬華區環河快速道路往南二接三層,0,0,1,1,B12,6,5,5,40,10,16,1,4,4,5,13,4,4,7,4,5,2,17,1,72,3,10,7,4,7,8,1,8,1,2,,100,,1,21,121.5051122,25.04803316
113,6,25,20,20,2,02萬華區,萬華區環河快速道路往南二接三層,0,0,1,2,B01,6,5,5,40,10,16,1,4,4,5,13,4,4,7,4,5,2,17,1,47,2,2,7,4,7,9,1,4,1,4,,17,,1,21,121.5051122,25.04803316
113,6,25,20,20,2,03中山區,中山區敬業四路與北安路口,0,0,1,2,H01,7,5,5,50,4,1,1,4,4,5,13,2,1,9,4,5,2,3,2,27,2,6,4,5,8,16,8,20,1,16,,67,,1,21,121.5585907,25.0847625
113,6,25,20,20,2,03中山區,中山區敬業四路與北安路口,0,0,1,1,B03,7,5,5,50,4,1,1,4,4,5,13,2,1,9,4,5,2,3,4,65,,,,,,,,,11,,,70,,2,,121.5585907,25.0847625
113,6,25,20,45,2,04大安區,大安區復興南路1段204號,0,0,2,1,C03,6,5,5,50,14,9,1,4,4,5,13,4,4,1,4,5,2,12,1,33,2,9,5,1,7,9,1,10,1,11,,16,,1,21,121.5436324,25.0394859
113,6,25,20,45,2,04大安區,大安區復興南路1段204號,0,0,2,2,C03,6,5,5,50,14,9,1,4,4,5,13,4,4,1,4,5,2,12,1,52,3,10,6,1,7,9,1,10,1,13,,44,,1,21,121.5436324,25.0394859
113,6,25,20,45,2,04大安區,大安區復興南路1段204號,0,0,2,3,H02,6,5,5,50,14,9,1,4,4,5,13,4,4,1,4,5,2,12,2,27,2,9,6,5,7,20,8,20,10,16,,67,,1,21,121.5436324,25.0394859
113,6,25,21,2,2,09北投區,北投區明德路與致遠一路1段口,0,0,1,1,C03,6,5,5,50,4,1,1,4,4,5,13,2,1,5,4,5,2,16,2,21,3,10,5,1,7,5,1,10,1,11,,71,,1,21,121.5178635,25.1073895
113,6,25,21,2,2,09北投區,北投區明德路與致遠一路1段口,0,0,1,2,C03,6,5,5,50,4,1,1,4,4,5,13,2,1,5,4,5,2,16,1,20,2,9,5,1,7,9,1,10,1,11,,44,,1,21,121.5178635,25.1073895
113,6,25,21,42,2,07信義區,信義區忠孝東路5段297之2號,0,0,1,1,B01,6,5,5,50,14,9,1,4,4,5,13,4,4,1,4,5,2,17,1,59,3,10,3,4,7,1,1,4,2,17,,19,,1,21,121.5733449,25.0410012
113,6,25,21,42,2,07信義區,信義區忠孝東路5段297之2號,0,0,1,2,C03,6,5,5,50,14,9,1,4,4,5,13,4,4,1,4,5,2,17,1,26,2,9,6,1,7,9,1,9,2,17,,44,,1,21,121.5733449,25.0410012
113,6,25,22,10,2,03中山區,中山區長安東路1段與長安東路1段65巷口,0,0,1,1,B01,6,5,5,50,3,1,1,4,4,5,13,4,4,5,4,5,2,13,1,52,3,10,7,1,7,11,1,4,1,7,,10,,1,21,121.5274741,25.04850153
113,6,25,22,10,2,03中山區,中山區長安東路1段與長安東路1段65巷口,0,0,1,2,C03,6,5,5,50,3,1,1,4,4,5,13,4,4,5,4,5,2,13,2,20,2,8,6,1,7,9,1,10,1,11,,16,,1,21,121.5274741,25.04850153
113,6,25,22,10,2,12內湖區,內湖區民權東路6段120巷7弄與民權東路6段136巷口,0,0,2,1,B01,6,5,5,40,4,1,1,4,4,5,13,1,1,10,5,5,2,16,1,54,3,10,7,1,7,11,1,2,2,4,,10,,1,21,121.5872266,25.0676321
113,6,25,22,10,2,12內湖區,內湖區民權東路6段120巷7弄與民權東路6段136巷口,0,0,2,2,C03,6,5,5,40,4,1,1,4,4,5,13,1,1,10,5,5,2,16,1,32,2,9,6,1,7,9,1,10,2,12,,44,,1,21,121.5872266,25.0676321
113,6,25,22,10,2,12內湖區,內湖區民權東路6段120巷7弄與民權東路6段136巷口,0,0,2,3,H02,6,5,5,40,4,1,1,4,4,5,13,1,1,10,5,5,2,16,2,31,2,9,6,5,7,21,8,20,10,16,,67,,1,21,121.5872266,25.0676321
113,6,25,22,25,2,07信義區,信義區信義路5段150巷401弄與松仁路281巷口,0,0,2,1,C03,6,5,5,30,4,1,1,4,4,5,13,4,4,10,5,5,2,15,1,25,2,9,6,1,7,9,1,10,2,14,,72,,1,22,121.5702661,25.0242014
113,6,25,22,25,2,07信義區,信義區信義路5段150巷401弄與松仁路281巷口,0,0,2,2,C03,6,5,5,30,4,1,1,4,4,5,13,4,4,10,5,5,2,15,1,41,2,9,6,1,7,9,1,10,2,11,,13,,1,22,121.5702661,25.0242014
113,6,25,22,55,2,06松山區,松山區八德路3段75號,0,0,1,1,B03,8,5,6,50,14,9,1,5,4,5,13,1,1,8,3,5,1,16,1,42,3,10,3,1,7,14,1,8,1,5,,40,,1,21,121.5529032,25.048246
113,6,25,22,55,2,06松山區,松山區八德路3段75號,0,0,1,2,F02,8,5,6,50,14,9,1,5,4,5,13,1,1,8,3,5,1,16,1,40,2,9,3,1,7,9,8,20,1,12,,44,,1,21,121.5529032,25.048246
113,6,25,23,14,2,05中正區,中正區羅斯福路2段126號,0,0,1,1,B01,7,5,5,50,14,9,1,4,4,5,13,4,4,2,4,5,2,17,1,64,3,10,7,1,7,8,1,4,1,6,,100,,1,22,121.5209129,25.0289043
113,6,25,23,14,2,05中正區,中正區羅斯福路2段126號,0,0,1,2,C03,7,5,5,50,14,9,1,4,4,5,13,4,4,2,4,5,2,17,1,25,2,8,6,1,7,8,1,10,1,14,,44,,1,22,121.5209129,25.0289043
113,6,26,5,20,2,05中正區,中正區羅斯福路3段316巷與羅斯福路3段286巷口,0,0,2,1,C03,8,6,5,30,4,1,1,5,4,5,13,4,4,10,5,5,1,15,1,19,2,9,5,1,7,9,1,10,2,12,,72,,1,21,121.5324726,25.0157812
113,6,26,5,20,2,05中正區,中正區羅斯福路3段316巷與羅斯福路3段286巷口,0,0,2,2,C03,8,6,5,30,4,1,1,5,4,5,13,4,4,10,5,5,1,15,2,25,2,9,5,1,7,9,1,10,2,11,,13,,1,21,121.5324726,25.0157812
113,6,26,6,18,2,07信義區,信義區松山路與松隆路口,0,0,1,2,C01,8,6,5,0,4,1,1,5,4,5,13,2,1,3,5,5,2,15,1,30,2,9,5,1,7,9,1,9,1,11,,14,,1,21,121.5778477,25.0479898
113,6,26,6,18,2,07信義區,信義區松山路與松隆路口,0,0,1,1,,8,6,5,0,4,1,1,5,4,5,13,2,1,3,5,5,2,15,4,0,4,11,3,4,7,9,8,20,11,15,,119,,2,21,121.5778477,25.0479898
113,6,26,6,40,2,07信義區,信義區信安街與信安街67巷口,0,0,2,1,B03,8,7,5,50,14,9,1,5,4,5,13,4,4,9,4,5,2,13,2,47,3,10,7,1,7,9,1,8,1,8,,108,,1,22,121.5576657,25.0261219
113,6,26,6,40,2,07信義區,信義區信安街與信安街67巷口,0,0,2,2,C03,8,7,5,50,14,9,1,5,4,5,13,4,4,9,4,5,2,13,1,76,2,7,6,1,7,9,1,10,1,13,,44,,1,22,121.5576657,25.0261219
113,6,26,6,40,2,07信義區,信義區信安街與信安街67巷口,0,0,2,3,H02,8,7,5,50,14,9,1,5,4,5,13,4,4,9,4,5,2,13,2,73,2,7,6,5,7,17,8,20,10,16,,67,,1,22,121.5576657,25.0261219
113,6,26,6,42,2,10文山區,文山區羅斯福路4段與基隆路4段口,0,0,1,1,C03,8,6,5,50,5,1,1,5,4,5,13,2,1,1,4,5,2,16,1,25,2,7,6,1,7,5,1,10,2,14,,96,,1,21,121.537012,25.0110244
113,6,26,6,42,2,10文山區,文山區羅斯福路4段與基隆路4段口,0,0,1,2,B03,8,6,5,50,5,1,1,5,4,5,13,2,1,1,4,5,2,16,1,63,3,10,7,1,7,9,1,8,2,2,,44,,1,21,121.537012,25.0110244
113,6,26,7,6,2,11南港區,南港區南港路1段與經貿一路口,0,0,1,1,B01,8,5,5,50,14,9,1,5,4,5,13,2,1,1,4,4,2,13,1,68,3,10,3,4,7,9,1,4,2,1,,16,,1,21,121.6183323,25.054852
113,6,26,7,6,2,11南港區,南港區南港路1段與經貿一路口,0,0,1,2,C03,8,5,5,50,14,9,1,5,4,5,13,2,1,1,4,4,2,13,2,43,2,8,6,1,7,9,1,10,2,13,,44,,1,28,121.6183323,25.054852
113,6,26,7,28,2,03中山區,中山區松江路170巷與松江路口,0,0,4,1,C03,8,5,5,50,3,1,1,5,4,5,13,4,4,1,4,5,2,16,2,33,2,8,6,1,7,6,1,10,1,12,,9,,1,22,121.5329911,25.05604836
113,6,26,7,28,2,03中山區,中山區松江路170巷與松江路口,0,0,4,2,C03,8,5,5,50,3,1,1,5,4,5,13,4,4,1,4,5,2,16,2,60,2,8,6,1,7,9,1,11,1,14,,108,,1,22,121.5329911,25.05604836
113,6,26,7,28,2,03中山區,中山區松江路170巷與松江路口,0,0,4,3,H02,8,5,5,50,3,1,1,5,4,5,13,4,4,1,4,5,2,16,2,8,2,3,6,5,7,17,8,20,10,16,,67,,1,14,121.5329911,25.05604836
113,6,26,7,28,2,03中山區,中山區松江路170巷與松江路口,0,0,4,4,H02,8,5,5,50,3,1,1,5,4,5,13,4,4,1,4,5,2,16,1,9,2,7,6,5,7,17,8,20,10,16,,67,,1,14,121.5329911,25.05604836
113,6,26,7,30,2,10文山區,文山區木柵路1段與辛亥路6段口,0,0,3,1,C03,8,6,6,50,4,1,1,5,4,5,13,1,1,10,5,5,2,16,2,66,2,6,5,1,7,5,1,10,2,12,,71,,1,21,121.5523132,24.987876
113,6,26,7,30,2,10文山區,文山區木柵路1段與辛亥路6段口,0,0,3,2,C03,8,6,6,50,4,1,1,5,4,5,13,1,1,10,5,5,2,16,1,53,2,8,6,1,7,9,1,10,2,11,,44,,1,21,121.5523132,24.987876
113,6,26,7,30,2,10文山區,文山區木柵路1段與辛亥路6段口,0,0,3,3,H02,8,6,6,50,4,1,1,5,4,5,13,1,1,10,5,5,2,16,1,28,2,8,6,5,7,17,8,20,10,17,,67,,1,21,121.5523132,24.987876
113,6,26,7,35,2,10文山區,文山區木新路3段172巷與木新路3段口,0,0,2,1,C03,8,5,5,30,3,2,1,5,4,5,13,4,4,5,4,5,2,17,2,50,3,10,6,1,7,6,1,10,2,17,,42,,1,21,121.5606846,24.9817382
113,6,26,7,35,2,10文山區,文山區木新路3段172巷與木新路3段口,0,0,2,2,C03,8,5,5,30,3,2,1,5,4,5,13,4,4,5,4,5,2,17,1,61,2,9,6,1,7,9,1,10,2,17,,44,,1,21,121.5606846,24.9817382
113,6,26,7,35,2,10文山區,文山區木新路3段172巷與木新路3段口,0,0,2,3,H02,8,5,5,30,3,2,1,5,4,5,13,4,4,5,4,5,2,17,2,58,2,7,6,5,7,20,8,20,10,16,,67,,1,21,121.5606846,24.9817382
113,6,26,7,36,2,12內湖區,內湖區潭美街285號前,0,0,2,1,C03,8,6,5,40,14,9,1,5,4,5,13,4,4,9,5,5,2,17,1,27,2,9,5,1,7,9,1,10,1,12,,116,,1,21,121.5876128,25.05712856
113,6,26,7,36,2,12內湖區,內湖區潭美街285號前,0,0,2,2,C03,8,6,5,40,14,9,1,5,4,5,13,4,4,9,5,5,2,17,1,53,2,8,5,1,7,9,1,10,1,11,,16,,1,21,121.5876128,25.05712856
113,6,26,7,36,2,12內湖區,內湖區潭美街285號前,0,0,2,3,B03,8,6,5,40,14,9,1,5,4,5,13,4,4,9,5,5,2,17,1,42,3,10,7,1,7,14,1,8,1,6,,44,,1,21,121.5876128,25.05712856
113,6,26,7,36,2,12內湖區,內湖區潭美街285號前,0,0,2,4,C03,8,6,5,40,14,9,1,5,4,5,13,4,4,9,5,5,2,17,2,65,3,10,5,1,7,15,1,10,9,11,,16,,1,21,121.5876128,25.05712856
113,6,26,7,36,2,12內湖區,內湖區潭美街285號前,0,0,2,5,C03,8,6,5,40,14,9,1,5,4,5,13,4,4,9,5,5,2,17,1,35,3,10,5,1,7,15,1,10,9,13,,114,,1,21,121.5876128,25.05712856
113,6,26,7,44,2,01大同區,大同區承德路2段與五原路口,0,0,2,1,C03,8,6,5,50,3,2,1,5,4,5,13,4,4,9,4,5,2,17,1,23,2,8,5,1,7,6,1,9,2,12,,9,,1,21,121.5180903,25.05642464
113,6,26,7,44,2,01大同區,大同區承德路2段與五原路口,0,0,2,2,C03,8,6,5,50,3,2,1,5,4,5,13,4,4,9,4,5,2,17,2,55,2,9,5,1,7,9,1,10,2,14,,44,,1,21,121.5180903,25.05642464
113,6,26,7,50,2,12內湖區,內湖區瑞光路451號,0,0,1,1,B01,8,5,5,50,14,9,1,5,4,5,13,4,4,5,5,5,2,17,1,38,3,10,7,1,7,11,1,8,1,8,,10,,1,21,121.5700827,25.07866841
113,6,26,7,50,2,12內湖區,內湖區瑞光路451號,0,0,1,2,C03,8,5,5,50,14,9,1,5,4,5,13,4,4,5,5,5,2,17,1,26,2,9,5,1,7,9,1,10,1,12,,44,,1,21,121.5700827,25.07866841
113,6,26,7,55,2,11南港區,南港區昆陽街60巷與昆陽街口,0,0,2,1,B03,8,7,5,50,5,2,1,5,4,5,13,4,4,8,5,5,2,12,1,30,3,10,7,1,7,7,1,8,2,8,,100,,1,21,121.5930302,25.0525041
113,6,26,7,55,2,11南港區,南港區昆陽街60巷與昆陽街口,0,0,2,2,C03,8,7,5,50,5,2,1,5,4,5,13,4,4,8,5,5,2,12,1,58,2,9,5,1,7,9,1,10,2,12,,108,,1,21,121.5930302,25.0525041
113,6,26,7,55,2,11南港區,南港區昆陽街60巷與昆陽街口,0,0,2,3,H02,8,7,5,50,5,2,1,5,4,5,13,4,4,8,5,5,2,12,2,60,2,9,5,5,7,20,8,20,10,16,,67,,1,21,121.5930302,25.0525041
113,6,26,7,58,2,02萬華區,萬華區中華路2段與西藏路口,0,0,1,1,B12,8,7,5,30,4,2,1,5,4,5,13,2,1,1,4,5,2,17,1,61,3,10,7,1,7,7,1,8,1,4,,100,,1,21,121.5040865,25.029959
113,6,26,7,58,2,02萬華區,萬華區中華路2段與西藏路口,0,0,1,2,C03,8,7,5,30,4,2,1,5,4,5,13,2,1,1,4,5,2,17,1,48,2,9,5,1,7,9,1,10,1,12,,13,,1,21,121.5040865,25.029959
113,6,26,7,58,2,02萬華區,萬華區中華路2段與西藏路口,0,0,1,3,B03,8,7,5,30,4,2,1,5,4,5,13,2,1,1,4,5,2,17,1,47,3,10,7,1,7,14,1,8,1,3,,44,,1,21,121.5040865,25.029959
113,6,26,7,58,2,02萬華區,萬華區中華路2段與西藏路口,0,0,1,4,C03,8,7,5,30,4,2,1,5,4,5,13,2,1,1,4,5,2,17,1,67,3,10,5,1,7,7,1,10,9,17,,101,,1,21,121.5040865,25.029959
113,6,26,8,8,2,03中山區,中山區復興北路40號,0,0,2,1,C03,8,6,5,50,14,9,1,5,4,5,13,4,4,1,4,5,2,17,1,18,2,7,6,1,7,9,1,10,1,12,,108,,1,21,121.5438765,25.04929533
113,6,26,8,8,2,03中山區,中山區復興北路40號,0,0,2,3,C03,8,6,5,50,14,9,1,5,4,5,13,4,4,1,4,5,2,17,2,24,2,9,6,1,7,9,1,10,1,12,,16,,1,21,121.5438765,25.04929533
113,6,26,8,8,2,03中山區,中山區復興北路40號,0,0,2,2,A04,8,6,5,50,14,9,1,5,4,5,13,4,4,1,4,5,2,17,1,65,3,10,7,1,7,14,1,2,9,7,,44,,1,21,121.5438765,25.04929533