發生年度,發生月,發生日,發生時-Hours,發生分,處理別-編號,區序,肇事地點,死亡人數,2-30日死亡人數,受傷人數,當事人序號,車種,天候,道路照明設備,道路類別,速限-速度限制,道路型態,事故位置,路面狀況1,路面狀況2,路面狀況3,道路障礙1,道路障礙2,號誌1,號誌2,車道劃分-分向,車道劃分-分道1,車道劃分-分道2,車道劃分-分道3,事故類型及型態,性別,年齡,受傷程度,主要傷處,保護裝置,行動電話,車輛用途,當事者行動狀態,駕駛資格情形,駕駛執照種類,飲酒情形,車輛撞擊部位1,車輛撞擊部位2,肇因碼-個別,肇因碼-主要,個人肇逃否,職業,座標-X,座標-Y
113,6,26,8,14,2,07信義區,信義區松信路與永吉路200巷24弄口,0,0,1,1,B01,8,7,5,50,4,2,1,5,4,5,13,2,1,9,4,5,2,17,1,51,3,10,7,1,7,5,1,4,1,5,,108,,1,21,121.5721697,25.0446508
113,6,26,8,14,2,07信義區,信義區松信路與永吉路200巷24弄口,0,0,1,2,F01,8,7,5,50,4,2,1,5,4,5,13,2,1,9,4,5,2,17,1,54,2,9,4,1,7,1,8,20,1,13,,19,,1,21,121.5721697,25.0446508
113,6,26,8,22,2,03中山區,中山區民生東路2段93巷與民生東路口側附近2段口,0,0,2,1,C03,8,5,5,50,3,1,1,5,1,5,13,4,4,9,4,5,2,17,2,36,2,7,3,4,7,6,1,10,1,12,,44,,1,22,121.5310609,25.0580417
113,6,26,8,22,2,03中山區,中山區民生東路2段93巷與民生東路口側附近2段口,0,0,2,2,C02,8,5,5,50,3,1,1,5,1,5,13,4,4,9,4,5,2,17,1,32,2,7,3,4,7,9,1,9,1,14,,108,,1,21,121.5310609,25.0580417
113,6,26,8,25,2,03中山區,中山區民生東路2段57號,0,0,1,1,B03,8,5,5,50,14,9,1,5,4,5,13,4,4,5,4,5,2,12,1,47,3,10,3,4,7,13,1,8,2,8,,40,,1,21,121.5299051,25.0580578
113,6,26,8,25,2,03中山區,中山區民生東路2段57號,0,0,1,2,C03,8,5,5,50,14,9,1,5,4,5,13,4,4,5,4,5,2,12,1,40,2,9,3,4,7,9,1,10,2,12,,44,,1,21,121.5299051,25.0580578
113,6,26,8,30,2,05中正區,中正區中華路1段與漢口街1段口,0,0,2,1,C03,8,6,5,50,14,9,1,5,4,5,13,1,1,1,4,5,2,13,2,63,2,9,6,1,7,9,1,10,2,11,,16,,1,22,121.5092608,25.04497
113,6,26,8,30,2,05中正區,中正區中華路1段與漢口街1段口,0,0,2,2,C03,8,6,5,50,14,9,1,5,4,5,13,1,1,1,4,5,2,13,2,45,2,8,6,1,7,14,1,10,2,13,,44,,1,22,121.5092608,25.04497
113,6,26,8,36,2,06松山區,松山區健康路與塔悠路口,0,0,1,1,B03,8,6,5,50,3,1,1,5,4,5,13,1,1,1,5,4,2,16,1,47,3,10,7,1,7,6,6,7,2,2,,5,,1,22,121.569682,25.0545022
113,6,26,8,36,2,06松山區,松山區健康路與塔悠路口,0,0,1,2,C03,8,6,5,50,3,1,1,5,4,5,13,1,1,1,5,4,2,16,1,33,2,9,6,1,7,9,1,10,2,11,,5,,1,22,121.569682,25.0545022
113,6,26,8,38,2,04大安區,大安區羅斯福路4段與羅斯福路4段口公館捷運站2號出口,0,0,2,1,C03,8,7,5,50,14,9,1,5,4,5,13,4,4,1,4,5,1,17,1,32,2,9,6,1,7,7,1,9,1,11,,44,,1,21,121.5348651,25.014402
113,6,26,8,38,2,04大安區,大安區羅斯福路4段與羅斯福路4段口公館捷運站2號出口,0,0,2,2,C03,8,7,5,50,14,9,1,5,4,5,13,4,4,1,4,5,1,17,1,23,2,9,6,1,7,7,1,10,1,13,,102,,1,21,121.5348651,25.014402
113,6,26,8,38,2,04大安區,大安區羅斯福路4段與羅斯福路4段口公館捷運站2號出口,0,0,2,3,B01,8,7,5,50,14,9,1,5,4,5,13,4,4,1,4,5,1,17,1,58,3,10,7,1,7,14,1,4,1,4,,38,,1,21,121.5348651,25.014402
113,6,26,8,39,2,11南港區,南港區松河街與重陽路263巷口,0,0,1,1,C03,8,5,5,40,14,9,1,5,4,5,13,4,4,5,5,5,2,13,2,53,2,8,6,1,7,9,1,10,2,11,,16,,1,21,121.602953,25.0585319
113,6,26,8,39,2,11南港區,南港區松河街與重陽路263巷口,0,0,1,2,C03,8,5,5,40,14,9,1,5,4,5,13,4,4,5,5,5,2,13,1,29,3,10,6,1,7,15,1,10,2,13,,44,,1,21,121.602953,25.0585319
113,6,26,8,40,2,09北投區,北投區立賢路026桿,0,0,2,1,C03,8,6,5,50,14,9,1,5,4,5,13,4,4,8,3,5,2,13,1,39,2,1,6,1,7,9,1,9,9,11,,16,,1,21,121.5030537,25.1148465
113,6,26,8,40,2,09北投區,北投區立賢路026桿,0,0,2,2,C03,8,6,5,50,14,9,1,5,4,5,13,4,4,8,3,5,2,13,1,51,2,9,6,1,7,9,1,10,2,13,,44,,1,21,121.5030537,25.1148465
113,6,26,8,54,2,03中山區,中山區長春路206-1號對面,0,0,2,1,C03,8,5,5,50,14,9,1,5,4,5,13,4,4,5,4,5,2,16,1,53,2,7,5,1,7,11,1,10,1,12,,8,,1,22,121.5362689,25.0547596
113,6,26,8,54,2,03中山區,中山區長春路206-1號對面,0,0,2,2,C03,8,5,5,50,14,9,1,5,4,5,13,4,4,5,4,5,2,16,1,44,2,9,5,1,7,9,1,10,1,11,,44,,1,22,121.5362689,25.0547596
113,6,26,9,5,2,12內湖區,內湖區文德路66巷32弄與文德路66巷口,0,0,2,1,B02,8,6,6,30,4,1,1,5,4,5,13,4,4,10,5,5,2,16,1,63,2,7,3,4,7,6,1,4,2,5,,80,,1,26,121.5818719,25.0767125
113,6,26,9,5,2,12內湖區,內湖區文德路66巷32弄與文德路66巷口,0,0,2,2,C03,8,6,6,30,4,1,1,5,4,5,13,4,4,10,5,5,2,16,2,31,2,8,6,1,7,9,1,10,2,12,,80,,1,22,121.5818719,25.0767125
113,6,26,9,20,2,03中山區,中山區吉林路81號前,0,0,1,1,B01,8,7,5,40,14,8,1,5,4,5,13,4,4,5,4,4,2,12,1,61,3,10,3,4,7,14,1,4,1,7,,38,,1,21,121.5301946,25.0553737
113,6,26,9,20,2,03中山區,中山區吉林路81號前,0,0,1,2,C03,8,7,5,40,14,8,1,5,4,5,13,4,4,5,4,4,2,12,2,24,2,9,3,4,7,9,1,10,1,11,,108,,1,21,121.5301946,25.0553737
113,6,26,9,33,2,05中正區,中正區汀州路2段與重慶南路3段口口,0,0,1,1,C03,8,6,5,50,4,1,1,5,4,5,13,1,1,5,5,5,1,17,2,30,2,8,6,1,7,6,1,10,2,11,,108,,1,21,121.5169093,25.0257996
113,6,26,9,33,2,05中正區,中正區汀州路2段與重慶南路3段口口,0,0,1,2,B01,8,6,5,50,4,1,1,5,4,5,13,1,1,5,5,5,1,17,1,64,3,10,7,1,7,5,1,4,2,7,,14,,1,21,121.5169093,25.0257996
113,6,26,9,47,2,03中山區,中山區建國北路2段與長春路口,0,0,1,1,B03,8,6,5,50,4,1,1,5,4,5,13,1,1,1,4,5,2,1,1,30,3,10,7,1,7,5,1,8,1,8,,70,,1,21,121.5371042,25.05485555
113,6,26,9,47,2,03中山區,中山區建國北路2段與長春路口,0,0,1,2,H01,8,6,5,50,4,1,1,5,4,5,13,1,1,1,4,5,2,1,2,32,2,7,4,5,8,16,8,20,1,16,,67,,1,21,121.5371042,25.05485555
113,6,26,9,58,2,04大安區,大安區市民大道4段與市民大道4段68巷口,0,0,3,1,C03,8,6,5,40,3,2,1,5,4,5,13,4,4,1,3,5,2,16,2,27,2,8,5,4,7,6,1,10,1,12,,9,,1,21,121.5472264,25.044916
113,6,26,9,58,2,04大安區,大安區市民大道4段與市民大道4段68巷口,0,0,3,2,C03,8,6,5,40,3,2,1,5,4,5,13,4,4,1,3,5,2,16,2,38,2,1,6,4,7,9,1,10,1,11,,44,,1,21,121.5472264,25.044916
113,6,26,9,58,2,04大安區,大安區市民大道4段與市民大道4段68巷口,0,0,3,3,H02,8,6,5,40,3,2,1,5,4,5,13,4,4,1,3,5,2,16,2,17,2,7,6,5,7,20,8,20,10,16,,67,,1,21,121.5472264,25.044916
113,6,26,10,16,2,12內湖區,內湖區瑞光路與瑞湖街口,0,0,1,1,C04,8,6,5,50,4,1,1,5,4,5,13,2,1,5,4,5,2,16,2,48,3,10,5,1,7,6,1,10,1,13,,9,,1,21,121.5769231,25.07514579
113,6,26,10,16,2,12內湖區,內湖區瑞光路與瑞湖街口,0,0,1,2,C03,8,6,5,50,4,1,1,5,4,5,13,2,1,5,4,5,2,16,1,40,2,7,5,1,7,9,1,10,1,11,,16,,1,21,121.5769231,25.07514579
113,6,26,10,30,2,05中正區,中正區林森北路與市民大道2段口,0,0,1,1,B03,8,6,5,50,4,2,1,5,4,5,13,1,1,1,4,5,2,13,1,46,3,10,7,1,7,9,1,8,2,1,,108,,1,22,121.5237885,25.047927
113,6,26,10,30,2,05中正區,中正區林森北路與市民大道2段口,0,0,1,2,C03,8,6,5,50,4,2,1,5,4,5,13,1,1,1,4,5,2,13,1,29,2,9,6,1,7,14,1,10,2,13,,44,,1,22,121.5237885,25.047927
113,6,26,10,40,2,05中正區,中正區南海路與牯嶺街口,0,0,1,1,B02,8,7,6,30,4,1,4,5,4,5,13,1,1,1,4,5,2,17,2,46,3,10,7,1,7,5,1,8,1,8,,8,,1,22,121.5150782,25.0320288
113,6,26,10,40,2,05中正區,中正區南海路與牯嶺街口,0,0,1,2,C03,8,7,6,30,4,1,4,5,4,5,13,1,1,1,4,5,2,17,2,23,2,8,5,1,7,9,1,10,1,12,,108,,1,22,121.5150782,25.0320288
113,6,26,10,49,2,04大安區,大安區復興南路1段與忠孝東路3段248巷13弄口,0,0,2,1,B01,8,7,5,50,14,9,1,5,4,5,13,4,4,1,3,5,1,12,1,59,3,10,3,1,7,14,1,4,1,4,,40,,1,21,121.5436235,25.0405487
113,6,26,10,49,2,04大安區,大安區復興南路1段與忠孝東路3段248巷13弄口,0,0,2,2,C03,8,7,5,50,14,9,1,5,4,5,13,4,4,1,3,5,1,12,1,56,2,7,5,4,7,9,1,10,1,12,,44,,1,21,121.5436235,25.0405487
113,6,26,10,49,2,04大安區,大安區復興南路1段與忠孝東路3段248巷13弄口,0,0,2,3,H02,8,7,5,50,14,9,1,5,4,5,13,4,4,1,3,5,1,12,2,52,2,8,5,5,7,20,8,20,10,16,,67,,1,22,121.5436235,25.0405487
113,6,26,10,49,2,04大安區,大安區復興南路1段與忠孝東路3段248巷13弄口,0,0,2,4,A02,8,7,5,50,14,9,1,5,4,5,13,4,4,1,3,5,1,12,1,44,3,10,7,1,7,14,1,2,9,7,,44,,1,21,121.5436235,25.0405487
113,6,26,11,13,2,02萬華區,萬華區萬大路503號,0,0,2,1,B12,8,6,5,30,14,9,1,5,4,5,13,4,4,1,4,5,2,9,1,47,3,10,3,4,7,8,1,8,2,1,,42,,1,21,121.497884,25.0200172
113,6,26,11,13,2,02萬華區,萬華區萬大路503號,0,0,2,2,H01,8,6,5,30,14,9,1,5,4,5,13,4,4,1,4,5,2,9,1,71,2,9,4,5,8,17,8,20,10,16,,67,,1,22,121.497884,25.0200172
113,6,26,11,13,2,02萬華區,萬華區萬大路503號,0,0,2,3,H01,8,6,5,30,14,9,1,5,4,5,13,4,4,1,4,5,2,9,1,87,5,9,4,5,8,17,8,20,10,16,,67,,1,22,121.497884,25.0200172
113,6,26,11,13,2,02萬華區,萬華區萬大路503號,0,0,2,4,,8,6,5,30,14,9,1,5,4,5,13,4,4,1,4,5,2,9,3,53,,,,,,,,,,,,67,,1,,121.497884,25.0200172
113,6,26,11,13,2,02萬華區,萬華區萬大路503號,0,0,2,5,,8,6,5,30,14,9,1,5,4,5,13,4,4,1,4,5,2,9,3,47,,,,,,,,,10,,,67,,1,,121.497884,25.0200172
113,6,26,11,13,2,02萬華區,萬華區萬大路503號,0,0,2,6,,8,6,5,30,14,9,1,5,4,5,13,4,4,1,4,5,2,9,3,21,,,,,,,,,,,,67,,1,,121.497884,25.0200172
113,6,26,11,16,2,07信義區,信義區信義路5段180號,0,0,1,1,B12,8,6,5,50,14,9,1,5,4,5,13,4,4,1,4,5,2,13,1,57,3,10,3,4,7,9,1,8,1,1,,108,,1,22,121.5742741,25.0332656
113,6,26,11,16,2,07信義區,信義區信義路5段180號,0,0,1,2,B03,8,6,5,50,14,9,1,5,4,5,13,4,4,1,4,5,2,13,1,50,3,10,3,4,7,14,1,3,1,3,,44,,1,22,121.5742741,25.0332656
113,6,26,11,16,2,07信義區,信義區信義路5段180號,0,0,1,3,H02,8,6,5,50,14,9,1,5,4,5,13,4,4,1,4,5,2,13,2,39,2,5,3,5,7,17,8,20,10,16,,67,,1,22,121.5742741,25.0332656
113,6,26,11,30,2,08士林區,士林區福國路與福華路口,0,0,2,1,C03,8,6,5,50,4,2,1,5,4,5,13,1,1,1,4,5,2,17,1,65,2,8,6,1,7,5,1,10,1,14,,44,,1,22,121.5225145,25.1017985
113,6,26,11,30,2,08士林區,士林區福國路與福華路口,0,0,2,2,C03,8,6,5,50,4,2,1,5,4,5,13,1,1,1,4,5,2,17,1,52,2,8,5,1,7,15,1,10,1,12,,100,,1,22,121.5225145,25.1017985
113,6,26,11,30,2,08士林區,士林區福國路與福華路口,0,0,2,3,H02,8,6,5,50,4,2,1,5,4,5,13,1,1,1,4,5,2,17,2,65,3,10,6,5,7,17,8,20,10,16,,67,,1,22,121.5225145,25.1017985
113,6,26,11,35,2,07信義區,信義區基隆路1段與東興路口,0,0,1,1,C03,8,7,5,50,14,9,1,5,4,5,13,1,1,9,4,5,2,17,2,77,2,9,5,1,7,7,1,10,1,14,,100,,1,21,121.5667953,25.0460793
113,6,26,11,35,2,07信義區,信義區基隆路1段與東興路口,0,0,1,2,B01,8,7,5,50,14,9,1,5,4,5,13,1,1,9,4,5,2,17,1,64,3,10,7,1,7,9,1,4,1,5,,44,,1,21,121.5667953,25.0460793
113,6,26,11,35,2,07信義區,信義區基隆路1段與東興路口,0,0,1,3,B03,8,7,5,50,14,9,1,5,4,5,13,1,1,9,4,5,2,17,2,29,3,10,7,1,7,14,1,8,1,3,,44,,1,21,121.5667953,25.0460793
113,6,26,11,41,2,10文山區,文山區木新路3段127巷與木新路3段127巷10弄口,0,0,1,1,B12,8,6,5,30,4,1,1,5,4,5,13,4,4,10,5,5,2,15,1,28,3,10,7,1,7,9,1,8,1,1,,72,,1,21,121.5620932,24.9815048
113,6,26,11,41,2,10文山區,文山區木新路3段127巷與木新路3段127巷10弄口,0,0,1,2,C03,8,6,5,30,4,1,1,5,4,5,13,4,4,10,5,5,2,15,1,18,2,9,6,1,7,9,1,10,1,12,,14,,1,21,121.5620932,24.9815048
113,6,26,12,55,2,02萬華區,萬華區大理街與大理街159巷口口,0,0,1,2,C03,8,6,5,30,3,2,1,5,4,5,13,4,4,10,5,5,1,17,1,72,2,9,3,4,7,15,1,10,1,14,,44,,1,21,121.4957286,25.0340863
113,6,26,12,55,2,02萬華區,萬華區大理街與大理街159巷口口,0,0,1,1,C03,8,6,5,30,3,2,1,5,4,5,13,4,4,10,5,5,1,17,1,56,3,10,3,4,7,15,1,10,1,14,,1,,1,21,121.4957286,25.0340863
113,6,26,12,55,2,02萬華區,萬華區大理街與大理街159巷口口,0,0,1,3,C03,8,6,5,30,3,2,1,5,4,5,13,4,4,10,5,5,1,17,1,21,3,10,3,4,7,13,1,10,1,14,,44,,1,21,121.4957286,25.0340863
113,6,26,13,10,2,08士林區,士林區承德路4段178號,0,0,1,1,C03,8,7,5,50,14,9,1,5,4,5,13,2,1,3,4,5,1,17,1,34,3,10,6,1,7,9,1,10,1,11,,16,,1,21,121.5232078,25.0855147
113,6,26,13,10,2,08士林區,士林區承德路4段178號,0,0,1,2,C03,8,7,5,50,14,9,1,5,4,5,13,2,1,3,4,5,1,17,2,26,2,7,6,1,7,14,1,10,1,13,,44,,1,21,121.5232078,25.0855147
113,6,26,13,19,2,06松山區,松山區光復北路129號,0,0,1,1,B03,7,6,5,30,22,18,1,5,4,5,13,2,1,5,4,5,2,2,2,33,3,10,3,4,7,5,1,8,1,4,,70,,1,21,121.5570178,25.0525757
113,6,26,13,19,2,06松山區,松山區光復北路129號,0,0,1,2,H01,7,6,5,30,22,18,1,5,4,5,13,2,1,5,4,5,2,2,2,49,2,9,4,5,8,16,8,20,10,16,,67,,1,21,121.5570178,25.0525757
113,6,26,13,41,2,04大安區,大安區復興南路1段122巷與安東街口,0,0,2,1,C03,8,6,5,30,4,1,1,5,4,5,13,4,4,10,5,5,2,15,2,25,2,8,6,4,7,9,1,10,1,12,,72,,1,21,121.542232,25.0438464
113,6,26,13,41,2,04大安區,大安區復興南路1段122巷與安東街口,0,0,2,2,B01,8,6,5,30,4,1,1,5,4,5,13,4,4,10,5,5,2,15,1,54,2,7,7,4,7,9,1,4,1,1,,14,,1,21,121.542232,25.0438464
113,6,26,13,48,2,01大同區,大同區民生西路351號,0,0,2,1,B12,8,5,5,50,14,9,1,5,4,5,13,2,1,9,4,5,2,13,1,26,3,10,7,1,7,8,1,8,2,6,,100,,1,22,121.5110269,25.0569846
113,6,26,13,48,2,01大同區,大同區民生西路351號,0,0,2,2,C03,8,5,5,50,14,9,1,5,4,5,13,2,1,9,4,5,2,13,1,64,2,9,5,1,7,1,1,10,2,11,,44,,1,22,121.5110269,25.0569846
113,6,26,13,48,2,01大同區,大同區民生西路351號,0,0,2,3,H02,8,5,5,50,14,9,1,5,4,5,13,2,1,9,4,5,2,13,2,63,2,9,5,5,7,20,8,20,10,16,,67,,1,21,121.5110269,25.0569846
113,6,26,13,48,2,03中山區,中山區大佳河濱公園停車場,0,0,1,1,B03,8,6,5,30,14,9,1,5,4,5,13,4,4,1,5,5,2,16,2,34,3,10,3,4,7,5,1,8,1,5,,8,,1,22,121.5411006,25.07469
113,6,26,13,48,2,03中山區,中山區大佳河濱公園停車場,0,0,1,2,B03,8,6,5,30,14,9,1,5,4,5,13,4,4,1,5,5,2,16,1,21,3,10,3,4,7,9,1,4,1,4,,13,,1,22,121.5411006,25.07469
113,6,26,13,48,2,03中山區,中山區大佳河濱公園停車場,0,0,1,3,A05,8,6,5,30,14,9,1,5,4,5,13,4,4,1,5,5,2,16,1,47,3,10,7,1,7,15,1,2,9,15,,118,,2,22,121.5411006,25.07469
113,6,26,13,48,2,03中山區,中山區大佳河濱公園停車場,0,0,1,4,H02,8,6,5,30,14,9,1,5,4,5,13,4,4,1,5,5,2,16,2,21,2,7,3,5,7,17,8,20,10,16,,67,,1,22,121.5411006,25.07469
113,6,26,14,10,2,04大安區,大安區龍泉街與雲和街口,0,0,2,1,C03,8,7,5,30,4,1,1,5,4,5,13,4,4,10,5,5,1,15,1,56,2,8,5,1,7,9,1,10,1,11,,80,,1,22,121.52936,25.0235574
113,6,26,14,10,2,04大安區,大安區龍泉街與雲和街口,0,0,2,2,C03,8,7,5,30,4,1,1,5,4,5,13,4,4,10,5,5,1,15,1,46,2,7,6,1,7,9,1,10,1,14,,44,,1,21,121.52936,25.0235574
113,6,26,14,10,2,07信義區,信義區吳興街與吳興街583巷口,0,0,1,1,B03,8,7,5,50,4,1,1,5,4,5,13,4,4,9,4,5,2,3,1,68,3,10,7,1,7,5,6,8,2,1,,8,,1,21,121.5692049,25.02245882
113,6,26,14,10,2,07信義區,信義區吳興街與吳興街583巷口,0,0,1,2,H01,8,7,5,50,4,1,1,5,4,5,13,4,4,9,4,5,2,3,2,62,2,9,4,5,8,16,8,20,10,16,,67,,1,21,121.5692049,25.02245882
113,6,26,14,19,2,01大同區,大同區延平北路1段與南京西路口,0,0,2,1,C03,8,6,5,50,4,2,1,5,4,5,13,2,1,5,4,5,2,13,1,57,2,8,5,1,7,9,1,10,1,11,,108,,1,21,121.5117566,25.0536324
113,6,26,14,19,2,01大同區,大同區延平北路1段與南京西路口,0,0,2,2,C03,8,6,5,50,4,2,1,5,4,5,13,2,1,5,4,5,2,13,1,70,2,7,5,1,7,9,1,10,1,13,,44,,1,21,121.5117566,25.0536324
113,6,26,14,22,2,04大安區,大安區羅斯福路4段與基隆路4段口,0,0,1,1,B12,8,6,5,50,4,1,1,5,4,5,13,1,1,1,4,5,2,16,1,38,3,10,3,4,7,6,1,7,11,2,,9,,1,21,121.5375487,25.0112572
113,6,26,14,22,2,04大安區,大安區羅斯福路4段與基隆路4段口,0,0,1,2,C03,8,6,5,50,4,1,1,5,4,5,13,1,1,1,4,5,2,16,1,28,2,9,6,1,7,9,1,10,1,11,,44,,1,21,121.5375487,25.0112572
113,6,26,14,46,2,02萬華區,萬華區西寧南路與武昌街2段口,0,0,1,1,C03,7,5,5,50,4,1,1,5,4,5,13,1,1,10,4,5,1,12,1,19,3,10,5,4,7,7,1,10,1,14,,100,,1,21,121.5065243,25.0447162
113,6,26,14,46,2,02萬華區,萬華區西寧南路與武昌街2段口,0,0,1,2,C03,7,5,5,50,4,1,1,5,4,5,13,1,1,10,4,5,1,12,1,54,2,9,5,4,7,9,1,10,1,12,,44,,1,21,121.5065243,25.0447162
113,6,26,14,59,2,05中正區,中正區中山南路與信義路1段口,0,0,1,1,C03,8,5,5,50,5,2,1,5,4,5,13,1,1,1,5,5,2,17,2,41,2,9,5,1,7,5,1,10,1,14,12,96,,1,21,121.5177664,25.03884085
113,6,26,14,59,2,05中正區,中正區中山南路與信義路1段口,0,0,1,2,B01,8,5,5,50,5,2,1,5,4,5,13,1,1,1,5,5,2,17,1,61,3,10,7,1,7,9,1,8,1,5,5,44,,1,21,121.5177664,25.03884085
113,6,26,15,34,2,07信義區,信義區基隆路1段與松隆路口,0,0,1,2,B03,8,7,5,50,5,1,1,5,4,5,13,1,1,1,2,5,2,13,1,34,2,7,3,4,7,14,1,8,1,3,,44,,1,21,121.565962,25.0436515
113,6,26,15,34,2,07信義區,信義區基隆路1段與松隆路口,0,0,1,3,B01,8,7,5,50,5,1,1,5,4,5,13,1,1,1,2,5,2,13,1,64,3,10,3,4,7,9,1,4,1,3,,44,,1,21,121.565962,25.0436515
113,6,26,15,34,2,07信義區,信義區基隆路1段與松隆路口,0,0,1,1,B03,8,7,5,50,5,1,1,5,4,5,13,1,1,1,2,5,2,13,1,38,3,10,3,4,7,9,6,8,1,1,,108,,1,21,121.565962,25.0436515
113,6,26,15,41,2,08士林區,士林區至善路2段(故宮廣場停車場旁),0,0,1,1,B03,8,6,5,50,14,9,1,5,4,5,13,3,1,10,4,4,1,17,2,58,3,10,7,1,7,1,1,8,1,4,,19,,1,21,121.5491108,25.0994385
113,6,26,15,41,2,08士林區,士林區至善路2段(故宮廣場停車場旁),0,0,1,2,C03,8,6,5,50,14,9,1,5,4,5,13,3,1,10,4,4,1,17,1,21,2,9,6,1,7,9,1,10,1,11,,44,,1,21,121.5491108,25.0994385
113,6,26,15,50,2,05中正區,中正區和平西路2段139號,0,0,1,1,B03,7,6,5,50,14,7,1,4,4,5,13,4,4,1,4,4,1,13,1,33,3,10,7,1,7,9,1,8,2,1,,108,,1,21,121.5064317,25.0325293
113,6,26,15,50,2,05中正區,中正區和平西路2段139號,0,0,1,2,B01,7,6,5,50,14,7,1,4,4,5,13,4,4,1,4,4,1,13,1,68,3,10,7,1,7,14,1,4,2,3,,44,,1,21,121.5064317,25.0325293
113,6,26,15,50,2,05中正區,中正區和平西路2段139號,0,0,1,3,H02,7,6,5,50,14,7,1,4,4,5,13,4,4,1,4,4,1,13,2,61,2,6,7,5,7,20,8,20,10,16,,67,,1,21,121.5064317,25.0325293
113,6,26,15,53,2,12內湖區,內湖區新湖二路與行愛路口,0,0,1,1,B03,7,7,5,50,4,1,1,5,4,5,13,1,1,5,4,5,2,16,1,67,3,10,7,1,7,8,1,8,2,2,,86,,1,21,121.580638,25.0632751
113,6,26,15,53,2,12內湖區,內湖區新湖二路與行愛路口,0,0,1,2,C03,7,7,5,50,4,1,1,5,4,5,13,1,1,5,4,5,2,16,2,32,2,9,5,1,7,9,1,10,2,14,,44,,1,21,121.580638,25.0632751
113,6,26,15,54,2,07信義區,信義區中坡南路168巷大道135號前,0,0,2,1,C03,8,7,5,30,14,9,1,5,4,5,13,4,4,10,5,5,2,3,2,42,2,7,6,1,7,9,1,10,1,11,14,44,,1,21,121.5835812,25.0389777
113,6,26,15,54,2,07信義區,信義區中坡南路168巷大道135號前,0,0,2,2,H01,8,7,5,30,14,9,1,5,4,5,13,4,4,10,5,5,2,3,1,36,2,8,4,5,8,16,8,20,10,16,,121,,1,21,121.5835812,25.0389777
113,6,26,16,11,2,01大同區,大同區環河北路2段235巷與延平北路4段口,0,0,1,1,B03,7,6,5,50,4,2,1,5,4,5,13,1,1,5,2,5,2,17,1,28,3,10,7,1,7,5,1,8,1,6,,71,,1,21,121.5108755,25.07013442
113,6,26,16,11,2,01大同區,大同區環河北路2段235巷與延平北路4段口,0,0,1,2,C03,7,6,5,50,4,2,1,5,4,5,13,1,1,5,2,5,2,17,1,28,2,8,5,1,7,9,1,10,1,11,,44,,1,21,121.5108755,25.07013442
113,6,26,16,25,2,12內湖區,內湖區文德路與文德路66巷口,0,0,1,1,C03,7,6,5,50,4,2,1,5,4,5,13,2,1,1,4,5,2,13,1,20,2,1,5,1,7,9,1,10,1,11,,16,,1,21,121.5811906,25.07842259
113,6,26,16,25,2,12內湖區,內湖區文德路與文德路66巷口,0,0,1,2,B03,7,6,5,50,4,2,1,5,4,5,13,2,1,1,4,5,2,13,1,39,3,10,7,1,7,14,1,8,1,3,,44,,1,21,121.5811906,25.07842259
113,6,26,16,40,2,03中山區,中山區吉林路407巷與德惠街170巷口,0,0,2,2,C03,7,7,5,30,4,1,1,5,4,5,13,4,4,10,5,5,2,15,2,36,2,9,6,1,7,9,1,10,1,11,,44,,1,21,121.5317835,25.0660644
113,6,26,16,40,2,03中山區,中山區吉林路407巷與德惠街170巷口,0,0,2,1,C03,7,7,5,30,4,1,1,5,4,5,13,4,4,10,5,5,2,15,2,55,2,9,6,1,7,9,1,10,1,11,,14,,1,21,121.5317835,25.0660644
113,6,26,16,40,2,10文山區,文山區興隆路3段與興德路口口,0,0,1,1,B12,6,6,5,50,3,2,1,4,4,5,13,2,1,1,4,5,2,16,1,73,3,10,7,1,7,6,1,8,1,5,,9,,1,21,121.5552561,25.0006613
113,6,26,16,40,2,10文山區,文山區興隆路3段與興德路口口,0,0,1,2,C03,6,6,5,50,3,2,1,4,4,5,13,2,1,1,4,5,2,16,2,59,2,9,6,1,7,9,1,10,1,14,,44,,1,21,121.5552561,25.0006613
113,6,26,16,41,2,04大安區,大安區忠孝東路3段276巷與忠孝東路3段248巷7弄口,0,0,1,1,B03,7,5,5,30,3,1,1,4,4,5,13,4,4,4,3,5,2,15,2,45,3,10,7,1,7,1,1,8,1,4,,19,,1,21,121.5424741,25.0411115
113,6,26,16,41,2,04大安區,大安區忠孝東路3段276巷與忠孝東路3段248巷7弄口,0,0,1,2,C03,7,5,5,30,3,1,1,4,4,5,13,4,4,4,3,5,2,15,2,26,2,9,6,1,7,9,1,10,1,11,,14,,1,21,121.5424741,25.0411115
113,6,26,16,53,2,06松山區,松山區八德路4段與中坡北路口,0,0,1,1,B03,8,6,5,50,4,1,1,5,4,5,13,1,1,5,4,5,2,16,1,54,3,10,7,1,7,5,1,8,1,8,,8,,1,21,121.5796377,25.05035241
113,6,26,16,53,2,06松山區,松山區八德路4段與中坡北路口,0,0,1,2,C03,8,6,5,50,4,1,1,5,4,5,13,1,1,5,4,5,2,16,1,20,2,9,6,1,7,9,1,10,1,14,,108,,1,21,121.5796377,25.05035241