發生年度,發生月,發生日,發生時-Hours,發生分,處理別-編號,區序,肇事地點,死亡人數,2-30日死亡人數,受傷人數,當事人序號,車種,天候,道路照明設備,道路類別,速限-速度限制,道路型態,事故位置,路面狀況1,路面狀況2,路面狀況3,道路障礙1,道路障礙2,號誌1,號誌2,車道劃分-分向,車道劃分-分道1,車道劃分-分道2,車道劃分-分道3,事故類型及型態,性別,年齡,受傷程度,主要傷處,保護裝置,行動電話,車輛用途,當事者行動狀態,駕駛資格情形,駕駛執照種類,飲酒情形,車輛撞擊部位1,車輛撞擊部位2,肇因碼-個別,肇因碼-主要,個人肇逃否,職業,座標-X,座標-Y
113,6,26,17,5,2,07信義區,信義區松山路292巷13號與虎林街口,0,0,1,1,C04,6,6,5,30,4,2,1,4,4,5,13,4,4,9,4,5,2,14,1,40,3,10,5,1,7,2,1,10,1,13,,12,,1,21,121.5771793,25.0432482
113,6,26,17,5,2,07信義區,信義區松山路292巷13號與虎林街口,0,0,1,2,C03,6,6,5,30,4,2,1,4,4,5,13,4,4,9,4,5,2,14,1,48,2,8,5,1,7,5,1,10,1,17,,16,,1,21,121.5771793,25.0432482
113,6,26,17,6,2,04大安區,大安區基隆路3段與敦南街口,0,0,1,1,B03,8,7,5,50,3,2,1,5,4,5,13,4,4,1,4,5,2,12,2,32,3,10,7,1,7,15,1,8,1,7,,100,,1,21,121.5482077,25.0206016
113,6,26,17,6,2,04大安區,大安區基隆路3段與敦南街口,0,0,1,2,C03,8,7,5,50,3,2,1,5,4,5,13,4,4,1,4,5,2,12,1,60,2,9,5,1,7,9,1,10,1,11,,108,,1,21,121.5482077,25.0206016
113,6,26,17,10,2,06松山區,松山區長春路與復興北路口,0,0,1,1,C03,7,5,5,50,4,2,1,4,4,5,13,2,1,1,3,5,2,12,1,53,2,9,6,1,7,9,1,10,1,12,,44,,1,22,121.5442318,25.0543695
113,6,26,17,10,2,06松山區,松山區長春路與復興北路口,0,0,1,2,C03,7,5,5,50,4,2,1,4,4,5,13,2,1,1,3,5,2,12,1,18,3,10,6,1,7,9,1,10,1,14,,44,,1,22,121.5442318,25.0543695
113,6,26,17,12,2,06松山區,松山區民權東路4段與敦化北路口,0,0,2,1,C03,8,7,5,50,4,1,1,5,4,5,13,2,1,1,4,5,2,12,1,51,2,9,5,1,7,15,1,10,1,12,,100,,1,26,121.5507038,25.0616448
113,6,26,17,12,2,06松山區,松山區民權東路4段與敦化北路口,0,0,2,2,C03,8,7,5,50,4,1,1,5,4,5,13,2,1,1,4,5,2,12,1,26,2,9,5,1,7,9,1,10,1,14,,44,,1,26,121.5507038,25.0616448
113,6,26,17,39,2,06松山區,松山區塔悠路103號,0,0,1,1,B03,7,5,5,50,14,9,1,5,4,5,13,4,4,9,4,5,2,17,1,65,3,10,3,4,7,1,1,8,1,6,,19,,1,22,121.5700052,25.0541229
113,6,26,17,39,2,06松山區,松山區塔悠路103號,0,0,1,2,C03,7,5,5,50,14,9,1,5,4,5,13,4,4,9,4,5,2,17,1,30,2,7,6,4,7,9,1,10,1,12,,44,,1,22,121.5700052,25.0541229
113,6,26,17,40,2,11南港區,南港區向陽路與重陽路口,0,0,2,1,C03,8,7,5,50,4,1,1,5,4,5,13,1,1,1,1,5,2,12,1,31,2,8,5,1,7,9,1,10,1,11,,99,,1,21,121.5944379,25.0548428
113,6,26,17,40,2,11南港區,南港區向陽路與重陽路口,0,0,2,2,C03,8,7,5,50,4,1,1,5,4,5,13,1,1,1,1,5,2,12,2,44,3,10,5,1,7,9,1,10,1,17,,99,,1,21,121.5944379,25.0548428
113,6,26,17,40,2,11南港區,南港區向陽路與重陽路口,0,0,2,3,C03,8,7,5,50,4,1,1,5,4,5,13,1,1,1,1,5,2,12,1,33,2,8,5,1,7,9,1,10,1,12,,44,,1,21,121.5944379,25.0548428
113,6,26,17,52,2,06松山區,松山區撫遠街376巷13號,0,0,1,1,C03,7,6,5,30,14,9,1,5,4,5,13,4,4,10,5,5,2,17,2,19,2,9,6,1,7,6,1,10,1,11,,5,,1,21,121.5648085,25.06344839
113,6,26,17,52,2,06松山區,松山區撫遠街376巷13號,0,0,1,2,B03,7,6,5,30,14,9,1,5,4,5,13,4,4,10,5,5,2,17,1,39,3,10,3,4,7,9,1,8,1,1,,5,,1,21,121.5648085,25.06344839
113,6,26,17,54,2,03中山區,中山區松江路與長安東路2段口,0,0,1,1,C03,7,7,5,50,4,1,1,4,4,5,13,1,1,1,4,5,2,13,1,25,2,9,5,1,7,9,1,9,2,11,,16,,1,22,121.5328635,25.0486298
113,6,26,17,54,2,03中山區,中山區松江路與長安東路2段口,0,0,1,2,B03,7,7,5,50,4,1,1,4,4,5,13,1,1,1,4,5,2,13,2,47,3,10,7,1,7,12,1,8,2,6,,9,,1,22,121.5328635,25.0486298
113,6,26,17,58,2,07信義區,信義區市府路45號,0,0,1,1,B03,6,6,5,50,14,9,1,4,4,5,13,4,4,2,4,2,2,16,1,71,3,10,7,1,7,6,1,8,1,5,,9,,1,21,121.5653413,25.0346285
113,6,26,17,58,2,07信義區,信義區市府路45號,0,0,1,2,C03,6,6,5,50,14,9,1,4,4,5,13,4,4,2,4,2,2,16,2,58,2,9,5,1,7,9,1,21,1,14,,44,,1,21,121.5653413,25.0346285
113,6,26,18,7,2,06松山區,松山區八德路4段與塔悠路口,0,0,1,1,B03,8,6,8,50,4,1,1,5,4,5,13,1,1,8,3,4,1,16,1,55,3,10,3,1,7,6,1,8,1,5,,9,,1,21,121.5724711,25.0499902
113,6,26,18,7,2,06松山區,松山區八德路4段與塔悠路口,0,0,1,2,C03,8,6,8,50,4,1,1,5,4,5,13,1,1,8,3,4,1,16,1,78,2,9,3,1,7,9,1,10,1,14,,44,,1,21,121.5724711,25.0499902
113,6,26,18,24,2,04大安區,大安區忠孝東路4段216巷與忠孝東路4段216巷27弄口,0,0,1,1,B01,7,5,5,30,4,18,1,5,4,5,13,4,4,9,5,5,2,3,1,64,3,10,7,1,7,9,1,4,1,1,,70,,1,21,121.5529855,25.0398326
113,6,26,18,24,2,04大安區,大安區忠孝東路4段216巷與忠孝東路4段216巷27弄口,0,0,1,2,H01,7,5,5,30,4,18,1,5,4,5,13,4,4,9,5,5,2,3,2,63,2,9,4,5,8,16,8,20,1,16,,67,,1,21,121.5529855,25.0398326
113,6,26,18,32,2,12內湖區,內湖區新明路與新明路312巷口,0,0,1,1,C03,7,6,5,30,3,1,1,5,4,5,13,4,4,9,4,5,2,16,1,60,2,8,5,1,7,5,1,10,1,11,,80,,1,21,121.581887,25.05539323
113,6,26,18,32,2,12內湖區,內湖區新明路與新明路312巷口,0,0,1,2,B03,7,6,5,30,3,1,1,5,4,5,13,4,4,9,4,5,2,16,2,39,3,10,7,1,7,9,1,8,1,4,,14,,1,21,121.581887,25.05539323
113,6,26,19,18,2,03中山區,中山區中山北路2段65巷2弄與林森北路口,0,0,1,1,B03,8,5,5,50,4,1,1,5,4,5,13,4,4,9,4,5,2,17,1,38,3,10,7,1,7,5,1,8,1,1,,16,,1,21,121.5254286,25.0566368
113,6,26,19,18,2,03中山區,中山區中山北路2段65巷2弄與林森北路口,0,0,1,2,C03,8,5,5,50,4,1,1,5,4,5,13,4,4,9,4,5,2,17,1,31,2,9,5,1,7,9,1,10,1,11,,16,,1,21,121.5254286,25.0566368
113,6,26,19,22,2,04大安區,大安區光復南路與延吉街口,0,0,1,2,B03,8,5,5,50,3,1,1,5,4,5,13,4,4,10,4,5,2,17,1,74,3,10,7,1,7,6,1,8,9,2,,9,,2,21,121.5573931,25.0339224
113,6,26,19,22,2,04大安區,大安區光復南路與延吉街口,0,0,1,1,A02,8,5,5,50,3,1,1,5,4,5,13,4,4,10,4,5,2,17,1,50,3,10,7,1,7,1,1,2,1,8,,19,,1,21,121.5573931,25.0339224
113,6,26,19,22,2,04大安區,大安區光復南路與延吉街口,0,0,1,3,H02,8,5,5,50,3,1,1,5,4,5,13,4,4,10,4,5,2,17,4,0,,,,,,,,,10,,,67,,2,,121.5573931,25.0339224
113,6,26,19,22,2,04大安區,大安區光復南路與延吉街口,0,0,1,4,H02,8,5,5,50,3,1,1,5,4,5,13,4,4,10,4,5,2,17,2,29,2,9,3,5,7,20,8,20,10,16,,67,,1,21,121.5573931,25.0339224
113,6,26,19,31,2,04大安區,大安區和平東路1段與師大路口,0,0,2,1,B03,7,5,5,50,3,1,1,5,4,5,13,2,1,1,3,5,1,13,1,58,3,10,3,4,7,5,1,8,1,1,,108,,1,22,121.5284578,25.0264664
113,6,26,19,31,2,04大安區,大安區和平東路1段與師大路口,0,0,2,2,C03,7,5,5,50,3,1,1,5,4,5,13,2,1,1,3,5,1,13,1,29,2,8,6,1,7,6,1,10,1,13,,44,,1,22,121.5284578,25.0264664
113,6,26,19,31,2,04大安區,大安區和平東路1段與師大路口,0,0,2,3,H02,7,5,5,50,3,1,1,5,4,5,13,2,1,1,3,5,1,13,1,23,2,7,6,5,7,20,8,20,10,16,,67,,1,22,121.5284578,25.0264664
113,6,26,19,50,2,07信義區,信義區永吉路30巷與松隆路口,0,0,1,1,B02,8,5,5,50,4,1,1,5,4,5,13,2,1,3,4,5,2,16,1,23,3,10,3,4,7,5,1,8,2,5,,80,,1,21,121.5688565,25.0445687
113,6,26,19,50,2,07信義區,信義區永吉路30巷與松隆路口,0,0,1,2,C03,8,5,5,50,4,1,1,5,4,5,13,2,1,3,4,5,2,16,1,29,2,9,5,1,7,9,1,10,2,11,,116,,1,21,121.5688565,25.0445687
113,6,26,20,0,2,06松山區,松山區光復南路32巷與八德路3段106巷口,0,0,1,1,B02,8,5,5,30,4,1,1,5,4,5,13,4,4,10,5,5,2,15,1,66,3,10,3,4,7,9,1,8,1,2,,14,,1,22,121.5541736,25.04626906
113,6,26,20,0,2,06松山區,松山區光復南路32巷與八德路3段106巷口,0,0,1,2,C03,8,5,5,30,4,1,1,5,4,5,13,4,4,10,5,5,2,15,1,33,2,9,6,4,7,9,1,10,1,11,,13,,1,22,121.5541736,25.04626906
113,6,26,20,20,2,05中正區,中正區羅斯福路2段166號前,0,0,2,1,C03,7,5,5,50,14,9,1,5,4,5,13,2,1,1,3,5,1,17,1,20,2,9,2,1,7,8,1,10,2,13,,100,,1,21,121.5233435,25.02586445
113,6,26,20,20,2,05中正區,中正區羅斯福路2段166號前,0,0,2,2,C03,7,5,5,50,14,9,1,5,4,5,13,2,1,1,3,5,1,17,1,21,2,9,5,1,7,9,1,10,2,11,,44,,1,21,121.5233435,25.02586445
113,6,26,21,50,2,06松山區,松山區南京東路4段與光復北路口,0,0,2,1,F01,8,5,5,50,4,1,1,5,4,5,13,1,1,9,4,4,1,12,1,28,2,9,4,4,7,15,8,20,1,11,,108,,1,22,121.5572814,25.05165531
113,6,26,21,50,2,06松山區,松山區南京東路4段與光復北路口,0,0,2,2,F01,8,5,5,50,4,1,1,5,4,5,13,1,1,9,4,4,1,12,1,68,2,9,4,4,7,15,8,20,1,14,,101,,1,22,121.5572814,25.05165531
113,6,26,22,21,2,10文山區,文山區萬壽橋西往東,0,0,2,1,C03,8,5,5,50,14,9,1,5,4,5,13,4,4,3,4,5,1,13,1,31,2,8,6,1,7,9,1,10,1,11,,16,,1,21,121.5726483,24.9915764
113,6,26,22,21,2,10文山區,文山區萬壽橋西往東,0,0,2,2,F01,8,5,5,50,14,9,1,5,4,5,13,4,4,3,4,5,1,13,2,56,2,7,4,1,7,9,8,20,1,13,,44,,1,21,121.5726483,24.9915764
113,6,26,22,52,2,01大同區,大同區鄭州路與延平北路1段口,0,0,1,1,C03,8,5,5,40,4,2,1,5,4,5,13,2,1,8,3,5,1,16,1,34,2,9,6,1,7,6,1,10,1,11,,9,,1,21,121.5120674,25.049982
113,6,26,22,52,2,01大同區,大同區鄭州路與延平北路1段口,0,0,1,2,C03,8,5,5,40,4,2,1,5,4,5,13,2,1,8,3,5,1,16,1,41,3,10,3,4,7,9,1,10,1,14,,44,,1,21,121.5120674,25.049982
113,6,26,22,55,2,09北投區,北投區北投路2段與北投路2段口北投捷運站1號出口,0,0,2,1,B01,7,5,5,50,3,1,1,5,4,5,13,1,1,5,4,5,1,17,1,51,3,10,7,1,7,11,1,4,1,6,,10,,1,21,121.498398,25.1316404
113,6,26,22,55,2,09北投區,北投區北投路2段與北投路2段口北投捷運站1號出口,0,0,2,2,C03,7,5,5,50,3,1,1,5,4,5,13,1,1,5,4,5,1,17,1,20,2,9,6,1,7,9,1,10,1,11,,44,,1,21,121.498398,25.1316404
113,6,26,22,55,2,09北投區,北投區北投路2段與北投路2段口北投捷運站1號出口,0,0,2,3,H02,7,5,5,50,3,1,1,5,4,5,13,1,1,5,4,5,1,17,2,20,2,9,4,5,7,20,8,20,10,16,,67,,1,21,121.498398,25.1316404
113,6,26,23,20,2,10文山區,文山區萬樂街與萬美街1段口口,0,0,1,1,C04,8,5,5,40,3,1,1,5,4,5,13,3,1,10,5,5,1,16,1,22,3,10,3,4,7,5,1,10,2,14,,80,,1,25,121.5656441,25.00144129
113,6,26,23,20,2,10文山區,文山區萬樂街與萬美街1段口口,0,0,1,2,C03,8,5,5,40,3,1,1,5,4,5,13,3,1,10,5,5,1,16,1,30,2,9,3,4,7,9,1,10,2,11,,80,,1,22,121.5656441,25.00144129
113,6,27,0,12,2,05中正區,中正區廈門街與廈門街81巷口,0,0,1,1,B12,7,5,5,30,3,1,1,5,4,5,13,4,4,8,4,5,1,16,1,58,3,10,7,1,7,5,1,8,1,8,,8,,1,21,121.5174302,25.0245314
113,6,27,0,12,2,05中正區,中正區廈門街與廈門街81巷口,0,0,1,2,C03,7,5,5,30,3,1,1,5,4,5,13,4,4,8,4,5,1,16,2,25,2,9,5,1,7,9,1,10,1,12,,108,,1,21,121.5174302,25.0245314
113,6,27,0,50,2,03中山區,中山區南京東路3段與南京東路3段216巷口,0,0,1,1,B03,8,5,5,30,3,1,1,5,4,5,13,4,4,10,5,5,2,16,1,35,3,10,7,1,7,6,1,8,1,4,,72,,1,21,121.5434891,25.05176418
113,6,27,0,50,2,03中山區,中山區南京東路3段與南京東路3段216巷口,0,0,1,2,C04,8,5,5,30,3,1,1,5,4,5,13,4,4,10,5,5,2,16,2,33,2,9,6,1,7,9,1,10,1,11,,44,,1,21,121.5434891,25.05176418
113,6,27,3,50,2,03中山區,中山區林森北路與錦州街口,0,0,1,1,B03,8,5,5,50,4,1,1,5,4,5,13,2,1,5,2,5,2,17,1,33,3,10,7,1,7,5,1,8,1,1,,71,,1,21,121.52552,25.0603448
113,6,27,3,50,2,03中山區,中山區林森北路與錦州街口,0,0,1,2,C03,8,5,5,50,4,1,1,5,4,5,13,2,1,5,2,5,2,17,2,19,2,9,5,1,7,9,1,10,1,14,,44,,1,21,121.52552,25.0603448
113,6,27,5,19,2,03中山區,中山區林森北路與民權東路1段口,0,0,1,1,B03,8,7,5,50,4,2,1,5,4,5,13,1,1,4,3,5,1,16,1,39,3,10,7,1,7,5,1,8,1,6,,8,,1,21,121.525632,25.062747
113,6,27,5,19,2,03中山區,中山區林森北路與民權東路1段口,0,0,1,2,C03,8,7,5,50,4,2,1,5,4,5,13,1,1,4,3,5,1,16,1,18,2,9,6,1,7,9,1,10,1,11,,44,,1,21,121.525632,25.062747
113,6,27,6,38,2,06松山區,松山區南京東路4段與北寧路口,0,0,1,1,C03,8,5,5,50,4,1,1,5,4,5,13,1,1,1,4,4,2,17,1,28,3,10,5,1,7,9,1,4,1,17,,44,,1,21,121.5522984,25.0516188
113,6,27,6,38,2,06松山區,松山區南京東路4段與北寧路口,0,0,1,2,B12,8,5,5,50,4,1,1,5,4,5,13,1,1,1,4,4,2,17,1,55,2,7,7,1,7,9,1,10,1,17,,44,,1,21,121.5522984,25.0516188
113,6,27,7,35,2,03中山區,中山區市民大道3段與八德路2段口,0,0,1,1,G06,8,7,5,40,4,1,1,5,4,5,13,1,1,9,4,5,2,15,1,58,2,9,5,1,7,9,8,20,1,16,,85,,1,21,121.5348108,25.04497087
113,6,27,7,35,2,03中山區,中山區市民大道3段與八德路2段口,0,0,1,2,B03,8,7,5,40,4,1,1,5,4,5,13,1,1,9,4,5,2,15,2,51,3,10,7,1,7,9,1,8,1,1,,44,,1,21,121.5348108,25.04497087
113,6,27,7,35,2,07信義區,信義區信義路6段12巷與松德路269巷口,0,0,2,1,C03,8,7,5,30,4,1,1,5,4,5,13,4,4,10,5,5,2,15,1,51,2,9,5,1,7,9,1,10,1,11,,75,,1,21,121.5751147,25.0329372
113,6,27,7,35,2,07信義區,信義區信義路6段12巷與松德路269巷口,0,0,2,2,C03,8,7,5,30,4,1,1,5,4,5,13,4,4,10,5,5,2,15,1,70,2,9,5,1,7,9,1,10,1,13,,14,,1,21,121.5751147,25.0329372
113,6,27,7,37,2,10文山區,文山區羅斯福路6段126號,0,0,1,1,B03,8,6,5,50,14,9,1,5,4,5,13,4,4,1,4,5,2,13,2,50,3,10,7,1,7,9,1,8,1,1,,16,,1,21,121.5406613,24.9975055
113,6,27,7,37,2,10文山區,文山區羅斯福路6段126號,0,0,1,2,C03,8,6,5,50,14,9,1,5,4,5,13,4,4,1,4,5,2,13,1,45,2,9,6,1,7,9,1,10,1,13,,44,,1,21,121.5406613,24.9975055
113,6,27,7,37,2,10文山區,文山區羅斯福路6段126號,0,0,1,3,B01,8,6,5,50,14,9,1,5,4,5,13,4,4,1,4,5,2,13,1,52,3,10,7,1,7,9,1,4,1,3,,44,,1,21,121.5406613,24.9975055
113,6,27,7,40,2,08士林區,士林區文林路342號與文林路口,0,0,1,1,B03,8,6,5,50,3,1,1,5,4,5,13,2,1,5,5,5,2,17,1,37,3,10,3,4,7,9,1,8,1,4,,107,,1,21,121.5251192,25.093471
113,6,27,7,40,2,08士林區,士林區文林路342號與文林路口,0,0,1,2,C03,8,6,5,50,3,1,1,5,4,5,13,2,1,5,5,5,2,17,2,56,2,9,3,4,7,9,1,10,1,12,,44,,1,21,121.5251192,25.093471
113,6,27,7,54,2,12內湖區,內湖區康寧路1段292號,0,0,1,1,H01,8,6,5,0,14,9,1,5,4,5,13,4,4,9,5,5,2,3,2,47,2,9,4,5,8,16,8,20,10,16,,121,,1,21,121.5978065,25.07860128
113,6,27,7,54,2,12內湖區,內湖區康寧路1段292號,0,0,1,2,B03,8,6,5,0,14,9,1,5,4,5,13,4,4,9,5,5,2,3,2,29,3,10,7,1,7,9,1,8,2,2,,44,,1,21,121.5978065,25.07860128
113,6,27,7,56,2,03中山區,中山區中山北路2段50巷7號,0,0,1,1,H01,8,6,5,0,14,9,1,5,4,5,13,4,4,8,5,5,1,2,2,49,2,5,4,5,8,16,8,20,10,16,,60,,1,21,121.5221232,25.05621401
113,6,27,7,56,2,03中山區,中山區中山北路2段50巷7號,0,0,1,2,B02,8,6,5,0,14,9,1,5,4,5,13,4,4,8,5,5,1,2,1,51,3,10,3,4,7,9,1,8,1,5,,44,,1,21,121.5221232,25.05621401
113,6,27,7,57,2,01大同區,大同區承德路2段與民生西路口口,0,0,2,1,C03,8,6,5,50,4,1,1,5,4,5,13,2,1,5,5,5,2,13,1,34,2,9,6,1,7,9,1,10,2,11,,16,,1,21,121.5178917,25.0572622
113,6,27,7,57,2,01大同區,大同區承德路2段與民生西路口口,0,0,2,2,C03,8,6,5,50,4,1,1,5,4,5,13,2,1,5,5,5,2,13,2,42,2,9,6,1,7,12,1,10,2,13,,44,,1,21,121.5178917,25.0572622
113,6,27,8,10,2,02萬華區,萬華區環河南路1段與武昌街2段口,0,0,2,1,C03,8,6,5,50,4,1,1,5,4,5,13,1,1,8,3,5,1,16,1,73,2,9,3,4,7,9,1,10,1,14,,44,,1,21,121.5026535,25.0457242
113,6,27,8,10,2,02萬華區,萬華區環河南路1段與武昌街2段口,0,0,2,2,B12,8,6,5,50,4,1,1,5,4,5,13,1,1,8,3,5,1,16,1,54,3,10,3,4,7,9,1,8,1,2,,108,,1,21,121.5026535,25.0457242
113,6,27,8,10,2,02萬華區,萬華區環河南路1段與武昌街2段口,0,0,2,3,H02,8,6,5,50,4,1,1,5,4,5,13,1,1,8,3,5,1,16,2,73,2,9,4,5,7,20,8,20,10,16,,67,,1,21,121.5026535,25.0457242
113,6,27,8,10,2,09北投區,北投區承德路7段與承德路7段口351之1號,0,0,2,1,B03,8,6,5,40,3,2,1,5,4,5,13,4,4,1,4,4,2,13,1,50,3,10,7,1,7,6,1,8,2,7,,9,,1,21,121.5025957,25.11829503
113,6,27,8,10,2,09北投區,北投區承德路7段與承德路7段口351之1號,0,0,2,2,C03,8,6,5,40,3,2,1,5,4,5,13,4,4,1,4,4,2,13,1,24,3,10,5,1,7,9,1,10,2,11,,44,,1,21,121.5025957,25.11829503
113,6,27,8,10,2,09北投區,北投區承德路7段與承德路7段口351之1號,0,0,2,3,C03,8,6,5,40,3,2,1,5,4,5,13,4,4,1,4,4,2,13,2,40,2,8,5,1,7,9,1,10,2,11,,44,,1,21,121.5025957,25.11829503
113,6,27,8,10,2,09北投區,北投區承德路7段與承德路7段口351之1號,0,0,2,4,C03,8,6,5,40,3,2,1,5,4,5,13,4,4,1,4,4,2,13,2,42,2,8,5,1,7,9,1,10,2,13,,44,,1,21,121.5025957,25.11829503
113,6,27,8,19,2,03中山區,中山區市民大道3段與新生北路1段62巷口,0,0,1,1,B03,8,5,5,40,4,1,1,5,4,5,13,1,1,1,4,5,2,16,1,49,3,10,3,4,7,6,1,8,1,2,,9,,1,22,121.5369285,25.0448399
113,6,27,8,19,2,03中山區,中山區市民大道3段與新生北路1段62巷口,0,0,1,2,C03,8,5,5,40,4,1,1,5,4,5,13,1,1,1,4,5,2,16,1,42,2,7,3,4,7,9,1,10,1,14,,44,,1,22,121.5369285,25.0448399
113,6,27,8,30,2,12內湖區,內湖區東湖路160巷與汐湖二橋口,0,0,3,1,B03,8,5,5,50,3,1,1,5,4,5,13,2,1,5,4,5,1,16,2,36,3,10,7,1,7,6,1,8,1,5,,9,,1,21,121.61729,25.0664015
113,6,27,8,30,2,12內湖區,內湖區東湖路160巷與汐湖二橋口,0,0,3,2,C03,8,5,5,50,3,1,1,5,4,5,13,2,1,5,4,5,1,16,1,46,2,9,5,1,7,9,1,9,1,14,,108,,1,21,121.61729,25.0664015
113,6,27,8,30,2,12內湖區,內湖區東湖路160巷與汐湖二橋口,0,0,3,3,H02,8,5,5,50,3,1,1,5,4,5,13,2,1,5,4,5,1,16,1,9,2,9,5,5,7,21,8,20,10,16,,67,,1,14,121.61729,25.0664015
113,6,27,8,30,2,12內湖區,內湖區東湖路160巷與汐湖二橋口,0,0,3,4,H02,8,5,5,50,3,1,1,5,4,5,13,2,1,5,4,5,1,16,1,7,2,9,5,5,7,21,8,20,10,16,,67,,1,14,121.61729,25.0664015
113,6,27,8,45,2,03中山區,中山區大佳河濱公園170號燈桿,0,0,1,1,F01,8,5,7,0,14,23,1,5,4,5,12,4,4,10,5,5,2,9,1,41,2,3,3,4,7,9,8,20,1,11,,108,,1,21,121.5492927,25.07370829
113,6,27,8,45,2,03中山區,中山區大佳河濱公園170號燈桿,0,0,1,2,H03,8,5,7,0,14,23,1,5,4,5,12,4,4,10,5,5,2,9,1,37,3,10,4,5,8,20,8,20,10,16,,60,,1,21,121.5492927,25.07370829
113,6,27,8,45,2,03中山區,中山區北安路554巷與北安路588巷30弄口,0,0,1,1,B01,8,7,5,50,4,1,1,5,4,5,13,1,1,9,5,5,2,16,1,49,3,10,7,1,7,6,1,4,1,5,,9,,1,21,121.550267,25.07997532
113,6,27,8,45,2,03中山區,中山區北安路554巷與北安路588巷30弄口,0,0,1,2,C03,8,7,5,50,4,1,1,5,4,5,13,1,1,9,5,5,2,16,1,55,2,9,6,1,7,9,1,10,1,14,,44,,1,21,121.550267,25.07997532
113,6,27,8,48,2,05中正區,中正區中山南路與徐州路口,0,0,1,1,F01,8,6,5,0,4,2,4,5,4,5,13,1,1,1,4,5,2,9,1,64,3,10,4,4,7,15,8,20,2,15,,108,,1,21,121.5186958,25.0417591
113,6,27,8,48,2,05中正區,中正區中山南路與徐州路口,0,0,1,2,H01,8,6,5,0,4,2,4,5,4,5,13,1,1,1,4,5,2,9,1,43,2,8,4,5,8,20,8,20,2,16,,67,,1,21,121.5186958,25.0417591
113,6,27,8,48,2,12內湖區,內湖區成功路2段與潭美街口口,0,0,1,1,B01,8,6,5,40,3,1,1,5,4,5,13,2,1,9,5,5,2,17,1,55,3,10,7,1,7,6,1,4,2,2,,80,,1,21,121.5916869,25.0600985
113,6,27,8,48,2,12內湖區,內湖區成功路2段與潭美街口口,0,0,1,2,C03,8,6,5,40,3,1,1,5,4,5,13,2,1,9,5,5,2,17,2,36,2,9,5,1,7,9,1,10,2,14,,13,,1,21,121.5916869,25.0600985
113,6,27,8,50,2,02萬華區,萬華區華中橋往北市機車道,0,0,2,1,C03,8,7,5,40,8,9,1,5,4,5,13,4,4,3,4,5,1,17,1,69,3,10,6,1,7,15,1,9,1,17,,30,,1,21,121.4955424,25.0129927
113,6,27,8,50,2,02萬華區,萬華區華中橋往北市機車道,0,0,2,2,C03,8,7,5,40,8,9,1,5,4,5,13,4,4,3,4,5,1,17,1,70,2,9,6,1,7,7,3,18,1,11,,13,,1,21,121.4955424,25.0129927
113,6,27,8,50,2,02萬華區,萬華區華中橋往北市機車道,0,0,2,3,H02,8,7,5,40,8,9,1,5,4,5,13,4,4,3,4,5,1,17,2,66,2,9,7,5,7,20,8,20,10,16,,67,,1,21,121.4955424,25.0129927
113,6,27,8,53,2,10文山區,文山區木新路2段與保儀路口,0,0,1,1,B03,8,6,6,50,3,1,1,5,4,5,13,1,1,5,4,5,2,16,2,41,3,10,7,1,7,11,1,8,2,5,,10,,1,21,121.56535,24.9828516
113,6,27,8,53,2,10文山區,文山區木新路2段與保儀路口,0,0,1,2,C03,8,6,6,50,3,1,1,5,4,5,13,1,1,5,4,5,2,16,2,42,2,9,6,1,7,9,1,10,2,11,,44,,1,21,121.56535,24.9828516
113,6,27,9,21,2,06松山區,松山區敦化北路120巷與敦化北路120巷7弄口,0,0,1,1,F01,8,6,5,30,4,1,1,5,4,5,13,4,4,10,5,5,2,15,2,71,2,9,4,1,7,9,8,20,1,14,,72,,1,22,121.5480248,25.0538946
113,6,27,9,21,2,06松山區,松山區敦化北路120巷與敦化北路120巷7弄口,0,0,1,2,C03,8,6,5,30,4,1,1,5,4,5,13,4,4,10,5,5,2,15,2,26,3,10,6,1,7,9,1,10,1,11,,14,,1,22,121.5480248,25.0538946
113,6,27,9,45,2,07信義區,信義區光復南路447號,0,0,1,1,C03,7,6,5,50,14,9,1,5,4,5,13,2,1,8,3,5,2,17,2,32,2,9,3,4,7,15,1,10,1,11,,108,,1,21,121.5575591,25.0353231
113,6,27,9,45,2,07信義區,信義區光復南路447號,0,0,1,2,B03,7,6,5,50,14,9,1,5,4,5,13,2,1,8,3,5,2,17,1,52,3,10,3,4,7,21,1,8,1,6,,44,,1,21,121.5575591,25.0353231
113,6,27,9,53,2,01大同區,大同區塔城街與鄭州路口,0,0,1,1,B12,8,6,5,50,14,9,1,5,4,5,13,4,4,8,3,5,1,17,1,53,3,10,7,4,7,8,1,8,9,6,,119,,2,21,121.5105464,25.0498261
113,6,27,9,53,2,01大同區,大同區塔城街與鄭州路口,0,0,1,2,C03,8,6,5,50,14,9,1,5,4,5,13,4,4,8,3,5,1,17,1,29,2,9,3,4,7,9,1,10,9,14,,44,,1,21,121.5105464,25.0498261
113,6,27,11,0,2,04大安區,大安區羅斯福路4段與基隆路4段口,0,0,1,1,C03,8,7,5,50,4,1,1,5,4,5,13,2,1,1,3,5,1,16,2,66,2,9,5,1,7,5,1,10,2,13,,8,,1,22,121.5373928,25.0111598
113,6,27,11,0,2,04大安區,大安區羅斯福路4段與基隆路4段口,0,0,1,2,B03,8,7,5,50,4,1,1,5,4,5,13,2,1,1,3,5,1,16,1,73,3,10,3,4,7,9,1,8,2,5,,44,,1,22,121.5373928,25.0111598