發生年度,發生月,發生日,發生時-Hours,發生分,處理別-編號,區序,肇事地點,死亡人數,2-30日死亡人數,受傷人數,當事人序號,車種,天候,道路照明設備,道路類別,速限-速度限制,道路型態,事故位置,路面狀況1,路面狀況2,路面狀況3,道路障礙1,道路障礙2,號誌1,號誌2,車道劃分-分向,車道劃分-分道1,車道劃分-分道2,車道劃分-分道3,事故類型及型態,性別,年齡,受傷程度,主要傷處,保護裝置,行動電話,車輛用途,當事者行動狀態,駕駛資格情形,駕駛執照種類,飲酒情形,車輛撞擊部位1,車輛撞擊部位2,肇因碼-個別,肇因碼-主要,個人肇逃否,職業,座標-X,座標-Y
113,6,27,11,15,2,11南港區,南港區南港路2段與南港路2段178巷口,0,0,1,1,C03,8,7,5,50,4,2,1,5,4,5,13,2,1,9,4,4,2,13,1,28,2,9,6,4,7,9,1,10,1,11,,108,,1,21,121.5999035,25.053435
113,6,27,11,15,2,11南港區,南港區南港路2段與南港路2段178巷口,0,0,1,2,B03,8,7,5,50,4,2,1,5,4,5,13,2,1,9,4,4,2,13,2,48,3,10,3,4,7,14,1,8,1,3,,44,,1,21,121.5999035,25.053435
113,6,27,11,15,2,11南港區,南港區南港路2段與南港路2段178巷口,0,0,1,3,B03,8,7,5,50,4,2,1,5,4,5,13,2,1,9,4,4,2,13,2,64,3,10,3,4,7,1,1,8,9,17,,19,,1,21,121.5999035,25.053435
113,6,27,11,34,2,08士林區,士林區德行西路與福華路口,0,0,1,1,B03,8,6,5,50,4,18,1,5,4,5,13,1,1,10,4,5,1,9,1,31,3,10,7,1,7,5,1,8,2,8,,70,,1,21,121.522293,25.104861
113,6,27,11,34,2,08士林區,士林區德行西路與福華路口,0,0,1,2,H01,8,6,5,50,4,18,1,5,4,5,13,1,1,10,4,5,1,9,2,81,2,9,4,5,8,16,8,20,10,16,,67,,1,21,121.522293,25.104861
113,6,27,11,41,2,12內湖區,內湖區內湖路2段466號,0,0,2,1,C03,8,6,5,50,14,9,1,5,4,5,13,4,4,9,4,5,2,16,1,72,2,7,5,1,7,11,1,10,1,12,,10,,1,21,121.5928748,25.08403395
113,6,27,11,41,2,12內湖區,內湖區內湖路2段466號,0,0,2,2,C03,8,6,5,50,14,9,1,5,4,5,13,4,4,9,4,5,2,16,2,44,2,8,5,1,7,9,1,10,1,14,,44,,1,21,121.5928748,25.08403395
113,6,27,11,48,2,12內湖區,內湖區陽光街68巷與文德路210巷30弄口,0,0,2,1,C02,8,6,5,30,4,1,1,5,4,5,13,4,4,10,5,5,2,17,1,31,2,8,5,1,7,9,1,9,1,12,,80,,1,21,121.5852404,25.07652061
113,6,27,11,48,2,12內湖區,內湖區陽光街68巷與文德路210巷30弄口,0,0,2,2,C03,8,6,5,30,4,1,1,5,4,5,13,4,4,10,5,5,2,17,1,48,2,8,5,1,7,9,1,10,1,11,,108,,1,21,121.5852404,25.07652061
113,6,27,12,1,2,04大安區,大安區市民大道3段與八德路2段口口,0,0,1,1,B03,8,6,5,40,5,1,1,5,4,5,13,2,1,1,4,5,2,16,1,44,3,10,7,1,7,6,1,8,1,2,,9,,1,21,121.5343096,25.0449134
113,6,27,12,1,2,04大安區,大安區市民大道3段與八德路2段口口,0,0,1,2,C03,8,6,5,40,5,1,1,5,4,5,13,2,1,1,4,5,2,16,1,22,2,9,5,1,7,9,1,10,1,14,,44,,1,21,121.5343096,25.0449134
113,6,27,12,2,2,09北投區,北投區中央北路4段與中央北路4段18巷口,0,0,1,1,C03,8,6,5,50,3,2,1,5,4,5,13,1,1,5,4,5,2,13,1,20,2,9,5,1,7,9,1,10,1,14,,108,,1,21,121.4784389,25.1352032
113,6,27,12,2,2,09北投區,北投區中央北路4段與中央北路4段18巷口,0,0,1,2,B03,8,6,5,50,3,2,1,5,4,5,13,1,1,5,4,5,2,13,1,34,3,10,7,1,7,14,1,8,1,6,,44,,1,21,121.4784389,25.1352032
113,6,27,12,11,2,06松山區,松山區觀山河濱公園183號車格,0,0,1,1,B11,8,6,5,30,14,9,1,5,4,5,13,4,4,10,5,5,2,17,1,42,3,10,3,4,7,2,1,3,1,8,,118,,1,21,121.5684023,25.06493629
113,6,27,12,11,2,06松山區,松山區觀山河濱公園183號車格,0,0,1,2,C02,8,6,5,30,14,9,1,5,4,5,13,4,4,10,5,5,2,17,1,83,2,8,6,1,7,9,1,9,1,12,,118,,1,21,121.5684023,25.06493629
113,6,27,12,11,2,06松山區,松山區觀山河濱公園183號車格,0,0,1,3,B03,8,6,5,30,14,9,1,5,4,5,13,4,4,10,5,5,2,17,1,39,3,10,3,4,7,13,1,8,1,4,,118,,1,21,121.5684023,25.06493629
113,6,27,12,20,2,08士林區,士林區雨聲街與雨聲街8巷口,0,0,1,1,B03,8,6,5,30,4,2,1,5,4,5,13,4,4,10,5,5,1,17,1,72,3,10,7,1,7,1,1,8,1,1,,19,,1,21,121.5293771,25.10128035
113,6,27,12,20,2,08士林區,士林區雨聲街與雨聲街8巷口,0,0,1,2,C03,8,6,5,30,4,2,1,5,4,5,13,4,4,10,5,5,1,17,1,47,2,9,5,2,7,9,1,9,1,11,,108,,1,21,121.5293771,25.10128035
113,6,27,12,20,2,12內湖區,內湖區港華街100號前,0,0,2,1,C03,8,5,5,50,14,9,1,5,4,5,13,4,4,5,5,5,1,16,1,23,2,9,3,4,7,5,1,10,1,14,,8,,1,22,121.5752545,25.08296942
113,6,27,12,20,2,12內湖區,內湖區港華街100號前,0,0,2,2,C03,8,5,5,50,14,9,1,5,4,5,13,4,4,5,5,5,1,16,2,24,2,9,3,4,7,9,1,10,1,11,,44,,1,22,121.5752545,25.08296942
113,6,27,12,50,2,01大同區,大同區重慶北路2段與保安街口,0,0,1,1,C03,8,6,5,50,4,2,1,5,4,5,13,1,1,1,4,5,2,17,1,62,2,9,6,1,7,9,1,10,1,14,,44,,1,21,121.5135547,25.0590775
113,6,27,12,50,2,01大同區,大同區重慶北路2段與保安街口,0,0,1,2,B03,8,6,5,50,4,2,1,5,4,5,13,1,1,1,4,5,2,17,2,53,3,10,7,1,7,9,1,8,1,2,,17,,1,21,121.5135547,25.0590775
113,6,27,13,1,2,07信義區,信義區松仁路往南(信義國中松仁站牌旁),0,0,1,3,C03,8,6,5,50,14,9,1,5,4,5,13,1,1,9,4,5,1,9,2,48,2,7,3,4,7,9,1,10,1,14,,44,,1,21,121.5681958,25.0287264
113,6,27,13,1,2,07信義區,信義區松仁路往南(信義國中松仁站牌旁),0,0,1,2,B01,8,6,5,50,14,9,1,5,4,5,13,1,1,9,4,5,1,9,1,57,3,10,3,4,7,14,1,4,1,2,,38,,1,21,121.5681958,25.0287264
113,6,27,13,1,2,07信義區,信義區松仁路往南(信義國中松仁站牌旁),0,0,1,1,H02,8,6,5,50,14,9,1,5,4,5,13,1,1,9,4,5,1,9,1,19,3,10,3,5,7,19,8,20,10,16,,126,,1,21,121.5681958,25.0287264
113,6,27,13,4,2,04大安區,大安區臥龍街與辛亥路3段157巷口,0,0,1,1,C03,8,7,5,40,5,1,1,5,4,5,13,2,1,4,3,4,1,16,1,45,3,10,5,1,7,5,1,10,1,11,,8,,1,21,121.551087,25.0182121
113,6,27,13,4,2,04大安區,大安區臥龍街與辛亥路3段157巷口,0,0,1,2,C03,8,7,5,40,5,1,1,5,4,5,13,2,1,4,3,4,1,16,1,35,2,9,6,1,7,9,1,10,1,11,,44,,1,22,121.551087,25.0182121
113,6,27,13,5,2,08士林區,士林區中山北路5段678號,0,0,2,1,F01,8,6,5,0,14,20,1,5,4,5,13,4,4,10,5,5,2,9,2,22,2,8,4,1,7,9,8,20,2,11,,42,,1,22,121.5277506,25.0970406
113,6,27,13,5,2,08士林區,士林區中山北路5段678號,0,0,2,2,H01,8,6,5,0,14,20,1,5,4,5,13,4,4,10,5,5,2,9,2,71,2,9,4,5,8,16,8,20,10,16,,67,,1,22,121.5277506,25.0970406
113,6,27,13,33,2,03中山區,中山區市民大道2段與長安東路1段30巷口,0,0,1,1,B01,8,5,5,40,3,1,1,5,4,5,13,1,1,1,4,5,2,16,1,52,3,10,3,4,7,6,1,4,1,6,,9,,1,21,121.5260793,25.04760576
113,6,27,13,33,2,03中山區,中山區市民大道2段與長安東路1段30巷口,0,0,1,2,C03,8,5,5,40,3,1,1,5,4,5,13,1,1,1,4,5,2,16,2,35,2,8,3,4,7,9,1,10,1,11,,13,,1,21,121.5260793,25.04760576
113,6,27,13,38,2,08士林區,士林區延平北路5段與中正路口,0,0,2,1,C03,8,6,5,50,4,1,1,5,4,5,13,2,1,9,4,5,1,16,1,67,2,7,5,1,7,5,1,10,1,14,,8,,1,21,121.5093391,25.08667826
113,6,27,13,38,2,08士林區,士林區延平北路5段與中正路口,0,0,2,2,C03,8,6,5,50,4,1,1,5,4,5,13,2,1,9,4,5,1,16,2,27,2,9,5,1,7,9,1,10,1,12,,44,,1,21,121.5093391,25.08667826
113,6,27,13,40,2,09北投區,北投區石牌路2段與裕民一路口,0,0,1,1,B03,8,6,5,50,4,1,1,5,4,5,13,1,1,9,4,5,2,12,1,65,3,10,7,1,7,9,1,8,1,2,,17,,1,21,121.5162818,25.1168343
113,6,27,13,40,2,09北投區,北投區石牌路2段與裕民一路口,0,0,1,2,C03,8,6,5,50,4,1,1,5,4,5,13,1,1,9,4,5,2,12,1,42,2,9,5,1,7,9,6,18,1,14,,17,,1,21,121.5162818,25.1168343
113,6,27,14,0,2,10文山區,文山區興隆路3段36巷與興隆路3段36巷16弄口,0,0,1,1,C03,8,6,5,30,3,1,1,5,4,5,13,3,1,9,5,5,2,18,1,21,2,9,6,1,7,10,1,10,11,17,,101,,1,25,121.5550135,24.9995663
113,6,27,14,0,2,10文山區,文山區興隆路3段36巷與興隆路3段36巷16弄口,0,0,1,3,B12,8,6,5,30,3,1,1,5,4,5,13,3,1,9,5,5,2,18,1,43,3,10,7,1,7,9,1,8,11,17,,44,,2,26,121.5550135,24.9995663
113,6,27,14,0,2,10文山區,文山區興隆路3段36巷與興隆路3段36巷16弄口,0,0,1,2,,8,6,5,30,3,1,1,5,4,5,13,3,1,9,5,5,2,18,3,0,,,,,,,,,,,,67,,1,,121.5550135,24.9995663
113,6,27,14,32,2,05中正區,中正區林森北路與北平東路口,0,0,1,1,C03,8,5,6,50,4,2,1,5,4,5,13,1,1,5,4,5,2,12,1,62,2,9,5,1,7,7,1,10,2,14,,100,,1,21,121.5237271,25.0462396
113,6,27,14,32,2,05中正區,中正區林森北路與北平東路口,0,0,1,2,B01,8,5,6,50,4,2,1,5,4,5,13,1,1,5,4,5,2,12,1,48,3,10,7,1,7,9,1,8,2,2,,44,,1,21,121.5237271,25.0462396
113,6,27,14,32,2,05中正區,中正區林森北路與北平東路口,0,0,1,3,B03,8,5,6,50,4,2,1,5,4,5,13,1,1,5,4,5,2,12,1,40,3,10,7,1,7,9,1,8,2,4,,44,,1,21,121.5237271,25.0462396
113,6,27,14,54,2,01大同區,大同區延平北路2段與民生西路口,0,0,1,1,B03,7,5,5,50,4,2,1,5,4,5,13,2,1,5,4,5,2,12,1,55,3,10,3,4,7,15,1,10,1,5,,100,,1,21,121.5114353,25.0569941
113,6,27,14,54,2,01大同區,大同區延平北路2段與民生西路口,0,0,1,2,C03,7,5,5,50,4,2,1,5,4,5,13,2,1,5,4,5,2,12,2,27,2,9,3,4,7,9,1,10,1,14,,44,,1,21,121.5114353,25.0569941
113,6,27,15,0,2,07信義區,信義區基隆路2段39巷與吳興街50巷口口,0,0,2,1,C03,8,6,8,30,22,22,1,5,4,5,13,4,4,5,5,5,2,17,1,29,2,9,6,1,7,9,1,10,1,12,,80,,1,22,121.5595661,25.0306171
113,6,27,15,0,2,07信義區,信義區基隆路2段39巷與吳興街50巷口口,0,0,2,2,C03,8,6,8,30,22,22,1,5,4,5,13,4,4,5,5,5,2,17,1,43,2,9,6,1,7,9,1,10,1,11,,44,,1,21,121.5595661,25.0306171
113,6,27,15,4,2,10文山區,文山區木新路2段與恆光街口口,0,0,1,1,B12,8,6,5,50,4,1,1,5,4,5,13,2,1,10,5,5,2,17,1,50,3,10,7,1,7,5,1,8,1,2,,8,,1,21,121.5667154,24.98326573
113,6,27,15,4,2,10文山區,文山區木新路2段與恆光街口口,0,0,1,2,C03,8,6,5,50,4,1,1,5,4,5,13,2,1,10,5,5,2,17,1,22,2,9,5,1,7,9,1,10,1,11,,44,,1,21,121.5667154,24.98326573
113,6,27,15,5,2,05中正區,中正區忠孝東路1段與天津街口,0,0,2,1,C03,8,6,5,50,4,1,1,5,4,5,13,1,1,1,4,5,2,17,2,18,2,9,6,1,7,9,1,10,2,11,,44,,1,21,121.5218084,25.0452999
113,6,27,15,5,2,05中正區,中正區忠孝東路1段與天津街口,0,0,2,2,C03,8,6,5,50,4,1,1,5,4,5,13,1,1,1,4,5,2,17,1,50,2,9,6,1,7,6,1,10,2,13,,44,,1,21,121.5218084,25.0452999
113,6,27,15,11,2,08士林區,士林區承德路4段97號,0,0,1,1,C03,8,5,5,50,14,9,1,5,4,5,13,1,1,1,2,4,2,12,1,53,3,10,6,1,7,9,1,10,2,11,,16,,1,21,121.5235902,25.0837602
113,6,27,15,11,2,08士林區,士林區承德路4段97號,0,0,1,2,C03,8,5,5,50,14,9,1,5,4,5,13,1,1,1,2,4,2,12,1,42,2,9,6,1,7,12,1,10,2,13,,42,,1,21,121.5235902,25.0837602
113,6,27,15,11,2,08士林區,士林區承德路4段97號,0,0,1,3,B03,8,5,5,50,14,9,1,5,4,5,13,1,1,1,2,4,2,12,1,68,3,10,7,1,7,7,1,8,2,4,,100,,1,21,121.5235902,25.0837602
113,6,27,15,30,2,04大安區,大安區和平東路1段與麗水街口,0,0,1,1,B01,7,5,5,50,3,1,1,5,4,5,13,4,4,3,3,4,2,16,1,26,3,10,7,1,7,6,6,4,1,2,,9,,1,21,121.5280019,25.0267641
113,6,27,15,30,2,04大安區,大安區和平東路1段與麗水街口,0,0,1,2,C03,7,5,5,50,3,1,1,5,4,5,13,4,4,3,3,4,2,16,1,61,2,9,6,1,7,9,1,10,1,11,,44,,1,21,121.5280019,25.0267641
113,6,27,15,31,2,06松山區,松山區市民大道4段與八德路3段106巷口,0,0,1,1,B03,8,7,5,40,4,1,1,5,4,5,13,2,1,1,4,5,2,16,2,68,3,10,7,1,7,15,1,8,1,2,,9,,1,26,121.554281,25.0445722
113,6,27,15,31,2,06松山區,松山區市民大道4段與八德路3段106巷口,0,0,1,2,C03,8,7,5,40,4,1,1,5,4,5,13,2,1,1,4,5,2,16,2,24,2,9,5,1,7,9,1,10,1,14,,44,,1,26,121.554281,25.0445722
113,6,27,15,35,2,07信義區,信義區信義路5段與松智路口,0,0,1,1,B03,8,7,5,50,4,2,1,5,4,5,13,2,1,1,4,5,2,12,2,30,3,10,3,4,7,9,1,8,1,2,,44,,1,21,121.565587,25.0329735
113,6,27,15,35,2,07信義區,信義區信義路5段與松智路口,0,0,1,2,C03,8,7,5,50,4,2,1,5,4,5,13,2,1,1,4,5,2,12,1,52,2,9,3,4,7,9,1,10,1,14,,101,,1,21,121.565587,25.0329735
113,6,27,15,37,2,11南港區,南港區南港路3段與南港路3段149巷口,0,0,1,1,C03,8,5,5,50,3,1,1,5,4,5,13,2,1,5,4,5,2,16,1,18,3,10,6,4,7,6,1,10,1,12,,9,,1,21,121.5842341,25.0521986
113,6,27,15,37,2,11南港區,南港區南港路3段與南港路3段149巷口,0,0,1,2,C03,8,5,5,50,3,1,1,5,4,5,13,2,1,5,4,5,2,16,2,58,2,9,6,1,7,9,3,18,1,11,,108,,1,21,121.5842341,25.0521986
113,6,27,16,20,2,08士林區,士林區中山北路5段與中正路口,0,0,1,1,B03,7,5,5,50,4,2,1,5,4,5,13,1,1,5,4,5,2,17,1,18,3,10,7,1,7,6,1,8,1,5,,9,,1,22,121.5277499,25.0959017
113,6,27,16,20,2,08士林區,士林區中山北路5段與中正路口,0,0,1,2,C03,7,5,5,50,4,2,1,5,4,5,13,1,1,5,4,5,2,17,2,49,2,8,6,1,7,9,3,18,1,14,,108,,1,22,121.5277499,25.0959017
113,6,27,16,40,2,08士林區,士林區社子街24號,0,0,2,1,C03,8,6,5,50,14,9,1,5,4,5,13,4,4,9,4,5,1,16,1,58,2,8,3,4,7,11,1,10,1,14,,10,,1,22,121.5080199,25.0875223
113,6,27,16,40,2,08士林區,士林區社子街24號,0,0,2,2,C03,8,6,5,50,14,9,1,5,4,5,13,4,4,9,4,5,1,16,1,41,2,8,3,4,7,9,1,10,1,11,,44,,1,22,121.5080199,25.0875223
113,6,27,16,50,2,08士林區,士林區延平北路6段308號,0,0,3,1,H01,7,6,5,40,14,8,1,5,4,5,13,1,1,1,4,4,1,3,1,47,2,7,4,5,8,16,8,20,10,16,,121,,1,21,121.5019264,25.0899546
113,6,27,16,50,2,08士林區,士林區延平北路6段308號,0,0,3,2,C03,7,6,5,40,14,8,1,5,4,5,13,1,1,1,4,4,1,3,1,24,2,9,3,4,7,9,1,10,1,11,,108,,1,21,121.5019264,25.0899546
113,6,27,16,50,2,08士林區,士林區延平北路6段308號,0,0,3,3,H02,7,6,5,40,14,8,1,5,4,5,13,1,1,1,4,4,1,3,1,6,2,7,3,5,7,21,8,20,10,16,,67,,1,21,121.5019264,25.0899546
113,6,27,16,51,2,01大同區,大同區鄭州路145號,0,0,1,1,C03,7,5,5,40,14,9,1,5,4,5,13,4,4,1,4,5,2,17,1,69,2,9,3,4,7,8,1,10,1,14,,100,,1,21,121.5094895,25.0503986
113,6,27,16,51,2,01大同區,大同區鄭州路145號,0,0,1,3,B03,7,5,5,40,14,9,1,5,4,5,13,4,4,1,4,5,2,17,1,39,3,10,3,4,7,9,1,8,1,4,,44,,1,21,121.5094895,25.0503986
113,6,27,16,51,2,01大同區,大同區鄭州路145號,0,0,1,2,B02,7,5,5,40,14,9,1,5,4,5,13,4,4,1,4,5,2,17,1,52,3,10,3,4,7,9,1,4,11,2,,42,,2,21,121.5094895,25.0503986
113,6,27,17,5,2,12內湖區,內湖區堤外便道五分疏散門,0,0,2,1,B12,8,6,5,50,14,9,1,5,4,5,13,4,4,5,5,5,2,17,1,30,3,10,7,1,7,4,1,8,1,2,,17,,1,21,121.6138587,25.06537483
113,6,27,17,5,2,12內湖區,內湖區堤外便道五分疏散門,0,0,2,2,C03,8,6,5,50,14,9,1,5,4,5,13,4,4,5,5,5,2,17,2,73,2,9,6,1,7,9,3,18,1,14,,44,,1,21,121.6138587,25.06537483
113,6,27,17,5,2,12內湖區,內湖區堤外便道五分疏散門,0,0,2,3,C03,8,6,5,50,14,9,1,5,4,5,13,4,4,5,5,5,2,17,1,21,2,9,6,1,7,9,1,10,1,11,,16,,1,21,121.6138587,25.06537483
113,6,27,17,16,2,08士林區,士林區士商路139號,0,0,2,1,C03,8,5,5,50,14,9,1,5,4,5,13,4,4,5,5,5,2,16,2,41,2,9,6,1,7,6,1,10,1,13,,9,,1,21,121.5176631,25.0937008
113,6,27,17,16,2,08士林區,士林區士商路139號,0,0,2,2,C03,8,5,5,50,14,9,1,5,4,5,13,4,4,5,5,5,2,16,1,19,2,8,6,1,7,9,1,10,1,11,,13,,1,21,121.5176631,25.0937008
113,6,27,17,20,2,09北投區,北投區軟橋街與文林北路5巷口,0,0,1,1,C03,8,7,5,50,3,1,1,5,4,5,13,4,4,5,4,5,2,17,1,22,2,9,3,4,7,10,1,10,1,14,,101,,1,21,121.5171665,25.1000432
113,6,27,17,20,2,09北投區,北投區軟橋街與文林北路5巷口,0,0,1,2,B12,8,7,5,50,3,1,1,5,4,5,13,4,4,5,4,5,2,17,1,34,3,10,3,4,7,5,1,8,1,17,,8,,1,21,121.5171665,25.1000432
113,6,27,17,25,2,03中山區,中山區中山北路3段51-2號,0,0,1,1,B03,8,6,5,50,14,8,1,5,4,5,13,4,4,4,4,1,2,12,2,39,3,10,7,1,7,8,1,8,1,2,,100,,1,21,121.5226947,25.0676898
113,6,27,17,25,2,03中山區,中山區中山北路3段51-2號,0,0,1,2,C03,8,6,5,50,14,8,1,5,4,5,13,4,4,4,4,1,2,12,1,20,2,9,5,1,7,9,1,10,1,14,,44,,1,21,121.5226947,25.0676898
113,6,27,18,15,2,03中山區,中山區長安東路2段與遼寧街口,0,0,1,1,C03,8,7,5,50,4,2,1,5,4,5,13,2,1,5,4,5,2,13,1,63,3,10,6,4,7,6,1,10,1,11,,16,,1,21,121.5421002,25.04841734
113,6,27,18,15,2,03中山區,中山區長安東路2段與遼寧街口,0,0,1,2,C03,8,7,5,50,4,2,1,5,4,5,13,2,1,5,4,5,2,13,1,38,2,2,6,4,7,6,1,9,1,13,,44,,1,21,121.5421002,25.04841734
113,6,27,18,54,2,03中山區,中山區朱崙街與長安東路2段201巷口,0,0,1,1,C03,8,5,5,50,4,1,1,5,4,5,13,4,4,5,2,5,2,9,1,58,3,10,5,1,7,9,1,10,1,11,,42,,1,21,121.5433695,25.04996591
113,6,27,18,54,2,03中山區,中山區朱崙街與長安東路2段201巷口,0,0,1,2,H01,8,5,5,50,4,1,1,5,4,5,13,4,4,5,2,5,2,9,2,32,2,9,4,5,8,16,8,20,1,16,,67,,1,21,121.5433695,25.04996591
113,6,27,19,25,2,03中山區,中山區民生東路3段與合江街口,0,0,3,1,C04,8,5,5,50,4,2,1,5,4,5,13,1,1,1,3,5,1,12,1,20,2,8,5,1,7,9,1,10,1,14,,44,,1,21,121.5391572,25.05778566
113,6,27,19,25,2,03中山區,中山區民生東路3段與合江街口,0,0,3,2,C03,8,5,5,50,4,2,1,5,4,5,13,1,1,1,3,5,1,12,2,51,2,9,5,1,7,8,1,10,1,12,,100,,1,21,121.5391572,25.05778566
113,6,27,19,25,2,03中山區,中山區民生東路3段與合江街口,0,0,3,3,H02,8,5,5,50,4,2,1,5,4,5,13,1,1,1,3,5,1,12,2,20,2,7,5,5,7,17,8,20,10,16,,67,,1,21,121.5391572,25.05778566
113,6,27,19,32,2,01大同區,大同區酒泉街與重慶北路3段口,0,0,1,1,B03,7,5,5,50,4,1,1,5,4,5,13,2,1,5,2,5,2,17,2,76,3,10,7,4,7,5,1,8,1,5,,71,,1,21,121.5148382,25.0721405
113,6,27,19,32,2,01大同區,大同區酒泉街與重慶北路3段口,0,0,1,2,F03,7,5,5,50,4,1,1,5,4,5,13,2,1,5,2,5,2,17,2,42,2,9,4,4,7,10,8,20,1,11,,44,,1,21,121.5148382,25.0721405
113,6,27,19,57,2,10文山區,文山區景福街126號,0,0,1,1,B03,8,5,5,30,14,9,1,5,4,5,13,4,4,9,5,5,2,3,1,72,3,10,7,1,7,9,1,8,2,1,,107,,1,21,121.536099,24.9957536
113,6,27,19,57,2,10文山區,文山區景福街126號,0,0,1,2,H01,8,5,5,30,14,9,1,5,4,5,13,4,4,9,5,5,2,3,1,86,2,9,4,5,8,16,8,20,10,16,,121,,1,21,121.536099,24.9957536
113,6,27,20,22,2,02萬華區,萬華區中華路1段與中華路1段192巷口,0,0,1,1,B01,7,5,5,50,3,2,1,5,4,5,13,4,4,1,4,1,2,13,1,61,3,10,7,1,7,9,1,4,1,2,,16,,1,21,121.5070856,25.0387126
113,6,27,20,22,2,02萬華區,萬華區中華路1段與中華路1段192巷口,0,0,1,2,C03,7,5,5,50,3,2,1,5,4,5,13,4,4,1,4,1,2,13,1,50,3,10,6,1,7,9,1,10,1,15,,44,,1,21,121.5070856,25.0387126
113,6,27,20,22,2,02萬華區,萬華區中華路1段與中華路1段192巷口,0,0,1,3,H02,7,5,5,50,3,2,1,5,4,5,13,4,4,1,4,1,2,13,2,42,2,9,6,5,7,17,8,20,10,17,,67,,1,21,121.5070856,25.0387126
113,6,27,20,50,2,05中正區,中正區羅斯福路4段110號,0,0,2,1,C03,8,5,5,50,14,9,1,5,4,3,13,4,4,3,4,5,2,13,2,28,2,8,5,1,7,9,1,10,8,11,,21,,1,21,121.5354355,25.0135317
113,6,27,20,50,2,05中正區,中正區羅斯福路4段110號,0,0,2,2,F01,8,5,5,50,14,9,1,5,4,3,13,4,4,3,4,5,2,13,1,76,2,8,4,1,7,9,8,20,2,13,,27,,1,21,121.5354355,25.0135317
113,6,27,20,50,2,05中正區,中正區羅斯福路4段110號,0,0,2,3,B03,8,5,5,50,14,9,1,5,4,3,13,4,4,3,4,5,2,13,2,67,3,10,7,1,7,14,1,8,2,4,,38,,1,21,121.5354355,25.0135317
113,6,27,21,13,2,04大安區,大安區文昌街153號,0,0,1,1,B03,8,5,5,30,14,9,1,5,4,5,13,4,4,10,5,5,2,16,1,38,3,10,7,4,7,6,1,8,1,5,,9,,1,21,121.5529351,25.032594
113,6,27,21,13,2,04大安區,大安區文昌街153號,0,0,1,2,C03,8,5,5,30,14,9,1,5,4,5,13,4,4,10,5,5,2,16,2,21,2,7,6,4,7,9,1,10,1,14,,44,,1,21,121.5529351,25.032594
113,6,27,21,18,2,03中山區,中山區中山北路2段27巷與南京東路1段13巷口,0,0,1,1,C03,7,5,5,30,4,2,1,5,4,5,13,4,4,10,5,5,2,15,2,37,2,9,3,4,7,9,1,10,1,14,,44,,1,21,121.5236668,25.05318272
113,6,27,21,18,2,03中山區,中山區中山北路2段27巷與南京東路1段13巷口,0,0,1,2,B03,7,5,5,30,4,2,1,5,4,5,13,4,4,10,5,5,2,15,1,23,3,10,3,4,7,9,1,8,1,1,,44,,1,21,121.5236668,25.05318272
113,6,27,21,28,2,02萬華區,萬華區西寧南路與西寧南路50巷口,0,0,2,1,C03,8,5,5,50,4,1,1,5,4,5,13,4,4,10,5,5,2,15,1,25,3,10,5,1,7,9,3,18,9,14,,4,,1,26,121.5064006,25.04427956
113,6,27,21,28,2,02萬華區,萬華區西寧南路與西寧南路50巷口,0,0,2,2,C03,8,5,5,50,4,1,1,5,4,5,13,4,4,10,5,5,2,15,2,38,2,9,6,1,7,9,1,10,9,11,,44,,1,26,121.5064006,25.04427956
113,6,27,21,28,2,02萬華區,萬華區西寧南路與西寧南路50巷口,0,0,2,3,H02,8,5,5,50,4,1,1,5,4,5,13,4,4,10,5,5,2,15,2,23,2,8,6,5,7,20,8,20,10,16,,67,,1,26,121.5064006,25.04427956
113,6,27,21,47,2,03中山區,中山區中山北路2段111號,0,0,2,1,C03,8,5,5,50,14,8,1,5,4,5,13,1,1,1,3,1,2,13,1,39,2,8,5,1,7,9,1,10,2,14,,16,,1,21,121.5230546,25.0601087
113,6,27,21,47,2,03中山區,中山區中山北路2段111號,0,0,2,2,C03,8,5,5,50,14,8,1,5,4,5,13,1,1,1,3,1,2,13,1,19,2,7,5,1,7,9,1,10,2,12,,14,,1,21,121.5230546,25.0601087
113,6,27,21,53,2,02萬華區,萬華區西園路1段與桂林路口,0,0,2,1,C03,7,5,5,50,4,2,1,5,4,5,13,2,1,5,4,4,2,13,1,21,2,9,6,1,7,9,1,10,1,11,,16,,1,21,121.4999929,25.038488
113,6,27,21,53,2,02萬華區,萬華區西園路1段與桂林路口,0,0,2,2,C03,7,5,5,50,4,2,1,5,4,5,13,2,1,5,4,4,2,13,2,23,2,9,6,1,7,9,1,10,1,13,,44,,1,21,121.4999929,25.038488
113,6,27,21,53,2,02萬華區,萬華區西園路1段與桂林路口,0,0,2,3,C03,7,5,5,50,4,2,1,5,4,5,13,2,1,5,4,4,2,13,3,0,,,,,,,,,11,,,101,,,,121.4999929,25.038488
113,6,27,21,54,2,11南港區,南港區市民大道8段與南港路2段41巷口,0,0,1,1,C03,8,5,5,50,4,1,1,5,4,5,13,2,1,1,3,5,2,16,2,25,2,9,6,1,7,5,1,10,1,14,,71,,1,22,121.6036602,25.05301558
113,6,27,21,54,2,11南港區,南港區市民大道8段與南港路2段41巷口,0,0,1,2,B03,8,5,5,50,4,1,1,5,4,5,13,2,1,1,3,5,2,16,1,41,3,10,7,1,7,9,1,8,1,5,,44,,1,22,121.6036602,25.05301558