發生年度,發生月,發生日,發生時-Hours,發生分,處理別-編號,區序,肇事地點,死亡人數,2-30日死亡人數,受傷人數,當事人序號,車種,天候,道路照明設備,道路類別,速限-速度限制,道路型態,事故位置,路面狀況1,路面狀況2,路面狀況3,道路障礙1,道路障礙2,號誌1,號誌2,車道劃分-分向,車道劃分-分道1,車道劃分-分道2,車道劃分-分道3,事故類型及型態,性別,年齡,受傷程度,主要傷處,保護裝置,行動電話,車輛用途,當事者行動狀態,駕駛資格情形,駕駛執照種類,飲酒情形,車輛撞擊部位1,車輛撞擊部位2,肇因碼-個別,肇因碼-主要,個人肇逃否,職業,座標-X,座標-Y
113,6,27,22,30,2,12內湖區,內湖區成功橋下橋處,0,0,1,1,C03,8,5,5,50,4,1,1,5,4,5,13,2,1,1,4,5,2,17,1,26,3,10,6,1,7,6,1,10,2,13,,42,,1,21,121.5912917,25.0605727
113,6,27,22,30,2,12內湖區,內湖區成功橋下橋處,0,0,1,2,C03,8,5,5,50,4,1,1,5,4,5,13,2,1,1,4,5,2,17,1,42,2,8,6,1,7,5,1,10,2,11,,108,,1,21,121.5912917,25.0605727
113,6,27,22,41,2,05中正區,中正區公園路台北市立大學側門,0,0,1,1,B03,8,5,5,50,14,9,1,5,4,5,13,4,4,4,4,5,2,17,1,59,4,11,3,4,7,15,7,19,11,15,,108,,2,22,121.51502,25.03709684
113,6,27,22,41,2,05中正區,中正區公園路台北市立大學側門,0,0,1,2,C03,8,5,5,50,14,9,1,5,4,5,13,4,4,4,4,5,2,17,1,22,2,6,3,1,7,13,1,10,1,13,,38,,1,21,121.51502,25.03709684
113,6,27,23,57,2,04大安區,大安區和平東路2段與和平東路2段175巷口,0,0,2,1,C03,8,5,5,50,3,1,1,5,4,5,13,2,2,10,4,4,2,15,1,37,2,9,3,4,7,9,1,10,2,11,,44,,1,21,121.5417772,25.0250774
113,6,27,23,57,2,04大安區,大安區和平東路2段與和平東路2段175巷口,0,0,2,2,C03,8,5,5,50,3,1,1,5,4,5,13,2,2,10,4,4,2,15,1,35,2,9,3,4,7,9,1,10,2,11,,44,,1,21,121.5417772,25.0250774
113,6,28,0,30,2,03中山區,中山區林森北路與民權東路1段口,0,0,1,1,C03,8,5,5,50,4,1,1,5,4,5,13,2,1,7,2,5,2,17,1,21,3,10,5,1,7,5,1,10,1,12,,8,,1,21,121.525612,25.0624324
113,6,28,0,30,2,03中山區,中山區林森北路與民權東路1段口,0,0,1,2,B03,8,5,5,50,4,1,1,5,4,5,13,2,1,7,2,5,2,17,2,21,3,10,7,1,7,11,1,8,1,4,,10,,1,21,121.525612,25.0624324
113,6,28,0,30,2,03中山區,中山區林森北路與民權東路1段口,0,0,1,3,H02,8,5,5,50,4,1,1,5,4,5,13,2,1,7,2,5,2,17,2,21,2,9,4,5,7,20,8,20,10,16,,67,,1,21,121.525612,25.0624324
113,6,28,0,56,2,03中山區,中山區市民大道3段與建國南路1段口,0,0,1,1,B03,8,5,5,40,4,1,1,5,4,5,13,2,1,7,2,5,2,17,1,53,3,10,7,1,7,7,1,8,1,4,,100,,1,21,121.5366117,25.0448328
113,6,28,0,56,2,03中山區,中山區市民大道3段與建國南路1段口,0,0,1,2,C03,8,5,5,40,4,1,1,5,4,5,13,2,1,7,2,5,2,17,1,34,2,9,5,1,7,9,1,10,1,12,,13,,1,21,121.5366117,25.0448328
113,6,28,1,59,2,02萬華區,萬華區西園路1段240號對面,0,0,1,1,C03,7,5,5,50,14,8,1,5,4,4,13,4,4,10,3,4,2,17,1,29,2,9,5,1,7,9,1,10,2,11,,44,,1,21,121.4989788,25.0346361
113,6,28,1,59,2,02萬華區,萬華區西園路1段240號對面,0,0,1,2,B12,7,5,5,50,14,8,1,5,4,4,13,4,4,10,3,4,2,17,1,75,4,11,3,4,7,21,7,19,11,15,,30,,1,22,121.4989788,25.0346361
113,6,28,5,26,2,02萬華區,萬華區堤外便道(越堤坡道旁),0,0,1,2,C03,8,7,5,50,14,9,1,5,4,5,13,4,4,1,5,5,2,17,1,52,2,9,5,1,7,9,1,10,1,11,,44,,1,21,121.4980295,25.01612608
113,6,28,5,26,2,02萬華區,萬華區堤外便道(越堤坡道旁),0,0,1,1,C03,8,7,5,50,14,9,1,5,4,5,13,4,4,1,5,5,2,17,1,45,4,11,3,4,7,12,7,19,11,15,,44,,2,22,121.4980295,25.01612608
113,6,28,5,31,2,04大安區,大安區復興南路2段151巷49號,0,0,1,1,B01,8,6,5,50,14,9,1,5,4,5,13,4,4,9,4,5,1,14,1,63,3,10,3,4,7,2,1,4,1,6,,12,,1,21,121.5457138,25.028284
113,6,28,5,31,2,04大安區,大安區復興南路2段151巷49號,0,0,1,2,C03,8,6,5,50,14,9,1,5,4,5,13,4,4,9,4,5,1,14,1,63,2,9,5,1,7,9,1,10,1,11,,108,,1,21,121.5457138,25.028284
113,6,28,6,25,2,01大同區,大同區台北橋機慢車道,0,0,3,1,C03,8,6,5,40,8,11,1,5,4,2,13,4,4,3,5,5,2,17,2,64,3,10,5,4,7,9,1,10,1,17,,30,,1,21,121.5077239,25.0634916
113,6,28,6,25,2,01大同區,大同區台北橋機慢車道,0,0,3,2,C04,8,6,5,40,8,11,1,5,4,2,13,4,4,3,5,5,2,17,2,64,2,9,5,4,7,9,1,8,1,14,,44,,1,21,121.5077239,25.0634916
113,6,28,6,25,2,01大同區,大同區台北橋機慢車道,0,0,3,3,C03,8,6,5,40,8,11,1,5,4,2,13,4,4,3,5,5,2,17,2,47,2,9,5,4,7,9,1,10,1,13,,108,,1,21,121.5077239,25.0634916
113,6,28,6,25,2,01大同區,大同區台北橋機慢車道,0,0,3,4,C03,8,6,5,40,8,11,1,5,4,2,13,4,4,3,5,5,2,17,1,44,2,9,5,4,7,9,3,18,1,11,,44,,1,21,121.5077239,25.0634916
113,6,28,7,46,2,02萬華區,萬華區艋舺大道與西園路1段口,0,0,1,1,C03,8,6,6,50,4,2,1,5,4,5,13,2,1,1,2,5,2,12,1,25,2,9,6,1,7,9,1,10,1,11,,108,,1,21,121.4980352,25.0333731
113,6,28,7,46,2,02萬華區,萬華區艋舺大道與西園路1段口,0,0,1,2,B03,8,6,6,50,4,2,1,5,4,5,13,2,1,1,2,5,2,12,2,38,3,10,7,1,7,9,1,8,1,7,,44,,1,21,121.4980352,25.0333731
113,6,28,7,54,2,02萬華區,萬華區華中橋機車道（近燈桿7010472）,0,0,2,1,C03,8,6,5,40,8,11,1,5,4,5,13,4,4,1,2,1,2,12,2,27,2,9,6,1,7,9,1,10,1,14,,17,,1,22,121.4952935,25.0122376
113,6,28,7,54,2,02萬華區,萬華區華中橋機車道（近燈桿7010472）,0,0,2,2,C03,8,6,5,40,8,11,1,5,4,5,13,4,4,1,2,1,2,12,2,73,2,9,6,2,7,8,1,10,1,12,,100,,1,22,121.4952935,25.0122376
113,6,28,7,54,2,02萬華區,萬華區華中橋機車道（近燈桿7010472）,0,0,2,3,C03,8,6,5,40,8,11,1,5,4,5,13,4,4,1,2,1,2,12,1,46,3,10,6,1,7,9,1,10,1,11,,16,,1,22,121.4952935,25.0122376
113,6,28,8,0,2,03中山區,中山區松江路133巷與南京東路2段115巷口,0,0,1,1,C04,8,7,5,30,4,1,1,5,4,5,13,4,4,9,5,5,2,15,1,51,2,9,5,1,7,9,1,10,2,11,,108,,1,21,121.5336509,25.0543669
113,6,28,8,0,2,03中山區,中山區松江路133巷與南京東路2段115巷口,0,0,1,2,B03,8,7,5,30,4,1,1,5,4,5,13,4,4,9,5,5,2,15,1,40,3,10,7,1,7,9,1,8,2,8,,99,,1,21,121.5336509,25.0543669
113,6,28,8,2,2,07信義區,信義區忠孝東路5段509號,0,0,1,1,B12,8,7,5,50,14,9,1,5,4,5,13,4,4,10,5,5,2,17,1,55,3,10,7,1,7,1,1,8,1,4,,19,,1,21,121.5788821,25.0414443
113,6,28,8,2,2,07信義區,信義區忠孝東路5段509號,0,0,1,2,C03,8,7,5,50,14,9,1,5,4,5,13,4,4,10,5,5,2,17,1,61,2,9,5,1,7,15,1,10,1,11,,107,,1,21,121.5788821,25.0414443
113,6,28,8,5,2,01大同區,大同區大稻埕堤外便道(5號水門停車場),0,0,2,1,C03,8,6,5,40,14,9,1,5,4,5,13,4,4,10,5,5,2,17,2,22,2,9,5,1,7,5,1,10,1,14,,8,,1,21,121.5079561,25.05647008
113,6,28,8,5,2,01大同區,大同區大稻埕堤外便道(5號水門停車場),0,0,2,2,C03,8,6,5,40,14,9,1,5,4,5,13,4,4,10,5,5,2,17,1,43,2,9,5,1,7,9,1,10,1,11,,44,,1,21,121.5079561,25.05647008
113,6,28,8,5,2,01大同區,大同區大稻埕堤外便道(5號水門停車場),0,0,2,3,C03,8,6,5,40,14,9,1,5,4,5,13,4,4,10,5,5,2,17,2,18,3,10,3,4,7,21,1,10,11,14,,44,,1,21,121.5079561,25.05647008
113,6,28,8,5,2,01大同區,大同區大稻埕堤外便道(5號水門停車場),0,0,2,4,C03,8,6,5,40,14,9,1,5,4,5,13,4,4,10,5,5,2,17,2,20,3,10,3,4,7,21,1,10,11,14,,44,,1,21,121.5079561,25.05647008
113,6,28,8,5,2,01大同區,大同區大稻埕堤外便道(5號水門停車場),0,0,2,5,C03,8,6,5,40,14,9,1,5,4,5,13,4,4,10,5,5,2,17,2,21,3,10,3,4,7,21,1,10,11,14,,44,,1,21,121.5079561,25.05647008
113,6,28,8,7,2,06松山區,松山區民權大橋西往東(橋中央),0,0,2,1,C03,8,7,5,30,8,11,1,5,4,5,13,4,4,1,4,5,2,13,2,46,2,9,6,4,7,9,1,10,1,11,,16,,1,21,121.5698627,25.0639331
113,6,28,8,7,2,06松山區,松山區民權大橋西往東(橋中央),0,0,2,2,C03,8,7,5,30,8,11,1,5,4,5,13,4,4,1,4,5,2,13,2,42,2,8,6,4,7,9,1,10,1,13,,44,,1,21,121.5698627,25.0639331
113,6,28,8,39,2,02萬華區,萬華區環河南路1段17號,0,0,1,1,C04,8,6,5,50,14,9,1,5,4,5,13,4,4,5,4,5,1,17,2,47,3,10,3,4,7,7,1,10,9,15,,100,,1,21,121.5046759,25.0474092
113,6,28,8,39,2,02萬華區,萬華區環河南路1段17號,0,0,1,2,C03,8,6,5,50,14,9,1,5,4,5,13,4,4,5,4,5,1,17,2,26,2,9,3,4,7,9,1,10,1,15,,44,,1,21,121.5046759,25.0474092
113,6,28,8,45,2,01大同區,大同區貴德街與西寧北路86巷口,0,0,2,1,C03,8,6,5,30,5,1,1,5,4,5,13,4,4,9,4,5,2,15,1,53,2,9,6,4,7,9,1,10,1,12,,75,,1,22,121.5083645,25.0552344
113,6,28,8,45,2,01大同區,大同區貴德街與西寧北路86巷口,0,0,2,2,C03,8,6,5,30,5,1,1,5,4,5,13,4,4,9,4,5,2,15,1,61,2,9,6,4,7,9,1,10,1,11,,44,,1,22,121.5083645,25.0552344
113,6,28,8,55,2,03中山區,中山區長安東路2段與龍江路口,0,0,1,1,C03,8,6,5,50,3,1,1,5,4,5,13,2,1,8,3,5,1,17,1,32,3,10,5,1,7,9,1,10,1,11,,81,,1,21,121.540374,25.048359
113,6,28,8,55,2,03中山區,中山區長安東路2段與龍江路口,0,0,1,2,F01,8,6,5,50,3,1,1,5,4,5,13,2,1,8,3,5,1,17,1,20,2,9,2,1,7,9,8,20,1,11,,44,,1,21,121.540374,25.048359
113,6,28,8,57,2,06松山區,松山區市民大道6段與松信路口,0,0,2,1,H01,8,7,5,40,14,9,1,5,4,5,13,4,4,9,4,5,2,3,1,41,2,9,4,5,8,16,8,20,10,16,,121,,1,21,121.5725434,25.0494904
113,6,28,8,57,2,06松山區,松山區市民大道6段與松信路口,0,0,2,2,C03,8,7,5,40,14,9,1,5,4,5,13,4,4,9,4,5,2,3,2,44,2,9,6,4,7,9,1,10,1,11,,108,,1,21,121.5725434,25.0494904
113,6,28,8,57,2,06松山區,松山區市民大道6段與松信路口,0,0,2,3,B03,8,7,5,40,14,9,1,5,4,5,13,4,4,9,4,5,2,3,1,58,3,10,7,4,7,9,1,8,1,6,,44,,1,21,121.5725434,25.0494904
113,6,28,8,59,2,09北投區,北投區中央北路4段301號,0,0,2,1,H01,8,6,5,50,14,9,1,5,4,5,13,4,4,4,4,5,1,3,2,29,2,9,4,5,8,16,8,20,10,16,,121,,1,21,121.4730623,25.1310656
113,6,28,8,59,2,09北投區,北投區中央北路4段301號,0,0,2,2,C03,8,6,5,50,14,9,1,5,4,5,13,4,4,4,4,5,1,3,1,21,2,7,5,1,7,9,1,10,2,11,14,107,,1,21,121.4730623,25.1310656
113,6,28,9,0,2,01大同區,大同區重慶北路1段與鄭州路口,0,0,1,1,B12,8,6,5,40,4,2,1,5,4,5,13,1,1,1,4,5,2,17,1,38,3,10,7,1,7,6,1,8,2,2,,9,,1,21,121.5134403,25.0495125
113,6,28,9,0,2,01大同區,大同區重慶北路1段與鄭州路口,0,0,1,2,C03,8,6,5,40,4,2,1,5,4,5,13,1,1,1,4,5,2,17,1,29,2,9,5,1,7,9,1,10,2,14,,42,,1,21,121.5134403,25.0495125
113,6,28,9,15,2,04大安區,大安區四維路與四維路44巷口口,0,0,2,1,C03,8,6,5,30,4,2,1,5,4,5,13,4,4,7,5,5,1,15,2,18,2,9,3,4,7,15,1,10,1,12,,89,,1,21,121.5484381,25.0355352
113,6,28,9,15,2,04大安區,大安區四維路與四維路44巷口口,0,0,2,2,C03,8,6,5,30,4,2,1,5,4,5,13,4,4,7,5,5,1,15,1,43,2,9,3,4,7,15,1,10,1,11,,13,,1,21,121.5484381,25.0355352
113,6,28,9,15,2,11南港區,南港區東新街170巷附近側附近(第92號車格旁),0,0,1,1,C03,8,6,5,40,14,9,1,5,4,5,13,4,4,9,5,5,2,16,2,43,3,10,6,1,7,4,1,10,1,15,,1,,1,22,121.5928919,25.04256123
113,6,28,9,15,2,11南港區,南港區東新街170巷附近側附近(第92號車格旁),0,0,1,2,C03,8,6,5,40,14,9,1,5,4,5,13,4,4,9,5,5,2,16,2,33,2,9,3,1,7,9,1,10,1,11,,13,,1,22,121.5928919,25.04256123
113,6,28,9,30,2,09北投區,北投區文林北路80巷與文林北路80巷59弄口,0,0,1,1,B03,8,6,5,30,4,1,1,5,4,5,13,4,4,10,5,5,2,15,1,43,3,10,7,1,7,9,1,8,9,2,,75,,1,21,121.5194573,25.1063337
113,6,28,9,30,2,09北投區,北投區文林北路80巷與文林北路80巷59弄口,0,0,1,2,C03,8,6,5,30,4,1,1,5,4,5,13,4,4,10,5,5,2,15,1,41,2,7,6,1,7,9,1,10,9,11,,44,,1,21,121.5194573,25.1063337
113,6,28,9,33,2,09北投區,北投區中央北路2段與文化三路口,0,0,3,1,C03,8,6,5,50,3,1,1,5,4,5,13,2,1,5,4,5,2,16,1,73,2,3,5,1,7,5,1,10,1,12,,8,,1,21,121.4960978,25.136506
113,6,28,9,33,2,09北投區,北投區中央北路2段與文化三路口,0,0,3,2,C03,8,6,5,50,3,1,1,5,4,5,13,2,1,5,4,5,2,16,1,49,2,9,5,1,7,9,1,10,1,11,,13,,1,21,121.4960978,25.136506
113,6,28,9,33,2,09北投區,北投區中央北路2段與文化三路口,0,0,3,3,H02,8,6,5,50,3,1,1,5,4,5,13,2,1,5,4,5,2,16,2,69,2,1,5,5,7,20,8,20,10,16,,67,,1,21,121.4960978,25.136506
113,6,28,9,39,2,06松山區,松山區八德路3段與八德路3段158巷口,0,0,1,1,B01,8,6,5,50,4,1,1,5,4,5,13,2,1,5,4,5,2,16,1,56,3,10,3,4,7,11,1,2,2,7,,71,,1,21,121.5550472,25.0480931
113,6,28,9,39,2,06松山區,松山區八德路3段與八德路3段158巷口,0,0,1,2,C03,8,6,5,50,4,1,1,5,4,5,13,2,1,5,4,5,2,16,1,33,2,9,6,1,7,9,1,10,2,11,,108,,1,21,121.5550472,25.0480931
113,6,28,9,40,2,02萬華區,萬華區寶興街222巷與長泰街246巷口,0,0,1,1,F02,8,6,5,30,4,1,1,5,4,5,13,4,4,10,5,5,2,17,2,55,2,9,4,1,7,9,8,20,1,11,,75,,1,21,121.4947325,25.0221039
113,6,28,9,40,2,02萬華區,萬華區寶興街222巷與長泰街246巷口,0,0,1,2,B12,8,6,5,30,4,1,1,5,4,5,13,4,4,10,5,5,2,17,1,43,3,10,7,1,7,9,1,8,1,4,,108,,1,21,121.4947325,25.0221039
113,6,28,10,6,2,12內湖區,內湖區瑞光路317號,0,0,1,1,C03,8,5,5,50,14,9,1,5,4,5,13,4,4,5,4,5,2,12,2,23,2,7,5,1,7,7,1,10,1,14,,100,,1,21,121.575695,25.0761068
113,6,28,10,6,2,12內湖區,內湖區瑞光路317號,0,0,1,2,B01,8,5,5,50,14,9,1,5,4,5,13,4,4,5,4,5,2,12,1,53,3,10,7,1,7,9,1,2,1,2,,44,,1,21,121.575695,25.0761068
113,6,28,10,6,2,12內湖區,內湖區瑞光路317號,0,0,1,3,B12,8,5,5,50,14,9,1,5,4,5,13,4,4,5,4,5,2,12,1,59,3,10,3,4,7,13,1,2,9,17,,38,,2,21,121.575695,25.0761068
113,6,28,10,9,2,02萬華區,萬華區萬大路與萬大路408巷口,0,0,2,1,B03,8,6,5,50,3,1,1,5,4,5,13,4,4,10,4,5,1,17,1,72,3,10,3,4,7,6,1,8,1,2,,74,,1,21,121.4984271,25.0213935
113,6,28,10,9,2,02萬華區,萬華區萬大路與萬大路408巷口,0,0,2,2,C03,8,6,5,50,3,1,1,5,4,5,13,4,4,10,4,5,1,17,1,71,2,9,3,4,7,9,1,10,1,14,,108,,1,21,121.4984271,25.0213935
113,6,28,10,9,2,02萬華區,萬華區萬大路與萬大路408巷口,0,0,2,3,H02,8,6,5,50,3,1,1,5,4,5,13,4,4,10,4,5,1,17,2,71,2,9,3,5,7,20,8,20,10,16,,67,,1,21,121.4984271,25.0213935
113,6,28,10,10,2,10文山區,文山區保儀路13巷與集英街口,0,0,1,1,B12,8,5,5,30,4,1,1,5,4,5,13,4,4,10,5,5,2,3,1,40,3,10,7,1,7,9,1,8,1,10,,107,,1,21,121.5693828,24.9884526
113,6,28,10,10,2,10文山區,文山區保儀路13巷與集英街口,0,0,1,2,H01,8,5,5,30,4,1,1,5,4,5,13,4,4,10,5,5,2,3,2,45,2,8,4,5,8,16,8,20,10,16,,121,,1,22,121.5693828,24.9884526
113,6,28,10,20,2,04大安區,大安區雲和街與龍泉街口,0,0,2,1,C03,8,6,5,30,4,1,1,5,4,5,13,4,4,10,5,5,2,15,1,62,2,9,5,1,7,9,1,10,1,11,,44,,1,21,121.5293651,25.0235577
113,6,28,10,20,2,04大安區,大安區雲和街與龍泉街口,0,0,2,2,C03,8,6,5,30,4,1,1,5,4,5,13,4,4,10,5,5,2,15,2,20,2,9,6,1,7,9,1,10,1,11,,44,,1,21,121.5293651,25.0235577
113,6,28,10,28,2,07信義區,信義區大道路與林口街80巷口,0,0,1,1,C03,7,6,5,50,4,1,1,5,4,5,13,4,4,9,3,5,2,17,1,84,3,10,3,4,7,15,1,10,1,13,,14,,1,21,121.5826652,25.0404228
113,6,28,10,28,2,07信義區,信義區大道路與林口街80巷口,0,0,1,2,C03,7,6,5,50,4,1,1,5,4,5,13,4,4,9,3,5,2,17,1,42,2,8,3,4,7,15,1,10,1,11,,108,,1,21,121.5826652,25.0404228
113,6,28,10,29,2,03中山區,中山區大直街與北安路口,0,0,1,1,C03,8,5,5,50,5,1,1,5,4,5,13,1,1,9,4,5,2,12,1,41,2,9,5,1,7,9,1,10,1,11,,44,,1,21,121.5473192,25.0799386
113,6,28,10,29,2,03中山區,中山區大直街與北安路口,0,0,1,2,B12,8,5,5,50,5,1,1,5,4,5,13,1,1,9,4,5,2,12,1,45,3,10,7,1,7,9,1,8,1,6,,17,,1,21,121.5473192,25.0799386
113,6,28,10,38,2,05中正區,中正區金山南路1段120號,0,0,1,1,C03,8,5,5,50,14,9,1,5,4,5,13,2,1,1,4,5,1,17,1,45,2,7,5,1,7,9,1,10,2,11,,16,,1,21,121.5273336,25.03504341
113,6,28,10,38,2,05中正區,中正區金山南路1段120號,0,0,1,2,B03,8,5,5,50,14,9,1,5,4,5,13,2,1,1,4,5,1,17,2,64,3,10,7,1,7,12,1,8,2,6,,44,,1,21,121.5273336,25.03504341
113,6,28,10,52,2,06松山區,(塔悠路187號前),0,0,1,1,B01,8,7,5,50,4,1,1,5,4,5,13,1,1,1,4,4,2,17,1,58,3,10,7,1,7,5,1,4,1,1,,71,,1,21,121.5696475,25.0563587
113,6,28,10,52,2,06松山區,(塔悠路187號前),0,0,1,2,C03,8,7,5,50,4,1,1,5,4,5,13,1,1,1,4,4,2,17,1,54,2,9,5,1,7,9,6,18,1,14,,44,,1,21,121.5696475,25.0563587
113,6,28,10,52,2,06松山區,(塔悠路187號前),0,0,1,3,B03,8,7,5,50,4,1,1,5,4,5,13,1,1,1,4,4,2,17,1,65,3,10,7,1,7,13,1,8,1,3,,44,,1,21,121.5696475,25.0563587
113,6,28,11,15,2,08士林區,士林區中山北路6段與中山北路6段405巷口,0,0,1,1,C03,7,6,5,50,3,1,1,5,4,5,13,1,1,1,4,5,2,17,2,63,2,9,5,1,7,5,1,10,2,14,,8,,1,22,121.5266549,25.1129713
113,6,28,11,15,2,08士林區,士林區中山北路6段與中山北路6段405巷口,0,0,1,2,B02,7,6,5,50,3,1,1,5,4,5,13,1,1,1,4,5,2,17,2,48,3,10,7,1,7,9,1,8,2,5,,44,,1,22,121.5266549,25.1129713
113,6,28,11,45,2,07信義區,信義區忠孝東路5段22巷(松高11號旁),0,0,1,1,B01,8,6,5,50,14,9,1,5,4,5,13,4,4,9,4,5,2,9,1,64,3,10,3,4,7,14,1,4,1,2,,44,,1,21,121.5660191,25.0394415
113,6,28,11,45,2,07信義區,信義區忠孝東路5段22巷(松高11號旁),0,0,1,2,H02,8,6,5,50,14,9,1,5,4,5,13,4,4,9,4,5,2,9,2,30,3,10,3,5,7,19,8,20,10,16,,126,,1,22,121.5660191,25.0394415
113,6,28,11,45,2,07信義區,信義區忠孝東路5段22巷(松高11號旁),0,0,1,3,C03,8,6,5,50,14,9,1,5,4,5,13,4,4,9,4,5,2,9,1,47,2,9,3,4,7,9,1,10,1,14,,44,,1,22,121.5660191,25.0394415
113,6,28,12,10,2,05中正區,中正區莒光路93巷與莒光路口,0,0,1,1,C03,8,6,5,50,3,1,1,5,4,5,13,4,4,10,5,5,2,17,1,50,3,10,5,1,7,5,1,10,1,11,,42,,1,21,121.5049349,25.0311296
113,6,28,12,10,2,05中正區,中正區莒光路93巷與莒光路口,0,0,1,2,C03,8,6,5,50,3,1,1,5,4,5,13,4,4,10,5,5,2,17,2,52,2,8,5,1,7,9,1,10,1,11,,44,,1,21,121.5049349,25.0311296
113,6,28,12,18,2,01大同區,大同區承德路1段與長安西路口,0,0,1,1,C03,8,6,5,50,4,1,1,5,4,5,13,2,1,5,5,5,2,16,1,45,2,9,6,1,7,5,1,10,1,14,,44,,1,22,121.516909,25.0509238
113,6,28,12,18,2,01大同區,大同區承德路1段與長安西路口,0,0,1,2,C04,8,6,5,50,4,1,1,5,4,5,13,2,1,5,5,5,2,16,1,28,3,10,6,1,7,15,1,8,1,12,,95,,1,22,121.516909,25.0509238
113,6,28,12,40,2,09北投區,北投區中央北路2段302號,0,0,1,1,B11,8,5,5,50,14,9,1,5,4,5,13,4,4,4,4,5,2,17,1,29,3,10,7,1,7,1,1,3,1,17,,19,,1,21,121.4899268,25.1384647
113,6,28,12,40,2,09北投區,北投區中央北路2段302號,0,0,1,2,C03,8,5,5,50,14,9,1,5,4,5,13,4,4,4,4,5,2,17,2,35,2,9,5,1,7,9,1,10,1,17,,44,,1,21,121.4899268,25.1384647
113,6,28,13,0,2,03中山區,中山區農安街77巷,0,0,1,1,C03,8,6,5,30,14,9,1,5,4,5,13,4,4,10,5,5,2,14,1,30,2,8,5,4,7,2,1,10,1,13,,42,,1,22,121.5284922,25.0650331
113,6,28,13,0,2,03中山區,中山區農安街77巷,0,0,1,2,B03,8,6,5,30,14,9,1,5,4,5,13,4,4,10,5,5,2,14,1,55,3,10,3,4,7,9,6,18,1,5,,44,,1,22,121.5284922,25.0650331
113,6,28,13,10,2,12內湖區,內湖區內湖路2段179巷216號,0,0,2,1,C03,6,5,5,50,14,9,1,4,4,5,13,4,4,4,3,4,1,13,1,21,2,8,3,4,7,9,1,10,1,11,,16,,1,22,121.5854516,25.08419423
113,6,28,13,10,2,12內湖區,內湖區內湖路2段179巷216號,0,0,2,2,C03,6,5,5,50,14,9,1,4,4,5,13,4,4,4,3,4,1,13,2,31,2,6,3,4,7,9,1,10,1,13,,44,,1,22,121.5854516,25.08419423
113,6,28,13,19,2,09北投區,北投區明德路331巷與無名巷口,0,0,1,1,B11,8,7,5,30,4,1,1,5,4,5,13,4,4,10,5,5,2,16,1,23,3,10,7,1,7,5,1,4,1,8,,8,,1,22,121.5190446,25.11601102
113,6,28,13,19,2,09北投區,北投區明德路331巷與無名巷口,0,0,1,2,F01,8,7,5,30,4,1,1,5,4,5,13,4,4,10,5,5,2,16,2,76,2,8,4,1,7,15,8,20,1,11,,99,,1,22,121.5190446,25.11601102
113,6,28,13,24,2,03中山區,中山區合江街與合江街180巷口,0,0,2,1,C03,8,6,5,30,4,1,1,5,4,5,10,4,4,10,5,5,2,17,2,46,2,5,5,1,7,5,1,10,1,11,,72,,1,21,121.5392427,25.06106817
113,6,28,13,24,2,03中山區,中山區合江街與合江街180巷口,0,0,2,2,C03,8,6,5,30,4,1,1,5,4,5,10,4,4,10,5,5,2,17,2,65,2,9,5,1,7,9,1,10,1,12,,44,,1,21,121.5392427,25.06106817
113,6,28,13,24,2,03中山區,中山區合江街與合江街180巷口,0,0,2,3,B12,8,6,5,30,4,1,1,5,4,5,10,4,4,10,5,5,2,17,1,32,3,10,7,1,7,13,1,8,1,17,,38,,1,21,121.5392427,25.06106817
113,6,28,13,28,2,02萬華區,萬華區光復橋往新北,0,0,1,1,C03,7,7,5,50,14,9,1,5,4,5,13,4,4,6,1,5,2,12,1,18,2,7,5,1,7,9,1,10,9,11,,108,,1,21,121.490672,25.0244034
113,6,28,13,28,2,02萬華區,萬華區光復橋往新北,0,0,1,2,C03,7,7,5,50,14,9,1,5,4,5,13,4,4,6,1,5,2,12,1,20,3,10,5,1,7,10,1,10,9,13,,44,,1,21,121.490672,25.0244034
113,6,28,13,40,2,03中山區,中山區明水路與樂群二路口,0,0,1,1,B03,7,7,5,50,4,1,2,5,4,5,13,1,1,1,4,5,2,17,2,59,3,10,3,4,7,6,1,8,1,6,,9,,1,21,121.5522106,25.0800595
113,6,28,13,40,2,03中山區,中山區明水路與樂群二路口,0,0,1,2,C03,7,7,5,50,4,1,2,5,4,5,13,1,1,1,4,5,2,17,2,51,2,9,3,4,7,9,1,10,1,14,,44,,1,21,121.5522106,25.0800595
113,6,28,14,5,2,05中正區,中正區市民大道1段168號,0,0,3,1,C03,7,6,5,40,14,9,1,5,4,5,13,4,4,1,4,5,2,17,2,43,2,9,6,4,7,12,1,10,1,13,,44,,1,22,121.537509,25.0447598
113,6,28,14,5,2,05中正區,中正區市民大道1段168號,0,0,3,2,C03,7,6,5,40,14,9,1,5,4,5,13,4,4,1,4,5,2,17,2,21,2,8,6,4,7,9,1,10,1,11,13,44,,1,22,121.537509,25.0447598
113,6,28,14,5,2,05中正區,中正區市民大道1段168號,0,0,3,3,C03,7,6,5,40,14,9,1,5,4,5,13,4,4,1,4,5,2,17,1,24,2,9,6,4,7,9,1,10,1,11,,16,,1,22,121.537509,25.0447598