發生年度,發生月,發生日,發生時-Hours,發生分,處理別-編號,區序,肇事地點,死亡人數,2-30日死亡人數,受傷人數,當事人序號,車種,天候,道路照明設備,道路類別,速限-速度限制,道路型態,事故位置,路面狀況1,路面狀況2,路面狀況3,道路障礙1,道路障礙2,號誌1,號誌2,車道劃分-分向,車道劃分-分道1,車道劃分-分道2,車道劃分-分道3,事故類型及型態,性別,年齡,受傷程度,主要傷處,保護裝置,行動電話,車輛用途,當事者行動狀態,駕駛資格情形,駕駛執照種類,飲酒情形,車輛撞擊部位1,車輛撞擊部位2,肇因碼-個別,肇因碼-主要,個人肇逃否,職業,座標-X,座標-Y
113,6,28,14,45,2,04大安區,大安區仁愛路4段345巷4弄與仁愛路4段151巷口口,0,0,1,1,B03,6,6,5,30,4,2,1,4,4,5,13,4,4,5,3,5,1,17,2,36,3,10,3,4,7,15,1,8,9,2,,72,,1,21,121.5522464,25.0391277
113,6,28,14,45,2,04大安區,大安區仁愛路4段345巷4弄與仁愛路4段151巷口口,0,0,1,2,C03,6,6,5,30,4,2,1,4,4,5,13,4,4,5,3,5,1,17,1,36,2,9,3,4,7,15,1,10,9,11,,14,,1,21,121.5522464,25.0391277
113,6,28,15,26,2,09北投區,北投區承德路7段351-1號,0,0,2,1,C03,6,7,5,60,14,8,1,4,4,5,13,4,4,1,4,4,2,16,2,21,2,9,6,1,7,9,1,10,1,14,,108,,1,22,121.5024614,25.11842061
113,6,28,15,26,2,09北投區,北投區承德路7段351-1號,0,0,2,2,C03,6,7,5,60,14,8,1,4,4,5,13,4,4,1,4,4,2,16,1,47,2,9,5,1,7,9,1,10,1,12,,44,,1,22,121.5024614,25.11842061
113,6,28,15,26,2,09北投區,北投區承德路7段351-1號,0,0,2,3,B03,6,7,5,60,14,8,1,4,4,5,13,4,4,1,4,4,2,16,3,50,,,,,,,,,,,,67,,1,,121.5024614,25.11842061
113,6,28,15,26,2,09北投區,北投區承德路7段351-1號,0,0,2,4,A11,6,7,5,60,14,8,1,4,4,5,13,4,4,1,4,4,2,16,3,28,,,,,,,,,9,,,38,,,,121.5024614,25.11842061
113,6,28,15,43,2,06松山區,松山區民權東路3段與民族東路口,0,0,1,1,B03,6,5,5,50,3,1,1,4,4,5,13,4,4,1,4,5,2,16,1,60,3,10,7,1,7,6,1,8,2,5,,9,,1,22,121.5499753,25.0617759
113,6,28,15,43,2,06松山區,松山區民權東路3段與民族東路口,0,0,1,2,C03,6,5,5,50,3,1,1,4,4,5,13,4,4,1,4,5,2,16,1,19,2,9,6,1,7,9,1,10,2,11,,44,,1,22,121.5499753,25.0617759
113,6,28,15,50,2,01大同區,大同區延平北路4段與迪化街2段364巷口,0,0,1,1,B03,6,5,5,50,3,2,1,4,4,5,13,2,1,5,4,5,2,17,2,60,3,10,3,4,7,11,1,8,1,17,,44,,1,21,121.5112644,25.0729912
113,6,28,15,50,2,01大同區,大同區延平北路4段與迪化街2段364巷口,0,0,1,2,C03,6,5,5,50,3,2,1,4,4,5,13,2,1,5,4,5,2,17,2,23,2,9,3,4,7,9,3,18,1,17,,42,,1,21,121.5112644,25.0729912
113,6,28,15,50,2,04大安區,大安區和平東路1段143號,0,0,1,1,C04,8,6,5,50,14,7,1,4,4,5,13,2,1,3,3,5,1,13,1,21,2,9,3,4,7,9,1,10,2,11,,108,,1,21,121.5311665,25.0265168
113,6,28,15,50,2,04大安區,大安區和平東路1段143號,0,0,1,2,B03,8,6,5,50,14,7,1,4,4,5,13,2,1,3,3,5,1,13,1,65,3,10,3,4,7,14,1,8,2,7,,44,,1,21,121.5311665,25.0265168
113,6,28,15,57,2,12內湖區,內湖區康寧路3段與康寧路3段165巷口,0,0,1,1,B03,6,5,5,50,4,1,1,4,4,5,13,2,1,1,4,5,2,16,1,38,3,10,2,1,7,5,1,8,1,2,,8,,1,21,121.61166,25.0708984
113,6,28,15,57,2,12內湖區,內湖區康寧路3段與康寧路3段165巷口,0,0,1,2,C03,6,5,5,50,4,1,1,4,4,5,13,2,1,1,4,5,2,16,1,57,2,9,5,1,7,9,1,10,1,11,,108,,1,21,121.61166,25.0708984
113,6,28,16,2,2,12內湖區,內湖區內湖路1段與內湖路1段629巷口,0,0,1,1,C03,8,6,5,50,3,2,1,4,4,5,13,2,1,1,4,5,2,17,1,19,2,8,6,1,7,5,1,10,1,12,,83,,1,21,121.5744188,25.08040616
113,6,28,16,2,2,12內湖區,內湖區內湖路1段與內湖路1段629巷口,0,0,1,2,B03,8,6,5,50,3,2,1,4,4,5,13,2,1,1,4,5,2,17,1,37,3,10,7,1,7,9,1,8,1,1,,44,,1,21,121.5744188,25.08040616
113,6,28,16,3,2,08士林區,士林區中山北路7段219巷與中山北路7段口,0,0,1,1,C01,6,7,5,30,4,1,1,4,4,5,13,4,4,10,5,5,2,17,1,23,2,6,6,4,7,9,1,9,2,11,,5,,1,21,121.5327446,25.1267411
113,6,28,16,3,2,08士林區,士林區中山北路7段219巷與中山北路7段口,0,0,1,2,B03,6,7,5,30,4,1,1,4,4,5,13,4,4,10,5,5,2,17,1,32,3,10,7,1,7,14,1,8,2,1,,44,,1,21,121.5327446,25.1267411
113,6,28,16,17,2,06松山區,松山區八德路4段與松信路口,0,0,1,1,B03,6,7,5,50,4,1,1,4,4,5,13,2,1,1,4,5,2,15,1,40,3,10,7,1,7,15,1,8,2,1,,71,,1,7,121.5722726,25.0498857
113,6,28,16,17,2,06松山區,松山區八德路4段與松信路口,0,0,1,2,C03,6,7,5,50,4,1,1,4,4,5,13,2,1,1,4,5,2,15,2,47,2,9,5,1,7,9,1,10,2,11,,44,,1,26,121.5722726,25.0498857
113,6,28,16,30,2,02萬華區,萬華區西園路2段與寶興街口,0,0,1,1,B01,6,7,5,50,4,2,1,4,4,5,13,1,1,1,4,5,2,13,1,65,3,10,7,1,7,9,1,4,1,1,,16,,1,21,121.4939416,25.027178
113,6,28,16,30,2,02萬華區,萬華區西園路2段與寶興街口,0,0,1,2,C03,6,7,5,50,4,2,1,4,4,5,13,1,1,1,4,5,2,13,1,75,2,9,5,1,7,12,1,10,1,13,,44,,1,21,121.4939416,25.027178
113,6,28,16,36,2,07信義區,信義區永吉路與永吉路468巷口,0,0,1,1,F01,6,6,5,40,5,2,1,4,4,5,13,4,4,1,4,4,2,15,2,73,3,10,2,1,7,9,8,20,1,17,,81,,1,21,121.5789186,25.0453285
113,6,28,16,36,2,07信義區,信義區永吉路與永吉路468巷口,0,0,1,2,C03,6,6,5,40,5,2,1,4,4,5,13,4,4,1,4,4,2,15,2,49,2,9,5,1,7,9,1,10,1,14,,44,,1,21,121.5789186,25.0453285
113,6,28,16,50,2,10文山區,文山區景華街151號,0,0,2,1,C04,6,6,5,30,14,9,1,4,4,5,13,1,1,5,5,5,2,17,2,36,2,8,6,1,7,10,1,11,2,11,,102,,1,21,121.5478229,24.9968709
113,6,28,16,50,2,10文山區,文山區景華街151號,0,0,2,2,B12,6,6,5,30,14,9,1,4,4,5,13,1,1,5,5,5,2,17,1,55,3,10,7,1,7,9,1,8,2,4,,44,,1,21,121.5478229,24.9968709
113,6,28,16,50,2,10文山區,文山區景華街151號,0,0,2,3,B03,6,6,5,30,14,9,1,4,4,5,13,1,1,5,5,5,2,17,1,56,3,10,7,1,7,13,1,8,11,17,,44,,1,21,121.5478229,24.9968709
113,6,28,16,50,2,10文山區,文山區景華街151號,0,0,2,4,H02,6,6,5,30,14,9,1,4,4,5,13,1,1,5,5,5,2,17,1,9,2,9,6,5,7,20,8,20,10,16,,67,,1,21,121.5478229,24.9968709
113,6,28,16,55,2,04大安區,大安區基隆路4段144巷與基隆路4段口,0,0,1,1,B03,6,6,5,50,4,1,1,4,4,5,13,1,1,1,4,4,2,16,1,54,3,10,7,1,7,6,1,8,9,2,,9,,1,21,121.5394001,25.0132438
113,6,28,16,55,2,04大安區,大安區基隆路4段144巷與基隆路4段口,0,0,1,2,C03,6,6,5,50,4,1,1,4,4,5,13,1,1,1,4,4,2,16,1,33,2,9,6,1,7,9,1,10,9,14,,44,,1,21,121.5394001,25.0132438
113,6,28,17,9,2,05中正區,中正區忠孝東路2段與杭州北路口,0,0,1,1,C03,6,5,5,50,4,1,1,4,4,5,13,1,1,1,4,5,1,17,1,28,4,11,3,4,7,15,7,19,11,15,,100,,2,22,121.5269863,25.0440014
113,6,28,17,9,2,05中正區,中正區忠孝東路2段與杭州北路口,0,0,1,2,C03,6,5,5,50,4,1,1,4,4,5,13,1,1,1,4,5,1,17,1,27,2,9,5,1,7,10,1,10,1,17,,102,,1,21,121.5269863,25.0440014
113,6,28,17,15,2,09北投區,北投區大業路152號,0,0,1,1,F01,8,6,5,60,14,9,1,5,4,5,13,4,4,10,4,5,2,13,1,16,2,9,2,1,7,9,8,20,1,11,,108,,1,16,121.499336,25.1235965
113,6,28,17,15,2,09北投區,北投區大業路152號,0,0,1,2,B03,8,6,5,60,14,9,1,5,4,5,13,4,4,10,4,5,2,13,2,39,3,10,7,1,7,14,1,8,1,3,,44,,1,21,121.499336,25.1235965
113,6,28,17,21,2,04大安區,大安區信義路4段265巷與信義路4段294巷口,0,0,1,1,C03,7,5,5,50,4,2,1,5,4,5,13,1,1,5,4,5,2,17,2,33,2,9,5,1,7,9,1,10,1,15,,42,,1,21,121.5543208,25.0333543
113,6,28,17,21,2,04大安區,大安區信義路4段265巷與信義路4段294巷口,0,0,1,2,C03,7,5,5,50,4,2,1,5,4,5,13,1,1,5,4,5,2,17,1,46,3,10,5,1,7,5,1,10,1,17,,71,,1,21,121.5543208,25.0333543
113,6,28,17,21,2,05中正區,中正區重慶南路2段與泉州街9巷口口,0,0,1,1,C03,7,6,5,30,3,1,1,4,4,5,13,4,4,10,5,5,1,17,1,50,4,11,3,4,7,6,7,19,9,17,,118,,2,21,121.5149435,25.0302079
113,6,28,17,21,2,05中正區,中正區重慶南路2段與泉州街9巷口口,0,0,1,2,C03,7,6,5,30,3,1,1,4,4,5,13,4,4,10,5,5,1,17,1,44,2,7,6,1,7,9,1,10,1,14,,42,,1,21,121.5149435,25.0302079
113,6,28,17,25,2,12內湖區,內湖區港墘路221巷33號,0,0,2,1,C03,7,5,5,50,3,1,1,5,4,5,13,4,4,5,5,5,2,13,1,63,2,7,6,1,7,9,1,10,1,11,,14,,1,21,121.5745972,25.0736192
113,6,28,17,25,2,12內湖區,內湖區港墘路221巷33號,0,0,2,2,C03,7,5,5,50,3,1,1,5,4,5,13,4,4,5,5,5,2,13,2,46,2,9,6,1,7,12,1,10,1,13,,44,,1,21,121.5745972,25.0736192
113,6,28,17,40,2,06松山區,松山區濱江街509號,0,0,1,1,B12,8,6,5,40,14,7,1,5,4,5,13,4,4,1,4,4,2,12,1,54,3,10,7,1,7,1,1,8,1,8,,19,,1,21,121.5556651,25.07236253
113,6,28,17,40,2,06松山區,松山區濱江街509號,0,0,1,2,C03,8,6,5,40,14,7,1,5,4,5,13,4,4,1,4,4,2,12,1,20,2,9,6,1,7,9,1,10,2,11,,42,,1,21,121.5556651,25.07236253
113,6,28,18,0,2,09北投區,北投區裕民二路與裕民三路口,0,0,1,1,B03,8,7,5,50,3,2,1,5,4,5,13,4,4,5,5,5,2,15,2,52,3,10,3,4,7,11,1,8,1,4,,80,,1,21,121.5170361,25.1158359
113,6,28,18,0,2,09北投區,北投區裕民二路與裕民三路口,0,0,1,2,C04,8,7,5,50,3,2,1,5,4,5,13,4,4,5,5,5,2,15,2,46,2,9,3,4,7,9,1,8,1,11,,44,,1,21,121.5170361,25.1158359
113,6,28,18,10,2,03中山區,中山區長春路382號,0,0,1,2,C03,8,6,5,40,14,8,1,5,4,5,13,4,4,9,4,4,2,13,1,41,2,9,6,1,7,9,1,10,1,13,,44,,1,21,121.5433811,25.0545535
113,6,28,18,10,2,03中山區,中山區長春路382號,0,0,1,1,B03,8,6,5,40,14,8,1,5,4,5,13,4,4,9,4,4,2,13,2,40,3,10,7,1,7,10,1,8,9,1,,100,,1,21,121.5433811,25.0545535
113,6,28,18,50,2,06松山區,松山區市民大道4段與八德路3段158巷口,0,0,1,1,B01,7,5,5,30,3,1,1,4,4,5,13,4,4,10,4,5,1,15,1,57,3,10,7,1,7,9,1,3,2,15,,72,,1,22,121.5555252,25.04479538
113,6,28,18,50,2,06松山區,松山區市民大道4段與八德路3段158巷口,0,0,1,2,C03,7,5,5,30,3,1,1,4,4,5,13,4,4,10,4,5,1,15,2,21,2,7,6,1,7,9,1,10,2,11,,44,,1,22,121.5555252,25.04479538
113,6,28,19,9,2,03中山區,中山區吉林路與吉林路123巷口口,0,0,1,1,B03,8,6,5,40,4,1,1,5,4,5,13,4,4,9,4,4,2,17,1,61,3,10,7,1,7,11,1,8,7,5,,70,,1,21,121.5302435,25.0571895
113,6,28,19,9,2,03中山區,中山區吉林路與吉林路123巷口口,0,0,1,2,C03,8,6,5,40,4,1,1,5,4,5,13,4,4,9,4,4,2,17,2,37,2,9,6,1,7,9,1,10,2,14,,44,,1,21,121.5302435,25.0571895
113,6,28,19,18,2,11南港區,南港區忠孝東路7段與忠孝東路7段265巷口,0,0,2,1,B03,7,5,5,50,4,1,1,5,4,5,13,2,1,1,4,4,1,16,2,26,3,10,3,4,7,6,1,8,1,2,,71,,1,22,121.603536,25.0517623
113,6,28,19,18,2,11南港區,南港區忠孝東路7段與忠孝東路7段265巷口,0,0,2,2,C03,7,5,5,50,4,1,1,5,4,5,13,2,1,1,4,4,1,16,1,40,2,8,6,4,7,9,1,10,1,11,,44,,1,22,121.603536,25.0517623
113,6,28,19,18,2,11南港區,南港區忠孝東路7段與忠孝東路7段265巷口,0,0,2,3,H02,7,5,5,50,4,1,1,5,4,5,13,2,1,1,4,4,1,16,2,27,2,9,6,5,7,21,8,20,10,17,,67,,1,22,121.603536,25.0517623
113,6,28,19,45,2,08士林區,士林區文林路770巷與文林路口,0,0,1,2,B03,8,5,5,50,3,2,1,5,4,5,13,4,4,1,1,5,1,13,1,67,3,10,7,1,7,14,1,8,1,7,,44,,1,21,121.5195197,25.10359725
113,6,28,19,45,2,08士林區,士林區文林路770巷與文林路口,0,0,1,1,C03,8,5,5,50,3,2,1,5,4,5,13,4,4,1,1,5,1,13,2,68,2,9,5,1,7,9,1,10,1,11,,44,,1,21,121.5195197,25.10359725
113,6,28,20,46,2,02萬華區,萬華區中華路2段416巷10弄9號,0,0,1,1,C03,7,5,5,50,14,9,1,5,4,5,13,4,4,9,5,5,2,12,1,25,2,8,6,1,7,9,1,10,1,14,,108,,1,21,121.5049848,25.0277618
113,6,28,20,46,2,02萬華區,萬華區中華路2段416巷10弄9號,0,0,1,2,B01,7,5,5,50,14,9,1,5,4,5,13,4,4,9,5,5,2,12,1,45,3,10,7,1,7,21,1,4,1,5,,9,,1,21,121.5049848,25.0277618
113,6,28,21,40,2,10文山區,文山區指南路2段115號對面,0,0,1,1,A04,8,6,5,50,14,9,1,5,4,5,13,2,1,5,5,5,2,9,1,40,3,10,7,1,7,9,1,6,9,15,,42,,1,21,121.576142,24.98762734
113,6,28,21,40,2,10文山區,文山區指南路2段115號對面,0,0,1,2,H02,8,6,5,50,14,9,1,5,4,5,13,2,1,5,5,5,2,9,2,52,2,3,4,5,7,20,8,20,10,17,,58,,1,21,121.576142,24.98762734
113,6,28,22,22,2,03中山區,中山區民生東路1段86號與新生北路2段口,0,0,1,1,B03,7,5,5,30,3,2,1,5,4,5,13,4,4,5,4,5,2,16,1,34,3,10,3,4,7,6,1,8,2,8,,72,,1,22,121.5271434,25.0579381
113,6,28,22,22,2,03中山區,中山區民生東路1段86號與新生北路2段口,0,0,1,2,C03,7,5,5,30,3,2,1,5,4,5,13,4,4,5,4,5,2,16,2,41,2,9,3,4,7,8,1,9,2,11,,100,,1,22,121.5271434,25.0579381
113,6,28,23,15,2,12內湖區,內湖區瑞光路393巷與洲子街口,0,0,1,1,C03,8,5,5,50,4,1,1,5,4,5,13,3,1,10,5,5,2,15,1,23,2,9,6,1,7,9,1,10,2,11,,72,,1,21,121.5735314,25.07900018
113,6,28,23,15,2,12內湖區,內湖區瑞光路393巷與洲子街口,0,0,1,2,A12,8,5,5,50,4,1,1,5,4,5,13,3,1,10,5,5,2,15,1,59,3,10,7,1,7,9,1,6,2,7,,44,,1,21,121.5735314,25.07900018
113,6,29,0,33,2,05中正區,中正區愛國西路與延平南路口,0,0,1,1,B03,7,6,5,50,5,1,1,5,4,5,13,2,1,3,4,4,2,12,1,20,3,10,7,1,7,4,1,8,2,4,,17,,1,21,121.507965,25.0366039
113,6,29,0,33,2,05中正區,中正區愛國西路與延平南路口,0,0,1,2,C03,7,6,5,50,5,1,1,5,4,5,13,2,1,3,4,4,2,12,1,55,2,9,5,1,7,9,1,10,2,12,,44,,1,21,121.507965,25.0366039
113,6,29,0,33,2,08士林區,士林區中山北路5段與中山北路5段470巷口,0,0,1,1,B03,8,5,5,50,3,1,1,5,4,5,13,4,4,1,3,5,1,17,1,50,3,10,7,1,7,6,1,8,1,6,,44,,1,21,121.5279332,25.0917931
113,6,29,0,33,2,08士林區,士林區中山北路5段與中山北路5段470巷口,0,0,1,2,C03,8,5,5,50,3,1,1,5,4,5,13,4,4,1,3,5,1,17,2,25,2,9,5,1,7,9,1,10,1,14,,108,,1,21,121.5279332,25.0917931
113,6,29,1,30,2,07信義區,信義區信義路5段世貿101捷運站2號出口,0,0,1,1,C03,8,5,5,50,14,9,1,5,4,5,13,4,4,1,4,5,2,18,1,43,2,9,5,1,7,9,1,10,1,12,,42,,1,21,121.5619141,25.0329308
113,6,29,1,30,2,07信義區,信義區信義路5段世貿101捷運站2號出口,0,0,1,2,,8,5,5,50,14,9,1,5,4,5,13,4,4,1,4,5,2,18,3,0,,,,,,,,,,,,67,,1,,121.5619141,25.0329308
113,6,29,2,40,2,07信義區,信義區虎林街120巷與忠孝東路5段295巷口,0,0,1,1,C03,7,5,5,30,4,1,1,5,4,5,13,4,4,10,5,5,1,15,2,43,2,9,6,1,7,9,1,10,2,12,,14,,1,21,121.5725561,25.0422116
113,6,29,2,40,2,07信義區,信義區虎林街120巷與忠孝東路5段295巷口,0,0,1,2,B01,7,5,5,30,4,1,1,5,4,5,13,4,4,10,5,5,1,15,1,63,3,10,7,1,7,9,1,1,2,1,,14,,1,21,121.5725561,25.0422116
113,6,29,3,30,2,03中山區,中山區新生北路2段62巷與新生北路2段68巷15弄口口,0,0,1,1,B03,8,5,5,30,3,2,1,5,4,5,13,4,4,10,5,5,2,16,1,57,3,10,7,1,7,5,1,4,2,4,,8,,1,21,121.5260142,25.0562317
113,6,29,3,30,2,03中山區,中山區新生北路2段62巷與新生北路2段68巷15弄口口,0,0,1,2,C03,8,5,5,30,3,2,1,5,4,5,13,4,4,10,5,5,2,16,1,20,2,8,6,1,7,9,1,10,2,12,,44,,1,21,121.5260142,25.0562317
113,6,29,3,30,2,03中山區,中山區新生北路2段62巷與新生北路2段68巷15弄口口,0,0,1,3,C03,8,5,5,30,3,2,1,5,4,5,13,4,4,10,5,5,2,16,2,29,4,11,3,4,7,21,7,19,11,15,,44,,1,22,121.5260142,25.0562317
113,6,29,3,30,2,03中山區,中山區新生北路2段62巷與新生北路2段68巷15弄口口,0,0,1,4,C04,8,5,5,30,3,2,1,5,4,5,13,4,4,10,5,5,2,16,2,29,4,11,3,4,7,21,7,19,11,15,,44,,1,22,121.5260142,25.0562317
113,6,29,7,39,2,05中正區,中正區館前路與忠孝西路1段口,0,0,1,1,B03,7,7,5,50,14,9,1,5,4,5,13,4,4,1,4,1,2,13,1,58,3,10,7,1,7,9,6,8,2,1,,108,,1,21,121.5146229,25.04691591
113,6,29,7,39,2,05中正區,中正區館前路與忠孝西路1段口,0,0,1,2,B01,7,7,5,50,14,9,1,5,4,5,13,4,4,1,4,1,2,13,1,49,2,2,7,1,7,14,1,4,2,3,,44,,1,21,121.5146229,25.04691591
113,6,29,7,56,2,02萬華區,萬華區環河南路1段與長沙街2段口,0,0,2,1,C03,8,6,5,50,3,1,1,5,4,5,13,1,1,5,4,5,1,17,2,18,2,9,3,4,7,10,1,10,1,15,,100,,1,21,121.4996936,25.0416013
113,6,29,7,56,2,02萬華區,萬華區環河南路1段與長沙街2段口,0,0,2,2,C03,8,6,5,50,3,1,1,5,4,5,13,1,1,5,4,5,1,17,1,41,2,9,3,4,7,15,5,10,1,12,,44,,1,21,121.4996936,25.0416013
113,6,29,8,37,2,09北投區,北投區大度路27號,0,0,3,1,C03,8,6,5,50,14,9,1,5,4,5,13,4,4,1,4,5,1,12,1,70,2,7,5,1,7,9,1,10,2,14,12,108,,1,21,121.4969303,25.1211141
113,6,29,8,37,2,09北投區,北投區大度路27號,0,0,3,2,F01,8,6,5,50,14,9,1,5,4,5,13,4,4,1,4,5,1,12,1,53,2,9,4,1,7,9,8,20,2,12,,44,,1,21,121.4969303,25.1211141
113,6,29,8,37,2,09北投區,北投區大度路27號,0,0,3,3,F01,8,6,5,50,14,9,1,5,4,5,13,4,4,1,4,5,1,12,2,47,2,9,4,1,7,9,8,20,2,14,,44,,1,21,121.4969303,25.1211141
113,6,29,9,0,2,02萬華區,萬華區西藏路259巷34號,0,0,1,1,B12,8,5,5,30,14,9,1,5,4,5,13,4,4,10,5,5,2,17,1,57,3,10,7,4,7,13,1,8,2,4,,40,,1,22,121.4937533,25.02776665
113,6,29,9,0,2,02萬華區,萬華區西藏路259巷34號,0,0,1,2,C03,8,5,5,30,14,9,1,5,4,5,13,4,4,10,5,5,2,17,2,49,2,9,6,4,7,9,1,10,2,12,,44,,1,21,121.4937533,25.02776665
113,6,29,9,5,2,11南港區,南港區昆陽街60巷與南港路3段47巷口,0,0,1,1,B03,8,5,5,50,4,1,1,5,4,5,13,3,1,5,5,5,2,15,1,53,3,10,7,1,7,9,3,18,1,1,,84,,1,21,121.5906023,25.0521675
113,6,29,9,5,2,11南港區,南港區昆陽街60巷與南港路3段47巷口,0,0,1,2,B12,8,5,5,50,4,1,1,5,4,5,13,3,1,5,5,5,2,15,1,50,3,10,7,1,7,9,1,8,1,8,,44,,1,21,121.5906023,25.0521675
113,6,29,9,5,2,11南港區,南港區昆陽街60巷與南港路3段47巷口,0,0,1,3,H02,8,5,5,50,4,1,1,5,4,5,13,3,1,5,5,5,2,15,2,47,2,9,3,5,7,20,8,20,10,16,,67,,1,21,121.5906023,25.0521675
113,6,29,9,6,2,12內湖區,內湖區民權東路6段與成功路2段口,0,0,1,1,C03,8,5,5,50,3,2,1,5,4,5,13,4,4,3,4,5,2,12,1,37,3,10,5,1,7,8,1,10,1,12,,100,,1,21,121.5918101,25.0691474
113,6,29,9,6,2,12內湖區,內湖區民權東路6段與成功路2段口,0,0,1,2,C03,8,5,5,50,3,2,1,5,4,5,13,4,4,3,4,5,2,12,1,65,2,7,5,1,7,9,1,10,1,14,,44,,1,21,121.5918101,25.0691474
113,6,29,9,38,2,07信義區,信義區莊敬路374號,0,0,1,1,B12,7,6,5,50,14,9,1,5,4,5,13,4,4,8,3,5,2,17,1,28,3,10,3,4,7,15,1,8,1,1,,16,,1,21,121.5650223,25.0276224
113,6,29,9,38,2,07信義區,信義區莊敬路374號,0,0,1,2,B03,7,6,5,50,14,9,1,5,4,5,13,4,4,8,3,5,2,17,1,62,3,10,3,4,7,15,1,8,1,3,,44,,1,21,121.5650223,25.0276224
113,6,29,9,38,2,07信義區,信義區莊敬路374號,0,0,1,3,H02,7,6,5,50,14,9,1,5,4,5,13,4,4,8,3,5,2,17,2,84,2,1,4,5,7,20,8,20,10,16,,67,,1,21,121.5650223,25.0276224
113,6,29,9,41,2,02萬華區,萬華區艋舺大道120巷與艋舺大道120巷38弄口,0,0,2,1,C03,8,6,5,30,5,1,1,5,4,5,13,4,4,10,5,5,1,15,1,33,2,9,3,4,7,9,1,9,1,15,,14,,1,21,121.502224,25.0319352
113,6,29,9,41,2,02萬華區,萬華區艋舺大道120巷與艋舺大道120巷38弄口,0,0,2,2,C03,8,6,5,30,5,1,1,5,4,5,13,4,4,10,5,5,1,15,1,58,2,7,3,4,7,9,1,10,1,15,,14,,1,21,121.502224,25.0319352
113,6,29,9,43,2,02萬華區,萬華區環河南路2段與長順街口,0,0,3,1,C03,8,6,5,50,4,1,1,5,4,5,13,2,1,1,4,5,2,17,1,41,2,9,6,1,7,5,1,10,2,13,,71,,1,21,121.4907132,25.03137691
113,6,29,9,43,2,02萬華區,萬華區環河南路2段與長順街口,0,0,3,2,C03,8,6,5,50,4,1,1,5,4,5,13,2,1,1,4,5,2,17,1,49,2,9,6,1,7,9,1,9,2,11,,13,,1,21,121.4907132,25.03137691
113,6,29,9,43,2,02萬華區,萬華區環河南路2段與長順街口,0,0,3,3,H02,8,6,5,50,4,1,1,5,4,5,13,2,1,1,4,5,2,17,2,36,2,9,4,5,7,20,8,20,10,16,,67,,1,21,121.4907132,25.03137691
113,6,29,10,5,2,03中山區,中山區民權東路2段與吉林路口,0,0,2,1,C03,8,7,5,50,14,9,1,5,4,5,13,4,4,1,4,5,2,13,1,36,2,9,5,1,7,9,1,10,2,11,,16,,1,21,121.5306059,25.0624992
113,6,29,10,5,2,03中山區,中山區民權東路2段與吉林路口,0,0,2,2,B03,8,7,5,50,14,9,1,5,4,5,13,4,4,1,4,5,2,13,1,42,2,3,7,1,7,9,1,10,2,3,,44,,1,21,121.5306059,25.0624992
113,6,29,10,7,2,11南港區,南港區東新街56號,0,0,1,1,C03,8,6,5,50,14,9,1,5,4,5,13,4,4,5,5,5,2,16,1,49,3,10,5,1,7,11,1,10,2,13,,10,,1,22,121.5857765,25.0478805
113,6,29,10,7,2,11南港區,南港區東新街56號,0,0,1,2,C03,8,6,5,50,14,9,1,5,4,5,13,4,4,5,5,5,2,16,1,70,2,9,5,1,7,9,1,10,2,11,,44,,1,22,121.5857765,25.0478805
113,6,29,10,24,2,11南港區,南港區南港路1段與興中路口,0,0,1,1,B12,8,6,5,50,4,2,1,5,4,5,13,1,1,5,4,4,2,16,1,27,3,10,7,1,7,5,1,8,1,5,,8,,1,21,121.6075323,25.0545416
113,6,29,10,24,2,11南港區,南港區南港路1段與興中路口,0,0,1,2,C03,8,6,5,50,4,2,1,5,4,5,13,1,1,5,4,4,2,16,1,33,2,9,6,1,7,9,1,10,1,11,,44,,1,21,121.6075323,25.0545416
113,6,29,11,14,2,12內湖區,內湖區民權東路6段與舊宗路2段口,0,0,1,1,B03,8,6,5,50,4,2,1,5,4,5,13,2,1,5,4,5,2,17,2,32,3,10,7,1,7,5,1,8,1,5,,71,,1,21,121.5748991,25.06586813
113,6,29,11,14,2,12內湖區,內湖區民權東路6段與舊宗路2段口,0,0,1,2,C03,8,6,5,50,4,2,1,5,4,5,13,2,1,5,4,5,2,17,1,33,2,9,6,1,7,9,1,10,1,11,,44,,1,21,121.5748991,25.06586813
113,6,29,12,15,2,08士林區,士林區德行東路190巷與德行東路190巷31弄口,0,0,1,1,C03,8,6,5,30,4,1,1,5,4,5,13,4,4,10,5,5,2,15,2,40,2,8,6,1,7,9,1,10,1,12,,72,,1,22,121.531809,25.107358
113,6,29,12,15,2,08士林區,士林區德行東路190巷與德行東路190巷31弄口,0,0,1,2,B02,8,6,5,30,4,1,1,5,4,5,13,4,4,10,5,5,2,15,1,41,3,10,7,1,7,9,1,8,1,1,,13,,1,22,121.531809,25.107358
113,6,29,12,17,2,02萬華區,萬華區中華路1段與南寧路口,0,0,1,1,B01,8,6,5,50,5,1,1,5,4,5,13,2,1,1,5,5,2,16,1,44,3,10,7,1,7,6,1,4,1,2,,98,,1,26,121.5066832,25.03733555
113,6,29,12,17,2,02萬華區,萬華區中華路1段與南寧路口,0,0,1,2,C03,8,6,5,50,5,1,1,5,4,5,13,2,1,1,5,5,2,16,1,60,2,9,5,1,7,9,1,10,1,11,,44,,1,21,121.5066832,25.03733555