發生年度,發生月,發生日,發生時-Hours,發生分,處理別-編號,區序,肇事地點,死亡人數,2-30日死亡人數,受傷人數,當事人序號,車種,天候,道路照明設備,道路類別,速限-速度限制,道路型態,事故位置,路面狀況1,路面狀況2,路面狀況3,道路障礙1,道路障礙2,號誌1,號誌2,車道劃分-分向,車道劃分-分道1,車道劃分-分道2,車道劃分-分道3,事故類型及型態,性別,年齡,受傷程度,主要傷處,保護裝置,行動電話,車輛用途,當事者行動狀態,駕駛資格情形,駕駛執照種類,飲酒情形,車輛撞擊部位1,車輛撞擊部位2,肇因碼-個別,肇因碼-主要,個人肇逃否,職業,座標-X,座標-Y
113,6,29,13,5,2,12內湖區,內湖區安美街與潭美街口,0,0,1,1,B03,8,6,5,40,4,1,1,5,4,5,13,2,1,9,4,5,2,16,1,49,3,10,7,1,7,6,1,8,1,2,,9,,1,21,121.5978409,25.0606361
113,6,29,13,5,2,12內湖區,內湖區安美街與潭美街口,0,0,1,2,C03,8,6,5,40,4,1,1,5,4,5,13,2,1,9,4,5,2,16,1,22,2,9,6,1,7,9,1,10,1,14,,44,,1,21,121.5978409,25.0606361
113,6,29,13,34,2,02萬華區,萬華區堤外便道,0,0,3,1,C03,8,7,5,40,14,9,1,5,4,5,13,4,4,10,5,5,2,17,1,20,2,8,5,1,7,11,1,10,1,14,,10,,1,21,121.49172,25.0212734
113,6,29,13,34,2,02萬華區,萬華區堤外便道,0,0,3,2,C03,8,7,5,40,14,9,1,5,4,5,13,4,4,10,5,5,2,17,1,41,2,9,5,1,7,9,1,10,1,11,,32,,1,21,121.49172,25.0212734
113,6,29,13,34,2,02萬華區,萬華區堤外便道,0,0,3,3,H02,8,7,5,40,14,9,1,5,4,5,13,4,4,10,5,5,2,17,2,42,2,9,5,5,7,17,8,20,10,16,,67,,1,21,121.49172,25.0212734
113,6,29,13,50,2,09北投區,北投區公館路130巷與公館路130巷1弄口,0,0,1,1,B03,7,7,5,30,3,1,1,5,4,5,13,4,4,10,5,5,1,16,1,51,3,10,3,4,7,5,1,8,1,1,,8,,1,21,121.5049695,25.12937918
113,6,29,13,50,2,09北投區,北投區公館路130巷與公館路130巷1弄口,0,0,1,2,C03,7,7,5,30,3,1,1,5,4,5,13,4,4,10,5,5,1,16,2,60,2,9,3,4,7,9,1,10,1,12,,13,,1,21,121.5049695,25.12937918
113,6,29,13,50,2,11南港區,南港區南港路1段與經貿一路口,0,0,1,1,A02,8,6,5,50,14,9,1,5,4,5,13,4,4,1,3,5,2,9,1,41,3,10,3,4,7,3,1,6,1,17,,44,,1,22,121.6181038,25.0548338
113,6,29,13,50,2,11南港區,南港區南港路1段與經貿一路口,0,0,1,2,H02,8,6,5,50,14,9,1,5,4,5,13,4,4,1,3,5,2,9,2,24,2,8,3,5,7,19,8,20,10,17,,67,,1,22,121.6181038,25.0548338
113,6,29,13,56,2,12內湖區,內湖區民權東路6段與成功路2段口引道口,0,0,1,1,B01,8,6,5,50,3,2,1,5,4,5,13,4,4,3,4,5,2,17,1,68,3,10,7,1,7,8,1,4,2,6,,100,,1,21,121.5872103,25.07131608
113,6,29,13,56,2,12內湖區,內湖區民權東路6段與成功路2段口引道口,0,0,1,2,C03,8,6,5,50,3,2,1,5,4,5,13,4,4,3,4,5,2,17,2,28,2,9,6,1,7,9,1,10,2,11,,44,,1,21,121.5872103,25.07131608
113,6,29,14,10,2,06松山區,松山區敦化北路內側車道往北(0205662號燈桿)(八德至南京間),0,0,2,1,B03,7,7,5,50,14,7,1,5,4,5,13,4,4,9,4,4,2,13,1,35,3,10,7,1,7,9,1,8,1,1,,108,,1,22,121.5489576,25.05146737
113,6,29,14,10,2,06松山區,松山區敦化北路內側車道往北(0205662號燈桿)(八德至南京間),0,0,2,2,B03,7,7,5,50,14,7,1,5,4,5,13,4,4,9,4,4,2,13,1,37,3,10,7,1,7,14,1,8,1,3,,44,,1,22,121.5489576,25.05146737
113,6,29,14,10,2,06松山區,松山區敦化北路內側車道往北(0205662號燈桿)(八德至南京間),0,0,2,3,H02,7,7,5,50,14,7,1,5,4,5,13,4,4,9,4,4,2,13,2,38,2,6,7,5,7,21,8,20,10,16,,67,,1,22,121.5489576,25.05146737
113,6,29,14,10,2,06松山區,松山區敦化北路內側車道往北(0205662號燈桿)(八德至南京間),0,0,2,4,H02,7,7,5,50,14,7,1,5,4,5,13,4,4,9,4,4,2,13,2,6,2,1,7,5,7,21,8,20,10,16,,67,,1,22,121.5489576,25.05146737
113,6,29,14,26,2,04大安區,大安區忠孝東路4段303號與忠孝東路4段口,0,0,1,1,C03,8,6,5,50,3,2,1,5,4,5,13,4,4,10,4,5,2,17,1,19,3,10,6,1,7,7,1,10,1,15,,100,,1,21,121.5554835,25.0414498
113,6,29,14,26,2,04大安區,大安區忠孝東路4段303號與忠孝東路4段口,0,0,1,2,C03,8,6,5,50,3,2,1,5,4,5,13,4,4,10,4,5,2,17,1,74,2,9,6,1,7,9,1,10,1,12,,44,,1,21,121.5554835,25.0414498
113,6,29,14,41,2,10文山區,文山區辛亥路7段20巷1弄1號,0,0,2,1,C03,7,6,5,30,11,9,1,5,4,5,13,4,4,10,5,5,2,11,1,22,2,9,3,4,7,9,1,10,1,14,,17,,1,22,121.5533515,24.98669933
113,6,29,14,41,2,10文山區,文山區辛亥路7段20巷1弄1號,0,0,2,2,C03,7,6,5,30,11,9,1,5,4,5,13,4,4,10,5,5,2,11,1,27,2,9,3,4,7,9,1,10,1,14,,17,,1,22,121.5533515,24.98669933
113,6,29,14,46,2,05中正區,中正區忠孝東路1段與紹興南街口,0,0,1,1,B03,6,7,5,50,14,9,1,4,4,5,13,4,4,1,4,1,2,17,1,44,3,10,7,1,7,7,1,8,11,17,,17,,2,21,121.5252286,25.04442753
113,6,29,14,46,2,05中正區,中正區忠孝東路1段與紹興南街口,0,0,1,2,C03,6,7,5,50,14,9,1,4,4,5,13,4,4,1,4,1,2,17,1,43,2,9,5,1,7,9,1,10,2,12,,44,,1,21,121.5252286,25.04442753
113,6,29,14,46,2,05中正區,中正區忠孝東路1段與紹興南街口,0,0,1,3,B03,6,7,5,50,14,9,1,4,4,5,13,4,4,1,4,1,2,17,2,68,3,10,7,1,7,14,1,8,9,17,,44,,1,22,121.5252286,25.04442753
113,6,29,15,5,2,02萬華區,萬華區桂林路53號,0,0,2,1,C03,6,6,5,50,14,9,1,4,4,3,10,4,4,9,4,5,2,17,2,23,2,9,6,1,7,1,1,10,1,14,,19,,1,22,121.503142,25.0381411
113,6,29,15,5,2,02萬華區,萬華區桂林路53號,0,0,2,2,C03,6,6,5,50,14,9,1,4,4,3,10,4,4,9,4,5,2,17,1,55,2,9,6,1,7,9,1,10,1,11,,44,,1,22,121.503142,25.0381411
113,6,29,15,5,2,02萬華區,萬華區桂林路53號,0,0,2,3,B01,6,6,5,50,14,9,1,4,4,3,10,4,4,9,4,5,2,17,1,63,3,10,7,1,7,13,1,4,9,17,,38,,1,22,121.503142,25.0381411
113,6,29,15,5,2,02萬華區,萬華區桂林路53號,0,0,2,4,B01,6,6,5,50,14,9,1,4,4,3,10,4,4,9,4,5,2,17,1,57,3,10,7,1,7,13,1,4,9,17,,38,,1,22,121.503142,25.0381411
113,6,29,16,10,2,05中正區,中正區林森南路與青島東路口,0,0,1,1,C03,7,7,5,50,4,1,1,4,4,5,13,1,1,5,4,5,2,17,1,21,2,8,5,1,7,9,1,10,1,11,,60,,1,21,121.5231003,25.0436371
113,6,29,16,10,2,05中正區,中正區林森南路與青島東路口,0,0,1,2,B02,7,7,5,50,4,1,1,4,4,5,13,1,1,5,4,5,2,17,2,36,3,10,7,1,7,6,1,4,1,7,,44,,1,21,121.5231003,25.0436371
113,6,29,16,14,2,07信義區,信義區忠孝東路4段560號,0,0,2,1,B01,6,5,5,50,14,9,1,4,4,5,13,4,4,3,4,5,2,12,1,61,3,10,7,1,7,7,1,8,1,15,,100,,1,21,121.5637928,25.0410945
113,6,29,16,14,2,07信義區,信義區忠孝東路4段560號,0,0,2,2,C03,6,5,5,50,14,9,1,4,4,5,13,4,4,3,4,5,2,12,1,47,2,9,5,1,7,9,1,10,1,14,,16,,1,21,121.5637928,25.0410945
113,6,29,16,14,2,07信義區,信義區忠孝東路4段560號,0,0,2,3,H02,6,5,5,50,14,9,1,4,4,5,13,4,4,3,4,5,2,12,2,44,2,9,5,5,7,20,8,20,10,16,,67,,1,21,121.5637928,25.0410945
113,6,29,16,42,2,04大安區,大安區仁愛路4段與敦化南路1段口,0,0,2,1,C03,8,6,5,50,4,1,1,5,4,5,13,1,1,9,4,5,1,16,1,44,2,7,3,4,7,6,1,10,1,12,,9,,1,21,121.5485731,25.0386815
113,6,29,16,42,2,04大安區,大安區仁愛路4段與敦化南路1段口,0,0,2,2,B03,8,6,5,50,4,1,1,5,4,5,13,1,1,9,4,5,1,16,1,52,3,10,3,4,7,9,1,8,1,8,,44,,1,21,121.5485731,25.0386815
113,6,29,16,42,2,04大安區,大安區仁愛路4段與敦化南路1段口,0,0,2,3,H02,8,6,5,50,4,1,1,5,4,5,13,1,1,9,4,5,1,16,2,49,2,8,3,5,7,21,8,20,10,16,,67,,1,21,121.5485731,25.0386815
113,6,29,16,55,2,12內湖區,內湖區民權東路6段296巷7號,0,0,1,1,C03,8,5,5,50,14,9,1,5,4,5,13,4,4,9,5,5,2,17,1,50,3,10,5,1,7,9,1,10,1,15,,17,,1,21,121.6058268,25.07231718
113,6,29,16,55,2,12內湖區,內湖區民權東路6段296巷7號,0,0,1,2,B03,8,5,5,50,14,9,1,5,4,5,13,4,4,9,5,5,2,17,1,24,3,10,7,1,7,5,1,8,1,6,,44,,1,21,121.6058268,25.07231718
113,6,29,16,55,2,12內湖區,內湖區民權東路6段296巷7號,0,0,1,3,H02,8,5,5,50,14,9,1,5,4,5,13,4,4,9,5,5,2,17,2,52,2,8,5,5,7,21,8,20,10,16,,67,,1,21,121.6058268,25.07231718
113,6,29,17,6,2,10文山區,文山區新光路1段65巷16號,0,0,1,1,B03,8,6,5,30,14,9,1,5,4,5,13,4,4,10,5,5,2,12,1,47,3,10,7,1,7,15,1,8,1,4,,40,,1,21,121.5747573,24.99016248
113,6,29,17,6,2,10文山區,文山區新光路1段65巷16號,0,0,1,2,C03,8,6,5,30,14,9,1,5,4,5,13,4,4,10,5,5,2,12,1,42,2,8,6,1,7,9,1,10,1,12,,108,,1,21,121.5747573,24.99016248
113,6,29,17,50,2,12內湖區,內湖區南京東路6段與新明路312巷口,0,0,1,1,B03,8,6,5,30,3,1,1,5,4,5,13,4,4,9,4,5,2,17,1,35,3,10,7,1,7,9,1,8,9,17,,44,,1,21,121.5813975,25.05667217
113,6,29,17,50,2,12內湖區,內湖區南京東路6段與新明路312巷口,0,0,1,2,C03,8,6,5,30,3,1,1,5,4,5,13,4,4,9,4,5,2,17,1,35,2,9,5,1,7,6,1,10,9,17,,42,,1,21,121.5813975,25.05667217
113,6,29,18,10,2,03中山區,中山區吉林路與吉林路161巷口口,0,0,1,1,B03,8,7,5,50,4,1,1,5,4,5,13,2,1,5,4,5,2,17,1,50,3,10,7,1,7,5,1,8,1,17,,71,,1,22,121.5302956,25.0589527
113,6,29,18,10,2,03中山區,中山區吉林路與吉林路161巷口口,0,0,1,2,C03,8,7,5,50,4,1,1,5,4,5,13,2,1,5,4,5,2,17,1,50,2,9,6,1,7,9,1,10,1,17,,42,,1,22,121.5302956,25.0589527
113,6,29,18,23,2,04大安區,大安區基隆路2段與和平東路3段口,0,0,1,1,B03,7,5,5,50,10,7,1,5,4,5,13,1,1,1,3,4,1,13,1,42,3,10,7,1,7,8,1,8,1,6,,100,,1,21,121.5526112,25.02447741
113,6,29,18,23,2,04大安區,大安區基隆路2段與和平東路3段口,0,0,1,2,C03,7,5,5,50,10,7,1,5,4,5,13,1,1,1,3,4,1,13,1,54,3,10,6,1,7,9,1,10,1,11,,44,,1,21,121.5526112,25.02447741
113,6,29,18,23,2,04大安區,大安區基隆路2段與和平東路3段口,0,0,1,3,C03,7,5,5,50,10,7,1,5,4,5,13,1,1,1,3,4,1,13,2,23,2,8,6,1,7,9,1,10,1,11,,16,,1,21,121.5526112,25.02447741
113,6,29,18,23,2,04大安區,大安區基隆路2段與和平東路3段口,0,0,1,4,H02,7,5,5,50,10,7,1,5,4,5,13,1,1,1,3,4,1,13,2,24,3,10,4,5,7,20,8,20,10,16,,67,,1,21,121.5526112,25.02447741
113,6,29,18,33,2,07信義區,信義區忠孝東路4段345號,0,0,1,1,C03,8,5,5,50,14,9,1,5,4,5,13,4,4,3,3,5,2,17,1,47,3,10,6,4,7,9,3,18,1,11,,80,,1,21,121.5584836,25.0414702
113,6,29,18,33,2,07信義區,信義區忠孝東路4段345號,0,0,1,2,A02,8,5,5,50,14,9,1,5,4,5,13,4,4,3,3,5,2,17,1,46,3,10,3,1,7,14,1,2,1,17,,36,,1,21,121.5584836,25.0414702
113,6,29,18,33,2,07信義區,信義區忠孝東路4段345號,0,0,1,3,H02,8,5,5,50,14,9,1,5,4,5,13,4,4,3,3,5,2,17,2,46,2,7,4,5,7,19,8,20,10,16,,67,,1,21,121.5584836,25.0414702
113,6,29,18,41,2,05中正區,中正區中華路1段與貴陽街1段口,0,0,2,1,C03,6,5,8,50,3,1,1,4,4,5,13,2,1,3,4,4,2,16,1,25,3,10,6,1,7,8,1,10,2,13,,9,,1,21,121.507652,25.0391602
113,6,29,18,41,2,05中正區,中正區中華路1段與貴陽街1段口,0,0,2,2,C03,6,5,8,50,3,1,1,4,4,5,13,2,1,3,4,4,2,16,1,70,2,9,6,1,7,9,1,10,2,11,,44,,1,21,121.507652,25.0391602
113,6,29,18,41,2,05中正區,中正區中華路1段與貴陽街1段口,0,0,2,3,H02,6,5,8,50,3,1,1,4,4,5,13,2,1,3,4,4,2,16,2,67,2,8,6,5,7,20,8,20,10,16,,67,,1,21,121.507652,25.0391602
113,6,29,18,46,2,03中山區,中山區南京東路3段116號,0,0,1,1,C03,8,5,5,40,14,8,1,5,4,5,13,4,4,1,4,4,2,13,1,32,2,9,6,2,7,9,1,10,1,11,,108,,1,21,121.5401956,25.051749
113,6,29,18,46,2,03中山區,中山區南京東路3段116號,0,0,1,2,B01,8,5,5,40,14,8,1,5,4,5,13,4,4,1,4,4,2,13,1,49,3,10,7,1,7,14,1,2,1,7,,38,,1,21,121.5401956,25.051749
113,6,29,19,3,2,01大同區,大同區鄭州路(中興醫院對面）,0,0,1,1,C03,7,5,5,0,14,20,1,5,4,5,13,4,4,10,5,5,2,17,1,24,3,10,5,4,7,3,1,10,1,17,,42,,1,21,121.5088059,25.0501369
113,6,29,19,3,2,01大同區,大同區鄭州路(中興醫院對面）,0,0,1,2,F01,7,5,5,0,14,20,1,5,4,5,13,4,4,10,5,5,2,17,2,54,2,9,4,4,7,9,8,20,1,11,,44,,1,21,121.5088059,25.0501369
113,6,29,19,16,2,04大安區,大安區延吉街77號,0,0,1,1,F01,6,5,5,30,14,9,1,4,4,5,13,2,1,1,5,5,2,17,1,42,3,10,3,4,7,6,8,20,1,17,,98,,1,21,121.5539679,25.0439239
113,6,29,19,16,2,04大安區,大安區延吉街77號,0,0,1,2,C03,6,5,5,30,14,9,1,4,4,5,13,2,1,1,5,5,2,17,1,60,2,9,3,4,7,9,1,10,1,11,,44,,1,21,121.5539679,25.0439239
113,6,29,19,16,2,04大安區,大安區延吉街77號,0,0,1,3,B03,6,5,5,30,14,9,1,4,4,5,13,2,1,1,5,5,2,17,1,31,3,10,3,4,7,14,1,8,1,5,,44,,1,21,121.5539679,25.0439239
113,6,29,19,24,2,06松山區,松山區敦化北路4巷與南京東路3段256巷口,0,0,1,1,C03,7,5,5,30,4,2,1,4,4,5,13,4,4,5,5,5,2,15,1,20,2,9,5,1,7,9,1,10,1,14,,72,,1,21,121.5447046,25.0502199
113,6,29,19,24,2,06松山區,松山區敦化北路4巷與南京東路3段256巷口,0,0,1,2,B03,7,5,5,30,4,2,1,4,4,5,13,4,4,5,5,5,2,15,1,46,3,10,7,1,7,9,1,8,1,5,,14,,1,21,121.5447046,25.0502199
113,6,29,19,36,2,06松山區,松山區延吉街23巷與延吉街口,0,0,1,1,B03,6,5,5,30,4,2,1,4,4,5,13,2,1,9,4,5,1,12,1,67,3,10,7,1,7,15,1,8,1,5,,9,,1,22,121.5535791,25.04620194
113,6,29,19,36,2,06松山區,松山區延吉街23巷與延吉街口,0,0,1,2,C03,6,5,5,30,4,2,1,4,4,5,13,2,1,9,4,5,1,12,1,45,2,9,6,1,7,15,1,10,1,14,,44,,1,22,121.5535791,25.04620194
113,6,29,19,40,2,11南港區,南港區興東街3號,0,0,1,1,B03,7,5,5,30,14,9,1,5,4,5,13,4,4,10,5,5,2,14,1,37,3,10,7,1,7,2,1,8,1,6,,12,,1,21,121.6129019,25.0555361
113,6,29,19,40,2,11南港區,南港區興東街3號,0,0,1,2,C03,7,5,5,30,14,9,1,5,4,5,13,4,4,10,5,5,2,14,1,38,2,7,5,1,7,9,1,10,1,11,,44,,1,21,121.6129019,25.0555361
113,6,29,20,7,2,05中正區,中正區和平西路1段與牯嶺街口口,0,0,1,1,C03,7,5,5,50,4,1,1,4,4,5,13,1,1,1,4,4,2,12,1,21,2,7,5,1,7,9,1,10,1,12,,42,,1,21,121.519219,25.0264175
113,6,29,20,7,2,05中正區,中正區和平西路1段與牯嶺街口口,0,0,1,2,B03,7,5,5,50,4,1,1,4,4,5,13,1,1,1,4,4,2,12,1,46,3,10,3,4,7,15,1,8,1,4,,100,,1,21,121.519219,25.0264175
113,6,29,20,36,2,07信義區,信義區福德街與福德街221巷口,0,0,1,1,B03,8,5,5,50,4,18,1,5,4,5,13,1,1,10,5,5,2,1,1,38,3,10,3,4,7,5,1,8,2,1,,70,,1,21,121.5848876,25.0384706
113,6,29,20,36,2,07信義區,信義區福德街與福德街221巷口,0,0,1,2,H01,8,5,5,50,4,18,1,5,4,5,13,1,1,10,5,5,2,1,1,40,2,8,4,5,8,16,8,20,10,16,,67,,1,21,121.5848876,25.0384706
113,6,29,21,19,2,05中正區,中正區杭州南路1段與杭州南路1段14巷口,0,0,3,1,C03,8,5,5,50,14,9,1,5,4,5,13,4,4,10,4,5,2,13,1,22,2,9,6,1,7,9,1,10,2,11,,16,,1,21,121.5255809,25.0397711
113,6,29,21,19,2,05中正區,中正區杭州南路1段與杭州南路1段14巷口,0,0,3,2,C03,8,5,5,50,14,9,1,5,4,5,13,4,4,10,4,5,2,13,1,21,2,8,6,1,7,12,1,10,2,13,,44,,1,21,121.5255809,25.0397711
113,6,29,21,19,2,05中正區,中正區杭州南路1段與杭州南路1段14巷口,0,0,3,3,B03,8,5,5,50,14,9,1,5,4,5,13,4,4,10,4,5,2,13,1,61,3,10,7,1,7,5,1,8,2,7,,44,,1,21,121.5255809,25.0397711
113,6,29,21,19,2,05中正區,中正區杭州南路1段與杭州南路1段14巷口,0,0,3,4,H02,8,5,5,50,14,9,1,5,4,5,13,4,4,10,4,5,2,13,2,23,2,9,6,5,7,20,8,20,10,16,,67,,1,21,121.5255809,25.0397711
113,6,29,21,39,2,04大安區,大安區新生南路2段與金華街口,0,0,1,1,C03,8,5,5,50,22,20,2,5,4,5,13,4,4,10,5,5,2,10,1,49,3,10,5,1,7,9,6,10,1,11,,99,,1,21,121.5339254,25.0306345
113,6,29,21,39,2,04大安區,大安區新生南路2段與金華街口,0,0,1,2,F01,8,5,5,50,22,20,2,5,4,5,13,4,4,10,5,5,2,10,1,29,2,9,4,1,7,9,8,20,1,11,,108,,1,21,121.5339254,25.0306345
113,6,29,21,47,2,09北投區,北投區公館路與公館路423巷8弄口,0,0,2,1,C03,7,5,5,50,3,2,1,5,4,5,13,4,4,9,4,5,1,17,2,44,3,10,5,1,7,6,1,10,1,13,,9,,1,21,121.5025004,25.12083949
113,6,29,21,47,2,09北投區,北投區公館路與公館路423巷8弄口,0,0,2,2,C03,7,5,5,50,3,2,1,5,4,5,13,4,4,9,4,5,1,17,1,53,2,9,5,1,7,9,1,10,1,11,,44,,1,21,121.5025004,25.12083949
113,6,29,21,47,2,09北投區,北投區公館路與公館路423巷8弄口,0,0,2,3,H03,7,5,5,50,3,2,1,5,4,5,13,4,4,9,4,5,1,17,2,50,2,9,4,5,8,20,8,20,10,16,,67,,1,21,121.5025004,25.12083949
113,6,29,23,40,2,03中山區,中山區北安路與大直街口口,0,0,1,1,B03,7,5,5,50,14,9,1,5,4,5,13,2,1,5,5,5,2,12,1,27,3,10,7,1,7,9,1,8,1,2,,44,,1,22,121.5471771,25.0798833
113,6,29,23,40,2,03中山區,中山區北安路與大直街口口,0,0,1,2,C03,7,5,5,50,14,9,1,5,4,5,13,2,1,5,5,5,2,12,1,19,2,9,6,1,7,9,3,18,1,14,,17,,1,22,121.5471771,25.0798833
113,6,30,3,24,2,03中山區,中山區錦西街3號,0,0,1,1,C04,8,5,5,50,14,9,1,5,4,5,13,4,4,9,5,5,2,12,1,20,2,9,6,1,7,9,1,10,1,12,,42,,1,22,121.5219181,25.0603572
113,6,30,3,24,2,03中山區,中山區錦西街3號,0,0,1,2,B03,8,5,5,50,14,9,1,5,4,5,13,4,4,9,5,5,2,12,1,26,3,10,7,1,7,14,1,8,1,4,,38,,1,22,121.5219181,25.0603572
113,6,30,6,26,2,09北投區,北投區文林北路94巷與明德路18巷口,0,0,1,1,C03,7,6,5,30,14,9,1,5,4,5,13,4,4,9,5,5,2,16,1,30,2,9,5,1,7,6,1,10,1,11,,80,,1,21,121.511223,25.10835473
113,6,30,6,26,2,09北投區,北投區文林北路94巷與明德路18巷口,0,0,1,2,B03,7,6,5,30,14,9,1,5,4,5,13,4,4,9,5,5,2,16,2,47,3,10,7,1,7,9,1,8,1,1,,13,,1,21,121.511223,25.10835473
113,6,30,6,59,2,10文山區,文山區興隆路4段與興隆路4段145巷口,0,0,1,1,B03,8,7,5,50,4,1,1,5,4,5,13,4,4,10,5,5,2,17,1,55,3,10,3,4,7,5,1,8,2,5,,42,,1,21,121.5615928,24.984945
113,6,30,6,59,2,10文山區,文山區興隆路4段與興隆路4段145巷口,0,0,1,2,C03,8,7,5,50,4,1,1,5,4,5,13,4,4,10,5,5,2,17,1,64,2,9,5,4,7,9,1,10,2,11,,42,,1,21,121.5615928,24.984945
113,6,30,7,0,2,11南港區,南港區市民大道7段與中坡北路口口,0,0,1,1,B03,8,6,5,50,4,1,1,5,4,5,13,2,1,1,3,4,1,16,2,32,3,10,3,4,7,5,1,8,2,2,,71,,1,21,121.5801778,25.048941
113,6,30,7,0,2,11南港區,南港區市民大道7段與中坡北路口口,0,0,1,2,C03,8,6,5,50,4,1,1,5,4,5,13,2,1,1,3,4,1,16,1,17,2,9,3,4,7,9,2,18,2,11,,44,,1,21,121.5801778,25.048941
113,6,30,7,13,2,02萬華區,萬華區富民路119號,0,0,1,1,G06,8,6,5,50,14,9,1,5,4,5,13,4,4,7,4,5,1,9,2,43,3,10,3,1,7,9,8,20,9,15,,108,,2,21,121.5001031,25.01786712
113,6,30,7,13,2,02萬華區,萬華區富民路119號,0,0,1,2,H01,8,6,5,50,14,9,1,5,4,5,13,4,4,7,4,5,1,9,2,24,2,6,4,5,8,16,8,20,10,16,,67,,1,22,121.5001031,25.01786712
113,6,30,8,40,2,10文山區,文山區秀明路1段與秀明路1段119巷口,0,0,1,1,C03,8,7,5,50,14,9,1,5,4,5,13,3,1,1,4,5,2,13,1,26,2,9,3,4,7,9,1,10,1,11,,108,,1,21,121.5698187,24.9916702
113,6,30,8,40,2,10文山區,文山區秀明路1段與秀明路1段119巷口,0,0,1,2,B03,8,7,5,50,14,9,1,5,4,5,13,3,1,1,4,5,2,13,1,55,3,10,3,4,7,11,1,8,1,7,,10,,1,21,121.5698187,24.9916702
113,6,30,8,56,2,02萬華區,萬華區華江橋往台北市機慢車道001028燈桿,0,0,1,1,C04,8,6,5,40,8,8,1,5,4,5,13,4,4,1,4,1,2,12,2,73,2,9,6,1,7,9,1,11,1,12,,118,,1,21,121.4877904,25.03550631
113,6,30,8,56,2,02萬華區,萬華區華江橋往台北市機慢車道001028燈桿,0,0,1,2,C03,8,6,5,40,8,8,1,5,4,5,13,4,4,1,4,1,2,12,1,31,3,10,6,1,7,9,1,9,1,11,,118,,1,21,121.4877904,25.03550631
113,6,30,9,11,2,03中山區,中山區劍南路與劍南路326巷口,0,0,1,1,B03,8,5,5,30,3,1,1,5,4,5,13,4,4,10,5,5,2,10,2,73,3,10,7,1,7,9,1,8,1,1,,5,,1,21,121.5514735,25.08986437
113,6,30,9,11,2,03中山區,中山區劍南路與劍南路326巷口,0,0,1,2,F01,8,5,5,30,3,1,1,5,4,5,13,4,4,10,5,5,2,10,2,50,2,9,4,1,7,9,8,20,1,11,,44,,1,21,121.5514735,25.08986437
113,6,30,9,20,2,03中山區,中山區興安街與合江街口,0,0,2,1,C03,8,7,5,40,4,1,1,5,4,5,13,1,1,9,4,5,2,12,1,43,3,10,5,1,7,9,1,10,1,11,,44,,1,21,121.5390838,25.0561157
113,6,30,9,20,2,03中山區,中山區興安街與合江街口,0,0,2,2,C04,8,7,5,40,4,1,1,5,4,5,13,1,1,9,4,5,2,12,1,52,2,8,5,1,7,8,1,10,1,13,,101,,1,21,121.5390838,25.0561157
113,6,30,9,20,2,03中山區,中山區興安街與合江街口,0,0,2,3,H02,8,7,5,40,4,1,1,5,4,5,13,1,1,9,4,5,2,12,2,5,2,9,5,5,7,20,8,20,10,16,,67,,1,21,121.5390838,25.0561157
113,6,30,9,25,2,07信義區,信義區大道路143號,0,0,2,1,B03,8,7,5,50,14,9,1,5,4,5,13,4,4,5,5,5,2,17,1,49,3,10,3,4,7,11,1,8,2,17,,10,,1,21,121.5833696,25.0388541
113,6,30,9,25,2,07信義區,信義區大道路143號,0,0,2,2,C03,8,7,5,50,14,9,1,5,4,5,13,4,4,5,5,5,2,17,1,40,2,9,5,1,7,9,1,10,2,14,,44,,1,21,121.5833696,25.0388541
113,6,30,9,25,2,07信義區,信義區大道路143號,0,0,2,3,H02,8,7,5,50,14,9,1,5,4,5,13,4,4,5,5,5,2,17,2,45,2,8,5,5,7,17,8,20,10,16,,67,,2,21,121.5833696,25.0388541
113,6,30,9,40,2,07信義區,信義區莊敬路391巷與莊敬路391巷2弄口,0,0,1,1,B03,8,6,5,30,4,1,1,5,4,5,13,4,4,10,5,5,2,15,1,50,3,10,7,1,7,9,1,8,1,1,,14,,1,22,121.5656643,25.0279139
113,6,30,9,40,2,07信義區,信義區莊敬路391巷與莊敬路391巷2弄口,0,0,1,2,C03,8,6,5,30,4,1,1,5,4,5,13,4,4,10,5,5,2,15,1,48,2,9,6,1,7,9,1,10,1,12,,72,,1,22,121.5656643,25.0279139
113,6,30,9,42,2,09北投區,北投區中央南路1段與光明路口,0,0,1,1,B03,8,6,5,50,14,9,1,5,4,5,13,3,1,9,4,5,2,12,2,45,3,10,7,1,7,9,1,8,1,8,,84,,1,21,121.5015314,25.1331321
113,6,30,9,42,2,09北投區,北投區中央南路1段與光明路口,0,0,1,2,C03,8,6,5,50,14,9,1,5,4,5,13,3,1,9,4,5,2,12,2,68,2,9,5,1,7,9,1,10,1,12,,44,,1,21,121.5015314,25.1331321
113,6,30,9,51,2,04大安區,大安區基隆路2段與敦化南路2段口,0,0,1,1,B03,8,5,5,50,4,1,1,5,4,5,13,2,1,8,3,1,1,16,1,48,3,10,7,1,7,6,1,8,1,2,,9,,1,21,121.5484234,25.02083462
113,6,30,9,51,2,04大安區,大安區基隆路2段與敦化南路2段口,0,0,1,2,C03,8,5,5,50,4,1,1,5,4,5,13,2,1,8,3,1,1,16,1,68,2,9,5,1,7,6,1,10,1,14,,44,,1,21,121.5484234,25.02083462