發生年度,發生月,發生日,發生時-Hours,發生分,處理別-編號,區序,肇事地點,死亡人數,2-30日死亡人數,受傷人數,當事人序號,車種,天候,道路照明設備,道路類別,速限-速度限制,道路型態,事故位置,路面狀況1,路面狀況2,路面狀況3,道路障礙1,道路障礙2,號誌1,號誌2,車道劃分-分向,車道劃分-分道1,車道劃分-分道2,車道劃分-分道3,事故類型及型態,性別,年齡,受傷程度,主要傷處,保護裝置,行動電話,車輛用途,當事者行動狀態,駕駛資格情形,駕駛執照種類,飲酒情形,車輛撞擊部位1,車輛撞擊部位2,肇因碼-個別,肇因碼-主要,個人肇逃否,職業,座標-X,座標-Y
113,6,30,10,13,2,09北投區,北投區承德路7段與立賢路口,0,0,2,1,C03,8,6,5,60,14,9,1,5,4,5,13,1,1,1,4,5,2,17,1,22,2,7,5,1,7,6,1,10,2,12,,17,,1,21,121.5048104,25.1162591
113,6,30,10,13,2,09北投區,北投區承德路7段與立賢路口,0,0,2,2,C03,8,6,5,60,14,9,1,5,4,5,13,1,1,1,4,5,2,17,2,31,2,9,5,1,7,6,1,10,2,14,,17,,1,21,121.5048104,25.1162591
113,6,30,10,15,2,08士林區,士林區至善路2段與故宮路口,0,0,1,1,B03,8,7,5,50,5,1,1,5,4,5,13,1,1,1,4,5,2,17,2,29,3,10,3,4,7,6,1,8,1,2,,9,,1,21,121.546497,25.09803728
113,6,30,10,15,2,08士林區,士林區至善路2段與故宮路口,0,0,1,2,C03,8,7,5,50,5,1,1,5,4,5,13,1,1,1,4,5,2,17,2,36,2,9,3,4,7,6,1,10,1,14,,44,,1,21,121.546497,25.09803728
113,6,30,10,15,2,08士林區,士林區永公路與菁山路口,0,0,2,1,B12,8,6,5,30,3,2,1,5,4,5,13,4,4,5,5,5,2,17,1,74,3,10,3,4,7,1,1,8,1,4,,19,,1,21,121.5421011,25.1365222
113,6,30,10,15,2,08士林區,士林區永公路與菁山路口,0,0,2,2,C03,8,6,5,30,3,2,1,5,4,5,13,4,4,5,5,5,2,17,2,67,2,9,3,4,7,9,3,18,1,12,,14,,1,21,121.5421011,25.1365222
113,6,30,10,15,2,08士林區,士林區永公路與菁山路口,0,0,2,3,H02,8,6,5,30,3,2,1,5,4,5,13,4,4,5,5,5,2,17,2,42,2,9,3,5,7,20,8,20,10,16,,67,,1,21,121.5421011,25.1365222
113,6,30,10,17,2,12內湖區,內湖區內湖路1段411巷9弄與內湖路1段411巷口,0,0,1,1,C03,8,7,5,30,4,1,1,5,4,5,13,4,4,4,5,5,1,15,1,28,2,9,6,1,7,9,1,10,1,11,,72,,1,21,121.5711136,25.0821578
113,6,30,10,17,2,12內湖區,內湖區內湖路1段411巷9弄與內湖路1段411巷口,0,0,1,2,B03,8,7,5,30,4,1,1,5,4,5,13,4,4,4,5,5,1,15,1,63,3,10,7,1,7,9,1,8,1,5,,44,,1,21,121.5711136,25.0821578
113,6,30,10,20,2,03中山區,中山區復興北路478號,0,0,4,1,C03,8,7,5,50,14,9,1,5,4,5,13,4,4,1,4,5,2,13,1,41,2,9,6,4,7,9,1,10,2,11,,108,,1,21,121.5441931,25.0648425
113,6,30,10,20,2,03中山區,中山區復興北路478號,0,0,4,2,C03,8,7,5,50,14,9,1,5,4,5,13,4,4,1,4,5,2,13,2,44,2,9,5,4,7,9,1,10,2,13,,44,,1,21,121.5441931,25.0648425
113,6,30,10,20,2,03中山區,中山區復興北路478號,0,0,4,3,H02,8,7,5,50,14,9,1,5,4,5,13,4,4,1,4,5,2,13,2,15,2,9,5,5,7,20,8,20,10,16,,67,,1,21,121.5441931,25.0648425
113,6,30,10,20,2,03中山區,中山區復興北路478號,0,0,4,4,H02,8,7,5,50,14,9,1,5,4,5,13,4,4,1,4,5,2,13,2,6,2,9,5,5,7,20,8,20,10,16,,67,,1,21,121.5441931,25.0648425
113,6,30,10,20,2,10文山區,文山區辛亥路6段與木柵路1段口,0,0,2,1,B12,8,7,5,50,4,1,1,5,4,5,13,2,1,1,4,5,2,17,1,53,3,10,3,4,7,6,1,8,1,2,,9,,1,21,121.5522722,24.9879687
113,6,30,10,20,2,10文山區,文山區辛亥路6段與木柵路1段口,0,0,2,2,C03,8,7,5,50,4,1,1,5,4,5,13,2,1,1,4,5,2,17,2,22,2,8,5,4,7,9,1,10,1,11,,44,,1,21,121.5522722,24.9879687
113,6,30,10,20,2,10文山區,文山區辛亥路6段與木柵路1段口,0,0,2,3,H02,8,7,5,50,4,1,1,5,4,5,13,2,1,1,4,5,2,17,2,33,2,8,5,5,7,20,8,20,10,16,,67,,1,21,121.5522722,24.9879687
113,6,30,10,48,2,08士林區,士林區凱旋路與國泰街口,0,0,1,1,B03,8,6,5,30,3,2,1,5,4,5,10,4,4,10,5,5,2,9,1,72,3,10,3,4,7,9,1,8,1,5,,44,,1,21,121.5454123,25.136721
113,6,30,10,48,2,08士林區,士林區凱旋路與國泰街口,0,0,1,2,H01,8,6,5,30,3,2,1,5,4,5,10,4,4,10,5,5,2,9,2,4,2,9,4,5,8,18,8,20,10,16,,53,,1,24,121.5454123,25.136721
113,6,30,10,48,2,08士林區,士林區凱旋路與國泰街口,0,0,1,3,B03,8,6,5,30,3,2,1,5,4,5,10,4,4,10,5,5,2,9,1,42,3,10,3,4,7,14,1,8,1,17,,38,,1,21,121.5454123,25.136721
113,6,30,10,49,2,03中山區,中山區天津街68號與中山北路1段135巷口,0,0,1,1,B12,8,6,5,30,3,1,1,5,4,5,13,4,4,10,3,5,1,17,1,54,3,10,7,1,7,9,1,8,1,1,,72,,1,21,121.5233646,25.05152055
113,6,30,10,49,2,03中山區,中山區天津街68號與中山北路1段135巷口,0,0,1,2,C03,8,6,5,30,3,1,1,5,4,5,13,4,4,10,3,5,1,17,1,26,2,9,5,1,7,9,1,10,1,11,,105,,1,21,121.5233646,25.05152055
113,6,30,11,18,2,09北投區,北投區大度路3段與關渡路口,0,0,1,1,B12,8,6,5,50,3,1,1,5,4,5,13,1,1,10,5,5,2,16,1,41,3,10,7,1,7,6,1,8,2,5,,9,,1,21,121.4694415,25.1228974
113,6,30,11,18,2,09北投區,北投區大度路3段與關渡路口,0,0,1,2,C03,8,6,5,50,3,1,1,5,4,5,13,1,1,10,5,5,2,16,1,19,2,9,5,1,7,9,1,10,2,11,,44,,1,21,121.4694415,25.1228974
113,6,30,11,35,2,02萬華區,萬華區西園路1段與桂林路口,0,0,2,1,C03,8,5,5,50,4,1,1,5,4,5,13,1,1,10,5,5,2,17,2,30,2,9,3,4,7,5,1,10,1,14,,8,,1,21,121.4997499,25.0384483
113,6,30,11,35,2,02萬華區,萬華區西園路1段與桂林路口,0,0,2,2,C03,8,5,5,50,4,1,1,5,4,5,13,1,1,10,5,5,2,17,1,18,3,10,3,4,7,9,1,10,1,12,,44,,1,21,121.4997499,25.0384483
113,6,30,11,35,2,02萬華區,萬華區西園路1段與桂林路口,0,0,2,3,H02,8,5,5,50,4,1,1,5,4,5,13,1,1,10,5,5,2,17,2,41,2,9,3,5,7,20,8,20,10,16,,67,,1,21,121.4997499,25.0384483
113,6,30,11,50,2,10文山區,文山區景興路153巷與景興路153巷14弄口,0,0,1,1,B03,8,6,5,30,4,1,1,5,4,5,13,4,4,10,5,5,2,15,1,64,3,10,7,1,7,9,1,8,2,5,,108,,1,21,121.545326,24.9937859
113,6,30,11,50,2,10文山區,文山區景興路153巷與景興路153巷14弄口,0,0,1,2,F01,8,6,5,30,4,1,1,5,4,5,13,4,4,10,5,5,2,15,2,62,2,9,4,1,7,9,8,20,2,12,,72,,1,21,121.545326,24.9937859
113,6,30,13,0,2,05中正區,中正區思源街與台大水源校區無名巷,0,0,1,1,B03,8,6,5,50,3,1,1,5,4,5,13,2,1,2,4,4,1,16,2,26,3,10,7,1,7,6,1,8,2,5,,9,,1,21,121.5302376,25.01359742
113,6,30,13,0,2,05中正區,中正區思源街與台大水源校區無名巷,0,0,1,2,C03,8,6,5,50,3,1,1,5,4,5,13,2,1,2,4,4,1,16,1,86,2,9,6,1,7,9,1,10,2,14,,44,,1,21,121.5302376,25.01359742
113,6,30,13,18,2,03中山區,中山區復興北路與南京東路3段口,0,0,2,1,C03,8,5,5,50,4,1,1,5,4,5,13,2,1,1,5,5,1,16,1,19,2,9,3,4,7,8,1,10,1,12,,100,,1,21,121.5439556,25.05194301
113,6,30,13,18,2,03中山區,中山區復興北路與南京東路3段口,0,0,2,2,C03,8,5,5,50,4,1,1,5,4,5,13,2,1,1,5,5,1,16,1,31,2,9,3,4,7,9,1,10,1,14,,44,,1,21,121.5439556,25.05194301
113,6,30,14,13,2,10文山區,文山區興隆路3段與萬芳路口,0,0,1,1,B03,8,6,5,50,4,1,1,5,4,5,13,2,1,1,4,5,2,16,2,63,3,10,7,1,7,5,1,8,1,8,,71,,1,21,121.5598472,24.9967734
113,6,30,14,13,2,10文山區,文山區興隆路3段與萬芳路口,0,0,1,2,C03,8,6,5,50,4,1,1,5,4,5,13,2,1,1,4,5,2,16,1,44,2,6,6,1,7,9,1,10,1,14,,44,,1,21,121.5598472,24.9967734
113,6,30,14,16,2,02萬華區,萬華區萬大路388號前,0,0,1,1,C03,8,5,8,50,22,22,1,5,4,5,13,4,4,10,5,5,2,17,1,22,2,9,3,4,7,15,1,10,1,11,,4,,1,21,121.4987024,25.0218724
113,6,30,14,16,2,02萬華區,萬華區萬大路388號前,0,0,1,2,B03,8,5,8,50,22,22,1,5,4,5,13,4,4,10,5,5,2,17,1,67,3,10,3,4,7,15,1,8,1,8,,44,,1,21,121.4987024,25.0218724
113,6,30,14,18,2,01大同區,大同區南京西路與太原路口口,0,0,1,1,B03,7,6,5,50,4,1,1,5,4,5,13,2,1,1,5,5,2,16,1,55,3,10,7,1,7,5,1,8,1,5,,8,,1,21,121.5161188,25.0535825
113,6,30,14,18,2,01大同區,大同區南京西路與太原路口口,0,0,1,2,C03,7,6,5,50,4,1,1,5,4,5,13,2,1,1,5,5,2,16,1,22,2,9,6,1,7,9,1,10,1,11,,44,,1,21,121.5161188,25.0535825
113,6,30,14,39,2,08士林區,士林區延平北路7段106巷與延平北路7段106巷口台北花卉村停車場出入口處,0,0,1,1,B03,8,5,5,30,3,2,1,5,4,5,13,3,1,10,5,5,2,16,1,41,3,10,7,1,7,5,1,8,1,8,,80,,1,21,121.5003455,25.095177
113,6,30,14,39,2,08士林區,士林區延平北路7段106巷與延平北路7段106巷口台北花卉村停車場出入口處,0,0,1,2,C03,8,5,5,30,3,2,1,5,4,5,13,3,1,10,5,5,2,16,1,22,2,9,5,1,7,9,1,10,1,11,,108,,1,21,121.5003455,25.095177
113,6,30,14,40,2,01大同區,大同區民權西路與民權西路口加油站入口,0,0,1,1,C03,8,6,5,50,5,2,1,5,4,5,13,4,4,1,5,5,2,16,1,24,3,10,6,1,7,6,1,10,1,12,,9,,1,21,121.514031,25.0628817
113,6,30,14,40,2,01大同區,大同區民權西路與民權西路口加油站入口,0,0,1,2,C04,8,6,5,50,5,2,1,5,4,5,13,4,4,1,5,5,2,16,2,27,2,9,6,1,7,9,1,10,1,11,,44,,1,21,121.514031,25.0628817
113,6,30,14,42,2,10文山區,文山區木新路3段74巷15號,0,0,1,1,C03,8,7,5,50,14,9,1,5,4,5,13,4,4,9,5,5,2,16,1,21,3,10,5,1,7,15,1,10,1,11,,42,,1,21,121.5631363,24.9835457
113,6,30,14,42,2,10文山區,文山區木新路3段74巷15號,0,0,1,2,C04,8,7,5,50,14,9,1,5,4,5,13,4,4,9,5,5,2,16,2,72,2,9,5,1,7,9,1,8,1,11,,108,,1,21,121.5631363,24.9835457
113,6,30,14,50,2,05中正區,中正區金華街26號,0,0,1,1,B03,7,7,5,50,14,9,1,5,4,5,13,4,4,9,5,5,2,12,1,49,3,10,7,1,7,4,1,8,2,5,,17,,1,22,121.52093,25.031478
113,6,30,14,50,2,05中正區,中正區金華街26號,0,0,1,2,C03,7,7,5,50,14,9,1,5,4,5,13,4,4,9,5,5,2,12,2,69,2,2,6,1,7,9,1,10,2,14,,44,,1,22,121.52093,25.031478
113,6,30,15,10,2,07信義區,信義區信義路5段18號,0,0,1,2,B03,7,6,8,50,22,22,1,5,4,5,13,1,1,1,4,5,2,9,1,35,3,10,7,1,7,9,1,8,2,5,,70,,1,22,121.5636868,25.0329146
113,6,30,15,10,2,07信義區,信義區信義路5段18號,0,0,1,1,H01,7,6,8,50,22,22,1,5,4,5,13,1,1,1,4,5,2,9,1,81,2,7,4,5,8,20,8,20,10,16,,122,,1,22,121.5636868,25.0329146
113,6,30,15,24,2,12內湖區,內湖區瑞光路與江南街71巷16弄口,0,0,2,1,C03,6,7,5,50,4,1,1,4,4,5,13,1,1,4,4,5,1,17,1,33,2,9,6,1,7,6,1,10,1,12,,9,,1,21,121.5770386,25.075152
113,6,30,15,24,2,12內湖區,內湖區瑞光路與江南街71巷16弄口,0,0,2,2,C03,6,7,5,50,4,1,1,4,4,5,13,1,1,4,4,5,1,17,2,24,2,9,6,1,7,9,1,10,1,14,,108,,1,21,121.5770386,25.075152
113,6,30,15,51,2,12內湖區,內湖區民權東路6段136巷與民權東路6段136巷46弄口附近,0,0,1,1,C03,8,6,5,30,3,2,1,5,4,5,13,4,4,9,4,5,2,16,1,18,3,10,5,1,7,5,1,10,1,12,,44,,1,21,121.5877432,25.06673093
113,6,30,15,51,2,12內湖區,內湖區民權東路6段136巷與民權東路6段136巷46弄口附近,0,0,1,2,C03,8,6,5,30,3,2,1,5,4,5,13,4,4,9,4,5,2,16,1,30,2,9,5,1,7,9,1,10,1,14,,44,,1,21,121.5877432,25.06673093
113,6,30,15,54,2,04大安區,大安區忠孝東路4段177號,0,0,2,1,B01,6,6,5,50,14,9,1,4,4,5,13,4,4,1,4,5,2,17,1,62,3,10,3,4,7,8,1,4,1,5,,100,,1,21,121.5506825,25.0416
113,6,30,15,54,2,04大安區,大安區忠孝東路4段177號,0,0,2,2,C03,6,6,5,50,14,9,1,4,4,5,13,4,4,1,4,5,2,17,1,20,2,9,5,1,7,9,1,10,1,14,,44,,1,21,121.5506825,25.0416
113,6,30,15,54,2,04大安區,大安區忠孝東路4段177號,0,0,2,3,H02,6,6,5,50,14,9,1,4,4,5,13,4,4,1,4,5,2,17,2,20,2,9,5,5,7,20,8,20,10,16,,67,,1,21,121.5506825,25.0416
113,6,30,16,45,2,07信義區,信義區松勇路31號,0,0,1,1,,7,7,8,30,22,22,1,5,4,5,13,4,4,9,4,5,2,17,4,0,,,,,,,,,,,,119,,2,,121.5697941,25.0374138
113,6,30,16,45,2,07信義區,信義區松勇路31號,0,0,1,2,F01,7,7,8,30,22,22,1,5,4,5,13,4,4,9,4,5,2,17,1,14,2,8,4,1,7,9,8,20,1,12,,44,,1,22,121.5697941,25.0374138
113,6,30,17,12,2,08士林區,士林區中山北路7段52號前,0,0,1,1,C03,8,7,5,50,14,9,1,5,4,5,13,4,4,1,4,5,2,13,1,39,2,8,6,1,7,9,1,10,1,11,,16,,1,21,121.5312543,25.1205939
113,6,30,17,12,2,08士林區,士林區中山北路7段52號前,0,0,1,2,B03,8,7,5,50,14,9,1,5,4,5,13,4,4,1,4,5,2,13,1,23,3,10,7,1,7,12,1,8,1,7,,44,,1,21,121.5312543,25.1205939
113,6,30,17,51,2,04大安區,大安區復興南路1段66號,0,0,1,1,C03,8,6,5,50,14,9,1,5,4,5,13,4,4,1,4,5,2,17,2,33,2,9,5,1,7,9,1,10,1,11,,16,,1,21,121.5437796,25.0444972
113,6,30,17,51,2,04大安區,大安區復興南路1段66號,0,0,1,2,B03,8,6,5,50,14,9,1,5,4,5,13,4,4,1,4,5,2,17,1,48,3,10,3,4,7,9,1,8,1,3,,44,,1,21,121.5437796,25.0444972
113,6,30,17,51,2,04大安區,大安區復興南路1段66號,0,0,1,3,C03,8,6,5,50,14,9,1,5,4,5,13,4,4,1,4,5,2,17,2,41,3,10,5,1,7,9,1,10,1,14,,44,,1,21,121.5437796,25.0444972
113,6,30,18,8,2,06松山區,松山區長安東路2段與復興北路口,0,0,4,1,C03,8,5,5,50,4,1,1,5,4,5,13,1,1,9,4,5,2,17,2,40,2,9,6,4,7,8,1,10,1,12,,100,,1,22,121.5440697,25.04827739
113,6,30,18,8,2,06松山區,松山區長安東路2段與復興北路口,0,0,4,2,C03,8,5,5,50,4,1,1,5,4,5,13,1,1,9,4,5,2,17,2,37,2,9,6,4,7,9,1,10,1,11,,17,,1,22,121.5440697,25.04827739
113,6,30,18,8,2,06松山區,松山區長安東路2段與復興北路口,0,0,4,3,H02,8,5,5,50,4,1,1,5,4,5,13,1,1,9,4,5,2,17,2,11,2,9,6,5,7,20,8,20,10,16,,67,,1,21,121.5440697,25.04827739
113,6,30,18,8,2,06松山區,松山區長安東路2段與復興北路口,0,0,4,4,H02,8,5,5,50,4,1,1,5,4,5,13,1,1,9,4,5,2,17,1,3,2,9,6,5,7,20,8,20,10,16,,67,,1,21,121.5440697,25.04827739
113,6,30,18,16,2,08士林區,士林區忠誠路2段天母運動公園前,0,0,1,1,B02,8,5,5,40,14,8,1,5,4,5,13,4,4,1,4,4,2,17,1,35,3,10,3,4,7,9,1,8,1,1,,107,,1,21,121.5332752,25.1151679
113,6,30,18,16,2,08士林區,士林區忠誠路2段天母運動公園前,0,0,1,2,F01,8,5,5,40,14,8,1,5,4,5,13,4,4,1,4,4,2,17,1,46,2,9,4,4,7,9,8,20,1,13,,44,,1,21,121.5332752,25.1151679
113,6,30,19,8,2,08士林區,士林區中正路與士商路口,0,0,1,1,B03,8,5,5,50,4,2,1,5,4,5,13,2,1,3,4,5,1,3,1,49,3,10,3,4,7,5,1,8,1,8,,70,,1,21,121.5187079,25.0923822
113,6,30,19,8,2,08士林區,士林區中正路與士商路口,0,0,1,2,H01,8,5,5,50,4,2,1,5,4,5,13,2,1,3,4,5,1,3,1,34,2,9,4,5,8,16,8,20,10,16,,67,,1,21,121.5187079,25.0923822
113,6,30,19,29,2,08士林區,士林區天母東路69巷與天母東路69巷12弄口,0,0,1,1,C03,8,5,5,40,3,1,1,5,4,5,13,4,4,5,5,5,2,13,1,36,2,8,6,1,7,9,1,10,1,11,,108,,1,21,121.5343633,25.1188657
113,6,30,19,29,2,08士林區,士林區天母東路69巷與天母東路69巷12弄口,0,0,1,2,B03,8,5,5,40,3,1,1,5,4,5,13,4,4,5,5,5,2,13,1,39,3,10,3,4,7,12,1,3,1,3,,14,,1,21,121.5343633,25.1188657
113,6,30,20,26,2,06松山區,松山區復興南路1段43號,0,0,1,1,H01,8,5,5,0,14,9,1,5,4,5,13,4,4,1,4,5,1,6,1,83,2,1,4,5,8,18,8,20,1,16,,121,,1,22,121.5439294,25.045331
113,6,30,20,26,2,06松山區,松山區復興南路1段43號,0,0,1,2,B03,8,5,5,0,14,9,1,5,4,5,13,4,4,1,4,5,1,6,1,51,3,10,7,1,7,9,1,8,1,1,,44,,1,22,121.5439294,25.045331
113,6,30,21,51,2,07信義區,信義區松仁路與松廉路口,0,0,1,1,B03,8,5,5,50,3,2,1,5,4,5,13,4,4,1,3,5,2,16,1,24,3,10,3,4,7,6,1,8,1,5,,9,,1,21,121.5682051,25.0340438
113,6,30,21,51,2,07信義區,信義區松仁路與松廉路口,0,0,1,2,C03,8,5,5,50,3,2,1,5,4,5,13,4,4,1,3,5,2,16,1,19,2,9,6,1,7,9,1,10,1,14,,108,,1,21,121.5682051,25.0340438
113,6,30,22,31,2,08士林區,士林區基河路與承德路4段77巷口,0,0,2,1,F01,8,5,5,50,3,2,1,5,4,5,13,3,1,9,5,5,1,15,1,35,3,10,4,1,7,9,8,20,1,14,,99,,1,21,121.5241767,25.08193876
113,6,30,22,31,2,08士林區,士林區基河路與承德路4段77巷口,0,0,2,2,C03,8,5,5,50,3,2,1,5,4,5,13,3,1,9,5,5,1,15,1,18,2,9,5,1,7,9,1,10,1,11,,13,,1,21,121.5241767,25.08193876
113,6,30,22,31,2,08士林區,士林區基河路與承德路4段77巷口,0,0,2,3,B03,8,5,5,50,3,2,1,5,4,5,13,3,1,9,5,5,1,15,2,29,3,10,7,1,7,13,1,8,11,2,,44,,1,21,121.5241767,25.08193876
113,6,30,22,31,2,08士林區,士林區基河路與承德路4段77巷口,0,0,2,4,H02,8,5,5,50,3,2,1,5,4,5,13,3,1,9,5,5,1,15,1,18,2,9,5,5,7,20,8,20,10,16,,67,,1,21,121.5241767,25.08193876
113,6,30,23,52,2,12內湖區,內湖區瑞光路與瑞光路258巷口,0,0,1,1,B03,8,5,5,50,4,1,1,5,4,5,13,1,1,8,3,5,1,15,1,71,3,10,7,1,7,9,1,8,1,2,,84,,1,21,121.576076,25.07574342
113,6,30,23,52,2,12內湖區,內湖區瑞光路與瑞光路258巷口,0,0,1,2,C03,8,5,5,50,4,1,1,5,4,5,13,1,1,8,3,5,1,15,1,19,2,9,6,1,7,9,1,10,1,11,,108,,1,21,121.576076,25.07574342
113,7,1,0,5,2,10文山區,文山區試院路144巷與試院路144巷2弄口口,0,0,1,1,B01,8,5,5,30,3,1,1,5,4,5,13,4,4,10,5,5,2,14,2,45,3,10,7,1,7,2,1,4,2,3,,12,,1,21,121.5472738,24.9901903
113,7,1,0,5,2,10文山區,文山區試院路144巷與試院路144巷2弄口口,0,0,1,2,B03,8,5,5,30,3,1,1,5,4,5,13,4,4,10,5,5,2,14,1,61,3,10,7,1,7,13,1,6,1,4,,38,,1,21,121.5472738,24.9901903
113,7,1,0,5,2,10文山區,文山區試院路144巷與試院路144巷2弄口口,0,0,1,3,H01,8,5,5,30,3,1,1,5,4,5,13,4,4,10,5,5,2,14,2,31,2,7,4,5,8,16,8,20,10,16,,67,,1,21,121.5472738,24.9901903
113,7,1,4,6,2,07信義區,信義區信安街67巷與嘉興街181巷口,0,0,2,1,C03,8,5,5,50,4,2,1,5,4,5,13,1,1,4,3,5,2,16,1,73,2,9,6,1,7,5,1,10,1,11,,71,,1,21,121.5576039,25.0260494
113,7,1,4,6,2,07信義區,信義區信安街67巷與嘉興街181巷口,0,0,2,2,C03,8,5,5,50,4,2,1,5,4,5,13,1,1,4,3,5,2,16,1,25,2,9,6,1,7,9,1,10,1,11,,44,,1,21,121.5576039,25.0260494
113,7,1,6,1,2,08士林區,士林區雨農路與中正路口,0,0,1,1,B02,8,5,5,50,5,1,1,5,4,5,13,2,1,1,1,5,1,3,1,46,3,10,7,1,7,6,1,4,1,5,,70,,1,21,121.5319638,25.0965311
113,7,1,6,1,2,08士林區,士林區雨農路與中正路口,0,0,1,2,H01,8,5,5,50,5,1,1,5,4,5,13,2,1,1,1,5,1,3,2,65,2,9,4,5,8,16,8,20,1,16,,67,,1,21,121.5319638,25.0965311
113,7,1,7,6,2,11南港區,南港區成福路與成福路107巷口口,0,0,1,1,B02,8,7,5,50,4,1,1,5,4,5,13,4,4,5,4,5,2,16,1,27,3,10,7,1,7,5,1,8,1,8,,74,,1,21,121.58723,25.0422586
113,7,1,7,6,2,11南港區,南港區成福路與成福路107巷口口,0,0,1,2,C03,8,7,5,50,4,1,1,5,4,5,13,4,4,5,4,5,2,16,2,52,2,9,6,1,7,9,1,10,1,12,,16,,1,21,121.58723,25.0422586
113,7,1,7,39,2,04大安區,大安區建國南路1段與建國南路1段304巷口,0,0,1,1,C03,8,7,5,50,3,1,1,5,4,3,10,4,4,10,3,5,1,13,2,66,2,9,5,1,7,10,1,10,1,11,,100,,1,22,121.5374852,25.0357895
113,7,1,7,39,2,04大安區,大安區建國南路1段與建國南路1段304巷口,0,0,1,2,C03,8,7,5,50,3,1,1,5,4,3,10,4,4,10,3,5,1,13,1,59,3,10,5,1,7,12,1,10,1,13,,44,,1,22,121.5374852,25.0357895
113,7,1,7,39,2,04大安區,大安區建國南路1段與建國南路1段304巷口,0,0,1,3,B02,8,7,5,50,3,1,1,5,4,3,10,4,4,10,3,5,1,13,1,54,3,10,3,4,7,6,1,8,1,17,,9,,1,22,121.5374852,25.0357895
113,7,1,8,4,2,01大同區,大同區延平北路4段與民族西路口,0,0,1,1,C03,8,6,5,50,5,1,1,5,4,5,13,2,1,5,4,5,2,17,1,18,3,10,5,4,7,9,3,18,2,12,,94,,1,22,121.5108765,25.0688013
113,7,1,8,4,2,01大同區,大同區延平北路4段與民族西路口,0,0,1,2,C03,8,6,5,50,5,1,1,5,4,5,13,2,1,5,4,5,2,17,2,48,2,9,6,4,7,5,1,10,2,11,,44,,1,22,121.5108765,25.0688013
113,7,1,8,5,2,01大同區,大同區環河北路1段與涼州街口,0,0,2,1,B01,8,5,5,50,3,2,1,5,4,5,13,4,4,1,4,4,2,13,1,70,3,10,7,1,7,7,6,4,1,17,,14,,1,22,121.5085324,25.0605419
113,7,1,8,5,2,01大同區,大同區環河北路1段與涼州街口,0,0,2,2,C03,8,5,5,50,3,2,1,5,4,5,13,4,4,1,4,4,2,13,1,48,3,10,6,1,7,1,1,10,1,13,,44,,1,22,121.5085324,25.0605419
113,7,1,8,5,2,01大同區,大同區環河北路1段與涼州街口,0,0,2,3,C03,8,5,5,50,3,2,1,5,4,5,13,4,4,1,4,4,2,13,2,29,2,9,6,1,7,1,1,10,1,11,,108,,1,22,121.5085324,25.0605419
113,7,1,8,5,2,01大同區,大同區環河北路1段與涼州街口,0,0,2,4,C03,8,5,5,50,3,2,1,5,4,5,13,4,4,1,4,4,2,13,1,40,3,10,6,1,7,1,1,10,1,13,,44,,1,22,121.5085324,25.0605419
113,7,1,8,5,2,01大同區,大同區環河北路1段與涼州街口,0,0,2,5,C03,8,5,5,50,3,2,1,5,4,5,13,4,4,1,4,4,2,13,1,41,2,9,6,1,7,1,1,10,1,11,,108,,1,22,121.5085324,25.0605419
113,7,1,8,5,2,01大同區,大同區環河北路1段與涼州街口,0,0,2,6,C03,8,5,5,50,3,2,1,5,4,5,13,4,4,1,4,4,2,13,2,50,3,10,6,1,7,1,1,10,1,17,,44,,1,22,121.5085324,25.0605419
113,7,1,8,27,2,01大同區,大同區南京西路76號,0,0,2,1,B01,8,6,5,50,14,9,1,5,4,5,13,4,4,1,4,5,2,17,1,55,4,11,3,4,7,21,7,19,11,15,,118,,2,22,121.5183591,25.0530858
113,7,1,8,27,2,01大同區,大同區南京西路76號,0,0,2,2,C03,8,6,5,50,14,9,1,5,4,5,13,4,4,1,4,5,2,17,1,26,2,9,3,4,7,9,1,10,1,11,,16,,1,21,121.5183591,25.0530858
113,7,1,8,27,2,01大同區,大同區南京西路76號,0,0,2,3,C03,8,6,5,50,14,9,1,5,4,5,13,4,4,1,4,5,2,17,1,28,2,9,3,4,7,9,1,10,1,13,,118,,1,21,121.5183591,25.0530858
113,7,1,8,30,2,03中山區,中山區南京東路3段210號,0,0,1,1,C03,8,5,5,50,14,7,1,5,4,5,13,4,4,1,4,4,2,12,1,54,3,10,6,1,7,9,1,10,1,12,,33,,1,21,121.5433639,25.05178995
113,7,1,8,30,2,03中山區,中山區南京東路3段210號,0,0,1,2,C03,8,5,5,50,14,7,1,5,4,5,13,4,4,1,4,4,2,12,2,25,2,9,6,1,7,9,1,10,1,14,,44,,1,21,121.5433639,25.05178995
113,7,1,8,42,2,12內湖區,內湖區東湖路與東湖路7巷口,0,0,1,1,B03,8,6,5,50,3,1,1,5,4,5,13,4,4,5,4,5,2,14,1,47,3,10,7,1,7,2,1,8,1,3,,12,,1,21,121.612555,25.0688885
113,7,1,8,42,2,12內湖區,內湖區東湖路與東湖路7巷口,0,0,1,2,C03,8,6,5,50,3,1,1,5,4,5,13,4,4,5,4,5,2,14,2,28,2,9,5,1,7,9,1,10,1,14,,44,,1,21,121.612555,25.0688885
113,7,1,8,43,2,01大同區,大同區南京西路與南京西路302巷口,0,0,1,1,C03,8,6,5,50,4,1,1,5,4,5,13,4,4,5,4,5,2,15,1,71,3,10,6,4,7,9,1,10,1,12,,72,,1,22,121.5135087,25.0539655