發生年度,發生月,發生日,發生時-Hours,發生分,處理別-編號,區序,肇事地點,死亡人數,2-30日死亡人數,受傷人數,當事人序號,車種,天候,道路照明設備,道路類別,速限-速度限制,道路型態,事故位置,路面狀況1,路面狀況2,路面狀況3,道路障礙1,道路障礙2,號誌1,號誌2,車道劃分-分向,車道劃分-分道1,車道劃分-分道2,車道劃分-分道3,事故類型及型態,性別,年齡,受傷程度,主要傷處,保護裝置,行動電話,車輛用途,當事者行動狀態,駕駛資格情形,駕駛執照種類,飲酒情形,車輛撞擊部位1,車輛撞擊部位2,肇因碼-個別,肇因碼-主要,個人肇逃否,職業,座標-X,座標-Y
113,7,1,8,43,2,01大同區,大同區南京西路與南京西路302巷口,0,0,1,2,C03,8,6,5,50,4,1,1,5,4,5,13,4,4,5,4,5,2,15,2,48,2,9,6,4,7,9,1,10,1,11,,44,,1,22,121.5135087,25.0539655
113,7,1,8,45,2,05中正區,中正區忠孝東路1段17號,0,0,1,1,C03,8,6,5,50,14,9,1,5,4,5,13,4,4,3,4,5,2,13,1,33,2,8,6,1,7,9,1,10,1,11,,16,,1,22,121.5241284,25.0447177
113,7,1,8,45,2,05中正區,中正區忠孝東路1段17號,0,0,1,2,C03,8,6,5,50,14,9,1,5,4,5,13,4,4,3,4,5,2,13,1,47,3,10,6,1,7,12,1,10,1,13,,44,,1,22,121.5241284,25.0447177
113,7,1,8,45,2,05中正區,中正區忠孝東路1段17號,0,0,1,3,C03,8,6,5,50,14,9,1,5,4,5,13,4,4,3,4,5,2,13,1,26,3,10,6,1,7,3,1,10,9,17,,44,,1,22,121.5241284,25.0447177
113,7,1,8,46,2,11南港區,南港區南港路3段232號,0,0,1,1,B01,8,6,5,50,14,9,1,5,4,5,13,4,4,4,3,5,2,17,1,59,3,10,3,4,7,7,1,4,2,3,,44,,1,22,121.5855674,25.0527904
113,7,1,8,46,2,11南港區,南港區南港路3段232號,0,0,1,2,C03,8,6,5,50,14,9,1,5,4,5,13,4,4,4,3,5,2,17,1,20,2,9,3,4,7,15,1,10,2,11,,108,,1,22,121.5855674,25.0527904
113,7,1,8,55,2,03中山區,中山區北安路與明水路口,0,0,1,1,C03,8,5,5,50,5,2,1,5,4,5,13,2,1,3,4,5,2,17,1,31,2,9,3,4,7,4,1,10,1,14,,108,,1,21,121.5524509,25.0857355
113,7,1,8,55,2,03中山區,中山區北安路與明水路口,0,0,1,2,B03,8,5,5,50,5,2,1,5,4,5,13,2,1,3,4,5,2,17,1,53,3,10,3,4,7,6,1,4,1,2,,9,,1,21,121.5524509,25.0857355
113,7,1,9,6,2,05中正區,中正區永春街258號前,0,0,1,1,,8,6,5,30,14,9,1,5,4,4,12,4,4,10,5,5,1,29,3,27,,,,,,,,,,,,128,,1,,121.5276428,25.0132734
113,7,1,9,6,2,05中正區,中正區永春街258號前,0,0,1,2,C03,8,6,5,30,14,9,1,5,4,4,12,4,4,10,5,5,1,29,2,45,2,9,5,1,7,9,1,11,2,14,,108,,1,21,121.5276428,25.0132734
113,7,1,9,6,2,08士林區,士林區中山北路5段與雙溪街口,0,0,1,1,C03,8,5,5,50,5,1,1,5,4,5,13,3,1,5,5,5,2,16,1,68,2,8,5,1,7,6,1,10,1,11,,71,,1,21,121.5262345,25.1007917
113,7,1,9,6,2,08士林區,士林區中山北路5段與雙溪街口,0,0,1,2,B03,8,5,5,50,5,1,1,5,4,5,13,3,1,5,5,5,2,16,1,46,3,10,7,1,7,9,1,8,1,6,,44,,1,21,121.5262345,25.1007917
113,7,1,9,11,2,06松山區,松山區光復南路與八德路4段口,0,0,2,1,C03,8,6,5,50,4,1,1,5,4,5,13,2,1,1,4,5,2,12,1,41,2,9,6,1,7,7,1,10,2,12,,100,,1,21,121.557912,25.0480755
113,7,1,9,11,2,06松山區,松山區光復南路與八德路4段口,0,0,2,2,C03,8,6,5,50,4,1,1,5,4,5,13,2,1,1,4,5,2,12,2,29,2,9,6,1,7,9,1,10,2,14,,44,,1,21,121.557912,25.0480755
113,7,1,9,30,2,03中山區,中山區北安路與北安路630巷口,0,0,1,1,B03,8,5,5,50,4,1,1,5,4,5,13,1,1,1,4,5,2,16,1,42,3,10,7,1,7,5,1,8,1,5,,71,,1,21,121.5490565,25.0828572
113,7,1,9,30,2,03中山區,中山區北安路與北安路630巷口,0,0,1,2,C03,8,5,5,50,4,1,1,5,4,5,13,1,1,1,4,5,2,16,2,23,2,9,6,1,7,9,1,10,1,11,,44,,1,21,121.5490565,25.0828572
113,7,1,9,34,2,08士林區,士林區延平北路5段與延平北路5段163巷口,0,0,1,1,F01,8,7,5,50,3,2,1,5,4,5,13,1,1,1,4,5,2,17,1,73,3,10,4,4,7,5,8,20,2,17,,8,,1,21,121.5101764,25.0827777
113,7,1,9,34,2,08士林區,士林區延平北路5段與延平北路5段163巷口,0,0,1,2,C03,8,7,5,50,3,2,1,5,4,5,13,1,1,1,4,5,2,17,1,68,2,9,3,4,7,9,1,10,2,11,,16,,1,21,121.5101764,25.0827777
113,7,1,9,34,2,08士林區,士林區延平北路5段與延平北路5段163巷口,0,0,1,3,C03,8,7,5,50,3,2,1,5,4,5,13,1,1,1,4,5,2,17,1,51,3,10,3,4,7,12,1,10,2,13,,44,,1,21,121.5101764,25.0827777
113,7,1,9,34,2,12內湖區,內湖區行善路158號,0,0,1,1,B01,8,7,5,50,14,9,1,5,4,5,13,4,4,8,3,4,2,17,1,61,3,10,7,1,7,11,1,8,1,5,,10,,1,21,121.5781655,25.0578579
113,7,1,9,34,2,12內湖區,內湖區行善路158號,0,0,1,2,C03,8,7,5,50,14,9,1,5,4,5,13,4,4,8,3,4,2,17,1,20,2,9,6,4,7,9,1,10,1,14,,108,,1,21,121.5781655,25.0578579
113,7,1,9,36,2,08士林區,士林區承德路5段80號,0,0,2,1,B12,8,5,5,50,14,8,1,5,4,5,13,4,4,3,5,4,1,17,1,63,2,9,7,1,7,1,1,8,1,4,,19,,1,21,121.5141557,25.0950881
113,7,1,9,36,2,08士林區,士林區承德路5段80號,0,0,2,2,C03,8,5,5,50,14,8,1,5,4,5,13,4,4,3,5,4,1,17,1,28,2,9,6,1,7,9,1,10,1,11,,44,,1,21,121.5141557,25.0950881
113,7,1,9,40,2,12內湖區,內湖區港墘路221巷35號,0,0,1,1,B03,8,6,5,50,3,1,1,5,4,5,13,4,4,5,5,5,2,17,1,65,3,10,7,1,7,5,1,8,1,1,,72,,1,21,121.5744561,25.0738135
113,7,1,9,40,2,12內湖區,內湖區港墘路221巷35號,0,0,1,2,C03,8,6,5,50,3,1,1,5,4,5,13,4,4,5,5,5,2,17,1,24,2,9,6,1,7,9,1,10,1,12,,14,,1,21,121.5744561,25.0738135
113,7,1,9,52,2,04大安區,大安區復興南路2段319號,0,0,1,1,C03,8,7,5,40,14,8,1,5,4,4,13,4,4,1,3,4,1,13,2,26,2,8,5,1,7,9,1,10,1,14,,44,,1,22,121.5434946,25.0241766
113,7,1,9,52,2,04大安區,大安區復興南路2段319號,0,0,1,2,C03,8,7,5,40,14,8,1,5,4,4,13,4,4,1,3,4,1,13,1,24,3,10,5,1,7,12,1,10,1,12,,44,,1,22,121.5434946,25.0241766
113,7,1,9,52,2,04大安區,大安區復興南路2段319號,0,0,1,3,,8,7,5,40,14,8,1,5,4,4,13,4,4,1,3,4,1,13,3,28,,,,,,,,,,,,67,,1,,121.5434946,25.0241766
113,7,1,10,4,2,04大安區,大安區羅斯福路3段37號,0,0,1,1,C03,8,7,5,50,14,9,1,5,4,5,13,2,1,1,4,5,2,13,2,25,2,9,3,4,7,9,1,10,1,11,,16,,1,21,121.5253088,25.0233734
113,7,1,10,4,2,04大安區,大安區羅斯福路3段37號,0,0,1,2,B03,8,7,5,50,14,9,1,5,4,5,13,2,1,1,4,5,2,13,1,27,3,10,3,4,7,12,1,8,1,6,,44,,1,21,121.5253088,25.0233734
113,7,1,10,4,2,04大安區,大安區羅斯福路3段37號,0,0,1,3,B01,8,7,5,50,14,9,1,5,4,5,13,2,1,1,4,5,2,13,1,62,3,10,3,4,7,7,1,4,1,15,,101,,1,21,121.5253088,25.0233734
113,7,1,10,4,2,12內湖區,內湖區康寧路1段與星雲街口,0,0,2,1,C03,8,6,5,40,4,1,1,5,4,5,13,2,1,5,4,5,2,16,2,23,2,7,5,1,7,5,1,10,2,14,,80,,1,21,121.5937116,25.07943328
113,7,1,10,4,2,12內湖區,內湖區康寧路1段與星雲街口,0,0,2,2,C03,8,6,5,40,4,1,1,5,4,5,13,2,1,5,4,5,2,16,1,76,2,9,5,1,7,9,1,10,2,12,,44,,1,21,121.5937116,25.07943328
113,7,1,10,12,2,06松山區,松山區敦化北路341號,0,0,1,1,A04,8,6,5,30,14,8,1,5,4,5,13,4,4,1,3,4,2,9,1,61,3,10,7,1,7,9,1,2,1,10,,44,,1,21,121.5503023,25.06000677
113,7,1,10,12,2,06松山區,松山區敦化北路341號,0,0,1,2,H02,8,6,5,30,14,8,1,5,4,5,13,4,4,1,3,4,2,9,2,85,2,9,4,5,7,20,8,20,10,16,,44,,1,22,121.5503023,25.06000677
113,7,1,10,48,2,10文山區,文山區仙岩路與仙岩路58巷口,0,0,1,1,B01,8,6,5,50,4,1,1,5,4,5,13,4,4,9,5,5,2,16,1,54,3,10,7,1,7,11,1,4,2,8,,10,,1,21,121.549627,24.9996117
113,7,1,10,48,2,10文山區,文山區仙岩路與仙岩路58巷口,0,0,1,2,C03,8,6,5,50,4,1,1,5,4,5,13,4,4,9,5,5,2,16,1,35,2,9,6,1,7,9,1,10,2,11,,44,,1,21,121.549627,24.9996117
113,7,1,10,54,2,09北投區,北投區承德路7段與公館路口,0,0,1,1,C03,8,5,5,60,14,9,1,4,4,5,13,1,1,1,4,4,2,13,1,70,2,9,5,1,7,9,1,10,2,11,,42,,1,21,121.5018537,25.1193586
113,7,1,10,54,2,09北投區,北投區承德路7段與公館路口,0,0,1,2,B01,8,5,5,60,14,9,1,4,4,5,13,1,1,1,4,4,2,13,1,52,3,10,7,1,7,14,1,4,2,6,,99,,1,21,121.5018537,25.1193586
113,7,1,11,8,2,04大安區,大安區和平東路2段64號,0,0,1,1,C03,8,6,5,50,14,9,1,5,4,5,13,1,1,1,4,5,2,12,1,49,3,10,5,4,7,4,1,10,1,14,,108,,1,21,121.5386904,25.0254299
113,7,1,11,8,2,04大安區,大安區和平東路2段64號,0,0,1,2,C03,8,6,5,50,14,9,1,5,4,5,13,1,1,1,4,5,2,12,2,45,2,8,3,4,7,9,1,10,1,12,,44,,1,21,121.5386904,25.0254299
113,7,1,11,44,2,12內湖區,內湖區內湖路1段737巷與麗山街62巷口,0,0,1,1,B12,8,7,5,50,3,1,1,5,4,5,13,4,4,4,5,5,1,17,1,22,3,10,7,1,7,5,1,8,1,4,,8,,1,21,121.5791941,25.0815749
113,7,1,11,44,2,12內湖區,內湖區內湖路1段737巷與麗山街62巷口,0,0,1,2,C03,8,7,5,50,3,1,1,5,4,5,13,4,4,4,5,5,1,17,1,42,2,8,6,1,7,9,1,10,1,12,,14,,1,21,121.5791941,25.0815749
113,7,1,11,44,2,12內湖區,內湖區內湖路1段737巷與麗山街62巷口,0,0,1,3,C03,8,7,5,50,3,1,1,5,4,5,13,4,4,4,5,5,1,17,1,43,3,10,3,4,7,13,7,19,1,14,,44,,1,21,121.5791941,25.0815749
113,7,1,11,44,2,12內湖區,內湖區內湖路1段737巷與麗山街62巷口,0,0,1,4,C03,8,7,5,50,3,1,1,5,4,5,13,4,4,4,5,5,1,17,2,64,3,10,3,4,7,13,7,19,1,14,,44,,1,21,121.5791941,25.0815749
113,7,1,11,44,2,12內湖區,內湖區內湖路1段737巷與麗山街62巷口,0,0,1,5,C03,8,7,5,50,3,1,1,5,4,5,13,4,4,4,5,5,1,17,1,28,3,10,3,4,7,13,7,19,11,14,,44,,1,21,121.5791941,25.0815749
113,7,1,11,50,2,05中正區,中正區市民大道2段與天津街口,0,0,1,1,B01,8,6,5,40,4,1,1,5,4,5,13,2,1,1,4,5,2,16,1,69,3,10,7,1,7,6,1,4,9,2,,9,,1,22,121.522374,25.04781867
113,7,1,11,50,2,05中正區,中正區市民大道2段與天津街口,0,0,1,2,C03,8,6,5,40,4,1,1,5,4,5,13,2,1,1,4,5,2,16,2,22,2,7,5,1,7,9,1,10,1,14,,108,,1,22,121.522374,25.04781867
113,7,1,12,24,2,08士林區,士林區德行西路與福華路口,0,0,1,1,C03,7,6,5,50,14,9,1,5,4,5,13,2,1,1,4,5,1,17,2,60,2,7,5,1,7,5,1,10,1,13,,8,,1,21,121.5219733,25.104682
113,7,1,12,24,2,08士林區,士林區德行西路與福華路口,0,0,1,2,B03,7,6,5,50,14,9,1,5,4,5,13,2,1,1,4,5,1,17,1,28,3,10,7,1,7,9,1,8,1,1,,44,,1,21,121.5219733,25.104682
113,7,1,12,50,2,08士林區,士林區文林路235號,0,0,1,1,B01,7,5,8,50,22,22,1,5,4,5,13,4,4,5,5,5,1,17,1,44,3,10,7,1,7,11,1,8,1,4,,10,,1,21,121.5268628,25.090706
113,7,1,12,50,2,08士林區,士林區文林路235號,0,0,1,2,C03,7,5,8,50,22,22,1,5,4,5,13,4,4,5,5,5,1,17,1,64,2,9,5,1,7,9,1,10,1,11,,14,,1,21,121.5268628,25.090706
113,7,1,13,13,2,10文山區,文山區光輝路71巷與光輝路口,0,0,1,1,C03,8,6,5,30,3,2,2,5,4,5,13,4,4,5,4,5,2,17,2,46,2,9,5,4,7,9,1,10,2,11,,72,,1,21,121.5565907,24.98493649
113,7,1,13,13,2,10文山區,文山區光輝路71巷與光輝路口,0,0,1,2,B03,8,6,5,30,3,2,2,5,4,5,13,4,4,5,4,5,2,17,2,33,3,10,3,4,7,9,1,8,2,2,,44,,1,21,121.5565907,24.98493649
113,7,1,14,0,2,03中山區,中山區南京東路2段與松江路口,0,0,1,1,B03,6,5,5,40,4,1,1,4,4,5,13,1,1,1,4,4,2,16,2,41,3,10,7,1,7,5,1,8,1,1,,108,,1,21,121.5328863,25.05185231
113,7,1,14,0,2,03中山區,中山區南京東路2段與松江路口,0,0,1,2,F07,6,5,5,40,4,1,1,4,4,5,13,1,1,1,4,4,2,16,1,45,2,9,2,4,7,15,8,20,10,12,,44,,1,21,121.5328863,25.05185231
113,7,1,14,5,2,05中正區,中正區重慶南路1段與忠孝西路1段口,0,0,1,1,B12,6,7,5,50,4,2,1,4,4,5,13,1,1,1,4,1,2,3,1,54,3,10,7,1,7,5,1,8,2,8,,70,,1,21,121.5141481,25.04701357
113,7,1,14,5,2,05中正區,中正區重慶南路1段與忠孝西路1段口,0,0,1,2,H01,6,7,5,50,4,2,1,4,4,5,13,1,1,1,4,1,2,3,2,21,2,5,4,5,8,16,8,20,10,16,,67,,1,21,121.5141481,25.04701357
113,7,1,14,10,2,06松山區,松山區光復北路與光復北路190巷口,0,0,1,1,C03,6,6,5,50,4,2,1,4,4,5,13,1,1,4,3,5,2,17,1,30,2,9,5,1,7,9,1,10,1,11,,108,,1,21,121.5559435,25.0545155
113,7,1,14,10,2,06松山區,松山區光復北路與光復北路190巷口,0,0,1,2,B03,6,6,5,50,4,2,1,4,4,5,13,1,1,4,3,5,2,17,2,52,3,10,3,4,7,13,1,8,11,7,,44,,1,21,121.5559435,25.0545155
113,7,1,14,11,2,12內湖區,內湖區潭美街287號,0,0,2,1,C03,7,7,5,40,14,9,1,4,4,5,13,1,1,4,5,5,2,17,2,21,2,9,6,1,7,1,1,10,1,14,,19,,1,21,121.588461,25.0576967
113,7,1,14,11,2,12內湖區,內湖區潭美街287號,0,0,2,2,C03,7,7,5,40,14,9,1,4,4,5,13,1,1,4,5,5,2,17,1,24,2,9,6,1,7,9,1,10,1,12,,44,,1,21,121.588461,25.0576967
113,7,1,14,16,2,02萬華區,萬華區桂林路與華西街29巷1弄口,0,0,2,1,C03,6,6,5,50,4,1,1,4,4,5,13,2,1,5,4,5,2,17,1,20,2,9,6,1,7,5,1,10,1,13,,8,,1,21,121.4992156,25.0384988
113,7,1,14,16,2,02萬華區,萬華區桂林路與華西街29巷1弄口,0,0,2,2,C03,6,6,5,50,4,1,1,4,4,5,13,2,1,5,4,5,2,17,1,62,2,9,6,1,7,9,1,10,1,11,,44,,1,21,121.4992156,25.0384988
113,7,1,14,35,2,08士林區,士林區大西路與大北路口,0,0,1,1,H01,6,6,5,30,4,2,1,4,4,5,13,4,4,10,5,5,2,9,1,71,2,1,4,5,8,20,8,20,10,16,,67,,1,21,121.5243444,25.0903979
113,7,1,14,35,2,08士林區,士林區大西路與大北路口,0,0,1,2,B12,6,6,5,30,4,2,1,4,4,5,13,4,4,10,5,5,2,9,1,31,3,10,3,4,7,9,1,4,1,4,,118,,1,21,121.5243444,25.0903979
113,7,1,14,51,2,12內湖區,內湖區陽光街68巷152弄與陽光街口,0,0,1,1,B03,6,6,5,50,3,1,1,4,4,5,13,4,4,9,4,5,2,16,1,21,3,10,7,1,7,5,1,8,1,2,,74,,1,21,121.5829591,25.075004
113,7,1,14,51,2,12內湖區,內湖區陽光街68巷152弄與陽光街口,0,0,1,2,C03,6,6,5,50,3,1,1,4,4,5,13,4,4,9,4,5,2,16,1,19,2,8,5,1,7,9,1,10,1,11,,44,,1,21,121.5829591,25.075004
113,7,1,15,38,2,04大安區,大安區新生南路3段19巷與和平東路2段18巷口,0,0,1,1,C03,6,6,5,30,4,1,1,4,4,5,13,4,4,10,5,5,2,15,1,57,2,7,5,1,7,9,1,10,1,14,,72,,1,21,121.5359216,25.0249577
113,7,1,15,38,2,04大安區,大安區新生南路3段19巷與和平東路2段18巷口,0,0,1,2,B01,6,6,5,30,4,1,1,4,4,5,13,4,4,10,5,5,2,15,1,38,3,10,7,1,7,9,1,4,1,5,,108,,1,21,121.5359216,25.0249577
113,7,1,16,15,2,02萬華區,萬華區環河南路3段與萬大路口,0,0,1,1,B03,6,6,5,50,4,1,1,4,4,5,13,2,1,1,5,4,2,16,1,57,3,10,3,4,7,6,1,8,1,5,,9,,1,22,121.4955614,25.0168538
113,7,1,16,15,2,02萬華區,萬華區環河南路3段與萬大路口,0,0,1,2,C03,6,6,5,50,4,1,1,4,4,5,13,2,1,1,5,4,2,16,2,60,2,9,5,4,7,9,1,10,1,14,,108,,1,22,121.4955614,25.0168538
113,7,1,16,18,2,11南港區,南港區研究院路2段南往北中研新村公車停靠區,0,0,1,1,A02,7,7,5,40,14,9,1,5,4,5,13,4,4,3,4,5,2,9,1,62,3,10,7,1,7,1,1,1,1,17,,19,,2,21,121.6153724,25.0455198
113,7,1,16,18,2,11南港區,南港區研究院路2段南往北中研新村公車停靠區,0,0,1,2,H02,7,7,5,40,14,9,1,5,4,5,13,4,4,3,4,5,2,9,2,68,2,9,4,5,7,19,8,20,10,17,,67,,1,21,121.6153724,25.0455198
113,7,1,16,35,2,10文山區,文山區木柵路5段100-1號,0,0,1,2,C03,6,6,5,50,14,9,2,4,4,5,13,4,4,5,4,5,2,17,2,23,2,9,5,4,7,9,1,10,2,12,,118,,1,21,121.589603,25.00068867
113,7,1,16,35,2,10文山區,文山區木柵路5段100-1號,0,0,1,1,B12,6,6,5,50,14,9,2,4,4,5,13,4,4,5,4,5,2,17,1,64,3,10,3,4,7,6,1,8,2,8,,118,,1,21,121.589603,25.00068867
113,7,1,17,20,2,12內湖區,內湖區民權東路6段191巷與民權東路6段191巷62弄口,0,0,1,1,B03,6,6,5,40,3,1,1,4,4,5,13,2,1,8,3,5,1,16,1,33,3,10,7,1,7,1,1,8,1,4,,19,,1,21,121.5988251,25.06934456
113,7,1,17,20,2,12內湖區,內湖區民權東路6段191巷與民權東路6段191巷62弄口,0,0,1,2,C03,6,6,5,40,3,1,1,4,4,5,13,2,1,8,3,5,1,16,1,24,2,9,6,1,7,9,1,10,1,11,,44,,1,21,121.5988251,25.06934456
113,7,1,17,34,2,01大同區,大同區民生西路與民生西路171巷口,0,0,1,1,C02,7,6,5,50,3,2,1,5,4,5,13,4,4,4,4,5,2,16,1,23,2,9,3,4,7,5,1,9,1,12,,71,,1,21,121.5172424,25.057276
113,7,1,17,34,2,01大同區,大同區民生西路與民生西路171巷口,0,0,1,2,B03,7,6,5,50,3,2,1,5,4,5,13,4,4,4,4,5,2,16,1,33,3,10,3,4,7,9,1,8,1,1,,44,,1,21,121.5172424,25.057276
113,7,1,17,55,2,08士林區,士林區通河西街2段與通河西街2段口社子棒球場對面,0,0,1,1,C03,6,7,5,40,14,9,1,4,4,5,13,4,4,8,4,5,2,12,2,23,2,8,6,1,7,4,3,18,1,14,,13,,1,22,121.5056984,25.0935097
113,7,1,17,55,2,08士林區,士林區通河西街2段與通河西街2段口社子棒球場對面,0,0,1,2,B03,6,7,5,40,14,9,1,4,4,5,13,4,4,8,4,5,2,12,1,22,3,10,3,1,7,9,1,8,1,2,,44,,1,22,121.5056984,25.0935097
113,7,1,18,17,2,05中正區,中正區南海路與重慶南路2段口,0,0,1,1,B03,6,5,5,50,4,1,1,4,4,5,13,1,1,1,4,5,2,17,1,22,3,10,7,1,7,9,1,8,1,5,,86,,1,22,121.5143701,25.0318576
113,7,1,18,17,2,05中正區,中正區南海路與重慶南路2段口,0,0,1,2,C03,6,5,5,50,4,1,1,4,4,5,13,1,1,1,4,5,2,17,1,47,2,9,5,1,7,6,1,10,1,14,,32,,1,22,121.5143701,25.0318576
113,7,1,18,17,2,05中正區,中正區南海路與重慶南路2段口,0,0,1,3,H02,6,5,5,50,4,1,1,4,4,5,13,1,1,1,4,5,2,17,2,45,4,11,5,5,7,20,8,20,10,16,,67,,1,21,121.5143701,25.0318576
113,7,1,18,43,2,05中正區,中正區忠孝西路1段與中山北路1段口,0,0,1,1,C03,6,5,8,50,22,22,1,4,4,5,13,2,1,3,4,3,2,10,1,22,2,9,6,1,7,12,1,10,2,11,,42,,1,21,121.5194511,25.0455765
113,7,1,18,43,2,05中正區,中正區忠孝西路1段與中山北路1段口,0,0,1,2,E02,6,5,8,50,22,22,1,4,4,5,13,2,1,3,4,3,2,10,1,52,3,10,7,1,7,15,1,6,2,4,,44,,1,27,121.5194511,25.0455765
113,7,1,19,19,2,05中正區,中正區中正橋下橋處,0,0,1,1,B03,6,6,5,30,8,9,1,4,4,1,13,4,4,3,4,5,2,12,2,56,3,10,7,1,7,9,1,8,2,2,,17,,1,21,121.5164353,25.0214629
113,7,1,19,19,2,05中正區,中正區中正橋下橋處,0,0,1,2,C03,6,6,5,30,8,9,1,4,4,1,13,4,4,3,4,5,2,12,2,68,2,9,5,1,7,10,1,10,2,14,,100,,1,21,121.5164353,25.0214629
113,7,1,19,30,2,11南港區,南港區市民大道8段與興中路口,0,0,1,1,B03,6,5,5,50,4,1,1,4,4,5,13,1,1,4,2,5,2,16,1,64,3,10,7,1,7,5,1,8,1,8,,8,,1,21,121.607668,25.0534357
113,7,1,19,30,2,11南港區,南港區市民大道8段與興中路口,0,0,1,2,C03,6,5,5,50,4,1,1,4,4,5,13,1,1,4,2,5,2,16,2,31,2,9,6,1,7,5,1,10,1,12,,27,,1,21,121.607668,25.0534357
113,7,1,19,55,2,07信義區,信義區松仁路與松勤街口,0,0,1,1,B03,8,5,5,50,4,1,1,5,4,5,13,1,1,9,4,5,2,17,1,39,3,10,7,1,7,5,1,8,1,8,,8,,1,21,121.5682327,25.0319306
113,7,1,19,55,2,07信義區,信義區松仁路與松勤街口,0,0,1,2,C03,8,5,5,50,4,1,1,5,4,5,13,1,1,9,4,5,2,17,1,26,2,9,6,1,7,9,1,10,1,11,,44,,1,21,121.5682327,25.0319306
113,7,1,20,15,2,07信義區,信義區吳興街156巷38號,0,0,1,1,C03,8,5,5,30,14,9,1,5,4,5,13,4,4,4,5,5,2,13,1,27,3,10,6,1,7,9,1,10,1,11,,44,,1,21,121.5599608,25.02825272
113,7,1,20,15,2,07信義區,信義區吳興街156巷38號,0,0,1,2,C03,8,5,5,30,14,9,1,5,4,5,13,4,4,4,5,5,2,13,2,19,2,7,6,1,7,9,1,10,1,13,,44,,1,21,121.5599608,25.02825272
113,7,1,20,19,2,03中山區,中山區中山北路2段與民生東路1段口,0,0,1,1,C03,7,5,5,50,4,2,1,5,4,5,13,1,1,9,4,5,2,17,1,46,4,11,6,1,7,12,7,19,11,13,,119,,1,21,121.522992,25.05778855
113,7,1,20,19,2,03中山區,中山區中山北路2段與民生東路1段口,0,0,1,2,C03,7,5,5,50,4,2,1,5,4,5,13,1,1,9,4,5,2,17,1,36,2,7,6,1,7,15,1,10,1,12,,42,,1,21,121.522992,25.05778855
113,7,1,20,19,2,04大安區,大安區金山南路2段191號,0,0,1,1,C03,6,5,5,50,14,9,1,4,4,5,13,4,4,1,4,5,2,18,1,53,2,9,5,1,7,12,1,10,9,15,,44,,1,21,121.5262914,25.0283393
113,7,1,20,19,2,04大安區,大安區金山南路2段191號,0,0,1,2,,6,5,5,50,14,9,1,4,4,5,13,4,4,1,4,5,2,18,3,,,,,,,,,,,,,67,,1,,121.5262914,25.0283393
113,7,1,20,28,2,03中山區,中山區市民大道2段65號前,0,0,1,1,C03,7,5,5,40,14,9,1,5,4,5,13,4,4,1,4,5,2,13,1,20,2,8,3,4,7,9,1,10,1,11,,16,,1,21,121.5300926,25.0463383
113,7,1,20,28,2,03中山區,中山區市民大道2段65號前,0,0,1,2,B03,7,5,5,40,14,9,1,5,4,5,13,4,4,1,4,5,2,13,1,21,3,10,3,4,7,12,1,8,1,6,,44,,1,21,121.5300926,25.0463383
113,7,1,20,37,2,11南港區,南港區向陽路162巷與重陽路39巷口,0,0,2,1,C03,7,5,5,50,4,1,1,5,4,5,13,4,4,5,2,5,2,15,2,36,2,9,6,1,7,9,1,10,2,14,,80,,1,22,121.595328,25.0560277
113,7,1,20,37,2,11南港區,南港區向陽路162巷與重陽路39巷口,0,0,2,2,C03,7,5,5,50,4,1,1,5,4,5,13,4,4,5,2,5,2,15,1,48,2,9,6,1,7,9,1,10,2,12,,75,,1,22,121.595328,25.0560277
113,7,1,20,40,2,01大同區,大同區西寧北路43號,0,0,1,1,B03,8,5,5,50,14,9,1,4,4,5,13,4,4,8,4,5,2,12,1,20,3,10,7,1,7,9,3,18,1,6,,44,,1,21,121.5087597,25.05374493
113,7,1,20,40,2,01大同區,大同區西寧北路43號,0,0,1,2,C02,8,5,5,50,14,9,1,4,4,5,13,4,4,8,4,5,2,12,1,29,2,9,6,1,7,9,1,9,1,11,,16,,1,21,121.5087597,25.05374493
113,7,1,20,46,2,02萬華區,萬華區西園路2段103號,0,0,1,2,H01,7,5,5,0,22,25,4,5,4,5,13,4,4,10,5,5,2,9,2,7,2,9,4,5,8,18,8,20,10,16,,67,,1,14,121.4965385,25.0301882
113,7,1,20,46,2,02萬華區,萬華區西園路2段103號,0,0,1,1,C03,7,5,5,0,22,25,4,5,4,5,13,4,4,10,5,5,2,9,4,37,,,,,,,,,,,,119,,2,,121.4965385,25.0301882
113,7,1,20,46,2,02萬華區,萬華區西園路2段103號,0,0,1,3,C03,7,5,5,0,22,25,4,5,4,5,13,4,4,10,5,5,2,9,3,68,,,,,,,,,,,,67,,1,,121.4965385,25.0301882
113,7,1,20,46,2,02萬華區,萬華區西園路2段103號,0,0,1,4,F01,7,5,5,0,22,25,4,5,4,5,13,4,4,10,5,5,2,9,3,0,,,,,,,,,,,,67,,1,,121.4965385,25.0301882
113,7,1,20,46,2,02萬華區,萬華區西園路2段103號,0,0,1,5,C03,7,5,5,0,22,25,4,5,4,5,13,4,4,10,5,5,2,9,3,36,,,,,,,,,,,,67,,1,,121.4965385,25.0301882
113,7,1,22,10,2,10文山區,文山區辛亥路7段與忠順街1段口,0,0,1,1,B03,7,5,5,50,3,1,1,4,4,5,13,1,1,5,5,4,2,16,1,40,3,10,7,1,7,6,1,8,2,2,,9,,1,21,121.5540836,24.9832017