發生年度,發生月,發生日,發生時-Hours,發生分,處理別-編號,區序,肇事地點,死亡人數,2-30日死亡人數,受傷人數,當事人序號,車種,天候,道路照明設備,道路類別,速限-速度限制,道路型態,事故位置,路面狀況1,路面狀況2,路面狀況3,道路障礙1,道路障礙2,號誌1,號誌2,車道劃分-分向,車道劃分-分道1,車道劃分-分道2,車道劃分-分道3,事故類型及型態,性別,年齡,受傷程度,主要傷處,保護裝置,行動電話,車輛用途,當事者行動狀態,駕駛資格情形,駕駛執照種類,飲酒情形,車輛撞擊部位1,車輛撞擊部位2,肇因碼-個別,肇因碼-主要,個人肇逃否,職業,座標-X,座標-Y
113,7,1,22,10,2,10文山區,文山區辛亥路7段與忠順街1段口,0,0,1,2,C03,7,5,5,50,3,1,1,4,4,5,13,1,1,5,5,4,2,16,2,20,2,9,6,1,7,9,1,10,2,14,,44,,1,21,121.5540836,24.9832017
113,7,1,23,16,2,03中山區,中山區長安東路2段與吉林路口,0,0,1,1,C03,7,5,5,50,5,1,1,5,4,5,13,1,1,5,4,5,2,12,2,38,2,9,3,4,7,8,1,10,2,14,,100,,1,21,121.529897,25.04856115
113,7,1,23,16,2,03中山區,中山區長安東路2段與吉林路口,0,0,1,2,B03,7,5,5,50,5,1,1,5,4,5,13,1,1,5,4,5,2,12,2,23,3,10,3,4,7,9,1,8,2,2,,108,,1,21,121.529897,25.04856115
113,7,1,23,30,2,03中山區,中山區中山北路2段與南京西路口側附近口,0,0,1,1,B03,7,5,5,50,4,1,1,5,4,5,13,1,1,5,4,4,2,17,1,52,3,10,3,4,7,9,1,8,1,2,,9,,1,21,121.5224815,25.052085
113,7,1,23,30,2,03中山區,中山區中山北路2段與南京西路口側附近口,0,0,1,2,F01,7,5,5,50,4,1,1,5,4,5,13,1,1,5,4,4,2,17,2,19,2,7,3,4,7,6,8,20,1,11,,42,,1,21,121.5224815,25.052085
113,7,2,4,30,2,07信義區,信義區松仁路、信義國中旁,0,0,2,1,H01,8,5,5,50,14,9,1,5,4,5,13,4,4,9,4,5,2,3,2,77,2,9,4,5,8,16,8,20,1,16,,121,,1,21,121.5683668,25.0296225
113,7,2,4,30,2,07信義區,信義區松仁路、信義國中旁,0,0,2,2,C03,8,5,5,50,14,9,1,5,4,5,13,4,4,9,4,5,2,3,1,31,2,9,6,1,7,9,1,10,1,11,,108,,1,21,121.5683668,25.0296225
113,7,2,5,12,2,09北投區,北投區承德路7段與公館路口,0,0,1,1,B13,8,5,5,60,4,1,1,5,4,5,13,1,1,1,4,4,2,16,1,48,3,10,7,1,7,9,6,8,2,1,,81,,1,26,121.5015583,25.1195804
113,7,2,5,12,2,09北投區,北投區承德路7段與公館路口,0,0,1,2,B03,8,5,5,60,4,1,1,5,4,5,13,1,1,1,4,4,2,16,1,67,3,10,7,1,7,5,1,8,2,6,,44,,1,21,121.5015583,25.1195804
113,7,2,5,12,2,09北投區,北投區承德路7段與公館路口,0,0,1,3,H02,8,5,5,60,4,1,1,5,4,5,13,1,1,1,4,4,2,16,2,65,2,3,7,5,7,20,8,20,10,16,,67,,1,21,121.5015583,25.1195804
113,7,2,6,28,2,02萬華區,萬華區萬大路277巷與萬大路277巷14弄口,0,0,3,1,C03,8,6,7,30,4,1,1,5,4,5,13,4,4,10,5,5,1,15,2,45,2,8,5,1,7,9,1,10,1,14,,72,,1,21,121.5010872,25.0254017
113,7,2,6,28,2,02萬華區,萬華區萬大路277巷與萬大路277巷14弄口,0,0,3,2,C03,8,6,7,30,4,1,1,5,4,5,13,4,4,10,5,5,1,15,1,19,2,9,5,1,7,9,1,10,1,11,,14,,1,21,121.5010872,25.0254017
113,7,2,6,28,2,02萬華區,萬華區萬大路277巷與萬大路277巷14弄口,0,0,3,3,H02,8,6,7,30,4,1,1,5,4,5,13,4,4,10,5,5,1,15,2,30,2,8,5,5,7,21,8,20,10,16,,67,,1,21,121.5010872,25.0254017
113,7,2,6,39,2,05中正區,中正區中山北路1段與北平西路口,0,0,1,1,B03,8,6,5,50,4,1,1,5,4,5,9,1,1,8,4,1,1,16,2,72,3,10,7,1,7,5,1,8,2,2,,98,,1,22,121.5202526,25.0473118
113,7,2,6,39,2,05中正區,中正區中山北路1段與北平西路口,0,0,1,2,C03,8,6,5,50,4,1,1,5,4,5,9,1,1,8,4,1,1,16,1,30,2,9,6,1,7,9,1,10,2,11,,44,,1,22,121.5202526,25.0473118
113,7,2,7,30,2,01大同區,大同區台北橋機慢車道西往東,0,0,2,1,C03,8,6,5,40,14,11,1,5,4,5,13,4,4,10,5,5,2,17,2,40,3,10,6,1,7,9,1,10,1,12,,17,,1,21,121.5068673,25.0634555
113,7,2,7,30,2,01大同區,大同區台北橋機慢車道西往東,0,0,2,2,C03,8,6,5,40,14,11,1,5,4,5,13,4,4,10,5,5,2,17,2,24,2,9,6,1,7,9,1,10,1,14,,13,,1,21,121.5068673,25.0634555
113,7,2,7,30,2,01大同區,大同區台北橋機慢車道西往東,0,0,2,3,C03,8,6,5,40,14,11,1,5,4,5,13,4,4,10,5,5,2,17,2,67,2,9,6,1,7,9,3,18,11,11,,44,,1,21,121.5068673,25.0634555
113,7,2,7,30,2,11南港區,南港區玉成街與成福路口,0,0,2,1,C03,8,7,5,50,3,2,1,5,4,5,13,4,4,5,5,5,2,3,1,74,2,9,5,1,7,9,1,10,1,14,,70,,1,21,121.5867614,25.0430578
113,7,2,7,30,2,11南港區,南港區玉成街與成福路口,0,0,2,2,H01,8,7,5,50,3,2,1,5,4,5,13,4,4,5,5,5,2,3,2,40,2,7,4,5,8,16,8,20,10,16,,67,,1,21,121.5867614,25.0430578
113,7,2,7,36,2,06松山區,松山區民族東路724號,0,0,1,1,B03,8,6,5,30,14,9,1,4,4,5,13,4,4,5,5,5,2,12,2,52,3,10,3,4,7,1,1,8,2,2,,19,,1,22,121.5482223,25.06337574
113,7,2,7,36,2,06松山區,松山區民族東路724號,0,0,1,2,C03,8,6,5,30,14,9,1,4,4,5,13,4,4,5,5,5,2,12,1,38,2,9,6,4,7,9,1,10,2,14,,44,,1,29,121.5482223,25.06337574
113,7,2,7,45,2,10文山區,文山區新光路1段與新光路1段159巷口,0,0,1,1,B03,8,6,5,50,3,2,1,5,4,5,13,1,1,10,5,4,2,16,2,63,3,10,7,1,7,5,1,8,2,8,,8,,1,21,121.5738093,24.9925993
113,7,2,7,45,2,10文山區,文山區新光路1段與新光路1段159巷口,0,0,1,2,C03,8,6,5,50,3,2,1,5,4,5,13,1,1,10,5,4,2,16,2,41,2,9,6,1,7,9,1,10,2,11,14,44,,1,21,121.5738093,24.9925993
113,7,2,7,49,2,04大安區,大安區光復南路與光復南路628巷口,0,0,1,1,B02,8,7,5,30,3,1,1,5,4,5,13,4,4,10,3,4,1,17,2,45,3,10,3,4,7,6,1,8,1,7,,44,,1,22,121.5573573,25.0315803
113,7,2,7,49,2,04大安區,大安區光復南路與光復南路628巷口,0,0,1,2,C03,8,7,5,30,3,1,1,5,4,5,13,4,4,10,3,4,1,17,1,33,2,9,6,1,7,9,1,10,1,14,,44,,1,22,121.5573573,25.0315803
113,7,2,7,55,2,07信義區,信義區中坡南路與忠孝東路5段790巷59弄口,0,0,1,1,B03,8,6,5,30,5,2,1,5,4,5,13,1,1,5,2,5,2,17,1,38,3,10,7,1,7,9,1,8,1,8,,108,,1,21,121.5849238,25.0409493
113,7,2,7,55,2,07信義區,信義區中坡南路與忠孝東路5段790巷59弄口,0,0,1,2,C03,8,6,5,30,5,2,1,5,4,5,13,1,1,5,2,5,2,17,2,40,2,9,6,1,7,5,1,10,1,12,,17,,1,21,121.5849238,25.0409493
113,7,2,8,0,2,12內湖區,內湖區瑞光路與瑞光路513巷口,0,0,1,1,C03,8,6,5,50,4,1,1,5,4,5,13,1,1,10,4,5,2,16,2,39,2,9,5,1,7,5,1,10,1,14,,8,,1,21,121.5689419,25.07912048
113,7,2,8,0,2,12內湖區,內湖區瑞光路與瑞光路513巷口,0,0,1,2,B01,8,6,5,50,4,1,1,5,4,5,13,1,1,10,4,5,2,16,1,54,3,10,7,1,7,9,1,8,1,5,,44,,1,21,121.5689419,25.07912048
113,7,2,8,14,2,06松山區,松山區撫遠街與新東街30巷口,0,0,3,1,C03,8,7,5,50,4,1,1,5,4,5,13,2,1,9,4,5,2,17,1,44,2,8,6,1,7,5,1,10,2,14,,80,,1,22,121.5678396,25.05981084
113,7,2,8,14,2,06松山區,松山區撫遠街與新東街30巷口,0,0,3,2,C03,8,7,5,50,4,1,1,5,4,5,13,2,1,9,4,5,2,17,1,27,2,7,5,1,7,9,1,10,2,11,,44,,1,22,121.5678396,25.05981084
113,7,2,8,14,2,06松山區,松山區撫遠街與新東街30巷口,0,0,3,3,C03,8,7,5,50,4,1,1,5,4,5,13,2,1,9,4,5,2,17,1,35,2,9,6,1,7,9,1,10,2,12,,44,,1,22,121.5678396,25.05981084
113,7,2,8,22,2,12內湖區,內湖區內湖路1段230號,0,0,2,1,C01,8,6,5,50,14,7,1,5,4,5,13,4,4,1,4,4,2,13,1,30,2,9,6,1,7,9,1,9,1,11,,16,,1,21,121.5649364,25.08250614
113,7,2,8,22,2,12內湖區,內湖區內湖路1段230號,0,0,2,2,C03,8,6,5,50,14,7,1,5,4,5,13,4,4,1,4,4,2,13,1,31,2,9,5,1,7,9,1,10,1,13,,44,,1,21,121.5649364,25.08250614
113,7,2,8,22,2,12內湖區,內湖區內湖路1段230號,0,0,2,3,C03,8,6,5,50,14,7,1,5,4,5,13,4,4,1,4,4,2,13,1,31,3,10,5,1,7,9,1,10,1,11,,16,,1,21,121.5649364,25.08250614
113,7,2,8,30,2,07信義區,信義區吳興街與吳興街467巷口,0,0,2,1,C03,8,7,5,30,4,1,1,5,4,5,13,4,4,10,5,5,2,16,1,58,2,8,3,4,7,5,1,10,1,14,,74,,1,21,121.5691037,25.0237208
113,7,2,8,30,2,07信義區,信義區吳興街與吳興街467巷口,0,0,2,2,C03,8,7,5,30,4,1,1,5,4,5,13,4,4,10,5,5,2,16,1,37,2,8,3,4,7,6,1,10,1,11,,44,,1,21,121.5691037,25.0237208
113,7,2,8,39,2,05中正區,中正區臨沂街29巷與臨沂街口,0,0,1,1,C03,8,6,5,30,4,1,1,5,4,5,13,4,4,10,5,5,2,15,2,47,2,9,5,1,7,9,1,10,2,12,,75,,1,22,121.5299244,25.04011368
113,7,2,8,39,2,05中正區,中正區臨沂街29巷與臨沂街口,0,0,1,2,B01,8,6,5,30,4,1,1,5,4,5,13,4,4,10,5,5,2,15,1,67,3,10,7,1,7,9,1,4,2,8,,44,,1,22,121.5299244,25.04011368
113,7,2,8,49,2,05中正區,中正區新生南路1段與新生南路1段120巷口,0,0,1,1,B03,8,5,5,30,3,2,1,5,4,5,13,4,4,1,4,5,2,17,1,40,3,10,7,1,7,5,1,8,1,5,,108,,1,21,121.5325823,25.03901234
113,7,2,8,49,2,05中正區,中正區新生南路1段與新生南路1段120巷口,0,0,1,2,F01,8,5,5,30,3,2,1,5,4,5,13,4,4,1,4,5,2,17,2,28,2,8,4,1,7,9,8,20,1,14,,44,,1,21,121.5325823,25.03901234
113,7,2,8,50,2,04大安區,大安區復興南路2段151巷30弄與復興南路2段151巷口,0,0,1,1,B01,8,6,5,40,3,18,1,5,4,5,13,4,4,5,5,5,2,3,1,59,3,10,3,4,7,5,1,4,2,4,,70,,1,21,121.5453086,25.0282602
113,7,2,8,50,2,04大安區,大安區復興南路2段151巷30弄與復興南路2段151巷口,0,0,1,2,H01,8,6,5,40,3,18,1,5,4,5,13,4,4,5,5,5,2,3,2,37,2,9,4,5,8,16,8,20,10,16,,67,,1,21,121.5453086,25.0282602
113,7,2,9,5,2,01大同區,大同區台北橋機車道701074燈桿,0,0,1,1,B03,8,5,5,50,14,11,1,5,4,5,13,4,4,10,4,5,2,13,1,22,3,10,7,1,7,1,3,18,2,3,,87,,1,22,121.5106117,25.0630971
113,7,2,9,5,2,01大同區,大同區台北橋機車道701074燈桿,0,0,1,2,C03,8,5,5,50,14,11,1,5,4,5,13,4,4,10,4,5,2,13,1,55,2,9,6,1,7,10,1,10,2,11,,100,,1,22,121.5106117,25.0630971
113,7,2,9,10,2,01大同區,大同區大龍街85巷與大龍街89巷口,0,0,1,1,H02,8,6,5,30,3,1,1,5,4,5,13,4,4,10,5,5,2,9,1,8,3,10,7,5,7,20,8,20,10,16,,60,,1,21,121.5165882,25.0668713
113,7,2,9,10,2,01大同區,大同區大龍街85巷與大龍街89巷口,0,0,1,2,C04,8,6,5,30,3,1,1,5,4,5,13,4,4,10,5,5,2,9,2,75,2,9,6,1,7,9,1,11,1,14,,44,,1,21,121.5165882,25.0668713
113,7,2,9,10,2,01大同區,大同區大龍街85巷與大龍街89巷口,0,0,1,3,B03,8,6,5,30,3,1,1,5,4,5,13,4,4,10,5,5,2,9,2,38,3,10,7,1,7,14,1,8,1,6,,44,,1,21,121.5165882,25.0668713
113,7,2,9,10,2,02萬華區,萬華區武成街與武成街80巷口,0,0,1,1,C03,8,7,5,30,4,1,1,5,4,5,13,4,4,10,5,5,2,17,2,37,4,11,3,4,7,21,7,19,9,15,,72,,2,22,121.4944684,25.01942984
113,7,2,9,10,2,02萬華區,萬華區武成街與武成街80巷口,0,0,1,2,C03,8,7,5,30,4,1,1,5,4,5,13,4,4,10,5,5,2,17,1,63,2,9,5,1,7,9,1,10,9,12,,14,,1,21,121.4944684,25.01942984
113,7,2,9,25,2,07信義區,信義區虎林街82巷9號,0,0,1,1,F01,8,7,5,30,14,9,1,5,4,5,13,4,4,9,5,5,2,3,2,63,2,9,4,1,7,9,8,20,1,12,,44,,1,21,121.5767646,25.043299
113,7,2,9,25,2,07信義區,信義區虎林街82巷9號,0,0,1,2,H01,8,7,5,30,14,9,1,5,4,5,13,4,4,9,5,5,2,3,1,31,3,10,4,5,8,16,8,20,10,16,,53,,1,21,121.5767646,25.043299
113,7,2,9,51,2,04大安區,大安區新生南路3段與辛亥路2段口,0,0,2,1,C03,8,7,5,50,4,1,1,5,4,5,13,2,1,1,3,4,1,12,1,65,4,11,5,1,7,9,1,10,11,14,,44,,2,22,121.5345138,25.0223116
113,7,2,9,51,2,04大安區,大安區新生南路3段與辛亥路2段口,0,0,2,2,C03,8,7,5,50,4,1,1,5,4,5,13,2,1,1,3,4,1,12,1,67,2,9,5,1,7,9,1,10,1,12,,42,,1,21,121.5345138,25.0223116
113,7,2,9,51,2,04大安區,大安區新生南路3段與辛亥路2段口,0,0,2,3,H02,8,7,5,50,4,1,1,5,4,5,13,2,1,1,3,4,1,12,2,34,2,9,5,5,7,20,8,20,10,16,,67,,1,21,121.5345138,25.0223116
113,7,2,9,51,2,04大安區,大安區新生南路3段與辛亥路2段口,0,0,2,4,B12,8,7,5,50,4,1,1,5,4,5,13,2,1,1,3,4,1,12,1,42,4,11,7,1,7,6,1,10,11,17,,9,,2,22,121.5345138,25.0223116
113,7,2,9,51,2,04大安區,大安區新生南路3段與辛亥路2段口,0,0,2,5,C03,8,7,5,50,4,1,1,5,4,5,13,2,1,1,3,4,1,12,1,76,4,11,5,1,7,9,1,10,11,11,,44,,2,22,121.5345138,25.0223116
113,7,2,10,40,2,03中山區,中山區濱江街371號,0,0,1,1,B03,8,7,5,50,11,8,1,5,4,5,13,4,4,1,4,4,2,17,2,51,3,10,3,4,7,8,1,8,2,17,,99,,1,21,121.5510425,25.07233602
113,7,2,10,40,2,03中山區,中山區濱江街371號,0,0,1,2,A12,8,7,5,50,11,8,1,5,4,5,13,4,4,1,4,4,2,17,1,43,3,10,3,4,7,8,1,6,2,17,,102,,1,21,121.5510425,25.07233602
113,7,2,10,40,2,03中山區,中山區濱江街371號,0,0,1,3,C03,8,7,5,50,11,8,1,5,4,5,13,4,4,1,4,4,2,17,1,54,2,9,6,4,7,9,1,10,2,17,,13,,1,21,121.5510425,25.07233602
113,7,2,10,44,2,12內湖區,內湖區陽光街與港墘路221巷口,0,0,1,1,C03,8,7,5,50,3,1,1,5,4,5,13,4,4,4,5,5,1,16,2,33,2,9,6,1,7,7,1,10,1,14,,44,,1,21,121.5751278,25.0726192
113,7,2,10,44,2,12內湖區,內湖區陽光街與港墘路221巷口,0,0,1,2,B12,8,7,5,50,3,1,1,5,4,5,13,4,4,4,5,5,1,16,1,51,3,10,7,1,7,9,1,8,1,5,,108,,1,21,121.5751278,25.0726192
113,7,2,11,30,2,07信義區,信義區松智路與松高路口,0,0,2,1,C03,8,5,5,50,3,1,1,5,4,5,13,2,1,10,5,5,2,15,1,65,2,9,5,1,7,9,1,10,1,11,,80,,1,21,121.5655021,25.0391894
113,7,2,11,30,2,07信義區,信義區松智路與松高路口,0,0,2,2,C03,8,5,5,50,3,1,1,5,4,5,13,2,1,10,5,5,2,15,1,48,2,9,5,1,7,9,1,10,1,14,,44,,1,21,121.5655021,25.0391894
113,7,2,11,33,2,05中正區,中正區館前路與信陽街口,0,0,1,1,B12,8,7,5,50,3,1,1,5,4,5,13,4,4,10,5,5,2,1,1,24,3,10,7,1,7,2,3,18,2,3,,12,,1,21,121.5150225,25.04463973
113,7,2,11,33,2,05中正區,中正區館前路與信陽街口,0,0,1,2,H01,8,7,5,50,3,1,1,5,4,5,13,4,4,10,5,5,2,1,2,85,2,9,4,5,8,16,8,20,10,16,,67,,1,21,121.5150225,25.04463973
113,7,2,11,56,2,12內湖區,內湖區洲子街與瑞光路393巷口,0,0,1,1,B03,8,6,6,30,14,9,1,5,4,5,13,4,4,9,4,5,2,12,2,30,3,10,3,4,7,15,1,8,1,7,,9,,1,22,121.5737352,25.0789795
113,7,2,11,56,2,12內湖區,內湖區洲子街與瑞光路393巷口,0,0,1,2,C03,8,6,6,30,14,9,1,5,4,5,13,4,4,9,4,5,2,12,2,60,2,9,6,1,7,15,1,10,1,12,,44,,1,22,121.5737352,25.0789795
113,7,2,12,24,2,06松山區,松山區市民大道5段與東寧路口,0,0,1,1,B03,7,5,5,50,4,1,1,5,4,5,13,2,1,1,4,5,2,17,1,47,3,10,3,4,7,6,1,8,2,8,,9,,1,21,121.5628369,25.047301
113,7,2,12,24,2,06松山區,松山區市民大道5段與東寧路口,0,0,1,2,C04,7,5,5,50,4,1,1,5,4,5,13,2,1,1,4,5,2,17,2,35,2,9,6,1,7,5,1,10,2,12,,8,,1,21,121.5628369,25.047301
113,7,2,12,25,2,09北投區,北投區光明路與新生巷口,0,0,1,1,C03,8,6,5,30,14,9,1,5,4,5,13,4,4,10,5,5,2,1,2,48,3,10,5,1,7,9,3,18,9,14,,108,,1,21,121.5019779,25.1329441
113,7,2,12,25,2,09北投區,北投區光明路與新生巷口,0,0,1,2,H01,8,6,5,30,14,9,1,5,4,5,13,4,4,10,5,5,2,1,2,52,2,7,4,5,8,16,8,20,10,16,,67,,1,21,121.5019779,25.1329441
113,7,2,12,27,2,03中山區,中山區北安路619號,0,0,1,1,C03,7,5,5,50,14,9,1,5,4,5,13,4,4,1,4,5,2,13,1,36,2,9,6,1,7,4,1,10,1,11,,16,,1,21,121.5488014,25.0828381
113,7,2,12,27,2,03中山區,中山區北安路619號,0,0,1,2,B03,7,5,5,50,14,9,1,5,4,5,13,4,4,1,4,5,2,13,2,58,3,10,7,1,7,14,1,8,1,3,,44,,1,21,121.5488014,25.0828381
113,7,2,12,35,2,01大同區,大同區承德路2段235號,0,0,1,1,C03,8,6,5,50,14,9,1,5,4,5,13,4,4,10,4,5,2,13,1,18,2,1,3,4,7,9,1,10,1,11,,108,,1,21,121.5184023,25.061989
113,7,2,12,35,2,01大同區,大同區承德路2段235號,0,0,1,2,B03,8,6,5,50,14,9,1,5,4,5,13,4,4,10,4,5,2,13,1,53,3,10,3,4,7,14,1,8,1,3,,38,,1,21,121.5184023,25.061989
113,7,2,12,50,2,08士林區,士林區文林路與中正路口,0,0,1,1,B01,8,6,5,50,4,1,1,5,4,5,13,2,1,5,2,5,2,17,1,48,3,10,3,4,7,5,1,4,1,2,,44,,1,21,121.5246362,25.0949589
113,7,2,12,50,2,08士林區,士林區文林路與中正路口,0,0,1,2,C03,8,6,5,50,4,1,1,5,4,5,13,2,1,5,2,5,2,17,2,54,2,9,3,4,7,5,1,10,1,14,,8,,1,21,121.5246362,25.0949589
113,7,2,12,52,2,04大安區,大安區基隆路3段與基隆路3段22巷口,0,0,1,1,B12,8,5,5,50,14,9,1,5,4,5,13,4,4,1,4,5,2,13,1,26,3,10,7,1,7,9,1,8,1,5,,16,,1,21,121.5470795,25.0197138
113,7,2,12,52,2,04大安區,大安區基隆路3段與基隆路3段22巷口,0,0,1,2,C03,8,5,5,50,14,9,1,5,4,5,13,4,4,1,4,5,2,13,1,63,2,9,6,1,7,14,1,10,1,13,,44,,1,21,121.5470795,25.0197138
113,7,2,13,4,2,12內湖區,內湖區民權東路6段與堤頂大道1段口,0,0,1,1,B03,7,6,5,70,4,1,1,4,4,5,13,1,1,1,4,5,2,15,1,56,3,10,7,1,7,9,1,8,1,2,,81,,1,21,121.5724564,25.06466027
113,7,2,13,4,2,12內湖區,內湖區民權東路6段與堤頂大道1段口,0,0,1,2,B03,7,6,5,70,4,1,1,4,4,5,13,1,1,1,4,5,2,15,1,61,3,10,7,1,7,9,1,8,1,1,,44,,1,21,121.5724564,25.06466027
113,7,2,13,4,2,12內湖區,內湖區民權東路6段與堤頂大道1段口,0,0,1,3,H02,7,6,5,70,4,1,1,4,4,5,13,1,1,1,4,5,2,15,2,60,2,3,7,5,7,21,8,20,10,16,,67,,1,21,121.5724564,25.06466027
113,7,2,13,9,2,05中正區,中正區汀州路1段與三元街口,0,0,1,1,B03,8,7,5,50,4,1,1,5,4,5,13,1,1,2,4,5,2,16,1,73,3,10,7,1,7,5,1,8,1,8,,71,,1,22,121.5072999,25.03068151
113,7,2,13,9,2,05中正區,中正區汀州路1段與三元街口,0,0,1,2,C02,8,7,5,50,4,1,1,5,4,5,13,1,1,2,4,5,2,16,1,52,2,8,6,1,7,9,1,10,1,12,,44,,1,22,121.5072999,25.03068151
113,7,2,13,38,2,03中山區,中山區民族東路49號,0,0,1,1,B03,8,6,5,50,14,8,1,5,4,5,13,4,4,1,5,4,2,16,1,37,3,10,3,4,7,6,1,8,1,2,,44,,1,22,121.5347902,25.0683912
113,7,2,13,38,2,03中山區,中山區民族東路49號,0,0,1,2,C03,8,6,5,50,14,8,1,5,4,5,13,4,4,1,5,4,2,16,1,24,2,9,5,4,7,9,1,10,1,14,,44,,1,22,121.5347902,25.0683912
113,7,2,13,56,2,10文山區,文山區木柵路4段與萬壽橋口,0,0,1,1,B03,8,7,5,50,4,1,1,5,4,5,13,2,1,10,5,5,2,17,2,57,3,10,3,4,7,5,1,8,1,5,,85,,1,21,121.5710977,24.9916258
113,7,2,13,56,2,10文山區,文山區木柵路4段與萬壽橋口,0,0,1,2,C03,8,7,5,50,4,1,1,5,4,5,13,2,1,10,5,5,2,17,2,31,2,9,5,4,7,9,1,10,1,11,,44,,1,21,121.5710977,24.9916258
113,7,2,14,10,2,05中正區,中正區中華路2段307巷與中華路2段315巷5弄口,0,0,1,1,C03,8,7,5,30,4,1,1,5,4,5,13,4,4,9,4,5,2,15,1,59,2,9,5,1,7,9,1,10,1,11,,14,,1,21,121.5059033,25.0292199
113,7,2,14,10,2,05中正區,中正區中華路2段307巷與中華路2段315巷5弄口,0,0,1,2,B03,8,7,5,30,4,1,1,5,4,5,13,4,4,9,4,5,2,15,1,35,3,10,7,1,7,9,1,8,1,7,,14,,1,21,121.5059033,25.0292199
113,7,2,14,10,2,07信義區,信義區松高路16號,0,0,1,1,B01,8,5,5,50,14,9,1,5,4,5,13,4,4,10,4,5,2,17,1,68,3,10,7,1,7,14,1,4,1,2,,44,,1,21,121.567452,25.0391734
113,7,2,14,10,2,07信義區,信義區松高路16號,0,0,1,2,C03,8,5,5,50,14,9,1,5,4,5,13,4,4,10,4,5,2,17,1,38,2,9,5,1,7,9,1,10,1,14,,44,,1,21,121.567452,25.0391734
113,7,2,14,10,2,07信義區,信義區松高路16號,0,0,1,3,H02,8,5,5,50,14,9,1,5,4,5,13,4,4,10,4,5,2,17,2,50,3,10,2,5,7,20,8,20,10,16,,126,,1,21,121.567452,25.0391734
113,7,2,14,27,2,05中正區,中正區中華路1段與漢口街1段口,0,0,1,1,B12,6,7,5,50,4,1,1,4,4,5,13,1,1,10,5,5,2,17,1,36,3,10,7,1,7,7,1,8,9,17,,100,,1,21,121.5093869,25.0450744
113,7,2,14,27,2,05中正區,中正區中華路1段與漢口街1段口,0,0,1,2,C03,6,7,5,50,4,1,1,4,4,5,13,1,1,10,5,5,2,17,1,20,2,9,5,1,7,8,1,10,9,14,,116,,1,21,121.5093869,25.0450744
113,7,2,14,49,2,03中山區,中山區敬業三路與樂群三路口,0,0,1,1,F01,6,6,5,50,5,1,1,4,4,5,13,2,1,1,4,5,2,15,2,32,2,9,4,1,7,9,8,20,1,13,,81,,1,21,121.5562678,25.08260624
113,7,2,14,49,2,03中山區,中山區敬業三路與樂群三路口,0,0,1,2,B03,6,6,5,50,5,1,1,4,4,5,13,2,1,1,4,5,2,15,1,41,3,10,7,1,7,9,1,8,1,1,,44,,1,21,121.5562678,25.08260624
113,7,2,15,40,2,01大同區,大同區大龍街146號,0,0,1,1,C03,6,6,5,30,14,9,1,4,4,5,13,4,4,10,5,5,2,17,1,35,2,9,6,1,7,9,1,10,1,12,,107,,1,21,121.5159151,25.0676756
113,7,2,15,40,2,01大同區,大同區大龍街146號,0,0,1,2,B02,6,6,5,30,14,9,1,4,4,5,13,4,4,10,5,5,2,17,1,54,3,10,7,1,7,14,1,4,1,8,,38,,1,21,121.5159151,25.0676756
113,7,2,16,10,2,03中山區,中山區長春路與建國北路2段口,0,0,1,1,B03,8,7,6,50,4,1,1,5,4,5,13,2,1,5,2,5,2,17,2,64,3,10,7,1,7,5,1,8,1,15,,103,,1,21,121.5367232,25.05476452
113,7,2,16,10,2,03中山區,中山區長春路與建國北路2段口,0,0,1,2,C03,8,7,6,50,4,1,1,5,4,5,13,2,1,5,2,5,2,17,1,37,2,9,5,1,7,9,1,10,1,15,,44,,1,21,121.5367232,25.05476452
113,7,2,16,29,2,04大安區,大安區忠孝東路4段與延吉街口口,0,0,1,1,C02,7,6,5,50,4,1,1,5,4,5,13,2,1,1,4,5,2,17,1,53,3,10,6,1,7,9,6,10,1,12,,108,,1,21,121.5445306,25.03733168
113,7,2,16,29,2,04大安區,大安區忠孝東路4段與延吉街口口,0,0,1,2,C03,7,6,5,50,4,1,1,5,4,5,13,2,1,1,4,5,2,17,2,60,2,9,5,1,7,8,1,10,1,14,,100,,1,21,121.5445306,25.03733168
113,7,2,16,37,2,12內湖區,內湖區港墘路75號,0,0,1,1,C03,7,6,5,50,14,9,1,5,4,5,13,4,4,1,4,5,2,12,2,51,2,9,6,1,7,8,1,10,1,14,,100,,1,22,121.5779934,25.0808888
113,7,2,16,37,2,12內湖區,內湖區港墘路75號,0,0,1,2,B02,7,6,5,50,14,9,1,5,4,5,13,4,4,1,4,5,2,12,1,84,3,10,3,4,7,9,1,8,1,2,,44,,1,22,121.5779934,25.0808888
113,7,2,16,43,2,09北投區,北投區中央北路3段40巷20弄與新興路158巷口,0,0,1,1,C03,7,6,5,30,4,1,1,5,4,5,13,4,4,10,5,5,1,15,2,68,2,9,6,1,7,9,1,10,1,12,,80,,1,21,121.4859223,25.1392053
113,7,2,16,43,2,09北投區,北投區中央北路3段40巷20弄與新興路158巷口,0,0,1,2,B01,7,6,5,30,4,1,1,5,4,5,13,4,4,10,5,5,1,15,1,50,3,10,7,1,7,9,1,4,1,1,,42,,1,21,121.4859223,25.1392053
113,7,2,16,52,2,02萬華區,萬華區中華路1段與南寧路口,0,0,2,1,C03,8,7,5,50,5,1,1,5,4,5,13,1,1,1,4,5,2,17,1,24,2,9,5,1,7,9,1,10,1,11,,108,,1,21,121.5067467,25.03710858
113,7,2,16,52,2,02萬華區,萬華區中華路1段與南寧路口,0,0,2,2,F01,8,7,5,50,5,1,1,5,4,5,13,1,1,1,4,5,2,17,2,81,2,1,4,1,7,9,8,20,1,13,,44,,1,21,121.5067467,25.03710858