發生年度,發生月,發生日,發生時-Hours,發生分,處理別-編號,區序,肇事地點,死亡人數,2-30日死亡人數,受傷人數,當事人序號,車種,天候,道路照明設備,道路類別,速限-速度限制,道路型態,事故位置,路面狀況1,路面狀況2,路面狀況3,道路障礙1,道路障礙2,號誌1,號誌2,車道劃分-分向,車道劃分-分道1,車道劃分-分道2,車道劃分-分道3,事故類型及型態,性別,年齡,受傷程度,主要傷處,保護裝置,行動電話,車輛用途,當事者行動狀態,駕駛資格情形,駕駛執照種類,飲酒情形,車輛撞擊部位1,車輛撞擊部位2,肇因碼-個別,肇因碼-主要,個人肇逃否,職業,座標-X,座標-Y
113,7,2,17,5,2,04大安區,大安區和平東路3段與基隆路2段口,0,0,1,1,B03,6,6,5,50,5,1,1,4,4,5,13,4,4,10,5,5,2,17,1,35,3,10,7,1,7,1,1,8,1,2,,19,,1,21,121.5521424,25.0242535
113,7,2,17,5,2,04大安區,大安區和平東路3段與基隆路2段口,0,0,1,2,C03,6,6,5,50,5,1,1,4,4,5,13,4,4,10,5,5,2,17,1,42,2,8,5,1,7,5,1,10,1,17,,8,,1,21,121.5521424,25.0242535
113,7,2,17,9,2,01大同區,大同區延平北路4段與酒泉街口,0,0,2,1,C03,8,6,5,50,5,1,1,5,4,5,13,2,1,5,4,5,2,13,1,18,2,7,6,1,7,9,1,10,1,14,,108,,1,21,121.5109306,25.072063
113,7,2,17,9,2,01大同區,大同區延平北路4段與酒泉街口,0,0,2,2,C03,8,6,5,50,5,1,1,5,4,5,13,2,1,5,4,5,2,13,1,64,2,9,6,1,7,9,1,10,1,12,,44,,1,21,121.5109306,25.072063
113,7,2,17,14,2,04大安區,大安區敦化南路1段259號,0,0,2,1,C03,6,6,5,50,14,9,1,4,4,5,13,2,1,4,4,5,2,13,1,38,2,9,5,1,7,9,1,10,1,11,,16,,1,21,121.5490761,25.0367395
113,7,2,17,14,2,04大安區,大安區敦化南路1段259號,0,0,2,2,C03,6,6,5,50,14,9,1,4,4,5,13,2,1,4,4,5,2,13,1,44,2,8,5,1,7,14,1,10,1,13,,44,,1,21,121.5490761,25.0367395
113,7,2,17,15,2,07信義區,信義區莊敬路與莊敬路6巷口,0,0,1,1,B03,6,6,5,50,3,1,1,4,4,5,13,4,4,5,4,5,2,16,1,34,3,10,3,4,7,5,1,8,1,5,,74,,1,22,121.5612739,25.0325072
113,7,2,17,15,2,07信義區,信義區莊敬路與莊敬路6巷口,0,0,1,2,C03,6,6,5,50,3,1,1,4,4,5,13,4,4,5,4,5,2,16,1,36,2,8,6,1,7,9,1,10,1,11,,44,,1,22,121.5612739,25.0325072
113,7,2,18,6,2,02萬華區,萬華區桂林路242巷與桂林路244巷口,0,0,1,1,C03,8,7,6,50,5,2,1,5,4,5,13,1,1,1,4,5,2,12,2,29,2,7,6,1,7,9,1,10,2,12,,44,,1,23,121.4954787,25.03835209
113,7,2,18,6,2,02萬華區,萬華區桂林路242巷與桂林路244巷口,0,0,1,2,B03,8,7,6,50,5,2,1,5,4,5,13,1,1,1,4,5,2,12,1,60,3,10,7,1,7,9,1,8,1,4,,10,,1,21,121.4954787,25.03835209
113,7,2,18,11,2,10文山區,文山區政大二街與政大二街99巷口,0,0,2,1,B01,7,6,5,30,3,1,1,5,4,5,13,4,4,10,5,5,2,14,1,52,3,10,7,1,7,2,1,8,1,6,,12,,1,21,121.5838282,24.9876536
113,7,2,18,11,2,10文山區,文山區政大二街與政大二街99巷口,0,0,2,2,C03,7,6,5,30,3,1,1,5,4,5,13,4,4,10,5,5,2,14,2,46,2,9,6,1,7,5,1,10,1,17,,44,,1,21,121.5838282,24.9876536
113,7,2,18,11,2,10文山區,文山區政大二街與政大二街99巷口,0,0,2,3,H02,7,6,5,30,3,1,1,5,4,5,13,4,4,10,5,5,2,14,1,14,2,8,6,5,7,20,8,20,10,17,,67,,1,21,121.5838282,24.9876536
113,7,2,18,13,2,07信義區,松山區敦化北路155巷與敦化北路155巷66弄口,0,0,1,1,H01,8,6,5,30,3,1,1,5,4,5,13,4,4,9,4,5,2,6,2,36,2,9,4,5,8,18,8,20,1,17,,67,,1,21,121.5511339,25.0542597
113,7,2,18,13,2,07信義區,松山區敦化北路155巷與敦化北路155巷66弄口,0,0,1,2,C03,8,6,5,30,3,1,1,5,4,5,13,4,4,9,4,5,2,6,1,29,3,10,6,1,7,9,1,10,2,17,,44,,1,21,121.5511339,25.0542597
113,7,2,18,20,2,01大同區,大同區延平北路2段與歸綏街口,0,0,2,1,C03,8,5,5,50,4,1,1,5,4,5,13,1,1,5,4,5,2,10,1,60,2,9,5,1,7,9,1,10,1,11,,4,,1,21,121.5114826,25.0582301
113,7,2,18,20,2,01大同區,大同區延平北路2段與歸綏街口,0,0,2,2,C03,8,5,5,50,4,1,1,5,4,5,13,1,1,5,4,5,2,10,1,24,2,9,5,1,7,9,1,10,1,11,,44,,1,21,121.5114826,25.0582301
113,7,2,18,26,2,04大安區,大安區和平東路2段與臥龍街口,0,0,1,1,B03,8,6,5,50,14,9,1,5,4,5,13,4,4,1,4,5,2,17,2,23,2,8,7,1,7,9,1,8,1,5,,44,,1,21,121.546459,25.0246557
113,7,2,18,26,2,04大安區,大安區和平東路2段與臥龍街口,0,0,1,2,C03,8,6,5,50,14,9,1,5,4,5,13,4,4,1,4,5,2,17,1,47,4,11,5,4,7,21,7,19,11,15,,118,,2,22,121.546459,25.0246557
113,7,2,18,30,2,02萬華區,萬華區環河南路1段與康定路口,0,0,1,1,A02,8,7,5,50,4,2,1,5,4,5,13,1,1,9,5,5,2,9,1,28,3,10,7,1,7,12,1,2,9,15,,42,,1,21,121.5033117,25.0460033
113,7,2,18,30,2,02萬華區,萬華區環河南路1段與康定路口,0,0,1,2,H02,8,7,5,50,4,2,1,5,4,5,13,1,1,9,5,5,2,9,2,65,2,9,4,5,7,17,8,20,10,16,,44,,1,21,121.5033117,25.0460033
113,7,2,19,50,2,05中正區,中正區仁愛路1段與杭州南路1段口,0,0,1,2,H01,7,5,5,50,4,18,1,5,4,5,13,1,1,1,4,5,2,3,2,66,2,9,4,5,8,16,8,20,10,16,,67,,1,21,121.5251136,25.0384091
113,7,2,19,50,2,05中正區,中正區仁愛路1段與杭州南路1段口,0,0,1,1,B12,7,5,5,50,4,18,1,5,4,5,13,1,1,1,4,5,2,3,1,29,3,10,7,1,7,5,1,8,2,5,,70,,1,21,121.5251136,25.0384091
113,7,2,20,38,2,05中正區,中正區中華路2段與莒光路口,0,0,2,1,C03,8,5,5,50,4,1,1,5,4,5,13,1,1,5,4,5,2,17,1,17,2,9,5,1,7,5,2,18,2,11,,71,,1,21,121.5041245,25.0312719
113,7,2,20,38,2,05中正區,中正區中華路2段與莒光路口,0,0,2,2,C03,8,5,5,50,4,1,1,5,4,5,13,1,1,5,4,5,2,17,1,21,2,9,5,1,7,9,1,10,2,11,,44,,1,21,121.5041245,25.0312719
113,7,2,22,13,2,02萬華區,萬華區桂林路242巷與環河南路1段348巷口,0,0,2,1,C03,7,5,5,50,5,1,1,5,4,5,13,1,1,1,3,5,2,16,1,46,3,10,5,1,7,5,1,10,2,11,,83,,1,21,121.4959424,25.0389103
113,7,2,22,13,2,02萬華區,萬華區桂林路242巷與環河南路1段348巷口,0,0,2,2,C03,7,5,5,50,5,1,1,5,4,5,13,1,1,1,3,5,2,16,1,18,2,9,5,1,7,9,1,10,2,14,,44,,1,21,121.4959424,25.0389103
113,7,2,22,13,2,02萬華區,萬華區桂林路242巷與環河南路1段348巷口,0,0,2,3,C03,7,5,5,50,5,1,1,5,4,5,13,1,1,1,3,5,2,16,1,38,2,9,5,1,7,9,1,10,2,11,,44,,1,21,121.4959424,25.0389103
113,7,2,22,40,2,03中山區,中山區中山北路1段53巷與林森北路口,0,0,1,1,C03,8,6,5,30,4,1,1,5,4,5,13,4,4,5,4,5,2,15,2,19,3,10,6,1,7,9,1,10,1,14,,4,,1,22,121.5228567,25.052522
113,7,2,22,40,2,03中山區,中山區中山北路1段53巷與林森北路口,0,0,1,2,C03,8,6,5,30,4,1,1,5,4,5,13,4,4,5,4,5,2,15,2,35,2,7,6,1,7,9,1,10,1,11,,44,,1,22,121.5228567,25.052522
113,7,3,0,54,2,10文山區,文山區木柵路5段與木柵路5段口（舊路）,0,0,1,1,B02,7,5,5,50,11,9,1,5,4,5,13,1,1,5,4,5,2,17,1,25,3,10,3,4,7,6,6,18,2,2,,17,,1,22,121.5877051,25.0026016
113,7,3,0,54,2,10文山區,文山區木柵路5段與木柵路5段口（舊路）,0,0,1,2,C01,7,5,5,50,11,9,1,5,4,5,13,1,1,5,4,5,2,17,1,18,2,9,3,4,7,6,1,10,2,14,,17,,1,22,121.5877051,25.0026016
113,7,3,6,5,2,09北投區,北投區天母北路與天母北路105巷口,0,0,2,1,C03,7,7,5,30,3,2,1,5,4,5,13,4,4,5,5,5,2,17,1,67,2,9,5,1,7,5,1,10,1,11,,80,,1,21,121.5263379,25.1234952
113,7,3,6,5,2,09北投區,北投區天母北路與天母北路105巷口,0,0,2,2,C03,7,7,5,30,3,2,1,5,4,5,13,4,4,5,5,5,2,17,1,63,2,9,5,1,7,9,1,10,1,12,,14,,1,21,121.5263379,25.1234952
113,7,3,6,37,2,08士林區,士林區社子大橋與堤外便道附近側附近口,0,0,1,1,F01,8,5,5,30,5,1,1,5,4,5,13,4,4,10,5,5,2,15,1,45,2,9,4,1,7,9,8,20,2,11,,75,,1,21,121.4938511,25.111183
113,7,3,6,37,2,08士林區,士林區社子大橋與堤外便道附近側附近口,0,0,1,2,C04,8,5,5,30,5,1,1,5,4,5,13,4,4,10,5,5,2,15,1,59,3,10,6,4,7,1,1,10,2,13,,19,,1,21,121.4938511,25.111183
113,7,3,6,45,2,08士林區,士林區中正路603號迴轉道,0,0,1,1,C03,8,5,5,50,14,9,1,5,4,5,13,4,4,1,4,5,2,16,1,24,2,9,6,1,7,5,1,10,2,11,,80,,1,21,121.5096935,25.0867009
113,7,3,6,45,2,08士林區,士林區中正路603號迴轉道,0,0,1,2,C03,8,5,5,50,14,9,1,5,4,5,13,4,4,1,4,5,2,16,2,33,3,10,6,1,7,9,1,9,2,14,,44,,1,21,121.5096935,25.0867009
113,7,3,7,6,2,03中山區,中山區長春路與遼寧街口,0,0,1,1,B03,8,6,5,50,4,19,1,5,4,5,13,2,1,9,5,5,2,3,2,65,3,10,7,1,7,6,1,8,2,1,,70,,1,21,121.5420715,25.0545232
113,7,3,7,6,2,03中山區,中山區長春路與遼寧街口,0,0,1,2,H01,8,6,5,50,4,19,1,5,4,5,13,2,1,9,5,5,2,3,2,85,2,9,4,5,8,16,8,20,10,16,,121,,1,21,121.5420715,25.0545232
113,7,3,7,15,2,03中山區,中山區中山北路3段與農安街口,0,0,1,2,C03,8,7,5,50,3,1,1,5,4,5,13,2,1,5,4,1,2,17,1,41,2,9,6,1,7,9,1,10,1,17,,44,,1,21,121.5223832,25.0648789
113,7,3,7,15,2,03中山區,中山區中山北路3段與農安街口,0,0,1,1,C03,8,7,5,50,3,1,1,5,4,5,13,2,1,5,4,1,2,17,1,41,3,10,6,1,7,6,1,10,9,17,,9,,1,22,121.5223832,25.0648789
113,7,3,7,18,2,08士林區,士林區重慶北路4段全國加油站,0,0,1,1,B03,8,6,5,40,14,7,1,5,4,5,13,4,4,1,4,4,2,17,2,46,3,10,3,4,7,8,1,8,1,17,,100,,1,21,121.512174,25.0828825
113,7,3,7,18,2,08士林區,士林區重慶北路4段全國加油站,0,0,1,2,C03,8,6,5,40,14,7,1,5,4,5,13,4,4,1,4,4,2,17,1,63,2,9,3,4,7,9,1,10,1,14,,100,,1,21,121.512174,25.0828825
113,7,3,7,18,2,08士林區,士林區重慶北路4段全國加油站,0,0,1,3,B03,8,6,5,40,14,7,1,5,4,5,13,4,4,1,4,4,2,17,1,44,3,10,3,4,7,9,1,8,1,2,,108,,1,21,121.512174,25.0828825
113,7,3,7,18,2,08士林區,士林區重慶北路4段全國加油站,0,0,1,4,A05,8,6,5,40,14,7,1,5,4,5,13,4,4,1,4,4,2,17,1,50,3,10,3,4,7,14,1,1,9,17,,38,,1,21,121.512174,25.0828825
113,7,3,7,23,2,05中正區,中正區福州街與福州街7巷口,0,0,1,1,B03,8,7,5,50,3,1,1,5,4,5,13,4,4,5,4,5,2,16,1,50,3,10,7,4,7,5,1,8,2,2,,74,,1,21,121.5199502,25.0296362
113,7,3,7,23,2,05中正區,中正區福州街與福州街7巷口,0,0,1,2,C03,8,7,5,50,3,1,1,5,4,5,13,4,4,5,4,5,2,16,1,31,2,9,5,4,7,9,1,9,2,11,,44,,1,21,121.5199502,25.0296362
113,7,3,7,25,2,05中正區,中正區中山南路與信義路1段口,0,0,1,1,C03,8,7,5,50,5,1,1,5,4,5,13,1,1,1,3,1,2,17,1,19,2,9,6,1,7,5,1,10,1,11,,98,,1,21,121.5178058,25.03861643
113,7,3,7,25,2,05中正區,中正區中山南路與信義路1段口,0,0,1,2,B01,8,7,5,50,5,1,1,5,4,5,13,1,1,1,3,1,2,17,1,53,3,10,7,1,7,9,1,4,1,5,,44,,1,21,121.5178058,25.03861643
113,7,3,7,53,2,02萬華區,萬華區忠孝西路2段與環河南路1段口,0,0,1,1,B12,8,6,5,50,3,1,1,5,4,5,13,1,1,8,3,5,1,17,1,73,3,10,7,1,7,6,1,8,1,5,,9,,1,21,121.5060984,25.0488439
113,7,3,7,53,2,02萬華區,萬華區忠孝西路2段與環河南路1段口,0,0,1,2,C03,8,6,5,50,3,1,1,5,4,5,13,1,1,8,3,5,1,17,2,34,2,9,5,1,7,9,1,10,1,14,,44,,1,21,121.5060984,25.0488439
113,7,3,8,3,2,02萬華區,萬華區環河南路1段69-1號,0,0,1,1,B03,8,6,5,50,14,9,1,5,4,5,13,4,4,5,4,5,1,17,1,112,4,11,3,4,7,9,7,19,11,2,,119,,2,22,121.5023651,25.04426575
113,7,3,8,3,2,02萬華區,萬華區環河南路1段69-1號,0,0,1,2,C03,8,6,5,50,14,9,1,5,4,5,13,4,4,5,4,5,1,17,1,24,3,10,3,4,7,9,3,18,1,14,,42,,1,22,121.5023651,25.04426575
113,7,3,8,3,2,02萬華區,萬華區環河南路1段69-1號,0,0,1,3,H02,8,6,5,50,14,9,1,5,4,5,13,4,4,5,4,5,1,17,1,17,2,8,3,5,7,20,8,20,10,16,,60,,1,22,121.5023651,25.04426575
113,7,3,8,7,2,08士林區,士林區芝玉路1段與德行東路240巷口,0,0,1,1,B03,8,6,5,30,5,1,1,5,4,5,13,4,4,10,5,5,2,17,1,61,3,10,3,4,7,6,1,8,2,8,,108,,1,21,121.5336491,25.1089834
113,7,3,8,7,2,08士林區,士林區芝玉路1段與德行東路240巷口,0,0,1,2,F03,8,6,5,30,5,1,1,5,4,5,13,4,4,10,5,5,2,17,1,89,2,9,4,1,7,9,8,20,2,11,,108,,1,21,121.5336491,25.1089834
113,7,3,8,21,2,09北投區,北投區大興街與光明路2巷口口,0,0,2,2,B03,8,6,5,50,3,1,1,5,4,5,13,4,4,5,5,5,2,17,2,43,3,10,7,1,7,9,1,8,2,4,,14,,1,22,121.5003529,25.1304458
113,7,3,8,21,2,09北投區,北投區大興街與光明路2巷口口,0,0,2,1,C03,8,6,5,50,3,1,1,5,4,5,13,4,4,5,5,5,2,17,1,68,2,9,6,1,7,5,1,10,2,12,,74,,1,22,121.5003529,25.1304458
113,7,3,8,21,2,09北投區,北投區大興街與光明路2巷口口,0,0,2,3,H02,8,6,5,50,3,1,1,5,4,5,13,4,4,5,5,5,2,17,2,7,2,9,6,5,7,20,8,20,10,16,,67,,1,21,121.5003529,25.1304458
113,7,3,8,28,2,05中正區,中正區愛國西路與羅斯福路1段口口,0,0,1,1,C03,8,6,5,50,4,1,1,5,4,5,13,1,1,1,4,5,1,13,2,18,2,8,6,1,7,9,1,10,1,11,,16,,1,21,121.5169876,25.0345248
113,7,3,8,28,2,05中正區,中正區愛國西路與羅斯福路1段口口,0,0,1,2,C03,8,6,5,50,4,1,1,5,4,5,13,1,1,1,4,5,1,13,1,39,3,10,6,1,7,9,1,10,1,11,,16,,1,21,121.5169876,25.0345248
113,7,3,8,28,2,05中正區,中正區愛國西路與羅斯福路1段口口,0,0,1,3,C03,8,6,5,50,4,1,1,5,4,5,13,1,1,1,4,5,1,13,1,35,3,10,6,1,7,15,1,10,1,13,,44,,1,21,121.5169876,25.0345248
113,7,3,8,30,2,07信義區,信義區和平東路3段525號,0,0,1,1,B02,8,7,5,50,14,9,1,5,4,5,13,4,4,5,4,5,2,17,1,56,3,10,7,1,7,11,1,8,2,5,,10,,1,21,121.5604666,25.0164439
113,7,3,8,30,2,07信義區,信義區和平東路3段525號,0,0,1,2,C03,8,7,5,50,14,9,1,5,4,5,13,4,4,5,4,5,2,17,2,27,2,9,6,1,7,9,1,10,2,14,,44,,1,21,121.5604666,25.0164439
113,7,3,8,37,2,03中山區,中山區松江路與民族東路口,0,0,2,1,C03,8,5,5,50,4,2,1,5,4,5,13,4,4,3,4,5,2,16,2,48,3,10,3,4,7,7,1,10,1,12,,100,,1,21,121.532542,25.0681816
113,7,3,8,37,2,03中山區,中山區松江路與民族東路口,0,0,2,2,C03,8,5,5,50,4,2,1,5,4,5,13,4,4,3,4,5,2,16,2,56,2,9,3,4,7,9,1,10,1,14,,44,,1,21,121.532542,25.0681816
113,7,3,8,37,2,03中山區,中山區松江路與民族東路口,0,0,2,3,H02,8,5,5,50,4,2,1,5,4,5,13,4,4,3,4,5,2,16,1,66,2,9,4,5,7,20,8,20,10,16,,67,,1,21,121.532542,25.0681816
113,7,3,8,37,2,11南港區,南港區成福路與成福路178巷口,0,0,2,1,C03,8,7,5,30,3,2,1,5,4,5,13,2,1,9,5,5,2,16,1,38,2,9,6,4,7,5,1,10,1,11,,8,,1,21,121.5875457,25.0418304
113,7,3,8,37,2,11南港區,南港區成福路與成福路178巷口,0,0,2,2,C03,8,7,5,30,3,2,1,5,4,5,13,2,1,9,5,5,2,16,2,53,2,9,6,4,7,9,1,10,1,14,,44,,1,21,121.5875457,25.0418304
113,7,3,8,38,2,12內湖區,內湖區麗山街與麗山街37巷口,0,0,2,1,C03,8,6,5,50,4,2,1,5,4,5,13,4,4,5,5,5,2,17,1,29,2,9,6,1,7,9,1,10,2,11,,14,,1,21,121.5807346,25.0804396
113,7,3,8,38,2,12內湖區,內湖區麗山街與麗山街37巷口,0,0,2,2,F01,8,6,5,50,4,2,1,5,4,5,13,4,4,5,5,5,2,17,2,82,2,9,4,1,7,9,8,20,1,14,,44,,1,21,121.5807346,25.0804396
113,7,3,8,40,2,07信義區,信義區崇德街與嘉興街口,0,0,1,1,B03,8,6,5,50,5,2,1,5,4,5,13,2,1,9,4,5,2,11,1,29,3,10,7,1,7,3,1,8,1,6,,80,,1,21,121.5555235,25.0241607
113,7,3,8,40,2,07信義區,信義區崇德街與嘉興街口,0,0,1,2,F01,8,6,5,50,5,2,1,5,4,5,13,2,1,9,4,5,2,11,1,34,2,8,2,1,7,9,8,20,1,11,,16,,1,21,121.5555235,25.0241607
113,7,3,8,40,2,07信義區,信義區崇德街與嘉興街口,0,0,1,3,B01,8,6,5,50,5,2,1,5,4,5,13,2,1,9,4,5,2,11,1,64,3,10,7,1,7,9,1,4,1,7,,17,,1,21,121.5555235,25.0241607
113,7,3,8,41,2,03中山區,中山區民族東路57號,0,0,1,1,C04,8,6,5,50,14,7,1,5,4,5,13,4,4,1,4,4,2,13,2,35,2,9,5,1,7,9,1,10,1,14,,16,,1,21,121.5359191,25.0682588
113,7,3,8,41,2,03中山區,中山區民族東路57號,0,0,1,2,B03,8,6,5,50,14,7,1,5,4,5,13,4,4,1,4,4,2,13,1,24,3,10,7,1,7,9,1,8,1,6,,44,,1,21,121.5359191,25.0682588
113,7,3,8,45,2,10文山區,文山區萬慶街124號,0,0,1,1,B03,8,6,5,30,14,9,1,5,4,5,13,4,4,9,5,5,2,17,1,46,3,10,7,1,7,1,1,8,2,5,,19,,1,21,121.5366214,24.99497278
113,7,3,8,45,2,10文山區,文山區萬慶街124號,0,0,1,2,C03,8,6,5,30,14,9,1,5,4,5,13,4,4,9,5,5,2,17,1,42,2,9,6,1,7,9,1,10,2,11,,13,,1,21,121.5366214,24.99497278
113,7,3,8,45,2,10文山區,文山區萬慶街124號,0,0,1,3,B03,8,6,5,30,14,9,1,5,4,5,13,4,4,9,5,5,2,17,1,51,3,10,3,1,7,13,1,8,11,7,,38,,1,21,121.5366214,24.99497278
113,7,3,8,45,2,11南港區,南港區八德路4段與東新街口,0,0,2,1,C03,8,7,5,50,5,2,1,5,4,5,13,1,1,5,5,5,2,13,2,25,2,9,5,1,7,9,1,10,1,12,,16,,1,21,121.5828001,25.0515843
113,7,3,8,45,2,11南港區,南港區八德路4段與東新街口,0,0,2,2,C03,8,7,5,50,5,2,1,5,4,5,13,1,1,5,5,5,2,13,2,34,2,8,5,1,7,9,1,10,1,14,,44,,1,21,121.5828001,25.0515843
113,7,3,8,50,2,12內湖區,內湖區瑞光路與瑞光路548巷口,0,0,1,1,C03,7,6,5,50,4,1,1,5,4,5,13,1,1,5,4,5,2,12,2,22,2,9,5,1,7,10,1,10,1,12,,86,,1,21,121.5674233,25.0798824
113,7,3,8,50,2,12內湖區,內湖區瑞光路與瑞光路548巷口,0,0,1,2,B03,7,6,5,50,4,1,1,5,4,5,13,1,1,5,4,5,2,12,1,29,3,10,7,1,7,9,1,8,1,4,,44,,1,21,121.5674233,25.0798824
113,7,3,8,54,2,04大安區,大安區金華街與金山南路2段口,0,0,1,1,C03,8,7,5,50,4,1,1,5,4,5,13,2,1,4,3,5,1,16,1,33,2,9,5,1,7,5,1,9,1,11,,8,,1,22,121.526554,25.0301877
113,7,3,8,54,2,04大安區,大安區金華街與金山南路2段口,0,0,1,2,C03,8,7,5,50,4,1,1,5,4,5,13,2,1,4,3,5,1,16,2,62,3,10,5,1,7,9,1,10,1,12,,44,,1,22,121.526554,25.0301877
113,7,3,9,5,2,10文山區,文山區忠順街2段57巷與興隆路4段145巷口口,0,0,2,1,B01,8,7,5,50,4,1,5,5,4,5,13,4,4,10,5,5,2,15,2,59,3,10,7,1,7,9,1,8,1,8,,72,,1,22,121.5642816,24.9854057
113,7,3,9,5,2,10文山區,文山區忠順街2段57巷與興隆路4段145巷口口,0,0,2,2,C03,8,7,5,50,4,1,5,5,4,5,13,4,4,10,5,5,2,15,2,42,2,9,5,1,7,9,1,10,1,12,,44,,1,22,121.5642816,24.9854057
113,7,3,9,5,2,10文山區,文山區忠順街2段57巷與興隆路4段145巷口口,0,0,2,3,H02,8,7,5,50,4,1,5,5,4,5,13,4,4,10,5,5,2,15,2,62,2,9,5,5,7,20,8,20,10,17,,67,,1,22,121.5642816,24.9854057
113,7,3,9,10,2,05中正區,中正區忠孝東路2段64巷與杭州南路1段11巷口口,0,0,2,1,C03,8,7,5,30,4,1,1,5,4,5,13,4,4,10,5,5,2,15,1,45,2,9,6,1,7,9,1,10,1,11,,75,,1,21,121.5285257,25.04293373
113,7,3,9,10,2,05中正區,中正區忠孝東路2段64巷與杭州南路1段11巷口口,0,0,2,2,C03,8,7,5,30,4,1,1,5,4,5,13,4,4,10,5,5,2,15,1,34,2,9,6,1,7,9,1,10,1,11,,14,,1,21,121.5285257,25.04293373
113,7,3,9,28,2,02萬華區,萬華區萬大路與長泰街口,0,0,1,1,C03,8,6,5,30,4,1,1,5,4,5,13,1,1,8,3,5,1,13,1,42,3,10,5,1,7,12,1,10,1,11,,16,,1,21,121.4993798,25.0228575
113,7,3,9,28,2,02萬華區,萬華區萬大路與長泰街口,0,0,1,2,C03,8,6,5,30,4,1,1,5,4,5,13,1,1,8,3,5,1,13,1,62,2,8,5,1,7,9,1,10,1,13,,44,,1,21,121.4993798,25.0228575
113,7,3,9,35,2,12內湖區,內湖區安康路與安康路口往成功路2段引道南往北(2030629路燈桿),0,0,1,1,A31,8,6,5,50,11,9,1,5,4,5,13,4,4,5,4,5,2,16,1,44,3,10,7,1,7,1,1,1,1,8,,19,,1,21,121.5925382,25.06217632
113,7,3,9,35,2,12內湖區,內湖區安康路與安康路口往成功路2段引道南往北(2030629路燈桿),0,0,1,2,C03,8,6,5,50,11,9,1,5,4,5,13,4,4,5,4,5,2,16,1,37,2,9,5,1,7,9,1,10,1,12,,44,,1,27,121.5925382,25.06217632
113,7,3,9,46,2,04大安區,大安區辛亥路1段與泰順街39巷口,0,0,1,1,F01,8,6,5,30,3,2,1,5,4,5,13,4,4,10,5,5,1,10,2,53,3,10,4,4,7,9,8,20,11,11,,4,,1,21,121.5324876,25.0226471
113,7,3,9,46,2,04大安區,大安區辛亥路1段與泰順街39巷口,0,0,1,2,F01,8,6,5,30,3,2,1,5,4,5,13,4,4,10,5,5,1,10,2,87,2,9,4,4,7,9,8,20,11,11,,44,,1,21,121.5324876,25.0226471
113,7,3,9,52,2,07信義區,信義區基隆路2段77號,0,0,2,1,C03,8,6,5,50,14,9,1,5,4,5,13,4,4,1,4,5,2,13,1,19,2,3,5,1,7,9,1,10,1,11,,16,,1,21,121.5579549,25.0302555
113,7,3,9,52,2,07信義區,信義區基隆路2段77號,0,0,2,2,B03,8,6,5,50,14,9,1,5,4,5,13,4,4,1,4,5,2,13,1,22,3,10,7,1,7,3,1,8,1,3,,44,,1,21,121.5579549,25.0302555
113,7,3,9,52,2,07信義區,信義區基隆路2段77號,0,0,2,3,C03,8,6,5,50,14,9,1,5,4,5,13,4,4,1,4,5,2,13,2,60,2,8,5,1,7,9,1,10,1,14,,44,,1,21,121.5579549,25.0302555
113,7,3,10,20,2,06松山區,松山區敦化南路1段與敦化南路1段100巷口,0,0,1,1,B03,8,6,5,50,3,2,1,5,4,5,13,1,1,8,3,4,2,17,2,38,3,10,3,4,7,7,1,8,1,3,,44,,1,21,121.5486701,25.0463935
113,7,3,10,20,2,06松山區,松山區敦化南路1段與敦化南路1段100巷口,0,0,1,2,C03,8,6,5,50,3,2,1,5,4,5,13,1,1,8,3,4,2,17,2,35,2,8,6,4,7,12,1,10,1,11,,44,,1,21,121.5486701,25.0463935
113,7,3,10,42,2,07信義區,信義區信義路5段150巷292號,0,0,1,1,F01,8,6,5,30,14,9,1,5,4,5,13,4,4,10,5,5,2,17,2,26,2,8,3,4,7,15,8,20,1,11,,44,,1,21,121.569132,25.0273181
113,7,3,10,42,2,07信義區,信義區信義路5段150巷292號,0,0,1,2,C03,8,6,5,30,14,9,1,5,4,5,13,4,4,10,5,5,2,17,2,36,3,10,3,4,7,9,1,10,1,11,,44,,1,21,121.569132,25.0273181
113,7,3,10,55,2,07信義區,信義區市民大道5段14巷與市民大道5段口,0,0,1,1,B01,8,5,5,50,3,2,1,5,4,5,13,3,1,10,5,5,2,17,1,22,2,3,7,1,7,15,1,10,1,4,,72,,1,21,121.5600766,25.0459672
113,7,3,10,55,2,07信義區,信義區市民大道5段14巷與市民大道5段口,0,0,1,2,B12,8,5,5,50,3,2,1,5,4,5,13,3,1,10,5,5,2,17,1,44,3,10,7,1,7,9,1,8,1,2,,14,,1,21,121.5600766,25.0459672
113,7,3,11,0,2,05中正區,中正區新生南路1段56巷18號前,0,0,1,1,B01,8,6,5,30,14,9,1,5,4,5,13,4,4,10,5,5,1,17,1,53,3,10,7,1,7,14,1,4,2,2,,38,,1,21,121.5318125,25.0409983
113,7,3,11,0,2,05中正區,中正區新生南路1段56巷18號前,0,0,1,3,H02,8,6,5,30,14,9,1,5,4,5,13,4,4,10,5,5,1,17,2,42,3,10,4,5,7,19,8,20,10,16,,126,,1,22,121.5318125,25.0409983
113,7,3,11,0,2,05中正區,中正區新生南路1段56巷18號前,0,0,1,2,C03,8,6,5,30,14,9,1,5,4,5,13,4,4,10,5,5,1,17,2,41,2,9,6,1,7,9,1,10,2,14,,44,,1,21,121.5318125,25.0409983
113,7,3,11,1,2,12內湖區,內湖區康寧路3段與成功路5段口,0,0,1,1,B03,8,5,5,50,3,1,1,5,4,5,13,4,4,1,4,4,2,16,1,36,3,10,7,1,7,6,1,8,1,5,,80,,1,21,121.6062194,25.07321804