發生年度,發生月,發生日,發生時-Hours,發生分,處理別-編號,區序,肇事地點,死亡人數,2-30日死亡人數,受傷人數,當事人序號,車種,天候,道路照明設備,道路類別,速限-速度限制,道路型態,事故位置,路面狀況1,路面狀況2,路面狀況3,道路障礙1,道路障礙2,號誌1,號誌2,車道劃分-分向,車道劃分-分道1,車道劃分-分道2,車道劃分-分道3,事故類型及型態,性別,年齡,受傷程度,主要傷處,保護裝置,行動電話,車輛用途,當事者行動狀態,駕駛資格情形,駕駛執照種類,飲酒情形,車輛撞擊部位1,車輛撞擊部位2,肇因碼-個別,肇因碼-主要,個人肇逃否,職業,座標-X,座標-Y
113,7,3,11,1,2,12內湖區,內湖區康寧路3段與成功路5段口,0,0,1,2,C03,8,5,5,50,3,1,1,5,4,5,13,4,4,1,4,4,2,16,2,67,2,9,6,1,7,9,1,10,1,14,,44,,1,21,121.6062194,25.07321804
113,7,3,11,43,2,10文山區,文山區木柵路2段109巷25弄與秀明路1段19巷5弄口,0,0,2,1,C03,8,6,5,30,14,9,5,5,4,5,13,4,4,10,5,5,2,16,1,52,2,8,6,1,7,5,1,9,2,12,,8,,1,21,121.5630511,24.9899249
113,7,3,11,43,2,10文山區,文山區木柵路2段109巷25弄與秀明路1段19巷5弄口,0,0,2,2,C03,8,6,5,30,14,9,5,5,4,5,13,4,4,10,5,5,2,16,2,31,2,9,6,1,7,9,1,10,2,14,,44,,1,21,121.5630511,24.9899249
113,7,3,11,45,2,03中山區,中山區中山北路1段33巷與中山北路1段口,0,0,1,1,C03,8,7,5,50,3,1,1,5,4,5,13,4,4,9,5,5,2,17,2,22,3,10,5,1,7,8,1,10,1,14,,100,,1,21,121.5213074,25.0489062
113,7,3,11,45,2,03中山區,中山區中山北路1段33巷與中山北路1段口,0,0,1,2,C03,8,7,5,50,3,1,1,5,4,5,13,4,4,9,5,5,2,17,1,62,2,9,5,1,7,9,1,10,1,12,,108,,1,21,121.5213074,25.0489062
113,7,3,11,46,2,07信義區,信義區市民高架永吉路匝道往西,0,0,1,1,B03,8,7,8,80,10,9,1,5,4,5,13,4,4,10,4,5,2,17,1,61,3,10,7,1,7,9,1,8,2,1,,16,,1,21,121.5641283,25.0448327
113,7,3,11,46,2,07信義區,信義區市民高架永吉路匝道往西,0,0,1,2,B03,8,7,8,80,10,9,1,5,4,5,13,4,4,10,4,5,2,17,1,57,2,2,7,1,7,14,1,8,2,3,,44,,1,21,121.5641283,25.0448327
113,7,3,11,50,2,07信義區,信義區莊敬路364號,0,0,1,1,C03,8,7,5,50,14,7,1,5,4,5,13,4,4,9,4,4,2,13,1,30,2,4,5,1,7,9,1,10,1,11,,106,,1,22,121.5647697,25.02772157
113,7,3,11,50,2,07信義區,信義區莊敬路364號,0,0,1,2,B03,8,7,5,50,14,7,1,5,4,5,13,4,4,9,4,4,2,13,1,74,3,10,7,1,7,9,1,8,1,3,,44,,1,22,121.5647697,25.02772157
113,7,3,12,10,2,05中正區,中正區重慶南路1段與貴陽街1段口,0,0,1,1,B03,8,6,5,50,4,1,1,5,4,5,13,1,1,5,4,5,2,17,2,63,3,10,7,1,7,11,1,8,2,17,,44,,1,21,121.5129646,25.0387328
113,7,3,12,10,2,05中正區,中正區重慶南路1段與貴陽街1段口,0,0,1,2,C03,8,6,5,50,4,1,1,5,4,5,13,1,1,5,4,5,2,17,1,41,2,8,6,1,7,6,1,10,2,12,,44,,1,21,121.5129646,25.0387328
113,7,3,12,15,2,10文山區,文山區忠順街1段26巷與忠順街1段26巷27弄口口,0,0,1,1,F03,8,7,5,30,4,1,1,5,4,5,13,4,4,10,5,5,2,15,2,66,2,9,4,1,7,9,8,20,1,12,,72,,1,22,121.5597984,24.9820253
113,7,3,12,15,2,10文山區,文山區忠順街1段26巷與忠順街1段26巷27弄口口,0,0,1,2,B03,8,7,5,30,4,1,1,5,4,5,13,4,4,10,5,5,2,15,2,38,3,10,7,1,7,9,1,8,1,8,,44,,1,22,121.5597984,24.9820253
113,7,3,12,36,2,10文山區,文山區木柵路1段54號前,0,0,1,1,B03,8,6,5,50,14,9,1,5,4,5,13,4,4,5,4,5,2,16,1,49,3,10,2,1,7,11,1,8,1,4,,44,,1,21,121.5469936,24.9868964
113,7,3,12,36,2,10文山區,文山區木柵路1段54號前,0,0,1,2,C03,8,6,5,50,14,9,1,5,4,5,13,4,4,5,4,5,2,16,1,44,2,7,5,1,7,9,1,10,1,11,,44,,1,21,121.5469936,24.9868964
113,7,3,12,39,2,05中正區,中正區羅斯福路4段198號,0,0,1,1,B03,7,6,5,50,14,9,1,5,4,5,13,4,4,1,4,5,2,16,1,57,3,10,3,4,7,6,1,8,1,2,,9,,1,21,121.5367373,25.011611
113,7,3,12,39,2,05中正區,中正區羅斯福路4段198號,0,0,1,2,C03,7,6,5,50,14,9,1,5,4,5,13,4,4,1,4,5,2,16,1,20,2,6,5,1,7,9,1,10,1,14,,108,,1,21,121.5367373,25.011611
113,7,3,14,10,2,05中正區,中正區和平西路1段20號,0,0,2,1,C04,8,6,6,50,14,9,1,5,4,5,13,2,1,1,3,5,1,17,2,57,2,9,5,1,7,9,1,11,1,11,,16,,1,21,121.5207563,25.0267037
113,7,3,14,10,2,05中正區,中正區和平西路1段20號,0,0,2,2,C03,8,6,6,50,14,9,1,5,4,5,13,2,1,1,3,5,1,17,2,49,2,9,5,1,7,9,1,10,1,13,,44,,1,21,121.5207563,25.0267037
113,7,3,14,10,2,05中正區,中正區和平西路1段20號,0,0,2,3,C03,8,6,6,50,14,9,1,5,4,5,13,2,1,1,3,5,1,17,1,48,3,10,5,1,7,9,1,10,1,14,,44,,1,21,121.5207563,25.0267037
113,7,3,14,49,2,09北投區,北投區文林北路與建民路口,0,0,1,1,F01,8,6,5,0,4,1,1,5,4,5,13,1,1,5,4,4,1,17,2,66,2,9,4,1,7,15,8,20,9,14,,44,,1,21,121.5156263,25.1070815
113,7,3,14,49,2,09北投區,北投區文林北路與建民路口,0,0,1,2,B03,8,6,5,0,4,1,1,5,4,5,13,1,1,5,4,4,1,17,1,32,3,10,7,1,7,14,1,4,9,17,,44,,1,21,121.5156263,25.1070815
113,7,3,14,51,2,09北投區,北投區大度路3段與關渡路口,0,0,1,1,B03,8,5,5,50,3,1,1,5,4,5,13,2,1,3,4,4,2,16,2,53,3,10,7,1,7,6,1,8,1,6,,9,,1,21,121.4694878,25.1228963
113,7,3,14,51,2,09北投區,北投區大度路3段與關渡路口,0,0,1,2,C03,8,5,5,50,3,1,1,5,4,5,13,2,1,3,4,4,2,16,2,26,2,9,5,1,7,9,1,9,1,11,,44,,1,21,121.4694878,25.1228963
113,7,3,14,55,2,10文山區,文山區興隆路2段與興隆路2段220巷口,0,0,1,1,C03,8,6,5,50,4,1,1,5,4,5,13,1,1,1,4,5,2,17,1,64,2,3,6,1,7,10,1,10,2,12,,42,,1,22,121.5525043,25.0016027
113,7,3,14,55,2,10文山區,文山區興隆路2段與興隆路2段220巷口,0,0,1,2,B11,8,6,5,50,4,1,1,5,4,5,13,1,1,1,4,5,2,17,1,47,3,10,7,1,7,1,1,4,2,17,,19,,1,22,121.5525043,25.0016027
113,7,3,15,5,2,03中山區,中山區建國北路2段與民權東路3段口,0,0,1,1,B03,8,7,5,50,4,1,1,5,4,5,13,1,1,1,2,5,2,16,2,53,3,10,7,1,7,10,1,8,1,6,,100,,1,21,121.5373017,25.06223885
113,7,3,15,5,2,03中山區,中山區建國北路2段與民權東路3段口,0,0,1,2,C03,8,7,5,50,4,1,1,5,4,5,13,1,1,1,2,5,2,16,1,47,2,8,6,1,7,9,1,10,1,11,,99,,1,21,121.5373017,25.06223885
113,7,3,15,6,2,04大安區,大安區仁愛路4段與光復南路口,0,0,1,1,C03,8,5,5,50,4,1,1,5,4,5,13,2,1,10,5,5,1,15,2,60,2,9,3,4,7,15,1,10,2,12,,44,,1,21,121.5574986,25.0376074
113,7,3,15,6,2,04大安區,大安區仁愛路4段與光復南路口,0,0,1,2,B01,8,5,5,50,4,1,1,5,4,5,13,2,1,10,5,5,1,15,1,64,3,10,3,4,7,9,1,4,2,4,,17,,1,21,121.5574986,25.0376074
113,7,3,15,22,2,04大安區,大安區市民大道3段與建國南路1段口,0,0,1,1,C03,8,7,5,50,14,9,1,5,4,5,13,4,4,10,3,5,1,12,2,18,2,8,6,1,7,9,1,10,1,11,,44,,1,22,121.5368962,25.0441709
113,7,3,15,22,2,04大安區,大安區市民大道3段與建國南路1段口,0,0,1,2,B01,8,7,5,50,14,9,1,5,4,5,13,4,4,10,3,5,1,12,1,62,3,10,3,4,7,8,1,4,1,8,,100,,1,21,121.5368962,25.0441709
113,7,3,15,22,2,04大安區,大安區市民大道3段與建國南路1段口,0,0,1,3,B03,8,7,5,50,14,9,1,5,4,5,13,4,4,10,3,5,1,12,1,64,3,10,3,4,7,9,1,8,1,5,,44,,1,22,121.5368962,25.0441709
113,7,3,15,25,2,11南港區,南港區重陽路與向陽路120巷2弄口,0,0,1,1,B12,8,7,5,30,4,2,1,5,4,5,13,2,1,9,4,4,2,2,1,64,3,10,3,4,7,5,1,8,1,8,,108,,1,21,121.5958262,25.055288
113,7,3,15,25,2,11南港區,南港區重陽路與向陽路120巷2弄口,0,0,1,2,H01,8,7,5,30,4,2,1,5,4,5,13,2,1,9,4,4,2,2,2,27,2,9,4,5,8,16,8,20,10,16,,121,,1,21,121.5958262,25.055288
113,7,3,15,40,2,06松山區,松山區民權東路5段與民權東路5段口1號旁無名巷,0,0,1,2,B03,8,5,5,50,3,1,1,5,4,5,13,2,1,1,4,5,2,17,2,67,3,10,7,1,7,5,1,8,1,7,,71,,1,21,121.5647822,25.0630585
113,7,3,15,40,2,06松山區,松山區民權東路5段與民權東路5段口1號旁無名巷,0,0,1,1,C03,8,5,5,50,3,1,1,5,4,5,13,2,1,1,4,5,2,17,1,25,2,8,5,1,7,9,1,10,1,11,,13,,1,21,121.5647822,25.0630585
113,7,3,17,0,2,09北投區,北投區大度路3段151號與大度路3段口無名巷,0,0,1,1,B03,8,5,5,50,3,1,1,5,4,5,13,1,1,9,2,3,2,17,1,68,3,10,3,4,7,6,1,8,2,6,,71,,1,21,121.4724806,25.12260503
113,7,3,17,0,2,09北投區,北投區大度路3段151號與大度路3段口無名巷,0,0,1,2,C03,8,5,5,50,3,1,1,5,4,5,13,1,1,9,2,3,2,17,1,34,2,9,3,4,7,9,1,10,2,11,,16,,1,21,121.4724806,25.12260503
113,7,3,17,18,2,09北投區,北投區泉源路與新民路口,0,0,1,1,B03,8,6,5,40,3,1,1,5,4,5,13,3,1,5,5,5,2,15,1,68,3,10,7,1,7,9,1,8,2,4,,14,,1,21,121.504842,25.1383204
113,7,3,17,18,2,09北投區,北投區泉源路與新民路口,0,0,1,2,C03,8,6,5,40,3,1,1,5,4,5,13,3,1,5,5,5,2,15,2,31,2,9,5,1,7,9,1,10,2,12,,84,,1,21,121.504842,25.1383204
113,7,3,17,39,2,01大同區,大同區華陰街37號與無名巷口,0,0,1,1,C03,8,6,5,30,5,2,1,5,4,5,13,4,4,10,3,5,1,16,2,22,3,10,6,4,7,5,1,10,1,14,,8,,1,21,121.5194299,25.0492973
113,7,3,17,39,2,01大同區,大同區華陰街37號與無名巷口,0,0,1,2,C03,8,6,5,30,5,2,1,5,4,5,13,4,4,10,3,5,1,16,2,42,2,9,3,4,7,9,1,10,1,11,,44,,1,21,121.5194299,25.0492973
113,7,3,17,51,2,08士林區,士林區中山北路5段811巷與福華路口,0,0,1,1,C03,8,7,5,50,14,9,1,5,4,5,13,4,4,8,3,5,2,16,2,61,2,9,3,1,7,5,1,10,1,12,,80,,1,22,121.5234292,25.1006113
113,7,3,17,51,2,08士林區,士林區中山北路5段811巷與福華路口,0,0,1,2,C03,8,7,5,50,14,9,1,5,4,5,13,4,4,8,3,5,2,16,2,56,3,10,2,1,7,9,1,10,1,11,,44,,1,26,121.5234292,25.1006113
113,7,3,17,56,2,02萬華區,萬華區康定路與永福街口,0,0,1,1,C04,7,7,5,50,4,2,1,5,4,5,13,1,1,5,4,5,2,17,1,66,2,9,5,1,7,9,1,10,1,12,,101,,1,21,121.5018865,25.03890256
113,7,3,17,56,2,02萬華區,萬華區康定路與永福街口,0,0,1,2,C03,7,7,5,50,4,2,1,5,4,5,13,1,1,5,4,5,2,17,1,21,3,10,5,1,7,9,1,10,1,14,,44,,1,21,121.5018865,25.03890256
113,7,3,18,21,2,05中正區,中正區重慶南路1段122號,0,0,1,1,C03,7,6,5,50,14,9,1,5,4,5,13,4,4,5,4,5,2,13,1,43,2,8,6,1,7,9,1,10,2,11,,44,,1,21,121.5128071,25.0392646
113,7,3,18,21,2,05中正區,中正區重慶南路1段122號,0,0,1,2,B03,7,6,5,50,14,9,1,5,4,5,13,4,4,5,4,5,2,13,1,41,3,10,7,1,7,14,1,8,2,7,,44,,1,21,121.5128071,25.0392646
113,7,3,18,37,2,04大安區,大安區四維路與四維路154巷口,0,0,1,1,C03,8,6,5,30,4,18,1,5,4,5,13,3,1,5,2,5,2,3,1,48,3,10,5,1,7,9,1,8,9,11,,44,,1,21,121.5479426,25.0309588
113,7,3,18,37,2,04大安區,大安區四維路與四維路154巷口,0,0,1,2,H01,8,6,5,30,4,18,1,5,4,5,13,3,1,5,2,5,2,3,2,34,2,9,4,5,8,16,8,20,10,16,,67,,1,21,121.5479426,25.0309588
113,7,3,18,40,2,12內湖區,內湖區內湖路1段與內湖路1段591巷口,0,0,2,1,B03,8,6,5,50,3,1,1,5,4,5,13,1,1,1,5,5,2,13,1,67,3,10,7,1,7,9,1,8,2,1,,16,,1,21,121.5730413,25.0807759
113,7,3,18,40,2,12內湖區,內湖區內湖路1段與內湖路1段591巷口,0,0,2,2,C03,8,6,5,50,3,1,1,5,4,5,13,1,1,1,5,5,2,13,1,35,2,7,6,1,7,14,1,10,2,13,,44,,1,21,121.5730413,25.0807759
113,7,3,18,40,2,12內湖區,內湖區內湖路1段與內湖路1段591巷口,0,0,2,3,H02,8,6,5,50,3,1,1,5,4,5,13,1,1,1,5,5,2,13,2,37,2,9,6,5,7,21,8,20,10,16,,67,,1,21,121.5730413,25.0807759
113,7,3,18,41,2,07信義區,信義區忠孝東路5段與中坡南路口,0,0,1,1,B01,8,5,5,50,4,1,1,5,4,5,13,1,1,1,4,5,2,17,1,69,3,10,3,4,7,5,1,4,1,2,,71,,1,21,121.5819675,25.0441459
113,7,3,18,41,2,07信義區,信義區忠孝東路5段與中坡南路口,0,0,1,2,C03,8,5,5,50,4,1,1,5,4,5,13,1,1,1,4,5,2,17,1,26,2,9,3,4,7,9,1,10,1,11,,14,,1,21,121.5819675,25.0441459
113,7,3,18,50,2,08士林區,士林區天母東路與天母東路105巷口,0,0,1,1,C03,8,5,5,50,3,1,1,5,4,5,13,2,1,1,4,5,2,17,1,32,3,10,6,1,7,5,1,10,1,12,,8,,1,26,121.5364005,25.1182043
113,7,3,18,50,2,08士林區,士林區天母東路與天母東路105巷口,0,0,1,2,C03,8,5,5,50,3,1,1,5,4,5,13,2,1,1,4,5,2,17,1,61,2,9,5,1,7,9,1,9,1,17,,44,,1,26,121.5364005,25.1182043
113,7,3,19,19,2,02萬華區,萬華區成都路19號,0,0,1,1,C03,8,5,5,50,14,9,1,5,4,5,13,4,4,10,4,5,2,12,1,18,2,9,6,1,7,8,1,10,1,14,,100,,1,21,121.5070021,25.04258426
113,7,3,19,19,2,02萬華區,萬華區成都路19號,0,0,1,2,A12,8,5,5,50,14,9,1,5,4,5,13,4,4,10,4,5,2,12,1,63,3,10,7,1,7,9,1,3,1,5,,44,,1,21,121.5070021,25.04258426
113,7,3,19,55,2,07信義區,信義區基隆路汽機車混合地下道,0,0,2,1,C03,8,5,5,30,7,9,1,5,4,5,13,4,4,10,5,5,1,13,1,33,3,10,5,1,7,3,1,10,1,13,,42,,1,21,121.5633887,25.0395608
113,7,3,19,55,2,07信義區,信義區基隆路汽機車混合地下道,0,0,2,2,C03,8,5,5,30,7,9,1,5,4,5,13,4,4,10,5,5,1,13,2,24,2,9,5,1,7,9,1,10,1,11,,108,,1,21,121.5633887,25.0395608
113,7,3,19,55,2,07信義區,信義區基隆路汽機車混合地下道,0,0,2,3,H02,8,5,5,30,7,9,1,5,4,5,13,4,4,10,5,5,1,13,2,24,2,9,4,5,7,21,8,20,10,16,,67,,1,21,121.5633887,25.0395608
113,7,3,20,2,2,02萬華區,萬華區堤外便道與萬大路口,0,0,1,1,B12,8,5,5,50,4,1,1,5,4,5,13,1,1,5,5,5,2,17,1,30,3,10,7,4,7,9,6,18,6,5,,21,,2,21,121.4956422,25.0161663
113,7,3,20,2,2,02萬華區,萬華區堤外便道與萬大路口,0,0,1,2,C03,8,5,5,50,4,1,1,5,4,5,13,1,1,5,5,5,2,17,1,51,2,9,5,4,7,5,1,10,2,13,,74,,1,21,121.4956422,25.0161663
113,7,3,20,10,2,07信義區,信義區松山路與松山路393巷口,0,0,2,1,C03,7,5,5,30,3,1,1,5,4,5,13,4,4,1,4,5,2,17,1,26,3,10,3,4,7,6,1,10,2,17,,44,,1,22,121.5778953,25.0418224
113,7,3,20,10,2,07信義區,信義區松山路與松山路393巷口,0,0,2,2,C03,7,5,5,30,3,1,1,5,4,5,13,4,4,1,4,5,2,17,1,37,3,10,3,4,7,9,1,10,2,17,,44,,1,22,121.5778953,25.0418224
113,7,3,20,10,2,07信義區,信義區松山路與松山路393巷口,0,0,2,3,C03,7,5,5,30,3,1,1,5,4,5,13,4,4,1,4,5,2,17,1,22,2,8,3,4,7,9,1,10,2,12,,116,,1,22,121.5778953,25.0418224
113,7,3,20,10,2,07信義區,信義區松山路與松山路393巷口,0,0,2,4,H02,7,5,5,30,3,1,1,5,4,5,13,4,4,1,4,5,2,17,1,22,2,9,3,5,7,17,8,20,10,16,,67,,1,22,121.5778953,25.0418224
113,7,3,20,15,2,03中山區,中山區市民大道2段與新生北路1段62巷口,0,0,1,1,B03,8,6,5,30,4,1,1,5,4,5,13,1,1,1,5,5,2,16,1,41,3,10,3,4,7,6,1,8,1,2,,9,,1,22,121.5306539,25.0461968
113,7,3,20,15,2,03中山區,中山區市民大道2段與新生北路1段62巷口,0,0,1,2,C03,8,6,5,30,4,1,1,5,4,5,13,1,1,1,5,5,2,16,1,38,2,9,6,1,7,9,1,10,1,14,,44,,1,22,121.5306539,25.0461968
113,7,3,20,21,2,05中正區,中正區汀州路1段與汀州路1段284巷口,0,0,2,1,C03,8,5,5,50,4,1,1,5,4,5,13,4,4,5,2,5,2,17,1,50,2,9,5,1,7,6,1,10,2,14,,32,,1,21,121.51149,25.0268321
113,7,3,20,21,2,05中正區,中正區汀州路1段與汀州路1段284巷口,0,0,2,2,C03,8,5,5,50,4,1,1,5,4,5,13,4,4,5,2,5,2,17,1,65,2,9,6,1,7,9,1,10,2,11,,99,,1,21,121.51149,25.0268321
113,7,3,20,21,2,05中正區,中正區汀州路1段與汀州路1段284巷口,0,0,2,3,H02,8,5,5,50,4,1,1,5,4,5,13,4,4,5,2,5,2,17,2,44,4,11,5,5,7,20,8,20,10,16,,67,,1,21,121.51149,25.0268321
113,7,3,20,21,2,05中正區,中正區汀州路1段與汀州路1段284巷口,0,0,2,4,H02,8,5,5,50,4,1,1,5,4,5,13,4,4,5,2,5,2,17,1,8,4,11,5,5,7,20,8,20,10,16,,67,,1,14,121.51149,25.0268321
113,7,3,21,4,2,10文山區,文山區辛亥路7段與辛亥路7段20巷口,0,0,2,1,C03,7,5,5,50,4,1,1,5,4,5,13,3,1,10,5,5,2,16,1,37,2,9,5,1,7,5,1,10,2,12,,71,,1,21,121.5531927,24.9866105
113,7,3,21,4,2,10文山區,文山區辛亥路7段與辛亥路7段20巷口,0,0,2,2,C03,7,5,5,50,4,1,1,5,4,5,13,3,1,10,5,5,2,16,1,28,2,9,5,1,7,9,1,10,2,11,,13,,1,21,121.5531927,24.9866105
113,7,3,22,15,2,11南港區,南港區忠孝東路6段與玉成街口,0,0,2,1,B03,8,5,5,50,5,1,1,5,4,5,13,1,1,4,3,5,2,17,1,41,3,10,7,1,7,6,1,8,1,5,,9,,1,21,121.5827728,25.0452317
113,7,3,22,15,2,11南港區,南港區忠孝東路6段與玉成街口,0,0,2,2,C03,8,5,5,50,5,1,1,5,4,5,13,1,1,4,3,5,2,17,2,19,2,9,5,1,7,9,1,10,1,14,,44,,1,21,121.5827728,25.0452317
113,7,3,22,15,2,11南港區,南港區忠孝東路6段與玉成街口,0,0,2,3,H02,8,5,5,50,5,1,1,5,4,5,13,1,1,4,3,5,2,17,2,20,2,9,5,5,7,21,8,20,10,16,,67,,1,21,121.5827728,25.0452317
113,7,3,22,31,2,01大同區,大同區赤峰街與承德路2段53巷口,0,0,2,1,B01,7,5,5,30,4,1,1,5,4,5,13,4,4,10,5,5,2,15,1,54,3,10,7,1,7,9,1,4,1,5,,72,,1,21,121.5196372,25.0553137
113,7,3,22,31,2,01大同區,大同區赤峰街與承德路2段53巷口,0,0,2,2,C03,7,5,5,30,4,1,1,5,4,5,13,4,4,10,5,5,2,15,1,35,2,9,5,1,7,9,1,9,1,14,,13,,1,21,121.5196372,25.0553137
113,7,3,22,31,2,01大同區,大同區赤峰街與承德路2段53巷口,0,0,2,3,H02,7,5,5,30,4,1,1,5,4,5,13,4,4,10,5,5,2,15,2,46,2,9,5,5,7,20,8,20,10,16,,67,,1,21,121.5196372,25.0553137
113,7,3,23,4,2,10文山區,文山區木柵路4段與萬壽橋口,0,0,2,1,B03,7,5,5,50,4,1,1,5,4,5,13,1,1,10,5,5,2,17,2,33,3,10,3,4,7,5,1,8,2,8,,85,,1,22,121.5711722,24.9918065
113,7,3,23,4,2,10文山區,文山區木柵路4段與萬壽橋口,0,0,2,2,C03,7,5,5,50,4,1,1,5,4,5,13,1,1,10,5,5,2,17,1,18,2,9,3,4,7,9,1,10,2,11,,44,,1,22,121.5711722,24.9918065
113,7,3,23,4,2,10文山區,文山區木柵路4段與萬壽橋口,0,0,2,3,H02,7,5,5,50,4,1,1,5,4,5,13,1,1,10,5,5,2,17,1,18,2,9,3,5,7,20,8,20,10,16,,67,,1,22,121.5711722,24.9918065
113,7,3,23,23,2,05中正區,中正區林森北路與北平東路口,0,0,1,2,C03,7,5,5,50,4,1,1,5,4,5,13,1,1,5,4,5,2,17,1,23,2,9,5,1,7,9,1,9,2,12,,44,,1,21,121.5237293,25.0463552
113,7,3,23,23,2,05中正區,中正區林森北路與北平東路口,0,0,1,1,C03,7,5,5,50,4,1,1,5,4,5,13,1,1,5,4,5,2,17,1,38,3,10,5,1,7,7,1,10,2,17,,100,,1,21,121.5237293,25.0463552
113,7,4,0,16,2,04大安區,大安區仁愛路4段與大安路1段口,0,0,1,1,C03,8,5,5,50,4,2,1,5,4,5,13,2,1,10,5,5,2,9,1,27,3,10,3,4,7,9,1,10,2,11,,118,,1,21,121.5460178,25.0377251
113,7,4,0,16,2,04大安區,大安區仁愛路4段與大安路1段口,0,0,1,2,H01,8,5,5,50,4,2,1,5,4,5,13,2,1,10,5,5,2,9,2,55,2,9,4,5,8,16,8,20,10,16,,67,,1,21,121.5460178,25.0377251
113,7,4,1,10,2,04大安區,大安區復興南路1段107巷與復興南路1段107巷5弄口,0,0,1,1,B01,8,5,5,30,4,1,1,5,4,5,13,4,4,10,5,5,2,15,1,50,3,10,7,1,7,9,1,4,1,1,,14,,1,21,121.5445034,25.0436237
113,7,4,1,10,2,04大安區,大安區復興南路1段107巷與復興南路1段107巷5弄口,0,0,1,2,B01,8,5,5,30,4,1,1,5,4,5,13,4,4,10,5,5,2,15,1,46,2,9,7,1,7,9,1,4,1,4,,14,,1,21,121.5445034,25.0436237
113,7,4,5,46,2,07信義區,信義區松山路與永吉路口,0,0,1,1,B03,8,5,5,50,4,1,1,5,4,5,13,1,1,9,4,5,2,17,1,71,3,10,7,1,7,6,1,4,1,5,,9,,1,21,121.5778978,25.0455222
113,7,4,5,46,2,07信義區,信義區松山路與永吉路口,0,0,1,2,C03,8,5,5,50,4,1,1,5,4,5,13,1,1,9,4,5,2,17,1,46,2,9,6,1,7,9,1,10,1,14,,44,,1,21,121.5778978,25.0455222
113,7,4,6,54,2,01大同區,大同區重慶北路3段與昌吉街口,0,0,1,1,C03,8,6,5,50,4,1,1,5,4,5,13,2,1,5,5,5,2,18,1,51,2,8,6,1,7,6,6,18,7,14,,21,,1,21,121.513562,25.0658219
113,7,4,6,54,2,01大同區,大同區重慶北路3段與昌吉街口,0,0,1,2,,8,6,5,50,4,1,1,5,4,5,13,2,1,5,5,5,2,18,3,0,,,,,,,,,,,,67,,1,,121.513562,25.0658219
113,7,4,7,9,2,04大安區,大安區仁愛路3段與建國南路1段口,0,0,1,1,B03,8,6,5,50,4,1,1,5,4,5,13,1,1,1,4,1,2,15,1,73,3,10,7,4,7,9,1,8,9,7,,44,,1,21,121.5380755,25.0381594
113,7,4,7,9,2,04大安區,大安區仁愛路3段與建國南路1段口,0,0,1,2,C03,8,6,5,50,4,1,1,5,4,5,13,1,1,1,4,1,2,15,1,50,2,7,6,4,7,9,1,10,1,11,,44,,1,21,121.5380755,25.0381594
113,7,4,7,50,2,08士林區,士林區文林路587巷與美崙街82巷口,0,0,2,1,F01,8,7,5,30,3,1,1,5,4,5,13,4,4,10,5,5,2,17,2,52,2,8,4,1,7,9,8,20,1,11,,72,,1,21,121.5214669,25.09798193
113,7,4,7,50,2,08士林區,士林區文林路587巷與美崙街82巷口,0,0,2,2,F01,8,7,5,30,3,1,1,5,4,5,13,4,4,10,5,5,2,17,1,73,2,8,4,1,7,9,8,20,1,11,,44,,1,21,121.5214669,25.09798193
113,7,4,7,51,2,01大同區,大同區承德路1段與長安西路口,0,0,1,1,C03,8,6,5,50,5,1,1,5,4,5,13,2,1,1,4,5,2,17,1,62,3,10,6,1,7,15,1,10,1,12,,100,,1,21,121.5168567,25.05093075
113,7,4,7,51,2,01大同區,大同區承德路1段與長安西路口,0,0,1,2,C03,8,6,5,50,5,1,1,5,4,5,13,2,1,1,4,5,2,17,2,34,2,9,6,1,7,9,1,10,1,14,,44,,1,21,121.5168567,25.05093075
113,7,4,7,55,2,03中山區,中山區北安路與敬業二路口,0,0,2,1,C03,8,5,5,50,3,2,1,5,4,5,13,4,4,1,4,5,2,13,2,20,2,8,3,4,7,9,1,10,1,11,,16,,1,21,121.5454697,25.09086244
113,7,4,7,55,2,03中山區,中山區北安路與敬業二路口,0,0,2,2,B03,8,5,5,50,3,2,1,5,4,5,13,4,4,1,4,5,2,13,1,43,3,10,3,4,7,9,1,8,1,7,,44,,1,21,121.5454697,25.09086244
113,7,4,7,55,2,03中山區,中山區北安路與敬業二路口,0,0,2,3,H02,8,5,5,50,3,2,1,5,4,5,13,4,4,1,4,5,2,13,2,20,2,8,3,5,7,21,8,20,10,16,,67,,1,21,121.5454697,25.09086244
113,7,4,7,55,2,03中山區,中山區北安路與敬業二路口,0,0,2,4,B01,8,5,5,50,3,2,1,5,4,5,13,4,4,1,4,5,2,13,1,61,3,10,3,4,7,7,1,4,9,17,,100,,1,22,121.5454697,25.09086244
113,7,4,8,15,2,04大安區,大安區辛亥路3段與芳蘭路口,0,0,2,1,C03,8,7,5,50,14,9,1,5,4,5,13,4,4,1,3,5,1,12,1,30,2,7,5,1,7,7,1,10,1,17,,100,,1,22,121.5484705,25.0171461
113,7,4,8,15,2,04大安區,大安區辛亥路3段與芳蘭路口,0,0,2,2,C03,8,7,5,50,14,9,1,5,4,5,13,4,4,1,3,5,1,12,1,50,2,9,5,1,7,9,1,10,1,15,,44,,1,22,121.5484705,25.0171461
113,7,4,8,27,2,08士林區,士林區通河西街1段堤外平面停車場前,0,0,2,1,C02,8,6,5,50,14,9,1,5,4,5,13,4,4,9,5,5,1,17,1,39,2,9,5,1,7,5,1,9,2,14,,8,,1,21,121.5130982,25.08375011
113,7,4,8,27,2,08士林區,士林區通河西街1段堤外平面停車場前,0,0,2,2,C03,8,6,5,50,14,9,1,5,4,5,13,4,4,9,5,5,1,17,1,43,2,7,6,1,7,4,1,10,2,11,,108,,1,21,121.5130982,25.08375011