發生年度,發生月,發生日,發生時-Hours,發生分,處理別-編號,區序,肇事地點,死亡人數,2-30日死亡人數,受傷人數,當事人序號,車種,天候,道路照明設備,道路類別,速限-速度限制,道路型態,事故位置,路面狀況1,路面狀況2,路面狀況3,道路障礙1,道路障礙2,號誌1,號誌2,車道劃分-分向,車道劃分-分道1,車道劃分-分道2,車道劃分-分道3,事故類型及型態,性別,年齡,受傷程度,主要傷處,保護裝置,行動電話,車輛用途,當事者行動狀態,駕駛資格情形,駕駛執照種類,飲酒情形,車輛撞擊部位1,車輛撞擊部位2,肇因碼-個別,肇因碼-主要,個人肇逃否,職業,座標-X,座標-Y
113,7,4,8,30,2,11南港區,南港區南港路1段209號,0,0,1,1,B03,8,7,5,50,14,9,1,5,4,5,13,4,4,9,4,5,2,16,2,36,3,10,3,4,7,5,1,8,1,5,,101,,1,21,121.6118469,25.0551601
113,7,4,8,30,2,11南港區,南港區南港路1段209號,0,0,1,2,C03,8,7,5,50,14,9,1,5,4,5,13,4,4,9,4,5,2,16,1,29,2,9,6,4,7,9,1,10,1,11,,13,,1,21,121.6118469,25.0551601
113,7,4,8,40,2,01大同區,大同區甘州街與甘州街42巷口,0,0,1,1,B03,8,6,5,30,3,1,1,5,4,5,13,4,4,9,4,5,2,17,1,42,3,10,7,1,7,5,1,8,1,8,,72,,1,21,121.512769,25.0598247
113,7,4,8,40,2,01大同區,大同區甘州街與甘州街42巷口,0,0,1,2,C03,8,6,5,30,3,1,1,5,4,5,13,4,4,9,4,5,2,17,1,37,2,9,6,1,7,9,1,10,1,11,,44,,1,21,121.512769,25.0598247
113,7,4,8,40,2,01大同區,大同區台北橋機慢車道(往台北),0,0,1,1,C03,8,6,5,40,8,11,1,5,4,5,13,4,4,10,4,5,2,12,1,22,2,9,6,1,7,9,1,10,1,12,,87,,1,21,121.510856,25.0628556
113,7,4,8,40,2,01大同區,大同區台北橋機慢車道(往台北),0,0,1,2,C03,8,6,5,40,8,11,1,5,4,5,13,4,4,10,4,5,2,12,1,36,3,10,6,1,7,15,1,10,1,14,,100,,1,21,121.510856,25.0628556
113,7,4,9,52,2,06松山區,松山區三民路與富錦街口,0,0,1,1,B03,8,5,5,50,4,2,1,5,4,5,13,2,1,6,3,4,1,2,1,50,3,10,3,1,7,6,1,8,2,1,,70,,1,21,121.563222,25.0610197
113,7,4,9,52,2,06松山區,松山區三民路與富錦街口,0,0,1,2,H01,8,5,5,50,4,2,1,5,4,5,13,2,1,6,3,4,1,2,2,44,2,9,4,5,8,16,8,20,10,16,,122,,1,22,121.563222,25.0610197
113,7,4,10,13,2,03中山區,中山區民生東路1段與新生北路2段口,0,0,1,1,C03,8,6,5,50,4,2,1,5,4,5,13,2,1,5,4,5,2,12,1,71,2,9,6,1,7,8,1,10,1,13,,100,,1,21,121.5272863,25.0580767
113,7,4,10,13,2,03中山區,中山區民生東路1段與新生北路2段口,0,0,1,2,B01,8,6,5,50,4,2,1,5,4,5,13,2,1,5,4,5,2,12,1,35,3,10,7,1,7,9,1,4,1,5,,44,,1,21,121.5272863,25.0580767
113,7,4,10,13,2,03中山區,中山區民生東路1段與新生北路2段口,0,0,1,3,B03,8,6,5,50,4,2,1,5,4,5,13,2,1,5,4,5,2,12,1,55,3,10,7,1,7,14,1,8,9,17,,44,,1,21,121.5272863,25.0580767
113,7,4,10,40,2,12內湖區,內湖區陽光街292號,0,0,2,1,C03,8,6,5,50,14,9,1,5,4,5,13,4,4,5,5,5,2,6,1,22,2,9,6,1,7,9,1,10,2,11,,108,,1,21,121.5745963,25.0728076
113,7,4,10,40,2,12內湖區,內湖區陽光街292號,0,0,2,2,H01,8,6,5,50,14,9,1,5,4,5,13,4,4,5,5,5,2,6,1,34,2,9,4,5,8,18,8,20,10,16,,121,,1,21,121.5745963,25.0728076
113,7,4,10,40,2,07信義區,信義區忠孝東路4段與忠孝東路4段554巷口口,0,0,1,1,B01,8,5,8,50,22,22,1,5,4,5,13,4,4,1,4,5,2,17,1,57,3,10,7,1,7,6,1,4,1,2,,9,,1,21,121.5635809,25.0410611
113,7,4,10,40,2,07信義區,信義區忠孝東路4段與忠孝東路4段554巷口口,0,0,1,2,C03,8,5,8,50,22,22,1,5,4,5,13,4,4,1,4,5,2,17,2,31,2,9,6,1,7,9,1,10,1,14,,14,,1,22,121.5635809,25.0410611
113,7,4,11,0,2,06松山區,松山區八德路4段389巷與八德路4段口,0,0,2,1,C03,8,7,5,30,3,1,1,5,4,5,13,4,4,8,3,5,2,16,1,46,2,9,5,1,7,5,1,10,1,11,,74,,1,26,121.5686585,25.0492983
113,7,4,11,0,2,06松山區,松山區八德路4段389巷與八德路4段口,0,0,2,2,C03,8,7,5,30,3,1,1,5,4,5,13,4,4,8,3,5,2,16,1,32,2,9,5,1,7,9,1,10,1,11,,14,,1,26,121.5686585,25.0492983
113,7,4,11,10,2,07信義區,信義區仁愛路4段與逸仙路口,0,0,1,1,C03,8,7,5,50,5,2,1,5,4,5,13,1,1,1,4,5,2,18,1,24,2,9,3,4,7,9,1,10,9,15,,44,,1,21,121.5611375,25.0374666
113,7,4,11,10,2,07信義區,信義區仁愛路4段與逸仙路口,0,0,1,2,C03,8,7,5,50,5,2,1,5,4,5,13,1,1,1,4,5,2,18,3,0,,,,,,,,,,,,67,,1,,121.5611375,25.0374666
113,7,4,11,20,2,06松山區,松山區復興北路與南京東路3段口,0,0,1,1,B01,8,7,5,50,4,1,1,5,4,5,13,2,1,1,4,4,2,12,1,40,3,10,7,1,7,9,1,4,1,2,,118,,1,26,121.5441739,25.0515841
113,7,4,11,20,2,06松山區,松山區復興北路與南京東路3段口,0,0,1,2,C03,8,7,5,50,4,1,1,5,4,5,13,2,1,1,4,4,2,12,2,32,2,8,5,1,7,9,1,10,1,14,,118,,1,26,121.5441739,25.0515841
113,7,4,11,26,2,03中山區,中山區民生東路2段與松江路口,0,0,1,1,C03,8,6,5,50,4,1,1,5,4,5,13,2,1,1,4,5,2,16,2,40,2,9,6,1,7,5,1,10,1,11,,8,,1,21,121.5332084,25.0580037
113,7,4,11,26,2,03中山區,中山區民生東路2段與松江路口,0,0,1,2,C03,8,6,5,50,4,1,1,5,4,5,13,2,1,1,4,5,2,16,1,37,3,10,6,1,7,9,1,10,1,12,,44,,1,21,121.5332084,25.0580037
113,7,4,11,36,2,04大安區,大安區忠孝東路4段與復興南路1段口,0,0,1,1,B03,8,6,5,50,4,2,1,5,4,5,13,2,1,1,4,5,2,9,1,55,4,11,3,4,7,6,7,19,11,15,,70,,2,22,121.5438698,25.04184447
113,7,4,11,36,2,04大安區,大安區忠孝東路4段與復興南路1段口,0,0,1,2,H01,8,6,5,50,4,2,1,5,4,5,13,2,1,1,4,5,2,9,1,17,2,7,4,5,8,16,8,20,10,16,,67,,1,16,121.5438698,25.04184447
113,7,4,11,40,2,01大同區,大同區延平北路3段108-1號,0,0,1,1,C03,8,5,5,50,14,9,1,5,4,5,13,4,4,5,4,5,2,16,1,56,3,10,5,1,7,6,6,10,1,13,,17,,1,21,121.510989,25.06675251
113,7,4,11,40,2,01大同區,大同區延平北路3段108-1號,0,0,1,2,C03,8,5,5,50,14,9,1,5,4,5,13,4,4,5,4,5,2,16,2,28,2,9,5,1,7,9,1,10,1,11,,44,,1,21,121.510989,25.06675251
113,7,4,11,51,2,01大同區,大同區重慶北路1段與鄭州路口,0,0,1,1,C03,8,5,5,40,5,2,1,5,4,5,13,2,1,1,4,5,1,17,2,22,2,9,3,4,7,9,1,10,1,14,,108,,1,21,121.5134832,25.0495193
113,7,4,11,51,2,01大同區,大同區重慶北路1段與鄭州路口,0,0,1,2,C03,8,5,5,40,5,2,1,5,4,5,13,2,1,1,4,5,1,17,1,21,3,10,3,4,7,6,1,10,1,12,,44,,1,21,121.5134832,25.0495193
113,7,4,11,51,2,07信義區,信義區松智路9巷南向北(A8旁),0,0,1,1,B12,8,6,5,30,14,9,1,5,4,5,13,4,4,10,4,5,1,17,1,29,3,10,3,4,7,11,1,8,1,4,,10,,1,21,121.566472,25.0386481
113,7,4,11,51,2,07信義區,信義區松智路9巷南向北(A8旁),0,0,1,2,C03,8,6,5,30,14,9,1,5,4,5,13,4,4,10,4,5,1,17,1,28,2,1,3,4,7,9,1,10,1,11,,44,,1,21,121.566472,25.0386481
113,7,4,11,52,2,05中正區,中正區中華路1段81號與中華路1段口,0,0,1,1,B03,8,5,5,50,3,1,1,5,4,5,13,4,4,4,4,1,1,17,1,34,3,10,7,1,7,6,1,8,1,5,,9,,1,21,121.50751,25.0386506
113,7,4,11,52,2,05中正區,中正區中華路1段81號與中華路1段口,0,0,1,2,C03,8,5,5,50,3,1,1,5,4,5,13,4,4,4,4,1,1,17,1,48,3,10,5,1,7,9,1,10,1,11,,44,,1,21,121.50751,25.0386506
113,7,4,11,52,2,05中正區,中正區中華路1段81號與中華路1段口,0,0,1,3,H02,8,5,5,50,3,1,1,5,4,5,13,4,4,4,4,1,1,17,2,44,2,9,5,5,7,21,8,20,10,16,,67,,1,21,121.50751,25.0386506
113,7,4,12,0,2,04大安區,大安區基隆路3段147號,0,0,1,1,C03,8,6,5,50,14,7,1,5,4,5,13,4,4,1,4,4,1,17,2,40,3,10,6,1,7,9,1,10,1,17,,30,,2,21,121.5428408,25.015874
113,7,4,12,0,2,04大安區,大安區基隆路3段147號,0,0,1,2,C03,8,6,5,50,14,7,1,5,4,5,13,4,4,1,4,4,1,17,1,42,2,9,6,1,7,9,1,10,1,14,,44,,1,21,121.5428408,25.015874
113,7,4,12,37,2,02萬華區,萬華區莒光路153巷與中華路2段150巷口,0,0,1,1,B12,8,6,5,30,4,1,1,5,4,5,13,4,4,10,5,5,1,17,1,66,3,10,3,4,7,9,1,8,1,1,,75,,1,22,121.5029818,25.0303928
113,7,4,12,37,2,02萬華區,萬華區莒光路153巷與中華路2段150巷口,0,0,1,2,C03,8,6,5,30,4,1,1,5,4,5,13,4,4,10,5,5,1,17,1,59,2,3,3,4,7,9,1,10,1,14,,14,,1,22,121.5029818,25.0303928
113,7,4,12,37,2,02萬華區,萬華區莒光路153巷與中華路2段150巷口,0,0,1,3,A12,8,6,5,30,4,1,1,5,4,5,13,4,4,10,5,5,1,17,1,41,3,10,3,4,7,13,1,7,9,17,,38,,1,22,121.5029818,25.0303928
113,7,4,12,53,2,01大同區,大同區赤峰街45巷與赤峰街口,0,0,2,1,C03,8,5,5,30,4,1,1,5,4,5,13,4,4,10,5,5,2,15,1,21,2,7,5,1,7,9,1,10,2,11,,14,,1,21,121.5196359,25.05488203
113,7,4,12,53,2,01大同區,大同區赤峰街45巷與赤峰街口,0,0,2,2,C03,8,5,5,30,4,1,1,5,4,5,13,4,4,10,5,5,2,15,2,47,2,7,5,1,7,9,1,10,2,11,,44,,1,21,121.5196359,25.05488203
113,7,4,13,2,2,12內湖區,內湖區內湖路1段285巷與環山路1段口,0,0,2,1,F01,8,6,5,30,3,1,1,5,4,5,13,1,1,8,3,5,1,16,2,13,2,7,4,1,7,5,8,20,1,14,,8,,1,21,121.5662942,25.0865261
113,7,4,13,2,2,12內湖區,內湖區內湖路1段285巷與環山路1段口,0,0,2,2,C03,8,6,5,30,3,1,1,5,4,5,13,1,1,8,3,5,1,16,1,19,2,9,6,1,7,9,1,10,1,11,,44,,1,21,121.5662942,25.0865261
113,7,4,13,10,2,08士林區,士林區忠誠路2段與士東路口,0,0,1,1,B03,8,6,5,50,5,1,1,5,4,5,13,2,2,1,4,5,2,17,1,41,3,10,3,4,7,9,1,8,2,2,,42,,1,21,121.5309386,25.1124098
113,7,4,13,10,2,08士林區,士林區忠誠路2段與士東路口,0,0,1,2,C03,8,6,5,50,5,1,1,5,4,5,13,2,2,1,4,5,2,17,2,21,2,9,6,1,7,9,1,10,2,11,,44,,1,21,121.5309386,25.1124098
113,7,4,13,10,2,07信義區,(光復南路419號前),0,0,1,1,B03,8,6,8,50,22,22,1,5,4,5,13,1,1,1,4,5,2,17,1,37,3,10,7,1,7,9,1,8,2,2,,81,,1,22,121.5575805,25.0364069
113,7,4,13,10,2,07信義區,(光復南路419號前),0,0,1,2,C03,8,6,8,50,22,22,1,5,4,5,13,1,1,1,4,5,2,17,2,72,2,9,6,1,7,9,1,10,2,11,,42,,1,22,121.5575805,25.0364069
113,7,4,13,20,2,03中山區,中山區建國北路1段與長安東路2段口,0,0,1,1,C03,8,6,5,50,4,1,1,5,4,5,13,2,1,1,4,5,2,12,1,73,2,9,6,4,7,8,6,10,2,13,,100,,1,21,121.536482,25.0482524
113,7,4,13,20,2,03中山區,中山區建國北路1段與長安東路2段口,0,0,1,2,B03,8,6,5,50,4,1,1,5,4,5,13,2,1,1,4,5,2,12,1,54,3,10,7,4,7,9,1,8,2,1,,44,,1,21,121.536482,25.0482524
113,7,4,13,21,2,02萬華區,萬華區艋舺大道與西園路2段口,0,0,1,1,B01,8,7,5,50,4,2,1,5,4,5,13,1,1,1,4,5,2,13,1,66,3,10,7,1,7,9,1,4,1,1,,118,,1,21,121.497586,25.033098
113,7,4,13,21,2,02萬華區,萬華區艋舺大道與西園路2段口,0,0,1,2,B03,8,7,5,50,4,2,1,5,4,5,13,1,1,1,4,5,2,13,2,39,2,1,7,1,7,14,1,8,1,3,,42,,1,21,121.497586,25.033098
113,7,4,13,40,2,02萬華區,萬華區西藏路350號,0,0,2,1,C03,8,7,5,50,14,9,1,5,4,5,13,2,1,1,4,5,2,13,2,47,2,9,6,1,7,9,1,10,1,11,,108,,1,21,121.4993402,25.0293885
113,7,4,13,40,2,02萬華區,萬華區西藏路350號,0,0,2,2,B01,8,7,5,50,14,9,1,5,4,5,13,2,1,1,4,5,2,13,1,56,3,10,7,1,7,14,1,4,1,6,,27,,1,21,121.4993402,25.0293885
113,7,4,13,40,2,02萬華區,萬華區西藏路350號,0,0,2,3,H02,8,7,5,50,14,9,1,5,4,5,13,2,1,1,4,5,2,13,2,46,2,9,6,5,7,20,8,20,10,16,,67,,1,21,121.4993402,25.0293885
113,7,4,13,48,2,04大安區,大安區忠孝東路4段73-1號,0,0,3,1,C03,8,7,5,50,14,9,1,5,4,5,13,4,4,10,5,5,2,13,2,19,2,9,3,4,7,9,1,10,2,11,,108,,1,21,121.5469785,25.0416671
113,7,4,13,48,2,04大安區,大安區忠孝東路4段73-1號,0,0,3,2,C03,8,7,5,50,14,9,1,5,4,5,13,4,4,10,5,5,2,13,1,26,2,9,3,4,7,9,1,10,2,13,,44,,1,21,121.5469785,25.0416671
113,7,4,13,48,2,04大安區,大安區忠孝東路4段73-1號,0,0,3,3,H02,8,7,5,50,14,9,1,5,4,5,13,4,4,10,5,5,2,13,2,19,2,9,3,5,7,21,8,20,10,16,,60,,1,21,121.5469785,25.0416671
113,7,4,13,48,2,04大安區,大安區忠孝東路4段73-1號,0,0,3,4,B01,8,7,5,50,14,9,1,5,4,5,13,4,4,10,5,5,2,13,2,34,4,11,3,4,7,1,7,19,11,15,,19,,2,21,121.5469785,25.0416671
113,7,4,13,48,2,10文山區,文山區和平東路4段(北往南0707225燈桿旁）,0,0,1,1,C03,8,6,5,40,14,9,1,5,4,5,13,4,4,5,5,5,1,17,1,42,2,8,5,1,7,9,1,10,1,11,,44,,1,21,121.5724728,25.00136145
113,7,4,13,48,2,10文山區,文山區和平東路4段(北往南0707225燈桿旁）,0,0,1,2,B03,8,6,5,40,14,9,1,5,4,5,13,4,4,5,5,5,1,17,2,53,3,10,3,4,7,13,1,8,1,7,,44,,1,21,121.5724728,25.00136145
113,7,4,15,48,2,11南港區,南港區八德路4段與南港路3段口口,0,0,1,1,A02,8,6,5,50,5,2,1,5,4,5,13,1,1,5,4,5,2,16,1,29,3,10,7,4,7,6,1,2,9,5,,71,,1,21,121.5822805,25.051495
113,7,4,15,48,2,11南港區,南港區八德路4段與南港路3段口口,0,0,1,2,F01,8,6,5,50,5,2,1,5,4,5,13,1,1,5,4,5,2,16,1,13,2,9,2,4,7,9,8,20,1,11,,99,,1,15,121.5822805,25.051495
113,7,4,16,5,2,09北投區,北投區大度路27號,0,0,1,1,C03,7,6,5,50,14,9,1,5,4,5,13,4,4,1,4,5,1,13,1,46,2,9,6,1,7,9,1,10,1,11,,107,,1,21,121.4964736,25.12113459
113,7,4,16,5,2,09北投區,北投區大度路27號,0,0,1,2,B03,7,6,5,50,14,9,1,5,4,5,13,4,4,1,4,5,1,13,1,42,3,10,7,1,7,9,1,8,1,3,,44,,1,21,121.4964736,25.12113459
113,7,4,16,20,2,06松山區,松山區市民大道6段121號,0,0,1,1,C03,8,7,5,40,14,9,1,5,4,5,13,4,4,1,4,5,2,13,2,23,2,8,5,1,7,9,1,10,1,11,,108,,1,21,121.5771316,25.04952435
113,7,4,16,20,2,06松山區,松山區市民大道6段121號,0,0,1,2,B12,8,7,5,40,14,9,1,5,4,5,13,4,4,1,4,5,2,13,1,56,3,10,7,1,7,14,1,8,1,7,,38,,1,21,121.5771316,25.04952435
113,7,4,16,29,2,08士林區,士林區中山北路7段與天母東路口,0,0,1,1,B03,8,6,5,50,4,2,1,5,4,5,13,1,1,10,4,5,1,17,1,18,3,10,7,1,7,5,1,8,2,8,,42,,1,21,121.5301816,25.1182715
113,7,4,16,29,2,08士林區,士林區中山北路7段與天母東路口,0,0,1,2,C03,8,6,5,50,4,2,1,5,4,5,13,1,1,10,4,5,1,17,1,45,2,9,6,1,7,9,1,10,2,11,,13,,1,21,121.5301816,25.1182715
113,7,4,17,1,2,01大同區,大同區通河西街堤外便道往西0802676燈桿處,0,0,2,1,C03,8,6,5,30,3,1,1,5,4,5,13,4,4,9,4,5,2,11,2,35,2,9,5,1,7,15,1,10,1,12,,17,,1,21,121.51793,25.0776714
113,7,4,17,1,2,01大同區,大同區通河西街堤外便道往西0802676燈桿處,0,0,2,2,C03,8,6,5,30,3,1,1,5,4,5,13,4,4,9,4,5,2,11,2,20,2,9,5,1,7,9,1,10,1,12,,17,,1,21,121.51793,25.0776714
113,7,4,17,7,2,02萬華區,萬華區華江橋往台北市機車道,0,0,2,1,C03,8,7,5,40,8,11,1,5,4,5,13,4,4,3,4,5,2,13,1,62,2,9,6,1,7,9,1,10,1,13,,108,,1,21,121.48882,25.0355708
113,7,4,17,7,2,02萬華區,萬華區華江橋往台北市機車道,0,0,2,2,C03,8,7,5,40,8,11,1,5,4,5,13,4,4,3,4,5,2,13,1,36,2,9,6,1,7,9,1,10,1,11,,13,,1,21,121.48882,25.0355708
113,7,4,17,29,2,04大安區,大安區復興南路2段153號,0,0,1,1,C03,7,6,5,50,14,9,1,5,4,5,13,2,1,9,4,5,1,13,1,65,4,11,5,1,7,9,1,10,1,15,,16,,1,21,121.543589,25.0282337
113,7,4,17,29,2,04大安區,大安區復興南路2段153號,0,0,1,2,C03,7,6,5,50,14,9,1,5,4,5,13,2,1,9,4,5,1,13,1,26,2,8,5,1,7,14,1,10,1,12,,44,,1,21,121.543589,25.0282337
113,7,4,17,33,2,11南港區,南港區中南街與南港路1段口,0,0,3,1,C03,8,7,7,50,3,2,1,5,4,5,13,2,1,9,4,5,2,16,1,56,2,9,6,4,7,5,1,10,1,11,,71,,1,21,121.6158124,25.0554308
113,7,4,17,33,2,11南港區,南港區中南街與南港路1段口,0,0,3,2,C03,8,7,7,50,3,2,1,5,4,5,13,2,1,9,4,5,2,16,1,19,2,9,6,4,7,9,1,10,1,11,,13,,1,21,121.6158124,25.0554308
113,7,4,17,33,2,11南港區,南港區中南街與南港路1段口,0,0,3,3,H02,8,7,7,50,3,2,1,5,4,5,13,2,1,9,4,5,2,16,2,18,2,9,6,5,7,20,8,20,10,16,,67,,1,21,121.6158124,25.0554308
113,7,4,17,42,2,01大同區,大同區忠孝橋往三重機車道,0,0,4,5,H02,8,6,5,50,8,11,1,5,4,5,13,4,4,1,5,4,2,13,2,29,2,8,6,5,7,20,8,20,10,16,,67,,1,21,121.5073091,25.0488096
113,7,4,17,42,2,01大同區,大同區忠孝橋往三重機車道,0,0,4,1,,8,6,5,50,8,11,1,5,4,5,13,4,4,1,5,4,2,13,4,0,4,11,3,4,7,21,7,19,9,15,,119,,2,22,121.5073091,25.0488096
113,7,4,17,42,2,01大同區,大同區忠孝橋往三重機車道,0,0,4,2,C03,8,6,5,50,8,11,1,5,4,5,13,4,4,1,5,4,2,13,1,29,2,8,6,1,7,9,1,9,1,11,13,16,,1,21,121.5073091,25.0488096
113,7,4,17,42,2,01大同區,大同區忠孝橋往三重機車道,0,0,4,3,C03,8,6,5,50,8,11,1,5,4,5,13,4,4,1,5,4,2,13,1,33,2,8,6,1,7,9,3,18,1,11,13,16,,1,21,121.5073091,25.0488096
113,7,4,17,42,2,01大同區,大同區忠孝橋往三重機車道,0,0,4,4,C03,8,6,5,50,8,11,1,5,4,5,13,4,4,1,5,4,2,13,2,35,2,8,6,1,7,9,1,10,1,11,,16,,1,21,121.5073091,25.0488096
113,7,4,17,49,2,04大安區,大安區辛亥路2段與辛亥路2段131巷口,0,0,1,1,C03,8,5,5,30,3,2,1,5,4,5,13,4,4,1,4,5,1,17,1,56,2,9,5,1,7,1,1,10,1,11,,19,,1,21,121.539571,25.02169
113,7,4,17,49,2,04大安區,大安區辛亥路2段與辛亥路2段131巷口,0,0,1,2,B01,8,5,5,30,3,2,1,5,4,5,13,4,4,1,4,5,1,17,1,55,3,10,2,1,7,9,1,4,1,1,,44,,1,21,121.539571,25.02169
113,7,4,18,24,2,01大同區,大同區鄭州路145號,0,0,1,1,C03,8,6,5,40,14,9,1,5,4,5,13,4,4,9,4,5,2,12,1,26,2,9,5,1,7,9,1,10,1,14,,44,,1,21,121.5090398,25.0504648
113,7,4,18,24,2,01大同區,大同區鄭州路145號,0,0,1,2,C03,8,6,5,40,14,9,1,5,4,5,13,4,4,9,4,5,2,12,1,22,3,10,5,1,7,9,1,10,1,12,,108,,1,21,121.5090398,25.0504648
113,7,4,18,24,2,04大安區,大安區新生南路3段88號,0,0,2,1,C03,8,6,5,50,14,9,1,5,4,5,13,4,4,1,4,5,2,13,2,25,2,9,6,1,7,8,1,10,1,11,,108,,1,21,121.5335561,25.01805483
113,7,4,18,24,2,04大安區,大安區新生南路3段88號,0,0,2,2,C03,8,6,5,50,14,9,1,5,4,5,13,4,4,1,4,5,2,13,1,40,2,9,6,1,7,9,1,10,1,13,,44,,1,21,121.5335561,25.01805483
113,7,4,18,45,2,09北投區,北投區立功街9號1207094號桿,0,0,1,1,B03,8,5,5,30,14,9,1,5,4,5,13,4,4,10,5,5,2,12,1,67,3,10,7,1,7,1,1,8,1,8,,19,,1,21,121.4690025,25.12419751
113,7,4,18,45,2,09北投區,北投區立功街9號1207094號桿,0,0,1,2,C03,8,5,5,30,14,9,1,5,4,5,13,4,4,10,5,5,2,12,1,33,2,9,5,1,7,9,1,10,1,11,,44,,1,21,121.4690025,25.12419751
113,7,4,19,5,2,03中山區,中山區中山北路1段與市民大道1段口,0,0,1,1,C03,8,5,5,50,5,1,1,5,4,5,13,1,1,1,4,1,2,13,1,56,2,7,5,1,7,9,1,10,1,11,,16,,1,21,121.5206677,25.048251
113,7,4,19,5,2,03中山區,中山區中山北路1段與市民大道1段口,0,0,1,2,B03,8,5,5,50,5,1,1,5,4,5,13,1,1,1,4,1,2,13,1,45,3,10,7,1,7,5,1,8,1,7,,44,,1,21,121.5206677,25.048251
113,7,4,19,29,2,10文山區,文山區忠順街1段26巷3弄與忠順街1段26巷口,0,0,2,1,B01,7,5,5,30,4,1,1,5,4,5,13,4,4,10,5,5,2,3,1,52,3,10,3,4,7,6,1,4,2,8,,44,,1,21,121.5593415,24.98347651
113,7,4,19,29,2,10文山區,文山區忠順街1段26巷3弄與忠順街1段26巷口,0,0,2,2,H01,7,5,5,30,4,1,1,5,4,5,13,4,4,10,5,5,2,3,2,39,2,8,4,5,8,16,8,20,10,16,,44,,1,22,121.5593415,24.98347651
113,7,4,19,29,2,10文山區,文山區忠順街1段26巷3弄與忠順街1段26巷口,0,0,2,3,H01,7,5,5,30,4,1,1,5,4,5,13,4,4,10,5,5,2,3,2,3,2,9,4,5,8,16,8,20,10,16,,44,,1,24,121.5593415,24.98347651
113,7,4,19,30,2,06松山區,松山區吉祥路與光復北路11巷口口,0,0,1,1,B03,8,5,5,30,4,1,1,5,4,5,13,1,1,5,5,5,2,17,1,42,3,10,7,1,7,5,1,8,1,5,,71,,1,21,121.5625348,25.0503117
113,7,4,19,30,2,06松山區,松山區吉祥路與光復北路11巷口口,0,0,1,2,C03,8,5,5,30,4,1,1,5,4,5,13,1,1,5,5,5,2,17,1,49,2,9,5,1,7,9,1,10,1,11,,42,,1,21,121.5625348,25.0503117
113,7,4,19,49,2,12內湖區,內湖區成功交流道圓環東北角,0,0,2,1,B03,8,5,5,50,5,1,1,5,4,5,13,2,1,1,4,4,2,17,1,69,3,10,7,1,7,6,1,8,2,5,,9,,1,21,121.5909802,25.06519363
113,7,4,19,49,2,12內湖區,內湖區成功交流道圓環東北角,0,0,2,2,C03,8,5,5,50,5,1,1,5,4,5,13,2,1,1,4,4,2,17,1,27,2,9,5,1,7,9,1,9,2,14,,44,,1,21,121.5909802,25.06519363
113,7,4,19,49,2,12內湖區,內湖區成功交流道圓環東北角,0,0,2,3,H02,8,5,5,50,5,1,1,5,4,5,13,2,1,1,4,4,2,17,2,24,2,9,5,5,7,20,8,20,10,16,,67,,1,21,121.5909802,25.06519363
113,7,4,20,14,2,05中正區,中正區羅斯福路4段68號,0,0,1,1,B03,8,5,5,50,14,9,1,5,4,5,13,1,1,3,4,5,2,17,1,35,3,10,7,1,7,7,1,3,1,6,,100,,1,21,121.5345257,25.0144468
113,7,4,20,14,2,05中正區,中正區羅斯福路4段68號,0,0,1,2,C03,8,5,5,50,14,9,1,5,4,5,13,1,1,3,4,5,2,17,1,31,2,7,5,1,7,9,1,10,1,14,,44,,1,21,121.5345257,25.0144468
113,7,4,21,30,2,07信義區,信義區忠孝東路5段297號,0,0,1,1,B03,8,5,5,50,14,9,1,5,4,5,13,4,4,9,4,5,2,17,1,37,3,10,7,1,7,3,1,8,1,15,,18,,1,21,121.5729695,25.0410302
113,7,4,21,30,2,07信義區,信義區忠孝東路5段297號,0,0,1,2,C03,8,5,5,50,14,9,1,5,4,5,13,4,4,9,4,5,2,17,1,55,2,8,6,1,7,9,1,10,1,14,,44,,1,21,121.5729695,25.0410302
113,7,4,21,48,2,08士林區,士林區社中街與社中街384巷口,0,0,1,1,C03,8,5,5,50,3,1,1,5,4,5,13,4,4,9,5,5,2,16,1,39,2,9,6,1,7,1,1,10,1,12,,19,,1,21,121.5035472,25.09221428
113,7,4,21,48,2,08士林區,士林區社中街與社中街384巷口,0,0,1,2,C03,8,5,5,50,3,1,1,5,4,5,13,4,4,9,5,5,2,16,1,35,3,10,6,1,7,9,1,10,1,11,,14,,1,21,121.5035472,25.09221428
113,7,4,22,12,2,11南港區,南港區東新街10之1號,0,0,1,1,B03,7,5,5,50,14,9,1,5,4,5,13,4,4,5,4,5,2,12,1,34,3,10,7,1,7,8,1,8,1,4,,100,,1,21,121.583049,25.0506017
113,7,4,22,12,2,11南港區,南港區東新街10之1號,0,0,1,2,C03,7,5,5,50,14,9,1,5,4,5,13,4,4,5,4,5,2,12,1,43,2,9,6,1,7,7,1,10,1,12,,100,,1,21,121.583049,25.0506017
113,7,4,22,35,2,03中山區,中山區敬業四路美麗華停車場出入口,0,0,1,1,C03,8,5,5,50,14,9,1,5,4,5,13,4,4,9,4,5,2,16,1,49,2,9,5,1,7,1,1,10,2,12,,19,,1,21,121.5585018,25.08280272
113,7,4,22,35,2,03中山區,中山區敬業四路美麗華停車場出入口,0,0,1,2,B01,8,5,5,50,14,9,1,5,4,5,13,4,4,9,4,5,2,16,1,42,3,10,7,1,7,9,1,4,2,8,,44,,1,21,121.5585018,25.08280272