發生年度,發生月,發生日,發生時-Hours,發生分,處理別-編號,區序,肇事地點,死亡人數,2-30日死亡人數,受傷人數,當事人序號,車種,天候,道路照明設備,道路類別,速限-速度限制,道路型態,事故位置,路面狀況1,路面狀況2,路面狀況3,道路障礙1,道路障礙2,號誌1,號誌2,車道劃分-分向,車道劃分-分道1,車道劃分-分道2,車道劃分-分道3,事故類型及型態,性別,年齡,受傷程度,主要傷處,保護裝置,行動電話,車輛用途,當事者行動狀態,駕駛資格情形,駕駛執照種類,飲酒情形,車輛撞擊部位1,車輛撞擊部位2,肇因碼-個別,肇因碼-主要,個人肇逃否,職業,座標-X,座標-Y
113,7,5,0,10,2,02萬華區,萬華區萬大路與莒光路口,0,0,3,1,C03,7,5,5,50,4,1,1,5,4,5,13,1,1,8,3,5,1,16,1,40,2,9,3,4,7,7,1,10,1,13,,100,,1,21,121.5006178,25.0311799
113,7,5,0,10,2,02萬華區,萬華區萬大路與莒光路口,0,0,3,2,C03,7,5,5,50,4,1,1,5,4,5,13,1,1,8,3,5,1,16,1,19,2,9,3,4,7,9,1,10,1,11,,108,,1,21,121.5006178,25.0311799
113,7,5,0,10,2,02萬華區,萬華區萬大路與莒光路口,0,0,3,3,H02,7,5,5,50,4,1,1,5,4,5,13,1,1,8,3,5,1,16,2,19,2,9,3,5,7,20,8,20,10,16,,67,,1,21,121.5006178,25.0311799
113,7,5,0,32,2,03中山區,中山區林森北路133巷10號,0,0,1,1,B01,7,5,5,30,14,9,1,5,4,5,13,4,4,8,5,5,1,2,1,42,4,11,3,4,7,9,1,8,11,15,,108,,2,21,121.5256651,25.05100547
113,7,5,0,32,2,03中山區,中山區林森北路133巷10號,0,0,1,2,H01,7,5,5,30,14,9,1,5,4,5,13,4,4,8,5,5,1,2,2,27,2,7,4,5,8,16,8,20,10,16,,67,,1,21,121.5256651,25.05100547
113,7,5,1,4,2,08士林區,士林區重慶北路4段與通河西街2段口,0,0,1,1,C03,8,5,5,50,3,1,1,5,4,5,13,1,1,4,5,5,1,16,1,23,2,8,5,1,7,9,1,10,1,12,,81,,1,21,121.5119022,25.0877543
113,7,5,1,4,2,08士林區,士林區重慶北路4段與通河西街2段口,0,0,1,2,B03,8,5,5,50,3,1,1,5,4,5,13,1,1,4,5,5,1,16,1,69,3,10,7,1,7,5,1,8,1,1,,44,,1,21,121.5119022,25.0877543
113,7,5,2,30,2,03中山區,中山區敬業一路與樂群三路口,0,0,1,1,C04,8,5,5,50,4,2,1,5,4,5,13,1,1,5,5,5,2,29,1,43,2,9,5,1,7,9,1,10,7,11,,21,,1,22,121.5523071,25.0828882
113,7,5,2,30,2,03中山區,中山區敬業一路與樂群三路口,0,0,1,2,C03,8,5,5,50,4,2,1,5,4,5,13,1,1,5,5,5,2,29,2,42,4,11,3,4,7,13,7,19,11,13,,44,,1,21,121.5523071,25.0828882
113,7,5,2,30,2,03中山區,中山區敬業一路與樂群三路口,0,0,1,3,C04,8,5,5,50,4,2,1,5,4,5,13,1,1,5,5,5,2,29,2,44,4,11,3,4,7,13,7,19,11,13,,44,,1,21,121.5523071,25.0828882
113,7,5,2,30,2,03中山區,中山區敬業一路與樂群三路口,0,0,1,4,C03,8,5,5,50,4,2,1,5,4,5,13,1,1,5,5,5,2,29,2,40,4,11,3,4,7,13,7,19,11,13,,44,,1,21,121.5523071,25.0828882
113,7,5,7,35,2,12內湖區,內湖區瑞光路與江南街口,0,0,3,1,C03,8,5,5,50,3,1,1,5,4,5,13,2,1,5,2,5,2,16,1,51,2,8,5,1,7,5,1,10,1,12,,8,,1,21,121.5754364,25.0760766
113,7,5,7,35,2,12內湖區,內湖區瑞光路與江南街口,0,0,3,2,C03,8,5,5,50,3,1,1,5,4,5,13,2,1,5,2,5,2,16,2,48,2,9,5,1,7,9,1,10,1,14,,44,,1,21,121.5754364,25.0760766
113,7,5,7,35,2,12內湖區,內湖區瑞光路與江南街口,0,0,3,3,H02,8,5,5,50,3,1,1,5,4,5,13,2,1,5,2,5,2,16,1,15,2,8,5,5,7,21,8,20,10,16,,67,,1,21,121.5754364,25.0760766
113,7,5,7,42,2,05中正區,中正區中華路2段33號,0,0,1,1,C03,8,7,5,50,14,9,1,5,4,5,13,1,1,1,4,5,2,13,2,46,2,8,5,1,7,9,1,10,1,14,,107,,1,22,121.5065237,25.0358175
113,7,5,7,42,2,05中正區,中正區中華路2段33號,0,0,1,2,B03,8,7,5,50,14,9,1,5,4,5,13,1,1,1,4,5,2,13,2,49,3,10,7,1,7,12,1,8,1,3,,44,,1,22,121.5065237,25.0358175
113,7,5,7,42,2,05中正區,中正區中華路2段33號,0,0,1,3,H02,8,7,5,50,14,9,1,5,4,5,13,1,1,1,4,5,2,13,1,18,4,11,5,5,7,20,8,20,10,16,,67,,1,22,121.5065237,25.0358175
113,7,5,8,10,2,03中山區,中山區民權東路2段與吉林路口,0,0,1,1,B03,8,6,5,50,4,1,1,5,4,5,13,2,1,1,4,4,2,16,1,50,3,10,3,4,7,1,1,8,1,5,,9,,1,21,121.5307895,25.0622861
113,7,5,8,10,2,03中山區,中山區民權東路2段與吉林路口,0,0,1,2,F01,8,6,5,50,4,1,1,5,4,5,13,2,1,1,4,4,2,16,2,30,2,9,4,4,7,9,8,20,1,11,,108,,1,21,121.5307895,25.0622861
113,7,5,8,14,2,09北投區,北投區石牌路1段39巷80弄與致遠二路口,0,0,1,1,B03,8,6,5,50,3,2,1,5,4,5,13,1,1,5,4,5,2,16,1,64,3,10,7,1,7,6,1,8,1,2,,9,,1,21,121.5115913,25.1159207
113,7,5,8,14,2,09北投區,北投區石牌路1段39巷80弄與致遠二路口,0,0,1,2,C03,8,6,5,50,3,2,1,5,4,5,13,1,1,5,4,5,2,16,1,35,2,8,6,1,7,9,1,10,1,12,,44,,1,21,121.5115913,25.1159207
113,7,5,8,18,2,02萬華區,萬華區廣州街與康定路口,0,0,2,1,C03,8,6,5,50,4,1,1,5,4,5,13,2,1,5,4,5,2,17,2,60,2,9,6,1,7,5,1,10,1,11,,71,,1,21,121.5014853,25.0366629
113,7,5,8,18,2,02萬華區,萬華區廣州街與康定路口,0,0,2,2,C03,8,6,5,50,4,1,1,5,4,5,13,2,1,5,4,5,2,17,1,36,2,9,6,1,7,9,1,10,1,14,,44,,1,21,121.5014853,25.0366629
113,7,5,8,20,2,10文山區,文山區和平東路4段與和平東路4段381巷口口,0,0,1,1,C03,8,6,5,40,3,1,1,5,4,5,13,2,1,5,5,5,1,13,2,40,2,7,6,1,7,9,1,10,1,11,,16,,1,21,121.574087,24.99930545
113,7,5,8,20,2,10文山區,文山區和平東路4段與和平東路4段381巷口口,0,0,1,2,C03,8,6,5,40,3,1,1,5,4,5,13,2,1,5,5,5,1,13,1,27,3,10,6,1,7,9,1,10,1,13,,44,,1,21,121.574087,24.99930545
113,7,5,8,28,2,06松山區,松山區八德路3段176號,0,0,1,1,B03,8,7,5,50,14,9,1,5,4,5,13,4,4,5,4,5,2,13,1,41,3,10,7,1,7,9,1,8,1,1,,16,,1,7,121.5554863,25.048087
113,7,5,8,28,2,06松山區,松山區八德路3段176號,0,0,1,2,C03,8,7,5,50,14,9,1,5,4,5,13,4,4,5,4,5,2,13,1,23,2,8,6,1,7,9,1,10,1,13,11,44,,1,26,121.5554863,25.048087
113,7,5,8,28,2,06松山區,松山區八德路3段176號,0,0,1,3,B03,8,7,5,50,14,9,1,5,4,5,13,4,4,5,4,5,2,13,1,50,3,10,7,1,7,9,1,8,1,3,,99,,1,26,121.5554863,25.048087
113,7,5,8,30,2,12內湖區,內湖區潭美街與安康路22巷口,0,0,1,1,B03,8,6,5,40,3,1,1,5,4,5,13,2,1,9,4,5,2,16,1,26,3,10,7,1,7,6,1,8,1,2,,9,,1,21,121.5944223,25.061217
113,7,5,8,30,2,12內湖區,內湖區潭美街與安康路22巷口,0,0,1,2,C03,8,6,5,40,3,1,1,5,4,5,13,2,1,9,4,5,2,16,1,36,2,9,6,1,7,9,1,10,1,14,,44,,1,21,121.5944223,25.061217
113,7,5,8,30,2,11南港區,南港區南深路37號與南深路口山水綠公園,0,0,1,1,B03,8,6,5,30,3,1,1,5,4,5,13,1,1,5,3,4,1,13,2,74,3,10,3,4,7,6,1,8,1,3,,9,,1,22,121.6213809,25.0295353
113,7,5,8,30,2,11南港區,南港區南深路37號與南深路口山水綠公園,0,0,1,2,C03,8,6,5,30,3,1,1,5,4,5,13,1,1,5,3,4,1,13,1,29,2,8,3,4,6,9,1,10,1,11,,108,,1,22,121.6213809,25.0295353
113,7,5,8,33,2,01大同區,大同區承德路1段2號,0,0,2,1,B03,8,6,5,50,14,9,1,5,4,5,13,4,4,1,5,5,2,17,1,61,3,10,7,1,7,14,1,8,1,2,,44,,1,21,121.5165111,25.04953652
113,7,5,8,33,2,01大同區,大同區承德路1段2號,0,0,2,2,C03,8,6,5,50,14,9,1,5,4,5,13,4,4,1,5,5,2,17,1,19,2,7,6,1,7,9,1,10,1,14,,44,,1,21,121.5165111,25.04953652
113,7,5,8,33,2,01大同區,大同區承德路1段2號,0,0,2,3,H02,8,6,5,50,14,9,1,5,4,5,13,4,4,1,5,5,2,17,1,22,3,10,7,5,7,20,8,20,10,16,,126,,1,21,121.5165111,25.04953652
113,7,5,8,33,2,01大同區,大同區承德路1段2號,0,0,2,4,H02,8,6,5,50,14,9,1,5,4,5,13,4,4,1,5,5,2,17,1,17,2,8,6,5,7,20,8,20,10,16,,67,,1,21,121.5165111,25.04953652
113,7,5,8,43,2,08士林區,士林區延平北路6段與中正路口,0,0,1,1,B02,8,7,5,50,4,1,1,5,4,5,13,1,1,9,5,5,2,17,1,54,3,10,7,1,7,5,1,8,1,4,,8,,1,21,121.5092788,25.08660987
113,7,5,8,43,2,08士林區,士林區延平北路6段與中正路口,0,0,1,2,C03,8,7,5,50,4,1,1,5,4,5,13,1,1,9,5,5,2,17,2,65,2,8,6,1,7,9,1,10,1,11,,44,,1,21,121.5092788,25.08660987
113,7,5,8,46,2,02萬華區,萬華區康定路與廣州街口,0,0,1,1,C03,8,6,5,50,4,2,1,5,4,5,13,1,1,8,3,5,1,12,2,23,2,9,5,1,7,7,1,10,1,12,,17,,1,21,121.5014044,25.0363424
113,7,5,8,46,2,02萬華區,萬華區康定路與廣州街口,0,0,1,2,B03,8,6,5,50,4,2,1,5,4,5,13,1,1,8,3,5,1,12,1,31,3,10,7,1,7,8,1,8,1,4,,100,,1,21,121.5014044,25.0363424
113,7,5,8,46,2,02萬華區,萬華區康定路與廣州街口,0,0,1,3,B03,8,6,5,50,4,2,1,5,4,5,13,1,1,8,3,5,1,12,1,25,3,10,7,1,7,9,1,8,1,4,,44,,1,21,121.5014044,25.0363424
113,7,5,9,0,2,08士林區,士林區文林路235號,0,0,1,1,B03,8,6,5,50,14,9,1,5,4,5,13,4,4,5,5,5,2,17,2,46,3,10,3,4,7,11,1,8,2,4,,10,,1,21,121.5268405,25.0907843
113,7,5,9,0,2,08士林區,士林區文林路235號,0,0,1,2,C03,8,6,5,50,14,9,1,5,4,5,13,4,4,5,5,5,2,17,2,26,2,9,6,4,7,9,1,10,2,12,,108,,1,21,121.5268405,25.0907843
113,7,5,9,2,1,02萬華區,萬華區堤外便道往南華江橋下(雙園038燈桿),1,0,0,1,C03,8,6,5,40,14,9,1,5,4,5,13,4,4,10,5,5,2,35,1,59,1,9,5,1,7,9,1,10,1,11,,108,,1,26,121.4905598,25.03574357
113,7,5,9,2,1,02萬華區,萬華區堤外便道往南華江橋下(雙園038燈桿),1,0,0,2,,8,6,5,40,14,9,1,5,4,5,13,4,4,10,5,5,2,35,3,0,,,,,,,,,,,,67,,,,121.4905598,25.03574357
113,7,5,9,5,2,04大安區,大安區信義路4段與敦化南路2段口,0,0,1,1,A02,8,6,5,50,4,1,1,5,4,5,13,2,1,1,4,1,2,17,1,49,3,10,7,1,7,12,1,2,1,17,,44,,1,21,121.5480793,25.0330779
113,7,5,9,5,2,04大安區,大安區信義路4段與敦化南路2段口,0,0,1,3,H02,8,6,5,50,4,1,1,5,4,5,13,2,1,1,4,1,2,17,2,60,2,7,4,5,7,17,8,20,10,17,,67,,1,21,121.5480793,25.0330779
113,7,5,9,5,2,04大安區,大安區信義路4段與敦化南路2段口,0,0,1,2,F02,8,6,5,50,4,1,1,5,4,5,13,2,1,1,4,1,2,17,1,68,3,10,3,4,7,15,8,20,11,17,,85,,1,21,121.5480793,25.0330779
113,7,5,9,8,2,07信義區,信義區莊敬路289巷與莊敬路289巷4弄口口,0,0,2,1,C03,8,6,5,30,4,1,1,5,4,5,13,4,4,10,5,5,2,15,2,59,2,9,6,1,7,9,1,10,11,11,,114,,2,22,121.5633941,25.0289471
113,7,5,9,8,2,07信義區,信義區莊敬路289巷與莊敬路289巷4弄口口,0,0,2,2,C03,8,6,5,30,4,1,1,5,4,5,13,4,4,10,5,5,2,15,2,37,2,9,6,1,7,9,1,9,1,14,,72,,1,22,121.5633941,25.0289471
113,7,5,9,10,2,05中正區,中正區臨沂街59巷與臨沂街71巷19弄口,0,0,1,1,F01,7,6,5,30,4,1,1,5,4,5,13,4,4,10,5,5,2,15,2,35,2,9,4,1,7,9,8,20,9,12,,75,,1,22,121.5308989,25.0365036
113,7,5,9,10,2,05中正區,中正區臨沂街59巷與臨沂街71巷19弄口,0,0,1,2,C03,7,6,5,30,4,1,1,5,4,5,13,4,4,10,5,5,2,15,2,28,3,10,6,1,7,9,1,10,9,14,,107,,1,22,121.5308989,25.0365036
113,7,5,9,10,2,08士林區,士林區福國路與福國路口國立傳統藝術中心,0,0,1,1,B01,8,5,5,50,3,1,1,5,4,5,13,4,4,10,5,5,2,17,1,62,3,10,7,1,7,5,1,4,9,1,,44,,1,21,121.5182008,25.1020359
113,7,5,9,10,2,08士林區,士林區福國路與福國路口國立傳統藝術中心,0,0,1,2,C03,8,5,5,50,3,1,1,5,4,5,13,4,4,10,5,5,2,17,1,28,3,10,5,1,7,9,1,10,9,11,,73,,1,21,121.5182008,25.1020359
113,7,5,9,10,2,08士林區,士林區福國路與福國路口國立傳統藝術中心,0,0,1,3,H02,8,5,5,50,3,1,1,5,4,5,13,4,4,10,5,5,2,17,1,24,2,9,6,5,7,21,8,20,10,17,,67,,1,21,121.5182008,25.1020359
113,7,5,9,20,2,10文山區,文山區興隆路1段與景明街口,0,0,1,1,A02,8,6,5,50,14,9,1,5,4,5,13,4,4,1,4,5,2,17,1,45,3,10,7,1,7,9,1,2,2,17,,44,,1,21,121.5417843,25.0022142
113,7,5,9,20,2,10文山區,文山區興隆路1段與景明街口,0,0,1,2,B02,8,6,5,50,14,9,1,5,4,5,13,4,4,1,4,5,2,17,1,67,3,10,7,1,7,8,1,8,2,17,,100,,1,21,121.5417843,25.0022142
113,7,5,9,20,2,10文山區,文山區興隆路1段與景明街口,0,0,1,3,H02,8,6,5,50,14,9,1,5,4,5,13,4,4,1,4,5,2,17,2,86,2,1,4,5,7,17,8,20,10,16,,67,,1,21,121.5417843,25.0022142
113,7,5,9,20,2,11南港區,南港區忠孝東路6段317號前,0,0,2,1,C03,8,6,5,50,5,2,1,5,4,5,13,1,1,1,5,5,2,16,2,40,2,9,5,4,7,9,1,10,2,11,,108,,1,21,121.5911866,25.0498702
113,7,5,9,20,2,11南港區,南港區忠孝東路6段317號前,0,0,2,2,C03,8,6,5,50,5,2,1,5,4,5,13,1,1,1,5,5,2,16,1,29,2,9,5,4,7,6,1,10,2,12,,71,,1,21,121.5911866,25.0498702
113,7,5,9,30,2,07信義區,信義區吳興街與吳興街269巷口,0,0,2,1,C03,8,6,5,30,4,2,1,5,4,5,13,4,4,9,4,5,2,10,2,62,2,5,5,1,7,3,1,10,1,11,,8,,1,21,121.5638922,25.0267577
113,7,5,9,30,2,07信義區,信義區吳興街與吳興街269巷口,0,0,2,2,C03,8,6,5,30,4,2,1,5,4,5,13,4,4,9,4,5,2,10,2,30,2,9,5,1,7,9,1,10,1,11,,44,,1,21,121.5638922,25.0267577
113,7,5,9,35,2,12內湖區,內湖區康寧路3段與康寧路3段165巷口,0,0,1,1,B12,8,5,5,50,4,1,1,5,4,5,13,2,1,1,4,5,2,13,1,43,3,10,7,1,7,5,1,8,1,2,,71,,1,21,121.6107496,25.0700507
113,7,5,9,35,2,12內湖區,內湖區康寧路3段與康寧路3段165巷口,0,0,1,2,C03,8,5,5,50,4,1,1,5,4,5,13,2,1,1,4,5,2,13,1,61,2,8,5,1,7,9,1,10,1,11,,44,,1,21,121.6107496,25.0700507
113,7,5,9,55,2,04大安區,大安區基隆路3段與辛亥路3段口,0,0,1,1,B03,8,7,5,50,4,1,1,5,4,5,13,2,1,1,3,5,1,17,1,53,3,10,3,4,7,5,1,8,1,8,,44,,1,22,121.5468201,25.0192839
113,7,5,9,55,2,04大安區,大安區基隆路3段與辛亥路3段口,0,0,1,2,C03,8,7,5,50,4,1,1,5,4,5,13,2,1,1,3,5,1,17,1,23,2,9,6,1,7,9,1,10,1,11,,44,,1,22,121.5468201,25.0192839
113,7,5,10,17,2,02萬華區,萬華區環河南路1段與中興橋口機車道,0,0,2,1,C03,8,7,5,30,3,2,1,5,4,5,13,4,4,9,5,5,2,17,1,41,3,10,5,1,7,15,1,10,1,13,,44,,1,21,121.5003401,25.0424431
113,7,5,10,17,2,02萬華區,萬華區環河南路1段與中興橋口機車道,0,0,2,2,C03,8,7,5,30,3,2,1,5,4,5,13,4,4,9,5,5,2,17,1,22,2,9,5,1,7,9,1,10,1,11,,44,,1,21,121.5003401,25.0424431
113,7,5,10,17,2,02萬華區,萬華區環河南路1段與中興橋口機車道,0,0,2,3,H02,8,7,5,30,3,2,1,5,4,5,13,4,4,9,5,5,2,17,2,22,2,7,5,5,7,17,8,20,10,16,,67,,1,21,121.5003401,25.0424431
113,7,5,10,40,2,03中山區,中山區吉林路與長春路口,0,0,1,1,C03,8,7,5,50,4,1,1,5,4,5,13,1,1,5,4,4,2,13,2,33,2,8,3,4,7,5,1,10,1,13,,44,,1,21,121.5301285,25.0549217
113,7,5,10,40,2,03中山區,中山區吉林路與長春路口,0,0,1,2,B01,8,7,5,50,4,1,1,5,4,5,13,1,1,5,4,4,2,13,1,66,3,10,3,4,7,9,6,4,1,5,,44,,1,21,121.5301285,25.0549217
113,7,5,10,45,2,09北投區,北投區裕民一路40巷與裕民二路33巷口,0,0,1,1,B01,8,6,5,50,3,18,1,5,4,5,13,1,1,5,4,5,2,3,1,64,3,10,7,1,7,5,1,4,1,5,,70,,1,21,121.5177132,25.1153328
113,7,5,10,45,2,09北投區,北投區裕民一路40巷與裕民二路33巷口,0,0,1,2,H01,8,6,5,50,3,18,1,5,4,5,13,1,1,5,4,5,2,3,2,67,2,9,4,5,8,16,8,20,10,16,,67,,1,21,121.5177132,25.1153328
113,7,5,11,14,2,05中正區,中正區臨沂街71巷19弄與臨沂街63巷口,0,0,1,1,C03,8,7,5,30,4,1,1,5,4,5,13,4,4,10,5,5,1,17,1,53,3,10,6,1,7,9,1,10,2,11,,14,,1,22,121.5302253,25.0358944
113,7,5,11,14,2,05中正區,中正區臨沂街71巷19弄與臨沂街63巷口,0,0,1,2,C03,8,7,5,30,4,1,1,5,4,5,13,4,4,10,5,5,1,17,1,43,2,9,6,1,7,9,1,10,2,12,,44,,1,22,121.5302253,25.0358944
113,7,5,11,20,2,05中正區,中正區徐州路1002282燈桿,0,0,1,1,B03,8,5,5,50,14,8,1,5,4,5,13,4,4,9,4,4,2,17,1,61,3,10,7,1,7,5,1,8,1,4,4,10,,1,21,121.5189117,25.04182282
113,7,5,11,20,2,05中正區,中正區徐州路1002282燈桿,0,0,1,2,C03,8,5,5,50,14,8,1,5,4,5,13,4,4,9,4,4,2,17,1,52,2,9,6,1,7,9,1,10,1,11,14,44,,1,21,121.5189117,25.04182282
113,7,5,11,39,2,04大安區,大安區辛亥路3段與復興南路2段口,0,0,1,1,C03,8,6,5,50,4,2,1,5,4,5,13,2,1,1,5,5,2,17,2,26,2,9,6,1,7,9,1,10,1,11,,16,,1,21,121.5434734,25.0214804
113,7,5,11,39,2,04大安區,大安區辛亥路3段與復興南路2段口,0,0,1,2,C03,8,6,5,50,4,2,1,5,4,5,13,2,1,1,5,5,2,17,1,42,3,10,5,1,7,15,1,10,1,13,,44,,1,21,121.5434734,25.0214804
113,7,5,11,48,2,01大同區,大同區寧夏路78號,0,0,1,1,G06,8,6,5,50,14,9,1,5,4,5,13,4,4,5,5,5,2,13,1,14,2,8,2,1,7,9,8,20,9,11,,108,,1,15,121.5151382,25.0582496
113,7,5,11,48,2,01大同區,大同區寧夏路78號,0,0,1,2,C03,8,6,5,50,14,9,1,5,4,5,13,4,4,5,5,5,2,13,1,49,3,10,5,1,7,9,1,10,11,13,,44,,1,21,121.5151382,25.0582496
113,7,5,11,48,2,01大同區,大同區寧夏路78號,0,0,1,3,B12,8,6,5,50,14,9,1,5,4,5,13,4,4,5,5,5,2,13,1,63,3,10,7,1,7,9,1,8,9,17,,44,,1,21,121.5151382,25.0582496
113,7,5,11,54,2,10文山區,文山區萬和街(萬芳6號公園站)前,0,0,3,1,C03,8,6,5,40,14,9,1,5,4,5,13,4,4,5,5,5,2,17,1,22,2,9,3,4,7,11,1,10,2,14,,10,,1,22,121.5690448,24.99971002
113,7,5,11,54,2,10文山區,文山區萬和街(萬芳6號公園站)前,0,0,3,2,C02,8,6,5,40,14,9,1,5,4,5,13,4,4,5,5,5,2,17,1,43,2,9,3,4,7,4,1,9,2,11,,1,,1,21,121.5690448,24.99971002
113,7,5,11,54,2,10文山區,文山區萬和街(萬芳6號公園站)前,0,0,3,3,H02,8,6,5,40,14,9,1,5,4,5,13,4,4,5,5,5,2,17,1,17,2,9,6,5,7,21,8,20,10,16,,67,,1,22,121.5690448,24.99971002
113,7,5,11,57,2,04大安區,大安區金山南路2段52號,0,0,3,1,B03,8,6,5,50,14,9,1,5,4,5,13,4,4,1,4,5,2,17,1,69,3,10,7,1,7,9,6,8,2,1,,108,,1,21,121.5269469,25.03249372
113,7,5,11,57,2,04大安區,大安區金山南路2段52號,0,0,3,2,B03,8,6,5,50,14,9,1,5,4,5,13,4,4,1,4,5,2,17,1,70,2,3,7,1,7,14,1,8,2,3,,44,,1,21,121.5269469,25.03249372
113,7,5,11,57,2,04大安區,大安區金山南路2段52號,0,0,3,3,B03,8,6,5,50,14,9,1,5,4,5,13,4,4,1,4,5,2,17,1,71,2,2,7,1,7,14,1,8,2,3,,44,,1,21,121.5269469,25.03249372
113,7,5,11,57,2,04大安區,大安區金山南路2段52號,0,0,3,4,B01,8,6,5,50,14,9,1,5,4,5,13,4,4,1,4,5,2,17,2,55,3,10,7,1,7,14,1,2,2,3,,44,,1,21,121.5269469,25.03249372
113,7,5,11,57,2,04大安區,大安區金山南路2段52號,0,0,3,5,H02,8,6,5,50,14,9,1,5,4,5,13,4,4,1,4,5,2,17,2,70,2,9,7,5,7,21,8,20,10,16,,67,,1,21,121.5269469,25.03249372
113,7,5,11,57,2,04大安區,大安區市民大道4段與復興南路1段107巷5弄口口,0,0,1,1,B03,8,6,5,40,3,1,1,5,4,5,13,4,4,1,3,5,2,17,1,35,3,10,7,1,7,6,1,8,1,2,,9,,1,22,121.5444981,25.0447972
113,7,5,11,57,2,04大安區,大安區市民大道4段與復興南路1段107巷5弄口口,0,0,1,2,C04,8,6,5,40,3,1,1,5,4,5,13,4,4,1,3,5,2,17,2,62,2,9,5,1,7,9,1,11,1,11,,14,,1,22,121.5444981,25.0447972
113,7,5,12,21,2,02萬華區,萬華區萬大路與興寧街口,0,0,1,1,C03,8,6,5,30,4,1,1,5,4,5,13,3,1,5,4,5,1,17,2,47,2,9,3,4,7,5,1,10,1,12,,80,,1,22,121.5005319,25.03223
113,7,5,12,21,2,02萬華區,萬華區萬大路與興寧街口,0,0,1,2,C02,8,6,5,30,4,1,1,5,4,5,13,3,1,5,4,5,1,17,1,60,3,10,3,4,7,9,1,9,1,14,,44,,1,22,121.5005319,25.03223
113,7,5,12,48,2,01大同區,大同區歸綏街與歸綏街97巷口,0,0,1,1,C03,8,6,5,30,4,1,1,5,4,5,13,4,4,10,4,5,1,15,1,38,3,10,3,4,7,9,6,18,1,11,,4,,1,21,121.5162136,25.0587027
113,7,5,12,48,2,01大同區,大同區歸綏街與歸綏街97巷口,0,0,1,2,C03,8,6,5,30,4,1,1,5,4,5,13,4,4,10,4,5,1,15,2,42,2,9,3,4,7,9,1,10,1,11,,44,,1,21,121.5162136,25.0587027
113,7,5,13,0,2,06松山區,松山區饒河街與塔悠路口,0,0,1,1,C03,8,7,5,50,5,2,1,5,4,5,13,1,1,10,3,5,2,16,1,70,2,9,5,1,7,9,1,10,2,12,,108,,1,26,121.5724366,25.0500558
113,7,5,13,0,2,06松山區,松山區饒河街與塔悠路口,0,0,1,2,B12,8,7,5,50,5,2,1,5,4,5,13,1,1,10,3,5,2,16,1,41,3,10,7,1,7,5,1,8,2,4,,71,,1,26,121.5724366,25.0500558
113,7,5,13,5,2,04大安區,大安區忠孝東路4段22號,0,0,1,1,B03,8,6,5,50,14,9,1,5,4,5,13,4,4,1,4,5,2,12,1,45,3,10,7,1,7,7,1,8,1,2,,100,,1,22,121.5443011,25.0415062
113,7,5,13,5,2,04大安區,大安區忠孝東路4段22號,0,0,1,2,C03,8,6,5,50,14,9,1,5,4,5,13,4,4,1,4,5,2,12,1,22,2,7,5,1,7,9,1,10,1,11,,44,,1,22,121.5443011,25.0415062
113,7,5,14,6,2,01大同區,大同區延平北路3段116號,0,0,1,1,C03,8,6,5,50,14,9,1,5,4,5,13,4,4,9,4,5,2,12,1,21,3,10,5,1,7,9,1,10,1,12,,118,,1,21,121.5109074,25.067111
113,7,5,14,6,2,01大同區,大同區延平北路3段116號,0,0,1,2,C03,8,6,5,50,14,9,1,5,4,5,13,4,4,9,4,5,2,12,1,33,2,8,5,1,7,9,1,10,1,14,,118,,1,21,121.5109074,25.067111
113,7,5,14,9,2,03中山區,中山區錦西街與天祥路口,0,0,1,1,C03,8,6,5,50,3,2,1,5,4,5,13,4,4,5,5,5,2,17,2,72,2,9,5,1,7,5,1,10,1,12,,72,,1,21,121.5211057,25.060325
113,7,5,14,9,2,03中山區,中山區錦西街與天祥路口,0,0,1,2,B01,8,6,5,50,3,2,1,5,4,5,13,4,4,5,5,5,2,17,2,67,3,10,7,1,7,9,1,4,1,4,,44,,1,21,121.5211057,25.060325
113,7,5,15,9,2,08士林區,士林區芝玉路2段與芝玉路2段20巷口,0,0,1,1,C03,8,7,5,30,4,1,1,5,4,5,13,4,4,10,5,5,1,17,1,61,2,5,5,1,7,9,1,10,2,11,,75,,1,22,121.5344004,25.1104338
113,7,5,15,9,2,08士林區,士林區芝玉路2段與芝玉路2段20巷口,0,0,1,2,B12,8,7,5,30,4,1,1,5,4,5,13,4,4,10,5,5,1,17,1,57,3,10,7,1,7,9,1,8,2,4,,14,,1,22,121.5344004,25.1104338
113,7,5,15,16,2,06松山區,松山區敦化北路145巷與敦化北路145巷18弄口,0,0,1,1,B02,8,6,5,30,4,1,1,5,4,5,13,4,4,10,5,5,2,15,1,34,3,10,7,1,7,9,1,8,1,7,,80,,1,21,121.5511482,25.0537639
113,7,5,15,16,2,06松山區,松山區敦化北路145巷與敦化北路145巷18弄口,0,0,1,2,C03,8,6,5,30,4,1,1,5,4,5,13,4,4,10,5,5,2,15,2,44,2,9,5,1,7,9,1,10,1,11,,14,,1,21,121.5511482,25.0537639
113,7,5,15,20,2,03中山區,中山區復興北路174號前,0,0,1,1,C03,8,7,5,50,14,9,1,5,4,5,13,4,4,1,4,5,2,13,2,24,2,9,3,4,7,9,1,10,1,11,,108,,1,21,121.5440234,25.0542141
113,7,5,15,20,2,03中山區,中山區復興北路174號前,0,0,1,2,C03,8,7,5,50,14,9,1,5,4,5,13,4,4,1,4,5,2,13,1,47,3,10,3,4,7,12,6,10,1,13,,44,,1,21,121.5440234,25.0542141
113,7,5,15,52,2,03中山區,中山區市民大道2段與林森北路口,0,0,2,1,C03,8,6,5,40,14,9,1,5,4,5,13,2,1,8,3,5,1,17,1,30,2,9,5,1,7,9,1,10,1,11,,16,,1,21,121.5242127,25.0478711