發生年度,發生月,發生日,發生時-Hours,發生分,處理別-編號,區序,肇事地點,死亡人數,2-30日死亡人數,受傷人數,當事人序號,車種,天候,道路照明設備,道路類別,速限-速度限制,道路型態,事故位置,路面狀況1,路面狀況2,路面狀況3,道路障礙1,道路障礙2,號誌1,號誌2,車道劃分-分向,車道劃分-分道1,車道劃分-分道2,車道劃分-分道3,事故類型及型態,性別,年齡,受傷程度,主要傷處,保護裝置,行動電話,車輛用途,當事者行動狀態,駕駛資格情形,駕駛執照種類,飲酒情形,車輛撞擊部位1,車輛撞擊部位2,肇因碼-個別,肇因碼-主要,個人肇逃否,職業,座標-X,座標-Y
113,7,5,15,52,2,03中山區,中山區市民大道2段與林森北路口,0,0,2,2,C03,8,6,5,40,14,9,1,5,4,5,13,2,1,8,3,5,1,17,1,23,2,9,5,1,7,5,1,10,1,14,,16,,1,21,121.5242127,25.0478711
113,7,5,16,6,2,02萬華區,萬華區環河南路1段與康定路口,0,0,1,1,B03,8,7,5,50,3,2,1,5,4,5,13,2,1,5,4,5,2,12,1,69,3,10,7,1,7,1,1,8,1,8,,19,,1,21,121.5030152,25.04620078
113,7,5,16,6,2,02萬華區,萬華區環河南路1段與康定路口,0,0,1,2,C03,8,7,5,50,3,2,1,5,4,5,13,2,1,5,4,5,2,12,1,61,2,9,6,1,7,9,1,10,1,12,,44,,1,21,121.5030152,25.04620078
113,7,5,16,6,2,05中正區,中正區中山南路與凱達格蘭大道口,0,0,1,1,B03,8,5,6,50,5,2,1,5,4,5,13,1,1,1,5,5,2,17,2,33,3,10,7,1,7,6,1,8,1,1,1,9,,1,21,121.517254,25.0391471
113,7,5,16,6,2,05中正區,中正區中山南路與凱達格蘭大道口,0,0,1,2,C03,8,5,6,50,5,2,1,5,4,5,13,1,1,1,5,5,2,17,1,67,2,7,5,1,7,9,1,10,1,14,12,78,,1,21,121.517254,25.0391471
113,7,5,16,10,2,04大安區,大安區仁愛路4段185號,0,0,1,1,B03,8,6,5,50,14,9,1,5,4,5,13,4,4,1,1,5,1,13,2,26,3,10,7,1,7,9,1,10,1,1,,16,,1,21,121.5521767,25.0378369
113,7,5,16,10,2,04大安區,大安區仁愛路4段185號,0,0,1,2,B03,8,6,5,50,14,9,1,5,4,5,13,4,4,1,1,5,1,13,1,63,3,10,7,1,7,14,1,8,1,3,,44,,1,21,121.5521767,25.0378369
113,7,5,16,10,2,04大安區,大安區仁愛路4段185號,0,0,1,3,H02,8,6,5,50,14,9,1,5,4,5,13,4,4,1,1,5,1,13,2,64,2,9,7,5,7,20,8,20,10,16,,67,,1,21,121.5521767,25.0378369
113,7,5,16,52,2,09北投區,北投區公館路與北投路1段口,0,0,1,1,C03,8,6,5,50,4,1,2,5,4,5,13,1,1,5,4,5,2,17,1,76,3,10,6,1,7,15,1,10,1,14,,100,,1,21,121.5026898,25.12140942
113,7,5,16,52,2,09北投區,北投區公館路與北投路1段口,0,0,1,2,C03,8,6,5,50,4,1,2,5,4,5,13,1,1,5,4,5,2,17,1,37,2,8,6,1,7,6,1,9,1,12,,44,,1,21,121.5026898,25.12140942
113,7,5,17,0,2,07信義區,信義區吳興街600巷109號,0,0,3,1,B03,7,6,5,30,12,9,1,5,4,5,13,4,4,10,5,5,2,9,1,29,2,1,3,4,7,9,1,8,2,1,,55,,1,22,121.5724132,25.01846877
113,7,5,17,0,2,07信義區,信義區吳興街600巷109號,0,0,3,2,H02,7,6,5,30,12,9,1,5,4,5,13,4,4,10,5,5,2,9,2,29,2,9,3,5,7,17,8,20,10,16,,67,,1,22,121.5724132,25.01846877
113,7,5,17,0,2,07信義區,信義區吳興街600巷109號,0,0,3,3,H02,7,6,5,30,12,9,1,5,4,5,13,4,4,10,5,5,2,9,1,32,2,9,3,5,7,17,8,20,10,16,,67,,1,22,121.5724132,25.01846877
113,7,5,17,0,2,07信義區,信義區吳興街600巷109號,0,0,3,4,,7,6,5,30,12,9,1,5,4,5,13,4,4,10,5,5,2,9,3,0,,,,,,,,,,,,67,,1,,121.5724132,25.01846877
113,7,5,17,8,2,12內湖區,內湖區行忠路與行愛路口,0,0,1,1,C03,8,5,5,40,14,8,1,5,4,5,13,4,4,5,2,4,2,12,1,51,2,9,5,1,7,8,1,10,1,14,,100,,1,21,121.5790473,25.065667
113,7,5,17,8,2,12內湖區,內湖區行忠路與行愛路口,0,0,1,2,B03,8,5,5,40,14,8,1,5,4,5,13,4,4,5,2,4,2,12,1,52,3,10,7,1,7,9,1,8,1,2,,99,,1,21,121.5790473,25.065667
113,7,5,17,15,2,03中山區,中山區植福路200號前,0,0,1,1,B12,8,7,5,50,14,9,1,5,4,5,13,4,4,9,4,5,2,14,1,28,3,10,3,4,7,2,1,8,1,3,,12,,1,26,121.5603486,25.0831226
113,7,5,17,15,2,03中山區,中山區植福路200號前,0,0,1,2,C03,8,7,5,50,14,9,1,5,4,5,13,4,4,9,4,5,2,14,2,20,2,8,3,4,7,14,1,10,1,11,,44,,1,26,121.5603486,25.0831226
113,7,5,17,15,2,03中山區,中山區植福路200號前,0,0,1,3,C03,8,7,5,50,14,9,1,5,4,5,13,4,4,9,4,5,2,14,1,60,3,10,3,4,7,21,7,19,9,13,,44,,1,22,121.5603486,25.0831226
113,7,5,17,23,2,03中山區,中山區民生東路1段77號,0,0,1,1,C03,8,6,5,50,14,9,1,5,4,5,13,4,4,4,5,5,1,12,1,47,3,10,3,4,7,9,1,10,1,12,,80,,1,21,121.5269868,25.05805693
113,7,5,17,23,2,03中山區,中山區民生東路1段77號,0,0,1,2,F01,8,6,5,50,14,9,1,5,4,5,13,4,4,4,5,5,1,12,1,55,2,9,4,4,7,9,8,20,1,14,,44,,1,21,121.5269868,25.05805693
113,7,5,17,25,2,10文山區,文山區木柵路2段與秀明路1段口,0,0,1,1,C03,8,7,5,50,4,2,1,5,4,5,13,2,1,5,2,5,2,17,1,45,2,9,6,4,7,11,1,10,2,12,,10,,1,21,121.5629892,24.9890397
113,7,5,17,25,2,10文山區,文山區木柵路2段與秀明路1段口,0,0,1,2,C03,8,7,5,50,4,2,1,5,4,5,13,2,1,5,2,5,2,17,1,25,3,10,6,4,7,9,1,10,2,14,,44,,1,21,121.5629892,24.9890397
113,7,5,17,27,2,02萬華區,萬華區華江橋機車道往新北,0,0,1,1,B02,8,6,5,40,14,11,1,5,4,5,13,4,4,10,5,5,2,29,1,39,4,11,3,4,7,21,7,19,11,15,,118,,1,22,121.4902856,25.035693
113,7,5,17,27,2,02萬華區,萬華區華江橋機車道往新北,0,0,1,2,C03,8,6,5,40,14,11,1,5,4,5,13,4,4,10,5,5,2,29,1,67,2,9,6,1,7,9,1,10,1,15,,14,,1,21,121.4902856,25.035693
113,7,5,17,35,2,04大安區,大安區和平東路1段162號,0,0,1,1,B03,8,5,5,50,14,9,1,5,4,5,13,2,1,1,4,5,2,17,1,35,3,10,3,4,7,11,1,8,1,5,,10,,1,21,121.5276555,25.0266185
113,7,5,17,35,2,04大安區,大安區和平東路1段162號,0,0,1,2,C03,8,5,5,50,14,9,1,5,4,5,13,2,1,1,4,5,2,17,1,21,2,9,3,4,7,9,1,10,1,11,,44,,1,21,121.5276555,25.0266185
113,7,5,17,39,2,08士林區,士林區中正路與承德路5段口,0,0,1,1,C03,8,7,5,50,4,1,1,5,4,5,13,2,1,1,4,5,2,17,1,55,2,7,6,1,7,15,6,10,1,11,,22,,1,21,121.5165521,25.09148482
113,7,5,17,39,2,08士林區,士林區中正路與承德路5段口,0,0,1,2,A04,8,7,5,50,4,1,1,5,4,5,13,2,1,1,4,5,2,17,1,31,3,10,7,1,7,14,1,2,1,8,,44,,1,21,121.5165521,25.09148482
113,7,5,17,40,2,03中山區,中山區中山北路1段69號,0,0,2,1,C03,8,5,5,50,14,9,1,5,4,5,13,4,4,5,4,5,2,13,1,21,2,8,3,4,7,9,1,10,1,11,,108,,1,21,121.5221886,25.05075012
113,7,5,17,40,2,03中山區,中山區中山北路1段69號,0,0,2,2,B03,8,5,5,50,14,9,1,5,4,5,13,4,4,5,4,5,2,13,1,44,3,10,3,4,7,9,1,8,1,7,,44,,1,21,121.5221886,25.05075012
113,7,5,17,40,2,03中山區,中山區中山北路1段69號,0,0,2,3,C03,8,5,5,50,14,9,1,5,4,5,13,4,4,5,4,5,2,13,1,21,2,8,3,4,7,9,1,10,1,11,,16,,1,21,121.5221886,25.05075012
113,7,5,17,40,2,04大安區,大安區辛亥路2段171巷口側附近,0,0,2,1,F07,8,6,5,0,22,20,1,5,4,5,13,4,4,10,5,5,2,17,2,42,2,8,2,4,7,9,8,20,1,15,,44,,1,21,121.5412274,25.02100642
113,7,5,17,40,2,04大安區,大安區辛亥路2段171巷口側附近,0,0,2,2,F01,8,6,5,0,22,20,1,5,4,5,13,4,4,10,5,5,2,17,2,61,2,9,2,1,7,9,8,20,1,15,,44,,1,21,121.5412274,25.02100642
113,7,5,17,47,2,03中山區,中山區市民大道2段71號,0,0,1,1,C03,8,6,5,40,14,9,1,5,4,5,13,4,4,1,5,5,1,13,1,25,2,9,3,4,7,10,1,10,1,11,,100,,1,21,121.5296153,25.04648908
113,7,5,17,47,2,03中山區,中山區市民大道2段71號,0,0,1,2,B03,8,6,5,40,14,9,1,5,4,5,13,4,4,1,5,5,1,13,2,48,3,10,3,4,7,14,1,8,1,3,,44,,1,21,121.5296153,25.04648908
113,7,5,18,0,2,03中山區,中山區南京東路3段188號,0,0,1,1,C03,8,7,5,50,14,9,1,5,4,5,13,4,4,9,4,5,2,17,2,49,2,9,5,1,7,9,1,10,1,11,,16,,1,21,121.5426735,25.05185001
113,7,5,18,0,2,03中山區,中山區南京東路3段188號,0,0,1,3,B02,8,7,5,50,14,9,1,5,4,5,13,4,4,9,4,5,2,17,1,27,3,10,7,1,7,9,1,4,1,4,,44,,1,21,121.5426735,25.05185001
113,7,5,18,0,2,03中山區,中山區南京東路3段188號,0,0,1,2,B03,8,7,5,50,14,9,1,5,4,5,13,4,4,9,4,5,2,17,1,50,3,10,7,1,7,9,1,8,1,6,,44,,1,21,121.5426735,25.05185001
113,7,5,18,1,2,04大安區,大安區建國南路1段與新生南路1段161巷口,0,0,2,1,C03,8,6,5,50,4,1,1,5,4,5,13,2,1,1,4,5,2,12,1,63,2,9,6,1,7,15,1,9,1,12,,100,,1,21,121.5375435,25.0345899
113,7,5,18,1,2,04大安區,大安區建國南路1段與新生南路1段161巷口,0,0,2,2,C03,8,6,5,50,4,1,1,5,4,5,13,2,1,1,4,5,2,12,1,35,2,9,6,1,7,9,1,10,1,14,,44,,1,21,121.5375435,25.0345899
113,7,5,18,8,2,12內湖區,內湖區成美橋(往內湖方向),0,0,1,1,B03,8,5,5,50,8,9,1,5,4,5,13,4,4,5,4,5,2,12,1,28,3,10,7,1,7,15,1,8,1,15,,44,,1,21,121.5825988,25.05453701
113,7,5,18,8,2,12內湖區,內湖區成美橋(往內湖方向),0,0,1,2,C03,8,5,5,50,8,9,1,5,4,5,13,4,4,5,4,5,2,12,1,29,2,7,6,1,7,9,1,10,1,13,,44,,1,21,121.5825988,25.05453701
113,7,5,18,10,2,02萬華區,萬華區開封街2段與西寧南路口,0,0,1,1,H01,8,6,5,50,4,1,1,5,4,5,13,2,1,9,4,5,2,3,2,75,2,9,4,5,8,16,8,20,10,16,,122,,1,22,121.5078107,25.046243
113,7,5,18,10,2,02萬華區,萬華區開封街2段與西寧南路口,0,0,1,2,F03,8,6,5,50,4,1,1,5,4,5,13,2,1,9,4,5,2,3,1,47,3,10,4,1,7,9,8,20,1,11,,70,,1,22,121.5078107,25.046243
113,7,5,18,20,1,02萬華區,萬華區堤外便道(中興橋下6K+050),1,0,3,1,C03,8,7,5,40,14,11,1,5,4,5,13,4,4,4,5,5,2,17,1,65,1,1,5,1,7,9,1,10,11,14,,108,,1,21,121.5012319,25.04502335
113,7,5,18,20,1,02萬華區,萬華區堤外便道(中興橋下6K+050),1,0,3,2,C03,8,7,5,40,14,11,1,5,4,5,13,4,4,4,5,5,2,17,2,25,2,9,5,1,7,9,1,10,2,14,,13,,1,21,121.5012319,25.04502335
113,7,5,18,20,1,02萬華區,萬華區堤外便道(中興橋下6K+050),1,0,3,3,C03,8,7,5,40,14,11,1,5,4,5,13,4,4,4,5,5,2,17,1,30,2,9,5,1,7,9,1,10,2,11,,13,,1,21,121.5012319,25.04502335
113,7,5,18,20,1,02萬華區,萬華區堤外便道(中興橋下6K+050),1,0,3,4,C03,8,7,5,40,14,11,1,5,4,5,13,4,4,4,5,5,2,17,1,43,2,9,5,1,7,9,1,10,2,11,,44,,1,21,121.5012319,25.04502335
113,7,5,18,20,1,02萬華區,萬華區堤外便道(中興橋下6K+050),1,0,3,5,,8,7,5,40,14,11,1,5,4,5,13,4,4,4,5,5,2,17,3,0,,,,,,,,,10,,,67,,1,,121.5012319,25.04502335
113,7,5,18,44,2,12內湖區,內湖區新明路428巷與新明路460巷口,0,0,1,1,C03,8,5,5,30,4,1,1,5,4,5,13,2,1,10,5,5,2,17,1,32,2,9,5,1,7,9,1,10,1,12,,5,,1,21,121.5785383,25.05421696
113,7,5,18,44,2,12內湖區,內湖區新明路428巷與新明路460巷口,0,0,1,2,C03,8,5,5,30,4,1,1,5,4,5,13,2,1,10,5,5,2,17,1,30,3,10,5,1,7,5,1,10,1,14,,80,,1,21,121.5785383,25.05421696
113,7,5,19,0,2,11南港區,南港區三重路與新民街口,0,0,1,1,B12,8,5,5,50,4,1,1,5,4,5,13,2,1,9,5,5,2,16,1,30,3,10,7,1,7,11,1,8,2,2,,10,,1,22,121.613969,25.0561586
113,7,5,19,0,2,11南港區,南港區三重路與新民街口,0,0,1,2,C03,8,5,5,50,4,1,1,5,4,5,13,2,1,9,5,5,2,16,1,22,3,10,5,1,7,9,1,10,2,14,,44,,1,22,121.613969,25.0561586
113,7,5,19,0,2,11南港區,南港區三重路與新民街口,0,0,1,3,H02,8,5,5,50,4,1,1,5,4,5,13,2,1,9,5,5,2,16,2,21,2,8,5,5,7,21,8,20,10,17,,67,,1,22,121.613969,25.0561586
113,7,5,19,20,2,09北投區,北投區西安街1段與西安街1段165巷口,0,0,2,1,C03,7,5,5,40,3,2,1,5,4,5,13,4,4,10,4,5,1,12,1,68,3,10,5,1,7,15,1,10,1,14,,101,,1,21,121.518561,25.1097612
113,7,5,19,20,2,09北投區,北投區西安街1段與西安街1段165巷口,0,0,2,2,C03,7,5,5,40,3,2,1,5,4,5,13,4,4,10,4,5,1,12,2,42,2,9,5,1,7,9,6,10,1,12,,21,,1,21,121.518561,25.1097612
113,7,5,19,20,2,09北投區,北投區西安街1段與西安街1段165巷口,0,0,2,3,H02,7,5,5,40,3,2,1,5,4,5,13,4,4,10,4,5,1,12,1,12,2,7,5,5,7,20,8,20,10,16,,67,,1,21,121.518561,25.1097612
113,7,5,19,29,2,10文山區,文山區忠順街2段與興隆路4段145巷22弄口,0,0,2,1,C03,7,5,5,50,3,1,1,5,4,5,13,4,4,10,5,5,2,16,1,61,2,8,5,1,7,5,1,10,2,14,,73,,1,21,121.5629154,24.984739
113,7,5,19,29,2,10文山區,文山區忠順街2段與興隆路4段145巷22弄口,0,0,2,2,C03,7,5,5,50,3,1,1,5,4,5,13,4,4,10,5,5,2,16,1,37,2,7,5,1,7,9,1,10,2,11,,4,,1,21,121.5629154,24.984739
113,7,5,19,31,2,06松山區,松山區市民大道4段與八德路3段8巷口,0,0,1,1,C03,8,5,5,40,3,1,1,5,4,5,13,4,4,9,4,5,2,17,1,40,2,9,6,4,7,6,1,10,1,12,,9,,1,22,121.5496656,25.04487745
113,7,5,19,31,2,06松山區,松山區市民大道4段與八德路3段8巷口,0,0,1,2,B03,8,5,5,40,3,1,1,5,4,5,13,4,4,9,4,5,2,17,1,45,3,10,3,4,7,9,1,8,1,1,,44,,1,22,121.5496656,25.04487745
113,7,5,19,50,2,08士林區,士林區文林路與美崙街口,0,0,2,1,C03,8,5,5,50,4,2,1,5,4,5,13,2,1,9,4,4,1,17,1,62,2,8,5,1,7,5,1,10,2,11,,71,,1,21,121.5239641,25.0973164
113,7,5,19,50,2,08士林區,士林區文林路與美崙街口,0,0,2,2,C03,8,5,5,50,4,2,1,5,4,5,13,2,1,9,4,4,1,17,1,50,2,8,5,1,7,9,1,10,2,14,,44,,1,21,121.5239641,25.0973164
113,7,5,20,0,2,06松山區,松山區市民大道4段與延吉街口,0,0,1,1,C03,8,5,5,40,4,2,1,5,4,5,13,2,1,1,4,5,2,13,2,30,2,9,6,1,7,7,1,10,1,11,,16,,1,21,121.5535521,25.0444859
113,7,5,20,0,2,06松山區,松山區市民大道4段與延吉街口,0,0,1,2,B03,8,5,5,40,4,2,1,5,4,5,13,2,1,1,4,5,2,13,1,48,3,10,7,1,7,9,1,8,1,7,,44,,1,21,121.5535521,25.0444859
113,7,5,20,10,2,10文山區,文山區木柵路4段與木柵路4段149巷口,0,0,1,1,C03,7,5,5,30,3,1,1,5,4,5,13,4,4,10,5,5,2,17,1,60,2,7,3,4,7,5,1,10,1,11,,72,,1,22,121.5742675,24.99986448
113,7,5,20,10,2,10文山區,文山區木柵路4段與木柵路4段149巷口,0,0,1,2,B03,7,5,5,30,3,1,1,5,4,5,13,4,4,10,5,5,2,17,1,54,3,10,3,4,7,9,1,8,1,6,,44,,1,22,121.5742675,24.99986448
113,7,5,20,18,2,04大安區,大安區敦化南路2段63巷40號前,0,0,2,1,C03,8,5,5,30,14,9,1,5,4,5,13,4,4,10,5,5,2,3,1,58,2,9,6,1,7,9,1,10,2,11,,16,,1,21,121.5510416,25.0309503
113,7,5,20,18,2,04大安區,大安區敦化南路2段63巷40號前,0,0,2,2,H01,8,5,5,30,14,9,1,5,4,5,13,4,4,10,5,5,2,3,2,55,2,9,4,5,8,16,8,20,10,16,,121,,1,21,121.5510416,25.0309503
113,7,5,20,30,2,12內湖區,內湖區康寧路3段與安康路口近南湖大橋,0,0,1,1,B03,8,5,5,50,5,1,1,5,4,5,13,1,1,8,3,5,1,16,1,23,3,10,7,1,7,11,1,8,1,2,,10,,1,21,121.6110537,25.0648659
113,7,5,20,30,2,12內湖區,內湖區康寧路3段與安康路口近南湖大橋,0,0,1,2,C03,8,5,5,50,5,1,1,5,4,5,13,1,1,8,3,5,1,16,2,24,2,7,5,1,7,9,1,10,1,11,,44,,1,21,121.6110537,25.0648659
113,7,5,20,32,2,07信義區,信義區松山路119巷5號,0,0,1,1,F03,8,5,5,30,14,9,1,5,4,5,13,4,4,10,5,5,2,1,2,39,3,10,4,1,7,9,8,20,1,14,,107,,1,21,121.5787599,25.0475111
113,7,5,20,32,2,07信義區,信義區松山路119巷5號,0,0,1,2,H01,8,5,5,30,14,9,1,5,4,5,13,4,4,10,5,5,2,1,2,31,2,7,4,5,8,16,8,20,1,16,,67,,1,21,121.5787599,25.0475111
113,7,5,22,20,2,09北投區,北投區大度路3段與立德路口,0,0,2,1,C03,8,5,5,50,3,2,1,5,4,5,13,2,1,8,3,5,1,12,1,32,2,9,6,1,7,1,1,10,1,12,,9,,1,21,121.4714552,25.12297268
113,7,5,22,20,2,09北投區,北投區大度路3段與立德路口,0,0,2,2,C03,8,5,5,50,3,2,1,5,4,5,13,2,1,8,3,5,1,12,1,22,2,9,6,1,7,9,1,10,1,11,,86,,1,21,121.4714552,25.12297268
113,7,5,23,14,2,10文山區,文山區光輝路與忠順街1段9巷口,0,0,1,1,C03,7,5,5,50,4,1,1,5,4,5,13,4,4,10,5,5,2,15,1,22,2,9,5,1,7,9,1,10,1,11,,14,,1,21,121.5566108,24.9849939
113,7,5,23,14,2,10文山區,文山區光輝路與忠順街1段9巷口,0,0,1,2,B03,7,5,5,50,4,1,1,5,4,5,13,4,4,10,5,5,2,15,1,20,3,10,7,1,7,9,1,8,1,4,,95,,1,21,121.5566108,24.9849939
113,7,5,23,57,2,03中山區,中山區吉林路與長安東路2段口,0,0,2,1,C03,8,5,5,50,4,1,1,5,4,5,13,1,1,5,4,5,2,16,1,37,2,9,5,1,7,5,1,10,1,11,,8,,1,22,121.5300095,25.0485638
113,7,5,23,57,2,03中山區,中山區吉林路與長安東路2段口,0,0,2,2,C03,8,5,5,50,4,1,1,5,4,5,13,1,1,5,4,5,2,16,1,29,2,9,5,1,7,9,1,10,1,11,,13,,1,22,121.5300095,25.0485638
113,7,6,1,20,2,06松山區,松山區八德路2段366巷與八德路2段366巷45弄口,0,0,2,1,C02,7,5,5,30,4,1,1,5,4,5,13,4,4,10,5,5,2,15,1,24,2,9,6,1,7,9,1,9,1,11,,75,,1,21,121.5460076,25.0463891
113,7,6,1,20,2,06松山區,松山區八德路2段366巷與八德路2段366巷45弄口,0,0,2,2,C03,7,5,5,30,4,1,1,5,4,5,13,4,4,10,5,5,2,15,1,19,2,9,5,1,7,9,1,10,1,14,,14,,1,21,121.5460076,25.0463891
113,7,6,2,15,2,04大安區,大安區忠孝東路4段71號,0,0,1,1,C03,7,5,5,50,14,9,1,5,4,5,13,4,4,1,4,1,1,13,1,33,2,9,5,1,7,9,1,10,1,11,,16,,1,21,121.5470375,25.0416539
113,7,6,2,15,2,04大安區,大安區忠孝東路4段71號,0,0,1,2,B01,7,5,5,50,14,9,1,5,4,5,13,4,4,1,4,1,1,13,1,68,3,10,7,1,7,9,1,4,1,3,,44,,1,21,121.5470375,25.0416539
113,7,6,6,22,2,02萬華區,萬華區武成街28巷與武成街口,0,0,1,1,B12,8,5,5,30,4,1,1,5,4,5,13,4,4,10,5,5,2,17,1,52,3,10,7,4,7,9,1,8,1,1,,108,,1,21,121.4953311,25.018602
113,7,6,6,22,2,02萬華區,萬華區武成街28巷與武成街口,0,0,1,2,C04,8,5,5,30,4,1,1,5,4,5,13,4,4,10,5,5,2,17,2,61,2,9,5,4,7,9,1,11,1,12,,75,,1,21,121.4953311,25.018602
113,7,6,6,22,2,02萬華區,萬華區武成街28巷與武成街口,0,0,1,3,C03,8,5,5,30,4,1,1,5,4,5,13,4,4,10,5,5,2,17,1,51,4,11,6,4,7,9,7,19,9,12,,75,,1,21,121.4953311,25.018602
113,7,6,6,31,2,01大同區,大同區民權西路與民權西路144巷口,0,0,1,1,C03,8,6,5,50,4,2,1,5,4,5,13,2,1,1,4,5,2,13,1,26,3,10,6,4,7,9,1,10,1,12,,16,,1,22,121.5156599,25.0628822
113,7,6,6,31,2,01大同區,大同區民權西路與民權西路144巷口,0,0,1,2,C03,8,6,5,50,4,2,1,5,4,5,13,2,1,1,4,5,2,13,2,58,2,9,6,4,7,9,1,10,1,14,,44,,1,22,121.5156599,25.0628822
113,7,6,6,50,2,05中正區,中正區寧波西街83號,0,0,1,1,B03,8,6,5,50,14,9,1,5,4,5,13,4,4,10,4,5,2,17,1,37,3,10,7,1,7,8,1,8,1,17,,100,,1,21,121.5166841,25.03023642
113,7,6,6,50,2,05中正區,中正區寧波西街83號,0,0,1,2,C03,8,6,5,50,14,9,1,5,4,5,13,4,4,10,4,5,2,17,2,47,2,9,5,1,7,9,1,10,1,12,,44,,1,21,121.5166841,25.03023642
113,7,6,6,50,2,05中正區,中正區寧波西街83號,0,0,1,3,B12,8,6,5,50,14,9,1,5,4,5,13,4,4,10,4,5,2,17,1,49,3,10,3,4,7,13,1,8,1,2,,38,,1,21,121.5166841,25.03023642
113,7,6,8,27,2,01大同區,大同區民族西路與民族西路口118號旁無名巷口,0,0,2,1,C03,8,6,5,50,5,1,1,5,4,5,13,1,1,5,4,5,2,15,1,72,2,9,2,1,7,9,1,10,2,11,,42,,1,21,121.516874,25.0685257
113,7,6,8,27,2,01大同區,大同區民族西路與民族西路口118號旁無名巷口,0,0,2,2,C03,8,6,5,50,5,1,1,5,4,5,13,1,1,5,4,5,2,15,1,47,2,9,6,1,7,9,1,10,2,14,,42,,1,21,121.516874,25.0685257
113,7,6,8,30,2,06松山區,松山區松河街14號,0,0,2,1,C03,8,7,5,40,14,9,1,5,4,5,13,1,1,8,5,5,1,12,2,64,2,9,6,1,7,9,1,11,1,11,,108,,1,26,121.5722553,25.05084356
113,7,6,8,30,2,06松山區,松山區松河街14號,0,0,2,2,C03,8,7,5,40,14,9,1,5,4,5,13,1,1,8,5,5,1,12,1,48,2,9,6,1,7,14,1,10,1,12,,44,,1,26,121.5722553,25.05084356
113,7,6,8,35,2,03中山區,中山區民權東路2段148號前,0,0,1,1,B01,8,7,5,50,14,9,1,5,4,5,13,4,4,1,4,5,2,17,1,67,3,10,3,4,7,14,1,4,1,17,,40,,1,22,121.5344884,25.0623432
113,7,6,8,35,2,03中山區,中山區民權東路2段148號前,0,0,1,2,C03,8,7,5,50,14,9,1,5,4,5,13,4,4,1,4,5,2,17,1,61,2,9,3,4,7,9,1,10,1,17,,118,,1,21,121.5344884,25.0623432
113,7,6,8,50,2,01大同區,大同區民權西路與民權西路144巷口口,0,0,1,1,B03,8,6,5,40,4,1,1,5,4,5,13,2,1,5,5,5,2,16,1,30,3,10,7,1,7,6,1,8,2,5,,98,,1,21,121.5159517,25.0628701
113,7,6,8,50,2,01大同區,大同區民權西路與民權西路144巷口口,0,0,1,2,C03,8,6,5,40,4,1,1,5,4,5,13,2,1,5,5,5,2,16,1,26,2,9,6,1,7,9,1,9,2,11,,44,,1,21,121.5159517,25.0628701
113,7,6,8,59,2,02萬華區,萬華區萬大路486巷10弄與萬大路470巷口,0,0,1,1,F01,8,7,5,30,3,2,1,5,4,5,13,4,4,10,5,5,2,17,2,68,3,10,4,1,7,6,8,20,2,11,,80,,1,21,121.5070446,25.03513614
113,7,6,8,59,2,02萬華區,萬華區萬大路486巷10弄與萬大路470巷口,0,0,1,2,F01,8,7,5,30,3,2,1,5,4,5,13,4,4,10,5,5,2,17,2,68,2,9,4,1,7,6,8,20,2,11,,44,,1,21,121.5070446,25.03513614
113,7,6,9,18,2,07信義區,信義區光復南路495號,0,0,1,1,B03,8,6,5,50,14,9,1,5,4,5,13,4,4,1,4,5,2,12,1,31,3,10,3,4,7,7,1,4,2,6,,114,,1,21,121.5575451,25.0325407
113,7,6,9,18,2,07信義區,信義區光復南路495號,0,0,1,2,C03,8,6,5,50,14,9,1,5,4,5,13,4,4,1,4,5,2,12,1,29,2,8,3,4,7,9,1,9,2,14,,44,,1,21,121.5575451,25.0325407
113,7,6,9,20,2,05中正區,中正區市民大道1段168號迴轉道,0,0,1,1,B01,8,7,5,40,22,6,1,5,4,5,13,4,4,5,5,5,2,12,1,61,3,10,7,1,7,1,1,4,2,4,,19,,1,26,121.5186413,25.0483821
113,7,6,9,20,2,05中正區,中正區市民大道1段168號迴轉道,0,0,1,2,C03,8,7,5,40,22,6,1,5,4,5,13,4,4,5,5,5,2,12,2,36,2,8,5,1,7,9,1,10,2,11,,14,,1,26,121.5186413,25.0483821
113,7,6,9,20,2,08士林區,士林區承德路4段9巷與通河街2巷口,0,0,1,1,B01,8,6,5,30,3,1,1,5,4,5,13,4,4,5,4,5,1,4,1,53,3,10,3,4,7,5,1,4,2,1,,70,,1,22,121.5231545,25.07885204
113,7,6,9,20,2,08士林區,士林區承德路4段9巷與通河街2巷口,0,0,1,2,H01,8,6,5,30,3,1,1,5,4,5,13,4,4,5,4,5,1,4,1,71,2,1,4,5,8,16,8,20,10,16,,67,,1,22,121.5231545,25.07885204
113,7,6,9,25,2,12內湖區,內湖區安康路32巷與安康路口,0,0,2,1,H01,8,7,5,50,3,18,1,5,4,5,13,2,1,5,4,5,2,3,2,44,3,10,4,5,8,16,8,20,10,16,,121,,1,21,121.5949346,25.06267545
113,7,6,9,25,2,12內湖區,內湖區安康路32巷與安康路口,0,0,2,2,C03,8,7,5,50,3,18,1,5,4,5,13,2,1,5,4,5,2,3,1,57,2,9,5,1,7,12,1,10,1,11,,44,,1,21,121.5949346,25.06267545