發生年度,發生月,發生日,發生時-Hours,發生分,處理別-編號,區序,肇事地點,死亡人數,2-30日死亡人數,受傷人數,當事人序號,車種,天候,道路照明設備,道路類別,速限-速度限制,道路型態,事故位置,路面狀況1,路面狀況2,路面狀況3,道路障礙1,道路障礙2,號誌1,號誌2,車道劃分-分向,車道劃分-分道1,車道劃分-分道2,車道劃分-分道3,事故類型及型態,性別,年齡,受傷程度,主要傷處,保護裝置,行動電話,車輛用途,當事者行動狀態,駕駛資格情形,駕駛執照種類,飲酒情形,車輛撞擊部位1,車輛撞擊部位2,肇因碼-個別,肇因碼-主要,個人肇逃否,職業,座標-X,座標-Y
113,7,6,9,25,2,12內湖區,內湖區安康路32巷與安康路口,0,0,2,3,H01,8,7,5,50,3,18,1,5,4,5,13,2,1,5,4,5,2,3,2,9,3,10,4,5,8,16,8,20,10,16,,121,,1,21,121.5949346,25.06267545
113,7,6,9,25,2,12內湖區,內湖區安康路32巷與安康路口,0,0,2,4,H01,8,7,5,50,3,18,1,5,4,5,13,2,1,5,4,5,2,3,1,12,3,10,4,5,8,16,8,20,10,16,,121,,1,21,121.5949346,25.06267545
113,7,6,9,25,2,12內湖區,內湖區安康路32巷與安康路口,0,0,2,5,H02,8,7,5,50,3,18,1,5,4,5,13,2,1,5,4,5,2,3,1,18,2,9,5,5,7,20,8,20,10,16,,67,,1,21,121.5949346,25.06267545
113,7,6,9,25,2,12內湖區,內湖區成美右岸河濱公園自行車道東往西(成美長壽橋附近),0,0,1,1,,8,5,5,50,14,23,1,5,4,5,13,4,4,9,5,5,2,27,3,71,,,,,,,,,,,,66,,1,,121.5797292,25.05354725
113,7,6,9,25,2,12內湖區,內湖區成美右岸河濱公園自行車道東往西(成美長壽橋附近),0,0,1,2,F01,8,5,5,50,14,23,1,5,4,5,13,4,4,9,5,5,2,27,2,56,2,9,4,1,7,9,8,20,1,11,,44,,1,21,121.5797292,25.05354725
113,7,6,9,52,2,05中正區,中正區市民大道2段與金山北路口,0,0,1,1,B02,8,5,5,40,5,2,1,5,4,5,13,1,1,1,5,5,2,17,1,49,3,10,7,1,7,8,1,8,1,5,5,101,,1,21,121.5308341,25.04589057
113,7,6,9,52,2,05中正區,中正區市民大道2段與金山北路口,0,0,1,2,C03,8,5,5,40,5,2,1,5,4,5,13,1,1,1,5,5,2,17,2,41,2,9,6,1,7,9,1,10,1,14,12,44,,1,21,121.5308341,25.04589057
113,7,6,9,52,2,06松山區,松山區市民大道6段與松山路口,0,0,4,1,C03,8,7,5,50,4,1,1,5,4,5,13,2,1,1,4,4,2,13,2,25,2,9,5,1,7,9,3,18,1,11,,44,,1,26,121.5777597,25.048935
113,7,6,9,52,2,06松山區,松山區市民大道6段與松山路口,0,0,4,2,C03,8,7,5,50,4,1,1,5,4,5,13,2,1,1,4,4,2,13,2,35,2,9,5,1,7,15,1,10,1,13,,17,,1,26,121.5777597,25.048935
113,7,6,9,52,2,06松山區,松山區市民大道6段與松山路口,0,0,4,3,C03,8,7,5,50,4,1,1,5,4,5,13,2,1,1,4,4,2,13,1,28,2,9,5,1,7,9,1,10,1,11,,16,,1,26,121.5777597,25.048935
113,7,6,9,52,2,06松山區,松山區市民大道6段與松山路口,0,0,4,4,H02,8,7,5,50,4,1,1,5,4,5,13,2,1,1,4,4,2,13,2,37,2,9,4,5,7,21,8,20,10,17,,67,,1,26,121.5777597,25.048935
113,7,6,10,0,2,10文山區,文山區羅斯福路5段218巷與羅斯福路5段218巷38弄口,0,0,1,1,B03,8,6,5,30,4,1,1,5,4,5,13,4,4,10,5,5,2,15,1,78,3,10,7,1,7,9,1,8,1,5,,72,,1,21,121.5368203,25.0020952
113,7,6,10,0,2,10文山區,文山區羅斯福路5段218巷與羅斯福路5段218巷38弄口,0,0,1,2,C03,8,6,5,30,4,1,1,5,4,5,13,4,4,10,5,5,2,15,2,45,2,8,6,1,7,9,1,10,1,12,,44,,1,21,121.5368203,25.0020952
113,7,6,10,0,2,07信義區,信義區信義路5段與基隆路2段口,0,0,1,1,F01,8,7,5,0,14,20,1,5,4,5,13,4,4,10,5,5,2,29,2,25,2,9,4,1,7,9,8,20,9,14,,44,,1,21,121.5604373,25.0328904
113,7,6,10,0,2,07信義區,信義區信義路5段與基隆路2段口,0,0,1,2,,8,7,5,0,14,20,1,5,4,5,13,4,4,10,5,5,2,29,3,0,,,,,,,,,,,,67,,1,,121.5604373,25.0328904
113,7,6,10,16,2,09北投區,北投區大同街311號,0,0,2,1,C03,8,5,5,50,14,9,1,5,4,5,13,4,4,9,5,5,2,13,1,22,3,10,5,1,7,11,1,10,1,13,,10,,1,21,121.4993647,25.1403894
113,7,6,10,16,2,09北投區,北投區大同街311號,0,0,2,2,C03,8,5,5,50,14,9,1,5,4,5,13,4,4,9,5,5,2,13,1,31,2,9,5,1,7,9,1,10,1,11,,44,,1,21,121.4993647,25.1403894
113,7,6,10,16,2,09北投區,北投區大同街311號,0,0,2,3,H02,8,5,5,50,14,9,1,5,4,5,13,4,4,9,5,5,2,13,2,29,2,9,5,5,7,20,8,20,10,17,,67,,1,21,121.4993647,25.1403894
113,7,6,10,37,2,03中山區,中山區建國北路3段與松江路469巷口,0,0,2,1,C03,8,7,5,50,14,9,1,5,4,5,13,4,4,5,5,5,2,3,1,55,2,9,3,4,7,9,1,10,1,11,,108,,1,22,121.5341327,25.066872
113,7,6,10,37,2,03中山區,中山區建國北路3段與松江路469巷口,0,0,2,2,H01,8,7,5,50,14,9,1,5,4,5,13,4,4,5,5,5,2,3,1,29,2,9,4,5,8,16,8,20,10,16,,121,,1,22,121.5341327,25.066872
113,7,6,10,56,2,02萬華區,萬華區青年路152巷與青年路168巷口,0,0,1,1,C03,8,6,5,30,3,2,1,5,4,5,13,4,4,10,5,5,1,14,2,27,2,9,3,4,7,2,1,10,1,13,,12,,1,21,121.5016812,25.0204237
113,7,6,10,56,2,02萬華區,萬華區青年路152巷與青年路168巷口,0,0,1,2,B12,8,6,5,30,3,2,1,5,4,5,13,4,4,10,5,5,1,14,1,51,3,10,3,4,7,9,1,7,1,4,,44,,1,21,121.5016812,25.0204237
113,7,6,11,13,2,07信義區,信義區基隆路汽機車混合地下道往北,0,0,2,1,B12,8,5,8,30,22,22,1,5,4,5,13,4,4,10,4,5,2,29,1,46,3,10,7,1,7,9,1,4,2,9,,99,,1,21,121.5617334,25.0358552
113,7,6,11,13,2,07信義區,信義區基隆路汽機車混合地下道往北,0,0,2,2,,8,5,8,30,22,22,1,5,4,5,13,4,4,10,4,5,2,29,3,43,,,,,,,,,,,,67,,1,,121.5617334,25.0358552
113,7,6,11,13,2,07信義區,信義區基隆路汽機車混合地下道往北,0,0,2,3,C03,8,5,8,30,22,22,1,5,4,5,13,4,4,10,4,5,2,29,1,39,2,9,6,1,7,9,1,10,2,12,,13,,1,22,121.5617334,25.0358552
113,7,6,11,13,2,07信義區,信義區基隆路汽機車混合地下道往北,0,0,2,4,H02,8,5,8,30,22,22,1,5,4,5,13,4,4,10,4,5,2,29,2,26,2,9,6,5,7,19,8,20,10,16,,67,,1,22,121.5617334,25.0358552
113,7,6,11,45,2,07信義區,信義區虎林街132巷與忠孝東路5段372巷口口,0,0,2,1,C03,7,6,5,30,4,1,1,5,4,5,13,4,4,5,5,5,2,16,1,49,2,8,5,4,7,9,1,10,1,12,,72,,1,21,121.574004,25.0403806
113,7,6,11,45,2,07信義區,信義區虎林街132巷與忠孝東路5段372巷口口,0,0,2,2,C03,7,6,5,30,4,1,1,5,4,5,13,4,4,5,5,5,2,16,2,36,2,8,5,4,7,9,1,10,1,11,,14,,1,21,121.574004,25.0403806
113,7,6,12,12,2,02萬華區,萬華區長順街與長順街14巷口,0,0,2,1,C03,8,6,5,30,4,1,1,5,4,5,10,4,4,9,5,5,1,15,2,54,2,9,3,4,7,9,1,10,1,15,,72,,1,21,121.4902726,25.0316015
113,7,6,12,12,2,02萬華區,萬華區長順街與長順街14巷口,0,0,2,2,C03,8,6,5,30,4,1,1,5,4,5,10,4,4,9,5,5,1,15,1,23,2,9,3,4,7,9,1,10,1,15,,44,,1,21,121.4902726,25.0316015
113,7,6,12,12,2,02萬華區,萬華區長順街與長順街14巷口,0,0,2,3,A11,8,6,5,30,4,1,1,5,4,5,10,4,4,9,5,5,1,15,1,47,3,10,3,4,7,15,7,19,9,17,,38,,1,21,121.4902726,25.0316015
113,7,6,12,25,2,04大安區,大安區復興南路2段205號,0,0,1,1,C03,7,6,5,50,14,9,1,5,4,5,13,4,4,1,4,5,2,13,1,26,2,8,5,1,7,9,1,10,1,11,,16,,1,22,121.5435336,25.0262519
113,7,6,12,25,2,04大安區,大安區復興南路2段205號,0,0,1,2,B03,7,6,5,50,14,9,1,5,4,5,13,4,4,1,4,5,2,13,1,41,3,10,7,1,7,8,1,8,1,7,,44,,1,22,121.5435336,25.0262519
113,7,6,12,48,2,06松山區,松山區光復北路11巷97號,0,0,1,1,C03,7,5,5,30,14,9,1,5,4,5,13,4,4,9,4,5,2,16,2,29,2,9,6,1,7,1,1,10,1,12,,19,,1,22,121.5622503,25.05032259
113,7,6,12,48,2,06松山區,松山區光復北路11巷97號,0,0,1,2,B03,7,5,5,30,14,9,1,5,4,5,13,4,4,9,4,5,2,16,1,32,3,10,7,1,7,9,1,8,1,7,,44,,1,22,121.5622503,25.05032259
113,7,6,12,58,2,04大安區,大安區青田街7巷與和平東路1段183巷口,0,0,1,1,B02,7,6,8,30,4,1,1,5,4,5,13,4,4,8,3,5,2,15,1,25,3,10,3,4,7,9,1,8,1,2,,72,,1,21,121.5330336,25.0281188
113,7,6,12,58,2,04大安區,大安區青田街7巷與和平東路1段183巷口,0,0,1,2,C03,7,6,8,30,4,1,1,5,4,5,13,4,4,8,3,5,2,15,1,53,2,7,3,4,7,9,1,10,1,11,,14,,1,21,121.5330336,25.0281188
113,7,6,13,21,2,05中正區,中正區晉江街與晉江街46巷口,0,0,1,1,B03,8,7,5,30,3,1,1,5,4,5,13,4,4,10,5,5,2,17,1,26,3,10,7,1,7,6,1,8,1,5,,74,,1,22,121.5231177,25.0243473
113,7,6,13,21,2,05中正區,中正區晉江街與晉江街46巷口,0,0,1,2,C03,8,7,5,30,3,1,1,5,4,5,13,4,4,10,5,5,2,17,1,48,2,9,5,1,7,9,1,10,1,11,,5,,1,22,121.5231177,25.0243473
113,7,6,13,30,2,06松山區,松山區復興北路與八德路3段口,0,0,1,1,B01,8,7,5,50,14,9,1,4,4,5,13,1,1,1,3,5,2,13,1,69,3,10,7,1,7,1,1,4,1,1,,113,,1,26,121.5439528,25.0472722
113,7,6,13,30,2,06松山區,松山區復興北路與八德路3段口,0,0,1,2,B01,8,7,5,50,14,9,1,4,4,5,13,1,1,1,3,5,2,13,1,39,2,2,7,1,7,14,1,4,1,3,,44,,1,26,121.5439528,25.0472722
113,7,6,13,30,2,10文山區,文山區木柵路1段與木柵路1段76巷口,0,0,2,1,B01,8,6,5,50,4,1,1,5,4,5,13,2,1,5,4,5,2,13,1,37,3,10,3,4,7,9,1,4,1,1,,16,,1,21,121.5501937,24.98748799
113,7,6,13,30,2,10文山區,文山區木柵路1段與木柵路1段76巷口,0,0,2,2,B03,8,6,5,50,4,1,1,5,4,5,13,2,1,5,4,5,2,13,1,38,3,10,3,4,7,14,1,8,1,3,,44,,1,29,121.5501937,24.98748799
113,7,6,13,30,2,10文山區,文山區木柵路1段與木柵路1段76巷口,0,0,2,3,H02,8,6,5,50,4,1,1,5,4,5,13,2,1,5,4,5,2,13,2,52,2,9,2,5,7,21,8,20,10,17,,58,,1,22,121.5501937,24.98748799
113,7,6,13,30,2,10文山區,文山區木柵路1段與木柵路1段76巷口,0,0,2,4,H02,8,6,5,50,4,1,1,5,4,5,13,2,1,5,4,5,2,13,2,54,2,9,2,5,7,21,8,20,10,17,,58,,1,22,121.5501937,24.98748799
113,7,6,13,30,2,10文山區,文山區木柵路1段與木柵路1段76巷口,0,0,2,5,H02,8,6,5,50,4,1,1,5,4,5,13,2,1,5,4,5,2,13,1,23,3,10,2,5,7,21,8,20,10,17,,58,,1,22,121.5501937,24.98748799
113,7,6,13,33,2,09北投區,北投區公館路376巷6弄與公館路358巷口,0,0,4,1,C03,8,6,5,30,4,1,1,5,4,5,13,4,4,10,5,5,2,15,1,60,2,7,5,1,7,9,1,10,2,14,,72,,2,21,121.5038613,25.1240843
113,7,6,13,33,2,09北投區,北投區公館路376巷6弄與公館路358巷口,0,0,4,2,C03,8,6,5,30,4,1,1,5,4,5,13,4,4,10,5,5,2,15,2,31,2,8,5,1,7,9,1,10,2,11,,32,,1,21,121.5038613,25.1240843
113,7,6,13,33,2,09北投區,北投區公館路376巷6弄與公館路358巷口,0,0,4,3,H02,8,6,5,30,4,1,1,5,4,5,13,4,4,10,5,5,2,15,2,7,2,8,5,5,7,20,8,20,10,16,,67,,1,21,121.5038613,25.1240843
113,7,6,13,33,2,09北投區,北投區公館路376巷6弄與公館路358巷口,0,0,4,4,H02,8,6,5,30,4,1,1,5,4,5,13,4,4,10,5,5,2,15,1,4,2,8,5,5,7,20,8,20,10,16,,67,,1,21,121.5038613,25.1240843
113,7,6,13,42,2,05中正區,中正區中華路2段與廣州街口,0,0,1,2,B03,8,6,5,50,14,9,1,5,4,5,13,1,1,3,4,5,2,12,1,30,3,10,7,1,7,9,1,8,1,8,,17,,1,21,121.5065992,25.0361632
113,7,6,13,42,2,05中正區,中正區中華路2段與廣州街口,0,0,1,1,B03,8,6,5,50,14,9,1,5,4,5,13,1,1,3,4,5,2,12,1,35,2,7,7,1,7,9,1,8,1,5,,17,,1,21,121.5065992,25.0361632
113,7,6,14,23,2,04大安區,大安區延吉街138巷與延吉街口,0,0,1,1,B01,8,6,5,30,4,1,1,5,4,5,13,4,4,10,5,5,2,15,1,46,3,10,7,1,7,9,1,4,1,2,,14,,1,21,121.554864,25.0398494
113,7,6,14,23,2,04大安區,大安區延吉街138巷與延吉街口,0,0,1,2,C04,8,6,5,30,4,1,1,5,4,5,13,4,4,10,5,5,2,15,2,33,2,9,5,1,7,9,1,11,1,11,,44,,1,21,121.554864,25.0398494
113,7,6,14,38,2,03中山區,中山區市民大道2段與林森北路口,0,0,1,2,B03,8,7,5,40,4,3,1,5,4,5,13,1,1,1,4,5,2,17,1,60,3,10,3,4,7,9,1,8,2,1,,108,,1,21,121.5241725,25.0478805
113,7,6,14,38,2,03中山區,中山區市民大道2段與林森北路口,0,0,1,1,C03,8,7,5,40,4,3,1,5,4,5,13,1,1,1,4,5,2,17,1,18,2,7,3,4,7,5,1,10,1,14,,44,,1,21,121.5241725,25.0478805
113,7,6,14,43,2,05中正區,中正區八德路1段與金山北路口,0,0,2,1,C03,8,6,5,50,4,1,1,5,4,5,13,2,1,5,4,5,2,12,1,43,2,9,5,1,7,7,1,10,2,12,,100,,1,22,121.5301583,25.04376296
113,7,6,14,43,2,05中正區,中正區八德路1段與金山北路口,0,0,2,2,B01,8,6,5,50,4,1,1,5,4,5,13,2,1,5,4,5,2,12,1,59,2,5,7,1,7,9,1,4,2,4,,44,,1,22,121.5301583,25.04376296
113,7,6,15,6,2,02萬華區,萬華區青年路44號對面,0,0,3,1,C03,7,7,5,30,14,9,1,5,4,5,13,4,4,8,3,5,2,16,2,57,2,7,5,1,7,5,1,10,2,14,,8,,1,21,121.5041494,25.0253556
113,7,6,15,6,2,02萬華區,萬華區青年路44號對面,0,0,3,2,C03,7,7,5,30,14,9,1,5,4,5,13,4,4,8,3,5,2,16,1,23,2,9,5,1,7,9,1,10,2,11,,13,,1,21,121.5041494,25.0253556
113,7,6,15,6,2,02萬華區,萬華區青年路44號對面,0,0,3,3,H02,7,7,5,30,14,9,1,5,4,5,13,4,4,8,3,5,2,16,2,25,2,7,5,5,7,17,8,20,10,16,,67,,1,21,121.5041494,25.0253556
113,7,6,15,13,2,12內湖區,內湖區新明路與成功路2段口,0,0,1,1,C03,8,6,5,50,4,1,1,5,4,5,13,2,1,9,4,5,2,13,1,42,3,10,6,1,7,9,1,10,1,11,,16,,1,21,121.5911535,25.0608279
113,7,6,15,13,2,12內湖區,內湖區新明路與成功路2段口,0,0,1,2,B03,8,6,5,50,4,1,1,5,4,5,13,2,1,9,4,5,2,13,1,32,3,10,7,1,7,9,1,8,1,3,,44,,1,21,121.5911535,25.0608279
113,7,6,15,13,2,12內湖區,內湖區新明路與成功路2段口,0,0,1,3,H02,8,6,5,50,4,1,1,5,4,5,13,2,1,9,4,5,2,13,1,15,2,7,6,5,7,21,8,20,10,17,,67,,1,21,121.5911535,25.0608279
113,7,6,15,13,2,12內湖區,內湖區新明路與成功路2段口,0,0,1,4,C03,8,6,5,50,4,1,1,5,4,5,13,2,1,9,4,5,2,13,1,41,3,10,6,1,7,9,1,10,9,17,,44,,1,22,121.5911535,25.0608279
113,7,6,16,5,2,07信義區,信義區福德街與福德街84巷口,0,0,5,1,B03,8,6,5,30,4,1,4,5,4,1,11,2,1,1,4,5,2,15,1,43,3,10,7,1,7,15,1,8,2,5,,98,,1,21,121.5814339,25.0371797
113,7,6,16,5,2,07信義區,信義區福德街與福德街84巷口,0,0,5,2,B03,8,6,5,30,4,1,4,5,4,1,11,2,1,1,4,5,2,15,2,41,2,7,7,1,7,9,1,8,2,8,,13,,1,21,121.5814339,25.0371797
113,7,6,16,5,2,07信義區,信義區福德街與福德街84巷口,0,0,5,3,,8,6,5,30,4,1,4,5,4,1,11,2,1,1,4,5,2,15,3,45,,,,,,,,,,,,67,,1,,121.5814339,25.0371797
113,7,6,16,5,2,07信義區,信義區福德街與福德街84巷口,0,0,5,4,H02,8,6,5,30,4,1,4,5,4,1,11,2,1,1,4,5,2,15,2,41,2,9,7,5,7,20,8,20,10,16,,67,,1,21,121.5814339,25.0371797
113,7,6,16,5,2,07信義區,信義區福德街與福德街84巷口,0,0,5,5,H02,8,6,5,30,4,1,4,5,4,1,11,2,1,1,4,5,2,15,2,8,2,9,7,5,7,21,8,20,10,16,,67,,1,21,121.5814339,25.0371797
113,7,6,16,5,2,07信義區,信義區福德街與福德街84巷口,0,0,5,6,H02,8,6,5,30,4,1,4,5,4,1,11,2,1,1,4,5,2,15,1,8,2,9,7,5,7,21,8,20,10,16,,67,,1,21,121.5814339,25.0371797
113,7,6,16,5,2,07信義區,信義區福德街與福德街84巷口,0,0,5,7,H02,8,6,5,30,4,1,4,5,4,1,11,2,1,1,4,5,2,15,2,10,2,9,7,5,7,21,8,20,10,16,,67,,1,21,121.5814339,25.0371797
113,7,6,16,56,2,07信義區,信義區虎林街117-1號,0,0,3,1,C03,7,5,5,30,14,9,1,5,4,5,13,4,4,10,4,5,1,9,1,49,2,7,3,4,7,15,1,10,2,11,,42,,1,21,121.5768692,25.0423587
113,7,6,16,56,2,07信義區,信義區虎林街117-1號,0,0,3,2,H02,7,5,5,30,14,9,1,5,4,5,13,4,4,10,4,5,1,9,1,4,2,8,3,5,7,20,8,20,10,16,,67,,1,21,121.5768692,25.0423587
113,7,6,16,56,2,07信義區,信義區虎林街117-1號,0,0,3,3,,7,5,5,30,14,9,1,5,4,5,13,4,4,10,4,5,1,9,3,29,,,,,,,,,,,,67,,1,,121.5768692,25.0423587
113,7,6,16,56,2,07信義區,信義區虎林街117-1號,0,0,3,4,H01,7,5,5,30,14,9,1,5,4,5,13,4,4,10,4,5,1,9,2,72,2,7,4,5,8,16,8,20,10,16,,67,,1,21,121.5768692,25.0423587
113,7,6,17,32,2,01大同區,大同區西寧北路83號,0,0,1,1,B03,7,6,5,50,14,9,1,5,4,5,13,4,4,5,5,5,2,17,1,63,3,10,7,1,7,5,6,18,2,5,,80,,1,21,121.5089756,25.05653196
113,7,6,17,32,2,01大同區,大同區西寧北路83號,0,0,1,2,C03,7,6,5,50,14,9,1,5,4,5,13,4,4,5,5,5,2,17,1,33,2,9,6,1,7,9,1,10,2,14,,44,,1,21,121.5089756,25.05653196
113,7,6,17,45,2,08士林區,士林區小西街28-1號,0,0,1,1,C03,7,7,5,30,14,9,1,5,4,5,13,4,4,10,5,5,1,17,1,22,3,10,5,1,7,9,1,10,1,14,,5,,1,21,121.5232466,25.08960165
113,7,6,17,45,2,08士林區,士林區小西街28-1號,0,0,1,2,C03,7,7,5,30,14,9,1,5,4,5,13,4,4,10,5,5,1,17,1,27,2,8,5,1,7,9,1,10,1,17,,5,,1,21,121.5232466,25.08960165
113,7,6,18,37,2,10文山區,文山區恆光街17巷1號,0,0,1,1,C03,7,6,5,30,14,9,1,5,4,5,13,4,4,9,5,5,2,16,2,38,2,9,6,1,7,1,1,10,2,14,,19,,1,21,121.56673,24.9838051
113,7,6,18,37,2,10文山區,文山區恆光街17巷1號,0,0,1,2,B03,7,6,5,30,14,9,1,5,4,5,13,4,4,9,5,5,2,16,1,66,3,10,7,1,7,9,1,8,2,5,,44,,1,21,121.56673,24.9838051
113,7,6,19,23,2,09北投區,北投區石牌路2段與振興街口,0,0,1,1,B03,8,5,5,50,4,1,1,5,4,5,13,2,1,5,4,5,2,16,1,46,3,10,7,1,7,5,1,8,11,2,,8,,1,21,121.5213661,25.1189683
113,7,6,19,23,2,09北投區,北投區石牌路2段與振興街口,0,0,1,2,C03,8,5,5,50,4,1,1,5,4,5,13,2,1,5,4,5,2,16,1,23,2,7,5,1,7,9,1,10,11,11,,44,,1,21,121.5213661,25.1189683
113,7,6,19,37,2,05中正區,中正區中華路1段與秀山街口,0,0,1,1,B01,7,5,5,50,3,1,1,5,4,5,13,4,4,1,4,5,2,16,1,55,3,10,7,1,7,5,1,4,2,5,,44,,1,21,121.5087438,25.0429631
113,7,6,19,37,2,05中正區,中正區中華路1段與秀山街口,0,0,1,2,C03,7,5,5,50,3,1,1,5,4,5,13,4,4,1,4,5,2,16,2,62,2,9,6,1,7,9,1,10,2,14,,44,,1,21,121.5087438,25.0429631
113,7,6,20,46,2,01大同區,大同區民權西路與民權西路口0804119燈桿,0,0,2,1,C03,8,5,5,50,14,9,1,5,4,5,13,4,4,1,4,5,2,16,1,29,2,9,6,1,7,5,1,10,2,14,,101,,1,22,121.5141126,25.063079
113,7,6,20,46,2,01大同區,大同區民權西路與民權西路口0804119燈桿,0,0,2,2,C03,8,5,5,50,14,9,1,5,4,5,13,4,4,1,4,5,2,16,1,28,2,9,5,1,7,15,1,10,2,12,,17,,1,22,121.5141126,25.063079
113,7,6,21,22,2,05中正區,中正區杭州南路1段與濟南路1段口,0,0,1,1,B03,7,5,6,50,4,1,1,5,4,5,13,1,1,9,4,5,2,17,2,44,3,10,7,1,7,5,1,8,1,8,,8,,1,21,121.5260422,25.04159169
113,7,6,21,22,2,05中正區,中正區杭州南路1段與濟南路1段口,0,0,1,2,C03,7,5,6,50,4,1,1,5,4,5,13,1,1,9,4,5,2,17,1,21,2,9,6,1,7,9,1,10,1,11,,108,,1,21,121.5260422,25.04159169
113,7,6,22,56,2,07信義區,信義區松壽路2號,0,0,1,1,B01,7,5,5,50,14,9,1,5,4,5,13,4,4,9,4,5,2,16,1,72,3,10,3,4,7,5,6,18,1,1,,8,,1,21,121.5623525,25.0358897
113,7,6,22,56,2,07信義區,信義區松壽路2號,0,0,1,2,C03,7,5,5,50,14,9,1,5,4,5,13,4,4,9,4,5,2,16,1,21,2,9,3,4,7,9,1,10,1,14,,13,,1,21,121.5623525,25.0358897
113,7,7,1,3,2,09北投區,北投區竹子湖路第1207467號燈桿旁,0,0,1,1,C03,7,5,6,40,11,9,1,5,4,5,13,4,4,4,5,5,1,18,1,19,2,9,5,1,7,9,1,10,1,12,,116,,1,21,121.5445023,25.1796462
113,7,7,1,3,2,09北投區,北投區竹子湖路第1207467號燈桿旁,0,0,1,2,,7,5,6,40,11,9,1,5,4,5,13,4,4,4,5,5,1,18,3,0,,,,,,,,,,,,67,,1,,121.5445023,25.1796462
113,7,7,2,19,2,04大安區,大安區忠孝東路4段221號,0,0,1,1,C03,8,5,5,50,14,9,1,5,4,5,13,4,4,8,3,5,1,11,1,36,4,11,5,2,7,9,1,10,1,12,,111,,1,21,121.5524109,25.0415575
113,7,7,2,19,2,04大安區,大安區忠孝東路4段221號,0,0,1,2,B03,8,5,5,50,14,9,1,5,4,5,13,4,4,8,3,5,1,11,1,33,3,10,7,1,7,3,1,8,1,4,,44,,1,21,121.5524109,25.0415575
113,7,7,2,19,2,04大安區,大安區忠孝東路4段221號,0,0,1,3,C03,8,5,5,50,14,9,1,5,4,5,13,4,4,8,3,5,1,11,1,31,2,9,6,1,7,9,1,10,1,12,,44,,1,21,121.5524109,25.0415575
113,7,7,6,15,2,01大同區,大同區民權西路與承德路2段口,0,0,3,1,C03,8,5,5,50,5,1,1,5,4,5,13,2,1,1,4,1,2,15,1,25,2,9,5,1,7,9,1,10,2,11,,81,,1,22,121.5183848,25.0628048
113,7,7,6,15,2,01大同區,大同區民權西路與承德路2段口,0,0,3,2,C03,8,5,5,50,5,1,1,5,4,5,13,2,1,1,4,1,2,15,1,61,2,9,5,1,7,1,1,10,2,14,,44,,1,22,121.5183848,25.0628048
113,7,7,6,15,2,01大同區,大同區民權西路與承德路2段口,0,0,3,3,H02,8,5,5,50,5,1,1,5,4,5,13,2,1,1,4,1,2,15,2,53,2,9,5,5,7,21,8,20,10,17,,67,,1,22,121.5183848,25.0628048
113,7,7,6,36,2,04大安區,大安區羅斯福路2段93號,0,0,1,1,B12,8,6,5,50,14,9,1,5,4,5,13,1,1,1,4,5,2,13,1,60,3,10,3,4,7,9,1,8,1,1,,108,,1,21,121.5236219,25.0256723
113,7,7,6,36,2,04大安區,大安區羅斯福路2段93號,0,0,1,2,C03,8,6,5,50,14,9,1,5,4,5,13,1,1,1,4,5,2,13,2,60,2,9,5,4,7,7,1,10,1,13,,44,,1,21,121.5236219,25.0256723
113,7,7,6,46,2,02萬華區,萬華區中華路2段416巷與國興路口,0,0,1,1,C03,8,5,5,50,4,18,1,5,4,5,13,1,1,5,5,5,2,3,1,60,3,10,5,4,7,5,1,10,1,11,,70,,1,21,121.5052792,25.0274023
113,7,7,6,46,2,02萬華區,萬華區中華路2段416巷與國興路口,0,0,1,2,H01,8,5,5,50,4,18,1,5,4,5,13,1,1,5,5,5,2,3,2,68,2,7,4,5,8,16,8,20,10,16,,67,,1,21,121.5052792,25.0274023
113,7,7,8,36,2,02萬華區,萬華區忠孝西路2段16巷與洛陽街口,0,0,1,1,B01,8,7,5,30,3,2,1,5,4,5,13,3,1,8,3,5,2,12,1,38,4,11,3,4,7,9,7,19,11,15,,14,,2,22,121.508327,25.0473567
113,7,7,8,36,2,02萬華區,萬華區忠孝西路2段16巷與洛陽街口,0,0,1,2,C03,8,7,5,30,3,2,1,5,4,5,13,3,1,8,3,5,2,12,2,42,2,9,6,1,7,15,1,10,1,12,,14,,1,22,121.508327,25.0473567
113,7,7,8,38,2,03中山區,中山區大直街40號,0,0,1,1,F01,8,6,5,30,14,9,1,5,4,5,13,4,4,5,5,5,2,17,2,83,2,9,2,4,7,11,8,20,10,12,14,99,,1,21,121.5463992,25.08179595
113,7,7,8,38,2,03中山區,中山區大直街40號,0,0,1,2,B01,8,6,5,30,14,9,1,5,4,5,13,4,4,5,5,5,2,17,1,65,3,10,7,1,7,9,1,4,1,8,,44,,1,21,121.5463992,25.08179595
113,7,7,8,40,2,03中山區,中山區新生北路1段與長安東路1段口,0,0,2,1,F01,8,7,5,50,4,2,2,5,4,5,13,1,1,5,4,5,2,17,1,75,2,9,3,4,7,8,8,20,1,12,,42,,1,22,121.5295037,25.04813381
113,7,7,8,40,2,03中山區,中山區新生北路1段與長安東路1段口,0,0,2,3,C03,8,7,5,50,4,2,2,5,4,5,13,1,1,5,4,5,2,17,1,48,2,7,3,4,7,6,1,10,1,14,,107,,1,21,121.5295037,25.04813381