發生年度,發生月,發生日,發生時-Hours,發生分,處理別-編號,區序,肇事地點,死亡人數,2-30日死亡人數,受傷人數,當事人序號,車種,天候,道路照明設備,道路類別,速限-速度限制,道路型態,事故位置,路面狀況1,路面狀況2,路面狀況3,道路障礙1,道路障礙2,號誌1,號誌2,車道劃分-分向,車道劃分-分道1,車道劃分-分道2,車道劃分-分道3,事故類型及型態,性別,年齡,受傷程度,主要傷處,保護裝置,行動電話,車輛用途,當事者行動狀態,駕駛資格情形,駕駛執照種類,飲酒情形,車輛撞擊部位1,車輛撞擊部位2,肇因碼-個別,肇因碼-主要,個人肇逃否,職業,座標-X,座標-Y
113,7,7,8,40,2,03中山區,中山區新生北路1段與長安東路1段口,0,0,2,2,B03,8,7,5,50,4,2,2,5,4,5,13,1,1,5,4,5,2,17,2,44,3,10,3,4,7,9,1,8,1,1,,107,,1,21,121.5295037,25.04813381
113,7,7,9,19,2,12內湖區,內湖區新明路與新明路380巷口,0,0,1,1,C03,8,6,5,30,4,1,1,5,4,5,13,4,4,10,4,5,2,15,1,46,2,9,5,1,7,9,1,10,1,11,,14,,1,21,121.5801773,25.05473709
113,7,7,9,19,2,12內湖區,內湖區新明路與新明路380巷口,0,0,1,2,B01,8,6,5,30,4,1,1,5,4,5,13,4,4,10,4,5,2,15,1,49,4,11,7,1,7,9,1,4,1,5,,14,,1,21,121.5801773,25.05473709
113,7,7,10,6,2,02萬華區,萬華區環河南路1段23號,0,0,1,1,C03,8,7,5,50,14,9,1,5,4,5,13,4,4,10,4,5,2,13,2,35,2,7,5,1,7,9,1,10,1,11,,44,,1,21,121.5039854,25.0467368
113,7,7,10,6,2,02萬華區,萬華區環河南路1段23號,0,0,1,2,B03,8,7,5,50,14,9,1,5,4,5,13,4,4,10,4,5,2,13,1,30,3,10,7,1,7,12,1,8,1,6,,44,,1,21,121.5039854,25.0467368
113,7,7,10,30,2,06松山區,松山區撫遠街與富錦街口,0,0,2,1,C03,7,7,5,50,4,1,1,5,4,5,13,1,1,1,3,5,2,12,2,35,2,9,5,1,7,9,1,10,1,11,,16,,1,26,121.5663193,25.061822
113,7,7,10,30,2,06松山區,松山區撫遠街與富錦街口,0,0,2,2,C03,7,7,5,50,4,1,1,5,4,5,13,1,1,1,3,5,2,12,2,31,3,10,5,1,7,9,1,10,2,11,,16,,1,26,121.5663193,25.061822
113,7,7,10,30,2,06松山區,松山區撫遠街與富錦街口,0,0,2,3,C03,7,7,5,50,4,1,1,5,4,5,13,1,1,1,3,5,2,12,1,75,3,10,5,1,7,6,1,10,1,13,,44,,1,7,121.5663193,25.061822
113,7,7,10,30,2,06松山區,松山區撫遠街與富錦街口,0,0,2,4,H02,7,7,5,50,4,1,1,5,4,5,13,1,1,1,3,5,2,12,1,10,2,7,5,5,7,17,8,20,10,16,,67,,1,22,121.5663193,25.061822
113,7,7,10,33,2,08士林區,士林區士東路266巷5弄16號,0,0,1,1,B03,8,5,5,30,14,9,1,5,4,5,13,4,4,9,5,5,2,12,1,46,3,10,7,1,7,1,1,8,1,8,,19,,1,21,121.5374296,25.1125997
113,7,7,10,33,2,08士林區,士林區士東路266巷5弄16號,0,0,1,2,C03,8,5,5,30,14,9,1,5,4,5,13,4,4,9,5,5,2,12,2,68,2,9,6,1,7,9,1,10,1,12,,44,,1,21,121.5374296,25.1125997
113,7,7,10,40,2,09北投區,北投區大業路與大同街口,0,0,1,1,B03,8,6,5,50,4,2,1,5,4,5,13,1,1,1,4,5,2,16,2,45,3,10,7,1,7,11,1,8,1,5,,10,,1,21,121.4991991,25.1369322
113,7,7,10,40,2,09北投區,北投區大業路與大同街口,0,0,1,2,C03,8,6,5,50,4,2,1,5,4,5,13,1,1,1,4,5,2,16,2,27,2,9,6,1,7,9,1,10,1,11,,44,,1,21,121.4991991,25.1369322
113,7,7,10,43,2,07信義區,信義區松山路407號,0,0,1,1,B03,8,5,8,50,22,22,1,5,4,5,13,4,4,1,4,5,2,17,1,69,3,10,7,1,7,7,1,1,1,2,,100,,1,22,121.5779069,25.0413887
113,7,7,10,43,2,07信義區,信義區松山路407號,0,0,1,2,F01,8,5,8,50,22,22,1,5,4,5,13,4,4,1,4,5,2,17,1,62,2,9,4,1,7,9,8,20,1,14,,44,,1,22,121.5779069,25.0413887
113,7,7,11,0,2,12內湖區,內湖區安泰街69巷與安泰街68巷口,0,0,1,1,B03,8,5,5,30,4,1,1,5,4,5,13,4,4,10,5,5,2,17,1,59,3,10,7,1,7,6,1,8,2,8,,72,,1,21,121.616824,25.07557838
113,7,7,11,0,2,12內湖區,內湖區安泰街69巷與安泰街68巷口,0,0,1,2,C03,8,5,5,30,4,1,1,5,4,5,13,4,4,10,5,5,2,17,2,54,2,9,5,1,7,9,3,18,2,11,,108,,1,21,121.616824,25.07557838
113,7,7,11,12,2,04大安區,大安區和平東路2段與和平東路2段18巷口,0,0,1,1,B03,8,5,5,50,3,1,1,5,4,5,13,1,1,8,3,4,1,16,1,46,3,10,7,1,7,6,1,8,1,2,,9,,1,21,121.535855,25.0258208
113,7,7,11,12,2,04大安區,大安區和平東路2段與和平東路2段18巷口,0,0,1,2,C03,8,5,5,50,3,1,1,5,4,5,13,1,1,8,3,4,1,16,1,39,2,9,5,1,7,9,1,10,1,14,,14,,1,21,121.535855,25.0258208
113,7,7,11,22,2,08士林區,士林區基河路240巷與基河路口,0,0,1,1,B03,8,5,5,50,4,1,1,5,4,5,13,2,1,5,4,5,1,15,1,55,3,10,7,1,7,15,1,8,2,5,,71,,1,21,121.5216036,25.0913396
113,7,7,11,22,2,08士林區,士林區基河路240巷與基河路口,0,0,1,2,C03,8,5,5,50,4,1,1,5,4,5,13,2,1,5,4,5,1,15,1,39,2,9,5,1,7,9,1,10,2,11,,13,,1,21,121.5216036,25.0913396
113,7,7,11,37,2,04大安區,大安區基隆路3段與辛亥路3段口口,0,0,1,1,C03,8,6,5,50,14,9,1,5,4,5,13,2,1,8,3,5,1,13,1,32,2,9,3,4,7,15,1,10,1,11,,108,,1,21,121.5466846,25.0186671
113,7,7,11,37,2,04大安區,大安區基隆路3段與辛亥路3段口口,0,0,1,2,B03,8,6,5,50,14,9,1,5,4,5,13,2,1,8,3,5,1,13,1,27,3,10,3,4,7,15,1,8,1,6,,44,,1,21,121.5466846,25.0186671
113,7,7,11,40,2,05中正區,中正區天津街2號,0,0,1,1,B03,8,7,5,50,14,9,1,5,4,5,13,4,4,10,5,5,2,17,1,34,3,10,7,1,7,11,1,8,2,4,,10,,1,26,121.5219131,25.0461665
113,7,7,11,40,2,05中正區,中正區天津街2號,0,0,1,2,C03,8,7,5,50,14,9,1,5,4,5,13,4,4,10,5,5,2,17,1,30,2,3,5,1,7,9,1,10,2,11,,44,,1,26,121.5219131,25.0461665
113,7,7,11,44,2,04大安區,大安區基隆路4段43號,0,0,1,1,B03,8,6,5,50,22,6,1,5,4,5,13,2,1,1,4,4,2,17,2,47,3,10,7,1,7,1,1,8,1,8,,19,,1,22,121.5404994,25.0138581
113,7,7,11,44,2,04大安區,大安區基隆路4段43號,0,0,1,2,C03,8,6,5,50,22,6,1,5,4,5,13,2,1,1,4,4,2,17,2,19,2,9,5,1,7,9,1,10,1,12,,44,,1,22,121.5404994,25.0138581
113,7,7,12,9,2,05中正區,中正區思源街1號,0,0,1,1,B01,8,7,5,50,14,9,1,5,4,5,13,1,1,1,4,5,2,17,1,53,3,10,7,1,7,14,1,2,1,6,,38,,1,22,121.5300679,25.0133109
113,7,7,12,9,2,05中正區,中正區思源街1號,0,0,1,2,C03,8,7,5,50,14,9,1,5,4,5,13,1,1,1,4,5,2,17,1,41,2,7,5,1,7,9,1,10,1,14,,44,,1,22,121.5300679,25.0133109
113,7,7,12,9,2,05中正區,中正區思源街1號,0,0,1,3,H02,8,7,5,50,14,9,1,5,4,5,13,1,1,1,4,5,2,17,2,43,3,10,7,5,7,20,8,20,10,16,,126,,1,22,121.5300679,25.0133109
113,7,7,12,25,2,09北投區,北投區公館路372號,0,0,1,1,C03,8,6,5,50,14,9,1,5,4,5,13,4,4,5,4,5,2,13,2,52,2,1,6,1,7,9,1,10,1,11,,16,,1,21,121.5040477,25.1228418
113,7,7,12,25,2,09北投區,北投區公館路372號,0,0,1,2,B03,8,6,5,50,14,9,1,5,4,5,13,4,4,5,4,5,2,13,1,44,3,10,7,1,7,14,1,8,1,6,,44,,1,21,121.5040477,25.1228418
113,7,7,12,51,2,03中山區,中山區中山北路1段121巷與中山北路1段口,0,0,2,1,B01,8,6,5,50,3,2,1,5,4,5,13,4,4,1,4,1,2,17,1,62,3,10,7,1,7,8,1,4,9,17,,27,,1,21,121.5227708,25.0527816
113,7,7,12,51,2,03中山區,中山區中山北路1段121巷與中山北路1段口,0,0,2,2,C03,8,6,5,50,3,2,1,5,4,5,13,4,4,1,4,1,2,17,1,37,2,9,5,1,7,9,1,10,1,11,,108,,1,22,121.5227708,25.0527816
113,7,7,12,51,2,03中山區,中山區中山北路1段121巷與中山北路1段口,0,0,2,3,C03,8,6,5,50,3,2,1,5,4,5,13,4,4,1,4,1,2,17,1,21,2,9,5,1,7,9,1,10,1,17,,42,,1,22,121.5227708,25.0527816
113,7,7,14,3,2,10文山區,文山區興隆路3段207巷7弄12號,0,0,1,1,C03,8,6,5,30,4,1,1,5,4,5,13,4,4,10,5,5,2,16,2,40,2,3,6,1,7,1,1,10,1,11,,19,,1,21,121.5609766,24.9955712
113,7,7,14,3,2,10文山區,文山區興隆路3段207巷7弄12號,0,0,1,2,B01,8,6,5,30,4,1,1,5,4,5,13,4,4,10,5,5,2,16,1,45,3,10,7,1,7,9,1,4,1,2,,44,,1,21,121.5609766,24.9955712
113,7,7,14,9,2,03中山區,中山區市民高架道與中山北路1段口,0,0,2,1,B03,7,6,5,60,14,9,1,5,4,5,13,4,4,9,4,5,2,13,2,23,3,10,7,1,7,9,1,8,1,1,,108,,1,21,121.5365769,25.04477288
113,7,7,14,9,2,03中山區,中山區市民高架道與中山北路1段口,0,0,2,2,B03,7,6,5,60,14,9,1,5,4,5,13,4,4,9,4,5,2,13,1,70,3,10,7,1,7,9,1,8,1,3,,44,,1,21,121.5365769,25.04477288
113,7,7,14,9,2,03中山區,中山區市民高架道與中山北路1段口,0,0,2,3,B03,7,6,5,60,14,9,1,5,4,5,13,4,4,9,4,5,2,13,1,36,3,10,7,1,7,9,1,8,1,3,,44,,1,21,121.5365769,25.04477288
113,7,7,14,9,2,03中山區,中山區市民高架道與中山北路1段口,0,0,2,4,H02,7,6,5,60,14,9,1,5,4,5,13,4,4,9,4,5,2,13,2,69,2,9,4,5,7,20,8,20,10,16,,67,,1,21,121.5365769,25.04477288
113,7,7,14,9,2,03中山區,中山區市民高架道與中山北路1段口,0,0,2,5,H02,7,6,5,60,14,9,1,5,4,5,13,4,4,9,4,5,2,13,2,34,2,9,7,5,7,20,8,20,10,16,,67,,1,21,121.5365769,25.04477288
113,7,7,14,15,2,05中正區,中正區市民大道2段與長安東路1段30巷口口,0,0,1,1,B03,7,7,5,40,3,2,1,5,4,5,13,1,1,1,4,1,2,13,1,23,3,10,7,1,7,9,1,8,1,1,,16,,1,21,121.525836,25.04742654
113,7,7,14,15,2,05中正區,中正區市民大道2段與長安東路1段30巷口口,0,0,1,2,C03,7,7,5,40,3,2,1,5,4,5,13,1,1,1,4,1,2,13,2,45,2,9,6,1,7,12,1,10,1,13,,44,,1,21,121.525836,25.04742654
113,7,7,14,15,2,09北投區,北投區公館路與公館路334巷口,0,0,1,1,C03,7,6,5,40,4,1,1,5,4,5,13,3,1,5,4,4,1,17,1,39,3,10,6,1,7,5,1,10,1,13,,8,,1,21,121.5053074,25.123779
113,7,7,14,15,2,09北投區,北投區公館路與公館路334巷口,0,0,1,2,C03,7,6,5,40,4,1,1,5,4,5,13,3,1,5,4,4,1,17,1,30,2,9,6,1,7,9,1,10,1,11,,44,,1,21,121.5053074,25.123779
113,7,7,14,48,2,06松山區,松山區民權東路5段與撫遠街口口,0,0,1,1,C03,8,5,5,50,4,2,1,5,4,5,13,1,1,1,4,5,1,17,1,22,2,9,5,1,7,9,1,10,2,14,,9,,1,21,121.5660647,25.0631391
113,7,7,14,48,2,06松山區,松山區民權東路5段與撫遠街口口,0,0,1,2,B03,8,5,5,50,4,2,1,5,4,5,13,1,1,1,4,5,1,17,1,44,3,10,7,1,7,6,1,8,2,4,,44,,1,21,121.5660647,25.0631391
113,7,7,14,58,2,12內湖區,內湖區民權大橋(東往西向),0,0,2,1,C03,7,5,5,30,8,11,1,5,4,5,13,4,4,1,4,5,2,13,2,50,2,9,5,1,7,9,1,10,2,11,,107,,1,21,121.5695421,25.0642816
113,7,7,14,58,2,12內湖區,內湖區民權大橋(東往西向),0,0,2,2,F01,7,5,5,30,8,11,1,5,4,5,13,4,4,1,4,5,2,13,1,56,2,9,4,1,7,9,8,20,2,13,,44,,1,21,121.5695421,25.0642816
113,7,7,14,58,2,12內湖區,內湖區民權大橋(東往西向),0,0,2,3,C03,7,5,5,30,8,11,1,5,4,5,13,4,4,1,4,5,2,13,1,22,3,10,5,1,7,9,1,10,2,11,,44,,1,21,121.5695421,25.0642816
113,7,7,15,48,2,12內湖區,內湖區潭美街與安美街口,0,0,1,1,B01,6,5,5,40,3,1,1,4,4,5,13,3,1,5,4,5,2,16,1,47,3,10,7,1,7,6,1,4,1,5,,9,,1,21,121.602642,25.0610168
113,7,7,15,48,2,12內湖區,內湖區潭美街與安美街口,0,0,1,2,C03,6,5,5,40,3,1,1,4,4,5,13,3,1,5,4,5,2,16,1,28,2,7,6,1,7,9,1,10,1,14,,44,,1,21,121.602642,25.0610168
113,7,7,15,50,2,04大安區,大安區和平東路1段66號,0,0,3,1,C03,8,6,5,40,14,8,1,5,4,5,13,4,4,1,4,4,2,12,2,19,2,9,5,4,7,9,1,10,1,12,,17,,1,21,121.5242519,25.0268246
113,7,7,15,50,2,04大安區,大安區和平東路1段66號,0,0,3,2,C03,8,6,5,40,14,8,1,5,4,5,13,4,4,1,4,4,2,12,1,26,2,9,5,4,7,9,1,10,1,14,,16,,1,21,121.5242519,25.0268246
113,7,7,15,50,2,04大安區,大安區和平東路1段66號,0,0,3,3,H02,8,6,5,40,14,8,1,5,4,5,13,4,4,1,4,4,2,12,2,26,2,9,5,5,7,20,8,20,10,17,,67,,1,21,121.5242519,25.0268246
113,7,7,16,0,2,08士林區,士林區文林路與基河路口,0,0,1,1,C03,8,5,5,50,3,2,1,5,4,5,13,4,4,4,1,5,1,17,2,41,2,9,5,1,7,6,1,10,1,11,,9,,1,21,121.5255264,25.0865221
113,7,7,16,0,2,08士林區,士林區文林路與基河路口,0,0,1,2,B01,8,5,5,50,3,2,1,5,4,5,13,4,4,4,1,5,1,17,1,63,3,10,7,1,7,9,1,4,1,2,,44,,1,21,121.5255264,25.0865221
113,7,7,16,0,2,08士林區,士林區基河路與文林路口,0,0,1,1,A02,8,5,8,50,4,2,1,4,4,5,13,2,1,5,4,5,2,17,1,58,3,10,7,1,7,5,1,2,1,17,,8,,1,21,121.5254158,25.08621425
113,7,7,16,0,2,08士林區,士林區基河路與文林路口,0,0,1,2,C03,8,5,8,50,4,2,1,4,4,5,13,2,1,5,4,5,2,17,1,18,2,9,6,1,7,5,1,10,1,14,,44,,1,21,121.5254158,25.08621425
113,7,7,16,10,2,07信義區,信義區忠孝東路4段559巷與忠孝東路4段口,0,0,1,1,B02,6,6,5,50,3,2,1,4,4,5,13,4,4,3,4,5,2,15,1,62,3,10,7,1,7,15,1,8,2,4,,74,,1,21,121.5636016,25.0412388
113,7,7,16,10,2,07信義區,信義區忠孝東路4段559巷與忠孝東路4段口,0,0,1,2,C03,6,6,5,50,3,2,1,4,4,5,13,4,4,3,4,5,2,15,1,28,2,7,6,1,7,9,1,10,2,11,,44,,1,21,121.5636016,25.0412388
113,7,7,17,0,2,03中山區,中山區民權東路2段與中原街口,0,0,1,1,B03,8,6,5,50,4,1,1,5,4,5,13,1,1,5,5,5,2,17,1,66,3,10,7,1,7,5,1,8,1,8,,71,,1,21,121.5290088,25.0626387
113,7,7,17,0,2,03中山區,中山區民權東路2段與中原街口,0,0,1,2,C03,8,6,5,50,4,1,1,5,4,5,13,1,1,5,5,5,2,17,1,29,2,9,5,1,7,9,1,10,1,11,12,13,,1,21,121.5290088,25.0626387
113,7,7,17,6,2,02萬華區,萬華區寶興街80巷與西園路2段261巷口,0,0,1,1,B03,7,5,5,30,4,1,1,5,4,5,13,4,4,9,5,5,1,3,1,55,3,10,3,4,7,6,1,8,1,1,,70,,1,22,121.4933199,25.02518
113,7,7,17,6,2,02萬華區,萬華區寶興街80巷與西園路2段261巷口,0,0,1,2,H01,7,5,5,30,4,1,1,5,4,5,13,4,4,9,5,5,1,3,1,70,2,8,4,5,8,16,8,20,10,16,,67,,1,22,121.4933199,25.02518
113,7,7,17,8,2,06松山區,松山區市民高架道第6510786號電桿,0,0,1,1,B03,7,6,5,80,10,7,1,5,4,5,13,4,4,1,4,5,1,13,1,63,3,10,7,1,7,9,1,8,1,1,,16,,1,21,121.5489355,25.0450179
113,7,7,17,8,2,06松山區,松山區市民高架道第6510786號電桿,0,0,1,2,B03,7,6,5,80,10,7,1,5,4,5,13,4,4,1,4,5,1,13,2,34,3,10,7,1,7,9,1,8,1,3,,44,,1,21,121.5489355,25.0450179
113,7,7,17,8,2,06松山區,松山區市民高架道第6510786號電桿,0,0,1,3,H02,7,6,5,80,10,7,1,5,4,5,13,4,4,1,4,5,1,13,2,7,2,1,7,5,7,20,8,20,10,16,,67,,1,21,121.5489355,25.0450179
113,7,7,17,15,2,10文山區,文山區景華街與景華街128巷口口,0,0,2,1,F01,8,6,5,30,3,1,1,5,4,5,13,3,1,10,5,5,2,16,1,41,2,9,4,2,7,5,8,20,1,11,,71,,1,21,121.5471466,24.9957903
113,7,7,17,15,2,10文山區,文山區景華街與景華街128巷口口,0,0,2,2,C03,8,6,5,30,3,1,1,5,4,5,13,3,1,10,5,5,2,16,1,70,2,9,6,1,7,9,1,10,1,11,,14,,1,21,121.5471466,24.9957903
113,7,7,17,54,2,10文山區,文山區辛亥路5段與辛亥路5段25巷口口,0,0,1,1,B01,8,6,5,50,4,1,1,5,4,5,10,1,1,1,4,5,2,16,1,45,3,10,7,1,7,11,1,4,1,6,,10,,1,21,121.5541998,24.9998833
113,7,7,17,54,2,10文山區,文山區辛亥路5段與辛亥路5段25巷口口,0,0,1,2,C03,8,6,5,50,4,1,1,5,4,5,10,1,1,1,4,5,2,16,1,51,2,9,6,1,7,9,1,10,1,11,,44,,1,21,121.5541998,24.9998833
113,7,7,18,6,2,10文山區,文山區景美堤外便道東往西方向(景美002燈桿),0,0,1,1,F01,8,6,8,0,14,23,1,5,4,5,13,4,4,9,5,5,1,9,1,17,3,10,4,1,7,15,8,20,1,11,,44,,1,21,121.5390838,24.98837394
113,7,7,18,6,2,10文山區,文山區景美堤外便道東往西方向(景美002燈桿),0,0,1,2,H01,8,6,8,0,14,23,1,5,4,5,13,4,4,9,5,5,1,9,1,55,2,9,4,5,8,16,8,20,10,16,,67,,1,21,121.5390838,24.98837394
113,7,7,18,12,2,06松山區,松山區光復南路22巷與光復南路32巷16弄口,0,0,1,1,B03,7,5,5,30,4,1,1,4,4,5,13,4,4,10,5,5,2,15,1,35,3,10,7,1,7,9,1,4,1,2,,72,,1,21,121.5563824,25.0470347
113,7,7,18,12,2,06松山區,松山區光復南路22巷與光復南路32巷16弄口,0,0,1,2,C03,7,5,5,30,4,1,1,4,4,5,13,4,4,10,5,5,2,15,1,26,2,8,5,1,7,9,1,10,1,11,,108,,1,21,121.5563824,25.0470347
113,7,7,18,19,2,09北投區,北投區文林北路與文承路口,0,0,1,1,B03,8,6,5,50,4,1,1,5,4,5,13,1,1,1,4,4,2,16,2,47,3,10,7,1,7,5,1,8,1,5,,71,,1,21,121.5165105,25.1060552
113,7,7,18,19,2,09北投區,北投區文林北路與文承路口,0,0,1,2,C03,8,6,5,50,4,1,1,5,4,5,13,1,1,1,4,4,2,16,1,54,2,8,6,1,7,9,1,10,1,11,,44,,1,21,121.5165105,25.1060552
113,7,7,18,19,2,10文山區,文山區汀州路4段與基隆路4段口,0,0,3,1,C03,8,5,5,30,5,1,1,5,4,5,13,2,1,10,5,5,2,16,1,19,2,8,6,1,7,6,1,10,1,14,,8,,1,21,121.5364365,25.0108001
113,7,7,18,19,2,10文山區,文山區汀州路4段與基隆路4段口,0,0,3,2,C03,8,5,5,30,5,1,1,5,4,5,13,2,1,10,5,5,2,16,1,27,2,7,6,1,7,9,1,10,1,12,,13,,1,21,121.5364365,25.0108001
113,7,7,18,19,2,10文山區,文山區汀州路4段與基隆路4段口,0,0,3,3,H02,8,5,5,30,5,1,1,5,4,5,13,2,1,10,5,5,2,16,2,19,2,8,6,5,7,20,8,20,10,16,,67,,1,21,121.5364365,25.0108001
113,7,7,18,25,2,03中山區,中山區南京東路3段與南京東路3段48巷口,0,0,1,1,B02,8,7,5,30,3,1,1,5,4,5,13,4,4,1,4,4,2,16,2,66,3,10,3,4,7,6,1,8,1,5,,99,,1,21,121.5385739,25.0517934
113,7,7,18,25,2,03中山區,中山區南京東路3段與南京東路3段48巷口,0,0,1,2,F01,8,7,5,30,3,1,1,5,4,5,13,4,4,1,4,4,2,16,1,27,2,8,4,4,7,11,8,20,1,14,,11,,1,21,121.5385739,25.0517934
113,7,7,18,26,2,02萬華區,萬華區艋舺大道167號(凱達飯店車道口),0,0,3,1,B03,7,6,5,50,3,1,1,5,4,5,13,4,4,1,4,5,2,17,2,29,2,3,7,1,7,6,1,8,1,6,,9,,1,21,121.4994602,25.03302081
113,7,7,18,26,2,02萬華區,萬華區艋舺大道167號(凱達飯店車道口),0,0,3,2,C03,7,6,5,50,3,1,1,5,4,5,13,4,4,1,4,5,2,17,2,49,2,9,6,1,7,15,1,10,1,14,12,44,,1,21,121.4994602,25.03302081
113,7,7,18,26,2,02萬華區,萬華區艋舺大道167號(凱達飯店車道口),0,0,3,3,H02,7,6,5,50,3,1,1,5,4,5,13,4,4,1,4,5,2,17,2,24,2,9,6,5,7,20,8,20,10,16,,67,,1,21,121.4994602,25.03302081
113,7,7,19,9,2,05中正區,中正區汀州路3段與思源街口,0,0,1,1,C03,7,5,5,50,3,1,1,5,4,5,13,1,1,5,2,5,2,17,1,68,3,10,6,1,7,5,1,10,1,14,,8,,1,22,121.5322022,25.0150914
113,7,7,19,9,2,05中正區,中正區汀州路3段與思源街口,0,0,1,2,C03,7,5,5,50,3,1,1,5,4,5,13,1,1,5,2,5,2,17,1,20,2,9,6,1,7,5,1,10,1,12,,44,,1,22,121.5322022,25.0150914
113,7,7,19,9,2,07信義區,信義區基隆路1段366號,0,0,1,1,B03,8,5,5,50,14,9,1,5,4,5,13,4,4,1,4,5,2,17,1,48,3,10,7,1,7,6,1,8,1,5,,9,,1,22,121.5608049,25.0353882
113,7,7,19,9,2,07信義區,信義區基隆路1段366號,0,0,1,2,C03,8,5,5,50,14,9,1,5,4,5,13,4,4,1,4,5,2,17,2,25,2,9,6,1,7,9,1,10,1,11,,44,,1,22,121.5608049,25.0353882
113,7,7,19,10,2,12內湖區,內湖區康樂街162巷,0,0,1,1,C03,7,5,5,50,14,9,1,5,4,5,13,4,4,9,5,5,2,13,1,24,3,10,5,1,7,9,1,10,1,11,,108,,1,21,121.619422,25.0726556
113,7,7,19,10,2,12內湖區,內湖區康樂街162巷,0,0,1,2,C03,7,5,5,50,14,9,1,5,4,5,13,4,4,9,5,5,2,13,1,33,3,10,5,1,7,7,1,10,1,13,,100,,1,21,121.619422,25.0726556
113,7,7,19,10,2,12內湖區,內湖區康樂街162巷,0,0,1,3,H02,7,5,5,50,14,9,1,5,4,5,13,4,4,9,5,5,2,13,2,31,2,8,5,5,7,20,8,20,10,16,,67,,1,21,121.619422,25.0726556
113,7,7,19,37,2,02萬華區,萬華區環河南路2段與西藏路口,0,0,1,1,B03,8,5,5,50,3,2,1,5,4,5,13,1,1,9,5,5,2,17,1,64,3,10,7,1,7,9,6,8,1,1,,108,,1,21,121.4899019,25.0304222
113,7,7,19,37,2,02萬華區,萬華區環河南路2段與西藏路口,0,0,1,2,C03,8,5,5,50,3,2,1,5,4,5,13,1,1,9,5,5,2,17,1,28,2,9,5,1,7,14,1,10,1,13,,44,,1,21,121.4899019,25.0304222
113,7,7,20,12,2,11南港區,南港區南港路1段8號,0,0,2,1,C03,7,5,5,50,14,9,1,5,4,5,13,4,4,5,4,5,2,13,1,41,2,9,6,1,7,9,1,10,1,11,,16,,1,21,121.6197031,25.0548361
113,7,7,20,12,2,11南港區,南港區南港路1段8號,0,0,2,2,C03,7,5,5,50,14,9,1,5,4,5,13,4,4,5,4,5,2,13,1,61,3,10,6,1,7,9,1,10,1,13,,44,,1,21,121.6197031,25.0548361
113,7,7,20,12,2,11南港區,南港區南港路1段8號,0,0,2,3,H02,7,5,5,50,14,9,1,5,4,5,13,4,4,5,4,5,2,13,2,38,2,9,6,5,7,20,8,20,10,16,,67,,1,21,121.6197031,25.0548361
113,7,7,20,16,2,03中山區,中山區樂群二路與敬業三路口,0,0,1,1,B02,8,5,5,50,4,1,1,5,4,5,13,2,1,1,4,5,2,16,1,29,3,10,7,1,7,5,1,8,2,8,,8,,1,21,121.5562051,25.0799266
113,7,7,20,16,2,03中山區,中山區樂群二路與敬業三路口,0,0,1,2,C03,8,5,5,50,4,1,1,5,4,5,13,2,1,1,4,5,2,16,1,39,2,9,5,1,7,9,1,10,2,12,,13,,1,21,121.5562051,25.0799266
113,7,7,21,15,2,01大同區,大同區重慶北路3段與重慶北路3段223巷口,0,0,3,1,B03,7,5,5,50,4,2,1,5,4,5,13,2,1,1,4,5,2,13,2,39,2,9,3,4,7,9,1,8,2,1,,108,,1,21,121.5139779,25.0706701
113,7,7,21,15,2,01大同區,大同區重慶北路3段與重慶北路3段223巷口,0,0,3,2,B03,7,5,5,50,4,2,1,5,4,5,13,2,1,1,4,5,2,13,1,60,3,10,3,4,7,14,1,8,2,3,,118,,1,21,121.5139779,25.0706701
113,7,7,21,15,2,01大同區,大同區重慶北路3段與重慶北路3段223巷口,0,0,3,3,B03,7,5,5,50,4,2,1,5,4,5,13,2,1,1,4,5,2,13,1,42,3,10,3,4,7,14,1,8,2,3,,118,,1,21,121.5139779,25.0706701
113,7,7,21,15,2,01大同區,大同區重慶北路3段與重慶北路3段223巷口,0,0,3,4,H02,7,5,5,50,4,2,1,5,4,5,13,2,1,1,4,5,2,13,2,67,2,9,3,5,7,20,8,20,10,16,,67,,1,21,121.5139779,25.0706701
113,7,7,21,15,2,01大同區,大同區重慶北路3段與重慶北路3段223巷口,0,0,3,5,H02,7,5,5,50,4,2,1,5,4,5,13,2,1,1,4,5,2,13,2,65,2,9,3,5,7,20,8,20,10,16,,67,,1,21,121.5139779,25.0706701
113,7,7,23,12,2,11南港區,南港區南港路2段與南港路2段60巷口,0,0,1,1,B03,8,5,5,50,4,1,1,5,4,1,13,2,1,4,3,4,2,16,1,36,3,10,3,4,7,5,1,8,2,8,,8,,1,22,121.6041333,25.053937
113,7,7,23,12,2,11南港區,南港區南港路2段與南港路2段60巷口,0,0,1,2,C03,8,5,5,50,4,1,1,5,4,1,13,2,1,4,3,4,2,16,1,49,2,9,3,4,7,9,1,10,2,14,,44,,1,22,121.6041333,25.053937
113,7,8,0,56,2,08士林區,士林區凱旋路與光華路口,0,0,1,1,B03,8,5,5,30,3,2,1,5,4,5,13,4,4,10,5,5,1,11,2,29,3,10,7,1,7,9,1,8,1,4,,5,,1,21,121.5420331,25.13655003
113,7,8,0,56,2,08士林區,士林區凱旋路與光華路口,0,0,1,2,C03,8,5,5,30,3,2,1,5,4,5,13,4,4,10,5,5,1,11,1,18,2,8,5,1,7,9,1,10,1,14,,14,,1,21,121.5420331,25.13655003
113,7,8,3,19,2,04大安區,大安區仁愛路4段與光復南路口,0,0,1,1,B01,8,5,5,50,4,2,1,5,4,5,13,2,1,8,3,5,1,16,1,43,3,10,7,1,7,6,1,4,1,2,,80,,1,26,121.5574342,25.0378908