發生年度,發生月,發生日,發生時-Hours,發生分,處理別-編號,區序,肇事地點,死亡人數,2-30日死亡人數,受傷人數,當事人序號,車種,天候,道路照明設備,道路類別,速限-速度限制,道路型態,事故位置,路面狀況1,路面狀況2,路面狀況3,道路障礙1,道路障礙2,號誌1,號誌2,車道劃分-分向,車道劃分-分道1,車道劃分-分道2,車道劃分-分道3,事故類型及型態,性別,年齡,受傷程度,主要傷處,保護裝置,行動電話,車輛用途,當事者行動狀態,駕駛資格情形,駕駛執照種類,飲酒情形,車輛撞擊部位1,車輛撞擊部位2,肇因碼-個別,肇因碼-主要,個人肇逃否,職業,座標-X,座標-Y
113,7,8,3,19,2,04大安區,大安區仁愛路4段與光復南路口,0,0,1,2,F01,8,5,5,50,4,2,1,5,4,5,13,2,1,8,3,5,1,16,2,57,2,9,4,1,7,11,8,20,1,15,,11,,1,26,121.5574342,25.0378908
113,7,8,4,14,2,07信義區,信義區松仁路130號,0,0,1,1,B01,7,5,5,50,14,9,1,5,4,5,13,4,4,1,4,5,2,12,1,44,3,10,7,1,7,7,1,4,2,2,,100,,1,22,121.568221,25.0337116
113,7,8,4,14,2,07信義區,信義區松仁路130號,0,0,1,2,C03,7,5,5,50,14,9,1,5,4,5,13,4,4,1,4,5,2,12,2,63,2,9,5,1,7,9,1,10,2,14,,44,,1,22,121.568221,25.0337116
113,7,8,5,6,2,02萬華區,萬華區環河快速道路接華中橋匝道,0,0,1,1,A12,8,5,8,40,22,22,1,5,4,5,13,1,1,10,5,5,2,13,1,26,3,10,3,4,7,15,1,6,1,1,,16,,1,21,121.4954003,25.0165663
113,7,8,5,6,2,02萬華區,萬華區環河快速道路接華中橋匝道,0,0,1,2,B01,8,5,8,40,22,22,1,5,4,5,13,1,1,10,5,5,2,13,1,63,3,10,3,4,7,14,1,4,1,3,,44,,1,21,121.4954003,25.0165663
113,7,8,5,6,2,02萬華區,萬華區環河快速道路接華中橋匝道,0,0,1,3,H02,8,5,8,40,22,22,1,5,4,5,13,1,1,10,5,5,2,13,2,41,2,2,3,5,7,20,8,20,10,16,,67,,1,21,121.4954003,25.0165663
113,7,8,6,58,2,12內湖區,內湖區潭美街與安康路228巷口,0,0,1,1,B03,8,5,5,40,3,1,1,5,4,5,13,1,1,5,5,5,2,16,1,71,3,10,7,1,7,5,1,8,1,1,,71,,1,21,121.6035797,25.0611664
113,7,8,6,58,2,12內湖區,內湖區潭美街與安康路228巷口,0,0,1,2,C03,8,5,5,40,3,1,1,5,4,5,13,1,1,5,5,5,2,16,2,41,2,9,6,1,7,9,1,10,1,14,,44,,1,21,121.6035797,25.0611664
113,7,8,7,16,2,11南港區,南港區舊莊街1段100號,0,0,1,1,C03,8,7,5,50,14,9,1,5,4,5,13,4,4,4,3,5,2,12,1,29,2,7,5,1,7,9,1,10,1,11,,16,,1,21,121.6194239,25.04054254
113,7,8,7,16,2,11南港區,南港區舊莊街1段100號,0,0,1,2,B03,8,7,5,50,14,9,1,5,4,5,13,4,4,4,3,5,2,12,1,38,3,10,7,1,7,1,1,8,1,8,,19,,1,21,121.6194239,25.04054254
113,7,8,7,35,2,09北投區,北投區承德路6段與福國路口,0,0,2,1,C03,8,7,5,50,14,12,1,5,4,5,13,1,1,1,4,4,2,13,1,59,2,9,3,4,7,9,1,10,1,11,,108,,1,21,121.5121367,25.1018583
113,7,8,7,35,2,09北投區,北投區承德路6段與福國路口,0,0,2,2,C03,8,7,5,50,14,12,1,5,4,5,13,1,1,1,4,4,2,13,2,19,2,9,3,4,7,14,1,10,1,13,,44,,1,21,121.5121367,25.1018583
113,7,8,7,45,2,10文山區,文山區木柵路1段與辛亥路7段口,0,0,1,1,C03,8,5,5,50,4,2,1,5,4,5,13,2,1,5,4,5,1,17,2,38,3,10,6,1,7,4,1,10,9,12,,94,,2,21,121.5521867,24.9877926
113,7,8,7,45,2,10文山區,文山區木柵路1段與辛亥路7段口,0,0,1,2,C03,8,5,5,50,4,2,1,5,4,5,13,2,1,5,4,5,1,17,2,55,2,9,6,1,7,5,1,10,2,14,,71,,1,21,121.5521867,24.9877926
113,7,8,7,45,2,10文山區,文山區羅斯福路6段與羅斯福路6段159巷口口,0,0,2,1,C04,8,6,5,50,4,2,1,5,4,5,13,2,1,1,4,5,2,13,2,33,2,8,6,1,7,9,1,10,1,11,,16,,1,21,121.5410092,24.9969613
113,7,8,7,45,2,10文山區,文山區羅斯福路6段與羅斯福路6段159巷口口,0,0,2,2,C03,8,6,5,50,4,2,1,5,4,5,13,2,1,1,4,5,2,13,1,65,2,8,6,1,7,9,1,10,1,13,,44,,1,21,121.5410092,24.9969613
113,7,8,7,55,2,12內湖區,內湖區陽光街與陽光街321巷口,0,0,2,1,F01,7,6,5,50,3,1,1,5,4,5,13,4,4,5,4,5,2,16,1,21,2,9,2,1,7,5,8,20,1,14,,8,,1,21,121.5785128,25.073528
113,7,8,7,55,2,12內湖區,內湖區陽光街與陽光街321巷口,0,0,2,2,C02,7,6,5,50,3,1,1,5,4,5,13,4,4,5,4,5,2,16,1,44,2,8,5,1,7,9,1,9,1,11,,44,,1,21,121.5785128,25.073528
113,7,8,8,0,2,12內湖區,內湖區舊宗路2段181巷與瑞湖街口,0,0,2,1,B03,8,6,5,50,3,1,1,5,4,5,13,4,4,5,5,5,2,17,2,40,3,10,7,1,7,9,1,8,1,1,,99,,1,21,121.5762304,25.07194703
113,7,8,8,0,2,12內湖區,內湖區舊宗路2段181巷與瑞湖街口,0,0,2,2,C03,8,6,5,50,3,1,1,5,4,5,13,4,4,5,5,5,2,17,1,54,2,9,6,1,7,9,1,10,1,12,,13,,1,21,121.5762304,25.07194703
113,7,8,8,0,2,12內湖區,內湖區舊宗路2段181巷與瑞湖街口,0,0,2,3,H02,8,6,5,50,3,1,1,5,4,5,13,4,4,5,5,5,2,17,2,46,2,8,6,5,7,21,8,20,10,16,,67,,1,21,121.5762304,25.07194703
113,7,8,8,10,2,12內湖區,內湖區舊宗路1段與南京東路6段口,0,0,2,1,A12,8,6,5,50,3,1,1,5,4,5,13,1,1,1,5,1,2,28,1,41,3,10,7,1,7,8,1,7,2,2,,16,,1,21,121.5817078,25.0575219
113,7,8,8,10,2,12內湖區,內湖區舊宗路1段與南京東路6段口,0,0,2,2,,8,6,5,50,3,1,1,5,4,5,13,1,1,1,5,1,2,28,3,39,,,,,,,,,,,,67,,1,,121.5817078,25.0575219
113,7,8,8,10,2,12內湖區,內湖區舊宗路1段與南京東路6段口,0,0,2,3,H03,8,6,5,50,3,1,1,5,4,5,13,1,1,1,5,1,2,28,1,39,2,9,4,5,8,20,8,20,10,16,,67,,1,26,121.5817078,25.0575219
113,7,8,8,10,2,12內湖區,內湖區舊宗路1段與南京東路6段口,0,0,2,4,H03,8,6,5,50,3,1,1,5,4,5,13,1,1,1,5,1,2,28,2,60,2,9,4,5,8,20,8,20,10,16,,67,,1,26,121.5817078,25.0575219
113,7,8,8,16,2,01大同區,大同區重慶北路1段與鄭州路口,0,0,1,1,C03,8,6,5,50,5,1,1,5,4,5,13,2,1,4,3,5,1,12,2,40,3,10,3,4,7,15,1,10,1,13,,101,,1,21,121.5132417,25.049492
113,7,8,8,16,2,01大同區,大同區重慶北路1段與鄭州路口,0,0,1,2,C03,8,6,5,50,5,1,1,5,4,5,13,2,1,4,3,5,1,12,1,54,2,9,3,4,7,9,1,10,1,11,,44,,1,21,121.5132417,25.049492
113,7,8,8,25,2,06松山區,松山區市民大道5段與東興路口,0,0,2,1,C02,8,5,5,40,4,1,1,5,4,5,13,1,1,8,3,5,1,13,1,51,2,9,3,1,7,9,1,9,1,11,,16,,1,21,121.566107,25.0484553
113,7,8,8,25,2,06松山區,松山區市民大道5段與東興路口,0,0,2,2,C03,8,5,5,40,4,1,1,5,4,5,13,1,1,8,3,5,1,13,1,22,2,9,3,1,7,9,1,9,1,13,,44,,1,21,121.566107,25.0484553
113,7,8,8,25,2,06松山區,松山區市民大道5段與東興路口,0,0,2,3,C03,8,5,5,40,4,1,1,5,4,5,13,1,1,8,3,5,1,13,1,33,3,10,3,1,7,14,1,10,1,14,,44,,1,21,121.566107,25.0484553
113,7,8,8,25,2,07信義區,信義區富陽街55巷與富陽街21巷口,0,0,2,1,C03,8,6,5,30,4,1,1,5,4,5,13,4,4,10,5,5,2,15,2,33,2,8,6,4,7,9,1,10,2,12,,72,,1,21,121.5574485,25.0225945
113,7,8,8,25,2,07信義區,信義區富陽街55巷與富陽街21巷口,0,0,2,2,C03,8,6,5,30,4,1,1,5,4,5,13,4,4,10,5,5,2,15,1,84,2,7,5,1,7,9,1,10,2,11,,44,,1,21,121.5574485,25.0225945
113,7,8,8,26,2,08士林區,士林區承德路4段與劍潭路口,0,0,2,1,C03,8,7,5,50,4,1,1,5,4,5,13,2,1,1,4,5,2,13,2,25,2,9,6,1,7,9,1,10,1,11,,108,,1,21,121.5234002,25.0844437
113,7,8,8,26,2,08士林區,士林區承德路4段與劍潭路口,0,0,2,2,C03,8,7,5,50,4,1,1,5,4,5,13,2,1,1,4,5,2,13,1,32,2,8,6,1,7,12,1,9,1,13,,44,,1,21,121.5234002,25.0844437
113,7,8,8,26,2,08士林區,士林區承德路4段與劍潭路口,0,0,2,3,B12,8,7,5,50,4,1,1,5,4,5,13,2,1,1,4,5,2,13,1,18,3,10,7,1,7,12,1,8,1,5,,44,,1,21,121.5234002,25.0844437
113,7,8,8,40,2,08士林區,士林區士林橋,0,0,1,1,C03,8,7,5,50,8,9,1,5,4,5,13,4,4,4,3,5,1,13,1,70,2,7,5,1,7,9,1,10,2,14,,16,,1,22,121.5235968,25.0987701
113,7,8,8,40,2,08士林區,士林區士林橋,0,0,1,2,B03,8,7,5,50,8,9,1,5,4,5,13,4,4,4,3,5,1,13,1,65,3,10,7,1,7,14,1,8,2,7,,44,,1,22,121.5235968,25.0987701
113,7,8,8,48,2,05中正區,中正區莒光路與莒光路93巷口,0,0,2,1,C03,8,6,5,50,4,18,1,5,4,5,13,4,4,3,4,5,2,3,2,31,2,9,5,1,7,9,1,10,2,11,,70,,1,21,121.5048976,25.0312428
113,7,8,8,48,2,05中正區,中正區莒光路與莒光路93巷口,0,0,2,2,H01,8,6,5,50,4,18,1,5,4,5,13,4,4,3,4,5,2,3,1,11,2,9,4,5,8,16,8,20,10,16,,67,,1,21,121.5048976,25.0312428
113,7,8,9,0,2,02萬華區,萬華區桂林路與梧州街口,0,0,1,1,C03,8,6,5,30,4,1,1,5,4,5,13,4,4,10,5,5,2,17,1,26,3,10,5,1,7,6,1,10,1,17,,14,,1,22,121.4976289,25.0384717
113,7,8,9,0,2,02萬華區,萬華區桂林路與梧州街口,0,0,1,2,C03,8,6,5,30,4,1,1,5,4,5,13,4,4,10,5,5,2,17,1,24,2,7,5,1,7,9,1,10,1,15,,44,,1,22,121.4976289,25.0384717
113,7,8,9,5,2,06松山區,松山區三民路與三民路29巷口,0,0,1,1,B03,8,7,5,30,3,1,1,5,4,5,13,4,4,9,5,5,2,17,1,54,3,10,7,4,7,15,1,8,1,1,,9,,1,22,121.5637315,25.05500962
113,7,8,9,5,2,06松山區,松山區三民路與三民路29巷口,0,0,1,2,F01,8,7,5,30,3,1,1,5,4,5,13,4,4,9,5,5,2,17,2,57,2,8,3,1,7,9,8,20,1,15,,108,,1,21,121.5637315,25.05500962
113,7,8,9,16,2,05中正區,中正區汀州路2段與同安街口,0,0,3,1,C03,8,7,5,50,4,1,1,5,4,5,13,1,1,5,5,5,2,16,1,78,2,9,5,4,7,5,1,10,1,11,,71,,1,21,121.5217512,25.0240661
113,7,8,9,16,2,05中正區,中正區汀州路2段與同安街口,0,0,3,2,C03,8,7,5,50,4,1,1,5,4,5,13,1,1,5,5,5,2,16,1,52,2,9,5,4,7,9,1,10,1,14,,13,,1,21,121.5217512,25.0240661
113,7,8,9,16,2,05中正區,中正區汀州路2段與同安街口,0,0,3,3,H02,8,7,5,50,4,1,1,5,4,5,13,1,1,5,5,5,2,16,2,75,2,5,5,5,7,20,8,20,10,16,,67,,1,21,121.5217512,25.0240661
113,7,8,9,22,2,05中正區,中正區金山北路與市民大道2段口迴轉道,0,0,2,1,C03,8,7,5,50,3,1,1,5,4,5,13,4,4,10,5,5,2,12,1,36,2,9,5,1,7,15,1,10,2,14,,101,,1,26,121.5303603,25.0453455
113,7,8,9,22,2,05中正區,中正區金山北路與市民大道2段口迴轉道,0,0,2,2,C03,8,7,5,50,3,1,1,5,4,5,13,4,4,10,5,5,2,12,1,26,2,9,5,1,7,9,1,10,2,12,,108,,1,26,121.5303603,25.0453455
113,7,8,10,12,2,02萬華區,萬華區中興橋機車道往台北市,0,0,2,1,C03,8,5,7,30,14,11,1,5,4,5,13,4,4,10,5,5,2,17,4,0,,,,,,,,,,,,119,,2,,121.4983594,25.0454702
113,7,8,10,12,2,02萬華區,萬華區中興橋機車道往台北市,0,0,2,2,C03,8,5,7,30,14,11,1,5,4,5,13,4,4,10,5,5,2,17,2,22,2,9,5,4,7,9,1,10,2,11,,44,,1,21,121.4983594,25.0454702
113,7,8,10,12,2,02萬華區,萬華區中興橋機車道往台北市,0,0,2,3,C03,8,5,7,30,14,11,1,5,4,5,13,4,4,10,5,5,2,17,1,44,2,7,5,4,7,9,1,10,2,11,,44,,1,21,121.4983594,25.0454702
113,7,8,10,16,2,02萬華區,萬華區堤外便道與堤外便道口華中露營區出入口,0,0,1,1,B03,8,7,6,50,3,1,1,5,4,5,13,4,4,9,5,5,2,16,2,20,3,10,7,1,7,5,1,8,1,4,,44,,1,21,121.4964474,25.0159779
113,7,8,10,16,2,02萬華區,萬華區堤外便道與堤外便道口華中露營區出入口,0,0,1,2,C03,8,7,6,50,3,1,1,5,4,5,13,4,4,9,5,5,2,16,1,63,2,9,5,1,7,9,1,10,1,12,,44,,1,21,121.4964474,25.0159779
113,7,8,10,20,2,03中山區,中山區吉林路432號,0,0,1,1,B03,8,7,5,50,14,9,1,5,4,5,13,4,4,9,4,5,2,12,1,53,3,10,7,1,7,11,1,8,1,4,,10,,1,21,121.5304019,25.0662246
113,7,8,10,20,2,03中山區,中山區吉林路432號,0,0,1,2,C03,8,7,5,50,14,9,1,5,4,5,13,4,4,9,4,5,2,12,2,30,2,7,5,1,7,9,1,10,1,11,,108,,1,21,121.5304019,25.0662246
113,7,8,10,52,2,07信義區,信義區永吉路134號,0,0,2,1,B03,8,7,5,50,14,9,1,5,4,5,13,1,1,1,4,5,2,17,1,,2,9,3,4,7,9,1,8,2,5,,107,,1,21,121.5706318,25.0455634
113,7,8,10,52,2,07信義區,信義區永吉路134號,0,0,2,2,B01,8,7,5,50,14,9,1,5,4,5,13,1,1,1,4,5,2,17,1,30,2,9,3,4,7,14,1,4,2,7,,38,,1,21,121.5706318,25.0455634
113,7,8,11,13,2,05中正區,中正區中華路2段與中華路2段39巷口,0,0,1,1,B01,8,6,5,30,3,1,1,5,4,5,13,4,4,5,4,5,2,16,1,51,3,10,7,1,7,6,1,4,1,4,,80,,1,21,121.5063623,25.03526471
113,7,8,11,13,2,05中正區,中正區中華路2段與中華路2段39巷口,0,0,1,2,C03,8,6,5,30,3,1,1,5,4,5,13,4,4,5,4,5,2,16,1,28,2,9,5,1,7,9,1,10,1,12,,14,,1,21,121.5063623,25.03526471
113,7,8,11,41,2,07信義區,信義區基隆路2段177號,0,0,1,1,C02,8,7,5,50,14,9,1,5,4,5,13,4,4,3,4,5,2,13,1,48,2,9,6,1,7,8,1,9,1,11,,16,,1,21,121.5538912,25.0254766
113,7,8,11,41,2,07信義區,信義區基隆路2段177號,0,0,1,2,B03,8,7,5,50,14,9,1,5,4,5,13,4,4,3,4,5,2,13,2,35,3,10,7,1,7,9,1,8,1,6,,44,,1,21,121.5538912,25.0254766
113,7,8,12,10,2,03中山區,中山區中原街與新生北路2段45巷口,0,0,1,1,F01,8,7,5,50,4,2,1,5,4,5,13,4,4,9,4,5,2,17,2,62,2,9,3,4,7,8,8,20,1,14,,100,,1,21,121.5288677,25.0561758
113,7,8,12,10,2,03中山區,中山區中原街與新生北路2段45巷口,0,0,1,2,B03,8,7,5,50,4,2,1,5,4,5,13,4,4,9,4,5,2,17,2,70,3,10,3,4,7,9,1,8,1,2,,108,,1,21,121.5288677,25.0561758
113,7,8,12,10,2,03中山區,中山區建國北路1段與朱崙街口,0,0,1,1,B03,8,7,5,50,3,1,1,5,4,5,13,4,4,1,4,5,2,17,1,57,3,10,7,1,7,7,1,4,1,6,,100,,1,21,121.5370188,25.0500442
113,7,8,12,10,2,03中山區,中山區建國北路1段與朱崙街口,0,0,1,2,C03,8,7,5,50,3,1,1,5,4,5,13,4,4,1,4,5,2,17,1,19,2,7,6,1,7,9,1,10,1,11,,44,,1,21,121.5370188,25.0500442
113,7,8,12,35,2,06松山區,松山區民權東路5段與撫遠街口,0,0,2,1,C03,7,6,5,50,4,1,1,5,4,5,13,1,1,1,4,5,2,15,2,19,2,9,5,1,7,9,3,18,1,11,,81,,1,21,121.5658784,25.0632969
113,7,8,12,35,2,06松山區,松山區民權東路5段與撫遠街口,0,0,2,2,C03,7,6,5,50,4,1,1,5,4,5,13,1,1,1,4,5,2,15,2,46,2,9,5,1,7,15,1,10,1,14,,44,,1,21,121.5658784,25.0632969
113,7,8,13,36,2,05中正區,中正區重慶南路2段與重慶南路2段7巷口,0,0,1,1,B01,8,6,5,50,3,1,1,5,4,5,13,4,4,3,4,5,2,17,1,62,3,10,7,1,7,6,1,4,2,17,,9,,2,21,121.5137024,25.0331827
113,7,8,13,36,2,05中正區,中正區重慶南路2段與重慶南路2段7巷口,0,0,1,2,C03,8,6,5,50,3,1,1,5,4,5,13,4,4,3,4,5,2,17,2,19,2,7,5,1,7,9,1,10,2,17,,44,,1,21,121.5137024,25.0331827
113,7,8,13,36,2,05中正區,中正區重慶南路2段與重慶南路2段7巷口,0,0,1,3,H02,8,6,5,50,3,1,1,5,4,5,13,4,4,3,4,5,2,17,2,20,4,11,5,5,7,20,8,20,10,16,,67,,1,21,121.5137024,25.0331827
113,7,8,13,53,2,03中山區,中山區中山北路4段出圓山涵洞,0,0,2,1,B03,8,7,5,50,14,9,1,5,4,5,13,1,1,9,4,5,2,13,1,44,3,10,7,1,7,9,3,18,1,1,,108,,1,21,121.5254354,25.0769632
113,7,8,13,53,2,03中山區,中山區中山北路4段出圓山涵洞,0,0,2,2,B03,8,7,5,50,14,9,1,5,4,5,13,1,1,9,4,5,2,13,2,56,2,1,7,1,7,14,1,8,1,3,,44,,1,21,121.5254354,25.0769632
113,7,8,13,53,2,03中山區,中山區中山北路4段出圓山涵洞,0,0,2,3,H02,8,7,5,50,14,9,1,5,4,5,13,1,1,9,4,5,2,13,2,17,2,5,7,5,7,21,8,20,10,16,,67,,1,21,121.5254354,25.0769632
113,7,8,14,21,2,01大同區,大同區民權西路與民權西路94巷口,0,0,1,1,F01,7,6,5,0,3,2,1,5,4,5,8,4,4,3,4,4,2,17,2,71,2,9,4,1,7,9,8,20,2,11,,88,,1,21,121.518809,25.062715
113,7,8,14,21,2,01大同區,大同區民權西路與民權西路94巷口,0,0,1,2,B12,7,6,5,0,3,2,1,5,4,5,8,4,4,3,4,4,2,17,1,59,3,10,7,1,7,9,1,8,2,5,,99,,1,21,121.518809,25.062715
113,7,8,14,32,2,05中正區,中正區南海路與重慶南路2段口,0,0,1,1,B03,8,6,5,50,4,1,1,5,4,5,13,1,1,10,4,5,2,17,2,53,3,10,7,1,7,9,1,8,2,2,,44,,1,21,121.5144276,25.0319105
113,7,8,14,32,2,05中正區,中正區南海路與重慶南路2段口,0,0,1,2,C03,8,6,5,50,4,1,1,5,4,5,13,1,1,10,4,5,2,17,2,54,2,9,5,1,7,5,1,10,2,14,,8,,1,21,121.5144276,25.0319105
113,7,8,14,42,2,03中山區,中山區建國高架道往北濱江匝道旁,0,0,2,1,B12,8,5,5,70,10,9,1,5,4,5,13,4,4,2,3,5,1,13,1,40,2,8,7,1,7,9,1,8,1,1,1,16,,1,22,121.5349104,25.06686957
113,7,8,14,42,2,03中山區,中山區建國高架道往北濱江匝道旁,0,0,2,2,B03,8,5,5,70,10,9,1,5,4,5,13,4,4,2,3,5,1,13,1,54,2,3,7,1,7,15,1,8,1,3,1,44,,1,22,121.5349104,25.06686957
113,7,8,14,42,2,03中山區,中山區建國高架道往北濱江匝道旁,0,0,2,3,B13,8,5,5,70,10,9,1,5,4,5,13,4,4,2,3,5,1,13,1,42,3,10,7,1,7,15,1,8,1,3,1,44,,1,22,121.5349104,25.06686957
113,7,8,14,42,2,03中山區,中山區建國高架道往北濱江匝道旁,0,0,2,4,B03,8,5,5,70,10,9,1,5,4,5,13,4,4,2,3,5,1,13,2,45,3,10,7,1,7,15,1,8,1,3,,44,,1,22,121.5349104,25.06686957
113,7,8,15,37,2,03中山區,中山區北安路與明水路口,0,0,1,1,C03,6,7,5,50,5,1,1,4,4,5,13,1,1,1,4,5,2,13,1,20,2,7,5,1,7,9,1,10,1,11,,108,,1,21,121.552455,25.0857552
113,7,8,15,37,2,03中山區,中山區北安路與明水路口,0,0,1,2,B03,6,7,5,50,5,1,1,4,4,5,13,1,1,1,4,5,2,13,1,32,3,10,7,1,7,6,1,8,1,6,,9,,1,21,121.552455,25.0857552
113,7,8,15,47,2,03中山區,中山區長春路與遼寧街口,0,0,1,1,B01,7,7,5,50,4,1,1,5,4,5,13,1,1,5,4,5,2,16,1,52,3,10,7,1,7,5,1,4,1,8,,8,,1,22,121.5421034,25.05461067
113,7,8,15,47,2,03中山區,中山區長春路與遼寧街口,0,0,1,2,C03,7,7,5,50,4,1,1,5,4,5,13,1,1,5,4,5,2,16,1,19,2,9,5,1,7,9,1,10,1,11,,13,,1,22,121.5421034,25.05461067
113,7,8,16,14,2,06松山區,松山區新東街51巷27號,0,0,1,1,B03,6,7,5,30,14,9,1,4,4,5,13,4,4,10,5,5,2,17,1,26,3,10,7,1,7,1,1,8,2,8,,19,,1,21,121.5638286,25.0615225
113,7,8,16,14,2,06松山區,松山區新東街51巷27號,0,0,1,2,C03,6,7,5,30,14,9,1,4,4,5,13,4,4,10,5,5,2,17,2,73,2,9,6,1,7,9,1,10,2,12,,27,,1,21,121.5638286,25.0615225
113,7,8,16,14,2,06松山區,松山區新東街51巷27號,0,0,1,3,C03,6,7,5,30,14,9,1,4,4,5,13,4,4,10,5,5,2,17,1,35,3,10,3,4,7,13,1,10,11,14,,44,,1,21,121.5638286,25.0615225
113,7,8,16,14,2,06松山區,松山區新東街51巷27號,0,0,1,4,C03,6,7,5,30,14,9,1,4,4,5,13,4,4,10,5,5,2,17,1,33,3,10,3,4,7,13,1,10,11,14,,44,,1,21,121.5638286,25.0615225
113,7,8,16,14,2,06松山區,松山區新東街51巷27號,0,0,1,5,C03,6,7,5,30,14,9,1,4,4,5,13,4,4,10,5,5,2,17,1,25,3,10,3,4,7,13,1,10,11,14,,44,,1,21,121.5638286,25.0615225
113,7,8,16,15,2,02萬華區,萬華區開封街2段與漢中街口,0,0,1,2,H01,6,7,5,50,3,2,1,4,4,5,13,4,4,9,5,5,2,9,1,77,2,9,4,5,8,16,8,20,10,16,,118,,1,21,121.5080274,25.0462606
113,7,8,16,15,2,02萬華區,萬華區開封街2段與漢中街口,0,0,1,1,B03,6,7,5,50,3,2,1,4,4,5,13,4,4,9,5,5,2,9,1,41,3,10,7,1,7,10,1,8,9,1,,118,,1,21,121.5080274,25.0462606
113,7,8,16,57,2,10文山區,文山區木柵路1段240號,0,0,1,1,C03,7,6,5,50,14,9,1,4,4,5,13,1,1,5,4,5,2,18,2,20,2,8,3,4,7,9,1,10,2,12,,44,,1,22,121.5538297,24.98804404
113,7,8,16,57,2,10文山區,文山區木柵路1段240號,0,0,1,2,,7,6,5,50,14,9,1,4,4,5,13,1,1,5,4,5,2,18,3,0,,,,,,,,,,,,67,,1,,121.5538297,24.98804404
113,7,8,17,5,2,03中山區,中山區建國北路2段147號,0,0,1,1,B03,6,7,5,50,14,9,1,4,4,5,13,4,4,1,4,5,2,12,1,50,3,10,7,1,7,8,1,8,1,2,,100,,1,21,121.537295,25.0617216
113,7,8,17,5,2,03中山區,中山區建國北路2段147號,0,0,1,2,C03,6,7,5,50,14,9,1,4,4,5,13,4,4,1,4,5,2,12,1,69,2,9,5,1,7,9,1,10,1,14,,44,,1,21,121.537295,25.0617216
113,7,8,17,38,2,09北投區,北投區大業路與大業路280巷口南往北,0,0,1,1,B03,8,5,5,60,3,2,1,5,4,5,13,1,1,9,4,5,1,17,1,72,3,10,7,1,7,6,1,8,1,5,,9,,1,21,121.498166,25.1272019
113,7,8,17,38,2,09北投區,北投區大業路與大業路280巷口南往北,0,0,1,2,C03,8,5,5,60,3,2,1,5,4,5,13,1,1,9,4,5,1,17,2,21,2,7,5,1,7,9,1,10,1,14,,108,,1,21,121.498166,25.1272019
113,7,8,17,38,2,09北投區,北投區大業路與大業路280巷口南往北,0,0,1,3,G03,8,5,5,60,3,2,1,5,4,5,13,1,1,9,4,5,1,17,1,61,4,11,4,1,7,13,7,19,9,17,,38,,1,21,121.498166,25.1272019
113,7,8,17,54,2,02萬華區,萬華區梧州街29號,0,0,2,1,C03,7,5,6,30,14,9,1,5,4,5,13,4,4,10,5,5,1,3,1,85,2,7,5,1,7,9,6,18,1,11,,70,,1,21,121.4976454,25.0376566
113,7,8,17,54,2,02萬華區,萬華區梧州街29號,0,0,2,2,H01,7,5,6,30,14,9,1,5,4,5,13,4,4,10,5,5,1,3,2,83,2,1,4,5,8,16,8,20,10,16,,121,,1,21,121.4976454,25.0376566
113,7,8,18,4,2,02萬華區,萬華區堤外便道機車道往南方向,0,0,1,1,C03,8,5,7,30,22,11,1,5,4,5,13,4,4,10,5,5,2,17,1,56,3,10,3,4,7,4,1,10,1,12,,1,,1,21,121.5051165,25.04844002
113,7,8,18,4,2,02萬華區,萬華區堤外便道機車道往南方向,0,0,1,2,C03,8,5,7,30,22,11,1,5,4,5,13,4,4,10,5,5,2,17,2,53,2,9,3,4,7,9,1,10,1,14,,44,,1,21,121.5051165,25.04844002
113,7,8,18,10,2,05中正區,中正區襄陽路與館前路口,0,0,1,1,C03,8,6,5,50,3,1,1,5,4,5,13,1,1,9,4,5,1,17,1,47,2,7,6,1,7,6,1,10,2,12,,9,,1,22,121.5151106,25.04341991
113,7,8,18,10,2,05中正區,中正區襄陽路與館前路口,0,0,1,2,B03,8,6,5,50,3,1,1,5,4,5,13,1,1,9,4,5,1,17,1,49,3,10,7,1,7,9,1,8,2,4,,44,,1,22,121.5151106,25.04341991
113,7,8,18,40,2,08士林區,士林區延平北路7段106巷331號,0,0,1,1,C03,6,6,5,40,14,9,1,4,4,2,13,4,4,10,5,5,1,17,1,27,2,9,5,1,7,9,1,9,9,12,,44,,1,21,121.4959103,25.105047
113,7,8,18,40,2,08士林區,士林區延平北路7段106巷331號,0,0,1,2,B11,6,6,5,40,14,9,1,4,4,2,13,4,4,10,5,5,1,17,1,68,3,10,7,1,7,9,1,8,9,17,,37,,1,21,121.4959103,25.105047
113,7,8,18,40,2,08士林區,士林區延平北路7段106巷331號,0,0,1,1,C03,8,5,8,0,22,22,1,4,4,5,13,4,4,10,5,5,1,17,2,27,2,9,5,1,7,9,1,10,1,14,,44,,1,21,121.4958864,25.10496506
113,7,8,18,40,2,08士林區,士林區延平北路7段106巷331號,0,0,1,2,B11,8,5,8,0,22,22,1,4,4,5,13,4,4,10,5,5,1,17,1,68,3,10,7,1,7,9,1,8,1,15,,30,,1,21,121.4958864,25.10496506
113,7,8,18,42,2,03中山區,中山區民族東路與濱江街180巷口,0,0,2,1,C03,7,5,5,50,4,2,1,5,4,5,13,2,1,3,4,4,2,16,1,20,2,9,3,4,7,5,1,10,2,12,,71,,1,21,121.538114,25.0682405
113,7,8,18,42,2,03中山區,中山區民族東路與濱江街180巷口,0,0,2,2,C03,7,5,5,50,4,2,1,5,4,5,13,2,1,3,4,4,2,16,1,42,2,8,3,4,7,9,1,10,2,11,,44,,1,21,121.538114,25.0682405