發生年度,發生月,發生日,發生時-Hours,發生分,處理別-編號,區序,肇事地點,死亡人數,2-30日死亡人數,受傷人數,當事人序號,車種,天候,道路照明設備,道路類別,速限-速度限制,道路型態,事故位置,路面狀況1,路面狀況2,路面狀況3,道路障礙1,道路障礙2,號誌1,號誌2,車道劃分-分向,車道劃分-分道1,車道劃分-分道2,車道劃分-分道3,事故類型及型態,性別,年齡,受傷程度,主要傷處,保護裝置,行動電話,車輛用途,當事者行動狀態,駕駛資格情形,駕駛執照種類,飲酒情形,車輛撞擊部位1,車輛撞擊部位2,肇因碼-個別,肇因碼-主要,個人肇逃否,職業,座標-X,座標-Y
113,7,8,18,42,2,03中山區,中山區民族東路與濱江街180巷口,0,0,2,3,C03,7,5,5,50,4,2,1,5,4,5,13,2,1,3,4,4,2,16,1,24,3,10,3,4,7,14,1,10,2,11,,44,,1,21,121.538114,25.0682405
113,7,8,18,46,2,02萬華區,萬華區長順街與長順街14巷口,0,0,2,1,C02,8,5,5,30,4,1,1,5,4,5,13,4,4,9,5,5,2,15,1,58,2,9,5,1,7,9,1,9,1,13,,72,,1,21,121.4902707,25.0315908
113,7,8,18,46,2,02萬華區,萬華區長順街與長順街14巷口,0,0,2,2,C03,8,5,5,30,4,1,1,5,4,5,13,4,4,9,5,5,2,15,1,46,2,9,5,1,7,9,1,10,1,11,,44,,1,21,121.4902707,25.0315908
113,7,8,19,11,2,12內湖區,內湖區文德路與文德路66巷口,0,0,1,1,B02,8,5,5,50,4,2,1,5,4,5,13,2,2,1,4,5,2,17,1,30,3,10,7,1,7,6,1,8,1,6,,9,,1,21,121.5811876,25.07842406
113,7,8,19,11,2,12內湖區,內湖區文德路與文德路66巷口,0,0,1,2,C03,8,5,5,50,4,2,1,5,4,5,13,2,2,1,4,5,2,17,1,18,2,9,6,1,7,9,1,10,1,11,,108,,1,21,121.5811876,25.07842406
113,7,8,19,46,2,07信義區,信義區嘉興街175巷與嘉興街口,0,0,1,1,B03,7,5,5,30,4,1,1,5,4,5,13,4,4,10,5,5,2,16,2,43,3,10,7,1,7,5,1,8,1,4,,8,,1,21,121.55713,25.0278053
113,7,8,19,46,2,07信義區,信義區嘉興街175巷與嘉興街口,0,0,1,2,F01,7,5,5,30,4,1,1,5,4,5,13,4,4,10,5,5,2,16,2,48,2,8,4,1,7,9,8,20,1,11,,4,,1,21,121.55713,25.0278053
113,7,8,20,20,2,03中山區,中山區建國北路2段116巷與建國北路2段口,0,0,1,1,B03,8,5,5,30,3,1,1,5,4,5,10,4,4,1,4,5,2,16,2,38,3,10,7,1,7,6,1,8,2,4,,72,,1,21,121.5366937,25.05879845
113,7,8,20,20,2,03中山區,中山區建國北路2段116巷與建國北路2段口,0,0,1,2,C02,8,5,5,30,3,1,1,5,4,5,10,4,4,1,4,5,2,16,1,42,2,4,6,1,7,9,1,9,2,12,,13,,1,21,121.5366937,25.05879845
113,7,8,20,20,2,03中山區,中山區建國北路2段116巷與建國北路2段口,0,0,1,3,B01,8,5,5,30,3,1,1,5,4,5,10,4,4,1,4,5,2,16,1,64,3,10,7,3,7,14,1,4,2,17,,38,,1,21,121.5366937,25.05879845
113,7,8,20,30,2,08士林區,士林區通河西街2段與社正路口,0,0,1,1,B03,8,5,5,50,3,2,1,5,4,5,13,2,1,5,5,5,2,17,1,67,3,10,7,1,7,6,1,8,1,4,,44,,1,21,121.5114212,25.0890428
113,7,8,20,30,2,08士林區,士林區通河西街2段與社正路口,0,0,1,2,F03,8,5,5,50,3,2,1,5,4,5,13,2,1,5,5,5,2,17,2,66,2,9,4,1,7,5,8,20,1,12,,99,,1,21,121.5114212,25.0890428
113,7,8,21,12,2,03中山區,中山區中山北路4段與新生高架道口圓山飯店下涵洞前,0,0,1,1,B03,8,5,5,50,4,1,1,5,4,5,13,2,1,1,4,5,2,15,2,49,3,10,3,4,7,9,1,8,1,2,,81,,1,21,121.5252102,25.0768515
113,7,8,21,12,2,03中山區,中山區中山北路4段與新生高架道口圓山飯店下涵洞前,0,0,1,2,C03,8,5,5,50,4,1,1,5,4,5,13,2,1,1,4,5,2,15,1,24,2,8,6,1,7,9,1,10,1,11,,44,,1,21,121.5252102,25.0768515
113,7,8,21,15,2,09北投區,北投區明德路與明德路18巷口,0,0,3,1,C03,8,5,5,50,14,9,1,5,4,5,13,4,4,9,4,5,2,17,1,18,2,7,5,1,7,9,1,10,1,11,,14,,1,21,121.5175398,25.10698327
113,7,8,21,15,2,09北投區,北投區明德路與明德路18巷口,0,0,3,2,F01,8,5,5,50,14,9,1,5,4,5,13,4,4,9,4,5,2,17,2,61,2,8,4,1,7,9,8,20,1,14,,44,,1,21,121.5175398,25.10698327
113,7,8,21,15,2,09北投區,北投區明德路與明德路18巷口,0,0,3,3,H02,8,5,5,50,14,9,1,5,4,5,13,4,4,9,4,5,2,17,2,17,2,7,5,5,7,17,8,20,10,16,,67,,1,21,121.5175398,25.10698327
113,7,8,21,44,2,06松山區,松山區市民大道5段37號,0,0,1,1,B03,8,5,5,40,14,9,1,5,4,5,13,4,4,9,4,5,2,17,1,37,3,10,3,4,7,1,1,8,1,8,,19,,1,22,121.560095,25.04613814
113,7,8,21,44,2,06松山區,松山區市民大道5段37號,0,0,1,2,C03,8,5,5,40,14,9,1,5,4,5,13,4,4,9,4,5,2,17,1,18,2,9,6,4,7,9,1,10,1,12,,44,,1,22,121.560095,25.04613814
113,7,8,21,44,2,06松山區,松山區市民大道5段37號,0,0,1,3,B03,8,5,5,40,14,9,1,5,4,5,13,4,4,9,4,5,2,17,4,0,3,10,3,4,7,15,1,8,11,17,,119,,2,22,121.560095,25.04613814
113,7,8,22,12,2,04大安區,大安區四維路170巷29號,0,0,1,1,B03,7,5,5,40,14,9,1,5,4,5,13,4,4,5,5,5,2,16,1,65,3,10,3,4,7,1,1,8,1,8,,19,,1,22,121.5467013,25.0282781
113,7,8,22,12,2,04大安區,大安區四維路170巷29號,0,0,1,2,C03,7,5,5,40,14,9,1,5,4,5,13,4,4,5,5,5,2,16,1,60,2,9,6,4,7,9,1,10,1,12,,13,,1,22,121.5467013,25.0282781
113,7,8,23,10,2,07信義區,信義區嘉興街與嘉興街216巷口,0,0,1,1,B03,8,5,5,30,3,2,1,5,4,5,13,4,4,4,5,5,2,16,2,58,3,10,3,4,7,5,1,8,1,8,,74,,1,21,121.5566693,25.0268713
113,7,8,23,10,2,07信義區,信義區嘉興街與嘉興街216巷口,0,0,1,2,F01,8,5,5,30,3,2,1,5,4,5,13,4,4,4,5,5,2,16,2,65,2,9,4,1,7,9,8,20,1,14,,27,,1,21,121.5566693,25.0268713
113,7,9,2,39,2,08士林區,士林區格致路16號,0,0,1,1,C03,8,5,5,40,14,9,1,5,4,5,13,4,4,8,1,5,1,17,1,15,2,7,6,1,7,9,2,18,2,11,,108,,1,21,121.5463229,25.1365088
113,7,9,2,39,2,08士林區,士林區格致路16號,0,0,1,2,B03,8,5,5,40,14,9,1,5,4,5,13,4,4,8,1,5,1,17,1,35,3,10,7,1,7,13,1,8,9,3,,38,,1,21,121.5463229,25.1365088
113,7,9,3,59,2,09北投區,北投區湖山路1段與勝利街口,0,0,2,1,C03,7,5,5,40,3,1,1,5,4,5,13,3,1,10,5,5,2,17,1,19,2,7,5,1,7,5,1,10,2,11,,71,,1,21,121.5471067,25.15232532
113,7,9,3,59,2,09北投區,北投區湖山路1段與勝利街口,0,0,2,2,B03,7,5,5,40,3,1,1,5,4,5,13,3,1,10,5,5,2,17,1,34,3,10,7,1,7,9,1,8,2,5,,44,,1,21,121.5471067,25.15232532
113,7,9,3,59,2,09北投區,北投區湖山路1段與勝利街口,0,0,2,3,H02,7,5,5,40,3,1,1,5,4,5,13,3,1,10,5,5,2,17,2,26,2,2,7,5,7,20,8,20,10,17,,67,,1,21,121.5471067,25.15232532
113,7,9,6,17,2,11南港區,南港區東新街與東新街80巷口,0,0,1,1,F01,8,7,5,50,4,2,1,5,4,5,13,1,1,5,4,5,2,15,2,75,2,9,4,1,7,9,8,20,1,12,,81,,1,21,121.5870309,25.0463701
113,7,9,6,17,2,11南港區,南港區東新街與東新街80巷口,0,0,1,2,C03,8,7,5,50,4,2,1,5,4,5,13,1,1,5,4,5,2,15,1,71,3,10,5,1,7,9,1,10,1,11,,44,,1,21,121.5870309,25.0463701
113,7,9,6,34,2,04大安區,大安區信義路4段與光復南路口,0,0,1,1,F01,8,6,8,50,5,1,1,5,4,5,13,1,1,8,3,5,2,15,2,79,2,9,3,4,7,9,8,20,1,14,,81,,1,21,121.5573262,25.0332017
113,7,9,6,34,2,04大安區,大安區信義路4段與光復南路口,0,0,1,2,B03,8,6,8,50,5,1,1,5,4,5,13,1,1,8,3,5,2,15,1,55,3,10,3,4,7,9,1,8,1,5,,44,,1,21,121.5573262,25.0332017
113,7,9,6,52,2,02萬華區,萬華區西園路2段320巷55弄34號,0,0,1,1,B03,8,5,5,30,14,9,1,5,4,5,13,4,4,10,5,5,2,17,1,54,3,10,7,4,7,9,1,8,1,8,,17,,1,21,121.4918089,25.02815715
113,7,9,6,52,2,02萬華區,萬華區西園路2段320巷55弄34號,0,0,1,2,C04,8,5,5,30,14,9,1,5,4,5,13,4,4,10,5,5,2,17,2,51,2,8,5,4,7,14,1,11,1,14,,44,,1,21,121.4918089,25.02815715
113,7,9,6,55,2,05中正區,中正區貴陽街1段與懷寧街口,0,0,1,1,C03,8,6,5,50,3,1,1,5,4,5,13,4,4,5,5,5,2,12,2,33,2,9,6,4,7,9,1,10,2,14,,107,,1,22,121.5125476,25.03946669
113,7,9,6,55,2,05中正區,中正區貴陽街1段與懷寧街口,0,0,1,2,B01,8,6,5,50,3,1,1,5,4,5,13,4,4,5,5,5,2,12,1,58,3,10,7,4,7,14,1,4,2,7,,44,,1,21,121.5125476,25.03946669
113,7,9,7,20,2,10文山區,文山區木柵路5段與木柵路5段43巷口口,0,0,2,1,C03,8,6,5,50,3,1,1,5,4,5,13,4,4,10,5,5,2,16,1,44,2,7,5,1,7,5,1,10,1,11,,74,,1,21,121.5848315,25.0031194
113,7,9,7,20,2,10文山區,文山區木柵路5段與木柵路5段43巷口口,0,0,2,2,C03,8,6,5,50,3,1,1,5,4,5,13,4,4,10,5,5,2,16,1,68,2,9,5,1,7,9,1,10,1,11,,13,,1,21,121.5848315,25.0031194
113,7,9,7,43,2,07信義區,信義區莊敬路與吳興街269巷1弄口,0,0,1,1,B03,8,7,5,50,14,7,1,5,4,5,13,4,4,5,4,4,2,16,2,74,3,10,7,1,7,11,1,8,1,2,,10,,1,21,121.5640322,25.0279469
113,7,9,7,43,2,07信義區,信義區莊敬路與吳興街269巷1弄口,0,0,1,2,C03,8,7,5,50,14,7,1,5,4,5,13,4,4,5,4,4,2,16,1,43,2,8,5,1,7,9,1,10,1,11,,44,,1,21,121.5640322,25.0279469
113,7,9,7,57,2,01大同區,大同區延平北路4段169號,0,0,1,1,B12,8,6,5,50,14,9,1,5,4,5,13,4,4,5,4,5,2,14,1,56,3,10,3,4,7,2,1,8,1,3,,12,,1,21,121.5115648,25.0737461
113,7,9,7,57,2,01大同區,大同區延平北路4段169號,0,0,1,2,C03,8,6,5,50,14,9,1,5,4,5,13,4,4,5,4,5,2,14,2,71,2,8,5,4,7,9,1,10,1,11,,44,,1,21,121.5115648,25.0737461
113,7,9,8,0,2,03中山區,中山區中山北路3段與民族西路口,0,0,1,1,C03,8,7,5,50,4,1,1,5,4,5,13,2,1,5,4,5,2,13,2,38,2,9,6,4,7,9,1,10,2,11,,16,,1,21,121.522542,25.06844076
113,7,9,8,0,2,03中山區,中山區中山北路3段與民族西路口,0,0,1,2,B03,8,7,5,50,4,1,1,5,4,5,13,2,1,5,4,5,2,13,1,48,3,10,3,4,7,12,1,8,2,3,,44,,1,21,121.522542,25.06844076
113,7,9,8,12,2,10文山區,文山區辛亥路4段與辛亥路4段101巷口,0,0,1,1,C03,8,6,5,50,3,1,1,5,4,5,13,1,1,5,4,5,2,12,1,23,3,10,6,1,7,9,1,10,11,12,,108,,1,21,121.5585558,25.0065997
113,7,9,8,12,2,10文山區,文山區辛亥路4段與辛亥路4段101巷口,0,0,1,2,C03,8,6,5,50,3,1,1,5,4,5,13,1,1,5,4,5,2,12,2,21,2,6,6,1,7,9,1,10,11,14,,44,,1,21,121.5585558,25.0065997
113,7,9,8,14,2,07信義區,信義區忠孝東路4段547號,0,0,1,1,C03,8,7,5,50,14,9,1,5,4,5,13,1,1,9,4,5,2,13,1,57,3,10,5,1,7,9,1,10,1,11,,44,,1,21,121.5617791,25.0413199
113,7,9,8,14,2,07信義區,信義區忠孝東路4段547號,0,0,1,2,C03,8,7,5,50,14,9,1,5,4,5,13,1,1,9,4,5,2,13,1,25,2,6,5,1,7,14,1,10,1,13,,44,,1,21,121.5617791,25.0413199
113,7,9,8,18,2,01大同區,大同區寧夏路與保安街口,0,0,2,1,C03,8,5,5,50,4,1,1,5,4,5,13,1,1,5,4,5,2,16,1,43,2,9,5,1,7,5,1,10,1,11,,71,,1,21,121.5148136,25.0593833
113,7,9,8,18,2,01大同區,大同區寧夏路與保安街口,0,0,2,2,C03,8,5,5,50,4,1,1,5,4,5,13,1,1,5,4,5,2,16,1,39,2,9,5,1,7,8,1,10,1,11,,100,,1,21,121.5148136,25.0593833
113,7,9,8,25,2,10文山區,文山區新光路2段100號,0,0,1,1,C03,7,6,5,50,14,9,1,5,4,5,13,4,4,5,5,5,1,13,1,30,2,7,3,4,7,9,1,10,1,11,,44,,1,22,121.5962851,25.0010923
113,7,9,8,25,2,10文山區,文山區新光路2段100號,0,0,1,2,B03,7,6,5,50,14,9,1,5,4,5,13,4,4,5,5,5,1,13,1,25,3,10,3,4,7,14,1,8,1,6,,44,,1,22,121.5962851,25.0010923
113,7,9,8,35,2,12內湖區,內湖區舊宗路2段與民權東路6段口,0,0,1,1,B03,7,6,5,50,4,1,1,5,4,5,13,1,1,1,4,5,2,17,1,51,4,11,3,4,7,6,1,8,11,17,,9,,2,22,121.5748068,25.0659492
113,7,9,8,35,2,12內湖區,內湖區舊宗路2段與民權東路6段口,0,0,1,2,F02,7,6,5,50,4,1,1,5,4,5,13,1,1,1,4,5,2,17,2,40,2,8,4,1,7,9,8,20,2,12,,42,,1,21,121.5748068,25.0659492
113,7,9,8,44,2,02萬華區,萬華區艋舺大道與和平西路3段口,0,0,1,1,C03,8,5,5,50,4,1,1,5,4,5,13,1,1,1,4,5,2,17,1,33,4,11,3,4,7,21,7,19,11,15,,108,,2,21,121.5050409,25.03389557
113,7,9,8,44,2,02萬華區,萬華區艋舺大道與和平西路3段口,0,0,1,2,F01,8,5,5,50,4,1,1,5,4,5,13,1,1,1,4,5,2,17,2,54,2,9,4,4,7,9,8,20,1,13,,44,,1,21,121.5050409,25.03389557
113,7,9,8,55,2,12內湖區,內湖區民權東路6段與民權東路6段46巷口,0,0,2,1,C03,8,5,5,50,4,1,1,5,4,5,13,1,1,5,4,5,2,16,1,23,2,9,6,1,7,5,1,10,2,11,,71,,1,21,121.5815972,25.06791769
113,7,9,8,55,2,12內湖區,內湖區民權東路6段與民權東路6段46巷口,0,0,2,2,C03,8,5,5,50,4,1,1,5,4,5,13,1,1,5,4,5,2,16,2,41,2,9,6,1,7,9,1,10,2,11,,44,,1,21,121.5815972,25.06791769
113,7,9,9,4,2,09北投區,北投區大度路3段與立德路口,0,0,2,1,C03,8,5,5,50,3,1,1,5,4,5,13,2,1,3,4,4,2,12,1,40,2,9,5,1,7,8,1,10,2,12,,116,,1,21,121.4712727,25.1227073
113,7,9,9,4,2,09北投區,北投區大度路3段與立德路口,0,0,2,2,C03,8,5,5,50,3,1,1,5,4,5,13,2,1,3,4,4,2,12,1,20,2,9,5,1,7,9,1,15,2,14,,99,,1,21,121.4712727,25.1227073
113,7,9,9,8,2,04大安區,大安區仁愛路4段48巷與四維路6巷口,0,0,1,1,C03,8,6,5,30,4,1,1,5,4,5,13,4,4,8,4,5,2,15,1,58,2,9,3,4,7,9,1,10,1,12,,75,,1,21,121.5470814,25.0371936
113,7,9,9,8,2,04大安區,大安區仁愛路4段48巷與四維路6巷口,0,0,1,2,B01,8,6,5,30,4,1,1,5,4,5,13,4,4,8,4,5,2,15,1,54,3,10,3,4,7,9,1,8,1,8,,14,,1,21,121.5470814,25.0371936
113,7,9,9,8,2,08士林區,士林區故宮路與力行街口,0,0,1,1,B03,8,6,5,50,11,9,1,5,4,5,13,3,1,1,4,5,1,12,1,61,3,10,7,1,7,15,1,8,2,5,,100,,1,21,121.5484489,25.0959676
113,7,9,9,8,2,08士林區,士林區故宮路與力行街口,0,0,1,2,C03,8,6,5,50,11,9,1,5,4,5,13,3,1,1,4,5,1,12,2,24,2,9,5,1,7,9,1,10,2,14,,17,,1,21,121.5484489,25.0959676
113,7,9,9,20,2,03中山區,中山區民權東路3段與民權東路3段60巷口,0,0,2,1,C03,8,5,5,50,4,1,1,5,4,5,13,1,1,1,4,5,2,16,2,40,3,10,6,1,7,6,1,10,1,12,,9,,1,21,121.5424182,25.06225909
113,7,9,9,20,2,03中山區,中山區民權東路3段與民權東路3段60巷口,0,0,2,2,C03,8,5,5,50,4,1,1,5,4,5,13,1,1,1,4,5,2,16,2,61,2,9,6,1,7,9,1,10,1,11,,44,,1,21,121.5424182,25.06225909
113,7,9,9,20,2,03中山區,中山區民權東路3段與民權東路3段60巷口,0,0,2,3,H02,8,5,5,50,4,1,1,5,4,5,13,1,1,1,4,5,2,16,2,27,2,9,6,5,7,21,8,20,10,17,,67,,1,21,121.5424182,25.06225909
113,7,9,9,45,2,02萬華區,萬華區艋舺大道與和平西路3段口,0,0,1,1,C03,8,7,5,50,4,2,1,5,4,5,13,1,1,9,4,5,2,12,2,21,3,10,5,1,7,7,1,10,1,12,,100,,1,21,121.5044529,25.033694
113,7,9,9,45,2,02萬華區,萬華區艋舺大道與和平西路3段口,0,0,1,2,C03,8,7,5,50,4,2,1,5,4,5,13,1,1,9,4,5,2,12,2,23,2,8,5,1,7,9,1,10,1,14,,44,,1,21,121.5044529,25.033694
113,7,9,9,50,2,03中山區,中山區北安路與明水路口,0,0,1,1,B03,8,7,5,50,14,9,1,5,4,5,13,1,1,1,4,5,2,13,2,57,3,10,7,1,7,9,1,8,1,5,,108,,1,21,121.5522586,25.0858483
113,7,9,9,50,2,03中山區,中山區北安路與明水路口,0,0,1,2,C03,8,7,5,50,14,9,1,5,4,5,13,1,1,1,4,5,2,13,1,36,2,9,5,1,7,14,1,10,1,13,,44,,1,21,121.5522586,25.0858483
113,7,9,10,10,2,10文山區,文山區萬盛街與羅斯福路5段97巷口,0,0,1,1,A12,8,6,6,30,4,2,1,5,4,5,13,1,1,5,5,5,2,17,1,62,3,10,7,1,7,14,1,7,2,2,,38,,1,21,121.5409519,25.005255
113,7,9,10,10,2,10文山區,文山區萬盛街與羅斯福路5段97巷口,0,0,1,2,C03,8,6,6,30,4,2,1,5,4,5,13,1,1,5,5,5,2,17,1,41,2,7,6,1,7,9,1,10,2,14,,44,,1,21,121.5409519,25.005255
113,7,9,10,10,2,10文山區,文山區萬盛街與羅斯福路5段97巷口,0,0,1,3,H02,8,6,6,30,4,2,1,5,4,5,13,1,1,5,5,5,2,17,1,37,3,10,7,5,7,19,8,20,10,16,,126,,1,21,121.5409519,25.005255
113,7,9,10,37,2,01大同區,大同區延平北路2段30號,0,0,1,1,C03,8,7,5,0,14,25,4,5,4,5,13,4,4,10,5,5,2,9,2,37,4,11,3,4,7,21,7,19,11,15,,42,,2,22,121.5119429,25.0540791
113,7,9,10,37,2,01大同區,大同區延平北路2段30號,0,0,1,2,H01,8,7,5,0,14,25,4,5,4,5,13,4,4,10,5,5,2,9,1,35,2,9,4,5,8,16,8,20,10,16,,67,,1,21,121.5119429,25.0540791
113,7,9,10,46,2,05中正區,中正區市民大道3段2號,0,0,1,1,C03,8,6,5,40,14,9,1,5,4,5,13,4,4,8,4,4,1,13,1,24,3,10,6,1,7,9,1,10,2,11,,16,,1,22,121.5310704,25.0458033
113,7,9,10,46,2,05中正區,中正區市民大道3段2號,0,0,1,2,C03,8,6,5,40,14,9,1,5,4,5,13,4,4,8,4,4,1,13,2,26,2,7,6,1,7,14,1,10,2,13,,44,,1,22,121.5310704,25.0458033
113,7,9,11,0,2,10文山區,文山區興隆路2段153巷6弄與興隆路2段203巷口,0,0,1,1,B02,8,6,5,30,4,1,1,5,4,5,13,3,1,10,5,5,2,17,1,38,3,10,7,1,7,5,1,8,1,1,,108,,1,21,121.5487175,25.0018943
113,7,9,11,0,2,10文山區,文山區興隆路2段153巷6弄與興隆路2段203巷口,0,0,1,2,C04,8,6,5,30,4,1,1,5,4,5,13,3,1,10,5,5,2,17,2,54,2,8,6,1,7,14,1,8,1,11,,44,,1,21,121.5487175,25.0018943
113,7,9,11,13,2,04大安區,大安區基隆路3段與基隆路3段156巷口口,0,0,1,1,B03,8,6,5,50,5,1,1,5,4,5,13,2,1,1,4,4,2,13,1,61,3,10,7,1,7,5,1,8,1,8,,108,,1,21,121.5425261,25.0157966
113,7,9,11,13,2,04大安區,大安區基隆路3段與基隆路3段156巷口口,0,0,1,2,C03,8,6,5,50,5,1,1,5,4,5,13,2,1,1,4,4,2,13,2,39,2,6,5,1,7,14,1,10,1,13,,44,,1,21,121.5425261,25.0157966
113,7,9,11,21,2,04大安區,大安區忠孝東路4段77巷與敦化南路1段190巷口,0,0,1,1,B13,8,6,5,30,4,1,1,5,4,5,13,4,4,10,5,5,2,15,1,27,3,10,7,4,7,9,1,8,1,4,,72,,1,21,121.5472109,25.0426477
113,7,9,11,21,2,04大安區,大安區忠孝東路4段77巷與敦化南路1段190巷口,0,0,1,2,C03,8,6,5,30,4,1,1,5,4,5,13,4,4,10,5,5,2,15,1,26,2,7,6,4,7,9,1,10,1,11,,14,,1,21,121.5472109,25.0426477
113,7,9,11,25,2,12內湖區,內湖區舊宗路2段與民權東路6段口,0,0,1,1,B03,7,6,5,50,5,1,1,5,4,5,13,1,1,1,4,5,2,16,2,47,3,10,7,1,7,5,1,8,1,5,,71,,1,21,121.5753246,25.0656665
113,7,9,11,25,2,12內湖區,內湖區舊宗路2段與民權東路6段口,0,0,1,2,C03,7,6,5,50,5,1,1,5,4,5,13,1,1,1,4,5,2,16,2,47,2,8,5,1,7,9,1,10,1,11,,44,,1,21,121.5753246,25.0656665
113,7,9,11,54,2,12內湖區,內湖區內湖路1段332號,0,0,1,1,C03,8,5,5,50,14,9,1,5,4,5,13,4,4,1,5,5,2,17,2,39,2,9,5,1,7,9,1,10,1,11,,44,,1,21,121.5705379,25.08157592
113,7,9,11,54,2,12內湖區,內湖區內湖路1段332號,0,0,1,2,B03,8,5,5,50,14,9,1,5,4,5,13,4,4,1,5,5,2,17,1,63,3,10,7,1,7,9,1,8,1,7,,44,,1,21,121.5705379,25.08157592
113,7,9,11,54,2,12內湖區,內湖區內湖路1段332號,0,0,1,3,B03,8,5,5,50,14,9,1,5,4,5,13,4,4,1,5,5,2,17,1,60,3,10,7,1,7,15,1,8,11,17,,19,,1,21,121.5705379,25.08157592
113,7,9,12,5,2,08士林區,士林區前港街11號旁,0,0,1,1,B03,8,7,5,50,14,9,1,5,4,5,13,4,4,10,5,5,2,17,2,30,3,10,7,1,7,6,1,8,1,17,,9,,1,21,121.5229016,25.08479392
113,7,9,12,5,2,08士林區,士林區前港街11號旁,0,0,1,2,C03,8,7,5,50,14,9,1,5,4,5,13,4,4,10,5,5,2,17,1,42,2,9,6,1,7,9,1,10,1,12,,44,,1,21,121.5229016,25.08479392
113,7,9,12,15,2,04大安區,大安區和平東路2段88號,0,0,1,1,C03,8,6,5,50,14,9,1,5,4,5,13,4,4,9,4,5,1,16,1,34,2,7,3,4,7,8,6,10,1,14,,100,,1,21,121.5396315,25.0253625
113,7,9,12,15,2,04大安區,大安區和平東路2段88號,0,0,1,2,B03,8,6,5,50,14,9,1,5,4,5,13,4,4,9,4,5,1,16,1,56,3,10,3,4,7,9,1,8,1,2,,44,,1,21,121.5396315,25.0253625
113,7,9,12,26,2,02萬華區,萬華區桂林路與桂林路242巷口,0,0,1,1,B03,8,6,5,50,5,2,1,5,4,5,13,1,1,1,4,5,1,17,2,39,3,10,3,4,7,5,1,8,1,2,,71,,1,21,121.4960047,25.0387496
113,7,9,12,26,2,02萬華區,萬華區桂林路與桂林路242巷口,0,0,1,2,C03,8,6,5,50,5,2,1,5,4,5,13,1,1,1,4,5,1,17,2,23,2,9,3,4,7,9,6,10,1,11,,44,,1,21,121.4960047,25.0387496
113,7,9,13,0,2,01大同區,大同區延平北路3段與景化街口,0,0,1,2,C03,8,6,5,50,3,1,1,5,4,5,13,4,4,8,3,5,2,12,2,29,2,9,6,1,7,9,1,10,1,11,,108,,1,21,121.5112617,25.0650145
113,7,9,13,0,2,01大同區,大同區延平北路3段與景化街口,0,0,1,1,C03,8,6,5,50,3,1,1,5,4,5,13,4,4,8,3,5,2,12,2,27,4,11,6,4,7,7,1,10,11,13,,100,,2,22,121.5112617,25.0650145
113,7,9,13,5,2,08士林區,士林區承德橋南往北,0,0,1,1,C03,8,7,5,50,14,7,1,5,4,5,13,4,4,9,5,5,2,17,1,70,2,7,6,1,7,15,1,10,1,11,,113,,1,21,121.5213973,25.07861623
113,7,9,13,5,2,08士林區,士林區承德橋南往北,0,0,1,2,B02,8,7,5,50,14,7,1,5,4,5,13,4,4,9,5,5,2,17,1,27,3,10,7,1,7,14,1,8,1,6,,44,,1,21,121.5213973,25.07861623
113,7,9,13,12,2,06松山區,松山區市民大道4段與市民大道4段37巷口,0,0,1,1,B03,8,5,5,40,4,1,1,5,4,5,13,4,4,9,4,5,2,17,2,29,3,10,7,1,7,6,1,8,1,5,,9,,1,21,121.5451089,25.04511327
113,7,9,13,12,2,06松山區,松山區市民大道4段與市民大道4段37巷口,0,0,1,2,C03,8,5,5,40,4,1,1,5,4,5,13,4,4,9,4,5,2,17,1,31,2,8,6,1,7,9,1,9,1,11,,13,,1,21,121.5451089,25.04511327
113,7,9,13,47,2,10文山區,文山區興隆路3段與興隆路3段229巷口,0,0,2,1,B01,8,6,5,50,3,1,1,5,4,5,13,1,1,1,4,5,2,13,1,50,3,10,7,1,7,9,1,3,2,1,,108,,1,21,121.5591248,24.9934747
113,7,9,13,47,2,10文山區,文山區興隆路3段與興隆路3段229巷口,0,0,2,2,C03,8,6,5,50,3,1,1,5,4,5,13,1,1,1,4,5,2,13,2,35,2,8,6,1,7,5,1,10,2,13,,44,,1,21,121.5591248,24.9934747
113,7,9,13,47,2,10文山區,文山區興隆路3段與興隆路3段229巷口,0,0,2,3,H02,8,6,5,50,3,1,1,5,4,5,13,1,1,1,4,5,2,13,2,9,2,8,6,5,7,20,8,20,10,16,,67,,1,14,121.5591248,24.9934747
113,7,9,13,49,2,04大安區,大安區金山南路2段與潮州街口口,0,0,3,1,C03,8,6,5,50,4,1,1,5,4,5,13,2,1,1,4,5,2,15,1,22,2,9,6,1,7,9,1,10,1,11,,81,,1,21,121.5262941,25.0289102
113,7,9,13,49,2,04大安區,大安區金山南路2段與潮州街口口,0,0,3,2,C03,8,6,5,50,4,1,1,5,4,5,13,2,1,1,4,5,2,15,1,44,2,9,6,1,7,9,1,10,1,12,,44,,1,21,121.5262941,25.0289102
113,7,9,13,49,2,04大安區,大安區金山南路2段與潮州街口口,0,0,3,3,H02,8,6,5,50,4,1,1,5,4,5,13,2,1,1,4,5,2,15,2,23,2,9,6,5,7,20,8,20,10,16,,67,,1,21,121.5262941,25.0289102
113,7,9,13,51,2,03中山區,中山區新生北路2段與南京東路1段口,0,0,1,1,B02,8,5,5,50,4,1,1,5,4,5,13,1,1,1,4,4,2,12,1,34,3,10,3,4,7,9,1,8,1,1,,107,,1,22,121.5274285,25.05216774
113,7,9,13,51,2,03中山區,中山區新生北路2段與南京東路1段口,0,0,1,2,B03,8,5,5,50,4,1,1,5,4,5,13,1,1,1,4,4,2,12,1,53,3,10,3,4,7,9,1,8,1,3,,44,,1,22,121.5274285,25.05216774