發生年度,發生月,發生日,發生時-Hours,發生分,處理別-編號,區序,肇事地點,死亡人數,2-30日死亡人數,受傷人數,當事人序號,車種,天候,道路照明設備,道路類別,速限-速度限制,道路型態,事故位置,路面狀況1,路面狀況2,路面狀況3,道路障礙1,道路障礙2,號誌1,號誌2,車道劃分-分向,車道劃分-分道1,車道劃分-分道2,車道劃分-分道3,事故類型及型態,性別,年齡,受傷程度,主要傷處,保護裝置,行動電話,車輛用途,當事者行動狀態,駕駛資格情形,駕駛執照種類,飲酒情形,車輛撞擊部位1,車輛撞擊部位2,肇因碼-個別,肇因碼-主要,個人肇逃否,職業,座標-X,座標-Y
113,7,9,13,51,2,03中山區,中山區新生北路2段與南京東路1段口,0,0,1,3,H02,8,5,5,50,4,1,1,5,4,5,13,1,1,1,4,4,2,12,2,38,2,8,3,5,7,17,8,20,10,16,,67,,1,22,121.5274285,25.05216774
113,7,9,14,32,2,03中山區,中山區北安路與北安路821巷口,0,0,1,1,B03,8,6,5,50,4,1,1,5,4,5,13,2,1,1,4,5,2,12,1,92,3,10,7,4,7,9,1,8,2,2,,44,,1,21,121.55636,25.084726
113,7,9,14,32,2,03中山區,中山區北安路與北安路821巷口,0,0,1,2,C03,8,6,5,50,4,1,1,5,4,5,13,2,1,1,4,5,2,12,2,54,2,9,6,1,7,9,1,10,2,14,,101,,1,21,121.55636,25.084726
113,7,9,14,45,2,03中山區,中山區林森北路與林森北路67巷口,0,0,1,1,B13,7,7,5,50,4,1,1,5,4,5,13,4,4,5,4,5,2,17,1,49,3,10,3,4,7,11,1,8,2,17,,10,,1,21,121.5244874,25.04867122
113,7,9,14,45,2,03中山區,中山區林森北路與林森北路67巷口,0,0,1,2,C03,7,7,5,50,4,1,1,5,4,5,13,4,4,5,4,5,2,17,1,24,2,9,6,4,7,9,1,10,2,17,,13,,1,21,121.5244874,25.04867122
113,7,9,15,21,2,07信義區,信義區松勇路,0,0,1,1,B03,8,7,5,30,14,9,1,5,4,5,13,4,4,9,4,5,2,17,1,51,3,10,7,1,7,5,1,8,1,4,,8,,1,21,121.5697757,25.0372474
113,7,9,15,21,2,07信義區,信義區松勇路,0,0,1,2,C04,8,7,5,30,14,9,1,5,4,5,13,4,4,9,4,5,2,17,1,25,2,9,5,1,7,9,1,10,1,12,,44,,1,21,121.5697757,25.0372474
113,7,9,15,45,2,12內湖區,內湖區內湖路1段120巷與內湖路1段口,0,0,1,1,B03,8,6,5,50,4,1,1,5,4,5,13,1,1,1,4,4,2,16,1,35,3,10,7,1,7,6,1,8,2,5,,9,,1,21,121.5629064,25.08254013
113,7,9,15,45,2,12內湖區,內湖區內湖路1段120巷與內湖路1段口,0,0,1,2,C03,8,6,5,50,4,1,1,5,4,5,13,1,1,1,4,4,2,16,1,45,2,9,6,1,7,9,1,10,2,14,,13,,1,21,121.5629064,25.08254013
113,7,9,15,49,2,08士林區,士林區中山北路5段380號對面,0,0,1,1,C03,6,7,5,40,14,9,1,4,4,5,13,4,4,1,5,5,1,17,1,24,2,5,5,1,7,5,1,10,1,11,,101,,1,21,121.527418,25.09081163
113,7,9,15,49,2,08士林區,士林區中山北路5段380號對面,0,0,1,2,C03,6,7,5,40,14,9,1,4,4,5,13,4,4,1,5,5,1,17,1,54,3,10,5,1,7,9,1,10,1,12,,13,,1,21,121.527418,25.09081163
113,7,9,15,53,2,04大安區,大安區和平東路3段與樂利路口,0,0,1,1,B12,6,6,5,40,5,1,1,4,4,5,13,3,1,8,3,5,2,3,1,42,3,10,3,4,7,9,1,8,1,15,,70,,1,21,121.5523258,25.0247743
113,7,9,15,53,2,04大安區,大安區和平東路3段與樂利路口,0,0,1,2,H01,6,6,5,40,5,1,1,4,4,5,13,3,1,8,3,5,2,3,2,90,2,9,4,5,8,16,8,20,10,16,,67,,1,21,121.5523258,25.0247743
113,7,9,15,55,2,03中山區,中山區吉林路與民生東路2段口,0,0,1,1,B03,6,7,5,50,4,2,1,4,4,5,13,2,1,9,4,4,2,17,1,41,3,10,7,1,7,11,1,8,1,7,,10,,1,21,121.5302302,25.0581839
113,7,9,15,55,2,03中山區,中山區吉林路與民生東路2段口,0,0,1,2,C03,6,7,5,50,4,2,1,4,4,5,13,2,1,9,4,4,2,17,2,28,2,9,6,1,7,9,1,10,1,11,,44,,1,21,121.5302302,25.0581839
113,7,9,16,6,2,05中正區,中正區仁愛路2段與臨沂街口,0,0,1,1,B01,6,7,5,50,4,1,1,4,4,5,13,1,1,10,5,5,2,17,1,62,3,10,7,1,7,7,1,4,11,17,,101,,1,26,121.5293466,25.0383249
113,7,9,16,6,2,05中正區,中正區仁愛路2段與臨沂街口,0,0,1,2,C03,6,7,5,50,4,1,1,4,4,5,13,1,1,10,5,5,2,17,2,44,2,7,5,1,7,9,1,10,2,17,,44,,1,26,121.5293466,25.0383249
113,7,9,16,40,2,03中山區,中山區錦州街與錦州街241巷口,0,0,1,1,B02,6,5,5,30,4,1,1,4,4,5,13,4,4,10,5,5,2,16,1,59,3,10,7,1,7,5,1,8,1,1,,72,,1,21,121.5337764,25.060337
113,7,9,16,40,2,03中山區,中山區錦州街與錦州街241巷口,0,0,1,2,C03,6,5,5,30,4,1,1,4,4,5,13,4,4,10,5,5,2,16,1,45,2,5,6,1,7,9,1,10,1,12,,14,,1,21,121.5337764,25.060337
113,7,9,16,47,2,03中山區,中山區民權西路3號與中山北路2段口,0,0,1,1,C03,7,5,5,50,5,2,1,5,4,5,13,2,1,3,4,5,2,17,1,66,2,8,3,4,7,8,1,10,1,14,,13,,1,21,121.5221734,25.0628682
113,7,9,16,47,2,03中山區,中山區民權西路3號與中山北路2段口,0,0,1,2,B03,7,5,5,50,5,2,1,5,4,5,13,2,1,3,4,5,2,17,1,24,3,10,3,4,7,9,1,8,1,2,,44,,1,21,121.5221734,25.0628682
113,7,9,16,58,2,03中山區,中山區中山北路1段85號,0,0,1,1,C03,5,7,5,50,14,9,1,4,4,5,13,4,4,9,4,5,2,18,2,21,2,8,6,1,7,9,6,10,9,17,,42,,1,26,121.5220938,25.05057795
113,7,9,16,58,2,03中山區,中山區中山北路1段85號,0,0,1,2,,5,7,5,50,14,9,1,4,4,5,13,4,4,9,4,5,2,18,3,0,,,,,,,,,,,,67,,1,,121.5220938,25.05057795
113,7,9,17,5,2,04大安區,大安區師大路24號,0,0,1,1,B03,6,7,5,50,11,9,1,4,4,5,13,4,4,1,3,5,1,16,1,54,3,10,3,4,7,11,1,8,1,1,,10,,1,22,121.5283722,25.0252586
113,7,9,17,5,2,04大安區,大安區師大路24號,0,0,1,2,C03,6,7,5,50,11,9,1,4,4,5,13,4,4,1,3,5,1,16,2,50,2,9,6,1,7,9,1,10,1,14,,44,,1,21,121.5283722,25.0252586
113,7,9,17,50,2,03中山區,中山區龍江路與龍江路21巷口,0,0,2,1,C03,7,7,5,50,4,1,1,5,4,5,13,4,4,5,4,5,2,16,2,46,2,9,6,4,7,1,1,10,1,11,,19,,1,21,121.5404281,25.04774482
113,7,9,17,50,2,03中山區,中山區龍江路與龍江路21巷口,0,0,2,2,C03,7,7,5,50,4,1,1,5,4,5,13,4,4,5,4,5,2,16,2,49,2,9,6,4,7,9,1,10,1,14,,44,,1,21,121.5404281,25.04774482
113,7,9,18,1,2,02萬華區,萬華區華江橋往新北市機車道,0,0,1,1,C03,6,7,5,40,9,12,1,4,4,5,13,4,4,9,5,5,2,18,1,60,2,9,5,1,7,12,1,10,1,14,,103,,1,21,121.4884831,25.03581727
113,7,9,18,1,2,02萬華區,萬華區華江橋往新北市機車道,0,0,1,2,,6,7,5,40,9,12,1,4,4,5,13,4,4,9,5,5,2,18,3,0,,,,,,,,,,,,67,,1,,121.4884831,25.03581727
113,7,9,18,2,2,12內湖區,內湖區新湖三路196號,0,0,1,1,B12,8,6,5,50,14,9,1,5,4,5,13,4,4,7,5,5,2,17,1,61,3,10,7,1,7,11,1,8,1,8,,10,,1,21,121.5789018,25.06460982
113,7,9,18,2,2,12內湖區,內湖區新湖三路196號,0,0,1,2,C03,8,6,5,50,14,9,1,5,4,5,13,4,4,7,5,5,2,17,1,35,2,9,6,1,7,9,1,10,1,11,,44,,1,21,121.5789018,25.06460982
113,7,9,18,23,2,10文山區,文山區保儀路與保儀路138巷口,0,0,2,1,C03,8,6,5,30,3,1,1,5,4,5,13,4,4,5,5,5,2,16,1,24,3,10,6,1,7,6,1,10,2,12,,9,,1,21,121.5658568,24.9835822
113,7,9,18,23,2,10文山區,文山區保儀路與保儀路138巷口,0,0,2,2,C03,8,6,5,30,3,1,1,5,4,5,13,4,4,5,5,5,2,16,2,37,2,7,6,1,7,9,1,10,2,14,,44,,1,21,121.5658568,24.9835822
113,7,9,18,23,2,10文山區,文山區保儀路與保儀路138巷口,0,0,2,3,H02,8,6,5,30,3,1,1,5,4,5,13,4,4,5,5,5,2,16,1,2,2,7,5,5,7,20,8,20,10,17,,67,,1,24,121.5658568,24.9835822
113,7,9,18,24,2,07信義區,信義區松仁路與松仁路121巷口口,0,0,1,1,B03,8,5,5,50,3,2,1,5,4,5,13,2,1,1,4,5,2,17,1,56,3,10,7,1,7,6,1,8,1,5,,9,,1,22,121.5685027,25.0347839
113,7,9,18,24,2,07信義區,信義區松仁路與松仁路121巷口口,0,0,1,2,C03,8,5,5,50,3,2,1,5,4,5,13,2,1,1,4,5,2,17,2,22,3,10,6,1,7,6,1,10,1,14,,9,,1,22,121.5685027,25.0347839
113,7,9,18,24,2,07信義區,信義區松仁路與松仁路121巷口口,0,0,1,3,H02,8,5,5,50,3,2,1,5,4,5,13,2,1,1,4,5,2,17,2,20,2,8,6,5,7,20,8,20,10,17,,67,,1,22,121.5685027,25.0347839
113,7,9,18,55,2,09北投區,北投區東華街2段與致遠三路口,0,0,1,1,B03,8,5,5,50,4,1,1,4,4,5,13,2,1,1,4,5,2,13,1,29,3,10,7,1,7,9,1,8,1,1,,108,,1,21,121.508242,25.12068965
113,7,9,18,55,2,09北投區,北投區東華街2段與致遠三路口,0,0,1,2,C03,8,5,5,50,4,1,1,4,4,5,13,2,1,1,4,5,2,13,1,23,2,8,5,1,7,9,1,10,1,13,,44,,1,21,121.508242,25.12068965
113,7,9,19,0,2,12內湖區,內湖區安康路32巷與潭美街口口,0,0,2,1,C03,8,5,5,50,3,1,1,5,4,4,13,4,4,5,4,5,1,17,2,53,2,9,5,1,7,9,3,18,1,11,,72,,1,21,121.5949127,25.0610659
113,7,9,19,0,2,12內湖區,內湖區安康路32巷與潭美街口口,0,0,2,2,C03,8,5,5,50,3,1,1,5,4,4,13,4,4,5,4,5,1,17,1,27,2,9,6,1,7,9,1,10,1,11,,13,,1,21,121.5949127,25.0610659
113,7,9,19,29,2,09北投區,北投區立功街與中央北路4段515巷口,0,0,1,1,B03,7,5,5,50,3,1,1,5,4,5,13,2,1,5,4,5,2,9,1,56,3,10,7,1,7,6,1,8,1,8,,44,,1,22,121.4700066,25.1261686
113,7,9,19,29,2,09北投區,北投區立功街與中央北路4段515巷口,0,0,1,2,H01,7,5,5,50,3,1,1,5,4,5,13,2,1,5,4,5,2,9,1,28,2,9,4,5,8,16,8,20,10,16,,67,,1,22,121.4700066,25.1261686
113,7,9,19,32,2,08士林區,士林區中山北路6段與福華路164巷口,0,0,1,1,B03,7,5,5,30,3,1,1,4,4,5,13,4,4,1,4,4,2,17,2,29,3,10,7,1,7,6,1,8,1,17,,72,,2,21,121.5247486,25.1043258
113,7,9,19,32,2,08士林區,士林區中山北路6段與福華路164巷口,0,0,1,2,C03,7,5,5,30,3,1,1,4,4,5,13,4,4,1,4,4,2,17,1,27,2,7,6,1,7,9,1,10,1,14,,42,,1,21,121.5247486,25.1043258
113,7,9,20,10,2,03中山區,中山區樂群二路與敬業四路口,0,0,2,1,B01,8,5,5,50,3,1,1,5,4,5,13,2,1,10,5,5,2,16,1,68,3,10,7,1,7,5,1,4,1,8,,71,,1,21,121.5585207,25.0799656
113,7,9,20,10,2,03中山區,中山區樂群二路與敬業四路口,0,0,2,2,B03,8,5,5,50,3,1,1,5,4,5,13,2,1,10,5,5,2,16,1,45,3,10,7,3,7,9,1,8,1,4,,44,,1,21,121.5585207,25.0799656
113,7,9,20,10,2,03中山區,中山區樂群二路與敬業四路口,0,0,2,3,H02,8,5,5,50,3,1,1,5,4,5,13,2,1,10,5,5,2,16,2,45,2,3,7,5,7,20,8,20,10,16,,67,,1,21,121.5585207,25.0799656
113,7,9,20,10,2,03中山區,中山區樂群二路與敬業四路口,0,0,2,4,H02,8,5,5,50,3,1,1,5,4,5,13,2,1,10,5,5,2,16,2,5,2,3,7,5,7,20,8,20,10,16,,67,,1,21,121.5585207,25.0799656
113,7,9,20,15,2,09北投區,北投區承德路7段與石牌路1段口,0,0,2,1,C03,7,5,5,60,3,3,1,4,4,1,13,1,1,10,5,5,2,28,1,32,2,8,5,1,7,6,1,10,2,11,,116,,1,21,121.5090307,25.1123574
113,7,9,20,15,2,09北投區,北投區承德路7段與石牌路1段口,0,0,2,3,C03,7,5,5,60,3,3,1,4,4,1,13,1,1,10,5,5,2,28,2,27,2,8,5,1,7,14,1,10,2,14,,44,,1,21,121.5090307,25.1123574
113,7,9,20,15,2,09北投區,北投區承德路7段與石牌路1段口,0,0,2,2,,7,5,5,60,3,3,1,4,4,1,13,1,1,10,5,5,2,28,3,0,,,,,,,,,,,,67,,1,,121.5090307,25.1123574
113,7,9,20,18,2,12內湖區,內湖區東湖路與東湖路113巷口口,0,0,1,1,B01,8,5,5,50,4,2,1,5,4,5,13,2,1,5,4,5,2,17,1,59,3,10,7,1,7,6,1,8,2,5,,16,,1,21,121.6150988,25.06861147
113,7,9,20,18,2,12內湖區,內湖區東湖路與東湖路113巷口口,0,0,1,2,B03,8,5,5,50,4,2,1,5,4,5,13,2,1,5,4,5,2,17,1,28,2,1,7,1,7,14,1,8,2,7,,44,,1,21,121.6150988,25.06861147
113,7,9,20,50,2,03中山區,中山區北安路610號,0,0,1,1,B03,7,5,5,50,14,9,1,5,4,5,13,4,4,3,4,5,2,12,1,55,3,10,7,1,7,1,1,8,1,8,,19,,1,22,121.5493442,25.0818283
113,7,9,20,50,2,03中山區,中山區北安路610號,0,0,1,2,C03,7,5,5,50,14,9,1,5,4,5,13,4,4,3,4,5,2,12,1,21,2,9,6,1,7,1,1,10,1,12,,19,,1,22,121.5493442,25.0818283
113,7,9,21,0,2,03中山區,中山區龍江路286巷與龍江路口,0,0,3,1,C03,8,5,5,30,4,2,1,5,4,5,13,4,4,9,4,5,2,16,1,53,2,9,5,4,7,5,1,10,2,13,,74,,1,21,121.5412642,25.0611413
113,7,9,21,0,2,03中山區,中山區龍江路286巷與龍江路口,0,0,3,2,C03,8,5,5,30,4,2,1,5,4,5,13,4,4,9,4,5,2,16,2,56,2,9,5,4,7,9,3,18,2,11,,13,,1,21,121.5412642,25.0611413
113,7,9,21,0,2,03中山區,中山區龍江路286巷與龍江路口,0,0,3,3,H02,8,5,5,30,4,2,1,5,4,5,13,4,4,9,4,5,2,16,2,52,2,7,5,5,7,20,8,20,10,17,,60,,1,21,121.5412642,25.0611413
113,7,9,21,11,2,04大安區,大安區瑞安街208巷與瑞安街208巷24弄口,0,0,2,1,B02,8,5,5,30,4,18,1,5,4,5,13,2,1,10,5,5,2,1,1,73,3,10,3,4,7,5,1,8,2,1,,44,,1,21,121.540478,25.0287428
113,7,9,21,11,2,04大安區,大安區瑞安街208巷與瑞安街208巷24弄口,0,0,2,2,H01,8,5,5,30,4,18,1,5,4,5,13,2,1,10,5,5,2,1,2,63,2,9,4,5,8,16,8,20,10,16,,60,,1,21,121.540478,25.0287428
113,7,9,21,11,2,04大安區,大安區瑞安街208巷與瑞安街208巷24弄口,0,0,2,3,H01,8,5,5,30,4,18,1,5,4,5,13,2,1,10,5,5,2,1,2,59,2,9,4,5,8,16,8,20,10,16,,60,,1,21,121.540478,25.0287428
113,7,9,21,25,2,04大安區,大安區通化街172號,0,0,2,1,C03,8,5,5,50,14,9,1,5,4,5,13,4,4,8,4,5,1,12,2,21,2,8,5,1,7,1,1,10,1,14,,19,,1,21,121.5534613,25.0276175
113,7,9,21,25,2,04大安區,大安區通化街172號,0,0,2,2,B03,8,5,5,50,14,9,1,5,4,5,13,4,4,8,4,5,1,12,1,68,3,10,3,4,7,9,1,8,1,2,,44,,1,21,121.5534613,25.0276175
113,7,9,21,25,2,04大安區,大安區通化街172號,0,0,2,3,H02,8,5,5,50,14,9,1,5,4,5,13,4,4,8,4,5,1,12,1,23,2,8,4,5,7,20,8,20,10,16,,67,,1,21,121.5534613,25.0276175
113,7,9,21,30,2,03中山區,中山區市民大道3段83號,0,0,1,1,B01,8,5,5,40,14,9,1,5,4,5,13,1,1,1,4,5,2,12,1,25,3,10,7,1,7,7,1,4,2,2,,100,,1,21,121.5378836,25.0449431
113,7,9,21,30,2,03中山區,中山區市民大道3段83號,0,0,1,2,C03,8,5,5,40,14,9,1,5,4,5,13,1,1,1,4,5,2,12,1,19,2,7,6,1,7,9,1,10,2,14,,44,,1,21,121.5378836,25.0449431
113,7,9,21,36,2,01大同區,大同區延平北路3段114號,0,0,2,1,C03,8,5,5,50,14,9,1,5,4,5,13,4,4,5,4,5,2,3,1,30,2,9,6,1,7,9,1,10,1,11,,108,,1,21,121.5109293,25.06697
113,7,9,21,36,2,01大同區,大同區延平北路3段114號,0,0,2,2,H01,8,5,5,50,14,9,1,5,4,5,13,4,4,5,4,5,2,3,2,45,2,9,4,5,8,16,8,20,10,16,,53,,1,21,121.5109293,25.06697
113,7,9,22,20,2,03中山區,中山區敬業三路與樂群三路口,0,0,1,1,B03,8,5,5,50,3,2,1,5,4,5,13,4,4,3,4,4,2,13,1,21,3,10,3,4,7,9,1,8,2,5,,107,,1,21,121.5563491,25.0822066
113,7,9,22,20,2,03中山區,中山區敬業三路與樂群三路口,0,0,1,2,B03,8,5,5,50,3,2,1,5,4,5,13,4,4,3,4,4,2,13,2,43,2,1,3,4,7,1,1,8,2,7,,19,,1,21,121.5563491,25.0822066
113,7,9,22,29,2,09北投區,北投區光明路55號,0,0,2,1,C03,8,5,5,50,14,9,1,5,4,5,13,4,4,9,4,5,2,13,1,33,2,9,5,1,7,9,1,10,1,11,,108,,1,21,121.5000243,25.13287061
113,7,9,22,29,2,09北投區,北投區光明路55號,0,0,2,2,C03,8,5,5,50,14,9,1,5,4,5,13,4,4,9,4,5,2,13,1,42,2,9,5,1,7,9,1,10,1,13,,44,,1,21,121.5000243,25.13287061
113,7,9,22,40,2,03中山區,中山區長安東路2段與長安東路2段129巷口,0,0,1,1,B01,8,5,5,40,4,2,1,5,4,5,13,4,4,10,5,5,2,16,1,67,3,10,7,1,7,11,1,4,1,1,,10,,1,21,121.5359835,25.04840917
113,7,9,22,40,2,03中山區,中山區長安東路2段與長安東路2段129巷口,0,0,1,2,C03,8,5,5,40,4,2,1,5,4,5,13,4,4,10,5,5,2,16,1,36,2,7,6,1,7,9,1,10,1,12,,14,,1,21,121.5359835,25.04840917
113,7,9,23,5,2,08士林區,士林區延平北路8段與延平北路8段口堤外道路,0,0,1,1,C03,7,5,5,40,14,9,1,5,4,5,13,4,4,10,5,5,1,17,1,22,2,9,6,1,7,9,1,10,2,12,,108,,1,22,121.4800409,25.1104858
113,7,9,23,5,2,08士林區,士林區延平北路8段與延平北路8段口堤外道路,0,0,1,2,B03,7,5,5,40,14,9,1,5,4,5,13,4,4,10,5,5,1,17,1,64,3,10,3,4,7,13,1,8,1,7,,44,,1,22,121.4800409,25.1104858
113,7,9,23,9,2,02萬華區,萬華區艋舺大道74號,0,0,1,2,C03,7,5,5,50,3,2,1,5,4,5,13,4,4,1,4,5,2,12,1,25,2,9,6,1,7,9,1,10,2,11,,44,,1,22,121.503425,25.0334271
113,7,9,23,9,2,02萬華區,萬華區艋舺大道74號,0,0,1,1,B03,7,5,5,50,3,2,1,5,4,5,13,4,4,1,4,5,2,12,1,65,3,10,3,4,7,7,1,8,2,6,,100,,1,22,121.503425,25.0334271
113,7,9,23,33,2,07信義區,信義區松信路與永吉路口,0,0,1,1,B03,8,5,5,50,4,19,1,5,4,5,13,2,1,9,4,5,2,9,1,68,3,10,7,1,7,5,1,8,1,5,,70,,1,21,121.572207,25.0455617
113,7,9,23,33,2,07信義區,信義區松信路與永吉路口,0,0,1,2,H01,8,5,5,50,4,19,1,5,4,5,13,2,1,9,4,5,2,9,1,18,2,9,4,5,8,16,8,20,10,16,,67,,1,21,121.572207,25.0455617
113,7,10,1,27,2,07信義區,信義區松壽路與松高路20巷口,0,0,1,1,B03,8,5,5,30,4,1,1,5,4,5,13,4,4,9,4,5,2,17,1,56,3,10,7,1,7,6,1,8,1,1,,14,,1,21,121.5676515,25.0358176
113,7,10,1,27,2,07信義區,信義區松壽路與松高路20巷口,0,0,1,2,B01,8,5,5,30,4,1,1,5,4,5,13,4,4,9,4,5,2,17,2,49,2,9,7,1,7,9,1,4,1,4,,44,,1,21,121.5676515,25.0358176
113,7,10,5,45,2,02萬華區,萬華區堤外便道往南(馬場町50燈桿),0,0,1,1,B03,8,6,5,40,14,9,1,5,4,5,13,4,4,10,5,5,2,13,1,66,3,10,7,1,7,9,1,8,2,5,,117,,1,26,121.5036232,25.01923049
113,7,10,5,45,2,02萬華區,萬華區堤外便道往南(馬場町50燈桿),0,0,1,2,F01,8,6,5,40,14,9,1,5,4,5,13,4,4,10,5,5,2,13,1,86,2,9,4,1,7,9,8,20,1,13,,44,,1,21,121.5036232,25.01923049
113,7,10,6,48,2,05中正區,中正區寶慶路與博愛路口,0,0,1,1,B03,8,6,5,50,4,2,1,5,4,5,13,2,1,10,4,5,2,16,1,41,3,10,7,1,7,5,6,8,2,8,,8,,1,21,121.5114451,25.0412986
113,7,10,6,48,2,05中正區,中正區寶慶路與博愛路口,0,0,1,2,C03,8,6,5,50,4,2,1,5,4,5,13,2,1,10,4,5,2,16,1,59,2,9,6,1,7,9,1,10,1,12,,13,,1,21,121.5114451,25.0412986
113,7,10,7,31,2,05中正區,中正區重慶南路3段與寧波西街口口,0,0,2,1,C03,8,6,5,50,4,1,1,5,4,5,13,1,1,1,4,5,1,17,1,24,2,7,6,1,7,6,1,10,2,12,,9,,1,21,121.5153671,25.0301901
113,7,10,7,31,2,05中正區,中正區重慶南路3段與寧波西街口口,0,0,2,2,C03,8,6,5,50,4,1,1,5,4,5,13,1,1,1,4,5,1,17,1,44,2,8,6,1,7,9,3,18,2,11,,44,,1,21,121.5153671,25.0301901
113,7,10,7,38,2,12內湖區,內湖區民權東路6段11巷與瑞光路76巷口,0,0,1,1,B03,8,6,5,50,3,1,1,5,4,5,13,4,4,8,3,5,1,17,1,39,3,10,7,1,7,5,1,8,2,8,,8,,1,21,121.57821,25.0676049
113,7,10,7,38,2,12內湖區,內湖區民權東路6段11巷與瑞光路76巷口,0,0,1,2,C03,8,6,5,50,3,1,1,5,4,5,13,4,4,8,3,5,1,17,2,59,2,9,5,1,7,14,1,10,2,11,,72,,1,21,121.57821,25.0676049
113,7,10,7,59,2,07信義區,信義區市民高架永吉路匝道,0,0,2,1,B12,8,5,5,80,14,9,1,5,4,5,13,4,4,10,4,5,1,13,1,40,2,1,7,1,7,9,1,8,1,1,,16,,1,21,121.5641204,25.0447379
113,7,10,7,59,2,07信義區,信義區市民高架永吉路匝道,0,0,2,2,B03,8,5,5,80,14,9,1,5,4,5,13,4,4,10,4,5,1,13,1,59,3,10,7,1,7,9,1,8,1,3,,44,,1,21,121.5641204,25.0447379
113,7,10,7,59,2,07信義區,信義區市民高架永吉路匝道,0,0,2,3,H02,8,5,5,80,14,9,1,5,4,5,13,4,4,10,4,5,1,13,2,59,2,9,7,5,7,21,8,20,10,16,,67,,1,21,121.5641204,25.0447379
113,7,10,8,17,2,06松山區,松山區撫遠街453號,0,0,1,1,B12,8,5,5,50,14,7,1,5,4,5,13,4,4,1,4,4,2,16,1,58,3,10,7,1,7,11,1,8,1,2,,10,,1,22,121.5641556,25.0706568
113,7,10,8,17,2,06松山區,松山區撫遠街453號,0,0,1,2,C03,8,5,5,50,14,7,1,5,4,5,13,4,4,1,4,4,2,16,1,19,2,9,6,1,7,9,1,10,1,11,,13,,1,22,121.5641556,25.0706568
113,7,10,8,17,2,06松山區,松山區撫遠街453號,0,0,1,3,B03,8,5,5,50,14,7,1,5,4,5,13,4,4,1,4,4,2,16,2,30,3,10,7,1,7,11,1,8,11,17,,10,,1,22,121.5641556,25.0706568
113,7,10,8,18,2,09北投區,北投區承德路6段與福國路口,0,0,1,1,C03,8,6,5,60,4,2,1,5,4,5,13,2,1,1,4,4,2,12,1,38,2,9,5,1,7,9,1,10,1,11,,118,,1,21,121.5121821,25.101181
113,7,10,8,18,2,09北投區,北投區承德路6段與福國路口,0,0,1,2,C03,8,6,5,60,4,2,1,5,4,5,13,2,1,1,4,4,2,12,1,49,3,10,5,1,7,9,1,10,1,14,,118,,1,21,121.5121821,25.101181
113,7,10,8,21,2,07信義區,信義區松隆路與松山路口,0,0,1,1,C03,8,7,5,50,4,2,1,5,4,5,13,2,1,3,4,5,2,17,2,70,2,9,5,1,7,9,1,10,2,17,,116,,1,21,121.5779021,25.0481746
113,7,10,8,21,2,07信義區,信義區松隆路與松山路口,0,0,1,2,B01,8,7,5,50,4,2,1,5,4,5,13,2,1,3,4,5,2,17,1,69,3,10,3,4,7,6,1,4,2,17,,44,,1,21,121.5779021,25.0481746
113,7,10,8,28,2,12內湖區,內湖區金龍路83號對面,0,0,3,1,F01,8,6,5,50,14,7,1,5,4,5,13,4,4,5,5,4,2,16,2,68,2,9,4,1,7,7,8,20,2,14,,108,,1,21,121.5916165,25.0852886
113,7,10,8,28,2,12內湖區,內湖區金龍路83號對面,0,0,3,2,C03,8,6,5,50,14,7,1,5,4,5,13,4,4,5,5,4,2,16,1,37,2,9,6,1,7,9,1,10,2,11,,44,,1,21,121.5916165,25.0852886
113,7,10,8,28,2,12內湖區,內湖區金龍路83號對面,0,0,3,3,C03,8,6,5,50,14,7,1,5,4,5,13,4,4,5,5,4,2,16,1,51,2,9,6,1,7,9,1,10,2,11,,44,,1,22,121.5916165,25.0852886
113,7,10,8,28,2,12內湖區,內湖區金龍路83號對面,0,0,3,4,B03,8,6,5,50,14,7,1,5,4,5,13,4,4,5,5,4,2,16,1,42,3,10,7,1,7,13,1,8,1,4,,44,,1,21,121.5916165,25.0852886
113,7,10,8,48,2,03中山區,中山區中山橋往北,0,0,2,1,C03,8,7,5,40,14,9,1,5,4,5,13,4,4,1,4,5,2,13,1,29,2,9,5,1,7,9,1,10,1,11,,16,,1,22,121.5253651,25.06892821
113,7,10,8,48,2,03中山區,中山區中山橋往北,0,0,2,2,C03,8,7,5,40,14,9,1,5,4,5,13,4,4,1,4,5,2,13,1,43,2,9,5,1,7,9,1,10,1,13,,44,,1,22,121.5253651,25.06892821
113,7,10,8,48,2,03中山區,中山區中山橋往北,0,0,2,3,C03,8,7,5,40,14,9,1,5,4,5,13,4,4,1,4,5,2,13,1,28,3,10,5,1,7,9,1,10,1,11,,16,,1,22,121.5253651,25.06892821
113,7,10,8,48,2,03中山區,中山區中山橋往北,0,0,2,4,C03,8,7,5,40,14,9,1,5,4,5,13,4,4,1,4,5,2,13,1,33,3,10,5,1,7,9,1,9,9,14,,44,,1,22,121.5253651,25.06892821
113,7,10,8,50,2,05中正區,中正區中華路1段與開封街1段口,0,0,1,1,B03,8,5,5,50,4,2,1,5,4,5,13,1,1,1,4,5,2,16,1,59,3,10,7,4,7,7,1,8,1,6,,100,,1,22,121.5096004,25.04634114
113,7,10,8,50,2,05中正區,中正區中華路1段與開封街1段口,0,0,1,2,C03,8,5,5,50,4,2,1,5,4,5,13,1,1,1,4,5,2,16,1,59,2,9,6,4,7,15,1,10,1,14,,44,,1,22,121.5096004,25.04634114