發生年度,發生月,發生日,發生時-Hours,發生分,處理別-編號,區序,肇事地點,死亡人數,2-30日死亡人數,受傷人數,當事人序號,車種,天候,道路照明設備,道路類別,速限-速度限制,道路型態,事故位置,路面狀況1,路面狀況2,路面狀況3,道路障礙1,道路障礙2,號誌1,號誌2,車道劃分-分向,車道劃分-分道1,車道劃分-分道2,車道劃分-分道3,事故類型及型態,性別,年齡,受傷程度,主要傷處,保護裝置,行動電話,車輛用途,當事者行動狀態,駕駛資格情形,駕駛執照種類,飲酒情形,車輛撞擊部位1,車輛撞擊部位2,肇因碼-個別,肇因碼-主要,個人肇逃否,職業,座標-X,座標-Y
113,7,10,8,54,2,12內湖區,內湖區洲子街12號,0,0,3,1,C03,7,6,5,30,14,9,1,5,4,5,13,4,4,9,4,5,2,16,1,20,2,2,5,1,7,5,1,10,1,11,,8,,1,21,121.5753917,25.0782975
113,7,10,8,54,2,12內湖區,內湖區洲子街12號,0,0,3,2,C03,7,6,5,30,14,9,1,5,4,5,13,4,4,9,4,5,2,16,1,31,2,7,5,1,7,9,1,10,1,11,,44,,1,21,121.5753917,25.0782975
113,7,10,8,54,2,12內湖區,內湖區洲子街12號,0,0,3,3,H02,7,6,5,30,14,9,1,5,4,5,13,4,4,9,4,5,2,16,2,30,2,9,5,5,7,21,8,20,10,16,,67,,1,21,121.5753917,25.0782975
113,7,10,8,58,2,02萬華區,萬華區堤外便道(3014339燈桿),0,0,2,1,C03,8,7,5,40,14,11,1,5,4,5,13,3,1,1,4,5,2,17,1,79,2,1,5,1,7,9,1,10,1,11,,14,,1,21,121.5022942,25.04588207
113,7,10,8,58,2,02萬華區,萬華區堤外便道(3014339燈桿),0,0,2,2,C03,8,7,5,40,14,11,1,5,4,5,13,3,1,1,4,5,2,17,2,34,2,9,5,1,7,9,1,10,1,13,,14,,1,21,121.5022942,25.04588207
113,7,10,8,58,2,02萬華區,萬華區堤外便道(3014339燈桿),0,0,2,3,H01,8,7,5,40,14,11,1,5,4,5,13,3,1,1,4,5,2,17,1,60,3,10,4,5,8,17,8,20,10,16,,67,,1,21,121.5022942,25.04588207
113,7,10,9,7,2,07信義區,信義區市民大道5段與東興路口,0,0,1,1,B03,8,5,5,50,4,2,1,5,4,5,13,1,1,1,4,5,1,17,1,40,4,11,3,4,7,9,1,8,9,17,,101,,2,21,121.5659167,25.048225
113,7,10,9,7,2,07信義區,信義區市民大道5段與東興路口,0,0,1,2,C03,8,5,5,50,4,2,1,5,4,5,13,1,1,1,4,5,1,17,1,36,2,9,6,1,7,9,1,10,1,17,,108,,1,21,121.5659167,25.048225
113,7,10,9,12,2,06松山區,松山區八德路4段470號,0,0,1,1,C03,8,5,8,50,14,9,1,5,4,5,13,2,1,9,4,5,2,16,2,62,2,9,5,1,7,8,1,10,1,14,,100,,1,22,121.5697218,25.04954666
113,7,10,9,12,2,06松山區,松山區八德路4段470號,0,0,1,2,B03,8,5,8,50,14,9,1,5,4,5,13,2,1,9,4,5,2,16,1,24,3,10,7,1,7,9,1,8,1,5,,44,,1,22,121.5697218,25.04954666
113,7,10,9,13,2,11南港區,南港區忠孝東路6段297號與忠孝東路6段口,0,0,1,1,B03,8,5,5,40,5,2,1,5,4,5,13,2,1,1,4,4,2,16,1,41,3,10,3,4,7,6,1,8,1,5,,9,,1,22,121.5912154,25.0498751
113,7,10,9,13,2,11南港區,南港區忠孝東路6段297號與忠孝東路6段口,0,0,1,2,C03,8,5,5,40,5,2,1,5,4,5,13,2,1,1,4,4,2,16,1,43,2,7,6,1,7,9,1,10,1,14,,108,,1,21,121.5912154,25.0498751
113,7,10,9,15,2,03中山區,中山區松江路與松江路402巷口,0,0,1,1,B03,8,7,5,30,3,1,1,5,4,5,13,4,4,5,5,5,2,16,2,40,3,10,7,1,7,6,1,10,9,8,,9,,1,22,121.5211181,25.05013084
113,7,10,9,15,2,03中山區,中山區松江路與松江路402巷口,0,0,1,2,F01,8,7,5,30,3,1,1,5,4,5,13,4,4,5,5,5,2,16,1,72,2,9,4,1,7,9,8,20,9,14,,108,,1,22,121.5211181,25.05013084
113,7,10,9,18,2,04大安區,大安區信義路4段與信義路4段74巷口,0,0,1,1,F01,8,6,5,50,3,2,1,5,4,5,13,4,4,1,4,5,2,17,2,40,2,9,3,4,7,12,8,20,1,17,,42,,1,21,121.5470933,25.0331692
113,7,10,9,18,2,04大安區,大安區信義路4段與信義路4段74巷口,0,0,1,2,C03,8,6,5,50,3,2,1,5,4,5,13,4,4,1,4,5,2,17,1,44,3,10,5,4,7,6,1,10,1,17,,44,,1,21,121.5470933,25.0331692
113,7,10,9,50,2,01大同區,大同區民族西路與大龍街159巷9弄口,0,0,1,1,B03,8,6,5,50,4,18,1,5,4,5,13,2,1,5,4,5,2,3,1,68,3,10,3,4,7,9,3,18,2,1,,70,,1,21,121.5158141,25.0684558
113,7,10,9,50,2,01大同區,大同區民族西路與大龍街159巷9弄口,0,0,1,2,H01,8,6,5,50,4,18,1,5,4,5,13,2,1,5,4,5,2,3,2,80,2,9,4,5,8,16,8,20,10,16,,67,,1,21,121.5158141,25.0684558
113,7,10,9,55,2,03中山區,中山區長安東路1段52巷與長安東路1段口,0,0,1,1,C03,8,7,5,50,4,2,1,5,4,5,13,1,1,7,4,5,2,13,2,18,2,9,5,1,7,9,1,10,2,11,,16,,1,21,121.5278908,25.0483449
113,7,10,9,55,2,03中山區,中山區長安東路1段52巷與長安東路1段口,0,0,1,2,C03,8,7,5,50,4,2,1,5,4,5,13,1,1,7,4,5,2,13,1,22,3,10,5,1,7,12,1,10,2,13,,44,,1,21,121.5278908,25.0483449
113,7,10,9,55,2,03中山區,中山區長安東路1段52巷與長安東路1段口,0,0,1,3,B02,8,7,5,50,4,2,1,5,4,5,13,1,1,7,4,5,2,13,1,57,3,10,7,1,7,8,1,8,1,17,,100,,1,21,121.5278908,25.0483449
113,7,10,11,4,2,10文山區,文山區景明街與興隆路1段70巷11弄口,0,0,1,1,B12,8,6,5,30,4,1,1,5,4,5,13,4,4,10,5,5,2,15,1,62,3,10,7,1,7,9,1,8,2,1,,72,,1,21,121.5409282,25.0015014
113,7,10,11,4,2,10文山區,文山區景明街與興隆路1段70巷11弄口,0,0,1,2,C03,8,6,5,30,4,1,1,5,4,5,13,4,4,10,5,5,2,15,2,63,2,9,6,1,7,9,1,8,2,12,,13,,1,21,121.5409282,25.0015014
113,7,10,11,6,2,06松山區,松山區三民路與三民路29巷口,0,0,2,1,C03,8,5,5,30,4,2,1,5,4,5,13,4,4,5,4,5,2,17,2,26,2,9,5,1,7,5,1,10,1,13,,72,,1,21,121.5637149,25.0550685
113,7,10,11,6,2,06松山區,松山區三民路與三民路29巷口,0,0,2,2,C03,8,5,5,30,4,2,1,5,4,5,13,4,4,5,4,5,2,17,1,35,2,9,5,1,7,9,1,10,1,11,,44,,1,21,121.5637149,25.0550685
113,7,10,11,10,2,03中山區,中山區民族西路與玉門街口,0,1,0,1,C03,8,7,5,50,14,9,1,5,4,5,13,4,4,9,4,5,2,20,1,42,5,9,5,1,7,21,1,10,9,11,,118,,1,21,121.5205607,25.0683996
113,7,10,11,10,2,03中山區,中山區民族西路與玉門街口,0,1,0,2,,8,7,5,50,14,9,1,5,4,5,13,4,4,9,4,5,2,20,3,0,,,,,,,,,,,,67,,1,,121.5205607,25.0683996
113,7,10,11,30,2,06松山區,松山區民生東路5段與新中街口,0,0,1,1,B03,8,6,5,50,4,1,1,5,4,5,13,2,1,9,4,5,1,17,1,63,3,10,7,1,7,5,1,8,1,17,,80,,1,21,121.5604953,25.0586304
113,7,10,11,30,2,06松山區,松山區民生東路5段與新中街口,0,0,1,2,C03,8,6,5,50,4,1,1,5,4,5,13,2,1,9,4,5,1,17,2,28,2,8,5,1,7,9,1,10,1,17,,44,,1,21,121.5604953,25.0586304
113,7,10,11,48,2,07信義區,信義區市民大道5段與東興路口,0,0,1,1,C03,8,5,5,50,4,2,1,5,4,5,13,2,1,1,4,5,2,17,1,28,3,10,6,1,7,7,1,10,1,12,,100,,1,22,121.5656174,25.0481069
113,7,10,11,48,2,07信義區,信義區市民大道5段與東興路口,0,0,1,2,C03,8,5,5,50,4,2,1,5,4,5,13,2,1,1,4,5,2,17,1,18,2,9,6,1,7,9,1,10,1,14,,13,,1,22,121.5656174,25.0481069
113,7,10,12,0,2,12內湖區,內湖區新湖一路與舊宗路1段口,0,0,1,1,B03,7,6,5,50,4,1,1,5,4,5,13,1,1,1,5,5,2,16,1,51,3,10,7,1,7,5,1,8,2,1,,8,,1,21,121.5788118,25.0602898
113,7,10,12,0,2,12內湖區,內湖區新湖一路與舊宗路1段口,0,0,1,2,C03,7,6,5,50,4,1,1,5,4,5,13,1,1,1,5,5,2,16,1,68,2,9,5,1,7,9,1,10,2,14,,44,,1,21,121.5788118,25.0602898
113,7,10,12,5,2,08士林區,士林區文林路與美崙街口,0,0,1,1,B01,8,7,5,50,4,1,1,5,4,5,13,1,1,5,5,5,2,17,1,54,3,10,7,1,7,5,1,1,1,4,,80,,1,21,121.5240172,25.0973082
113,7,10,12,5,2,08士林區,士林區文林路與美崙街口,0,0,1,2,C03,8,7,5,50,4,1,1,5,4,5,13,1,1,5,5,5,2,17,2,32,2,8,6,1,7,9,1,10,1,11,,13,,1,21,121.5240172,25.0973082
113,7,10,12,13,2,01大同區,大同區延平北路2段與延平北路2段210巷口,0,0,1,1,C03,7,6,5,50,3,2,1,5,4,5,13,1,1,5,2,5,2,17,1,28,2,7,5,1,7,9,1,10,1,11,,44,,1,21,121.5114538,25.0592202
113,7,10,12,13,2,01大同區,大同區延平北路2段與延平北路2段210巷口,0,0,1,2,B03,7,6,5,50,3,2,1,5,4,5,13,1,1,5,2,5,2,17,1,32,3,10,7,1,7,5,1,8,1,7,,8,,1,21,121.5114538,25.0592202
113,7,10,12,18,2,03中山區,中山區南京東路3段與復興北路口,0,0,2,1,F01,8,6,5,50,5,18,1,5,4,5,13,2,1,8,3,4,1,9,2,16,2,8,4,1,7,9,8,20,1,11,,108,,1,16,121.5437752,25.0518737
113,7,10,12,18,2,03中山區,中山區南京東路3段與復興北路口,0,0,2,2,H01,8,6,5,50,5,18,1,5,4,5,13,2,1,8,3,4,1,9,2,38,2,9,4,5,8,18,8,20,1,16,,60,,1,21,121.5437752,25.0518737
113,7,10,12,32,2,09北投區,北投區公館路228巷與公館路308巷口,0,0,1,1,B03,8,5,5,30,4,1,1,5,4,5,13,4,4,10,5,5,2,15,1,47,3,10,7,1,7,9,1,8,1,1,,75,,1,21,121.5057474,25.12522061
113,7,10,12,32,2,09北投區,北投區公館路228巷與公館路308巷口,0,0,1,2,C03,8,5,5,30,4,1,1,5,4,5,13,4,4,10,5,5,2,15,2,32,2,8,5,1,7,9,1,21,1,14,,44,,1,21,121.5057474,25.12522061
113,7,10,12,32,2,09北投區,北投區公館路228巷與公館路308巷口,0,0,1,3,B03,8,5,5,30,4,1,1,5,4,5,13,4,4,10,5,5,2,15,1,53,3,10,7,1,7,13,1,8,11,3,,44,,1,21,121.5057474,25.12522061
113,7,10,12,45,2,02萬華區,萬華區中華路1段與中華路1段114巷口,0,0,1,1,B01,7,5,5,50,3,2,1,5,4,5,13,4,4,1,4,5,2,17,1,69,3,10,7,1,7,1,1,4,1,8,,19,,1,21,121.5084103,25.04372912
113,7,10,12,45,2,02萬華區,萬華區中華路1段與中華路1段114巷口,0,0,1,2,C03,7,5,5,50,3,2,1,5,4,5,13,4,4,1,4,5,2,17,1,40,2,9,6,1,7,9,1,10,1,12,,44,,1,21,121.5084103,25.04372912
113,7,10,12,54,2,07信義區,信義區莊敬路8號,0,0,1,1,B02,6,6,5,50,14,9,1,4,4,5,13,4,4,9,4,5,2,12,2,56,3,10,7,1,7,14,1,8,1,6,,44,,1,21,121.5612699,25.0323794
113,7,10,12,54,2,07信義區,信義區莊敬路8號,0,0,1,2,C03,6,6,5,50,14,9,1,4,4,5,13,4,4,9,4,5,2,12,1,45,2,7,5,1,7,9,1,10,1,11,,44,,1,21,121.5612699,25.0323794
113,7,10,12,54,2,07信義區,信義區莊敬路8號,0,0,1,3,H02,6,6,5,50,14,9,1,4,4,5,13,4,4,9,4,5,2,12,1,22,3,10,7,5,7,19,8,20,10,17,,126,,1,21,121.5612699,25.0323794
113,7,10,13,17,2,07信義區,信義區莊敬路325巷與莊敬路341巷3弄口,0,0,1,1,C04,8,7,5,50,3,2,1,5,4,5,13,4,4,9,4,5,2,15,1,55,3,10,3,4,7,1,1,10,1,11,,72,,1,21,121.5646408,25.028864
113,7,10,13,17,2,07信義區,信義區莊敬路325巷與莊敬路341巷3弄口,0,0,1,2,C03,8,7,5,50,3,2,1,5,4,5,13,4,4,9,4,5,2,15,1,64,2,4,3,4,7,9,1,10,1,11,,44,,1,21,121.5646408,25.028864
113,7,10,14,18,2,04大安區,大安區仁愛路4段27巷34號,0,0,1,1,B01,6,5,5,30,14,9,1,4,4,5,13,4,4,8,3,5,1,3,1,48,3,10,7,1,7,9,1,8,1,1,,44,,1,21,121.5452297,25.041347
113,7,10,14,18,2,04大安區,大安區仁愛路4段27巷34號,0,0,1,2,H01,6,5,5,30,14,9,1,4,4,5,13,4,4,8,3,5,1,3,2,48,2,7,4,5,8,16,8,20,1,16,,121,,1,21,121.5452297,25.041347
113,7,10,14,32,2,01大同區,大同區寧夏路與重慶北路2段57巷口,0,0,1,1,B03,6,5,5,40,14,9,1,4,4,5,13,4,4,10,4,5,1,17,2,29,3,10,3,4,7,1,1,8,11,15,,19,,1,21,121.5152626,25.0558824
113,7,10,14,32,2,01大同區,大同區寧夏路與重慶北路2段57巷口,0,0,1,2,C03,6,5,5,40,14,9,1,4,4,5,13,4,4,10,4,5,1,17,2,68,2,8,5,1,7,9,3,18,1,12,,44,,1,21,121.5152626,25.0558824
113,7,10,14,40,2,09北投區,北投區中央北路2段131巷與豐年路2段口,0,0,2,1,B03,6,6,5,30,3,1,1,4,4,5,13,4,4,10,5,5,2,16,1,62,3,10,7,1,7,5,1,8,1,4,,72,,1,21,121.4938395,25.13671328
113,7,10,14,40,2,09北投區,北投區中央北路2段131巷與豐年路2段口,0,0,2,2,C03,6,6,5,30,3,1,1,4,4,5,13,4,4,10,5,5,2,16,1,19,2,8,6,1,7,9,1,10,1,11,,14,,1,21,121.4938395,25.13671328
113,7,10,14,40,2,09北投區,北投區中央北路2段131巷與豐年路2段口,0,0,2,3,H02,6,6,5,30,3,1,1,4,4,5,13,4,4,10,5,5,2,16,2,18,2,8,6,5,7,20,8,20,10,16,,67,,1,21,121.4938395,25.13671328
113,7,10,14,55,2,05中正區,中正區公園路29號,0,0,1,1,A02,6,6,5,50,14,9,1,4,4,5,13,1,1,5,4,5,2,9,1,51,3,10,7,1,7,12,1,2,2,17,,42,,1,21,121.5149717,25.0356619
113,7,10,14,55,2,05中正區,中正區公園路29號,0,0,1,2,H02,6,6,5,50,14,9,1,4,4,5,13,1,1,5,4,5,2,9,2,81,2,9,4,5,7,17,8,20,10,16,,42,,1,22,121.5149717,25.0356619
113,7,10,14,55,2,05中正區,中正區公園路29號,0,0,1,3,H02,6,6,5,50,14,9,1,4,4,5,13,1,1,5,4,5,2,9,4,0,,,,,,,,,10,,,119,,2,,121.5149717,25.0356619
113,7,10,15,36,2,08士林區,士林區通河街與通河街179巷口,0,0,1,1,C03,6,6,5,50,3,1,1,4,4,5,13,4,4,5,5,5,2,17,1,18,3,10,6,1,7,5,1,10,1,17,,72,,1,21,121.5193162,25.0815168
113,7,10,15,36,2,08士林區,士林區通河街與通河街179巷口,0,0,1,2,C03,6,6,5,50,3,1,1,4,4,5,13,4,4,5,5,5,2,17,1,60,2,9,6,1,7,9,1,10,1,17,,42,,1,21,121.5193162,25.0815168
113,7,10,16,0,2,08士林區,士林區承德路4段與福港街口,0,0,1,1,B01,6,6,5,50,4,1,1,4,4,5,13,1,1,1,4,5,1,17,1,44,3,10,7,1,7,5,1,4,1,2,,8,,1,21,121.5184125,25.08997292
113,7,10,16,0,2,08士林區,士林區承德路4段與福港街口,0,0,1,2,C03,6,6,5,50,4,1,1,4,4,5,13,1,1,1,4,5,1,17,1,19,2,9,6,1,7,9,1,10,1,11,,44,,1,21,121.5184125,25.08997292
113,7,10,16,7,2,05中正區,中正區重慶南路3段與和平西路1段口,0,0,1,1,C03,6,6,5,50,5,2,1,4,4,5,13,2,1,1,3,5,1,17,1,18,2,9,5,1,7,10,1,10,1,14,,42,,1,21,121.5161282,25.02703448
113,7,10,16,7,2,05中正區,中正區重慶南路3段與和平西路1段口,0,0,1,2,B01,6,6,5,50,5,2,1,4,4,5,13,2,1,1,3,5,1,17,1,73,3,10,3,4,7,6,1,6,11,17,,9,,2,21,121.5161282,25.02703448
113,7,10,17,8,2,03中山區,中山區內湖路1段與堤頂大道2段口,0,0,1,1,C03,7,5,5,50,4,2,1,4,4,5,13,1,1,1,4,5,2,13,1,41,3,10,6,1,7,14,1,10,1,13,,44,,1,21,121.5601923,25.0846828
113,7,10,17,8,2,03中山區,中山區內湖路1段與堤頂大道2段口,0,0,1,2,C03,7,5,5,50,4,2,1,4,4,5,13,1,1,1,4,5,2,13,1,27,2,8,6,1,7,9,1,10,1,14,,108,,1,21,121.5601923,25.0846828
113,7,10,17,10,2,05中正區,中正區中山南路與信義路1段口,0,0,1,1,C03,6,6,5,50,5,1,1,4,4,5,13,1,1,1,4,5,2,16,1,21,2,9,6,1,7,5,1,10,1,14,,96,,1,22,121.5178432,25.0386242
113,7,10,17,10,2,05中正區,中正區中山南路與信義路1段口,0,0,1,2,B03,6,6,5,50,5,1,1,4,4,5,13,1,1,1,4,5,2,16,1,37,3,10,7,1,7,9,1,8,1,5,,44,,1,22,121.5178432,25.0386242
113,7,10,17,21,2,08士林區,士林區德行東路與德行東路93巷口,0,0,1,1,C03,7,6,5,50,4,1,1,4,4,5,13,4,4,5,5,5,2,17,1,53,2,9,6,1,7,9,1,10,1,12,,42,,1,21,121.5278691,25.107555
113,7,10,17,21,2,08士林區,士林區德行東路與德行東路93巷口,0,0,1,2,C03,7,6,5,50,4,1,1,4,4,5,13,4,4,5,5,5,2,17,1,22,3,10,6,1,7,10,1,10,1,17,,44,,1,21,121.5278691,25.107555
113,7,10,17,30,2,07信義區,信義區永吉路459巷5弄2號,0,0,2,1,F06,8,7,7,30,22,9,1,5,4,5,13,4,4,10,5,5,2,9,2,32,2,9,4,4,7,9,8,20,9,15,,80,,1,21,121.5788343,25.0459433
113,7,10,17,30,2,07信義區,信義區永吉路459巷5弄2號,0,0,2,2,H01,8,7,7,30,22,9,1,5,4,5,13,4,4,10,5,5,2,9,2,37,2,7,4,5,8,20,8,20,9,16,,67,,1,21,121.5788343,25.0459433
113,7,10,17,38,2,04大安區,大安區市民大道4段與光復南路口,0,0,1,1,C03,7,6,5,40,5,1,1,5,4,5,13,2,1,1,4,1,1,11,2,59,2,9,3,4,7,15,1,10,11,15,,99,,1,21,121.5576208,25.0449538
113,7,10,17,38,2,04大安區,大安區市民大道4段與光復南路口,0,0,1,2,B01,7,6,5,40,5,1,1,5,4,5,13,2,1,1,4,1,1,11,1,62,3,10,3,4,7,9,1,4,2,2,,99,,1,21,121.5576208,25.0449538
113,7,10,17,43,2,01大同區,大同區承德路2段與承德路2段91巷口,0,0,1,1,,7,6,5,50,3,2,1,4,4,5,13,4,4,1,4,5,2,17,4,0,,,,,,,,,,,,119,,2,,121.5183655,25.0568078
113,7,10,17,43,2,01大同區,大同區承德路2段與承德路2段91巷口,0,0,1,2,C03,7,6,5,50,3,2,1,4,4,5,13,4,4,1,4,5,2,17,1,34,2,9,5,4,7,9,1,10,9,14,,119,,1,21,121.5183655,25.0568078
113,7,10,17,43,2,01大同區,大同區承德路2段與承德路2段91巷口,0,0,1,3,C03,7,6,5,50,3,2,1,4,4,5,13,4,4,1,4,5,2,17,1,27,4,11,3,4,7,21,7,19,11,15,,118,,2,22,121.5183655,25.0568078
113,7,10,17,43,2,01大同區,大同區承德路2段與承德路2段91巷口,0,0,1,4,C03,7,6,5,50,3,2,1,4,4,5,13,4,4,1,4,5,2,17,1,39,3,10,5,2,7,15,1,10,9,17,,119,,2,21,121.5183655,25.0568078
113,7,10,17,43,2,01大同區,大同區承德路2段與承德路2段91巷口,0,0,1,5,B03,7,6,5,50,3,2,1,4,4,5,13,4,4,1,4,5,2,17,1,48,3,10,3,4,7,15,1,8,9,17,,119,,2,21,121.5183655,25.0568078
113,7,10,17,44,2,03中山區,中山區林森北路與雙城街19巷口,0,0,1,1,C03,7,7,5,50,4,1,1,4,4,5,13,4,4,9,4,5,2,3,1,41,2,7,5,1,7,9,1,10,1,11,,70,,1,21,121.5256477,25.0654494
113,7,10,17,44,2,03中山區,中山區林森北路與雙城街19巷口,0,0,1,2,H01,7,7,5,50,4,1,1,4,4,5,13,4,4,9,4,5,2,3,2,67,3,10,4,5,8,16,8,20,10,16,,67,,1,21,121.5256477,25.0654494
113,7,10,18,13,2,02萬華區,萬華區中華路2段與中華路2段467巷口,0,0,2,1,C03,7,5,5,50,3,1,1,5,4,5,13,2,1,8,3,4,1,16,1,48,2,9,3,4,7,11,1,10,1,12,,10,,1,22,121.5111856,25.0243306
113,7,10,18,13,2,02萬華區,萬華區中華路2段與中華路2段467巷口,0,0,2,2,C03,7,5,5,50,3,1,1,5,4,5,13,2,1,8,3,4,1,16,1,32,2,9,3,4,7,9,1,10,1,14,,44,,1,22,121.5111856,25.0243306
113,7,10,18,20,2,05中正區,中正區衡陽路114號,0,0,1,1,C03,7,6,5,50,14,9,1,5,4,5,13,4,4,10,4,5,2,13,2,34,2,9,6,1,7,9,1,10,1,11,,16,,1,22,121.509937,25.0421976
113,7,10,18,20,2,05中正區,中正區衡陽路114號,0,0,1,2,C03,7,6,5,50,14,9,1,5,4,5,13,4,4,10,4,5,2,13,1,34,3,10,6,1,7,12,1,10,1,13,,44,,1,22,121.509937,25.0421976
113,7,10,18,34,2,02萬華區,萬華區環河南路2段202號前,0,0,2,1,B03,8,5,8,50,22,22,1,5,4,5,13,1,1,10,5,5,2,13,2,68,3,10,3,4,7,1,1,8,1,1,,108,,1,21,121.4930278,25.0339701
113,7,10,18,34,2,02萬華區,萬華區環河南路2段202號前,0,0,2,2,C03,8,5,8,50,22,22,1,5,4,5,13,1,1,10,5,5,2,13,1,56,2,6,3,4,7,14,1,10,1,13,,42,,1,21,121.4930278,25.0339701
113,7,10,18,34,2,02萬華區,萬華區環河南路2段202號前,0,0,2,3,H02,8,5,8,50,22,22,1,5,4,5,13,1,1,10,5,5,2,13,2,63,2,9,3,5,7,21,8,20,10,16,,67,,1,21,121.4930278,25.0339701
113,7,10,18,40,2,05中正區,中正區羅斯福路3段與辛亥路1段口,0,0,1,1,C03,8,7,5,50,4,1,1,5,4,5,13,1,1,1,4,5,2,16,1,27,2,8,5,4,7,5,1,10,1,13,,44,,1,21,121.5290984,25.0198455
113,7,10,18,40,2,05中正區,中正區羅斯福路3段與辛亥路1段口,0,0,1,2,B03,8,7,5,50,4,1,1,5,4,5,13,1,1,1,4,5,2,16,1,36,3,10,7,4,7,9,1,8,1,5,,44,,1,21,121.5290984,25.0198455
113,7,10,18,40,2,05中正區,中正區羅斯福路3段與辛亥路1段口,0,0,1,3,H02,8,7,5,50,4,1,1,5,4,5,13,1,1,1,4,5,2,16,2,25,4,11,5,5,7,20,8,20,10,16,,67,,1,21,121.5290984,25.0198455
113,7,10,18,45,2,05中正區,中正區中華路2段與中華路2段39巷口,0,0,1,1,B01,7,7,5,50,3,1,1,4,4,5,13,4,4,1,4,5,2,17,1,67,3,10,7,1,7,9,1,4,2,4,,44,,1,22,121.5065032,25.0354799
113,7,10,18,45,2,05中正區,中正區中華路2段與中華路2段39巷口,0,0,1,2,C03,7,7,5,50,3,1,1,4,4,5,13,4,4,1,4,5,2,17,2,48,2,9,5,1,7,7,1,10,2,12,,100,,1,22,121.5065032,25.0354799
113,7,10,18,45,2,05中正區,中正區中華路2段與中華路2段39巷口,0,0,1,3,H02,7,7,5,50,3,1,1,4,4,5,13,4,4,1,4,5,2,17,1,22,4,11,5,5,7,20,8,20,10,16,,67,,1,22,121.5065032,25.0354799
113,7,10,18,55,2,10文山區,文山區辛亥路4段與辛亥路4段166巷口,0,0,2,1,C03,8,5,5,50,3,1,1,5,4,5,13,2,1,1,4,5,2,16,2,50,2,8,6,1,7,5,1,10,1,12,,71,,1,21,121.5563244,25.0036984
113,7,10,18,55,2,10文山區,文山區辛亥路4段與辛亥路4段166巷口,0,0,2,2,C03,8,5,5,50,3,1,1,5,4,5,13,2,1,1,4,5,2,16,2,44,2,9,6,1,7,9,1,10,1,11,,44,,1,21,121.5563244,25.0036984
113,7,10,18,58,2,03中山區,中山區長安西路19巷2弄與長安西路口,0,0,2,1,C03,8,5,5,50,4,1,1,5,4,5,13,1,1,5,4,4,2,16,1,52,3,10,3,4,7,5,1,10,1,12,,8,,1,21,121.5202636,25.05019925
113,7,10,18,58,2,03中山區,中山區長安西路19巷2弄與長安西路口,0,0,2,2,C03,8,5,5,50,4,1,1,5,4,5,13,1,1,5,4,4,2,16,2,42,2,8,3,4,7,9,1,10,1,11,,44,,1,21,121.5202636,25.05019925
113,7,10,18,58,2,03中山區,中山區長安西路19巷2弄與長安西路口,0,0,2,3,H02,8,5,5,50,4,1,1,5,4,5,13,1,1,5,4,4,2,16,2,42,2,7,3,5,7,21,8,20,10,16,,67,,1,22,121.5202636,25.05019925
113,7,10,19,2,2,07信義區,信義區松隆路57號,0,0,2,1,C03,7,5,5,50,14,9,1,5,4,5,13,1,1,1,4,5,2,13,1,27,2,8,3,4,7,9,1,10,1,11,,108,,1,22,121.5688688,25.04458687
113,7,10,19,2,2,07信義區,信義區松隆路57號,0,0,2,2,C03,7,5,5,50,14,9,1,5,4,5,13,1,1,1,4,5,2,13,1,34,2,8,3,4,7,14,1,10,1,13,,44,,1,22,121.5688688,25.04458687
113,7,10,19,5,2,05中正區,中正區羅斯福路4段與羅斯福路4段136巷口,0,0,2,2,F01,7,5,5,30,3,1,1,5,4,5,13,4,4,1,5,5,2,17,2,22,2,9,4,1,7,11,8,20,9,11,,11,,1,22,121.5359202,25.0129342
113,7,10,19,5,2,05中正區,中正區羅斯福路4段與羅斯福路4段136巷口,0,0,2,1,C03,7,5,5,30,3,1,1,5,4,5,13,4,4,1,5,5,2,17,1,60,2,9,5,1,7,9,1,10,9,11,,108,,1,22,121.5359202,25.0129342
113,7,10,19,35,2,11南港區,南港區南港路1段與興中路口口,0,0,2,1,C03,8,5,5,50,4,2,1,5,4,5,13,1,1,5,4,5,2,17,1,18,2,7,5,1,7,5,1,10,2,12,,8,,1,21,121.607516,25.0544843
113,7,10,19,35,2,11南港區,南港區南港路1段與興中路口口,0,0,2,2,B03,8,5,5,50,4,2,1,5,4,5,13,1,1,5,4,5,2,17,1,49,3,10,7,1,7,9,1,8,2,1,,44,,1,21,121.607516,25.0544843
113,7,10,19,35,2,11南港區,南港區南港路1段與興中路口口,0,0,2,3,C03,8,5,5,50,4,2,1,5,4,5,13,1,1,5,4,5,2,17,1,24,2,9,5,1,7,9,1,10,2,14,,16,,1,21,121.607516,25.0544843
113,7,10,19,44,2,03中山區,中山區樂群二路154號,0,0,1,1,B12,7,5,5,50,14,9,1,5,4,5,13,4,4,3,4,5,2,12,1,34,3,10,7,1,7,1,1,8,1,4,,19,,1,22,121.5573809,25.0798778
113,7,10,19,44,2,03中山區,中山區樂群二路154號,0,0,1,2,B03,7,5,5,50,14,9,1,5,4,5,13,4,4,3,4,5,2,12,2,54,2,1,7,2,7,9,1,8,1,5,,13,,1,22,121.5573809,25.0798778