發生年度,發生月,發生日,發生時-Hours,發生分,處理別-編號,區序,肇事地點,死亡人數,2-30日死亡人數,受傷人數,當事人序號,車種,天候,道路照明設備,道路類別,速限-速度限制,道路型態,事故位置,路面狀況1,路面狀況2,路面狀況3,道路障礙1,道路障礙2,號誌1,號誌2,車道劃分-分向,車道劃分-分道1,車道劃分-分道2,車道劃分-分道3,事故類型及型態,性別,年齡,受傷程度,主要傷處,保護裝置,行動電話,車輛用途,當事者行動狀態,駕駛資格情形,駕駛執照種類,飲酒情形,車輛撞擊部位1,車輛撞擊部位2,肇因碼-個別,肇因碼-主要,個人肇逃否,職業,座標-X,座標-Y
113,7,12,9,10,2,02萬華區,萬華區西藏路與雙園街口,0,0,1,2,B03,7,6,5,50,4,1,1,5,4,5,13,3,1,8,3,5,2,16,1,58,3,10,3,4,7,9,1,8,1,1,,14,,1,22,121.4950697,25.0288706
113,7,12,9,10,2,08士林區,士林區中山北路6段441巷與中山北路6段763巷7弄口,0,0,2,1,C03,8,5,8,30,3,2,1,5,4,5,13,4,4,10,5,5,2,17,2,27,2,9,5,1,7,5,1,10,2,14,,72,,1,21,121.5268574,25.1165991
113,7,12,9,10,2,08士林區,士林區中山北路6段441巷與中山北路6段763巷7弄口,0,0,2,2,C03,8,5,8,30,3,2,1,5,4,5,13,4,4,10,5,5,2,17,2,42,2,9,5,1,7,9,1,10,2,12,,44,,1,21,121.5268574,25.1165991
113,7,12,9,10,2,08士林區,士林區中山北路6段441巷與中山北路6段763巷7弄口,0,0,2,3,B03,8,5,8,30,3,2,1,5,4,5,13,4,4,10,5,5,2,17,4,0,,,,,,,,,,,,119,,2,,121.5268574,25.1165991
113,7,12,9,11,2,03中山區,中山區樂群一路與明水路口,0,0,1,1,C03,8,5,5,50,3,2,1,5,4,5,13,2,1,3,4,5,2,13,1,34,2,9,3,4,7,4,1,10,2,11,,44,,1,21,121.5504703,25.0772597
113,7,12,9,11,2,03中山區,中山區樂群一路與明水路口,0,0,1,2,B02,8,5,5,50,3,2,1,5,4,5,13,2,1,3,4,5,2,13,1,45,3,10,3,4,7,14,1,8,2,6,,44,,1,21,121.5504703,25.0772597
113,7,12,9,20,2,06松山區,松山區南京東路4段53巷7弄7號,0,0,1,1,B03,8,6,5,30,22,9,1,5,4,5,13,4,4,10,5,5,1,12,1,75,3,10,7,1,7,1,1,8,1,8,,19,,1,21,121.5507353,25.05283807
113,7,12,9,20,2,06松山區,松山區南京東路4段53巷7弄7號,0,0,1,2,C03,8,6,5,30,22,9,1,5,4,5,13,4,4,10,5,5,1,12,1,24,2,8,6,1,7,9,1,10,1,12,,108,,1,21,121.5507353,25.05283807
113,7,12,9,24,2,08士林區,士林區大南路與後港街口,0,0,1,3,B01,8,6,5,30,3,1,1,5,4,5,13,4,4,10,5,5,1,11,1,65,3,10,7,1,7,14,1,4,11,17,,44,,1,21,121.5207167,25.08845385
113,7,12,9,24,2,08士林區,士林區大南路與後港街口,0,0,1,1,C03,8,6,5,30,3,1,1,5,4,5,13,4,4,10,5,5,1,11,1,61,2,7,5,1,7,4,1,10,2,11,,80,,1,21,121.5207167,25.08845385
113,7,12,9,24,2,08士林區,士林區大南路與後港街口,0,0,1,2,C03,8,6,5,30,3,1,1,5,4,5,13,4,4,10,5,5,1,11,1,21,3,10,5,1,7,9,1,10,2,11,,5,,1,21,121.5207167,25.08845385
113,7,12,9,27,2,04大安區,大安區忠孝東路3段與新生南路1段口口,0,0,1,1,B03,8,6,5,50,4,1,1,5,4,5,13,2,1,3,4,1,2,17,1,68,3,10,7,1,7,6,1,7,1,5,,9,,1,22,121.5329793,25.0421726
113,7,12,9,27,2,04大安區,大安區忠孝東路3段與新生南路1段口口,0,0,1,2,C03,8,6,5,50,4,1,1,5,4,5,13,2,1,3,4,1,2,17,1,36,2,9,5,1,7,9,1,10,1,14,,44,,1,22,121.5329793,25.0421726
113,7,12,9,49,1,06松山區,松山區民權東路5段50號,1,0,0,1,B03,8,7,5,50,14,9,1,5,4,5,13,4,4,1,4,5,2,12,1,44,3,10,7,1,7,1,3,18,2,4,,19,,1,21,121.56509,25.0630344
113,7,12,9,49,1,06松山區,松山區民權東路5段50號,1,0,0,2,C03,8,7,5,50,14,9,1,5,4,5,13,4,4,1,4,5,2,12,1,29,1,1,5,1,7,9,1,10,9,12,,44,,1,21,121.56509,25.0630344
113,7,12,10,47,2,01大同區,大同區承德路2段與民生西路口,0,0,2,1,C03,8,5,5,50,4,2,1,5,4,1,11,2,1,1,4,5,2,17,2,52,2,9,3,4,7,6,1,10,2,13,,80,,1,21,121.5180718,25.0573791
113,7,12,10,47,2,01大同區,大同區承德路2段與民生西路口,0,0,2,2,C03,8,5,5,50,4,2,1,5,4,1,11,2,1,1,4,5,2,17,1,22,2,9,3,4,7,9,1,10,2,11,,107,,1,21,121.5180718,25.0573791
113,7,12,10,57,2,03中山區,中山區中山北路3段花博公園,0,0,1,1,C03,8,7,5,50,14,9,1,5,4,5,13,4,4,1,4,5,2,16,1,37,3,10,5,1,7,7,1,10,1,12,,100,,1,22,121.5235235,25.07124834
113,7,12,10,57,2,03中山區,中山區中山北路3段花博公園,0,0,1,2,C03,8,7,5,50,14,9,1,5,4,5,13,4,4,1,4,5,2,16,1,60,2,9,5,1,7,9,1,10,1,14,,44,,1,22,121.5235235,25.07124834
113,7,12,11,1,2,02萬華區,萬華區武成街與武成街35巷口口,0,0,2,1,C03,8,6,5,30,4,1,1,5,4,5,13,4,4,10,5,5,1,15,2,67,2,9,3,4,7,9,1,10,1,11,,75,,1,21,121.4953672,25.018633
113,7,12,11,1,2,02萬華區,萬華區武成街與武成街35巷口口,0,0,2,2,C03,8,6,5,30,4,1,1,5,4,5,13,4,4,10,5,5,1,15,1,21,2,9,3,4,7,9,1,10,1,11,,107,,1,21,121.4953672,25.018633
113,7,12,11,15,2,07信義區,信義區忠孝東路5段與基隆路口側附近1段口,0,0,1,1,B01,8,6,5,50,5,1,1,5,4,5,13,2,1,1,4,4,2,16,1,25,3,10,3,4,7,6,1,4,2,5,,9,,1,21,121.5646663,25.0413188
113,7,12,11,15,2,07信義區,信義區忠孝東路5段與基隆路口側附近1段口,0,0,1,2,C03,8,6,5,50,5,1,1,5,4,5,13,2,1,1,4,4,2,16,1,70,2,9,6,1,7,9,1,10,2,14,,44,,1,21,121.5646663,25.0413188
113,7,12,11,19,2,08士林區,士林區忠誠路2段與德行東路口,0,0,1,1,C03,8,6,5,50,4,1,1,5,4,5,13,2,1,1,4,1,1,12,1,27,3,10,5,1,7,5,1,10,1,14,,8,,1,21,121.5303329,25.10840178
113,7,12,11,19,2,08士林區,士林區忠誠路2段與德行東路口,0,0,1,2,C03,8,6,5,50,4,1,1,5,4,5,13,2,1,1,4,1,1,12,1,33,2,9,5,1,7,15,1,10,1,12,,44,,1,21,121.5303329,25.10840178
113,7,12,11,45,2,12內湖區,內湖區民權大橋(松山往內湖),0,0,1,1,C03,8,5,5,30,14,11,1,5,4,5,13,4,4,1,4,4,1,17,2,48,2,8,6,1,7,9,1,10,2,12,,42,,1,21,121.5711198,25.06437498
113,7,12,11,45,2,12內湖區,內湖區民權大橋(松山往內湖),0,0,1,2,C03,8,5,5,30,14,11,1,5,4,5,13,4,4,1,4,4,1,17,1,26,3,10,6,1,7,13,1,10,2,14,,42,,1,21,121.5711198,25.06437498
113,7,12,12,5,2,04大安區,大安區仁愛路4段與敦化南路1段口,0,0,1,1,B03,8,6,5,50,4,1,1,5,4,5,13,1,1,9,4,5,1,15,1,42,3,10,3,4,7,9,1,8,1,6,,44,,1,21,121.5477729,25.0380434
113,7,12,12,5,2,04大安區,大安區仁愛路4段與敦化南路1段口,0,0,1,2,F02,8,6,5,50,4,1,1,5,4,5,13,1,1,9,4,5,1,15,2,45,2,9,4,4,7,9,8,20,1,11,,44,,1,21,121.5477729,25.0380434
113,7,12,12,5,2,07信義區,信義區忠孝東路5段524巷1弄11號,0,0,2,1,C03,8,7,8,30,22,22,1,5,4,5,13,4,4,10,5,5,2,9,1,54,2,8,5,1,7,9,1,10,2,12,,44,,1,22,121.5800507,25.0414179
113,7,12,12,5,2,07信義區,信義區忠孝東路5段524巷1弄11號,0,0,2,2,H01,8,7,8,30,22,22,1,5,4,5,13,4,4,10,5,5,2,9,2,70,2,9,4,5,8,16,8,20,10,16,,60,,1,22,121.5800507,25.0414179
113,7,12,12,5,2,07信義區,信義區和平東路3段圓環內,0,0,1,1,C03,7,5,5,50,5,2,1,5,4,5,13,1,1,5,5,5,2,17,2,34,2,7,5,3,7,7,1,10,2,14,,72,,1,21,121.5528826,25.0244578
113,7,12,12,5,2,07信義區,信義區和平東路3段圓環內,0,0,1,2,B12,7,5,5,50,5,2,1,5,4,5,13,1,1,5,5,5,2,17,1,51,3,10,7,1,7,9,1,8,2,6,,44,,1,21,121.5528826,25.0244578
113,7,12,12,25,2,03中山區,中山區建國北路2段與長春路口,0,0,2,1,F03,8,6,5,50,4,2,1,5,4,5,13,1,1,5,4,5,2,16,1,28,2,9,4,1,7,7,8,20,2,12,,100,,1,22,121.5374328,25.0545969
113,7,12,12,25,2,03中山區,中山區建國北路2段與長春路口,0,0,2,2,C03,8,6,5,50,4,2,1,5,4,5,13,1,1,5,4,5,2,16,1,25,2,5,6,1,7,9,1,10,2,14,,44,,1,23,121.5374328,25.0545969
113,7,12,12,49,2,04大安區,大安區忠孝東路3段與建國南路1段口,0,0,1,1,C03,8,6,5,50,4,1,1,5,4,5,13,1,1,1,3,5,2,12,1,65,2,8,6,1,7,9,1,10,1,12,,42,,1,21,121.5367798,25.0418943
113,7,12,12,49,2,04大安區,大安區忠孝東路3段與建國南路1段口,0,0,1,2,B03,8,6,5,50,4,1,1,5,4,5,13,1,1,1,3,5,2,12,2,59,3,10,7,1,7,9,1,8,1,4,,44,,1,21,121.5367798,25.0418943
113,7,12,12,50,2,08士林區,士林區忠誠路2段166巷28弄與忠誠路2段166巷口,0,0,3,1,C03,8,7,5,30,4,1,1,5,4,5,13,4,4,10,5,5,2,15,1,52,2,9,3,4,7,9,1,10,2,14,,14,,1,21,121.5323608,25.1159277
113,7,12,12,50,2,08士林區,士林區忠誠路2段166巷28弄與忠誠路2段166巷口,0,0,3,2,C03,8,7,5,30,4,1,1,5,4,5,13,4,4,10,5,5,2,15,1,56,2,9,3,4,7,9,1,10,2,11,,14,,1,21,121.5323608,25.1159277
113,7,12,12,50,2,08士林區,士林區忠誠路2段166巷28弄與忠誠路2段166巷口,0,0,3,3,H02,8,7,5,30,4,1,1,5,4,5,13,4,4,10,5,5,2,15,2,12,2,9,3,5,7,20,8,20,10,16,,67,,1,21,121.5323608,25.1159277
113,7,12,13,8,2,07信義區,信義區虎林街與松隆路口側附近口,0,0,1,1,B03,8,6,5,50,5,1,1,5,4,5,13,2,1,5,5,5,2,16,1,28,3,10,3,4,7,6,1,8,2,5,,9,,1,21,121.576077,25.0482811
113,7,12,13,8,2,07信義區,信義區虎林街與松隆路口側附近口,0,0,1,2,C03,8,6,5,50,5,1,1,5,4,5,13,2,1,5,5,5,2,16,1,68,2,9,3,4,7,9,1,10,2,11,,44,,1,21,121.576077,25.0482811
113,7,12,13,20,2,07信義區,信義區崇德街71號,0,0,1,1,B01,8,6,8,50,22,22,1,5,4,5,13,3,1,1,4,5,2,17,1,62,3,10,7,1,7,6,1,4,2,4,,80,,1,21,121.555159,25.0242702
113,7,12,13,20,2,07信義區,信義區崇德街71號,0,0,1,2,F01,8,6,8,50,22,22,1,5,4,5,13,3,1,1,4,5,2,17,2,43,2,9,4,1,7,9,8,20,2,12,,44,,1,22,121.555159,25.0242702
113,7,12,13,34,2,11南港區,南港區南港路1段與興華路口,0,0,2,1,C03,8,6,5,50,4,2,1,5,4,5,13,1,1,5,4,5,2,16,1,32,2,9,6,1,7,5,1,10,1,12,,8,,1,21,121.6062303,25.0542517
113,7,12,13,34,2,11南港區,南港區南港路1段與興華路口,0,0,2,2,B03,8,6,5,50,4,2,1,5,4,5,13,1,1,5,4,5,2,16,1,29,3,10,7,1,7,9,1,8,1,1,,44,,1,21,121.6062303,25.0542517
113,7,12,13,34,2,11南港區,南港區南港路1段與興華路口,0,0,2,3,H02,8,6,5,50,4,2,1,5,4,5,13,1,1,5,4,5,2,16,1,35,2,9,6,5,7,20,8,20,10,16,,67,,1,21,121.6062303,25.0542517
113,7,12,13,50,2,12內湖區,內湖區新明路與新明路107巷口,0,0,1,1,B03,8,6,5,50,3,1,1,5,4,5,13,4,4,9,4,5,2,16,1,74,3,10,7,1,7,11,1,8,2,8,,10,,1,21,121.5901382,25.05983784
113,7,12,13,50,2,12內湖區,內湖區新明路與新明路107巷口,0,0,1,2,C03,8,6,5,50,3,1,1,5,4,5,13,4,4,9,4,5,2,16,1,21,2,8,6,1,7,9,1,10,2,11,,14,,1,21,121.5901382,25.05983784
113,7,12,13,55,2,04大安區,大安區敦化南路1段與安和路1段口口,0,0,1,1,A04,8,6,5,50,14,9,1,5,4,5,13,4,4,1,5,5,2,9,1,58,3,10,7,1,7,3,1,2,1,17,,18,,1,21,121.5491362,25.0392519
113,7,12,13,55,2,04大安區,大安區敦化南路1段與安和路1段口口,0,0,1,2,H02,8,6,5,50,14,9,1,5,4,5,13,4,4,1,5,5,2,9,2,57,2,9,4,5,7,19,8,20,10,16,,55,,1,21,121.5491362,25.0392519
113,7,12,13,55,2,04大安區,大安區建國南路1段與建國南路1段65巷口,0,0,1,1,B02,7,6,5,50,3,1,1,5,4,5,13,4,4,10,4,5,2,17,2,34,3,10,7,1,7,6,1,8,1,5,,9,,1,22,121.5369492,25.0439026
113,7,12,13,55,2,04大安區,大安區建國南路1段與建國南路1段65巷口,0,0,1,2,C03,7,6,5,50,3,1,1,5,4,5,13,4,4,10,4,5,2,17,1,23,2,8,5,1,7,9,1,10,1,14,,44,,1,22,121.5369492,25.0439026
113,7,12,14,10,2,02萬華區,萬華區桂林路與桂林路242巷口,0,0,1,1,B03,8,7,5,50,5,1,1,5,4,5,13,1,1,1,3,5,2,13,2,34,3,10,7,1,7,9,1,8,1,1,,16,,1,22,121.4959989,25.0386248
113,7,12,14,10,2,02萬華區,萬華區桂林路與桂林路242巷口,0,0,1,2,C03,8,7,5,50,5,1,1,5,4,5,13,1,1,1,3,5,2,13,1,58,2,9,6,1,7,9,1,10,1,13,,14,,1,22,121.4959989,25.0386248
113,7,12,14,10,2,02萬華區,萬華區桂林路與桂林路242巷口,0,0,1,3,C03,8,7,5,50,5,1,1,5,4,5,13,1,1,1,3,5,2,13,1,18,3,10,6,1,7,9,1,10,1,13,,44,,1,22,121.4959989,25.0386248
113,7,12,14,32,2,04大安區,大安區和平東路3段228巷與安居街8巷口,0,0,1,1,C03,6,6,5,50,3,1,1,4,4,5,13,4,4,9,4,5,1,17,1,30,2,9,3,4,7,5,1,10,9,11,,74,,1,21,121.554305,25.0218831
113,7,12,14,32,2,04大安區,大安區和平東路3段228巷與安居街8巷口,0,0,1,2,C03,6,6,5,50,3,1,1,4,4,5,13,4,4,9,4,5,1,17,4,0,,,,,,,,,,,,119,,2,,121.554305,25.0218831
113,7,12,14,33,2,11南港區,南港區東新街與東新街108巷口,0,0,1,1,C03,6,6,5,50,4,1,1,4,4,5,13,2,1,5,5,5,2,16,1,26,2,7,5,1,7,6,1,10,1,14,,44,,1,21,121.5877339,25.0463432
113,7,12,14,33,2,11南港區,南港區東新街與東新街108巷口,0,0,1,2,C03,6,6,5,50,4,1,1,4,4,5,13,2,1,5,5,5,2,16,2,28,3,10,5,1,7,6,1,10,1,12,,44,,1,21,121.5877339,25.0463432
113,7,12,14,37,2,06松山區,松山區民權東路5段與民權東路5段口1號旁無名巷,0,0,1,1,C03,7,7,5,50,4,2,1,5,4,5,13,2,1,8,3,4,2,13,1,42,3,10,5,1,7,11,1,10,1,17,,71,,1,21,121.5649089,25.0630303
113,7,12,14,37,2,06松山區,松山區民權東路5段與民權東路5段口1號旁無名巷,0,0,1,2,C03,7,7,5,50,4,2,1,5,4,5,13,2,1,8,3,4,2,13,2,26,2,9,5,1,7,9,1,10,1,15,,16,,1,21,121.5649089,25.0630303
113,7,12,14,37,2,06松山區,松山區民權東路5段與民權東路5段口1號旁無名巷,0,0,1,3,C03,7,7,5,50,4,2,1,5,4,5,13,2,1,8,3,4,2,13,1,30,3,10,5,1,7,9,1,10,1,13,,14,,1,21,121.5649089,25.0630303
113,7,12,14,38,2,08士林區,士林區格致路與凱旋路口,0,0,1,1,B03,8,7,5,40,3,1,1,5,4,5,13,4,4,9,4,5,1,17,1,62,3,10,7,1,7,5,1,8,2,2,,14,,1,21,121.5464089,25.13700852
113,7,12,14,38,2,08士林區,士林區格致路與凱旋路口,0,0,1,2,C03,8,7,5,40,3,1,1,5,4,5,13,4,4,9,4,5,1,17,2,19,2,9,5,1,7,9,1,10,2,14,,14,,1,21,121.5464089,25.13700852
113,7,12,15,20,2,07信義區,信義區吳興街252號,0,0,1,1,B03,7,7,5,50,3,1,1,5,4,5,13,4,4,9,4,5,2,17,1,23,3,10,7,1,7,1,1,8,2,4,,19,,1,21,121.5636179,25.0270899
113,7,12,15,20,2,07信義區,信義區吳興街252號,0,0,1,2,C03,7,7,5,50,3,1,1,5,4,5,13,4,4,9,4,5,2,17,1,55,2,6,5,1,7,9,1,10,6,11,,21,,1,21,121.5636179,25.0270899
113,7,12,15,30,2,10文山區,文山區辛亥路4段與辛亥路4段166巷口,0,0,1,2,A12,8,6,5,50,14,9,1,5,4,5,13,2,1,1,4,5,2,13,1,49,3,10,7,1,7,9,1,7,2,3,,44,,1,26,121.556478,25.0039055
113,7,12,15,30,2,10文山區,文山區辛亥路4段與辛亥路4段166巷口,0,0,1,1,C03,8,6,5,50,14,9,1,5,4,5,13,2,1,1,4,5,2,13,1,63,2,9,6,1,7,9,1,10,2,11,,108,,1,21,121.556478,25.0039055
113,7,12,15,50,2,09北投區,北投區中央北路4段584號加油站入口處,0,0,1,1,B03,8,5,5,50,14,9,1,5,4,5,13,4,4,9,4,5,1,12,1,38,3,10,7,1,7,11,1,8,1,6,,44,,1,21,121.466403,25.127057
113,7,12,15,50,2,09北投區,北投區中央北路4段584號加油站入口處,0,0,1,2,C03,8,5,5,50,14,9,1,5,4,5,13,4,4,9,4,5,1,12,2,63,2,7,6,1,7,9,1,10,1,14,,44,,1,21,121.466403,25.127057
113,7,12,15,57,2,03中山區,中山區民權東路2段與吉林路口,0,0,1,1,B12,8,6,5,50,4,2,1,5,4,5,13,2,1,1,4,5,2,17,1,28,3,10,7,1,7,8,1,8,9,17,,101,,1,21,121.5300794,25.0627028
113,7,12,15,57,2,03中山區,中山區民權東路2段與吉林路口,0,0,1,2,C03,8,6,5,50,4,2,1,5,4,5,13,2,1,1,4,5,2,17,1,34,2,7,6,1,7,9,1,10,1,17,,108,,1,21,121.5300794,25.0627028
113,7,12,16,3,2,04大安區,大安區復興南路1段156號,0,0,1,2,C03,8,7,5,50,14,9,1,5,4,5,13,4,4,1,4,5,2,12,2,37,2,9,3,4,7,7,1,10,1,14,,101,,1,21,121.5436782,25.0421304
113,7,12,16,3,2,04大安區,大安區復興南路1段156號,0,0,1,1,C03,8,7,5,50,14,9,1,5,4,5,13,4,4,1,4,5,2,12,1,32,3,10,3,4,7,9,1,10,1,12,,44,,1,21,121.5436782,25.0421304
113,7,12,16,45,2,12內湖區,內湖區行善路與新湖二路口,0,0,2,1,C03,8,6,5,50,4,1,1,5,4,5,13,2,1,1,4,4,2,17,1,33,2,9,6,1,7,9,1,10,1,12,,42,,1,21,121.585559,25.064753
113,7,12,16,45,2,12內湖區,內湖區行善路與新湖二路口,0,0,2,2,C03,8,6,5,50,4,1,1,5,4,5,13,2,1,1,4,4,2,17,1,38,2,9,6,1,7,9,1,10,1,14,,42,,1,21,121.585559,25.064753
113,7,12,16,45,2,12內湖區,內湖區行善路與新湖二路口,0,0,2,3,B03,8,6,5,50,4,1,1,5,4,5,13,2,1,1,4,4,2,17,2,38,3,10,7,1,7,15,1,8,1,17,,100,,1,21,121.585559,25.064753
113,7,12,16,47,2,02萬華區,萬華區中華路1段與南寧路口,0,0,1,1,A04,8,6,5,50,5,1,1,5,4,5,13,1,1,8,3,5,1,17,1,45,3,10,7,1,7,9,1,2,1,2,,44,,1,21,121.5065724,25.037162
113,7,12,16,47,2,02萬華區,萬華區中華路1段與南寧路口,0,0,1,2,C03,8,6,5,50,5,1,1,5,4,5,13,1,1,8,3,5,1,17,1,24,2,9,5,1,7,5,1,10,1,14,,8,,1,21,121.5065724,25.037162
113,7,12,17,23,2,06松山區,松山區市民大道6段與虎林街口,0,0,1,1,C03,8,5,5,50,4,1,1,5,4,5,13,1,1,10,4,5,2,17,1,26,2,9,5,1,7,9,1,10,1,17,,42,,1,22,121.5761135,25.0494411
113,7,12,17,23,2,06松山區,松山區市民大道6段與虎林街口,0,0,1,2,C03,8,5,5,50,4,1,1,5,4,5,13,1,1,10,4,5,2,17,1,27,3,10,5,1,7,9,1,10,1,17,,44,,1,26,121.5761135,25.0494411
113,7,12,17,34,2,06松山區,松山區八德路4段185號,0,0,1,1,C03,8,6,5,50,14,9,1,5,4,5,13,4,4,5,4,5,2,17,1,47,2,9,6,1,7,12,1,10,1,14,,42,,1,21,121.5633416,25.04874808
113,7,12,17,34,2,06松山區,松山區八德路4段185號,0,0,1,2,C03,8,6,5,50,14,9,1,5,4,5,13,4,4,5,4,5,2,17,1,30,3,10,6,1,7,9,1,10,1,11,,44,,1,21,121.5633416,25.04874808
113,7,12,17,35,2,05中正區,中正區思源街16號,0,0,1,1,B03,8,6,5,50,3,2,1,5,4,5,13,1,1,1,4,4,1,17,1,60,3,10,7,1,7,8,1,8,2,4,,100,,1,21,121.5308064,25.0139219
113,7,12,17,35,2,05中正區,中正區思源街16號,0,0,1,2,C03,8,6,5,50,3,2,1,5,4,5,13,1,1,1,4,4,1,17,1,62,2,7,6,1,7,9,1,10,2,12,,108,,1,21,121.5308064,25.0139219
113,7,12,17,35,2,05中正區,中正區思源街16號,0,0,1,3,B03,8,6,5,50,3,2,1,5,4,5,13,1,1,1,4,4,1,17,1,48,3,10,7,1,7,9,1,8,2,2,,44,,1,21,121.5308064,25.0139219
113,7,12,17,35,2,05中正區,中正區思源街16號,0,0,1,4,B03,8,6,5,50,3,2,1,5,4,5,13,1,1,1,4,4,1,17,1,35,3,10,7,1,7,15,1,8,11,10,,38,,1,21,121.5308064,25.0139219
113,7,12,17,40,2,07信義區,信義區嘉興街與嘉興街216巷口,0,0,2,1,C03,8,7,5,30,3,1,1,5,4,5,13,4,4,9,4,5,2,17,1,70,2,8,5,1,7,5,1,10,1,12,,8,,1,21,121.5566628,25.0268703
113,7,12,17,40,2,07信義區,信義區嘉興街與嘉興街216巷口,0,0,2,2,C03,8,7,5,30,3,1,1,5,4,5,13,4,4,9,4,5,2,17,1,66,2,8,5,1,7,9,1,10,1,11,,13,,1,21,121.5566628,25.0268703
113,7,12,17,51,2,02萬華區,萬華區環河南路1段與武昌街2段口,0,0,3,1,C03,8,7,5,50,4,1,1,5,4,5,13,1,1,9,5,5,2,15,1,30,2,8,5,1,7,9,1,10,1,11,,81,,1,21,121.5025614,25.0457187
113,7,12,17,51,2,02萬華區,萬華區環河南路1段與武昌街2段口,0,0,3,2,C03,8,7,5,50,4,1,1,5,4,5,13,1,1,9,5,5,2,15,2,53,2,9,5,1,7,1,1,10,1,12,,44,,1,21,121.5025614,25.0457187
113,7,12,17,51,2,02萬華區,萬華區環河南路1段與武昌街2段口,0,0,3,3,H02,8,7,5,50,4,1,1,5,4,5,13,1,1,9,5,5,2,15,1,30,2,7,5,5,7,17,8,20,10,16,,67,,1,21,121.5025614,25.0457187
113,7,12,17,56,2,07信義區,信義區忠孝東路5段與忠孝東路5段524巷口,0,0,2,1,B03,7,5,5,30,4,19,1,5,4,5,13,1,1,1,4,5,2,9,1,60,2,7,7,1,7,5,1,8,1,8,,70,,1,21,121.5791043,25.0415357
113,7,12,17,56,2,07信義區,信義區忠孝東路5段與忠孝東路5段524巷口,0,0,2,2,H01,7,5,5,30,4,19,1,5,4,5,13,1,1,1,4,5,2,9,1,43,2,9,4,5,8,16,8,20,10,16,,67,,1,21,121.5791043,25.0415357
113,7,12,19,16,2,04大安區,大安區仁愛路4段345巷與仁愛路4段345巷2弄口,0,0,1,1,B03,8,5,5,30,4,1,1,5,4,5,13,4,4,10,5,5,2,17,1,19,3,10,7,1,7,9,1,8,1,8,,80,,1,21,121.5540661,25.0384792
113,7,12,19,16,2,04大安區,大安區仁愛路4段345巷與仁愛路4段345巷2弄口,0,0,1,2,C03,8,5,5,30,4,1,1,5,4,5,13,4,4,10,5,5,2,17,2,23,2,9,6,1,7,9,1,10,1,12,,14,,1,21,121.5540661,25.0384792
113,7,12,19,26,2,05中正區,中正區水源路與泉州街口,0,0,1,1,B01,8,5,5,50,4,2,1,5,4,5,13,1,1,1,4,5,2,13,1,47,3,10,7,1,7,9,1,2,1,1,,108,,1,22,121.5127935,25.0240953
113,7,12,19,26,2,05中正區,中正區水源路與泉州街口,0,0,1,2,B01,8,5,5,50,4,2,1,5,4,5,13,1,1,1,4,5,2,13,1,52,3,10,7,1,7,14,1,2,1,3,,44,,1,22,121.5127935,25.0240953
113,7,12,19,26,2,05中正區,中正區水源路與泉州街口,0,0,1,3,H02,8,5,5,50,4,2,1,5,4,5,13,1,1,1,4,5,2,13,2,30,2,1,2,5,7,20,8,20,10,16,,67,,1,22,121.5127935,25.0240953
113,7,12,19,26,2,05中正區,中正區水源路與泉州街口,0,0,1,4,H02,8,5,5,50,4,2,1,5,4,5,13,1,1,1,4,5,2,13,2,31,4,11,2,5,7,20,8,20,10,16,,67,,1,22,121.5127935,25.0240953
113,7,12,19,28,2,05中正區,中正區忠孝東路2段與金山南路1段口,0,0,1,1,C03,8,6,5,50,4,1,1,5,5,5,13,2,1,1,4,5,2,18,1,27,2,9,5,1,7,9,1,10,2,14,,44,,1,22,121.5297406,25.04311272
113,7,12,19,28,2,05中正區,中正區忠孝東路2段與金山南路1段口,0,0,1,2,,8,6,5,50,4,1,1,5,5,5,13,2,1,1,4,5,2,18,3,0,,,,,,,,,,,,61,,1,,121.5297406,25.04311272
113,7,12,19,48,2,09北投區,北投區承德路7段與大業路口,0,0,1,1,C03,7,5,5,50,5,1,1,5,4,5,13,1,1,1,4,5,2,16,1,23,2,9,5,1,7,5,1,10,2,14,,8,,1,22,121.4999109,25.12116893
113,7,12,19,48,2,09北投區,北投區承德路7段與大業路口,0,0,1,2,B03,7,5,5,50,5,1,1,5,4,5,13,1,1,1,4,5,2,16,1,38,3,10,7,1,7,9,1,8,2,2,,44,,1,22,121.4999109,25.12116893
113,7,12,20,10,2,12內湖區,內湖區環山路2段105號,0,0,1,1,B03,8,5,8,50,14,9,1,5,4,5,13,4,4,5,4,5,2,12,2,47,3,10,7,1,7,1,1,8,1,4,,19,,1,21,121.5756803,25.08456587
113,7,12,20,10,2,12內湖區,內湖區環山路2段105號,0,0,1,2,C03,8,5,8,50,14,9,1,5,4,5,13,4,4,5,4,5,2,12,1,31,2,8,5,1,7,9,1,10,1,11,,44,,1,21,121.5756803,25.08456587
113,7,12,20,13,2,09北投區,北投區中央北路1段與育仁路口,0,0,1,1,C03,7,5,5,30,4,2,1,5,4,5,13,4,4,5,5,5,2,13,1,51,2,9,5,1,7,9,6,10,2,12,,22,,1,21,121.4996503,25.1348858
113,7,12,20,13,2,09北投區,北投區中央北路1段與育仁路口,0,0,1,2,B03,7,5,5,30,4,2,1,5,4,5,13,4,4,5,5,5,2,13,1,46,3,10,7,1,7,14,1,8,2,7,,44,,1,21,121.4996503,25.1348858
113,7,12,20,20,2,12內湖區,內湖區康寧路3段174號,0,0,1,1,C03,8,6,5,50,14,9,1,5,4,5,13,4,4,1,2,5,2,12,2,24,2,8,5,1,7,7,1,10,1,14,,95,,1,21,121.612018,25.06926389