發生年度,發生月,發生日,發生時-Hours,發生分,處理別-編號,區序,肇事地點,死亡人數,2-30日死亡人數,受傷人數,當事人序號,車種,天候,道路照明設備,道路類別,速限-速度限制,道路型態,事故位置,路面狀況1,路面狀況2,路面狀況3,道路障礙1,道路障礙2,號誌1,號誌2,車道劃分-分向,車道劃分-分道1,車道劃分-分道2,車道劃分-分道3,事故類型及型態,性別,年齡,受傷程度,主要傷處,保護裝置,行動電話,車輛用途,當事者行動狀態,駕駛資格情形,駕駛執照種類,飲酒情形,車輛撞擊部位1,車輛撞擊部位2,肇因碼-個別,肇因碼-主要,個人肇逃否,職業,座標-X,座標-Y
113,7,12,20,20,2,12內湖區,內湖區康寧路3段174號,0,0,1,2,B03,8,6,5,50,14,9,1,5,4,5,13,4,4,1,2,5,2,12,1,34,3,10,7,1,7,9,1,8,1,5,,44,,1,21,121.612018,25.06926389
113,7,12,20,25,2,09北投區,北投區大度路3段與立功街口,0,0,1,1,B03,7,5,5,50,3,1,1,5,4,5,13,3,1,1,4,5,2,16,1,25,3,10,7,1,7,7,1,8,2,6,,100,,1,22,121.4689564,25.12319761
113,7,12,20,25,2,09北投區,北投區大度路3段與立功街口,0,0,1,2,C03,7,5,5,50,3,1,1,5,4,5,13,3,1,1,4,5,2,16,1,30,2,9,5,1,7,9,1,10,9,11,,44,,1,22,121.4689564,25.12319761
113,7,12,22,35,2,12內湖區,內湖區新湖一路36巷與新湖一路口,0,0,1,1,C03,8,5,5,50,4,1,1,5,4,5,13,4,4,5,5,5,2,17,1,53,2,9,5,1,7,12,1,10,1,12,,72,,1,21,121.5748247,25.05845389
113,7,12,22,35,2,12內湖區,內湖區新湖一路36巷與新湖一路口,0,0,1,2,B13,8,5,5,50,4,1,1,5,4,5,13,4,4,5,5,5,2,17,1,31,3,10,7,1,7,9,1,8,1,17,,13,,1,21,121.5748247,25.05845389
113,7,12,22,54,2,04大安區,大安區基隆路3段與基隆路3段155巷口,0,0,1,1,B01,8,5,5,50,4,1,1,5,4,5,13,2,1,1,4,5,2,17,1,34,3,10,3,4,7,5,1,4,1,1,,71,,1,21,121.5427129,25.0157203
113,7,12,22,54,2,04大安區,大安區基隆路3段與基隆路3段155巷口,0,0,1,2,F01,8,5,5,50,4,1,1,5,4,5,13,2,1,1,4,5,2,17,2,41,2,9,3,4,7,9,8,20,1,14,,44,,1,21,121.5427129,25.0157203
113,7,13,2,7,2,04大安區,大安區基隆路2段162號,0,0,3,1,C03,8,5,5,30,14,9,1,5,4,5,13,4,4,7,4,5,2,17,2,19,2,9,3,4,7,15,3,18,1,14,,4,,1,21,121.5558127,25.0275511
113,7,13,2,7,2,04大安區,大安區基隆路2段162號,0,0,3,2,C03,8,5,5,30,14,9,1,5,4,5,13,4,4,7,4,5,2,17,1,20,2,9,3,4,7,6,1,10,1,11,,44,,1,21,121.5558127,25.0275511
113,7,13,2,7,2,04大安區,大安區基隆路2段162號,0,0,3,3,H02,8,5,5,30,14,9,1,5,4,5,13,4,4,7,4,5,2,17,2,20,2,9,3,5,7,21,8,20,10,16,,67,,1,21,121.5558127,25.0275511
113,7,13,2,14,2,03中山區,中山區中山北路3段北往南美術館公車站旁,0,0,1,1,C03,8,5,5,50,14,9,1,5,4,5,13,4,4,9,4,5,2,13,2,20,2,7,6,1,7,9,1,10,1,11,,108,,1,21,121.5230734,25.0701789
113,7,13,2,14,2,03中山區,中山區中山北路3段北往南美術館公車站旁,0,0,1,2,B01,8,5,5,50,14,9,1,5,4,5,13,4,4,9,4,5,2,13,1,67,3,10,7,1,7,14,1,4,1,7,,38,,1,21,121.5230734,25.0701789
113,7,13,5,30,2,07信義區,信義區松壽路與松壽路16巷口,0,0,1,1,B03,8,6,5,50,4,1,1,5,4,5,13,4,4,9,4,5,1,17,1,86,3,10,3,4,7,9,1,8,9,7,,42,,2,21,121.5663893,25.0358734
113,7,13,5,30,2,07信義區,信義區松壽路與松壽路16巷口,0,0,1,2,C03,8,6,5,50,4,1,1,5,4,5,13,4,4,9,4,5,1,17,1,21,2,7,3,4,7,5,1,10,6,12,,54,,1,21,121.5663893,25.0358734
113,7,13,5,53,2,02萬華區,萬華區西園路2段161號,0,0,1,1,C03,8,7,5,50,11,12,1,5,4,5,13,4,4,1,3,4,2,18,1,28,2,9,5,1,7,6,1,10,8,12,,21,,1,21,121.4960178,25.0288564
113,7,13,5,53,2,02萬華區,萬華區西園路2段161號,0,0,1,2,,8,7,5,50,11,12,1,5,4,5,13,4,4,1,3,4,2,18,3,,,,,,,,,,,,,67,,1,,121.4960178,25.0288564
113,7,13,6,0,2,08士林區,士林區百齡橋(百齡013號標牌前),0,0,2,1,C03,8,6,5,50,14,11,1,5,4,5,13,4,4,1,4,5,1,17,1,28,2,9,6,1,7,9,3,18,1,11,,108,,1,21,121.5131942,25.0886288
113,7,13,6,0,2,08士林區,士林區百齡橋(百齡013號標牌前),0,0,2,2,F01,8,6,5,50,14,11,1,5,4,5,13,4,4,1,4,5,1,17,2,74,2,9,4,1,7,9,8,20,1,13,,44,,1,21,121.5131942,25.0886288
113,7,13,6,7,2,02萬華區,萬華區青年路與青年路30巷口,0,0,1,1,F01,7,6,5,30,3,2,1,5,4,4,13,2,1,5,5,5,2,29,1,65,2,9,4,1,7,5,8,20,1,14,,44,,1,21,121.5048942,25.0255804
113,7,13,6,7,2,02萬華區,萬華區青年路與青年路30巷口,0,0,1,2,C03,7,6,5,30,3,2,1,5,4,4,13,2,1,5,5,5,2,29,3,0,,,,,,,,,,,,44,,1,,121.5048942,25.0255804
113,7,13,6,19,2,02萬華區,萬華區忠孝橋往北市機慢車專用道,0,0,4,1,C03,7,6,7,40,14,11,1,5,4,5,13,4,4,10,5,5,2,13,1,63,2,9,5,4,7,9,6,18,1,13,,44,,1,22,121.5045893,25.0495844
113,7,13,6,19,2,02萬華區,萬華區忠孝橋往北市機慢車專用道,0,0,4,2,C03,7,6,7,40,14,11,1,5,4,5,13,4,4,10,5,5,2,13,1,63,2,9,5,4,7,9,6,18,1,13,,16,,1,22,121.5045893,25.0495844
113,7,13,6,19,2,02萬華區,萬華區忠孝橋往北市機慢車專用道,0,0,4,3,C03,7,6,7,40,14,11,1,5,4,5,13,4,4,10,5,5,2,13,2,63,2,9,5,4,7,9,1,10,1,12,,44,,1,22,121.5045893,25.0495844
113,7,13,6,19,2,02萬華區,萬華區忠孝橋往北市機慢車專用道,0,0,4,4,C03,7,6,7,40,14,11,1,5,4,5,13,4,4,10,5,5,2,13,2,58,2,9,5,4,7,9,1,10,9,11,,108,,2,22,121.5045893,25.0495844
113,7,13,6,19,2,02萬華區,萬華區忠孝橋往北市機慢車專用道,0,0,4,5,,7,6,7,40,14,11,1,5,4,5,13,4,4,10,5,5,2,13,3,0,,,,,,,,,,,,60,,1,,121.5045893,25.0495844
113,7,13,6,26,2,04大安區,大安區復興南路2段151巷45號,0,0,1,1,B03,8,6,5,40,14,9,1,5,4,3,10,4,4,5,5,5,2,17,2,46,3,10,7,1,7,13,1,8,1,4,,40,,1,21,121.5454302,25.0283514
113,7,13,6,26,2,04大安區,大安區復興南路2段151巷45號,0,0,1,2,C03,8,6,5,40,14,9,1,5,4,3,10,4,4,5,5,5,2,17,1,52,2,9,5,1,7,9,1,10,1,12,,44,,1,21,121.5454302,25.0283514
113,7,13,7,20,2,09北投區,北投區中央北路2段與豐年路2段口,0,0,2,1,C03,8,5,5,50,3,1,1,5,4,5,13,1,1,9,4,4,2,13,1,72,2,1,3,4,7,15,1,10,1,11,,42,,1,21,121.4925886,25.1380097
113,7,13,7,20,2,09北投區,北投區中央北路2段與豐年路2段口,0,0,2,2,C03,8,5,5,50,3,1,1,5,4,5,13,1,1,9,4,4,2,13,2,18,2,7,3,4,7,14,1,10,1,13,,44,,1,21,121.4925886,25.1380097
113,7,13,7,37,2,03中山區,中山區中山北路3段與民族東路口,0,0,1,1,B01,8,6,5,50,4,1,1,5,4,5,13,2,1,1,4,1,2,12,1,57,3,10,7,1,7,9,1,4,2,5,,44,,1,22,121.5228158,25.0684598
113,7,13,7,37,2,03中山區,中山區中山北路3段與民族東路口,0,0,1,2,C03,8,6,5,50,4,1,1,5,4,5,13,2,1,1,4,1,2,12,1,29,2,9,6,1,7,21,5,10,2,14,,96,,1,22,121.5228158,25.0684598
113,7,13,7,49,2,12內湖區,內湖區金龍路與成功路4段口,0,0,1,1,C04,8,6,5,50,4,2,1,5,4,5,13,2,1,5,4,5,2,17,1,79,2,9,5,1,7,8,1,10,2,14,,100,,1,21,121.5951342,25.0842222
113,7,13,7,49,2,12內湖區,內湖區金龍路與成功路4段口,0,0,1,2,C02,8,6,5,50,4,2,1,5,4,5,13,2,1,5,4,5,2,17,1,36,3,10,5,1,7,5,1,9,2,12,,44,,1,21,121.5951342,25.0842222
113,7,13,7,59,2,02萬華區,萬華區環河南路1段42號,0,0,1,1,C03,8,7,5,50,14,9,1,5,4,5,13,4,4,5,4,5,2,17,1,20,2,9,6,1,7,9,1,10,1,11,,108,,1,22,121.5057842,25.0487673
113,7,13,7,59,2,02萬華區,萬華區環河南路1段42號,0,0,1,2,C03,8,7,5,50,14,9,1,5,4,5,13,4,4,5,4,5,2,17,2,63,3,10,5,1,7,13,1,10,1,13,,38,,1,21,121.5057842,25.0487673
113,7,13,8,23,2,05中正區,中正區中正橋往北市,0,0,2,1,B01,8,7,5,40,14,9,1,5,4,5,13,4,4,3,4,5,2,17,1,50,3,10,7,1,7,7,1,4,1,17,,100,,1,21,121.5166653,25.0220389
113,7,13,8,23,2,05中正區,中正區中正橋往北市,0,0,2,2,B03,8,7,5,40,14,9,1,5,4,5,13,4,4,3,4,5,2,17,1,30,3,10,7,1,7,9,1,8,1,2,,13,,1,21,121.5166653,25.0220389
113,7,13,8,23,2,05中正區,中正區中正橋往北市,0,0,2,3,C03,8,7,5,40,14,9,1,5,4,5,13,4,4,3,4,5,2,17,1,28,2,9,5,1,7,10,1,10,1,11,,100,,1,21,121.5166653,25.0220389
113,7,13,8,23,2,05中正區,中正區中正橋往北市,0,0,2,4,C03,8,7,5,40,14,9,1,5,4,5,13,4,4,3,4,5,2,17,1,38,2,9,5,1,7,9,1,10,1,11,,13,,1,21,121.5166653,25.0220389
113,7,13,8,50,2,12內湖區,內湖區內湖路2段與成功路4段30巷口,0,0,1,1,C03,8,6,5,30,3,1,1,5,4,5,13,4,4,10,5,5,2,16,2,62,2,9,5,1,7,5,1,10,2,12,,72,,1,21,121.5907437,25.0821311
113,7,13,8,50,2,12內湖區,內湖區內湖路2段與成功路4段30巷口,0,0,1,2,B03,8,6,5,30,3,1,1,5,4,5,13,4,4,10,5,5,2,16,1,57,3,10,7,1,7,9,1,8,2,7,,44,,1,21,121.5907437,25.0821311
113,7,13,9,0,2,09北投區,北投區大度路1段與承德路7段401巷口貴水二溪,0,0,1,1,A41,8,5,5,70,3,1,1,5,4,5,13,1,1,3,2,3,2,17,1,46,3,10,3,4,7,6,1,3,1,5,,9,,1,21,121.4859118,25.1218133
113,7,13,9,0,2,09北投區,北投區大度路1段與承德路7段401巷口貴水二溪,0,0,1,2,C03,8,5,5,70,3,1,1,5,4,5,13,1,1,3,2,3,2,17,1,22,2,9,3,4,7,9,1,10,1,11,,13,,1,21,121.4859118,25.1218133
113,7,13,9,8,2,04大安區,大安區和平東路1段與金山南路2段口,0,0,1,1,C03,8,6,5,50,3,2,1,5,4,5,13,1,1,10,4,5,2,17,1,62,2,9,6,1,7,9,1,10,2,12,,44,,1,21,121.5256533,25.0269026
113,7,13,9,8,2,04大安區,大安區和平東路1段與金山南路2段口,0,0,1,2,B03,8,6,5,50,3,2,1,5,4,5,13,1,1,10,4,5,2,17,2,39,3,10,7,1,7,9,1,8,2,7,,44,,1,21,121.5256533,25.0269026
113,7,13,9,40,2,07信義區,信義區和平東路3段391巷與和平東路3段391巷口,0,0,1,1,C03,8,7,5,30,4,1,1,5,4,5,13,4,4,9,5,5,2,16,2,38,2,9,6,4,7,5,1,10,1,12,,42,,1,21,121.5586503,25.0204132
113,7,13,9,40,2,07信義區,信義區和平東路3段391巷與和平東路3段391巷口,0,0,1,2,B02,8,7,5,30,4,1,1,5,4,5,13,4,4,9,5,5,2,16,1,47,3,10,3,4,7,9,1,8,1,8,,14,,1,21,121.5586503,25.0204132
113,7,13,10,3,2,04大安區,大安區建國南路2段27號,0,0,1,1,C03,8,6,5,50,14,9,1,5,4,5,13,2,1,1,4,4,2,17,1,69,2,8,5,1,7,6,1,10,1,14,,44,,1,21,121.5380024,25.0322145
113,7,13,10,3,2,04大安區,大安區建國南路2段27號,0,0,1,2,B01,8,6,5,50,14,9,1,5,4,5,13,2,1,1,4,4,2,17,1,52,3,10,7,1,7,9,1,4,1,1,,44,,1,21,121.5380024,25.0322145
113,7,13,10,33,2,05中正區,中正區懷寧街與衡陽路口,0,0,1,1,B01,8,6,5,50,3,2,1,5,4,5,13,1,1,10,5,5,2,9,1,52,3,10,2,1,7,2,1,4,2,7,,44,,1,22,121.5140086,25.0424183
113,7,13,10,33,2,05中正區,中正區懷寧街與衡陽路口,0,0,1,2,H01,8,6,5,50,3,2,1,5,4,5,13,1,1,10,5,5,2,9,2,74,2,9,4,5,8,16,8,20,10,16,,67,,1,22,121.5140086,25.0424183
113,7,13,11,38,2,02萬華區,萬華區華中橋(近燈桿7010487),0,0,3,1,C03,8,6,5,40,8,11,1,5,4,5,13,4,4,1,4,5,2,13,2,27,2,9,6,4,7,9,1,10,1,11,,16,,1,21,121.4949778,25.0103939
113,7,13,11,38,2,02萬華區,萬華區華中橋(近燈桿7010487),0,0,3,2,C03,8,6,5,40,8,11,1,5,4,5,13,4,4,1,4,5,2,13,2,51,2,7,6,4,7,9,1,10,1,13,,44,,1,21,121.4949778,25.0103939
113,7,13,11,38,2,02萬華區,萬華區華中橋(近燈桿7010487),0,0,3,3,H02,8,6,5,40,8,11,1,5,4,5,13,4,4,1,4,5,2,13,2,55,2,9,6,5,7,20,8,20,10,16,,67,,1,22,121.4949778,25.0103939
113,7,13,11,48,2,04大安區,大安區光復南路與光復南路180巷口,0,0,1,1,B03,8,5,5,50,3,2,1,5,4,5,13,4,4,1,4,5,2,16,2,41,3,10,3,4,7,6,1,8,11,6,,9,,1,21,121.5575951,25.04235163
113,7,13,11,48,2,04大安區,大安區光復南路與光復南路180巷口,0,0,1,2,C03,8,5,5,50,3,2,1,5,4,5,13,4,4,1,4,5,2,16,1,24,2,8,6,1,7,9,1,10,9,11,,108,,1,21,121.5575951,25.04235163
113,7,13,12,6,2,10文山區,文山區木新路2段116號,0,0,2,1,C03,8,6,8,30,22,22,1,5,4,5,13,1,1,10,5,5,2,17,2,74,2,9,3,4,7,1,1,10,1,11,,19,,1,22,121.5697472,24.9844276
113,7,13,12,6,2,10文山區,文山區木新路2段116號,0,0,2,2,C03,8,6,8,30,22,22,1,5,4,5,13,1,1,10,5,5,2,17,2,41,3,10,3,4,7,9,1,10,1,17,,44,,1,22,121.5697472,24.9844276
113,7,13,12,6,2,10文山區,文山區木新路2段116號,0,0,2,3,H02,8,6,8,30,22,22,1,5,4,5,13,1,1,10,5,5,2,17,2,33,2,8,3,5,7,20,8,20,10,16,,67,,1,22,121.5697472,24.9844276
113,7,13,12,58,2,05中正區,中正區寧波西街61號,0,0,3,1,C03,8,7,5,50,14,9,1,5,4,5,13,4,4,10,2,5,2,17,1,45,2,9,5,1,7,1,1,10,1,14,,19,,1,21,121.5173316,25.0305863
113,7,13,12,58,2,05中正區,中正區寧波西街61號,0,0,3,2,C03,8,7,5,50,14,9,1,5,4,5,13,4,4,10,2,5,2,17,1,29,2,9,5,1,7,11,1,10,1,11,,13,,1,21,121.5173316,25.0305863
113,7,13,12,58,2,05中正區,中正區寧波西街61號,0,0,3,3,H02,8,7,5,50,14,9,1,5,4,5,13,4,4,10,2,5,2,17,1,12,2,7,5,5,7,20,8,20,10,16,,67,,1,16,121.5173316,25.0305863
113,7,13,13,11,2,12內湖區,內湖區南京東路6段與南京東路6段368巷口,0,0,1,1,B03,8,5,5,30,4,1,1,5,4,5,13,2,1,10,5,5,2,16,1,44,3,10,7,1,7,5,1,8,2,4,,8,,1,21,121.5871579,25.059641
113,7,13,13,11,2,12內湖區,內湖區南京東路6段與南京東路6段368巷口,0,0,1,2,C03,8,5,5,30,4,1,1,5,4,5,13,2,1,10,5,5,2,16,2,44,2,9,5,1,7,9,1,9,2,12,,44,,1,21,121.5871579,25.059641
113,7,13,13,18,2,08士林區,士林區通河街179巷與通河東街1段口,0,0,1,1,B03,8,6,5,30,5,1,1,5,4,5,13,4,4,10,5,5,1,15,2,48,3,10,7,1,7,9,1,8,2,4,,80,,1,21,121.518226,25.08072341
113,7,13,13,18,2,08士林區,士林區通河街179巷與通河東街1段口,0,0,1,2,C03,8,6,5,30,5,1,1,5,4,5,13,4,4,10,5,5,1,15,1,67,2,9,5,1,7,9,1,10,2,14,,44,,1,21,121.518226,25.08072341
113,7,13,13,20,2,07信義區,信義區莊敬路289巷3弄25號,0,0,1,1,F01,8,7,5,0,14,9,1,5,4,5,13,4,4,10,5,5,2,17,2,69,2,9,4,1,7,1,8,20,1,11,,19,,1,21,121.5628388,25.0295727
113,7,13,13,20,2,07信義區,信義區莊敬路289巷3弄25號,0,0,1,2,C03,8,7,5,0,14,9,1,5,4,5,13,4,4,10,5,5,2,17,1,51,3,10,5,1,7,9,1,10,1,11,,44,,1,21,121.5628388,25.0295727
113,7,13,13,50,2,08士林區,士林區承德路5段與士商路口,0,0,1,1,B03,8,6,5,40,4,2,1,5,4,5,13,2,1,1,4,4,1,17,1,32,3,10,7,1,7,6,1,8,2,3,,9,,1,21,121.5149043,25.09642601
113,7,13,13,50,2,08士林區,士林區承德路5段與士商路口,0,0,1,2,C03,8,6,5,40,4,2,1,5,4,5,13,2,1,1,4,4,1,17,2,69,2,9,5,1,7,9,1,10,2,11,,108,,1,21,121.5149043,25.09642601
113,7,13,14,0,2,04大安區,大安區市民大道3段與八德路2段口,0,0,1,1,C03,8,6,5,40,4,1,1,5,4,5,13,1,1,9,4,5,1,16,1,41,2,9,3,4,7,9,1,10,1,14,,118,,1,21,121.5343366,25.0449018
113,7,13,14,0,2,04大安區,大安區市民大道3段與八德路2段口,0,0,1,2,B03,8,6,5,40,4,1,1,5,4,5,13,1,1,9,4,5,1,16,1,27,3,10,3,4,7,6,1,10,1,2,,118,,1,21,121.5343366,25.0449018
113,7,13,14,54,2,11南港區,南港區研究院路3段14巷與研究院路3段口,0,0,1,1,C03,8,5,5,50,3,2,1,5,4,5,13,4,4,5,5,5,2,17,1,19,2,9,6,1,7,9,1,10,9,14,,42,,1,21,121.6166632,25.0352386
113,7,13,14,54,2,11南港區,南港區研究院路3段14巷與研究院路3段口,0,0,1,2,B11,8,5,5,50,3,2,1,5,4,5,13,4,4,5,5,5,2,17,1,34,3,10,3,1,7,13,1,8,9,6,,44,,1,21,121.6166632,25.0352386
113,7,13,15,8,2,07信義區,信義區忠孝東路5段790巷與忠孝東路5段790巷62弄口,0,0,1,1,C03,7,7,5,30,4,1,1,5,4,5,13,4,4,10,5,5,2,15,1,53,2,9,5,1,7,9,1,10,1,11,,72,,1,21,121.58342,25.0407146
113,7,13,15,8,2,07信義區,信義區忠孝東路5段790巷與忠孝東路5段790巷62弄口,0,0,1,2,B01,7,7,5,30,4,1,1,5,4,5,13,4,4,10,5,5,2,15,1,64,3,10,7,1,7,9,1,4,1,2,,14,,1,21,121.58342,25.0407146
113,7,13,15,28,2,01大同區,大同區承德路3段263號0800501燈桿,0,0,2,1,B01,8,5,5,50,14,9,1,5,4,5,13,2,1,1,4,1,2,13,1,60,3,10,7,1,7,7,1,8,1,17,,100,,1,22,121.5188606,25.0722504
113,7,13,15,28,2,01大同區,大同區承德路3段263號0800501燈桿,0,0,2,2,C03,8,5,5,50,14,9,1,5,4,5,13,2,1,1,4,1,2,13,1,33,2,9,5,1,7,15,1,10,1,11,,16,,1,22,121.5188606,25.0722504
113,7,13,15,28,2,01大同區,大同區承德路3段263號0800501燈桿,0,0,2,3,C03,8,5,5,50,14,9,1,5,4,5,13,2,1,1,4,1,2,13,1,28,2,9,5,1,7,15,1,10,1,13,,44,,1,22,121.5188606,25.0722504
113,7,13,15,28,2,01大同區,大同區承德路3段263號0800501燈桿,0,0,2,4,B03,8,5,5,50,14,9,1,5,4,5,13,2,1,1,4,1,2,13,1,38,3,10,7,1,7,15,1,8,1,2,,44,,1,22,121.5188606,25.0722504
113,7,13,16,0,2,07信義區,信義區虎林街82巷與永吉路326巷口,0,0,2,1,C03,6,6,5,30,4,1,1,4,4,5,13,4,4,9,5,5,2,3,1,28,2,7,6,1,7,9,6,10,2,11,,42,,1,21,121.5753984,25.0432735
113,7,13,16,0,2,07信義區,信義區虎林街82巷與永吉路326巷口,0,0,2,2,H01,6,6,5,30,4,1,1,4,4,5,13,4,4,9,5,5,2,3,2,69,2,7,4,5,8,16,8,20,10,16,,121,,1,21,121.5753984,25.0432735
113,7,13,16,20,2,08士林區,士林區承德路4段10巷與通河街76巷口,0,0,1,1,C03,8,5,5,30,4,1,1,5,4,5,13,4,4,5,4,5,1,17,1,37,2,9,6,1,7,9,1,10,1,11,,72,,1,21,121.5201037,25.0801377
113,7,13,16,20,2,08士林區,士林區承德路4段10巷與通河街76巷口,0,0,1,2,B03,8,5,5,30,4,1,1,5,4,5,13,4,4,5,4,5,1,17,1,52,3,10,7,1,7,9,1,8,1,4,,13,,1,21,121.5201037,25.0801377
113,7,13,16,22,2,04大安區,大安區新生南路1段與濟南路3段口,0,0,1,1,C03,7,6,5,50,14,9,1,4,4,5,13,2,1,10,5,5,2,18,1,33,2,9,6,1,7,12,1,10,1,14,,42,,1,21,121.5329392,25.0398392
113,7,13,16,22,2,04大安區,大安區新生南路1段與濟南路3段口,0,0,1,2,,7,6,5,50,14,9,1,4,4,5,13,2,1,10,5,5,2,18,3,0,,,,,,,,,10,,,67,,,,121.5329392,25.0398392
113,7,13,16,58,2,09北投區,北投區中央北路4段與中央北路4段540巷口,0,0,1,1,B03,8,6,5,50,14,9,1,5,4,5,13,1,1,9,4,5,2,16,2,56,3,10,7,1,7,11,1,8,1,2,,10,,1,21,121.4675847,25.12786344
113,7,13,16,58,2,09北投區,北投區中央北路4段與中央北路4段540巷口,0,0,1,2,C03,8,6,5,50,14,9,1,5,4,5,13,1,1,9,4,5,2,16,1,82,2,7,5,1,7,9,3,18,1,11,,16,,1,21,121.4675847,25.12786344
113,7,13,17,31,2,02萬華區,萬華區萬大路與興寧街口,0,0,1,1,G06,8,5,5,50,4,1,1,5,4,5,13,1,1,10,5,5,2,17,1,31,3,10,3,4,7,15,8,20,1,15,,99,,1,21,121.5005428,25.0322564
113,7,13,17,31,2,02萬華區,萬華區萬大路與興寧街口,0,0,1,2,C03,8,5,5,50,4,1,1,5,4,5,13,1,1,10,5,5,2,17,1,24,3,10,3,4,7,15,1,10,1,13,,44,,1,21,121.5005428,25.0322564
113,7,13,17,31,2,02萬華區,萬華區萬大路與興寧街口,0,0,1,3,C03,8,5,5,50,4,1,1,5,4,5,13,1,1,10,5,5,2,17,1,48,2,8,3,4,7,9,1,9,1,14,,16,,1,21,121.5005428,25.0322564
113,7,13,17,37,2,12內湖區,內湖區康寧路3段168號,0,0,1,1,B03,7,6,5,50,14,8,1,5,4,5,13,4,4,1,4,4,2,16,1,40,3,10,3,4,7,7,1,8,2,5,,9,,1,22,121.6119246,25.0694649
113,7,13,17,37,2,12內湖區,內湖區康寧路3段168號,0,0,1,2,C03,7,6,5,50,14,8,1,5,4,5,13,4,4,1,4,4,2,16,1,42,2,9,5,1,7,9,1,10,2,14,,13,,1,22,121.6119246,25.0694649
113,7,13,17,41,2,04大安區,大安區敦化南路1段與安和路1段口,0,0,1,1,C03,8,6,5,50,3,4,1,5,4,5,13,1,1,1,5,5,2,12,1,34,4,11,3,4,7,21,7,19,11,15,,119,,2,22,121.5490712,25.0397495
113,7,13,17,41,2,04大安區,大安區敦化南路1段與安和路1段口,0,0,1,2,C03,8,6,5,50,3,4,1,5,4,5,13,1,1,1,5,5,2,12,1,21,2,7,5,1,7,14,1,10,1,17,,44,,1,21,121.5490712,25.0397495
113,7,13,17,54,2,05中正區,中正區重慶南路1段與漢口街1段口,0,0,2,1,C03,8,5,5,50,4,1,1,5,4,5,13,1,1,10,4,5,1,17,1,22,3,10,5,1,7,5,1,10,1,14,,8,,1,21,121.5132683,25.0452507
113,7,13,17,54,2,05中正區,中正區重慶南路1段與漢口街1段口,0,0,2,2,C03,8,5,5,50,4,1,1,5,4,5,13,1,1,10,4,5,1,17,1,50,2,9,5,1,7,9,1,10,1,11,,44,,1,21,121.5132683,25.0452507
113,7,13,17,54,2,05中正區,中正區重慶南路1段與漢口街1段口,0,0,2,3,H02,8,5,5,50,4,1,1,5,4,5,13,1,1,10,4,5,1,17,1,17,2,7,5,5,7,21,8,20,10,16,,67,,1,16,121.5132683,25.0452507
113,7,13,18,28,2,09北投區,北投區中和街與中和街57巷口,0,0,1,1,C03,8,6,5,50,14,9,1,5,4,5,13,4,4,9,4,5,2,12,2,22,2,7,5,1,7,11,1,10,1,12,,42,,1,21,121.5021924,25.1385897
113,7,13,18,28,2,09北投區,北投區中和街與中和街57巷口,0,0,1,2,B03,8,6,5,50,14,9,1,5,4,5,13,4,4,9,4,5,2,12,1,38,3,10,7,1,7,9,1,8,1,4,,44,,1,21,121.5021924,25.1385897
113,7,13,19,26,2,03中山區,中山區民生東路1段13號,0,0,1,1,B03,8,5,5,50,14,9,1,5,4,5,13,4,4,4,5,5,1,16,1,31,3,10,3,4,7,6,1,8,1,5,,9,,1,21,121.5237703,25.0581061
113,7,13,19,26,2,03中山區,中山區民生東路1段13號,0,0,1,2,C03,8,5,5,50,14,9,1,5,4,5,13,4,4,4,5,5,1,16,1,43,2,8,3,4,7,9,1,10,1,14,,44,,1,21,121.5237703,25.0581061
113,7,13,19,30,2,02萬華區,萬華區忠孝西路2段與忠孝西路2段16巷口,0,0,2,1,B03,8,5,5,50,3,1,1,5,4,5,13,4,4,1,4,5,2,17,1,23,3,10,7,4,7,6,1,8,1,6,,9,,1,21,121.5085691,25.0481956
113,7,13,19,30,2,02萬華區,萬華區忠孝西路2段與忠孝西路2段16巷口,0,0,2,2,C03,8,5,5,50,3,1,1,5,4,5,13,4,4,1,4,5,2,17,2,56,2,8,5,4,7,9,1,10,1,11,,44,,1,21,121.5085691,25.0481956
113,7,13,19,30,2,02萬華區,萬華區忠孝西路2段與忠孝西路2段16巷口,0,0,2,3,H02,8,5,5,50,3,1,1,5,4,5,13,4,4,1,4,5,2,17,2,21,2,9,5,5,7,20,8,20,10,16,,67,,1,21,121.5085691,25.0481956
113,7,13,20,0,2,02萬華區,萬華區環河快速道路南往北,0,0,1,1,B03,7,5,7,60,14,7,1,5,4,5,13,1,1,1,3,1,2,13,1,30,3,10,7,1,7,9,3,18,2,8,,16,,1,21,121.4908178,25.0241772
113,7,13,20,0,2,02萬華區,萬華區環河快速道路南往北,0,0,1,2,B03,7,5,7,60,14,7,1,5,4,5,13,1,1,1,3,1,2,13,2,59,2,9,7,1,7,14,1,8,2,6,,44,,1,21,121.4908178,25.0241772
113,7,13,20,0,2,04大安區,大安區基隆路3段22巷5弄5號,0,0,2,1,B03,8,5,5,30,14,9,1,5,4,5,13,4,4,1,5,5,2,8,1,74,2,9,7,1,7,2,1,8,1,3,,44,,1,21,121.5475515,25.0207438
113,7,13,20,0,2,04大安區,大安區基隆路3段22巷5弄5號,0,0,2,2,H01,8,5,5,30,14,9,1,5,4,5,13,4,4,1,5,5,2,8,2,26,2,9,4,5,8,17,8,20,10,16,,67,,1,21,121.5475515,25.0207438