發生年度,發生月,發生日,發生時-Hours,發生分,處理別-編號,區序,肇事地點,死亡人數,2-30日死亡人數,受傷人數,當事人序號,車種,天候,道路照明設備,道路類別,速限-速度限制,道路型態,事故位置,路面狀況1,路面狀況2,路面狀況3,道路障礙1,道路障礙2,號誌1,號誌2,車道劃分-分向,車道劃分-分道1,車道劃分-分道2,車道劃分-分道3,事故類型及型態,性別,年齡,受傷程度,主要傷處,保護裝置,行動電話,車輛用途,當事者行動狀態,駕駛資格情形,駕駛執照種類,飲酒情形,車輛撞擊部位1,車輛撞擊部位2,肇因碼-個別,肇因碼-主要,個人肇逃否,職業,座標-X,座標-Y
113,7,13,20,44,2,12內湖區,內湖區新明路513號,0,0,1,1,C03,7,5,5,40,14,9,1,5,4,5,13,4,4,9,5,4,2,17,1,20,2,7,6,1,7,9,1,10,1,11,,5,,1,21,121.5793573,25.0535991
113,7,13,20,44,2,12內湖區,內湖區新明路513號,0,0,1,2,C03,7,5,5,40,14,9,1,5,4,5,13,4,4,9,5,4,2,17,1,21,3,10,6,1,7,5,1,10,1,11,,8,,1,21,121.5793573,25.0535991
113,7,13,20,44,2,12內湖區,內湖區新明路513號,0,0,1,3,C03,7,5,5,40,14,9,1,5,4,5,13,4,4,9,5,4,2,17,1,41,3,10,3,1,7,15,1,10,1,13,,44,,1,21,121.5793573,25.0535991
113,7,13,20,44,2,12內湖區,內湖區新明路513號,0,0,1,4,C04,7,5,5,40,14,9,1,5,4,5,13,4,4,9,5,4,2,17,2,59,3,10,3,1,7,15,1,10,1,13,,44,,1,21,121.5793573,25.0535991
113,7,13,20,44,2,12內湖區,內湖區新明路513號,0,0,1,5,C03,7,5,5,40,14,9,1,5,4,5,13,4,4,9,5,4,2,17,2,50,3,10,3,1,7,15,1,10,1,13,,44,,1,21,121.5793573,25.0535991
113,7,13,20,44,2,12內湖區,內湖區新明路513號,0,0,1,6,C03,7,5,5,40,14,9,1,5,4,5,13,4,4,9,5,4,2,17,1,27,3,10,3,1,7,15,1,10,1,13,,44,,1,21,121.5793573,25.0535991
113,7,13,20,44,2,12內湖區,內湖區新明路513號,0,0,1,7,C03,7,5,5,40,14,9,1,5,4,5,13,4,4,9,5,4,2,17,1,31,3,10,3,1,7,15,1,10,1,13,,44,,1,21,121.5793573,25.0535991
113,7,13,21,13,2,04大安區,大安區和平東路3段與樂業街口,0,0,1,1,B03,8,5,5,50,4,1,1,5,4,5,13,4,4,9,4,5,1,16,1,36,3,10,3,4,7,6,1,8,1,5,,9,,1,21,121.5498967,25.0244296
113,7,13,21,13,2,04大安區,大安區和平東路3段與樂業街口,0,0,1,2,C03,8,5,5,50,4,1,1,5,4,5,13,4,4,9,4,5,1,16,2,21,2,9,3,4,7,9,1,10,1,11,,44,,1,21,121.5498967,25.0244296
113,7,13,21,13,2,04大安區,大安區和平東路3段與樂業街口,0,0,1,3,B03,8,5,5,50,4,1,1,5,4,5,13,4,4,9,4,5,1,16,1,26,3,10,3,4,7,14,1,8,1,8,,44,,1,21,121.5498967,25.0244296
113,7,13,21,45,2,12內湖區,內湖區安康路32巷與安康路口,0,0,1,1,B01,8,5,5,50,3,1,1,5,4,5,13,2,1,5,4,5,2,16,1,35,3,10,7,1,7,11,1,4,1,8,,10,,1,21,121.5949049,25.06263705
113,7,13,21,45,2,12內湖區,內湖區安康路32巷與安康路口,0,0,1,2,C03,8,5,5,50,3,1,1,5,4,5,13,2,1,5,4,5,2,16,1,49,2,9,5,1,7,9,1,10,1,11,,44,,1,21,121.5949049,25.06263705
113,7,13,21,45,2,12內湖區,內湖區安康路32巷與安康路口,0,0,1,3,A12,8,5,5,50,3,1,1,5,4,5,13,2,1,5,4,5,2,16,1,65,3,10,3,4,7,13,1,5,9,17,,44,,1,21,121.5949049,25.06263705
113,7,13,23,20,2,09北投區,北投區知行路258號,0,0,2,1,C03,8,5,5,50,14,9,1,5,4,5,13,4,4,5,4,5,2,10,1,49,3,10,3,4,7,1,1,10,1,11,,19,,1,26,121.4672579,25.12093
113,7,13,23,20,2,09北投區,北投區知行路258號,0,0,2,2,C03,8,5,5,50,14,9,1,5,4,5,13,4,4,5,4,5,2,10,2,53,2,9,3,4,7,9,1,10,1,11,,44,,1,26,121.4672579,25.12093
113,7,13,23,20,2,09北投區,北投區知行路258號,0,0,2,3,H02,8,5,5,50,14,9,1,5,4,5,13,4,4,5,4,5,2,10,2,51,2,9,3,5,7,20,8,20,10,16,,67,,1,21,121.4672579,25.12093
113,7,13,23,46,2,03中山區,中山區中山北路2段與南京西路口,0,0,1,1,C04,8,5,5,50,4,1,1,5,4,5,13,1,1,1,4,5,2,16,1,25,3,10,5,1,7,6,1,8,1,13,,9,,1,22,121.5225025,25.0521538
113,7,13,23,46,2,03中山區,中山區中山北路2段與南京西路口,0,0,1,2,C03,8,5,5,50,4,1,1,5,4,5,13,1,1,1,4,5,2,16,1,22,2,7,6,1,7,9,1,10,1,11,,44,,1,22,121.5225025,25.0521538
113,7,14,2,58,2,03中山區,中山區錦州街1巷與錦州街口,0,0,2,1,C03,8,5,5,30,4,1,1,5,4,5,10,4,4,4,5,5,1,16,1,64,2,9,3,4,7,5,1,10,1,11,,72,,1,21,121.5237488,25.06035
113,7,14,2,58,2,03中山區,中山區錦州街1巷與錦州街口,0,0,2,2,C03,8,5,5,30,4,1,1,5,4,5,10,4,4,4,5,5,1,16,2,23,2,9,3,4,7,9,1,10,1,11,,44,,1,21,121.5237488,25.06035
113,7,14,2,58,2,03中山區,中山區錦州街1巷與錦州街口,0,0,2,3,B01,8,5,5,30,4,1,1,5,4,5,10,4,4,4,5,5,1,16,4,0,,,,,,,,,,,,38,,2,,121.5237488,25.06035
113,7,14,7,30,2,02萬華區,萬華區康定路250巷與康定路口,0,0,2,1,C03,8,6,5,50,14,9,1,5,4,5,13,4,4,5,4,5,1,17,1,54,2,9,3,4,7,9,6,18,1,11,,42,,1,22,121.5015676,25.037458
113,7,14,7,30,2,02萬華區,萬華區康定路250巷與康定路口,0,0,2,2,C03,8,6,5,50,14,9,1,5,4,5,13,4,4,5,4,5,1,17,1,81,2,8,3,4,7,9,3,18,1,13,,44,,1,22,121.5015676,25.037458
113,7,14,7,52,2,08士林區,士林區德行東路109巷30號,0,0,1,2,H01,8,6,8,30,14,9,1,5,4,5,13,4,4,9,5,5,1,9,2,71,2,9,4,5,8,16,8,20,10,16,,121,,1,21,121.5283504,25.10849403
113,7,14,7,52,2,08士林區,士林區德行東路109巷30號,0,0,1,1,C03,8,6,8,30,14,9,1,5,4,5,13,4,4,9,5,5,1,9,1,47,3,10,5,1,7,2,1,8,11,11,,44,,1,21,121.5283504,25.10849403
113,7,14,8,0,2,08士林區,士林區萬溪產業道路與萬溪產業道路口第1103686號路燈桿,0,0,2,1,C02,8,7,5,30,11,9,1,5,4,5,13,4,4,10,4,5,1,17,1,47,2,9,5,1,7,21,1,9,2,11,,5,,1,21,121.5936781,25.12766352
113,7,14,8,0,2,08士林區,士林區萬溪產業道路與萬溪產業道路口第1103686號路燈桿,0,0,2,2,F01,8,7,5,30,11,9,1,5,4,5,13,4,4,10,4,5,1,17,1,46,2,9,4,1,7,21,8,20,2,11,,5,,1,21,121.5936781,25.12766352
113,7,14,8,20,2,12內湖區,內湖區康樂街201巷與康樂街口,0,0,1,1,B03,8,6,5,50,3,1,1,5,4,5,13,4,4,10,5,5,2,3,1,32,3,10,7,1,7,5,1,8,11,5,,70,,1,21,121.6221521,25.0764623
113,7,14,8,20,2,12內湖區,內湖區康樂街201巷與康樂街口,0,0,1,2,H01,8,6,5,50,3,1,1,5,4,5,13,4,4,10,5,5,2,3,1,46,2,9,4,5,8,16,8,20,10,16,,67,,1,22,121.6221521,25.0764623
113,7,14,8,20,2,12內湖區,內湖區康樂街201巷與康樂街口,,,1,1,,7,,,,,,,,,,,,,,,,,,4,,,,,,,,,,11,,,,,,,121.6182215,25.07046933
113,7,14,8,20,2,12內湖區,內湖區康樂街201巷與康樂街口,,,1,2,H01,7,,,,,,,,,,,,,,,,,,1,46,,,,,,,,,10,,,,,,,121.6182215,25.07046933
113,7,14,8,30,2,08士林區,士林區仰德大道3段48巷與仰德大道口側附近3段口,0,0,1,1,B03,8,7,5,40,3,2,1,5,4,5,13,4,4,5,3,5,1,13,1,33,3,10,3,4,7,11,1,4,9,7,,10,,1,22,121.552549,25.1185274
113,7,14,8,30,2,08士林區,士林區仰德大道3段48巷與仰德大道口側附近3段口,0,0,1,2,F01,8,7,5,40,3,2,1,5,4,5,13,4,4,5,3,5,1,13,1,48,2,7,4,1,7,9,8,20,9,15,,108,,1,22,121.552549,25.1185274
113,7,14,8,36,2,02萬華區,萬華區青年路120號(對面),0,0,4,1,C03,8,7,5,30,14,9,1,5,4,5,13,4,4,5,4,5,2,17,1,72,2,9,5,1,7,6,1,10,9,13,,9,,1,21,121.5026206,25.0225132
113,7,14,8,36,2,02萬華區,萬華區青年路120號(對面),0,0,4,2,C03,8,7,5,30,14,9,1,5,4,5,13,4,4,5,4,5,2,17,1,66,2,9,5,1,7,9,1,10,9,11,,44,,1,21,121.5026206,25.0225132
113,7,14,8,36,2,02萬華區,萬華區青年路120號(對面),0,0,4,3,H02,8,7,5,30,14,9,1,5,4,5,13,4,4,5,4,5,2,17,2,21,2,9,5,5,7,20,8,20,10,16,,67,,1,21,121.5026206,25.0225132
113,7,14,8,36,2,02萬華區,萬華區青年路120號(對面),0,0,4,4,H02,8,7,5,30,14,9,1,5,4,5,13,4,4,5,4,5,2,17,2,70,2,9,5,5,7,20,8,20,10,16,,67,,1,21,121.5026206,25.0225132
113,7,14,9,8,2,08士林區,士林區文林路與文林路681巷口,0,0,1,1,B03,8,7,5,50,4,1,1,5,4,5,13,2,1,5,4,5,2,16,1,38,3,10,7,1,7,5,1,8,1,8,,8,,1,21,121.522088,25.10110468
113,7,14,9,8,2,08士林區,士林區文林路與文林路681巷口,0,0,1,2,C03,8,7,5,50,4,1,1,5,4,5,13,2,1,5,4,5,2,16,1,19,2,9,6,1,7,9,1,10,1,12,,44,,1,21,121.522088,25.10110468
113,7,14,9,55,2,12內湖區,內湖區舊宗路2段與港墘路口,0,0,1,1,C03,8,7,5,50,3,2,1,5,4,5,13,1,1,1,5,5,2,17,1,30,2,8,5,1,7,15,1,10,1,14,,17,,1,21,121.5724902,25.07457515
113,7,14,9,55,2,12內湖區,內湖區舊宗路2段與港墘路口,0,0,1,2,B03,8,7,5,50,3,2,1,5,4,5,13,1,1,1,5,5,2,17,1,28,3,10,7,1,7,9,1,8,1,5,,44,,1,21,121.5724902,25.07457515
113,7,14,10,19,2,04大安區,大安區新生南路1段123號,0,0,2,1,C03,8,6,5,50,14,9,1,5,4,5,13,4,4,1,1,5,2,17,1,46,2,9,5,1,7,8,6,10,1,13,,102,,1,21,121.5329373,25.0387714
113,7,14,10,19,2,04大安區,大安區新生南路1段123號,0,0,2,2,C03,8,6,5,50,14,9,1,5,4,5,13,4,4,1,1,5,2,17,2,22,2,9,5,1,7,9,1,10,1,11,,44,,1,21,121.5329373,25.0387714
113,7,14,10,33,2,06松山區,松山區南京東路5段59巷28弄與南京東路5段23巷9弄口,0,0,1,1,C03,8,7,5,30,4,1,1,5,4,5,13,4,4,6,3,5,2,10,1,22,2,9,5,1,7,9,1,10,1,14,,72,,1,21,121.5580353,25.0526123
113,7,14,10,33,2,06松山區,松山區南京東路5段59巷28弄與南京東路5段23巷9弄口,0,0,1,2,B01,8,7,5,30,4,1,1,5,4,5,13,4,4,6,3,5,2,10,1,59,3,10,7,1,7,9,1,8,1,5,,14,,1,21,121.5580353,25.0526123
113,7,14,10,35,2,10文山區,文山區辛亥路4段162號對面,0,0,2,1,C03,8,6,5,50,14,9,1,5,4,5,13,4,4,1,4,5,2,13,1,22,2,9,6,1,7,9,1,10,2,11,,16,,1,21,121.5565551,25.0039132
113,7,14,10,35,2,10文山區,文山區辛亥路4段162號對面,0,0,2,2,C03,8,6,5,50,14,9,1,5,4,5,13,4,4,1,4,5,2,13,1,42,2,8,6,1,7,12,1,10,2,13,,44,,1,21,121.5565551,25.0039132
113,7,14,11,7,2,03中山區,中山區復興北路與遼寧街185巷口,0,0,1,1,B01,8,6,5,50,4,1,1,5,4,5,13,2,1,1,4,5,2,16,1,66,3,10,7,1,7,5,1,8,1,4,,8,,1,21,121.5440286,25.0532874
113,7,14,11,7,2,03中山區,中山區復興北路與遼寧街185巷口,0,0,1,2,B01,8,6,5,50,4,1,1,5,4,5,13,2,1,1,4,5,2,16,1,62,3,10,7,1,7,9,1,8,1,1,,44,,1,21,121.5440286,25.0532874
113,7,14,11,7,2,03中山區,中山區復興北路與遼寧街185巷口,0,0,1,3,H02,8,6,5,50,4,1,1,5,4,5,13,2,1,1,4,5,2,16,2,52,2,9,7,5,7,20,8,20,10,17,,67,,1,21,121.5440286,25.0532874
113,7,14,11,58,2,07信義區,信義區基隆路1段與忠孝東路口側附近5段口,0,0,2,1,C03,8,6,5,50,5,1,1,5,4,5,13,2,1,1,4,5,2,12,1,58,4,11,6,4,7,9,1,10,9,11,,16,,2,21,121.5644839,25.0409205
113,7,14,11,58,2,07信義區,信義區基隆路1段與忠孝東路口側附近5段口,0,0,2,2,C03,8,6,5,50,5,1,1,5,4,5,13,2,1,1,4,5,2,12,1,63,2,9,3,4,7,9,1,10,2,13,,44,,1,21,121.5644839,25.0409205
113,7,14,11,58,2,07信義區,信義區基隆路1段與忠孝東路口側附近5段口,0,0,2,3,C03,8,6,5,50,5,1,1,5,4,5,13,2,1,1,4,5,2,12,2,22,2,9,3,4,7,9,1,10,2,11,,44,,1,21,121.5644839,25.0409205
113,7,14,12,0,2,02萬華區,萬華區大理街160巷與大理街160巷20弄口,0,0,2,1,C03,8,5,5,30,3,1,1,5,4,5,13,4,4,10,5,5,2,17,1,67,2,7,5,4,7,5,6,10,2,11,,74,,1,21,121.4940295,25.03323589
113,7,14,12,0,2,02萬華區,萬華區大理街160巷與大理街160巷20弄口,0,0,2,2,C03,8,5,5,30,3,1,1,5,4,5,13,4,4,10,5,5,2,17,1,34,2,8,5,4,7,9,1,10,1,14,,44,,1,21,121.4940295,25.03323589
113,7,14,12,14,2,06松山區,松山區八德路4段245巷與東興路2巷口,0,0,2,1,B03,8,5,5,30,4,1,1,5,4,5,13,4,4,9,5,5,2,15,1,68,3,10,3,4,7,9,1,5,2,8,,72,,1,22,121.5642204,25.05076456
113,7,14,12,14,2,06松山區,松山區八德路4段245巷與東興路2巷口,0,0,2,2,C03,8,5,5,30,4,1,1,5,4,5,13,4,4,9,5,5,2,15,1,27,2,9,6,4,7,9,1,10,2,12,,44,,1,22,121.5642204,25.05076456
113,7,14,12,14,2,06松山區,松山區八德路4段245巷與東興路2巷口,0,0,2,3,H02,8,5,5,30,4,1,1,5,4,5,13,4,4,9,5,5,2,15,1,36,2,9,6,5,7,20,8,20,10,17,,67,,1,22,121.5642204,25.05076456
113,7,14,12,51,2,05中正區,中正區杭州南路1段73號,0,0,1,1,C03,8,6,5,50,14,9,1,5,4,5,13,4,4,10,4,5,2,17,2,28,3,10,5,1,7,9,1,10,11,17,,44,,1,22,121.525582,25.03981017
113,7,14,12,51,2,05中正區,中正區杭州南路1段73號,0,0,1,2,C03,8,6,5,50,14,9,1,5,4,5,13,4,4,10,4,5,2,17,1,22,2,9,5,1,7,12,1,10,9,12,,42,,1,22,121.525582,25.03981017
113,7,14,13,27,2,09北投區,北投區中央北路4段與中央北路4段口48號,0,0,1,1,B03,8,6,5,50,14,9,1,5,4,5,13,2,1,5,4,5,2,16,2,44,3,10,7,1,7,11,1,8,1,4,,10,,1,21,121.4774372,25.1346273
113,7,14,13,27,2,09北投區,北投區中央北路4段與中央北路4段口48號,0,0,1,2,C03,8,6,5,50,14,9,1,5,4,5,13,2,1,5,4,5,2,16,1,61,2,9,5,1,7,9,1,10,1,11,,14,,1,21,121.4774372,25.1346273
113,7,14,13,30,2,07信義區,信義區松山路277號,0,0,1,1,C03,8,6,5,50,14,9,1,5,4,5,13,4,4,1,4,5,2,12,1,28,3,10,3,4,7,8,1,9,1,14,,44,,1,21,121.5778439,25.0430979
113,7,14,13,30,2,07信義區,信義區松山路277號,0,0,1,2,C03,8,6,5,50,14,9,1,5,4,5,13,4,4,1,4,5,2,12,1,19,2,9,3,3,7,9,1,10,1,12,,44,,1,21,121.5778439,25.0430979
113,7,14,13,30,2,07信義區,信義區松山路277號,0,0,1,3,H02,8,6,5,50,14,9,1,5,4,5,13,4,4,1,4,5,2,12,2,20,3,10,3,5,7,20,8,20,10,16,,67,,1,21,121.5778439,25.0430979
113,7,14,13,58,2,06松山區,松山區南京東路4段65號,0,0,3,1,C03,8,5,5,50,14,9,1,5,4,5,13,2,1,3,4,3,2,13,2,44,2,9,6,4,7,9,1,10,1,11,,16,,1,22,121.5530472,25.0517471
113,7,14,13,58,2,06松山區,松山區南京東路4段65號,0,0,3,2,C03,8,5,5,50,14,9,1,5,4,5,13,2,1,3,4,3,2,13,1,34,3,10,6,4,7,15,1,10,1,13,,44,,1,22,121.5530472,25.0517471
113,7,14,13,58,2,06松山區,松山區南京東路4段65號,0,0,3,3,C03,8,5,5,50,14,9,1,5,4,5,13,2,1,3,4,3,2,13,1,41,2,9,5,4,7,9,1,10,1,11,,44,,1,22,121.5530472,25.0517471
113,7,14,13,58,2,06松山區,松山區南京東路4段65號,0,0,3,4,H02,8,5,5,50,14,9,1,5,4,5,13,2,1,3,4,3,2,13,2,50,2,9,5,5,7,20,8,20,10,16,,67,,1,22,121.5530472,25.0517471
113,7,14,14,15,2,06松山區,松山區新中街與新中街6巷口,0,0,1,1,B03,8,6,5,30,4,1,1,5,4,5,13,4,4,5,4,5,2,17,1,40,3,10,7,1,7,5,1,8,2,1,,72,,1,21,121.5605686,25.0582747
113,7,14,14,15,2,06松山區,松山區新中街與新中街6巷口,0,0,1,2,C04,8,6,5,30,4,1,1,5,4,5,13,4,4,5,4,5,2,17,1,60,2,2,6,1,7,9,1,10,2,11,,44,,1,21,121.5605686,25.0582747
113,7,14,14,31,2,08士林區,士林區基河路396巷6號,0,0,1,1,C03,8,6,5,50,14,9,1,5,4,5,13,4,4,9,4,5,1,17,1,37,2,9,5,1,7,11,1,10,1,12,,11,,1,21,121.5178775,25.09562667
113,7,14,14,31,2,08士林區,士林區基河路396巷6號,0,0,1,2,B03,8,6,5,50,14,9,1,5,4,5,13,4,4,9,4,5,1,17,1,57,3,10,7,1,7,9,1,8,1,8,,16,,1,21,121.5178775,25.09562667
113,7,14,15,10,2,07信義區,信義區忠孝東路5段423巷與忠孝東路5段423巷3弄口,0,0,1,1,B03,8,7,5,30,4,1,1,5,4,5,13,4,4,9,5,5,2,15,1,27,3,10,7,1,7,9,1,8,1,5,,72,,1,21,121.5753671,25.0413929
113,7,14,15,10,2,07信義區,信義區忠孝東路5段423巷與忠孝東路5段423巷3弄口,0,0,1,2,C03,8,7,5,30,4,1,1,5,4,5,13,4,4,9,5,5,2,15,1,40,2,9,5,1,7,9,1,8,1,14,,44,,1,21,121.5753671,25.0413929
113,7,14,15,20,2,08士林區,士林區至善路1段與福林路254巷口,0,0,1,1,C04,8,7,5,40,3,1,1,5,4,5,13,1,1,1,4,4,2,12,2,45,2,9,3,4,7,15,1,11,2,14,,44,,1,21,121.5377274,25.09821297
113,7,14,15,20,2,08士林區,士林區至善路1段與福林路254巷口,0,0,1,2,B03,8,7,5,40,3,1,1,5,4,5,13,1,1,1,4,4,2,12,1,45,3,10,3,4,7,15,1,8,2,2,,107,,1,21,121.5377274,25.09821297
113,7,14,15,40,2,09北投區,北投區泉源路007號燈桿,0,0,2,1,B03,8,6,5,40,14,9,1,5,4,5,13,4,4,5,4,5,2,29,1,86,2,8,7,1,7,9,1,8,2,5,,107,,1,21,121.527922,25.14479929
113,7,14,15,40,2,09北投區,北投區泉源路007號燈桿,0,0,2,2,,8,6,5,40,14,9,1,5,4,5,13,4,4,5,4,5,2,29,3,0,,,,,,,,,,,,67,,1,,121.527922,25.14479929
113,7,14,15,40,2,09北投區,北投區泉源路007號燈桿,0,0,2,3,H02,8,6,5,40,14,9,1,5,4,5,13,4,4,5,4,5,2,29,2,85,2,9,7,5,7,20,8,20,10,16,,67,,1,21,121.527922,25.14479929
113,7,14,15,45,2,11南港區,南港區市民大道8段與研究院路1段口,0,0,2,1,C03,8,7,5,50,4,1,1,5,4,5,13,1,1,1,3,5,2,12,1,73,2,8,5,1,7,9,1,10,2,13,,99,,1,21,121.6163502,25.0542763
113,7,14,15,45,2,11南港區,南港區市民大道8段與研究院路1段口,0,0,2,2,C03,8,7,5,50,4,1,1,5,4,5,13,1,1,1,3,5,2,12,2,19,2,7,5,1,7,9,1,10,2,12,,44,,1,21,121.6163502,25.0542763
113,7,14,15,55,2,09北投區,北投區建民路與建民路151巷口,0,0,2,1,C03,8,6,5,30,4,1,1,5,4,5,13,4,4,10,5,5,1,15,1,56,2,8,5,1,7,9,1,10,2,11,12,72,,1,21,121.5192828,25.1104345
113,7,14,15,55,2,09北投區,北投區建民路與建民路151巷口,0,0,2,2,C03,8,6,5,30,4,1,1,5,4,5,13,4,4,10,5,5,1,15,2,23,2,9,5,1,7,9,1,10,1,11,14,44,,1,21,121.5192828,25.1104345
113,7,14,16,33,2,03中山區,中山區建國北路1段23巷與八德路2段137巷口,0,0,2,1,C03,8,5,5,30,4,1,1,5,4,5,13,4,4,10,5,5,2,15,1,46,2,9,5,1,7,9,1,10,1,11,,72,,1,22,121.5373226,25.04737638
113,7,14,16,33,2,03中山區,中山區建國北路1段23巷與八德路2段137巷口,0,0,2,2,C03,8,5,5,30,4,1,1,5,4,5,13,4,4,10,5,5,2,15,2,48,2,9,5,1,7,9,1,21,1,12,,108,,1,22,121.5373226,25.04737638
113,7,14,16,38,2,12內湖區,內湖區南京東路6段與堤頂大道1段口,0,0,1,1,C03,8,5,5,50,5,2,1,5,4,5,13,1,1,1,5,5,2,13,2,51,2,9,5,1,7,9,1,10,2,11,,108,,1,21,121.5766064,25.0542359
113,7,14,16,38,2,12內湖區,內湖區南京東路6段與堤頂大道1段口,0,0,1,2,C03,8,5,5,50,5,2,1,5,4,5,13,1,1,1,5,5,2,13,1,39,3,10,5,1,7,14,1,10,2,13,,44,,1,21,121.5766064,25.0542359
113,7,14,16,52,2,07信義區,信義區富陽街與和平東路3段口,0,0,1,1,B03,8,7,5,50,5,1,1,5,4,5,13,2,1,1,4,5,2,9,1,61,3,10,7,1,7,5,1,8,2,4,,70,,1,22,121.5564736,25.0207782
113,7,14,16,52,2,07信義區,信義區富陽街與和平東路3段口,0,0,1,2,H01,8,7,5,50,5,1,1,5,4,5,13,2,1,1,4,5,2,9,1,77,2,9,4,5,8,16,8,20,10,16,,67,,1,22,121.5564736,25.0207782
113,7,14,16,55,2,06松山區,松山區八德路4段與八德路4段36巷口,0,0,1,1,B12,8,5,5,50,4,1,1,5,4,5,13,4,4,8,3,5,2,16,4,65,,,,,,,,,11,,,119,,2,,121.5591303,25.0482806
113,7,14,16,55,2,06松山區,松山區八德路4段與八德路4段36巷口,0,0,1,2,C03,8,5,5,50,4,1,1,5,4,5,13,4,4,8,3,5,2,16,1,27,2,9,5,4,7,9,1,10,2,11,,44,,1,22,121.5591303,25.0482806
113,7,14,16,58,2,04大安區,大安區羅斯福路3段345號,0,0,1,1,C03,8,7,5,50,14,9,1,5,4,5,13,4,4,3,3,5,2,12,1,73,2,1,6,1,7,9,1,10,1,14,,67,,1,21,121.5324268,25.01677
113,7,14,16,58,2,04大安區,大安區羅斯福路3段345號,0,0,1,2,C03,8,7,5,50,14,9,1,5,4,5,13,4,4,3,3,5,2,12,1,53,4,11,3,4,7,21,7,19,11,12,,119,,2,21,121.5324268,25.01677
113,7,14,17,30,2,11南港區,南港區忠孝東路7段與研究院路1段口,0,0,1,1,C03,8,7,5,50,4,2,1,5,4,5,13,1,1,1,1,5,2,13,2,28,2,9,5,1,7,9,1,10,1,11,,16,,1,21,121.6162833,25.0534022
113,7,14,17,30,2,11南港區,南港區忠孝東路7段與研究院路1段口,0,0,1,2,B03,8,7,5,50,4,2,1,5,4,5,13,1,1,1,1,5,2,13,2,59,3,10,7,1,7,9,1,8,1,3,,44,,1,21,121.6162833,25.0534022
113,7,14,18,15,2,08士林區,士林區天玉街38巷18弄與天玉街38巷口,0,0,1,1,B03,8,6,5,50,14,9,1,5,4,5,13,4,4,5,5,5,2,17,1,42,3,10,7,1,7,1,1,8,1,8,,19,,1,22,121.5296991,25.1192153
113,7,14,18,15,2,08士林區,士林區天玉街38巷18弄與天玉街38巷口,0,0,1,2,C03,8,6,5,50,14,9,1,5,4,5,13,4,4,5,5,5,2,17,1,43,2,9,5,1,7,9,1,10,1,12,,44,,1,22,121.5296991,25.1192153
113,7,14,18,36,2,08士林區,士林區重慶北路4段108號與通河西街1段口,0,0,3,1,C03,8,5,5,30,3,1,1,5,4,5,13,4,4,10,5,5,1,16,1,18,2,8,5,1,7,5,1,10,1,14,,74,,1,21,121.5132533,25.0821656
113,7,14,18,36,2,08士林區,士林區重慶北路4段108號與通河西街1段口,0,0,3,2,C03,8,5,5,30,3,1,1,5,4,5,13,4,4,10,5,5,1,16,1,25,2,7,5,1,7,9,1,10,1,11,,14,,1,21,121.5132533,25.0821656
113,7,14,18,36,2,08士林區,士林區重慶北路4段108號與通河西街1段口,0,0,3,3,H02,8,5,5,30,3,1,1,5,4,5,13,4,4,10,5,5,1,16,2,19,2,4,5,5,7,20,8,20,10,16,,67,,1,21,121.5132533,25.0821656
113,7,14,20,10,2,04大安區,大安區辛亥路2段與和平東路2段76巷口口,0,0,1,1,C02,8,5,5,50,3,1,1,5,4,5,13,4,4,1,4,4,1,17,1,54,2,8,6,1,7,9,1,10,1,13,,101,,1,21,121.5385536,25.0219999
113,7,14,20,10,2,04大安區,大安區辛亥路2段與和平東路2段76巷口口,0,0,1,2,C03,8,5,5,50,3,1,1,5,4,5,13,4,4,1,4,4,1,17,1,22,3,10,6,1,7,9,1,10,1,11,,44,,1,21,121.5385536,25.0219999
113,7,14,20,35,2,03中山區,中山區林森北路與農安街口,0,0,1,1,B03,8,5,5,50,4,1,1,5,4,5,13,2,1,4,5,5,1,16,1,21,3,10,3,4,7,6,1,8,1,2,,9,,1,21,121.5256279,25.0650005
113,7,14,20,35,2,03中山區,中山區林森北路與農安街口,0,0,1,2,C03,8,5,5,50,4,1,1,5,4,5,13,2,1,4,5,5,1,16,1,63,2,8,3,4,7,9,1,10,1,11,,44,,1,21,121.5256279,25.0650005
113,7,14,20,41,2,10文山區,文山區景興路284號,0,0,1,1,B03,8,5,5,50,14,9,1,5,4,5,13,2,1,5,5,5,2,13,1,53,3,10,7,1,7,1,1,8,11,7,,19,,1,21,121.5423177,24.9894182
113,7,14,20,41,2,10文山區,文山區景興路284號,0,0,1,2,C03,8,5,5,50,14,9,1,5,4,5,13,2,1,5,5,5,2,13,2,22,2,9,6,1,7,9,1,10,11,11,,108,,1,21,121.5423177,24.9894182
113,7,14,21,20,2,05中正區,中正區廈門街與廈門街82巷口,0,0,1,1,C03,7,5,5,30,3,1,1,5,4,5,13,4,4,8,4,5,1,16,2,17,3,10,5,1,7,5,2,18,2,11,,74,,1,16,121.5174266,25.024468
113,7,14,21,20,2,05中正區,中正區廈門街與廈門街82巷口,0,0,1,2,C03,7,5,5,30,3,1,1,5,4,5,13,4,4,8,4,5,1,16,2,54,2,9,5,1,7,9,1,10,2,11,,44,,1,21,121.5174266,25.024468
113,7,14,22,5,2,08士林區,士林區承德路4段與福港街口,0,0,1,1,B03,8,5,5,50,4,1,1,5,4,5,13,2,1,1,4,5,1,17,2,38,3,10,7,1,7,5,1,8,1,2,,71,,1,21,121.5184027,25.0899988