發生年度,發生月,發生日,發生時-Hours,發生分,處理別-編號,區序,肇事地點,死亡人數,2-30日死亡人數,受傷人數,當事人序號,車種,天候,道路照明設備,道路類別,速限-速度限制,道路型態,事故位置,路面狀況1,路面狀況2,路面狀況3,道路障礙1,道路障礙2,號誌1,號誌2,車道劃分-分向,車道劃分-分道1,車道劃分-分道2,車道劃分-分道3,事故類型及型態,性別,年齡,受傷程度,主要傷處,保護裝置,行動電話,車輛用途,當事者行動狀態,駕駛資格情形,駕駛執照種類,飲酒情形,車輛撞擊部位1,車輛撞擊部位2,肇因碼-個別,肇因碼-主要,個人肇逃否,職業,座標-X,座標-Y
113,7,14,22,5,2,08士林區,士林區承德路4段與福港街口,0,0,1,2,C03,8,5,5,50,4,1,1,5,4,5,13,2,1,1,4,5,1,17,2,29,2,9,6,1,7,9,1,10,1,11,,44,,1,21,121.5184027,25.0899988
113,7,14,22,20,2,06松山區,松山區八德路4段與八德路4段245巷口,0,0,1,1,B03,7,6,5,50,4,1,1,5,4,5,13,3,1,5,4,5,2,16,1,30,3,10,3,4,7,5,1,8,2,6,,71,,1,21,121.5648761,25.0489581
113,7,14,22,20,2,06松山區,松山區八德路4段與八德路4段245巷口,0,0,1,2,C03,7,6,5,50,4,1,1,5,4,5,13,3,1,5,4,5,2,16,1,18,2,9,6,4,7,9,1,10,2,14,,14,,1,21,121.5648761,25.0489581
113,7,15,5,5,2,03中山區,中山區林森北路與錦州街口,0,0,1,1,B03,8,7,5,50,4,1,1,5,4,5,13,1,1,9,4,5,2,17,1,47,3,10,7,1,7,6,1,8,1,2,,9,,1,21,121.5256237,25.060249
113,7,15,5,5,2,03中山區,中山區林森北路與錦州街口,0,0,1,2,C03,8,7,5,50,4,1,1,5,4,5,13,1,1,9,4,5,2,17,1,28,2,9,5,1,7,9,1,10,1,11,,44,,1,21,121.5256237,25.060249
113,7,15,6,37,2,11南港區,南港區南港路2段與南港路2段178巷口,0,0,1,1,C03,8,5,5,50,4,1,1,5,4,5,13,2,1,5,4,4,2,16,1,37,2,9,6,1,7,5,1,10,1,12,,71,,1,21,121.5996707,25.0534203
113,7,15,6,37,2,11南港區,南港區南港路2段與南港路2段178巷口,0,0,1,2,C03,8,5,5,50,4,1,1,5,4,5,13,2,1,5,4,4,2,16,2,46,3,10,6,1,7,9,1,10,1,11,,14,,1,21,121.5996707,25.0534203
113,7,15,6,45,2,12內湖區,內湖區康寧路3段99巷與康寧路3段99巷39弄口口,0,0,1,1,F01,8,6,5,30,4,1,1,5,4,5,13,4,4,10,5,5,2,16,1,83,2,9,2,1,7,1,8,20,1,12,,19,,1,21,121.6111953,25.0733358
113,7,15,6,45,2,12內湖區,內湖區康寧路3段99巷與康寧路3段99巷39弄口口,0,0,1,2,B03,8,6,5,30,4,1,1,5,4,5,13,4,4,10,5,5,2,16,1,57,3,10,7,1,7,9,1,2,1,8,,44,,1,21,121.6111953,25.0733358
113,7,15,7,4,2,06松山區,松山區松河街214號,0,0,2,1,C03,8,7,5,40,14,9,1,5,4,5,13,4,4,9,5,5,2,17,2,52,2,9,5,1,7,8,1,10,1,11,,100,,1,21,121.5774481,25.0515829
113,7,15,7,4,2,06松山區,松山區松河街214號,0,0,2,2,C03,8,7,5,40,14,9,1,5,4,5,13,4,4,9,5,5,2,17,1,52,2,9,6,1,7,9,1,10,1,12,,44,,1,21,121.5774481,25.0515829
113,7,15,7,20,2,07信義區,信義區基隆路2段與吳興街口,0,0,1,1,C03,8,7,5,50,4,1,1,5,4,5,13,2,1,9,4,5,2,17,1,23,2,7,5,1,7,11,1,10,2,14,,10,,1,23,121.558951,25.0320313
113,7,15,7,20,2,07信義區,信義區基隆路2段與吳興街口,0,0,1,2,B03,8,7,5,50,4,1,1,5,4,5,13,2,1,9,4,5,2,17,1,58,3,10,7,1,7,9,1,8,2,1,,44,,1,21,121.558951,25.0320313
113,7,15,8,25,2,12內湖區,內湖區瑞光路26巷與民權東路6段21巷口,0,0,1,1,H01,8,5,5,50,3,2,1,5,4,5,13,4,4,5,5,5,2,3,2,26,3,10,4,5,8,16,8,20,1,17,,121,,1,21,121.5821404,25.06866099
113,7,15,8,25,2,12內湖區,內湖區瑞光路26巷與民權東路6段21巷口,0,0,1,2,C03,8,5,5,50,3,2,1,5,4,5,13,4,4,5,5,5,2,3,1,43,2,9,6,1,7,6,1,10,1,17,,108,,1,21,121.5821404,25.06866099
113,7,15,8,29,2,02萬華區,萬華區康定路與康定路56巷口,0,0,1,1,B03,8,7,5,50,3,2,1,5,4,5,13,4,4,5,4,5,2,17,1,31,3,10,7,1,7,6,1,8,1,5,,80,,1,21,121.5024096,25.04269535
113,7,15,8,29,2,02萬華區,萬華區康定路與康定路56巷口,0,0,1,2,C03,8,7,5,50,3,2,1,5,4,5,13,4,4,5,4,5,2,17,1,42,2,9,5,1,7,9,6,18,1,14,,44,,1,21,121.5024096,25.04269535
113,7,15,8,30,2,12內湖區,內湖區內湖路2段177號,0,0,1,1,B03,8,6,5,50,14,9,1,5,4,5,13,4,4,5,5,5,2,16,1,43,3,10,7,1,7,1,6,8,2,8,,80,,1,21,121.5867052,25.0811774
113,7,15,8,30,2,12內湖區,內湖區內湖路2段177號,0,0,1,2,C03,8,6,5,50,14,9,1,5,4,5,13,4,4,5,5,5,2,16,2,29,2,9,6,1,7,9,1,10,2,12,,44,,1,21,121.5867052,25.0811774
113,7,15,8,45,2,04大安區,大安區新生南路1段與八德路2段口口,0,0,1,1,C03,8,6,5,50,4,1,1,5,4,5,13,2,1,1,4,5,2,17,1,47,2,7,5,1,7,6,1,9,2,14,,17,,1,21,121.5330712,25.0443397
113,7,15,8,45,2,04大安區,大安區新生南路1段與八德路2段口口,0,0,1,2,C03,8,6,5,50,4,1,1,5,4,5,13,2,1,1,4,5,2,17,1,49,3,10,5,1,7,15,1,10,2,11,,114,,2,21,121.5330712,25.0443397
113,7,15,8,58,2,05中正區,中正區忠孝東路1段與林森北路口,0,0,3,1,C03,8,6,5,50,4,1,1,5,4,5,13,1,1,5,4,5,2,16,2,32,2,9,6,1,7,6,1,10,2,12,,9,,1,21,121.5233023,25.0449392
113,7,15,8,58,2,05中正區,中正區忠孝東路1段與林森北路口,0,0,3,2,C03,8,6,5,50,4,1,1,5,4,5,13,1,1,5,4,5,2,16,1,69,2,9,5,1,7,9,3,18,2,14,,44,,1,21,121.5233023,25.0449392
113,7,15,8,58,2,05中正區,中正區忠孝東路1段與林森北路口,0,0,3,3,H02,8,6,5,50,4,1,1,5,4,5,13,1,1,5,4,5,2,16,2,27,2,9,5,5,7,20,8,20,10,16,,67,,1,21,121.5233023,25.0449392
113,7,15,9,0,2,06松山區,松山區南京東路4段61號,0,0,2,1,C03,8,5,5,50,14,9,1,5,4,5,13,1,1,1,4,4,2,13,2,35,2,3,6,1,7,9,1,10,1,11,,16,,1,21,121.5528108,25.05174402
113,7,15,9,0,2,06松山區,松山區南京東路4段61號,0,0,2,2,C03,8,5,5,50,14,9,1,5,4,5,13,1,1,1,4,4,2,13,1,40,2,8,6,1,7,9,1,10,1,12,,44,,1,21,121.5528108,25.05174402
113,7,15,9,10,2,10文山區,文山區木柵路2段138巷與興隆路4段109巷口,0,0,1,1,B01,8,7,5,30,4,1,1,5,4,5,13,1,1,10,5,5,2,17,1,50,3,10,7,1,7,11,1,2,1,8,,10,,1,21,121.562603,24.9868311
113,7,15,9,10,2,10文山區,文山區木柵路2段138巷與興隆路4段109巷口,0,0,1,2,C03,8,7,5,30,4,1,1,5,4,5,13,1,1,10,5,5,2,17,2,58,2,9,5,1,7,9,1,8,1,11,,42,,1,21,121.562603,24.9868311
113,7,15,9,53,2,10文山區,文山區和平東路4段,0,0,1,1,C04,8,7,5,40,11,9,1,5,4,5,13,4,4,5,5,5,2,18,2,29,2,9,5,1,7,6,1,11,1,12,,66,,1,21,121.5713319,25.0044552
113,7,15,9,53,2,10文山區,文山區和平東路4段,0,0,1,2,,8,7,5,40,11,9,1,5,4,5,13,4,4,5,5,5,2,18,3,,,,,,,,,,,,,67,,1,,121.5713319,25.0044552
113,7,15,10,0,2,01大同區,大同區承德路3段與民權西路口,0,0,1,1,C03,8,6,5,50,4,1,1,5,4,5,13,2,1,8,3,4,2,16,1,65,3,10,6,1,7,8,1,10,1,13,,100,,1,21,121.5184411,25.06287339
113,7,15,10,0,2,01大同區,大同區承德路3段與民權西路口,0,0,1,2,C03,8,6,5,50,4,1,1,5,4,5,13,2,1,8,3,4,2,16,2,58,2,9,6,1,7,9,1,10,1,14,,44,,1,21,121.5184411,25.06287339
113,7,15,10,10,2,02萬華區,萬華區大理街170巷1弄7號,0,0,3,1,C03,8,5,5,30,14,9,1,5,4,5,13,4,4,10,5,5,2,17,1,71,2,9,5,4,7,7,1,10,1,14,,44,,1,21,121.4938271,25.03387229
113,7,15,10,10,2,02萬華區,萬華區大理街170巷1弄7號,0,0,3,2,C03,8,5,5,30,14,9,1,5,4,5,13,4,4,10,5,5,2,17,1,18,2,8,5,4,7,9,1,10,1,12,,44,,1,21,121.4938271,25.03387229
113,7,15,10,10,2,02萬華區,萬華區大理街170巷1弄7號,0,0,3,3,C03,8,5,5,30,14,9,1,5,4,5,13,4,4,10,5,5,2,17,2,56,3,10,5,1,7,15,1,10,1,15,,44,,1,21,121.4938271,25.03387229
113,7,15,10,10,2,02萬華區,萬華區大理街170巷1弄7號,0,0,3,4,H01,8,5,5,30,14,9,1,5,4,5,13,4,4,10,5,5,2,17,1,60,2,9,4,5,8,16,8,20,10,16,,60,,1,21,121.4938271,25.03387229
113,7,15,10,16,2,11南港區,南港區忠孝東路6段81巷與東新街口,0,0,1,1,C03,8,5,5,50,3,1,1,5,4,5,13,4,4,1,4,5,2,16,2,47,3,10,6,1,7,6,1,10,9,12,,17,,2,21,121.5846196,25.0484813
113,7,15,10,16,2,11南港區,南港區忠孝東路6段81巷與東新街口,0,0,1,2,C03,8,5,5,50,3,1,1,5,4,5,13,4,4,1,4,5,2,16,2,27,2,8,6,1,7,9,1,10,9,11,,17,,1,21,121.5846196,25.0484813
113,7,15,10,21,2,03中山區,中山區中山北路2段92號,0,0,1,1,A02,8,6,5,50,14,9,1,5,4,5,13,2,1,5,4,1,2,9,1,65,3,10,7,1,7,9,1,2,1,17,,44,,1,22,121.5227721,25.0583349
113,7,15,10,21,2,03中山區,中山區中山北路2段92號,0,0,1,2,H02,8,6,5,50,14,9,1,5,4,5,13,2,1,5,4,1,2,9,2,46,2,9,4,5,7,20,8,20,10,17,,44,,1,22,121.5227721,25.0583349
113,7,15,10,40,2,03中山區,中山區民權東路2段86號,0,0,2,1,C03,8,5,5,50,14,9,1,5,4,5,13,1,1,1,4,5,2,13,2,37,2,9,6,1,7,15,1,10,1,11,,42,,1,21,121.5315164,25.0624285
113,7,15,10,40,2,03中山區,中山區民權東路2段86號,0,0,2,2,B02,8,5,5,50,14,9,1,5,4,5,13,1,1,1,4,5,2,13,1,52,3,10,7,1,7,13,1,8,1,7,,38,,1,21,121.5315164,25.0624285
113,7,15,10,40,2,03中山區,中山區民權東路2段86號,0,0,2,3,C03,8,5,5,50,14,9,1,5,4,5,13,1,1,1,4,5,2,13,1,30,2,9,6,1,7,9,1,10,1,11,,44,,1,21,121.5315164,25.0624285
113,7,15,10,48,2,07信義區,信義區基隆路2段107-3號,0,0,1,1,C03,8,6,5,50,14,9,1,5,4,5,13,4,4,3,4,5,2,12,1,27,2,9,5,1,7,9,1,10,2,14,,114,,1,21,121.557359,25.029315
113,7,15,10,48,2,07信義區,信義區基隆路2段107-3號,0,0,1,2,B01,8,6,5,50,14,9,1,5,4,5,13,4,4,3,4,5,2,12,1,65,3,10,3,4,7,9,1,4,2,5,,44,,1,21,121.557359,25.029315
113,7,15,10,51,2,07信義區,信義區信義路5段20號,0,0,1,1,C03,8,7,5,50,14,9,1,5,4,5,13,4,4,3,4,5,2,18,1,29,2,9,3,4,7,9,1,10,1,12,,118,,1,22,121.5616504,25.0329309
113,7,15,10,51,2,07信義區,信義區信義路5段20號,0,0,1,2,C03,8,7,5,50,14,9,1,5,4,5,13,4,4,3,4,5,2,18,3,0,,,,,,,,,,,,67,,1,,121.5616504,25.0329309
113,7,15,10,53,2,02萬華區,萬華區德昌街132巷與民和街口,0,0,1,1,C03,8,6,5,30,4,2,1,5,4,5,13,4,4,10,5,5,1,17,2,57,3,10,3,4,7,9,1,10,1,13,,42,,1,21,121.4962668,25.02491019
113,7,15,10,53,2,02萬華區,萬華區德昌街132巷與民和街口,0,0,1,2,C03,8,6,5,30,4,2,1,5,4,5,13,4,4,10,5,5,1,17,2,63,2,9,3,4,7,9,1,11,1,11,,44,,1,21,121.4962668,25.02491019
113,7,15,10,59,2,12內湖區,內湖區金湖路367巷3弄與金湖路367巷口,0,0,1,1,B03,8,6,6,30,3,1,1,5,4,5,13,4,4,10,5,5,2,16,1,67,3,10,3,4,7,5,1,8,1,2,,8,,1,22,121.6031085,25.0729809
113,7,15,10,59,2,12內湖區,內湖區金湖路367巷3弄與金湖路367巷口,0,0,1,2,C03,8,6,6,30,3,1,1,5,4,5,13,4,4,10,5,5,2,16,1,21,2,9,5,1,7,9,5,10,1,11,,44,,1,22,121.6031085,25.0729809
113,7,15,11,18,2,09北投區,北投區承德路6段329號,0,0,2,1,C03,8,5,5,60,14,8,1,5,4,5,13,4,4,1,4,4,2,12,1,66,2,9,5,1,7,15,1,10,1,12,,44,,1,21,121.5120949,25.10209787
113,7,15,11,18,2,09北投區,北投區承德路6段329號,0,0,2,2,C03,8,5,5,60,14,8,1,5,4,5,13,4,4,1,4,4,2,12,1,18,2,9,5,1,7,9,1,10,1,11,,17,,1,21,121.5120949,25.10209787
113,7,15,12,6,2,02萬華區,萬華區環河南路2段50巷與桂林路228巷30弄口,0,0,3,1,C03,8,6,5,30,4,2,1,5,4,5,13,4,4,10,5,5,1,17,2,43,2,9,3,4,7,9,1,10,1,15,,75,,1,22,121.4959348,25.0380105
113,7,15,12,6,2,02萬華區,萬華區環河南路2段50巷與桂林路228巷30弄口,0,0,3,2,C03,8,6,5,30,4,2,1,5,4,5,13,4,4,10,5,5,1,17,2,46,2,9,3,4,7,9,1,10,1,15,,44,,1,22,121.4959348,25.0380105
113,7,15,12,6,2,02萬華區,萬華區環河南路2段50巷與桂林路228巷30弄口,0,0,3,3,H02,8,6,5,30,4,2,1,5,4,5,13,4,4,10,5,5,1,17,2,16,2,9,3,5,7,20,8,20,10,16,,67,,1,22,121.4959348,25.0380105
113,7,15,12,21,2,08士林區,士林區德行東路331巷與德行東路331巷51弄口,0,0,2,1,C03,8,5,5,30,4,1,1,5,4,5,13,4,4,10,5,5,1,15,1,58,2,9,5,1,7,9,1,10,1,11,,80,,1,21,121.5387432,25.1121997
113,7,15,12,21,2,08士林區,士林區德行東路331巷與德行東路331巷51弄口,0,0,2,2,C03,8,5,5,30,4,1,1,5,4,5,13,4,4,10,5,5,1,15,2,44,2,9,5,1,7,9,1,10,1,12,,80,,1,21,121.5387432,25.1121997
113,7,15,12,32,2,12內湖區,內湖區東湖路113巷49弄與東湖路119巷49弄口口,0,0,1,1,C03,8,6,6,30,4,1,1,5,4,5,13,2,1,9,5,5,2,16,1,64,2,8,6,1,7,9,1,10,1,11,,108,,1,22,121.6159921,25.0701409
113,7,15,12,32,2,12內湖區,內湖區東湖路113巷49弄與東湖路119巷49弄口口,0,0,1,2,B01,8,6,6,30,4,1,1,5,4,5,13,2,1,9,5,5,2,16,1,51,3,10,3,4,7,14,1,4,1,6,,44,,1,22,121.6159921,25.0701409
113,7,15,12,37,2,03中山區,中山區新生高架道與濱江街口口匝道前,0,0,1,1,B03,8,6,5,70,10,9,1,5,4,5,13,4,4,2,4,5,2,13,1,33,3,10,7,1,7,9,1,8,1,1,,108,,1,21,121.5264831,25.07314979
113,7,15,12,37,2,03中山區,中山區新生高架道與濱江街口口匝道前,0,0,1,2,B03,8,6,5,70,10,9,1,5,4,5,13,4,4,2,4,5,2,13,1,36,2,1,7,1,7,14,1,8,1,3,,44,,1,21,121.5264831,25.07314979
113,7,15,12,45,2,10文山區,文山區景文街145號,0,0,1,1,C03,8,6,5,50,14,9,1,5,4,5,13,4,4,5,5,5,1,13,1,74,3,10,5,1,7,15,1,10,2,13,,100,,1,21,121.5409444,24.9895855
113,7,15,12,45,2,10文山區,文山區景文街145號,0,0,1,2,C03,8,6,5,50,14,9,1,5,4,5,13,4,4,5,5,5,1,13,2,57,2,8,5,1,7,8,1,10,2,11,,100,,1,21,121.5409444,24.9895855
113,7,15,12,55,2,05中正區,中正區懷寧街與寶慶路口,0,0,1,1,C03,7,5,5,50,3,1,1,5,4,5,13,4,4,5,4,5,2,13,2,57,2,4,5,1,7,9,1,10,1,11,,16,,1,21,121.5139388,25.0410222
113,7,15,12,55,2,05中正區,中正區懷寧街與寶慶路口,0,0,1,2,B03,7,5,5,50,3,1,1,5,4,5,13,4,4,5,4,5,2,13,1,49,3,10,7,1,7,14,1,8,1,7,,44,,1,21,121.5139388,25.0410222
113,7,15,13,20,2,05中正區,中正區重慶南路2段與寧波西街口,0,0,1,1,C03,8,7,5,50,4,2,1,5,4,5,13,2,1,1,4,5,2,16,2,21,3,10,5,1,7,7,1,10,1,13,,100,,1,21,121.5151752,25.0298102
113,7,15,13,20,2,05中正區,中正區重慶南路2段與寧波西街口,0,0,1,2,C03,8,7,5,50,4,2,1,5,4,5,13,2,1,1,4,5,2,16,1,53,2,8,5,1,7,9,1,10,1,11,,44,,1,21,121.5151752,25.0298102
113,7,15,13,39,2,07信義區,信義區基隆路2段41號,0,0,1,1,B01,8,7,5,50,14,9,1,5,4,5,13,4,4,10,4,5,2,12,1,55,3,10,3,4,7,7,1,4,1,6,,100,,1,21,121.5585261,25.0311045
113,7,15,13,39,2,07信義區,信義區基隆路2段41號,0,0,1,2,C03,8,7,5,50,14,9,1,5,4,5,13,4,4,10,4,5,2,12,2,36,2,9,3,4,7,9,1,10,1,14,,44,,1,21,121.5585261,25.0311045
113,7,15,13,45,2,05中正區,中正區徐州路2-1號,0,0,1,1,B01,8,7,5,50,14,9,1,5,4,5,13,4,4,9,4,5,2,17,1,59,3,10,7,1,7,9,1,4,5,5,,107,,1,21,121.5196542,25.041579
113,7,15,13,45,2,05中正區,中正區徐州路2-1號,0,0,1,2,B01,8,7,5,50,14,9,1,5,4,5,13,4,4,9,4,5,2,17,1,66,3,10,7,1,7,13,1,4,2,4,,38,,1,21,121.5196542,25.041579
113,7,15,13,45,2,05中正區,中正區徐州路2-1號,0,0,1,3,B01,8,7,5,50,14,9,1,5,4,5,13,4,4,9,4,5,2,17,1,53,2,9,7,1,7,14,1,4,2,7,,44,,1,21,121.5196542,25.041579
113,7,15,13,50,2,07信義區,信義區松壽路2號,0,0,1,1,B03,8,7,5,50,14,9,1,5,4,5,13,4,4,5,4,5,2,12,2,38,3,10,7,1,7,15,1,8,1,5,,44,,1,21,121.5631288,25.0358342
113,7,15,13,50,2,07信義區,信義區松壽路2號,0,0,1,2,C03,8,7,5,50,14,9,1,5,4,5,13,4,4,5,4,5,2,12,1,47,2,9,5,1,7,9,1,10,1,11,,44,,1,21,121.5631288,25.0358342
113,7,15,13,54,2,03中山區,中山區建國高架道與長春路口往南近長春路上方,0,0,1,1,B01,8,6,5,70,10,7,1,5,4,5,13,4,4,2,4,5,2,13,1,40,3,10,7,1,7,9,1,4,1,1,,16,,1,22,121.5367278,25.0499929
113,7,15,13,54,2,03中山區,中山區建國高架道與長春路口往南近長春路上方,0,0,1,2,B01,8,6,5,70,10,7,1,5,4,5,13,4,4,2,4,5,2,13,1,64,3,10,7,1,7,9,1,4,1,3,,44,,1,22,121.5367278,25.0499929
113,7,15,13,54,2,03中山區,中山區建國高架道與長春路口往南近長春路上方,0,0,1,3,H02,8,6,5,70,10,7,1,5,4,5,13,4,4,2,4,5,2,13,2,81,2,7,7,5,7,20,8,20,10,16,,67,,1,22,121.5367278,25.0499929
113,7,15,13,57,2,12內湖區,內湖區環山路1段92號,0,0,2,1,C03,8,6,5,50,14,9,1,5,4,5,13,4,4,5,4,5,2,17,2,50,2,9,5,1,7,15,1,10,2,15,,100,,1,21,121.56755,25.08644762
113,7,15,13,57,2,12內湖區,內湖區環山路1段92號,0,0,2,2,C03,8,6,5,50,14,9,1,5,4,5,13,4,4,5,4,5,2,17,2,26,2,9,6,1,7,9,1,10,2,11,,44,,1,21,121.56755,25.08644762
113,7,15,14,7,2,04大安區,大安區忠孝東路4段170巷6弄1號,0,0,1,1,B03,8,6,5,30,14,9,1,5,4,4,13,4,4,10,5,5,2,9,1,50,4,11,3,4,7,21,7,19,9,15,,42,,2,22,121.5507487,25.0409588
113,7,15,14,7,2,04大安區,大安區忠孝東路4段170巷6弄1號,0,0,1,2,H01,8,6,5,30,14,9,1,5,4,4,13,4,4,10,5,5,2,9,1,28,2,8,4,5,8,20,8,20,10,16,,67,,1,21,121.5507487,25.0409588
113,7,15,14,10,2,05中正區,中正區八德路1段與臨沂街口,0,0,1,1,B12,8,5,5,50,4,1,1,5,4,5,13,1,1,5,4,5,1,17,1,62,3,10,7,1,7,5,6,8,2,17,,8,,1,21,121.5307164,25.043808
113,7,15,14,10,2,05中正區,中正區八德路1段與臨沂街口,0,0,1,2,C03,8,5,5,50,4,1,1,5,4,5,13,1,1,5,4,5,1,17,1,33,2,9,5,1,7,9,1,10,2,17,,44,,1,21,121.5307164,25.043808
113,7,15,15,8,2,05中正區,中正區汀州路1段92巷與惠安街口,0,0,1,1,C03,8,7,5,30,4,1,1,5,4,5,13,4,4,10,5,5,2,15,1,65,2,9,5,1,7,9,1,10,1,12,,72,,1,22,121.5064677,25.0297437
113,7,15,15,8,2,05中正區,中正區汀州路1段92巷與惠安街口,0,0,1,2,B03,8,7,5,30,4,1,1,5,4,5,13,4,4,10,5,5,2,15,1,44,3,10,7,1,7,9,1,8,1,8,,14,,1,22,121.5064677,25.0297437
113,7,15,15,12,2,07信義區,信義區忠孝東路5段236巷2弄,0,0,1,1,B03,8,6,5,50,14,9,1,5,4,5,13,4,4,9,4,5,2,16,1,47,3,10,7,1,7,6,1,6,1,6,,9,,1,21,121.5691527,25.0405326
113,7,15,15,12,2,07信義區,信義區忠孝東路5段236巷2弄,0,0,1,2,C03,8,6,5,50,14,9,1,5,4,5,13,4,4,9,4,5,2,16,1,24,2,9,5,1,7,9,1,10,1,11,,16,,1,21,121.5691527,25.0405326
113,7,15,16,35,2,02萬華區,萬華區環河南路1段72號,0,0,3,1,C03,8,6,5,50,14,9,1,5,4,5,13,4,4,8,3,5,1,17,1,64,2,1,5,1,7,11,1,10,1,14,,92,,1,21,121.5048487,25.0475663
113,7,15,16,35,2,02萬華區,萬華區環河南路1段72號,0,0,3,2,C03,8,6,5,50,14,9,1,5,4,5,13,4,4,8,3,5,1,17,1,18,2,9,5,1,7,9,3,18,1,11,,13,,1,21,121.5048487,25.0475663
113,7,15,16,35,2,02萬華區,萬華區環河南路1段72號,0,0,3,3,H02,8,6,5,50,14,9,1,5,4,5,13,4,4,8,3,5,1,17,2,57,2,8,5,5,7,21,8,20,10,16,,67,,1,21,121.5048487,25.0475663
113,7,15,16,41,2,03中山區,中山區民族東路62號,0,0,1,1,C03,8,7,5,50,14,9,1,5,4,5,13,4,4,9,4,5,2,13,1,62,2,8,5,1,7,9,1,10,1,11,,16,,1,21,121.5261722,25.0683326
113,7,15,16,41,2,03中山區,中山區民族東路62號,0,0,1,2,B03,8,7,5,50,14,9,1,5,4,5,13,4,4,9,4,5,2,13,1,42,3,10,7,1,7,12,1,8,1,3,,44,,1,21,121.5261722,25.0683326
113,7,15,16,42,2,09北投區,北投區中和街與珠海路口,0,0,1,1,B03,8,6,5,50,4,1,1,5,4,5,13,1,1,5,5,5,1,16,2,70,3,10,7,1,7,6,1,8,2,2,,9,,1,21,121.502555,25.1382957
113,7,15,16,42,2,09北投區,北投區中和街與珠海路口,0,0,1,2,C03,8,6,5,50,4,1,1,5,4,5,13,1,1,5,5,5,1,16,2,45,2,9,5,1,7,9,1,9,2,11,12,108,,1,21,121.502555,25.1382957
113,7,15,16,54,2,06松山區,松山區光復北路與南京東路5段口,0,0,2,1,B02,8,5,5,50,5,1,1,5,4,5,13,1,1,5,5,5,2,12,1,36,3,10,7,1,7,9,1,8,1,5,,101,,1,22,121.5573964,25.0516845
113,7,15,16,54,2,06松山區,松山區光復北路與南京東路5段口,0,0,2,2,C03,8,5,5,50,5,1,1,5,4,5,13,1,1,5,5,5,2,12,2,18,2,9,6,1,7,9,1,10,1,14,,44,,1,22,121.5573964,25.0516845
113,7,15,16,54,2,06松山區,松山區光復北路與南京東路5段口,0,0,2,3,H02,8,5,5,50,5,1,1,5,4,5,13,1,1,5,5,5,2,12,2,19,2,8,6,5,7,20,8,20,10,16,,67,,1,25,121.5573964,25.0516845
113,7,15,16,57,2,02萬華區,萬華區西藏路424號,0,0,2,1,C03,8,7,5,50,14,9,1,5,4,5,13,1,1,1,5,5,2,13,1,21,2,9,5,1,7,9,1,10,1,14,,44,,1,21,121.4988271,25.02936626
113,7,15,16,57,2,02萬華區,萬華區西藏路424號,0,0,2,2,C04,8,7,5,50,14,9,1,5,4,5,13,1,1,1,5,5,2,13,1,86,2,9,5,1,7,9,1,10,1,13,,44,,1,21,121.4988271,25.02936626
113,7,15,17,8,2,04大安區,大安區和平東路1段與師大路口,0,0,1,1,B01,8,6,5,50,3,2,1,5,4,5,13,2,1,1,4,5,2,17,1,59,3,10,7,1,7,11,1,4,1,6,,44,,1,21,121.5283018,25.02668
113,7,15,17,8,2,04大安區,大安區和平東路1段與師大路口,0,0,1,2,C03,8,6,5,50,3,2,1,5,4,5,13,2,1,1,4,5,2,17,1,26,2,9,6,1,7,12,1,10,1,14,,44,,1,21,121.5283018,25.02668
113,7,15,17,11,2,12內湖區,內湖區康寧路3段與康寧路3段54巷口,0,0,1,1,B03,8,5,5,40,3,1,1,5,4,5,13,4,4,1,4,4,2,16,1,60,3,10,7,1,7,6,1,8,2,5,,9,,1,21,121.6090159,25.07180418
113,7,15,17,11,2,12內湖區,內湖區康寧路3段與康寧路3段54巷口,0,0,1,2,C03,8,5,5,40,3,1,1,5,4,5,13,4,4,1,4,4,2,16,1,20,2,9,6,1,7,4,1,10,2,14,,108,,1,21,121.6090159,25.07180418
113,7,15,17,14,2,05中正區,中正區襄陽路與南陽街口,0,0,1,1,C03,8,6,5,50,3,1,1,5,4,5,13,4,4,5,4,5,2,13,1,47,2,8,6,1,7,9,1,10,2,11,,16,,1,22,121.5160472,25.0433865
113,7,15,17,14,2,05中正區,中正區襄陽路與南陽街口,0,0,1,2,C03,8,6,5,50,3,1,1,5,4,5,13,4,4,5,4,5,2,13,1,58,3,10,5,1,7,9,1,10,2,13,,44,,1,22,121.5160472,25.0433865
113,7,15,17,26,2,08士林區,士林區至善路2段280-1號,0,0,1,1,B03,8,6,5,50,14,9,1,5,4,5,13,4,4,3,4,5,2,16,2,42,3,10,7,1,7,6,1,8,1,2,,101,,1,21,121.5517424,25.10100998
113,7,15,17,26,2,08士林區,士林區至善路2段280-1號,0,0,1,2,C03,8,6,5,50,14,9,1,5,4,5,13,4,4,3,4,5,2,16,1,69,2,9,5,4,7,9,1,10,1,14,,44,,1,21,121.5517424,25.10100998
113,7,15,17,31,2,03中山區,中山區松江路469巷,0,0,1,1,H01,8,6,5,50,22,9,2,5,4,5,13,2,1,10,3,5,1,9,2,6,2,8,4,5,8,18,8,20,1,16,,121,,1,14,121.5340043,25.0667417
113,7,15,17,31,2,03中山區,中山區松江路469巷,0,0,1,2,C03,8,6,5,50,22,9,2,5,4,5,13,2,1,10,3,5,1,9,2,30,3,10,5,1,7,9,1,10,1,11,,108,,1,22,121.5340043,25.0667417