發生年度,發生月,發生日,發生時-Hours,發生分,處理別-編號,區序,肇事地點,死亡人數,2-30日死亡人數,受傷人數,當事人序號,車種,天候,道路照明設備,道路類別,速限-速度限制,道路型態,事故位置,路面狀況1,路面狀況2,路面狀況3,道路障礙1,道路障礙2,號誌1,號誌2,車道劃分-分向,車道劃分-分道1,車道劃分-分道2,車道劃分-分道3,事故類型及型態,性別,年齡,受傷程度,主要傷處,保護裝置,行動電話,車輛用途,當事者行動狀態,駕駛資格情形,駕駛執照種類,飲酒情形,車輛撞擊部位1,車輛撞擊部位2,肇因碼-個別,肇因碼-主要,個人肇逃否,職業,座標-X,座標-Y
113,7,15,17,40,2,12內湖區,內湖區民權東路6段180巷與民權東路6段口口,0,0,1,1,C03,8,6,5,50,14,9,1,5,4,5,13,2,1,1,4,5,2,12,1,72,2,7,5,1,7,8,1,10,1,12,,100,,1,22,121.5924443,25.0688498
113,7,15,17,40,2,12內湖區,內湖區民權東路6段180巷與民權東路6段口口,0,0,1,2,B03,8,6,5,50,14,9,1,5,4,5,13,2,1,1,4,5,2,12,1,29,3,10,3,4,7,8,1,8,1,4,,100,,1,22,121.5924443,25.0688498
113,7,15,17,40,2,12內湖區,內湖區民權東路6段180巷與民權東路6段口口,0,0,1,3,B03,8,6,5,50,14,9,1,5,4,5,13,2,1,1,4,5,2,12,1,41,3,10,3,4,7,9,1,8,1,7,,44,,1,22,121.5924443,25.0688498
113,7,15,17,41,2,05中正區,中正區林森南路地下道,0,0,1,1,C03,8,7,5,50,14,9,1,5,4,5,13,1,1,1,4,5,2,13,2,50,2,8,5,1,7,9,1,10,1,11,,16,,1,22,121.5184469,25.0332209
113,7,15,17,41,2,05中正區,中正區林森南路地下道,0,0,1,2,B03,8,7,5,50,14,9,1,5,4,5,13,1,1,1,4,5,2,13,1,44,3,10,7,1,7,14,1,8,1,7,,44,,1,22,121.5184469,25.0332209
113,7,15,17,43,2,07信義區,信義區忠孝東路5段372巷與忠孝東路5段236巷3弄口,0,0,1,1,C03,8,7,5,30,4,1,1,5,4,5,13,4,4,9,5,5,2,15,1,20,2,9,6,1,7,9,1,10,1,14,,72,,1,21,121.5740047,25.0403623
113,7,15,17,43,2,07信義區,信義區忠孝東路5段372巷與忠孝東路5段236巷3弄口,0,0,1,2,B03,8,7,5,30,4,1,1,5,4,5,13,4,4,9,5,5,2,15,2,54,3,10,7,1,7,9,1,8,1,8,,44,,1,21,121.5740047,25.0403623
113,7,15,17,45,2,11南港區,南港區研究院路2段98巷21弄與研究院路2段84巷口,0,0,1,1,B03,8,5,5,30,4,1,1,5,4,5,12,4,4,5,5,5,2,15,2,25,3,10,3,4,7,9,1,8,1,5,,75,,1,21,121.6148971,25.0450857
113,7,15,17,45,2,11南港區,南港區研究院路2段98巷21弄與研究院路2段84巷口,0,0,1,2,C03,8,5,5,30,4,1,1,5,4,5,12,4,4,5,5,5,2,15,1,39,2,9,6,1,7,9,1,10,1,11,,107,,1,21,121.6148971,25.0450857
113,7,15,18,8,2,12內湖區,內湖區江南街與江南街107巷口,0,0,1,1,B01,8,5,5,50,4,1,1,5,4,5,13,4,4,5,4,5,2,16,1,61,3,10,7,1,7,5,1,8,1,17,,80,,1,21,121.5765365,25.07668
113,7,15,18,8,2,12內湖區,內湖區江南街與江南街107巷口,0,0,1,2,C03,8,5,5,50,4,1,1,5,4,5,13,4,4,5,4,5,2,16,1,43,2,9,5,1,7,9,1,10,1,17,,44,,1,21,121.5765365,25.07668
113,7,15,18,12,2,07信義區,信義區松仁路3號,0,0,1,1,B02,8,6,5,50,14,9,1,5,4,5,13,4,4,2,4,5,2,12,1,34,3,10,3,4,7,8,1,8,9,17,,100,,2,21,121.5685525,25.0397591
113,7,15,18,12,2,07信義區,信義區松仁路3號,0,0,1,2,C03,8,6,5,50,14,9,1,5,4,5,13,4,4,2,4,5,2,12,1,45,2,9,5,1,7,9,1,10,1,12,,44,,1,21,121.5685525,25.0397591
113,7,15,18,28,2,07信義區,信義區忠孝東路5段與中坡南路口,0,0,1,1,B03,8,5,5,50,4,1,1,5,4,5,13,1,1,1,4,5,2,17,1,24,3,10,7,1,7,5,1,8,1,7,,8,,1,22,121.5819667,25.0441475
113,7,15,18,28,2,07信義區,信義區忠孝東路5段與中坡南路口,0,0,1,2,C03,8,5,5,50,4,1,1,5,4,5,13,1,1,1,4,5,2,17,1,23,2,9,6,1,7,9,1,10,1,11,,44,,1,22,121.5819667,25.0441475
113,7,15,19,20,2,07信義區,信義區松智路與松平路口,0,0,1,1,C03,8,5,5,50,4,2,1,5,4,5,13,2,1,9,4,5,2,9,2,28,3,10,6,1,7,9,1,10,1,12,,42,,1,22,121.565391,25.0304365
113,7,15,19,20,2,07信義區,信義區松智路與松平路口,0,0,1,2,H02,8,5,5,50,4,2,1,5,4,5,13,2,1,9,4,5,2,9,2,30,2,9,6,5,7,20,8,20,10,16,,67,,1,22,121.565391,25.0304365
113,7,15,19,23,2,12內湖區,內湖區行善路417巷與金莊路口,0,0,2,1,B01,7,5,5,50,3,1,1,5,4,5,13,3,1,5,5,5,2,15,1,68,2,5,7,1,7,9,1,4,1,8,,84,,1,21,121.5873842,25.06461522
113,7,15,19,23,2,12內湖區,內湖區行善路417巷與金莊路口,0,0,2,2,B01,7,5,5,50,3,1,1,5,4,5,13,3,1,5,5,5,2,15,1,59,2,8,7,1,7,9,1,4,1,5,,14,,1,21,121.5873842,25.06461522
113,7,15,20,2,2,07信義區,信義區信義路5段150巷360號,0,0,1,1,B03,8,5,8,30,14,9,1,5,4,5,13,4,4,10,5,5,2,17,1,47,3,10,2,1,7,13,1,8,1,4,,40,,1,22,121.5705141,25.0255715
113,7,15,20,2,2,07信義區,信義區信義路5段150巷360號,0,0,1,2,F01,8,5,8,30,14,9,1,5,4,5,13,4,4,10,5,5,2,17,2,30,2,8,4,1,7,9,8,20,1,12,,44,,1,22,121.5705141,25.0255715
113,7,15,20,16,2,06松山區,松山區市民大道4段與復興南路1段口,0,0,1,1,B01,7,5,6,40,4,1,1,5,4,5,13,1,1,1,4,5,2,13,1,45,3,10,7,1,7,6,1,4,2,1,,16,,1,21,121.5441164,25.0449927
113,7,15,20,16,2,06松山區,松山區市民大道4段與復興南路1段口,0,0,1,2,C03,7,5,6,40,4,1,1,5,4,5,13,1,1,1,4,5,2,13,1,43,2,8,6,1,7,14,1,10,2,13,,44,,1,21,121.5441164,25.0449927
113,7,15,20,35,2,04大安區,大安區忠孝東路4段與敦化南路1段口,0,0,1,1,C03,8,5,5,50,4,2,1,5,4,5,13,2,1,1,4,1,1,17,1,30,2,9,6,1,7,15,1,10,2,14,,14,,1,23,121.5485662,25.0415211
113,7,15,20,35,2,04大安區,大安區忠孝東路4段與敦化南路1段口,0,0,1,2,B01,8,5,5,50,4,2,1,5,4,5,13,2,1,1,4,1,1,17,1,67,3,10,7,1,7,9,1,4,2,5,,14,,1,21,121.5485662,25.0415211
113,7,15,20,35,2,04大安區,大安區忠孝東路4段與敦化南路1段口,0,0,1,3,B01,8,5,5,50,4,2,1,5,4,5,13,2,1,1,4,1,1,17,1,63,3,10,7,1,7,9,1,4,2,1,,16,,1,21,121.5485662,25.0415211
113,7,15,20,35,2,04大安區,大安區忠孝東路4段與敦化南路1段口,0,0,1,4,B02,8,5,5,50,4,2,1,5,4,5,13,2,1,1,4,1,1,17,1,43,3,10,7,1,7,9,1,8,2,3,,44,,1,21,121.5485662,25.0415211
113,7,15,20,50,2,08士林區,士林區中山北路6段186巷與中山北路6段口,0,0,1,1,B03,8,5,5,30,3,18,1,5,4,5,13,4,4,10,5,5,2,3,2,66,3,10,3,4,7,9,1,8,1,15,,70,,1,21,121.5251291,25.1076933
113,7,15,20,50,2,08士林區,士林區中山北路6段186巷與中山北路6段口,0,0,1,2,H01,8,5,5,30,3,18,1,5,4,5,13,4,4,10,5,5,2,3,1,36,2,8,4,5,8,16,8,20,10,16,,67,,1,21,121.5251291,25.1076933
113,7,15,21,28,2,01大同區,大同區長安西路與重慶北路1段口,0,0,1,1,E05,7,6,5,50,4,2,1,5,4,5,13,2,1,1,4,5,2,18,1,46,2,9,3,4,7,6,1,1,2,2,,42,,1,21,121.5145378,25.0512863
113,7,15,21,28,2,01大同區,大同區長安西路與重慶北路1段口,0,0,1,2,,7,6,5,50,4,2,1,5,4,5,13,2,1,1,4,5,2,18,3,0,,,,,,,,,,,,67,,1,,121.5145378,25.0512863
113,7,15,21,55,2,03中山區,中山區復興南路1段32號,0,0,2,1,C03,8,5,5,50,14,9,1,5,4,5,13,4,4,1,4,5,2,13,1,26,2,9,5,1,7,9,1,10,1,11,,16,,1,21,121.543921,25.046557
113,7,15,21,55,2,03中山區,中山區復興南路1段32號,0,0,2,2,C03,8,5,5,50,14,9,1,5,4,5,13,4,4,1,4,5,2,13,1,25,3,10,5,1,7,9,1,10,1,13,,44,,1,21,121.543921,25.046557
113,7,15,21,55,2,03中山區,中山區復興南路1段32號,0,0,2,3,H02,8,5,5,50,14,9,1,5,4,5,13,4,4,1,4,5,2,13,2,20,2,5,5,5,7,21,8,20,10,16,,67,,1,21,121.543921,25.046557
113,7,15,22,24,2,03中山區,中山區樂群二路與敬業一路口,0,0,1,1,B03,8,5,5,50,4,1,1,5,4,5,13,1,1,5,5,5,2,2,1,45,3,10,7,1,7,5,1,8,1,5,,70,,1,22,121.5533411,25.0799515
113,7,15,22,24,2,03中山區,中山區樂群二路與敬業一路口,0,0,1,2,H01,8,5,5,50,4,1,1,5,4,5,13,1,1,5,5,5,2,2,2,27,2,9,4,5,8,16,8,20,10,16,,67,,1,22,121.5533411,25.0799515
113,7,16,1,18,2,02萬華區,萬華區和平西路3段與梧州街口,0,0,1,1,B03,8,5,5,50,22,19,1,5,4,5,13,1,1,10,5,5,2,3,1,49,3,10,3,4,7,9,3,18,2,5,,70,,1,21,121.497613,25.03537321
113,7,16,1,18,2,02萬華區,萬華區和平西路3段與梧州街口,0,0,1,2,H01,8,5,5,50,22,19,1,5,4,5,13,1,1,10,5,5,2,3,1,59,2,1,4,5,8,16,8,20,10,16,,122,,1,22,121.497613,25.03537321
113,7,16,6,35,2,12內湖區,內湖區新湖一路與新湖二路191巷口,0,0,2,1,C03,7,5,5,50,3,1,1,5,4,5,13,4,4,4,1,5,1,16,2,27,2,9,3,4,7,5,1,10,1,11,,42,,1,21,121.58041,25.061046
113,7,16,6,35,2,12內湖區,內湖區新湖一路與新湖二路191巷口,0,0,2,2,C03,7,5,5,50,3,1,1,5,4,5,13,4,4,4,1,5,1,16,1,52,2,9,3,4,7,9,1,10,1,11,,42,,1,21,121.58041,25.061046
113,7,16,6,48,2,07信義區,信義區福德街253號,0,0,1,1,F01,8,6,5,50,14,9,2,5,4,5,13,4,4,9,4,5,2,17,2,84,2,9,4,1,7,1,8,20,2,11,,19,,1,21,121.5864885,25.0389646
113,7,16,6,48,2,07信義區,信義區福德街253號,0,0,1,2,B03,8,6,5,50,14,9,2,5,4,5,13,4,4,9,4,5,2,17,1,20,3,10,7,1,7,9,3,18,2,2,,44,,1,21,121.5864885,25.0389646
113,7,16,7,14,2,05中正區,中正區寧波西街與牯嶺街口,0,0,1,1,B03,8,6,5,50,4,1,1,5,4,5,13,1,1,5,4,5,2,16,1,26,3,10,7,1,7,5,1,8,1,8,,8,,1,21,121.5163881,25.0300787
113,7,16,7,14,2,05中正區,中正區寧波西街與牯嶺街口,0,0,1,2,C03,8,6,5,50,4,1,1,5,4,5,13,1,1,5,4,5,2,16,2,66,2,9,5,1,7,9,1,10,1,11,,44,,1,21,121.5163881,25.0300787
113,7,16,7,27,2,11南港區,南港區市民大道8段與市民大道8段口82號對面停車場口,0,0,1,1,C03,8,6,5,50,3,2,1,5,4,5,13,4,4,9,4,5,2,13,1,29,2,9,5,1,7,9,1,10,1,11,,16,,1,21,121.6050275,25.0530109
113,7,16,7,27,2,11南港區,南港區市民大道8段與市民大道8段口82號對面停車場口,0,0,1,2,B03,8,6,5,50,3,2,1,5,4,5,13,4,4,9,4,5,2,13,1,49,3,10,7,1,7,6,1,8,2,7,,44,,1,21,121.6050275,25.0530109
113,7,16,7,37,2,09北投區,北投區明德路與明德路289巷口,0,0,1,1,B03,8,6,5,50,4,2,1,5,4,5,13,2,1,5,4,5,2,10,1,29,3,10,7,1,7,9,1,8,2,8,,94,,1,21,121.5218178,25.11517135
113,7,16,7,37,2,09北投區,北投區明德路與明德路289巷口,0,0,1,2,C03,8,6,5,50,4,2,1,5,4,5,13,2,1,5,4,5,2,10,1,31,2,8,5,1,7,9,1,10,2,11,,44,,1,21,121.5218178,25.11517135
113,7,16,7,59,2,12內湖區,內湖區文德路90巷與文德路208巷口,0,0,1,1,B03,8,5,5,50,4,2,1,5,4,5,13,1,1,5,5,5,2,17,1,52,3,10,7,1,7,13,1,8,1,8,,40,,1,21,121.5835782,25.07711499
113,7,16,7,59,2,12內湖區,內湖區文德路90巷與文德路208巷口,0,0,1,2,C03,8,5,5,50,4,2,1,5,4,5,13,1,1,5,5,5,2,17,2,67,2,9,6,1,7,9,1,10,1,12,,44,,1,21,121.5835782,25.07711499
113,7,16,8,4,2,06松山區,松山區南京東路3段355巷與南京東路3段303巷6弄口口,0,0,1,1,B03,7,7,5,30,3,1,1,5,4,5,13,4,4,10,5,5,2,17,2,31,3,10,7,1,7,5,1,8,1,8,,8,,1,21,121.5475503,25.0523805
113,7,16,8,4,2,06松山區,松山區南京東路3段355巷與南京東路3段303巷6弄口口,0,0,1,2,C03,7,7,5,30,3,1,1,5,4,5,13,4,4,10,5,5,2,17,2,37,2,8,6,1,7,9,1,10,1,12,,44,,1,21,121.5475503,25.0523805
113,7,16,8,12,2,01大同區,大同區重慶北路3段236巷45弄13號,0,0,2,1,C03,8,6,5,50,14,9,1,5,4,5,13,4,4,9,5,5,2,17,1,42,2,9,5,1,7,9,1,10,2,12,,42,,1,21,121.5122717,25.0711854
113,7,16,8,12,2,01大同區,大同區重慶北路3段236巷45弄13號,0,0,2,2,B03,8,6,5,50,14,9,1,5,4,5,13,4,4,9,5,5,2,17,1,55,3,10,7,1,7,15,1,8,2,7,,42,,1,21,121.5122717,25.0711854
113,7,16,8,12,2,01大同區,大同區重慶北路3段236巷45弄13號,0,0,2,3,H02,8,6,5,50,14,9,1,5,4,5,13,4,4,9,5,5,2,17,2,42,2,9,4,5,7,20,8,20,10,16,,67,,1,21,121.5122717,25.0711854
113,7,16,8,15,2,12內湖區,內湖區成功路3段187巷與康寧路1段86巷口口,0,0,1,1,C03,8,6,5,30,4,1,1,5,4,5,13,4,4,10,5,5,2,16,1,38,2,8,5,1,7,6,1,10,1,12,,14,,1,21,121.5921188,25.07936254
113,7,16,8,15,2,12內湖區,內湖區成功路3段187巷與康寧路1段86巷口口,0,0,1,2,B03,8,6,5,30,4,1,1,5,4,5,13,4,4,10,5,5,2,16,1,47,3,10,7,1,7,9,1,8,1,5,,14,,1,21,121.5921188,25.07936254
113,7,16,8,16,2,02萬華區,萬華區堤外便道南向北3013854號燈桿,0,0,1,1,C03,8,7,8,40,14,11,1,5,4,5,13,4,4,10,5,5,2,12,4,0,,,,,,,,,,,,119,,2,,121.4881965,25.030935
113,7,16,8,16,2,02萬華區,萬華區堤外便道南向北3013854號燈桿,0,0,1,2,C03,8,7,8,40,14,11,1,5,4,5,13,4,4,10,5,5,2,12,2,60,2,7,6,1,7,9,1,10,1,12,,118,,1,22,121.4881965,25.030935
113,7,16,8,30,2,03中山區,中山區北安路670巷與北安路630巷9弄口,0,0,1,1,B03,8,7,5,50,3,1,1,5,4,5,13,4,4,5,3,5,2,16,1,70,3,10,7,1,7,5,1,8,1,5,,8,,1,22,121.5500942,25.08384937
113,7,16,8,30,2,03中山區,中山區北安路670巷與北安路630巷9弄口,0,0,1,2,C03,8,7,5,50,3,1,1,5,4,5,13,4,4,5,3,5,2,16,1,28,2,9,5,1,7,9,1,10,1,11,,44,,1,22,121.5500942,25.08384937
113,7,16,8,30,2,03中山區,中山區松江路297巷與錦州街241巷口,0,0,2,1,C03,8,5,5,30,4,1,1,5,4,5,13,4,4,10,5,5,2,17,2,26,2,8,3,4,7,9,1,10,1,12,,14,,1,21,121.5338933,25.0609541
113,7,16,8,30,2,03中山區,中山區松江路297巷與錦州街241巷口,0,0,2,3,H02,8,5,5,30,4,1,1,5,4,5,13,4,4,10,5,5,2,17,2,28,2,8,3,5,7,21,8,20,10,16,,67,,1,21,121.5338933,25.0609541
113,7,16,8,30,2,03中山區,中山區松江路297巷與錦州街241巷口,0,0,2,2,C03,8,5,5,30,4,1,1,5,4,5,13,4,4,10,5,5,2,17,1,57,3,10,3,4,7,9,1,10,1,11,,99,,1,21,121.5338933,25.0609541
113,7,16,8,35,2,03中山區,中山區建國高架道忠孝至長安機車道,0,0,4,7,C03,8,6,5,50,10,11,1,5,4,5,13,4,4,2,5,1,2,17,2,31,2,8,6,1,7,9,1,10,1,11,,44,,1,22,121.5368765,25.0466285
113,7,16,8,35,2,03中山區,中山區建國高架道忠孝至長安機車道,0,0,4,3,C03,8,6,5,50,10,11,1,5,4,5,13,4,4,2,5,1,2,17,1,42,2,9,6,1,7,13,1,10,1,13,,44,,1,22,121.5368765,25.0466285
113,7,16,8,35,2,03中山區,中山區建國高架道忠孝至長安機車道,0,0,4,6,C03,8,6,5,50,10,11,1,5,4,5,13,4,4,2,5,1,2,17,1,28,3,10,6,1,7,14,1,10,1,13,,44,,1,22,121.5368765,25.0466285
113,7,16,8,35,2,03中山區,中山區建國高架道忠孝至長安機車道,0,0,4,5,C03,8,6,5,50,10,11,1,5,4,5,13,4,4,2,5,1,2,17,2,40,3,10,6,1,7,14,1,11,1,13,,44,,1,22,121.5368765,25.0466285
113,7,16,8,35,2,03中山區,中山區建國高架道忠孝至長安機車道,0,0,4,4,C03,8,6,5,50,10,11,1,5,4,5,13,4,4,2,5,1,2,17,1,28,2,9,6,1,7,9,1,10,1,11,,16,,1,22,121.5368765,25.0466285
113,7,16,8,35,2,03中山區,中山區建國高架道忠孝至長安機車道,0,0,4,2,C03,8,6,5,50,10,11,1,5,4,5,13,4,4,2,5,1,2,17,2,54,2,9,6,1,7,9,1,10,1,11,,16,,1,22,121.5368765,25.0466285
113,7,16,8,35,2,03中山區,中山區建國高架道忠孝至長安機車道,0,0,4,1,C03,8,6,5,50,10,11,1,5,4,5,13,4,4,2,5,1,2,17,2,39,3,10,6,1,7,14,1,10,1,17,,33,,1,22,121.5368765,25.0466285
113,7,16,8,40,2,06松山區,松山區延壽街356巷4弄與延壽街356巷口,0,0,1,1,B13,8,6,5,30,4,1,1,5,4,5,13,4,4,10,5,5,1,15,1,57,3,10,7,1,7,9,1,3,1,5,,80,,1,21,121.558974,25.05575296
113,7,16,8,40,2,06松山區,松山區延壽街356巷4弄與延壽街356巷口,0,0,1,2,C03,8,6,5,30,4,1,1,5,4,5,13,4,4,10,5,5,1,15,2,36,2,7,6,1,7,9,1,10,1,14,,14,,1,21,121.558974,25.05575296
113,7,16,8,47,2,03中山區,中山區建國北路2段92號前,0,0,2,1,C03,8,7,5,50,14,9,1,5,4,5,13,4,4,1,4,5,2,17,2,57,2,9,3,4,7,12,1,10,1,12,,42,,1,21,121.5363755,25.0566607
113,7,16,8,47,2,03中山區,中山區建國北路2段92號前,0,0,2,2,F01,8,7,5,50,14,9,1,5,4,5,13,4,4,1,4,5,2,17,1,73,2,9,3,4,7,9,8,20,1,13,,44,,1,21,121.5363755,25.0566607
113,7,16,9,17,2,07信義區,信義區忠孝東路5段242號,0,0,2,1,B01,8,5,5,50,14,9,1,5,4,5,13,4,4,1,4,5,1,17,1,61,3,10,7,1,7,7,1,4,9,5,,100,,1,21,121.5722157,25.0408692
113,7,16,9,17,2,07信義區,信義區忠孝東路5段242號,0,0,2,2,C03,8,5,5,50,14,9,1,5,4,5,13,4,4,1,4,5,1,17,1,25,2,7,6,1,7,9,1,10,9,14,,44,,1,21,121.5722157,25.0408692
113,7,16,9,17,2,07信義區,信義區忠孝東路5段242號,0,0,2,3,H01,8,5,5,50,14,9,1,5,4,5,13,4,4,1,4,5,1,17,2,78,2,8,4,5,8,20,8,20,10,16,,67,,1,21,121.5722157,25.0408692
113,7,16,9,20,2,04大安區,大安區敦化南路2段279號,0,0,1,1,C03,8,6,5,50,14,9,1,5,4,5,13,4,4,1,4,5,2,17,2,68,2,9,5,1,7,9,3,18,1,12,14,17,,1,21,121.548974,25.0248341
113,7,16,9,20,2,04大安區,大安區敦化南路2段279號,0,0,1,2,C03,8,6,5,50,14,9,1,5,4,5,13,4,4,1,4,5,2,17,2,45,3,10,5,1,7,9,1,10,1,14,,44,,1,21,121.548974,25.0248341
113,7,16,9,20,2,04大安區,大安區敦化南路2段279號,0,0,1,3,C03,8,6,5,50,14,9,1,5,4,5,13,4,4,1,4,5,2,17,1,24,3,10,5,1,7,9,1,10,1,12,,44,,1,21,121.548974,25.0248341
113,7,16,9,46,2,10文山區,文山區萬美街1段與萬和街口,0,0,1,1,C03,8,7,5,50,3,1,1,5,4,3,13,4,4,9,5,5,2,17,1,25,2,9,5,1,7,6,1,9,1,14,,72,,1,21,121.5670824,25.0021845
113,7,16,9,46,2,10文山區,文山區萬美街1段與萬和街口,0,0,1,2,B03,8,7,5,50,3,1,1,5,4,3,13,4,4,9,5,5,2,17,1,35,3,10,7,1,7,9,1,8,1,6,,44,,1,21,121.5670824,25.0021845
113,7,16,9,46,2,10文山區,文山區萬美街1段與萬和街口,0,0,1,3,B03,8,7,5,50,3,1,1,5,4,3,13,4,4,9,5,5,2,17,1,70,3,10,7,1,7,14,1,8,1,17,,38,,1,21,121.5670824,25.0021845
113,7,16,9,50,2,09北投區,北投區承德路7段與吉利街口北往南,0,0,1,1,C03,8,5,6,60,3,2,1,5,4,5,13,1,1,9,4,4,1,12,2,30,2,8,5,1,7,9,1,10,2,11,,16,,1,21,121.5036406,25.1173665
113,7,16,9,50,2,09北投區,北投區承德路7段與吉利街口北往南,0,0,1,2,C03,8,5,6,60,3,2,1,5,4,5,13,1,1,9,4,4,1,12,1,33,3,10,5,1,7,9,1,10,2,13,,44,,1,21,121.5036406,25.1173665
113,7,16,9,50,2,09北投區,北投區承德路7段與吉利街口北往南,0,0,1,3,B03,8,5,6,60,3,2,1,5,4,5,13,1,1,9,4,4,1,12,1,55,3,10,7,1,7,9,1,8,2,6,,44,,1,21,121.5036406,25.1173665
113,7,16,9,57,2,04大安區,大安區和平東路3段與嘉興街口,0,0,1,1,B12,8,6,5,50,4,2,1,5,4,5,13,1,1,1,3,5,2,17,1,31,3,10,7,1,7,9,1,8,1,5,,44,,1,21,121.5537299,25.023133
113,7,16,9,57,2,04大安區,大安區和平東路3段與嘉興街口,0,0,1,2,C03,8,6,5,50,4,2,1,5,4,5,13,1,1,1,3,5,2,17,1,31,2,9,5,1,7,9,1,10,1,13,,101,,1,21,121.5537299,25.023133
113,7,16,10,22,2,07信義區,信義區松壽路2號,0,0,1,1,C03,8,7,5,50,14,9,1,5,4,5,13,4,4,9,4,5,2,17,2,44,2,8,5,1,7,5,1,10,1,11,,80,,1,21,121.5628806,25.0359067
113,7,16,10,22,2,07信義區,信義區松壽路2號,0,0,1,2,B02,8,7,5,50,14,9,1,5,4,5,13,4,4,9,4,5,2,17,1,55,3,10,3,4,7,11,1,8,1,4,,44,,1,21,121.5628806,25.0359067
113,7,16,10,25,2,07信義區,信義區信義路5段與莊敬路口,0,0,1,1,C03,8,7,5,50,4,2,1,5,5,5,13,1,1,1,4,5,2,18,1,58,2,9,3,4,7,9,1,10,1,14,,108,,1,21,121.5615545,25.0329409
113,7,16,10,25,2,07信義區,信義區信義路5段與莊敬路口,0,0,1,2,,8,7,5,50,4,2,1,5,5,5,13,1,1,1,4,5,2,18,3,0,,,,,,,,,,,,62,,1,,121.5615545,25.0329409
113,7,16,10,28,2,08士林區,士林區中山北路5段與中山北路5段704巷口,0,0,1,1,C03,8,7,5,50,4,2,1,5,4,5,13,4,4,3,4,5,1,17,1,31,2,9,5,1,7,9,1,8,1,11,,16,,1,21,121.5274204,25.0978574
113,7,16,10,28,2,08士林區,士林區中山北路5段與中山北路5段704巷口,0,0,1,2,C03,8,7,5,50,4,2,1,5,4,5,13,4,4,3,4,5,1,17,1,42,3,10,5,1,7,12,1,10,1,14,,44,,1,21,121.5274204,25.0978574
113,7,16,10,28,2,08士林區,士林區中山北路5段與中山北路5段704巷口,0,0,1,3,C03,8,7,5,50,4,2,1,5,4,5,13,4,4,3,4,5,1,17,1,51,3,10,5,1,7,12,5,10,1,17,,14,,1,21,121.5274204,25.0978574
113,7,16,10,35,2,01大同區,大同區南京西路與長安西路19巷2弄口,0,0,1,1,B01,8,6,5,50,4,2,1,5,4,5,13,1,1,1,4,5,2,17,1,63,3,10,7,1,7,15,1,4,11,15,,100,,2,21,121.5203458,25.0525847
113,7,16,10,35,2,01大同區,大同區南京西路與長安西路19巷2弄口,0,0,1,2,B03,8,6,5,50,4,2,1,5,4,5,13,1,1,1,4,5,2,17,1,56,3,10,7,1,7,15,1,8,11,15,,38,,2,21,121.5203458,25.0525847
113,7,16,10,35,2,01大同區,大同區南京西路與長安西路19巷2弄口,0,0,1,3,C03,8,6,5,50,4,2,1,5,4,5,13,1,1,1,4,5,2,17,1,43,2,9,5,1,7,9,1,10,2,11,,16,,1,21,121.5203458,25.0525847
113,7,16,10,35,2,01大同區,大同區南京西路與長安西路19巷2弄口,0,0,1,4,B01,8,6,5,50,4,2,1,5,4,5,13,1,1,1,4,5,2,17,1,51,3,10,7,1,7,9,1,4,2,3,,44,,1,21,121.5203458,25.0525847
113,7,16,11,0,2,11南港區,南港區研究院路2段182巷29弄2號,0,0,1,1,C03,8,7,5,50,11,9,1,5,4,5,13,4,4,9,5,5,2,11,2,40,2,9,6,4,7,7,1,10,1,11,,101,,1,21,121.6156726,25.03715
113,7,16,11,0,2,11南港區,南港區研究院路2段182巷29弄2號,0,0,1,2,B03,8,7,5,50,11,9,1,5,4,5,13,4,4,9,5,5,2,11,2,54,3,10,3,4,7,14,1,8,1,1,,44,,1,21,121.6156726,25.03715
113,7,16,11,13,2,05中正區,中正區中山南路與貴陽街1段口,0,0,1,1,B03,8,6,5,50,4,1,1,5,4,5,13,2,1,5,4,5,2,15,1,64,3,10,7,1,7,9,1,8,2,2,,81,,1,22,121.5173843,25.03811332
113,7,16,11,13,2,05中正區,中正區中山南路與貴陽街1段口,0,0,1,2,C03,8,6,5,50,4,1,1,5,4,5,13,2,1,5,4,5,2,15,1,24,2,8,5,1,7,9,1,10,2,11,,44,,1,22,121.5173843,25.03811332
113,7,16,12,3,2,11南港區,南港區福德街(南港國宅對面東往西),0,0,1,1,B03,8,5,5,30,14,9,1,5,4,5,13,4,4,5,4,5,2,17,1,38,3,10,7,1,7,13,1,8,1,4,,40,,1,21,121.591036,25.041076
113,7,16,12,3,2,11南港區,南港區福德街(南港國宅對面東往西),0,0,1,2,C03,8,5,5,30,14,9,1,5,4,5,13,4,4,5,4,5,2,17,1,46,2,9,5,1,7,9,1,10,1,12,,44,,1,21,121.591036,25.041076
113,7,16,12,41,2,04大安區,大安區仁愛路3段與建國南路1段口,0,0,1,1,B12,8,6,5,50,14,9,1,5,4,5,13,2,1,1,4,5,1,12,1,58,3,10,3,4,7,10,1,4,1,2,,100,,1,21,121.5384372,25.037928
113,7,16,12,41,2,04大安區,大安區仁愛路3段與建國南路1段口,0,0,1,2,C03,8,6,5,50,14,9,1,5,4,5,13,2,1,1,4,5,1,12,2,55,2,9,6,4,7,9,1,11,1,14,,44,,1,21,121.5384372,25.037928
113,7,16,12,44,2,01大同區,大同區酒泉街236號,0,0,1,1,B01,8,6,5,50,14,9,1,5,4,5,13,4,4,5,4,5,2,17,1,57,3,10,7,1,7,9,1,4,2,5,,16,,1,21,121.5095651,25.0721335