發生年度,發生月,發生日,發生時-Hours,發生分,處理別-編號,區序,肇事地點,死亡人數,2-30日死亡人數,受傷人數,當事人序號,車種,天候,道路照明設備,道路類別,速限-速度限制,道路型態,事故位置,路面狀況1,路面狀況2,路面狀況3,道路障礙1,道路障礙2,號誌1,號誌2,車道劃分-分向,車道劃分-分道1,車道劃分-分道2,車道劃分-分道3,事故類型及型態,性別,年齡,受傷程度,主要傷處,保護裝置,行動電話,車輛用途,當事者行動狀態,駕駛資格情形,駕駛執照種類,飲酒情形,車輛撞擊部位1,車輛撞擊部位2,肇因碼-個別,肇因碼-主要,個人肇逃否,職業,座標-X,座標-Y
113,7,16,12,44,2,01大同區,大同區酒泉街236號,0,0,1,2,B12,8,6,5,50,14,9,1,5,4,5,13,4,4,5,4,5,2,17,1,50,2,9,2,1,7,13,6,18,2,4,,42,,1,21,121.5095651,25.0721335
113,7,16,12,44,2,01大同區,大同區酒泉街236號,0,0,1,3,B12,8,6,5,50,14,9,1,5,4,5,13,4,4,5,4,5,2,17,1,43,3,10,2,1,7,13,1,8,2,4,,44,,1,21,121.5095651,25.0721335
113,7,16,12,46,2,07信義區,信義區基隆路2段7號北側附近,0,0,1,1,B03,8,6,5,50,14,9,1,5,4,5,13,4,4,1,4,5,2,12,1,48,3,10,7,1,7,9,1,8,1,2,,16,,1,21,121.5594401,25.0326495
113,7,16,12,46,2,07信義區,信義區基隆路2段7號北側附近,0,0,1,2,C03,8,6,5,50,14,9,1,5,4,5,13,4,4,1,4,5,2,12,1,39,2,8,5,1,7,8,1,9,1,14,,100,,1,21,121.5594401,25.0326495
113,7,16,12,48,2,02萬華區,萬華區環河南路2段35巷與桂林路151巷口,0,0,1,1,F03,8,6,5,30,3,2,1,5,4,3,10,4,4,10,5,5,1,17,2,54,2,9,3,4,7,9,8,20,1,12,,42,,1,22,121.4977815,25.0389281
113,7,16,12,48,2,02萬華區,萬華區環河南路2段35巷與桂林路151巷口,0,0,1,2,C03,8,6,5,30,3,2,1,5,4,3,10,4,4,10,5,5,1,17,1,28,3,10,3,4,7,5,1,10,1,12,,74,,1,22,121.4977815,25.0389281
113,7,16,12,48,2,02萬華區,萬華區環河南路2段35巷與桂林路151巷口,0,0,1,3,B12,8,6,5,30,3,2,1,5,4,3,10,4,4,10,5,5,1,17,1,107,3,10,3,4,7,14,7,19,11,17,,38,,1,22,121.4977815,25.0389281
113,7,16,12,58,2,07信義區,信義區松信路與松隆路口,0,0,1,1,C03,8,6,5,50,4,1,1,5,4,5,13,2,1,9,4,5,2,12,2,63,2,8,5,1,7,1,1,10,9,14,,19,,1,21,121.5721173,25.046771
113,7,16,12,58,2,07信義區,信義區松信路與松隆路口,0,0,1,2,B03,8,6,5,50,4,1,1,5,4,5,13,2,1,9,4,5,2,12,1,46,3,10,3,4,7,9,1,8,1,5,,116,,1,21,121.5721173,25.046771
113,7,16,13,21,2,11南港區,南港區興中路與重陽路口,0,0,3,1,B03,8,7,5,50,4,2,1,5,4,5,13,2,1,9,4,4,2,15,2,27,3,10,3,4,7,9,1,8,1,5,,81,,1,21,121.6066614,25.0581365
113,7,16,13,21,2,11南港區,南港區興中路與重陽路口,0,0,3,2,B03,8,7,5,50,4,2,1,5,4,5,13,2,1,9,4,4,2,15,1,38,3,10,3,4,7,9,1,8,1,8,,44,,1,21,121.6066614,25.0581365
113,7,16,13,21,2,11南港區,南港區興中路與重陽路口,0,0,3,3,H02,8,7,5,50,4,2,1,5,4,5,13,2,1,9,4,4,2,15,2,37,2,8,3,5,7,20,8,20,10,16,,67,,1,21,121.6066614,25.0581365
113,7,16,13,21,2,11南港區,南港區興中路與重陽路口,0,0,3,4,H02,8,7,5,50,4,2,1,5,4,5,13,2,1,9,4,4,2,15,2,8,2,1,3,5,7,20,8,20,10,16,,67,,1,21,121.6066614,25.0581365
113,7,16,13,21,2,11南港區,南港區興中路與重陽路口,0,0,3,5,H02,8,7,5,50,4,2,1,5,4,5,13,2,1,9,4,4,2,15,1,11,2,3,3,5,7,20,8,20,10,16,,67,,1,21,121.6066614,25.0581365
113,7,16,13,28,2,05中正區,中正區中山南路與信義路1段口,0,0,1,1,C03,7,7,5,50,5,1,1,5,4,5,13,1,1,1,4,1,2,12,1,19,2,9,5,1,7,7,1,10,1,14,,96,,1,21,121.5180129,25.03871592
113,7,16,13,28,2,05中正區,中正區中山南路與信義路1段口,0,0,1,2,B02,7,7,5,50,5,1,1,5,4,5,13,1,1,1,4,1,2,12,1,63,3,10,7,1,7,9,1,8,1,1,,44,,1,21,121.5180129,25.03871592
113,7,16,13,51,2,09北投區,北投區大業路與大業路300巷口,0,0,3,1,C03,8,6,5,30,14,9,1,5,4,5,13,4,4,10,5,5,2,17,1,56,2,8,5,1,7,9,1,10,1,11,12,13,,1,21,121.4980129,25.12761486
113,7,16,13,51,2,09北投區,北投區大業路與大業路300巷口,0,0,3,2,C03,8,6,5,30,14,9,1,5,4,5,13,4,4,10,5,5,2,17,1,63,2,7,5,1,7,15,1,10,1,14,,60,,1,21,121.4980129,25.12761486
113,7,16,13,51,2,09北投區,北投區大業路與大業路300巷口,0,0,3,3,H02,8,6,5,30,14,9,1,5,4,5,13,4,4,10,5,5,2,17,2,26,2,9,5,5,7,17,8,20,10,16,,67,,1,21,121.4980129,25.12761486
113,7,16,14,39,2,01大同區,大同區重慶北路1段與華陰街口,0,0,1,1,B01,8,6,5,50,4,2,1,5,4,5,13,2,1,1,4,5,2,17,1,58,3,10,7,1,7,7,1,4,1,7,,80,,1,21,121.5136087,25.05065731
113,7,16,14,39,2,01大同區,大同區重慶北路1段與華陰街口,0,0,1,2,C03,8,6,5,50,4,2,1,5,4,5,13,2,1,1,4,5,2,17,2,19,2,9,6,1,7,9,1,10,1,12,,44,,1,21,121.5136087,25.05065731
113,7,16,14,45,2,11南港區,南港區成福路與成福路107巷口,0,0,1,1,B12,8,7,5,30,3,2,1,5,4,5,13,4,4,9,5,5,2,16,1,60,3,10,3,4,7,5,1,8,1,1,,72,,1,21,121.5872292,25.0422632
113,7,16,14,45,2,11南港區,南港區成福路與成福路107巷口,0,0,1,2,C03,8,7,5,30,3,2,1,5,4,5,13,4,4,9,5,5,2,16,2,56,2,9,6,4,7,9,1,10,1,11,,14,,1,21,121.5872292,25.0422632
113,7,16,15,10,2,03中山區,中山區松江路與南京東路2段口,0,0,1,1,B03,8,6,5,50,4,1,1,5,4,5,13,1,1,3,4,4,2,17,2,34,3,10,7,1,7,6,1,8,1,5,,9,,1,21,121.5328912,25.05190301
113,7,16,15,10,2,03中山區,中山區松江路與南京東路2段口,0,0,1,2,C03,8,6,5,50,4,1,1,5,4,5,13,1,1,3,4,4,2,17,1,63,2,9,6,1,7,9,1,10,1,14,,44,,1,21,121.5328912,25.05190301
113,7,16,15,39,2,01大同區,大同區鄭州路與鄭州路143巷口,0,0,2,1,C03,6,5,5,40,3,1,1,4,4,5,13,4,4,1,4,5,2,16,2,32,2,9,5,1,7,6,1,10,1,12,,9,,1,21,121.5098454,25.0504015
113,7,16,15,39,2,01大同區,大同區鄭州路與鄭州路143巷口,0,0,2,2,C03,6,5,5,40,3,1,1,4,4,5,13,4,4,1,4,5,2,16,2,26,2,9,5,1,7,9,1,10,1,11,,44,,1,21,121.5098454,25.0504015
113,7,16,15,50,2,12內湖區,內湖區成功路2段與潭美街口口,0,0,1,1,B03,8,6,5,30,3,1,1,5,4,5,13,2,1,1,5,5,2,16,1,57,3,10,7,1,7,5,1,8,1,8,,44,,1,21,121.5915858,25.05993433
113,7,16,15,50,2,12內湖區,內湖區成功路2段與潭美街口口,0,0,1,2,C03,8,6,5,30,3,1,1,5,4,5,13,2,1,1,5,5,2,16,2,23,2,8,5,1,7,9,1,10,1,11,,81,,1,21,121.5915858,25.05993433
113,7,16,15,58,2,05中正區,中正區汀州路2段與牯嶺街口,0,0,1,1,C03,8,6,5,50,4,2,1,5,4,5,13,1,1,5,4,5,2,13,1,21,2,9,5,1,7,9,1,10,1,11,,16,,1,21,121.518735,25.0251152
113,7,16,15,58,2,05中正區,中正區汀州路2段與牯嶺街口,0,0,1,2,B01,8,6,5,50,4,2,1,5,4,5,13,1,1,5,4,5,2,13,1,54,3,10,7,1,7,14,1,4,1,3,,44,,1,21,121.518735,25.0251152
113,7,16,16,5,2,05中正區,中正區仁愛路1段2-4號,0,0,1,1,B03,8,6,5,50,14,9,1,5,4,5,13,4,4,5,4,5,2,12,2,43,3,10,7,4,7,1,1,8,2,6,,19,,1,22,121.5207338,25.03878699
113,7,16,16,5,2,05中正區,中正區仁愛路1段2-4號,0,0,1,2,C03,8,6,5,50,14,9,1,5,4,5,13,4,4,5,4,5,2,12,1,31,2,9,6,4,7,9,1,10,2,11,,107,,1,22,121.5207338,25.03878699
113,7,16,16,22,2,07信義區,信義區基隆路1段與基隆路1段102巷口,0,0,1,1,B03,8,6,6,50,14,9,1,5,4,5,13,2,1,1,2,5,2,16,2,54,3,10,7,1,7,6,1,8,1,5,,99,,1,21,121.5668129,25.0453645
113,7,16,16,22,2,07信義區,信義區基隆路1段與基隆路1段102巷口,0,0,1,2,C03,8,6,6,50,14,9,1,5,4,5,13,2,1,1,2,5,2,16,1,31,2,8,5,1,7,9,1,10,1,14,,44,,1,21,121.5668129,25.0453645
113,7,16,16,36,2,12內湖區,內湖區內湖路2段與內湖路2段235巷口,0,0,1,1,C03,8,6,5,50,14,18,1,5,4,5,13,4,4,5,5,5,2,3,1,81,3,10,6,1,7,9,1,10,2,11,,70,,1,21,121.5893071,25.08177817
113,7,16,16,36,2,12內湖區,內湖區內湖路2段與內湖路2段235巷口,0,0,1,2,H01,8,6,5,50,14,18,1,5,4,5,13,4,4,5,5,5,2,3,2,12,2,9,4,5,8,18,8,20,10,16,,67,,1,21,121.5893071,25.08177817
113,7,16,16,41,2,03中山區,中山區錦州街305巷與錦州街口,0,0,2,1,B03,8,6,5,50,4,1,1,5,4,5,13,4,4,5,5,5,2,16,1,53,2,2,3,4,7,5,1,4,1,4,,8,,1,22,121.5378426,25.0602556
113,7,16,16,41,2,03中山區,中山區錦州街305巷與錦州街口,0,0,2,2,C03,8,6,5,50,4,1,1,5,4,5,13,4,4,5,5,5,2,16,1,65,2,7,5,1,7,9,1,10,1,12,,44,,1,22,121.5378426,25.0602556
113,7,16,16,42,2,12內湖區,內湖區安康路與安康路32巷口,0,0,1,1,C03,8,5,5,50,3,2,1,5,4,5,13,1,1,5,4,5,2,16,1,70,2,9,6,1,7,11,1,10,1,12,,99,,1,21,121.5949831,25.06265532
113,7,16,16,42,2,12內湖區,內湖區安康路與安康路32巷口,0,0,1,2,B03,8,5,5,50,3,2,1,5,4,5,13,1,1,5,4,5,2,16,1,25,3,10,7,1,7,9,1,8,1,8,,44,,1,21,121.5949831,25.06265532
113,7,16,16,53,2,07信義區,信義區松山路與松山路541巷口口,0,0,1,1,B01,8,6,8,30,4,1,1,5,4,5,13,1,1,5,4,5,2,9,1,65,3,10,7,1,7,5,1,4,2,4,,70,,1,21,121.5782347,25.037692
113,7,16,16,53,2,07信義區,信義區松山路與松山路541巷口口,0,0,1,2,H01,8,6,8,30,4,1,1,5,4,5,13,1,1,5,4,5,2,9,2,73,2,9,4,5,8,16,8,20,10,16,,121,,1,22,121.5782347,25.037692
113,7,16,17,22,2,08士林區,士林區延平北路7段106巷355號,0,0,1,1,B02,8,6,5,30,14,9,1,5,4,5,13,4,4,10,5,5,1,16,1,45,3,10,3,4,7,11,1,8,2,4,,10,,1,22,121.4960396,25.1032953
113,7,16,17,22,2,08士林區,士林區延平北路7段106巷355號,0,0,1,2,C03,8,6,5,30,14,9,1,5,4,5,13,4,4,10,5,5,1,16,1,59,2,9,3,4,7,9,1,10,2,12,,44,,1,22,121.4960396,25.1032953
113,7,16,17,44,2,03中山區,中山區大直橋往北,0,0,3,1,C03,8,5,5,50,8,9,1,5,4,5,13,4,4,1,4,5,2,13,2,39,2,8,5,4,7,9,1,10,1,11,,108,,1,22,121.5444498,25.0760885
113,7,16,17,44,2,03中山區,中山區大直橋往北,0,0,3,2,C03,8,5,5,50,8,9,1,5,4,5,13,4,4,1,4,5,2,13,2,38,2,9,5,4,7,9,1,10,1,13,,44,,1,22,121.5444498,25.0760885
113,7,16,17,44,2,03中山區,中山區大直橋往北,0,0,3,3,C03,8,5,5,50,8,9,1,5,4,5,13,4,4,1,4,5,2,13,1,54,3,10,5,4,7,9,1,10,1,17,,42,,1,22,121.5444498,25.0760885
113,7,16,17,44,2,03中山區,中山區大直橋往北,0,0,3,4,H02,8,5,5,50,8,9,1,5,4,5,13,4,4,1,4,5,2,13,2,7,2,3,3,5,7,17,8,20,10,16,,67,,1,14,121.5444498,25.0760885
113,7,16,17,57,2,08士林區,士林區承德路4段40巷73號,0,0,1,1,B03,8,5,8,50,22,22,1,5,4,5,13,4,4,5,5,5,1,2,2,27,3,10,7,1,7,9,1,8,2,1,,108,,1,21,121.5211733,25.0813155
113,7,16,17,57,2,08士林區,士林區承德路4段40巷73號,0,0,1,2,H01,8,5,8,50,22,22,1,5,4,5,13,4,4,5,5,5,1,2,2,62,2,9,4,5,8,16,8,20,10,16,,67,,1,21,121.5211733,25.0813155
113,7,16,18,10,2,03中山區,中山區中山北路1段與市民大道1段口,0,0,1,1,C03,8,7,5,50,4,2,1,5,4,5,13,1,1,1,4,5,2,16,2,38,2,9,5,1,7,7,1,10,1,14,,101,,1,22,121.5207383,25.0483827
113,7,16,18,10,2,03中山區,中山區中山北路1段與市民大道1段口,0,0,1,2,B03,8,7,5,50,4,2,1,5,4,5,13,1,1,1,4,5,2,16,1,23,3,10,7,1,7,9,1,8,1,5,,108,,1,22,121.5207383,25.0483827
113,7,16,18,13,2,06松山區,松山區三民路93號(對向車道),0,0,1,1,B03,8,7,5,50,14,9,1,5,4,5,13,1,1,9,4,5,2,13,1,34,3,10,7,1,7,9,1,8,1,5,,44,,1,22,121.5635692,25.0574034
113,7,16,18,13,2,06松山區,松山區三民路93號(對向車道),0,0,1,2,C03,8,7,5,50,14,9,1,5,4,5,13,1,1,9,4,5,2,13,1,33,2,9,5,1,7,8,1,10,1,14,,100,,1,22,121.5635692,25.0574034
113,7,16,18,20,2,08士林區,士林區承德路5段與承德路5段28巷口,0,0,1,1,C03,8,5,5,40,3,1,1,5,4,5,13,4,4,10,5,5,1,12,1,27,3,10,6,1,7,9,1,10,2,15,,17,,1,22,121.5154197,25.0920383
113,7,16,18,20,2,08士林區,士林區承德路5段與承德路5段28巷口,0,0,1,2,C03,8,5,5,40,3,1,1,5,4,5,13,4,4,10,5,5,1,12,2,39,2,9,6,1,7,9,1,10,2,12,,17,,1,22,121.5154197,25.0920383
113,7,16,19,8,2,02萬華區,萬華區西寧南路與開封街2段口,0,0,1,1,B03,7,5,5,50,4,2,1,5,4,5,13,2,1,5,4,5,2,9,1,45,3,10,7,1,7,5,1,8,1,8,,70,,1,21,121.5070378,25.0464973
113,7,16,19,8,2,02萬華區,萬華區西寧南路與開封街2段口,0,0,1,2,H01,7,5,5,50,4,2,1,5,4,5,13,2,1,5,4,5,2,9,2,61,2,9,4,5,8,16,8,20,10,16,,122,,1,21,121.5070378,25.0464973
113,7,16,19,16,2,07信義區,信義區忠孝東路5段423巷與忠孝東路5段口,0,0,1,1,C03,7,5,5,50,4,2,1,5,4,5,13,4,4,10,4,5,2,17,1,68,3,10,5,1,7,9,1,10,2,11,,108,,1,21,121.5753593,25.0410239
113,7,16,19,16,2,07信義區,信義區忠孝東路5段423巷與忠孝東路5段口,0,0,1,2,F01,7,5,5,50,4,2,1,5,4,5,13,4,4,10,4,5,2,17,2,59,2,9,4,1,7,9,8,20,2,13,,29,,1,21,121.5753593,25.0410239
113,7,16,19,24,2,07信義區,信義區忠孝東路4段與逸仙路口,0,0,1,1,C03,8,5,8,50,14,9,1,5,4,5,13,4,4,1,4,5,2,13,1,18,2,8,6,1,7,9,1,10,1,11,,108,,1,22,121.5614012,25.0411809
113,7,16,19,24,2,07信義區,信義區忠孝東路4段與逸仙路口,0,0,1,2,B01,8,5,8,50,14,9,1,5,4,5,13,4,4,1,4,5,2,13,1,57,3,10,7,1,7,9,1,3,1,7,,44,,1,22,121.5614012,25.0411809
113,7,16,20,13,2,07信義區,信義區信義路6段77號,0,0,1,1,H01,8,5,5,50,14,9,1,5,4,5,13,4,4,9,4,5,1,3,1,8,2,8,4,5,8,18,8,20,10,16,,122,,1,22,121.5771581,25.03559356
113,7,16,20,13,2,07信義區,信義區信義路6段77號,0,0,1,2,C03,8,5,5,50,14,9,1,5,4,5,13,4,4,9,4,5,1,3,2,50,3,10,5,1,7,9,1,10,1,11,,44,,1,22,121.5771581,25.03559356
113,7,16,20,25,2,03中山區,中山區植福路大直典華前,0,0,2,1,B01,7,5,5,30,14,10,1,5,4,5,13,4,4,10,5,5,2,9,1,51,3,10,3,4,7,9,1,8,1,6,,118,,1,21,121.5551049,25.08427392
113,7,16,20,25,2,03中山區,中山區植福路大直典華前,0,0,2,2,H02,7,5,5,30,14,10,1,5,4,5,13,4,4,10,5,5,2,9,1,23,2,8,4,5,7,17,8,20,10,16,,67,,1,21,121.5551049,25.08427392
113,7,16,20,25,2,03中山區,中山區植福路大直典華前,0,0,2,3,H02,7,5,5,30,14,10,1,5,4,5,13,4,4,10,5,5,2,9,2,26,2,8,4,5,7,19,8,20,10,16,,67,,1,21,121.5551049,25.08427392
113,7,16,20,49,2,05中正區,中正區中華路1段與秀山街口,0,0,1,1,B03,8,5,5,50,3,2,1,5,4,5,13,4,4,3,4,3,2,16,2,57,3,10,7,1,7,6,1,8,2,5,,9,,1,21,121.5087414,25.0429731
113,7,16,20,49,2,05中正區,中正區中華路1段與秀山街口,0,0,1,2,C03,8,5,5,50,3,2,1,5,4,5,13,4,4,3,4,3,2,16,1,24,2,9,6,1,7,9,1,10,2,14,,14,,1,21,121.5087414,25.0429731
113,7,16,21,11,2,04大安區,大安區建國南路1段與建國南路1段65巷口,0,0,1,1,B01,8,5,5,50,4,1,1,5,4,5,13,1,1,1,4,5,2,1,1,46,3,10,3,4,7,5,1,2,1,4,,70,,1,21,121.5369079,25.0437937
113,7,16,21,11,2,04大安區,大安區建國南路1段與建國南路1段65巷口,0,0,1,2,H01,8,5,5,50,4,1,1,5,4,5,13,1,1,1,4,5,2,1,2,32,2,9,4,5,8,16,8,20,1,16,,121,,1,21,121.5369079,25.0437937
113,7,16,21,45,2,07信義區,信義區松山路292巷與虎林街82巷口,0,0,1,1,C03,7,5,5,30,4,1,1,5,4,5,13,4,4,10,5,5,2,15,1,46,3,10,5,1,7,9,1,10,1,11,,14,,1,21,121.5771619,25.0432998
113,7,16,21,45,2,07信義區,信義區松山路292巷與虎林街82巷口,0,0,1,2,C03,7,5,5,30,4,1,1,5,4,5,13,4,4,10,5,5,2,15,2,35,2,8,5,1,7,9,1,10,1,11,,14,,1,21,121.5771619,25.0432998
113,7,16,21,50,2,07信義區,信義區光復南路505號,0,0,1,1,B03,8,5,8,50,14,7,1,5,4,5,13,4,4,1,4,4,2,13,1,48,3,10,7,1,7,9,1,8,1,1,,17,,1,22,121.5575128,25.0320275
113,7,16,21,50,2,07信義區,信義區光復南路505號,0,0,1,2,C03,8,5,8,50,14,7,1,5,4,5,13,4,4,1,4,4,2,13,1,36,2,8,6,1,7,9,1,10,1,13,,44,,1,22,121.5575128,25.0320275
113,7,16,21,50,2,07信義區,信義區光復南路505號,0,0,1,3,B03,8,5,8,50,14,7,1,5,4,5,13,4,4,1,4,4,2,13,1,30,3,10,7,1,7,9,1,8,1,3,,44,,1,22,121.5575128,25.0320275
113,7,16,22,2,2,11南港區,南港區南港路2段13號,0,0,1,1,B01,7,5,5,50,14,7,1,5,4,5,13,2,1,4,3,4,2,13,1,64,3,10,7,1,7,3,1,4,1,1,,42,,1,26,121.6040017,25.0538492
113,7,16,22,2,2,11南港區,南港區南港路2段13號,0,0,1,2,C03,7,5,5,50,14,7,1,5,4,5,13,2,1,4,3,4,2,13,1,36,2,8,6,1,7,14,1,10,1,13,,44,,1,22,121.6040017,25.0538492
113,7,16,22,15,2,05中正區,中正區羅斯福路4段92號前,0,0,1,1,C03,7,5,5,50,14,9,1,5,4,4,13,4,4,1,4,5,1,17,1,35,2,9,5,1,7,15,1,10,1,14,,107,,1,21,121.5199215,25.04131562
113,7,16,22,15,2,05中正區,中正區羅斯福路4段92號前,0,0,1,2,C03,7,5,5,50,14,9,1,5,4,4,13,4,4,1,4,5,1,17,1,21,3,10,5,1,7,9,1,10,1,17,,42,,1,21,121.5199215,25.04131562
113,7,16,23,0,2,12內湖區,內湖區環山路3段與內湖路1段737巷口,0,0,2,2,C04,8,5,5,0,3,1,1,5,4,5,13,4,4,4,3,5,1,12,1,18,2,9,3,4,7,9,1,10,1,11,,44,,1,21,121.5790322,25.0844947
113,7,16,23,0,2,12內湖區,內湖區環山路3段與內湖路1段737巷口,0,0,2,3,H02,8,5,5,0,3,1,1,5,4,5,13,4,4,4,3,5,1,12,2,20,2,9,3,5,7,20,8,20,10,16,,67,,1,21,121.5790322,25.0844947
113,7,16,23,0,2,12內湖區,內湖區環山路3段與內湖路1段737巷口,0,0,2,1,C03,8,5,5,0,3,1,1,5,4,5,13,4,4,4,3,5,1,12,4,0,,,,,,,,,11,,,119,,,,121.5790322,25.0844947
113,7,16,23,10,2,01大同區,大同區承德路3段與撫順街口,0,0,1,1,C03,7,5,5,50,3,1,1,5,4,5,13,4,4,1,4,5,2,17,1,19,3,10,5,4,7,6,1,10,1,13,,9,,1,21,121.5184607,25.0637953
113,7,16,23,10,2,01大同區,大同區承德路3段與撫順街口,0,0,1,2,C03,7,5,5,50,3,1,1,5,4,5,13,4,4,1,4,5,2,17,2,43,2,9,5,4,7,9,1,9,1,11,,44,,1,21,121.5184607,25.0637953
113,7,17,5,41,2,07信義區,信義區和平東路3段453號,0,0,1,1,H01,8,5,5,0,14,9,1,5,4,5,13,1,1,1,4,5,1,3,1,102,2,9,4,5,8,16,8,20,10,16,,121,,1,22,121.5585812,25.0187642
113,7,17,5,41,2,07信義區,信義區和平東路3段453號,0,0,1,2,B03,8,5,5,0,14,9,1,5,4,5,13,1,1,1,4,5,1,3,2,54,3,10,7,1,7,9,1,8,2,5,,70,,1,22,121.5585812,25.0187642
113,7,17,5,50,2,02萬華區,萬華區環河南路2段250巷與環河南路2段250巷33弄口,0,0,1,1,C03,7,7,5,30,3,1,1,5,4,5,13,4,4,9,5,5,2,17,2,57,2,9,5,1,7,5,1,10,9,14,,74,,1,22,121.4898735,25.0341913
113,7,17,5,50,2,02萬華區,萬華區環河南路2段250巷與環河南路2段250巷33弄口,0,0,1,2,B12,7,7,5,30,3,1,1,5,4,5,13,4,4,9,5,5,2,17,1,46,4,11,3,4,7,9,1,8,9,5,,108,,2,21,121.4898735,25.0341913
113,7,17,7,50,2,06松山區,松山區撫遠街423號,0,0,1,1,B03,8,6,5,40,14,8,1,5,4,5,13,4,4,1,3,4,2,12,1,65,3,10,7,1,7,7,1,8,1,2,,100,,1,22,121.5679858,25.06734892
113,7,17,7,50,2,06松山區,松山區撫遠街423號,0,0,1,2,C03,8,6,5,40,14,8,1,5,4,5,13,4,4,1,3,4,2,12,1,24,2,7,6,1,7,9,1,10,1,17,,13,,1,22,121.5679858,25.06734892
113,7,17,7,51,2,05中正區,中正區牯嶺街與廈門街113巷口口,0,0,2,1,C03,8,6,5,30,4,2,1,5,4,5,13,4,4,10,5,5,1,17,2,53,2,7,6,1,7,6,1,10,2,11,,5,,1,21,121.5185572,25.0234742
113,7,17,7,51,2,05中正區,中正區牯嶺街與廈門街113巷口口,0,0,2,2,C03,8,6,5,30,4,2,1,5,4,5,13,4,4,10,5,5,1,17,1,60,2,1,6,1,7,9,1,9,2,14,,44,,1,21,121.5185572,25.0234742
113,7,17,8,2,2,05中正區,中正區新生南路1段120巷與仁愛路2段91巷口,0,0,1,1,C03,7,7,5,30,4,1,1,5,4,5,13,4,4,10,5,5,2,15,2,41,2,9,5,1,7,9,1,10,2,11,,72,,1,21,121.531694,25.03907971
113,7,17,8,2,2,05中正區,中正區新生南路1段120巷與仁愛路2段91巷口,0,0,1,2,B03,7,7,5,30,4,1,1,5,4,5,13,4,4,10,5,5,2,15,1,47,3,10,7,1,7,9,1,8,2,8,,14,,1,21,121.531694,25.03907971
113,7,17,8,16,2,04大安區,大安區羅斯福路2段81巷5之8號,0,0,1,1,B03,8,6,5,30,14,9,1,5,4,5,13,4,4,10,5,5,2,2,1,60,3,10,7,1,7,9,1,8,1,2,,108,,1,21,121.5240109,25.025768
113,7,17,8,16,2,04大安區,大安區羅斯福路2段81巷5之8號,0,0,1,2,H01,8,6,5,30,14,9,1,5,4,5,13,4,4,10,5,5,2,2,2,28,2,7,4,5,8,16,8,20,10,16,,67,,1,21,121.5240109,25.025768
113,7,17,8,19,2,12內湖區,內湖區行善路與石潭路口,0,0,1,1,C03,8,7,5,50,3,1,1,5,4,5,13,1,1,1,4,1,2,17,1,21,3,10,6,1,7,7,3,18,1,12,,100,,1,21,121.5848995,25.0631345
113,7,17,8,19,2,12內湖區,內湖區行善路與石潭路口,0,0,1,2,C03,8,7,5,50,3,1,1,5,4,5,13,1,1,1,4,1,2,17,2,60,2,9,6,1,7,9,1,10,1,14,,44,,1,21,121.5848995,25.0631345
113,7,17,8,20,2,02萬華區,萬華區青年路186-1號,0,0,2,1,C03,8,7,5,50,14,9,1,5,4,5,13,4,4,5,4,5,1,17,2,29,2,8,3,4,7,1,1,10,1,15,,19,,1,21,121.503632,25.0203535
113,7,17,8,20,2,02萬華區,萬華區青年路186-1號,0,0,2,2,C03,8,7,5,50,14,9,1,5,4,5,13,4,4,5,4,5,1,17,1,60,2,9,3,4,7,9,1,10,1,12,,44,,1,21,121.503632,25.0203535
113,7,17,8,20,2,06松山區,松山區八德路2段424號,0,0,2,1,B12,8,6,5,50,14,9,1,5,4,5,13,1,1,5,4,5,2,12,1,35,3,10,7,1,7,9,1,8,1,2,,44,,1,21,121.5474356,25.0481763
113,7,17,8,20,2,06松山區,松山區八德路2段424號,0,0,2,2,C03,8,6,5,50,14,9,1,5,4,5,13,1,1,5,4,5,2,12,2,40,2,9,5,1,7,15,1,10,1,14,,100,,1,21,121.5474356,25.0481763
113,7,17,8,20,2,06松山區,松山區八德路2段424號,0,0,2,3,H02,8,6,5,50,14,9,1,5,4,5,13,1,1,5,4,5,2,12,2,5,2,8,5,5,7,20,8,20,10,16,,67,,1,21,121.5474356,25.0481763
113,7,17,8,36,2,01大同區,大同區長安西路與貴德街口,0,0,1,1,B03,8,6,5,50,3,1,1,5,4,5,13,4,4,5,5,5,2,17,1,37,3,10,3,4,7,5,1,8,1,4,,8,,1,22,121.5080168,25.0521463
113,7,17,8,36,2,01大同區,大同區長安西路與貴德街口,0,0,1,2,C03,8,6,5,50,3,1,1,5,4,5,13,4,4,5,5,5,2,17,1,40,2,9,6,4,7,9,1,10,1,12,,44,,1,22,121.5080168,25.0521463
113,7,17,8,49,2,04大安區,大安區基隆路4段與基隆路4段口往北（台科大前迴轉道）,0,0,1,1,B01,8,5,5,50,4,1,1,5,4,5,13,2,1,1,4,1,2,17,2,69,3,10,7,1,7,1,1,4,1,7,,19,,1,21,121.5404935,25.0138545
113,7,17,8,49,2,04大安區,大安區基隆路4段與基隆路4段口往北（台科大前迴轉道）,0,0,1,2,C03,8,5,5,50,4,1,1,5,4,5,13,2,1,1,4,1,2,17,1,22,2,9,6,1,7,9,1,10,1,11,,44,,1,21,121.5404935,25.0138545