發生年度,發生月,發生日,發生時-Hours,發生分,處理別-編號,區序,肇事地點,死亡人數,2-30日死亡人數,受傷人數,當事人序號,車種,天候,道路照明設備,道路類別,速限-速度限制,道路型態,事故位置,路面狀況1,路面狀況2,路面狀況3,道路障礙1,道路障礙2,號誌1,號誌2,車道劃分-分向,車道劃分-分道1,車道劃分-分道2,車道劃分-分道3,事故類型及型態,性別,年齡,受傷程度,主要傷處,保護裝置,行動電話,車輛用途,當事者行動狀態,駕駛資格情形,駕駛執照種類,飲酒情形,車輛撞擊部位1,車輛撞擊部位2,肇因碼-個別,肇因碼-主要,個人肇逃否,職業,座標-X,座標-Y
113,7,17,9,30,2,10文山區,文山區指南路3段38巷(指南幹60號電線桿),0,0,1,1,A02,8,7,5,30,14,9,1,5,4,5,13,4,4,10,5,5,2,17,1,59,3,10,3,4,7,9,1,2,2,17,,44,,1,21,121.5832622,24.97707933
113,7,17,9,30,2,10文山區,文山區指南路3段38巷(指南幹60號電線桿),0,0,1,2,C03,8,7,5,30,14,9,1,5,4,5,13,4,4,10,5,5,2,17,1,28,2,8,5,4,7,9,1,10,2,12,,44,,1,21,121.5832622,24.97707933
113,7,17,9,41,2,09北投區,北投區承德路7段351-1號福特汽車入口處,0,0,1,1,B12,8,7,5,60,14,9,1,5,4,5,13,4,4,9,4,4,1,11,1,43,3,10,7,1,7,8,1,8,2,6,,100,,1,21,121.50254,25.118354
113,7,17,9,41,2,09北投區,北投區承德路7段351-1號福特汽車入口處,0,0,1,2,C03,8,7,5,60,14,9,1,5,4,5,13,4,4,9,4,4,1,11,1,30,2,9,6,1,7,9,1,10,2,14,,44,,1,21,121.50254,25.118354
113,7,17,9,41,2,09北投區,北投區承德路7段351-1號福特汽車入口處,0,0,1,3,C03,8,7,5,60,14,9,1,5,4,5,13,4,4,9,4,4,1,11,2,29,3,10,3,4,7,13,1,10,9,13,,44,,1,21,121.50254,25.118354
113,7,17,10,9,2,07信義區,信義區松仁路215巷2號,0,0,1,1,B03,8,7,5,50,14,9,1,5,4,5,13,1,1,5,5,5,2,17,1,63,3,10,3,4,7,14,1,8,9,2,,44,,1,21,121.5686996,25.026819
113,7,17,10,9,2,07信義區,信義區松仁路215巷2號,0,0,1,2,C03,8,7,5,50,14,9,1,5,4,5,13,1,1,5,5,5,2,17,1,37,2,7,3,4,7,9,1,10,1,14,,44,,1,21,121.5686996,25.026819
113,7,17,10,9,2,07信義區,信義區松仁路215巷2號,0,0,1,3,H02,8,7,5,50,14,9,1,5,4,5,13,1,1,5,5,5,2,17,2,48,3,10,3,5,7,19,8,20,10,16,,126,,1,21,121.5686996,25.026819
113,7,17,10,23,2,02萬華區,萬華區西藏路125巷與西藏路口,0,0,1,1,B12,8,6,5,50,3,1,1,5,4,5,13,1,1,8,3,5,1,12,1,19,3,10,7,1,7,8,1,8,1,7,,100,,1,21,121.5022756,25.0297449
113,7,17,10,23,2,02萬華區,萬華區西藏路125巷與西藏路口,0,0,1,2,C03,8,6,5,50,3,1,1,5,4,5,13,1,1,8,3,5,1,12,1,28,2,9,5,1,7,9,1,10,1,11,,44,,1,21,121.5022756,25.0297449
113,7,17,10,38,2,01大同區,大同區延平北路2段與民權西路口,0,0,3,1,C03,8,6,7,40,4,2,1,5,4,5,13,2,1,1,4,5,1,13,2,56,2,8,6,4,7,15,1,10,1,13,,42,,1,22,121.5109793,25.0628536
113,7,17,10,38,2,01大同區,大同區延平北路2段與民權西路口,0,0,3,2,C03,8,6,7,40,4,2,1,5,4,5,13,2,1,1,4,5,1,13,2,25,2,9,6,4,7,9,1,10,1,11,,44,,1,22,121.5109793,25.0628536
113,7,17,10,38,2,01大同區,大同區延平北路2段與民權西路口,0,0,3,3,H02,8,6,7,40,4,2,1,5,4,5,13,2,1,1,4,5,1,13,2,32,2,7,6,5,7,20,8,20,10,16,,67,,1,22,121.5109793,25.0628536
113,7,17,11,0,2,03中山區,中山區市民大道3段25號前,0,0,1,1,B11,8,7,5,40,14,9,1,5,4,5,13,4,4,1,4,5,2,17,1,23,3,10,3,4,7,14,1,8,1,5,,44,,1,26,121.5343254,25.0453022
113,7,17,11,0,2,03中山區,中山區市民大道3段25號前,0,0,1,2,C03,8,7,5,40,14,9,1,5,4,5,13,4,4,1,4,5,2,17,2,75,2,9,3,4,7,9,1,10,1,14,,44,,1,22,121.5343254,25.0453022
113,7,17,11,0,2,03中山區,中山區市民大道3段25號前,0,0,1,3,H02,8,7,5,40,14,9,1,5,4,5,13,4,4,1,4,5,2,17,1,21,3,10,3,5,7,19,8,20,10,16,,60,,1,21,121.5343254,25.0453022
113,7,17,11,8,2,08士林區,士林區大南路與小西街口,0,0,1,1,B01,8,6,5,30,4,1,1,5,4,5,13,4,4,10,5,5,2,15,1,50,3,10,7,1,7,9,1,4,2,1,,72,,1,21,121.5233262,25.0897965
113,7,17,11,8,2,08士林區,士林區大南路與小西街口,0,0,1,2,C02,8,6,5,30,4,1,1,5,4,5,13,4,4,10,5,5,2,15,1,24,2,9,6,1,7,9,3,18,2,14,,44,,1,21,121.5233262,25.0897965
113,7,17,11,8,2,08士林區,士林區大南路與小西街口,0,0,1,3,,8,6,5,30,4,1,1,5,4,5,13,4,4,10,5,5,2,15,3,0,,,,,,,,,,,,67,,1,,121.5233262,25.0897965
113,7,17,11,24,2,04大安區,大安區忠孝東路3段251巷與忠孝東路3段口,0,0,1,1,B03,8,6,5,50,3,18,1,5,4,5,13,1,1,10,4,5,2,3,2,47,3,10,7,1,7,9,1,8,2,1,,70,,1,21,121.5417689,25.0415405
113,7,17,11,24,2,04大安區,大安區忠孝東路3段251巷與忠孝東路3段口,0,0,1,2,H01,8,6,5,50,3,18,1,5,4,5,13,1,1,10,4,5,2,3,1,42,2,9,4,5,8,18,8,20,10,16,,122,,1,21,121.5417689,25.0415405
113,7,17,11,55,2,06松山區,松山區富錦街與富錦街572巷口,0,0,2,1,C03,8,7,5,30,4,1,1,5,4,5,13,4,4,9,4,5,2,15,2,62,2,9,5,1,7,9,1,8,1,11,,72,,1,22,121.5671106,25.06236262
113,7,17,11,55,2,06松山區,松山區富錦街與富錦街572巷口,0,0,2,2,C03,8,7,5,30,4,1,1,5,4,5,13,4,4,9,4,5,2,15,2,50,2,9,5,1,7,9,1,8,1,14,,16,,1,22,121.5671106,25.06236262
113,7,17,12,30,2,08士林區,士林區中山北路4段與通河街口,0,0,1,1,B03,8,7,5,50,5,1,1,5,4,5,13,4,4,1,4,5,2,16,1,44,3,10,7,1,7,6,1,8,1,5,,9,,1,21,121.5183568,25.04847309
113,7,17,12,30,2,08士林區,士林區中山北路4段與通河街口,0,0,1,2,C03,8,7,5,50,5,1,1,5,4,5,13,4,4,1,4,5,2,16,2,37,2,9,6,1,7,9,1,10,1,14,,44,,1,21,121.5183568,25.04847309
113,7,17,12,30,2,12內湖區,內湖區東湖路與東湖路94巷口口,0,0,1,1,B03,8,6,5,50,14,9,1,5,4,5,13,4,4,5,4,5,2,13,1,35,3,10,7,1,7,10,1,8,2,2,7,100,,1,21,121.6148307,25.06856206
113,7,17,12,30,2,12內湖區,內湖區東湖路與東湖路94巷口口,0,0,1,2,B01,8,6,5,50,14,9,1,5,4,5,13,4,4,5,4,5,2,13,1,66,3,10,7,1,7,9,1,4,2,5,,44,,1,21,121.6148307,25.06856206
113,7,17,12,30,2,12內湖區,內湖區東湖路與東湖路94巷口口,0,0,1,3,B03,8,6,5,50,14,9,1,5,4,5,13,4,4,5,4,5,2,13,2,52,3,10,7,1,7,14,1,8,2,4,,44,,1,21,121.6148307,25.06856206
113,7,17,12,30,2,12內湖區,內湖區東湖路與東湖路94巷口口,0,0,1,4,H02,8,6,5,50,14,9,1,5,4,5,13,4,4,5,4,5,2,13,1,61,2,1,2,5,7,20,8,20,10,16,,58,,1,21,121.6148307,25.06856206
113,7,17,12,36,2,05中正區,中正區忠孝西路1段4號,0,0,1,1,C03,8,5,5,50,14,9,1,5,4,5,13,4,4,1,4,1,2,13,1,21,2,9,6,1,7,9,3,18,1,11,,16,,1,21,121.5185972,25.0457911
113,7,17,12,36,2,05中正區,中正區忠孝西路1段4號,0,0,1,2,B01,8,5,5,50,14,9,1,5,4,5,13,4,4,1,4,1,2,13,1,50,3,10,7,1,7,9,1,4,1,6,,44,,1,21,121.5185972,25.0457911
113,7,17,12,36,2,05中正區,中正區忠孝西路1段4號,0,0,1,3,B01,8,5,5,50,14,9,1,5,4,5,13,4,4,1,4,1,2,13,1,59,3,10,7,1,7,9,1,4,1,4,,44,,1,21,121.5185972,25.0457911
113,7,17,12,42,2,03中山區,中山區新生北路3段與民權東路1段口,0,0,2,1,C03,8,7,5,50,4,1,1,5,4,5,13,1,1,9,4,5,2,13,1,75,2,9,5,1,7,12,1,10,1,13,,14,,1,21,121.5276101,25.06268064
113,7,17,12,42,2,03中山區,中山區新生北路3段與民權東路1段口,0,0,2,2,C03,8,7,5,50,4,1,1,5,4,5,13,1,1,9,4,5,2,13,1,21,2,9,6,1,7,9,1,10,1,11,,16,,1,21,121.5276101,25.06268064
113,7,17,12,46,2,10文山區,文山區景華街與仙岩路口,0,0,1,1,B01,8,6,5,50,3,18,1,5,4,5,13,2,1,9,5,5,2,3,1,67,3,10,7,1,7,5,1,4,1,1,,70,,1,22,121.5477103,24.9982387
113,7,17,12,46,2,10文山區,文山區景華街與仙岩路口,0,0,1,2,H01,8,6,5,50,3,18,1,5,4,5,13,2,1,9,5,5,2,3,1,52,2,9,4,5,8,16,8,20,10,16,,67,,1,22,121.5477103,24.9982387
113,7,17,12,54,2,09北投區,北投區大度路31號旁,0,0,1,1,C03,8,6,5,60,14,9,1,5,4,5,13,4,4,1,4,5,1,18,2,46,2,9,5,1,7,9,1,10,1,12,,116,,1,21,121.4960113,25.1211511
113,7,17,12,54,2,09北投區,北投區大度路31號旁,0,0,1,2,,8,6,5,60,14,9,1,5,4,5,13,4,4,1,4,5,1,18,3,0,,,,,,,,,,,,67,,1,,121.4960113,25.1211511
113,7,17,12,56,2,02萬華區,萬華區桂林路228巷30弄與桂林路228巷口,0,0,2,1,C03,8,6,6,30,4,1,1,5,4,5,13,4,4,10,5,5,1,15,2,37,2,8,5,1,7,9,1,10,1,12,,75,,1,21,121.4957424,25.0381406
113,7,17,12,56,2,02萬華區,萬華區桂林路228巷30弄與桂林路228巷口,0,0,2,2,C03,8,6,6,30,4,1,1,5,4,5,13,4,4,10,5,5,1,15,2,36,2,9,5,1,7,9,1,10,1,11,,44,,1,21,121.4957424,25.0381406
113,7,17,12,56,2,02萬華區,萬華區桂林路228巷30弄與桂林路228巷口,0,0,2,3,C01,8,6,6,30,4,1,1,5,4,5,13,4,4,10,5,5,1,15,1,24,3,10,5,1,7,13,7,19,11,12,,44,,1,21,121.4957424,25.0381406
113,7,17,12,56,2,02萬華區,萬華區桂林路228巷30弄與桂林路228巷口,0,0,2,4,C03,8,6,6,30,4,1,1,5,4,5,13,4,4,10,5,5,1,15,1,24,3,10,5,1,7,13,7,19,11,14,,44,,1,21,121.4957424,25.0381406
113,7,17,13,35,2,12內湖區,內湖區康寧路3段與康寧路3段16巷口,0,0,1,1,C03,8,5,5,50,3,1,1,5,4,5,13,1,1,1,4,5,2,16,1,57,2,9,6,1,7,4,1,10,1,12,,101,,1,21,121.606856,25.07276616
113,7,17,13,35,2,12內湖區,內湖區康寧路3段與康寧路3段16巷口,0,0,1,2,B03,8,5,5,50,3,1,1,5,4,5,13,1,1,1,4,5,2,16,2,43,3,10,7,1,7,1,1,8,1,8,,44,,1,21,121.606856,25.07276616
113,7,17,14,0,2,03中山區,中山區八德路2段145號,0,0,1,1,C03,8,6,5,50,14,9,1,5,4,5,13,4,4,5,4,5,2,12,1,35,2,8,5,1,7,9,1,10,1,11,,44,,1,22,121.5374075,25.0462739
113,7,17,14,0,2,03中山區,中山區八德路2段145號,0,0,1,2,B03,8,6,5,50,14,9,1,5,4,5,13,4,4,5,4,5,2,12,1,30,3,10,3,4,7,14,1,8,1,7,,44,,1,22,121.5374075,25.0462739
113,7,17,14,9,2,07信義區,信義區大道路與忠孝東路5段790巷70弄口,0,0,1,1,B01,8,5,5,50,3,1,1,5,4,5,13,4,4,5,5,5,1,17,1,60,3,10,7,1,7,11,1,4,1,8,,10,,1,21,121.582859,25.0400611
113,7,17,14,9,2,07信義區,信義區大道路與忠孝東路5段790巷70弄口,0,0,1,2,C03,8,5,5,50,3,1,1,5,4,5,13,4,4,5,5,5,1,17,1,30,2,9,6,1,7,9,1,10,1,12,,44,,1,21,121.582859,25.0400611
113,7,17,14,46,2,08士林區,士林區承德路4段80巷與承德路4段口,0,0,1,1,B13,8,5,5,50,5,1,1,5,4,5,13,2,1,1,4,4,2,16,1,40,3,10,7,1,7,5,1,8,1,6,,71,,1,21,121.52304,25.08218627
113,7,17,14,46,2,08士林區,士林區承德路4段80巷與承德路4段口,0,0,1,2,C03,8,5,5,50,5,1,1,5,4,5,13,2,1,1,4,4,2,16,1,20,2,9,5,1,7,9,1,10,1,11,,13,,1,21,121.52304,25.08218627
113,7,17,14,50,2,05中正區,中正區仁愛路1段1號(台大國際會議中心停車場出入口),0,0,1,1,B02,8,6,5,50,14,9,1,5,4,3,13,4,4,1,2,5,2,16,1,41,3,10,2,1,7,6,1,8,2,2,,44,,1,22,121.5209191,25.0390045
113,7,17,14,50,2,05中正區,中正區仁愛路1段1號(台大國際會議中心停車場出入口),0,0,1,2,C03,8,6,5,50,14,9,1,5,4,3,13,4,4,1,2,5,2,16,1,31,2,9,5,1,7,9,1,10,2,14,,44,,1,22,121.5209191,25.0390045
113,7,17,14,50,2,05中正區,中正區仁愛路1段1號(台大國際會議中心停車場出入口),0,0,1,3,B03,8,6,5,50,14,9,1,5,4,3,13,4,4,1,2,5,2,16,1,44,3,10,3,1,7,14,1,8,9,17,,44,,1,22,121.5209191,25.0390045
113,7,17,15,10,2,12內湖區,內湖區民權東路6段190巷21弄與民權東路6段180巷21弄口,0,0,1,1,C03,8,7,5,30,4,1,1,5,4,5,13,4,4,9,5,5,2,15,2,23,2,9,6,1,7,9,1,10,1,11,,72,,1,21,121.5938176,25.06845851
113,7,17,15,10,2,12內湖區,內湖區民權東路6段190巷21弄與民權東路6段180巷21弄口,0,0,1,2,B01,8,7,5,30,4,1,1,5,4,5,13,4,4,9,5,5,2,15,1,56,3,10,3,4,7,9,1,4,1,1,,14,,1,21,121.5938176,25.06845851
113,7,17,15,15,2,01大同區,大同區長安西路與塔城街口,0,0,1,1,C03,8,6,5,50,4,1,1,5,4,5,13,2,1,5,4,5,2,17,2,56,2,7,6,4,7,15,1,8,1,13,,100,,1,22,121.5104417,25.0520296
113,7,17,15,15,2,01大同區,大同區長安西路與塔城街口,0,0,1,2,B03,8,6,5,50,4,1,1,5,4,5,13,2,1,5,4,5,2,17,1,59,3,10,3,4,7,9,1,8,1,5,,44,,1,22,121.5104417,25.0520296
113,7,17,15,18,2,06松山區,松山區民生東路4段與民生東路4段80巷口,0,0,1,1,B01,8,6,5,50,4,1,1,5,4,5,13,2,1,1,4,5,2,16,1,50,3,10,3,4,7,5,1,3,1,1,,71,,1,21,121.5529132,25.0580067
113,7,17,15,18,2,06松山區,松山區民生東路4段與民生東路4段80巷口,0,0,1,2,C03,8,6,5,50,4,1,1,5,4,5,13,2,1,1,4,5,2,16,1,33,2,9,6,4,7,9,1,9,1,11,,13,,1,21,121.5529132,25.0580067
113,7,17,15,24,2,08士林區,士林區德行東路365巷與德行東路口口,0,0,2,1,B03,8,7,5,30,4,1,1,5,4,5,13,4,4,10,5,5,2,17,2,24,3,10,7,1,7,5,1,8,1,5,,72,,1,21,121.5389253,25.1105448
113,7,17,15,24,2,08士林區,士林區德行東路365巷與德行東路口口,0,0,2,2,C03,8,7,5,30,4,1,1,5,4,5,13,4,4,10,5,5,2,17,1,62,2,9,6,1,7,9,1,10,1,12,,44,,1,21,121.5389253,25.1105448
113,7,17,15,24,2,08士林區,士林區德行東路365巷與德行東路口口,0,0,2,3,H02,8,7,5,30,4,1,1,5,4,5,13,4,4,10,5,5,2,17,2,51,2,9,6,5,7,21,8,20,10,16,,67,,1,21,121.5389253,25.1105448
113,7,17,15,24,2,08士林區,士林區德行東路365巷與德行東路口口,0,0,2,4,B11,8,7,5,30,4,1,1,5,4,5,13,4,4,10,5,5,2,17,1,49,3,10,7,1,7,9,1,4,1,15,,38,,1,21,121.5389253,25.1105448
113,7,17,15,45,2,08士林區,士林區忠誠路1段公車站「蘭雅新城」前,0,0,1,1,A02,7,7,5,40,14,9,1,5,4,5,13,4,4,1,1,5,1,9,1,57,3,10,7,1,7,9,1,6,9,17,,44,,1,21,121.5298562,25.10712636
113,7,17,15,45,2,08士林區,士林區忠誠路1段公車站「蘭雅新城」前,0,0,1,2,H02,7,7,5,40,14,9,1,5,4,5,13,4,4,1,1,5,1,9,2,46,2,9,4,5,7,20,8,20,10,17,,67,,1,21,121.5298562,25.10712636
113,7,17,16,0,2,08士林區,士林區延平北路5段與葫蘆街口,0,0,3,1,C03,8,6,5,50,4,1,1,5,4,5,13,2,1,1,4,4,2,17,2,18,2,8,3,4,7,5,1,10,1,12,,71,,1,21,121.5098799,25.0841426
113,7,17,16,0,2,08士林區,士林區延平北路5段與葫蘆街口,0,0,3,2,C03,8,6,5,50,4,1,1,5,4,5,13,2,1,1,4,4,2,17,1,21,2,9,3,4,7,9,3,18,1,11,,44,,1,21,121.5098799,25.0841426
113,7,17,16,0,2,08士林區,士林區延平北路5段與葫蘆街口,0,0,3,3,H02,8,6,5,50,4,1,1,5,4,5,13,2,1,1,4,4,2,17,2,14,2,9,3,5,7,20,8,20,10,16,,67,,1,21,121.5098799,25.0841426
113,7,17,16,9,2,07信義區,信義區忠孝東路4段515號,0,0,1,1,B03,8,6,5,50,14,9,1,5,4,5,13,2,1,1,4,1,1,13,1,39,3,10,3,4,7,9,1,8,1,1,,16,,1,21,121.5579852,25.0414816
113,7,17,16,9,2,07信義區,信義區忠孝東路4段515號,0,0,1,2,B03,8,6,5,50,14,9,1,5,4,5,13,2,1,1,4,1,1,13,1,26,2,5,3,4,7,14,1,8,1,3,,44,,1,21,121.5579852,25.0414816
113,7,17,16,30,2,02萬華區,萬華區和平西路3段與廣州街218巷口,0,0,1,1,B01,8,5,5,30,3,2,1,5,4,5,13,4,4,10,5,5,2,9,1,66,3,10,7,4,7,2,1,4,1,3,,12,,1,21,121.4968432,25.0355326
113,7,17,16,30,2,02萬華區,萬華區和平西路3段與廣州街218巷口,0,0,1,2,H01,8,5,5,30,3,2,1,5,4,5,13,4,4,10,5,5,2,9,2,40,2,9,4,5,8,16,8,20,10,16,,67,,1,21,121.4968432,25.0355326
113,7,17,17,4,2,12內湖區,內湖區瑞光路581號,0,0,1,1,B03,8,7,8,50,14,9,1,5,4,5,13,4,4,9,4,5,2,17,1,62,3,10,7,1,7,14,1,8,1,4,,40,,1,21,121.5681559,25.079505
113,7,17,17,4,2,12內湖區,內湖區瑞光路581號,0,0,1,2,C03,8,7,8,50,14,9,1,5,4,5,13,4,4,9,4,5,2,17,1,51,3,10,5,1,7,9,1,10,1,12,,44,,1,21,121.5681559,25.079505
113,7,17,17,4,2,12內湖區,內湖區瑞光路581號,0,0,1,3,H02,8,7,8,50,14,9,1,5,4,5,13,4,4,9,4,5,2,17,2,41,2,9,5,5,7,20,8,20,10,16,,67,,1,21,121.5681559,25.079505
113,7,17,17,4,2,12內湖區,內湖區瑞光路581號,0,0,1,4,B02,8,7,8,50,14,9,1,5,4,5,13,4,4,9,4,5,2,17,2,51,3,10,7,1,7,9,1,8,1,2,,44,,1,21,121.5681559,25.079505
113,7,17,17,30,2,12內湖區,內湖區陽光街與江南街71巷口,0,0,1,1,C03,8,5,5,50,3,2,1,5,4,5,13,4,4,5,5,5,2,17,1,63,2,9,5,1,7,9,1,10,2,11,,107,,1,21,121.5794651,25.07388349
113,7,17,17,30,2,12內湖區,內湖區陽光街與江南街71巷口,0,0,1,2,B11,8,5,5,50,3,2,1,5,4,5,13,4,4,5,5,5,2,17,1,41,3,10,7,1,7,14,1,4,2,6,,44,,1,21,121.5794651,25.07388349
113,7,17,17,44,2,05中正區,中正區忠孝西路1段與公園路口,0,0,2,1,A02,8,6,8,50,22,22,1,5,4,5,13,3,1,3,4,5,2,9,1,26,3,10,7,1,7,12,1,2,1,3,,108,,1,21,121.5173105,25.0461332
113,7,17,17,44,2,05中正區,中正區忠孝西路1段與公園路口,0,0,2,2,H02,8,6,8,50,22,22,1,5,4,5,13,3,1,3,4,5,2,9,2,63,2,9,2,5,7,20,8,20,10,16,,67,,1,21,121.5173105,25.0461332
113,7,17,17,44,2,05中正區,中正區忠孝西路1段與公園路口,0,0,2,3,H02,8,6,8,50,22,22,1,5,4,5,13,3,1,3,4,5,2,9,2,90,2,9,2,5,7,20,8,20,10,16,,67,,1,21,121.5173105,25.0461332
113,7,17,17,44,2,05中正區,中正區忠孝西路1段與公園路口,0,0,2,4,B01,8,6,8,50,22,22,1,5,4,5,13,3,1,3,4,5,2,9,1,62,3,10,7,1,7,12,1,8,1,17,,42,,1,21,121.5173105,25.0461332
113,7,17,18,25,2,10文山區,文山區木柵路1段292號,0,0,1,1,C03,8,6,5,50,14,9,2,5,4,5,13,4,4,5,4,5,2,18,1,56,2,7,5,4,7,9,1,10,1,14,,118,,1,21,121.5566103,24.98848005
113,7,17,18,25,2,10文山區,文山區木柵路1段292號,0,0,1,2,,8,6,5,50,14,9,2,5,4,5,13,4,4,5,4,5,2,18,3,0,,,,,,,,,10,,,67,,1,,121.5566103,24.98848005
113,7,17,18,28,2,09北投區,北投區大業路與豐年路2段口,0,0,3,1,B03,8,6,5,50,4,1,1,5,4,5,13,1,1,10,5,5,2,16,1,35,3,10,7,1,7,5,1,8,2,2,,98,,1,21,121.4963645,25.1347742
113,7,17,18,28,2,09北投區,北投區大業路與豐年路2段口,0,0,3,2,C03,8,6,5,50,4,1,1,5,4,5,13,1,1,10,5,5,2,16,1,20,2,9,5,1,7,9,1,10,2,11,,44,,1,21,121.4963645,25.1347742
113,7,17,18,28,2,09北投區,北投區大業路與豐年路2段口,0,0,3,3,H02,8,6,5,50,4,1,1,5,4,5,13,1,1,10,5,5,2,16,2,37,2,9,7,5,7,20,8,20,10,16,,67,,1,21,121.4963645,25.1347742
113,7,17,18,28,2,09北投區,北投區大業路與豐年路2段口,0,0,3,4,H02,8,6,5,50,4,1,1,5,4,5,13,1,1,10,5,5,2,16,2,16,2,9,5,5,7,20,8,20,10,16,,67,,1,21,121.4963645,25.1347742
113,7,17,18,34,2,09北投區,北投區明德路186號,0,0,1,1,C03,8,6,5,50,14,9,1,5,4,5,13,4,4,9,5,5,2,13,1,77,2,8,5,1,7,9,1,10,1,11,,108,,1,21,121.5213412,25.11157845
113,7,17,18,34,2,09北投區,北投區明德路186號,0,0,1,2,B03,8,6,5,50,14,9,1,5,4,5,13,4,4,9,5,5,2,13,2,45,3,10,7,1,7,14,1,8,1,3,,44,,1,21,121.5213412,25.11157845
113,7,17,18,36,2,03中山區,中山區建國高架道往北，長春上方,0,0,1,1,B03,8,6,5,70,10,7,1,5,4,5,13,4,4,1,3,5,2,12,1,27,3,10,7,4,7,8,1,8,1,4,,100,,1,22,121.5367641,25.0497464
113,7,17,18,36,2,03中山區,中山區建國高架道往北，長春上方,0,0,1,2,B03,8,6,5,70,10,7,1,5,4,5,13,4,4,1,3,5,2,12,2,31,2,7,7,4,7,9,1,8,1,2,,44,,1,22,121.5367641,25.0497464
113,7,17,19,15,2,08士林區,士林區天母西路83巷與天母西路口,0,0,1,1,F01,7,5,5,50,4,2,1,5,4,5,13,4,4,5,5,5,2,17,2,19,2,8,4,1,7,9,8,20,2,12,,42,,1,22,121.5253452,25.1185557
113,7,17,19,15,2,08士林區,士林區天母西路83巷與天母西路口,0,0,1,2,C03,7,5,5,50,4,2,1,5,4,5,13,4,4,5,5,5,2,17,1,45,3,10,3,4,7,13,1,10,2,14,,38,,1,22,121.5253452,25.1185557
113,7,17,19,28,2,12內湖區,內湖區舊宗路2段181巷與舊宗路2段口,0,0,1,1,B03,8,6,5,50,3,1,1,5,4,5,13,3,1,9,4,5,2,12,1,31,3,10,7,1,7,7,1,8,2,4,,80,,1,21,121.5748622,25.0716364
113,7,17,19,28,2,12內湖區,內湖區舊宗路2段181巷與舊宗路2段口,0,0,1,2,B03,8,6,5,50,3,1,1,5,4,5,13,3,1,9,4,5,2,12,1,21,2,8,7,1,7,9,1,8,2,2,,44,,1,21,121.5748622,25.0716364
113,7,17,19,28,2,12內湖區,內湖區舊宗路2段181巷與舊宗路2段口,0,0,1,3,B03,8,6,5,50,3,1,1,5,4,5,13,3,1,9,4,5,2,12,2,61,3,10,7,1,7,9,1,8,2,4,,44,,1,21,121.5748622,25.0716364
113,7,17,19,28,2,12內湖區,內湖區舊宗路2段181巷與舊宗路2段口,0,0,1,4,A02,8,6,5,50,3,1,1,5,4,5,13,3,1,9,4,5,2,12,1,42,3,10,7,1,7,9,1,2,2,7,,44,,1,21,121.5748622,25.0716364
113,7,17,19,28,2,12內湖區,內湖區舊宗路2段181巷與舊宗路2段口,0,0,1,5,,8,6,5,50,3,1,1,5,4,5,13,3,1,9,4,5,2,12,3,0,,,,,,,,,,,,67,,1,,121.5748622,25.0716364
113,7,17,20,15,2,07信義區,信義區嘉興街與嘉興街181巷口,0,0,1,1,B03,7,5,5,30,3,1,1,5,4,5,13,2,1,8,3,5,2,9,1,64,3,10,3,4,7,15,1,8,2,1,,70,,1,21,121.5565302,25.0263549
113,7,17,20,15,2,07信義區,信義區嘉興街與嘉興街181巷口,0,0,1,2,H01,7,5,5,30,3,1,1,5,4,5,13,2,1,8,3,5,2,9,1,30,2,9,4,5,8,16,8,20,10,16,,67,,1,21,121.5565302,25.0263549
113,7,17,21,36,2,08士林區,士林區福港街160巷與福港街210巷17弄口,0,0,2,1,C03,8,5,5,30,4,1,1,5,4,5,13,4,4,10,5,5,2,17,2,31,2,7,3,4,7,9,1,10,9,11,,72,,1,22,121.5182526,25.08717005
113,7,17,21,36,2,08士林區,士林區福港街160巷與福港街210巷17弄口,0,0,2,2,C03,8,5,5,30,4,1,1,5,4,5,13,4,4,10,5,5,2,17,1,28,2,8,3,4,7,9,1,10,9,12,,44,,1,22,121.5182526,25.08717005
113,7,17,22,4,2,12內湖區,內湖區成功路3段與康寧路1段口,0,0,2,1,C03,8,5,5,50,4,1,1,5,4,5,13,2,1,1,4,5,2,16,1,20,2,9,5,1,7,9,1,10,1,11,,99,,1,21,121.5908195,25.0806071
113,7,17,22,4,2,12內湖區,內湖區成功路3段與康寧路1段口,0,0,2,2,C03,8,5,5,50,4,1,1,5,4,5,13,2,1,1,4,5,2,16,1,24,2,9,5,1,7,5,1,10,1,14,,44,,1,21,121.5908195,25.0806071
113,7,17,22,29,2,10文山區,文山區景豐街與興順街口口,0,0,2,1,F01,8,5,5,30,5,1,1,5,4,5,13,2,1,10,5,5,1,16,1,68,2,9,4,1,7,9,8,20,1,11,,81,,1,21,121.5450023,25.0012331
113,7,17,22,29,2,10文山區,文山區景豐街與興順街口口,0,0,2,2,C03,8,5,5,30,5,1,1,5,4,5,13,2,1,10,5,5,1,16,1,21,2,8,6,1,7,9,1,10,1,11,,44,,1,21,121.5450023,25.0012331
113,7,17,22,42,2,10文山區,文山區木柵路5段58號對面,0,0,1,1,B02,8,5,5,50,14,9,1,5,4,5,13,1,1,9,4,5,2,13,1,49,3,10,7,1,7,15,1,8,1,1,,81,,1,21,121.588998,25.00121131
113,7,17,22,42,2,10文山區,文山區木柵路5段58號對面,0,0,1,2,C03,8,5,5,50,14,9,1,5,4,5,13,1,1,9,4,5,2,13,2,44,2,9,5,1,7,14,1,10,1,13,,44,,1,21,121.588998,25.00121131