發生年度,發生月,發生日,發生時-Hours,發生分,處理別-編號,區序,肇事地點,死亡人數,2-30日死亡人數,受傷人數,當事人序號,車種,天候,道路照明設備,道路類別,速限-速度限制,道路型態,事故位置,路面狀況1,路面狀況2,路面狀況3,道路障礙1,道路障礙2,號誌1,號誌2,車道劃分-分向,車道劃分-分道1,車道劃分-分道2,車道劃分-分道3,事故類型及型態,性別,年齡,受傷程度,主要傷處,保護裝置,行動電話,車輛用途,當事者行動狀態,駕駛資格情形,駕駛執照種類,飲酒情形,車輛撞擊部位1,車輛撞擊部位2,肇因碼-個別,肇因碼-主要,個人肇逃否,職業,座標-X,座標-Y
113,7,17,22,43,2,07信義區,信義區仁愛路4段505號,0,0,2,1,C03,7,5,5,50,14,9,1,5,4,5,13,2,1,1,5,5,2,13,1,34,2,9,5,1,7,9,1,10,1,11,,16,,1,21,121.5607584,25.0377022
113,7,17,22,43,2,07信義區,信義區仁愛路4段505號,0,0,2,2,C03,7,5,5,50,14,9,1,5,4,5,13,2,1,1,5,5,2,13,2,23,2,9,5,1,7,9,1,10,1,13,,44,,1,21,121.5607584,25.0377022
113,7,18,0,20,2,08士林區,士林區延平北路6段與社中街口,0,0,1,1,C03,8,5,5,50,3,1,1,5,4,5,13,4,4,5,3,5,1,17,1,39,2,9,6,1,7,5,1,10,2,12,,74,,1,21,121.5088603,25.0878528
113,7,18,0,20,2,08士林區,士林區延平北路6段與社中街口,0,0,1,2,B01,8,5,5,50,3,1,1,5,4,5,13,4,4,5,3,5,1,17,1,56,3,10,7,1,7,9,1,4,2,4,,99,,1,21,121.5088603,25.0878528
113,7,18,6,33,2,03中山區,中山區北安路與大直街口,0,0,2,1,C03,8,7,5,50,5,1,1,5,4,5,13,1,1,1,4,5,2,16,1,24,2,9,5,1,7,6,1,10,1,11,,96,,1,22,121.5472626,25.0798543
113,7,18,6,33,2,03中山區,中山區北安路與大直街口,0,0,2,2,C03,8,7,5,50,5,1,1,5,4,5,13,1,1,1,4,5,2,16,1,66,2,9,5,1,7,9,1,10,1,11,,44,,1,22,121.5472626,25.0798543
113,7,18,7,5,2,09北投區,北投區承德路6段與福國路口,0,0,2,1,C03,8,6,5,60,4,1,1,5,4,5,13,2,1,1,4,4,2,12,1,29,2,9,5,1,7,9,1,10,1,15,,44,,1,21,121.5121844,25.10179649
113,7,18,7,5,2,09北投區,北投區承德路6段與福國路口,0,0,2,2,C03,8,6,5,60,4,1,1,5,4,5,13,2,1,1,4,4,2,12,1,54,2,9,5,1,7,9,1,10,1,11,,44,,1,21,121.5121844,25.10179649
113,7,18,7,15,2,01大同區,大同區大龍街259巷與酒泉街50巷口,0,0,1,1,B03,8,5,5,30,5,1,1,5,4,5,13,4,4,9,5,5,2,10,1,46,3,10,7,1,7,15,1,8,2,8,,107,,1,22,121.5166379,25.071529
113,7,18,7,15,2,01大同區,大同區大龍街259巷與酒泉街50巷口,0,0,1,2,C03,8,5,5,30,5,1,1,5,4,5,13,4,4,9,5,5,2,10,2,40,2,8,5,1,7,15,1,10,2,12,,72,,1,22,121.5166379,25.071529
113,7,18,7,19,2,03中山區,中山區民生東路1段12號,0,0,1,1,C03,8,6,5,50,14,9,1,5,4,5,13,4,4,10,4,5,1,17,1,28,2,7,5,1,7,10,1,10,1,11,,100,,1,21,121.5233936,25.057933
113,7,18,7,19,2,03中山區,中山區民生東路1段12號,0,0,1,2,B01,8,6,5,50,14,9,1,5,4,5,13,4,4,10,4,5,1,17,1,67,3,10,7,1,7,7,1,4,1,2,,77,,1,21,121.5233936,25.057933
113,7,18,7,32,2,11南港區,南港區重陽路122號,0,0,1,1,C03,8,6,5,50,14,7,1,5,4,5,13,3,1,5,4,4,2,17,1,31,2,9,6,1,7,9,1,9,1,14,,116,,1,21,121.599758,25.056941
113,7,18,7,32,2,11南港區,南港區重陽路122號,0,0,1,2,B01,8,6,5,50,14,7,1,5,4,5,13,3,1,5,4,4,2,17,1,61,3,10,2,1,7,11,1,4,1,17,,10,,1,21,121.599758,25.056941
113,7,18,7,35,2,02萬華區,萬華區寶興街222巷19號,0,0,2,1,C03,8,6,5,30,14,9,1,5,4,5,13,4,4,10,5,5,1,17,2,44,2,9,3,4,7,5,1,10,1,14,,42,,1,22,121.4945831,25.02198792
113,7,18,7,35,2,02萬華區,萬華區寶興街222巷19號,0,0,2,2,C03,8,6,5,30,14,9,1,5,4,5,13,4,4,10,5,5,1,17,1,19,2,7,3,4,7,9,1,10,1,12,,42,,1,22,121.4945831,25.02198792
113,7,18,7,44,2,10文山區,文山區萬寧街139號對面,0,0,2,1,C03,8,6,5,40,14,9,1,5,4,5,13,4,4,9,5,5,2,16,1,30,2,8,6,1,7,6,1,10,2,12,,9,,1,21,121.5699216,25.00334351
113,7,18,7,44,2,10文山區,文山區萬寧街139號對面,0,0,2,2,C03,8,6,5,40,14,9,1,5,4,5,13,4,4,9,5,5,2,16,1,49,2,9,6,1,7,9,1,10,2,11,12,44,,1,21,121.5699216,25.00334351
113,7,18,7,44,2,10文山區,文山區萬寧街139號對面,0,0,2,3,C03,8,6,5,40,14,9,1,5,4,5,13,4,4,9,5,5,2,16,2,37,3,10,3,4,7,21,7,19,9,13,,44,,1,22,121.5699216,25.00334351
113,7,18,8,0,2,08士林區,士林區中山北路5段470巷與中山北路5段口,0,0,1,1,C03,7,6,5,50,3,2,1,5,4,5,13,4,4,1,5,5,1,17,2,26,3,10,3,4,7,6,1,10,2,12,,9,,1,22,121.5278969,25.0921866
113,7,18,8,0,2,08士林區,士林區中山北路5段470巷與中山北路5段口,0,0,1,2,C03,7,6,5,50,3,2,1,5,4,5,13,4,4,1,5,5,1,17,2,71,2,9,3,4,7,21,1,10,1,15,,44,,1,22,121.5278969,25.0921866
113,7,18,8,10,2,05中正區,中正區市民大道2段與金山北路口,0,0,2,1,C03,8,7,5,50,4,1,1,5,4,5,13,1,1,1,4,5,2,17,1,67,3,10,6,1,7,15,1,10,1,17,,100,,1,21,121.5306161,25.04598085
113,7,18,8,10,2,05中正區,中正區市民大道2段與金山北路口,0,0,2,2,C03,8,7,5,50,4,1,1,5,4,5,13,1,1,1,4,5,2,17,1,35,2,9,6,1,7,12,1,10,1,17,,16,,1,21,121.5306161,25.04598085
113,7,18,8,10,2,05中正區,中正區市民大道2段與金山北路口,0,0,2,3,H02,8,7,5,50,4,1,1,5,4,5,13,1,1,1,4,5,2,17,2,30,2,9,6,5,7,21,8,20,10,17,,60,,1,21,121.5306161,25.04598085
113,7,18,8,25,2,04大安區,大安區大安路2段與四維路170巷口,0,0,2,1,B01,8,6,5,40,3,1,1,5,4,5,13,1,1,4,5,5,2,17,1,61,3,10,7,1,7,11,1,4,1,4,,10,,1,21,121.5461268,25.0282949
113,7,18,8,25,2,04大安區,大安區大安路2段與四維路170巷口,0,0,2,2,F02,8,6,5,40,3,1,1,5,4,5,13,1,1,4,5,5,2,17,2,36,2,9,4,1,7,9,8,20,1,11,,32,,1,21,121.5461268,25.0282949
113,7,18,8,25,2,04大安區,大安區大安路2段與四維路170巷口,0,0,2,3,H02,8,6,5,40,3,1,1,5,4,5,13,1,1,4,5,5,2,17,1,4,2,9,4,5,7,20,8,20,10,16,,67,,1,21,121.5461268,25.0282949
113,7,18,8,28,2,08士林區,士林區重慶北路4段與重慶北路4段49巷口,0,0,2,1,C03,8,7,5,50,3,2,1,5,4,5,13,2,1,1,3,1,2,15,1,26,2,8,5,1,7,9,1,10,2,11,,81,,1,22,121.512893,25.0810008
113,7,18,8,28,2,08士林區,士林區重慶北路4段與重慶北路4段49巷口,0,0,2,2,B03,8,7,5,50,3,2,1,5,4,5,13,2,1,1,3,1,2,15,1,45,3,10,3,4,7,15,1,8,2,8,,44,,1,22,121.512893,25.0810008
113,7,18,8,28,2,08士林區,士林區重慶北路4段與重慶北路4段49巷口,0,0,2,3,H02,8,7,5,50,3,2,1,5,4,5,13,2,1,1,3,1,2,15,2,43,2,3,7,5,7,21,8,20,10,16,,67,,1,22,121.512893,25.0810008
113,7,18,8,43,1,07信義區,信義區市民大道5段與光復南路口,1,0,1,1,B13,8,7,5,40,5,1,1,5,4,5,13,1,1,1,4,5,2,16,1,45,2,9,3,4,7,15,1,8,2,5,,99,,1,21,121.5578066,25.0450065
113,7,18,8,43,1,07信義區,信義區市民大道5段與光復南路口,1,0,1,2,C03,8,7,5,40,5,1,1,5,4,5,13,1,1,1,4,5,2,16,1,39,1,9,3,4,7,9,1,10,2,14,,44,,1,21,121.5578066,25.0450065
113,7,18,8,43,1,07信義區,信義區市民大道5段與光復南路口,1,0,1,3,,8,7,5,40,5,1,1,5,4,5,13,1,1,1,4,5,2,16,3,0,,,,,,,,,,,,67,,1,,121.5578066,25.0450065
113,7,18,8,44,2,12內湖區,內湖區康寧路3段189巷12弄與康寧路3段189巷口,0,0,2,1,C03,8,6,6,30,4,1,1,5,4,5,13,4,4,10,5,5,2,3,2,66,2,9,5,1,7,9,1,10,1,11,,70,,1,22,121.6126133,25.0702777
113,7,18,8,44,2,12內湖區,內湖區康寧路3段189巷12弄與康寧路3段189巷口,0,0,2,2,H01,8,6,6,30,4,1,1,5,4,5,13,4,4,10,5,5,2,3,2,27,2,9,4,5,8,16,8,20,10,16,,67,,1,22,121.6126133,25.0702777
113,7,18,8,46,2,08士林區,士林區承德路4段80巷與劍潭路口,0,0,1,1,B03,8,6,5,30,4,1,1,5,4,5,13,4,4,10,5,5,2,17,1,51,3,10,3,4,7,5,6,8,11,7,,99,,1,21,121.5214157,25.0834875
113,7,18,8,46,2,08士林區,士林區承德路4段80巷與劍潭路口,0,0,1,2,F01,8,6,5,30,4,1,1,5,4,5,13,4,4,10,5,5,2,17,2,90,2,9,4,1,7,9,8,20,9,11,,88,,1,22,121.5214157,25.0834875
113,7,18,8,51,2,03中山區,中山區建國北路3段與松江路口,0,0,1,1,B03,8,6,5,50,4,1,1,5,4,5,13,1,1,1,4,5,2,16,2,32,3,10,3,4,7,6,1,8,1,2,,9,,1,22,121.533003,25.0677485
113,7,18,8,51,2,03中山區,中山區建國北路3段與松江路口,0,0,1,2,C03,8,6,5,50,4,1,1,5,4,5,13,1,1,1,4,5,2,16,1,27,2,9,6,1,7,9,1,10,1,14,,108,,1,22,121.533003,25.0677485
113,7,18,8,53,2,02萬華區,萬華區康定路與貴陽街2段口,0,0,1,1,B03,8,6,5,50,4,2,1,5,4,5,13,2,1,5,4,5,1,17,1,31,3,10,3,4,7,5,1,8,2,1,,108,,1,22,121.5027924,25.04005432
113,7,18,8,53,2,02萬華區,萬華區康定路與貴陽街2段口,0,0,1,2,F01,8,6,5,50,4,2,1,5,4,5,13,2,1,5,4,5,1,17,1,68,2,1,3,4,7,9,8,20,1,14,,42,,1,22,121.5027924,25.04005432
113,7,18,8,56,2,03中山區,中山區新生北路3段48號,0,0,2,1,C03,8,7,5,50,14,9,1,5,4,5,13,4,4,1,4,5,2,3,1,37,2,9,5,1,7,9,1,10,2,11,,44,,1,21,121.527584,25.06444874
113,7,18,8,56,2,03中山區,中山區新生北路3段48號,0,0,2,2,H01,8,7,5,50,14,9,1,5,4,5,13,4,4,1,4,5,2,3,2,55,2,9,4,5,8,16,8,20,10,16,,121,,1,21,121.527584,25.06444874
113,7,18,9,0,2,05中正區,中正區徐州路2-3號,0,0,1,1,B03,8,6,5,50,14,7,1,5,4,5,13,4,4,5,4,4,2,17,1,42,3,10,7,1,7,11,1,8,2,8,,10,,1,22,121.5217602,25.0411221
113,7,18,9,0,2,05中正區,中正區徐州路2-3號,0,0,1,2,C03,8,6,5,50,14,7,1,5,4,5,13,4,4,5,4,4,2,17,1,32,2,9,5,1,7,9,1,10,2,12,,44,,1,22,121.5217602,25.0411221
113,7,18,9,33,2,02萬華區,萬華區萬大路449巷與萬大路449巷28弄口,0,0,2,1,C03,8,6,5,30,4,1,1,5,4,5,13,4,4,10,5,5,2,17,1,62,2,8,6,1,7,9,1,10,1,12,,75,,1,21,121.4992969,25.02042111
113,7,18,9,33,2,02萬華區,萬華區萬大路449巷與萬大路449巷28弄口,0,0,2,2,C03,8,6,5,30,4,1,1,5,4,5,13,4,4,10,5,5,2,17,1,52,2,8,6,1,7,9,1,10,1,11,,14,,1,21,121.4992969,25.02042111
113,7,18,9,33,2,12內湖區,內湖區成功路4段與成功路4段324巷口,0,0,1,1,B12,8,7,5,50,4,1,1,5,4,5,13,1,1,1,4,4,2,12,1,37,3,10,7,1,7,11,6,8,1,7,,103,,1,21,121.5987303,25.0847261
113,7,18,9,33,2,12內湖區,內湖區成功路4段與成功路4段324巷口,0,0,1,2,C03,8,7,5,50,4,1,1,5,4,5,13,1,1,1,4,4,2,12,2,24,2,9,5,1,7,10,1,10,1,11,,44,,1,21,121.5987303,25.0847261
113,7,18,10,3,2,03中山區,中山區民族東路12號,0,0,2,1,C03,8,6,5,50,14,9,1,5,4,5,13,4,4,10,3,5,1,17,2,20,2,9,5,1,7,9,1,10,1,11,,44,,1,21,121.5241131,25.0684894
113,7,18,10,3,2,03中山區,中山區民族東路12號,0,0,2,2,C03,8,6,5,50,14,9,1,5,4,5,13,4,4,10,3,5,1,17,2,68,2,9,5,1,7,6,1,10,1,11,,9,,1,21,121.5241131,25.0684894
113,7,18,10,3,2,03中山區,中山區建國北路2段與長春路口,0,0,2,1,C03,8,7,5,50,4,2,1,5,4,5,13,1,1,1,4,5,2,13,2,43,2,9,5,1,7,9,1,10,1,11,,16,,1,22,121.5372532,25.05466967
113,7,18,10,3,2,03中山區,中山區建國北路2段與長春路口,0,0,2,2,C03,8,7,5,50,4,2,1,5,4,5,13,1,1,1,4,5,2,13,1,52,2,9,5,1,7,9,1,10,1,13,,44,,1,22,121.5372532,25.05466967
113,7,18,10,3,2,10文山區,文山區萬芳路18號,0,0,2,1,C03,8,7,5,50,14,9,1,4,4,5,13,4,4,5,4,5,2,13,1,64,2,8,5,1,7,9,1,10,1,11,,16,,1,21,121.5706637,24.9958688
113,7,18,10,3,2,10文山區,文山區萬芳路18號,0,0,2,2,C03,8,7,5,50,14,9,1,4,4,5,13,4,4,5,4,5,2,13,2,22,2,7,6,1,7,12,1,10,1,13,,44,,1,21,121.5706637,24.9958688
113,7,18,10,3,2,10文山區,文山區萬芳路18號,0,0,2,3,H03,8,7,5,50,14,9,1,4,4,5,13,4,4,5,4,5,2,13,1,39,3,10,4,5,8,17,8,20,10,16,,60,,1,21,121.5706637,24.9958688
113,7,18,10,4,2,04大安區,大安區和平東路2段與復興南路2段口,0,0,1,1,A04,8,6,5,50,4,2,1,5,4,5,13,1,1,1,3,5,2,9,1,49,3,10,7,1,7,9,1,2,2,17,,118,,1,21,121.543655,25.0249215
113,7,18,10,4,2,04大安區,大安區和平東路2段與復興南路2段口,0,0,1,2,H02,8,6,5,50,4,2,1,5,4,5,13,1,1,1,3,5,2,9,2,80,2,9,4,5,7,20,8,20,10,17,,67,,1,21,121.543655,25.0249215
113,7,18,10,20,2,12內湖區,內湖區潭美街東向西,0,0,1,1,B01,8,6,5,40,14,9,1,5,4,5,13,4,4,5,4,5,1,17,1,62,3,10,7,1,7,11,1,4,1,4,,10,,1,21,121.6078106,25.06286159
113,7,18,10,20,2,12內湖區,內湖區潭美街東向西,0,0,1,2,C03,8,6,5,40,14,9,1,5,4,5,13,4,4,5,4,5,1,17,1,19,2,9,6,1,7,9,1,10,1,11,,13,,1,21,121.6078106,25.06286159
113,7,18,10,35,2,01大同區,大同區鄭州路與西寧北路口,0,0,1,1,B03,8,5,5,40,3,2,1,5,4,5,13,2,1,1,4,5,2,9,2,45,3,10,3,4,7,6,1,8,2,1,,42,,1,21,121.5083438,25.0503932
113,7,18,10,35,2,01大同區,大同區鄭州路與西寧北路口,0,0,1,2,H01,8,5,5,40,3,2,1,5,4,5,13,2,1,1,4,5,2,9,1,45,2,7,4,5,8,16,8,20,10,16,,60,,1,21,121.5083438,25.0503932
113,7,18,10,38,2,08士林區,士林區承德路5段與士商路口,0,0,2,1,B03,8,6,8,40,4,2,1,5,4,5,13,2,1,1,4,4,1,17,1,37,3,10,7,1,7,6,1,8,2,5,,9,,1,21,121.5144266,25.09602629
113,7,18,10,38,2,08士林區,士林區承德路5段與士商路口,0,0,2,2,C03,8,6,8,40,4,2,1,5,4,5,13,2,1,1,4,4,1,17,2,51,2,9,5,1,7,9,1,10,2,11,,13,,1,21,121.5144266,25.09602629
113,7,18,10,38,2,08士林區,士林區承德路5段與士商路口,0,0,2,3,H02,8,6,8,40,4,2,1,5,4,5,13,2,1,1,4,4,1,17,1,27,2,9,5,5,7,20,8,20,10,16,,67,,1,21,121.5144266,25.09602629
113,7,18,11,2,2,10文山區,文山區指南路1段與指南路1段96巷口,0,0,1,1,B03,8,6,5,50,4,1,1,5,4,5,13,4,4,10,5,5,2,16,1,72,3,10,7,1,7,5,1,8,2,2,,8,,1,21,121.5711884,24.9876402
113,7,18,11,2,2,10文山區,文山區指南路1段與指南路1段96巷口,0,0,1,2,C03,8,6,5,50,4,1,1,5,4,5,13,4,4,10,5,5,2,16,2,49,2,9,6,1,7,9,1,10,2,11,14,44,,1,21,121.5711884,24.9876402
113,7,18,11,10,2,09北投區,北投區大度路1段與大度路2段口,0,0,1,1,D03,8,6,5,50,4,1,1,5,4,5,13,2,1,1,4,4,1,16,1,28,3,10,7,1,7,6,1,14,2,5,,9,,1,21,121.4858524,25.1218007
113,7,18,11,10,2,09北投區,北投區大度路1段與大度路2段口,0,0,1,2,C03,8,6,5,50,4,1,1,5,4,5,13,2,1,1,4,4,1,16,2,22,2,9,5,1,7,9,1,10,2,11,,13,,1,21,121.4858524,25.1218007
113,7,18,11,45,2,12內湖區,內湖區瑞光路7巷與瑞光路口,0,0,2,1,C03,8,7,5,50,3,1,1,5,4,5,13,4,4,5,4,5,2,13,1,22,2,9,5,1,7,9,1,10,1,11,,16,,1,21,121.5838791,25.06928767
113,7,18,11,45,2,12內湖區,內湖區瑞光路7巷與瑞光路口,0,0,2,2,C03,8,7,5,50,3,1,1,5,4,5,13,4,4,5,4,5,2,13,1,39,2,8,5,1,7,5,1,10,1,13,,27,,1,21,121.5838791,25.06928767
113,7,18,11,52,2,08士林區,士林區重慶北路4段與百齡橋口上機車專用道,0,0,2,1,C03,8,7,5,50,8,11,1,5,4,5,13,4,4,10,3,5,1,12,2,65,2,8,5,1,7,9,1,10,2,14,,5,,1,22,121.512036,25.0878728
113,7,18,11,52,2,08士林區,士林區重慶北路4段與百齡橋口上機車專用道,0,0,2,2,C03,8,7,5,50,8,11,1,5,4,5,13,4,4,10,3,5,1,12,1,26,2,7,5,1,7,9,1,10,2,17,,80,,1,22,121.512036,25.0878728
113,7,18,12,33,2,05中正區,中正區汀州路1段與泉州街20巷口,0,0,1,1,C03,8,6,5,30,3,2,1,5,4,5,13,4,4,5,4,5,2,16,2,69,2,9,5,1,7,6,1,10,2,14,,72,,1,21,121.5118206,25.02672086
113,7,18,12,33,2,05中正區,中正區汀州路1段與泉州街20巷口,0,0,1,2,B03,8,6,5,30,3,2,1,5,4,5,13,4,4,5,4,5,2,16,1,21,3,10,7,1,7,9,1,8,2,2,,44,,1,21,121.5118206,25.02672086
113,7,18,12,33,2,05中正區,中正區汀州路1段與泉州街20巷口,0,0,1,3,B12,8,6,5,30,3,2,1,5,4,5,13,4,4,5,4,5,2,16,1,40,3,10,7,1,7,14,1,8,1,17,,38,,1,21,121.5118206,25.02672086
113,7,18,12,55,2,05中正區,中正區承德路1段台北車站西側地上停車場機車出口,0,0,2,2,B01,8,6,5,30,14,9,1,5,4,5,13,4,4,10,4,5,2,17,1,66,3,10,7,1,7,9,1,4,1,8,,44,,1,22,121.5155347,25.04857505
113,7,18,12,55,2,05中正區,中正區承德路1段台北車站西側地上停車場機車出口,0,0,2,3,H02,8,6,5,30,14,9,1,5,4,5,13,4,4,10,4,5,2,17,2,21,2,8,5,5,7,20,8,20,10,16,,67,,1,22,121.5155347,25.04857505
113,7,18,12,55,2,05中正區,中正區承德路1段台北車站西側地上停車場機車出口,0,0,2,1,C03,8,6,5,30,14,9,1,5,4,5,13,4,4,10,4,5,2,17,1,21,2,8,5,1,7,1,1,10,1,12,,19,,1,22,121.5155347,25.04857505
113,7,18,13,0,2,12內湖區,內湖區文德路22巷與文德路22巷53弄口,0,0,1,1,C03,8,6,5,30,4,1,1,5,4,4,8,4,4,10,5,5,1,17,2,31,2,9,5,1,7,9,1,10,1,11,,75,,1,22,121.5804999,25.07584389
113,7,18,13,0,2,12內湖區,內湖區文德路22巷與文德路22巷53弄口,0,0,1,2,B01,8,6,5,30,4,1,1,5,4,4,8,4,4,10,5,5,1,17,1,58,3,10,7,1,7,9,1,4,1,4,,14,,1,21,121.5804999,25.07584389
113,7,18,13,14,2,03中山區,中山區林森北路446號,0,0,1,1,B03,8,7,5,50,14,9,1,5,4,5,13,4,4,9,4,5,2,16,1,52,3,10,7,1,7,1,1,8,2,5,,19,,1,21,121.5256161,25.0606957
113,7,18,13,14,2,03中山區,中山區林森北路446號,0,0,1,2,C03,8,7,5,50,14,9,1,5,4,5,13,4,4,9,4,5,2,16,2,45,2,9,5,1,7,9,1,10,1,15,,44,,1,21,121.5256161,25.0606957
113,7,18,13,38,2,09北投區,北投區中央北路4段與中央北路4段515巷口,0,0,2,1,C03,8,5,5,50,3,18,1,5,4,5,13,2,1,9,4,5,1,3,1,22,2,8,5,1,7,9,1,10,2,11,,70,,1,21,121.4683173,25.1281251
113,7,18,13,38,2,09北投區,北投區中央北路4段與中央北路4段515巷口,0,0,2,2,H01,8,5,5,50,3,18,1,5,4,5,13,2,1,9,4,5,1,3,2,13,2,8,4,5,8,16,8,20,10,16,,122,,1,21,121.4683173,25.1281251
113,7,18,13,38,2,12內湖區,內湖區民權東路6段11巷與民權東路6段口,0,0,1,1,B03,8,7,5,50,4,2,1,5,4,5,13,2,1,1,4,5,2,11,1,72,3,10,3,4,7,8,1,8,11,2,,108,,2,22,121.5839077,25.06927859
113,7,18,13,38,2,12內湖區,內湖區民權東路6段11巷與民權東路6段口,0,0,1,2,C03,8,7,5,50,4,2,1,5,4,5,13,2,1,1,4,5,2,11,1,38,2,9,5,1,7,9,1,10,1,14,,44,,1,21,121.5839077,25.06927859
113,7,18,13,39,2,04大安區,大安區延吉街與延吉街70巷口,0,0,1,1,C03,8,7,5,30,4,18,1,5,4,5,13,1,1,8,3,5,2,3,1,46,3,10,5,1,7,6,1,10,1,12,,70,,1,21,121.5541756,25.0425241
113,7,18,13,39,2,04大安區,大安區延吉街與延吉街70巷口,0,0,1,2,H01,8,7,5,30,4,18,1,5,4,5,13,1,1,8,3,5,2,3,1,36,2,8,4,5,8,16,8,20,10,16,,67,,1,21,121.5541756,25.0425241
113,7,18,13,46,2,04大安區,大安區通化街180巷與通化街口,0,0,1,1,C03,8,6,5,30,4,1,1,5,4,5,13,4,4,10,5,5,2,15,1,32,3,10,6,1,7,9,1,10,1,12,,44,,1,21,121.5534088,25.0273323
113,7,18,13,46,2,04大安區,大安區通化街180巷與通化街口,0,0,1,2,C03,8,6,5,30,4,1,1,5,4,5,13,4,4,10,5,5,2,15,1,28,2,8,6,1,7,9,1,10,1,11,,44,,1,21,121.5534088,25.0273323
113,7,18,13,53,2,03中山區,中山區北安路與敬業四路口,0,0,1,1,C03,8,7,5,50,3,2,1,5,4,5,13,1,1,1,4,5,2,13,1,48,2,8,5,1,7,9,1,10,1,11,,108,,1,21,121.558297,25.0846427
113,7,18,13,53,2,03中山區,中山區北安路與敬業四路口,0,0,1,2,C03,8,7,5,50,3,2,1,5,4,5,13,1,1,1,4,5,2,13,1,21,3,10,5,1,7,14,1,10,1,13,,44,,1,21,121.558297,25.0846427
113,7,18,13,54,2,05中正區,中正區金山南路1段與臨沂街8巷口,0,0,1,1,B13,8,6,5,30,3,1,1,5,4,5,13,4,4,10,5,5,2,15,1,47,3,10,7,1,7,15,1,8,2,8,,72,,1,21,121.5297648,25.0423708
113,7,18,13,54,2,05中正區,中正區金山南路1段與臨沂街8巷口,0,0,1,2,C03,8,6,5,30,3,1,1,5,4,5,13,4,4,10,5,5,2,15,2,27,2,9,6,1,7,15,1,9,2,12,,44,,1,21,121.5297648,25.0423708
113,7,18,13,54,2,05中正區,中正區金山南路1段與臨沂街8巷口,0,0,1,3,B03,8,6,5,30,3,1,1,5,4,5,13,4,4,10,5,5,2,15,1,52,3,10,7,1,7,14,1,8,2,2,,44,,1,21,121.5297648,25.0423708
113,7,18,14,2,2,04大安區,大安區市民大道4段70號,0,0,2,1,C03,8,6,5,40,14,9,1,5,4,5,13,4,4,1,4,5,1,13,1,20,2,9,3,4,7,9,1,9,1,11,,16,,1,21,121.5474714,25.0448893
113,7,18,14,2,2,04大安區,大安區市民大道4段70號,0,0,2,2,C03,8,6,5,40,14,9,1,5,4,5,13,4,4,1,4,5,1,13,1,52,2,9,3,4,7,9,1,10,1,13,,44,,1,21,121.5474714,25.0448893
113,7,18,14,5,2,01大同區,大同區敦煌路80巷與哈密街23巷口,0,0,1,1,C03,8,6,5,30,4,1,1,5,4,5,13,4,4,10,5,5,2,15,1,63,2,9,6,4,7,9,1,10,1,11,,72,,1,22,121.5173177,25.0746453
113,7,18,14,5,2,01大同區,大同區敦煌路80巷與哈密街23巷口,0,0,1,2,B03,8,6,5,30,4,1,1,5,4,5,13,4,4,10,5,5,2,15,1,69,3,10,3,4,7,9,1,8,1,4,,14,,1,22,121.5173177,25.0746453
113,7,18,14,28,2,06松山區,松山區民生東路5段240號,0,0,2,1,F01,8,6,5,0,22,20,4,5,4,5,13,4,4,10,5,5,2,12,1,12,2,8,4,1,7,9,8,20,1,12,,108,,2,22,121.5664721,25.05906418
113,7,18,14,28,2,06松山區,松山區民生東路5段240號,0,0,2,2,F01,8,6,5,0,22,20,4,5,4,5,13,4,4,10,5,5,2,12,2,80,2,9,4,1,7,9,8,20,1,14,,44,,1,21,121.5664721,25.05906418
113,7,18,14,44,2,05中正區,中正區金華街與杭州南路2段口口,0,0,1,1,C03,8,6,5,50,4,1,1,5,4,5,13,1,1,5,5,5,1,17,1,34,2,8,6,1,7,5,1,9,1,11,,80,,1,21,121.5218904,25.0311613
113,7,18,14,44,2,05中正區,中正區金華街與杭州南路2段口口,0,0,1,2,B03,8,6,5,50,4,1,1,5,4,5,13,1,1,5,5,5,1,17,1,38,3,10,7,1,7,9,1,8,1,5,,44,,1,21,121.5218904,25.0311613
113,7,18,14,44,2,05中正區,中正區金華街與杭州南路2段口口,0,0,1,3,H02,8,6,5,50,4,1,1,5,4,5,13,1,1,5,5,5,1,17,2,19,4,11,6,5,7,20,8,20,10,16,,67,,1,21,121.5218904,25.0311613
113,7,18,15,56,2,06松山區,松山區寶清街29號,0,0,2,1,H01,8,6,5,0,14,9,1,5,4,5,13,4,4,8,5,5,2,3,1,61,2,9,4,5,8,16,8,20,10,16,,121,,1,22,121.5676175,25.0533826
113,7,18,15,56,2,06松山區,松山區寶清街29號,0,0,2,2,C03,8,6,5,0,14,9,1,5,4,5,13,4,4,8,5,5,2,3,1,33,2,9,6,1,7,9,1,10,1,11,,44,,1,22,121.5676175,25.0533826
113,7,18,15,56,2,06松山區,松山區寶清街29號,0,0,2,3,B03,8,6,5,0,14,9,1,5,4,5,13,4,4,8,5,5,2,3,1,61,3,10,3,4,7,14,1,8,11,17,,38,,1,22,121.5676175,25.0533826
113,7,18,16,6,2,08士林區,士林區福華路與雙溪街口,0,0,1,1,B03,8,7,5,50,3,2,1,5,4,5,13,4,4,9,4,5,1,17,1,57,3,10,7,1,7,5,1,8,1,1,,8,,1,21,121.5237714,25.09991545
113,7,18,16,6,2,08士林區,士林區福華路與雙溪街口,0,0,1,2,C03,8,7,5,50,3,2,1,5,4,5,13,4,4,9,4,5,1,17,2,40,2,9,6,1,7,6,1,10,1,11,,27,,1,21,121.5237714,25.09991545