發生年度,發生月,發生日,發生時-Hours,發生分,處理別-編號,區序,肇事地點,死亡人數,2-30日死亡人數,受傷人數,當事人序號,車種,天候,道路照明設備,道路類別,速限-速度限制,道路型態,事故位置,路面狀況1,路面狀況2,路面狀況3,道路障礙1,道路障礙2,號誌1,號誌2,車道劃分-分向,車道劃分-分道1,車道劃分-分道2,車道劃分-分道3,事故類型及型態,性別,年齡,受傷程度,主要傷處,保護裝置,行動電話,車輛用途,當事者行動狀態,駕駛資格情形,駕駛執照種類,飲酒情形,車輛撞擊部位1,車輛撞擊部位2,肇因碼-個別,肇因碼-主要,個人肇逃否,職業,座標-X,座標-Y
113,7,18,16,10,2,03中山區,中山區松江路76號,0,0,1,1,B03,8,7,5,50,14,9,1,5,4,5,13,4,4,1,4,5,2,12,2,57,3,10,7,1,7,1,1,8,1,7,,19,,1,22,121.5183568,25.04847309
113,7,18,16,10,2,03中山區,中山區松江路76號,0,0,1,2,C03,8,7,5,50,14,9,1,5,4,5,13,4,4,1,4,5,2,12,1,29,2,9,5,1,7,9,1,10,1,11,,44,,1,22,121.5183568,25.04847309
113,7,18,16,25,2,04大安區,大安區和平東路2段與復興南路2段口,0,0,1,1,C03,8,6,5,50,4,1,1,5,4,5,13,1,1,9,4,5,1,17,1,44,2,8,3,4,7,7,1,10,1,13,,100,,1,21,121.5436884,25.0249189
113,7,18,16,25,2,04大安區,大安區和平東路2段與復興南路2段口,0,0,1,2,B01,8,6,5,50,4,1,1,5,4,5,13,1,1,9,4,5,1,17,1,63,3,10,3,4,7,9,1,4,1,1,,44,,1,21,121.5436884,25.0249189
113,7,18,16,40,2,07信義區,信義區忠孝東路5段71巷與永吉路30巷158弄口,0,0,2,1,C03,8,6,5,30,4,1,1,5,4,5,13,4,4,10,5,5,1,15,1,45,2,8,3,4,7,9,1,10,1,12,,72,,1,21,121.5673481,25.0423865
113,7,18,16,40,2,07信義區,信義區忠孝東路5段71巷與永吉路30巷158弄口,0,0,2,2,C03,8,6,5,30,4,1,1,5,4,5,13,4,4,10,5,5,1,15,2,31,2,8,3,4,7,9,1,10,1,11,,14,,1,21,121.5673481,25.0423865
113,7,18,16,44,2,01大同區,大同區民權西路與蘭州街口,0,0,1,1,C03,8,6,5,50,4,1,1,5,4,5,13,1,1,1,2,5,2,17,1,26,3,10,6,1,7,5,1,10,2,15,,80,,1,21,121.5147559,25.0629126
113,7,18,16,44,2,01大同區,大同區民權西路與蘭州街口,0,0,1,2,C03,8,6,5,50,4,1,1,5,4,5,13,1,1,1,2,5,2,17,1,36,2,9,6,1,7,9,1,10,2,15,,44,,1,21,121.5147559,25.0629126
113,7,18,17,28,2,03中山區,中山區民權東路2段與建國北路3段口,0,0,1,1,C03,8,7,5,50,4,2,1,5,4,5,13,1,1,5,4,5,2,13,1,49,3,10,5,1,7,9,1,10,1,14,,16,,1,22,121.5369783,25.0625076
113,7,18,17,28,2,03中山區,中山區民權東路2段與建國北路3段口,0,0,1,2,C03,8,7,5,50,4,2,1,5,4,5,13,1,1,5,4,5,2,13,2,43,2,9,5,1,7,9,1,10,1,12,,44,,1,22,121.5369783,25.0625076
113,7,18,17,40,2,12內湖區,內湖區民權東路6段56巷與民權東路6段90巷16弄口,0,0,2,1,C03,8,7,5,50,3,1,1,5,4,5,13,4,4,5,5,4,2,16,1,63,2,9,5,1,7,5,1,10,1,11,,74,,1,21,121.5851242,25.06790018
113,7,18,17,40,2,12內湖區,內湖區民權東路6段56巷與民權東路6段90巷16弄口,0,0,2,2,C03,8,7,5,50,3,1,1,5,4,5,13,4,4,5,5,4,2,16,2,32,2,9,5,1,7,9,1,10,1,11,,14,,1,21,121.5851242,25.06790018
113,7,18,17,41,2,04大安區,大安區和平東路1段141巷與和平東路1段口,0,0,1,1,B02,8,7,5,50,4,2,1,5,4,5,13,2,1,8,3,4,1,17,1,29,3,10,7,1,7,11,1,8,1,5,,10,,1,21,121.5302378,25.0265254
113,7,18,17,41,2,04大安區,大安區和平東路1段141巷與和平東路1段口,0,0,1,2,C03,8,7,5,50,4,2,1,5,4,5,13,2,1,8,3,4,1,17,2,29,2,8,5,1,7,9,1,10,1,14,,44,,1,26,121.5302378,25.0265254
113,7,18,17,42,1,08士林區,士林區中山北路5段699巷與中山北路5段口,1,0,0,1,C03,8,6,5,50,4,1,1,5,4,5,13,2,1,1,4,5,1,16,1,61,1,9,6,1,7,5,3,18,9,14,,98,,1,21,121.5273668,25.0977681
113,7,18,17,42,1,08士林區,士林區中山北路5段699巷與中山北路5段口,1,0,0,2,B03,8,6,5,50,4,1,1,5,4,5,13,2,1,1,4,5,1,16,1,74,3,10,7,1,7,9,1,8,2,1,,44,,1,21,121.5273668,25.0977681
113,7,18,17,43,2,01大同區,大同區錦西街84號,0,0,2,1,C03,8,5,5,50,14,9,1,5,4,5,13,3,1,9,4,5,2,11,1,39,2,8,5,1,7,15,1,10,1,12,,80,,1,22,121.5190188,25.0602093
113,7,18,17,43,2,01大同區,大同區錦西街84號,0,0,2,2,C03,8,5,5,50,14,9,1,5,4,5,13,3,1,9,4,5,2,11,2,30,2,8,5,1,7,15,1,10,1,11,,16,,1,22,121.5190188,25.0602093
113,7,18,17,45,2,01大同區,大同區民權西路與大龍街口,0,0,4,1,C03,8,6,5,50,4,2,1,5,4,5,13,2,1,1,4,5,2,17,2,41,2,9,5,1,7,9,1,10,1,13,,101,,1,22,121.5161512,25.0630645
113,7,18,17,45,2,01大同區,大同區民權西路與大龍街口,0,0,4,2,C03,8,6,5,50,4,2,1,5,4,5,13,2,1,1,4,5,2,17,1,19,2,9,5,1,7,10,1,10,1,14,,44,,1,22,121.5161512,25.0630645
113,7,18,17,45,2,01大同區,大同區民權西路與大龍街口,0,0,4,3,C03,8,6,5,50,4,2,1,5,4,5,13,2,1,1,4,5,2,17,2,39,2,9,5,1,7,9,1,10,1,14,,44,,1,22,121.5161512,25.0630645
113,7,18,17,45,2,01大同區,大同區民權西路與大龍街口,0,0,4,4,C03,8,6,5,50,4,2,1,5,4,5,13,2,1,1,4,5,2,17,2,48,2,9,5,1,7,9,1,10,1,12,,44,,1,22,121.5161512,25.0630645
113,7,18,17,45,2,01大同區,大同區民權西路與大龍街口,0,0,4,5,C03,8,6,5,50,4,2,1,5,4,5,13,2,1,1,4,5,2,17,1,24,3,10,5,1,7,9,1,10,1,11,,44,,1,22,121.5161512,25.0630645
113,7,18,17,48,2,02萬華區,萬華區西藏路201號萬華國中地下停車場出入口,0,0,1,1,B03,8,7,8,50,22,22,1,5,4,5,13,4,4,9,5,5,2,9,1,47,4,11,3,4,7,1,1,8,11,2,,70,,2,22,121.4999617,25.029222
113,7,18,17,48,2,02萬華區,萬華區西藏路201號萬華國中地下停車場出入口,0,0,1,2,H01,8,7,8,50,22,22,1,5,4,5,13,4,4,9,5,5,2,9,2,39,2,9,4,5,8,16,8,20,10,16,,67,,1,21,121.4999617,25.029222
113,7,18,17,53,2,02萬華區,萬華區西藏路201號,0,0,1,1,B03,8,5,5,50,14,9,1,5,4,5,13,4,4,1,4,5,2,17,1,35,3,10,7,4,7,6,1,8,1,5,,9,,1,21,121.4996398,25.0292699
113,7,18,17,53,2,02萬華區,萬華區西藏路201號,0,0,1,2,C03,8,5,5,50,14,9,1,5,4,5,13,4,4,1,4,5,2,17,1,59,2,8,5,4,7,9,1,10,1,11,,108,,1,21,121.4996398,25.0292699
113,7,18,17,58,2,01大同區,大同區民生西路與雙連街口,0,0,1,1,C03,8,6,5,50,3,1,1,5,4,5,13,1,1,5,4,5,2,17,2,32,3,10,6,1,7,6,1,10,2,12,,9,,1,21,121.5191895,25.0575351
113,7,18,17,58,2,01大同區,大同區民生西路與雙連街口,0,0,1,2,C03,8,6,5,50,3,1,1,5,4,5,13,1,1,5,4,5,2,17,2,21,2,8,6,1,7,9,1,10,2,14,,44,,1,21,121.5191895,25.0575351
113,7,18,18,19,2,12內湖區,內湖區民善街與新湖二路口,0,0,1,1,C03,8,7,8,50,4,2,1,5,4,5,13,2,1,5,4,5,2,12,1,63,2,8,5,1,7,8,1,10,2,14,,100,,1,21,121.575319,25.0606089
113,7,18,18,19,2,12內湖區,內湖區民善街與新湖二路口,0,0,1,2,B03,8,7,8,50,4,2,1,5,4,5,13,2,1,5,4,5,2,12,2,44,3,10,7,1,7,9,1,8,2,5,,44,,1,21,121.575319,25.0606089
113,7,18,18,20,2,05中正區,中正區泉州街與南海路口,0,0,2,1,C03,8,7,5,50,3,1,1,5,4,5,13,1,1,10,4,4,2,16,1,25,2,8,5,4,7,9,1,10,1,12,,44,,1,21,121.5136735,25.0316849
113,7,18,18,20,2,05中正區,中正區泉州街與南海路口,0,0,2,2,C03,8,7,5,50,3,1,1,5,4,5,13,1,1,10,4,4,2,16,1,29,2,9,5,4,7,5,1,10,1,14,,44,,1,21,121.5136735,25.0316849
113,7,18,18,22,2,10文山區,文山區溪口街55巷與溪口街55巷1弄口,0,0,1,1,C03,8,6,5,30,3,1,1,5,4,5,13,4,4,10,5,5,2,17,1,43,3,10,6,1,7,6,1,10,11,17,,27,,1,21,121.5395258,24.9946518
113,7,18,18,22,2,10文山區,文山區溪口街55巷與溪口街55巷1弄口,0,0,1,2,C03,8,6,5,30,3,1,1,5,4,5,13,4,4,10,5,5,2,17,1,44,3,10,6,1,7,6,1,10,11,17,,44,,1,21,121.5395258,24.9946518
113,7,18,18,22,2,10文山區,文山區溪口街55巷與溪口街55巷1弄口,0,0,1,3,F01,8,6,5,30,3,1,1,5,4,5,13,4,4,10,5,5,2,17,2,64,2,9,4,1,7,5,8,20,11,11,,108,,1,21,121.5395258,24.9946518
113,7,18,18,22,2,10文山區,文山區溪口街55巷與溪口街55巷1弄口,0,0,1,4,B12,8,6,5,30,3,1,1,5,4,5,13,4,4,10,5,5,2,17,2,30,3,10,3,1,7,13,1,8,11,3,,44,,1,21,121.5395258,24.9946518
113,7,18,18,30,2,10文山區,文山區新光路2段與新光路2段口圓環,0,0,1,1,B01,8,5,5,50,3,2,1,5,4,5,13,3,1,9,4,5,1,13,1,68,3,10,7,1,7,9,1,4,1,1,,16,,1,21,121.5832791,25.0005783
113,7,18,18,30,2,10文山區,文山區新光路2段與新光路2段口圓環,0,0,1,2,C03,8,5,5,50,3,2,1,5,4,5,13,3,1,9,4,5,1,13,2,64,2,9,5,1,7,14,1,10,1,13,,44,,1,21,121.5832791,25.0005783
113,7,18,18,36,2,05中正區,中正區重慶南路3段與詔安街口,0,0,1,1,C03,8,6,5,30,3,2,1,5,4,5,13,1,1,1,4,5,2,17,1,54,3,10,5,1,7,6,1,10,1,14,,72,,1,21,121.5164207,25.0251963
113,7,18,18,36,2,05中正區,中正區重慶南路3段與詔安街口,0,0,1,2,C03,8,6,5,30,3,2,1,5,4,5,13,1,1,1,4,5,2,17,1,24,2,9,5,1,7,9,1,10,1,12,,13,,1,21,121.5164207,25.0251963
113,7,18,18,45,2,05中正區,中正區許昌街40號,0,0,1,1,C03,8,5,5,50,14,9,1,5,4,5,13,1,1,6,3,5,2,13,2,33,2,7,5,1,7,9,1,10,2,11,,107,,1,26,121.515361,25.0455401
113,7,18,18,45,2,05中正區,中正區許昌街40號,0,0,1,2,C03,8,5,5,50,14,9,1,5,4,5,13,1,1,6,3,5,2,13,1,37,3,10,5,1,7,15,1,10,2,13,,44,,1,26,121.515361,25.0455401
113,7,18,18,47,2,10文山區,文山區興隆路3段與萬芳路口,0,0,1,1,C03,8,6,5,30,4,1,1,5,4,5,13,2,1,5,5,5,2,13,1,46,2,9,6,1,7,9,1,10,1,11,,16,,1,21,121.5598842,24.9967464
113,7,18,18,47,2,10文山區,文山區興隆路3段與萬芳路口,0,0,1,2,B03,8,6,5,30,4,1,1,5,4,5,13,2,1,5,5,5,2,13,1,32,3,10,7,1,7,12,1,8,1,3,,14,,1,21,121.5598842,24.9967464
113,7,18,18,47,2,10文山區,文山區興隆路3段與萬芳路口,0,0,1,3,B03,8,6,5,30,4,1,1,5,4,5,13,2,1,5,5,5,2,13,1,32,3,10,7,1,7,5,1,8,11,17,,71,,1,21,121.5598842,24.9967464
113,7,18,19,6,2,02萬華區,萬華區環河南路2段149巷與大理街170巷口,0,0,1,1,B12,7,5,5,30,4,1,1,5,4,5,13,4,4,10,5,5,2,17,1,50,3,10,7,1,7,6,3,18,1,1,,80,,1,21,121.4935184,25.0335256
113,7,18,19,6,2,02萬華區,萬華區環河南路2段149巷與大理街170巷口,0,0,1,2,F01,7,5,5,30,4,1,1,5,4,5,13,4,4,10,5,5,2,17,1,76,2,9,4,1,7,9,8,20,1,12,14,27,,1,21,121.4935184,25.0335256
113,7,18,19,10,2,03中山區,中山區吉林路71號,0,0,1,1,B03,8,5,5,40,14,7,1,5,4,5,13,4,4,9,4,4,2,16,1,39,3,10,7,1,7,11,1,2,1,4,,103,,1,21,121.5301513,25.05424331
113,7,18,19,10,2,03中山區,中山區吉林路71號,0,0,1,2,C03,8,5,5,40,14,7,1,5,4,5,13,4,4,9,4,4,2,16,1,39,2,9,6,1,7,9,1,10,1,11,,44,,1,21,121.5301513,25.05424331
113,7,18,19,16,2,04大安區,大安區臥龍街與臥龍街43巷口,0,0,2,3,B01,7,5,5,30,4,1,1,5,4,5,13,4,4,9,4,5,2,15,1,62,3,10,7,4,7,14,1,4,11,17,,38,,1,21,121.5470559,25.0224893
113,7,18,19,16,2,04大安區,大安區臥龍街與臥龍街43巷口,0,0,2,1,C03,7,5,5,30,4,1,1,5,4,5,13,4,4,9,4,5,2,15,1,27,2,9,6,1,7,9,1,10,1,14,,72,,1,21,121.5470559,25.0224893
113,7,18,19,16,2,04大安區,大安區臥龍街與臥龍街43巷口,0,0,2,2,C03,7,5,5,30,4,1,1,5,4,5,13,4,4,9,4,5,2,15,2,26,2,9,6,1,7,9,1,10,1,11,,14,,1,21,121.5470559,25.0224893
113,7,18,19,24,2,07信義區,信義區永吉路278巷與永吉路200巷81弄口,0,0,2,2,C03,8,5,5,30,4,2,1,5,4,5,13,4,4,5,2,5,2,17,1,24,2,9,5,1,7,9,1,10,1,11,,13,,1,22,121.5741106,25.0434264
113,7,18,19,24,2,07信義區,信義區永吉路278巷與永吉路200巷81弄口,0,0,2,1,C03,8,5,5,30,4,2,1,5,4,5,13,4,4,5,2,5,2,17,2,49,2,8,6,1,7,9,1,10,1,14,,14,,1,22,121.5741106,25.0434264
113,7,18,21,35,2,05中正區,中正區福州街與福州街7巷口,0,0,3,1,C03,8,5,5,30,3,1,1,5,4,5,8,4,4,10,5,5,2,9,2,35,2,9,5,1,7,9,1,10,1,12,,42,,1,21,121.5199282,25.0296895
113,7,18,21,35,2,05中正區,中正區福州街與福州街7巷口,0,0,3,2,H01,8,5,5,30,3,1,1,5,4,5,8,4,4,10,5,5,2,9,1,14,2,9,4,5,8,18,8,20,10,16,,53,,1,15,121.5199282,25.0296895
113,7,18,21,35,2,05中正區,中正區福州街與福州街7巷口,0,0,3,3,H02,8,5,5,30,3,1,1,5,4,5,8,4,4,10,5,5,2,9,2,35,2,8,5,5,7,20,8,20,10,16,,67,,1,21,121.5199282,25.0296895
113,7,18,21,45,2,08士林區,士林區中山北路5段380號,0,0,1,1,C03,8,5,5,50,14,9,1,5,4,5,13,4,4,1,5,5,2,13,2,42,2,1,6,1,7,9,1,10,1,11,,16,,1,21,121.5275729,25.09027926
113,7,18,21,45,2,08士林區,士林區中山北路5段380號,0,0,1,2,C03,8,5,5,50,14,9,1,5,4,5,13,4,4,1,5,5,2,13,1,54,3,10,6,1,7,12,1,10,1,13,,44,,1,21,121.5275729,25.09027926
113,7,18,21,45,2,08士林區,士林區中山北路5段380號,0,0,1,3,B03,8,5,5,50,14,9,1,5,4,5,13,4,4,1,5,5,2,13,2,24,3,10,7,1,7,12,1,8,1,3,,44,,1,21,121.5275729,25.09027926
113,7,18,21,47,2,08士林區,士林區至善路2段與至善路2段25巷口,0,0,2,1,C03,8,5,5,40,4,1,1,5,4,5,13,1,1,1,4,4,2,13,1,21,2,9,6,4,7,12,1,10,2,13,,44,,1,21,121.5442693,25.0972676
113,7,18,21,47,2,08士林區,士林區至善路2段與至善路2段25巷口,0,0,2,2,C03,8,5,5,40,4,1,1,5,4,5,13,1,1,1,4,4,2,13,1,52,2,9,6,4,7,9,1,10,9,11,,16,,1,21,121.5442693,25.0972676
113,7,18,22,7,2,04大安區,大安區基隆路3段(004燈桿),0,0,1,1,C03,7,5,5,50,14,7,1,5,4,5,13,4,4,1,3,4,2,12,1,42,3,10,6,1,7,9,1,9,2,14,,118,,1,21,121.545898,25.01880797
113,7,18,22,7,2,04大安區,大安區基隆路3段(004燈桿),0,0,1,2,C04,7,5,5,50,14,7,1,5,4,5,13,4,4,1,3,4,2,12,1,31,2,8,6,1,7,9,1,9,2,12,,118,,1,21,121.545898,25.01880797
113,7,19,5,20,2,05中正區,中正區市民大道1段168號,0,0,1,1,B01,8,6,5,40,14,6,1,5,4,5,13,4,4,10,4,5,2,16,1,66,3,10,7,4,7,1,1,4,1,7,,19,,1,21,121.537509,25.0447598
113,7,19,5,20,2,05中正區,中正區市民大道1段168號,0,0,1,2,C03,8,6,5,40,14,6,1,5,4,5,13,4,4,10,4,5,2,16,1,30,2,9,6,4,7,9,1,10,1,11,,44,,1,22,121.537509,25.0447598
113,7,19,7,10,2,09北投區,北投區無名巷基隆河右岸自行車便道（7.5KM）,0,0,1,1,F01,8,6,8,30,22,23,1,5,4,5,13,4,4,9,5,5,1,17,1,67,3,10,4,1,7,15,8,20,2,17,,44,,1,21,121.5081245,25.0971402
113,7,19,7,10,2,09北投區,北投區無名巷基隆河右岸自行車便道（7.5KM）,0,0,1,2,F01,8,6,8,30,22,23,1,5,4,5,13,4,4,9,5,5,1,17,1,39,3,10,4,1,7,9,8,20,2,17,,44,,1,21,121.5081245,25.0971402
113,7,19,7,10,2,09北投區,北投區無名巷基隆河右岸自行車便道（7.5KM）,0,0,1,3,F01,8,6,8,30,22,23,1,5,4,5,13,4,4,9,5,5,1,17,1,21,3,10,4,1,7,9,8,20,2,17,,44,,1,21,121.5081245,25.0971402
113,7,19,7,10,2,09北投區,北投區無名巷基隆河右岸自行車便道（7.5KM）,0,0,1,4,F01,8,6,8,30,22,23,1,5,4,5,13,4,4,9,5,5,1,17,1,47,2,2,4,1,7,9,8,20,2,17,,16,,1,21,121.5081245,25.0971402
113,7,19,7,30,2,06松山區,松山區民權東路4段與敦化北路口,0,0,3,1,C03,8,6,5,50,4,1,1,5,4,5,13,2,1,3,4,5,2,12,1,32,2,9,6,1,7,9,1,10,1,11,,107,,1,21,121.5507266,25.06160871
113,7,19,7,30,2,06松山區,松山區民權東路4段與敦化北路口,0,0,3,2,C03,8,6,5,50,4,1,1,5,4,5,13,2,1,3,4,5,2,12,1,46,2,9,6,1,7,9,1,10,1,13,,101,,1,21,121.5507266,25.06160871
113,7,19,7,30,2,06松山區,松山區民權東路4段與敦化北路口,0,0,3,3,C03,8,6,5,50,4,1,1,5,4,5,13,2,1,3,4,5,2,12,1,46,2,9,6,1,7,9,1,10,1,11,,16,,1,21,121.5507266,25.06160871
113,7,19,7,30,2,07信義區,信義區忠孝東路5段與松山路口,0,0,2,1,C03,8,7,5,50,4,2,1,5,4,5,13,1,1,9,4,5,2,13,1,28,2,8,6,1,7,9,1,10,1,11,,16,,1,21,121.5779406,25.0405344
113,7,19,7,30,2,07信義區,信義區忠孝東路5段與松山路口,0,0,2,2,C03,8,7,5,50,4,2,1,5,4,5,13,1,1,9,4,5,2,13,2,54,2,7,6,1,7,9,1,10,1,13,,44,,1,21,121.5779406,25.0405344
113,7,19,7,35,2,11南港區,南港區忠孝東路7段276停車格,0,0,1,1,B03,8,5,5,40,14,8,1,5,4,5,13,4,4,1,3,4,2,17,1,52,3,10,3,4,7,1,1,8,2,8,,19,,1,21,121.5984616,25.0511985
113,7,19,7,35,2,11南港區,南港區忠孝東路7段276停車格,0,0,1,2,C03,8,5,5,40,14,8,1,5,4,5,13,4,4,1,3,4,2,17,2,48,2,9,3,4,7,9,1,10,2,11,,44,,1,21,121.5984616,25.0511985
113,7,19,7,37,2,07信義區,信義區基隆路2段12號,0,0,2,1,C03,7,7,5,50,14,9,1,5,4,5,13,1,1,1,4,5,2,13,1,36,2,8,5,1,7,9,1,10,1,11,,16,,1,21,121.5589892,25.0321573
113,7,19,7,37,2,07信義區,信義區基隆路2段12號,0,0,2,2,C03,7,7,5,50,14,9,1,5,4,5,13,1,1,1,4,5,2,13,1,62,3,10,5,1,7,12,1,10,1,13,,44,,1,21,121.5589892,25.0321573
113,7,19,7,37,2,07信義區,信義區基隆路2段12號,0,0,2,3,C03,7,7,5,50,14,9,1,5,4,5,13,1,1,1,4,5,2,13,2,29,2,9,5,1,7,9,1,10,1,11,,16,,1,21,121.5589892,25.0321573
113,7,19,7,40,2,07信義區,信義區信義路5段象山捷運站1號出口前,0,0,1,1,B11,8,6,8,50,22,22,1,5,4,5,13,4,4,1,4,5,2,13,1,51,3,10,7,1,7,9,1,4,1,1,,108,,1,21,121.5690472,25.0328383
113,7,19,7,40,2,07信義區,信義區信義路5段象山捷運站1號出口前,0,0,1,2,B12,8,6,8,50,22,22,1,5,4,5,13,4,4,1,4,5,2,13,1,35,2,1,7,1,7,14,1,4,1,3,,44,,1,21,121.5690472,25.0328383
113,7,19,7,40,2,07信義區,信義區信義路5段象山捷運站1號出口前,0,0,1,3,B03,8,6,8,50,22,22,1,5,4,5,13,4,4,1,4,5,2,13,1,57,3,10,7,1,7,14,1,8,1,3,,44,,1,21,121.5690472,25.0328383
113,7,19,7,45,2,01大同區,大同區承德路1段與市民大道1段口,0,0,1,1,B03,7,6,5,50,4,1,1,5,4,5,13,2,1,1,4,5,2,16,1,63,3,10,3,4,7,11,1,8,1,4,,10,,1,21,121.5165717,25.048677
113,7,19,7,45,2,01大同區,大同區承德路1段與市民大道1段口,0,0,1,2,C03,7,6,5,50,4,1,1,5,4,5,13,2,1,1,4,5,2,16,1,43,2,9,3,4,7,6,1,10,1,12,,108,,1,21,121.5165717,25.048677
113,7,19,8,1,2,06松山區,松山區塔悠路101號,0,0,1,2,C03,8,7,5,50,14,9,1,5,4,5,13,4,4,1,4,5,2,17,1,25,2,9,6,1,7,9,1,10,2,12,,44,,1,21,121.5700228,25.0539835
113,7,19,8,1,2,06松山區,松山區塔悠路101號,0,0,1,1,B03,8,7,5,50,14,9,1,5,4,5,13,4,4,1,4,5,2,17,1,33,3,10,7,1,7,1,1,8,2,17,,19,,1,21,121.5700228,25.0539835
113,7,19,8,5,2,05中正區,中正區中正橋(往台北市方向),0,0,1,1,C03,8,6,5,30,14,9,1,5,4,5,13,4,4,2,4,5,1,13,1,73,2,9,5,1,7,9,1,10,2,11,,108,,1,21,121.5162264,25.02175093
113,7,19,8,5,2,05中正區,中正區中正橋(往台北市方向),0,0,1,2,B03,8,6,5,30,14,9,1,5,4,5,13,4,4,2,4,5,1,13,1,41,3,10,7,1,7,9,1,8,2,7,,44,,1,21,121.5162264,25.02175093
113,7,19,8,25,2,01大同區,大同區承德路3段與民族西路口,0,0,1,2,B03,8,6,5,50,4,2,1,5,4,5,13,2,1,1,4,5,2,13,1,54,3,10,3,4,7,9,1,8,1,6,,44,,1,22,121.5183142,25.0688206
113,7,19,8,25,2,01大同區,大同區承德路3段與民族西路口,0,0,1,1,C03,8,6,5,50,4,2,1,5,4,5,13,2,1,1,4,5,2,13,1,39,2,9,6,4,7,9,1,10,1,14,,16,,1,22,121.5183142,25.0688206
113,7,19,8,25,2,12內湖區,內湖區內湖路1段126號,0,0,1,1,C03,8,5,5,40,14,9,1,5,4,5,13,4,4,1,5,4,2,17,2,61,2,7,5,1,7,15,1,10,1,12,,100,,1,21,121.5637776,25.0830237
113,7,19,8,25,2,12內湖區,內湖區內湖路1段126號,0,0,1,2,A01,8,5,5,40,14,9,1,5,4,5,13,4,4,1,5,4,2,17,1,63,3,10,7,1,7,9,1,6,1,8,,44,,1,21,121.5637776,25.0830237
113,7,19,8,27,2,06松山區,松山區敦化北路244巷與敦化北路244巷6弄口,0,0,1,1,B03,8,5,5,30,4,1,1,5,4,5,13,4,4,10,5,5,2,15,1,37,3,10,7,1,7,9,1,6,1,5,,72,,1,21,121.5494188,25.0606417
113,7,19,8,27,2,06松山區,松山區敦化北路244巷與敦化北路244巷6弄口,0,0,1,2,C03,8,5,5,30,4,1,1,5,4,5,13,4,4,10,5,5,2,15,2,28,2,9,5,1,7,9,1,10,1,11,,44,,1,21,121.5494188,25.0606417
113,7,19,8,27,2,08士林區,士林區福華路173號前,0,0,2,1,C03,8,6,5,50,14,9,1,5,4,5,13,4,4,10,4,5,2,16,1,73,3,10,6,1,7,8,1,10,1,12,,100,,1,21,121.5220134,25.10440278
113,7,19,8,27,2,08士林區,士林區福華路173號前,0,0,2,2,C03,8,6,5,50,14,9,1,5,4,5,13,4,4,10,4,5,2,16,1,74,2,9,6,1,7,9,1,10,1,14,,44,,1,21,121.5220134,25.10440278
113,7,19,8,27,2,08士林區,士林區福華路173號前,0,0,2,3,H02,8,6,5,50,14,9,1,5,4,5,13,4,4,10,4,5,2,16,2,43,2,9,4,5,7,20,8,20,10,16,,67,,1,21,121.5220134,25.10440278
113,7,19,8,30,2,08士林區,士林區天母北路87巷18號停車格,0,0,1,1,B03,8,6,5,50,14,9,1,5,4,5,13,4,4,5,5,5,1,16,1,46,3,10,7,1,7,1,1,8,1,4,,19,,1,22,121.5287195,25.1228394
113,7,19,8,30,2,08士林區,士林區天母北路87巷18號停車格,0,0,1,2,C03,8,6,5,50,14,9,1,5,4,5,13,4,4,5,5,5,1,16,1,20,2,8,6,1,7,9,1,10,1,12,,44,,1,22,121.5287195,25.1228394
113,7,19,8,37,2,08士林區,士林區中山北路5段與福國路口,0,0,2,1,C03,8,6,5,50,4,1,1,5,4,5,13,1,1,10,5,5,1,16,1,18,2,8,5,1,7,5,3,18,2,14,,83,,1,21,121.5255704,25.1025837
113,7,19,8,37,2,08士林區,士林區中山北路5段與福國路口,0,0,2,2,C03,8,6,5,50,4,1,1,5,4,5,13,1,1,10,5,5,1,16,2,44,2,3,5,1,7,9,1,10,2,11,,44,,1,21,121.5255704,25.1025837
113,7,19,8,40,2,03中山區,中山區松江路133巷與南京東路2段115巷口,0,0,1,1,C03,8,7,5,30,4,1,1,5,4,5,13,4,4,10,5,5,2,15,1,55,3,10,5,1,7,9,1,10,1,11,,72,,1,22,121.5336478,25.0543645
113,7,19,8,40,2,03中山區,中山區松江路133巷與南京東路2段115巷口,0,0,1,2,C03,8,7,5,30,4,1,1,5,4,5,13,4,4,10,5,5,2,15,2,64,2,9,5,1,7,9,1,10,1,12,,107,,1,22,121.5336478,25.0543645
113,7,19,8,40,2,07信義區,信義區忠孝東路5段524巷5弄與忠孝東路5段524巷口,0,0,1,2,B03,8,7,5,30,4,1,1,5,4,5,13,4,4,9,4,5,2,15,2,27,3,10,7,1,7,9,1,8,1,1,,72,,1,21,121.5799328,25.0404404
113,7,19,8,40,2,07信義區,信義區忠孝東路5段524巷5弄與忠孝東路5段524巷口,0,0,1,1,C03,8,7,5,30,4,1,1,5,4,5,13,4,4,9,4,5,2,15,1,35,2,9,6,1,7,9,1,10,1,12,,44,,1,21,121.5799328,25.0404404
113,7,19,8,41,2,07信義區,信義區松仁路277號,0,0,1,1,C03,8,7,6,50,14,9,1,5,4,5,13,4,4,9,5,5,2,17,2,20,2,9,5,1,7,1,1,10,1,13,,19,,1,21,121.5697498,25.0242212
113,7,19,8,41,2,07信義區,信義區松仁路277號,0,0,1,2,B03,8,7,6,50,14,9,1,5,4,5,13,4,4,9,5,5,2,17,2,35,3,10,7,1,7,9,1,8,1,8,,44,,1,21,121.5697498,25.0242212