發生年度,發生月,發生日,發生時-Hours,發生分,處理別-編號,區序,肇事地點,死亡人數,2-30日死亡人數,受傷人數,當事人序號,車種,天候,道路照明設備,道路類別,速限-速度限制,道路型態,事故位置,路面狀況1,路面狀況2,路面狀況3,道路障礙1,道路障礙2,號誌1,號誌2,車道劃分-分向,車道劃分-分道1,車道劃分-分道2,車道劃分-分道3,事故類型及型態,性別,年齡,受傷程度,主要傷處,保護裝置,行動電話,車輛用途,當事者行動狀態,駕駛資格情形,駕駛執照種類,飲酒情形,車輛撞擊部位1,車輛撞擊部位2,肇因碼-個別,肇因碼-主要,個人肇逃否,職業,座標-X,座標-Y
113,7,19,8,43,2,05中正區,中正區衡陽路94號,0,0,1,1,C03,8,7,5,30,3,2,1,5,4,5,13,4,4,9,5,5,2,17,1,22,3,10,6,1,7,9,1,10,1,13,13,72,,1,21,121.5106647,25.04225478
113,7,19,8,43,2,05中正區,中正區衡陽路94號,0,0,1,2,C03,8,7,5,30,3,2,1,5,4,5,13,4,4,9,5,5,2,17,1,28,2,9,6,1,7,9,1,10,1,11,12,14,,1,21,121.5106647,25.04225478
113,7,19,9,1,2,03中山區,中山區北安路與北安路595巷口,0,0,1,1,B03,8,6,5,50,4,1,1,5,4,5,13,2,1,1,5,5,1,16,1,49,3,10,3,4,7,5,1,8,1,6,,80,,1,21,121.5487555,25.08209286
113,7,19,9,1,2,03中山區,中山區北安路與北安路595巷口,0,0,1,2,C03,8,6,5,50,4,1,1,5,4,5,13,2,1,1,5,5,1,16,2,25,2,8,3,4,7,9,1,10,1,11,,44,,1,21,121.5487555,25.08209286
113,7,19,9,18,2,07信義區,信義區嘉興街318號,0,0,1,1,C03,7,7,5,30,14,9,1,5,4,5,13,4,4,10,5,5,2,10,2,26,2,9,5,1,7,9,1,10,1,11,,9,,1,21,121.5544692,25.0234203
113,7,19,9,18,2,07信義區,信義區嘉興街318號,0,0,1,2,B03,7,7,5,30,14,9,1,5,4,5,13,4,4,10,5,5,2,10,2,35,3,10,7,1,7,9,1,8,1,8,,5,,1,21,121.5544692,25.0234203
113,7,19,9,22,2,05中正區,中正區思源街1號(自來水園區前),0,0,1,1,C03,8,6,6,50,14,9,1,5,4,5,13,1,1,5,4,5,2,12,1,27,3,10,5,1,7,8,1,10,2,14,,100,,1,21,121.529967,25.0133044
113,7,19,9,22,2,05中正區,中正區思源街1號(自來水園區前),0,0,1,2,C03,8,6,6,50,14,9,1,5,4,5,13,1,1,5,4,5,2,12,1,66,2,9,5,1,7,9,1,10,2,11,,16,,1,21,121.529967,25.0133044
113,7,19,9,29,2,08士林區,士林區百齡橋與大南路口,0,0,1,1,C03,8,6,5,50,5,1,1,5,4,5,13,2,1,1,4,5,1,17,1,74,2,7,5,1,7,1,1,10,1,14,,99,,1,21,121.5164036,25.090611
113,7,19,9,29,2,08士林區,士林區百齡橋與大南路口,0,0,1,2,C03,8,6,5,50,5,1,1,5,4,5,13,2,1,1,4,5,1,17,1,34,3,10,5,1,7,6,1,10,1,12,,44,,1,21,121.5164036,25.090611
113,7,19,9,40,2,04大安區,大安區市民大道4段與市民大道4段68巷口,0,0,1,1,C03,8,6,5,40,4,1,1,5,4,5,13,4,4,9,4,5,1,13,1,19,2,7,3,4,7,9,1,10,1,11,,16,,1,21,121.5470839,25.0449715
113,7,19,9,40,2,04大安區,大安區市民大道4段與市民大道4段68巷口,0,0,1,2,B03,8,6,5,40,4,1,1,5,4,5,13,4,4,9,4,5,1,13,2,43,3,10,3,4,7,9,1,8,1,3,,44,,1,21,121.5470839,25.0449715
113,7,19,9,40,2,04大安區,大安區市民大道4段與市民大道4段68巷口,0,0,1,3,B01,8,6,5,40,4,1,1,5,4,5,13,4,4,9,4,5,1,13,1,61,3,10,3,4,7,11,1,4,1,17,,44,,1,21,121.5470839,25.0449715
113,7,19,9,42,2,04大安區,大安區敦化南路2段63巷21弄16號,0,0,1,1,B03,8,5,5,30,14,9,1,5,4,5,13,4,4,10,5,5,2,17,1,44,3,10,7,1,7,5,1,8,1,8,,8,,1,21,121.5501663,25.0316104
113,7,19,9,42,2,04大安區,大安區敦化南路2段63巷21弄16號,0,0,1,2,C03,8,5,5,30,14,9,1,5,4,5,13,4,4,10,5,5,2,17,2,35,2,9,5,1,7,9,3,18,1,12,,108,,1,21,121.5501663,25.0316104
113,7,19,9,52,2,09北投區,北投區承德路7段與承德路7段1巷口,0,0,1,1,C03,8,6,5,60,3,2,1,5,4,5,13,1,1,8,3,5,2,17,1,20,2,9,6,1,7,8,1,10,1,14,,100,,1,21,121.5106426,25.11104979
113,7,19,9,52,2,09北投區,北投區承德路7段與承德路7段1巷口,0,0,1,2,B03,8,6,5,60,3,2,1,5,4,5,13,1,1,8,3,5,2,17,1,79,3,10,7,1,7,7,1,8,1,2,,100,,1,21,121.5106426,25.11104979
113,7,19,10,46,2,07信義區,信義區松勇路31號,0,0,2,1,C03,8,6,5,30,14,9,1,5,4,5,10,4,4,5,5,5,2,15,2,27,2,9,3,4,7,9,1,10,1,11,,107,,1,21,121.5697816,25.0374124
113,7,19,10,46,2,07信義區,信義區松勇路31號,0,0,2,2,F01,8,6,5,30,14,9,1,5,4,5,10,4,4,5,5,5,2,15,2,48,2,9,3,4,7,11,8,20,1,14,,107,,1,21,121.5697816,25.0374124
113,7,19,10,46,2,07信義區,信義區松勇路31號,0,0,2,3,B12,8,6,5,30,14,9,1,5,4,5,10,4,4,5,5,5,2,15,1,48,3,10,3,4,7,14,1,8,1,17,,38,,1,21,121.5697816,25.0374124
113,7,19,10,57,2,09北投區,北投區公館路與公館路306巷口,0,0,1,1,C03,8,5,5,30,3,1,1,5,4,1,13,4,4,9,5,5,1,16,2,30,2,8,5,1,7,6,1,10,1,14,,72,,1,21,121.5065556,25.1245707
113,7,19,10,57,2,09北投區,北投區公館路與公館路306巷口,0,0,1,2,C03,8,5,5,30,3,1,1,5,4,1,13,4,4,9,5,5,1,16,1,18,3,10,5,1,7,9,1,10,1,12,,44,,1,21,121.5065556,25.1245707
113,7,19,11,20,2,11南港區,南港區向陽路與向陽路258巷口,0,0,1,1,C03,8,7,5,40,4,1,1,5,4,5,13,2,1,5,4,5,2,16,1,45,2,7,5,1,7,11,1,10,1,13,,10,,1,21,121.5940562,25.0583096
113,7,19,11,20,2,11南港區,南港區向陽路與向陽路258巷口,0,0,1,2,B03,8,7,5,40,4,1,1,5,4,5,13,2,1,5,4,5,2,16,1,69,3,10,7,1,7,9,1,8,1,8,,44,,1,21,121.5940562,25.0583096
113,7,19,11,30,2,07信義區,信義區基隆路1段與基隆路1段102巷口,0,0,1,1,B03,8,6,5,50,3,2,1,5,4,5,13,4,4,1,3,5,2,16,2,44,3,10,3,4,7,6,1,8,1,2,,74,,1,21,121.5668211,25.045366
113,7,19,11,30,2,07信義區,信義區基隆路1段與基隆路1段102巷口,0,0,1,2,C03,8,6,5,50,3,2,1,5,4,5,13,4,4,1,3,5,2,16,1,29,2,9,6,1,7,9,1,9,1,11,,14,,1,21,121.5668211,25.045366
113,7,19,11,34,2,10文山區,文山區羅斯福路6段與羅斯福路6段276巷口口,0,0,1,1,C03,8,6,5,50,3,1,1,5,4,5,13,4,4,1,4,5,2,13,1,54,2,9,5,1,7,9,1,10,2,11,,108,,1,21,121.5400845,24.9912285
113,7,19,11,34,2,10文山區,文山區羅斯福路6段與羅斯福路6段276巷口口,0,0,1,2,B01,8,6,5,50,3,1,1,5,4,5,13,4,4,1,4,5,2,13,1,68,3,10,2,1,7,12,1,4,2,3,,14,,1,21,121.5400845,24.9912285
113,7,19,12,16,2,09北投區,北投區吉利街123巷與尊賢街口,0,0,1,1,C03,8,6,5,30,4,1,1,5,4,5,13,2,1,10,5,5,2,17,1,35,3,10,6,1,7,5,1,10,1,12,,71,,1,21,121.5065301,25.118584
113,7,19,12,16,2,09北投區,北投區吉利街123巷與尊賢街口,0,0,1,2,C03,8,6,5,30,4,1,1,5,4,5,13,2,1,10,5,5,2,17,2,25,2,8,6,1,7,9,1,10,1,11,,44,,1,21,121.5065301,25.118584
113,7,19,14,2,2,08士林區,士林區中山北路4段與通河街口,0,0,1,1,B03,8,5,5,50,4,1,1,5,4,5,13,2,1,1,2,5,2,16,1,53,3,10,3,4,7,6,1,8,1,2,,9,,1,22,121.5241813,25.0799249
113,7,19,14,2,2,08士林區,士林區中山北路4段與通河街口,0,0,1,2,C03,8,5,5,50,4,1,1,5,4,5,13,2,1,1,2,5,2,16,1,59,2,9,3,4,7,9,1,10,1,11,,13,,1,22,121.5241813,25.0799249
113,7,19,14,50,2,03中山區,中山區長春路258巷與長春路258巷10弄口,0,0,1,1,C03,8,7,5,30,4,1,1,5,4,5,13,4,4,10,5,5,2,15,2,35,2,7,6,4,7,9,3,18,1,12,,14,,1,21,121.5390655,25.0538948
113,7,19,14,50,2,03中山區,中山區長春路258巷與長春路258巷10弄口,0,0,1,2,B01,8,7,5,30,4,1,1,5,4,5,13,4,4,10,5,5,2,15,1,62,3,10,3,4,7,9,1,4,1,1,,44,,1,21,121.5390655,25.0538948
113,7,19,14,52,2,11南港區,南港區八德路4段與玉成街口,0,0,1,1,B03,8,6,5,50,4,1,1,5,4,5,13,2,1,4,3,5,2,16,1,63,3,10,3,4,7,6,1,8,2,2,,9,,1,21,121.5816105,25.0512333
113,7,19,14,52,2,11南港區,南港區八德路4段與玉成街口,0,0,1,2,C03,8,6,5,50,4,1,1,5,4,5,13,2,1,4,3,5,2,16,1,27,2,9,3,4,7,9,1,10,2,14,,44,,1,21,121.5816105,25.0512333
113,7,19,14,55,2,03中山區,中山區長安西路50巷與長安西路口側附近口,0,0,1,1,B12,8,7,5,50,4,1,1,5,4,5,13,1,1,9,4,5,2,12,1,62,3,10,7,1,7,1,1,7,1,5,,44,,1,21,121.5201662,25.0501223
113,7,19,14,55,2,03中山區,中山區長安西路50巷與長安西路口側附近口,0,0,1,2,C03,8,7,5,50,4,1,1,5,4,5,13,1,1,9,4,5,2,12,2,65,2,9,5,1,7,9,1,10,1,14,,44,,1,21,121.5201662,25.0501223
113,7,19,15,17,2,02萬華區,萬華區萬大路與萬大路423巷口,0,0,1,1,B03,8,5,5,50,4,4,1,5,4,5,13,1,1,5,5,5,2,13,1,46,3,10,7,4,7,14,1,1,2,1,,113,,1,21,121.4989128,25.0214983
113,7,19,15,17,2,02萬華區,萬華區萬大路與萬大路423巷口,0,0,1,2,C03,8,5,5,50,4,4,1,5,4,5,13,1,1,5,5,5,2,13,2,40,3,10,5,4,7,14,1,10,2,13,,44,,1,21,121.4989128,25.0214983
113,7,19,15,17,2,02萬華區,萬華區萬大路與萬大路423巷口,0,0,1,3,C03,8,5,5,50,4,4,1,5,4,5,13,1,1,5,5,5,2,13,1,61,2,9,5,4,7,14,1,10,2,13,,44,,1,21,121.4989128,25.0214983
113,7,19,15,22,2,07信義區,信義區忠孝東路5段22巷,0,0,1,1,C03,8,6,5,50,14,9,1,5,4,5,13,4,4,5,5,5,2,17,1,19,2,8,6,1,7,11,1,10,2,12,,103,,1,21,121.5660599,25.0398743
113,7,19,15,22,2,07信義區,信義區忠孝東路5段22巷,0,0,1,2,B03,8,6,5,50,14,9,1,5,4,5,13,4,4,5,5,5,2,17,2,35,3,10,7,1,7,9,1,8,2,4,,44,,1,21,121.5660599,25.0398743
113,7,19,15,23,2,01大同區,大同區民權西路與民權西路225巷口,0,0,1,1,C03,8,6,5,50,3,1,1,5,4,5,13,1,1,1,4,5,2,17,1,43,2,7,6,1,7,6,1,10,2,12,,9,,1,21,121.5121949,25.0630723
113,7,19,15,23,2,01大同區,大同區民權西路與民權西路225巷口,0,0,1,2,C03,8,6,5,50,3,1,1,5,4,5,13,1,1,1,4,5,2,17,1,42,3,10,6,1,7,9,1,10,2,14,,44,,1,21,121.5121949,25.0630723
113,7,19,15,23,2,08士林區,士林區中山北路6段405巷與中山北路6段441巷口,0,0,1,1,B03,8,6,5,50,4,2,1,5,4,5,13,2,1,9,5,5,1,17,2,20,3,10,7,1,7,11,1,8,1,4,,10,,1,21,121.526151,25.11699848
113,7,19,15,23,2,08士林區,士林區中山北路6段405巷與中山北路6段441巷口,0,0,1,2,C04,8,6,5,50,4,2,1,5,4,5,13,2,1,9,5,5,1,17,1,32,2,9,5,1,7,9,1,10,1,11,,44,,1,21,121.526151,25.11699848
113,7,19,15,43,2,04大安區,大安區忠孝東路4段248巷與延吉街138巷口,0,0,2,1,C03,8,6,5,30,4,1,1,5,4,5,13,4,4,10,5,5,2,15,1,70,2,9,6,1,7,9,1,10,1,11,,72,,1,21,121.5540832,25.0398565
113,7,19,15,43,2,04大安區,大安區忠孝東路4段248巷與延吉街138巷口,0,0,2,2,B01,8,6,5,30,4,1,1,5,4,5,13,4,4,10,5,5,2,15,2,36,2,7,7,1,7,9,1,4,1,4,,14,,1,21,121.5540832,25.0398565
113,7,19,15,45,2,11南港區,南港區忠孝東路6段110巷22號,0,0,1,1,C03,8,6,5,30,14,9,1,5,4,5,13,4,4,9,5,5,2,1,1,21,2,8,3,4,7,9,1,10,2,14,,108,,1,21,121.5853418,25.0467682
113,7,19,15,45,2,11南港區,南港區忠孝東路6段110巷22號,0,0,1,2,H01,8,6,5,30,14,9,1,5,4,5,13,4,4,9,5,5,2,1,2,44,3,10,4,5,8,16,8,20,10,16,,53,,1,22,121.5853418,25.0467682
113,7,19,15,45,2,11南港區,南港區忠孝東路6段110巷22號,0,0,1,3,B03,8,6,5,30,14,9,1,5,4,5,13,4,4,9,5,5,2,1,1,42,3,10,3,4,7,14,1,8,1,17,,38,,1,22,121.5853418,25.0467682
113,7,19,15,46,2,01大同區,大同區重慶北路2段與寧夏路104巷口,0,0,1,1,B03,8,6,5,50,3,2,1,5,4,5,13,4,4,1,4,5,2,17,2,52,3,10,3,4,7,7,1,8,1,2,,100,,1,22,121.5137582,25.0586907
113,7,19,15,46,2,01大同區,大同區重慶北路2段與寧夏路104巷口,0,0,1,2,C03,8,6,5,50,3,2,1,5,4,5,13,4,4,1,4,5,2,17,1,25,2,9,6,4,7,9,1,10,1,11,,44,,1,22,121.5137582,25.0586907
113,7,19,15,51,2,05中正區,中正區開封街1段與中華路1段口,0,0,1,1,C03,8,5,5,50,4,2,1,5,4,5,13,1,1,9,5,5,2,17,1,29,3,10,6,1,7,6,1,10,1,12,12,17,,1,21,121.5096281,25.0459989
113,7,19,15,51,2,05中正區,中正區開封街1段與中華路1段口,0,0,1,2,C03,8,5,5,50,4,2,1,5,4,5,13,1,1,9,5,5,2,17,1,47,2,9,6,1,7,9,1,10,1,11,12,17,,1,21,121.5096281,25.0459989
113,7,19,17,7,2,03中山區,中山區復興北路與民生東路3段口,0,0,2,1,B01,8,7,5,50,4,2,1,5,4,5,13,2,1,1,4,5,2,17,1,60,3,10,3,4,7,1,1,4,2,1,,107,,1,21,121.5440645,25.0581173
113,7,19,17,7,2,03中山區,中山區復興北路與民生東路3段口,0,0,2,2,C03,8,7,5,50,4,2,1,5,4,5,13,2,1,1,4,5,2,17,2,75,2,9,5,4,7,1,1,10,2,13,,19,,1,21,121.5440645,25.0581173
113,7,19,17,7,2,03中山區,中山區復興北路與民生東路3段口,0,0,2,3,C03,8,7,5,50,4,2,1,5,4,5,13,2,1,1,4,5,2,17,1,38,2,9,6,4,7,9,1,10,2,13,,44,,1,21,121.5440645,25.0581173
113,7,19,17,7,2,03中山區,中山區復興北路與民生東路3段口,0,0,2,4,B03,8,7,5,50,4,2,1,5,4,5,13,2,1,1,4,5,2,17,1,47,3,10,3,4,7,1,1,8,2,2,,44,,1,21,121.5440645,25.0581173
113,7,19,17,30,2,08士林區,士林區芝玉路1段與仰德大道1段6巷口,0,0,1,1,B03,8,5,8,30,22,22,1,5,4,5,13,2,1,10,5,5,1,17,2,52,3,10,7,1,7,5,1,8,1,1,,83,,1,21,121.5375087,25.10087689
113,7,19,17,30,2,08士林區,士林區芝玉路1段與仰德大道1段6巷口,0,0,1,2,C03,8,5,8,30,22,22,1,5,4,5,13,2,1,10,5,5,1,17,1,40,2,9,5,1,7,9,1,10,1,14,,44,,1,21,121.5375087,25.10087689
113,7,19,17,40,2,05中正區,中正區汀州路2段與重慶南路3段83巷口,0,0,2,1,C03,8,6,5,30,3,1,1,5,4,5,13,4,4,8,5,5,1,16,1,57,2,9,6,1,7,5,6,18,1,11,,8,,1,21,121.517251,25.02548101
113,7,19,17,40,2,05中正區,中正區汀州路2段與重慶南路3段83巷口,0,0,2,2,C03,8,6,5,30,3,1,1,5,4,5,13,4,4,8,5,5,1,16,1,18,2,7,5,1,7,9,1,10,1,11,,14,,1,21,121.517251,25.02548101
113,7,19,18,0,2,03中山區,中山區南京東路1段與南京東路1段口林森公園停車場出入口,0,0,1,1,B03,8,7,5,40,3,1,1,5,4,5,13,4,4,1,4,4,2,16,1,53,3,10,7,1,7,6,1,8,1,2,,9,,1,21,121.5264795,25.05219963
113,7,19,18,0,2,03中山區,中山區南京東路1段與南京東路1段口林森公園停車場出入口,0,0,1,2,C03,8,7,5,40,3,1,1,5,4,5,13,4,4,1,4,4,2,16,1,32,2,9,6,1,7,9,1,10,1,12,,44,,1,21,121.5264795,25.05219963
113,7,19,18,14,2,02萬華區,萬華區環河南路1段與漢口街2段口,0,0,1,1,H01,7,7,5,0,14,9,1,5,4,5,13,3,1,8,3,5,2,3,1,42,2,9,4,5,8,16,8,20,10,16,,121,,1,21,121.5037138,25.0466009
113,7,19,18,14,2,02萬華區,萬華區環河南路1段與漢口街2段口,0,0,1,2,C03,7,7,5,0,14,9,1,5,4,5,13,3,1,8,3,5,2,3,4,38,,,,,,,,,11,,,119,,2,,121.5037138,25.0466009
113,7,19,19,19,2,03中山區,中山區中山北路2段與中山北路2段96巷口,0,0,1,1,C03,8,5,5,50,3,2,1,5,4,5,13,4,4,4,3,1,1,16,1,26,3,10,6,1,7,9,1,10,1,13,,44,,1,21,121.5227186,25.0599321
113,7,19,19,19,2,03中山區,中山區中山北路2段與中山北路2段96巷口,0,0,1,2,C03,8,5,5,50,3,2,1,5,4,5,13,4,4,4,3,1,1,16,1,21,2,9,6,1,7,9,1,10,1,14,,13,,1,21,121.5227186,25.0599321
113,7,19,19,34,2,07信義區,信義區市府路與松壽路口,0,0,1,1,B03,8,5,5,50,4,1,1,5,4,5,13,2,1,9,5,5,2,16,1,45,3,10,3,4,7,6,1,8,1,5,,71,,1,21,121.5633557,25.0359374
113,7,19,19,34,2,07信義區,信義區市府路與松壽路口,0,0,1,2,F01,8,5,5,50,4,1,1,5,4,5,13,2,1,9,5,5,2,16,2,29,2,9,4,1,7,9,8,20,1,14,,44,,1,21,121.5633557,25.0359374
113,7,19,19,35,2,01大同區,大同區鄭州路87號Y19,0,0,1,1,B03,8,5,5,40,14,9,1,5,4,5,13,1,1,9,4,5,1,13,1,41,3,10,3,4,7,9,1,8,1,1,,108,,1,21,121.5122675,25.0498814
113,7,19,19,35,2,01大同區,大同區鄭州路87號Y19,0,0,1,2,B03,8,5,5,40,14,9,1,5,4,5,13,1,1,9,4,5,1,13,2,27,3,10,3,4,7,14,1,8,1,3,,44,,1,21,121.5122675,25.0498814
113,7,19,19,35,2,01大同區,大同區鄭州路87號Y19,0,0,1,3,H02,8,5,5,40,14,9,1,5,4,5,13,1,1,9,4,5,1,13,2,51,2,9,4,5,7,20,8,20,10,16,,67,,1,21,121.5122675,25.0498814
113,7,19,19,53,2,08士林區,士林區通河西街2段與社中街458巷口,0,0,2,1,C03,8,5,8,30,3,2,1,5,4,5,13,4,4,9,4,5,1,17,1,69,2,9,6,1,7,4,1,10,1,12,,80,,1,21,121.5022183,25.0936243
113,7,19,19,53,2,08士林區,士林區通河西街2段與社中街458巷口,0,0,2,2,B03,8,5,8,30,3,2,1,5,4,5,13,4,4,9,4,5,1,17,1,39,2,3,7,1,7,5,1,8,1,4,,44,,1,21,121.5022183,25.0936243
113,7,19,20,14,2,08士林區,士林區社子街38號,0,0,2,1,F02,8,5,5,50,14,9,1,5,4,5,13,4,4,9,5,5,2,17,2,36,2,9,4,4,7,5,8,20,2,11,,8,,1,21,121.507548,25.087514
113,7,19,20,14,2,08士林區,士林區社子街38號,0,0,2,2,C03,8,5,5,50,14,9,1,5,4,5,13,4,4,9,5,5,2,17,1,16,2,9,6,1,7,9,2,18,2,11,,44,,1,21,121.507548,25.087514
113,7,19,20,14,2,08士林區,士林區社子街38號,0,0,2,3,C03,8,5,5,50,14,9,1,5,4,5,13,4,4,9,5,5,2,17,1,55,3,10,3,4,7,13,7,19,11,15,,44,,1,21,121.507548,25.087514
113,7,19,20,14,2,08士林區,士林區社子街38號,0,0,2,4,C03,8,5,5,50,14,9,1,5,4,5,13,4,4,9,5,5,2,17,1,47,3,10,3,4,7,13,7,19,11,15,,44,,1,21,121.507548,25.087514
113,7,19,20,14,2,08士林區,士林區社子街38號,0,0,2,5,C03,8,5,5,50,14,9,1,5,4,5,13,4,4,9,5,5,2,17,1,34,3,10,3,4,7,13,7,19,11,15,,44,,1,21,121.507548,25.087514
113,7,19,20,14,2,08士林區,士林區社子街38號,0,0,2,6,C03,8,5,5,50,14,9,1,5,4,5,13,4,4,9,5,5,2,17,1,43,3,10,3,4,7,13,7,19,11,15,,44,,1,21,121.507548,25.087514
113,7,19,20,14,2,08士林區,士林區社子街38號,0,0,2,7,,8,5,5,50,14,9,1,5,4,5,13,4,4,9,5,5,2,17,3,0,,,,,,,,,11,,,67,,1,,121.507548,25.087514
113,7,19,20,14,2,08士林區,士林區社子街38號,0,0,2,8,C03,8,5,5,50,14,9,1,5,4,5,13,4,4,9,5,5,2,17,1,33,3,10,3,4,7,13,7,19,11,15,,44,,1,21,121.507548,25.087514
113,7,19,20,14,2,08士林區,士林區社子街38號,0,0,2,9,C03,8,5,5,50,14,9,1,5,4,5,13,4,4,9,5,5,2,17,1,62,3,10,3,4,7,13,7,19,11,15,,44,,1,21,121.507548,25.087514
113,7,19,20,19,2,05中正區,中正區和平西路1段與南昌路2段口,0,0,1,1,C03,8,5,5,50,4,2,1,5,4,5,13,1,1,1,4,5,2,13,1,29,2,8,5,1,7,9,1,10,1,12,,16,,1,22,121.5207535,25.0267079
113,7,19,20,19,2,05中正區,中正區和平西路1段與南昌路2段口,0,0,1,2,B01,8,5,5,50,4,2,1,5,4,5,13,1,1,1,4,5,2,13,1,59,3,10,7,1,7,14,1,3,1,7,,44,,1,22,121.5207535,25.0267079
113,7,19,20,41,2,01大同區,大同區寧夏路與保安街口,0,0,1,1,B03,7,5,5,50,4,1,1,5,4,5,13,2,1,5,2,5,2,12,1,43,3,10,7,4,7,5,1,8,2,8,,8,,1,21,121.5150654,25.0590231
113,7,19,20,41,2,01大同區,大同區寧夏路與保安街口,0,0,1,2,C03,7,5,5,50,4,1,1,5,4,5,13,2,1,5,2,5,2,12,1,55,2,9,5,4,7,9,1,10,2,12,,108,,1,21,121.5150654,25.0590231
113,7,19,21,3,2,12內湖區,內湖區南京東路6段167號,0,0,1,1,B03,8,5,5,30,14,9,1,5,4,1,13,4,4,10,5,5,2,20,1,72,2,7,7,1,7,9,1,8,2,5,,17,,1,21,121.5800948,25.05666667
113,7,19,21,3,2,12內湖區,內湖區南京東路6段167號,0,0,1,2,,8,5,5,30,14,9,1,5,4,1,13,4,4,10,5,5,2,20,3,39,,,,,,,,,,,,67,,1,,121.5800948,25.05666667
113,7,19,21,40,2,03中山區,中山區錦西街與民生西路3巷口口,0,0,1,1,B01,8,5,5,50,4,2,1,5,4,5,13,4,4,9,5,5,2,3,1,55,3,10,7,1,7,11,1,4,1,5,,98,,1,22,121.5218778,25.0602779
113,7,19,21,40,2,03中山區,中山區錦西街與民生西路3巷口口,0,0,1,2,H01,8,5,5,50,4,2,1,5,4,5,13,4,4,9,5,5,2,3,1,46,2,7,4,5,8,16,8,20,10,16,,54,,1,22,121.5218778,25.0602779
113,7,19,22,58,2,10文山區,文山區仙岩路79號,0,0,1,1,B02,8,6,5,50,14,9,1,5,4,5,13,4,4,9,5,5,2,17,1,26,3,10,7,1,7,11,1,8,1,8,,10,,1,21,121.5508041,25.00045399
113,7,19,22,58,2,10文山區,文山區仙岩路79號,0,0,1,2,C03,8,6,5,50,14,9,1,5,4,5,13,4,4,9,5,5,2,17,1,32,2,9,6,1,7,4,1,10,1,12,,1,,1,21,121.5508041,25.00045399
113,7,20,0,30,2,03中山區,中山區長安東路1段77巷4弄4-1號,0,0,1,1,B01,8,5,5,30,14,9,1,5,4,5,10,4,4,10,5,5,2,17,1,68,4,11,3,4,7,2,7,19,11,7,,12,,2,21,121.5286937,25.0488728
113,7,20,0,30,2,03中山區,中山區長安東路1段77巷4弄4-1號,0,0,1,3,C03,8,5,5,30,14,9,1,5,4,5,10,4,4,10,5,5,2,17,1,27,2,8,3,4,7,15,1,10,1,17,,44,,1,21,121.5286937,25.0488728
113,7,20,0,30,2,03中山區,中山區長安東路1段77巷4弄4-1號,0,0,1,2,C03,8,5,5,30,14,9,1,5,4,5,10,4,4,10,5,5,2,17,1,19,3,10,3,4,7,13,1,10,1,13,,44,,1,21,121.5286937,25.0488728
113,7,20,1,4,2,05中正區,中正區南海路與南海路93巷口,0,0,1,1,C03,8,5,5,50,4,1,5,5,5,5,13,1,1,10,5,5,2,18,2,38,2,9,5,1,7,9,1,10,8,12,,21,,1,22,121.5083475,25.028489
113,7,20,1,4,2,05中正區,中正區南海路與南海路93巷口,0,0,1,2,H03,8,5,5,50,4,1,5,5,5,5,13,1,1,10,5,5,2,18,3,47,3,10,4,5,8,20,8,20,10,16,,67,,1,22,121.5083475,25.028489
113,7,20,1,25,2,03中山區,中山區長春路與新生北路2段口,0,0,2,1,F07,8,5,8,50,4,1,1,5,4,5,13,2,1,10,5,5,2,15,1,46,2,9,2,4,7,9,8,20,2,12,,81,,1,21,121.527418,25.05491353
113,7,20,1,25,2,03中山區,中山區長春路與新生北路2段口,0,0,2,2,B01,8,5,8,50,4,1,1,5,4,5,13,2,1,10,5,5,2,15,1,53,3,10,7,1,7,9,1,4,2,1,,44,,1,21,121.527418,25.05491353
113,7,20,1,25,2,03中山區,中山區長春路與新生北路2段口,0,0,2,3,F07,8,5,8,50,4,1,1,5,4,5,13,2,1,10,5,5,2,15,2,42,2,1,2,4,7,9,8,20,10,12,,81,,1,21,121.527418,25.05491353
113,7,20,3,51,2,07信義區,信義區光復南路與忠孝東路4段口,0,0,5,1,B03,7,5,5,50,4,2,1,5,4,5,13,2,1,1,4,5,2,13,1,35,2,9,7,1,7,9,6,18,2,1,,16,,1,22,121.5581133,25.0414209
113,7,20,3,51,2,07信義區,信義區光復南路與忠孝東路4段口,0,0,5,2,B01,7,5,5,50,4,2,1,5,4,5,13,2,1,1,4,5,2,13,1,28,2,3,7,1,7,14,1,8,2,3,,44,,1,22,121.5581133,25.0414209
113,7,20,3,51,2,07信義區,信義區光復南路與忠孝東路4段口,0,0,5,3,H02,7,5,5,50,4,2,1,5,4,5,13,2,1,1,4,5,2,13,1,24,2,9,7,5,7,17,8,20,10,16,,67,,1,22,121.5581133,25.0414209
113,7,20,3,51,2,07信義區,信義區光復南路與忠孝東路4段口,0,0,5,4,H02,7,5,5,50,4,2,1,5,4,5,13,2,1,1,4,5,2,13,2,27,2,9,7,5,7,17,8,20,10,16,,67,,1,22,121.5581133,25.0414209
113,7,20,3,51,2,07信義區,信義區光復南路與忠孝東路4段口,0,0,5,5,H02,7,5,5,50,4,2,1,5,4,5,13,2,1,1,4,5,2,13,2,28,2,9,7,5,7,17,8,20,10,16,,67,,1,22,121.5581133,25.0414209
113,7,20,6,15,2,12內湖區,內湖區金龍路與內湖路3段187巷口,0,0,2,1,C03,8,6,5,40,3,1,1,5,4,5,13,4,4,10,5,5,2,17,1,74,2,9,5,1,7,1,1,10,11,11,,19,,2,21,121.5883097,25.087075