發生年度,發生月,發生日,發生時-Hours,發生分,處理別-編號,區序,肇事地點,死亡人數,2-30日死亡人數,受傷人數,當事人序號,車種,天候,道路照明設備,道路類別,速限-速度限制,道路型態,事故位置,路面狀況1,路面狀況2,路面狀況3,道路障礙1,道路障礙2,號誌1,號誌2,車道劃分-分向,車道劃分-分道1,車道劃分-分道2,車道劃分-分道3,事故類型及型態,性別,年齡,受傷程度,主要傷處,保護裝置,行動電話,車輛用途,當事者行動狀態,駕駛資格情形,駕駛執照種類,飲酒情形,車輛撞擊部位1,車輛撞擊部位2,肇因碼-個別,肇因碼-主要,個人肇逃否,職業,座標-X,座標-Y
113,7,20,6,15,2,12內湖區,內湖區金龍路與內湖路3段187巷口,0,0,2,2,C03,8,6,5,40,3,1,1,5,4,5,13,4,4,10,5,5,2,17,2,23,2,9,6,1,7,9,1,10,2,11,,44,,1,21,121.5883097,25.087075
113,7,20,6,26,2,08士林區,士林區承德路5段與士商路口,0,0,2,1,B03,8,7,5,50,4,1,1,5,4,5,13,1,1,1,5,5,2,17,1,76,2,2,7,1,7,9,3,18,1,1,,81,,1,21,121.5141334,25.09610457
113,7,20,6,26,2,08士林區,士林區承德路5段與士商路口,0,0,2,2,A01,8,7,5,50,4,1,1,5,4,5,13,1,1,1,5,5,2,17,1,57,3,10,7,1,7,5,1,2,1,2,,44,,1,21,121.5141334,25.09610457
113,7,20,6,26,2,08士林區,士林區承德路5段與士商路口,0,0,2,3,H02,8,7,5,50,4,1,1,5,4,5,13,1,1,1,5,5,2,17,1,22,2,5,7,5,7,21,8,20,10,16,,67,,1,21,121.5141334,25.09610457
113,7,20,6,45,2,09北投區,北投區中和街與中和街234巷口,0,0,2,1,C03,8,6,5,50,4,1,1,5,4,5,13,2,1,5,4,5,2,17,1,47,2,7,6,1,7,9,1,10,1,12,,81,,1,21,121.5015307,25.1392954
113,7,20,6,45,2,09北投區,北投區中和街與中和街234巷口,0,0,2,2,C03,8,6,5,50,4,1,1,5,4,5,13,2,1,5,4,5,2,17,2,26,2,8,6,1,7,9,1,10,1,11,,44,,1,21,121.5015307,25.1392954
113,7,20,7,13,2,02萬華區,萬華區莒光路299巷與萬大路84巷口,0,0,1,1,C03,8,5,5,30,3,1,1,5,4,3,10,4,4,10,5,5,2,17,1,20,2,8,6,4,7,6,1,10,1,11,,72,,1,21,121.4991482,25.03068925
113,7,20,7,13,2,02萬華區,萬華區莒光路299巷與萬大路84巷口,0,0,1,2,B03,8,5,5,30,3,1,1,5,4,3,10,4,4,10,5,5,2,17,1,42,3,10,7,4,7,9,1,8,1,7,,14,,1,21,121.4991482,25.03068925
113,7,20,7,13,2,02萬華區,萬華區莒光路299巷與萬大路84巷口,0,0,1,3,B03,8,5,5,30,3,1,1,5,4,3,10,4,4,10,5,5,2,17,2,64,3,10,7,4,7,21,7,19,11,15,,38,,1,21,121.4991482,25.03068925
113,7,20,7,26,2,04大安區,大安區仁愛路4段10號,0,0,1,1,B01,8,5,5,50,14,9,1,5,4,5,13,4,4,1,4,5,2,16,1,65,3,10,7,1,7,5,1,4,1,8,,8,,1,21,121.5451194,25.0377248
113,7,20,7,26,2,04大安區,大安區仁愛路4段10號,0,0,1,2,C03,8,5,5,50,14,9,1,5,4,5,13,4,4,1,4,5,2,16,2,21,2,9,6,1,7,9,1,10,1,12,,80,,1,21,121.5451194,25.0377248
113,7,20,8,41,2,12內湖區,內湖區新明路219巷與潭美街口口,0,0,1,1,B12,8,6,5,30,3,1,1,5,4,5,13,2,1,5,5,5,2,16,1,46,3,10,7,1,7,5,1,8,1,4,,83,,1,27,121.5881739,25.05747317
113,7,20,8,41,2,12內湖區,內湖區新明路219巷與潭美街口口,0,0,1,2,C03,8,6,5,30,3,1,1,5,4,5,13,2,1,5,5,5,2,16,1,31,2,9,5,1,7,9,1,10,1,11,,14,,1,21,121.5881739,25.05747317
113,7,20,8,52,2,03中山區,中山區民族東路與林森北路口,0,0,1,1,B03,8,7,5,50,3,2,1,5,4,5,13,1,1,1,3,5,1,17,1,57,3,10,7,1,7,5,1,8,1,1,,71,,1,21,121.525895,25.06832597
113,7,20,8,52,2,03中山區,中山區民族東路與林森北路口,0,0,1,2,C03,8,7,5,50,3,2,1,5,4,5,13,1,1,1,3,5,1,17,1,26,2,8,5,1,7,9,1,10,1,11,,44,,1,21,121.525895,25.06832597
113,7,20,9,1,2,03中山區,中山區德惠街與農安街77巷口,0,0,1,1,F03,8,7,5,30,4,1,1,5,4,5,13,4,4,5,2,5,2,17,2,76,2,9,4,1,7,5,8,20,1,14,,80,,1,21,121.5285934,25.0666077
113,7,20,9,1,2,03中山區,中山區德惠街與農安街77巷口,0,0,1,2,B01,8,7,5,30,4,1,1,5,4,5,13,4,4,5,2,5,2,17,1,58,3,10,7,1,7,9,1,4,1,5,,44,,1,21,121.5285934,25.0666077
113,7,20,9,21,2,09北投區,北投區明德路與榮華三路口,0,0,1,1,B03,8,6,5,50,4,1,1,5,4,5,13,3,1,5,4,5,2,16,2,65,3,10,7,1,7,6,1,8,1,5,,80,,1,21,121.5221464,25.1137506
113,7,20,9,21,2,09北投區,北投區明德路與榮華三路口,0,0,1,2,C03,8,6,5,50,4,1,1,5,4,5,13,3,1,5,4,5,2,16,2,48,2,9,5,1,7,9,1,10,1,12,,44,,1,21,121.5221464,25.1137506
113,7,20,9,24,2,02萬華區,萬華區西園路2段與西園路2段140巷口,0,0,1,1,B01,8,6,5,50,3,2,1,5,4,5,13,1,1,1,4,5,1,17,1,68,3,10,3,4,7,5,1,4,2,7,,71,,2,21,121.4963272,25.0300738
113,7,20,9,24,2,02萬華區,萬華區西園路2段與西園路2段140巷口,0,0,1,2,C03,8,6,5,50,3,2,1,5,4,5,13,1,1,1,4,5,1,17,1,19,2,3,3,4,7,9,1,10,2,11,,87,,1,21,121.4963272,25.0300738
113,7,20,9,38,2,07信義區,信義區永吉路48號,0,0,1,1,C03,8,7,5,50,14,9,1,5,4,5,13,4,4,1,4,5,2,17,1,47,4,11,5,1,7,9,1,10,11,13,,118,,1,21,121.5690037,25.0455986
113,7,20,9,38,2,07信義區,信義區永吉路48號,0,0,1,2,C03,8,7,5,50,14,9,1,5,4,5,13,4,4,1,4,5,2,17,1,46,2,8,5,1,7,9,1,10,1,11,,118,,1,21,121.5690037,25.0455986
113,7,20,9,39,2,10文山區,文山區木新路3段50巷與木新路3段50巷10弄口口,0,0,2,1,C03,8,6,5,30,4,1,1,5,4,5,13,4,4,10,5,5,1,15,2,26,2,7,6,1,7,9,1,10,1,11,,14,,1,21,121.564046,24.9830554
113,7,20,9,39,2,10文山區,文山區木新路3段50巷與木新路3段50巷10弄口口,0,0,2,2,C04,8,6,5,30,4,1,1,5,4,5,13,4,4,10,5,5,1,15,2,62,2,8,6,1,7,9,1,11,1,14,,44,,1,21,121.564046,24.9830554
113,7,20,9,43,2,12內湖區,內湖區東湖路與東湖路7巷口,0,0,1,1,B03,8,6,5,50,3,1,1,5,4,5,13,4,4,5,4,5,2,17,1,44,3,10,7,1,7,6,1,8,1,2,,9,,1,21,121.6125821,25.06887708
113,7,20,9,43,2,12內湖區,內湖區東湖路與東湖路7巷口,0,0,1,2,C03,8,6,5,50,3,1,1,5,4,5,13,4,4,5,4,5,2,17,1,32,2,9,6,1,7,9,1,10,1,14,,44,,1,21,121.6125821,25.06887708
113,7,20,9,48,2,08士林區,士林區至善路3段141號對面,0,0,1,2,C03,8,6,5,40,14,9,1,5,4,5,13,4,4,5,4,5,1,17,1,23,2,9,5,1,7,9,1,10,1,12,,44,,1,21,121.5824071,25.1194624
113,7,20,9,48,2,08士林區,士林區至善路3段141號對面,0,0,1,1,C03,8,6,5,40,14,9,1,5,4,5,13,4,4,5,4,5,1,17,1,38,4,11,3,4,7,21,7,19,11,15,,30,,2,21,121.5824071,25.1194624
113,7,20,10,12,2,03中山區,中山區吉林路161巷與民生東路2段115巷口,0,0,1,1,C03,8,7,5,30,4,2,1,5,4,5,13,4,4,10,5,5,1,15,1,42,2,8,5,1,7,9,1,10,1,11,,72,,1,21,121.5315774,25.05888368
113,7,20,10,12,2,03中山區,中山區吉林路161巷與民生東路2段115巷口,0,0,1,2,B01,8,7,5,30,4,2,1,5,4,5,13,4,4,10,5,5,1,15,1,50,3,10,7,1,7,9,1,4,1,8,,44,,1,21,121.5315774,25.05888368
113,7,20,10,19,2,06松山區,松山區健康路309號,0,0,2,1,C03,8,5,5,40,14,8,1,5,4,5,13,4,4,9,5,4,2,17,1,64,2,9,5,4,7,9,1,10,1,12,,80,,1,22,121.5657484,25.05428682
113,7,20,10,19,2,06松山區,松山區健康路309號,0,0,2,2,B03,8,5,5,40,14,8,1,5,4,5,13,4,4,9,5,4,2,17,1,48,3,10,3,4,7,14,1,8,1,7,,44,,1,22,121.5657484,25.05428682
113,7,20,10,19,2,06松山區,松山區健康路309號,0,0,2,3,H02,8,5,5,40,14,8,1,5,4,5,13,4,4,9,5,4,2,17,2,63,2,7,5,5,7,20,8,20,10,16,,67,,1,22,121.5657484,25.05428682
113,7,20,10,27,2,01大同區,大同區環河北路1段與民生西路口,0,0,1,1,C03,8,6,5,50,5,1,1,5,4,5,13,4,4,1,5,5,2,17,1,25,3,10,6,1,7,6,1,10,1,12,,17,,1,21,121.508387,25.0568532
113,7,20,10,27,2,01大同區,大同區環河北路1段與民生西路口,0,0,1,2,C03,8,6,5,50,5,1,1,5,4,5,13,4,4,1,5,5,2,17,1,80,2,8,6,1,7,6,1,10,1,14,,44,,1,21,121.508387,25.0568532
113,7,20,10,39,2,04大安區,大安區通化街與通化街180巷口,0,0,2,1,B01,8,6,5,30,4,1,1,5,4,5,13,4,4,5,5,5,2,16,1,52,3,10,7,1,7,9,1,4,1,8,,72,,1,21,121.5533733,25.0273795
113,7,20,10,39,2,04大安區,大安區通化街與通化街180巷口,0,0,2,2,C03,8,6,5,30,4,1,1,5,4,5,13,4,4,5,5,5,2,16,2,24,2,9,6,1,7,10,1,10,1,11,,44,,1,21,121.5533733,25.0273795
113,7,20,10,39,2,04大安區,大安區通化街與通化街180巷口,0,0,2,3,H02,8,6,5,30,4,1,1,5,4,5,13,4,4,5,5,5,2,16,2,50,2,9,6,5,7,20,8,20,10,16,,67,,1,21,121.5533733,25.0273795
113,7,20,10,39,2,04大安區,大安區通化街與通化街180巷口,0,0,2,4,B01,8,6,5,30,4,1,1,5,4,5,13,4,4,5,5,5,2,16,1,48,3,10,7,1,7,14,1,2,11,17,,44,,1,21,121.5533733,25.0273795
113,7,20,10,40,2,03中山區,中山區林森北路與長安東路1段口,0,0,1,1,C03,8,7,5,50,4,1,1,5,4,5,13,1,1,9,4,5,2,12,1,25,2,9,5,1,7,9,1,10,1,11,,16,,1,21,121.524667,25.0491484
113,7,20,10,40,2,03中山區,中山區林森北路與長安東路1段口,0,0,1,2,C03,8,7,5,50,4,1,1,5,4,5,13,1,1,9,4,5,2,12,2,33,3,10,5,1,7,7,1,10,1,14,,42,,1,21,121.524667,25.0491484
113,7,20,10,54,2,12內湖區,內湖區新明路與新明路522巷口,0,0,1,1,C03,8,6,5,30,3,2,1,5,4,5,13,4,4,10,5,5,2,17,2,43,3,10,5,1,7,5,1,10,1,17,,74,,1,21,121.5771237,25.05323238
113,7,20,10,54,2,12內湖區,內湖區新明路與新明路522巷口,0,0,1,2,C03,8,6,5,30,3,2,1,5,4,5,13,4,4,10,5,5,2,17,2,28,2,9,5,1,7,6,1,10,1,12,,116,,1,21,121.5771237,25.05323238
113,7,20,10,54,2,12內湖區,內湖區新明路與新明路522巷口,0,0,1,3,C03,8,6,5,30,3,2,1,5,4,5,13,4,4,10,5,5,2,17,2,35,3,10,5,1,7,13,1,10,1,14,,44,,1,21,121.5771237,25.05323238
113,7,20,10,54,2,12內湖區,內湖區新明路與新明路522巷口,0,0,1,4,H02,8,6,5,30,3,2,1,5,4,5,13,4,4,10,5,5,2,17,1,30,3,10,5,5,7,21,8,20,10,16,,67,,1,21,121.5771237,25.05323238
113,7,20,11,8,2,03中山區,中山區中山北路3段與民族西路口,0,0,1,1,C03,8,7,5,50,14,9,1,5,4,5,13,1,1,9,4,5,2,16,2,75,2,9,5,1,7,11,1,10,1,11,,10,,1,21,121.5224592,25.0684631
113,7,20,11,8,2,03中山區,中山區中山北路3段與民族西路口,0,0,1,2,A02,8,7,5,50,14,9,1,5,4,5,13,1,1,9,4,5,2,16,1,62,3,10,7,1,7,9,1,2,1,5,,44,,1,21,121.5224592,25.0684631
113,7,20,11,17,2,03中山區,中山區吉林路140號,0,0,1,1,B03,8,6,5,40,14,9,1,5,4,5,13,4,4,8,5,4,1,12,1,31,3,10,3,4,7,11,1,8,1,4,,80,,1,21,121.5301717,25.0556654
113,7,20,11,17,2,03中山區,中山區吉林路140號,0,0,1,2,C03,8,6,5,40,14,9,1,5,4,5,13,4,4,8,5,4,1,12,2,21,2,9,3,4,7,9,1,10,1,11,,44,,1,21,121.5301717,25.0556654
113,7,20,11,18,2,02萬華區,萬華區大理街7號,0,0,1,1,C03,8,6,5,30,14,9,1,5,4,5,13,4,4,10,5,5,1,7,2,73,2,9,5,1,7,9,1,10,1,14,,44,,1,21,121.5028293,25.0346122
113,7,20,11,18,2,02萬華區,萬華區大理街7號,0,0,1,2,B12,8,6,5,30,14,9,1,5,4,5,13,4,4,10,5,5,1,7,1,45,3,10,7,1,7,3,1,8,1,4,,44,,1,21,121.5028293,25.0346122
113,7,20,11,39,2,06松山區,松山區光復北路196號,0,0,1,1,B03,8,6,5,50,14,9,1,5,4,5,13,4,4,5,4,5,2,12,1,28,3,10,3,4,7,1,1,8,1,8,,19,,1,21,121.5558562,25.0549561
113,7,20,11,39,2,06松山區,松山區光復北路196號,0,0,1,2,C03,8,6,5,50,14,9,1,5,4,5,13,4,4,5,4,5,2,12,1,70,2,9,5,4,7,9,1,10,1,12,,44,,1,21,121.5558562,25.0549561
113,7,20,11,44,2,01大同區,大同區鄭州路與西寧北路口,0,0,2,1,C03,8,6,5,40,4,1,1,5,4,5,13,1,1,1,2,5,2,17,1,22,2,7,6,1,7,5,1,10,3,13,,44,,1,21,121.5082021,25.0506052
113,7,20,11,44,2,01大同區,大同區鄭州路與西寧北路口,0,0,2,2,C03,8,6,5,40,4,1,1,5,4,5,13,1,1,1,2,5,2,17,1,62,2,9,6,1,7,9,1,10,2,15,,99,,1,21,121.5082021,25.0506052
113,7,20,12,18,2,01大同區,大同區延平北路2段與民權西路口,0,0,3,1,C03,7,6,5,50,4,1,1,5,4,5,13,2,1,4,4,5,2,16,1,53,2,9,3,4,7,5,1,10,2,14,,99,,1,21,121.511207,25.0628398
113,7,20,12,18,2,01大同區,大同區延平北路2段與民權西路口,0,0,3,2,C03,7,6,5,50,4,1,1,5,4,5,13,2,1,4,4,5,2,16,1,67,2,9,3,4,7,9,1,10,2,12,,44,,1,21,121.511207,25.0628398
113,7,20,12,18,2,01大同區,大同區延平北路2段與民權西路口,0,0,3,3,C03,7,6,5,50,4,1,1,5,4,5,13,2,1,4,4,5,2,16,1,20,2,8,3,4,7,9,1,10,2,11,,44,,1,21,121.511207,25.0628398
113,7,20,12,50,2,12內湖區,內湖區民權東路6段174巷與成功路2段245巷口,0,0,2,1,C03,8,5,5,30,3,2,1,5,4,5,13,4,4,10,5,5,2,17,1,28,2,7,5,1,7,6,3,18,1,11,,9,,1,21,121.5913185,25.06791174
113,7,20,12,50,2,12內湖區,內湖區民權東路6段174巷與成功路2段245巷口,0,0,2,2,C03,8,5,5,30,3,2,1,5,4,5,13,4,4,10,5,5,2,17,2,65,2,9,5,1,7,9,1,10,1,11,,44,,1,21,121.5913185,25.06791174
113,7,20,12,52,2,07信義區,信義區市民大道5段與東寧路口,0,0,1,1,B01,8,6,5,50,3,2,1,5,4,5,13,1,1,1,3,5,2,13,2,41,3,10,3,4,7,11,1,4,1,5,,16,,1,21,121.5627885,25.0473167
113,7,20,12,52,2,07信義區,信義區市民大道5段與東寧路口,0,0,1,2,C03,8,6,5,50,3,2,1,5,4,5,13,1,1,1,3,5,2,13,2,20,2,8,6,1,7,11,1,10,1,14,,16,,1,21,121.5627885,25.0473167
113,7,20,12,58,2,02萬華區,萬華區中華路2段484巷與中華路2段口,0,0,1,1,B01,8,6,5,50,4,1,1,5,4,5,13,1,1,8,3,4,1,17,1,41,3,10,7,1,7,6,1,4,1,5,,9,,1,21,121.5070169,25.0267636
113,7,20,12,58,2,02萬華區,萬華區中華路2段484巷與中華路2段口,0,0,1,2,C03,8,6,5,50,4,1,1,5,4,5,13,1,1,8,3,4,1,17,1,51,2,8,5,1,7,9,1,10,1,14,,44,,1,21,121.5070169,25.0267636
113,7,20,12,58,2,06松山區,松山區市民大道6段131號,0,0,1,1,B03,8,6,5,40,14,9,1,5,4,5,13,4,4,10,4,5,2,12,1,19,3,10,3,4,7,8,1,8,2,8,,100,,1,21,121.579029,25.04951607
113,7,20,12,58,2,06松山區,松山區市民大道6段131號,0,0,1,2,C03,8,6,5,40,14,9,1,5,4,5,13,4,4,10,4,5,2,12,1,24,2,9,6,4,7,9,1,10,2,12,,44,,1,21,121.579029,25.04951607
113,7,20,12,58,2,06松山區,松山區市民大道6段131號,0,0,1,3,B01,8,6,5,40,14,9,1,5,4,5,13,4,4,10,4,5,2,12,1,60,3,10,3,4,7,13,1,4,2,6,,44,,1,21,121.579029,25.04951607
113,7,20,13,10,2,12內湖區,內湖區成功路3段方濟中學公車站,0,0,2,1,C03,8,7,8,50,14,9,1,5,4,5,13,4,4,1,4,5,2,17,1,42,2,9,5,1,7,9,1,9,2,14,,108,,1,21,121.5902513,25.0766973
113,7,20,13,10,2,12內湖區,內湖區成功路3段方濟中學公車站,0,0,2,2,A02,8,7,8,50,14,9,1,5,4,5,13,4,4,1,4,5,2,17,1,42,3,10,7,1,7,14,1,2,2,17,,38,,1,21,121.5902513,25.0766973
113,7,20,13,10,2,12內湖區,內湖區成功路3段方濟中學公車站,0,0,2,3,H02,8,7,8,50,14,9,1,5,4,5,13,4,4,1,4,5,2,17,1,13,2,9,4,5,7,19,8,20,10,16,,67,,1,21,121.5902513,25.0766973
113,7,20,13,36,2,02萬華區,萬華區和平西路3段與南寧路口,0,0,1,1,B03,8,6,5,50,5,1,1,5,4,5,13,2,1,1,5,5,2,13,2,32,3,10,7,1,7,6,1,8,1,5,,16,,1,26,121.5031699,25.03513615
113,7,20,13,36,2,02萬華區,萬華區和平西路3段與南寧路口,0,0,1,2,C04,8,6,5,50,5,1,1,5,4,5,13,2,1,1,5,5,2,13,2,61,2,9,6,1,7,12,1,8,1,13,,42,,1,26,121.5031699,25.03513615
113,7,20,14,5,2,02萬華區,萬華區漢中街與漢中街147巷口,0,0,2,1,B03,8,6,5,50,3,2,1,5,4,5,13,4,4,7,2,5,1,17,1,56,3,10,3,4,7,15,1,4,2,2,,80,,1,21,121.5072546,25.041759
113,7,20,14,5,2,02萬華區,萬華區漢中街與漢中街147巷口,0,0,2,2,C03,8,6,5,50,3,2,1,5,4,5,13,4,4,7,2,5,1,17,1,59,2,9,3,4,7,9,1,10,2,11,,44,,1,21,121.5072546,25.041759
113,7,20,14,5,2,02萬華區,萬華區漢中街與漢中街147巷口,0,0,2,3,H02,8,6,5,50,3,2,1,5,4,5,13,4,4,7,2,5,1,17,2,9,2,9,3,5,7,20,8,20,10,16,,67,,1,14,121.5072546,25.041759
113,7,20,14,39,2,09北投區,北投區竹子湖路與中興路口,0,0,1,1,B03,8,5,5,40,3,1,1,5,4,5,13,4,4,4,4,5,2,16,1,52,3,10,7,1,7,6,1,8,1,5,,74,,1,21,121.5447259,25.1632886
113,7,20,14,39,2,09北投區,北投區竹子湖路與中興路口,0,0,1,2,C03,8,5,5,40,3,1,1,5,4,5,13,4,4,4,4,5,2,16,1,44,2,9,5,1,7,9,1,10,1,11,,14,,1,21,121.5447259,25.1632886
113,7,20,15,25,2,09北投區,北投區承德路7段351-1號,0,0,1,1,B03,8,7,5,60,14,7,1,5,4,5,13,4,4,1,4,4,2,16,2,37,3,10,7,1,7,1,1,8,2,4,,19,,1,22,121.5026264,25.11833201
113,7,20,15,25,2,09北投區,北投區承德路7段351-1號,0,0,1,2,C03,8,7,5,60,14,7,1,5,4,5,13,4,4,1,4,4,2,16,1,62,2,9,5,1,7,9,1,10,2,12,,44,,1,22,121.5026264,25.11833201
113,7,20,16,3,2,04大安區,大安區復興南路2段78巷與復興南路2段78巷30弄口,0,0,1,1,C03,8,6,5,50,3,1,1,5,4,5,13,4,4,9,4,5,1,3,2,48,2,8,3,4,7,9,1,10,1,17,,14,,1,21,121.5423687,25.0310945
113,7,20,16,3,2,04大安區,大安區復興南路2段78巷與復興南路2段78巷30弄口,0,0,1,2,H01,8,6,5,50,3,1,1,5,4,5,13,4,4,9,4,5,1,3,2,14,3,10,4,5,8,20,8,20,10,16,,53,,1,21,121.5423687,25.0310945
113,7,20,16,15,2,07信義區,信義區忠孝東路4段國父紀念館,0,0,1,1,A02,8,6,5,50,14,9,1,5,4,5,13,4,4,1,4,5,2,9,1,67,3,10,3,4,7,12,1,2,9,17,,44,,1,22,121.558406,25.0412315
113,7,20,16,15,2,07信義區,信義區忠孝東路4段國父紀念館,0,0,1,2,H02,8,6,5,50,14,9,1,5,4,5,13,4,4,1,4,5,2,9,2,54,2,9,2,5,7,20,8,20,10,16,,44,,1,22,121.558406,25.0412315
113,7,20,17,0,2,05中正區,中正區永福橋往北市,0,0,1,1,C03,8,6,5,50,14,9,1,5,4,5,13,1,1,4,4,5,1,17,2,28,2,9,6,1,7,11,1,10,1,14,,10,,1,21,121.5300129,25.01336378
113,7,20,17,0,2,05中正區,中正區永福橋往北市,0,0,1,2,C03,8,6,5,50,14,9,1,5,4,5,13,1,1,4,4,5,1,17,1,61,3,10,5,1,7,9,1,10,1,11,,44,,1,21,121.5300129,25.01336378
113,7,20,17,0,2,05中正區,中正區永福橋往北市,0,0,1,3,H02,8,6,5,50,14,9,1,5,4,5,13,1,1,4,4,5,1,17,2,19,4,11,5,5,7,17,8,20,10,16,,67,,1,21,121.5300129,25.01336378
113,7,20,17,20,2,04大安區,大安區安和路2段83號,0,0,1,1,B02,8,6,5,50,14,9,1,5,4,5,13,4,4,1,4,5,2,9,2,47,3,10,3,4,7,14,1,8,1,2,,38,,1,22,121.5521719,25.0300871
113,7,20,17,20,2,04大安區,大安區安和路2段83號,0,0,1,2,H02,8,6,5,50,14,9,1,5,4,5,13,4,4,1,4,5,2,9,2,47,3,10,3,5,7,20,8,20,10,16,,126,,1,22,121.5521719,25.0300871
113,7,20,17,20,2,04大安區,大安區安和路2段83號,0,0,1,3,C03,8,6,5,50,14,9,1,5,4,5,13,4,4,1,4,5,2,9,1,32,2,8,6,4,7,9,1,10,1,14,,44,,1,22,121.5521719,25.0300871
113,7,20,17,40,2,08士林區,士林區雨農橋南向北,0,0,1,1,C03,8,5,5,50,8,9,1,5,4,5,13,4,4,5,5,5,1,2,1,53,3,10,5,1,7,9,1,10,2,11,,16,,1,21,121.5327196,25.1003586
113,7,20,17,40,2,08士林區,士林區雨農橋南向北,0,0,1,2,H01,8,5,5,50,8,9,1,5,4,5,13,4,4,5,5,5,1,2,2,57,2,9,4,5,8,16,8,20,10,16,,67,,1,21,121.5327196,25.1003586
113,7,20,17,45,2,12內湖區,內湖區成功路5段大湖公園前,0,0,1,1,C03,8,6,5,50,14,8,1,5,4,5,13,4,4,1,4,4,2,13,1,52,2,9,5,1,7,9,1,10,1,11,,16,,1,21,121.6032144,25.08319934
113,7,20,17,45,2,12內湖區,內湖區成功路5段大湖公園前,0,0,1,2,B03,8,6,5,50,14,8,1,5,4,5,13,4,4,1,4,4,2,13,1,48,3,10,7,1,7,14,1,8,1,7,,38,,1,21,121.6032144,25.08319934
113,7,20,17,46,2,03中山區,中山區北安路與自強隧道(外)口,0,0,1,1,C03,8,7,5,50,18,9,1,5,4,5,13,4,4,7,4,5,2,12,2,23,2,9,5,1,7,8,1,10,1,12,,95,,1,21,121.5503072,25.0852296
113,7,20,17,46,2,03中山區,中山區北安路與自強隧道(外)口,0,0,1,2,B03,8,7,5,50,18,9,1,5,4,5,13,4,4,7,4,5,2,12,1,25,3,10,7,1,7,9,1,8,1,8,,44,,1,21,121.5503072,25.0852296
113,7,20,18,0,2,10文山區,文山區羅斯福路5段與萬盛街口口(萬盛街15號旁),0,0,1,1,B03,8,6,5,30,3,1,1,5,4,5,13,4,4,9,5,5,2,16,1,28,3,10,7,1,7,6,1,8,1,8,,44,,1,21,121.5391369,25.0074989
113,7,20,18,0,2,10文山區,文山區羅斯福路5段與萬盛街口口(萬盛街15號旁),0,0,1,2,C03,8,6,5,30,3,1,1,5,4,5,13,4,4,9,5,5,2,16,1,40,2,9,6,1,7,4,1,9,1,12,,1,,1,21,121.5391369,25.0074989
113,7,20,18,12,2,03中山區,中山區濱江街309號,0,0,1,2,,8,7,5,50,14,9,1,5,5,5,13,4,4,1,4,1,2,18,3,0,,,,,,,,,,,,67,,1,,121.5210411,25.0502245
113,7,20,18,12,2,03中山區,中山區濱江街309號,0,0,1,1,C03,8,7,5,50,14,9,1,5,5,5,13,4,4,1,4,1,2,18,2,39,2,9,5,1,7,9,1,10,1,12,,44,,1,21,121.5210411,25.0502245
113,7,20,18,15,2,07信義區,信義區松信路與永吉路180巷67弄口,0,0,1,1,B02,8,7,5,50,14,9,1,5,4,5,13,4,4,9,4,5,2,17,1,60,3,10,7,1,7,7,1,8,2,6,,100,,1,21,121.5719814,25.0436154
113,7,20,18,15,2,07信義區,信義區松信路與永吉路180巷67弄口,0,0,1,2,F01,8,7,5,50,14,9,1,5,4,5,13,4,4,9,4,5,2,17,1,69,2,9,4,1,7,9,8,20,2,14,,42,,1,21,121.5719814,25.0436154
113,7,20,18,23,2,06松山區,松山區健康路與塔悠路口,0,0,1,1,B03,8,7,5,40,4,1,1,5,4,5,13,1,1,1,4,4,2,16,1,30,3,10,7,1,7,6,1,8,1,2,,9,,1,21,121.5696901,25.0544838
113,7,20,18,23,2,06松山區,松山區健康路與塔悠路口,0,0,1,2,C03,8,7,5,40,4,1,1,5,4,5,13,1,1,1,4,4,2,16,2,41,2,9,6,1,7,9,1,10,1,14,,44,,1,21,121.5696901,25.0544838
113,7,20,18,28,2,04大安區,大安區光復南路與光復南路180巷口,0,0,2,1,B03,8,6,5,50,3,2,1,5,4,5,13,4,4,1,4,5,2,16,1,59,3,10,7,1,7,6,1,8,1,17,,9,,1,21,121.5183568,25.04847309
113,7,20,18,28,2,04大安區,大安區光復南路與光復南路180巷口,0,0,2,2,C03,8,6,5,50,3,2,1,5,4,5,13,4,4,1,4,5,2,16,2,35,2,9,6,1,7,9,1,10,1,17,,44,,1,21,121.5183568,25.04847309
113,7,20,18,28,2,04大安區,大安區光復南路與光復南路180巷口,0,0,2,3,H02,8,6,5,50,3,2,1,5,4,5,13,4,4,1,4,5,2,16,2,27,2,8,6,5,7,20,8,20,10,16,,67,,1,21,121.5183568,25.04847309
113,7,20,18,36,2,01大同區,大同區錦西街48號,0,0,1,1,B03,8,5,5,50,14,9,1,5,4,5,13,4,4,5,4,5,1,14,1,50,3,10,3,4,7,2,1,8,4,6,,18,,1,21,121.5201804,25.0603028
113,7,20,18,36,2,01大同區,大同區錦西街48號,0,0,1,2,C03,8,5,5,50,14,9,1,5,4,5,13,4,4,5,4,5,1,14,2,31,2,9,3,4,7,9,1,10,2,11,,44,,1,21,121.5201804,25.0603028
113,7,20,18,38,2,06松山區,松山區復興南路1段39號,0,0,2,1,B03,8,5,5,40,14,9,1,5,4,5,13,4,4,1,4,5,2,12,2,43,3,10,7,1,7,8,1,8,1,2,,100,,1,26,121.5451344,25.045112