發生年度,發生月,發生日,發生時-Hours,發生分,處理別-編號,區序,肇事地點,死亡人數,2-30日死亡人數,受傷人數,當事人序號,車種,天候,道路照明設備,道路類別,速限-速度限制,道路型態,事故位置,路面狀況1,路面狀況2,路面狀況3,道路障礙1,道路障礙2,號誌1,號誌2,車道劃分-分向,車道劃分-分道1,車道劃分-分道2,車道劃分-分道3,事故類型及型態,性別,年齡,受傷程度,主要傷處,保護裝置,行動電話,車輛用途,當事者行動狀態,駕駛資格情形,駕駛執照種類,飲酒情形,車輛撞擊部位1,車輛撞擊部位2,肇因碼-個別,肇因碼-主要,個人肇逃否,職業,座標-X,座標-Y
113,7,20,18,38,2,06松山區,松山區復興南路1段39號,0,0,2,2,C03,8,5,5,40,14,9,1,5,4,5,13,4,4,1,4,5,2,12,2,23,2,9,5,1,7,9,1,10,1,11,,44,,1,25,121.5451344,25.045112
113,7,20,18,38,2,06松山區,松山區復興南路1段39號,0,0,2,3,C03,8,5,5,40,14,9,1,5,4,5,13,4,4,1,4,5,2,12,1,24,2,9,5,1,7,9,1,10,1,11,,44,,1,25,121.5451344,25.045112
113,7,20,19,37,2,03中山區,中山區長安東路2段與建國北路1段口,0,0,1,1,B03,8,5,5,50,4,1,1,5,4,5,13,2,1,1,5,5,2,12,1,34,3,10,7,1,7,8,1,8,1,5,,100,,1,22,121.5369358,25.04857
113,7,20,19,37,2,03中山區,中山區長安東路2段與建國北路1段口,0,0,1,2,C03,8,5,5,50,4,1,1,5,4,5,13,2,1,1,5,5,2,12,2,56,2,9,6,1,7,9,1,10,1,12,,17,,1,22,121.5369358,25.04857
113,7,20,20,40,2,12內湖區,內湖區文德路22巷44弄18號旁,0,0,1,1,C03,8,5,5,30,14,9,1,5,4,5,13,4,4,10,5,5,2,3,1,68,3,10,6,1,7,9,1,10,1,11,,108,,1,21,121.5807862,25.07684088
113,7,20,20,40,2,12內湖區,內湖區文德路22巷44弄18號旁,0,0,1,2,H01,8,5,5,30,14,9,1,5,4,5,13,4,4,10,5,5,2,3,2,56,2,9,4,5,8,16,8,20,1,16,,121,,1,21,121.5807862,25.07684088
113,7,20,20,53,2,12內湖區,內湖區成功路4段54號,0,0,1,1,B03,8,6,5,50,14,9,1,5,4,5,13,2,1,9,4,5,2,17,2,67,3,10,7,1,7,14,1,8,1,5,,40,,1,21,121.5913243,25.067884
113,7,20,20,53,2,12內湖區,內湖區成功路4段54號,0,0,1,2,C03,8,6,5,50,14,9,1,5,4,5,13,2,1,9,4,5,2,17,1,48,2,9,6,1,7,10,1,10,1,14,,101,,1,21,121.5913243,25.067884
113,7,20,20,53,2,12內湖區,內湖區成功路4段54號,0,0,1,3,H02,8,6,5,50,14,9,1,5,4,5,13,2,1,9,4,5,2,17,1,70,3,10,7,5,7,21,8,20,10,17,,126,,1,21,121.5913243,25.067884
113,7,20,21,0,2,01大同區,大同區延平北路3段與延平北路3段18巷口,0,0,1,1,B03,7,5,5,50,4,18,1,5,4,5,13,4,4,5,4,5,2,3,1,63,3,10,3,4,7,9,1,8,2,1,,70,,1,21,121.5112598,25.0644702
113,7,20,21,0,2,01大同區,大同區延平北路3段與延平北路3段18巷口,0,0,1,2,H01,7,5,5,50,4,18,1,5,4,5,13,4,4,5,4,5,2,3,1,35,2,8,4,5,8,16,8,20,10,16,,67,,1,21,121.5112598,25.0644702
113,7,20,21,0,2,03中山區,中山區中山北路2段與南京東路1段口,0,0,1,1,B03,7,5,5,50,4,1,1,5,4,5,13,1,1,5,4,5,2,16,1,31,3,10,3,4,7,8,1,8,2,2,,101,,1,21,121.522664,25.0525583
113,7,20,21,0,2,03中山區,中山區中山北路2段與南京東路1段口,0,0,1,2,C03,7,5,5,50,4,1,1,5,4,5,13,1,1,5,4,5,2,16,1,48,2,9,3,4,7,9,1,10,2,14,,44,,1,21,121.522664,25.0525583
113,7,20,21,4,2,10文山區,文山區木新路3段與中崙路口,0,0,1,1,C03,8,5,5,40,3,2,1,5,4,5,13,4,4,10,5,5,2,3,1,20,3,10,3,4,7,9,1,10,2,11,,118,,1,22,121.5648882,24.98264681
113,7,20,21,4,2,10文山區,文山區木新路3段與中崙路口,0,0,1,2,H01,8,5,5,40,3,2,1,5,4,5,13,4,4,10,5,5,2,3,2,76,2,9,4,5,8,16,8,20,10,16,,67,,1,22,121.5648882,24.98264681
113,7,20,21,59,2,05中正區,中正區中華路2段與汀州路1段口,0,0,1,1,B03,8,5,5,50,4,1,1,5,4,5,13,1,1,5,4,4,2,16,1,28,3,10,7,4,7,5,1,8,1,8,,85,,1,21,121.505165,25.0330533
113,7,20,21,59,2,05中正區,中正區中華路2段與汀州路1段口,0,0,1,2,B01,8,5,5,50,4,1,1,5,4,5,13,1,1,5,4,4,2,16,1,62,2,2,7,4,7,9,1,4,1,2,,44,,1,21,121.505165,25.0330533
113,7,20,22,18,2,01大同區,大同區民權西路與承德路3段口,0,0,1,1,C03,7,5,5,50,4,2,1,5,4,5,13,1,1,1,4,5,2,17,1,24,3,10,5,1,7,6,1,10,2,12,,9,,1,21,121.518392,25.06298276
113,7,20,22,18,2,01大同區,大同區民權西路與承德路3段口,0,0,1,2,C03,7,5,5,50,4,2,1,5,4,5,13,1,1,1,4,5,2,17,1,30,2,9,5,1,7,9,1,10,2,14,,14,,1,21,121.518392,25.06298276
113,7,20,23,47,2,04大安區,大安區仁愛路4段與安和路1段口,0,0,1,1,B03,8,5,5,50,4,1,1,5,4,5,13,2,1,1,4,5,2,17,1,43,3,10,7,1,7,6,1,1,1,17,,82,,1,21,121.5514741,25.0380212
113,7,20,23,47,2,04大安區,大安區仁愛路4段與安和路1段口,0,0,1,2,C03,8,5,5,50,4,1,1,5,4,5,13,2,1,1,4,5,2,17,1,26,2,9,6,1,7,9,1,10,1,12,,81,,1,21,121.5514741,25.0380212
113,7,21,1,15,2,11南港區,南港區忠孝東路7段99號對面,0,0,1,1,C03,7,5,5,40,14,8,1,5,4,5,13,4,4,1,4,4,2,13,1,20,2,9,5,1,7,9,1,10,2,12,,108,,1,22,121.5982768,25.050994
113,7,21,1,15,2,11南港區,南港區忠孝東路7段99號對面,0,0,1,2,B03,7,5,5,40,14,8,1,5,4,5,13,4,4,1,4,4,2,13,1,20,3,10,3,1,7,13,1,8,1,7,,44,,1,22,121.5982768,25.050994
113,7,21,6,17,2,11南港區,南港區市民大道7段與昆陽街口,0,0,1,1,B03,8,7,5,50,4,2,1,5,4,5,13,1,1,1,3,5,2,13,1,44,3,10,7,1,7,15,1,8,1,5,,16,,1,21,121.5930913,25.0510896
113,7,21,6,17,2,11南港區,南港區市民大道7段與昆陽街口,0,0,1,2,C03,8,7,5,50,4,2,1,5,4,5,13,1,1,1,3,5,2,13,1,64,2,8,5,1,7,1,1,10,1,13,,44,,1,21,121.5930913,25.0510896
113,7,21,6,52,2,09北投區,北投區懷德街56巷與榮華三路41巷口,0,0,2,1,B03,8,6,5,30,4,1,1,5,4,5,13,4,4,10,5,5,2,17,2,55,3,10,7,1,7,9,1,8,2,5,,14,,1,21,121.5204206,25.1127497
113,7,21,6,52,2,09北投區,北投區懷德街56巷與榮華三路41巷口,0,0,2,2,C03,8,6,5,30,4,1,1,5,4,5,13,4,4,10,5,5,2,17,1,65,2,9,5,1,7,9,1,10,2,11,,14,,1,21,121.5204206,25.1127497
113,7,21,6,52,2,09北投區,北投區懷德街56巷與榮華三路41巷口,0,0,2,3,H02,8,6,5,30,4,1,1,5,4,5,13,4,4,10,5,5,2,17,1,30,2,9,5,5,7,20,8,20,10,16,,67,,1,21,121.5204206,25.1127497
113,7,21,8,10,2,12內湖區,內湖區堤外便道西向東,0,0,2,1,F01,8,6,7,0,14,23,1,5,4,5,13,4,4,9,5,5,2,17,1,16,2,9,2,1,7,5,8,20,1,15,,118,,1,21,121.5894764,25.05818125
113,7,21,8,10,2,12內湖區,內湖區堤外便道西向東,0,0,2,2,F01,8,6,7,0,14,23,1,5,4,5,13,4,4,9,5,5,2,17,1,64,2,9,4,1,7,21,8,20,1,11,,118,,1,21,121.5894764,25.05818125
113,7,21,8,49,2,07信義區,信義區和平東路3段463巷與和平東路3段435巷7弄口,0,0,1,1,C03,8,6,5,30,3,1,1,5,4,5,13,4,4,10,5,5,2,16,2,42,2,8,6,1,7,5,1,10,1,11,,72,,1,21,121.5593236,25.01878198
113,7,21,8,49,2,07信義區,信義區和平東路3段463巷與和平東路3段435巷7弄口,0,0,1,2,B03,8,6,5,30,3,1,1,5,4,5,13,4,4,10,5,5,2,16,1,39,3,10,7,1,7,9,1,8,1,2,,44,,1,21,121.5593236,25.01878198
113,7,21,9,0,2,08士林區,士林區忠誠路2段70巷與忠誠路2段口,0,0,1,1,B03,8,6,5,30,3,2,1,5,4,5,13,4,4,1,4,4,1,17,2,54,3,10,7,1,7,6,1,8,2,4,,72,,1,21,121.5183568,25.04847309
113,7,21,9,0,2,08士林區,士林區忠誠路2段70巷與忠誠路2段口,0,0,1,2,C03,8,6,5,30,3,2,1,5,4,5,13,4,4,1,4,4,1,17,2,18,2,9,5,1,7,9,1,10,2,12,,13,,1,21,121.5183568,25.04847309
113,7,21,9,4,2,01大同區,大同區環河北路2段181號,0,0,1,1,B03,8,7,5,50,22,9,1,5,4,5,13,4,4,1,4,5,2,17,2,40,3,10,3,4,7,7,1,8,1,5,,101,,1,21,121.5091874,25.0683101
113,7,21,9,4,2,01大同區,大同區環河北路2段181號,0,0,1,2,C03,8,7,5,50,22,9,1,5,4,5,13,4,4,1,4,5,2,17,2,19,2,9,3,4,7,9,1,10,1,14,,14,,1,21,121.5091874,25.0683101
113,7,21,9,11,2,06松山區,松山區八德路2段424號,0,0,1,1,B01,8,5,5,50,14,9,1,5,4,5,13,1,1,4,3,5,2,12,1,60,3,10,3,4,7,1,1,4,1,4,,19,,1,26,121.5477885,25.0481618
113,7,21,9,11,2,06松山區,松山區八德路2段424號,0,0,1,2,C03,8,5,5,50,14,9,1,5,4,5,13,1,1,4,3,5,2,12,2,28,2,9,5,1,7,9,1,10,1,11,,44,,1,22,121.5477885,25.0481618
113,7,21,9,35,2,05中正區,中正區廈門街135巷4-2號,0,0,1,1,C03,8,7,5,30,14,9,5,5,4,5,13,4,4,10,5,5,2,17,1,77,2,9,5,1,7,1,1,10,1,14,,19,,1,21,121.5179296,25.0222246
113,7,21,9,35,2,05中正區,中正區廈門街135巷4-2號,0,0,1,2,B03,8,7,5,30,14,9,5,5,4,5,13,4,4,10,5,5,2,17,1,35,3,10,7,1,7,9,1,8,1,5,,44,,1,21,121.5179296,25.0222246
113,7,21,9,35,2,05中正區,中正區廈門街135巷4-2號,0,0,1,3,C03,8,7,5,30,14,9,5,5,4,5,13,4,4,10,5,5,2,17,1,61,3,10,5,1,7,13,1,10,9,12,,44,,1,21,121.5179296,25.0222246
113,7,21,9,35,2,05中正區,中正區廈門街135巷4-2號,0,0,1,4,C04,8,7,5,30,14,9,5,5,4,5,13,4,4,10,5,5,2,17,2,58,3,10,5,1,7,13,1,10,9,12,,44,,1,21,121.5179296,25.0222246
113,7,21,9,35,2,05中正區,中正區廈門街135巷4-2號,0,0,1,5,C03,8,7,5,30,14,9,5,5,4,5,13,4,4,10,5,5,2,17,1,57,3,10,5,1,7,13,1,10,9,12,,44,,1,21,121.5179296,25.0222246
113,7,21,9,35,2,05中正區,中正區廈門街135巷4-2號,0,0,1,6,C03,8,7,5,30,14,9,5,5,4,5,13,4,4,10,5,5,2,17,1,61,3,10,5,1,7,13,1,10,9,12,,44,,1,21,121.5179296,25.0222246
113,7,21,10,35,2,02萬華區,萬華區昆明街與昆明街187巷口,0,0,1,1,B02,8,5,5,50,4,1,1,5,4,5,13,4,4,10,4,5,2,12,1,30,3,10,7,1,7,15,1,8,1,2,,9,,1,21,121.5041807,25.039463
113,7,21,10,35,2,02萬華區,萬華區昆明街與昆明街187巷口,0,0,1,2,C03,8,5,5,50,4,1,1,5,4,5,13,4,4,10,4,5,2,12,2,70,2,8,5,1,7,4,1,10,1,14,,44,,1,21,121.5041807,25.039463
113,7,21,10,51,2,04大安區,大安區大安路1段與敦化南路1段190巷口,0,0,1,1,C03,8,5,5,30,4,1,1,5,4,5,13,4,4,10,4,5,2,15,2,25,2,9,5,1,7,9,1,10,1,11,,72,,1,21,121.546179,25.0426702
113,7,21,10,51,2,04大安區,大安區大安路1段與敦化南路1段190巷口,0,0,1,2,B03,8,5,5,30,4,1,1,5,4,5,13,4,4,10,4,5,2,15,2,44,3,10,7,1,7,9,1,8,1,2,,14,,1,21,121.546179,25.0426702
113,7,21,10,53,2,05中正區,中正區市民大道2段華山狗公園活動區前,0,0,1,1,C03,8,6,8,40,22,22,1,5,4,5,13,4,4,1,4,5,2,16,2,20,2,9,6,1,7,5,1,10,2,14,,8,,1,21,121.5237407,25.0477537
113,7,21,10,53,2,05中正區,中正區市民大道2段華山狗公園活動區前,0,0,1,2,B03,8,6,8,40,22,22,1,5,4,5,13,4,4,1,4,5,2,16,1,52,3,10,7,1,7,9,1,8,2,2,,44,,1,21,121.5237407,25.0477537
113,7,21,12,56,2,03中山區,中山區林森北路與林森北路353巷口,0,0,2,1,C03,8,7,5,30,4,1,1,5,4,5,13,4,4,9,4,5,2,15,2,52,3,10,5,1,7,9,1,10,1,12,,14,,1,21,121.525408,25.0570319
113,7,21,12,56,2,03中山區,中山區林森北路與林森北路353巷口,0,0,2,2,F01,8,7,5,30,4,1,1,5,4,5,13,4,4,9,4,5,2,15,1,25,2,8,4,1,7,1,8,20,1,14,,19,,1,21,121.525408,25.0570319
113,7,21,12,56,2,03中山區,中山區林森北路與林森北路353巷口,0,0,2,3,H02,8,7,5,30,4,1,1,5,4,5,13,4,4,9,4,5,2,15,2,27,2,8,5,5,7,21,8,20,10,16,,67,,1,21,121.525408,25.0570319
113,7,21,13,27,2,04大安區,大安區市民大道4段26號迴轉道,0,0,2,1,C03,8,6,5,40,14,9,1,5,4,5,13,4,4,1,4,5,2,16,1,62,2,9,6,1,7,5,1,10,1,13,,72,,1,21,121.5454303,25.0449405
113,7,21,13,27,2,04大安區,大安區市民大道4段26號迴轉道,0,0,2,2,C03,8,6,5,40,14,9,1,5,4,5,13,4,4,1,4,5,2,16,1,37,2,9,6,1,7,9,1,10,1,11,,13,,1,21,121.5454303,25.0449405
113,7,21,13,30,2,08士林區,士林區承德路5段與士商路口,0,0,1,1,C03,8,7,5,50,4,1,1,5,4,5,13,2,1,1,4,5,2,16,2,20,3,10,6,1,7,6,1,10,1,12,,9,,1,21,121.5141294,25.09610577
113,7,21,13,30,2,08士林區,士林區承德路5段與士商路口,0,0,1,2,C03,8,7,5,50,4,1,1,5,4,5,13,2,1,1,4,5,2,16,2,68,2,9,6,1,7,9,1,10,1,14,,44,,1,21,121.5141294,25.09610577
113,7,21,14,20,2,08士林區,士林區社中街與社正路45巷口,0,0,1,1,C03,8,6,5,30,5,1,1,5,4,5,13,4,4,10,5,5,2,17,1,66,3,10,6,1,7,9,1,10,1,17,,72,,1,21,121.509678,25.0904971
113,7,21,14,20,2,08士林區,士林區社中街與社正路45巷口,0,0,1,2,C03,8,6,5,30,5,1,1,5,4,5,13,4,4,10,5,5,2,17,1,33,2,8,6,1,7,9,1,10,1,12,,14,,1,21,121.509678,25.0904971
113,7,21,14,52,2,01大同區,大同區長安西路與重慶北路1段口,0,0,3,1,C03,8,6,5,50,4,1,1,5,4,5,13,2,1,1,4,5,2,17,2,51,2,7,5,4,7,5,1,10,1,12,,8,,1,21,121.5132534,25.0518762
113,7,21,14,52,2,01大同區,大同區長安西路與重慶北路1段口,0,0,3,2,C03,8,6,5,50,4,1,1,5,4,5,13,2,1,1,4,5,2,17,1,54,2,9,5,4,7,9,1,10,1,11,,44,,1,21,121.5132534,25.0518762
113,7,21,14,52,2,01大同區,大同區長安西路與重慶北路1段口,0,0,3,3,H02,8,6,5,50,4,1,1,5,4,5,13,2,1,1,4,5,2,17,2,50,2,9,5,5,7,20,8,20,10,16,,67,,1,21,121.5132534,25.0518762
113,7,21,14,59,2,04大安區,大安區光復南路與延吉街口,0,0,2,1,B03,8,6,5,50,3,1,1,5,4,5,13,4,4,9,4,5,1,16,1,43,3,10,3,4,7,6,1,8,1,5,,9,,1,21,121.5573609,25.03386138
113,7,21,14,59,2,04大安區,大安區光復南路與延吉街口,0,0,2,2,C03,8,6,5,50,3,1,1,5,4,5,13,4,4,9,4,5,1,16,2,20,2,8,5,1,7,9,1,10,1,13,,44,,1,21,121.5573609,25.03386138
113,7,21,14,59,2,04大安區,大安區光復南路與延吉街口,0,0,2,3,H02,8,6,5,50,3,1,1,5,4,5,13,4,4,9,4,5,1,16,2,20,2,8,4,5,7,20,8,20,10,16,,67,,1,21,121.5573609,25.03386138
113,7,21,15,11,2,07信義區,信義區吳興街156巷與吳興街口,0,0,1,1,C03,8,7,5,30,4,1,1,5,4,5,13,1,1,9,4,5,2,16,1,36,3,10,5,1,7,5,1,10,1,12,,71,,1,21,121.5617909,25.0292779
113,7,21,15,11,2,07信義區,信義區吳興街156巷與吳興街口,0,0,1,2,C03,8,7,5,30,4,1,1,5,4,5,13,1,1,9,4,5,2,16,1,40,2,8,5,1,7,9,1,10,1,11,,44,,1,21,121.5617909,25.0292779
113,7,21,15,15,2,02萬華區,萬華區雙園街與雙園街89巷口,0,0,2,1,C03,8,6,5,30,3,2,1,5,4,5,13,4,4,9,5,5,2,17,1,84,3,10,6,1,7,9,1,10,1,11,,75,,1,21,121.492266,25.03158
113,7,21,15,15,2,02萬華區,萬華區雙園街與雙園街89巷口,0,0,2,2,C03,8,6,5,30,3,2,1,5,4,5,13,4,4,9,5,5,2,17,1,37,2,9,6,1,7,5,1,10,1,11,,13,,1,21,121.492266,25.03158
113,7,21,15,15,2,02萬華區,萬華區雙園街與雙園街89巷口,0,0,2,3,H02,8,6,5,30,3,2,1,5,4,5,13,4,4,9,5,5,2,17,2,60,2,9,6,5,7,20,8,20,10,16,,67,,1,21,121.492266,25.03158
113,7,21,15,20,2,08士林區,士林區文林路615巷建德橋與文林北路5巷口,0,0,1,1,C03,8,6,5,50,3,1,1,5,4,5,13,4,4,5,5,5,2,17,1,19,2,9,3,4,7,4,1,10,1,11,,99,,1,21,121.5178336,25.1000304
113,7,21,15,20,2,08士林區,士林區文林路615巷建德橋與文林北路5巷口,0,0,1,2,B03,8,6,5,50,3,1,1,5,4,5,13,4,4,5,5,5,2,17,2,21,3,10,3,4,7,5,1,8,1,4,,44,,1,21,121.5178336,25.1000304
113,7,21,15,27,2,03中山區,中山區長春路與松江路口,0,0,2,1,C03,8,6,5,50,4,1,1,5,4,5,13,2,1,5,4,5,2,15,1,63,2,9,6,1,7,9,1,10,2,12,,81,,1,22,121.5331623,25.0547632
113,7,21,15,27,2,03中山區,中山區長春路與松江路口,0,0,2,2,C04,8,6,5,50,4,1,1,5,4,5,13,2,1,5,4,5,2,15,2,31,2,9,6,1,7,9,1,10,2,11,,13,,1,22,121.5331623,25.0547632
113,7,21,16,17,2,09北投區,北投區幽雅路18號,0,0,2,1,B03,8,7,5,30,11,9,1,5,4,5,13,4,4,10,5,5,2,11,1,73,3,10,3,4,7,9,1,8,2,8,,5,,1,21,121.5139226,25.1375476
113,7,21,16,17,2,09北投區,北投區幽雅路18號,0,0,2,2,C03,8,7,5,30,11,9,1,5,4,5,13,4,4,10,5,5,2,11,1,41,2,9,3,4,7,9,1,10,2,14,,44,,1,21,121.5139226,25.1375476
113,7,21,16,17,2,09北投區,北投區幽雅路18號,0,0,2,3,H02,8,7,5,30,11,9,1,5,4,5,13,4,4,10,5,5,2,11,2,39,2,8,3,5,7,20,8,20,10,16,,67,,1,21,121.5139226,25.1375476
113,7,21,16,28,2,07信義區,信義區信義路5段1號,0,0,1,1,C03,8,7,5,50,14,9,1,5,4,5,13,1,1,9,4,5,2,13,1,48,2,9,5,1,7,9,1,10,2,11,,16,,1,21,121.5607802,25.0330463
113,7,21,16,28,2,07信義區,信義區信義路5段1號,0,0,1,2,B03,8,7,5,50,14,9,1,5,4,5,13,1,1,9,4,5,2,13,2,33,3,10,7,1,7,9,1,8,2,3,,44,,1,21,121.5607802,25.0330463
113,7,21,16,43,2,03中山區,中山區長安西路與長安西路19巷2弄口,0,0,1,1,B03,8,6,5,50,3,1,1,5,4,5,13,2,1,9,5,5,2,16,1,26,3,10,7,4,7,6,1,8,1,5,,71,,1,22,121.5202535,25.0501961
113,7,21,16,43,2,03中山區,中山區長安西路與長安西路19巷2弄口,0,0,1,2,C03,8,6,5,50,3,1,1,5,4,5,13,2,1,9,5,5,2,16,1,33,2,9,6,1,7,9,1,10,1,14,,44,,1,22,121.5202535,25.0501961
113,7,21,16,59,2,02萬華區,萬華區昆明街96巷20號,0,0,2,2,H01,8,7,5,30,14,9,1,5,4,5,13,4,4,10,5,5,2,9,1,21,2,7,4,5,8,17,8,20,10,16,,54,,1,21,121.5041531,25.04489761
113,7,21,16,59,2,02萬華區,萬華區昆明街96巷20號,0,0,2,1,C03,8,7,5,30,14,9,1,5,4,5,13,4,4,10,5,5,2,9,1,41,2,9,5,1,7,9,1,10,1,11,,117,,1,21,121.5041531,25.04489761
113,7,21,17,8,2,12內湖區,內湖區東湖路43巷與東湖路113巷5弄口口,0,0,4,1,C03,8,5,5,30,3,2,1,5,4,5,13,4,4,10,5,5,2,16,2,47,2,8,5,1,7,5,1,11,1,14,,14,,1,21,121.6141002,25.06928024
113,7,21,17,8,2,12內湖區,內湖區東湖路43巷與東湖路113巷5弄口口,0,0,4,2,C03,8,5,5,30,3,2,1,5,4,5,13,4,4,10,5,5,2,16,2,53,2,7,6,1,7,5,1,10,1,12,,17,,1,21,121.6141002,25.06928024
113,7,21,17,8,2,12內湖區,內湖區東湖路43巷與東湖路113巷5弄口口,0,0,4,4,H02,8,5,5,30,3,2,1,5,4,5,13,4,4,10,5,5,2,16,2,12,2,8,5,5,7,20,8,20,10,16,,67,,1,14,121.6141002,25.06928024
113,7,21,17,8,2,12內湖區,內湖區東湖路43巷與東湖路113巷5弄口口,0,0,4,3,H02,8,5,5,30,3,2,1,5,4,5,13,4,4,10,5,5,2,16,2,13,2,9,5,5,7,20,8,20,10,16,,67,,1,15,121.6141002,25.06928024
113,7,21,17,17,2,09北投區,北投區泉源路1204901號燈桿,0,0,1,1,B03,8,6,5,30,11,9,1,5,4,5,13,4,4,10,5,5,2,10,1,55,3,10,7,1,7,10,1,8,2,8,,17,,1,21,121.5102323,25.14137718
113,7,21,17,17,2,09北投區,北投區泉源路1204901號燈桿,0,0,1,2,C03,8,6,5,30,11,9,1,5,4,5,13,4,4,10,5,5,2,10,2,66,2,9,5,1,7,10,1,10,2,11,,17,,1,21,121.5102323,25.14137718
113,7,21,17,24,2,04大安區,大安區仁愛路4段與仁愛路4段266巷口,0,0,1,1,B02,8,6,5,50,4,1,1,5,4,5,13,1,1,10,5,5,2,16,1,33,3,10,7,1,7,6,1,10,1,2,,9,,1,21,121.5530374,25.0375745
113,7,21,17,24,2,04大安區,大安區仁愛路4段與仁愛路4段266巷口,0,0,1,2,F02,8,6,5,50,4,1,1,5,4,5,13,1,1,10,5,5,2,16,1,51,2,8,4,1,7,1,8,20,1,11,,19,,1,21,121.5530374,25.0375745
113,7,21,18,15,2,02萬華區,萬華區西園路1段與廣州街口,0,0,2,1,A02,8,6,5,50,4,2,1,5,4,5,13,2,1,5,4,5,2,17,1,59,3,10,7,1,7,1,1,2,1,5,,44,,1,21,121.499365,25.0368518
113,7,21,18,15,2,02萬華區,萬華區西園路1段與廣州街口,0,0,2,2,C03,8,6,5,50,4,2,1,5,4,5,13,2,1,5,4,5,2,17,1,35,2,8,6,1,7,7,1,10,1,14,,101,,1,21,121.499365,25.0368518
113,7,21,18,15,2,02萬華區,萬華區西園路1段與廣州街口,0,0,2,3,H02,8,6,5,50,4,2,1,5,4,5,13,2,1,5,4,5,2,17,2,34,2,8,6,5,7,20,8,20,10,16,,67,,1,21,121.499365,25.0368518
113,7,21,18,43,2,06松山區,松山區八德路4段與光復北路口,0,0,2,1,C03,8,5,5,50,4,1,1,5,4,5,13,2,1,1,4,5,2,15,1,27,2,9,5,1,7,15,1,10,1,12,,5,,1,25,121.5579322,25.048286
113,7,21,18,43,2,06松山區,松山區八德路4段與光復北路口,0,0,2,2,C03,8,5,5,50,4,1,1,5,4,5,13,2,1,1,4,5,2,15,1,19,2,9,5,1,7,9,1,10,1,11,,17,,1,25,121.5579322,25.048286
113,7,21,18,43,2,06松山區,松山區八德路4段與光復北路口,0,0,2,3,B03,8,5,5,50,4,1,1,5,4,5,13,2,1,1,4,5,2,15,1,73,3,10,7,1,7,9,1,8,1,1,,14,,1,26,121.5579322,25.048286
113,7,21,18,47,2,02萬華區,萬華區康定路與環河南路1段口,0,0,1,1,B01,7,5,5,50,3,2,1,5,4,5,13,2,1,5,4,5,2,12,1,59,3,10,7,1,7,9,1,4,1,2,,118,,1,21,121.5030379,25.0459915
113,7,21,18,47,2,02萬華區,萬華區康定路與環河南路1段口,0,0,1,2,C03,7,5,5,50,3,2,1,5,4,5,13,2,1,5,4,5,2,12,2,39,2,9,6,1,7,9,1,10,1,14,,118,,1,21,121.5030379,25.0459915
113,7,21,19,17,2,11南港區,南港區南深路與南深路19巷口,0,0,1,1,C03,8,6,5,40,3,2,1,5,4,5,13,4,4,5,2,4,2,13,1,66,2,9,5,1,7,5,1,10,2,13,,74,,1,21,121.6213217,25.0382828
113,7,21,19,17,2,11南港區,南港區南深路與南深路19巷口,0,0,1,2,B03,8,6,5,40,3,2,1,5,4,5,13,4,4,5,2,4,2,13,2,64,3,10,7,1,7,9,1,8,2,1,,108,,1,21,121.6213217,25.0382828
113,7,21,21,15,2,03中山區,中山區市民大道3段與新生北路1段62巷口,0,0,1,1,B03,8,5,5,40,4,2,1,5,4,5,13,1,1,9,4,5,2,12,2,53,3,10,7,1,7,8,1,8,1,8,,100,,1,21,121.5310644,25.0460316
113,7,21,21,15,2,03中山區,中山區市民大道3段與新生北路1段62巷口,0,0,1,2,C03,8,5,5,40,4,2,1,5,4,5,13,1,1,9,4,5,2,12,1,23,2,9,6,1,7,9,1,10,1,12,,44,,1,21,121.5310644,25.0460316
113,7,21,22,16,2,08士林區,士林區劍南路與劍南路口第1107378路燈桿,0,0,6,1,C03,7,5,5,30,14,9,1,5,4,5,13,4,4,10,4,5,1,17,1,37,3,10,5,1,7,9,1,10,2,11,,108,,1,21,121.5536785,25.09265312
113,7,21,22,16,2,08士林區,士林區劍南路與劍南路口第1107378路燈桿,0,0,6,2,C03,7,5,5,30,14,9,1,5,4,5,13,4,4,10,4,5,1,17,1,20,3,10,3,4,7,13,1,10,9,12,,44,,1,21,121.5536785,25.09265312
113,7,21,22,16,2,08士林區,士林區劍南路與劍南路口第1107378路燈桿,0,0,6,3,C03,7,5,5,30,14,9,1,5,4,5,13,4,4,10,4,5,1,17,1,30,2,7,3,4,7,13,1,10,9,12,,44,,1,21,121.5536785,25.09265312
113,7,21,22,16,2,08士林區,士林區劍南路與劍南路口第1107378路燈桿,0,0,6,4,C03,7,5,5,30,14,9,1,5,4,5,13,4,4,10,4,5,1,17,1,31,3,10,3,4,7,13,1,10,9,12,,44,,1,21,121.5536785,25.09265312
113,7,21,22,16,2,08士林區,士林區劍南路與劍南路口第1107378路燈桿,0,0,6,5,C03,7,5,5,30,14,9,1,5,4,5,13,4,4,10,4,5,1,17,1,30,2,7,5,1,7,9,1,10,9,11,,44,,1,21,121.5536785,25.09265312