發生年度,發生月,發生日,發生時-Hours,發生分,處理別-編號,區序,肇事地點,死亡人數,2-30日死亡人數,受傷人數,當事人序號,車種,天候,道路照明設備,道路類別,速限-速度限制,道路型態,事故位置,路面狀況1,路面狀況2,路面狀況3,道路障礙1,道路障礙2,號誌1,號誌2,車道劃分-分向,車道劃分-分道1,車道劃分-分道2,車道劃分-分道3,事故類型及型態,性別,年齡,受傷程度,主要傷處,保護裝置,行動電話,車輛用途,當事者行動狀態,駕駛資格情形,駕駛執照種類,飲酒情形,車輛撞擊部位1,車輛撞擊部位2,肇因碼-個別,肇因碼-主要,個人肇逃否,職業,座標-X,座標-Y
113,7,21,22,16,2,08士林區,士林區劍南路與劍南路口第1107378路燈桿,0,0,6,6,H03,7,5,5,30,14,9,1,5,4,5,13,4,4,10,4,5,1,17,1,28,2,8,4,5,8,20,8,20,10,17,,60,,1,21,121.5536785,25.09265312
113,7,21,22,16,2,08士林區,士林區劍南路與劍南路口第1107378路燈桿,0,0,6,7,H03,7,5,5,30,14,9,1,5,4,5,13,4,4,10,4,5,1,17,2,33,2,8,4,5,8,20,8,20,10,17,,60,,1,21,121.5536785,25.09265312
113,7,21,22,16,2,08士林區,士林區劍南路與劍南路口第1107378路燈桿,0,0,6,8,H03,7,5,5,30,14,9,1,5,4,5,13,4,4,10,4,5,1,17,1,31,2,8,4,5,8,20,8,20,10,17,,60,,1,21,121.5536785,25.09265312
113,7,21,22,16,2,08士林區,士林區劍南路與劍南路口第1107378路燈桿,0,0,6,9,H03,7,5,5,30,14,9,1,5,4,5,13,4,4,10,4,5,1,17,1,25,2,8,4,5,8,20,8,20,10,17,,60,,1,21,121.5536785,25.09265312
113,7,21,22,30,2,08士林區,士林區重陽橋機車道(中正路666號旁),0,0,3,1,C03,7,5,5,50,14,11,1,5,4,5,13,4,4,1,4,1,2,13,1,28,2,9,3,4,7,9,1,10,1,11,,16,,1,21,121.5067968,25.08614102
113,7,21,22,30,2,08士林區,士林區重陽橋機車道(中正路666號旁),0,0,3,2,C03,7,5,5,50,14,11,1,5,4,5,13,4,4,1,4,1,2,13,1,24,2,9,3,4,7,9,1,10,1,13,,44,,1,21,121.5067968,25.08614102
113,7,21,22,30,2,08士林區,士林區重陽橋機車道(中正路666號旁),0,0,3,3,H02,7,5,5,50,14,11,1,5,4,5,13,4,4,1,4,1,2,13,2,25,2,9,3,5,7,17,8,20,10,16,,67,,1,21,121.5067968,25.08614102
113,7,21,22,45,2,08士林區,士林區文林路341號,0,0,2,1,C03,8,5,5,50,14,9,1,5,4,5,13,4,4,9,5,5,2,17,1,25,2,7,6,1,7,5,1,9,2,14,,44,,1,21,121.5256918,25.0927198
113,7,21,22,45,2,08士林區,士林區文林路341號,0,0,2,2,C03,8,5,5,50,14,9,1,5,4,5,13,4,4,9,5,5,2,17,1,38,2,8,6,1,7,9,1,10,2,11,,108,,1,21,121.5256918,25.0927198
113,7,21,23,27,2,09北投區,北投區榮華三路與磺溪便道口,0,0,1,1,C03,8,5,5,50,4,1,1,5,4,5,13,4,4,5,5,5,2,3,2,35,3,10,6,1,7,9,1,10,1,11,,70,,1,21,121.5252606,25.1137302
113,7,21,23,27,2,09北投區,北投區榮華三路與磺溪便道口,0,0,1,2,H01,8,5,5,50,4,1,1,5,4,5,13,4,4,5,5,5,2,3,2,54,2,7,4,5,8,16,8,20,10,16,,67,,1,21,121.5252606,25.1137302
113,7,22,7,33,2,01大同區,大同區南京西路與承德路1段口,0,0,1,1,C03,8,7,5,50,4,2,1,5,4,5,13,2,1,1,4,5,2,12,2,53,2,9,6,1,7,7,1,11,2,11,,100,,1,22,121.5173615,25.0533142
113,7,22,7,33,2,01大同區,大同區南京西路與承德路1段口,0,0,1,2,B02,8,7,5,50,4,2,1,5,4,5,13,2,1,1,4,5,2,12,1,44,3,10,7,1,7,14,1,8,2,6,,44,,1,22,121.5173615,25.0533142
113,7,22,7,48,2,12內湖區,內湖區內湖路1段411巷與內湖路1段411巷9弄口,0,0,1,1,C03,8,5,5,30,4,1,1,5,4,5,13,4,4,5,5,5,1,15,1,38,3,10,6,1,7,9,1,10,1,11,,72,,1,21,121.5710968,25.0821274
113,7,22,7,48,2,12內湖區,內湖區內湖路1段411巷與內湖路1段411巷9弄口,0,0,1,2,C03,8,5,5,30,4,1,1,5,4,5,13,4,4,5,5,5,1,15,2,26,2,8,6,1,7,9,1,10,1,14,,13,,1,21,121.5710968,25.0821274
113,7,22,7,49,2,01大同區,大同區延平北路2段與延平北路2段36巷口,0,0,1,1,B01,8,7,5,50,3,1,1,5,4,5,13,4,4,5,4,5,2,15,1,65,3,10,3,4,7,11,1,4,2,1,,10,,1,21,121.511685,25.0549385
113,7,22,7,49,2,01大同區,大同區延平北路2段與延平北路2段36巷口,0,0,1,2,C02,8,7,5,50,3,1,1,5,4,5,13,4,4,5,4,5,2,15,1,29,2,9,3,4,7,9,1,10,2,14,,44,,1,21,121.511685,25.0549385
113,7,22,7,49,2,01大同區,大同區延平北路2段與延平北路2段36巷口,0,0,1,3,,8,7,5,50,3,1,1,5,4,5,13,4,4,5,4,5,2,15,3,0,,,,,,,,,10,,,129,,1,,121.511685,25.0549385
113,7,22,7,50,2,11南港區,南港區興中路與興中路28巷口,0,0,1,1,B03,8,7,7,50,3,2,1,5,4,5,13,4,4,9,5,5,2,16,1,67,3,10,3,4,7,6,1,8,1,1,,72,,1,21,121.6076642,25.0556469
113,7,22,7,50,2,11南港區,南港區興中路與興中路28巷口,0,0,1,2,F01,8,7,7,50,3,2,1,5,4,5,13,4,4,9,5,5,2,16,2,36,2,9,4,4,7,9,8,20,1,12,,44,,1,21,121.6076642,25.0556469
113,7,22,7,55,2,11南港區,南港區經貿一路55號,0,0,1,1,B01,8,7,5,50,14,9,1,5,4,5,13,1,1,5,4,5,2,17,1,58,3,10,3,4,7,14,1,4,1,2,,40,,1,21,121.6198854,25.0559602
113,7,22,7,55,2,11南港區,南港區經貿一路55號,0,0,1,2,C03,8,7,5,50,14,9,1,5,4,5,13,1,1,5,4,5,2,17,1,40,2,9,3,4,7,9,1,10,1,14,,44,,1,21,121.6198854,25.0559602
113,7,22,7,55,2,11南港區,南港區經貿一路55號,0,0,1,3,H02,8,7,5,50,14,9,1,5,4,5,13,1,1,5,4,5,2,17,3,0,,,,,,,,,10,,,44,,,,121.6198854,25.0559602
113,7,22,8,5,2,03中山區,中山區民權東路3段與龍江路口,0,0,1,1,C03,8,6,5,50,4,1,1,5,4,5,13,2,1,1,4,4,2,12,2,42,3,10,6,1,7,9,1,10,9,14,,17,,1,22,121.5406549,25.0622559
113,7,22,8,5,2,03中山區,中山區民權東路3段與龍江路口,0,0,1,2,C03,8,6,5,50,4,1,1,5,4,5,13,2,1,1,4,4,2,12,1,30,2,8,6,1,7,9,1,10,1,12,,44,,1,22,121.5406549,25.0622559
113,7,22,8,5,2,03中山區,中山區民族東路512巷與民族東路512巷13弄口,0,0,1,1,B03,8,7,8,50,4,2,1,5,4,5,13,4,4,10,5,5,2,1,1,61,3,10,7,1,7,9,1,8,2,5,,70,,1,21,121.5420119,25.06680775
113,7,22,8,5,2,03中山區,中山區民族東路512巷與民族東路512巷13弄口,0,0,1,2,H01,8,7,8,50,4,2,1,5,4,5,13,4,4,10,5,5,2,1,2,70,2,8,4,5,8,16,8,20,10,16,,67,,1,21,121.5420119,25.06680775
113,7,22,8,15,2,12內湖區,內湖區康寧路3段165巷與康寧路3段165巷14弄口,0,0,1,1,B03,8,6,5,30,3,2,1,5,4,5,13,4,4,10,5,5,2,17,1,47,3,10,7,1,7,5,1,8,1,4,,8,,1,21,121.6118588,25.0709879
113,7,22,8,15,2,12內湖區,內湖區康寧路3段165巷與康寧路3段165巷14弄口,0,0,1,2,C03,8,6,5,30,3,2,1,5,4,5,13,4,4,10,5,5,2,17,2,63,2,9,6,1,7,9,1,8,1,11,,44,,1,21,121.6118588,25.0709879
113,7,22,8,26,2,07信義區,信義區松仁路與松仁路253巷口,0,0,1,1,B01,8,6,5,50,4,1,1,5,4,5,13,3,1,5,4,5,2,16,1,54,3,10,7,1,7,5,1,2,1,1,,8,,1,21,121.5691184,25.0254491
113,7,22,8,26,2,07信義區,信義區松仁路與松仁路253巷口,0,0,1,2,F01,8,6,5,50,4,1,1,5,4,5,13,3,1,5,4,5,2,16,2,25,2,9,4,1,7,9,8,20,1,14,,44,,1,21,121.5691184,25.0254491
113,7,22,8,38,2,09北投區,北投區大度路3段往台北方向第651003號燈桿旁,0,0,1,1,C03,8,6,5,50,14,9,1,5,4,5,13,4,4,1,4,5,2,12,2,25,2,9,5,1,7,7,1,10,2,12,,100,,1,21,121.4669036,25.1231047
113,7,22,8,38,2,09北投區,北投區大度路3段往台北方向第651003號燈桿旁,0,0,1,2,C03,8,6,5,50,14,9,1,5,4,5,13,4,4,1,4,5,2,12,1,58,3,10,5,1,7,9,1,10,2,14,,44,,1,21,121.4669036,25.1231047
113,7,22,8,49,2,10文山區,文山區辛亥路4段與辛亥路4段202巷口口,0,0,1,1,B03,8,6,5,50,3,1,1,5,4,5,13,4,4,1,4,5,2,16,1,56,3,10,7,1,7,11,1,8,1,2,,10,,1,21,121.5557814,25.0026984
113,7,22,8,49,2,10文山區,文山區辛亥路4段與辛亥路4段202巷口口,0,0,1,2,C03,8,6,5,50,3,1,1,5,4,5,13,4,4,1,4,5,2,16,1,23,2,9,6,1,7,9,1,10,1,11,,44,,1,21,121.5557814,25.0026984
113,7,22,9,0,2,11南港區,南港區忠孝東路7段與研究院路1段口,0,0,2,1,C03,8,7,7,30,3,2,1,5,4,5,13,2,1,1,4,5,2,12,1,48,2,9,6,4,7,7,1,10,1,14,,101,,1,21,121.6163831,25.0534427
113,7,22,9,0,2,11南港區,南港區忠孝東路7段與研究院路1段口,0,0,2,2,C03,8,7,7,30,3,2,1,5,4,5,13,2,1,1,4,5,2,12,1,29,3,10,6,4,7,9,1,10,1,12,,44,,1,21,121.6163831,25.0534427
113,7,22,9,0,2,11南港區,南港區忠孝東路7段與研究院路1段口,0,0,2,3,H02,8,7,7,30,3,2,1,5,4,5,13,2,1,1,4,5,2,12,2,46,2,7,6,5,7,20,8,20,10,16,,67,,1,21,121.6163831,25.0534427
113,7,22,9,26,2,04大安區,大安區信義路4段186巷與安和路2段32巷口,0,0,3,1,C03,8,5,6,30,4,1,1,5,4,5,13,4,4,10,5,5,2,15,1,74,2,9,3,4,7,9,1,10,2,11,,44,,1,21,121.5515741,25.0317397
113,7,22,9,26,2,04大安區,大安區信義路4段186巷與安和路2段32巷口,0,0,3,2,C04,8,5,6,30,4,1,1,5,4,5,13,4,4,10,5,5,2,15,1,54,2,9,3,4,7,9,1,10,2,11,,44,,1,21,121.5515741,25.0317397
113,7,22,9,26,2,04大安區,大安區信義路4段186巷與安和路2段32巷口,0,0,3,3,H02,8,5,6,30,4,1,1,5,4,5,13,4,4,10,5,5,2,15,1,72,2,9,4,5,7,21,8,20,10,16,,60,,1,21,121.5515741,25.0317397
113,7,22,9,43,2,12內湖區,內湖區民權東路6段與民權東路6段11巷口,0,0,1,1,B03,8,6,5,50,14,9,1,5,4,5,13,2,1,1,4,5,2,17,2,54,3,10,7,1,7,12,1,8,1,7,,44,,1,21,121.5784814,25.06679442
113,7,22,9,43,2,12內湖區,內湖區民權東路6段與民權東路6段11巷口,0,0,1,2,C03,8,6,5,50,14,9,1,5,4,5,13,2,1,1,4,5,2,17,1,33,2,9,6,1,7,9,1,10,1,11,,13,,1,21,121.5784814,25.06679442
113,7,22,9,56,2,04大安區,大安區基隆路4段與羅斯福路4段口口,0,0,2,1,C03,8,6,5,50,5,2,1,5,4,5,13,2,1,8,3,5,1,17,1,21,2,9,3,4,7,15,1,10,1,13,,96,,1,21,121.5372872,25.0108969
113,7,22,9,56,2,04大安區,大安區基隆路4段與羅斯福路4段口口,0,0,2,3,H02,8,6,5,50,5,2,1,5,4,5,13,2,1,8,3,5,1,17,2,21,2,9,3,5,7,20,8,20,10,16,,67,,1,21,121.5372872,25.0108969
113,7,22,9,56,2,04大安區,大安區基隆路4段與羅斯福路4段口口,0,0,2,2,B03,8,6,5,50,5,2,1,5,4,5,13,2,1,8,3,5,1,17,2,50,3,10,3,4,7,15,1,8,1,1,,44,,1,21,121.5372872,25.0108969
113,7,22,10,9,2,01大同區,大同區環河北路1段與南京西路口,0,0,1,1,B03,8,6,5,50,5,1,1,5,4,5,13,2,1,1,4,5,2,17,1,73,3,10,7,1,7,6,1,8,1,6,,44,,1,21,121.507502,25.05373373
113,7,22,10,9,2,01大同區,大同區環河北路1段與南京西路口,0,0,1,2,C03,8,6,5,50,5,1,1,5,4,5,13,2,1,1,4,5,2,17,1,51,2,9,6,1,7,9,1,10,1,11,,44,,1,21,121.507502,25.05373373
113,7,22,10,24,2,12內湖區,內湖區民權東路6段與民權東路6段11巷口,0,0,1,1,B03,8,6,5,50,4,2,1,5,4,5,13,2,1,3,4,5,2,17,2,39,3,10,7,1,7,7,1,8,2,6,,100,,1,21,121.5783653,25.0668293
113,7,22,10,24,2,12內湖區,內湖區民權東路6段與民權東路6段11巷口,0,0,1,2,C03,8,6,5,50,4,2,1,5,4,5,13,2,1,3,4,5,2,17,1,53,2,9,6,1,7,9,1,10,2,14,,44,,1,21,121.5783653,25.0668293
113,7,22,10,38,2,06松山區,松山區長春路與敦化北路120巷7弄口,0,0,1,1,B01,8,6,5,50,4,1,1,5,4,5,13,4,4,4,4,5,2,16,1,58,3,10,7,1,7,9,1,4,1,4,,44,,1,22,121.5478965,25.0544881
113,7,22,10,38,2,06松山區,松山區長春路與敦化北路120巷7弄口,0,0,1,2,C03,8,6,5,50,4,1,1,5,4,5,13,4,4,4,4,5,2,16,2,26,2,9,6,1,7,5,1,10,1,13,,72,,1,22,121.5478965,25.0544881
113,7,22,10,40,2,11南港區,南港區昆陽街14號旁,0,0,1,1,C03,8,7,5,30,14,9,1,5,4,5,13,4,4,9,4,5,2,17,1,47,2,9,3,4,7,9,1,10,1,17,,44,,1,21,121.592466,25.0535825
113,7,22,10,40,2,11南港區,南港區昆陽街14號旁,0,0,1,2,B01,8,7,5,30,14,9,1,5,4,5,13,4,4,9,4,5,2,17,1,68,3,10,3,4,7,11,1,4,1,17,,10,,1,21,121.592466,25.0535825
113,7,22,10,41,2,04大安區,大安區泰順街與泰順街39巷口,0,0,1,1,C03,8,7,5,30,4,1,1,5,4,5,13,4,4,10,5,5,2,15,2,20,2,7,6,1,7,9,1,10,1,12,,72,,1,21,121.5312372,25.02292699
113,7,22,10,41,2,04大安區,大安區泰順街與泰順街39巷口,0,0,1,2,B01,8,7,5,30,4,1,1,5,4,5,13,4,4,10,5,5,2,15,1,55,3,10,7,1,7,9,1,4,1,1,,14,,1,21,121.5312372,25.02292699
113,7,22,10,47,2,09北投區,北投區明德路365號旁,0,0,2,1,F03,8,6,5,50,14,9,1,5,4,5,13,4,4,5,5,5,2,17,1,18,2,7,4,1,7,9,8,20,9,11,,32,,1,21,121.5219821,25.11750044
113,7,22,10,47,2,09北投區,北投區明德路365號旁,0,0,2,2,C03,8,6,5,50,14,9,1,5,4,5,13,4,4,5,5,5,2,17,1,78,3,10,5,1,7,5,1,10,9,12,,8,,1,21,121.5219821,25.11750044
113,7,22,10,47,2,09北投區,北投區明德路365號旁,0,0,2,3,H02,8,6,5,50,14,9,1,5,4,5,13,4,4,5,5,5,2,17,2,16,2,7,5,5,7,20,8,20,10,16,,67,,1,21,121.5219821,25.11750044
113,7,22,11,35,2,08士林區,士林區天母北路與天母北路87巷2弄口,0,0,1,1,A02,8,7,5,50,4,1,1,5,4,5,13,4,4,9,5,5,2,9,1,59,3,10,3,4,7,1,1,2,9,6,,19,,1,21,121.5267436,25.122582
113,7,22,11,35,2,08士林區,士林區天母北路與天母北路87巷2弄口,0,0,1,2,H02,8,7,5,50,4,1,1,5,4,5,13,4,4,9,5,5,2,9,2,32,2,9,4,5,8,16,8,20,10,16,,67,,1,21,121.5267436,25.122582
113,7,22,11,43,2,01大同區,大同區大龍街與大龍街187巷口,0,0,3,1,F02,8,6,5,50,3,2,1,5,4,5,13,4,4,10,3,5,1,16,1,86,2,9,4,1,7,6,8,20,1,12,,71,,1,21,121.5159471,25.0691865
113,7,22,11,43,2,01大同區,大同區大龍街與大龍街187巷口,0,0,3,2,C03,8,6,5,50,3,2,1,5,4,5,13,4,4,10,3,5,1,16,1,53,2,7,6,1,7,9,1,10,1,11,,14,,1,21,121.5159471,25.0691865
113,7,22,11,43,2,01大同區,大同區大龍街與大龍街187巷口,0,0,3,3,H02,8,6,5,50,3,2,1,5,4,5,13,4,4,10,3,5,1,16,2,53,2,8,6,5,7,20,8,20,10,17,,67,,1,21,121.5159471,25.0691865
113,7,22,11,46,2,07信義區,信義區吳興街269巷與吳興街269巷1弄口,0,0,2,1,F01,8,6,5,30,3,1,1,5,4,5,13,4,4,10,5,5,2,17,1,24,3,10,4,1,7,15,8,20,1,14,,101,,1,21,121.5643193,25.0270281
113,7,22,11,46,2,07信義區,信義區吳興街269巷與吳興街269巷1弄口,0,0,2,2,C03,8,6,5,30,3,1,1,5,4,5,13,4,4,10,5,5,2,17,2,51,2,9,5,1,7,9,1,10,1,12,,44,,1,21,121.5643193,25.0270281
113,7,22,11,46,2,07信義區,信義區吳興街269巷與吳興街269巷1弄口,0,0,2,3,H02,8,6,5,30,3,1,1,5,4,5,13,4,4,10,5,5,2,17,2,44,2,9,4,5,7,21,8,20,10,16,,67,,1,21,121.5643193,25.0270281
113,7,22,12,3,2,12內湖區,內湖區安泰街17號前,0,0,1,1,B12,8,6,5,30,14,9,5,5,4,5,13,4,4,10,5,5,2,17,1,45,3,10,3,4,7,5,1,6,9,17,,101,,2,21,121.6190544,25.07342292
113,7,22,12,3,2,12內湖區,內湖區安泰街17號前,0,0,1,2,C03,8,6,5,30,14,9,5,5,4,5,13,4,4,10,5,5,2,17,1,27,2,9,5,1,7,12,1,10,1,12,,44,,1,21,121.6190544,25.07342292
113,7,22,12,46,2,04大安區,大安區瑞安街與瑞安街180巷口,0,0,1,1,F01,8,6,5,50,5,1,1,5,4,5,13,2,1,5,5,5,2,12,2,60,2,9,2,1,7,9,8,20,1,14,,101,,1,21,121.5412055,25.0285534
113,7,22,12,46,2,04大安區,大安區瑞安街與瑞安街180巷口,0,0,1,2,B01,8,6,5,50,5,1,1,5,4,5,13,2,1,5,5,5,2,12,1,62,3,10,7,1,7,9,1,4,1,2,,44,,1,21,121.5412055,25.0285534
113,7,22,12,53,2,01大同區,大同區大龍街與重慶北路3段243巷口,0,0,1,1,B03,8,5,5,50,3,2,1,5,4,5,13,4,4,9,4,5,1,17,1,51,3,10,2,4,7,5,1,8,1,8,,8,,1,22,121.5158558,25.0713185
113,7,22,12,53,2,01大同區,大同區大龍街與重慶北路3段243巷口,0,0,1,2,C03,8,5,5,50,3,2,1,5,4,5,13,4,4,9,4,5,1,17,1,38,2,9,3,4,7,9,1,10,1,14,,44,,1,21,121.5158558,25.0713185
113,7,22,13,5,2,09北投區,北投區文林北路75巷與北科路口,0,0,1,1,C03,8,6,5,50,4,1,1,5,4,5,13,3,1,5,4,5,1,15,2,17,2,9,5,1,7,9,2,18,1,11,14,72,,1,21,121.5168331,25.1045359
113,7,22,13,5,2,09北投區,北投區文林北路75巷與北科路口,0,0,1,2,B03,8,6,5,50,4,1,1,5,4,5,13,3,1,5,4,5,1,15,1,30,3,10,7,1,7,9,1,8,2,2,,44,,1,21,121.5168331,25.1045359
113,7,22,13,20,2,05中正區,中正區中華路2段465號,0,0,1,1,B03,8,7,5,50,14,9,1,5,4,5,13,3,1,5,5,5,2,17,1,45,3,10,7,1,7,1,1,8,1,8,,19,,1,21,121.5109936,25.0244436
113,7,22,13,20,2,05中正區,中正區中華路2段465號,0,0,1,2,C03,8,7,5,50,14,9,1,5,4,5,13,3,1,5,5,5,2,17,1,36,2,9,5,1,7,9,1,10,1,11,,44,,1,21,121.5109936,25.0244436
113,7,22,13,20,2,09北投區,北投區承德路7段236號,0,0,1,1,B03,8,5,5,60,14,7,1,5,4,5,13,4,4,3,4,4,2,13,1,55,3,10,7,1,7,7,1,8,2,5,,100,,1,21,121.5060908,25.1155114
113,7,22,13,20,2,09北投區,北投區承德路7段236號,0,0,1,2,C03,8,5,5,60,14,7,1,5,4,5,13,4,4,3,4,4,2,13,1,63,2,9,5,1,7,9,1,10,2,13,,44,,1,21,121.5060908,25.1155114
113,7,22,13,21,2,08士林區,士林區中正路與文林路口,0,0,2,1,C04,7,7,5,50,4,1,1,5,4,5,13,2,1,1,5,5,1,17,1,29,2,9,5,1,7,9,5,9,1,11,,16,,1,21,121.5245202,25.0949605
113,7,22,13,21,2,08士林區,士林區中正路與文林路口,0,0,2,2,C03,7,7,5,50,4,1,1,5,4,5,13,2,1,1,5,5,1,17,1,44,3,10,5,1,7,8,1,10,1,14,,100,,1,21,121.5245202,25.0949605
113,7,22,13,21,2,08士林區,士林區中正路與文林路口,0,0,2,3,H02,7,7,5,50,4,1,1,5,4,5,13,2,1,1,5,5,1,17,2,21,2,9,5,5,7,20,8,20,10,16,,67,,1,21,121.5245202,25.0949605
113,7,22,13,41,2,06松山區,松山區光復北路66號,0,0,1,1,B01,8,7,5,50,14,9,1,5,4,5,13,4,4,9,4,5,2,13,1,57,3,10,7,1,7,10,1,8,1,5,,100,,1,22,121.5577896,25.04988858
113,7,22,13,41,2,06松山區,松山區光復北路66號,0,0,1,2,C03,8,7,5,50,14,9,1,5,4,5,13,4,4,9,4,5,2,13,1,44,2,9,6,1,7,9,1,10,1,13,,44,,1,22,121.5577896,25.04988858
113,7,22,13,46,2,06松山區,松山區光復北路66號,,,1,1,B01,7,,,50,,,,,,,,,,,,,,,1,57,,,,,,,,,1,,,,,,,121.557995,25.04948554
113,7,22,13,46,2,06松山區,松山區光復北路66號,,,1,2,C03,7,,,50,,,,,,,,,,,,,,,1,44,,,,,,,,,1,,,,,,,121.557995,25.04948554
113,7,22,14,45,2,01大同區,大同區延平北路2段133號,0,0,1,1,B03,8,7,5,30,14,9,1,5,4,5,13,4,4,9,4,5,2,15,1,50,3,10,7,1,7,11,1,8,1,7,,10,,1,21,121.5115716,25.0576804
113,7,22,14,45,2,01大同區,大同區延平北路2段133號,0,0,1,2,C03,8,7,5,30,14,9,1,5,4,5,13,4,4,9,4,5,2,15,1,42,2,9,6,1,7,9,1,10,1,11,,44,,1,21,121.5115716,25.0576804
113,7,22,14,50,2,12內湖區,內湖區民權東路6段與民權東路6段163巷口,0,0,1,1,B03,8,6,5,30,3,2,1,5,4,5,13,4,4,1,4,4,2,17,1,74,3,10,7,1,7,15,1,8,2,8,,14,,1,21,121.5957761,25.06846048
113,7,22,14,50,2,12內湖區,內湖區民權東路6段與民權東路6段163巷口,0,0,1,2,C03,8,6,5,30,3,2,1,5,4,5,13,4,4,1,4,4,2,17,1,38,2,9,6,1,7,9,1,10,2,11,,44,,1,21,121.5957761,25.06846048
113,7,22,14,52,2,01大同區,大同區民權西路與蘭州街口,0,0,2,1,C03,8,6,5,50,4,1,1,5,4,5,13,2,1,1,4,5,2,17,2,43,2,9,5,4,7,7,1,10,1,14,,101,,1,21,121.5155689,25.0631853
113,7,22,14,52,2,01大同區,大同區民權西路與蘭州街口,0,0,2,2,C03,8,6,5,50,4,1,1,5,4,5,13,2,1,1,4,5,2,17,2,51,2,9,5,4,7,9,1,10,1,12,,44,,1,21,121.5155689,25.0631853
113,7,22,15,44,2,08士林區,士林區中山北路5段與至誠路2段口,0,0,1,1,B03,7,6,5,50,4,2,1,5,4,5,13,3,1,8,3,5,1,16,2,45,3,10,3,4,7,5,1,8,1,8,,71,,1,21,121.5264985,25.1009957
113,7,22,15,44,2,08士林區,士林區中山北路5段與至誠路2段口,0,0,1,2,C03,7,6,5,50,4,2,1,5,4,5,13,3,1,8,3,5,1,16,1,39,2,8,3,4,7,9,1,10,1,11,,44,,1,21,121.5264985,25.1009957
113,7,22,15,50,2,08士林區,士林區中山北路6段與克強路口,0,0,1,1,C03,8,7,8,50,3,2,1,5,4,5,13,1,1,1,4,5,2,12,2,25,2,9,3,4,7,8,1,10,1,14,,100,,1,21,121.5253075,25.1087193
113,7,22,15,50,2,08士林區,士林區中山北路6段與克強路口,0,0,1,2,B01,8,7,8,50,3,2,1,5,4,5,13,1,1,1,4,5,2,12,1,58,3,10,3,4,7,9,1,4,1,5,,44,,1,21,121.5253075,25.1087193
113,7,22,15,53,2,05中正區,中正區北平西路與館前路口西區地下停車場入口,0,0,1,1,B02,8,5,5,50,3,2,1,5,4,4,13,4,4,5,4,5,1,17,2,30,3,10,7,1,7,5,1,8,2,4,,8,,1,21,121.5153207,25.0475124
113,7,22,15,53,2,05中正區,中正區北平西路與館前路口西區地下停車場入口,0,0,1,2,C03,8,5,5,50,3,2,1,5,4,4,13,4,4,5,4,5,1,17,1,55,2,9,5,1,7,9,1,10,2,12,,44,,1,21,121.5153207,25.0475124
113,7,22,16,5,2,04大安區,大安區復興南路1段297號,0,0,1,1,B03,8,6,5,50,14,9,1,5,4,5,13,4,4,1,4,5,2,12,1,37,3,10,3,4,7,7,1,8,1,5,,100,,1,22,121.5442596,25.0348868
113,7,22,16,5,2,04大安區,大安區復興南路1段297號,0,0,1,2,C03,8,6,5,50,14,9,1,5,4,5,13,4,4,1,4,5,2,12,1,21,2,9,3,4,7,9,1,10,1,13,,44,,1,22,121.5442596,25.0348868
113,7,22,16,15,2,03中山區,中山區復興北路164號,0,0,1,1,B03,8,5,5,50,14,9,1,5,4,5,13,4,4,1,4,5,2,16,1,35,3,10,3,4,7,7,1,8,1,5,,100,,1,21,121.5439732,25.05345753
113,7,22,16,15,2,03中山區,中山區復興北路164號,0,0,1,2,C03,8,5,5,50,14,9,1,5,4,5,13,4,4,1,4,5,2,16,1,57,2,8,3,4,7,9,1,10,1,14,,44,,1,21,121.5439732,25.05345753
113,7,22,16,29,2,03中山區,中山區民權西路與民權西路9巷口,0,0,2,2,C03,8,6,5,50,3,1,1,5,4,5,13,4,4,3,4,5,2,17,1,24,2,9,6,1,7,9,1,10,2,12,,44,,1,21,121.5219737,25.0628699
113,7,22,16,29,2,03中山區,中山區民權西路與民權西路9巷口,0,0,2,3,H02,8,6,5,50,3,1,1,5,4,5,13,4,4,3,4,5,2,17,2,22,2,9,6,5,7,20,8,20,10,16,,67,,1,21,121.5219737,25.0628699
113,7,22,16,29,2,03中山區,中山區民權西路與民權西路9巷口,0,0,2,1,B03,8,6,5,50,3,1,1,5,4,5,13,4,4,3,4,5,2,17,1,36,3,10,7,1,7,6,1,8,2,2,,9,,1,21,121.5219737,25.0628699
113,7,22,16,48,2,07信義區,信義區市民大道5段與基隆路1段口,0,0,2,1,C03,8,6,8,40,4,2,1,5,4,5,13,2,1,1,4,4,2,13,2,19,2,9,6,1,7,9,1,10,1,11,,16,,1,21,121.5686943,25.0489319
113,7,22,16,48,2,07信義區,信義區市民大道5段與基隆路1段口,0,0,2,2,C04,8,6,8,40,4,2,1,5,4,5,13,2,1,1,4,4,2,13,2,38,2,5,6,1,7,14,1,11,1,13,,44,,1,22,121.5686943,25.0489319
113,7,22,16,54,2,05中正區,中正區和平西路1段與重慶南路3段口口,0,0,1,1,C03,8,6,5,50,5,1,1,5,4,5,13,1,1,1,4,5,2,13,1,57,2,7,6,1,7,9,6,18,2,11,,108,,1,21,121.5164123,25.0272438
113,7,22,16,54,2,05中正區,中正區和平西路1段與重慶南路3段口口,0,0,1,2,C03,8,6,5,50,5,1,1,5,4,5,13,1,1,1,4,5,2,13,2,52,4,11,3,4,7,9,7,19,11,15,,44,,2,22,121.5164123,25.0272438
113,7,22,17,4,2,10文山區,文山區景明街與羅斯福路5段269巷口,0,0,1,1,B03,8,6,5,30,4,1,1,5,4,5,13,4,4,10,5,5,2,15,1,59,3,10,7,1,7,9,1,8,2,1,,72,,1,21,121.5409664,25.0015379