發生年度,發生月,發生日,發生時-Hours,發生分,處理別-編號,區序,肇事地點,死亡人數,2-30日死亡人數,受傷人數,當事人序號,車種,天候,道路照明設備,道路類別,速限-速度限制,道路型態,事故位置,路面狀況1,路面狀況2,路面狀況3,道路障礙1,道路障礙2,號誌1,號誌2,車道劃分-分向,車道劃分-分道1,車道劃分-分道2,車道劃分-分道3,事故類型及型態,性別,年齡,受傷程度,主要傷處,保護裝置,行動電話,車輛用途,當事者行動狀態,駕駛資格情形,駕駛執照種類,飲酒情形,車輛撞擊部位1,車輛撞擊部位2,肇因碼-個別,肇因碼-主要,個人肇逃否,職業,座標-X,座標-Y
113,7,22,17,4,2,10文山區,文山區景明街與羅斯福路5段269巷口,0,0,1,2,C03,8,6,5,30,4,1,1,5,4,5,13,4,4,10,5,5,2,15,2,72,2,9,5,1,7,9,3,18,2,12,,14,,1,21,121.5409664,25.0015379
113,7,22,17,17,2,07信義區,信義區虎林街212巷58號,0,0,2,1,C03,8,5,5,30,14,9,1,5,4,5,13,4,4,10,5,5,2,11,1,45,3,10,5,1,7,9,1,10,1,14,,5,,1,22,121.5754388,25.0368892
113,7,22,17,17,2,07信義區,信義區虎林街212巷58號,0,0,2,2,C03,8,5,5,30,14,9,1,5,4,5,13,4,4,10,5,5,2,11,2,40,2,8,5,1,7,9,1,10,1,14,,32,,1,22,121.5754388,25.0368892
113,7,22,17,17,2,07信義區,信義區虎林街212巷58號,0,0,2,3,H02,8,5,5,30,14,9,1,5,4,5,13,4,4,10,5,5,2,11,2,3,2,9,5,5,7,17,8,20,10,16,,67,,1,22,121.5754388,25.0368892
113,7,22,17,26,2,02萬華區,萬華區桂林路與桂林路29巷口,0,0,2,1,C03,8,5,5,50,4,1,1,5,4,5,13,4,4,8,3,4,2,13,1,19,2,9,5,4,7,9,1,10,1,11,,16,,1,22,121.5047602,25.03788421
113,7,22,17,26,2,02萬華區,萬華區桂林路與桂林路29巷口,0,0,2,2,B01,8,5,5,50,4,1,1,5,4,5,13,4,4,8,3,4,2,13,1,62,3,10,3,4,7,14,1,8,1,6,,44,,1,22,121.5047602,25.03788421
113,7,22,17,26,2,02萬華區,萬華區桂林路與桂林路29巷口,0,0,2,3,H02,8,5,5,50,4,1,1,5,4,5,13,4,4,8,3,4,2,13,2,18,2,9,3,5,7,20,8,20,10,16,,67,,1,22,121.5047602,25.03788421
113,7,22,17,26,2,04大安區,大安區辛亥路2段與和平東路2段96巷口,0,0,1,1,C03,8,6,5,40,14,7,1,5,4,5,13,4,4,1,4,4,1,12,2,25,2,9,3,4,7,7,1,10,2,14,,80,,1,21,121.5398814,25.0216046
113,7,22,17,26,2,04大安區,大安區辛亥路2段與和平東路2段96巷口,0,0,1,2,B03,8,6,5,40,14,7,1,5,4,5,13,4,4,1,4,4,1,12,1,45,3,10,3,4,7,9,1,8,2,2,,13,,1,21,121.5398814,25.0216046
113,7,22,17,39,2,04大安區,大安區和平東路1段與和平東路1段41巷口,0,0,1,1,C03,8,5,5,50,14,9,1,5,4,5,13,4,4,1,4,5,2,13,1,24,3,10,6,1,7,9,1,10,2,11,,16,,1,21,121.5236252,25.0270952
113,7,22,17,39,2,04大安區,大安區和平東路1段與和平東路1段41巷口,0,0,1,2,B01,8,5,5,50,14,9,1,5,4,5,13,4,4,1,4,5,2,13,1,64,3,10,7,1,7,3,1,4,2,6,,44,,1,21,121.5236252,25.0270952
113,7,22,17,39,2,04大安區,大安區和平東路1段與和平東路1段41巷口,0,0,1,3,H02,8,5,5,50,14,9,1,5,4,5,13,4,4,1,4,5,2,13,2,25,2,7,6,5,7,20,8,20,10,16,,67,,1,21,121.5236252,25.0270952
113,7,22,17,45,2,07信義區,信義區松智路與松壽路口,0,0,2,1,B01,8,6,8,50,4,2,1,5,4,5,13,2,1,9,4,5,2,17,1,65,3,10,7,1,7,11,1,4,1,5,,74,,1,22,121.5661323,25.0357909
113,7,22,17,45,2,07信義區,信義區松智路與松壽路口,0,0,2,2,C03,8,6,8,50,4,2,1,5,4,5,13,2,1,9,4,5,2,17,1,20,2,9,6,1,7,9,1,10,1,11,,14,,1,22,121.5661323,25.0357909
113,7,22,17,45,2,07信義區,信義區松智路與松壽路口,0,0,2,3,H02,8,6,8,50,4,2,1,5,4,5,13,2,1,9,4,5,2,17,2,18,2,9,6,5,7,20,8,20,10,16,,67,,1,22,121.5661323,25.0357909
113,7,22,17,57,2,07信義區,信義區永吉路326巷42號,0,0,1,1,B03,7,5,5,30,14,9,1,5,4,5,13,4,4,10,4,5,2,17,1,47,3,10,7,1,7,15,1,8,1,5,,17,,1,21,121.575431,25.04414225
113,7,22,17,57,2,07信義區,信義區永吉路326巷42號,0,0,1,2,C03,7,5,5,30,14,9,1,5,4,5,13,4,4,10,4,5,2,17,1,32,2,9,5,1,7,9,1,10,1,14,,44,,1,21,121.575431,25.04414225
113,7,22,17,58,2,05中正區,中正區中山南路與徐州路口,0,0,1,1,B03,8,6,5,50,3,1,1,5,4,5,13,1,1,10,4,5,2,13,1,33,3,10,7,4,7,9,1,8,2,1,,108,,1,22,121.5185836,25.04176884
113,7,22,17,58,2,05中正區,中正區中山南路與徐州路口,0,0,1,2,C03,8,6,5,50,3,1,1,5,4,5,13,1,1,10,4,5,2,13,2,46,2,9,6,4,7,12,1,10,2,13,,44,,1,22,121.5185836,25.04176884
113,7,22,18,0,2,03中山區,中山區市民大道3段與新生北路1段口,0,0,2,1,C03,7,7,5,40,4,2,1,5,4,5,13,1,1,1,3,5,1,12,2,34,2,9,5,1,7,9,1,10,1,11,,44,,1,21,121.5307313,25.04601324
113,7,22,18,0,2,03中山區,中山區市民大道3段與新生北路1段口,0,0,2,2,C03,7,7,5,40,4,2,1,5,4,5,13,1,1,1,3,5,1,12,1,41,2,8,5,1,7,8,1,10,1,14,,100,,1,21,121.5307313,25.04601324
113,7,22,18,0,2,06松山區,松山區堤頂大道與環東大道口匯流處,0,0,1,1,B03,8,7,5,50,10,7,1,5,4,5,13,3,1,9,4,5,2,17,1,58,3,10,7,1,7,8,1,8,1,8,,100,,1,22,121.5692385,25.04911076
113,7,22,18,0,2,06松山區,松山區堤頂大道與環東大道口匯流處,0,0,1,2,C01,8,7,5,50,10,7,1,5,4,5,13,3,1,9,4,5,2,17,1,20,2,8,6,1,7,7,1,9,1,12,,100,,1,22,121.5692385,25.04911076
113,7,22,18,1,2,04大安區,大安區仁愛路4段與安和路1段口,0,0,1,1,B02,7,5,5,50,4,1,1,5,4,5,13,2,1,1,3,1,1,17,2,46,3,10,7,1,7,6,1,8,1,17,,9,,1,21,121.5512697,25.0376045
113,7,22,18,1,2,04大安區,大安區仁愛路4段與安和路1段口,0,0,1,2,C03,7,5,5,50,4,1,1,5,4,5,13,2,1,1,3,1,1,17,2,35,2,8,5,1,7,9,1,10,1,17,,86,,1,21,121.5512697,25.0376045
113,7,22,18,10,2,12內湖區,內湖區民權東路6段26號,0,0,1,1,B03,8,6,5,50,14,9,1,5,4,5,13,4,4,1,4,5,2,17,1,53,3,10,7,1,7,8,1,8,1,5,,100,,1,21,121.5795888,25.06693928
113,7,22,18,10,2,12內湖區,內湖區民權東路6段26號,0,0,1,2,C03,8,6,5,50,14,9,1,5,4,5,13,4,4,1,4,5,2,17,1,51,2,8,6,1,7,14,6,18,1,15,,44,,1,21,121.5795888,25.06693928
113,7,22,18,20,2,12內湖區,內湖區民權東路6段56巷與民權東路6段56巷5弄口,0,0,1,1,C03,7,5,5,50,3,1,1,5,4,5,13,4,4,4,3,4,1,17,2,25,2,8,3,4,7,9,1,10,1,11,,16,,1,22,121.5848898,25.0681354
113,7,22,18,20,2,12內湖區,內湖區民權東路6段56巷與民權東路6段56巷5弄口,0,0,1,2,C03,7,5,5,50,3,1,1,5,4,5,13,4,4,4,3,4,1,17,1,43,3,10,3,4,7,5,1,10,1,13,,8,,1,22,121.5848898,25.0681354
113,7,22,18,20,2,12內湖區,內湖區民權東路6段56巷與民權東路6段56巷5弄口,0,0,1,3,B03,7,5,5,50,3,1,1,5,4,5,13,4,4,4,3,4,1,17,1,68,3,10,3,4,7,14,1,8,1,1,,44,,1,22,121.5848898,25.0681354
113,7,22,18,21,2,03中山區,中山區龍江路329號,0,0,1,1,C03,8,5,5,40,14,9,1,5,4,5,13,4,4,5,4,5,2,16,2,35,2,9,3,4,7,1,1,10,1,14,,19,,1,21,121.5409175,25.06270124
113,7,22,18,21,2,03中山區,中山區龍江路329號,0,0,1,2,C03,8,5,5,40,14,9,1,5,4,5,13,4,4,5,4,5,2,16,1,25,3,10,3,4,7,9,1,10,1,11,,44,,1,21,121.5409175,25.06270124
113,7,22,18,28,2,07信義區,信義區信義路5段與松德路口,0,0,1,1,C03,8,7,5,50,5,2,1,5,4,5,13,1,1,1,2,5,2,12,1,33,2,9,3,4,7,7,1,10,1,14,,100,,1,22,121.574484,25.0339246
113,7,22,18,28,2,07信義區,信義區信義路5段與松德路口,0,0,1,2,B03,8,7,5,50,5,2,1,5,4,5,13,1,1,1,2,5,2,12,1,55,3,10,3,4,7,9,1,8,1,5,,44,,1,22,121.574484,25.0339246
113,7,22,18,41,2,03中山區,中山區北安路與大直街口,0,0,2,1,B03,8,6,5,50,5,1,1,5,4,5,13,2,1,3,4,5,2,17,1,44,3,10,7,1,7,6,1,8,1,2,,44,,1,21,121.5473913,25.07995503
113,7,22,18,41,2,03中山區,中山區北安路與大直街口,0,0,2,2,C03,8,6,5,50,5,1,1,5,4,5,13,2,1,3,4,5,2,17,2,37,2,9,5,1,7,6,1,10,1,14,,42,,1,21,121.5473913,25.07995503
113,7,22,18,41,2,03中山區,中山區北安路與大直街口,0,0,2,3,H02,8,6,5,50,5,1,1,5,4,5,13,2,1,3,4,5,2,17,1,27,2,9,5,5,7,20,8,20,10,16,,67,,1,21,121.5473913,25.07995503
113,7,22,18,47,2,07信義區,信義區基隆路1段與市民大道5段口口,0,0,2,1,C03,7,7,5,50,4,4,1,5,4,5,13,2,1,1,4,5,2,13,1,18,2,7,6,1,7,9,1,10,2,12,,108,,1,21,121.5686812,25.0489274
113,7,22,18,47,2,07信義區,信義區基隆路1段與市民大道5段口口,0,0,2,2,C03,7,7,5,50,4,4,1,5,4,5,13,2,1,1,4,5,2,13,1,54,2,7,6,1,7,14,1,10,2,14,,44,,1,21,121.5686812,25.0489274
113,7,22,19,12,2,08士林區,士林區中正路與基河路口,0,0,1,1,B03,8,5,5,50,4,2,1,5,4,5,13,2,1,5,4,5,2,17,1,44,3,10,7,1,7,6,1,8,9,8,,9,,1,21,121.5198891,25.0933866
113,7,22,19,12,2,08士林區,士林區中正路與基河路口,0,0,1,2,C03,8,5,5,50,4,2,1,5,4,5,13,2,1,5,4,5,2,17,1,30,2,9,6,1,7,5,1,10,9,12,,8,,1,21,121.5198891,25.0933866
113,7,22,19,16,2,04大安區,大安區市民大道3段310號,0,0,3,1,C03,7,5,5,40,14,9,1,5,4,5,13,2,1,8,3,5,1,13,1,30,2,9,5,1,7,9,1,10,2,11,,16,,1,21,121.543574,25.04470483
113,7,22,19,16,2,04大安區,大安區市民大道3段310號,0,0,3,2,C03,7,5,5,40,14,9,1,5,4,5,13,2,1,8,3,5,1,13,1,31,2,9,5,1,7,9,1,10,2,13,,44,,1,21,121.543574,25.04470483
113,7,22,19,16,2,04大安區,大安區市民大道3段310號,0,0,3,3,H02,7,5,5,40,14,9,1,5,4,5,13,2,1,8,3,5,1,13,2,27,2,9,5,5,7,20,8,20,10,16,,67,,1,21,121.543574,25.04470483
113,7,22,19,30,2,09北投區,北投區大度路1段與中央北路2段257巷口北投往淡水(東往西),0,0,1,1,A41,8,5,5,70,4,2,1,5,4,5,13,1,1,9,4,4,1,17,1,57,3,10,7,1,7,9,1,3,9,1,,16,,1,21,121.4859385,25.122087
113,7,22,19,30,2,09北投區,北投區大度路1段與中央北路2段257巷口北投往淡水(東往西),0,0,1,2,C03,8,5,5,70,4,2,1,5,4,5,13,1,1,9,4,4,1,17,1,51,2,8,6,1,7,1,1,10,1,14,,19,,1,21,121.4859385,25.122087
113,7,22,19,50,2,04大安區,大安區安居街6號,0,0,1,1,B03,8,5,5,50,14,9,1,5,4,5,13,4,4,9,5,5,2,3,1,59,3,10,3,4,7,9,1,8,2,1,,107,,1,21,121.5552236,25.0212683
113,7,22,19,50,2,04大安區,大安區安居街6號,0,0,1,2,H01,8,5,5,50,14,9,1,5,4,5,13,4,4,9,5,5,2,3,2,20,2,8,4,5,8,16,8,20,10,16,,121,,1,21,121.5552236,25.0212683
113,7,22,20,16,2,01大同區,大同區承德路3段與敦煌路口,0,0,1,2,C03,8,5,5,50,4,2,1,5,4,5,13,2,1,1,4,5,2,17,1,39,2,9,3,4,7,9,1,10,2,14,,13,,1,21,121.5200427,25.0752765
113,7,22,20,16,2,01大同區,大同區承德路3段與敦煌路口,0,0,1,1,B03,8,5,5,50,4,2,1,5,4,5,13,2,1,1,4,5,2,17,1,39,3,10,7,1,7,6,1,8,9,17,,85,,2,22,121.5200427,25.0752765
113,7,22,20,18,2,04大安區,大安區大安路1段與大安路1段16巷口,0,0,1,1,C03,8,5,5,40,4,2,1,5,4,3,10,4,4,10,4,5,2,17,2,18,3,10,3,4,7,5,1,10,1,13,,86,,1,21,121.546192,25.0443241
113,7,22,20,18,2,04大安區,大安區大安路1段與大安路1段16巷口,0,0,1,2,B01,8,5,5,40,4,2,1,5,4,3,10,4,4,10,4,5,2,17,1,58,3,10,3,4,7,9,1,4,1,8,,44,,1,21,121.546192,25.0443241
113,7,22,20,18,2,04大安區,大安區大安路1段與大安路1段16巷口,0,0,1,3,H02,8,5,5,40,4,2,1,5,4,3,10,4,4,10,4,5,2,17,2,29,2,4,3,5,7,20,8,20,10,16,,67,,1,21,121.546192,25.0443241
113,7,22,20,18,2,07信義區,信義區信義路6段20號,0,0,2,1,C03,7,5,5,50,14,9,1,5,4,5,13,4,4,5,4,5,1,17,1,68,2,9,6,1,7,8,1,10,1,14,,100,,1,21,121.5751328,25.0339347
113,7,22,20,18,2,07信義區,信義區信義路6段20號,0,0,2,2,B03,7,5,5,50,14,9,1,5,4,5,13,4,4,5,4,5,1,17,1,51,3,10,7,1,7,9,1,8,1,2,,44,,1,21,121.5751328,25.0339347
113,7,22,20,18,2,07信義區,信義區信義路6段20號,0,0,2,3,C03,7,5,5,50,14,9,1,5,4,5,13,4,4,5,4,5,1,17,2,64,2,9,6,1,7,9,1,10,1,14,,44,,1,21,121.5751328,25.0339347
113,7,22,21,50,2,07信義區,信義區松壽路與松高路20巷口,0,0,1,1,C03,7,5,5,50,4,1,1,5,4,5,13,4,4,5,4,5,2,16,1,20,2,9,6,1,7,5,1,10,2,12,,72,,1,21,121.5676627,25.035818
113,7,22,21,50,2,07信義區,信義區松壽路與松高路20巷口,0,0,1,2,B01,7,5,5,50,4,1,1,5,4,5,13,4,4,5,4,5,2,16,1,52,3,10,3,4,7,9,1,4,2,8,,44,,1,21,121.5676627,25.035818
113,7,22,22,9,2,08士林區,士林區德行西路54-1號與磺溪街口,0,0,2,1,C03,8,5,5,50,3,2,1,5,4,5,13,2,1,4,3,4,2,16,1,19,2,8,5,1,7,1,1,10,2,11,,19,,1,22,121.5228588,25.1053189
113,7,22,22,9,2,08士林區,士林區德行西路54-1號與磺溪街口,0,0,2,2,C03,8,5,5,50,3,2,1,5,4,5,13,2,1,4,3,4,2,16,1,24,2,9,5,1,7,9,1,10,2,12,,27,,1,22,121.5228588,25.1053189
113,7,22,22,27,2,09北投區,北投區裕民二路33巷與裕民六路口,0,0,1,1,B11,8,5,5,40,3,1,1,5,4,5,13,1,1,9,4,5,2,17,1,40,3,10,3,4,7,5,1,8,9,4,,94,,1,21,121.517506,25.1153078
113,7,22,22,27,2,09北投區,北投區裕民二路33巷與裕民六路口,0,0,1,2,C03,8,5,5,40,3,1,1,5,4,5,13,1,1,9,4,5,2,17,1,16,2,9,3,4,7,14,2,18,9,11,,44,,1,21,121.517506,25.1153078
113,7,22,23,4,2,05中正區,中正區忠孝東路1段與紹興北街口,0,0,1,1,B03,8,5,5,50,4,1,1,5,4,5,13,1,1,1,4,5,2,17,1,70,3,10,7,1,7,15,1,8,2,17,,101,,1,21,121.5249773,25.0445181
113,7,22,23,4,2,05中正區,中正區忠孝東路1段與紹興北街口,0,0,1,2,C03,8,5,5,50,4,1,1,5,4,5,13,1,1,1,4,5,2,17,2,20,2,9,6,1,7,15,1,9,2,11,,42,,1,21,121.5249773,25.0445181
113,7,22,23,47,2,05中正區,中正區重慶南路3段78號,0,0,1,1,C03,8,5,5,50,14,9,1,5,4,5,13,4,4,1,4,5,2,13,2,43,2,9,5,1,7,9,1,10,2,12,,108,,1,22,121.5160827,25.0263627
113,7,22,23,47,2,05中正區,中正區重慶南路3段78號,0,0,1,2,B02,8,5,5,50,14,9,1,5,4,5,13,4,4,1,4,5,2,13,1,44,3,10,2,1,7,13,1,8,11,7,,44,,1,22,121.5160827,25.0263627
113,7,23,0,55,2,03中山區,中山區復興北路84號,0,0,1,1,C03,8,5,5,50,14,9,1,5,3,5,13,4,4,1,4,5,2,12,1,22,3,10,6,1,7,8,1,10,1,14,,100,,1,21,121.5439337,25.0511768
113,7,23,0,55,2,03中山區,中山區復興北路84號,0,0,1,2,C03,8,5,5,50,14,9,1,5,3,5,13,4,4,1,4,5,2,12,2,55,2,7,6,1,7,8,1,10,1,11,,108,,1,21,121.5439337,25.0511768
113,7,23,0,55,2,03中山區,中山區復興北路84號,0,0,1,3,B01,8,5,5,50,14,9,1,5,3,5,13,4,4,1,4,5,2,12,1,40,3,10,7,1,7,9,1,4,1,7,,14,,1,21,121.5439337,25.0511768
113,7,23,1,0,2,05中正區,中正區愛國西路與重慶南路1段口,0,0,1,1,B03,8,5,5,50,4,1,1,5,4,5,13,1,1,1,4,5,2,17,2,45,3,10,7,1,7,6,1,8,2,2,,98,,1,22,121.512495,25.0350183
113,7,23,1,0,2,05中正區,中正區愛國西路與重慶南路1段口,0,0,1,2,C03,8,5,5,50,4,1,1,5,4,5,13,1,1,1,4,5,2,17,1,25,2,9,5,1,7,9,1,10,2,11,,13,,1,22,121.512495,25.0350183
113,7,23,1,0,2,05中正區,中正區愛國西路與重慶南路1段口,0,0,1,3,H02,8,5,5,50,4,1,1,5,4,5,13,1,1,1,4,5,2,17,2,57,4,11,5,5,7,20,8,20,10,16,,67,,1,22,121.512495,25.0350183
113,7,23,4,44,2,11南港區,南港區經貿二路62巷西往東南展館第2停車場出入口前,0,0,1,1,B02,6,5,5,50,14,9,1,4,4,5,13,4,4,5,4,5,2,16,1,54,3,10,7,1,7,5,1,2,2,8,,8,,1,21,121.6145219,25.0569699
113,7,23,4,44,2,11南港區,南港區經貿二路62巷西往東南展館第2停車場出入口前,0,0,1,2,C03,6,5,5,50,14,9,1,4,4,5,13,4,4,5,4,5,2,16,2,55,2,9,5,1,7,9,3,18,2,12,,44,,1,21,121.6145219,25.0569699
113,7,23,6,24,2,07信義區,信義區基隆路1段與基隆路1段101巷口口,0,0,1,1,C03,8,7,5,50,3,1,1,5,4,5,13,1,1,1,4,5,2,18,1,35,2,9,6,1,7,9,1,10,2,14,,103,,1,21,121.5671484,25.045411
113,7,23,6,24,2,07信義區,信義區基隆路1段與基隆路1段101巷口口,0,0,1,2,,8,7,5,50,3,1,1,5,4,5,13,1,1,1,4,5,2,18,3,0,,,,,,,,,,,,67,,1,,121.5671484,25.045411
113,7,23,6,30,2,08士林區,士林區萬溪產業道路第11117862號燈桿前,0,0,1,1,F01,7,5,8,30,22,22,1,4,4,5,13,4,4,10,5,5,1,17,1,37,2,9,4,1,7,9,8,20,1,17,,116,,1,21,121.5994755,25.13495449
113,7,23,6,30,2,08士林區,士林區萬溪產業道路第11117862號燈桿前,0,0,1,2,A02,7,5,8,30,22,22,1,4,4,5,13,4,4,10,5,5,1,17,1,56,3,10,7,1,7,9,1,2,9,17,,44,,1,21,121.5994755,25.13495449
113,7,23,7,14,2,10文山區,文山區木柵路1段184號,0,0,1,1,C03,8,6,5,50,14,9,2,5,4,5,13,4,4,5,4,5,2,17,1,60,2,9,5,4,7,15,1,10,2,14,,100,,1,21,121.5524957,24.98781363
113,7,23,7,14,2,10文山區,文山區木柵路1段184號,0,0,1,2,B03,8,6,5,50,14,9,2,5,4,5,13,4,4,5,4,5,2,17,2,47,3,10,3,4,7,9,1,8,2,2,,44,,1,21,121.5524957,24.98781363
113,7,23,7,20,2,04大安區,大安區辛亥路1段與溫州街口,0,0,2,1,F01,8,6,5,50,14,9,1,5,4,5,13,4,4,10,5,5,2,12,1,68,2,9,4,1,7,7,8,20,1,13,,100,,1,21,121.5333283,25.0222073
113,7,23,7,20,2,04大安區,大安區辛亥路1段與溫州街口,0,0,2,2,C03,8,6,5,50,14,9,1,5,4,5,13,4,4,10,5,5,2,12,1,25,2,9,6,1,7,9,1,10,1,11,,44,,1,21,121.5333283,25.0222073
113,7,23,7,47,2,05中正區,中正區貴陽街1段與公園路口,0,0,1,2,C03,8,7,5,50,4,1,1,5,4,5,13,1,1,5,4,5,2,16,2,39,2,9,5,1,7,5,1,10,2,11,,8,,1,21,121.515208,25.0385757
113,7,23,7,47,2,05中正區,中正區貴陽街1段與公園路口,0,0,1,1,C03,8,7,5,50,4,1,1,5,4,5,13,1,1,5,4,5,2,16,1,34,3,10,5,1,7,9,1,10,9,12,,114,,2,21,121.515208,25.0385757
113,7,23,8,0,2,11南港區,南港區市民大道8段與南港路2段41巷口,0,0,1,1,B03,8,6,5,50,4,2,1,5,4,5,13,1,1,2,3,5,2,12,1,50,3,10,3,4,7,8,1,8,1,6,,9,,1,22,121.6033638,25.0527426
113,7,23,8,0,2,11南港區,南港區市民大道8段與南港路2段41巷口,0,0,1,2,C03,8,6,5,50,4,2,1,5,4,5,13,1,1,2,3,5,2,12,1,52,2,8,3,4,7,9,1,10,1,11,,16,,1,22,121.6033638,25.0527426
113,7,23,8,10,2,08士林區,士林區中山北路6段與德行西路口,0,0,2,1,C03,8,6,5,50,4,1,1,5,4,5,13,1,1,5,4,5,2,17,2,49,2,8,6,1,7,5,1,10,1,12,,8,,1,22,121.5250755,25.1065413
113,7,23,8,10,2,08士林區,士林區中山北路6段與德行西路口,0,0,2,2,C03,8,6,5,50,4,1,1,5,4,5,13,1,1,5,4,5,2,17,1,19,2,7,6,1,7,9,1,10,1,11,,42,,1,22,121.5250755,25.1065413
113,7,23,8,18,2,12內湖區,內湖區成美橋成美008標牌,0,0,1,1,C03,8,7,5,50,8,9,1,5,4,5,13,4,4,5,4,5,2,13,2,50,3,10,5,1,7,12,1,10,9,13,,44,,2,21,121.5827581,25.0535951
113,7,23,8,18,2,12內湖區,內湖區成美橋成美008標牌,0,0,1,2,C03,8,7,5,50,8,9,1,5,4,5,13,4,4,5,4,5,2,13,2,28,2,9,5,1,7,9,1,10,1,11,,16,,1,21,121.5827581,25.0535951
113,7,23,8,18,2,12內湖區,內湖區成美橋成美008標牌,0,0,1,3,,8,7,5,50,8,9,1,5,4,5,13,4,4,5,4,5,2,13,3,0,,,,,,,,,10,,,130,,,,121.5827581,25.0535951
113,7,23,8,32,2,10文山區,文山區恆光街61巷5號,0,0,1,1,B03,8,6,5,30,14,9,2,5,4,5,13,4,4,10,5,5,2,17,1,44,3,10,3,4,7,1,1,4,1,4,,10,,1,21,121.5674281,24.98161621
113,7,23,8,32,2,10文山區,文山區恆光街61巷5號,0,0,1,2,C03,8,6,5,30,14,9,2,5,4,5,13,4,4,10,5,5,2,17,1,43,2,9,5,4,7,9,1,10,1,12,,13,,1,21,121.5674281,24.98161621
113,7,23,8,32,2,10文山區,文山區恆光街61巷5號,0,0,1,3,B03,8,6,5,30,14,9,2,5,4,5,13,4,4,10,5,5,2,17,1,72,3,10,3,4,7,13,7,19,11,4,,44,,1,21,121.5674281,24.98161621
113,7,23,9,6,2,01大同區,大同區塔城街與忠孝西路2段口,0,0,1,1,C03,8,6,5,50,5,1,1,5,4,5,13,1,1,1,5,5,2,16,1,24,2,9,6,1,7,9,1,10,2,12,,99,,1,21,121.5100323,25.0480181
113,7,23,9,6,2,01大同區,大同區塔城街與忠孝西路2段口,0,0,1,2,B02,8,6,5,50,5,1,1,5,4,5,13,1,1,1,5,5,2,16,1,53,3,10,7,1,7,5,1,8,2,8,,44,,1,21,121.5100323,25.0480181
113,7,23,9,12,2,12內湖區,內湖區環山路2段53巷1弄20號,0,0,2,1,C03,8,6,5,30,14,9,1,5,4,5,13,4,4,10,5,5,2,12,2,50,2,9,6,1,7,1,1,10,9,11,,19,,1,21,121.5732573,25.0853439
113,7,23,9,12,2,12內湖區,內湖區環山路2段53巷1弄20號,0,0,2,2,C03,8,6,5,30,14,9,1,5,4,5,13,4,4,10,5,5,2,12,1,25,2,8,5,1,7,9,1,10,9,14,,44,,1,21,121.5732573,25.0853439
113,7,23,9,45,2,07信義區,信義區信義路5段100-1號,0,0,1,1,C03,8,7,5,50,14,9,1,5,4,5,13,4,4,3,4,5,2,12,2,54,3,10,6,4,7,9,1,10,1,14,,16,,1,21,121.5649903,25.0328215
113,7,23,9,45,2,07信義區,信義區信義路5段100-1號,0,0,1,2,C03,8,7,5,50,14,9,1,5,4,5,13,4,4,3,4,5,2,12,2,54,2,9,6,4,7,7,1,10,1,12,,100,,1,21,121.5649903,25.0328215
113,7,23,9,52,2,04大安區,大安區建國南路2段與瑞安街244巷口,0,0,1,1,B03,8,6,5,50,4,1,1,5,4,5,13,4,4,10,5,5,2,15,2,23,3,10,7,1,7,9,1,8,1,2,,73,,1,21,121.5380074,25.0282011
113,7,23,9,52,2,04大安區,大安區建國南路2段與瑞安街244巷口,0,0,1,2,C03,8,6,5,50,4,1,1,5,4,5,13,4,4,10,5,5,2,15,1,25,2,8,6,1,7,9,1,10,1,11,,14,,1,21,121.5380074,25.0282011
113,7,23,9,55,2,10文山區,文山區興隆路1段與景興路口,0,0,1,1,C03,8,6,5,50,4,1,1,5,4,5,13,2,1,1,4,5,2,17,1,33,2,9,6,1,7,12,1,10,2,14,,42,,1,21,121.5444413,24.9987654
113,7,23,9,55,2,10文山區,文山區興隆路1段與景興路口,0,0,1,2,B03,8,6,5,50,4,1,1,5,4,5,13,2,1,1,4,5,2,17,2,32,3,10,7,1,7,9,1,8,2,3,,44,,1,21,121.5444413,24.9987654
113,7,23,10,17,2,02萬華區,萬華區西園路2段281巷與西園路2段281巷6弄口,0,0,2,1,C03,8,7,5,30,5,1,1,5,4,5,13,4,4,9,5,5,2,17,1,39,2,8,5,1,7,9,1,10,1,13,,14,,1,21,121.4918276,25.0245384
113,7,23,10,17,2,02萬華區,萬華區西園路2段281巷與西園路2段281巷6弄口,0,0,2,2,C03,8,7,5,30,5,1,1,5,4,5,13,4,4,9,5,5,2,17,2,66,2,7,5,1,7,5,1,10,1,11,,14,,1,21,121.4918276,25.0245384
113,7,23,10,18,2,04大安區,大安區基隆路2段與光復南路口,0,0,1,1,B11,8,6,5,50,4,2,1,5,4,5,13,2,1,1,4,5,1,12,1,40,3,10,3,4,7,8,1,4,1,5,,101,,1,21,121.5573678,25.0296546
113,7,23,10,18,2,04大安區,大安區基隆路2段與光復南路口,0,0,1,2,C03,8,6,5,50,4,2,1,5,4,5,13,2,1,1,4,5,1,12,1,20,2,9,3,4,7,9,1,10,1,14,,44,,1,21,121.5573678,25.0296546
113,7,23,10,21,2,08士林區,士林區德行東路109巷與士東路46巷口,0,0,2,1,C03,8,5,5,30,4,1,1,5,4,5,13,4,4,10,5,5,1,15,2,77,2,9,5,1,7,9,1,10,1,11,,72,,1,21,121.5283828,25.1109006