發生年度,發生月,發生日,發生時-Hours,發生分,處理別-編號,區序,肇事地點,死亡人數,2-30日死亡人數,受傷人數,當事人序號,車種,天候,道路照明設備,道路類別,速限-速度限制,道路型態,事故位置,路面狀況1,路面狀況2,路面狀況3,道路障礙1,道路障礙2,號誌1,號誌2,車道劃分-分向,車道劃分-分道1,車道劃分-分道2,車道劃分-分道3,事故類型及型態,性別,年齡,受傷程度,主要傷處,保護裝置,行動電話,車輛用途,當事者行動狀態,駕駛資格情形,駕駛執照種類,飲酒情形,車輛撞擊部位1,車輛撞擊部位2,肇因碼-個別,肇因碼-主要,個人肇逃否,職業,座標-X,座標-Y
113,7,23,10,21,2,08士林區,士林區德行東路109巷與士東路46巷口,0,0,2,2,C03,8,5,5,30,4,1,1,5,4,5,13,4,4,10,5,5,1,15,2,23,2,9,5,1,7,9,1,10,1,11,,14,,1,21,121.5283828,25.1109006
113,7,23,10,30,2,12內湖區,內湖區陽光街345巷8號,0,0,1,1,B03,8,5,5,50,14,9,1,5,4,5,13,4,4,8,3,5,1,17,1,27,3,10,3,4,7,15,1,8,1,1,,19,,1,21,121.5778221,25.07282
113,7,23,10,30,2,12內湖區,內湖區陽光街345巷8號,0,0,1,2,C03,8,5,5,50,14,9,1,5,4,5,13,4,4,8,3,5,1,17,2,47,2,5,3,4,7,9,1,10,1,12,,44,,1,21,121.5778221,25.07282
113,7,23,10,44,2,04大安區,大安區基隆路高架道往北045燈桿,0,0,3,1,B03,8,7,5,60,14,9,1,5,4,5,13,4,4,8,3,5,1,13,1,49,3,10,7,1,7,12,1,8,1,1,,108,,1,26,121.5415765,25.0147538
113,7,23,10,44,2,04大安區,大安區基隆路高架道往北045燈桿,0,0,3,2,B03,8,7,5,60,14,9,1,5,4,5,13,4,4,8,3,5,1,13,1,54,2,2,7,1,7,14,1,8,1,3,,44,,1,26,121.5415765,25.0147538
113,7,23,10,44,2,04大安區,大安區基隆路高架道往北045燈桿,0,0,3,3,B03,8,7,5,60,14,9,1,5,4,5,13,4,4,8,3,5,1,13,1,59,3,10,7,1,7,14,1,8,1,3,,44,,1,26,121.5415765,25.0147538
113,7,23,10,44,2,04大安區,大安區基隆路高架道往北045燈桿,0,0,3,4,B01,8,7,5,60,14,9,1,5,4,5,13,4,4,8,3,5,1,13,1,47,2,2,7,1,7,14,1,4,1,3,,44,,1,26,121.5415765,25.0147538
113,7,23,10,44,2,04大安區,大安區基隆路高架道往北045燈桿,0,0,3,5,H02,8,7,5,60,14,9,1,5,4,5,13,4,4,8,3,5,1,13,2,33,2,1,2,5,7,20,8,20,10,16,,67,,1,26,121.5415765,25.0147538
113,7,23,11,20,2,12內湖區,內湖區瑞光路與江南街71巷16弄口,0,0,1,1,B12,8,6,5,50,4,2,1,5,4,5,13,2,1,5,4,5,2,17,1,57,3,10,7,1,7,6,1,8,2,5,,9,,1,21,121.5760345,25.07568647
113,7,23,11,20,2,12內湖區,內湖區瑞光路與江南街71巷16弄口,0,0,1,2,C03,8,6,5,50,4,2,1,5,4,5,13,2,1,5,4,5,2,17,2,52,2,9,5,1,7,9,1,10,2,14,,17,,1,21,121.5760345,25.07568647
113,7,23,11,23,2,09北投區,(即西安街二段185號前),0,0,2,2,C03,8,6,5,50,14,9,1,5,4,5,13,2,1,1,4,5,2,17,1,26,2,9,6,1,7,9,1,10,2,11,,13,,1,22,121.5114281,25.1194255
113,7,23,11,23,2,09北投區,(即西安街二段185號前),0,0,2,1,C03,8,6,5,50,14,9,1,5,4,5,13,2,1,1,4,5,2,17,1,61,2,9,6,1,7,15,1,10,2,13,,101,,1,22,121.5114281,25.1194255
113,7,23,11,27,2,01大同區,大同區重慶北路1段82號,0,0,1,1,B01,8,6,5,50,14,9,1,5,4,5,13,4,4,1,4,5,2,17,1,68,4,11,3,4,7,8,7,19,11,15,,100,,2,22,121.5137917,25.0530762
113,7,23,11,27,2,01大同區,大同區重慶北路1段82號,0,0,1,2,C03,8,6,5,50,14,9,1,5,4,5,13,4,4,1,4,5,2,17,1,23,2,9,5,4,7,9,1,10,1,14,,13,,1,21,121.5137917,25.0530762
113,7,23,11,32,2,03中山區,中山區新生北路3段與新生北路3段口北往南迴轉道,0,0,1,1,B03,8,7,5,30,4,1,1,5,4,5,13,2,1,10,5,5,2,17,1,68,3,10,7,1,7,9,1,8,1,1,,16,,1,21,121.5275853,25.06696971
113,7,23,11,32,2,03中山區,中山區新生北路3段與新生北路3段口北往南迴轉道,0,0,1,2,C03,8,7,5,30,4,1,1,5,4,5,13,2,1,10,5,5,2,17,1,57,2,9,5,1,7,9,1,10,1,13,,16,,1,21,121.5275853,25.06696971
113,7,23,11,40,2,05中正區,中正區南昌路1段與南海路口,0,0,1,1,B03,8,7,5,30,4,1,1,5,4,5,13,2,1,10,4,5,2,16,1,51,3,10,7,1,7,6,1,8,1,5,,80,,1,21,121.5163196,25.032398
113,7,23,11,40,2,05中正區,中正區南昌路1段與南海路口,0,0,1,2,C03,8,7,5,30,4,1,1,5,4,5,13,2,1,10,4,5,2,16,1,32,2,9,5,1,7,9,1,10,1,14,,44,,1,21,121.5163196,25.032398
113,7,23,11,48,2,01大同區,大同區忠孝西路2段與西寧北路口,0,0,2,1,B12,8,7,5,50,4,1,1,5,4,5,13,2,1,1,3,5,2,16,1,68,2,9,3,4,7,9,1,7,2,1,,81,,1,22,121.5078451,25.0486523
113,7,23,11,48,2,01大同區,大同區忠孝西路2段與西寧北路口,0,0,2,2,A04,8,7,5,50,4,1,1,5,4,5,13,2,1,1,3,5,2,16,1,48,2,8,7,1,7,5,1,2,2,8,,44,,1,22,121.5078451,25.0486523
113,7,23,12,37,2,12內湖區,內湖區成功路4段234號,0,0,1,1,B03,6,7,5,40,14,8,1,4,4,5,13,4,4,1,4,4,2,17,2,42,3,10,7,1,7,1,1,8,1,8,,19,,1,21,121.5969871,25.0846375
113,7,23,12,37,2,12內湖區,內湖區成功路4段234號,0,0,1,2,C03,6,7,5,40,14,8,1,4,4,5,13,4,4,1,4,4,2,17,1,71,2,9,5,1,7,9,1,10,1,11,,44,,1,21,121.5969871,25.0846375
113,7,23,13,0,2,04大安區,大安區瑞安街208巷41號,0,0,1,1,F01,8,5,5,30,14,9,1,5,4,5,13,4,4,10,4,5,1,17,2,28,2,9,4,1,7,5,8,20,1,14,,80,,1,21,121.5405875,25.02979434
113,7,23,13,0,2,04大安區,大安區瑞安街208巷41號,0,0,1,2,C03,8,5,5,30,14,9,1,5,4,5,13,4,4,10,4,5,1,17,1,26,3,10,5,1,7,9,1,10,1,11,,44,,1,21,121.5405875,25.02979434
113,7,23,13,8,2,06松山區,松山區市民大道4段73號,0,0,1,1,B03,8,6,5,40,14,6,1,5,4,5,13,4,4,1,4,5,2,16,1,65,3,10,7,1,7,5,1,8,1,5,,5,,1,22,121.5451004,25.0450563
113,7,23,13,8,2,06松山區,松山區市民大道4段73號,0,0,1,2,C03,8,6,5,40,14,6,1,5,4,5,13,4,4,1,4,5,2,16,1,27,2,1,6,1,7,9,1,10,1,14,,5,,1,22,121.5451004,25.0450563
113,7,23,13,29,2,08士林區,士林區忠誠路2段10巷與德行東路129巷口,0,0,1,1,B02,7,7,5,30,4,2,1,5,4,5,13,4,4,10,5,5,1,17,1,54,3,10,7,1,7,9,1,8,2,2,,72,,1,21,121.5292053,25.10880606
113,7,23,13,29,2,08士林區,士林區忠誠路2段10巷與德行東路129巷口,0,0,1,2,C03,7,7,5,30,4,2,1,5,4,5,13,4,4,10,5,5,1,17,2,28,2,9,6,1,7,9,1,10,2,11,,108,,1,22,121.5292053,25.10880606
113,7,23,15,6,2,02萬華區,萬華區昆明街與開封街2段口,0,0,1,1,H01,7,6,5,50,4,2,1,5,4,5,13,1,1,8,4,4,2,3,2,65,2,9,4,5,8,16,8,20,10,16,,53,,1,22,121.5061155,25.0468005
113,7,23,15,6,2,02萬華區,萬華區昆明街與開封街2段口,0,0,1,2,B03,7,6,5,50,4,2,1,5,4,5,13,1,1,8,4,4,2,3,1,75,3,10,3,4,7,1,1,8,1,4,,107,,1,22,121.5061155,25.0468005
113,7,23,15,10,2,02萬華區,萬華區康定路與長沙街2段口,0,0,1,1,B01,7,5,5,50,4,1,1,5,4,5,13,1,1,5,4,5,2,13,1,66,3,10,3,4,7,8,1,4,11,3,,100,,2,21,121.5020831,25.04030516
113,7,23,15,10,2,02萬華區,萬華區康定路與長沙街2段口,0,0,1,2,C03,7,5,5,50,4,1,1,5,4,5,13,1,1,5,4,5,2,13,2,39,2,8,5,4,7,9,1,10,1,11,,107,,1,21,121.5020831,25.04030516
113,7,23,15,20,2,02萬華區,萬華區西園路2段與東園街口,0,0,2,1,C03,6,7,5,50,3,2,1,4,4,5,13,1,1,1,4,5,2,17,1,18,2,9,5,1,7,9,1,10,1,11,,81,,1,21,121.4952271,25.02823135
113,7,23,15,20,2,02萬華區,萬華區西園路2段與東園街口,0,0,2,2,C03,6,7,5,50,3,2,1,4,4,5,13,1,1,1,4,5,2,17,2,41,2,9,5,1,7,9,1,10,1,14,,44,,1,21,121.4952271,25.02823135
113,7,23,15,42,2,02萬華區,萬華區東園街與萬大路口,0,0,1,1,C03,6,6,5,30,4,2,1,4,4,3,10,2,1,5,5,5,2,17,1,46,2,9,5,1,7,1,1,10,1,14,,19,,1,26,121.498446,25.02169494
113,7,23,15,42,2,02萬華區,萬華區東園街與萬大路口,0,0,1,2,C03,6,6,5,30,4,2,1,4,4,3,10,2,1,5,5,5,2,17,1,45,3,10,5,1,7,9,1,10,1,12,,44,,1,21,121.498446,25.02169494
113,7,23,15,42,2,02萬華區,萬華區東園街與萬大路口,0,0,1,3,B12,6,6,5,30,4,2,1,4,4,3,10,2,1,5,5,5,2,17,1,112,3,10,7,1,7,13,7,19,11,17,,44,,1,26,121.498446,25.02169494
113,7,23,15,53,2,05中正區,中正區中華路1段與武昌街1段口,0,0,1,2,C03,6,7,5,50,4,1,1,4,4,5,13,1,1,1,4,5,2,17,2,21,2,9,5,1,7,9,1,10,2,14,,13,,1,21,121.5090681,25.0442982
113,7,23,15,53,2,05中正區,中正區中華路1段與武昌街1段口,0,0,1,3,B12,6,7,5,50,4,1,1,4,4,5,13,1,1,1,4,5,2,17,1,23,3,10,7,1,7,13,1,8,2,3,,38,,1,21,121.5090681,25.0442982
113,7,23,15,53,2,05中正區,中正區中華路1段與武昌街1段口,0,0,1,1,B03,6,7,5,50,4,1,1,4,4,5,13,1,1,1,4,5,2,17,1,44,3,10,7,1,7,7,1,8,2,5,,100,,1,21,121.5090681,25.0442982
113,7,23,16,5,2,03中山區,中山區北安路139號對面,0,0,1,1,B03,6,6,5,50,18,9,1,4,4,5,13,4,4,3,4,5,2,16,2,47,3,10,7,1,7,5,1,8,1,5,,16,,1,22,121.5333193,25.0779818
113,7,23,16,5,2,03中山區,中山區北安路139號對面,0,0,1,2,C03,6,6,5,50,18,9,1,4,4,5,13,4,4,3,4,5,2,16,2,24,2,9,6,1,7,7,1,10,1,14,,100,,1,22,121.5333193,25.0779818
113,7,23,16,10,2,06松山區,松山區延壽街72巷與健康路325巷5弄口,0,0,1,1,B03,7,6,5,30,4,18,1,4,4,5,13,4,4,5,5,5,2,3,1,34,3,10,3,4,7,6,1,8,2,1,,70,,1,22,121.5656405,25.054766
113,7,23,16,10,2,06松山區,松山區延壽街72巷與健康路325巷5弄口,0,0,1,2,H01,7,6,5,30,4,18,1,4,4,5,13,4,4,5,5,5,2,3,2,76,2,9,4,5,8,18,8,20,10,16,,67,,1,22,121.5656405,25.054766
113,7,23,16,20,2,07信義區,信義區永吉路與基隆路1段37巷口,0,0,1,1,B03,7,6,5,50,4,1,1,5,4,5,13,2,1,8,3,5,2,17,1,36,3,10,3,4,7,15,1,8,1,6,,9,,1,21,121.5688535,25.045788
113,7,23,16,20,2,07信義區,信義區永吉路與基隆路1段37巷口,0,0,1,2,C03,7,6,5,50,4,1,1,5,4,5,13,2,1,8,3,5,2,17,1,58,2,9,3,4,7,9,1,10,1,11,,44,,1,21,121.5688535,25.045788
113,7,23,17,5,2,09北投區,北投區建民路與建民路150巷口,0,0,2,1,C03,8,6,5,30,4,1,1,5,4,5,13,4,4,10,5,5,2,15,2,22,2,7,5,1,7,9,1,10,1,11,,72,,1,21,121.5192935,25.1104275
113,7,23,17,5,2,09北投區,北投區建民路與建民路150巷口,0,0,2,2,C03,8,6,5,30,4,1,1,5,4,5,13,4,4,10,5,5,2,15,2,63,2,9,5,1,7,9,1,10,1,11,,44,,1,21,121.5192935,25.1104275
113,7,23,17,15,2,08士林區,士林區仰德大道2段與仰德大道2段2巷口,0,0,1,1,C03,7,6,5,40,3,1,1,5,4,5,13,1,1,4,5,5,2,17,1,52,2,8,6,1,7,9,1,10,1,14,,16,,1,21,121.5396248,25.10190229
113,7,23,17,15,2,08士林區,士林區仰德大道2段與仰德大道2段2巷口,0,0,1,2,B03,7,6,5,40,3,1,1,5,4,5,13,1,1,4,5,5,2,17,2,47,3,10,7,1,7,9,1,8,1,2,,44,,1,21,121.5396248,25.10190229
113,7,23,17,30,2,11南港區,南港區三重路與三重路41巷口,0,0,1,1,,8,5,5,50,3,2,1,5,4,5,13,4,4,5,4,5,2,9,4,0,,,,,,,,,11,,,119,,2,,121.6141831,25.0596354
113,7,23,17,30,2,11南港區,南港區三重路與三重路41巷口,0,0,1,2,H03,8,5,5,50,3,2,1,5,4,5,13,4,4,5,4,5,2,9,2,70,2,8,4,5,8,20,8,20,10,16,,67,,1,21,121.6141831,25.0596354
113,7,23,18,8,2,04大安區,大安區忠孝東路4段233號,0,0,1,1,B03,7,6,5,50,14,9,1,5,4,5,13,4,4,1,4,5,2,17,1,29,3,10,3,4,7,15,1,8,2,2,,38,,1,21,121.553321,25.0415515
113,7,23,18,8,2,04大安區,大安區忠孝東路4段233號,0,0,1,2,C03,7,6,5,50,14,9,1,5,4,5,13,4,4,1,4,5,2,17,1,54,2,9,5,1,7,9,1,10,2,14,,44,,1,21,121.553321,25.0415515
113,7,23,18,8,2,04大安區,大安區忠孝東路4段233號,0,0,1,3,H02,7,6,5,50,14,9,1,5,4,5,13,4,4,1,4,5,2,17,2,28,3,10,3,5,7,19,8,20,10,17,,126,,1,21,121.553321,25.0415515
113,7,23,18,12,2,09北投區,北投區中央北路3段與中央北路3段92巷口,0,0,1,1,B03,7,6,5,50,3,2,1,5,4,5,13,4,4,5,4,5,2,16,1,62,3,10,7,1,7,11,1,8,2,8,,99,,1,21,121.4839517,25.1375975
113,7,23,18,12,2,09北投區,北投區中央北路3段與中央北路3段92巷口,0,0,1,2,C03,7,6,5,50,3,2,1,5,4,5,13,4,4,5,4,5,2,16,1,21,2,8,5,1,7,9,3,18,2,11,,13,,1,21,121.4839517,25.1375975
113,7,23,18,30,2,12內湖區,內湖區內湖路2段179巷234號對面,0,0,2,1,C03,8,6,5,50,14,7,1,5,4,5,13,4,4,5,4,4,2,12,2,42,2,9,6,1,7,9,1,10,2,11,,44,,1,21,121.5840338,25.0843818
113,7,23,18,30,2,12內湖區,內湖區內湖路2段179巷234號對面,0,0,2,2,C03,8,6,5,50,14,7,1,5,4,5,13,4,4,5,4,4,2,12,2,66,2,9,6,1,7,8,1,10,2,14,,101,,1,21,121.5840338,25.0843818
113,7,23,18,34,2,12內湖區,內湖區瑞湖街與民權東路6段11巷口,0,0,2,2,C03,8,5,5,50,3,1,1,5,4,5,13,1,1,5,4,5,2,16,1,33,2,8,6,1,7,6,1,10,1,14,,44,,1,21,121.5765105,25.06758373
113,7,23,18,34,2,12內湖區,內湖區瑞湖街與民權東路6段11巷口,0,0,2,3,H02,8,5,5,50,3,1,1,5,4,5,13,1,1,5,4,5,2,16,2,28,2,8,6,5,7,20,8,20,10,16,,67,,1,21,121.5765105,25.06758373
113,7,23,18,34,2,12內湖區,內湖區瑞湖街與民權東路6段11巷口,0,0,2,1,B03,8,5,5,50,3,1,1,5,4,5,13,1,1,5,4,5,2,16,1,46,3,10,7,1,7,6,1,8,1,6,,86,,1,21,121.5765105,25.06758373
113,7,23,18,39,2,05中正區,中正區仁愛路2段與臨沂街口,0,0,1,1,C03,7,5,5,30,4,2,1,5,4,3,13,1,1,10,5,5,2,17,2,36,2,9,6,4,7,1,1,10,1,11,,19,,1,22,121.52936,25.03799269
113,7,23,18,39,2,05中正區,中正區仁愛路2段與臨沂街口,0,0,1,2,B03,7,5,5,30,4,2,1,5,4,3,13,1,1,10,5,5,2,17,1,48,3,10,7,4,7,9,1,8,1,4,,108,,1,22,121.52936,25.03799269
113,7,23,18,39,2,05中正區,中正區仁愛路2段與臨沂街口,0,0,1,3,B03,7,5,5,30,4,2,1,5,4,3,13,1,1,10,5,5,2,17,1,34,3,10,2,4,7,14,1,8,11,17,,38,,1,22,121.52936,25.03799269
113,7,23,19,13,2,07信義區,信義區忠孝東路5段683號,0,0,1,1,B03,7,5,5,50,14,9,1,5,4,5,13,4,4,1,4,5,2,12,1,68,3,10,3,4,7,9,1,8,1,6,,44,,1,22,121.57967,25.0418988
113,7,23,19,13,2,07信義區,信義區忠孝東路5段683號,0,0,1,2,C03,7,5,5,50,14,9,1,5,4,5,13,4,4,1,4,5,2,12,2,20,2,9,3,4,7,8,1,10,1,14,,100,,1,22,121.57967,25.0418988
113,7,23,19,46,2,04大安區,大安區建國南路1段307巷與信義路3段111巷口,0,0,1,1,B03,7,5,5,30,3,1,1,5,4,5,13,4,4,9,4,5,1,17,1,47,3,10,7,1,7,5,1,8,1,17,,80,,1,21,121.5395146,25.0352054
113,7,23,19,46,2,04大安區,大安區建國南路1段307巷與信義路3段111巷口,0,0,1,2,C03,7,5,5,30,3,1,1,5,4,5,13,4,4,9,4,5,1,17,2,21,2,9,5,1,7,9,1,10,1,17,,14,,1,21,121.5395146,25.0352054
113,7,23,20,22,2,03中山區,中山區吉林路與錦州街口,0,0,1,1,B03,6,5,5,50,4,1,1,4,4,5,13,1,1,9,4,5,2,2,1,68,3,10,3,4,7,5,1,8,1,1,,107,,1,22,121.5302512,25.0603733
113,7,23,20,22,2,03中山區,中山區吉林路與錦州街口,0,0,1,2,H01,6,5,5,50,4,1,1,4,4,5,13,1,1,9,4,5,2,2,2,24,2,9,4,5,8,16,8,20,1,16,,123,,1,22,121.5302512,25.0603733
113,7,23,20,45,2,12內湖區,內湖區內湖路2段179巷27號,0,0,1,1,C03,6,5,5,50,14,9,1,4,4,5,13,4,4,10,5,5,2,13,1,28,2,9,6,1,7,9,1,10,2,11,,16,,1,21,121.5870358,25.0824796
113,7,23,20,45,2,12內湖區,內湖區內湖路2段179巷27號,0,0,1,2,C03,6,5,5,50,14,9,1,4,4,5,13,4,4,10,5,5,2,13,2,37,3,10,6,1,7,9,1,10,2,13,,44,,1,21,121.5870358,25.0824796
113,7,23,20,46,2,07信義區,信義區基隆路1段35巷7弄與松信路口,0,0,1,1,B03,6,6,5,50,5,2,1,4,4,5,13,2,1,9,4,5,2,2,1,21,3,10,7,1,7,5,1,8,1,1,,70,,1,21,121.5721953,25.047979
113,7,23,20,46,2,07信義區,信義區基隆路1段35巷7弄與松信路口,0,0,1,2,H01,6,6,5,50,5,2,1,4,4,5,13,2,1,9,4,5,2,2,1,45,2,9,4,5,8,16,8,20,1,16,,67,,1,21,121.5721953,25.047979
113,7,23,20,48,2,08士林區,士林區承德路4段179巷7號前,0,0,1,1,B03,6,5,5,50,14,9,1,4,4,5,13,4,4,9,5,5,2,16,1,24,3,10,7,1,7,11,1,8,1,5,,10,,1,21,121.5229473,25.08749935
113,7,23,20,48,2,08士林區,士林區承德路4段179巷7號前,0,0,1,2,C03,6,5,5,50,14,9,1,4,4,5,13,4,4,9,5,5,2,16,1,18,2,8,6,1,7,9,1,10,1,11,,107,,1,21,121.5229473,25.08749935
113,7,23,20,51,2,04大安區,大安區文昌街與文昌街278巷口,0,0,1,1,C03,6,5,5,30,4,1,1,4,4,5,13,4,4,10,5,5,2,15,2,44,2,9,5,1,7,9,6,10,2,12,,75,,1,21,121.5565798,25.0322106
113,7,23,20,51,2,04大安區,大安區文昌街與文昌街278巷口,0,0,1,2,B01,6,5,5,30,4,1,1,4,4,5,13,4,4,10,5,5,2,15,1,44,3,10,3,4,7,9,1,4,2,1,,14,,1,21,121.5565798,25.0322106
113,7,23,20,59,2,08士林區,士林區永平街80巷與永平街46巷1弄口,0,0,2,1,C03,7,5,5,30,4,1,1,5,4,5,10,4,4,10,5,5,2,15,1,54,2,8,5,1,7,9,1,10,1,11,,14,,1,21,121.5059992,25.0911362
113,7,23,20,59,2,08士林區,士林區永平街80巷與永平街46巷1弄口,0,0,2,2,C03,7,5,5,30,4,1,1,5,4,5,10,4,4,10,5,5,2,15,1,28,2,7,6,1,7,9,1,9,1,11,,14,,1,21,121.5059992,25.0911362
113,7,23,20,59,2,08士林區,士林區永平街80巷與永平街46巷1弄口,0,0,2,3,B03,7,5,5,30,4,1,1,5,4,5,10,4,4,10,5,5,2,15,1,58,3,10,3,4,7,13,1,8,11,17,,38,,1,22,121.5059992,25.0911362
113,7,23,21,11,2,07信義區,信義區忠孝東路5段666號,0,0,1,1,C03,6,5,5,50,14,9,1,4,4,5,13,4,4,3,4,5,2,18,1,30,2,9,6,1,7,9,1,10,1,14,,44,,1,21,121.581035,25.042898
113,7,23,21,11,2,07信義區,信義區忠孝東路5段666號,0,0,1,2,,6,5,5,50,14,9,1,4,4,5,13,4,4,3,4,5,2,18,3,,,,,,,,,,,,,67,,1,,121.581035,25.042898
113,7,23,21,12,2,07信義區,信義區基隆路1段與基隆路1段101巷口,0,0,1,1,B03,7,5,5,50,3,2,1,4,4,5,13,4,4,5,4,4,2,16,2,31,3,10,3,4,7,6,1,8,1,8,,44,,1,22,121.5672472,25.0454059
113,7,23,21,12,2,07信義區,信義區基隆路1段與基隆路1段101巷口,0,0,1,2,F01,7,5,5,50,3,2,1,4,4,5,13,4,4,5,4,4,2,16,2,40,2,9,3,4,7,9,8,20,1,14,,44,,1,22,121.5672472,25.0454059
113,7,23,21,58,2,01大同區,大同區民權西路與民權西路185巷口,0,0,2,1,C03,6,5,5,50,3,2,1,4,4,5,13,4,4,1,4,5,2,13,1,41,2,9,6,4,7,9,1,10,1,11,,16,,1,22,121.5157988,25.0630458
113,7,23,21,58,2,01大同區,大同區民權西路與民權西路185巷口,0,0,2,2,C03,6,5,5,50,3,2,1,4,4,5,13,4,4,1,4,5,2,13,1,28,2,9,6,4,7,9,1,10,1,13,,44,,1,22,121.5157988,25.0630458
113,7,23,22,18,2,12內湖區,內湖區民善街與新湖三路口,0,0,1,1,B03,6,5,5,50,4,1,1,4,4,5,13,1,1,5,5,5,2,3,2,35,3,10,7,1,7,5,1,8,1,8,,70,,1,21,121.5748511,25.0626711
113,7,23,22,18,2,12內湖區,內湖區民善街與新湖三路口,0,0,1,2,H01,6,5,5,50,4,1,1,4,4,5,13,1,1,5,5,5,2,3,1,33,2,9,4,5,8,16,8,20,10,16,,123,,1,21,121.5748511,25.0626711
113,7,23,22,20,2,03中山區,中山區林森北路與民生東路1段口,0,0,1,1,B03,6,5,5,50,4,1,1,4,4,5,13,1,1,1,3,5,2,2,1,28,3,10,3,4,7,5,1,8,1,1,,70,,1,22,121.5255237,25.0580554
113,7,23,22,20,2,03中山區,中山區林森北路與民生東路1段口,0,0,1,2,H01,6,5,5,50,4,1,1,4,4,5,13,1,1,1,3,5,2,2,2,36,2,9,4,5,8,16,8,20,1,16,,67,,1,22,121.5255237,25.0580554
113,7,23,22,45,2,11南港區,南港區忠孝東路6段與東新街口,0,0,2,1,B03,6,5,5,50,4,2,1,4,4,5,13,2,1,1,4,5,2,13,1,22,2,8,3,4,7,9,3,18,2,1,,108,,1,21,121.5854167,25.0482251
113,7,23,22,45,2,11南港區,南港區忠孝東路6段與東新街口,0,0,2,2,B01,6,5,5,50,4,2,1,4,4,5,13,2,1,1,4,5,2,13,1,54,3,10,3,4,7,14,1,4,2,3,,44,,1,21,121.5854167,25.0482251
113,7,23,22,45,2,11南港區,南港區忠孝東路6段與東新街口,0,0,2,3,B01,6,5,5,50,4,2,1,4,4,5,13,2,1,1,4,5,2,13,1,64,3,10,3,4,7,14,1,4,2,3,,44,,1,21,121.5854167,25.0482251
113,7,23,22,45,2,11南港區,南港區忠孝東路6段與東新街口,0,0,2,4,H02,6,5,5,50,4,2,1,4,4,5,13,2,1,1,4,5,2,13,1,37,2,2,3,5,7,20,8,20,10,17,,67,,1,21,121.5854167,25.0482251
113,7,23,22,52,2,03中山區,中山區南京東路1段林森公園旁,0,0,2,1,C03,6,6,5,50,14,9,1,4,4,5,13,4,4,1,4,1,2,13,2,37,2,9,6,4,7,9,1,10,1,13,,100,,1,22,121.5257553,25.05224554
113,7,23,22,52,2,03中山區,中山區南京東路1段林森公園旁,0,0,2,2,C03,6,6,5,50,14,9,1,4,4,5,13,4,4,1,4,1,2,13,2,25,2,8,6,4,7,9,1,10,1,11,,44,,1,22,121.5257553,25.05224554
113,7,23,23,16,2,06松山區,松山區民生東路3段與民生東路3段107巷口,0,0,1,1,B01,7,5,5,50,3,1,1,4,4,5,13,4,4,1,3,5,2,17,1,54,3,10,3,4,7,9,1,4,11,17,,72,,2,21,121.544842,25.0578652
113,7,23,23,16,2,06松山區,松山區民生東路3段與民生東路3段107巷口,0,0,1,2,C03,7,5,5,50,3,1,1,4,4,5,13,4,4,1,3,5,2,17,2,28,2,9,6,1,7,9,1,10,1,14,,44,,1,21,121.544842,25.0578652
113,7,23,23,30,2,06松山區,松山區南京東路5段與塔悠路口,0,0,1,1,C03,6,5,5,50,4,1,1,4,4,5,13,1,1,9,4,5,2,3,2,20,3,10,6,1,7,9,1,10,1,11,,70,,1,22,121.5704658,25.05151403
113,7,23,23,30,2,06松山區,松山區南京東路5段與塔悠路口,0,0,1,2,H01,6,5,5,50,4,1,1,4,4,5,13,1,1,9,4,5,2,3,2,40,2,7,4,5,8,16,8,20,1,16,,53,,1,22,121.5704658,25.05151403
113,7,23,23,36,2,07信義區,信義區松仁路與莊敬路口,0,0,1,1,B03,6,5,5,50,4,2,1,4,4,5,13,1,1,9,4,5,2,3,2,38,3,10,7,1,7,5,1,8,2,5,,8,,1,22,121.5684057,25.026802
113,7,23,23,36,2,07信義區,信義區松仁路與莊敬路口,0,0,1,2,H01,6,5,5,50,4,2,1,4,4,5,13,1,1,9,4,5,2,3,2,27,2,9,4,5,8,16,8,20,10,16,,67,,1,22,121.5684057,25.026802
113,7,24,7,57,2,02萬華區,萬華區環河南路1段69號,0,0,2,1,C03,6,6,5,50,14,9,1,4,4,5,13,4,4,8,3,5,1,12,1,31,2,7,5,1,7,10,1,10,1,14,,102,,1,21,121.5018512,25.0450974
113,7,24,7,57,2,02萬華區,萬華區環河南路1段69號,0,0,2,2,C03,6,6,5,50,14,9,1,4,4,5,13,4,4,8,3,5,1,12,2,39,2,9,5,1,7,9,1,10,1,12,14,44,,1,21,121.5018512,25.0450974
113,7,24,7,57,2,02萬華區,萬華區環河南路1段69號,0,0,2,3,B12,6,6,5,50,14,9,1,4,4,5,13,4,4,8,3,5,1,12,1,46,3,10,7,1,7,9,1,8,1,2,,44,,1,21,121.5018512,25.0450974
113,7,24,9,3,2,11南港區,南港區研究院路1段71號,0,0,1,1,B12,8,5,5,50,14,9,1,4,4,5,13,1,1,2,1,5,1,12,1,49,3,10,3,4,7,7,1,8,1,4,,99,,1,22,121.6162547,25.0528129
113,7,24,9,3,2,11南港區,南港區研究院路1段71號,0,0,1,2,C03,8,5,5,50,14,9,1,4,4,5,13,1,1,2,1,5,1,12,1,48,2,7,3,4,7,9,1,10,1,11,,44,,2,22,121.6162547,25.0528129
113,7,24,9,13,2,02萬華區,萬華區環河南路2段環南市場西三門前,0,0,1,1,C03,6,6,5,50,14,9,1,4,4,3,10,4,4,5,4,5,1,17,1,48,3,10,3,4,7,15,1,10,1,17,,4,,1,21,121.506037,25.0341744