發生年度,發生月,發生日,發生時-Hours,發生分,處理別-編號,區序,肇事地點,死亡人數,2-30日死亡人數,受傷人數,當事人序號,車種,天候,道路照明設備,道路類別,速限-速度限制,道路型態,事故位置,路面狀況1,路面狀況2,路面狀況3,道路障礙1,道路障礙2,號誌1,號誌2,車道劃分-分向,車道劃分-分道1,車道劃分-分道2,車道劃分-分道3,事故類型及型態,性別,年齡,受傷程度,主要傷處,保護裝置,行動電話,車輛用途,當事者行動狀態,駕駛資格情形,駕駛執照種類,飲酒情形,車輛撞擊部位1,車輛撞擊部位2,肇因碼-個別,肇因碼-主要,個人肇逃否,職業,座標-X,座標-Y
113,7,24,9,13,2,02萬華區,萬華區環河南路2段環南市場西三門前,0,0,1,2,C03,6,6,5,50,14,9,1,4,4,3,10,4,4,5,4,5,1,17,1,44,2,9,3,4,7,6,1,10,1,17,,44,,1,21,121.506037,25.0341744
113,7,24,9,13,2,02萬華區,萬華區環河南路2段環南市場西三門前,0,0,1,3,B03,6,6,5,50,14,9,1,4,4,3,10,4,4,5,4,5,1,17,1,73,3,10,3,4,7,14,1,7,1,17,,44,,1,21,121.506037,25.0341744
113,7,24,10,59,2,06松山區,松山區三民路與三民路113巷口,0,0,1,1,B12,6,7,5,30,4,1,1,4,4,5,13,2,1,9,5,5,2,2,1,40,3,10,7,1,7,6,1,8,2,5,,70,,1,21,121.563437,25.05802856
113,7,24,10,59,2,06松山區,松山區三民路與三民路113巷口,0,0,1,2,H01,6,7,5,30,4,1,1,4,4,5,13,2,1,9,5,5,2,2,2,60,2,9,4,5,8,16,8,20,10,16,,67,,1,21,121.563437,25.05802856
113,7,24,15,0,2,04大安區,大安區基隆路3段與長興街口,0,0,1,1,B03,6,6,8,50,5,1,1,4,4,5,13,1,1,8,3,5,2,12,2,49,3,10,3,4,7,15,1,8,1,15,,9,,1,21,121.5444178,25.01709
113,7,24,15,0,2,04大安區,大安區基隆路3段與長興街口,0,0,1,2,C03,6,6,8,50,5,1,1,4,4,5,13,1,1,8,3,5,2,12,1,50,2,9,3,4,7,9,1,10,1,14,,44,,1,21,121.5444178,25.01709
113,7,24,16,44,2,05中正區,中正區杭州南路1段11巷與忠孝東路2段64巷口,0,0,1,1,C03,6,6,5,30,4,1,1,4,4,5,13,4,4,10,5,5,2,15,2,62,2,9,6,1,7,9,1,10,2,11,,75,,1,22,121.5285022,25.0429312
113,7,24,16,44,2,05中正區,中正區杭州南路1段11巷與忠孝東路2段64巷口,0,0,1,2,E03,6,6,5,30,4,1,1,4,4,5,13,4,4,10,5,5,2,15,1,34,3,10,7,1,7,9,1,8,2,8,,44,,1,23,121.5285022,25.0429312
113,7,24,23,10,2,02萬華區,萬華區康定路與康定路25巷口口,0,0,2,1,B03,6,5,5,50,4,1,1,4,4,5,13,4,4,10,3,4,1,17,1,38,3,10,3,4,7,5,1,8,2,6,,8,,1,21,121.5027702,25.0440421
113,7,24,23,10,2,02萬華區,萬華區康定路與康定路25巷口口,0,0,2,2,C03,6,5,5,50,4,1,1,4,4,5,13,4,4,10,3,4,1,17,1,56,2,9,3,4,7,9,1,10,2,11,,13,,1,21,121.5027702,25.0440421
113,7,24,23,10,2,02萬華區,萬華區康定路與康定路25巷口口,0,0,2,3,H02,6,5,5,50,4,1,1,4,4,5,13,4,4,10,3,4,1,17,2,34,2,9,7,5,7,20,8,20,10,16,,67,,1,21,121.5027702,25.0440421
113,7,25,5,20,2,11南港區,南港區同德路與東新街口,0,0,3,1,H01,6,5,5,50,4,2,1,4,4,5,13,1,1,5,5,5,2,3,2,89,2,9,4,5,8,16,8,20,10,16,,122,,1,21,121.5870752,25.0463724
113,7,25,5,20,2,11南港區,南港區同德路與東新街口,0,0,3,2,C03,6,5,5,50,4,2,1,4,4,5,13,1,1,5,5,5,2,3,1,64,2,9,6,1,7,9,1,10,1,11,,70,,1,21,121.5870752,25.0463724
113,7,25,5,20,2,11南港區,南港區同德路與東新街口,0,0,3,3,H02,6,5,5,50,4,2,1,4,4,5,13,1,1,5,5,5,2,3,2,62,2,9,6,5,7,20,8,20,10,16,,67,,1,21,121.5870752,25.0463724
113,7,25,5,20,2,11南港區,南港區同德路與東新街口,0,0,3,4,C04,6,5,5,50,4,2,1,4,4,5,13,1,1,5,5,5,2,3,1,41,3,10,3,1,7,13,7,19,10,12,,44,,1,21,121.5870752,25.0463724
113,7,25,7,0,2,07信義區,信義區基隆路2段131號,0,0,1,1,A12,6,6,5,50,14,9,1,4,4,5,13,4,4,1,4,5,1,17,1,22,2,1,3,4,7,9,1,3,2,8,,42,,1,21,121.5564427,25.0278637
113,7,25,7,0,2,07信義區,信義區基隆路2段131號,0,0,1,2,B01,6,6,5,50,14,9,1,4,4,5,13,4,4,1,4,5,1,17,1,54,3,10,3,4,7,9,1,4,2,9,,44,,1,21,121.5564427,25.0278637
113,7,25,7,0,2,07信義區,信義區基隆路2段131號,0,0,1,3,,6,6,5,50,14,9,1,4,4,5,13,4,4,1,4,5,1,17,3,0,,,,,,,,,,,,67,,1,,121.5564427,25.0278637
113,7,25,10,23,2,04大安區,大安區和平東路3段與基隆路2段口,0,0,1,1,B03,6,7,5,50,5,1,1,3,4,5,13,1,1,3,3,5,2,16,1,57,3,10,7,1,7,6,1,8,1,5,,9,,1,21,121.5522857,25.024021
113,7,25,10,23,2,04大安區,大安區和平東路3段與基隆路2段口,0,0,1,2,C03,6,7,5,50,5,1,1,3,4,5,13,1,1,3,3,5,2,16,1,46,2,9,5,1,7,9,1,10,1,14,,44,,1,21,121.5522857,25.024021
113,7,25,10,55,2,02萬華區,萬華區長沙街2段73號,0,0,1,1,B01,6,7,5,50,14,9,1,4,4,5,13,4,4,5,5,5,2,3,1,42,3,10,7,1,7,9,1,4,1,4,,108,,1,21,121.5051785,25.04057537
113,7,25,10,55,2,02萬華區,萬華區長沙街2段73號,0,0,1,2,H01,6,7,5,50,14,9,1,4,4,5,13,4,4,5,5,5,2,3,2,84,2,1,4,5,8,16,8,20,10,16,,121,,1,21,121.5051785,25.04057537
113,7,25,11,26,2,02萬華區,萬華區昆明街與成都路口,0,0,1,1,B03,6,6,5,50,4,2,1,4,4,5,13,2,1,7,4,5,2,9,2,61,3,10,7,1,7,5,1,8,1,5,,70,,1,21,121.5047407,25.0430826
113,7,25,11,26,2,02萬華區,萬華區昆明街與成都路口,0,0,1,2,H01,6,6,5,50,4,2,1,4,4,5,13,2,1,7,4,5,2,9,2,50,2,8,4,5,8,16,8,20,10,16,,67,,1,21,121.5047407,25.0430826
113,7,25,14,37,2,03中山區,中山區民權東路1段12巷與民權東路1段口口,0,0,2,1,B01,6,7,5,50,3,2,1,4,4,5,13,4,4,1,4,4,2,17,1,65,3,10,3,4,7,6,1,4,1,6,,9,,1,21,121.5235462,25.0626504
113,7,25,14,37,2,03中山區,中山區民權東路1段12巷與民權東路1段口口,0,0,2,2,C03,6,7,5,50,3,2,1,4,4,5,13,4,4,1,4,4,2,17,1,20,2,8,3,4,7,8,1,10,1,11,,108,,1,21,121.5235462,25.0626504
113,7,25,14,37,2,03中山區,中山區民權東路1段12巷與民權東路1段口口,0,0,2,3,H02,6,7,5,50,3,2,1,4,4,5,13,4,4,1,4,4,2,17,2,20,2,9,3,5,7,20,8,20,10,16,,67,,1,21,121.5235462,25.0626504
113,7,25,14,46,2,05中正區,中正區和平西路1段64號,0,0,1,1,C03,6,7,5,40,14,8,1,4,4,5,13,4,4,1,4,4,2,13,1,33,2,9,5,1,7,9,1,9,1,11,,108,,1,22,121.5194032,25.0264174
113,7,25,14,46,2,05中正區,中正區和平西路1段64號,0,0,1,2,B03,6,7,5,40,14,8,1,4,4,5,13,4,4,1,4,4,2,13,1,44,3,10,2,1,7,13,1,8,1,7,,38,,1,22,121.5194032,25.0264174
113,7,25,16,25,2,01大同區,大同區市民大道1段203號,0,0,3,2,C03,6,6,5,40,14,9,1,4,4,5,13,4,4,8,3,5,2,17,1,23,2,7,6,1,7,9,1,10,1,17,,116,,1,21,121.5181027,25.04860626
113,7,25,16,25,2,01大同區,大同區市民大道1段203號,0,0,3,1,C03,6,6,5,40,14,9,1,4,4,5,13,4,4,8,3,5,2,17,1,70,2,9,6,1,7,9,1,10,1,17,,116,,1,21,121.5181027,25.04860626
113,7,25,16,25,2,01大同區,大同區市民大道1段203號,0,0,3,3,C03,6,6,5,40,14,9,1,4,4,5,13,4,4,8,3,5,2,17,1,30,3,10,6,1,7,6,1,10,11,13,,101,,1,21,121.5181027,25.04860626
113,7,25,16,25,2,01大同區,大同區市民大道1段203號,0,0,3,4,H02,6,6,5,40,14,9,1,4,4,5,13,4,4,8,3,5,2,17,2,64,2,7,6,5,7,20,8,20,10,16,,67,,1,21,121.5181027,25.04860626
113,7,25,16,39,2,08士林區,士林區永公路247號,0,0,4,1,B12,6,7,5,30,11,9,1,4,4,5,13,4,4,10,5,5,1,10,2,73,2,7,7,1,7,9,1,8,2,1,,105,,1,21,121.5572104,25.12142757
113,7,25,16,39,2,08士林區,士林區永公路247號,0,0,4,2,B03,6,7,5,30,11,9,1,4,4,5,13,4,4,10,5,5,1,10,1,73,2,3,7,1,7,9,1,8,2,1,,44,,1,21,121.5572104,25.12142757
113,7,25,16,39,2,08士林區,士林區永公路247號,0,0,4,3,H02,6,7,5,30,11,9,1,4,4,5,13,4,4,10,5,5,1,10,2,67,2,1,7,5,7,20,8,20,10,16,,67,,1,21,121.5572104,25.12142757
113,7,25,16,39,2,08士林區,士林區永公路247號,0,0,4,4,H02,6,7,5,30,11,9,1,4,4,5,13,4,4,10,5,5,1,10,2,34,2,7,7,5,7,20,8,20,10,16,,67,,1,21,121.5572104,25.12142757
113,7,25,17,47,2,03中山區,中山區農安街與農安街227巷口,0,0,1,1,B03,6,6,5,30,4,1,1,4,4,5,13,4,4,5,4,5,2,15,2,64,3,10,7,1,7,9,1,8,1,8,,72,,1,21,121.5338752,25.06473033
113,7,25,17,47,2,03中山區,中山區農安街與農安街227巷口,0,0,1,2,C03,6,6,5,30,4,1,1,4,4,5,13,4,4,5,4,5,2,15,1,38,2,9,6,1,7,9,1,10,1,14,,44,,1,21,121.5338752,25.06473033
113,7,25,18,10,2,10文山區,文山區興隆路3段與興隆路3段112巷口,0,0,1,1,C03,6,6,5,50,3,2,1,4,3,5,13,2,1,1,4,5,2,13,1,23,4,11,6,1,7,9,1,10,1,11,,16,,1,21,121.5575008,24.9993144
113,7,25,18,10,2,10文山區,文山區興隆路3段與興隆路3段112巷口,0,0,1,2,B03,6,6,5,50,3,2,1,4,3,5,13,2,1,1,4,5,2,13,1,31,3,10,7,1,7,14,1,8,1,7,,44,,1,21,121.5575008,24.9993144
113,7,25,18,10,2,10文山區,文山區興隆路3段與興隆路3段112巷口,0,0,1,3,H02,6,6,5,50,3,2,1,4,3,5,13,2,1,1,4,5,2,13,2,24,2,9,6,5,7,20,8,20,10,16,,67,,1,21,121.5575008,24.9993144
113,7,25,18,13,2,03中山區,中山區民生西路28號,0,0,2,1,C03,6,6,5,50,14,9,1,4,4,5,13,4,4,4,5,5,1,16,1,71,2,9,3,4,7,7,1,10,1,13,,100,,1,21,121.5218142,25.05780694
113,7,25,18,13,2,03中山區,中山區民生西路28號,0,0,2,2,C03,6,6,5,50,14,9,1,4,4,5,13,4,4,4,5,5,1,16,1,33,2,9,3,4,7,9,1,10,1,11,,107,,1,21,121.5218142,25.05780694
113,7,25,18,39,2,02萬華區,萬華區環河快速道路往南(二層接三層匝道口),0,0,2,1,C02,6,5,5,40,10,7,1,4,4,5,13,4,4,8,4,5,2,9,1,32,2,9,6,1,7,6,1,9,2,12,,42,,1,21,121.5048361,25.04806371
113,7,25,18,39,2,02萬華區,萬華區環河快速道路往南(二層接三層匝道口),0,0,2,2,H02,6,5,5,40,10,7,1,4,4,5,13,4,4,8,4,5,2,9,2,20,2,7,6,5,7,20,8,20,10,16,,67,,1,21,121.5048361,25.04806371
113,7,25,18,39,2,02萬華區,萬華區環河快速道路往南(二層接三層匝道口),0,0,2,3,,6,5,5,40,10,7,1,4,4,5,13,4,4,8,4,5,2,9,3,0,,,,,,,,,,,,67,,1,,121.5048361,25.04806371
113,7,25,18,54,2,04大安區,大安區基隆路2段與臥龍街口,0,0,1,1,B03,6,5,5,50,3,1,1,4,4,5,13,4,4,1,5,5,2,16,2,43,3,10,7,4,7,6,1,8,1,2,,9,,1,21,121.5483131,25.0207634
113,7,25,18,54,2,04大安區,大安區基隆路2段與臥龍街口,0,0,1,2,C03,6,5,5,50,3,1,1,4,4,5,13,4,4,1,5,5,2,16,1,20,2,7,6,4,7,9,1,10,1,14,,16,,1,21,121.5483131,25.0207634
113,7,25,19,35,2,01大同區,大同區長安西路與長安西路145巷口,0,0,2,1,H01,6,5,5,50,4,1,1,4,4,5,13,2,1,4,4,5,2,3,1,51,2,9,4,5,8,18,8,20,10,16,,122,,1,21,121.5148295,25.05138343
113,7,25,19,35,2,01大同區,大同區長安西路與長安西路145巷口,0,0,2,2,C03,6,5,5,50,4,1,1,4,4,5,13,2,1,4,4,5,2,3,1,27,2,8,3,4,7,9,1,10,1,14,,13,,1,21,121.5148295,25.05138343
113,7,25,20,30,2,03中山區,中山區八德路2段214號,0,0,1,2,H01,6,5,5,50,14,20,4,4,4,5,13,4,4,10,5,5,2,9,2,53,2,9,4,5,8,16,8,20,10,16,,119,,1,21,121.5475195,25.04817591
113,7,25,20,30,2,03中山區,中山區八德路2段214號,0,0,1,1,F01,6,5,5,50,14,20,4,4,4,5,13,4,4,10,5,5,2,9,1,46,4,11,3,4,7,21,8,20,9,15,,119,,2,22,121.5475195,25.04817591
113,7,25,20,33,2,07信義區,信義區松仁路與松壽路口,0,0,1,1,B03,6,5,5,50,5,2,1,4,4,5,13,2,1,1,4,5,2,10,1,52,3,10,7,1,7,9,1,8,1,4,,16,,1,21,121.5684413,25.0359764
113,7,25,20,33,2,07信義區,信義區松仁路與松壽路口,0,0,1,2,C03,6,5,5,50,5,2,1,4,4,5,13,2,1,1,4,5,2,10,1,27,2,9,5,1,7,15,1,10,1,12,,83,,1,21,121.5684413,25.0359764
113,7,25,21,25,2,02萬華區,萬華區西園路2段192號,0,0,1,1,C03,6,5,5,50,14,9,1,4,4,5,13,1,1,9,4,5,2,17,1,58,2,9,6,4,7,9,3,18,2,11,,44,,1,21,121.4958555,25.02931266
113,7,25,21,25,2,02萬華區,萬華區西園路2段192號,0,0,1,2,B03,6,5,5,50,14,9,1,4,4,5,13,1,1,9,4,5,2,17,2,48,3,10,7,4,7,15,1,8,1,7,,44,,1,21,121.4958555,25.02931266
113,7,25,21,27,2,04大安區,大安區忠孝東路4段270號,0,0,1,1,B01,6,5,5,50,14,9,1,4,4,3,10,4,4,1,4,5,2,12,1,49,3,10,7,1,7,1,1,4,1,6,,19,,1,21,121.5547519,25.0413132
113,7,25,21,27,2,04大安區,大安區忠孝東路4段270號,0,0,1,2,C03,6,5,5,50,14,9,1,4,4,3,10,4,4,1,4,5,2,12,1,40,2,7,6,1,7,9,6,9,1,14,,13,,1,21,121.5547519,25.0413132
113,7,25,21,27,2,04大安區,大安區忠孝東路4段270號,0,0,1,3,B01,6,5,5,50,14,9,1,4,4,3,10,4,4,1,4,5,2,12,1,47,3,10,7,1,7,14,1,3,1,7,,44,,1,21,121.5547519,25.0413132
113,7,25,21,59,2,03中山區,中山區新生北路2段與長春路口,0,0,1,1,C03,6,5,5,50,3,1,1,4,4,5,13,4,4,5,5,5,2,16,1,39,2,9,5,1,7,5,1,10,1,14,,73,,1,22,121.527084,25.0549316
113,7,25,21,59,2,03中山區,中山區新生北路2段與長春路口,0,0,1,2,B01,6,5,5,50,3,1,1,4,4,5,13,4,4,5,5,5,2,16,1,65,3,10,7,1,7,9,1,4,1,1,,44,,1,22,121.527084,25.0549316
113,7,25,23,12,2,06松山區,松山區松河街144號,0,0,1,1,C03,6,5,5,40,14,9,1,4,4,5,13,4,4,6,3,5,1,13,1,21,3,10,3,1,7,9,1,10,1,11,,16,,1,21,121.5759312,25.0512224
113,7,25,23,12,2,06松山區,松山區松河街144號,0,0,1,2,F01,6,5,5,40,14,9,1,4,4,5,13,4,4,6,3,5,1,13,2,59,2,9,3,1,7,15,8,20,1,14,,44,,1,21,121.5759312,25.0512224
113,7,25,23,12,2,06松山區,松山區松河街144號,0,0,1,3,C03,6,5,5,40,14,9,1,4,4,5,13,4,4,6,3,5,1,13,1,35,3,10,3,1,7,15,1,10,1,12,,44,,1,21,121.5759312,25.0512224
113,7,25,23,47,2,03中山區,中山區長春路78號,0,0,1,1,B03,6,5,5,50,14,7,1,4,4,5,13,4,4,9,4,4,2,16,1,30,3,10,7,1,7,11,6,18,1,5,,10,,1,22,121.5267302,25.05502224
113,7,25,23,47,2,03中山區,中山區長春路78號,0,0,1,2,C03,6,5,5,50,14,7,1,4,4,5,13,4,4,9,4,4,2,16,1,37,2,9,5,1,7,9,1,10,1,11,,44,,1,22,121.5267302,25.05502224
113,7,25,23,47,2,03中山區,中山區長春路78號,0,0,1,3,C03,6,5,5,50,14,7,1,4,4,5,13,4,4,9,4,4,2,16,1,36,3,10,5,1,7,15,1,10,1,14,,44,,1,22,121.5267302,25.05502224
113,7,26,2,25,2,03中山區,中山區林森北路與長安東路1段口,0,0,2,1,B03,6,5,5,50,4,1,1,4,4,5,13,2,1,1,4,5,2,16,1,27,3,10,3,4,7,5,1,8,2,6,,8,,1,21,121.5245233,25.04916972
113,7,26,2,25,2,03中山區,中山區林森北路與長安東路1段口,0,0,2,2,C03,6,5,5,50,4,1,1,4,4,5,13,2,1,1,4,5,2,16,1,22,2,9,6,4,7,9,3,18,2,11,,44,,1,21,121.5245233,25.04916972
113,7,26,2,25,2,03中山區,中山區林森北路與長安東路1段口,0,0,2,3,H02,6,5,5,50,4,1,1,4,4,5,13,2,1,1,4,5,2,16,2,20,2,9,6,5,7,20,8,20,10,16,,67,,1,21,121.5245233,25.04916972
113,7,26,7,33,2,02萬華區,萬華區桂林路53號,0,0,1,1,C03,6,5,5,50,14,9,1,4,4,5,13,4,4,9,4,5,2,17,2,64,3,10,5,4,7,1,1,10,1,13,,19,,1,21,121.5032223,25.0381567
113,7,26,7,33,2,02萬華區,萬華區桂林路53號,0,0,1,2,C03,6,5,5,50,14,9,1,4,4,5,13,4,4,9,4,5,2,17,1,25,2,9,5,4,7,9,1,10,1,11,,44,,1,21,121.5032223,25.0381567
113,7,26,7,40,2,11南港區,南港區成福路與成福路178巷口,0,0,1,1,B03,6,7,5,50,3,1,1,4,4,5,13,2,1,5,4,5,2,16,1,43,3,10,7,1,7,5,1,8,1,6,,71,,1,21,121.5875185,25.0417897
113,7,26,7,40,2,11南港區,南港區成福路與成福路178巷口,0,0,1,2,C03,6,7,5,50,3,1,1,4,4,5,13,2,1,5,4,5,2,16,1,51,2,8,5,1,7,9,1,10,1,11,,44,,1,21,121.5875185,25.0417897
113,7,26,7,48,2,04大安區,大安區建國南路2段115號,0,0,2,1,C03,6,7,5,50,14,9,1,4,4,5,13,4,4,8,3,5,2,18,1,59,2,9,5,1,7,9,1,10,1,17,,42,,1,21,121.538024,25.029248
113,7,26,7,48,2,04大安區,大安區建國南路2段115號,0,0,2,2,,6,7,5,50,14,9,1,4,4,5,13,4,4,8,3,5,2,18,3,0,,,,,,,,,10,,,44,,,,121.538024,25.029248
113,7,26,7,48,2,04大安區,大安區建國南路2段115號,0,0,2,3,C03,6,7,5,50,14,9,1,4,4,5,13,4,4,8,3,5,2,18,2,26,2,9,5,1,7,9,1,10,9,17,,42,,1,21,121.538024,25.029248
113,7,26,7,55,2,10文山區,文山區興隆路4段與忠順街2段口,0,0,1,1,B03,6,7,5,50,4,1,1,4,4,5,13,2,1,10,5,5,2,16,1,68,3,10,7,1,7,5,1,8,1,1,,71,,1,21,121.5617139,24.9845276
113,7,26,7,55,2,10文山區,文山區興隆路4段與忠順街2段口,0,0,1,2,C03,6,7,5,50,4,1,1,4,4,5,13,2,1,10,5,5,2,16,1,27,2,9,5,1,7,9,1,10,1,11,,14,,1,21,121.5617139,24.9845276
113,7,26,8,7,2,10文山區,文山區景文街與景興路282巷口,0,0,2,1,B03,6,6,5,50,5,1,1,4,4,5,13,2,1,5,5,4,2,17,1,42,3,10,7,1,7,5,1,8,1,5,,71,,1,21,121.5409666,24.9897784
113,7,26,8,7,2,10文山區,文山區景文街與景興路282巷口,0,0,2,2,C03,6,6,5,50,5,1,1,4,4,5,13,2,1,5,5,4,2,17,1,75,2,9,6,1,7,9,1,10,1,12,,32,,1,21,121.5409666,24.9897784
113,7,26,8,7,2,10文山區,文山區景文街與景興路282巷口,0,0,2,3,H02,6,6,5,50,5,1,1,4,4,5,13,2,1,5,5,4,2,17,1,5,2,9,6,5,7,20,8,20,10,16,,67,,1,21,121.5409666,24.9897784
113,7,26,8,19,2,01大同區,大同區慶昌橋往東(7010604燈桿),0,0,3,1,C03,6,6,5,50,14,9,1,4,4,5,13,1,1,4,4,5,2,13,1,68,2,9,5,1,7,9,1,10,2,11,,16,,1,22,121.5124389,25.07652907
113,7,26,8,19,2,01大同區,大同區慶昌橋往東(7010604燈桿),0,0,3,2,B03,6,6,5,50,14,9,1,4,4,5,13,1,1,4,4,5,2,13,1,46,3,10,7,1,7,9,1,8,2,7,,44,,1,22,121.5124389,25.07652907
113,7,26,8,19,2,01大同區,大同區慶昌橋往東(7010604燈桿),0,0,3,3,H02,6,6,5,50,14,9,1,4,4,5,13,1,1,4,4,5,2,13,1,12,2,9,5,5,7,21,8,20,10,16,,67,,1,22,121.5124389,25.07652907
113,7,26,8,19,2,01大同區,大同區慶昌橋往東(7010604燈桿),0,0,3,4,H02,6,6,5,50,14,9,1,4,4,5,13,1,1,4,4,5,2,13,2,10,2,9,5,5,7,21,8,20,10,16,,67,,1,22,121.5124389,25.07652907
113,7,26,8,20,2,04大安區,大安區臥龍街188巷25號,0,0,1,1,C03,6,6,5,50,14,9,1,4,4,5,13,4,4,9,5,5,2,17,1,56,2,9,6,1,7,9,1,10,9,11,,42,,1,21,121.5508098,25.01729091
113,7,26,8,20,2,04大安區,大安區臥龍街188巷25號,0,0,1,2,C03,6,6,5,50,14,9,1,4,4,5,13,4,4,9,5,5,2,17,2,48,3,10,6,1,7,9,1,10,1,13,,44,,1,21,121.5508098,25.01729091
113,7,26,8,30,2,03中山區,中山區民權東路1段69號,0,0,1,1,B03,6,7,5,50,14,9,1,4,4,5,13,4,4,3,4,5,2,16,1,47,3,10,7,1,7,6,1,8,1,5,,9,,1,21,121.5264118,25.06279654
113,7,26,8,30,2,03中山區,中山區民權東路1段69號,0,0,1,2,C03,6,7,5,50,14,9,1,4,4,5,13,4,4,3,4,5,2,16,2,24,2,8,6,1,7,9,1,10,1,14,,44,,1,21,121.5264118,25.06279654
113,7,26,8,30,2,11南港區,南港區南深路37號,0,0,1,1,C03,6,7,5,40,14,8,1,4,4,5,13,4,4,5,4,4,1,18,1,47,2,2,5,1,7,9,1,10,1,14,,44,,1,21,121.623778,25.0224378
113,7,26,8,30,2,11南港區,南港區南深路37號,0,0,1,2,,6,7,5,40,14,8,1,4,4,5,13,4,4,5,4,4,1,18,3,0,,,,,,,,,,,,129,,1,,121.623778,25.0224378
113,7,26,8,33,2,02萬華區,萬華區堤外便道南往北近桂林水門,0,0,1,1,C03,6,6,5,40,14,11,1,4,4,5,13,4,4,5,2,5,1,13,1,24,2,9,3,4,7,9,1,10,1,11,,16,,1,21,121.4961007,25.039122
113,7,26,8,33,2,02萬華區,萬華區堤外便道南往北近桂林水門,0,0,1,2,C03,6,6,5,40,14,11,1,4,4,5,13,4,4,5,2,5,1,13,1,26,3,10,3,4,7,9,1,10,1,13,,44,,1,21,121.4961007,25.039122
113,7,26,8,48,2,12內湖區,內湖區瑞光路與瑞光路76巷口,0,0,1,1,C03,6,6,5,50,3,1,1,4,4,5,13,2,1,5,4,5,2,13,2,23,2,8,5,1,7,9,1,10,9,15,,16,,1,21,121.5817067,25.0712525
113,7,26,8,48,2,12內湖區,內湖區瑞光路與瑞光路76巷口,0,0,1,2,C03,6,6,5,50,3,1,1,4,4,5,13,2,1,5,4,5,2,13,1,46,3,10,5,1,7,9,1,10,1,13,,44,,1,21,121.5817067,25.0712525
113,7,26,8,50,2,12內湖區,內湖區潭美街與成功路2段口,0,0,1,1,C03,6,6,5,50,3,2,1,4,4,5,13,2,1,5,5,5,2,17,2,62,2,9,6,1,7,9,1,10,2,14,,101,,1,21,121.5916198,25.05997995
113,7,26,8,50,2,12內湖區,內湖區潭美街與成功路2段口,0,0,1,2,B01,6,6,5,50,3,2,1,4,4,5,13,2,1,5,5,5,2,17,1,46,3,10,7,1,7,9,1,8,2,5,,44,,1,21,121.5916198,25.05997995
113,7,26,8,55,2,11南港區,南港區南港路3段80巷與松河街口,0,0,2,1,A11,6,6,5,50,3,2,1,4,4,5,13,4,4,5,2,5,2,17,1,63,3,10,3,1,7,13,1,3,1,17,,38,,1,22,121.5899905,25.056032
113,7,26,8,55,2,11南港區,南港區南港路3段80巷與松河街口,0,0,2,2,C03,6,6,5,50,3,2,1,4,4,5,13,4,4,5,2,5,2,17,2,34,2,9,6,1,7,9,1,10,1,11,,16,,1,21,121.5899905,25.056032
113,7,26,8,55,2,11南港區,南港區南港路3段80巷與松河街口,0,0,2,3,H03,6,6,5,50,3,2,1,4,4,5,13,4,4,5,2,5,2,17,2,65,2,9,4,5,8,17,8,20,10,16,,60,,1,21,121.5899905,25.056032
113,7,26,9,9,2,12內湖區,內湖區東湖路160巷,0,0,1,1,B03,6,6,6,50,14,9,1,4,4,5,13,4,4,5,5,5,2,16,1,71,3,10,3,4,7,6,1,8,2,5,,9,,1,22,121.6172209,25.0667587
113,7,26,9,9,2,12內湖區,內湖區東湖路160巷,0,0,1,2,C03,6,6,6,50,14,9,1,4,4,5,13,4,4,5,5,5,2,16,2,35,2,9,6,1,7,7,1,10,2,14,,100,,1,22,121.6172209,25.0667587
113,7,26,9,10,2,11南港區,南港區市民大道7段22號,0,0,2,1,C03,6,6,5,50,14,9,1,4,4,5,13,4,4,10,4,5,2,13,1,28,2,7,5,1,7,9,1,10,1,11,,108,,1,21,121.5805849,25.0489284
113,7,26,9,10,2,11南港區,南港區市民大道7段22號,0,0,2,2,C03,6,6,5,50,14,9,1,4,4,5,13,4,4,10,4,5,2,13,1,22,2,7,5,1,7,9,1,10,1,13,,44,,1,21,121.5805849,25.0489284
113,7,26,9,19,2,09北投區,北投區大業路157號,0,0,1,1,C03,6,7,5,50,14,9,1,4,4,5,13,4,4,1,4,5,2,17,1,50,3,10,5,1,7,1,1,9,1,17,,44,,1,22,121.4986857,25.12484367
113,7,26,9,19,2,09北投區,北投區大業路157號,0,0,1,2,C03,6,7,5,50,14,9,1,4,4,5,13,4,4,1,4,5,2,17,1,29,2,9,5,1,7,9,1,10,1,14,,44,,1,22,121.4986857,25.12484367
113,7,26,9,26,2,10文山區,文山區新光路2段燈桿049號旁,0,0,2,1,C03,6,6,5,50,14,9,1,4,4,5,13,4,4,9,5,5,2,16,1,70,2,9,5,1,7,5,1,10,1,14,,80,,1,21,121.5891705,24.99919918
113,7,26,9,26,2,10文山區,文山區新光路2段燈桿049號旁,0,0,2,2,C03,6,6,5,50,14,9,1,4,4,5,13,4,4,9,5,5,2,16,1,30,2,9,5,1,7,10,1,10,1,11,,102,,1,21,121.5891705,24.99919918