發生年度,發生月,發生日,發生時-Hours,發生分,處理別-編號,區序,肇事地點,死亡人數,2-30日死亡人數,受傷人數,當事人序號,車種,天候,道路照明設備,道路類別,速限-速度限制,道路型態,事故位置,路面狀況1,路面狀況2,路面狀況3,道路障礙1,道路障礙2,號誌1,號誌2,車道劃分-分向,車道劃分-分道1,車道劃分-分道2,車道劃分-分道3,事故類型及型態,性別,年齡,受傷程度,主要傷處,保護裝置,行動電話,車輛用途,當事者行動狀態,駕駛資格情形,駕駛執照種類,飲酒情形,車輛撞擊部位1,車輛撞擊部位2,肇因碼-個別,肇因碼-主要,個人肇逃否,職業,座標-X,座標-Y
113,7,26,9,27,2,04大安區,大安區仁愛路3段與新生南路1段口,0,0,1,1,B03,6,7,5,50,4,2,1,4,4,5,13,1,1,3,3,5,2,16,1,55,3,10,7,1,7,6,1,8,1,5,,101,,1,21,121.5329346,25.0385163
113,7,26,9,27,2,04大安區,大安區仁愛路3段與新生南路1段口,0,0,1,2,C03,6,7,5,50,4,2,1,4,4,5,13,1,1,3,3,5,2,16,1,29,2,6,5,1,7,9,1,10,1,14,,44,,1,21,121.5329346,25.0385163
113,7,26,9,31,2,05中正區,中正區市民大道2段與金山北路口,0,0,1,1,B03,7,7,5,0,4,1,1,5,4,5,13,1,1,1,5,5,2,17,1,38,4,11,3,4,7,15,7,19,11,17,,118,,1,22,121.5305088,25.04596368
113,7,26,9,31,2,05中正區,中正區市民大道2段與金山北路口,0,0,1,2,C03,7,7,5,0,4,1,1,5,4,5,13,1,1,1,5,5,2,17,2,32,2,9,6,1,7,12,1,10,1,17,,16,,1,21,121.5305088,25.04596368
113,7,26,9,44,2,10文山區,文山區木新路3段與一壽街口,0,0,1,1,B03,6,6,5,50,4,1,1,4,4,5,13,1,1,10,5,5,2,17,2,39,3,10,3,4,7,5,1,8,1,2,,71,,1,22,121.556395,24.9805825
113,7,26,9,44,2,10文山區,文山區木新路3段與一壽街口,0,0,1,2,C03,6,6,5,50,4,1,1,4,4,5,13,1,1,10,5,5,2,17,1,27,2,7,3,4,7,9,1,10,1,11,,44,,1,22,121.556395,24.9805825
113,7,26,9,59,2,04大安區,大安區市民大道3段與建國南路1段口,0,0,2,1,C03,7,5,5,40,4,1,1,4,4,5,13,2,1,1,4,4,2,16,2,22,3,10,6,1,7,6,1,10,1,12,,9,,1,21,121.5362873,25.044651
113,7,26,9,59,2,04大安區,大安區市民大道3段與建國南路1段口,0,0,2,2,C03,7,5,5,40,4,1,1,4,4,5,13,2,1,1,4,4,2,16,2,22,2,9,6,1,7,9,1,9,1,14,,44,,1,21,121.5362873,25.044651
113,7,26,9,59,2,04大安區,大安區市民大道3段與建國南路1段口,0,0,2,3,H02,7,5,5,40,4,1,1,4,4,5,13,2,1,1,4,4,2,16,2,15,2,9,6,5,7,20,8,20,10,16,,67,,1,21,121.5362873,25.044651
113,7,26,10,3,2,01大同區,大同區民族西路與大龍街口,0,0,2,1,C03,6,6,5,50,4,1,1,4,4,5,13,1,1,5,4,5,2,17,1,26,2,9,6,1,7,5,1,9,2,12,,71,,1,21,121.5158596,25.0685337
113,7,26,10,3,2,01大同區,大同區民族西路與大龍街口,0,0,2,2,C03,6,6,5,50,4,1,1,4,4,5,13,1,1,5,4,5,2,17,1,21,2,8,6,1,7,9,1,10,2,11,,44,,1,21,121.5158596,25.0685337
113,7,26,10,3,2,01大同區,大同區民族西路與大龍街口,0,0,2,3,B03,6,6,5,50,4,1,1,4,4,5,13,1,1,5,4,5,2,17,1,47,3,10,7,1,7,14,1,8,2,6,,44,,1,21,121.5158596,25.0685337
113,7,26,10,3,2,01大同區,大同區民族西路與大龍街口,0,0,2,4,B13,6,6,5,50,4,1,1,4,4,5,13,1,1,5,4,5,2,17,1,31,3,10,7,1,7,14,1,8,11,15,,44,,1,21,121.5158596,25.0685337
113,7,26,10,4,2,06松山區,松山區敦化南路1段108號,0,0,1,1,C03,6,6,5,50,14,9,1,4,4,5,13,4,4,1,3,5,2,13,1,18,2,9,6,1,7,9,1,10,1,11,,108,,1,22,121.5486794,25.0453554
113,7,26,10,4,2,06松山區,松山區敦化南路1段108號,0,0,1,2,B03,6,6,5,50,14,9,1,4,4,5,13,4,4,1,3,5,2,13,1,43,3,10,7,1,7,9,1,8,1,3,,44,,1,22,121.5486794,25.0453554
113,7,26,10,18,2,08士林區,士林區延平北路6段404巷與延平北路6段口,0,0,1,1,B03,8,6,5,30,3,2,1,5,4,5,13,4,4,10,5,4,1,17,1,53,4,11,3,4,7,21,7,19,11,15,,73,,2,22,121.4982674,25.0936667
113,7,26,10,18,2,08士林區,士林區延平北路6段404巷與延平北路6段口,0,0,1,2,C03,8,6,5,30,3,2,1,5,4,5,13,4,4,10,5,4,1,17,2,56,2,9,5,1,7,9,1,10,1,17,,14,,1,21,121.4982674,25.0936667
113,7,26,10,43,2,06松山區,松山區五常街267號,0,0,1,1,C03,7,6,5,30,14,9,1,5,4,3,13,4,4,10,5,5,2,3,2,50,3,10,6,1,7,9,1,10,1,12,,17,,1,21,121.5447163,25.06433858
113,7,26,10,43,2,06松山區,松山區五常街267號,0,0,1,2,H01,7,6,5,30,14,9,1,5,4,3,13,4,4,10,5,5,2,3,2,84,2,9,4,5,8,16,8,20,10,16,,53,,1,21,121.5447163,25.06433858
113,7,26,10,47,2,10文山區,文山區木柵路4段與木柵路4段149巷口口,0,0,1,1,B03,6,6,5,30,3,1,1,4,4,5,13,4,4,10,5,5,2,17,1,22,3,10,2,1,7,9,1,8,1,15,,80,,1,21,121.5753225,24.9992682
113,7,26,10,47,2,10文山區,文山區木柵路4段與木柵路4段149巷口口,0,0,1,2,C03,6,6,5,30,3,1,1,4,4,5,13,4,4,10,5,5,2,17,1,20,2,8,5,1,7,9,1,10,1,12,,14,,1,21,121.5753225,24.9992682
113,7,26,11,3,2,08士林區,士林區中正路與中正路399巷口,0,0,2,1,C03,6,7,5,50,4,1,1,4,4,5,13,4,4,1,5,5,2,17,1,60,2,7,6,1,7,9,1,10,1,14,,44,,1,21,121.5212454,25.0940903
113,7,26,11,3,2,08士林區,士林區中正路與中正路399巷口,0,0,2,2,B03,6,7,5,50,4,1,1,4,4,5,13,4,4,1,5,5,2,17,1,23,3,10,7,1,7,9,1,8,1,2,,44,,1,21,121.5212454,25.0940903
113,7,26,11,3,2,08士林區,士林區中正路與中正路399巷口,0,0,2,3,H02,6,7,5,50,4,1,1,4,4,5,13,4,4,1,5,5,2,17,2,56,2,8,6,5,7,20,8,20,10,16,,44,,1,21,121.5212454,25.0940903
113,7,26,11,3,2,08士林區,士林區中正路與中正路399巷口,0,0,2,4,C03,6,7,5,50,4,1,1,4,4,5,13,4,4,1,5,5,2,17,1,57,4,11,3,4,7,21,7,19,11,15,,73,,2,22,121.5212454,25.0940903
113,7,26,11,18,2,11南港區,南港區忠孝東路6段173號,0,0,1,1,B01,6,6,5,40,14,8,1,4,4,5,13,4,4,1,3,4,2,16,1,64,3,10,7,1,7,13,1,4,2,8,,40,,1,21,121.5869482,25.0488876
113,7,26,11,18,2,11南港區,南港區忠孝東路6段173號,0,0,1,2,C03,6,6,5,40,14,8,1,4,4,5,13,4,4,1,3,4,2,16,1,40,2,9,5,1,7,9,1,10,2,12,,44,,1,21,121.5869482,25.0488876
113,7,26,11,18,2,11南港區,南港區忠孝東路6段173號,0,0,1,3,A42,6,6,5,40,14,8,1,4,4,5,13,4,4,1,3,4,2,16,1,47,3,10,7,1,7,9,1,3,2,2,,44,,1,21,121.5869482,25.0488876
113,7,26,11,31,2,08士林區,士林區延平北路5段244巷與延平北路5段口,0,0,2,1,C03,8,6,5,50,4,1,1,5,4,5,13,1,1,1,5,5,1,16,1,79,2,9,5,1,7,11,1,10,1,12,,10,,1,21,121.5099495,25.0842297
113,7,26,11,31,2,08士林區,士林區延平北路5段244巷與延平北路5段口,0,0,2,2,C03,8,6,5,50,4,1,1,5,4,5,13,1,1,1,5,5,1,16,1,25,2,8,5,1,7,9,1,10,1,14,,44,,1,21,121.5099495,25.0842297
113,7,26,11,58,2,11南港區,南港區重陽路263巷與重陽路口,0,0,1,1,B11,8,7,5,50,4,1,1,4,4,5,13,4,4,10,5,5,2,17,1,24,3,10,7,1,7,6,1,8,1,2,,9,,1,21,121.6033366,25.0577599
113,7,26,11,58,2,11南港區,南港區重陽路263巷與重陽路口,0,0,1,2,C03,8,7,5,50,4,1,1,4,4,5,13,4,4,10,5,5,2,17,1,18,2,7,5,1,7,6,1,10,1,14,,87,,1,21,121.6033366,25.0577599
113,7,26,12,8,2,05中正區,中正區忠孝東路1段與忠孝東路1段49巷口,0,0,1,1,B03,6,5,5,50,3,2,1,4,4,5,13,4,4,1,4,1,2,17,1,22,3,10,7,1,7,6,1,8,1,2,,9,,1,21,121.5260852,25.04426072
113,7,26,12,8,2,05中正區,中正區忠孝東路1段與忠孝東路1段49巷口,0,0,1,2,C03,6,5,5,50,3,2,1,4,4,5,13,4,4,1,4,1,2,17,1,65,2,9,5,1,7,9,1,10,1,11,,108,,1,21,121.5260852,25.04426072
113,7,26,12,50,2,10文山區,文山區木柵路3段66巷停車格55號,0,0,1,1,B03,6,6,5,50,14,9,1,4,4,5,13,4,4,5,5,5,2,17,2,54,3,10,3,4,7,11,1,8,1,4,,99,,1,22,121.5675538,24.98685475
113,7,26,12,50,2,10文山區,文山區木柵路3段66巷停車格55號,0,0,1,2,C03,6,6,5,50,14,9,1,4,4,5,13,4,4,5,5,5,2,17,2,22,2,9,3,4,7,9,1,10,1,11,,44,,1,22,121.5675538,24.98685475
113,7,26,12,50,2,10文山區,文山區木柵路3段66巷停車格55號,0,0,1,3,B03,6,6,5,50,14,9,1,4,4,5,13,4,4,5,5,5,2,17,1,56,3,10,3,4,7,14,1,8,9,17,,38,,1,22,121.5675538,24.98685475
113,7,26,13,10,2,12內湖區,內湖區麥帥二橋往市區,0,0,1,1,B03,6,6,5,70,10,7,1,4,4,5,13,4,4,1,5,5,2,13,1,46,3,10,7,1,7,9,1,8,2,1,,16,,1,21,121.5707517,25.0555749
113,7,26,13,10,2,12內湖區,內湖區麥帥二橋往市區,0,0,1,2,B03,6,6,5,70,10,7,1,4,4,5,13,4,4,1,5,5,2,13,1,65,3,10,7,1,7,14,1,8,2,3,,44,,1,21,121.5707517,25.0555749
113,7,26,13,10,2,12內湖區,內湖區麥帥二橋往市區,0,0,1,3,B03,6,6,5,70,10,7,1,4,4,5,13,4,4,1,5,5,2,13,2,58,3,10,7,1,7,14,1,8,2,3,,44,,1,21,121.5707517,25.0555749
113,7,26,13,10,2,12內湖區,內湖區麥帥二橋往市區,0,0,1,4,H02,6,6,5,70,10,7,1,4,4,5,13,4,4,1,5,5,2,13,2,72,2,9,7,5,7,21,8,20,10,16,,67,,1,21,121.5707517,25.0555749
113,7,26,13,33,2,09北投區,北投區石牌路1段166巷與致遠一路2段70巷口,0,0,1,1,C03,6,6,5,30,4,1,1,4,4,5,13,4,4,10,5,5,1,15,2,21,2,9,5,1,7,9,1,10,1,14,,72,,1,21,121.5147107,25.1128456
113,7,26,13,33,2,09北投區,北投區石牌路1段166巷與致遠一路2段70巷口,0,0,1,2,B01,6,6,5,30,4,1,1,4,4,5,13,4,4,10,5,5,1,15,1,61,3,10,7,1,7,9,1,4,1,1,,44,,1,21,121.5147107,25.1128456
113,7,26,13,49,2,07信義區,信義區松智路與松智路31巷口,0,0,2,1,C04,6,7,5,50,14,9,1,4,4,5,13,4,4,9,5,5,2,13,2,41,2,9,5,1,7,9,1,10,1,11,,16,,1,21,121.5654163,25.0315766
113,7,26,13,49,2,07信義區,信義區松智路與松智路31巷口,0,0,2,2,C03,6,7,5,50,14,9,1,4,4,5,13,4,4,9,5,5,2,13,1,56,2,7,5,1,7,12,1,10,1,13,,14,,1,21,121.5654163,25.0315766
113,7,26,13,49,2,07信義區,信義區松智路與松智路31巷口,0,0,2,3,C03,6,7,5,50,14,9,1,4,4,5,13,4,4,9,5,5,2,13,1,20,3,10,5,1,7,9,1,10,1,11,,16,,1,21,121.5654163,25.0315766
113,7,26,13,54,2,07信義區,信義區松智路與莊敬路391巷11弄口口,0,0,1,1,B02,8,6,5,50,4,1,1,5,4,5,13,2,1,5,5,5,2,17,1,29,3,10,3,4,7,5,1,8,9,4,,8,,1,22,121.5649588,25.0291523
113,7,26,13,54,2,07信義區,信義區松智路與莊敬路391巷11弄口口,0,0,1,2,C03,8,6,5,50,4,1,1,5,4,5,13,2,1,5,5,5,2,17,1,30,2,9,3,4,7,9,1,10,9,12,,17,,1,22,121.5649588,25.0291523
113,7,26,13,54,2,07信義區,信義區信義路4段375號,0,0,1,1,A02,8,6,5,50,14,10,1,5,4,5,13,2,1,1,4,5,2,9,4,0,,,,,,,,,11,,,,,,,121.5577328,25.0330858
113,7,26,13,54,2,07信義區,信義區信義路4段375號,0,0,1,2,H02,8,6,5,50,14,10,1,5,4,5,13,2,1,1,4,5,2,9,1,74,2,9,2,5,7,19,8,20,10,16,,56,,1,22,121.5577328,25.0330858
113,7,26,13,55,2,05中正區,中正區辛亥路1段22號,0,0,1,1,B03,6,7,5,40,14,8,1,4,4,5,13,4,4,1,4,4,2,12,1,73,3,10,7,1,7,1,1,8,1,4,,19,,1,22,121.5286828,25.018938
113,7,26,13,55,2,05中正區,中正區辛亥路1段22號,0,0,1,2,C03,6,7,5,40,14,8,1,4,4,5,13,4,4,1,4,4,2,12,2,51,2,9,5,1,7,9,1,10,1,12,,44,,1,22,121.5286828,25.018938
113,7,26,14,0,2,03中山區,中山區復興北路與長安東路2段口,0,0,2,1,C03,6,5,5,30,4,1,1,4,4,5,13,1,1,1,4,5,2,16,2,43,2,9,3,4,7,6,1,10,1,12,,9,,1,21,121.5438921,25.04831491
113,7,26,14,0,2,03中山區,中山區復興北路與長安東路2段口,0,0,2,2,C03,6,5,5,30,4,1,1,4,4,5,13,1,1,1,4,5,2,16,1,25,2,8,3,4,7,9,1,10,1,11,,13,,1,21,121.5438921,25.04831491
113,7,26,14,20,2,06松山區,松山區新中街與新中街6巷口,0,0,1,1,C03,6,6,5,50,3,1,1,4,4,5,13,4,4,8,5,5,2,16,1,19,2,9,6,1,7,1,1,10,1,14,,44,,1,21,121.5605783,25.0582346
113,7,26,14,20,2,06松山區,松山區新中街與新中街6巷口,0,0,1,2,B03,6,6,5,50,3,1,1,4,4,5,13,4,4,8,5,5,2,16,1,53,3,10,3,4,7,9,1,4,1,5,,44,,1,21,121.5605783,25.0582346
113,7,26,14,30,2,04大安區,大安區和平東路3段228巷與安居街34巷口口,0,0,1,1,C03,6,7,5,50,3,2,1,4,4,5,13,4,4,5,5,5,1,17,1,67,3,10,5,1,7,5,1,10,11,17,,94,,2,22,121.5539595,25.0213251
113,7,26,14,30,2,04大安區,大安區和平東路3段228巷與安居街34巷口口,0,0,1,2,C03,6,7,5,50,3,2,1,4,4,5,13,4,4,5,5,5,1,17,1,57,2,9,6,1,7,9,1,9,1,11,,116,,1,21,121.5539595,25.0213251
113,7,26,14,37,2,12內湖區,內湖區江南街71巷16弄34號,0,0,1,1,C03,6,6,5,50,14,9,1,4,4,5,13,4,4,5,5,5,2,17,1,59,3,10,6,1,7,11,1,10,2,13,,99,,1,21,121.5776304,25.07551956
113,7,26,14,37,2,12內湖區,內湖區江南街71巷16弄34號,0,0,1,2,C03,6,6,5,50,14,9,1,4,4,5,13,4,4,5,5,5,2,17,2,39,2,9,6,1,7,9,1,10,2,14,,44,,1,21,121.5776304,25.07551956
113,7,26,14,41,2,09北投區,北投區承德路7段145號,0,0,1,1,B03,6,7,5,60,14,7,1,4,4,1,13,4,4,1,4,1,2,16,1,59,3,10,3,4,7,6,1,8,1,2,,9,,1,22,121.5079501,25.1134368
113,7,26,14,41,2,09北投區,北投區承德路7段145號,0,0,1,2,C03,6,7,5,60,14,7,1,4,4,1,13,4,4,1,4,1,2,16,1,31,2,7,6,1,7,9,6,18,1,14,,44,,1,22,121.5079501,25.1134368
113,7,26,14,44,2,01大同區,大同區甘州街與歸綏街口,0,0,1,1,B01,6,6,5,50,3,2,1,4,4,5,13,4,4,5,2,5,2,17,1,42,3,10,7,1,7,11,1,4,1,4,,10,,1,21,121.5129352,25.058181
113,7,26,14,44,2,01大同區,大同區甘州街與歸綏街口,0,0,1,2,C03,6,6,5,50,3,2,1,4,4,5,13,4,4,5,2,5,2,17,2,20,2,7,5,1,7,9,1,10,1,12,,44,,1,21,121.5129352,25.058181
113,7,26,14,55,2,05中正區,中正區重慶南路1段與寶慶路口,0,0,1,2,H01,6,6,5,50,4,2,1,4,4,5,12,1,1,10,5,5,2,3,2,28,2,8,4,5,8,16,8,20,10,16,,67,,1,21,121.5130542,25.04112328
113,7,26,14,55,2,05中正區,中正區重慶南路1段與寶慶路口,0,0,1,1,B01,6,6,5,50,4,2,1,4,4,5,12,1,1,10,5,5,2,3,1,46,3,10,2,1,7,5,1,4,2,8,,70,,1,21,121.5130542,25.04112328
113,7,26,14,58,2,08士林區,士林區中山北路6段77號,0,0,1,1,A02,7,5,5,50,14,9,1,5,4,5,13,4,4,2,4,5,1,9,1,55,3,10,7,1,7,9,1,2,1,17,,44,,1,21,121.5247814,25.1058456
113,7,26,14,58,2,08士林區,士林區中山北路6段77號,0,0,1,2,H02,7,5,5,50,14,9,1,5,4,5,13,4,4,2,4,5,1,9,2,80,2,9,3,5,7,17,8,20,10,16,,67,,1,21,121.5247814,25.1058456
113,7,26,15,0,2,08士林區,士林區天母東路69巷與中山北路7段82巷口,0,0,1,1,B03,6,7,5,30,3,1,1,4,4,5,13,4,4,5,5,5,2,16,2,61,3,10,3,4,7,5,1,8,1,8,,8,,1,21,121.532924,25.1210819
113,7,26,15,0,2,08士林區,士林區天母東路69巷與中山北路7段82巷口,0,0,1,2,C03,6,7,5,30,3,1,1,4,4,5,13,4,4,5,5,5,2,16,1,61,2,9,3,4,7,9,1,10,1,11,,44,,1,21,121.532924,25.1210819
113,7,26,15,33,2,03中山區,中山區民生東路3段10號,0,0,1,1,B11,6,7,5,50,14,9,1,4,4,5,13,4,4,1,4,5,2,17,1,36,3,10,7,1,7,13,1,8,1,17,,40,,1,21,121.5388064,25.0577303
113,7,26,15,33,2,03中山區,中山區民生東路3段10號,0,0,1,2,C03,6,7,5,50,14,9,1,4,4,5,13,4,4,1,4,5,2,17,2,34,2,9,5,1,7,9,1,10,1,17,,44,,1,21,121.5388064,25.0577303
113,7,26,15,40,2,02萬華區,萬華區莒光路258號,0,0,2,1,C03,6,7,5,50,14,9,1,4,4,5,12,4,4,3,4,5,2,17,1,57,2,9,5,1,7,15,1,10,2,13,,101,,1,22,121.4994172,25.0312788
113,7,26,15,40,2,02萬華區,萬華區莒光路258號,0,0,2,2,C03,6,7,5,50,14,9,1,4,4,5,12,4,4,3,4,5,2,17,1,41,2,9,6,1,7,9,1,10,2,11,,44,,1,22,121.4994172,25.0312788
113,7,26,16,8,2,01大同區,大同區重慶北路1段與重慶北路1段26巷口,0,0,1,1,C03,6,6,5,50,4,2,1,4,4,5,13,1,1,1,4,5,2,17,1,53,2,9,5,1,7,9,1,10,2,11,,16,,1,21,121.5136137,25.05066625
113,7,26,16,8,2,01大同區,大同區重慶北路1段與重慶北路1段26巷口,0,0,1,2,B03,6,6,5,50,4,2,1,4,4,5,13,1,1,1,4,5,2,17,2,74,3,10,7,1,7,9,1,8,2,6,,44,,1,21,121.5136137,25.05066625
113,7,26,16,30,2,01大同區,大同區重慶北路1段與長安西路口,0,0,3,1,B03,6,6,5,50,4,1,1,4,4,5,13,2,1,8,3,5,2,17,1,26,3,10,7,1,7,5,1,8,1,1,,42,,1,21,121.5139676,25.05159081
113,7,26,16,30,2,01大同區,大同區重慶北路1段與長安西路口,0,0,3,2,B01,6,6,5,50,4,1,1,4,4,5,13,2,1,8,3,5,2,17,1,50,2,9,7,1,7,14,1,4,1,1,,44,,1,21,121.5139676,25.05159081
113,7,26,16,30,2,01大同區,大同區重慶北路1段與長安西路口,0,0,3,3,B03,6,6,5,50,4,1,1,4,4,5,13,2,1,8,3,5,2,17,1,68,3,10,7,1,7,9,1,8,1,1,,44,,1,21,121.5139676,25.05159081
113,7,26,16,30,2,01大同區,大同區重慶北路1段與長安西路口,0,0,3,5,H02,6,6,5,50,4,1,1,4,4,5,13,2,1,8,3,5,2,17,1,29,2,9,7,5,7,20,8,20,10,16,,67,,1,21,121.5139676,25.05159081
113,7,26,16,30,2,01大同區,大同區重慶北路1段與長安西路口,0,0,3,6,H02,6,6,5,50,4,1,1,4,4,5,13,2,1,8,3,5,2,17,1,50,2,3,7,5,7,20,8,20,10,16,,67,,1,21,121.5139676,25.05159081
113,7,26,16,30,2,01大同區,大同區重慶北路1段與長安西路口,0,0,3,4,B03,6,6,5,50,4,1,1,4,4,5,13,2,1,8,3,5,2,17,1,25,3,10,3,4,7,5,1,8,9,17,,8,,1,21,121.5139676,25.05159081
113,7,26,16,45,2,08士林區,士林區福林橋南向北下橋處,0,0,1,1,B03,6,5,5,50,14,9,1,4,4,5,13,4,4,1,4,5,2,13,1,63,3,10,7,1,7,9,1,8,1,1,,16,,1,21,121.5266114,25.1002948
113,7,26,16,45,2,08士林區,士林區福林橋南向北下橋處,0,0,1,2,B01,6,5,5,50,14,9,1,4,4,5,13,4,4,1,4,5,2,13,1,59,3,10,7,1,7,9,1,4,1,3,,44,,1,21,121.5266114,25.1002948
113,7,26,16,45,2,08士林區,士林區福林橋南向北下橋處,0,0,1,3,B01,6,5,5,50,14,9,1,4,4,5,13,4,4,1,4,5,2,13,1,46,2,6,7,1,7,9,1,4,1,3,,44,,1,21,121.5266114,25.1002948
113,7,26,16,47,2,03中山區,中山區建國北路3段與農安街口,0,0,1,1,B03,6,5,5,50,3,1,1,4,4,5,13,1,1,1,4,5,2,3,2,57,3,10,3,4,7,5,1,8,2,5,,70,,1,21,121.5370907,25.06499908
113,7,26,16,47,2,03中山區,中山區建國北路3段與農安街口,0,0,1,2,H01,6,5,5,50,3,1,1,4,4,5,13,1,1,1,4,5,2,3,2,45,2,9,4,5,8,16,8,20,10,16,,122,,1,21,121.5370907,25.06499908
113,7,26,16,50,2,08士林區,士林區士商路與基河路300巷口,0,0,1,1,C03,6,7,5,50,3,1,1,4,4,5,13,4,4,5,5,5,1,17,2,45,2,9,6,1,7,5,1,10,1,12,,72,,1,21,121.518126,25.0931043
113,7,26,16,50,2,08士林區,士林區士商路與基河路300巷口,0,0,1,2,B03,6,7,5,50,3,1,1,4,4,5,13,4,4,5,5,5,1,17,2,68,3,10,7,1,7,9,1,8,1,8,,44,,1,21,121.518126,25.0931043
113,7,26,16,55,2,04大安區,大安區仁愛路4段與大安路1段口,0,0,2,1,C03,6,6,5,50,4,2,1,4,4,5,13,1,1,1,4,5,2,17,1,35,2,9,6,1,7,5,1,10,1,12,,44,,1,21,121.546013,25.0376807
113,7,26,16,55,2,04大安區,大安區仁愛路4段與大安路1段口,0,0,2,2,C03,6,6,5,50,4,2,1,4,4,5,13,1,1,1,4,5,2,17,2,48,2,9,6,1,7,9,1,10,1,14,,44,,1,21,121.546013,25.0376807
113,7,26,16,55,2,04大安區,大安區忠孝東路4段223巷20弄4-3號,0,0,1,1,B03,6,6,5,30,14,9,1,4,4,5,13,4,4,10,5,5,2,17,2,39,3,10,7,1,7,1,1,8,1,5,,19,,1,21,121.5532869,25.0425349
113,7,26,16,55,2,04大安區,大安區忠孝東路4段223巷20弄4-3號,0,0,1,2,C03,6,6,5,30,14,9,1,4,4,5,13,4,4,10,5,5,2,17,1,40,2,9,6,1,7,9,1,10,1,14,,13,,1,21,121.5532869,25.0425349
113,7,26,16,58,2,06松山區,松山區南京東路4段與敦化北路口,0,0,1,1,A02,6,6,5,50,4,2,1,4,4,5,13,1,1,8,3,4,1,13,1,48,3,10,3,1,7,9,1,2,2,8,,16,,1,21,121.5491985,25.0514505
113,7,26,16,58,2,06松山區,松山區南京東路4段與敦化北路口,0,0,1,2,C03,6,6,5,50,4,2,1,4,4,5,13,1,1,8,3,4,1,13,1,32,2,9,3,1,7,14,1,10,2,13,,44,,1,21,121.5491985,25.0514505
113,7,26,17,0,2,03中山區,中山區中山北路4段與北安路口圓山涵洞處,0,0,1,1,B03,6,7,5,50,14,9,1,4,4,5,13,4,4,10,4,5,2,17,1,44,3,10,3,4,7,9,1,8,1,1,,16,,1,21,121.5253749,25.07651647
113,7,26,17,0,2,03中山區,中山區中山北路4段與北安路口圓山涵洞處,0,0,1,2,B03,6,7,5,50,14,9,1,4,4,5,13,4,4,10,4,5,2,17,1,28,3,10,3,4,7,9,1,8,1,3,,44,,1,21,121.5253749,25.07651647
113,7,26,17,0,2,03中山區,中山區中山北路4段與北安路口圓山涵洞處,0,0,1,3,C03,6,7,5,50,14,9,1,4,4,5,13,4,4,10,4,5,2,17,1,39,2,9,6,4,7,9,1,10,1,17,,42,,1,21,121.5253749,25.07651647
113,7,26,17,15,2,12內湖區,內湖區安康路6號前,0,0,1,1,C03,6,7,6,50,14,9,1,4,4,5,13,4,4,9,4,5,2,13,1,62,2,9,6,1,7,9,1,10,2,12,,17,,1,21,121.5901884,25.06227295
113,7,26,17,15,2,12內湖區,內湖區安康路6號前,0,0,1,2,B11,6,7,6,50,14,9,1,4,4,5,13,4,4,9,4,5,2,13,1,38,3,10,3,4,7,9,1,4,2,4,,44,,1,21,121.5901884,25.06227295
113,7,26,17,23,2,05中正區,中正區羅斯福路3段286巷與羅斯福路3段316巷口,0,0,1,1,C03,6,7,5,30,4,1,1,4,4,5,13,4,4,10,5,5,2,15,1,24,3,10,5,1,7,9,1,10,1,12,,72,,1,22,121.5324741,25.0157737
113,7,26,17,23,2,05中正區,中正區羅斯福路3段286巷與羅斯福路3段316巷口,0,0,1,2,C03,6,7,5,30,4,1,1,4,4,5,13,4,4,10,5,5,2,15,1,50,2,8,5,1,7,9,1,10,1,11,,44,,1,22,121.5324741,25.0157737
113,7,26,17,23,2,05中正區,中正區汀州路1段104號前,0,0,1,1,C03,6,7,5,50,14,9,1,4,4,5,13,4,4,9,5,5,2,17,1,68,3,10,5,1,7,11,1,10,11,17,,44,,1,21,121.5077762,25.0298922
113,7,26,17,23,2,05中正區,中正區汀州路1段104號前,0,0,1,2,C03,6,7,5,50,14,9,1,4,4,5,13,4,4,9,5,5,2,17,1,28,2,9,6,1,7,9,1,10,2,17,,44,,1,22,121.5077762,25.0298922
113,7,26,17,31,2,03中山區,中山區復興北路514巷與龍江路口,0,0,2,1,C03,6,5,5,50,4,2,1,4,4,5,13,1,1,5,5,5,2,12,1,60,2,9,5,4,7,9,1,10,1,14,,8,,1,22,121.5409758,25.0659911
113,7,26,17,31,2,03中山區,中山區復興北路514巷與龍江路口,0,0,2,2,C03,6,5,5,50,4,2,1,4,4,5,13,1,1,5,5,5,2,12,1,26,2,7,6,1,7,9,1,10,1,12,,44,,1,22,121.5409758,25.0659911
113,7,26,17,50,2,01大同區,大同區承德路1段70號,0,0,1,1,C03,6,6,5,50,14,9,1,4,4,5,13,4,4,1,4,5,2,17,1,45,3,10,5,1,7,15,1,10,1,12,,100,,1,21,121.5173326,25.05221043
113,7,26,17,50,2,01大同區,大同區承德路1段70號,0,0,1,2,C03,6,6,5,50,14,9,1,4,4,5,13,4,4,1,4,5,2,17,1,20,2,8,5,1,7,9,1,10,1,14,,44,,1,21,121.5173326,25.05221043
113,7,26,18,31,2,02萬華區,萬華區開封街2段36號,0,0,1,1,C03,6,5,5,50,14,9,1,4,4,5,13,4,4,10,4,5,2,13,1,48,2,9,6,1,7,9,1,10,1,14,,42,,1,21,121.5079563,25.0463497
113,7,26,18,31,2,02萬華區,萬華區開封街2段36號,0,0,1,2,C03,6,5,5,50,14,9,1,4,4,5,13,4,4,10,4,5,2,13,1,41,3,10,6,1,7,9,1,10,1,13,,101,,1,21,121.5079563,25.0463497