發生年度,發生月,發生日,發生時-Hours,發生分,處理別-編號,區序,肇事地點,死亡人數,2-30日死亡人數,受傷人數,當事人序號,車種,天候,道路照明設備,道路類別,速限-速度限制,道路型態,事故位置,路面狀況1,路面狀況2,路面狀況3,道路障礙1,道路障礙2,號誌1,號誌2,車道劃分-分向,車道劃分-分道1,車道劃分-分道2,車道劃分-分道3,事故類型及型態,性別,年齡,受傷程度,主要傷處,保護裝置,行動電話,車輛用途,當事者行動狀態,駕駛資格情形,駕駛執照種類,飲酒情形,車輛撞擊部位1,車輛撞擊部位2,肇因碼-個別,肇因碼-主要,個人肇逃否,職業,座標-X,座標-Y
113,7,26,18,32,2,04大安區,大安區基隆路2段231號,0,0,1,1,B03,7,5,5,50,14,9,1,4,4,5,13,4,4,1,4,5,2,12,1,70,3,10,7,1,7,7,1,8,1,5,,100,,1,21,121.5507133,25.022648
113,7,26,18,32,2,04大安區,大安區基隆路2段231號,0,0,1,2,C03,7,5,5,50,14,9,1,4,4,5,13,4,4,1,4,5,2,12,1,19,2,7,6,1,7,9,1,10,1,14,,13,,1,21,121.5507133,25.022648
113,7,26,18,37,2,08士林區,士林區重慶北路4段123號,0,0,1,1,B12,6,5,5,40,14,8,1,4,4,5,13,4,4,1,4,4,1,12,1,45,3,10,7,1,7,7,1,8,1,2,,100,,1,21,121.512217,25.0826293
113,7,26,18,37,2,08士林區,士林區重慶北路4段123號,0,0,1,2,C03,6,5,5,40,14,8,1,4,4,5,13,4,4,1,4,4,1,12,1,23,2,9,6,1,7,9,1,10,1,11,,44,,1,21,121.512217,25.0826293
113,7,26,18,37,2,08士林區,士林區重慶北路4段123號,0,0,1,3,B03,6,5,5,40,14,8,1,4,4,5,13,4,4,1,4,4,1,12,1,43,3,10,7,1,7,14,1,8,1,7,,44,,1,21,121.512217,25.0826293
113,7,26,18,50,2,04大安區,大安區和平東路3段66-3號,0,0,1,1,B03,6,5,5,50,14,9,1,4,4,5,13,4,4,1,4,5,2,16,1,38,3,10,3,4,7,8,1,8,1,4,,114,,1,22,121.5498662,25.0244847
113,7,26,18,50,2,04大安區,大安區和平東路3段66-3號,0,0,1,2,C03,6,5,5,50,14,9,1,4,4,5,13,4,4,1,4,5,2,16,1,34,2,7,6,4,7,9,1,10,1,11,,13,,1,22,121.5498662,25.0244847
113,7,26,19,0,2,03中山區,中山區松江路與農安街口,0,0,2,1,C03,7,5,5,50,4,2,1,4,4,5,13,2,1,1,3,5,1,1,2,24,2,8,5,1,7,9,1,10,1,11,,70,,1,21,121.5333576,25.06487588
113,7,26,19,0,2,03中山區,中山區松江路與農安街口,0,0,2,2,H01,7,5,5,50,4,2,1,4,4,5,13,2,1,1,3,5,1,1,1,57,2,9,4,5,8,16,8,20,10,16,,122,,1,21,121.5333576,25.06487588
113,7,26,19,14,2,03中山區,中山區長安東路2段與復興北路口,0,0,1,1,B03,6,5,5,50,4,1,1,4,4,5,13,2,1,5,1,5,2,17,1,47,3,10,7,1,7,5,1,8,1,2,,71,,1,21,121.5438848,25.0482113
113,7,26,19,14,2,03中山區,中山區長安東路2段與復興北路口,0,0,1,2,C03,6,5,5,50,4,1,1,4,4,5,13,2,1,5,1,5,2,17,1,37,2,9,5,1,7,9,1,10,1,11,,44,,1,21,121.5438848,25.0482113
113,7,26,19,14,2,11南港區,南港區八德路4段788-1號,0,0,1,1,C03,8,5,5,50,14,9,1,5,4,5,13,4,4,5,4,5,2,17,1,47,3,10,5,1,7,9,1,10,1,17,,30,,1,21,121.5807989,25.0506857
113,7,26,19,14,2,11南港區,南港區八德路4段788-1號,0,0,1,2,C03,8,5,5,50,14,9,1,5,4,5,13,4,4,5,4,5,2,17,1,47,2,9,5,1,7,9,1,10,1,11,,108,,1,21,121.5807989,25.0506857
113,7,26,19,14,2,07信義區,信義區基隆路2段151號,0,0,1,1,C03,6,5,8,50,22,22,1,4,4,5,13,4,4,1,4,5,2,17,1,40,4,11,3,4,7,21,7,19,9,17,,101,,2,22,121.5547752,25.0262207
113,7,26,19,14,2,07信義區,信義區基隆路2段151號,0,0,1,2,C03,6,5,8,50,22,22,1,4,4,5,13,4,4,1,4,5,2,17,1,35,3,10,6,1,7,9,1,10,1,14,,102,,1,22,121.5547752,25.0262207
113,7,26,19,14,2,07信義區,信義區基隆路2段151號,0,0,1,3,C03,6,5,8,50,22,22,1,4,4,5,13,4,4,1,4,5,2,17,1,29,2,9,6,1,7,9,1,10,1,12,,44,,1,22,121.5547752,25.0262207
113,7,26,19,26,2,03中山區,中山區建國北路1段與朱崙街口,0,0,1,1,C03,6,5,5,50,3,1,1,4,4,5,13,4,4,5,2,5,2,17,1,60,3,10,5,1,7,6,1,10,1,15,,72,,1,21,121.5370287,25.0501057
113,7,26,19,26,2,03中山區,中山區建國北路1段與朱崙街口,0,0,1,2,C03,6,5,5,50,3,1,1,4,4,5,13,4,4,5,2,5,2,17,1,43,2,9,5,1,7,9,1,10,1,15,,44,,1,21,121.5370287,25.0501057
113,7,26,19,30,2,08士林區,士林區文林路740巷與福華路141巷口口,0,0,2,1,C03,6,5,5,30,4,1,1,4,4,5,13,4,4,10,5,5,2,15,1,40,2,9,6,1,7,9,1,10,1,14,,72,,1,21,121.5214774,25.10364991
113,7,26,19,30,2,08士林區,士林區文林路740巷與福華路141巷口口,0,0,2,2,C03,6,5,5,30,4,1,1,4,4,5,13,4,4,10,5,5,2,15,1,51,2,9,6,1,7,9,1,10,1,12,,44,,1,21,121.5214774,25.10364991
113,7,26,19,47,2,12內湖區,內湖區民權東路6段與民權東路6段180巷口,0,0,1,1,B03,6,5,5,50,4,1,1,4,4,5,13,2,1,1,4,5,2,17,1,25,3,10,3,4,7,7,1,8,1,17,,2,,1,21,121.5933755,25.0688298
113,7,26,19,47,2,12內湖區,內湖區民權東路6段與民權東路6段180巷口,0,0,1,2,B12,6,5,5,50,4,1,1,4,4,5,13,2,1,1,4,5,2,17,1,40,2,9,3,4,7,9,1,8,1,1,,14,,1,21,121.5933755,25.0688298
113,7,26,19,47,2,12內湖區,內湖區民權東路6段與民權東路6段180巷口,0,0,1,3,,6,5,5,50,4,1,1,4,4,5,13,2,1,1,4,5,2,17,3,0,,,,,,,,,9,,,67,,,,121.5933755,25.0688298
113,7,26,20,20,2,02萬華區,萬華區西園路2段與西藏路口,0,0,2,1,C03,6,5,5,50,4,1,1,4,4,5,13,2,1,1,4,5,2,16,1,16,2,9,5,1,7,5,2,18,2,11,,71,,1,22,121.4957021,25.0286648
113,7,26,20,20,2,02萬華區,萬華區西園路2段與西藏路口,0,0,2,2,F03,6,5,5,50,4,1,1,4,4,5,13,2,1,1,4,5,2,16,1,56,2,9,4,1,7,9,8,20,2,11,,44,,1,22,121.4957021,25.0286648
113,7,26,21,40,2,03中山區,中山區北安路535號與大直街口,0,0,1,1,B03,6,5,5,50,4,1,1,4,4,5,13,1,1,1,4,5,2,16,1,58,3,10,7,1,7,5,1,8,1,6,,71,,1,21,121.5471059,25.07992582
113,7,26,21,40,2,03中山區,中山區北安路535號與大直街口,0,0,1,2,C03,6,5,5,50,4,1,1,4,4,5,13,1,1,1,4,5,2,16,2,19,2,9,6,1,7,9,1,10,1,11,,44,,1,21,121.5471059,25.07992582
113,7,26,21,50,2,07信義區,信義區中坡北路35號,0,0,1,1,B12,6,5,8,50,22,22,1,4,4,5,13,4,4,1,4,5,2,17,1,67,3,10,7,1,7,9,1,8,2,5,,44,,1,22,121.5806016,25.0455753
113,7,26,21,50,2,07信義區,信義區中坡北路35號,0,0,1,2,C03,6,5,8,50,22,22,1,4,4,5,13,4,4,1,4,5,2,17,2,59,2,9,5,1,7,8,1,10,2,14,,100,,1,22,121.5806016,25.0455753
113,7,26,21,50,2,07信義區,信義區中坡北路35號,0,0,1,3,B03,6,5,8,50,22,22,1,4,4,5,13,4,4,1,4,5,2,17,1,22,3,10,7,1,7,6,1,8,2,4,,44,,1,22,121.5806016,25.0455753
113,7,26,23,46,2,01大同區,大同區鄭州路與環河北路1段口環河堤外便道(3號水門),0,0,2,1,C03,6,5,5,40,5,1,1,4,4,5,13,2,1,5,4,5,2,13,1,43,2,9,5,1,7,15,1,10,2,11,,108,,1,22,121.506368,25.0508891
113,7,26,23,46,2,01大同區,大同區鄭州路與環河北路1段口環河堤外便道(3號水門),0,0,2,2,C03,6,5,5,40,5,1,1,4,4,5,13,2,1,5,4,5,2,13,1,48,2,9,5,1,7,3,1,10,2,13,,44,,1,22,121.506368,25.0508891
113,7,27,3,6,2,02萬華區,萬華區西藏路與寶興街口,0,0,2,1,F03,7,5,5,50,5,1,1,4,4,5,13,2,1,1,4,5,2,16,1,61,2,7,4,1,7,5,8,20,2,12,,96,,1,22,121.4925945,25.0280652
113,7,27,3,6,2,02萬華區,萬華區西藏路與寶興街口,0,0,2,2,C03,7,5,5,50,5,1,1,4,4,5,13,2,1,1,4,5,2,16,1,48,2,9,6,1,7,9,1,10,2,11,,13,,1,22,121.4925945,25.0280652
113,7,27,3,27,2,01大同區,大同區民權西路與迪化街2段口,0,0,1,1,C03,7,5,5,30,4,1,1,5,4,5,13,4,4,10,5,5,2,15,1,24,2,8,6,1,7,9,1,10,1,12,,72,,1,21,121.509352,25.0634003
113,7,27,3,27,2,01大同區,大同區民權西路與迪化街2段口,0,0,1,2,B01,7,5,5,30,4,1,1,5,4,5,13,4,4,10,5,5,2,15,1,47,3,10,7,1,7,9,1,4,1,8,,44,,1,21,121.509352,25.0634003
113,7,27,5,15,2,10文山區,文山區指南路3段岐山幹39電桿,0,0,1,1,B03,7,6,5,30,11,9,1,4,4,5,13,4,4,10,5,5,1,17,1,45,3,10,7,4,7,6,1,8,1,17,,5,,1,21,121.5959394,24.97265241
113,7,27,5,15,2,10文山區,文山區指南路3段岐山幹39電桿,0,0,1,2,C03,7,6,5,30,11,9,1,4,4,5,13,4,4,10,5,5,1,17,1,33,2,8,6,1,7,9,1,10,1,17,,44,,1,21,121.5959394,24.97265241
113,7,27,7,17,2,11南港區,南港區興華路26號,0,0,1,1,B12,8,6,5,50,14,9,1,5,4,5,13,4,4,5,5,5,2,16,1,55,3,10,3,4,7,11,6,8,1,8,,10,,1,21,121.6060619,25.054933
113,7,27,7,17,2,11南港區,南港區興華路26號,0,0,1,2,C03,8,6,5,50,14,9,1,5,4,5,13,4,4,5,5,5,2,16,1,55,2,5,5,1,7,9,1,10,1,11,,44,,1,21,121.6060619,25.054933
113,7,27,7,32,2,05中正區,中正區重慶南路1段與武昌街1段口,0,0,2,1,C03,8,5,5,50,14,9,1,5,4,5,13,1,1,9,4,5,2,13,1,21,2,9,5,1,7,9,1,10,1,11,,16,,1,21,121.5132795,25.0442943
113,7,27,7,32,2,05中正區,中正區重慶南路1段與武昌街1段口,0,0,2,2,C03,8,5,5,50,14,9,1,5,4,5,13,1,1,9,4,5,2,13,1,21,2,9,5,1,7,9,1,10,1,13,,44,,1,21,121.5132795,25.0442943
113,7,27,7,45,2,05中正區,中正區中華路1段與長沙街1段口,0,0,1,1,B02,7,6,5,50,4,1,1,5,4,5,13,1,1,1,4,5,2,16,1,49,3,10,7,1,7,5,1,3,2,5,,98,,1,22,121.5079734,25.040479
113,7,27,7,45,2,05中正區,中正區中華路1段與長沙街1段口,0,0,1,2,C03,7,6,5,50,4,1,1,5,4,5,13,1,1,1,4,5,2,16,1,45,2,9,6,1,7,9,1,10,2,11,,44,,1,22,121.5079734,25.040479
113,7,27,8,0,2,12內湖區,內湖區瑞光路與瑞光路478巷口,0,0,1,1,C03,8,5,5,50,4,2,1,4,3,5,13,4,4,4,3,5,1,29,2,20,2,9,3,4,7,9,1,10,1,11,,108,,1,22,121.5689832,25.0787445
113,7,27,8,0,2,12內湖區,內湖區瑞光路與瑞光路478巷口,0,0,1,2,,8,5,5,50,4,2,1,4,3,5,13,4,4,4,3,5,1,29,3,0,,,,,,,,,,,,129,,1,,121.5689832,25.0787445
113,7,27,10,16,2,02萬華區,萬華區艋舺大道76號,0,0,1,1,C03,7,7,5,50,14,9,1,5,4,5,13,4,4,1,4,5,2,17,1,59,2,9,5,1,7,21,6,18,2,15,,42,,1,22,121.5031976,25.0333888
113,7,27,10,16,2,02萬華區,萬華區艋舺大道76號,0,0,1,2,C03,7,7,5,50,14,9,1,5,4,5,13,4,4,1,4,5,2,17,1,20,3,10,5,1,7,9,1,10,2,13,,42,,1,22,121.5031976,25.0333888
113,7,27,10,38,2,04大安區,大安區新生南路1段與濟南路3段口,0,0,1,2,H01,7,6,5,50,4,18,1,5,4,5,13,2,1,9,4,5,1,2,2,59,2,8,4,5,8,16,8,20,10,16,,67,,1,21,121.5328836,25.0402923
113,7,27,10,38,2,04大安區,大安區新生南路1段與濟南路3段口,0,0,1,1,B12,7,6,5,50,4,18,1,5,4,5,13,2,1,9,4,5,1,2,1,57,3,10,3,4,7,5,1,8,2,8,,70,,1,21,121.5328836,25.0402923
113,7,27,10,57,2,03中山區,中山區新生北路2段127巷與中原街口側附近口,0,0,1,1,B03,7,7,5,30,4,1,1,5,4,5,13,4,4,9,4,5,2,17,1,58,3,10,3,4,7,9,1,8,1,5,,44,,1,21,121.5289362,25.05980041
113,7,27,10,57,2,03中山區,中山區新生北路2段127巷與中原街口側附近口,0,0,1,2,C03,7,7,5,30,4,1,1,5,4,5,13,4,4,9,4,5,2,17,2,24,2,9,3,4,7,9,1,10,1,11,,14,,1,21,121.5289362,25.05980041
113,7,27,11,25,2,11南港區,南港區大坑街與舊莊街1段145巷8弄口,0,0,1,1,C03,7,7,5,30,3,2,1,5,4,5,13,4,4,10,4,5,2,17,1,24,2,9,5,1,7,6,1,10,1,12,,14,,1,21,121.6214582,25.04027554
113,7,27,11,25,2,11南港區,南港區大坑街與舊莊街1段145巷8弄口,0,0,1,2,B03,7,7,5,30,3,2,1,5,4,5,13,4,4,10,4,5,2,17,1,41,3,10,7,1,7,9,1,8,1,4,,14,,1,21,121.6214582,25.04027554
113,7,27,11,29,2,02萬華區,萬華區西藏路與中華路2段300巷13弄口,0,0,1,1,B03,7,5,5,50,3,1,1,5,4,5,13,4,4,1,4,5,2,16,1,45,3,10,7,1,7,6,1,8,1,5,,9,,1,21,121.50357,25.0298607
113,7,27,11,29,2,02萬華區,萬華區西藏路與中華路2段300巷13弄口,0,0,1,2,C03,7,5,5,50,3,1,1,5,4,5,13,4,4,1,4,5,2,16,2,54,2,9,6,1,7,9,1,10,1,14,,14,,1,21,121.50357,25.0298607
113,7,27,12,25,2,03中山區,中山區錦州街347號前,0,0,1,1,B02,7,7,5,50,14,9,1,5,4,5,13,4,4,9,4,5,2,17,1,52,3,10,3,4,7,14,1,8,1,4,,40,,1,21,121.5401166,25.0602465
113,7,27,12,25,2,03中山區,中山區錦州街347號前,0,0,1,2,C03,7,7,5,50,14,9,1,5,4,5,13,4,4,9,4,5,2,17,2,57,2,9,5,4,7,9,1,10,1,12,,44,,1,21,121.5401166,25.0602465
113,7,27,12,25,2,03中山區,中山區錦州街347號前,0,0,1,3,H02,7,7,5,50,14,9,1,5,4,5,13,4,4,9,4,5,2,17,1,12,3,10,3,5,7,19,8,20,10,16,,40,,1,14,121.5401166,25.0602465
113,7,27,12,25,2,08士林區,士林區中山北路6段與士東路口,0,0,1,1,C03,7,6,5,50,5,2,1,5,4,5,13,1,1,1,4,5,2,9,1,31,3,10,6,1,7,6,1,10,9,15,,118,,2,21,121.5260634,25.1116826
113,7,27,12,25,2,08士林區,士林區中山北路6段與士東路口,0,0,1,2,H01,7,6,5,50,5,2,1,5,4,5,13,1,1,1,4,5,2,9,1,39,2,7,4,5,8,20,8,20,10,16,,118,,1,22,121.5260634,25.1116826
113,7,27,12,39,2,04大安區,大安區市民大道4段240號,0,0,1,1,C03,8,6,5,40,14,9,1,5,4,5,13,4,4,9,4,5,1,13,2,38,2,7,5,1,7,9,1,10,1,11,,16,,1,21,121.556905,25.0447923
113,7,27,12,39,2,04大安區,大安區市民大道4段240號,0,0,1,2,B03,8,6,5,40,14,9,1,5,4,5,13,4,4,9,4,5,1,13,1,41,3,10,7,1,7,14,1,8,1,7,,44,,1,21,121.556905,25.0447923
113,7,27,12,44,2,07信義區,信義區基隆路2段與嘉興街175巷口,0,0,2,1,B03,8,6,5,50,3,2,1,5,4,5,13,4,4,1,4,5,2,16,1,47,2,2,7,1,7,6,1,8,2,5,,9,,1,21,121.5566376,25.0279611
113,7,27,12,44,2,07信義區,信義區基隆路2段與嘉興街175巷口,0,0,2,2,C03,8,6,5,50,3,2,1,5,4,5,13,4,4,1,4,5,2,16,1,19,2,9,5,1,7,9,1,10,2,14,,108,,1,21,121.5566376,25.0279611
113,7,27,13,22,2,02萬華區,萬華區桂林路53號,0,0,2,1,F01,8,7,5,50,14,9,1,5,4,5,13,4,4,9,4,5,2,17,1,66,2,9,4,1,7,15,8,20,1,14,,100,,1,21,121.5033568,25.03815342
113,7,27,13,22,2,02萬華區,萬華區桂林路53號,0,0,2,2,C03,8,7,5,50,14,9,1,5,4,5,13,4,4,9,4,5,2,17,1,45,2,8,5,1,7,15,1,10,1,12,,100,,1,21,121.5033568,25.03815342
113,7,27,13,28,2,05中正區,中正區濟南路2段與濟南路2段8巷口,0,0,2,1,C03,7,5,5,50,5,2,1,5,4,5,13,4,4,9,5,5,2,13,1,49,2,9,5,1,7,9,1,10,2,11,,16,,1,21,121.5273408,25.0412623
113,7,27,13,28,2,05中正區,中正區濟南路2段與濟南路2段8巷口,0,0,2,2,C03,7,5,5,50,5,2,1,5,4,5,13,4,4,9,5,5,2,13,1,54,2,8,5,1,7,9,1,10,2,13,,44,,1,21,121.5273408,25.0412623
113,7,27,13,30,2,09北投區,北投區大業路300號,0,0,1,1,B03,8,5,8,60,14,13,1,5,4,5,13,4,4,9,2,3,1,17,1,42,3,10,3,4,7,6,1,8,1,2,,100,,1,21,121.4978454,25.1281584
113,7,27,13,30,2,09北投區,北投區大業路300號,0,0,1,2,C03,8,5,8,60,14,13,1,5,4,5,13,4,4,9,2,3,1,17,1,41,2,9,3,4,7,9,1,10,1,11,,44,,1,21,121.4978454,25.1281584
113,7,27,13,39,2,07信義區,信義區松壽路與松智路口,0,0,1,1,C03,7,7,5,50,14,9,1,5,4,5,13,1,1,5,4,5,2,12,2,48,2,9,6,4,7,8,1,10,1,12,,42,,1,21,121.5654147,25.0358041
113,7,27,13,39,2,07信義區,信義區松壽路與松智路口,0,0,1,2,B03,7,7,5,50,14,9,1,5,4,5,13,1,1,5,4,5,2,12,1,31,3,10,3,4,7,9,1,8,1,8,,44,,1,21,121.5654147,25.0358041
113,7,27,13,39,2,07信義區,信義區吳興街與吳興街8巷口,0,0,1,1,B12,8,6,5,30,4,1,1,5,4,5,13,4,4,10,5,5,2,8,1,58,3,10,7,1,7,1,1,8,2,8,,19,,1,21,121.5593935,25.03167
113,7,27,13,39,2,07信義區,信義區吳興街與吳興街8巷口,0,0,1,2,H01,8,6,5,30,4,1,1,5,4,5,13,4,4,10,5,5,2,8,1,33,2,8,4,5,8,17,8,20,10,16,,60,,1,21,121.5593935,25.03167
113,7,27,13,49,2,05中正區,中正區中華路2段與和平西路2段口口,0,0,2,1,B03,8,6,5,50,4,1,1,5,4,5,13,1,1,5,4,5,1,17,1,35,2,8,7,1,7,5,1,8,2,1,,71,,1,21,121.5050578,25.0328613
113,7,27,13,49,2,05中正區,中正區中華路2段與和平西路2段口口,0,0,2,2,C03,8,6,5,50,4,1,1,5,4,5,13,1,1,5,4,5,1,17,2,53,2,8,6,1,7,9,1,10,2,14,,44,,1,21,121.5050578,25.0328613
113,7,27,14,6,2,07信義區,信義區吳興街156巷與吳興街156巷7弄口,0,0,2,1,C03,8,6,5,30,4,2,1,5,4,5,13,4,4,1,4,5,2,16,1,38,2,7,5,1,7,6,1,10,1,12,,9,,1,21,121.5614684,25.028987
113,7,27,14,6,2,07信義區,信義區吳興街156巷與吳興街156巷7弄口,0,0,2,2,C03,8,6,5,30,4,2,1,5,4,5,13,4,4,1,4,5,2,16,1,20,2,9,5,1,7,9,1,10,1,14,,44,,1,21,121.5614684,25.028987
113,7,27,14,25,2,03中山區,中山區民生東路1段與民生東路1段61巷口,0,0,2,1,C03,8,7,5,50,4,1,1,5,4,5,13,4,4,5,4,5,2,17,2,28,2,9,6,4,7,9,1,10,1,15,,44,,1,21,121.5263774,25.0581161
113,7,27,14,25,2,03中山區,中山區民生東路1段與民生東路1段61巷口,0,0,2,2,C03,8,7,5,50,4,1,1,5,4,5,13,4,4,5,4,5,2,17,1,26,2,9,6,4,7,9,1,10,1,11,,44,,1,21,121.5263774,25.0581161
113,7,27,14,25,2,03中山區,中山區民生東路1段與民生東路1段61巷口,0,0,2,3,B01,8,7,5,50,4,1,1,5,4,5,13,4,4,5,4,5,2,17,1,47,3,10,3,4,7,11,1,4,9,4,,10,,1,21,121.5263774,25.0581161
113,7,27,14,29,2,11南港區,南港區中坡北路與松河街口,0,0,1,1,C03,8,6,5,40,3,2,1,5,4,5,13,4,4,5,5,5,2,18,2,21,2,9,5,1,7,9,1,10,1,14,,42,,1,21,121.5800738,25.0521843
113,7,27,14,29,2,11南港區,南港區中坡北路與松河街口,0,0,1,2,,8,6,5,40,3,2,1,5,4,5,13,4,4,5,5,5,2,18,3,0,,,,,,,,,,,,67,,1,,121.5800738,25.0521843
113,7,27,14,30,2,03中山區,中山區吉林路437號,0,0,3,1,C01,7,6,5,30,14,9,1,5,4,5,13,4,4,8,5,4,1,16,1,67,2,9,3,4,7,6,1,9,1,14,,72,,1,21,121.5304475,25.0671141
113,7,27,14,30,2,03中山區,中山區吉林路437號,0,0,3,2,C03,7,6,5,30,14,9,1,5,4,5,13,4,4,8,5,4,1,16,1,61,2,6,3,4,7,9,1,10,1,12,,44,,1,21,121.5304475,25.0671141
113,7,27,14,30,2,03中山區,中山區吉林路437號,0,0,3,3,H02,7,6,5,30,14,9,1,5,4,5,13,4,4,8,5,4,1,16,2,44,2,1,3,5,7,20,8,20,10,16,,67,,1,21,121.5304475,25.0671141
113,7,27,14,44,2,01大同區,大同區錦西街60號對面,0,0,1,1,B03,7,6,5,50,14,9,1,5,4,5,13,4,4,9,4,5,2,17,2,49,3,10,7,1,7,15,1,8,2,4,,40,,1,21,121.5196238,25.06028564
113,7,27,14,44,2,01大同區,大同區錦西街60號對面,0,0,1,2,C03,7,6,5,50,14,9,1,5,4,5,13,4,4,9,4,5,2,17,2,70,2,9,6,1,7,9,1,10,2,12,,44,,1,21,121.5196238,25.06028564
113,7,27,14,44,2,06松山區,松山區復興北路與民族東路口,0,0,1,1,B03,7,7,5,50,4,1,1,5,4,5,13,2,1,1,4,5,2,16,1,49,3,10,7,1,7,9,1,8,2,2,,17,,1,26,121.5443754,25.0662794
113,7,27,14,44,2,06松山區,松山區復興北路與民族東路口,0,0,1,2,C03,7,7,5,50,4,1,1,5,4,5,13,2,1,1,4,5,2,16,1,70,2,9,5,1,7,15,1,10,2,14,,96,,1,26,121.5443754,25.0662794
113,7,27,15,46,2,02萬華區,萬華區環河南路2段與環河南路2段250巷口,0,0,1,1,C03,7,5,5,50,4,1,1,5,4,5,13,2,1,1,3,5,1,16,2,18,2,9,3,4,7,5,1,10,1,14,,8,,1,22,121.4920858,25.0328704
113,7,27,15,46,2,02萬華區,萬華區環河南路2段與環河南路2段250巷口,0,0,1,2,B01,7,5,5,50,4,1,1,5,4,5,13,2,1,1,3,5,1,16,1,46,3,10,3,4,7,9,1,4,1,5,,16,,1,22,121.4920858,25.0328704
113,7,27,15,52,2,01大同區,大同區民權西路與迪化街2段口,0,0,1,1,C03,8,6,5,30,3,1,1,5,4,5,13,4,4,9,5,5,2,15,2,51,2,7,6,4,7,9,1,10,1,14,,72,,1,22,121.5094107,25.0633975
113,7,27,15,52,2,01大同區,大同區民權西路與迪化街2段口,0,0,1,2,B03,8,6,5,30,3,1,1,5,4,5,13,4,4,9,5,5,2,15,2,29,3,10,7,4,7,9,3,18,1,1,,44,,1,22,121.5094107,25.0633975
113,7,27,16,16,2,07信義區,信義區林口街38巷與福德街84巷口,0,0,2,1,B03,8,6,5,30,4,1,1,5,4,5,13,4,4,9,5,5,2,16,2,51,3,10,3,4,7,9,1,8,2,8,,14,,1,21,121.5808989,25.0384272
113,7,27,16,16,2,07信義區,信義區林口街38巷與福德街84巷口,0,0,2,2,C03,8,6,5,30,4,1,1,5,4,5,13,4,4,9,5,5,2,16,2,35,2,7,5,1,7,9,1,10,2,12,14,14,,1,21,121.5808989,25.0384272
113,7,27,16,16,2,07信義區,信義區林口街38巷與福德街84巷口,0,0,2,3,H02,8,6,5,30,4,1,1,5,4,5,13,4,4,9,5,5,2,16,2,23,2,8,5,5,7,17,8,20,10,16,,67,,1,21,121.5808989,25.0384272
113,7,27,16,21,2,02萬華區,萬華區忠孝橋往台北市,0,0,1,1,C03,8,7,5,50,8,9,1,5,4,5,13,4,4,7,5,5,2,17,2,24,2,9,5,1,7,7,1,10,1,14,,44,,1,21,121.5072592,25.0486193
113,7,27,16,21,2,02萬華區,萬華區忠孝橋往台北市,0,0,1,2,B03,8,7,5,50,8,9,1,5,4,5,13,4,4,7,5,5,2,17,1,29,3,10,7,1,7,9,1,8,1,2,,44,,1,21,121.5072592,25.0486193
113,7,27,16,30,2,03中山區,中山區民權東路2段與松江路口,0,0,1,1,C03,8,7,5,50,4,2,1,5,4,5,13,2,1,1,4,5,2,13,2,72,2,9,5,4,7,9,1,10,1,11,,108,,1,21,121.5326437,25.06249603
113,7,27,16,30,2,03中山區,中山區民權東路2段與松江路口,0,0,1,2,B03,8,7,5,50,4,2,1,5,4,5,13,2,1,1,4,5,2,13,1,45,3,10,3,4,7,12,1,8,1,6,,44,,1,21,121.5326437,25.06249603
113,7,27,16,30,2,03中山區,中山區民權東路2段與松江路口,0,0,1,3,B03,8,7,5,50,4,2,1,5,4,5,13,2,1,1,4,5,2,13,2,33,3,10,3,4,7,8,1,8,9,17,,100,,1,21,121.5326437,25.06249603
113,7,27,16,35,2,02萬華區,萬華區環河南路1段與成都路口,0,0,1,1,B03,8,7,5,50,3,1,1,5,4,5,13,4,4,4,3,5,2,17,1,30,3,10,7,1,7,6,1,8,1,2,,9,,1,22,121.5009589,25.04430947
113,7,27,16,35,2,02萬華區,萬華區環河南路1段與成都路口,0,0,1,2,C03,8,7,5,50,3,1,1,5,4,5,13,4,4,4,3,5,2,17,1,22,2,9,6,1,7,9,1,10,1,14,,44,,1,22,121.5009589,25.04430947
113,7,27,16,35,2,02萬華區,萬華區環河南路1段與成都路口,0,0,1,3,C03,8,7,5,50,3,1,1,5,4,5,13,4,4,4,3,5,2,17,1,43,3,10,3,4,7,21,1,10,11,15,,44,,1,22,121.5009589,25.04430947
113,7,27,16,35,2,02萬華區,萬華區環河南路1段與成都路口,0,0,1,4,C03,8,7,5,50,3,1,1,5,4,5,13,4,4,4,3,5,2,17,1,44,3,10,3,4,7,21,1,10,11,15,,44,,1,22,121.5009589,25.04430947
113,7,27,16,38,2,02萬華區,萬華區漢口街2段與昆明街口,0,0,1,1,C03,7,7,5,50,14,9,1,5,4,5,13,1,1,10,3,5,2,12,2,42,2,9,5,1,7,7,1,10,2,14,,101,,1,21,121.5058825,25.0459236
113,7,27,16,38,2,02萬華區,萬華區漢口街2段與昆明街口,0,0,1,2,B03,7,7,5,50,14,9,1,5,4,5,13,1,1,10,3,5,2,12,1,48,3,10,7,1,7,9,1,8,2,2,,44,,1,21,121.5058825,25.0459236
113,7,27,17,35,2,08士林區,士林區重慶北路4段與延平北路5段136巷口口,0,0,2,1,C03,8,6,5,40,3,1,1,5,4,5,13,4,4,1,4,4,2,17,1,65,2,7,5,4,7,6,1,10,1,12,,9,,1,21,121.5122594,25.0825315