發生年度,發生月,發生日,發生時-Hours,發生分,處理別-編號,區序,肇事地點,死亡人數,2-30日死亡人數,受傷人數,當事人序號,車種,天候,道路照明設備,道路類別,速限-速度限制,道路型態,事故位置,路面狀況1,路面狀況2,路面狀況3,道路障礙1,道路障礙2,號誌1,號誌2,車道劃分-分向,車道劃分-分道1,車道劃分-分道2,車道劃分-分道3,事故類型及型態,性別,年齡,受傷程度,主要傷處,保護裝置,行動電話,車輛用途,當事者行動狀態,駕駛資格情形,駕駛執照種類,飲酒情形,車輛撞擊部位1,車輛撞擊部位2,肇因碼-個別,肇因碼-主要,個人肇逃否,職業,座標-X,座標-Y
113,7,27,17,35,2,08士林區,士林區重慶北路4段與延平北路5段136巷口口,0,0,2,2,C03,8,6,5,40,3,1,1,5,4,5,13,4,4,1,4,4,2,17,1,39,2,9,6,4,7,9,1,10,1,14,,44,,1,21,121.5122594,25.0825315
113,7,27,17,45,2,12內湖區,內湖區成功路4段182巷與成功路4段口,0,0,1,1,B03,8,6,5,30,3,1,1,5,4,5,13,4,4,1,4,4,2,17,1,25,3,10,7,1,7,6,1,8,1,7,,72,,1,21,121.594216,25.08361733
113,7,27,17,45,2,12內湖區,內湖區成功路4段182巷與成功路4段口,0,0,1,2,C03,8,6,5,30,3,1,1,5,4,5,13,4,4,1,4,4,2,17,1,20,2,8,6,1,7,8,1,10,1,11,,108,,1,21,121.594216,25.08361733
113,7,27,17,49,2,01大同區,大同區寧夏路與民生西路口,0,0,1,1,B03,8,6,5,40,5,2,1,5,4,5,13,4,4,10,5,5,2,8,1,44,3,10,7,1,7,9,1,8,1,5,,108,,1,21,121.5154299,25.0567397
113,7,27,17,49,2,01大同區,大同區寧夏路與民生西路口,0,0,1,2,H01,8,6,5,40,5,2,1,5,4,5,13,4,4,10,5,5,2,8,2,54,2,8,4,5,8,17,8,20,10,16,,67,,1,21,121.5154299,25.0567397
113,7,27,18,0,2,06松山區,松山區松河街128號,0,0,1,1,C03,7,6,5,40,14,9,1,5,4,5,13,4,4,9,4,5,2,17,1,23,2,9,6,4,7,9,1,10,1,14,,16,,1,21,121.5752197,25.05108754
113,7,27,18,0,2,06松山區,松山區松河街128號,0,0,1,2,B03,7,6,5,40,14,9,1,5,4,5,13,4,4,9,4,5,2,17,1,62,3,10,7,4,7,9,1,8,1,17,,44,,1,21,121.5752197,25.05108754
113,7,27,18,0,2,10文山區,文山區政大一街227-229號,0,0,1,1,F01,8,5,5,30,14,9,2,5,4,5,13,4,4,9,5,5,2,17,1,14,2,9,4,4,7,9,8,20,1,11,,108,,1,21,121.5847521,24.98611859
113,7,27,18,0,2,10文山區,文山區政大一街227-229號,0,0,1,2,A02,8,5,5,30,14,9,2,5,4,5,13,4,4,9,5,5,2,17,1,55,3,10,3,4,7,14,1,2,1,3,,44,,1,21,121.5847521,24.98611859
113,7,27,18,1,2,04大安區,大安區和平東路2段與和平東路2段18巷口,0,0,1,1,B01,8,6,5,50,3,2,1,5,4,5,13,4,4,8,3,5,2,12,2,47,3,10,3,4,7,15,1,8,9,15,,80,,1,21,121.5357914,25.0258373
113,7,27,18,1,2,04大安區,大安區和平東路2段與和平東路2段18巷口,0,0,1,2,C03,8,6,5,50,3,2,1,5,4,5,13,4,4,8,3,5,2,12,1,58,2,9,3,4,7,9,1,10,9,11,,44,,1,21,121.5357914,25.0258373
113,7,27,18,12,2,08士林區,士林區大東路與文林路口口,0,0,2,1,C03,8,6,5,50,3,1,1,5,4,5,13,4,4,5,4,5,1,10,1,74,2,7,3,4,7,9,1,10,1,11,,72,,1,21,121.5250106,25.09365174
113,7,27,18,12,2,08士林區,士林區大東路與文林路口口,0,0,2,2,C03,8,6,5,50,3,1,1,5,4,5,13,4,4,5,4,5,1,10,1,27,2,8,3,4,7,9,1,10,1,12,,44,,1,21,121.5250106,25.09365174
113,7,27,18,58,2,04大安區,大安區仁愛路4段與仁愛路4段48巷口,0,0,1,1,B02,7,5,5,50,3,1,1,5,4,5,10,4,4,1,4,1,2,16,1,21,3,10,3,4,7,5,1,8,1,4,,8,,1,22,121.5470128,25.0376898
113,7,27,18,58,2,04大安區,大安區仁愛路4段與仁愛路4段48巷口,0,0,1,2,C03,7,5,5,50,3,1,1,5,4,5,10,4,4,1,4,1,2,16,1,36,2,9,6,4,7,9,1,10,1,12,,107,,1,22,121.5470128,25.0376898
113,7,27,18,58,2,04大安區,大安區仁愛路4段與仁愛路4段48巷口,0,0,1,3,B12,7,5,5,50,3,1,1,5,4,5,10,4,4,1,4,1,2,16,4,0,,,,,,,,,,,,38,,2,,121.5470128,25.0376898
113,7,27,19,50,2,03中山區,中山區北安路與大直街口,0,0,3,1,C03,8,5,5,50,4,1,1,5,4,5,13,2,1,7,2,5,2,17,2,46,2,9,5,1,7,9,1,10,1,14,,16,,1,21,121.5473172,25.0799455
113,7,27,19,50,2,03中山區,中山區北安路與大直街口,0,0,3,2,B03,8,5,5,50,4,1,1,5,4,5,13,2,1,7,2,5,2,17,1,30,3,10,7,1,7,9,1,8,1,2,,16,,1,21,121.5473172,25.0799455
113,7,27,19,50,2,03中山區,中山區北安路與大直街口,0,0,3,3,H02,8,5,5,50,4,1,1,5,4,5,13,2,1,7,2,5,2,17,1,11,2,9,4,5,7,20,8,20,10,16,,67,,1,21,121.5473172,25.0799455
113,7,27,19,50,2,03中山區,中山區北安路與大直街口,0,0,3,4,H02,8,5,5,50,4,1,1,5,4,5,13,2,1,7,2,5,2,17,1,8,2,9,4,5,7,20,8,20,10,16,,67,,1,21,121.5473172,25.0799455
113,7,27,19,57,2,10文山區,文山區指南路3段與指南路3段33巷口口,0,0,2,1,C03,7,5,5,30,14,9,1,5,4,5,13,4,4,10,5,5,1,3,1,21,3,10,6,4,7,9,1,10,1,11,,14,,1,22,121.5800543,24.98492546
113,7,27,19,57,2,10文山區,文山區指南路3段與指南路3段33巷口口,0,0,2,2,H01,7,5,5,30,14,9,1,5,4,5,13,4,4,10,5,5,1,3,1,84,2,7,4,5,8,16,8,20,1,16,,123,,1,21,121.5800543,24.98492546
113,7,27,19,57,2,10文山區,文山區指南路3段與指南路3段33巷口口,0,0,2,3,C03,7,5,5,30,14,9,1,5,4,5,13,4,4,10,5,5,1,3,2,65,2,7,6,1,7,10,1,10,1,11,,14,,1,22,121.5800543,24.98492546
113,7,27,20,10,2,08士林區,士林區天母東路8巷31弄(新光三越旁),0,0,1,1,C03,8,5,5,50,14,9,1,5,4,5,13,4,4,5,5,5,2,17,1,57,2,9,6,1,7,2,1,10,1,13,,12,,1,21,121.5339371,25.11691395
113,7,27,20,10,2,08士林區,士林區天母東路8巷31弄(新光三越旁),0,0,1,2,B01,8,5,5,50,14,9,1,5,4,5,13,4,4,5,5,5,2,17,1,40,3,10,7,1,7,9,1,4,1,5,,44,,1,21,121.5339371,25.11691395
113,7,27,20,10,2,08士林區,士林區天母東路8巷31弄(新光三越旁),0,0,1,3,C03,8,5,5,50,14,9,1,5,4,5,13,4,4,5,5,5,2,17,1,63,3,10,6,1,7,13,1,10,1,13,,44,,1,21,121.5339371,25.11691395
113,7,27,20,52,2,05中正區,中正區中華路2段307巷3號,0,0,1,1,C03,8,6,5,30,14,9,1,5,4,5,13,4,4,5,4,5,2,17,1,74,2,8,5,1,7,9,1,10,2,11,,42,,1,21,121.5053999,25.0288383
113,7,27,20,52,2,05中正區,中正區中華路2段307巷3號,0,0,1,2,B03,8,6,5,30,14,9,1,5,4,5,13,4,4,5,4,5,2,17,1,25,3,10,7,1,7,14,1,8,2,7,,44,,1,21,121.5053999,25.0288383
113,7,27,21,5,2,05中正區,中正區中華路2段與中華路2段150巷口,0,0,1,1,C03,8,5,5,30,4,2,1,5,4,5,13,4,4,5,4,5,2,16,2,32,2,7,6,1,7,5,1,10,2,12,,72,,1,22,121.5041751,25.0304972
113,7,27,21,5,2,05中正區,中正區中華路2段與中華路2段150巷口,0,0,1,2,B01,8,5,5,30,4,2,1,5,4,5,13,4,4,5,4,5,2,16,1,67,3,10,7,1,7,9,1,4,2,4,,99,,1,22,121.5041751,25.0304972
113,7,27,21,16,2,05中正區,中正區金山北路新生高架下迴轉道,0,0,1,1,B03,8,5,8,30,22,22,1,5,4,5,13,4,4,10,5,5,2,16,1,42,3,10,7,1,7,5,1,8,2,4,,8,,1,22,121.5305436,25.04591216
113,7,27,21,16,2,05中正區,中正區金山北路新生高架下迴轉道,0,0,1,2,C03,8,5,8,30,22,22,1,5,4,5,13,4,4,10,5,5,2,16,1,23,2,9,5,1,7,9,1,10,2,12,,42,,1,22,121.5305436,25.04591216
113,7,27,22,23,2,01大同區,大同區大稻埕堤外便道與南京西路口,0,0,1,1,B03,7,5,5,40,14,9,1,5,4,5,13,4,4,10,5,5,2,17,1,32,3,10,3,4,7,15,1,8,1,6,,44,,1,21,121.5073042,25.0538957
113,7,27,22,23,2,01大同區,大同區大稻埕堤外便道與南京西路口,0,0,1,2,C03,7,5,5,40,14,9,1,5,4,5,13,4,4,10,5,5,2,17,2,21,2,9,3,4,7,15,1,10,1,11,,108,,1,21,121.5073042,25.0538957
113,7,27,22,35,2,06松山區,松山區市民大道4段與八德路3段12巷57弄口,0,0,1,1,B01,8,5,5,40,3,2,1,5,4,3,10,4,4,9,4,5,2,10,2,63,3,10,7,1,7,1,1,4,1,8,,19,,1,21,121.5519724,25.0446325
113,7,27,22,35,2,06松山區,松山區市民大道4段與八德路3段12巷57弄口,0,0,1,2,C03,8,5,5,40,3,2,1,5,4,3,10,4,4,9,4,5,2,10,1,32,2,9,5,1,7,9,1,10,1,12,,108,,1,21,121.5519724,25.0446325
113,7,27,22,35,2,06松山區,松山區市民大道4段與八德路3段12巷57弄口,0,0,1,3,B12,8,5,5,40,3,2,1,5,4,3,10,4,4,9,4,5,2,10,1,46,3,10,7,1,7,14,1,8,1,17,,99,,1,21,121.5519724,25.0446325
113,7,27,22,35,2,06松山區,松山區市民大道4段與八德路3段12巷57弄口,0,0,1,4,H02,8,5,5,40,3,2,1,5,4,3,10,4,4,9,4,5,2,10,2,29,3,10,5,5,7,17,8,20,10,16,,67,,1,21,121.5519724,25.0446325
113,7,27,22,45,2,03中山區,中山區林森北路與新生北路2段76巷口,0,0,2,1,B03,8,5,5,30,4,1,1,5,4,5,13,4,4,5,2,5,2,17,1,39,3,10,7,1,7,9,1,15,1,1,,72,,1,21,121.5254777,25.057474
113,7,27,22,45,2,03中山區,中山區林森北路與新生北路2段76巷口,0,0,2,2,C03,8,5,5,30,4,1,1,5,4,5,13,4,4,5,2,5,2,17,1,28,2,9,5,1,7,9,1,10,1,14,,44,,1,21,121.5254777,25.057474
113,7,27,22,45,2,03中山區,中山區林森北路與新生北路2段76巷口,0,0,2,3,H02,8,5,5,30,4,1,1,5,4,5,13,4,4,5,2,5,2,17,2,26,2,9,5,5,7,20,8,20,10,16,,67,,1,21,121.5254777,25.057474
113,7,27,22,59,2,12內湖區,內湖區東湖路與康樂街口口,0,0,2,1,B01,8,5,5,50,4,1,1,5,4,5,13,2,1,5,2,5,2,16,1,33,3,10,7,1,7,9,1,4,2,2,,81,,1,21,121.6176452,25.06782195
113,7,27,22,59,2,12內湖區,內湖區東湖路與康樂街口口,0,0,2,2,C03,8,5,5,50,4,1,1,5,4,5,13,2,1,5,2,5,2,16,2,39,2,9,5,1,7,9,1,10,2,11,,81,,1,21,121.6176452,25.06782195
113,7,27,22,59,2,12內湖區,內湖區東湖路與康樂街口口,0,0,2,3,H02,8,5,5,50,4,1,1,5,4,5,13,2,1,5,2,5,2,16,2,39,2,9,5,5,7,20,8,20,10,16,,67,,1,21,121.6176452,25.06782195
113,7,27,23,29,2,05中正區,中正區中山南路與仁愛路1段口,0,0,2,1,B01,8,5,5,50,18,17,1,5,4,5,13,1,1,8,4,5,1,11,1,65,3,10,7,1,7,9,1,4,2,5,,101,,1,21,121.5179394,25.0394527
113,7,27,23,29,2,05中正區,中正區中山南路與仁愛路1段口,0,0,2,2,C03,8,5,5,50,18,17,1,5,4,5,13,1,1,8,4,5,1,11,1,21,2,9,6,1,7,9,1,10,2,14,,78,,1,22,121.5179394,25.0394527
113,7,27,23,29,2,05中正區,中正區中山南路與仁愛路1段口,0,0,2,3,H02,8,5,5,50,18,17,1,5,4,5,13,1,1,8,4,5,1,11,2,21,2,9,4,5,8,20,8,20,10,16,,44,,1,22,121.5179394,25.0394527
113,7,28,0,52,2,10文山區,秀明路一段79巷1弄多岔路口,0,0,1,1,B03,8,5,5,50,4,1,1,5,4,5,13,2,1,1,3,5,2,23,2,45,2,9,3,4,7,9,1,8,8,1,,21,,1,22,121.5649943,24.98978855
113,7,28,0,52,2,10文山區,秀明路一段79巷1弄多岔路口,0,0,1,2,,8,5,5,50,4,1,1,5,4,5,13,2,1,1,3,5,2,23,3,40,,,,,,,,,,,,67,,1,,121.5649943,24.98978855
113,7,28,6,22,2,03中山區,中山區長安東路1段30巷與林森北路67巷口,0,0,1,1,C03,8,7,5,30,4,1,1,5,4,5,13,4,4,10,5,5,2,15,2,27,2,9,5,1,7,9,1,10,2,11,,75,,1,21,121.5262197,25.0482768
113,7,28,6,22,2,03中山區,中山區長安東路1段30巷與林森北路67巷口,0,0,1,2,C03,8,7,5,30,4,1,1,5,4,5,13,4,4,10,5,5,2,15,1,23,3,10,5,1,7,9,1,10,2,14,,108,,1,21,121.5262197,25.0482768
113,7,28,8,45,2,02萬華區,萬華區艋舺大道與艋舺大道275巷口,0,0,1,1,B03,8,5,5,30,3,1,1,5,4,5,13,4,4,1,4,5,2,17,1,59,3,10,7,4,7,6,1,8,2,5,,80,,1,21,121.4976406,25.0332647
113,7,28,8,45,2,02萬華區,萬華區艋舺大道與艋舺大道275巷口,0,0,1,2,F01,8,5,5,30,3,1,1,5,4,5,13,4,4,1,4,5,2,17,2,28,2,5,4,4,7,1,8,20,2,14,,19,,1,21,121.4976406,25.0332647
113,7,28,9,47,2,02萬華區,萬華區西園路2段281巷6弄與德昌街272巷口,0,0,1,1,C03,8,7,5,30,3,2,1,5,4,5,13,4,4,10,5,5,2,17,1,59,2,1,5,1,7,5,1,9,1,11,,74,,1,21,121.4915343,25.02425857
113,7,28,9,47,2,02萬華區,萬華區西園路2段281巷6弄與德昌街272巷口,0,0,1,2,C03,8,7,5,30,3,2,1,5,4,5,13,4,4,10,5,5,2,17,1,50,3,10,5,1,7,9,6,18,1,11,,108,,1,21,121.4915343,25.02425857
113,7,28,10,15,2,02萬華區,萬華區忠孝橋往北市機車道,0,0,2,1,C03,7,7,5,50,14,11,1,5,4,5,13,4,4,8,5,4,2,13,2,21,2,9,5,4,7,9,1,10,1,11,,44,,1,22,121.5068835,25.0486847
113,7,28,10,15,2,02萬華區,萬華區忠孝橋往北市機車道,0,0,2,2,C03,7,7,5,50,14,11,1,5,4,5,13,4,4,8,5,4,2,13,1,27,2,9,5,4,7,9,1,10,1,13,,44,,1,22,121.5068835,25.0486847
113,7,28,10,15,2,08士林區,士林區芝玉路2段20巷與德行東路265巷口,0,0,2,1,C03,8,6,5,30,3,1,1,5,4,5,13,4,4,10,5,5,2,17,2,32,2,9,6,1,7,1,1,10,1,14,,19,,1,21,121.5348812,25.1110774
113,7,28,10,15,2,08士林區,士林區芝玉路2段20巷與德行東路265巷口,0,0,2,2,C03,8,6,5,30,3,1,1,5,4,5,13,4,4,10,5,5,2,17,1,34,2,9,6,1,7,9,1,10,1,11,,99,,1,21,121.5348812,25.1110774
113,7,28,10,30,2,04大安區,大安區仁愛路4段與安和路1段口口,0,0,4,1,C03,8,6,5,50,4,1,1,5,4,5,13,2,1,1,4,5,2,16,2,18,2,9,3,4,7,5,1,10,1,12,,9,,1,22,121.5518504,25.0380894
113,7,28,10,30,2,04大安區,大安區仁愛路4段與安和路1段口口,0,0,4,2,C03,8,6,5,50,4,1,1,5,4,5,13,2,1,1,4,5,2,16,2,47,2,9,3,4,7,9,1,10,1,14,,44,,1,22,121.5518504,25.0380894
113,7,28,10,30,2,04大安區,大安區仁愛路4段與安和路1段口口,0,0,4,3,H02,8,6,5,50,4,1,1,5,4,5,13,2,1,1,4,5,2,16,2,18,2,9,3,5,7,21,8,20,10,16,,67,,1,22,121.5518504,25.0380894
113,7,28,10,30,2,04大安區,大安區仁愛路4段與安和路1段口口,0,0,4,4,H02,8,6,5,50,4,1,1,5,4,5,13,2,1,1,4,5,2,16,2,8,2,9,3,5,7,21,8,20,10,16,,67,,1,22,121.5518504,25.0380894
113,7,28,10,46,2,05中正區,中正區重慶南路1段與漢口街1段口,0,0,2,1,C03,8,6,5,50,4,1,1,5,4,5,13,1,1,10,5,5,2,17,1,27,2,9,6,1,7,5,1,10,1,14,,44,,1,22,121.5132812,25.0451648
113,7,28,10,46,2,05中正區,中正區重慶南路1段與漢口街1段口,0,0,2,2,C03,8,6,5,50,4,1,1,5,4,5,13,1,1,10,5,5,2,17,1,46,2,7,6,1,7,9,1,10,1,12,,44,,1,22,121.5132812,25.0451648
113,7,28,11,15,2,03中山區,中山區民權東路2段135巷33號前,0,0,2,1,C03,8,7,5,50,14,9,1,5,4,5,13,4,4,9,4,5,2,17,1,28,2,9,3,4,7,9,1,10,1,11,,44,,1,21,121.5350131,25.0644487
113,7,28,11,15,2,03中山區,中山區民權東路2段135巷33號前,0,0,2,2,C03,8,7,5,50,14,9,1,5,4,5,13,4,4,9,4,5,2,17,1,59,2,9,3,4,7,11,1,10,1,11,,44,,1,21,121.5350131,25.0644487
113,7,28,11,44,2,04大安區,大安區信義路3段174-1號,0,0,1,1,C03,8,6,5,0,14,20,4,5,4,5,13,4,4,10,5,5,2,17,1,42,3,10,3,4,7,15,1,10,1,17,,88,,1,21,121.542303,25.0332324
113,7,28,11,44,2,04大安區,大安區信義路3段174-1號,0,0,1,2,F01,8,6,5,0,14,20,4,5,4,5,13,4,4,10,5,5,2,17,1,21,2,9,4,4,7,9,8,20,1,17,,44,,1,21,121.542303,25.0332324
113,7,28,11,50,2,09北投區,北投區竹子湖路與中興路口,0,0,1,1,B03,8,5,5,40,3,1,1,5,4,5,13,4,4,5,4,5,1,16,1,51,3,10,3,4,7,6,1,8,1,5,,9,,1,21,121.5447374,25.1632784
113,7,28,11,50,2,09北投區,北投區竹子湖路與中興路口,0,0,1,2,C02,8,5,5,40,3,1,1,5,4,5,13,4,4,5,4,5,1,16,1,60,2,9,3,4,7,9,1,9,1,14,,44,,1,21,121.5447374,25.1632784
113,7,28,12,30,2,03中山區,中山區中山北路2段59巷29弄與林森北路口,0,0,1,1,B03,8,7,5,30,3,2,1,5,4,5,13,4,4,9,5,5,2,17,1,34,3,10,7,1,7,6,1,8,1,7,,72,,1,21,121.525429,25.05538246
113,7,28,12,30,2,03中山區,中山區中山北路2段59巷29弄與林森北路口,0,0,1,2,C03,8,7,5,30,3,2,1,5,4,5,13,4,4,9,5,5,2,17,2,30,2,7,6,1,7,9,1,10,1,11,,16,,1,21,121.525429,25.05538246
113,7,28,12,30,2,03中山區,中山區中山北路2段59巷29弄與林森北路口,0,0,1,3,B11,8,7,5,30,3,2,1,5,4,5,13,4,4,9,5,5,2,17,1,47,3,10,7,1,7,13,1,3,1,17,,38,,1,21,121.525429,25.05538246
113,7,28,12,52,2,03中山區,中山區植福路與敬業二路口,0,0,1,1,B03,8,6,5,50,4,2,1,5,4,5,13,1,1,5,5,5,2,12,1,46,3,10,7,1,7,1,1,8,1,8,,19,,1,21,121.5544047,25.08400178
113,7,28,12,52,2,03中山區,中山區植福路與敬業二路口,0,0,1,2,C03,8,6,5,50,4,2,1,5,4,5,13,1,1,5,5,5,2,12,1,45,2,9,5,1,7,9,1,10,1,12,,44,,1,21,121.5544047,25.08400178
113,7,28,13,10,2,05中正區,中正區中山北路1段34巷5號旁,0,0,1,1,C03,8,5,5,30,14,9,4,5,4,5,13,4,4,10,5,5,1,29,2,25,2,8,5,1,7,9,1,10,9,17,,17,,1,21,121.5195716,25.0469576
113,7,28,13,10,2,05中正區,中正區中山北路1段34巷5號旁,0,0,1,2,C03,8,5,5,30,14,9,4,5,4,5,13,4,4,10,5,5,1,29,3,0,,,,,,,,,11,,,67,,1,,121.5195716,25.0469576
113,7,28,13,57,2,04大安區,大安區建國南路1段165號,0,0,2,1,B03,8,6,5,50,14,9,1,5,4,5,13,2,1,9,4,5,1,17,1,35,3,10,3,4,7,14,1,8,1,2,,40,,1,21,121.537734,25.0409147
113,7,28,13,57,2,04大安區,大安區建國南路1段165號,0,0,2,3,H02,8,6,5,50,14,9,1,5,4,5,13,2,1,9,4,5,1,17,2,35,3,10,4,5,7,20,8,20,10,16,,126,,1,21,121.537734,25.0409147
113,7,28,13,57,2,04大安區,大安區建國南路1段165號,0,0,2,2,C03,8,6,5,50,14,9,1,5,4,5,13,2,1,9,4,5,1,17,1,44,2,8,5,1,7,9,1,10,1,14,,32,,1,21,121.537734,25.0409147
113,7,28,13,57,2,04大安區,大安區建國南路1段165號,0,0,2,4,H02,8,6,5,50,14,9,1,5,4,5,13,2,1,9,4,5,1,17,1,6,2,8,5,5,7,20,8,20,10,16,,67,,1,21,121.537734,25.0409147
113,7,28,14,22,2,10文山區,文山區興隆路1段與興隆路1段251巷口,0,0,1,1,B03,8,6,5,50,3,1,1,5,4,5,13,2,1,1,4,5,2,16,1,39,3,10,7,1,7,5,1,8,2,2,,71,,1,21,121.5440652,24.9994601
113,7,28,14,22,2,10文山區,文山區興隆路1段與興隆路1段251巷口,0,0,1,2,C03,8,6,5,50,3,1,1,5,4,5,13,2,1,1,4,5,2,16,1,31,2,8,6,1,7,9,1,9,2,11,,44,,1,21,121.5440652,24.9994601
113,7,28,14,25,2,08士林區,士林區通河街2巷與通河街2巷26弄口,0,0,2,1,C03,8,6,5,30,3,2,1,5,4,5,10,4,4,5,5,5,2,17,1,41,2,9,6,1,7,5,1,10,1,11,,80,,1,22,121.5230297,25.0788504
113,7,28,14,25,2,08士林區,士林區通河街2巷與通河街2巷26弄口,0,0,2,2,C03,8,6,5,30,3,2,1,5,4,5,10,4,4,5,5,5,2,17,1,19,2,9,6,1,7,6,1,10,1,11,,44,,1,22,121.5230297,25.0788504
113,7,28,14,25,2,08士林區,士林區通河街2巷與通河街2巷26弄口,0,0,2,3,B03,8,6,5,30,3,2,1,5,4,5,10,4,4,5,5,5,2,17,1,60,3,10,3,4,7,13,1,8,9,17,,38,,1,22,121.5230297,25.0788504
113,7,28,14,35,2,08士林區,士林區仰德大道2段70巷,0,0,1,1,B03,8,6,5,40,14,9,1,5,4,5,13,4,4,5,4,5,1,16,1,26,3,10,3,4,7,6,1,8,2,5,,80,,1,22,121.5450692,25.10633942
113,7,28,14,35,2,08士林區,士林區仰德大道2段70巷,0,0,1,2,C03,8,6,5,40,14,9,1,5,4,5,13,4,4,5,4,5,1,16,1,43,2,9,3,4,7,9,1,10,2,14,,108,,1,22,121.5450692,25.10633942
113,7,28,14,40,2,08士林區,士林區承德路4段與福港街口,0,0,1,1,B03,8,7,5,50,4,1,1,5,4,5,13,2,1,1,4,4,1,17,2,35,3,10,7,1,7,5,1,8,2,2,,44,,1,21,121.518417,25.08997211
113,7,28,14,40,2,08士林區,士林區承德路4段與福港街口,0,0,1,2,C03,8,7,5,50,4,1,1,5,4,5,13,2,1,1,4,4,1,17,1,22,2,9,5,1,7,9,1,10,2,11,,44,,1,21,121.518417,25.08997211
113,7,28,14,48,2,02萬華區,萬華區中華路2段420號,0,0,2,1,B01,7,7,5,50,14,12,1,5,4,5,13,4,4,8,3,4,2,12,1,61,3,10,7,1,7,11,1,4,1,5,,103,,1,21,121.5061204,25.0277126
113,7,28,14,48,2,02萬華區,萬華區中華路2段420號,0,0,2,2,C03,7,7,5,50,14,12,1,5,4,5,13,4,4,8,3,4,2,12,1,35,2,9,5,1,7,9,1,10,1,14,,44,,1,21,121.5061204,25.0277126
113,7,28,14,48,2,02萬華區,萬華區中華路2段420號,0,0,2,3,H02,7,7,5,50,14,12,1,5,4,5,13,4,4,8,3,4,2,12,2,24,2,9,5,5,7,17,8,20,10,16,,67,,1,21,121.5061204,25.0277126
113,7,28,15,9,2,01大同區,大同區民權西路與安西街口,0,0,2,1,C03,8,6,5,30,4,2,1,5,4,5,13,4,4,10,5,5,2,17,2,32,2,9,3,4,7,9,1,10,2,12,,14,,1,21,121.509875,25.062991
113,7,28,15,9,2,01大同區,大同區民權西路與安西街口,0,0,2,2,C03,8,6,5,30,4,2,1,5,4,5,13,4,4,10,5,5,2,17,1,29,2,9,3,4,7,9,1,10,2,11,,14,,1,21,121.509875,25.062991
113,7,28,15,34,2,02萬華區,萬華區堤外便道與水源快速道路口匝道口,0,0,1,1,C03,8,7,5,50,3,1,1,5,4,5,13,4,4,9,5,5,2,17,2,34,2,8,5,1,7,12,1,10,1,14,,108,,1,21,121.498254,25.016184
113,7,28,15,34,2,02萬華區,萬華區堤外便道與水源快速道路口匝道口,0,0,1,2,C03,8,7,5,50,3,1,1,5,4,5,13,4,4,9,5,5,2,17,1,50,3,10,5,1,7,14,1,10,1,13,,44,,1,21,121.498254,25.016184
113,7,28,16,10,2,02萬華區,萬華區萬大路與萬大路322巷口,0,0,1,1,F01,8,6,5,30,4,2,1,5,4,5,13,2,1,1,4,5,2,12,1,67,2,9,4,1,7,15,8,20,1,13,,42,,1,22,121.5002192,25.02443757
113,7,28,16,10,2,02萬華區,萬華區萬大路與萬大路322巷口,0,0,1,2,B03,8,6,5,30,4,2,1,5,4,5,13,2,1,1,4,5,2,12,1,73,3,10,7,1,7,9,1,8,1,1,,107,,1,21,121.5002192,25.02443757
113,7,28,16,12,2,10文山區,文山區政大一街與政大三街口,0,0,1,1,C03,8,6,5,30,3,1,2,5,4,5,13,4,4,5,5,5,2,16,1,81,2,9,6,1,7,6,1,10,1,14,,44,,1,21,121.5821909,24.9853745
113,7,28,16,12,2,10文山區,文山區政大一街與政大三街口,0,0,1,2,B01,8,6,5,30,3,1,2,5,4,5,13,4,4,5,5,5,2,16,1,53,3,10,7,1,7,9,1,4,1,2,,44,,1,21,121.5821909,24.9853745
113,7,28,16,20,2,03中山區,中山區長安東路2段與伊通街口,0,0,1,1,B03,8,7,5,0,4,2,1,5,4,5,13,1,1,9,4,5,2,12,1,32,4,11,3,4,7,8,7,19,9,2,,44,,2,21,121.5349343,25.0484728
113,7,28,16,20,2,03中山區,中山區長安東路2段與伊通街口,0,0,1,2,C03,8,7,5,0,4,2,1,5,4,5,13,1,1,9,4,5,2,12,1,30,2,7,5,1,7,9,1,10,1,14,,44,,1,21,121.5349343,25.0484728
113,7,28,17,0,2,01大同區,大同區通河西街堤外便道往西P11處,0,0,3,1,C03,8,7,5,30,14,9,1,5,4,5,13,4,4,9,4,5,2,11,2,45,2,9,5,1,7,9,1,10,1,14,,17,,1,21,121.5197918,25.0768399
113,7,28,17,0,2,01大同區,大同區通河西街堤外便道往西P11處,0,0,3,2,C03,8,7,5,30,14,9,1,5,4,5,13,4,4,9,4,5,2,11,1,47,2,9,5,1,7,9,1,10,1,14,,17,,1,21,121.5197918,25.0768399
113,7,28,17,0,2,01大同區,大同區通河西街堤外便道往西P11處,0,0,3,3,H02,8,7,5,30,14,9,1,5,4,5,13,4,4,9,4,5,2,11,2,40,2,9,5,5,7,20,8,20,10,16,,67,,1,21,121.5197918,25.0768399
113,7,28,17,1,2,02萬華區,萬華區漢口街2段80號,0,0,2,1,B01,8,6,5,50,14,9,1,5,4,5,13,4,4,10,4,5,2,17,1,57,4,11,3,4,7,1,7,,11,17,,19,,2,22,121.5054797,25.0458968
113,7,28,17,1,2,02萬華區,萬華區漢口街2段80號,0,0,2,2,C03,8,6,5,50,14,9,1,5,4,5,13,4,4,10,4,5,2,17,1,27,2,9,6,1,7,9,1,10,1,17,,44,,1,22,121.5054797,25.0458968