發生年度,發生月,發生日,發生時-Hours,發生分,處理別-編號,區序,肇事地點,死亡人數,2-30日死亡人數,受傷人數,當事人序號,車種,天候,道路照明設備,道路類別,速限-速度限制,道路型態,事故位置,路面狀況1,路面狀況2,路面狀況3,道路障礙1,道路障礙2,號誌1,號誌2,車道劃分-分向,車道劃分-分道1,車道劃分-分道2,車道劃分-分道3,事故類型及型態,性別,年齡,受傷程度,主要傷處,保護裝置,行動電話,車輛用途,當事者行動狀態,駕駛資格情形,駕駛執照種類,飲酒情形,車輛撞擊部位1,車輛撞擊部位2,肇因碼-個別,肇因碼-主要,個人肇逃否,職業,座標-X,座標-Y
113,7,28,17,1,2,02萬華區,萬華區漢口街2段80號,0,0,2,3,H02,8,6,5,50,14,9,1,5,4,5,13,4,4,10,4,5,2,17,2,22,2,9,6,5,7,20,8,20,10,17,,67,,1,22,121.5054797,25.0458968
113,7,28,17,8,2,12內湖區,內湖區舊宗路1段30巷13號,0,0,1,1,B03,8,6,5,50,14,9,1,5,4,5,13,4,4,9,5,5,2,17,1,44,3,10,7,1,7,1,1,8,1,8,,19,,1,21,121.5787275,25.05995137
113,7,28,17,8,2,12內湖區,內湖區舊宗路1段30巷13號,0,0,1,2,C03,8,6,5,50,14,9,1,5,4,5,13,4,4,9,5,5,2,17,1,48,2,9,6,1,7,9,3,18,1,11,,108,,1,21,121.5787275,25.05995137
113,7,28,19,7,2,01大同區,大同區台北橋機慢車道(東往西),0,0,4,1,C03,8,6,5,50,14,11,1,5,4,5,13,4,4,9,5,5,2,12,1,62,2,9,6,4,7,9,1,10,1,14,,17,,1,21,121.5084631,25.0635494
113,7,28,19,7,2,01大同區,大同區台北橋機慢車道(東往西),0,0,4,2,C03,8,6,5,50,14,11,1,5,4,5,13,4,4,9,5,5,2,12,1,61,2,9,6,4,7,9,1,10,1,12,,16,,1,21,121.5084631,25.0635494
113,7,28,19,7,2,01大同區,大同區台北橋機慢車道(東往西),0,0,4,3,H02,8,6,5,50,14,11,1,5,4,5,13,4,4,9,5,5,2,12,2,61,2,9,6,5,7,20,8,20,10,16,,67,,1,22,121.5084631,25.0635494
113,7,28,19,7,2,01大同區,大同區台北橋機慢車道(東往西),0,0,4,4,H02,8,6,5,50,14,11,1,5,4,5,13,4,4,9,5,5,2,12,1,16,2,9,6,5,7,20,8,20,10,16,,67,,1,22,121.5084631,25.0635494
113,7,28,19,30,2,03中山區,中山區中山北路2段77巷與中山北路2段口口,0,0,2,1,C03,7,5,5,30,3,1,1,5,4,5,13,4,4,10,5,5,2,15,1,24,2,5,6,1,7,9,1,10,9,12,,99,,1,22,121.5230091,25.057487
113,7,28,19,30,2,03中山區,中山區中山北路2段77巷與中山北路2段口口,0,0,2,2,F01,7,5,5,30,3,1,1,5,4,5,13,4,4,10,5,5,2,15,1,59,2,6,4,1,7,11,8,20,9,11,,11,,1,22,121.5230091,25.057487
113,7,28,21,43,2,10文山區,文山區三福街與景華街3巷口,0,0,1,1,C03,7,5,5,30,5,1,1,5,4,5,13,4,4,10,5,5,2,15,1,45,2,9,6,1,7,9,1,10,1,11,,72,,1,21,121.5414452,24.9959376
113,7,28,21,43,2,10文山區,文山區三福街與景華街3巷口,0,0,1,2,C03,7,5,5,30,5,1,1,5,4,5,13,4,4,10,5,5,2,15,1,38,3,10,6,1,7,9,1,10,1,12,,44,,1,21,121.5414452,24.9959376
113,7,28,22,11,2,02萬華區,萬華區雙和街與西藏路125巷口,0,0,1,1,C03,8,5,5,30,4,1,1,5,4,5,13,2,1,5,5,5,2,16,1,21,2,8,6,1,7,11,1,10,1,11,,10,,1,21,121.5026969,25.02796906
113,7,28,22,11,2,02萬華區,萬華區雙和街與西藏路125巷口,0,0,1,2,C03,8,5,5,30,4,1,1,5,4,5,13,2,1,5,5,5,2,16,1,33,3,10,6,1,7,9,1,10,1,11,,44,,1,21,121.5026969,25.02796906
113,7,28,23,1,2,12內湖區,內湖區南京東路6段與堤頂大道1段口,0,0,1,1,C03,8,6,5,40,5,1,1,5,4,5,13,2,1,1,4,5,2,17,1,24,2,9,5,1,7,5,1,9,1,14,,83,,1,21,121.5774443,25.05488627
113,7,28,23,1,2,12內湖區,內湖區南京東路6段與堤頂大道1段口,0,0,1,2,B01,8,6,5,40,5,1,1,5,4,5,13,2,1,1,4,5,2,17,1,49,3,10,7,1,7,9,1,4,2,1,,44,,1,21,121.5774443,25.05488627
113,7,28,23,15,2,12內湖區,內湖區潭美街南湖右岸河濱公園長壽抽水站,0,0,1,1,F01,8,5,8,0,11,23,1,5,4,5,13,4,4,10,5,5,2,19,1,65,2,1,4,1,7,9,8,20,9,11,,107,,1,21,121.5961643,25.060578
113,7,28,23,15,2,12內湖區,內湖區潭美街南湖右岸河濱公園長壽抽水站,0,0,1,2,,8,5,8,0,11,23,1,5,4,5,13,4,4,10,5,5,2,19,3,0,,,,,,,,,,,,67,,1,,121.5961643,25.060578
113,7,28,23,55,2,09北投區,北投區中央北路4段與中央北路4段583巷口,0,0,1,1,C04,7,5,5,50,4,1,1,5,4,5,13,1,1,10,5,5,2,16,1,38,2,7,5,1,7,5,1,10,2,11,,8,,1,21,121.4655406,25.1260567
113,7,28,23,55,2,09北投區,北投區中央北路4段與中央北路4段583巷口,0,0,1,2,B03,7,5,5,50,4,1,1,5,4,5,13,1,1,10,5,5,2,16,1,22,3,10,7,1,7,9,1,8,2,4,,13,,1,21,121.4655406,25.1260567
113,7,29,0,48,2,01大同區,大同區承德路1段與南京西路口,0,0,1,1,B03,8,5,5,50,5,1,1,5,4,5,13,2,1,1,4,5,2,21,1,29,2,9,7,1,7,15,5,18,2,8,,42,,1,21,121.5175903,25.0530458
113,7,29,0,48,2,01大同區,大同區承德路1段與南京西路口,0,0,1,2,,8,5,5,50,5,1,1,5,4,5,13,2,1,1,4,5,2,21,3,0,,,,,,,,,,,,67,,1,,121.5175903,25.0530458
113,7,29,7,25,2,02萬華區,萬華區光復橋往新北市003206燈桿,0,0,1,1,C03,8,6,5,50,8,9,1,5,4,5,13,4,4,3,4,5,1,17,2,49,3,10,3,4,7,13,1,10,1,15,,39,,1,21,121.491204,25.0248421
113,7,29,7,25,2,02萬華區,萬華區光復橋往新北市003206燈桿,0,0,1,2,C03,8,6,5,50,8,9,1,5,4,5,13,4,4,3,4,5,1,17,1,71,2,9,3,4,7,10,1,10,1,12,,108,,1,21,121.491204,25.0248421
113,7,29,7,25,2,07信義區,信義區一號道路與松壽路口,0,0,1,1,B01,8,6,5,50,5,2,1,5,4,5,13,1,1,10,4,5,1,17,1,53,3,10,7,1,7,5,1,4,1,5,,8,,1,22,121.5620031,25.0359947
113,7,29,7,25,2,07信義區,信義區一號道路與松壽路口,0,0,1,2,C03,8,6,5,50,5,2,1,5,4,5,13,1,1,10,4,5,1,17,1,40,2,9,6,1,7,5,1,10,1,14,,8,,1,22,121.5620031,25.0359947
113,7,29,7,35,2,09北投區,北投區大度路3段270巷,0,0,1,1,F01,8,5,6,30,14,9,1,5,4,5,13,4,4,7,5,5,2,12,2,58,2,9,3,4,7,8,8,20,1,14,,100,,1,21,121.4670801,25.1237884
113,7,29,7,35,2,09北投區,北投區大度路3段270巷,0,0,1,2,C03,8,5,6,30,14,9,1,5,4,5,13,4,4,7,5,5,2,12,1,41,3,10,3,4,7,9,1,10,1,12,,44,,1,21,121.4670801,25.1237884
113,7,29,7,37,2,06松山區,松山區南京東路3段與敦化北路口,0,0,1,1,F01,8,6,5,50,4,1,1,5,4,5,13,2,1,1,4,1,2,13,1,17,2,9,4,1,7,9,8,20,1,11,,108,,1,21,121.548964,25.0518436
113,7,29,7,37,2,06松山區,松山區南京東路3段與敦化北路口,0,0,1,2,B03,8,6,5,50,4,1,1,5,4,5,13,2,1,1,4,1,2,13,1,53,3,10,7,1,7,14,1,8,1,3,,44,,1,21,121.548964,25.0518436
113,7,29,7,40,2,03中山區,中山區北安路與明水路口,0,0,1,1,B02,8,5,5,50,3,1,1,5,4,5,13,1,1,1,4,5,2,16,2,41,3,10,7,1,7,5,1,8,1,4,,8,,1,21,121.5390199,25.07774431
113,7,29,7,40,2,03中山區,中山區北安路與明水路口,0,0,1,2,C03,8,5,5,50,3,1,1,5,4,5,13,1,1,1,4,5,2,16,1,23,2,9,6,1,7,9,1,10,1,12,,13,,1,21,121.5390199,25.07774431
113,7,29,7,40,2,11南港區,南港區市民大道8段500號附近側附近,0,0,1,1,C03,8,7,6,50,14,9,1,5,4,5,13,1,1,1,4,5,2,13,1,18,2,8,3,4,7,9,1,10,1,11,,108,,1,21,121.6120986,25.0538834
113,7,29,7,40,2,11南港區,南港區市民大道8段500號附近側附近,0,0,1,2,C03,8,7,6,50,14,9,1,5,4,5,13,1,1,1,4,5,2,13,1,57,3,10,3,4,7,9,1,10,1,13,,44,,1,21,121.6120986,25.0538834
113,7,29,7,41,2,10文山區,文山區木柵路2段92號,0,0,1,1,B03,8,6,5,50,14,9,1,5,4,5,13,4,4,5,4,5,2,21,1,65,2,1,3,4,7,6,1,8,2,5,,44,,1,22,121.5604176,24.9886732
113,7,29,7,41,2,10文山區,文山區木柵路2段92號,0,0,1,2,,8,6,5,50,14,9,1,5,4,5,13,4,4,5,4,5,2,21,3,0,,,,,,,,,,,,67,,1,,121.5604176,24.9886732
113,7,29,7,44,2,04大安區,大安區基隆路3段75號前,0,0,1,1,C03,8,7,5,50,14,9,1,5,4,5,13,4,4,8,3,5,1,12,1,27,2,9,5,1,7,9,1,9,1,14,,118,,1,26,121.5447764,25.0174904
113,7,29,7,44,2,04大安區,大安區基隆路3段75號前,0,0,1,2,C03,8,7,5,50,14,9,1,5,4,5,13,4,4,8,3,5,1,12,2,29,3,10,5,1,7,9,1,10,1,12,,118,,1,26,121.5447764,25.0174904
113,7,29,7,56,2,03中山區,中山區北安路與明水路口,0,0,1,1,C03,8,6,5,50,14,9,1,5,4,5,13,4,4,1,5,5,1,12,2,20,2,8,3,4,7,7,1,10,1,14,,101,,1,21,121.5518316,25.08586205
113,7,29,7,56,2,03中山區,中山區北安路與明水路口,0,0,1,2,B03,8,6,5,50,14,9,1,5,4,5,13,4,4,1,5,5,1,12,1,47,3,10,3,4,7,9,1,8,1,2,,44,,1,21,121.5518316,25.08586205
113,7,29,8,1,2,05中正區,中正區汀州路1段與寧波西街口,0,0,1,1,C03,8,6,5,50,4,1,2,5,4,5,13,1,1,5,4,5,2,17,2,62,3,10,5,1,7,5,1,10,1,11,,44,,1,21,121.5109191,25.0271044
113,7,29,8,1,2,05中正區,中正區汀州路1段與寧波西街口,0,0,1,2,C03,8,6,5,50,4,1,2,5,4,5,13,1,1,5,4,5,2,17,2,49,2,7,5,1,7,9,1,10,1,14,,81,,1,21,121.5109191,25.0271044
113,7,29,8,3,2,06松山區,松山區南京東路5段162號,0,0,1,1,F02,8,7,5,0,14,20,1,5,4,5,13,4,4,10,5,5,2,9,2,64,3,10,4,1,7,9,8,20,2,14,,42,,1,21,121.5630678,25.051321
113,7,29,8,3,2,06松山區,松山區南京東路5段162號,0,0,1,2,H01,8,7,5,0,14,20,1,5,4,5,13,4,4,10,5,5,2,9,1,54,2,8,4,5,8,16,8,20,10,16,,67,,1,21,121.5630678,25.051321
113,7,29,8,10,2,03中山區,中山區建國高架道往北下長安東,0,0,2,1,C03,8,7,5,40,14,11,1,5,4,5,13,4,4,3,5,5,2,13,1,44,3,10,5,1,7,9,1,10,1,11,,16,,1,21,121.5369021,25.047609
113,7,29,8,10,2,03中山區,中山區建國高架道往北下長安東,0,0,2,2,C03,8,7,5,40,14,11,1,5,4,5,13,4,4,3,5,5,2,13,1,40,2,9,5,1,7,9,1,10,1,11,,16,,1,21,121.5369021,25.047609
113,7,29,8,10,2,03中山區,中山區建國高架道往北下長安東,0,0,2,3,C03,8,7,5,40,14,11,1,5,4,5,13,4,4,3,5,5,2,13,1,65,2,7,5,1,7,12,1,10,1,13,,44,,1,21,121.5369021,25.047609
113,7,29,8,10,2,03中山區,中山區建國高架道往北下長安東,0,0,2,4,,8,7,5,40,14,11,1,5,4,5,13,4,4,3,5,5,2,13,3,0,,,,,,,,,,,,60,,1,,121.5369021,25.047609
113,7,29,8,22,2,10文山區,文山區木柵路4段與木柵路4段159巷口,0,0,1,1,B03,8,5,5,50,3,2,1,5,4,5,13,2,1,5,4,5,2,16,1,43,3,10,7,1,7,6,1,8,1,2,,42,,1,21,121.5756698,24.9998421
113,7,29,8,22,2,10文山區,文山區木柵路4段與木柵路4段159巷口,0,0,1,2,C03,8,5,5,50,3,2,1,5,4,5,13,2,1,5,4,5,2,16,1,19,2,8,6,1,7,9,1,10,1,11,,44,,1,25,121.5756698,24.9998421
113,7,29,8,24,2,07信義區,信義區永吉路150巷與永吉路120巷27弄口,0,0,1,1,B03,8,6,5,30,4,1,1,5,4,5,13,4,4,10,5,5,2,17,1,44,3,10,7,1,7,5,1,8,1,5,,74,,1,22,121.5711026,25.04477305
113,7,29,8,24,2,07信義區,信義區永吉路150巷與永吉路120巷27弄口,0,0,1,2,C03,8,6,5,30,4,1,1,5,4,5,13,4,4,10,5,5,2,17,2,25,2,9,5,1,7,9,1,10,1,11,,108,,1,22,121.5711026,25.04477305
113,7,29,8,34,2,12內湖區,內湖區南京東路6段與堤頂大道1段口,0,0,2,1,C03,8,6,5,50,4,1,1,5,4,5,13,1,1,3,4,5,1,17,1,27,2,9,6,1,7,5,1,10,1,14,,8,,1,22,121.5763116,25.05468109
113,7,29,8,34,2,12內湖區,內湖區南京東路6段與堤頂大道1段口,0,0,2,2,C03,8,6,5,50,4,1,1,5,4,5,13,1,1,3,4,5,1,17,1,28,2,9,6,1,7,9,1,10,1,12,,44,,1,22,121.5763116,25.05468109
113,7,29,8,40,2,02萬華區,萬華區莒光路與興寧街66巷口,0,0,1,1,C03,8,6,5,50,3,2,1,5,4,5,13,4,4,3,4,5,1,17,1,63,3,10,3,4,7,2,1,10,1,13,,42,,1,22,121.5001483,25.0313071
113,7,29,8,40,2,02萬華區,萬華區莒光路與興寧街66巷口,0,0,1,2,C03,8,6,5,50,3,2,1,5,4,5,13,4,4,3,4,5,1,17,1,59,2,9,3,4,7,9,1,10,1,12,,108,,1,22,121.5001483,25.0313071
113,7,29,8,42,2,05中正區,中正區南海路與牯嶺街口,0,0,1,1,C03,8,6,5,30,4,2,1,5,4,5,13,1,1,10,4,5,2,13,2,31,2,9,5,1,7,9,1,10,2,11,,108,,1,21,121.5152357,25.0320797
113,7,29,8,42,2,05中正區,中正區南海路與牯嶺街口,0,0,1,2,B03,8,6,5,30,4,2,1,5,4,5,13,1,1,10,4,5,2,13,1,32,3,10,7,1,7,14,1,8,2,6,,44,,1,21,121.5152357,25.0320797
113,7,29,8,43,2,04大安區,大安區和平東路2段與復興南路2段口,0,0,1,1,C03,8,6,5,50,4,1,1,5,4,5,13,2,1,1,4,5,2,15,1,53,2,7,6,1,7,9,1,9,1,11,,81,,1,21,121.5435141,25.0249375
113,7,29,8,43,2,04大安區,大安區和平東路2段與復興南路2段口,0,0,1,2,C03,8,6,5,50,4,1,1,5,4,5,13,2,1,1,4,5,2,15,2,26,3,10,6,1,7,9,1,10,1,13,,44,,1,21,121.5435141,25.0249375
113,7,29,9,1,2,01大同區,大同區鄭州路145號,0,0,2,1,F01,8,6,5,0,14,20,1,5,4,5,13,4,4,10,5,5,2,9,1,40,2,9,4,4,7,9,8,20,1,11,,44,,1,21,121.5098793,25.0505153
113,7,29,9,1,2,01大同區,大同區鄭州路145號,0,0,2,2,H01,8,6,5,0,14,20,1,5,4,5,13,4,4,10,5,5,2,9,1,75,2,9,4,5,8,16,8,20,10,16,,67,,1,21,121.5098793,25.0505153
113,7,29,9,6,2,03中山區,中山區龍江路249巷與龍江路口,0,0,1,1,C03,8,7,5,50,4,1,1,5,4,5,13,4,4,9,4,5,2,12,1,64,2,9,5,1,7,9,1,10,1,12,,107,,1,21,121.540704,25.0587893
113,7,29,9,6,2,03中山區,中山區龍江路249巷與龍江路口,0,0,1,2,B01,8,7,5,50,4,1,1,5,4,5,13,4,4,9,4,5,2,12,1,64,3,10,7,1,7,11,1,4,1,15,,8,,1,21,121.540704,25.0587893
113,7,29,9,11,2,04大安區,大安區信義路4段與信義路4段378巷口,0,0,1,1,C03,8,7,5,30,3,1,1,5,4,5,13,4,4,10,4,5,2,17,1,63,2,8,6,1,7,15,1,10,1,13,,19,,1,21,121.5557904,25.0329681
113,7,29,9,11,2,04大安區,大安區信義路4段與信義路4段378巷口,0,0,1,2,B03,8,7,5,30,3,1,1,5,4,5,13,4,4,10,4,5,2,17,1,46,3,10,7,1,7,6,1,8,1,5,,13,,1,21,121.5557904,25.0329681
113,7,29,9,46,2,12內湖區,內湖區成功路2段115巷與成功路2段口,0,0,1,1,B01,8,6,5,50,5,1,1,5,4,5,13,2,1,9,4,4,2,16,1,62,3,10,7,1,7,6,1,4,2,6,,101,,1,21,121.590987,25.0651747
113,7,29,9,46,2,12內湖區,內湖區成功路2段115巷與成功路2段口,0,0,1,2,C03,8,6,5,50,5,1,1,5,4,5,13,2,1,9,4,4,2,16,1,27,2,1,6,1,7,9,1,10,2,11,,78,,1,21,121.590987,25.0651747
113,7,29,9,56,2,04大安區,大安區信義路3段134巷20號與信義路3段134巷口,0,0,1,1,B03,8,7,5,30,3,2,1,5,4,5,13,4,4,9,5,5,1,17,1,47,3,10,7,1,7,5,1,8,1,8,,72,,1,26,121.5394269,25.0316504
113,7,29,9,56,2,04大安區,大安區信義路3段134巷20號與信義路3段134巷口,0,0,1,2,C03,8,7,5,30,3,2,1,5,4,5,13,4,4,9,5,5,1,17,1,21,2,8,5,1,7,9,1,10,1,11,,44,,1,25,121.5394269,25.0316504
113,7,29,10,13,2,05中正區,中正區愛國西路與延平南路附近口,0,0,1,1,C03,8,6,5,50,4,2,1,5,4,5,13,4,4,1,4,5,2,13,1,18,2,7,6,1,7,9,1,10,2,11,,44,,1,21,121.5089809,25.0367092
113,7,29,10,13,2,05中正區,中正區愛國西路與延平南路附近口,0,0,1,2,B03,8,6,5,50,4,2,1,5,4,5,13,4,4,1,4,5,2,13,2,34,3,10,7,1,7,9,1,8,2,6,,44,,1,21,121.5089809,25.0367092
113,7,29,10,37,2,06松山區,松山區光復南路17巷與光復南路口,0,0,1,1,B03,8,6,5,30,3,1,1,5,4,5,13,4,4,1,3,5,2,17,1,50,3,10,7,1,7,6,1,8,1,8,,72,,1,21,121.557927,25.04720402
113,7,29,10,37,2,06松山區,松山區光復南路17巷與光復南路口,0,0,1,2,C03,8,6,5,30,3,1,1,5,4,5,13,4,4,1,3,5,2,17,2,29,2,9,6,1,7,9,1,10,1,11,,44,,1,21,121.557927,25.04720402
113,7,29,10,41,2,07信義區,信義區松勤街17號,0,0,1,1,B03,8,6,5,50,14,9,1,5,4,5,13,4,4,9,4,5,2,17,1,42,3,10,7,1,7,6,1,8,1,5,,9,,1,21,121.5618795,25.0320626
113,7,29,10,41,2,07信義區,信義區松勤街17號,0,0,1,2,C03,8,6,5,50,14,9,1,5,4,5,13,4,4,9,4,5,2,17,1,32,2,9,6,1,7,9,1,10,1,14,,44,,1,21,121.5618795,25.0320626
113,7,29,11,17,2,05中正區,中正區貴陽街1段與博愛路口,0,0,1,1,B01,8,6,5,50,4,1,1,5,4,5,13,1,1,5,4,5,2,16,1,66,3,10,7,1,7,5,1,4,2,6,,71,,1,21,121.5111146,25.0388836
113,7,29,11,17,2,05中正區,中正區貴陽街1段與博愛路口,0,0,1,2,C03,8,6,5,50,4,1,1,5,4,5,13,1,1,5,4,5,2,16,1,39,2,7,6,1,7,9,1,10,2,11,,44,,1,21,121.5111146,25.0388836
113,7,29,11,20,2,08士林區,士林區至善路2段55號,0,0,2,1,C03,7,6,5,40,11,9,1,5,4,5,13,1,1,1,4,4,2,13,1,28,2,8,6,1,7,15,1,10,2,11,,108,,1,22,121.5443581,25.097272
113,7,29,11,20,2,08士林區,士林區至善路2段55號,0,0,2,2,C04,7,6,5,40,11,9,1,5,4,5,13,1,1,1,4,4,2,13,2,61,2,9,5,1,7,9,1,11,2,13,,44,,1,22,121.5443581,25.097272
113,7,29,11,32,2,12內湖區,內湖區舊宗路1段150巷與堤頂大道1段口,0,0,1,1,B03,8,5,5,50,3,1,1,5,4,5,13,4,4,1,5,5,2,17,2,64,3,10,7,1,7,6,1,8,1,17,,80,,1,21,121.57311,25.06134251
113,7,29,11,32,2,12內湖區,內湖區舊宗路1段150巷與堤頂大道1段口,0,0,1,2,C03,8,5,5,50,3,1,1,5,4,5,13,4,4,1,5,5,2,17,1,23,2,9,6,1,7,9,1,10,1,17,,42,,1,21,121.57311,25.06134251
113,7,29,11,40,2,06松山區,松山區八德路3段與北寧路口,0,0,2,1,C03,8,7,5,50,4,1,1,5,4,5,13,2,1,9,4,5,2,13,1,63,2,8,6,1,7,9,1,10,1,11,,16,,1,22,121.5526287,25.0482614
113,7,29,11,40,2,06松山區,松山區八德路3段與北寧路口,0,0,2,2,C03,8,7,5,50,4,1,1,5,4,5,13,2,1,9,4,5,2,13,1,26,3,10,6,1,7,12,1,10,1,13,,44,,1,22,121.5526287,25.0482614
113,7,29,11,40,2,06松山區,松山區八德路3段與北寧路口,0,0,2,3,H02,8,7,5,50,4,1,1,5,4,5,13,2,1,9,4,5,2,13,2,63,2,8,6,5,7,20,8,20,10,16,,67,,1,22,121.5526287,25.0482614
113,7,29,11,40,2,06松山區,松山區八德路3段與北寧路口,0,0,2,4,B01,8,7,5,50,4,1,1,5,4,5,13,2,1,9,4,5,2,13,1,67,3,10,7,1,7,7,1,4,1,17,,100,,1,22,121.5526287,25.0482614
113,7,29,11,46,2,04大安區,大安區信義路2段72號,0,0,1,1,C03,8,6,5,50,14,9,1,5,4,5,13,4,4,1,4,5,1,12,1,64,2,8,3,4,7,8,1,10,1,14,,100,,1,21,121.5264454,25.0343502
113,7,29,11,46,2,04大安區,大安區信義路2段72號,0,0,1,2,B01,8,6,5,50,14,9,1,5,4,5,13,4,4,1,4,5,1,12,1,57,3,10,3,4,7,9,1,4,1,2,,44,,1,21,121.5264454,25.0343502
113,7,29,12,9,2,07信義區,信義區松仁路與忠孝東路5段236巷2弄口口,0,0,1,1,B01,8,6,5,50,3,1,1,5,4,5,13,4,4,1,4,5,2,16,1,52,3,10,3,4,7,5,1,4,1,2,,118,,1,26,121.5685921,25.0404887
113,7,29,12,9,2,07信義區,信義區松仁路與忠孝東路5段236巷2弄口口,0,0,1,2,C03,8,6,5,50,3,1,1,5,4,5,13,4,4,1,4,5,2,16,1,36,2,9,6,1,7,9,1,10,1,14,,44,,1,26,121.5685921,25.0404887
113,7,29,12,18,2,02萬華區,萬華區環河南路1段與成都路口,0,0,1,1,C03,8,7,5,50,14,7,1,5,4,5,13,4,4,4,1,5,2,13,2,27,2,9,6,1,7,9,1,10,1,11,,13,,1,22,121.5011045,25.04449832
113,7,29,12,18,2,02萬華區,萬華區環河南路1段與成都路口,0,0,1,2,C03,8,7,5,50,14,7,1,5,4,5,13,4,4,4,1,5,2,13,1,42,3,10,6,1,7,9,1,10,1,13,,14,,1,22,121.5011045,25.04449832
113,7,29,12,51,2,06松山區,松山區敦化北路166號,0,0,2,1,C03,8,5,5,50,14,7,1,5,4,5,13,4,4,9,4,4,2,17,2,18,2,9,6,4,7,9,1,10,1,11,,44,,1,22,121.5487514,25.05574873
113,7,29,12,51,2,06松山區,松山區敦化北路166號,0,0,2,2,C03,8,5,5,50,14,7,1,5,4,5,13,4,4,9,4,4,2,17,1,33,2,8,6,4,7,9,1,10,1,13,,101,,1,22,121.5487514,25.05574873
113,7,29,12,51,2,06松山區,松山區敦化北路166號,0,0,2,3,B03,8,5,5,50,14,7,1,5,4,5,13,4,4,9,4,4,2,17,2,73,3,10,3,4,7,14,1,8,1,6,,44,,1,22,121.5487514,25.05574873
113,7,29,13,25,2,01大同區,大同區台北橋機慢車道往三重,0,0,1,1,C03,8,6,5,50,8,11,1,5,4,5,13,4,4,10,5,5,1,16,1,68,3,10,6,1,7,8,3,18,2,14,,100,,1,21,121.5087077,25.0634994
113,7,29,13,25,2,01大同區,大同區台北橋機慢車道往三重,0,0,1,2,C03,8,6,5,50,8,11,1,5,4,5,13,4,4,10,5,5,1,16,1,32,2,9,6,1,7,9,1,10,2,12,,44,,1,21,121.5087077,25.0634994
113,7,29,13,32,2,09北投區,北投區懷德街56巷與榮華三路41巷口,0,0,1,1,C03,8,5,5,30,4,1,1,5,4,5,13,4,4,10,4,5,1,15,1,39,2,8,5,1,7,9,1,10,2,11,,72,,1,21,121.5204199,25.1127562
113,7,29,13,32,2,09北投區,北投區懷德街56巷與榮華三路41巷口,0,0,1,2,B03,8,5,5,30,4,1,1,5,4,5,13,4,4,10,4,5,1,15,1,24,3,10,7,1,7,9,1,8,2,8,,14,,1,21,121.5204199,25.1127562
113,7,29,13,41,2,09北投區,北投區中央北路1段與大業路口,0,0,2,1,B03,8,6,5,50,4,1,1,5,4,5,13,1,1,4,4,5,2,16,2,33,2,9,7,1,7,5,1,8,2,5,,71,,1,21,121.4971871,25.13607053
113,7,29,13,41,2,09北投區,北投區中央北路1段與大業路口,0,0,2,2,C03,8,6,5,50,4,1,1,5,4,5,13,1,1,4,4,5,2,16,2,42,2,9,6,1,7,9,1,10,2,11,,44,,1,21,121.4971871,25.13607053
113,7,29,13,58,2,07信義區,信義區信義路5段與基隆路1段口口,0,0,1,1,C03,8,6,5,50,4,1,1,5,4,5,13,2,1,1,4,5,2,13,1,41,2,9,5,4,7,8,1,10,1,11,,42,,1,22,121.5597562,25.0331315
113,7,29,13,58,2,07信義區,信義區信義路5段與基隆路1段口口,0,0,1,2,B02,8,6,5,50,4,1,1,5,4,5,13,2,1,1,4,5,2,13,1,35,3,10,3,4,7,6,1,8,1,10,,9,,1,22,121.5597562,25.0331315
113,7,29,14,0,2,03中山區,中山區建國北路1段與長安東路2段口,0,0,1,1,C03,8,6,5,50,4,1,1,5,4,5,13,1,1,1,4,5,2,15,1,24,3,10,5,4,7,9,1,10,1,11,,108,,1,22,121.521914,25.049564
113,7,29,14,0,2,03中山區,中山區建國北路1段與長安東路2段口,0,0,1,2,G06,8,6,5,50,4,1,1,5,4,5,13,1,1,1,4,5,2,15,2,45,2,7,4,4,7,11,8,20,1,15,,11,,1,22,121.521914,25.049564
113,7,29,14,1,2,09北投區,北投區光明路與公館路口,0,0,1,1,C04,7,6,5,50,3,2,1,5,4,5,13,3,1,5,5,5,1,12,2,74,2,9,5,1,7,9,1,11,1,14,,101,,1,21,121.5021276,25.1337877
113,7,29,14,1,2,09北投區,北投區光明路與公館路口,0,0,1,2,B03,7,6,5,50,3,2,1,5,4,5,13,3,1,5,5,5,1,12,1,41,3,10,7,1,7,9,1,8,1,15,,17,,1,21,121.5021276,25.1337877
113,7,29,14,4,2,05中正區,中正區思源街1號,0,0,1,1,C03,7,7,5,50,14,9,1,5,3,5,13,4,4,1,4,5,2,18,1,39,2,9,5,1,7,9,1,10,1,12,,44,,1,22,121.530504,25.0136619
113,7,29,14,4,2,05中正區,中正區思源街1號,0,0,1,2,,7,7,5,50,14,9,1,5,3,5,13,4,4,1,4,5,2,18,3,0,,,,,,,,,,,,67,,1,,121.530504,25.0136619
113,7,29,14,10,2,03中山區,中山區民權東路2段與民權東路2段135巷口,0,0,1,1,B01,8,7,5,50,4,2,1,5,4,5,13,4,4,1,4,5,2,9,1,56,3,10,3,4,7,14,1,4,1,6,,38,,1,21,121.5347232,25.062578
113,7,29,14,10,2,03中山區,中山區民權東路2段與民權東路2段135巷口,0,0,1,2,H02,8,7,5,50,4,2,1,5,4,5,13,4,4,1,4,5,2,9,2,31,3,10,3,5,7,19,8,20,10,16,,126,,1,21,121.5347232,25.062578