發生年度,發生月,發生日,發生時-Hours,發生分,處理別-編號,區序,肇事地點,死亡人數,2-30日死亡人數,受傷人數,當事人序號,車種,天候,道路照明設備,道路類別,速限-速度限制,道路型態,事故位置,路面狀況1,路面狀況2,路面狀況3,道路障礙1,道路障礙2,號誌1,號誌2,車道劃分-分向,車道劃分-分道1,車道劃分-分道2,車道劃分-分道3,事故類型及型態,性別,年齡,受傷程度,主要傷處,保護裝置,行動電話,車輛用途,當事者行動狀態,駕駛資格情形,駕駛執照種類,飲酒情形,車輛撞擊部位1,車輛撞擊部位2,肇因碼-個別,肇因碼-主要,個人肇逃否,職業,座標-X,座標-Y
113,7,29,14,10,2,03中山區,中山區民權東路2段與民權東路2段135巷口,0,0,1,3,C03,8,7,5,50,4,2,1,5,4,5,13,4,4,1,4,5,2,9,2,64,2,9,6,4,7,9,3,18,1,11,,44,,1,21,121.5347232,25.062578
113,7,29,14,25,2,06松山區,松山區八德路4段與塔悠路口,0,0,1,1,C03,8,7,5,50,4,1,1,5,4,5,13,2,1,9,4,5,2,17,1,61,2,9,6,1,7,5,6,10,2,14,,8,,1,22,121.5721555,25.04990582
113,7,29,14,25,2,06松山區,松山區八德路4段與塔悠路口,0,0,1,2,B02,8,7,5,50,4,1,1,5,4,5,13,2,1,9,4,5,2,17,1,25,3,10,7,1,7,9,1,8,2,2,,44,,1,22,121.5721555,25.04990582
113,7,29,14,35,2,05中正區,中正區市民大道2段與金山北路口,0,0,1,1,C03,8,7,5,40,4,1,1,5,4,5,13,1,1,1,2,5,2,12,2,65,2,9,5,1,7,8,1,10,1,12,,95,,1,21,121.5305471,25.0459624
113,7,29,14,35,2,05中正區,中正區市民大道2段與金山北路口,0,0,1,2,B03,8,7,5,40,4,1,1,5,4,5,13,1,1,1,2,5,2,12,1,24,3,10,7,1,7,9,1,8,1,4,,44,,1,21,121.5305471,25.0459624
113,7,29,14,45,2,09北投區,北投區洲美路222-1號,0,0,2,1,C03,8,6,5,50,14,9,1,5,4,5,13,4,4,9,4,5,1,17,2,54,2,9,5,1,7,4,1,10,1,12,,44,,1,21,121.5013934,25.10182879
113,7,29,14,45,2,09北投區,北投區洲美路222-1號,0,0,2,2,B03,8,6,5,50,14,9,1,5,4,5,13,4,4,9,4,5,1,17,1,46,3,10,7,1,7,5,1,8,1,8,,8,,1,21,121.5013934,25.10182879
113,7,29,14,45,2,09北投區,北投區洲美路222-1號,0,0,2,3,H02,8,6,5,50,14,9,1,5,4,5,13,4,4,9,4,5,1,17,2,22,2,9,5,5,7,20,8,20,10,16,,67,,1,21,121.5013934,25.10182879
113,7,29,14,48,2,07信義區,信義區松德路與松德路118巷口,0,0,1,1,C03,8,7,5,30,4,2,1,5,4,5,13,2,1,1,4,5,2,10,1,65,2,9,3,4,7,9,3,18,9,11,,108,,2,21,121.5748125,25.0375048
113,7,29,14,48,2,07信義區,信義區松德路與松德路118巷口,0,0,1,2,B03,8,7,5,30,4,2,1,5,4,5,13,2,1,1,4,5,2,10,1,59,3,10,3,4,7,9,1,8,2,8,,44,,1,21,121.5748125,25.0375048
113,7,29,14,58,2,12內湖區,內湖區大湖街160巷22弄與大湖街158巷口,0,0,1,1,C03,8,6,5,50,3,1,1,5,4,5,13,4,4,10,5,5,2,11,1,44,2,8,5,1,7,1,6,10,1,14,,72,,1,21,121.5997959,25.0819725
113,7,29,14,58,2,12內湖區,內湖區大湖街160巷22弄與大湖街158巷口,0,0,1,2,B11,8,6,5,50,3,1,1,5,4,5,13,4,4,10,5,5,2,11,1,54,3,10,7,1,7,15,1,8,1,8,,80,,1,21,121.5997959,25.0819725
113,7,29,15,7,2,02萬華區,萬華區萬大路277巷與萬大路237巷10弄口,0,0,1,1,C03,8,6,5,30,4,1,1,5,4,5,13,4,4,10,5,5,1,15,2,19,2,8,5,1,7,9,1,10,1,11,,72,,1,21,121.5010818,25.0254181
113,7,29,15,7,2,02萬華區,萬華區萬大路277巷與萬大路237巷10弄口,0,0,1,2,B03,8,6,5,30,4,1,1,5,4,5,13,4,4,10,5,5,1,15,1,64,3,10,7,1,7,9,1,8,1,4,,44,,1,21,121.5010818,25.0254181
113,7,29,15,27,2,12內湖區,內湖區成功橋(南往北向),0,0,1,1,C04,8,5,5,50,8,9,1,5,4,5,13,4,4,1,4,5,2,12,1,30,2,8,5,1,7,9,1,10,1,14,,17,,1,21,121.5929054,25.0577992
113,7,29,15,27,2,12內湖區,內湖區成功橋(南往北向),0,0,1,3,B03,8,5,5,50,8,9,1,5,4,5,13,4,4,1,4,5,2,12,1,39,3,10,7,1,7,9,1,8,1,7,,44,,1,21,121.5929054,25.0577992
113,7,29,15,27,2,12內湖區,內湖區成功橋(南往北向),0,0,1,2,B11,8,5,5,50,8,9,1,5,4,5,13,4,4,1,4,5,2,12,1,45,4,11,3,4,7,9,1,3,11,6,,119,,2,21,121.5929054,25.0577992
113,7,29,15,39,2,07信義區,信義區福德街與福德街84巷口,0,0,1,1,C03,8,6,5,50,3,2,1,5,4,5,13,2,1,1,4,5,2,13,1,29,3,10,5,1,7,9,1,10,1,11,,16,,1,21,121.581505,25.0372467
113,7,29,15,39,2,07信義區,信義區福德街與福德街84巷口,0,0,1,2,B03,8,6,5,50,3,2,1,5,4,5,13,2,1,1,4,5,2,13,1,30,3,10,7,1,7,6,1,8,1,7,,44,,1,21,121.581505,25.0372467
113,7,29,15,39,2,07信義區,信義區福德街與福德街84巷口,0,0,1,3,H02,8,6,5,50,3,2,1,5,4,5,13,2,1,1,4,5,2,13,2,30,2,8,5,5,7,17,8,20,10,16,,67,,1,21,121.581505,25.0372467
113,7,29,16,21,2,12內湖區,內湖區康樂街186巷與康樂街口,0,0,2,1,C03,8,6,5,50,3,2,1,5,4,5,13,4,4,5,5,5,2,16,2,49,2,9,5,1,7,1,1,10,1,14,,19,,1,21,121.6205458,25.0758656
113,7,29,16,21,2,12內湖區,內湖區康樂街186巷與康樂街口,0,0,2,2,C03,8,6,5,50,3,2,1,5,4,5,13,4,4,5,5,5,2,16,1,17,2,9,5,1,7,9,2,18,1,11,,108,,1,21,121.6205458,25.0758656
113,7,29,16,29,2,02萬華區,萬華區青年路48號對面,0,0,1,1,B03,8,7,5,30,14,9,1,5,4,5,13,4,4,9,5,5,2,17,1,45,3,10,7,1,7,13,1,8,1,8,,44,,1,21,121.5039977,25.0252788
113,7,29,16,29,2,02萬華區,萬華區青年路48號對面,0,0,1,2,F01,8,7,5,30,14,9,1,5,4,5,13,4,4,9,5,5,2,17,2,63,2,9,4,1,7,9,8,20,1,12,,44,,1,21,121.5039977,25.0252788
113,7,29,16,29,2,08士林區,士林區通河西街1段與重慶北路4段口,0,0,1,1,B02,8,7,5,40,3,1,1,5,4,5,13,2,1,9,4,5,1,17,1,49,3,10,7,1,7,9,1,8,2,5,,81,,1,21,121.5119194,25.0877193
113,7,29,16,29,2,08士林區,士林區通河西街1段與重慶北路4段口,0,0,1,2,B01,8,7,5,40,3,1,1,5,4,5,13,2,1,9,4,5,1,17,1,61,3,10,7,1,7,5,1,8,2,1,,44,,1,21,121.5119194,25.0877193
113,7,29,16,29,2,08士林區,士林區通河西街1段與重慶北路4段口,0,0,1,3,H02,8,7,5,40,3,1,1,5,4,5,13,2,1,9,4,5,1,17,2,35,2,3,3,5,7,20,8,20,10,17,,67,,1,21,121.5119194,25.0877193
113,7,29,17,10,2,07信義區,信義區嘉興街與嘉興街219巷口口,0,0,2,1,F01,8,7,5,30,3,1,1,5,4,5,13,4,4,10,5,5,2,16,1,40,2,9,4,1,7,5,8,20,2,14,,72,,1,21,121.5562482,25.0258154
113,7,29,17,10,2,07信義區,信義區嘉興街與嘉興街219巷口口,0,0,2,2,C03,8,7,5,30,3,1,1,5,4,5,13,4,4,10,5,5,2,16,1,24,2,8,6,1,7,9,1,10,2,11,,13,,1,21,121.5562482,25.0258154
113,7,29,17,43,2,02萬華區,萬華區東園街73巷70號,0,0,1,1,F01,8,6,5,30,14,9,1,5,4,5,13,4,4,10,5,5,1,17,1,71,3,10,4,1,7,15,8,20,1,14,,101,,1,21,121.4987477,25.02631076
113,7,29,17,43,2,02萬華區,萬華區東園街73巷70號,0,0,1,2,C03,8,6,5,30,14,9,1,5,4,5,13,4,4,10,5,5,1,17,1,43,2,9,5,1,7,12,1,10,1,11,,44,,1,21,121.4987477,25.02631076
113,7,29,17,50,2,12內湖區,內湖區民權東路6段50號附近,0,0,1,1,B02,8,6,5,40,14,9,1,5,4,5,13,4,4,1,3,5,1,17,1,35,3,10,7,1,7,6,1,8,2,2,,9,,1,21,121.5832565,25.0683771
113,7,29,17,50,2,12內湖區,內湖區民權東路6段50號附近,0,0,1,2,C03,8,6,5,40,14,9,1,5,4,5,13,4,4,1,3,5,1,17,1,36,2,9,5,1,7,9,1,10,2,11,,44,,1,21,121.5832565,25.0683771
113,7,29,17,56,2,05中正區,中正區八德路1段56號,0,0,3,1,B01,7,7,5,50,14,9,1,5,4,5,13,4,4,9,4,5,2,16,1,51,2,1,7,1,7,11,1,8,2,4,,10,,1,21,121.5312019,25.04409647
113,7,29,17,56,2,05中正區,中正區八德路1段56號,0,0,3,2,C03,7,7,5,50,14,9,1,5,4,5,13,4,4,9,4,5,2,16,1,44,2,9,5,1,7,9,1,10,2,11,,44,,1,21,121.5312019,25.04409647
113,7,29,17,56,2,05中正區,中正區八德路1段56號,0,0,3,3,H02,7,7,5,50,14,9,1,5,4,5,13,4,4,9,4,5,2,16,2,38,2,9,5,5,7,20,8,20,10,16,,67,,1,21,121.5312019,25.04409647
113,7,29,18,15,2,03中山區,中山區松江路與松江路口往北，長春段至民生東路段,0,0,6,1,C03,8,6,5,50,14,10,1,5,4,5,13,4,4,7,4,5,2,17,1,49,3,10,3,4,7,7,1,10,9,17,,95,,1,21,121.5331184,25.0551204
113,7,29,18,15,2,03中山區,中山區松江路與松江路口往北，長春段至民生東路段,0,0,6,2,A02,8,6,5,50,14,10,1,5,4,5,13,4,4,7,4,5,2,17,1,44,3,10,7,1,7,9,1,1,2,17,,44,,1,21,121.5331184,25.0551204
113,7,29,18,15,2,03中山區,中山區松江路與松江路口往北，長春段至民生東路段,0,0,6,3,H02,8,6,5,50,14,10,1,5,4,5,13,4,4,7,4,5,2,17,2,69,2,8,3,5,7,17,8,20,10,16,,67,,1,21,121.5331184,25.0551204
113,7,29,18,15,2,03中山區,中山區松江路與松江路口往北，長春段至民生東路段,0,0,6,4,H02,8,6,5,50,14,10,1,5,4,5,13,4,4,7,4,5,2,17,2,73,2,9,3,5,7,17,8,20,10,16,,67,,1,21,121.5331184,25.0551204
113,7,29,18,15,2,03中山區,中山區松江路與松江路口往北，長春段至民生東路段,0,0,6,5,H02,8,6,5,50,14,10,1,5,4,5,13,4,4,7,4,5,2,17,2,32,2,9,3,5,7,17,8,20,10,16,,67,,1,21,121.5331184,25.0551204
113,7,29,18,15,2,03中山區,中山區松江路與松江路口往北，長春段至民生東路段,0,0,6,6,H02,8,6,5,50,14,10,1,5,4,5,13,4,4,7,4,5,2,17,2,24,2,9,3,5,7,17,8,20,10,16,,67,,1,21,121.5331184,25.0551204
113,7,29,18,15,2,03中山區,中山區松江路與松江路口往北，長春段至民生東路段,0,0,6,7,H02,8,6,5,50,14,10,1,5,4,5,13,4,4,7,4,5,2,17,2,30,2,9,3,5,7,17,8,20,10,16,,67,,1,21,121.5331184,25.0551204
113,7,29,18,15,2,03中山區,中山區松江路與松江路口往北，長春段至民生東路段,0,0,6,8,H02,8,6,5,50,14,10,1,5,4,5,13,4,4,7,4,5,2,17,2,33,2,9,3,5,7,17,8,20,10,16,,67,,1,21,121.5331184,25.0551204
113,7,29,18,15,2,03中山區,中山區松江路與松江路口往北，長春段至民生東路段,0,0,6,9,H02,8,6,5,50,14,10,1,5,4,5,13,4,4,7,4,5,2,17,2,28,3,10,3,5,7,17,8,20,10,16,,67,,1,21,121.5331184,25.0551204
113,7,29,18,36,2,01大同區,大同區重慶北路3段236巷與重慶北路3段236巷45弄口,0,0,1,1,C03,8,5,5,30,4,2,1,5,4,5,13,2,1,10,5,5,2,17,1,20,3,10,3,4,7,9,1,10,1,12,,5,,1,21,121.51227,25.0705576
113,7,29,18,36,2,01大同區,大同區重慶北路3段236巷與重慶北路3段236巷45弄口,0,0,1,2,C03,8,5,5,30,4,2,1,5,4,5,13,2,1,10,5,5,2,17,1,70,2,9,3,4,7,15,1,10,1,11,,42,,1,21,121.51227,25.0705576
113,7,29,19,5,2,10文山區,文山區新光路2段30號(南往北公車專用道),0,0,1,1,A02,8,5,5,50,14,10,2,5,4,5,13,4,4,10,5,5,2,9,1,53,3,10,3,1,7,15,1,2,2,17,,44,,1,21,121.5794796,24.99837382
113,7,29,19,5,2,10文山區,文山區新光路2段30號(南往北公車專用道),0,0,1,2,H02,8,5,5,50,14,10,2,5,4,5,13,4,4,10,5,5,2,9,1,69,2,8,3,5,7,19,8,20,10,16,,67,,1,21,121.5794796,24.99837382
113,7,29,19,26,2,12內湖區,內湖區陽光街256號,0,0,2,1,B02,7,5,5,50,14,9,1,5,4,5,13,1,1,4,5,5,2,13,2,25,3,10,7,1,7,9,1,8,1,1,,108,,1,21,121.5771381,25.07312
113,7,29,19,26,2,12內湖區,內湖區陽光街256號,0,0,2,2,B03,7,5,5,50,14,9,1,5,4,5,13,1,1,4,5,5,2,13,2,50,2,2,7,1,7,9,1,10,1,3,,44,,1,21,121.5771381,25.07312
113,7,29,19,26,2,12內湖區,內湖區陽光街256號,0,0,2,3,H02,7,5,5,50,14,9,1,5,4,5,13,1,1,4,5,5,2,13,1,54,2,2,7,5,7,21,8,20,10,16,,67,,1,21,121.5771381,25.07312
113,7,29,20,2,2,03中山區,中山區吉林路22巷與吉林路口,0,0,1,1,B01,7,5,5,30,4,1,1,5,4,5,13,4,4,9,4,5,2,3,1,48,3,10,7,1,7,5,1,4,9,1,,70,,1,22,121.5300585,25.0510818
113,7,29,20,2,2,03中山區,中山區吉林路22巷與吉林路口,0,0,1,2,H01,7,5,5,30,4,1,1,5,4,5,13,4,4,9,4,5,2,3,2,16,2,9,4,5,8,16,8,20,10,16,,67,,1,22,121.5300585,25.0510818
113,7,29,20,24,2,12內湖區,內湖區康寧路3段與康寧路3段75巷口,0,0,1,1,C03,8,5,5,50,3,1,1,5,4,5,13,1,1,1,3,5,1,12,2,18,2,9,6,1,7,8,1,10,2,13,,100,,1,21,121.6080687,25.0721379
113,7,29,20,24,2,12內湖區,內湖區康寧路3段與康寧路3段75巷口,0,0,1,2,B03,8,5,5,50,3,1,1,5,4,5,13,1,1,1,3,5,1,12,1,52,3,10,7,1,7,9,1,8,2,1,,44,,1,21,121.6080687,25.0721379
113,7,29,20,24,2,12內湖區,內湖區康寧路3段與康寧路3段75巷口,0,0,1,3,B03,8,5,5,50,3,1,1,5,4,5,13,1,1,1,3,5,1,12,1,45,3,10,7,1,7,14,1,8,2,6,,44,,1,21,121.6080687,25.0721379
113,7,29,20,35,2,09北投區,北投區崇仁路1段66號,0,0,1,1,C03,7,6,5,50,14,9,1,5,4,5,13,4,4,5,5,5,1,11,2,23,2,8,5,1,7,9,1,10,1,17,,4,,1,21,121.5014461,25.1266286
113,7,29,20,35,2,09北投區,北投區崇仁路1段66號,0,0,1,2,C02,7,6,5,50,14,9,1,5,4,5,13,4,4,5,5,5,1,11,1,21,3,10,5,1,7,9,1,9,1,17,,44,,1,21,121.5014461,25.1266286
113,7,29,21,0,2,03中山區,中山區敬業三路177巷與敬業三路口口,0,0,1,1,B03,8,5,5,30,3,1,1,5,4,5,13,4,4,5,4,5,2,12,1,33,3,10,3,4,7,15,1,8,1,1,,80,,1,21,121.5562076,25.07866862
113,7,29,21,0,2,03中山區,中山區敬業三路177巷與敬業三路口口,0,0,1,2,F01,8,5,5,30,3,1,1,5,4,5,13,4,4,5,4,5,2,12,2,37,2,9,2,4,7,15,8,20,1,14,,108,,1,21,121.5562076,25.07866862
113,7,29,21,2,2,04大安區,大安區安和路1段與安和路1段127巷口,0,0,2,1,C03,8,5,5,50,4,1,1,5,4,5,13,1,1,1,4,5,2,3,1,36,2,9,5,1,7,9,1,10,1,11,,70,,1,21,121.5525752,25.034724
113,7,29,21,2,2,04大安區,大安區安和路1段與安和路1段127巷口,0,0,2,2,H01,8,5,5,50,4,1,1,5,4,5,13,1,1,1,4,5,2,3,1,35,2,9,4,5,8,16,8,20,10,16,,122,,1,21,121.5525752,25.034724
113,7,29,21,6,2,08士林區,士林區延平北路6段與延平北路6段24巷口口,0,0,2,1,C03,7,7,5,30,3,2,2,5,4,5,13,4,4,8,3,4,2,15,1,41,2,8,5,1,7,9,1,10,1,11,,73,,1,22,121.5093562,25.0881569
113,7,29,21,6,2,08士林區,士林區延平北路6段與延平北路6段24巷口口,0,0,2,2,C03,7,7,5,30,3,2,2,5,4,5,13,4,4,8,3,4,2,15,2,41,2,9,5,1,7,9,1,10,1,11,,14,,1,22,121.5093562,25.0881569
113,7,29,21,6,2,08士林區,士林區延平北路6段與延平北路6段24巷口口,0,0,2,3,B03,7,7,5,30,3,2,2,5,4,5,13,4,4,8,3,4,2,15,1,45,3,10,3,4,7,14,1,8,9,17,,38,,1,22,121.5093562,25.0881569
113,7,29,21,51,2,04大安區,大安區辛亥路2段與建國南路2段口,0,0,2,1,B03,7,5,5,50,5,4,1,5,4,5,13,1,1,3,4,5,2,12,1,28,3,10,3,4,7,9,1,8,1,5,,17,,1,21,121.5381361,25.0224352
113,7,29,21,51,2,04大安區,大安區辛亥路2段與建國南路2段口,0,0,2,2,C03,7,5,5,50,5,4,1,5,4,5,13,1,1,3,4,5,2,12,2,24,2,8,5,4,7,14,1,10,1,14,,44,,1,21,121.5381361,25.0224352
113,7,29,21,51,2,04大安區,大安區辛亥路2段與建國南路2段口,0,0,2,3,C03,7,5,5,50,5,4,1,5,4,5,13,1,1,3,4,5,2,12,1,34,2,9,5,4,7,14,1,10,1,13,,101,,1,21,121.5381361,25.0224352
113,7,29,21,51,2,04大安區,大安區辛亥路2段與建國南路2段口,0,0,2,4,C03,7,5,5,50,5,4,1,5,4,5,13,1,1,3,4,5,2,12,1,57,3,10,5,4,7,14,1,10,1,14,,44,,1,21,121.5381361,25.0224352
113,7,29,23,0,2,11南港區,南港區東新街與東新街113巷口,0,0,2,1,B03,7,5,5,50,3,2,1,5,4,5,13,2,1,9,5,5,2,13,1,20,3,10,3,4,7,9,3,18,1,1,,42,,1,21,121.590497,25.0465434
113,7,29,23,0,2,11南港區,南港區東新街與東新街113巷口,0,0,2,2,C03,7,5,5,50,3,2,1,5,4,5,13,2,1,9,5,5,2,13,1,41,2,7,6,4,7,14,1,10,1,13,,44,,1,21,121.590497,25.0465434
113,7,29,23,0,2,11南港區,南港區東新街與東新街113巷口,0,0,2,3,H02,7,5,5,50,3,2,1,5,4,5,13,2,1,9,5,5,2,13,2,49,2,5,6,5,7,20,8,20,10,16,,67,,1,21,121.590497,25.0465434
113,7,30,1,1,2,02萬華區,萬華區環河南路2段與西藏路口,0,0,1,1,F01,8,5,5,50,4,1,1,5,4,5,13,2,1,1,4,5,2,17,1,39,3,10,2,1,7,9,8,20,1,17,,81,,1,22,121.4902006,25.0305278
113,7,30,1,1,2,02萬華區,萬華區環河南路2段與西藏路口,0,0,1,2,C03,8,5,5,50,4,1,1,5,4,5,13,2,1,1,4,5,2,17,1,48,2,9,6,1,7,9,1,10,1,17,,44,,1,22,121.4902006,25.0305278
113,7,30,6,4,2,01大同區,大同區民權西路與民權西路250巷口,0,0,1,1,C03,8,6,5,50,5,2,1,5,4,5,13,4,4,1,5,5,2,17,1,31,3,10,6,1,7,9,1,10,2,11,,13,,1,21,121.5125769,25.0628394
113,7,30,6,4,2,01大同區,大同區民權西路與民權西路250巷口,0,0,1,2,F01,8,6,5,50,5,2,1,5,4,5,13,4,4,1,5,5,2,17,2,83,2,9,4,1,7,7,8,20,2,13,,100,,1,21,121.5125769,25.0628394
113,7,30,6,20,2,08士林區,士林區通河西街1段百齡橋堤外槌球場南側臨時平面停車場出入口,0,0,1,1,B01,8,6,8,30,14,9,1,5,4,5,13,4,4,9,5,5,1,17,1,44,3,10,7,1,7,5,1,4,2,17,,8,,1,21,121.5121888,25.08725396
113,7,30,6,20,2,08士林區,士林區通河西街1段百齡橋堤外槌球場南側臨時平面停車場出入口,0,0,1,2,C03,8,6,8,30,14,9,1,5,4,5,13,4,4,9,5,5,1,17,1,20,2,9,5,1,7,9,1,10,2,17,,13,,1,21,121.5121888,25.08725396
113,7,30,6,37,2,02萬華區,萬華區堤外便道近中興橋,0,0,2,1,C03,7,6,5,40,14,9,2,5,4,5,13,4,4,4,5,5,2,17,1,29,2,9,6,1,7,9,1,10,1,12,,13,,1,21,121.5008407,25.0445679
113,7,30,6,37,2,02萬華區,萬華區堤外便道近中興橋,0,0,2,2,C03,7,6,5,40,14,9,2,5,4,5,13,4,4,4,5,5,2,17,1,52,2,3,6,1,7,9,1,10,1,11,,13,,1,21,121.5008407,25.0445679
113,7,30,7,42,2,02萬華區,萬華區康定路與康定路25巷口,0,0,1,1,C03,7,5,5,30,4,1,1,5,4,5,13,4,4,8,3,5,1,16,2,75,2,9,3,4,7,5,1,10,1,11,,72,,1,22,121.5027497,25.0440453
113,7,30,7,42,2,02萬華區,萬華區康定路與康定路25巷口,0,0,1,2,C03,7,5,5,30,4,1,1,5,4,5,13,4,4,8,3,5,1,16,1,55,3,10,3,4,7,9,1,10,1,12,,44,,1,22,121.5027497,25.0440453
113,7,30,8,26,2,12內湖區,(潭美街551號),0,0,1,1,B03,7,6,5,40,3,1,1,5,4,5,13,4,4,5,4,5,2,16,1,61,3,10,7,1,7,6,1,8,1,6,,9,,1,21,121.6006712,25.060861
113,7,30,8,26,2,12內湖區,(潭美街551號),0,0,1,2,C03,7,6,5,40,3,1,1,5,4,5,13,4,4,5,4,5,2,16,2,29,2,8,5,1,7,9,1,10,1,11,,108,,1,21,121.6006712,25.060861
113,7,30,8,27,2,10文山區,文山區木新路2段43巷與無名巷口,0,0,2,1,C03,8,7,5,30,3,1,1,5,4,5,13,4,4,10,5,5,2,12,2,62,2,7,5,1,7,1,1,10,1,14,,19,,1,21,121.5713853,24.9859563
113,7,30,8,27,2,10文山區,文山區木新路2段43巷與無名巷口,0,0,2,2,C03,8,7,5,30,3,1,1,5,4,5,13,4,4,10,5,5,2,12,2,55,2,9,5,1,7,9,1,10,1,11,,14,,1,21,121.5713853,24.9859563
113,7,30,8,30,2,12內湖區,內湖區潭美街600號,0,0,1,1,A05,8,6,5,50,14,9,1,5,4,5,13,4,4,5,5,5,2,12,1,34,4,11,3,4,7,21,7,19,9,6,,42,,,22,121.6004549,25.0607728
113,7,30,8,30,2,12內湖區,內湖區潭美街600號,0,0,1,2,C03,8,6,5,50,14,9,1,5,4,5,13,4,4,5,5,5,2,12,1,27,2,7,5,1,7,9,1,10,1,14,,17,,1,21,121.6004549,25.0607728
113,7,30,8,39,2,07信義區,信義區吳興街156巷65弄與信安街15巷口,0,0,2,1,C03,8,6,5,30,4,1,1,5,4,5,13,4,4,9,4,5,2,15,1,70,2,9,5,1,7,9,1,10,1,14,,42,,1,21,121.5591079,25.0278318
113,7,30,8,39,2,07信義區,信義區吳興街156巷65弄與信安街15巷口,0,0,2,2,C03,8,6,5,30,4,1,1,5,4,5,13,4,4,9,4,5,2,15,2,67,2,9,2,1,7,9,1,10,1,11,,72,,1,21,121.5591079,25.0278318
113,7,30,8,40,2,05中正區,中正區八德路1段82巷與八德路1段口,0,0,2,1,C03,8,7,5,50,4,1,1,5,4,5,13,1,1,5,4,5,2,17,2,76,2,9,5,1,7,5,1,10,2,12,,71,,1,21,121.531833,25.0440566
113,7,30,8,40,2,05中正區,中正區八德路1段82巷與八德路1段口,0,0,2,2,C03,8,7,5,50,4,1,1,5,4,5,13,1,1,5,4,5,2,17,1,52,2,9,5,1,7,9,1,10,2,14,,44,,1,21,121.531833,25.0440566
113,7,30,8,51,2,03中山區,中山區長春路38號,0,0,1,1,C03,8,7,5,40,14,9,1,5,4,5,13,4,4,9,4,5,2,17,1,32,2,9,5,1,7,9,1,10,1,17,,16,,1,21,121.5251208,25.0549826
113,7,30,8,51,2,03中山區,中山區長春路38號,0,0,1,2,C03,8,7,5,40,14,9,1,5,4,5,13,4,4,9,4,5,2,17,1,38,3,10,5,1,7,12,1,10,1,17,,44,,1,21,121.5251208,25.0549826
113,7,30,8,58,2,03中山區,中山區南京東路3段133號,0,0,2,1,B01,8,7,5,40,14,8,1,5,4,5,13,4,4,1,4,4,2,17,1,49,3,10,7,1,7,6,1,4,1,5,,101,,1,22,121.5476575,25.04813672
113,7,30,8,58,2,03中山區,中山區南京東路3段133號,0,0,2,2,C03,8,7,5,40,14,8,1,5,4,5,13,4,4,1,4,4,2,17,1,33,2,9,5,1,7,9,1,10,1,14,,13,,1,22,121.5476575,25.04813672
113,7,30,8,58,2,03中山區,中山區南京東路3段133號,0,0,2,3,H01,8,7,5,40,14,8,1,5,4,5,13,4,4,1,4,4,2,17,2,72,2,9,4,5,8,16,8,20,10,16,,67,,1,22,121.5476575,25.04813672
113,7,30,9,31,2,04大安區,大安區信義路3段134巷2號,0,0,1,1,B03,8,6,5,50,14,9,1,5,4,5,13,4,4,9,5,5,2,16,1,40,3,10,7,1,7,11,1,8,2,1,,10,,1,21,121.5394896,25.033085
113,7,30,9,31,2,04大安區,大安區信義路3段134巷2號,0,0,1,2,C03,8,6,5,50,14,9,1,5,4,5,13,4,4,9,5,5,2,16,2,33,2,9,6,1,7,9,1,8,1,14,,107,,1,21,121.5394896,25.033085
113,7,30,9,50,2,04大安區,大安區忠孝東路4段77號,0,0,1,1,C03,8,6,5,50,14,9,1,5,4,5,13,2,1,1,4,5,2,13,2,29,2,9,6,1,7,9,1,10,1,11,,16,,1,21,121.5474977,25.0416186
113,7,30,9,50,2,04大安區,大安區忠孝東路4段77號,0,0,1,2,B01,8,6,5,50,14,9,1,5,4,5,13,2,1,1,4,5,2,13,1,64,3,10,7,1,7,12,1,4,1,6,,44,,1,21,121.5474977,25.0416186
113,7,30,10,10,2,05中正區,中正區羅斯福路2段48巷與羅斯福路2段30巷口,0,0,1,1,C04,7,7,5,30,4,1,1,5,4,5,13,4,4,10,5,5,2,16,2,73,2,7,5,1,7,5,1,11,1,11,,72,,1,22,121.5212202,25.0277192
113,7,30,10,10,2,05中正區,中正區羅斯福路2段48巷與羅斯福路2段30巷口,0,0,1,2,B03,7,7,5,30,4,1,1,5,4,5,13,4,4,10,5,5,2,16,1,76,3,10,7,1,7,9,1,8,1,7,,14,,1,22,121.5212202,25.0277192
113,7,30,10,16,2,04大安區,大安區羅斯福路4段往北方向(公館捷運站2號出口),0,0,1,1,C03,8,7,5,50,14,9,1,5,4,5,13,4,4,8,3,5,1,12,2,33,2,9,5,1,7,15,1,10,1,11,,16,,1,26,121.5347954,25.0144566
113,7,30,10,16,2,04大安區,大安區羅斯福路4段往北方向(公館捷運站2號出口),0,0,1,2,B12,8,7,5,50,14,9,1,5,4,5,13,4,4,8,3,5,1,12,1,62,3,10,7,1,7,12,1,8,1,6,,44,,1,27,121.5347954,25.0144566
113,7,30,10,20,2,05中正區,中正區中山南路與徐州路口,0,0,2,1,C03,6,7,5,50,3,1,1,4,4,5,13,1,1,1,4,5,2,17,1,55,2,9,5,1,7,6,1,10,1,13,,9,,1,21,121.5185915,25.0417575
113,7,30,10,20,2,05中正區,中正區中山南路與徐州路口,0,0,2,2,C03,6,7,5,50,3,1,1,4,4,5,13,1,1,1,4,5,2,17,1,25,2,9,5,1,7,9,1,10,1,11,,44,,1,21,121.5185915,25.0417575