發生年度,發生月,發生日,發生時-Hours,發生分,處理別-編號,區序,肇事地點,死亡人數,2-30日死亡人數,受傷人數,當事人序號,車種,天候,道路照明設備,道路類別,速限-速度限制,道路型態,事故位置,路面狀況1,路面狀況2,路面狀況3,道路障礙1,道路障礙2,號誌1,號誌2,車道劃分-分向,車道劃分-分道1,車道劃分-分道2,車道劃分-分道3,事故類型及型態,性別,年齡,受傷程度,主要傷處,保護裝置,行動電話,車輛用途,當事者行動狀態,駕駛資格情形,駕駛執照種類,飲酒情形,車輛撞擊部位1,車輛撞擊部位2,肇因碼-個別,肇因碼-主要,個人肇逃否,職業,座標-X,座標-Y
113,7,30,10,38,2,12內湖區,內湖區江南街71巷75弄與文德路22巷53弄口,0,0,1,1,B01,8,6,5,50,4,1,1,5,4,5,13,4,4,10,5,5,2,15,1,37,3,10,7,1,7,9,1,4,1,7,,80,,1,21,121.5797788,25.0755212
113,7,30,10,38,2,12內湖區,內湖區江南街71巷75弄與文德路22巷53弄口,0,0,1,2,F01,8,6,5,50,4,1,1,5,4,5,13,4,4,10,5,5,2,15,2,74,2,5,4,1,7,9,8,20,1,11,,75,,1,21,121.5797788,25.0755212
113,7,30,11,14,2,08士林區,士林區中山北路7段與中山北路7段219巷口,0,0,1,1,C04,6,6,5,30,4,1,1,4,4,5,13,4,4,10,5,5,2,18,1,20,2,9,6,1,7,6,1,10,1,12,,42,,1,25,121.5328509,25.1266895
113,7,30,11,14,2,08士林區,士林區中山北路7段與中山北路7段219巷口,0,0,1,2,,6,6,5,30,4,1,1,4,4,5,13,4,4,10,5,5,2,18,3,0,,,,,,,,,,,,67,,1,,121.5328509,25.1266895
113,7,30,12,43,2,02萬華區,萬華區昆明街與武昌街2段口,0,0,1,1,B12,8,7,5,50,4,2,1,5,4,5,13,1,1,10,3,5,2,1,1,46,3,10,7,1,7,5,1,8,1,1,,70,,1,22,121.5053899,25.0450837
113,7,30,12,43,2,02萬華區,萬華區昆明街與武昌街2段口,0,0,1,2,H01,8,7,5,50,4,2,1,5,4,5,13,1,1,10,3,5,2,1,2,60,2,8,4,5,8,21,8,20,1,16,,67,,1,22,121.5053899,25.0450837
113,7,30,12,53,2,09北投區,019燈桿大度路往淡水(東往西),0,0,1,1,B03,8,7,5,70,14,7,1,5,4,5,13,4,4,9,4,4,1,13,1,71,3,10,7,1,7,9,1,8,1,1,,44,,1,21,121.4926826,25.1216134
113,7,30,12,53,2,09北投區,019燈桿大度路往淡水(東往西),0,0,1,2,B02,8,7,5,70,14,7,1,5,4,5,13,4,4,9,4,4,1,13,1,39,2,3,7,1,7,9,1,8,1,3,,44,,1,21,121.4926826,25.1216134
113,7,30,13,30,2,08士林區,士林區中山北路6段290巷與中山北路6段290巷11弄口,0,0,2,1,C03,7,5,5,30,3,1,1,5,4,5,13,4,4,10,5,5,1,15,1,43,2,9,5,1,7,15,1,10,1,11,,72,,1,21,121.5260701,25.11016626
113,7,30,13,30,2,08士林區,士林區中山北路6段290巷與中山北路6段290巷11弄口,0,0,2,2,C04,7,5,5,30,3,1,1,5,4,5,13,4,4,10,5,5,1,15,2,38,2,9,5,1,7,9,1,10,1,12,,14,,1,21,121.5260701,25.11016626
113,7,30,13,43,2,10文山區,文山區新光路2段匝道四富德橋旁,0,0,1,1,B03,7,7,5,50,11,9,1,5,4,5,13,4,4,9,5,5,2,17,1,51,3,10,7,1,7,8,1,8,1,1,,44,,1,21,121.5969111,25.0025124
113,7,30,13,43,2,10文山區,文山區新光路2段匝道四富德橋旁,0,0,1,2,C03,7,7,5,50,11,9,1,5,4,5,13,4,4,9,5,5,2,17,1,50,2,9,5,1,7,9,1,10,1,11,,44,,1,21,121.5969111,25.0025124
113,7,30,14,22,2,07信義區,信義區基隆路1段與松隆路口口,0,0,2,1,C03,8,6,5,50,4,2,1,5,4,5,13,2,1,1,4,5,2,13,2,32,2,9,6,1,7,14,1,10,1,13,,14,,1,22,121.5660927,25.04350042
113,7,30,14,22,2,07信義區,信義區基隆路1段與松隆路口口,0,0,2,2,C03,8,6,5,50,4,2,1,5,4,5,13,2,1,1,4,5,2,13,1,32,2,8,6,1,7,9,1,10,1,11,,16,,1,26,121.5660927,25.04350042
113,7,30,14,24,2,07信義區,信義區基隆路2段115號,0,0,1,1,C03,7,6,5,50,14,9,1,5,4,5,13,1,1,1,4,5,1,17,1,18,2,7,3,4,7,9,1,10,1,14,,16,,1,21,121.5568392,25.0283937
113,7,30,14,24,2,07信義區,信義區基隆路2段115號,0,0,1,2,B03,7,6,5,50,14,9,1,5,4,5,13,1,1,1,4,5,1,17,1,63,3,10,3,4,7,14,1,8,1,6,,44,,1,21,121.5568392,25.0283937
113,7,30,14,36,2,05中正區,中正區忠孝東路2段與金山南路1段口,0,0,1,1,C03,8,6,5,50,4,1,1,5,5,5,13,1,1,1,4,5,2,18,1,20,2,9,6,1,7,9,1,10,2,12,,13,,1,21,121.5296483,25.0431166
113,7,30,14,36,2,05中正區,中正區忠孝東路2段與金山南路1段口,0,0,1,2,,8,6,5,50,4,1,1,5,5,5,13,1,1,1,4,5,2,18,3,0,,,,,,,,,,,,61,,1,,121.5296483,25.0431166
113,7,30,14,40,2,08士林區,士林區前街66號,0,0,2,1,C03,7,5,8,30,22,22,1,5,4,5,13,4,4,10,5,5,1,9,2,62,2,9,5,1,7,9,3,18,1,11,,108,,1,21,121.5261507,25.0976862
113,7,30,14,40,2,08士林區,士林區前街66號,0,0,2,2,H01,7,5,8,30,22,22,1,5,4,5,13,4,4,10,5,5,1,9,1,57,2,7,4,5,8,16,8,20,10,16,,53,,1,21,121.5261507,25.0976862
113,7,30,14,44,2,06松山區,松山區敦化北路165巷與敦化北路155巷66弄口,0,0,1,1,B03,8,6,5,30,3,2,1,5,4,5,13,4,4,10,5,5,2,17,1,40,3,10,7,1,7,15,1,8,9,17,,38,,1,21,121.5507593,25.0547452
113,7,30,14,44,2,06松山區,松山區敦化北路165巷與敦化北路155巷66弄口,0,0,1,2,F01,8,6,5,30,3,2,1,5,4,5,13,4,4,10,5,5,2,17,1,35,2,8,4,1,7,9,8,20,9,15,,16,,1,21,121.5507593,25.0547452
113,7,30,14,53,2,05中正區,中正區重慶南路1段130號,0,0,2,1,B01,8,6,5,50,14,9,1,5,4,5,13,4,4,5,4,5,2,16,1,70,2,9,7,1,7,11,6,4,2,4,,10,,1,22,121.512591,25.03689578
113,7,30,14,53,2,05中正區,中正區重慶南路1段130號,0,0,2,2,B01,8,6,5,50,14,9,1,5,4,5,13,4,4,5,4,5,2,16,1,68,2,3,7,1,7,12,6,4,2,1,,13,,1,22,121.512591,25.03689578
113,7,30,15,0,2,10文山區,文山區木柵路1段66-5號,0,0,1,1,C03,7,6,5,0,14,20,2,5,4,5,13,4,4,10,5,5,2,18,2,46,2,7,5,1,7,9,1,10,11,14,,44,,1,21,121.5479778,24.9870069
113,7,30,15,0,2,10文山區,文山區木柵路1段66-5號,0,0,1,2,,7,6,5,0,14,20,2,5,4,5,13,4,4,10,5,5,2,18,3,,,,,,,,,,,,,67,,1,,121.5479778,24.9870069
113,7,30,15,5,2,08士林區,士林區中山北路5段與中正路口,0,0,2,1,A41,7,6,5,50,4,1,1,2,4,5,13,1,1,8,4,5,2,17,1,39,3,10,3,4,7,6,1,1,1,17,,49,,1,21,121.5277301,25.0959406
113,7,30,15,5,2,08士林區,士林區中山北路5段與中正路口,0,0,2,2,C03,7,6,5,50,4,1,1,2,4,5,13,1,1,8,4,5,2,17,1,40,2,9,6,4,7,9,1,10,1,14,,44,,1,21,121.5277301,25.0959406
113,7,30,15,5,2,08士林區,士林區中山北路5段與中正路口,0,0,2,3,C03,7,6,5,50,4,1,1,2,4,5,13,1,1,8,4,5,2,17,1,24,2,8,6,1,7,9,1,10,1,14,,44,,1,21,121.5277301,25.0959406
113,7,30,15,5,2,08士林區,士林區中山北路5段與中正路口,0,0,1,1,A41,7,6,5,50,4,2,1,2,4,5,13,1,1,5,4,5,2,17,1,39,3,10,3,4,7,6,1,1,1,17,,49,,1,21,121.5277883,25.0958291
113,7,30,15,5,2,08士林區,士林區中山北路5段與中正路口,0,0,1,2,C03,7,6,5,50,4,2,1,2,4,5,13,1,1,5,4,5,2,17,1,41,2,6,3,4,7,9,1,10,1,11,,44,,1,21,121.5277883,25.0958291
113,7,30,15,5,2,08士林區,士林區中山北路5段與中正路口,0,0,1,3,B03,7,6,5,50,4,2,1,2,4,5,13,1,1,5,4,5,2,17,2,46,3,10,3,4,7,9,1,8,1,7,,44,,1,21,121.5277883,25.0958291
113,7,30,15,10,2,10文山區,文山區景隆街與景隆街36巷口,0,0,1,1,B03,8,6,5,50,3,1,1,5,4,5,13,2,1,5,4,5,2,16,1,46,3,10,7,1,7,5,1,8,2,8,,8,,1,21,121.5436354,24.9988018
113,7,30,15,10,2,10文山區,文山區景隆街與景隆街36巷口,0,0,1,2,C03,8,6,5,50,3,1,1,5,4,5,13,2,1,5,4,5,2,16,1,63,2,7,6,1,7,9,1,10,2,11,,44,,1,21,121.5436354,24.9988018
113,7,30,15,37,2,11南港區,南港區南港路2段與南港路2段38巷口,0,0,1,1,A02,8,6,5,50,3,2,1,5,4,5,13,2,1,5,5,4,2,9,1,37,3,10,7,1,7,9,1,2,2,15,,44,,1,21,121.6050675,25.05406025
113,7,30,15,37,2,11南港區,南港區南港路2段與南港路2段38巷口,0,0,1,2,H02,8,6,5,50,3,2,1,5,4,5,13,2,1,5,5,4,2,9,2,55,2,9,4,5,7,20,8,20,10,16,,67,,1,21,121.6050675,25.05406025
113,7,30,15,39,2,05中正區,中正區忠孝東路1段與紹興南街口,0,0,2,1,C03,7,6,5,50,14,9,1,5,4,5,13,4,4,1,4,5,2,13,2,21,2,9,6,1,7,9,1,10,1,11,,16,,1,22,121.5252839,25.0442555
113,7,30,15,39,2,05中正區,中正區忠孝東路1段與紹興南街口,0,0,2,2,C03,7,6,5,50,14,9,1,5,4,5,13,4,4,1,4,5,2,13,1,38,3,10,6,1,7,9,1,10,1,13,,44,,1,22,121.5252839,25.0442555
113,7,30,15,39,2,05中正區,中正區忠孝東路1段與紹興南街口,0,0,2,3,B01,7,6,5,50,14,9,1,5,4,5,13,4,4,1,4,5,2,13,1,61,3,10,7,1,7,10,1,4,1,17,,44,,1,22,121.5252839,25.0442555
113,7,30,15,39,2,05中正區,中正區忠孝東路1段與紹興南街口,0,0,2,4,H02,7,6,5,50,14,9,1,5,4,5,13,4,4,1,4,5,2,13,2,30,2,9,7,5,7,17,8,20,10,16,,67,,1,22,121.5252839,25.0442555
113,7,30,15,42,2,08士林區,士林區承德路4段10巷與通河街76巷口口,0,0,1,1,C03,7,7,5,30,4,1,1,5,4,5,13,4,4,4,3,5,2,15,1,22,2,7,5,1,7,9,1,10,1,11,,80,,1,22,121.5201486,25.0801308
113,7,30,15,42,2,08士林區,士林區承德路4段10巷與通河街76巷口口,0,0,1,2,B12,7,7,5,30,4,1,1,5,4,5,13,4,4,4,3,5,2,15,1,39,3,10,3,4,7,9,1,8,1,4,,80,,1,22,121.5201486,25.0801308
113,7,30,16,10,2,05中正區,中正區林森南路地下道,0,0,1,1,C03,7,5,5,50,14,9,1,5,4,5,13,4,4,7,2,5,2,12,1,50,3,10,5,1,7,9,1,10,2,14,,17,,1,21,121.5188036,25.03337354
113,7,30,16,10,2,05中正區,中正區林森南路地下道,0,0,1,2,B02,7,5,5,50,14,9,1,5,4,5,13,4,4,7,2,5,2,12,1,42,3,10,7,1,7,9,1,8,2,5,,44,,1,21,121.5188036,25.03337354
113,7,30,16,10,2,05中正區,中正區林森南路地下道,0,0,1,3,H02,7,5,5,50,14,9,1,5,4,5,13,4,4,7,2,5,2,12,2,53,2,8,5,5,7,17,8,20,10,16,,67,,1,21,121.5188036,25.03337354
113,7,30,16,11,2,10文山區,文山區木新路3段與木新路3段74巷口口,0,0,1,1,B01,8,6,5,50,3,1,1,5,4,5,13,4,4,10,5,5,2,16,1,54,3,10,7,1,7,5,1,4,2,6,,74,,1,21,121.5635413,24.9824008
113,7,30,16,11,2,10文山區,文山區木新路3段與木新路3段74巷口口,0,0,1,2,F01,8,6,5,50,3,1,1,5,4,5,13,4,4,10,5,5,2,16,1,16,2,9,4,1,7,9,8,20,2,11,,108,,1,16,121.5635413,24.9824008
113,7,30,16,11,2,10文山區,文山區木新路3段與木新路3段74巷口口,0,0,1,3,B12,8,6,5,50,3,1,1,5,4,5,13,4,4,10,5,5,2,16,1,57,3,10,7,1,7,9,1,8,2,10,,44,,1,21,121.5635413,24.9824008
113,7,30,16,20,2,08士林區,士林區德行西路與福華路口,0,0,1,1,C03,8,6,5,50,4,2,1,5,4,5,13,1,1,5,5,5,2,17,1,42,2,8,6,1,7,5,1,9,1,13,,8,,1,21,121.5222688,25.1048133
113,7,30,16,20,2,08士林區,士林區德行西路與福華路口,0,0,1,2,B03,8,6,5,50,4,2,1,5,4,5,13,1,1,5,5,5,2,17,2,31,3,10,3,4,7,1,1,8,1,1,,44,,1,21,121.5222688,25.1048133
113,7,30,16,20,2,12內湖區,內湖區舊宗路1段86號,0,0,1,1,B02,7,7,5,50,14,9,1,5,4,5,13,4,4,1,4,5,2,16,1,55,3,10,7,1,7,6,1,4,1,2,,80,,1,21,121.5797013,25.0594766
113,7,30,16,20,2,12內湖區,內湖區舊宗路1段86號,0,0,1,2,C03,7,7,5,50,14,9,1,5,4,5,13,4,4,1,4,5,2,16,1,35,2,9,5,1,7,9,1,10,1,14,,44,,1,21,121.5797013,25.0594766
113,7,30,16,30,2,09北投區,北投區文林北路94巷與明德路38巷口,0,0,1,1,C03,8,5,5,30,4,1,1,5,4,5,13,4,4,10,4,5,1,15,2,22,2,8,5,1,7,9,1,10,2,12,,75,,1,21,121.5189302,25.1069211
113,7,30,16,30,2,09北投區,北投區文林北路94巷與明德路38巷口,0,0,1,2,B03,8,5,5,30,4,1,1,5,4,5,13,4,4,10,4,5,1,15,1,61,3,10,7,1,7,9,5,8,2,8,,44,,1,21,121.5189302,25.1069211
113,7,30,16,50,2,07信義區,信義區永吉路30巷與忠孝東路5段71巷11弄口,0,0,1,1,C03,7,6,5,30,4,1,1,5,4,5,13,4,4,9,4,5,2,15,1,83,2,9,5,1,7,9,1,10,1,11,,14,,1,21,121.56872,25.0419538
113,7,30,16,50,2,07信義區,信義區永吉路30巷與忠孝東路5段71巷11弄口,0,0,1,2,B03,7,6,5,30,4,1,1,5,4,5,13,4,4,9,4,5,2,15,1,44,3,10,7,1,7,9,1,8,1,1,,14,,1,21,121.56872,25.0419538
113,7,30,17,0,2,10文山區,文山區羅斯福路6段與羅斯福路6段159巷口,0,0,1,1,B01,8,6,5,50,4,2,1,5,4,5,13,2,1,1,4,5,2,17,1,68,3,10,7,1,7,8,1,4,2,17,,101,,1,21,121.5409939,24.9971275
113,7,30,17,0,2,10文山區,文山區羅斯福路6段與羅斯福路6段159巷口,0,0,1,2,C03,8,6,5,50,4,2,1,5,4,5,13,2,1,1,4,5,2,17,1,50,2,9,6,1,7,9,1,10,2,12,,44,,1,21,121.5409939,24.9971275
113,7,30,17,17,2,07信義區,信義區信義路5段8號,0,0,1,1,C03,8,5,5,50,14,9,1,5,4,5,13,1,1,3,4,4,2,18,1,65,2,9,3,4,7,9,1,10,1,14,,44,,1,22,121.5611989,25.0329418
113,7,30,17,17,2,07信義區,信義區信義路5段8號,0,0,1,2,,8,5,5,50,14,9,1,5,4,5,13,1,1,3,4,4,2,18,3,0,,,,,,,,,,,,67,,1,,121.5611989,25.0329418
113,7,30,17,23,2,02萬華區,萬華區環河南路1段與峨眉街口,0,0,1,1,B13,7,6,5,30,3,1,1,5,4,5,13,4,4,8,3,5,1,17,1,36,3,10,7,1,7,6,1,8,1,17,,80,,1,21,121.5015591,25.0448052
113,7,30,17,23,2,02萬華區,萬華區環河南路1段與峨眉街口,0,0,1,2,C03,7,6,5,30,3,1,1,5,4,5,13,4,4,8,3,5,1,17,2,64,2,9,5,1,7,12,1,10,1,17,,108,,1,21,121.5015591,25.0448052
113,7,30,18,30,2,12內湖區,內湖區民權東路6段56巷與民權東路6段90巷16弄口口,0,0,1,1,C03,8,6,5,50,3,1,1,5,4,5,13,4,4,5,5,4,2,16,1,49,2,9,5,1,7,5,1,10,1,12,,74,,1,21,121.5851594,25.06787147
113,7,30,18,30,2,12內湖區,內湖區民權東路6段56巷與民權東路6段90巷16弄口口,0,0,1,2,C03,8,6,5,50,3,1,1,5,4,5,13,4,4,5,5,4,2,16,1,22,3,10,6,1,7,9,1,10,1,11,,44,,1,21,121.5851594,25.06787147
113,7,30,19,0,2,03中山區,中山區復興北路與遼寧街185巷口,0,0,1,1,B03,8,5,5,50,4,1,1,5,4,5,13,1,1,1,4,5,2,17,1,18,3,10,7,1,7,6,3,18,1,5,,9,,1,21,121.5440054,25.0533131
113,7,30,19,0,2,03中山區,中山區復興北路與遼寧街185巷口,0,0,1,2,C03,8,5,5,50,4,1,1,5,4,5,13,1,1,1,4,5,2,17,1,18,2,9,6,1,7,9,1,10,1,14,12,108,,1,21,121.5440054,25.0533131
113,7,30,19,0,2,04大安區,大安區羅斯福路3段29號,0,0,1,1,B12,8,5,5,50,14,9,1,5,4,5,13,1,1,1,4,5,1,17,1,28,2,9,7,1,7,9,1,8,1,8,,108,,1,21,121.5251991,25.0234854
113,7,30,19,0,2,04大安區,大安區羅斯福路3段29號,0,0,1,2,B02,8,5,5,50,14,9,1,5,4,5,13,1,1,1,4,5,1,17,1,61,3,10,7,1,7,9,1,8,1,1,,44,,1,21,121.5251991,25.0234854
113,7,30,19,0,2,04大安區,大安區羅斯福路3段29號,0,0,1,3,,8,5,5,50,14,9,1,5,4,5,13,1,1,1,4,5,1,17,3,0,,,,,,,,,,,,67,,1,,121.5251991,25.0234854
113,7,30,19,47,2,02萬華區,萬華區漢口街2段90巷與漢口街2段90巷8弄口,0,0,2,1,C03,8,5,5,30,4,1,1,5,4,5,13,4,4,10,5,5,2,15,1,51,2,9,5,1,7,9,1,10,1,12,,75,,1,21,121.5042267,25.0458043
113,7,30,19,47,2,02萬華區,萬華區漢口街2段90巷與漢口街2段90巷8弄口,0,0,2,2,C03,8,5,5,30,4,1,1,5,4,5,13,4,4,10,5,5,2,15,1,39,2,9,5,1,7,9,1,10,1,11,,14,,1,21,121.5042267,25.0458043
113,7,30,19,49,2,09北投區,北投區立功街與立功街55巷口,0,0,1,1,B01,8,5,5,30,14,9,1,5,4,5,13,3,1,9,4,5,2,1,1,65,3,10,7,1,7,5,1,4,2,8,,70,,1,21,121.4690653,25.12472664
113,7,30,19,49,2,09北投區,北投區立功街與立功街55巷口,0,0,1,2,H01,8,5,5,30,14,9,1,5,4,5,13,3,1,9,4,5,2,1,2,45,2,9,4,5,8,16,8,20,10,16,,67,,1,21,121.4690653,25.12472664
113,7,30,19,52,2,06松山區,松山區南京東路5段329號前,0,0,1,1,C03,7,5,5,40,14,9,1,5,4,5,13,4,4,9,4,5,2,12,1,55,2,9,5,1,7,7,1,10,1,12,,44,,1,21,121.5672177,25.0514251
113,7,30,19,52,2,06松山區,松山區南京東路5段329號前,0,0,1,2,B01,7,5,5,40,14,9,1,5,4,5,13,4,4,9,4,5,2,12,1,60,3,10,7,1,7,9,1,4,1,4,,100,,1,21,121.5672177,25.0514251
113,7,30,20,45,2,07信義區,信義區忠孝東路5段6號,0,0,1,1,B03,7,5,5,50,14,9,1,5,4,5,13,1,1,10,4,5,1,13,1,50,3,10,7,1,7,9,3,18,2,8,,108,,1,21,121.5642847,25.040526
113,7,30,20,45,2,07信義區,信義區忠孝東路5段6號,0,0,1,2,C03,7,5,5,50,14,9,1,5,4,5,13,1,1,10,4,5,1,13,2,30,2,9,6,1,7,14,1,10,2,13,,44,,1,21,121.5642847,25.040526
113,7,30,21,1,2,01大同區,大同區延平北路3段與民權西路口,0,0,1,1,B03,8,5,5,50,4,1,1,5,4,5,13,1,1,1,4,5,2,17,4,25,4,11,3,4,7,21,7,,11,,,119,,2,22,121.5111835,25.0630307
113,7,30,21,1,2,01大同區,大同區延平北路3段與民權西路口,0,0,1,2,C03,8,5,5,50,4,1,1,5,4,5,13,1,1,1,4,5,2,17,1,18,3,10,6,1,7,9,1,10,1,11,,16,,1,21,121.5111835,25.0630307
113,7,30,21,1,2,01大同區,大同區延平北路3段與民權西路口,0,0,1,3,C03,8,5,5,50,4,1,1,5,4,5,13,1,1,1,4,5,2,17,2,26,2,9,6,1,7,9,1,10,1,13,,44,,1,21,121.5111835,25.0630307
113,7,30,21,38,2,08士林區,士林區文林路與文林路594巷口,0,0,1,1,B03,8,5,5,50,4,1,1,5,4,5,13,3,1,4,5,4,1,17,1,47,3,10,7,1,7,6,1,8,1,2,,9,,1,21,121.5237249,25.0987721
113,7,30,21,38,2,08士林區,士林區文林路與文林路594巷口,0,0,1,2,C03,8,5,5,50,4,1,1,5,4,5,13,3,1,4,5,4,1,17,1,19,2,9,5,1,7,9,1,10,1,14,,14,,1,21,121.5237249,25.0987721
113,7,30,21,40,2,02萬華區,萬華區昆明街與昆明街96巷口,0,0,1,1,B01,8,5,8,50,22,22,1,5,4,5,13,4,4,10,5,5,2,17,1,57,3,10,3,4,7,15,1,4,1,5,,8,,1,21,121.5052524,25.0446715
113,7,30,21,40,2,02萬華區,萬華區昆明街與昆明街96巷口,0,0,1,2,C03,8,5,8,50,22,22,1,5,4,5,13,4,4,10,5,5,2,17,1,25,2,8,3,4,7,5,1,9,1,14,,8,,1,21,121.5052524,25.0446715
113,7,30,22,15,2,09北投區,北投區東華街1段20號,0,0,2,1,B12,8,5,6,50,14,9,1,2,4,5,13,4,4,10,4,5,2,17,1,48,3,10,3,1,7,9,1,8,9,17,,118,,2,21,121.5205746,25.10765911
113,7,30,22,15,2,09北投區,北投區東華街1段20號,0,0,2,2,C03,8,5,6,50,14,9,1,2,4,5,13,4,4,10,4,5,2,17,1,65,2,9,6,1,7,9,1,10,1,14,,44,,1,21,121.5205746,25.10765911
113,7,30,22,15,2,09北投區,北投區東華街1段20號,0,0,2,3,H02,8,5,6,50,14,9,1,2,4,5,13,4,4,10,4,5,2,17,2,58,2,9,6,5,7,21,8,20,10,16,,67,,1,21,121.5205746,25.10765911
113,7,30,22,17,2,05中正區,中正區青島東路與林森南路口,0,0,3,1,C03,8,5,5,50,4,1,1,5,4,5,13,1,1,10,5,5,2,16,1,29,2,9,5,1,7,5,1,10,2,12,,8,,1,26,121.5229101,25.0436769
113,7,30,22,17,2,05中正區,中正區青島東路與林森南路口,0,0,3,2,C03,8,5,5,50,4,1,1,5,4,5,13,1,1,10,5,5,2,16,1,19,2,9,5,1,7,9,1,10,2,11,,44,,1,26,121.5229101,25.0436769
113,7,30,22,17,2,05中正區,中正區青島東路與林森南路口,0,0,3,3,H02,8,5,5,50,4,1,1,5,4,5,13,1,1,10,5,5,2,16,2,26,2,8,5,5,7,20,8,20,10,16,,67,,1,26,121.5229101,25.0436769
113,7,30,22,30,2,10文山區,文山區懷恩隧道北往南,0,0,2,1,C03,8,5,5,50,6,9,1,5,4,5,13,4,4,10,2,5,1,18,2,27,2,9,5,1,7,9,1,10,1,14,,44,,1,21,121.5513194,24.9921267
113,7,30,22,30,2,10文山區,文山區懷恩隧道北往南,0,0,2,2,,8,5,5,50,6,9,1,5,4,5,13,4,4,10,2,5,1,18,3,0,,,,,,,,,,,,67,,1,,121.5513194,24.9921267
113,7,30,22,30,2,10文山區,文山區懷恩隧道北往南,0,0,2,3,H02,8,5,5,50,6,9,1,5,4,5,13,4,4,10,2,5,1,18,2,30,2,9,5,5,7,21,8,20,10,16,,67,,1,21,121.5513194,24.9921267
113,7,30,22,32,2,02萬華區,萬華區永福街與柳州街口,0,0,1,1,B03,8,6,5,30,4,1,1,5,4,5,13,2,1,10,5,5,2,3,2,49,3,10,3,4,7,5,1,8,2,8,,70,,1,22,121.5057428,25.0380326
113,7,30,22,32,2,02萬華區,萬華區永福街與柳州街口,0,0,1,2,H01,8,6,5,30,4,1,1,5,4,5,13,2,1,10,5,5,2,3,1,55,2,9,4,5,8,16,8,20,10,16,,67,,1,22,121.5057428,25.0380326
113,7,30,22,48,2,01大同區,大同區民生西路與民生西路171巷口,0,0,1,1,C04,8,6,5,50,5,2,1,5,4,5,13,4,4,5,5,5,2,13,2,31,2,8,6,1,7,9,1,10,1,11,,108,,1,21,121.5172555,25.05722767
113,7,30,22,48,2,01大同區,大同區民生西路與民生西路171巷口,0,0,1,2,B03,8,6,5,50,5,2,1,5,4,5,13,4,4,5,5,5,2,13,1,22,3,10,7,1,7,14,1,8,1,7,,38,,1,21,121.5172555,25.05722767
113,7,31,0,14,2,07信義區,信義區忠孝東路5段267號,0,0,1,1,C03,7,5,5,50,14,9,1,5,4,4,13,4,4,1,4,5,1,24,1,33,2,9,3,4,7,9,1,10,1,14,,108,,1,21,121.5712448,25.0410426
113,7,31,0,14,2,07信義區,信義區忠孝東路5段267號,0,0,1,2,,7,5,5,50,14,9,1,5,4,4,13,4,4,1,4,5,1,24,3,0,,,,,,,,,,,,60,,1,,121.5712448,25.0410426
113,7,31,1,54,2,02萬華區,萬華區西園路1段與大理街口,0,0,2,1,F03,8,6,5,50,4,1,1,5,4,5,13,2,1,1,4,5,2,13,2,56,2,8,4,4,7,9,8,20,1,11,,108,,1,22,121.4983645,25.0341508
113,7,31,1,54,2,02萬華區,萬華區西園路1段與大理街口,0,0,2,2,C03,8,6,5,50,4,1,1,5,4,5,13,2,1,1,4,5,2,13,2,38,2,9,6,1,7,14,1,10,1,13,,44,,1,22,121.4983645,25.0341508
113,7,31,3,50,2,07信義區,信義區基隆路1段往環東大道引道,0,0,1,1,C02,8,6,5,40,10,7,1,5,4,5,13,4,4,3,4,5,2,13,1,31,2,9,5,1,7,9,1,10,1,11,,108,,1,21,121.5677573,25.0465825
113,7,31,3,50,2,07信義區,信義區基隆路1段往環東大道引道,0,0,1,2,B01,8,6,5,40,10,7,1,5,4,5,13,4,4,3,4,5,2,13,1,50,3,10,3,4,7,15,1,4,1,3,,42,,1,21,121.5677573,25.0465825
113,7,31,4,40,2,08士林區,士林區福國路15巷與福國路口,0,0,1,1,F01,8,5,5,30,4,2,1,5,4,5,13,2,1,1,4,5,1,17,1,70,2,9,4,1,7,9,8,20,2,13,,81,,1,21,121.5245604,25.1023078
113,7,31,4,40,2,08士林區,士林區福國路15巷與福國路口,0,0,1,2,B01,8,5,5,30,4,2,1,5,4,5,13,2,1,1,4,5,1,17,1,54,3,10,7,1,7,9,1,4,2,8,,44,,1,21,121.5245604,25.1023078
113,7,31,5,30,2,07信義區,信義區信義路6段與信義路6段15巷口,0,0,2,1,C03,8,6,5,50,4,1,1,5,4,5,13,2,1,5,4,5,2,16,1,18,2,9,5,1,7,9,1,10,1,11,,99,,1,21,121.5753141,25.0341362
113,7,31,5,30,2,07信義區,信義區信義路6段與信義路6段15巷口,0,0,2,2,C03,8,6,5,50,4,1,1,5,4,5,13,2,1,5,4,5,2,16,1,30,2,9,5,1,7,5,1,10,1,14,,44,,1,21,121.5753141,25.0341362
113,7,31,6,33,2,03中山區,中山區中山北路1段與市民大道1段口,0,0,1,1,B03,8,5,5,50,4,2,1,5,4,5,13,2,1,3,4,5,2,17,2,48,3,10,3,4,7,6,1,8,2,2,,98,,1,21,121.5206613,25.0482081
113,7,31,6,33,2,03中山區,中山區中山北路1段與市民大道1段口,0,0,1,2,C03,8,5,5,50,4,2,1,5,4,5,13,2,1,3,4,5,2,17,1,64,2,9,3,4,7,9,1,10,2,14,,13,,1,21,121.5206613,25.0482081
113,7,31,7,4,2,11南港區,南港區興南街180巷與興南街64巷6弄口,0,0,2,1,C03,8,7,5,30,4,1,1,5,4,5,12,4,4,10,5,5,2,15,1,25,2,9,6,1,7,9,6,10,2,12,,72,,1,22,121.6011754,25.0552666