發生年度,發生月,發生日,發生時-Hours,發生分,處理別-編號,區序,肇事地點,死亡人數,2-30日死亡人數,受傷人數,當事人序號,車種,天候,道路照明設備,道路類別,速限-速度限制,道路型態,事故位置,路面狀況1,路面狀況2,路面狀況3,道路障礙1,道路障礙2,號誌1,號誌2,車道劃分-分向,車道劃分-分道1,車道劃分-分道2,車道劃分-分道3,事故類型及型態,性別,年齡,受傷程度,主要傷處,保護裝置,行動電話,車輛用途,當事者行動狀態,駕駛資格情形,駕駛執照種類,飲酒情形,車輛撞擊部位1,車輛撞擊部位2,肇因碼-個別,肇因碼-主要,個人肇逃否,職業,座標-X,座標-Y
113,7,31,7,4,2,11南港區,南港區興南街180巷與興南街64巷6弄口,0,0,2,2,C03,8,7,5,30,4,1,1,5,4,5,12,4,4,10,5,5,2,15,1,25,2,9,6,1,7,9,1,10,2,11,,14,,1,22,121.6011754,25.0552666
113,7,31,7,31,2,06松山區,松山區民權東路5段58號,0,0,1,1,B02,8,6,5,50,14,9,1,5,4,5,13,4,4,1,5,5,2,12,1,55,3,10,7,1,7,9,1,2,1,5,,17,,1,21,121.5654617,25.06310582
113,7,31,7,31,2,06松山區,松山區民權東路5段58號,0,0,1,2,C03,8,6,5,50,14,9,1,5,4,5,13,4,4,1,5,5,2,12,2,62,2,9,6,1,7,9,1,10,1,14,,17,,1,21,121.5654617,25.06310582
113,7,31,7,47,2,05中正區,中正區重慶南路1段與凱達格蘭大道口,0,0,1,1,C03,8,7,5,50,3,1,1,5,4,5,13,1,1,4,3,5,2,13,2,38,2,9,6,1,7,9,1,10,2,11,,16,,1,21,121.512871,25.03997388
113,7,31,7,47,2,05中正區,中正區重慶南路1段與凱達格蘭大道口,0,0,1,2,B01,8,7,5,50,3,1,1,5,4,5,13,1,1,4,3,5,2,13,1,64,3,10,7,1,7,12,1,8,2,6,,44,,1,21,121.512871,25.03997388
113,7,31,7,50,2,04大安區,大安區敦化南路2段與四維路154巷口,0,0,1,1,B03,8,6,5,50,22,18,1,5,4,5,13,2,1,1,4,5,2,3,1,66,3,10,7,1,7,5,1,8,1,8,,8,,1,21,121.5485355,25.0308922
113,7,31,7,50,2,04大安區,大安區敦化南路2段與四維路154巷口,0,0,1,2,H01,8,6,5,50,22,18,1,5,4,5,13,2,1,1,4,5,2,3,2,30,2,9,4,5,8,16,8,20,10,16,,67,,1,21,121.5485355,25.0308922
113,7,31,8,0,2,12內湖區,內湖區五分街72巷與安康路434巷口,0,0,1,1,B03,8,6,5,30,3,1,1,5,4,5,13,4,4,9,5,5,2,16,1,54,3,10,7,1,7,5,1,2,1,1,,42,,1,21,121.6164102,25.0662606
113,7,31,8,0,2,12內湖區,內湖區五分街72巷與安康路434巷口,0,0,1,2,C03,8,6,5,30,3,1,1,5,4,5,13,4,4,9,5,5,2,16,2,48,2,9,6,1,7,9,1,10,1,12,,14,,1,21,121.6164102,25.0662606
113,7,31,8,12,2,05中正區,中正區羅斯福路4段與基隆路4段口,0,0,1,2,C03,8,7,5,50,5,1,1,5,4,5,13,2,1,10,4,4,2,29,1,45,2,7,5,1,7,9,1,10,1,11,,44,,1,21,121.5370492,25.0113652
113,7,31,8,12,2,05中正區,中正區羅斯福路4段與基隆路4段口,0,0,1,1,C03,8,7,5,50,5,1,1,5,4,5,13,2,1,10,4,4,2,29,3,0,,,,,,,,,,,,30,,1,,121.5370492,25.0113652
113,7,31,8,30,2,12內湖區,內湖區康樂街與忠二街口旁,0,0,1,1,C03,8,6,5,50,14,9,1,5,4,5,13,4,4,5,5,5,2,13,1,74,2,9,5,1,7,9,1,10,2,11,,16,,1,21,121.6224759,25.0772817
113,7,31,8,30,2,12內湖區,內湖區康樂街與忠二街口旁,0,0,1,2,B03,8,6,5,50,14,9,1,5,4,5,13,4,4,5,5,5,2,13,1,40,3,10,7,1,7,14,1,8,2,6,,44,,1,21,121.6224759,25.0772817
113,7,31,8,40,2,02萬華區,萬華區康定路與大理街口,0,0,1,1,B11,8,7,5,50,4,2,1,5,4,5,13,1,1,5,4,5,2,17,1,42,3,10,7,1,7,11,1,4,1,1,,10,,1,21,121.5011853,25.03462255
113,7,31,8,40,2,02萬華區,萬華區康定路與大理街口,0,0,1,2,C03,8,7,5,50,4,2,1,5,4,5,13,1,1,5,4,5,2,17,1,25,2,9,5,1,7,9,1,10,1,14,,44,,1,21,121.5011853,25.03462255
113,7,31,8,42,2,06松山區,松山區長春路與復興北路141巷6弄口,0,0,1,1,C03,8,6,5,50,5,1,1,4,4,5,13,4,4,5,5,5,2,16,2,27,3,10,6,1,7,6,1,10,1,13,,9,,1,22,121.5447805,25.05448352
113,7,31,8,42,2,06松山區,松山區長春路與復興北路141巷6弄口,0,0,1,2,C03,8,6,5,50,5,1,1,4,4,5,13,4,4,5,5,5,2,16,2,42,2,9,6,1,7,9,1,10,1,11,,16,,1,22,121.5447805,25.05448352
113,7,31,9,12,2,10文山區,文山區木新路1段與指南路1段51巷口,0,0,1,1,B03,8,7,5,50,4,1,1,5,4,5,13,1,1,10,5,5,2,16,1,33,3,10,7,1,7,5,1,8,1,2,,80,,1,21,121.5705798,24.9885627
113,7,31,9,12,2,10文山區,文山區木新路1段與指南路1段51巷口,0,0,1,2,C03,8,7,5,50,4,1,1,5,4,5,13,1,1,10,5,5,2,16,1,32,2,8,5,1,7,9,1,10,1,11,,42,,1,21,121.5705798,24.9885627
113,7,31,9,30,2,03中山區,中山區民權東路1段與林森北路口,0,0,1,1,B12,8,5,5,50,4,1,1,5,4,5,13,1,1,5,4,5,2,16,1,62,3,10,7,1,7,9,1,8,1,1,,44,,1,21,121.525632,25.062747
113,7,31,9,30,2,03中山區,中山區民權東路1段與林森北路口,0,0,1,2,C04,8,5,5,50,4,1,1,5,4,5,13,1,1,5,4,5,2,16,1,31,2,7,5,1,7,5,3,18,1,12,,8,,1,21,121.525632,25.062747
113,7,31,9,50,2,07信義區,信義區松仁路89號,0,0,1,1,F01,7,6,8,0,22,20,1,5,4,5,13,4,4,10,5,5,2,18,2,34,2,9,4,1,7,9,8,20,1,14,,42,,1,22,121.5685371,25.0368418
113,7,31,9,50,2,07信義區,信義區松仁路89號,0,0,1,2,,7,6,8,0,22,20,1,5,4,5,13,4,4,10,5,5,2,18,3,0,,,,,,,,,,,,67,,1,,121.5685371,25.0368418
113,7,31,9,59,2,03中山區,中山區民權東路3段與合江街口,0,0,2,1,C03,8,6,5,50,3,1,1,5,4,5,13,4,4,1,4,5,2,13,1,24,2,9,6,1,7,9,1,10,1,11,,16,,1,22,121.5422903,25.0622351
113,7,31,9,59,2,03中山區,中山區民權東路3段與合江街口,0,0,2,2,C03,8,6,5,50,3,1,1,5,4,5,13,4,4,1,4,5,2,13,2,52,2,9,5,1,7,9,1,10,1,13,,44,,1,22,121.5422903,25.0622351
113,7,31,10,11,2,04大安區,大安區市民大道3段與八德路2段口,0,0,1,1,B03,8,6,5,40,4,2,1,5,4,5,13,2,1,1,4,5,2,16,1,58,3,10,7,1,7,6,1,8,1,5,,9,,1,21,121.5343148,25.0448953
113,7,31,10,11,2,04大安區,大安區市民大道3段與八德路2段口,0,0,1,2,C03,8,6,5,40,4,2,1,5,4,5,13,2,1,1,4,5,2,16,1,32,2,9,6,1,7,9,1,10,1,14,,13,,1,21,121.5343148,25.0448953
113,7,31,10,12,2,02萬華區,萬華區中華路1段與開封街2段口,0,0,2,1,C03,8,6,6,50,4,2,1,5,4,5,13,1,1,1,4,1,1,13,2,40,2,9,3,4,7,9,1,10,1,15,,16,,1,21,121.5092551,25.0462281
113,7,31,10,12,2,02萬華區,萬華區中華路1段與開封街2段口,0,0,2,2,C03,8,6,6,50,4,2,1,5,4,5,13,1,1,1,4,1,1,13,1,39,2,8,3,4,7,12,1,10,1,15,,44,,1,21,121.5092551,25.0462281
113,7,31,10,18,2,04大安區,大安區新生南路1段97巷與新生南路1段103巷33弄口,0,0,1,1,B01,8,7,5,30,4,2,1,5,4,5,13,4,4,9,5,5,1,15,1,68,3,10,7,1,7,9,1,4,1,1,,72,,1,26,121.5356803,25.0411866
113,7,31,10,18,2,04大安區,大安區新生南路1段97巷與新生南路1段103巷33弄口,0,0,1,2,C03,8,7,5,30,4,2,1,5,4,5,13,4,4,9,5,5,1,15,1,56,2,8,5,1,7,9,1,10,1,11,,14,,1,26,121.5356803,25.0411866
113,7,31,10,30,2,12內湖區,內湖區金龍路與內湖路3段141巷口,0,0,2,1,C03,8,6,5,50,4,1,1,5,4,5,13,2,1,5,4,5,2,16,2,59,2,9,5,1,7,5,1,10,1,11,,80,,1,21,121.5892246,25.0862872
113,7,31,10,30,2,12內湖區,內湖區金龍路與內湖路3段141巷口,0,0,2,2,C03,8,6,5,50,4,1,1,5,4,5,13,2,1,5,4,5,2,16,1,35,2,9,5,1,7,9,1,9,1,11,,44,,1,21,121.5892246,25.0862872
113,7,31,11,9,2,06松山區,松山區民生東路5段與光復北路口,0,0,2,1,C03,8,5,5,50,4,1,1,5,4,5,13,1,1,8,3,5,1,16,1,35,2,9,3,1,7,5,1,10,1,14,,8,,1,21,121.5552586,25.0582762
113,7,31,11,9,2,06松山區,松山區民生東路5段與光復北路口,0,0,2,2,B03,8,5,5,50,4,1,1,5,4,5,13,1,1,8,3,5,1,16,1,46,3,10,3,1,7,9,1,8,1,1,,44,,1,21,121.5552586,25.0582762
113,7,31,11,9,2,06松山區,松山區民生東路5段與光復北路口,0,0,2,3,H02,8,5,5,50,4,1,1,5,4,5,13,1,1,8,3,5,1,16,2,36,2,9,3,5,7,17,8,20,10,16,,67,,1,21,121.5552586,25.0582762
113,7,31,11,20,2,04大安區,大安區芳蘭路49號,0,0,2,1,B03,8,7,5,50,14,9,1,5,4,5,13,4,4,8,3,5,2,11,1,24,3,10,3,4,7,15,1,8,1,1,,99,,1,21,121.5468935,25.0141436
113,7,31,11,20,2,04大安區,大安區芳蘭路49號,0,0,2,2,C03,8,7,5,50,14,9,1,5,4,5,13,4,4,8,3,5,2,11,1,34,2,9,3,4,7,9,1,10,1,11,,44,,1,21,121.5468935,25.0141436
113,7,31,11,20,2,04大安區,大安區芳蘭路49號,0,0,2,3,H02,8,7,5,50,14,9,1,5,4,5,13,4,4,8,3,5,2,11,2,31,2,9,3,5,7,20,8,20,10,16,,67,,1,21,121.5468935,25.0141436
113,7,31,11,45,2,10文山區,文山區興隆路2段351號,0,0,2,1,C03,8,6,5,50,14,9,1,5,4,5,13,2,1,1,4,5,2,12,1,20,2,7,6,1,7,8,1,10,2,11,,100,,1,21,121.5546615,25.00106794
113,7,31,11,45,2,10文山區,文山區興隆路2段351號,0,0,2,2,C03,8,6,5,50,14,9,1,5,4,5,13,2,1,1,4,5,2,12,1,67,2,8,6,1,7,9,1,10,2,12,,44,,1,21,121.5546615,25.00106794
113,7,31,11,54,2,03中山區,中山區長春路5號,0,0,1,1,B01,8,5,5,40,14,8,1,5,4,5,13,4,4,9,5,4,2,16,1,57,3,10,7,1,7,11,1,4,1,8,,10,,1,21,121.5235116,25.05500175
113,7,31,11,54,2,03中山區,中山區長春路5號,0,0,1,2,C03,8,5,5,40,14,8,1,5,4,5,13,4,4,9,5,4,2,16,2,20,2,9,6,1,7,9,1,10,1,12,,14,,1,21,121.5235116,25.05500175
113,7,31,12,5,2,08士林區,士林區永平街與社中街口,0,0,1,1,B03,8,6,5,50,3,1,1,5,4,5,13,3,1,5,5,5,2,17,1,30,3,10,3,4,7,5,1,8,1,1,,72,,1,21,121.5051266,25.092266
113,7,31,12,5,2,08士林區,士林區永平街與社中街口,0,0,1,2,C03,8,6,5,50,3,1,1,5,4,5,13,3,1,5,5,5,2,17,2,27,2,9,3,4,7,9,1,10,1,14,,14,,1,21,121.5051266,25.092266
113,7,31,12,21,2,12內湖區,內湖區成功路4段西向東no.26車格,0,0,1,1,B03,8,6,5,40,14,8,1,5,4,5,13,4,4,9,4,4,2,12,2,52,3,10,7,1,7,1,1,8,1,5,,19,,1,21,121.5986618,25.0845135
113,7,31,12,21,2,12內湖區,內湖區成功路4段西向東no.26車格,0,0,1,2,C03,8,6,5,40,14,8,1,5,4,5,13,4,4,9,4,4,2,12,1,35,2,8,6,1,7,9,1,10,1,11,,44,,1,21,121.5986618,25.0845135
113,7,31,12,25,2,09北投區,北投區承德路7段3號,0,0,1,1,B03,8,5,5,50,14,8,1,5,4,5,13,4,4,3,2,4,1,17,1,41,3,10,3,4,7,6,1,8,1,2,,9,,1,21,121.5101838,25.111371
113,7,31,12,25,2,09北投區,北投區承德路7段3號,0,0,1,2,C03,8,5,5,50,14,8,1,5,4,5,13,4,4,3,2,4,1,17,2,67,2,8,3,4,7,9,1,10,1,14,,107,,1,21,121.5101838,25.111371
113,7,31,12,52,2,03中山區,中山區民權東路3段75巷與復興北路430巷口,0,0,1,1,C03,7,7,5,30,4,1,1,5,4,5,13,3,1,10,5,5,2,15,1,22,3,10,5,1,7,9,1,10,1,11,,84,,1,22,121.5436687,25.0633513
113,7,31,12,52,2,03中山區,中山區民權東路3段75巷與復興北路430巷口,0,0,1,2,C03,7,7,5,30,4,1,1,5,4,5,13,3,1,10,5,5,2,15,2,46,2,9,5,1,7,9,1,10,1,12,,44,,1,22,121.5436687,25.0633513
113,7,31,13,14,2,01大同區,大同區承德路3段與昌吉街口,0,0,1,1,C03,7,6,5,50,4,1,1,5,4,5,13,2,1,1,4,5,2,17,2,20,2,8,6,4,7,11,1,10,1,12,,96,,1,22,121.5182807,25.0657335
113,7,31,13,14,2,01大同區,大同區承德路3段與昌吉街口,0,0,1,2,B03,7,6,5,50,4,1,1,5,4,5,13,2,1,1,4,5,2,17,2,27,3,10,3,4,7,9,1,8,1,4,,44,,1,22,121.5182807,25.0657335
113,7,31,13,27,2,03中山區,中山區南京東路1段6號,0,0,1,1,B01,8,6,5,40,14,8,1,5,4,5,13,4,4,1,4,4,2,12,2,29,3,10,3,4,7,1,1,4,1,8,,19,,1,22,121.523119,25.0521275
113,7,31,13,27,2,03中山區,中山區南京東路1段6號,0,0,1,2,C03,8,6,5,40,14,8,1,5,4,5,13,4,4,1,4,4,2,12,2,58,2,9,5,4,7,9,3,18,1,12,,44,,1,22,121.523119,25.0521275
113,7,31,13,29,2,05中正區,中正區襄陽路與南陽街口,0,0,1,1,C03,8,5,5,50,14,19,1,5,4,5,13,4,4,9,4,5,2,9,2,36,3,10,5,1,7,9,3,18,2,11,,70,,1,21,121.51598,25.0433133
113,7,31,13,29,2,05中正區,中正區襄陽路與南陽街口,0,0,1,2,H01,8,5,5,50,14,19,1,5,4,5,13,4,4,9,4,5,2,9,2,68,2,9,4,5,8,16,8,20,10,16,,67,,1,21,121.51598,25.0433133
113,7,31,13,29,2,05中正區,中正區襄陽路與南陽街口,0,0,1,3,C03,8,5,5,50,14,19,1,5,4,5,13,4,4,9,4,5,2,9,1,32,3,10,5,1,7,14,1,10,2,17,,44,,1,21,121.51598,25.0433133
113,7,31,13,40,2,03中山區,中山區基湖路與樂群一路口,0,0,1,1,B03,6,7,5,50,14,9,1,4,4,5,13,1,1,3,4,5,2,12,2,39,3,10,7,1,7,8,1,8,1,2,,95,,1,21,121.562975,25.0760607
113,7,31,13,40,2,03中山區,中山區基湖路與樂群一路口,0,0,1,2,C03,6,7,5,50,14,9,1,4,4,5,13,1,1,3,4,5,2,12,1,19,2,7,5,1,7,9,1,10,1,14,,44,,1,21,121.562975,25.0760607
113,7,31,14,0,2,08士林區,士林區延平北路6段488號,0,0,2,1,B02,8,5,8,40,22,22,1,5,4,5,13,2,1,1,5,5,1,17,1,46,3,10,7,1,7,6,1,8,1,5,,9,,1,21,121.4979047,25.0941249
113,7,31,14,0,2,08士林區,士林區延平北路6段488號,0,0,2,2,C03,8,5,8,40,22,22,1,5,4,5,13,2,1,1,5,5,1,17,1,27,2,9,5,1,7,9,1,10,1,11,,44,,1,21,121.4979047,25.0941249
113,7,31,14,0,2,08士林區,士林區延平北路6段488號,0,0,2,3,H02,8,5,8,40,22,22,1,5,4,5,13,2,1,1,5,5,1,17,2,28,2,9,5,5,7,20,8,20,10,16,,67,,1,21,121.4979047,25.0941249
113,7,31,14,10,2,03中山區,中山區新生北路1段與長安東路1段口,0,0,1,1,B03,6,7,5,50,4,1,1,4,4,5,13,2,1,1,4,5,2,17,1,42,3,10,3,4,7,6,1,8,1,17,,9,,1,21,121.5293503,25.04830428
113,7,31,14,10,2,03中山區,中山區新生北路1段與長安東路1段口,0,0,1,2,C03,6,7,5,50,4,1,1,4,4,5,13,2,1,1,4,5,2,17,1,45,2,9,6,4,7,9,1,9,1,17,,44,,1,21,121.5293503,25.04830428
113,7,31,15,23,2,06松山區,松山區光復北路11巷與八德路4段17巷口,0,0,1,1,C03,7,5,5,50,4,1,1,5,4,5,13,4,4,5,5,5,2,15,1,41,3,10,6,1,7,9,1,10,1,11,,108,,1,21,121.5584791,25.04936531
113,7,31,15,23,2,06松山區,松山區光復北路11巷與八德路4段17巷口,0,0,1,2,C03,7,5,5,50,4,1,1,5,4,5,13,4,4,5,5,5,2,15,2,71,2,3,6,1,7,1,1,10,1,14,,19,,1,21,121.5584791,25.04936531
113,7,31,15,24,2,03中山區,中山區民權東路2段147巷與建國北路2段186巷口,0,0,1,1,C03,8,7,5,30,4,1,1,5,4,5,13,4,4,9,4,5,2,17,2,69,2,9,5,1,7,9,1,10,1,11,,16,,1,21,121.5348246,25.0595547
113,7,31,15,24,2,03中山區,中山區民權東路2段147巷與建國北路2段186巷口,0,0,1,2,B02,8,7,5,30,4,1,1,5,4,5,13,4,4,9,4,5,2,17,1,28,3,10,7,1,7,9,1,8,1,4,,16,,1,21,121.5348246,25.0595547
113,7,31,15,30,2,07信義區,信義區和平東路3段663號,0,0,1,1,F01,7,6,8,40,12,9,1,4,4,5,13,4,4,8,3,5,2,29,1,64,2,9,4,4,7,15,8,20,11,11,,42,,1,22,121.5634693,25.0124184
113,7,31,15,30,2,07信義區,信義區和平東路3段663號,0,0,1,2,,7,6,8,40,12,9,1,4,4,5,13,4,4,8,3,5,2,29,3,0,,,,,,,,,,,,67,,1,,121.5634693,25.0124184
113,7,31,15,45,2,12內湖區,內湖區成功路2段238巷與成功路2段口,0,0,1,1,C04,7,6,5,50,5,1,1,5,4,5,13,1,1,1,4,5,2,12,2,48,2,9,5,1,7,9,1,10,1,12,,80,,1,21,121.5903884,25.0654617
113,7,31,15,45,2,12內湖區,內湖區成功路2段238巷與成功路2段口,0,0,1,2,C03,7,6,5,50,5,1,1,5,4,5,13,1,1,1,4,5,2,12,1,40,3,10,5,1,7,9,1,10,1,14,,44,,1,21,121.5903884,25.0654617
113,7,31,15,45,2,12內湖區,內湖區成功路2段238巷與成功路2段口,0,0,1,3,C03,7,6,5,50,5,1,1,5,4,5,13,1,1,1,4,5,2,12,1,35,3,10,5,1,7,9,1,10,1,11,,44,,1,21,121.5903884,25.0654617
113,7,31,16,6,2,03中山區,中山區民權東路2段與民權東路2段92巷口,0,0,1,1,B12,6,5,5,50,4,2,1,4,4,5,13,2,1,1,4,5,2,12,1,55,3,10,3,4,7,7,1,8,1,5,,100,,1,21,121.5318257,25.0624223
113,7,31,16,6,2,03中山區,中山區民權東路2段與民權東路2段92巷口,0,0,1,2,C03,6,5,5,50,4,2,1,4,4,5,13,2,1,1,4,5,2,12,1,55,3,10,5,1,7,9,1,10,1,14,,44,,1,21,121.5318257,25.0624223
113,7,31,16,6,2,03中山區,中山區民權東路2段與民權東路2段92巷口,0,0,1,3,H02,6,5,5,50,4,2,1,4,4,5,13,2,1,1,4,5,2,12,2,53,2,7,6,5,7,21,8,20,10,16,,67,,1,21,121.5318257,25.0624223
113,7,31,16,27,2,04大安區,大安區市民大道3段與八德路2段口,0,0,1,1,B03,6,6,5,40,4,1,1,4,4,5,13,2,1,8,3,5,2,16,1,21,3,10,7,1,7,6,1,8,1,5,,9,,1,21,121.5342856,25.0449112
113,7,31,16,27,2,04大安區,大安區市民大道3段與八德路2段口,0,0,1,2,C03,6,6,5,40,4,1,1,4,4,5,13,2,1,8,3,5,2,16,1,30,2,9,6,1,7,9,1,10,1,14,,44,,1,21,121.5342856,25.0449112
113,7,31,16,30,2,08士林區,士林區中山北路5段46號,0,0,1,1,C03,6,6,5,50,14,9,1,4,4,4,13,4,4,4,3,5,1,18,1,25,2,9,6,1,7,9,1,10,2,11,,42,,1,22,121.5256091,25.0836372
113,7,31,16,30,2,08士林區,士林區中山北路5段46號,0,0,1,2,,6,6,5,50,14,9,1,4,4,4,13,4,4,4,3,5,1,18,3,0,,,,,,,,,,,,129,,1,,121.5256091,25.0836372
113,7,31,16,30,2,08士林區,士林區自強隧道(外)北向出口,0,0,1,1,B03,6,6,5,50,14,9,1,4,4,5,13,4,4,1,4,5,1,37,2,53,2,7,3,4,7,9,1,8,1,1,,44,,1,22,121.5488584,25.09458717
113,7,31,16,30,2,08士林區,士林區自強隧道(外)北向出口,0,0,1,2,,6,6,5,50,14,9,1,4,4,5,13,4,4,1,4,5,1,37,3,0,,,,,,,,,10,,,129,,,,121.5488584,25.09458717
113,7,31,16,53,2,12內湖區,內湖區康寧路3段與康寧路3段165巷口,0,0,1,1,B03,8,5,5,50,4,1,1,5,4,5,13,2,1,1,4,5,2,16,1,73,3,10,7,1,7,5,1,8,2,5,,8,,1,21,121.6107625,25.0698403
113,7,31,16,53,2,12內湖區,內湖區康寧路3段與康寧路3段165巷口,0,0,1,2,C03,8,5,5,50,4,1,1,5,4,5,13,2,1,1,4,5,2,16,1,54,2,9,5,1,7,9,1,9,2,14,,44,,1,21,121.6107625,25.0698403
113,7,31,17,0,2,09北投區,北投區崗山路與崗山路8巷口,0,0,1,1,B03,6,7,5,30,4,1,1,4,4,5,13,4,4,7,5,5,2,15,1,44,3,10,3,4,7,9,1,10,2,1,,72,,1,21,121.486788,25.1402932
113,7,31,17,0,2,09北投區,北投區崗山路與崗山路8巷口,0,0,1,2,C03,6,7,5,30,4,1,1,4,4,5,13,4,4,7,5,5,2,15,1,61,2,9,3,4,7,9,1,8,2,12,,108,,1,21,121.486788,25.1402932
113,7,31,17,8,2,12內湖區,(東湖路112號),0,0,1,1,C03,6,6,5,50,4,2,1,4,4,5,13,2,1,5,4,5,2,17,1,64,3,10,5,4,7,1,1,10,11,17,,19,,2,22,121.6158615,25.0683165
113,7,31,17,8,2,12內湖區,(東湖路112號),0,0,1,2,C03,6,6,5,50,4,2,1,4,4,5,13,2,1,5,4,5,2,17,2,28,2,8,6,1,7,9,1,10,1,17,,44,,1,21,121.6158615,25.0683165
113,7,31,17,28,2,07信義區,信義區松仁路28號,0,0,1,1,C03,6,5,8,50,22,22,1,4,4,5,13,4,4,1,4,5,2,13,1,44,2,8,6,1,7,8,1,10,1,17,,16,,1,21,121.5684809,25.0397366
113,7,31,17,28,2,07信義區,信義區松仁路28號,0,0,1,2,B03,6,5,8,50,22,22,1,4,4,5,13,4,4,1,4,5,2,13,2,56,3,10,7,1,7,9,1,4,1,6,,44,,1,22,121.5684809,25.0397366
113,7,31,17,37,2,01大同區,大同區承德路1段與長安西路口,0,0,1,1,B03,6,6,5,50,4,1,1,4,4,5,13,2,1,1,4,5,2,13,1,43,3,10,3,4,7,5,1,8,1,1,,108,,1,21,121.5170942,25.05088353
113,7,31,17,37,2,01大同區,大同區承德路1段與長安西路口,0,0,1,2,C03,6,6,5,50,4,1,1,4,4,5,13,2,1,1,4,5,2,13,1,45,2,7,3,4,7,5,1,9,1,13,,44,,1,21,121.5170942,25.05088353
113,7,31,17,54,2,03中山區,中山區復興北路與民權東路3段口,0,0,1,1,C03,6,5,5,50,3,2,1,4,4,5,13,4,4,5,4,5,2,12,1,47,3,10,3,4,7,7,1,10,1,14,,101,,1,21,121.544189,25.0628127
113,7,31,17,54,2,03中山區,中山區復興北路與民權東路3段口,0,0,1,2,C03,6,5,5,50,3,2,1,4,4,5,13,4,4,5,4,5,2,12,2,51,2,9,3,4,7,9,1,10,1,12,,107,,1,21,121.544189,25.0628127
113,7,31,17,54,2,03中山區,中山區復興北路與民權東路3段口,0,0,1,3,B03,6,5,5,50,3,2,1,4,4,5,13,4,4,5,4,5,2,12,1,61,3,10,3,4,7,14,1,8,1,6,,44,,1,21,121.544189,25.0628127
113,7,31,17,55,2,08士林區,士林區中山北路7段與中山北路7段38巷口,0,0,2,1,C03,7,6,5,50,4,1,1,4,4,5,13,1,1,1,4,5,1,16,1,75,2,6,3,4,7,11,1,10,1,12,,10,,1,22,121.5311191,25.12027203
113,7,31,17,55,2,08士林區,士林區中山北路7段與中山北路7段38巷口,0,0,2,2,C03,7,6,5,50,4,1,1,4,4,5,13,1,1,1,4,5,1,16,1,30,2,7,3,4,7,9,1,10,2,11,,44,,1,22,121.5311191,25.12027203
113,7,31,18,14,2,07信義區,信義區忠孝東路4段515號,0,0,1,1,F01,6,5,8,0,22,20,4,4,4,5,13,4,4,10,5,5,2,18,2,31,2,8,4,1,7,9,8,20,9,14,,116,,1,21,121.5579424,25.0415525
113,7,31,18,14,2,07信義區,信義區忠孝東路4段515號,0,0,1,2,,6,5,8,0,22,20,4,4,4,5,13,4,4,10,5,5,2,18,3,0,,,,,,,,,,,,67,,1,,121.5579424,25.0415525
113,7,31,18,21,2,07信義區,信義區市民高架道往西,0,0,1,1,B03,6,7,9,80,14,9,1,4,4,5,13,4,4,9,4,5,2,13,1,39,3,10,7,1,7,9,1,8,1,1,,16,,1,21,121.5623163,25.0451309
113,7,31,18,21,2,07信義區,信義區市民高架道往西,0,0,1,2,B03,6,7,9,80,14,9,1,4,4,5,13,4,4,9,4,5,2,13,2,46,2,1,7,1,7,9,1,8,1,3,,44,,1,21,121.5623163,25.0451309
113,7,31,18,38,2,10文山區,文山區信義快速道路北往南,0,0,1,1,B03,6,6,5,70,6,7,1,4,4,5,13,4,4,1,4,5,2,13,2,20,3,10,7,1,7,1,1,8,1,5,,16,,1,21,121.5779397,25.0017864
113,7,31,18,38,2,10文山區,文山區信義快速道路北往南,0,0,1,2,B03,6,6,5,70,6,7,1,4,4,5,13,4,4,1,4,5,2,13,1,43,2,2,7,1,7,9,1,8,1,7,,44,,1,21,121.5779397,25.0017864
113,7,31,18,40,2,07信義區,信義區忠孝東路4段555號,0,0,2,1,C03,6,5,5,50,14,9,1,4,4,5,13,4,4,1,4,4,2,29,1,25,2,9,6,1,7,9,1,10,9,12,,107,,1,22,121.563382,25.0412518
113,7,31,18,40,2,07信義區,信義區忠孝東路4段555號,0,0,2,2,,6,5,5,50,14,9,1,4,4,5,13,4,4,1,4,4,2,29,3,0,,,,,,,,,,,,67,,1,,121.563382,25.0412518
113,7,31,18,40,2,07信義區,信義區忠孝東路4段555號,0,0,2,3,H02,6,5,5,50,14,9,1,4,4,5,13,4,4,1,4,4,2,29,2,22,2,9,6,5,7,17,8,20,10,16,,67,,1,22,121.563382,25.0412518
113,7,31,18,45,2,07信義區,信義區市民大道5段50號,0,0,2,1,C03,6,5,5,50,14,9,1,4,4,5,13,1,1,3,4,5,2,13,2,19,2,8,6,4,7,9,1,10,1,12,,16,,1,21,121.5628152,25.0471329
113,7,31,18,45,2,07信義區,信義區市民大道5段50號,0,0,2,2,C03,6,5,5,50,14,9,1,4,4,5,13,1,1,3,4,5,2,13,1,26,2,8,6,4,7,14,1,10,1,14,,44,,1,21,121.5628152,25.0471329
113,7,31,18,53,2,03中山區,中山區中山北路1段與長安西路口,0,0,1,1,B01,6,5,5,50,14,8,1,4,4,5,13,1,1,1,3,1,2,13,1,59,3,10,7,1,7,9,1,4,1,1,,99,,1,21,121.5214852,25.0499108
113,7,31,18,53,2,03中山區,中山區中山北路1段與長安西路口,0,0,1,2,C03,6,5,5,50,14,8,1,4,4,5,13,1,1,1,3,1,2,13,1,39,2,8,6,1,7,9,1,10,1,13,,44,,1,21,121.5214852,25.0499108