發生年度,發生月,發生日,發生時-Hours,發生分,處理別-編號,區序,肇事地點,死亡人數,2-30日死亡人數,受傷人數,當事人序號,車種,天候,道路照明設備,道路類別,速限-速度限制,道路型態,事故位置,路面狀況1,路面狀況2,路面狀況3,道路障礙1,道路障礙2,號誌1,號誌2,車道劃分-分向,車道劃分-分道1,車道劃分-分道2,車道劃分-分道3,事故類型及型態,性別,年齡,受傷程度,主要傷處,保護裝置,行動電話,車輛用途,當事者行動狀態,駕駛資格情形,駕駛執照種類,飲酒情形,車輛撞擊部位1,車輛撞擊部位2,肇因碼-個別,肇因碼-主要,個人肇逃否,職業,座標-X,座標-Y
113,7,31,18,55,2,06松山區,松山區八德路4段與光復北路口,0,0,1,1,B12,6,5,5,50,4,1,1,4,4,5,13,4,4,1,4,5,1,17,1,50,3,10,7,1,7,15,1,8,1,17,,44,,1,21,121.5579068,25.0481395
113,7,31,18,55,2,06松山區,松山區八德路4段與光復北路口,0,0,1,2,C03,6,5,5,50,4,1,1,4,4,5,13,4,4,1,4,5,1,17,1,26,2,9,5,1,7,9,1,10,1,12,,116,,1,21,121.5579068,25.0481395
113,7,31,18,58,2,10文山區,文山區木柵路4段78號前,0,0,1,1,A02,6,5,5,50,14,9,1,4,4,5,13,2,1,5,4,5,2,9,1,58,3,10,7,1,7,9,1,2,1,15,,44,,1,21,121.5745689,24.99813637
113,7,31,18,58,2,10文山區,文山區木柵路4段78號前,0,0,1,2,H02,6,5,5,50,14,9,1,4,4,5,13,2,1,5,4,5,2,9,2,61,2,8,2,5,7,20,8,20,10,17,,44,,1,22,121.5745689,24.99813637
113,7,31,18,58,2,10文山區,文山區羅斯福路5段與羅斯福路5段92巷口,0,0,3,1,C03,6,5,5,50,3,2,1,4,4,5,13,4,4,1,4,5,2,16,1,28,2,9,6,1,7,6,1,10,1,12,,9,,1,21,121.5385376,25.0072156
113,7,31,18,58,2,10文山區,文山區羅斯福路5段與羅斯福路5段92巷口,0,0,3,2,C03,6,5,5,50,3,2,1,4,4,5,13,4,4,1,4,5,2,16,1,22,2,9,6,1,7,9,1,10,1,14,,44,,1,21,121.5385376,25.0072156
113,7,31,18,58,2,10文山區,文山區羅斯福路5段與羅斯福路5段92巷口,0,0,3,3,H02,6,5,5,50,3,2,1,4,4,5,13,4,4,1,4,5,2,16,2,18,2,9,6,5,7,21,8,20,10,16,,67,,1,21,121.5385376,25.0072156
113,7,31,19,10,2,02萬華區,萬華區環河南路1段71號對面,0,0,2,1,C03,6,5,5,50,14,9,1,4,4,5,13,4,4,5,5,5,2,3,1,45,2,9,5,4,7,9,1,9,1,11,,44,,1,21,121.5017255,25.0450515
113,7,31,19,10,2,02萬華區,萬華區環河南路1段71號對面,0,0,2,2,H01,6,5,5,50,14,9,1,4,4,5,13,4,4,5,5,5,2,3,2,57,2,9,4,5,8,16,8,20,1,16,,53,,1,21,121.5017255,25.0450515
113,7,31,19,15,2,05中正區,中正區水源快速道路往南永福橋上方,0,0,1,1,B03,6,5,5,60,14,9,1,4,4,5,13,4,4,10,4,5,2,12,1,27,3,10,7,1,7,7,1,8,1,5,,100,,1,21,121.5285876,25.01123656
113,7,31,19,15,2,05中正區,中正區水源快速道路往南永福橋上方,0,0,1,2,B03,6,5,5,60,14,9,1,4,4,5,13,4,4,10,4,5,2,12,1,42,2,1,7,1,7,9,1,8,1,7,,13,,1,21,121.5285876,25.01123656
113,7,31,19,17,2,10文山區,文山區木柵路2段與興隆路4段口口,0,0,1,1,C03,6,5,5,50,4,1,1,4,4,5,13,2,1,5,5,5,2,18,1,37,2,9,5,1,7,5,1,10,1,12,,44,,1,21,121.5601021,24.9886873
113,7,31,19,17,2,10文山區,文山區木柵路2段與興隆路4段口口,0,0,1,2,,6,5,5,50,4,1,1,4,4,5,13,2,1,5,5,5,2,18,3,,,,,,,,,,,,,67,,1,,121.5601021,24.9886873
113,7,31,19,25,2,03中山區,中山區北安路與劍南路口,0,0,1,1,B03,6,5,5,50,4,1,1,5,4,5,13,1,1,1,4,5,2,17,1,61,3,10,7,1,7,5,1,8,1,2,,8,,1,21,121.5539654,25.0854558
113,7,31,19,25,2,03中山區,中山區北安路與劍南路口,0,0,1,2,C03,6,5,5,50,4,1,1,5,4,5,13,1,1,1,4,5,2,17,2,36,2,9,6,1,7,9,1,10,1,11,,44,,1,21,121.5539654,25.0854558
113,7,31,19,37,2,12內湖區,內湖區康寧路3段169號,0,0,1,1,C03,7,5,5,50,14,9,1,4,4,5,13,4,4,9,5,5,2,16,2,31,2,9,5,1,7,9,1,10,1,11,,108,,1,21,121.6113341,25.0766514
113,7,31,19,37,2,12內湖區,內湖區康寧路3段169號,0,0,1,2,C03,7,5,5,50,14,9,1,4,4,5,13,4,4,9,5,5,2,16,1,41,3,10,5,1,7,15,1,10,1,13,,116,,1,21,121.6113341,25.0766514
113,7,31,19,45,2,06松山區,松山區八德路4段與松山路口,0,0,1,1,B02,7,5,5,50,14,7,1,4,4,5,13,2,1,1,4,4,2,13,1,60,3,10,7,1,7,1,1,4,1,1,,42,,1,21,121.5774198,25.0500213
113,7,31,19,45,2,06松山區,松山區八德路4段與松山路口,0,0,1,2,C03,7,5,5,50,14,7,1,4,4,5,13,2,1,1,4,4,2,13,2,37,2,5,5,1,7,14,1,10,1,13,,44,,1,21,121.5774198,25.0500213
113,7,31,19,56,2,01大同區,大同區台北橋機慢車道往三重,0,0,1,1,C03,6,5,5,50,8,11,1,4,4,5,13,4,4,1,5,5,2,12,2,30,3,10,5,1,7,9,1,10,1,12,,17,,1,21,121.508134,25.063569
113,7,31,19,56,2,01大同區,大同區台北橋機慢車道往三重,0,0,1,2,C03,6,5,5,50,8,11,1,4,4,5,13,4,4,1,5,5,2,12,2,47,2,9,5,1,7,9,1,10,1,14,,44,,1,21,121.508134,25.063569
113,7,31,20,20,2,05中正區,中正區愛國西路與延平南路口,0,0,1,1,C03,6,5,5,40,4,2,1,4,4,5,13,1,1,1,4,4,2,17,2,29,2,9,5,1,7,6,1,10,1,12,,9,,1,22,121.5079057,25.0365798
113,7,31,20,20,2,05中正區,中正區愛國西路與延平南路口,0,0,1,2,C03,6,5,5,40,4,2,1,4,4,5,13,1,1,1,4,4,2,17,1,34,3,10,5,1,7,9,1,10,1,14,,44,,1,22,121.5079057,25.0365798
113,7,31,20,21,2,06松山區,松山區復興北路203號,0,0,1,1,A02,6,5,5,50,14,9,1,4,4,5,13,2,1,1,4,5,2,17,1,60,3,10,7,1,7,9,1,2,2,4,,16,,1,21,121.5442398,25.0557699
113,7,31,20,21,2,06松山區,松山區復興北路203號,0,0,1,2,C03,6,5,5,50,14,9,1,4,4,5,13,2,1,1,4,5,2,17,1,36,2,9,6,1,7,14,1,10,2,12,,42,,1,21,121.5442398,25.0557699
113,7,31,21,24,2,01大同區,大同區延平北路4段與延平北路4段153巷口,0,0,1,1,F03,6,5,5,30,3,1,1,4,4,5,13,4,4,4,4,5,2,17,1,80,3,10,3,4,7,9,8,20,1,17,,118,,1,21,121.5111724,25.07264258
113,7,31,21,24,2,01大同區,大同區延平北路4段與延平北路4段153巷口,0,0,1,2,C03,6,5,5,30,3,1,1,4,4,5,13,4,4,4,4,5,2,17,2,50,2,9,3,4,7,9,1,10,1,17,,14,,1,21,121.5111724,25.07264258
113,7,31,22,0,2,12內湖區,內湖區洲子街50號,0,0,2,1,C03,8,5,6,50,14,9,1,5,4,5,13,4,4,5,5,5,2,2,1,58,2,9,6,1,7,9,1,10,2,11,,108,,1,22,121.5732944,25.0792097
113,7,31,22,0,2,12內湖區,內湖區洲子街50號,0,0,2,2,H01,8,5,6,50,14,9,1,5,4,5,13,4,4,5,5,5,2,2,1,25,2,9,4,5,8,16,8,20,10,16,,60,,1,22,121.5732944,25.0792097
113,7,31,22,30,2,08士林區,士林區永公路N0.1105461燈桿,0,0,1,1,C03,6,5,5,30,11,9,1,4,4,5,13,4,4,10,5,5,1,18,1,57,2,9,5,1,7,9,1,10,8,12,,21,,1,21,121.5196096,25.09619989
113,7,31,22,30,2,08士林區,士林區永公路N0.1105461燈桿,0,0,1,2,,6,5,5,30,11,9,1,4,4,5,13,4,4,10,5,5,1,18,3,,,,,,,,,,,,,67,,1,,121.5196096,25.09619989
113,7,31,23,20,2,08士林區,士林區文林路138號,0,0,2,1,C03,7,5,5,50,14,9,1,5,4,5,13,4,4,9,4,5,1,17,1,21,2,8,5,1,7,11,1,10,2,14,,92,,1,21,121.5265393,25.08872607
113,7,31,23,20,2,08士林區,士林區文林路138號,0,0,2,2,C03,7,5,5,50,14,9,1,5,4,5,13,4,4,9,4,5,1,17,1,21,2,8,5,1,7,9,1,10,2,11,,14,,1,21,121.5265393,25.08872607
113,8,1,0,2,2,07信義區,信義區忠孝東路4段與忠孝東路4段554巷口,0,0,1,1,C03,8,5,5,50,3,2,1,5,4,5,13,4,4,1,4,5,2,15,2,51,3,10,5,1,7,3,1,10,1,17,,72,,1,21,121.563647,25.0410904
113,8,1,0,2,2,07信義區,信義區忠孝東路4段與忠孝東路4段554巷口,0,0,1,2,C03,8,5,5,50,3,2,1,5,4,5,13,4,4,1,4,5,2,15,2,27,2,9,5,1,7,9,1,10,1,12,,16,,1,21,121.563647,25.0410904
113,8,1,0,24,2,03中山區,中山區中山北路1段與長安東路1段口,0,0,1,1,B01,7,5,5,50,4,1,1,4,4,5,13,1,1,1,4,1,2,16,1,63,3,10,3,4,7,5,1,4,1,2,,8,,1,21,121.5216825,25.04969649
113,8,1,0,24,2,03中山區,中山區中山北路1段與長安東路1段口,0,0,1,2,C03,7,5,5,50,4,1,1,4,4,5,13,1,1,1,4,1,2,16,1,22,2,9,3,4,7,9,1,10,1,11,,13,,1,21,121.5216825,25.04969649
113,8,1,7,30,2,06松山區,松山區三民路與富錦街口,0,0,1,1,B01,8,6,5,50,4,2,1,5,4,5,13,1,1,1,3,5,2,3,1,52,3,10,3,1,7,6,1,4,11,1,,66,,1,21,121.5631883,25.06085
113,8,1,7,30,2,06松山區,松山區三民路與富錦街口,0,0,1,2,H01,8,6,5,50,4,2,1,5,4,5,13,1,1,1,3,5,2,3,2,13,2,9,4,5,8,16,8,20,10,16,,29,,1,15,121.5631883,25.06085
113,8,1,7,53,2,01大同區,大同區鄭州路與環河北路1段口,0,0,1,1,C03,8,6,5,50,4,2,1,5,4,5,13,1,1,1,4,5,2,17,1,45,3,10,5,1,7,15,1,10,2,12,,42,,1,21,121.5069009,25.0507768
113,8,1,7,53,2,01大同區,大同區鄭州路與環河北路1段口,0,0,1,2,C03,8,6,5,50,4,2,1,5,4,5,13,1,1,1,4,5,2,17,1,42,3,10,5,1,7,9,1,10,2,14,,44,,1,21,121.5069009,25.0507768
113,8,1,7,53,2,01大同區,大同區鄭州路與環河北路1段口,0,0,1,3,C03,8,6,5,50,4,2,1,5,4,5,13,1,1,1,4,5,2,17,1,49,2,9,5,1,7,9,1,10,2,12,,44,,1,21,121.5069009,25.0507768
113,8,1,8,5,2,11南港區,南港區重陽路與興中路86巷口,0,0,1,1,B03,8,6,5,50,3,1,1,5,4,5,13,4,4,4,3,4,2,16,1,35,3,10,3,4,7,9,1,8,1,6,,44,,1,21,121.6057573,25.057927
113,8,1,8,5,2,11南港區,南港區重陽路與興中路86巷口,0,0,1,2,C03,8,6,5,50,3,1,1,5,4,5,13,4,4,4,3,4,2,16,2,25,2,9,3,4,7,5,1,10,1,11,,44,,1,21,121.6057573,25.057927
113,8,1,8,15,2,05中正區,中正區忠孝西路1段與重慶南路1段口,0,0,2,1,C03,8,6,5,50,4,2,1,5,4,5,13,2,1,3,4,5,2,13,2,33,2,8,5,1,7,9,1,10,2,11,,16,,1,22,121.5132624,25.04716945
113,8,1,8,15,2,05中正區,中正區忠孝西路1段與重慶南路1段口,0,0,2,2,C03,8,6,5,50,4,2,1,5,4,5,13,2,1,3,4,5,2,13,1,45,2,8,5,1,7,9,1,10,2,13,,44,,1,22,121.5132624,25.04716945
113,8,1,8,19,2,04大安區,大安區信義路3段134巷與建國南路2段79巷口,0,0,2,1,F02,8,6,5,30,4,2,1,5,4,5,13,4,4,9,5,5,2,16,2,71,2,9,4,1,7,5,8,20,1,14,,8,,1,21,121.5394098,25.0307476
113,8,1,8,19,2,04大安區,大安區信義路3段134巷與建國南路2段79巷口,0,0,2,2,C04,8,6,5,30,4,2,1,5,4,5,13,4,4,9,5,5,2,16,1,61,2,9,6,1,7,9,1,10,1,11,,13,,1,21,121.5394098,25.0307476
113,8,1,8,30,2,07信義區,信義區崇德街38巷3號,0,0,1,1,C03,8,5,5,30,14,9,1,5,4,5,13,4,4,10,5,5,2,17,1,37,2,7,6,1,7,9,3,18,1,14,,17,,1,22,121.5538795,25.0241175
113,8,1,8,30,2,07信義區,信義區崇德街38巷3號,0,0,1,2,B01,8,5,5,30,14,9,1,5,4,5,13,4,4,10,5,5,2,17,1,39,3,10,7,1,7,9,1,4,1,4,,17,,1,22,121.5538795,25.0241175
113,8,1,8,35,2,04大安區,大安區光復南路420巷1弄與光復南路420巷口,0,0,3,1,C03,8,6,5,30,4,1,1,5,4,5,13,4,4,10,5,5,1,15,2,39,2,7,5,1,7,9,1,10,1,12,,75,,1,21,121.5568937,25.0364654
113,8,1,8,35,2,04大安區,大安區光復南路420巷1弄與光復南路420巷口,0,0,3,2,C03,8,6,5,30,4,1,1,5,4,5,13,4,4,10,5,5,1,15,1,31,2,7,5,1,7,9,1,10,1,11,,14,,1,21,121.5568937,25.0364654
113,8,1,8,35,2,04大安區,大安區光復南路420巷1弄與光復南路420巷口,0,0,3,3,H02,8,6,5,30,4,1,1,5,4,5,13,4,4,10,5,5,1,15,2,36,2,7,5,5,7,20,8,20,10,16,,67,,1,21,121.5568937,25.0364654
113,8,1,8,40,2,02萬華區,萬華區華江橋機車道往臺北市,0,0,1,2,C03,8,7,5,40,8,11,1,5,4,5,13,4,4,1,5,5,2,17,2,38,2,8,5,1,7,9,1,10,11,17,,44,,1,21,121.4891472,25.03486471
113,8,1,8,40,2,02萬華區,萬華區華江橋機車道往臺北市,0,0,1,1,C03,8,7,5,40,8,11,1,5,4,5,13,4,4,1,5,5,2,17,4,0,,,,,,,,,,,,119,,2,,121.4891472,25.03486471
113,8,1,8,46,2,07信義區,信義區松仁路與莊敬路口,0,0,1,1,C03,8,6,5,50,4,1,1,5,4,5,13,2,1,9,5,5,2,16,1,29,3,10,5,4,7,5,1,10,1,12,,71,,1,21,121.5683703,25.0267003
113,8,1,8,46,2,07信義區,信義區松仁路與莊敬路口,0,0,1,2,C03,8,6,5,50,4,1,1,5,4,5,13,2,1,9,5,5,2,16,1,46,2,8,5,4,7,9,1,10,1,11,14,44,,1,21,121.5683703,25.0267003
113,8,1,9,0,2,12內湖區,內湖區民權東路6段190巷21弄3號,0,0,1,1,C03,8,6,5,30,4,1,1,5,4,5,13,4,4,5,5,5,2,15,1,29,2,9,6,1,7,9,1,10,2,11,,72,,1,21,121.5943556,25.06809081
113,8,1,9,0,2,12內湖區,內湖區民權東路6段190巷21弄3號,0,0,1,2,B01,8,6,5,30,4,1,1,5,4,5,13,4,4,5,5,5,2,15,1,60,3,10,7,1,7,9,1,4,2,8,,14,,1,21,121.5943556,25.06809081
113,8,1,9,11,2,05中正區,中正區永福橋(往台北市方向),0,0,2,1,C03,8,6,5,50,8,9,1,5,4,5,13,4,4,5,2,5,1,13,2,76,2,9,5,1,7,9,1,10,2,11,,16,,1,21,121.5286174,25.0120462
113,8,1,9,11,2,05中正區,中正區永福橋(往台北市方向),0,0,2,2,C03,8,6,5,50,8,9,1,5,4,5,13,4,4,5,2,5,1,13,2,29,2,9,5,1,7,14,1,10,2,13,,44,,1,21,121.5286174,25.0120462
113,8,1,9,19,2,03中山區,中山區市民大道2段與長安東路1段52巷口,0,0,3,3,H02,8,7,5,40,3,1,1,5,4,5,13,1,1,1,4,5,2,16,2,32,2,9,5,5,7,17,8,20,10,16,,67,,1,22,121.5277998,25.0470476
113,8,1,9,19,2,03中山區,中山區市民大道2段與長安東路1段52巷口,0,0,3,1,C03,8,7,5,40,3,1,1,5,4,5,13,1,1,1,4,5,2,16,2,32,2,9,5,1,7,6,1,10,1,12,,9,,1,22,121.5277998,25.0470476
113,8,1,9,19,2,03中山區,中山區市民大道2段與長安東路1段52巷口,0,0,3,2,C03,8,7,5,40,3,1,1,5,4,5,13,1,1,1,4,5,2,16,1,33,2,9,5,1,7,9,1,10,1,11,,14,,1,22,121.5277998,25.0470476
113,8,1,9,30,2,04大安區,大安區金山南路2段與愛國東路附近口,0,0,1,1,C03,8,6,5,50,4,2,1,5,4,5,13,2,1,10,5,5,2,13,1,27,2,9,6,4,7,9,1,10,1,11,,108,,1,22,121.5267158,25.0314312
113,8,1,9,30,2,04大安區,大安區金山南路2段與愛國東路附近口,0,0,1,2,C03,8,6,5,50,4,2,1,5,4,5,13,2,1,10,5,5,2,13,2,31,3,10,6,4,7,9,1,10,1,13,,44,,1,22,121.5267158,25.0314312
113,8,1,9,45,2,10文山區,文山區指南路3段115-8號附近側附近,0,0,1,1,C03,8,7,5,30,14,9,1,5,4,5,13,4,4,10,5,5,2,10,1,64,2,9,5,1,7,9,1,10,1,11,,5,,1,21,121.58309,24.97769689
113,8,1,9,45,2,10文山區,文山區指南路3段115-8號附近側附近,0,0,1,2,B03,8,7,5,30,14,9,1,5,4,5,13,4,4,10,5,5,2,10,1,74,3,10,7,1,7,9,1,8,1,8,,44,,1,21,121.58309,24.97769689
113,8,1,9,47,2,04大安區,大安區忠孝東路3段46號,0,0,1,1,C03,8,6,5,50,14,9,1,5,4,5,13,4,4,1,4,5,2,17,1,24,2,7,6,1,7,9,1,10,9,11,,44,,1,21,121.5347925,25.04193774
113,8,1,9,47,2,04大安區,大安區忠孝東路3段46號,0,0,1,2,B03,8,6,5,50,14,9,1,5,4,5,13,4,4,1,4,5,2,17,2,37,3,10,7,1,7,14,1,8,9,6,,44,,1,21,121.5347925,25.04193774
113,8,1,9,49,2,12內湖區,內湖區民權東路6段46巷旁,0,0,1,1,C03,8,5,5,50,9,9,1,5,4,5,13,4,4,1,4,4,2,12,1,35,2,9,6,1,7,7,1,10,1,17,,16,,1,21,121.5820503,25.06808452
113,8,1,9,49,2,12內湖區,內湖區民權東路6段46巷旁,0,0,1,2,C03,8,5,5,50,9,9,1,5,4,5,13,4,4,1,4,4,2,12,2,53,3,10,6,1,7,12,1,10,1,15,,44,,1,21,121.5820503,25.06808452
113,8,1,9,49,2,12內湖區,內湖區民權東路6段46巷旁,0,0,1,3,B03,8,5,5,50,9,9,1,5,4,5,13,4,4,1,4,4,2,12,1,47,3,10,7,1,7,9,1,8,1,5,,117,,1,21,121.5820503,25.06808452
113,8,1,10,5,2,05中正區,中正區金山北路與金山北路口迴轉道,0,0,1,1,B03,8,7,5,50,3,1,1,5,4,5,13,4,4,9,4,5,1,17,1,19,3,10,7,1,7,5,1,8,2,8,,72,,1,22,121.5307013,25.0454583
113,8,1,10,5,2,05中正區,中正區金山北路與金山北路口迴轉道,0,0,1,2,C03,8,7,5,50,3,1,1,5,4,5,13,4,4,9,4,5,1,17,1,41,2,9,6,1,7,9,1,10,2,14,,44,,1,22,121.5307013,25.0454583
113,8,1,10,14,2,09北投區,北投區文林北路94巷與明德路38巷口,0,0,2,1,C03,8,5,5,30,4,1,1,5,4,5,13,4,4,10,5,5,2,15,1,39,2,9,5,1,7,9,1,10,1,11,,14,,1,21,121.5189228,25.1069071
113,8,1,10,14,2,09北投區,北投區文林北路94巷與明德路38巷口,0,0,2,2,C03,8,5,5,30,4,1,1,5,4,5,13,4,4,10,5,5,2,15,1,74,2,9,5,1,7,9,1,10,1,14,,14,,1,21,121.5189228,25.1069071
113,8,1,10,24,2,04大安區,大安區市民高架道往東173號燈桿,0,0,1,1,B03,8,7,5,80,10,7,1,5,4,5,13,4,4,8,3,5,2,13,1,47,3,10,3,4,7,9,3,18,1,1,,16,,1,21,121.5535574,25.04436789
113,8,1,10,24,2,04大安區,大安區市民高架道往東173號燈桿,0,0,1,2,B03,8,7,5,80,10,7,1,5,4,5,13,4,4,8,3,5,2,13,1,58,3,10,3,4,7,9,1,8,1,3,,44,,1,21,121.5535574,25.04436789
113,8,1,10,24,2,04大安區,大安區市民高架道往東173號燈桿,0,0,1,3,H02,8,7,5,80,10,7,1,5,4,5,13,4,4,8,3,5,2,13,2,62,2,4,3,5,7,20,8,20,10,16,,67,,1,21,121.5535574,25.04436789
113,8,1,10,37,2,12內湖區,內湖區成功路2段與成功路2段426巷口,0,0,1,1,C03,8,6,5,50,4,1,1,5,4,5,13,2,1,1,4,5,2,17,1,20,2,7,5,1,7,9,3,18,1,11,,42,,1,21,121.5897304,25.07151565
113,8,1,10,37,2,12內湖區,內湖區成功路2段與成功路2段426巷口,0,0,1,2,B03,8,6,5,50,4,1,1,5,4,5,13,2,1,1,4,5,2,17,1,77,3,10,7,1,7,9,1,8,1,6,,44,,1,21,121.5897304,25.07151565
113,8,1,10,37,2,12內湖區,內湖區成功路2段與成功路2段426巷口,0,0,1,3,A05,8,6,5,50,4,1,1,5,4,5,13,2,1,1,4,5,2,17,1,55,3,10,7,1,7,9,1,2,1,4,,44,,1,21,121.5897304,25.07151565
113,8,1,10,45,2,12內湖區,內湖區內湖路3段256巷19號附近側附近,0,0,1,1,B03,8,6,5,30,11,9,1,5,4,5,13,4,4,10,5,5,2,17,1,72,3,10,7,1,7,5,1,8,1,8,,5,,1,21,121.5871355,25.09467879
113,8,1,10,45,2,12內湖區,內湖區內湖路3段256巷19號附近側附近,0,0,1,2,C03,8,6,5,30,11,9,1,5,4,5,13,4,4,10,5,5,2,17,1,74,2,9,6,1,7,5,1,10,1,14,,42,,1,21,121.5871355,25.09467879
113,8,1,11,0,2,03中山區,中山區中山北路2段153號,0,0,3,2,C03,8,7,5,50,14,9,1,5,4,5,13,4,4,1,4,5,2,13,1,42,2,8,6,4,7,14,1,10,1,13,,44,,1,21,121.522982,25.06213803
113,8,1,11,0,2,03中山區,中山區中山北路2段153號,0,0,3,3,C03,8,7,5,50,14,9,1,5,4,5,13,4,4,1,4,5,2,13,1,28,2,8,6,4,7,14,1,10,1,14,,44,,1,21,121.522982,25.06213803
113,8,1,11,0,2,03中山區,中山區中山北路2段153號,0,0,3,4,H02,8,7,5,50,14,9,1,5,4,5,13,4,4,1,4,5,2,13,2,26,2,8,6,5,7,20,8,20,10,16,,67,,1,21,121.522982,25.06213803
113,8,1,11,0,2,03中山區,中山區中山北路2段153號,0,0,3,1,B01,8,7,5,50,14,9,1,5,4,5,13,4,4,1,4,5,2,13,2,48,3,10,3,4,7,9,1,4,1,5,,108,,1,21,121.522982,25.06213803
113,8,1,11,6,2,09北投區,北投區文林北路216號,0,0,1,1,C03,8,6,5,50,14,7,1,5,4,5,13,4,4,1,4,4,2,13,1,60,2,9,5,1,7,9,1,10,2,11,,16,,1,21,121.5147706,25.1076851
113,8,1,11,6,2,09北投區,北投區文林北路216號,0,0,1,2,B03,8,6,5,50,14,7,1,5,4,5,13,4,4,1,4,4,2,13,1,60,3,10,7,1,7,8,1,8,2,3,,44,,1,21,121.5147706,25.1076851
113,8,1,11,20,2,05中正區,中正區公園路與貴陽街1段口,0,0,1,1,B01,8,6,5,50,4,1,1,5,4,5,13,2,1,5,4,4,2,16,1,66,3,10,7,1,7,5,1,4,1,2,,71,,1,22,121.515205,25.03862313
113,8,1,11,20,2,05中正區,中正區公園路與貴陽街1段口,0,0,1,2,C04,8,6,5,50,4,1,1,5,4,5,13,2,1,5,4,4,2,16,2,30,2,9,5,1,7,9,1,10,1,11,,110,,1,22,121.515205,25.03862313
113,8,1,11,45,2,04大安區,大安區敦化南路2段與四維路154巷口,0,0,2,1,B03,8,5,5,50,4,1,1,5,4,5,13,1,1,1,4,1,2,16,2,24,2,3,3,4,7,5,1,8,1,1,,71,,1,21,121.5485595,25.0309946
113,8,1,11,45,2,04大安區,大安區敦化南路2段與四維路154巷口,0,0,2,2,B01,8,5,5,50,4,1,1,5,4,5,13,1,1,1,4,1,2,16,1,60,3,10,3,4,7,9,1,4,1,8,,44,,1,21,121.5485595,25.0309946
113,8,1,11,45,2,04大安區,大安區敦化南路2段與四維路154巷口,0,0,2,3,C03,8,5,5,50,4,1,1,5,4,5,13,1,1,1,4,1,2,16,1,40,2,9,3,4,7,9,1,10,1,14,,44,,1,21,121.5485595,25.0309946
113,8,1,11,54,2,12內湖區,內湖區成功路2段369號,0,0,1,1,C03,7,6,5,50,14,9,1,5,4,5,13,4,4,1,4,5,2,13,2,26,2,9,5,1,7,9,1,10,1,11,,16,,1,21,121.5898926,25.07380214
113,8,1,11,54,2,12內湖區,內湖區成功路2段369號,0,0,1,2,B03,7,6,5,50,14,9,1,5,4,5,13,4,4,1,4,5,2,13,2,50,3,10,7,1,7,14,1,8,1,3,,44,,1,21,121.5898926,25.07380214
113,8,1,12,28,2,05中正區,中正區青島東路(台北商業大學停車場出入口),0,0,1,1,B03,8,6,5,50,14,8,1,5,4,5,13,4,4,5,5,4,2,16,2,53,3,10,2,1,7,6,1,8,2,2,,9,,1,22,121.5250516,25.0430816
113,8,1,12,28,2,05中正區,中正區青島東路(台北商業大學停車場出入口),0,0,1,2,C03,8,6,5,50,14,8,1,5,4,5,13,4,4,5,5,4,2,16,1,42,2,9,5,1,7,9,1,10,2,11,,44,,1,22,121.5250516,25.0430816
113,8,1,12,40,2,03中山區,中山區民生東路1段與民生東路1段70巷口,0,0,1,1,C03,8,7,5,50,4,1,1,5,4,5,13,4,4,5,4,5,2,16,1,50,3,10,5,1,7,5,1,10,1,12,,8,,1,22,121.5264373,25.0580012
113,8,1,12,40,2,03中山區,中山區民生東路1段與民生東路1段70巷口,0,0,1,2,C03,8,7,5,50,4,1,1,5,4,5,13,4,4,5,4,5,2,16,1,43,2,9,5,1,7,9,1,10,1,11,,44,,1,22,121.5264373,25.0580012
113,8,1,12,50,2,07信義區,信義區松山路655號,0,0,1,1,B01,8,7,5,30,11,9,1,5,4,5,10,4,4,5,2,5,2,11,1,68,3,10,7,1,7,14,1,8,9,17,,38,,1,21,121.5795397,25.0354341
113,8,1,12,50,2,07信義區,信義區松山路655號,0,0,1,2,C03,8,7,5,30,11,9,1,5,4,5,10,4,4,5,2,5,2,11,1,18,3,10,5,1,7,7,1,10,1,11,,95,,1,21,121.5795397,25.0354341
113,8,1,12,50,2,07信義區,信義區松山路655號,0,0,1,3,C03,8,7,5,30,11,9,1,5,4,5,10,4,4,5,2,5,2,11,1,34,2,9,5,1,7,9,1,10,1,11,,44,,1,21,121.5795397,25.0354341
113,8,1,13,0,2,04大安區,大安區新生南路3段96號對面,0,0,1,1,C03,8,6,5,40,14,8,1,5,4,5,13,4,4,1,4,4,2,17,1,41,3,10,5,1,7,9,1,10,9,12,,44,,1,22,121.5334902,25.0171498
113,8,1,13,0,2,04大安區,大安區新生南路3段96號對面,0,0,1,2,C03,8,6,5,40,14,8,1,5,4,5,13,4,4,1,4,4,2,17,2,47,2,7,5,1,7,13,1,10,9,14,,118,,1,22,121.5334902,25.0171498
113,8,1,13,18,2,11南港區,南港區福德街309巷與福德街309巷20弄口,0,0,1,1,C03,8,6,5,30,3,1,1,5,4,5,13,4,4,10,5,5,2,17,1,49,2,9,3,4,7,9,1,10,1,11,,42,,1,21,121.5886109,25.0382651
113,8,1,13,18,2,11南港區,南港區福德街309巷與福德街309巷20弄口,0,0,1,2,C02,8,6,5,30,3,1,1,5,4,5,13,4,4,10,5,5,2,17,1,37,3,10,3,4,7,14,1,9,1,12,,38,,1,21,121.5886109,25.0382651
113,8,1,13,18,2,11南港區,南港區福德街309巷與福德街309巷20弄口,0,0,1,3,B12,8,6,5,30,3,1,1,5,4,5,13,4,4,10,5,5,2,17,1,37,3,10,3,4,7,14,1,8,1,3,,38,,1,21,121.5886109,25.0382651