發生年度,發生月,發生日,發生時-Hours,發生分,處理別-編號,區序,肇事地點,死亡人數,2-30日死亡人數,受傷人數,當事人序號,車種,天候,道路照明設備,道路類別,速限-速度限制,道路型態,事故位置,路面狀況1,路面狀況2,路面狀況3,道路障礙1,道路障礙2,號誌1,號誌2,車道劃分-分向,車道劃分-分道1,車道劃分-分道2,車道劃分-分道3,事故類型及型態,性別,年齡,受傷程度,主要傷處,保護裝置,行動電話,車輛用途,當事者行動狀態,駕駛資格情形,駕駛執照種類,飲酒情形,車輛撞擊部位1,車輛撞擊部位2,肇因碼-個別,肇因碼-主要,個人肇逃否,職業,座標-X,座標-Y
113,8,1,13,42,2,02萬華區,萬華區大理街與和平西路3段218巷口,0,0,1,1,B02,8,7,5,30,3,2,1,5,4,5,13,4,4,10,5,5,2,17,2,64,3,10,7,1,7,15,1,4,1,4,,40,,1,21,121.4965443,25.0341867
113,8,1,13,42,2,02萬華區,萬華區大理街與和平西路3段218巷口,0,0,1,2,C03,8,7,5,30,3,2,1,5,4,5,13,4,4,10,5,5,2,17,2,55,2,9,5,1,7,9,3,18,1,12,,44,,1,21,121.4965443,25.0341867
113,8,1,13,50,2,07信義區,信義區信義路5段20號,0,0,1,1,C03,7,5,5,50,14,9,1,5,4,5,13,4,4,3,4,5,2,18,1,30,2,9,3,4,7,9,1,10,9,12,,44,,1,21,121.5618241,25.0329286
113,8,1,13,50,2,07信義區,信義區信義路5段20號,0,0,1,2,,7,5,5,50,14,9,1,5,4,5,13,4,4,3,4,5,2,18,3,,,,,,,,,,,,,67,,1,,121.5618241,25.0329286
113,8,1,13,55,2,05中正區,中正區林森北路與北平東路口,0,0,1,1,B03,8,7,5,50,4,2,1,5,4,5,13,1,1,4,4,4,2,12,1,46,3,10,7,1,7,9,6,18,2,5,,17,,1,21,121.523806,25.0463495
113,8,1,13,55,2,05中正區,中正區林森北路與北平東路口,0,0,1,2,C03,8,7,5,50,4,2,1,5,4,5,13,1,1,4,4,4,2,12,1,73,2,9,6,1,7,15,1,10,2,14,,44,,1,21,121.523806,25.0463495
113,8,1,14,8,2,06松山區,松山區南京東路5段與南京東路5段23巷口,0,0,1,1,B03,8,5,5,50,4,1,1,5,4,5,13,2,1,1,4,4,2,16,1,51,3,10,7,1,7,6,1,8,1,6,,9,,1,21,121.5579859,25.05162181
113,8,1,14,8,2,06松山區,松山區南京東路5段與南京東路5段23巷口,0,0,1,2,C03,8,5,5,50,4,1,1,5,4,5,13,2,1,1,4,4,2,16,1,32,2,8,5,1,7,9,1,10,1,11,,44,,1,21,121.5579859,25.05162181
113,8,1,14,39,2,08士林區,士林區中正路與中正路399巷口,0,0,1,1,B03,8,5,5,50,3,1,1,5,4,5,13,4,4,1,4,5,2,16,1,68,3,10,3,4,7,5,1,8,9,1,,8,,1,22,121.5181885,25.08709526
113,8,1,14,39,2,08士林區,士林區中正路與中正路399巷口,0,0,1,2,C03,8,5,5,50,3,1,1,5,4,5,13,4,4,1,4,5,2,16,1,63,2,8,3,4,7,9,1,10,9,14,,44,,1,22,121.5181885,25.08709526
113,8,1,14,53,2,03中山區,中山區農安街與農安街125巷口,0,0,1,1,B03,7,5,5,50,3,2,1,5,4,5,13,4,4,5,4,5,2,16,2,61,4,11,3,4,7,5,1,8,9,8,,74,,2,21,121.5298159,25.0648653
113,8,1,14,53,2,03中山區,中山區農安街與農安街125巷口,0,0,1,2,C03,7,5,5,50,3,2,1,5,4,5,13,4,4,5,4,5,2,16,1,35,2,9,3,4,7,9,3,18,1,14,,14,,1,21,121.5298159,25.0648653
113,8,1,14,55,2,04大安區,大安區安居街35巷與安居街口,0,0,2,1,C03,8,6,5,30,4,1,1,5,4,5,13,4,4,10,5,5,2,15,1,74,2,9,6,4,7,9,3,18,1,14,,80,,1,22,121.5542515,25.0203741
113,8,1,14,55,2,04大安區,大安區安居街35巷與安居街口,0,0,2,2,C03,8,6,5,30,4,1,1,5,4,5,13,4,4,10,5,5,2,15,2,41,2,9,6,4,7,9,1,10,1,11,,14,,1,22,121.5542515,25.0203741
113,8,1,14,56,2,03中山區,中山區龍江路與龍江路345巷口,0,0,2,1,F01,8,6,5,40,3,1,1,5,4,5,13,4,4,5,5,5,2,16,2,38,2,8,4,1,7,5,8,20,1,11,,8,,1,21,121.5409053,25.0633432
113,8,1,14,56,2,03中山區,中山區龍江路與龍江路345巷口,0,0,2,2,C03,8,6,5,40,3,1,1,5,4,5,13,4,4,5,5,5,2,16,2,40,2,9,6,1,7,9,1,10,1,12,,44,,1,21,121.5409053,25.0633432
113,8,1,14,57,2,01大同區,大同區鄭州路與西寧北路口,0,0,1,1,B03,8,6,5,50,5,1,1,5,4,5,13,2,1,1,4,5,2,17,2,48,3,10,7,1,7,6,1,8,1,5,,80,,1,21,121.5081363,25.0506213
113,8,1,14,57,2,01大同區,大同區鄭州路與西寧北路口,0,0,1,2,C03,8,6,5,50,5,1,1,5,4,5,13,2,1,1,4,5,2,17,1,32,2,9,6,1,7,9,1,10,1,14,,44,,1,21,121.5081363,25.0506213
113,8,1,15,3,2,01大同區,大同區重慶北路1段與鄭州路口,0,0,2,1,C03,7,6,5,40,4,2,1,5,4,5,13,1,1,1,4,5,2,17,1,28,2,8,6,1,7,9,1,10,1,11,,16,,1,21,121.5134103,25.049524
113,8,1,15,3,2,01大同區,大同區重慶北路1段與鄭州路口,0,0,2,2,C03,7,6,5,40,4,2,1,5,4,5,13,1,1,1,4,5,2,17,1,20,2,5,5,1,7,9,1,10,1,13,,42,,1,21,121.5134103,25.049524
113,8,1,15,12,2,04大安區,大安區敦化南路1段198號,0,0,2,1,C03,8,6,5,50,14,9,1,5,4,5,13,4,4,1,4,5,2,3,1,30,2,7,6,1,7,9,1,10,1,14,,44,,1,21,121.5485981,25.042292
113,8,1,15,12,2,04大安區,大安區敦化南路1段198號,0,0,2,2,H01,8,6,5,50,14,9,1,5,4,5,13,4,4,1,4,5,2,3,1,43,2,9,4,5,8,16,8,20,10,16,,121,,1,21,121.5485981,25.042292
113,8,1,15,12,2,11南港區,南港區玉成街8號,0,0,1,1,C03,7,6,5,50,14,9,1,5,4,5,13,4,4,9,5,5,2,14,2,38,3,10,6,1,7,2,1,10,1,13,,12,,1,21,121.5816188,25.0509405
113,8,1,15,12,2,11南港區,南港區玉成街8號,0,0,1,2,B03,7,6,5,50,14,9,1,5,4,5,13,4,4,9,5,5,2,14,1,32,3,10,2,1,7,9,1,8,1,2,,44,,1,21,121.5816188,25.0509405
113,8,1,15,12,2,11南港區,南港區玉成街8號,0,0,1,3,C03,7,6,5,50,14,9,1,5,4,5,13,4,4,9,5,5,2,14,2,37,3,10,3,4,7,13,1,10,9,12,,44,,1,21,121.5816188,25.0509405
113,8,1,15,12,2,11南港區,南港區玉成街8號,0,0,1,4,C03,7,6,5,50,14,9,1,5,4,5,13,4,4,9,5,5,2,14,1,37,2,8,3,1,7,13,1,10,1,12,,44,,1,21,121.5816188,25.0509405
113,8,1,15,16,2,02萬華區,萬華區昆明街與永福街口,0,0,1,1,C03,8,7,5,50,4,1,1,5,4,5,13,2,1,9,5,5,2,9,2,73,3,10,5,1,7,9,1,10,1,11,,70,,1,21,121.5039112,25.0385581
113,8,1,15,16,2,02萬華區,萬華區昆明街與永福街口,0,0,1,2,H01,8,7,5,50,4,1,1,5,4,5,13,2,1,9,5,5,2,9,2,62,2,8,4,5,8,16,8,20,10,16,,67,,1,21,121.5039112,25.0385581
113,8,1,15,20,2,09北投區,北投區中央北路4段與一心路口,0,0,1,1,B03,8,6,5,50,3,1,1,5,4,5,13,1,1,4,4,5,2,13,1,21,2,9,7,1,7,7,1,8,1,8,,100,,1,21,121.4748525,25.1325281
113,8,1,15,20,2,09北投區,北投區中央北路4段與一心路口,0,0,1,2,B03,8,6,5,50,3,1,1,5,4,5,13,1,1,4,4,5,2,13,1,29,3,10,7,1,7,14,1,8,1,6,,44,,1,21,121.4748525,25.1325281
113,8,1,16,0,2,12內湖區,與國道1號下成功路2段往南引道口,0,0,1,1,B03,8,6,5,50,5,1,1,5,4,5,13,2,1,9,4,5,2,13,2,37,3,10,7,1,7,9,1,8,1,5,,108,,1,21,121.5903154,25.0643207
113,8,1,16,0,2,12內湖區,與國道1號下成功路2段往南引道口,0,0,1,2,C03,8,6,5,50,5,1,1,5,4,5,13,2,1,9,4,5,2,13,2,53,2,9,5,1,7,9,1,10,1,13,,44,,1,21,121.5903154,25.0643207
113,8,1,16,28,2,03中山區,中山區北安路514號對面，大直國小側門口,0,0,1,1,C03,8,6,5,50,14,9,1,5,4,5,13,4,4,1,4,5,2,13,1,17,2,9,3,1,7,9,2,18,2,11,,108,,1,22,121.5452903,25.0798316
113,8,1,16,28,2,03中山區,中山區北安路514號對面，大直國小側門口,0,0,1,2,B03,8,6,5,50,14,9,1,5,4,5,13,4,4,1,4,5,2,13,1,39,3,10,7,1,7,14,1,8,2,3,,44,,1,22,121.5452903,25.0798316
113,8,1,16,50,2,12內湖區,內湖區康寧路3段99巷39弄60號,0,0,1,1,B13,8,6,5,30,4,1,1,5,4,5,13,4,4,10,5,5,2,17,1,26,3,10,7,1,7,9,1,8,2,2,,42,,1,21,121.6105353,25.07398959
113,8,1,16,50,2,12內湖區,內湖區康寧路3段99巷39弄60號,0,0,1,2,C03,8,6,5,30,4,1,1,5,4,5,13,4,4,10,5,5,2,17,2,69,2,9,6,1,7,9,3,18,1,11,,42,,1,21,121.6105353,25.07398959
113,8,1,16,53,2,02萬華區,萬華區莒光路322巷5號,0,0,1,1,B03,8,6,5,30,11,9,1,5,4,5,13,4,4,10,5,5,1,17,2,37,3,10,7,1,7,1,1,8,1,5,,19,,1,21,121.4976267,25.031527
113,8,1,16,53,2,02萬華區,萬華區莒光路322巷5號,0,0,1,2,C03,8,6,5,30,11,9,1,5,4,5,13,4,4,10,5,5,1,17,1,59,2,3,5,1,7,9,1,10,1,11,,44,,1,21,121.4976267,25.031527
113,8,1,17,20,2,06松山區,松山區南京東路5段296號,0,0,2,1,B03,8,7,6,50,22,9,1,5,4,5,13,4,4,9,5,5,2,12,1,59,3,10,7,1,7,7,1,4,1,2,,100,,1,21,121.5674152,25.0512486
113,8,1,17,20,2,06松山區,松山區南京東路5段296號,0,0,2,2,C03,8,7,6,50,22,9,1,5,4,5,13,4,4,9,5,5,2,12,1,42,2,7,6,1,7,9,1,9,1,15,,16,,1,21,121.5674152,25.0512486
113,8,1,17,20,2,06松山區,松山區南京東路5段296號,0,0,2,3,C03,8,7,6,50,22,9,1,5,4,5,13,4,4,9,5,5,2,12,1,27,2,8,6,1,7,9,1,9,1,14,,44,,1,21,121.5674152,25.0512486
113,8,1,17,35,2,03中山區,中山區內湖路1段23巷與植福路口停頂大道二段588號私人停車場出口,0,0,1,1,B03,7,5,5,50,3,1,1,5,4,5,13,4,4,5,5,5,2,17,1,50,3,10,3,4,7,1,1,8,2,1,,19,,1,21,121.5594772,25.08416055
113,8,1,17,35,2,03中山區,中山區內湖路1段23巷與植福路口停頂大道二段588號私人停車場出口,0,0,1,2,C03,7,5,5,50,3,1,1,5,4,5,13,4,4,5,5,5,2,17,2,46,2,9,3,4,7,9,1,10,2,12,,44,,1,21,121.5594772,25.08416055
113,8,1,17,40,2,04大安區,大安區基隆路3段22巷與基隆路3段口,0,0,2,1,C03,8,6,5,50,3,1,1,5,4,5,13,4,4,10,5,5,2,16,1,41,2,9,6,4,7,6,1,10,1,12,,9,,1,22,121.5471626,25.0197982
113,8,1,17,40,2,04大安區,大安區基隆路3段22巷與基隆路3段口,0,0,2,2,C03,8,6,5,50,3,1,1,5,4,5,13,4,4,10,5,5,2,16,1,31,2,9,6,4,7,9,1,9,1,14,,44,,1,22,121.5471626,25.0197982
113,8,1,17,50,2,05中正區,中正區懷寧街與開封街1段口,0,0,2,2,H01,8,6,5,50,4,2,1,5,4,5,13,3,1,10,5,5,2,3,2,16,2,8,4,5,8,16,8,20,10,16,,67,,1,16,121.5141176,25.0459951
113,8,1,17,50,2,05中正區,中正區懷寧街與開封街1段口,0,0,2,3,H01,8,6,5,50,4,2,1,5,4,5,13,3,1,10,5,5,2,3,2,17,2,9,4,5,8,16,8,20,10,16,,67,,1,16,121.5141176,25.0459951
113,8,1,17,50,2,05中正區,中正區懷寧街與開封街1段口,0,0,2,1,B03,8,6,5,50,4,2,1,5,4,5,13,3,1,10,5,5,2,3,1,31,4,11,3,4,7,9,7,19,11,15,,70,,2,22,121.5141176,25.0459951
113,8,1,17,55,2,02萬華區,萬華區環河南路1段與長沙街2段口,0,0,2,1,C03,8,5,5,50,3,2,1,5,4,5,13,1,1,9,5,5,2,17,1,26,3,10,5,1,7,11,1,10,1,11,,10,,1,21,121.4997411,25.0415423
113,8,1,17,55,2,02萬華區,萬華區環河南路1段與長沙街2段口,0,0,2,2,C03,8,5,5,50,3,2,1,5,4,5,13,1,1,9,5,5,2,17,2,18,2,9,5,1,7,9,1,10,1,14,,44,,1,21,121.4997411,25.0415423
113,8,1,17,55,2,02萬華區,萬華區環河南路1段與長沙街2段口,0,0,2,3,H02,8,5,5,50,3,2,1,5,4,5,13,1,1,9,5,5,2,17,2,34,2,9,5,5,7,17,8,20,10,16,,67,,1,21,121.4997411,25.0415423
113,8,1,18,20,2,01大同區,大同區忠孝西路2段與塔城街口,0,0,1,1,C03,7,5,5,50,4,2,1,5,4,5,13,1,1,1,4,5,2,17,1,25,3,10,5,1,7,9,1,10,2,12,,42,,1,21,121.5100482,25.04822736
113,8,1,18,20,2,01大同區,大同區忠孝西路2段與塔城街口,0,0,1,2,C03,7,5,5,50,4,2,1,5,4,5,13,1,1,1,4,5,2,17,1,30,2,9,5,1,7,9,1,9,2,11,,44,,1,21,121.5100482,25.04822736
113,8,1,18,20,2,11南港區,南港區向陽路與南港路2段口,0,0,1,1,C03,7,5,5,50,4,2,1,5,4,5,13,2,1,1,2,5,2,11,1,24,2,9,6,1,7,10,1,10,1,11,,100,,1,21,121.5946098,25.0544109
113,8,1,18,20,2,11南港區,南港區向陽路與南港路2段口,0,0,1,2,C03,7,5,5,50,4,2,1,5,4,5,13,2,1,1,2,5,2,11,1,36,3,10,6,1,7,9,1,10,1,13,,17,,1,21,121.5946098,25.0544109
113,8,1,18,35,2,01大同區,大同區大稻埕堤外便道與大稻埕堤外便道口(三號水門，西向東）,0,0,1,1,C03,8,5,5,40,5,1,1,5,4,5,13,2,1,8,3,5,1,16,1,26,2,3,6,4,7,9,1,10,1,11,,42,,1,21,121.5064152,25.05089371
113,8,1,18,35,2,01大同區,大同區大稻埕堤外便道與大稻埕堤外便道口(三號水門，西向東）,0,0,1,2,C03,8,5,5,40,5,1,1,5,4,5,13,2,1,8,3,5,1,16,2,44,3,10,6,4,7,6,1,10,1,12,,9,,1,21,121.5064152,25.05089371
113,8,1,18,45,2,05中正區,中正區忠孝西路1段與重慶北路1段口,0,0,4,1,B03,8,5,5,50,5,1,1,5,4,5,13,1,1,10,5,5,2,17,2,51,3,10,7,1,7,5,1,8,2,17,,83,,1,26,121.5134345,25.0473996
113,8,1,18,45,2,05中正區,中正區忠孝西路1段與重慶北路1段口,0,0,4,2,A02,8,5,5,50,5,1,1,5,4,5,13,1,1,10,5,5,2,17,1,42,3,10,7,1,7,12,1,2,2,17,,44,,1,26,121.5134345,25.0473996
113,8,1,18,45,2,05中正區,中正區忠孝西路1段與重慶北路1段口,0,0,4,3,H02,8,5,5,50,5,1,1,5,4,5,13,1,1,10,5,5,2,17,2,34,2,9,7,5,7,20,8,20,10,16,,67,,1,26,121.5134345,25.0473996
113,8,1,18,45,2,05中正區,中正區忠孝西路1段與重慶北路1段口,0,0,4,4,H02,8,5,5,50,5,1,1,5,4,5,13,1,1,10,5,5,2,17,2,23,2,9,7,5,7,20,8,20,10,16,,67,,1,26,121.5134345,25.0473996
113,8,1,18,45,2,05中正區,中正區忠孝西路1段與重慶北路1段口,0,0,4,5,H02,8,5,5,50,5,1,1,5,4,5,13,1,1,10,5,5,2,17,2,63,2,9,7,5,7,20,8,20,10,16,,67,,1,26,121.5134345,25.0473996
113,8,1,18,45,2,05中正區,中正區忠孝西路1段與重慶北路1段口,0,0,4,6,H02,8,5,5,50,5,1,1,5,4,5,13,1,1,10,5,5,2,17,2,46,2,9,7,5,7,20,8,20,10,16,,67,,1,26,121.5134345,25.0473996
113,8,1,18,48,2,12內湖區,(近康寧路3段180巷口),0,0,2,1,C03,8,6,5,30,3,2,1,5,4,5,13,2,1,1,4,4,2,17,1,26,2,9,6,1,7,7,1,10,1,14,,85,,1,21,121.6120192,25.06898805
113,8,1,18,48,2,12內湖區,(近康寧路3段180巷口),0,0,2,2,C03,8,6,5,30,3,2,1,5,4,5,13,2,1,1,4,4,2,17,2,18,2,9,6,1,7,9,1,10,1,12,,44,,1,21,121.6120192,25.06898805
113,8,1,18,50,2,05中正區,中正區南海路58號前,0,0,1,1,B03,7,5,5,30,14,9,1,5,4,5,13,1,1,10,4,5,2,13,1,36,3,10,7,1,7,9,1,8,2,5,,107,,1,22,121.511422,25.0311109
113,8,1,18,50,2,05中正區,中正區南海路58號前,0,0,1,2,C03,7,5,5,30,14,9,1,5,4,5,13,1,1,10,4,5,2,13,1,59,2,9,5,1,7,14,1,10,2,13,,44,,1,22,121.511422,25.0311109
113,8,1,19,7,2,02萬華區,萬華區環河南路2段與環河南路2段149巷口,0,0,1,1,B03,8,5,5,50,3,1,1,5,4,5,13,1,1,1,3,5,2,12,1,36,3,10,7,1,7,9,1,8,1,1,,44,,1,22,121.4930444,25.0339327
113,8,1,19,7,2,02萬華區,萬華區環河南路2段與環河南路2段149巷口,0,0,1,2,C03,8,5,5,50,3,1,1,5,4,5,13,1,1,1,3,5,2,12,2,36,2,9,6,1,7,15,1,10,1,13,,101,,1,22,121.4930444,25.0339327
113,8,1,19,24,2,12內湖區,內湖區新明路22號,0,0,1,1,C01,8,5,5,30,14,9,1,5,4,5,13,3,1,5,4,5,2,13,1,32,2,9,5,1,7,9,1,9,1,11,,16,,1,21,121.5906685,25.06022589
113,8,1,19,24,2,12內湖區,內湖區新明路22號,0,0,1,2,B03,8,5,5,30,14,9,1,5,4,5,13,3,1,5,4,5,2,13,1,44,3,10,7,1,7,9,1,8,1,3,,13,,1,21,121.5906685,25.06022589
113,8,1,21,10,2,10文山區,文山區辛亥路7段與辛亥路7段26巷口旁,0,0,2,1,C03,8,5,5,50,3,2,1,5,4,5,13,2,1,5,5,4,2,12,1,26,2,9,5,1,7,9,3,18,1,15,,104,,1,21,121.5532715,24.9862488
113,8,1,21,10,2,10文山區,文山區辛亥路7段與辛亥路7段26巷口旁,0,0,2,2,C03,8,5,5,50,3,2,1,5,4,5,13,2,1,5,5,4,2,12,1,62,3,10,5,1,7,14,1,10,1,14,,44,,1,21,121.5532715,24.9862488
113,8,1,21,10,2,10文山區,文山區辛亥路7段與辛亥路7段26巷口旁,0,0,2,3,H02,8,5,5,50,3,2,1,5,4,5,13,2,1,5,5,4,2,12,2,60,2,9,5,5,7,20,8,20,10,17,,67,,1,21,121.5532715,24.9862488
113,8,1,21,11,2,06松山區,松山區三民路與健康路口口,0,0,2,1,C03,7,5,5,50,4,1,1,5,4,5,13,2,1,5,4,5,2,16,1,48,2,9,6,1,7,5,1,10,1,11,,71,,1,21,121.5638144,25.0542107
113,8,1,21,11,2,06松山區,松山區三民路與健康路口口,0,0,2,2,C03,7,5,5,50,4,1,1,5,4,5,13,2,1,5,4,5,2,16,1,28,2,9,6,1,7,9,1,10,1,11,,44,,1,21,121.5638144,25.0542107
113,8,1,21,43,2,07信義區,信義區市民高架道往西,0,0,1,1,B03,8,5,5,80,14,9,1,5,4,5,13,4,4,2,3,5,1,13,1,28,3,10,7,1,7,9,1,8,1,1,,16,,1,21,121.5634528,25.044927
113,8,1,21,43,2,07信義區,信義區市民高架道往西,0,0,1,2,B03,8,5,5,80,14,9,1,5,4,5,13,4,4,2,3,5,1,13,1,31,2,9,7,1,7,9,1,8,1,3,,44,,1,21,121.5634528,25.044927
113,8,1,22,18,2,03中山區,中山區堤頂大道2段246巷與堤頂大道2段口,0,0,1,1,B01,8,5,5,50,3,1,1,5,4,5,13,4,4,1,5,4,2,16,1,37,3,10,3,4,7,6,1,4,1,2,,118,,1,21,121.5664399,25.0777061
113,8,1,22,18,2,03中山區,中山區堤頂大道2段246巷與堤頂大道2段口,0,0,1,2,C03,8,5,5,50,3,1,1,5,4,5,13,4,4,1,5,4,2,16,1,49,2,9,5,4,7,9,1,10,1,14,,118,,1,22,121.5664399,25.0777061
113,8,1,22,20,2,04大安區,大安區敦化南路2段與四維路170巷口,0,0,3,1,C03,7,5,5,50,4,2,1,5,4,5,13,2,1,1,4,5,2,16,1,48,2,9,5,1,7,6,1,10,1,12,,9,,1,22,121.5488015,25.0283119
113,8,1,22,20,2,04大安區,大安區敦化南路2段與四維路170巷口,0,0,3,3,H02,7,5,5,50,4,2,1,5,4,5,13,2,1,1,4,5,2,16,2,48,2,9,5,5,7,21,8,20,10,16,,67,,1,22,121.5488015,25.0283119
113,8,1,22,20,2,04大安區,大安區敦化南路2段與四維路170巷口,0,0,3,2,C03,7,5,5,50,4,2,1,5,4,5,13,2,1,1,4,5,2,16,1,65,2,9,5,1,7,9,1,10,1,14,,44,,1,22,121.5488015,25.0283119
113,8,1,22,25,2,07信義區,信義區永吉路120巷與永吉路180巷70弄口,0,0,1,1,B03,8,5,5,30,4,2,1,5,4,5,13,4,4,9,4,5,2,14,1,46,3,10,7,1,7,2,1,8,1,3,,12,,1,21,121.5702597,25.0431052
113,8,1,22,25,2,07信義區,信義區永吉路120巷與永吉路180巷70弄口,0,0,1,2,F07,8,5,5,30,4,2,1,5,4,5,13,4,4,9,4,5,2,14,1,29,2,9,4,1,7,9,8,20,1,11,,42,,1,21,121.5702597,25.0431052
113,8,2,7,3,2,06松山區,松山區敦化北路238巷與敦化北路244巷6弄口,0,0,1,1,C03,8,5,5,30,4,1,1,5,4,5,13,4,4,8,3,5,1,15,1,26,2,9,3,1,7,9,1,10,2,11,,14,,1,21,121.5490837,25.0599781
113,8,2,7,3,2,06松山區,松山區敦化北路238巷與敦化北路244巷6弄口,0,0,1,2,A12,8,5,5,30,4,1,1,5,4,5,13,4,4,8,3,5,1,15,1,51,3,10,3,1,7,9,1,3,2,6,,14,,1,21,121.5490837,25.0599781
113,8,2,7,22,2,01大同區,大同區民生西路與承德路2段口,0,0,3,1,C03,8,6,5,50,4,1,1,5,4,5,13,2,1,1,4,5,2,17,1,27,2,9,5,4,7,9,1,10,1,12,,101,,1,21,121.5174363,25.0569502
113,8,2,7,22,2,01大同區,大同區民生西路與承德路2段口,0,0,3,2,C03,8,6,5,50,4,1,1,5,4,5,13,2,1,1,4,5,2,17,1,24,2,7,5,4,7,9,1,9,1,14,,44,,1,21,121.5174363,25.0569502
113,8,2,7,22,2,01大同區,大同區民生西路與承德路2段口,0,0,3,3,H02,8,6,5,50,4,1,1,5,4,5,13,2,1,1,4,5,2,17,2,20,2,9,5,5,7,20,8,20,10,16,,67,,1,21,121.5174363,25.0569502
113,8,2,7,28,2,10文山區,文山區老泉街與老泉街26巷口,0,0,2,1,C03,8,6,5,50,3,1,1,5,4,5,13,3,1,10,5,5,2,16,1,47,2,9,6,1,7,5,1,10,2,11,14,8,,1,21,121.5575522,24.9762393
113,8,2,7,28,2,10文山區,文山區老泉街與老泉街26巷口,0,0,2,2,C03,8,6,5,50,3,1,1,5,4,5,13,3,1,10,5,5,2,16,1,37,2,9,6,1,7,9,1,10,2,11,13,14,,1,21,121.5575522,24.9762393
113,8,2,7,39,2,03中山區,中山區吉林路與南京東路2段口,0,0,2,1,C03,7,5,5,50,4,2,1,5,4,4,13,2,1,5,4,4,2,17,1,28,2,9,3,4,7,9,1,10,1,14,,42,,1,21,121.5300263,25.0523248
113,8,2,7,39,2,03中山區,中山區吉林路與南京東路2段口,0,0,2,2,C03,7,5,5,50,4,2,1,5,4,4,13,2,1,5,4,4,2,17,2,28,2,8,3,4,7,6,1,10,1,11,,44,,1,21,121.5300263,25.0523248
113,8,2,7,40,2,10文山區,文山區指南路3段與指南路3段38巷口,0,0,2,1,C03,8,7,5,30,3,1,1,5,4,5,13,4,4,10,5,5,2,17,1,27,2,9,5,1,7,9,1,9,1,11,,42,,1,21,121.5825109,24.9793975
113,8,2,7,40,2,10文山區,文山區指南路3段與指南路3段38巷口,0,0,2,2,C02,8,7,5,30,3,1,1,5,4,5,13,4,4,10,5,5,2,17,1,36,3,10,5,1,7,9,1,9,1,11,,42,,1,21,121.5825109,24.9793975
113,8,2,7,40,2,10文山區,文山區指南路3段與指南路3段38巷口,0,0,2,3,H02,8,7,5,30,3,1,1,5,4,5,13,4,4,10,5,5,2,17,2,29,2,8,5,5,7,20,8,20,10,16,,67,,1,21,121.5825109,24.9793975
113,8,2,7,43,2,07信義區,信義區林口街38巷11號,0,0,2,1,F01,8,7,5,30,14,9,1,5,4,5,10,4,4,10,5,5,2,16,1,20,2,9,4,1,7,5,8,20,9,14,,80,,1,21,121.5799453,25.0380633
113,8,2,7,43,2,07信義區,信義區林口街38巷11號,0,0,2,2,C03,8,7,5,30,14,9,1,5,4,5,10,4,4,10,5,5,2,16,2,71,2,9,5,1,7,9,1,10,9,11,,14,,1,21,121.5799453,25.0380633
113,8,2,7,45,2,06松山區,松山區北寧路與八德路3段71巷9弄口,0,0,2,1,C03,8,6,5,30,3,1,1,5,4,5,13,4,4,8,3,4,2,17,1,49,2,9,6,1,7,5,1,10,1,14,,72,,1,21,121.5526688,25.04866893
113,8,2,7,45,2,06松山區,松山區北寧路與八德路3段71巷9弄口,0,0,2,2,C03,8,6,5,30,3,1,1,5,4,5,13,4,4,8,3,4,2,17,2,41,2,9,6,1,7,9,1,10,1,11,,44,,1,21,121.5526688,25.04866893
113,8,2,7,51,2,05中正區,中正區市民大道3段與新生北路1段口,0,0,2,1,C03,8,5,5,40,4,1,1,5,4,5,13,2,1,9,4,5,1,12,1,31,2,8,5,1,7,9,1,10,2,12,,101,,1,21,121.5327696,25.0453211
113,8,2,7,51,2,05中正區,中正區市民大道3段與新生北路1段口,0,0,2,2,C03,8,5,5,40,4,1,1,5,4,5,13,2,1,9,4,5,1,12,1,29,2,8,5,1,7,9,1,10,2,11,,44,,1,21,121.5327696,25.0453211
113,8,2,7,56,2,09北投區,北投區大度路與承德路7段401巷620弄口,0,0,1,1,C03,8,6,5,50,4,2,1,5,4,5,13,2,1,1,4,1,1,13,2,28,2,8,5,1,7,9,1,10,2,11,,16,,1,21,121.4857161,25.1218367
113,8,2,7,56,2,09北投區,北投區大度路與承德路7段401巷620弄口,0,0,1,2,C03,8,6,5,50,4,2,1,5,4,5,13,2,1,1,4,1,1,13,1,45,3,10,5,1,7,9,1,10,2,13,,44,,1,21,121.4857161,25.1218367
113,8,2,8,0,2,10文山區,文山區木新路3段243巷與木新路3段243巷4弄口口,0,0,2,1,C03,8,6,5,30,3,1,1,5,4,5,13,4,4,9,5,5,1,16,2,34,2,7,5,1,7,5,1,10,1,12,,74,,2,21,121.5588758,24.98052129
113,8,2,8,0,2,10文山區,文山區木新路3段243巷與木新路3段243巷4弄口口,0,0,2,2,C03,8,6,5,30,3,1,1,5,4,5,13,4,4,9,5,5,1,16,2,56,2,7,5,1,7,9,1,10,1,14,,44,,1,21,121.5588758,24.98052129
113,8,2,8,5,2,06松山區,松山區民權大橋西往東,0,0,3,1,C03,8,7,5,40,14,11,1,5,4,5,13,4,4,1,2,4,2,13,1,22,2,9,6,1,7,9,1,10,2,11,,16,,1,21,121.5668109,25.063273
113,8,2,8,5,2,06松山區,松山區民權大橋西往東,0,0,3,2,C03,8,7,5,40,14,11,1,5,4,5,13,4,4,1,2,4,2,13,1,21,2,9,6,1,7,9,1,10,2,13,,44,,1,21,121.5668109,25.063273
113,8,2,8,5,2,06松山區,松山區民權大橋西往東,0,0,3,3,C03,8,7,5,40,14,11,1,5,4,5,13,4,4,1,2,4,2,13,2,25,3,10,6,1,7,9,1,10,2,13,,44,,1,21,121.5668109,25.063273