發生年度,發生月,發生日,發生時-Hours,發生分,處理別-編號,區序,肇事地點,死亡人數,2-30日死亡人數,受傷人數,當事人序號,車種,天候,道路照明設備,道路類別,速限-速度限制,道路型態,事故位置,路面狀況1,路面狀況2,路面狀況3,道路障礙1,道路障礙2,號誌1,號誌2,車道劃分-分向,車道劃分-分道1,車道劃分-分道2,車道劃分-分道3,事故類型及型態,性別,年齡,受傷程度,主要傷處,保護裝置,行動電話,車輛用途,當事者行動狀態,駕駛資格情形,駕駛執照種類,飲酒情形,車輛撞擊部位1,車輛撞擊部位2,肇因碼-個別,肇因碼-主要,個人肇逃否,職業,座標-X,座標-Y
113,8,2,8,5,2,06松山區,松山區民權大橋西往東,0,0,3,4,H02,8,7,5,40,14,11,1,5,4,5,13,4,4,1,2,4,2,13,2,21,2,9,6,5,7,17,8,20,10,16,,67,,1,21,121.5668109,25.063273
113,8,2,8,10,2,04大安區,大安區延吉街與延吉街62巷口,0,0,2,1,F01,8,6,5,50,3,1,1,5,4,5,13,4,4,10,5,5,2,16,2,26,2,9,4,4,7,5,8,20,1,13,,80,,1,22,121.55397,25.0435427
113,8,2,8,10,2,04大安區,大安區延吉街與延吉街62巷口,0,0,2,2,C03,8,6,5,50,3,1,1,5,4,5,13,4,4,10,5,5,2,16,2,24,2,9,6,4,7,9,1,10,1,11,,44,,1,22,121.55397,25.0435427
113,8,2,8,20,2,07信義區,信義區市民高架道往東,0,0,1,1,B12,8,5,5,80,10,7,1,5,4,5,13,4,4,1,4,5,2,13,1,30,2,8,7,1,7,9,1,8,1,1,,16,,1,22,121.5632747,25.0448711
113,8,2,8,20,2,07信義區,信義區市民高架道往東,0,0,1,2,B03,8,5,5,80,10,7,1,5,4,5,13,4,4,1,4,5,2,13,1,57,3,10,7,1,7,9,1,8,1,3,,44,,1,22,121.5632747,25.0448711
113,8,2,8,20,2,07信義區,信義區市民高架道往東,0,0,1,3,B01,8,5,5,80,10,7,1,5,4,5,13,4,4,1,4,5,2,13,1,58,3,10,7,1,7,9,1,4,1,3,,44,,1,22,121.5632747,25.0448711
113,8,2,8,27,2,02萬華區,萬華區桂林路水門口,0,0,1,1,C03,8,6,5,50,5,1,1,5,4,5,13,2,1,1,4,5,2,17,1,24,3,10,6,1,7,5,1,10,1,11,,108,,1,21,121.4955381,25.0387976
113,8,2,8,27,2,02萬華區,萬華區桂林路水門口,0,0,1,2,C03,8,6,5,50,5,1,1,5,4,5,13,2,1,1,4,5,2,17,1,31,2,8,6,1,7,11,1,10,1,14,,10,,1,21,121.4955381,25.0387976
113,8,2,8,37,2,05中正區,中正區羅斯福路4段與羅斯福路4段24巷口口,0,0,1,1,C03,8,6,5,50,3,1,1,5,4,5,13,4,4,5,5,5,1,17,1,31,3,10,6,1,7,6,1,9,2,14,,9,,1,21,121.5336035,25.0151828
113,8,2,8,37,2,05中正區,中正區羅斯福路4段與羅斯福路4段24巷口口,0,0,1,2,C03,8,6,5,50,3,1,1,5,4,5,13,4,4,5,5,5,1,17,1,32,2,8,6,1,7,9,1,10,2,12,,44,,1,21,121.5336035,25.0151828
113,8,2,8,46,2,07信義區,信義區忠孝東路5段153號,0,0,1,1,B03,8,6,5,50,14,9,1,5,4,5,13,2,1,9,5,5,2,16,1,77,3,10,3,4,7,9,1,8,1,8,,108,,1,21,121.5684782,25.0411458
113,8,2,8,46,2,07信義區,信義區忠孝東路5段153號,0,0,1,2,C03,8,6,5,50,14,9,1,5,4,5,13,2,1,9,5,5,2,16,2,43,2,8,5,1,7,14,1,10,1,14,12,44,,1,21,121.5684782,25.0411458
113,8,2,9,6,2,03中山區,中山區林森北路與中山北路2段137巷口,0,0,1,1,B12,7,5,5,50,3,2,1,5,4,5,13,4,4,5,5,5,2,16,1,46,3,10,3,4,7,11,1,8,1,4,,44,,1,21,121.5255998,25.0617931
113,8,2,9,6,2,03中山區,中山區林森北路與中山北路2段137巷口,0,0,1,2,C03,7,5,5,50,3,2,1,5,4,5,13,4,4,5,5,5,2,16,1,34,2,9,3,4,7,9,1,10,1,11,,44,,1,21,121.5255998,25.0617931
113,8,2,9,10,2,06松山區,松山區敦化北路與民生東路3段口,0,0,1,1,B03,7,6,5,50,5,1,1,5,4,5,13,1,1,8,3,4,2,16,1,83,3,10,3,4,7,5,1,8,1,2,,66,,1,21,121.5488029,25.0577681
113,8,2,9,10,2,06松山區,松山區敦化北路與民生東路3段口,0,0,1,2,C03,7,6,5,50,5,1,1,5,4,5,13,1,1,8,3,4,2,16,1,28,2,9,6,1,7,9,1,10,1,14,,66,,1,21,121.5488029,25.0577681
113,8,2,9,21,2,08士林區,士林區至善路1段與臨溪路口,0,0,1,1,B03,8,7,5,50,14,7,1,5,4,5,13,4,4,1,5,5,2,17,1,45,4,11,3,4,7,8,1,8,11,2,,100,,2,22,121.5423975,25.09712029
113,8,2,9,21,2,08士林區,士林區至善路1段與臨溪路口,0,0,1,2,C03,8,7,5,50,14,7,1,5,4,5,13,4,4,1,5,5,2,17,1,20,2,7,6,1,7,9,1,10,1,14,,44,,1,21,121.5423975,25.09712029
113,8,2,9,28,2,10文山區,文山區木新路1段與開元街口,0,0,2,1,B03,8,6,5,30,3,1,1,5,4,5,13,1,1,10,5,5,2,16,1,26,3,10,7,1,7,6,1,8,2,8,,9,,1,21,121.5706842,24.988809
113,8,2,9,28,2,10文山區,文山區木新路1段與開元街口,0,0,2,2,C03,8,6,5,30,3,1,1,5,4,5,13,1,1,10,5,5,2,16,1,72,2,9,6,1,7,9,1,10,2,12,,44,,1,21,121.5706842,24.988809
113,8,2,9,28,2,10文山區,文山區木新路1段與開元街口,0,0,2,3,H02,8,6,5,30,3,1,1,5,4,5,13,1,1,10,5,5,2,16,2,67,2,9,4,5,7,20,8,20,10,16,,67,,1,21,121.5706842,24.988809
113,8,2,9,36,2,04大安區,大安區永康街7巷與信義路2段198巷口口,0,0,1,1,B03,8,6,5,30,4,1,1,5,4,5,13,4,4,10,5,5,2,15,1,68,3,10,3,4,7,9,1,8,1,8,,72,,1,22,121.5307885,25.0329668
113,8,2,9,36,2,04大安區,大安區永康街7巷與信義路2段198巷口口,0,0,1,2,C03,8,6,5,30,4,1,1,5,4,5,13,4,4,10,5,5,2,15,1,23,2,9,3,4,7,9,1,10,1,11,,14,,1,22,121.5307885,25.0329668
113,8,2,10,10,2,05中正區,中正區汀州路2段與汀州路2段178巷口,0,0,2,1,C03,8,6,5,30,4,1,1,5,4,5,13,4,4,8,4,5,1,16,2,73,2,9,6,1,7,5,1,10,2,11,,8,,1,21,121.5222592,25.02377959
113,8,2,10,10,2,05中正區,中正區汀州路2段與汀州路2段178巷口,0,0,2,2,C03,8,6,5,30,4,1,1,5,4,5,13,4,4,8,4,5,1,16,1,38,2,9,5,1,7,9,1,10,2,14,,44,,1,21,121.5222592,25.02377959
113,8,2,10,18,2,06松山區,松山區三民路與三民路113巷口,0,0,1,1,C03,8,7,5,50,5,1,1,5,4,5,13,1,1,1,4,5,2,17,1,56,2,7,5,1,7,8,1,10,1,14,,80,,1,21,121.5634775,25.0578436
113,8,2,10,18,2,06松山區,松山區三民路與三民路113巷口,0,0,1,2,B03,8,7,5,50,5,1,1,5,4,5,13,1,1,1,4,5,2,17,1,47,3,10,7,1,7,9,1,8,1,5,,44,,1,21,121.5634775,25.0578436
113,8,2,10,35,2,03中山區,中山區民生西路3巷與中山北路2段96巷口,0,0,1,1,C03,8,5,5,30,4,2,1,5,4,5,13,4,4,10,5,5,2,16,2,69,2,9,3,4,7,6,1,10,1,14,,74,,1,21,121.5218337,25.05983497
113,8,2,10,35,2,03中山區,中山區民生西路3巷與中山北路2段96巷口,0,0,1,2,B03,8,5,5,30,4,2,1,5,4,5,13,4,4,10,5,5,2,16,1,63,3,10,3,4,7,9,1,8,1,2,,44,,1,21,121.5218337,25.05983497
113,8,2,10,41,2,11南港區,南港區南港路3段與昆陽街口,0,0,1,1,B03,8,6,5,50,3,1,1,5,4,5,13,2,1,5,4,5,2,16,1,33,3,10,7,1,7,5,1,8,1,2,,8,,1,21,121.5923645,25.0541774
113,8,2,10,41,2,11南港區,南港區南港路3段與昆陽街口,0,0,1,2,C03,8,6,5,50,3,1,1,5,4,5,13,2,1,5,4,5,2,16,2,23,2,9,5,4,7,9,1,10,1,11,,44,,1,21,121.5923645,25.0541774
113,8,2,10,45,2,07信義區,信義區信安街67巷81號,0,0,1,1,B03,8,6,5,50,14,8,1,5,4,5,13,4,4,9,4,4,2,17,1,55,3,10,7,1,7,5,1,8,1,5,,80,,1,22,121.5602364,25.0258964
113,8,2,10,45,2,07信義區,信義區信安街67巷81號,0,0,1,2,F03,8,6,5,50,14,8,1,5,4,5,13,4,4,9,4,4,2,17,2,61,2,8,4,1,7,9,8,20,1,11,,44,,1,22,121.5602364,25.0258964
113,8,2,11,3,2,08士林區,士林區通河東街2段10巷5弄與通河東街2段20巷口,0,0,1,1,C03,8,5,5,30,4,1,1,5,4,5,13,4,4,10,5,5,2,15,2,55,2,7,6,1,7,9,1,10,2,11,,72,,1,21,121.5148686,25.0925091
113,8,2,11,3,2,08士林區,士林區通河東街2段10巷5弄與通河東街2段20巷口,0,0,1,2,B03,8,5,5,30,4,1,1,5,4,5,13,4,4,10,5,5,2,15,1,38,3,10,7,1,7,9,1,8,2,4,,5,,1,21,121.5148686,25.0925091
113,8,2,11,4,2,11南港區,南港區中坡南路與玉成街140巷口,0,0,2,1,F01,8,6,5,30,3,1,1,5,4,5,13,4,4,8,3,4,2,17,1,75,2,9,3,4,7,5,8,20,1,12,,8,,1,21,121.5824455,25.0438151
113,8,2,11,4,2,11南港區,南港區中坡南路與玉成街140巷口,0,0,2,2,C03,8,6,5,30,3,1,1,5,4,5,13,4,4,8,3,4,2,17,1,21,2,7,3,4,7,9,1,10,1,11,,44,,1,21,121.5824455,25.0438151
113,8,2,11,20,2,09北投區,北投區榮華三路與榮華三路41巷口,0,0,1,1,C03,8,6,5,30,4,1,1,5,4,5,13,4,4,9,5,5,1,15,1,75,2,9,5,1,7,9,1,10,1,11,,75,,1,21,121.5206882,25.1140613
113,8,2,11,20,2,09北投區,北投區榮華三路與榮華三路41巷口,0,0,1,2,B03,8,6,5,30,4,1,1,5,4,5,13,4,4,9,5,5,1,15,1,30,3,10,7,1,7,9,1,8,1,4,,14,,1,21,121.5206882,25.1140613
113,8,2,11,24,2,01大同區,大同區歸綏街291號,0,0,2,1,C03,8,6,5,30,14,9,1,5,4,5,13,4,4,9,4,5,2,17,1,29,2,9,5,1,7,15,1,10,1,12,,101,,1,21,121.5092403,25.05814474
113,8,2,11,24,2,01大同區,大同區歸綏街291號,0,0,2,2,C02,8,6,5,30,14,9,1,5,4,5,13,4,4,9,4,5,2,17,1,47,2,8,5,1,7,9,1,9,1,11,,44,,1,21,121.5092403,25.05814474
113,8,2,11,30,2,05中正區,中正區市民大道2段與天津街口,0,0,1,1,C03,8,6,5,40,14,9,1,5,4,5,13,4,4,1,4,5,1,13,2,25,2,9,6,1,7,9,1,10,2,11,,118,,1,22,121.5211106,25.0479253
113,8,2,11,30,2,05中正區,中正區市民大道2段與天津街口,0,0,1,2,C03,8,6,5,40,14,9,1,5,4,5,13,4,4,1,4,5,1,13,1,28,3,10,6,1,7,9,1,10,1,13,,118,,1,22,121.5211106,25.0479253
113,8,2,11,30,2,05中正區,中正區市民大道2段與天津街口,0,0,1,3,B01,8,6,5,40,14,9,1,5,4,5,13,4,4,1,4,5,1,13,1,67,3,10,7,1,7,14,1,4,1,6,,118,,1,21,121.5211106,25.0479253
113,8,2,11,33,2,01大同區,大同區長安西路37號,0,0,1,1,B03,8,7,5,50,22,9,1,5,4,5,13,3,1,5,4,5,2,16,1,67,3,10,7,1,7,5,1,7,1,6,,8,,1,22,121.5195637,25.0503451
113,8,2,11,33,2,01大同區,大同區長安西路37號,0,0,1,2,C03,8,7,5,50,22,9,1,5,4,5,13,3,1,5,4,5,2,16,2,43,2,5,6,4,7,9,1,10,1,11,,44,,1,21,121.5195637,25.0503451
113,8,2,12,20,2,03中山區,中山區中山北路1段105巷與中山北路1段口,0,0,1,1,B01,8,7,5,30,3,1,1,5,4,5,13,4,4,1,5,5,2,12,4,0,4,11,3,4,7,21,7,,11,2,,119,,2,22,121.5210869,25.05020036
113,8,2,12,20,2,03中山區,中山區中山北路1段105巷與中山北路1段口,0,0,1,2,C03,8,7,5,30,3,1,1,5,4,5,13,4,4,1,5,5,2,12,2,28,2,9,5,1,7,14,1,10,1,14,,44,,1,21,121.5210869,25.05020036
113,8,2,12,50,2,05中正區,中正區仁愛路1段與杭州南路1段口,0,0,1,1,A02,8,6,5,50,4,2,1,5,4,5,13,1,1,8,4,1,1,9,1,62,3,10,7,1,7,9,1,2,2,10,,44,,1,21,121.5236233,25.0384686
113,8,2,12,50,2,05中正區,中正區仁愛路1段與杭州南路1段口,0,0,1,2,H02,8,6,5,50,4,2,1,5,4,5,13,1,1,8,4,1,1,9,1,75,2,6,4,5,7,19,8,20,10,16,,44,,1,22,121.5236233,25.0384686
113,8,2,13,13,2,01大同區,大同區大龍街238號,0,0,2,1,B03,7,6,5,50,14,9,1,5,4,5,13,4,4,8,4,5,2,16,1,49,3,10,3,4,7,1,1,8,1,8,,19,,1,21,121.5159272,25.0696634
113,8,2,13,13,2,01大同區,大同區大龍街238號,0,0,2,2,C03,7,6,5,50,14,9,1,5,4,5,13,4,4,8,4,5,2,16,2,28,2,9,3,4,7,9,1,10,1,11,,118,,1,21,121.5159272,25.0696634
113,8,2,13,13,2,01大同區,大同區大龍街238號,0,0,2,3,H02,7,6,5,50,14,9,1,5,4,5,13,4,4,8,4,5,2,16,2,18,2,9,3,5,7,20,8,20,10,16,,67,,1,21,121.5159272,25.0696634
113,8,2,13,30,2,06松山區,松山區南京東路4段與敦化北路口,0,0,1,1,C03,8,5,6,50,4,1,1,5,4,5,13,1,1,1,4,5,2,12,1,39,3,10,6,1,7,8,1,10,1,13,,101,,1,21,121.5490052,25.051857
113,8,2,13,30,2,06松山區,松山區南京東路4段與敦化北路口,0,0,1,2,C03,8,5,6,50,4,1,1,5,4,5,13,1,1,1,4,5,2,12,1,45,2,8,5,1,7,9,1,10,1,11,,44,,1,21,121.5490052,25.051857
113,8,2,13,55,2,03中山區,中山區自強隧道(外)圓環往內湖方向,0,0,1,1,B03,8,6,6,50,18,9,1,5,4,5,13,1,1,1,4,5,2,13,2,33,3,10,3,4,7,9,1,8,1,5,,16,,1,22,121.5499495,25.0852516
113,8,2,13,55,2,03中山區,中山區自強隧道(外)圓環往內湖方向,0,0,1,2,C03,8,6,6,50,18,9,1,5,4,5,13,1,1,1,4,5,2,13,1,26,2,9,6,4,7,9,1,10,1,13,,44,,1,22,121.5499495,25.0852516
113,8,2,14,4,2,07信義區,信義區莊敬路362號,0,0,1,1,B03,8,6,5,50,14,7,1,5,4,5,13,4,4,9,4,4,2,17,1,22,3,10,7,1,7,11,1,8,1,17,,10,,1,22,121.5646163,25.0277687
113,8,2,14,4,2,07信義區,信義區莊敬路362號,0,0,1,2,C03,8,6,5,50,14,7,1,5,4,5,13,4,4,9,4,4,2,17,2,26,2,9,6,1,7,9,1,10,1,14,,44,,1,22,121.5646163,25.0277687
113,8,2,14,23,2,01大同區,大同區市民大道1段與承德路1段口,0,0,1,1,B03,8,6,5,40,5,1,1,5,4,5,13,2,1,1,4,5,2,17,1,23,3,10,7,1,7,6,1,8,1,4,,85,,1,21,121.5164287,25.0487059
113,8,2,14,23,2,01大同區,大同區市民大道1段與承德路1段口,0,0,1,2,C03,8,6,5,40,5,1,1,5,4,5,13,2,1,1,4,5,2,17,2,24,2,8,6,1,7,9,1,10,1,12,,44,,1,21,121.5164287,25.0487059
113,8,2,14,31,2,02萬華區,萬華區環河南路3段與西園路2段281巷6弄口,0,0,1,1,C03,8,5,8,50,22,22,1,5,4,5,13,4,4,10,5,5,2,17,1,47,2,9,3,4,7,6,1,10,1,12,,42,,1,21,121.4912055,25.0240114
113,8,2,14,31,2,02萬華區,萬華區環河南路3段與西園路2段281巷6弄口,0,0,1,2,B13,8,5,8,50,22,22,1,5,4,5,13,4,4,10,5,5,2,17,1,42,3,10,3,4,7,9,1,8,1,17,,80,,1,21,121.4912055,25.0240114
113,8,2,14,50,2,02萬華區,萬華區環河南路2段與長順街口,0,0,1,1,C03,8,6,5,50,4,1,1,5,4,5,13,2,1,1,5,5,2,16,2,28,2,9,6,1,7,5,1,10,1,13,,8,,1,26,121.4907075,25.03125579
113,8,2,14,50,2,02萬華區,萬華區環河南路2段與長順街口,0,0,1,2,B03,8,6,5,50,4,1,1,5,4,5,13,2,1,1,5,5,2,16,1,69,3,10,7,1,7,9,1,8,9,5,,44,,1,26,121.4907075,25.03125579
113,8,2,14,50,2,05中正區,中正區市民大道3段2號,0,0,1,1,B03,8,7,5,40,14,9,1,5,4,5,13,4,4,1,4,4,2,17,1,30,3,10,7,1,7,7,3,18,1,8,,17,,1,21,121.531176,25.0458277
113,8,2,14,50,2,05中正區,中正區市民大道3段2號,0,0,1,2,C03,8,7,5,40,14,9,1,5,4,5,13,4,4,1,4,4,2,17,1,67,2,9,6,1,7,9,1,10,1,12,,44,,1,21,121.531176,25.0458277
113,8,2,15,10,2,12內湖區,內湖區五分街72巷與安康路434巷20弄口,0,0,1,1,B12,8,6,5,30,3,2,1,5,4,5,13,4,4,10,5,5,2,16,1,38,3,10,7,1,7,5,1,8,2,8,,8,,1,21,121.6163624,25.0666786
113,8,2,15,10,2,12內湖區,內湖區五分街72巷與安康路434巷20弄口,0,0,1,2,C03,8,6,5,30,3,2,1,5,4,5,13,4,4,10,5,5,2,16,1,61,2,9,5,1,7,9,1,10,2,12,,44,,1,21,121.6163624,25.0666786
113,8,2,15,34,2,10文山區,文山區興隆路3段96號,0,0,2,1,C03,8,6,5,50,14,9,1,5,4,5,13,4,4,1,4,5,2,13,1,23,2,9,6,1,7,9,1,10,1,13,,16,,1,21,121.5569871,24.9995919
113,8,2,15,34,2,10文山區,文山區興隆路3段96號,0,0,2,2,C03,8,6,5,50,14,9,1,5,4,5,13,4,4,1,4,5,2,13,1,53,2,8,6,1,7,9,1,10,1,13,,44,,1,21,121.5569871,24.9995919
113,8,2,16,19,2,01大同區,大同區民生西路399號,0,0,1,1,B03,8,6,5,50,14,9,1,5,4,5,13,4,4,5,4,5,2,17,1,68,3,10,7,4,7,9,1,7,1,17,,44,,1,21,121.5103317,25.0570137
113,8,2,16,19,2,01大同區,大同區民生西路399號,0,0,1,2,C03,8,6,5,50,14,9,1,5,4,5,13,4,4,5,4,5,2,17,2,37,2,8,5,4,7,9,1,10,1,12,,44,,1,21,121.5103317,25.0570137
113,8,2,16,22,2,10文山區,文山區新光路2段24號,0,0,1,1,B01,8,6,5,50,14,9,2,5,4,5,13,4,4,1,4,5,2,17,1,58,3,10,3,4,7,11,1,4,1,6,,10,,1,21,121.5744908,24.99526698
113,8,2,16,22,2,10文山區,文山區新光路2段24號,0,0,1,2,C03,8,6,5,50,14,9,2,5,4,5,13,4,4,1,4,5,2,17,1,19,2,9,5,4,7,9,1,10,1,11,,108,,1,21,121.5744908,24.99526698
113,8,2,16,30,2,12內湖區,內湖區星雲街與星雲街15巷口,0,0,2,1,B01,8,5,5,40,4,1,1,5,4,5,13,4,4,4,3,5,1,17,1,49,3,10,3,4,7,9,1,4,1,2,,44,,1,22,121.5905476,25.0777839
113,8,2,16,30,2,12內湖區,內湖區星雲街與星雲街15巷口,0,0,2,2,C03,8,5,5,40,4,1,1,5,4,5,13,4,4,4,3,5,1,17,1,72,2,9,3,4,7,6,1,10,1,14,,72,,1,22,121.5905476,25.0777839
113,8,2,16,30,2,12內湖區,內湖區星雲街與星雲街15巷口,0,0,2,3,H02,8,5,5,40,4,1,1,5,4,5,13,4,4,4,3,5,1,17,2,63,2,9,3,5,7,20,8,20,10,16,,67,,1,22,121.5905476,25.0777839
113,8,2,16,43,2,05中正區,中正區忠孝西路1段與延平北路1段口,0,0,1,1,B03,8,6,5,50,4,2,1,5,4,5,13,1,1,3,4,5,1,12,2,65,3,10,7,1,7,7,1,8,2,2,,100,,1,21,121.5116385,25.0480119
113,8,2,16,43,2,05中正區,中正區忠孝西路1段與延平北路1段口,0,0,1,2,A04,8,6,5,50,4,2,1,5,4,5,13,1,1,3,4,5,1,12,1,54,3,10,7,1,7,9,1,1,2,7,,44,,1,21,121.5116385,25.0480119
113,8,2,16,43,2,05中正區,中正區忠孝西路1段與延平北路1段口,0,0,1,3,H02,8,6,5,50,4,2,1,5,4,5,13,1,1,3,4,5,1,12,2,72,2,1,4,5,7,20,8,20,10,16,,67,,1,22,121.5116385,25.0480119
113,8,2,16,48,2,07信義區,信義區市民大道5段與東興路口,0,0,1,1,B03,7,5,5,50,4,1,1,5,4,5,13,2,1,1,4,5,1,16,1,50,3,10,7,1,7,5,1,8,1,1,,44,,1,21,121.5657808,25.0481923
113,8,2,16,48,2,07信義區,信義區市民大道5段與東興路口,0,0,1,2,C03,7,5,5,50,4,1,1,5,4,5,13,2,1,1,4,5,1,16,2,27,2,9,5,1,7,9,1,10,1,11,,44,,1,21,121.5657808,25.0481923
113,8,2,16,58,2,03中山區,中山區長安東路2段與建國北路1段口,0,0,1,1,C03,8,7,5,50,4,1,1,5,4,5,13,1,1,5,4,5,2,17,1,51,2,9,3,4,7,9,1,10,1,14,,44,,1,26,121.5365435,25.048334
113,8,2,16,58,2,03中山區,中山區長安東路2段與建國北路1段口,0,0,1,2,B01,8,7,5,50,4,1,1,5,4,5,13,1,1,5,4,5,2,17,1,33,3,10,3,4,7,6,1,4,1,5,,44,,1,26,121.5365435,25.048334
113,8,2,17,5,2,12內湖區,內湖區瑞光路393巷與洲子街口,0,0,1,1,C03,8,6,5,50,5,1,1,5,4,5,13,1,1,8,3,5,1,16,2,55,2,9,5,1,7,9,1,10,2,14,,118,,1,21,121.5732158,25.079088
113,8,2,17,5,2,12內湖區,內湖區瑞光路393巷與洲子街口,0,0,1,2,B01,8,6,5,50,5,1,1,5,4,5,13,1,1,8,3,5,1,16,1,63,3,10,7,1,7,14,1,8,2,5,,118,,1,21,121.5732158,25.079088
113,8,2,17,7,2,09北投區,北投區知行路與知行路9巷口,0,0,2,1,F01,8,5,5,30,4,1,1,5,4,5,13,4,4,10,5,5,2,16,1,61,2,8,4,1,7,6,8,20,1,11,,71,,1,21,121.4672107,25.11819076
113,8,2,17,7,2,09北投區,北投區知行路與知行路9巷口,0,0,2,2,C03,8,5,5,30,4,1,1,5,4,5,13,4,4,10,5,5,2,16,1,26,2,9,5,1,7,9,1,10,1,12,,14,,1,21,121.4672107,25.11819076
113,8,2,17,19,2,04大安區,大安區信義路2段與杭州南路2段口,0,0,1,1,B01,8,6,5,50,4,1,1,5,4,5,13,2,1,10,5,5,2,17,1,59,3,10,3,4,7,6,1,4,1,15,,44,,1,22,121.5243334,25.0352434
113,8,2,17,19,2,04大安區,大安區信義路2段與杭州南路2段口,0,0,1,2,C03,8,6,5,50,4,1,1,5,4,5,13,2,1,10,5,5,2,17,1,67,2,8,6,4,7,9,1,10,1,15,,44,,1,22,121.5243334,25.0352434
113,8,2,17,43,2,01大同區,大同區長安西路與延平北路1段口,0,0,1,1,B03,8,6,5,50,5,1,1,5,4,5,13,2,1,5,2,5,2,17,1,40,3,10,7,4,7,5,1,8,1,4,,8,,1,21,121.5125107,25.0517062
113,8,2,17,43,2,01大同區,大同區長安西路與延平北路1段口,0,0,1,2,C03,8,6,5,50,5,1,1,5,4,5,13,2,1,5,2,5,2,17,2,54,2,9,5,4,7,9,1,10,1,12,,108,,1,21,121.5125107,25.0517062
113,8,2,17,52,2,07信義區,信義區信義路5段150巷與信義路5段150巷16弄口,0,0,1,1,C03,7,5,5,50,3,1,1,5,4,5,13,4,4,10,5,5,2,16,1,64,2,9,5,1,7,5,1,10,1,11,,8,,1,21,121.5690519,25.0285228
113,8,2,17,52,2,07信義區,信義區信義路5段150巷與信義路5段150巷16弄口,0,0,1,2,B03,7,5,5,50,3,1,1,5,4,5,13,4,4,10,5,5,2,16,1,36,3,10,7,1,7,9,1,14,1,7,,44,,1,21,121.5690519,25.0285228
113,8,2,17,53,2,04大安區,大安區基隆路3段與長興街口,0,0,2,1,C03,8,6,5,50,4,1,1,5,4,5,13,1,1,10,5,5,2,17,1,28,2,6,6,1,7,6,1,10,2,13,,118,,1,21,121.5444916,25.0171679
113,8,2,17,53,2,04大安區,大安區基隆路3段與長興街口,0,0,2,2,F01,8,6,5,50,4,1,1,5,4,5,13,1,1,10,5,5,2,17,2,56,2,9,4,1,7,9,8,20,2,15,,118,,1,21,121.5444916,25.0171679
113,8,2,18,14,2,12內湖區,內湖區金莊路與金豐街口,0,0,1,1,B03,8,6,5,50,14,9,1,5,4,5,13,4,4,9,5,5,2,17,1,56,3,10,7,1,7,5,1,8,2,2,,80,,1,21,121.5876546,25.0650442
113,8,2,18,14,2,12內湖區,內湖區金莊路與金豐街口,0,0,1,2,C03,8,6,5,50,14,9,1,5,4,5,13,4,4,9,5,5,2,17,1,27,2,9,5,1,7,9,1,10,2,11,,42,,1,21,121.5876546,25.0650442
113,8,2,18,19,2,06松山區,松山區敦化北路與南京東路3段口,0,0,1,1,B03,8,5,5,40,4,1,1,5,4,5,13,2,1,1,4,5,2,15,2,48,3,10,7,1,7,15,1,8,1,1,,9,,1,25,121.548611,25.0515781
113,8,2,18,19,2,06松山區,松山區敦化北路與南京東路3段口,0,0,1,2,F01,8,5,5,40,4,1,1,5,4,5,13,2,1,1,4,5,2,15,1,17,2,9,4,1,7,9,8,20,1,12,,107,,1,16,121.548611,25.0515781
113,8,2,18,25,2,03中山區,中山區中山北路3段花博公園圓山4號出入口,0,0,1,1,H03,8,7,5,50,14,9,1,5,4,5,13,1,1,5,4,5,2,29,1,23,3,10,4,5,8,21,8,20,10,16,,67,,2,22,121.5233548,25.0706776
113,8,2,18,25,2,03中山區,中山區中山北路3段花博公園圓山4號出入口,0,0,1,2,C03,8,7,5,50,14,9,1,5,4,5,13,1,1,5,4,5,2,29,1,48,2,9,3,4,7,9,1,10,1,11,,44,,1,21,121.5233548,25.0706776
113,8,2,18,25,2,03中山區,中山區中山北路3段花博公園圓山4號出入口,0,0,1,3,B12,8,7,5,50,14,9,1,5,4,5,13,1,1,5,4,5,2,29,1,59,3,10,3,4,7,9,1,8,9,8,,44,,1,21,121.5233548,25.0706776
113,8,2,18,30,2,12內湖區,內湖區瑞光路399號,0,0,1,1,C03,8,5,5,50,14,9,1,5,4,5,13,4,4,5,4,5,2,17,1,26,2,9,6,1,7,8,1,10,1,14,,100,,1,21,121.572122,25.0776755
113,8,2,18,30,2,12內湖區,內湖區瑞光路399號,0,0,1,2,B03,8,5,5,50,14,9,1,5,4,5,13,4,4,5,4,5,2,17,1,47,3,10,7,1,7,9,1,8,1,2,,44,,1,21,121.572122,25.0776755
113,8,2,18,33,2,06松山區,松山區民權東路4段121號,0,0,2,1,C03,8,5,5,40,14,8,1,5,4,5,13,4,4,8,3,4,1,13,2,29,2,9,3,1,7,9,1,10,1,11,,44,,1,21,121.5581979,25.06227582
113,8,2,18,33,2,06松山區,松山區民權東路4段121號,0,0,2,2,C04,8,5,5,40,14,8,1,5,4,5,13,4,4,8,3,4,1,13,2,45,2,9,3,1,7,9,1,11,1,13,,44,,1,21,121.5581979,25.06227582
113,8,2,18,37,2,08士林區,士林區後港街前港公園停車場入口處,0,0,1,1,B03,7,5,5,30,14,9,1,5,4,5,13,4,4,10,4,5,1,17,1,40,3,10,7,1,7,5,1,8,2,1,,44,,1,21,121.5214061,25.08579579
113,8,2,18,37,2,08士林區,士林區後港街前港公園停車場入口處,0,0,1,2,C03,7,5,5,30,14,9,1,5,4,5,13,4,4,10,4,5,1,17,1,24,2,8,5,1,7,9,1,10,2,11,,44,,1,21,121.5214061,25.08579579