發生年度,發生月,發生日,發生時-Hours,發生分,處理別-編號,區序,肇事地點,死亡人數,2-30日死亡人數,受傷人數,當事人序號,車種,天候,道路照明設備,道路類別,速限-速度限制,道路型態,事故位置,路面狀況1,路面狀況2,路面狀況3,道路障礙1,道路障礙2,號誌1,號誌2,車道劃分-分向,車道劃分-分道1,車道劃分-分道2,車道劃分-分道3,事故類型及型態,性別,年齡,受傷程度,主要傷處,保護裝置,行動電話,車輛用途,當事者行動狀態,駕駛資格情形,駕駛執照種類,飲酒情形,車輛撞擊部位1,車輛撞擊部位2,肇因碼-個別,肇因碼-主要,個人肇逃否,職業,座標-X,座標-Y
113,8,2,18,39,2,11南港區,南港區忠孝東路6段與忠孝東路6段250巷口,0,0,1,1,B01,8,7,5,50,3,1,1,5,4,5,13,2,1,1,5,5,2,17,1,65,3,10,7,1,7,9,1,4,2,1,,81,,1,21,121.5881119,25.049024
113,8,2,18,39,2,11南港區,南港區忠孝東路6段與忠孝東路6段250巷口,0,0,1,2,F01,8,7,5,50,3,1,1,5,4,5,13,2,1,1,5,5,2,17,1,14,2,1,4,1,7,11,8,20,2,14,,11,,1,21,121.5881119,25.049024
113,8,2,18,57,2,08士林區,士林區士商路90號對面,0,0,2,1,B03,8,5,5,50,14,9,1,5,4,5,13,4,4,4,5,5,1,16,1,50,3,10,7,1,7,5,1,8,2,4,,99,,1,21,121.5194255,25.0915382
113,8,2,18,57,2,08士林區,士林區士商路90號對面,0,0,2,2,C03,8,5,5,50,14,9,1,5,4,5,13,4,4,4,5,5,1,16,2,28,2,8,5,1,7,9,1,10,2,11,,44,,1,21,121.5194255,25.0915382
113,8,2,18,57,2,08士林區,士林區士商路90號對面,0,0,2,3,H02,8,5,5,50,14,9,1,5,4,5,13,4,4,4,5,5,1,16,2,27,2,8,5,5,7,20,8,20,10,16,,67,,1,21,121.5194255,25.0915382
113,8,2,18,59,2,03中山區,中山區八德路2段146巷與八德路2段口,0,0,1,1,C03,8,5,5,30,4,1,1,5,4,5,13,4,4,4,5,5,1,15,1,67,2,8,3,4,7,9,1,10,1,11,,99,,1,21,121.5373358,25.0461821
113,8,2,18,59,2,03中山區,中山區八德路2段146巷與八德路2段口,0,0,1,2,B02,8,5,5,30,4,1,1,5,4,5,13,4,4,4,5,5,1,15,1,26,3,10,3,4,7,9,1,8,1,1,,44,,1,21,121.5373358,25.0461821
113,8,2,19,16,2,12內湖區,內湖區瑞光路478巷與瑞光路478巷18弄口,0,0,1,1,B03,8,5,5,50,3,1,1,5,4,5,13,4,4,4,3,5,1,17,2,46,3,10,7,1,7,1,1,8,1,5,,19,,1,21,121.5691286,25.0782997
113,8,2,19,16,2,12內湖區,內湖區瑞光路478巷與瑞光路478巷18弄口,0,0,1,2,C03,8,5,5,50,3,1,1,5,4,5,13,4,4,4,3,5,1,17,1,29,2,9,6,1,7,9,1,10,1,14,,44,,1,21,121.5691286,25.0782997
113,8,2,20,30,2,06松山區,松山區吉祥路與八德路4段口,0,0,2,1,C03,8,5,6,30,4,1,1,5,4,5,13,2,1,5,2,5,2,16,1,21,3,10,6,4,7,5,1,9,1,14,,71,,1,21,121.5626767,25.0486771
113,8,2,20,30,2,06松山區,松山區吉祥路與八德路4段口,0,0,2,2,C03,8,5,6,30,4,1,1,5,4,5,13,2,1,5,2,5,2,16,1,49,2,5,6,4,7,9,1,10,1,12,,44,,1,21,121.5626767,25.0486771
113,8,2,20,30,2,06松山區,松山區吉祥路與八德路4段口,0,0,2,3,H02,8,5,6,30,4,1,1,5,4,5,13,2,1,5,2,5,2,16,2,46,2,7,5,5,7,20,8,20,10,16,,67,,1,21,121.5626767,25.0486771
113,8,2,21,8,2,12內湖區,內湖區康寧路3段與康寧路3段16巷口,0,0,1,1,C03,8,5,5,50,3,2,1,5,4,5,13,2,1,1,4,4,1,17,2,45,2,9,6,1,7,9,1,10,2,14,,8,,1,21,121.6069455,25.07286744
113,8,2,21,8,2,12內湖區,內湖區康寧路3段與康寧路3段16巷口,0,0,1,2,B03,8,5,5,50,3,2,1,5,4,5,13,2,1,1,4,4,1,17,1,42,3,10,7,1,7,11,1,8,2,2,,44,,1,21,121.6069455,25.07286744
113,8,2,21,28,2,10文山區,文山區景文街與羅斯福路6段469巷口,0,0,1,1,C03,8,5,5,50,5,1,1,5,4,5,13,2,1,5,5,5,1,16,1,70,3,10,6,1,7,5,1,10,2,12,,71,,1,21,121.5409022,24.9897123
113,8,2,21,28,2,10文山區,文山區景文街與羅斯福路6段469巷口,0,0,1,2,C03,8,5,5,50,5,1,1,5,4,5,13,2,1,5,5,5,1,16,1,46,2,9,6,1,7,9,1,10,2,14,,44,,1,21,121.5409022,24.9897123
113,8,2,21,30,2,06松山區,松山區三民路與三民路113巷口,0,0,2,1,C02,8,5,5,50,4,1,1,5,4,5,13,1,1,1,4,1,2,17,1,21,2,8,5,1,7,5,1,9,1,12,14,71,,1,21,121.5633725,25.0580355
113,8,2,21,30,2,06松山區,松山區三民路與三民路113巷口,0,0,2,2,C03,8,5,5,50,4,1,1,5,4,5,13,1,1,1,4,1,2,17,1,40,2,8,5,1,7,9,1,10,1,11,12,44,,1,21,121.5633725,25.0580355
113,8,2,22,0,2,04大安區,大安區基隆路2段與和平東路3段口,0,0,1,1,B03,8,5,5,50,5,2,1,5,4,5,13,2,1,1,4,5,2,17,1,68,3,10,3,4,7,6,1,8,1,6,,9,,1,21,121.5523077,25.0240339
113,8,2,22,0,2,04大安區,大安區基隆路2段與和平東路3段口,0,0,1,2,C03,8,5,5,50,5,2,1,5,4,5,13,2,1,1,4,5,2,17,1,36,2,9,3,4,7,9,1,8,1,12,,44,,1,21,121.5523077,25.0240339
113,8,2,22,2,2,10文山區,文山區指南路3段34巷電桿(指南幹B7227BB13),0,0,1,1,F01,7,5,5,30,11,9,1,5,4,5,13,4,4,10,5,5,1,21,1,15,2,9,4,1,7,9,8,20,1,14,,101,,1,21,121.5798106,24.97775057
113,8,2,22,2,2,10文山區,文山區指南路3段34巷電桿(指南幹B7227BB13),0,0,1,2,,7,5,5,30,11,9,1,5,4,5,13,4,4,10,5,5,1,21,3,0,,,,,,,,,,,,67,,1,,121.5798106,24.97775057
113,8,3,0,0,2,05中正區,中正區開封街1段98號,0,0,1,1,C03,8,5,5,50,14,9,1,5,4,5,13,4,4,10,4,5,2,29,1,18,3,10,5,1,7,9,1,10,2,14,,107,,1,21,121.5101558,25.04596552
113,8,3,0,0,2,05中正區,中正區開封街1段98號,0,0,1,2,C03,8,5,5,50,14,9,1,5,4,5,13,4,4,10,4,5,2,29,3,0,,,,,,,,,,,,67,,1,,121.5101558,25.04596552
113,8,3,0,0,2,05中正區,中正區開封街1段98號,0,0,1,3,C03,8,5,5,50,14,9,1,5,4,5,13,4,4,10,4,5,2,29,3,0,,,,,,,,,,,,67,,1,,121.5101558,25.04596552
113,8,3,0,0,2,05中正區,中正區開封街1段98號,0,0,1,4,C03,8,5,5,50,14,9,1,5,4,5,13,4,4,10,4,5,2,29,3,0,,,,,,,,,,,,67,,1,,121.5101558,25.04596552
113,8,3,0,0,2,05中正區,中正區開封街1段98號,0,0,1,6,C03,8,5,5,50,14,9,1,5,4,5,13,4,4,10,4,5,2,29,3,0,,,,,,,,,,,,67,,1,,121.5101558,25.04596552
113,8,3,0,0,2,05中正區,中正區開封街1段98號,0,0,1,5,C03,8,5,5,50,14,9,1,5,4,5,13,4,4,10,4,5,2,29,3,0,,,,,,,,,,,,67,,1,,121.5101558,25.04596552
113,8,3,0,0,2,05中正區,中正區開封街1段98號,0,0,1,7,H02,8,5,5,50,14,9,1,5,4,5,13,4,4,10,4,5,2,29,2,18,2,8,5,5,7,20,8,20,10,16,,67,,1,21,121.5101558,25.04596552
113,8,3,0,8,2,04大安區,大安區和平東路2段與建國南路2段口,0,0,3,1,B01,8,5,5,50,5,2,1,5,4,5,13,2,1,1,4,5,2,17,1,62,2,3,3,4,7,9,1,4,2,1,,22,,1,21,121.5374565,25.0258161
113,8,3,0,8,2,04大安區,大安區和平東路2段與建國南路2段口,0,0,3,2,C03,8,5,5,50,5,2,1,5,4,5,13,2,1,1,4,5,2,17,1,23,2,9,3,4,7,14,1,8,2,14,,111,,1,21,121.5374565,25.0258161
113,8,3,0,8,2,04大安區,大安區和平東路2段與建國南路2段口,0,0,3,3,F02,8,5,5,50,5,2,1,5,4,5,13,2,1,1,4,5,2,17,1,41,2,8,3,4,7,21,8,20,2,11,,44,,1,21,121.5374565,25.0258161
113,8,3,0,8,2,04大安區,大安區和平東路2段與建國南路2段口,0,0,3,4,,8,5,5,50,5,2,1,5,4,5,13,2,1,1,4,5,2,17,3,0,,,,,,,,,,,,67,,1,,121.5374565,25.0258161
113,8,3,0,12,2,01大同區,大同區民權西路144巷與民權西路102巷4弄口,0,0,1,1,B01,8,5,5,30,4,1,1,5,4,5,13,3,1,10,4,5,2,15,1,62,3,10,2,1,7,9,1,8,1,1,,14,,1,21,121.5159417,25.06159
113,8,3,0,12,2,01大同區,大同區民權西路144巷與民權西路102巷4弄口,0,0,1,2,C03,8,5,5,30,4,1,1,5,4,5,13,3,1,10,4,5,2,15,1,27,2,9,5,1,7,9,1,10,1,12,,72,,1,21,121.5159417,25.06159
113,8,3,5,52,2,05中正區,中正區和平西路1段26號,0,0,2,1,C03,8,6,5,50,14,9,1,5,4,5,13,4,4,1,4,5,2,17,2,45,2,9,5,1,7,6,1,10,2,12,,101,,1,21,121.5205619,25.026642
113,8,3,5,52,2,05中正區,中正區和平西路1段26號,0,0,2,2,C03,8,6,5,50,14,9,1,5,4,5,13,4,4,1,4,5,2,17,1,28,2,9,5,1,7,9,1,10,2,11,,44,,1,21,121.5205619,25.026642
113,8,3,5,52,2,05中正區,中正區和平西路1段26號,0,0,2,3,H02,8,6,5,50,14,9,1,5,4,5,13,4,4,1,4,5,2,17,2,8,4,11,5,5,7,20,8,20,10,16,,67,,1,21,121.5205619,25.026642
113,8,3,7,57,2,02萬華區,萬華區桂林路與昆明街口,0,0,2,1,C03,8,5,5,50,4,1,1,5,4,5,13,2,1,8,3,5,1,16,2,65,2,9,3,4,7,5,1,10,1,12,,71,,1,22,121.5037591,25.0380633
113,8,3,7,57,2,02萬華區,萬華區桂林路與昆明街口,0,0,2,2,C03,8,5,5,50,4,1,1,5,4,5,13,2,1,8,3,5,1,16,2,46,2,9,3,4,7,9,1,10,1,11,,44,,1,22,121.5037591,25.0380633
113,8,3,8,0,2,09北投區,北投區致遠一路2段與致遠一路2段86巷口,0,0,2,1,C03,7,6,5,50,4,1,1,5,4,5,13,4,4,9,4,5,1,17,2,61,3,10,5,1,7,5,1,10,1,17,,8,,1,21,121.5131507,25.1127199
113,8,3,8,0,2,09北投區,北投區致遠一路2段與致遠一路2段86巷口,0,0,2,2,C04,7,6,5,50,4,1,1,5,4,5,13,4,4,9,4,5,1,17,2,47,2,9,5,1,7,9,1,8,1,17,,42,,1,21,121.5131507,25.1127199
113,8,3,8,0,2,09北投區,北投區致遠一路2段與致遠一路2段86巷口,0,0,2,3,H02,7,6,5,50,4,1,1,5,4,5,13,4,4,9,4,5,1,17,2,10,2,9,5,5,7,20,8,20,10,16,,67,,1,21,121.5131507,25.1127199
113,8,3,8,51,2,09北投區,北投區西安街1段313巷16弄與石牌路1段166巷43弄口,0,0,3,1,C03,8,6,5,30,4,1,1,5,4,5,13,4,4,10,5,5,2,15,2,62,2,9,5,1,7,9,1,10,1,14,,14,,1,21,121.5147197,25.1137059
113,8,3,8,51,2,09北投區,北投區西安街1段313巷16弄與石牌路1段166巷43弄口,0,0,3,2,C03,8,6,5,30,4,1,1,5,4,5,13,4,4,10,5,5,2,15,1,82,2,7,5,1,7,9,1,10,2,11,,14,,1,21,121.5147197,25.1137059
113,8,3,8,51,2,09北投區,北投區西安街1段313巷16弄與石牌路1段166巷43弄口,0,0,3,3,H02,8,6,5,30,4,1,1,5,4,5,13,4,4,10,5,5,2,15,2,54,2,9,5,5,7,20,8,20,10,16,,67,,1,21,121.5147197,25.1137059
113,8,3,9,1,2,04大安區,大安區杭州南路2段與金華街附近口旁,0,0,1,1,B03,8,6,5,50,4,2,1,5,4,5,13,2,1,9,4,4,1,12,1,51,3,10,3,4,7,7,1,8,1,2,,100,,1,21,121.5224145,25.0312337
113,8,3,9,1,2,04大安區,大安區杭州南路2段與金華街附近口旁,0,0,1,2,C03,8,6,5,50,4,2,1,5,4,5,13,2,1,9,4,4,1,12,1,52,2,8,5,1,7,9,1,10,1,14,,44,,1,21,121.5224145,25.0312337
113,8,3,9,36,2,07信義區,信義區光復南路457號,0,0,1,1,B01,8,7,5,50,14,9,1,5,4,5,13,4,4,1,4,5,2,12,1,64,3,10,7,1,7,9,1,4,1,5,,101,,1,21,121.557585,25.034876
113,8,3,9,36,2,07信義區,信義區光復南路457號,0,0,1,2,C03,8,7,5,50,14,9,1,5,4,5,13,4,4,1,4,5,2,12,1,58,2,9,6,1,7,9,1,10,1,14,,44,,1,21,121.557585,25.034876
113,8,3,9,39,2,05中正區,中正區漢口街1段與懷寧街口,0,0,3,1,C03,8,6,5,50,4,1,1,5,4,5,13,1,1,10,4,5,2,12,2,20,2,8,6,1,7,9,1,10,2,11,,44,,1,21,121.5140893,25.0451432
113,8,3,9,39,2,05中正區,中正區漢口街1段與懷寧街口,0,0,3,2,C03,8,6,5,50,4,1,1,5,4,5,13,1,1,10,4,5,2,12,1,34,2,3,6,1,7,15,1,10,2,13,,44,,1,21,121.5140893,25.0451432
113,8,3,9,39,2,05中正區,中正區漢口街1段與懷寧街口,0,0,3,3,H02,8,6,5,50,4,1,1,5,4,5,13,1,1,10,4,5,2,12,2,22,2,9,6,5,7,20,8,20,10,16,,67,,1,21,121.5140893,25.0451432
113,8,3,9,45,2,03中山區,中山區松江路330巷與錦州街231巷口,0,0,1,1,C03,8,7,5,30,4,1,1,5,4,5,13,4,4,10,5,5,2,15,2,20,2,5,6,1,7,9,1,10,1,14,,14,,1,21,121.5325725,25.06114262
113,8,3,9,45,2,03中山區,中山區松江路330巷與錦州街231巷口,0,0,1,2,B11,8,7,5,30,4,1,1,5,4,5,13,4,4,10,5,5,2,15,1,31,3,10,7,1,7,9,1,3,1,1,,14,,1,21,121.5325725,25.06114262
113,8,3,10,37,2,03中山區,中山區龍江路與龍江路223巷口,0,0,1,2,B01,8,6,5,30,4,1,1,5,4,5,13,4,4,10,5,5,2,15,1,67,3,10,7,1,7,9,1,4,1,4,,44,,1,21,121.5405807,25.0568838
113,8,3,10,37,2,03中山區,中山區龍江路與龍江路223巷口,0,0,1,1,C03,8,6,5,30,4,1,1,5,4,5,13,4,4,10,5,5,2,15,1,26,2,7,6,1,7,9,1,10,1,11,,72,,1,21,121.5405807,25.0568838
113,8,3,10,54,2,02萬華區,萬華區環河南路1段與內江街口,0,0,2,1,B03,8,6,5,50,3,2,1,5,4,5,13,2,1,5,4,5,1,17,1,39,3,10,3,4,7,15,1,8,1,5,,101,,1,22,121.5000794,25.0418369
113,8,3,10,54,2,02萬華區,萬華區環河南路1段與內江街口,0,0,2,2,B03,8,6,5,50,3,2,1,5,4,5,13,2,1,5,4,5,1,17,1,43,2,8,3,4,7,9,1,8,1,8,,44,,1,22,121.5000794,25.0418369
113,8,3,10,54,2,02萬華區,萬華區環河南路1段與內江街口,0,0,2,3,H02,8,6,5,50,3,2,1,5,4,5,13,2,1,5,4,5,1,17,2,41,2,8,3,5,7,20,8,20,10,16,,67,,1,22,121.5000794,25.0418369
113,8,3,11,1,2,03中山區,中山區合江街93巷與合江街口,0,0,2,1,C03,8,7,5,30,4,2,1,5,4,3,10,4,4,10,5,5,2,16,2,41,3,10,5,1,7,5,3,18,1,11,,72,,1,21,121.5392159,25.05948602
113,8,3,11,1,2,03中山區,中山區合江街93巷與合江街口,0,0,2,2,C03,8,7,5,30,4,2,1,5,4,3,10,4,4,10,5,5,2,16,2,44,2,8,6,1,7,9,1,10,1,11,,44,,1,21,121.5392159,25.05948602
113,8,3,11,1,2,03中山區,中山區合江街93巷與合江街口,0,0,2,4,H02,8,7,5,30,4,2,1,5,4,3,10,4,4,10,5,5,2,16,1,11,2,8,6,5,7,20,8,20,10,16,,67,,1,15,121.5392159,25.05948602
113,8,3,11,1,2,03中山區,中山區合江街93巷與合江街口,0,0,2,3,B03,8,7,5,30,4,2,1,5,4,3,10,4,4,10,5,5,2,16,1,50,3,10,7,1,7,14,1,8,9,17,,38,,1,21,121.5392159,25.05948602
113,8,3,11,12,2,03中山區,中山區龍江路與遼寧街116巷口,0,0,1,1,C03,8,6,5,50,4,1,1,5,4,5,13,4,4,9,5,5,2,13,1,32,2,8,3,4,7,6,1,10,1,14,,17,,1,21,121.5410404,25.0528468
113,8,3,11,12,2,03中山區,中山區龍江路與遼寧街116巷口,0,0,1,2,B03,8,6,5,50,4,1,1,5,4,5,13,4,4,9,5,5,2,13,1,34,3,10,7,4,7,6,1,8,1,5,,17,,1,21,121.5410404,25.0528468
113,8,3,11,29,2,01大同區,大同區民權西路與承德路3段口,0,0,1,1,C03,8,6,5,50,4,2,1,5,4,5,13,2,1,1,4,5,2,13,1,46,2,8,5,4,7,9,1,10,1,11,,16,,1,21,121.5182048,25.0638735
113,8,3,11,29,2,01大同區,大同區民權西路與承德路3段口,0,0,1,2,C03,8,6,5,50,4,2,1,5,4,5,13,2,1,1,4,5,2,13,1,52,3,10,5,4,7,14,1,10,1,13,,44,,1,21,121.5182048,25.0638735
113,8,3,11,33,2,11南港區,南港區研究院路1段99號,0,0,2,1,C03,8,5,5,50,14,9,1,5,4,5,13,4,4,1,4,5,2,13,2,24,2,9,6,1,7,9,1,10,1,11,,101,,1,21,121.616167,25.0521584
113,8,3,11,33,2,11南港區,南港區研究院路1段99號,0,0,2,2,C03,8,5,5,50,14,9,1,5,4,5,13,4,4,1,4,5,2,13,2,49,2,9,6,1,7,9,1,10,1,13,,44,,1,21,121.616167,25.0521584
113,8,3,11,45,2,09北投區,北投區明德路與明德路333巷口,0,0,2,1,B03,8,6,5,50,3,1,1,5,4,5,13,4,4,9,4,5,1,17,1,40,3,10,7,1,7,5,1,8,1,4,,72,,1,21,121.5201998,25.1161766
113,8,3,11,45,2,09北投區,北投區明德路與明德路333巷口,0,0,2,2,C04,8,6,5,50,3,1,1,5,4,5,13,4,4,9,4,5,1,17,1,25,2,9,5,1,7,9,1,10,1,11,,44,,1,21,121.5201998,25.1161766
113,8,3,11,45,2,09北投區,北投區明德路與明德路333巷口,0,0,2,3,H02,8,6,5,50,3,1,1,5,4,5,13,4,4,9,4,5,1,17,2,25,2,9,5,5,7,20,8,20,10,16,,67,,1,21,121.5201998,25.1161766
113,8,3,12,7,2,05中正區,中正區長沙街1段與博愛路口口,0,0,2,1,C03,8,5,5,50,3,1,1,5,4,5,13,4,4,9,4,5,1,16,2,41,2,8,5,1,7,5,1,10,1,14,,72,,1,21,121.5112525,25.04012429
113,8,3,12,7,2,05中正區,中正區長沙街1段與博愛路口口,0,0,2,2,C03,8,5,5,50,3,1,1,5,4,5,13,4,4,9,4,5,1,16,1,44,2,6,5,1,7,9,1,10,1,11,,14,,1,21,121.5112525,25.04012429
113,8,3,12,9,2,08士林區,士林區通河西街2段與通河西街2段108巷口,0,0,1,1,C03,8,7,5,30,3,1,1,5,4,5,13,4,4,9,5,5,2,17,4,24,4,11,3,4,7,5,7,19,11,11,,119,,2,22,121.5079575,25.09283861
113,8,3,12,9,2,08士林區,士林區通河西街2段與通河西街2段108巷口,0,0,1,2,C03,8,7,5,30,3,1,1,5,4,5,13,4,4,9,5,5,2,17,2,23,2,7,6,4,7,9,1,10,1,12,,44,,1,21,121.5079575,25.09283861
113,8,3,12,34,2,03中山區,中山區松江路與長春路口,0,0,2,1,C03,8,6,5,50,4,1,1,5,4,5,13,2,1,1,4,5,2,15,1,63,2,9,6,1,7,9,1,10,2,14,,81,,1,21,121.5329771,25.0547805
113,8,3,12,34,2,03中山區,中山區松江路與長春路口,0,0,2,2,C03,8,6,5,50,4,1,1,5,4,5,13,2,1,1,4,5,2,15,1,60,2,9,6,1,7,9,1,10,2,11,,13,,1,21,121.5329771,25.0547805
113,8,3,12,36,2,01大同區,大同區鄭州路119號,0,0,1,1,B03,8,7,5,40,22,9,1,5,4,5,13,4,4,1,4,5,2,17,1,60,3,10,3,4,7,15,1,8,1,4,,40,,1,21,121.5110286,25.0502182
113,8,3,12,36,2,01大同區,大同區鄭州路119號,0,0,1,2,C03,8,7,5,40,22,9,1,5,4,5,13,4,4,1,4,5,2,17,1,34,2,9,3,4,7,9,1,10,1,11,,44,,1,21,121.5110286,25.0502182
113,8,3,13,50,2,03中山區,中山區中山北路1段與長安東路1段口,0,0,1,1,B01,8,6,5,50,4,18,1,5,4,5,13,2,1,1,3,1,2,2,1,57,3,10,7,4,7,5,1,4,2,8,,70,,1,21,121.5216996,25.0499546
113,8,3,13,50,2,03中山區,中山區中山北路1段與長安東路1段口,0,0,1,2,H01,8,6,5,50,4,18,1,5,4,5,13,2,1,1,3,1,2,2,2,88,2,9,4,5,8,16,8,20,10,16,,67,,1,21,121.5216996,25.0499546
113,8,3,13,55,2,06松山區,松山區八德路3段12巷52弄與八德路3段12巷口,0,0,4,1,B01,8,7,5,30,4,1,1,5,4,5,13,4,4,5,5,5,2,15,1,61,2,8,7,1,7,9,1,4,1,2,,72,,1,21,121.5507147,25.0461528
113,8,3,13,55,2,06松山區,松山區八德路3段12巷52弄與八德路3段12巷口,0,0,4,2,B12,8,7,5,30,4,1,1,5,4,5,13,4,4,5,5,5,2,15,1,42,3,10,7,1,7,9,1,8,1,1,,44,,1,21,121.5507147,25.0461528
113,8,3,13,55,2,06松山區,松山區八德路3段12巷52弄與八德路3段12巷口,0,0,4,3,H02,8,7,5,30,4,1,1,5,4,5,13,4,4,5,5,5,2,15,1,52,2,1,7,5,7,20,8,20,10,16,,67,,1,21,121.5507147,25.0461528
113,8,3,13,55,2,06松山區,松山區八德路3段12巷52弄與八德路3段12巷口,0,0,4,4,H02,8,7,5,30,4,1,1,5,4,5,13,4,4,5,5,5,2,15,2,16,2,1,7,5,7,20,8,20,10,16,,67,,1,21,121.5507147,25.0461528
113,8,3,13,55,2,06松山區,松山區八德路3段12巷52弄與八德路3段12巷口,0,0,4,5,H02,8,7,5,30,4,1,1,5,4,5,13,4,4,5,5,5,2,15,2,53,2,8,7,5,7,20,8,20,10,16,,67,,1,21,121.5507147,25.0461528
113,8,3,14,20,2,11南港區,南港區南港路1段30號對面,0,0,1,1,C03,8,5,5,50,14,9,1,5,4,5,13,4,4,1,4,5,2,11,1,27,3,10,6,1,7,9,3,18,2,15,,32,,1,21,121.6172775,25.0549871
113,8,3,14,20,2,11南港區,南港區南港路1段30號對面,0,0,1,2,C03,8,5,5,50,14,9,1,5,4,5,13,4,4,1,4,5,2,11,1,25,2,9,6,1,7,9,1,10,2,12,,44,,1,21,121.6172775,25.0549871
113,8,3,14,32,2,03中山區,中山區雙城街與雙城街40巷口口,0,0,1,1,B12,8,6,5,50,4,1,1,5,4,5,13,4,4,9,5,5,2,15,1,21,3,10,7,1,7,9,1,8,1,8,,99,,1,22,121.5243521,25.0671297
113,8,3,14,32,2,03中山區,中山區雙城街與雙城街40巷口口,0,0,1,2,C03,8,6,5,50,4,1,1,5,4,5,13,4,4,9,5,5,2,15,1,20,2,9,6,1,7,9,1,10,1,12,,72,,1,22,121.5243521,25.0671297
113,8,3,14,32,2,06松山區,松山區南京東路4段與敦化北路口,0,0,1,1,F01,8,7,5,50,4,1,1,5,4,5,13,1,1,1,4,4,2,17,2,21,2,9,4,1,7,9,8,20,1,12,,53,,1,21,121.5493763,25.0516068
113,8,3,14,32,2,06松山區,松山區南京東路4段與敦化北路口,0,0,1,2,B03,8,7,5,50,4,1,1,5,4,5,13,1,1,1,4,4,2,17,2,24,3,10,2,1,7,6,1,8,1,1,,9,,1,21,121.5493763,25.0516068
113,8,3,14,36,2,10文山區,文山區興隆路3段306號,0,0,1,1,C03,8,6,5,50,11,9,1,5,4,5,13,4,4,1,4,5,2,13,1,50,2,8,5,1,7,9,1,10,1,11,,16,,1,21,121.5586638,24.9923764
113,8,3,14,36,2,10文山區,文山區興隆路3段306號,0,0,1,2,B03,8,6,5,50,11,9,1,5,4,5,13,4,4,1,4,5,2,13,2,49,3,10,7,1,7,9,1,8,11,7,,44,,2,21,121.5586638,24.9923764
113,8,3,14,36,2,10文山區,文山區興隆路3段306號,0,0,1,3,C03,8,6,5,50,11,9,1,5,4,5,13,4,4,1,4,5,2,13,2,37,3,10,5,1,7,7,1,10,11,17,,44,,1,21,121.5586638,24.9923764
113,8,3,14,39,2,01大同區,大同區大龍街與大龍街91巷口,0,0,2,1,B03,8,6,5,50,4,2,1,5,4,5,13,2,1,5,5,5,2,17,1,48,3,10,7,4,7,11,1,8,1,8,,10,,1,21,121.5161053,25.066837
113,8,3,14,39,2,01大同區,大同區大龍街與大龍街91巷口,0,0,2,2,C03,8,6,5,50,4,2,1,5,4,5,13,2,1,5,5,5,2,17,2,74,2,9,5,4,7,9,1,10,1,11,,44,,1,21,121.5161053,25.066837
113,8,3,14,39,2,01大同區,大同區大龍街與大龍街91巷口,0,0,2,3,H02,8,6,5,50,4,2,1,5,4,5,13,2,1,5,5,5,2,17,2,72,2,6,5,5,7,20,8,20,10,16,,67,,1,21,121.5161053,25.066837
113,8,3,15,18,2,09北投區,北投區榮華三路與榮華三路42巷口,0,0,1,1,C03,7,6,6,30,4,1,1,5,4,5,13,4,4,5,4,5,2,15,2,22,2,8,6,1,7,9,1,10,1,11,,80,,1,21,121.520666,25.1140902
113,8,3,15,18,2,09北投區,北投區榮華三路與榮華三路42巷口,0,0,1,2,B03,7,6,6,30,4,1,1,5,4,5,13,4,4,5,4,5,2,15,1,58,3,10,7,1,7,9,1,8,1,2,,44,,1,21,121.520666,25.1140902
113,8,3,15,24,2,09北投區,北投區中央南路1段與大興街口,0,0,1,1,B12,8,7,5,50,4,1,1,5,4,5,13,2,1,5,5,5,1,16,1,56,3,10,7,1,7,5,1,8,1,7,,8,,1,22,121.5011421,25.1306582
113,8,3,15,24,2,09北投區,北投區中央南路1段與大興街口,0,0,1,2,C03,8,7,5,50,4,1,1,5,4,5,13,2,1,5,5,5,1,16,2,49,2,9,5,1,7,9,1,11,1,11,,44,,1,22,121.5011421,25.1306582
113,8,3,15,37,2,12內湖區,內湖區成功路2段303號與成功路2段口,0,0,1,1,B03,8,5,5,50,3,1,1,5,4,5,13,4,4,1,4,5,2,14,1,35,3,10,7,1,7,2,1,8,1,7,,12,,1,21,121.5907748,25.06941409
113,8,3,15,37,2,12內湖區,內湖區成功路2段303號與成功路2段口,0,0,1,2,C03,8,5,5,50,3,1,1,5,4,5,13,4,4,1,4,5,2,14,2,58,2,9,6,1,7,6,1,10,1,12,,44,,1,21,121.5907748,25.06941409
113,8,3,16,56,2,05中正區,中正區師大路與水源路口,0,0,1,1,C03,8,7,5,50,4,1,1,5,4,5,13,1,1,1,2,5,2,16,1,22,2,8,6,1,7,6,1,10,1,11,,101,,1,22,121.5225474,25.0204583
113,8,3,16,56,2,05中正區,中正區師大路與水源路口,0,0,1,2,B03,8,7,5,50,4,1,1,5,4,5,13,1,1,1,2,5,2,16,1,52,3,10,7,1,7,9,1,8,1,4,,44,,1,22,121.5225474,25.0204583
113,8,3,17,1,2,05中正區,中正區紹興北街與紹興北街31巷口,0,0,2,1,B01,8,6,5,40,3,2,1,5,4,5,13,4,4,10,4,5,2,16,1,54,3,10,7,1,7,7,1,4,2,8,,44,,1,21,121.5253765,25.0452584
113,8,3,17,1,2,05中正區,中正區紹興北街與紹興北街31巷口,0,0,2,2,C03,8,6,5,40,3,2,1,5,4,5,13,4,4,10,4,5,2,16,1,60,2,7,6,1,7,9,1,10,2,11,,44,,1,21,121.5253765,25.0452584