發生年度,發生月,發生日,發生時-Hours,發生分,處理別-編號,區序,肇事地點,死亡人數,2-30日死亡人數,受傷人數,當事人序號,車種,天候,道路照明設備,道路類別,速限-速度限制,道路型態,事故位置,路面狀況1,路面狀況2,路面狀況3,道路障礙1,道路障礙2,號誌1,號誌2,車道劃分-分向,車道劃分-分道1,車道劃分-分道2,車道劃分-分道3,事故類型及型態,性別,年齡,受傷程度,主要傷處,保護裝置,行動電話,車輛用途,當事者行動狀態,駕駛資格情形,駕駛執照種類,飲酒情形,車輛撞擊部位1,車輛撞擊部位2,肇因碼-個別,肇因碼-主要,個人肇逃否,職業,座標-X,座標-Y
113,8,3,17,1,2,05中正區,中正區紹興北街與紹興北街31巷口,0,0,2,3,H02,8,6,5,40,3,2,1,5,4,5,13,4,4,10,4,5,2,16,2,58,2,9,6,5,7,20,8,20,10,16,,67,,1,21,121.5253765,25.0452584
113,8,3,17,1,2,08士林區,士林區延平北路5段287號,0,0,2,1,C03,8,7,5,50,14,8,1,5,4,5,13,4,4,1,3,4,2,12,1,29,2,7,5,1,7,1,1,10,1,14,,19,,1,22,121.5095925,25.0854714
113,8,3,17,1,2,08士林區,士林區延平北路5段287號,0,0,2,2,B03,8,7,5,50,14,8,1,5,4,5,13,4,4,1,3,4,2,12,2,45,3,10,3,4,7,9,1,8,1,5,,44,,1,22,121.5095925,25.0854714
113,8,3,17,1,2,08士林區,士林區延平北路5段287號,0,0,2,3,H02,8,7,5,50,14,8,1,5,4,5,13,4,4,1,3,4,2,12,2,20,2,8,5,5,7,21,8,20,10,16,,67,,1,22,121.5095925,25.0854714
113,8,3,17,2,2,12內湖區,內湖區民權東路6段50號(加油站入口),0,0,1,1,B02,8,5,5,40,14,8,1,5,4,5,13,4,4,1,4,4,2,16,1,59,3,10,7,1,7,6,1,8,1,5,,9,,1,21,121.583302,25.06843875
113,8,3,17,2,2,12內湖區,內湖區民權東路6段50號(加油站入口),0,0,1,2,C03,8,5,5,40,14,8,1,5,4,5,13,4,4,1,4,4,2,16,1,43,2,9,6,1,7,9,1,10,1,14,,13,,1,21,121.583302,25.06843875
113,8,3,17,17,2,06松山區,松山區三民路80巷12-3號,0,0,1,1,B12,8,6,5,30,14,9,1,5,4,5,13,4,4,10,5,5,2,14,1,25,3,10,7,1,7,2,1,8,1,3,,12,,1,21,121.5650931,25.0563441
113,8,3,17,17,2,06松山區,松山區三民路80巷12-3號,0,0,1,2,C03,8,6,5,30,14,9,1,5,4,5,13,4,4,10,5,5,2,14,1,32,2,9,5,1,7,9,1,10,1,12,,13,,1,21,121.5650931,25.0563441
113,8,3,17,19,2,07信義區,信義區永吉路120巷80弄與永吉路30巷口,0,0,1,1,F01,8,6,5,30,4,1,1,5,4,5,13,4,4,5,5,5,2,16,2,86,2,9,4,4,7,6,8,20,1,11,,80,,1,21,121.5687729,25.0428363
113,8,3,17,19,2,07信義區,信義區永吉路120巷80弄與永吉路30巷口,0,0,1,2,B02,8,6,5,30,4,1,1,5,4,5,13,4,4,5,5,5,2,16,1,49,3,10,3,4,7,9,1,3,1,2,,108,,1,21,121.5687729,25.0428363
113,8,3,17,36,2,03中山區,中山區長春路與吉林路口,0,0,2,1,B03,8,5,5,50,4,1,1,5,4,5,13,1,1,5,4,4,2,16,1,60,3,10,3,4,7,6,1,8,1,5,,9,,1,21,121.5301403,25.0548664
113,8,3,17,36,2,03中山區,中山區長春路與吉林路口,0,0,2,2,C03,8,5,5,50,4,1,1,5,4,5,13,1,1,5,4,4,2,16,1,46,2,7,3,4,7,9,1,10,1,14,,44,,1,21,121.5301403,25.0548664
113,8,3,17,36,2,03中山區,中山區長春路與吉林路口,0,0,2,3,H02,8,5,5,50,4,1,1,5,4,5,13,1,1,5,4,4,2,16,2,41,2,9,3,5,7,21,8,20,10,16,,67,,1,21,121.5301403,25.0548664
113,8,3,17,56,2,04大安區,大安區和平東路1段162號,0,0,1,1,B03,8,7,5,50,3,2,1,5,4,5,13,4,4,10,3,5,1,12,2,43,3,10,3,4,7,8,1,8,1,5,,9,,1,22,121.5253725,25.0267201
113,8,3,17,56,2,04大安區,大安區和平東路1段162號,0,0,1,2,C03,8,7,5,50,3,2,1,5,4,5,13,4,4,10,3,5,1,12,1,23,3,10,6,1,7,9,1,10,1,11,,108,,1,22,121.5253725,25.0267201
113,8,3,17,56,2,04大安區,大安區和平東路1段162號,0,0,1,3,H02,8,7,5,50,3,2,1,5,4,5,13,4,4,10,3,5,1,12,2,22,2,8,6,5,7,20,8,20,10,16,,67,,1,22,121.5253725,25.0267201
113,8,3,18,15,2,05中正區,中正區羅斯福路3段316巷與羅斯福路3段316巷9弄口口,0,0,1,1,B01,7,5,5,30,3,2,1,5,4,5,13,4,4,10,5,5,1,2,1,61,3,10,7,1,7,9,1,4,1,5,,108,,1,21,121.5320568,25.0154552
113,8,3,18,15,2,05中正區,中正區羅斯福路3段316巷與羅斯福路3段316巷9弄口口,0,0,1,2,H01,7,5,5,30,3,2,1,5,4,5,13,4,4,10,5,5,1,2,2,23,2,8,4,5,8,16,8,20,10,16,,67,,1,21,121.5320568,25.0154552
113,8,3,18,16,2,12內湖區,內湖區內湖路1段360巷2號,0,0,1,1,B03,8,6,5,50,14,9,1,5,4,5,13,2,1,5,5,5,2,17,1,54,3,10,7,1,7,14,1,8,1,2,,40,,1,21,121.5707694,25.08127678
113,8,3,18,16,2,12內湖區,內湖區內湖路1段360巷2號,0,0,1,2,C03,8,6,5,50,14,9,1,5,4,5,13,2,1,5,5,5,2,17,1,44,2,9,5,1,7,9,1,10,1,11,,44,,1,21,121.5707694,25.08127678
113,8,3,18,16,2,12內湖區,內湖區內湖路1段360巷2號,0,0,1,3,H02,8,6,5,50,14,9,1,5,4,5,13,2,1,5,5,5,2,17,2,15,3,10,7,5,7,20,8,20,10,16,,126,,1,21,121.5707694,25.08127678
113,8,3,18,17,2,05中正區,中正區中正橋往永和方向,0,0,1,1,C03,8,7,5,50,14,9,1,5,4,5,13,4,4,1,4,5,2,17,1,37,2,9,6,4,7,8,1,10,1,15,,100,,1,21,121.5165136,25.0221863
113,8,3,18,17,2,05中正區,中正區中正橋往永和方向,0,0,1,2,C02,8,7,5,50,14,9,1,5,4,5,13,4,4,1,4,5,2,17,1,64,3,10,6,4,7,9,1,9,1,15,,44,,1,21,121.5165136,25.0221863
113,8,3,18,17,2,05中正區,中正區中正橋往永和方向,0,0,1,3,B03,8,7,5,50,14,9,1,5,4,5,13,4,4,1,4,5,2,17,1,50,3,10,7,4,7,9,1,8,9,15,,101,,1,21,121.5165136,25.0221863
113,8,3,19,40,2,04大安區,大安區樂業街116號,0,0,4,1,F01,8,5,5,50,14,9,1,5,4,5,13,4,4,5,5,5,2,17,1,65,2,9,2,1,7,1,8,20,1,13,,19,,1,22,121.5520144,25.0209492
113,8,3,19,40,2,04大安區,大安區樂業街116號,0,0,4,2,C03,8,5,5,50,14,9,1,5,4,5,13,4,4,5,5,5,2,17,2,43,2,8,5,1,7,9,1,11,1,11,,107,,1,22,121.5520144,25.0209492
113,8,3,19,40,2,04大安區,大安區樂業街116號,0,0,4,3,H02,8,5,5,50,14,9,1,5,4,5,13,4,4,5,5,5,2,17,2,10,2,9,5,5,7,17,8,20,10,16,,58,,1,22,121.5520144,25.0209492
113,8,3,19,40,2,04大安區,大安區樂業街116號,0,0,4,4,H02,8,5,5,50,14,9,1,5,4,5,13,4,4,5,5,5,2,17,1,13,2,5,5,5,7,17,8,20,10,16,,67,,1,22,121.5520144,25.0209492
113,8,3,19,50,2,05中正區,中正區羅斯福路1段8號(南門市場前),0,0,1,1,B03,8,5,5,40,14,8,1,5,4,5,13,4,4,3,4,4,2,17,1,40,3,10,7,1,7,1,1,8,2,4,,19,,1,21,121.5185568,25.0321518
113,8,3,19,50,2,05中正區,中正區羅斯福路1段8號(南門市場前),0,0,1,2,F01,8,5,5,40,14,8,1,5,4,5,13,4,4,3,4,4,2,17,2,71,2,9,4,1,7,9,8,20,2,11,,101,,1,21,121.5185568,25.0321518
113,8,3,20,15,2,08士林區,士林區延平北路9段NO.3011592燈桿,0,0,13,1,B12,8,6,5,30,14,9,1,5,4,5,13,4,4,10,5,5,1,36,1,18,2,9,7,1,7,9,1,8,2,5,,116,,1,21,121.4712497,25.10940496
113,8,3,20,15,2,08士林區,士林區延平北路9段NO.3011592燈桿,0,0,13,2,,8,6,5,30,14,9,1,5,4,5,13,4,4,10,5,5,1,36,3,0,,,,,,,,,,,,67,,1,,121.4712497,25.10940496
113,8,3,20,15,2,08士林區,士林區延平北路9段NO.3011592燈桿,0,0,13,3,H02,8,6,5,30,14,9,1,5,4,5,13,4,4,10,5,5,1,36,1,14,2,8,2,5,7,20,8,20,10,16,,67,,1,21,121.4712497,25.10940496
113,8,3,20,15,2,08士林區,士林區延平北路9段NO.3011592燈桿,0,0,13,4,H02,8,6,5,30,14,9,1,5,4,5,13,4,4,10,5,5,1,36,1,14,2,7,2,5,7,20,8,20,10,16,,67,,1,21,121.4712497,25.10940496
113,8,3,20,15,2,08士林區,士林區延平北路9段NO.3011592燈桿,0,0,13,5,H02,8,6,5,30,14,9,1,5,4,5,13,4,4,10,5,5,1,36,1,13,2,8,2,5,7,20,8,20,10,16,,67,,1,21,121.4712497,25.10940496
113,8,3,20,15,2,08士林區,士林區延平北路9段NO.3011592燈桿,0,0,13,6,H02,8,6,5,30,14,9,1,5,4,5,13,4,4,10,5,5,1,36,1,13,2,8,2,5,7,20,8,20,10,16,,67,,1,21,121.4712497,25.10940496
113,8,3,20,15,2,08士林區,士林區延平北路9段NO.3011592燈桿,0,0,13,7,H02,8,6,5,30,14,9,1,5,4,5,13,4,4,10,5,5,1,36,1,13,2,1,2,5,7,20,8,20,10,16,,67,,1,21,121.4712497,25.10940496
113,8,3,20,15,2,08士林區,士林區延平北路9段NO.3011592燈桿,0,0,13,8,H02,8,6,5,30,14,9,1,5,4,5,13,4,4,10,5,5,1,36,2,17,2,9,2,5,7,20,8,20,10,16,,67,,1,21,121.4712497,25.10940496
113,8,3,20,15,2,08士林區,士林區延平北路9段NO.3011592燈桿,0,0,13,9,H02,8,6,5,30,14,9,1,5,4,5,13,4,4,10,5,5,1,36,2,17,2,9,2,5,7,20,8,20,10,16,,67,,1,21,121.4712497,25.10940496
113,8,3,20,15,2,08士林區,士林區延平北路9段NO.3011592燈桿,0,0,13,10,H02,8,6,5,30,14,9,1,5,4,5,13,4,4,10,5,5,1,36,1,16,2,9,2,5,7,20,8,20,10,16,,67,,1,21,121.4712497,25.10940496
113,8,3,20,15,2,08士林區,士林區延平北路9段NO.3011592燈桿,0,0,13,11,H02,8,6,5,30,14,9,1,5,4,5,13,4,4,10,5,5,1,36,1,16,2,9,2,5,7,20,8,20,10,16,,67,,1,21,121.4712497,25.10940496
113,8,3,20,15,2,08士林區,士林區延平北路9段NO.3011592燈桿,0,0,13,12,H02,8,6,5,30,14,9,1,5,4,5,13,4,4,10,5,5,1,36,2,18,2,9,2,5,7,20,8,20,10,16,,67,,1,21,121.4712497,25.10940496
113,8,3,20,15,2,08士林區,士林區延平北路9段NO.3011592燈桿,0,0,13,13,H02,8,6,5,30,14,9,1,5,4,5,13,4,4,10,5,5,1,36,1,13,2,9,2,5,7,20,8,20,10,16,,67,,1,21,121.4712497,25.10940496
113,8,3,20,15,2,08士林區,士林區延平北路9段NO.3011592燈桿,0,0,13,14,H02,8,6,5,30,14,9,1,5,4,5,13,4,4,10,5,5,1,36,1,14,2,9,2,5,7,20,8,20,10,16,,67,,1,21,121.4712497,25.10940496
113,8,3,20,45,2,12內湖區,內湖區民權東路6段56巷與民權東路6段56巷25弄口口,0,0,1,1,B03,8,5,5,40,3,1,1,5,4,5,13,4,4,10,5,5,2,17,1,32,3,10,7,1,7,1,1,8,1,17,,19,,1,21,121.5854587,25.06739531
113,8,3,20,45,2,12內湖區,內湖區民權東路6段56巷與民權東路6段56巷25弄口口,0,0,1,2,C03,8,5,5,40,3,1,1,5,4,5,13,4,4,10,5,5,2,17,1,64,2,8,5,1,7,14,1,10,1,17,,44,,1,21,121.5854587,25.06739531
113,8,3,20,55,2,04大安區,大安區忠孝東路4段216巷與忠孝東路4段216巷32弄口,0,0,1,1,C03,8,5,5,30,4,1,1,5,4,5,13,4,4,5,4,5,2,3,1,44,3,10,3,4,7,9,1,10,2,11,,70,,1,21,121.5529211,25.0398286
113,8,3,20,55,2,04大安區,大安區忠孝東路4段216巷與忠孝東路4段216巷32弄口,0,0,1,2,H01,8,5,5,30,4,1,1,5,4,5,13,4,4,5,4,5,2,3,1,6,2,1,4,5,8,18,8,20,10,16,,67,,1,21,121.5529211,25.0398286
113,8,3,21,22,2,10文山區,文山區萬芳路51號230號停車格,0,0,1,1,B03,8,7,5,50,14,9,1,5,4,5,13,4,4,5,4,5,2,13,2,57,3,10,7,1,7,14,1,8,1,7,,38,,1,21,121.5575409,24.99931338
113,8,3,21,22,2,10文山區,文山區萬芳路51號230號停車格,0,0,1,2,C03,8,7,5,50,14,9,1,5,4,5,13,4,4,5,4,5,2,13,2,45,2,9,6,1,7,9,1,10,1,11,,16,,1,21,121.5575409,24.99931338
113,8,3,21,23,2,04大安區,大安區和平東路1段147號,0,0,2,1,C03,8,5,5,40,14,8,1,5,4,3,10,4,4,1,4,4,2,17,1,57,3,10,5,1,7,8,1,10,1,15,,101,,1,21,121.5309095,25.0265163
113,8,3,21,23,2,04大安區,大安區和平東路1段147號,0,0,2,2,C03,8,5,5,40,14,8,1,5,4,3,10,4,4,1,4,4,2,17,1,27,2,9,5,1,7,9,1,10,1,14,12,44,,1,21,121.5309095,25.0265163
113,8,3,21,23,2,04大安區,大安區和平東路1段147號,0,0,2,3,B03,8,5,5,40,14,8,1,5,4,3,10,4,4,1,4,4,2,17,1,57,4,11,7,4,7,13,1,8,1,15,,44,,1,21,121.5309095,25.0265163
113,8,3,21,23,2,04大安區,大安區和平東路1段147號,0,0,2,4,H02,8,5,5,40,14,8,1,5,4,3,10,4,4,1,4,4,2,17,2,25,2,9,5,5,7,20,8,20,10,16,,67,,1,21,121.5309095,25.0265163
113,8,3,21,41,2,10文山區,文山區景中街30巷與景後街口,0,0,1,1,B03,8,5,5,30,4,1,1,5,4,5,13,3,1,10,5,5,2,15,1,59,3,10,7,1,7,9,1,4,1,2,,14,,1,21,121.5429007,24.9920772
113,8,3,21,41,2,10文山區,文山區景中街30巷與景後街口,0,0,1,2,C03,8,5,5,30,4,1,1,5,4,5,13,3,1,10,5,5,2,15,1,19,2,9,5,1,7,9,1,10,1,11,,44,,1,21,121.5429007,24.9920772
113,8,3,23,18,2,03中山區,中山區中山橋與中山北路3段口往南,0,0,1,1,C03,8,5,5,50,11,9,1,5,4,5,13,1,1,1,5,2,1,16,1,22,2,9,3,4,7,5,1,10,1,14,,101,,1,21,121.5257991,25.07476505
113,8,3,23,18,2,03中山區,中山區中山橋與中山北路3段口往南,0,0,1,2,B01,8,5,5,50,11,9,1,5,4,5,13,1,1,1,5,2,1,16,1,57,3,10,3,4,7,9,1,4,1,6,,44,,1,21,121.5257991,25.07476505
113,8,3,23,25,2,01大同區,大同區民族西路與延平北路3段口,0,0,1,1,B03,8,5,5,50,14,9,1,5,4,5,13,4,4,8,3,5,2,16,1,47,3,10,3,4,7,7,1,8,2,2,,100,,1,21,121.5108247,25.0683528
113,8,3,23,25,2,01大同區,大同區民族西路與延平北路3段口,0,0,1,2,C03,8,5,5,50,14,9,1,5,4,5,13,4,4,8,3,5,2,16,1,42,2,9,6,4,7,9,1,10,2,11,,44,,1,21,121.5108247,25.0683528
113,8,3,23,25,2,01大同區,大同區民族西路與延平北路3段口,0,0,1,3,B12,8,5,5,50,14,9,1,5,4,5,13,4,4,8,3,5,2,16,2,43,3,10,3,4,7,14,1,8,9,3,,38,,1,21,121.5108247,25.0683528
113,8,4,0,54,2,09北投區,北投區西安街1段293巷與西安街1段281巷6弄口,0,0,2,1,C03,7,5,5,30,3,1,1,5,4,5,13,4,4,10,5,5,2,15,2,70,2,9,5,1,7,15,1,10,1,11,,72,,1,21,121.5161707,25.1120591
113,8,4,0,54,2,09北投區,北投區西安街1段293巷與西安街1段281巷6弄口,0,0,2,2,C03,7,5,5,30,3,1,1,5,4,5,13,4,4,10,5,5,2,15,1,28,2,1,5,1,7,9,1,10,1,11,,13,,1,21,121.5161707,25.1120591
113,8,4,1,15,2,07信義區,信義區松壽路20巷,0,0,1,1,B01,8,5,5,30,14,9,1,5,4,5,13,4,4,10,5,5,2,12,1,51,2,3,3,4,7,1,1,4,1,5,,118,,1,21,121.5675715,25.0357564
113,8,4,1,15,2,07信義區,信義區松壽路20巷,0,0,1,2,B03,8,5,5,30,14,9,1,5,4,5,13,4,4,10,5,5,2,12,4,0,,,,,,,,,11,,,118,,,,121.5675715,25.0357564
113,8,4,1,21,2,09北投區,北投區承德路7段與承德路7段413巷口,0,0,1,1,B01,7,5,5,50,11,9,1,5,4,5,13,1,1,1,4,5,2,17,2,64,3,10,7,1,7,6,1,4,9,17,,9,,2,21,121.499904,25.120755
113,8,4,1,21,2,09北投區,北投區承德路7段與承德路7段413巷口,0,0,1,2,C03,7,5,5,50,11,9,1,5,4,5,13,1,1,1,4,5,2,17,2,15,2,9,6,1,7,9,2,18,1,17,,13,,1,16,121.499904,25.120755
113,8,4,3,30,2,03中山區,中山區松江路524號,0,0,2,1,C03,8,5,5,50,14,9,1,5,4,5,13,1,1,1,4,5,2,13,1,21,2,8,5,1,7,9,1,10,1,11,,108,,1,21,121.5331564,25.0667698
113,8,4,3,30,2,03中山區,中山區松江路524號,0,0,2,2,C03,8,5,5,50,14,9,1,5,4,5,13,1,1,1,4,5,2,13,1,35,2,2,5,1,7,14,1,10,1,13,,44,,1,21,121.5331564,25.0667698
113,8,4,6,41,2,02萬華區,萬華區東園街129號,0,0,1,1,C03,8,7,5,50,14,9,1,5,4,5,13,4,4,9,4,5,2,17,1,50,2,9,5,1,7,15,1,10,1,12,,108,,1,21,121.4969776,25.02494121
113,8,4,6,41,2,02萬華區,萬華區東園街129號,0,0,1,2,B12,8,7,5,50,14,9,1,5,4,5,13,4,4,9,4,5,2,17,1,50,3,10,7,1,7,13,1,8,1,4,,44,,1,21,121.4969776,25.02494121
113,8,4,8,39,2,07信義區,信義區和平東路3段341巷與和平東路3段391巷8弄口,0,0,2,1,C03,8,6,5,30,4,1,1,5,4,5,13,4,4,10,5,5,2,15,2,33,2,9,3,4,7,9,1,10,1,14,,72,,1,22,121.5570232,25.0210044
113,8,4,8,39,2,07信義區,信義區和平東路3段341巷與和平東路3段391巷8弄口,0,0,2,2,C03,8,6,5,30,4,1,1,5,4,5,13,4,4,10,5,5,2,15,1,53,2,9,3,4,7,9,1,9,1,11,,14,,1,22,121.5570232,25.0210044
113,8,4,9,22,2,02萬華區,萬華區堤外便道與堤外便道口(桂林水門口),0,0,2,1,F03,8,7,5,40,5,2,1,5,4,5,13,2,1,5,4,5,2,17,1,33,2,8,4,1,7,7,8,20,1,11,,95,,1,21,121.4959789,25.0390941
113,8,4,9,22,2,02萬華區,萬華區堤外便道與堤外便道口(桂林水門口),0,0,2,2,C03,8,7,5,40,5,2,1,5,4,5,13,2,1,5,4,5,2,17,1,24,2,5,6,1,7,5,1,10,1,11,,44,,1,21,121.4959789,25.0390941
113,8,4,9,40,2,08士林區,士林區仰德大道3段與仰德大道3段44巷口,0,0,1,1,C03,8,5,5,40,4,1,1,5,4,5,13,4,4,5,5,5,1,12,1,31,2,9,6,1,7,9,1,10,2,11,,108,,1,21,121.5523049,25.11809831
113,8,4,9,40,2,08士林區,士林區仰德大道3段與仰德大道3段44巷口,0,0,1,2,B02,8,5,5,40,4,1,1,5,4,5,13,4,4,5,5,5,1,12,1,42,3,10,7,1,7,14,1,8,2,4,,40,,1,21,121.5523049,25.11809831
113,8,4,9,45,2,03中山區,中山區劍南路第144號燈桿,0,0,1,1,B03,8,6,5,30,12,9,1,5,4,5,13,4,4,10,5,5,2,17,1,41,3,10,7,1,7,9,1,8,1,8,,42,,1,21,121.5533729,25.09004707
113,8,4,9,45,2,03中山區,中山區劍南路第144號燈桿,0,0,1,2,F01,8,6,5,30,12,9,1,5,4,5,13,4,4,10,5,5,2,17,1,30,2,9,4,1,7,6,8,20,1,14,,44,,1,21,121.5533729,25.09004707
113,8,4,9,48,2,09北投區,北投區大度路3段與關渡路口,0,0,2,1,B03,8,5,5,50,3,1,1,5,4,5,13,1,1,3,4,2,2,17,2,53,2,2,3,4,7,6,1,8,1,6,,71,,1,21,121.4694823,25.1228967
113,8,4,9,48,2,09北投區,北投區大度路3段與關渡路口,0,0,2,2,C03,8,5,5,50,3,1,1,5,4,5,13,1,1,3,4,2,2,17,1,45,2,9,3,4,7,9,1,10,1,14,,44,,1,21,121.4694823,25.1228967
113,8,4,9,50,2,09北投區,北投區大業路與大業路527巷口,0,0,2,1,C03,7,6,5,40,5,1,1,5,4,5,13,1,1,1,4,5,1,17,1,20,2,9,5,1,7,5,1,10,1,13,,8,,1,21,121.4962799,25.1344582
113,8,4,9,50,2,09北投區,北投區大業路與大業路527巷口,0,0,2,2,C03,7,6,5,40,5,1,1,5,4,5,13,1,1,1,4,5,1,17,2,63,2,9,5,1,7,9,1,10,1,11,,44,,1,21,121.4962799,25.1344582
113,8,4,10,12,2,11南港區,南港區南港路2段13-1號,0,0,1,1,B12,8,7,5,50,14,8,1,5,4,5,13,4,4,9,5,4,2,16,1,53,3,10,3,4,7,6,1,8,2,5,,80,,1,21,121.6036848,25.0537784
113,8,4,10,12,2,11南港區,南港區南港路2段13-1號,0,0,1,2,C03,8,7,5,50,14,8,1,5,4,5,13,4,4,9,5,4,2,16,1,44,2,9,6,4,7,9,1,10,2,14,,44,,1,21,121.6036848,25.0537784
113,8,4,10,38,2,05中正區,中正區和平西路2段與延平南路口,0,0,1,1,B03,8,7,5,50,3,1,1,5,4,3,13,2,1,1,4,4,2,16,1,28,3,10,7,1,7,6,1,8,1,2,,9,,1,21,121.5070971,25.0320109
113,8,4,10,38,2,05中正區,中正區和平西路2段與延平南路口,0,0,1,2,C03,8,7,5,50,3,1,1,5,4,3,13,2,1,1,4,4,2,16,2,26,2,8,5,1,7,9,1,10,1,14,,44,,1,21,121.5070971,25.0320109
113,8,4,10,46,2,03中山區,中山區市民大道2段與長安東路1段30巷口,0,0,1,1,B03,8,7,5,40,3,2,1,5,4,5,13,2,1,1,4,5,2,12,1,70,3,10,7,1,7,8,1,8,1,4,,100,,1,21,121.5260844,25.0475532
113,8,4,10,46,2,03中山區,中山區市民大道2段與長安東路1段30巷口,0,0,1,2,C03,8,7,5,40,3,2,1,5,4,5,13,2,1,1,4,5,2,12,1,23,2,9,6,1,7,9,1,10,1,11,,44,,1,21,121.5260844,25.0475532
113,8,4,11,6,2,04大安區,大安區敦化南路2段104號,0,0,1,1,C03,8,6,5,50,14,9,1,5,4,5,13,4,4,7,4,1,2,12,2,38,2,9,5,1,7,9,1,10,2,12,,108,,1,21,121.5485177,25.02762739
113,8,4,11,6,2,04大安區,大安區敦化南路2段104號,0,0,1,2,B01,8,6,5,50,14,9,1,5,4,5,13,4,4,7,4,1,2,12,1,57,3,10,7,1,7,14,1,3,2,7,,38,,1,21,121.5485177,25.02762739
113,8,4,11,39,2,12內湖區,內湖區金龍路與內湖路3段141巷口,0,0,1,1,B03,8,7,5,50,4,2,1,5,4,5,13,1,1,5,4,5,2,16,1,56,3,10,7,1,7,6,1,8,2,5,,9,,1,21,121.5893095,25.0862387
113,8,4,11,39,2,12內湖區,內湖區金龍路與內湖路3段141巷口,0,0,1,2,C03,8,7,5,50,4,2,1,5,4,5,13,1,1,5,4,5,2,16,2,25,2,9,5,1,7,9,1,10,2,14,,44,,1,21,121.5893095,25.0862387
113,8,4,11,59,2,08士林區,士林區士東路91巷與士東路口,0,0,1,1,B01,8,5,5,50,5,1,1,5,4,5,13,2,1,5,5,5,2,16,1,54,3,10,3,4,7,11,1,4,1,8,,10,,1,22,121.5234461,25.1156292
113,8,4,11,59,2,08士林區,士林區士東路91巷與士東路口,0,0,1,2,C03,8,5,5,50,5,1,1,5,4,5,13,2,1,5,5,5,2,16,1,43,2,7,3,4,7,4,1,10,1,12,,4,,1,22,121.5234461,25.1156292
113,8,4,12,25,2,05中正區,中正區中華路2段與中華路2段39巷口,0,0,1,1,C03,8,7,5,50,3,1,1,5,4,5,13,4,4,1,4,5,2,17,1,66,2,7,5,1,7,10,1,10,1,11,,100,,1,21,121.5063165,25.0350793
113,8,4,12,25,2,05中正區,中正區中華路2段與中華路2段39巷口,0,0,1,2,C03,8,7,5,50,3,1,1,5,4,5,13,4,4,1,4,5,2,17,1,57,3,10,5,1,7,8,3,18,1,15,,44,,1,21,121.5063165,25.0350793
113,8,4,12,25,2,05中正區,中正區中華路2段與中華路2段39巷口,0,0,1,3,H02,8,7,5,50,3,1,1,5,4,5,13,4,4,1,4,5,2,17,2,54,4,11,5,5,7,20,8,20,10,16,,67,,1,21,121.5063165,25.0350793
113,8,4,13,11,2,04大安區,大安區復興南路1段141號,0,0,1,1,C03,8,6,5,50,14,9,1,5,4,5,13,4,4,1,4,5,2,13,1,65,2,9,5,4,7,9,3,18,1,11,,107,,1,21,121.5438967,25.0422103
113,8,4,13,11,2,04大安區,大安區復興南路1段141號,0,0,1,2,B01,8,6,5,50,14,9,1,5,4,5,13,4,4,1,4,5,2,13,1,61,3,10,3,4,7,9,1,4,1,3,,14,,1,21,121.5438967,25.0422103
113,8,4,13,23,2,08士林區,士林區社中街264巷與社中街298巷4弄口,0,0,2,1,F01,8,5,5,30,4,1,1,5,4,5,13,4,4,10,5,5,2,15,2,39,2,7,3,4,7,9,8,20,1,12,,72,,1,22,121.5071705,25.0924692
113,8,4,13,23,2,08士林區,士林區社中街264巷與社中街298巷4弄口,0,0,2,2,C03,8,5,5,30,4,1,1,5,4,5,13,4,4,10,5,5,2,15,2,47,2,7,3,4,7,9,1,10,1,11,,14,,1,22,121.5071705,25.0924692
113,8,4,14,27,2,04大安區,大安區市民大道4段22號,0,0,1,1,B03,8,6,5,40,14,9,1,5,4,5,13,4,4,1,4,5,2,17,1,38,3,10,3,4,7,1,1,6,1,4,,19,,1,21,121.5448652,25.0448409
113,8,4,14,27,2,04大安區,大安區市民大道4段22號,0,0,1,2,C03,8,6,5,40,14,9,1,5,4,5,13,4,4,1,4,5,2,17,1,48,2,9,5,1,7,9,1,10,1,11,,44,,1,21,121.5448652,25.0448409
113,8,4,14,32,2,04大安區,大安區忠孝東路4段26巷與大安路1段116巷口,0,0,1,1,B03,8,6,5,30,4,1,1,5,4,5,13,4,4,1,5,5,2,16,1,55,3,10,7,1,7,6,1,8,1,2,,44,,1,21,121.5447493,25.0397471
113,8,4,14,32,2,04大安區,大安區忠孝東路4段26巷與大安路1段116巷口,0,0,1,2,C03,8,6,5,30,4,1,1,5,4,5,13,4,4,1,5,5,2,16,1,20,2,9,5,1,7,9,1,10,1,14,,44,,1,21,121.5447493,25.0397471
113,8,4,14,45,2,12內湖區,內湖區舊宗路1段279號,0,0,2,1,B03,8,5,5,50,14,9,1,5,4,5,13,1,1,1,3,5,2,12,1,40,3,10,3,4,7,7,1,8,1,2,,100,,1,22,121.5769246,25.06336643
113,8,4,14,45,2,12內湖區,內湖區舊宗路1段279號,0,0,2,2,B03,8,5,5,50,14,9,1,5,4,5,13,1,1,1,3,5,2,12,2,52,4,11,3,4,7,15,7,19,11,15,,42,,2,22,121.5769246,25.06336643
113,8,4,14,45,2,12內湖區,內湖區舊宗路1段279號,0,0,2,3,C03,8,5,5,50,14,9,1,5,4,5,13,1,1,1,3,5,2,12,2,31,2,9,3,4,7,9,1,10,1,14,,44,,1,22,121.5769246,25.06336643