發生年度,發生月,發生日,發生時-Hours,發生分,處理別-編號,區序,肇事地點,死亡人數,2-30日死亡人數,受傷人數,當事人序號,車種,天候,道路照明設備,道路類別,速限-速度限制,道路型態,事故位置,路面狀況1,路面狀況2,路面狀況3,道路障礙1,道路障礙2,號誌1,號誌2,車道劃分-分向,車道劃分-分道1,車道劃分-分道2,車道劃分-分道3,事故類型及型態,性別,年齡,受傷程度,主要傷處,保護裝置,行動電話,車輛用途,當事者行動狀態,駕駛資格情形,駕駛執照種類,飲酒情形,車輛撞擊部位1,車輛撞擊部位2,肇因碼-個別,肇因碼-主要,個人肇逃否,職業,座標-X,座標-Y
113,8,4,14,45,2,12內湖區,內湖區舊宗路1段279號,0,0,2,4,H02,8,5,5,50,14,9,1,5,4,5,13,1,1,1,3,5,2,12,2,61,2,9,3,5,7,20,8,20,10,16,,67,,1,22,121.5769246,25.06336643
113,8,4,15,38,2,09北投區,北投區大度路與大度路口(往台北，路樹BT0560210062),0,0,1,1,C03,8,6,5,50,14,12,1,5,4,5,13,4,4,9,4,2,2,13,1,26,3,10,5,1,7,3,6,18,1,13,,44,,1,21,121.4764533,25.12238698
113,8,4,15,38,2,09北投區,北投區大度路與大度路口(往台北，路樹BT0560210062),0,0,1,2,C03,8,6,5,50,14,12,1,5,4,5,13,4,4,9,4,2,2,13,1,26,2,9,5,1,7,9,1,10,1,11,,108,,1,21,121.4764533,25.12238698
113,8,4,16,34,2,09北投區,北投區文林北路與文林北路75巷口,0,0,2,1,B03,8,6,5,50,14,9,1,5,4,5,13,1,1,1,4,1,2,13,2,69,3,10,7,1,7,12,1,8,1,5,,16,,1,21,121.5151607,25.1071151
113,8,4,16,34,2,09北投區,北投區文林北路與文林北路75巷口,0,0,2,2,C03,8,6,5,50,14,9,1,5,4,5,13,1,1,1,4,1,2,13,2,53,2,8,5,1,7,14,1,10,1,14,,44,,1,21,121.5151607,25.1071151
113,8,4,16,34,2,09北投區,北投區文林北路與文林北路75巷口,0,0,2,3,H02,8,6,5,50,14,9,1,5,4,5,13,1,1,1,4,1,2,13,2,21,2,8,5,5,7,20,8,20,10,16,,67,,1,21,121.5151607,25.1071151
113,8,4,16,52,2,05中正區,中正區南海路34-1號,0,0,1,1,C03,8,7,5,30,14,9,4,5,4,5,13,4,4,10,4,5,2,13,2,35,2,9,5,1,7,9,1,10,2,11,,16,,1,22,121.5159508,25.0322618
113,8,4,16,52,2,05中正區,中正區南海路34-1號,0,0,1,2,C03,8,7,5,30,14,9,4,5,4,5,13,4,4,10,4,5,2,13,1,65,3,10,5,1,7,14,1,10,2,13,,44,,1,22,121.5159508,25.0322618
113,8,4,16,55,2,02萬華區,萬華區中華路1段108號,0,0,1,1,B12,8,7,5,50,14,9,1,5,4,5,13,4,4,1,5,5,2,17,1,51,3,10,7,1,7,1,1,3,1,4,,19,,1,21,121.5085188,25.043845
113,8,4,16,55,2,02萬華區,萬華區中華路1段108號,0,0,1,2,F03,8,7,5,50,14,9,1,5,4,5,13,4,4,1,5,5,2,17,1,16,2,8,4,1,7,9,8,20,1,11,,44,,1,21,121.5085188,25.043845
113,8,4,17,32,2,02萬華區,萬華區昆明街277號,0,0,2,1,C03,8,7,5,50,14,9,1,5,4,5,13,4,4,10,4,5,2,12,1,26,3,10,6,1,7,1,1,10,1,14,,19,,1,21,121.5036277,25.03711067
113,8,4,17,32,2,02萬華區,萬華區昆明街277號,0,0,2,2,C03,8,7,5,50,14,9,1,5,4,5,13,4,4,10,4,5,2,12,1,49,2,8,6,1,7,9,1,10,1,12,,44,,1,21,121.5036277,25.03711067
113,8,4,17,32,2,02萬華區,萬華區昆明街277號,0,0,2,3,H02,8,7,5,50,14,9,1,5,4,5,13,4,4,10,4,5,2,12,1,8,2,8,6,5,7,20,8,20,10,16,,67,,1,14,121.5036277,25.03711067
113,8,4,17,35,2,02萬華區,萬華區環河南路2段與西藏路口,0,0,1,1,C02,8,5,8,50,22,22,1,5,4,5,13,1,1,10,5,5,2,13,1,41,3,10,3,4,7,15,1,9,1,11,,116,,1,21,121.4897899,25.0301693
113,8,4,17,35,2,02萬華區,萬華區環河南路2段與西藏路口,0,0,1,2,C03,8,5,8,50,22,22,1,5,4,5,13,1,1,10,5,5,2,13,1,42,2,9,3,4,7,14,1,9,1,13,,44,,1,21,121.4897899,25.0301693
113,8,4,18,41,2,11南港區,南港區玉成街132號,0,0,1,1,B03,8,5,5,50,14,9,1,5,4,5,13,4,4,4,5,5,2,12,2,46,3,10,7,1,7,9,1,8,1,2,,16,,1,21,121.5830147,25.04508415
113,8,4,18,41,2,11南港區,南港區玉成街132號,0,0,1,2,C03,8,5,5,50,14,9,1,5,4,5,13,4,4,4,5,5,2,12,2,71,2,8,6,1,7,9,3,18,1,14,,27,,1,21,121.5830147,25.04508415
113,8,4,18,57,2,07信義區,信義區松壽路28號,0,0,1,1,C03,8,5,5,50,14,9,1,5,4,5,13,4,4,9,4,5,2,16,1,74,2,9,5,1,7,7,1,10,1,12,,100,,1,21,121.5677946,25.0357616
113,8,4,18,57,2,07信義區,信義區松壽路28號,0,0,1,2,B03,8,5,5,50,14,9,1,5,4,5,13,4,4,9,4,5,2,16,1,43,3,10,7,1,7,9,1,8,1,4,,44,,1,21,121.5677946,25.0357616
113,8,4,19,30,2,05中正區,中正區博愛路與永綏街口,0,0,3,1,C03,8,5,5,50,3,2,1,5,4,5,13,1,1,10,5,5,2,16,1,20,2,9,5,1,7,7,1,10,2,13,,100,,1,22,121.511477,25.0431224
113,8,4,19,30,2,05中正區,中正區博愛路與永綏街口,0,0,3,2,C03,8,5,5,50,3,2,1,5,4,5,13,1,1,10,5,5,2,16,1,44,2,9,5,1,7,9,1,10,2,11,,13,,1,22,121.511477,25.0431224
113,8,4,19,30,2,05中正區,中正區博愛路與永綏街口,0,0,3,3,H02,8,5,5,50,3,2,1,5,4,5,13,1,1,10,5,5,2,16,2,21,2,7,5,5,7,20,8,20,10,16,,67,,1,22,121.511477,25.0431224
113,8,4,19,35,2,04大安區,大安區愛國東路與杭州南路2段口,0,0,1,1,C03,8,5,5,50,4,1,1,5,4,5,13,1,1,10,5,5,2,17,1,43,3,10,5,1,7,15,1,10,1,13,,101,,1,21,121.5226526,25.0323798
113,8,4,19,35,2,04大安區,大安區愛國東路與杭州南路2段口,0,0,1,2,C03,8,5,5,50,4,1,1,5,4,5,13,1,1,10,5,5,2,17,2,49,2,8,5,1,7,9,1,10,1,11,,13,,1,21,121.5226526,25.0323798
113,8,4,19,38,2,10文山區,文山區木新路3段74巷與木新路3段口,0,0,1,1,C03,8,5,5,50,3,1,1,5,4,5,13,4,4,5,5,4,2,3,1,39,3,10,6,1,7,9,1,10,2,12,,42,,1,21,121.5635397,24.9823689
113,8,4,19,38,2,10文山區,文山區木新路3段74巷與木新路3段口,0,0,1,2,H01,8,5,5,50,3,1,1,5,4,5,13,4,4,5,5,4,2,3,1,10,2,8,4,5,8,18,8,20,10,16,,121,,1,14,121.5635397,24.9823689
113,8,4,20,40,2,05中正區,中正區仁愛路1段與林森南路口,0,0,1,1,C03,7,5,5,50,4,1,1,5,4,5,13,1,1,1,4,5,2,16,1,57,2,9,6,1,7,5,1,10,2,14,,86,,1,22,121.5215316,25.038662
113,8,4,20,40,2,05中正區,中正區仁愛路1段與林森南路口,0,0,1,2,B03,7,5,5,50,4,1,1,5,4,5,13,1,1,1,4,5,2,16,1,32,3,10,7,1,7,5,1,8,2,1,,44,,1,22,121.5215316,25.038662
113,8,4,22,0,2,08士林區,士林區百齡橋往社子方向,0,0,1,1,C02,8,5,5,50,14,9,1,5,4,5,13,4,4,3,4,5,1,17,1,34,3,10,6,1,7,8,1,9,1,17,,100,,1,22,121.5118012,25.0880099
113,8,4,22,0,2,08士林區,士林區百齡橋往社子方向,0,0,1,2,C03,8,5,5,50,14,9,1,5,4,5,13,4,4,3,4,5,1,17,1,26,2,9,6,1,7,9,1,10,1,11,,13,,1,22,121.5118012,25.0880099
113,8,5,2,15,2,04大安區,大安區四維路與四維路154巷口,0,0,1,1,C03,8,5,5,30,4,1,1,5,4,5,13,3,1,10,5,5,2,15,2,56,2,9,5,1,7,9,1,10,1,11,,84,,1,21,121.547995,25.0309595
113,8,5,2,15,2,04大安區,大安區四維路與四維路154巷口,0,0,1,2,A11,8,5,5,30,4,1,1,5,4,5,13,3,1,10,5,5,2,15,1,41,3,10,3,4,7,9,1,2,1,2,,14,,1,21,121.547995,25.0309595
113,8,5,7,28,2,04大安區,大安區復興南路2段與信義路4段口,0,0,1,1,B03,8,7,5,50,4,1,1,5,4,5,13,2,1,1,3,1,2,16,1,56,3,10,7,1,7,6,1,8,1,2,,9,,1,21,121.5436829,25.0333205
113,8,5,7,28,2,04大安區,大安區復興南路2段與信義路4段口,0,0,1,2,C03,8,7,5,50,4,1,1,5,4,5,13,2,1,1,3,1,2,16,1,63,2,9,5,1,7,9,1,10,1,14,,108,,1,21,121.5436829,25.0333205
113,8,5,7,35,2,01大同區,大同區延平北路1段與鄭州路口,0,0,1,1,B03,8,5,5,30,5,1,1,5,4,5,13,2,1,1,2,1,2,10,1,71,3,10,7,1,7,15,1,8,2,8,,71,,1,22,121.5118828,25.0499933
113,8,5,7,35,2,01大同區,大同區延平北路1段與鄭州路口,0,0,1,2,C03,8,5,5,30,5,1,1,5,4,5,13,2,1,1,2,1,2,10,1,44,2,9,5,1,7,1,1,10,2,14,,44,,1,22,121.5118828,25.0499933
113,8,5,7,48,2,10文山區,文山區木柵路3段191號對面,0,0,2,1,A04,8,7,5,50,14,9,1,5,4,5,13,4,4,5,4,5,2,13,1,45,3,10,7,1,7,14,1,2,2,6,,44,,1,21,121.5711093,24.99132006
113,8,5,7,48,2,10文山區,文山區木柵路3段191號對面,0,0,2,2,C03,8,7,5,50,14,9,1,5,4,5,13,4,4,5,4,5,2,13,2,45,2,9,5,1,7,9,1,10,2,11,,16,,1,21,121.5711093,24.99132006
113,8,5,7,48,2,10文山區,文山區木柵路3段191號對面,0,0,2,3,H02,8,7,5,50,14,9,1,5,4,5,13,4,4,5,4,5,2,13,2,11,2,8,5,5,7,20,8,20,10,17,,67,,1,21,121.5711093,24.99132006
113,8,5,7,49,2,02萬華區,萬華區中華路2段與莒光路口,0,0,2,1,C03,8,6,6,50,4,1,1,5,4,5,13,1,1,1,4,5,1,17,1,32,3,10,3,4,7,5,1,10,1,13,,71,,1,21,121.5041034,25.0312594
113,8,5,7,49,2,02萬華區,萬華區中華路2段與莒光路口,0,0,2,2,C03,8,6,6,50,4,1,1,5,4,5,13,1,1,1,4,5,1,17,1,46,2,9,3,4,7,9,1,10,1,11,,44,,1,21,121.5041034,25.0312594
113,8,5,7,49,2,02萬華區,萬華區中華路2段與莒光路口,0,0,2,3,H02,8,6,6,50,4,1,1,5,4,5,13,1,1,1,4,5,1,17,2,47,2,8,3,5,7,20,8,20,10,16,,67,,1,21,121.5041034,25.0312594
113,8,5,7,55,2,09北投區,北投區中央北路2段257巷與無名路口,0,0,1,1,C03,8,7,5,50,3,2,1,5,4,5,13,4,4,4,1,5,2,17,1,28,2,9,6,1,7,5,1,10,1,13,,98,,1,21,121.4904611,25.13713731
113,8,5,7,55,2,09北投區,北投區中央北路2段257巷與無名路口,0,0,1,2,C03,8,7,5,50,3,2,1,5,4,5,13,4,4,4,1,5,2,17,1,18,3,10,5,1,7,9,1,10,1,11,,44,,1,21,121.4904611,25.13713731
113,8,5,7,59,2,10文山區,文山區辛亥路4段與萬美街2段口,0,0,1,1,C03,8,6,5,50,3,1,1,5,4,5,13,2,1,4,2,5,2,16,2,49,2,9,6,1,7,6,1,10,1,13,,9,,1,21,121.5582736,25.0061907
113,8,5,7,59,2,10文山區,文山區辛亥路4段與萬美街2段口,0,0,1,2,B03,8,6,5,50,3,1,1,5,4,5,13,2,1,4,2,5,2,16,1,37,3,10,7,1,7,9,1,8,1,1,,44,,1,21,121.5582736,25.0061907
113,8,5,7,59,2,10文山區,文山區辛亥路4段與萬美街2段口,0,0,1,3,H03,8,6,5,50,3,1,1,5,4,5,13,2,1,4,2,5,2,16,2,65,3,10,4,5,8,20,8,20,10,16,,67,,1,21,121.5582736,25.0061907
113,8,5,8,2,2,04大安區,大安區復興南路1段249號,0,0,2,1,C03,8,6,5,50,14,9,1,5,4,5,13,4,4,1,4,5,2,13,1,60,2,9,5,1,7,9,1,10,1,11,,44,,1,21,121.5440675,25.0370678
113,8,5,8,2,2,04大安區,大安區復興南路1段249號,0,0,2,2,B03,8,6,5,50,14,9,1,5,4,5,13,4,4,1,4,5,2,13,2,70,3,10,7,1,7,9,1,4,1,6,,44,,1,21,121.5440675,25.0370678
113,8,5,8,2,2,04大安區,大安區復興南路1段249號,0,0,2,3,H02,8,6,5,50,14,9,1,5,4,5,13,4,4,1,4,5,2,13,2,17,2,9,5,5,7,20,8,20,10,16,,67,,1,21,121.5440675,25.0370678
113,8,5,8,3,2,06松山區,松山區北寧路20號,0,0,1,1,B01,8,5,5,50,14,9,1,5,4,5,13,4,4,5,2,4,2,16,1,51,3,10,7,1,7,11,1,4,1,7,,10,,1,22,121.5526034,25.04890801
113,8,5,8,3,2,06松山區,松山區北寧路20號,0,0,1,2,C03,8,5,5,50,14,9,1,5,4,5,13,4,4,5,2,4,2,16,1,31,2,9,6,1,7,9,1,10,1,11,,44,,1,22,121.5526034,25.04890801
113,8,5,8,5,2,10文山區,文山區景文街108號,0,0,2,1,C04,8,6,5,50,14,7,1,5,4,5,13,4,4,5,5,4,2,13,2,61,2,9,6,1,7,9,1,10,1,11,,108,,1,21,121.5408346,24.98890152
113,8,5,8,5,2,10文山區,文山區景文街108號,0,0,2,2,C03,8,6,5,50,14,7,1,5,4,5,13,4,4,5,5,4,2,13,1,49,2,9,6,1,7,9,1,10,1,13,,44,,1,21,121.5408346,24.98890152
113,8,5,8,5,2,10文山區,文山區景文街108號,0,0,2,3,H01,8,6,5,50,14,7,1,5,4,5,13,4,4,5,5,4,2,13,4,0,,,,,,,,,10,,,121,,,,121.5408346,24.98890152
113,8,5,8,5,2,10文山區,文山區景文街108號,0,0,2,4,H01,8,6,5,50,14,7,1,5,4,5,13,4,4,5,5,4,2,13,4,0,,,,,,,,,10,,,121,,,,121.5408346,24.98890152
113,8,5,8,13,2,08士林區,士林區文昌路3號前磁磚地,0,0,2,1,C03,8,7,8,50,22,22,4,5,4,5,13,4,4,10,5,5,2,17,1,19,2,8,6,1,7,9,1,10,1,11,,99,,1,21,121.5211552,25.09533752
113,8,5,8,13,2,08士林區,士林區文昌路3號前磁磚地,0,0,2,2,C03,8,7,8,50,22,22,4,5,4,5,13,4,4,10,5,5,2,17,1,30,2,8,6,1,7,9,1,10,1,14,,99,,1,21,121.5211552,25.09533752
113,8,5,8,26,2,05中正區,中正區汀州路2段與牯嶺街口,0,0,2,1,C03,8,7,5,50,4,2,1,5,4,5,13,2,1,5,4,5,2,13,1,31,2,2,5,1,7,9,1,10,1,11,,16,,1,21,121.5192078,25.0250377
113,8,5,8,26,2,05中正區,中正區汀州路2段與牯嶺街口,0,0,2,2,C03,8,7,5,50,4,2,1,5,4,5,13,2,1,5,4,5,2,13,1,44,3,10,5,1,7,15,6,18,1,13,,44,,1,21,121.5192078,25.0250377
113,8,5,8,26,2,05中正區,中正區汀州路2段與牯嶺街口,0,0,2,3,C03,8,7,5,50,4,2,1,5,4,5,13,2,1,5,4,5,2,13,1,54,2,6,5,1,7,9,1,10,1,11,,16,,1,21,121.5192078,25.0250377
113,8,5,8,35,2,07信義區,信義區光復南路與忠孝東路4段口,0,0,1,1,C03,8,7,5,50,4,1,1,5,4,5,13,1,1,9,4,5,2,18,2,39,2,8,6,1,7,1,1,10,1,14,,19,,1,21,121.5577834,25.0414572
113,8,5,8,35,2,07信義區,信義區光復南路與忠孝東路4段口,0,0,1,2,,8,7,5,50,4,1,1,5,4,5,13,1,1,9,4,5,2,18,3,0,,,,,,,,,,,,67,,1,,121.5577834,25.0414572
113,8,5,8,47,2,01大同區,大同區民權西路與承德路2段口,0,0,2,1,C03,8,5,5,50,4,2,1,5,4,5,13,2,1,1,4,5,2,17,1,28,3,10,3,4,7,6,1,10,2,13,,42,,1,21,121.518353,25.062781
113,8,5,8,47,2,01大同區,大同區民權西路與承德路2段口,0,0,2,2,C03,8,5,5,50,4,2,1,5,4,5,13,2,1,1,4,5,2,17,2,50,2,9,3,4,7,9,1,10,2,11,,42,,1,21,121.518353,25.062781
113,8,5,8,47,2,01大同區,大同區民權西路與承德路2段口,0,0,2,3,H02,8,5,5,50,4,2,1,5,4,5,13,2,1,1,4,5,2,17,1,28,2,8,3,5,7,20,8,20,10,16,,60,,1,21,121.518353,25.062781
113,8,5,8,49,2,08士林區,士林區忠誠路1段與德行東路口,0,0,1,1,B03,8,6,5,50,4,1,1,5,4,5,13,2,1,1,4,5,1,16,1,37,3,10,7,3,7,15,1,8,2,5,,9,,1,21,121.5302039,25.10822607
113,8,5,8,49,2,08士林區,士林區忠誠路1段與德行東路口,0,0,1,2,C03,8,6,5,50,4,1,1,5,4,5,13,2,1,1,4,5,1,16,1,30,2,9,5,1,7,15,1,10,2,14,,44,,1,21,121.5302039,25.10822607
113,8,5,9,23,2,03中山區,中山區錦州街305巷與錦州街口,0,0,3,1,C03,8,6,5,50,4,1,1,5,4,5,13,4,4,5,5,5,2,16,2,49,2,8,6,1,7,11,1,10,1,14,,10,,1,22,121.5378479,25.0603043
113,8,5,9,23,2,03中山區,中山區錦州街305巷與錦州街口,0,0,3,2,C03,8,6,5,50,4,1,1,5,4,5,13,4,4,5,5,5,2,16,1,31,2,9,5,1,7,9,1,10,1,12,,14,,1,22,121.5378479,25.0603043
113,8,5,9,23,2,03中山區,中山區錦州街305巷與錦州街口,0,0,3,3,H02,8,6,5,50,4,1,1,5,4,5,13,4,4,5,5,5,2,16,2,69,2,9,5,5,7,17,8,20,10,16,,67,,1,22,121.5378479,25.0603043
113,8,5,9,25,2,12內湖區,內湖區東湖路113巷與東湖路113巷95弄口,0,0,1,1,C03,8,5,5,30,4,2,1,5,4,5,13,3,1,9,5,5,2,17,2,72,2,9,5,1,7,5,1,10,2,12,,72,,1,21,121.6156125,25.0718686
113,8,5,9,25,2,12內湖區,內湖區東湖路113巷與東湖路113巷95弄口,0,0,1,2,B03,8,5,5,30,4,2,1,5,4,5,13,3,1,9,5,5,2,17,1,40,3,10,7,1,7,9,1,8,2,8,,44,,1,21,121.6156125,25.0718686
113,8,5,9,30,2,04大安區,大安區敦化南路2段106號,0,0,1,1,C03,8,6,5,50,14,9,1,5,4,5,13,4,4,1,4,5,2,13,1,29,2,9,5,1,7,9,1,10,1,11,,108,,1,21,121.5485418,25.0280027
113,8,5,9,30,2,04大安區,大安區敦化南路2段106號,0,0,1,2,C03,8,6,5,50,14,9,1,5,4,5,13,4,4,1,4,5,2,13,1,26,3,10,5,1,7,14,1,10,1,13,,44,,1,21,121.5485418,25.0280027
113,8,5,9,30,2,04大安區,大安區敦化南路2段106號,0,0,1,3,B03,8,6,5,50,14,9,1,5,4,5,13,4,4,1,4,5,2,13,2,43,3,10,7,1,7,14,1,8,1,3,,44,,1,21,121.5485418,25.0280027
113,8,5,9,35,2,05中正區,中正區南海路58號,0,0,1,1,B03,8,7,5,30,14,9,1,5,4,5,13,1,1,10,4,5,2,13,1,50,3,10,7,1,7,9,1,8,2,1,,108,,1,22,121.5111684,25.0310283
113,8,5,9,35,2,05中正區,中正區南海路58號,0,0,1,2,C03,8,7,5,30,14,9,1,5,4,5,13,1,1,10,4,5,2,13,1,32,2,9,5,1,7,9,1,10,2,13,,44,,1,22,121.5111684,25.0310283
113,8,5,9,40,2,05中正區,中正區汀州路2段260號,0,0,2,1,C03,8,7,5,50,14,9,1,5,4,3,10,4,4,9,4,5,2,17,1,30,3,10,5,1,7,1,1,10,1,17,,19,,1,21,121.5249551,25.0213814
113,8,5,9,40,2,05中正區,中正區汀州路2段260號,0,0,2,2,C03,8,7,5,50,14,9,1,5,4,3,10,4,4,9,4,5,2,17,1,73,2,9,5,1,7,12,1,10,1,14,,44,,1,21,121.5249551,25.0213814
113,8,5,9,40,2,05中正區,中正區汀州路2段260號,0,0,2,3,C03,8,7,5,50,14,9,1,5,4,3,10,4,4,9,4,5,2,17,2,55,2,8,5,1,7,9,1,10,1,12,,16,,1,21,121.5249551,25.0213814
113,8,5,10,5,2,04大安區,大安區和平東路3段448號,0,0,1,1,B03,8,6,5,0,19,24,4,5,4,5,13,4,4,10,5,5,2,9,2,38,3,10,7,1,7,1,1,8,1,8,,19,,1,21,121.5597968,25.01747304
113,8,5,10,5,2,04大安區,大安區和平東路3段448號,0,0,1,2,H01,8,6,5,0,19,24,4,5,4,5,13,4,4,10,5,5,2,9,2,46,2,9,4,5,8,17,8,20,1,16,,67,,1,21,121.5597968,25.01747304
113,8,5,10,35,2,10文山區,文山區木柵路1段與試院路口口,0,0,1,1,C03,8,6,5,50,3,1,1,5,4,5,13,1,1,5,4,5,1,12,1,70,2,8,5,1,7,9,1,10,1,14,,80,,1,21,121.5489479,24.9873242
113,8,5,10,35,2,10文山區,文山區木柵路1段與試院路口口,0,0,1,2,B03,8,6,5,50,3,1,1,5,4,5,13,1,1,5,4,5,1,12,1,76,3,10,7,1,7,9,1,8,1,2,,44,,1,21,121.5489479,24.9873242
113,8,5,10,43,2,05中正區,中正區思源街16號,0,0,1,1,C03,8,6,5,40,14,8,1,5,4,5,13,4,4,3,4,4,2,13,1,77,2,7,6,1,7,8,6,18,2,12,,42,,1,21,121.5306849,25.013926
113,8,5,10,43,2,05中正區,中正區思源街16號,0,0,1,2,B11,8,6,5,40,14,8,1,5,4,5,13,4,4,3,4,4,2,13,1,51,3,10,3,4,7,14,1,4,2,7,,38,,1,21,121.5306849,25.013926
113,8,5,11,5,1,01大同區,大同區承德路2段與民生西路口,1,0,0,1,A31,8,7,5,50,4,1,1,5,4,5,13,2,1,5,4,5,2,16,1,51,3,10,3,4,1,6,1,1,2,5,,9,,1,22,121.5180782,25.0572254
113,8,5,11,5,1,01大同區,大同區承德路2段與民生西路口,1,0,0,2,F01,8,7,5,50,4,1,1,5,4,5,13,2,1,5,4,5,2,16,2,73,1,9,4,4,7,9,8,20,9,11,,88,,1,22,121.5180782,25.0572254
113,8,5,11,18,2,04大安區,大安區和平東路1段與和平東路1段55巷口,0,0,1,3,B11,8,6,5,50,3,1,1,5,4,5,13,4,4,7,3,5,2,16,4,0,,,,,,,,,11,,,38,,,,121.524386,25.0270358
113,8,5,11,18,2,04大安區,大安區和平東路1段與和平東路1段55巷口,0,0,1,1,B03,8,6,5,50,3,1,1,5,4,5,13,4,4,7,3,5,2,16,1,42,3,10,7,1,7,6,1,8,1,2,,9,,1,21,121.524386,25.0270358
113,8,5,11,18,2,04大安區,大安區和平東路1段與和平東路1段55巷口,0,0,1,2,C03,8,6,5,50,3,1,1,5,4,5,13,4,4,7,3,5,2,16,1,34,2,9,6,1,7,9,1,10,1,14,,44,,1,21,121.524386,25.0270358
113,8,5,11,20,2,03中山區,中山區復興北路與民生東路3段口,0,0,1,1,C03,8,6,5,50,4,2,1,5,4,5,13,2,1,1,4,5,2,13,1,40,2,9,6,1,7,9,1,10,1,11,,16,,1,22,121.5440816,25.0575501
113,8,5,11,20,2,03中山區,中山區復興北路與民生東路3段口,0,0,1,2,B03,8,6,5,50,4,2,1,5,4,5,13,2,1,1,4,5,2,13,1,68,3,10,7,1,7,9,1,8,1,7,,44,,1,22,121.5440816,25.0575501
113,8,5,11,27,2,09北投區,北投區明德路311號對面,0,0,1,1,B03,8,6,5,50,14,9,1,5,4,5,13,4,4,9,5,5,2,17,1,53,3,10,7,1,7,15,1,8,1,2,,42,,1,21,121.5209078,25.1153849
113,8,5,11,27,2,09北投區,北投區明德路311號對面,0,0,1,2,C03,8,6,5,50,14,9,1,5,4,5,13,4,4,9,5,5,2,17,2,23,2,9,6,1,7,9,1,10,1,14,,44,,1,21,121.5209078,25.1153849
113,8,5,11,43,2,01大同區,大同區赤峰街與承德路2段53巷口,0,0,1,1,C03,8,5,5,30,4,2,1,5,4,5,13,4,4,10,5,5,1,15,1,62,2,9,5,1,7,9,1,10,1,12,,72,,1,21,121.5196304,25.0553267
113,8,5,11,43,2,01大同區,大同區赤峰街與承德路2段53巷口,0,0,1,2,B01,8,5,5,30,4,2,1,5,4,5,13,4,4,10,5,5,1,15,1,51,3,10,2,4,7,9,1,8,1,8,,14,,1,21,121.5196304,25.0553267
113,8,5,12,0,2,03中山區,中山區中山北路2段與錦州街口,0,0,1,1,C03,8,5,5,50,4,1,1,5,4,5,13,1,1,1,4,1,2,17,1,20,2,9,6,4,7,9,6,10,1,17,,107,,1,22,121.5229556,25.0603278
113,8,5,12,0,2,03中山區,中山區中山北路2段與錦州街口,0,0,1,2,B03,8,5,5,50,4,1,1,5,4,5,13,1,1,1,4,1,2,17,1,36,3,10,3,4,7,7,1,8,1,17,,100,,1,22,121.5229556,25.0603278
113,8,5,12,35,2,07信義區,信義區基隆路2段151號,0,0,1,1,F01,8,7,5,0,22,20,4,5,4,5,13,4,4,10,5,5,2,10,2,32,3,10,4,1,7,15,8,20,1,11,,101,,1,21,121.5549401,25.026302
113,8,5,12,35,2,07信義區,信義區基隆路2段151號,0,0,1,2,F01,8,7,5,0,22,20,4,5,4,5,13,4,4,10,5,5,2,10,1,35,2,8,4,1,7,9,8,20,1,11,,44,,1,21,121.5549401,25.026302
113,8,5,12,43,2,01大同區,大同區涼州街與甘州街口,0,0,1,1,C03,8,6,5,50,3,2,1,5,4,5,13,4,4,5,5,5,2,17,1,36,2,8,6,1,7,9,1,10,2,12,,42,,1,21,121.5125531,25.0607538
113,8,5,12,43,2,01大同區,大同區涼州街與甘州街口,0,0,1,2,B03,8,6,5,50,3,2,1,5,4,5,13,4,4,5,5,5,2,17,1,62,3,10,7,1,7,13,1,8,1,4,,44,,1,21,121.5125531,25.0607538
113,8,5,12,43,2,01大同區,大同區涼州街與甘州街口,0,0,1,3,B01,8,6,5,50,3,2,1,5,4,5,13,4,4,5,5,5,2,17,1,36,3,10,7,1,7,13,1,2,1,8,,44,,1,21,121.5125531,25.0607538
113,8,5,12,50,2,02萬華區,萬華區西園路2段320巷與西園路2段320巷55弄口,0,0,1,1,C03,8,6,5,30,4,1,1,5,4,5,13,4,4,10,5,5,2,17,2,33,2,9,6,1,7,9,1,10,1,11,,44,,1,21,121.4909536,25.02750357
113,8,5,12,50,2,02萬華區,萬華區西園路2段320巷與西園路2段320巷55弄口,0,0,1,2,C03,8,6,5,30,4,1,1,5,4,5,13,4,4,10,5,5,2,17,2,59,3,10,6,1,7,9,3,18,1,12,,75,,1,21,121.4909536,25.02750357
113,8,5,13,16,2,01大同區,大同區承德路1段與長安西路口,0,0,1,1,B01,7,6,5,50,4,1,1,5,4,5,13,2,1,1,4,5,2,17,2,47,3,10,3,4,7,6,1,4,1,5,,9,,1,22,121.5169019,25.0509743
113,8,5,13,16,2,01大同區,大同區承德路1段與長安西路口,0,0,1,2,C03,7,6,5,50,4,1,1,5,4,5,13,2,1,1,4,5,2,17,2,18,2,9,6,4,7,9,1,10,1,14,,108,,1,22,121.5169019,25.0509743
113,8,5,13,21,2,11南港區,南港區重陽路419號旁東往西,0,0,1,1,B13,8,6,5,40,14,8,1,5,4,5,13,4,4,9,4,4,2,14,1,41,3,10,7,1,7,2,1,8,2,7,,12,,1,21,121.6083257,25.0585569
113,8,5,13,21,2,11南港區,南港區重陽路419號旁東往西,0,0,1,2,C03,8,6,5,40,14,8,1,5,4,5,13,4,4,9,4,4,2,14,2,30,2,9,5,1,7,9,1,10,2,11,,44,,1,21,121.6083257,25.0585569