發生年度,發生月,發生日,發生時-Hours,發生分,處理別-編號,區序,肇事地點,死亡人數,2-30日死亡人數,受傷人數,當事人序號,車種,天候,道路照明設備,道路類別,速限-速度限制,道路型態,事故位置,路面狀況1,路面狀況2,路面狀況3,道路障礙1,道路障礙2,號誌1,號誌2,車道劃分-分向,車道劃分-分道1,車道劃分-分道2,車道劃分-分道3,事故類型及型態,性別,年齡,受傷程度,主要傷處,保護裝置,行動電話,車輛用途,當事者行動狀態,駕駛資格情形,駕駛執照種類,飲酒情形,車輛撞擊部位1,車輛撞擊部位2,肇因碼-個別,肇因碼-主要,個人肇逃否,職業,座標-X,座標-Y
113,8,5,13,43,2,09北投區,北投區石牌路2段90巷26號,0,0,1,1,C03,8,5,5,30,14,9,1,5,4,5,13,4,4,10,5,5,2,17,2,53,2,9,5,1,7,9,1,10,2,12,,108,,1,21,121.5180219,25.11704014
113,8,5,13,43,2,09北投區,北投區石牌路2段90巷26號,0,0,1,2,C03,8,5,5,30,14,9,1,5,4,5,13,4,4,10,5,5,2,17,2,35,3,10,5,1,7,13,1,10,1,13,,44,,1,21,121.5180219,25.11704014
113,8,5,13,43,2,09北投區,北投區石牌路2段90巷26號,0,0,1,3,C03,8,5,5,30,14,9,1,5,4,5,13,4,4,10,5,5,2,17,2,24,3,10,5,1,7,13,1,10,1,13,,44,,1,21,121.5180219,25.11704014
113,8,5,13,43,2,09北投區,北投區石牌路2段90巷26號,0,0,1,4,C03,8,5,5,30,14,9,1,5,4,5,13,4,4,10,5,5,2,17,1,24,3,10,5,1,7,13,1,10,1,13,,44,,1,21,121.5180219,25.11704014
113,8,5,13,43,2,09北投區,北投區石牌路2段90巷26號,0,0,1,5,C03,8,5,5,30,14,9,1,5,4,5,13,4,4,10,5,5,2,17,2,37,3,10,5,1,7,13,1,10,1,13,,44,,1,21,121.5180219,25.11704014
113,8,5,13,43,2,09北投區,北投區石牌路2段90巷26號,0,0,1,6,C03,8,5,5,30,14,9,1,5,4,5,13,4,4,10,5,5,2,17,2,42,3,10,5,1,7,13,1,10,1,13,,44,,1,21,121.5180219,25.11704014
113,8,5,13,47,2,05中正區,中正區羅斯福路2段50號,0,0,1,1,B01,8,7,5,50,14,9,1,5,4,5,13,2,1,1,4,5,2,3,1,55,3,10,7,1,7,9,1,4,2,1,,70,,1,22,121.5216634,25.0278955
113,8,5,13,47,2,05中正區,中正區羅斯福路2段50號,0,0,1,2,H01,8,7,5,50,14,9,1,5,4,5,13,2,1,1,4,5,2,3,2,64,2,9,4,5,8,16,8,20,10,16,,67,,1,22,121.5216634,25.0278955
113,8,5,13,55,2,02萬華區,萬華區大理街與大理街156巷口,0,0,2,1,F01,8,5,5,50,3,2,1,5,4,5,12,4,4,10,5,5,2,17,1,14,2,8,4,1,7,5,8,20,1,14,,8,,1,21,121.4956292,25.03406322
113,8,5,13,55,2,02萬華區,萬華區大理街與大理街156巷口,0,0,2,2,C04,8,5,5,50,3,2,1,5,4,5,12,4,4,10,5,5,2,17,1,51,2,9,5,1,7,9,3,18,1,12,,13,,1,21,121.4956292,25.03406322
113,8,5,14,0,2,03中山區,中山區天津街與中山北路1段33巷口,0,0,1,1,B11,7,5,5,50,4,2,1,5,4,5,13,4,4,9,5,5,2,14,1,43,3,10,7,1,7,2,1,1,1,3,,12,,1,21,121.5225657,25.04866241
113,8,5,14,0,2,03中山區,中山區天津街與中山北路1段33巷口,0,0,1,2,C03,7,5,5,50,4,2,1,5,4,5,13,4,4,9,5,5,2,14,2,50,2,7,6,1,7,14,1,10,1,11,,42,,1,21,121.5225657,25.04866241
113,8,5,14,41,2,06松山區,松山區民權東路4段與光復北路口,0,0,1,2,C03,7,6,5,50,4,1,1,4,4,5,13,4,4,1,3,4,2,17,2,40,2,9,5,1,7,9,1,10,1,12,,44,,1,21,121.5547079,25.0620007
113,8,5,14,41,2,06松山區,松山區民權東路4段與光復北路口,0,0,1,1,C03,7,6,5,50,4,1,1,4,4,5,13,4,4,1,3,4,2,17,1,52,3,10,5,1,7,15,1,10,9,17,,101,,2,21,121.5547079,25.0620007
113,8,5,14,45,2,09北投區,北投區大業路與大業路65巷口,0,0,1,1,C03,8,6,5,60,14,9,1,5,4,5,13,1,1,9,4,5,2,15,1,20,3,10,5,1,7,9,1,10,1,12,,44,,1,21,121.4991017,25.1232226
113,8,5,14,45,2,09北投區,北投區大業路與大業路65巷口,0,0,1,2,C03,8,6,5,60,14,9,1,5,4,5,13,1,1,9,4,5,2,15,2,32,2,7,5,1,7,9,1,10,1,14,,44,,1,21,121.4991017,25.1232226
113,8,5,15,12,2,11南港區,南港區南港路3段與南港路3段130巷口,0,0,1,1,B02,8,6,5,50,4,1,1,5,4,5,13,1,1,9,4,4,2,16,1,30,3,10,7,1,7,6,1,8,2,2,,82,,1,22,121.5884195,25.053108
113,8,5,15,12,2,11南港區,南港區南港路3段與南港路3段130巷口,0,0,1,2,C03,8,6,5,50,4,1,1,5,4,5,13,1,1,9,4,4,2,16,2,25,2,9,6,1,7,9,1,10,2,14,,81,,1,21,121.5884195,25.053108
113,8,5,15,12,2,11南港區,南港區南港路3段與南港路3段130巷口,0,0,1,3,B03,8,6,5,50,4,1,1,5,4,5,13,1,1,9,4,4,2,16,1,65,3,10,3,4,7,13,1,8,9,3,,44,,1,21,121.5884195,25.053108
113,8,5,15,25,2,07信義區,信義區信義路5段與松智路口,0,0,2,1,F01,8,6,5,50,4,3,1,5,4,5,13,2,1,3,4,5,2,12,1,13,2,9,4,1,7,11,8,20,2,11,,11,,1,21,121.565338,25.0330302
113,8,5,15,25,2,07信義區,信義區信義路5段與松智路口,0,0,2,2,C03,8,6,5,50,4,3,1,5,4,5,13,2,1,3,4,5,2,12,2,75,2,9,5,1,7,15,1,10,2,14,,101,,1,21,121.565338,25.0330302
113,8,5,15,27,2,09北投區,北投區尊賢街302巷與石牌路1段39巷口,0,0,2,1,C03,8,7,5,30,4,1,1,5,4,5,13,4,4,10,5,5,2,15,1,43,2,9,5,1,7,9,1,10,2,14,,14,,1,22,121.5085901,25.1181111
113,8,5,15,27,2,09北投區,北投區尊賢街302巷與石牌路1段39巷口,0,0,2,2,C03,8,7,5,30,4,1,1,5,4,5,13,4,4,10,5,5,2,15,2,25,2,9,5,1,7,9,1,10,2,11,,14,,1,22,121.5085901,25.1181111
113,8,5,15,36,2,09北投區,北投區北投路1段第44號停車格前,0,0,2,1,C03,8,5,5,50,14,8,1,5,4,5,13,4,4,5,5,4,2,13,1,16,2,9,5,1,7,8,2,18,11,11,,108,,2,21,121.5001815,25.12926
113,8,5,15,36,2,09北投區,北投區北投路1段第44號停車格前,0,0,2,2,B03,8,5,5,50,14,8,1,5,4,5,13,4,4,5,5,4,2,13,2,54,2,3,7,1,7,14,1,8,2,7,,38,,1,21,121.5001815,25.12926
113,8,5,15,44,2,06松山區,松山區八德路3段192號,0,0,1,1,C03,8,7,5,50,14,9,1,5,4,5,13,4,4,5,4,5,2,17,2,48,3,10,6,1,7,9,1,9,1,17,,30,,1,21,121.5559924,25.0479906
113,8,5,15,44,2,06松山區,松山區八德路3段192號,0,0,1,2,C03,8,7,5,50,14,9,1,5,4,5,13,4,4,5,4,5,2,17,1,46,2,9,6,1,7,9,1,10,1,11,,44,,1,21,121.5559924,25.0479906
113,8,5,16,40,2,05中正區,中正區仁愛路1段與杭州南路1段口,0,0,1,1,C03,8,6,8,50,22,22,1,5,4,5,13,2,1,3,4,3,2,12,1,26,2,9,6,1,7,15,1,10,2,11,,42,,1,21,121.525231,25.0381832
113,8,5,16,40,2,05中正區,中正區仁愛路1段與杭州南路1段口,0,0,1,2,B03,8,6,8,50,22,22,1,5,4,5,13,2,1,3,4,3,2,12,1,62,3,10,7,1,7,9,1,8,2,7,,17,,1,21,121.525231,25.0381832
113,8,5,17,2,2,10文山區,文山區辛亥路7段與辛亥路7段5巷口,0,0,1,1,B03,8,7,5,50,3,1,1,5,4,5,13,4,4,10,5,5,2,17,2,20,3,10,7,1,7,11,1,8,2,8,,10,,1,21,121.5524734,24.9871864
113,8,5,17,2,2,10文山區,文山區辛亥路7段與辛亥路7段5巷口,0,0,1,2,C03,8,7,5,50,3,1,1,5,4,5,13,4,4,10,5,5,2,17,1,81,2,9,5,1,7,9,1,10,2,11,,108,,1,21,121.5524734,24.9871864
113,8,5,17,32,2,05中正區,中正區羅斯福路4段6號,0,0,1,1,C03,8,7,5,50,14,9,1,5,4,5,13,4,4,1,4,5,2,13,1,24,3,10,5,1,7,9,1,10,1,11,,16,,1,22,121.532936,25.0159004
113,8,5,17,32,2,05中正區,中正區羅斯福路4段6號,0,0,1,2,C03,8,7,5,50,14,9,1,5,4,5,13,4,4,1,4,5,2,13,1,63,2,9,5,1,7,12,1,10,1,13,,44,,1,22,121.532936,25.0159004
113,8,5,17,35,2,03中山區,中山區北安路301號,0,0,1,1,C03,8,5,5,50,14,9,1,5,4,5,13,4,4,1,4,5,2,13,2,29,2,7,6,1,7,9,1,10,1,11,,16,,1,21,121.5363514,25.07794003
113,8,5,17,35,2,03中山區,中山區北安路301號,0,0,1,2,C03,8,5,5,50,14,9,1,5,4,5,13,4,4,1,4,5,2,13,1,53,3,10,6,1,7,12,1,10,1,13,,30,,1,21,121.5363514,25.07794003
113,8,5,17,43,2,03中山區,中山區市民大道2段與林森北路口,0,0,1,1,C03,7,5,5,40,4,1,1,5,4,5,13,1,1,1,4,5,2,13,2,27,3,10,3,4,7,9,1,10,1,11,,16,,1,21,121.5242714,25.04794937
113,8,5,17,43,2,03中山區,中山區市民大道2段與林森北路口,0,0,1,2,C03,7,5,5,40,4,1,1,5,4,5,13,1,1,1,4,5,2,13,1,65,2,8,3,4,7,9,1,10,1,13,,44,,1,21,121.5242714,25.04794937
113,8,5,17,43,2,03中山區,中山區市民大道2段與林森北路口,0,0,1,3,C03,7,5,5,40,4,1,1,5,4,5,13,1,1,1,4,5,2,13,2,36,3,10,3,4,7,5,1,10,1,12,,44,,1,21,121.5242714,25.04794937
113,8,5,17,49,2,06松山區,松山區東興路與八德路4段295巷18弄口,0,0,2,1,C03,7,6,5,30,4,1,1,5,4,5,13,4,4,9,4,5,2,16,1,38,2,9,5,1,7,5,1,10,1,12,,72,,1,21,121.5654418,25.0494957
113,8,5,17,49,2,06松山區,松山區東興路與八德路4段295巷18弄口,0,0,2,2,C03,7,6,5,30,4,1,1,5,4,5,13,4,4,9,4,5,2,16,1,18,2,9,5,1,7,9,1,10,1,11,,14,,1,21,121.5654418,25.0494957
113,8,5,17,50,2,08士林區,士林區重慶北路4段81號,0,0,1,1,A02,8,5,8,50,22,22,1,5,4,5,13,4,4,1,4,4,1,9,1,57,3,10,7,1,7,15,1,2,1,1,,42,,1,21,121.5126383,25.08186005
113,8,5,17,50,2,08士林區,士林區重慶北路4段81號,0,0,1,2,H02,8,5,8,50,22,22,1,5,4,5,13,4,4,1,4,4,1,9,2,67,2,7,2,5,7,17,8,20,10,16,,67,,1,21,121.5126383,25.08186005
113,8,5,18,11,2,04大安區,大安區和平東路2段157號,0,0,1,1,C03,8,6,5,50,14,9,1,5,4,5,13,4,4,3,4,5,2,17,1,30,2,8,6,4,7,9,1,10,1,11,,16,,1,21,121.5413555,25.0252525
113,8,5,18,11,2,04大安區,大安區和平東路2段157號,0,0,1,2,C03,8,6,5,50,14,9,1,5,4,5,13,4,4,3,4,5,2,17,1,53,3,10,6,4,7,9,6,10,1,13,,44,,1,21,121.5413555,25.0252525
113,8,5,18,11,2,04大安區,大安區和平東路2段157號,0,0,1,3,B03,8,6,5,50,14,9,1,5,4,5,13,4,4,3,4,5,2,17,2,41,3,10,7,4,7,3,1,8,1,4,,18,,1,21,121.5413555,25.0252525
113,8,5,18,28,2,07信義區,信義區松仁路38號,0,0,1,1,C03,8,7,5,50,14,9,1,5,4,5,13,4,4,1,4,5,2,18,1,34,2,9,3,4,7,9,1,10,1,12,,101,,1,21,121.5683327,25.0384912
113,8,5,18,28,2,07信義區,信義區松仁路38號,0,0,1,2,,8,7,5,50,14,9,1,5,4,5,13,4,4,1,4,5,2,18,3,0,,,,,,,,,,,,67,,1,,121.5683327,25.0384912
113,8,5,18,32,2,04大安區,大安區信義路4段294巷與信義路4段口,0,0,1,1,B01,8,5,5,50,14,9,1,5,4,5,13,2,1,10,5,5,2,9,1,67,3,10,3,4,7,9,1,4,2,2,,70,,1,21,121.5544452,25.0330561
113,8,5,18,32,2,04大安區,大安區信義路4段294巷與信義路4段口,0,0,1,2,H01,8,5,5,50,14,9,1,5,4,5,13,2,1,10,5,5,2,9,2,7,2,9,4,5,8,16,8,20,10,16,,67,,1,21,121.5544452,25.0330561
113,8,5,19,10,2,06松山區,松山區八德路4段與八德路4段389巷口,0,0,1,1,B03,8,5,5,50,3,1,1,5,4,5,13,4,4,4,5,5,2,16,1,51,3,10,3,4,7,5,1,8,1,4,,8,,1,22,121.568602,25.0492856
113,8,5,19,10,2,06松山區,松山區八德路4段與八德路4段389巷口,0,0,1,2,C03,8,5,5,50,3,1,1,5,4,5,13,4,4,4,5,5,2,16,1,58,2,7,3,1,7,9,1,10,1,12,,108,,1,22,121.568602,25.0492856
113,8,5,19,23,2,04大安區,大安區大安路2段與信義路4段30巷21弄口,0,0,1,1,C03,8,5,5,30,3,1,1,5,4,5,13,4,4,5,3,4,2,16,1,48,4,11,5,1,7,5,1,10,11,14,,72,,2,21,121.5459727,25.0324477
113,8,5,19,23,2,04大安區,大安區大安路2段與信義路4段30巷21弄口,0,0,1,2,F01,8,5,5,30,3,1,1,5,4,5,13,4,4,5,3,4,2,16,1,57,2,8,4,1,7,9,8,20,2,12,,44,,1,21,121.5459727,25.0324477
113,8,5,19,35,2,05中正區,中正區羅斯福路4段120號前,0,0,1,1,C03,7,5,5,50,14,9,1,5,4,5,13,4,4,2,3,5,1,17,1,48,2,9,6,1,7,9,3,18,1,12,,108,,1,21,121.5356602,25.0131544
113,8,5,19,35,2,05中正區,中正區羅斯福路4段120號前,0,0,1,2,B03,7,5,5,50,14,9,1,5,4,5,13,4,4,2,3,5,1,17,1,43,3,10,7,1,7,14,1,8,1,8,,99,,1,21,121.5356602,25.0131544
113,8,5,19,40,2,06松山區,松山區市民大道4段185-1號,0,0,1,1,C03,8,5,5,40,14,9,1,5,4,5,13,4,4,9,4,5,2,17,2,37,2,8,6,4,7,1,1,10,1,14,,19,,1,22,121.5521512,25.04467215
113,8,5,19,40,2,06松山區,松山區市民大道4段185-1號,0,0,1,2,C03,8,5,5,40,14,9,1,5,4,5,13,4,4,9,4,5,2,17,1,32,3,10,6,4,7,9,1,10,1,12,,44,,1,22,121.5521512,25.04467215
113,8,5,19,59,2,08士林區,士林區基河路與小西街口,0,0,2,1,C03,8,5,5,50,4,1,1,5,4,5,13,2,1,4,5,4,1,17,1,30,2,9,5,1,7,5,1,10,1,11,,8,,1,21,121.5233238,25.0890228
113,8,5,19,59,2,08士林區,士林區基河路與小西街口,0,0,2,2,C03,8,5,5,50,4,1,1,5,4,5,13,2,1,4,5,4,1,17,1,30,2,9,5,1,7,9,1,10,1,11,,44,,1,21,121.5233238,25.0890228
113,8,5,20,10,2,04大安區,大安區和平東路3段與和平東路3段67巷口,0,0,1,1,B01,8,5,6,30,3,1,1,5,4,5,13,4,4,10,5,5,2,17,1,58,3,10,3,4,7,9,1,4,9,1,,99,,1,21,121.5494926,25.0246571
113,8,5,20,10,2,04大安區,大安區和平東路3段與和平東路3段67巷口,0,0,1,2,F01,8,5,6,30,3,1,1,5,4,5,13,4,4,10,5,5,2,17,2,38,2,9,3,4,7,9,8,20,1,15,,42,,1,21,121.5494926,25.0246571
113,8,5,20,11,2,04大安區,大安區通化街與通化街171巷口,0,0,2,1,C03,8,5,5,50,4,1,1,5,4,5,13,1,1,10,5,5,2,17,2,40,2,9,5,1,7,5,1,10,1,11,,74,,1,21,121.5536474,25.0281257
113,8,5,20,11,2,04大安區,大安區通化街與通化街171巷口,0,0,2,2,C03,8,5,5,50,4,1,1,5,4,5,13,1,1,10,5,5,2,17,1,18,2,9,5,1,7,9,1,10,1,14,,44,,1,21,121.5536474,25.0281257
113,8,5,20,19,2,04大安區,大安區建國南路1段與建國南路1段304巷口口,0,0,1,1,C03,8,5,5,50,14,9,1,5,4,5,13,4,4,1,4,5,2,17,1,24,2,9,5,1,7,8,1,10,2,12,,42,,1,21,121.5375174,25.0357864
113,8,5,20,19,2,04大安區,大安區建國南路1段與建國南路1段304巷口口,0,0,1,2,B03,8,5,5,50,14,9,1,5,4,5,13,4,4,1,4,5,2,17,1,31,3,10,7,1,7,9,1,8,2,4,,44,,1,21,121.5375174,25.0357864
113,8,5,20,50,2,03中山區,中山區中山北路2段與長春路口,0,0,1,1,C04,8,5,5,50,4,1,1,5,4,5,13,2,1,5,1,5,2,17,2,22,2,9,5,1,7,5,1,10,1,13,,16,,1,21,121.5225723,25.0547927
113,8,5,20,50,2,03中山區,中山區中山北路2段與長春路口,0,0,1,2,B03,8,5,5,50,4,1,1,5,4,5,13,2,1,5,1,5,2,17,2,60,3,10,7,1,7,6,1,8,1,1,,16,,1,21,121.5225723,25.0547927
113,8,5,21,25,2,05中正區,中正區羅斯福路3段與辛亥路1段口口,0,0,2,1,H01,7,5,5,50,4,1,1,5,4,5,13,2,1,1,4,5,1,9,1,73,2,9,4,5,8,16,8,20,10,16,,122,,1,21,121.5289301,25.0197568
113,8,5,21,25,2,05中正區,中正區羅斯福路3段與辛亥路1段口口,0,0,2,2,C03,7,5,5,50,4,1,1,5,4,5,13,2,1,1,4,5,1,9,1,51,2,9,5,1,7,9,1,10,2,11,,70,,1,21,121.5289301,25.0197568
113,8,5,21,30,2,04大安區,大安區和平東路3段與和平東路3段70巷口,0,0,1,1,C03,8,5,5,30,3,1,1,5,4,5,10,1,1,10,5,5,2,15,1,29,3,10,5,1,7,9,1,10,1,13,,44,,1,21,121.5503297,25.0243628
113,8,5,21,30,2,04大安區,大安區和平東路3段與和平東路3段70巷口,0,0,1,2,F01,8,5,5,30,3,1,1,5,4,5,10,1,1,10,5,5,2,15,2,28,2,7,4,1,7,9,8,20,1,11,,85,,1,21,121.5503297,25.0243628
113,8,5,21,30,2,04大安區,大安區和平東路3段與和平東路3段70巷口,0,0,1,3,B03,8,5,5,30,3,1,1,5,4,5,10,1,1,10,5,5,2,15,1,53,4,11,7,4,7,13,1,8,11,15,,38,,1,21,121.5503297,25.0243628
113,8,5,21,30,2,04大安區,大安區和平東路3段與和平東路3段70巷口,,,1,1,C03,8,,,30,,,,,,,,,,,,,,,1,29,,,,,,,,,1,,,,,,,121.5501607,25.0246766
113,8,5,21,30,2,04大安區,大安區和平東路3段與和平東路3段70巷口,,,1,2,F01,8,,,30,,,,,,,,,,,,,,,2,28,,,,,,,,,1,,,,,,,121.5501607,25.0246766
113,8,5,21,30,2,04大安區,大安區和平東路3段與和平東路3段70巷口,,,1,3,B03,8,,,30,,,,,,,,,,,,,,,3,53,,,,,,,,,10,,,,,,,121.5501607,25.0246766
113,8,5,22,45,2,04大安區,大安區忠孝東路4段17巷14號,0,0,1,1,C02,8,5,5,30,14,9,1,5,4,5,13,4,4,10,5,5,2,16,1,49,2,7,5,4,7,5,1,9,2,14,,8,,1,21,121.5444887,25.0423121
113,8,5,22,45,2,04大安區,大安區忠孝東路4段17巷14號,0,0,1,2,B03,8,5,5,30,14,9,1,5,4,5,13,4,4,10,5,5,2,16,1,65,3,10,7,4,7,9,1,8,2,5,,44,,1,21,121.5444887,25.0423121
113,8,6,1,16,2,07信義區,信義區崇德街與嘉興街口,0,0,1,1,B01,8,5,5,50,4,18,1,5,4,5,13,3,1,5,2,5,2,1,1,68,3,10,3,4,7,5,1,4,2,8,,70,,1,21,121.5555312,25.0241966
113,8,6,1,16,2,07信義區,信義區崇德街與嘉興街口,0,0,1,2,H01,8,5,5,50,4,18,1,5,4,5,13,3,1,5,2,5,2,1,1,40,2,9,4,5,8,16,8,20,10,16,,67,,1,22,121.5555312,25.0241966
113,8,6,2,7,2,02萬華區,萬華區萬大路464號與萬大路493巷口,0,0,1,1,F01,8,5,5,30,3,1,1,5,4,5,13,1,1,9,4,5,1,16,2,68,2,9,4,1,7,11,8,20,1,12,,44,,1,21,121.4977053,25.0200935
113,8,6,2,7,2,02萬華區,萬華區萬大路464號與萬大路493巷口,0,0,1,2,B01,8,5,5,30,3,1,1,5,4,5,13,1,1,9,4,5,1,16,1,52,3,10,7,1,7,9,1,4,1,8,,44,,1,21,121.4977053,25.0200935
113,8,6,6,45,2,01大同區,大同區延平北路3段與延平北路3段18巷口,0,0,1,1,F01,8,6,5,50,4,1,1,5,4,5,13,4,4,4,4,5,2,16,1,16,3,10,3,4,7,5,8,20,1,14,,81,,1,16,121.5111327,25.0639191
113,8,6,6,45,2,01大同區,大同區延平北路3段與延平北路3段18巷口,0,0,1,2,C03,8,6,5,50,4,1,1,5,4,5,13,4,4,4,4,5,2,16,1,59,2,9,3,4,7,9,1,10,1,11,,44,,1,21,121.5111327,25.0639191
113,8,6,6,58,2,08士林區,士林區延平北路7段106巷與延平北路7段口洲美橋下口,0,0,1,1,B03,7,7,5,50,3,1,1,5,4,5,13,4,4,4,3,5,1,15,1,46,3,10,3,4,7,9,1,8,1,2,,14,,1,22,121.4971661,25.0969186
113,8,6,6,58,2,08士林區,士林區延平北路7段106巷與延平北路7段口洲美橋下口,0,0,1,2,F01,7,7,5,50,3,1,1,5,4,5,13,4,4,4,3,5,1,15,1,31,2,8,4,1,7,9,8,20,1,14,,42,,1,22,121.4971661,25.0969186
113,8,6,7,0,2,03中山區,中山區民族東路236號,0,0,1,1,A05,8,6,5,50,14,9,1,5,4,5,13,4,4,1,4,5,2,12,1,55,3,10,3,4,7,8,1,2,1,5,,80,,1,21,121.5329761,25.06820485
113,8,6,7,0,2,03中山區,中山區民族東路236號,0,0,1,2,C03,8,6,5,50,14,9,1,5,4,5,13,4,4,1,4,5,2,12,2,67,2,9,3,4,7,9,1,10,1,14,,44,,1,22,121.5329761,25.06820485
113,8,6,7,40,2,08士林區,士林區中正路與志成街口,0,0,1,1,B03,8,6,5,50,3,2,1,5,4,5,13,1,1,1,4,5,2,17,2,42,3,10,3,4,7,12,1,8,1,6,,16,,1,21,121.5301617,25.0961319
113,8,6,7,40,2,08士林區,士林區中正路與志成街口,0,0,1,2,C03,8,6,5,50,3,2,1,5,4,5,13,1,1,1,4,5,2,17,2,23,2,9,5,1,7,9,1,10,1,11,,108,,1,21,121.5301617,25.0961319
113,8,6,7,42,2,06松山區,松山區八德路2段與八德路2段366巷口,0,0,2,1,C03,8,7,5,50,4,2,1,5,4,5,13,1,1,9,4,5,2,12,1,51,2,9,5,1,7,9,1,10,1,11,,17,,1,22,121.5459461,25.04803245
113,8,6,7,42,2,06松山區,松山區八德路2段與八德路2段366巷口,0,0,2,2,C03,8,7,5,50,4,2,1,5,4,5,13,1,1,9,4,5,2,12,1,30,2,9,5,1,7,8,1,10,1,13,,17,,1,22,121.5459461,25.04803245
113,8,6,7,50,2,06松山區,松山區三民路與三民路136巷口,0,0,2,1,B03,8,5,5,50,4,1,1,5,4,5,13,4,4,1,4,5,2,16,1,69,3,10,7,1,7,11,1,8,1,8,,103,,1,22,121.5633173,25.06045739
113,8,6,7,50,2,06松山區,松山區三民路與三民路136巷口,0,0,2,2,C03,8,5,5,50,4,1,1,5,4,5,13,4,4,1,4,5,2,16,1,59,2,9,5,1,7,9,1,10,1,11,,13,,1,22,121.5633173,25.06045739
113,8,6,7,50,2,06松山區,松山區三民路與三民路136巷口,0,0,2,3,H02,8,5,5,50,4,1,1,5,4,5,13,4,4,1,4,5,2,16,2,26,2,9,6,5,7,20,8,20,10,16,,67,,1,22,121.5633173,25.06045739
113,8,6,7,58,2,08士林區,士林區延平北路7段106巷179號與延平北路7段106巷口,0,0,2,1,B03,8,5,5,30,3,1,1,5,4,5,13,4,4,10,5,5,1,17,1,60,2,3,7,1,7,5,1,8,2,4,,75,,1,21,121.4961024,25.1016416
113,8,6,7,58,2,08士林區,士林區延平北路7段106巷179號與延平北路7段106巷口,0,0,2,2,C03,8,5,5,30,3,1,1,5,4,5,13,4,4,10,5,5,1,17,2,62,2,7,6,1,7,9,1,10,2,14,,80,,1,21,121.4961024,25.1016416
113,8,6,8,16,2,02萬華區,萬華區萬大路449巷與萬大路449巷10弄口,0,0,2,1,C03,8,7,5,30,4,1,1,5,4,5,13,4,4,5,5,5,2,15,1,66,2,9,6,1,7,9,1,10,1,11,,4,,1,21,121.4946913,25.027658
113,8,6,8,16,2,02萬華區,萬華區萬大路449巷與萬大路449巷10弄口,0,0,2,2,C03,8,7,5,30,4,1,1,5,4,5,13,4,4,5,5,5,2,15,2,51,2,9,6,1,7,9,1,10,1,12,,14,,1,21,121.4946913,25.027658
113,8,6,8,16,2,06松山區,松山區敦化北路2號,0,0,1,1,C03,8,7,5,50,14,9,1,5,4,5,13,4,4,1,4,4,2,13,1,54,3,10,3,1,7,5,1,10,1,14,,8,,1,21,121.5487213,25.04959098
113,8,6,8,16,2,06松山區,松山區敦化北路2號,0,0,1,2,C03,8,7,5,50,14,9,1,5,4,5,13,4,4,1,4,4,2,13,2,25,2,9,3,1,7,9,1,10,1,11,,107,,1,21,121.5487213,25.04959098
113,8,6,8,25,2,12內湖區,內湖區五分街與安康路口,0,0,1,1,C03,8,5,5,30,4,1,1,5,4,5,13,4,4,10,5,5,2,17,2,40,2,8,5,1,7,9,1,10,1,17,,44,,1,21,121.6152083,25.0673429
113,8,6,8,25,2,12內湖區,內湖區五分街與安康路口,0,0,1,2,C03,8,5,5,30,4,1,1,5,4,5,13,4,4,10,5,5,2,17,1,32,3,10,5,1,7,9,1,10,1,11,,44,,1,21,121.6152083,25.0673429
113,8,6,8,35,2,05中正區,中正區懷寧街與貴陽街1段口,0,0,1,1,B03,8,6,5,50,3,1,1,5,4,5,13,4,4,10,5,5,2,3,1,64,3,10,7,4,7,5,1,8,2,5,,70,,1,22,121.5137584,25.03879998
113,8,6,8,35,2,05中正區,中正區懷寧街與貴陽街1段口,0,0,1,2,H01,8,6,5,50,3,1,1,5,4,5,13,4,4,10,5,5,2,3,2,15,2,9,4,5,8,16,8,20,10,16,,67,,1,16,121.5137584,25.03879998
113,8,6,8,44,2,05中正區,中正區忠孝東路2段134巷2號對面,0,0,1,1,C03,8,6,5,50,14,9,1,5,4,5,13,4,4,5,5,5,2,16,1,22,3,10,6,1,7,6,1,10,2,13,,9,,1,21,121.5318311,25.0419212
113,8,6,8,44,2,05中正區,中正區忠孝東路2段134巷2號對面,0,0,1,2,C03,8,6,5,50,14,9,1,5,4,5,13,4,4,5,5,5,2,16,2,28,2,8,6,1,7,9,1,10,2,11,,108,,1,21,121.5318311,25.0419212
113,8,6,8,51,2,11南港區,南港區松河街與南港路3段256巷口,0,0,1,1,F02,8,6,5,30,5,2,1,5,4,5,13,4,4,5,5,5,2,17,1,82,2,9,4,1,7,6,8,20,1,14,,80,,1,21,121.5832411,25.0528479
113,8,6,8,51,2,11南港區,南港區松河街與南港路3段256巷口,0,0,1,2,C03,8,6,5,30,5,2,1,5,4,5,13,4,4,5,5,5,2,17,2,29,3,10,6,1,7,9,1,10,1,15,,44,,1,21,121.5832411,25.0528479
113,8,6,8,52,2,12內湖區,舊宗路二段207號旁,0,0,1,1,C03,8,6,5,50,14,9,1,5,4,5,13,4,4,5,5,5,2,17,1,21,3,10,5,1,7,9,1,10,2,11,,16,,1,21,121.5743238,25.073562
113,8,6,8,52,2,12內湖區,舊宗路二段207號旁,0,0,1,2,C03,8,6,5,50,14,9,1,5,4,5,13,4,4,5,5,5,2,17,1,30,2,8,5,1,7,14,1,10,2,13,,44,,1,21,121.5743238,25.073562