發生年度,發生月,發生日,發生時-Hours,發生分,處理別-編號,區序,肇事地點,死亡人數,2-30日死亡人數,受傷人數,當事人序號,車種,天候,道路照明設備,道路類別,速限-速度限制,道路型態,事故位置,路面狀況1,路面狀況2,路面狀況3,道路障礙1,道路障礙2,號誌1,號誌2,車道劃分-分向,車道劃分-分道1,車道劃分-分道2,車道劃分-分道3,事故類型及型態,性別,年齡,受傷程度,主要傷處,保護裝置,行動電話,車輛用途,當事者行動狀態,駕駛資格情形,駕駛執照種類,飲酒情形,車輛撞擊部位1,車輛撞擊部位2,肇因碼-個別,肇因碼-主要,個人肇逃否,職業,座標-X,座標-Y
113,8,6,9,2,2,07信義區,信義區基隆路1段333號,0,0,1,1,C03,8,6,8,50,22,22,1,5,4,5,13,4,4,1,4,5,2,13,1,22,2,9,6,1,7,9,1,10,1,11,,16,,1,22,121.5607284,25.0346172
113,8,6,9,2,2,07信義區,信義區基隆路1段333號,0,0,1,2,B01,8,6,8,50,22,22,1,5,4,5,13,4,4,1,4,5,2,13,1,44,3,10,7,1,7,14,1,4,1,6,,44,,1,22,121.5607284,25.0346172
113,8,6,9,3,2,08士林區,士林區萬溪產業道路1103708燈桿處(近至善路三段336巷12弄),0,0,1,1,B01,8,6,5,30,11,9,1,5,4,5,13,4,4,10,5,5,1,17,1,65,4,11,3,4,7,21,7,19,11,15,,44,,2,22,121.5920208,25.1251567
113,8,6,9,3,2,08士林區,士林區萬溪產業道路1103708燈桿處(近至善路三段336巷12弄),0,0,1,2,F01,8,6,5,30,11,9,1,5,4,5,13,4,4,10,5,5,1,17,1,16,2,9,4,4,7,9,8,20,1,11,,42,,1,21,121.5920208,25.1251567
113,8,6,9,26,2,09北投區,北投區立德路120巷22號,0,0,1,1,C03,8,6,5,50,14,9,1,5,4,5,13,4,4,9,5,5,2,17,1,39,3,10,6,1,7,15,1,10,1,12,,42,,1,21,121.4734596,25.12634678
113,8,6,9,26,2,09北投區,北投區立德路120巷22號,0,0,1,2,C03,8,6,5,50,14,9,1,5,4,5,13,4,4,9,5,5,2,17,2,22,2,8,6,1,7,9,1,10,1,11,,44,,1,21,121.4734596,25.12634678
113,8,6,9,30,2,08士林區,士林區中正路與華興街口口,0,0,2,1,C03,7,7,5,50,14,18,1,5,4,5,13,2,1,3,3,4,2,3,1,44,2,9,5,1,7,9,1,10,1,11,,70,,1,22,121.5225651,25.0945814
113,8,6,9,30,2,08士林區,士林區中正路與華興街口口,0,0,2,2,H01,7,7,5,50,14,18,1,5,4,5,13,2,1,3,3,4,2,3,1,65,2,7,4,5,8,16,8,20,1,16,,53,,1,22,121.5225651,25.0945814
113,8,6,10,0,2,06松山區,松山區塔悠路與撫遠街255巷口,0,0,1,1,B03,8,6,5,50,3,1,1,5,4,5,12,4,4,1,4,4,2,16,1,32,3,10,7,1,7,5,1,8,2,6,,44,,1,22,121.5684249,25.0616372
113,8,6,10,0,2,06松山區,松山區塔悠路與撫遠街255巷口,0,0,1,2,F01,8,6,5,50,3,1,1,5,4,5,12,4,4,1,4,4,2,16,2,79,2,7,4,1,7,9,8,20,2,11,,88,,1,22,121.5684249,25.0616372
113,8,6,10,47,2,03中山區,中山區長春路與建國北路2段口,0,0,1,1,B03,8,7,5,50,4,1,1,5,4,5,13,1,1,5,4,5,2,3,1,66,3,10,3,4,7,6,1,8,1,1,,44,,1,21,121.5370927,25.0547495
113,8,6,10,47,2,03中山區,中山區長春路與建國北路2段口,0,0,1,2,H01,8,7,5,50,4,1,1,5,4,5,13,1,1,5,4,5,2,3,2,43,2,9,4,5,8,18,8,20,10,16,,122,,1,21,121.5370927,25.0547495
113,8,6,10,57,2,02萬華區,萬華區萬大路388號前,0,0,1,1,B02,8,5,8,30,22,22,4,5,4,5,13,4,4,10,5,5,2,17,1,44,3,10,3,4,7,15,1,3,1,5,,42,,1,21,121.4987623,25.0218555
113,8,6,10,57,2,02萬華區,萬華區萬大路388號前,0,0,1,2,C03,8,5,8,30,22,22,4,5,4,5,13,4,4,10,5,5,2,17,1,60,2,8,3,4,7,15,1,10,1,13,,42,,1,21,121.4987623,25.0218555
113,8,6,11,18,2,11南港區,南港區東新街63巷11號與東新街63巷口,0,0,1,1,F01,8,7,5,50,3,2,1,5,4,1,13,4,4,5,5,5,2,9,1,64,2,9,4,1,7,6,8,20,1,14,,116,,1,21,121.5869683,25.0477235
113,8,6,11,18,2,11南港區,南港區東新街63巷11號與東新街63巷口,0,0,1,2,H03,8,7,5,50,3,2,1,5,4,1,13,4,4,5,5,5,2,9,2,56,3,10,4,5,8,20,8,20,10,16,,67,,1,21,121.5869683,25.0477235
113,8,6,11,34,2,07信義區,信義區福德街與福德街84巷口,0,0,2,1,C03,8,5,5,50,4,2,1,5,4,5,13,2,1,1,2,5,2,9,2,67,2,9,5,1,7,9,1,10,2,11,,70,,1,22,121.5814057,25.0372036
113,8,6,11,34,2,07信義區,信義區福德街與福德街84巷口,0,0,2,2,H01,8,5,5,50,4,2,1,5,4,5,13,2,1,1,2,5,2,9,2,75,2,9,4,5,8,16,8,20,10,16,,121,,1,22,121.5814057,25.0372036
113,8,6,11,45,2,01大同區,大同區民權西路與民權西路225巷口,0,0,1,1,C03,8,6,5,50,5,2,1,5,4,5,13,4,4,1,5,5,2,12,1,49,3,10,5,1,7,9,1,9,2,12,,17,,1,21,121.5120037,25.0630503
113,8,6,11,45,2,01大同區,大同區民權西路與民權西路225巷口,0,0,1,2,C04,8,6,5,50,5,2,1,5,4,5,13,4,4,1,5,5,2,12,1,72,2,9,5,1,7,9,1,11,2,14,,101,,1,21,121.5120037,25.0630503
113,8,6,12,0,2,06松山區,松山區八德路4段與八德路4段245巷口,0,0,1,1,B12,8,5,5,30,4,1,1,5,4,5,13,1,1,5,4,5,2,5,1,42,3,10,7,1,7,6,1,8,1,6,,108,,1,21,121.5647999,25.0489637
113,8,6,12,0,2,06松山區,松山區八德路4段與八德路4段245巷口,0,0,1,2,H01,8,5,5,30,4,1,1,5,4,5,13,1,1,5,4,5,2,5,1,55,2,8,4,5,8,20,8,20,10,16,,60,,1,21,121.5647999,25.0489637
113,8,6,12,10,2,03中山區,中山區民權東路2段206號前,0,0,1,1,C03,8,7,5,50,14,9,1,4,4,5,13,1,1,1,4,5,2,17,1,45,2,9,3,4,7,12,1,10,1,12,,44,,1,21,121.5365567,25.0623124
113,8,6,12,10,2,03中山區,中山區民權東路2段206號前,0,0,1,2,C03,8,7,5,50,14,9,1,4,4,5,13,1,1,1,4,5,2,17,1,19,3,10,3,4,7,12,1,10,1,14,,44,,1,21,121.5365567,25.0623124
113,8,6,12,13,2,05中正區,中正區重慶南路3段與重慶南路3段16巷口口,0,0,1,1,C03,8,6,5,50,3,2,1,5,5,5,13,4,4,1,4,5,2,18,1,34,2,7,5,1,7,9,1,9,1,14,,13,,1,21,121.5153699,25.0293155
113,8,6,12,13,2,05中正區,中正區重慶南路3段與重慶南路3段16巷口口,0,0,1,2,,8,6,5,50,3,2,1,5,5,5,13,4,4,1,4,5,2,18,3,0,,,,,,,,,,,,129,,1,,121.5153699,25.0293155
113,8,6,12,15,2,03中山區,中山區南京東路1段29號旁,0,0,1,1,B03,8,6,5,50,14,9,1,5,4,5,13,4,4,1,4,2,1,13,2,39,3,10,7,1,7,9,1,8,1,5,,44,,1,22,121.5247972,25.0523247
113,8,6,12,15,2,03中山區,中山區南京東路1段29號旁,0,0,1,2,C03,8,6,5,50,14,9,1,5,4,5,13,4,4,1,4,2,1,13,1,43,2,9,5,1,7,9,1,10,1,13,,17,,1,22,121.5247972,25.0523247
113,8,6,12,15,2,03中山區,中山區南京東路1段29號旁,0,0,1,3,A05,8,6,5,50,14,9,1,5,4,5,13,4,4,1,4,2,1,13,1,53,3,10,7,1,7,13,1,2,1,7,,44,,1,22,121.5247972,25.0523247
113,8,6,12,15,2,03中山區,中山區建國北路3段與松江路口,0,0,2,1,C03,8,5,5,50,5,1,1,5,4,5,13,1,1,1,4,5,2,16,1,24,2,9,3,4,7,9,1,10,1,11,,44,,1,21,121.5333963,25.0676396
113,8,6,12,15,2,03中山區,中山區建國北路3段與松江路口,0,0,2,2,C03,8,5,5,50,5,1,1,5,4,5,13,1,1,1,4,5,2,16,1,29,2,9,3,4,7,5,1,10,1,14,,8,,1,21,121.5333963,25.0676396
113,8,6,12,38,2,11南港區,南港區南港路3段與東新街口,0,0,1,1,C03,8,6,5,50,5,2,1,5,4,5,13,2,1,5,4,4,2,16,1,19,2,9,6,1,7,6,1,10,1,14,,9,,1,22,121.5829346,25.0520238
113,8,6,12,38,2,11南港區,南港區南港路3段與東新街口,0,0,1,2,B03,8,6,5,50,5,2,1,5,4,5,13,2,1,5,4,4,2,16,1,39,3,10,3,4,7,9,1,8,1,5,,44,,1,22,121.5829346,25.0520238
113,8,6,13,1,2,02萬華區,萬華區三水街與康定路口,0,0,2,1,F01,8,6,5,50,4,1,1,5,4,5,13,2,1,5,5,5,2,16,1,55,2,9,4,1,7,5,8,20,1,12,,8,,1,21,121.5013929,25.03607071
113,8,6,13,1,2,02萬華區,萬華區三水街與康定路口,0,0,2,2,C03,8,6,5,50,4,1,1,5,4,5,13,2,1,5,5,5,2,16,1,28,2,9,6,1,7,9,1,10,1,11,,44,,1,26,121.5013929,25.03607071
113,8,6,13,25,2,06松山區,松山區三民路3巷23號,0,0,1,1,B12,8,5,5,30,14,9,1,5,4,5,13,4,4,10,5,5,2,16,1,68,3,10,7,1,7,1,1,7,1,2,,19,,1,21,121.5630899,25.05202523
113,8,6,13,25,2,06松山區,松山區三民路3巷23號,0,0,1,2,C03,8,5,5,30,14,9,1,5,4,5,13,4,4,10,5,5,2,16,1,23,2,9,6,1,7,9,1,10,1,11,,108,,1,21,121.5630899,25.05202523
113,8,6,13,38,2,01大同區,大同區重慶北路1段與長安西路口,0,0,1,1,B03,8,6,5,50,5,1,1,5,4,5,13,4,4,1,5,5,2,16,1,41,3,10,7,1,7,5,1,8,2,1,,71,,1,21,121.5138706,25.0516471
113,8,6,13,38,2,01大同區,大同區重慶北路1段與長安西路口,0,0,1,2,C03,8,6,5,50,5,1,1,5,4,5,13,4,4,1,5,5,2,16,1,26,2,8,6,1,7,9,1,10,2,14,,44,,1,21,121.5138706,25.0516471
113,8,6,14,32,2,04大安區,大安區安和路2段32巷與敦化南路2段11巷38弄口,0,0,2,1,C03,8,6,5,30,5,1,1,5,4,5,13,4,4,9,5,5,2,15,1,22,2,8,6,4,7,9,1,10,1,14,,14,,1,21,121.5507414,25.0317663
113,8,6,14,32,2,04大安區,大安區安和路2段32巷與敦化南路2段11巷38弄口,0,0,2,2,C03,8,6,5,30,5,1,1,5,4,5,13,4,4,9,5,5,2,15,1,33,2,7,6,4,7,9,1,10,1,11,,14,,1,21,121.5507414,25.0317663
113,8,6,14,35,2,01大同區,大同區延平北路1段與天水路口,0,0,1,1,A12,8,6,5,50,5,1,1,5,4,5,13,1,1,5,4,5,2,3,1,49,3,10,7,1,7,6,1,3,2,5,,70,,1,21,121.5118251,25.0522323
113,8,6,14,35,2,01大同區,大同區延平北路1段與天水路口,0,0,1,2,H04,8,6,5,50,5,1,1,5,4,5,13,1,1,5,4,5,2,3,1,61,2,2,4,5,8,16,8,20,10,16,,67,,1,21,121.5118251,25.0522323
113,8,6,14,49,2,12內湖區,內湖區瑞光路309號,0,0,1,1,B01,8,6,5,50,14,9,1,5,4,3,13,1,1,5,4,5,2,12,1,47,2,3,3,4,7,8,1,8,1,7,,17,,1,22,121.5756677,25.0759639
113,8,6,14,49,2,12內湖區,內湖區瑞光路309號,0,0,1,2,B01,8,6,5,50,14,9,1,5,4,3,13,1,1,5,4,5,2,12,1,57,3,10,3,4,7,9,1,8,1,5,,17,,1,22,121.5756677,25.0759639
113,8,6,15,10,2,07信義區,信義區莊敬路231號,0,0,1,1,B03,7,5,5,50,14,8,1,5,4,5,13,4,4,5,5,4,1,17,1,34,3,10,7,1,7,6,1,8,1,2,,9,,1,21,121.5620865,25.0298432
113,8,6,15,10,2,07信義區,信義區莊敬路231號,0,0,1,2,C03,7,5,5,50,14,8,1,5,4,5,13,4,4,5,5,4,1,17,1,63,2,9,6,1,7,9,1,10,1,11,,44,,1,21,121.5620865,25.0298432
113,8,6,15,28,2,08士林區,士林區忠誠路2段與忠誠路2段70巷口,0,0,1,1,F01,8,7,5,0,3,1,1,5,4,5,13,4,4,1,4,4,2,17,1,21,2,9,4,4,7,9,8,20,1,14,,99,,1,21,121.5306737,25.111415
113,8,6,15,28,2,08士林區,士林區忠誠路2段與忠誠路2段70巷口,0,0,1,2,B12,8,7,5,0,3,1,1,5,4,5,13,4,4,1,4,4,2,17,1,47,3,10,3,4,7,9,1,8,1,1,,80,,1,21,121.5306737,25.111415
113,8,6,15,50,2,09北投區,北投區文林北路與文林北路244巷口口,0,0,1,1,F01,8,6,5,0,3,1,1,5,4,5,13,2,1,1,4,5,2,17,2,69,2,9,4,1,7,15,8,20,1,11,,101,,1,22,121.5134257,25.1088982
113,8,6,15,50,2,09北投區,北投區文林北路與文林北路244巷口口,0,0,1,2,B03,8,6,5,0,3,1,1,5,4,5,13,2,1,1,4,5,2,17,1,64,3,10,7,1,7,5,1,8,1,5,,103,,1,22,121.5134257,25.1088982
113,8,6,16,22,2,05中正區,中正區中華路1段77號,0,0,1,2,C03,8,6,5,50,14,9,1,5,4,5,13,4,4,1,4,5,2,16,1,26,3,10,6,1,7,9,1,10,2,14,,44,,1,21,121.5075739,25.0388687
113,8,6,16,22,2,05中正區,中正區中華路1段77號,0,0,1,1,C03,8,6,5,50,14,9,1,5,4,5,13,4,4,1,4,5,2,16,2,19,2,9,6,1,7,6,1,10,2,12,,101,,1,21,121.5075739,25.0388687
113,8,6,16,37,2,09北投區,北投區大業路527巷第1202644號燈桿,0,0,1,1,C03,8,6,5,40,14,9,1,5,4,5,13,4,4,5,5,5,1,13,1,19,2,9,5,1,7,9,1,10,1,11,,16,,1,21,121.4937804,25.1362289
113,8,6,16,37,2,09北投區,北投區大業路527巷第1202644號燈桿,0,0,1,2,B03,8,6,5,40,14,9,1,5,4,5,13,4,4,5,5,5,1,13,1,60,3,10,7,1,7,12,1,8,1,3,,44,,1,21,121.4937804,25.1362289
113,8,6,16,37,2,09北投區,北投區大業路527巷第1202644號燈桿,0,0,1,3,B03,8,6,5,40,14,9,1,5,4,5,13,4,4,5,5,5,1,13,2,70,3,10,7,1,7,5,1,8,1,17,,99,,1,21,121.4937804,25.1362289
113,8,6,17,12,2,05中正區,中正區忠孝東路2段101號,0,0,1,1,B02,7,6,5,50,14,9,1,5,4,5,13,4,4,1,4,5,2,17,1,41,2,1,7,4,7,5,1,8,1,8,,8,,1,22,121.5311688,25.04285722
113,8,6,17,12,2,05中正區,中正區忠孝東路2段101號,0,0,1,2,C03,7,6,5,50,14,9,1,5,4,5,13,4,4,1,4,5,2,17,1,25,3,10,6,4,7,9,1,10,1,11,,44,,1,22,121.5311688,25.04285722
113,8,6,17,12,2,05中正區,中正區忠孝東路2段101號,0,0,1,3,A04,7,6,5,50,14,9,1,5,4,5,13,4,4,1,4,5,2,17,1,52,3,10,7,4,7,9,1,1,1,2,,44,,1,21,121.5311688,25.04285722
113,8,6,17,12,2,07信義區,信義區景雲街與祥雲街口,0,0,1,1,B03,7,7,5,30,4,1,1,5,4,5,13,4,4,10,5,5,2,15,1,64,3,10,3,4,7,9,1,8,2,1,,72,,1,21,121.5736698,25.0195558
113,8,6,17,12,2,07信義區,信義區景雲街與祥雲街口,0,0,1,2,C03,7,7,5,30,4,1,1,5,4,5,13,4,4,10,5,5,2,15,1,61,2,9,6,4,7,9,1,10,2,14,,5,,1,21,121.5736698,25.0195558
113,8,6,17,17,2,07信義區,信義區基隆路車行地下道往北,0,0,2,1,B03,8,6,5,50,14,9,1,5,4,5,13,4,4,3,2,5,2,13,1,28,3,10,3,4,7,9,1,8,1,1,,108,,1,21,121.5653864,25.0427756
113,8,6,17,17,2,07信義區,信義區基隆路車行地下道往北,0,0,2,2,B03,8,6,5,50,14,9,1,5,4,5,13,4,4,3,2,5,2,13,1,50,2,5,3,4,7,14,1,8,1,3,1,44,,1,21,121.5653864,25.0427756
113,8,6,17,17,2,07信義區,信義區基隆路車行地下道往北,0,0,2,3,B03,8,6,5,50,14,9,1,5,4,5,13,4,4,3,2,5,2,13,2,35,2,9,3,4,7,14,1,8,1,3,,44,,1,21,121.5653864,25.0427756
113,8,6,17,20,2,11南港區,南港區忠孝東路6段與忠孝東路6段188巷口,0,0,2,1,C03,8,6,6,50,4,2,1,5,4,5,13,1,1,1,4,5,2,16,1,47,2,1,5,1,7,11,1,10,1,12,,10,,1,21,121.5866351,25.0486413
113,8,6,17,20,2,11南港區,南港區忠孝東路6段與忠孝東路6段188巷口,0,0,2,2,C03,8,6,6,50,4,2,1,5,4,5,13,1,1,1,4,5,2,16,1,56,2,9,5,1,7,9,1,10,1,14,,44,,1,21,121.5866351,25.0486413
113,8,6,17,38,2,05中正區,中正區中華路2段與廣州街口口,0,0,1,1,C03,8,6,5,50,4,2,1,5,4,5,13,1,1,1,4,5,2,13,1,30,2,7,5,1,7,9,1,10,1,11,,16,,1,21,121.5065042,25.0358955
113,8,6,17,38,2,05中正區,中正區中華路2段與廣州街口口,0,0,1,2,B02,8,6,5,50,4,2,1,5,4,5,13,1,1,1,4,5,2,13,1,39,4,11,3,4,7,21,7,19,11,15,,119,,2,22,121.5065042,25.0358955
113,8,6,17,38,2,05中正區,中正區中華路2段與廣州街口口,0,0,1,3,B03,8,6,5,50,4,2,1,5,4,5,13,1,1,1,4,5,2,13,1,52,3,10,3,4,7,9,1,8,1,2,,119,,1,21,121.5065042,25.0358955
113,8,6,17,39,2,09北投區,北投區中央南路1段與光明路口,0,0,1,1,B03,8,5,6,50,3,2,1,5,4,5,13,3,1,7,4,5,1,12,1,57,3,10,7,1,7,9,1,8,1,2,,44,,1,21,121.501517,25.1330622
113,8,6,17,39,2,09北投區,北投區中央南路1段與光明路口,0,0,1,2,C03,8,5,6,50,3,2,1,5,4,5,13,3,1,7,4,5,1,12,1,77,2,5,5,1,7,9,1,10,1,14,,44,,1,21,121.501517,25.1330622
113,8,6,17,53,2,11南港區,南港區南港路2段178巷與市民大道8段口,0,0,1,1,B03,8,5,5,50,3,1,1,5,4,5,13,2,1,1,4,5,2,16,1,20,3,10,2,1,7,5,1,8,2,8,,71,,1,21,121.5995698,25.0521758
113,8,6,17,53,2,11南港區,南港區南港路2段178巷與市民大道8段口,0,0,1,2,C03,8,5,5,50,3,1,1,5,4,5,13,2,1,1,4,5,2,16,2,60,2,9,5,1,7,9,1,10,2,14,,44,,1,21,121.5995698,25.0521758
113,8,6,17,58,2,08士林區,士林區福林路254巷與至善路1段口,0,0,2,1,C03,8,6,5,50,3,2,1,5,4,5,13,4,4,1,5,4,2,17,1,42,4,11,6,4,7,9,1,10,9,15,,16,,1,21,121.5379388,25.098042
113,8,6,17,58,2,08士林區,士林區福林路254巷與至善路1段口,0,0,2,2,C03,8,6,5,50,3,2,1,5,4,5,13,4,4,1,5,4,2,17,1,52,2,9,5,1,7,9,1,10,2,11,,44,,1,22,121.5379388,25.098042
113,8,6,17,58,2,08士林區,士林區福林路254巷與至善路1段口,0,0,2,3,C03,8,6,5,50,3,2,1,5,4,5,13,4,4,1,5,4,2,17,1,69,2,9,5,1,7,9,1,10,2,11,,42,,1,22,121.5379388,25.098042
113,8,6,18,2,2,01大同區,大同區鄭州路與西寧北路口,0,0,1,1,B03,8,6,5,40,4,1,1,5,4,5,13,2,1,1,4,5,2,16,1,25,3,10,3,4,7,9,1,8,1,5,,118,,1,21,121.5081785,25.0505899
113,8,6,18,2,2,01大同區,大同區鄭州路與西寧北路口,0,0,1,2,C03,8,6,5,40,4,1,1,5,4,5,13,2,1,1,4,5,2,16,2,60,2,9,3,4,7,5,1,11,1,14,,118,,1,21,121.5081785,25.0505899
113,8,6,18,19,2,08士林區,士林區士商路189號國立科教館對面,0,0,1,1,B01,8,6,5,50,14,9,1,5,4,5,13,4,4,5,5,5,2,16,1,45,3,10,7,1,7,11,1,4,1,6,,10,,1,21,121.5159884,25.09563141
113,8,6,18,19,2,08士林區,士林區士商路189號國立科教館對面,0,0,1,2,C03,8,6,5,50,14,9,1,5,4,5,13,4,4,5,5,5,2,16,2,21,2,9,6,1,7,9,1,10,1,11,,44,,1,21,121.5159884,25.09563141
113,8,6,18,25,2,12內湖區,內湖區彩虹河濱公園網球場旁,0,0,1,1,B03,8,7,8,50,14,9,1,5,4,5,13,4,4,8,4,5,2,17,1,35,3,10,7,1,7,5,1,8,1,4,,8,,1,21,121.5722874,25.0626601
113,8,6,18,25,2,12內湖區,內湖區彩虹河濱公園網球場旁,0,0,1,2,F01,8,7,8,50,14,9,1,5,4,5,13,4,4,8,4,5,2,17,1,53,2,9,4,1,7,9,8,20,1,12,,44,,1,21,121.5722874,25.0626601
113,8,6,18,29,2,04大安區,大安區忠孝東路3段與復興南路1段口,0,0,1,1,B03,8,6,5,50,4,1,1,5,4,5,13,1,1,1,3,5,2,17,1,25,3,10,7,1,7,6,1,8,1,2,,9,,1,21,121.5436297,25.0415349
113,8,6,18,29,2,04大安區,大安區忠孝東路3段與復興南路1段口,0,0,1,2,C03,8,6,5,50,4,1,1,5,4,5,13,1,1,1,3,5,2,17,1,21,2,9,6,1,7,9,1,10,1,14,,44,,1,21,121.5436297,25.0415349
113,8,6,19,9,2,04大安區,大安區羅斯福路4段與基隆路4段口,0,0,1,1,C03,8,5,5,50,5,1,1,5,4,5,13,1,1,1,4,5,2,12,1,29,3,10,5,1,7,9,1,10,1,14,,101,,1,21,121.5375238,25.0115918
113,8,6,19,9,2,04大安區,大安區羅斯福路4段與基隆路4段口,0,0,1,2,C03,8,5,5,50,5,1,1,5,4,5,13,1,1,1,4,5,2,12,2,30,2,9,5,1,7,9,1,10,1,12,,42,,1,21,121.5375238,25.0115918
113,8,6,20,9,2,08士林區,士林區文林路594巷口,0,0,2,1,C03,8,5,5,50,14,9,1,5,4,5,13,3,1,5,5,5,2,16,2,68,2,8,6,1,7,5,1,10,1,12,,8,,1,21,121.5237257,25.09849723
113,8,6,20,9,2,08士林區,士林區文林路594巷口,0,0,2,2,C03,8,5,5,50,14,9,1,5,4,5,13,3,1,5,5,5,2,16,2,28,2,9,6,1,7,9,1,10,1,11,,44,,1,21,121.5237257,25.09849723
113,8,6,20,29,2,08士林區,士林區承德路4段與承德路4段77巷口,0,0,3,1,B03,7,5,5,50,5,1,1,5,4,5,13,1,1,1,4,5,2,13,2,46,3,10,7,1,7,9,1,10,2,1,,108,,1,22,121.5233557,25.0821731
113,8,6,20,29,2,08士林區,士林區承德路4段與承德路4段77巷口,0,0,3,2,B03,7,5,5,50,5,1,1,5,4,5,13,1,1,1,4,5,2,13,2,44,2,5,7,1,7,12,1,8,2,3,,44,,1,22,121.5233557,25.0821731
113,8,6,20,29,2,08士林區,士林區承德路4段與承德路4段77巷口,0,0,3,3,H02,7,5,5,50,5,1,1,5,4,5,13,1,1,1,4,5,2,13,1,5,3,10,7,5,7,17,8,20,10,16,,67,,1,22,121.5233557,25.0821731
113,8,6,20,29,2,08士林區,士林區承德路4段與承德路4段77巷口,0,0,3,4,H02,7,5,5,50,5,1,1,5,4,5,13,1,1,1,4,5,2,13,1,58,2,5,7,5,7,17,8,20,10,16,,67,,1,22,121.5233557,25.0821731
113,8,6,20,29,2,08士林區,士林區承德路4段與承德路4段77巷口,0,0,3,5,H02,7,5,5,50,5,1,1,5,4,5,13,1,1,1,4,5,2,13,2,73,2,5,7,5,7,17,8,20,10,16,,67,,1,22,121.5233557,25.0821731
113,8,6,21,0,2,01大同區,大同區延平北路4段34號,0,0,1,1,B03,8,5,5,50,14,7,1,5,4,5,13,4,4,8,3,4,2,17,1,45,3,10,7,1,7,11,1,8,1,3,,10,,1,21,121.5108486,25.06949772
113,8,6,21,0,2,01大同區,大同區延平北路4段34號,0,0,1,2,C03,8,5,5,50,14,7,1,5,4,5,13,4,4,8,3,4,2,17,2,16,2,8,6,1,7,9,2,18,1,11,,13,,1,21,121.5108486,25.06949772
113,8,6,23,52,2,03中山區,中山區民權東路2段與松江路口,0,0,1,1,C03,7,5,5,50,4,1,1,5,4,5,13,1,1,1,3,5,1,13,1,54,3,10,5,1,7,9,6,10,1,11,,16,,1,21,121.5329117,25.06243876
113,8,6,23,52,2,03中山區,中山區民權東路2段與松江路口,0,0,1,2,C03,7,5,5,50,4,1,1,5,4,5,13,1,1,1,3,5,1,13,2,47,2,8,6,1,7,9,1,10,1,13,,44,,1,21,121.5329117,25.06243876
113,8,7,6,49,2,03中山區,中山區建國北路2段與民權東路3段口,0,0,1,1,B03,8,7,5,50,4,1,1,5,4,5,13,1,1,1,4,5,2,16,1,57,3,10,7,1,7,6,1,8,1,5,,9,,1,22,121.5373595,25.062347
113,8,7,6,49,2,03中山區,中山區建國北路2段與民權東路3段口,0,0,1,2,F01,8,7,5,50,4,1,1,5,4,5,13,1,1,1,4,5,2,16,1,80,2,9,4,1,7,11,8,20,1,14,,107,,1,22,121.5373595,25.062347
113,8,7,6,50,2,01大同區,大同區民生西路與萬全街40巷口,0,0,2,1,B03,8,7,5,50,3,1,1,5,4,5,13,4,4,5,4,5,2,17,1,60,2,7,7,1,7,15,1,8,2,8,,104,,1,21,121.5201621,25.0576241
113,8,7,6,50,2,01大同區,大同區民生西路與萬全街40巷口,0,0,2,2,B01,8,7,5,50,3,1,1,5,4,5,13,4,4,5,4,5,2,17,1,47,2,7,7,1,7,9,1,4,2,7,,44,,1,21,121.5201621,25.0576241
113,8,7,6,50,2,01大同區,大同區民生西路與萬全街40巷口,0,0,2,3,B03,8,7,5,50,3,1,1,5,4,5,13,4,4,5,4,5,2,17,1,41,3,10,7,1,7,9,1,8,2,7,,44,,1,21,121.5201621,25.0576241
113,8,7,6,55,2,12內湖區,內湖區金湖路388號前,0,0,1,1,A04,8,6,5,50,14,8,1,5,4,5,13,4,4,1,5,4,2,12,1,64,3,10,7,1,7,7,1,2,1,6,,100,,1,21,121.6050009,25.07353182
113,8,7,6,55,2,12內湖區,內湖區金湖路388號前,0,0,1,2,C03,8,6,5,50,14,8,1,5,4,5,13,4,4,1,5,4,2,12,1,38,2,9,5,1,7,9,1,10,1,14,,13,,1,21,121.6050009,25.07353182
113,8,7,6,55,2,12內湖區,內湖區金湖路388號前,0,0,1,3,B03,8,6,5,50,14,8,1,5,4,5,13,4,4,1,5,4,2,12,1,28,3,10,3,4,7,13,7,19,11,4,,67,,1,21,121.6050009,25.07353182
113,8,7,7,7,2,05中正區,中正區羅斯福路3段244巷與汀州路3段口口,0,0,2,1,C03,8,6,5,30,3,1,1,5,4,5,13,4,4,10,5,5,1,17,1,33,2,8,6,1,7,5,1,10,2,11,,44,,1,21,121.5307681,25.0162035
113,8,7,7,7,2,05中正區,中正區羅斯福路3段244巷與汀州路3段口口,0,0,2,2,C03,8,6,5,30,3,1,1,5,4,5,13,4,4,10,5,5,1,17,1,51,2,7,6,1,7,9,1,10,2,11,,42,,1,21,121.5307681,25.0162035
113,8,7,7,25,2,08士林區,士林區中正路439號,0,0,1,1,C03,7,7,5,40,14,8,1,5,4,5,13,4,4,1,4,4,1,17,2,62,3,10,5,1,7,9,1,10,2,17,,42,,1,21,121.5195469,25.0929375
113,8,7,7,25,2,08士林區,士林區中正路439號,0,0,1,2,F01,7,7,5,40,14,8,1,5,4,5,13,4,4,1,4,4,1,17,1,14,2,9,4,1,7,9,8,20,2,12,,42,,1,21,121.5195469,25.0929375
113,8,7,7,30,2,11南港區,南港區忠孝東路7段與忠孝東路7段415巷口,0,0,1,1,C03,8,6,5,50,3,1,1,4,4,5,13,1,1,1,5,5,2,17,2,41,2,7,3,4,7,9,1,10,1,14,,44,,1,22,121.6090848,25.0524505