發生年度,發生月,發生日,發生時-Hours,發生分,處理別-編號,區序,肇事地點,死亡人數,2-30日死亡人數,受傷人數,當事人序號,車種,天候,道路照明設備,道路類別,速限-速度限制,道路型態,事故位置,路面狀況1,路面狀況2,路面狀況3,道路障礙1,道路障礙2,號誌1,號誌2,車道劃分-分向,車道劃分-分道1,車道劃分-分道2,車道劃分-分道3,事故類型及型態,性別,年齡,受傷程度,主要傷處,保護裝置,行動電話,車輛用途,當事者行動狀態,駕駛資格情形,駕駛執照種類,飲酒情形,車輛撞擊部位1,車輛撞擊部位2,肇因碼-個別,肇因碼-主要,個人肇逃否,職業,座標-X,座標-Y
113,8,7,7,30,2,11南港區,南港區忠孝東路7段與忠孝東路7段415巷口,0,0,1,2,B01,8,6,5,50,3,1,1,4,4,5,13,1,1,1,5,5,2,17,1,64,3,10,3,4,7,5,1,4,1,17,,71,,1,22,121.6090848,25.0524505
113,8,7,7,48,2,12內湖區,內湖區民權東路6段與民權東路6段245巷口,0,0,1,1,B03,8,5,5,50,4,1,1,5,4,5,13,1,1,1,4,5,2,16,1,31,3,10,7,1,7,5,1,8,1,6,,80,,1,21,121.6005212,25.0670436
113,8,7,7,48,2,12內湖區,內湖區民權東路6段與民權東路6段245巷口,0,0,1,2,C03,8,5,5,50,4,1,1,5,4,5,13,1,1,1,4,5,2,16,2,24,2,7,6,1,7,9,1,10,1,11,,44,,1,21,121.6005212,25.0670436
113,8,7,7,50,2,08士林區,士林區環河北路3段115號,0,0,1,1,B03,8,6,5,50,14,9,1,5,4,5,13,4,4,1,4,5,1,13,1,22,3,10,3,4,7,1,1,8,2,5,,108,,1,22,121.5061769,25.08495027
113,8,7,7,50,2,08士林區,士林區環河北路3段115號,0,0,1,2,C03,8,6,5,50,14,9,1,5,4,5,13,4,4,1,4,5,1,13,1,68,2,8,3,4,7,14,1,10,2,14,,44,,1,22,121.5061769,25.08495027
113,8,7,8,4,2,07信義區,信義區松仁路與松壽路口口,0,0,1,1,B03,8,6,8,50,3,1,1,5,4,5,13,1,1,1,4,5,2,17,1,32,3,10,7,1,7,5,1,8,2,1,,16,,1,21,121.5684098,25.0359199
113,8,7,8,4,2,07信義區,信義區松仁路與松壽路口口,0,0,1,2,F01,8,6,8,50,3,1,1,5,4,5,13,1,1,1,4,5,2,17,2,36,2,9,4,1,7,9,8,20,2,14,,44,,1,22,121.5684098,25.0359199
113,8,7,8,19,2,07信義區,信義區市民大道6段與松隆路329巷口,0,0,1,1,C03,8,6,5,40,3,2,1,5,4,5,13,2,1,9,4,5,2,15,1,63,2,9,5,1,7,1,1,10,1,12,,19,,1,21,121.5791849,25.0488733
113,8,7,8,19,2,07信義區,信義區市民大道6段與松隆路329巷口,0,0,1,2,B03,8,6,5,40,3,2,1,5,4,5,13,2,1,9,4,5,2,15,1,37,3,10,7,1,7,9,1,8,1,1,,44,,1,21,121.5791849,25.0488733
113,8,7,8,25,2,08士林區,士林區通河西街1段與重慶北路4段口,0,0,1,1,C03,8,5,5,50,3,1,1,5,4,5,13,1,1,5,5,5,2,12,1,21,3,10,6,1,7,9,1,9,1,14,,101,,1,21,121.5119015,25.0877557
113,8,7,8,25,2,08士林區,士林區通河西街1段與重慶北路4段口,0,0,1,2,C03,8,5,5,50,3,1,1,5,4,5,13,1,1,5,5,5,2,12,1,27,2,9,6,1,7,9,1,10,1,11,,44,,1,21,121.5119015,25.0877557
113,8,7,8,50,2,07信義區,信義區吳興街156巷33弄5號,0,0,1,1,H01,8,7,8,30,22,22,1,5,4,5,13,4,4,10,5,5,2,9,2,82,3,10,4,5,8,16,8,20,10,16,,123,,1,22,121.5605481,25.0280151
113,8,7,8,50,2,07信義區,信義區吳興街156巷33弄5號,0,0,1,2,C03,8,7,8,30,22,22,1,5,4,5,13,4,4,10,5,5,2,9,1,24,2,9,6,1,7,9,1,10,1,14,,108,,1,21,121.5605481,25.0280151
113,8,7,9,1,2,09北投區,北投區西安街2段與立農街1段279巷口,0,0,1,1,C03,8,6,5,50,3,1,1,5,4,5,13,1,1,10,4,5,2,16,2,37,3,10,6,1,7,6,1,10,9,12,,9,,2,28,121.5062093,25.1205994
113,8,7,9,1,2,09北投區,北投區西安街2段與立農街1段279巷口,0,0,1,2,C03,8,6,5,50,3,1,1,5,4,5,13,1,1,10,4,5,2,16,2,31,2,8,6,1,7,9,1,10,1,14,,44,,1,21,121.5062093,25.1205994
113,8,7,9,8,2,10文山區,文山區羅斯福路5段與萬盛街口,0,0,2,3,H02,8,6,5,50,4,2,1,5,4,5,13,2,1,1,4,5,2,16,1,10,2,1,6,5,7,17,8,20,10,16,,67,,1,14,121.5380842,25.0080032
113,8,7,9,8,2,10文山區,文山區羅斯福路5段與萬盛街口,0,0,2,1,C03,8,6,5,50,4,2,1,5,4,5,13,2,1,1,4,5,2,16,2,24,2,9,6,1,7,6,1,10,1,12,,9,,1,21,121.5380842,25.0080032
113,8,7,9,8,2,10文山區,文山區羅斯福路5段與萬盛街口,0,0,2,2,A02,8,6,5,50,4,2,1,5,4,5,13,2,1,1,4,5,2,16,1,48,3,10,7,1,7,1,1,2,1,1,,19,,1,21,121.5380842,25.0080032
113,8,7,9,15,2,06松山區,松山區敦化北路與民權東路3段口,0,0,1,1,B03,8,5,5,50,4,1,1,5,4,5,13,2,1,1,4,5,2,17,1,41,3,10,7,1,7,6,1,6,1,5,,9,,1,21,121.5504197,25.0612729
113,8,7,9,15,2,06松山區,松山區敦化北路與民權東路3段口,0,0,1,2,F01,8,5,5,50,4,1,1,5,4,5,13,2,1,1,4,5,2,17,1,44,2,8,4,1,7,9,8,20,1,12,,44,,1,21,121.5504197,25.0612729
113,8,7,9,23,2,01大同區,大同區台北橋與台北橋附近口機車道下橋處7010741燈桿,0,0,1,1,C03,8,5,5,40,14,11,1,5,4,5,13,4,4,5,4,5,2,13,1,29,3,10,5,1,7,9,1,10,2,11,,16,,1,22,121.5103468,25.06299231
113,8,7,9,23,2,01大同區,大同區台北橋與台北橋附近口機車道下橋處7010741燈桿,0,0,1,2,C03,8,5,5,40,14,11,1,5,4,5,13,4,4,5,4,5,2,13,2,63,2,8,5,1,7,1,1,8,2,13,,44,,1,22,121.5103468,25.06299231
113,8,7,9,29,2,07信義區,信義區松智路與松高路口,0,0,1,1,B01,8,6,5,50,3,2,1,5,4,5,13,2,1,5,4,5,2,15,1,49,3,10,7,1,7,3,1,4,1,1,,80,,1,21,121.5654709,25.0389756
113,8,7,9,29,2,07信義區,信義區松智路與松高路口,0,0,1,2,C03,8,6,5,50,3,2,1,5,4,5,13,2,1,5,4,5,2,15,1,33,2,9,5,1,7,9,1,10,1,12,,34,,1,21,121.5654709,25.0389756
113,8,7,9,45,2,08士林區,士林區德行東路90巷21弄與德行東路104巷口,0,0,1,1,C04,8,6,5,30,4,1,1,5,4,3,10,4,4,10,5,5,2,15,1,36,2,9,3,4,7,9,1,10,1,12,,80,,1,21,121.5286669,25.1067437
113,8,7,9,45,2,08士林區,士林區德行東路90巷21弄與德行東路104巷口,0,0,1,2,B03,8,6,5,30,4,1,1,5,4,3,10,4,4,10,5,5,2,15,2,54,3,10,3,4,7,9,1,8,1,1,,14,,1,21,121.5286669,25.1067437
113,8,7,9,59,2,05中正區,中正區汀州路1段249號,0,0,1,1,B03,8,6,5,50,14,9,1,5,4,5,13,4,4,9,4,5,2,16,2,60,3,10,7,1,7,11,1,8,1,4,,10,,1,21,121.5128328,25.02658661
113,8,7,9,59,2,05中正區,中正區汀州路1段249號,0,0,1,2,C03,8,6,5,50,14,9,1,5,4,5,13,4,4,9,4,5,2,16,2,24,2,9,5,1,7,9,1,10,1,12,,44,,1,21,121.5128328,25.02658661
113,8,7,10,0,2,01大同區,大同區酒泉街與酒泉街50巷口,0,0,1,1,A02,8,6,5,50,3,1,1,5,4,5,13,4,4,5,4,5,2,17,1,36,3,10,7,1,7,9,1,2,2,5,,108,,1,21,121.5165425,25.071942
113,8,7,10,0,2,01大同區,大同區酒泉街與酒泉街50巷口,0,0,1,2,B11,8,6,5,50,3,1,1,5,4,5,13,4,4,5,4,5,2,17,1,37,2,9,2,1,7,14,1,4,2,17,,38,,1,21,121.5165425,25.071942
113,8,7,10,10,2,02萬華區,萬華區西昌街與桂林路口,0,0,2,1,C03,8,6,5,50,4,1,1,5,4,5,13,2,1,5,4,4,1,17,2,54,2,9,3,4,7,5,1,10,2,11,,71,,1,22,121.5003967,25.03777122
113,8,7,10,10,2,02萬華區,萬華區西昌街與桂林路口,0,0,2,2,C03,8,6,5,50,4,1,1,5,4,5,13,2,1,5,4,4,1,17,1,67,2,9,3,4,7,9,1,10,2,14,,44,,1,22,121.5003967,25.03777122
113,8,7,10,10,2,12內湖區,內湖區康樂街165號,0,0,1,1,B03,8,5,5,50,14,9,1,5,4,5,13,4,4,9,5,5,2,11,1,63,4,11,3,4,7,21,7,19,11,15,,108,,2,22,121.6200615,25.07508562
113,8,7,10,10,2,12內湖區,內湖區康樂街165號,0,0,1,2,B01,8,5,5,50,14,9,1,5,4,5,13,4,4,9,5,5,2,11,1,50,2,7,7,1,7,14,1,8,1,4,,38,,1,21,121.6200615,25.07508562
113,8,7,10,20,2,08士林區,士林區德行東路與中山北路6段口,0,0,1,1,B03,7,5,5,50,4,2,1,5,4,5,13,1,1,1,1,1,1,17,1,72,3,10,7,1,7,6,1,8,1,2,,9,,1,21,121.525079,25.10655129
113,8,7,10,20,2,08士林區,士林區德行東路與中山北路6段口,0,0,1,2,C04,7,5,5,50,4,2,1,5,4,5,13,1,1,1,1,1,1,17,2,25,2,9,5,1,7,9,1,10,9,14,,44,,1,21,121.525079,25.10655129
113,8,7,10,31,2,10文山區,文山區新光路1段與秀明路2段口口萬壽橋頭多岔路口,0,0,1,1,B03,8,6,5,50,4,1,1,5,4,5,13,2,1,4,4,1,2,17,2,63,3,10,3,4,7,15,1,8,2,1,,116,,1,22,121.5737139,24.99158632
113,8,7,10,31,2,10文山區,文山區新光路1段與秀明路2段口口萬壽橋頭多岔路口,0,0,1,2,C03,8,6,5,50,4,1,1,5,4,5,13,2,1,4,4,1,2,17,1,66,2,9,3,4,7,14,1,10,2,12,,44,,1,21,121.5737139,24.99158632
113,8,7,10,31,2,10文山區,文山區新光路1段與秀明路2段口口萬壽橋頭多岔路口,0,0,1,3,B03,8,6,5,50,4,1,1,5,4,5,13,2,1,4,4,1,2,17,1,67,3,10,3,4,7,14,1,8,2,1,,44,,1,22,121.5737139,24.99158632
113,8,7,10,47,2,08士林區,士林區社子街63巷27號,0,0,1,1,C03,8,5,5,30,14,9,1,5,4,5,13,4,4,10,5,5,2,16,2,44,2,8,6,1,7,11,1,10,1,11,,10,,1,21,121.5068543,25.0885716
113,8,7,10,47,2,08士林區,士林區社子街63巷27號,0,0,1,2,B03,8,5,5,30,14,9,1,5,4,5,13,4,4,10,5,5,2,16,1,22,3,10,7,1,7,9,1,8,1,5,,44,,1,21,121.5068543,25.0885716
113,8,7,11,30,2,03中山區,中山區南京東路2段與建國北路1段口,0,0,2,1,C03,7,6,5,50,4,2,1,5,4,5,13,1,1,5,4,5,2,13,2,27,2,9,5,1,7,9,1,10,1,11,,108,,1,22,121.536712,25.0521091
113,8,7,11,30,2,03中山區,中山區南京東路2段與建國北路1段口,0,0,2,2,C03,7,6,5,50,4,2,1,5,4,5,13,1,1,5,4,5,2,13,2,30,2,9,5,1,7,9,1,10,1,13,,44,,1,22,121.536712,25.0521091
113,8,7,11,35,2,06松山區,松山區南京東路5段357號,0,0,1,1,B12,8,7,5,50,14,9,1,5,4,5,13,4,4,1,4,5,2,17,1,62,3,10,7,1,7,7,1,8,1,17,,100,,1,21,121.5680786,25.05145172
113,8,7,11,35,2,06松山區,松山區南京東路5段357號,0,0,1,2,A02,8,7,5,50,14,9,1,5,4,5,13,4,4,1,4,5,2,17,1,52,3,10,7,1,7,12,1,2,1,17,,44,,1,21,121.5680786,25.05145172
113,8,7,11,35,2,06松山區,松山區南京東路5段357號,0,0,1,3,H02,8,7,5,50,14,9,1,5,4,5,13,4,4,1,4,5,2,17,2,65,2,7,2,5,7,20,8,20,10,16,,67,,1,21,121.5680786,25.05145172
113,8,7,11,47,2,04大安區,大安區市民大道3段與八德路2段口,0,0,2,1,C03,8,6,6,40,14,9,1,5,4,5,13,4,4,1,4,5,2,16,1,22,2,8,3,4,7,8,1,10,1,12,,101,,1,22,121.5341937,25.0449716
113,8,7,11,47,2,04大安區,大安區市民大道3段與八德路2段口,0,0,2,2,C03,8,6,6,40,14,9,1,5,4,5,13,4,4,1,4,5,2,16,2,27,2,8,3,4,7,9,1,10,1,11,,44,,1,22,121.5341937,25.0449716
113,8,7,11,50,2,02萬華區,萬華區艋舺大道與西園路2段口,0,0,3,1,C03,8,6,5,50,4,1,1,5,4,5,13,1,1,8,3,5,1,17,1,70,2,9,5,1,7,11,1,9,1,12,,96,,1,21,121.4977732,25.03293405
113,8,7,11,50,2,02萬華區,萬華區艋舺大道與西園路2段口,0,0,3,2,C03,8,6,5,50,4,1,1,5,4,5,13,1,1,8,3,5,1,17,1,62,2,9,5,1,7,9,1,10,1,14,,44,,1,21,121.4977732,25.03293405
113,8,7,11,50,2,02萬華區,萬華區艋舺大道與西園路2段口,0,0,3,3,H02,8,6,5,50,4,1,1,5,4,5,13,1,1,8,3,5,1,17,2,60,2,8,5,5,7,21,8,20,10,16,,67,,1,21,121.4977732,25.03293405
113,8,7,11,56,2,02萬華區,萬華區環河南路2段與和平西路3段口,0,0,1,1,B03,7,6,5,50,3,1,1,5,4,5,13,4,4,10,5,5,1,17,2,63,3,10,3,4,7,6,1,8,1,6,,44,,1,22,121.4947446,25.0353466
113,8,7,11,56,2,02萬華區,萬華區環河南路2段與和平西路3段口,0,0,1,2,F02,7,6,5,50,3,1,1,5,4,5,13,4,4,10,5,5,1,17,2,56,2,8,3,4,7,9,8,20,1,11,,72,,1,22,121.4947446,25.0353466
113,8,7,12,22,2,07信義區,信義區福德街232巷6弄10號,0,0,1,1,C03,7,6,8,30,14,9,5,5,4,5,13,4,4,10,5,5,2,2,2,51,3,10,3,4,7,9,1,10,1,11,,44,,1,21,121.5850081,25.0390069
113,8,7,12,22,2,07信義區,信義區福德街232巷6弄10號,0,0,1,2,H01,7,6,8,30,14,9,5,5,4,5,13,4,4,10,5,5,2,2,2,75,2,1,4,5,8,16,8,20,10,16,,67,,1,21,121.5850081,25.0390069
113,8,7,12,25,2,06松山區,松山區民權東路3段與復興北路口,0,0,1,1,B01,6,5,8,50,4,1,1,4,4,5,13,2,1,1,4,5,2,17,1,51,3,10,7,1,7,6,1,4,1,6,,44,,1,21,121.5443755,25.0623167
113,8,7,12,25,2,06松山區,松山區民權東路3段與復興北路口,0,0,1,2,C03,6,5,8,50,4,1,1,4,4,5,13,2,1,1,4,5,2,17,2,34,2,8,6,1,7,9,1,10,1,11,,44,,1,21,121.5443755,25.0623167
113,8,7,12,25,2,06松山區,松山區民權東路3段與復興北路口,0,0,1,3,,6,5,8,50,4,1,1,4,4,5,13,2,1,1,4,5,2,17,3,0,,,,,,,,,,,,119,,2,,121.5443755,25.0623167
113,8,7,12,30,2,03中山區,中山區民生西路24號,0,0,1,1,C03,8,6,6,50,14,9,1,5,4,5,13,4,4,5,4,5,2,13,1,30,3,10,5,4,7,9,1,10,1,11,,16,,1,22,121.521984,25.05780919
113,8,7,12,30,2,03中山區,中山區民生西路24號,0,0,1,2,C03,8,6,6,50,14,9,1,5,4,5,13,4,4,5,4,5,2,13,2,24,2,9,5,4,7,9,1,10,1,13,,44,,1,22,121.521984,25.05780919
113,8,7,13,26,2,08士林區,士林區忠義街91巷與忠義街口,0,0,1,1,C03,7,6,5,50,3,2,1,5,4,5,13,4,4,10,5,5,1,17,2,71,4,11,3,4,7,1,7,19,11,15,,19,,2,22,121.53222,25.106287
113,8,7,13,26,2,08士林區,士林區忠義街91巷與忠義街口,0,0,1,2,C03,7,6,5,50,3,2,1,5,4,5,13,4,4,10,5,5,1,17,1,29,2,9,3,4,7,6,1,10,9,14,,99,,1,22,121.53222,25.106287
113,8,7,13,26,2,08士林區,士林區忠義街91巷與忠義街口,0,0,1,3,B03,7,6,5,50,3,2,1,5,4,5,13,4,4,10,5,5,1,17,1,49,3,10,3,4,7,13,1,8,9,17,,42,,1,21,121.53222,25.106287
113,8,7,13,46,2,03中山區,中山區吉林路與長安東路2段口,0,0,1,1,B03,8,6,6,50,4,1,1,5,4,5,13,1,1,5,4,5,2,12,1,57,3,10,3,4,7,8,1,8,1,6,,100,,1,21,121.5299196,25.0485301
113,8,7,13,46,2,03中山區,中山區吉林路與長安東路2段口,0,0,1,2,C03,8,6,6,50,4,1,1,5,4,5,13,1,1,5,4,5,2,12,2,59,2,9,5,4,7,9,1,10,1,14,,99,,1,21,121.5299196,25.0485301
113,8,7,13,59,2,10文山區,文山區木柵路2段138巷與興隆路4段101巷口,0,0,1,1,C03,8,5,5,30,3,1,1,5,4,5,13,3,1,5,5,5,2,15,1,43,2,9,6,1,7,9,1,10,2,12,,72,,1,21,121.5619569,24.988347
113,8,7,13,59,2,10文山區,文山區木柵路2段138巷與興隆路4段101巷口,0,0,1,2,B03,8,5,5,30,3,1,1,5,4,5,13,3,1,5,5,5,2,15,1,64,3,10,7,1,7,9,1,8,2,1,,44,,1,21,121.5619569,24.988347
113,8,7,14,6,2,04大安區,大安區金山南路2段與金華街口,0,0,2,1,B03,8,5,5,50,4,1,1,5,4,5,13,2,1,1,4,5,2,17,2,53,3,10,3,4,7,5,1,8,1,6,,71,,1,21,121.5266304,25.030182
113,8,7,14,6,2,04大安區,大安區金山南路2段與金華街口,0,0,2,2,C03,8,5,5,50,4,1,1,5,4,5,13,2,1,1,4,5,2,17,1,23,2,7,3,4,7,9,1,10,1,11,,42,,1,21,121.5266304,25.030182
113,8,7,14,6,2,04大安區,大安區金山南路2段與金華街口,0,0,2,3,H02,8,5,5,50,4,1,1,5,4,5,13,2,1,1,4,5,2,17,2,20,2,7,3,5,7,20,8,20,10,16,,67,,1,21,121.5266304,25.030182
113,8,7,14,47,2,10文山區,文山區羅斯福路5段206-2號,0,0,2,1,C03,8,6,5,50,14,9,1,5,4,5,13,4,4,1,4,5,2,13,1,47,2,7,5,1,7,9,1,10,2,11,,107,,1,21,121.5385429,25.0030297
113,8,7,14,47,2,10文山區,文山區羅斯福路5段206-2號,0,0,2,2,C03,8,6,5,50,14,9,1,5,4,5,13,4,4,1,4,5,2,13,1,52,2,8,6,1,7,14,1,10,2,13,,44,,1,21,121.5385429,25.0030297
113,8,7,15,0,2,03中山區,中山區錦州街與錦州街1巷口,0,0,1,1,C03,7,7,5,50,3,1,1,5,4,5,13,4,4,5,5,5,2,3,1,45,3,10,5,1,7,9,1,10,1,11,,70,,1,22,121.5237376,25.06034879
113,8,7,15,0,2,03中山區,中山區錦州街與錦州街1巷口,0,0,1,2,H01,7,7,5,50,3,1,1,5,4,5,13,4,4,5,5,5,2,3,2,73,2,9,4,5,8,16,8,20,10,16,,67,,1,22,121.5237376,25.06034879
113,8,7,15,7,2,01大同區,大同區重慶北路3段與民族西路口,0,0,1,1,C03,8,6,6,50,5,1,1,5,4,5,13,2,1,1,4,5,2,17,1,57,3,10,6,1,7,6,1,10,1,17,,9,,1,21,121.5138407,25.0687082
113,8,7,15,7,2,01大同區,大同區重慶北路3段與民族西路口,0,0,1,2,C03,8,6,6,50,5,1,1,5,4,5,13,2,1,1,4,5,2,17,1,27,2,9,6,1,7,9,1,10,1,17,,44,,1,21,121.5138407,25.0687082
113,8,7,15,27,2,07信義區,信義區基隆路1段102巷,0,0,2,1,C03,8,6,5,50,14,9,1,5,4,5,13,4,4,8,5,5,2,16,1,31,2,9,6,1,7,9,1,10,1,11,,4,,1,21,121.5664999,25.045271
113,8,7,15,27,2,07信義區,信義區基隆路1段102巷,0,0,2,2,C03,8,6,5,50,14,9,1,5,4,5,13,4,4,8,5,5,2,16,1,32,2,8,6,1,7,5,1,10,1,14,,44,,1,21,121.5664999,25.045271
113,8,7,15,30,2,12內湖區,內湖區麥帥一橋西向東，機車道,0,0,2,1,C03,8,5,5,40,14,11,1,5,4,5,13,4,4,1,5,5,2,12,1,19,2,9,5,1,7,9,1,10,1,12,,44,,1,21,121.5729954,25.05240823
113,8,7,15,30,2,12內湖區,內湖區麥帥一橋西向東，機車道,0,0,2,2,C03,8,5,5,40,14,11,1,5,4,5,13,4,4,1,5,5,2,12,1,40,2,7,5,1,7,9,1,10,1,14,,44,,1,21,121.5729954,25.05240823
113,8,7,15,43,2,12內湖區,內湖區瑞光路58號對面,0,0,2,1,C03,7,6,5,50,14,9,1,5,4,5,13,1,1,4,5,5,2,12,1,53,2,9,6,1,7,9,1,10,2,12,,101,,1,21,121.5824586,25.0709979
113,8,7,15,43,2,12內湖區,內湖區瑞光路58號對面,0,0,2,2,C03,7,6,5,50,14,9,1,5,4,5,13,1,1,4,5,5,2,12,2,31,2,9,6,1,7,9,1,10,2,14,,44,,1,21,121.5824586,25.0709979
113,8,7,15,59,2,12內湖區,內湖區康寧路3段與民權東路6段口,0,0,1,1,A02,8,5,5,50,3,1,1,5,4,5,13,3,1,1,4,5,2,9,1,33,3,10,7,1,7,12,1,2,1,15,,44,,1,21,121.606632,25.0727952
113,8,7,15,59,2,12內湖區,內湖區康寧路3段與民權東路6段口,0,0,1,2,H02,8,5,5,50,3,1,1,5,4,5,13,3,1,1,4,5,2,9,2,63,2,7,4,5,7,20,8,20,10,16,,67,,1,21,121.606632,25.0727952
113,8,7,16,19,2,10文山區,文山區木新路3段與木新路3段243巷口,0,0,1,1,C03,8,6,5,30,3,1,1,5,4,5,13,4,4,10,5,5,2,16,1,70,2,8,6,1,7,5,6,10,2,12,,8,,1,21,121.5586326,24.9811859
113,8,7,16,19,2,10文山區,文山區木新路3段與木新路3段243巷口,0,0,1,2,B03,8,6,5,30,3,1,1,5,4,5,13,4,4,10,5,5,2,16,1,62,3,10,7,1,7,9,1,8,2,8,,44,,1,21,121.5586326,24.9811859
113,8,7,16,20,2,08士林區,士林區通河街76巷與承德路4段2巷口,0,0,1,1,C03,7,5,5,30,3,1,1,5,4,5,13,4,4,10,5,5,1,17,2,24,2,9,5,1,7,6,1,10,1,11,,9,,1,21,121.519976,25.0792264
113,8,7,16,20,2,08士林區,士林區通河街76巷與承德路4段2巷口,0,0,1,2,B03,7,5,5,30,3,1,1,5,4,5,13,4,4,10,5,5,1,17,2,54,3,10,7,1,7,9,1,8,1,8,,44,,1,21,121.519976,25.0792264
113,8,7,16,29,2,02萬華區,萬華區華西街125號,0,0,1,1,B12,8,5,5,50,14,9,4,5,4,5,13,4,4,10,5,5,2,11,1,71,3,10,,4,7,9,7,8,11,4,,17,,2,21,121.4984555,25.03881841
113,8,7,16,29,2,02萬華區,萬華區華西街125號,0,0,1,2,C03,8,5,5,50,14,9,4,5,4,5,13,4,4,10,5,5,2,11,1,28,2,8,5,4,7,14,1,10,1,14,,44,,1,21,121.4984555,25.03881841
113,8,7,16,51,2,05中正區,中正區博愛路172-1號,0,0,2,1,B03,8,6,5,50,14,9,1,5,4,5,13,1,1,9,4,5,1,16,1,51,3,10,7,1,7,11,3,18,2,1,,80,,1,22,121.5109915,25.0372883
113,8,7,16,51,2,05中正區,中正區博愛路172-1號,0,0,2,2,C03,8,6,5,50,14,9,1,5,4,5,13,1,1,9,4,5,1,16,2,37,2,9,6,1,7,9,1,10,2,12,,44,,1,22,121.5109915,25.0372883
113,8,7,16,51,2,05中正區,中正區博愛路172-1號,0,0,2,3,H02,8,6,5,50,14,9,1,5,4,5,13,1,1,9,4,5,1,16,1,8,2,9,6,5,7,20,8,20,10,16,,67,,1,22,121.5109915,25.0372883
113,8,7,17,0,2,12內湖區,內湖區民權大橋東向西,0,0,2,1,C03,7,6,5,30,14,11,1,5,4,5,13,4,4,1,4,4,1,13,1,19,2,9,5,1,7,9,1,10,1,11,,16,,1,21,121.5727573,25.064975
113,8,7,17,0,2,12內湖區,內湖區民權大橋東向西,0,0,2,2,C03,7,6,5,30,14,11,1,5,4,5,13,4,4,1,4,4,1,13,1,19,2,9,5,1,7,9,1,10,1,13,,13,,1,21,121.5727573,25.064975
113,8,7,17,5,2,01大同區,大同區重慶北路3段與昌吉街口,0,0,1,1,B03,8,6,5,50,14,9,1,5,4,5,13,4,4,5,5,5,2,17,1,57,3,10,7,1,7,14,1,8,1,2,,38,,1,21,121.5140852,25.0659693
113,8,7,17,5,2,01大同區,大同區重慶北路3段與昌吉街口,0,0,1,2,C03,8,6,5,50,14,9,1,5,4,5,13,4,4,5,5,5,2,17,1,64,2,7,6,1,7,9,1,10,1,14,,44,,1,21,121.5140852,25.0659693
113,8,7,17,5,2,01大同區,大同區重慶北路3段與昌吉街口,0,0,1,3,H02,8,6,5,50,14,9,1,5,4,5,13,4,4,5,5,5,2,17,2,61,3,10,2,5,7,19,8,20,10,16,,126,,1,21,121.5140852,25.0659693
113,8,7,17,39,2,11南港區,南港區南港路3段15號,0,0,1,1,C03,6,7,5,50,3,1,1,4,4,5,13,4,4,5,4,5,2,17,2,30,2,7,5,1,7,1,1,10,1,12,,19,,1,21,121.5916266,25.0540043
113,8,7,17,39,2,11南港區,南港區南港路3段15號,0,0,1,2,B03,6,7,5,50,3,1,1,4,4,5,13,4,4,5,4,5,2,17,1,21,3,10,7,1,7,9,1,8,1,7,,44,,1,21,121.5916266,25.0540043
113,8,7,17,47,2,07信義區,信義區松高路與松勇路口,0,0,1,1,B02,6,5,5,50,4,1,1,4,4,5,13,1,1,5,4,5,1,17,1,39,3,10,7,1,7,5,1,8,1,1,,71,,1,21,121.5698457,25.0391013
113,8,7,17,47,2,07信義區,信義區松高路與松勇路口,0,0,1,2,C03,6,5,5,50,4,1,1,4,4,5,13,1,1,5,4,5,1,17,1,32,2,9,6,1,7,9,1,10,1,14,,44,,1,21,121.5698457,25.0391013
113,8,7,17,56,2,07信義區,信義區松山路與永吉路口口,0,0,1,1,C03,8,6,5,50,4,2,1,5,4,5,13,1,1,3,3,5,2,18,2,65,2,8,6,1,7,9,1,10,1,12,,42,,1,21,121.5777717,25.0454892
113,8,7,17,56,2,07信義區,信義區松山路與永吉路口口,0,0,1,2,,8,6,5,50,4,2,1,5,4,5,13,1,1,3,3,5,2,18,3,0,,,,,,,,,,,,67,,1,,121.5777717,25.0454892
113,8,7,18,0,2,12內湖區,內湖區民權東路6段190巷與民權東路6段口,0,0,1,1,B03,6,7,5,50,3,1,1,4,4,5,13,4,4,1,4,5,2,16,2,62,3,10,7,1,7,6,1,8,1,5,,9,,1,21,121.5943556,25.06873
113,8,7,18,0,2,12內湖區,內湖區民權東路6段190巷與民權東路6段口,0,0,1,2,C03,6,7,5,50,3,1,1,4,4,5,13,4,4,1,4,5,2,16,2,51,2,8,5,1,7,9,1,10,1,14,,44,,1,21,121.5943556,25.06873
113,8,7,18,1,2,12內湖區,內湖區瑞湖街109號與舊宗路2段181巷口,0,0,2,1,C03,6,6,6,50,3,1,1,4,4,5,13,4,4,5,4,5,2,16,1,22,2,9,6,1,7,5,1,10,2,14,,8,,1,26,121.5762318,25.0720591
113,8,7,18,1,2,12內湖區,內湖區瑞湖街109號與舊宗路2段181巷口,0,0,2,2,C03,6,6,6,50,3,1,1,4,4,5,13,4,4,5,4,5,2,16,1,55,2,9,6,1,7,9,1,10,2,12,,108,,1,22,121.5762318,25.0720591
113,8,7,18,3,2,05中正區,中正區汀州路3段與師大路口,0,0,1,1,C03,8,6,5,50,4,1,1,5,4,5,13,1,1,3,4,5,2,17,1,45,2,9,5,1,7,9,6,10,1,11,,107,,1,21,121.52535,25.0208702
113,8,7,18,3,2,05中正區,中正區汀州路3段與師大路口,0,0,1,2,B03,8,6,5,50,4,1,1,5,4,5,13,1,1,3,4,5,2,17,1,55,3,10,7,1,7,6,1,8,1,2,,9,,1,21,121.52535,25.0208702
113,8,7,18,25,2,07信義區,信義區信義路5段11號,0,0,1,1,C03,6,5,5,50,14,9,1,4,4,5,13,1,1,3,4,5,2,12,1,24,2,7,6,4,7,7,1,10,1,12,,44,,1,21,121.5654415,25.0330298