發生年度,發生月,發生日,發生時-Hours,發生分,處理別-編號,區序,肇事地點,死亡人數,2-30日死亡人數,受傷人數,當事人序號,車種,天候,道路照明設備,道路類別,速限-速度限制,道路型態,事故位置,路面狀況1,路面狀況2,路面狀況3,道路障礙1,道路障礙2,號誌1,號誌2,車道劃分-分向,車道劃分-分道1,車道劃分-分道2,車道劃分-分道3,事故類型及型態,性別,年齡,受傷程度,主要傷處,保護裝置,行動電話,車輛用途,當事者行動狀態,駕駛資格情形,駕駛執照種類,飲酒情形,車輛撞擊部位1,車輛撞擊部位2,肇因碼-個別,肇因碼-主要,個人肇逃否,職業,座標-X,座標-Y
113,8,7,18,25,2,07信義區,信義區信義路5段11號,0,0,1,2,C03,6,5,5,50,14,9,1,4,4,5,13,1,1,3,4,5,2,12,1,62,3,10,6,4,7,7,1,10,1,14,,44,,1,21,121.5654415,25.0330298
113,8,7,18,35,2,06松山區,松山區基隆路1段與塔悠路口,0,0,1,1,B01,8,5,6,50,5,2,1,5,4,5,13,1,1,1,4,5,1,13,1,34,3,10,7,1,7,8,1,4,1,1,,108,,1,21,121.5701238,25.0509606
113,8,7,18,35,2,06松山區,松山區基隆路1段與塔悠路口,0,0,1,2,C03,8,5,6,50,5,2,1,5,4,5,13,1,1,1,4,5,1,13,1,59,2,9,6,1,7,9,1,10,1,13,,14,,1,21,121.5701238,25.0509606
113,8,7,19,18,2,05中正區,中正區汀州路3段27巷與羅斯福路3段128巷5弄口,0,0,2,1,C03,8,5,5,30,3,1,1,5,4,5,8,4,4,10,5,5,2,16,1,23,2,9,5,4,7,5,1,10,1,11,,74,,1,21,121.5269497,25.0198178
113,8,7,19,18,2,05中正區,中正區汀州路3段27巷與羅斯福路3段128巷5弄口,0,0,2,2,C03,8,5,5,30,3,1,1,5,4,5,8,4,4,10,5,5,2,16,1,57,2,9,5,4,7,9,1,10,1,11,,14,,1,21,121.5269497,25.0198178
113,8,7,19,18,2,05中正區,中正區汀州路3段27巷與羅斯福路3段128巷5弄口,0,0,2,3,,8,5,5,30,3,1,1,5,4,5,8,4,4,10,5,5,2,16,3,82,,,,,,,,,,,,67,,1,,121.5269497,25.0198178
113,8,7,20,19,2,01大同區,大同區承德路2段235號,0,0,1,1,B03,8,5,5,50,14,9,2,5,4,5,13,4,4,9,4,5,1,17,1,57,3,10,7,4,7,15,1,8,9,17,,119,,2,21,121.5183504,25.0604189
113,8,7,20,19,2,01大同區,大同區承德路2段235號,0,0,1,2,C03,8,5,5,50,14,9,2,5,4,5,13,4,4,9,4,5,1,17,2,32,2,9,3,4,7,9,1,10,1,13,,44,,1,21,121.5183504,25.0604189
113,8,7,20,19,2,01大同區,大同區承德路2段235號,0,0,1,3,C03,8,5,5,50,14,9,2,5,4,5,13,4,4,9,4,5,1,17,1,58,3,10,3,4,7,9,1,10,1,11,,118,,1,21,121.5183504,25.0604189
113,8,7,20,33,2,04大安區,大安區臨江街40巷67號,0,0,1,1,B02,8,5,5,30,14,9,1,5,4,5,13,4,4,10,5,5,2,9,1,72,3,10,3,4,7,9,1,8,2,8,,44,,1,21,121.5551821,25.0283618
113,8,7,20,33,2,04大安區,大安區臨江街40巷67號,0,0,1,2,H01,8,5,5,30,14,9,1,5,4,5,13,4,4,10,5,5,2,9,1,70,2,8,4,5,8,17,8,20,10,16,,67,,1,21,121.5551821,25.0283618
113,8,7,21,30,2,05中正區,中正區忠孝西路1段與忠孝西路1段口往西過館前路公車停靠區,0,0,1,1,A02,7,5,5,50,14,10,1,5,4,5,13,3,1,1,4,5,2,3,1,56,3,10,7,1,7,9,1,2,2,5,,70,,1,21,121.514206,25.04727262
113,8,7,21,30,2,05中正區,中正區忠孝西路1段與忠孝西路1段口往西過館前路公車停靠區,0,0,1,2,H01,7,5,5,50,14,10,1,5,4,5,13,3,1,1,4,5,2,3,2,64,2,9,4,5,8,18,8,20,10,16,,67,,1,21,121.514206,25.04727262
113,8,7,22,15,2,03中山區,中山區中山北路2段與南京西路口,0,0,1,1,C03,8,5,5,50,4,2,1,5,4,5,13,2,1,3,4,5,2,12,2,22,2,9,6,1,7,9,1,10,1,12,,42,,1,21,121.5224483,25.0525038
113,8,7,22,15,2,03中山區,中山區中山北路2段與南京西路口,0,0,1,2,B03,8,5,5,50,4,2,1,5,4,5,13,2,1,3,4,5,2,12,1,28,3,10,7,1,7,9,1,8,1,4,,44,,1,21,121.5224483,25.0525038
113,8,7,22,24,2,06松山區,松山區市民大道4段219號,0,0,1,1,C03,8,5,5,40,14,6,1,5,4,5,13,4,4,1,3,5,2,13,1,19,2,7,5,1,7,7,1,10,1,13,,80,,1,22,121.5532711,25.0444763
113,8,7,22,24,2,06松山區,松山區市民大道4段219號,0,0,1,2,B03,8,5,5,40,14,6,1,5,4,5,13,4,4,1,3,5,2,13,1,50,3,10,3,4,7,9,1,8,1,1,,14,,1,22,121.5532711,25.0444763
113,8,7,23,0,2,10文山區,文山區和平東路4段與和平東路4段381巷口,0,0,2,1,C03,8,5,5,50,3,1,1,5,4,5,13,4,4,10,5,5,2,16,1,51,2,9,6,1,7,5,1,10,2,11,12,8,,1,21,121.5740296,24.99941305
113,8,7,23,0,2,10文山區,文山區和平東路4段與和平東路4段381巷口,0,0,2,2,C03,8,5,5,50,3,1,1,5,4,5,13,4,4,10,5,5,2,16,1,25,2,9,6,1,7,9,1,10,2,11,,14,,1,21,121.5740296,24.99941305
113,8,7,23,10,2,11南港區,南港區中南街123巷6號,0,0,1,1,C03,7,5,5,30,14,9,1,5,4,5,13,4,4,10,5,5,2,16,2,18,2,8,5,1,7,9,1,10,1,12,,107,,1,21,121.6157384,25.0519823
113,8,7,23,10,2,11南港區,南港區中南街123巷6號,0,0,1,2,B03,7,5,5,30,14,9,1,5,4,5,13,4,4,10,5,5,2,16,1,69,3,10,3,1,7,13,1,8,9,5,,38,,1,21,121.6157384,25.0519823
113,8,7,23,10,2,11南港區,南港區中南街123巷6號,0,0,1,3,B03,7,5,5,30,14,9,1,5,4,5,13,4,4,10,5,5,2,16,1,29,3,10,7,1,7,9,1,8,1,6,,44,,1,21,121.6157384,25.0519823
113,8,8,0,40,2,12內湖區,內湖區康寧路3段與安康路口,0,0,1,1,A32,8,5,5,50,4,1,1,5,1,2,13,2,1,5,2,5,2,18,1,47,3,10,7,1,7,15,1,1,1,17,,34,,1,21,121.6108761,25.06505089
113,8,8,0,40,2,12內湖區,內湖區康寧路3段與安康路口,0,0,1,2,C03,8,5,5,50,4,1,1,5,1,2,13,2,1,5,2,5,2,18,1,27,2,9,5,1,7,5,1,10,1,12,,44,,1,21,121.6108761,25.06505089
113,8,8,1,1,2,02萬華區,萬華區和平西路3段與梧州街口,0,0,1,1,F02,7,5,6,50,4,1,1,5,4,5,13,1,1,1,4,5,2,15,2,58,2,9,4,1,7,9,8,20,1,12,,44,,1,21,121.4976558,25.0353525
113,8,8,1,1,2,02萬華區,萬華區和平西路3段與梧州街口,0,0,1,2,B01,7,5,6,50,4,1,1,5,4,5,13,1,1,1,4,5,2,15,1,72,3,10,7,1,7,9,1,8,1,8,,44,,1,21,121.4976558,25.0353525
113,8,8,6,40,2,05中正區,中正區仁愛路2段14巷與杭州南路1段105巷口,0,0,1,1,C01,7,6,5,30,4,1,1,5,4,5,13,4,4,10,5,5,2,15,1,59,2,9,6,1,7,9,1,9,2,14,,14,,1,21,121.5259107,25.0373215
113,8,8,6,40,2,05中正區,中正區仁愛路2段14巷與杭州南路1段105巷口,0,0,1,2,B03,7,6,5,30,4,1,1,5,4,5,13,4,4,10,5,5,2,15,1,56,3,10,7,1,7,9,1,8,2,1,,14,,1,22,121.5259107,25.0373215
113,8,8,6,40,2,05中正區,中正區仁愛路2段14巷與杭州南路1段105巷口,0,0,1,3,,7,6,5,30,4,1,1,5,4,5,13,4,4,10,5,5,2,15,3,67,,,,,,,,,,,,67,,1,,121.5259107,25.0373215
113,8,8,6,54,2,08士林區,士林區延平北路5段163巷口側附近,0,0,2,2,C04,8,7,5,50,14,7,1,5,4,5,13,2,1,1,3,4,2,11,2,27,2,9,5,4,7,9,1,10,1,11,,44,,1,22,121.5102003,25.0826974
113,8,8,6,54,2,08士林區,士林區延平北路5段163巷口側附近,0,0,2,1,C03,8,7,5,50,14,7,1,5,4,5,13,2,1,1,3,4,2,11,2,67,2,9,5,4,7,11,3,18,1,14,,10,,1,22,121.5102003,25.0826974
113,8,8,7,13,2,04大安區,大安區復興南路1段219巷與仁愛路4段27巷口,0,0,2,1,B03,8,6,5,30,4,1,1,5,4,5,13,4,4,10,5,5,2,15,2,31,2,9,3,4,7,9,1,8,2,4,,72,,1,21,121.5451958,25.0390132
113,8,8,7,13,2,04大安區,大安區復興南路1段219巷與仁愛路4段27巷口,0,0,2,2,B03,8,6,5,30,4,1,1,5,4,5,13,4,4,10,5,5,2,15,1,30,2,9,3,4,7,9,1,8,2,1,,14,,1,21,121.5451958,25.0390132
113,8,8,8,20,2,02萬華區,萬華區華江橋往北市機車道,0,0,2,1,C03,8,5,7,40,8,11,1,5,4,5,13,4,4,9,4,4,2,17,1,27,2,8,5,4,7,9,1,10,1,15,,44,,1,22,121.4891822,25.03536514
113,8,8,8,20,2,02萬華區,萬華區華江橋往北市機車道,0,0,2,2,C03,8,5,7,40,8,11,1,5,4,5,13,4,4,9,4,4,2,17,1,42,2,9,6,4,7,9,1,10,1,15,,44,,1,21,121.4891822,25.03536514
113,8,8,8,24,2,04大安區,大安區麗水街與麗水街2巷口,0,0,2,1,B03,8,7,5,30,4,1,1,5,4,5,13,4,4,5,4,5,2,15,1,54,3,10,7,1,7,9,1,8,1,1,,44,,1,21,121.5291413,25.0332381
113,8,8,8,24,2,04大安區,大安區麗水街與麗水街2巷口,0,0,2,2,C03,8,7,5,30,4,1,1,5,4,5,13,4,4,5,4,5,2,15,1,31,2,9,6,1,7,9,1,10,1,12,,44,,1,21,121.5291413,25.0332381
113,8,8,8,24,2,04大安區,大安區麗水街與麗水街2巷口,0,0,2,3,H02,8,7,5,30,4,1,1,5,4,5,13,4,4,5,4,5,2,15,2,30,2,9,6,5,7,21,8,20,10,16,,67,,1,21,121.5291413,25.0332381
113,8,8,8,26,2,02萬華區,萬華區寶興街與寶興街188巷口,0,0,3,1,C03,8,6,5,30,3,1,1,5,4,3,10,4,4,3,4,5,1,17,2,35,2,9,3,4,7,5,1,10,1,11,,74,,1,21,121.4954659,25.0233989
113,8,8,8,26,2,02萬華區,萬華區寶興街與寶興街188巷口,0,0,3,2,C03,8,6,5,30,3,1,1,5,4,3,10,4,4,3,4,5,1,17,1,71,2,9,3,4,7,9,1,10,1,12,,44,,1,21,121.4954659,25.0233989
113,8,8,8,26,2,02萬華區,萬華區寶興街與寶興街188巷口,0,0,3,3,H02,8,6,5,30,3,1,1,5,4,3,10,4,4,3,4,5,1,17,2,66,2,9,3,5,7,20,8,20,10,16,,67,,1,21,121.4954659,25.0233989
113,8,8,8,26,2,02萬華區,萬華區寶興街與寶興街188巷口,0,0,3,4,B03,8,6,5,30,3,1,1,5,4,3,10,4,4,3,4,5,1,17,3,0,,,,,,,,,,,,119,,2,,121.4954659,25.0233989
113,8,8,8,32,2,10文山區,文山區保儀路13巷40號對面(停車場出入口),0,0,1,1,B03,8,6,5,30,14,9,2,5,4,5,13,4,4,10,5,5,2,17,2,44,3,10,3,4,7,6,1,8,1,5,,9,,1,21,121.5698989,24.98849098
113,8,8,8,32,2,10文山區,文山區保儀路13巷40號對面(停車場出入口),0,0,1,2,C03,8,6,5,30,14,9,2,5,4,5,13,4,4,10,5,5,2,17,1,42,2,9,5,4,7,9,1,10,1,14,,13,,1,21,121.5698989,24.98849098
113,8,8,8,48,2,02萬華區,萬華區中華路1段與南寧路口,0,0,2,1,C02,8,6,5,50,5,1,1,5,4,5,13,2,1,1,4,1,2,16,1,18,2,9,6,4,7,6,3,18,1,12,,98,,1,22,121.5063467,25.0367121
113,8,8,8,48,2,02萬華區,萬華區中華路1段與南寧路口,0,0,2,2,C03,8,6,5,50,5,1,1,5,4,5,13,2,1,1,4,1,2,16,1,22,2,9,6,4,7,9,1,10,1,14,,44,,1,22,121.5063467,25.0367121
113,8,8,8,49,2,09北投區,北投區建民路與建民路151巷口,0,0,3,1,C03,8,7,5,30,4,1,1,5,4,5,13,4,4,10,5,5,1,15,1,20,2,9,6,1,7,9,1,10,1,11,,72,,1,22,121.5192838,25.1104313
113,8,8,8,49,2,09北投區,北投區建民路與建民路151巷口,0,0,3,3,H02,8,7,5,30,4,1,1,5,4,5,13,4,4,10,5,5,1,15,2,20,2,9,6,5,7,20,8,20,10,16,,67,,1,22,121.5192838,25.1104313
113,8,8,8,49,2,09北投區,北投區建民路與建民路151巷口,0,0,3,2,C03,8,7,5,30,4,1,1,5,4,5,13,4,4,10,5,5,1,15,2,51,2,9,6,1,7,9,1,10,1,14,,42,,1,22,121.5192838,25.1104313
113,8,8,8,55,2,07信義區,信義區東興路67號,0,0,1,1,B03,8,6,8,50,22,22,1,5,4,5,13,4,4,1,4,5,2,17,1,45,3,10,7,1,7,1,1,8,9,17,,19,,2,22,121.5665802,25.0467934
113,8,8,8,55,2,07信義區,信義區東興路67號,0,0,1,2,C03,8,6,8,50,22,22,1,5,4,5,13,4,4,1,4,5,2,17,1,67,3,10,6,1,7,9,1,10,1,12,,16,,1,22,121.5665802,25.0467934
113,8,8,8,55,2,07信義區,信義區東興路67號,0,0,1,3,C03,8,6,8,50,22,22,1,5,4,5,13,4,4,1,4,5,2,17,2,27,3,10,6,1,7,9,1,10,1,14,,44,,1,22,121.5665802,25.0467934
113,8,8,8,55,2,07信義區,信義區東興路67號,0,0,1,4,C03,8,6,8,50,22,22,1,5,4,5,13,4,4,1,4,5,2,17,2,51,3,10,6,1,7,9,1,10,1,17,,44,,1,22,121.5665802,25.0467934
113,8,8,8,55,2,07信義區,信義區東興路67號,0,0,1,5,H02,8,6,8,50,22,22,1,5,4,5,13,4,4,1,4,5,2,17,2,27,2,8,6,5,7,19,8,20,10,16,,44,,1,22,121.5665802,25.0467934
113,8,8,9,0,2,05中正區,中正區中山南路與愛國東路口,0,0,2,1,C03,8,6,5,50,14,9,1,5,4,5,13,4,4,1,4,5,2,12,2,62,2,9,6,1,7,7,1,10,2,12,,100,,1,22,121.5167652,25.0354243
113,8,8,9,0,2,05中正區,中正區中山南路與愛國東路口,0,0,2,2,C03,8,6,5,50,14,9,1,5,4,5,13,4,4,1,4,5,2,12,1,39,2,8,6,1,7,9,1,10,2,14,,44,,1,22,121.5167652,25.0354243
113,8,8,9,18,2,02萬華區,萬華區艋舺大道78號,0,0,1,1,B03,8,6,5,50,14,9,1,5,4,5,13,4,4,1,4,5,2,12,1,37,3,10,7,1,7,9,1,8,1,2,,118,,1,21,121.5034636,25.0334931
113,8,8,9,18,2,02萬華區,萬華區艋舺大道78號,0,0,1,2,C03,8,6,5,50,14,9,1,5,4,5,13,4,4,1,4,5,2,12,2,38,2,8,6,1,7,9,1,10,1,14,,118,,1,21,121.5034636,25.0334931
113,8,8,9,19,2,10文山區,文山區木柵路1段79巷與木柵路1段口,0,0,2,1,C03,8,5,5,50,3,1,1,5,4,5,13,4,4,5,4,5,1,17,1,64,2,9,5,1,7,4,1,10,9,11,,94,,2,21,121.5466395,24.9868689
113,8,8,9,19,2,10文山區,文山區木柵路1段79巷與木柵路1段口,0,0,2,2,C03,8,5,5,50,3,1,1,5,4,5,13,4,4,5,4,5,1,17,2,58,2,9,5,1,7,9,1,10,1,12,,44,,1,21,121.5466395,24.9868689
113,8,8,9,21,2,03中山區,中山區民生東路2段159巷與松江路221巷口,0,0,1,1,B03,8,6,5,30,3,1,1,5,4,5,13,4,4,10,5,5,2,16,1,32,3,10,7,1,7,6,1,8,1,2,,9,,1,21,121.5360049,25.05834033
113,8,8,9,21,2,03中山區,中山區民生東路2段159巷與松江路221巷口,0,0,1,2,C03,8,6,5,30,3,1,1,5,4,5,13,4,4,10,5,5,2,16,1,32,2,9,5,1,7,9,1,10,1,14,,108,,1,21,121.5360049,25.05834033
113,8,8,9,22,2,02萬華區,萬華區永福街與貴陽街2段96巷口,0,0,2,1,C03,8,7,5,30,4,1,1,5,4,5,13,4,4,10,5,5,2,15,1,54,2,7,5,1,7,9,1,10,1,14,,72,,1,21,121.5030305,25.0387441
113,8,8,9,22,2,02萬華區,萬華區永福街與貴陽街2段96巷口,0,0,2,2,C03,8,7,5,30,4,1,1,5,4,5,13,4,4,10,5,5,2,15,1,21,2,9,5,1,7,15,1,9,1,11,,14,,1,21,121.5030305,25.0387441
113,8,8,9,27,2,03中山區,中山區北安路608巷4弄與北安路608巷4弄口,0,0,1,1,B03,7,7,8,30,3,1,1,5,4,5,13,4,4,10,5,5,2,16,1,23,3,10,7,1,7,5,1,8,1,1,,72,,1,22,121.5183568,25.04847309
113,8,8,9,27,2,03中山區,中山區北安路608巷4弄與北安路608巷4弄口,0,0,1,2,C03,7,7,8,30,3,1,1,5,4,5,13,4,4,10,5,5,2,16,1,32,2,9,5,1,7,9,1,10,1,11,,13,,1,22,121.5183568,25.04847309
113,8,8,10,6,2,01大同區,大同區忠孝西路1段與塔城街口,0,0,2,1,C03,8,6,5,50,4,1,1,5,4,5,13,2,1,1,4,5,2,16,1,43,4,11,3,4,7,21,7,19,11,15,,119,,2,21,121.5101841,25.0483492
113,8,8,10,6,2,01大同區,大同區忠孝西路1段與塔城街口,0,0,2,2,C03,8,6,5,50,4,1,1,5,4,5,13,2,1,1,4,5,2,16,1,34,2,9,3,4,7,9,1,10,1,11,,118,,1,21,121.5101841,25.0483492
113,8,8,10,6,2,01大同區,大同區忠孝西路1段與塔城街口,0,0,2,3,H02,8,6,5,50,4,1,1,5,4,5,13,2,1,1,4,5,2,16,2,30,2,8,3,5,7,20,8,20,10,16,,67,,1,21,121.5101841,25.0483492
113,8,8,10,7,2,06松山區,松山區塔悠路與撫遠街口,0,0,1,1,B03,8,5,5,50,3,1,1,5,4,5,13,2,1,1,4,4,2,16,1,50,3,10,7,1,7,6,1,8,1,5,,9,,1,21,121.5682017,25.0682671
113,8,8,10,7,2,06松山區,松山區塔悠路與撫遠街口,0,0,1,2,C03,8,5,5,50,3,1,1,5,4,5,13,2,1,1,4,4,2,16,2,24,2,9,5,1,7,9,1,10,1,14,,13,,1,21,121.5682017,25.0682671
113,8,8,10,57,2,05中正區,中正區福和橋(往新北市方向),0,0,1,1,A12,6,6,5,50,8,7,1,4,4,5,13,4,4,2,4,4,1,13,1,42,2,7,7,1,7,9,1,7,2,5,,13,,1,21,121.5196369,25.0308313
113,8,8,10,57,2,05中正區,中正區福和橋(往新北市方向),0,0,1,2,A02,6,6,5,50,8,7,1,4,4,5,13,4,4,2,4,4,1,13,1,54,3,10,7,1,7,14,1,2,2,7,,44,,1,21,121.5196369,25.0308313
113,8,8,11,3,2,06松山區,松山區復興北路313巷5號,0,0,1,1,H01,8,6,5,30,14,9,1,5,4,5,13,4,4,10,5,5,2,2,2,80,2,9,4,5,8,16,8,20,10,16,,121,,1,21,121.5449922,25.0589634
113,8,8,11,3,2,06松山區,松山區復興北路313巷5號,0,0,1,2,C03,8,6,5,30,14,9,1,5,4,5,13,4,4,10,5,5,2,2,1,70,3,10,6,1,7,9,1,10,2,11,,16,,1,21,121.5449922,25.0589634
113,8,8,11,18,2,10文山區,文山區指南路2段與指南路2段147巷口,0,0,1,1,B12,7,6,5,50,14,9,2,5,4,5,13,2,1,5,5,5,2,17,1,60,3,10,3,4,7,1,1,8,2,17,,10,,1,21,121.5771878,24.9873655
113,8,8,11,18,2,10文山區,文山區指南路2段與指南路2段147巷口,0,0,1,2,C03,7,6,5,50,14,9,2,5,4,5,13,2,1,5,5,5,2,17,1,56,2,9,3,4,7,9,1,10,2,14,,44,,1,21,121.5771878,24.9873655
113,8,8,11,25,2,07信義區,信義區逸仙路50巷與忠孝東路4段554巷口口,0,0,2,1,C03,8,6,5,30,4,1,1,5,4,5,10,4,4,10,5,5,2,16,1,56,2,9,5,1,7,9,1,10,2,14,11,72,,1,21,121.5633783,25.0405961
113,8,8,11,25,2,07信義區,信義區逸仙路50巷與忠孝東路4段554巷口口,0,0,2,2,C03,8,6,5,30,4,1,1,5,4,5,10,4,4,10,5,5,2,16,1,54,2,9,5,4,7,9,1,10,9,11,14,14,,1,21,121.5633783,25.0405961
113,8,8,11,25,2,07信義區,信義區逸仙路50巷與忠孝東路4段554巷口口,0,0,2,3,B02,8,6,5,30,4,1,1,5,4,5,10,4,4,10,5,5,2,16,1,38,3,10,3,4,7,14,1,8,9,17,,99,,1,21,121.5633783,25.0405961
113,8,8,12,9,2,07信義區,信義區信義路4段與基隆路1段口,0,0,1,1,C03,7,5,5,50,4,2,1,5,4,5,13,2,1,1,4,5,2,13,1,23,2,9,6,1,7,9,1,10,1,11,,76,,1,22,121.5591459,25.0331534
113,8,8,12,9,2,07信義區,信義區信義路4段與基隆路1段口,0,0,1,2,B03,7,5,5,50,4,2,1,5,4,5,13,2,1,1,4,5,2,13,2,47,3,10,7,1,7,9,1,8,1,3,,103,,1,22,121.5591459,25.0331534
113,8,8,12,10,2,03中山區,中山區建國北路2段與長春路口,0,0,1,1,B01,8,6,5,50,4,1,1,5,4,5,13,1,1,5,4,4,2,13,1,65,3,10,3,4,7,14,1,4,1,8,,108,,1,22,121.5370927,25.0547495
113,8,8,12,10,2,03中山區,中山區建國北路2段與長春路口,0,0,1,2,C03,8,6,5,50,4,1,1,5,4,5,13,1,1,5,4,4,2,13,1,62,2,9,6,1,7,14,3,18,1,13,,44,,1,22,121.5370927,25.0547495
113,8,8,12,27,2,02萬華區,萬華區環河南路1段與洛陽停車場口出口,0,0,1,1,B03,7,6,5,50,3,1,1,5,4,5,13,4,4,5,5,5,2,16,1,56,3,10,7,1,7,11,1,8,1,4,,10,,1,26,121.5059018,25.04856449
113,8,8,12,27,2,02萬華區,萬華區環河南路1段與洛陽停車場口出口,0,0,1,2,C03,7,6,5,50,3,1,1,5,4,5,13,4,4,5,5,5,2,16,1,45,2,9,6,1,7,9,1,10,1,11,,13,,1,26,121.5059018,25.04856449
113,8,8,12,27,2,03中山區,中山區樂群三路303號對面,0,0,1,1,B03,7,7,5,50,14,9,1,5,4,5,13,4,4,9,4,5,2,16,1,32,3,10,3,4,7,6,1,7,1,6,,80,,1,21,121.5599006,25.08259415
113,8,8,12,27,2,03中山區,中山區樂群三路303號對面,0,0,1,2,C03,7,7,5,50,14,9,1,5,4,5,13,4,4,9,4,5,2,16,1,42,2,9,5,4,7,9,1,10,1,14,,44,,1,21,121.5599006,25.08259415
113,8,8,12,30,2,03中山區,中山區中山北路2段137巷9號,0,0,1,1,B01,7,7,8,30,14,9,1,5,4,5,13,4,4,10,5,5,2,17,1,63,3,10,7,1,7,14,1,4,1,2,,38,,1,22,121.5234383,25.06165122
113,8,8,12,30,2,03中山區,中山區中山北路2段137巷9號,0,0,1,2,C03,7,7,8,30,14,9,1,5,4,5,13,4,4,10,5,5,2,17,2,35,2,9,5,1,7,9,1,10,1,11,,44,,1,22,121.5234383,25.06165122
113,8,8,12,30,2,03中山區,中山區中山北路2段137巷9號,0,0,1,3,H02,7,7,8,30,14,9,1,5,4,5,13,4,4,10,5,5,2,17,2,46,3,10,4,5,7,19,8,20,10,16,,56,,1,22,121.5234383,25.06165122
113,8,8,12,31,2,03中山區,中山區朱崙街與南京東路3段216巷口,0,0,2,1,C03,8,7,5,50,4,1,1,5,4,5,13,4,4,9,4,5,2,3,1,19,2,7,6,1,7,9,1,10,1,12,,108,,1,21,121.5434489,25.0499531
113,8,8,12,31,2,03中山區,中山區朱崙街與南京東路3段216巷口,0,0,2,2,H01,8,7,5,50,4,1,1,5,4,5,13,4,4,9,4,5,2,3,2,70,2,9,4,5,8,16,8,20,10,16,,121,,1,21,121.5434489,25.0499531
113,8,8,12,35,2,05中正區,中正區臨沂街27巷與臨沂街口,0,0,1,1,C03,8,6,5,30,4,1,1,5,4,1,11,4,4,10,5,5,2,17,1,32,2,9,6,4,7,9,1,10,2,11,12,14,,1,22,121.5302506,25.0411539
113,8,8,12,35,2,05中正區,中正區臨沂街27巷與臨沂街口,0,0,1,2,B01,8,6,5,30,4,1,1,5,4,1,11,4,4,10,5,5,2,17,1,57,3,10,7,4,7,9,1,4,2,4,,44,,1,21,121.5302506,25.0411539
113,8,8,12,38,2,07信義區,信義區莊敬路239巷與莊敬路239巷1弄口,0,0,1,1,B01,8,6,5,30,4,1,1,5,4,5,13,4,4,5,5,5,2,15,1,58,3,10,3,4,7,9,1,4,1,1,,14,,1,21,121.5626564,25.0298204
113,8,8,12,38,2,07信義區,信義區莊敬路239巷與莊敬路239巷1弄口,0,0,1,2,C03,8,6,5,30,4,1,1,5,4,5,13,4,4,5,5,5,2,15,1,38,2,9,3,4,7,9,1,9,1,12,,75,,1,21,121.5626564,25.0298204
113,8,8,12,47,2,03中山區,中山區林森北路259巷與林森北路口,0,0,1,1,B03,7,6,5,30,4,1,1,5,4,5,13,2,1,4,5,5,1,17,2,33,3,10,3,4,7,9,1,8,11,17,,85,,2,21,121.5210711,25.05020905
113,8,8,12,47,2,03中山區,中山區林森北路259巷與林森北路口,0,0,1,2,C03,7,6,5,30,4,1,1,5,4,5,13,2,1,4,5,5,1,17,1,68,2,9,3,4,7,9,1,10,1,12,,44,,1,21,121.5210711,25.05020905
113,8,8,12,47,2,12內湖區,內湖區港墘路與港墘路221巷口,0,0,1,1,B02,8,5,5,50,3,1,1,5,4,5,13,4,4,1,4,5,2,16,1,25,3,10,7,1,7,6,1,8,1,5,,80,,1,21,121.5735709,25.0749994
113,8,8,12,47,2,12內湖區,內湖區港墘路與港墘路221巷口,0,0,1,2,C03,8,5,5,50,3,1,1,5,4,5,13,4,4,1,4,5,2,16,1,22,2,7,6,1,7,9,1,10,1,14,,44,,1,21,121.5735709,25.0749994
113,8,8,12,48,2,12內湖區,內湖區安康路與安康路32巷口,0,0,1,1,A42,7,6,5,50,3,1,1,5,4,5,13,1,1,4,3,5,1,17,1,56,3,10,7,1,7,9,1,5,9,17,,30,,1,21,121.5947456,25.0626455
113,8,8,12,48,2,12內湖區,內湖區安康路與安康路32巷口,0,0,1,2,C03,7,6,5,50,3,1,1,5,4,5,13,1,1,4,3,5,1,17,2,26,2,9,6,1,7,9,1,10,2,14,,44,,1,21,121.5947456,25.0626455
113,8,8,13,11,2,08士林區,士林區承德路4段292巷與大南路口,0,0,1,1,A12,8,6,5,30,4,1,1,5,4,5,13,2,1,10,5,5,1,1,1,51,3,10,7,1,7,1,1,7,2,8,,70,,1,21,121.5191316,25.0886931
113,8,8,13,11,2,08士林區,士林區承德路4段292巷與大南路口,0,0,1,2,H01,8,6,5,30,4,1,1,5,4,5,13,2,1,10,5,5,1,1,2,28,2,9,4,5,8,16,8,20,10,16,,67,,1,21,121.5191316,25.0886931
113,8,8,13,20,2,09北投區,北投區光明路與公館路口,0,0,1,1,C02,8,7,5,50,5,1,1,5,4,5,13,3,1,5,5,5,2,13,1,60,3,10,5,1,7,9,1,10,2,11,,16,,1,22,121.5020326,25.13362104
113,8,8,13,20,2,09北投區,北投區光明路與公館路口,0,0,1,2,C03,8,7,5,50,5,1,1,5,4,5,13,3,1,5,5,5,2,13,1,54,2,5,5,1,7,9,1,9,2,13,,44,,1,23,121.5020326,25.13362104
113,8,8,13,59,2,11南港區,南港區忠孝東路7段與研究院路1段口口,0,0,1,1,B01,8,6,5,50,3,1,1,5,4,5,13,2,1,3,4,5,2,16,1,44,3,10,7,1,7,11,1,4,1,2,,71,,1,21,121.6164089,25.0533471
113,8,8,13,59,2,11南港區,南港區忠孝東路7段與研究院路1段口口,0,0,1,2,C03,8,6,5,50,3,1,1,5,4,5,13,2,1,3,4,5,2,16,2,48,2,9,6,1,7,9,1,10,1,11,,81,,1,21,121.6164089,25.0533471
113,8,8,14,11,2,09北投區,北投區中央北路3段與中央北路3段102巷口,0,0,1,1,C03,8,6,5,50,3,1,1,5,4,5,13,1,1,8,4,5,2,13,2,20,2,9,5,1,7,9,1,10,1,11,,107,,1,21,121.4841595,25.1377329