發生年度,發生月,發生日,發生時-Hours,發生分,處理別-編號,區序,肇事地點,死亡人數,2-30日死亡人數,受傷人數,當事人序號,車種,天候,道路照明設備,道路類別,速限-速度限制,道路型態,事故位置,路面狀況1,路面狀況2,路面狀況3,道路障礙1,道路障礙2,號誌1,號誌2,車道劃分-分向,車道劃分-分道1,車道劃分-分道2,車道劃分-分道3,事故類型及型態,性別,年齡,受傷程度,主要傷處,保護裝置,行動電話,車輛用途,當事者行動狀態,駕駛資格情形,駕駛執照種類,飲酒情形,車輛撞擊部位1,車輛撞擊部位2,肇因碼-個別,肇因碼-主要,個人肇逃否,職業,座標-X,座標-Y
113,8,8,14,11,2,09北投區,北投區中央北路3段與中央北路3段102巷口,0,0,1,2,B03,8,6,5,50,3,1,1,5,4,5,13,1,1,8,4,5,2,13,1,60,3,10,7,1,7,14,1,8,1,3,,44,,1,21,121.4841595,25.1377329
113,8,8,14,50,2,08士林區,士林區中正路與中正路212巷口,0,0,1,1,B03,8,6,5,50,4,2,1,5,4,5,13,2,1,1,4,5,1,12,1,44,3,10,7,1,7,11,1,8,2,8,,80,,1,21,121.5262645,25.09540675
113,8,8,14,50,2,08士林區,士林區中正路與中正路212巷口,0,0,1,2,C03,8,6,5,50,4,2,1,5,4,5,13,2,1,1,4,5,1,12,1,19,2,9,5,1,7,9,1,10,2,12,,13,,1,21,121.5262645,25.09540675
113,8,8,15,20,2,07信義區,信義區信義路5段95號,0,0,1,1,C03,6,6,5,50,14,9,1,4,4,5,13,3,1,1,4,5,2,13,1,23,2,9,6,1,7,9,1,10,1,11,,14,,1,22,121.5719719,25.0328799
113,8,8,15,20,2,07信義區,信義區信義路5段95號,0,0,1,2,B01,6,6,5,50,14,9,1,4,4,5,13,3,1,1,4,5,2,13,1,66,3,10,3,4,7,14,1,4,1,3,,14,,1,21,121.5719719,25.0328799
113,8,8,15,38,2,02萬華區,萬華區洛陽街51號,0,0,2,1,C03,6,7,5,30,14,9,1,4,4,3,10,4,4,8,3,5,2,16,1,45,2,9,5,1,7,11,1,10,1,12,,11,,1,21,121.5078353,25.0474393
113,8,8,15,38,2,02萬華區,萬華區洛陽街51號,0,0,2,2,B03,6,7,5,30,14,9,1,4,4,3,10,4,4,8,3,5,2,16,1,20,3,10,7,1,7,9,1,8,1,8,,44,,1,21,121.5078353,25.0474393
113,8,8,15,38,2,02萬華區,萬華區洛陽街51號,0,0,2,3,H02,6,7,5,30,14,9,1,4,4,3,10,4,4,8,3,5,2,16,2,47,2,9,5,5,7,17,8,20,10,16,,67,,1,21,121.5078353,25.0474393
113,8,8,15,38,2,02萬華區,萬華區洛陽街51號,0,0,2,4,B02,6,7,5,30,14,9,1,4,4,3,10,4,4,8,3,5,2,16,4,0,4,11,3,4,7,21,7,19,11,15,,42,,2,22,121.5078353,25.0474393
113,8,8,15,41,2,01大同區,大同區民權西路與延平北路3段口,0,0,1,1,B03,6,6,5,50,14,11,1,4,4,5,13,4,4,10,3,5,1,17,2,33,4,11,3,4,7,,7,,11,,,99,,2,,121.5109897,25.06306
113,8,8,15,41,2,01大同區,大同區民權西路與延平北路3段口,0,0,1,2,C03,6,6,5,50,14,11,1,4,4,5,13,4,4,10,3,5,1,17,1,20,2,9,6,1,7,9,1,10,1,17,,44,,1,21,121.5109897,25.06306
113,8,8,15,45,2,01大同區,大同區鄭州路與西寧北路口,0,0,2,2,C03,6,6,5,40,4,1,1,4,4,5,13,2,1,1,4,5,2,17,2,48,2,8,5,4,7,5,1,10,1,12,,17,,1,21,121.5089084,25.0504901
113,8,8,15,45,2,01大同區,大同區鄭州路與西寧北路口,0,0,2,1,C03,6,6,5,40,4,1,1,4,4,5,13,2,1,1,4,5,2,17,1,23,2,8,5,4,7,5,1,10,1,14,,17,,1,21,121.5089084,25.0504901
113,8,8,15,46,2,02萬華區,萬華區堤外便道與堤外便道口貴陽疏散門,0,0,2,1,C03,7,7,7,40,4,2,1,5,4,5,13,1,1,1,4,5,2,13,1,69,4,11,3,4,7,9,7,19,9,11,,108,,2,21,121.4991402,25.0415617
113,8,8,15,46,2,02萬華區,萬華區堤外便道與堤外便道口貴陽疏散門,0,0,2,2,C03,7,7,7,40,4,2,1,5,4,5,13,1,1,1,4,5,2,13,1,35,2,9,5,1,7,12,1,10,1,14,,42,,1,21,121.4991402,25.0415617
113,8,8,15,46,2,02萬華區,萬華區堤外便道與堤外便道口貴陽疏散門,0,0,2,3,C03,7,7,7,40,4,2,1,5,4,5,13,1,1,1,4,5,2,13,1,49,2,9,5,1,7,12,1,10,1,14,,44,,1,21,121.4991402,25.0415617
113,8,8,15,52,2,10文山區,文山區景美街1-10號,0,0,1,1,B03,8,6,5,30,14,9,1,5,4,5,13,4,4,10,5,5,2,2,1,77,3,10,7,1,7,9,1,8,2,5,,108,,1,21,121.5416553,24.99388169
113,8,8,15,52,2,10文山區,文山區景美街1-10號,0,0,1,2,H01,8,6,5,30,14,9,1,5,4,5,13,4,4,10,5,5,2,2,2,51,2,9,4,5,8,16,8,20,10,16,,67,,1,21,121.5416553,24.99388169
113,8,8,15,55,2,09北投區,北投區東華街1段與東陽街口,0,0,1,1,B03,8,6,5,50,4,1,1,5,4,5,13,1,1,10,5,5,2,16,1,62,3,10,7,1,7,5,1,8,1,5,,8,,1,21,121.517482,25.1122481
113,8,8,15,55,2,09北投區,北投區東華街1段與東陽街口,0,0,1,2,C03,8,6,5,50,4,1,1,5,4,5,13,1,1,10,5,5,2,16,2,60,2,9,5,1,7,9,1,10,1,12,,44,,1,21,121.517482,25.1122481
113,8,8,16,4,2,09北投區,北投區大業路246號停車格,0,0,1,1,B03,8,5,5,60,14,9,2,5,4,5,13,4,4,1,4,5,2,17,2,18,3,10,7,1,7,8,1,8,1,6,,80,,1,21,121.4961756,25.1306018
113,8,8,16,4,2,09北投區,北投區大業路246號停車格,0,0,1,2,C03,8,5,5,60,14,9,2,5,4,5,13,4,4,1,4,5,2,17,1,23,2,9,5,1,7,9,1,10,1,14,,44,,1,21,121.4961756,25.1306018
113,8,8,16,14,2,03中山區,中山區松江路357巷1號,0,0,1,1,B01,6,7,5,30,14,9,1,4,4,5,13,4,4,10,5,5,2,2,1,28,3,10,7,1,7,9,1,4,1,2,,16,,1,22,121.5183568,25.04847309
113,8,8,16,14,2,03中山區,中山區松江路357巷1號,0,0,1,2,H01,6,7,5,30,14,9,1,4,4,5,13,4,4,10,5,5,2,2,2,73,2,9,4,5,8,16,8,20,10,16,,67,,1,22,121.5183568,25.04847309
113,8,8,16,19,2,05中正區,中正區博愛路與愛國西路口口,0,0,1,1,B01,8,5,5,50,4,1,1,5,4,5,13,2,1,1,4,1,1,16,1,61,3,10,7,1,7,5,1,4,1,5,,85,,1,21,121.510844,25.0359462
113,8,8,16,19,2,05中正區,中正區博愛路與愛國西路口口,0,0,1,2,C03,8,5,5,50,4,1,1,5,4,5,13,2,1,1,4,1,1,16,1,23,2,9,6,1,7,9,1,10,1,14,,44,,1,21,121.510844,25.0359462
113,8,8,16,24,2,02萬華區,萬華區環河南路1段與成都路口,0,0,2,1,C03,7,7,5,50,3,1,1,4,4,5,13,3,1,9,4,5,2,13,1,32,2,9,5,1,7,9,1,10,1,11,,16,,1,22,121.5008095,25.0440124
113,8,8,16,24,2,02萬華區,萬華區環河南路1段與成都路口,0,0,2,2,C03,7,7,5,50,3,1,1,4,4,5,13,3,1,9,4,5,2,13,1,62,2,9,5,1,7,5,1,10,1,13,,44,,1,22,121.5008095,25.0440124
113,8,8,16,27,2,10文山區,文山區興隆路3段與興隆路3段192巷口口,0,0,1,1,B03,8,6,5,50,5,2,1,5,4,5,13,2,1,1,4,5,2,16,1,44,3,10,2,1,7,6,1,8,2,5,,44,,1,21,121.5588915,24.9981292
113,8,8,16,27,2,10文山區,文山區興隆路3段與興隆路3段192巷口口,0,0,1,2,C03,8,6,5,50,5,2,1,5,4,5,13,2,1,1,4,5,2,16,1,19,2,9,6,1,7,6,1,10,2,14,,17,,1,25,121.5588915,24.9981292
113,8,8,16,56,2,10文山區,文山區萬美街2段21巷內,0,0,1,1,C03,8,6,5,50,12,9,1,5,4,5,13,4,4,5,5,5,1,10,2,49,2,9,5,1,7,9,1,10,1,11,,42,,1,21,121.5612883,25.0020525
113,8,8,16,56,2,10文山區,文山區萬美街2段21巷內,0,0,1,2,B03,8,6,5,50,12,9,1,5,4,5,13,4,4,5,5,5,1,10,1,63,3,10,7,1,7,9,1,8,1,7,,44,,1,21,121.5612883,25.0020525
113,8,8,17,2,2,09北投區,北投區承德路7段與石牌路1段口,0,0,1,1,C03,8,7,5,40,4,2,1,5,4,5,13,2,1,1,4,4,2,17,2,48,2,9,6,1,7,9,1,10,1,11,,42,,1,22,121.5091987,25.1127299
113,8,8,17,2,2,09北投區,北投區承德路7段與石牌路1段口,0,0,1,2,C03,8,7,5,40,4,2,1,5,4,5,13,2,1,1,4,4,2,17,1,32,3,10,6,1,7,15,1,10,9,12,,44,,1,22,121.5091987,25.1127299
113,8,8,17,11,2,01大同區,大同區台北橋機慢車道(東向西，環河北路匝道）,0,0,4,1,C03,8,6,7,50,14,11,1,4,4,5,13,4,4,8,3,5,1,13,1,37,2,9,3,4,7,9,6,10,2,11,,16,,1,21,121.508323,25.06362707
113,8,8,17,11,2,01大同區,大同區台北橋機慢車道(東向西，環河北路匝道）,0,0,4,2,C03,8,6,7,50,14,11,1,4,4,5,13,4,4,8,3,5,1,13,1,48,2,9,3,4,7,9,1,10,2,13,,44,,1,21,121.508323,25.06362707
113,8,8,17,11,2,01大同區,大同區台北橋機慢車道(東向西，環河北路匝道）,0,0,4,3,H02,8,6,7,50,14,11,1,4,4,5,13,4,4,8,3,5,1,13,1,31,2,9,3,5,7,20,8,20,10,16,,67,,1,21,121.508323,25.06362707
113,8,8,17,11,2,01大同區,大同區台北橋機慢車道(東向西，環河北路匝道）,0,0,4,4,H02,8,6,7,50,14,11,1,4,4,5,13,4,4,8,3,5,1,13,2,60,2,9,3,5,7,20,8,20,10,16,,67,,1,21,121.508323,25.06362707
113,8,8,17,11,2,01大同區,大同區南京西路262巷26號,0,0,1,1,C03,8,7,5,30,14,9,1,5,4,5,13,4,4,10,5,5,2,17,1,68,2,9,5,4,7,15,1,10,1,17,,12,,1,21,121.5152795,25.0530278
113,8,8,17,11,2,01大同區,大同區南京西路262巷26號,0,0,1,2,B03,8,7,5,30,14,9,1,5,4,5,13,4,4,10,5,5,2,17,1,50,3,10,3,4,7,9,1,8,1,4,,44,,1,21,121.5152795,25.0530278
113,8,8,17,15,2,10文山區,文山區木新路3段172巷與忠順街1段26巷27弄口,0,0,1,1,B03,8,7,5,30,4,1,1,5,4,5,13,4,4,10,5,5,2,15,2,61,3,10,7,1,7,9,1,8,2,1,,72,,1,21,121.5605946,24.9822398
113,8,8,17,15,2,10文山區,文山區木新路3段172巷與忠順街1段26巷27弄口,0,0,1,2,C03,8,7,5,30,4,1,1,5,4,5,13,4,4,10,5,5,2,15,1,30,2,9,5,1,7,9,1,10,2,12,,108,,1,21,121.5605946,24.9822398
113,8,8,17,55,2,09北投區,北投區文林北路94巷與明德路18巷口,0,0,1,1,C03,7,5,5,30,4,1,1,5,4,5,13,4,4,10,5,5,2,15,1,35,2,9,5,1,7,9,1,8,2,12,,75,,1,21,121.5182338,25.1062344
113,8,8,17,55,2,09北投區,北投區文林北路94巷與明德路18巷口,0,0,1,2,B03,7,5,5,30,4,1,1,5,4,5,13,4,4,10,5,5,2,15,1,50,3,10,7,1,7,9,1,8,2,1,,44,,1,21,121.5182338,25.1062344
113,8,8,18,10,2,12內湖區,內湖區基湖路10巷與堤頂大道2段407巷口,0,0,1,1,C03,8,7,5,50,3,1,1,5,4,5,13,4,4,5,4,5,2,16,2,46,2,9,5,1,7,5,1,11,2,12,,72,,1,21,121.5644263,25.0818596
113,8,8,18,10,2,12內湖區,內湖區基湖路10巷與堤頂大道2段407巷口,0,0,1,2,B01,8,7,5,50,3,1,1,5,4,5,13,4,4,5,4,5,2,16,1,56,3,10,7,1,7,9,1,2,2,8,,14,,1,21,121.5644263,25.0818596
113,8,8,18,15,2,07信義區,信義區松隆路109號,0,0,1,1,B02,8,5,5,50,14,9,1,5,4,5,13,4,4,3,3,5,2,12,1,21,3,10,3,4,7,7,1,8,1,5,,114,,1,21,121.5710636,25.0463069
113,8,8,18,15,2,07信義區,信義區松隆路109號,0,0,1,2,C03,8,5,5,50,14,9,1,5,4,5,13,4,4,3,3,5,2,12,1,67,2,9,5,4,7,9,1,10,1,14,,44,,1,21,121.5710636,25.0463069
113,8,8,18,25,2,03中山區,中山區長安東路1段18號,0,0,2,1,C03,8,6,5,50,14,9,1,5,4,5,13,4,4,5,4,5,2,16,1,47,2,9,6,1,7,11,1,10,1,14,,10,,1,22,121.5236347,25.0493592
113,8,8,18,25,2,03中山區,中山區長安東路1段18號,0,0,2,2,C03,8,6,5,50,14,9,1,5,4,5,13,4,4,5,4,5,2,16,1,47,2,9,6,1,7,9,1,10,1,11,,44,,1,22,121.5236347,25.0493592
113,8,8,18,25,2,05中正區,中正區和平西路1段與重慶南路3段口,0,0,1,1,B03,7,5,5,50,4,2,1,5,4,5,13,2,1,1,3,5,1,12,2,34,3,10,7,1,7,9,1,8,1,5,,17,,1,21,121.516409,25.027259
113,8,8,18,25,2,05中正區,中正區和平西路1段與重慶南路3段口,0,0,1,2,C03,7,5,5,50,4,2,1,5,4,5,13,2,1,1,3,5,1,12,2,63,2,9,6,1,7,9,1,10,1,14,,44,,1,21,121.516409,25.027259
113,8,8,18,35,2,12內湖區,內湖區文德路208巷與文德路208巷58弄口口,0,0,1,1,B03,8,5,5,50,3,1,1,5,4,5,13,2,1,5,4,5,2,16,1,32,3,10,7,1,7,5,1,8,1,8,,80,,1,21,121.5835899,25.0763981
113,8,8,18,35,2,12內湖區,內湖區文德路208巷與文德路208巷58弄口口,0,0,1,2,C03,8,5,5,50,3,1,1,5,4,5,13,2,1,5,4,5,2,16,2,32,2,9,5,1,7,9,1,10,1,12,,44,,1,21,121.5835899,25.0763981
113,8,8,18,40,2,05中正區,中正區貴陽街1段與懷寧街口,0,0,1,1,C03,8,5,5,50,3,1,1,5,4,5,13,4,4,5,4,5,2,13,1,29,2,9,5,1,7,9,1,10,2,11,,16,,1,22,121.5136997,25.03875473
113,8,8,18,40,2,05中正區,中正區貴陽街1段與懷寧街口,0,0,1,2,C03,8,5,5,50,3,1,1,5,4,5,13,4,4,5,4,5,2,13,1,22,3,10,5,1,7,14,1,10,2,13,,44,,1,22,121.5136997,25.03875473
113,8,8,18,57,2,01大同區,大同區忠孝橋機慢車道(東往西）,0,0,2,1,C03,7,5,7,50,14,11,1,5,4,5,13,1,1,1,4,5,2,17,1,19,2,9,5,1,7,9,1,10,1,11,,108,,1,21,121.5071916,25.04881306
113,8,8,18,57,2,01大同區,大同區忠孝橋機慢車道(東往西）,0,0,2,2,C03,7,5,7,50,14,11,1,5,4,5,13,1,1,1,4,5,2,17,1,34,2,6,5,1,7,9,1,10,1,13,,44,,1,21,121.5071916,25.04881306
113,8,8,19,20,2,04大安區,大安區仁愛路4段與安和路1段口,0,0,1,1,B03,8,5,5,50,5,1,1,5,4,5,13,1,1,1,3,5,2,2,1,59,3,10,7,1,7,5,1,8,1,4,,70,,1,21,121.5510364,25.037778
113,8,8,19,20,2,04大安區,大安區仁愛路4段與安和路1段口,0,0,1,2,H01,8,5,5,50,5,1,1,5,4,5,13,1,1,1,3,5,2,2,2,48,2,9,4,5,8,16,8,20,1,16,,67,,1,21,121.5510364,25.037778
113,8,8,19,30,2,08士林區,士林區中山北路5段705號,0,0,2,1,B03,8,5,5,50,8,9,1,5,4,5,13,2,1,1,4,5,1,13,1,20,4,11,7,1,7,9,1,8,1,1,,108,,1,21,121.5271236,25.09850844
113,8,8,19,30,2,08士林區,士林區中山北路5段705號,0,0,2,2,B03,8,5,5,50,8,9,1,5,4,5,13,2,1,1,4,5,1,13,1,44,3,10,7,1,7,9,1,8,1,3,,44,,1,21,121.5271236,25.09850844
113,8,8,19,30,2,08士林區,士林區中山北路5段705號,0,0,2,3,C03,8,5,5,50,8,9,1,5,4,5,13,2,1,1,4,5,1,13,2,33,2,9,5,1,7,9,1,10,1,13,,44,,1,21,121.5271236,25.09850844
113,8,8,19,30,2,08士林區,士林區中山北路5段705號,0,0,2,4,B03,8,5,5,50,8,9,1,5,4,5,13,2,1,1,4,5,1,13,1,50,3,10,7,1,7,12,1,8,1,3,,44,,1,21,121.5271236,25.09850844
113,8,8,19,30,2,08士林區,士林區中山北路5段705號,0,0,2,5,A02,8,5,5,50,8,9,1,5,4,5,13,2,1,1,4,5,1,13,1,50,3,10,7,1,7,9,1,2,9,4,,44,,1,21,121.5271236,25.09850844
113,8,8,19,30,2,08士林區,士林區中山北路5段705號,0,0,2,6,H02,8,5,5,50,8,9,1,5,4,5,13,2,1,1,4,5,1,13,2,18,2,9,5,5,7,20,8,20,10,16,,67,,1,21,121.5271236,25.09850844
113,8,8,19,31,2,07信義區,信義區基隆路1段156號,0,0,1,1,B03,7,5,5,50,14,9,1,5,4,5,13,4,4,1,4,5,2,12,1,27,3,10,7,1,7,7,1,8,2,2,,101,,1,21,121.5659352,25.043873
113,8,8,19,31,2,07信義區,信義區基隆路1段156號,0,0,1,2,C03,7,5,5,50,14,9,1,5,4,5,13,4,4,1,4,5,2,12,1,23,2,7,5,1,7,9,1,10,2,14,,44,,1,21,121.5659352,25.043873
113,8,8,20,31,2,01大同區,大同區承德路3段199號,0,0,1,1,B03,7,5,5,50,14,9,1,5,4,5,13,4,4,1,4,5,2,17,1,60,3,10,7,1,7,1,1,8,1,4,,19,,1,21,121.518519,25.0695663
113,8,8,20,31,2,01大同區,大同區承德路3段199號,0,0,1,2,C03,7,5,5,50,14,9,1,5,4,5,13,4,4,1,4,5,2,17,2,19,2,9,5,1,7,9,1,10,1,11,,44,,1,21,121.518519,25.0695663
113,8,8,21,35,2,12內湖區,內湖區康寧路3段與康寧路3段75巷口,0,0,2,1,B03,8,5,5,50,14,9,1,5,4,5,13,2,1,5,4,5,2,17,1,47,3,10,7,1,7,1,1,8,1,1,,108,,1,21,121.6088798,25.0720097
113,8,8,21,35,2,12內湖區,內湖區康寧路3段與康寧路3段75巷口,0,0,2,2,C03,8,5,5,50,14,9,1,5,4,5,13,2,1,5,4,5,2,17,1,28,2,8,6,1,7,14,1,10,1,13,,44,,1,21,121.6088798,25.0720097
113,8,8,21,35,2,12內湖區,內湖區康寧路3段與康寧路3段75巷口,0,0,2,3,C03,8,5,5,50,14,9,1,5,4,5,13,2,1,5,4,5,2,17,2,35,2,2,6,1,7,14,1,10,1,13,,44,,1,21,121.6088798,25.0720097
113,8,8,21,44,2,01大同區,大同區承德橋與敦煌路口,0,0,3,1,A02,7,5,5,50,4,2,1,5,4,5,13,1,1,5,2,5,2,9,1,32,3,10,7,1,7,9,1,2,2,17,,42,,1,21,121.5201639,25.0754174
113,8,8,21,44,2,01大同區,大同區承德橋與敦煌路口,0,0,3,2,H02,7,5,5,50,4,2,1,5,4,5,13,1,1,5,2,5,2,9,2,49,2,3,3,5,7,20,8,20,10,16,,67,,1,21,121.5201639,25.0754174
113,8,8,21,44,2,01大同區,大同區承德橋與敦煌路口,0,0,3,3,H02,7,5,5,50,4,2,1,5,4,5,13,1,1,5,2,5,2,9,2,21,2,9,3,5,7,20,8,20,10,16,,67,,1,21,121.5201639,25.0754174
113,8,8,21,44,2,01大同區,大同區承德橋與敦煌路口,0,0,3,4,H02,7,5,5,50,4,2,1,5,4,5,13,1,1,5,2,5,2,9,1,12,2,7,3,5,7,20,8,20,10,16,,67,,1,21,121.5201639,25.0754174
113,8,8,22,7,2,01大同區,大同區忠孝西路2段與西寧北路口,0,0,1,1,B03,8,6,5,50,14,9,1,5,4,5,13,2,1,9,4,5,2,11,1,23,3,10,7,4,7,7,1,8,1,8,,101,,1,21,121.5074476,25.0487062
113,8,8,22,7,2,01大同區,大同區忠孝西路2段與西寧北路口,0,0,1,2,C02,8,6,5,50,14,9,1,5,4,5,13,2,1,9,4,5,2,11,2,41,2,9,6,4,7,9,1,9,1,12,,44,,1,21,121.5074476,25.0487062
113,8,8,22,34,2,02萬華區,萬華區成都路與漢中街口,0,0,2,1,C03,7,5,5,50,4,1,1,5,4,5,13,1,1,9,4,5,2,12,2,18,2,9,5,1,7,4,1,10,1,12,,44,,1,21,121.5075475,25.0423353
113,8,8,22,34,2,02萬華區,萬華區成都路與漢中街口,0,0,2,2,C03,7,5,5,50,4,1,1,5,4,5,13,1,1,9,4,5,2,12,1,30,2,7,5,1,7,9,1,10,1,14,,44,,1,21,121.5075475,25.0423353
113,8,8,23,4,2,05中正區,中正區仁愛路2段與金山南路1段口,0,0,1,1,B02,8,5,5,50,4,2,1,5,4,5,13,1,1,1,4,1,2,13,1,25,2,1,7,1,7,9,1,8,2,1,,104,,1,21,121.5281769,25.03821397
113,8,8,23,4,2,05中正區,中正區仁愛路2段與金山南路1段口,0,0,1,2,B03,8,5,5,50,4,2,1,5,4,5,13,1,1,1,4,1,2,13,1,50,3,10,7,1,7,14,1,8,2,3,,44,,1,21,121.5281769,25.03821397
113,8,8,23,9,2,03中山區,中山區長春路137巷2號,0,0,2,1,C03,8,5,5,30,14,9,1,5,4,5,13,4,4,5,5,5,2,12,1,45,2,9,6,1,7,11,1,11,1,14,,94,,1,21,121.5315466,25.0550846
113,8,8,23,9,2,03中山區,中山區長春路137巷2號,0,0,2,2,C03,8,5,5,30,14,9,1,5,4,5,13,4,4,5,5,5,2,12,1,25,2,7,6,1,7,9,1,10,1,12,,13,,1,21,121.5315466,25.0550846
113,8,8,23,40,2,08士林區,士林區文林路460號,0,0,2,1,B03,7,5,5,50,14,9,1,5,4,5,13,4,4,5,4,5,2,17,1,48,2,1,7,1,7,11,1,8,2,4,,10,,1,22,121.5244624,25.0957486
113,8,8,23,40,2,08士林區,士林區文林路460號,0,0,2,2,C03,7,5,5,50,14,9,1,5,4,5,13,4,4,5,4,5,2,17,1,23,2,9,6,1,7,9,1,10,2,11,,42,,1,22,121.5244624,25.0957486
113,8,9,0,10,2,07信義區,信義區基隆路1段172巷與忠孝東路4段559巷口,0,0,1,1,C03,7,5,5,30,4,1,1,5,4,5,13,4,4,10,5,5,2,15,2,47,2,9,6,4,7,9,1,10,1,12,,72,,1,21,121.563689,25.0432643
113,8,9,0,10,2,07信義區,信義區基隆路1段172巷與忠孝東路4段559巷口,0,0,1,2,B01,7,5,5,30,4,1,1,5,4,5,13,4,4,10,5,5,2,15,1,57,3,10,3,4,7,9,1,4,1,1,,42,,1,21,121.563689,25.0432643
113,8,9,0,46,2,06松山區,松山區光復北路11巷33號,0,0,1,1,B03,8,5,5,30,14,9,1,5,4,5,13,4,4,9,4,5,2,17,1,70,3,10,3,4,7,1,1,8,2,8,,19,,1,22,121.5598732,25.0498787
113,8,9,0,46,2,06松山區,松山區光復北路11巷33號,0,0,1,2,C03,8,5,5,30,14,9,1,5,4,5,13,4,4,9,4,5,2,17,1,40,2,9,6,4,7,9,1,10,8,12,,21,,1,22,121.5598732,25.0498787
113,8,9,2,35,2,06松山區,松山區延吉街與延吉街23巷口,0,0,1,1,B01,8,5,5,30,4,1,1,5,4,5,13,3,1,9,4,5,2,15,1,67,3,10,7,1,7,9,1,8,1,8,,84,,1,21,121.553599,25.0462165
113,8,9,2,35,2,06松山區,松山區延吉街與延吉街23巷口,0,0,1,2,C03,8,5,5,30,4,1,1,5,4,5,13,3,1,9,4,5,2,15,1,39,2,9,6,1,7,9,1,10,1,11,,44,,1,21,121.553599,25.0462165
113,8,9,6,27,2,10文山區,文山區指南路1段116號對面,0,0,1,1,C03,8,6,5,30,14,19,1,5,4,5,13,4,4,10,5,5,2,3,1,31,2,9,6,1,7,9,1,10,2,11,14,42,,1,21,121.571657,24.98766624
113,8,9,6,27,2,10文山區,文山區指南路1段116號對面,0,0,1,2,H01,8,6,5,30,14,19,1,5,4,5,13,4,4,10,5,5,2,3,1,45,3,10,4,5,8,18,8,20,2,17,,67,,1,21,121.571657,24.98766624
113,8,9,7,13,2,11南港區,南港區南港路1段與惠民街口,0,0,1,1,C03,8,7,5,50,14,8,1,5,4,5,13,4,4,4,3,4,2,13,1,44,2,1,6,1,7,9,1,10,1,11,,16,,1,26,121.6100526,25.0549976
113,8,9,7,13,2,11南港區,南港區南港路1段與惠民街口,0,0,1,2,A02,8,7,5,50,14,8,1,5,4,5,13,4,4,4,3,4,2,13,1,54,3,10,7,1,7,14,1,1,1,3,,44,,1,26,121.6100526,25.0549976
113,8,9,7,49,2,03中山區,中山區大佳河濱公園棒球場前,0,0,1,1,C03,8,7,5,50,11,9,1,5,4,5,13,4,4,5,4,5,2,11,1,55,2,2,6,4,7,9,1,9,4,14,,77,,1,21,121.5499342,25.073664
113,8,9,7,49,2,03中山區,中山區大佳河濱公園棒球場前,0,0,1,2,A05,8,7,5,50,11,9,1,5,4,5,13,4,4,5,4,5,2,11,1,63,3,10,3,4,7,9,1,1,1,4,,17,,1,21,121.5499342,25.073664
113,8,9,8,7,2,08士林區,士林區中山北路5段300號對面,0,0,1,1,B03,8,7,5,50,14,9,1,5,4,5,13,4,4,5,4,5,2,17,1,45,3,10,7,1,7,8,1,8,1,2,,101,,1,21,121.5273707,25.0887619
113,8,9,8,7,2,08士林區,士林區中山北路5段300號對面,0,0,1,2,C03,8,7,5,50,14,9,1,5,4,5,13,4,4,5,4,5,2,17,1,50,2,9,6,1,7,9,1,10,1,14,,13,,1,21,121.5273707,25.0887619
113,8,9,8,9,2,03中山區,中山區中山北路2段與中山北路2段183巷口,0,0,2,1,C03,8,7,8,50,3,1,1,5,4,5,13,4,4,1,4,5,2,17,1,19,2,9,5,1,7,9,1,10,1,11,,14,,1,22,121.5183568,25.04847309
113,8,9,8,9,2,03中山區,中山區中山北路2段與中山北路2段183巷口,0,0,2,2,C03,8,7,8,50,3,1,1,5,4,5,13,4,4,1,4,5,2,17,2,36,2,9,5,1,7,9,1,10,1,12,,101,,1,22,121.5183568,25.04847309
113,8,9,8,22,2,04大安區,大安區新生南路2段與新生南路2段16巷口,0,0,1,1,B03,8,7,5,30,3,1,1,5,4,5,13,4,4,1,4,5,2,17,1,48,3,10,7,1,7,6,1,8,1,8,,72,,1,21,121.533128,25.031812
113,8,9,8,22,2,04大安區,大安區新生南路2段與新生南路2段16巷口,0,0,1,2,C03,8,7,5,30,3,1,1,5,4,5,13,4,4,1,4,5,2,17,1,63,2,9,6,1,7,9,1,10,1,11,,14,,1,21,121.533128,25.031812
113,8,9,8,23,2,08士林區,士林區至善路1段與福林路254巷口,0,0,1,1,B12,8,6,5,40,3,1,1,5,4,5,13,2,1,1,2,4,2,17,1,29,3,10,3,4,7,8,1,8,2,17,,100,,1,21,121.5379025,25.0978757
113,8,9,8,23,2,08士林區,士林區至善路1段與福林路254巷口,0,0,1,2,C03,8,6,5,40,3,1,1,5,4,5,13,2,1,1,2,4,2,17,1,42,2,9,6,1,7,9,1,9,2,14,,42,,1,21,121.5379025,25.0978757
113,8,9,8,25,2,11南港區,南港區大坑街與大坑街口六福公園旁,0,0,2,1,C03,8,7,5,40,3,2,1,5,4,5,13,4,4,5,4,5,2,17,1,69,2,7,5,1,7,9,1,10,1,12,,16,,1,21,121.6165626,25.0480489
113,8,9,8,25,2,11南港區,南港區大坑街與大坑街口六福公園旁,0,0,2,2,C03,8,7,5,40,3,2,1,5,4,5,13,4,4,5,4,5,2,17,1,33,2,7,5,1,7,6,1,10,1,12,,14,,1,21,121.6165626,25.0480489
113,8,9,8,32,2,02萬華區,萬華區環河南路1段與忠孝西路2段口,0,0,1,1,B03,8,6,5,50,3,1,1,5,4,5,13,2,1,1,4,5,2,17,2,40,3,10,7,1,7,6,1,8,1,5,,9,,1,21,121.5060992,25.0488134