發生年度,發生月,發生日,發生時-Hours,發生分,處理別-編號,區序,肇事地點,死亡人數,2-30日死亡人數,受傷人數,當事人序號,車種,天候,道路照明設備,道路類別,速限-速度限制,道路型態,事故位置,路面狀況1,路面狀況2,路面狀況3,道路障礙1,道路障礙2,號誌1,號誌2,車道劃分-分向,車道劃分-分道1,車道劃分-分道2,車道劃分-分道3,事故類型及型態,性別,年齡,受傷程度,主要傷處,保護裝置,行動電話,車輛用途,當事者行動狀態,駕駛資格情形,駕駛執照種類,飲酒情形,車輛撞擊部位1,車輛撞擊部位2,肇因碼-個別,肇因碼-主要,個人肇逃否,職業,座標-X,座標-Y
113,8,9,8,32,2,02萬華區,萬華區環河南路1段與忠孝西路2段口,0,0,1,2,C03,8,6,5,50,3,1,1,5,4,5,13,2,1,1,4,5,2,17,1,23,2,9,6,1,7,9,1,10,1,14,,44,,1,21,121.5060992,25.0488134
113,8,9,8,33,2,07信義區,信義區忠孝東路5段494號,0,0,2,1,C03,7,5,5,50,14,9,1,5,4,5,13,4,4,5,5,5,2,13,1,42,2,9,5,3,7,9,1,10,2,14,,16,,1,21,121.5782198,25.0409013
113,8,9,8,33,2,07信義區,信義區忠孝東路5段494號,0,0,2,2,F01,7,5,5,50,14,9,1,5,4,5,13,4,4,5,5,5,2,13,1,78,2,5,4,1,7,9,8,20,2,13,,44,,1,21,121.5782198,25.0409013
113,8,9,8,39,2,11南港區,南港區松河街與南港路3段80巷口口,0,0,2,1,C03,8,6,5,30,3,1,1,5,4,5,13,4,4,5,4,5,2,16,2,45,2,8,6,1,7,5,1,10,1,14,,74,,1,21,121.5900752,25.0560653
113,8,9,8,39,2,11南港區,南港區松河街與南港路3段80巷口口,0,0,2,2,C03,8,6,5,30,3,1,1,5,4,5,13,4,4,5,4,5,2,16,2,26,2,8,6,1,7,9,1,10,1,11,,13,,1,21,121.5900752,25.0560653
113,8,9,8,46,2,01大同區,大同區鄭州路與鄭州路143巷口,0,0,2,1,C03,8,7,5,40,3,2,1,5,4,5,13,4,4,1,4,5,2,17,1,26,2,9,3,4,7,9,1,10,1,11,,14,,1,21,121.5098801,25.0503968
113,8,9,8,46,2,01大同區,大同區鄭州路與鄭州路143巷口,0,0,2,2,C03,8,7,5,40,3,2,1,5,4,5,13,4,4,1,4,5,2,17,1,69,2,9,3,4,7,15,1,10,1,12,,14,,1,21,121.5098801,25.0503968
113,8,9,8,46,2,02萬華區,萬華區西藏路（近燈桿0902745),0,0,1,1,B01,8,6,5,50,14,9,1,5,4,5,13,4,4,1,4,5,2,12,1,57,3,10,3,4,7,9,1,3,1,2,,44,,1,21,121.4974718,25.0292185
113,8,9,8,46,2,02萬華區,萬華區西藏路（近燈桿0902745),0,0,1,2,C03,8,6,5,50,14,9,1,5,4,5,13,4,4,1,4,5,2,12,2,24,2,9,6,1,7,8,1,10,1,14,,100,,1,22,121.4974718,25.0292185
113,8,9,9,3,2,04大安區,大安區市民大道3段206號,0,0,2,1,C03,8,6,6,40,14,9,1,5,4,5,13,4,4,1,4,5,2,17,1,47,2,9,3,4,7,9,1,10,1,11,,108,,1,21,121.5398793,25.0444491
113,8,9,9,3,2,04大安區,大安區市民大道3段206號,0,0,2,2,C03,8,6,6,40,14,9,1,5,4,5,13,4,4,1,4,5,2,17,1,57,3,10,3,4,7,14,1,10,1,13,,38,,1,21,121.5398793,25.0444491
113,8,9,9,3,2,04大安區,大安區市民大道3段206號,0,0,2,3,C03,8,6,6,40,14,9,1,5,4,5,13,4,4,1,4,5,2,17,2,24,2,9,3,4,7,9,1,10,1,12,,44,,1,21,121.5398793,25.0444491
113,8,9,9,3,2,04大安區,大安區市民大道3段206號,0,0,2,4,B03,8,6,6,40,14,9,1,5,4,5,13,4,4,1,4,5,2,17,1,66,3,10,3,4,7,9,1,8,1,2,,44,,1,21,121.5398793,25.0444491
113,8,9,9,4,2,05中正區,中正區襄陽路與懷寧街口,0,0,1,1,C03,8,5,5,50,4,2,1,5,4,5,13,2,1,9,4,5,1,13,2,49,2,9,5,1,7,9,1,10,1,11,,108,,1,21,121.514173,25.0434192
113,8,9,9,4,2,05中正區,中正區襄陽路與懷寧街口,0,0,1,2,C03,8,5,5,50,4,2,1,5,4,5,13,2,1,9,4,5,1,13,1,27,3,10,5,1,7,14,1,10,1,13,,44,,1,21,121.514173,25.0434192
113,8,9,9,4,2,05中正區,中正區襄陽路與懷寧街口,0,0,1,3,B01,8,5,5,50,4,2,1,5,4,5,13,2,1,9,4,5,1,13,1,59,3,10,7,1,7,14,1,8,1,6,,44,,1,21,121.514173,25.0434192
113,8,9,9,20,2,03中山區,中山區復興南路1段30巷與復興南路1段口,0,0,1,1,B01,8,7,5,50,3,1,1,5,4,5,13,4,4,9,4,5,2,17,1,55,3,10,7,1,7,6,1,4,1,2,,9,,1,21,121.5437835,25.04645839
113,8,9,9,20,2,03中山區,中山區復興南路1段30巷與復興南路1段口,0,0,1,2,C03,8,7,5,50,3,1,1,5,4,5,13,4,4,9,4,5,2,17,1,22,2,9,5,1,7,9,1,10,1,14,,44,,1,21,121.5437835,25.04645839
113,8,9,9,20,2,08士林區,士林區文林路751號與文林路口後方,0,0,2,1,C03,8,7,5,30,3,2,1,5,4,5,13,4,4,9,5,5,1,17,1,70,3,10,5,4,7,6,1,10,1,11,,5,,1,22,121.518649,25.1031585
113,8,9,9,20,2,08士林區,士林區文林路751號與文林路口後方,0,0,2,3,B03,8,7,5,30,3,2,1,5,4,5,13,4,4,9,5,5,1,17,1,70,3,10,3,4,7,13,1,8,1,17,,38,,1,22,121.518649,25.1031585
113,8,9,9,20,2,08士林區,士林區文林路751號與文林路口後方,0,0,2,2,C03,8,7,5,30,3,2,1,5,4,5,13,4,4,9,5,5,1,17,2,27,2,7,5,4,7,9,1,10,1,11,,32,,1,22,121.518649,25.1031585
113,8,9,9,20,2,08士林區,士林區文林路751號與文林路口後方,0,0,2,4,H02,8,7,5,30,3,2,1,5,4,5,13,4,4,9,5,5,1,17,2,2,2,8,3,5,7,21,8,20,10,16,,67,,1,22,121.518649,25.1031585
113,8,9,9,35,2,09北投區,北投區北投路2段與大業路452巷口,0,0,1,1,B11,8,6,5,50,5,2,1,5,4,5,13,2,1,8,3,5,2,17,1,31,3,10,7,1,7,5,1,4,1,6,,71,,1,21,121.497513,25.13278602
113,8,9,9,35,2,09北投區,北投區北投路2段與大業路452巷口,0,0,1,2,C03,8,6,5,50,5,2,1,5,4,5,13,2,1,8,3,5,2,17,1,27,2,9,6,1,7,9,1,10,1,11,,108,,1,21,121.497513,25.13278602
113,8,9,9,49,2,07信義區,信義區基隆路1段102巷,0,0,2,1,H01,8,6,5,0,14,9,1,5,4,5,13,4,4,9,5,5,2,3,2,43,2,7,4,5,8,16,8,20,10,16,,121,,1,21,121.5659115,25.04506
113,8,9,9,49,2,07信義區,信義區基隆路1段102巷,0,0,2,2,C03,8,6,5,0,14,9,1,5,4,5,13,4,4,9,5,5,2,3,1,26,2,9,6,1,7,9,1,10,2,11,,44,,1,21,121.5659115,25.04506
113,8,9,9,52,2,11南港區,南港區南港路3段52號與南港路3段口,0,0,1,1,B03,8,7,5,50,3,2,1,5,4,5,13,4,4,5,5,5,2,17,1,60,3,10,7,1,7,6,1,8,1,2,,9,,1,21,121.5916186,25.0540708
113,8,9,9,52,2,11南港區,南港區南港路3段52號與南港路3段口,0,0,1,2,C03,8,7,5,50,3,2,1,5,4,5,13,4,4,5,5,5,2,17,1,33,2,7,5,1,7,9,1,10,1,11,,108,,1,21,121.5916186,25.0540708
113,8,9,10,14,2,12內湖區,內湖區文德路66巷11弄與文德路66巷口,0,0,2,1,C03,8,5,5,30,4,1,1,5,4,5,13,4,4,10,5,5,2,16,2,51,2,9,6,1,7,5,1,10,2,14,,72,,1,21,121.5814508,25.07791
113,8,9,10,14,2,12內湖區,內湖區文德路66巷11弄與文德路66巷口,0,0,2,2,C03,8,5,5,30,4,1,1,5,4,5,13,4,4,10,5,5,2,16,1,33,2,9,6,1,7,9,6,10,2,14,,44,,1,21,121.5814508,25.07791
113,8,9,10,45,2,09北投區,北投區稻香路260號,0,0,1,1,C03,8,7,5,40,11,9,1,5,4,5,13,4,4,5,5,5,1,13,1,43,2,9,6,1,7,9,1,10,1,14,,108,,1,22,121.4825238,25.146703
113,8,9,10,45,2,09北投區,北投區稻香路260號,0,0,1,2,B12,8,7,5,40,11,9,1,5,4,5,13,4,4,5,5,5,1,13,1,41,3,10,7,1,7,9,1,8,1,6,,44,,1,22,121.4825238,25.146703
113,8,9,10,49,2,06松山區,松山區市民大道4段與八德路3段74巷口,0,0,1,1,B01,8,6,5,40,3,2,1,5,4,5,13,4,4,9,4,5,2,16,1,54,3,10,7,1,7,6,1,4,1,2,,9,,1,21,121.5524726,25.0445829
113,8,9,10,49,2,06松山區,松山區市民大道4段與八德路3段74巷口,0,0,1,2,C03,8,6,5,40,3,2,1,5,4,5,13,4,4,9,4,5,2,16,2,27,2,9,5,1,7,9,1,10,1,14,,80,,1,21,121.5524726,25.0445829
113,8,9,11,28,2,10文山區,文山區辛亥路7段13號前,0,0,1,1,C03,7,6,5,50,14,7,1,5,5,5,13,4,4,5,4,4,2,18,2,33,2,9,5,1,7,9,1,10,1,12,,101,,1,21,121.5527546,24.9869932
113,8,9,11,28,2,10文山區,文山區辛亥路7段13號前,0,0,1,2,,7,6,5,50,14,7,1,5,5,5,13,4,4,5,4,4,2,18,3,,,,,,,,,,,,,67,,1,,121.5527546,24.9869932
113,8,9,11,33,2,05中正區,中正區南昌路1段136號,0,0,1,2,C03,8,6,5,50,14,9,1,5,4,5,13,4,4,9,4,5,2,16,2,73,2,8,5,1,7,9,1,10,2,11,,44,,1,21,121.5185112,25.0294849
113,8,9,11,33,2,05中正區,中正區南昌路1段136號,0,0,1,1,B03,8,6,5,50,14,9,1,5,4,5,13,4,4,9,4,5,2,16,2,64,3,10,7,1,7,11,1,8,2,4,,10,,1,21,121.5185112,25.0294849
113,8,9,11,39,2,08士林區,士林區前港街與後港街口,0,0,1,1,C03,8,6,5,30,4,1,1,5,4,5,13,4,4,9,5,5,2,15,1,73,2,9,5,1,7,9,1,10,2,11,,75,,1,21,121.521354,25.08473
113,8,9,11,39,2,08士林區,士林區前港街與後港街口,0,0,1,2,B01,8,6,5,30,4,1,1,5,4,5,13,4,4,9,5,5,2,15,1,71,3,10,3,4,7,9,1,8,2,1,,14,,1,21,121.521354,25.08473
113,8,9,11,43,2,03中山區,中山區北安路與大直街口,0,0,1,1,B03,8,7,5,50,4,1,1,5,4,5,13,2,1,9,4,5,2,17,2,70,3,10,7,1,7,5,1,8,1,2,,16,,1,21,121.5470759,25.079908
113,8,9,11,43,2,03中山區,中山區北安路與大直街口,0,0,1,2,C03,8,7,5,50,4,1,1,5,4,5,13,2,1,9,4,5,2,17,2,24,2,9,5,1,7,10,1,10,1,11,,16,,1,21,121.5470759,25.079908
113,8,9,11,56,2,02萬華區,萬華區長順街底堤外機車道往北,0,0,1,1,C03,8,5,8,40,22,22,1,5,4,5,13,4,4,10,5,5,2,17,2,51,2,8,3,4,7,15,1,10,1,13,,101,,1,21,121.4886907,25.03295043
113,8,9,11,56,2,02萬華區,萬華區長順街底堤外機車道往北,0,0,1,2,C03,8,5,8,40,22,22,1,5,4,5,13,4,4,10,5,5,2,17,2,58,3,10,3,4,7,9,1,10,1,11,,108,,1,21,121.4886907,25.03295043
113,8,9,12,10,2,08士林區,士林區文林路235號,0,0,1,1,B03,8,5,5,50,14,9,1,5,4,5,13,4,4,5,5,5,2,17,1,56,3,10,3,4,7,11,1,8,1,17,,10,,1,22,121.5268594,25.0907492
113,8,9,12,10,2,08士林區,士林區文林路235號,0,0,1,2,C03,8,5,5,50,14,9,1,5,4,5,13,4,4,5,5,5,2,17,1,57,2,9,3,4,7,9,1,10,1,14,,13,,1,22,121.5268594,25.0907492
113,8,9,12,14,2,04大安區,大安區光復南路572號,0,0,1,1,C03,8,7,5,50,14,9,1,5,4,5,13,4,4,1,3,5,1,12,1,38,2,9,5,1,7,9,3,18,1,11,,44,,1,22,121.5574503,25.0341675
113,8,9,12,14,2,04大安區,大安區光復南路572號,0,0,1,2,B03,8,7,5,50,14,9,1,5,4,5,13,4,4,1,3,5,1,12,1,44,3,10,3,4,7,14,1,8,1,7,,44,,1,22,121.5574503,25.0341675
113,8,9,12,14,2,04大安區,大安區光復南路572號,0,0,1,3,B01,8,7,5,50,14,9,1,5,4,5,13,4,4,1,3,5,1,12,1,69,3,10,3,4,7,14,1,4,1,15,,44,,1,22,121.5574503,25.0341675
113,8,9,12,20,2,05中正區,中正區重慶南路3段與汀州路2段口,0,0,1,1,B01,6,6,5,50,4,1,1,4,4,5,13,2,1,1,3,5,1,16,1,69,3,10,7,1,7,5,1,4,1,5,,8,,1,21,121.5162775,25.0257591
113,8,9,12,20,2,05中正區,中正區重慶南路3段與汀州路2段口,0,0,1,2,C03,6,6,5,50,4,1,1,4,4,5,13,2,1,1,3,5,1,16,1,73,2,9,5,1,7,9,1,10,1,11,,44,,1,21,121.5162775,25.0257591
113,8,9,12,38,2,12內湖區,內湖區五分街111號對面(停車場出入口),0,0,1,1,B03,7,6,5,30,14,9,1,5,4,5,13,4,4,9,5,5,2,16,1,45,3,10,7,1,7,6,1,8,2,5,,80,,1,21,121.6167372,25.06715284
113,8,9,12,38,2,12內湖區,內湖區五分街111號對面(停車場出入口),0,0,1,2,C03,7,6,5,30,14,9,1,5,4,5,13,4,4,9,5,5,2,16,2,60,2,9,6,1,7,9,1,10,2,14,,44,,1,21,121.6167372,25.06715284
113,8,9,12,40,2,05中正區,中正區中山南路與仁愛路1段口口,0,0,1,1,B03,6,5,5,50,4,1,1,4,4,5,13,2,1,9,4,4,1,15,2,33,3,10,7,1,7,9,1,8,1,5,,81,,1,21,121.5178986,25.0394096
113,8,9,12,40,2,05中正區,中正區中山南路與仁愛路1段口口,0,0,1,2,C03,6,5,5,50,4,1,1,4,4,5,13,2,1,9,4,4,1,15,1,24,2,9,5,1,7,9,1,10,1,14,,44,,1,21,121.5178986,25.0394096
113,8,9,12,44,2,08士林區,士林區德行西路94巷與福華路153巷口,0,0,1,1,C03,8,7,5,30,3,1,1,5,4,5,13,4,4,10,5,5,2,17,1,65,3,10,6,1,7,1,3,18,1,11,,19,,1,21,121.521488,25.10343699
113,8,9,12,44,2,08士林區,士林區德行西路94巷與福華路153巷口,0,0,1,2,C03,8,7,5,30,3,1,1,5,4,5,13,4,4,10,5,5,2,17,2,26,2,8,6,1,7,9,1,10,1,11,,5,,1,21,121.521488,25.10343699
113,8,9,13,29,2,10文山區,文山區興隆路2段220巷31弄4號,0,0,1,1,B03,6,6,5,30,14,9,1,4,4,5,13,4,4,9,5,5,2,17,1,44,3,10,7,1,7,14,1,8,2,2,,38,,1,21,121.5525006,25.0004169
113,8,9,13,29,2,10文山區,文山區興隆路2段220巷31弄4號,0,0,1,2,C03,6,6,5,30,14,9,1,4,4,5,13,4,4,9,5,5,2,17,1,36,2,9,6,1,7,9,1,10,2,11,,44,,1,21,121.5525006,25.0004169
113,8,9,13,29,2,10文山區,文山區興隆路2段220巷31弄4號,0,0,1,3,B03,6,6,5,30,14,9,1,4,4,5,13,4,4,9,5,5,2,17,1,72,3,10,3,1,7,13,1,8,9,3,,44,,1,21,121.5525006,25.0004169
113,8,9,13,29,2,10文山區,文山區興隆路2段220巷31弄4號,0,0,1,4,H02,6,6,5,30,14,9,1,4,4,5,13,4,4,9,5,5,2,17,2,9,3,10,4,5,7,19,8,20,10,16,,126,,1,21,121.5525006,25.0004169
113,8,9,13,34,2,05中正區,中正區汀州路3段與羅斯福路4段196巷口,0,0,1,1,B03,6,6,5,30,4,1,1,4,4,5,13,4,4,5,4,5,2,15,2,66,3,10,7,1,7,9,1,8,1,1,,72,,1,21,121.5359392,25.0115638
113,8,9,13,34,2,05中正區,中正區汀州路3段與羅斯福路4段196巷口,0,0,1,2,C03,6,6,5,30,4,1,1,4,4,5,13,4,4,5,4,5,2,15,1,14,2,7,5,1,7,9,2,18,1,12,,44,,1,21,121.5359392,25.0115638
113,8,9,13,34,2,05中正區,中正區汀州路3段與羅斯福路4段196巷口,0,0,1,3,H02,6,6,5,30,4,1,1,4,4,5,13,4,4,5,4,5,2,15,1,14,4,11,5,5,7,20,8,20,10,16,,67,,1,21,121.5359392,25.0115638
113,8,9,13,45,2,09北投區,北投區文承路與承信路口,0,0,1,1,A11,8,7,5,50,14,9,1,5,4,5,13,1,1,9,4,5,2,17,1,51,3,10,7,1,7,6,1,3,9,2,,44,,1,21,121.5128228,25.1048233
113,8,9,13,45,2,09北投區,北投區文承路與承信路口,0,0,1,2,C03,8,7,5,50,14,9,1,5,4,5,13,1,1,9,4,5,2,17,1,53,2,9,5,1,7,9,1,10,1,14,,44,,1,21,121.5128228,25.1048233
113,8,9,13,45,2,09北投區,北投區文承路與承信路口,0,0,1,3,,8,7,5,50,14,9,1,5,4,5,13,1,1,9,4,5,2,17,3,0,,,,,,,,,,,,60,,1,,121.5128228,25.1048233
113,8,9,13,47,2,01大同區,大同區延平北路1段與延平北路1段69巷口,0,0,1,1,C03,6,6,5,30,3,1,1,4,4,5,13,4,4,10,3,5,1,16,2,28,2,9,6,4,7,6,1,10,1,11,,74,,1,21,121.5119508,25.0514303
113,8,9,13,47,2,01大同區,大同區延平北路1段與延平北路1段69巷口,0,0,1,2,C03,6,6,5,30,3,1,1,4,4,5,13,4,4,10,3,5,1,16,1,39,3,10,6,4,7,9,1,10,1,12,,44,,1,21,121.5119508,25.0514303
113,8,9,14,30,2,10文山區,文山區木柵路4段與萬芳路口口,0,0,1,1,B12,6,6,5,50,3,1,5,4,4,5,13,2,1,10,5,5,2,16,1,59,3,10,7,1,7,6,1,8,1,2,,71,,1,21,121.5717107,24.99504
113,8,9,14,30,2,10文山區,文山區木柵路4段與萬芳路口口,0,0,1,2,C03,6,6,5,50,3,1,5,4,4,5,13,2,1,10,5,5,2,16,1,24,2,9,5,1,7,9,1,10,1,14,,17,,1,21,121.5717107,24.99504
113,8,9,14,37,2,12內湖區,內湖區行善路114號前,0,0,1,1,B03,8,6,5,50,14,9,1,5,4,5,13,4,4,5,5,5,2,17,2,71,2,9,7,1,7,9,1,8,1,8,,116,,1,21,121.5773787,25.0574953
113,8,9,14,37,2,12內湖區,內湖區行善路114號前,0,0,1,2,B12,8,6,5,50,14,9,1,5,4,5,13,4,4,5,5,5,2,17,1,43,3,10,7,1,7,9,1,8,1,7,,44,,1,21,121.5773787,25.0574953
113,8,9,14,45,2,09北投區,北投區公館路與公館路257巷口,0,0,2,1,F02,8,6,5,30,14,9,1,5,4,5,13,4,4,9,4,5,2,10,1,54,2,9,2,1,7,9,8,20,8,11,,21,,1,21,121.5082962,25.1256572
113,8,9,14,45,2,09北投區,北投區公館路與公館路257巷口,0,0,2,2,B03,8,6,5,30,14,9,1,5,4,5,13,4,4,9,4,5,2,10,2,60,3,10,7,1,7,9,1,8,2,1,,5,,1,21,121.5082962,25.1256572
113,8,9,14,45,2,09北投區,北投區公館路與公館路257巷口,0,0,2,3,H02,8,6,5,30,14,9,1,5,4,5,13,4,4,9,4,5,2,10,2,96,2,8,7,5,7,17,8,20,10,16,,67,,1,21,121.5082962,25.1256572
113,8,9,15,20,2,05中正區,中正區博愛路與貴陽街1段口,0,0,1,1,C03,7,7,5,50,4,1,1,5,4,5,13,1,1,4,3,5,2,17,1,19,3,10,6,1,7,6,1,10,1,17,,9,,1,21,121.5111617,25.03901242
113,8,9,15,20,2,05中正區,中正區博愛路與貴陽街1段口,0,0,1,2,C03,7,7,5,50,4,1,1,5,4,5,13,1,1,4,3,5,2,17,1,19,2,9,6,1,7,9,1,10,1,17,,44,,1,21,121.5111617,25.03901242
113,8,9,16,9,2,10文山區,文山區木柵路4段161號,0,0,1,2,H02,8,7,5,50,14,9,1,5,4,5,13,1,1,3,4,5,1,9,2,69,2,1,3,5,7,19,8,20,10,17,,44,,1,22,121.5759689,24.9999749
113,8,9,16,9,2,10文山區,文山區木柵路4段161號,0,0,1,1,A04,8,7,5,50,14,9,1,5,4,5,13,1,1,3,4,5,1,9,1,56,3,10,7,1,7,3,1,2,2,17,,44,,1,21,121.5759689,24.9999749
113,8,9,16,14,2,07信義區,信義區基隆路1段與松隆路口,0,0,1,1,C03,8,6,5,50,3,2,1,5,4,5,13,1,1,3,3,5,2,16,2,33,2,9,6,1,7,9,1,10,2,11,,79,,1,21,121.5659455,25.0433978
113,8,9,16,14,2,07信義區,信義區基隆路1段與松隆路口,0,0,1,2,E01,8,6,5,50,3,2,1,5,4,5,13,1,1,3,3,5,2,16,1,33,3,10,3,4,7,5,1,6,2,6,,44,,1,27,121.5659455,25.0433978
113,8,9,16,40,2,04大安區,大安區和平東路2段319號,0,0,1,1,B03,8,6,5,50,14,9,1,5,4,5,13,1,1,1,4,5,2,13,1,62,3,10,3,4,7,6,1,8,11,17,,9,,1,21,121.5453504,25.0248458
113,8,9,16,40,2,04大安區,大安區和平東路2段319號,0,0,1,2,C03,8,6,5,50,14,9,1,5,4,5,13,1,1,1,4,5,2,13,1,22,3,10,5,4,7,9,1,10,1,11,,16,,1,21,121.5453504,25.0248458
113,8,9,16,40,2,04大安區,大安區和平東路2段319號,0,0,1,3,C03,8,6,5,50,14,9,1,5,4,5,13,1,1,1,4,5,2,13,1,33,2,8,5,4,7,9,1,10,1,13,,44,,1,21,121.5453504,25.0248458
113,8,9,17,6,2,03中山區,中山區北安路608巷與北安路608巷14弄口,0,0,1,1,C03,7,7,5,30,4,1,1,5,4,5,13,1,1,10,3,5,1,15,1,26,2,8,6,1,7,9,1,10,1,11,,13,,1,21,121.5503038,25.08185803
113,8,9,17,6,2,03中山區,中山區北安路608巷與北安路608巷14弄口,0,0,1,2,B01,7,7,5,30,4,1,1,5,4,5,13,1,1,10,3,5,1,15,1,64,3,10,7,1,7,9,1,4,1,2,,81,,1,21,121.5503038,25.08185803
113,8,9,17,16,2,09北投區,北投區承德路7段188巷與實踐街48巷口,0,0,3,1,C03,8,6,5,30,4,1,1,5,4,5,13,4,4,10,5,5,2,15,1,45,2,9,5,1,7,9,1,10,1,11,,72,,1,21,121.5092821,25.11457881
113,8,9,17,16,2,09北投區,北投區承德路7段188巷與實踐街48巷口,0,0,3,2,C02,8,6,5,30,4,1,1,5,4,5,13,4,4,10,5,5,2,15,1,20,2,8,5,1,7,9,1,9,1,14,,44,,1,21,121.5092821,25.11457881
113,8,9,17,16,2,09北投區,北投區承德路7段188巷與實踐街48巷口,0,0,3,3,H02,8,6,5,30,4,1,1,5,4,5,13,4,4,10,5,5,2,15,2,67,2,8,5,5,7,20,8,20,10,16,,67,,1,21,121.5092821,25.11457881
113,8,9,17,20,2,03中山區,中山區松江路與新生北路1段口,0,0,1,1,C03,8,5,5,30,4,1,1,5,4,5,13,1,1,9,4,5,2,16,1,20,2,9,6,1,7,5,1,10,1,11,,8,,1,21,121.5327636,25.04601393
113,8,9,17,20,2,03中山區,中山區松江路與新生北路1段口,0,0,1,2,B12,8,5,5,30,4,1,1,5,4,5,13,1,1,9,4,5,2,16,1,40,3,10,7,1,7,9,1,8,1,4,,44,,1,21,121.5327636,25.04601393
113,8,9,17,23,2,04大安區,大安區敦化南路2段與敦化南路2段11巷口,0,0,1,1,F01,8,7,5,0,22,20,1,5,4,5,13,4,4,10,5,5,2,12,2,77,2,8,4,1,7,15,8,20,1,12,,44,,1,21,121.5491149,25.032554
113,8,9,17,23,2,04大安區,大安區敦化南路2段與敦化南路2段11巷口,0,0,1,2,F02,8,7,5,0,22,20,1,5,4,5,13,4,4,10,5,5,2,12,2,45,3,10,4,1,7,15,8,20,1,15,,44,,1,21,121.5491149,25.032554
113,8,9,17,25,2,03中山區,中山區民族東路與松江路口,0,0,1,2,C03,8,7,5,50,4,1,1,5,4,5,13,2,1,1,4,5,2,12,2,37,2,9,6,4,7,8,1,10,1,14,,100,,1,21,121.5331031,25.0682159
113,8,9,17,25,2,03中山區,中山區民族東路與松江路口,0,0,1,1,B02,8,7,5,50,4,1,1,5,4,5,13,2,1,1,4,5,2,12,2,27,3,10,3,4,7,7,1,6,1,6,,100,,1,21,121.5331031,25.0682159
113,8,9,17,28,2,11南港區,南港區忠孝東路7段512號,0,0,1,1,C03,8,6,5,50,14,7,1,5,4,5,13,4,4,5,4,5,2,13,1,27,2,7,5,1,7,9,1,10,1,11,,16,,1,21,121.6103555,25.0524488
113,8,9,17,28,2,11南港區,南港區忠孝東路7段512號,0,0,1,2,B03,8,6,5,50,14,7,1,5,4,5,13,4,4,5,4,5,2,13,1,73,3,10,7,1,7,9,1,8,1,6,,44,,1,21,121.6103555,25.0524488
113,8,9,17,33,2,03中山區,中山區新生北路2段108號,0,0,1,1,C03,7,7,5,50,14,9,1,5,4,5,13,1,1,1,4,5,2,12,1,65,2,7,5,1,7,9,1,10,1,14,,44,,1,21,121.5274458,25.0589558
113,8,9,17,33,2,03中山區,中山區新生北路2段108號,0,0,1,2,B01,7,7,5,50,14,9,1,5,4,5,13,1,1,1,4,5,2,12,1,53,3,10,7,1,7,4,1,4,1,2,,1,,1,21,121.5274458,25.0589558
113,8,9,17,50,2,05中正區,中正區金山南路1段37號,0,0,1,8,C03,8,7,5,50,14,9,1,5,4,5,13,4,4,1,4,5,2,9,3,0,,,,,,,,,,,,67,,1,,121.5289818,25.0397605
113,8,9,17,50,2,05中正區,中正區金山南路1段37號,0,0,1,9,C03,8,7,5,50,14,9,1,5,4,5,13,4,4,1,4,5,2,9,3,0,,,,,,,,,,,,67,,1,,121.5289818,25.0397605
113,8,9,17,50,2,05中正區,中正區金山南路1段37號,0,0,1,1,B03,8,7,5,50,14,9,1,5,4,5,13,4,4,1,4,5,2,9,1,35,3,10,7,1,7,1,1,8,2,1,,116,,1,21,121.5289818,25.0397605
113,8,9,17,50,2,05中正區,中正區金山南路1段37號,0,0,1,2,H03,8,7,5,50,14,9,1,5,4,5,13,4,4,1,4,5,2,9,2,30,2,9,4,5,8,17,8,20,10,16,,67,,1,21,121.5289818,25.0397605
113,8,9,17,50,2,05中正區,中正區金山南路1段37號,0,0,1,3,C03,8,7,5,50,14,9,1,5,4,5,13,4,4,1,4,5,2,9,3,0,,,,,,,,,,,,67,,1,,121.5289818,25.0397605
113,8,9,17,50,2,05中正區,中正區金山南路1段37號,0,0,1,4,F01,8,7,5,50,14,9,1,5,4,5,13,4,4,1,4,5,2,9,3,0,,,,,,,,,,,,67,,1,,121.5289818,25.0397605
113,8,9,17,50,2,05中正區,中正區金山南路1段37號,0,0,1,5,F01,8,7,5,50,14,9,1,5,4,5,13,4,4,1,4,5,2,9,3,0,,,,,,,,,,,,67,,1,,121.5289818,25.0397605
113,8,9,17,50,2,05中正區,中正區金山南路1段37號,0,0,1,6,C03,8,7,5,50,14,9,1,5,4,5,13,4,4,1,4,5,2,9,3,0,,,,,,,,,,,,67,,1,,121.5289818,25.0397605
113,8,9,17,50,2,05中正區,中正區金山南路1段37號,0,0,1,7,C03,8,7,5,50,14,9,1,5,4,5,13,4,4,1,4,5,2,9,3,0,,,,,,,,,,,,67,,1,,121.5289818,25.0397605
113,8,9,18,11,2,10文山區,文山區木柵路4段與和平東路4段口,0,0,1,1,C03,8,6,5,50,14,9,1,5,4,5,13,2,1,5,4,5,2,13,1,64,2,9,5,4,7,9,3,18,2,12,,42,,1,21,121.5747548,24.9984391
113,8,9,18,11,2,10文山區,文山區木柵路4段與和平東路4段口,0,0,1,2,C02,8,6,5,50,14,9,1,5,4,5,13,2,1,5,4,5,2,13,1,37,3,10,5,4,7,9,1,9,2,14,,44,,1,21,121.5747548,24.9984391