發生年度,發生月,發生日,發生時-Hours,發生分,處理別-編號,區序,肇事地點,死亡人數,2-30日死亡人數,受傷人數,當事人序號,車種,天候,道路照明設備,道路類別,速限-速度限制,道路型態,事故位置,路面狀況1,路面狀況2,路面狀況3,道路障礙1,道路障礙2,號誌1,號誌2,車道劃分-分向,車道劃分-分道1,車道劃分-分道2,車道劃分-分道3,事故類型及型態,性別,年齡,受傷程度,主要傷處,保護裝置,行動電話,車輛用途,當事者行動狀態,駕駛資格情形,駕駛執照種類,飲酒情形,車輛撞擊部位1,車輛撞擊部位2,肇因碼-個別,肇因碼-主要,個人肇逃否,職業,座標-X,座標-Y
113,8,9,18,20,2,08士林區,士林區延平北路7段106巷與社子大橋口,0,0,2,3,C03,8,6,5,40,3,2,1,5,4,5,13,1,1,1,5,5,1,17,2,30,2,9,5,1,7,9,1,10,2,12,,44,,1,21,121.4956057,25.10885168
113,8,9,18,20,2,08士林區,士林區延平北路7段106巷與社子大橋口,0,0,2,1,C03,8,6,5,40,3,2,1,5,4,5,13,1,1,1,5,5,1,17,4,0,,,,,,,,,11,,,119,,,,121.4956057,25.10885168
113,8,9,18,20,2,08士林區,士林區延平北路7段106巷與社子大橋口,0,0,2,2,C03,8,6,5,40,3,2,1,5,4,5,13,1,1,1,5,5,1,17,1,48,2,8,5,1,7,9,1,10,2,14,,44,,1,21,121.4956057,25.10885168
113,8,9,18,40,2,04大安區,大安區光復南路560巷,0,0,1,1,B03,8,5,5,30,14,9,1,5,4,5,13,4,4,8,3,5,1,12,1,47,3,10,7,1,7,13,1,8,1,4,,40,,1,21,121.557234,25.0344155
113,8,9,18,40,2,04大安區,大安區光復南路560巷,0,0,1,2,C03,8,5,5,30,14,9,1,5,4,5,13,4,4,8,3,5,1,12,1,44,2,8,6,1,7,9,1,10,1,12,,44,,1,21,121.557234,25.0344155
113,8,9,18,50,2,03中山區,中山區堤頂大道2段258號,0,0,1,1,F01,7,5,5,50,14,9,1,5,4,5,13,4,4,5,4,5,2,13,1,17,2,7,3,4,7,9,8,20,1,11,,16,,1,21,121.5658608,25.0779835
113,8,9,18,50,2,03中山區,中山區堤頂大道2段258號,0,0,1,2,B03,7,5,5,50,14,9,1,5,4,5,13,4,4,5,4,5,2,13,1,52,3,10,3,4,7,13,1,8,11,7,,38,,1,21,121.5658608,25.0779835
113,8,9,18,51,2,04大安區,大安區延吉街與光復南路420巷口,0,0,1,1,B02,7,5,5,50,4,1,1,5,4,5,13,4,4,4,3,5,1,15,2,30,3,10,3,4,7,9,1,8,1,8,,108,,1,22,121.5556062,25.0365709
113,8,9,18,51,2,04大安區,大安區延吉街與光復南路420巷口,0,0,1,2,C04,7,5,5,50,4,1,1,5,4,5,13,4,4,4,3,5,1,15,2,45,2,9,5,1,7,15,1,11,1,13,,72,,1,22,121.5556062,25.0365709
113,8,9,18,52,2,12內湖區,內湖區成功路5段與康寧路3段口引道口,0,0,1,1,A02,8,5,5,50,3,3,1,5,4,5,13,2,1,1,4,4,2,9,1,54,3,10,7,1,7,1,1,2,2,17,,44,,1,21,121.6060412,25.07348238
113,8,9,18,52,2,12內湖區,內湖區成功路5段與康寧路3段口引道口,0,0,1,2,H02,8,5,5,50,3,3,1,5,4,5,13,2,1,1,4,4,2,9,2,80,2,9,4,5,7,19,8,20,10,16,,56,,1,21,121.6060412,25.07348238
113,8,9,19,15,1,11南港區,南港區忠孝東路7段99號對面西往東,1,0,1,1,B12,8,5,5,40,14,8,1,5,4,5,13,4,4,1,4,4,2,12,1,58,2,3,3,2,7,9,1,8,2,5,,16,,1,21,121.5978983,25.0509836
113,8,9,19,15,1,11南港區,南港區忠孝東路7段99號對面西往東,1,0,1,2,F03,8,5,5,40,14,8,1,5,4,5,13,4,4,1,4,4,2,12,1,46,1,9,5,1,7,9,8,20,9,14,,44,,1,21,121.5978983,25.0509836
113,8,9,19,15,1,11南港區,南港區忠孝東路7段99號對面西往東,1,0,1,3,B03,8,5,5,40,14,8,1,5,4,5,13,4,4,1,4,4,2,12,1,37,3,10,3,4,7,13,1,8,9,7,,44,,1,21,121.5978983,25.0509836
113,8,9,19,25,2,12內湖區,內湖區麥帥一橋東向西no.6511385燈桿,0,0,1,1,B01,8,6,5,60,10,9,1,5,4,5,13,4,4,9,4,5,1,13,1,58,3,10,7,1,7,9,1,4,1,1,,13,,1,21,121.5742742,25.0531229
113,8,9,19,25,2,12內湖區,內湖區麥帥一橋東向西no.6511385燈桿,0,0,1,2,C02,8,6,5,60,10,9,1,5,4,5,13,4,4,9,4,5,1,13,1,23,2,9,6,1,7,9,1,9,1,13,,44,,1,21,121.5742742,25.0531229
113,8,9,19,30,2,04大安區,大安區基隆路2段264號,0,0,2,1,C03,8,5,5,50,14,9,1,5,4,5,13,4,4,9,4,5,1,17,1,59,2,9,3,4,7,15,1,10,1,13,,101,,1,21,121.5499835,25.0222227
113,8,9,19,30,2,04大安區,大安區基隆路2段264號,0,0,2,2,C03,8,5,5,50,14,9,1,5,4,5,13,4,4,9,4,5,1,17,1,66,2,9,3,4,7,15,1,10,1,15,,108,,1,21,121.5499835,25.0222227
113,8,9,19,45,2,03中山區,中山區民族東路232號對面,0,0,1,1,C03,8,5,5,50,14,9,1,5,4,5,13,4,4,3,4,5,2,17,2,65,2,1,6,1,7,9,1,10,1,11,,108,,1,21,121.5319468,25.06832302
113,8,9,19,45,2,03中山區,中山區民族東路232號對面,0,0,1,2,B03,8,5,5,50,14,9,1,5,4,5,13,4,4,3,4,5,2,17,1,51,3,10,7,1,7,14,1,8,1,7,,38,,1,21,121.5319468,25.06832302
113,8,9,19,56,2,01大同區,大同區民生西路與赤峰街口,0,0,1,2,C03,8,5,5,30,3,2,1,5,4,5,13,4,4,5,4,5,2,17,1,22,2,8,3,4,7,9,1,10,2,12,,14,,1,21,121.5197191,25.0575395
113,8,9,19,56,2,01大同區,大同區民生西路與赤峰街口,0,0,1,1,C03,8,5,5,30,3,2,1,5,4,5,13,4,4,5,4,5,2,17,1,27,4,11,5,4,7,5,1,10,11,11,,72,,2,21,121.5197191,25.0575395
113,8,9,20,49,2,03中山區,中山區北安路630巷與明水路口,0,0,1,1,B03,8,5,5,50,4,1,1,5,4,5,13,1,1,1,4,5,2,16,1,40,3,10,3,4,7,5,1,8,2,1,,71,,1,21,121.5510789,25.0827178
113,8,9,20,49,2,03中山區,中山區北安路630巷與明水路口,0,0,1,2,C03,8,5,5,50,4,1,1,5,4,5,13,1,1,1,4,5,2,16,1,38,2,9,3,4,7,9,1,10,2,11,,13,,1,21,121.5510789,25.0827178
113,8,9,21,3,2,12內湖區,內湖區安康路328巷與潭美街口,0,0,1,1,B03,7,5,5,50,3,1,1,5,4,5,13,4,4,10,4,5,2,16,1,41,3,10,7,1,7,5,6,8,1,4,,8,,1,21,121.6094103,25.0633317
113,8,9,21,3,2,12內湖區,內湖區安康路328巷與潭美街口,0,0,1,2,C03,7,5,5,50,3,1,1,5,4,5,13,4,4,10,4,5,2,16,1,28,2,9,5,1,7,9,1,10,1,12,,44,,1,21,121.6094103,25.0633317
113,8,9,21,15,2,07信義區,信義區永吉路165號,0,0,1,1,B03,8,5,5,50,14,9,1,5,4,5,13,1,1,3,4,5,2,13,1,68,3,10,7,1,7,9,1,8,1,1,,16,,1,21,121.5709402,25.0456652
113,8,9,21,15,2,07信義區,信義區永吉路165號,0,0,1,2,C02,8,5,5,50,14,9,1,5,4,5,13,1,1,3,4,5,2,13,1,45,2,5,6,1,7,14,1,9,1,13,,44,,1,21,121.5709402,25.0456652
113,8,9,21,23,2,03中山區,中山區林森北路與民生東路1段23巷口,0,0,1,1,B03,8,5,5,50,4,1,1,5,4,6,10,2,1,10,4,5,2,16,1,23,3,10,7,1,7,6,1,8,1,5,,9,,1,21,121.5255014,25.05905462
113,8,9,21,23,2,03中山區,中山區林森北路與民生東路1段23巷口,0,0,1,2,C03,8,5,5,50,4,1,1,5,4,6,10,2,1,10,4,5,2,16,2,41,2,9,6,1,7,9,1,10,1,14,,44,,1,21,121.5255014,25.05905462
113,8,9,21,46,2,04大安區,大安區基隆路3段20號,0,0,3,1,C03,7,5,5,50,14,9,1,5,4,5,13,4,4,1,3,5,1,13,2,39,2,9,5,1,7,12,1,10,1,13,,44,,1,22,121.547509,25.0200383
113,8,9,21,46,2,04大安區,大安區基隆路3段20號,0,0,3,2,C03,7,5,5,50,14,9,1,5,4,5,13,4,4,1,3,5,1,13,2,58,2,9,5,1,7,9,1,10,1,11,,44,,1,22,121.547509,25.0200383
113,8,9,21,46,2,04大安區,大安區基隆路3段20號,0,0,3,3,C03,7,5,5,50,14,9,1,5,4,5,13,4,4,1,3,5,1,13,2,57,2,9,5,1,7,9,3,18,1,11,,44,,1,22,121.547509,25.0200383
113,8,9,21,46,2,04大安區,大安區基隆路3段20號,0,0,3,4,B01,7,5,5,50,14,9,1,5,4,5,13,4,4,1,3,5,1,13,1,67,3,10,3,4,7,1,1,4,9,17,,19,,1,21,121.547509,25.0200383
113,8,9,22,30,2,03中山區,中山區建國北路2段與民生東路3段口,0,0,1,1,B03,8,5,5,50,4,2,1,5,4,1,13,1,1,1,4,1,2,12,1,54,3,10,3,4,7,8,1,8,1,5,,9,,1,21,121.5378837,25.057646
113,8,9,22,30,2,03中山區,中山區建國北路2段與民生東路3段口,0,0,1,2,C03,8,5,5,50,4,2,1,5,4,1,13,1,1,1,4,1,2,12,1,34,2,7,3,4,7,9,1,10,1,14,,99,,1,21,121.5378837,25.057646
113,8,9,22,37,2,10文山區,文山區木柵路1段與和興路口,0,0,1,1,B03,8,5,5,50,14,9,1,5,4,5,13,1,1,5,4,5,2,13,1,34,3,10,7,1,7,9,1,8,1,1,,16,,1,21,121.5457521,24.9867113
113,8,9,22,37,2,10文山區,文山區木柵路1段與和興路口,0,0,1,2,C03,8,5,5,50,14,9,1,5,4,5,13,1,1,5,4,5,2,13,2,19,2,9,6,1,7,14,1,10,1,11,14,44,,1,25,121.5457521,24.9867113
113,8,9,23,27,2,09北投區,北投區石牌路2段201號與石牌路2段口六號門,0,0,1,1,F01,7,5,5,50,4,1,1,5,4,5,13,1,1,5,4,5,1,17,2,18,2,9,4,1,7,9,8,20,1,11,,16,,1,21,121.5228083,25.1209425
113,8,9,23,27,2,09北投區,北投區石牌路2段201號與石牌路2段口六號門,0,0,1,2,B01,7,5,5,50,4,1,1,5,4,5,13,1,1,5,4,5,1,17,1,60,3,10,7,1,7,6,1,4,1,7,,44,,1,21,121.5228083,25.1209425
113,8,9,23,45,2,12內湖區,內湖區康寧路3段與安康路口,0,0,1,1,B03,7,5,5,50,4,1,1,5,4,5,13,1,1,1,4,5,2,16,2,36,3,10,7,1,7,5,1,8,1,1,,8,,1,21,121.6109199,25.06512894
113,8,9,23,45,2,12內湖區,內湖區康寧路3段與安康路口,0,0,1,2,C03,7,5,5,50,4,1,1,5,4,5,13,1,1,1,4,5,2,16,1,18,2,9,5,1,7,9,1,10,1,11,,44,,1,21,121.6109199,25.06512894
113,8,10,1,12,2,12內湖區,內湖區內湖路3段143巷與內湖路3段191巷口,0,0,1,1,B12,7,5,5,30,4,1,1,5,4,5,13,4,4,10,5,5,2,15,1,72,3,10,7,1,7,9,1,8,1,1,,80,,1,21,121.5885592,25.08791971
113,8,10,1,12,2,12內湖區,內湖區內湖路3段143巷與內湖路3段191巷口,0,0,1,2,C03,7,5,5,30,4,1,1,5,4,5,13,4,4,10,5,5,2,15,2,22,2,9,5,1,7,9,1,10,1,12,,75,,1,21,121.5885592,25.08791971
113,8,10,2,2,2,07信義區,信義區吳興街與吳興街99巷口,0,0,2,1,F01,8,5,5,30,3,2,1,5,4,5,13,4,4,8,5,5,2,16,1,43,2,9,2,1,7,5,8,20,1,14,,72,,1,21,121.5608649,25.0304356
113,8,10,2,2,2,07信義區,信義區吳興街與吳興街99巷口,0,0,2,2,C03,8,5,5,30,3,2,1,5,4,5,13,4,4,8,5,5,2,16,1,44,2,9,6,2,7,9,1,10,1,11,,14,,1,21,121.5608649,25.0304356
113,8,10,6,21,2,11南港區,南港區舊莊街1段91巷與大坑街口,0,0,1,1,B03,8,5,5,30,4,1,1,5,4,5,13,4,4,5,5,5,2,16,1,43,3,10,3,4,7,5,1,8,2,4,,72,,1,21,121.6202431,25.0419118
113,8,10,6,21,2,11南港區,南港區舊莊街1段91巷與大坑街口,0,0,1,2,C03,8,5,5,30,4,1,1,5,4,5,13,4,4,5,5,5,2,16,1,51,2,9,6,1,7,9,1,10,2,11,,13,,1,21,121.6202431,25.0419118
113,8,10,6,56,2,03中山區,中山區錦州街與民權東路2段152巷口,0,0,1,1,C03,8,6,5,30,4,1,1,5,4,5,13,2,1,9,5,5,2,16,1,36,2,9,3,4,7,5,1,10,2,14,,44,,1,21,121.5348494,25.0603653
113,8,10,6,56,2,03中山區,中山區錦州街與民權東路2段152巷口,0,0,1,2,C03,8,6,5,30,4,1,1,5,4,5,13,2,1,9,5,5,2,16,2,60,3,10,6,1,7,9,1,10,2,12,,86,,1,22,121.5348494,25.0603653
113,8,10,7,42,2,09北投區,北投區石牌路2段與石牌路2段口201號榮民總醫院出入道路口,0,0,1,1,B03,8,7,5,50,3,1,1,5,4,5,13,1,1,5,4,5,2,16,1,60,3,10,7,1,7,6,1,8,1,6,,9,,1,22,121.5201504,25.11868133
113,8,10,7,42,2,09北投區,北投區石牌路2段與石牌路2段口201號榮民總醫院出入道路口,0,0,1,2,C03,8,7,5,50,3,1,1,5,4,5,13,1,1,5,4,5,2,16,1,30,2,9,5,1,7,9,1,10,1,11,,44,,1,22,121.5201504,25.11868133
113,8,10,8,33,2,09北投區,北投區大度路1段與中央北路2段257巷口,0,0,2,1,B03,8,6,5,70,5,1,1,5,4,5,13,2,1,1,1,1,1,16,1,38,3,10,7,1,7,6,1,8,2,2,,9,,1,21,121.4863098,25.1221163
113,8,10,8,33,2,09北投區,北投區大度路1段與中央北路2段257巷口,0,0,2,2,C03,8,6,5,70,5,1,1,5,4,5,13,2,1,1,1,1,1,16,1,25,2,9,5,1,7,9,1,10,2,11,,44,,1,21,121.4863098,25.1221163
113,8,10,8,33,2,09北投區,北投區大度路1段與中央北路2段257巷口,0,0,2,3,H02,8,6,5,70,5,1,1,5,4,5,13,2,1,1,1,1,1,16,2,32,2,9,7,5,7,20,8,20,10,16,,67,,1,21,121.4863098,25.1221163
113,8,10,8,46,2,01大同區,大同區承德路2段與民生西路口,0,0,1,1,C03,8,6,5,50,5,1,1,5,4,5,13,2,1,1,4,5,2,17,1,73,2,9,6,1,7,9,1,10,1,12,,42,,1,21,121.518262,25.0571917
113,8,10,8,46,2,01大同區,大同區承德路2段與民生西路口,0,0,1,2,C03,8,6,5,50,5,1,1,5,4,5,13,2,1,1,4,5,2,17,2,40,3,10,6,1,7,15,3,18,1,17,,100,,1,21,121.518262,25.0571917
113,8,10,8,46,2,11南港區,南港區松河街370號,0,0,1,1,C03,8,7,5,50,14,9,1,5,4,5,13,4,4,9,5,5,2,13,1,21,2,7,6,4,7,9,1,10,1,11,,16,,1,21,121.5871317,25.05418189
113,8,10,8,46,2,11南港區,南港區松河街370號,0,0,1,2,C03,8,7,5,50,14,9,1,5,4,5,13,4,4,9,5,5,2,13,1,44,3,10,6,4,7,9,1,10,1,13,,44,,1,21,121.5871317,25.05418189
113,8,10,8,46,2,11南港區,南港區松河街370號,0,0,1,3,H01,8,7,5,50,14,9,1,5,4,5,13,4,4,9,5,5,2,13,1,41,3,10,4,5,8,17,8,20,10,16,,121,,1,21,121.5871317,25.05418189
113,8,10,8,50,2,12內湖區,內湖區新明路與成美橋口,0,0,1,1,B03,8,7,5,50,4,1,1,5,4,5,13,1,1,4,4,5,1,17,2,39,3,10,7,1,7,5,1,8,1,5,,16,,1,21,121.5823045,25.0557951
113,8,10,8,50,2,12內湖區,內湖區新明路與成美橋口,0,0,1,2,C03,8,7,5,50,4,1,1,5,4,5,13,1,1,4,4,5,1,17,2,36,2,9,6,1,7,5,1,10,1,14,,16,,1,21,121.5823045,25.0557951
113,8,10,8,55,2,03中山區,中山區建國北路1段與南京東路3段口,0,0,1,1,B02,8,7,5,50,4,1,1,5,4,5,13,2,1,1,4,5,2,16,1,47,3,10,3,4,7,6,1,8,2,5,,9,,1,21,121.5370608,25.0519278
113,8,10,8,55,2,03中山區,中山區建國北路1段與南京東路3段口,0,0,1,2,C03,8,7,5,50,4,1,1,5,4,5,13,2,1,1,4,5,2,16,1,19,2,9,6,4,7,9,3,18,2,14,,44,,1,21,121.5370608,25.0519278
113,8,10,9,28,2,02萬華區,萬華區桂林路244巷與桂林路228巷11弄口,0,0,2,1,C03,8,7,5,50,5,2,1,5,4,5,13,1,1,9,4,5,2,17,2,19,2,8,6,1,7,8,1,10,9,11,,16,,1,21,121.495393,25.03833924
113,8,10,9,28,2,02萬華區,萬華區桂林路244巷與桂林路228巷11弄口,0,0,2,2,C03,8,7,5,50,5,2,1,5,4,5,13,1,1,9,4,5,2,17,1,37,2,9,6,1,7,12,1,10,9,13,,27,,1,21,121.495393,25.03833924
113,8,10,9,30,2,03中山區,中山區樂群一路與基湖路口,0,0,1,1,C03,8,5,8,50,3,1,1,5,4,5,13,1,1,1,5,5,2,13,2,21,2,6,6,1,7,12,1,10,1,13,,14,,1,21,121.5631708,25.07608673
113,8,10,9,30,2,03中山區,中山區樂群一路與基湖路口,0,0,1,2,B03,8,5,8,50,3,1,1,5,4,5,13,1,1,1,5,5,2,13,1,51,3,10,7,1,7,9,1,8,1,1,,16,,1,21,121.5631708,25.07608673
113,8,10,9,40,2,03中山區,中山區民權東路2段116號,0,0,2,1,C03,8,6,5,50,14,9,1,5,4,5,13,4,4,1,4,5,2,13,1,20,2,9,6,1,7,9,1,10,2,11,,16,,1,22,121.5324483,25.0624192
113,8,10,9,40,2,03中山區,中山區民權東路2段116號,0,0,2,2,C03,8,6,5,50,14,9,1,5,4,5,13,4,4,1,4,5,2,13,1,30,2,7,6,1,7,9,1,10,2,13,,44,,1,22,121.5324483,25.0624192
113,8,10,10,0,2,12內湖區,內湖區東湖路113巷111弄8號前,0,0,1,1,B01,8,7,5,50,14,9,1,5,4,5,13,4,4,10,4,5,2,16,2,54,3,10,3,4,7,11,1,4,2,5,,10,,1,21,121.6153873,25.07263566
113,8,10,10,0,2,12內湖區,內湖區東湖路113巷111弄8號前,0,0,1,2,C03,8,7,5,50,14,9,1,5,4,5,13,4,4,10,4,5,2,16,2,47,2,9,6,1,7,9,1,10,2,12,,44,,1,21,121.6153873,25.07263566
113,8,10,10,55,2,07信義區,信義區基隆路2段77號,0,0,1,1,C03,8,7,5,50,14,9,1,5,4,5,13,4,4,3,4,5,2,13,1,20,2,7,6,1,7,8,1,10,1,11,,106,,1,21,121.5581437,25.0305544
113,8,10,10,55,2,07信義區,信義區基隆路2段77號,0,0,1,2,B03,8,7,5,50,14,9,1,5,4,5,13,4,4,3,4,5,2,13,1,44,3,10,7,1,7,14,1,8,1,6,,44,,1,21,121.5581437,25.0305544
113,8,10,11,27,2,11南港區,南港區忠孝東路6段與忠孝東路6段281巷口,0,0,1,1,B01,8,7,5,40,14,8,1,5,4,5,13,2,1,1,3,4,2,16,1,57,3,10,7,1,7,7,1,4,1,6,,100,,1,21,121.5910026,25.0498181
113,8,10,11,27,2,11南港區,南港區忠孝東路6段與忠孝東路6段281巷口,0,0,1,2,C03,8,7,5,40,14,8,1,5,4,5,13,2,1,1,3,4,2,16,2,35,2,7,6,1,7,9,1,10,1,11,,44,,1,26,121.5910026,25.0498181
113,8,10,11,38,2,05中正區,中正區中華路2段343號,0,0,2,1,F01,8,6,5,0,14,20,4,5,4,5,13,4,4,10,5,5,2,9,1,12,2,8,4,2,7,9,8,20,2,11,,108,,1,14,121.507091,25.0269487
113,8,10,11,38,2,05中正區,中正區中華路2段343號,0,0,2,2,H01,8,6,5,0,14,20,4,5,4,5,13,4,4,10,5,5,2,9,2,61,2,7,4,5,8,17,8,20,10,16,,67,,1,21,121.507091,25.0269487
113,8,10,11,39,2,07信義區,信義區基隆路1段364巷36號,0,0,1,1,B03,8,7,8,30,14,9,1,5,4,5,13,4,4,5,5,5,2,1,1,73,3,10,3,4,7,8,7,19,11,2,,44,,2,22,121.5579935,25.0351475
113,8,10,11,39,2,07信義區,信義區基隆路1段364巷36號,0,0,1,2,H01,8,7,8,30,14,9,1,5,4,5,13,4,4,5,5,5,2,1,1,26,2,7,4,5,8,16,8,20,1,16,,67,,1,22,121.5579935,25.0351475
113,8,10,12,22,2,01大同區,大同區西寧北路與迪化街1段72巷口口,0,0,1,1,B03,8,6,5,50,3,1,1,5,4,5,13,4,4,5,5,5,2,16,1,31,3,10,7,1,7,1,1,8,1,8,,19,,1,21,121.5089219,25.0555097
113,8,10,12,22,2,01大同區,大同區西寧北路與迪化街1段72巷口口,0,0,1,2,C03,8,6,5,50,3,1,1,5,4,5,13,4,4,5,5,5,2,16,2,48,2,7,6,1,7,9,1,10,1,12,,44,,1,21,121.5089219,25.0555097
113,8,10,12,23,2,02萬華區,萬華區開封街2段與漢中街口,0,0,2,1,C03,7,7,5,50,3,1,1,5,4,5,13,4,4,10,4,5,2,12,1,49,4,11,3,,7,21,7,19,11,12,,119,,2,21,121.5080908,25.0462977
113,8,10,12,23,2,02萬華區,萬華區開封街2段與漢中街口,0,0,2,2,C03,7,7,5,50,3,1,1,5,4,5,13,4,4,10,4,5,2,12,2,25,2,7,5,1,7,21,1,10,1,14,,44,,1,21,121.5080908,25.0462977
113,8,10,12,23,2,02萬華區,萬華區開封街2段與漢中街口,0,0,2,3,H02,7,7,5,50,3,1,1,5,4,5,13,4,4,10,4,5,2,12,2,67,2,9,5,5,7,21,8,20,10,16,,67,,1,21,121.5080908,25.0462977
113,8,10,12,38,2,07信義區,信義區莊敬路289巷與莊敬路289巷5弄口口,0,0,1,1,C03,8,7,5,30,4,1,1,5,4,5,13,4,4,10,5,5,2,15,2,62,2,8,6,1,7,9,1,10,1,11,,72,,1,21,121.563666,25.0291559
113,8,10,12,38,2,07信義區,信義區莊敬路289巷與莊敬路289巷5弄口口,0,0,1,2,B03,8,7,5,30,4,1,1,5,4,5,13,4,4,10,5,5,2,15,1,61,3,10,7,1,7,9,1,8,1,4,,44,,1,21,121.563666,25.0291559
113,8,10,12,40,2,08士林區,士林區忠義街118號,0,0,1,1,C03,8,7,5,40,14,9,1,5,4,5,13,4,4,5,5,5,2,13,1,46,2,1,6,1,7,9,1,10,1,11,,16,,1,21,121.53266,25.10745327
113,8,10,12,40,2,08士林區,士林區忠義街118號,0,0,1,2,B03,8,7,5,40,14,9,1,5,4,5,13,4,4,5,5,5,2,13,2,43,3,10,7,1,7,12,1,8,1,7,,44,,1,21,121.53266,25.10745327
113,8,10,12,59,2,12內湖區,內湖區成功路3段174巷33弄與成功路3段174巷口,0,0,1,1,B03,7,6,5,50,4,1,1,5,4,5,13,4,4,9,5,5,2,14,1,35,3,10,7,1,7,2,1,8,2,15,,12,,1,21,121.590464,25.0816331
113,8,10,12,59,2,12內湖區,內湖區成功路3段174巷33弄與成功路3段174巷口,0,0,1,2,C03,7,6,5,50,4,1,1,5,4,5,13,4,4,9,5,5,2,14,1,37,2,8,6,1,7,9,1,10,2,11,,42,,1,21,121.590464,25.0816331
113,8,10,13,42,2,10文山區,文山區木新路2段與恆光街口,0,0,1,1,B03,8,6,5,50,14,9,2,5,4,5,13,2,1,5,4,5,2,17,1,22,3,10,3,4,7,9,1,8,1,1,,108,,1,21,121.566645,24.9832372
113,8,10,13,42,2,10文山區,文山區木新路2段與恆光街口,0,0,1,2,C03,8,6,5,50,14,9,2,5,4,5,13,2,1,5,4,5,2,17,2,26,2,9,5,4,7,14,1,10,1,13,,103,,1,21,121.566645,24.9832372
113,8,10,13,45,2,11南港區,南港區市民大道8段與向陽路口,0,0,1,1,B03,7,7,5,50,4,2,1,5,4,5,13,2,1,1,4,5,2,13,1,67,3,10,3,4,7,9,1,8,1,8,,16,,1,21,121.5958837,25.051565
113,8,10,13,45,2,11南港區,南港區市民大道8段與向陽路口,0,0,1,2,C03,7,7,5,50,4,2,1,5,4,5,13,2,1,1,4,5,2,13,2,67,2,9,6,4,7,5,1,10,1,13,,44,,1,21,121.5958837,25.051565
113,8,10,13,47,2,03中山區,中山區林森北路與長春路口,0,0,1,1,B03,6,5,5,50,4,1,1,4,4,5,13,1,1,9,4,5,2,16,1,49,3,10,7,1,7,7,1,8,1,6,,100,,1,21,121.525449,25.0549753
113,8,10,13,47,2,03中山區,中山區林森北路與長春路口,0,0,1,2,C03,6,5,5,50,4,1,1,4,4,5,13,1,1,9,4,5,2,16,2,36,2,9,6,1,7,9,1,10,1,11,,116,,1,21,121.525449,25.0549753
113,8,10,14,5,2,05中正區,中正區中華路2段371號,0,0,1,1,C03,6,7,5,50,14,9,1,4,4,5,13,4,4,9,4,5,2,13,2,56,2,6,5,1,7,9,1,11,1,11,,107,,1,21,121.5073975,25.0265653
113,8,10,14,5,2,05中正區,中正區中華路2段371號,0,0,1,2,B02,6,7,5,50,14,9,1,4,4,5,13,4,4,9,4,5,2,13,1,23,3,10,7,1,7,12,1,8,1,7,,9,,1,21,121.5073975,25.0265653
113,8,10,14,7,2,04大安區,大安區信義路2段198巷與永康街31巷口,0,0,1,1,C03,6,5,5,30,4,1,1,4,4,5,13,4,4,10,5,5,2,15,1,32,2,8,6,1,7,9,1,10,1,11,,14,,1,21,121.5309368,25.0316526
113,8,10,14,7,2,04大安區,大安區信義路2段198巷與永康街31巷口,0,0,1,2,B03,6,5,5,30,4,1,1,4,4,5,13,4,4,10,5,5,2,15,1,53,3,10,7,1,7,9,1,8,1,8,,14,,1,21,121.5309368,25.0316526
113,8,10,14,14,2,03中山區,中山區建國北路2段與南京東路3段口,0,0,1,1,B02,7,7,5,50,4,2,1,5,4,5,13,4,4,1,3,4,1,12,1,42,3,10,7,1,7,7,1,8,1,5,,100,,1,21,121.5369206,25.05218717
113,8,10,14,14,2,03中山區,中山區建國北路2段與南京東路3段口,0,0,1,2,C03,7,7,5,50,4,2,1,5,4,5,13,4,4,1,3,4,1,12,2,37,2,8,5,1,7,9,1,10,1,14,,44,,1,21,121.5369206,25.05218717
113,8,10,14,30,2,12內湖區,內湖區潭美街與安康路228巷口口,0,0,1,1,C03,6,6,5,40,3,1,1,4,4,5,13,2,1,5,5,5,2,17,2,26,2,9,5,1,7,12,1,10,1,14,,13,,1,21,121.6035797,25.0611664
113,8,10,14,30,2,12內湖區,內湖區潭美街與安康路228巷口口,0,0,1,2,B12,6,6,5,40,3,1,1,4,4,5,13,2,1,5,5,5,2,17,1,57,3,10,7,1,7,6,1,8,1,17,,44,,1,21,121.6035797,25.0611664
113,8,10,14,50,2,07信義區,信義區忠孝東路5段2號,0,0,1,1,A02,8,6,6,50,14,9,1,5,4,5,13,4,4,1,4,5,2,9,1,56,3,10,7,1,7,9,1,2,11,17,,44,,1,21,121.5651771,25.041026
113,8,10,14,50,2,07信義區,信義區忠孝東路5段2號,0,0,1,2,H02,8,6,6,50,14,9,1,5,4,5,13,4,4,1,4,5,2,9,2,43,2,6,4,5,7,20,8,20,10,16,,67,,1,21,121.5651771,25.041026
113,8,10,15,8,2,12內湖區,內湖區舊宗路2段五汐高架南下出口,0,0,1,1,B03,6,7,5,50,22,9,1,4,4,5,13,2,1,1,4,5,2,23,1,45,2,9,3,4,7,9,1,8,2,1,,108,,1,21,121.5747711,25.0708101
113,8,10,15,8,2,12內湖區,內湖區舊宗路2段五汐高架南下出口,0,0,1,2,,6,7,5,50,22,9,1,4,4,5,13,2,1,1,4,5,2,23,3,0,,,,,,,,,,,,67,,1,,121.5747711,25.0708101
113,8,10,15,8,2,12內湖區,內湖區舊宗路2段五汐高架南下出口,0,0,1,3,,6,7,5,50,22,9,1,4,4,5,13,2,1,1,4,5,2,23,3,0,,,,,,,,,,,,67,,1,,121.5747711,25.0708101