發生年度,發生月,發生日,發生時-Hours,發生分,處理別-編號,區序,肇事地點,死亡人數,2-30日死亡人數,受傷人數,當事人序號,車種,天候,道路照明設備,道路類別,速限-速度限制,道路型態,事故位置,路面狀況1,路面狀況2,路面狀況3,道路障礙1,道路障礙2,號誌1,號誌2,車道劃分-分向,車道劃分-分道1,車道劃分-分道2,車道劃分-分道3,事故類型及型態,性別,年齡,受傷程度,主要傷處,保護裝置,行動電話,車輛用途,當事者行動狀態,駕駛資格情形,駕駛執照種類,飲酒情形,車輛撞擊部位1,車輛撞擊部位2,肇因碼-個別,肇因碼-主要,個人肇逃否,職業,座標-X,座標-Y
113,8,10,15,12,2,10文山區,文山區忠順街1段與興隆路4段口口,0,0,1,1,B03,8,6,5,50,4,1,1,5,4,5,13,2,1,5,5,5,2,16,1,68,3,10,7,1,7,6,1,8,2,2,,9,,1,21,121.5616067,24.9844571
113,8,10,15,12,2,10文山區,文山區忠順街1段與興隆路4段口口,0,0,1,2,C03,8,6,5,50,4,1,1,5,4,5,13,2,1,5,5,5,2,16,2,37,2,8,5,1,7,9,1,10,2,14,,44,,1,23,121.5616067,24.9844571
113,8,10,15,39,2,02萬華區,萬華區環河南路1段與康定路口,0,0,1,1,C03,8,5,5,50,3,2,1,5,4,5,13,1,1,5,4,5,2,17,2,36,2,8,5,4,7,5,1,11,11,13,,44,,1,21,121.5033516,25.04631529
113,8,10,15,39,2,02萬華區,萬華區環河南路1段與康定路口,0,0,1,2,B03,8,5,5,50,3,2,1,5,4,5,13,1,1,5,4,5,2,17,2,48,3,10,7,4,7,1,1,8,1,1,,108,,1,21,121.5033516,25.04631529
113,8,10,15,45,2,12內湖區,內湖區成功路4段70號,0,0,2,1,C03,7,7,8,40,14,8,1,4,4,5,13,4,4,1,4,4,2,13,1,69,2,9,5,1,7,9,6,18,1,11,,16,,1,21,121.5927196,25.0825152
113,8,10,15,45,2,12內湖區,內湖區成功路4段70號,0,0,2,2,B03,7,7,8,40,14,8,1,4,4,5,13,4,4,1,4,4,2,13,1,29,2,3,7,1,7,9,1,8,1,3,,44,,1,21,121.5927196,25.0825152
113,8,10,15,56,2,05中正區,中正區羅斯福路1段與福州街口,0,0,1,1,C03,8,7,5,50,5,1,1,5,4,5,13,2,1,1,4,5,2,17,1,51,3,10,5,1,7,15,1,10,1,13,,42,,1,21,121.5202392,25.0298396
113,8,10,15,56,2,05中正區,中正區羅斯福路1段與福州街口,0,0,1,2,C03,8,7,5,50,5,1,1,5,4,5,13,2,1,1,4,5,2,17,1,41,2,7,5,1,7,9,1,10,1,11,,42,,1,21,121.5202392,25.0298396
113,8,10,16,25,2,08士林區,士林區延平北路5段68號,0,0,1,1,B01,8,5,5,50,14,9,1,5,4,5,13,4,4,3,4,5,1,17,1,56,3,10,7,1,7,9,1,8,1,2,,44,,1,21,121.5107023,25.08079448
113,8,10,16,25,2,08士林區,士林區延平北路5段68號,0,0,1,2,F01,8,5,5,50,14,9,1,5,4,5,13,4,4,3,4,5,1,17,2,76,2,9,4,1,7,9,8,20,1,15,,44,,1,21,121.5107023,25.08079448
113,8,10,16,48,2,06松山區,松山區八德路4段815號,0,0,1,1,B03,7,5,5,30,14,9,1,5,4,5,13,3,1,8,3,5,2,16,1,26,3,10,3,4,7,11,1,8,1,4,,10,,1,22,121.5790488,25.0513333
113,8,10,16,48,2,06松山區,松山區八德路4段815號,0,0,1,2,C03,7,5,5,30,14,9,1,5,4,5,13,3,1,8,3,5,2,16,2,33,2,9,5,1,7,9,1,10,1,12,,44,,1,22,121.5790488,25.0513333
113,8,10,16,57,2,03中山區,中山區市民大道3段與新生北路1段口,0,0,1,1,C03,8,6,5,40,4,1,1,5,4,5,13,2,1,1,4,5,2,13,1,29,2,7,6,1,7,9,1,10,1,11,,16,,1,22,121.5306918,25.046205
113,8,10,16,57,2,03中山區,中山區市民大道3段與新生北路1段口,0,0,1,2,B03,8,6,5,40,4,1,1,5,4,5,13,2,1,1,4,5,2,13,1,50,3,10,7,1,7,6,1,8,1,7,,44,,1,22,121.5306918,25.046205
113,8,10,16,57,2,03中山區,中山區市民大道3段與新生北路1段口,0,0,1,3,B03,8,6,5,40,4,1,1,5,4,5,13,2,1,1,4,5,2,13,2,69,3,10,7,1,7,9,6,18,1,5,,44,,1,22,121.5306918,25.046205
113,8,10,17,50,2,08士林區,士林區承德路4段與承德路4段33巷口,0,0,1,1,C03,8,6,5,50,4,2,1,5,4,5,13,2,1,1,4,5,2,12,1,84,4,11,3,4,7,21,7,19,11,15,,17,,2,22,121.5224851,25.0805846
113,8,10,17,50,2,08士林區,士林區承德路4段與承德路4段33巷口,0,0,1,2,C03,8,6,5,50,4,2,1,5,4,5,13,2,1,1,4,5,2,12,2,69,2,9,3,4,7,15,1,10,9,12,,44,,1,22,121.5224851,25.0805846
113,8,10,17,56,2,08士林區,士林區福港街與中正路口,0,0,1,1,B03,7,7,5,50,3,1,1,4,4,5,13,2,1,3,4,4,1,3,1,23,3,10,7,1,7,6,1,8,1,1,,70,,1,21,121.5177839,25.0917971
113,8,10,17,56,2,08士林區,士林區福港街與中正路口,0,0,1,2,H01,7,7,5,50,3,1,1,4,4,5,13,2,1,3,4,4,1,3,1,24,2,9,4,5,8,18,8,20,1,16,,123,,1,21,121.5177839,25.0917971
113,8,10,18,40,2,12內湖區,內湖區文德路208巷與文德路208巷6弄口,0,0,1,1,C03,6,5,5,50,3,18,1,4,4,5,13,4,4,8,3,5,1,6,2,23,3,10,3,4,7,9,1,10,1,11,,14,,1,22,121.5834445,25.0776949
113,8,10,18,40,2,12內湖區,內湖區文德路208巷與文德路208巷6弄口,0,0,1,2,H01,6,5,5,50,3,18,1,4,4,5,13,4,4,8,3,5,1,6,2,11,2,8,4,5,8,18,8,20,10,16,,67,,1,22,121.5834445,25.0776949
113,8,10,19,46,2,07信義區,信義區永吉路與松隆路口,0,0,1,1,C03,6,5,5,50,5,1,1,4,4,5,13,1,1,1,4,5,2,16,1,37,2,9,6,1,7,5,1,10,2,11,,98,,1,23,121.5702996,25.045632
113,8,10,19,46,2,07信義區,信義區永吉路與松隆路口,0,0,1,2,B03,6,5,5,50,5,1,1,4,4,5,13,1,1,1,4,5,2,16,1,52,3,10,7,1,7,9,1,8,2,4,,13,,1,21,121.5702996,25.045632
113,8,10,19,46,2,07信義區,信義區永吉路與松隆路口,0,0,1,3,B03,6,5,5,50,5,1,1,4,4,5,13,1,1,1,4,5,2,16,1,48,3,10,7,1,7,5,1,8,1,17,,44,,1,21,121.5702996,25.045632
113,8,10,19,50,2,01大同區,大同區重慶北路1段與長安西路口,0,0,2,1,B03,6,5,5,50,4,2,1,4,4,5,13,2,1,1,4,5,2,17,2,55,3,10,3,4,7,11,1,8,2,17,,10,,1,21,121.5140309,25.0516786
113,8,10,19,50,2,01大同區,大同區重慶北路1段與長安西路口,0,0,2,2,C03,6,5,5,50,4,2,1,4,4,5,13,2,1,1,4,5,2,17,1,23,2,9,3,4,7,9,1,10,2,12,,44,,1,21,121.5140309,25.0516786
113,8,10,19,50,2,01大同區,大同區重慶北路1段與長安西路口,0,0,2,3,H02,6,5,5,50,4,2,1,4,4,5,13,2,1,1,4,5,2,17,2,23,2,8,3,5,7,20,8,20,10,16,,44,,1,21,121.5140309,25.0516786
113,8,10,19,50,2,01大同區,大同區雙連街與萬全街口,0,0,1,1,B03,6,5,5,30,4,1,1,4,4,5,13,4,4,10,5,5,2,15,1,54,3,10,3,4,7,9,1,8,2,2,,72,,1,22,121.5190483,25.0585456
113,8,10,19,50,2,01大同區,大同區雙連街與萬全街口,0,0,1,2,C03,6,5,5,30,4,1,1,4,4,5,13,4,4,10,5,5,2,15,1,45,2,9,6,4,7,9,1,10,2,11,,13,,1,22,121.5190483,25.0585456
113,8,10,20,47,2,06松山區,松山區南京東路3段與敦化北路口,0,0,2,1,C03,6,6,5,40,4,2,1,4,4,5,13,1,1,1,3,4,2,18,1,28,2,9,6,1,7,9,1,10,11,14,,42,,1,21,121.5483433,25.0518679
113,8,10,20,47,2,06松山區,松山區南京東路3段與敦化北路口,0,0,2,2,,6,6,5,40,4,2,1,4,4,5,13,1,1,1,3,4,2,18,3,0,,,,,,,,,,,,67,,1,,121.5483433,25.0518679
113,8,10,20,47,2,06松山區,松山區南京東路3段與敦化北路口,0,0,2,3,H02,6,6,5,40,4,2,1,4,4,5,13,1,1,1,3,4,2,18,2,23,2,9,6,5,7,20,8,20,10,16,,44,,1,25,121.5483433,25.0518679
113,8,10,21,10,2,01大同區,大同區承德路3段與民族西路口,0,0,2,1,B03,7,5,5,50,4,1,1,5,4,5,13,1,1,9,4,5,1,16,1,71,3,10,3,4,7,5,1,4,2,5,,71,,1,21,121.5185082,25.068535
113,8,10,21,10,2,01大同區,大同區承德路3段與民族西路口,0,0,2,2,C03,7,5,5,50,4,1,1,5,4,5,13,1,1,9,4,5,1,16,1,31,2,9,3,4,7,9,6,18,2,11,,14,,1,21,121.5185082,25.068535
113,8,10,21,10,2,01大同區,大同區承德路3段與民族西路口,0,0,2,3,H02,7,5,5,50,4,1,1,5,4,5,13,1,1,9,4,5,1,16,2,40,2,9,3,5,7,20,8,20,10,17,,58,,1,21,121.5185082,25.068535
113,8,10,21,30,2,03中山區,中山區長安東路1段與天津街口,0,0,2,1,B01,8,5,5,50,4,2,1,5,4,5,13,1,1,9,4,5,2,16,1,55,3,10,7,1,7,11,6,18,2,1,,10,,1,21,121.5226882,25.04958443
113,8,10,21,30,2,03中山區,中山區長安東路1段與天津街口,0,0,2,2,C03,8,5,5,50,4,2,1,5,4,5,13,1,1,9,4,5,2,16,1,31,2,8,6,1,7,14,1,10,1,14,,44,,1,21,121.5226882,25.04958443
113,8,10,21,30,2,03中山區,中山區長安東路1段與天津街口,0,0,2,3,H02,8,5,5,50,4,2,1,5,4,5,13,1,1,9,4,5,2,16,2,31,2,7,6,5,7,20,8,20,10,16,,67,,1,21,121.5226882,25.04958443
113,8,10,21,37,2,04大安區,大安區和平東路1段與金山南路2段口,0,0,3,1,C03,7,5,5,50,4,2,1,5,4,5,13,2,1,1,4,5,2,16,1,24,2,9,6,1,7,6,1,10,1,12,,9,,1,21,121.5260269,25.0269128
113,8,10,21,37,2,04大安區,大安區和平東路1段與金山南路2段口,0,0,3,2,C03,7,5,5,50,4,2,1,5,4,5,13,2,1,1,4,5,2,16,2,29,2,9,6,1,7,9,1,10,1,11,,86,,1,21,121.5260269,25.0269128
113,8,10,21,37,2,04大安區,大安區和平東路1段與金山南路2段口,0,0,3,3,H02,7,5,5,50,4,2,1,5,4,5,13,2,1,1,4,5,2,16,1,25,2,9,6,5,7,20,8,20,10,16,,67,,1,21,121.5260269,25.0269128
113,8,10,22,29,2,08士林區,士林區天母西路與天母北路口,0,0,2,1,C03,8,5,5,50,5,2,1,5,4,5,13,1,1,10,4,5,1,17,1,22,2,9,6,1,7,5,1,10,2,11,,71,,1,21,121.5261234,25.11845477
113,8,10,22,29,2,08士林區,士林區天母西路與天母北路口,0,0,2,2,C03,8,5,5,50,5,2,1,5,4,5,13,1,1,10,4,5,1,17,1,35,2,9,6,1,7,9,1,10,2,11,,44,,1,21,121.5261234,25.11845477
113,8,10,22,40,2,08士林區,士林區通河西街1段堤外(河濱公園),0,0,4,1,C03,8,5,8,50,22,22,1,5,4,5,13,4,4,5,5,5,1,17,1,62,2,9,5,1,7,6,1,10,1,12,,9,,1,21,121.5126133,25.08588631
113,8,10,22,40,2,08士林區,士林區通河西街1段堤外(河濱公園),0,0,4,2,C03,8,5,8,50,22,22,1,5,4,5,13,4,4,5,5,5,1,17,1,20,2,9,5,1,7,9,1,10,1,11,,13,,1,21,121.5126133,25.08588631
113,8,10,22,40,2,08士林區,士林區通河西街1段堤外(河濱公園),0,0,4,3,H02,8,5,8,50,22,22,1,5,4,5,13,4,4,5,5,5,1,17,2,60,2,9,4,5,7,20,8,20,10,16,,67,,1,21,121.5126133,25.08588631
113,8,10,22,40,2,08士林區,士林區通河西街1段堤外(河濱公園),0,0,4,4,H02,8,5,8,50,22,22,1,5,4,5,13,4,4,5,5,5,1,17,1,15,2,9,4,5,7,20,8,20,10,16,,67,,1,21,121.5126133,25.08588631
113,8,10,23,56,2,06松山區,松山區東興路與東興路口16號旁無名巷,0,0,1,1,C03,8,5,5,30,3,2,1,5,4,5,13,4,4,10,3,5,2,16,2,20,2,6,5,1,7,6,1,10,1,14,,73,,1,22,121.5653819,25.0495273
113,8,10,23,56,2,06松山區,松山區東興路與東興路口16號旁無名巷,0,0,1,2,B01,8,5,5,30,3,2,1,5,4,5,13,4,4,10,3,5,2,16,1,56,3,10,3,4,7,9,1,4,1,6,,44,,1,26,121.5653819,25.0495273
113,8,11,0,34,2,04大安區,大安區忠孝東路4段77巷與敦化南路1段190巷口,0,0,2,1,C03,8,5,5,30,4,1,1,5,4,5,13,4,4,9,5,5,2,15,1,21,2,9,6,1,7,9,1,10,1,11,,72,,1,21,121.5472126,25.0426295
113,8,11,0,34,2,04大安區,大安區忠孝東路4段77巷與敦化南路1段190巷口,0,0,2,2,B01,8,5,5,30,4,1,1,5,4,5,13,4,4,9,5,5,2,15,1,50,2,7,7,1,7,9,1,4,1,4,,108,,1,21,121.5472126,25.0426295
113,8,11,0,55,2,11南港區,南港區忠孝東路6段與東新街口,0,0,2,1,B03,8,5,5,50,4,2,1,5,4,5,13,2,1,1,4,5,2,16,1,35,3,10,3,4,7,6,1,8,1,2,,71,,1,21,121.5851819,25.0481501
113,8,11,0,55,2,11南港區,南港區忠孝東路6段與東新街口,0,0,2,2,C03,8,5,5,50,4,2,1,5,4,5,13,2,1,1,4,5,2,16,1,27,2,9,6,4,7,9,1,10,1,11,,44,,1,21,121.5851819,25.0481501
113,8,11,0,55,2,11南港區,南港區忠孝東路6段與東新街口,0,0,2,3,H02,8,5,5,50,4,2,1,5,4,5,13,2,1,1,4,5,2,16,2,44,2,9,6,5,7,20,8,20,10,16,,67,,1,21,121.5851819,25.0481501
113,8,11,6,39,2,02萬華區,萬華區堤外便道自行車道南往北方向(編號3014783燈桿前),0,0,1,1,F01,8,6,7,30,14,23,1,5,4,5,13,4,4,10,5,5,1,17,1,45,2,7,4,1,7,12,8,20,1,17,,16,,1,21,121.4890896,25.03656856
113,8,11,6,39,2,02萬華區,萬華區堤外便道自行車道南往北方向(編號3014783燈桿前),0,0,1,2,C03,8,6,7,30,14,23,1,5,4,5,13,4,4,10,5,5,1,17,1,67,3,10,5,1,7,12,6,18,1,17,,44,,1,21,121.4890896,25.03656856
113,8,11,7,4,2,05中正區,中正區羅斯福路3段與羅斯福路3段316巷口,0,0,2,1,C03,8,6,5,50,4,1,1,5,4,5,13,1,1,3,4,5,2,15,1,19,2,9,5,1,7,9,1,10,2,12,,19,,1,21,121.5327884,25.0160834
113,8,11,7,4,2,05中正區,中正區羅斯福路3段與羅斯福路3段316巷口,0,0,2,2,C03,8,6,5,50,4,1,1,5,4,5,13,1,1,3,4,5,2,15,2,20,2,9,5,1,7,9,1,10,2,11,,44,,1,21,121.5327884,25.0160834
113,8,11,7,4,2,05中正區,中正區羅斯福路3段與羅斯福路3段316巷口,0,0,2,3,H02,8,6,5,50,4,1,1,5,4,5,13,1,1,3,4,5,2,15,1,27,4,11,5,5,7,20,8,20,10,16,,67,,1,21,121.5327884,25.0160834
113,8,11,8,45,2,02萬華區,萬華區國興路62號,0,0,1,1,C03,8,6,5,30,14,9,1,5,4,5,13,4,4,8,3,5,1,13,1,66,3,10,5,1,7,12,3,18,1,11,,16,,1,21,121.5066252,25.0258787
113,8,11,8,45,2,02萬華區,萬華區國興路62號,0,0,1,2,C03,8,6,5,30,14,9,1,5,4,5,13,4,4,8,3,5,1,13,1,72,2,8,5,1,7,15,1,10,1,13,,44,,1,21,121.5066252,25.0258787
113,8,11,9,19,2,08士林區,士林區中山北路7段38巷與中山北路7段口,0,0,1,1,C03,8,7,5,30,4,1,1,5,4,5,13,3,1,1,5,5,2,17,1,73,2,7,6,1,7,9,1,10,1,11,,14,,1,21,121.5310998,25.12021882
113,8,11,9,19,2,08士林區,士林區中山北路7段38巷與中山北路7段口,0,0,1,2,B03,8,7,5,30,4,1,1,5,4,5,13,3,1,1,5,5,2,17,1,60,3,10,7,1,7,9,1,8,1,2,,44,,1,21,121.5310998,25.12021882
113,8,11,10,13,2,02萬華區,萬華區德昌街與寶興街140巷17弄口口,0,0,1,1,C03,8,5,5,30,4,1,1,5,4,5,13,4,4,10,5,5,2,15,2,53,2,8,3,4,7,9,1,10,1,11,,14,,1,21,121.4944376,25.0235338
113,8,11,10,13,2,02萬華區,萬華區德昌街與寶興街140巷17弄口口,0,0,1,2,B03,8,5,5,30,4,1,1,5,4,5,13,4,4,10,5,5,2,15,1,55,3,10,3,4,7,9,1,7,1,4,,14,,1,21,121.4944376,25.0235338
113,8,11,10,17,2,03中山區,中山區中山北路3段49-3號,0,0,1,1,C03,8,6,5,50,14,8,1,5,4,5,13,4,4,1,3,1,2,12,1,33,2,9,3,1,7,1,1,15,1,14,,19,,1,22,121.5226391,25.0671864
113,8,11,10,17,2,03中山區,中山區中山北路3段49-3號,0,0,1,2,B03,8,6,5,50,14,8,1,5,4,5,13,4,4,1,3,1,2,12,1,51,3,10,7,1,7,9,1,8,1,2,,44,,1,22,121.5226391,25.0671864
113,8,11,10,17,2,03中山區,中山區中山北路3段49-3號,0,0,1,3,B01,8,6,5,50,14,8,1,5,4,5,13,4,4,1,3,1,2,12,1,58,3,10,3,1,7,14,1,4,1,17,,38,,1,21,121.5226391,25.0671864
113,8,11,11,0,2,03中山區,中山區中山北路2段與中山北路2段59巷口,0,0,2,1,C03,8,7,5,30,3,1,1,5,4,5,13,4,4,1,4,5,2,15,1,46,2,9,5,4,7,9,1,10,2,11,,72,,1,21,121.522872,25.0558911
113,8,11,11,0,2,03中山區,中山區中山北路2段與中山北路2段59巷口,0,0,2,2,F01,8,7,5,30,3,1,1,5,4,5,13,4,4,1,4,5,2,15,2,26,2,9,4,4,7,9,8,20,2,14,,60,,1,21,121.522872,25.0558911
113,8,11,11,10,2,08士林區,士林區德行東路109巷與士東路120巷20弄口,0,0,2,1,C03,8,7,5,30,3,1,1,5,4,5,13,4,4,9,4,5,1,17,1,51,2,8,5,1,7,5,1,10,2,14,,72,,1,21,121.5288801,25.11153857
113,8,11,11,10,2,08士林區,士林區德行東路109巷與士東路120巷20弄口,0,0,2,2,C03,8,7,5,30,3,1,1,5,4,5,13,4,4,9,4,5,1,17,2,44,2,8,5,1,7,9,1,10,2,11,,44,,1,21,121.5288801,25.11153857
113,8,11,11,45,2,09北投區,北投區竹子湖路7號1208367號燈桿,0,0,1,1,B03,8,6,5,40,14,9,1,5,4,5,13,4,4,8,4,5,2,12,1,63,3,10,7,1,7,9,1,8,1,6,,17,,1,21,121.5416474,25.16628196
113,8,11,11,45,2,09北投區,北投區竹子湖路7號1208367號燈桿,0,0,1,2,F01,8,6,5,40,14,9,1,5,4,5,13,4,4,8,4,5,2,12,2,41,2,9,4,1,7,9,8,20,1,11,,44,,1,21,121.5416474,25.16628196
113,8,11,11,46,2,08士林區,士林區中山北路5段300號對面往南,0,0,2,1,B03,8,6,5,50,11,9,1,5,4,5,13,4,4,10,5,5,2,16,1,60,3,10,7,1,7,8,1,8,1,15,,44,,1,21,121.5273843,25.08884469
113,8,11,11,46,2,08士林區,士林區中山北路5段300號對面往南,0,0,2,2,B03,8,6,5,50,11,9,1,5,4,5,13,4,4,10,5,5,2,16,1,37,3,10,7,1,7,8,1,8,1,6,,44,,1,21,121.5273843,25.08884469
113,8,11,11,46,2,08士林區,士林區中山北路5段300號對面往南,0,0,2,3,C03,8,6,5,50,11,9,1,5,4,5,13,4,4,10,5,5,2,16,2,35,2,9,6,1,7,9,1,10,1,14,,44,,1,21,121.5273843,25.08884469
113,8,11,11,46,2,08士林區,士林區中山北路5段300號對面往南,0,0,2,4,H02,8,6,5,50,11,9,1,5,4,5,13,4,4,10,5,5,2,16,2,4,2,9,4,5,7,20,8,20,10,16,,67,,1,21,121.5273843,25.08884469
113,8,11,11,55,2,03中山區,中山區長安東路2段與建國北路1段口,0,0,1,1,C03,7,5,5,50,4,2,1,5,4,5,13,2,1,5,4,5,2,16,1,44,2,9,3,4,7,9,1,10,1,11,,44,,1,21,121.5365404,25.0483379
113,8,11,11,55,2,03中山區,中山區長安東路2段與建國北路1段口,0,0,1,2,B02,7,5,5,50,4,2,1,5,4,5,13,2,1,5,4,5,2,16,2,42,3,10,3,4,7,6,1,8,1,2,,44,,1,21,121.5365404,25.0483379
113,8,11,12,22,2,04大安區,大安區延吉街與延吉街126巷口,0,0,2,1,C03,8,6,5,50,4,2,1,5,4,5,13,4,4,1,5,5,2,16,2,35,3,10,5,1,7,1,1,10,1,11,,19,,1,21,121.5549767,25.0402893
113,8,11,12,22,2,04大安區,大安區延吉街與延吉街126巷口,0,0,2,2,C03,8,6,5,50,4,2,1,5,4,5,13,4,4,1,5,5,2,16,1,28,2,9,6,1,7,9,1,10,1,11,,14,,1,21,121.5549767,25.0402893
113,8,11,12,22,2,04大安區,大安區延吉街與延吉街126巷口,0,0,2,3,H02,8,6,5,50,4,2,1,5,4,5,13,4,4,1,5,5,2,16,2,65,2,9,5,5,7,20,8,20,10,16,,67,,1,21,121.5549767,25.0402893
113,8,11,12,30,2,10文山區,文山區新光路2段燈桿(0707696)前,0,0,2,1,B03,8,6,5,50,14,9,1,5,4,5,13,4,4,5,5,5,1,13,2,23,2,8,7,1,7,9,1,8,2,1,,44,,1,21,121.5992834,25.0022417
113,8,11,12,30,2,10文山區,文山區新光路2段燈桿(0707696)前,0,0,2,2,B03,8,6,5,50,14,9,1,5,4,5,13,4,4,5,5,5,1,13,2,40,2,8,7,1,7,9,1,8,2,3,,44,,1,21,121.5992834,25.0022417
113,8,11,12,30,2,07信義區,信義區松德路133巷與松德路169巷口,0,0,1,1,B03,7,5,5,30,4,1,1,5,4,5,13,4,4,5,5,5,1,15,1,25,3,10,7,1,7,9,1,8,1,1,,14,,1,21,121.5758995,25.0363605
113,8,11,12,30,2,07信義區,信義區松德路133巷與松德路169巷口,0,0,1,2,C03,7,5,5,30,4,1,1,5,4,5,13,4,4,5,5,5,1,15,1,32,2,9,6,1,7,9,1,9,1,12,,14,,1,21,121.5758995,25.0363605
113,8,11,12,52,2,08士林區,士林區中正路與華興街口,0,0,2,1,C03,8,6,5,50,3,19,1,5,4,5,13,3,1,1,4,5,1,3,2,45,2,7,3,4,7,6,1,10,2,11,,70,,1,22,121.5224908,25.09474802
113,8,11,12,52,2,08士林區,士林區中正路與華興街口,0,0,2,2,H01,8,6,5,50,3,19,1,5,4,5,13,3,1,1,4,5,1,3,2,54,2,8,4,5,8,16,8,20,10,16,,53,,1,22,121.5224908,25.09474802
113,8,11,12,55,2,06松山區,松山區敦化北路155巷87號,0,0,2,1,C03,7,7,6,30,14,9,1,5,4,5,13,4,4,10,4,5,2,17,1,54,2,9,6,1,7,5,1,10,1,14,,42,,1,21,121.551426,25.0542503
113,8,11,12,55,2,06松山區,松山區敦化北路155巷87號,0,0,2,3,H02,7,7,6,30,14,9,1,5,4,5,13,4,4,10,4,5,2,17,2,53,2,9,6,5,7,20,8,20,10,16,,67,,1,21,121.551426,25.0542503
113,8,11,12,55,2,06松山區,松山區敦化北路155巷87號,0,0,2,2,B01,7,7,6,30,14,9,1,5,4,5,13,4,4,10,4,5,2,17,1,56,3,10,7,1,7,14,1,4,11,17,,38,,1,21,121.551426,25.0542503
113,8,11,13,30,2,08士林區,士林區故宮路自強橋往大直,0,0,1,1,B03,7,6,5,50,8,9,1,5,4,5,13,4,4,10,4,5,2,17,1,57,3,10,3,4,7,9,1,8,2,6,,44,,1,21,121.548461,25.0951911
113,8,11,13,30,2,08士林區,士林區故宮路自強橋往大直,0,0,1,2,C03,7,6,5,50,8,9,1,5,4,5,13,4,4,10,4,5,2,17,1,27,2,9,3,4,7,8,1,10,2,14,,100,,1,21,121.548461,25.0951911
113,8,11,13,37,2,02萬華區,萬華區桂林路與桂林路54巷口,0,0,3,1,C03,7,7,5,50,3,1,1,5,4,5,13,4,4,9,4,5,2,12,1,74,2,9,5,1,7,11,1,10,1,14,,100,,1,21,121.5042087,25.03790545
113,8,11,13,37,2,02萬華區,萬華區桂林路與桂林路54巷口,0,0,3,2,C03,7,7,5,50,3,1,1,5,4,5,13,4,4,9,4,5,2,12,1,74,2,9,5,1,7,9,1,10,1,12,,44,,1,21,121.5042087,25.03790545
113,8,11,13,37,2,02萬華區,萬華區桂林路與桂林路54巷口,0,0,3,3,H02,7,7,5,50,3,1,1,5,4,5,13,4,4,9,4,5,2,12,2,72,2,9,5,5,7,20,8,20,10,16,,67,,1,21,121.5042087,25.03790545
113,8,11,14,9,2,12內湖區,內湖區新湖二路與舊宗路1段口,0,0,1,1,B03,6,7,5,50,4,2,1,4,4,5,13,2,1,1,4,5,2,17,1,51,3,10,7,1,7,8,1,8,1,6,,80,,1,21,121.5782721,25.061613
113,8,11,14,9,2,12內湖區,內湖區新湖二路與舊宗路1段口,0,0,1,2,C03,6,7,5,50,4,2,1,4,4,5,13,2,1,1,4,5,2,17,2,27,2,9,5,1,7,9,1,10,1,14,,44,,1,21,121.5782721,25.061613
113,8,11,15,42,2,03中山區,中山區林森北路與民生東路1段口,0,0,2,2,C03,6,7,5,50,4,1,1,4,4,5,13,1,1,5,4,5,2,17,1,31,2,9,3,4,7,9,1,10,9,17,,44,,2,21,121.5255689,25.0580649
113,8,11,15,42,2,03中山區,中山區林森北路與民生東路1段口,0,0,2,3,H02,6,7,5,50,4,1,1,4,4,5,13,1,1,5,4,5,2,17,2,32,2,9,3,5,7,20,8,20,10,16,,60,,1,21,121.5255689,25.0580649
113,8,11,15,42,2,03中山區,中山區林森北路與民生東路1段口,0,0,2,1,B03,6,7,5,50,4,1,1,4,4,5,13,1,1,5,4,5,2,17,1,53,3,10,3,4,7,5,1,8,9,17,,8,,2,22,121.5255689,25.0580649
113,8,11,16,34,2,02萬華區,萬華區德昌街與寶興街口,0,0,1,1,C03,8,7,5,30,4,2,1,5,4,5,13,1,1,10,5,5,2,13,1,69,3,10,5,1,7,9,3,18,2,11,,16,,1,21,121.4954985,25.02368874
113,8,11,16,34,2,02萬華區,萬華區德昌街與寶興街口,0,0,1,2,C03,8,7,5,30,4,2,1,5,4,5,13,1,1,10,5,5,2,13,2,27,2,5,5,1,7,12,1,10,2,13,,44,,1,21,121.4954985,25.02368874
113,8,11,17,45,2,08士林區,士林區承德路4段與承德路4段6巷口,0,0,2,1,C03,8,7,5,30,4,1,1,5,4,5,13,4,4,10,5,5,1,15,1,64,2,9,5,1,7,9,1,10,1,11,,14,,1,21,121.5213592,25.079075
113,8,11,17,45,2,08士林區,士林區承德路4段與承德路4段6巷口,0,0,2,2,C03,8,7,5,30,4,1,1,5,4,5,13,4,4,10,5,5,1,15,1,24,2,9,5,1,7,9,1,10,1,11,,14,,1,21,121.5213592,25.079075
113,8,11,17,49,2,01大同區,大同區重慶北路2段與重慶北路2段46巷口,0,0,2,1,C03,8,6,5,50,4,1,1,5,4,5,13,1,1,1,4,5,2,17,1,72,3,10,5,1,7,6,1,10,11,12,,9,,2,22,121.5139734,25.0553784
113,8,11,17,49,2,01大同區,大同區重慶北路2段與重慶北路2段46巷口,0,0,2,2,C03,8,6,5,50,4,1,1,5,4,5,13,1,1,1,4,5,2,17,1,29,2,7,6,1,7,9,1,10,1,14,,44,,1,21,121.5139734,25.0553784
113,8,11,17,49,2,01大同區,大同區重慶北路2段與重慶北路2段46巷口,0,0,2,3,H02,8,6,5,50,4,1,1,5,4,5,13,1,1,1,4,5,2,17,2,36,2,8,6,5,7,20,8,20,10,16,,67,,1,21,121.5139734,25.0553784