發生年度,發生月,發生日,發生時-Hours,發生分,處理別-編號,區序,肇事地點,死亡人數,2-30日死亡人數,受傷人數,當事人序號,車種,天候,道路照明設備,道路類別,速限-速度限制,道路型態,事故位置,路面狀況1,路面狀況2,路面狀況3,道路障礙1,道路障礙2,號誌1,號誌2,車道劃分-分向,車道劃分-分道1,車道劃分-分道2,車道劃分-分道3,事故類型及型態,性別,年齡,受傷程度,主要傷處,保護裝置,行動電話,車輛用途,當事者行動狀態,駕駛資格情形,駕駛執照種類,飲酒情形,車輛撞擊部位1,車輛撞擊部位2,肇因碼-個別,肇因碼-主要,個人肇逃否,職業,座標-X,座標-Y
113,8,11,17,53,2,06松山區,松山區南京東路3段與復興北路口,0,0,2,1,B03,8,5,5,50,4,1,1,5,4,5,13,2,1,3,4,4,2,16,1,20,3,10,3,4,7,6,1,8,2,5,,71,,1,22,121.5441816,25.0519751
113,8,11,17,53,2,06松山區,松山區南京東路3段與復興北路口,0,0,2,2,C03,8,5,5,50,4,1,1,5,4,5,13,2,1,3,4,4,2,16,1,18,2,9,6,4,7,9,1,10,2,14,,13,,1,22,121.5441816,25.0519751
113,8,11,17,53,2,06松山區,松山區南京東路3段與復興北路口,0,0,2,3,H02,8,5,5,50,4,1,1,5,4,5,13,2,1,3,4,4,2,16,2,18,2,9,6,5,7,20,8,20,10,16,,67,,1,22,121.5441816,25.0519751
113,8,11,19,5,2,11南港區,南港區東明街與興南街60巷口,0,0,1,1,C03,8,5,5,30,4,1,1,5,4,5,13,2,1,5,5,5,2,13,2,36,2,9,6,4,7,9,1,10,2,11,,16,,1,21,121.603866,25.055772
113,8,11,19,5,2,11南港區,南港區東明街與興南街60巷口,0,0,1,2,B03,8,5,5,30,4,1,1,5,4,5,13,2,1,5,5,5,2,13,1,66,3,10,3,4,7,14,1,8,2,6,,44,,1,21,121.603866,25.055772
113,8,11,20,52,2,04大安區,大安區基隆路4段與羅斯福路4段口,0,0,2,1,C03,8,5,5,50,5,1,1,5,4,5,13,2,1,1,4,5,2,16,2,28,2,9,5,1,7,5,1,10,1,14,,96,,1,21,121.537428,25.0112014
113,8,11,20,52,2,04大安區,大安區基隆路4段與羅斯福路4段口,0,0,2,2,C03,8,5,5,50,5,1,1,5,4,5,13,2,1,1,4,5,2,16,1,36,2,9,5,1,7,9,1,10,1,11,,44,,1,21,121.537428,25.0112014
113,8,11,21,21,2,06松山區,松山區光復南路32巷與光復南路32巷16弄口,0,0,1,1,F01,7,5,5,50,4,1,1,5,4,5,13,2,1,5,5,5,2,17,1,72,2,8,4,1,7,14,8,20,2,11,,42,,1,21,121.5564242,25.0464908
113,8,11,21,21,2,06松山區,松山區光復南路32巷與光復南路32巷16弄口,0,0,1,2,B03,7,5,5,50,4,1,1,5,4,5,13,2,1,5,5,5,2,17,1,36,3,10,3,4,7,5,1,8,2,8,,42,,1,21,121.5564242,25.0464908
113,8,11,21,47,2,02萬華區,萬華區桂林路與昆明街口,0,0,2,1,C03,7,5,5,50,4,1,1,5,4,5,13,2,1,8,3,5,1,16,1,69,2,9,3,4,7,9,3,18,2,11,,81,,1,22,121.5038426,25.0380584
113,8,11,21,47,2,02萬華區,萬華區桂林路與昆明街口,0,0,2,2,B01,7,5,5,50,4,1,1,5,4,5,13,2,1,8,3,5,1,16,1,47,3,10,3,4,7,5,1,4,2,5,,44,,1,22,121.5038426,25.0380584
113,8,11,21,47,2,02萬華區,萬華區桂林路與昆明街口,0,0,2,3,H02,7,5,5,50,4,1,1,5,4,5,13,2,1,8,3,5,1,16,2,69,2,9,3,5,7,21,8,20,10,16,,67,,1,22,121.5038426,25.0380584
113,8,11,22,24,2,07信義區,信義區市民大道6段與松山路口口,0,0,1,2,B03,8,5,5,40,5,1,1,5,4,5,13,2,1,1,4,4,2,15,1,29,3,10,7,1,7,1,1,8,1,6,,19,,1,22,121.5777452,25.0489033
113,8,11,22,24,2,07信義區,信義區市民大道6段與松山路口口,0,0,1,1,C03,8,5,5,40,5,1,1,5,4,5,13,2,1,1,4,4,2,15,1,36,2,9,6,1,7,9,1,10,1,11,,81,,1,22,121.5777452,25.0489033
113,8,11,22,25,2,05中正區,中正區林森南路地下道,0,0,1,1,C03,7,5,5,50,14,9,1,5,4,5,13,4,4,10,2,5,2,13,2,21,2,9,6,1,7,9,1,10,1,11,,16,,1,22,121.5208626,25.03661191
113,8,11,22,25,2,05中正區,中正區林森南路地下道,0,0,1,2,C03,7,5,5,50,14,9,1,5,4,5,13,4,4,10,2,5,2,13,1,36,3,10,6,1,7,12,1,10,1,13,,44,,1,22,121.5208626,25.03661191
113,8,11,22,25,2,05中正區,中正區林森南路地下道,0,0,1,3,C03,7,5,5,50,14,9,1,5,4,5,13,4,4,10,2,5,2,13,2,57,3,10,2,1,7,9,1,10,1,17,,30,,1,22,121.5208626,25.03661191
113,8,11,22,46,2,10文山區,文山區景隆街與景隆街36巷口口,0,0,1,1,C03,8,5,5,30,3,1,1,5,4,5,13,2,1,10,5,5,2,16,2,27,2,8,6,1,7,5,1,10,1,11,,44,,1,21,121.5433059,24.9989547
113,8,11,22,46,2,10文山區,文山區景隆街與景隆街36巷口口,0,0,1,2,C03,8,5,5,30,3,1,1,5,4,5,13,2,1,10,5,5,2,16,1,26,3,10,6,1,7,9,1,10,1,12,,81,,1,21,121.5433059,24.9989547
113,8,11,23,0,2,03中山區,中山區中山北路3段與民族西路口,0,0,2,1,G06,8,5,5,50,4,2,1,5,4,5,13,1,1,9,4,5,2,17,1,19,2,9,4,1,7,5,8,20,1,11,,83,,1,21,121.5225094,25.06850698
113,8,11,23,0,2,03中山區,中山區中山北路3段與民族西路口,0,0,2,2,C03,8,5,5,50,4,2,1,5,4,5,13,1,1,9,4,5,2,17,1,23,2,9,6,1,7,6,1,10,1,11,,42,,1,21,121.5225094,25.06850698
113,8,11,23,0,2,12內湖區,內湖區康寧路3段與康寧路3段165巷口,0,0,1,1,B03,8,5,5,50,4,1,1,5,4,5,13,1,1,1,3,5,1,16,1,33,3,10,3,4,7,5,1,8,1,1,,8,,1,22,121.6113246,25.070488
113,8,11,23,0,2,12內湖區,內湖區康寧路3段與康寧路3段165巷口,0,0,1,2,C03,8,5,5,50,4,1,1,5,4,5,13,1,1,1,3,5,1,16,1,19,2,9,3,4,7,9,1,10,1,14,,44,,1,22,121.6113246,25.070488
113,8,11,23,5,2,08士林區,士林區承德路5段與基河路口,0,0,3,1,C03,8,5,8,50,22,22,1,5,4,5,13,4,4,1,4,5,1,17,1,47,2,9,5,1,7,6,1,10,2,12,,17,,1,21,121.5135802,25.0976768
113,8,11,23,5,2,08士林區,士林區承德路5段與基河路口,0,0,3,2,C03,8,5,8,50,22,22,1,5,4,5,13,4,4,1,4,5,1,17,2,20,2,9,5,1,7,9,1,10,2,11,,16,,1,21,121.5135802,25.0976768
113,8,11,23,5,2,08士林區,士林區承德路5段與基河路口,0,0,3,3,H02,8,5,8,50,22,22,1,5,4,5,13,4,4,1,4,5,1,17,1,20,2,7,5,5,7,20,8,20,10,16,,67,,1,21,121.5135802,25.0976768
113,8,11,23,33,2,01大同區,大同區華陰街與承德路1段口,0,0,3,1,C03,8,5,5,50,3,2,1,5,4,5,13,2,1,10,4,5,2,17,2,25,2,9,3,4,7,1,1,10,2,12,,19,,1,21,121.5169761,25.0498469
113,8,11,23,33,2,01大同區,大同區華陰街與承德路1段口,0,0,3,2,C03,8,5,5,50,3,2,1,5,4,5,13,2,1,10,4,5,2,17,1,25,2,9,3,4,7,9,1,10,2,11,,42,,1,21,121.5169761,25.0498469
113,8,11,23,33,2,01大同區,大同區華陰街與承德路1段口,0,0,3,3,H02,8,5,5,50,3,2,1,5,4,5,13,2,1,10,4,5,2,17,2,23,2,9,3,5,7,20,8,20,10,16,,60,,1,21,121.5169761,25.0498469
113,8,12,0,27,2,09北投區,北投區勝利街與湖山路1段口,0,0,3,1,B01,8,5,5,30,3,1,1,5,4,5,13,3,1,4,3,5,1,16,1,34,2,9,7,1,7,5,1,4,1,4,1,10,,1,21,121.5467638,25.1519949
113,8,12,0,27,2,09北投區,北投區勝利街與湖山路1段口,0,0,3,2,B03,8,5,5,30,3,1,1,5,4,5,13,3,1,4,3,5,1,16,1,23,3,10,7,1,7,9,1,8,1,1,2,14,,1,21,121.5467638,25.1519949
113,8,12,0,27,2,09北投區,北投區勝利街與湖山路1段口,0,0,3,3,H02,8,5,5,30,3,1,1,5,4,5,13,3,1,4,3,5,1,16,1,26,2,9,7,5,7,21,8,20,10,16,2,125,,1,21,121.5467638,25.1519949
113,8,12,0,27,2,09北投區,北投區勝利街與湖山路1段口,0,0,3,4,H02,8,5,5,30,3,1,1,5,4,5,13,3,1,4,3,5,1,16,2,25,2,9,7,5,7,21,8,20,10,16,2,125,,1,21,121.5467638,25.1519949
113,8,12,0,53,2,08士林區,士林區中正路與重陽橋口汽車道往蘆洲方向燈桿編號270665號處,0,0,1,1,C03,8,5,5,50,3,2,1,5,4,5,13,4,4,3,4,3,2,20,2,54,2,9,5,1,7,9,1,10,8,12,,21,,1,21,121.5044705,25.08548938
113,8,12,0,53,2,08士林區,士林區中正路與重陽橋口汽車道往蘆洲方向燈桿編號270665號處,0,0,1,2,,8,5,5,50,3,2,1,5,4,5,13,4,4,3,4,3,2,20,3,0,,,,,,,,,,,,67,,1,,121.5044705,25.08548938
113,8,12,3,30,2,05中正區,中正區濟南路2段與臨沂街口,0,0,2,1,B01,8,5,5,30,4,1,1,5,4,5,13,4,4,9,5,5,1,15,1,43,3,10,7,1,7,9,1,2,2,4,,80,,1,21,121.5300776,25.0406465
113,8,12,3,30,2,05中正區,中正區濟南路2段與臨沂街口,0,0,2,2,C03,8,5,5,30,4,1,1,5,4,5,13,4,4,9,5,5,1,15,2,20,2,9,5,1,7,9,1,10,2,11,,44,,1,22,121.5300776,25.0406465
113,8,12,3,30,2,05中正區,中正區濟南路2段與臨沂街口,0,0,2,3,H02,8,5,5,30,4,1,1,5,4,5,13,4,4,9,5,5,1,15,1,39,2,9,6,5,7,20,8,20,10,16,,67,,1,22,121.5300776,25.0406465
113,8,12,6,50,2,03中山區,中山區民族東路與林森北路口,0,0,1,1,B02,8,6,5,50,14,8,1,5,4,5,13,4,4,3,4,4,2,12,1,34,3,10,3,4,7,9,1,8,1,2,,16,,1,21,121.526327,25.0686235
113,8,12,6,50,2,03中山區,中山區民族東路與林森北路口,0,0,1,2,F01,8,6,5,50,14,8,1,5,4,5,13,4,4,3,4,4,2,12,2,64,2,9,3,4,7,9,8,20,1,14,,44,,1,21,121.526327,25.0686235
113,8,12,7,2,2,02萬華區,萬華區艋舺大道與西藏路口,0,0,1,1,B03,8,7,5,50,4,2,1,5,4,5,13,1,1,9,4,4,2,12,1,71,3,10,7,1,7,7,1,8,2,4,,44,,1,21,121.4916652,25.0288226
113,8,12,7,2,2,02萬華區,萬華區艋舺大道與西藏路口,0,0,1,2,C03,8,7,5,50,4,2,1,5,4,5,13,1,1,9,4,4,2,12,1,60,2,9,5,1,7,9,1,10,9,12,,44,,1,21,121.4916652,25.0288226
113,8,12,7,30,2,03中山區,中山區松江路133巷與南京東路2段115巷口,0,0,2,1,C03,8,6,5,30,4,1,1,5,4,5,13,4,4,10,5,5,2,15,2,66,2,9,6,1,7,9,1,10,2,11,,72,,1,22,121.5336251,25.0543633
113,8,12,7,30,2,03中山區,中山區松江路133巷與南京東路2段115巷口,0,0,2,2,C03,8,6,5,30,4,1,1,5,4,5,13,4,4,10,5,5,2,15,1,36,2,8,6,1,7,9,1,10,2,12,,14,,1,22,121.5336251,25.0543633
113,8,12,7,30,2,07信義區,信義區松智路與松平路口,0,0,1,1,B01,8,6,5,50,4,1,1,5,4,5,13,1,1,5,5,5,2,17,1,64,3,10,3,4,7,6,1,4,1,1,,108,,1,21,121.5654503,25.0304814
113,8,12,7,30,2,07信義區,信義區松智路與松平路口,0,0,1,2,F01,8,6,5,50,4,1,1,5,4,5,13,1,1,5,5,5,2,17,2,80,2,9,4,1,7,9,8,20,1,12,,44,,1,21,121.5654503,25.0304814
113,8,12,7,48,2,04大安區,大安區忠孝東路4段與敦化南路1段口,0,0,3,1,C03,8,5,5,50,14,9,1,5,4,5,13,2,1,1,4,5,2,13,1,26,2,7,3,4,7,9,1,10,1,11,,16,,1,21,121.5483777,25.0414418
113,8,12,7,48,2,04大安區,大安區忠孝東路4段與敦化南路1段口,0,0,3,2,C03,8,5,5,50,14,9,1,5,4,5,13,2,1,1,4,5,2,13,1,23,2,8,3,4,7,9,1,10,1,13,,44,,1,21,121.5483777,25.0414418
113,8,12,7,48,2,04大安區,大安區忠孝東路4段與敦化南路1段口,0,0,3,3,C03,8,5,5,50,14,9,1,5,4,5,13,2,1,1,4,5,2,13,1,28,2,7,3,4,7,9,1,10,1,11,,44,,1,21,121.5483777,25.0414418
113,8,12,7,55,2,09北投區,北投區學園路與學園路口,0,0,1,1,C03,8,6,5,40,3,1,1,5,4,5,13,1,1,9,2,5,2,13,2,21,2,7,5,1,7,12,1,10,1,11,,16,,1,21,121.4659249,25.1301294
113,8,12,7,55,2,09北投區,北投區學園路與學園路口,0,0,1,2,B03,8,6,5,40,3,1,1,5,4,5,13,1,1,9,2,5,2,13,1,50,3,10,7,1,7,14,1,8,1,6,,44,,1,21,121.4659249,25.1301294
113,8,12,8,10,2,09北投區,北投區大業路與北投路2段口,0,0,1,1,B03,8,6,5,50,5,2,1,5,4,5,13,2,1,1,4,5,2,17,1,64,3,10,7,1,7,7,1,8,1,2,,44,,1,21,121.4963413,25.1344208
113,8,12,8,10,2,09北投區,北投區大業路與北投路2段口,0,0,1,2,C03,8,6,5,50,5,2,1,5,4,5,13,2,1,1,4,5,2,17,1,60,2,3,6,1,7,7,1,10,1,14,,101,,1,22,121.4963413,25.1344208
113,8,12,8,19,2,02萬華區,萬華區華中橋機車道往新北市,0,0,2,1,C03,8,5,7,40,14,11,1,5,4,5,13,4,4,10,5,5,2,17,1,29,3,10,3,4,7,15,1,10,1,13,,44,,1,21,121.495403,25.01338264
113,8,12,8,19,2,02萬華區,萬華區華中橋機車道往新北市,0,0,2,2,C03,8,5,7,40,14,11,1,5,4,5,13,4,4,10,5,5,2,17,2,34,2,9,3,4,7,15,1,9,1,11,,16,,1,21,121.495403,25.01338264
113,8,12,8,19,2,02萬華區,萬華區華中橋機車道往新北市,0,0,2,3,C03,8,5,7,40,14,11,1,5,4,5,13,4,4,10,5,5,2,17,1,53,2,9,3,4,7,15,1,10,1,14,,108,,1,21,121.495403,25.01338264
113,8,12,8,25,2,05中正區,中正區金華街34號,0,0,1,1,B03,8,7,8,50,22,22,1,5,4,5,13,4,4,5,5,5,2,16,1,50,3,10,7,1,7,1,1,8,1,8,,19,,1,21,121.5218651,25.0310664
113,8,12,8,25,2,05中正區,中正區金華街34號,0,0,1,2,C03,8,7,8,50,22,22,1,5,4,5,13,4,4,5,5,5,2,16,2,64,2,9,5,1,7,14,1,10,1,12,,44,,1,21,121.5218651,25.0310664
113,8,12,8,31,2,09北投區,北投區承德路6段與福國路口,0,0,4,1,C03,8,6,5,60,14,12,1,5,4,5,13,1,1,1,4,4,1,13,1,22,2,8,5,1,7,9,1,10,2,11,,117,,1,21,121.5121596,25.1017983
113,8,12,8,31,2,09北投區,北投區承德路6段與福國路口,0,0,4,2,C03,8,6,5,60,14,12,1,5,4,5,13,1,1,1,4,4,1,13,1,45,2,9,5,1,7,14,1,10,1,13,12,44,,1,21,121.5121596,25.1017983
113,8,12,8,31,2,09北投區,北投區承德路6段與福國路口,0,0,4,3,C03,8,6,5,60,14,12,1,5,4,5,13,1,1,1,4,4,1,13,1,28,2,7,5,1,7,14,1,10,2,14,13,44,,1,21,121.5121596,25.1017983
113,8,12,8,31,2,09北投區,北投區承德路6段與福國路口,0,0,4,4,C03,8,6,5,60,14,12,1,5,4,5,13,1,1,1,4,4,1,13,1,32,3,10,5,1,7,14,1,10,2,13,,44,,1,21,121.5121596,25.1017983
113,8,12,8,31,2,09北投區,北投區承德路6段與福國路口,0,0,4,5,H02,8,6,5,60,14,12,1,5,4,5,13,1,1,1,4,4,1,13,2,46,2,9,5,5,7,17,8,20,10,16,,67,,1,21,121.5121596,25.1017983
113,8,12,8,36,2,05中正區,中正區汀州路3段與汀州路3段160巷口,0,0,1,1,B01,8,7,5,50,4,1,1,5,4,5,13,2,1,5,4,5,2,16,1,60,3,10,7,1,7,5,1,3,1,8,,8,,1,21,121.5344173,25.0135179
113,8,12,8,36,2,05中正區,中正區汀州路3段與汀州路3段160巷口,0,0,1,2,C03,8,7,5,50,4,1,1,5,4,5,13,2,1,5,4,5,2,16,1,26,2,9,5,1,7,9,1,10,1,11,,13,,1,21,121.5344173,25.0135179
113,8,12,8,40,2,01大同區,大同區貴德街與西寧北路86巷口,0,0,2,1,C03,8,6,5,30,4,1,1,5,4,5,13,4,4,10,5,5,2,15,2,27,2,9,6,1,7,9,1,10,2,11,,75,,1,21,121.5083528,25.055232
113,8,12,8,40,2,01大同區,大同區貴德街與西寧北路86巷口,0,0,2,2,C03,8,6,5,30,4,1,1,5,4,5,13,4,4,10,5,5,2,15,2,37,2,9,6,1,7,9,1,10,2,14,,108,,1,21,121.5083528,25.055232
113,8,12,8,40,2,03中山區,中山區民族東路與吉林路口,0,0,3,1,C03,8,6,5,50,3,2,1,5,4,5,13,1,1,3,4,3,2,16,1,20,2,9,3,4,7,9,1,10,1,11,,97,,1,21,121.5295934,25.0679462
113,8,12,8,40,2,03中山區,中山區民族東路與吉林路口,0,0,3,2,C03,8,6,5,50,3,2,1,5,4,5,13,1,1,3,4,3,2,16,1,21,2,9,3,4,7,8,1,10,1,14,,83,,1,21,121.5295934,25.0679462
113,8,12,8,40,2,03中山區,中山區民族東路與吉林路口,0,0,3,3,H02,8,6,5,50,3,2,1,5,4,5,13,1,1,3,4,3,2,16,2,21,2,9,4,5,7,20,8,20,10,16,,67,,1,21,121.5295934,25.0679462
113,8,12,8,45,2,04大安區,大安區信義路4段353號,0,0,1,1,C03,8,6,8,50,14,9,1,5,4,5,13,4,4,1,3,5,2,16,1,33,3,10,6,1,7,7,1,10,2,13,,100,,1,21,121.5570929,25.03320463
113,8,12,8,45,2,04大安區,大安區信義路4段353號,0,0,1,2,C03,8,6,8,50,14,9,1,5,4,5,13,4,4,1,3,5,2,16,2,36,2,9,6,1,7,9,1,10,2,14,,44,,1,21,121.5570929,25.03320463
113,8,12,8,45,2,07信義區,信義區松壽路2號,0,0,1,1,B02,8,6,5,50,22,9,1,5,4,5,13,1,1,10,5,5,2,17,1,46,3,10,3,4,7,5,1,8,1,2,,116,,1,21,121.5619249,25.0360187
113,8,12,8,45,2,07信義區,信義區松壽路2號,0,0,1,2,C03,8,6,5,50,22,9,1,5,4,5,13,1,1,10,5,5,2,17,1,32,2,9,3,4,7,5,3,18,1,14,,116,,1,21,121.5619249,25.0360187
113,8,12,8,50,2,06松山區,松山區吉祥路與八德路4段245巷52弄口,0,0,1,1,C03,7,6,5,30,4,1,1,5,4,5,13,1,1,9,4,5,2,16,1,46,2,9,5,1,7,5,1,10,1,14,,8,,1,21,121.5625652,25.050288
113,8,12,8,50,2,06松山區,松山區吉祥路與八德路4段245巷52弄口,0,0,1,2,B02,7,6,5,30,4,1,1,5,4,5,13,1,1,9,4,5,2,16,1,43,3,10,7,1,7,9,1,8,1,5,,44,,1,21,121.5625652,25.050288
113,8,12,8,51,2,05中正區,中正區重慶南路3段與汀州路2段口口,0,0,1,1,C04,7,6,5,50,4,1,1,5,4,5,13,1,1,1,5,5,2,12,1,21,3,10,5,1,7,9,1,8,1,14,,17,,1,21,121.5164947,25.0256344
113,8,12,8,51,2,05中正區,中正區重慶南路3段與汀州路2段口口,0,0,1,2,C03,7,6,5,50,4,1,1,5,4,5,13,1,1,1,5,5,2,12,1,54,2,7,5,1,7,9,1,10,1,12,,17,,1,21,121.5164947,25.0256344
113,8,12,9,22,2,05中正區,中正區中華路2段441巷2弄與寧波西街口,0,0,2,1,C03,8,7,5,30,4,1,1,5,4,5,10,4,4,10,5,5,2,15,2,48,2,9,5,4,7,9,1,10,1,12,,72,,1,21,121.5104005,25.0255073
113,8,12,9,22,2,05中正區,中正區中華路2段441巷2弄與寧波西街口,0,0,2,2,C03,8,7,5,30,4,1,1,5,4,5,10,4,4,10,5,5,2,15,1,68,2,9,5,4,7,9,1,10,1,11,,44,,1,21,121.5104005,25.0255073
113,8,12,9,22,2,05中正區,中正區中華路2段441巷2弄與寧波西街口,0,0,2,3,B12,8,7,5,30,4,1,1,5,4,5,10,4,4,10,5,5,2,15,1,41,3,10,3,4,7,13,1,8,9,17,,38,,1,21,121.5104005,25.0255073
113,8,12,9,25,2,02萬華區,萬華區康定路314號,0,0,1,1,C03,8,6,5,50,14,9,1,5,4,5,13,4,4,5,5,5,2,13,1,20,2,9,6,1,7,9,1,10,1,11,,108,,1,25,121.5013375,25.03590946
113,8,12,9,25,2,02萬華區,萬華區康定路314號,0,0,1,2,B03,8,6,5,50,14,9,1,5,4,5,13,4,4,5,5,5,2,13,1,42,3,10,7,1,7,12,1,8,1,6,,44,,1,26,121.5013375,25.03590946
113,8,12,9,40,2,04大安區,大安區羅斯福路2段與和平東路1段口,0,0,2,1,C03,8,6,5,50,14,9,1,5,4,5,13,2,2,1,4,5,2,13,2,28,2,8,3,4,7,9,1,10,1,11,,16,,1,21,121.5227251,25.0268239
113,8,12,9,40,2,04大安區,大安區羅斯福路2段與和平東路1段口,0,0,2,2,C03,8,6,5,50,14,9,1,5,4,5,13,2,2,1,4,5,2,13,1,57,2,5,3,4,7,1,1,10,1,13,,44,,1,21,121.5227251,25.0268239
113,8,12,9,47,2,10文山區,文山區興隆路3段與興隆路3段304巷口口,0,0,1,1,B03,8,6,5,50,4,18,1,5,4,5,13,2,1,5,4,5,2,3,1,47,3,10,7,1,7,5,1,8,2,5,,70,,1,21,121.5588642,24.9927316
113,8,12,9,47,2,10文山區,文山區興隆路3段與興隆路3段304巷口口,0,0,1,2,H01,8,6,5,50,4,18,1,5,4,5,13,2,1,5,4,5,2,3,2,76,2,9,4,5,8,16,8,20,10,16,,121,,1,21,121.5588642,24.9927316
113,8,12,9,55,2,08士林區,士林區文林路與後街口,0,0,3,1,C03,8,6,5,30,4,1,1,5,4,5,13,4,4,10,5,5,2,17,1,19,2,9,5,1,7,5,1,10,2,12,,80,,1,21,121.5244559,25.0980646
113,8,12,9,55,2,08士林區,士林區文林路與後街口,0,0,3,3,H02,8,6,5,30,4,1,1,5,4,5,13,4,4,10,5,5,2,17,2,40,2,9,5,5,7,20,8,20,10,16,,67,,1,21,121.5244559,25.0980646
113,8,12,9,55,2,08士林區,士林區文林路與後街口,0,0,3,2,C03,8,6,5,30,4,1,1,5,4,5,13,4,4,10,5,5,2,17,1,41,2,9,5,1,7,9,1,10,2,11,,14,,1,21,121.5244559,25.0980646
113,8,12,10,0,2,09北投區,北投區西安街1段與自強街口,0,0,1,1,C03,7,7,5,50,4,2,1,5,4,5,13,3,1,10,4,4,2,6,1,22,3,10,6,1,7,9,1,10,1,11,,14,,1,21,121.5174601,25.1112003
113,8,12,10,0,2,09北投區,北投區西安街1段與自強街口,0,0,1,2,H01,7,7,5,50,4,2,1,5,4,5,13,3,1,10,4,4,2,6,1,64,2,8,4,5,8,18,8,20,10,16,,121,,1,21,121.5174601,25.1112003
113,8,12,10,15,2,03中山區,中山區長安東路1段與長安東路1段65巷口,0,0,1,1,C03,8,7,5,50,3,1,1,5,4,5,13,4,4,5,4,5,2,16,2,26,2,8,6,1,7,9,1,10,1,11,,108,,1,21,121.5274598,25.04849385
113,8,12,10,15,2,03中山區,中山區長安東路1段與長安東路1段65巷口,0,0,1,2,B03,8,7,5,50,3,1,1,5,4,5,13,4,4,5,4,5,2,16,1,51,3,10,7,1,7,14,1,8,1,6,,44,,1,21,121.5274598,25.04849385
113,8,12,11,3,2,10文山區,文山區木柵路4段165號對面,0,0,1,1,C03,8,6,5,50,14,9,1,5,4,5,13,4,4,4,4,5,2,29,1,57,2,9,6,1,7,9,1,8,1,11,,108,,1,21,121.5784013,25.0006081
113,8,12,11,3,2,10文山區,文山區木柵路4段165號對面,0,0,1,2,B12,8,6,5,50,14,9,1,5,4,5,13,4,4,4,4,5,2,29,1,55,3,10,7,1,7,13,1,8,11,7,,44,,1,21,121.5784013,25.0006081
113,8,12,11,3,2,10文山區,文山區木柵路4段165號對面,0,0,1,3,A02,8,6,5,50,14,9,1,5,4,5,13,4,4,4,4,5,2,29,1,49,3,10,7,1,7,9,1,2,9,17,,44,,1,21,121.5784013,25.0006081
113,8,12,11,10,2,05中正區,中正區汀州路3段243號,0,0,2,1,C03,8,7,5,50,14,9,1,5,4,5,10,4,4,9,4,5,2,17,2,70,2,9,5,1,7,1,1,10,1,14,,19,,1,21,121.5341106,25.0137829
113,8,12,11,10,2,05中正區,中正區汀州路3段243號,0,0,2,2,C03,8,7,5,50,14,9,1,5,4,5,10,4,4,9,4,5,2,17,1,19,2,9,5,1,7,9,1,10,1,11,,44,,1,21,121.5341106,25.0137829
113,8,12,11,30,2,09北投區,北投區石牌路1段與致遠一路2段口,0,0,1,1,C03,8,5,5,50,4,1,1,5,4,5,13,2,1,4,4,4,2,16,1,51,2,9,5,1,7,5,1,10,2,14,,103,,1,21,121.5122222,25.1140322
113,8,12,11,30,2,09北投區,北投區石牌路1段與致遠一路2段口,0,0,1,2,B03,8,5,5,50,4,1,1,5,4,5,13,2,1,4,4,4,2,16,1,28,3,10,7,1,7,9,1,8,2,5,,44,,1,21,121.5122222,25.1140322
113,8,12,11,35,2,08士林區,士林區忠誠路2段166巷29弄與忠誠路2段166巷口,0,0,1,1,C03,8,7,5,30,4,1,1,5,4,5,13,4,4,10,5,5,2,15,1,41,2,9,3,4,7,9,1,10,1,14,,14,,1,21,121.5326899,25.116352
113,8,12,11,35,2,08士林區,士林區忠誠路2段166巷29弄與忠誠路2段166巷口,0,0,1,2,B12,8,7,5,30,4,1,1,5,4,5,13,4,4,10,5,5,2,15,1,25,3,10,3,4,7,9,1,8,1,1,,13,,1,21,121.5326899,25.116352
113,8,12,11,50,2,01大同區,大同區赤峰街33巷與赤峰街口,0,0,1,1,B03,8,5,5,30,3,2,1,5,4,5,13,4,4,10,5,5,1,2,1,57,3,10,7,1,7,9,1,8,11,5,,108,,1,21,121.5193492,25.0542193
113,8,12,11,50,2,01大同區,大同區赤峰街33巷與赤峰街口,0,0,1,2,H01,8,5,5,30,3,2,1,5,4,5,13,4,4,10,5,5,1,2,2,34,2,7,4,5,8,21,8,20,10,16,,67,,1,21,121.5193492,25.0542193
113,8,12,12,6,2,07信義區,信義區忠孝東路5段與忠孝東路5段295巷口,0,0,2,1,C03,8,6,5,50,3,2,1,5,4,5,13,4,4,1,4,5,2,15,2,54,2,9,5,1,7,1,1,10,1,13,,72,,1,21,121.5724758,25.0410363
113,8,12,12,6,2,07信義區,信義區忠孝東路5段與忠孝東路5段295巷口,0,0,2,2,C03,8,6,5,50,3,2,1,5,4,5,13,4,4,1,4,5,2,15,2,44,2,7,5,1,7,9,1,10,1,11,,44,,1,21,121.5724758,25.0410363
113,8,12,12,6,2,07信義區,信義區忠孝東路5段與忠孝東路5段295巷口,0,0,2,3,B11,8,6,5,50,3,2,1,5,4,5,13,4,4,1,4,5,2,15,1,40,3,10,7,1,7,6,1,3,1,17,,44,,1,21,121.5724758,25.0410363
113,8,12,12,25,2,04大安區,大安區信義路4段235號,0,0,1,1,C03,8,6,5,50,14,9,1,5,4,5,13,4,4,5,4,5,2,17,1,39,2,9,6,4,7,9,1,10,1,14,,108,,1,21,121.5529313,25.0333134