發生年度,發生月,發生日,發生時-Hours,發生分,處理別-編號,區序,肇事地點,死亡人數,2-30日死亡人數,受傷人數,當事人序號,車種,天候,道路照明設備,道路類別,速限-速度限制,道路型態,事故位置,路面狀況1,路面狀況2,路面狀況3,道路障礙1,道路障礙2,號誌1,號誌2,車道劃分-分向,車道劃分-分道1,車道劃分-分道2,車道劃分-分道3,事故類型及型態,性別,年齡,受傷程度,主要傷處,保護裝置,行動電話,車輛用途,當事者行動狀態,駕駛資格情形,駕駛執照種類,飲酒情形,車輛撞擊部位1,車輛撞擊部位2,肇因碼-個別,肇因碼-主要,個人肇逃否,職業,座標-X,座標-Y
113,8,12,12,25,2,04大安區,大安區信義路4段235號,0,0,1,2,B13,8,6,5,50,14,9,1,5,4,5,13,4,4,5,4,5,2,17,1,47,3,10,7,4,7,14,1,8,1,6,,38,,1,21,121.5529313,25.0333134
113,8,12,12,25,2,05中正區,中正區金山南路1段與金山南路1段110巷口,0,0,1,1,B01,8,6,5,50,4,1,1,5,4,5,13,1,1,1,4,5,2,12,1,63,3,10,7,4,7,12,1,4,1,6,,42,,1,21,121.5272824,25.03513607
113,8,12,12,25,2,05中正區,中正區金山南路1段與金山南路1段110巷口,0,0,1,2,C03,8,6,5,50,4,1,1,5,4,5,13,1,1,1,4,5,2,12,1,36,2,9,6,4,7,9,1,9,1,11,,44,,1,22,121.5272824,25.03513607
113,8,12,12,30,2,05中正區,中正區林森南路成功高中綜合大樓前,0,0,3,1,C03,8,6,5,50,14,9,1,5,4,5,13,4,4,5,4,5,2,12,1,49,2,9,5,1,7,9,1,10,2,12,,33,,1,22,121.5228444,25.04300308
113,8,12,12,30,2,05中正區,中正區林森南路成功高中綜合大樓前,0,0,3,2,C03,8,6,5,50,14,9,1,5,4,5,13,4,4,5,4,5,2,12,1,76,2,9,6,1,7,9,1,10,2,14,,44,,1,22,121.5228444,25.04300308
113,8,12,12,30,2,05中正區,中正區林森南路成功高中綜合大樓前,0,0,3,3,H02,8,6,5,50,14,9,1,5,4,5,13,4,4,5,4,5,2,12,2,77,2,9,6,5,7,20,8,20,10,16,,67,,1,22,121.5228444,25.04300308
113,8,12,12,42,2,02萬華區,萬華區環河南路2段與和平西路3段口,0,0,1,1,B03,8,5,5,50,4,1,1,5,4,5,13,1,1,1,4,5,2,17,1,25,3,10,7,4,7,5,1,8,1,6,,71,,1,21,121.4942388,25.0354551
113,8,12,12,42,2,02萬華區,萬華區環河南路2段與和平西路3段口,0,0,1,2,C02,8,5,5,50,4,1,1,5,4,5,13,1,1,1,4,5,2,17,1,29,2,9,5,4,7,9,1,10,1,11,,44,,1,21,121.4942388,25.0354551
113,8,12,12,59,2,02萬華區,萬華區環河南路1段與忠孝西路2段口,0,0,1,1,B03,8,7,6,50,3,1,1,5,4,5,13,1,1,8,3,5,2,16,1,48,3,10,7,1,7,5,1,8,1,5,,71,,1,21,121.5061419,25.0488529
113,8,12,12,59,2,02萬華區,萬華區環河南路1段與忠孝西路2段口,0,0,1,2,C03,8,7,6,50,3,1,1,5,4,5,13,1,1,8,3,5,2,16,1,21,2,8,6,1,7,9,1,10,1,11,,44,,1,21,121.5061419,25.0488529
113,8,12,13,0,2,08士林區,士林區中社路1段56號,0,0,1,1,B03,8,6,5,50,14,9,1,5,4,5,13,4,4,4,2,5,1,16,2,76,3,10,7,1,7,1,1,8,1,7,,19,,1,22,121.5601038,25.10845168
113,8,12,13,0,2,08士林區,士林區中社路1段56號,0,0,1,2,F01,8,6,5,50,14,9,1,5,4,5,13,4,4,4,2,5,1,16,1,45,2,8,4,1,7,9,8,20,1,11,,44,,1,22,121.5601038,25.10845168
113,8,12,13,8,2,02萬華區,萬華區東園街66巷與東園街66巷24弄口,0,0,2,1,C03,8,7,5,30,4,1,1,5,4,5,13,4,4,10,5,5,2,15,2,45,2,9,5,1,7,9,1,10,1,11,,80,,1,21,121.4953052,25.0250779
113,8,12,13,8,2,02萬華區,萬華區東園街66巷與東園街66巷24弄口,0,0,2,2,C03,8,7,5,30,4,1,1,5,4,5,13,4,4,10,5,5,2,15,2,51,2,9,5,1,7,9,1,10,1,12,,14,,1,21,121.4953052,25.0250779
113,8,12,13,45,2,04大安區,大安區羅斯福路4段與基隆路4段口,0,0,2,1,B01,6,6,5,50,5,1,1,4,4,5,13,4,4,10,4,5,2,12,1,68,3,10,3,4,7,9,1,4,1,17,,16,,1,21,121.5372861,25.0109845
113,8,12,13,45,2,04大安區,大安區羅斯福路4段與基隆路4段口,0,0,2,2,C03,6,6,5,50,5,1,1,4,4,5,13,4,4,10,4,5,2,12,1,42,2,9,5,4,7,9,1,10,1,13,,17,,1,21,121.5372861,25.0109845
113,8,12,13,45,2,04大安區,大安區羅斯福路4段與基隆路4段口,0,0,2,3,H02,6,6,5,50,5,1,1,4,4,5,13,4,4,10,4,5,2,12,2,36,2,9,5,5,7,21,8,20,10,17,,67,,1,21,121.5372861,25.0109845
113,8,12,13,45,2,11南港區,南港區南港路3段50巷與松河街口,0,0,1,1,B03,8,7,5,50,3,1,1,5,4,5,13,4,4,9,4,5,2,16,1,49,3,10,3,4,7,11,1,14,1,4,,10,,1,21,121.5905501,25.0565356
113,8,12,13,45,2,11南港區,南港區南港路3段50巷與松河街口,0,0,1,2,C03,8,7,5,50,3,1,1,5,4,5,13,4,4,9,4,5,2,16,2,33,2,9,3,4,7,9,1,10,1,11,,44,,1,21,121.5905501,25.0565356
113,8,12,13,52,2,03中山區,中山區復興北路58號,0,0,1,1,B01,6,7,5,50,14,9,1,4,4,5,13,1,1,1,4,5,2,17,1,66,3,10,7,1,7,11,1,4,9,17,,42,,1,21,121.5439353,25.05016061
113,8,12,13,52,2,03中山區,中山區復興北路58號,0,0,1,2,C03,6,7,5,50,14,9,1,4,4,5,13,1,1,1,4,5,2,17,1,23,2,8,6,1,7,9,1,10,9,12,,42,,1,21,121.5439353,25.05016061
113,8,12,13,57,2,11南港區,南港區三重路69號,0,0,1,1,C03,6,6,5,50,14,9,1,4,4,5,13,4,4,8,3,5,2,12,1,42,2,7,3,4,7,8,1,10,1,13,,100,,1,22,121.6138529,25.0609469
113,8,12,13,57,2,11南港區,南港區三重路69號,0,0,1,2,B02,6,6,5,50,14,9,1,4,4,5,13,4,4,8,3,5,2,12,1,47,3,10,3,4,7,9,1,8,1,1,,16,,1,22,121.6138529,25.0609469
113,8,12,14,3,2,05中正區,中正區武昌街1段與延平南路口,0,0,1,1,B03,6,6,5,50,4,1,1,4,4,5,13,4,4,10,4,5,2,15,1,62,3,10,7,1,7,9,1,7,2,1,,80,,1,21,121.5102069,25.0441665
113,8,12,14,3,2,05中正區,中正區武昌街1段與延平南路口,0,0,1,2,C03,6,6,5,50,4,1,1,4,4,5,13,4,4,10,4,5,2,15,1,41,2,9,6,1,7,9,1,10,2,12,,44,,1,21,121.5102069,25.0441665
113,8,12,14,28,2,03中山區,中山區中山北路2段162號,0,0,1,1,C03,6,7,5,50,14,9,1,4,4,5,13,4,4,1,3,5,1,12,1,18,2,9,5,1,7,8,1,10,1,14,,100,,1,21,121.5226221,25.06295766
113,8,12,14,28,2,03中山區,中山區中山北路2段162號,0,0,1,2,B03,6,7,5,50,14,9,1,4,4,5,13,4,4,1,3,5,1,12,2,29,3,10,7,1,7,9,1,8,1,5,,44,,1,21,121.5226221,25.06295766
113,8,12,14,29,2,02萬華區,萬華區萬大路346號,0,0,1,1,C03,7,6,5,30,11,9,1,4,4,5,13,1,1,3,3,5,2,13,2,36,2,9,5,4,7,9,1,10,1,11,,44,,1,22,121.4995703,25.0231481
113,8,12,14,29,2,02萬華區,萬華區萬大路346號,0,0,1,2,B01,7,6,5,30,11,9,1,4,4,5,13,1,1,3,3,5,2,13,1,36,3,10,3,4,7,14,1,8,1,6,,44,,1,22,121.4995703,25.0231481
113,8,12,14,45,2,03中山區,中山區中山北路3段37號前,0,0,1,1,B03,6,7,5,50,14,9,1,4,4,5,13,4,4,5,4,5,2,17,1,32,3,10,3,4,7,7,1,8,1,17,,44,,1,21,121.5223644,25.0653881
113,8,12,14,45,2,03中山區,中山區中山北路3段37號前,0,0,1,2,C03,6,7,5,50,14,9,1,4,4,5,13,4,4,5,4,5,2,17,1,34,2,9,3,4,7,9,1,10,1,17,,42,,1,21,121.5223644,25.0653881
113,8,12,14,45,2,12內湖區,內湖區新湖一路與新湖二路口,0,0,2,1,B01,7,7,5,40,4,1,1,4,4,5,13,4,4,9,4,5,2,15,1,45,3,10,7,1,7,9,1,4,2,5,,14,,1,21,121.584666,25.0649969
113,8,12,14,45,2,12內湖區,內湖區新湖一路與新湖二路口,0,0,2,2,B13,7,7,5,40,4,1,1,4,4,5,13,4,4,9,4,5,2,15,1,41,3,10,7,1,7,9,1,8,2,1,,13,,1,21,121.584666,25.0649969
113,8,12,14,45,2,12內湖區,內湖區新湖一路與新湖二路口,0,0,2,3,H02,7,7,5,40,4,1,1,4,4,5,13,4,4,9,4,5,2,15,2,31,2,9,2,5,7,20,8,20,10,16,,58,,1,21,121.584666,25.0649969
113,8,12,14,45,2,12內湖區,內湖區新湖一路與新湖二路口,0,0,2,4,H02,7,7,5,40,4,1,1,4,4,5,13,4,4,9,4,5,2,15,2,39,2,9,2,5,7,20,8,20,10,16,,58,,1,21,121.584666,25.0649969
113,8,12,14,58,2,07信義區,信義區忠孝東路4段550號,0,0,1,1,C03,6,7,5,50,14,9,1,4,4,5,13,4,4,1,4,5,2,13,1,55,2,9,5,1,7,9,1,10,1,11,,42,,1,22,121.5630993,25.04116786
113,8,12,14,58,2,07信義區,信義區忠孝東路4段550號,0,0,1,2,C03,6,7,5,50,14,9,1,4,4,5,13,4,4,1,4,5,2,13,1,28,3,10,6,1,7,9,1,10,1,13,,44,,1,22,121.5630993,25.04116786
113,8,12,15,2,2,04大安區,大安區忠孝東路4段209號,0,0,2,1,B03,7,6,8,50,14,9,1,4,4,5,13,4,4,1,3,5,2,16,2,51,2,7,7,1,7,8,1,8,11,6,,100,,1,21,121.5520091,25.0415486
113,8,12,15,2,2,04大安區,大安區忠孝東路4段209號,0,0,2,2,C03,7,6,8,50,14,9,1,4,4,5,13,4,4,1,3,5,2,16,1,27,2,9,6,1,7,9,1,10,1,14,,116,,1,21,121.5520091,25.0415486
113,8,12,15,49,2,03中山區,中山區濱江街301巷與濱江街口,0,0,1,1,B03,7,5,5,50,3,1,1,5,4,5,13,4,4,5,5,5,2,16,1,50,3,10,3,4,7,6,1,8,2,2,,44,,1,21,121.5457213,25.07241519
113,8,12,15,49,2,03中山區,中山區濱江街301巷與濱江街口,0,0,1,2,C03,7,5,5,50,3,1,1,5,4,5,13,4,4,5,5,5,2,16,1,27,2,9,3,4,7,9,6,18,6,11,,107,,1,21,121.5457213,25.07241519
113,8,12,16,5,2,03中山區,中山區復興北路154號,0,0,1,1,C03,6,6,5,50,14,9,1,4,4,5,13,1,1,1,4,5,2,12,1,30,2,7,6,1,7,9,3,18,1,11,,108,,1,21,121.5439756,25.0530528
113,8,12,16,5,2,03中山區,中山區復興北路154號,0,0,1,2,B03,6,6,5,50,14,9,1,4,4,5,13,1,1,1,4,5,2,12,1,35,3,10,7,1,7,9,1,8,1,6,,44,,1,21,121.5439756,25.0530528
113,8,12,16,5,2,03中山區,中山區復興北路154號,0,0,1,3,B03,6,6,5,50,14,9,1,4,4,5,13,1,1,1,4,5,2,12,1,40,3,10,7,1,7,14,1,8,1,7,,44,,1,21,121.5439756,25.0530528
113,8,12,16,38,2,12內湖區,內湖區新明路與新明路181巷口,0,0,1,1,B03,8,6,5,40,14,7,1,5,4,5,13,4,4,5,4,4,2,17,1,50,3,10,7,1,7,11,1,8,1,4,,103,,1,21,121.588523,25.05880551
113,8,12,16,38,2,12內湖區,內湖區新明路與新明路181巷口,0,0,1,2,C03,8,6,5,40,14,7,1,5,4,5,13,4,4,5,4,4,2,17,1,20,2,8,5,1,7,9,3,18,1,11,,42,,1,21,121.588523,25.05880551
113,8,12,17,0,2,03中山區,中山區樂群一路與堤頂大道2段口,0,0,1,1,B03,8,7,5,50,4,1,1,5,4,5,13,1,1,9,4,1,2,12,1,35,3,10,7,1,7,15,1,10,1,2,,9,,1,21,121.5684178,25.07734441
113,8,12,17,0,2,03中山區,中山區樂群一路與堤頂大道2段口,0,0,1,2,C03,8,7,5,50,4,1,1,5,4,5,13,1,1,9,4,1,2,12,1,47,2,9,6,1,7,9,1,10,2,14,,118,,1,21,121.5684178,25.07734441
113,8,12,17,7,2,12內湖區,內湖區港墘路117號,0,0,1,1,B01,7,7,5,50,14,9,1,5,4,5,13,4,4,1,4,5,2,12,1,63,3,10,7,1,7,9,1,4,1,5,,17,,1,21,121.57628,25.0784126
113,8,12,17,7,2,12內湖區,內湖區港墘路117號,0,0,1,2,F01,7,7,5,50,14,9,1,5,4,5,13,4,4,1,4,5,2,12,1,38,2,9,4,1,7,15,8,20,1,14,,17,,1,21,121.57628,25.0784126
113,8,12,17,7,2,12內湖區,內湖區港墘路117號,0,0,1,3,B03,7,7,5,50,14,9,1,5,4,5,13,4,4,1,4,5,2,12,1,50,3,10,3,1,7,14,1,8,1,4,,38,,1,21,121.57628,25.0784126
113,8,12,17,15,2,03中山區,中山區北安路47號,0,0,1,1,B03,7,6,5,50,14,9,1,5,4,5,13,4,4,1,4,5,2,12,2,30,3,10,7,1,7,7,1,8,1,5,,100,,1,21,121.5281425,25.0774302
113,8,12,17,15,2,03中山區,中山區北安路47號,0,0,1,2,C03,7,6,5,50,14,9,1,5,4,5,13,4,4,1,4,5,2,12,2,27,2,9,6,1,7,9,1,10,1,13,,44,,1,21,121.5281425,25.0774302
113,8,12,17,15,2,09北投區,北投區承德路7段97號,0,0,2,1,B03,7,7,5,50,14,9,1,5,4,5,13,4,4,1,4,5,2,16,1,44,3,10,3,4,7,6,1,8,1,5,,9,,1,22,121.5098591,25.1116712
113,8,12,17,15,2,09北投區,北投區承德路7段97號,0,0,2,2,C03,7,7,5,50,14,9,1,5,4,5,13,4,4,1,4,5,2,16,1,69,2,9,3,4,7,9,1,10,1,14,,44,,1,26,121.5098591,25.1116712
113,8,12,17,15,2,09北投區,北投區承德路7段97號,0,0,2,3,C03,7,7,5,50,14,9,1,5,4,5,13,4,4,1,4,5,2,16,1,71,2,8,3,4,7,9,1,10,1,14,,44,,1,21,121.5098591,25.1116712
113,8,12,17,18,2,12內湖區,內湖區民權東路6段136號,0,0,1,1,C03,8,7,5,50,14,9,1,5,4,5,13,4,4,1,4,4,2,17,1,56,2,8,6,1,7,8,1,10,1,14,,100,,1,21,121.5805523,25.0674243
113,8,12,17,18,2,12內湖區,內湖區民權東路6段136號,0,0,1,2,B03,8,7,5,50,14,9,1,5,4,5,13,4,4,1,4,4,2,17,1,34,3,10,7,1,7,9,1,8,1,2,,44,,1,21,121.5805523,25.0674243
113,8,12,17,18,2,12內湖區,內湖區民權東路6段136號,0,0,1,3,B03,8,7,5,50,14,9,1,5,4,5,13,4,4,1,4,4,2,17,1,50,3,10,7,1,7,9,1,8,1,8,,44,,1,21,121.5805523,25.0674243
113,8,12,17,42,2,09北投區,北投區承德路7段188巷與尊賢街口,0,0,2,1,C03,8,5,5,30,4,1,1,5,4,5,13,4,4,10,5,5,2,15,2,55,2,9,5,1,7,9,1,10,2,12,,14,,1,21,121.5086064,25.1143617
113,8,12,17,42,2,09北投區,北投區承德路7段188巷與尊賢街口,0,0,2,2,C03,8,5,5,30,4,1,1,5,4,5,13,4,4,10,5,5,2,15,1,58,2,9,5,1,7,9,1,10,2,11,,14,,1,21,121.5086064,25.1143617
113,8,12,18,20,2,04大安區,大安區復興南路1段239號,0,0,1,1,B03,7,5,5,50,14,9,1,4,4,5,13,4,4,1,3,5,2,16,1,29,3,10,7,1,7,7,1,8,1,2,,44,,1,21,121.5437989,25.03729831
113,8,12,18,20,2,04大安區,大安區復興南路1段239號,0,0,1,2,C03,7,5,5,50,14,9,1,4,4,5,13,4,4,1,3,5,2,16,2,27,2,9,6,1,7,9,1,10,1,14,,44,,1,21,121.5437989,25.03729831
113,8,12,18,20,2,04大安區,大安區復興南路1段239號,0,0,1,3,B03,7,5,5,50,14,9,1,4,4,5,13,4,4,1,3,5,2,16,1,35,3,10,7,1,7,7,1,8,11,17,,100,,1,21,121.5437989,25.03729831
113,8,12,18,35,2,04大安區,大安區安和路2段與安和路2段184巷口,0,0,1,1,C03,8,5,5,50,14,9,1,5,4,5,13,4,4,1,4,5,1,13,1,55,3,10,3,4,7,9,1,10,1,11,,108,,1,21,121.5500961,25.025149
113,8,12,18,35,2,04大安區,大安區安和路2段與安和路2段184巷口,0,0,1,2,C02,8,5,5,50,14,9,1,5,4,5,13,4,4,1,4,5,1,13,2,26,2,5,3,4,7,9,1,9,1,13,,44,,1,21,121.5500961,25.025149
113,8,12,18,35,2,04大安區,大安區安和路2段與安和路2段184巷口,0,0,1,3,B01,8,5,5,50,14,9,1,5,4,5,13,4,4,1,4,5,1,13,1,44,3,10,3,4,7,14,1,4,1,6,,44,,1,21,121.5500961,25.025149
113,8,12,19,30,2,03中山區,中山區民權西路53號,0,0,1,1,B03,8,5,5,0,14,20,1,5,4,5,13,4,4,10,5,5,2,1,1,72,3,10,3,4,7,1,1,8,1,5,,19,,1,21,121.5222162,25.05800492
113,8,12,19,30,2,03中山區,中山區民權西路53號,0,0,1,2,H01,8,5,5,0,14,20,1,5,4,5,13,4,4,10,5,5,2,1,2,83,2,9,4,5,8,16,8,20,10,16,,67,,1,21,121.5222162,25.05800492
113,8,12,19,45,2,01大同區,大同區通河西街堤外便道,0,0,3,1,C03,7,5,5,30,14,9,5,5,4,5,13,4,4,10,5,5,2,10,2,27,2,9,3,4,7,9,3,18,1,11,,102,,1,21,121.5181285,25.07754944
113,8,12,19,45,2,01大同區,大同區通河西街堤外便道,0,0,3,2,C03,7,5,5,30,14,9,5,5,4,5,13,4,4,10,5,5,2,10,1,55,2,9,3,4,7,9,1,9,1,11,,13,,1,21,121.5181285,25.07754944
113,8,12,19,45,2,01大同區,大同區通河西街堤外便道,0,0,3,3,B01,7,5,5,30,14,9,5,5,4,5,13,4,4,10,5,5,2,10,1,44,3,10,3,4,7,14,1,4,1,7,,67,,1,21,121.5181285,25.07754944
113,8,12,19,45,2,01大同區,大同區通河西街堤外便道,0,0,3,4,H02,7,5,5,30,14,9,5,5,4,5,13,4,4,10,5,5,2,10,2,50,2,9,3,5,7,20,8,20,10,16,,67,,1,21,121.5181285,25.07754944
113,8,12,19,52,2,07信義區,信義區基隆路2段與信義路5段口口,0,0,1,1,C03,8,5,5,50,4,1,1,5,4,5,13,2,1,1,4,5,2,1,2,37,3,10,6,1,7,6,1,10,1,11,,70,,1,22,121.5598353,25.0329643
113,8,12,19,52,2,07信義區,信義區基隆路2段與信義路5段口口,0,0,1,2,H01,8,5,5,50,4,1,1,5,4,5,13,2,1,1,4,5,2,1,2,59,2,9,4,5,8,16,8,20,10,16,,67,,1,22,121.5598353,25.0329643
113,8,12,19,55,2,12內湖區,內湖區東湖路7巷與東湖路口,0,0,1,1,C04,8,5,5,50,3,1,1,5,4,5,13,4,4,5,4,5,2,17,2,46,2,8,6,1,7,9,1,10,2,12,,42,,1,21,121.6125675,25.06884025
113,8,12,19,55,2,12內湖區,內湖區東湖路7巷與東湖路口,0,0,1,2,B01,8,5,5,50,3,1,1,5,4,5,13,4,4,5,4,5,2,17,1,56,3,10,7,1,7,9,1,4,2,1,,42,,1,21,121.6125675,25.06884025
113,8,12,20,15,2,12內湖區,內湖區瑞光路與瑞光路253巷口,0,0,2,1,C03,7,6,5,50,3,1,1,5,4,5,13,4,4,9,4,5,2,3,1,23,2,9,6,1,7,9,1,10,2,14,,108,,1,22,121.5779714,25.0747841
113,8,12,20,15,2,12內湖區,內湖區瑞光路與瑞光路253巷口,0,0,2,2,H01,7,6,5,50,3,1,1,5,4,5,13,4,4,9,4,5,2,3,1,67,2,9,4,5,8,18,8,20,10,16,,121,,1,21,121.5779714,25.0747841
113,8,12,20,30,2,12內湖區,內湖區民權東路6段與舊宗路1段口,0,0,1,1,B03,8,5,5,50,5,2,1,5,4,5,13,2,1,1,4,5,2,12,1,42,3,10,3,4,7,9,1,8,11,2,,108,,2,21,121.5752058,25.06552834
113,8,12,20,30,2,12內湖區,內湖區民權東路6段與舊宗路1段口,0,0,1,2,C03,8,5,5,50,5,2,1,5,4,5,13,2,1,1,4,5,2,12,1,24,2,9,5,1,7,8,1,10,2,14,,100,,1,21,121.5752058,25.06552834
113,8,12,20,43,2,03中山區,中山區復興北路地下道與民族東路口,0,0,2,1,B03,8,5,5,50,4,1,1,5,4,5,13,1,1,1,4,5,2,15,1,31,2,1,3,4,7,9,1,8,2,2,,81,,1,22,121.5443871,25.0663033
113,8,12,20,43,2,03中山區,中山區復興北路地下道與民族東路口,0,0,2,2,C03,8,5,5,50,4,1,1,5,4,5,13,1,1,1,4,5,2,15,1,26,5,9,6,1,7,9,1,10,2,11,,44,,1,22,121.5443871,25.0663033
113,8,12,20,49,2,02萬華區,萬華區東園街與東園街140巷口,0,0,1,1,B01,7,5,5,40,4,1,1,5,4,5,13,2,1,9,5,5,2,16,1,60,3,10,3,4,7,5,1,2,1,2,,71,,1,21,121.497477,25.0240014
113,8,12,20,49,2,02萬華區,萬華區東園街與東園街140巷口,0,0,1,2,C03,7,5,5,40,4,1,1,5,4,5,13,2,1,9,5,5,2,16,1,55,2,8,6,4,7,9,1,10,1,11,,44,,1,21,121.497477,25.0240014
113,8,12,21,30,2,12內湖區,內湖區金龍路59號,0,0,2,1,C03,8,5,5,50,14,7,1,5,4,5,13,4,4,5,4,4,2,13,2,62,2,9,6,1,7,9,1,10,2,11,,16,,1,21,121.593209,25.0850157
113,8,12,21,30,2,12內湖區,內湖區金龍路59號,0,0,2,2,C03,8,5,5,50,14,7,1,5,4,5,13,4,4,5,4,4,2,13,1,34,3,10,5,1,7,9,1,10,2,13,,44,,1,21,121.593209,25.0850157
113,8,12,21,30,2,12內湖區,內湖區金龍路59號,0,0,2,3,H02,8,5,5,50,14,7,1,5,4,5,13,4,4,5,4,4,2,13,2,32,2,9,6,5,7,21,8,20,10,16,,67,,1,21,121.593209,25.0850157
113,8,12,21,48,2,05中正區,中正區館前路與開封街1段口,0,0,2,1,C03,8,5,5,50,3,2,1,5,4,5,13,4,4,10,5,5,2,9,1,19,2,7,6,1,7,9,1,10,1,11,14,70,,1,21,121.515011,25.0460098
113,8,12,21,48,2,05中正區,中正區館前路與開封街1段口,0,0,2,2,H01,8,5,5,50,3,2,1,5,4,5,13,4,4,10,5,5,2,9,1,16,2,9,4,5,8,18,8,20,1,16,16,53,,1,21,121.515011,25.0460098
113,8,12,22,2,2,08士林區,士林區延平北路7段106巷327弄與延平北路7段106巷口,0,0,2,1,C03,8,5,5,30,3,2,1,5,4,5,13,1,1,10,5,5,2,13,1,21,3,10,5,1,7,9,1,10,2,11,,108,,1,21,121.4959182,25.10454451
113,8,12,22,2,2,08士林區,士林區延平北路7段106巷327弄與延平北路7段106巷口,0,0,2,2,C03,8,5,5,30,3,2,1,5,4,5,13,1,1,10,5,5,2,13,1,22,2,9,5,1,7,14,1,10,2,13,,44,,1,21,121.4959182,25.10454451
113,8,12,22,2,2,08士林區,士林區延平北路7段106巷327弄與延平北路7段106巷口,0,0,2,3,H02,8,5,5,30,3,2,1,5,4,5,13,1,1,10,5,5,2,13,2,21,2,9,5,5,7,20,8,20,10,16,,67,,1,22,121.4959182,25.10454451
113,8,12,22,20,2,04大安區,大安區忠孝東路4段77巷與敦化南路1段190巷口,0,0,2,1,C03,8,5,5,30,4,1,1,5,4,3,10,4,4,9,5,5,1,15,2,18,2,9,6,4,7,9,1,10,1,11,,72,,1,21,121.5472129,25.0426505
113,8,12,22,20,2,04大安區,大安區忠孝東路4段77巷與敦化南路1段190巷口,0,0,2,2,C03,8,5,5,30,4,1,1,5,4,3,10,4,4,9,5,5,1,15,1,18,2,9,6,4,7,9,1,10,1,12,,13,,1,21,121.5472129,25.0426505
113,8,12,22,20,2,04大安區,大安區忠孝東路4段77巷與敦化南路1段190巷口,0,0,2,3,A12,8,5,5,30,4,1,1,5,4,3,10,4,4,9,5,5,1,15,1,31,3,10,3,4,7,14,1,3,9,17,,38,,1,21,121.5472129,25.0426505
113,8,12,22,35,2,02萬華區,萬華區中華路2段與國興路口,0,0,2,1,H01,7,5,5,50,4,1,1,5,4,5,13,2,1,5,4,5,2,3,1,63,2,9,4,5,8,16,8,20,10,16,,122,,1,21,121.5090342,25.0248946
113,8,12,22,35,2,02萬華區,萬華區中華路2段與國興路口,0,0,2,2,F01,7,5,5,50,4,1,1,5,4,5,13,2,1,5,4,5,2,3,2,75,2,7,4,1,7,9,8,20,1,11,,70,,1,21,121.5090342,25.0248946
113,8,12,22,59,2,07信義區,信義區松信路與忠孝東路5段口,0,0,1,1,C03,8,5,5,50,4,1,1,5,4,5,13,1,1,9,4,5,2,13,1,19,2,9,6,1,7,9,1,10,1,13,,103,,1,21,121.5719667,25.0412154
113,8,12,22,59,2,07信義區,信義區松信路與忠孝東路5段口,0,0,1,2,B03,8,5,5,50,4,1,1,5,4,5,13,1,1,9,4,5,2,13,1,43,3,10,7,1,7,9,1,8,1,5,,107,,1,21,121.5719667,25.0412154
113,8,12,23,23,2,02萬華區,萬華區環河南路2段166號,0,0,1,1,C03,7,5,5,50,14,9,1,5,4,5,13,4,4,1,4,5,2,12,1,75,2,9,5,1,7,7,1,10,2,14,,17,,1,21,121.4939232,25.0349594
113,8,12,23,23,2,02萬華區,萬華區環河南路2段166號,0,0,1,2,B03,7,5,5,50,14,9,1,5,4,5,13,4,4,1,4,5,2,12,1,26,3,10,7,1,7,9,1,8,2,5,,44,,1,21,121.4939232,25.0349594
113,8,12,23,30,2,09北投區,北投區陽金公路1208394號燈桿,0,0,1,1,C03,8,5,5,40,22,9,1,5,4,5,13,4,4,4,5,5,1,18,1,19,2,9,6,1,7,15,1,10,1,14,,42,,1,25,121.5443752,25.1607456
113,8,12,23,30,2,09北投區,北投區陽金公路1208394號燈桿,0,0,1,2,,8,5,5,40,22,9,1,5,4,5,13,4,4,4,5,5,1,18,3,0,,,,,,,,,10,,,67,,,,121.5443752,25.1607456
113,8,12,23,57,2,02萬華區,萬華區桂林路與西園路1段口,0,0,2,1,H01,7,5,5,50,4,1,1,5,4,5,13,2,1,9,4,4,2,3,1,61,2,9,4,5,8,16,8,20,10,16,,122,,1,22,121.4999374,25.0381492
113,8,12,23,57,2,02萬華區,萬華區桂林路與西園路1段口,0,0,2,2,C03,7,5,5,50,4,1,1,5,4,5,13,2,1,9,4,4,2,3,1,32,2,9,6,1,7,9,1,10,1,11,,44,,1,22,121.4999374,25.0381492
113,8,13,1,28,2,07信義區,信義區林口街與忠孝東路5段524巷3弄口,0,0,3,1,C03,7,5,5,40,4,2,1,5,4,5,13,1,1,9,4,5,2,13,1,39,2,9,6,1,7,9,1,10,2,11,,16,,1,21,121.5808591,25.0411402
113,8,13,1,28,2,07信義區,信義區林口街與忠孝東路5段524巷3弄口,0,0,3,2,C03,7,5,5,40,4,2,1,5,4,5,13,1,1,9,4,5,2,13,1,27,2,9,6,1,7,14,1,10,2,13,,44,,1,21,121.5808591,25.0411402
113,8,13,1,28,2,07信義區,信義區林口街與忠孝東路5段524巷3弄口,0,0,3,3,H02,7,5,5,40,4,2,1,5,4,5,13,1,1,9,4,5,2,13,2,28,2,9,6,5,7,21,8,20,10,17,,67,,1,21,121.5808591,25.0411402
113,8,13,6,37,2,10文山區,文山區信義快速道路文山隧道內往木柵北往南外側車道牆壁538旁,0,0,1,1,B02,8,5,5,70,14,9,1,5,4,5,12,4,4,10,1,5,1,20,1,65,2,9,7,1,7,9,1,8,2,5,,118,,1,22,121.5813419,25.00952027