發生年度,發生月,發生日,發生時-Hours,發生分,處理別-編號,區序,肇事地點,死亡人數,2-30日死亡人數,受傷人數,當事人序號,車種,天候,道路照明設備,道路類別,速限-速度限制,道路型態,事故位置,路面狀況1,路面狀況2,路面狀況3,道路障礙1,道路障礙2,號誌1,號誌2,車道劃分-分向,車道劃分-分道1,車道劃分-分道2,車道劃分-分道3,事故類型及型態,性別,年齡,受傷程度,主要傷處,保護裝置,行動電話,車輛用途,當事者行動狀態,駕駛資格情形,駕駛執照種類,飲酒情形,車輛撞擊部位1,車輛撞擊部位2,肇因碼-個別,肇因碼-主要,個人肇逃否,職業,座標-X,座標-Y
113,8,13,6,37,2,10文山區,文山區信義快速道路文山隧道內往木柵北往南外側車道牆壁538旁,0,0,1,2,,8,5,5,70,14,9,1,5,4,5,12,4,4,10,1,5,1,20,3,0,,,,,,,,,,,,67,,1,,121.5813419,25.00952027
113,8,13,6,48,2,06松山區,松山區八德路2段367號,0,0,1,1,B02,8,7,6,50,14,9,1,5,4,5,13,4,4,5,4,5,2,17,1,43,3,10,7,1,7,5,1,4,1,4,,8,,1,21,121.5444704,25.04770382
113,8,13,6,48,2,06松山區,松山區八德路2段367號,0,0,1,2,C03,8,7,6,50,14,9,1,5,4,5,13,4,4,5,4,5,2,17,2,56,2,9,6,1,7,9,1,10,1,11,,16,,1,21,121.5444704,25.04770382
113,8,13,7,2,2,04大安區,大安區忠孝東路4段77巷與敦化南路1段190巷口,0,0,1,1,B02,8,5,5,30,4,1,1,5,4,5,13,4,4,10,5,5,2,15,1,45,3,10,3,4,7,9,1,4,1,5,,14,,1,21,121.5471968,25.0426189
113,8,13,7,2,2,04大安區,大安區忠孝東路4段77巷與敦化南路1段190巷口,0,0,1,2,C03,8,5,5,30,4,1,1,5,4,5,13,4,4,10,5,5,2,15,1,50,2,8,3,4,7,9,1,10,1,14,,14,,1,21,121.5471968,25.0426189
113,8,13,7,13,2,10文山區,文山區興隆路4段2號,0,0,1,1,B03,8,6,5,50,14,9,1,5,4,5,13,1,1,1,4,5,2,17,1,58,3,10,7,1,7,1,1,8,1,17,,19,,1,21,121.5593313,24.9903805
113,8,13,7,13,2,10文山區,文山區興隆路4段2號,0,0,1,2,C03,8,6,5,50,14,9,1,5,4,5,13,1,1,1,4,5,2,17,1,64,2,9,6,1,7,9,1,10,1,14,,44,,1,21,121.5593313,24.9903805
113,8,13,7,23,2,03中山區,中山區大直街33巷與大直街口,0,0,1,1,F01,8,5,5,30,4,1,1,5,4,5,13,4,4,5,5,5,2,15,1,14,2,9,3,4,7,9,8,20,1,11,,72,,1,21,121.546397,25.08205476
113,8,13,7,23,2,03中山區,中山區大直街33巷與大直街口,0,0,1,2,B01,8,5,5,30,4,1,1,5,4,5,13,4,4,5,5,5,2,15,2,61,3,10,3,4,7,9,1,4,1,7,,44,,1,21,121.546397,25.08205476
113,8,13,7,23,2,03中山區,中山區大直街33巷與大直街口,0,0,1,3,B01,8,5,5,30,4,1,1,5,4,5,13,4,4,5,5,5,2,15,1,43,3,10,3,4,7,9,1,4,1,7,,44,,1,21,121.546397,25.08205476
113,8,13,7,23,2,03中山區,中山區大直街33巷與大直街口,0,0,1,4,A11,8,5,5,30,4,1,1,5,4,5,13,4,4,5,5,5,2,15,3,0,,,,,,,,,11,,,38,,,,121.546397,25.08205476
113,8,13,7,23,2,12內湖區,內湖區安泰街129巷5號,0,0,1,2,H01,8,6,5,30,14,9,1,5,4,5,13,4,4,10,5,5,2,9,1,80,2,9,4,5,8,16,8,20,10,16,,67,,1,21,121.6170178,25.07777164
113,8,13,7,23,2,12內湖區,內湖區安泰街129巷5號,0,0,1,1,B03,8,6,5,30,14,9,1,5,4,5,13,4,4,10,5,5,2,9,1,58,3,10,7,1,7,2,1,8,2,3,,12,,1,21,121.6170178,25.07777164
113,8,13,8,8,2,01大同區,大同區迪化街2段191巷9號,0,0,2,1,C03,8,6,5,30,14,9,1,5,4,5,13,4,4,10,5,5,2,1,2,43,2,8,6,1,7,9,1,10,2,11,,108,,1,21,121.5120247,25.069268
113,8,13,8,8,2,01大同區,大同區迪化街2段191巷9號,0,0,2,2,H01,8,6,5,30,14,9,1,5,4,5,13,4,4,10,5,5,2,1,2,90,2,9,4,5,8,16,8,20,10,16,,67,,1,21,121.5120247,25.069268
113,8,13,8,8,2,12內湖區,內湖區潭美街與南京東路6段口,0,0,2,1,B03,8,6,5,40,14,9,1,5,4,5,13,3,1,5,5,5,2,17,1,54,3,10,7,1,7,9,3,18,2,8,,99,,1,21,121.5750878,25.0531219
113,8,13,8,8,2,12內湖區,內湖區潭美街與南京東路6段口,0,0,2,2,C03,8,6,5,40,14,9,1,5,4,5,13,3,1,5,5,5,2,17,1,56,2,7,5,1,7,9,1,9,2,14,,44,,1,21,121.5750878,25.0531219
113,8,13,8,8,2,12內湖區,內湖區潭美街與南京東路6段口,0,0,2,3,H02,8,6,5,40,14,9,1,5,4,5,13,3,1,5,5,5,2,17,2,48,2,8,5,5,7,20,8,20,10,16,,67,,1,21,121.5750878,25.0531219
113,8,13,8,18,2,09北投區,北投區公館路與崇仁路1段口,0,0,1,1,C03,8,6,5,40,14,9,1,5,4,5,13,1,1,9,4,5,2,16,1,76,2,7,5,1,7,5,1,10,1,14,,8,,1,21,121.5029579,25.1227091
113,8,13,8,18,2,09北投區,北投區公館路與崇仁路1段口,0,0,1,2,C03,8,6,5,40,14,9,1,5,4,5,13,1,1,9,4,5,2,16,1,22,3,10,5,1,7,9,1,10,1,12,,9,,1,21,121.5029579,25.1227091
113,8,13,9,4,2,05中正區,中正區濟南路1段與林森南路口,0,0,1,1,B01,8,6,5,40,4,2,1,5,4,5,13,1,1,5,4,4,2,12,1,59,3,10,3,4,7,13,1,4,11,8,,40,,1,21,121.523077,25.04237381
113,8,13,9,4,2,05中正區,中正區濟南路1段與林森南路口,0,0,1,2,F01,8,6,5,40,4,2,1,5,4,5,13,1,1,5,4,4,2,12,1,41,2,8,2,1,7,9,8,20,1,15,,44,,1,22,121.523077,25.04237381
113,8,13,9,20,2,03中山區,中山區建國北路3段與民權東路3段口,0,0,1,1,C03,8,7,5,50,4,2,1,5,4,5,13,1,1,9,4,4,2,13,1,61,3,10,6,1,7,9,6,10,1,11,,108,,1,21,121.5370238,25.0624552
113,8,13,9,20,2,03中山區,中山區建國北路3段與民權東路3段口,0,0,1,2,C03,8,7,5,50,4,2,1,5,4,5,13,1,1,9,4,4,2,13,2,30,2,8,6,1,7,14,1,10,1,13,,44,,1,21,121.5370238,25.0624552
113,8,13,9,20,2,03中山區,中山區建國北路3段與民權東路3段口,0,0,1,3,B03,8,7,5,50,4,2,1,5,4,5,13,1,1,9,4,4,2,13,1,24,3,10,7,1,7,14,1,8,1,6,,44,,1,21,121.5370238,25.0624552
113,8,13,9,20,2,06松山區,松山區光復北路與南京東路4段口,0,0,1,1,B03,8,7,5,50,5,2,1,5,4,5,13,2,1,3,4,5,2,17,2,24,3,10,7,1,7,5,1,8,1,5,,44,,1,21,121.5579133,25.0513869
113,8,13,9,20,2,06松山區,松山區光復北路與南京東路4段口,0,0,1,2,C03,8,7,5,50,5,2,1,5,4,5,13,2,1,3,4,5,2,17,2,23,2,7,5,1,7,5,1,10,1,14,,17,,1,21,121.5579133,25.0513869
113,8,13,9,23,2,03中山區,中山區新生北路2段與民權東路1段口,0,0,3,1,B03,8,5,5,50,5,1,1,5,4,5,13,1,1,1,4,5,2,16,2,46,3,10,3,4,7,8,1,8,1,5,,100,,1,21,121.527332,25.0625561
113,8,13,9,23,2,03中山區,中山區新生北路2段與民權東路1段口,0,0,3,2,C03,8,5,5,50,5,1,1,5,4,5,13,1,1,1,4,5,2,16,1,43,2,9,3,4,7,9,1,10,1,11,,44,,1,21,121.527332,25.0625561
113,8,13,9,23,2,03中山區,中山區新生北路2段與民權東路1段口,0,0,3,3,C03,8,5,5,50,5,1,1,5,4,5,13,1,1,1,4,5,2,16,2,29,2,9,3,4,7,9,1,10,1,11,,44,,1,21,121.527332,25.0625561
113,8,13,9,23,2,03中山區,中山區新生北路2段與民權東路1段口,0,0,3,4,H02,8,5,5,50,5,1,1,5,4,5,13,1,1,1,4,5,2,16,2,44,2,9,3,5,7,21,8,20,10,16,,67,,1,21,121.527332,25.0625561
113,8,13,9,24,2,04大安區,大安區建國南路2段109號,0,0,1,1,B03,8,6,5,50,14,9,1,5,4,5,13,4,4,1,3,5,2,12,1,33,3,10,7,1,7,9,1,4,2,5,,16,,1,21,121.5379782,25.02994674
113,8,13,9,24,2,04大安區,大安區建國南路2段109號,0,0,1,2,C03,8,6,5,50,14,9,1,5,4,5,13,4,4,1,3,5,2,12,2,53,2,8,6,1,7,12,1,10,2,13,,44,,1,21,121.5379782,25.02994674
113,8,13,9,39,2,03中山區,中山區南京東路3段與南京東路3段14巷口,0,0,1,1,B03,7,5,5,50,3,2,1,5,4,5,13,4,4,3,4,5,2,13,1,70,3,10,3,4,7,9,1,8,1,5,,44,,1,21,121.5375167,25.05190109
113,8,13,9,39,2,03中山區,中山區南京東路3段與南京東路3段14巷口,0,0,1,2,B03,7,5,5,50,3,2,1,5,4,5,13,4,4,3,4,5,2,13,1,33,3,10,3,4,7,12,1,8,1,7,,44,,1,21,121.5375167,25.05190109
113,8,13,9,39,2,03中山區,中山區南京東路3段與南京東路3段14巷口,0,0,1,3,C03,7,5,5,50,3,2,1,5,4,5,13,4,4,3,4,5,2,13,1,63,2,9,3,4,7,9,1,10,1,12,,44,,1,21,121.5375167,25.05190109
113,8,13,9,39,2,03中山區,中山區南京東路3段與南京東路3段14巷口,0,0,1,4,B01,7,5,5,50,3,2,1,5,4,5,13,4,4,3,4,5,2,13,1,52,3,10,3,4,7,7,1,4,1,17,,44,,1,21,121.5375167,25.05190109
113,8,13,9,41,2,01大同區,大同區長安西路與承德路1段口,0,0,2,1,B03,8,6,5,50,4,1,1,5,4,5,13,2,1,8,3,5,1,16,1,37,3,10,3,4,7,5,1,8,2,5,,8,,1,21,121.5169612,25.05081905
113,8,13,9,41,2,01大同區,大同區長安西路與承德路1段口,0,0,2,2,C03,8,6,5,50,4,1,1,5,4,5,13,2,1,8,3,5,1,16,1,35,2,9,6,4,7,9,1,10,2,11,,44,,1,21,121.5169612,25.05081905
113,8,13,9,41,2,01大同區,大同區長安西路與承德路1段口,0,0,2,3,H02,8,6,5,50,4,1,1,5,4,5,13,2,1,8,3,5,1,16,2,26,2,9,6,5,7,20,8,20,10,16,,67,,1,21,121.5169612,25.05081905
113,8,13,10,17,2,03中山區,中山區堤頂大道2段242號,0,0,1,1,A11,8,6,5,70,14,7,1,5,4,5,13,4,4,1,4,5,2,13,1,37,3,10,7,1,1,9,1,2,1,1,,16,,1,21,121.5664204,25.078002
113,8,13,10,17,2,03中山區,中山區堤頂大道2段242號,0,0,1,2,B03,8,6,5,70,14,7,1,5,4,5,13,4,4,1,4,5,2,13,1,71,2,9,7,1,7,9,1,8,1,3,,44,,1,21,121.5664204,25.078002
113,8,13,10,17,2,03中山區,中山區堤頂大道2段242號,0,0,1,3,B03,8,6,5,70,14,7,1,5,4,5,13,4,4,1,4,5,2,13,1,33,3,10,7,1,7,14,1,2,1,3,,44,,1,21,121.5664204,25.078002
113,8,13,10,48,2,03中山區,中山區天津街與長安東路1段口,0,0,1,1,C03,8,6,5,50,4,2,1,5,4,5,13,2,1,5,4,5,2,12,2,31,2,9,6,1,7,5,1,10,1,13,,98,,1,21,121.5229677,25.0495384
113,8,13,10,48,2,03中山區,中山區天津街與長安東路1段口,0,0,1,2,B03,8,6,5,50,4,2,1,5,4,5,13,2,1,5,4,5,2,12,1,26,3,10,7,1,7,9,1,8,1,5,,44,,1,21,121.5229677,25.0495384
113,8,13,11,19,2,08士林區,士林區中山北路5段與福國路口,0,0,2,1,C03,7,7,5,50,3,1,1,5,4,5,13,1,1,1,1,5,1,17,1,22,2,9,5,1,7,5,1,10,1,14,,44,,1,21,121.5314911,25.10513293
113,8,13,11,19,2,08士林區,士林區中山北路5段與福國路口,0,0,2,2,C03,7,7,5,50,3,1,1,5,4,5,13,1,1,1,1,5,1,17,2,33,2,9,5,1,7,9,1,10,1,12,,44,,1,21,121.5314911,25.10513293
113,8,13,11,20,2,03中山區,中山區濱江街136號與濱江街口,0,0,1,1,C04,8,6,5,50,3,1,1,5,4,5,13,4,4,10,4,5,2,17,1,62,2,9,5,4,7,15,1,10,1,14,,99,,1,22,121.5354551,25.0723868
113,8,13,11,20,2,03中山區,中山區濱江街136號與濱江街口,0,0,1,2,B01,8,6,5,50,3,1,1,5,4,5,13,4,4,10,4,5,2,17,1,65,3,10,3,4,7,15,1,4,1,1,,44,,1,22,121.5354551,25.0723868
113,8,13,11,22,2,01大同區,大同區錦西街與錦西街52巷口,0,0,1,1,B01,8,6,5,50,3,2,1,5,4,5,13,4,4,5,5,5,2,17,1,58,3,10,7,1,7,1,1,4,2,8,,19,,1,21,121.5200132,25.0603319
113,8,13,11,22,2,01大同區,大同區錦西街與錦西街52巷口,0,0,1,2,C03,8,6,5,50,3,2,1,5,4,5,13,4,4,5,5,5,2,17,2,59,2,9,6,1,7,9,1,10,2,11,,44,,1,21,121.5200132,25.0603319
113,8,13,11,31,2,02萬華區,萬華區南寧路與三水街口,0,0,1,1,C03,8,5,5,30,4,2,1,5,4,5,13,3,1,1,5,5,2,17,1,47,3,10,5,4,7,9,1,10,1,11,,84,,1,21,121.5037312,25.03562527
113,8,13,11,31,2,02萬華區,萬華區南寧路與三水街口,0,0,1,2,F01,8,5,5,30,4,2,1,5,4,5,13,3,1,1,5,5,2,17,1,37,2,9,4,4,7,1,8,20,1,11,,19,,1,21,121.5037312,25.03562527
113,8,13,12,13,2,12內湖區,內湖區大湖山莊街與大湖山莊街120巷口,0,0,1,1,C03,7,6,5,30,4,1,1,5,4,5,13,4,4,5,4,5,2,15,1,31,2,9,5,1,7,9,1,10,1,12,,72,,1,21,121.6019384,25.0843556
113,8,13,12,13,2,12內湖區,內湖區大湖山莊街與大湖山莊街120巷口,0,0,1,2,B03,7,6,5,30,4,1,1,5,4,5,13,4,4,5,4,5,2,15,2,29,3,10,7,1,7,9,1,8,1,1,,13,,1,21,121.6019384,25.0843556
113,8,13,12,22,2,09北投區,北投區承德路6段與文林北路口,0,0,2,1,C03,8,6,5,60,14,8,1,5,4,5,13,1,1,9,4,5,2,12,2,36,2,7,5,1,7,9,1,10,1,14,,17,,1,21,121.5112967,25.1107855
113,8,13,12,22,2,09北投區,北投區承德路6段與文林北路口,0,0,2,2,B01,8,6,5,60,14,8,1,5,4,5,13,1,1,9,4,5,2,12,1,54,3,10,7,1,7,9,1,4,1,2,,17,,1,21,121.5112967,25.1107855
113,8,13,12,22,2,09北投區,北投區承德路6段與文林北路口,0,0,2,3,H02,8,6,5,60,14,8,1,5,4,5,13,1,1,9,4,5,2,12,2,62,2,7,5,5,7,20,8,20,10,16,,67,,1,21,121.5112967,25.1107855
113,8,13,12,25,2,05中正區,中正區中山南路與貴陽街1段口,0,0,2,1,C03,8,6,5,50,3,2,1,5,4,5,13,1,1,1,4,5,2,13,1,23,2,8,6,1,7,9,1,10,2,11,,16,,1,21,121.5172945,25.0382484
113,8,13,12,25,2,05中正區,中正區中山南路與貴陽街1段口,0,0,2,2,C03,8,6,5,50,3,2,1,5,4,5,13,1,1,1,4,5,2,13,1,25,2,9,6,1,7,9,1,10,2,11,,16,,1,21,121.5172945,25.0382484
113,8,13,12,25,2,05中正區,中正區中山南路與貴陽街1段口,0,0,2,3,C03,8,6,5,50,3,2,1,5,4,5,13,1,1,1,4,5,2,13,2,48,3,10,6,1,7,9,1,10,2,13,,44,,1,21,121.5172945,25.0382484
113,8,13,12,43,2,04大安區,大安區忠孝東路4段77巷與大安路1段75巷口,0,0,1,1,B01,7,6,5,30,4,2,1,5,4,5,13,4,4,10,5,5,2,16,1,62,3,10,3,4,7,9,1,4,1,5,,16,,1,21,121.5471925,25.042057
113,8,13,12,43,2,04大安區,大安區忠孝東路4段77巷與大安路1段75巷口,0,0,1,2,C03,7,6,5,30,4,2,1,5,4,5,13,4,4,10,5,5,2,16,2,33,2,9,3,4,7,5,1,10,1,14,,17,,1,22,121.5471925,25.042057
113,8,13,13,33,2,09北投區,北投區承德路7段與大度路口,0,0,1,1,B03,8,6,5,50,14,9,1,5,4,5,13,4,4,10,4,5,1,16,1,62,3,10,7,1,7,6,1,8,1,6,,44,,1,21,121.4990474,25.12129421
113,8,13,13,33,2,09北投區,北投區承德路7段與大度路口,0,0,1,2,C03,8,6,5,50,14,9,1,5,4,5,13,4,4,10,4,5,1,16,1,26,2,8,5,1,7,9,1,10,1,11,,99,,1,21,121.4990474,25.12129421
113,8,13,13,35,2,08士林區,士林區天玉街38巷與天母西路口,0,0,1,1,C03,7,6,5,50,3,2,1,5,4,5,13,4,4,5,5,5,2,17,1,72,2,9,6,1,7,9,1,10,2,14,,42,,1,22,121.5301605,25.1190404
113,8,13,13,35,2,08士林區,士林區天玉街38巷與天母西路口,0,0,1,2,B03,7,6,5,50,3,2,1,5,4,5,13,4,4,5,5,5,2,17,2,60,3,10,7,1,7,9,1,8,2,2,,44,,1,22,121.5301605,25.1190404
113,8,13,13,44,2,07信義區,信義區松智路與松勤街口,0,0,1,1,B03,6,6,5,50,4,2,1,4,4,5,13,2,1,5,4,5,2,15,1,59,3,10,7,1,7,3,1,8,1,6,,80,,1,21,121.5654059,25.0319688
113,8,13,13,44,2,07信義區,信義區松智路與松勤街口,0,0,1,2,C03,6,6,5,50,4,2,1,4,4,5,13,2,1,5,4,5,2,15,1,42,2,9,5,1,7,9,1,10,1,11,,44,,1,21,121.5654059,25.0319688
113,8,13,14,20,2,01大同區,大同區涼州街與寧夏路口,0,0,1,1,B01,6,5,5,50,4,18,1,4,4,5,13,1,1,5,4,5,2,3,1,66,3,10,7,1,7,5,1,4,2,1,,70,,1,21,121.5143049,25.0609031
113,8,13,14,20,2,01大同區,大同區涼州街與寧夏路口,0,0,1,2,H01,6,5,5,50,4,18,1,4,4,5,13,1,1,5,4,5,2,3,2,68,2,9,4,5,8,20,8,20,10,16,,67,,1,21,121.5143049,25.0609031
113,8,13,14,21,2,10文山區,文山區景華街48號,0,0,1,1,B03,7,6,5,50,14,9,1,5,4,5,13,4,4,9,5,5,2,17,1,20,3,10,7,1,7,7,1,8,2,8,,4,,1,21,121.5435588,24.9950701
113,8,13,14,21,2,10文山區,文山區景華街48號,0,0,1,2,C03,7,6,5,50,14,9,1,5,4,5,13,4,4,9,5,5,2,17,1,58,2,9,6,1,7,9,1,10,2,11,,44,,1,21,121.5435588,24.9950701
113,8,13,14,21,2,10文山區,文山區景華街48號,0,0,1,3,B03,7,6,5,50,14,9,1,5,4,5,13,4,4,9,5,5,2,17,1,63,3,10,3,4,7,13,1,8,11,8,,44,,1,21,121.5435588,24.9950701
113,8,13,14,28,2,05中正區,中正區館前路77號,0,0,1,1,C03,6,6,5,50,14,9,1,4,4,5,13,4,4,5,4,5,2,17,1,45,2,9,6,1,7,15,1,10,2,13,,44,,1,21,121.5150131,25.0438752
113,8,13,14,28,2,05中正區,中正區館前路77號,0,0,1,2,B03,6,6,5,50,14,9,1,4,4,5,13,4,4,5,4,5,2,17,1,48,3,10,7,1,7,15,1,8,2,8,,44,,1,21,121.5150131,25.0438752
113,8,13,14,28,2,05中正區,中正區館前路77號,0,0,1,3,C03,6,6,5,50,14,9,1,4,4,5,13,4,4,5,4,5,2,17,1,46,3,10,6,1,7,15,1,10,9,17,,44,,1,21,121.5150131,25.0438752
113,8,13,14,39,2,05中正區,中正區泉州街與詔安街口口,0,0,1,1,B03,8,6,5,50,4,1,1,5,4,5,13,1,1,5,4,4,1,15,2,54,3,10,7,1,7,9,1,8,2,5,,81,,1,21,121.5131081,25.02520489
113,8,13,14,39,2,05中正區,中正區泉州街與詔安街口口,0,0,1,2,C03,8,6,5,50,4,1,1,5,4,5,13,1,1,5,4,4,1,15,1,39,2,8,6,1,7,9,1,10,2,11,,32,,1,21,121.5131081,25.02520489
113,8,13,14,39,2,05中正區,中正區泉州街與詔安街口口,0,0,1,3,H02,8,6,5,50,4,1,1,5,4,5,13,1,1,5,4,4,1,15,1,6,4,11,2,5,7,20,8,20,10,16,,44,,1,21,121.5131081,25.02520489
113,8,13,14,50,2,03中山區,中山區松江路與南京東路2段口,0,0,2,1,C03,7,6,5,50,4,1,1,4,4,5,13,2,1,3,4,5,2,12,2,42,2,9,6,1,7,9,3,18,1,14,,44,,1,22,121.533125,25.0519494
113,8,13,14,50,2,03中山區,中山區松江路與南京東路2段口,0,0,2,2,C03,7,6,5,50,4,1,1,4,4,5,13,2,1,3,4,5,2,12,1,40,2,7,6,1,7,10,1,10,1,12,,101,,1,22,121.533125,25.0519494
113,8,13,15,5,2,08士林區,士林區至善路2段與故宮路口,0,0,2,1,C03,8,5,5,50,3,1,1,5,4,5,13,2,1,9,4,5,1,17,1,20,2,9,6,1,7,9,1,10,1,14,,99,,1,21,121.5465327,25.0980109
113,8,13,15,5,2,08士林區,士林區至善路2段與故宮路口,0,0,2,3,H02,8,5,5,50,3,1,1,5,4,5,13,2,1,9,4,5,1,17,2,20,2,9,6,5,7,20,8,20,10,16,,44,,1,21,121.5465327,25.0980109
113,8,13,15,5,2,08士林區,士林區至善路2段與故宮路口,0,0,2,2,B03,8,5,5,50,3,1,1,5,4,5,13,2,1,9,4,5,1,17,1,40,3,10,7,1,7,6,1,8,1,2,,44,,1,21,121.5465327,25.0980109
113,8,13,15,30,2,01大同區,大同區鄭州路與延平北路1段口,0,0,2,1,B03,7,6,5,40,4,2,1,4,4,5,13,1,1,1,4,5,2,17,2,29,3,10,7,1,7,9,1,8,2,1,,108,,1,21,121.511662,25.04984599
113,8,13,15,30,2,01大同區,大同區鄭州路與延平北路1段口,0,0,2,2,C03,7,6,5,40,4,2,1,4,4,5,13,1,1,1,4,5,2,17,1,71,2,6,6,1,7,14,1,10,2,13,,105,,1,21,121.511662,25.04984599
113,8,13,15,30,2,01大同區,大同區鄭州路與延平北路1段口,0,0,2,3,H02,7,6,5,40,4,2,1,4,4,5,13,1,1,1,4,5,2,17,2,68,2,5,6,5,7,20,8,20,10,16,,67,,1,21,121.511662,25.04984599
113,8,13,16,5,2,10文山區,文山區木柵路1段與富山路口,0,0,4,1,C03,7,6,5,50,4,1,1,4,4,5,13,1,1,10,5,5,2,16,1,44,2,9,5,1,7,5,1,10,2,12,,71,,1,21,121.5538394,24.9880836
113,8,13,16,5,2,10文山區,文山區木柵路1段與富山路口,0,0,4,2,C03,7,6,5,50,4,1,1,4,4,5,13,1,1,10,5,5,2,16,1,59,2,9,6,1,7,9,1,10,2,11,,13,,1,21,121.5538394,24.9880836
113,8,13,16,5,2,10文山區,文山區木柵路1段與富山路口,0,0,4,3,H02,7,6,5,50,4,1,1,4,4,5,13,1,1,10,5,5,2,16,2,40,2,8,5,5,7,21,8,20,10,16,,67,,1,21,121.5538394,24.9880836
113,8,13,16,5,2,10文山區,文山區木柵路1段與富山路口,0,0,4,4,H02,7,6,5,50,4,1,1,4,4,5,13,1,1,10,5,5,2,16,2,7,2,8,5,5,7,21,8,20,10,16,,67,,1,21,121.5538394,24.9880836
113,8,13,16,14,2,03中山區,中山區明水路與明水路397巷口,0,0,1,1,C03,7,6,5,50,3,2,1,5,4,5,13,1,1,3,4,5,2,13,2,25,2,9,5,1,7,9,1,10,1,11,14,44,,1,21,121.5477143,25.07745282
113,8,13,16,14,2,03中山區,中山區明水路與明水路397巷口,0,0,1,2,B03,7,6,5,50,3,2,1,5,4,5,13,1,1,3,4,5,2,13,2,49,3,10,7,1,7,6,1,8,1,6,,9,,1,21,121.5477143,25.07745282
113,8,13,16,15,2,01大同區,大同區重慶北路2段95號,0,0,1,1,F01,8,6,5,50,14,9,1,5,4,5,13,2,1,1,4,5,2,17,1,81,2,8,3,4,7,9,8,20,9,14,,118,,1,21,121.5142632,25.053407
113,8,13,16,15,2,01大同區,大同區重慶北路2段95號,0,0,1,2,B03,8,6,5,50,14,9,1,5,4,5,13,2,1,1,4,5,2,17,1,37,3,10,3,4,7,9,1,8,9,1,,118,,1,21,121.5142632,25.053407
113,8,13,16,22,2,12內湖區,內湖區內湖路1段與港墘路口,0,0,1,1,C03,8,6,5,50,4,2,1,5,4,5,13,2,1,1,4,5,2,12,2,31,2,9,5,1,7,8,1,10,1,14,,100,,1,21,121.5768228,25.0792985
113,8,13,16,22,2,12內湖區,內湖區內湖路1段與港墘路口,0,0,1,2,B03,8,6,5,50,4,2,1,5,4,5,13,2,1,1,4,5,2,12,2,45,3,10,7,1,7,9,1,8,1,2,,44,,1,21,121.5768228,25.0792985
113,8,13,16,48,2,11南港區,南港區市民大道8段與東南街口,0,0,2,1,C03,8,6,5,50,14,9,1,5,4,5,13,4,4,1,3,5,2,13,1,46,2,7,3,4,7,9,1,10,1,11,,105,,1,21,121.6120526,25.0540527
113,8,13,16,48,2,11南港區,南港區市民大道8段與東南街口,0,0,2,2,F01,8,6,5,50,14,9,1,5,4,5,13,4,4,1,3,5,2,13,1,67,2,7,3,4,7,9,8,20,1,13,,44,,1,21,121.6120526,25.0540527
113,8,13,17,0,2,10文山區,文山區木柵路5段43巷151號,0,0,2,1,C02,8,5,5,50,11,9,1,4,4,5,13,4,4,9,5,5,2,10,1,43,2,9,6,1,7,4,1,9,1,11,,1,,1,21,121.5902343,25.00666545
113,8,13,17,0,2,10文山區,文山區木柵路5段43巷151號,0,0,2,2,C03,8,5,5,50,11,9,1,4,4,5,13,4,4,9,5,5,2,10,2,46,2,9,6,1,7,9,1,10,1,11,,44,,1,21,121.5902343,25.00666545
113,8,13,17,2,2,08士林區,士林區福國路與文林路口,0,0,1,1,C03,8,6,5,50,5,1,1,5,4,5,13,1,1,1,1,5,1,16,1,28,2,8,5,1,7,5,1,10,1,14,,86,,1,21,121.5215295,25.1016729
113,8,13,17,2,2,08士林區,士林區福國路與文林路口,0,0,1,2,B03,8,6,5,50,5,1,1,5,4,5,13,1,1,1,1,5,1,16,2,43,3,10,7,1,7,9,1,8,1,1,,44,,1,21,121.5215295,25.1016729
113,8,13,17,2,2,08士林區,士林區福國路與文林路口,0,0,1,3,C03,8,6,5,50,5,1,1,5,4,5,13,1,1,1,1,5,1,16,1,44,3,10,5,1,7,14,1,10,1,11,,44,,1,21,121.5215295,25.1016729
113,8,13,18,9,2,08士林區,士林區忠義街與忠義街口陽明醫院,0,0,1,1,B03,8,5,5,40,5,2,1,5,4,5,13,2,1,1,4,5,1,12,2,44,3,10,7,1,7,10,1,8,1,8,,17,,1,21,121.5311436,25.1055374
113,8,13,18,9,2,08士林區,士林區忠義街與忠義街口陽明醫院,0,0,1,2,C03,8,5,5,40,5,2,1,5,4,5,13,2,1,1,4,5,1,12,1,21,2,9,5,1,7,10,1,10,1,12,,8,,1,21,121.5311436,25.1055374
113,8,13,18,29,2,03中山區,中山區南京東路2段與伊通街口,0,0,2,1,C03,8,5,5,40,4,2,1,5,4,5,13,1,1,1,4,4,2,12,1,54,3,10,5,1,7,9,1,9,1,17,,17,,1,22,121.5345801,25.052123
113,8,13,18,29,2,03中山區,中山區南京東路2段與伊通街口,0,0,2,2,B01,8,5,5,40,4,2,1,5,4,5,13,1,1,1,4,4,2,12,1,39,2,9,7,1,7,9,1,4,1,2,,44,,1,22,121.5345801,25.052123
113,8,13,18,29,2,03中山區,中山區南京東路2段與伊通街口,0,0,2,3,H02,8,5,5,40,4,2,1,5,4,5,13,1,1,1,4,4,2,12,1,28,2,9,5,5,7,17,8,20,10,16,,67,,1,22,121.5345801,25.052123