發生年度,發生月,發生日,發生時-Hours,發生分,處理別-編號,區序,肇事地點,死亡人數,2-30日死亡人數,受傷人數,當事人序號,車種,天候,道路照明設備,道路類別,速限-速度限制,道路型態,事故位置,路面狀況1,路面狀況2,路面狀況3,道路障礙1,道路障礙2,號誌1,號誌2,車道劃分-分向,車道劃分-分道1,車道劃分-分道2,車道劃分-分道3,事故類型及型態,性別,年齡,受傷程度,主要傷處,保護裝置,行動電話,車輛用途,當事者行動狀態,駕駛資格情形,駕駛執照種類,飲酒情形,車輛撞擊部位1,車輛撞擊部位2,肇因碼-個別,肇因碼-主要,個人肇逃否,職業,座標-X,座標-Y
113,8,13,18,34,2,03中山區,中山區北安路與崇實路口,0,0,1,1,C03,7,5,5,50,5,2,1,5,4,5,13,2,1,8,3,5,1,17,1,42,3,10,5,1,7,9,1,10,1,11,,108,,1,21,121.5446777,25.0797904
113,8,13,18,34,2,03中山區,中山區北安路與崇實路口,0,0,1,2,C03,7,5,5,50,5,2,1,5,4,5,13,2,1,8,3,5,1,17,1,38,2,9,5,1,7,14,1,10,1,13,,44,,1,21,121.5446777,25.0797904
113,8,13,18,55,2,10文山區,文山區興隆路3段與萬芳路口,0,0,2,1,B03,8,5,5,50,4,1,1,5,4,5,13,2,1,1,4,5,2,16,2,35,3,10,7,1,7,5,1,8,1,2,,71,,1,21,121.559852,24.996768
113,8,13,18,55,2,10文山區,文山區興隆路3段與萬芳路口,0,0,2,2,C03,8,5,5,50,4,1,1,5,4,5,13,2,1,1,4,5,2,16,1,45,2,8,6,1,7,9,1,10,1,11,,44,,1,21,121.559852,24.996768
113,8,13,18,55,2,10文山區,文山區興隆路3段與萬芳路口,0,0,2,3,H02,8,5,5,50,4,1,1,5,4,5,13,2,1,1,4,5,2,16,2,44,2,7,6,5,7,20,8,20,10,17,,67,,1,21,121.559852,24.996768
113,8,13,18,58,2,07信義區,信義區松德路133巷與虎林街202巷口,0,0,2,1,C03,7,5,5,30,4,1,1,5,4,5,13,4,4,10,5,5,1,15,2,47,2,7,3,4,7,9,1,21,1,14,,42,,1,21,121.5752716,25.037067
113,8,13,18,58,2,07信義區,信義區松德路133巷與虎林街202巷口,0,0,2,2,C03,7,5,5,30,4,1,1,5,4,5,13,4,4,10,5,5,1,15,2,30,2,7,3,4,7,9,1,10,1,12,,44,,1,21,121.5752716,25.037067
113,8,13,19,31,2,01大同區,大同區堤外自行車專用道(國順疏散門),0,0,1,1,F01,8,5,5,0,14,23,1,5,4,5,13,4,4,5,4,5,2,17,2,59,3,10,2,1,7,15,8,20,1,12,,99,,1,21,121.5089494,25.0688144
113,8,13,19,31,2,01大同區,大同區堤外自行車專用道(國順疏散門),0,0,1,2,F01,8,5,5,0,14,23,1,5,4,5,13,4,4,5,4,5,2,17,1,66,2,9,4,1,7,9,8,20,1,12,,44,,1,21,121.5089494,25.0688144
113,8,13,19,35,2,03中山區,中山區民權西路36號,0,0,2,1,C03,8,5,5,50,14,9,1,5,4,5,13,4,4,1,4,5,2,13,1,24,2,9,5,1,7,9,1,10,1,11,,16,,1,21,121.5210792,25.0627642
113,8,13,19,35,2,03中山區,中山區民權西路36號,0,0,2,2,C03,8,5,5,50,14,9,1,5,4,5,13,4,4,1,4,5,2,13,1,45,2,5,5,1,7,12,1,10,1,13,,44,,1,21,121.5210792,25.0627642
113,8,13,19,35,2,03中山區,中山區民權西路36號,0,0,2,3,B01,8,5,5,50,14,9,1,5,4,5,13,4,4,1,4,5,2,13,1,56,3,10,7,1,7,14,1,4,1,6,,44,,1,21,121.5210792,25.0627642
113,8,13,19,55,2,10文山區,文山區興隆路2段153巷6弄與興隆路2段203巷口,0,0,2,1,C03,8,5,5,50,4,1,1,5,4,5,13,3,1,9,5,5,2,15,1,68,2,9,6,1,7,9,1,10,2,12,,14,,1,21,121.5487371,25.0019416
113,8,13,19,55,2,10文山區,文山區興隆路2段153巷6弄與興隆路2段203巷口,0,0,2,2,C03,8,5,5,50,4,1,1,5,4,5,13,3,1,9,5,5,2,15,1,24,2,9,6,1,7,9,1,10,2,11,,84,,1,21,121.5487371,25.0019416
113,8,13,21,34,2,08士林區,士林區文林路與無名巷口,0,0,2,1,C03,8,5,5,0,4,2,1,5,4,5,13,2,1,10,5,5,2,17,1,25,2,7,3,4,7,15,1,10,9,11,,19,,1,21,121.5194529,25.1031954
113,8,13,21,34,2,08士林區,士林區文林路與無名巷口,0,0,2,2,C03,8,5,5,0,4,2,1,5,4,5,13,2,1,10,5,5,2,17,1,21,2,8,3,4,7,9,1,10,9,14,,14,,1,21,121.5194529,25.1031954
113,8,13,22,0,2,12內湖區,內湖區民權東路6段30號旁,0,0,1,1,C03,7,5,5,50,14,9,1,5,3,5,13,4,4,1,4,5,2,29,2,32,2,9,6,1,7,9,1,10,9,15,,42,,1,21,121.5798216,25.06705075
113,8,13,22,0,2,12內湖區,內湖區民權東路6段30號旁,0,0,1,2,,7,5,5,50,14,9,1,5,3,5,13,4,4,1,4,5,2,29,3,0,,,,,,,,,,,,67,,1,,121.5798216,25.06705075
113,8,13,22,23,2,02萬華區,萬華區康定路274號,0,0,1,1,B03,8,5,5,50,14,9,1,5,4,5,13,4,4,5,4,5,2,12,1,61,3,10,7,1,7,1,1,8,1,8,,19,,1,21,121.5014826,25.03716396
113,8,13,22,23,2,02萬華區,萬華區康定路274號,0,0,1,2,C03,8,5,5,50,14,9,1,5,4,5,13,4,4,5,4,5,2,12,1,34,2,9,6,1,7,9,1,9,1,12,,44,,1,21,121.5014826,25.03716396
113,8,13,23,13,2,02萬華區,萬華區長沙街2段157號,0,0,1,1,C03,8,5,5,30,14,7,1,5,4,5,13,4,4,4,5,5,2,12,2,60,2,8,5,1,7,9,1,10,1,14,,72,,1,22,121.502544,25.0406053
113,8,13,23,13,2,02萬華區,萬華區長沙街2段157號,0,0,1,2,B01,8,5,5,30,14,7,1,5,4,5,13,4,4,4,5,5,2,12,1,51,3,10,7,1,7,9,1,4,1,2,,14,,1,22,121.502544,25.0406053
113,8,14,0,59,2,08士林區,士林區格致路與愛富一街附近口,0,0,1,1,B03,8,5,5,40,14,9,1,5,4,5,13,4,4,5,5,5,1,17,1,62,3,10,7,1,7,11,1,4,1,4,,99,,1,21,121.5465678,25.1385505
113,8,14,0,59,2,08士林區,士林區格致路與愛富一街附近口,0,0,1,2,C03,8,5,5,40,14,9,1,5,4,5,13,4,4,5,5,5,1,17,2,20,2,9,6,1,7,9,1,10,1,11,,44,,1,21,121.5465678,25.1385505
113,8,14,6,52,2,07信義區,信義區信義路5段91巷12弄2號,0,0,1,1,C03,8,7,5,30,14,9,1,5,4,5,13,4,4,5,4,5,1,17,1,38,2,9,3,4,7,9,1,10,1,11,,44,,1,21,121.5710794,25.0335918
113,8,14,6,52,2,07信義區,信義區信義路5段91巷12弄2號,0,0,1,2,B03,8,7,5,30,14,9,1,5,4,5,13,4,4,5,4,5,1,17,1,53,3,10,3,4,7,11,1,7,1,7,,44,,1,22,121.5710794,25.0335918
113,8,14,7,15,2,08士林區,士林區承德路5段北往南第1102352號燈桿,0,0,2,1,C03,7,7,5,50,14,11,1,5,4,5,13,2,1,1,4,4,1,17,1,28,2,7,5,1,7,8,1,10,2,14,,44,,1,21,121.5139035,25.09610054
113,8,14,7,15,2,08士林區,士林區承德路5段北往南第1102352號燈桿,0,0,2,2,C03,7,7,5,50,14,11,1,5,4,5,13,2,1,1,4,4,1,17,1,69,2,9,5,1,7,9,1,10,2,12,,44,,1,21,121.5139035,25.09610054
113,8,14,7,16,2,04大安區,大安區忠孝東路4段128號,0,0,1,1,B03,8,7,5,50,14,9,1,5,4,5,13,2,1,1,3,5,1,14,1,26,3,10,2,4,7,2,3,18,3,6,,42,,2,22,121.5477256,25.0415321
113,8,14,7,16,2,04大安區,大安區忠孝東路4段128號,0,0,1,2,B03,8,7,5,50,14,9,1,5,4,5,13,2,1,1,3,5,1,14,2,36,3,10,3,4,7,14,1,8,1,7,,44,,1,21,121.5477256,25.0415321
113,8,14,7,16,2,04大安區,大安區忠孝東路4段128號,0,0,1,3,B01,8,7,5,50,14,9,1,5,4,5,13,2,1,1,3,5,1,14,1,49,2,1,3,4,7,14,1,4,1,1,,44,,1,21,121.5477256,25.0415321
113,8,14,7,20,2,08士林區,士林區忠誠路1段138號,0,0,1,1,B03,8,6,5,40,14,8,1,5,4,5,13,4,4,1,4,4,1,17,2,35,3,10,7,1,7,9,1,8,2,2,,17,,1,21,121.5296678,25.10668198
113,8,14,7,20,2,08士林區,士林區忠誠路1段138號,0,0,1,2,C03,8,6,5,40,14,8,1,5,4,5,13,4,4,1,4,4,1,17,2,52,2,9,5,1,7,9,1,10,2,14,,17,,1,21,121.5296678,25.10668198
113,8,14,7,30,2,03中山區,中山區南京東路1段與林森北路口,0,0,1,1,B01,7,7,5,50,5,1,1,5,4,5,13,1,2,1,4,4,2,17,1,51,3,10,3,4,7,8,1,4,1,2,,101,,1,21,121.5252135,25.0519505
113,8,14,7,30,2,03中山區,中山區南京東路1段與林森北路口,0,0,1,2,C03,7,7,5,50,5,1,1,5,4,5,13,1,2,1,4,4,2,17,1,48,3,10,3,4,7,9,1,9,1,14,,44,,1,21,121.5252135,25.0519505
113,8,14,7,30,2,03中山區,中山區南京東路1段與林森北路口,0,0,1,3,H02,7,7,5,50,5,1,1,5,4,5,13,1,2,1,4,4,2,17,2,43,2,9,3,5,7,20,8,20,10,16,,67,,1,21,121.5252135,25.0519505
113,8,14,7,48,2,12內湖區,內湖區文湖街93號,0,0,4,1,C03,8,6,5,50,14,9,1,5,4,5,13,4,4,9,5,5,2,17,2,23,2,9,6,1,7,9,1,10,1,11,,16,,1,21,121.5646504,25.08647804
113,8,14,7,48,2,12內湖區,內湖區文湖街93號,0,0,4,2,C03,8,6,5,50,14,9,1,5,4,5,13,4,4,9,5,5,2,17,2,31,2,9,6,1,7,14,1,10,1,13,,32,,1,21,121.5646504,25.08647804
113,8,14,7,48,2,12內湖區,內湖區文湖街93號,0,0,4,3,H02,8,6,5,50,14,9,1,5,4,5,13,4,4,9,5,5,2,17,2,8,2,9,6,5,7,21,8,20,10,16,,67,,1,21,121.5646504,25.08647804
113,8,14,7,48,2,12內湖區,內湖區文湖街93號,0,0,4,4,H02,8,6,5,50,14,9,1,5,4,5,13,4,4,9,5,5,2,17,2,11,2,9,6,5,7,21,8,20,10,16,,67,,1,21,121.5646504,25.08647804
113,8,14,8,23,2,03中山區,中山區中山北路4段與中山北路3段口圓山上坡道,0,0,1,1,C03,8,6,5,50,4,1,1,5,4,5,13,1,1,1,4,5,2,12,1,27,2,9,6,1,7,8,1,10,1,12,,100,,1,21,121.5263775,25.0745001
113,8,14,8,23,2,03中山區,中山區中山北路4段與中山北路3段口圓山上坡道,0,0,1,2,B03,8,6,5,50,4,1,1,5,4,5,13,1,1,1,4,5,2,12,1,68,3,10,7,1,7,9,1,8,1,6,,44,,1,21,121.5263775,25.0745001
113,8,14,8,28,2,01大同區,大同區鄭州路145號,0,0,1,1,C04,7,6,5,40,14,9,1,5,4,5,13,4,4,8,1,5,1,12,1,22,2,9,6,1,7,9,1,10,1,11,,101,,1,21,121.5089554,25.050497
113,8,14,8,28,2,01大同區,大同區鄭州路145號,0,0,1,2,B02,7,6,5,40,14,9,1,5,4,5,13,4,4,8,1,5,1,12,1,62,3,10,3,4,7,9,1,8,1,2,,44,,1,21,121.5089554,25.050497
113,8,14,8,30,2,03中山區,中山區錦西街8號,0,0,1,1,C03,8,6,5,50,14,9,1,5,4,5,13,4,4,5,5,5,2,11,1,68,2,9,6,1,7,9,1,10,1,12,,16,,1,22,121.5217295,25.0603015
113,8,14,8,30,2,03中山區,中山區錦西街8號,0,0,1,2,C03,8,6,5,50,14,9,1,5,4,5,13,4,4,5,5,5,2,11,1,32,3,10,6,1,7,14,1,10,1,14,,44,,1,21,121.5217295,25.0603015
113,8,14,8,39,2,05中正區,中正區重慶南路3段與汀州路2段口,0,0,1,1,C03,7,7,5,50,4,1,1,5,4,5,13,1,1,1,4,5,2,13,2,25,2,9,5,1,7,9,1,10,1,12,,16,,1,22,121.5164268,25.0258342
113,8,14,8,39,2,05中正區,中正區重慶南路3段與汀州路2段口,0,0,1,2,B03,7,7,5,50,4,1,1,5,4,5,13,1,1,1,4,5,2,13,1,40,3,10,7,1,7,12,1,8,1,7,,44,,1,22,121.5164268,25.0258342
113,8,14,8,39,2,05中正區,中正區重慶南路3段與汀州路2段口,0,0,1,3,H02,7,7,5,50,4,1,1,5,4,5,13,1,1,1,4,5,2,13,2,25,4,11,5,5,7,20,8,20,10,16,,67,,1,22,121.5164268,25.0258342
113,8,14,8,51,2,03中山區,中山區市民大道2段與林森北路口,0,0,2,1,C03,8,5,5,40,4,1,1,5,4,5,13,1,1,1,4,5,2,16,1,39,2,9,3,4,7,9,1,10,1,11,,13,,1,21,121.5242333,25.04794309
113,8,14,8,51,2,03中山區,中山區市民大道2段與林森北路口,0,0,2,2,C03,8,5,5,40,4,1,1,5,4,5,13,1,1,1,4,5,2,16,1,35,2,9,3,4,7,5,1,10,1,13,,8,,1,21,121.5242333,25.04794309
113,8,14,9,0,2,08士林區,士林區承德路5段與士商路口,0,0,1,1,B03,7,7,5,40,4,1,1,5,4,5,13,2,1,1,4,4,1,17,2,38,3,10,7,1,7,6,1,8,2,2,,80,,1,21,121.514139,25.09610221
113,8,14,9,0,2,08士林區,士林區承德路5段與士商路口,0,0,1,2,C03,7,7,5,40,4,1,1,5,4,5,13,2,1,1,4,4,1,17,1,28,2,9,5,1,7,9,1,10,2,14,,108,,1,21,121.514139,25.09610221
113,8,14,9,5,2,06松山區,松山區塔悠路與健康路口,0,0,1,1,C03,8,6,5,50,3,1,1,5,4,5,13,1,1,1,4,5,2,17,2,46,2,9,5,1,7,5,1,10,1,12,,44,,1,21,121.5698889,25.05447
113,8,14,9,5,2,06松山區,松山區塔悠路與健康路口,0,0,1,2,B03,8,6,5,50,3,1,1,5,4,5,13,1,1,1,4,5,2,17,2,51,3,10,7,1,7,5,1,8,1,5,,99,,1,21,121.5698889,25.05447
113,8,14,9,25,2,02萬華區,萬華區堤外便道與堤外便道口華中越堤坡道,0,0,1,1,B03,8,6,5,50,3,1,1,5,4,5,13,4,4,5,5,5,2,16,2,59,3,10,7,1,7,6,1,8,1,5,,9,,1,21,121.4981613,25.01613251
113,8,14,9,25,2,02萬華區,萬華區堤外便道與堤外便道口華中越堤坡道,0,0,1,2,C03,8,6,5,50,3,1,1,5,4,5,13,4,4,5,5,5,2,16,1,68,2,9,5,1,7,9,1,10,1,14,,44,,1,26,121.4981613,25.01613251
113,8,14,9,27,2,05中正區,中正區中山南路與愛國東路口,0,0,1,1,B03,8,5,5,50,4,2,1,5,4,5,13,1,1,4,4,1,1,17,2,49,3,10,7,1,7,15,1,8,2,2,,17,,1,21,121.5167293,25.0352271
113,8,14,9,27,2,05中正區,中正區中山南路與愛國東路口,0,0,1,2,C03,8,5,5,50,4,2,1,5,4,5,13,1,1,4,4,1,1,17,2,32,2,9,5,1,7,15,3,18,2,14,,44,,1,21,121.5167293,25.0352271
113,8,14,9,55,2,12內湖區,內湖區內湖路2段179巷與內湖路2段179巷口口,0,0,1,1,C03,7,6,5,50,3,2,1,5,4,5,13,2,1,5,4,5,2,12,1,19,2,8,6,1,7,9,1,10,1,14,,16,,1,21,121.5843255,25.08448919
113,8,14,9,55,2,12內湖區,內湖區內湖路2段179巷與內湖路2段179巷口口,0,0,1,2,C03,7,6,5,50,3,2,1,5,4,5,13,2,1,5,4,5,2,12,1,30,3,10,5,1,7,12,1,10,1,12,,44,,1,21,121.5843255,25.08448919
113,8,14,10,2,2,02萬華區,萬華區忠孝橋機車道往台北市,0,0,2,1,C03,8,5,7,40,14,11,1,5,4,5,13,4,4,10,5,5,2,17,1,24,2,9,3,4,7,4,1,10,1,14,,118,,1,21,121.5057805,25.04905396
113,8,14,10,2,2,02萬華區,萬華區忠孝橋機車道往台北市,0,0,2,2,C03,8,5,7,40,14,11,1,5,4,5,13,4,4,10,5,5,2,17,2,41,2,9,3,4,7,15,1,10,1,12,,118,,1,21,121.5057805,25.04905396
113,8,14,10,28,2,08士林區,士林區德行東路6號對面,0,0,1,1,F01,8,6,6,50,14,9,1,5,4,5,13,4,4,5,2,5,1,13,1,16,2,9,4,1,7,9,8,20,2,11,,16,,1,21,121.5253767,25.1066673
113,8,14,10,28,2,08士林區,士林區德行東路6號對面,0,0,1,2,B03,8,6,6,50,14,9,1,5,4,5,13,4,4,5,2,5,1,13,2,55,3,10,7,3,7,14,1,8,2,3,,44,,1,21,121.5253767,25.1066673
113,8,14,10,28,2,08士林區,士林區德行東路6號對面,0,0,1,3,H01,8,6,6,50,14,9,1,5,4,5,13,4,4,5,2,5,1,13,4,0,,,,,7,21,,20,10,,,119,,2,,121.5253767,25.1066673
113,8,14,10,32,2,08士林區,士林區中山北路7段與中山北路7段154巷口,0,0,1,1,C03,8,5,5,50,18,9,1,5,4,5,13,4,4,9,4,5,1,17,1,38,2,9,6,1,7,6,1,10,1,14,,42,,1,21,121.5330047,25.1247408
113,8,14,10,32,2,08士林區,士林區中山北路7段與中山北路7段154巷口,0,0,1,2,B03,8,5,5,50,18,9,1,5,4,5,13,4,4,9,4,5,1,17,2,73,3,10,7,1,7,9,1,8,1,5,,44,,1,21,121.5330047,25.1247408
113,8,14,10,56,2,07信義區,信義區信安街與信安街47巷口,0,0,1,1,A41,7,6,5,30,3,2,1,5,4,5,13,2,1,9,5,5,2,3,1,28,3,10,3,4,1,5,1,1,2,1,,70,,1,21,121.5583667,25.0270694
113,8,14,10,56,2,07信義區,信義區信安街與信安街47巷口,0,0,1,2,H01,7,6,5,30,3,2,1,5,4,5,13,2,1,9,5,5,2,3,2,29,2,9,4,5,8,16,8,20,10,16,,67,,1,21,121.5583667,25.0270694
113,8,14,11,20,2,03中山區,中山區錦州街30巷與中山北路2段93巷口,0,0,1,1,B01,8,6,5,30,3,1,1,5,4,5,13,4,4,5,5,5,2,3,1,46,3,10,7,1,7,5,1,4,1,5,,108,,1,21,121.5248343,25.059342
113,8,14,11,20,2,03中山區,中山區錦州街30巷與中山北路2段93巷口,0,0,1,2,H01,8,6,5,30,3,1,1,5,4,5,13,4,4,5,5,5,2,3,2,71,2,9,4,5,8,16,8,20,10,16,,123,,1,21,121.5248343,25.059342
113,8,14,11,58,2,03中山區,中山區北安路與大直街口,0,0,2,1,C03,6,6,6,50,4,1,1,4,4,5,13,1,1,1,4,5,2,12,1,27,2,9,5,1,7,9,1,10,1,14,,100,,1,21,121.5472483,25.0799048
113,8,14,11,58,2,03中山區,中山區北安路與大直街口,0,0,2,2,C02,6,6,6,50,4,1,1,4,4,5,13,1,1,1,4,5,2,12,1,72,2,9,5,1,7,9,1,9,1,12,,44,,1,21,121.5472483,25.0799048
113,8,14,12,0,2,10文山區,文山區保儀路142巷與保儀路口,0,0,1,1,C03,7,5,5,30,5,2,1,5,4,5,13,4,4,10,5,5,2,17,1,67,2,9,6,1,7,6,1,10,2,11,,74,,1,21,121.5657276,24.9833944
113,8,14,12,0,2,10文山區,文山區保儀路142巷與保儀路口,0,0,1,2,C03,7,5,5,30,5,2,1,5,4,5,13,4,4,10,5,5,2,17,2,52,3,10,6,1,7,9,1,10,2,13,,67,,1,21,121.5657276,24.9833944
113,8,14,12,30,2,08士林區,士林區至善路2段原民館前,0,0,1,1,B03,6,5,5,50,14,9,1,4,4,5,13,1,1,3,4,5,2,17,1,40,3,10,7,1,7,1,1,8,1,8,,19,,1,22,121.5519081,25.10123
113,8,14,12,30,2,08士林區,士林區至善路2段原民館前,0,0,1,2,B01,6,5,5,50,14,9,1,4,4,5,13,1,1,3,4,5,2,17,1,47,2,2,7,1,7,1,1,4,1,2,,44,,1,22,121.5519081,25.10123
113,8,14,12,40,2,10文山區,文山區老泉街26巷電桿0700911號,0,0,2,1,C03,7,6,5,30,11,9,2,5,4,5,13,4,4,10,5,5,1,18,2,61,2,9,6,1,7,9,1,10,1,17,,42,,1,21,121.5353851,24.97642517
113,8,14,12,40,2,10文山區,文山區老泉街26巷電桿0700911號,0,0,2,2,,7,6,5,30,11,9,2,5,4,5,13,4,4,10,5,5,1,18,3,,,,,,,,,,,,,67,,1,,121.5353851,24.97642517
113,8,14,12,40,2,10文山區,文山區老泉街26巷電桿0700911號,0,0,2,3,H02,7,6,5,30,11,9,2,5,4,5,13,4,4,10,5,5,1,18,1,6,2,9,5,5,7,17,8,20,10,16,,67,,1,21,121.5353851,24.97642517
113,8,14,12,45,2,06松山區,松山區復興北路與五常街口,0,0,1,1,B12,6,6,5,50,4,1,1,4,4,5,13,2,1,1,2,5,2,16,1,55,3,10,7,4,7,5,1,8,2,6,,71,,1,21,121.5443275,25.0633691
113,8,14,12,45,2,06松山區,松山區復興北路與五常街口,0,0,1,2,C03,6,6,5,50,4,1,1,4,4,5,13,2,1,1,2,5,2,16,1,20,2,9,6,4,7,9,1,10,2,11,,13,,1,21,121.5443275,25.0633691
113,8,14,13,10,2,03中山區,中山區建國北路2段與民權東路3段口,0,0,2,1,C03,6,6,5,50,4,1,1,4,4,5,13,2,1,2,4,5,2,15,1,24,2,9,6,1,7,9,1,10,1,11,,81,,1,21,121.5372913,25.0624963
113,8,14,13,10,2,03中山區,中山區建國北路2段與民權東路3段口,0,0,2,2,C03,6,6,5,50,4,1,1,4,4,5,13,2,1,2,4,5,2,15,2,42,2,9,6,1,7,9,1,10,1,14,,44,,1,21,121.5372913,25.0624963
113,8,14,13,10,2,03中山區,中山區長安東路2段110號,0,0,1,1,B01,6,7,5,50,14,9,1,4,4,5,13,4,4,9,4,5,2,13,1,54,3,10,7,1,7,8,1,4,1,7,,100,,1,21,121.5354969,25.0483978
113,8,14,13,10,2,03中山區,中山區長安東路2段110號,0,0,1,2,C03,6,7,5,50,14,9,1,4,4,5,13,4,4,9,4,5,2,13,2,31,2,9,6,1,7,9,1,10,1,11,,44,,1,21,121.5354969,25.0483978
113,8,14,13,18,2,03中山區,中山區中山北路2段62巷32號前,0,0,1,1,B01,7,7,5,30,14,9,1,5,4,5,13,4,4,10,5,5,2,17,4,59,,,,,,,,,11,,,118,,,,121.5211197,25.0567103
113,8,14,13,18,2,03中山區,中山區中山北路2段62巷32號前,0,0,1,2,C03,7,7,5,30,14,9,1,5,4,5,13,4,4,10,5,5,2,17,2,63,2,8,3,4,7,9,3,18,1,11,,118,,1,21,121.5211197,25.0567103
113,8,14,13,21,2,04大安區,大安區泰順街與雲和街口,0,0,1,1,C04,6,6,5,30,4,1,1,4,4,5,13,4,4,10,4,5,2,15,1,19,2,8,6,4,7,9,1,10,1,11,,72,,1,22,121.5316397,25.0232916
113,8,14,13,21,2,04大安區,大安區泰順街與雲和街口,0,0,1,2,B03,6,6,5,30,4,1,1,4,4,5,13,4,4,10,4,5,2,15,1,38,3,10,3,4,7,9,1,8,1,8,,14,,1,22,121.5316397,25.0232916
113,8,14,13,30,2,08士林區,士林區重陽橋6511722號電燈桿,0,0,1,1,C03,6,6,5,25,8,11,1,4,4,5,13,4,4,10,2,5,1,17,1,23,2,9,6,1,7,9,1,10,1,12,,42,,1,21,121.5058859,25.0842128
113,8,14,13,30,2,08士林區,士林區重陽橋6511722號電燈桿,0,0,1,2,A11,6,6,5,25,8,11,1,4,4,5,13,4,4,10,2,5,1,17,1,55,3,10,7,1,7,2,1,5,1,17,,87,,1,21,121.5058859,25.0842128
113,8,14,14,14,2,06松山區,松山區南京東路4段1號,0,0,1,1,C03,6,5,5,50,14,9,1,4,4,5,13,1,1,1,4,4,2,11,1,59,3,10,6,1,7,8,1,10,1,17,,101,,1,21,121.5490447,25.0518389
113,8,14,14,14,2,06松山區,松山區南京東路4段1號,0,0,1,2,C03,6,5,5,50,14,9,1,4,4,5,13,1,1,1,4,4,2,11,1,37,2,9,6,1,7,9,1,10,1,17,,13,,1,21,121.5490447,25.0518389
113,8,14,14,20,2,11南港區,南港區忠孝東路7段與中南街口,0,0,1,1,B02,6,6,5,50,14,9,1,4,4,5,13,4,4,3,4,5,2,12,1,44,3,10,3,4,7,9,1,8,1,2,,101,,1,22,121.6149791,25.0529552
113,8,14,14,20,2,11南港區,南港區忠孝東路7段與中南街口,0,0,1,2,C03,6,6,5,50,14,9,1,4,4,5,13,4,4,3,4,5,2,12,1,46,2,7,5,4,7,9,1,10,1,11,,44,,1,22,121.6149791,25.0529552
113,8,14,14,25,2,05中正區,中正區徐州路2號(臺大醫院停車場出入口前),0,0,1,1,B01,6,6,5,50,14,9,1,4,4,5,13,4,4,5,4,4,2,16,1,54,3,10,7,1,7,5,1,4,1,8,,8,,1,22,121.5189432,25.0417819
113,8,14,14,25,2,05中正區,中正區徐州路2號(臺大醫院停車場出入口前),0,0,1,2,C03,6,6,5,50,14,9,1,4,4,5,13,4,4,5,4,4,2,16,2,34,2,9,6,1,7,14,1,10,1,11,,44,,1,22,121.5189432,25.0417819
113,8,14,14,58,2,04大安區,大安區辛亥路3段185號前快車道(往基隆路方向),0,0,1,1,B03,6,6,5,50,14,7,1,4,4,5,13,4,4,1,4,1,1,13,1,32,3,10,7,1,7,9,1,8,1,1,,108,,1,22,121.5416066,25.0212617
113,8,14,14,58,2,04大安區,大安區辛亥路3段185號前快車道(往基隆路方向),0,0,1,2,B12,6,6,5,50,14,7,1,4,4,5,13,4,4,1,4,1,1,13,1,42,3,10,7,1,7,9,1,8,1,1,,108,,1,22,121.5416066,25.0212617
113,8,14,14,58,2,04大安區,大安區辛亥路3段185號前快車道(往基隆路方向),0,0,1,3,B03,6,6,5,50,14,7,1,4,4,5,13,4,4,1,4,1,1,13,1,71,3,10,7,1,7,14,1,8,1,3,,44,,1,22,121.5416066,25.0212617
113,8,14,14,58,2,04大安區,大安區辛亥路3段185號前快車道(往基隆路方向),0,0,1,4,B03,6,6,5,50,14,7,1,4,4,5,13,4,4,1,4,1,1,13,1,49,3,10,7,1,7,1,1,8,1,3,,44,,1,22,121.5416066,25.0212617
113,8,14,14,58,2,04大安區,大安區辛亥路3段185號前快車道(往基隆路方向),0,0,1,5,H02,6,6,5,50,14,7,1,4,4,5,13,4,4,1,4,1,1,13,2,68,2,3,7,5,7,17,8,20,10,16,,67,,1,22,121.5416066,25.0212617
113,8,14,15,0,2,07信義區,信義區信安街103巷8號,0,0,1,1,C03,6,5,5,30,11,9,1,4,4,3,13,4,4,9,5,5,2,18,1,24,2,9,5,1,7,9,1,10,1,12,,42,,1,21,121.5584098,25.0251297
113,8,14,15,0,2,07信義區,信義區信安街103巷8號,0,0,1,2,,6,5,5,30,11,9,1,4,4,3,13,4,4,9,5,5,2,18,3,0,,,,,,,,,,,,67,,1,,121.5584098,25.0251297
113,8,14,15,0,2,07信義區,信義區信安街103巷8號,0,0,1,3,B01,6,5,5,30,11,9,1,4,4,3,13,4,4,9,5,5,2,18,1,47,4,11,3,4,7,14,7,19,9,15,,44,,1,21,121.5584098,25.0251297
113,8,14,15,54,2,11南港區,南港區港東街200號旁南港聯絡道,0,0,3,1,B03,7,6,8,40,14,16,1,4,4,5,13,4,4,5,5,5,2,10,2,30,2,3,7,1,7,9,1,8,2,1,,4,,1,21,121.617657,25.0624768
113,8,14,15,54,2,11南港區,南港區港東街200號旁南港聯絡道,0,0,3,2,B12,7,6,8,40,14,16,1,4,4,5,13,4,4,5,5,5,2,10,1,47,2,9,7,1,7,9,1,8,2,1,,44,,1,21,121.617657,25.0624768
113,8,14,15,54,2,11南港區,南港區港東街200號旁南港聯絡道,0,0,3,3,H02,7,6,8,40,14,16,1,4,4,5,13,4,4,5,5,5,2,10,1,28,2,5,7,5,7,20,8,20,10,17,,67,,1,21,121.617657,25.0624768