發生年度,發生月,發生日,發生時-Hours,發生分,處理別-編號,區序,肇事地點,死亡人數,2-30日死亡人數,受傷人數,當事人序號,車種,天候,道路照明設備,道路類別,速限-速度限制,道路型態,事故位置,路面狀況1,路面狀況2,路面狀況3,道路障礙1,道路障礙2,號誌1,號誌2,車道劃分-分向,車道劃分-分道1,車道劃分-分道2,車道劃分-分道3,事故類型及型態,性別,年齡,受傷程度,主要傷處,保護裝置,行動電話,車輛用途,當事者行動狀態,駕駛資格情形,駕駛執照種類,飲酒情形,車輛撞擊部位1,車輛撞擊部位2,肇因碼-個別,肇因碼-主要,個人肇逃否,職業,座標-X,座標-Y
113,8,14,16,7,2,04大安區,大安區潮州街與潮州街107巷口,0,0,2,1,C03,6,5,5,30,4,1,1,4,4,5,13,4,4,10,5,5,1,15,2,63,2,9,5,1,7,9,1,8,1,12,,14,,1,21,121.5275436,25.0286942
113,8,14,16,7,2,04大安區,大安區潮州街與潮州街107巷口,0,0,2,2,B03,6,5,5,30,4,1,1,4,4,5,13,4,4,10,5,5,1,15,1,65,3,10,7,1,7,9,1,8,1,1,,14,,1,21,121.5275436,25.0286942
113,8,14,16,7,2,04大安區,大安區潮州街與潮州街107巷口,0,0,2,3,H02,6,5,5,30,4,1,1,4,4,5,13,4,4,10,5,5,1,15,1,9,2,9,5,5,7,20,8,20,10,16,,67,,1,21,121.5275436,25.0286942
113,8,14,16,12,2,08士林區,士林區中正路與文林路口,0,0,1,1,C03,6,7,5,50,14,9,1,4,4,5,13,4,4,1,5,5,2,13,1,27,2,1,6,1,7,9,1,10,1,11,,108,,1,21,121.5243407,25.09490016
113,8,14,16,12,2,08士林區,士林區中正路與文林路口,0,0,1,2,B03,6,7,5,50,14,9,1,4,4,5,13,4,4,1,5,5,2,13,1,45,3,10,7,1,7,14,1,10,1,3,,44,,1,21,121.5243407,25.09490016
113,8,14,17,11,2,03中山區,中山區北安路554巷30弄與明水路581巷口,0,0,1,1,B03,7,6,5,50,5,2,1,4,4,5,13,2,1,8,3,5,1,17,1,60,3,10,7,1,7,14,1,8,1,17,,40,,1,21,121.5504667,25.0800343
113,8,14,17,11,2,03中山區,中山區北安路554巷30弄與明水路581巷口,0,0,1,2,C03,7,6,5,50,5,2,1,4,4,5,13,2,1,8,3,5,1,17,1,40,2,9,5,1,7,9,1,10,1,11,,16,,1,21,121.5504667,25.0800343
113,8,14,17,11,2,03中山區,中山區北安路554巷30弄與明水路581巷口,0,0,1,3,B03,7,6,5,50,5,2,1,4,4,5,13,2,1,8,3,5,1,17,1,45,3,10,7,1,7,9,1,8,1,6,,44,,1,21,121.5504667,25.0800343
113,8,14,17,22,2,12內湖區,內湖區成功路2段262號,0,0,1,1,B03,8,5,5,50,14,9,1,5,4,5,13,4,4,9,4,5,2,12,1,20,3,10,7,1,7,8,1,8,2,7,,100,,1,21,121.5903973,25.0666234
113,8,14,17,22,2,12內湖區,內湖區成功路2段262號,0,0,1,2,C03,8,5,5,50,14,9,1,5,4,5,13,4,4,9,4,5,2,12,2,23,2,9,5,1,7,9,1,10,2,11,,44,,1,21,121.5903973,25.0666234
113,8,14,17,32,2,03中山區,中山區新生北路1段47巷與新生北路1段口,0,0,1,1,C03,7,6,5,30,5,1,1,4,4,5,13,2,1,1,5,5,1,17,1,46,2,9,3,4,7,6,1,10,1,14,,72,,1,21,121.5299356,25.0481002
113,8,14,17,32,2,03中山區,中山區新生北路1段47巷與新生北路1段口,0,0,1,2,B03,7,6,5,30,5,1,1,4,4,5,13,2,1,1,5,5,1,17,1,55,3,10,3,4,7,6,1,8,1,5,,44,,1,21,121.5299356,25.0481002
113,8,14,17,48,1,06松山區,松山區南京東路4段115號,1,0,3,1,B03,8,6,5,0,14,25,1,5,4,5,13,4,4,10,5,5,2,8,1,55,2,3,7,1,7,15,1,8,2,15,,104,,1,22,121.5551053,25.0516769
113,8,14,17,48,1,06松山區,松山區南京東路4段115號,1,0,3,2,H01,8,6,5,0,14,25,1,5,4,5,13,4,4,10,5,5,2,8,1,49,2,7,4,5,8,17,8,20,10,16,,67,,1,22,121.5551053,25.0516769
113,8,14,17,48,1,06松山區,松山區南京東路4段115號,1,0,3,3,H01,8,6,5,0,14,25,1,5,4,5,13,4,4,10,5,5,2,8,2,24,2,9,4,5,8,17,8,20,10,16,,67,,1,22,121.5551053,25.0516769
113,8,14,17,48,1,06松山區,松山區南京東路4段115號,1,0,3,4,H01,8,6,5,0,14,25,1,5,4,5,13,4,4,10,5,5,2,8,2,70,1,1,4,5,8,17,8,20,10,16,,67,,1,22,121.5551053,25.0516769
113,8,14,17,48,1,06松山區,松山區南京東路4段115號,1,0,3,5,,8,6,5,0,14,25,1,5,4,5,13,4,4,10,5,5,2,8,3,51,,,,,,,,,,,,67,,1,,121.5551053,25.0516769
113,8,14,18,27,2,08士林區,士林區福國路與文林路口,0,0,1,1,C03,8,6,5,50,5,2,1,5,4,5,13,1,1,1,1,5,1,16,1,74,2,7,5,1,7,5,1,10,2,14,,8,,1,21,121.5215417,25.1018261
113,8,14,18,27,2,08士林區,士林區福國路與文林路口,0,0,1,2,B03,8,6,5,50,5,2,1,5,4,5,13,1,1,1,1,5,1,16,1,41,3,10,7,1,7,5,1,8,2,5,,8,,1,21,121.5215417,25.1018261
113,8,14,18,28,2,08士林區,士林區環河北路3段與社中街口,0,0,1,1,B03,8,5,5,50,5,1,1,5,4,5,13,2,1,1,2,5,2,17,1,32,3,10,7,1,7,6,1,8,1,2,,17,,1,21,121.5014914,25.0904312
113,8,14,18,28,2,08士林區,士林區環河北路3段與社中街口,0,0,1,2,C03,8,5,5,50,5,1,1,5,4,5,13,2,1,1,2,5,2,17,2,33,2,8,6,1,7,6,1,10,1,14,,17,,1,21,121.5014914,25.0904312
113,8,14,18,47,2,03中山區,中山區中山北路2段155號,0,0,3,1,A02,8,5,5,50,14,9,1,5,4,5,13,1,1,1,4,1,2,17,1,43,3,10,7,1,7,9,1,2,11,15,,17,,2,22,121.522855,25.0622291
113,8,14,18,47,2,03中山區,中山區中山北路2段155號,0,0,3,2,C03,8,5,5,50,14,9,1,5,4,5,13,1,1,1,4,1,2,17,2,44,2,9,5,1,7,9,1,10,1,12,,32,,1,22,121.522855,25.0622291
113,8,14,18,47,2,03中山區,中山區中山北路2段155號,0,0,3,3,H02,8,5,5,50,14,9,1,5,4,5,13,1,1,1,4,1,2,17,1,8,2,9,5,5,7,17,8,20,10,16,,67,,1,22,121.522855,25.0622291
113,8,14,18,47,2,03中山區,中山區中山北路2段155號,0,0,3,4,H02,8,5,5,50,14,9,1,5,4,5,13,1,1,1,4,1,2,17,1,6,2,9,5,5,7,17,8,20,10,16,,67,,1,22,121.522855,25.0622291
113,8,14,18,50,2,12內湖區,內湖區民權東路6段30號附近,0,0,1,1,C03,7,5,5,50,14,9,1,5,4,5,13,4,4,1,4,5,2,18,1,32,2,9,6,1,7,9,1,9,1,17,,116,,1,21,121.5797078,25.0669958
113,8,14,18,50,2,12內湖區,內湖區民權東路6段30號附近,0,0,1,2,,7,5,5,50,14,9,1,5,4,5,13,4,4,1,4,5,2,18,3,0,,,,,,,,,,,,67,,1,,121.5797078,25.0669958
113,8,14,18,52,2,03中山區,中山區民生東路2段159巷與錦州街口,0,0,1,1,B03,8,5,5,30,4,1,1,5,4,5,13,4,4,10,5,5,2,15,1,24,3,10,7,1,7,9,1,8,1,1,,72,,1,21,121.5360721,25.06029654
113,8,14,18,52,2,03中山區,中山區民生東路2段159巷與錦州街口,0,0,1,2,C03,8,5,5,30,4,1,1,5,4,5,13,4,4,10,5,5,2,15,1,38,2,8,6,1,7,9,1,10,1,14,,108,,1,21,121.5360721,25.06029654
113,8,14,19,1,2,03中山區,中山區中山北路2段與農安街口,0,0,1,1,B01,8,5,5,50,4,1,1,5,4,5,13,1,1,1,4,1,2,11,1,63,3,10,7,1,7,1,1,4,1,8,,108,,1,21,121.5222754,25.0649129
113,8,14,19,1,2,03中山區,中山區中山北路2段與農安街口,0,0,1,2,C03,8,5,5,50,4,1,1,5,4,5,13,1,1,1,4,1,2,11,1,31,2,8,5,1,7,14,1,10,1,14,,44,,1,21,121.5222754,25.0649129
113,8,14,19,30,2,03中山區,中山區北安路與崇實路口,0,0,1,1,F01,8,5,5,50,4,1,1,5,4,5,13,2,1,1,4,5,2,16,1,15,2,9,4,4,7,9,8,20,1,11,,88,,1,21,121.5444676,25.0798844
113,8,14,19,30,2,03中山區,中山區北安路與崇實路口,0,0,1,2,B03,8,5,5,50,4,1,1,5,4,5,13,2,1,1,4,5,2,16,2,37,3,10,3,4,7,6,1,8,1,2,,9,,1,21,121.5444676,25.0798844
113,8,14,19,45,2,01大同區,大同區鄭州路與西寧北路口,0,0,1,1,B01,8,5,5,50,5,1,1,5,4,5,13,2,1,1,4,5,2,13,1,62,3,10,7,1,7,9,1,4,1,1,,16,,1,21,121.5081274,25.0504616
113,8,14,19,45,2,01大同區,大同區鄭州路與西寧北路口,0,0,1,2,C03,8,5,5,50,5,1,1,5,4,5,13,2,1,1,4,5,2,13,2,31,2,9,6,1,7,14,1,10,1,13,,44,,1,21,121.5081274,25.0504616
113,8,14,20,13,2,04大安區,大安區仁愛路4段與仁愛路4段91巷口,0,0,1,1,C03,8,5,5,50,3,2,1,5,4,5,13,4,4,1,4,5,1,17,2,57,2,9,3,4,7,1,1,10,1,14,,19,,1,21,121.5481455,25.0384471
113,8,14,20,13,2,04大安區,大安區仁愛路4段與仁愛路4段91巷口,0,0,1,2,B03,8,5,5,50,3,2,1,5,4,5,13,4,4,1,4,5,1,17,1,44,3,10,3,4,7,6,1,8,1,2,,9,,1,21,121.5481455,25.0384471
113,8,14,20,46,2,12內湖區,內湖區環東大道(往南港方向),0,0,1,1,C01,8,5,5,80,10,9,1,5,4,5,13,4,4,1,4,5,2,12,1,37,2,8,6,1,7,12,1,9,1,12,,42,,1,21,121.5747331,25.0534499
113,8,14,20,46,2,12內湖區,內湖區環東大道(往南港方向),0,0,1,2,B03,8,5,5,80,10,9,1,5,4,5,13,4,4,1,4,5,2,12,1,27,3,10,7,1,7,12,1,8,1,8,,44,,1,21,121.5747331,25.0534499
113,8,14,20,46,2,12內湖區,內湖區環東大道(往南港方向),0,0,1,3,B01,8,5,5,80,10,9,1,5,4,5,13,4,4,1,4,5,2,12,1,51,3,10,7,1,7,7,1,4,1,17,,42,,1,21,121.5747331,25.0534499
113,8,14,20,47,2,02萬華區,萬華區中華路1段與中華路1段102巷口,0,0,1,1,C03,7,5,5,50,3,2,1,5,4,5,13,4,4,1,4,1,2,12,1,16,2,8,6,1,7,15,2,18,1,14,,17,,1,22,121.5084753,25.0437498
113,8,14,20,47,2,02萬華區,萬華區中華路1段與中華路1段102巷口,0,0,1,2,A02,7,5,5,50,3,2,1,5,4,5,13,4,4,1,4,1,2,12,1,52,3,10,3,4,7,9,1,1,1,2,,44,,1,21,121.5084753,25.0437498
113,8,14,20,47,2,02萬華區,萬華區中華路1段與中華路1段102巷口,0,0,1,3,B03,7,5,5,50,3,2,1,5,4,5,13,4,4,1,4,1,2,12,1,29,3,10,3,4,7,14,1,8,1,4,,38,,1,22,121.5084753,25.0437498
113,8,14,20,51,2,01大同區,大同區市民大道1段203號,0,0,1,1,C03,7,5,5,40,14,9,1,5,4,5,13,4,4,1,4,5,2,17,2,26,2,9,3,4,7,15,1,10,2,14,,42,,1,21,121.5183853,25.0485427
113,8,14,20,51,2,01大同區,大同區市民大道1段203號,0,0,1,2,C03,7,5,5,40,14,9,1,5,4,5,13,4,4,1,4,5,2,17,1,19,3,10,3,4,7,15,1,10,2,12,,42,,1,21,121.5183853,25.0485427
113,8,14,20,59,2,08士林區,士林區忠誠路1段173巷與德行東路190巷口,0,0,2,1,B03,7,5,5,30,4,1,1,5,4,5,13,4,4,10,5,5,1,16,1,22,3,10,7,1,7,9,1,8,1,5,,72,,1,22,121.5312829,25.1080863
113,8,14,20,59,2,08士林區,士林區忠誠路1段173巷與德行東路190巷口,0,0,2,2,C03,7,5,5,30,4,1,1,5,4,5,13,4,4,10,5,5,1,16,1,45,2,9,6,1,7,9,1,10,1,11,,44,,1,22,121.5312829,25.1080863
113,8,14,20,59,2,08士林區,士林區忠誠路1段173巷與德行東路190巷口,0,0,2,3,H02,7,5,5,30,4,1,1,5,4,5,13,4,4,10,5,5,1,16,1,11,2,9,6,5,7,20,8,20,10,16,,67,,1,22,121.5312829,25.1080863
113,8,14,21,5,2,04大安區,大安區仁愛路4段與延吉街口,0,0,2,1,B03,7,5,5,50,4,1,1,5,4,5,13,2,1,1,4,1,2,16,2,56,3,10,3,4,7,6,1,8,1,5,,44,,1,21,121.5553474,25.037903
113,8,14,21,5,2,04大安區,大安區仁愛路4段與延吉街口,0,0,2,2,C03,7,5,5,50,4,1,1,5,4,5,13,2,1,1,4,1,2,16,1,30,2,9,5,4,7,14,1,10,1,14,,44,,1,22,121.5553474,25.037903
113,8,14,21,5,2,04大安區,大安區仁愛路4段與延吉街口,0,0,2,3,H02,7,5,5,50,4,1,1,5,4,5,13,2,1,1,4,1,2,16,2,27,2,7,5,5,7,17,8,20,10,16,,67,,1,22,121.5553474,25.037903
113,8,14,21,13,2,10文山區,文山區景美溪橋,0,0,1,1,F01,7,5,5,50,8,9,1,5,4,5,13,2,1,1,4,4,2,13,1,43,3,10,3,4,7,9,8,20,1,11,,16,,1,22,121.545154,24.9866652
113,8,14,21,13,2,10文山區,文山區景美溪橋,0,0,1,2,C03,7,5,5,50,8,9,1,5,4,5,13,2,1,1,4,4,2,13,2,33,2,7,3,4,7,14,1,10,1,13,,44,,1,22,121.545154,24.9866652
113,8,14,21,46,2,05中正區,中正區臨沂街與臨沂街69巷口口,0,0,1,1,B03,8,5,5,30,4,1,1,5,4,5,13,4,4,10,5,5,2,15,1,67,3,10,7,1,7,9,1,8,2,1,,14,,1,26,121.5282064,25.0357972
113,8,14,21,46,2,05中正區,中正區臨沂街與臨沂街69巷口口,0,0,1,2,C03,8,5,5,30,4,1,1,5,4,5,13,4,4,10,5,5,2,15,1,27,2,8,5,1,7,9,1,10,2,14,,14,,1,26,121.5282064,25.0357972
113,8,14,21,54,2,07信義區,信義區虎林街120巷與松信路口,0,0,1,1,B02,7,5,5,30,4,1,1,5,4,5,13,2,1,10,4,5,1,17,1,42,3,10,3,4,7,5,1,8,1,4,,8,,1,21,121.5719619,25.0422367
113,8,14,21,54,2,07信義區,信義區虎林街120巷與松信路口,0,0,1,2,C03,7,5,5,30,4,1,1,5,4,5,13,2,1,10,4,5,1,17,1,31,2,7,3,4,7,9,1,10,1,12,,44,,1,21,121.5719619,25.0422367
113,8,14,22,10,2,11南港區,南港區中坡北路與中坡北路60巷口,0,0,2,1,B12,8,5,5,50,3,2,1,5,4,5,13,4,4,1,4,5,2,16,1,39,3,10,3,4,7,6,1,8,1,6,,9,,1,22,121.5807685,25.04681496
113,8,14,22,10,2,11南港區,南港區中坡北路與中坡北路60巷口,0,0,2,2,C03,8,5,5,50,3,2,1,5,4,5,13,4,4,1,4,5,2,16,1,64,2,8,3,4,7,8,1,10,1,11,,44,,1,22,121.5807685,25.04681496
113,8,14,22,10,2,11南港區,南港區中坡北路與中坡北路60巷口,0,0,2,3,H02,8,5,5,50,3,2,1,5,4,5,13,4,4,1,4,5,2,16,2,55,2,9,3,5,7,20,8,20,10,16,,67,,1,22,121.5807685,25.04681496
113,8,14,22,38,2,01大同區,大同區延平北路2段與涼州街口,0,0,1,1,C03,7,5,5,50,4,1,1,5,4,1,13,2,1,4,4,5,2,13,2,22,2,9,3,4,7,9,1,10,1,11,,118,,1,21,121.5113272,25.0607078
113,8,14,22,38,2,01大同區,大同區延平北路2段與涼州街口,0,0,1,2,B01,7,5,5,50,4,1,1,5,4,1,13,2,1,4,4,5,2,13,1,41,3,10,3,4,7,12,1,4,1,6,,118,,1,21,121.5113272,25.0607078
113,8,14,22,38,2,01大同區,大同區延平北路2段與涼州街口,0,0,1,3,H03,7,5,5,50,4,1,1,5,4,1,13,2,1,4,4,5,2,13,1,22,3,10,4,5,8,20,8,20,10,16,,59,,1,21,121.5113272,25.0607078
113,8,15,0,5,2,11南港區,南港區忠孝東路7段527巷與忠孝東路7段口,0,0,2,1,C03,8,5,5,50,14,9,1,5,4,5,13,4,4,1,3,5,2,13,1,18,2,9,3,4,7,9,1,10,2,11,,16,,1,21,121.6124095,25.0526547
113,8,15,0,5,2,11南港區,南港區忠孝東路7段527巷與忠孝東路7段口,0,0,2,2,B12,8,5,5,50,14,9,1,5,4,5,13,4,4,1,3,5,2,13,1,43,3,10,3,4,7,14,1,8,2,7,,44,,1,21,121.6124095,25.0526547
113,8,15,0,5,2,11南港區,南港區忠孝東路7段527巷與忠孝東路7段口,0,0,2,3,H02,8,5,5,50,14,9,1,5,4,5,13,4,4,1,3,5,2,13,2,18,2,9,3,5,7,21,8,20,10,17,,60,,1,21,121.6124095,25.0526547
113,8,15,0,45,2,03中山區,中山區林森北路與中山北路2段65巷口,0,0,1,1,B03,8,5,5,50,4,1,1,5,4,5,13,4,4,9,5,5,2,16,1,21,3,10,7,1,7,11,1,8,2,4,,10,,1,22,121.5255187,25.0569157
113,8,15,0,45,2,03中山區,中山區林森北路與中山北路2段65巷口,0,0,1,2,C03,8,5,5,50,4,1,1,5,4,5,13,4,4,9,5,5,2,16,1,33,2,9,5,1,7,9,1,10,2,12,,1,,1,22,121.5255187,25.0569157
113,8,15,2,8,2,03中山區,中山區民生東路2段10號,0,0,2,1,C03,8,5,5,50,14,9,1,5,4,5,13,4,4,5,4,5,2,17,1,46,2,9,6,4,7,11,1,10,2,14,,19,,1,21,121.5281652,25.0580005
113,8,15,2,8,2,03中山區,中山區民生東路2段10號,0,0,2,2,C03,8,5,5,50,14,9,1,5,4,5,13,4,4,5,4,5,2,17,1,32,2,9,6,4,7,9,1,10,2,11,,44,,1,21,121.5281652,25.0580005
113,8,15,5,23,2,08士林區,士林區承德路4段10巷與通河街76巷口,0,0,1,1,B01,8,5,5,30,4,1,1,5,4,5,13,4,4,5,5,5,2,17,1,40,3,10,7,1,7,9,1,4,1,2,,72,,1,21,121.5200079,25.0801122
113,8,15,5,23,2,08士林區,士林區承德路4段10巷與通河街76巷口,0,0,1,2,C03,8,5,5,30,4,1,1,5,4,5,13,4,4,5,5,5,2,17,2,57,2,9,5,1,7,9,1,10,1,11,,44,,1,21,121.5200079,25.0801122
113,8,15,5,38,2,07信義區,信義區忠孝東路5段215巷與忠孝東路5段275巷7弄口,0,0,1,1,C03,7,6,5,30,4,1,1,5,4,5,13,4,4,10,4,5,1,15,2,62,2,9,3,4,7,9,1,10,2,14,,14,,1,21,121.5701923,25.0415456
113,8,15,5,38,2,07信義區,信義區忠孝東路5段215巷與忠孝東路5段275巷7弄口,0,0,1,2,B03,7,6,5,30,4,1,1,5,4,5,13,4,4,10,4,5,1,15,1,37,3,10,3,4,7,9,1,4,2,5,,14,,1,21,121.5701923,25.0415456
113,8,15,7,40,2,10文山區,文山區羅斯福路5段210號,0,0,1,1,C03,8,6,5,50,14,9,1,5,5,5,13,4,4,1,4,5,2,18,1,51,2,9,6,1,7,9,1,10,11,14,,116,,1,21,121.5386102,25.0028662
113,8,15,7,40,2,10文山區,文山區羅斯福路5段210號,0,0,1,2,,8,6,5,50,14,9,1,5,5,5,13,4,4,1,4,5,2,18,3,0,,,,,,,,,,,,128,,1,,121.5386102,25.0028662
113,8,15,7,55,2,01大同區,大同區迪化街2段172巷與迪化街2段172巷12弄口,0,0,2,1,C03,8,7,5,30,4,1,1,5,4,5,13,4,4,9,4,5,2,15,2,29,2,9,5,1,7,9,1,10,1,12,,14,,1,21,121.5097411,25.0671537
113,8,15,7,55,2,01大同區,大同區迪化街2段172巷與迪化街2段172巷12弄口,0,0,2,2,C03,8,7,5,30,4,1,1,5,4,5,13,4,4,9,4,5,2,15,2,33,2,9,5,1,7,9,1,10,1,11,,14,,1,21,121.5097411,25.0671537
113,8,15,7,55,2,01大同區,大同區迪化街2段172巷與迪化街2段172巷12弄口,0,0,2,3,C03,8,7,5,30,4,1,1,5,4,5,13,4,4,9,4,5,2,15,1,49,3,10,5,1,7,13,1,10,11,11,,38,,1,21,121.5097411,25.0671537
113,8,15,7,55,2,01大同區,大同區迪化街2段172巷與迪化街2段172巷12弄口,0,0,2,4,C03,8,7,5,30,4,1,1,5,4,5,13,4,4,9,4,5,2,15,2,22,3,10,5,1,7,13,1,10,11,11,,38,,1,21,121.5097411,25.0671537
113,8,15,7,55,2,01大同區,大同區迪化街2段172巷與迪化街2段172巷12弄口,0,0,2,5,C03,8,7,5,30,4,1,1,5,4,5,13,4,4,9,4,5,2,15,1,54,3,10,5,1,7,13,1,10,11,11,,38,,1,21,121.5097411,25.0671537
113,8,15,7,55,2,01大同區,大同區迪化街2段172巷與迪化街2段172巷12弄口,0,0,2,6,C03,8,7,5,30,4,1,1,5,4,5,13,4,4,9,4,5,2,15,2,22,3,10,5,1,7,13,1,10,11,11,,38,,1,21,121.5097411,25.0671537
113,8,15,7,55,2,01大同區,大同區迪化街2段172巷與迪化街2段172巷12弄口,0,0,2,7,C03,8,7,5,30,4,1,1,5,4,5,13,4,4,9,4,5,2,15,2,64,3,10,5,1,7,13,1,10,11,11,,38,,1,21,121.5097411,25.0671537
113,8,15,7,56,2,12內湖區,內湖區內湖路1段360巷15號,0,0,1,1,B03,7,6,5,50,14,9,1,5,4,5,13,4,4,9,4,5,2,17,1,52,3,10,7,1,7,5,7,19,1,8,,101,,1,22,121.5706577,25.0811027
113,8,15,7,56,2,12內湖區,內湖區內湖路1段360巷15號,0,0,1,2,C03,7,6,5,50,14,9,1,5,4,5,13,4,4,9,4,5,2,17,1,54,2,9,5,1,7,9,1,10,1,12,,16,,1,22,121.5706577,25.0811027
113,8,15,7,57,2,09北投區,北投區尊賢街230巷15號,0,0,1,1,H01,8,6,5,30,14,9,1,5,4,5,13,4,4,10,5,5,2,9,1,47,3,10,4,5,8,16,8,20,1,16,,60,,1,21,121.5079355,25.116265
113,8,15,7,57,2,09北投區,北投區尊賢街230巷15號,0,0,1,2,C03,8,6,5,30,14,9,1,5,4,5,13,4,4,10,5,5,2,9,2,67,2,7,6,1,7,15,1,10,1,13,,42,,1,22,121.5079355,25.116265
113,8,15,8,20,2,05中正區,(汀州路1段338號前),0,0,1,1,B03,8,6,5,50,14,9,1,5,4,5,13,4,4,5,4,5,2,16,2,32,3,10,7,1,7,1,1,8,2,4,,19,,1,21,121.5125422,25.0266116
113,8,15,8,20,2,05中正區,(汀州路1段338號前),0,0,1,2,C03,8,6,5,50,14,9,1,5,4,5,13,4,4,5,4,5,2,16,1,33,2,9,5,1,7,9,1,10,2,11,,14,,1,21,121.5125422,25.0266116
113,8,15,8,25,2,03中山區,中山區長春路116號前,0,0,3,1,C03,8,7,5,40,14,8,1,5,4,5,13,1,1,5,4,4,2,17,2,34,3,10,3,4,7,9,1,10,1,12,,17,,1,21,121.529545,25.0548346
113,8,15,8,25,2,03中山區,中山區長春路116號前,0,0,3,2,C03,8,7,5,40,14,8,1,5,4,5,13,1,1,5,4,4,2,17,1,30,2,8,3,4,7,9,1,10,1,14,,44,,1,22,121.529545,25.0548346
113,8,15,8,25,2,03中山區,中山區長春路116號前,0,0,3,3,C03,8,7,5,40,14,8,1,5,4,5,13,1,1,5,4,4,2,17,2,49,2,9,3,4,7,9,1,10,1,14,,44,,1,21,121.529545,25.0548346
113,8,15,8,25,2,03中山區,中山區長春路116號前,0,0,3,4,H02,8,7,5,40,14,8,1,5,4,5,13,1,1,5,4,4,2,17,2,24,2,8,3,5,7,20,8,20,10,16,,44,,1,21,121.529545,25.0548346
113,8,15,8,31,2,03中山區,中山區松江路226巷3號,0,0,1,1,C03,8,5,5,30,14,9,1,5,4,5,13,4,4,10,5,5,2,2,1,31,3,10,5,1,7,9,1,10,1,15,,5,,2,22,121.5324995,25.05848502
113,8,15,8,31,2,03中山區,中山區松江路226巷3號,0,0,1,2,H01,8,5,5,30,14,9,1,5,4,5,13,4,4,10,5,5,2,2,1,27,2,7,4,5,8,16,8,20,1,16,,67,,1,22,121.5324995,25.05848502
113,8,15,8,35,2,08士林區,士林區福華路與福華路164巷口,0,0,1,1,C03,8,6,8,30,4,2,1,5,4,5,13,4,4,1,4,5,1,17,1,46,3,10,5,3,7,5,1,10,1,12,,74,,1,21,121.5225646,25.1042293
113,8,15,8,35,2,08士林區,士林區福華路與福華路164巷口,0,0,1,2,C03,8,6,8,30,4,2,1,5,4,5,13,4,4,1,4,5,1,17,1,29,2,9,5,1,7,9,1,10,1,11,,16,,1,21,121.5225646,25.1042293
113,8,15,8,45,2,07信義區,信義區松山路與松山路292巷口,0,0,3,1,C03,8,5,5,50,3,2,1,5,4,5,13,2,1,1,4,5,2,17,1,69,2,9,5,1,7,5,1,10,1,12,,71,,1,22,121.57775,25.0432764
113,8,15,8,45,2,07信義區,信義區松山路與松山路292巷口,0,0,3,2,C03,8,5,5,50,3,2,1,5,4,5,13,2,1,1,4,5,2,17,1,47,2,9,5,1,7,9,6,18,1,11,,13,,1,22,121.57775,25.0432764
113,8,15,8,45,2,07信義區,信義區松山路與松山路292巷口,0,0,3,3,H02,8,5,5,50,3,2,1,5,4,5,13,2,1,1,4,5,2,17,2,64,2,9,5,5,7,21,8,20,10,16,,67,,1,22,121.57775,25.0432764
113,8,15,9,32,2,07信義區,信義區忠孝東路5段68號,0,0,1,1,C04,7,5,5,50,14,9,1,5,4,5,13,4,4,1,4,5,2,18,1,24,2,9,5,1,7,9,1,10,1,14,,118,,1,22,121.5677941,25.0409751
113,8,15,9,32,2,07信義區,信義區忠孝東路5段68號,0,0,1,2,,7,5,5,50,14,9,1,5,4,5,13,4,4,1,4,5,2,18,3,,,,,,,,,,,,,67,,1,,121.5677941,25.0409751
113,8,15,9,45,2,07信義區,信義區信義路5段與信義路5段91巷口,0,0,1,1,C03,8,7,5,30,14,9,1,5,4,5,13,3,1,9,5,5,2,16,2,30,3,10,6,4,7,6,1,10,1,11,,108,,1,21,121.5716779,25.032954
113,8,15,9,45,2,07信義區,信義區信義路5段與信義路5段91巷口,0,0,1,2,F02,8,7,5,30,14,9,1,5,4,5,13,3,1,9,5,5,2,16,1,87,2,9,3,4,7,9,8,20,1,14,,108,,1,21,121.5716779,25.032954
113,8,15,9,57,2,10文山區,文山區羅斯福路5段與羅斯福路5段212巷口口,0,0,1,1,C03,7,6,5,50,3,2,1,5,5,5,13,4,4,1,4,5,2,18,1,27,2,9,6,1,7,8,1,10,2,12,,116,,1,21,121.5386225,25.0027214
113,8,15,9,57,2,10文山區,文山區羅斯福路5段與羅斯福路5段212巷口口,0,0,1,2,,7,6,5,50,3,2,1,5,5,5,13,4,4,1,4,5,2,18,3,40,,,,,,,,,,,,128,,1,,121.5386225,25.0027214
113,8,15,10,13,2,08士林區,士林區承德路4段3巷與承德路4段口,0,0,1,1,B01,8,6,5,30,4,2,1,5,4,5,13,4,4,1,5,5,1,15,1,64,3,10,7,1,7,9,1,4,1,5,,72,,1,21,121.5216309,25.0789571
113,8,15,10,13,2,08士林區,士林區承德路4段3巷與承德路4段口,0,0,1,2,C03,8,6,5,30,4,2,1,5,4,5,13,4,4,1,5,5,1,15,2,27,2,8,5,1,7,9,1,10,1,14,,14,,1,21,121.5216309,25.0789571
113,8,15,10,28,2,03中山區,中山區八德路2段227號,0,0,1,1,C03,7,6,5,50,14,7,1,5,4,5,13,4,4,5,4,5,2,17,1,60,2,8,6,1,7,5,1,10,1,14,,8,,1,21,121.5401363,25.04667081
113,8,15,10,28,2,03中山區,中山區八德路2段227號,0,0,1,2,B03,7,6,5,50,14,7,1,5,4,5,13,4,4,5,4,5,2,17,1,31,3,10,7,1,7,9,1,8,1,6,,13,,1,21,121.5401363,25.04667081