發生年度,發生月,發生日,發生時-Hours,發生分,處理別-編號,區序,肇事地點,死亡人數,2-30日死亡人數,受傷人數,當事人序號,車種,天候,道路照明設備,道路類別,速限-速度限制,道路型態,事故位置,路面狀況1,路面狀況2,路面狀況3,道路障礙1,道路障礙2,號誌1,號誌2,車道劃分-分向,車道劃分-分道1,車道劃分-分道2,車道劃分-分道3,事故類型及型態,性別,年齡,受傷程度,主要傷處,保護裝置,行動電話,車輛用途,當事者行動狀態,駕駛資格情形,駕駛執照種類,飲酒情形,車輛撞擊部位1,車輛撞擊部位2,肇因碼-個別,肇因碼-主要,個人肇逃否,職業,座標-X,座標-Y
113,8,15,10,36,2,09北投區,北投區石牌路2段與天母西路口,0,0,1,1,B01,8,6,5,50,4,1,1,5,4,5,13,3,1,5,4,5,2,17,1,66,3,10,7,1,7,5,1,4,1,5,,72,,1,21,121.5220172,25.1192622
113,8,15,10,36,2,09北投區,北投區石牌路2段與天母西路口,0,0,1,2,C03,8,6,5,50,4,1,1,5,4,5,13,3,1,5,4,5,2,17,2,32,2,9,6,1,7,9,1,10,1,12,,44,,1,21,121.5220172,25.1192622
113,8,15,10,50,2,02萬華區,萬華區環河南路1段(漢口街2段旁),0,0,3,1,C03,8,7,5,50,14,9,1,5,4,3,13,4,4,5,4,5,2,13,2,50,2,8,5,1,7,9,1,10,1,11,,16,,1,21,121.5037522,25.04657987
113,8,15,10,50,2,02萬華區,萬華區環河南路1段(漢口街2段旁),0,0,3,2,B03,8,7,5,50,14,9,1,5,4,3,13,4,4,5,4,5,2,13,1,77,3,10,7,1,7,9,1,8,1,6,,44,,1,21,121.5037522,25.04657987
113,8,15,10,50,2,02萬華區,萬華區環河南路1段(漢口街2段旁),0,0,3,3,C03,8,7,5,50,14,9,1,5,4,3,13,4,4,5,4,5,2,13,1,24,2,7,5,1,7,9,1,10,1,14,,44,,1,21,121.5037522,25.04657987
113,8,15,10,50,2,02萬華區,萬華區環河南路1段(漢口街2段旁),0,0,3,4,A11,8,7,5,50,14,9,1,5,4,3,13,4,4,5,4,5,2,13,1,38,3,10,2,1,7,15,1,3,1,17,,38,,1,21,121.5037522,25.04657987
113,8,15,10,50,2,02萬華區,萬華區環河南路1段(漢口街2段旁),0,0,3,5,H02,8,7,5,50,14,9,1,5,4,3,13,4,4,5,4,5,2,13,2,24,2,8,5,5,7,20,8,20,10,16,,67,,1,21,121.5037522,25.04657987
113,8,15,10,53,2,08士林區,士林區中山北路7段與天母西路口,0,0,1,1,B03,7,7,5,50,5,1,1,5,4,5,13,1,1,1,5,5,1,16,1,32,3,10,7,1,7,6,1,8,1,2,,44,,1,21,121.5302349,25.11890186
113,8,15,10,53,2,08士林區,士林區中山北路7段與天母西路口,0,0,1,2,C03,7,7,5,50,5,1,1,5,4,5,13,1,1,1,5,5,1,16,1,60,2,9,5,1,7,9,1,10,1,11,,44,,1,21,121.5302349,25.11890186
113,8,15,10,59,2,05中正區,中正區徐州路5號,0,0,1,1,B01,8,6,5,40,14,7,1,5,4,5,13,4,4,6,4,4,2,16,1,67,3,10,7,1,7,11,1,4,1,5,,10,,1,22,121.5192035,25.04176399
113,8,15,10,59,2,05中正區,中正區徐州路5號,0,0,1,2,C03,8,6,5,40,14,7,1,5,4,5,13,4,4,6,4,4,2,16,1,28,2,7,5,1,7,9,1,10,1,11,,44,,1,22,121.5192035,25.04176399
113,8,15,11,0,2,03中山區,中山區松江路90巷9號,0,0,1,1,B03,7,6,5,30,14,9,1,5,4,5,13,2,1,5,5,5,2,16,1,55,3,10,7,1,7,11,1,8,1,4,,10,,1,22,121.5312301,25.0505303
113,8,15,11,0,2,03中山區,中山區松江路90巷9號,0,0,1,2,C03,7,6,5,30,14,9,1,5,4,5,13,2,1,5,5,5,2,16,2,33,2,9,6,1,7,9,1,10,1,11,,44,,1,22,121.5312301,25.0505303
113,8,15,11,9,2,05中正區,中正區南海路與重慶南路2段口,0,0,1,1,B03,7,7,5,50,4,2,1,5,4,5,13,1,1,10,4,5,2,13,2,60,3,10,7,1,7,9,1,8,2,1,,107,,1,22,121.5148042,25.0319923
113,8,15,11,9,2,05中正區,中正區南海路與重慶南路2段口,0,0,1,2,B03,7,7,5,50,4,2,1,5,4,5,13,1,1,10,4,5,2,13,2,45,2,2,7,1,7,14,1,8,2,3,,44,,1,22,121.5148042,25.0319923
113,8,15,12,6,2,04大安區,大安區辛亥路2段與辛亥路2段171巷口對面,0,0,2,1,C03,6,5,5,50,3,4,1,4,4,5,13,2,1,1,4,4,2,13,2,29,2,9,6,1,7,9,1,10,1,11,,108,,1,21,121.54099,25.0211401
113,8,15,12,6,2,04大安區,大安區辛亥路2段與辛亥路2段171巷口對面,0,0,2,2,C03,6,5,5,50,3,4,1,4,4,5,13,2,1,1,4,4,2,13,1,25,2,9,6,1,7,14,1,10,1,13,,44,,1,21,121.54099,25.0211401
113,8,15,12,15,2,06松山區,松山區八德路2段348號對面,0,0,1,1,C03,6,6,5,50,14,9,1,4,4,5,13,4,4,9,4,5,2,13,1,39,3,10,6,1,7,9,1,10,1,11,,16,,1,21,121.5452861,25.04788821
113,8,15,12,15,2,06松山區,松山區八德路2段348號對面,0,0,1,2,C03,6,6,5,50,14,9,1,4,4,5,13,4,4,9,4,5,2,13,1,49,2,7,6,1,7,9,1,10,1,13,,44,,1,21,121.5452861,25.04788821
113,8,15,12,23,2,05中正區,中正區博愛路168號對面,0,0,1,1,F01,6,5,5,0,22,20,1,4,4,5,13,4,4,10,5,5,2,9,1,12,3,10,4,1,7,9,8,20,1,11,,80,,1,22,121.5112909,25.0390937
113,8,15,12,23,2,05中正區,中正區博愛路168號對面,0,0,1,2,H01,6,5,5,0,22,20,1,4,4,5,13,4,4,10,5,5,2,9,2,7,2,7,4,5,8,16,8,20,10,16,,67,,1,14,121.5112909,25.0390937
113,8,15,12,27,2,01大同區,大同區民權西路102巷與民權西路102巷4弄口,0,0,1,1,B01,6,6,5,30,4,2,1,4,4,5,13,4,4,9,5,5,2,17,1,53,3,10,7,1,7,9,1,4,1,1,,72,,1,21,121.5176607,25.06159498
113,8,15,12,27,2,01大同區,大同區民權西路102巷與民權西路102巷4弄口,0,0,1,2,C03,6,6,5,30,4,2,1,4,4,5,13,4,4,9,5,5,2,17,2,48,2,9,6,1,7,9,1,10,1,12,,42,,1,21,121.5176607,25.06159498
113,8,15,12,30,2,05中正區,中正區濟南路1段71號,0,0,1,1,B03,6,6,5,50,14,9,1,4,4,5,13,4,4,5,5,4,2,16,2,43,3,10,7,1,7,3,1,8,1,2,,9,,1,22,121.5235806,25.042156
113,8,15,12,30,2,05中正區,中正區濟南路1段71號,0,0,1,2,C03,6,6,5,50,14,9,1,4,4,5,13,4,4,5,5,4,2,16,2,54,2,9,6,1,7,9,1,10,1,14,,44,,1,22,121.5235806,25.042156
113,8,15,12,39,2,07信義區,信義區永吉路30巷與永吉路30巷157弄口,0,0,1,1,B01,6,7,5,30,4,1,1,4,4,5,13,4,4,5,5,5,2,17,1,58,3,10,7,1,7,5,1,8,1,8,,74,,1,21,121.5687155,25.0423192
113,8,15,12,39,2,07信義區,信義區永吉路30巷與永吉路30巷157弄口,0,0,1,2,C03,6,7,5,30,4,1,1,4,4,5,13,4,4,5,5,5,2,17,2,37,2,8,5,1,7,9,1,10,1,17,,44,,1,21,121.5687155,25.0423192
113,8,15,13,26,2,04大安區,大安區市民高架道往東(大安路一段上方),0,0,3,1,B03,6,6,5,80,14,9,1,4,4,5,13,4,4,1,4,5,2,13,1,55,2,9,7,1,7,9,1,8,2,1,,108,,1,21,121.5513914,25.0445305
113,8,15,13,26,2,04大安區,大安區市民高架道往東(大安路一段上方),0,0,3,2,B03,6,6,5,80,14,9,1,4,4,5,13,4,4,1,4,5,2,13,1,50,2,9,7,1,7,14,1,8,2,3,,44,,1,21,121.5513914,25.0445305
113,8,15,13,26,2,04大安區,大安區市民高架道往東(大安路一段上方),0,0,3,3,B03,6,6,5,80,14,9,1,4,4,5,13,4,4,1,4,5,2,13,1,27,2,1,7,1,7,14,1,8,2,3,,44,,1,21,121.5513914,25.0445305
113,8,15,13,43,2,04大安區,大安區信義路4段184號,0,0,1,1,B03,6,6,5,50,14,9,1,4,4,5,13,2,1,1,4,4,2,17,2,53,3,10,7,1,7,1,1,8,1,8,,19,,1,22,121.5513678,25.0331185
113,8,15,13,43,2,04大安區,大安區信義路4段184號,0,0,1,2,C03,6,6,5,50,14,9,1,4,4,5,13,2,1,1,4,4,2,17,2,57,2,8,5,1,7,15,1,10,1,13,,44,,1,22,121.5513678,25.0331185
113,8,15,13,45,2,07信義區,信義區松壽路與一號道路口口,0,0,1,1,C04,7,7,5,50,5,1,4,4,4,5,13,2,1,5,2,5,2,18,2,43,2,9,6,1,7,6,1,10,1,12,,116,,1,21,121.561976,25.0360684
113,8,15,13,45,2,07信義區,信義區松壽路與一號道路口口,0,0,1,2,,7,7,5,50,5,1,4,4,4,5,13,2,1,5,2,5,2,18,3,,,,,,,,,,,,,67,,1,,121.561976,25.0360684
113,8,15,14,3,2,12內湖區,內湖區舊宗路2段與民權東路6段11巷口,0,0,1,1,B03,6,6,5,50,14,9,1,4,4,5,13,4,4,5,5,5,2,17,1,38,3,10,7,1,7,5,1,8,1,2,,99,,1,21,121.5750062,25.0674831
113,8,15,14,3,2,12內湖區,內湖區舊宗路2段與民權東路6段11巷口,0,0,1,2,C03,6,6,5,50,14,9,1,4,4,5,13,4,4,5,5,5,2,17,2,36,2,9,5,1,7,9,1,10,1,14,,44,,1,21,121.5750062,25.0674831
113,8,15,14,11,2,09北投區,北投區中央北路1段與中央北路1段180巷口,0,0,1,1,C03,6,7,5,50,3,2,1,4,4,5,13,4,4,9,4,5,2,11,1,18,3,10,3,4,7,7,1,10,1,13,,9,,1,21,121.4979659,25.1357569
113,8,15,14,11,2,09北投區,北投區中央北路1段與中央北路1段180巷口,0,0,1,2,C03,6,7,5,50,3,2,1,4,4,5,13,4,4,9,4,5,2,11,2,28,2,9,3,4,7,9,1,10,1,11,,44,,1,26,121.4979659,25.1357569
113,8,15,14,22,2,07信義區,信義區紫雲街35號,0,0,1,1,B02,7,5,5,50,14,9,1,4,4,5,13,4,4,5,5,5,2,9,1,72,3,10,7,1,7,9,1,8,2,2,,44,,1,21,121.5745941,25.0176165
113,8,15,14,22,2,07信義區,信義區紫雲街35號,0,0,1,2,H01,7,5,5,50,14,9,1,4,4,5,13,4,4,5,5,5,2,9,1,36,2,8,4,5,8,20,8,20,10,16,,53,,1,21,121.5745941,25.0176165
113,8,15,14,49,2,01大同區,大同區南京西路與延平北路1段口,0,0,1,1,B12,6,5,5,50,4,2,1,4,4,5,13,4,4,5,4,5,2,17,2,49,3,10,3,4,7,5,1,8,2,17,,67,,1,21,121.5117464,25.0538405
113,8,15,14,49,2,01大同區,大同區南京西路與延平北路1段口,0,0,1,2,C03,6,5,5,50,4,2,1,4,4,5,13,4,4,5,4,5,2,17,1,36,2,9,3,4,7,9,1,10,2,12,,42,,1,21,121.5117464,25.0538405
113,8,15,15,6,2,04大安區,大安區和平東路1段與師大路口,0,0,1,1,C03,6,6,5,50,3,1,1,4,4,5,13,2,1,1,4,5,2,15,1,66,3,10,5,1,7,9,1,10,1,12,,81,,1,21,121.5284461,25.0266665
113,8,15,15,6,2,04大安區,大安區和平東路1段與師大路口,0,0,1,2,C03,6,6,5,50,3,1,1,4,4,5,13,2,1,1,4,5,2,15,1,44,2,9,5,1,7,1,1,10,1,11,,44,,1,21,121.5284461,25.0266665
113,8,15,15,33,2,04大安區,大安區仁愛路3段與建國南路1段口,0,0,1,1,B01,6,7,5,50,4,1,1,4,4,5,13,2,1,1,3,5,1,3,1,67,3,10,3,4,7,5,1,4,2,1,,70,,1,21,121.5376603,25.037869
113,8,15,15,33,2,04大安區,大安區仁愛路3段與建國南路1段口,0,0,1,2,H01,6,7,5,50,4,1,1,4,4,5,13,2,1,1,3,5,1,3,1,56,2,9,4,5,8,16,8,20,10,16,,67,,1,22,121.5376603,25.037869
113,8,15,15,34,2,03中山區,中山區八德路2段與安東街口,0,0,1,1,A02,6,7,5,50,14,9,1,4,4,5,13,1,1,5,4,5,2,9,1,57,3,10,7,1,7,9,1,1,1,17,,44,,1,22,121.5414572,25.0469438
113,8,15,15,34,2,03中山區,中山區八德路2段與安東街口,0,0,1,2,H02,6,7,5,50,14,9,1,4,4,5,13,1,1,5,4,5,2,9,1,89,2,9,4,5,7,20,8,20,10,16,,67,,1,22,121.5414572,25.0469438
113,8,15,15,55,2,12內湖區,內湖區金龍路與內湖路2段口,0,0,1,1,B03,6,5,5,50,4,1,1,4,4,5,13,2,1,2,4,4,1,17,4,49,4,11,3,4,7,6,7,19,11,5,,119,,2,22,121.5939495,25.0847564
113,8,15,15,55,2,12內湖區,內湖區金龍路與內湖路2段口,0,0,1,2,C03,6,5,5,50,4,1,1,4,4,5,13,2,1,2,4,4,1,17,1,35,3,10,5,1,7,6,1,10,2,14,,17,,1,21,121.5939495,25.0847564
113,8,15,15,55,2,12內湖區,內湖區金龍路與內湖路2段口,0,0,1,3,H02,6,5,5,50,4,1,1,4,4,5,13,2,1,2,4,4,1,17,1,35,2,8,5,5,7,21,8,20,10,16,,67,,1,21,121.5939495,25.0847564
113,8,15,16,47,2,01大同區,大同區民權西路102巷33弄與民權西路102巷口,0,0,1,1,C03,6,5,5,30,4,2,1,4,4,5,13,4,4,10,5,5,2,17,1,23,2,8,3,4,7,9,1,10,2,11,,72,,1,21,121.5177057,25.0615708
113,8,15,16,47,2,01大同區,大同區民權西路102巷33弄與民權西路102巷口,0,0,1,2,B03,6,5,5,30,4,2,1,4,4,5,13,4,4,10,5,5,2,17,1,31,3,10,3,4,7,9,1,8,2,2,,13,,1,21,121.5177057,25.0615708
113,8,15,16,53,2,05中正區,中正區汀州路1段338號,0,0,1,1,B03,6,6,5,50,14,9,1,4,4,5,13,4,4,5,4,5,2,16,1,56,3,10,7,1,7,1,1,8,1,17,,19,,1,21,121.5125366,25.02660834
113,8,15,16,53,2,05中正區,中正區汀州路1段338號,0,0,1,2,C04,6,6,5,50,14,9,1,4,4,5,13,4,4,5,4,5,2,16,2,50,2,9,5,1,7,9,1,10,1,17,,44,,1,21,121.5125366,25.02660834
113,8,15,16,55,2,04大安區,大安區建國高架道與基隆路高架道口敦化南路匝道往南第36號燈桿,0,0,1,1,B12,6,6,5,40,10,16,1,4,4,5,13,4,4,4,5,5,2,13,1,42,2,8,3,4,7,9,1,8,1,1,,16,,1,21,121.5464696,25.01907893
113,8,15,16,55,2,04大安區,大安區建國高架道與基隆路高架道口敦化南路匝道往南第36號燈桿,0,0,1,2,B03,6,6,5,40,10,16,1,4,4,5,13,4,4,4,5,5,2,13,1,47,3,10,3,4,7,9,1,4,1,1,,16,,1,21,121.5464696,25.01907893
113,8,15,16,55,2,04大安區,大安區建國高架道與基隆路高架道口敦化南路匝道往南第36號燈桿,0,0,1,3,B01,6,6,5,40,10,16,1,4,4,5,13,4,4,4,5,5,2,13,1,53,3,10,3,4,7,15,1,4,1,1,,44,,1,21,121.5464696,25.01907893
113,8,15,16,55,2,04大安區,大安區建國高架道與基隆路高架道口敦化南路匝道往南第36號燈桿,0,0,1,4,B03,6,6,5,40,10,16,1,4,4,5,13,4,4,4,5,5,2,13,1,45,3,10,3,4,7,15,1,8,1,3,,44,,1,21,121.5464696,25.01907893
113,8,15,17,1,2,12內湖區,內湖區南京東路6段與新明路298巷口口,0,0,2,1,B03,7,6,5,50,4,1,1,4,4,5,13,2,1,1,4,5,2,16,1,58,3,10,7,1,7,9,1,8,2,8,,81,,1,21,121.5815717,25.05687649
113,8,15,17,1,2,12內湖區,內湖區南京東路6段與新明路298巷口口,0,0,2,3,H02,7,6,5,50,4,1,1,4,4,5,13,2,1,1,4,5,2,16,1,20,2,9,7,5,7,20,8,20,10,16,,67,,1,21,121.5815717,25.05687649
113,8,15,17,1,2,12內湖區,內湖區南京東路6段與新明路298巷口口,0,0,2,2,B03,7,6,5,50,4,1,1,4,4,5,13,2,1,1,4,5,2,16,1,21,2,9,7,1,7,9,1,8,2,4,,44,,1,21,121.5815717,25.05687649
113,8,15,17,19,2,07信義區,信義區吳興街與吳興街99巷口,0,0,1,2,C03,7,7,5,30,3,1,1,5,4,5,13,4,4,10,5,5,2,17,1,24,3,10,5,1,7,5,1,10,1,17,,72,,1,21,121.5608607,25.0304349
113,8,15,17,19,2,07信義區,信義區吳興街與吳興街99巷口,0,0,1,1,C03,7,7,5,30,3,1,1,5,4,5,13,4,4,10,5,5,2,17,1,21,2,9,5,1,7,9,1,10,1,14,,14,,1,21,121.5608607,25.0304349
113,8,15,17,24,2,04大安區,大安區市民大道4段與延吉街口,0,0,1,1,B03,7,7,5,40,4,1,1,4,4,5,13,2,1,1,3,5,1,17,2,34,3,10,3,4,7,6,1,8,1,17,,44,,1,22,121.5537241,25.0442827
113,8,15,17,24,2,04大安區,大安區市民大道4段與延吉街口,0,0,1,2,C03,7,7,5,40,4,1,1,4,4,5,13,2,1,1,3,5,1,17,1,31,2,9,6,1,7,4,1,10,1,12,,44,,1,22,121.5537241,25.0442827
113,8,15,18,2,2,02萬華區,萬華區萬大路423巷與萬大路423巷63弄口,0,0,1,1,B03,6,7,5,50,3,2,1,4,4,5,13,4,4,5,4,5,2,15,1,54,3,10,7,1,7,9,1,4,1,1,,70,,1,21,121.5008923,25.0215171
113,8,15,18,2,2,02萬華區,萬華區萬大路423巷與萬大路423巷63弄口,0,0,1,2,H01,6,7,5,50,3,2,1,4,4,5,13,4,4,5,4,5,2,15,1,7,2,9,4,1,7,9,8,20,1,16,,44,,1,14,121.5008923,25.0215171
113,8,15,18,10,2,10文山區,文山區羅斯福路6段與羅斯福路6段469巷口口,0,0,1,1,B03,8,6,5,50,5,1,1,5,4,5,13,2,1,1,4,5,2,17,2,45,3,10,7,1,7,5,1,8,1,17,,71,,1,21,121.5396549,24.99011158
113,8,15,18,10,2,10文山區,文山區羅斯福路6段與羅斯福路6段469巷口口,0,0,1,2,C03,8,6,5,50,5,1,1,5,4,5,13,2,1,1,4,5,2,17,1,46,2,9,6,1,7,9,1,10,1,14,,44,,1,21,121.5396549,24.99011158
113,8,15,18,13,2,09北投區,北投區中和街422號,0,0,1,1,C03,7,6,5,50,14,9,1,4,4,5,13,4,4,9,4,4,1,17,1,62,3,10,5,1,7,1,1,10,1,11,,19,,1,21,121.4978555,25.1440497
113,8,15,18,13,2,09北投區,北投區中和街422號,0,0,1,2,C03,7,6,5,50,14,9,1,4,4,5,13,4,4,9,4,4,1,17,1,25,2,9,5,1,7,9,1,10,1,12,,44,,1,21,121.4978555,25.1440497
113,8,15,18,14,2,11南港區,南港區昆陽街157巷17號對面南往北,0,0,1,2,C03,6,6,5,50,14,9,1,4,4,5,13,4,4,9,4,5,2,13,2,29,2,9,5,1,7,12,1,10,9,11,,16,,1,21,121.594765,25.0499073
113,8,15,18,14,2,11南港區,南港區昆陽街157巷17號對面南往北,0,0,1,3,C03,6,6,5,50,14,9,1,4,4,5,13,4,4,9,4,5,2,13,1,23,3,10,5,1,7,12,1,10,9,13,,44,,1,21,121.594765,25.0499073
113,8,15,18,14,2,11南港區,南港區昆陽街157巷17號對面南往北,0,0,1,1,C03,6,6,5,50,14,9,1,4,4,5,13,4,4,9,4,5,2,13,1,49,3,10,5,1,7,12,6,18,9,11,,16,,1,21,121.594765,25.0499073
113,8,15,18,26,2,07信義區,信義區忠孝東路5段68號,0,0,1,1,C03,7,5,5,50,14,9,1,4,4,5,13,1,1,9,4,5,2,17,4,0,,,,,,,,,11,,,119,,2,,121.5665755,25.0410605
113,8,15,18,26,2,07信義區,信義區忠孝東路5段68號,0,0,1,2,C03,7,5,5,50,14,9,1,4,4,5,13,1,1,9,4,5,2,17,1,26,2,9,5,1,7,9,1,10,1,14,,44,,1,21,121.5665755,25.0410605
113,8,15,18,30,2,12內湖區,內湖區潭美街217號,0,0,1,1,C03,7,5,5,50,14,9,1,4,4,5,13,4,4,9,5,5,2,9,1,27,2,9,6,1,7,9,1,10,1,17,,42,,1,21,121.5851207,25.0559136
113,8,15,18,30,2,12內湖區,內湖區潭美街217號,0,0,1,2,H01,7,5,5,50,14,9,1,4,4,5,13,4,4,9,5,5,2,9,2,3,3,10,4,5,8,18,8,20,10,17,,67,,1,21,121.5851207,25.0559136
113,8,15,18,46,2,05中正區,中正區金山南路1段99號,0,0,1,1,B03,7,5,5,50,14,9,1,5,4,5,13,4,4,1,4,5,2,13,2,57,3,10,7,4,7,9,1,8,1,1,,105,,1,22,121.5277187,25.0360085
113,8,15,18,46,2,05中正區,中正區金山南路1段99號,0,0,1,2,B01,7,5,5,50,14,9,1,5,4,5,13,4,4,1,4,5,2,13,1,68,2,6,7,4,7,15,1,4,1,3,1,44,,1,21,121.5277187,25.0360085
113,8,15,18,46,2,05中正區,中正區金山南路1段99號,0,0,1,3,B03,7,5,5,50,14,9,1,5,4,5,13,4,4,1,4,5,2,13,1,31,3,10,7,4,7,14,1,8,1,3,,44,,1,22,121.5277187,25.0360085
113,8,15,18,55,2,06松山區,松山區塔悠路與延壽街口,0,0,2,1,C03,8,5,5,50,3,1,1,5,4,5,13,2,1,1,4,4,2,12,1,58,2,9,6,1,7,8,1,10,1,15,,42,,1,21,121.5694285,25.05735289
113,8,15,18,55,2,06松山區,松山區塔悠路與延壽街口,0,0,2,2,C03,8,5,5,50,3,1,1,5,4,5,13,2,1,1,4,4,2,12,1,27,2,9,6,1,7,9,1,10,1,15,,42,,1,21,121.5694285,25.05735289
113,8,15,19,0,2,08士林區,士林區百齡橋東向西7010191燈桿,0,0,1,1,C03,8,5,5,50,14,9,1,5,4,5,13,4,4,1,4,5,2,35,2,53,2,9,3,4,7,9,1,10,1,11,,118,,1,21,121.511684,25.08793902
113,8,15,19,0,2,08士林區,士林區百齡橋東向西7010191燈桿,0,0,1,2,,8,5,5,50,14,9,1,5,4,5,13,4,4,1,4,5,2,35,3,0,,,,,,,,,,,,67,,1,,121.511684,25.08793902
113,8,15,19,9,2,10文山區,文山區下崙路與光輝路71巷口,0,0,2,1,C03,8,5,5,50,14,9,2,5,4,5,13,3,1,5,5,5,2,9,1,34,2,9,5,4,7,9,1,10,2,14,,14,,1,21,121.5561416,24.9862435
113,8,15,19,9,2,10文山區,文山區下崙路與光輝路71巷口,0,0,2,2,H01,8,5,5,50,14,9,2,5,4,5,13,3,1,5,5,5,2,9,2,52,2,9,4,5,8,16,8,20,10,16,,67,,1,21,121.5561416,24.9862435
113,8,15,19,24,2,06松山區,松山區市民高架道往西(6510954燈桿),0,0,1,1,B03,7,5,5,80,10,9,1,5,4,5,13,4,4,1,4,5,1,13,1,52,3,10,3,4,7,9,1,8,2,1,,108,,1,21,121.5543851,25.04463688
113,8,15,19,24,2,06松山區,松山區市民高架道往西(6510954燈桿),0,0,1,2,C02,7,5,5,80,10,9,1,5,4,5,13,4,4,1,4,5,1,13,1,42,2,8,6,1,7,14,1,9,2,13,,44,,1,21,121.5543851,25.04463688
113,8,15,19,24,2,06松山區,松山區市民高架道往西(6510954燈桿),0,0,1,3,B01,7,5,5,80,10,9,1,5,4,5,13,4,4,1,4,5,1,13,1,34,3,10,3,4,7,14,1,4,2,3,,44,,1,21,121.5543851,25.04463688
113,8,15,20,10,2,12內湖區,內湖區成功路2段與成功路2段486巷口,0,0,1,1,C03,8,5,5,50,3,2,1,4,4,5,13,1,1,1,5,5,1,13,1,29,2,9,3,4,7,9,1,10,1,11,,16,,1,22,121.5893463,25.0731758
113,8,15,20,10,2,12內湖區,內湖區成功路2段與成功路2段486巷口,0,0,1,2,B03,8,5,5,50,3,2,1,4,4,5,13,1,1,1,5,5,1,13,1,60,3,10,3,4,7,14,1,8,1,6,,44,,1,22,121.5893463,25.0731758
113,8,15,20,11,2,06松山區,松山區八德路3段與八德路3段158巷口,0,0,2,1,B02,8,5,5,50,4,1,1,5,4,5,13,2,1,9,4,5,2,17,2,39,3,10,7,1,7,5,1,8,1,8,,44,,1,21,121.555069,25.04806491
113,8,15,20,11,2,06松山區,松山區八德路3段與八德路3段158巷口,0,0,2,2,C03,8,5,5,50,4,1,1,5,4,5,13,2,1,9,4,5,2,17,1,21,2,9,6,1,7,9,1,10,1,14,,81,,1,21,121.555069,25.04806491
113,8,15,20,11,2,06松山區,松山區八德路3段與八德路3段158巷口,0,0,2,3,H02,8,5,5,50,4,1,1,5,4,5,13,2,1,9,4,5,2,17,2,20,2,9,6,5,7,20,8,20,10,16,,67,,1,21,121.555069,25.04806491
113,8,15,21,6,2,07信義區,信義區永吉路30巷與松隆路口,0,0,2,1,C02,8,5,5,50,4,1,1,5,4,5,13,2,1,3,4,5,2,16,1,29,2,7,6,1,7,5,1,9,2,11,,71,,1,21,121.5688112,25.044541
113,8,15,21,6,2,07信義區,信義區永吉路30巷與松隆路口,0,0,2,2,C03,8,5,5,50,4,1,1,5,4,5,13,2,1,3,4,5,2,16,1,39,2,8,6,1,7,9,1,10,2,11,,13,,1,21,121.5688112,25.044541
113,8,15,21,25,2,07信義區,信義區松山路與松隆路口,0,0,2,1,F01,7,5,5,50,4,1,1,5,4,5,13,2,1,1,4,5,1,15,1,14,2,1,3,4,7,9,8,20,1,12,,81,,1,21,121.5776827,25.0479692
113,8,15,21,25,2,07信義區,信義區松山路與松隆路口,0,0,2,2,C03,7,5,5,50,4,1,1,5,4,5,13,2,1,1,4,5,1,15,2,64,2,9,3,4,7,9,1,10,1,11,,44,,1,21,121.5776827,25.0479692
113,8,15,22,18,2,11南港區,南港區南港路2段與南港路2段178巷口,0,0,1,1,B01,8,5,6,50,4,1,1,5,4,5,13,2,1,4,3,4,2,17,1,44,3,10,3,4,7,5,1,4,1,17,,71,,1,21,121.5996791,25.0534428
113,8,15,22,18,2,11南港區,南港區南港路2段與南港路2段178巷口,0,0,1,2,C03,8,5,6,50,4,1,1,5,4,5,13,2,1,4,3,4,2,17,1,18,2,9,3,4,7,9,1,10,1,17,,13,,1,21,121.5996791,25.0534428
113,8,15,22,20,2,07信義區,信義區中坡北路與市民大道6段口,0,0,2,1,C03,7,5,5,50,4,2,1,4,4,5,13,1,1,1,4,4,2,18,2,21,2,9,5,1,7,5,1,10,11,14,,116,,1,21,121.5799636,25.0493479
113,8,15,22,20,2,07信義區,信義區中坡北路與市民大道6段口,0,0,2,2,,7,5,5,50,4,2,1,4,4,5,13,1,1,1,4,4,2,18,3,0,,,,,,,,,,,,67,,1,,121.5799636,25.0493479
113,8,15,22,20,2,07信義區,信義區中坡北路與市民大道6段口,0,0,2,3,H02,7,5,5,50,4,2,1,4,4,5,13,1,1,1,4,4,2,18,2,21,2,9,5,5,7,20,8,20,10,16,,67,,1,21,121.5799636,25.0493479
113,8,15,23,38,2,07信義區,信義區吳興街225巷與莊敬路口,0,0,1,1,B01,8,5,5,50,4,1,1,5,4,5,13,2,1,9,4,5,1,16,1,53,3,10,3,4,7,6,1,4,1,5,,9,,1,22,121.5635537,25.0279809
113,8,15,23,38,2,07信義區,信義區吳興街225巷與莊敬路口,0,0,1,2,C03,8,5,5,50,4,1,1,5,4,5,13,2,1,9,4,5,1,16,1,20,2,9,3,4,7,9,1,10,1,14,,107,,1,22,121.5635537,25.0279809
113,8,16,0,4,2,08士林區,士林區基河路11號,0,0,2,1,C03,8,5,5,50,14,9,1,5,4,5,13,4,4,5,4,5,2,12,2,20,2,7,3,4,7,1,1,10,1,14,,19,,1,22,121.5247981,25.0862626
113,8,16,0,4,2,08士林區,士林區基河路11號,0,0,2,2,C03,8,5,5,50,14,9,1,5,4,5,13,4,4,5,4,5,2,12,1,28,2,7,3,4,7,8,1,10,1,11,,100,,1,22,121.5247981,25.0862626