發生年度,發生月,發生日,發生時-Hours,發生分,處理別-編號,區序,肇事地點,死亡人數,2-30日死亡人數,受傷人數,當事人序號,車種,天候,道路照明設備,道路類別,速限-速度限制,道路型態,事故位置,路面狀況1,路面狀況2,路面狀況3,道路障礙1,道路障礙2,號誌1,號誌2,車道劃分-分向,車道劃分-分道1,車道劃分-分道2,車道劃分-分道3,事故類型及型態,性別,年齡,受傷程度,主要傷處,保護裝置,行動電話,車輛用途,當事者行動狀態,駕駛資格情形,駕駛執照種類,飲酒情形,車輛撞擊部位1,車輛撞擊部位2,肇因碼-個別,肇因碼-主要,個人肇逃否,職業,座標-X,座標-Y
113,8,16,0,12,2,07信義區,信義區光復南路271號,0,0,1,1,C03,8,5,5,50,14,9,1,5,4,5,13,4,4,1,4,5,1,13,1,24,2,9,3,4,7,9,1,10,1,11,,105,,1,22,121.558171,25.0412238
113,8,16,0,12,2,07信義區,信義區光復南路271號,0,0,1,2,B01,8,5,5,50,14,9,1,5,4,5,13,4,4,1,4,5,1,13,1,42,3,10,3,4,7,14,1,4,1,7,,44,,1,22,121.558171,25.0412238
113,8,16,2,0,2,12內湖區,內湖區內湖路2段327號,0,0,1,1,B03,8,5,5,50,14,9,1,5,4,5,13,4,4,10,5,5,2,16,1,22,3,10,7,1,7,5,1,8,2,4,,8,,1,21,121.591441,25.08314
113,8,16,2,0,2,12內湖區,內湖區內湖路2段327號,0,0,1,2,C03,8,5,5,50,14,9,1,5,4,5,13,4,4,10,5,5,2,16,2,62,2,9,5,1,7,9,1,10,2,11,,108,,1,21,121.591441,25.08314
113,8,16,6,48,2,12內湖區,內湖區金湖路347巷60號,0,0,1,1,B02,8,7,5,30,14,9,1,5,4,5,13,4,4,10,5,5,2,16,1,71,3,10,7,1,7,1,1,8,1,1,,19,,1,21,121.6000392,25.07427385
113,8,16,6,48,2,12內湖區,內湖區金湖路347巷60號,0,0,1,2,C03,8,7,5,30,14,9,1,5,4,5,13,4,4,10,5,5,2,16,1,31,2,9,5,1,7,9,1,10,1,11,,44,,1,21,121.6000392,25.07427385
113,8,16,6,48,2,12內湖區,內湖區金湖路347巷60號,0,0,1,3,,8,7,5,30,14,9,1,5,4,5,13,4,4,10,5,5,2,16,3,0,,,,,,,,,9,,,67,,1,,121.6000392,25.07427385
113,8,16,7,30,2,07信義區,信義區松仁路與松勤街口,0,0,2,1,C03,8,6,5,50,4,2,1,5,4,5,13,1,1,4,3,5,2,16,1,72,2,9,6,1,7,6,1,10,1,11,,9,,1,21,121.5683863,25.0318435
113,8,16,7,30,2,07信義區,信義區松仁路與松勤街口,0,0,2,2,C03,8,6,5,50,4,2,1,5,4,5,13,1,1,4,3,5,2,16,1,39,3,10,6,1,7,9,1,10,1,14,,13,,1,21,121.5683863,25.0318435
113,8,16,7,30,2,07信義區,信義區松仁路與松勤街口,0,0,2,3,H02,8,6,5,50,4,2,1,5,4,5,13,1,1,4,3,5,2,16,2,68,2,9,6,5,7,20,8,20,10,16,,67,,1,21,121.5683863,25.0318435
113,8,16,8,15,2,01大同區,大同區鄭州路與塔城街口,0,0,1,1,C03,8,6,5,40,4,1,1,5,4,5,13,2,1,1,4,5,2,17,1,43,3,10,5,4,7,9,1,10,1,11,,107,,1,21,121.5108876,25.0498382
113,8,16,8,15,2,01大同區,大同區鄭州路與塔城街口,0,0,1,2,C03,8,6,5,40,4,1,1,5,4,5,13,2,1,1,4,5,2,17,1,58,2,9,5,4,7,9,1,10,1,13,,101,,1,21,121.5108876,25.0498382
113,8,16,8,29,2,03中山區,中山區天祥路48巷與天祥路口側附近口,0,0,2,1,C03,8,7,5,50,4,1,1,5,4,5,13,4,4,5,4,5,2,13,1,21,2,9,3,4,7,9,1,10,1,13,,44,,1,21,121.5210068,25.0618249
113,8,16,8,29,2,03中山區,中山區天祥路48巷與天祥路口側附近口,0,0,2,2,C03,8,7,5,50,4,1,1,5,4,5,13,4,4,5,4,5,2,13,1,30,2,8,3,4,7,12,1,10,1,13,,44,,1,21,121.5210068,25.0618249
113,8,16,8,30,2,12內湖區,內湖區瑞光路與瑞光路513巷口,0,0,1,1,B03,8,5,5,50,4,19,1,5,4,5,13,2,1,5,4,5,1,3,1,66,3,10,7,1,7,5,1,8,9,8,,70,,1,21,121.5695307,25.0787691
113,8,16,8,30,2,12內湖區,內湖區瑞光路與瑞光路513巷口,0,0,1,2,H01,8,5,5,50,4,19,1,5,4,5,13,2,1,5,4,5,1,3,2,29,2,8,4,5,8,16,8,20,10,16,,67,,1,21,121.5695307,25.0787691
113,8,16,8,35,2,06松山區,松山區民權東路4段121號,0,0,1,1,C03,8,6,5,40,14,8,1,5,4,5,13,1,1,1,4,4,2,13,1,20,3,10,6,4,7,9,1,10,1,11,,14,,1,21,121.5594126,25.06245305
113,8,16,8,35,2,06松山區,松山區民權東路4段121號,0,0,1,2,C03,8,6,5,40,14,8,1,5,4,5,13,1,1,1,4,4,2,13,1,54,2,8,6,4,7,9,1,9,1,13,,44,,1,21,121.5594126,25.06245305
113,8,16,8,45,2,03中山區,中山區松江路與民生東路2段口,0,0,2,1,C03,8,7,5,50,4,2,1,5,4,5,13,1,1,9,4,5,2,12,1,30,2,9,6,1,7,15,1,10,1,14,,16,,1,21,121.5328958,25.05786895
113,8,16,8,45,2,03中山區,中山區松江路與民生東路2段口,0,0,2,2,C03,8,7,5,50,4,2,1,5,4,5,13,1,1,9,4,5,2,12,1,47,2,9,6,1,7,12,1,10,1,12,,44,,1,21,121.5328958,25.05786895
113,8,16,9,20,2,03中山區,中山區建國北路3段與民權東路2段口,0,0,1,1,B02,7,5,6,50,4,2,1,5,4,5,13,2,1,1,4,5,2,9,1,58,3,10,3,4,7,9,1,1,9,17,,44,,1,21,121.53685,25.0625751
113,8,16,9,20,2,03中山區,中山區建國北路3段與民權東路2段口,0,0,1,2,H02,7,5,6,50,4,2,1,5,4,5,13,2,1,1,4,5,2,9,1,62,2,7,3,5,7,20,8,20,10,16,,44,,1,21,121.53685,25.0625751
113,8,16,9,27,2,07信義區,信義區松隆路123巷與松隆路口,0,0,1,1,F01,8,7,5,30,4,1,1,5,4,5,13,4,4,9,5,5,2,17,2,80,2,9,2,1,7,15,8,20,1,14,,98,,1,21,121.5715272,25.0466747
113,8,16,9,27,2,07信義區,信義區松隆路123巷與松隆路口,0,0,1,2,B01,8,7,5,30,4,1,1,5,4,5,13,4,4,9,5,5,2,17,1,41,3,10,7,1,7,6,1,4,1,1,,99,,1,21,121.5715272,25.0466747
113,8,16,9,42,2,06松山區,松山區南京東路5段389巷與寶清街105巷口,0,0,1,1,F07,7,6,5,30,4,1,1,5,4,5,13,4,4,10,5,5,2,15,1,33,3,10,4,1,7,9,8,20,9,11,,4,,1,21,121.5692417,25.0535575
113,8,16,9,42,2,06松山區,松山區南京東路5段389巷與寶清街105巷口,0,0,1,2,C03,7,6,5,30,4,1,1,5,4,5,13,4,4,10,5,5,2,15,2,25,2,9,6,1,7,9,1,10,9,14,,44,,1,22,121.5692417,25.0535575
113,8,16,9,55,2,03中山區,中山區龍江路與龍江路口側附近223巷口,0,0,1,1,C03,8,7,5,30,4,1,1,5,4,5,13,4,4,10,5,5,2,17,2,37,2,9,3,4,7,9,1,10,1,11,,44,,1,21,121.5405957,25.05688463
113,8,16,9,55,2,03中山區,中山區龍江路與龍江路口側附近223巷口,0,0,1,2,B01,8,7,5,30,4,1,1,5,4,5,13,4,4,10,5,5,2,17,1,65,3,10,3,4,7,9,1,4,1,8,,44,,1,21,121.5405957,25.05688463
113,8,16,10,10,2,05中正區,中正區徐州路南側附近臺大醫院急診室前,0,0,1,1,C03,8,6,5,50,22,9,1,5,4,5,13,4,4,10,5,5,1,17,1,19,2,9,6,1,7,1,1,10,2,12,,19,,1,22,121.5202655,25.0414121
113,8,16,10,10,2,05中正區,中正區徐州路南側附近臺大醫院急診室前,0,0,1,2,B01,8,6,5,50,22,9,1,5,4,5,13,4,4,10,5,5,1,17,1,64,3,10,7,1,7,1,1,4,2,8,,19,,1,22,121.5202655,25.0414121
113,8,16,10,40,2,05中正區,中正區衡陽路83號,0,0,1,1,A02,7,7,5,50,14,9,1,5,4,5,13,4,4,10,4,4,2,9,1,63,3,10,7,1,7,14,1,2,2,17,,40,,1,21,121.5108254,25.04228035
113,8,16,10,40,2,05中正區,中正區衡陽路83號,0,0,1,2,H02,7,7,5,50,14,9,1,5,4,5,13,4,4,10,4,4,2,9,2,62,2,1,4,5,7,19,8,20,10,16,,67,,1,21,121.5108254,25.04228035
113,8,16,10,50,2,08士林區,士林區中正路與文昌路口,0,0,2,1,C03,8,7,5,50,4,1,1,5,4,5,13,1,1,1,5,5,1,16,2,22,2,9,5,1,7,9,1,10,1,11,,44,,1,21,121.5215608,25.0943919
113,8,16,10,50,2,08士林區,士林區中正路與文昌路口,0,0,2,2,C03,8,7,5,50,4,1,1,5,4,5,13,1,1,1,5,5,1,16,2,67,2,9,5,1,7,5,1,10,1,14,,44,,1,21,121.5215608,25.0943919
113,8,16,11,27,2,05中正區,中正區重慶南路1段與衡陽路口,0,0,1,1,B01,8,6,5,50,4,1,1,5,4,5,13,1,1,5,4,5,2,17,1,48,3,10,7,1,7,6,1,4,9,17,,44,,1,21,121.5131266,25.0423212
113,8,16,11,27,2,05中正區,中正區重慶南路1段與衡陽路口,0,0,1,2,C03,8,6,5,50,4,1,1,5,4,5,13,1,1,5,4,5,2,17,2,24,2,8,6,1,7,9,1,10,9,11,,44,,1,21,121.5131266,25.0423212
113,8,16,11,27,2,05中正區,中正區重慶南路1段與衡陽路口,0,0,1,3,C03,8,6,5,50,4,1,1,5,4,5,13,1,1,5,4,5,2,17,1,28,3,10,6,1,7,9,1,10,9,11,,44,,1,21,121.5131266,25.0423212
113,8,16,11,43,2,08士林區,士林區承德路5段與承德路5段150巷口口,0,0,1,1,C03,8,6,5,50,4,1,1,5,4,5,13,2,1,10,4,4,2,12,1,21,3,10,6,1,7,7,1,10,1,12,,101,,1,21,121.5131549,25.09781019
113,8,16,11,43,2,08士林區,士林區承德路5段與承德路5段150巷口口,0,0,1,2,C03,8,6,5,50,4,1,1,5,4,5,13,2,1,10,4,4,2,12,1,74,2,1,6,1,7,9,1,10,1,14,,44,,1,21,121.5131549,25.09781019
113,8,16,12,24,2,08士林區,士林區社中街346巷與社中街346巷2弄口,0,0,1,1,C03,8,6,5,30,4,1,1,5,4,5,13,4,4,10,5,5,1,15,1,36,2,9,5,1,7,9,1,8,2,11,,72,,1,21,121.5045507,25.09257827
113,8,16,12,24,2,08士林區,士林區社中街346巷與社中街346巷2弄口,0,0,1,2,B03,8,6,5,30,4,1,1,5,4,5,13,4,4,10,5,5,1,15,1,59,3,10,7,1,7,9,1,8,2,5,,108,,1,21,121.5045507,25.09257827
113,8,16,13,10,2,10文山區,文山區木柵路2段與興隆路4段口,0,0,2,1,C03,8,7,5,50,4,1,1,5,4,5,13,1,1,10,5,5,2,15,1,33,2,9,5,1,7,9,1,9,2,11,,44,,1,21,121.5600561,24.9887679
113,8,16,13,10,2,10文山區,文山區木柵路2段與興隆路4段口,0,0,2,2,F02,8,7,5,50,4,1,1,5,4,5,13,1,1,10,5,5,2,15,1,89,2,9,4,1,7,9,8,20,2,11,,81,,1,21,121.5600561,24.9887679
113,8,16,13,50,2,08士林區,士林區社中街250巷與社中街210巷21弄口,0,0,1,1,C03,8,6,5,30,4,1,1,5,4,5,13,4,4,10,5,5,1,15,2,47,2,2,5,1,7,9,1,10,2,11,,14,,1,21,121.5076811,25.09226291
113,8,16,13,50,2,08士林區,士林區社中街250巷與社中街210巷21弄口,0,0,1,2,B12,8,6,5,30,4,1,1,5,4,5,13,4,4,10,5,5,1,15,1,39,3,10,7,1,7,9,1,8,2,8,,14,,1,21,121.5076811,25.09226291
113,8,16,13,57,2,06松山區,松山區光復南路22巷與光復南路口,0,0,1,1,B03,8,5,5,30,3,1,1,5,4,5,13,4,4,7,4,5,2,15,2,23,3,10,3,4,7,9,1,8,2,8,,80,,1,22,121.5577325,25.04716209
113,8,16,13,57,2,06松山區,松山區光復南路22巷與光復南路口,0,0,1,2,F01,8,5,5,30,3,1,1,5,4,5,13,4,4,7,4,5,2,15,1,77,2,9,3,4,7,9,8,20,2,14,,42,,1,22,121.5577325,25.04716209
113,8,16,14,0,2,03中山區,中山區吉林路與農安街口,0,0,1,1,B01,8,6,5,50,4,1,1,5,4,5,13,1,1,5,5,5,2,17,1,61,3,10,3,4,7,5,1,4,1,5,,71,,1,22,121.5304032,25.0648627
113,8,16,14,0,2,03中山區,中山區吉林路與農安街口,0,0,1,2,C03,8,6,5,50,4,1,1,5,4,5,13,1,1,5,5,5,2,17,1,33,2,9,5,1,7,9,1,10,1,11,,44,,1,22,121.5304032,25.0648627
113,8,16,14,15,2,06松山區,松山區復興北路361巷與民權東路3段106巷口,0,0,2,1,C03,8,6,5,30,4,1,1,5,4,5,13,4,4,9,4,5,2,15,2,54,2,9,6,1,7,9,1,10,1,11,,72,,1,21,121.5448931,25.06045687
113,8,16,14,15,2,06松山區,松山區復興北路361巷與民權東路3段106巷口,0,0,2,2,C03,8,6,5,30,4,1,1,5,4,5,13,4,4,9,4,5,2,15,1,64,2,9,6,1,7,9,1,10,1,14,,108,,1,21,121.5448931,25.06045687
113,8,16,14,25,2,12內湖區,內湖區內湖路1段與內湖路1段285巷口口,0,0,1,1,B03,8,6,5,50,3,18,1,5,4,5,13,2,1,10,4,5,2,3,1,38,3,10,7,1,7,6,1,8,1,5,,70,,1,21,121.5668743,25.08223219
113,8,16,14,25,2,12內湖區,內湖區內湖路1段與內湖路1段285巷口口,0,0,1,2,H01,8,6,5,50,3,18,1,5,4,5,13,2,1,10,4,5,2,3,2,42,2,8,4,5,8,16,8,20,10,16,,67,,1,21,121.5668743,25.08223219
113,8,16,14,41,2,04大安區,大安區敦化南路1段295巷與仁愛路4段112巷口口,0,0,1,1,B03,8,6,5,30,4,1,1,5,4,5,13,4,4,10,5,5,2,15,1,41,3,10,7,1,7,9,1,8,1,5,,75,,1,21,121.5496606,25.0354852
113,8,16,14,41,2,04大安區,大安區敦化南路1段295巷與仁愛路4段112巷口口,0,0,1,2,C03,8,6,5,30,4,1,1,5,4,5,13,4,4,10,5,5,2,15,1,29,2,8,5,1,7,9,1,9,1,11,,14,,1,21,121.5496606,25.0354852
113,8,16,14,54,2,01大同區,大同區長安西路與長安西路138巷口,0,0,2,1,B01,7,6,5,50,3,1,1,5,4,5,13,4,4,5,4,5,2,17,1,41,3,10,3,4,7,5,1,3,1,1,,8,,1,22,121.517721,25.0506846
113,8,16,14,54,2,01大同區,大同區長安西路與長安西路138巷口,0,0,2,2,C03,7,6,5,50,3,1,1,5,4,5,13,4,4,5,4,5,2,17,1,22,2,9,6,4,7,9,1,10,1,14,,44,,1,22,121.517721,25.0506846
113,8,16,14,54,2,01大同區,大同區長安西路與長安西路138巷口,0,0,2,3,H02,7,6,5,50,3,1,1,5,4,5,13,4,4,5,4,5,2,17,2,22,2,9,6,5,7,20,8,20,10,16,,67,,1,22,121.517721,25.0506846
113,8,16,15,26,2,03中山區,中山區龍江路與龍江路100巷口,0,0,1,1,C03,8,7,5,30,3,1,1,5,4,5,13,4,4,10,5,5,2,16,1,35,3,10,6,1,7,5,1,10,1,11,,72,,1,21,121.5404433,25.0525297
113,8,16,15,26,2,03中山區,中山區龍江路與龍江路100巷口,0,0,1,2,C03,8,7,5,30,3,1,1,5,4,5,13,4,4,10,5,5,2,16,1,86,2,9,5,1,7,9,1,10,1,12,,44,,1,21,121.5404433,25.0525297
113,8,16,15,38,2,04大安區,大安區和平東路3段與安和路2段口,0,0,1,1,B11,8,6,5,50,3,2,1,5,4,5,13,2,1,1,4,5,2,13,1,44,3,10,3,4,7,9,6,8,1,1,,108,,1,21,121.5499978,25.0244509
113,8,16,15,38,2,04大安區,大安區和平東路3段與安和路2段口,0,0,1,2,C03,8,6,5,50,3,2,1,5,4,5,13,2,1,1,4,5,2,13,1,49,2,9,5,1,7,15,1,10,1,13,,44,,1,21,121.5499978,25.0244509
113,8,16,16,4,2,04大安區,大安區和平東路1段與新生南路3段口,0,0,2,1,C03,8,6,5,50,4,4,1,5,4,5,13,1,1,10,5,5,2,13,1,18,2,9,5,1,7,12,1,10,1,11,,108,,1,21,121.5346916,25.02598047
113,8,16,16,4,2,04大安區,大安區和平東路1段與新生南路3段口,0,0,2,2,C03,8,6,5,50,4,4,1,5,4,5,13,1,1,10,5,5,2,13,1,29,2,9,5,1,7,12,1,10,1,13,,44,,1,21,121.5346916,25.02598047
113,8,16,16,21,2,01大同區,大同區民權西路與蘭州街口,0,0,1,1,C03,7,6,5,50,4,1,1,5,4,5,13,2,1,1,4,5,2,13,2,60,3,10,6,4,7,9,1,10,1,12,,16,,1,22,121.5149942,25.0630811
113,8,16,16,21,2,01大同區,大同區民權西路與蘭州街口,0,0,1,2,C03,7,6,5,50,4,1,1,5,4,5,13,2,1,1,4,5,2,13,1,34,2,8,6,4,7,9,1,10,1,14,,44,,1,22,121.5149942,25.0630811
113,8,16,16,21,2,01大同區,大同區民權西路與蘭州街口,0,0,1,3,C03,7,6,5,50,4,1,1,5,4,5,13,2,1,1,4,5,2,13,1,45,3,10,6,4,7,9,1,9,1,12,,44,,1,22,121.5149942,25.0630811
113,8,16,16,30,2,09北投區,北投區立農街2段與立農街2段202巷口,0,0,1,1,C03,8,6,5,50,4,2,1,5,4,5,13,2,1,5,5,5,2,14,2,55,3,10,5,1,7,2,1,10,1,13,,12,,1,21,121.5141342,25.1188583
113,8,16,16,30,2,09北投區,北投區立農街2段與立農街2段202巷口,0,0,1,2,C03,8,6,5,50,4,2,1,5,4,5,13,2,1,5,5,5,2,14,2,65,2,9,5,1,7,14,1,10,1,11,,44,,1,21,121.5141342,25.1188583
113,8,16,17,20,2,12內湖區,內湖區石潭路88號,0,0,1,1,B03,8,6,5,0,14,9,1,5,4,5,13,4,4,10,5,5,2,17,1,21,3,10,7,1,7,1,1,8,1,5,,19,,1,21,121.588228,25.0629352
113,8,16,17,20,2,12內湖區,內湖區石潭路88號,0,0,1,2,C03,8,6,5,0,14,9,1,5,4,5,13,4,4,10,5,5,2,17,2,32,2,9,5,1,7,9,1,10,1,11,,44,,1,21,121.588228,25.0629352
113,8,16,17,25,2,01大同區,大同區民權西路與蘭州街口,0,0,2,1,C03,8,6,5,50,5,1,1,5,4,5,13,2,1,1,2,5,2,13,1,18,2,9,6,1,7,9,1,10,2,11,,108,,1,21,121.514511,25.0629028
113,8,16,17,25,2,01大同區,大同區民權西路與蘭州街口,0,0,2,2,B12,8,6,5,50,5,1,1,5,4,5,13,2,1,1,2,5,2,13,1,46,3,10,7,1,7,14,1,8,2,6,,44,,1,21,121.514511,25.0629028
113,8,16,17,25,2,01大同區,大同區民權西路與蘭州街口,0,0,2,3,C03,8,6,5,50,5,1,1,5,4,5,13,2,1,1,2,5,2,13,1,51,2,8,6,1,7,9,1,10,2,14,,44,,1,21,121.514511,25.0629028
113,8,16,17,32,2,09北投區,北投區致遠一路2段與致遠一路2段70巷口,0,0,3,1,F01,8,6,5,50,14,9,1,5,4,5,13,4,4,9,4,5,2,16,2,80,2,8,2,1,7,5,8,20,1,14,,80,,1,21,121.5135769,25.1121433
113,8,16,17,32,2,09北投區,北投區致遠一路2段與致遠一路2段70巷口,0,0,3,2,C03,8,6,5,50,14,9,1,5,4,5,13,4,4,9,4,5,2,16,1,43,2,7,5,1,7,9,1,10,1,11,,44,,1,21,121.5135769,25.1121433
113,8,16,17,32,2,09北投區,北投區致遠一路2段與致遠一路2段70巷口,0,0,3,3,H02,8,6,5,50,14,9,1,5,4,5,13,4,4,9,4,5,2,16,1,6,2,9,2,5,7,20,8,20,10,16,,67,,1,21,121.5135769,25.1121433
113,8,16,17,35,2,04大安區,大安區和平東路3段與基隆路2段口,0,0,1,1,B03,8,5,5,50,5,1,1,5,4,5,13,1,1,10,5,5,2,17,4,0,4,11,3,4,7,21,7,19,11,15,,119,,2,21,121.5522179,25.0242736
113,8,16,17,35,2,04大安區,大安區和平東路3段與基隆路2段口,0,0,1,2,C03,8,5,5,50,5,1,1,5,4,5,13,1,1,10,5,5,2,17,1,20,2,8,5,1,7,14,1,10,1,14,,44,,1,21,121.5522179,25.0242736
113,8,16,17,50,2,02萬華區,萬華區桂林路與康定路口,0,0,1,1,C03,8,7,5,50,4,1,1,5,4,5,13,1,1,4,3,5,2,11,1,19,3,10,6,1,7,15,1,10,1,12,,44,,1,22,121.5017633,25.038392
113,8,16,17,50,2,02萬華區,萬華區桂林路與康定路口,0,0,1,2,C03,8,7,5,50,4,1,1,5,4,5,13,1,1,4,3,5,2,11,1,60,2,9,6,1,7,9,1,10,1,11,,44,,1,22,121.5017633,25.038392
113,8,16,18,39,2,12內湖區,內湖區康樂街72巷13號,0,0,2,1,C03,8,5,5,50,14,9,1,5,4,5,13,4,4,9,5,5,2,11,1,59,2,8,5,1,7,11,1,10,1,12,,80,,1,21,121.6182387,25.0695334
113,8,16,18,39,2,12內湖區,內湖區康樂街72巷13號,0,0,2,2,C03,8,5,5,50,14,9,1,5,4,5,13,4,4,9,5,5,2,11,1,48,2,9,5,1,7,9,1,10,1,14,,44,,1,21,121.6182387,25.0695334
113,8,16,18,50,2,05中正區,中正區中華路2段333號,0,0,2,1,C03,8,5,5,40,14,7,1,5,4,5,13,4,4,9,4,4,2,12,1,64,2,9,5,1,7,9,1,10,1,14,,101,,1,21,121.5066052,25.0272799
113,8,16,18,50,2,05中正區,中正區中華路2段333號,0,0,2,2,C03,8,5,5,40,14,7,1,5,4,5,13,4,4,9,4,4,2,12,1,30,2,9,5,1,7,9,1,10,1,11,,44,,1,21,121.5066052,25.0272799
113,8,16,18,50,2,12內湖區,內湖區民權東路6段19巷與瑞光路76巷口,0,0,2,1,C03,8,5,5,50,4,1,1,5,4,5,13,2,1,9,4,5,2,16,2,37,2,9,6,1,7,5,1,10,1,11,,71,,1,21,121.5795799,25.0694306
113,8,16,18,50,2,12內湖區,內湖區民權東路6段19巷與瑞光路76巷口,0,0,2,2,C03,8,5,5,50,4,1,1,5,4,5,13,2,1,9,4,5,2,16,1,31,2,9,6,1,7,9,1,10,1,11,,44,,1,21,121.5795799,25.0694306
113,8,16,18,58,2,02萬華區,萬華區雙園街66號,0,0,1,1,C03,8,5,5,50,14,9,1,5,4,5,13,4,4,5,5,5,2,17,1,36,3,10,5,1,7,1,3,18,1,11,,19,,1,26,121.4938641,25.03020353
113,8,16,18,58,2,02萬華區,萬華區雙園街66號,0,0,1,2,C03,8,5,5,50,14,9,1,5,4,5,13,4,4,5,5,5,2,17,1,33,3,10,6,1,7,9,1,10,1,12,,44,,1,26,121.4938641,25.03020353
113,8,16,18,58,2,02萬華區,萬華區雙園街66號,0,0,1,3,H02,8,5,5,50,14,9,1,5,4,5,13,4,4,5,5,5,2,17,2,32,2,8,6,5,7,20,8,20,10,16,,67,,1,26,121.4938641,25.03020353
113,8,16,19,5,2,11南港區,南港區興中路與南港路1段口口,0,0,2,1,B03,8,5,5,50,4,2,1,5,4,5,13,1,1,5,4,5,2,15,1,48,2,1,7,1,7,9,1,8,2,2,,44,,1,21,121.607495,25.0545312
113,8,16,19,5,2,11南港區,南港區興中路與南港路1段口口,0,0,2,2,C03,8,5,5,50,4,2,1,5,4,5,13,1,1,5,4,5,2,15,1,79,5,9,6,1,7,9,6,10,1,11,,81,,1,21,121.607495,25.0545312
113,8,16,19,20,2,03中山區,中山區大直街與北安路口,0,0,1,1,C03,8,5,5,50,4,1,1,5,4,5,13,2,1,7,2,5,2,17,1,72,2,9,5,1,7,5,1,10,1,17,,16,,1,21,121.5470735,25.0798788
113,8,16,19,20,2,03中山區,中山區大直街與北安路口,0,0,1,2,C03,8,5,5,50,4,1,1,5,4,5,13,2,1,7,2,5,2,17,1,22,3,10,5,1,7,5,1,10,1,17,,16,,1,21,121.5470735,25.0798788
113,8,16,19,40,2,10文山區,文山區信義快速道路(北往南）,0,0,2,1,A02,8,5,5,50,14,9,1,5,4,5,13,4,4,1,4,5,1,9,1,58,3,10,7,1,7,9,1,2,1,17,,16,,1,21,121.5782552,25.0020249
113,8,16,19,40,2,10文山區,文山區信義快速道路(北往南）,0,0,2,2,H02,8,5,5,50,14,9,1,5,4,5,13,4,4,1,4,5,1,9,2,30,2,9,2,5,7,17,8,20,10,16,,58,,1,21,121.5782552,25.0020249
113,8,16,19,40,2,10文山區,文山區信義快速道路(北往南）,0,0,2,3,H02,8,5,5,50,14,9,1,5,4,5,13,4,4,1,4,5,1,9,2,40,2,9,3,5,7,17,8,20,10,16,,58,,1,21,121.5782552,25.0020249
113,8,16,19,45,2,03中山區,中山區北安路47號,0,0,2,1,C03,7,5,5,0,14,9,1,5,4,5,13,4,4,1,3,5,1,17,1,21,2,9,6,1,7,9,1,10,1,11,,108,,1,21,121.5282877,25.07759339
113,8,16,19,45,2,03中山區,中山區北安路47號,0,0,2,2,B03,7,5,5,0,14,9,1,5,4,5,13,4,4,1,3,5,1,17,1,51,3,10,7,1,7,6,1,8,1,7,,44,,1,21,121.5282877,25.07759339
113,8,16,19,45,2,03中山區,中山區北安路47號,0,0,2,3,B03,7,5,5,0,14,9,1,5,4,5,13,4,4,1,3,5,1,17,2,30,3,10,7,1,7,9,1,8,1,2,,44,,1,21,121.5282877,25.07759339
113,8,16,19,45,2,03中山區,中山區北安路47號,0,0,2,4,H02,7,5,5,0,14,9,1,5,4,5,13,4,4,1,3,5,1,17,2,21,2,8,6,5,7,17,8,20,10,16,,67,,1,21,121.5282877,25.07759339
113,8,16,20,0,2,06松山區,松山區敦化北路與敦化北路4巷口,0,0,1,1,C03,8,5,5,50,4,1,1,5,4,5,13,3,1,8,3,4,2,18,1,23,2,9,6,1,7,15,1,10,1,12,,44,,1,21,121.5487244,25.0500406
113,8,16,20,0,2,06松山區,松山區敦化北路與敦化北路4巷口,0,0,1,2,,8,5,5,50,4,1,1,5,4,5,13,3,1,8,3,4,2,18,3,0,,,,,,,,,10,,,67,,,,121.5487244,25.0500406
113,8,16,20,30,2,09北投區,北投區中央南路1段與光明路口,0,0,2,1,C03,8,5,5,50,4,1,1,5,4,5,13,3,1,9,4,5,1,15,1,69,2,7,5,1,7,9,1,10,2,11,,72,,1,21,121.5015249,25.133134
113,8,16,20,30,2,09北投區,北投區中央南路1段與光明路口,0,0,2,2,C03,8,5,5,50,4,1,1,5,4,5,13,3,1,9,4,5,1,15,1,19,2,7,6,1,7,9,1,10,2,12,,44,,1,21,121.5015249,25.133134
113,8,16,20,58,2,02萬華區,萬華區柳州街與桂林路口,0,0,2,1,C03,8,5,5,50,4,1,1,5,4,5,13,2,1,5,5,5,2,16,2,23,2,9,5,1,7,6,1,10,1,12,,101,,1,21,121.5051856,25.03774947
113,8,16,20,58,2,02萬華區,萬華區柳州街與桂林路口,0,0,2,2,C03,8,5,5,50,4,1,1,5,4,5,13,2,1,5,5,5,2,16,2,22,2,9,6,1,7,9,1,10,1,11,,44,,1,21,121.5051856,25.03774947
113,8,16,21,5,2,04大安區,大安區辛亥路3段與基隆路3段口,0,0,1,1,C03,8,5,5,50,4,2,1,5,4,5,13,2,1,3,4,5,2,17,2,23,3,10,5,1,7,6,1,10,1,12,,101,,1,21,121.5465376,25.0189625
113,8,16,21,5,2,04大安區,大安區辛亥路3段與基隆路3段口,0,0,1,2,C03,8,5,5,50,4,2,1,5,4,5,13,2,1,3,4,5,2,17,2,55,2,9,5,1,7,9,1,10,1,14,,44,,1,21,121.5465376,25.0189625