發生年度,發生月,發生日,發生時-Hours,發生分,處理別-編號,區序,肇事地點,死亡人數,2-30日死亡人數,受傷人數,當事人序號,車種,天候,道路照明設備,道路類別,速限-速度限制,道路型態,事故位置,路面狀況1,路面狀況2,路面狀況3,道路障礙1,道路障礙2,號誌1,號誌2,車道劃分-分向,車道劃分-分道1,車道劃分-分道2,車道劃分-分道3,事故類型及型態,性別,年齡,受傷程度,主要傷處,保護裝置,行動電話,車輛用途,當事者行動狀態,駕駛資格情形,駕駛執照種類,飲酒情形,車輛撞擊部位1,車輛撞擊部位2,肇因碼-個別,肇因碼-主要,個人肇逃否,職業,座標-X,座標-Y
113,8,16,21,20,2,12內湖區,內湖區康樂街與康樂街201巷口,0,0,1,2,B01,8,5,5,50,3,2,1,5,4,5,13,4,4,8,3,5,1,17,1,33,3,10,7,1,7,15,1,8,2,17,,118,,1,21,121.6223408,25.0765384
113,8,16,21,20,2,12內湖區,內湖區康樂街與康樂街201巷口,0,0,1,1,C03,8,5,5,50,3,2,1,5,4,5,13,4,4,8,3,5,1,17,1,43,3,10,6,1,7,9,1,10,2,17,,118,,1,21,121.6223408,25.0765384
113,8,16,21,20,2,12內湖區,內湖區康樂街與康樂街201巷口,0,0,1,3,H02,8,5,5,50,3,2,1,5,4,5,13,4,4,8,3,5,1,17,1,8,2,8,5,5,7,20,8,20,10,16,,67,,1,21,121.6223408,25.0765384
113,8,16,22,30,2,11南港區,南港區南港路1段與研究院路1段口,0,0,2,1,B03,8,5,5,50,14,9,1,5,4,5,13,4,4,5,4,5,2,12,1,64,3,10,7,1,7,8,1,8,1,4,,100,,1,21,121.6168588,25.0550298
113,8,16,22,30,2,11南港區,南港區南港路1段與研究院路1段口,0,0,2,2,C03,8,5,5,50,14,9,1,5,4,5,13,4,4,5,4,5,2,12,1,25,2,7,5,1,7,9,1,10,1,12,,17,,1,21,121.6168588,25.0550298
113,8,16,22,30,2,11南港區,南港區南港路1段與研究院路1段口,0,0,2,3,H02,8,5,5,50,14,9,1,5,4,5,13,4,4,5,4,5,2,12,2,21,2,8,5,5,7,17,8,20,10,17,,67,,1,21,121.6168588,25.0550298
113,8,16,22,40,2,12內湖區,內湖區洲子街與內湖路1段518巷口,0,0,1,1,B03,8,5,5,50,4,1,1,5,4,5,13,1,1,5,4,5,2,3,2,44,3,10,7,1,7,5,1,8,2,1,,16,,1,21,121.5735813,25.0791794
113,8,16,22,40,2,12內湖區,內湖區洲子街與內湖路1段518巷口,0,0,1,2,H01,8,5,5,50,4,1,1,5,4,5,13,1,1,5,4,5,2,3,2,28,2,9,4,5,8,16,8,20,1,16,,121,,1,21,121.5735813,25.0791794
113,8,16,23,19,2,04大安區,大安區基隆路2段與臨江街口,0,0,1,1,B01,7,5,5,50,3,2,1,5,4,5,13,4,4,1,4,5,2,16,1,52,3,10,7,1,7,7,1,4,1,2,,100,,1,21,121.5573065,25.0293435
113,8,16,23,19,2,04大安區,大安區基隆路2段與臨江街口,0,0,1,2,C03,7,5,5,50,3,2,1,5,4,5,13,4,4,1,4,5,2,16,1,18,2,9,5,1,7,13,1,10,1,14,,44,,1,21,121.5573065,25.0293435
113,8,16,23,52,2,04大安區,大安區辛亥路3段與基隆路3段口口,0,0,2,1,C03,8,5,5,50,5,1,1,5,4,5,13,2,1,1,4,5,2,15,1,22,2,9,5,1,7,9,1,10,1,12,,85,,1,21,121.5468004,25.0193999
113,8,16,23,52,2,04大安區,大安區辛亥路3段與基隆路3段口口,0,0,2,2,C03,8,5,5,50,5,1,1,5,4,5,13,2,1,1,4,5,2,15,1,18,2,9,5,1,7,9,1,10,1,11,,44,,1,21,121.5468004,25.0193999
113,8,17,0,21,2,10文山區,文山區木新路2段18號前,0,0,1,1,C03,8,5,5,50,14,9,1,5,4,5,13,4,4,5,4,5,2,3,1,27,3,10,5,1,7,9,1,10,1,11,,107,,1,21,121.5706951,24.9867999
113,8,17,0,21,2,10文山區,文山區木新路2段18號前,0,0,1,2,H01,8,5,5,50,14,9,1,5,4,5,13,4,4,5,4,5,2,3,1,34,2,9,4,5,8,16,8,20,10,16,,121,,1,21,121.5706951,24.9867999
113,8,17,3,0,2,03中山區,中山區建國北路1段與長安東路2段口,0,0,1,1,B01,7,5,5,50,4,2,1,5,4,5,13,2,1,3,4,5,2,12,1,57,3,10,3,4,7,7,1,4,1,4,,44,,1,21,121.5369677,25.048748
113,8,17,3,0,2,03中山區,中山區建國北路1段與長安東路2段口,0,0,1,2,C03,7,5,5,50,4,2,1,5,4,5,13,2,1,3,4,5,2,12,1,25,2,9,3,4,7,8,1,10,1,12,,44,,1,21,121.5369677,25.048748
113,8,17,5,57,2,07信義區,信義區吳興街156巷與信安街口,0,0,1,1,C03,8,6,5,30,3,2,1,5,4,5,13,2,1,5,4,5,2,18,1,26,2,9,5,1,7,5,1,10,9,12,,44,,1,21,121.5580856,25.0285844
113,8,17,5,57,2,07信義區,信義區吳興街156巷與信安街口,0,0,1,2,,8,6,5,30,3,2,1,5,4,5,13,2,1,5,4,5,2,18,3,0,,,,,,,,,,,,67,,1,,121.5580856,25.0285844
113,8,17,6,10,2,02萬華區,萬華區華中橋堤外便道往水快轉彎處,0,0,2,1,B03,8,5,8,50,22,22,1,5,4,5,13,4,4,10,5,5,2,17,1,22,3,10,3,4,7,6,1,8,1,6,,80,,1,21,121.4983194,25.0161847
113,8,17,6,10,2,02萬華區,萬華區華中橋堤外便道往水快轉彎處,0,0,2,2,C03,8,5,8,50,22,22,1,5,4,5,13,4,4,10,5,5,2,17,2,22,2,8,3,4,7,9,6,18,1,11,,44,,1,21,121.4983194,25.0161847
113,8,17,6,10,2,02萬華區,萬華區華中橋堤外便道往水快轉彎處,0,0,2,3,H02,8,5,8,50,22,22,1,5,4,5,13,4,4,10,5,5,2,17,2,27,2,8,3,5,7,21,8,20,10,16,,67,,1,22,121.4983194,25.0161847
113,8,17,7,34,2,08士林區,士林區社正路與社正路87巷口,0,0,1,1,B03,8,5,5,50,14,9,1,5,4,5,13,4,4,10,3,5,1,16,1,48,3,10,7,1,7,5,1,8,1,4,,8,,1,21,121.5111012,25.0889974
113,8,17,7,34,2,08士林區,士林區社正路與社正路87巷口,0,0,1,2,C03,8,5,5,50,14,9,1,5,4,5,13,4,4,10,3,5,1,16,1,44,2,9,5,1,7,9,1,10,1,12,,44,,1,21,121.5111012,25.0889974
113,8,17,7,45,2,03中山區,中山區北安路139號,0,0,1,1,B03,7,7,5,50,14,9,1,5,4,5,13,4,4,1,4,5,2,12,1,33,3,10,7,1,7,4,1,8,1,2,,42,,1,21,121.5320104,25.07813639
113,8,17,7,45,2,03中山區,中山區北安路139號,0,0,1,2,C03,7,7,5,50,14,9,1,5,4,5,13,4,4,1,4,5,2,12,1,37,2,9,5,1,7,9,1,10,1,14,,44,,1,21,121.5320104,25.07813639
113,8,17,8,10,2,08士林區,士林區萬溪產業道路1103686燈桿,0,0,1,1,B01,6,6,5,30,11,9,1,4,4,5,13,4,4,10,5,5,1,17,1,64,3,10,3,4,7,9,1,4,1,8,,5,,1,21,121.5927525,25.1260788
113,8,17,8,10,2,08士林區,士林區萬溪產業道路1103686燈桿,0,0,1,2,F01,6,6,5,30,11,9,1,4,4,5,13,4,4,10,5,5,1,17,1,31,2,9,4,4,7,9,8,20,1,15,,116,,1,21,121.5927525,25.1260788
113,8,17,8,36,2,10文山區,文山區忠順街1段9巷與光輝路口,0,0,2,1,C03,8,6,5,50,4,1,1,5,4,5,13,4,4,10,5,5,2,15,1,49,2,9,3,4,7,9,1,10,2,11,,14,,1,21,121.5566202,24.9849824
113,8,17,8,36,2,10文山區,文山區忠順街1段9巷與光輝路口,0,0,2,2,C03,8,6,5,50,4,1,1,5,4,5,13,4,4,10,5,5,2,15,1,32,2,9,5,4,7,9,1,10,2,14,,44,,1,21,121.5566202,24.9849824
113,8,17,8,36,2,10文山區,文山區忠順街1段9巷與光輝路口,0,0,2,3,B03,8,6,5,50,4,1,1,5,4,5,13,4,4,10,5,5,2,15,1,24,3,10,3,4,7,13,1,8,1,3,,44,,1,21,121.5566202,24.9849824
113,8,17,8,36,2,11南港區,南港區松河街368號對面西往東,0,0,2,1,C03,8,6,5,40,14,9,1,5,4,5,13,4,4,9,4,5,2,16,1,69,2,7,5,1,7,1,1,10,1,14,,19,,1,21,121.587103,25.0541729
113,8,17,8,36,2,11南港區,南港區松河街368號對面西往東,0,0,2,2,C03,8,6,5,40,14,9,1,5,4,5,13,4,4,9,4,5,2,16,2,33,2,9,5,1,7,9,1,10,1,12,,16,,1,21,121.587103,25.0541729
113,8,17,8,50,2,05中正區,中正區桃源街與貴陽街1段口,0,0,1,1,C03,8,6,5,50,4,1,1,5,4,5,13,1,1,10,5,5,2,16,2,48,3,10,6,1,7,5,1,10,2,12,,44,,1,22,121.5101187,25.0390326
113,8,17,8,50,2,05中正區,中正區桃源街與貴陽街1段口,0,0,1,2,C03,8,6,5,50,4,1,1,5,4,5,13,1,1,10,5,5,2,16,1,22,2,9,5,1,7,9,1,10,2,11,,44,,1,22,121.5101187,25.0390326
113,8,17,9,23,2,04大安區,大安區金華街221號,0,0,1,1,B13,8,6,5,50,14,9,1,5,4,5,13,4,4,9,5,5,2,16,1,59,3,10,7,4,7,6,1,8,1,2,,9,,1,21,121.5292965,25.0299376
113,8,17,9,23,2,04大安區,大安區金華街221號,0,0,1,2,C03,8,6,5,50,14,9,1,5,4,5,13,4,4,9,5,5,2,16,1,39,2,8,6,4,7,9,1,10,1,14,,44,,1,21,121.5292965,25.0299376
113,8,17,9,24,2,07信義區,信義區福德街84巷與林口街38巷口,0,0,1,1,C03,7,7,5,30,4,1,1,5,4,5,13,4,4,9,4,5,2,17,1,81,2,9,5,1,7,5,3,18,2,12,,8,,1,21,121.5808847,25.0385155
113,8,17,9,24,2,07信義區,信義區福德街84巷與林口街38巷口,0,0,1,2,B03,7,7,5,30,4,1,1,5,4,5,13,4,4,9,4,5,2,17,1,64,3,10,7,1,7,9,1,8,2,7,,14,,1,21,121.5808847,25.0385155
113,8,17,9,38,2,02萬華區,萬華區堤外便道與水源快速道路口,0,0,1,1,B01,8,6,5,40,3,1,1,5,4,5,13,4,4,8,3,5,1,17,1,69,3,10,7,1,7,6,1,4,1,2,,74,,1,21,121.4983172,25.0161427
113,8,17,9,38,2,02萬華區,萬華區堤外便道與水源快速道路口,0,0,1,2,C03,8,6,5,40,3,1,1,5,4,5,13,4,4,8,3,5,1,17,1,25,2,9,5,1,7,4,1,10,1,14,,44,,1,21,121.4983172,25.0161427
113,8,17,9,43,2,02萬華區,萬華區環河南路1段9號附近側附近,0,0,1,1,C03,7,7,5,50,14,9,1,5,4,5,13,4,4,8,3,5,2,16,1,41,2,6,5,1,7,9,1,10,2,14,,16,,1,21,121.5051056,25.0477284
113,8,17,9,43,2,02萬華區,萬華區環河南路1段9號附近側附近,0,0,1,2,B03,7,7,5,50,14,9,1,5,4,5,13,4,4,8,3,5,2,16,1,34,3,10,7,1,7,6,1,8,2,2,,9,,1,21,121.5051056,25.0477284
113,8,17,9,45,2,05中正區,中正區濟南路1段321號,0,0,1,1,B03,8,7,5,50,14,9,1,5,4,5,13,4,4,8,4,4,2,17,1,50,3,10,7,1,7,5,1,8,1,8,,8,,1,21,121.525509,25.04169537
113,8,17,9,45,2,05中正區,中正區濟南路1段321號,0,0,1,2,C03,8,7,5,50,14,9,1,5,4,5,13,4,4,8,4,4,2,17,1,70,2,9,6,1,7,9,1,10,1,12,,44,,1,21,121.525509,25.04169537
113,8,17,9,48,2,03中山區,中山區市民大道2段與林森北路口,0,0,1,1,B01,7,6,5,40,4,1,1,5,4,5,13,1,1,10,4,5,2,17,1,43,3,10,7,1,7,5,1,4,1,8,,71,,1,21,121.524235,25.04788682
113,8,17,9,48,2,03中山區,中山區市民大道2段與林森北路口,0,0,1,2,C03,7,6,5,40,4,1,1,5,4,5,13,1,1,10,4,5,2,17,1,27,2,9,5,1,7,9,1,10,1,12,14,13,,1,21,121.524235,25.04788682
113,8,17,10,6,2,02萬華區,萬華區萬大路424巷3弄30號,0,0,1,1,B03,7,7,5,30,14,9,1,5,4,5,13,4,4,10,5,5,2,17,1,61,3,10,2,1,7,15,1,8,1,2,,38,,1,22,121.4971974,25.0209759
113,8,17,10,6,2,02萬華區,萬華區萬大路424巷3弄30號,0,0,1,3,H02,7,7,5,30,14,9,1,5,4,5,13,4,4,10,5,5,2,17,1,23,3,10,4,5,7,19,8,20,10,16,,126,,1,21,121.4971974,25.0209759
113,8,17,10,6,2,02萬華區,萬華區萬大路424巷3弄30號,0,0,1,2,C03,7,7,5,30,14,9,1,5,4,5,13,4,4,10,5,5,2,17,2,27,2,9,5,1,7,9,1,10,1,14,,44,,1,22,121.4971974,25.0209759
113,8,17,10,41,2,05中正區,中正區羅斯福路4段與羅斯福路4段136巷口,0,0,1,1,B03,8,6,5,50,3,1,1,5,4,5,13,4,4,3,4,5,2,17,1,55,3,10,7,1,7,9,1,8,11,17,,44,,1,21,121.5359105,25.0130315
113,8,17,10,41,2,05中正區,中正區羅斯福路4段與羅斯福路4段136巷口,0,0,1,2,C03,8,6,5,50,3,1,1,5,4,5,13,4,4,3,4,5,2,17,1,62,2,9,5,1,7,9,1,10,1,14,,16,,1,21,121.5359105,25.0130315
113,8,17,10,41,2,05中正區,中正區羅斯福路4段與羅斯福路4段136巷口,0,0,1,3,H02,8,6,5,50,3,1,1,5,4,5,13,4,4,3,4,5,2,17,2,62,4,11,5,5,7,20,8,20,10,16,,67,,1,21,121.5359105,25.0130315
113,8,17,10,41,2,05中正區,中正區羅斯福路4段與羅斯福路4段136巷口,0,0,1,4,B03,8,6,5,50,3,1,1,5,4,5,13,4,4,3,4,5,2,17,1,49,3,10,7,1,7,9,1,8,11,6,,44,,1,21,121.5359105,25.0130315
113,8,17,10,47,2,12內湖區,內湖區港墘路與港墘路82巷口口,0,0,2,1,C03,7,6,5,40,4,1,1,5,4,5,13,2,1,1,4,5,2,16,1,70,2,9,5,1,7,5,1,10,2,14,,8,,1,21,121.5778723,25.0808364
113,8,17,10,47,2,12內湖區,內湖區港墘路與港墘路82巷口口,0,0,2,2,B01,7,6,5,40,4,1,1,5,4,5,13,2,1,1,4,5,2,16,1,55,3,10,7,1,7,9,1,4,2,5,,44,,1,21,121.5778723,25.0808364
113,8,17,10,47,2,12內湖區,內湖區港墘路與港墘路82巷口口,0,0,2,3,H02,7,6,5,40,4,1,1,5,4,5,13,2,1,1,4,5,2,16,2,67,2,8,5,5,7,20,8,20,10,17,,67,,1,21,121.5778723,25.0808364
113,8,17,11,34,2,07信義區,信義區和平東路3段341巷與和平東路3段391巷8弄口,0,0,1,1,C03,7,7,5,30,4,1,1,5,4,5,13,4,4,5,5,5,2,15,1,56,2,9,5,1,7,9,1,10,2,12,,72,,1,21,121.5580604,25.0215906
113,8,17,11,34,2,07信義區,信義區和平東路3段341巷與和平東路3段391巷8弄口,0,0,1,2,B03,7,7,5,30,4,1,1,5,4,5,13,4,4,5,5,5,2,15,1,60,3,10,3,4,7,9,1,8,2,1,,14,,1,21,121.5580604,25.0215906
113,8,17,12,22,2,01大同區,大同區甘州街與保安街口,0,0,2,1,F01,8,5,5,50,4,2,1,5,4,5,13,2,1,5,5,5,2,17,1,58,3,10,3,4,7,15,8,20,2,17,,80,,1,21,121.5128034,25.0591086
113,8,17,12,22,2,01大同區,大同區甘州街與保安街口,0,0,2,2,C03,8,5,5,50,4,2,1,5,4,5,13,2,1,5,5,5,2,17,1,62,2,9,3,4,7,5,1,10,2,14,,44,,1,21,121.5128034,25.0591086
113,8,17,12,22,2,01大同區,大同區甘州街與保安街口,0,0,2,3,H02,8,5,5,50,4,2,1,5,4,5,13,2,1,5,5,5,2,17,2,62,2,9,3,5,7,20,8,20,10,17,,44,,1,21,121.5128034,25.0591086
113,8,17,12,43,2,02萬華區,萬華區西藏路與艋舺大道口,0,0,2,1,C03,8,7,5,50,4,2,1,5,4,5,13,1,1,1,4,5,2,17,1,60,2,9,5,1,7,9,1,10,1,12,,16,,1,21,121.4919143,25.02879228
113,8,17,12,43,2,02萬華區,萬華區西藏路與艋舺大道口,0,0,2,2,C03,8,7,5,50,4,2,1,5,4,5,13,1,1,1,4,5,2,17,2,49,2,8,5,1,7,12,1,10,1,14,,44,,1,21,121.4919143,25.02879228
113,8,17,13,15,2,03中山區,中山區民權東路3段18號對面,0,0,1,1,B03,7,7,5,50,14,9,1,5,4,5,13,4,4,3,4,5,2,17,2,73,3,10,7,1,7,1,1,8,1,4,,19,,1,21,121.5403836,25.0624594
113,8,17,13,15,2,03中山區,中山區民權東路3段18號對面,0,0,1,2,C03,7,7,5,50,14,9,1,5,4,5,13,4,4,3,4,5,2,17,1,42,2,9,6,1,7,9,1,10,1,11,,108,,1,21,121.5403836,25.0624594
113,8,17,13,23,2,11南港區,南港區忠孝東路7段與中南街口,0,0,2,1,C03,7,6,5,50,4,1,1,5,4,5,13,2,1,1,4,5,2,16,2,22,2,9,6,1,7,6,1,10,2,12,,9,,1,21,121.6151673,25.0529673
113,8,17,13,23,2,11南港區,南港區忠孝東路7段與中南街口,0,0,2,2,C03,7,6,5,50,4,1,1,5,4,5,13,2,1,1,4,5,2,16,2,25,2,9,6,1,7,9,1,10,2,11,,44,,1,21,121.6151673,25.0529673
113,8,17,13,25,2,04大安區,大安區忠孝東路3段與安東街口,0,0,1,1,B03,7,6,8,50,3,1,1,5,4,5,13,4,4,5,3,5,2,16,2,58,3,10,7,1,7,6,1,2,1,2,,9,,1,21,121.5430243,25.0417565
113,8,17,13,25,2,04大安區,大安區忠孝東路3段與安東街口,0,0,1,2,C03,7,6,8,50,3,1,1,5,4,5,13,4,4,5,3,5,2,16,1,63,2,8,5,1,7,9,1,10,1,14,,44,,1,21,121.5430243,25.0417565
113,8,17,14,16,2,06松山區,松山區民權東路4段與新中街口,0,0,1,1,B03,7,6,5,40,3,2,1,5,4,5,13,2,1,1,3,4,2,16,1,30,3,10,7,1,7,6,1,8,1,2,,9,,1,22,121.5601131,25.0623147
113,8,17,14,16,2,06松山區,松山區民權東路4段與新中街口,0,0,1,2,C03,7,6,5,40,3,2,1,5,4,5,13,2,1,1,3,4,2,16,1,37,2,9,6,1,7,9,1,10,1,14,,13,,1,22,121.5601131,25.0623147
113,8,17,14,32,2,02萬華區,萬華區昆明街與永福街口,0,0,1,1,B03,7,7,5,50,14,9,1,5,4,5,13,4,4,10,3,5,2,16,1,51,3,10,7,1,7,1,1,8,1,4,,19,,1,21,121.5039796,25.0386646
113,8,17,14,32,2,02萬華區,萬華區昆明街與永福街口,0,0,1,2,C03,7,7,5,50,14,9,1,5,4,5,13,4,4,10,3,5,2,16,1,29,2,9,5,1,7,9,1,10,1,12,,44,,1,21,121.5039796,25.0386646
113,8,17,14,38,2,04大安區,大安區基隆路3段75號,0,0,1,1,C03,8,6,5,50,14,9,1,5,4,5,13,4,4,1,4,5,2,17,1,40,2,7,6,4,7,8,1,10,1,14,,100,,1,21,121.5461094,25.0186011
113,8,17,14,38,2,04大安區,大安區基隆路3段75號,0,0,1,2,A02,8,6,5,50,14,9,1,5,4,5,13,4,4,1,4,5,2,17,1,27,3,10,7,4,7,9,1,2,1,2,,17,,1,21,121.5461094,25.0186011
113,8,17,14,38,2,04大安區,大安區基隆路3段75號,0,0,1,3,B03,8,6,5,50,14,9,1,5,4,5,13,4,4,1,4,5,2,17,1,24,3,10,7,4,7,14,1,8,1,4,,44,,1,21,121.5461094,25.0186011
113,8,17,14,38,2,04大安區,大安區基隆路3段75號,0,0,1,4,B03,8,6,5,50,14,9,1,5,4,5,13,4,4,1,4,5,2,17,1,25,3,10,7,4,7,14,1,8,1,7,,44,,1,21,121.5461094,25.0186011
113,8,17,15,5,2,05中正區,中正區市民大道2段與金山北路附近側附近口,0,0,1,1,C03,7,6,5,40,14,9,1,5,4,5,13,4,4,1,4,5,2,13,1,31,3,10,6,1,7,9,1,10,2,11,,107,,1,21,121.5287653,25.0464726
113,8,17,15,5,2,05中正區,中正區市民大道2段與金山北路附近側附近口,0,0,1,2,B01,7,6,5,40,14,9,1,5,4,5,13,4,4,1,4,5,2,13,1,44,3,10,7,1,7,14,1,8,2,6,,44,,1,21,121.5287653,25.0464726
113,8,17,15,5,2,05中正區,中正區市民大道2段與金山北路附近側附近口,0,0,1,3,H02,7,6,5,40,14,9,1,5,4,5,13,4,4,1,4,5,2,13,1,24,2,8,6,5,7,20,8,20,10,16,,67,,1,21,121.5287653,25.0464726
113,8,17,15,18,2,10文山區,文山區景仁街與景仁街77巷口,0,0,1,1,C03,7,6,5,30,4,1,1,5,4,5,13,4,4,10,5,5,2,15,2,50,2,9,5,1,7,9,1,10,1,12,,72,,1,21,121.5378646,24.9983828
113,8,17,15,18,2,10文山區,文山區景仁街與景仁街77巷口,0,0,1,2,B12,7,6,5,30,4,1,1,5,4,5,13,4,4,10,5,5,2,15,1,72,3,10,7,1,7,9,1,8,1,1,,108,,1,21,121.5378646,24.9983828
113,8,17,15,19,2,04大安區,大安區樂利路11巷與通化街200巷口,0,0,1,1,B03,7,6,5,30,4,1,1,5,4,5,13,4,4,5,5,5,2,16,1,34,3,10,3,4,7,5,1,8,1,4,,44,,1,21,121.5516568,25.0283303
113,8,17,15,19,2,04大安區,大安區樂利路11巷與通化街200巷口,0,0,1,2,C03,7,6,5,30,4,1,1,5,4,5,13,4,4,5,5,5,2,16,1,62,2,9,5,1,7,9,1,10,1,12,,4,,1,21,121.5516568,25.0283303
113,8,17,16,53,2,06松山區,松山區民權東路3段160巷與民生東路3段113巷25弄口,0,0,1,1,B03,7,6,5,30,4,1,1,5,4,5,13,4,4,10,5,5,2,15,2,26,3,10,3,4,7,9,1,8,2,2,,72,,1,21,121.5466295,25.0596288
113,8,17,16,53,2,06松山區,松山區民權東路3段160巷與民生東路3段113巷25弄口,0,0,1,2,C03,7,6,5,30,4,1,1,5,4,5,13,4,4,10,5,5,2,15,2,61,2,9,5,1,7,9,3,18,2,11,,14,,1,21,121.5466295,25.0596288
113,8,17,16,53,2,06松山區,松山區民權東路3段160巷與民生東路3段113巷25弄口,0,0,1,3,B03,7,6,5,30,4,1,1,5,4,5,13,4,4,10,5,5,2,15,1,45,3,10,3,1,7,13,1,8,11,17,,38,,2,21,121.5466295,25.0596288
113,8,17,16,55,2,04大安區,大安區金華街與金華街183巷口,0,0,1,1,C03,8,6,5,50,3,1,1,5,4,5,13,4,4,4,5,5,2,17,1,29,3,10,5,1,7,9,1,10,1,11,,94,,1,21,121.5273183,25.0300639
113,8,17,16,55,2,04大安區,大安區金華街與金華街183巷口,0,0,1,2,C03,8,6,5,50,3,1,1,5,4,5,13,4,4,4,5,5,2,17,1,46,2,9,5,1,7,5,1,10,1,11,,44,,1,21,121.5273183,25.0300639
113,8,17,18,12,2,08士林區,士林區忠誠路2段138-1號,0,0,2,1,B02,7,6,5,40,14,7,1,4,4,5,13,4,4,1,4,4,1,12,1,38,3,10,7,1,7,1,1,8,2,4,,19,,1,21,121.5319877,25.1138736
113,8,17,18,12,2,08士林區,士林區忠誠路2段138-1號,0,0,2,2,C03,7,6,5,40,14,7,1,4,4,5,13,4,4,1,4,4,1,12,2,31,2,8,6,1,7,9,1,10,2,11,,44,,1,21,121.5319877,25.1138736
113,8,17,18,12,2,08士林區,士林區忠誠路2段138-1號,0,0,2,3,H02,7,6,5,40,14,7,1,4,4,5,13,4,4,1,4,4,1,12,2,25,2,8,6,5,7,17,8,20,10,16,,67,,1,21,121.5319877,25.1138736
113,8,17,18,37,2,04大安區,大安區忠孝東路4段216巷與仁愛路4段345巷4弄口,0,0,1,1,B03,8,6,5,30,4,1,1,5,4,5,13,4,4,9,5,5,2,16,1,74,3,10,7,1,7,6,1,8,1,8,,74,,1,21,121.5529897,25.0390124
113,8,17,18,37,2,04大安區,大安區忠孝東路4段216巷與仁愛路4段345巷4弄口,0,0,1,2,B01,8,6,5,30,4,1,1,5,4,5,13,4,4,9,5,5,2,16,1,57,3,10,7,1,7,9,1,4,1,5,,14,,1,21,121.5529897,25.0390124
113,8,17,18,37,2,04大安區,大安區忠孝東路4段216巷與仁愛路4段345巷4弄口,0,0,1,3,H02,8,6,5,30,4,1,1,5,4,5,13,4,4,9,5,5,2,16,2,80,2,1,7,5,7,20,8,20,10,16,,67,,1,21,121.5529897,25.0390124
113,8,17,18,46,2,07信義區,信義區信義路5段18號,0,0,1,1,B03,8,5,5,50,14,9,1,5,4,5,13,1,1,1,4,5,2,17,1,46,3,10,7,1,7,9,1,8,2,8,,81,,1,22,121.5637044,25.0329176
113,8,17,18,46,2,07信義區,信義區信義路5段18號,0,0,1,2,F01,8,5,5,50,14,9,1,5,4,5,13,1,1,1,4,5,2,17,1,41,2,9,4,1,7,9,8,20,2,12,,88,,1,22,121.5637044,25.0329176
113,8,17,19,52,2,06松山區,松山區光復北路與南京東路4段口,0,0,1,1,C03,8,5,5,50,5,1,1,5,4,5,13,1,1,3,3,5,2,17,2,23,2,9,6,1,7,5,1,10,1,14,,44,,1,21,121.5578346,25.0515389
113,8,17,19,52,2,06松山區,松山區光復北路與南京東路4段口,0,0,1,2,B01,8,5,5,50,5,1,1,5,4,5,13,1,1,3,3,5,2,17,1,62,3,10,7,1,7,15,1,4,1,2,,44,,1,21,121.5578346,25.0515389
113,8,17,20,11,2,03中山區,中山區復興北路164號,0,0,2,1,C03,8,5,5,50,14,9,1,5,4,5,13,4,4,1,4,5,2,13,1,36,2,9,3,1,7,8,1,10,1,14,,16,,1,22,121.5440058,25.0536079
113,8,17,20,11,2,03中山區,中山區復興北路164號,0,0,2,2,B01,8,5,5,50,14,9,1,5,4,5,13,4,4,1,4,5,2,13,1,31,2,2,3,4,7,9,1,4,1,6,,44,,1,21,121.5440058,25.0536079
113,8,17,20,21,2,10文山區,文山區辛亥路7段與忠順街1段口口,0,0,1,1,B03,8,5,5,50,3,18,1,5,4,5,13,2,1,10,5,5,2,3,1,38,3,10,7,1,7,5,1,8,2,1,,70,,1,21,121.5541295,24.9832056
113,8,17,20,21,2,10文山區,文山區辛亥路7段與忠順街1段口口,0,0,1,2,H01,8,5,5,50,3,18,1,5,4,5,13,2,1,10,5,5,2,3,1,78,2,9,4,5,8,16,8,20,1,16,,67,,1,21,121.5541295,24.9832056
113,8,17,20,30,2,07信義區,信義區松智路與松廉路口,0,0,1,1,H02,8,5,5,50,14,9,1,5,4,5,13,4,4,9,4,5,2,9,2,42,3,10,7,5,7,19,8,20,10,16,,126,,1,22,121.565347,25.034312
113,8,17,20,30,2,07信義區,信義區松智路與松廉路口,0,0,1,2,F01,8,5,5,50,14,9,1,5,4,5,13,4,4,9,4,5,2,9,1,58,2,7,4,1,7,9,8,20,1,14,,44,,1,22,121.565347,25.034312
113,8,17,20,30,2,07信義區,信義區松智路與松廉路口,0,0,1,3,B03,8,5,5,50,14,9,1,5,4,5,13,4,4,9,4,5,2,9,1,56,3,10,7,1,7,14,1,8,1,2,,38,,1,22,121.565347,25.034312
113,8,17,20,34,2,10文山區,文山區保儀路與保儀路26巷口口,0,0,1,1,F03,8,5,5,50,4,1,1,5,4,5,13,3,1,5,5,5,2,17,1,15,3,10,4,1,7,5,8,20,1,14,,44,,1,21,121.5686412,24.9883087
113,8,17,20,34,2,10文山區,文山區保儀路與保儀路26巷口口,0,0,1,2,C03,8,5,5,50,4,1,1,5,4,5,13,3,1,5,5,5,2,17,1,55,2,7,6,1,7,9,1,10,1,11,,44,,1,21,121.5686412,24.9883087
113,8,17,21,0,2,05中正區,中正區金山北路南往北三創園區停車場入口,0,0,1,1,B03,8,5,5,50,14,9,1,5,4,5,13,4,4,10,5,5,2,3,1,28,3,10,7,1,7,9,1,8,1,1,,70,,1,21,121.530678,25.0449201
113,8,17,21,0,2,05中正區,中正區金山北路南往北三創園區停車場入口,0,0,1,2,H01,8,5,5,50,14,9,1,5,4,5,13,4,4,10,5,5,2,3,1,47,2,8,4,5,8,16,8,20,1,16,,67,,1,21,121.530678,25.0449201