發生年度,發生月,發生日,發生時-Hours,發生分,處理別-編號,區序,肇事地點,死亡人數,2-30日死亡人數,受傷人數,當事人序號,車種,天候,道路照明設備,道路類別,速限-速度限制,道路型態,事故位置,路面狀況1,路面狀況2,路面狀況3,道路障礙1,道路障礙2,號誌1,號誌2,車道劃分-分向,車道劃分-分道1,車道劃分-分道2,車道劃分-分道3,事故類型及型態,性別,年齡,受傷程度,主要傷處,保護裝置,行動電話,車輛用途,當事者行動狀態,駕駛資格情形,駕駛執照種類,飲酒情形,車輛撞擊部位1,車輛撞擊部位2,肇因碼-個別,肇因碼-主要,個人肇逃否,職業,座標-X,座標-Y
113,8,17,22,0,2,08士林區,士林區天母北路與天母北路4巷口,0,0,1,1,B03,6,5,5,30,3,1,1,4,4,5,13,4,4,9,5,5,2,17,1,48,3,10,7,1,7,1,1,7,2,17,,72,,1,21,121.5262209,25.1189916
113,8,17,22,0,2,08士林區,士林區天母北路與天母北路4巷口,0,0,1,2,C03,6,5,5,30,3,1,1,4,4,5,13,4,4,9,5,5,2,17,2,67,2,9,5,1,7,9,1,10,2,17,,14,,1,21,121.5262209,25.1189916
113,8,17,22,37,2,03中山區,中山區民生西路與民生西路3巷口,0,0,1,1,C03,8,5,5,50,3,1,1,5,4,5,13,4,4,9,4,5,2,16,2,29,2,9,6,1,7,5,1,10,1,13,,8,,1,21,121.5217927,25.0578004
113,8,17,22,37,2,03中山區,中山區民生西路與民生西路3巷口,0,0,1,2,B03,8,5,5,50,3,1,1,5,4,5,13,4,4,9,4,5,2,16,1,74,3,10,7,1,7,9,1,8,1,5,,44,,1,21,121.5217927,25.0578004
113,8,17,22,50,2,03中山區,中山區市民大道3段與八德路2段210巷口,0,0,1,1,B01,7,5,5,40,3,2,1,5,4,5,13,4,4,3,4,5,2,16,1,28,3,10,3,4,7,6,1,4,1,5,,9,,1,21,121.5395334,25.04477633
113,8,17,22,50,2,03中山區,中山區市民大道3段與八德路2段210巷口,0,0,1,2,C03,7,5,5,40,3,2,1,5,4,5,13,4,4,3,4,5,2,16,2,25,2,9,3,4,7,9,1,10,1,14,,44,,1,21,121.5395334,25.04477633
113,8,17,23,25,2,09北投區,北投區東華街1段石牌捷運站2號出口,0,0,1,1,C03,7,5,5,50,14,9,1,5,4,5,13,4,4,10,4,5,1,12,1,40,3,10,5,1,7,7,1,10,9,14,,100,,2,21,121.5156704,25.1147104
113,8,17,23,25,2,09北投區,北投區東華街1段石牌捷運站2號出口,0,0,1,2,C03,7,5,5,50,14,9,1,5,4,5,13,4,4,10,4,5,1,12,1,33,2,9,5,1,7,9,1,11,2,12,14,44,,1,21,121.5156704,25.1147104
113,8,18,0,20,2,12內湖區,內湖區金湖路0308513燈桿附近,0,0,1,1,C03,8,5,5,50,14,9,1,5,4,5,13,4,4,1,3,5,1,9,1,29,2,9,6,1,7,9,1,10,2,12,,13,,1,21,121.6015017,25.07465407
113,8,18,0,20,2,12內湖區,內湖區金湖路0308513燈桿附近,0,0,1,2,H01,8,5,5,50,14,9,1,5,4,5,13,4,4,1,3,5,1,9,1,28,3,10,4,5,8,18,8,20,2,16,,67,,1,21,121.6015017,25.07465407
113,8,18,4,17,2,07信義區,信義區永吉路278巷與永吉路278巷2弄口,0,0,1,1,B01,8,5,5,30,4,1,1,5,4,5,10,4,4,10,5,5,2,17,1,47,3,10,7,1,7,5,1,4,1,1,,72,,1,22,121.5741834,25.0450118
113,8,18,4,17,2,07信義區,信義區永吉路278巷與永吉路278巷2弄口,0,0,1,2,C03,8,5,5,30,4,1,1,5,4,5,10,4,4,10,5,5,2,17,2,26,2,1,5,1,7,9,1,10,1,11,,44,,1,22,121.5741834,25.0450118
113,8,18,4,17,2,07信義區,信義區永吉路278巷與永吉路278巷2弄口,0,0,1,3,B02,8,5,5,30,4,1,1,5,4,5,10,4,4,10,5,5,2,17,1,29,3,10,7,1,7,13,1,8,1,17,,38,,1,22,121.5741834,25.0450118
113,8,18,5,4,2,01大同區,大同區環河北路1段275號,0,0,1,1,B03,8,5,5,50,14,9,1,5,4,5,13,4,4,1,4,5,2,17,1,36,2,9,7,1,7,9,1,8,7,5,,21,,1,21,121.5085244,25.0586328
113,8,18,5,4,2,01大同區,大同區環河北路1段275號,0,0,1,2,B03,8,5,5,50,14,9,1,5,4,5,13,4,4,1,4,5,2,17,1,45,3,10,3,4,7,21,7,19,11,7,,44,,1,21,121.5085244,25.0586328
113,8,18,6,40,2,01大同區,大同區民權西路與蘭州街口,0,0,2,1,C03,8,6,5,50,4,1,1,5,4,5,13,2,1,8,3,5,2,13,1,77,2,9,5,1,7,9,1,10,2,11,,16,,1,21,121.5146713,25.06286224
113,8,18,6,40,2,01大同區,大同區民權西路與蘭州街口,0,0,2,2,C03,8,6,5,50,4,1,1,5,4,5,13,2,1,8,3,5,2,13,1,43,2,7,6,1,7,9,1,9,2,12,,44,,1,21,121.5146713,25.06286224
113,8,18,8,18,2,03中山區,中山區民權東路2段135巷20弄與民權東路2段135巷口,0,0,1,1,B03,7,7,5,30,4,1,1,5,4,5,13,4,4,9,4,5,2,17,1,60,3,10,7,1,7,1,1,8,1,17,,72,,1,21,121.5350752,25.06382164
113,8,18,8,18,2,03中山區,中山區民權東路2段135巷20弄與民權東路2段135巷口,0,0,1,2,C03,7,7,5,30,4,1,1,5,4,5,13,4,4,9,4,5,2,17,1,48,2,9,5,1,7,9,1,10,1,17,,14,,1,21,121.5350752,25.06382164
113,8,18,8,43,2,08士林區,士林區芝玉路1段193號旁,0,0,2,1,C03,6,6,5,30,14,9,1,4,4,5,13,4,4,10,5,5,1,10,1,30,2,9,5,1,7,15,1,10,1,11,,5,,1,21,121.5337277,25.1075019
113,8,18,8,43,2,08士林區,士林區芝玉路1段193號旁,0,0,2,2,C03,6,6,5,30,14,9,1,4,4,5,13,4,4,10,5,5,1,10,2,40,2,9,5,1,7,9,1,10,1,11,,44,,1,21,121.5337277,25.1075019
113,8,18,8,56,2,08士林區,士林區文昌路與美崙街口口,0,0,1,2,B01,7,7,5,50,4,2,1,5,4,5,13,1,1,8,3,4,1,17,1,53,3,10,3,4,7,9,1,4,1,8,,44,,1,22,121.520784,25.0968656
113,8,18,8,56,2,08士林區,士林區文昌路與美崙街口口,0,0,1,1,C03,7,7,5,50,4,2,1,5,4,5,13,1,1,8,3,4,1,17,2,59,2,8,5,1,7,5,1,10,1,11,,71,,1,22,121.520784,25.0968656
113,8,18,10,2,2,01大同區,大同區忠孝西路2段與西寧北路口,0,0,1,1,C03,7,7,5,50,5,1,1,5,4,5,13,2,1,1,2,5,2,13,1,70,3,10,6,1,7,5,1,10,1,17,,17,,1,22,121.5074829,25.048542
113,8,18,10,2,2,01大同區,大同區忠孝西路2段與西寧北路口,0,0,1,2,C03,7,7,5,50,5,1,1,5,4,5,13,2,1,1,2,5,2,13,1,42,2,7,6,1,7,5,6,18,1,13,,17,,1,22,121.5074829,25.048542
113,8,18,10,2,2,01大同區,大同區忠孝西路2段與西寧北路口,0,0,1,3,B03,7,7,5,50,5,1,1,5,4,5,13,2,1,1,2,5,2,13,2,45,3,10,3,4,7,5,1,8,1,5,,108,,1,22,121.5074829,25.048542
113,8,18,10,13,2,07信義區,信義區基隆路1段與松壽路口,0,0,1,1,C03,8,7,5,30,4,1,1,4,4,5,13,1,1,9,4,5,2,17,1,19,2,9,5,1,7,9,1,10,1,14,,13,,1,21,121.561259,25.0361272
113,8,18,10,13,2,07信義區,信義區基隆路1段與松壽路口,0,0,1,2,C03,8,7,5,30,4,1,1,4,4,5,13,1,1,9,4,5,2,17,1,45,3,10,5,1,7,6,1,10,1,17,,99,,1,21,121.561259,25.0361272
113,8,18,10,19,2,02萬華區,萬華區堤外便道往北3014295燈桿,0,0,2,1,C03,8,6,5,40,14,11,1,5,4,5,13,4,4,5,5,5,1,13,2,44,2,9,3,4,7,15,1,10,2,13,,44,,1,21,121.5043803,25.04771302
113,8,18,10,19,2,02萬華區,萬華區堤外便道往北3014295燈桿,0,0,2,2,C03,8,6,5,40,14,11,1,5,4,5,13,4,4,5,5,5,1,13,1,25,2,8,3,4,7,9,1,10,2,12,,16,,1,21,121.5043803,25.04771302
113,8,18,11,2,2,02萬華區,萬華區康定路與長沙街2段口,0,0,1,1,B03,7,5,5,50,4,1,1,5,4,5,13,2,1,8,3,5,1,16,1,36,3,10,3,4,7,5,1,8,1,4,,8,,1,22,121.5020852,25.0405487
113,8,18,11,2,2,02萬華區,萬華區康定路與長沙街2段口,0,0,1,2,C03,7,5,5,50,4,1,1,5,4,5,13,2,1,8,3,5,1,16,1,38,2,9,3,4,7,9,1,10,1,11,,13,,1,22,121.5020852,25.0405487
113,8,18,11,33,2,08士林區,士林區承德路5段與承德路5段150巷口口,0,0,1,1,C03,8,6,5,50,4,1,1,5,4,5,13,2,1,3,4,4,2,16,1,23,2,9,6,1,7,9,1,10,1,14,,81,,1,21,121.5131794,25.09778246
113,8,18,11,33,2,08士林區,士林區承德路5段與承德路5段150巷口口,0,0,1,2,B03,8,6,5,50,4,1,1,5,4,5,13,2,1,3,4,4,2,16,1,52,3,10,7,1,7,5,1,8,1,8,,44,,1,21,121.5131794,25.09778246
113,8,18,11,38,2,04大安區,大安區忠孝東路3段30號,0,0,1,1,B01,8,6,5,50,14,9,1,5,4,5,13,4,4,1,4,5,2,17,1,69,3,10,7,1,7,15,1,4,1,2,,44,,1,21,121.5343264,25.04199609
113,8,18,11,38,2,04大安區,大安區忠孝東路3段30號,0,0,1,3,H02,8,6,5,50,14,9,1,5,4,5,13,4,4,1,4,5,2,17,2,40,3,10,7,5,7,20,8,20,10,16,,67,,1,21,121.5343264,25.04199609
113,8,18,11,38,2,04大安區,大安區忠孝東路3段30號,0,0,1,2,C03,8,6,5,50,14,9,1,5,4,5,13,4,4,1,4,5,2,17,1,56,2,9,5,1,7,9,1,10,1,15,,44,,1,21,121.5343264,25.04199609
113,8,18,12,6,2,11南港區,南港區忠孝東路7段與研究院路1段口,0,0,1,1,C03,8,7,5,50,3,1,1,5,4,5,13,2,1,1,4,5,2,12,1,38,2,9,6,1,7,4,1,10,9,14,,13,,1,21,121.6145646,25.06063026
113,8,18,12,6,2,11南港區,南港區忠孝東路7段與研究院路1段口,0,0,1,2,B03,8,7,5,50,3,1,1,5,4,5,13,2,1,1,4,5,2,12,1,71,3,10,3,4,7,9,1,8,9,2,,101,,1,21,121.6145646,25.06063026
113,8,18,12,18,2,04大安區,大安區新生南路2段50號,0,0,1,1,B01,8,5,5,40,14,9,1,5,4,5,13,4,4,3,1,5,2,17,1,75,3,10,7,1,7,1,1,8,1,8,,19,,1,21,121.5341798,25.0288447
113,8,18,12,18,2,04大安區,大安區新生南路2段50號,0,0,1,2,C03,8,5,5,40,14,9,1,5,4,5,13,4,4,3,1,5,2,17,1,20,2,9,6,1,7,9,1,10,1,12,,13,,1,21,121.5341798,25.0288447
113,8,18,13,4,2,02萬華區,萬華區西園路2段312號,0,0,1,1,C03,8,7,5,50,14,7,1,5,4,5,13,4,4,1,3,5,2,13,1,30,2,9,6,1,7,9,1,10,1,11,,16,,1,22,121.4925835,25.026212
113,8,18,13,4,2,02萬華區,萬華區西園路2段312號,0,0,1,2,C03,8,7,5,50,14,7,1,5,4,5,13,4,4,1,3,5,2,13,1,42,3,10,6,1,7,9,1,10,1,13,,44,,1,22,121.4925835,25.026212
113,8,18,13,12,2,01大同區,大同區承德路3段與民權西路口,0,0,3,1,B03,7,6,5,50,4,2,1,5,4,5,13,2,1,1,4,5,2,13,1,46,3,10,3,4,7,9,1,8,2,1,,16,,1,22,121.5180493,25.0629632
113,8,18,13,12,2,01大同區,大同區承德路3段與民權西路口,0,0,3,2,B01,7,6,5,50,4,2,1,5,4,5,13,2,1,1,4,5,2,13,1,33,2,2,7,4,7,9,1,4,2,3,,44,,1,22,121.5180493,25.0629632
113,8,18,13,12,2,01大同區,大同區承德路3段與民權西路口,0,0,3,3,H02,7,6,5,50,4,2,1,5,4,5,13,2,1,1,4,5,2,13,2,26,2,2,2,5,7,20,8,20,10,16,,58,,1,22,121.5180493,25.0629632
113,8,18,13,12,2,01大同區,大同區承德路3段與民權西路口,0,0,3,4,H02,7,6,5,50,4,2,1,5,4,5,13,2,1,1,4,5,2,13,2,3,2,2,2,5,7,20,8,20,10,16,,67,,1,22,121.5180493,25.0629632
113,8,18,13,20,2,02萬華區,萬華區忠孝西路2段與忠孝西路2段16巷口,0,0,1,1,B03,7,7,5,50,3,1,1,5,4,5,13,4,4,1,4,5,2,16,1,22,3,10,7,1,7,6,1,8,1,2,,9,,1,21,121.5085119,25.0482595
113,8,18,13,20,2,02萬華區,萬華區忠孝西路2段與忠孝西路2段16巷口,0,0,1,2,C03,7,7,5,50,3,1,1,5,4,5,13,4,4,1,4,5,2,16,2,20,2,9,5,1,7,4,1,10,1,14,,14,,1,21,121.5085119,25.0482595
113,8,18,13,20,2,02萬華區,萬華區忠孝西路2段與忠孝西路2段16巷口,0,0,1,3,C03,7,7,5,50,3,1,1,5,4,5,13,4,4,1,4,5,2,16,1,34,3,10,5,4,7,13,1,10,9,13,,38,,1,21,121.5085119,25.0482595
113,8,18,13,20,2,02萬華區,萬華區忠孝西路2段與忠孝西路2段16巷口,0,0,1,4,C03,7,7,5,50,3,1,1,5,4,5,13,4,4,1,4,5,2,16,1,69,3,10,5,4,7,13,1,10,9,13,,38,,1,21,121.5085119,25.0482595
113,8,18,13,20,2,02萬華區,萬華區忠孝西路2段與忠孝西路2段16巷口,0,0,1,5,C03,7,7,5,50,3,1,1,5,4,5,13,4,4,1,4,5,2,16,1,67,3,10,5,4,7,13,1,10,9,13,,38,,1,21,121.5085119,25.0482595
113,8,18,14,22,2,04大安區,大安區忠孝東路4段77巷與敦化南路1段190巷口,0,0,1,1,C03,8,6,5,30,4,1,1,5,4,5,13,4,4,10,5,5,2,15,1,42,2,9,6,1,7,9,1,10,2,12,,72,,1,21,121.5472154,25.04264207
113,8,18,14,22,2,04大安區,大安區忠孝東路4段77巷與敦化南路1段190巷口,0,0,1,2,B03,8,6,5,30,4,1,1,5,4,5,13,4,4,10,5,5,2,15,1,28,3,10,7,1,7,9,1,8,2,8,,14,,1,21,121.5472154,25.04264207
113,8,18,14,25,2,05中正區,中正區青島西路台大兒醫停車場出入口,0,0,1,1,B03,8,7,5,50,22,9,1,5,4,5,13,1,1,4,3,5,2,17,1,53,3,10,7,1,7,5,1,8,1,4,,101,,1,21,121.5180028,25.04481494
113,8,18,14,25,2,05中正區,中正區青島西路台大兒醫停車場出入口,0,0,1,2,C03,8,7,5,50,22,9,1,5,4,5,13,1,1,4,3,5,2,17,1,38,2,9,6,1,7,9,1,10,1,12,,108,,1,21,121.5180028,25.04481494
113,8,18,15,24,2,04大安區,大安區市民大道3段與建國南路1段口,0,0,1,1,C04,8,5,5,40,4,1,1,5,4,5,13,2,1,10,5,5,2,17,4,0,,,,,,,,,11,,,44,,,,121.5369419,25.0446251
113,8,18,15,24,2,04大安區,大安區市民大道3段與建國南路1段口,0,0,1,2,C03,8,5,5,40,4,1,1,5,4,5,13,2,1,10,5,5,2,17,1,39,2,9,3,4,7,9,1,10,2,12,,13,,1,22,121.5369419,25.0446251
113,8,18,15,26,2,08士林區,士林區中正路與重慶北路4段口,0,0,2,1,C03,8,6,5,50,4,1,1,5,4,5,13,4,4,7,4,5,1,17,1,23,2,9,6,2,7,15,1,10,2,12,,80,,1,21,121.5098549,25.08672591
113,8,18,15,26,2,08士林區,士林區中正路與重慶北路4段口,0,0,2,2,C03,8,6,5,50,4,1,1,5,4,5,13,4,4,7,4,5,1,17,1,18,2,8,6,1,7,9,1,10,2,14,,44,,1,21,121.5098549,25.08672591
113,8,18,15,34,2,11南港區,南港區南港路3段67巷與南港路3段67巷口北往南與東往西口,0,0,1,1,C03,8,6,5,30,3,1,1,5,4,5,13,4,4,9,4,5,2,16,1,33,3,10,5,1,7,6,1,10,1,14,,14,,1,21,121.5886448,25.0519831
113,8,18,15,34,2,11南港區,南港區南港路3段67巷與南港路3段67巷口北往南與東往西口,0,0,1,2,C03,8,6,5,30,3,1,1,5,4,5,13,4,4,9,4,5,2,16,1,26,2,9,5,1,7,9,1,10,1,11,,108,,1,21,121.5886448,25.0519831
113,8,18,16,20,2,12內湖區,內湖區民權東路6段與民權東路6段280巷口,0,0,1,1,C03,8,6,5,40,3,2,1,5,4,5,13,4,4,1,4,4,2,17,2,57,3,10,6,1,7,6,1,10,1,13,,9,,1,21,121.6049664,25.07212854
113,8,18,16,20,2,12內湖區,內湖區民權東路6段與民權東路6段280巷口,0,0,1,2,C03,8,6,5,40,3,2,1,5,4,5,13,4,4,1,4,4,2,17,1,24,2,8,6,1,7,9,1,10,1,12,,108,,1,21,121.6049664,25.07212854
113,8,18,16,27,2,06松山區,松山區市民大道4段173號,0,0,3,1,C03,7,7,5,40,14,9,1,5,4,5,13,4,4,1,4,5,2,12,2,21,2,9,6,1,7,8,1,10,2,13,,100,,1,21,121.5518298,25.0446788
113,8,18,16,27,2,06松山區,松山區市民大道4段173號,0,0,3,2,C03,7,7,5,40,14,9,1,5,4,5,13,4,4,1,4,5,2,12,2,40,2,9,6,1,7,9,1,10,2,11,,44,,1,21,121.5518298,25.0446788
113,8,18,16,27,2,06松山區,松山區市民大道4段173號,0,0,3,3,H02,7,7,5,40,14,9,1,5,4,5,13,4,4,1,4,5,2,12,2,34,2,9,6,5,7,17,8,20,10,16,,67,,1,21,121.5518298,25.0446788
113,8,18,17,18,2,04大安區,大安區辛亥路2段131巷與辛亥路2段口,0,0,1,1,B03,8,6,5,30,3,1,1,5,4,5,13,4,4,1,4,4,2,16,2,44,3,10,7,4,7,6,1,8,1,8,,74,,1,21,121.5395304,25.0216408
113,8,18,17,18,2,04大安區,大安區辛亥路2段131巷與辛亥路2段口,0,0,1,2,C03,8,6,5,30,3,1,1,5,4,5,13,4,4,1,4,4,2,16,1,19,2,7,6,4,7,9,1,10,1,12,,14,,1,21,121.5395304,25.0216408
113,8,18,17,53,2,07信義區,信義區松勤街100號,0,0,2,1,C03,7,6,5,50,14,9,1,5,4,5,13,4,4,9,5,5,2,17,1,20,2,9,3,4,7,11,1,10,2,14,,99,,1,22,121.5673763,25.0319006
113,8,18,17,53,2,07信義區,信義區松勤街100號,0,0,2,2,C04,7,6,5,50,14,9,1,5,4,5,13,4,4,9,5,5,2,17,1,48,2,8,5,1,7,9,1,10,2,11,,44,,1,22,121.5673763,25.0319006
113,8,18,18,10,2,12內湖區,內湖區民權東路6段13號對面,0,0,1,1,C03,8,6,5,50,14,9,1,5,4,1,12,4,4,9,4,5,2,28,1,30,2,9,6,1,7,9,1,10,1,11,,42,,1,21,121.5806856,25.0670955
113,8,18,18,10,2,12內湖區,內湖區民權東路6段13號對面,0,0,1,2,,8,6,5,50,14,9,1,5,4,1,12,4,4,9,4,5,2,28,3,0,,,,,,,,,,,,65,,1,,121.5806856,25.0670955
113,8,18,18,15,2,12內湖區,內湖區五分街與東湖路160巷10弄口,0,0,1,1,C03,8,7,5,30,4,1,1,5,4,5,13,4,4,5,5,5,2,15,1,55,2,9,6,1,7,9,1,10,2,12,,72,,1,21,121.6161621,25.0665314
113,8,18,18,15,2,12內湖區,內湖區五分街與東湖路160巷10弄口,0,0,1,2,B03,8,7,5,30,4,1,1,5,4,5,13,4,4,5,5,5,2,15,2,63,3,10,3,4,7,9,1,8,2,8,,14,,1,21,121.6161621,25.0665314
113,8,18,18,52,2,10文山區,文山區景後街與景興路238巷口,0,0,1,1,C03,8,5,5,50,3,1,1,5,4,5,13,4,4,5,5,5,2,16,1,61,2,9,5,1,7,5,1,10,2,12,,72,,1,21,121.5423255,24.9907615
113,8,18,18,52,2,10文山區,文山區景後街與景興路238巷口,0,0,1,2,B03,8,5,5,50,3,1,1,5,4,5,13,4,4,5,5,5,2,16,1,52,3,10,7,1,7,9,1,8,2,4,,44,,1,21,121.5423255,24.9907615
113,8,18,19,40,2,09北投區,北投區中和街與中和街458巷口,0,0,1,1,C03,7,6,5,50,3,2,1,5,4,5,13,4,4,5,5,5,1,29,1,37,2,9,5,1,7,15,1,10,1,12,,108,,1,21,121.4962394,25.1448948
113,8,18,19,40,2,09北投區,北投區中和街與中和街458巷口,0,0,1,2,B03,7,6,5,50,3,2,1,5,4,5,13,4,4,5,5,5,1,29,3,60,,,,,,,,,,,,44,,1,,121.4962394,25.1448948
113,8,18,19,40,2,09北投區,北投區中和街與中和街458巷口,0,0,1,3,B03,7,6,5,50,3,2,1,5,4,5,13,4,4,5,5,5,1,29,1,40,3,10,7,1,7,9,1,8,2,10,,44,,1,21,121.4962394,25.1448948
113,8,18,20,40,2,05中正區,中正區仁愛路1段與紹興南街口,0,0,1,1,C03,8,5,5,50,4,1,1,5,3,5,13,1,1,1,4,5,2,18,1,19,2,9,5,1,7,9,1,10,2,12,,44,,1,21,121.5235488,25.0386209
113,8,18,20,40,2,05中正區,中正區仁愛路1段與紹興南街口,0,0,1,2,,8,5,5,50,4,1,1,5,3,5,13,1,1,1,4,5,2,18,3,0,,,,,,,,,,,,67,,1,,121.5235488,25.0386209
113,8,18,21,37,2,12內湖區,內湖區康寧路3段與康寧路3段16巷口,0,0,1,1,C03,8,5,5,50,4,2,1,5,4,5,13,2,1,1,4,4,2,12,2,65,2,9,5,1,7,8,1,10,1,14,,100,,1,21,121.6072761,25.0724756
113,8,18,21,37,2,12內湖區,內湖區康寧路3段與康寧路3段16巷口,0,0,1,2,B02,8,5,5,50,4,2,1,5,4,5,13,2,1,1,4,4,2,12,1,21,3,10,7,1,7,9,1,8,1,5,,44,,1,21,121.6072761,25.0724756
113,8,18,21,56,2,02萬華區,萬華區萬大路與莒光路口,0,0,2,1,B01,8,5,5,50,4,1,1,4,4,5,13,1,1,1,3,5,2,15,1,59,3,10,7,1,7,9,1,4,1,8,,81,,1,22,121.5006178,25.0311799
113,8,18,21,56,2,02萬華區,萬華區萬大路與莒光路口,0,0,2,3,H02,8,5,5,50,4,1,1,4,4,5,13,1,1,1,3,5,2,15,2,27,2,5,4,5,7,21,8,20,10,16,,67,,1,22,121.5006178,25.0311799
113,8,18,21,56,2,02萬華區,萬華區萬大路與莒光路口,0,0,2,2,C03,8,5,5,50,4,1,1,4,4,5,13,1,1,1,3,5,2,15,2,30,2,9,6,1,7,9,1,10,1,11,,44,,1,22,121.5006178,25.0311799
113,8,19,0,0,2,03中山區,中山區市民大道2段與林森北路口,0,0,1,1,C03,8,5,5,40,4,1,1,5,4,5,13,2,1,10,5,5,2,16,1,32,3,10,6,1,7,5,1,10,1,14,,8,,1,21,121.5242556,25.04791169
113,8,19,0,0,2,03中山區,中山區市民大道2段與林森北路口,0,0,1,2,C03,8,5,5,40,4,1,1,5,4,5,13,2,1,10,5,5,2,16,1,21,2,7,6,1,7,9,1,10,1,11,,44,,1,25,121.5242556,25.04791169
113,8,19,5,31,2,11南港區,南港區忠孝東路6段280號對面,0,0,1,1,A02,8,6,5,40,14,8,1,5,4,5,13,1,1,3,4,4,2,9,1,54,3,10,7,1,7,14,1,2,9,17,,44,,1,21,121.5892279,25.0493797
113,8,19,5,31,2,11南港區,南港區忠孝東路6段280號對面,0,0,1,2,H02,8,6,5,40,14,8,1,5,4,5,13,1,1,3,4,4,2,9,2,72,2,3,4,5,7,20,8,20,10,17,,44,,1,21,121.5892279,25.0493797
113,8,19,6,33,2,12內湖區,內湖區康寧路1段與星雲街口,0,0,1,1,B03,8,6,5,50,4,2,1,5,4,5,13,2,1,5,5,5,2,17,1,74,3,10,7,1,7,1,1,8,2,5,,108,,1,21,121.5937312,25.0794808
113,8,19,6,33,2,12內湖區,內湖區康寧路1段與星雲街口,0,0,1,2,C04,8,6,5,50,4,2,1,5,4,5,13,2,1,5,5,5,2,17,2,37,2,9,5,1,7,1,1,11,2,14,,19,,1,21,121.5937312,25.0794808
113,8,19,7,36,2,07信義區,信義區忠孝東路5段(春光公園）,0,0,1,1,C03,8,6,5,50,14,9,1,5,4,5,13,4,4,9,4,5,2,18,2,23,2,9,6,1,7,9,1,10,1,12,,116,,1,21,121.580744,25.0426015
113,8,19,7,36,2,07信義區,信義區忠孝東路5段(春光公園）,0,0,1,2,,8,6,5,50,14,9,1,5,4,5,13,4,4,9,4,5,2,18,3,0,,,,,,,,,,,,67,,1,,121.580744,25.0426015
113,8,19,7,41,2,06松山區,松山區市民大道6段0204130燈桿（松山所後方）,0,0,1,1,C03,8,5,5,40,14,9,1,5,4,5,13,4,4,1,3,5,2,12,1,49,2,9,5,1,7,8,6,10,2,12,,22,,1,26,121.5773143,25.0495377
113,8,19,7,41,2,06松山區,松山區市民大道6段0204130燈桿（松山所後方）,0,0,1,2,E03,8,5,5,40,14,9,1,5,4,5,13,4,4,1,3,5,2,12,1,31,3,10,3,1,7,13,1,8,11,4,,44,,1,23,121.5773143,25.0495377
113,8,19,7,47,2,10文山區,文山區光輝路81巷與光輝路81巷2弄口,0,0,2,1,C03,8,6,5,30,4,1,1,5,4,3,10,4,4,10,5,5,2,15,1,37,3,10,5,1,7,9,1,10,2,12,,75,,1,21,121.5569529,24.9853528
113,8,19,7,47,2,10文山區,文山區光輝路81巷與光輝路81巷2弄口,0,0,2,2,C03,8,6,5,30,4,1,1,5,4,3,10,4,4,10,5,5,2,15,1,28,2,7,5,1,7,9,1,10,2,11,,44,,1,21,121.5569529,24.9853528
113,8,19,7,47,2,10文山區,文山區光輝路81巷與光輝路81巷2弄口,0,0,2,3,H02,8,6,5,30,4,1,1,5,4,3,10,4,4,10,5,5,2,15,2,36,2,8,5,5,7,21,8,20,10,16,,67,,1,21,121.5569529,24.9853528
113,8,19,8,45,2,01大同區,大同區承德路3段與承德路3段122巷口,0,0,1,1,B01,7,6,5,50,4,2,1,5,4,5,13,1,1,1,4,5,2,17,1,59,3,10,7,1,7,5,1,4,1,2,,71,,1,21,121.5182801,25.0672749
113,8,19,8,45,2,01大同區,大同區承德路3段與承德路3段122巷口,0,0,1,2,C03,7,6,5,50,4,2,1,5,4,5,13,1,1,1,4,5,2,17,1,28,2,9,5,1,7,9,1,10,1,11,,13,,1,21,121.5182801,25.0672749
113,8,19,8,48,2,12內湖區,內湖區舊宗路2段與舊宗路2段135巷口口,0,0,1,1,B03,8,6,5,50,3,2,1,5,4,5,13,4,4,9,4,5,2,16,2,49,3,10,7,1,7,6,1,8,1,8,,73,,1,21,121.5748107,25.0701656
113,8,19,8,48,2,12內湖區,內湖區舊宗路2段與舊宗路2段135巷口口,0,0,1,2,C03,8,6,5,50,3,2,1,5,4,5,13,4,4,9,4,5,2,16,1,50,2,8,5,1,7,9,1,9,1,12,,97,,1,21,121.5748107,25.0701656
113,8,19,8,52,2,05中正區,中正區重慶南路3段與汀州路2段口,0,0,2,1,C03,8,6,5,50,4,1,1,5,4,5,13,1,1,5,4,5,2,16,1,46,2,9,5,1,7,6,1,10,2,12,,9,,1,21,121.5165268,25.0255397
113,8,19,8,52,2,05中正區,中正區重慶南路3段與汀州路2段口,0,0,2,2,C03,8,6,5,50,4,1,1,5,4,5,13,1,1,5,4,5,2,16,2,46,2,9,5,1,7,9,1,10,2,14,,44,,1,21,121.5165268,25.0255397
113,8,19,9,0,2,03中山區,中山區南京西路12巷與南京西路口,0,0,1,1,B12,8,7,5,50,3,2,1,5,4,5,13,4,4,2,4,5,2,12,1,42,3,10,7,1,7,8,1,8,1,2,,9,,1,21,121.521225,25.05253791
113,8,19,9,0,2,03中山區,中山區南京西路12巷與南京西路口,0,0,1,2,C03,8,7,5,50,3,2,1,5,4,5,13,4,4,2,4,5,2,12,2,23,2,7,5,1,7,7,1,10,1,14,,14,,1,21,121.521225,25.05253791
113,8,19,9,0,2,09北投區,北投區中央南路2段57號與中央南路2段55巷口,0,0,1,1,B03,8,6,5,40,3,2,1,5,4,5,13,4,4,9,4,5,2,17,1,27,3,10,7,1,7,5,1,8,1,17,,8,,1,21,121.5000939,25.1233784