發生年度,發生月,發生日,發生時-Hours,發生分,處理別-編號,區序,肇事地點,死亡人數,2-30日死亡人數,受傷人數,當事人序號,車種,天候,道路照明設備,道路類別,速限-速度限制,道路型態,事故位置,路面狀況1,路面狀況2,路面狀況3,道路障礙1,道路障礙2,號誌1,號誌2,車道劃分-分向,車道劃分-分道1,車道劃分-分道2,車道劃分-分道3,事故類型及型態,性別,年齡,受傷程度,主要傷處,保護裝置,行動電話,車輛用途,當事者行動狀態,駕駛資格情形,駕駛執照種類,飲酒情形,車輛撞擊部位1,車輛撞擊部位2,肇因碼-個別,肇因碼-主要,個人肇逃否,職業,座標-X,座標-Y
113,8,19,9,0,2,09北投區,北投區中央南路2段57號與中央南路2段55巷口,0,0,1,2,F01,8,6,5,40,3,2,1,5,4,5,13,4,4,9,4,5,2,17,1,27,2,7,4,1,7,9,8,20,1,17,,44,,1,21,121.5000939,25.1233784
113,8,19,9,0,2,09北投區,北投區中央南路2段57號與中央南路2段55巷口,0,0,1,3,B11,8,6,5,40,3,2,1,5,4,5,13,4,4,9,4,5,2,17,1,29,3,10,3,4,7,13,1,1,9,4,,44,,1,21,121.5000939,25.1233784
113,8,19,9,22,1,01大同區,大同區重慶北路2段與歸綏街口,1,0,0,1,A02,7,6,5,50,4,2,1,5,4,5,13,1,1,1,4,5,2,12,1,61,3,10,7,1,7,9,1,2,2,2,,44,,1,21,121.5137181,25.05818201
113,8,19,9,22,1,01大同區,大同區重慶北路2段與歸綏街口,1,0,0,2,C03,7,6,5,50,4,2,1,5,4,5,13,1,1,1,4,5,2,12,1,43,1,1,6,1,7,7,1,10,9,14,,95,,1,21,121.5137181,25.05818201
113,8,19,9,22,1,01大同區,大同區重慶北路2段與歸綏街口,1,0,0,3,B03,7,6,5,50,4,2,1,5,4,5,13,1,1,1,4,5,2,12,1,55,3,10,7,1,7,9,1,8,2,17,,44,,1,21,121.5137181,25.05818201
113,8,19,9,22,1,01大同區,大同區重慶北路2段與歸綏街口,1,0,0,4,H03,7,6,5,50,4,2,1,5,4,5,13,1,1,1,4,5,2,12,1,54,3,10,4,5,8,21,8,20,10,16,,128,,1,21,121.5137181,25.05818201
113,8,19,9,25,2,07信義區,信義區永吉路180巷與虎林街120巷口,0,0,2,1,C02,8,6,5,30,4,1,1,5,4,5,13,4,4,9,4,5,2,15,1,45,2,9,6,1,7,9,1,9,1,12,,72,,1,21,121.5713927,25.0422534
113,8,19,9,25,2,07信義區,信義區永吉路180巷與虎林街120巷口,0,0,2,2,C03,8,6,5,30,4,1,1,5,4,5,13,4,4,9,4,5,2,15,2,23,2,9,6,1,7,9,1,10,1,11,,108,,1,21,121.5713927,25.0422534
113,8,19,9,36,2,03中山區,中山區南京東路2段與一江街口,0,0,1,1,B12,7,7,5,50,4,1,1,5,4,5,13,1,1,4,5,5,1,2,1,72,3,10,7,1,7,5,1,8,1,8,,70,,1,21,121.5224943,25.05165723
113,8,19,9,36,2,03中山區,中山區南京東路2段與一江街口,0,0,1,2,H01,7,7,5,50,4,1,1,5,4,5,13,1,1,4,5,5,1,2,2,56,2,8,4,5,8,16,8,20,10,16,,67,,1,21,121.5224943,25.05165723
113,8,19,10,1,2,04大安區,大安區信義路2段與金山南路2段口,0,0,1,1,B01,8,5,5,50,4,2,1,5,4,5,13,1,1,9,4,5,2,16,1,69,3,10,7,1,7,6,1,4,1,5,,71,,1,21,121.5274878,25.0339712
113,8,19,10,1,2,04大安區,大安區信義路2段與金山南路2段口,0,0,1,2,F01,8,5,5,50,4,2,1,5,4,5,13,1,1,9,4,5,2,16,2,54,2,9,3,1,7,9,8,20,1,12,,99,,1,21,121.5274878,25.0339712
113,8,19,10,7,2,01大同區,大同區延平北路4段與延平北路4段294巷口,0,0,2,1,C03,8,7,5,50,5,1,1,5,4,5,13,2,1,5,4,5,2,17,2,39,2,9,6,1,7,1,1,10,1,11,,44,,1,21,121.5121418,25.0770929
113,8,19,10,7,2,01大同區,大同區延平北路4段與延平北路4段294巷口,0,0,2,2,C03,8,7,5,50,5,1,1,5,4,5,13,2,1,5,4,5,2,17,1,27,2,8,6,1,7,9,1,10,1,12,,44,,1,21,121.5121418,25.0770929
113,8,19,10,9,2,08士林區,士林區至善路2段與故宮路口口,0,0,2,2,B03,7,7,5,50,3,2,1,5,4,5,13,2,1,1,3,4,1,17,1,57,3,10,3,4,7,6,1,4,2,2,,44,,1,22,121.5466825,25.0980294
113,8,19,10,9,2,08士林區,士林區至善路2段與故宮路口口,0,0,2,3,B12,7,7,5,50,3,2,1,5,4,5,13,2,1,1,3,4,1,17,1,40,2,5,3,4,7,5,1,8,2,4,,44,,1,21,121.5466825,25.0980294
113,8,19,10,9,2,08士林區,士林區至善路2段與故宮路口口,0,0,2,1,B03,7,7,5,50,3,2,1,5,4,5,13,2,1,1,3,4,1,17,1,72,3,10,3,4,7,9,1,4,2,8,,86,,1,22,121.5466825,25.0980294
113,8,19,10,9,2,08士林區,士林區至善路2段與故宮路口口,0,0,2,4,H02,7,7,5,50,3,2,1,5,4,5,13,2,1,1,3,4,1,17,2,58,2,3,3,5,7,20,8,20,10,16,,67,,1,22,121.5466825,25.0980294
113,8,19,10,9,2,08士林區,士林區至善路2段與故宮路口口,0,0,2,5,,7,7,5,50,3,2,1,5,4,5,13,2,1,1,3,4,1,17,3,0,,,,,,,,,,,,67,,,,121.5466825,25.0980294
113,8,19,10,25,2,12內湖區,內湖區康寧路3段189巷21弄與康寧路3段165巷口,0,0,2,1,C03,8,6,5,30,4,1,1,5,4,5,13,4,4,10,5,5,2,17,1,18,2,8,6,1,7,6,1,10,1,11,,9,,1,21,121.6122514,25.07138409
113,8,19,10,25,2,12內湖區,內湖區康寧路3段189巷21弄與康寧路3段165巷口,0,0,2,2,C03,8,6,5,30,4,1,1,5,4,5,13,4,4,10,5,5,2,17,2,57,2,9,6,1,7,9,1,10,1,11,,44,,1,21,121.6122514,25.07138409
113,8,19,10,25,2,12內湖區,內湖區康寧路3段189巷21弄與康寧路3段165巷口,0,0,2,3,B12,8,6,5,30,4,1,1,5,4,5,13,4,4,10,5,5,2,17,1,35,3,10,3,4,7,13,1,8,1,17,,38,,1,21,121.6122514,25.07138409
113,8,19,10,28,2,04大安區,大安區忠孝東路3段與忠孝東路3段217巷口,0,0,1,1,C04,8,6,5,50,3,2,1,5,4,5,13,2,1,1,4,5,2,17,2,28,2,9,6,1,7,15,1,10,1,13,,44,,1,21,121.5396342,25.0417352
113,8,19,10,28,2,04大安區,大安區忠孝東路3段與忠孝東路3段217巷口,0,0,1,2,B01,8,6,5,50,3,2,1,5,4,5,13,2,1,1,4,5,2,17,1,68,3,10,7,1,7,9,1,4,1,5,,44,,1,21,121.5396342,25.0417352
113,8,19,11,0,2,03中山區,中山區北安路與大直街口,0,0,1,1,B03,8,7,5,50,5,1,1,5,4,5,13,1,1,3,4,5,2,17,1,68,3,10,7,1,7,5,1,8,2,1,,8,,1,21,121.5472514,25.0798356
113,8,19,11,0,2,03中山區,中山區北安路與大直街口,0,0,1,2,C03,8,7,5,50,5,1,1,5,4,5,13,1,1,3,4,5,2,17,1,38,2,9,5,1,7,9,1,10,1,11,,13,,1,21,121.5472514,25.0798356
113,8,19,11,54,2,04大安區,大安區敦化南路2段207號,0,0,1,1,C03,7,5,5,50,14,9,1,5,4,5,13,4,4,1,4,5,2,13,1,30,2,9,6,1,7,9,1,10,1,11,,16,,1,21,121.5489806,25.0256672
113,8,19,11,54,2,04大安區,大安區敦化南路2段207號,0,0,1,2,C03,7,5,5,50,14,9,1,5,4,5,13,4,4,1,4,5,2,13,1,41,3,10,6,1,7,14,1,10,1,13,,44,,1,21,121.5489806,25.0256672
113,8,19,12,18,2,09北投區,北投區大業路527巷與大業路口,0,0,1,1,B03,7,6,5,40,5,1,1,5,4,5,13,1,1,4,4,5,2,16,2,54,3,10,7,1,7,6,1,8,9,5,,9,,1,21,121.4961542,25.134454
113,8,19,12,18,2,09北投區,北投區大業路527巷與大業路口,0,0,1,2,F01,7,6,5,40,5,1,1,5,4,5,13,1,1,4,4,5,2,16,2,16,2,8,4,1,7,1,8,20,1,14,,88,,1,16,121.4961542,25.134454
113,8,19,12,29,2,09北投區,北投區石牌路2段201號2號門旁,0,0,1,1,B01,8,6,5,50,22,9,1,5,4,5,13,4,4,5,4,5,2,17,1,51,3,10,7,1,7,15,1,4,1,17,,14,,1,26,121.5202149,25.1186243
113,8,19,12,29,2,09北投區,北投區石牌路2段201號2號門旁,0,0,1,2,C03,8,6,5,50,22,9,1,5,4,5,13,4,4,5,4,5,2,17,1,28,2,9,6,1,7,9,1,10,1,14,,108,,1,21,121.5202149,25.1186243
113,8,19,12,32,2,07信義區,信義區松信路148號,0,0,1,2,C03,8,6,5,50,14,9,1,5,4,5,13,1,1,5,4,5,2,17,1,27,2,9,5,1,7,9,1,10,1,12,,116,,1,21,121.5719716,25.0435198
113,8,19,12,32,2,07信義區,信義區松信路148號,0,0,1,1,C03,8,6,5,50,14,9,1,5,4,5,13,1,1,5,4,5,2,17,1,53,3,10,5,1,7,6,1,10,11,17,,42,,2,21,121.5719716,25.0435198
113,8,19,12,37,2,07信義區,信義區松仁路308巷與吳興街600巷口,0,0,2,1,B03,7,7,5,30,4,1,1,5,4,5,13,4,4,10,5,5,2,15,2,47,3,10,3,4,7,9,1,8,1,8,,72,,1,21,121.5709426,25.0188276
113,8,19,12,37,2,07信義區,信義區松仁路308巷與吳興街600巷口,0,0,2,2,C03,7,7,5,30,4,1,1,5,4,5,13,4,4,10,5,5,2,15,1,53,2,9,6,4,7,9,1,10,1,12,,14,,1,21,121.5709426,25.0188276
113,8,19,12,37,2,07信義區,信義區松仁路308巷與吳興街600巷口,0,0,2,3,H02,7,7,5,30,4,1,1,5,4,5,13,4,4,10,5,5,2,15,2,48,2,9,6,5,7,20,8,20,10,16,,67,,1,21,121.5709426,25.0188276
113,8,19,12,51,2,06松山區,松山區南京東路3段與復興北路口,0,0,1,1,B03,8,7,5,50,4,2,1,5,4,5,13,1,1,9,4,4,2,13,2,24,3,10,7,1,7,9,1,8,1,6,,16,,1,22,121.5443742,25.0519114
113,8,19,12,51,2,06松山區,松山區南京東路3段與復興北路口,0,0,1,2,C03,8,7,5,50,4,2,1,5,4,5,13,1,1,9,4,4,2,13,1,29,2,9,6,1,7,9,1,10,1,11,,16,,1,22,121.5443742,25.0519114
113,8,19,13,0,2,01大同區,大同區延平北路3段113巷與民族西路282巷口,0,0,2,1,C03,8,6,5,30,4,1,1,5,4,5,13,4,4,8,4,5,2,15,1,30,2,9,6,1,7,9,1,10,1,11,,75,,1,21,121.5115441,25.0682418
113,8,19,13,0,2,01大同區,大同區延平北路3段113巷與民族西路282巷口,0,0,2,2,C03,8,6,5,30,4,1,1,5,4,5,13,4,4,8,4,5,2,15,1,67,2,9,5,1,7,9,1,10,1,14,,44,,1,21,121.5115441,25.0682418
113,8,19,13,5,2,08士林區,士林區通河西街2段與通河西街2段229巷口,0,0,1,1,B12,8,5,5,30,3,1,1,5,4,5,13,4,4,9,5,5,2,17,1,48,3,10,7,1,7,5,1,8,2,5,,8,,1,21,121.5008794,25.0938532
113,8,19,13,5,2,08士林區,士林區通河西街2段與通河西街2段229巷口,0,0,1,2,B03,8,5,5,30,3,1,1,5,4,5,13,4,4,9,5,5,2,17,1,52,2,7,7,1,7,9,1,8,2,8,,14,,1,21,121.5008794,25.0938532
113,8,19,13,22,2,09北投區,北投區承德路6段與文承路口,0,0,1,1,C03,8,7,5,50,14,9,1,5,4,5,13,4,4,1,3,1,1,17,1,66,2,9,5,1,7,4,1,10,9,11,1,108,,1,21,121.5054245,25.1158207
113,8,19,13,22,2,09北投區,北投區承德路6段與文承路口,0,0,1,2,B03,8,7,5,50,14,9,1,5,4,5,13,4,4,1,3,1,1,17,1,49,3,10,3,1,7,15,1,8,1,7,2,67,,1,27,121.5054245,25.1158207
113,8,19,14,29,2,09北投區,北投區杏林二路與杏林二路60巷口,0,0,1,1,B03,8,7,5,30,4,1,1,5,4,5,13,4,4,10,5,5,2,15,1,80,3,10,7,1,7,9,1,8,2,8,,80,,1,22,121.4970125,25.14237116
113,8,19,14,29,2,09北投區,北投區杏林二路與杏林二路60巷口,0,0,1,2,C03,8,7,5,30,4,1,1,5,4,5,13,4,4,10,5,5,2,15,2,80,2,9,5,1,7,9,1,10,2,14,,14,,1,22,121.4970125,25.14237116
113,8,19,14,29,2,09北投區,北投區杏林二路與杏林二路60巷口,0,0,1,3,B03,8,7,5,30,4,1,1,5,4,5,13,4,4,10,5,5,2,15,2,71,3,10,7,1,7,14,1,8,9,17,,44,,1,22,121.4970125,25.14237116
113,8,19,14,30,2,12內湖區,內湖區舊宗路2段207號,0,0,1,1,B03,7,6,5,50,14,9,1,5,4,5,13,4,4,1,4,5,2,16,2,46,3,10,3,4,7,6,1,8,1,4,,101,,1,22,121.5738612,25.0726868
113,8,19,14,30,2,12內湖區,內湖區舊宗路2段207號,0,0,1,2,C03,7,6,5,50,14,9,1,5,4,5,13,4,4,1,4,5,2,16,2,30,2,9,6,1,7,4,1,10,1,14,,108,,1,22,121.5738612,25.0726868
113,8,19,14,35,2,08士林區,士林區承德路5段80號,0,0,1,1,C03,7,5,8,50,22,22,1,5,4,5,13,4,4,1,4,1,1,17,1,76,2,9,5,1,7,8,1,10,2,14,,101,,1,21,121.5139267,25.0960592
113,8,19,14,35,2,08士林區,士林區承德路5段80號,0,0,1,2,B02,7,5,8,50,22,22,1,5,4,5,13,4,4,1,4,1,1,17,1,62,3,10,7,1,7,9,1,8,2,2,,107,,1,21,121.5139267,25.0960592
113,8,19,14,45,2,03中山區,中山區吉林路279號,0,0,1,1,B01,8,7,5,50,14,9,1,5,4,5,13,4,4,5,2,5,2,17,1,62,3,10,7,1,7,8,1,4,1,2,,100,,1,21,121.5302954,25.06290676
113,8,19,14,45,2,03中山區,中山區吉林路279號,0,0,1,2,C03,8,7,5,50,14,9,1,5,4,5,13,4,4,5,2,5,2,17,2,43,2,9,5,1,7,9,1,10,1,14,,44,,1,21,121.5302954,25.06290676
113,8,19,14,45,2,06松山區,松山區民權東路3段往西(0200706燈桿),0,0,1,1,C03,6,7,5,50,14,9,1,4,4,5,13,4,4,9,4,5,2,17,2,64,2,9,6,1,7,7,1,10,1,14,,80,,1,22,121.5477439,25.06212913
113,8,19,14,45,2,06松山區,松山區民權東路3段往西(0200706燈桿),0,0,1,2,B13,6,7,5,50,14,9,1,4,4,5,13,4,4,9,4,5,2,17,1,44,3,10,7,1,7,9,1,8,1,2,,44,,1,22,121.5477439,25.06212913
113,8,19,14,45,2,06松山區,松山區民權東路3段往西(0200706燈桿),0,0,1,3,A02,6,7,5,50,14,9,1,4,4,5,13,4,4,9,4,5,2,17,1,50,3,10,7,1,7,14,1,2,1,17,,42,,1,22,121.5477439,25.06212913
113,8,19,15,6,2,07信義區,信義區永吉路與永吉路30巷口,0,0,1,1,B02,6,6,5,40,4,1,1,4,4,5,13,1,1,1,3,5,2,17,1,47,3,10,3,4,7,9,1,8,2,5,,81,,1,22,121.5688576,25.0456498
113,8,19,15,6,2,07信義區,信義區永吉路與永吉路30巷口,0,0,1,2,C03,6,6,5,40,4,1,1,4,4,5,13,1,1,1,3,5,2,17,2,56,2,3,5,1,7,9,1,10,2,11,,44,,1,22,121.5688576,25.0456498
113,8,19,15,26,2,02萬華區,萬華區長順街與長順街89巷口,0,0,1,2,C03,6,5,5,30,4,1,1,4,4,5,13,4,4,9,4,5,2,17,1,68,2,9,5,4,7,9,1,10,1,14,,14,,1,21,121.4902204,25.03165988
113,8,19,15,26,2,02萬華區,萬華區長順街與長順街89巷口,0,0,1,1,C03,6,5,5,30,4,1,1,4,4,5,13,4,4,9,4,5,2,17,1,19,3,10,6,4,7,9,1,10,1,11,,44,,1,21,121.4902204,25.03165988
113,8,19,15,27,2,03中山區,(長春路76號旁),0,0,1,1,B03,7,7,5,30,3,1,1,4,4,5,13,4,4,4,3,4,1,17,1,80,4,11,3,4,7,5,7,19,11,15,,72,,2,22,121.52154,25.04996259
113,8,19,15,27,2,03中山區,(長春路76號旁),0,0,1,2,C03,7,7,5,30,3,1,1,4,4,5,13,4,4,4,3,4,1,17,1,36,2,8,6,1,7,9,1,10,1,11,,27,,1,21,121.52154,25.04996259
113,8,19,15,44,2,06松山區,松山區松河街3號,0,0,1,1,C03,6,7,5,40,14,8,1,4,4,5,13,2,1,9,4,5,2,17,1,25,2,9,6,1,7,9,1,10,1,14,,42,,1,21,121.5721148,25.05084785
113,8,19,15,44,2,06松山區,松山區松河街3號,0,0,1,2,B03,6,7,5,40,14,8,1,4,4,5,13,2,1,9,4,5,2,17,1,36,3,10,7,1,7,5,1,8,1,17,,42,,1,21,121.5721148,25.05084785
113,8,19,15,49,2,07信義區,信義區信義路5段180號前,0,0,1,1,B03,6,7,5,50,14,9,2,4,4,5,13,2,1,1,2,5,2,13,1,48,3,10,2,1,7,9,1,8,1,1,,16,,1,22,121.5743802,25.0333309
113,8,19,15,49,2,07信義區,信義區信義路5段180號前,0,0,1,2,C04,6,7,5,50,14,9,2,4,4,5,13,2,1,1,2,5,2,13,1,65,2,5,6,1,7,14,1,10,1,13,,44,,1,22,121.5743802,25.0333309
113,8,19,16,0,2,08士林區,士林區中山北路6段與中山北路6段441巷口,0,0,1,1,B03,6,7,5,50,5,2,1,4,4,5,13,2,1,1,4,5,1,17,1,63,3,10,7,1,7,1,1,8,2,8,,19,,1,21,121.5273703,25.11438649
113,8,19,16,0,2,08士林區,士林區中山北路6段與中山北路6段441巷口,0,0,1,2,C03,6,7,5,50,5,2,1,4,4,5,13,2,1,1,4,5,1,17,1,64,2,8,5,1,7,9,1,10,2,12,,44,,1,21,121.5273703,25.11438649
113,8,19,16,30,2,03中山區,中山區建國北路3段與農安街口,0,0,1,1,B12,6,7,5,50,4,1,1,4,4,5,13,2,1,1,4,5,2,13,1,45,3,10,3,4,7,9,1,8,1,1,,16,,1,21,121.5365064,25.06497664
113,8,19,16,30,2,03中山區,中山區建國北路3段與農安街口,0,0,1,2,B01,6,7,5,50,4,1,1,4,4,5,13,2,1,1,4,5,2,13,1,28,2,2,3,4,7,14,1,4,1,3,,44,,1,21,121.5365064,25.06497664
113,8,19,16,40,2,05中正區,中正區和平西路1段與重慶南路3段口,0,0,2,1,C03,6,6,5,50,14,9,1,4,4,5,13,2,1,1,4,5,1,13,2,51,2,9,5,1,7,9,1,10,1,11,,42,,1,21,121.5163602,25.0272403
113,8,19,16,40,2,05中正區,中正區和平西路1段與重慶南路3段口,0,0,2,2,C03,6,6,5,50,14,9,1,4,4,5,13,2,1,1,4,5,1,13,1,63,2,9,5,1,7,9,1,10,1,13,,44,,1,21,121.5163602,25.0272403
113,8,19,16,40,2,05中正區,中正區和平西路1段與重慶南路3段口,0,0,2,3,B03,6,6,5,50,14,9,1,4,4,5,13,2,1,1,4,5,1,13,1,52,3,10,7,1,7,9,1,8,1,3,,44,,1,21,121.5163602,25.0272403
113,8,19,17,0,2,02萬華區,萬華區西園路2段與寶興街口,0,0,1,1,B01,6,5,5,50,4,1,1,4,4,5,13,1,1,9,4,4,2,17,1,67,3,10,7,4,7,8,1,4,1,17,,44,,1,21,121.4936911,25.02693084
113,8,19,17,0,2,02萬華區,萬華區西園路2段與寶興街口,0,0,1,2,C03,6,5,5,50,4,1,1,4,4,5,13,1,1,9,4,4,2,17,2,25,2,9,6,4,7,9,1,10,1,17,,44,,1,21,121.4936911,25.02693084
113,8,19,17,8,2,03中山區,中山區大佳河濱公園大客車停車場,0,0,1,1,C03,6,7,5,30,22,9,1,4,4,5,13,4,4,10,5,5,2,17,1,30,2,8,6,4,7,9,1,10,1,11,,4,,1,21,121.5423734,25.0737894
113,8,19,17,8,2,03中山區,中山區大佳河濱公園大客車停車場,0,0,1,2,B03,6,7,5,30,22,9,1,4,4,5,13,4,4,10,5,5,2,17,1,27,3,10,3,4,7,11,1,8,1,8,,44,,1,21,121.5423734,25.0737894
113,8,19,17,11,2,04大安區,大安區延吉街與延吉街137巷口口,0,0,1,1,C03,7,5,5,50,3,1,1,5,4,5,13,4,4,9,5,5,1,16,1,41,3,10,6,1,7,5,1,10,1,13,,74,,1,21,121.5543811,25.0420409
113,8,19,17,11,2,04大安區,大安區延吉街與延吉街137巷口口,0,0,1,2,C03,7,5,5,50,3,1,1,5,4,5,13,4,4,9,5,5,1,16,1,66,2,9,6,1,7,9,1,10,1,11,,44,,1,21,121.5543811,25.0420409
113,8,19,17,42,2,10文山區,文山區木柵路2段與木柵路2段161巷口,0,0,1,1,B03,7,6,5,50,4,1,1,5,4,5,13,1,1,5,2,5,2,13,1,60,3,10,3,4,7,9,1,8,2,8,,107,,1,22,121.5629974,24.9890066
113,8,19,17,42,2,10文山區,文山區木柵路2段與木柵路2段161巷口,0,0,1,2,C03,7,6,5,50,4,1,1,5,4,5,13,1,1,5,2,5,2,13,2,34,2,9,3,4,7,14,1,10,2,13,,44,,1,22,121.5629974,24.9890066
113,8,19,17,45,2,05中正區,中正區福州街16號,0,0,1,1,B03,7,6,5,50,14,9,1,4,4,5,13,4,4,9,4,5,2,16,1,52,3,10,7,1,7,11,1,8,1,1,,10,,1,21,121.5186302,25.0288417
113,8,19,17,45,2,05中正區,中正區福州街16號,0,0,1,2,C03,7,6,5,50,14,9,1,4,4,5,13,4,4,9,4,5,2,16,1,50,2,9,5,1,7,9,1,10,1,11,,42,,1,21,121.5186302,25.0288417
113,8,19,18,4,2,03中山區,中山區中山北路3段181號,0,0,1,1,B03,7,5,5,50,14,9,1,5,4,5,13,4,4,1,4,5,2,12,1,54,3,10,3,4,7,8,1,8,1,5,,17,,1,21,121.5235709,25.0713821
113,8,19,18,4,2,03中山區,中山區中山北路3段181號,0,0,1,2,C03,7,5,5,50,14,9,1,5,4,5,13,4,4,1,4,5,2,12,1,50,2,7,3,4,7,9,1,10,1,14,,17,,1,21,121.5235709,25.0713821
113,8,19,18,5,2,09北投區,北投區公館路與溫泉路30巷口,0,0,1,1,C03,7,6,5,50,3,1,1,4,4,5,13,4,4,5,5,5,2,17,1,54,3,10,6,1,7,1,1,10,1,17,,19,,1,21,121.5030449,25.1330397
113,8,19,18,5,2,09北投區,北投區公館路與溫泉路30巷口,0,0,1,2,C03,7,6,5,50,3,1,1,4,4,5,13,4,4,5,5,5,2,17,2,36,2,9,6,1,7,9,1,10,1,14,,42,,1,21,121.5030449,25.1330397
113,8,19,18,19,2,04大安區,大安區忠孝東路4段101巷,0,0,2,1,C03,7,5,5,50,14,9,1,4,4,5,13,4,4,1,4,5,2,17,2,22,2,9,5,1,7,6,1,10,1,12,,9,,1,21,121.5481192,25.0416357
113,8,19,18,19,2,04大安區,大安區忠孝東路4段101巷,0,0,2,2,C04,7,5,5,50,14,9,1,4,4,5,13,4,4,1,4,5,2,17,2,53,2,9,5,1,7,9,1,10,1,11,,44,,1,21,121.5481192,25.0416357
113,8,19,18,45,2,05中正區,中正區重慶南路1段124號,0,0,1,1,B01,6,5,5,50,14,9,1,4,4,5,13,4,4,5,4,5,2,13,1,60,2,1,7,1,7,9,1,4,1,5,,105,,1,21,121.5128464,25.0385044
113,8,19,18,45,2,05中正區,中正區重慶南路1段124號,0,0,1,2,B03,6,5,5,50,14,9,1,4,4,5,13,4,4,5,4,5,2,13,1,50,3,10,7,3,7,14,1,8,1,7,,44,,1,21,121.5128464,25.0385044
113,8,19,18,57,2,06松山區,松山區長春路與復興北路口,0,0,1,1,C03,7,5,5,50,4,18,1,4,4,5,13,1,1,1,3,5,2,3,1,61,3,10,5,1,7,6,1,10,1,14,,70,,1,26,121.5442098,25.0546825
113,8,19,18,57,2,06松山區,松山區長春路與復興北路口,0,0,1,2,H01,7,5,5,50,4,18,1,4,4,5,13,1,1,1,3,5,2,3,2,41,2,5,4,5,8,16,8,20,10,16,,67,,1,26,121.5442098,25.0546825
113,8,19,19,5,2,05中正區,中正區中華路1段與貴陽街1段口,0,0,2,1,B01,8,5,5,50,4,2,1,4,4,5,13,1,1,1,4,5,2,16,1,65,3,10,7,1,7,12,1,4,1,6,,42,,1,22,121.5077313,25.0394448
113,8,19,19,5,2,05中正區,中正區中華路1段與貴陽街1段口,0,0,2,2,C03,8,5,5,50,4,2,1,4,4,5,13,1,1,1,4,5,2,16,1,34,2,9,6,1,7,9,1,10,1,11,,108,,1,22,121.5077313,25.0394448
113,8,19,19,5,2,05中正區,中正區中華路1段與貴陽街1段口,0,0,2,3,H02,8,5,5,50,4,2,1,4,4,5,13,1,1,1,4,5,2,16,2,30,2,9,6,5,7,17,8,20,10,16,,67,,1,22,121.5077313,25.0394448
113,8,19,19,10,2,12內湖區,內湖區舊宗路2段171巷17號,0,0,1,1,B01,6,5,5,50,14,9,1,4,4,5,13,4,4,7,5,5,2,17,1,61,3,10,7,1,7,9,1,4,1,5,,107,,1,21,121.5756946,25.07125229
113,8,19,19,10,2,12內湖區,內湖區舊宗路2段171巷17號,0,0,1,2,C03,6,5,5,50,14,9,1,4,4,5,13,4,4,7,5,5,2,17,2,24,2,9,6,1,7,1,1,10,1,14,,19,,1,21,121.5756946,25.07125229
113,8,19,19,46,2,05中正區,中正區中華路2段與大埔街口,0,0,1,1,C04,6,5,5,50,4,2,1,4,4,5,13,1,1,5,4,5,2,10,2,24,2,9,5,1,7,9,1,10,1,11,,99,,1,22,121.5047967,25.0324548
113,8,19,19,46,2,05中正區,中正區中華路2段與大埔街口,0,0,1,2,B01,6,5,5,50,4,2,1,4,4,5,13,1,1,5,4,5,2,10,1,60,3,10,7,1,7,9,1,4,1,1,,44,,1,22,121.5047967,25.0324548
113,8,19,19,57,2,05中正區,中正區林森南路地下道與寧波東街9巷口,0,0,2,1,C03,6,5,5,50,5,1,1,4,4,5,13,2,1,1,4,5,2,16,2,41,2,7,5,4,7,5,1,10,2,11,,44,,1,21,121.5181056,25.0327953
113,8,19,19,57,2,05中正區,中正區林森南路地下道與寧波東街9巷口,0,0,2,2,F02,6,5,5,50,5,1,1,4,4,5,13,2,1,1,4,5,2,16,2,62,2,9,4,4,7,9,8,20,2,12,,44,,1,21,121.5181056,25.0327953
113,8,19,19,57,2,05中正區,中正區林森南路地下道與寧波東街9巷口,0,0,2,3,H02,6,5,5,50,5,1,1,4,4,5,13,2,1,1,4,5,2,16,1,7,4,11,5,5,7,20,8,20,10,16,,67,,1,21,121.5181056,25.0327953
113,8,19,20,14,2,11南港區,南港區南港路2段與興華路口,0,0,1,1,B03,8,5,5,50,4,1,1,5,4,5,13,2,1,5,4,5,2,16,2,54,3,10,3,4,7,5,1,8,1,1,,71,,1,22,121.6060966,25.054265
113,8,19,20,14,2,11南港區,南港區南港路2段與興華路口,0,0,1,2,C04,8,5,5,50,4,1,1,5,4,5,13,2,1,5,4,5,2,16,2,73,2,8,5,1,7,9,1,8,1,11,,44,,1,22,121.6060966,25.054265
113,8,19,21,5,2,02萬華區,萬華區康定路22號,0,0,1,1,C03,6,5,5,50,14,7,1,4,4,5,13,4,4,4,5,5,2,12,1,30,2,9,6,1,7,4,1,10,2,12,,44,,1,22,121.5027627,25.0451063
113,8,19,21,5,2,02萬華區,萬華區康定路22號,0,0,1,2,B03,6,5,5,50,14,7,1,4,4,5,13,4,4,4,5,5,2,12,1,39,3,10,7,1,7,1,1,8,2,5,,44,,1,22,121.5027627,25.0451063
113,8,19,22,4,2,09北投區,北投區石牌路1段與石牌路1段39巷口,0,0,1,1,B01,7,5,5,50,5,1,1,4,4,5,13,1,1,10,5,5,2,16,1,58,3,10,7,1,7,5,1,4,2,6,,71,,1,21,121.5102618,25.1130421