發生年度,發生月,發生日,發生時-Hours,發生分,處理別-編號,區序,肇事地點,死亡人數,2-30日死亡人數,受傷人數,當事人序號,車種,天候,道路照明設備,道路類別,速限-速度限制,道路型態,事故位置,路面狀況1,路面狀況2,路面狀況3,道路障礙1,道路障礙2,號誌1,號誌2,車道劃分-分向,車道劃分-分道1,車道劃分-分道2,車道劃分-分道3,事故類型及型態,性別,年齡,受傷程度,主要傷處,保護裝置,行動電話,車輛用途,當事者行動狀態,駕駛資格情形,駕駛執照種類,飲酒情形,車輛撞擊部位1,車輛撞擊部位2,肇因碼-個別,肇因碼-主要,個人肇逃否,職業,座標-X,座標-Y
113,8,19,22,4,2,09北投區,北投區石牌路1段與石牌路1段39巷口,0,0,1,2,C03,7,5,5,50,5,1,1,4,4,5,13,1,1,10,5,5,2,16,1,20,2,7,5,1,7,9,1,10,2,11,,13,,1,21,121.5102618,25.1130421
113,8,19,23,35,2,05中正區,中正區中華路1段與寶慶路口,0,0,1,1,B03,6,5,5,50,4,2,1,4,4,5,13,1,1,1,4,1,2,17,1,18,3,10,7,1,7,5,3,18,1,5,,98,,1,21,121.5084354,25.0421218
113,8,19,23,35,2,05中正區,中正區中華路1段與寶慶路口,0,0,1,2,C03,6,5,5,50,4,2,1,4,4,5,13,1,1,1,4,1,2,17,2,20,2,9,6,1,7,9,1,10,1,11,,44,,1,21,121.5084354,25.0421218
113,8,19,23,43,2,03中山區,中山區新生北路3段與德惠街口,0,0,6,1,C03,6,5,5,50,5,1,1,4,4,5,13,3,1,1,4,5,2,15,2,34,2,9,6,1,7,9,3,18,2,12,,75,,1,22,121.5293301,25.0666049
113,8,19,23,43,2,03中山區,中山區新生北路3段與德惠街口,0,0,6,2,B03,6,5,5,50,5,1,1,4,4,5,13,3,1,1,4,5,2,15,1,22,2,9,7,1,7,9,1,8,2,4,,14,,1,22,121.5293301,25.0666049
113,8,19,23,43,2,03中山區,中山區新生北路3段與德惠街口,0,0,6,3,H02,6,5,5,50,5,1,1,4,4,5,13,3,1,1,4,5,2,15,2,26,2,9,7,5,7,20,8,20,10,16,,67,,1,22,121.5293301,25.0666049
113,8,19,23,43,2,03中山區,中山區新生北路3段與德惠街口,0,0,6,4,H02,6,5,5,50,5,1,1,4,4,5,13,3,1,1,4,5,2,15,2,14,2,9,2,5,7,20,8,20,10,16,,67,,1,22,121.5293301,25.0666049
113,8,19,23,43,2,03中山區,中山區新生北路3段與德惠街口,0,0,6,5,H02,6,5,5,50,5,1,1,4,4,5,13,3,1,1,4,5,2,15,1,19,2,9,2,5,7,20,8,20,10,16,,67,,1,22,121.5293301,25.0666049
113,8,19,23,43,2,03中山區,中山區新生北路3段與德惠街口,0,0,6,6,H02,6,5,5,50,5,1,1,4,4,5,13,3,1,1,4,5,2,15,1,20,2,9,2,5,7,20,8,20,10,16,,67,,1,22,121.5293301,25.0666049
113,8,19,23,43,2,03中山區,中山區新生北路3段與德惠街口,0,0,6,7,,6,5,5,50,5,1,1,4,4,5,13,3,1,1,4,5,2,15,3,0,,,,,,,,,,,,67,,1,,121.5293301,25.0666049
113,8,19,23,43,2,03中山區,中山區新生北路3段與德惠街口,0,0,6,8,,6,5,5,50,5,1,1,4,4,5,13,3,1,1,4,5,2,15,3,0,,,,,,,,,,,,67,,1,,121.5293301,25.0666049
113,8,20,4,55,2,12內湖區,內湖區成功路2段與成功路2段324巷口口,0,0,1,1,B12,8,5,5,50,14,9,1,5,4,5,13,4,4,1,4,5,2,13,1,41,3,10,7,1,7,7,1,8,2,1,,16,,1,21,121.5906568,25.06809724
113,8,20,4,55,2,12內湖區,內湖區成功路2段與成功路2段324巷口口,0,0,1,2,F01,8,5,5,50,14,9,1,5,4,5,13,4,4,1,4,5,2,13,1,64,2,9,2,1,7,9,8,20,2,13,,5,,1,21,121.5906568,25.06809724
113,8,20,7,0,2,02萬華區,萬華區堤外便道往北近中興橋,0,0,2,1,C03,7,6,7,40,14,11,1,5,4,5,13,4,4,3,5,5,2,17,1,23,2,9,3,4,7,9,1,10,1,13,,42,,1,22,121.5085875,25.05142101
113,8,20,7,0,2,02萬華區,萬華區堤外便道往北近中興橋,0,0,2,2,C03,7,6,7,40,14,11,1,5,4,5,13,4,4,3,5,5,2,17,1,42,2,9,3,4,7,9,1,10,1,11,,44,,1,22,121.5085875,25.05142101
113,8,20,7,14,2,02萬華區,萬華區西藏路與艋舺大道口,0,0,2,1,C03,8,7,5,50,4,2,1,5,4,5,13,1,1,5,4,4,2,17,2,21,2,8,5,1,7,5,1,10,1,13,,96,,1,21,121.491726,25.02884778
113,8,20,7,14,2,02萬華區,萬華區西藏路與艋舺大道口,0,0,2,2,C03,8,7,5,50,4,2,1,5,4,5,13,1,1,5,4,4,2,17,1,54,2,1,5,1,7,9,1,10,1,11,,44,,1,21,121.491726,25.02884778
113,8,20,7,40,2,01大同區,大同區延平北路4段與酒泉街口,0,0,1,1,B12,8,6,5,50,4,1,1,5,4,5,13,2,1,5,4,5,2,17,2,55,3,10,7,4,7,6,1,8,1,5,,9,,1,21,121.5107461,25.071925
113,8,20,7,40,2,01大同區,大同區延平北路4段與酒泉街口,0,0,1,2,C04,8,6,5,50,4,1,1,5,4,5,13,2,1,5,4,5,2,17,2,25,2,9,5,4,7,9,1,10,1,14,,44,,1,21,121.5107461,25.071925
113,8,20,7,41,2,09北投區,北投區福美路與福善路口,0,0,5,1,B03,8,5,5,50,4,1,1,5,4,5,13,4,4,5,4,5,2,15,1,38,2,9,7,1,7,9,1,8,2,1,,14,,1,21,121.5065925,25.1005053
113,8,20,7,41,2,09北投區,北投區福美路與福善路口,0,0,5,2,B03,8,5,5,50,4,1,1,5,4,5,13,4,4,5,4,5,2,15,1,53,2,7,7,1,7,9,1,4,2,5,,14,,1,21,121.5065925,25.1005053
113,8,20,7,41,2,09北投區,北投區福美路與福善路口,0,0,5,3,H02,8,5,5,50,4,1,1,5,4,5,13,4,4,5,4,5,2,15,2,42,2,9,2,5,7,20,8,20,10,16,,67,,1,21,121.5065925,25.1005053
113,8,20,7,41,2,09北投區,北投區福美路與福善路口,0,0,5,4,H02,8,5,5,50,4,1,1,5,4,5,13,4,4,5,4,5,2,15,1,4,3,10,2,5,7,20,8,20,10,16,,67,,1,21,121.5065925,25.1005053
113,8,20,7,41,2,09北投區,北投區福美路與福善路口,0,0,5,5,H02,8,5,5,50,4,1,1,5,4,5,13,4,4,5,4,5,2,15,2,2,3,10,2,5,7,20,8,20,10,16,,67,,1,21,121.5065925,25.1005053
113,8,20,7,41,2,09北投區,北投區福美路與福善路口,0,0,5,6,H02,8,5,5,50,4,1,1,5,4,5,13,4,4,5,4,5,2,15,1,4,2,9,2,5,7,20,8,20,10,16,,67,,1,21,121.5065925,25.1005053
113,8,20,7,41,2,09北投區,北投區福美路與福善路口,0,0,5,7,H02,8,5,5,50,4,1,1,5,4,5,13,4,4,5,4,5,2,15,1,4,2,9,2,5,7,20,8,20,10,16,,67,,1,21,121.5065925,25.1005053
113,8,20,7,41,2,09北投區,北投區福美路與福善路口,0,0,5,8,B03,8,5,5,50,4,1,1,5,4,5,13,4,4,5,4,5,2,15,1,50,3,10,7,1,7,13,1,8,1,1,,44,,1,21,121.5065925,25.1005053
113,8,20,7,57,2,09北投區,北投區大業路與大業路280巷口,0,0,1,1,B01,8,6,5,60,3,1,1,5,4,5,13,1,1,1,4,4,2,16,1,54,3,10,7,1,7,5,1,4,1,1,,8,,1,21,121.4980884,25.1272414
113,8,20,7,57,2,09北投區,北投區大業路與大業路280巷口,0,0,1,2,C03,8,6,5,60,3,1,1,5,4,5,13,1,1,1,4,4,2,16,1,18,2,9,6,1,7,9,1,10,1,11,,42,,1,21,121.4980884,25.1272414
113,8,20,7,57,2,09北投區,北投區大業路與大業路280巷口,0,0,1,3,B03,8,6,5,60,3,1,1,5,4,5,13,1,1,1,4,4,2,16,1,45,3,10,3,4,7,13,1,8,9,2,,44,,1,21,121.4980884,25.1272414
113,8,20,8,7,2,08士林區,士林區萬溪產業道路1K+100旁燈桿,0,0,1,1,B03,8,6,5,30,11,9,1,5,4,5,13,4,4,10,5,5,1,10,1,87,3,10,7,1,7,9,1,8,2,1,,5,,1,21,121.5890491,25.12051986
113,8,20,8,7,2,08士林區,士林區萬溪產業道路1K+100旁燈桿,0,0,1,2,C03,8,6,5,30,11,9,1,5,4,5,13,4,4,10,5,5,1,10,1,26,2,9,5,1,7,9,1,10,2,11,,116,,1,21,121.5890491,25.12051986
113,8,20,8,10,2,05中正區,中正區忠孝東路2段134巷與新生南路1段52巷口,0,0,2,1,C03,8,7,5,30,4,1,1,5,4,5,13,4,4,10,5,5,2,15,1,60,3,10,5,1,7,9,1,10,2,14,,14,,1,26,121.531692,25.0417116
113,8,20,8,10,2,05中正區,中正區忠孝東路2段134巷與新生南路1段52巷口,0,0,2,2,C03,8,7,5,30,4,1,1,5,4,5,13,4,4,10,5,5,2,15,2,27,2,9,5,1,7,9,1,10,2,11,,14,,1,26,121.531692,25.0417116
113,8,20,8,10,2,05中正區,中正區忠孝東路2段134巷與新生南路1段52巷口,0,0,2,3,H02,8,7,5,30,4,1,1,5,4,5,13,4,4,10,5,5,2,15,2,57,2,6,5,5,7,20,8,20,10,16,,67,,1,26,121.531692,25.0417116
113,8,20,8,10,2,05中正區,中正區忠孝東路2段134巷與新生南路1段52巷口,0,0,2,4,B03,8,7,5,30,4,1,1,5,4,5,13,4,4,10,5,5,2,15,1,46,3,10,7,1,7,14,1,8,11,15,,38,,1,26,121.531692,25.0417116
113,8,20,8,29,2,08士林區,士林區延平北路7段106巷與延平北路7段106巷口河濱280燈桿,0,0,1,1,C03,8,6,5,40,3,1,1,5,4,5,13,4,4,10,5,5,1,13,1,28,3,10,5,1,7,9,1,10,2,11,,16,,1,21,121.4961349,25.101662
113,8,20,8,29,2,08士林區,士林區延平北路7段106巷與延平北路7段106巷口河濱280燈桿,0,0,1,2,C03,8,6,5,40,3,1,1,5,4,5,13,4,4,10,5,5,1,13,2,23,2,5,5,1,7,12,1,10,2,13,,44,,1,21,121.4961349,25.101662
113,8,20,8,29,2,08士林區,士林區延平北路7段106巷與延平北路7段106巷口河濱280燈桿,0,0,1,3,B13,8,6,5,40,3,1,1,5,4,5,13,4,4,10,5,5,1,13,1,38,3,10,7,1,7,14,1,8,11,17,,80,,1,21,121.4961349,25.101662
113,8,20,8,36,2,07信義區,信義區光復南路與基隆路2段口,0,0,2,1,C03,8,6,5,50,4,2,1,5,4,5,13,2,1,1,4,5,2,17,1,44,2,7,6,1,7,9,1,10,9,17,,16,,2,22,121.5577496,25.0301615
113,8,20,8,36,2,07信義區,信義區光復南路與基隆路2段口,0,0,2,2,C03,8,6,5,50,4,2,1,5,4,5,13,2,1,1,4,5,2,17,1,34,2,7,6,1,7,14,1,10,9,17,,44,,1,22,121.5577496,25.0301615
113,8,20,8,51,2,05中正區,中正區博愛路與武昌街1段口,0,0,2,1,C03,8,6,5,50,4,2,1,5,4,5,13,2,1,10,4,5,2,16,2,22,2,9,6,1,7,5,1,10,2,14,,8,,1,21,121.511509,25.0440606
113,8,20,8,51,2,05中正區,中正區博愛路與武昌街1段口,0,0,2,2,C03,8,6,5,50,4,2,1,5,4,5,13,2,1,10,4,5,2,16,1,30,2,9,5,1,7,9,1,10,2,12,,44,,1,21,121.511509,25.0440606
113,8,20,8,56,2,07信義區,信義區基隆路汽機車混合地下道往北,0,0,1,1,C03,8,5,5,30,7,11,1,5,4,5,13,4,4,5,2,5,2,17,2,25,2,8,3,4,7,9,1,10,1,14,,13,,1,21,121.561613,25.03630511
113,8,20,8,56,2,07信義區,信義區基隆路汽機車混合地下道往北,0,0,1,2,B12,8,5,5,30,7,11,1,5,4,5,13,4,4,5,2,5,2,17,1,52,3,10,3,4,7,9,1,8,1,17,,89,,1,21,121.561613,25.03630511
113,8,20,8,56,2,07信義區,信義區基隆路汽機車混合地下道往北,0,0,1,3,,8,5,5,30,7,11,1,5,4,5,13,4,4,5,2,5,2,17,3,0,,,,,,,,,,,,67,,1,,121.561613,25.03630511
113,8,20,9,20,2,07信義區,信義區福德街169號,0,0,1,1,F03,8,7,5,50,14,9,1,5,4,5,13,4,4,9,4,5,2,17,1,80,3,10,4,1,7,7,8,20,1,15,,100,,1,21,121.5835665,25.0378739
113,8,20,9,20,2,07信義區,信義區福德街169號,0,0,1,2,C03,8,7,5,50,14,9,1,5,4,5,13,4,4,9,4,5,2,17,1,60,2,9,6,1,7,9,1,10,1,12,,16,,1,21,121.5835665,25.0378739
113,8,20,9,35,2,07信義區,信義區仁愛路4段與逸仙路口,0,0,1,1,F01,8,7,5,0,4,2,1,5,4,5,13,1,1,1,4,1,2,17,2,40,2,9,3,4,7,5,8,20,1,12,,118,,1,21,121.5615396,25.0377456
113,8,20,9,35,2,07信義區,信義區仁愛路4段與逸仙路口,0,0,1,2,F01,8,7,5,0,4,2,1,5,4,5,13,1,1,1,4,1,2,17,4,0,,,,,,,,,,,,119,,2,,121.5615396,25.0377456
113,8,20,9,39,2,12內湖區,內湖區民權東路6段與民權東路6段296巷口,0,0,1,1,B03,8,6,5,50,3,2,1,5,4,5,13,2,1,1,4,5,2,17,1,34,3,10,7,1,7,6,1,8,2,5,,9,,1,21,121.605245,25.0724785
113,8,20,9,39,2,12內湖區,內湖區民權東路6段與民權東路6段296巷口,0,0,1,2,C03,8,6,5,50,3,2,1,5,4,5,13,2,1,1,4,5,2,17,2,46,2,9,6,1,7,9,1,10,2,13,,44,,1,21,121.605245,25.0724785
113,8,20,9,45,2,01大同區,大同區赤峰街41巷與赤峰街口,0,0,1,1,C03,8,6,5,30,4,1,1,5,4,5,13,4,4,8,4,5,2,15,1,52,2,1,5,1,7,9,1,10,1,11,,72,,1,21,121.5196077,25.0548927
113,8,20,9,45,2,01大同區,大同區赤峰街41巷與赤峰街口,0,0,1,2,B12,8,6,5,30,4,1,1,5,4,5,13,4,4,8,4,5,2,15,1,49,3,10,7,1,7,9,1,8,1,2,,14,,1,21,121.5196077,25.0548927
113,8,20,10,0,2,03中山區,中山區中山北路3段與撫順街口,0,0,1,1,B03,8,7,5,50,3,2,1,5,4,3,10,4,4,1,4,5,2,17,1,39,3,10,3,4,7,7,1,8,2,7,,100,,1,22,121.5222916,25.06372938
113,8,20,10,0,2,03中山區,中山區中山北路3段與撫順街口,0,0,1,2,C03,8,7,5,50,3,2,1,5,4,3,10,4,4,1,4,5,2,17,2,38,3,10,6,4,7,9,1,10,2,12,,44,,1,21,121.5222916,25.06372938
113,8,20,10,0,2,03中山區,中山區中山北路3段與撫順街口,0,0,1,3,C03,8,7,5,50,3,2,1,5,4,3,10,4,4,1,4,5,2,17,2,30,3,10,6,4,7,9,1,10,2,11,,44,,1,21,121.5222916,25.06372938
113,8,20,10,0,2,03中山區,中山區中山北路3段與撫順街口,0,0,1,4,C03,8,7,5,50,3,2,1,5,4,3,10,4,4,1,4,5,2,17,1,31,2,9,6,4,7,9,1,10,2,11,,116,,1,21,121.5222916,25.06372938
113,8,20,10,0,2,03中山區,中山區中山北路3段與撫順街口,0,0,1,5,B12,8,7,5,50,3,2,1,5,4,3,10,4,4,1,4,5,2,17,1,52,3,10,3,4,7,14,1,8,9,17,,44,,2,21,121.5222916,25.06372938
113,8,20,10,11,2,12內湖區,內湖區東湖路55號前,0,0,1,1,C03,8,5,5,50,14,9,1,5,4,5,13,1,1,5,4,5,2,12,1,75,2,9,6,1,7,21,1,10,9,15,,44,,1,21,121.6145721,25.0687313
113,8,20,10,11,2,12內湖區,內湖區東湖路55號前,0,0,1,2,C03,8,5,5,50,14,9,1,5,4,5,13,1,1,5,4,5,2,12,1,71,3,10,6,1,7,9,1,10,2,15,,100,,1,21,121.6145721,25.0687313
113,8,20,10,15,2,03中山區,中山區八德路2段與八德路2段218巷口,0,0,1,1,C03,7,5,5,50,3,2,1,5,4,5,13,4,4,5,4,5,2,13,1,37,2,9,3,4,7,9,1,10,2,11,,108,,1,21,121.5397406,25.04648115
113,8,20,10,15,2,03中山區,中山區八德路2段與八德路2段218巷口,0,0,1,2,C03,7,5,5,50,3,2,1,5,4,5,13,4,4,5,4,5,2,13,1,62,3,10,3,4,7,7,1,10,2,13,,27,,1,21,121.5397406,25.04648115
113,8,20,11,0,2,11南港區,南港區研究院路2段61巷與研究院路2段37巷口,0,0,1,1,C03,8,6,5,30,3,2,1,5,4,5,13,4,4,9,5,5,2,13,1,71,3,10,6,1,7,6,1,10,1,13,,9,,1,21,121.6169026,25.044233
113,8,20,11,0,2,11南港區,南港區研究院路2段61巷與研究院路2段37巷口,0,0,1,2,C03,8,6,5,30,3,2,1,5,4,5,13,4,4,9,5,5,2,13,1,57,2,9,6,1,7,9,1,10,1,14,,16,,2,21,121.6169026,25.044233
113,8,20,11,21,2,01大同區,大同區延平北路2段與民權西路口,0,0,2,1,C03,8,5,5,50,4,1,1,5,4,5,13,2,1,1,4,5,2,12,1,63,2,9,3,4,7,5,1,10,1,14,,96,,1,21,121.5113357,25.062841
113,8,20,11,21,2,01大同區,大同區延平北路2段與民權西路口,0,0,2,2,C03,8,5,5,50,4,1,1,5,4,5,13,2,1,1,4,5,2,12,2,20,2,9,3,4,7,9,1,10,1,11,,13,,1,21,121.5113357,25.062841
113,8,20,11,48,2,05中正區,中正區中山南路與貴陽街1段口,0,0,1,1,B03,8,6,8,50,22,22,1,5,4,5,13,2,1,3,4,3,2,17,1,22,3,10,7,1,7,9,1,8,2,1,,81,,1,21,121.5173428,25.0380651
113,8,20,11,48,2,05中正區,中正區中山南路與貴陽街1段口,0,0,1,2,C03,8,6,8,50,22,22,1,5,4,5,13,2,1,3,4,3,2,17,2,35,2,9,6,1,7,9,1,10,2,14,,44,,1,21,121.5173428,25.0380651
113,8,20,11,48,2,07信義區,信義區吳興街255號,0,0,1,1,C03,7,5,5,30,14,9,1,5,4,5,13,4,4,9,5,5,1,17,1,61,3,10,6,1,7,9,6,10,1,15,,42,,1,21,121.5636602,25.0271559
113,8,20,11,48,2,07信義區,信義區吳興街255號,0,0,1,2,B01,7,5,5,30,14,9,1,5,4,5,13,4,4,9,5,5,1,17,1,67,3,10,7,1,7,14,1,4,1,15,,44,,1,21,121.5636602,25.0271559
113,8,20,11,48,2,07信義區,信義區吳興街255號,0,0,1,3,H02,7,5,5,30,14,9,1,5,4,5,13,4,4,9,5,5,1,17,1,80,2,9,4,5,8,17,8,20,10,16,,67,,1,21,121.5636602,25.0271559
113,8,20,12,26,2,04大安區,大安區青田街7巷與和平東路1段183巷口,0,0,1,1,C03,8,5,5,30,4,1,1,5,4,5,13,4,4,10,5,5,1,17,2,31,2,9,6,1,7,9,1,10,2,14,,72,,1,21,121.5330245,25.0281159
113,8,20,12,26,2,04大安區,大安區青田街7巷與和平東路1段183巷口,0,0,1,2,C03,8,5,5,30,4,1,1,5,4,5,13,4,4,10,5,5,1,17,1,55,3,10,6,1,7,9,1,10,2,17,,14,,1,23,121.5330245,25.0281159
113,8,20,12,33,2,04大安區,大安區羅斯福路4段與基隆路4段口口,0,0,1,2,C03,8,6,5,50,5,3,1,5,4,5,13,2,1,1,4,5,2,13,1,25,3,10,5,1,7,12,1,10,1,13,,44,,1,22,121.5372902,25.0108582
113,8,20,12,33,2,04大安區,大安區羅斯福路4段與基隆路4段口口,0,0,1,1,C03,8,6,5,50,5,3,1,5,4,5,13,2,1,1,4,5,2,13,2,40,2,8,5,1,7,9,1,11,1,11,,16,,1,22,121.5372902,25.0108582
113,8,20,12,40,2,03中山區,中山區北安路49號與北安路口,0,0,1,1,B02,8,6,5,50,3,1,1,5,4,5,13,4,4,1,4,5,2,16,2,41,3,10,7,1,7,1,1,8,1,8,,19,,1,21,121.5286102,25.07771868
113,8,20,12,40,2,03中山區,中山區北安路49號與北安路口,0,0,1,2,C03,8,6,5,50,3,1,1,5,4,5,13,4,4,1,4,5,2,16,1,21,2,9,5,1,7,9,1,10,1,11,,44,,1,21,121.5286102,25.07771868
113,8,20,12,50,2,06松山區,松山區民生東路5段250號,0,0,1,1,C03,8,6,5,50,14,9,1,5,4,5,13,4,4,1,4,5,2,13,2,23,2,8,6,1,7,8,1,10,1,11,,108,,1,22,121.5668133,25.05908814
113,8,20,12,50,2,06松山區,松山區民生東路5段250號,0,0,1,2,B01,8,6,5,50,14,9,1,5,4,5,13,4,4,1,4,5,2,13,1,66,3,10,7,1,7,14,1,4,1,6,,44,,1,22,121.5668133,25.05908814
113,8,20,13,6,2,08士林區,士林區福港街與福港街241巷口,0,0,2,1,C03,8,6,5,30,4,2,1,5,4,5,13,4,4,9,5,5,1,17,1,19,2,7,5,1,7,1,1,10,1,14,,19,,1,21,121.5175488,25.0842832
113,8,20,13,6,2,08士林區,士林區福港街與福港街241巷口,0,0,2,2,C03,8,6,5,30,4,2,1,5,4,5,13,4,4,9,5,5,1,17,2,66,2,8,5,1,7,9,1,10,1,12,,44,,1,21,121.5175488,25.0842832
113,8,20,13,11,2,11南港區,南港區松河街與南港路3段314巷口,0,0,1,1,B13,8,6,5,40,5,1,1,5,4,5,13,2,1,1,3,5,2,16,1,51,3,10,3,4,7,6,1,8,2,5,,9,,1,21,121.5811542,25.0523624
113,8,20,13,11,2,11南港區,南港區松河街與南港路3段314巷口,0,0,1,2,C03,8,6,5,40,5,1,1,5,4,5,13,2,1,1,3,5,2,16,1,37,2,9,3,4,7,9,1,10,2,14,,44,,1,21,121.5811542,25.0523624
113,8,20,14,2,2,04大安區,大安區瑞安街75號與瑞安街71巷口,0,0,1,1,B02,7,5,5,50,5,2,1,5,4,1,13,2,1,5,4,5,2,12,1,28,3,10,7,1,7,9,1,8,1,5,,108,,1,21,121.5411159,25.0284622
113,8,20,14,2,2,04大安區,大安區瑞安街75號與瑞安街71巷口,0,0,1,2,C03,7,5,5,50,5,2,1,5,4,1,13,2,1,5,4,5,2,12,2,67,2,8,6,1,7,14,1,10,1,13,,44,,1,21,121.5411159,25.0284622
113,8,20,14,20,2,03中山區,中山區民族東路與吉林路口,0,0,1,1,E01,8,6,6,50,3,1,1,5,4,5,13,2,1,1,4,5,2,17,1,47,3,10,3,4,7,9,1,8,1,4,,42,,1,22,121.5303618,25.0682663
113,8,20,14,20,2,03中山區,中山區民族東路與吉林路口,0,0,1,2,F01,8,6,6,50,3,1,1,5,4,5,13,2,1,1,4,5,2,17,1,60,2,1,3,4,7,9,8,20,1,11,,79,,1,22,121.5303618,25.0682663
113,8,20,14,30,2,02萬華區,萬華區環河南路1段與武昌街2段口,0,0,2,1,C03,8,6,5,50,4,1,1,5,4,5,13,2,1,4,4,5,2,17,1,18,2,9,6,1,7,9,1,10,1,14,12,81,,1,21,121.5027354,25.04592977
113,8,20,14,30,2,02萬華區,萬華區環河南路1段與武昌街2段口,0,0,2,2,C03,8,6,5,50,4,1,1,5,4,5,13,2,1,4,4,5,2,17,2,50,2,9,5,1,7,9,6,10,1,12,,44,,1,21,121.5027354,25.04592977
113,8,20,14,50,2,12內湖區,內湖區新湖二路與行善路口,0,0,1,1,C03,7,6,5,50,4,1,1,5,4,5,13,2,1,1,4,5,2,17,2,47,2,9,6,1,7,5,1,10,1,14,,8,,1,21,121.5855032,25.0647724
113,8,20,14,50,2,12內湖區,內湖區新湖二路與行善路口,0,0,1,2,B01,7,6,5,50,4,1,1,5,4,5,13,2,1,1,4,5,2,17,1,55,3,10,7,1,7,9,1,4,1,5,,42,,1,21,121.5855032,25.0647724
113,8,20,15,15,2,05中正區,中正區青島東路與中山南路口,0,0,1,1,B03,6,6,5,50,4,1,1,4,4,5,13,2,1,5,4,5,2,16,2,20,3,10,7,1,7,5,1,8,1,1,,71,,1,22,121.5192463,25.04455502
113,8,20,15,15,2,05中正區,中正區青島東路與中山南路口,0,0,1,2,C03,6,6,5,50,4,1,1,4,4,5,13,2,1,5,4,5,2,16,1,44,2,9,5,1,7,9,6,10,1,11,,44,,1,22,121.5192463,25.04455502
113,8,20,15,49,2,09北投區,北投區西安街1段與致遠一路1段46巷口,0,0,1,1,B03,7,6,5,50,4,1,1,4,4,5,13,1,1,9,4,5,1,3,1,57,3,10,7,1,7,5,1,8,1,1,,70,,1,21,121.5181048,25.110386
113,8,20,15,49,2,09北投區,北投區西安街1段與致遠一路1段46巷口,0,0,1,2,H01,7,6,5,50,4,1,1,4,4,5,13,1,1,9,4,5,1,3,2,71,2,9,4,5,8,16,8,20,10,16,,67,,1,21,121.5181048,25.110386
113,8,20,16,5,2,02萬華區,萬華區環河南路1段與成都路口,0,0,1,1,B12,6,7,5,50,3,1,1,4,4,5,13,3,1,5,4,5,2,17,1,59,3,10,2,1,7,5,1,8,1,5,,80,,1,21,121.5007462,25.04395359
113,8,20,16,5,2,02萬華區,萬華區環河南路1段與成都路口,0,0,1,2,C03,6,7,5,50,3,1,1,4,4,5,13,3,1,5,4,5,2,17,1,64,2,7,6,1,7,9,6,18,1,11,,42,,1,21,121.5007462,25.04395359
113,8,20,16,18,2,08士林區,士林區士商路與承德路5段口,0,0,2,2,C03,6,5,5,60,4,2,1,4,4,5,13,2,1,1,4,1,2,17,1,30,2,9,5,1,7,9,1,10,1,14,,44,,1,21,121.5141651,25.09607583
113,8,20,16,18,2,08士林區,士林區士商路與承德路5段口,0,0,2,3,C03,6,5,5,60,4,2,1,4,4,5,13,2,1,1,4,1,2,17,2,27,2,9,5,1,7,9,1,10,1,14,,44,,1,21,121.5141651,25.09607583
113,8,20,16,18,2,08士林區,士林區士商路與承德路5段口,0,0,2,1,B03,6,5,5,60,4,2,1,4,4,5,13,2,1,1,4,1,2,17,1,40,4,11,3,4,7,21,1,7,11,15,,119,,2,22,121.5141651,25.09607583
113,8,20,16,55,2,07信義區,信義區市民高架永吉路匝道往西,0,0,1,1,B03,6,6,5,40,10,16,1,4,4,5,13,4,4,4,3,5,1,13,1,27,3,10,7,1,7,9,1,8,1,1,,108,,1,21,121.5678571,25.0457483
113,8,20,16,55,2,07信義區,信義區市民高架永吉路匝道往西,0,0,1,2,B03,6,6,5,40,10,16,1,4,4,5,13,4,4,4,3,5,1,13,2,35,2,2,7,1,7,9,1,8,1,3,,44,,1,21,121.5678571,25.0457483
113,8,20,17,20,2,11南港區,南港區南港路1段與南港路1段171巷口,0,0,1,1,C03,6,6,5,50,5,2,1,4,4,5,13,1,1,1,4,5,2,16,1,45,3,10,6,1,7,9,1,10,1,13,,17,,1,21,121.6133034,25.0552588
113,8,20,17,20,2,11南港區,南港區南港路1段與南港路1段171巷口,0,0,1,2,C03,6,6,5,50,5,2,1,4,4,5,13,1,1,1,4,5,2,16,1,34,2,9,6,1,7,9,1,10,1,11,,44,,1,21,121.6133034,25.0552588
113,8,20,17,31,2,11南港區,南港區經貿一路與南港路1段2巷口,0,0,1,1,B03,6,6,5,50,3,2,1,4,4,5,13,1,1,1,4,5,2,3,1,53,3,10,7,1,7,5,1,8,11,1,,70,,1,21,121.6196984,25.0563438
113,8,20,17,31,2,11南港區,南港區經貿一路與南港路1段2巷口,0,0,1,2,H01,6,6,5,50,3,2,1,4,4,5,13,1,1,1,4,5,2,3,2,51,2,1,4,5,8,16,8,20,11,16,,44,,1,21,121.6196984,25.0563438
113,8,20,17,40,2,07信義區,信義區基隆路1段376號,0,0,1,2,C03,6,5,5,50,14,9,1,4,4,5,13,4,4,1,4,5,1,17,1,61,3,10,3,4,7,9,1,10,1,17,,44,,1,21,121.5606007,25.0349295
113,8,20,17,40,2,07信義區,信義區基隆路1段376號,0,0,1,1,C03,6,5,5,50,14,9,1,4,4,5,13,4,4,1,4,5,1,17,2,24,2,8,3,4,7,9,1,10,1,14,,42,,1,21,121.5606007,25.0349295
113,8,20,18,8,2,09北投區,北投區中央北路4段與中央北路4段354巷口,0,0,1,1,C03,6,5,5,50,3,2,1,4,4,5,13,2,1,4,4,5,2,13,1,27,2,9,6,1,7,9,3,18,1,11,,108,,1,22,121.4720176,25.1303129