發生年度,發生月,發生日,發生時-Hours,發生分,處理別-編號,區序,肇事地點,死亡人數,2-30日死亡人數,受傷人數,當事人序號,車種,天候,道路照明設備,道路類別,速限-速度限制,道路型態,事故位置,路面狀況1,路面狀況2,路面狀況3,道路障礙1,道路障礙2,號誌1,號誌2,車道劃分-分向,車道劃分-分道1,車道劃分-分道2,車道劃分-分道3,事故類型及型態,性別,年齡,受傷程度,主要傷處,保護裝置,行動電話,車輛用途,當事者行動狀態,駕駛資格情形,駕駛執照種類,飲酒情形,車輛撞擊部位1,車輛撞擊部位2,肇因碼-個別,肇因碼-主要,個人肇逃否,職業,座標-X,座標-Y
113,8,20,18,8,2,09北投區,北投區中央北路4段與中央北路4段354巷口,0,0,1,2,B01,6,5,5,50,3,2,1,4,4,5,13,2,1,4,4,5,2,13,1,47,3,10,7,1,7,9,1,4,1,3,,44,,1,22,121.4720176,25.1303129
113,8,20,18,28,2,03中山區,中山區建國北路2段15號前迴轉道,0,0,1,1,B03,6,5,5,50,14,18,1,4,4,5,13,4,4,1,4,5,2,3,1,20,3,10,3,4,7,9,1,8,1,4,,70,,1,21,121.5371496,25.05394581
113,8,20,18,28,2,03中山區,中山區建國北路2段15號前迴轉道,0,0,1,2,H01,6,5,5,50,14,18,1,4,4,5,13,4,4,1,4,5,2,3,1,39,2,7,4,5,8,16,8,20,10,16,,67,,1,21,121.5371496,25.05394581
113,8,20,18,41,2,11南港區,南港區研究院路2段61巷與舊莊街1段3巷1弄口,0,0,1,1,C03,6,5,5,30,3,1,1,4,4,5,13,4,4,4,5,5,2,12,2,35,2,8,3,4,7,9,1,10,1,12,,72,,1,22,121.6173655,25.0445163
113,8,20,18,41,2,11南港區,南港區研究院路2段61巷與舊莊街1段3巷1弄口,0,0,1,2,B03,6,5,5,30,3,1,1,4,4,5,13,4,4,4,5,5,2,12,1,47,3,10,3,4,7,9,1,8,1,4,,14,,1,22,121.6173655,25.0445163
113,8,20,18,42,2,12內湖區,內湖區康樂街與東湖路口,0,0,1,1,B03,6,5,5,50,4,1,1,4,4,5,13,2,1,5,4,5,2,17,4,51,,,,,,,,,11,,,119,,2,,121.6175989,25.0679394
113,8,20,18,42,2,12內湖區,內湖區康樂街與東湖路口,0,0,1,2,C03,6,5,5,50,4,1,1,4,4,5,13,2,1,5,4,5,2,17,2,61,2,9,5,1,7,5,1,10,1,14,,42,,1,21,121.6175989,25.0679394
113,8,20,18,45,2,12內湖區,內湖區內湖路1段737巷與內湖路1段737巷61弄口,0,0,1,1,C03,6,5,5,30,3,2,1,4,4,5,13,4,4,9,5,5,1,16,2,61,2,3,5,1,7,6,1,10,1,12,,14,,1,21,121.5791179,25.08092332
113,8,20,18,45,2,12內湖區,內湖區內湖路1段737巷與內湖路1段737巷61弄口,0,0,1,2,B03,6,5,5,30,3,2,1,4,4,5,13,4,4,9,5,5,1,16,1,35,3,10,7,1,7,9,1,8,1,4,,44,,1,21,121.5791179,25.08092332
113,8,20,18,55,2,08士林區,士林區忠誠路1段169號,0,0,1,1,B03,6,5,8,50,22,22,1,4,4,5,13,4,4,1,4,4,1,13,1,33,3,10,7,1,7,9,1,8,1,1,,16,,1,21,121.5303847,25.10830435
113,8,20,18,55,2,08士林區,士林區忠誠路1段169號,0,0,1,2,B02,6,5,8,50,22,22,1,4,4,5,13,4,4,1,4,4,1,13,1,54,2,5,7,1,7,12,1,8,1,3,,44,,1,21,121.5303847,25.10830435
113,8,20,18,55,2,08士林區,士林區忠誠路1段169號,0,0,1,3,B03,6,5,8,50,22,22,1,4,4,5,13,4,4,1,4,4,1,13,1,31,3,10,7,1,7,1,1,8,1,3,,44,,1,21,121.5303847,25.10830435
113,8,20,18,55,2,12內湖區,內湖區民權大橋東向西,0,0,1,1,C03,6,5,5,40,14,11,1,4,4,5,13,4,4,1,4,4,2,13,1,22,3,10,5,1,7,9,1,10,1,11,,16,,1,21,121.5772782,25.0664826
113,8,20,18,55,2,12內湖區,內湖區民權大橋東向西,0,0,1,2,C03,6,5,5,40,14,11,1,4,4,5,13,4,4,1,4,4,2,13,2,22,2,9,5,1,7,9,1,10,1,13,,44,,1,21,121.5772782,25.0664826
113,8,20,19,34,2,02萬華區,萬華區昆明街126號,0,0,1,1,B03,6,5,5,50,14,7,1,4,4,5,13,4,4,9,3,5,2,12,1,40,4,11,7,4,7,9,1,8,11,15,,44,,1,22,121.5048179,25.0433814
113,8,20,19,34,2,02萬華區,萬華區昆明街126號,0,0,1,2,C03,6,5,5,50,14,7,1,4,4,5,13,4,4,9,3,5,2,12,2,23,2,9,6,1,7,9,1,10,1,14,,42,,1,22,121.5048179,25.0433814
113,8,20,21,5,2,05中正區,中正區市民大道3段與金山北路口,0,0,1,1,C03,6,5,5,50,4,2,1,4,4,5,13,1,1,1,4,1,2,12,1,25,3,10,6,1,7,9,1,10,1,12,,17,,1,21,121.5308707,25.04604
113,8,20,21,5,2,05中正區,中正區市民大道3段與金山北路口,0,0,1,2,C03,6,5,5,50,4,2,1,4,4,5,13,1,1,1,4,1,2,12,2,28,2,9,5,1,7,9,1,10,1,11,,17,,1,21,121.5308707,25.04604
113,8,20,21,10,2,05中正區,中正區中山北路1段與市民大道2段口,0,0,2,1,B02,6,5,5,40,11,6,1,4,4,5,13,4,4,1,4,5,2,16,1,20,2,1,7,1,7,11,1,8,2,6,,80,,1,22,121.5214069,25.0478941
113,8,20,21,10,2,05中正區,中正區中山北路1段與市民大道2段口,0,0,2,2,C03,6,5,5,40,11,6,1,4,4,5,13,4,4,1,4,5,2,16,1,29,2,9,6,3,7,9,1,10,2,11,,14,,1,21,121.5214069,25.0478941
113,8,20,21,11,2,05中正區,中正區愛國西路與博愛路口,0,0,2,2,C03,6,5,5,50,4,1,1,4,4,5,13,1,1,1,4,5,2,15,2,23,2,9,5,1,7,9,1,10,2,11,,44,,1,21,121.5106764,25.0354687
113,8,20,21,11,2,05中正區,中正區愛國西路與博愛路口,0,0,2,1,F01,6,5,5,50,4,1,1,4,4,5,13,1,1,1,4,5,2,15,2,69,2,9,4,1,7,9,8,20,2,12,,81,,1,21,121.5106764,25.0354687
113,8,20,21,28,2,01大同區,大同區延平北路3段與延平北路3段17巷口,0,0,1,1,B03,7,5,5,30,3,1,1,4,4,5,13,4,4,10,3,5,1,17,1,46,3,10,3,4,7,6,1,8,1,17,,44,,1,21,121.5111788,25.06382
113,8,20,21,28,2,01大同區,大同區延平北路3段與延平北路3段17巷口,0,0,1,2,C03,7,5,5,30,3,1,1,4,4,5,13,4,4,10,3,5,1,17,1,26,2,9,3,4,7,9,1,10,1,14,,14,,1,21,121.5111788,25.06382
113,8,20,21,29,2,03中山區,中山區北安路47號前,0,0,1,1,B03,6,7,8,50,14,9,1,4,4,5,13,4,4,1,4,5,2,17,2,32,3,10,3,4,7,11,1,8,1,6,,44,,1,21,121.5285893,25.07766306
113,8,20,21,29,2,03中山區,中山區北安路47號前,0,0,1,2,C03,6,7,8,50,14,9,1,4,4,5,13,4,4,1,4,5,2,17,1,20,2,7,3,4,7,9,1,10,1,11,,14,,1,22,121.5285893,25.07766306
113,8,20,22,5,2,07信義區,信義區環東大道與市民高架道口,0,0,1,1,B03,7,5,5,50,10,9,1,5,4,5,13,4,4,10,4,5,2,17,2,39,3,10,7,1,7,8,1,8,1,6,,100,,1,21,121.5690817,25.04911512
113,8,20,22,5,2,07信義區,信義區環東大道與市民高架道口,0,0,1,2,B03,7,5,5,50,10,9,1,5,4,5,13,4,4,10,4,5,2,17,1,33,2,7,7,1,7,9,1,8,1,8,,13,,1,21,121.5690817,25.04911512
113,8,20,22,35,2,07信義區,信義區大道路與忠孝東路5段口口,0,0,1,1,B03,7,5,5,50,4,1,1,5,4,5,13,2,1,1,4,5,2,17,1,32,3,10,3,4,7,6,1,8,1,2,,9,,1,22,121.5812123,25.04329624
113,8,20,22,35,2,07信義區,信義區大道路與忠孝東路5段口口,0,0,1,2,F03,7,5,5,50,4,1,1,5,4,5,13,2,1,1,4,5,2,17,1,39,2,9,2,4,7,9,8,20,1,14,,99,,1,22,121.5812123,25.04329624
113,8,20,22,38,2,07信義區,信義區信安街與信安街115巷口,0,0,1,1,C03,6,5,5,30,3,1,1,4,4,5,13,4,4,9,5,5,2,17,1,54,3,10,3,4,7,6,1,10,9,17,,13,,1,22,121.556104,25.0247839
113,8,20,22,38,2,07信義區,信義區信安街與信安街115巷口,0,0,1,2,C03,6,5,5,30,3,1,1,4,4,5,13,4,4,9,5,5,2,17,1,30,2,8,3,4,7,9,1,9,1,12,,116,,1,22,121.556104,25.0247839
113,8,20,23,18,2,03中山區,中山區民權東路3段75巷與五常街口,0,0,1,1,C03,7,5,5,50,3,1,1,4,4,5,13,4,4,5,5,5,2,16,2,62,2,3,3,4,7,5,1,10,2,12,,8,,1,21,121.5437149,25.06422513
113,8,20,23,18,2,03中山區,中山區民權東路3段75巷與五常街口,0,0,1,2,B03,7,5,5,50,3,1,1,4,4,5,13,4,4,5,5,5,2,16,1,25,3,10,3,4,7,9,1,8,2,7,,44,,1,21,121.5437149,25.06422513
113,8,21,1,50,2,07信義區,信義區逸仙路(市議會旁),0,0,1,1,B02,7,5,5,50,14,9,1,5,4,5,13,4,4,9,4,5,2,12,1,57,3,10,3,4,7,8,1,4,1,5,,80,,1,22,121.5614693,25.0381976
113,8,21,1,50,2,07信義區,信義區逸仙路(市議會旁),0,0,1,2,B01,7,5,5,50,14,9,1,5,4,5,13,4,4,9,4,5,2,12,1,54,2,5,3,4,7,9,1,4,1,7,,44,,1,21,121.5614693,25.0381976
113,8,21,2,49,2,08士林區,士林區中正路與中正路586巷口,0,0,1,1,C03,8,5,5,50,3,1,1,5,3,1,11,4,4,1,4,5,2,9,1,29,2,9,5,1,7,9,1,10,1,11,,44,,1,21,121.5100331,25.0871231
113,8,21,2,49,2,08士林區,士林區中正路與中正路586巷口,0,0,1,2,,8,5,5,50,3,1,1,5,3,1,11,4,4,1,4,5,2,9,3,30,,,,,,,,,,,,128,,1,,121.5100331,25.0871231
113,8,21,7,15,2,08士林區,士林區至誠路2段51巷與雙溪街口,0,0,1,1,C03,8,6,5,30,4,1,1,5,4,5,13,4,4,10,5,5,2,13,2,36,2,9,6,1,7,9,1,10,1,11,,42,,1,22,121.5283469,25.1008748
113,8,21,7,15,2,08士林區,士林區至誠路2段51巷與雙溪街口,0,0,1,2,C03,8,6,5,30,4,1,1,5,4,5,13,4,4,10,5,5,2,13,1,69,3,10,6,1,7,15,1,10,1,13,,44,,1,22,121.5283469,25.1008748
113,8,21,7,19,2,02萬華區,萬華區康定路105號,0,0,2,1,C03,8,6,5,50,14,9,1,5,4,5,13,4,4,5,4,5,2,17,1,50,3,10,6,1,7,11,1,10,1,14,,10,,1,21,121.5018993,25.0391537
113,8,21,7,19,2,02萬華區,萬華區康定路105號,0,0,2,2,H02,8,6,5,50,14,9,1,5,4,5,13,4,4,5,4,5,2,17,1,32,2,8,6,5,7,20,8,20,10,16,,67,,1,21,121.5018993,25.0391537
113,8,21,7,19,2,02萬華區,萬華區康定路105號,0,0,2,3,C03,8,6,5,50,14,9,1,5,4,5,13,4,4,5,4,5,2,17,1,26,2,9,6,1,7,9,1,10,1,11,,44,,1,21,121.5018993,25.0391537
113,8,21,7,19,2,12內湖區,內湖區康寧路3段190巷與康寧路3段口,0,0,1,1,B03,8,7,5,30,3,18,1,5,4,5,13,4,4,10,5,5,2,3,2,30,3,10,7,1,7,9,1,8,9,17,,70,,1,21,121.6120011,25.06858042
113,8,21,7,19,2,12內湖區,內湖區康寧路3段190巷與康寧路3段口,0,0,1,2,H01,8,7,5,30,3,18,1,5,4,5,13,4,4,10,5,5,2,3,2,57,2,9,4,5,8,16,8,20,10,16,,44,,1,21,121.6120011,25.06858042
113,8,21,7,50,2,05中正區,中正區思源街1號(自來水園區前),0,0,1,1,C03,8,6,5,50,14,9,1,5,4,5,13,4,4,3,4,5,2,13,1,31,2,9,5,1,7,9,1,10,1,11,,108,,1,21,121.5318585,25.0147332
113,8,21,7,50,2,05中正區,中正區思源街1號(自來水園區前),0,0,1,2,C03,8,6,5,50,14,9,1,5,4,5,13,4,4,3,4,5,2,13,1,43,3,10,5,1,7,9,1,10,1,13,,44,,1,21,121.5318585,25.0147332
113,8,21,8,15,2,12內湖區,內湖區文湖街與文湖街21巷口,0,0,1,1,B03,8,6,5,50,3,1,1,5,4,5,13,2,1,9,4,5,2,16,1,38,3,10,7,1,7,6,1,8,1,2,,80,,1,21,121.5614721,25.086248
113,8,21,8,15,2,12內湖區,內湖區文湖街與文湖街21巷口,0,0,1,2,C03,8,6,5,50,3,1,1,5,4,5,13,2,1,9,4,5,2,16,1,45,2,9,5,1,7,9,1,10,1,14,,44,,1,21,121.5614721,25.086248
113,8,21,8,55,2,05中正區,中正區市民大道1段逸仙公園前,0,0,1,1,C03,8,6,8,40,22,22,1,5,4,5,13,2,1,1,4,5,2,16,2,59,3,10,6,1,7,15,1,10,2,12,,17,,1,21,121.5205377,25.0479863
113,8,21,8,55,2,05中正區,中正區市民大道1段逸仙公園前,0,0,1,2,C03,8,6,8,40,22,22,1,5,4,5,13,2,1,1,4,5,2,16,2,30,2,8,6,1,7,9,1,10,2,14,,17,,1,21,121.5205377,25.0479863
113,8,21,9,6,2,03中山區,中山區中山橋南往北,0,0,1,1,C03,8,7,5,50,8,9,1,5,4,5,13,4,4,7,2,5,2,17,2,55,2,9,5,1,7,9,1,10,1,12,,16,,1,21,121.5243775,25.07356821
113,8,21,9,6,2,03中山區,中山區中山橋南往北,0,0,1,2,C03,8,7,5,50,8,9,1,5,4,5,13,4,4,7,2,5,2,17,1,42,3,10,5,1,7,9,1,10,1,14,,44,,1,21,121.5243775,25.07356821
113,8,21,9,10,2,03中山區,中山區八德路2段與八德路2段146巷口,0,0,1,1,F03,8,6,5,30,3,2,1,5,4,5,13,4,4,5,4,5,2,15,1,69,2,9,4,1,7,9,8,20,2,14,,72,,1,21,121.537181,25.0461688
113,8,21,9,10,2,03中山區,中山區八德路2段與八德路2段146巷口,0,0,1,2,B12,8,6,5,30,3,2,1,5,4,5,13,4,4,5,4,5,2,15,1,64,3,10,7,1,7,9,1,7,2,1,,44,,1,21,121.537181,25.0461688
113,8,21,9,20,2,07信義區,信義區忠孝東路5段8號,0,0,2,1,C03,8,7,5,50,14,9,1,5,4,5,13,4,4,1,4,5,2,13,1,24,3,10,5,1,7,9,1,10,1,11,,16,,1,21,121.5649073,25.0410747
113,8,21,9,20,2,07信義區,信義區忠孝東路5段8號,0,0,2,2,C03,8,7,5,50,14,9,1,5,4,5,13,4,4,1,4,5,2,13,2,43,2,7,5,1,7,12,3,18,1,11,,44,,1,21,121.5649073,25.0410747
113,8,21,9,20,2,07信義區,信義區忠孝東路5段8號,0,0,2,3,C03,8,7,5,50,14,9,1,5,4,5,13,4,4,1,4,5,2,13,2,33,2,8,5,1,7,12,1,10,1,13,,44,,1,21,121.5649073,25.0410747
113,8,21,9,53,2,05中正區,中正區中華路1段第1002882號燈桿前,0,0,2,1,C03,8,7,5,50,14,9,1,5,4,5,13,4,4,1,5,5,2,17,1,47,2,9,6,1,7,7,1,10,1,14,12,80,,1,21,121.5081395,25.04095799
113,8,21,9,53,2,05中正區,中正區中華路1段第1002882號燈桿前,0,0,2,2,C03,8,7,5,50,14,9,1,5,4,5,13,4,4,1,5,5,2,17,1,22,2,8,6,1,7,9,1,10,1,12,14,108,,1,21,121.5081395,25.04095799
113,8,21,9,58,2,11南港區,南港區昆陽街157巷與忠孝東路6段462巷口口,0,0,1,1,B03,8,6,5,40,3,1,1,5,4,5,13,4,4,5,2,5,2,16,2,34,3,10,7,1,7,9,1,8,1,5,,16,,1,21,121.5947494,25.0499238
113,8,21,9,58,2,11南港區,南港區昆陽街157巷與忠孝東路6段462巷口口,0,0,1,2,C03,8,6,5,40,3,1,1,5,4,5,13,4,4,5,2,5,2,16,2,53,2,9,6,1,7,5,1,10,1,13,,74,,1,21,121.5947494,25.0499238
113,8,21,10,8,2,04大安區,大安區忠孝東路3段193巷與忠孝東路3段217巷5弄口,0,0,1,1,B01,8,6,5,30,3,1,1,5,4,5,13,4,4,10,5,5,2,12,1,60,3,10,3,4,7,5,1,4,1,1,,101,,1,21,121.5384232,25.0433197
113,8,21,10,8,2,04大安區,大安區忠孝東路3段193巷與忠孝東路3段217巷5弄口,0,0,1,2,C03,8,6,5,30,3,1,1,5,4,5,13,4,4,10,5,5,2,12,1,24,2,8,5,4,7,5,1,10,1,11,,44,,1,21,121.5384232,25.0433197
113,8,21,10,11,2,09北投區,北投區珠海路與復興一路口,0,0,2,1,C03,8,5,5,50,3,1,1,5,4,5,13,4,4,5,4,5,2,16,2,34,2,9,5,1,7,5,1,10,2,14,,72,,1,21,121.5043888,25.14044456
113,8,21,10,11,2,09北投區,北投區珠海路與復興一路口,0,0,2,2,B12,8,5,5,50,3,1,1,5,4,5,13,4,4,5,4,5,2,16,1,45,3,10,7,1,7,9,1,8,2,1,,14,,1,21,121.5043888,25.14044456
113,8,21,10,11,2,09北投區,北投區珠海路與復興一路口,0,0,2,3,H02,8,5,5,50,3,1,1,5,4,5,13,4,4,5,4,5,2,16,2,62,2,9,5,5,7,20,8,20,10,16,,67,,1,21,121.5043888,25.14044456
113,8,21,10,15,2,09北投區,北投區大度路112號,0,0,1,1,B03,8,5,5,50,14,12,1,5,4,5,13,4,4,10,4,3,1,16,1,64,3,10,7,1,7,6,1,8,1,2,,9,,1,21,121.49557,25.12161344
113,8,21,10,15,2,09北投區,北投區大度路112號,0,0,1,2,C03,8,5,5,50,14,12,1,5,4,5,13,4,4,10,4,3,1,16,1,35,2,9,5,1,7,9,1,10,1,14,,44,,1,21,121.49557,25.12161344
113,8,21,10,33,2,07信義區,信義區吳興街220巷與吳興街220巷59弄口,0,0,2,1,C03,8,6,5,50,3,2,1,5,4,5,13,1,1,4,5,5,2,16,1,27,2,9,5,1,7,5,1,10,1,12,,71,,1,21,121.5615702,25.0265363
113,8,21,10,33,2,07信義區,信義區吳興街220巷與吳興街220巷59弄口,0,0,2,2,C03,8,6,5,50,3,2,1,5,4,5,13,1,1,4,5,5,2,16,1,31,2,9,6,1,7,9,1,10,1,11,,44,,1,21,121.5615702,25.0265363
113,8,21,10,34,2,01大同區,大同區延平北路3段與迪化街2段口,0,0,1,1,B12,8,6,5,50,3,2,1,5,4,5,13,2,1,5,2,5,2,9,1,50,3,10,7,1,7,5,6,18,2,8,,70,,1,21,121.5108116,25.06827444
113,8,21,10,34,2,01大同區,大同區延平北路3段與迪化街2段口,0,0,1,2,H01,8,6,5,50,3,2,1,5,4,5,13,2,1,5,2,5,2,9,2,68,2,8,4,5,8,16,8,20,10,16,,123,,1,21,121.5108116,25.06827444
113,8,21,10,55,2,06松山區,松山區南京東路5段202號,0,0,1,1,A04,8,7,5,50,14,9,1,5,4,5,13,2,1,9,4,5,2,12,1,52,3,10,7,1,7,8,1,2,1,2,,100,,1,21,121.564701,25.05131432
113,8,21,10,55,2,06松山區,松山區南京東路5段202號,0,0,1,2,C03,8,7,5,50,14,9,1,5,4,5,13,2,1,9,4,5,2,12,1,71,2,9,6,1,7,9,1,10,1,14,,44,,1,21,121.564701,25.05131432
113,8,21,11,17,2,04大安區,大安區信義路4段88號,0,0,2,1,C03,8,6,5,50,14,9,1,5,4,5,13,4,4,1,4,5,2,17,1,52,2,8,5,1,7,8,1,10,1,13,,100,,1,21,121.5477554,25.0331905
113,8,21,11,17,2,04大安區,大安區信義路4段88號,0,0,2,2,C03,8,6,5,50,14,9,1,5,4,5,13,4,4,1,4,5,2,17,1,38,2,8,5,1,7,9,1,10,1,11,,44,,1,21,121.5477554,25.0331905
113,8,21,11,58,2,11南港區,南港區重陽路與向陽路120巷2弄口,0,0,1,1,C03,8,6,5,50,4,1,1,5,4,5,13,2,1,4,3,4,2,16,1,50,3,10,3,4,7,5,1,10,1,12,,71,,1,21,121.5959512,25.0552627
113,8,21,11,58,2,11南港區,南港區重陽路與向陽路120巷2弄口,0,0,1,2,C03,8,6,5,50,4,1,1,5,4,5,13,2,1,4,3,4,2,16,1,34,2,9,3,4,7,9,1,10,1,11,,110,,1,21,121.5959512,25.0552627
113,8,21,12,25,2,12內湖區,內湖區成功路4段61巷32弄與成功路4段61巷口,0,0,1,1,B03,8,6,5,30,4,1,1,5,4,5,13,1,1,10,5,5,2,16,1,19,3,10,7,1,7,5,1,8,2,15,,8,,1,21,121.5932665,25.0808817
113,8,21,12,25,2,12內湖區,內湖區成功路4段61巷32弄與成功路4段61巷口,0,0,1,2,C03,8,6,5,30,4,1,1,5,4,5,13,1,1,10,5,5,2,16,1,27,2,7,6,1,7,9,1,10,2,12,,44,,1,21,121.5932665,25.0808817
113,8,21,12,30,2,03中山區,中山區龍江路342巷30號,0,0,2,1,F01,8,7,5,30,14,9,1,5,4,5,13,4,4,10,5,5,2,16,1,13,2,8,2,1,7,6,8,20,1,12,,9,,1,21,121.539185,25.0654939
113,8,21,12,30,2,03中山區,中山區龍江路342巷30號,0,0,2,2,F03,8,7,5,30,14,9,1,5,4,5,13,4,4,10,5,5,2,16,1,60,2,9,2,1,7,9,8,20,1,14,,44,,1,21,121.539185,25.0654939
113,8,21,12,30,2,06松山區,松山區健康路325巷25弄與健康路325巷口,0,0,2,1,B12,8,6,5,30,4,1,1,5,4,5,13,4,4,5,3,5,2,15,1,32,2,4,7,4,7,9,1,8,1,1,,72,,1,21,121.5671446,25.0564735
113,8,21,12,30,2,06松山區,松山區健康路325巷25弄與健康路325巷口,0,0,2,2,B02,8,6,5,30,4,1,1,5,4,5,13,4,4,5,3,5,2,15,1,48,2,5,7,4,7,9,1,8,1,2,,13,,1,21,121.5671446,25.0564735
113,8,21,12,42,2,02萬華區,萬華區西園路2段與東園街口,0,0,2,1,C03,8,6,5,50,4,1,1,5,4,5,13,1,1,1,3,5,1,15,2,22,2,9,3,4,7,9,1,10,1,11,,81,,1,21,121.4952995,25.028127
113,8,21,12,42,2,02萬華區,萬華區西園路2段與東園街口,0,0,2,2,C03,8,6,5,50,4,1,1,5,4,5,13,1,1,1,3,5,1,15,1,38,2,9,3,4,7,9,1,10,1,14,,44,,1,21,121.4952995,25.028127
113,8,21,12,46,2,01大同區,大同區承德路2段與承德路2段109巷口,0,0,1,1,C03,8,6,5,50,3,1,1,5,4,5,13,4,4,1,4,5,2,13,1,52,2,9,6,1,7,7,1,10,2,11,,108,,1,21,121.518277,25.0568186
113,8,21,12,46,2,01大同區,大同區承德路2段與承德路2段109巷口,0,0,1,2,B01,8,6,5,50,3,1,1,5,4,5,13,4,4,1,4,5,2,13,1,68,3,10,7,1,7,9,1,8,2,7,,44,,1,21,121.518277,25.0568186
113,8,21,12,46,2,01大同區,大同區承德路2段與承德路2段109巷口,0,0,1,3,B03,8,6,5,50,3,1,1,5,4,5,13,4,4,1,4,5,2,13,3,0,,,,,,,,,,,,38,,1,,121.518277,25.0568186
113,8,21,13,2,2,02萬華區,萬華區環河南路2段與環河南路2段175巷口,0,0,1,1,F03,8,7,5,30,4,2,1,5,4,5,13,2,1,5,4,5,2,12,1,68,2,9,4,1,7,15,8,20,1,14,,101,,1,21,121.4945999,25.02764051
113,8,21,13,2,2,02萬華區,萬華區環河南路2段與環河南路2段175巷口,0,0,1,2,B03,8,7,5,30,4,2,1,5,4,5,13,2,1,5,4,5,2,12,1,68,3,10,2,1,7,9,1,8,1,2,,17,,1,21,121.4945999,25.02764051
113,8,21,13,10,2,03中山區,中山區大直街124巷內 第0104691燈桿,0,0,1,1,B03,8,6,6,30,14,9,1,5,4,5,13,4,4,10,5,5,2,11,1,24,3,10,3,4,7,9,1,8,1,8,,44,,1,22,121.5478925,25.08618658
113,8,21,13,10,2,03中山區,中山區大直街124巷內 第0104691燈桿,0,0,1,2,C03,8,6,6,30,14,9,1,5,4,5,13,4,4,10,5,5,2,11,2,57,2,9,5,4,7,9,1,10,1,14,,5,,1,22,121.5478925,25.08618658
113,8,21,13,20,2,10文山區,文山區秀明路1段79巷與秀明路1段79巷5弄口口,0,0,1,1,C03,8,6,5,30,3,1,1,5,4,5,13,4,4,10,5,5,2,15,1,33,2,9,5,1,7,9,1,10,1,11,,14,,1,21,121.5653752,24.9910819
113,8,21,13,20,2,10文山區,文山區秀明路1段79巷與秀明路1段79巷5弄口口,0,0,1,2,B03,8,6,5,30,3,1,1,5,4,5,13,4,4,10,5,5,2,15,1,55,3,10,7,1,7,9,1,8,1,4,,14,,1,21,121.5653752,24.9910819
113,8,21,13,26,2,03中山區,中山區吉林路161巷與民生東路2段115巷口,0,0,1,1,C03,7,7,5,30,4,1,1,5,4,5,13,4,4,10,5,5,1,15,2,43,2,8,5,1,7,9,1,10,1,12,,72,,1,21,121.5315271,25.05892459
113,8,21,13,26,2,03中山區,中山區吉林路161巷與民生東路2段115巷口,0,0,1,2,B01,7,7,5,30,4,1,1,5,4,5,13,4,4,10,5,5,1,15,1,60,3,10,7,1,7,9,1,4,1,1,,13,,1,21,121.5315271,25.05892459
113,8,21,13,27,2,08士林區,士林區承德路5段與士商路口,0,0,1,1,B03,8,6,5,50,4,1,1,5,4,5,13,2,1,1,4,5,1,16,1,39,3,10,7,1,7,6,1,8,2,2,,9,,1,21,121.5142376,25.0960597
113,8,21,13,27,2,08士林區,士林區承德路5段與士商路口,0,0,1,2,C03,8,6,5,50,4,1,1,5,4,5,13,2,1,1,4,5,1,16,1,28,2,7,5,1,7,9,1,10,2,14,,44,,1,21,121.5142376,25.0960597
113,8,21,13,27,2,09北投區,北投區承德路6段與福國路口,0,0,2,1,B03,8,7,5,60,4,2,1,5,4,5,13,2,1,1,4,4,2,13,1,33,2,9,7,1,7,9,6,18,1,1,,16,,1,22,121.5121939,25.1019422
113,8,21,13,27,2,09北投區,北投區承德路6段與福國路口,0,0,2,2,B03,8,7,5,60,4,2,1,5,4,5,13,2,1,1,4,4,2,13,1,42,3,10,7,1,7,14,1,8,1,3,,44,,1,22,121.5121939,25.1019422
113,8,21,13,27,2,09北投區,北投區承德路6段與福國路口,0,0,2,3,H02,8,7,5,60,4,2,1,5,4,5,13,2,1,1,4,4,2,13,2,7,2,9,7,5,7,20,8,20,10,16,,67,,1,22,121.5121939,25.1019422
113,8,21,13,46,2,04大安區,大安區建國南路2段與建國南路口側附近2段294巷口,0,0,1,1,B01,8,6,5,50,3,1,1,5,4,5,13,4,4,1,4,4,2,17,1,54,3,10,7,1,7,8,1,4,1,6,,100,,1,22,121.5373792,25.0244878
113,8,21,13,46,2,04大安區,大安區建國南路2段與建國南路口側附近2段294巷口,0,0,1,2,C03,8,6,5,50,3,1,1,5,4,5,13,4,4,1,4,4,2,17,1,30,2,9,5,1,7,8,1,10,1,12,,44,,1,22,121.5373792,25.0244878
113,8,21,13,46,2,11南港區,南港區新民街37號,0,0,2,1,C03,7,6,5,30,14,9,1,5,4,5,13,4,4,9,5,5,2,16,1,35,2,8,5,1,7,1,1,10,1,14,,19,,1,21,121.6127989,25.056224
113,8,21,13,46,2,11南港區,南港區新民街37號,0,0,2,2,C03,7,6,5,30,14,9,1,5,4,5,13,4,4,9,5,5,2,16,2,41,2,9,5,1,7,9,1,10,1,11,,44,,1,21,121.6127989,25.056224
113,8,21,13,50,2,09北投區,北投區中央北路4段與中央北路4段515巷口,0,0,1,1,B03,8,5,5,50,3,2,1,5,4,5,13,1,1,9,4,5,1,11,1,42,3,10,7,1,7,1,1,8,2,8,,19,,1,21,121.4683348,25.1282183
113,8,21,13,50,2,09北投區,北投區中央北路4段與中央北路4段515巷口,0,0,1,2,C03,8,5,5,50,3,2,1,5,4,5,13,1,1,9,4,5,1,11,1,36,2,9,6,1,7,9,1,10,2,11,,13,,1,21,121.4683348,25.1282183