發生年度,發生月,發生日,發生時-Hours,發生分,處理別-編號,區序,肇事地點,死亡人數,2-30日死亡人數,受傷人數,當事人序號,車種,天候,道路照明設備,道路類別,速限-速度限制,道路型態,事故位置,路面狀況1,路面狀況2,路面狀況3,道路障礙1,道路障礙2,號誌1,號誌2,車道劃分-分向,車道劃分-分道1,車道劃分-分道2,車道劃分-分道3,事故類型及型態,性別,年齡,受傷程度,主要傷處,保護裝置,行動電話,車輛用途,當事者行動狀態,駕駛資格情形,駕駛執照種類,飲酒情形,車輛撞擊部位1,車輛撞擊部位2,肇因碼-個別,肇因碼-主要,個人肇逃否,職業,座標-X,座標-Y
113,8,21,14,45,2,08士林區,士林區中山北路4段與通河街口,0,0,1,1,C03,8,6,5,50,3,1,1,5,4,5,13,1,1,1,2,5,2,16,2,20,2,9,3,4,7,6,1,10,1,13,,9,,1,21,121.5242985,25.07982697
113,8,21,14,45,2,08士林區,士林區中山北路4段與通河街口,0,0,1,2,C03,8,6,5,50,3,1,1,5,4,5,13,1,1,1,2,5,2,16,2,35,3,10,3,4,7,9,1,10,1,11,,44,,1,21,121.5242985,25.07982697
113,8,21,15,2,2,02萬華區,萬華區大理街170巷與環河南路2段125巷口,0,0,2,1,C03,8,7,5,30,4,1,2,5,4,5,13,4,4,10,5,5,2,12,2,28,2,9,5,1,7,15,1,10,1,14,,44,,1,21,121.4940058,25.0340275
113,8,21,15,2,2,02萬華區,萬華區大理街170巷與環河南路2段125巷口,0,0,2,2,C03,8,7,5,30,4,1,2,5,4,5,13,4,4,10,5,5,2,12,1,61,2,8,5,1,7,9,1,10,1,11,,44,,1,21,121.4940058,25.0340275
113,8,21,15,14,2,11南港區,南港區舊莊街1段與舊莊街1段215巷口口,0,0,1,1,B03,6,6,5,50,4,18,1,4,4,5,13,2,1,5,2,5,2,3,1,73,3,10,7,1,7,6,1,8,1,5,,70,,1,21,121.6226385,25.0383087
113,8,21,15,14,2,11南港區,南港區舊莊街1段與舊莊街1段215巷口口,0,0,1,2,H01,6,6,5,50,4,18,1,4,4,5,13,2,1,5,2,5,2,3,2,69,2,9,4,5,8,16,8,20,1,16,,67,,1,21,121.6226385,25.0383087
113,8,21,15,24,2,06松山區,松山區敦化北路與敦化北路4巷口對面小巨蛋停車場前,0,0,1,1,B03,7,6,5,50,3,1,1,4,4,5,13,3,1,1,5,4,2,16,2,34,3,10,3,4,7,6,1,8,2,2,,9,,1,22,121.5492144,25.0499588
113,8,21,15,24,2,06松山區,松山區敦化北路與敦化北路4巷口對面小巨蛋停車場前,0,0,1,2,C03,7,6,5,50,3,1,1,4,4,5,13,3,1,1,5,4,2,16,2,33,2,9,6,1,7,9,1,10,2,11,,80,,1,22,121.5492144,25.0499588
113,8,21,15,24,2,06松山區,松山區敦化北路與敦化北路4巷口對面小巨蛋停車場前,0,0,1,3,B02,7,6,5,50,3,1,1,4,4,5,13,3,1,1,5,4,2,16,2,42,3,10,3,4,7,14,1,8,11,17,,38,,1,22,121.5492144,25.0499588
113,8,21,15,34,1,01大同區,大同區民族西路與重慶北路3段口,1,0,0,1,B12,7,6,5,50,4,1,1,5,4,5,13,2,1,5,5,5,2,16,1,34,3,10,7,1,7,5,1,8,2,5,,71,,1,21,121.5137174,25.0686788
113,8,21,15,34,1,01大同區,大同區民族西路與重慶北路3段口,1,0,0,2,C03,7,6,5,50,4,1,1,5,4,5,13,2,1,5,5,5,2,16,2,28,1,9,6,1,7,9,1,10,9,11,,13,,1,21,121.5137174,25.0686788
113,8,21,15,37,2,06松山區,松山區八德路3段12巷與八德路3段12巷16弄口,0,0,1,1,B03,7,7,5,30,4,1,1,5,4,5,13,4,4,10,5,5,2,15,2,22,3,10,7,1,7,9,1,8,1,1,,14,,1,22,121.5507267,25.04715096
113,8,21,15,37,2,06松山區,松山區八德路3段12巷與八德路3段12巷16弄口,0,0,1,2,C03,7,7,5,30,4,1,1,5,4,5,13,4,4,10,5,5,2,15,2,25,2,9,6,1,7,9,1,10,1,12,,44,,1,22,121.5507267,25.04715096
113,8,21,15,47,2,04大安區,大安區敦化南路1段與信義路4段口,0,0,1,1,C03,8,7,5,50,4,1,1,5,4,5,13,2,1,1,4,1,1,16,2,58,4,11,3,4,7,6,7,19,11,11,,119,,2,22,121.5492184,25.0333652
113,8,21,15,47,2,04大安區,大安區敦化南路1段與信義路4段口,0,0,1,2,F01,8,7,5,50,4,1,1,5,4,5,13,2,1,1,4,1,1,16,2,52,2,6,4,4,7,9,8,20,11,11,,44,,1,21,121.5492184,25.0333652
113,8,21,16,0,2,07信義區,信義區信安街104號對面,0,0,1,1,B03,7,6,5,50,14,9,1,5,4,5,13,4,4,9,5,5,2,17,1,56,3,10,7,1,7,1,1,8,2,1,,19,,1,21,121.5564335,25.0252232
113,8,21,16,0,2,07信義區,信義區信安街104號對面,0,0,1,2,C03,7,6,5,50,14,9,1,5,4,5,13,4,4,9,5,5,2,17,1,45,2,9,6,1,7,9,1,10,2,12,,44,,1,21,121.5564335,25.0252232
113,8,21,16,10,2,12內湖區,內湖區內湖路1段737巷24號,0,0,2,1,B12,6,5,5,30,14,9,1,4,4,5,13,4,4,8,5,5,1,17,1,22,3,10,3,4,7,15,1,8,1,4,,40,,1,22,121.5683655,25.0823089
113,8,21,16,10,2,12內湖區,內湖區內湖路1段737巷24號,0,0,2,2,C03,6,5,5,30,14,9,1,4,4,5,13,4,4,8,5,5,1,17,1,43,2,9,3,4,7,9,1,10,1,11,,44,,1,22,121.5683655,25.0823089
113,8,21,16,10,2,12內湖區,內湖區內湖路1段737巷24號,0,0,2,3,H02,6,5,5,30,14,9,1,4,4,5,13,4,4,8,5,5,1,17,1,5,2,9,3,5,7,20,8,20,10,16,,67,,1,22,121.5683655,25.0823089
113,8,21,16,28,2,08士林區,士林區通河西街2段與社中街384巷口,0,0,1,1,F01,7,6,5,30,3,1,1,5,4,5,13,4,4,9,5,5,2,15,1,70,2,9,4,4,7,9,8,20,1,14,,42,,1,21,121.5035431,25.09347241
113,8,21,16,28,2,08士林區,士林區通河西街2段與社中街384巷口,0,0,1,2,C03,7,6,5,30,3,1,1,5,4,5,13,4,4,9,5,5,2,15,1,35,3,10,3,4,7,9,1,10,1,12,,13,,1,21,121.5035431,25.09347241
113,8,21,16,50,2,03中山區,中山區天祥路與撫順街口,0,0,1,1,B02,6,7,5,30,4,1,1,4,4,5,13,4,4,10,5,5,2,15,1,29,3,10,7,1,7,9,1,8,1,1,,14,,1,21,121.52075,25.06360532
113,8,21,16,50,2,03中山區,中山區天祥路與撫順街口,0,0,1,2,C03,6,7,5,30,4,1,1,4,4,5,13,4,4,10,5,5,2,15,2,44,2,8,6,1,7,9,1,10,1,14,,99,,1,21,121.52075,25.06360532
113,8,21,16,50,2,07信義區,信義區信義路5段5號,0,0,1,2,C03,6,5,5,50,14,9,1,4,4,5,13,4,4,1,4,5,1,17,1,34,2,9,3,4,7,9,1,10,1,12,,13,,1,21,121.56184,25.03308
113,8,21,16,50,2,07信義區,信義區信義路5段5號,0,0,1,1,B02,6,5,5,50,14,9,1,4,4,5,13,4,4,1,4,5,1,17,1,67,,,,,,,,,11,,,100,,,,121.56184,25.03308
113,8,21,16,55,2,01大同區,大同區承德路1段1號與華陰街口,0,0,2,1,C03,6,5,5,50,14,9,1,4,4,5,13,4,4,1,4,5,2,16,2,59,2,8,5,1,7,8,1,10,1,12,,80,,1,21,121.5164998,25.0495201
113,8,21,16,55,2,01大同區,大同區承德路1段1號與華陰街口,0,0,2,2,C03,6,5,5,50,14,9,1,4,4,5,13,4,4,1,4,5,2,16,1,66,2,9,5,1,7,9,1,10,1,14,,44,,1,21,121.5164998,25.0495201
113,8,21,17,5,2,04大安區,大安區建國南路1段與濟南路3段口,0,0,1,1,C03,7,6,5,50,4,2,1,5,4,5,13,4,4,9,4,5,1,16,1,24,2,5,3,4,7,8,1,10,1,12,,100,,1,22,121.5381456,25.0397818
113,8,21,17,5,2,04大安區,大安區建國南路1段與濟南路3段口,0,0,1,2,C03,7,6,5,50,4,2,1,5,4,5,13,4,4,9,4,5,1,16,1,58,3,10,3,4,7,9,1,10,1,11,,44,,1,22,121.5381456,25.0397818
113,8,21,17,6,2,03中山區,中山區市民大道2段與長安東路1段52巷口,0,0,2,1,B02,6,6,5,40,14,9,1,4,4,5,13,4,4,1,4,5,2,12,1,32,3,10,7,1,7,9,1,8,1,5,,17,,1,21,121.5275787,25.0470635
113,8,21,17,6,2,03中山區,中山區市民大道2段與長安東路1段52巷口,0,0,2,2,C03,6,6,5,40,14,9,1,4,4,5,13,4,4,1,4,5,2,12,1,65,2,9,5,1,7,9,1,10,1,14,,17,,1,21,121.5275787,25.0470635
113,8,21,17,6,2,03中山區,中山區市民大道2段與長安東路1段52巷口,0,0,2,3,C03,6,6,5,40,14,9,1,4,4,5,13,4,4,1,4,5,2,12,1,18,3,10,6,1,7,9,1,10,1,13,,44,,1,21,121.5275787,25.0470635
113,8,21,17,6,2,03中山區,中山區市民大道2段與長安東路1段52巷口,0,0,2,4,C03,6,6,5,40,14,9,1,4,4,5,13,4,4,1,4,5,2,12,1,68,2,9,5,1,7,9,1,10,1,17,,44,,1,21,121.5275787,25.0470635
113,8,21,17,19,2,01大同區,大同區酒泉街與重慶北路3段口,0,0,1,1,B12,8,5,5,50,4,2,1,5,4,5,13,2,1,5,5,5,2,17,1,51,3,10,3,4,7,5,1,8,2,4,,8,,1,21,121.5139327,25.0720725
113,8,21,17,19,2,01大同區,大同區酒泉街與重慶北路3段口,0,0,1,2,C03,8,5,5,50,4,2,1,5,4,5,13,2,1,5,5,5,2,17,2,48,2,9,3,4,7,9,1,10,2,11,,108,,1,21,121.5139327,25.0720725
113,8,21,17,20,2,05中正區,中正區信義路2段73號,0,0,1,1,F01,8,6,5,50,14,23,4,5,4,5,13,4,4,5,4,5,2,11,2,60,3,10,4,1,7,9,8,20,2,14,,108,,1,22,121.5265327,25.03449378
113,8,21,17,20,2,05中正區,中正區信義路2段73號,0,0,1,2,F01,8,6,5,50,14,23,4,5,4,5,13,4,4,5,4,5,2,11,2,33,2,9,4,1,7,9,8,20,2,14,,108,,1,22,121.5265327,25.03449378
113,8,21,17,20,2,10文山區,文山區萬芳路與萬芳路26巷口,0,0,1,1,C03,6,7,5,50,3,4,1,4,4,5,13,1,1,5,4,5,2,13,2,68,2,9,5,1,7,9,1,10,1,11,,16,,1,21,121.5708244,24.9966761
113,8,21,17,20,2,10文山區,文山區萬芳路與萬芳路26巷口,0,0,1,2,C03,6,7,5,50,3,4,1,4,4,5,13,1,1,5,4,5,2,13,1,26,3,10,5,1,7,14,1,10,1,13,,44,,1,21,121.5708244,24.9966761
113,8,21,17,24,2,02萬華區,萬華區萬大路628號,0,0,1,1,A02,8,7,5,30,14,9,1,5,4,5,13,4,4,10,5,5,2,9,1,61,3,10,7,1,7,1,1,2,1,17,,19,,1,21,121.4956609,25.0170259
113,8,21,17,24,2,02萬華區,萬華區萬大路628號,0,0,1,2,H02,8,7,5,30,14,9,1,5,4,5,13,4,4,10,5,5,2,9,2,84,2,9,4,5,7,19,8,20,10,16,,67,,1,21,121.4956609,25.0170259
113,8,21,17,31,2,10文山區,文山區木新路3段172巷與忠順街1段26巷27弄口口,0,0,1,1,C03,6,6,5,30,4,1,1,4,4,5,13,4,4,10,5,5,2,15,1,55,3,10,5,1,7,9,1,10,1,11,,14,,1,21,121.5606056,24.9822395
113,8,21,17,31,2,10文山區,文山區木新路3段172巷與忠順街1段26巷27弄口口,0,0,1,2,C03,6,6,5,30,4,1,1,4,4,5,13,4,4,10,5,5,2,15,1,40,2,7,5,1,7,9,1,10,1,12,,14,,1,21,121.5606056,24.9822395
113,8,21,17,35,2,01大同區,(延平北路3段20號前),0,0,1,1,C03,7,6,5,30,4,1,1,5,4,5,13,4,4,10,5,5,1,15,2,48,2,9,6,1,7,9,1,10,1,11,,14,,1,21,121.5103502,25.0639406
113,8,21,17,35,2,01大同區,(延平北路3段20號前),0,0,1,2,C03,7,6,5,30,4,1,1,5,4,5,13,4,4,10,5,5,1,15,1,53,3,10,6,1,7,9,1,10,1,12,,13,,1,21,121.5103502,25.0639406
113,8,21,17,44,2,04大安區,大安區辛亥路3段與復興南路2段口,0,0,1,1,C03,6,6,5,50,3,1,1,4,4,5,13,2,1,1,2,1,2,12,2,22,2,8,6,4,7,15,1,10,1,12,,17,,1,22,121.5433092,25.0215085
113,8,21,17,44,2,04大安區,大安區辛亥路3段與復興南路2段口,0,0,1,2,B03,6,6,5,50,3,1,1,4,4,5,13,2,1,1,2,1,2,12,1,26,3,10,3,4,7,9,1,8,1,4,,44,,1,22,121.5433092,25.0215085
113,8,21,17,46,2,08士林區,士林區基河路251巷與基河路口,0,0,1,1,B03,8,6,5,30,4,2,1,5,4,5,13,2,1,9,4,5,1,17,1,39,3,10,3,4,7,5,1,8,9,8,,44,,2,21,121.5215834,25.09126608
113,8,21,17,46,2,08士林區,士林區基河路251巷與基河路口,0,0,1,2,C03,8,6,5,30,4,2,1,5,4,5,13,2,1,9,4,5,1,17,2,52,2,8,5,1,7,5,1,10,11,17,,8,,1,21,121.5215834,25.09126608
113,8,21,17,50,2,11南港區,南港區忠孝東路6段與東新街口,0,0,1,1,B03,6,5,5,50,4,2,1,4,4,5,13,1,1,1,3,5,2,17,1,45,3,10,7,1,7,5,1,8,1,2,,17,,1,21,121.5849806,25.04816216
113,8,21,17,50,2,11南港區,南港區忠孝東路6段與東新街口,0,0,1,2,C03,6,5,5,50,4,2,1,4,4,5,13,1,1,1,3,5,2,17,1,28,2,9,5,1,7,5,1,10,1,14,,44,,1,21,121.5849806,25.04816216
113,8,21,17,50,2,11南港區,南港區忠孝東路6段與東新街口,0,0,1,3,B03,6,5,5,50,4,2,1,4,4,5,13,1,1,1,3,5,2,17,1,34,3,10,7,1,7,13,1,8,1,4,,44,,1,21,121.5849806,25.04816216
113,8,21,17,53,2,12內湖區,內湖區內湖路1段306號前,0,0,1,1,B03,8,6,5,50,14,9,1,5,4,5,13,4,4,1,4,4,2,17,2,48,3,10,7,1,7,8,1,8,2,5,,100,,1,21,121.5692354,25.08199699
113,8,21,17,53,2,12內湖區,內湖區內湖路1段306號前,0,0,1,2,F01,8,6,5,50,14,9,1,5,4,5,13,4,4,1,4,4,2,17,2,39,2,9,4,1,7,9,8,20,2,14,,44,,1,21,121.5692354,25.08199699
113,8,21,17,56,2,07信義區,信義區市民大道5段與基隆路1段口,0,0,2,1,C03,7,7,5,50,5,1,1,4,4,5,13,1,1,1,4,5,2,13,2,32,2,7,3,4,7,12,1,10,1,13,,44,,1,21,121.5688713,25.0489946
113,8,21,17,56,2,07信義區,信義區市民大道5段與基隆路1段口,0,0,2,2,C03,7,7,5,50,5,1,1,4,4,5,13,1,1,1,4,5,2,13,1,51,2,9,3,4,7,9,1,10,1,11,,44,,1,21,121.5688713,25.0489946
113,8,21,18,0,2,12內湖區,內湖區瑞湖街與民權東路6段15巷口,0,0,2,1,C03,6,5,5,50,4,2,1,4,4,5,13,1,1,5,5,5,2,17,1,32,2,7,5,1,7,15,1,10,2,11,,44,,1,21,121.5764897,25.06875197
113,8,21,18,0,2,12內湖區,內湖區瑞湖街與民權東路6段15巷口,0,0,2,2,C03,6,5,5,50,4,2,1,4,4,5,13,1,1,5,5,5,2,17,1,43,2,9,5,1,7,9,1,10,2,11,,44,,1,21,121.5764897,25.06875197
113,8,21,18,2,2,09北投區,北投區東華街1段與明德路口南往北方向,0,0,1,1,B03,8,5,5,50,4,2,1,5,4,5,13,1,1,9,4,5,1,11,1,54,3,10,7,1,7,1,1,8,2,8,,44,,1,21,121.5194777,25.1092152
113,8,21,18,2,2,09北投區,北投區東華街1段與明德路口南往北方向,0,0,1,2,C03,8,5,5,50,4,2,1,5,4,5,13,1,1,9,4,5,1,11,2,50,2,7,6,1,7,4,1,10,2,12,,101,,1,21,121.5194777,25.1092152
113,8,21,18,2,2,09北投區,北投區東華街1段與明德路口南往北方向,0,0,1,3,B03,8,5,5,50,4,2,1,5,4,5,13,1,1,9,4,5,1,11,1,45,3,10,7,1,7,9,1,8,2,5,,44,,1,21,121.5194777,25.1092152
113,8,21,18,23,2,12內湖區,內湖區石潭路27號前,0,0,1,1,B03,7,5,5,50,14,9,1,5,4,5,13,4,4,5,4,5,2,16,1,36,3,10,7,1,7,6,1,8,1,5,,9,,1,21,121.5860192,25.06265511
113,8,21,18,23,2,12內湖區,內湖區石潭路27號前,0,0,1,2,C03,7,5,5,50,14,9,1,5,4,5,13,4,4,5,4,5,2,16,1,32,2,9,6,1,7,9,1,10,1,14,,44,,1,21,121.5860192,25.06265511
113,8,21,18,52,2,09北投區,北投區天母西路與天母西路130巷口,0,0,3,3,H02,8,5,5,50,14,9,1,5,4,5,13,4,4,9,4,5,2,16,2,34,2,8,5,5,7,20,8,20,10,16,,67,,1,21,121.5223352,25.1190747
113,8,21,18,52,2,09北投區,北投區天母西路與天母西路130巷口,0,0,3,1,C03,8,5,5,50,14,9,1,5,4,5,13,4,4,9,4,5,2,16,2,19,2,8,5,1,7,5,1,10,1,12,,71,,1,21,121.5223352,25.1190747
113,8,21,18,52,2,09北投區,北投區天母西路與天母西路130巷口,0,0,3,2,C03,8,5,5,50,14,9,1,5,4,5,13,4,4,9,4,5,2,16,1,34,2,8,5,1,7,9,1,10,1,11,,44,,1,21,121.5223352,25.1190747
113,8,21,19,0,2,06松山區,松山區南京東路5段369號,0,0,2,1,C03,6,5,5,50,14,9,1,4,4,5,13,2,1,1,4,1,2,13,1,33,2,9,6,1,7,12,1,9,1,15,,116,,1,22,121.5685497,25.05144069
113,8,21,19,0,2,06松山區,松山區南京東路5段369號,0,0,2,2,C03,6,5,5,50,14,9,1,4,4,5,13,2,1,1,4,1,2,13,1,48,2,9,5,1,7,14,1,10,1,13,,44,,1,22,121.5685497,25.05144069
113,8,21,19,3,2,01大同區,大同區民權西路與民權西路225巷口,0,0,1,1,C03,8,6,5,50,14,9,1,5,4,5,12,2,1,9,4,5,2,17,2,50,2,9,6,4,7,5,1,10,1,13,,8,,1,22,121.5121293,25.0628724
113,8,21,19,3,2,01大同區,大同區民權西路與民權西路225巷口,0,0,1,2,C03,8,6,5,50,14,9,1,5,4,5,12,2,1,9,4,5,2,17,1,37,3,10,6,4,7,9,1,10,1,11,,44,,1,22,121.5121293,25.0628724
113,8,21,19,30,2,03中山區,中山區中山北路4段圓山飯店下坡道,0,0,1,1,B03,8,5,5,50,11,9,1,5,4,5,13,1,1,10,4,5,2,12,2,38,4,11,3,4,7,15,1,8,11,6,,44,,2,22,121.5258123,25.07488187
113,8,21,19,30,2,03中山區,中山區中山北路4段圓山飯店下坡道,0,0,1,2,C03,8,5,5,50,11,9,1,5,4,5,13,1,1,10,4,5,2,12,2,22,2,9,6,1,7,15,1,10,1,14,,100,,1,21,121.5258123,25.07488187
113,8,21,19,41,2,12內湖區,內湖區堤外便道與五分街口,0,0,1,1,C03,8,5,5,50,4,1,1,5,4,5,13,1,1,9,5,5,2,16,1,19,2,8,6,1,7,5,1,10,1,11,,80,,1,21,121.6179143,25.0658224
113,8,21,19,41,2,12內湖區,內湖區堤外便道與五分街口,0,0,1,2,C03,8,5,5,50,4,1,1,5,4,5,13,1,1,9,5,5,2,16,1,60,3,10,6,1,7,9,1,10,1,11,,44,,1,21,121.6179143,25.0658224
113,8,21,19,57,2,05中正區,中正區中山南路與仁愛路1段口,0,0,1,1,B01,8,5,5,50,22,8,1,5,4,5,13,1,1,1,4,1,1,17,1,62,3,10,7,1,7,9,1,4,2,2,,101,,1,21,121.5179223,25.0390995
113,8,21,19,57,2,05中正區,中正區中山南路與仁愛路1段口,0,0,1,2,C03,8,5,5,50,22,8,1,5,4,5,13,1,1,1,4,1,1,17,2,38,2,9,5,1,7,9,1,10,2,14,,78,,1,21,121.5179223,25.0390995
113,8,21,20,44,2,04大安區,大安區通化街171巷與基隆路2段口,0,0,1,1,B03,8,5,5,50,4,2,1,5,4,5,13,1,1,5,5,5,2,13,1,58,3,10,7,1,7,9,6,18,1,1,,16,,1,21,121.5558039,25.0275177
113,8,21,20,44,2,04大安區,大安區通化街171巷與基隆路2段口,0,0,1,2,C03,8,5,5,50,4,2,1,5,4,5,13,1,1,5,5,5,2,13,2,68,2,9,6,1,7,12,3,18,1,13,,42,,1,21,121.5558039,25.0275177
113,8,21,21,40,2,01大同區,大同區民族西路與民族西路221巷口,0,0,2,1,C03,8,5,5,50,14,9,1,5,4,5,13,4,4,9,4,5,2,17,2,29,2,9,5,1,7,11,1,10,1,14,,80,,1,21,121.5131884,25.0686646
113,8,21,21,40,2,01大同區,大同區民族西路與民族西路221巷口,0,0,2,2,C03,8,5,5,50,14,9,1,5,4,5,13,4,4,9,4,5,2,17,1,41,2,9,5,1,7,9,1,10,1,11,,44,,1,21,121.5131884,25.0686646
113,8,21,22,12,2,05中正區,中正區羅斯福路4段與基隆路4段口,0,0,1,1,C03,8,5,5,50,5,2,1,5,4,5,13,1,1,1,4,5,2,12,1,28,3,10,5,1,7,15,1,10,2,12,,16,,1,21,121.5369744,25.0114031
113,8,21,22,12,2,05中正區,中正區羅斯福路4段與基隆路4段口,0,0,1,2,C03,8,5,5,50,5,2,1,5,4,5,13,1,1,1,4,5,2,12,1,31,2,9,5,1,7,15,1,10,2,14,,44,,1,21,121.5369744,25.0114031
113,8,22,1,40,2,10文山區,文山區萬芳路11號,0,0,2,1,C03,7,5,5,50,14,9,1,5,4,5,13,4,4,5,4,5,2,12,1,20,2,9,5,1,7,9,1,10,1,12,,108,,1,21,121.5685352,24.9988391
113,8,22,1,40,2,10文山區,文山區萬芳路11號,0,0,2,2,C03,7,5,5,50,14,9,1,5,4,5,13,4,4,5,4,5,2,12,1,22,2,9,5,1,7,9,1,10,1,14,,44,,1,21,121.5685352,24.9988391
113,8,22,3,42,2,08士林區,士林區文昌路與美崙街口,0,0,1,1,B03,8,5,5,50,4,1,1,5,4,5,13,1,1,5,4,5,1,15,1,33,3,10,3,4,7,9,1,3,4,8,,81,,1,22,121.5208669,25.0968441
113,8,22,3,42,2,08士林區,士林區文昌路與美崙街口,0,0,1,2,C03,8,5,5,50,4,1,1,5,4,5,13,1,1,5,4,5,1,15,1,42,2,9,3,4,7,9,1,10,2,11,,44,,1,22,121.5208669,25.0968441
113,8,22,3,52,2,07信義區,信義區莊敬路391巷11弄5號與莊敬路391巷口,0,0,1,1,C03,7,5,5,30,3,2,1,5,4,5,13,4,4,9,4,5,2,29,1,20,2,9,6,1,7,9,1,10,7,11,,21,,1,22,121.5656367,25.0287306
113,8,22,3,52,2,07信義區,信義區莊敬路391巷11弄5號與莊敬路391巷口,0,0,1,2,C03,7,5,5,30,3,2,1,5,4,5,13,4,4,9,4,5,2,29,3,0,,,,,,,,,,,,67,,1,,121.5656367,25.0287306
113,8,22,3,52,2,07信義區,信義區莊敬路391巷11弄5號與莊敬路391巷口,0,0,1,3,C03,7,5,5,30,3,2,1,5,4,5,13,4,4,9,4,5,2,29,3,0,,,,,,,,,,,,67,,1,,121.5656367,25.0287306
113,8,22,3,52,2,07信義區,信義區莊敬路391巷11弄5號與莊敬路391巷口,0,0,1,4,C03,7,5,5,30,3,2,1,5,4,5,13,4,4,9,4,5,2,29,3,0,,,,,,,,,,,,67,,1,,121.5656367,25.0287306
113,8,22,3,52,2,07信義區,信義區莊敬路391巷11弄5號與莊敬路391巷口,0,0,1,5,C03,7,5,5,30,3,2,1,5,4,5,13,4,4,9,4,5,2,29,3,0,,,,,,,,,,,,67,,1,,121.5656367,25.0287306
113,8,22,7,7,2,02萬華區,萬華區德昌街與民和街81巷口,0,0,2,1,C03,7,6,5,30,4,1,1,5,4,5,13,4,4,5,5,5,2,17,1,55,3,10,6,1,7,5,1,10,1,17,,44,,1,21,121.4982824,25.0248238
113,8,22,7,7,2,02萬華區,萬華區德昌街與民和街81巷口,0,0,2,2,C03,7,6,5,30,4,1,1,5,4,5,13,4,4,5,5,5,2,17,2,42,2,9,6,1,7,9,1,10,1,12,,44,,1,21,121.4982824,25.0248238
113,8,22,7,7,2,02萬華區,萬華區德昌街與民和街81巷口,0,0,2,3,H02,7,6,5,30,4,1,1,5,4,5,13,4,4,5,5,5,2,17,1,12,2,9,6,5,7,17,8,20,10,16,,67,,1,21,121.4982824,25.0248238
113,8,22,7,7,2,09北投區,北投區大度路27號,0,0,1,1,C02,8,6,5,50,14,9,1,5,4,5,13,4,4,1,4,5,1,13,1,47,2,8,6,1,7,9,1,4,1,11,,16,,1,21,121.497003,25.12110361
113,8,22,7,7,2,09北投區,北投區大度路27號,0,0,1,2,B02,8,6,5,50,14,9,1,5,4,5,13,4,4,1,4,5,1,13,1,38,3,10,7,1,7,9,1,4,1,3,,14,,1,21,121.497003,25.12110361
113,8,22,7,10,2,10文山區,文山區興隆路4段與興隆路4段46巷口口,0,0,1,1,B03,8,6,5,50,4,2,1,5,4,5,13,2,1,10,5,4,1,16,1,63,3,10,7,1,7,5,1,8,2,1,,71,,1,21,121.5604842,24.9876659
113,8,22,7,10,2,10文山區,文山區興隆路4段與興隆路4段46巷口口,0,0,1,2,C03,8,6,5,50,4,2,1,5,4,5,13,2,1,10,5,4,1,16,2,49,2,8,6,1,7,9,1,10,2,14,,44,,1,21,121.5604842,24.9876659
113,8,22,7,22,2,01大同區,大同區台北橋機慢車道往三重,0,0,2,1,C03,8,6,7,50,8,11,1,5,4,5,13,4,4,1,4,5,2,17,1,24,2,9,6,4,7,9,1,10,1,12,,13,,1,22,121.5085404,25.0635414
113,8,22,7,22,2,01大同區,大同區台北橋機慢車道往三重,0,0,2,2,C03,8,6,7,50,8,11,1,5,4,5,13,4,4,1,4,5,2,17,1,19,2,9,6,4,7,7,1,10,1,14,,100,,1,22,121.5085404,25.0635414
113,8,22,7,36,2,08士林區,士林區自強隧道(外)往南,0,0,1,2,B03,8,6,5,0,14,9,1,5,4,5,13,4,4,10,4,5,1,17,2,34,2,9,5,1,7,7,1,10,2,13,,100,,1,21,121.5484794,25.0949955
113,8,22,7,36,2,08士林區,士林區自強隧道(外)往南,0,0,1,1,C03,8,6,5,0,14,9,1,5,4,5,13,4,4,10,4,5,1,17,2,32,3,10,7,1,7,9,1,8,2,1,,108,,1,21,121.5484794,25.0949955
113,8,22,7,44,2,12內湖區,內湖區陽光街與瑞光路口,0,0,2,1,F01,8,6,5,50,4,1,1,5,4,5,13,2,1,9,4,5,2,16,2,16,2,8,4,1,7,1,8,20,1,14,,19,,1,21,121.5796521,25.0737994
113,8,22,7,44,2,12內湖區,內湖區陽光街與瑞光路口,0,0,2,2,C03,8,6,5,50,4,1,1,5,4,5,13,2,1,9,4,5,2,16,1,38,2,9,6,1,7,6,1,10,1,11,,44,,1,21,121.5796521,25.0737994
113,8,22,7,52,2,02萬華區,萬華區環河南路1段187號前,0,0,1,1,B12,8,5,8,50,22,22,1,5,4,5,13,4,4,10,5,5,2,17,1,40,3,10,3,4,7,7,1,8,1,8,,42,,1,21,121.4982052,25.0404392
113,8,22,7,52,2,02萬華區,萬華區環河南路1段187號前,0,0,1,2,C03,8,5,8,50,22,22,1,5,4,5,13,4,4,10,5,5,2,17,1,28,2,9,3,4,7,9,1,10,1,11,,42,,1,21,121.4982052,25.0404392
113,8,22,7,52,2,12內湖區,內湖區舊宗路1段18號對面,0,0,3,1,C03,8,6,5,50,14,9,1,5,4,5,13,4,4,1,4,5,2,13,2,42,2,9,5,1,7,9,1,10,1,11,,16,,1,21,121.5807054,25.0584344
113,8,22,7,52,2,12內湖區,內湖區舊宗路1段18號對面,0,0,3,2,C03,8,6,5,50,14,9,1,5,4,5,13,4,4,1,4,5,2,13,2,51,2,7,5,1,7,12,1,10,1,13,,44,,1,21,121.5807054,25.0584344