發生年度,發生月,發生日,發生時-Hours,發生分,處理別-編號,區序,肇事地點,死亡人數,2-30日死亡人數,受傷人數,當事人序號,車種,天候,道路照明設備,道路類別,速限-速度限制,道路型態,事故位置,路面狀況1,路面狀況2,路面狀況3,道路障礙1,道路障礙2,號誌1,號誌2,車道劃分-分向,車道劃分-分道1,車道劃分-分道2,車道劃分-分道3,事故類型及型態,性別,年齡,受傷程度,主要傷處,保護裝置,行動電話,車輛用途,當事者行動狀態,駕駛資格情形,駕駛執照種類,飲酒情形,車輛撞擊部位1,車輛撞擊部位2,肇因碼-個別,肇因碼-主要,個人肇逃否,職業,座標-X,座標-Y
113,8,22,7,52,2,12內湖區,內湖區舊宗路1段18號對面,0,0,3,5,H02,8,6,5,50,14,9,1,5,4,5,13,4,4,1,4,5,2,13,2,17,2,9,5,5,7,20,8,20,10,16,,67,,1,21,121.5807054,25.0584344
113,8,22,7,52,2,12內湖區,內湖區舊宗路1段18號對面,0,0,3,3,C03,8,6,5,50,14,9,1,5,4,5,13,4,4,1,4,5,2,13,2,36,3,10,5,1,7,9,1,10,9,11,,108,,1,21,121.5807054,25.0584344
113,8,22,7,52,2,12內湖區,內湖區舊宗路1段18號對面,0,0,3,4,A02,8,6,5,50,14,9,1,5,4,5,13,4,4,1,4,5,2,13,1,63,3,10,7,1,7,1,1,6,9,17,,19,,1,21,121.5807054,25.0584344
113,8,22,7,53,2,03中山區,中山區松江路與錦州街口,0,0,2,1,C03,8,6,5,50,4,1,1,5,4,5,13,2,1,2,4,5,2,16,2,41,2,9,6,1,7,6,1,10,1,12,,9,,1,21,121.5332938,25.0602771
113,8,22,7,53,2,03中山區,中山區松江路與錦州街口,0,0,2,2,C03,8,6,5,50,4,1,1,5,4,5,13,2,1,2,4,5,2,16,1,21,2,9,6,1,7,9,1,10,1,14,,44,,1,21,121.5332938,25.0602771
113,8,22,7,53,2,03中山區,中山區松江路與錦州街口,0,0,2,3,B03,8,6,5,50,4,1,1,5,4,5,13,2,1,2,4,5,2,16,1,55,3,10,7,1,7,14,1,8,1,3,,44,,1,21,121.5332938,25.0602771
113,8,22,8,3,2,03中山區,中山區民族東路524號,0,0,1,1,C03,7,5,5,50,14,9,1,5,4,5,13,4,4,5,4,5,2,13,2,32,2,9,3,4,7,9,1,10,1,11,,108,,1,21,121.5426414,25.06757858
113,8,22,8,3,2,03中山區,中山區民族東路524號,0,0,1,2,A12,7,5,5,50,14,9,1,5,4,5,13,4,4,5,4,5,2,13,1,54,3,10,3,4,7,13,1,8,1,6,,44,,1,21,121.5426414,25.06757858
113,8,22,8,8,2,07信義區,信義區松仁路與忠孝東路5段236巷2弄口,0,0,1,1,B03,8,7,5,50,3,1,1,5,4,5,13,4,4,1,4,5,2,16,1,31,3,10,7,1,7,6,1,8,2,2,,9,,1,21,121.5685925,25.0404611
113,8,22,8,8,2,07信義區,信義區松仁路與忠孝東路5段236巷2弄口,0,0,1,2,C03,8,7,5,50,3,1,1,5,4,5,13,4,4,1,4,5,2,16,1,24,2,9,5,1,7,9,1,10,2,14,,13,,1,21,121.5685925,25.0404611
113,8,22,8,16,2,01大同區,大同區西寧北路與忠孝西路2段口,0,0,2,1,C03,8,6,5,50,4,2,1,5,4,5,13,2,1,1,4,5,2,17,1,37,2,7,5,4,7,9,1,10,1,11,,16,,1,21,121.5077063,25.0494205
113,8,22,8,16,2,01大同區,大同區西寧北路與忠孝西路2段口,0,0,2,2,C03,8,6,5,50,4,2,1,5,4,5,13,2,1,1,4,5,2,17,1,59,2,7,5,4,7,14,1,10,1,13,,44,,1,21,121.5077063,25.0494205
113,8,22,8,20,2,03中山區,中山區樂群二路142號,0,0,1,1,B03,8,6,5,50,14,9,1,5,4,5,13,4,4,3,4,5,2,12,2,41,3,10,7,1,7,1,1,8,2,8,,19,,1,22,121.5568367,25.0799049
113,8,22,8,20,2,03中山區,中山區樂群二路142號,0,0,1,2,C03,8,6,5,50,14,9,1,5,4,5,13,4,4,3,4,5,2,12,1,25,2,9,6,1,7,9,1,10,2,12,,17,,1,22,121.5568367,25.0799049
113,8,22,8,45,2,12內湖區,內湖區堤頂大道2段與瑞光路478巷口,0,0,1,1,B03,8,7,5,50,4,1,1,5,4,5,13,2,1,10,2,5,2,16,1,34,3,10,7,1,7,6,1,8,1,2,,9,,1,21,121.5676233,25.0781064
113,8,22,8,45,2,12內湖區,內湖區堤頂大道2段與瑞光路478巷口,0,0,1,2,C03,8,7,5,50,4,1,1,5,4,5,13,2,1,10,2,5,2,16,1,36,2,9,5,1,7,9,1,9,1,14,,44,,1,21,121.5676233,25.0781064
113,8,22,8,46,2,03中山區,中山區中山北路2段與長春路口,0,0,1,1,C03,8,6,5,50,4,1,1,5,4,5,13,2,1,5,4,5,2,13,1,31,2,7,5,1,7,6,1,10,1,12,,9,,1,21,121.5228373,25.0549081
113,8,22,8,46,2,03中山區,中山區中山北路2段與長春路口,0,0,1,2,B03,8,6,5,50,4,1,1,5,4,5,13,2,1,5,4,5,2,13,1,72,3,10,3,4,7,6,1,8,1,8,,44,,1,21,121.5228373,25.0549081
113,8,22,8,46,2,03中山區,中山區中山北路2段與長春路口,0,0,1,3,C03,8,6,5,50,4,1,1,5,4,5,13,2,1,5,4,5,2,13,1,51,4,11,5,4,7,9,1,10,9,11,,119,,1,21,121.5228373,25.0549081
113,8,22,8,46,2,03中山區,中山區中山北路2段與長春路口,0,0,1,4,C03,8,6,5,50,4,1,1,5,4,5,13,2,1,5,4,5,2,13,2,22,4,11,5,4,7,9,1,10,9,11,,119,,2,21,121.5228373,25.0549081
113,8,22,8,49,2,03中山區,中山區復興北路340號,0,0,5,1,C03,7,7,5,50,14,9,1,5,4,5,13,4,4,1,3,5,1,13,2,59,3,10,5,1,7,9,1,10,1,13,,16,,1,21,121.5441645,25.05963614
113,8,22,8,49,2,03中山區,中山區復興北路340號,0,0,5,2,C03,7,7,5,50,14,9,1,5,4,5,13,4,4,1,3,5,1,13,2,33,2,8,5,1,7,9,1,10,1,13,,16,,1,21,121.5441645,25.05963614
113,8,22,8,49,2,03中山區,中山區復興北路340號,0,0,5,3,C03,7,7,5,50,14,9,1,5,4,5,13,4,4,1,3,5,1,13,1,39,3,10,6,1,7,9,1,10,1,13,,44,,1,21,121.5441645,25.05963614
113,8,22,8,49,2,03中山區,中山區復興北路340號,0,0,5,4,C03,7,7,5,50,14,9,1,5,4,5,13,4,4,1,3,5,1,13,2,39,2,9,5,1,7,9,1,10,1,11,,16,,1,21,121.5441645,25.05963614
113,8,22,8,49,2,03中山區,中山區復興北路340號,0,0,5,5,C03,7,7,5,50,14,9,1,5,4,5,13,4,4,1,3,5,1,13,2,40,2,7,5,1,7,9,1,10,1,11,,16,,1,21,121.5441645,25.05963614
113,8,22,8,49,2,03中山區,中山區復興北路340號,0,0,5,6,C03,7,7,5,50,14,9,1,5,4,5,13,4,4,1,3,5,1,13,2,23,2,7,5,1,7,9,1,10,1,11,,16,,1,21,121.5441645,25.05963614
113,8,22,8,49,2,03中山區,中山區復興北路340號,0,0,5,7,H02,7,7,5,50,14,9,1,5,4,5,13,4,4,1,3,5,1,13,2,39,2,8,5,5,7,17,8,20,10,16,,67,,1,21,121.5441645,25.05963614
113,8,22,8,50,2,04大安區,大安區羅斯福路3段與辛亥路1段口,0,0,5,1,C03,8,5,5,50,4,2,1,5,4,5,13,1,1,1,4,5,1,13,1,48,2,9,5,1,7,12,1,10,1,11,,44,,1,21,121.52989,25.0197204
113,8,22,8,50,2,04大安區,大安區羅斯福路3段與辛亥路1段口,0,0,5,2,C03,8,5,5,50,4,2,1,5,4,5,13,1,1,1,4,5,1,13,1,42,2,9,5,1,7,9,1,10,1,11,,16,,1,21,121.52989,25.0197204
113,8,22,8,50,2,04大安區,大安區羅斯福路3段與辛亥路1段口,0,0,5,3,C03,8,5,5,50,4,2,1,5,4,5,13,1,1,1,4,5,1,13,1,56,2,9,5,1,7,9,1,10,1,11,,16,,1,21,121.52989,25.0197204
113,8,22,8,50,2,04大安區,大安區羅斯福路3段與辛亥路1段口,0,0,5,4,C03,8,5,5,50,4,2,1,5,4,5,13,1,1,1,4,5,1,13,1,20,2,9,5,1,7,9,1,10,1,11,,16,,1,21,121.52989,25.0197204
113,8,22,8,50,2,04大安區,大安區羅斯福路3段與辛亥路1段口,0,0,5,5,H02,8,5,5,50,4,2,1,5,4,5,13,1,1,1,4,5,1,13,2,39,2,9,5,5,7,20,8,20,10,16,,67,,1,21,121.52989,25.0197204
113,8,22,8,50,2,04大安區,大安區羅斯福路3段與辛亥路1段口,0,0,5,6,E01,8,5,5,50,4,2,1,5,4,5,13,1,1,1,4,5,1,13,1,30,3,10,7,1,7,6,1,8,1,17,,44,,1,21,121.52989,25.0197204
113,8,22,8,52,2,04大安區,大安區信義路3段166巷與復興南路2段12巷口,0,0,2,1,F01,7,5,5,30,3,1,1,5,4,5,13,4,4,9,5,5,2,15,1,24,2,8,4,1,7,9,8,20,1,15,,86,,1,21,121.5419407,25.0327981
113,8,22,8,52,2,04大安區,大安區信義路3段166巷與復興南路2段12巷口,0,0,2,2,C03,7,5,5,30,3,1,1,5,4,5,13,4,4,9,5,5,2,15,1,42,2,8,6,1,7,9,1,8,1,11,,44,,1,21,121.5419407,25.0327981
113,8,22,8,53,2,10文山區,文山區永安街6巷與永安街口口,0,0,1,1,C03,8,6,5,30,4,1,1,5,4,5,13,4,4,10,5,5,2,15,1,21,2,9,5,1,7,9,1,10,1,12,,44,,1,21,121.5702286,24.9871115
113,8,22,8,53,2,10文山區,文山區永安街6巷與永安街口口,0,0,1,2,B03,8,6,5,30,4,1,1,5,4,5,13,4,4,10,5,5,2,15,2,73,3,10,7,1,7,9,1,8,1,8,,44,,1,21,121.5702286,24.9871115
113,8,22,9,2,2,12內湖區,內湖區安康路22巷與潭美街口,0,0,1,1,B03,8,6,5,40,3,1,1,5,4,5,13,1,1,5,5,5,2,15,1,47,3,10,7,1,7,11,1,8,1,8,,74,,1,21,121.5938962,25.0610578
113,8,22,9,2,2,12內湖區,內湖區安康路22巷與潭美街口,0,0,1,2,C03,8,6,5,40,3,1,1,5,4,5,13,1,1,5,5,5,2,15,2,67,2,7,5,1,7,9,1,10,1,14,,44,,1,21,121.5938962,25.0610578
113,8,22,9,20,2,10文山區,文山區萬安街與萬美街1段口口,0,0,1,2,B03,8,6,5,50,3,1,1,5,4,1,13,2,2,5,5,5,1,17,1,52,3,10,7,4,7,6,1,8,1,2,,17,,1,21,121.5707494,25.00225806
113,8,22,9,20,2,10文山區,文山區萬安街與萬美街1段口口,0,0,1,1,C03,8,6,5,50,3,1,1,5,4,1,13,2,2,5,5,5,1,17,1,73,2,8,5,1,7,6,1,10,1,14,,44,,1,21,121.5707494,25.00225806
113,8,22,9,30,2,01大同區,大同區民生西路與太原路口,0,0,2,1,C03,8,6,5,50,3,1,1,5,4,5,13,2,1,5,4,5,2,17,1,82,2,9,6,4,7,5,1,10,2,11,,71,,1,22,121.5169403,25.0571552
113,8,22,9,30,2,01大同區,大同區民生西路與太原路口,0,0,2,2,C03,8,6,5,50,3,1,1,5,4,5,13,2,1,5,4,5,2,17,1,25,2,9,6,4,7,9,1,9,2,14,,44,,1,22,121.5169403,25.0571552
113,8,22,9,45,2,09北投區,北投區珠海路與珠海路133巷口,0,0,1,1,B03,8,5,5,50,3,1,1,5,4,5,13,4,4,9,4,5,2,16,1,75,3,10,7,1,7,6,1,8,2,5,,9,,1,21,121.5083762,25.1419907
113,8,22,9,45,2,09北投區,北投區珠海路與珠海路133巷口,0,0,1,2,C03,8,5,5,50,3,1,1,5,4,5,13,4,4,9,4,5,2,16,1,57,2,9,5,1,7,9,1,9,2,14,,44,,1,21,121.5083762,25.1419907
113,8,22,9,49,2,03中山區,中山區民權東路2段與民權東路2段152巷口,0,0,1,1,C03,7,5,5,50,4,2,1,5,4,5,13,2,1,1,4,5,2,17,1,22,2,7,3,4,7,4,1,10,1,14,,44,,1,21,121.5348531,25.062319
113,8,22,9,49,2,03中山區,中山區民權東路2段與民權東路2段152巷口,0,0,1,2,C03,7,5,5,50,4,2,1,5,4,5,13,2,1,1,4,5,2,17,1,26,3,10,3,4,7,6,1,10,1,12,,44,,1,21,121.5348531,25.062319
113,8,22,9,54,2,06松山區,松山區南京東路4段10號,0,0,1,1,B03,8,7,5,50,14,7,1,5,4,5,13,4,4,9,4,4,1,12,2,32,3,10,7,1,7,8,1,8,1,5,,17,,1,22,121.5519498,25.0515966
113,8,22,9,54,2,06松山區,松山區南京東路4段10號,0,0,1,2,C03,8,7,5,50,14,7,1,5,4,5,13,4,4,9,4,4,1,12,2,45,2,9,5,1,7,9,1,10,1,14,,17,,1,22,121.5519498,25.0515966
113,8,22,9,55,2,06松山區,松山區松河街236號,0,0,2,1,C03,8,6,5,40,14,9,1,5,4,5,13,4,4,9,5,5,2,16,1,73,2,8,6,1,7,5,1,10,1,14,,8,,1,22,121.5784254,25.05179834
113,8,22,9,55,2,06松山區,松山區松河街236號,0,0,2,2,C01,8,6,5,40,14,9,1,5,4,5,13,4,4,9,5,5,2,16,1,21,2,7,6,1,7,9,1,9,1,12,,108,,1,22,121.5784254,25.05179834
113,8,22,10,9,2,06松山區,松山區南京東路5段與光復北路口口,0,0,1,1,C03,8,7,5,50,4,1,1,5,4,5,13,2,1,3,4,5,2,17,1,34,2,7,6,1,7,5,1,10,1,11,,8,,1,21,121.5579008,25.0513053
113,8,22,10,9,2,06松山區,松山區南京東路5段與光復北路口口,0,0,1,2,B02,8,7,5,50,4,1,1,5,4,5,13,2,1,3,4,5,2,17,1,47,3,10,7,1,7,11,1,8,1,4,,10,,1,21,121.5579008,25.0513053
113,8,22,10,35,2,10文山區,文山區興隆路2段220巷4號,0,0,1,1,B03,8,6,5,50,14,9,1,5,4,5,12,4,4,9,5,5,2,17,2,32,3,10,7,1,7,3,1,8,1,8,,18,,1,21,121.5524532,25.0010361
113,8,22,10,35,2,10文山區,文山區興隆路2段220巷4號,0,0,1,2,C03,8,6,5,50,14,9,1,5,4,5,12,4,4,9,5,5,2,17,1,46,2,9,6,1,7,9,1,10,1,11,,44,,1,21,121.5524532,25.0010361
113,8,22,10,39,2,06松山區,松山區民生東路3段與敦化北路口,0,0,1,1,B02,8,7,5,50,4,1,1,5,4,5,13,2,1,9,4,4,2,17,1,68,3,10,7,1,7,15,1,4,1,6,,101,,1,22,121.5488137,25.05779027
113,8,22,10,39,2,06松山區,松山區民生東路3段與敦化北路口,0,0,1,2,C03,8,7,5,50,4,1,1,5,4,5,13,2,1,9,4,4,2,17,1,25,2,9,6,1,7,9,1,10,1,14,,44,,1,22,121.5488137,25.05779027
113,8,22,11,0,2,04大安區,大安區仁愛路3段與建國南路1段口口,0,0,1,1,B03,8,6,5,50,4,4,1,5,4,5,13,2,1,10,4,5,2,13,2,46,3,10,7,1,7,9,1,8,1,8,,14,,1,22,121.5378611,25.0382207
113,8,22,11,0,2,04大安區,大安區仁愛路3段與建國南路1段口口,0,0,1,2,C03,8,6,5,50,4,4,1,5,4,5,13,2,1,10,4,5,2,13,2,27,2,8,5,1,7,12,1,10,1,13,,44,,1,22,121.5378611,25.0382207
113,8,22,11,10,2,12內湖區,內湖區東湖路與安康路口前,0,0,2,1,C03,8,6,5,50,4,1,1,5,4,4,12,1,1,5,4,5,1,17,1,59,2,9,5,1,7,5,1,10,1,12,,71,,1,22,121.6160372,25.0682348
113,8,22,11,10,2,12內湖區,內湖區東湖路與安康路口前,0,0,2,2,C03,8,6,5,50,4,1,1,5,4,4,12,1,1,5,4,5,1,17,1,30,2,8,6,1,7,9,1,10,1,11,,44,,1,22,121.6160372,25.0682348
113,8,22,11,19,2,11南港區,南港區南港路2段155號與南港路2段口,0,0,1,1,C04,8,6,5,50,3,2,1,5,4,5,13,1,1,1,4,5,2,16,2,45,2,9,6,1,7,6,1,11,1,14,,72,,1,21,121.5953296,25.0544343
113,8,22,11,19,2,11南港區,南港區南港路2段155號與南港路2段口,0,0,1,2,B03,8,6,5,50,3,2,1,5,4,5,13,1,1,1,4,5,2,16,2,56,3,10,3,4,7,9,1,8,1,2,,44,,1,21,121.5953296,25.0544343
113,8,22,11,33,2,05中正區,中正區懷寧街與開封街1段口,0,0,2,1,E03,8,6,5,50,4,1,1,5,4,5,12,3,1,10,5,5,2,17,2,33,2,8,6,4,7,9,1,10,2,11,,80,,1,23,121.5142075,25.04598403
113,8,22,11,33,2,05中正區,中正區懷寧街與開封街1段口,0,0,2,2,C03,8,6,5,50,4,1,1,5,4,5,12,3,1,10,5,5,2,17,1,41,2,8,6,4,7,9,6,10,7,11,,21,,1,22,121.5142075,25.04598403
113,8,22,11,33,2,05中正區,中正區懷寧街與開封街1段口,0,0,2,3,H02,8,6,5,50,4,1,1,5,4,5,12,3,1,10,5,5,2,17,2,20,3,10,6,5,7,20,8,20,10,16,,67,,1,25,121.5142075,25.04598403
113,8,22,11,49,2,07信義區,信義區市民大道6段250號,0,0,2,1,C03,8,6,5,50,14,9,1,5,4,5,13,4,4,1,3,5,2,12,1,48,3,10,6,1,7,15,1,10,1,14,,101,,1,21,121.5774663,25.0489393
113,8,22,11,49,2,07信義區,信義區市民大道6段250號,0,0,2,2,C03,8,6,5,50,14,9,1,5,4,5,13,4,4,1,3,5,2,12,2,21,2,9,6,1,7,9,1,10,1,11,,44,,1,21,121.5774663,25.0489393
113,8,22,11,49,2,07信義區,信義區市民大道6段250號,0,0,2,3,H02,8,6,5,50,14,9,1,5,4,5,13,4,4,1,3,5,2,12,1,19,2,9,6,5,7,20,8,20,10,16,,67,,1,21,121.5774663,25.0489393
113,8,22,11,53,2,05中正區,中正區金門街24巷與金門街口,0,0,1,1,B13,8,7,5,30,4,1,1,5,4,5,12,4,4,10,5,5,2,15,1,24,3,10,7,1,7,9,1,8,1,7,,14,,1,21,121.5231083,25.0215097
113,8,22,11,53,2,05中正區,中正區金門街24巷與金門街口,0,0,1,2,C03,8,7,5,30,4,1,1,5,4,5,12,4,4,10,5,5,2,15,2,22,2,9,5,1,7,9,1,10,1,11,,13,,1,21,121.5231083,25.0215097
113,8,22,12,3,2,03中山區,中山區民權東路2段186號,0,0,2,1,B12,7,5,5,50,14,9,1,5,4,5,13,4,4,3,4,5,2,13,1,41,2,9,3,4,7,9,1,4,1,1,,108,,1,21,121.5358455,25.06235879
113,8,22,12,3,2,03中山區,中山區民權東路2段186號,0,0,2,2,B03,7,5,5,50,14,9,1,5,4,5,13,4,4,3,4,5,2,13,1,45,2,9,3,4,7,13,1,8,1,3,,44,,1,21,121.5358455,25.06235879
113,8,22,12,3,2,03中山區,中山區民權東路2段186號,0,0,2,3,B03,7,5,5,50,14,9,1,5,4,5,13,4,4,3,4,5,2,13,1,53,3,10,3,4,7,13,1,8,1,3,,44,,1,21,121.5358455,25.06235879
113,8,22,12,10,2,11南港區,南港區南港路3段290巷與成美橋口口,0,0,1,1,C03,8,7,5,50,14,9,1,5,4,5,13,4,4,1,3,5,2,17,1,75,3,10,5,1,7,8,1,10,1,17,,99,,1,21,121.5828021,25.0520671
113,8,22,12,10,2,11南港區,南港區南港路3段290巷與成美橋口口,0,0,1,2,C03,8,7,5,50,14,9,1,5,4,5,13,4,4,1,3,5,2,17,1,32,2,8,5,1,7,9,1,10,1,17,,44,,1,21,121.5828021,25.0520671
113,8,22,12,14,2,02萬華區,萬華區康定路與永福街口,0,0,2,1,C03,8,6,5,50,4,1,1,5,4,5,13,2,1,9,4,5,2,16,2,19,2,9,6,1,7,5,1,10,1,12,,71,,1,22,121.5017612,25.0385416
113,8,22,12,14,2,02萬華區,萬華區康定路與永福街口,0,0,2,2,C03,8,6,5,50,4,1,1,5,4,5,13,2,1,9,4,5,2,16,2,55,2,9,6,1,7,9,1,10,1,11,,44,,1,22,121.5017612,25.0385416
113,8,22,12,14,2,02萬華區,萬華區康定路與永福街口,0,0,2,3,A11,8,6,5,50,4,1,1,5,4,5,13,2,1,9,4,5,2,16,1,56,3,10,3,4,7,14,1,3,1,1,,44,,1,21,121.5017612,25.0385416
113,8,22,13,49,2,09北投區,北投區大度路3段301巷與大度路3段301巷21弄口,0,0,1,1,C03,8,7,5,30,3,1,1,5,4,5,13,4,4,10,5,5,2,17,2,71,2,9,6,1,7,6,1,10,1,14,,75,,1,22,121.4663315,25.1225935
113,8,22,13,49,2,09北投區,北投區大度路3段301巷與大度路3段301巷21弄口,0,0,1,2,C01,8,7,5,30,3,1,1,5,4,5,13,4,4,10,5,5,2,17,1,41,3,10,6,1,7,5,1,9,1,14,,42,,1,22,121.4663315,25.1225935
113,8,22,13,54,2,05中正區,中正區中山南路與凱達格蘭大道口,0,0,1,1,C03,8,6,5,50,5,1,1,5,4,5,13,1,1,10,3,5,2,12,1,31,3,10,6,4,7,15,1,10,1,12,,1,,1,22,121.517254,25.0391471
113,8,22,13,54,2,05中正區,中正區中山南路與凱達格蘭大道口,0,0,1,2,C03,8,6,5,50,5,1,1,5,4,5,13,1,1,10,3,5,2,12,2,33,2,8,6,4,7,15,1,10,1,14,,44,,1,22,121.517254,25.0391471
113,8,22,14,10,2,12內湖區,內湖區瑞光路478巷18弄30號旁,0,0,1,1,C03,8,5,5,50,14,9,1,5,4,5,13,4,4,9,5,5,2,16,1,22,2,9,6,1,7,1,1,10,1,12,,19,,1,21,121.5679143,25.07874279
113,8,22,14,10,2,12內湖區,內湖區瑞光路478巷18弄30號旁,0,0,1,2,B02,8,5,5,50,14,9,1,5,4,5,13,4,4,9,5,5,2,16,1,43,3,10,7,1,7,9,1,8,1,7,,44,,1,21,121.5679143,25.07874279
113,8,22,14,40,2,08士林區,士林區延平北路7段117號,0,0,1,1,B03,7,6,5,40,14,9,1,5,4,5,13,2,1,9,4,5,1,6,1,43,3,10,3,4,7,9,1,8,2,1,,44,,1,21,121.4945178,25.0972068
113,8,22,14,40,2,08士林區,士林區延平北路7段117號,0,0,1,2,H01,7,6,5,40,14,9,1,5,4,5,13,2,1,9,4,5,1,6,1,12,2,9,4,5,8,18,8,20,10,16,,121,,1,22,121.4945178,25.0972068
113,8,22,15,6,2,10文山區,文山區興隆路4段143號與興隆路4段145巷口,0,0,1,1,B03,8,6,5,50,4,1,2,5,4,5,13,4,4,9,5,5,2,15,1,57,3,10,3,4,7,1,1,8,1,8,,19,,1,21,121.5616507,24.98500171
113,8,22,15,6,2,10文山區,文山區興隆路4段143號與興隆路4段145巷口,0,0,1,2,C03,8,6,5,50,4,1,2,5,4,5,13,4,4,9,5,5,2,15,2,57,2,9,5,4,7,9,1,10,1,12,,44,,1,21,121.5616507,24.98500171
113,8,22,15,52,2,10文山區,文山區羅斯福路6段與景華街口,0,0,1,1,B03,8,6,5,50,4,1,1,5,4,5,13,2,1,1,2,5,2,16,1,58,3,10,7,1,7,5,1,8,1,1,,71,,1,21,121.5412662,24.9949023
113,8,22,15,52,2,10文山區,文山區羅斯福路6段與景華街口,0,0,1,2,C03,8,6,5,50,4,1,1,5,4,5,13,2,1,1,2,5,2,16,1,22,2,9,6,1,7,9,1,10,1,14,,44,,1,21,121.5412662,24.9949023
113,8,22,15,55,2,02萬華區,萬華區中華路1段與南寧路口,0,0,1,1,B01,7,6,5,50,5,1,1,5,4,5,13,1,1,3,3,5,2,16,1,63,3,10,3,4,7,6,1,8,1,2,,9,,1,22,121.5066994,25.0372835
113,8,22,15,55,2,02萬華區,萬華區中華路1段與南寧路口,0,0,1,2,C03,7,6,5,50,5,1,1,5,4,5,13,1,1,3,3,5,2,16,2,45,2,9,5,4,7,9,1,10,1,14,,44,,1,22,121.5066994,25.0372835
113,8,22,16,9,2,01大同區,大同區長安西路與西寧北路口,0,0,1,1,B02,7,6,5,50,4,1,1,5,4,5,13,2,1,5,4,5,2,17,1,29,3,10,3,4,7,5,1,8,1,8,,8,,1,22,121.5085996,25.0519541
113,8,22,16,9,2,01大同區,大同區長安西路與西寧北路口,0,0,1,2,C03,7,6,5,50,4,1,1,5,4,5,13,2,1,5,4,5,2,17,1,38,2,9,6,4,7,9,1,10,1,14,,44,,1,22,121.5085996,25.0519541
113,8,22,16,14,2,04大安區,大安區新生南路1段161巷與新生南路1段口,0,0,1,1,B03,7,5,5,30,3,2,1,5,4,3,12,4,4,3,1,5,2,16,1,77,3,10,7,1,7,6,1,8,1,8,,14,,1,22,121.5328576,25.034689
113,8,22,16,14,2,04大安區,大安區新生南路1段161巷與新生南路1段口,0,0,1,2,C03,7,5,5,30,3,2,1,5,4,3,12,4,4,3,1,5,2,16,2,31,2,9,6,1,7,9,1,10,1,11,,14,,1,22,121.5328576,25.034689
113,8,22,16,14,2,04大安區,大安區新生南路1段161巷與新生南路1段口,0,0,1,3,B01,7,5,5,30,3,2,1,5,4,3,12,4,4,3,1,5,2,16,1,66,3,10,7,1,7,13,1,4,9,17,,38,,1,22,121.5328576,25.034689
113,8,22,16,58,2,02萬華區,萬華區萬大路與萬大路90巷口,0,0,1,1,C03,8,5,8,50,22,22,1,5,4,5,13,1,1,10,5,5,2,17,1,68,2,9,3,4,7,15,1,10,1,14,,100,,1,21,121.500522,25.0304704
113,8,22,16,58,2,02萬華區,萬華區萬大路與萬大路90巷口,0,0,1,2,B03,8,5,8,50,22,22,1,5,4,5,13,1,1,10,5,5,2,17,1,76,3,10,3,4,7,15,1,8,1,2,,108,,1,21,121.500522,25.0304704
113,8,22,17,9,2,08士林區,士林區士東路200巷49弄與芝玉路2段口,0,0,1,1,C03,7,6,5,30,4,1,1,5,4,5,13,4,4,10,5,5,2,15,2,37,2,9,5,1,7,9,1,10,1,11,,14,,1,21,121.5346314,25.1110327
113,8,22,17,9,2,08士林區,士林區士東路200巷49弄與芝玉路2段口,0,0,1,2,B01,7,6,5,30,4,1,1,5,4,5,13,4,4,10,5,5,2,15,1,51,3,10,7,1,7,9,1,4,1,8,,14,,1,21,121.5346314,25.1110327
113,8,22,17,32,2,02萬華區,萬華區長沙街2段117號,0,0,1,1,C03,8,5,5,50,14,9,1,5,4,5,13,4,4,9,5,5,2,12,1,18,2,7,5,1,7,9,3,18,1,11,,44,,1,25,121.5037731,25.0404315
113,8,22,17,32,2,02萬華區,萬華區長沙街2段117號,0,0,1,2,B03,8,5,5,50,14,9,1,5,4,5,13,4,4,9,5,5,2,12,1,44,3,10,7,1,7,9,1,8,1,2,,44,,1,21,121.5037731,25.0404315
113,8,22,17,32,2,11南港區,南港區環東大道東向西,0,0,1,1,C01,8,6,5,60,10,7,1,5,4,5,13,4,4,10,4,5,2,20,1,46,2,9,6,1,7,7,1,9,1,14,,60,,1,21,121.600646,25.0583652
113,8,22,17,32,2,11南港區,南港區環東大道東向西,0,0,1,2,,8,6,5,60,10,7,1,5,4,5,13,4,4,10,4,5,2,20,3,0,,,,,,,,,,,,67,,1,,121.600646,25.0583652
113,8,22,17,58,2,04大安區,大安區和平東路2段107巷與瑞安街135巷口,0,0,1,1,C03,7,7,5,30,4,1,1,5,4,5,13,4,4,10,5,5,1,15,1,43,2,9,6,1,7,9,1,10,1,11,,44,,1,22,121.5405064,25.0267355
113,8,22,17,58,2,04大安區,大安區和平東路2段107巷與瑞安街135巷口,0,0,1,2,B01,7,7,5,30,4,1,1,5,4,5,13,4,4,10,5,5,1,15,1,54,3,10,3,4,7,9,1,4,1,8,,44,,1,21,121.5405064,25.0267355
113,8,22,18,3,2,12內湖區,內湖區舊宗路2段121巷與瑞湖街口,0,0,2,1,B03,8,5,5,50,4,1,1,5,4,5,13,1,1,9,5,5,2,16,1,47,3,10,7,1,7,5,1,8,1,7,,80,,1,21,121.5764464,25.06898272
113,8,22,18,3,2,12內湖區,內湖區舊宗路2段121巷與瑞湖街口,0,0,2,2,C03,8,5,5,50,4,1,1,5,4,5,13,1,1,9,5,5,2,16,1,32,2,9,6,1,7,9,1,10,1,12,,44,,1,21,121.5764464,25.06898272