發生年度,發生月,發生日,發生時-Hours,發生分,處理別-編號,區序,肇事地點,死亡人數,2-30日死亡人數,受傷人數,當事人序號,車種,天候,道路照明設備,道路類別,速限-速度限制,道路型態,事故位置,路面狀況1,路面狀況2,路面狀況3,道路障礙1,道路障礙2,號誌1,號誌2,車道劃分-分向,車道劃分-分道1,車道劃分-分道2,車道劃分-分道3,事故類型及型態,性別,年齡,受傷程度,主要傷處,保護裝置,行動電話,車輛用途,當事者行動狀態,駕駛資格情形,駕駛執照種類,飲酒情形,車輛撞擊部位1,車輛撞擊部位2,肇因碼-個別,肇因碼-主要,個人肇逃否,職業,座標-X,座標-Y
113,8,22,18,3,2,12內湖區,內湖區舊宗路2段121巷與瑞湖街口,0,0,2,3,H02,8,5,5,50,4,1,1,5,4,5,13,1,1,9,5,5,2,16,2,32,2,9,6,5,7,20,8,20,10,16,,67,,1,21,121.5764464,25.06898272
113,8,22,18,8,2,12內湖區,內湖區民權東路6段與民權東路6段46巷口,0,0,1,1,B03,8,5,5,50,4,18,1,5,3,5,13,2,1,1,2,5,1,3,1,49,3,10,7,1,7,5,1,8,1,15,,70,,1,21,121.5813948,25.0679361
113,8,22,18,8,2,12內湖區,內湖區民權東路6段與民權東路6段46巷口,0,0,1,2,H01,8,5,5,50,4,18,1,5,3,5,13,2,1,1,2,5,1,3,1,45,2,8,4,5,8,16,8,20,10,16,,67,,1,21,121.5813948,25.0679361
113,8,22,18,30,2,04大安區,大安區仁愛路3段20巷與仁愛路3段口,0,0,1,1,B03,7,5,5,50,3,18,1,5,4,5,13,4,4,10,5,5,2,3,1,67,3,10,3,4,7,5,1,7,1,5,,70,,1,22,121.5342707,25.037745
113,8,22,18,30,2,04大安區,大安區仁愛路3段20巷與仁愛路3段口,0,0,1,2,H01,7,5,5,50,3,18,1,5,4,5,13,4,4,10,5,5,2,3,2,69,2,8,4,5,8,16,8,20,10,16,,67,,1,22,121.5342707,25.037745
113,8,22,18,31,2,04大安區,大安區市民大道4段12-2號,0,0,1,1,C03,8,5,5,40,14,9,1,5,4,5,13,4,4,1,4,5,2,13,4,0,4,11,3,4,7,21,7,19,9,15,,119,,2,22,121.5444162,25.0447807
113,8,22,18,31,2,04大安區,大安區市民大道4段12-2號,0,0,1,2,C03,8,5,5,40,14,9,1,5,4,5,13,4,4,1,4,5,2,13,1,28,2,8,6,1,7,9,1,10,1,13,,44,,1,21,121.5444162,25.0447807
113,8,22,18,35,2,08士林區,士林區士東路99號,0,0,1,1,C03,8,5,5,50,14,9,1,5,4,3,13,4,4,7,5,5,2,17,1,19,2,8,3,4,7,9,1,10,1,12,,108,,1,21,121.5297427,25.1122351
113,8,22,18,35,2,08士林區,士林區士東路99號,0,0,1,2,B02,8,5,5,50,14,9,1,5,4,3,13,4,4,7,5,5,2,17,1,54,3,10,3,4,7,13,1,4,1,4,,44,,1,21,121.5297427,25.1122351
113,8,22,18,40,2,04大安區,大安區辛亥路1段78號,0,0,1,1,C03,8,5,5,50,14,9,1,5,4,3,10,4,4,1,2,4,2,13,2,25,2,9,5,1,7,12,1,10,1,11,,108,,1,21,121.5310261,25.0209237
113,8,22,18,40,2,04大安區,大安區辛亥路1段78號,0,0,1,2,C03,8,5,5,50,14,9,1,5,4,3,10,4,4,1,2,4,2,13,1,55,3,10,5,1,7,12,1,10,1,14,,44,,1,21,121.5310261,25.0209237
113,8,22,18,55,2,07信義區,信義區中坡北路57號,0,0,1,1,B03,8,5,5,50,22,9,1,5,4,5,13,4,4,9,5,5,2,16,2,39,3,10,3,4,7,1,1,8,2,8,,19,,1,21,121.5804812,25.0473639
113,8,22,18,55,2,07信義區,信義區中坡北路57號,0,0,1,2,F01,8,5,5,50,22,9,1,5,4,5,13,4,4,9,5,5,2,16,2,26,2,8,4,1,7,9,8,20,2,14,12,88,,1,21,121.5804812,25.0473639
113,8,22,19,10,2,10文山區,文山區秀明路2段與秀明路2段7巷口,0,0,1,1,A04,8,5,5,50,3,2,1,5,4,5,13,2,1,5,5,5,2,9,1,40,3,10,3,4,7,15,1,2,2,17,,44,,1,21,121.5749101,24.9919027
113,8,22,19,10,2,10文山區,文山區秀明路2段與秀明路2段7巷口,0,0,1,2,H02,8,5,5,50,3,2,1,5,4,5,13,2,1,5,5,5,2,9,2,66,2,9,3,5,7,19,8,20,10,16,,67,,1,21,121.5749101,24.9919027
113,8,22,19,23,2,09北投區,北投區中央北路2段與中央北路2段131巷口口,0,0,1,1,C03,8,5,5,50,3,2,1,5,4,4,12,4,4,5,4,5,2,17,1,65,2,9,6,1,7,9,1,10,2,14,,42,,1,22,121.4942085,25.1373573
113,8,22,19,23,2,09北投區,北投區中央北路2段與中央北路2段131巷口口,0,0,1,2,B03,8,5,5,50,3,2,1,5,4,4,12,4,4,5,4,5,2,17,1,32,3,10,7,1,7,9,1,8,2,17,,72,,1,21,121.4942085,25.1373573
113,8,22,19,36,2,03中山區,中山區新生北路2段與民生東路1段口,0,0,3,4,H02,7,5,5,50,14,9,1,5,4,5,13,4,4,1,5,5,1,17,2,29,2,8,3,5,7,20,8,20,10,16,,67,,1,21,121.5274113,25.0576099
113,8,22,19,36,2,03中山區,中山區新生北路2段與民生東路1段口,0,0,3,3,C03,7,5,5,50,14,9,1,5,4,5,13,4,4,1,5,5,1,17,1,26,2,9,3,4,7,9,1,10,1,11,,44,,1,21,121.5274113,25.0576099
113,8,22,19,36,2,03中山區,中山區新生北路2段與民生東路1段口,0,0,3,2,C03,7,5,5,50,14,9,1,5,4,5,13,4,4,1,5,5,1,17,1,43,2,9,3,4,7,9,1,10,1,12,,44,,1,21,121.5274113,25.0576099
113,8,22,19,36,2,03中山區,中山區新生北路2段與民生東路1段口,0,0,3,1,B02,7,5,5,50,14,9,1,5,4,5,13,4,4,1,5,5,1,17,2,34,3,10,3,4,7,13,1,8,1,4,,40,,1,21,121.5274113,25.0576099
113,8,22,20,15,2,08士林區,士林區中山北路5段福林加油站旁、私人停車場出口,0,0,2,1,B03,8,5,5,50,14,9,1,5,4,5,13,4,4,4,5,5,2,17,2,62,3,10,3,4,7,15,1,8,1,1,,19,,1,21,121.5278074,25.0931607
113,8,22,20,15,2,08士林區,士林區中山北路5段福林加油站旁、私人停車場出口,0,0,2,2,C03,8,5,5,50,14,9,1,5,4,5,13,4,4,4,5,5,2,17,1,33,2,9,3,4,7,9,1,10,1,12,,44,,1,21,121.5278074,25.0931607
113,8,22,20,15,2,08士林區,士林區中山北路5段福林加油站旁、私人停車場出口,0,0,2,3,H02,8,5,5,50,14,9,1,5,4,5,13,4,4,4,5,5,2,17,2,34,2,9,3,5,7,20,8,20,10,16,,67,,1,21,121.5278074,25.0931607
113,8,22,20,19,2,08士林區,士林區文昌路22號,0,0,1,1,B03,7,5,5,50,14,8,1,5,4,5,13,4,4,8,3,4,2,12,1,32,3,10,3,4,7,1,1,14,1,5,,19,,1,22,121.5216348,25.0951575
113,8,22,20,19,2,08士林區,士林區文昌路22號,0,0,1,2,C03,7,5,5,50,14,8,1,5,4,5,13,4,4,8,3,4,2,12,2,21,2,9,5,4,7,9,1,10,1,11,,44,,1,21,121.5216348,25.0951575
113,8,22,20,27,2,12內湖區,內湖區民權東路6段138號前,0,0,1,1,C03,8,5,5,50,14,9,1,5,4,5,13,4,4,1,4,5,2,13,1,30,2,9,5,1,7,8,1,10,2,11,,16,,1,21,121.5888381,25.06894834
113,8,22,20,27,2,12內湖區,內湖區民權東路6段138號前,0,0,1,2,C03,8,5,5,50,14,9,1,5,4,5,13,4,4,1,4,5,2,13,1,60,3,10,5,1,7,9,1,10,2,13,,44,,1,21,121.5888381,25.06894834
113,8,22,20,28,2,03中山區,中山區大直橋,0,0,3,1,C04,8,5,5,50,14,11,1,5,4,5,13,4,4,8,3,5,1,17,1,30,2,9,5,1,7,13,1,10,1,13,,39,,1,21,121.5444181,25.07392216
113,8,22,20,28,2,03中山區,中山區大直橋,0,0,3,2,C03,8,5,5,50,14,11,1,5,4,5,13,4,4,8,3,5,1,17,2,18,2,8,5,1,7,9,1,10,1,11,,108,,1,21,121.5444181,25.07392216
113,8,22,20,28,2,03中山區,中山區大直橋,0,0,3,3,C04,8,5,5,50,14,11,1,5,4,5,13,4,4,8,3,5,1,17,2,18,2,8,5,1,7,9,1,10,1,11,,16,,1,21,121.5444181,25.07392216
113,8,22,21,16,2,11南港區,南港區八德路4段與中坡北路口,0,0,1,1,B12,8,5,5,50,4,1,1,5,4,5,13,2,1,5,4,5,2,13,1,59,3,10,3,4,7,9,1,8,1,8,,16,,1,22,121.5796463,25.0503632
113,8,22,21,16,2,11南港區,南港區八德路4段與中坡北路口,0,0,1,2,C03,8,5,5,50,4,1,1,5,4,5,13,2,1,5,4,5,2,13,1,29,2,7,5,4,7,5,1,10,1,13,,44,,1,22,121.5796463,25.0503632
113,8,22,21,39,2,05中正區,中正區羅斯福路4段24巷與羅斯福路4段口,0,0,1,1,C03,8,6,5,50,3,1,1,5,4,5,13,4,4,3,4,5,2,17,2,66,3,10,5,1,7,6,1,10,2,12,,9,,1,21,121.5331894,25.0156695
113,8,22,21,39,2,05中正區,中正區羅斯福路4段24巷與羅斯福路4段口,0,0,1,2,F01,8,6,5,50,3,1,1,5,4,5,13,4,4,3,4,5,2,17,1,62,2,8,4,1,7,9,8,20,2,14,,44,,1,21,121.5331894,25.0156695
113,8,22,21,55,2,09北投區,北投區中央北路2段與新興路口,0,0,1,1,B03,7,5,5,30,3,1,1,5,4,5,13,2,1,10,5,5,2,1,1,22,3,10,7,1,7,5,3,18,2,8,,70,,1,21,121.4868542,25.138236
113,8,22,21,55,2,09北投區,北投區中央北路2段與新興路口,0,0,1,2,H01,7,5,5,30,3,1,1,5,4,5,13,2,1,10,5,5,2,1,2,63,2,9,4,5,8,20,8,20,10,16,,67,,1,21,121.4868542,25.138236
113,8,22,22,0,2,03中山區,中山區長安東路1段52-1號,0,0,2,1,H01,7,5,5,0,14,9,1,5,4,5,13,4,4,4,5,5,1,3,2,21,2,9,4,5,8,16,8,20,10,16,,121,,1,21,121.5282807,25.04828726
113,8,22,22,0,2,03中山區,中山區長安東路1段52-1號,0,0,2,2,C03,7,5,5,0,14,9,1,5,4,5,13,4,4,4,5,5,1,3,1,56,2,9,3,4,7,9,1,10,1,11,,44,,1,21,121.5282807,25.04828726
113,8,22,23,3,2,06松山區,松山區民生東路3段130巷與民生東路3段130巷5弄口,0,0,1,1,C03,8,5,5,30,4,1,1,5,4,5,13,4,4,10,5,5,2,15,2,29,2,8,5,1,7,9,1,10,1,11,,72,,1,21,121.5462145,25.05702609
113,8,22,23,3,2,06松山區,松山區民生東路3段130巷與民生東路3段130巷5弄口,0,0,1,2,B03,8,5,5,30,4,1,1,5,4,5,13,4,4,10,5,5,2,15,2,54,3,10,7,1,7,9,1,8,1,4,,44,,1,21,121.5462145,25.05702609
113,8,22,23,9,2,02萬華區,萬華區華江橋往台北市機車道,0,0,1,1,C03,8,5,8,40,8,12,1,5,4,5,13,4,4,10,5,5,2,20,1,48,2,8,5,1,7,15,1,10,1,14,,108,,1,21,121.4890645,25.0353487
113,8,22,23,9,2,02萬華區,萬華區華江橋往台北市機車道,0,0,1,2,,8,5,8,40,8,12,1,5,4,5,13,4,4,10,5,5,2,20,3,0,,,,,,,,,,,,67,,1,,121.4890645,25.0353487
113,8,22,23,25,2,06松山區,松山區光復北路與光復北路11巷口,0,0,3,1,C03,8,5,5,50,4,1,1,5,4,5,13,1,1,8,3,5,1,16,2,72,2,9,3,1,7,5,1,21,1,12,,8,,1,21,121.5578668,25.0491531
113,8,22,23,25,2,06松山區,松山區光復北路與光復北路11巷口,0,0,3,3,H02,8,5,5,50,4,1,1,5,4,5,13,1,1,8,3,5,1,16,2,17,2,9,3,5,7,21,8,20,10,16,,67,,1,21,121.5578668,25.0491531
113,8,22,23,25,2,06松山區,松山區光復北路與光復北路11巷口,0,0,3,2,C03,8,5,5,50,4,1,1,5,4,5,13,1,1,8,3,5,1,16,1,21,2,9,3,1,7,9,1,10,1,11,,44,,1,21,121.5578668,25.0491531
113,8,23,0,36,2,05中正區,中正區牯嶺街與廈門街113巷口,0,0,2,1,B03,8,5,5,30,4,1,1,5,4,5,13,1,1,10,5,5,2,15,1,51,2,9,7,1,7,9,1,8,2,5,,81,,1,21,121.5190414,25.0233941
113,8,23,0,36,2,05中正區,中正區牯嶺街與廈門街113巷口,0,0,2,2,B03,8,5,5,30,4,1,1,5,4,5,13,1,1,10,5,5,2,15,1,22,2,3,7,1,7,9,1,8,2,1,,44,,1,21,121.5190414,25.0233941
113,8,23,0,36,2,05中正區,中正區牯嶺街與廈門街113巷口,0,0,2,3,H02,8,5,5,30,4,1,1,5,4,5,13,1,1,10,5,5,2,15,1,22,4,11,7,5,7,20,8,20,10,16,,67,,1,21,121.5190414,25.0233941
113,8,23,0,36,2,05中正區,中正區牯嶺街與廈門街113巷口,0,0,2,4,H02,8,5,5,30,4,1,1,5,4,5,13,1,1,10,5,5,2,15,1,22,4,11,7,5,7,20,8,20,10,16,,67,,1,21,121.5190414,25.0233941
113,8,23,0,36,2,05中正區,中正區牯嶺街與廈門街113巷口,0,0,2,5,H02,8,5,5,30,4,1,1,5,4,5,13,1,1,10,5,5,2,15,1,21,4,11,7,5,7,20,8,20,10,16,,67,,1,21,121.5190414,25.0233941
113,8,23,2,53,2,11南港區,南港區松河街482號,0,0,1,1,C03,8,5,5,40,14,9,1,5,4,5,13,4,4,4,5,5,2,17,1,64,2,9,3,1,7,9,1,10,2,11,,22,,1,22,121.5949985,25.059031
113,8,23,2,53,2,11南港區,南港區松河街482號,0,0,1,2,C03,8,5,5,40,14,9,1,5,4,5,13,4,4,4,5,5,2,17,1,28,3,10,3,4,7,13,1,10,11,14,,44,,1,21,121.5949985,25.059031
113,8,23,2,53,2,11南港區,南港區松河街482號,0,0,1,3,B02,8,5,5,40,14,9,1,5,4,5,13,4,4,4,5,5,2,17,1,60,3,10,3,4,7,13,1,8,11,1,,44,,1,21,121.5949985,25.059031
113,8,23,6,10,2,08士林區,士林區延平北路6段與社子街口,0,0,1,1,B03,8,7,5,50,3,2,1,5,4,5,13,2,1,9,4,5,1,17,1,63,3,10,7,1,7,2,1,8,2,3,,12,,1,21,121.5048616,25.08937029
113,8,23,6,10,2,08士林區,士林區延平北路6段與社子街口,0,0,1,2,C03,8,7,5,50,3,2,1,5,4,5,13,2,1,9,4,5,1,17,2,35,2,9,5,1,7,9,1,10,2,11,,108,,1,21,121.5048616,25.08937029
113,8,23,6,40,2,04大安區,大安區敦化南路1段190巷31號,0,0,1,1,B03,8,6,5,30,14,9,1,5,4,5,13,4,4,9,5,5,2,38,1,30,2,8,7,1,7,9,1,8,2,1,,42,,1,21,121.5474586,25.04265117
113,8,23,6,40,2,04大安區,大安區敦化南路1段190巷31號,0,0,1,2,,8,6,5,30,14,9,1,5,4,5,13,4,4,9,5,5,2,38,3,0,,,,,,,,,,,,67,,1,,121.5474586,25.04265117
113,8,23,6,40,2,04大安區,大安區敦化南路1段190巷31號,0,0,1,3,,8,6,5,30,14,9,1,5,4,5,13,4,4,9,5,5,2,38,3,35,,,,,,,,,,,,67,,1,,121.5474586,25.04265117
113,8,23,6,54,2,09北投區,北投區文林北路131號,0,0,1,1,C03,8,6,5,50,14,8,1,5,4,5,13,4,4,1,4,4,2,17,1,23,2,9,5,1,7,9,1,10,1,14,,14,,1,21,121.5164901,25.10677776
113,8,23,6,54,2,09北投區,北投區文林北路131號,0,0,1,2,B03,8,6,5,50,14,8,1,5,4,5,13,4,4,1,4,4,2,17,1,35,3,10,7,1,7,13,1,8,1,3,,38,,1,21,121.5164901,25.10677776
113,8,23,6,54,2,09北投區,北投區文林北路131號,0,0,1,3,A41,8,6,5,50,14,8,1,5,4,5,13,4,4,1,4,4,2,17,1,56,3,10,7,1,7,6,1,5,9,17,,101,,2,21,121.5164901,25.10677776
113,8,23,7,6,2,03中山區,中山區長安東路1段30巷與長安東路1段30巷8弄口,0,0,1,1,B02,8,6,5,30,4,1,1,5,4,5,13,4,4,10,5,5,2,15,1,61,3,10,7,1,7,9,1,8,1,8,,72,,1,21,121.5261312,25.04785973
113,8,23,7,6,2,03中山區,中山區長安東路1段30巷與長安東路1段30巷8弄口,0,0,1,2,C03,8,6,5,30,4,1,1,5,4,5,13,4,4,10,5,5,2,15,1,21,2,9,6,1,7,9,1,10,1,12,14,44,,1,21,121.5261312,25.04785973
113,8,23,7,20,2,04大安區,大安區辛亥路1段與新生南路3段口,0,0,1,2,,8,6,5,50,4,1,1,5,4,5,13,1,1,5,5,5,2,18,3,0,,,,,,,,,,,,67,,1,,121.5343677,25.02222
113,8,23,7,20,2,04大安區,大安區辛亥路1段與新生南路3段口,0,0,1,1,C03,8,6,5,50,4,1,1,5,4,5,13,1,1,5,5,5,2,18,1,47,2,9,5,1,7,12,1,10,1,14,,116,,1,21,121.5343677,25.02222
113,8,23,7,25,2,11南港區,南港區松河街與重陽路無名巷口,0,0,1,1,C03,8,7,5,40,3,2,1,5,4,5,13,4,4,9,5,5,2,16,2,61,2,9,6,4,7,5,1,10,1,14,,80,,1,21,121.6027741,25.0584822
113,8,23,7,25,2,11南港區,南港區松河街與重陽路無名巷口,0,0,1,2,C03,8,7,5,40,3,2,1,5,4,5,13,4,4,9,5,5,2,16,1,33,3,10,6,4,7,9,1,10,1,11,,13,,1,21,121.6027741,25.0584822
113,8,23,7,52,2,06松山區,松山區敦化北路與八德路2段口,0,0,1,1,C03,8,5,5,50,4,1,1,5,4,5,13,2,1,1,3,1,2,17,2,45,2,9,5,4,7,9,1,10,1,17,,42,,1,22,121.5486861,25.0481804
113,8,23,7,52,2,06松山區,松山區敦化北路與八德路2段口,0,0,1,2,E05,8,5,5,50,4,1,1,5,4,5,13,2,1,1,3,1,2,17,1,36,3,10,3,4,7,14,1,8,11,17,,44,,1,27,121.5486861,25.0481804
113,8,23,8,5,2,04大安區,大安區辛亥路2段與和平東路2段76巷口,0,0,1,1,B03,8,6,5,40,3,1,1,5,4,5,13,4,4,1,4,4,2,17,1,57,3,10,7,1,7,6,1,8,2,2,,44,,1,21,121.5386046,25.02203224
113,8,23,8,5,2,04大安區,大安區辛亥路2段與和平東路2段76巷口,0,0,1,2,C03,8,6,5,40,3,1,1,5,4,5,13,4,4,1,4,4,2,17,2,34,2,9,6,1,7,9,1,10,2,11,,44,,1,21,121.5386046,25.02203224
113,8,23,8,13,2,08士林區,士林區雙溪街與至誠路2段51巷口,0,0,1,1,C03,8,6,5,30,4,1,1,5,4,5,13,4,4,9,5,5,2,17,1,37,4,11,3,4,7,5,1,10,11,17,,19,,1,22,121.5283792,25.1008683
113,8,23,8,13,2,08士林區,士林區雙溪街與至誠路2段51巷口,0,0,1,2,C03,8,6,5,30,4,1,1,5,4,5,13,4,4,9,5,5,2,17,1,38,2,9,6,1,7,9,1,10,2,14,,13,,1,22,121.5283792,25.1008683
113,8,23,8,30,2,11南港區,南港區松河街與重陽路235巷口,0,0,2,1,C03,8,7,5,40,3,2,1,5,4,5,13,4,4,5,4,5,2,17,2,62,2,9,5,1,7,1,1,10,1,14,,19,,1,21,121.6019328,25.0584179
113,8,23,8,30,2,11南港區,南港區松河街與重陽路235巷口,0,0,2,2,C03,8,7,5,40,3,2,1,5,4,5,13,4,4,5,4,5,2,17,2,28,2,9,5,1,7,9,1,10,1,11,,44,,1,21,121.6019328,25.0584179
113,8,23,9,1,2,12內湖區,內湖區成功交流道與國道一號口西南角,0,0,1,1,C03,8,6,5,50,5,1,1,5,4,5,13,2,1,9,4,5,2,16,2,37,2,9,6,1,7,8,1,10,2,12,,100,,1,21,121.591442,25.0643921
113,8,23,9,1,2,12內湖區,內湖區成功交流道與國道一號口西南角,0,0,1,2,B03,8,6,5,50,5,1,1,5,4,5,13,2,1,9,4,5,2,16,1,46,3,10,7,1,7,9,1,8,2,8,,44,,1,21,121.591442,25.0643921
113,8,23,9,5,2,08士林區,士林區中山北路4段67號,0,0,1,1,B01,8,5,8,50,22,22,1,5,4,5,13,4,4,1,4,5,1,17,1,52,3,10,7,1,7,7,1,4,1,15,,80,,1,21,121.5242333,25.08057449
113,8,23,9,5,2,08士林區,士林區中山北路4段67號,0,0,1,2,C03,8,5,8,50,22,22,1,5,4,5,13,4,4,1,4,5,1,17,1,55,2,8,5,1,7,9,1,21,1,14,,14,,1,21,121.5242333,25.08057449
113,8,23,9,18,2,04大安區,大安區愛國東路79巷與金山南路2段31巷口,0,0,1,1,B01,8,6,5,30,4,1,1,5,4,5,13,4,4,5,5,5,2,15,1,40,3,10,3,4,7,15,1,4,1,1,,94,,1,21,121.5276595,25.0329256
113,8,23,9,18,2,04大安區,大安區愛國東路79巷與金山南路2段31巷口,0,0,1,2,C03,8,6,5,30,4,1,1,5,4,5,13,4,4,5,5,5,2,15,2,27,2,8,5,4,7,9,1,10,1,12,,14,,1,21,121.5276595,25.0329256
113,8,23,9,24,2,04大安區,大安區忠孝東路3段與復興南路1段口,0,0,1,1,B01,7,5,5,50,14,9,1,5,4,5,13,2,1,3,3,5,2,17,1,60,3,10,7,1,7,14,1,4,1,6,,40,,1,21,121.5433631,25.0415106
113,8,23,9,24,2,04大安區,大安區忠孝東路3段與復興南路1段口,0,0,1,3,H02,7,5,5,50,14,9,1,5,4,5,13,2,1,3,3,5,2,17,2,75,3,10,7,5,7,19,8,20,10,16,,56,,1,21,121.5433631,25.0415106
113,8,23,9,24,2,04大安區,大安區忠孝東路3段與復興南路1段口,0,0,1,2,C03,7,5,5,50,14,9,1,5,4,5,13,2,1,3,3,5,2,17,2,40,2,9,5,1,7,9,1,10,1,11,,44,,1,21,121.5433631,25.0415106
113,8,23,9,40,2,08士林區,士林區中山北路5段往南,0,0,2,1,B01,8,6,5,50,14,9,1,5,4,5,13,4,4,1,4,5,2,17,1,66,3,10,7,1,7,8,1,4,2,6,,100,,1,22,121.5273641,25.0887714
113,8,23,9,40,2,08士林區,士林區中山北路5段往南,0,0,2,2,C03,8,6,5,50,14,9,1,5,4,5,13,4,4,1,4,5,2,17,1,26,2,9,6,1,7,9,1,10,2,11,,42,,1,22,121.5273641,25.0887714
113,8,23,9,40,2,08士林區,士林區中山北路5段往南,0,0,2,3,H02,8,6,5,50,14,9,1,5,4,5,13,4,4,1,4,5,2,17,2,24,2,9,6,5,7,17,8,20,10,17,,67,,1,22,121.5273641,25.0887714
113,8,23,9,50,2,05中正區,中正區仁愛路2段與金山南路1段口,0,0,1,1,C03,8,6,5,50,4,1,1,5,4,5,13,1,1,5,5,5,2,16,1,67,2,9,6,4,7,5,1,10,2,14,,96,,1,22,121.5283063,25.0382272
113,8,23,9,50,2,05中正區,中正區仁愛路2段與金山南路1段口,0,0,1,2,B03,8,6,5,50,4,1,1,5,4,5,13,1,1,5,5,5,2,16,2,65,3,10,7,4,7,9,1,8,2,5,,44,,1,22,121.5283063,25.0382272
113,8,23,9,57,2,06松山區,松山區復興北路與民族東路口,0,0,1,1,C03,8,6,5,50,4,1,1,5,4,5,13,1,1,1,4,5,2,12,1,35,3,10,6,1,7,15,1,10,1,12,,100,,1,22,121.5444087,25.0663158
113,8,23,9,57,2,06松山區,松山區復興北路與民族東路口,0,0,1,2,C03,8,6,5,50,4,1,1,5,4,5,13,1,1,1,4,5,2,12,2,33,2,7,6,1,7,9,1,10,1,14,,44,,1,22,121.5444087,25.0663158
113,8,23,10,4,2,07信義區,信義區永吉路30巷與忠孝東路5段71巷11弄口,0,0,1,1,B03,8,7,5,30,4,1,1,5,4,5,13,4,4,9,5,5,2,17,1,67,3,10,2,1,7,9,1,8,1,17,,72,,1,21,121.5687438,25.0419535
113,8,23,10,4,2,07信義區,信義區永吉路30巷與忠孝東路5段71巷11弄口,0,0,1,2,C03,8,7,5,30,4,1,1,5,4,5,13,4,4,9,5,5,2,17,1,32,2,9,5,1,7,9,1,10,1,17,,44,,1,21,121.5687438,25.0419535
113,8,23,10,35,2,05中正區,中正區市民大道2段與金山北路口,0,0,2,1,C03,8,6,5,40,4,4,1,5,4,5,13,1,1,9,4,1,1,13,1,23,2,9,6,1,7,9,1,10,2,11,,16,,1,22,121.5303617,25.0460338
113,8,23,10,35,2,05中正區,中正區市民大道2段與金山北路口,0,0,2,2,C03,8,6,5,40,4,4,1,5,4,5,13,1,1,9,4,1,1,13,1,37,2,9,6,1,7,14,1,10,2,13,,44,,1,22,121.5303617,25.0460338
113,8,23,11,0,2,10文山區,文山區老泉街與景美堤外便道口,0,0,1,1,B03,7,6,5,40,3,2,1,5,4,5,13,4,4,5,5,5,2,12,1,60,3,10,3,4,7,9,1,8,2,2,,14,,1,21,121.5670196,24.9797571
113,8,23,11,0,2,10文山區,文山區老泉街與景美堤外便道口,0,0,1,2,C03,7,6,5,40,3,2,1,5,4,5,13,4,4,5,5,5,2,12,1,68,2,9,3,4,7,9,1,10,2,14,,14,,1,21,121.5670196,24.9797571
113,8,23,11,5,2,12內湖區,內湖區民權大橋西向東下橋處,0,0,1,1,C03,8,7,8,50,14,11,1,5,4,5,13,1,1,3,4,4,2,17,2,31,2,9,5,1,7,9,1,10,1,11,,16,,1,21,121.5783946,25.0666115
113,8,23,11,5,2,12內湖區,內湖區民權大橋西向東下橋處,0,0,1,2,C03,8,7,8,50,14,11,1,5,4,5,13,1,1,3,4,4,2,17,2,24,3,10,5,1,7,14,1,10,1,13,,44,,1,21,121.5783946,25.0666115
113,8,23,11,45,2,11南港區,南港區三重路與經貿二路口口,0,0,1,1,B03,8,7,5,50,5,2,1,5,4,5,13,1,1,5,4,5,2,17,1,45,3,10,7,1,7,15,1,8,1,15,,101,,1,21,121.6142991,25.0606718
113,8,23,11,45,2,11南港區,南港區三重路與經貿二路口口,0,0,1,2,C04,8,7,5,50,5,2,1,5,4,5,13,1,1,5,4,5,2,17,1,47,2,9,5,1,7,9,1,10,1,15,,44,,1,21,121.6142991,25.0606718
113,8,23,12,27,2,03中山區,中山區中山北路1段82號,0,0,1,1,C03,8,6,5,50,14,9,1,5,4,5,13,4,4,1,4,5,2,13,1,47,2,9,6,1,7,9,1,10,2,11,,108,,1,22,121.5211259,25.0490737
113,8,23,12,27,2,03中山區,中山區中山北路1段82號,0,0,1,2,B01,8,6,5,50,14,9,1,5,4,5,13,4,4,1,4,5,2,13,1,49,3,10,7,1,7,14,1,4,2,3,,44,,1,22,121.5211259,25.0490737
113,8,23,12,27,2,03中山區,中山區長安東路2段與長安東路2段129巷口,0,0,1,1,H01,7,5,5,50,4,2,1,5,4,5,13,4,4,5,4,5,2,3,1,12,2,7,4,5,8,18,8,20,10,16,,60,,1,14,121.5359587,25.0484846
113,8,23,12,27,2,03中山區,中山區長安東路2段與長安東路2段129巷口,0,0,1,2,B03,7,5,5,50,4,2,1,5,4,5,13,4,4,5,4,5,2,3,2,54,3,10,3,4,7,9,1,8,1,1,,14,,1,21,121.5359587,25.0484846
113,8,23,12,30,2,12內湖區,內湖區內湖路1段518巷0302318燈桿附近,0,0,2,1,C03,7,6,5,30,14,9,5,5,4,5,13,4,4,10,5,5,1,16,1,30,2,8,6,1,7,5,1,10,2,12,,8,,1,21,121.5736621,25.0794542
113,8,23,12,30,2,12內湖區,內湖區內湖路1段518巷0302318燈桿附近,0,0,2,2,C03,7,6,5,30,14,9,5,5,4,5,13,4,4,10,5,5,1,16,1,47,2,8,6,1,7,9,1,10,2,11,,44,,1,21,121.5736621,25.0794542
113,8,23,13,55,2,09北投區,北投區公館路與崇仁路1段口,0,0,3,2,B03,8,5,5,30,4,2,1,5,4,5,13,2,1,4,3,5,1,17,1,68,3,10,7,1,7,5,1,8,1,5,2,2,,1,21,121.5019345,25.1263677
113,8,23,13,55,2,09北投區,北投區公館路與崇仁路1段口,0,0,3,1,C03,8,5,5,30,4,2,1,5,4,5,13,2,1,4,3,5,1,17,2,50,2,9,5,1,7,6,1,21,1,14,1,1,,1,21,121.5019345,25.1263677