發生年度,發生月,發生日,發生時-Hours,發生分,處理別-編號,區序,肇事地點,死亡人數,2-30日死亡人數,受傷人數,當事人序號,車種,天候,道路照明設備,道路類別,速限-速度限制,道路型態,事故位置,路面狀況1,路面狀況2,路面狀況3,道路障礙1,道路障礙2,號誌1,號誌2,車道劃分-分向,車道劃分-分道1,車道劃分-分道2,車道劃分-分道3,事故類型及型態,性別,年齡,受傷程度,主要傷處,保護裝置,行動電話,車輛用途,當事者行動狀態,駕駛資格情形,駕駛執照種類,飲酒情形,車輛撞擊部位1,車輛撞擊部位2,肇因碼-個別,肇因碼-主要,個人肇逃否,職業,座標-X,座標-Y
113,8,23,13,55,2,09北投區,北投區公館路與崇仁路1段口,0,0,3,3,H01,8,5,5,30,4,2,1,5,4,5,13,2,1,4,3,5,1,17,1,9,2,9,4,5,8,21,8,20,10,16,1,125,,1,21,121.5019345,25.1263677
113,8,23,13,55,2,09北投區,北投區公館路與崇仁路1段口,0,0,3,4,H01,8,5,5,30,4,2,1,5,4,5,13,2,1,4,3,5,1,17,1,9,2,9,4,5,8,21,8,20,10,16,1,125,,1,21,121.5019345,25.1263677
113,8,23,14,6,2,02萬華區,萬華區環河南路2段與桂林路口,0,0,1,1,B01,7,6,5,50,3,2,1,5,4,5,13,2,1,1,4,5,2,17,1,61,3,10,3,4,7,9,1,4,11,2,,17,,2,21,121.4977728,25.0391623
113,8,23,14,6,2,02萬華區,萬華區環河南路2段與桂林路口,0,0,1,2,C03,7,6,5,50,3,2,1,5,4,5,13,2,1,1,4,5,2,17,1,62,2,9,6,1,7,6,1,10,1,14,,17,,1,22,121.4977728,25.0391623
113,8,23,14,10,2,11南港區,南港區南港路3段與南港路3段314巷口,0,0,1,1,B03,7,7,5,50,4,2,1,5,4,5,13,2,1,9,4,4,2,16,2,39,3,10,3,4,7,4,1,8,1,6,,1,,1,21,121.5815383,25.0516054
113,8,23,14,10,2,11南港區,南港區南港路3段與南港路3段314巷口,0,0,1,2,C03,7,7,5,50,4,2,1,5,4,5,13,2,1,9,4,4,2,16,2,70,2,8,6,4,7,5,1,10,1,17,,44,,1,21,121.5815383,25.0516054
113,8,23,14,15,2,09北投區,北投區公館路與公館路228巷口,0,0,1,1,B03,7,6,5,30,4,1,1,5,4,5,13,3,1,9,4,5,2,15,1,45,3,10,7,1,7,9,1,8,2,1,,84,,1,21,121.5079625,25.126457
113,8,23,14,15,2,09北投區,北投區公館路與公館路228巷口,0,0,1,2,C03,7,6,5,30,4,1,1,5,4,5,13,3,1,9,4,5,2,15,1,46,2,9,5,1,7,9,1,10,2,12,,14,,1,21,121.5079625,25.126457
113,8,23,14,24,2,07信義區,信義區和平東路3段與基隆路2段口,0,0,1,1,C03,6,6,5,50,4,1,1,4,4,5,13,2,1,1,4,5,2,13,1,61,2,9,3,4,7,9,1,10,9,11,,44,,1,21,121.5529072,25.0245833
113,8,23,14,24,2,07信義區,信義區和平東路3段與基隆路2段口,0,0,1,2,B01,6,6,5,50,4,1,1,4,4,5,13,2,1,1,4,5,2,13,1,52,3,10,3,4,7,6,1,8,9,7,,44,,1,21,121.5529072,25.0245833
113,8,23,14,45,2,02萬華區,萬華區康定路與內江街口,0,0,1,1,C03,6,7,5,50,4,1,1,4,4,5,13,3,1,4,3,5,2,3,1,33,3,10,6,1,7,9,1,10,1,14,,14,,1,22,121.502281,25.0416993
113,8,23,14,45,2,02萬華區,萬華區康定路與內江街口,0,0,1,2,H01,6,7,5,50,4,1,1,4,4,5,13,3,1,4,3,5,2,3,2,62,2,5,4,5,8,16,8,20,1,16,,67,,1,22,121.502281,25.0416993
113,8,23,15,53,2,04大安區,大安區基隆路2段與臥龍街口,0,0,1,1,,6,6,5,50,3,2,1,4,4,1,13,4,4,1,4,5,2,29,3,51,,,,,,,,,,,,129,,1,,121.5484548,25.0205727
113,8,23,15,53,2,04大安區,大安區基隆路2段與臥龍街口,0,0,1,2,C04,6,6,5,50,3,2,1,4,4,1,13,4,4,1,4,5,2,29,1,38,2,9,6,4,7,9,1,8,1,11,,108,,1,21,121.5484548,25.0205727
113,8,23,15,58,2,07信義區,信義區崇德街與崇德街31巷口,0,0,2,1,C03,6,6,5,50,4,1,1,4,4,5,13,4,4,9,4,5,2,3,2,64,2,9,5,1,7,9,1,10,2,11,,44,,1,22,121.5539509,25.024285
113,8,23,15,58,2,07信義區,信義區崇德街與崇德街31巷口,0,0,2,2,H01,6,6,5,50,4,1,1,4,4,5,13,4,4,9,4,5,2,3,2,86,2,4,4,5,8,16,8,20,10,16,,121,,1,22,121.5539509,25.024285
113,8,23,16,14,2,02萬華區,萬華區中華路1段與武昌街2段口,0,0,1,1,B03,8,7,5,50,4,1,1,4,4,5,13,1,1,1,5,5,2,17,1,23,3,10,7,1,7,15,1,8,1,1,,108,,1,21,121.5087328,25.0442354
113,8,23,16,14,2,02萬華區,萬華區中華路1段與武昌街2段口,0,0,1,2,C03,8,7,5,50,4,1,1,4,4,5,13,1,1,1,5,5,2,17,2,50,2,9,5,1,7,14,1,10,1,13,,44,,1,21,121.5087328,25.0442354
113,8,23,16,17,2,10文山區,文山區羅斯福路6段與景隆街口,0,0,1,1,C03,6,6,5,50,4,2,1,4,4,5,13,3,2,1,4,5,2,13,1,65,2,9,5,1,7,9,1,10,2,11,,16,,1,21,121.539747,25.00022
113,8,23,16,17,2,10文山區,文山區羅斯福路6段與景隆街口,0,0,1,2,C03,6,6,5,50,4,2,1,4,4,5,13,3,2,1,4,5,2,13,2,46,3,10,6,1,7,9,1,10,2,13,,44,,1,21,121.539747,25.00022
113,8,23,16,17,2,10文山區,文山區羅斯福路6段與景隆街口,0,0,1,3,C03,6,6,5,50,4,2,1,4,4,5,13,3,2,1,4,5,2,13,1,27,3,10,6,1,7,9,1,10,2,13,,44,,1,21,121.539747,25.00022
113,8,23,16,20,2,03中山區,中山橋往南北端,0,0,2,1,C03,8,6,5,50,8,9,1,5,4,5,13,2,1,10,4,5,2,12,1,30,2,9,6,1,7,9,1,10,1,12,,16,,1,22,121.525764,25.0752929
113,8,23,16,20,2,03中山區,中山橋往南北端,0,0,2,2,C03,8,6,5,50,8,9,1,5,4,5,13,2,1,10,4,5,2,12,1,27,2,8,6,1,7,14,1,10,1,14,,44,,1,22,121.525764,25.0752929
113,8,23,16,23,2,10文山區,文山區木柵路1段與木柵路1段378巷口,0,0,1,1,B03,7,6,5,50,3,1,1,4,4,5,13,4,4,5,4,5,2,17,2,41,3,10,2,1,7,11,1,8,1,17,,10,,1,21,121.5565812,24.988511
113,8,23,16,23,2,10文山區,文山區木柵路1段與木柵路1段378巷口,0,0,1,2,C03,7,6,5,50,3,1,1,4,4,5,13,4,4,5,4,5,2,17,2,24,2,9,6,1,7,9,1,10,1,17,,44,,1,21,121.5565812,24.988511
113,8,23,16,30,2,02萬華區,萬華區東園街140巷與東園街口,0,0,1,1,B03,7,6,5,30,4,18,1,4,4,5,13,2,1,8,3,5,1,3,1,56,3,10,7,1,7,5,1,8,1,4,,70,,1,21,121.4974893,25.0235748
113,8,23,16,30,2,02萬華區,萬華區東園街140巷與東園街口,0,0,1,2,H01,7,6,5,30,4,18,1,4,4,5,13,2,1,8,3,5,1,3,1,55,2,8,4,5,8,16,8,20,10,16,,67,,1,21,121.4974893,25.0235748
113,8,23,16,50,2,05中正區,中正區仁愛路1段與林森南路口,0,0,2,1,B03,7,6,5,50,4,1,1,4,4,5,13,1,1,1,4,5,2,16,2,68,3,10,7,1,7,5,1,8,2,8,,8,,1,22,121.5215573,25.0385974
113,8,23,16,50,2,05中正區,中正區仁愛路1段與林森南路口,0,0,2,2,F01,7,6,5,50,4,1,1,4,4,5,13,1,1,1,4,5,2,16,2,47,2,9,4,1,7,9,8,20,2,12,,88,,1,22,121.5215573,25.0385974
113,8,23,16,50,2,05中正區,中正區仁愛路1段與林森南路口,0,0,2,3,H02,7,6,5,50,4,1,1,4,4,5,13,1,1,1,4,5,2,16,2,7,2,9,4,5,7,17,8,20,10,16,,67,,1,14,121.5215573,25.0385974
113,8,23,17,3,2,02萬華區,萬華區華江橋往北市機車道001028燈桿,0,0,4,1,C03,8,6,5,40,8,11,1,5,4,5,13,4,4,3,4,5,1,17,2,42,2,8,3,4,7,9,1,9,1,11,,16,,1,21,121.4878654,25.0354985
113,8,23,17,3,2,02萬華區,萬華區華江橋往北市機車道001028燈桿,0,0,4,2,C03,8,6,5,40,8,11,1,5,4,5,13,4,4,3,4,5,1,17,1,39,2,8,3,4,7,12,1,10,1,13,,44,,1,21,121.4878654,25.0354985
113,8,23,17,3,2,02萬華區,萬華區華江橋往北市機車道001028燈桿,0,0,4,3,C03,8,6,5,40,8,11,1,5,4,5,13,4,4,3,4,5,1,17,1,19,2,8,3,4,7,9,1,10,1,15,,13,,1,21,121.4878654,25.0354985
113,8,23,17,3,2,02萬華區,萬華區華江橋往北市機車道001028燈桿,0,0,4,4,H02,8,6,5,40,8,11,1,5,4,5,13,4,4,3,4,5,1,17,2,10,2,8,3,5,7,20,8,20,10,16,,67,,1,21,121.4878654,25.0354985
113,8,23,17,3,2,02萬華區,萬華區華江橋往北市機車道001028燈桿,0,0,4,5,H02,8,6,5,40,8,11,1,5,4,5,13,4,4,3,4,5,1,17,1,13,3,10,3,5,7,20,8,20,10,16,,67,,1,15,121.4878654,25.0354985
113,8,23,17,22,2,07信義區,信義區一號道路與松壽路口,0,0,1,1,C03,7,6,5,50,3,2,4,4,4,5,13,2,1,5,4,5,2,18,1,19,2,3,6,1,7,6,1,10,1,12,,116,,1,21,121.5619923,25.0361129
113,8,23,17,22,2,07信義區,信義區一號道路與松壽路口,0,0,1,2,,7,6,5,50,3,2,4,4,4,5,13,2,1,5,4,5,2,18,3,0,,,,,,,,,,,,67,,1,,121.5619923,25.0361129
113,8,23,17,26,2,10文山區,文山區福和橋機車道（7510064號燈桿）,0,0,2,1,C03,6,6,5,40,8,11,1,4,4,4,13,4,4,10,4,5,1,13,1,29,2,9,6,1,7,9,1,10,1,11,,16,,1,22,121.5319954,25.00849936
113,8,23,17,26,2,10文山區,文山區福和橋機車道（7510064號燈桿）,0,0,2,2,C03,6,6,5,40,8,11,1,4,4,4,13,4,4,10,4,5,1,13,2,24,2,8,6,1,7,9,1,10,1,13,,44,,1,22,121.5319954,25.00849936
113,8,23,17,26,2,10文山區,文山區福和橋機車道（7510064號燈桿）,0,0,2,3,C03,6,6,5,40,8,11,1,4,4,4,13,4,4,10,4,5,1,13,1,25,3,10,6,1,7,15,1,10,1,17,,44,,1,22,121.5319954,25.00849936
113,8,23,17,32,2,02萬華區,萬華區東園街192號,0,0,2,1,C03,8,7,5,30,14,9,1,5,4,5,13,4,4,9,5,5,2,12,2,58,3,10,5,1,7,15,3,18,1,12,,17,,1,21,121.4984046,25.0217585
113,8,23,17,32,2,02萬華區,萬華區東園街192號,0,0,2,3,H02,8,7,5,30,14,9,1,5,4,5,13,4,4,9,5,5,2,12,1,1,2,1,2,5,7,17,8,20,10,16,,67,,1,21,121.4984046,25.0217585
113,8,23,17,32,2,02萬華區,萬華區東園街192號,0,0,2,2,C03,8,7,5,30,14,9,1,5,4,5,13,4,4,9,5,5,2,12,1,33,2,8,5,1,7,15,1,10,1,14,,44,,1,21,121.4984046,25.0217585
113,8,23,17,43,2,03中山區,中山區民權東路3段與建國北路3段口,0,0,1,1,C02,8,5,5,50,4,1,1,4,4,5,13,1,1,1,4,5,2,13,1,35,2,8,3,4,7,9,3,18,1,11,,42,,1,21,121.5367885,25.0622639
113,8,23,17,43,2,03中山區,中山區民權東路3段與建國北路3段口,0,0,1,2,B03,8,5,5,50,4,1,1,4,4,5,13,1,1,1,4,5,2,13,1,37,3,10,3,4,7,9,1,8,1,3,,44,,1,21,121.5367885,25.0622639
113,8,23,17,55,2,08士林區,士林區天母東路6號前,0,0,1,1,B03,8,6,5,50,14,9,1,5,4,5,13,4,4,3,4,5,2,17,4,0,,,,,,,,,,,,119,,2,,121.5311384,25.11809877
113,8,23,17,55,2,08士林區,士林區天母東路6號前,0,0,1,2,C03,8,6,5,50,14,9,1,5,4,5,13,4,4,3,4,5,2,17,1,41,2,9,6,1,7,9,1,10,1,17,,119,,1,21,121.5311384,25.11809877
113,8,23,17,57,2,12內湖區,內湖區行愛路與行忠路口,0,0,3,1,C03,8,7,8,50,5,2,1,5,4,5,13,2,1,1,4,5,2,16,1,46,2,9,6,1,7,8,1,10,1,12,,101,,1,21,121.5787219,25.0660774
113,8,23,17,57,2,12內湖區,內湖區行愛路與行忠路口,0,0,3,2,C03,8,7,8,50,5,2,1,5,4,5,13,2,1,1,4,5,2,16,1,19,2,9,6,1,7,9,1,10,1,14,,44,,1,21,121.5787219,25.0660774
113,8,23,17,57,2,12內湖區,內湖區行愛路與行忠路口,0,0,3,3,H02,8,7,8,50,5,2,1,5,4,5,13,2,1,1,4,5,2,16,2,19,2,9,6,5,7,21,8,20,10,16,,67,,1,21,121.5787219,25.0660774
113,8,23,18,5,2,09北投區,北投區東華街1段與建民路口,0,0,1,1,C03,7,7,5,50,3,2,1,5,4,5,13,4,4,10,4,5,2,13,2,34,2,8,5,1,7,9,1,10,1,11,,42,,1,22,121.5188183,25.11018359
113,8,23,18,5,2,09北投區,北投區東華街1段與建民路口,0,0,1,2,C03,7,7,5,50,3,2,1,5,4,5,13,4,4,10,4,5,2,13,1,64,3,10,5,1,7,7,1,10,1,13,,100,,1,22,121.5188183,25.11018359
113,8,23,18,5,2,11南港區,南港區重陽路491號,0,0,1,1,B01,7,5,5,40,14,8,1,4,4,3,13,4,4,9,5,4,2,16,1,66,3,10,3,4,7,11,1,4,1,4,,103,,1,21,121.6121735,25.0609251
113,8,23,18,5,2,11南港區,南港區重陽路491號,0,0,1,2,C02,7,5,5,40,14,8,1,4,4,3,13,4,4,9,5,4,2,16,1,35,2,8,6,1,7,9,1,9,1,11,,108,,1,21,121.6121735,25.0609251
113,8,23,18,8,2,08士林區,士林區福林路與福林路254巷口口,0,0,2,1,C03,8,6,5,50,4,1,1,5,4,5,13,2,1,5,4,5,2,16,1,27,2,9,6,1,7,5,1,10,1,13,,8,,1,21,121.5345038,25.09798786
113,8,23,18,8,2,08士林區,士林區福林路與福林路254巷口口,0,0,2,2,C03,8,6,5,50,4,1,1,5,4,5,13,2,1,5,4,5,2,16,1,23,2,9,6,1,7,9,1,10,1,11,,13,,1,21,121.5345038,25.09798786
113,8,23,18,15,2,12內湖區,內湖區港墘路與洲子街口,0,0,1,1,B03,8,5,5,30,4,1,1,5,4,5,13,2,1,1,4,5,1,16,1,56,4,11,3,4,7,6,7,19,11,15,,9,,2,22,121.575928,25.0781152
113,8,23,18,15,2,12內湖區,內湖區港墘路與洲子街口,0,0,1,2,C03,8,5,5,30,4,1,1,5,4,5,13,2,1,1,4,5,1,16,1,32,2,9,5,1,7,9,1,10,2,12,,44,,1,21,121.575928,25.0781152
113,8,23,18,23,2,05中正區,中正區開封街1段與懷寧街口,0,0,1,1,B03,7,6,5,50,4,2,1,5,4,5,13,3,1,10,4,5,2,17,1,33,3,10,7,1,7,9,1,8,2,17,,44,,1,21,121.5141235,25.0460182
113,8,23,18,23,2,05中正區,中正區開封街1段與懷寧街口,0,0,1,2,C03,7,6,5,50,4,2,1,5,4,5,13,3,1,10,4,5,2,17,1,53,2,9,6,1,7,9,1,10,2,12,,107,,1,21,121.5141235,25.0460182
113,8,23,18,25,2,09北投區,北投區中央北路2段與中央北路2段113巷口,0,0,2,1,C03,8,6,5,30,14,9,1,5,4,5,13,4,4,9,4,5,2,16,1,80,2,7,5,1,7,5,1,10,1,11,,80,,1,21,121.4947637,25.1371461
113,8,23,18,25,2,09北投區,北投區中央北路2段與中央北路2段113巷口,0,0,2,2,C03,8,6,5,30,14,9,1,5,4,5,13,4,4,9,4,5,2,16,1,34,2,8,5,1,7,9,1,10,1,11,,13,,1,21,121.4947637,25.1371461
113,8,23,18,35,2,05中正區,中正區汀州路3段230巷17號前,0,0,1,1,B01,7,5,5,30,14,9,1,5,4,5,13,4,4,10,5,5,1,14,1,60,3,10,7,1,7,2,1,3,2,3,,12,,1,21,121.534684,25.01043204
113,8,23,18,35,2,05中正區,中正區汀州路3段230巷17號前,0,0,1,2,C03,7,5,5,30,14,9,1,5,4,5,13,4,4,10,5,5,1,14,2,32,2,9,5,1,7,14,1,10,2,11,,44,,1,21,121.534684,25.01043204
113,8,23,18,45,2,10文山區,文山區興隆路3段207巷8弄與興隆路3段221巷口,0,0,1,1,B03,7,5,5,30,4,2,1,5,4,5,13,4,4,10,5,5,2,14,2,64,3,10,7,1,7,2,1,8,2,6,,12,,1,21,121.5604595,24.9943584
113,8,23,18,45,2,10文山區,文山區興隆路3段207巷8弄與興隆路3段221巷口,0,0,1,2,C03,7,5,5,30,4,2,1,5,4,5,13,4,4,10,5,5,2,14,2,41,2,9,6,1,7,14,1,10,2,11,,44,,1,21,121.5604595,24.9943584
113,8,23,20,6,2,05中正區,中正區廣州街6號(南門國中前),0,0,1,1,B03,8,5,5,30,14,9,1,5,4,5,13,3,1,5,2,5,2,17,2,55,2,7,7,1,7,11,1,8,2,6,,92,,1,21,121.5091418,25.03534894
113,8,23,20,6,2,05中正區,中正區廣州街6號(南門國中前),0,0,1,2,B02,8,5,5,30,14,9,1,5,4,5,13,3,1,5,2,5,2,17,1,43,3,10,7,1,7,9,1,8,2,1,,14,,1,21,121.5091418,25.03534894
113,8,23,20,6,2,05中正區,中正區廣州街6號(南門國中前),0,0,1,3,,8,5,5,30,14,9,1,5,4,5,13,3,1,5,2,5,2,17,3,0,,,,,,,,,,,,67,,1,,121.5091418,25.03534894
113,8,23,20,12,2,04大安區,大安區光復南路180巷7號,0,0,1,1,B03,7,5,5,30,4,1,1,5,4,5,13,4,4,10,5,5,2,14,2,44,3,10,3,4,7,2,1,8,1,6,,12,,1,21,121.5566747,25.04229583
113,8,23,20,12,2,04大安區,大安區光復南路180巷7號,0,0,1,2,C03,7,5,5,30,4,1,1,5,4,5,13,4,4,10,5,5,2,14,1,27,2,7,3,4,7,9,1,10,1,13,,19,,1,21,121.5566747,25.04229583
113,8,23,20,39,2,02萬華區,萬華區長沙街2段與康定路口,0,0,1,1,C03,8,5,5,50,4,1,1,5,4,5,13,1,1,5,4,5,2,17,1,34,2,9,5,4,7,5,1,10,1,14,,8,,1,21,121.5019974,25.0405566
113,8,23,20,39,2,02萬華區,萬華區長沙街2段與康定路口,0,0,1,2,B03,8,5,5,50,4,1,1,5,4,5,13,1,1,5,4,5,2,17,2,56,3,10,7,4,7,9,1,8,1,5,,44,,1,21,121.5019974,25.0405566
113,8,23,21,2,2,08士林區,士林區中正路與延平北路6段口,0,0,2,1,C03,7,5,5,50,4,1,1,5,4,5,13,1,1,1,1,5,1,16,2,22,2,9,5,1,7,5,1,10,1,14,,44,,1,21,121.5095703,25.0868929
113,8,23,21,2,2,08士林區,士林區中正路與延平北路6段口,0,0,2,2,C03,7,5,5,50,4,1,1,5,4,5,13,1,1,1,1,5,1,16,1,48,2,9,5,1,7,9,1,10,1,11,,44,,1,21,121.5095703,25.0868929
113,8,23,21,2,2,12內湖區,內湖區東湖路43巷26弄與東湖路43巷口,0,0,2,1,C04,8,5,6,30,4,1,1,5,4,5,13,4,4,10,5,5,2,15,2,19,2,8,6,1,7,9,1,10,2,11,,72,,1,22,121.6136361,25.0697974
113,8,23,21,2,2,12內湖區,內湖區東湖路43巷26弄與東湖路43巷口,0,0,2,2,B03,8,5,6,30,4,1,1,5,4,5,13,4,4,10,5,5,2,15,2,51,3,10,3,4,7,9,1,8,2,8,,14,,1,22,121.6136361,25.0697974
113,8,23,21,2,2,12內湖區,內湖區東湖路43巷26弄與東湖路43巷口,0,0,2,3,H02,8,5,6,30,4,1,1,5,4,5,13,4,4,10,5,5,2,15,2,48,2,8,4,5,7,17,8,20,10,16,,67,,1,22,121.6136361,25.0697974
113,8,23,21,26,2,05中正區,中正區汀州路1段與和平西路2段134巷口,0,0,1,1,C03,8,5,5,30,4,1,1,5,4,5,13,4,4,5,2,5,2,17,1,60,3,10,5,1,7,9,1,10,2,11,,72,,1,21,121.5062883,25.0318949
113,8,23,21,26,2,05中正區,中正區汀州路1段與和平西路2段134巷口,0,0,1,2,C03,8,5,5,30,4,1,1,5,4,5,13,4,4,5,2,5,2,17,1,47,2,9,5,1,7,9,1,10,2,11,,44,,1,21,121.5062883,25.0318949
113,8,23,22,1,2,03中山區,中山區長春路247號,0,0,2,1,B03,8,5,5,50,14,9,1,5,4,5,13,4,4,8,3,5,1,17,1,59,3,10,7,1,7,1,1,8,2,8,,19,,1,21,121.5393439,25.0547385
113,8,23,22,1,2,03中山區,中山區長春路247號,0,0,2,2,C04,8,5,5,50,14,9,1,5,4,5,13,4,4,8,3,5,1,17,2,28,2,9,5,1,7,9,1,10,2,11,,44,,1,21,121.5393439,25.0547385
113,8,23,22,1,2,03中山區,中山區長春路247號,0,0,2,3,H02,8,5,5,50,14,9,1,5,4,5,13,4,4,8,3,5,1,17,2,28,2,8,5,5,7,21,8,20,10,16,,67,,1,22,121.5393439,25.0547385
113,8,23,22,51,2,07信義區,信義區忠孝東路4段與逸仙路口,0,0,1,1,B01,8,5,5,50,14,9,1,5,4,5,13,4,4,1,4,5,2,12,1,61,3,10,7,1,7,9,1,4,1,2,,17,,1,22,121.5612466,25.0411242
113,8,23,22,51,2,07信義區,信義區忠孝東路4段與逸仙路口,0,0,1,2,F01,8,5,5,50,14,9,1,5,4,5,13,4,4,1,4,5,2,12,2,33,2,9,4,1,7,9,8,20,1,14,,44,,1,22,121.5612466,25.0411242
113,8,24,2,33,2,07信義區,信義區忠孝東路5段262號,0,0,1,1,C04,7,5,5,50,14,9,1,5,4,5,13,4,4,1,4,5,2,17,1,31,2,9,3,4,7,9,1,10,8,12,,21,,1,22,121.5730433,25.0408173
113,8,24,2,33,2,07信義區,信義區忠孝東路5段262號,0,0,1,2,B03,7,5,5,50,14,9,1,5,4,5,13,4,4,1,4,5,2,17,1,43,3,10,3,4,7,13,1,8,11,4,,44,,1,22,121.5730433,25.0408173
113,8,24,3,30,2,10文山區,文山區羅斯福路5段與羅斯福路5段218巷口口,0,0,1,1,B03,8,5,5,30,4,18,1,5,4,5,13,2,1,10,5,5,2,1,2,68,3,10,7,1,7,5,1,8,2,8,,70,,1,21,121.5388782,25.0020919
113,8,24,3,30,2,10文山區,文山區羅斯福路5段與羅斯福路5段218巷口口,0,0,1,2,H01,8,5,5,30,4,18,1,5,4,5,13,2,1,10,5,5,2,1,1,48,2,9,4,5,8,16,8,20,10,16,,67,,1,21,121.5388782,25.0020919
113,8,24,5,50,2,03中山區,中山區長安東路2段與建國北路1段口,0,0,1,1,C03,8,7,5,50,4,1,1,5,4,5,13,1,1,9,4,5,2,12,1,25,2,9,5,1,7,15,1,10,1,11,,44,,1,21,121.5363205,25.0483444
113,8,24,5,50,2,03中山區,中山區長安東路2段與建國北路1段口,0,0,1,2,B02,8,7,5,50,4,1,1,5,4,5,13,1,1,9,4,5,2,12,1,37,3,10,7,1,7,15,1,8,1,6,,44,,1,21,121.5363205,25.0483444
113,8,24,5,50,2,10文山區,文山區羅斯福路6段159巷與羅斯福路6段159巷1弄口口,0,0,1,1,C03,8,6,5,30,4,1,1,5,4,5,13,3,1,10,5,5,2,15,1,75,2,9,6,1,7,9,1,10,2,12,,72,,1,21,121.5412009,24.9972396
113,8,24,5,50,2,10文山區,文山區羅斯福路6段159巷與羅斯福路6段159巷1弄口口,0,0,1,2,B03,8,6,5,30,4,1,1,5,4,5,13,3,1,10,5,5,2,15,1,65,3,10,7,1,7,9,1,8,2,1,,108,,1,21,121.5412009,24.9972396
113,8,24,6,15,2,02萬華區,萬華區富民路95-1號,0,0,1,1,B12,8,6,5,50,14,9,1,5,4,5,13,4,4,10,5,5,2,17,4,0,,,,,,,,,,,,17,,2,,121.4994632,25.01825814
113,8,24,6,15,2,02萬華區,萬華區富民路95-1號,0,0,1,2,C03,8,6,5,50,14,9,1,5,4,5,13,4,4,10,5,5,2,17,1,71,2,8,5,1,7,14,1,10,9,17,,17,,1,26,121.4994632,25.01825814
113,8,24,6,30,2,08士林區,士林區延平北路6段與環河北路3段口,0,0,1,1,C03,8,7,5,50,3,1,1,5,4,5,13,2,1,1,4,2,1,17,1,29,3,10,5,1,7,5,1,10,2,12,,108,,1,21,121.5011675,25.09038008
113,8,24,6,30,2,08士林區,士林區延平北路6段與環河北路3段口,0,0,1,2,C03,8,7,5,50,3,1,1,5,4,5,13,2,1,1,4,2,1,17,2,34,2,7,5,1,7,5,1,10,2,14,,8,,1,21,121.5011675,25.09038008
113,8,24,6,32,2,07信義區,信義區莊敬路317號,0,0,1,1,A02,8,6,5,50,14,9,1,5,4,5,13,2,1,9,5,5,2,9,1,62,3,10,7,1,7,9,1,2,2,17,,44,,1,21,121.5634136,25.0282645
113,8,24,6,32,2,07信義區,信義區莊敬路317號,0,0,1,2,H02,8,6,5,50,14,9,1,5,4,5,13,2,1,9,5,5,2,9,2,79,2,9,4,5,7,17,8,20,10,16,,67,,1,21,121.5634136,25.0282645
113,8,24,7,31,2,02萬華區,萬華區忠孝西路2段與昆明街口,0,0,2,1,C03,8,7,5,50,4,1,1,5,4,5,13,2,1,1,4,5,2,15,1,29,2,8,6,1,7,9,1,10,1,12,,81,,1,21,121.5064585,25.04873552
113,8,24,7,31,2,02萬華區,萬華區忠孝西路2段與昆明街口,0,0,2,2,C03,8,7,5,50,4,1,1,5,4,5,13,2,1,1,4,5,2,15,2,38,2,9,6,1,7,9,1,10,1,11,,44,,1,21,121.5064585,25.04873552
113,8,24,7,41,2,07信義區,信義區信安街與嘉興街181巷口,0,0,1,1,C03,8,6,5,50,4,2,1,5,4,5,13,2,1,9,5,5,2,16,1,34,3,10,5,1,7,5,1,10,1,11,,71,,1,21,121.557466,25.0260533
113,8,24,7,41,2,07信義區,信義區信安街與嘉興街181巷口,0,0,1,2,C03,8,6,5,50,4,2,1,5,4,5,13,2,1,9,5,5,2,16,1,36,2,8,5,1,7,9,1,10,1,14,,44,,1,21,121.557466,25.0260533
113,8,24,8,19,2,04大安區,大安區敦化南路1段與敦化南路1段252巷口,0,0,1,1,B03,8,6,5,30,3,1,1,5,4,5,13,4,4,1,4,1,2,17,1,81,3,10,7,1,7,9,1,8,1,4,,72,,1,21,121.5486018,25.0397268
113,8,24,8,19,2,04大安區,大安區敦化南路1段與敦化南路1段252巷口,0,0,1,2,C03,8,6,5,30,3,1,1,5,4,5,13,4,4,1,4,1,2,17,2,27,2,9,6,1,7,9,1,10,1,11,,14,,1,21,121.5486018,25.0397268
113,8,24,8,31,2,08士林區,士林區仰德大道2段與仰德大道2段41巷口,0,0,2,1,F01,8,6,5,40,3,2,1,5,4,5,13,1,1,5,4,5,1,17,1,44,2,9,4,1,7,9,8,20,2,11,,81,,1,22,121.5435466,25.104863
113,8,24,8,31,2,08士林區,士林區仰德大道2段與仰德大道2段41巷口,0,0,2,2,C03,8,6,5,40,3,2,1,5,4,5,13,1,1,5,4,5,1,17,1,46,2,9,6,1,7,5,1,10,2,11,,44,,1,21,121.5435466,25.104863
113,8,24,8,43,2,09北投區,北投區中央北路4段346號,0,0,3,1,C03,8,6,5,50,14,9,1,5,4,5,13,1,1,9,4,5,1,13,1,71,2,9,6,1,7,9,1,10,1,11,,16,,1,21,121.4722617,25.1304264
113,8,24,8,43,2,09北投區,北投區中央北路4段346號,0,0,3,2,C03,8,6,5,50,14,9,1,5,4,5,13,1,1,9,4,5,1,13,2,44,2,9,5,1,7,9,1,10,1,13,,44,,1,21,121.4722617,25.1304264
113,8,24,8,43,2,09北投區,北投區中央北路4段346號,0,0,3,3,H02,8,6,5,50,14,9,1,5,4,5,13,1,1,9,4,5,1,13,2,70,2,9,5,5,7,20,8,20,10,16,,67,,1,21,121.4722617,25.1304264