發生年度,發生月,發生日,發生時-Hours,發生分,處理別-編號,區序,肇事地點,死亡人數,2-30日死亡人數,受傷人數,當事人序號,車種,天候,道路照明設備,道路類別,速限-速度限制,道路型態,事故位置,路面狀況1,路面狀況2,路面狀況3,道路障礙1,道路障礙2,號誌1,號誌2,車道劃分-分向,車道劃分-分道1,車道劃分-分道2,車道劃分-分道3,事故類型及型態,性別,年齡,受傷程度,主要傷處,保護裝置,行動電話,車輛用途,當事者行動狀態,駕駛資格情形,駕駛執照種類,飲酒情形,車輛撞擊部位1,車輛撞擊部位2,肇因碼-個別,肇因碼-主要,個人肇逃否,職業,座標-X,座標-Y
113,8,24,9,34,2,11南港區,南港區重陽路與重陽路263巷口,0,0,1,1,B03,8,7,5,50,4,2,1,5,4,5,13,4,4,9,4,4,2,15,1,76,3,10,3,4,7,9,1,8,1,6,,73,,1,21,121.6033816,25.0577342
113,8,24,9,34,2,11南港區,南港區重陽路與重陽路263巷口,0,0,1,2,C03,8,7,5,50,4,2,1,5,4,5,13,4,4,9,4,4,2,15,1,30,2,9,6,4,7,9,1,10,1,11,,44,,1,21,121.6033816,25.0577342
113,8,24,9,51,2,02萬華區,萬華區萬大路423巷10弄15號,0,0,2,1,C03,8,5,5,30,14,9,1,5,4,5,13,4,4,10,5,5,1,10,1,45,2,8,3,4,7,9,6,18,7,11,,21,,1,22,121.4988807,25.0208432
113,8,24,9,51,2,02萬華區,萬華區萬大路423巷10弄15號,0,0,2,2,C03,8,5,5,30,14,9,1,5,4,5,13,4,4,10,5,5,1,10,2,61,2,9,3,4,7,9,3,18,2,11,,44,,1,22,121.4988807,25.0208432
113,8,24,9,58,2,10文山區,文山區興隆路2段218號,0,0,1,1,B03,8,6,5,50,14,9,1,5,4,5,13,4,4,9,5,5,2,17,1,34,3,10,7,1,7,1,1,8,2,1,,19,,1,21,121.5525396,25.0012683
113,8,24,9,58,2,10文山區,文山區興隆路2段218號,0,0,1,2,C03,8,6,5,50,14,9,1,5,4,5,13,4,4,9,5,5,2,17,1,22,2,9,6,1,7,9,1,10,2,12,,44,,1,21,121.5525396,25.0012683
113,8,24,9,58,2,10文山區,文山區興隆路2段218號,0,0,1,3,B03,8,6,5,50,14,9,1,5,4,5,13,4,4,9,5,5,2,17,1,44,3,10,7,1,7,14,1,8,11,17,,38,,1,21,121.5525396,25.0012683
113,8,24,10,5,2,12內湖區,內湖區洲子街與內湖路1段518巷口口,0,0,1,1,C03,8,6,5,50,4,1,1,5,4,5,13,2,1,5,4,5,2,17,2,26,2,9,5,1,7,5,1,10,1,17,,16,,1,21,121.5734713,25.0791236
113,8,24,10,5,2,12內湖區,內湖區洲子街與內湖路1段518巷口口,0,0,1,2,C03,8,6,5,50,4,1,1,5,4,5,13,2,1,5,4,5,2,17,1,39,3,10,5,1,7,5,1,10,1,17,,44,,1,21,121.5734713,25.0791236
113,8,24,10,5,2,12內湖區,內湖區洲子街與內湖路1段518巷口口,0,0,1,3,F01,8,6,5,50,4,1,1,5,4,5,13,2,1,5,4,5,2,17,2,28,3,10,4,1,7,9,8,20,1,17,,44,,1,21,121.5734713,25.0791236
113,8,24,10,18,2,12內湖區,內湖區成功路2段115巷49弄與成功路2段115巷47弄口,0,0,2,1,C03,8,5,5,30,3,1,2,5,4,5,13,4,4,9,4,5,2,16,2,64,3,10,5,1,7,5,1,10,1,11,,8,,1,21,121.5927665,25.06468965
113,8,24,10,18,2,12內湖區,內湖區成功路2段115巷49弄與成功路2段115巷47弄口,0,0,2,2,C03,8,5,5,30,3,1,2,5,4,5,13,4,4,9,4,5,2,16,2,50,2,9,5,1,7,9,1,10,1,12,,44,,1,21,121.5927665,25.06468965
113,8,24,10,18,2,12內湖區,內湖區成功路2段115巷49弄與成功路2段115巷47弄口,0,0,2,3,H02,8,5,5,30,3,1,2,5,4,5,13,4,4,9,4,5,2,16,2,19,2,9,5,5,7,21,8,20,10,16,,67,,1,22,121.5927665,25.06468965
113,8,24,10,53,2,08士林區,士林區倫等街48巷與社中路458巷口,0,0,1,1,B03,7,6,5,30,4,2,1,5,4,5,13,4,4,10,5,5,1,15,2,44,3,10,3,4,7,9,1,8,1,1,,72,,1,21,121.5023824,25.092839
113,8,24,10,53,2,08士林區,士林區倫等街48巷與社中路458巷口,0,0,1,2,C03,7,6,5,30,4,2,1,5,4,5,13,4,4,10,5,5,1,15,2,18,2,9,3,4,7,9,1,10,1,12,,13,,1,21,121.5023824,25.092839
113,8,24,11,2,2,12內湖區,內湖區成功路2段456巷與成功路2段456巷口,0,0,1,1,C03,8,5,5,30,3,1,1,5,4,5,13,4,4,10,5,5,2,17,1,45,2,9,5,1,7,6,1,10,4,11,,72,,1,21,121.5886143,25.07311723
113,8,24,11,2,2,12內湖區,內湖區成功路2段456巷與成功路2段456巷口,0,0,1,2,B03,8,5,5,30,3,1,1,5,4,5,13,4,4,10,5,5,2,17,1,43,3,10,7,1,7,9,1,10,2,4,,44,,1,21,121.5886143,25.07311723
113,8,24,11,35,2,08士林區,士林區福華路141巷與德行西路94巷口,0,0,1,1,B03,8,6,5,30,4,2,1,5,4,5,13,4,4,9,5,5,2,17,1,53,3,10,7,1,7,9,1,8,1,8,,5,,1,22,121.5214429,25.1027981
113,8,24,11,35,2,08士林區,士林區福華路141巷與德行西路94巷口,0,0,1,2,C03,8,6,5,30,4,2,1,5,4,5,13,4,4,9,5,5,2,17,1,64,3,10,6,1,7,9,1,10,1,14,,44,,1,22,121.5214429,25.1027981
113,8,24,11,35,2,08士林區,士林區福華路141巷與德行西路94巷口,0,0,1,3,H02,8,6,5,30,4,2,1,5,4,5,13,4,4,9,5,5,2,17,2,62,2,8,6,5,7,17,8,20,10,17,,67,,1,22,121.5214429,25.1027981
113,8,24,11,42,2,03中山區,中山區林森北路與民權東路1段口,0,0,1,1,B01,8,6,5,50,4,1,1,5,4,5,13,2,1,5,5,5,2,16,1,63,3,10,7,1,7,6,1,4,1,5,,17,,1,22,121.5256783,25.0625401
113,8,24,11,42,2,03中山區,中山區林森北路與民權東路1段口,0,0,1,2,C03,8,6,5,50,4,1,1,5,4,5,13,2,1,5,5,5,2,16,2,28,2,9,6,1,7,9,1,10,1,14,,17,,1,22,121.5256783,25.0625401
113,8,24,11,43,2,09北投區,北投區光明路與中和街口,0,0,2,1,C03,7,6,5,50,4,1,1,5,4,5,13,1,1,9,4,5,1,17,1,71,2,9,5,1,7,5,1,10,1,11,,8,,1,21,121.5037582,25.1372352
113,8,24,11,43,2,09北投區,北投區光明路與中和街口,0,0,2,2,B03,7,6,5,50,4,1,1,5,4,5,13,1,1,9,4,5,1,17,2,48,3,10,7,1,7,9,1,8,1,5,,14,,1,21,121.5037582,25.1372352
113,8,24,11,43,2,09北投區,北投區光明路與中和街口,0,0,2,3,H02,7,6,5,50,4,1,1,5,4,5,13,1,1,9,4,5,1,17,2,71,2,9,5,5,7,20,8,20,10,16,,67,,1,21,121.5037582,25.1372352
113,8,24,11,56,2,03中山區,中山區合江街與龍江路298巷口,0,0,3,1,C03,8,5,5,30,4,1,1,5,4,5,13,4,4,5,5,5,2,15,2,50,2,8,3,4,7,9,1,10,1,14,,80,,1,21,121.5392707,25.0618128
113,8,24,11,56,2,03中山區,中山區合江街與龍江路298巷口,0,0,3,2,C03,8,5,5,30,4,1,1,5,4,5,13,4,4,5,5,5,2,15,1,72,2,9,3,4,7,9,1,10,1,11,,44,,1,21,121.5392707,25.0618128
113,8,24,11,56,2,03中山區,中山區合江街與龍江路298巷口,0,0,3,3,H02,8,5,5,30,4,1,1,5,4,5,13,4,4,5,5,5,2,15,2,65,2,1,3,5,7,21,8,20,10,16,,67,,1,21,121.5392707,25.0618128
113,8,24,12,3,2,08士林區,士林區天母東路70號,0,0,1,1,B03,8,5,8,50,22,22,1,5,4,5,13,2,1,1,5,5,1,17,1,62,3,10,7,1,7,11,1,8,2,1,,80,,1,21,121.5347372,25.1180575
113,8,24,12,3,2,08士林區,士林區天母東路70號,0,0,1,2,C02,8,5,8,50,22,22,1,5,4,5,13,2,1,1,5,5,1,17,1,30,2,9,5,1,7,9,3,18,2,11,,14,,1,21,121.5347372,25.1180575
113,8,24,12,3,2,08士林區,士林區天母東路70號,0,0,1,3,C03,8,5,8,50,22,22,1,5,4,5,13,2,1,1,5,5,1,17,1,27,3,10,3,4,7,21,7,19,11,12,,44,,1,21,121.5347372,25.1180575
113,8,24,12,3,2,08士林區,士林區天母東路70號,0,0,1,4,C03,8,5,8,50,22,22,1,5,4,5,13,2,1,1,5,5,1,17,2,41,3,10,3,4,7,21,7,19,11,12,,44,,1,21,121.5347372,25.1180575
113,8,24,12,3,2,08士林區,士林區天母東路70號,0,0,1,5,C03,8,5,8,50,22,22,1,5,4,5,13,2,1,1,5,5,1,17,2,49,3,10,3,4,7,21,7,19,11,12,,44,,1,21,121.5347372,25.1180575
113,8,24,12,3,2,08士林區,士林區天母東路70號,0,0,1,6,C03,8,5,8,50,22,22,1,5,4,5,13,2,1,1,5,5,1,17,1,34,3,10,3,4,7,21,7,19,11,12,,44,,1,21,121.5347372,25.1180575
113,8,24,12,3,2,08士林區,士林區天母東路70號,0,0,1,7,C03,8,5,8,50,22,22,1,5,4,5,13,2,1,1,5,5,1,17,1,43,3,10,3,4,7,21,7,19,11,12,,44,,1,21,121.5347372,25.1180575
113,8,24,12,3,2,08士林區,士林區天母東路70號,0,0,1,8,C03,8,5,8,50,22,22,1,5,4,5,13,2,1,1,5,5,1,17,2,59,3,10,3,4,7,21,7,19,11,12,,44,,1,21,121.5347372,25.1180575
113,8,24,12,3,2,08士林區,士林區天母東路70號,0,0,1,9,C04,8,5,8,50,22,22,1,5,4,5,13,2,1,1,5,5,1,17,3,0,,,,,,,,,,,,67,,1,,121.5347372,25.1180575
113,8,24,12,3,2,08士林區,士林區天母東路70號,0,0,1,10,C03,8,5,8,50,22,22,1,5,4,5,13,2,1,1,5,5,1,17,1,54,3,10,3,4,7,21,7,19,11,12,,44,,1,21,121.5347372,25.1180575
113,8,24,12,3,2,08士林區,士林區天母東路70號,0,0,1,11,C03,8,5,8,50,22,22,1,5,4,5,13,2,1,1,5,5,1,17,1,27,3,10,3,4,7,21,7,19,11,12,,44,,1,21,121.5347372,25.1180575
113,8,24,12,3,2,08士林區,士林區天母東路70號,0,0,1,12,C03,8,5,8,50,22,22,1,5,4,5,13,2,1,1,5,5,1,17,2,60,3,10,3,4,7,21,7,19,11,12,,44,,1,21,121.5347372,25.1180575
113,8,24,12,4,2,02萬華區,萬華區萬大路與萬大路口566號前華中橋下涵洞,0,0,2,1,B03,8,6,5,30,3,1,1,5,4,5,13,4,4,10,5,5,1,16,1,32,2,3,3,4,7,5,1,8,1,5,,72,,1,21,121.4966851,25.0182385
113,8,24,12,4,2,02萬華區,萬華區萬大路與萬大路口566號前華中橋下涵洞,0,0,2,2,B03,8,6,5,30,3,1,1,5,4,5,13,4,4,10,5,5,1,16,2,54,2,3,3,4,7,9,1,8,1,4,,44,,1,21,121.4966851,25.0182385
113,8,24,12,25,2,08士林區,士林區承德路4段77巷與承德路4段口,0,0,1,1,C03,8,6,5,50,5,1,1,5,5,5,13,4,4,1,4,5,2,18,2,30,2,9,5,1,7,9,1,10,2,14,,42,,1,22,121.5232531,25.0822132
113,8,24,12,25,2,08士林區,士林區承德路4段77巷與承德路4段口,0,0,1,2,,8,6,5,50,5,1,1,5,5,5,13,4,4,1,4,5,2,18,3,0,,,,,,,,,,,,67,,1,,121.5232531,25.0822132
113,8,24,12,37,2,04大安區,大安區愛國東路與愛國東路210巷口,0,0,3,1,C03,8,6,5,30,4,1,1,5,4,5,13,3,1,1,3,4,2,17,2,22,2,9,6,1,7,9,1,9,1,11,,44,,1,21,121.5240446,25.0320463
113,8,24,12,37,2,04大安區,大安區愛國東路與愛國東路210巷口,0,0,3,2,C01,8,6,5,30,4,1,1,5,4,5,13,3,1,1,3,4,2,17,1,52,2,9,5,1,7,5,1,10,1,14,,84,,1,21,121.5240446,25.0320463
113,8,24,12,37,2,04大安區,大安區愛國東路與愛國東路210巷口,0,0,3,3,H02,8,6,5,30,4,1,1,5,4,5,13,3,1,1,3,4,2,17,2,30,2,9,5,5,7,20,8,20,10,16,,67,,1,21,121.5240446,25.0320463
113,8,24,12,50,2,04大安區,大安區龍泉街與泰順街16巷口,0,0,1,1,B11,8,6,5,30,3,2,1,5,4,5,13,4,4,10,5,5,2,17,1,52,4,11,3,4,7,21,7,19,11,15,,119,,2,22,121.5292778,25.0252746
113,8,24,12,50,2,04大安區,大安區龍泉街與泰順街16巷口,0,0,1,2,C03,8,6,5,30,3,2,1,5,4,5,13,4,4,10,5,5,2,17,1,33,2,9,5,1,7,12,1,10,1,12,,108,,1,21,121.5292778,25.0252746
113,8,24,13,21,2,02萬華區,萬華區和平西路3段與昆明街口,0,0,1,1,B01,8,6,5,50,5,1,1,5,4,5,13,2,1,1,4,5,2,16,1,24,3,10,3,4,7,6,1,4,1,2,,9,,1,21,121.5040907,25.0345642
113,8,24,13,21,2,02萬華區,萬華區和平西路3段與昆明街口,0,0,1,2,C03,8,6,5,50,5,1,1,5,4,5,13,2,1,1,4,5,2,16,2,69,2,9,6,1,7,9,1,10,1,14,,44,,1,22,121.5040907,25.0345642
113,8,24,13,34,2,12內湖區,內湖區康寧路3段與金湖路口,0,0,3,1,C03,8,5,5,50,4,1,1,5,4,5,13,2,1,1,4,5,2,17,2,63,2,8,5,1,7,15,1,10,9,12,,17,,1,21,121.605563,25.0735282
113,8,24,13,34,2,12內湖區,內湖區康寧路3段與金湖路口,0,0,3,2,C03,8,5,5,50,4,1,1,5,4,5,13,2,1,1,4,5,2,17,2,59,2,9,5,1,7,9,3,18,9,11,,44,,1,21,121.605563,25.0735282
113,8,24,13,34,2,12內湖區,內湖區康寧路3段與金湖路口,0,0,3,3,H02,8,5,5,50,4,1,1,5,4,5,13,2,1,1,4,5,2,17,2,31,2,9,5,5,7,21,8,20,10,16,,67,,1,21,121.605563,25.0735282
113,8,24,14,20,2,05中正區,中正區羅斯福路1段與林森南路地下道口,0,0,1,1,C03,8,7,5,50,5,1,1,5,4,5,13,1,1,1,4,5,2,17,2,28,2,9,5,4,7,5,1,10,1,13,,8,,1,21,121.5182534,25.0329664
113,8,24,14,20,2,05中正區,中正區羅斯福路1段與林森南路地下道口,0,0,1,2,B03,8,7,5,50,5,1,1,5,4,5,13,1,1,1,4,5,2,17,1,39,3,10,7,4,7,5,1,8,1,5,,44,,1,21,121.5182534,25.0329664
113,8,24,14,21,2,01大同區,大同區延平北路2段與延平北路2段144巷口,0,0,2,1,C03,8,6,5,50,4,1,1,5,4,5,13,4,4,5,4,5,2,17,1,26,2,8,6,1,7,11,1,10,1,12,,80,,1,21,121.5114898,25.0575943
113,8,24,14,21,2,01大同區,大同區延平北路2段與延平北路2段144巷口,0,0,2,2,C03,8,6,5,50,4,1,1,5,4,5,13,4,4,5,4,5,2,17,1,28,2,9,6,1,7,9,1,10,1,11,,44,,1,21,121.5114898,25.0575943
113,8,24,14,25,2,03中山區,中山區伊通街與建國北路1段78巷口,0,0,1,1,F01,8,7,5,30,4,1,1,5,4,5,13,4,4,9,5,5,2,15,1,54,2,9,4,1,7,9,8,20,1,12,,72,,1,21,121.5347407,25.0493475
113,8,24,14,25,2,03中山區,中山區伊通街與建國北路1段78巷口,0,0,1,2,B01,8,7,5,30,4,1,1,5,4,5,13,4,4,9,5,5,2,15,1,60,3,10,7,1,7,9,1,4,1,8,,108,,1,21,121.5347407,25.0493475
113,8,24,14,25,2,07信義區,信義區忠孝東路5段與松山路口,0,0,2,1,C03,8,6,5,50,4,4,1,5,4,5,13,1,1,5,4,5,2,12,1,38,2,9,5,1,7,8,1,10,2,12,,99,,1,21,121.5779353,25.0406036
113,8,24,14,25,2,07信義區,信義區忠孝東路5段與松山路口,0,0,2,2,C03,8,6,5,50,4,4,1,5,4,5,13,1,1,5,4,5,2,12,1,28,2,9,5,1,7,9,1,10,2,11,,44,,1,21,121.5779353,25.0406036
113,8,24,14,29,2,08士林區,士林區延平北路7段106巷與通河西街2段口堤外便道,0,0,1,1,B03,8,6,5,50,3,1,1,5,4,5,13,4,4,10,5,5,1,17,1,55,3,10,7,1,7,5,1,8,1,17,,99,,1,21,121.5027554,25.0939435
113,8,24,14,29,2,08士林區,士林區延平北路7段106巷與通河西街2段口堤外便道,0,0,1,2,C03,8,6,5,50,3,1,1,5,4,5,13,4,4,10,5,5,1,17,1,50,2,9,5,1,7,9,1,10,1,17,,13,,1,21,121.5027554,25.0939435
113,8,24,14,48,2,03中山區,中山區北安路與大直街口,0,0,1,1,B02,8,5,5,50,5,1,1,5,4,5,13,1,1,1,4,5,2,11,2,33,3,10,3,4,7,9,1,8,1,5,,4,,1,21,121.5474089,25.07993465
113,8,24,14,48,2,03中山區,中山區北安路與大直街口,0,0,1,2,C03,8,5,5,50,5,1,1,5,4,5,13,1,1,1,4,5,2,11,1,31,2,7,3,4,7,9,1,10,1,14,,44,,1,21,121.5474089,25.07993465
113,8,24,14,48,2,09北投區,北投區致遠二路與西安街2段口,0,0,1,1,B02,8,5,5,50,4,2,1,5,4,5,13,1,1,7,4,5,1,11,1,48,3,10,7,1,7,15,1,8,1,17,,71,,1,21,121.513224,25.1175178
113,8,24,14,48,2,09北投區,北投區致遠二路與西安街2段口,0,0,1,2,C03,8,5,5,50,4,2,1,5,4,5,13,1,1,7,4,5,1,11,1,35,2,9,5,1,7,9,1,10,1,14,,44,,1,21,121.513224,25.1175178
113,8,24,15,15,2,06松山區,松山區八德路4段與基隆路1段口,0,0,2,1,C03,8,7,5,50,5,2,1,5,4,5,13,1,1,8,3,5,2,13,2,45,2,8,5,1,7,9,1,10,1,13,,16,,1,26,121.5699473,25.0496837
113,8,24,15,15,2,06松山區,松山區八德路4段與基隆路1段口,0,0,2,2,C03,8,7,5,50,5,2,1,5,4,5,13,1,1,8,3,5,2,13,2,45,2,8,5,1,7,12,1,10,1,13,,44,,1,26,121.5699473,25.0496837
113,8,24,15,29,2,11南港區,南港區忠孝東路6段297號與忠孝東路6段口317號,0,0,3,1,C03,8,6,5,30,4,1,1,5,4,5,13,4,4,10,5,5,2,16,2,43,2,9,5,1,7,1,1,10,1,11,,19,,1,21,121.5911155,25.0500464
113,8,24,15,29,2,11南港區,南港區忠孝東路6段297號與忠孝東路6段口317號,0,0,3,2,C03,8,6,5,30,4,1,1,5,4,5,13,4,4,10,5,5,2,16,2,56,2,9,5,1,7,9,1,10,1,14,,44,,1,21,121.5911155,25.0500464
113,8,24,15,29,2,11南港區,南港區忠孝東路6段297號與忠孝東路6段口317號,0,0,3,3,H02,8,6,5,30,4,1,1,5,4,5,13,4,4,10,5,5,2,16,2,12,2,9,5,5,7,17,8,20,10,16,,67,,1,14,121.5911155,25.0500464
113,8,24,15,49,2,08士林區,士林區中正路210號,0,0,1,1,B03,8,6,5,50,14,9,1,5,4,5,13,4,4,10,3,5,1,13,2,56,3,10,7,1,7,9,1,8,1,8,,108,,1,21,121.5266018,25.0955337
113,8,24,15,49,2,08士林區,士林區中正路210號,0,0,1,2,B03,8,6,5,50,14,9,1,5,4,5,13,4,4,10,3,5,1,13,2,53,3,10,7,1,7,14,1,8,1,6,,44,,1,21,121.5266018,25.0955337
113,8,24,15,49,2,08士林區,士林區中正路210號,0,0,1,3,H02,8,6,5,50,14,9,1,5,4,5,13,4,4,10,3,5,1,13,2,74,2,5,7,5,7,20,8,20,10,16,,67,,1,21,121.5266018,25.0955337
113,8,24,16,10,2,04大安區,大安區和平東路2段與新生南路2段口,0,0,1,1,C03,8,7,5,50,4,1,1,5,4,5,13,2,1,3,4,5,1,16,1,65,2,9,6,4,7,6,1,10,1,11,,9,,1,21,121.5350489,25.0259187
113,8,24,16,10,2,04大安區,大安區和平東路2段與新生南路2段口,0,0,1,2,F01,8,7,5,50,4,1,1,5,4,5,13,2,1,3,4,5,1,16,1,59,3,10,3,4,7,9,8,20,1,13,,44,,1,21,121.5350489,25.0259187
113,8,24,16,15,2,12內湖區,內湖區成功路4段61巷與成功路4段口,0,0,1,1,B03,8,6,5,50,3,1,1,5,4,5,13,1,1,1,5,5,2,16,1,68,3,10,7,1,7,5,1,8,2,6,,8,,1,21,121.5918803,25.0821066
113,8,24,16,15,2,12內湖區,內湖區成功路4段61巷與成功路4段口,0,0,1,2,C03,8,6,5,50,3,1,1,5,4,5,13,1,1,1,5,5,2,16,1,22,2,8,6,1,7,9,1,10,2,11,,44,,1,21,121.5918803,25.0821066
113,8,24,17,1,2,06松山區,松山區民權東路5段與撫遠街400巷口,0,0,1,1,C03,8,7,5,50,3,1,1,5,4,5,13,1,1,1,3,5,2,16,1,20,2,9,5,1,7,9,1,10,1,11,,81,,1,26,121.5648558,25.0631319
113,8,24,17,1,2,06松山區,松山區民權東路5段與撫遠街400巷口,0,0,1,2,B01,8,7,5,50,3,1,1,5,4,5,13,1,1,1,3,5,2,16,1,55,3,10,7,1,7,5,1,8,1,6,,98,,1,26,121.5648558,25.0631319
113,8,24,17,11,2,10文山區,文山區萬芳路18號,0,0,1,1,H01,8,7,5,50,14,9,1,5,4,5,13,4,4,5,4,5,2,3,2,49,3,10,4,5,8,16,8,20,10,16,,67,,1,22,121.5706188,24.9958599
113,8,24,17,11,2,10文山區,文山區萬芳路18號,0,0,1,2,C03,8,7,5,50,14,9,1,5,4,5,13,4,4,5,4,5,2,3,1,25,2,9,5,1,7,9,1,10,1,14,,116,,1,21,121.5706188,24.9958599
113,8,24,17,20,2,04大安區,大安區基隆路2段120號,0,0,1,1,C03,8,6,5,50,14,9,1,5,4,5,13,4,4,1,4,5,2,17,1,28,2,9,6,1,7,8,1,10,2,11,,108,,1,21,121.5570782,25.0289657
113,8,24,17,20,2,04大安區,大安區基隆路2段120號,0,0,1,2,B01,8,6,5,50,14,9,1,5,4,5,13,4,4,1,4,5,2,17,1,31,3,10,7,1,7,15,1,4,2,6,,44,,1,21,121.5570782,25.0289657
113,8,24,17,20,2,08士林區,士林區延平北路7段106巷與延平北路7段106巷口堤外,0,0,2,1,B12,8,6,5,30,3,2,1,5,4,5,13,4,4,10,5,5,1,14,1,68,3,10,7,1,7,2,1,4,1,6,,12,,1,21,121.4961315,25.101578
113,8,24,17,20,2,08士林區,士林區延平北路7段106巷與延平北路7段106巷口堤外,0,0,2,2,C03,8,6,5,30,3,2,1,5,4,5,13,4,4,10,5,5,1,14,2,26,2,8,5,1,7,14,1,10,1,14,,44,,1,21,121.4961315,25.101578
113,8,24,17,20,2,08士林區,士林區延平北路7段106巷與延平北路7段106巷口堤外,0,0,2,3,H02,8,6,5,30,3,2,1,5,4,5,13,4,4,10,5,5,1,14,2,26,2,7,5,5,7,20,8,20,10,16,,67,,1,21,121.4961315,25.101578
113,8,24,17,27,2,09北投區,北投區立農街2段與石牌路2段99巷口,0,0,1,1,B03,8,6,5,50,4,1,1,5,4,5,13,1,1,5,4,5,1,17,1,52,3,10,7,1,7,6,1,8,1,6,,9,,1,21,121.5172385,25.1184242
113,8,24,17,27,2,09北投區,北投區立農街2段與石牌路2段99巷口,0,0,1,2,C03,8,6,5,50,4,1,1,5,4,5,13,1,1,5,4,5,1,17,1,57,2,8,5,1,7,9,1,10,1,11,12,44,,1,21,121.5172385,25.1184242
113,8,24,17,39,2,04大安區,大安區敦化南路2段與敦化南路2段63巷口,0,0,1,1,B03,8,6,5,50,4,1,1,5,4,5,13,2,1,1,4,5,1,16,1,32,3,10,3,4,7,5,1,8,2,2,,71,,1,21,121.5489971,25.0309523
113,8,24,17,39,2,04大安區,大安區敦化南路2段與敦化南路2段63巷口,0,0,1,2,C03,8,6,5,50,4,1,1,5,4,5,13,2,1,1,4,5,1,16,2,22,2,9,3,4,7,9,1,10,2,11,,44,,1,21,121.5489971,25.0309523
113,8,24,18,4,2,03中山區,中山區北安路845號,0,0,1,2,H01,7,5,5,0,14,23,1,5,4,5,13,4,4,1,4,4,2,9,1,64,2,3,4,5,8,16,8,20,10,16,,67,,1,21,121.5578652,25.0845965
113,8,24,18,4,2,03中山區,中山區北安路845號,0,0,1,1,F01,7,5,5,0,14,23,1,5,4,5,13,4,4,1,4,4,2,9,1,15,3,10,3,4,7,9,8,20,1,11,,108,,1,21,121.5578652,25.0845965
113,8,24,18,7,2,06松山區,松山區塔悠路與健康路口,0,0,1,1,B03,7,5,5,50,3,1,1,5,4,5,13,2,1,1,4,5,2,2,1,31,3,10,7,1,7,5,1,8,1,5,,14,,1,25,121.5699466,25.0545879
113,8,24,18,7,2,06松山區,松山區塔悠路與健康路口,0,0,1,2,H01,7,5,5,50,3,1,1,5,4,5,13,2,1,1,4,5,2,2,2,66,2,9,4,5,8,16,8,20,10,16,,60,,1,26,121.5699466,25.0545879
113,8,24,18,35,2,07信義區,信義區忠孝東路5段1-6號,0,0,1,1,B03,7,5,5,50,14,9,1,5,4,5,13,4,4,1,4,5,2,10,2,36,3,10,3,4,7,9,1,14,2,5,,44,,1,21,121.5650142,25.0413236
113,8,24,18,35,2,07信義區,信義區忠孝東路5段1-6號,0,0,1,2,F01,7,5,5,50,14,9,1,5,4,5,13,4,4,1,4,5,2,10,1,57,2,9,4,4,7,9,8,20,2,12,,44,,1,21,121.5650142,25.0413236
113,8,24,18,35,2,07信義區,信義區忠孝東路5段1-6號,0,0,1,3,,7,5,5,50,14,9,1,5,4,5,13,4,4,1,4,5,2,10,3,0,,,,,,,,,10,,,67,,1,,121.5650142,25.0413236
113,8,24,19,5,2,06松山區,松山區八德路4段與中坡北路口,0,0,2,1,C03,8,5,5,50,4,1,1,5,4,5,13,2,1,1,4,5,2,16,1,20,3,10,5,1,7,6,1,10,1,12,,9,,1,21,121.5795375,25.05028
113,8,24,19,5,2,06松山區,松山區八德路4段與中坡北路口,0,0,2,2,C03,8,5,5,50,4,1,1,5,4,5,13,2,1,1,4,5,2,16,1,41,2,8,5,1,7,9,1,10,1,14,,44,,1,21,121.5795375,25.05028
113,8,24,19,5,2,06松山區,松山區八德路4段與中坡北路口,0,0,2,3,H02,8,5,5,50,4,1,1,5,4,5,13,2,1,1,4,5,2,16,2,37,2,8,6,5,7,20,8,20,10,16,,67,,1,21,121.5795375,25.05028
113,8,24,19,22,2,04大安區,大安區和平東路3段與敦化南路2段口,0,0,1,1,B03,7,5,5,50,4,1,1,5,4,5,13,2,1,10,5,5,2,16,1,22,3,10,3,4,7,5,1,8,1,5,,71,,1,22,121.5484649,25.0246305
113,8,24,19,22,2,04大安區,大安區和平東路3段與敦化南路2段口,0,0,1,2,C03,7,5,5,50,4,1,1,5,4,5,13,2,1,10,5,5,2,16,1,22,2,9,6,4,7,9,1,10,1,14,,44,,1,22,121.5484649,25.0246305
113,8,24,21,48,2,07信義區,信義區基隆路2段79巷與基隆路2段79巷1弄口,0,0,1,1,C03,7,5,5,30,4,1,1,5,4,5,13,4,4,9,5,5,2,15,1,33,2,9,3,4,7,9,1,10,1,14,,80,,1,22,121.5584071,25.0300588
113,8,24,21,48,2,07信義區,信義區基隆路2段79巷與基隆路2段79巷1弄口,0,0,1,2,C03,7,5,5,30,4,1,1,5,4,5,13,4,4,9,5,5,2,15,1,25,3,10,3,4,7,9,1,10,1,11,,44,,1,22,121.5584071,25.0300588
113,8,24,22,15,2,10文山區,文山區新光路2段與新光路2段74巷口,0,0,2,2,C03,8,5,5,30,3,1,1,2,4,5,13,4,4,10,5,5,2,29,1,30,2,9,5,4,7,15,1,10,2,14,,13,,1,21,121.5939044,24.9962296