發生年度,發生月,發生日,發生時-Hours,發生分,處理別-編號,區序,肇事地點,死亡人數,2-30日死亡人數,受傷人數,當事人序號,車種,天候,道路照明設備,道路類別,速限-速度限制,道路型態,事故位置,路面狀況1,路面狀況2,路面狀況3,道路障礙1,道路障礙2,號誌1,號誌2,車道劃分-分向,車道劃分-分道1,車道劃分-分道2,車道劃分-分道3,事故類型及型態,性別,年齡,受傷程度,主要傷處,保護裝置,行動電話,車輛用途,當事者行動狀態,駕駛資格情形,駕駛執照種類,飲酒情形,車輛撞擊部位1,車輛撞擊部位2,肇因碼-個別,肇因碼-主要,個人肇逃否,職業,座標-X,座標-Y
113,8,24,22,15,2,10文山區,文山區新光路2段與新光路2段74巷口,0,0,2,1,,8,5,5,30,3,1,1,2,4,5,13,4,4,10,5,5,2,29,3,0,,,,,,,,,10,,,130,,1,,121.5939044,24.9962296
113,8,24,22,15,2,10文山區,文山區新光路2段與新光路2段74巷口,0,0,2,3,C03,8,5,5,30,3,1,1,2,4,5,13,4,4,10,5,5,2,29,1,34,2,9,3,4,7,15,1,10,2,14,,13,,1,21,121.5939044,24.9962296
113,8,24,22,20,2,03中山區,中山區民權東路2段與建國北路2段口,0,0,2,1,C03,8,5,5,50,4,2,1,5,4,5,13,1,1,1,4,5,2,13,2,18,2,9,5,1,7,9,1,10,1,11,,16,,1,22,121.5364964,25.0623126
113,8,24,22,20,2,03中山區,中山區民權東路2段與建國北路2段口,0,0,2,2,B03,8,5,5,50,4,2,1,5,4,5,13,1,1,1,4,5,2,13,1,52,3,10,7,1,7,9,1,8,1,6,,44,,1,22,121.5364964,25.0623126
113,8,24,22,20,2,03中山區,中山區民權東路2段與建國北路2段口,0,0,2,3,H02,8,5,5,50,4,2,1,5,4,5,13,1,1,1,4,5,2,13,1,18,2,9,5,5,7,17,8,20,10,16,,67,,1,22,121.5364964,25.0623126
113,8,24,22,53,2,03中山區,中山區農安街與吉林路口,0,0,1,1,B03,8,5,5,50,4,2,1,5,4,5,13,1,1,9,4,5,2,17,2,56,3,10,7,1,7,9,1,8,1,5,,44,,1,21,121.530575,25.064847
113,8,24,22,53,2,03中山區,中山區農安街與吉林路口,0,0,1,2,C03,8,5,5,50,4,2,1,5,4,5,13,1,1,9,4,5,2,17,1,55,2,8,5,1,7,1,1,10,1,14,,19,,1,21,121.530575,25.064847
113,8,24,23,5,2,04大安區,大安區文昌街250巷與通化街19巷口,0,0,2,1,C03,8,5,5,30,4,1,2,5,4,3,10,4,4,10,5,5,1,15,1,32,2,9,6,4,7,9,1,10,2,12,,72,,1,21,121.5557157,25.0316538
113,8,24,23,5,2,04大安區,大安區文昌街250巷與通化街19巷口,0,0,2,2,B01,8,5,5,30,4,1,2,5,4,3,10,4,4,10,5,5,1,15,1,35,3,10,3,4,7,9,1,4,2,1,,108,,1,21,121.5557157,25.0316538
113,8,24,23,5,2,04大安區,大安區文昌街250巷與通化街19巷口,0,0,2,3,H02,8,5,5,30,4,1,2,5,4,3,10,4,4,10,5,5,1,15,2,31,2,9,6,5,7,20,8,20,10,16,,67,,1,21,121.5557157,25.0316538
113,8,24,23,5,2,04大安區,大安區文昌街250巷與通化街19巷口,0,0,2,4,B12,8,5,5,30,4,1,2,5,4,3,10,4,4,10,5,5,1,15,3,0,,,,,,,,,11,,,38,,1,,121.5557157,25.0316538
113,8,24,23,17,2,04大安區,大安區仁愛路4段266巷與仁愛路4段300巷口,0,0,2,1,C04,8,5,5,50,4,1,1,5,4,5,13,2,1,5,5,5,1,16,2,25,2,8,3,4,7,5,1,10,2,12,,71,,1,21,121.5529566,25.037062
113,8,24,23,17,2,04大安區,大安區仁愛路4段266巷與仁愛路4段300巷口,0,0,2,2,B01,8,5,5,50,4,1,1,5,4,5,13,2,1,5,5,5,1,16,1,49,3,10,3,4,7,9,1,4,2,5,,42,,1,21,121.5529566,25.037062
113,8,24,23,17,2,04大安區,大安區仁愛路4段266巷與仁愛路4段300巷口,0,0,2,3,H02,8,5,5,50,4,1,1,5,4,5,13,2,1,5,5,5,1,16,2,25,2,8,3,5,7,20,8,20,10,16,,67,,1,21,121.5529566,25.037062
113,8,24,23,20,2,03中山區,中山區新生北路2段74號,0,0,1,1,B03,8,5,5,50,14,9,1,5,4,5,13,4,4,1,4,5,2,16,1,32,3,10,7,1,7,1,1,8,1,8,,19,,1,21,121.5274233,25.05749741
113,8,24,23,20,2,03中山區,中山區新生北路2段74號,0,0,1,2,C03,8,5,5,50,14,9,1,5,4,5,13,4,4,1,4,5,2,16,1,20,2,9,6,1,7,9,1,10,1,11,,44,,1,21,121.5274233,25.05749741
113,8,25,0,16,2,09北投區,北投區公館路與西安街2段口口,0,0,1,1,B03,8,5,5,50,4,1,1,5,4,5,13,2,1,5,4,5,2,17,1,24,3,10,7,1,7,6,1,8,1,6,,9,,1,21,121.5027611,25.1213771
113,8,25,0,16,2,09北投區,北投區公館路與西安街2段口口,0,0,1,2,C03,8,5,5,50,4,1,1,5,4,5,13,2,1,5,4,5,2,17,2,20,3,10,6,1,7,9,1,10,1,11,,44,,1,21,121.5027611,25.1213771
113,8,25,0,16,2,09北投區,北投區公館路與西安街2段口口,0,0,1,3,H02,8,5,5,50,4,1,1,5,4,5,13,2,1,5,4,5,2,17,2,18,2,7,6,5,7,20,8,20,10,16,,67,,1,21,121.5027611,25.1213771
113,8,25,0,18,2,03中山區,中山區北安路與大直街口,0,0,1,1,B01,8,5,5,50,5,1,1,5,4,5,13,1,1,9,4,1,2,12,1,54,3,10,7,1,7,9,1,4,1,4,,44,,1,21,121.5473713,25.0799329
113,8,25,0,18,2,03中山區,中山區北安路與大直街口,0,0,1,2,C03,8,5,5,50,5,1,1,5,4,5,13,1,1,9,4,1,2,12,1,18,2,9,5,1,7,7,1,10,1,14,,99,,1,21,121.5473713,25.0799329
113,8,25,0,38,2,10文山區,文山區木柵路2段與木柵路2段109巷口,0,0,1,1,B03,8,5,5,50,5,1,1,5,4,5,13,2,1,10,5,5,2,17,1,29,3,10,3,4,7,5,1,8,2,6,,71,,1,21,121.5617205,24.9888603
113,8,25,0,38,2,10文山區,文山區木柵路2段與木柵路2段109巷口,0,0,1,2,C01,8,5,5,50,5,1,1,5,4,5,13,2,1,10,5,5,2,17,1,49,2,9,3,4,7,9,1,9,2,15,,44,,1,21,121.5617205,24.9888603
113,8,25,1,12,2,03中山區,中山區植福路與植福路286巷口,0,0,1,1,C03,8,5,5,50,4,1,1,5,4,5,13,3,1,5,5,5,2,15,2,23,2,9,5,1,7,9,1,10,1,11,,80,,1,22,121.5611952,25.0815854
113,8,25,1,12,2,03中山區,中山區植福路與植福路286巷口,0,0,1,2,B01,8,5,5,50,4,1,1,5,4,5,13,3,1,5,5,5,2,15,1,47,3,10,7,1,7,9,1,4,1,4,,44,,1,22,121.5611952,25.0815854
113,8,25,1,53,2,07信義區,信義區基隆路1段與松隆路口,0,0,1,1,B03,8,5,5,50,4,1,1,5,4,5,13,2,1,3,4,5,2,17,1,27,3,10,7,1,7,6,1,8,2,2,,98,,1,22,121.5658749,25.0433282
113,8,25,1,53,2,07信義區,信義區基隆路1段與松隆路口,0,0,1,2,C03,8,5,5,50,4,1,1,5,4,5,13,2,1,3,4,5,2,17,1,28,2,9,6,1,7,9,1,10,2,11,,44,,1,22,121.5658749,25.0433282
113,8,25,3,0,2,01大同區,大同區台北橋機慢車道往三重上橋第三燈桿,0,0,2,1,C03,8,6,5,50,8,11,1,5,4,5,13,4,4,8,3,5,2,18,1,62,2,9,6,1,7,9,1,10,1,17,,116,,1,21,121.5107877,25.06312243
113,8,25,3,0,2,01大同區,大同區台北橋機慢車道往三重上橋第三燈桿,0,0,2,3,H02,8,6,5,50,8,11,1,5,4,5,13,4,4,8,3,5,2,18,2,50,2,7,5,5,7,20,8,20,10,16,,67,,1,21,121.5107877,25.06312243
113,8,25,3,0,2,01大同區,大同區台北橋機慢車道往三重上橋第三燈桿,0,0,2,2,B03,8,6,5,50,8,11,1,5,4,5,13,4,4,8,3,5,2,18,3,0,,,,,,,,,11,,,87,,,,121.5107877,25.06312243
113,8,25,3,0,2,02萬華區,萬華區西藏路與中華路2段口,0,0,1,1,B03,8,5,5,30,4,1,1,5,4,5,13,1,1,1,4,5,2,17,1,30,3,10,7,1,7,6,1,8,1,5,,9,,1,21,121.5041366,25.03000436
113,8,25,3,0,2,02萬華區,萬華區西藏路與中華路2段口,0,0,1,2,C03,8,5,5,30,4,1,1,5,4,5,13,1,1,1,4,5,2,17,1,54,2,8,5,1,7,9,1,10,1,14,,13,,1,21,121.5041366,25.03000436
113,8,25,7,7,2,02萬華區,萬華區康定路與桂林路口,0,0,1,1,C03,8,5,5,50,4,1,1,5,4,5,13,2,1,8,3,5,1,16,1,37,3,10,3,4,7,5,1,10,1,11,,71,,1,22,121.5017987,25.0384444
113,8,25,7,7,2,02萬華區,萬華區康定路與桂林路口,0,0,1,2,C03,8,5,5,50,4,1,1,5,4,5,13,2,1,8,3,5,1,16,1,71,2,8,3,4,7,9,1,10,1,14,,44,,1,22,121.5017987,25.0384444
113,8,25,7,38,2,01大同區,大同區民生西路與寧夏路口,0,0,1,1,C03,8,5,5,50,4,1,1,5,4,5,13,2,1,5,4,5,2,15,1,19,3,10,6,1,7,9,3,18,2,11,,81,,1,22,121.5156352,25.0569656
113,8,25,7,38,2,01大同區,大同區民生西路與寧夏路口,0,0,1,2,C03,8,5,5,50,4,1,1,5,4,5,13,2,1,5,4,5,2,15,1,77,2,9,6,1,7,1,1,10,2,14,,42,,1,22,121.5156352,25.0569656
113,8,25,8,51,2,05中正區,中正區仁愛路1段與仁愛路1段36巷口,0,0,3,1,C03,8,6,5,50,3,2,1,5,4,5,13,4,4,1,1,1,2,13,2,44,2,9,6,1,7,5,1,10,2,13,,80,,1,22,121.5228567,25.03844428
113,8,25,8,51,2,05中正區,中正區仁愛路1段與仁愛路1段36巷口,0,0,3,2,C03,8,6,5,50,3,2,1,5,4,5,13,4,4,1,1,1,2,13,2,23,2,9,6,1,7,9,1,10,2,11,,108,,1,22,121.5228567,25.03844428
113,8,25,8,51,2,05中正區,中正區仁愛路1段與仁愛路1段36巷口,0,0,3,3,C03,8,6,5,50,3,2,1,5,4,5,13,4,4,1,1,1,2,13,1,112,4,11,3,4,7,13,7,19,11,14,,44,,1,22,121.5228567,25.03844428
113,8,25,8,51,2,05中正區,中正區仁愛路1段與仁愛路1段36巷口,0,0,3,4,C03,8,6,5,50,3,2,1,5,4,5,13,4,4,1,1,1,2,13,2,50,4,11,3,4,7,13,7,19,11,14,,44,,1,22,121.5228567,25.03844428
113,8,25,8,51,2,05中正區,中正區仁愛路1段與仁愛路1段36巷口,0,0,3,5,C03,8,6,5,50,3,2,1,5,4,5,13,4,4,1,1,1,2,13,1,112,4,11,3,4,7,13,7,19,11,14,,44,,1,22,121.5228567,25.03844428
113,8,25,8,51,2,05中正區,中正區仁愛路1段與仁愛路1段36巷口,0,0,3,6,H02,8,6,5,50,3,2,1,5,4,5,13,4,4,1,1,1,2,13,1,7,2,1,6,5,7,20,8,20,10,16,,67,,1,14,121.5228567,25.03844428
113,8,25,8,54,2,04大安區,大安區信義路3段與新生南路1段口,0,0,1,1,B03,8,6,5,50,4,1,1,5,4,5,13,1,1,10,5,3,2,17,1,50,3,10,7,1,7,8,1,8,1,3,,101,,1,21,121.5328351,25.0338608
113,8,25,8,54,2,04大安區,大安區信義路3段與新生南路1段口,0,0,1,2,C03,8,6,5,50,4,1,1,5,4,5,13,1,1,10,5,3,2,17,1,21,2,9,6,1,7,9,1,10,1,11,,107,,1,21,121.5328351,25.0338608
113,8,25,8,55,2,04大安區,大安區永康街2巷與麗水街口,0,0,1,1,C03,8,6,5,30,4,1,1,5,4,5,13,4,4,5,5,5,2,15,1,44,2,8,6,1,7,9,1,10,1,11,,44,,1,21,121.5291293,25.0332406
113,8,25,8,55,2,04大安區,大安區永康街2巷與麗水街口,0,0,1,2,B03,8,6,5,30,4,1,1,5,4,5,13,4,4,5,5,5,2,15,1,51,3,10,7,1,7,9,1,8,1,8,,44,,1,21,121.5291293,25.0332406
113,8,25,9,0,2,12內湖區,內湖區民權東路6段191巷20弄與民權東路6段175巷口,0,0,1,1,C03,8,6,5,30,4,1,1,5,4,5,13,4,4,10,5,5,2,15,2,54,2,9,5,3,7,9,1,10,2,11,,72,,1,21,121.5970115,25.06858808
113,8,25,9,0,2,12內湖區,內湖區民權東路6段191巷20弄與民權東路6段175巷口,0,0,1,2,B03,8,6,5,30,4,1,1,5,4,5,13,4,4,10,5,5,2,15,2,47,3,10,7,1,7,9,1,15,2,4,,44,,1,21,121.5970115,25.06858808
113,8,25,9,30,2,01大同區,大同區環河北路2段與民族西路口,0,0,1,1,B01,8,6,5,60,5,1,1,5,4,5,13,2,1,1,4,5,2,17,1,53,3,10,7,1,7,9,1,4,2,8,,16,,1,21,121.509135,25.0688449
113,8,25,9,30,2,01大同區,大同區環河北路2段與民族西路口,0,0,1,2,B03,8,6,5,60,5,1,1,5,4,5,13,2,1,1,4,5,2,17,1,37,3,10,7,1,7,14,1,8,2,6,,44,,1,21,121.509135,25.0688449
113,8,25,9,30,2,01大同區,大同區環河北路2段與民族西路口,0,0,1,3,B03,8,6,5,60,5,1,1,5,4,5,13,2,1,1,4,5,2,17,1,67,3,10,7,1,7,14,1,8,2,3,,44,,1,21,121.509135,25.0688449
113,8,25,9,30,2,01大同區,大同區環河北路2段與民族西路口,0,0,1,4,H02,8,6,5,60,5,1,1,5,4,5,13,2,1,1,4,5,2,17,1,27,2,9,7,5,7,17,8,20,10,16,,67,,1,21,121.509135,25.0688449
113,8,25,9,35,2,08士林區,士林區社中街227號,0,0,1,1,C03,8,5,8,50,22,22,1,5,4,5,13,4,4,5,5,5,1,12,1,43,2,9,5,2,7,9,1,10,1,11,,108,,1,21,121.5078895,25.09134659
113,8,25,9,35,2,08士林區,士林區社中街227號,0,0,1,2,B03,8,5,8,50,22,22,1,5,4,5,13,4,4,5,5,5,1,12,1,59,3,10,7,1,7,12,1,8,1,3,,44,,1,21,121.5078895,25.09134659
113,8,25,9,38,2,04大安區,大安區基隆路4段43號,0,0,1,1,B03,8,6,5,50,14,9,1,5,4,5,13,2,1,10,4,4,2,17,1,26,3,10,7,1,7,6,1,8,1,2,,9,,1,22,121.5404927,25.0137788
113,8,25,9,38,2,04大安區,大安區基隆路4段43號,0,0,1,2,C03,8,6,5,50,14,9,1,5,4,5,13,2,1,10,4,4,2,17,1,54,2,9,5,1,7,9,1,10,1,11,,13,,1,22,121.5404927,25.0137788
113,8,25,10,1,2,10文山區,文山區羅斯福路4段與基隆路4段口,0,0,2,1,C03,8,6,5,50,4,1,1,5,4,5,13,1,1,1,4,5,2,16,1,19,3,10,6,1,7,5,1,10,1,14,,96,,1,25,121.5369801,25.0110079
113,8,25,10,1,2,10文山區,文山區羅斯福路4段與基隆路4段口,0,0,2,2,C03,8,6,5,50,4,1,1,5,4,5,13,1,1,1,4,5,2,16,1,67,2,9,5,1,7,9,1,10,1,12,,44,,1,22,121.5369801,25.0110079
113,8,25,10,1,2,10文山區,文山區羅斯福路4段與基隆路4段口,0,0,2,3,C03,8,6,5,50,4,1,1,5,4,5,13,1,1,1,4,5,2,16,2,47,2,8,5,1,7,9,1,10,1,12,,44,,1,22,121.5369801,25.0110079
113,8,25,10,20,2,08士林區,士林區德行東路238號,0,0,1,1,C03,8,6,5,50,14,9,1,5,4,5,13,4,4,5,4,5,1,13,1,36,2,9,6,1,7,9,1,10,1,11,,108,,1,21,121.5334838,25.1095244
113,8,25,10,20,2,08士林區,士林區德行東路238號,0,0,1,2,B03,8,6,5,50,14,9,1,5,4,5,13,4,4,5,4,5,1,13,1,27,3,10,7,1,7,9,1,8,1,3,,8,,1,21,121.5334838,25.1095244
113,8,25,11,3,2,02萬華區,萬華區萬大路與萬大路187巷口,0,0,1,1,C03,8,7,5,30,4,2,1,5,4,5,13,4,4,10,3,5,2,17,2,47,2,9,5,1,7,9,1,10,2,14,,16,,1,21,121.5005563,25.0278943
113,8,25,11,3,2,02萬華區,萬華區萬大路與萬大路187巷口,0,0,1,2,B01,8,7,5,30,4,2,1,5,4,5,13,4,4,10,3,5,2,17,1,68,3,10,7,1,7,9,1,4,9,17,,44,,1,21,121.5005563,25.0278943
113,8,25,12,2,2,12內湖區,內湖區東湖路113巷與東湖路113巷95弄口,0,0,1,1,B01,8,6,5,30,4,1,1,5,4,5,13,3,1,10,5,5,2,17,1,59,3,10,7,1,7,9,1,4,2,1,,72,,1,21,121.6156406,25.07202297
113,8,25,12,2,2,12內湖區,內湖區東湖路113巷與東湖路113巷95弄口,0,0,1,2,C03,8,6,5,30,4,1,1,5,4,5,13,3,1,10,5,5,2,17,1,18,2,9,5,1,7,9,1,10,2,12,,108,,1,21,121.6156406,25.07202297
113,8,25,12,3,2,08士林區,士林區延平北路7段106巷132弄旁,0,0,1,1,B01,8,6,5,30,14,9,1,5,4,5,13,4,4,10,5,5,1,11,1,51,3,10,7,1,7,9,1,4,11,15,,17,,1,21,121.4962472,25.0998542
113,8,25,12,3,2,08士林區,士林區延平北路7段106巷132弄旁,0,0,1,2,C03,8,6,5,30,14,9,1,5,4,5,13,4,4,10,5,5,1,11,1,23,2,7,5,1,7,9,1,10,1,14,,17,,1,21,121.4962472,25.0998542
113,8,25,12,45,2,02萬華區,萬華區萬大路277巷33弄與萬大路237巷10弄口,0,0,1,1,H01,8,7,5,0,4,2,1,5,4,5,13,4,4,10,5,5,2,6,1,1,2,9,4,5,8,18,8,20,10,16,,54,,1,21,121.5017463,25.02592919
113,8,25,12,45,2,02萬華區,萬華區萬大路277巷33弄與萬大路237巷10弄口,0,0,1,2,C03,8,7,5,0,4,2,1,5,4,5,13,4,4,10,5,5,2,6,2,48,3,10,5,1,7,9,1,10,2,12,,44,,1,21,121.5017463,25.02592919
113,8,25,12,48,2,04大安區,大安區基隆路2段188號,0,0,1,1,B01,8,5,8,50,22,22,1,5,4,5,13,4,4,10,5,5,2,9,1,49,3,10,3,4,7,2,1,4,2,3,,12,,1,22,121.5529983,25.02485716
113,8,25,12,48,2,04大安區,大安區基隆路2段188號,0,0,1,2,H01,8,5,8,50,22,22,1,5,4,5,13,4,4,10,5,5,2,9,2,81,2,9,4,5,8,16,8,20,10,16,,44,,1,22,121.5529983,25.02485716
113,8,25,12,53,2,03中山區,中山區南京東路2段2號,0,0,1,1,B01,8,6,5,50,14,8,1,5,4,5,13,4,4,1,4,4,2,12,4,0,4,11,3,4,7,14,7,19,11,2,,119,,2,22,121.528252,25.0519733
113,8,25,12,53,2,03中山區,中山區南京東路2段2號,0,0,1,2,C03,8,6,5,50,14,8,1,5,4,5,13,4,4,1,4,4,2,12,1,52,2,9,6,1,7,9,1,10,2,14,,17,,1,22,121.528252,25.0519733
113,8,25,12,53,2,03中山區,中山區南京東路2段2號,0,0,1,3,H02,8,6,5,50,14,8,1,5,4,5,13,4,4,1,4,4,2,12,2,28,3,10,7,5,7,19,8,20,10,16,,126,,1,22,121.528252,25.0519733
113,8,25,13,8,2,10文山區,文山區景美堤外便道北往南(電桿:福和040旁),0,0,1,1,F01,8,6,8,0,22,22,1,5,4,5,13,4,4,9,5,5,2,17,2,61,3,10,4,1,7,8,8,20,1,13,,100,,1,21,121.5338262,25.00632945
113,8,25,13,8,2,10文山區,文山區景美堤外便道北往南(電桿:福和040旁),0,0,1,2,F01,8,6,8,0,22,22,1,5,4,5,13,4,4,9,5,5,2,17,1,25,2,8,4,1,7,9,8,20,1,11,,44,,1,21,121.5338262,25.00632945
113,8,25,13,25,2,02萬華區,萬華區漢口街2段90巷與漢口街2段90巷8弄口,0,0,2,1,C03,8,6,5,30,4,1,1,5,4,5,13,4,4,10,5,5,2,15,2,55,3,10,5,1,7,9,1,10,1,11,,14,,1,22,121.504562,25.0456803
113,8,25,13,25,2,02萬華區,萬華區漢口街2段90巷與漢口街2段90巷8弄口,0,0,2,2,C03,8,6,5,30,4,1,1,5,4,5,13,4,4,10,5,5,2,15,1,32,2,7,6,1,7,9,1,10,1,11,,44,,1,22,121.504562,25.0456803
113,8,25,13,25,2,02萬華區,萬華區漢口街2段90巷與漢口街2段90巷8弄口,0,0,2,3,H02,8,6,5,30,4,1,1,5,4,5,13,4,4,10,5,5,2,15,2,28,2,8,6,5,7,20,8,20,10,16,,67,,1,22,121.504562,25.0456803
113,8,25,13,50,2,01大同區,大同區延平北路3段18巷與民權西路245巷口,0,0,1,1,C03,8,6,5,30,4,1,1,5,4,5,13,4,4,10,5,5,2,15,1,70,4,11,5,1,7,21,6,10,11,12,,14,,2,21,121.5103523,25.0639398
113,8,25,13,50,2,01大同區,大同區延平北路3段18巷與民權西路245巷口,0,0,1,2,C03,8,6,5,30,4,1,1,5,4,5,13,4,4,10,5,5,2,15,1,27,2,9,6,1,7,9,1,10,1,11,,72,,1,21,121.5103523,25.0639398
113,8,25,14,6,2,01大同區,大同區承德路2段與民權西路口,0,0,1,1,C03,8,5,5,50,14,9,1,5,4,5,13,1,1,1,4,5,2,13,2,43,3,10,5,1,7,9,1,10,1,11,,16,,1,21,121.5179601,25.062811
113,8,25,14,6,2,01大同區,大同區承德路2段與民權西路口,0,0,1,2,C03,8,5,5,50,14,9,1,5,4,5,13,1,1,1,4,5,2,13,1,27,2,8,5,1,7,9,1,10,1,11,,16,,1,21,121.5179601,25.062811
113,8,25,14,6,2,01大同區,大同區承德路2段與民權西路口,0,0,1,3,C03,8,5,5,50,14,9,1,5,4,5,13,1,1,1,4,5,2,13,1,53,3,10,5,1,7,12,1,10,1,13,,44,,1,21,121.5179601,25.062811
113,8,25,14,15,2,10文山區,文山區懷恩隧道往新店方向,0,0,1,2,C03,8,6,5,50,11,9,1,5,4,5,13,4,4,9,4,5,2,12,1,24,2,9,5,1,7,9,1,10,1,14,,42,,1,21,121.5513941,24.991707
113,8,25,14,15,2,10文山區,文山區懷恩隧道往新店方向,0,0,1,1,B03,8,6,5,50,11,9,1,5,4,5,13,4,4,9,4,5,2,12,1,50,3,10,7,1,7,9,1,8,1,2,,17,,1,21,121.5513941,24.991707
113,8,25,14,20,2,03中山區,中山區北安路與北安路458巷41弄口,0,0,3,1,C03,8,6,6,50,5,1,1,5,4,5,13,2,1,3,4,5,2,16,1,20,2,9,6,1,7,5,1,10,1,11,,8,,1,22,121.5473115,25.0798551
113,8,25,14,20,2,03中山區,中山區北安路與北安路458巷41弄口,0,0,3,2,C03,8,6,6,50,5,1,1,5,4,5,13,2,1,3,4,5,2,16,1,28,2,9,6,1,7,9,1,10,1,11,,44,,1,22,121.5473115,25.0798551
113,8,25,14,20,2,03中山區,中山區北安路與北安路458巷41弄口,0,0,3,3,C03,8,6,6,50,5,1,1,5,4,5,13,2,1,3,4,5,2,16,1,36,2,9,6,1,7,9,1,10,1,17,,44,,1,22,121.5473115,25.0798551
113,8,25,14,51,2,07信義區,信義區信義路6段與松山路口,0,0,3,1,C03,8,7,5,50,4,1,1,5,4,5,13,2,1,10,5,5,2,15,1,58,2,9,5,1,7,9,1,10,1,12,,81,,1,21,121.5784959,25.0361826
113,8,25,14,51,2,07信義區,信義區信義路6段與松山路口,0,0,3,2,C03,8,7,5,50,4,1,1,5,4,5,13,2,1,10,5,5,2,15,1,74,2,3,5,1,7,9,1,10,1,11,,44,,1,21,121.5784959,25.0361826
113,8,25,14,51,2,07信義區,信義區信義路6段與松山路口,0,0,3,3,H02,8,7,5,50,4,1,1,5,4,5,13,2,1,10,5,5,2,15,2,75,2,7,5,5,7,21,8,20,10,16,,67,,1,21,121.5784959,25.0361826
113,8,25,15,19,2,04大安區,大安區大安路1段與敦化南路1段190巷口,0,0,2,1,B03,8,7,5,30,22,9,1,5,4,5,13,4,4,10,4,5,2,17,1,63,4,11,3,4,7,9,1,8,9,17,,72,,2,21,121.5461509,25.0426659
113,8,25,15,19,2,04大安區,大安區大安路1段與敦化南路1段190巷口,0,0,2,2,C03,8,7,5,30,22,9,1,5,4,5,13,4,4,10,4,5,2,17,1,29,2,9,3,4,7,7,1,10,1,11,,13,,1,21,121.5461509,25.0426659
113,8,25,15,19,2,04大安區,大安區大安路1段與敦化南路1段190巷口,0,0,2,3,B03,8,7,5,30,22,9,1,5,4,5,13,4,4,10,4,5,2,17,1,58,3,10,3,4,7,14,1,8,1,2,,44,,1,21,121.5461509,25.0426659
113,8,25,15,19,2,04大安區,大安區大安路1段與敦化南路1段190巷口,0,0,2,4,H02,8,7,5,30,22,9,1,5,4,5,13,4,4,10,4,5,2,17,2,34,2,8,3,5,7,20,8,20,10,16,,67,,1,21,121.5461509,25.0426659
113,8,25,15,19,2,05中正區,中正區中華路1段與忠孝西路1段口,0,0,5,1,C03,8,6,5,50,14,9,1,5,4,5,13,1,1,3,4,4,2,16,1,33,2,9,6,1,7,7,3,18,2,14,,100,,1,21,121.5100538,25.0477276
113,8,25,15,19,2,05中正區,中正區中華路1段與忠孝西路1段口,0,0,5,2,C03,8,6,5,50,14,9,1,5,4,5,13,1,1,3,4,4,2,16,1,36,2,9,6,1,7,9,1,10,2,12,,44,,1,21,121.5100538,25.0477276
113,8,25,15,19,2,05中正區,中正區中華路1段與忠孝西路1段口,0,0,5,4,C03,8,6,5,50,14,9,1,5,4,5,13,1,1,3,4,4,2,16,1,35,2,9,6,1,7,12,1,10,2,11,,44,,1,21,121.5100538,25.0477276
113,8,25,15,19,2,05中正區,中正區中華路1段與忠孝西路1段口,0,0,5,6,C03,8,6,5,50,14,9,1,5,4,5,13,1,1,3,4,4,2,16,1,29,3,10,6,1,7,12,1,10,2,11,,44,,1,21,121.5100538,25.0477276
113,8,25,15,19,2,05中正區,中正區中華路1段與忠孝西路1段口,0,0,5,3,H02,8,6,5,50,14,9,1,5,4,5,13,1,1,3,4,4,2,16,2,32,2,9,6,5,7,20,8,20,10,16,,67,,1,21,121.5100538,25.0477276
113,8,25,15,19,2,05中正區,中正區中華路1段與忠孝西路1段口,0,0,5,5,H02,8,6,5,50,14,9,1,5,4,5,13,1,1,3,4,4,2,16,2,29,2,9,6,5,7,20,8,20,10,16,,67,,1,21,121.5100538,25.0477276
113,8,25,15,28,2,08士林區,士林區百齡橋引道前(往社子方向),0,0,1,1,C03,8,5,5,30,11,12,1,5,4,5,13,4,4,10,4,5,1,17,1,30,3,10,6,1,7,9,1,10,2,11,,16,,1,21,121.5152581,25.0904188
113,8,25,15,28,2,08士林區,士林區百齡橋引道前(往社子方向),0,0,1,2,F01,8,5,5,30,11,12,1,5,4,5,13,4,4,10,4,5,1,17,1,65,2,9,4,1,7,9,8,20,2,13,,44,,1,21,121.5152581,25.0904188
113,8,25,16,0,2,09北投區,北投區承德路7段與石牌路1段口,0,0,1,1,B03,7,6,5,50,3,1,1,5,4,5,13,2,1,1,5,5,2,17,1,33,3,10,7,1,7,9,1,8,1,5,,44,,1,21,121.5089905,25.1124812
113,8,25,16,0,2,09北投區,北投區承德路7段與石牌路1段口,0,0,1,2,C03,7,6,5,50,3,1,1,5,4,5,13,2,1,1,5,5,2,17,2,64,2,8,6,1,7,9,1,10,1,14,,17,,1,21,121.5089905,25.1124812
113,8,25,16,23,2,09北投區,北投區東華街1段400巷與東陽街432巷口,0,0,1,1,B03,8,5,5,30,4,1,1,5,4,5,13,4,4,5,5,5,2,3,1,69,3,10,7,1,7,9,1,8,11,2,,108,,2,21,121.51893,25.1110234
113,8,25,16,23,2,09北投區,北投區東華街1段400巷與東陽街432巷口,0,0,1,2,H01,8,5,5,30,4,1,1,5,4,5,13,4,4,5,5,5,2,3,2,31,2,7,4,5,8,16,8,20,1,16,,67,,1,21,121.51893,25.1110234
113,8,25,16,34,2,04大安區,大安區和平東路3段與臥龍街口,0,0,1,1,B12,8,6,5,30,4,1,1,5,4,5,13,2,1,1,5,5,2,3,1,61,3,10,7,1,7,5,1,8,1,4,,70,,1,22,121.546779,25.0246452