發生年度,發生月,發生日,發生時-Hours,發生分,處理別-編號,區序,肇事地點,死亡人數,2-30日死亡人數,受傷人數,當事人序號,車種,天候,道路照明設備,道路類別,速限-速度限制,道路型態,事故位置,路面狀況1,路面狀況2,路面狀況3,道路障礙1,道路障礙2,號誌1,號誌2,車道劃分-分向,車道劃分-分道1,車道劃分-分道2,車道劃分-分道3,事故類型及型態,性別,年齡,受傷程度,主要傷處,保護裝置,行動電話,車輛用途,當事者行動狀態,駕駛資格情形,駕駛執照種類,飲酒情形,車輛撞擊部位1,車輛撞擊部位2,肇因碼-個別,肇因碼-主要,個人肇逃否,職業,座標-X,座標-Y
113,8,25,16,34,2,04大安區,大安區和平東路3段與臥龍街口,0,0,1,2,H01,8,6,5,30,4,1,1,5,4,5,13,2,1,1,5,5,2,3,2,69,2,9,4,5,8,16,8,20,10,16,,67,,1,22,121.546779,25.0246452
113,8,25,16,52,2,09北投區,北投區尊賢街251巷與承德路7段304巷口,0,0,1,1,B03,8,6,5,30,4,1,1,5,4,5,13,4,4,10,5,5,2,15,1,43,3,10,7,1,7,9,1,8,2,1,,72,,1,21,121.5051335,25.1170171
113,8,25,16,52,2,09北投區,北投區尊賢街251巷與承德路7段304巷口,0,0,1,2,C03,8,6,5,30,4,1,1,5,4,5,13,4,4,10,5,5,2,15,1,53,2,8,5,1,7,9,1,10,2,14,,44,,1,21,121.5051335,25.1170171
113,8,25,17,5,2,11南港區,南港區東新街203號,0,0,1,1,B12,8,5,5,50,14,9,1,5,4,5,13,4,4,4,5,5,2,11,1,75,3,10,7,1,7,9,1,5,2,7,,95,,1,21,121.5939996,25.0468031
113,8,25,17,5,2,11南港區,南港區東新街203號,0,0,1,2,C03,8,5,5,50,14,9,1,5,4,5,13,4,4,4,5,5,2,11,1,19,2,9,6,1,7,9,1,10,2,11,,44,,1,21,121.5939996,25.0468031
113,8,25,17,22,2,01大同區,大同區鄭州路與環河北路1段口(東南角）,0,0,1,1,B03,7,6,5,50,5,2,1,5,4,5,13,2,1,8,3,5,1,17,1,40,3,10,3,4,7,8,1,8,2,2,,100,,1,21,121.5070262,25.0505629
113,8,25,17,22,2,01大同區,大同區鄭州路與環河北路1段口(東南角）,0,0,1,2,C03,7,6,5,50,5,2,1,5,4,5,13,2,1,8,3,5,1,17,2,33,2,9,6,4,7,6,1,10,2,14,,9,,1,21,121.5070262,25.0505629
113,8,25,17,30,2,01大同區,大同區忠孝橋機慢車道往三重,0,0,7,1,C03,8,6,5,40,14,11,1,5,4,5,13,4,4,1,2,5,2,17,2,26,2,9,6,1,7,9,1,10,1,12,,13,,1,21,121.5060323,25.0491652
113,8,25,17,30,2,01大同區,大同區忠孝橋機慢車道往三重,0,0,7,2,C03,8,6,5,40,14,11,1,5,4,5,13,4,4,1,2,5,2,17,1,28,3,10,6,1,7,9,1,10,1,17,,13,,1,21,121.5060323,25.0491652
113,8,25,17,30,2,01大同區,大同區忠孝橋機慢車道往三重,0,0,7,3,C03,8,6,5,40,14,11,1,5,4,5,13,4,4,1,2,5,2,17,1,28,2,9,6,1,7,9,1,10,1,12,,42,,1,21,121.5060323,25.0491652
113,8,25,17,30,2,01大同區,大同區忠孝橋機慢車道往三重,0,0,7,4,C03,8,6,5,40,14,11,1,5,4,5,13,4,4,1,2,5,2,17,1,22,2,9,6,1,7,9,1,10,1,12,,13,,1,21,121.5060323,25.0491652
113,8,25,17,30,2,01大同區,大同區忠孝橋機慢車道往三重,0,0,7,5,C03,8,6,5,40,14,11,1,5,4,5,13,4,4,1,2,5,2,17,1,42,2,9,6,1,7,9,1,10,1,12,,13,,1,21,121.5060323,25.0491652
113,8,25,17,30,2,01大同區,大同區忠孝橋機慢車道往三重,0,0,7,6,C03,8,6,5,40,14,11,1,5,4,5,13,4,4,1,2,5,2,17,1,18,2,9,6,1,7,9,1,10,1,12,,42,,1,21,121.5060323,25.0491652
113,8,25,17,30,2,01大同區,大同區忠孝橋機慢車道往三重,0,0,7,7,C03,8,6,5,40,14,11,1,5,4,5,13,4,4,1,2,5,2,17,1,24,2,9,6,1,7,9,1,10,1,12,,42,,1,21,121.5060323,25.0491652
113,8,25,17,30,2,01大同區,大同區忠孝橋機慢車道往三重,0,0,7,8,H02,8,6,5,40,14,11,1,5,4,5,13,4,4,1,2,5,2,17,2,24,2,9,6,5,7,17,8,20,10,16,,67,,1,21,121.5060323,25.0491652
113,8,25,17,30,2,01大同區,大同區忠孝橋機慢車道往三重,0,0,7,9,,8,6,5,40,14,11,1,5,4,5,13,4,4,1,2,5,2,17,3,0,,,,,,,,,,,,130,,,,121.5060323,25.0491652
113,8,25,17,51,2,03中山區,中山區中山北路3段與民族東路口,0,0,2,1,C01,8,6,5,50,4,1,1,5,4,5,13,1,1,1,4,5,2,16,1,34,2,7,6,1,7,6,1,9,1,13,,9,,1,22,121.5229705,25.06835388
113,8,25,17,51,2,03中山區,中山區中山北路3段與民族東路口,0,0,2,2,C03,8,6,5,50,4,1,1,5,4,5,13,1,1,1,4,5,2,16,1,19,2,7,6,1,7,9,1,10,1,11,,13,,1,22,121.5229705,25.06835388
113,8,25,18,16,2,07信義區,信義區松德路133巷與松德路169巷口,0,0,3,1,C03,7,5,5,30,4,1,1,5,4,5,13,4,4,8,3,5,2,17,1,27,2,9,3,4,7,9,1,10,1,11,,14,,1,21,121.5759101,25.0363586
113,8,25,18,16,2,07信義區,信義區松德路133巷與松德路169巷口,0,0,3,2,C02,7,5,5,30,4,1,1,5,4,5,13,4,4,8,3,5,2,17,1,40,2,9,3,4,7,9,1,9,1,11,,14,,1,21,121.5759101,25.0363586
113,8,25,18,16,2,07信義區,信義區松德路133巷與松德路169巷口,0,0,3,3,H02,7,5,5,30,4,1,1,5,4,5,13,4,4,8,3,5,2,17,2,27,2,9,3,5,7,20,8,20,10,16,,67,,1,22,121.5759101,25.0363586
113,8,25,19,32,2,07信義區,信義區福德街282號,0,0,2,1,C03,8,5,5,50,14,9,1,5,4,5,13,4,4,5,4,5,2,3,1,19,2,9,5,1,7,9,1,10,1,11,,70,,1,21,121.586533,25.0390173
113,8,25,19,32,2,07信義區,信義區福德街282號,0,0,2,2,H01,8,5,5,50,14,9,1,5,4,5,13,4,4,5,4,5,2,3,1,58,2,9,4,5,8,16,8,20,1,16,,67,,1,21,121.586533,25.0390173
113,8,25,19,32,2,07信義區,信義區福德街282號,0,0,2,3,A02,8,5,5,50,14,9,1,5,4,5,13,4,4,5,4,5,2,3,1,58,3,10,3,4,7,14,1,2,9,17,,38,,1,21,121.586533,25.0390173
113,8,25,20,6,2,06松山區,松山區民權東路3段與民族東路口,0,0,1,1,C03,8,5,5,50,3,2,1,5,4,5,13,4,4,1,4,5,2,18,1,45,2,9,6,1,7,9,1,10,9,11,,14,,1,22,121.5499338,25.0617788
113,8,25,20,6,2,06松山區,松山區民權東路3段與民族東路口,0,0,1,2,,8,5,5,50,3,2,1,5,4,5,13,4,4,1,4,5,2,18,3,0,,,,,,,,,,,,129,,1,,121.5499338,25.0617788
113,8,25,20,37,2,01大同區,大同區民權西路104號對面,0,0,2,1,C03,7,5,5,50,14,9,1,5,4,5,13,4,4,1,4,5,2,17,1,35,2,9,5,1,7,9,1,10,2,11,,16,,1,21,121.5175514,25.06302477
113,8,25,20,37,2,01大同區,大同區民權西路104號對面,0,0,2,2,B03,7,5,5,50,14,9,1,5,4,5,13,4,4,1,4,5,2,17,1,47,3,10,7,1,7,15,1,8,2,3,,44,,1,21,121.5175514,25.06302477
113,8,25,20,37,2,01大同區,大同區民權西路104號對面,0,0,2,3,H02,7,5,5,50,14,9,1,5,4,5,13,4,4,1,4,5,2,17,2,37,2,7,5,5,7,20,8,20,10,16,,67,,1,21,121.5175514,25.06302477
113,8,25,22,9,2,04大安區,大安區復興南路2段142號,0,0,1,1,C02,8,5,5,50,14,9,1,5,4,5,13,2,1,8,3,5,1,16,1,27,3,10,6,1,7,9,1,9,1,14,,101,,1,21,121.5434196,25.028658
113,8,25,22,9,2,04大安區,大安區復興南路2段142號,0,0,1,2,C03,8,5,5,50,14,9,1,5,4,5,13,2,1,8,3,5,1,16,2,31,2,9,6,1,7,9,1,10,1,12,,44,,1,21,121.5434196,25.028658
113,8,25,22,9,2,04大安區,大安區市民大道4段與敦化南路1段口,0,0,2,1,C03,8,5,5,50,4,1,1,5,4,5,13,1,1,1,4,5,2,13,1,28,2,9,5,1,7,14,1,10,1,11,,44,,1,21,121.5490722,25.0447463
113,8,25,22,9,2,04大安區,大安區市民大道4段與敦化南路1段口,0,0,2,2,C03,8,5,5,50,4,1,1,5,4,5,13,1,1,1,4,5,2,13,1,36,2,9,5,1,7,9,1,10,1,13,,44,,1,21,121.5490722,25.0447463
113,8,25,22,23,2,05中正區,中正區中山南路與仁愛路1段口,0,0,1,1,C03,8,5,5,50,5,1,1,5,4,5,13,1,1,10,5,2,1,16,1,20,2,9,6,1,7,6,1,10,2,12,,96,,1,22,121.5179461,25.0393742
113,8,25,22,23,2,05中正區,中正區中山南路與仁愛路1段口,0,0,1,2,B01,8,5,5,50,5,1,1,5,4,5,13,1,1,10,5,2,1,16,1,68,3,10,7,1,7,9,1,4,2,8,,44,,1,21,121.5179461,25.0393742
113,8,25,22,25,2,01大同區,大同區錦西街與承德路2段口,0,0,1,1,B03,8,5,5,50,4,1,1,5,4,5,13,2,1,8,3,5,2,16,1,57,3,10,7,1,7,5,1,8,1,5,,71,,1,21,121.518291,25.0601914
113,8,25,22,25,2,01大同區,大同區錦西街與承德路2段口,0,0,1,2,C03,8,5,5,50,4,1,1,5,4,5,13,2,1,8,3,5,2,16,2,59,2,9,6,1,7,9,1,10,1,11,,27,,1,21,121.518291,25.0601914
113,8,25,22,34,2,07信義區,信義區基隆路2段107號,0,0,1,1,B03,8,5,5,50,14,9,1,5,4,5,13,3,1,1,4,5,2,17,1,51,3,10,7,1,7,8,1,8,1,5,,80,,1,22,121.5575277,25.0295433
113,8,25,22,34,2,07信義區,信義區基隆路2段107號,0,0,1,2,C02,8,5,5,50,14,9,1,5,4,5,13,3,1,1,4,5,2,17,1,24,3,10,5,1,7,9,1,9,1,14,,44,,1,22,121.5575277,25.0295433
113,8,25,22,34,2,07信義區,信義區基隆路2段107號,0,0,1,3,H02,8,5,5,50,14,9,1,5,4,5,13,3,1,1,4,5,2,17,2,28,2,8,5,5,7,17,8,20,10,16,,67,,1,22,121.5575277,25.0295433
113,8,25,22,36,2,07信義區,信義區信義路5段16號,0,0,1,1,B03,8,5,5,50,14,9,1,5,4,5,13,4,4,1,4,5,2,17,1,53,3,10,7,1,7,14,1,8,1,7,,44,,1,22,121.5631052,25.0328972
113,8,25,22,36,2,07信義區,信義區信義路5段16號,0,0,1,2,C03,8,5,5,50,14,9,1,5,4,5,13,4,4,1,4,5,2,17,2,40,2,8,6,1,7,9,1,10,1,11,,108,,1,22,121.5631052,25.0328972
113,8,25,22,36,2,07信義區,信義區信義路5段16號,0,0,1,3,B01,8,5,5,50,14,9,1,5,4,5,13,4,4,1,4,5,2,17,1,70,3,10,7,1,7,14,6,18,1,2,,44,,1,22,121.5631052,25.0328972
113,8,25,23,34,2,04大安區,大安區忠孝東路4段148-5號,0,0,1,1,B01,8,5,5,50,14,9,1,5,4,5,13,4,4,1,4,5,1,13,1,68,3,10,3,4,7,8,1,4,1,3,,44,,1,21,121.5498073,25.0414056
113,8,25,23,34,2,04大安區,大安區忠孝東路4段148-5號,0,0,1,2,C03,8,5,5,50,14,9,1,5,4,5,13,4,4,1,4,5,1,13,1,30,2,9,3,4,7,8,1,10,1,11,,42,,1,21,121.5498073,25.0414056
113,8,26,0,1,2,04大安區,大安區龍泉街13號,0,0,1,1,B01,8,5,8,30,14,9,1,5,4,5,13,4,4,10,5,5,2,12,1,51,3,10,3,4,7,9,1,4,1,2,,108,,1,21,121.5292621,25.0254683
113,8,26,0,1,2,04大安區,大安區龍泉街13號,0,0,1,2,B03,8,5,8,30,14,9,1,5,4,5,13,4,4,10,5,5,2,12,2,36,3,10,3,4,7,13,1,8,1,7,,44,,1,21,121.5292621,25.0254683
113,8,26,0,1,2,04大安區,大安區龍泉街13號,0,0,1,3,H02,8,5,8,30,14,9,1,5,4,5,13,4,4,10,5,5,2,12,2,37,2,7,4,5,7,20,8,20,10,16,,60,,1,21,121.5292621,25.0254683
113,8,26,4,46,2,02萬華區,萬華區忠孝西路2段與忠孝西路2段16巷口,0,0,1,1,B11,8,5,5,50,3,1,1,5,4,5,13,4,4,1,4,5,2,3,1,40,3,10,7,1,7,6,1,2,1,1,,70,,1,21,121.5085736,25.0482212
113,8,26,4,46,2,02萬華區,萬華區忠孝西路2段與忠孝西路2段16巷口,0,0,1,2,H01,8,5,5,50,3,1,1,5,4,5,13,4,4,1,4,5,2,3,2,69,2,9,4,5,8,16,8,20,10,16,,67,,1,21,121.5085736,25.0482212
113,8,26,6,53,2,02萬華區,萬華區堤外便道自行車道3014665燈桿,0,0,1,1,H01,8,6,5,30,14,23,1,5,4,5,13,4,4,10,5,5,2,4,2,74,2,9,4,5,8,16,8,20,10,16,,53,,1,21,121.494314,25.03835093
113,8,26,6,53,2,02萬華區,萬華區堤外便道自行車道3014665燈桿,0,0,1,2,F01,8,6,5,30,14,23,1,5,4,5,13,4,4,10,5,5,2,4,1,25,3,10,2,4,7,9,8,20,1,12,,44,,1,21,121.494314,25.03835093
113,8,26,7,27,2,12內湖區,內湖區新明路198號前,0,0,2,1,B03,8,5,5,50,14,7,1,5,4,5,13,4,4,5,5,4,2,16,1,24,3,10,7,1,7,11,1,4,2,8,,10,,1,21,121.5849884,25.0571509
113,8,26,7,27,2,12內湖區,內湖區新明路198號前,0,0,2,2,C03,8,5,5,50,14,7,1,5,4,5,13,4,4,5,5,4,2,16,1,39,2,9,6,1,7,9,1,10,2,12,,44,,1,21,121.5849884,25.0571509
113,8,26,7,27,2,12內湖區,內湖區新明路198號前,0,0,2,3,H02,8,5,5,50,14,7,1,5,4,5,13,4,4,5,5,4,2,16,2,34,2,9,6,5,7,20,8,20,10,16,,67,,1,21,121.5849884,25.0571509
113,8,26,7,31,2,05中正區,中正區和平西路2段100號對面,0,0,2,1,B03,8,7,5,50,14,9,1,5,4,5,13,4,4,1,4,5,2,12,1,44,3,10,7,4,7,1,6,18,2,8,,101,,1,21,121.5100684,25.0301723
113,8,26,7,31,2,05中正區,中正區和平西路2段100號對面,0,0,2,2,C03,8,7,5,50,14,9,1,5,4,5,13,4,4,1,4,5,2,12,1,31,2,9,5,4,7,9,1,10,2,11,,44,,1,21,121.5100684,25.0301723
113,8,26,7,31,2,05中正區,中正區和平西路2段100號對面,0,0,2,3,C03,8,7,5,50,14,9,1,5,4,5,13,4,4,1,4,5,2,12,1,41,2,9,5,4,7,9,1,10,2,12,,44,,1,21,121.5100684,25.0301723
113,8,26,7,31,2,05中正區,中正區和平西路2段100號對面,0,0,2,4,H02,8,7,5,50,14,9,1,5,4,5,13,4,4,1,4,5,2,12,2,22,4,11,5,5,7,20,8,20,10,16,,67,,1,21,121.5100684,25.0301723
113,8,26,7,44,2,01大同區,大同區民權西路146號,0,0,1,1,C03,8,7,5,50,14,9,1,5,4,5,13,2,1,1,4,5,2,17,2,52,2,9,3,4,7,9,1,10,1,11,,16,,1,21,121.5157738,25.0628615
113,8,26,7,44,2,01大同區,大同區民權西路146號,0,0,1,2,C03,8,7,5,50,14,9,1,5,4,5,13,2,1,1,4,5,2,17,1,67,3,10,3,4,7,14,1,10,1,13,,44,,1,21,121.5157738,25.0628615
113,8,26,7,54,2,05中正區,中正區中山北路1段與市民大道1段口,0,0,1,1,C03,8,6,5,40,4,2,1,5,4,5,13,1,1,1,4,5,2,13,1,18,2,9,6,1,7,9,1,10,2,11,,44,,1,21,121.5202554,25.0480804
113,8,26,7,54,2,05中正區,中正區中山北路1段與市民大道1段口,0,0,1,2,A02,8,6,5,40,4,2,1,5,4,5,13,1,1,1,4,5,2,13,1,53,3,10,7,1,7,14,1,2,2,6,,44,,1,21,121.5202554,25.0480804
113,8,26,8,15,2,05中正區,中正區重慶南路3段與福州街口,0,0,2,1,C03,8,7,5,50,4,2,1,5,4,5,13,1,1,1,5,5,2,13,1,61,2,8,5,1,7,9,1,10,1,11,,16,,1,22,121.5161803,25.0273209
113,8,26,8,15,2,05中正區,中正區重慶南路3段與福州街口,0,0,2,2,C03,8,7,5,50,4,2,1,5,4,5,13,1,1,1,5,5,2,13,2,54,2,9,5,1,7,14,1,10,1,13,,44,,1,22,121.5161803,25.0273209
113,8,26,8,15,2,06松山區,松山區南京東路5段250巷與南京東路5段口,0,0,2,1,C03,8,5,5,50,14,9,1,5,4,5,13,1,1,1,4,5,2,13,1,30,3,10,6,1,7,12,1,10,1,13,,44,,1,22,121.5657644,25.0512791
113,8,26,8,15,2,06松山區,松山區南京東路5段250巷與南京東路5段口,0,0,2,2,C03,8,5,5,50,14,9,1,5,4,5,13,1,1,1,4,5,2,13,1,27,2,8,6,1,7,9,1,10,1,11,,44,,1,22,121.5657644,25.0512791
113,8,26,8,15,2,06松山區,松山區南京東路5段250巷與南京東路5段口,0,0,2,3,C03,8,5,5,50,14,9,1,5,4,5,13,1,1,1,4,5,2,13,1,27,2,8,6,1,7,9,1,10,1,11,,16,,1,22,121.5657644,25.0512791
113,8,26,8,20,2,12內湖區,內湖區內湖路1段387巷8號,0,0,1,2,C03,8,6,5,50,14,9,1,5,4,5,13,4,4,9,5,5,2,12,1,39,3,10,6,1,7,9,1,10,2,13,,44,,1,21,121.5683655,25.0823089
113,8,26,8,20,2,12內湖區,內湖區內湖路1段387巷8號,0,0,1,1,F01,8,6,5,50,14,9,1,5,4,5,13,4,4,9,5,5,2,12,1,24,2,9,4,1,7,7,8,20,2,14,,101,,1,21,121.5683655,25.0823089
113,8,26,8,22,2,01大同區,大同區承德路2段與錦西街口,0,0,1,1,B03,8,6,5,50,5,1,1,5,4,5,13,2,1,1,4,5,2,17,1,46,3,10,7,1,7,6,1,8,1,6,,9,,1,21,121.5183493,25.0601593
113,8,26,8,22,2,01大同區,大同區承德路2段與錦西街口,0,0,1,2,C03,8,6,5,50,5,1,1,5,4,5,13,2,1,1,4,5,2,17,1,26,2,9,6,1,7,9,1,10,1,14,,44,,1,21,121.5183493,25.0601593
113,8,26,8,45,2,08士林區,士林區中正路與延平北路5段口,0,0,1,1,B12,8,6,5,50,4,1,1,5,4,5,13,2,1,1,4,5,1,12,1,21,3,10,7,1,7,15,1,8,1,2,,17,,1,21,121.5092885,25.08657733
113,8,26,8,45,2,08士林區,士林區中正路與延平北路5段口,0,0,1,2,C03,8,6,5,50,4,1,1,5,4,5,13,2,1,1,4,5,1,12,1,25,3,10,6,1,7,9,1,10,1,14,,44,,1,21,121.5092885,25.08657733
113,8,26,8,45,2,08士林區,士林區中正路與延平北路5段口,0,0,1,3,C03,8,6,5,50,4,1,1,5,4,5,13,2,1,1,4,5,1,12,2,22,2,8,6,1,7,9,1,10,1,14,,44,,1,21,121.5092885,25.08657733
113,8,26,8,48,2,06松山區,松山區健康路與延壽街330巷口,0,0,4,1,C03,8,7,5,50,4,1,1,5,4,5,13,1,1,1,4,4,2,17,2,42,2,9,6,1,7,5,1,11,2,11,,8,,1,21,121.5604859,25.0540398
113,8,26,8,48,2,06松山區,松山區健康路與延壽街330巷口,0,0,4,2,C03,8,7,5,50,4,1,1,5,4,5,13,1,1,1,4,4,2,17,1,42,2,9,5,1,7,9,1,10,2,14,,44,,1,21,121.5604859,25.0540398
113,8,26,8,48,2,06松山區,松山區健康路與延壽街330巷口,0,0,4,3,H02,8,7,5,50,4,1,1,5,4,5,13,1,1,1,4,4,2,17,2,43,2,9,5,5,7,17,8,20,10,16,,67,,1,21,121.5604859,25.0540398
113,8,26,8,48,2,06松山區,松山區健康路與延壽街330巷口,0,0,4,4,H02,8,7,5,50,4,1,1,5,4,5,13,1,1,1,4,4,2,17,1,8,2,9,5,5,7,17,8,20,10,16,,67,,1,21,121.5604859,25.0540398
113,8,26,8,54,2,02萬華區,萬華區堤外便道(桂林往大理),0,0,2,1,C03,8,7,5,40,14,9,1,5,4,5,13,4,4,10,5,5,2,17,1,73,2,8,5,1,7,1,1,10,1,12,,19,,1,21,121.4900572,25.0353053
113,8,26,8,54,2,02萬華區,萬華區堤外便道(桂林往大理),0,0,2,2,C03,8,7,5,40,14,9,1,5,4,5,13,4,4,10,5,5,2,17,1,18,2,9,6,1,7,9,1,10,1,14,,13,,1,21,121.4900572,25.0353053
113,8,26,9,0,2,12內湖區,內湖區內湖路3段與內湖路3段60巷口,0,0,2,1,C02,8,5,5,30,5,1,1,5,4,5,13,1,1,10,5,5,2,16,1,28,2,9,6,1,7,5,1,9,1,12,,80,,1,21,121.5921435,25.0860966
113,8,26,9,0,2,12內湖區,內湖區內湖路3段與內湖路3段60巷口,0,0,2,2,C03,8,5,5,30,5,1,1,5,4,5,13,1,1,10,5,5,2,16,2,48,2,9,6,1,7,9,1,10,1,11,,44,,1,21,121.5921435,25.0860966
113,8,26,9,10,2,12內湖區,內湖區陽光街321巷18號,0,0,2,1,B01,8,7,5,50,14,9,1,5,4,5,13,4,4,8,3,5,1,12,1,60,2,7,3,4,7,9,1,4,2,5,,17,,1,22,121.5787183,25.0726531
113,8,26,9,10,2,12內湖區,內湖區陽光街321巷18號,0,0,2,2,B03,8,7,5,50,14,9,1,5,4,5,13,4,4,8,3,5,1,12,2,43,3,10,3,4,7,13,1,8,1,7,,44,,1,22,121.5787183,25.0726531
113,8,26,9,10,2,12內湖區,內湖區陽光街321巷18號,0,0,2,3,B03,8,7,5,50,14,9,1,5,4,5,13,4,4,8,3,5,1,12,2,46,3,10,3,4,7,13,1,8,1,3,,44,,1,22,121.5787183,25.0726531
113,8,26,9,10,2,12內湖區,內湖區陽光街321巷18號,0,0,2,4,B03,8,7,5,50,14,9,1,5,4,5,13,4,4,8,3,5,1,12,1,40,3,10,3,4,7,13,1,8,1,3,,44,,1,22,121.5787183,25.0726531
113,8,26,9,10,2,12內湖區,內湖區陽光街321巷18號,0,0,2,5,H02,8,7,5,50,14,9,1,5,4,5,13,4,4,8,3,5,1,12,2,33,2,5,3,5,7,20,8,20,10,16,,67,,1,22,121.5787183,25.0726531
113,8,26,9,17,2,09北投區,北投區光明路與泉源路口,0,0,2,1,C03,8,5,5,50,4,1,1,5,4,5,13,2,1,5,4,5,2,16,1,29,2,8,5,1,7,5,1,10,9,14,,8,,2,21,121.5038002,25.137205
113,8,26,9,17,2,09北投區,北投區光明路與泉源路口,0,0,2,2,C03,8,5,5,50,4,1,1,5,4,5,13,2,1,5,4,5,2,16,2,20,2,9,5,1,7,9,1,10,9,12,,44,,1,21,121.5038002,25.137205
113,8,26,9,20,2,12內湖區,內湖區內湖路1段捷運西湖站2號出口,0,0,1,1,C03,8,6,5,40,14,8,1,5,4,5,13,4,4,1,4,4,2,12,2,36,2,9,5,1,7,1,1,10,1,14,,19,,1,21,121.5674036,25.0820612
113,8,26,9,20,2,12內湖區,內湖區內湖路1段捷運西湖站2號出口,0,0,1,2,B01,8,6,5,40,14,8,1,5,4,5,13,4,4,1,4,4,2,12,1,62,3,10,7,1,7,8,1,4,1,2,,100,,1,21,121.5674036,25.0820612
113,8,26,9,25,2,04大安區,大安區復興南路2段345號,0,0,1,1,B03,8,6,5,50,14,7,1,5,4,5,13,4,4,1,4,4,2,13,2,56,2,1,7,1,7,9,1,8,1,8,,108,,1,22,121.5434202,25.0233253
113,8,26,9,25,2,04大安區,大安區復興南路2段345號,0,0,1,2,B01,8,6,5,50,14,7,1,5,4,5,13,4,4,1,4,4,2,13,1,67,3,10,7,1,7,14,1,8,1,6,,44,,1,22,121.5434202,25.0233253
113,8,26,9,43,2,04大安區,大安區和平東路1段22號與和平東路1段口,0,0,1,1,C03,8,6,5,50,14,9,1,5,4,5,13,4,4,10,4,5,2,13,1,25,2,9,6,1,7,9,1,10,1,11,,44,,1,21,121.5235328,25.0269097
113,8,26,9,43,2,04大安區,大安區和平東路1段22號與和平東路1段口,0,0,1,2,C03,8,6,5,50,14,9,1,5,4,5,13,4,4,10,4,5,2,13,1,21,3,10,6,1,7,15,1,10,1,13,,44,,1,21,121.5235328,25.0269097
113,8,26,9,43,2,04大安區,大安區和平東路1段22號與和平東路1段口,0,0,1,3,A11,8,6,5,50,14,9,1,5,4,5,13,4,4,10,4,5,2,13,1,44,3,10,7,1,7,9,1,1,1,2,,44,,1,21,121.5235328,25.0269097
113,8,26,9,43,2,04大安區,大安區和平東路1段22號與和平東路1段口,0,0,1,4,A02,8,6,5,50,14,9,1,5,4,5,13,4,4,10,4,5,2,13,1,62,3,10,7,1,7,14,1,1,1,8,,44,,1,21,121.5235328,25.0269097
113,8,26,9,44,2,04大安區,大安區市民大道3段與八德路2段口口,0,0,2,1,C03,8,6,5,40,5,2,1,5,4,5,13,2,1,1,4,5,2,13,2,39,2,9,5,1,7,9,1,10,1,11,,44,,1,21,121.5341731,25.0450002
113,8,26,9,44,2,04大安區,大安區市民大道3段與八德路2段口口,0,0,2,2,C03,8,6,5,40,5,2,1,5,4,5,13,2,1,1,4,5,2,13,2,32,2,8,5,1,7,14,1,10,1,13,,44,,1,21,121.5341731,25.0450002
113,8,26,9,46,2,11南港區,南港區舊莊街1段與舊莊街1段91巷口,0,0,1,1,B03,8,6,5,50,3,1,1,5,4,5,13,4,4,4,3,5,2,16,1,39,3,10,3,4,7,5,1,8,2,2,,71,,1,21,121.6191742,25.0407559
113,8,26,9,46,2,11南港區,南港區舊莊街1段與舊莊街1段91巷口,0,0,1,2,C03,8,6,5,50,3,1,1,5,4,5,13,4,4,4,3,5,2,16,1,19,2,9,2,4,7,9,1,10,2,11,,44,,1,21,121.6191742,25.0407559
113,8,26,10,7,2,01大同區,大同區通河西街堤外便道,0,0,1,1,B03,8,6,5,25,3,1,1,5,4,5,13,4,4,8,4,5,2,16,1,41,3,10,3,4,7,5,1,8,1,8,,118,,1,21,121.5175649,25.07780979
113,8,26,10,7,2,01大同區,大同區通河西街堤外便道,0,0,1,2,C03,8,6,5,25,3,1,1,5,4,5,13,4,4,8,4,5,2,16,1,25,2,9,3,4,7,9,1,10,1,11,,118,,1,21,121.5175649,25.07780979
113,8,26,10,14,2,11南港區,南港區三重路與經貿二路62巷口,0,0,1,1,B03,8,6,5,50,3,2,1,5,4,5,13,1,1,5,4,5,2,16,1,74,3,10,7,1,7,5,1,8,2,8,,8,,1,21,121.6141061,25.0570386
113,8,26,10,14,2,11南港區,南港區三重路與經貿二路62巷口,0,0,1,2,C04,8,6,5,50,3,2,1,5,4,5,13,1,1,5,4,5,2,16,2,68,2,9,6,1,7,9,1,10,2,14,,44,,1,21,121.6141061,25.0570386
113,8,26,10,18,2,10文山區,文山區木新路2段與木新路2段158巷口口,0,0,1,1,F01,8,6,5,50,4,2,1,5,4,5,13,2,1,5,4,5,2,16,2,84,2,1,2,1,7,11,8,20,1,14,,99,,1,21,121.5685801,24.9839307
113,8,26,10,18,2,10文山區,文山區木新路2段與木新路2段158巷口口,0,0,1,2,C03,8,6,5,50,4,2,1,5,4,5,13,2,1,5,4,5,2,16,2,20,3,10,5,1,7,9,1,10,1,11,,108,,1,21,121.5685801,24.9839307
113,8,26,10,45,2,10文山區,文山區景文街129號,0,0,2,1,H01,8,6,5,50,14,7,1,5,4,5,13,4,4,5,5,4,2,3,2,71,2,9,4,5,8,18,8,20,10,16,,121,,1,22,121.541088,24.9902576
113,8,26,10,45,2,10文山區,文山區景文街129號,0,0,2,2,C03,8,6,5,50,14,7,1,5,4,5,13,4,4,5,5,4,2,3,1,25,2,9,6,1,7,9,1,10,1,11,,108,,1,22,121.541088,24.9902576