發生年度,發生月,發生日,發生時-Hours,發生分,處理別-編號,區序,肇事地點,死亡人數,2-30日死亡人數,受傷人數,當事人序號,車種,天候,道路照明設備,道路類別,速限-速度限制,道路型態,事故位置,路面狀況1,路面狀況2,路面狀況3,道路障礙1,道路障礙2,號誌1,號誌2,車道劃分-分向,車道劃分-分道1,車道劃分-分道2,車道劃分-分道3,事故類型及型態,性別,年齡,受傷程度,主要傷處,保護裝置,行動電話,車輛用途,當事者行動狀態,駕駛資格情形,駕駛執照種類,飲酒情形,車輛撞擊部位1,車輛撞擊部位2,肇因碼-個別,肇因碼-主要,個人肇逃否,職業,座標-X,座標-Y
113,8,26,11,19,2,05中正區,中正區鄭州路西往東(Y12出口),0,0,1,1,C03,8,5,5,40,14,9,1,5,4,5,13,4,4,9,4,5,2,12,1,27,2,8,5,1,7,9,1,10,2,14,,42,,1,21,121.5158202,25.0487661
113,8,26,11,19,2,05中正區,中正區鄭州路西往東(Y12出口),0,0,1,2,C03,8,5,5,40,14,9,1,5,4,5,13,4,4,9,4,5,2,12,1,25,3,10,5,1,7,9,1,10,2,12,,42,,1,21,121.5158202,25.0487661
113,8,26,11,19,2,05中正區,中正區鄭州路西往東(Y12出口),0,0,1,3,B12,8,5,5,40,14,9,1,5,4,5,13,4,4,9,4,5,2,12,1,61,3,10,7,1,7,14,1,8,2,2,,44,,1,21,121.5158202,25.0487661
113,8,26,11,30,2,08士林區,士林區華齡街與大南路口,0,0,2,1,C03,8,6,5,50,3,1,1,5,4,5,13,4,4,5,5,5,2,17,1,71,2,9,3,4,7,6,6,10,1,14,,9,,1,21,121.5199631,25.0886042
113,8,26,11,30,2,08士林區,士林區華齡街與大南路口,0,0,2,2,B01,8,6,5,50,3,1,1,5,4,5,13,4,4,5,5,5,2,17,1,61,3,10,3,4,7,9,1,4,1,2,,44,,1,21,121.5199631,25.0886042
113,8,26,11,30,2,08士林區,士林區華齡街與大南路口,0,0,2,3,H02,8,6,5,50,3,1,1,5,4,5,13,4,4,5,5,5,2,17,2,72,2,9,3,5,7,20,8,20,10,16,,67,,1,21,121.5199631,25.0886042
113,8,26,11,55,2,07信義區,信義區忠孝東路4段與基隆路1段口,0,0,2,1,C03,8,7,5,50,4,1,1,5,4,5,13,1,1,1,4,5,2,12,2,26,2,9,3,4,7,9,1,10,1,11,,44,,1,21,121.5642869,25.0410826
113,8,26,11,55,2,07信義區,信義區忠孝東路4段與基隆路1段口,0,0,2,2,C03,8,7,5,50,4,1,1,5,4,5,13,1,1,1,4,5,2,12,1,60,2,7,3,4,7,9,1,10,1,13,,100,,1,21,121.5642869,25.0410826
113,8,26,12,10,2,04大安區,大安區市民大道4段196號,0,0,1,1,B12,8,6,5,40,14,9,1,5,4,5,13,4,4,10,3,5,2,17,1,30,4,11,3,4,7,21,7,19,9,15,,108,,2,22,121.5550563,25.0443891
113,8,26,12,10,2,04大安區,大安區市民大道4段196號,0,0,1,2,B01,8,6,5,40,14,9,1,5,4,5,13,4,4,10,3,5,2,17,1,48,2,9,7,1,7,14,1,4,1,4,,44,,1,21,121.5550563,25.0443891
113,8,26,12,40,2,11南港區,南港區興南街與重陽路口,0,0,2,1,C04,8,6,5,50,3,2,1,5,4,5,13,1,1,5,4,5,2,17,1,45,2,9,6,1,7,11,1,10,1,12,,92,,1,21,121.604123,25.0575123
113,8,26,12,40,2,11南港區,南港區興南街與重陽路口,0,0,2,2,C03,8,6,5,50,3,2,1,5,4,5,13,1,1,5,4,5,2,17,1,57,2,9,6,1,7,9,1,10,1,14,,44,,1,21,121.604123,25.0575123
113,8,26,12,49,2,06松山區,松山區光復北路與光復北路11巷口,0,0,1,1,B03,8,7,5,50,4,1,1,5,4,5,13,2,1,1,4,5,2,15,1,64,3,10,7,1,7,15,1,8,1,3,,80,,1,26,121.557928,25.0491548
113,8,26,12,49,2,06松山區,松山區光復北路與光復北路11巷口,0,0,1,2,C03,8,7,5,50,4,1,1,5,4,5,13,2,1,1,4,5,2,15,1,22,2,9,5,1,7,9,1,10,1,11,,14,,1,25,121.557928,25.0491548
113,8,26,12,56,2,02萬華區,萬華區成都路與康定路口,0,0,1,1,C03,8,6,5,50,5,1,1,5,4,5,13,1,1,8,3,5,1,17,2,27,2,9,5,1,7,5,1,10,1,14,,8,,1,21,121.5026857,25.0435309
113,8,26,12,56,2,02萬華區,萬華區成都路與康定路口,0,0,1,2,B12,8,6,5,50,5,1,1,5,4,5,13,1,1,8,3,5,1,17,1,39,3,10,7,1,7,9,1,2,1,2,,44,,1,21,121.5026857,25.0435309
113,8,26,13,46,2,02萬華區,萬華區萬大路212號,0,0,1,1,C03,8,6,5,30,14,9,4,5,4,5,13,4,4,1,5,5,2,17,2,69,3,10,5,1,7,9,1,11,1,17,,30,,1,21,121.5005036,25.02713231
113,8,26,13,46,2,02萬華區,萬華區萬大路212號,0,0,1,2,C03,8,6,5,30,14,9,4,5,4,5,13,4,4,1,5,5,2,17,2,31,2,9,6,1,7,9,1,10,1,11,,44,,1,26,121.5005036,25.02713231
113,8,26,13,57,2,05中正區,中正區杭州南路1段與仁愛路1段口,0,0,1,2,C03,8,6,5,50,4,2,1,5,4,5,13,2,1,10,4,5,2,16,2,50,2,9,6,1,7,9,1,10,2,12,,44,,1,21,121.5251616,25.0380893
113,8,26,13,57,2,05中正區,中正區杭州南路1段與仁愛路1段口,0,0,1,1,B03,8,6,5,50,4,2,1,5,4,5,13,2,1,10,4,5,2,16,2,31,3,10,7,1,7,5,1,8,2,8,,101,,1,23,121.5251616,25.0380893
113,8,26,14,7,2,08士林區,士林區雨農路7巷20號,0,0,2,1,C03,7,7,5,30,14,9,1,5,4,5,13,4,4,10,5,5,1,7,1,18,2,9,5,1,7,9,1,10,1,11,,108,,1,21,121.5311056,25.0969676
113,8,26,14,7,2,08士林區,士林區雨農路7巷20號,0,0,2,2,H01,7,7,5,30,14,9,1,5,4,5,13,4,4,10,5,5,1,7,1,65,2,9,4,5,8,16,8,20,1,16,,121,,1,21,121.5311056,25.0969676
113,8,26,15,23,2,01大同區,大同區太原路41號,0,0,1,1,B03,8,6,5,50,14,9,1,5,4,5,13,4,4,5,4,5,2,17,2,41,3,10,7,4,7,13,1,8,1,4,,40,,1,21,121.5156085,25.0511172
113,8,26,15,23,2,01大同區,大同區太原路41號,0,0,1,2,C03,8,6,5,50,14,9,1,5,4,5,13,4,4,5,4,5,2,17,2,30,2,8,5,4,7,9,1,10,1,11,,44,,1,21,121.5156085,25.0511172
113,8,26,15,32,2,05中正區,中正區杭州南路1段與徐州路口,0,0,2,1,C03,8,6,5,50,4,1,1,5,3,4,13,1,1,10,5,5,2,16,2,49,2,9,6,1,7,5,1,10,2,14,,44,,1,22,121.5257404,25.040194
113,8,26,15,32,2,05中正區,中正區杭州南路1段與徐州路口,0,0,2,2,C03,8,6,5,50,4,1,1,5,3,4,13,1,1,10,5,5,2,16,1,18,2,8,5,1,7,9,1,10,2,11,,44,,1,22,121.5257404,25.040194
113,8,26,15,40,2,03中山區,中山區新生北路3段與民族東路口,0,0,2,1,B03,8,7,5,50,4,1,1,5,4,5,13,1,1,5,4,5,2,16,2,46,3,10,7,1,7,6,5,8,1,2,,9,,1,21,121.5275873,25.06833359
113,8,26,15,40,2,03中山區,中山區新生北路3段與民族東路口,0,0,2,2,C03,8,7,5,50,4,1,1,5,4,5,13,1,1,5,4,5,2,16,2,19,2,9,6,1,7,9,1,10,1,14,,108,,1,21,121.5275873,25.06833359
113,8,26,15,40,2,03中山區,中山區新生北路3段與民族東路口,0,0,2,3,H02,8,7,5,50,4,1,1,5,4,5,13,1,1,5,4,5,2,16,2,18,2,9,6,5,7,21,8,20,10,17,,67,,1,21,121.5275873,25.06833359
113,8,26,15,40,2,11南港區,南港區南港路3段與東新街口,0,0,2,1,B01,8,7,8,50,5,1,1,5,4,5,13,1,1,4,3,5,2,15,1,63,3,10,3,4,7,15,1,8,1,5,,100,,1,21,121.582687,25.0517148
113,8,26,15,40,2,11南港區,南港區南港路3段與東新街口,0,0,2,2,C01,8,7,8,50,5,1,1,5,4,5,13,1,1,4,3,5,2,15,1,37,2,9,3,4,7,9,1,10,1,14,,44,,2,22,121.582687,25.0517148
113,8,26,15,40,2,11南港區,南港區南港路3段與東新街口,0,0,2,3,H02,8,7,8,50,5,1,1,5,4,5,13,1,1,4,3,5,2,15,2,37,2,8,3,5,7,17,8,20,10,17,,67,,1,22,121.582687,25.0517148
113,8,26,15,54,2,01大同區,大同區台北橋282526燈桿,0,0,1,1,C03,8,7,5,50,14,11,1,5,4,5,13,4,4,1,4,5,2,17,1,57,3,10,3,4,7,9,1,10,1,14,,42,,1,21,121.5078567,25.0637275
113,8,26,15,54,2,01大同區,大同區台北橋282526燈桿,0,0,1,2,C03,8,7,5,50,14,11,1,5,4,5,13,4,4,1,4,5,2,17,1,71,2,9,3,4,7,15,1,10,1,12,,42,,1,21,121.5078567,25.0637275
113,8,26,16,0,2,08士林區,士林區忠誠路1段與忠誠路1段173巷口,0,0,1,1,A02,8,6,5,50,4,2,1,5,4,5,13,4,4,1,4,4,2,12,1,44,3,10,3,4,7,9,1,2,2,15,,17,,1,21,121.530523,25.1073627
113,8,26,16,0,2,08士林區,士林區忠誠路1段與忠誠路1段173巷口,0,0,1,2,C03,8,6,5,50,4,2,1,5,4,5,13,4,4,1,4,4,2,12,2,74,2,9,3,4,7,9,1,10,2,14,,44,,1,21,121.530523,25.1073627
113,8,26,16,8,2,10文山區,文山區汀州路4段與汀州路4段105巷口口,0,0,1,1,B03,8,6,5,50,3,1,1,5,4,5,13,4,4,9,5,5,2,16,2,49,3,10,7,1,7,11,1,8,1,5,,10,,1,21,121.5364423,25.006675
113,8,26,16,8,2,10文山區,文山區汀州路4段與汀州路4段105巷口口,0,0,1,2,C03,8,6,5,50,3,1,1,5,4,5,13,4,4,9,5,5,2,16,2,42,2,9,6,1,7,9,1,10,1,11,,44,,1,21,121.5364423,25.006675
113,8,26,16,20,2,06松山區,松山區八德路4段557號,0,0,1,1,,8,7,5,50,14,8,1,5,4,5,13,4,4,5,4,4,1,12,4,0,4,11,3,4,7,15,7,19,11,12,,119,,2,22,121.5731777,25.05002683
113,8,26,16,20,2,06松山區,松山區八德路4段557號,0,0,1,2,C03,8,7,5,50,14,8,1,5,4,5,13,4,4,5,4,4,1,12,1,25,2,7,6,4,7,9,1,10,11,11,,44,,1,22,121.5731777,25.05002683
113,8,26,16,55,2,04大安區,大安區新生南路3段98巷1號附近側附近,0,0,1,1,B03,8,6,5,30,14,9,1,5,4,5,13,4,4,10,4,5,2,2,1,69,3,10,7,1,7,9,1,8,1,5,,42,,1,21,121.5329758,25.0170657
113,8,26,16,55,2,04大安區,大安區新生南路3段98巷1號附近側附近,0,0,1,2,H01,8,6,5,30,14,9,1,5,4,5,13,4,4,10,4,5,2,2,1,62,2,8,4,5,8,16,8,20,10,16,,67,,1,21,121.5329758,25.0170657
113,8,26,17,0,2,09北投區,北投區大度路1段與承德路7段401巷620弄口,0,0,2,3,B03,7,6,5,50,4,1,1,5,4,5,13,2,1,9,4,5,2,17,1,62,3,10,7,1,7,6,1,8,1,17,,9,,1,21,121.4856489,25.1218338
113,8,26,17,0,2,09北投區,北投區大度路1段與承德路7段401巷620弄口,0,0,2,1,C03,7,6,5,50,4,1,1,5,4,5,13,2,1,9,4,5,2,17,2,18,2,9,6,1,7,9,1,10,1,11,,16,,1,21,121.4856489,25.1218338
113,8,26,17,0,2,09北投區,北投區大度路1段與承德路7段401巷620弄口,0,0,2,2,C03,7,6,5,50,4,1,1,5,4,5,13,2,1,9,4,5,2,17,2,39,2,9,6,1,7,9,1,10,1,13,,44,,1,21,121.4856489,25.1218338
113,8,26,17,3,2,12內湖區,內湖區大湖街131巷五指幹1L8,0,0,1,1,B03,8,6,6,30,14,9,1,5,4,5,13,4,4,10,5,5,2,17,1,40,3,10,7,1,7,9,1,8,9,1,,17,,1,21,121.5971992,25.08807371
113,8,26,17,3,2,12內湖區,內湖區大湖街131巷五指幹1L8,0,0,1,2,C03,8,6,6,30,14,9,1,5,4,5,13,4,4,10,5,5,2,17,2,49,2,8,5,1,7,9,1,10,9,11,,17,,1,21,121.5971992,25.08807371
113,8,26,17,5,2,03中山區,中山區建國北路2段與建國北路2段64巷口,0,0,1,1,C03,8,7,5,50,3,2,1,5,4,5,13,4,4,1,4,5,2,17,2,30,2,9,6,4,7,8,1,10,2,11,,106,,1,21,121.5365558,25.05423112
113,8,26,17,5,2,03中山區,中山區建國北路2段與建國北路2段64巷口,0,0,1,2,C03,8,7,5,50,3,2,1,5,4,5,13,4,4,1,4,5,2,17,1,26,3,10,3,4,7,13,1,10,9,12,,44,,1,21,121.5365558,25.05423112
113,8,26,17,5,2,03中山區,中山區建國北路2段與建國北路2段64巷口,0,0,1,3,C03,8,7,5,50,3,2,1,5,4,5,13,4,4,1,4,5,2,17,2,44,3,10,3,4,7,13,1,10,9,12,,44,,1,21,121.5365558,25.05423112
113,8,26,17,10,2,12內湖區,內湖區瑞光路548巷與基湖路35巷口,0,0,1,1,B03,8,6,5,50,4,1,1,5,4,5,13,1,1,10,5,5,2,15,2,50,3,10,7,1,7,9,1,8,1,1,,44,,1,21,121.5671128,25.07903884
113,8,26,17,10,2,12內湖區,內湖區瑞光路548巷與基湖路35巷口,0,0,1,2,F01,8,6,5,50,4,1,1,5,4,5,13,1,1,10,5,5,2,15,1,65,2,9,4,1,7,1,8,20,1,12,,19,,1,21,121.5671128,25.07903884
113,8,26,17,20,2,03中山區,中山區市民大道3段3號,0,0,1,1,C03,8,6,5,40,14,9,1,5,4,5,13,1,1,1,4,1,2,13,1,37,2,7,6,4,7,9,1,9,1,11,,16,,1,22,121.5369285,25.0448399
113,8,26,17,20,2,03中山區,中山區市民大道3段3號,0,0,1,2,B03,8,6,5,40,14,9,1,5,4,5,13,1,1,1,4,1,2,13,2,56,3,10,3,4,7,14,1,14,1,3,,44,,1,22,121.5369285,25.0448399
113,8,26,17,27,2,02萬華區,萬華區內江街130-1號,0,0,2,1,B03,8,5,5,50,14,9,1,5,4,5,13,4,4,10,4,5,2,17,1,62,3,10,7,4,7,15,1,8,1,8,,40,,1,21,121.5029991,25.0415941
113,8,26,17,27,2,02萬華區,萬華區內江街130-1號,0,0,2,2,C03,8,5,5,50,14,9,1,5,4,5,13,4,4,10,4,5,2,17,2,39,2,9,5,4,7,9,6,18,1,12,,44,,1,21,121.5029991,25.0415941
113,8,26,17,27,2,02萬華區,萬華區內江街130-1號,0,0,2,3,H02,8,5,5,50,14,9,1,5,4,5,13,4,4,10,4,5,2,17,1,3,2,1,5,5,7,20,8,20,10,16,,67,,1,21,121.5029991,25.0415941
113,8,26,17,30,2,10文山區,文山區興隆路2段與興隆路2段154巷口,0,0,1,1,B03,8,6,5,50,3,1,1,4,4,5,13,1,1,1,4,5,2,12,1,72,3,10,7,1,7,9,1,8,1,5,,101,,1,21,121.5509811,25.0015983
113,8,26,17,30,2,10文山區,文山區興隆路2段與興隆路2段154巷口,0,0,1,2,C03,8,6,5,50,3,1,1,4,4,5,13,1,1,1,4,5,2,12,1,31,2,9,5,1,7,9,1,10,1,14,,44,,1,21,121.5509811,25.0015983
113,8,26,17,51,2,12內湖區,內湖區內湖路2段338-1號,0,0,1,2,H01,8,5,5,0,14,20,4,5,4,5,13,4,4,10,5,5,2,4,2,64,2,9,4,5,8,16,8,20,10,16,,67,,1,21,121.5894099,25.08178598
113,8,26,17,51,2,12內湖區,內湖區內湖路2段338-1號,0,0,1,1,F07,8,5,5,0,14,20,4,5,4,5,13,4,4,10,5,5,2,4,1,11,3,10,2,4,7,21,8,20,1,11,,2,,1,21,121.5894099,25.08178598
113,8,26,17,55,2,12內湖區,內湖區南湖大橋與安康路口,0,0,2,2,C03,7,6,5,50,3,1,1,5,4,5,13,1,1,1,4,5,1,17,1,19,2,8,6,1,7,6,1,10,1,12,,9,,1,26,121.6110404,25.0649427
113,8,26,17,55,2,12內湖區,內湖區南湖大橋與安康路口,0,0,2,1,C03,7,6,5,50,3,1,1,5,4,5,13,1,1,1,4,5,1,17,2,45,2,9,5,1,7,9,1,10,1,11,,44,,1,22,121.6110404,25.0649427
113,8,26,17,56,2,12內湖區,內湖區康寧路3段245巷與五分街14巷口,0,0,1,1,C03,8,7,6,50,3,1,2,5,4,5,13,1,1,4,5,5,1,16,2,42,2,9,6,1,7,5,1,10,1,12,,74,,1,21,121.6133522,25.0663625
113,8,26,17,56,2,12內湖區,內湖區康寧路3段245巷與五分街14巷口,0,0,1,2,B03,8,7,6,50,3,1,2,5,4,5,13,1,1,4,5,5,1,16,2,57,3,10,7,1,7,9,1,8,1,1,,13,,1,21,121.6133522,25.0663625
113,8,26,17,56,2,12內湖區,內湖區康寧路3段245巷與五分街14巷口,0,0,1,3,B03,8,7,6,50,3,1,2,5,4,5,13,1,1,4,5,5,1,16,1,45,3,10,7,1,7,14,1,8,1,1,,44,,1,21,121.6133522,25.0663625
113,8,26,18,4,2,11南港區,南港區東新街與忠孝東路6段口,0,0,2,1,C03,8,7,5,50,4,1,1,5,4,5,13,2,1,1,4,5,2,17,2,34,2,7,5,1,7,11,1,10,1,12,,10,,1,21,121.5849766,25.0482003
113,8,26,18,4,2,11南港區,南港區東新街與忠孝東路6段口,0,0,2,2,C03,8,7,5,50,4,1,1,5,4,5,13,2,1,1,4,5,2,17,1,26,2,7,5,1,7,9,1,10,1,11,,44,,1,21,121.5849766,25.0482003
113,8,26,18,10,2,07信義區,信義區永吉路120巷與永吉路口,0,0,1,1,B01,8,5,5,50,5,2,1,5,4,5,13,2,1,1,4,1,2,17,1,53,3,10,7,1,7,5,1,4,1,6,,71,,1,22,121.5702912,25.0454469
113,8,26,18,10,2,07信義區,信義區永吉路120巷與永吉路口,0,0,1,2,C03,8,5,5,50,5,2,1,5,4,5,13,2,1,1,4,1,2,17,1,46,2,9,5,1,7,9,1,10,1,11,,44,,1,22,121.5702912,25.0454469
113,8,26,18,35,2,08士林區,士林區中正路274號,0,0,1,1,B03,8,5,5,50,14,9,1,5,4,5,13,4,4,3,4,5,1,12,1,49,3,10,7,1,7,7,1,8,1,8,,100,,1,21,121.5241356,25.0949419
113,8,26,18,35,2,08士林區,士林區中正路274號,0,0,1,2,C03,8,5,5,50,14,9,1,5,4,5,13,4,4,3,4,5,1,12,2,58,2,9,5,1,7,8,1,10,1,12,,5,,1,21,121.5241356,25.0949419
113,8,26,18,58,2,06松山區,松山區光復南路與市民大道4段口,0,0,3,1,C02,8,5,5,50,5,2,1,5,4,5,13,2,1,4,3,4,2,16,1,36,2,9,5,1,7,6,1,9,1,14,,2,,1,21,121.5576376,25.0450862
113,8,26,18,58,2,06松山區,松山區光復南路與市民大道4段口,0,0,3,2,C04,8,5,5,50,5,2,1,5,4,5,13,2,1,4,3,4,2,16,1,30,2,9,5,1,7,8,1,10,1,12,,100,,1,21,121.5576376,25.0450862
113,8,26,18,58,2,06松山區,松山區光復南路與市民大道4段口,0,0,3,3,H02,8,5,5,50,5,2,1,5,4,5,13,2,1,4,3,4,2,16,2,29,2,9,5,5,7,20,8,20,10,16,,60,,1,21,121.5576376,25.0450862
113,8,26,19,7,2,07信義區,信義區松壽路2號對面,0,0,1,1,B03,7,5,5,50,14,9,1,5,4,5,13,4,4,9,4,5,2,16,1,60,3,10,3,4,7,1,1,5,2,5,,19,,1,22,121.5628954,25.0359401
113,8,26,19,7,2,07信義區,信義區松壽路2號對面,0,0,1,2,C01,7,5,5,50,14,9,1,5,4,5,13,4,4,9,4,5,2,16,1,29,2,8,3,4,7,9,1,9,2,14,,44,,1,22,121.5628954,25.0359401
113,8,26,20,9,2,07信義區,信義區永吉路與松山路口,0,0,1,1,B12,8,5,5,50,4,2,1,5,4,5,13,2,1,1,4,4,2,2,1,45,3,10,7,1,7,6,1,8,1,5,,70,,1,21,121.5778545,25.045587
113,8,26,20,9,2,07信義區,信義區永吉路與松山路口,0,0,1,2,H01,8,5,5,50,4,2,1,5,4,5,13,2,1,1,4,4,2,2,2,85,2,9,4,5,8,16,8,20,1,16,,67,,1,21,121.5778545,25.045587
113,8,26,20,19,2,10文山區,"文山區懷恩隧道往南,距隧道口約50 公尺",0,0,2,1,C03,8,5,5,50,6,9,1,5,4,5,13,4,4,1,2,5,1,18,2,21,2,9,5,1,7,9,1,10,1,12,,116,,1,21,121.5513416,24.991844
113,8,26,20,19,2,10文山區,"文山區懷恩隧道往南,距隧道口約50 公尺",0,0,2,3,H02,8,5,5,50,6,9,1,5,4,5,13,4,4,1,2,5,1,18,2,18,2,9,5,5,7,20,8,20,10,16,,67,,1,21,121.5513416,24.991844
113,8,26,20,19,2,10文山區,"文山區懷恩隧道往南,距隧道口約50 公尺",0,0,2,2,,8,5,5,50,6,9,1,5,4,5,13,4,4,1,2,5,1,18,3,0,,,,,,,,,,,,67,,1,,121.5513416,24.991844
113,8,26,20,37,2,03中山區,中山區民族西路13號,0,0,1,1,B03,8,5,5,50,14,9,1,5,4,5,13,4,4,5,4,5,2,12,1,41,3,10,7,4,7,8,1,8,2,2,,17,,1,21,121.5222173,25.0685344
113,8,26,20,37,2,03中山區,中山區民族西路13號,0,0,1,2,C03,8,5,5,50,14,9,1,5,4,5,13,4,4,5,4,5,2,12,2,26,2,9,6,1,7,9,1,10,2,14,,44,,1,21,121.5222173,25.0685344
113,8,26,20,38,2,04大安區,大安區四維路與四維路76巷口,0,0,1,1,C03,8,5,5,30,4,2,1,5,4,5,13,3,1,10,5,5,2,15,1,41,2,9,6,1,7,9,1,10,1,11,,14,,1,21,121.5480846,25.034239
113,8,26,20,38,2,04大安區,大安區四維路與四維路76巷口,0,0,1,2,B01,8,5,5,30,4,2,1,5,4,5,13,3,1,10,5,5,2,15,1,69,3,10,7,1,7,9,1,8,1,8,,13,,1,21,121.5480846,25.034239
113,8,26,20,52,2,07信義區,信義區忠孝東路4段515號,0,0,1,1,B01,7,5,8,50,14,9,1,5,4,5,13,4,4,3,4,5,2,13,1,44,3,10,3,4,7,9,1,1,1,1,,44,,1,21,121.5584245,25.0414398
113,8,26,20,52,2,07信義區,信義區忠孝東路4段515號,0,0,1,3,C03,7,5,8,50,14,9,1,5,4,5,13,4,4,3,4,5,2,13,1,42,3,10,3,4,7,14,1,10,9,13,,44,,1,21,121.5584245,25.0414398
113,8,26,20,52,2,07信義區,信義區忠孝東路4段515號,0,0,1,2,C03,7,5,8,50,14,9,1,5,4,5,13,4,4,3,4,5,2,13,1,41,2,5,3,4,7,14,1,10,1,13,,44,,1,21,121.5584245,25.0414398
113,8,26,21,2,2,08士林區,士林區美崙街新光醫院側門出口前,0,0,1,1,C03,8,5,5,50,11,9,1,5,4,5,13,4,4,5,5,5,2,16,2,28,2,9,6,1,7,5,1,10,1,14,,8,,1,21,121.5192517,25.09582277
113,8,26,21,2,2,08士林區,士林區美崙街新光醫院側門出口前,0,0,1,2,C03,8,5,5,50,11,9,1,5,4,5,13,4,4,5,5,5,2,16,1,24,3,10,6,1,7,9,1,10,1,12,,107,,1,21,121.5192517,25.09582277
113,8,26,21,5,2,03中山區,中山區中山北路2段與中山北路2段183巷口,0,0,2,1,C03,7,5,5,50,3,2,1,5,4,5,13,4,4,3,4,5,2,13,2,18,2,9,3,4,7,9,1,10,1,11,,16,,1,21,121.5225432,25.06367849
113,8,26,21,5,2,03中山區,中山區中山北路2段與中山北路2段183巷口,0,0,2,2,C03,7,5,5,50,3,2,1,5,4,5,13,4,4,3,4,5,2,13,1,64,2,8,3,4,7,6,1,10,1,13,,44,,1,21,121.5225432,25.06367849
113,8,26,21,10,2,02萬華區,萬華區永福街與貴陽街2段96巷口,0,0,2,1,C03,7,5,5,30,3,1,1,5,4,5,13,4,4,10,5,5,2,17,1,46,2,8,6,1,7,9,1,10,1,11,,13,,1,21,121.5030713,25.0387257
113,8,26,21,10,2,02萬華區,萬華區永福街與貴陽街2段96巷口,0,0,2,2,C03,7,5,5,30,3,1,1,5,4,5,13,4,4,10,5,5,2,17,1,67,2,7,6,1,7,6,1,10,1,11,,44,,1,21,121.5030713,25.0387257
113,8,26,21,10,2,06松山區,松山區光復北路與民權東路4段口,0,0,1,1,C04,8,5,5,50,14,9,1,5,4,5,13,4,4,5,4,5,2,13,1,19,2,5,6,1,7,9,1,11,1,11,,108,,1,21,121.5546865,25.0615352
113,8,26,21,10,2,06松山區,松山區光復北路與民權東路4段口,0,0,1,2,B02,8,5,5,50,14,9,1,5,4,5,13,4,4,5,4,5,2,13,2,56,3,10,7,1,7,8,1,8,1,7,,44,,1,21,121.5546865,25.0615352
113,8,26,21,11,2,02萬華區,萬華區萬大路322巷與德昌街67巷口,0,0,2,1,C03,7,5,5,30,4,1,1,5,4,5,10,4,4,10,5,5,2,15,1,41,2,9,5,4,7,9,1,10,1,11,,14,,1,22,121.4983077,25.0245569
113,8,26,21,11,2,02萬華區,萬華區萬大路322巷與德昌街67巷口,0,0,2,2,C03,7,5,5,30,4,1,1,5,4,5,10,4,4,10,5,5,2,15,2,49,2,9,5,4,7,9,1,10,1,14,,13,,1,22,121.4983077,25.0245569
113,8,26,21,11,2,02萬華區,萬華區萬大路322巷與德昌街67巷口,0,0,2,3,B03,7,5,5,30,4,1,1,5,4,5,10,4,4,10,5,5,2,15,2,61,3,10,3,1,7,13,7,19,9,17,,44,,1,22,121.4983077,25.0245569
113,8,26,22,11,2,12內湖區,內湖區東湖路160巷與五分街口,0,0,1,2,C03,8,5,5,30,4,1,1,5,4,5,13,3,1,5,5,5,2,17,1,28,3,10,6,1,7,9,1,10,2,12,,14,,1,21,121.6172359,25.06711368
113,8,26,22,11,2,12內湖區,內湖區東湖路160巷與五分街口,0,0,1,1,C03,8,5,5,30,4,1,1,5,4,5,13,3,1,5,5,5,2,17,1,40,2,9,6,1,7,5,1,10,2,11,,72,,1,21,121.6172359,25.06711368
113,8,27,0,2,2,03中山區,中山區濱江街333號,0,0,3,1,C03,7,5,5,50,14,9,1,5,4,5,13,4,4,1,3,5,1,13,2,21,2,8,6,1,7,9,1,10,1,11,,108,,1,21,121.5483179,25.07233485
113,8,27,0,2,2,03中山區,中山區濱江街333號,0,0,3,2,C03,7,5,5,50,14,9,1,5,4,5,13,4,4,1,3,5,1,13,2,23,2,8,6,1,7,9,1,10,1,13,,44,,1,21,121.5483179,25.07233485
113,8,27,0,2,2,03中山區,中山區濱江街333號,0,0,3,3,H02,7,5,5,50,14,9,1,5,4,5,13,4,4,1,3,5,1,13,2,21,2,7,6,5,7,17,8,20,10,16,,67,,1,21,121.5483179,25.07233485
113,8,27,0,29,2,02萬華區,萬華區康定路與康定路372巷口,0,0,1,1,B03,8,5,5,50,4,1,1,5,4,5,13,1,1,5,4,5,2,3,1,48,3,10,7,4,7,9,1,8,2,1,,108,,1,21,121.500883,25.0339109
113,8,27,0,29,2,02萬華區,萬華區康定路與康定路372巷口,0,0,1,2,H01,8,5,5,50,4,1,1,5,4,5,13,1,1,5,4,5,2,3,1,65,2,9,4,5,8,16,8,20,1,16,,121,,1,21,121.500883,25.0339109
113,8,27,6,27,2,01大同區,大同區承德路3段與敦煌路口,0,0,1,1,B01,8,6,5,50,14,9,1,5,4,5,13,2,1,9,4,5,2,17,1,63,3,10,7,4,7,11,1,4,1,4,,10,,1,22,121.5199354,25.0752671
113,8,27,6,27,2,01大同區,大同區承德路3段與敦煌路口,0,0,1,2,C03,8,6,5,50,14,9,1,5,4,5,13,2,1,9,4,5,2,17,2,34,2,9,6,4,7,5,1,10,1,12,,44,,1,21,121.5199354,25.0752671
113,8,27,6,46,2,01大同區,大同區民權西路268號與民權西路口268號前迴轉道,0,0,2,1,C03,8,6,5,50,3,1,1,5,4,5,13,2,1,10,5,5,2,16,1,59,2,7,6,1,7,5,1,10,1,13,,8,,1,21,121.5120875,25.0628621