發生年度,發生月,發生日,發生時-Hours,發生分,處理別-編號,區序,肇事地點,死亡人數,2-30日死亡人數,受傷人數,當事人序號,車種,天候,道路照明設備,道路類別,速限-速度限制,道路型態,事故位置,路面狀況1,路面狀況2,路面狀況3,道路障礙1,道路障礙2,號誌1,號誌2,車道劃分-分向,車道劃分-分道1,車道劃分-分道2,車道劃分-分道3,事故類型及型態,性別,年齡,受傷程度,主要傷處,保護裝置,行動電話,車輛用途,當事者行動狀態,駕駛資格情形,駕駛執照種類,飲酒情形,車輛撞擊部位1,車輛撞擊部位2,肇因碼-個別,肇因碼-主要,個人肇逃否,職業,座標-X,座標-Y
113,8,27,6,46,2,01大同區,大同區民權西路268號與民權西路口268號前迴轉道,0,0,2,2,C03,8,6,5,50,3,1,1,5,4,5,13,2,1,10,5,5,2,16,1,68,2,9,6,1,7,9,1,9,1,11,,44,,1,21,121.5120875,25.0628621
113,8,27,7,30,2,02萬華區,萬華區桂林路246巷與桂林路244巷55弄口,0,0,1,1,C03,8,7,5,30,3,2,1,5,4,5,13,1,1,10,4,4,2,13,1,43,2,9,5,1,7,9,1,10,1,11,,44,,1,21,121.4925617,25.0369386
113,8,27,7,30,2,02萬華區,萬華區桂林路246巷與桂林路244巷55弄口,0,0,1,2,C03,8,7,5,30,3,2,1,5,4,5,13,1,1,10,4,4,2,13,2,39,3,10,5,1,7,15,1,10,1,13,,44,,1,21,121.4925617,25.0369386
113,8,27,7,38,2,10文山區,文山區秀明路1段191號,0,0,1,1,C03,8,6,5,50,14,9,1,5,4,5,13,1,1,1,4,4,2,16,1,37,2,9,5,1,7,11,1,10,1,12,,10,,1,21,121.5697843,24.99171294
113,8,27,7,38,2,10文山區,文山區秀明路1段191號,0,0,1,2,C03,8,6,5,50,14,9,1,5,4,5,13,1,1,1,4,4,2,16,1,38,3,10,5,1,7,9,1,10,1,14,,44,,1,21,121.5697843,24.99171294
113,8,27,7,51,2,01大同區,大同區承德路3段51巷與承德路3段51巷口(雙號),0,0,1,1,B03,8,7,5,30,22,9,1,5,4,5,13,4,4,10,4,5,2,17,2,43,3,10,3,4,7,6,1,8,1,8,,42,,1,21,121.5189891,25.065064
113,8,27,7,51,2,01大同區,大同區承德路3段51巷與承德路3段51巷口(雙號),0,0,1,2,C03,8,7,5,30,22,9,1,5,4,5,13,4,4,10,4,5,2,17,1,61,2,9,3,4,7,9,1,10,1,12,,42,,1,21,121.5189891,25.065064
113,8,27,7,55,2,08士林區,士林區至善路3段336巷49-1號,0,0,1,1,C03,8,5,5,30,11,9,1,5,4,5,13,4,4,10,5,5,2,11,1,55,2,7,3,4,7,9,1,10,1,14,,116,,1,22,121.5917391,25.13163242
113,8,27,7,55,2,08士林區,士林區至善路3段336巷49-1號,0,0,1,2,B03,8,5,5,30,11,9,1,5,4,5,13,4,4,10,5,5,2,11,1,72,3,10,3,4,7,9,1,8,1,4,,5,,1,22,121.5917391,25.13163242
113,8,27,8,0,2,10文山區,文山區老泉街,0,0,2,1,C03,8,7,5,40,14,9,1,5,4,5,13,4,4,9,5,5,2,3,2,46,2,9,5,1,7,9,1,10,2,11,,108,,1,21,121.5620167,24.97900632
113,8,27,8,0,2,10文山區,文山區老泉街,0,0,2,2,H01,8,7,5,40,14,9,1,5,4,5,13,4,4,9,5,5,2,3,1,73,2,9,4,5,8,16,8,20,1,17,,53,,1,21,121.5620167,24.97900632
113,8,27,8,15,2,03中山區,中山區南京東路2段6號,0,0,3,1,C03,8,6,5,50,14,7,1,5,4,5,13,4,4,8,3,4,1,17,1,39,2,8,5,1,7,9,1,10,1,11,,16,,1,21,121.5284019,25.05199077
113,8,27,8,15,2,03中山區,中山區南京東路2段6號,0,0,3,2,C03,8,6,5,50,14,7,1,5,4,5,13,4,4,8,3,4,1,17,2,51,2,9,5,1,7,9,1,10,1,13,,44,,1,21,121.5284019,25.05199077
113,8,27,8,15,2,03中山區,中山區南京東路2段6號,0,0,3,3,C03,8,6,5,50,14,7,1,5,4,5,13,4,4,8,3,4,1,17,2,49,2,8,5,1,7,9,1,10,1,11,,13,,1,21,121.5284019,25.05199077
113,8,27,8,15,2,12內湖區,內湖區潭美街789號,0,0,1,1,B03,8,6,5,50,14,9,1,5,4,5,13,4,4,8,3,5,1,16,2,42,3,10,7,1,7,6,1,8,1,2,,9,,1,21,121.6106938,25.0638272
113,8,27,8,15,2,12內湖區,內湖區潭美街789號,0,0,1,2,C03,8,6,5,50,14,9,1,5,4,5,13,4,4,8,3,5,1,16,2,25,2,8,6,1,7,9,1,10,1,11,,44,,1,21,121.6106938,25.0638272
113,8,27,8,20,2,02萬華區,萬華區萬大路493巷48弄4號,0,0,2,1,C03,8,7,5,30,14,9,1,5,4,5,13,4,4,10,5,5,2,10,2,52,2,7,5,1,7,9,1,10,2,11,,5,,1,21,121.4991657,25.0197181
113,8,27,8,20,2,02萬華區,萬華區萬大路493巷48弄4號,0,0,2,2,F01,8,7,5,30,14,9,1,5,4,5,13,4,4,10,5,5,2,10,2,69,2,9,4,1,7,9,8,20,2,11,,44,,1,21,121.4991657,25.0197181
113,8,27,8,20,2,02萬華區,萬華區萬大路493巷48弄4號,0,0,2,3,C03,8,7,5,30,14,9,1,5,4,5,13,4,4,10,5,5,2,10,1,71,3,10,5,1,7,13,1,10,9,14,,44,,1,21,121.4991657,25.0197181
113,8,27,8,20,2,08士林區,士林區重陽橋西向東機慢車道,0,0,1,1,C03,8,6,5,25,8,11,1,5,4,5,13,4,4,1,4,4,1,13,1,62,3,10,3,4,7,9,1,10,1,11,,16,,1,21,121.5055546,25.0852114
113,8,27,8,20,2,08士林區,士林區重陽橋西向東機慢車道,0,0,1,2,C03,8,6,5,25,8,11,1,5,4,5,13,4,4,1,4,4,1,13,2,23,2,9,3,4,7,9,1,10,1,13,,44,,1,21,121.5055546,25.0852114
113,8,27,8,24,2,01大同區,大同區重慶北路1段與南京西路口,0,0,1,3,H02,8,6,5,50,5,1,1,5,4,5,13,2,1,5,5,5,2,17,2,42,2,9,6,5,7,20,8,20,10,17,,118,,1,21,121.5143065,25.0540246
113,8,27,8,24,2,01大同區,大同區重慶北路1段與南京西路口,0,0,1,1,B03,8,6,5,50,5,1,1,5,4,5,13,2,1,5,5,5,2,17,1,59,3,10,7,1,7,8,1,10,1,17,,118,,1,21,121.5143065,25.0540246
113,8,27,8,24,2,01大同區,大同區重慶北路1段與南京西路口,0,0,1,2,C01,8,6,5,50,5,1,1,5,4,5,13,2,1,5,5,5,2,17,1,45,3,10,6,1,7,9,1,9,1,17,,118,,1,21,121.5143065,25.0540246
113,8,27,8,34,2,03中山區,中山區民權東路2段50號,0,0,1,1,C03,8,7,5,50,14,9,1,5,4,5,13,4,4,1,4,5,2,12,1,21,2,9,5,1,7,4,1,10,1,14,,108,,1,21,121.5306709,25.0624917
113,8,27,8,34,2,03中山區,中山區民權東路2段50號,0,0,1,2,B03,8,7,5,50,14,9,1,5,4,5,13,4,4,1,4,5,2,12,1,51,3,10,7,1,7,9,1,8,1,2,,44,,1,21,121.5306709,25.0624917
113,8,27,8,34,2,03中山區,中山區民權東路2段50號,0,0,1,3,B01,8,7,5,50,14,9,1,5,4,5,13,4,4,1,4,5,2,12,1,66,3,10,7,1,7,9,1,4,1,8,,44,,1,21,121.5306709,25.0624917
113,8,27,8,37,2,06松山區,松山區市民大道6段與虎林街口,0,0,1,1,C03,8,7,5,40,4,1,1,5,4,5,13,1,1,1,4,5,2,17,1,24,2,9,6,1,7,9,1,10,2,12,,42,,1,21,121.5760644,25.0494075
113,8,27,8,37,2,06松山區,松山區市民大道6段與虎林街口,0,0,1,2,C03,8,7,5,40,4,1,1,5,4,5,13,1,1,1,4,5,2,17,2,43,3,10,6,1,7,8,1,10,9,17,,101,,1,21,121.5760644,25.0494075
113,8,27,8,37,2,06松山區,松山區市民大道6段與虎林街口,0,0,1,3,C03,8,7,5,40,4,1,1,5,4,5,13,1,1,1,4,5,2,17,1,36,3,10,6,1,7,9,1,10,9,17,,44,,1,21,121.5760644,25.0494075
113,8,27,8,40,2,06松山區,松山區民生東路4段80巷與敦化北路199巷口,0,0,1,1,B03,8,6,5,50,14,9,1,5,4,5,13,2,1,5,4,5,2,12,1,74,3,10,7,4,7,9,1,8,9,2,,44,,1,21,121.5529435,25.0564371
113,8,27,8,40,2,06松山區,松山區民生東路4段80巷與敦化北路199巷口,0,0,1,2,F01,8,6,5,50,14,9,1,5,4,5,13,2,1,5,4,5,2,12,2,76,2,9,4,4,7,9,8,20,9,14,,44,,1,21,121.5529435,25.0564371
113,8,27,8,40,2,08士林區,士林區中山北路5段250號對面,0,0,1,1,C03,8,6,5,40,14,9,1,5,4,5,13,4,4,3,5,5,1,13,2,33,3,10,3,4,7,9,1,10,1,11,,108,,1,21,121.5263867,25.0871126
113,8,27,8,40,2,08士林區,士林區中山北路5段250號對面,0,0,1,2,C03,8,6,5,40,14,9,1,5,4,5,13,4,4,3,5,5,1,13,1,51,2,8,3,4,7,9,1,10,1,13,,44,,1,21,121.5263867,25.0871126
113,8,27,8,46,2,12內湖區,內湖區潭美街與新明路361巷口,0,0,2,1,C03,8,5,5,40,3,1,1,5,4,5,13,1,1,5,5,5,2,13,1,35,2,9,6,1,7,9,1,10,1,11,,16,,1,21,121.5826716,25.0548734
113,8,27,8,46,2,12內湖區,內湖區潭美街與新明路361巷口,0,0,2,2,C03,8,5,5,40,3,1,1,5,4,5,13,1,1,5,5,5,2,13,2,30,2,9,6,1,7,12,1,10,1,13,,44,,1,21,121.5826716,25.0548734
113,8,27,8,58,2,12內湖區,內湖區安康路32巷24弄與安康路32巷口,0,0,1,1,C03,8,6,5,50,4,1,1,5,4,5,13,4,4,10,5,5,2,15,2,62,2,9,5,1,7,9,1,10,1,12,,75,,1,21,121.5949707,25.0619449
113,8,27,8,58,2,12內湖區,內湖區安康路32巷24弄與安康路32巷口,0,0,1,2,B03,8,6,5,50,4,1,1,5,4,5,13,4,4,10,5,5,2,15,2,34,3,10,7,1,7,9,1,8,1,1,,80,,1,21,121.5949707,25.0619449
113,8,27,9,0,2,12內湖區,內湖區潭美街與新明路219巷口,0,0,2,1,C03,8,6,5,40,3,2,1,5,4,5,13,1,1,10,5,5,2,13,1,43,2,9,6,1,7,9,1,10,2,11,,16,,1,21,121.5886451,25.0573583
113,8,27,9,0,2,12內湖區,內湖區潭美街與新明路219巷口,0,0,2,2,C03,8,6,5,40,3,2,1,5,4,5,13,1,1,10,5,5,2,13,2,43,2,9,6,1,7,9,1,10,2,14,,44,,1,21,121.5886451,25.0573583
113,8,27,9,0,2,12內湖區,內湖區潭美街與新明路219巷口,0,0,2,3,B12,8,6,5,40,3,2,1,5,4,5,13,1,1,10,5,5,2,13,4,63,3,10,3,4,7,21,7,19,11,3,,119,,2,21,121.5886451,25.0573583
113,8,27,9,1,2,02萬華區,萬華區中華路1段與貴陽街2段口,0,0,1,1,C03,8,7,5,50,4,1,1,5,4,5,13,1,1,1,5,5,2,13,1,29,2,9,5,1,7,9,1,10,1,11,,44,,1,21,121.507281,25.0393108
113,8,27,9,1,2,02萬華區,萬華區中華路1段與貴陽街2段口,0,0,1,2,B01,8,7,5,50,4,1,1,5,4,5,13,1,1,1,5,5,2,13,1,49,3,10,7,1,7,9,1,4,1,3,,44,,1,21,121.507281,25.0393108
113,8,27,9,10,2,05中正區,中正區中山南路與貴陽街1段口,0,0,1,1,B03,8,6,5,50,3,1,1,5,4,5,13,1,1,4,4,1,2,16,1,42,3,10,2,1,7,6,1,8,1,5,,80,,1,22,121.5172516,25.038154
113,8,27,9,10,2,05中正區,中正區中山南路與貴陽街1段口,0,0,1,2,C03,8,6,5,50,3,1,1,5,4,5,13,1,1,4,4,1,2,16,1,23,2,7,6,1,7,9,1,10,1,14,,44,,1,22,121.5172516,25.038154
113,8,27,9,10,2,05中正區,中正區重慶南路3段與廈門街114巷口口,0,0,2,1,C03,8,6,5,30,4,1,1,5,4,5,13,1,1,1,4,5,1,17,2,61,2,8,6,1,7,6,1,10,1,12,,82,,1,21,121.5170579,25.0233824
113,8,27,9,10,2,05中正區,中正區重慶南路3段與廈門街114巷口口,0,0,2,2,C03,8,6,5,30,4,1,1,5,4,5,13,1,1,1,4,5,1,17,1,30,2,7,6,1,7,9,1,10,1,14,,81,,1,21,121.5170579,25.0233824
113,8,27,9,29,2,04大安區,大安區敦化南路2段(南往北),0,0,1,2,C03,8,6,5,50,14,9,1,5,4,3,10,4,4,1,4,5,2,17,2,21,2,9,5,1,7,12,1,10,1,12,,13,,1,21,121.549009,25.0271993
113,8,27,9,29,2,04大安區,大安區敦化南路2段(南往北),0,0,1,1,C02,8,6,5,50,14,9,1,5,4,3,10,4,4,1,4,5,2,17,1,38,3,10,5,1,7,8,1,9,1,17,,101,,1,21,121.549009,25.0271993
113,8,27,9,44,2,05中正區,中正區汀州路1段與汀州路1段226巷口,0,0,1,1,B12,8,6,5,50,3,1,1,5,4,5,13,4,4,5,2,5,2,17,1,39,3,10,7,1,7,1,1,8,1,4,,19,,1,21,121.5094087,25.0279359
113,8,27,9,44,2,05中正區,中正區汀州路1段與汀州路1段226巷口,0,0,1,2,C03,8,6,5,50,3,1,1,5,4,5,13,4,4,5,2,5,2,17,1,31,2,9,5,1,7,9,1,10,1,11,,44,,1,21,121.5094087,25.0279359
113,8,27,10,11,2,06松山區,松山區八德路4段與虎林街口,0,0,1,1,B02,8,6,5,50,3,1,1,5,4,5,13,2,1,1,4,5,2,17,2,53,3,10,7,1,7,5,1,8,1,2,,71,,1,21,121.5760021,25.0499847
113,8,27,10,11,2,06松山區,松山區八德路4段與虎林街口,0,0,1,2,C03,8,6,5,50,3,1,1,5,4,5,13,2,1,1,4,5,2,17,1,29,2,9,6,1,7,9,1,10,1,11,,13,,1,21,121.5760021,25.0499847
113,8,27,10,15,2,12內湖區,內湖區內湖路1段435號,0,0,1,1,C03,8,6,5,40,14,9,1,5,4,5,13,4,4,1,3,5,1,12,2,55,2,9,5,1,7,9,1,10,2,11,,16,,1,21,121.5717516,25.0813476
113,8,27,10,15,2,12內湖區,內湖區內湖路1段435號,0,0,1,2,C03,8,6,5,40,14,9,1,5,4,5,13,4,4,1,3,5,1,12,2,59,3,10,5,1,7,9,1,10,2,13,,44,,1,21,121.5717516,25.0813476
113,8,27,10,34,2,02萬華區,萬華區桂林路與桂林路242巷口,0,0,2,1,C03,8,5,8,50,22,22,1,5,4,5,13,1,1,10,5,5,2,17,2,47,3,10,3,4,7,6,1,10,1,13,,42,,1,21,121.4961703,25.03878212
113,8,27,10,34,2,02萬華區,萬華區桂林路與桂林路242巷口,0,0,2,2,C03,8,5,8,50,22,22,1,5,4,5,13,1,1,10,5,5,2,17,1,28,2,9,3,4,7,9,1,10,1,11,,44,,1,21,121.4961703,25.03878212
113,8,27,10,34,2,02萬華區,萬華區桂林路與桂林路242巷口,0,0,2,3,H02,8,5,8,50,22,22,1,5,4,5,13,1,1,10,5,5,2,17,2,61,2,9,3,5,7,20,8,20,10,16,,67,,1,21,121.4961703,25.03878212
113,8,27,10,35,2,02萬華區,萬華區環河南路1段與成都路口,0,0,1,1,B12,8,6,5,30,3,1,1,5,4,5,13,4,4,5,4,5,1,17,1,40,3,10,3,4,7,6,1,8,1,8,,42,,1,22,121.5012101,25.0445512
113,8,27,10,35,2,02萬華區,萬華區環河南路1段與成都路口,0,0,1,2,C03,8,6,5,30,3,1,1,5,4,5,13,4,4,5,4,5,1,17,1,28,2,7,3,4,7,9,1,9,1,11,,42,,1,22,121.5012101,25.0445512
113,8,27,10,35,2,08士林區,士林區士商路189號,0,0,1,1,B03,8,6,5,50,14,9,1,5,4,5,13,4,4,5,5,5,1,12,2,33,3,10,7,1,7,11,1,8,2,4,,10,,1,21,121.5160998,25.095563
113,8,27,10,35,2,08士林區,士林區士商路189號,0,0,1,2,C03,8,6,5,50,14,9,1,5,4,5,13,4,4,5,5,5,1,12,2,27,2,9,6,1,7,9,1,10,2,12,,107,,1,21,121.5160998,25.095563
113,8,27,11,7,2,10文山區,文山區老泉街與恆光街口口,0,0,2,1,C03,8,6,5,50,3,2,1,5,4,5,13,3,1,5,5,5,2,16,1,72,2,7,5,1,7,5,1,10,1,12,,71,,1,21,121.5677121,24.9799943
113,8,27,11,7,2,10文山區,文山區老泉街與恆光街口口,0,0,2,2,B02,8,6,5,50,3,2,1,5,4,5,13,3,1,5,5,5,2,16,2,49,3,10,7,1,7,9,1,8,1,8,,108,,1,21,121.5677121,24.9799943
113,8,27,11,7,2,10文山區,文山區老泉街與恆光街口口,0,0,2,3,H02,8,6,5,50,3,2,1,5,4,5,13,3,1,5,5,5,2,16,1,86,2,9,5,5,7,20,8,20,10,16,,67,,1,21,121.5677121,24.9799943
113,8,27,11,8,2,04大安區,大安區和平東路2段與新生南路2段口,0,0,1,1,B12,8,6,5,50,4,1,1,5,4,5,13,2,1,1,4,5,2,17,1,31,3,10,7,1,7,6,1,8,9,5,,9,,1,21,121.5350427,25.0261342
113,8,27,11,8,2,04大安區,大安區和平東路2段與新生南路2段口,0,0,1,2,C03,8,6,5,50,4,1,1,5,4,5,13,2,1,1,4,5,2,17,2,65,2,9,6,1,7,9,1,10,9,13,,44,,1,21,121.5350427,25.0261342
113,8,27,11,28,2,06松山區,松山區民權東路3段106巷與民權東路3段106巷3弄口,0,0,2,1,C03,8,7,5,30,3,1,1,5,4,5,13,4,4,10,5,5,2,17,1,75,2,9,5,1,7,5,1,10,2,12,,72,,1,22,121.5449116,25.06148486
113,8,27,11,28,2,06松山區,松山區民權東路3段106巷與民權東路3段106巷3弄口,0,0,2,2,B03,8,7,5,30,3,1,1,5,4,5,13,4,4,10,5,5,2,17,1,41,3,10,7,1,7,9,1,8,2,8,,108,,1,22,121.5449116,25.06148486
113,8,27,11,28,2,06松山區,松山區民權東路3段106巷與民權東路3段106巷3弄口,0,0,2,3,H02,8,7,5,30,3,1,1,5,4,5,13,4,4,10,5,5,2,17,2,12,2,9,5,5,7,20,8,20,10,16,,67,,1,22,121.5449116,25.06148486
113,8,27,11,43,2,12內湖區,內湖區舊宗路2段133號,0,0,1,1,B02,8,6,5,50,14,9,1,5,4,5,13,4,4,1,4,5,2,13,2,23,3,10,7,1,7,9,1,8,1,1,,108,,1,21,121.5748183,25.0698725
113,8,27,11,43,2,12內湖區,內湖區舊宗路2段133號,0,0,1,2,B03,8,6,5,50,14,9,1,5,4,5,13,4,4,1,4,5,2,13,1,43,2,9,7,1,7,9,1,8,1,3,,44,,1,21,121.5748183,25.0698725
113,8,27,12,23,2,08士林區,士林區承德路5段與士商路口,0,0,1,1,B03,8,6,5,50,4,2,1,5,4,5,13,1,1,1,4,5,1,16,1,39,3,10,3,4,7,6,1,8,1,6,,71,,1,21,121.5142349,25.0960494
113,8,27,12,23,2,08士林區,士林區承德路5段與士商路口,0,0,1,2,C03,8,6,5,50,4,2,1,5,4,5,13,1,1,1,4,5,1,16,1,40,2,9,3,4,7,9,1,10,1,11,,13,,1,21,121.5142349,25.0960494
113,8,27,12,27,2,09北投區,北投區稻香路1204229號燈桿,0,0,1,1,B03,8,6,5,40,22,9,1,5,4,5,13,4,4,4,5,5,1,17,1,60,3,10,7,1,7,4,1,8,2,8,,94,,1,21,121.4831965,25.1446229
113,8,27,12,27,2,09北投區,北投區稻香路1204229號燈桿,0,0,1,2,C03,8,6,5,40,22,9,1,5,4,5,13,4,4,4,5,5,1,17,1,20,2,9,6,1,7,9,1,10,2,12,,44,,1,25,121.4831965,25.1446229
113,8,27,12,55,2,05中正區,中正區公園路與愛國西路口,0,0,1,1,B03,8,6,5,50,4,1,1,5,4,5,13,1,1,1,4,5,2,17,1,41,3,10,7,1,7,9,1,8,1,2,,100,,1,21,121.5145411,25.0347863
113,8,27,12,55,2,05中正區,中正區公園路與愛國西路口,0,0,1,2,C03,8,6,5,50,4,1,1,5,4,5,13,1,1,1,4,5,2,17,2,19,2,9,5,1,7,9,1,10,1,14,,44,,1,21,121.5145411,25.0347863
113,8,27,13,39,2,11南港區,南港區研究院路3段與研究院路3段25巷口,0,0,2,1,A12,8,7,5,50,3,2,1,2,4,5,13,4,4,5,5,5,2,17,1,25,3,10,7,1,7,9,1,7,1,17,,50,,1,21,121.6165142,25.0351232
113,8,27,13,39,2,11南港區,南港區研究院路3段與研究院路3段25巷口,0,0,2,2,C03,8,7,5,50,3,2,1,2,4,5,13,4,4,5,5,5,2,17,1,32,2,9,5,1,7,9,1,10,1,14,,44,,1,21,121.6165142,25.0351232
113,8,27,13,39,2,11南港區,南港區研究院路3段與研究院路3段25巷口,0,0,2,3,C03,8,7,5,50,3,2,1,2,4,5,13,4,4,5,5,5,2,17,1,38,2,9,5,1,7,9,1,10,1,14,,44,,1,21,121.6165142,25.0351232
113,8,27,13,47,2,04大安區,大安區雲和街75巷與泰順街44巷口,0,0,1,1,B03,8,6,5,30,4,1,1,5,4,5,13,4,4,10,5,5,2,15,1,44,3,10,3,1,7,9,1,8,1,5,,75,,1,21,121.5301824,25.0238624
113,8,27,13,47,2,04大安區,大安區雲和街75巷與泰順街44巷口,0,0,1,2,C03,8,6,5,30,4,1,1,5,4,5,13,4,4,10,5,5,2,15,1,43,2,8,5,1,7,9,1,10,1,11,,108,,1,21,121.5301824,25.0238624
113,8,27,13,56,2,04大安區,大安區光復南路654號,0,0,1,1,C03,8,5,5,50,14,9,1,5,4,5,13,4,4,1,5,4,2,12,1,36,2,7,6,1,7,7,1,10,1,11,,100,,1,21,121.557401,25.0308891
113,8,27,13,56,2,04大安區,大安區光復南路654號,0,0,1,2,B03,8,5,5,50,14,9,1,5,4,5,13,4,4,1,5,4,2,12,1,28,3,10,7,1,7,9,1,8,1,4,,44,,1,21,121.557401,25.0308891
113,8,27,14,6,2,05中正區,中正區重慶南路3段與詔安街口,0,0,1,1,C03,8,6,5,30,3,1,1,5,4,5,13,4,4,3,4,5,2,17,1,60,3,10,5,1,7,6,3,18,11,13,,72,,2,21,121.5164266,25.0252177
113,8,27,14,6,2,05中正區,中正區重慶南路3段與詔安街口,0,0,1,2,C03,8,6,5,30,3,1,1,5,4,5,13,4,4,3,4,5,2,17,1,42,2,9,5,1,7,9,1,10,1,14,,14,,1,21,121.5164266,25.0252177
113,8,27,14,52,2,07信義區,信義區忠孝東路5段165巷3弄與永吉路30巷口,0,0,1,2,B01,8,6,5,30,4,2,1,5,4,5,13,4,4,4,5,5,2,16,1,49,3,10,3,4,7,9,1,8,1,4,,14,,1,21,121.5686752,25.0414854
113,8,27,14,52,2,07信義區,信義區忠孝東路5段165巷3弄與永吉路30巷口,0,0,1,1,C03,8,6,5,30,4,2,1,5,4,5,13,4,4,4,5,5,2,16,1,19,2,9,5,1,7,6,1,10,1,12,,14,,1,21,121.5686752,25.0414854
113,8,27,15,1,2,07信義區,信義區基隆路2段22號與信義路4段450巷口,0,0,1,1,B02,8,6,5,50,4,1,1,5,4,5,13,2,1,8,3,5,2,17,1,27,3,10,3,4,7,15,1,15,1,5,,9,,1,21,121.5588465,25.0320152
113,8,27,15,1,2,07信義區,信義區基隆路2段22號與信義路4段450巷口,0,0,1,2,C03,8,6,5,50,4,1,1,5,4,5,13,2,1,8,3,5,2,17,1,55,2,8,3,4,7,15,1,10,1,11,,44,,1,21,121.5588465,25.0320152
113,8,27,15,12,2,04大安區,大安區和平東路2段311巷與和平東路2段311巷43弄口,0,0,1,1,F01,8,7,5,30,4,1,1,5,4,5,13,4,4,8,3,5,1,15,1,87,2,8,4,1,7,9,8,20,1,11,,72,,1,22,121.5451871,25.0256871
113,8,27,15,12,2,04大安區,大安區和平東路2段311巷與和平東路2段311巷43弄口,0,0,1,2,B12,8,7,5,30,4,1,1,5,4,5,13,4,4,8,3,5,1,15,1,38,3,10,7,1,7,9,1,8,1,2,,13,,1,21,121.5451871,25.0256871
113,8,27,15,16,2,12內湖區,內湖區民權東路6段115巷與成功路2段317巷口,0,0,2,1,B03,8,5,5,30,3,1,1,5,4,5,13,4,4,9,5,5,2,12,2,62,3,10,7,1,7,9,1,8,2,8,,14,,1,21,121.5919127,25.0693668
113,8,27,15,16,2,12內湖區,內湖區民權東路6段115巷與成功路2段317巷口,0,0,2,2,C03,8,5,5,30,3,1,1,5,4,5,13,4,4,9,5,5,2,12,2,59,2,9,6,1,7,9,1,10,2,12,,14,,1,21,121.5919127,25.0693668
113,8,27,15,16,2,12內湖區,內湖區民權東路6段115巷與成功路2段317巷口,0,0,2,3,H02,8,5,5,30,3,1,1,5,4,5,13,4,4,9,5,5,2,12,2,36,2,9,6,5,7,20,8,20,10,16,,67,,1,21,121.5919127,25.0693668
113,8,27,15,30,2,07信義區,信義區永吉路180巷62號,0,0,1,1,B01,7,5,5,30,14,9,1,5,4,5,13,4,4,10,5,5,1,2,1,53,3,10,7,1,7,9,1,4,2,5,,107,,1,21,121.5714429,25.0436972
113,8,27,15,30,2,07信義區,信義區永吉路180巷62號,0,0,1,2,H01,7,5,5,30,14,9,1,5,4,5,13,4,4,10,5,5,1,2,2,78,2,9,4,5,8,16,8,20,10,16,,67,,1,21,121.5714429,25.0436972
113,8,27,15,40,2,06松山區,松山區健康路325巷24弄與健康路325巷口,0,0,1,1,C03,8,7,5,30,4,1,1,5,4,5,13,4,4,9,4,5,2,15,1,59,2,7,5,4,7,9,1,10,11,11,,14,,1,22,121.5671615,25.05649222
113,8,27,15,40,2,06松山區,松山區健康路325巷24弄與健康路325巷口,0,0,1,2,B03,8,7,5,30,4,1,1,5,4,5,13,4,4,9,4,5,2,15,1,33,3,10,3,4,7,9,1,8,1,2,,80,,1,22,121.5671615,25.05649222
113,8,27,15,51,2,07信義區,信義區虎林街164巷19號與虎林街164巷口,0,0,1,1,C03,8,6,5,30,3,2,1,5,4,5,13,4,4,9,5,5,2,16,1,38,2,9,5,4,7,9,1,10,1,11,12,75,,1,21,121.5756929,25.0387358
113,8,27,15,51,2,07信義區,信義區虎林街164巷19號與虎林街164巷口,0,0,1,2,B02,8,6,5,30,3,2,1,5,4,5,13,4,4,9,5,5,2,16,1,53,3,10,3,4,7,9,1,8,1,8,,99,,1,21,121.5756929,25.0387358
113,8,27,15,57,2,05中正區,中正區市民大道2段與林森北路口,0,0,3,1,C04,8,6,5,40,4,1,1,5,4,5,13,1,1,10,4,5,2,17,2,22,2,9,6,4,7,5,1,10,1,14,,8,,1,22,121.5242365,25.047704
113,8,27,15,57,2,05中正區,中正區市民大道2段與林森北路口,0,0,3,2,C03,8,6,5,40,4,1,1,5,4,5,13,1,1,10,4,5,2,17,1,19,2,7,6,4,7,9,1,10,1,12,,44,,1,22,121.5242365,25.047704
113,8,27,15,57,2,05中正區,中正區市民大道2段與林森北路口,0,0,3,4,H02,8,6,5,40,4,1,1,5,4,5,13,1,1,10,4,5,2,17,2,18,2,8,6,5,7,20,8,20,10,16,,67,,1,22,121.5242365,25.047704
113,8,27,15,57,2,05中正區,中正區市民大道2段與林森北路口,0,0,3,3,C03,8,6,5,40,4,1,1,5,4,5,13,1,1,10,4,5,2,17,1,22,3,10,6,4,7,9,3,18,1,11,,44,,1,22,121.5242365,25.047704
113,8,27,16,6,2,02萬華區,萬華區萬大路277巷與萬大路237巷10弄口,0,0,1,1,C03,8,6,5,30,4,2,1,5,4,5,13,4,4,10,5,5,2,17,1,30,3,10,5,1,7,9,1,10,1,12,,72,,1,21,121.5010563,25.025393
113,8,27,16,6,2,02萬華區,萬華區萬大路277巷與萬大路237巷10弄口,0,0,1,2,C03,8,6,5,30,4,2,1,5,4,5,13,4,4,10,5,5,2,17,1,56,2,9,5,1,7,9,1,10,1,11,,14,,1,21,121.5010563,25.025393