發生年度,發生月,發生日,發生時-Hours,發生分,處理別-編號,區序,肇事地點,死亡人數,2-30日死亡人數,受傷人數,當事人序號,車種,天候,道路照明設備,道路類別,速限-速度限制,道路型態,事故位置,路面狀況1,路面狀況2,路面狀況3,道路障礙1,道路障礙2,號誌1,號誌2,車道劃分-分向,車道劃分-分道1,車道劃分-分道2,車道劃分-分道3,事故類型及型態,性別,年齡,受傷程度,主要傷處,保護裝置,行動電話,車輛用途,當事者行動狀態,駕駛資格情形,駕駛執照種類,飲酒情形,車輛撞擊部位1,車輛撞擊部位2,肇因碼-個別,肇因碼-主要,個人肇逃否,職業,座標-X,座標-Y
113,8,27,16,13,2,04大安區,大安區羅斯福路4段與基隆路4段口,0,0,2,1,C03,7,5,5,50,5,4,1,5,4,5,13,1,1,10,5,5,2,13,1,20,2,2,5,1,7,12,1,10,1,11,,108,,1,21,121.5373171,25.0107468
113,8,27,16,13,2,04大安區,大安區羅斯福路4段與基隆路4段口,0,0,2,2,C03,7,5,5,50,5,4,1,5,4,5,13,1,1,10,5,5,2,13,1,28,2,9,5,1,7,12,1,10,1,13,,44,,1,21,121.5373171,25.0107468
113,8,27,16,23,2,12內湖區,內湖區成功路2段北向南(防撞桿),0,0,2,1,C03,8,6,5,50,14,9,1,5,4,5,13,4,4,1,4,5,2,12,2,19,2,9,5,1,7,7,3,18,1,14,,104,,1,21,121.5908008,25.0626422
113,8,27,16,23,2,12內湖區,內湖區成功路2段北向南(防撞桿),0,0,2,2,B03,8,6,5,50,14,9,1,5,4,5,13,4,4,1,4,5,2,12,1,52,3,10,7,1,7,1,1,8,1,6,,44,,1,21,121.5908008,25.0626422
113,8,27,16,23,2,12內湖區,內湖區成功路2段北向南(防撞桿),0,0,2,3,H02,8,6,5,50,14,9,1,5,4,5,13,4,4,1,4,5,2,12,2,14,2,9,5,5,7,20,8,20,10,16,,67,,1,21,121.5908008,25.0626422
113,8,27,16,30,2,04大安區,大安區和平東路2段175巷與瑞安街135巷口,0,0,1,1,C04,8,7,5,30,4,1,1,5,4,5,13,4,4,8,3,5,1,15,1,61,2,7,5,1,7,9,1,10,1,12,,72,,1,21,121.5418207,25.0265447
113,8,27,16,30,2,04大安區,大安區和平東路2段175巷與瑞安街135巷口,0,0,1,2,B03,8,7,5,30,4,1,1,5,4,5,13,4,4,8,3,5,1,15,1,57,3,10,7,1,7,9,1,8,1,1,,14,,1,21,121.5418207,25.0265447
113,8,27,16,41,2,10文山區,文山區萬芳路（萬芳捷運站機車停車場出入口）前,0,0,1,1,B12,8,6,5,50,14,9,1,5,4,5,13,4,4,5,4,5,2,13,1,40,3,10,3,4,7,11,1,8,1,1,,108,,1,21,121.5675369,24.99903647
113,8,27,16,41,2,10文山區,文山區萬芳路（萬芳捷運站機車停車場出入口）前,0,0,1,2,B01,8,6,5,50,14,9,1,5,4,5,13,4,4,5,4,5,2,13,1,55,3,10,3,4,7,11,1,4,1,3,,44,,1,21,121.5675369,24.99903647
113,8,27,16,41,2,10文山區,文山區萬芳路（萬芳捷運站機車停車場出入口）前,0,0,1,3,H02,8,6,5,50,14,9,1,5,4,5,13,4,4,5,4,5,2,13,2,53,2,9,3,5,7,20,8,20,10,16,,67,,1,21,121.5675369,24.99903647
113,8,27,16,50,2,07信義區,信義區嘉興街181巷11號,0,0,2,1,C03,7,5,5,50,14,9,1,5,4,5,13,4,4,5,5,5,1,17,1,51,2,9,6,1,7,15,1,10,1,14,,101,,1,21,121.5571095,25.0262571
113,8,27,16,50,2,07信義區,信義區嘉興街181巷11號,0,0,2,2,C03,7,5,5,50,14,9,1,5,4,5,13,4,4,5,5,5,1,17,2,24,2,9,6,1,7,9,1,10,1,12,,44,,1,21,121.5571095,25.0262571
113,8,27,16,57,2,03中山區,中山區大直街70號,0,0,1,1,C03,8,6,5,30,11,9,1,5,4,5,13,4,4,8,3,5,1,17,1,45,2,8,5,1,7,1,1,10,1,11,,19,,1,28,121.546701,25.0840625
113,8,27,16,57,2,03中山區,中山區大直街70號,0,0,1,2,B01,8,6,5,30,11,9,1,5,4,5,13,4,4,8,3,5,1,17,1,59,3,10,7,1,7,1,1,4,1,5,,19,,1,21,121.546701,25.0840625
113,8,27,17,30,2,08士林區,士林區文林路144巷與文林路口,0,0,2,1,C03,8,6,5,50,4,2,1,5,4,5,13,4,4,5,5,5,2,17,2,23,2,8,6,1,7,1,1,10,1,14,,99,,1,22,121.5265736,25.0889805
113,8,27,17,30,2,08士林區,士林區文林路144巷與文林路口,0,0,2,2,C03,8,6,5,50,4,2,1,5,4,5,13,4,4,5,5,5,2,17,1,29,2,8,6,1,7,9,1,10,1,11,,14,,1,22,121.5265736,25.0889805
113,8,27,17,34,2,12內湖區,內湖區瑞光路7巷與瑞光路口,0,0,1,1,B03,8,7,5,30,3,1,1,5,4,5,13,4,4,10,5,5,2,16,2,48,3,10,7,1,7,1,1,8,2,1,,19,,1,21,121.5838991,25.0693072
113,8,27,17,34,2,12內湖區,內湖區瑞光路7巷與瑞光路口,0,0,1,2,F01,8,7,5,30,3,1,1,5,4,5,13,4,4,10,5,5,2,16,2,52,2,9,4,1,7,9,8,20,2,14,,44,,1,21,121.5838991,25.0693072
113,8,27,17,46,2,12內湖區,內湖區民權東路6段56巷15弄與民權東路6段56巷口,0,0,2,1,C03,8,6,5,40,3,1,1,5,4,5,13,4,4,9,4,4,2,13,1,26,2,9,6,1,7,9,1,10,2,11,,108,,1,22,121.5853172,25.0676153
113,8,27,17,46,2,12內湖區,內湖區民權東路6段56巷15弄與民權東路6段56巷口,0,0,2,2,B12,8,6,5,40,3,1,1,5,4,5,13,4,4,9,4,4,2,13,1,51,3,10,3,4,7,5,1,8,2,7,,44,,1,22,121.5853172,25.0676153
113,8,27,17,46,2,12內湖區,內湖區民權東路6段56巷15弄與民權東路6段56巷口,0,0,2,3,H02,8,6,5,40,3,1,1,5,4,5,13,4,4,9,4,4,2,13,2,26,2,9,6,5,7,17,8,20,10,16,,67,,1,22,121.5853172,25.0676153
113,8,27,18,23,2,03中山區,中山區南京東路3段與建國北路2段口,0,0,2,1,C03,7,5,5,50,14,9,1,5,4,5,13,2,1,1,2,5,2,12,1,28,2,7,3,4,7,9,1,10,1,14,,118,,1,22,121.5374456,25.0520724
113,8,27,18,23,2,03中山區,中山區南京東路3段與建國北路2段口,0,0,2,2,C03,7,5,5,50,14,9,1,5,4,5,13,2,1,1,2,5,2,12,1,55,2,9,3,4,7,9,1,10,1,12,,118,,1,22,121.5374456,25.0520724
113,8,27,18,25,2,05中正區,中正區新生高架道與市民高架道口下方,0,0,1,1,B03,7,5,5,60,10,9,1,5,4,5,13,4,4,1,4,5,2,17,1,22,3,10,7,4,7,9,1,8,2,1,,16,,1,22,121.5306599,25.04615856
113,8,27,18,25,2,05中正區,中正區新生高架道與市民高架道口下方,0,0,1,2,B03,7,5,5,60,10,9,1,5,4,5,13,4,4,1,4,5,2,17,1,26,2,9,7,4,7,9,1,8,2,3,1,44,,1,22,121.5306599,25.04615856
113,8,27,18,25,2,05中正區,中正區新生高架道與市民高架道口下方,0,0,1,3,B03,7,5,5,60,10,9,1,5,4,5,13,4,4,1,4,5,2,17,1,58,3,10,7,4,7,14,1,8,2,3,1,44,,1,22,121.5306599,25.04615856
113,8,27,18,25,2,05中正區,中正區新生高架道與市民高架道口下方,0,0,1,4,B03,7,5,5,60,10,9,1,5,4,5,13,4,4,1,4,5,2,17,1,31,3,10,7,4,7,14,1,8,2,3,,44,,1,22,121.5306599,25.04615856
113,8,27,18,35,2,07信義區,信義區大道路與中坡南路168巷口口,0,0,1,1,C03,7,5,8,50,4,2,1,5,4,5,13,4,4,5,4,5,2,9,2,59,3,10,5,1,7,9,3,18,9,11,,70,,1,21,121.5833646,25.0389608
113,8,27,18,35,2,07信義區,信義區大道路與中坡南路168巷口口,0,0,1,2,H01,7,5,8,50,4,2,1,5,4,5,13,4,4,5,4,5,2,9,2,79,2,9,4,5,8,16,8,20,10,16,,60,,1,21,121.5833646,25.0389608
113,8,27,18,48,2,03中山區,中山區明水路441號,0,0,1,1,C03,8,5,5,50,14,9,1,5,4,5,13,4,4,1,4,5,2,12,2,21,2,8,6,1,7,8,1,10,1,14,,17,,1,22,121.5493735,25.0774332
113,8,27,18,48,2,03中山區,中山區明水路441號,0,0,1,2,B03,8,5,5,50,14,9,1,5,4,5,13,4,4,1,4,5,2,12,1,49,3,10,7,4,7,8,1,8,1,2,,17,,1,22,121.5493735,25.0774332
113,8,27,18,48,2,03中山區,中山區明水路441號,0,0,1,3,B03,8,5,5,50,14,9,1,5,4,5,13,4,4,1,4,5,2,12,2,44,3,10,7,4,7,9,1,8,9,1,,16,,1,22,121.5493735,25.0774332
113,8,27,19,19,2,01大同區,大同區大龍街與民權西路口,0,0,3,1,C03,8,5,5,50,4,2,1,5,4,5,13,2,1,5,5,5,2,17,1,33,2,9,3,4,7,11,1,10,2,12,,42,,1,21,121.5160066,25.0631282
113,8,27,19,19,2,01大同區,大同區大龍街與民權西路口,0,0,3,2,C03,8,5,5,50,4,2,1,5,4,5,13,2,1,5,5,5,2,17,2,56,2,9,3,4,7,9,1,10,2,11,,42,,1,21,121.5160066,25.0631282
113,8,27,19,19,2,01大同區,大同區大龍街與民權西路口,0,0,3,3,H02,8,5,5,50,4,2,1,5,4,5,13,2,1,5,5,5,2,17,2,55,2,9,3,5,7,20,8,20,10,16,,60,,1,21,121.5160066,25.0631282
113,8,27,19,21,2,03中山區,中山區長春路40號與新生北路2段口,0,0,1,1,B01,7,5,5,50,3,2,1,5,4,5,13,4,4,9,4,4,2,16,1,64,3,10,3,4,7,11,1,4,1,4,,10,,1,22,121.5269425,25.0549328
113,8,27,19,21,2,03中山區,中山區長春路40號與新生北路2段口,0,0,1,2,C03,7,5,5,50,3,2,1,5,4,5,13,4,4,9,4,4,2,16,1,18,2,3,6,1,7,9,1,10,1,11,,14,,1,22,121.5269425,25.0549328
113,8,27,19,46,2,03中山區,中山區南京東路2段192號,0,0,1,1,B03,7,5,5,40,14,8,1,5,4,5,13,4,4,3,4,4,2,17,2,30,3,10,3,4,7,1,1,8,2,8,,19,,1,22,121.5354248,25.051921
113,8,27,19,46,2,03中山區,中山區南京東路2段192號,0,0,1,2,C03,7,5,5,40,14,8,1,5,4,5,13,4,4,3,4,4,2,17,2,42,2,8,3,4,7,15,1,10,2,12,,44,,1,22,121.5354248,25.051921
113,8,27,19,46,2,03中山區,中山區市民大道3段與八德路2段210巷口,0,0,1,1,B03,8,5,5,40,14,9,1,5,4,5,13,1,1,1,4,5,2,16,1,49,3,10,7,4,7,6,1,15,1,2,,9,,1,22,121.5384039,25.0447985
113,8,27,19,46,2,03中山區,中山區市民大道3段與八德路2段210巷口,0,0,1,2,C03,8,5,5,40,14,9,1,5,4,5,13,1,1,1,4,5,2,16,1,47,2,9,6,1,7,9,1,10,1,14,,13,,1,22,121.5384039,25.0447985
113,8,27,19,56,2,04大安區,大安區大安路1段與大安路1段84巷口,0,0,1,1,B03,8,5,5,30,4,1,1,5,4,5,13,4,4,9,4,5,1,17,1,37,3,10,3,4,7,5,1,8,1,5,,74,,1,21,121.5460784,25.0410412
113,8,27,19,56,2,04大安區,大安區大安路1段與大安路1段84巷口,0,0,1,2,B03,8,5,5,30,4,1,1,5,4,5,13,4,4,9,4,5,1,17,1,61,2,1,3,4,7,9,1,8,1,7,,44,,1,21,121.5460784,25.0410412
113,8,27,20,31,2,04大安區,大安區復興南路2段154號,0,0,4,1,F01,8,5,5,50,14,23,1,5,4,5,13,4,4,10,3,5,2,10,2,27,2,9,3,4,7,9,8,20,1,11,,42,,1,21,121.5433541,25.0281951
113,8,27,20,31,2,04大安區,大安區復興南路2段154號,0,0,4,2,F02,8,5,5,50,14,23,1,5,4,5,13,4,4,10,3,5,2,10,2,40,2,9,3,4,7,9,8,20,1,11,,44,,1,21,121.5433541,25.0281951
113,8,27,20,31,2,04大安區,大安區復興南路2段154號,0,0,4,3,H02,8,5,5,50,14,23,1,5,4,5,13,4,4,10,3,5,2,10,2,11,2,9,3,5,7,20,8,20,10,16,,67,,1,21,121.5433541,25.0281951
113,8,27,20,31,2,04大安區,大安區復興南路2段154號,0,0,4,4,H02,8,5,5,50,14,23,1,5,4,5,13,4,4,10,3,5,2,10,1,6,2,9,3,5,7,20,8,20,10,16,,67,,1,21,121.5433541,25.0281951
113,8,27,21,20,2,11南港區,南港區忠孝東路7段531號,0,0,3,1,C03,8,5,5,50,14,8,1,5,4,5,13,4,4,1,4,4,2,16,1,22,2,8,6,1,7,3,1,9,1,12,,101,,1,21,121.6127496,25.0528584
113,8,27,21,20,2,11南港區,南港區忠孝東路7段531號,0,0,3,2,C03,8,5,5,50,14,8,1,5,4,5,13,4,4,1,4,4,2,16,2,23,2,9,6,1,7,9,1,10,1,11,,44,,1,21,121.6127496,25.0528584
113,8,27,21,20,2,11南港區,南港區忠孝東路7段531號,0,0,3,3,H02,8,5,5,50,14,8,1,5,4,5,13,4,4,1,4,4,2,16,2,22,2,8,6,5,7,20,8,20,10,16,,44,,1,21,121.6127496,25.0528584
113,8,27,22,45,2,02萬華區,萬華區華江橋機車道往新北,0,0,3,1,C03,7,5,7,40,14,11,1,5,4,5,13,4,4,10,4,5,2,13,2,32,3,10,5,1,7,12,6,10,1,13,,44,,1,21,121.4890154,25.0358911
113,8,27,22,45,2,02萬華區,萬華區華江橋機車道往新北,0,0,3,2,C03,7,5,7,40,14,11,1,5,4,5,13,4,4,10,4,5,2,13,2,33,3,10,5,1,7,12,1,10,1,13,,44,,1,21,121.4890154,25.0358911
113,8,27,22,45,2,02萬華區,萬華區華江橋機車道往新北,0,0,3,3,C03,7,5,7,40,14,11,1,5,4,5,13,4,4,10,4,5,2,13,1,23,2,7,5,1,7,12,1,10,1,13,,44,,1,21,121.4890154,25.0358911
113,8,27,22,45,2,02萬華區,萬華區華江橋機車道往新北,0,0,3,4,C03,7,5,7,40,14,11,1,5,4,5,13,4,4,10,4,5,2,13,1,20,2,9,5,1,7,9,1,10,1,11,,44,,1,21,121.4890154,25.0358911
113,8,27,22,45,2,02萬華區,萬華區華江橋機車道往新北,0,0,3,5,H02,7,5,7,40,14,11,1,5,4,5,13,4,4,10,4,5,2,13,1,20,2,9,5,5,7,20,8,20,10,16,,67,,1,21,121.4890154,25.0358911
113,8,27,22,51,2,03中山區,中山區中山北路2段與民權東路1段口,0,0,1,1,C03,7,5,5,50,4,2,1,5,4,5,13,2,1,1,4,5,2,13,1,30,2,9,3,4,7,9,1,10,1,11,,16,,1,22,121.5228243,25.0628548
113,8,27,22,51,2,03中山區,中山區中山北路2段與民權東路1段口,0,0,1,2,B03,7,5,5,50,4,2,1,5,4,5,13,2,1,1,4,5,2,13,1,71,3,10,3,4,7,14,1,8,1,3,,44,,1,22,121.5228243,25.0628548
113,8,27,23,3,2,10文山區,文山區興隆路4段與興隆路4段1巷口,0,0,1,1,B03,8,5,5,50,3,1,1,5,4,5,13,2,1,10,5,5,2,16,1,45,3,10,3,4,7,5,1,8,2,5,,71,,1,21,121.5589646,24.9911456
113,8,27,23,3,2,10文山區,文山區興隆路4段與興隆路4段1巷口,0,0,1,2,C03,8,5,5,50,3,1,1,5,4,5,13,2,1,10,5,5,2,16,1,19,2,9,3,4,7,9,1,10,2,11,,13,,1,21,121.5589646,24.9911456
113,8,27,23,59,2,05中正區,中正區中山北路1段與忠孝東路1段口口,0,0,1,1,B01,8,5,5,50,4,2,1,5,4,5,13,2,1,9,4,5,1,16,1,46,3,10,7,1,7,6,1,4,2,2,,9,,1,21,121.5198811,25.0457717
113,8,27,23,59,2,05中正區,中正區中山北路1段與忠孝東路1段口口,0,0,1,2,C03,8,5,5,50,4,2,1,5,4,5,13,2,1,9,4,5,1,16,1,19,2,9,6,1,7,9,1,10,2,11,,44,,1,21,121.5198811,25.0457717
113,8,28,0,5,2,02萬華區,萬華區桂林路與環河南路2段口,0,0,1,1,B01,8,5,5,50,4,1,1,5,4,5,13,1,1,3,4,4,2,16,1,64,3,10,3,4,7,6,1,8,1,2,,9,,1,22,121.4957897,25.03689089
113,8,28,0,5,2,02萬華區,萬華區桂林路與環河南路2段口,0,0,1,2,F01,8,5,5,50,4,1,1,5,4,5,13,1,1,3,4,4,2,16,2,73,2,9,4,4,7,6,8,20,1,14,,101,,1,22,121.4957897,25.03689089
113,8,28,1,13,2,12內湖區,內湖區金莊路18號,0,0,1,1,C03,8,5,5,50,14,9,1,5,4,5,13,4,4,5,5,5,2,17,1,34,2,9,6,1,7,1,1,10,1,13,,19,,1,21,121.5876851,25.06264679
113,8,28,1,13,2,12內湖區,內湖區金莊路18號,0,0,1,2,B01,8,5,5,50,14,9,1,5,4,5,13,4,4,5,5,5,2,17,1,59,3,10,7,1,7,9,1,4,1,8,,44,,1,21,121.5876851,25.06264679
113,8,28,2,1,2,04大安區,大安區大安路1段與復興南路1段107巷口,0,0,1,1,B02,8,5,5,30,4,1,1,5,4,5,13,4,4,10,5,5,2,15,1,32,2,8,7,1,7,9,1,4,1,5,,72,,1,21,121.5461703,25.0435991
113,8,28,2,1,2,04大安區,大安區大安路1段與復興南路1段107巷口,0,0,1,2,A12,8,5,5,30,4,1,1,5,4,5,13,4,4,10,5,5,2,15,1,67,3,10,7,1,7,9,1,6,1,8,,14,,1,21,121.5461703,25.0435991
113,8,28,2,1,2,04大安區,大安區大安路1段與復興南路1段107巷口,0,0,1,3,C03,8,5,5,30,4,1,1,5,4,5,13,4,4,10,5,5,2,15,3,45,,,,,,,,,11,,,67,,1,,121.5461703,25.0435991
113,8,28,2,1,2,04大安區,大安區大安路1段與復興南路1段107巷口,0,0,1,4,C03,8,5,5,30,4,1,1,5,4,5,13,4,4,10,5,5,2,15,3,32,,,,,,,,,11,,,67,,1,,121.5461703,25.0435991
113,8,28,2,1,2,04大安區,大安區大安路1段與復興南路1段107巷口,0,0,1,5,C03,8,5,5,30,4,1,1,5,4,5,13,4,4,10,5,5,2,15,3,47,,,,,,,,,1,,,67,,1,,121.5461703,25.0435991
113,8,28,5,41,2,02萬華區,萬華區環河南路1段與忠孝西路2段口,0,0,1,1,C03,8,7,5,50,3,2,1,5,4,5,13,1,1,5,4,5,2,17,2,25,2,9,5,1,7,15,1,10,1,12,,104,,1,21,121.5061392,25.04886806
113,8,28,5,41,2,02萬華區,萬華區環河南路1段與忠孝西路2段口,0,0,1,2,B12,8,7,5,50,3,2,1,5,4,5,13,1,1,5,4,5,2,17,1,31,3,10,7,1,7,9,1,8,1,2,,44,,1,21,121.5061392,25.04886806
113,8,28,7,30,2,06松山區,松山區八德路3段與寧安街口,0,0,1,1,C03,8,7,5,50,14,9,1,5,4,5,13,2,1,9,4,5,2,17,1,63,3,10,6,1,7,9,1,10,2,13,,101,,1,22,121.554099,25.0481485
113,8,28,7,30,2,06松山區,松山區八德路3段與寧安街口,0,0,1,2,C03,8,7,5,50,14,9,1,5,4,5,13,2,1,9,4,5,2,17,1,32,2,9,6,1,7,9,1,10,2,14,,108,,1,22,121.554099,25.0481485
113,8,28,7,40,2,09北投區,北投區大同街與光明路口,0,0,3,1,C03,8,6,5,30,4,1,1,5,4,5,13,4,4,10,5,5,2,15,1,82,2,9,6,1,7,9,1,10,1,11,,14,,1,21,121.4994596,25.1326753
113,8,28,7,40,2,09北投區,北投區大同街與光明路口,0,0,3,2,C03,8,6,5,30,4,1,1,5,4,5,13,4,4,10,5,5,2,15,2,43,2,9,6,1,7,9,1,10,1,14,,13,,1,21,121.4994596,25.1326753
113,8,28,7,40,2,09北投區,北投區大同街與光明路口,0,0,3,3,H02,8,6,5,30,4,1,1,5,4,5,13,4,4,10,5,5,2,15,2,80,2,9,6,5,7,20,8,20,10,16,,67,,1,21,121.4994596,25.1326753
113,8,28,8,0,2,05中正區,中正區市民大道2段往東(華山公園前迴轉道),0,0,2,1,C03,8,6,5,40,14,6,1,5,4,5,13,4,4,1,3,5,2,16,1,35,2,9,5,1,7,5,1,10,2,14,,8,,1,22,121.5265979,25.04679045
113,8,28,8,0,2,05中正區,中正區市民大道2段往東(華山公園前迴轉道),0,0,2,2,C03,8,6,5,40,14,6,1,5,4,5,13,4,4,1,3,5,2,16,1,42,2,9,5,1,7,9,1,10,2,11,,14,,1,22,121.5265979,25.04679045
113,8,28,8,0,2,08士林區,士林區中正路與百齡橋口,0,0,2,1,C03,8,6,5,50,4,2,1,5,4,5,13,4,4,3,4,5,1,17,1,52,2,9,3,4,7,7,1,10,1,12,,44,,1,21,121.511956,25.0878426
113,8,28,8,0,2,08士林區,士林區中正路與百齡橋口,0,0,2,2,C03,8,6,5,50,4,2,1,5,4,5,13,4,4,3,4,5,1,17,1,23,3,10,3,4,7,7,1,10,1,14,,17,,1,21,121.511956,25.0878426
113,8,28,8,0,2,08士林區,士林區中正路與百齡橋口,0,0,2,3,B03,8,6,5,50,4,2,1,5,4,5,13,4,4,3,4,5,1,17,1,59,3,10,3,4,7,9,1,8,1,1,,44,,1,21,121.511956,25.0878426
113,8,28,8,0,2,08士林區,士林區中正路與百齡橋口,0,0,2,4,B03,8,6,5,50,4,2,1,5,4,5,13,4,4,3,4,5,1,17,1,39,3,10,3,4,7,9,1,8,1,1,,44,,1,21,121.511956,25.0878426
113,8,28,8,0,2,08士林區,士林區中正路與百齡橋口,0,0,2,5,H02,8,6,5,50,4,2,1,5,4,5,13,4,4,3,4,5,1,17,2,36,2,8,3,5,7,20,8,20,10,16,,67,,1,21,121.511956,25.0878426
113,8,28,8,6,2,09北投區,北投區社子大橋007號燈桿(東往西方向),0,0,5,1,C03,8,5,5,40,14,11,1,5,4,5,13,4,4,10,4,5,1,12,1,53,2,7,6,1,7,12,1,10,1,13,,50,,1,21,121.4983441,25.1119335
113,8,28,8,6,2,09北投區,北投區社子大橋007號燈桿(東往西方向),0,0,5,2,C03,8,5,5,40,14,11,1,5,4,5,13,4,4,10,4,5,1,12,1,22,3,10,6,1,7,9,1,10,1,12,,44,,1,21,121.4983441,25.1119335
113,8,28,8,6,2,09北投區,北投區社子大橋007號燈桿(東往西方向),0,0,5,3,C03,8,5,5,40,14,11,1,5,4,5,13,4,4,10,4,5,1,12,1,39,2,7,6,1,7,9,1,10,1,11,,16,,1,21,121.4983441,25.1119335
113,8,28,8,6,2,09北投區,北投區社子大橋007號燈桿(東往西方向),0,0,5,4,C03,8,5,5,40,14,11,1,5,4,5,13,4,4,10,4,5,1,12,1,29,2,7,6,1,7,9,1,10,1,12,,17,,1,21,121.4983441,25.1119335
113,8,28,8,6,2,09北投區,北投區社子大橋007號燈桿(東往西方向),0,0,5,5,C03,8,5,5,40,14,11,1,5,4,5,13,4,4,10,4,5,1,12,1,40,3,10,6,1,7,9,1,10,1,11,,16,,1,21,121.4983441,25.1119335
113,8,28,8,6,2,09北投區,北投區社子大橋007號燈桿(東往西方向),0,0,5,6,H02,8,5,5,40,14,11,1,5,4,5,13,4,4,10,4,5,1,12,2,40,2,8,6,5,7,20,8,20,10,16,,67,,1,21,121.4983441,25.1119335
113,8,28,8,6,2,09北投區,北投區社子大橋007號燈桿(東往西方向),0,0,5,7,H02,8,5,5,40,14,11,1,5,4,5,13,4,4,10,4,5,1,12,2,27,2,7,6,5,7,20,8,20,10,16,,67,,1,21,121.4983441,25.1119335
113,8,28,8,33,2,08士林區,士林區福國路15巷與中山北路5段829巷口,0,0,1,1,C03,8,6,5,30,4,1,1,5,4,5,13,4,4,10,5,5,1,15,2,45,2,9,6,1,7,9,1,10,1,11,,14,,1,21,121.5246282,25.1015252
113,8,28,8,33,2,08士林區,士林區福國路15巷與中山北路5段829巷口,0,0,1,2,B03,8,6,5,30,4,1,1,5,4,5,13,4,4,10,5,5,1,15,1,65,3,10,7,1,7,9,1,8,1,4,,14,,1,21,121.5246282,25.1015252
113,8,28,8,37,2,11南港區,南港區市民大道8段369號,0,0,1,1,C03,8,7,5,50,14,7,1,5,4,5,13,4,4,5,4,5,2,12,2,30,2,8,5,1,7,9,1,10,1,12,,108,,1,21,121.6082537,25.0535465
113,8,28,8,37,2,11南港區,南港區市民大道8段369號,0,0,1,2,B03,8,7,5,50,14,7,1,5,4,5,13,4,4,5,4,5,2,12,1,31,3,10,3,4,7,13,1,8,1,4,,44,,1,21,121.6082537,25.0535465
113,8,28,8,40,2,05中正區,中正區北平東路與林森北路口,0,0,1,1,B01,8,6,5,50,4,1,1,5,4,5,13,1,1,10,4,5,2,16,1,63,3,10,7,4,7,5,1,2,2,5,,8,,1,21,121.5239032,25.04627482
113,8,28,8,40,2,05中正區,中正區北平東路與林森北路口,0,0,1,2,C03,8,6,5,50,4,1,1,5,4,5,13,1,1,10,4,5,2,16,2,33,2,9,6,4,7,15,1,10,2,11,,44,,1,22,121.5239032,25.04627482
113,8,28,8,46,2,03中山區,中山區北安路516號對面,0,0,1,1,C03,8,6,5,50,14,9,1,5,4,5,13,4,4,8,3,5,1,17,1,65,2,8,5,1,7,7,3,18,1,14,,100,,1,21,121.5451993,25.0798031
113,8,28,8,46,2,03中山區,中山區北安路516號對面,0,0,1,2,B03,8,6,5,50,14,9,1,5,4,5,13,4,4,8,3,5,1,17,1,28,3,10,7,1,7,9,1,8,1,2,,44,,1,21,121.5451993,25.0798031
113,8,28,8,48,2,04大安區,大安區市民大道4段102號,0,0,1,1,C03,8,6,5,40,14,9,1,5,4,5,13,4,4,1,4,5,2,12,1,40,2,9,5,1,7,9,1,10,1,12,,108,,1,21,121.5500341,25.0446049
113,8,28,8,48,2,04大安區,大安區市民大道4段102號,0,0,1,2,B01,8,6,5,40,14,9,1,5,4,5,13,4,4,1,4,5,2,12,1,47,3,10,7,1,7,14,1,10,1,4,,38,,1,21,121.5500341,25.0446049
113,8,28,8,49,2,04大安區,大安區安東街與忠孝東路3段251巷13弄口口,0,0,2,1,B01,8,6,5,30,4,1,1,5,4,5,13,4,4,10,4,5,2,15,1,54,3,10,7,1,7,9,1,3,1,1,,72,,1,21,121.5422392,25.0438431
113,8,28,8,49,2,04大安區,大安區安東街與忠孝東路3段251巷13弄口口,0,0,2,2,C03,8,6,5,30,4,1,1,5,4,5,13,4,4,10,4,5,2,15,1,40,2,9,5,1,7,9,1,10,1,14,,44,,1,21,121.5422392,25.0438431
113,8,28,8,49,2,04大安區,大安區安東街與忠孝東路3段251巷13弄口口,0,0,2,3,H02,8,6,5,30,4,1,1,5,4,5,13,4,4,10,4,5,2,15,1,6,2,9,4,5,7,20,8,20,10,16,,67,,1,21,121.5422392,25.0438431
113,8,28,8,55,2,10文山區,文山區仙岩路與興隆路2段86巷口口,0,0,1,1,F01,8,6,5,50,3,1,1,5,4,5,13,4,4,9,5,5,2,16,2,78,2,1,4,1,7,5,8,20,1,14,,8,,1,21,121.5490508,24.9992001
113,8,28,8,55,2,10文山區,文山區仙岩路與興隆路2段86巷口口,0,0,1,2,C03,8,6,5,50,3,1,1,5,4,5,13,4,4,9,5,5,2,16,1,44,3,10,5,1,7,9,1,10,1,11,,44,,1,21,121.5490508,24.9992001
113,8,28,9,15,2,05中正區,中正區重慶南路3段61號,0,0,2,2,C03,8,6,5,50,14,9,1,5,4,5,13,4,4,1,5,5,2,17,2,25,2,7,5,1,7,9,1,10,9,14,,44,,1,21,121.5162909,25.0265668
113,8,28,9,15,2,05中正區,中正區重慶南路3段61號,0,0,2,1,C03,8,6,5,50,14,9,1,5,4,5,13,4,4,1,5,5,2,17,2,67,2,8,6,1,7,15,1,10,9,11,,101,,1,21,121.5162909,25.0265668
113,8,28,9,30,2,06松山區,松山區三民路與三民路155巷口,0,0,1,1,A02,8,7,5,50,14,9,1,5,4,5,13,2,1,9,4,5,2,9,1,66,3,10,7,1,7,12,1,2,2,17,,42,,1,22,121.5631204,25.0615399