發生年度,發生月,發生日,發生時-Hours,發生分,處理別-編號,區序,肇事地點,死亡人數,2-30日死亡人數,受傷人數,當事人序號,車種,天候,道路照明設備,道路類別,速限-速度限制,道路型態,事故位置,路面狀況1,路面狀況2,路面狀況3,道路障礙1,道路障礙2,號誌1,號誌2,車道劃分-分向,車道劃分-分道1,車道劃分-分道2,車道劃分-分道3,事故類型及型態,性別,年齡,受傷程度,主要傷處,保護裝置,行動電話,車輛用途,當事者行動狀態,駕駛資格情形,駕駛執照種類,飲酒情形,車輛撞擊部位1,車輛撞擊部位2,肇因碼-個別,肇因碼-主要,個人肇逃否,職業,座標-X,座標-Y
113,8,28,9,30,2,06松山區,松山區三民路與三民路155巷口,0,0,1,2,H02,8,7,5,50,14,9,1,5,4,5,13,2,1,9,4,5,2,9,2,81,2,9,3,5,7,20,8,20,10,16,,67,,1,22,121.5631204,25.0615399
113,8,28,9,30,2,08士林區,士林區至善路3段129號,0,0,1,1,B03,8,6,5,50,14,9,1,5,4,5,13,4,4,4,4,4,2,17,1,61,3,10,3,4,7,11,1,8,1,7,,10,,1,21,121.5736439,25.1159751
113,8,28,9,30,2,08士林區,士林區至善路3段129號,0,0,1,2,C04,8,6,5,50,14,9,1,5,4,5,13,4,4,4,4,4,2,17,2,68,2,9,3,4,7,9,1,11,1,11,,44,,1,21,121.5736439,25.1159751
113,8,28,9,45,2,11南港區,南港區同德路忠孝醫院前(燈桿0403906),0,0,1,1,B03,8,7,5,50,14,9,1,5,4,5,13,4,4,5,4,5,2,12,1,50,3,10,3,1,7,13,1,8,1,4,,40,,1,21,121.5862095,25.0461312
113,8,28,9,45,2,11南港區,南港區同德路忠孝醫院前(燈桿0403906),0,0,1,2,C04,8,7,5,50,14,9,1,5,4,5,13,4,4,5,4,5,2,12,2,59,2,9,5,1,7,9,1,11,1,12,,44,,1,21,121.5862095,25.0461312
113,8,28,10,18,2,04大安區,大安區敦化南路2段57號,0,0,1,1,C03,8,5,5,50,14,8,1,5,4,5,13,4,4,10,4,1,2,17,2,29,2,9,3,4,7,9,1,10,1,11,,44,,1,21,121.5490358,25.0313093
113,8,28,10,18,2,04大安區,大安區敦化南路2段57號,0,0,1,2,C03,8,5,5,50,14,8,1,5,4,5,13,4,4,10,4,1,2,17,1,48,3,10,3,4,7,8,1,10,1,13,,44,,1,21,121.5490358,25.0313093
113,8,28,10,32,2,06松山區,松山區民生東路5段與新東街口,0,0,1,1,B03,8,6,5,50,4,1,1,5,4,5,13,2,1,5,4,5,2,12,1,56,3,10,7,1,7,9,1,8,1,2,,101,,1,21,121.5659321,25.0591122
113,8,28,10,32,2,06松山區,松山區民生東路5段與新東街口,0,0,1,2,F02,8,6,5,50,4,1,1,5,4,5,13,2,1,5,4,5,2,12,1,81,2,9,4,1,7,9,8,20,1,15,,101,,1,21,121.5659321,25.0591122
113,8,28,10,46,2,03中山區,中山區北安路554巷與北安路578巷8弄口,0,0,1,1,B01,8,6,5,50,4,1,1,5,4,5,13,1,1,9,5,5,2,16,1,58,3,10,3,4,7,5,1,4,1,4,,8,,1,22,121.5486015,25.08020184
113,8,28,10,46,2,03中山區,中山區北安路554巷與北安路578巷8弄口,0,0,1,2,C03,8,6,5,50,4,1,1,5,4,5,13,1,1,9,5,5,2,16,2,44,2,9,6,4,7,9,1,10,1,11,,44,,1,22,121.5486015,25.08020184
113,8,28,10,47,2,06松山區,松山區塔悠路與民生東路5段口,0,0,2,1,C03,8,6,5,50,3,1,1,5,4,5,13,2,1,1,4,5,2,1,1,67,2,9,6,1,7,5,1,10,2,12,,83,,1,22,121.5691494,25.0592182
113,8,28,10,47,2,06松山區,松山區塔悠路與民生東路5段口,0,0,2,2,H01,8,6,5,50,3,1,1,5,4,5,13,2,1,1,4,5,2,1,1,68,2,9,4,5,8,16,8,20,10,16,,67,,1,22,121.5691494,25.0592182
113,8,28,11,1,2,02萬華區,萬華區中華路2段與中華路2段606巷口,0,0,1,1,C03,8,6,5,50,4,1,1,5,4,5,13,2,1,5,4,4,2,17,1,34,3,10,5,1,7,5,1,10,1,17,,8,,1,26,121.5101345,25.02464839
113,8,28,11,1,2,02萬華區,萬華區中華路2段與中華路2段606巷口,0,0,1,2,C03,8,6,5,50,4,1,1,5,4,5,13,2,1,5,4,4,2,17,1,55,2,9,5,1,7,9,1,10,1,17,,44,,1,26,121.5101345,25.02464839
113,8,28,11,22,2,02萬華區,萬華區中華路1段與桂林路口,0,0,1,1,B03,8,6,5,50,5,1,1,5,4,5,13,1,1,8,3,1,1,17,2,21,3,10,7,1,7,6,1,8,1,2,,9,,1,21,121.5067507,25.03758541
113,8,28,11,22,2,02萬華區,萬華區中華路1段與桂林路口,0,0,1,2,C03,8,6,5,50,5,1,1,5,4,5,13,1,1,8,3,1,1,17,2,46,2,8,5,1,7,9,1,10,1,11,,44,,1,21,121.5067507,25.03758541
113,8,28,11,27,2,08士林區,士林區中山北路5段與福國路口,0,0,1,1,C03,8,6,5,50,3,2,1,5,4,5,13,1,1,10,4,5,1,17,1,25,3,10,6,1,7,5,1,10,1,13,,85,,1,21,121.5224974,25.05281241
113,8,28,11,27,2,08士林區,士林區中山北路5段與福國路口,0,0,1,2,C03,8,6,5,50,3,2,1,5,4,5,13,1,1,10,4,5,1,17,1,22,2,9,6,1,7,9,1,10,1,11,,44,,1,21,121.5224974,25.05281241
113,8,28,11,41,2,04大安區,大安區敦化南路1段與市民大道4段口,0,0,1,1,B03,8,7,5,50,4,1,1,5,4,5,13,2,1,1,4,5,1,16,1,30,3,10,3,4,7,6,1,8,1,6,,9,,1,21,121.5491637,25.0446774
113,8,28,11,41,2,04大安區,大安區敦化南路1段與市民大道4段口,0,0,1,2,C03,8,7,5,50,4,1,1,5,4,5,13,2,1,1,4,5,1,16,1,50,2,9,5,4,7,9,1,10,1,11,,42,,1,21,121.5491637,25.0446774
113,8,28,11,48,2,02萬華區,萬華區廣州街與西園路1段口,0,0,1,1,B01,8,6,5,50,4,1,1,5,4,5,13,2,1,1,5,5,2,16,1,64,3,10,7,1,7,5,1,4,1,1,,8,,1,26,121.4994666,25.03664889
113,8,28,11,48,2,02萬華區,萬華區廣州街與西園路1段口,0,0,1,2,F01,8,6,5,50,4,1,1,5,4,5,13,2,1,1,5,5,2,16,2,74,2,9,4,1,7,9,8,20,1,14,,44,,1,21,121.4994666,25.03664889
113,8,28,12,38,2,05中正區,中正區寧波西街1號與羅斯福路1段附近口,0,0,1,1,B03,8,6,5,50,4,2,1,5,4,5,13,1,1,10,4,5,1,17,2,41,4,11,3,4,7,21,7,19,11,15,,118,,2,22,121.5185287,25.0312433
113,8,28,12,38,2,05中正區,中正區寧波西街1號與羅斯福路1段附近口,0,0,1,2,C03,8,6,5,50,4,2,1,5,4,5,13,1,1,10,4,5,1,17,1,51,2,8,6,1,7,1,1,10,1,12,,19,,1,21,121.5185287,25.0312433
113,8,28,12,40,2,03中山區,中山區中山北路3段與德惠街口,0,0,1,1,C03,8,6,5,50,4,2,1,5,4,5,13,1,1,4,5,5,2,13,1,28,2,4,5,4,7,9,1,10,1,11,,108,,1,22,121.5225238,25.0666707
113,8,28,12,40,2,03中山區,中山區中山北路3段與德惠街口,0,0,1,2,C03,8,6,5,50,4,2,1,5,4,5,13,1,1,4,5,5,2,13,1,27,3,10,5,4,7,9,1,10,1,13,,44,,1,22,121.5225238,25.0666707
113,8,28,13,4,2,05中正區,中正區汀州路2段與同安街口,0,0,1,1,B03,8,6,6,50,4,1,1,5,4,5,13,2,1,5,2,5,2,13,1,36,3,10,7,1,7,9,1,8,2,8,,108,,1,21,121.5218537,25.0240554
113,8,28,13,4,2,05中正區,中正區汀州路2段與同安街口,0,0,1,2,C03,8,6,6,50,4,1,1,5,4,5,13,2,1,5,2,5,2,13,1,28,2,9,5,1,7,14,1,9,2,13,,44,,1,21,121.5218537,25.0240554
113,8,28,13,19,2,06松山區,松山區光復南路與光復南路58巷口,0,0,1,1,B02,8,6,5,50,3,1,1,5,4,5,13,4,4,1,4,5,2,16,1,67,3,10,7,1,7,6,1,8,1,5,,9,,1,22,121.557694,25.04572163
113,8,28,13,19,2,06松山區,松山區光復南路與光復南路58巷口,0,0,1,2,C03,8,6,5,50,3,1,1,5,4,5,13,4,4,1,4,5,2,16,2,48,2,9,6,1,7,9,1,10,1,14,,108,,1,22,121.557694,25.04572163
113,8,28,13,20,2,04大安區,大安區新生南路1段與新生南路1段133巷口,0,0,1,1,B13,8,5,5,50,3,2,1,5,4,5,13,4,4,1,5,5,2,16,1,40,3,10,7,1,7,6,1,8,1,5,,74,,1,21,121.5445307,25.03740354
113,8,28,13,20,2,04大安區,大安區新生南路1段與新生南路1段133巷口,0,0,1,2,C03,8,5,5,50,3,2,1,5,4,5,13,4,4,1,5,5,2,16,1,27,2,9,6,1,7,9,1,10,1,11,,14,,1,21,121.5445307,25.03740354
113,8,28,13,26,2,01大同區,大同區延平北路3段18巷與民權西路245巷口口,0,0,1,1,B11,8,6,5,30,4,1,1,5,4,5,13,4,4,10,5,5,2,15,1,60,3,10,7,1,7,9,1,4,2,1,,72,,1,21,121.5103583,25.0639404
113,8,28,13,26,2,01大同區,大同區延平北路3段18巷與民權西路245巷口口,0,0,1,2,C03,8,6,5,30,4,1,1,5,4,5,13,4,4,10,5,5,2,15,2,47,2,9,6,1,7,9,1,10,2,12,,44,,1,21,121.5103583,25.0639404
113,8,28,13,36,2,05中正區,中正區重慶南路1段與忠孝西路1段口,0,0,1,1,A02,8,6,5,50,4,1,1,5,4,5,13,1,1,10,4,5,2,12,1,57,3,10,7,1,7,15,1,2,2,2,,17,,1,21,121.513263,25.0470714
113,8,28,13,36,2,05中正區,中正區重慶南路1段與忠孝西路1段口,0,0,1,2,C03,8,6,5,50,4,1,1,5,4,5,13,1,1,10,4,5,2,12,2,30,2,8,6,1,7,15,1,10,2,14,,17,,1,21,121.513263,25.0470714
113,8,28,13,55,2,03中山區,中山區南京東路1段與新生北路1段口,0,0,1,1,B01,8,6,6,50,4,2,1,5,4,5,13,2,1,1,4,5,2,17,1,59,3,10,3,4,7,6,1,4,1,8,,9,,1,22,121.5275412,25.0519361
113,8,28,13,55,2,03中山區,中山區南京東路1段與新生北路1段口,0,0,1,2,F01,8,6,6,50,4,2,1,5,4,5,13,2,1,1,4,5,2,17,1,13,2,6,4,4,7,9,8,20,1,17,,44,,1,22,121.5275412,25.0519361
113,8,28,13,55,2,03中山區,中山區南京東路1段與新生北路1段口,0,0,1,3,B01,8,6,6,50,4,2,1,5,4,5,13,2,1,1,4,5,2,17,1,68,3,10,3,4,7,14,1,4,1,4,,38,,1,22,121.5275412,25.0519361
113,8,28,14,0,2,10文山區,文山區木柵路2段9號,0,0,1,1,C03,8,6,5,50,14,9,1,5,4,5,13,2,1,5,4,5,2,17,1,31,2,8,5,4,7,15,1,10,2,14,,42,,1,21,121.5591724,24.9888036
113,8,28,14,0,2,10文山區,文山區木柵路2段9號,0,0,1,2,B12,8,6,5,50,14,9,1,5,4,5,13,2,1,5,4,5,2,17,1,58,3,10,3,4,7,1,1,8,2,5,,19,,1,21,121.5591724,24.9888036
113,8,28,14,3,2,03中山區,中山區中山北路2段44號,0,0,1,1,C03,8,6,5,50,14,8,1,5,4,5,13,2,1,1,5,1,1,13,2,64,3,10,3,4,7,9,1,10,1,11,,108,,1,21,121.5225864,25.05517773
113,8,28,14,3,2,03中山區,中山區中山北路2段44號,0,0,1,2,C04,8,6,5,50,14,8,1,5,4,5,13,2,1,1,5,1,1,13,2,29,2,5,3,4,7,14,1,10,1,13,,44,,1,21,121.5225864,25.05517773
113,8,28,14,11,2,04大安區,大安區忠孝東路4段與敦化南路1段口,0,0,1,1,B03,8,7,5,50,4,2,1,5,4,5,13,2,1,2,4,5,1,13,1,26,3,10,3,4,7,14,1,8,1,1,,45,,1,21,121.5483051,25.041415
113,8,28,14,11,2,04大安區,大安區忠孝東路4段與敦化南路1段口,0,0,1,2,B03,8,7,5,50,4,2,1,5,4,5,13,2,1,2,4,5,1,13,1,71,2,1,3,4,7,9,1,8,1,3,,44,,1,21,121.5483051,25.041415
113,8,28,14,45,2,12內湖區,內湖區港墘路38號,0,0,1,1,C03,8,7,5,50,14,9,1,5,4,5,13,4,4,1,4,5,2,13,1,67,2,9,5,1,7,9,1,10,1,11,,108,,1,21,121.5781856,25.0824436
113,8,28,14,45,2,12內湖區,內湖區港墘路38號,0,0,1,2,B03,8,7,5,50,14,9,1,5,4,5,13,4,4,1,4,5,2,13,1,64,3,10,7,1,7,14,1,8,1,6,,44,,1,21,121.5781856,25.0824436
113,8,28,14,53,2,03中山區,中山區林森北路577號,0,0,1,1,B12,8,7,5,50,14,9,1,5,4,5,13,4,4,5,5,5,2,16,1,40,3,10,7,1,7,1,1,4,1,4,,19,,1,21,121.5257277,25.0656448
113,8,28,14,53,2,03中山區,中山區林森北路577號,0,0,1,2,C03,8,7,5,50,14,9,1,5,4,5,13,4,4,5,5,5,2,16,2,24,2,9,6,1,7,9,1,10,1,11,,44,,1,21,121.5257277,25.0656448
113,8,28,15,0,2,04大安區,大安區基隆路4段43號往北台科大停車場出入口,0,0,1,1,C03,8,5,5,50,14,9,1,5,4,5,13,4,4,10,5,5,2,17,2,25,2,8,3,4,7,9,1,10,2,11,,44,,1,21,121.5414884,25.01483145
113,8,28,15,0,2,04大安區,大安區基隆路4段43號往北台科大停車場出入口,0,0,1,2,C03,8,5,5,50,14,9,1,5,4,5,13,4,4,10,5,5,2,17,1,40,3,10,3,4,7,15,1,10,2,13,,44,,1,21,121.5414884,25.01483145
113,8,28,15,0,2,04大安區,大安區基隆路4段43號往北台科大停車場出入口,0,0,1,3,,8,5,5,50,14,9,1,5,4,5,13,4,4,10,5,5,2,17,3,0,,,,,,,,,,,,67,,,,121.5414884,25.01483145
113,8,28,15,8,2,07信義區,信義區永吉路326巷與虎林街70巷口,0,0,1,1,F01,6,5,5,30,3,2,1,4,4,5,13,4,4,9,4,5,2,17,2,61,2,8,4,1,7,5,8,20,1,14,,72,,1,22,121.5754753,25.0443756
113,8,28,15,8,2,07信義區,信義區永吉路326巷與虎林街70巷口,0,0,1,2,B03,6,5,5,30,3,2,1,4,4,5,13,4,4,9,4,5,2,17,1,31,3,10,7,1,7,9,1,4,1,1,,44,,1,22,121.5754753,25.0443756
113,8,28,15,55,2,07信義區,信義區忠孝東路5段與忠孝東路5段621巷口,0,0,1,1,B03,8,6,5,50,4,2,1,5,4,5,13,1,1,1,3,5,2,16,2,27,3,10,3,4,7,5,1,8,1,1,,71,,1,21,121.5792331,25.0416525
113,8,28,15,55,2,07信義區,信義區忠孝東路5段與忠孝東路5段621巷口,0,0,1,2,C03,8,6,5,50,4,2,1,5,4,5,13,1,1,1,3,5,2,16,1,43,2,8,6,1,7,9,1,10,1,14,,44,,1,21,121.5792331,25.0416525
113,8,28,16,2,2,07信義區,信義區忠孝東路4段與基隆路1段口,0,0,1,1,B01,7,5,5,50,4,2,1,5,4,5,13,2,1,1,4,5,2,17,1,26,3,10,7,1,7,6,1,4,1,2,,17,,1,22,121.5642373,25.0409746
113,8,28,16,2,2,07信義區,信義區忠孝東路4段與基隆路1段口,0,0,1,2,C03,7,5,5,50,4,2,1,5,4,5,13,2,1,1,4,5,2,17,1,43,2,8,5,1,7,6,1,10,1,14,,27,,1,22,121.5642373,25.0409746
113,8,28,16,5,2,06松山區,松山區民生東路4段54-2號,0,0,1,1,B01,8,7,5,30,14,9,1,5,4,5,13,4,4,9,4,5,2,11,1,57,3,10,3,4,7,9,1,8,1,1,,80,,1,22,121.5509374,25.05714001
113,8,28,16,5,2,06松山區,松山區民生東路4段54-2號,0,0,1,2,C03,8,7,5,30,14,9,1,5,4,5,13,4,4,9,4,5,2,11,2,36,2,9,5,4,7,1,1,10,1,14,,44,,1,22,121.5509374,25.05714001
113,8,28,16,21,2,07信義區,信義區忠孝東路4段547號,0,0,1,1,C03,8,6,5,50,14,9,1,5,4,5,13,4,4,8,5,5,2,13,1,76,2,9,5,1,7,9,1,10,1,14,,16,,1,21,121.5624084,25.0412888
113,8,28,16,21,2,07信義區,信義區忠孝東路4段547號,0,0,1,2,B12,8,6,5,50,14,9,1,5,4,5,13,4,4,8,5,5,2,13,1,62,3,10,3,4,7,14,1,8,1,7,,44,,1,21,121.5624084,25.0412888
113,8,28,16,24,2,07信義區,信義區松仁路與信義路5段150巷14弄口,0,0,1,1,B02,8,6,5,50,4,2,1,5,4,5,13,1,1,4,3,5,2,16,1,35,3,10,3,4,7,5,1,8,1,2,,71,,1,21,121.5683858,25.0285102
113,8,28,16,24,2,07信義區,信義區松仁路與信義路5段150巷14弄口,0,0,1,2,F03,8,6,5,50,4,2,1,5,4,5,13,1,1,4,3,5,2,16,2,63,2,9,4,1,7,9,8,20,9,11,,44,,1,21,121.5683858,25.0285102
113,8,28,17,15,2,08士林區,士林區中正路118號,0,0,1,1,C03,7,5,5,40,14,8,1,5,4,5,13,4,4,1,4,4,2,12,1,51,2,9,6,1,7,9,6,18,2,11,,13,,1,21,121.5291588,25.0961218
113,8,28,17,15,2,08士林區,士林區中正路118號,0,0,1,2,B12,7,5,5,40,14,8,1,5,4,5,13,4,4,1,4,4,2,12,1,47,3,10,7,1,7,1,1,8,2,7,,19,,1,21,121.5291588,25.0961218
113,8,28,17,30,2,08士林區,士林區德行西路94巷與德行西路口,0,0,2,1,F01,8,6,5,30,4,2,1,5,4,5,13,4,4,10,5,5,1,17,1,16,2,9,3,4,7,1,8,20,1,11,,19,,1,21,121.5213589,25.1042067
113,8,28,17,30,2,08士林區,士林區德行西路94巷與德行西路口,0,0,2,2,C03,8,6,5,30,4,2,1,5,4,5,13,4,4,10,5,5,1,17,1,35,2,9,3,4,7,6,1,10,1,11,,108,,1,21,121.5213589,25.1042067
113,8,28,17,33,2,05中正區,中正區中山南路與凱達格蘭大道口,0,0,1,1,B03,8,6,5,50,5,1,1,5,4,5,13,1,1,10,5,1,1,17,2,35,3,10,7,1,7,9,1,8,2,2,,81,,1,22,121.5173219,25.0392331
113,8,28,17,33,2,05中正區,中正區中山南路與凱達格蘭大道口,0,0,1,2,C03,8,6,5,50,5,1,1,5,4,5,13,1,1,10,5,1,1,17,2,34,2,9,6,1,7,9,1,10,2,14,,44,,1,22,121.5173219,25.0392331
113,8,28,17,40,2,12內湖區,內湖區文德路22巷53弄與江南街71巷75弄口,0,0,1,1,C03,8,5,5,30,4,1,1,5,4,5,13,4,4,10,5,5,2,15,1,45,2,9,5,1,7,9,1,9,1,11,,80,,1,21,121.5797285,25.07549425
113,8,28,17,40,2,12內湖區,內湖區文德路22巷53弄與江南街71巷75弄口,0,0,1,2,B03,8,5,5,30,4,1,1,5,4,5,13,4,4,10,5,5,2,15,1,43,3,10,7,1,7,9,1,8,1,4,,80,,1,21,121.5797285,25.07549425
113,8,28,18,48,2,08士林區,(士東路87-1號前),0,0,1,1,C03,7,5,5,50,14,9,1,5,4,5,13,2,1,8,3,5,1,12,2,68,2,7,5,1,7,15,1,10,1,12,,19,,1,22,121.5287397,25.1121216
113,8,28,18,48,2,08士林區,(士東路87-1號前),0,0,1,2,B03,7,5,5,50,14,9,1,5,4,5,13,2,1,8,3,5,1,12,1,47,3,10,3,4,7,9,1,8,1,5,,44,,1,22,121.5287397,25.1121216
113,8,28,18,53,2,03中山區,中山區南京西路1號,0,0,1,1,B01,8,5,5,40,14,7,1,5,4,5,13,4,4,2,4,4,2,12,1,49,3,10,7,1,7,1,1,4,1,8,,19,,1,21,121.5222469,25.05239005
113,8,28,18,53,2,03中山區,中山區南京西路1號,0,0,1,2,C03,8,5,5,40,14,7,1,5,4,5,13,4,4,2,4,4,2,12,1,21,2,8,6,1,7,9,1,10,1,11,,44,,1,21,121.5222469,25.05239005
113,8,28,19,17,2,08士林區,士林區承德路4段與大南路口,0,0,1,1,B03,8,5,5,50,5,2,1,5,4,5,13,2,1,1,4,5,1,17,1,45,3,10,7,1,7,8,1,8,2,6,,99,,1,21,121.5214983,25.0890272
113,8,28,19,17,2,08士林區,士林區承德路4段與大南路口,0,0,1,2,C03,8,5,5,50,5,2,1,5,4,5,13,2,1,1,4,5,1,17,1,50,2,9,5,1,7,7,1,10,2,14,,97,,1,21,121.5214983,25.0890272
113,8,28,19,23,2,05中正區,中正區汀州路3段與師大路口客家文化園區停車場車道口,0,0,1,1,B03,8,5,8,50,22,22,4,5,4,5,13,4,4,1,5,5,2,17,1,53,3,10,7,4,7,1,1,8,2,5,,19,,1,21,121.5247796,25.0207117
113,8,28,19,23,2,05中正區,中正區汀州路3段與師大路口客家文化園區停車場車道口,0,0,1,2,F01,8,5,8,50,22,22,4,5,4,5,13,4,4,1,5,5,2,17,2,29,2,9,4,4,7,9,8,20,2,14,,44,,1,21,121.5247796,25.0207117
113,8,28,19,25,2,05中正區,中正區思源街16號,0,0,1,1,C03,6,5,5,50,14,7,1,4,4,5,13,4,4,1,4,4,2,17,1,27,3,10,6,4,7,9,1,10,1,17,,30,,1,21,121.5311277,25.0142197
113,8,28,19,25,2,05中正區,中正區思源街16號,0,0,1,2,C03,6,5,5,50,14,7,1,4,4,5,13,4,4,1,4,4,2,17,2,34,2,7,6,4,7,9,1,10,1,12,,44,,1,21,121.5311277,25.0142197
113,8,28,20,10,2,05中正區,中正區市民大道3段8號,0,0,2,1,B03,8,5,5,40,14,9,1,5,4,5,13,4,4,1,4,5,1,12,1,25,3,10,7,1,7,9,1,8,2,2,,101,,1,22,121.5322433,25.0454627
113,8,28,20,10,2,05中正區,中正區市民大道3段8號,0,0,2,2,C03,8,5,5,40,14,9,1,5,4,5,13,4,4,1,4,5,1,12,1,22,2,9,6,1,7,9,1,9,2,14,,108,,1,22,121.5322433,25.0454627
113,8,28,20,10,2,05中正區,中正區市民大道3段8號,0,0,2,3,H02,8,5,5,40,14,9,1,5,4,5,13,4,4,1,4,5,1,12,2,22,2,9,6,5,7,20,8,20,10,16,,67,,1,22,121.5322433,25.0454627
113,8,28,22,4,2,01大同區,大同區鄭州路與鄭州路29巷口,0,0,1,1,C03,7,5,5,40,3,2,1,5,4,5,13,1,1,1,4,5,2,12,1,46,3,10,6,4,7,15,1,10,1,12,,80,,1,22,121.5143524,25.0492772
113,8,28,22,4,2,01大同區,大同區鄭州路與鄭州路29巷口,0,0,1,2,C03,7,5,5,40,3,2,1,5,4,5,13,1,1,1,4,5,2,12,2,22,2,9,6,4,7,9,1,10,1,14,,44,,1,22,121.5143524,25.0492772
113,8,28,22,24,2,03中山區,中山區民權東路2段81號,0,0,1,1,B03,8,6,5,50,14,9,1,5,4,5,13,4,4,1,4,5,2,12,1,41,3,10,7,1,7,7,1,8,1,4,,101,,1,22,121.532066,25.0625939
113,8,28,22,24,2,03中山區,中山區民權東路2段81號,0,0,1,2,C03,8,6,5,50,14,9,1,5,4,5,13,4,4,1,4,5,2,12,1,35,2,9,6,1,7,9,1,10,1,12,,108,,1,22,121.532066,25.0625939
113,8,28,22,24,2,03中山區,中山區民權東路2段81號,0,0,1,3,C03,8,6,5,50,14,9,1,5,4,5,13,4,4,1,4,5,2,12,1,29,3,10,6,1,7,9,1,10,1,11,,44,,1,22,121.532066,25.0625939
113,8,28,22,24,2,03中山區,中山區民權東路2段81號,0,0,1,4,B02,8,6,5,50,14,9,1,5,4,5,13,4,4,1,4,5,2,12,1,26,3,10,7,1,7,3,1,8,1,17,,44,,1,22,121.532066,25.0625939
113,8,28,22,43,2,07信義區,信義區市民大道5段與東寧路口,0,0,1,1,C03,8,5,5,40,3,2,1,5,4,5,13,2,1,1,4,5,2,17,2,22,3,10,5,4,7,15,1,10,9,17,,119,,2,21,121.5629247,25.047164
113,8,28,22,43,2,07信義區,信義區市民大道5段與東寧路口,0,0,1,2,C03,8,5,5,40,3,2,1,5,4,5,13,2,1,1,4,5,2,17,1,28,2,9,6,1,7,9,1,10,1,12,,44,,1,22,121.5629247,25.047164
113,8,28,23,9,2,03中山區,中山區中山北路2段與民生西路口,0,0,2,1,C03,8,5,5,50,4,1,1,5,4,5,13,2,1,1,4,5,2,15,1,29,2,9,6,1,7,9,1,10,1,12,,85,,1,21,121.5227295,25.0579438
113,8,28,23,9,2,03中山區,中山區中山北路2段與民生西路口,0,0,2,2,C03,8,5,5,50,4,1,1,5,4,5,13,2,1,1,4,5,2,15,2,26,2,9,6,1,7,9,1,10,1,11,,44,,1,21,121.5227295,25.0579438
113,8,28,23,22,2,02萬華區,萬華區昆明街與廣州街口,0,0,1,1,B03,7,5,5,50,4,2,1,5,4,5,13,1,1,10,3,5,2,3,1,69,3,10,7,1,7,5,1,8,2,1,,70,,1,21,121.5035588,25.0366137
113,8,28,23,22,2,02萬華區,萬華區昆明街與廣州街口,0,0,1,2,H01,7,5,5,50,4,2,1,5,4,5,13,1,1,10,3,5,2,3,2,59,2,9,4,5,8,16,8,20,10,16,,67,,1,21,121.5035588,25.0366137
113,8,29,7,9,2,03中山區,中山區民生東路1段與新生北路2段口,0,0,2,1,B03,8,7,5,50,4,1,1,5,4,5,13,2,1,5,4,5,2,16,1,19,3,10,3,4,7,6,3,18,1,6,,9,,1,21,121.5273325,25.0580381
113,8,29,7,9,2,03中山區,中山區民生東路1段與新生北路2段口,0,0,2,2,C03,8,7,5,50,4,1,1,5,4,5,13,2,1,5,4,5,2,16,1,24,2,9,6,4,7,9,1,10,1,14,,44,,1,21,121.5273325,25.0580381
113,8,29,7,9,2,03中山區,中山區民生東路1段與新生北路2段口,0,0,2,3,H02,8,7,5,50,4,1,1,5,4,5,13,2,1,5,4,5,2,16,2,23,2,9,6,5,7,20,8,20,10,16,,67,,1,21,121.5273325,25.0580381
113,8,29,7,13,2,02萬華區,萬華區西昌街與康定路172巷口,0,0,1,1,C03,8,6,5,30,3,1,1,5,4,5,13,4,4,9,5,4,2,5,1,64,4,11,3,4,7,6,7,19,11,11,,119,,2,22,121.5012007,25.0392999
113,8,29,7,13,2,02萬華區,萬華區西昌街與康定路172巷口,0,0,1,2,H03,8,6,5,30,3,1,1,5,4,5,13,4,4,9,5,4,2,5,2,63,2,8,4,5,8,20,8,20,10,16,,67,,1,21,121.5012007,25.0392999
113,8,29,7,18,2,09北投區,北投區榮華三路與榮華三路41巷口,0,0,1,1,B03,8,5,5,30,4,1,1,5,4,5,13,4,4,7,4,5,1,15,1,70,3,10,7,1,7,9,1,8,2,5,,75,,1,21,121.5206883,25.1140664
113,8,29,7,18,2,09北投區,北投區榮華三路與榮華三路41巷口,0,0,1,2,C03,8,5,5,30,4,1,1,5,4,5,13,4,4,7,4,5,1,15,2,72,2,8,5,1,7,9,1,10,2,14,,14,,1,21,121.5206883,25.1140664
113,8,29,7,20,2,05中正區,中正區忠孝西路1段北門旁,0,0,1,1,C03,8,6,5,50,14,9,1,5,4,5,13,4,4,1,4,5,2,12,2,22,2,9,5,1,7,7,1,10,2,14,,100,,1,22,121.5118098,25.04768562
113,8,29,7,20,2,05中正區,中正區忠孝西路1段北門旁,0,0,1,2,B03,8,6,5,50,14,9,1,5,4,5,13,4,4,1,4,5,2,12,1,42,3,10,7,1,7,9,1,8,2,2,,44,,1,22,121.5118098,25.04768562
113,8,29,7,32,2,12內湖區,內湖區基湖路與瑞光路口,0,0,1,1,C03,8,5,5,50,3,1,1,5,4,5,13,1,1,5,5,5,2,17,2,44,2,8,5,1,7,15,1,10,1,11,,16,,1,21,121.5650652,25.0808365
113,8,29,7,32,2,12內湖區,內湖區基湖路與瑞光路口,0,0,1,2,B03,8,5,5,50,3,1,1,5,4,5,13,1,1,5,5,5,2,17,1,43,3,10,7,1,7,9,1,8,1,6,,44,,1,21,121.5650652,25.0808365
113,8,29,7,32,2,12內湖區,內湖區基湖路與瑞光路口,0,0,1,3,B03,8,5,5,50,3,1,1,5,4,5,13,1,1,5,5,5,2,17,1,30,3,10,7,1,7,15,1,8,1,17,,71,,1,21,121.5650652,25.0808365