發生年度,發生月,發生日,發生時-Hours,發生分,處理別-編號,區序,肇事地點,死亡人數,2-30日死亡人數,受傷人數,當事人序號,車種,天候,道路照明設備,道路類別,速限-速度限制,道路型態,事故位置,路面狀況1,路面狀況2,路面狀況3,道路障礙1,道路障礙2,號誌1,號誌2,車道劃分-分向,車道劃分-分道1,車道劃分-分道2,車道劃分-分道3,事故類型及型態,性別,年齡,受傷程度,主要傷處,保護裝置,行動電話,車輛用途,當事者行動狀態,駕駛資格情形,駕駛執照種類,飲酒情形,車輛撞擊部位1,車輛撞擊部位2,肇因碼-個別,肇因碼-主要,個人肇逃否,職業,座標-X,座標-Y
113,8,29,7,34,2,08士林區,士林區承德路4段與大南路口,0,0,1,1,B03,8,6,5,50,4,1,1,5,4,5,13,2,1,1,4,5,1,12,2,45,3,10,7,1,7,9,1,8,2,2,,17,,1,21,121.5216035,25.08886386
113,8,29,7,34,2,08士林區,士林區承德路4段與大南路口,0,0,1,2,C03,8,6,5,50,4,1,1,5,4,5,13,2,1,1,4,5,1,12,1,64,2,9,5,1,7,15,1,10,1,14,,17,,1,21,121.5216035,25.08886386
113,8,29,7,37,2,03中山區,中山區民權東路3段4號,0,0,1,1,C02,8,7,5,50,14,9,1,5,4,5,13,4,4,1,4,5,2,13,1,49,2,9,6,1,7,9,3,18,2,11,,108,,1,21,121.5388147,25.06207
113,8,29,7,37,2,03中山區,中山區民權東路3段4號,0,0,1,2,B03,8,7,5,50,14,9,1,5,4,5,13,4,4,1,4,5,2,13,1,49,3,10,7,1,7,14,1,8,2,7,,44,,1,21,121.5388147,25.06207
113,8,29,7,38,2,05中正區,中正區新生南路1段170巷與新生南路1段口口,0,0,2,1,C03,8,5,5,50,3,2,1,5,4,5,13,4,4,1,4,1,1,17,2,46,2,9,5,1,7,6,1,10,2,13,,9,,1,21,121.5325405,25.0342361
113,8,29,7,38,2,05中正區,中正區新生南路1段170巷與新生南路1段口口,0,0,2,2,C03,8,5,5,50,3,2,1,5,4,5,13,4,4,1,4,1,1,17,1,62,2,9,5,1,7,9,1,9,2,11,,44,,1,21,121.5325405,25.0342361
113,8,29,8,4,2,04大安區,大安區建國南路1段57-1號,0,0,1,1,C03,8,6,5,50,14,9,1,5,4,5,13,4,4,10,3,5,2,17,2,64,2,9,5,1,7,7,1,10,1,14,,100,,1,21,121.536883,25.0443053
113,8,29,8,4,2,04大安區,大安區建國南路1段57-1號,0,0,1,2,B03,8,6,5,50,14,9,1,5,4,5,13,4,4,10,3,5,2,17,1,54,3,10,7,1,7,9,1,8,1,2,,44,,1,21,121.536883,25.0443053
113,8,29,8,10,2,12內湖區,內湖區潭美街195號,0,0,1,1,C03,8,7,8,40,14,9,1,5,4,5,13,4,4,9,5,5,2,17,1,51,2,9,5,1,7,9,1,10,1,11,,108,,1,21,121.5830517,25.0550474
113,8,29,8,10,2,12內湖區,內湖區潭美街195號,0,0,1,2,B03,8,7,8,40,14,9,1,5,4,5,13,4,4,9,5,5,2,17,1,28,3,10,3,1,7,13,3,18,9,3,,38,,1,21,121.5830517,25.0550474
113,8,29,8,23,2,07信義區,信義區光復南路與市民大道5段口,0,0,1,1,C03,8,6,5,50,5,2,1,5,4,5,13,1,1,3,3,5,2,16,2,21,2,8,6,1,7,6,1,9,1,12,,71,,1,21,121.5578852,25.0450702
113,8,29,8,23,2,07信義區,信義區光復南路與市民大道5段口,0,0,1,2,B03,8,6,5,50,5,2,1,5,4,5,13,1,1,3,3,5,2,16,1,24,3,10,3,4,7,9,1,8,1,8,,44,,1,21,121.5578852,25.0450702
113,8,29,8,35,2,12內湖區,內湖區內湖路1段91巷與內湖路1段91巷24弄口,0,0,2,1,C03,8,7,5,30,3,1,1,5,4,5,13,4,4,10,5,5,2,15,2,57,2,9,6,1,7,9,1,10,2,11,,72,,1,21,121.5618556,25.08535014
113,8,29,8,35,2,12內湖區,內湖區內湖路1段91巷與內湖路1段91巷24弄口,0,0,2,2,C03,8,7,5,30,3,1,1,5,4,5,13,4,4,10,5,5,2,15,1,34,2,7,6,1,7,9,1,8,2,12,,14,,1,21,121.5618556,25.08535014
113,8,29,8,42,2,03中山區,中山區民權東路2段136號,0,0,2,1,C03,8,7,5,50,14,9,1,5,4,5,13,1,1,1,4,5,2,12,1,19,2,8,5,1,7,9,3,18,1,14,,16,,1,21,121.5327834,25.0623967
113,8,29,8,42,2,03中山區,中山區民權東路2段136號,0,0,2,2,C03,8,7,5,50,14,9,1,5,4,5,13,1,1,1,4,5,2,12,1,40,2,7,5,1,7,12,1,10,1,12,,44,,1,21,121.5327834,25.0623967
113,8,29,8,49,2,04大安區,大安區芳蘭路與基隆路4段41巷68弄口,0,0,1,1,B03,8,6,5,30,22,18,1,5,4,5,13,1,1,10,5,5,2,3,1,50,3,10,7,1,7,5,1,8,1,1,,70,,1,21,121.5442344,25.0117779
113,8,29,8,49,2,04大安區,大安區芳蘭路與基隆路4段41巷68弄口,0,0,1,2,H01,8,6,5,30,22,18,1,5,4,5,13,1,1,10,5,5,2,3,2,24,2,9,4,5,8,16,8,20,10,16,,67,,1,21,121.5442344,25.0117779
113,8,29,8,50,2,01大同區,大同區昌吉街與昌吉街99巷口口,0,0,2,1,F07,8,6,5,50,3,1,1,5,4,5,13,4,4,9,5,5,2,16,2,25,2,7,4,1,7,9,8,20,1,17,,4,,1,21,121.5115642,25.0659939
113,8,29,8,50,2,01大同區,大同區昌吉街與昌吉街99巷口口,0,0,2,2,C03,8,6,5,50,3,1,1,5,4,5,13,4,4,9,5,5,2,16,1,51,2,9,6,1,7,6,1,10,1,12,,108,,1,21,121.5115642,25.0659939
113,8,29,8,54,2,03中山區,中山區民權東路2段與吉林路口,0,0,1,1,C03,8,5,5,50,4,1,1,5,4,5,13,4,4,1,4,5,2,16,1,32,3,10,3,4,7,6,1,10,9,14,,44,,1,21,121.5301353,25.06253817
113,8,29,8,54,2,03中山區,中山區民權東路2段與吉林路口,0,0,1,2,C03,8,5,5,50,4,1,1,5,4,5,13,4,4,1,4,5,2,16,1,36,2,7,3,4,7,9,1,10,9,12,,16,,1,21,121.5301353,25.06253817
113,8,29,8,56,2,05中正區,中正區愛國西路與公園路口,0,0,1,1,B01,8,6,5,50,4,1,1,5,4,5,13,1,1,1,4,5,2,15,1,52,3,10,7,1,7,9,1,4,2,2,,81,,1,21,121.5147342,25.0347938
113,8,29,8,56,2,05中正區,中正區愛國西路與公園路口,0,0,1,2,C03,8,6,5,50,4,1,1,5,4,5,13,1,1,1,4,5,2,15,1,27,2,9,5,1,7,9,1,10,2,11,,44,,1,21,121.5147342,25.0347938
113,8,29,9,0,2,10文山區,文山區木柵路3段與秀明路1段口,0,0,1,1,C03,8,5,5,50,4,2,1,5,4,5,13,2,1,5,4,5,2,13,2,36,2,8,6,1,7,9,1,10,1,11,,42,,1,22,121.5710931,24.9913292
113,8,29,9,0,2,10文山區,文山區木柵路3段與秀明路1段口,0,0,1,2,B03,8,5,5,50,4,2,1,5,4,5,13,2,1,5,4,5,2,13,1,40,3,10,7,1,7,9,1,8,1,7,,44,,1,22,121.5710931,24.9913292
113,8,29,9,4,2,02萬華區,萬華區桂林路246巷與和平西路3段309巷15弄口,0,0,2,1,C03,8,6,5,30,3,1,1,5,4,5,13,4,4,10,5,4,2,16,2,48,2,9,6,1,7,6,1,10,2,12,,9,,1,22,121.491394,25.0360361
113,8,29,9,4,2,02萬華區,萬華區桂林路246巷與和平西路3段309巷15弄口,0,0,2,2,C03,8,6,5,30,3,1,1,5,4,5,13,4,4,10,5,4,2,16,2,40,2,9,6,1,7,9,1,10,2,14,,108,,1,22,121.491394,25.0360361
113,8,29,9,5,2,01大同區,大同區哈密街73號,0,0,2,1,C03,8,6,5,50,14,9,4,5,4,5,13,4,4,8,5,5,2,17,1,26,2,7,6,1,7,11,1,10,1,14,,10,,1,21,121.5151576,25.0729923
113,8,29,9,5,2,01大同區,大同區哈密街73號,0,0,2,2,C03,8,6,5,50,14,9,4,5,4,5,13,4,4,8,5,5,2,17,1,54,2,8,6,1,7,9,1,10,1,12,,44,,1,21,121.5151576,25.0729923
113,8,29,9,7,2,12內湖區,內湖區金莊路與金豐街口涵洞內,0,0,2,1,C03,7,7,8,50,9,9,1,5,4,5,13,4,4,1,5,5,2,29,1,71,2,9,5,1,7,9,1,10,1,11,,108,,1,21,121.5877366,25.065682
113,8,29,9,7,2,12內湖區,內湖區金莊路與金豐街口涵洞內,0,0,2,2,,7,7,8,50,9,9,1,5,4,5,13,4,4,1,5,5,2,29,3,0,,,,,,,,,,,,67,,1,,121.5877366,25.065682
113,8,29,9,7,2,12內湖區,內湖區金莊路與金豐街口涵洞內,0,0,2,3,H02,7,7,8,50,9,9,1,5,4,5,13,4,4,1,5,5,2,29,2,67,2,9,5,5,7,20,8,20,10,16,,67,,1,21,121.5877366,25.065682
113,8,29,9,7,2,12內湖區,內湖區金莊路與金豐街口涵洞內,0,0,2,4,A41,7,7,8,50,9,9,1,5,4,5,13,4,4,1,5,5,2,29,1,56,3,10,7,1,7,9,1,5,9,15,,37,,1,21,121.5877366,25.065682
113,8,29,9,57,2,09北投區,北投區吉利街與石牌路1段39巷口,0,0,2,1,C03,8,6,5,30,3,1,1,5,4,5,13,4,4,9,5,5,2,16,2,61,2,7,6,1,7,6,1,10,2,12,,101,,1,21,121.5083689,25.11859348
113,8,29,9,57,2,09北投區,北投區吉利街與石牌路1段39巷口,0,0,2,2,C03,8,6,5,30,3,1,1,5,4,5,13,4,4,9,5,5,2,16,2,21,2,9,6,1,7,9,1,10,2,14,,13,,1,21,121.5083689,25.11859348
113,8,29,10,2,2,04大安區,大安區信義路4段與信義路4段294巷口,0,0,1,1,H01,8,6,5,50,4,19,1,5,4,5,13,2,1,1,4,5,1,3,2,65,3,10,4,5,8,18,8,20,10,16,,121,,1,21,121.5545042,25.0330932
113,8,29,10,2,2,04大安區,大安區信義路4段與信義路4段294巷口,0,0,1,2,C03,8,6,5,50,4,19,1,5,4,5,13,2,1,1,4,5,1,3,2,69,2,9,3,4,7,5,1,10,1,15,,108,,1,21,121.5545042,25.0330932
113,8,29,10,21,2,01大同區,大同區民權西路與延平北路3段口口,0,0,1,1,B12,8,6,5,50,4,1,1,5,4,5,13,2,1,1,5,5,2,13,1,47,3,10,7,1,7,5,1,8,2,6,,8,,1,21,121.5111307,25.0630295
113,8,29,10,21,2,01大同區,大同區民權西路與延平北路3段口口,0,0,1,2,C03,8,6,5,50,4,1,1,5,4,5,13,2,1,1,5,5,2,13,2,70,2,9,5,1,7,9,1,10,2,11,,44,,1,21,121.5111307,25.0630295
113,8,29,10,22,2,09北投區,北投區承德路7段139號旁,0,0,1,2,C03,8,6,5,50,14,9,1,5,4,5,13,4,4,1,4,5,2,17,1,26,2,9,6,1,7,15,1,10,9,11,,42,,1,22,121.5084253,25.1130115
113,8,29,10,22,2,09北投區,北投區承德路7段139號旁,0,0,1,1,B01,8,6,5,50,14,9,1,5,4,5,13,4,4,1,4,5,2,17,1,46,3,10,7,1,7,15,1,4,9,2,,42,,1,22,121.5084253,25.1130115
113,8,29,10,24,2,01大同區,大同區長安西路與南京西路64巷口,0,0,2,1,C03,8,6,5,50,3,1,1,5,4,5,13,1,1,5,4,5,2,17,1,18,2,9,6,1,7,9,1,10,2,14,,16,,1,21,121.5182108,25.0505826
113,8,29,10,24,2,01大同區,大同區長安西路與南京西路64巷口,0,0,2,2,C03,8,6,5,50,3,1,1,5,4,5,13,1,1,5,4,5,2,17,1,53,2,9,6,1,7,15,1,10,2,12,,44,,1,23,121.5182108,25.0505826
113,8,29,10,24,2,05中正區,中正區鎮江街與鎮江街1巷口,0,0,2,1,C03,8,6,5,50,3,1,1,5,4,5,13,4,4,9,5,5,2,16,1,21,2,9,6,1,7,5,1,10,2,11,,98,,1,21,121.5215021,25.0446381
113,8,29,10,24,2,05中正區,中正區鎮江街與鎮江街1巷口,0,0,2,2,C03,8,6,5,50,3,1,1,5,4,5,13,4,4,9,5,5,2,16,1,31,2,9,6,1,7,9,1,10,2,14,,44,,1,21,121.5215021,25.0446381
113,8,29,10,25,2,02萬華區,萬華區康定路與環河南路1段口,0,0,2,1,C03,8,6,5,50,3,2,1,5,4,5,13,2,1,5,5,5,1,17,1,43,2,9,3,4,7,9,1,10,1,11,,108,,1,22,121.5033779,25.0463591
113,8,29,10,25,2,02萬華區,萬華區康定路與環河南路1段口,0,0,2,2,C03,8,6,5,50,3,2,1,5,4,5,13,2,1,5,5,5,1,17,2,23,2,9,3,4,7,15,3,18,1,13,,44,,1,22,121.5033779,25.0463591
113,8,29,10,25,2,02萬華區,萬華區康定路與環河南路1段口,0,0,2,3,C03,8,6,5,50,3,2,1,5,4,5,13,2,1,5,5,5,1,17,1,29,3,10,3,4,7,9,1,10,1,12,,44,,1,22,121.5033779,25.0463591
113,8,29,10,27,2,11南港區,南港區南港路1段與興中路口口,0,0,1,1,C03,8,7,5,50,4,2,1,5,4,5,13,1,1,5,4,5,2,17,1,19,2,8,5,1,7,5,1,10,1,11,,71,,1,21,121.6075664,25.0544906
113,8,29,10,27,2,11南港區,南港區南港路1段與興中路口口,0,0,1,2,A11,8,7,5,50,4,2,1,5,4,5,13,1,1,5,4,5,2,17,1,59,3,10,7,1,7,9,1,7,1,8,,44,,1,21,121.6075664,25.0544906
113,8,29,10,46,2,09北投區,北投區北投路2段與大興街口,0,0,1,1,C03,8,7,5,50,4,1,1,5,4,5,13,2,1,5,4,4,2,16,2,72,2,9,6,1,7,1,1,10,1,14,,19,,1,22,121.4996333,25.1302436
113,8,29,10,46,2,09北投區,北投區北投路2段與大興街口,0,0,1,2,C03,8,7,5,50,4,1,1,5,4,5,13,2,1,5,4,4,2,16,1,19,3,10,6,1,7,9,1,10,1,12,,44,,1,22,121.4996333,25.1302436
113,8,29,10,50,2,04大安區,大安區敦化南路2段63巷與敦化南路2段口,0,0,2,1,B03,8,5,5,50,4,2,1,5,4,5,13,1,1,1,3,1,2,17,1,32,3,10,7,1,7,5,1,8,1,2,,71,,1,21,121.5489921,25.0309648
113,8,29,10,50,2,04大安區,大安區敦化南路2段63巷與敦化南路2段口,0,0,2,3,C03,8,5,5,50,4,2,1,5,4,5,13,1,1,1,3,1,2,17,1,39,2,9,5,1,7,9,1,10,1,11,,16,,1,21,121.5489921,25.0309648
113,8,29,10,50,2,04大安區,大安區敦化南路2段63巷與敦化南路2段口,0,0,2,2,C03,8,5,5,50,4,2,1,5,4,5,13,1,1,1,3,1,2,17,1,38,2,9,5,1,7,9,1,10,1,11,,44,,1,21,121.5489921,25.0309648
113,8,29,10,55,2,03中山區,中山區復興南路1段2號,0,0,1,1,C03,8,6,5,50,14,9,1,5,4,5,12,4,4,1,4,5,2,12,1,52,3,10,5,4,7,9,1,10,1,12,,100,,1,22,121.5438454,25.0471534
113,8,29,10,55,2,03中山區,中山區復興南路1段2號,0,0,1,2,C03,8,6,5,50,14,9,1,5,4,5,12,4,4,1,4,5,2,12,1,27,2,9,5,4,7,9,1,10,1,14,,44,,1,22,121.5438454,25.0471534
113,8,29,10,55,2,09北投區,北投區立德路1號,0,0,2,1,B03,8,5,5,50,14,9,1,5,4,5,13,4,4,9,4,5,1,17,1,38,3,10,7,1,7,11,1,8,1,5,,11,,1,21,121.4715124,25.1244517
113,8,29,10,55,2,09北投區,北投區立德路1號,0,0,2,2,C03,8,5,5,50,14,9,1,5,4,5,13,4,4,9,4,5,1,17,1,77,2,8,5,1,7,9,1,10,1,11,,44,,1,21,121.4715124,25.1244517
113,8,29,10,55,2,09北投區,北投區立德路1號,0,0,2,3,H02,8,5,5,50,14,9,1,5,4,5,13,4,4,9,4,5,1,17,2,73,2,7,3,5,7,20,8,20,10,17,,67,,1,21,121.4715124,25.1244517
113,8,29,11,5,2,03中山區,中山區中山北路2段136號,0,0,1,1,C03,8,6,5,50,14,9,1,5,4,5,13,4,4,1,4,1,2,13,2,19,2,9,5,1,7,9,1,10,1,11,,16,,1,21,121.5227851,25.0615282
113,8,29,11,5,2,03中山區,中山區中山北路2段136號,0,0,1,2,C03,8,6,5,50,14,9,1,5,4,5,13,4,4,1,4,1,2,13,1,19,3,10,5,1,7,9,1,10,1,13,,44,,1,21,121.5227851,25.0615282
113,8,29,11,5,2,03中山區,中山區中山北路2段136號,0,0,1,3,A02,8,6,5,50,14,9,1,5,4,5,13,4,4,1,4,1,2,13,1,42,3,10,7,1,7,8,1,2,9,17,,100,,1,22,121.5227851,25.0615282
113,8,29,12,21,2,09北投區,北投區中央北路3段40巷19弄與中央北路3段102巷口,0,0,3,1,C03,8,6,5,30,3,1,1,5,4,5,13,4,4,10,5,5,2,17,2,36,2,8,6,1,7,5,1,10,1,11,,8,,1,21,121.4838585,25.1382953
113,8,29,12,21,2,09北投區,北投區中央北路3段40巷19弄與中央北路3段102巷口,0,0,3,2,C03,8,6,5,30,3,1,1,5,4,5,13,4,4,10,5,5,2,17,1,51,2,8,6,1,7,9,1,10,1,11,,14,,1,21,121.4838585,25.1382953
113,8,29,12,21,2,09北投區,北投區中央北路3段40巷19弄與中央北路3段102巷口,0,0,3,3,H02,8,6,5,30,3,1,1,5,4,5,13,4,4,10,5,5,2,17,2,31,2,7,6,5,7,20,8,20,10,16,,67,,1,21,121.4838585,25.1382953
113,8,29,12,21,2,09北投區,北投區中央北路3段40巷19弄與中央北路3段102巷口,0,0,3,4,B03,8,6,5,30,3,1,1,5,4,5,13,4,4,10,5,5,2,17,1,40,3,10,3,4,7,14,1,7,9,17,,38,,1,26,121.4838585,25.1382953
113,8,29,13,0,2,09北投區,北投區知行路17號,0,0,1,1,C03,8,5,5,50,14,9,1,5,4,5,13,4,4,5,5,5,2,13,1,18,2,7,5,1,7,9,1,10,1,11,,16,,1,21,121.4654458,25.1185265
113,8,29,13,0,2,09北投區,北投區知行路17號,0,0,1,2,B03,8,5,5,50,14,9,1,5,4,5,13,4,4,5,5,5,2,13,2,52,3,10,7,1,7,9,1,8,1,7,,44,,1,21,121.4654458,25.1185265
113,8,29,13,35,2,06松山區,松山區光復北路11巷29號,0,0,1,1,B01,8,7,5,30,14,9,1,5,4,5,13,4,4,9,4,5,2,12,1,56,3,10,7,4,7,1,1,4,1,8,,19,,1,22,121.5585671,25.04939935
113,8,29,13,35,2,06松山區,松山區光復北路11巷29號,0,0,1,2,C03,8,7,5,30,14,9,1,5,4,5,13,4,4,9,4,5,2,12,2,49,2,8,6,4,7,9,1,10,1,12,,16,,1,22,121.5585671,25.04939935
113,8,29,13,36,2,08士林區,士林區雨聲街與忠義街口,0,0,1,1,B02,7,6,5,50,14,9,1,5,4,5,13,4,4,5,5,5,2,17,1,30,3,10,3,4,7,6,1,8,11,2,,9,,2,22,121.5312303,25.1049151
113,8,29,13,36,2,08士林區,士林區雨聲街與忠義街口,0,0,1,2,C03,7,6,5,50,14,9,1,5,4,5,13,4,4,5,5,5,2,17,2,40,2,8,5,1,7,9,1,10,2,11,,44,,1,22,121.5312303,25.1049151
113,8,29,14,0,2,11南港區,南港區忠孝東路7段553號,0,0,1,1,B12,8,7,5,40,14,12,1,5,4,5,13,4,4,5,4,5,2,13,1,44,3,10,7,1,7,14,1,8,1,7,,38,,1,21,121.6131592,25.0529191
113,8,29,14,0,2,11南港區,南港區忠孝東路7段553號,0,0,1,2,C04,8,7,5,40,14,12,1,5,4,5,13,4,4,5,4,5,2,13,1,31,2,9,5,1,7,8,1,8,1,11,,108,,1,21,121.6131592,25.0529191
113,8,29,14,9,2,01大同區,大同區雙連街與萬全街口,0,0,1,1,C03,6,6,5,30,4,1,1,4,4,5,13,4,4,9,4,5,2,15,2,41,2,9,5,1,7,9,1,10,1,12,,80,,1,21,121.5190468,25.0585524
113,8,29,14,9,2,01大同區,大同區雙連街與萬全街口,0,0,1,2,B03,6,6,5,30,4,1,1,4,4,5,13,4,4,9,4,5,2,15,1,58,3,10,7,1,7,9,1,8,1,1,,14,,1,21,121.5190468,25.0585524
113,8,29,14,12,2,01大同區,大同區重慶北路3段與敦煌路口,0,0,1,1,B03,6,6,5,50,5,1,1,4,4,5,13,4,4,1,5,5,2,17,1,32,3,10,7,4,7,6,1,8,11,17,,119,,2,21,121.5136986,25.0763861
113,8,29,14,12,2,01大同區,大同區重慶北路3段與敦煌路口,0,0,1,2,C03,6,6,5,50,5,1,1,4,4,5,13,4,4,1,5,5,2,17,2,32,2,9,6,1,7,9,1,10,2,14,,44,,1,21,121.5136986,25.0763861
113,8,29,14,12,2,01大同區,大同區重慶北路3段與敦煌路口,0,0,1,3,A11,6,6,5,50,5,1,1,4,4,5,13,4,4,1,5,5,2,17,1,37,3,10,7,1,7,14,1,3,9,17,,44,,1,21,121.5136986,25.0763861
113,8,29,14,31,2,06松山區,松山區富錦街與新中街口,0,0,1,1,B03,7,6,5,50,4,1,1,5,4,5,13,1,1,8,3,5,2,17,1,73,3,10,3,4,7,5,1,8,1,1,,71,,1,21,121.560399,25.0607068
113,8,29,14,31,2,06松山區,松山區富錦街與新中街口,0,0,1,2,C03,7,6,5,50,4,1,1,5,4,5,13,1,1,8,3,5,2,17,1,31,2,9,6,1,7,9,1,10,1,11,,16,,1,21,121.560399,25.0607068
113,8,29,15,52,2,01大同區,大同區鄭州路與塔城街口,0,0,1,1,C03,6,6,5,50,4,1,1,4,4,5,13,2,1,5,4,5,2,17,2,47,2,8,6,1,7,9,1,10,2,12,,108,,1,21,121.5104655,25.0503394
113,8,29,15,52,2,01大同區,大同區鄭州路與塔城街口,0,0,1,2,C03,6,6,5,50,4,1,1,4,4,5,13,2,1,5,4,5,2,17,1,53,3,10,6,1,7,6,1,10,2,13,,44,,1,21,121.5104655,25.0503394
113,8,29,16,0,2,06松山區,松山區民生東路5段191號,0,0,1,1,B11,7,7,5,50,14,9,1,4,4,5,13,4,4,1,4,5,2,1,2,27,3,10,7,1,7,9,1,4,1,2,,108,,1,21,121.5657238,25.0591122
113,8,29,16,0,2,06松山區,松山區民生東路5段191號,0,0,1,2,H01,7,7,5,50,14,9,1,4,4,5,13,4,4,1,4,5,2,1,1,68,2,7,4,5,8,16,8,20,10,16,,60,,1,21,121.5657238,25.0591122
113,8,29,16,0,2,09北投區,北投區尊賢街302巷與吉利街142巷口,0,0,2,1,B03,7,6,5,30,4,1,1,5,4,5,13,4,4,5,5,5,2,17,2,61,3,10,7,1,7,9,1,8,1,2,,14,,1,21,121.5078013,25.118126
113,8,29,16,0,2,09北投區,北投區尊賢街302巷與吉利街142巷口,0,0,2,2,C03,7,6,5,30,4,1,1,5,4,5,13,4,4,5,5,5,2,17,2,45,2,7,6,1,7,9,1,10,1,11,,108,,1,21,121.5078013,25.118126
113,8,29,16,0,2,09北投區,北投區尊賢街302巷與吉利街142巷口,0,0,2,3,H02,7,6,5,30,4,1,1,5,4,5,13,4,4,5,5,5,2,17,2,15,2,7,6,5,7,21,8,20,10,16,,67,,1,21,121.5078013,25.118126
113,8,29,16,28,2,07信義區,信義區忠孝東路4段550號,0,0,1,1,B01,7,7,5,50,14,9,1,4,4,5,13,4,4,3,4,5,2,17,4,0,,,,,,,,,11,,,100,,,,121.5631305,25.041139
113,8,29,16,28,2,07信義區,信義區忠孝東路4段550號,0,0,1,2,C03,7,7,5,50,14,9,1,4,4,5,13,4,4,3,4,5,2,17,1,34,2,7,6,1,7,9,1,9,1,14,,44,,1,21,121.5631305,25.041139
113,8,29,16,43,2,07信義區,信義區基隆路2段94號,0,0,1,1,C03,6,6,5,50,14,9,1,4,4,5,13,2,1,8,5,5,2,18,2,27,2,9,5,4,7,9,1,10,9,15,,44,,1,21,121.5578142,25.0302609
113,8,29,16,43,2,07信義區,信義區基隆路2段94號,0,0,1,2,,6,6,5,50,14,9,1,4,4,5,13,2,1,8,5,5,2,18,3,0,,,,,,,,,,,,67,,1,,121.5578142,25.0302609
113,8,29,17,0,2,08士林區,士林區天母東路8巷75號,0,0,1,2,H01,8,7,5,30,14,9,1,5,4,5,13,4,4,9,5,5,2,9,1,32,2,7,4,5,8,16,8,20,10,16,,54,,1,22,121.5306627,25.1150151
113,8,29,17,0,2,08士林區,士林區天母東路8巷75號,0,0,1,1,B03,8,7,5,30,14,9,1,5,4,5,13,4,4,9,5,5,2,9,1,36,4,11,3,4,7,21,7,19,11,2,,107,,2,22,121.5306627,25.1150151
113,8,29,17,10,2,02萬華區,萬華區康定路與和平西路3段口,0,0,2,1,C03,7,7,5,50,4,1,1,5,4,5,13,1,1,5,5,5,2,15,2,45,2,1,5,1,7,9,3,18,1,11,,81,,1,21,121.5012175,25.03512422
113,8,29,17,10,2,02萬華區,萬華區康定路與和平西路3段口,0,0,2,2,C03,7,7,5,50,4,1,1,5,4,5,13,1,1,5,5,5,2,15,2,42,2,9,5,1,7,9,1,10,1,14,,44,,1,21,121.5012175,25.03512422
113,8,29,17,24,2,04大安區,大安區青田街7巷與和平東路1段183巷口,0,0,1,1,C04,7,6,5,30,4,1,1,4,4,5,13,4,4,10,5,5,2,15,1,53,2,9,5,1,7,9,1,10,1,11,,72,,1,21,121.5330256,25.0281187
113,8,29,17,24,2,04大安區,大安區青田街7巷與和平東路1段183巷口,0,0,1,2,B03,7,6,5,30,4,1,1,4,4,5,13,4,4,10,5,5,2,15,1,70,3,10,7,1,7,9,1,8,1,4,,44,,1,21,121.5330256,25.0281187
113,8,29,17,35,2,03中山區,中山區松江路184巷26弄15號,0,0,1,1,B03,7,7,5,30,14,9,1,5,4,5,13,4,4,10,5,5,2,17,1,56,3,10,3,4,7,1,1,8,1,1,,19,,1,21,121.5308444,25.05634248
113,8,29,17,35,2,03中山區,中山區松江路184巷26弄15號,0,0,1,2,C03,7,7,5,30,14,9,1,5,4,5,13,4,4,10,5,5,2,17,1,40,2,9,6,4,7,9,1,10,1,12,,110,,1,21,121.5308444,25.05634248
113,8,29,17,47,2,05中正區,中正區羅斯福路4段與基隆路4段口,0,0,1,1,C03,6,6,5,50,5,1,2,4,4,5,13,2,1,1,3,5,1,12,1,52,3,10,5,1,7,9,1,10,1,17,,101,,1,21,121.5368677,25.0112614
113,8,29,17,47,2,05中正區,中正區羅斯福路4段與基隆路4段口,0,0,1,2,F01,6,6,5,50,5,1,2,4,4,5,13,2,1,1,3,5,1,12,1,50,2,9,4,1,7,9,8,20,1,12,,44,,1,21,121.5368677,25.0112614
113,8,29,18,10,2,02萬華區,萬華區桂林路與桂林路4巷口,0,0,1,1,B03,7,5,5,50,3,2,1,5,4,5,13,4,4,1,4,5,2,17,2,40,3,10,7,1,7,6,1,8,1,2,,71,,1,21,121.5059158,25.0375769
113,8,29,18,10,2,02萬華區,萬華區桂林路與桂林路4巷口,0,0,1,2,C03,7,5,5,50,3,2,1,5,4,5,13,4,4,1,4,5,2,17,1,30,2,9,6,1,7,9,1,10,1,14,,44,,1,21,121.5059158,25.0375769
113,8,29,18,12,2,06松山區,松山區濱江街863號,0,0,1,1,C03,7,5,5,50,14,7,1,5,4,5,13,4,4,1,4,4,2,17,1,37,3,10,5,1,7,9,1,10,1,11,,42,,1,21,121.5603776,25.0710336
113,8,29,18,12,2,06松山區,松山區濱江街863號,0,0,1,2,F03,7,5,5,50,14,7,1,5,4,5,13,4,4,1,4,4,2,17,2,42,2,8,4,1,7,9,8,20,1,13,,44,,1,21,121.5603776,25.0710336
113,8,29,18,17,2,05中正區,中正區林森北路(北平林森路口公車站旁),0,0,1,1,C03,8,6,5,50,14,9,1,5,4,5,13,4,4,5,4,5,2,12,2,55,3,10,5,1,7,9,1,10,1,12,,108,,1,22,121.5239804,25.04693612
113,8,29,18,17,2,05中正區,中正區林森北路(北平林森路口公車站旁),0,0,1,2,F01,8,6,5,50,14,9,1,5,4,5,13,4,4,5,4,5,2,12,2,64,2,9,4,1,7,9,8,20,1,14,,44,,1,22,121.5239804,25.04693612