發生年度,發生月,發生日,發生時-Hours,發生分,處理別-編號,區序,肇事地點,死亡人數,2-30日死亡人數,受傷人數,當事人序號,車種,天候,道路照明設備,道路類別,速限-速度限制,道路型態,事故位置,路面狀況1,路面狀況2,路面狀況3,道路障礙1,道路障礙2,號誌1,號誌2,車道劃分-分向,車道劃分-分道1,車道劃分-分道2,車道劃分-分道3,事故類型及型態,性別,年齡,受傷程度,主要傷處,保護裝置,行動電話,車輛用途,當事者行動狀態,駕駛資格情形,駕駛執照種類,飲酒情形,車輛撞擊部位1,車輛撞擊部位2,肇因碼-個別,肇因碼-主要,個人肇逃否,職業,座標-X,座標-Y
113,8,29,18,34,2,07信義區,信義區松高路與市府路口,0,0,2,1,C03,7,5,5,50,5,2,1,5,4,5,13,1,1,5,5,5,2,12,1,27,2,7,5,1,7,9,1,10,1,14,,99,,1,21,121.5637049,25.0390497
113,8,29,18,34,2,07信義區,信義區松高路與市府路口,0,0,2,2,C03,7,5,5,50,5,2,1,5,4,5,13,1,1,5,5,5,2,12,2,20,2,9,5,1,7,9,1,10,1,12,,44,,1,21,121.5637049,25.0390497
113,8,29,18,47,2,07信義區,信義區松山路292巷與松山路口,0,0,2,1,C03,8,5,5,50,3,1,1,5,4,5,13,2,1,1,4,5,2,16,2,59,2,9,3,4,7,5,1,11,2,12,,8,,1,21,121.5777808,25.0432791
113,8,29,18,47,2,07信義區,信義區松山路292巷與松山路口,0,0,2,2,C03,8,5,5,50,3,1,1,5,4,5,13,2,1,1,4,5,2,16,1,38,2,9,3,4,7,9,1,10,2,11,,14,,1,21,121.5777808,25.0432791
113,8,29,19,18,2,05中正區,中正區汀州路2段與汀州路2段6巷口,0,0,1,1,B02,8,5,5,50,3,2,1,5,4,3,10,4,4,9,4,5,2,17,1,32,3,10,7,1,7,6,1,8,1,2,,80,,1,22,121.5157039,25.0258113
113,8,29,19,18,2,05中正區,中正區汀州路2段與汀州路2段6巷口,0,0,1,2,C03,8,5,5,50,3,2,1,5,4,3,10,4,4,9,4,5,2,17,2,20,2,9,5,1,7,9,1,10,1,14,,14,,1,22,121.5157039,25.0258113
113,8,29,19,18,2,05中正區,中正區汀州路2段與汀州路2段6巷口,0,0,1,3,B03,8,5,5,50,3,2,1,5,4,3,10,4,4,9,4,5,2,17,1,35,3,10,7,1,7,14,1,8,9,17,,38,,1,22,121.5157039,25.0258113
113,8,29,20,27,2,02萬華區,萬華區和平西路3段與西園路1段口,0,0,3,1,C03,8,5,5,50,4,2,1,5,4,5,13,1,1,1,4,4,2,9,1,57,2,9,5,1,7,9,1,10,1,11,,70,,1,21,121.4995246,25.0353281
113,8,29,20,27,2,02萬華區,萬華區和平西路3段與西園路1段口,0,0,3,2,H01,8,5,5,50,4,2,1,5,4,5,13,1,1,1,4,4,2,9,1,66,2,9,4,5,8,16,8,20,10,16,,122,,1,21,121.4995246,25.0353281
113,8,29,20,27,2,02萬華區,萬華區和平西路3段與西園路1段口,0,0,3,3,H02,8,5,5,50,4,2,1,5,4,5,13,1,1,1,4,4,2,9,2,39,2,8,7,5,7,17,8,20,10,16,,67,,1,21,121.4995246,25.0353281
113,8,29,21,26,2,07信義區,信義區松仁路與忠孝東路口側附近5段236巷2弄口,0,0,2,1,C03,8,5,5,50,4,1,1,5,4,5,13,4,4,1,4,5,2,12,2,73,2,9,3,4,7,8,3,18,2,12,,101,,1,21,121.5685496,25.0404764
113,8,29,21,26,2,07信義區,信義區松仁路與忠孝東路口側附近5段236巷2弄口,0,0,2,2,C03,8,5,5,50,4,1,1,5,4,5,13,4,4,1,4,5,2,12,2,35,2,7,3,4,7,9,1,10,2,14,,44,,1,21,121.5685496,25.0404764
113,8,29,22,12,2,03中山區,中山區長春路與林森北路口,0,0,1,1,B01,8,5,5,50,4,1,1,5,4,5,13,2,1,5,4,5,2,16,1,65,3,10,7,1,7,5,1,4,2,8,,71,,1,22,121.5254829,25.0549134
113,8,29,22,12,2,03中山區,中山區長春路與林森北路口,0,0,1,2,C03,8,5,5,50,4,1,1,5,4,5,13,2,1,5,4,5,2,16,1,18,2,9,6,1,7,9,1,10,2,14,,13,,1,22,121.5254829,25.0549134
113,8,29,22,12,2,03中山區,中山區長春路與林森北路口,0,0,1,12,C03,8,5,5,50,4,1,1,5,4,5,13,2,1,5,4,5,2,16,2,57,4,11,3,4,7,21,7,19,11,12,,44,,1,22,121.5254829,25.0549134
113,8,29,22,12,2,03中山區,中山區長春路與林森北路口,0,0,1,11,C03,8,5,5,50,4,1,1,5,4,5,13,2,1,5,4,5,2,16,1,42,4,11,3,4,7,21,7,19,11,12,,44,,1,22,121.5254829,25.0549134
113,8,29,22,12,2,03中山區,中山區長春路與林森北路口,0,0,1,10,C03,8,5,5,50,4,1,1,5,4,5,13,2,1,5,4,5,2,16,1,23,4,11,3,4,7,21,7,19,11,12,,44,,1,22,121.5254829,25.0549134
113,8,29,22,12,2,03中山區,中山區長春路與林森北路口,0,0,1,9,C03,8,5,5,50,4,1,1,5,4,5,13,2,1,5,4,5,2,16,1,61,4,11,3,4,7,21,7,19,11,12,,44,,1,22,121.5254829,25.0549134
113,8,29,22,12,2,03中山區,中山區長春路與林森北路口,0,0,1,8,C03,8,5,5,50,4,1,1,5,4,5,13,2,1,5,4,5,2,16,1,31,4,11,3,4,7,21,7,19,11,12,,44,,1,22,121.5254829,25.0549134
113,8,29,22,12,2,03中山區,中山區長春路與林森北路口,0,0,1,7,C03,8,5,5,50,4,1,1,5,4,5,13,2,1,5,4,5,2,16,1,26,4,11,3,4,7,21,7,19,11,12,,44,,1,22,121.5254829,25.0549134
113,8,29,22,12,2,03中山區,中山區長春路與林森北路口,0,0,1,6,C03,8,5,5,50,4,1,1,5,4,5,13,2,1,5,4,5,2,16,1,46,4,11,3,4,7,21,7,19,11,12,,44,,1,22,121.5254829,25.0549134
113,8,29,22,12,2,03中山區,中山區長春路與林森北路口,0,0,1,5,C03,8,5,5,50,4,1,1,5,4,5,13,2,1,5,4,5,2,16,2,59,4,11,3,4,7,21,7,19,11,12,,44,,1,22,121.5254829,25.0549134
113,8,29,22,12,2,03中山區,中山區長春路與林森北路口,0,0,1,4,C03,8,5,5,50,4,1,1,5,4,5,13,2,1,5,4,5,2,16,2,36,3,10,3,4,7,21,7,19,11,12,,44,,1,22,121.5254829,25.0549134
113,8,29,22,12,2,03中山區,中山區長春路與林森北路口,0,0,1,3,C03,8,5,5,50,4,1,1,5,4,5,13,2,1,5,4,5,2,16,2,22,4,11,3,4,7,21,7,19,11,15,,44,,1,22,121.5254829,25.0549134
113,8,30,0,5,2,06松山區,松山區松河街100號,0,0,2,1,C03,7,5,5,40,14,9,1,5,4,5,13,4,4,9,5,5,2,10,1,29,2,8,5,1,7,4,1,10,1,11,,1,,1,21,121.5748131,25.05098423
113,8,30,0,5,2,06松山區,松山區松河街100號,0,0,2,2,C03,7,5,5,40,14,9,1,5,4,5,13,4,4,9,5,5,2,10,1,24,2,7,5,1,7,9,1,10,1,11,,44,,1,21,121.5748131,25.05098423
113,8,30,0,5,2,06松山區,松山區松河街100號,0,0,2,3,B03,7,5,5,40,14,9,1,5,4,5,13,4,4,9,5,5,2,10,3,31,,,,,,,,,,,,67,,1,,121.5748131,25.05098423
113,8,30,1,30,2,02萬華區,萬華區環河南路2段(家禽市場旁),0,0,1,1,B12,7,5,8,50,22,22,1,4,4,5,13,1,1,1,4,5,2,17,1,34,3,10,7,1,7,6,1,8,2,1,,82,,1,21,121.4888986,25.02857682
113,8,30,1,30,2,02萬華區,萬華區環河南路2段(家禽市場旁),0,0,1,2,C03,7,5,8,50,22,22,1,4,4,5,13,1,1,1,4,5,2,17,1,45,2,8,6,1,7,9,1,10,3,11,14,44,,1,21,121.4888986,25.02857682
113,8,30,3,0,2,08士林區,士林區東山路25巷與東山路25巷20弄口,0,0,2,1,B03,8,5,5,30,3,2,1,5,4,5,13,4,4,10,5,5,1,29,1,15,2,7,7,1,7,9,2,18,2,5,,13,,1,21,121.5396111,25.117294
113,8,30,3,0,2,08士林區,士林區東山路25巷與東山路25巷20弄口,0,0,2,3,H02,8,5,5,30,3,2,1,5,4,5,13,4,4,10,5,5,1,29,1,16,2,1,7,5,7,20,8,20,10,16,,67,,1,21,121.5396111,25.117294
113,8,30,3,0,2,08士林區,士林區東山路25巷與東山路25巷20弄口,0,0,2,2,,8,5,5,30,3,2,1,5,4,5,13,4,4,10,5,5,1,29,3,0,,,,,,,,,,,,67,,1,,121.5396111,25.117294
113,8,30,3,4,2,11南港區,南港區玉成街54號,0,0,1,1,B03,8,5,5,50,14,9,1,5,4,5,13,4,4,9,4,5,2,16,1,23,3,10,7,1,7,1,1,8,1,4,,19,,1,21,121.5815908,25.047621
113,8,30,3,4,2,11南港區,南港區玉成街54號,0,0,1,2,C03,8,5,5,50,14,9,1,5,4,5,13,4,4,9,4,5,2,16,1,24,2,9,5,1,7,9,1,10,1,11,,44,,1,21,121.5815908,25.047621
113,8,30,3,4,2,11南港區,南港區玉成街54號,0,0,1,3,B03,8,5,5,50,14,9,1,5,4,5,13,4,4,9,4,5,2,16,1,65,3,10,7,1,7,1,1,8,9,17,,19,,1,21,121.5815908,25.047621
113,8,30,6,5,2,05中正區,中正區中正橋往新北上坡處,0,0,2,1,C03,8,7,5,50,8,9,1,5,4,5,13,4,4,1,4,1,2,17,1,24,2,9,5,1,7,8,1,10,1,12,,100,,1,22,121.5167705,25.0225878
113,8,30,6,5,2,05中正區,中正區中正橋往新北上坡處,0,0,2,2,C03,8,7,5,50,8,9,1,5,4,5,13,4,4,1,4,1,2,17,1,44,2,9,5,1,7,9,6,18,1,11,,44,,1,22,121.5167705,25.0225878
113,8,30,7,0,2,08士林區,士林區至善路1段與臨溪路口,0,0,1,1,A05,8,6,5,50,3,2,1,5,4,5,13,1,1,1,4,5,2,17,4,0,,,,,7,,7,,,,,119,,2,,121.5422714,25.09712386
113,8,30,7,0,2,08士林區,士林區至善路1段與臨溪路口,0,0,1,2,B02,8,6,5,50,3,2,1,5,4,5,13,1,1,1,4,5,2,17,1,48,3,10,3,4,7,12,1,8,2,1,,16,,1,21,121.5422714,25.09712386
113,8,30,7,0,2,08士林區,士林區至善路1段與臨溪路口,0,0,1,3,C03,8,6,5,50,3,2,1,5,4,5,13,1,1,1,4,5,2,17,2,46,2,9,3,4,7,8,1,10,2,11,,16,,1,21,121.5422714,25.09712386
113,8,30,7,25,2,08士林區,士林區中山北路5段470巷與中山北路5段口,0,0,1,1,B03,8,5,5,50,3,2,1,5,4,5,13,4,4,1,5,5,2,16,1,74,3,10,7,1,7,6,1,8,1,5,,74,,1,21,121.5278725,25.09220879
113,8,30,7,25,2,08士林區,士林區中山北路5段470巷與中山北路5段口,0,0,1,2,C03,8,5,5,50,3,2,1,5,4,5,13,4,4,1,5,5,2,16,1,25,2,9,5,1,7,9,1,10,1,14,,44,,1,21,121.5278725,25.09220879
113,8,30,7,26,2,06松山區,松山區南京東路5段286巷與南京東路5段250巷36弄口,0,0,1,1,C03,7,6,5,30,4,1,1,5,4,5,13,1,1,10,5,5,2,15,2,37,2,9,6,1,7,9,1,10,1,11,,72,,1,21,121.5672713,25.0497195
113,8,30,7,26,2,06松山區,松山區南京東路5段286巷與南京東路5段250巷36弄口,0,0,1,2,C03,7,6,5,30,4,1,1,5,4,5,13,1,1,10,5,5,2,15,1,39,3,10,6,1,7,9,1,10,1,12,,14,,1,21,121.5672713,25.0497195
113,8,30,7,40,2,03中山區,中山區北安路海軍司令部前,0,0,2,1,C03,8,7,5,50,14,9,1,5,4,5,13,1,1,1,4,5,2,13,2,50,2,9,6,4,7,9,1,10,2,11,,16,,1,21,121.5374819,25.07774477
113,8,30,7,40,2,03中山區,中山區北安路海軍司令部前,0,0,2,2,C03,8,7,5,50,14,9,1,5,4,5,13,1,1,1,4,5,2,13,1,53,2,9,6,4,7,9,1,10,2,13,,44,,1,21,121.5374819,25.07774477
113,8,30,7,41,2,04大安區,大安區和平東路3段與安和路2段口,0,0,1,1,C03,8,6,5,50,4,2,1,5,4,5,13,1,1,1,1,5,2,17,1,19,2,9,6,1,7,9,1,10,1,11,,108,,1,21,121.5499247,25.0244762
113,8,30,7,41,2,04大安區,大安區和平東路3段與安和路2段口,0,0,1,2,B03,8,6,5,50,4,2,1,5,4,5,13,1,1,1,1,5,2,17,2,41,3,10,7,1,7,14,1,8,11,6,,44,,1,21,121.5499247,25.0244762
113,8,30,7,41,2,04大安區,大安區和平東路3段與安和路2段口,0,0,1,3,B02,8,6,5,50,4,2,1,5,4,5,13,1,1,1,1,5,2,17,1,43,3,10,7,1,7,9,1,4,1,7,,44,,1,21,121.5499247,25.0244762
113,8,30,7,55,2,03中山區,中山區長春路與吉林路口,0,0,1,1,C03,8,7,5,50,4,1,1,5,4,5,13,1,1,5,5,4,2,16,1,50,2,7,6,1,7,11,1,10,1,14,,10,,1,21,121.5300752,25.05487002
113,8,30,7,55,2,03中山區,中山區長春路與吉林路口,0,0,1,2,C03,8,7,5,50,4,1,1,5,4,5,13,1,1,5,5,4,2,16,2,49,3,10,6,1,7,5,1,10,1,11,,8,,1,21,121.5300752,25.05487002
113,8,30,8,0,2,10文山區,文山區木新路2段與木新路2段66巷口,0,0,1,1,C03,8,6,5,50,5,1,1,5,4,5,13,4,4,10,5,5,2,13,2,30,2,9,3,4,7,9,1,10,1,11,,44,,1,22,121.5705974,24.98566359
113,8,30,8,0,2,10文山區,文山區木新路2段與木新路2段66巷口,0,0,1,2,C03,8,6,5,50,5,1,1,5,4,5,13,4,4,10,5,5,2,13,1,45,3,10,3,4,7,14,1,10,1,13,,44,,1,22,121.5705974,24.98566359
113,8,30,8,5,2,07信義區,信義區吳興街220巷59弄與吳興街156巷65弄口,0,0,1,1,B03,8,7,5,50,4,2,1,5,4,5,13,4,4,9,4,5,2,17,1,45,3,10,7,1,7,9,1,8,2,8,,14,,1,21,121.5591174,25.02709294
113,8,30,8,5,2,07信義區,信義區吳興街220巷59弄與吳興街156巷65弄口,0,0,1,2,F01,8,7,5,50,4,2,1,5,4,5,13,4,4,9,4,5,2,17,1,31,2,9,4,1,7,5,8,20,2,11,,74,,1,21,121.5591174,25.02709294
113,8,30,8,10,2,05中正區,中正區杭州南路1段與徐州路口,0,0,1,1,B01,8,6,5,50,4,1,1,5,4,1,13,1,1,10,4,5,2,16,1,64,3,10,7,1,7,8,1,4,1,6,,100,,1,21,121.5257546,25.0402238
113,8,30,8,10,2,05中正區,中正區杭州南路1段與徐州路口,0,0,1,2,C03,8,6,5,50,4,1,1,5,4,1,13,1,1,10,4,5,2,16,1,50,2,9,6,1,7,8,1,10,1,11,,17,,1,22,121.5257546,25.0402238
113,8,30,8,34,2,04大安區,大安區辛亥路3段與辛亥路3段157巷口,0,0,2,1,B03,8,7,5,50,4,1,1,5,4,5,13,2,1,10,5,5,2,16,2,27,3,10,3,4,7,6,1,8,1,2,,44,,1,21,121.5491969,25.0171367
113,8,30,8,34,2,04大安區,大安區辛亥路3段與辛亥路3段157巷口,0,0,2,2,C03,8,7,5,50,4,1,1,5,4,5,13,2,1,10,5,5,2,16,2,33,2,5,3,4,7,9,1,10,1,14,,44,,1,21,121.5491969,25.0171367
113,8,30,8,34,2,04大安區,大安區辛亥路3段與辛亥路3段157巷口,0,0,2,3,H02,8,7,5,50,4,1,1,5,4,5,13,2,1,10,5,5,2,16,2,5,2,8,3,5,7,21,8,20,10,16,,60,,1,21,121.5491969,25.0171367
113,8,30,8,36,2,05中正區,中正區重慶南路3段與寧波西街口口,0,0,1,1,B03,8,6,5,50,4,2,1,5,4,5,13,1,1,1,5,5,1,13,2,59,4,11,3,4,7,21,7,19,11,15,,44,,2,22,121.515381,25.0300685
113,8,30,8,36,2,05中正區,中正區重慶南路3段與寧波西街口口,0,0,1,2,C03,8,6,5,50,4,2,1,5,4,5,13,1,1,1,5,5,1,13,2,51,2,8,6,1,7,9,1,10,1,11,,16,,1,21,121.515381,25.0300685
113,8,30,8,57,2,06松山區,松山區民權東路3段與民權東路3段106巷口,0,0,1,1,C03,8,6,5,50,3,2,1,5,4,5,13,4,4,1,3,5,2,17,1,26,4,11,3,4,7,6,7,19,1,15,,9,,2,22,121.5447653,25.0619874
113,8,30,8,57,2,06松山區,松山區民權東路3段與民權東路3段106巷口,0,0,1,2,C03,8,6,5,50,3,2,1,5,4,5,13,4,4,1,3,5,2,17,1,25,2,9,6,1,7,9,1,10,1,14,,44,,1,21,121.5447653,25.0619874
113,8,30,8,58,2,10文山區,文山區木柵路1段與試院路口(雙號),0,0,1,1,B03,8,5,5,50,3,1,1,5,4,5,13,2,1,10,4,5,2,16,1,76,3,10,7,1,7,5,1,8,2,2,,71,,1,22,121.5498306,24.9874566
113,8,30,8,58,2,10文山區,文山區木柵路1段與試院路口(雙號),0,0,1,2,C03,8,5,5,50,3,1,1,5,4,5,13,2,1,10,4,5,2,16,1,27,2,9,6,1,7,9,1,10,2,11,,42,,1,21,121.5498306,24.9874566
113,8,30,8,58,2,10文山區,文山區木柵路1段與試院路口(雙號),0,0,1,3,C03,8,5,5,50,3,1,1,5,4,5,13,2,1,10,4,5,2,16,1,26,3,10,6,1,7,9,1,10,2,11,,44,,1,21,121.5498306,24.9874566
113,8,30,9,1,2,07信義區,信義區基隆路2段177號,0,0,1,1,C03,8,5,5,50,14,9,1,5,4,5,13,4,4,1,4,5,2,13,1,34,2,9,5,1,7,9,1,10,1,11,,44,,1,22,121.5537657,25.0251413
113,8,30,9,1,2,07信義區,信義區基隆路2段177號,0,0,1,2,B03,8,5,5,50,14,9,1,5,4,5,13,4,4,1,4,5,2,13,2,35,3,10,7,1,7,9,1,8,1,2,,44,,1,22,121.5537657,25.0251413
113,8,30,9,1,2,07信義區,信義區基隆路2段177號,0,0,1,3,,8,5,5,50,14,9,1,5,4,5,13,4,4,1,4,5,2,13,4,0,4,11,3,4,7,21,7,8,11,15,,119,,2,22,121.5537657,25.0251413
113,8,30,9,5,2,12內湖區,內湖區港墘路與瑞光路口,0,0,1,1,F01,8,6,5,50,4,1,1,5,4,5,13,2,1,1,4,5,2,17,2,29,2,8,2,1,7,9,8,20,1,12,,108,,1,21,121.5749701,25.076374
113,8,30,9,5,2,12內湖區,內湖區港墘路與瑞光路口,0,0,1,2,F01,8,6,5,50,4,1,1,5,4,5,13,2,1,1,4,5,2,17,1,33,3,10,2,1,7,9,8,20,1,14,,101,,1,21,121.5749701,25.076374
113,8,30,9,20,2,12內湖區,內湖區文德路22巷53弄與江南街71巷75弄口,0,0,1,1,C03,8,5,5,30,4,1,1,5,4,5,13,4,4,10,5,5,2,15,2,54,2,9,5,1,7,9,1,10,2,12,,75,,1,21,121.5798016,25.0754246
113,8,30,9,20,2,12內湖區,內湖區文德路22巷53弄與江南街71巷75弄口,0,0,1,2,B01,8,5,5,30,4,1,1,5,4,5,13,4,4,10,5,5,2,15,1,60,3,10,7,1,7,9,1,8,2,1,,44,,1,21,121.5798016,25.0754246
113,8,30,9,25,2,07信義區,信義區光復南路133號,0,0,2,1,C03,8,7,5,50,14,9,1,5,4,5,13,1,1,9,4,4,2,13,1,70,2,9,5,1,7,9,1,10,2,12,,101,,1,21,121.5578413,25.0433631
113,8,30,9,25,2,07信義區,信義區光復南路133號,0,0,2,2,C03,8,7,5,50,14,9,1,5,4,5,13,1,1,9,4,4,2,13,1,47,2,9,5,1,7,9,1,10,2,14,,44,,1,21,121.5578413,25.0433631
113,8,30,9,53,2,07信義區,信義區忠孝東路5段137號,0,0,1,1,B01,8,6,5,50,14,9,1,5,4,5,13,4,4,3,4,5,2,17,1,65,3,10,7,1,7,8,1,4,2,17,,80,,1,21,121.5676714,25.0411589
113,8,30,9,53,2,07信義區,信義區忠孝東路5段137號,0,0,1,2,C03,8,6,5,50,14,9,1,5,4,5,13,4,4,3,4,5,2,17,2,39,2,9,6,1,7,9,3,18,2,11,,44,,1,21,121.5676714,25.0411589
113,8,30,9,53,2,07信義區,信義區忠孝東路5段137號,0,0,1,3,B12,8,6,5,50,14,9,1,5,4,5,13,4,4,3,4,5,2,17,1,32,3,10,7,1,7,13,1,8,1,7,,44,,1,21,121.5676714,25.0411589
113,8,30,9,54,2,01大同區,大同區民權西路與蘭州街口,0,0,2,1,C03,8,6,5,50,5,1,1,5,4,5,13,4,4,1,5,5,2,17,1,24,2,9,6,1,7,5,1,10,1,14,,8,,1,21,121.5147162,25.06290278
113,8,30,9,54,2,01大同區,大同區民權西路與蘭州街口,0,0,2,2,C03,8,6,5,50,5,1,1,5,4,5,13,4,4,1,5,5,2,17,2,45,2,9,6,1,7,9,1,10,1,11,,108,,1,21,121.5147162,25.06290278
113,8,30,10,5,2,07信義區,信義區虎林街與虎林街242巷口口,0,0,1,1,C03,8,7,5,30,4,1,1,5,4,5,13,4,4,10,5,5,2,15,1,57,2,9,6,1,7,9,6,10,11,11,,14,,1,26,121.577657,25.03648813
113,8,30,10,5,2,07信義區,信義區虎林街與虎林街242巷口口,0,0,1,2,B03,8,7,5,30,4,1,1,5,4,5,13,4,4,10,5,5,2,15,1,61,3,10,7,1,7,9,1,4,1,8,,80,,1,26,121.577657,25.03648813
113,8,30,10,20,2,03中山區,中山區德惠街與德惠街3巷口,0,0,2,1,B01,8,7,8,50,4,1,1,5,4,5,13,4,4,5,5,5,2,12,1,57,3,10,3,4,7,11,1,4,1,8,,10,,1,21,121.5229732,25.0667296
113,8,30,10,20,2,03中山區,中山區德惠街與德惠街3巷口,0,0,2,2,C03,8,7,8,50,4,1,1,5,4,5,13,4,4,5,5,5,2,12,1,20,2,9,6,4,7,9,1,10,1,12,,108,,1,21,121.5229732,25.0667296
113,8,30,10,20,2,03中山區,中山區德惠街與德惠街3巷口,0,0,2,3,H02,8,7,8,50,4,1,1,5,4,5,13,4,4,5,5,5,2,12,2,20,2,9,6,5,7,20,8,20,10,16,,67,,1,21,121.5229732,25.0667296
113,8,30,10,21,2,05中正區,中正區汀州路2段178巷與金門街24巷口口,0,0,1,1,C04,8,6,5,30,4,1,1,5,4,5,13,4,4,10,5,5,1,15,2,75,2,8,6,1,7,9,1,8,2,11,,75,,1,21,121.5217792,25.0227407
113,8,30,10,21,2,05中正區,中正區汀州路2段178巷與金門街24巷口口,0,0,1,2,B12,8,6,5,30,4,1,1,5,4,5,13,4,4,10,5,5,1,15,1,35,3,10,7,1,7,9,1,8,2,4,,14,,1,21,121.5217792,25.0227407
113,8,30,10,40,2,03中山區,中山區中原街與民生東路2段口,0,0,2,1,C03,8,7,5,50,4,1,1,5,4,5,13,1,1,5,5,5,2,16,1,18,2,7,6,1,7,5,1,10,1,11,,83,,1,21,121.5288986,25.0579975
113,8,30,10,40,2,03中山區,中山區中原街與民生東路2段口,0,0,2,2,C03,8,7,5,50,4,1,1,5,4,5,13,1,1,5,5,5,2,16,1,20,2,9,6,1,7,9,1,10,1,12,,44,,1,21,121.5288986,25.0579975
113,8,30,10,49,2,12內湖區,內湖區環山路3段12號,0,0,2,1,C03,8,6,5,50,3,1,1,5,4,5,13,4,4,5,4,5,2,13,1,73,2,9,6,1,7,9,1,10,1,11,,42,,1,21,121.5789954,25.08443666
113,8,30,10,49,2,12內湖區,內湖區環山路3段12號,0,0,2,2,C03,8,6,5,50,3,1,1,5,4,5,13,4,4,5,4,5,2,13,2,58,2,3,6,1,7,5,1,10,1,13,,42,,1,21,121.5789954,25.08443666
113,8,30,10,58,2,05中正區,中正區博愛路與貴陽街1段口,0,0,1,1,B12,8,6,5,50,4,2,1,5,4,5,13,2,1,5,4,5,2,17,1,63,3,10,7,1,7,5,1,8,2,2,,44,,1,22,121.5111277,25.03899
113,8,30,10,58,2,05中正區,中正區博愛路與貴陽街1段口,0,0,1,2,C03,8,6,5,50,4,2,1,5,4,5,13,2,1,5,4,5,2,17,1,32,2,9,5,1,7,6,1,10,2,14,,9,,1,22,121.5111277,25.03899
113,8,30,10,59,2,12內湖區,內湖區內湖路1段203巷11號,0,0,1,1,B03,8,6,6,30,14,9,1,5,4,5,13,4,4,9,5,5,2,12,1,42,3,10,3,4,7,13,1,8,1,4,,40,,1,22,121.5634742,25.0841537
113,8,30,10,59,2,12內湖區,內湖區內湖路1段203巷11號,0,0,1,2,C03,8,6,6,30,14,9,1,5,4,5,13,4,4,9,5,5,2,12,1,60,2,9,6,1,7,9,1,10,1,12,,44,,1,22,121.5634742,25.0841537
113,8,30,11,11,2,12內湖區,內湖區永保街166號,0,0,1,1,B03,8,5,5,40,14,9,1,5,4,5,13,4,4,5,4,5,2,16,1,44,3,10,7,1,7,11,6,18,1,5,,10,,1,21,121.6013224,25.0636711
113,8,30,11,11,2,12內湖區,內湖區永保街166號,0,0,1,2,C03,8,5,5,40,14,9,1,5,4,5,13,4,4,5,4,5,2,16,2,23,2,9,5,1,7,9,1,10,1,11,,44,,1,21,121.6013224,25.0636711
113,8,30,12,27,2,08士林區,士林區文昌路18號,0,0,2,1,C03,8,5,5,50,14,9,1,5,4,5,13,4,4,5,4,5,1,17,2,51,2,9,6,1,7,1,1,10,2,14,,19,,1,21,121.5217785,25.0947691
113,8,30,12,27,2,08士林區,士林區文昌路18號,0,0,2,2,C03,8,5,5,50,14,9,1,5,4,5,13,4,4,5,4,5,1,17,1,25,2,9,6,1,7,9,1,10,2,11,,44,,1,21,121.5217785,25.0947691
113,8,30,12,55,2,08士林區,士林區中正路198號,0,0,2,1,A02,8,6,5,50,14,9,1,5,4,5,13,4,4,3,4,5,2,13,1,58,3,10,7,1,7,9,1,2,2,1,,108,,1,22,121.5269828,25.0956134
113,8,30,12,55,2,08士林區,士林區中正路198號,0,0,2,2,B01,8,6,5,50,14,9,1,5,4,5,13,4,4,3,4,5,2,13,1,61,2,7,7,1,7,14,1,4,2,3,,44,,1,22,121.5269828,25.0956134
113,8,30,12,55,2,08士林區,士林區中正路198號,0,0,2,3,B03,8,6,5,50,14,9,1,5,4,5,13,4,4,3,4,5,2,13,1,61,2,1,7,1,7,14,1,8,1,3,,44,,1,22,121.5269828,25.0956134
113,8,30,12,59,2,04大安區,大安區基隆路2段與樂業街口,0,0,1,1,C03,8,5,5,50,4,18,1,5,4,5,13,2,1,1,4,5,2,9,4,45,,,,,,,,,11,,,44,,,,121.5503868,25.0223854
113,8,30,12,59,2,04大安區,大安區基隆路2段與樂業街口,0,0,1,2,H01,8,5,5,50,4,18,1,5,4,5,13,2,1,1,4,5,2,9,2,45,2,9,4,5,8,16,8,20,10,16,,67,,1,21,121.5503868,25.0223854
113,8,30,13,9,2,10文山區,文山區興隆路4段與興隆路4段213巷口,0,0,1,1,B03,8,6,5,50,4,1,1,5,4,5,13,1,1,10,5,5,2,15,1,51,3,10,3,4,7,9,1,8,2,8,,81,,1,22,121.5623069,24.9826341
113,8,30,13,9,2,10文山區,文山區興隆路4段與興隆路4段213巷口,0,0,1,2,C03,8,6,5,50,4,1,1,5,4,5,13,1,1,10,5,5,2,15,1,83,2,9,3,4,7,9,1,10,2,12,,44,,1,22,121.5623069,24.9826341
113,8,30,13,10,2,03中山區,中山區濱江街195號,0,0,1,1,B03,8,7,5,50,14,9,1,5,4,5,13,4,4,1,4,5,2,16,1,50,3,10,7,1,7,6,1,8,1,2,,9,,1,21,121.5395378,25.07262269
113,8,30,13,10,2,03中山區,中山區濱江街195號,0,0,1,2,C03,8,7,5,50,14,9,1,5,4,5,13,4,4,1,4,5,2,16,1,21,2,9,6,1,7,9,1,10,1,14,,13,,1,21,121.5395378,25.07262269
113,8,30,13,13,2,12內湖區,內湖區星雲街88巷與康寧路1段156巷7弄口,0,0,1,1,C03,8,6,5,30,3,1,1,5,4,5,13,4,4,10,5,5,2,16,1,40,2,7,6,1,7,6,1,10,2,11,,72,,1,21,121.5930832,25.07870553