發生年度,發生月,發生日,發生時-Hours,發生分,處理別-編號,區序,肇事地點,死亡人數,2-30日死亡人數,受傷人數,當事人序號,車種,天候,道路照明設備,道路類別,速限-速度限制,道路型態,事故位置,路面狀況1,路面狀況2,路面狀況3,道路障礙1,道路障礙2,號誌1,號誌2,車道劃分-分向,車道劃分-分道1,車道劃分-分道2,車道劃分-分道3,事故類型及型態,性別,年齡,受傷程度,主要傷處,保護裝置,行動電話,車輛用途,當事者行動狀態,駕駛資格情形,駕駛執照種類,飲酒情形,車輛撞擊部位1,車輛撞擊部位2,肇因碼-個別,肇因碼-主要,個人肇逃否,職業,座標-X,座標-Y
113,8,30,13,13,2,12內湖區,內湖區星雲街88巷與康寧路1段156巷7弄口,0,0,1,2,B01,8,6,5,30,3,1,1,5,4,5,13,4,4,10,5,5,2,16,1,46,3,10,7,1,7,9,1,4,2,1,,44,,1,21,121.5930832,25.07870553
113,8,30,13,40,2,09北投區,北投區石牌路1段139號,0,0,1,1,A02,8,7,8,50,14,9,1,5,4,5,13,4,4,5,5,5,2,9,2,42,3,10,3,4,7,12,1,2,9,17,,44,,1,26,121.5132947,25.1144883
113,8,30,13,40,2,09北投區,北投區石牌路1段139號,0,0,1,2,H02,8,7,8,50,14,9,1,5,4,5,13,4,4,5,5,5,2,9,2,68,2,9,3,5,7,20,8,20,10,16,,67,,1,21,121.5132947,25.1144883
113,8,30,15,0,2,06松山區,松山區民權東路3段與民權東路3段175巷口,0,0,1,1,B12,8,6,5,50,4,1,1,5,4,5,13,2,1,9,4,5,1,12,1,57,3,10,7,1,7,9,1,2,1,2,,17,,1,22,121.5476119,25.0621437
113,8,30,15,0,2,06松山區,松山區民權東路3段與民權東路3段175巷口,0,0,1,2,A02,8,6,5,50,4,1,1,5,4,5,13,2,1,9,4,5,1,12,1,61,3,10,7,1,7,9,1,4,1,4,,17,,1,22,121.5476119,25.0621437
113,8,30,15,0,2,06松山區,松山區民權東路3段與民權東路3段175巷口,0,0,1,3,H02,8,6,5,50,4,1,1,5,4,5,13,2,1,9,4,5,1,12,2,59,2,9,4,5,7,20,8,20,10,16,,67,,1,22,121.5476119,25.0621437
113,8,30,15,25,2,06松山區,松山區光復北路與光復北路11巷口,0,0,1,1,C04,8,7,5,50,4,1,1,5,4,5,13,2,1,1,4,5,2,12,2,34,2,7,5,1,7,7,1,11,1,14,,80,,1,21,121.5579086,25.0491284
113,8,30,15,25,2,06松山區,松山區光復北路與光復北路11巷口,0,0,1,2,B03,8,7,5,50,4,1,1,5,4,5,13,2,1,1,4,5,2,12,2,42,3,10,7,1,7,9,1,8,1,2,,44,,1,21,121.5579086,25.0491284
113,8,30,15,26,2,04大安區,大安區大安路1段與東豐街口,0,0,1,1,B03,8,6,5,50,4,1,1,5,4,5,13,2,1,5,4,4,2,3,1,28,3,10,7,1,7,9,1,8,2,5,,70,,1,21,121.5459891,25.0359537
113,8,30,15,26,2,04大安區,大安區大安路1段與東豐街口,0,0,1,2,H01,8,6,5,50,4,1,1,5,4,5,13,2,1,5,4,4,2,3,2,85,2,1,4,5,8,16,8,20,10,16,,122,,1,21,121.5459891,25.0359537
113,8,30,15,39,2,03中山區,中山區中山北路4段與中山北路4段口圓山涵洞口,0,0,1,1,B03,8,7,5,50,4,1,1,5,4,5,13,1,1,10,4,5,2,15,1,54,3,10,3,4,7,9,3,18,2,5,,81,,1,21,121.5251753,25.07684147
113,8,30,15,39,2,03中山區,中山區中山北路4段與中山北路4段口圓山涵洞口,0,0,1,2,C03,8,7,5,50,4,1,1,5,4,5,13,1,1,10,4,5,2,15,1,52,2,9,6,4,7,9,1,10,2,11,,44,,1,21,121.5251753,25.07684147
113,8,30,15,43,2,05中正區,中正區市民大道1段168號,0,0,1,1,B03,7,6,5,30,22,9,1,5,4,5,13,4,4,1,4,5,2,16,1,72,3,10,7,1,7,11,1,8,2,2,,10,,1,22,121.5188686,25.04825792
113,8,30,15,43,2,05中正區,中正區市民大道1段168號,0,0,1,2,C03,7,6,5,30,22,9,1,5,4,5,13,4,4,1,4,5,2,16,1,20,2,9,6,1,7,9,1,10,2,11,,44,,1,22,121.5188686,25.04825792
113,8,30,16,0,2,03中山區,中山區通北街65巷與通北街口,0,0,1,1,C03,7,7,5,30,3,1,1,5,4,5,13,4,4,4,5,5,1,17,1,73,2,7,5,1,7,5,1,10,1,12,,72,,1,21,121.539883,25.08285975
113,8,30,16,0,2,03中山區,中山區通北街65巷與通北街口,0,0,1,2,B03,7,7,5,30,3,1,1,5,4,5,13,4,4,4,5,5,1,17,1,42,3,10,7,1,7,9,1,8,1,4,,107,,1,21,121.539883,25.08285975
113,8,30,16,9,2,02萬華區,萬華區和平西路3段與艋舺大道口,0,0,3,1,C03,8,6,5,50,4,1,1,5,4,5,13,2,1,1,4,5,2,17,2,39,2,9,6,1,7,15,1,10,1,12,,101,,1,21,121.5046352,25.0340026
113,8,30,16,9,2,02萬華區,萬華區和平西路3段與艋舺大道口,0,0,3,3,H02,8,6,5,50,4,1,1,5,4,5,13,2,1,1,4,5,2,17,2,6,2,9,6,5,7,20,8,20,10,16,,67,,1,21,121.5046352,25.0340026
113,8,30,16,9,2,02萬華區,萬華區和平西路3段與艋舺大道口,0,0,3,2,C03,8,6,5,50,4,1,1,5,4,5,13,2,1,1,4,5,2,17,2,58,2,9,6,1,7,9,3,18,1,14,,13,,1,21,121.5046352,25.0340026
113,8,30,16,15,2,06松山區,松山區塔悠路179號,0,0,1,1,B03,8,7,8,30,3,1,1,5,4,5,13,4,4,10,5,5,2,16,1,19,3,10,7,1,7,6,1,8,1,8,,71,,1,21,121.5699025,25.05642051
113,8,30,16,15,2,06松山區,松山區塔悠路179號,0,0,1,2,C03,8,7,8,30,3,1,1,5,4,5,13,4,4,10,5,5,2,16,1,28,2,9,5,1,7,9,1,10,1,12,,107,,1,21,121.5699025,25.05642051
113,8,30,16,34,2,06松山區,松山區民權東路4段與光復北路口,0,0,1,1,B01,8,7,5,40,4,1,1,5,4,5,13,2,1,1,4,4,2,16,1,68,3,10,7,1,7,6,1,4,1,5,,71,,1,21,121.5545267,25.0617695
113,8,30,16,34,2,06松山區,松山區民權東路4段與光復北路口,0,0,1,2,C03,8,7,5,40,4,1,1,5,4,5,13,2,1,1,4,4,2,16,1,26,2,9,5,1,7,9,1,10,1,14,,13,,1,21,121.5545267,25.0617695
113,8,30,17,0,2,01大同區,大同區鄭州路40號前迴轉道,0,0,2,1,C02,8,6,5,40,14,6,1,5,4,5,13,4,4,8,3,5,2,17,1,50,3,10,6,1,7,11,1,9,1,12,,10,,1,21,121.5084065,25.0501838
113,8,30,17,0,2,01大同區,大同區鄭州路40號前迴轉道,0,0,2,2,C03,8,6,5,40,14,6,1,5,4,5,13,4,4,8,3,5,2,17,1,29,2,7,6,1,7,9,1,10,1,14,,44,,1,21,121.5084065,25.0501838
113,8,30,17,0,2,01大同區,大同區鄭州路40號前迴轉道,0,0,2,3,H02,8,6,5,40,14,6,1,5,4,5,13,4,4,8,3,5,2,17,2,23,2,8,6,5,7,20,8,20,10,16,,67,,1,21,121.5084065,25.0501838
113,8,30,17,5,2,05中正區,中正區台北車站西側門與北平西路口台北車站西3西門,0,0,1,1,B01,8,7,5,50,3,1,1,5,4,5,13,4,4,10,4,5,2,2,1,60,3,10,7,1,7,5,1,4,2,1,,70,,1,21,121.5161046,25.04742832
113,8,30,17,5,2,05中正區,中正區台北車站西側門與北平西路口台北車站西3西門,0,0,1,2,H01,8,7,5,50,3,1,1,5,4,5,13,4,4,10,4,5,2,2,1,31,2,7,4,5,8,16,8,20,10,16,,67,,1,21,121.5161046,25.04742832
113,8,30,17,28,2,08士林區,士林區中正路與中正路236巷口,0,0,1,1,B03,8,5,5,50,3,1,1,5,4,5,13,2,1,3,5,5,1,17,1,48,3,10,7,1,7,7,1,8,1,8,,101,,1,21,121.5255619,25.0952632
113,8,30,17,28,2,08士林區,士林區中正路與中正路236巷口,0,0,1,2,C03,8,5,5,50,3,1,1,5,4,5,13,2,1,3,5,5,1,17,1,42,2,9,5,1,7,9,1,10,1,11,,44,,1,21,121.5255619,25.0952632
113,8,30,17,35,2,12內湖區,內湖區東湖路與康樂街口,0,0,2,1,C03,8,6,5,50,4,1,1,5,4,5,13,2,1,5,4,5,2,17,1,35,2,9,6,1,7,9,1,10,2,11,,81,,1,21,121.6175603,25.06787841
113,8,30,17,35,2,12內湖區,內湖區東湖路與康樂街口,0,0,2,2,B01,8,6,5,50,4,1,1,5,4,5,13,2,1,5,4,5,2,17,1,62,3,10,7,1,7,9,1,4,2,2,,81,,1,21,121.6175603,25.06787841
113,8,30,17,35,2,12內湖區,內湖區東湖路與康樂街口,0,0,2,3,H02,8,6,5,50,4,1,1,5,4,5,13,2,1,5,4,5,2,17,2,24,2,7,7,5,7,21,8,20,10,16,,67,,1,21,121.6175603,25.06787841
113,8,30,17,53,2,12內湖區,內湖區舊宗路1段與新湖三路口,0,0,1,1,C03,8,7,5,50,4,2,1,5,4,5,13,1,1,1,4,5,1,17,1,19,3,10,6,1,7,6,1,10,1,13,,9,,1,21,121.5765801,25.0635963
113,8,30,17,53,2,12內湖區,內湖區舊宗路1段與新湖三路口,0,0,1,2,C03,8,7,5,50,4,2,1,5,4,5,13,1,1,1,4,5,1,17,1,62,2,9,6,1,7,9,1,10,1,11,,44,,1,21,121.5765801,25.0635963
113,8,30,18,0,2,10文山區,文山區木新路2段與木新路2段158巷口口,0,0,1,1,B03,8,5,5,50,4,1,1,5,4,5,13,2,1,10,5,5,2,16,2,54,3,10,3,4,7,5,1,8,1,1,,8,,1,21,121.5687464,24.983953
113,8,30,18,0,2,10文山區,文山區木新路2段與木新路2段158巷口口,0,0,1,2,C03,8,5,5,50,4,1,1,5,4,5,13,2,1,10,5,5,2,16,1,42,2,4,3,4,7,9,1,10,1,11,,13,,1,21,121.5687464,24.983953
113,8,30,18,1,2,10文山區,文山區興隆路3段與興隆路3段206巷口口,0,0,1,1,B03,8,5,5,50,3,1,1,5,4,5,13,2,1,1,4,5,2,16,1,49,3,10,7,1,7,11,1,6,1,4,,71,,1,21,121.5592433,24.9977881
113,8,30,18,1,2,10文山區,文山區興隆路3段與興隆路3段206巷口口,0,0,1,2,C03,8,5,5,50,3,1,1,5,4,5,13,2,1,1,4,5,2,16,1,30,2,9,6,1,7,9,1,9,1,11,,16,,1,21,121.5592433,24.9977881
113,8,30,18,37,2,05中正區,中正區公園路與許昌街口,0,0,1,1,C03,7,5,5,50,4,1,1,5,4,5,13,1,1,10,4,5,2,3,1,49,3,10,6,4,7,5,1,10,2,11,,70,,1,22,121.5171208,25.04554122
113,8,30,18,37,2,05中正區,中正區公園路與許昌街口,0,0,1,2,H01,7,5,5,50,4,1,1,5,4,5,13,1,1,10,4,5,2,3,2,75,2,9,4,5,8,16,8,20,10,16,,67,,1,22,121.5171208,25.04554122
113,8,30,18,44,2,04大安區,大安區復興南路2段與復興南路2段78巷口,0,0,1,1,C03,8,5,5,50,4,1,1,5,4,5,13,2,1,1,4,5,2,12,1,43,2,9,6,1,7,9,1,10,1,14,,118,,1,21,121.5435177,25.03131
113,8,30,18,44,2,04大安區,大安區復興南路2段與復興南路2段78巷口,0,0,1,2,B03,8,5,5,50,4,1,1,5,4,5,13,2,1,1,4,5,2,12,1,22,3,10,7,1,7,9,1,8,1,5,,118,,1,21,121.5435177,25.03131
113,8,30,18,50,2,08士林區,士林區後港街98號,0,0,1,2,B03,8,5,5,30,14,9,1,5,4,5,13,4,4,10,5,5,2,13,1,58,3,10,7,1,7,9,1,8,1,3,,44,,1,21,121.5213927,25.0855876
113,8,30,18,50,2,08士林區,士林區後港街98號,0,0,1,1,C03,8,5,5,30,14,9,1,5,4,5,13,4,4,10,5,5,2,13,2,39,2,9,6,1,7,9,1,10,1,11,,16,,1,21,121.5213927,25.0855876
113,8,30,18,52,2,01大同區,大同區鄭州路與西寧北路口,0,0,1,1,B03,7,5,5,40,4,1,1,5,4,5,13,2,1,1,4,5,2,15,2,38,3,10,3,4,7,9,3,18,1,1,,81,,1,21,121.5080182,25.0506524
113,8,30,18,52,2,01大同區,大同區鄭州路與西寧北路口,0,0,1,2,F01,7,5,5,40,4,1,1,5,4,5,13,2,1,1,4,5,2,15,1,30,2,9,3,4,7,9,8,20,1,12,,42,,1,21,121.5080182,25.0506524
113,8,30,19,4,2,08士林區,士林區故宮路與至善路2段口,0,0,2,1,C03,8,5,5,50,4,1,1,5,4,5,13,1,1,1,5,5,2,17,1,47,2,1,6,1,7,5,1,10,1,14,,17,,1,21,121.5466293,25.09813782
113,8,30,19,4,2,08士林區,士林區故宮路與至善路2段口,0,0,2,2,C03,8,5,5,50,4,1,1,5,4,5,13,1,1,1,5,5,2,17,1,37,2,7,6,1,7,5,1,10,1,14,,17,,1,21,121.5466293,25.09813782
113,8,30,19,55,2,09北投區,北投區承德路7段與吉利街口,0,0,2,1,C03,8,5,5,30,4,1,1,5,4,5,13,4,4,10,5,5,2,17,1,51,2,9,5,1,7,6,1,10,2,11,,99,,1,21,121.5035778,25.1179697
113,8,30,19,55,2,09北投區,北投區承德路7段與吉利街口,0,0,2,2,F01,8,5,5,30,4,1,1,5,4,5,13,4,4,10,5,5,2,17,2,58,2,8,4,1,7,15,8,20,2,11,,80,,1,21,121.5035778,25.1179697
113,8,30,20,15,2,02萬華區,萬華區萬大路與莒光路口,0,0,1,1,B01,8,5,5,50,4,1,1,5,4,5,13,1,1,1,3,5,2,17,1,54,3,10,7,1,7,6,1,4,1,5,,9,,1,21,121.5004409,25.0312146
113,8,30,20,15,2,02萬華區,萬華區萬大路與莒光路口,0,0,1,2,F01,8,5,5,50,4,1,1,5,4,5,13,1,1,1,3,5,2,17,1,22,2,8,4,1,7,7,8,20,1,15,,19,,1,21,121.5004409,25.0312146
113,8,30,20,22,2,06松山區,松山區民權東路3段與敦化北路口口,0,0,1,1,F01,8,5,5,0,4,1,1,5,4,5,13,2,1,3,4,5,2,16,2,69,2,9,4,1,7,9,8,20,2,15,,85,,1,21,121.5509951,25.0616697
113,8,30,20,22,2,06松山區,松山區民權東路3段與敦化北路口口,0,0,1,2,A02,8,5,5,0,4,1,1,5,4,5,13,2,1,3,4,5,2,16,1,57,3,10,7,1,7,5,1,2,2,4,,8,,1,21,121.5509951,25.0616697
113,8,30,20,33,2,03中山區,中山區樂群三路303號,0,0,1,1,B02,7,5,5,50,14,9,1,5,4,5,13,4,4,9,5,5,2,17,1,57,3,10,3,4,7,13,1,8,1,4,,40,,1,21,121.5601153,25.08260428
113,8,30,20,33,2,03中山區,中山區樂群三路303號,0,0,1,2,C03,7,5,5,50,14,9,1,5,4,5,13,4,4,9,5,5,2,17,2,39,2,7,3,4,7,9,1,10,1,12,,44,,1,21,121.5601153,25.08260428
113,8,30,20,58,2,03中山區,中山區北安路與大直街口,0,0,1,1,B03,8,5,5,50,4,1,1,5,4,5,13,2,1,1,4,5,2,17,1,32,3,10,3,4,7,5,1,8,1,1,,85,,1,26,121.5472006,25.0798444
113,8,30,20,58,2,03中山區,中山區北安路與大直街口,0,0,1,2,C03,8,5,5,50,4,1,1,5,4,5,13,2,1,1,4,5,2,17,1,54,2,9,3,4,7,9,1,10,1,14,,44,,1,26,121.5472006,25.0798444
113,8,30,21,12,2,05中正區,中正區仁愛路1段與林森南路口,0,0,1,1,C03,7,5,5,50,4,2,1,5,4,5,13,1,1,5,4,5,2,17,1,71,2,9,6,4,7,8,1,10,11,12,,100,,1,22,121.5219067,25.03865045
113,8,30,21,12,2,05中正區,中正區仁愛路1段與林森南路口,0,0,1,2,B01,7,5,5,50,4,2,1,5,4,5,13,1,1,5,4,5,2,17,1,59,3,10,7,4,7,9,1,4,2,4,,44,,1,21,121.5219067,25.03865045
113,8,30,21,12,2,05中正區,中正區仁愛路1段與林森南路口,0,0,1,3,B03,7,5,5,50,4,2,1,5,4,5,13,1,1,5,4,5,2,17,1,32,3,10,7,4,7,9,1,8,2,2,,44,,1,22,121.5219067,25.03865045
113,8,30,21,37,2,05中正區,中正區林森南路地下道與羅斯福路1段口,0,0,1,1,C03,8,5,5,30,4,1,1,5,4,5,13,1,1,10,4,5,2,17,1,35,3,10,5,1,7,6,1,10,1,12,,101,,1,22,121.518316,25.0331068
113,8,30,21,37,2,05中正區,中正區林森南路地下道與羅斯福路1段口,0,0,1,2,C04,8,5,5,30,4,1,1,5,4,5,13,1,1,10,4,5,2,17,1,20,2,7,5,1,7,9,1,10,1,11,,44,,1,22,121.518316,25.0331068
113,8,30,22,38,2,09北投區,北投區大興街與磺港路口,0,0,1,1,B03,8,6,5,50,4,1,1,5,4,5,13,2,1,5,5,5,2,16,1,56,3,10,7,1,7,5,1,8,2,2,,44,,1,21,121.5036343,25.1309364
113,8,30,22,38,2,09北投區,北投區大興街與磺港路口,0,0,1,2,C03,8,6,5,50,4,1,1,5,4,5,13,2,1,5,5,5,2,16,1,32,2,9,5,1,7,9,1,10,2,11,,81,,1,21,121.5036343,25.1309364
113,8,31,1,20,2,06松山區,松山區八德路4段與吉祥路16巷口,0,0,1,1,B01,7,5,5,50,14,9,1,5,4,5,13,4,4,9,4,5,2,12,1,32,3,10,7,1,7,8,1,8,1,2,,100,,1,22,121.561995,25.04863768
113,8,31,1,20,2,06松山區,松山區八德路4段與吉祥路16巷口,0,0,1,2,C03,7,5,5,50,14,9,1,5,4,5,13,4,4,9,4,5,2,12,2,21,2,9,5,1,7,9,1,10,1,14,,44,,1,22,121.561995,25.04863768
113,8,31,1,20,2,07信義區,信義區忠孝東路4段與光復南路口,0,0,1,1,C03,8,5,5,50,4,1,1,5,4,5,13,1,1,1,4,5,2,15,1,38,2,9,3,4,7,9,1,10,2,12,,81,,1,22,121.5576832,25.0414532
113,8,31,1,20,2,07信義區,信義區忠孝東路4段與光復南路口,0,0,1,2,B01,8,5,5,50,4,1,1,5,4,5,13,1,1,1,4,5,2,15,1,48,3,10,3,4,7,9,1,4,2,1,,44,,1,22,121.5576832,25.0414532
113,8,31,3,47,2,12內湖區,內湖區文德路212號,0,0,1,1,C03,7,5,5,50,14,7,1,5,4,5,13,4,4,1,4,4,2,23,1,64,2,1,5,1,7,15,1,10,7,14,,21,,1,21,121.5843798,25.0785546
113,8,31,3,47,2,12內湖區,內湖區文德路212號,0,0,1,2,,7,5,5,50,14,7,1,5,4,5,13,4,4,1,4,4,2,23,3,0,,,,,,,,,,,,67,,1,,121.5843798,25.0785546
113,8,31,4,47,2,03中山區,中山區龍江路與五常街口,0,0,1,1,B03,8,5,5,50,4,1,1,5,4,5,13,2,1,5,2,5,2,17,1,47,3,10,7,1,7,5,1,8,1,17,,71,,1,21,121.5408751,25.0643212
113,8,31,4,47,2,03中山區,中山區龍江路與五常街口,0,0,1,2,F01,8,5,5,50,4,1,1,5,4,5,13,2,1,5,2,5,2,17,2,76,2,9,4,1,7,9,8,20,1,14,,27,,1,21,121.5408751,25.0643212
113,8,31,6,8,2,04大安區,大安區復興南路2段與復興南路2段151巷口,0,0,1,1,B01,8,7,5,50,4,1,1,5,4,5,13,2,1,1,4,4,2,17,1,59,3,10,7,1,7,5,1,4,2,6,,44,,1,21,121.5435371,25.0284116
113,8,31,6,8,2,04大安區,大安區復興南路2段與復興南路2段151巷口,0,0,1,2,C02,8,7,5,50,4,1,1,5,4,5,13,2,1,1,4,4,2,17,1,49,2,9,6,1,7,9,1,9,2,11,,44,,1,21,121.5435371,25.0284116
113,8,31,7,1,2,07信義區,信義區忠孝東路4段560號,0,0,2,1,C03,8,5,5,50,14,9,1,5,4,5,13,1,1,1,4,5,2,13,1,75,2,7,5,1,7,9,3,18,1,11,,14,,1,22,121.5641262,25.041084
113,8,31,7,1,2,07信義區,信義區忠孝東路4段560號,0,0,2,2,C03,8,5,5,50,14,9,1,5,4,5,13,1,1,1,4,5,2,13,1,45,2,8,5,1,7,14,1,10,1,13,,44,,1,22,121.5641262,25.041084
113,8,31,7,19,2,01大同區,大同區延平北路4段與迪化街2段口,0,0,2,1,B03,8,6,5,30,3,1,1,5,4,5,13,4,4,10,3,5,1,15,1,56,3,10,3,4,7,9,6,8,2,1,,81,,1,21,121.5115286,25.0741553
113,8,31,7,19,2,01大同區,大同區延平北路4段與迪化街2段口,0,0,2,2,C03,8,6,5,30,3,1,1,5,4,5,13,4,4,10,3,5,1,15,1,49,2,9,5,4,7,9,3,18,2,12,,44,,1,21,121.5115286,25.0741553
113,8,31,7,19,2,01大同區,大同區延平北路4段與迪化街2段口,0,0,2,3,H02,8,6,5,30,3,1,1,5,4,5,13,4,4,10,3,5,1,15,2,39,2,9,3,5,7,20,8,20,10,16,,67,,1,21,121.5115286,25.0741553
113,8,31,7,41,2,08士林區,士林區忠誠路2段40巷14弄與忠誠路2段50巷口,0,0,1,1,B03,8,6,5,30,4,1,1,5,4,5,13,4,4,10,5,5,2,15,2,75,3,10,7,1,7,9,1,8,1,4,,72,,1,21,121.5296242,25.11081564
113,8,31,7,41,2,08士林區,士林區忠誠路2段40巷14弄與忠誠路2段50巷口,0,0,1,2,C03,8,6,5,30,4,1,1,5,4,5,13,4,4,10,5,5,2,15,1,55,2,9,5,1,7,9,1,9,1,11,,44,,1,21,121.5296242,25.11081564
113,8,31,7,44,2,12內湖區,內湖區潭美街309號前,0,0,2,1,C03,8,5,5,40,14,9,1,5,4,5,13,4,4,9,5,5,2,3,1,20,2,9,6,1,7,9,1,10,1,11,,13,,1,21,121.5891523,25.05814815
113,8,31,7,44,2,12內湖區,內湖區潭美街309號前,0,0,2,2,H01,8,5,5,40,14,9,1,5,4,5,13,4,4,9,5,5,2,3,2,82,2,9,4,5,8,16,8,20,10,16,,121,,1,21,121.5891523,25.05814815
113,8,31,8,0,2,03中山區,中山區民生東路2段與民生東路2段164巷口,0,0,1,1,C03,8,7,5,50,3,2,1,5,4,5,13,4,4,1,4,5,2,12,1,42,3,10,6,1,7,8,1,10,1,12,,9,,1,21,121.5336507,25.05782621
113,8,31,8,0,2,03中山區,中山區民生東路2段與民生東路2段164巷口,0,0,1,2,C03,8,7,5,50,3,2,1,5,4,5,13,4,4,1,4,5,2,12,2,37,2,8,6,1,7,9,1,10,1,14,,44,,1,21,121.5336507,25.05782621
113,8,31,8,31,2,05中正區,中正區重慶南路2段7巷與南昌路1段口口,0,0,1,1,C03,8,6,5,50,4,1,1,5,4,5,13,4,4,5,5,5,2,16,2,45,2,7,5,1,7,9,1,10,1,12,,72,,1,21,121.5149987,25.0343749
113,8,31,8,31,2,05中正區,中正區重慶南路2段7巷與南昌路1段口口,0,0,1,2,B03,8,6,5,50,4,1,1,5,4,5,13,4,4,5,5,5,2,16,1,45,3,10,3,4,7,6,1,8,1,8,,107,,1,21,121.5149987,25.0343749
113,8,31,8,31,2,05中正區,中正區重慶南路2段7巷與南昌路1段口口,0,0,1,3,H02,8,6,5,50,4,1,1,5,4,5,13,4,4,5,5,5,2,16,2,17,4,11,5,5,7,20,8,20,10,16,,67,,1,16,121.5149987,25.0343749
113,8,31,8,35,2,02萬華區,萬華區忠孝橋往臺北市下橋處,0,0,1,1,C03,8,6,5,50,8,9,1,5,4,5,13,4,4,1,5,5,2,16,1,43,3,10,6,1,7,7,1,10,1,14,,100,,1,26,121.5066565,25.04882266
113,8,31,8,35,2,02萬華區,萬華區忠孝橋往臺北市下橋處,0,0,1,2,C03,8,6,5,50,8,9,1,5,4,5,13,4,4,1,5,5,2,16,2,44,2,9,6,1,7,9,1,10,1,12,,44,,1,21,121.5066565,25.04882266
113,8,31,8,44,2,05中正區,中正區汀州路2段238號,0,0,2,1,F01,8,6,5,50,14,9,1,5,4,5,13,4,4,9,4,5,2,17,2,31,3,10,4,1,7,9,8,20,1,17,,4,,1,21,121.5243346,25.0219135
113,8,31,8,44,2,05中正區,中正區汀州路2段238號,0,0,2,2,C03,8,6,5,50,14,9,1,5,4,5,13,4,4,9,4,5,2,17,2,61,2,9,5,1,7,9,1,10,1,14,,44,,1,21,121.5243346,25.0219135
113,8,31,8,44,2,05中正區,中正區汀州路2段238號,0,0,2,3,B03,8,6,5,50,14,9,1,5,4,5,13,4,4,9,4,5,2,17,2,60,3,10,7,1,7,9,1,8,1,2,,44,,1,21,121.5243346,25.0219135
113,8,31,8,44,2,05中正區,中正區汀州路2段238號,0,0,2,4,C03,8,6,5,50,14,9,1,5,4,5,13,4,4,9,4,5,2,17,1,61,2,9,5,1,7,9,1,10,11,12,,17,,2,21,121.5243346,25.0219135
113,8,31,8,50,2,08士林區,士林區美崙街與美崙街152巷口,0,0,1,1,B03,8,6,5,50,3,1,1,5,4,5,13,4,4,5,5,5,2,17,1,49,3,10,3,4,7,5,1,8,1,1,,8,,1,21,121.519362,25.0967904
113,8,31,8,50,2,08士林區,士林區美崙街與美崙街152巷口,0,0,1,2,C03,8,6,5,50,3,1,1,5,4,5,13,4,4,5,5,5,2,17,2,25,2,9,3,4,7,9,1,10,1,11,,44,,1,21,121.519362,25.0967904
113,8,31,8,56,2,07信義區,信義區福德街221巷與福德街口,0,0,1,1,B03,8,6,5,30,4,2,1,5,4,5,13,4,4,10,5,5,2,12,1,82,3,10,7,1,7,9,1,8,2,2,,17,,2,22,121.5849297,25.0384161
113,8,31,8,56,2,07信義區,信義區福德街221巷與福德街口,0,0,1,2,C04,8,6,5,30,4,2,1,5,4,5,13,4,4,10,5,5,2,12,2,61,2,8,5,1,7,9,1,10,2,14,,44,,1,22,121.5849297,25.0384161
113,8,31,9,2,2,08士林區,士林區文林路418號,0,0,1,1,B03,8,5,8,50,14,9,1,5,4,5,13,4,4,5,4,5,1,12,1,31,3,10,7,1,7,11,1,8,1,8,,10,,1,21,121.5248225,25.0941797
113,8,31,9,2,2,08士林區,士林區文林路418號,0,0,1,2,C03,8,5,8,50,14,9,1,5,4,5,13,4,4,5,4,5,1,12,1,76,2,9,6,1,7,9,1,10,1,12,,44,,1,21,121.5248225,25.0941797
113,8,31,9,22,2,01大同區,大同區民權西路144巷與民權西路160巷26弄口,0,0,2,1,C03,8,6,5,30,4,1,1,5,4,5,13,3,1,10,5,5,2,15,1,28,2,9,6,1,7,9,1,10,2,14,,84,,1,21,121.5159268,25.0616166
113,8,31,9,22,2,01大同區,大同區民權西路144巷與民權西路160巷26弄口,0,0,2,2,C04,8,6,5,30,4,1,1,5,4,5,13,3,1,10,5,5,2,15,1,76,2,9,6,1,7,9,6,10,2,11,,14,,1,21,121.5159268,25.0616166
113,8,31,9,30,2,07信義區,信義區松仁路253巷與松仁路253巷3弄口,0,0,2,1,C03,8,6,5,30,4,1,1,5,4,5,13,4,4,10,5,5,1,15,2,35,2,9,5,1,7,9,1,10,1,12,,80,,1,22,121.5695482,25.0256285
113,8,31,9,30,2,07信義區,信義區松仁路253巷與松仁路253巷3弄口,0,0,2,2,C03,8,6,5,30,4,1,1,5,4,5,13,4,4,10,5,5,1,15,1,67,2,7,5,1,7,9,1,10,1,14,,44,,1,22,121.5695482,25.0256285
113,8,31,9,42,2,01大同區,大同區保安街62號,0,0,1,1,H01,8,6,5,0,14,9,1,5,4,5,13,4,4,8,3,5,1,3,1,70,3,10,4,5,8,16,8,20,10,16,,121,,1,21,121.5124339,25.0590663
113,8,31,9,42,2,01大同區,大同區保安街62號,0,0,1,2,C03,8,6,5,0,14,9,1,5,4,5,13,4,4,8,3,5,1,3,1,70,2,9,6,1,7,1,1,10,1,14,,19,,1,21,121.5124339,25.0590663
113,8,31,9,51,2,02萬華區,萬華區艋舺大道74號,0,0,1,1,C03,8,6,5,50,14,9,1,5,4,5,13,4,4,8,3,5,1,17,1,39,2,9,5,1,7,15,1,10,1,12,,101,,1,21,121.5033743,25.0334255
113,8,31,9,51,2,02萬華區,萬華區艋舺大道74號,0,0,1,2,C03,8,6,5,50,14,9,1,5,4,5,13,4,4,8,3,5,1,17,1,42,3,10,5,1,7,9,1,10,1,14,,44,,1,21,121.5033743,25.0334255