發生年度,發生月,發生日,發生時-Hours,發生分,處理別-編號,區序,肇事地點,死亡人數,2-30日死亡人數,受傷人數,當事人序號,車種,天候,道路照明設備,道路類別,速限-速度限制,道路型態,事故位置,路面狀況1,路面狀況2,路面狀況3,道路障礙1,道路障礙2,號誌1,號誌2,車道劃分-分向,車道劃分-分道1,車道劃分-分道2,車道劃分-分道3,事故類型及型態,性別,年齡,受傷程度,主要傷處,保護裝置,行動電話,車輛用途,當事者行動狀態,駕駛資格情形,駕駛執照種類,飲酒情形,車輛撞擊部位1,車輛撞擊部位2,肇因碼-個別,肇因碼-主要,個人肇逃否,職業,座標-X,座標-Y
113,8,31,10,2,2,07信義區,信義區基隆路2段79巷33弄與基隆路2段79巷口,0,0,1,1,C03,8,6,5,30,4,1,1,5,4,5,13,4,4,10,5,5,1,15,1,32,2,8,6,1,7,9,1,10,1,12,,72,,1,22,121.5597258,25.0294122
113,8,31,10,2,2,07信義區,信義區基隆路2段79巷33弄與基隆路2段79巷口,0,0,1,2,C03,8,6,5,30,4,1,1,5,4,5,13,4,4,10,5,5,1,15,1,23,3,10,6,1,7,9,1,10,1,14,,44,,1,22,121.5597258,25.0294122
113,8,31,10,8,2,12內湖區,內湖區內湖路1段與文湖街口,0,0,2,1,B03,8,6,5,50,3,1,1,5,4,5,13,4,4,10,5,5,2,15,1,49,3,10,7,1,7,9,1,8,2,1,,80,,1,21,121.5591045,25.0847873
113,8,31,10,8,2,12內湖區,內湖區內湖路1段與文湖街口,0,0,2,2,B03,8,6,5,50,3,1,1,5,4,5,13,4,4,10,5,5,2,15,1,66,2,9,7,1,7,9,1,8,2,2,,44,,1,21,121.5591045,25.0847873
113,8,31,10,8,2,12內湖區,內湖區內湖路1段與文湖街口,0,0,2,3,H02,8,6,5,50,3,1,1,5,4,5,13,4,4,10,5,5,2,15,2,55,2,9,7,5,7,21,8,20,10,16,,67,,1,21,121.5591045,25.0847873
113,8,31,10,10,2,12內湖區,內湖區麥帥一橋東向西,0,0,2,1,C03,8,6,7,50,8,11,1,5,4,5,13,4,4,1,4,5,2,12,1,67,4,11,3,4,7,21,7,19,11,15,,14,,2,22,121.5742986,25.05348963
113,8,31,10,10,2,12內湖區,內湖區麥帥一橋東向西,0,0,2,2,C03,8,6,7,50,8,11,1,5,4,5,13,4,4,1,4,5,2,12,2,33,2,9,5,1,7,9,1,10,2,14,,16,,1,21,121.5742986,25.05348963
113,8,31,10,10,2,12內湖區,內湖區麥帥一橋東向西,0,0,2,3,C03,8,6,7,50,8,11,1,5,4,5,13,4,4,1,4,5,2,12,2,52,2,9,5,1,7,12,1,10,2,12,,44,,1,21,121.5742986,25.05348963
113,8,31,10,12,2,09北投區,北投區中和街與大同街口,0,0,2,1,C03,8,7,5,50,4,1,1,5,4,5,13,2,1,5,5,5,2,16,1,37,2,9,6,1,7,5,1,10,1,14,,8,,1,22,121.4993606,25.1413833
113,8,31,10,12,2,09北投區,北投區中和街與大同街口,0,0,2,2,C04,8,7,5,50,4,1,1,5,4,5,13,2,1,5,5,5,2,16,2,74,2,9,6,1,7,9,1,10,1,12,,44,,1,22,121.4993606,25.1413833
113,8,31,10,13,2,01大同區,大同區通河西街1段與通河西街堤外便道口(百齡左岸A15),0,0,1,1,C03,8,6,5,30,3,1,1,5,4,5,13,4,4,10,5,5,1,12,1,18,2,9,6,4,7,9,1,10,1,12,,75,,1,21,121.5179718,25.0776599
113,8,31,10,13,2,01大同區,大同區通河西街1段與通河西街堤外便道口(百齡左岸A15),0,0,1,2,B03,8,6,5,30,3,1,1,5,4,5,13,4,4,10,5,5,1,12,1,22,3,10,3,4,7,9,1,8,1,8,,44,,1,21,121.5179718,25.0776599
113,8,31,10,40,2,08士林區,士林區通河西街2段與通河西街2段口堤外便道交叉口,0,0,1,1,C03,8,6,5,30,3,1,5,5,4,5,13,4,4,10,5,5,2,17,1,71,3,10,3,4,7,5,1,10,1,12,,14,,1,21,121.5025653,25.0940595
113,8,31,10,40,2,08士林區,士林區通河西街2段與通河西街2段口堤外便道交叉口,0,0,1,2,C03,8,6,5,30,3,1,5,5,4,5,13,4,4,10,5,5,2,17,2,36,2,9,3,4,7,9,1,10,1,14,,14,,1,21,121.5025653,25.0940595
113,8,31,11,5,2,02萬華區,萬華區莒光路171號附近,0,0,1,1,C03,8,7,5,50,14,9,1,5,4,5,13,4,4,1,3,5,2,16,2,34,2,9,5,1,7,9,1,10,1,12,,16,,1,21,121.5028815,25.0312292
113,8,31,11,5,2,02萬華區,萬華區莒光路171號附近,0,0,1,2,B01,8,7,5,50,14,9,1,5,4,5,13,4,4,1,3,5,2,16,1,37,3,10,7,1,7,5,1,4,1,4,,44,,1,21,121.5028815,25.0312292
113,8,31,11,10,2,03中山區,中山區民族東路410巷2弄與民族東路410巷口無名巷,0,0,1,2,C03,8,7,5,50,3,1,1,5,4,5,13,4,4,9,4,5,2,17,1,55,3,10,5,1,7,9,1,10,1,13,,44,,1,21,121.537515,25.0668628
113,8,31,11,10,2,03中山區,中山區民族東路410巷2弄與民族東路410巷口無名巷,0,0,1,1,C03,8,7,5,50,3,1,1,5,4,5,13,4,4,9,4,5,2,17,2,73,2,9,5,1,7,9,1,10,1,11,,16,,1,21,121.537515,25.0668628
113,8,31,11,21,2,12內湖區,內湖區新明路與成功路2段口,0,0,1,1,B03,8,6,5,50,4,1,1,5,4,5,13,2,1,5,4,5,2,17,1,42,3,10,7,1,7,5,1,8,1,8,,83,,1,21,121.591273,25.0606113
113,8,31,11,21,2,12內湖區,內湖區新明路與成功路2段口,0,0,1,2,C03,8,6,5,50,4,1,1,5,4,5,13,2,1,5,4,5,2,17,1,41,2,9,6,1,7,9,1,10,1,14,,44,,1,21,121.591273,25.0606113
113,8,31,11,28,2,08士林區,士林區中山北路7段與中山北路7段81巷口,0,0,2,1,C03,8,6,5,50,4,1,1,5,4,5,13,2,1,1,4,5,2,17,1,57,2,9,3,4,7,9,1,10,2,11,,44,,1,21,121.5315133,25.1215719
113,8,31,11,28,2,08士林區,士林區中山北路7段與中山北路7段81巷口,0,0,2,2,C03,8,6,5,50,4,1,1,5,4,5,13,2,1,1,4,5,2,17,1,43,2,9,3,4,7,5,3,18,2,11,,8,,1,21,121.5315133,25.1215719
113,8,31,11,39,2,04大安區,大安區和平東路3段與基隆路2段口,0,0,1,1,C03,8,6,5,50,4,1,1,5,4,5,13,2,1,1,4,5,1,12,1,27,2,9,3,4,7,7,1,10,1,14,,100,,1,21,121.5521941,25.024482
113,8,31,11,39,2,04大安區,大安區和平東路3段與基隆路2段口,0,0,1,2,B01,8,6,5,50,4,1,1,5,4,5,13,2,1,1,4,5,1,12,1,67,3,10,3,4,7,9,1,4,1,2,,44,,1,21,121.5521941,25.024482
113,8,31,11,40,2,06松山區,松山區三民路180巷與三民路口,0,0,2,1,B03,8,7,5,30,3,1,1,5,4,5,13,3,1,1,3,5,2,17,1,64,3,10,7,1,7,15,1,8,1,17,,80,,1,21,121.5631568,25.06225597
113,8,31,11,40,2,06松山區,松山區三民路180巷與三民路口,0,0,2,2,C03,8,7,5,30,3,1,1,5,4,5,13,3,1,1,3,5,2,17,1,53,2,9,5,1,7,15,1,10,1,17,,44,,1,21,121.5631568,25.06225597
113,8,31,11,40,2,06松山區,松山區三民路180巷與三民路口,0,0,2,3,H02,8,7,5,30,3,1,1,5,4,5,13,3,1,1,3,5,2,17,2,49,2,9,5,5,7,17,8,20,10,17,,44,,1,26,121.5631568,25.06225597
113,8,31,11,55,2,03中山區,中山區中山北路2段與錦西街口,0,0,1,1,B03,8,7,5,50,4,1,1,5,4,5,13,2,1,1,4,5,2,16,2,34,3,10,3,4,7,6,1,8,1,6,,9,,1,21,121.5228341,25.0603629
113,8,31,11,55,2,03中山區,中山區中山北路2段與錦西街口,0,0,1,2,C03,8,7,5,50,4,1,1,5,4,5,13,2,1,1,4,5,2,16,2,19,2,9,6,4,7,9,1,10,1,14,,108,,1,21,121.5228341,25.0603629
113,8,31,12,14,2,07信義區,信義區松山路與松隆路口,0,0,2,1,B03,8,6,5,50,4,1,1,5,4,5,13,1,1,1,4,5,2,17,2,53,3,10,3,4,7,5,1,8,2,5,,71,,1,22,121.5777292,25.0480373
113,8,31,12,14,2,07信義區,信義區松山路與松隆路口,0,0,2,3,H02,8,6,5,50,4,1,1,5,4,5,13,1,1,1,4,5,2,17,2,81,2,7,3,5,7,17,8,20,10,16,,67,,1,22,121.5777292,25.0480373
113,8,31,12,14,2,07信義區,信義區松山路與松隆路口,0,0,2,2,C02,8,6,5,50,4,1,1,5,4,5,13,1,1,1,4,5,2,17,1,50,2,3,3,1,7,9,1,9,2,11,,44,,1,22,121.5777292,25.0480373
113,8,31,12,36,2,08士林區,士林區基河路與福德路口,0,0,3,1,C03,8,5,5,50,4,2,1,5,4,5,13,2,1,5,4,5,2,16,1,20,2,9,5,1,7,7,1,10,1,14,,101,,1,21,121.5209171,25.09212288
113,8,31,12,36,2,08士林區,士林區基河路與福德路口,0,0,3,2,C03,8,5,5,50,4,2,1,5,4,5,13,2,1,5,4,5,2,16,1,34,2,9,5,1,7,9,1,10,1,11,,44,,1,21,121.5209171,25.09212288
113,8,31,12,36,2,08士林區,士林區基河路與福德路口,0,0,3,3,H02,8,5,5,50,4,2,1,5,4,5,13,2,1,5,4,5,2,16,2,32,2,9,5,5,7,21,8,20,10,16,,67,,1,21,121.5209171,25.09212288
113,8,31,12,45,2,03中山區,中山區復興北路488巷1弄與復興北路488巷口,0,0,1,1,C03,8,7,5,30,4,1,1,5,4,5,13,4,4,10,5,5,2,17,2,20,3,10,5,1,7,9,1,10,1,14,,16,,1,21,121.5436838,25.0651212
113,8,31,12,45,2,03中山區,中山區復興北路488巷1弄與復興北路488巷口,0,0,1,2,C03,8,7,5,30,4,1,1,5,4,5,13,4,4,10,5,5,2,17,2,50,2,9,5,1,7,9,1,10,1,11,,16,,1,21,121.5436838,25.0651212
113,8,31,12,50,2,04大安區,大安區忠孝東路3段與新生南路1段口,0,0,1,1,C03,8,6,8,50,14,9,1,5,4,5,13,4,4,10,5,5,2,13,1,27,2,9,6,1,7,12,1,10,1,11,,44,,1,21,121.5333621,25.0421652
113,8,31,12,50,2,04大安區,大安區忠孝東路3段與新生南路1段口,0,0,1,2,B01,8,6,8,50,14,9,1,5,4,5,13,4,4,10,5,5,2,13,1,65,3,10,7,1,7,12,1,4,1,7,,44,,1,21,121.5333621,25.0421652
113,8,31,12,55,2,06松山區,松山區光復南路22巷與光復南路32巷16弄口,0,0,1,1,B01,8,5,5,30,4,1,1,5,4,5,13,4,4,10,5,5,2,15,1,60,3,10,7,1,7,9,1,8,1,5,,72,,1,21,121.5563858,25.0470265
113,8,31,12,55,2,06松山區,松山區光復南路22巷與光復南路32巷16弄口,0,0,1,2,C03,8,5,5,30,4,1,1,5,4,5,13,4,4,10,5,5,2,15,1,39,2,8,6,1,7,9,1,10,1,11,,44,,1,21,121.5563858,25.0470265
113,8,31,13,38,2,03中山區,中山區市民大道3段與八德路2段口,0,0,2,1,B03,8,7,8,40,4,1,1,5,4,5,13,1,1,1,4,5,2,16,2,49,3,10,7,1,7,6,1,8,1,5,,9,,1,21,121.5348515,25.04508898
113,8,31,13,38,2,03中山區,中山區市民大道3段與八德路2段口,0,0,2,2,C03,8,7,8,40,4,1,1,5,4,5,13,1,1,1,4,5,2,16,1,28,2,9,6,1,7,9,1,10,1,14,,44,,1,21,121.5348515,25.04508898
113,8,31,13,38,2,03中山區,中山區市民大道3段與八德路2段口,0,0,2,3,H02,8,7,8,40,4,1,1,5,4,5,13,1,1,1,4,5,2,16,2,41,2,1,6,5,7,21,8,20,10,17,,67,,1,21,121.5348515,25.04508898
113,8,31,14,12,2,11南港區,南港區同德路87號與同德路口,0,0,2,1,B03,8,6,5,50,3,1,1,5,4,5,13,4,4,4,5,5,2,11,1,67,3,10,3,4,7,15,1,8,1,1,,19,,1,22,121.5866461,25.0463148
113,8,31,14,12,2,11南港區,南港區同德路87號與同德路口,0,0,2,2,C03,8,6,5,50,3,1,1,5,4,5,13,4,4,4,5,5,2,11,2,20,2,8,3,4,7,9,1,10,1,11,,13,,1,22,121.5866461,25.0463148
113,8,31,14,12,2,11南港區,南港區同德路87號與同德路口,0,0,2,3,H02,8,6,5,50,3,1,1,5,4,5,13,4,4,4,5,5,2,11,2,46,2,8,3,5,7,17,8,20,10,16,,67,,1,22,121.5866461,25.0463148
113,8,31,14,20,2,06松山區,松山區民權東路3段111號,0,0,1,1,C03,8,7,5,50,14,9,1,5,4,5,13,4,4,1,3,1,2,13,1,26,3,10,5,1,7,9,1,10,1,11,,16,,1,25,121.5453684,25.06218411
113,8,31,14,20,2,06松山區,松山區民權東路3段111號,0,0,1,2,C03,8,7,5,50,14,9,1,5,4,5,13,4,4,1,3,1,2,13,2,30,2,9,5,1,7,9,1,10,1,13,,44,,1,26,121.5453684,25.06218411
113,8,31,14,42,2,04大安區,大安區和平東路1段與和平東路1段104巷口,0,0,1,1,B12,8,7,5,50,3,1,1,5,4,5,13,4,4,10,4,4,2,17,1,64,3,10,7,1,7,6,1,8,1,2,,9,,1,21,121.5249391,25.0267568
113,8,31,14,42,2,04大安區,大安區和平東路1段與和平東路1段104巷口,0,0,1,2,C03,8,7,5,50,3,1,1,5,4,5,13,4,4,10,4,4,2,17,1,27,2,8,6,1,7,9,1,10,1,11,,14,,1,21,121.5249391,25.0267568
113,8,31,14,51,2,04大安區,大安區和平東路3段與和平東路3段1巷口,0,0,1,1,B11,8,5,5,50,4,1,1,5,4,5,13,2,1,1,4,5,2,17,1,56,3,10,7,1,7,11,1,5,1,5,,10,,1,21,121.5465849,25.0247742
113,8,31,14,51,2,04大安區,大安區和平東路3段與和平東路3段1巷口,0,0,1,2,C03,8,5,5,50,4,1,1,5,4,5,13,2,1,1,4,5,2,17,1,31,2,9,6,1,7,9,1,10,1,11,,13,,1,21,121.5465849,25.0247742
113,8,31,14,54,2,11南港區,南港區忠孝東路6段322巷與忠孝東路6段口,0,0,1,1,C03,8,7,5,50,3,2,1,5,4,5,13,4,4,1,4,5,2,16,1,74,3,10,3,4,7,6,1,10,1,12,,9,,1,21,121.5906324,25.049559
113,8,31,14,54,2,11南港區,南港區忠孝東路6段322巷與忠孝東路6段口,0,0,1,2,C03,8,7,5,50,3,2,1,5,4,5,13,4,4,1,4,5,2,16,1,19,2,9,3,4,7,9,1,10,1,12,,44,,1,21,121.5906324,25.049559
113,8,31,15,20,2,08士林區,士林區文林路與前街口,0,0,1,1,B03,8,5,8,50,22,22,1,5,4,5,13,2,1,5,5,5,1,17,1,61,3,10,7,1,7,4,1,8,1,2,,81,,1,21,121.5240159,25.097309
113,8,31,15,20,2,08士林區,士林區文林路與前街口,0,0,1,2,B03,8,5,8,50,22,22,1,5,4,5,13,2,1,5,5,5,1,17,2,52,2,7,7,1,7,5,1,8,1,8,,44,,1,21,121.5240159,25.097309
113,8,31,15,29,2,03中山區,中山區南京東路1段35號,0,0,2,1,B03,8,5,5,50,14,8,1,5,4,5,13,4,4,1,4,4,2,13,1,56,3,10,3,4,7,8,1,8,1,6,,100,,1,21,121.5272001,25.0522234
113,8,31,15,29,2,03中山區,中山區南京東路1段35號,0,0,2,2,C03,8,5,5,50,14,8,1,5,4,5,13,4,4,1,4,4,2,13,1,42,2,9,3,4,7,9,1,10,1,14,,44,,1,21,121.5272001,25.0522234
113,8,31,15,29,2,03中山區,中山區南京東路1段35號,0,0,2,3,H02,8,5,5,50,14,8,1,5,4,5,13,4,4,1,4,4,2,13,2,41,2,7,3,5,7,21,8,20,10,16,,67,,1,21,121.5272001,25.0522234
113,8,31,15,53,2,04大安區,大安區建國南路2段151巷與瑞安街222巷口,0,0,1,1,B03,8,6,5,30,3,1,1,5,4,5,10,4,4,8,5,5,2,17,2,43,3,10,7,1,7,5,1,8,1,5,,72,,1,21,121.538459,25.0287527
113,8,31,15,53,2,04大安區,大安區建國南路2段151巷與瑞安街222巷口,0,0,1,2,C03,8,6,5,30,3,1,1,5,4,5,10,4,4,8,5,5,2,17,2,19,2,8,6,1,7,9,1,10,1,12,,44,,1,21,121.538459,25.0287527
113,8,31,15,53,2,04大安區,大安區建國南路2段151巷與瑞安街222巷口,0,0,1,3,B01,8,6,5,30,3,1,1,5,4,5,10,4,4,8,5,5,2,17,1,42,3,10,3,4,7,13,1,4,11,17,,38,,1,21,121.538459,25.0287527
113,8,31,15,55,2,08士林區,士林區延平北路5段與延平北路5段1巷口,0,0,1,1,B03,8,5,5,50,4,1,1,5,4,5,13,1,1,1,5,5,1,16,1,52,3,10,7,1,7,11,1,8,1,4,,80,,1,21,121.5112627,25.0790113
113,8,31,15,55,2,08士林區,士林區延平北路5段與延平北路5段1巷口,0,0,1,2,C03,8,5,5,50,4,1,1,5,4,5,13,1,1,1,5,5,1,16,2,21,2,9,5,1,7,9,1,10,1,11,,14,,1,21,121.5112627,25.0790113
113,8,31,16,21,2,09北投區,北投區裕民六路與裕民二路33巷口口,0,0,1,1,B03,7,5,5,50,3,1,1,5,4,5,13,2,1,5,4,5,2,16,1,51,3,10,7,1,7,5,1,8,1,4,,80,,1,21,121.5173209,25.1166635
113,8,31,16,21,2,09北投區,北投區裕民六路與裕民二路33巷口口,0,0,1,2,C03,7,5,5,50,3,1,1,5,4,5,13,2,1,5,4,5,2,16,2,40,2,9,5,1,7,9,1,10,1,12,,44,,1,21,121.5173209,25.1166635
113,8,31,17,10,2,12內湖區,內湖區內湖路2段179巷246號,0,0,1,1,B01,8,6,5,30,3,1,1,5,4,5,13,4,4,10,5,5,2,16,1,61,3,10,7,1,7,6,1,4,2,8,,80,,1,21,121.5843487,25.0842902
113,8,31,17,10,2,12內湖區,內湖區內湖路2段179巷246號,0,0,1,2,C03,8,6,5,30,3,1,1,5,4,5,13,4,4,10,5,5,2,16,1,19,2,9,6,1,7,9,1,10,2,12,,44,,1,21,121.5843487,25.0842902
113,8,31,17,40,2,01大同區,大同區大龍街244號,0,0,2,1,H01,8,6,5,50,14,9,1,5,4,5,13,4,4,8,3,5,1,3,2,35,2,7,4,5,8,18,8,20,10,16,,123,,1,21,121.5159217,25.0699924
113,8,31,17,40,2,01大同區,大同區大龍街244號,0,0,2,2,C03,8,6,5,50,14,9,1,5,4,5,13,4,4,8,3,5,1,3,2,24,2,9,6,1,7,9,1,10,2,11,,44,,1,21,121.5159217,25.0699924
113,8,31,17,40,2,01大同區,大同區大龍街244號,0,0,2,3,B03,8,6,5,50,14,9,1,5,4,5,13,4,4,8,3,5,1,3,1,59,3,10,3,4,7,14,1,8,2,17,,44,,1,21,121.5159217,25.0699924
113,8,31,18,30,2,07信義區,信義區松壽路與一號道路口,0,0,1,1,C03,8,5,5,50,5,1,1,5,4,5,13,1,1,5,2,5,2,17,2,24,2,9,6,1,7,1,1,10,2,12,,19,,1,22,121.5624549,25.0361072
113,8,31,18,30,2,07信義區,信義區松壽路與一號道路口,0,0,1,2,B01,8,5,5,50,5,1,1,5,4,5,13,1,1,5,2,5,2,17,1,51,3,10,3,4,7,6,1,4,2,8,,44,,1,21,121.5624549,25.0361072
113,8,31,18,32,2,01大同區,大同區市民高架道第439號燈桿,0,0,2,1,B03,8,5,5,60,10,7,1,5,4,5,13,4,4,1,4,5,2,13,1,30,3,10,7,1,7,9,1,8,1,1,,16,,1,21,121.5188033,25.0484475
113,8,31,18,32,2,01大同區,大同區市民高架道第439號燈桿,0,0,2,2,B03,8,5,5,60,10,7,1,5,4,5,13,4,4,1,4,5,2,13,1,46,3,10,7,1,7,14,1,8,1,3,,44,,1,21,121.5188033,25.0484475
113,8,31,18,32,2,01大同區,大同區市民高架道第439號燈桿,0,0,2,3,H02,8,5,5,60,10,7,1,5,4,5,13,4,4,1,4,5,2,13,2,43,2,9,7,5,7,17,8,20,10,16,,67,,1,21,121.5188033,25.0484475
113,8,31,18,32,2,01大同區,大同區市民高架道第439號燈桿,0,0,2,4,H02,8,5,5,60,10,7,1,5,4,5,13,4,4,1,4,5,2,13,2,15,2,9,7,5,7,17,8,20,10,16,,67,,1,21,121.5188033,25.0484475
113,8,31,18,37,2,05中正區,中正區羅斯福路3段與羅斯福路3段210巷口,0,0,1,1,B01,8,5,5,50,3,2,1,5,4,5,13,4,4,3,4,5,2,12,1,69,3,10,7,1,7,9,1,4,2,2,,17,,1,21,121.5295494,25.0192978
113,8,31,18,37,2,05中正區,中正區羅斯福路3段與羅斯福路3段210巷口,0,0,1,2,C03,8,5,5,50,3,2,1,5,4,5,13,4,4,3,4,5,2,12,1,23,2,9,5,1,7,9,1,10,2,14,,44,,1,21,121.5295494,25.0192978
113,8,31,18,37,2,05中正區,中正區羅斯福路3段與羅斯福路3段210巷口,0,0,1,3,H02,8,5,5,50,3,2,1,5,4,5,13,4,4,3,4,5,2,12,2,25,4,11,7,5,7,20,8,20,10,16,,67,,1,21,121.5295494,25.0192978
113,8,31,19,39,1,06松山區,松山區復興北路地下道北往南342號燈座處旁,1,0,1,1,C03,7,5,5,40,7,9,1,5,4,5,13,4,4,1,1,5,2,29,1,21,1,9,6,1,7,9,1,10,9,12,,108,,1,25,121.5442276,25.0699208
113,8,31,19,39,1,06松山區,松山區復興北路地下道北往南342號燈座處旁,1,0,1,3,H02,7,5,5,40,7,9,1,5,4,5,13,4,4,1,1,5,2,29,2,19,2,9,6,5,7,17,8,20,10,16,,67,,1,25,121.5442276,25.0699208
113,8,31,19,39,1,06松山區,松山區復興北路地下道北往南342號燈座處旁,1,0,1,2,,7,5,5,40,7,9,1,5,4,5,13,4,4,1,1,5,2,29,3,0,,,,,,,,,9,,,67,,,,121.5442276,25.0699208
113,8,31,19,39,1,06松山區,松山區復興北路地下道北往南342號燈座處旁,1,0,1,4,,7,5,5,40,7,9,1,5,4,5,13,4,4,1,1,5,2,29,3,0,,,,,,,,,9,,,67,,,,121.5442276,25.0699208
113,8,31,20,8,2,01大同區,大同區通河西街堤外便道堤外便道(百齡左岸261）燈桿,0,0,3,1,C03,7,5,8,30,22,22,1,5,4,5,13,4,4,10,5,5,2,9,2,31,2,8,5,1,7,9,1,10,1,11,,42,,1,21,121.5189385,25.0772781
113,8,31,20,8,2,01大同區,大同區通河西街堤外便道堤外便道(百齡左岸261）燈桿,0,0,3,2,H01,7,5,8,30,22,22,1,5,4,5,13,4,4,10,5,5,2,9,1,33,2,9,4,5,8,20,8,20,10,16,,67,,1,21,121.5189385,25.0772781
113,8,31,20,8,2,01大同區,大同區通河西街堤外便道堤外便道(百齡左岸261）燈桿,0,0,3,3,H01,7,5,8,30,22,22,1,5,4,5,13,4,4,10,5,5,2,9,1,25,2,8,4,5,8,20,8,20,10,16,,67,,1,21,121.5189385,25.0772781
113,8,31,20,39,2,06松山區,松山區民權東路3段與敦化北路口,0,0,2,1,C03,8,5,5,50,4,2,1,5,4,5,13,2,1,1,2,1,2,17,2,39,3,10,6,4,7,9,1,10,1,15,,44,,1,21,121.5502588,25.0615403
113,8,31,20,39,2,06松山區,松山區民權東路3段與敦化北路口,0,0,2,2,C04,8,5,5,50,4,2,1,5,4,5,13,2,1,1,2,1,2,17,1,21,2,9,6,4,7,9,1,8,1,11,,44,,1,21,121.5502588,25.0615403
113,8,31,20,39,2,06松山區,松山區民權東路3段與敦化北路口,0,0,2,3,H02,8,5,5,50,4,2,1,5,4,5,13,2,1,1,2,1,2,17,2,20,2,9,6,5,7,20,8,20,10,16,,67,,1,21,121.5502588,25.0615403
113,8,31,21,38,2,08士林區,士林區故宮路34巷與故宮路口,0,0,1,1,B01,7,5,5,50,4,2,1,5,4,5,13,1,1,3,4,5,1,15,1,63,3,10,3,4,7,11,1,4,1,6,,103,,1,21,121.547095,25.0967304
113,8,31,21,38,2,08士林區,士林區故宮路34巷與故宮路口,0,0,1,2,C03,7,5,5,50,4,2,1,5,4,5,13,1,1,3,4,5,1,15,1,54,2,9,3,4,7,9,1,10,1,11,,44,,1,21,121.547095,25.0967304
113,8,31,22,10,2,03中山區,中山區建國北路3段與民族東路口,0,0,2,1,C03,8,5,5,50,5,2,1,5,4,5,13,1,1,1,4,5,2,13,1,18,2,9,6,1,7,9,1,10,1,11,,16,,1,21,121.5337665,25.06819405
113,8,31,22,10,2,03中山區,中山區建國北路3段與民族東路口,0,0,2,2,C03,8,5,5,50,5,2,1,5,4,5,13,1,1,1,4,5,2,13,2,19,2,8,6,1,7,12,1,10,1,13,,44,,1,21,121.5337665,25.06819405
113,8,31,22,25,2,09北投區,北投區大度路東往西,0,0,4,1,C03,7,5,5,50,14,12,1,5,4,5,13,4,4,1,5,1,1,17,1,29,2,9,5,1,7,9,1,10,1,11,,44,,1,21,121.4867196,25.122084
113,8,31,22,25,2,09北投區,北投區大度路東往西,0,0,4,2,H02,7,5,5,50,14,12,1,5,4,5,13,4,4,1,5,1,1,17,2,25,2,7,5,5,7,20,8,20,10,16,,67,,1,21,121.4867196,25.122084
113,8,31,22,25,2,09北投區,北投區大度路東往西,0,0,4,3,C03,7,5,5,50,14,12,1,5,4,5,13,4,4,1,5,1,1,17,1,34,2,7,5,1,7,9,1,10,1,11,,13,,1,21,121.4867196,25.122084
113,8,31,22,25,2,09北投區,北投區大度路東往西,0,0,4,4,C03,7,5,5,50,14,12,1,5,4,5,13,4,4,1,5,1,1,17,1,20,2,9,5,1,7,9,1,10,1,11,,42,,1,21,121.4867196,25.122084
113,8,31,22,36,2,05中正區,中正區愛國東路與寧波東街口,0,0,2,1,C03,8,5,5,40,3,1,1,5,4,5,13,1,1,1,4,4,2,17,1,21,2,9,5,1,7,5,1,10,1,12,,98,,1,22,121.520449,25.0332373
113,8,31,22,36,2,05中正區,中正區愛國東路與寧波東街口,0,0,2,2,B02,8,5,5,40,3,1,1,5,4,5,13,1,1,1,4,4,2,17,1,61,3,10,7,1,7,9,1,8,1,1,,13,,1,22,121.520449,25.0332373
113,8,31,22,36,2,05中正區,中正區愛國東路與寧波東街口,0,0,2,3,H01,8,5,5,40,3,1,1,5,4,5,13,1,1,1,4,4,2,17,1,18,2,8,4,5,8,17,8,20,10,16,,67,,1,22,121.520449,25.0332373
113,8,31,22,38,2,03中山區,中山區樂群三路與敬業四路口,0,0,1,1,B03,8,5,5,50,4,1,1,5,4,5,13,1,1,5,4,5,2,17,2,64,3,10,3,4,7,5,1,8,9,17,,71,,2,22,121.5585164,25.0815902
113,8,31,22,38,2,03中山區,中山區樂群三路與敬業四路口,0,0,1,2,C03,8,5,5,50,4,1,1,5,4,5,13,1,1,5,4,5,2,17,2,22,2,9,6,4,7,9,1,10,1,15,,44,,1,22,121.5585164,25.0815902
113,8,31,22,38,2,03中山區,中山區樂群三路與敬業四路口,0,0,1,3,B03,8,5,5,50,4,1,1,5,4,5,13,1,1,5,4,5,2,17,1,39,3,10,3,4,7,13,1,8,1,6,,38,,1,22,121.5585164,25.0815902
113,8,31,22,49,2,01大同區,大同區赤峰街與赤峰街47巷口,0,0,3,1,C03,8,5,5,30,4,1,1,5,4,5,13,4,4,10,5,5,2,15,1,26,2,9,6,1,7,9,1,10,1,11,,72,,1,21,121.519642,25.0553147
113,8,31,22,49,2,01大同區,大同區赤峰街與赤峰街47巷口,0,0,3,2,C03,8,5,5,30,4,1,1,5,4,5,13,4,4,10,5,5,2,15,1,38,2,7,6,1,7,9,1,10,1,11,,44,,1,21,121.519642,25.0553147
113,8,31,22,49,2,01大同區,大同區赤峰街與赤峰街47巷口,0,0,3,3,H02,8,5,5,30,4,1,1,5,4,5,13,4,4,10,5,5,2,15,1,33,2,8,6,5,7,17,8,20,10,16,,67,,1,21,121.519642,25.0553147