發生年度,發生月,發生日,發生時-Hours,發生分,處理別-編號,區序,肇事地點,死亡人數,2-30日死亡人數,受傷人數,當事人序號,車種,天候,道路照明設備,道路類別,速限-速度限制,道路型態,事故位置,路面狀況1,路面狀況2,路面狀況3,道路障礙1,道路障礙2,號誌1,號誌2,車道劃分-分向,車道劃分-分道1,車道劃分-分道2,車道劃分-分道3,事故類型及型態,性別,年齡,受傷程度,主要傷處,保護裝置,行動電話,車輛用途,當事者行動狀態,駕駛資格情形,駕駛執照種類,飲酒情形,車輛撞擊部位1,車輛撞擊部位2,肇因碼-個別,肇因碼-主要,個人肇逃否,職業,座標-X,座標-Y
113,8,31,23,38,2,02萬華區,萬華區西園路1段與廣州街口,0,0,1,1,B03,8,5,5,40,4,2,1,5,4,5,13,1,1,1,4,5,2,17,1,44,3,10,7,1,7,11,1,8,1,4,,44,,1,21,121.4993573,25.03656704
113,8,31,23,38,2,02萬華區,萬華區西園路1段與廣州街口,0,0,1,2,C01,8,5,5,40,4,2,1,5,4,5,13,1,1,1,4,5,2,17,1,44,2,8,5,1,7,5,1,9,1,12,,17,,1,21,121.4993573,25.03656704
113,9,1,3,50,2,01大同區,大同區環河北路1段與民生西路423巷27弄口,0,0,1,1,C03,8,6,5,50,3,2,1,5,4,5,13,4,4,1,4,5,2,17,1,19,2,9,6,1,7,9,1,10,1,11,,108,,1,21,121.5085258,25.0578291
113,9,1,3,50,2,01大同區,大同區環河北路1段與民生西路423巷27弄口,0,0,1,2,B01,8,6,5,50,3,2,1,5,4,5,13,4,4,1,4,5,2,17,1,41,3,10,7,1,7,13,1,4,1,7,,44,,1,21,121.5085258,25.0578291
113,9,1,6,28,2,08士林區,士林區至善路2段與至善路2段332巷口,0,0,1,1,B03,8,7,5,50,14,9,1,5,4,5,13,4,4,3,5,5,1,17,1,39,3,10,7,1,7,13,1,8,1,4,,40,,1,21,121.5531263,25.1025413
113,9,1,6,28,2,08士林區,士林區至善路2段與至善路2段332巷口,0,0,1,2,F01,8,7,5,50,14,9,1,5,4,5,13,4,4,3,5,5,1,17,1,40,2,9,4,1,7,9,8,20,1,12,,44,,1,21,121.5531263,25.1025413
113,9,1,7,38,2,01大同區,大同區延平北路3段與迪化街2段149巷口,0,0,3,1,C03,8,6,5,50,4,18,1,5,4,5,13,2,1,5,4,5,2,9,1,47,2,9,5,4,7,9,1,9,2,11,,70,,1,21,121.5111653,25.0667227
113,9,1,7,38,2,01大同區,大同區延平北路3段與迪化街2段149巷口,0,0,3,2,H01,8,6,5,50,4,18,1,5,4,5,13,2,1,5,4,5,2,9,2,93,2,9,4,5,8,16,8,20,10,16,,122,,1,21,121.5111653,25.0667227
113,9,1,7,38,2,01大同區,大同區延平北路3段與迪化街2段149巷口,0,0,3,3,C03,8,6,5,50,4,18,1,5,4,5,13,2,1,5,4,5,2,9,2,63,2,8,5,4,7,14,1,10,9,15,,44,,1,21,121.5111653,25.0667227
113,9,1,8,7,2,10文山區,文山區木柵路1段與木柵路1段76巷口,0,0,1,1,B03,8,7,5,50,4,1,1,5,4,5,13,1,1,10,5,5,2,16,1,59,3,10,7,1,7,5,1,8,2,8,,98,,1,21,121.5501878,24.9874953
113,9,1,8,7,2,10文山區,文山區木柵路1段與木柵路1段76巷口,0,0,1,2,C03,8,7,5,50,4,1,1,5,4,5,13,1,1,10,5,5,2,16,1,22,2,9,6,1,7,9,1,10,2,12,,13,,1,21,121.5501878,24.9874953
113,9,1,8,20,2,12內湖區,內湖區民權東路6段與成功路2段口口,0,0,1,1,B03,7,6,5,50,3,1,1,5,4,5,13,4,4,3,4,5,2,16,2,50,3,10,7,1,7,6,1,8,1,5,,9,,1,21,121.5903179,25.0688797
113,9,1,8,20,2,12內湖區,內湖區民權東路6段與成功路2段口口,0,0,1,2,C04,7,6,5,50,3,1,1,5,4,5,13,4,4,3,4,5,2,16,2,42,2,9,5,1,7,9,1,10,1,14,,44,,1,21,121.5903179,25.0688797
113,9,1,8,26,2,06松山區,松山區健康路與南京東路4段口,0,0,1,1,B02,8,7,5,50,4,2,2,5,4,5,13,2,1,1,4,5,2,15,2,23,3,10,7,1,7,15,1,8,1,8,,80,,1,25,121.5523657,25.0515057
113,9,1,8,26,2,06松山區,松山區健康路與南京東路4段口,0,0,1,2,C03,8,7,5,50,4,2,2,5,4,5,13,2,1,1,4,5,2,15,1,59,2,9,5,1,7,15,1,10,1,12,,42,,1,26,121.5523657,25.0515057
113,9,1,8,40,2,08士林區,士林區天母北路58號,0,0,1,1,A02,8,7,5,50,12,9,1,5,4,5,13,4,4,9,4,5,1,9,1,32,3,10,7,1,7,9,1,2,9,5,,44,,1,21,121.5267487,25.12154553
113,9,1,8,40,2,08士林區,士林區天母北路58號,0,0,1,2,H01,8,7,5,50,12,9,1,5,4,5,13,4,4,9,4,5,1,9,1,36,2,7,4,5,8,18,8,20,10,16,,60,,1,21,121.5267487,25.12154553
113,9,1,8,50,2,11南港區,南港區松河街與重陽路187巷口,0,0,1,1,C03,8,7,5,50,3,2,1,5,4,5,13,4,4,5,4,5,2,13,1,21,2,8,5,1,7,9,1,10,1,11,,107,,1,21,121.5984982,25.0582985
113,9,1,8,50,2,11南港區,南港區松河街與重陽路187巷口,0,0,1,2,B03,8,7,5,50,3,2,1,5,4,5,13,4,4,5,4,5,2,13,1,54,3,10,7,1,7,9,1,8,1,3,,44,,1,21,121.5984982,25.0582985
113,9,1,9,37,2,04大安區,大安區市民大道4段34號,0,0,1,1,B01,8,5,5,40,22,6,1,5,4,5,13,4,4,1,4,5,2,12,1,64,3,10,7,1,7,8,1,4,1,15,,80,,1,21,121.5470503,25.044972
113,9,1,9,37,2,04大安區,大安區市民大道4段34號,0,0,1,2,C03,8,5,5,40,22,6,1,5,4,5,13,4,4,1,4,5,2,12,2,23,2,2,6,1,7,9,1,10,1,13,,13,,1,21,121.5470503,25.044972
113,9,1,9,54,2,07信義區,信義區基隆路2段151-7號,0,0,1,1,B01,8,7,5,50,14,9,1,5,4,5,13,4,4,10,4,5,2,17,1,65,3,10,7,1,7,8,1,4,1,2,,100,,1,21,121.5544627,25.0259568
113,9,1,9,54,2,07信義區,信義區基隆路2段151-7號,0,0,1,2,C03,8,7,5,50,14,9,1,5,4,5,13,4,4,10,4,5,2,17,1,28,2,9,5,1,7,9,1,10,1,14,,44,,1,21,121.5544627,25.0259568
113,9,1,10,12,2,07信義區,信義區富陽街與富陽街87巷口,0,0,2,1,B03,8,6,5,50,3,1,1,5,4,5,13,4,4,10,4,5,1,17,1,50,3,10,3,4,7,5,1,8,2,8,,74,,1,21,121.5565429,25.0212809
113,9,1,10,12,2,07信義區,信義區富陽街與富陽街87巷口,0,0,2,2,C03,8,6,5,50,3,1,1,5,4,5,13,4,4,10,4,5,1,17,1,60,2,8,3,4,7,9,1,10,2,11,,44,,1,21,121.5565429,25.0212809
113,9,1,10,12,2,07信義區,信義區富陽街與富陽街87巷口,0,0,2,3,H02,8,6,5,50,3,1,1,5,4,5,13,4,4,10,4,5,1,17,2,19,2,1,3,5,7,20,8,20,10,16,,67,,1,21,121.5565429,25.0212809
113,9,1,10,39,2,05中正區,中正區徐州路46號旁,0,0,1,1,B03,8,5,5,50,14,9,1,5,4,5,13,4,4,9,4,5,1,16,2,51,3,10,7,1,7,11,1,4,1,4,,10,,1,21,121.5243267,25.0405064
113,9,1,10,39,2,05中正區,中正區徐州路46號旁,0,0,1,2,C03,8,5,5,50,14,9,1,5,4,5,13,4,4,9,4,5,1,16,2,35,2,8,5,1,7,9,1,10,1,12,,44,,1,21,121.5243267,25.0405064
113,9,1,10,43,2,08士林區,士林區仰德大道1段110號與仰德大道1段口,0,0,1,1,F01,8,6,5,40,3,1,1,5,4,5,13,2,1,4,5,5,1,13,1,47,2,9,4,1,7,9,8,20,1,17,,107,,1,21,121.536642,25.1082442
113,9,1,10,43,2,08士林區,士林區仰德大道1段110號與仰德大道1段口,0,0,1,2,B12,8,6,5,40,3,1,1,5,4,5,13,2,1,4,5,5,1,13,1,66,3,10,7,1,7,9,1,8,1,3,,44,,1,21,121.536642,25.1082442
113,9,1,11,2,2,02萬華區,萬華區萬大路與興寧街口,0,0,3,1,C03,8,7,5,50,4,1,1,5,4,5,13,1,1,8,3,5,2,16,1,19,2,8,5,1,7,9,1,10,2,11,,81,,1,21,121.5005886,25.0322559
113,9,1,11,2,2,02萬華區,萬華區萬大路與興寧街口,0,0,3,2,C03,8,7,5,50,4,1,1,5,4,5,13,1,1,8,3,5,2,16,1,51,2,9,5,1,7,5,1,10,2,11,,44,,1,21,121.5005886,25.0322559
113,9,1,11,2,2,02萬華區,萬華區萬大路與興寧街口,0,0,3,3,H02,8,7,5,50,4,1,1,5,4,5,13,1,1,8,3,5,2,16,2,19,2,9,5,5,7,17,8,20,10,16,,67,,1,21,121.5005886,25.0322559
113,9,1,11,11,2,02萬華區,萬華區長泰街與長泰街246巷口,0,0,2,1,C03,8,6,6,30,4,1,1,5,4,5,13,4,4,10,5,5,1,15,1,64,2,9,3,4,7,9,1,10,1,11,,14,,1,21,121.4948495,25.0216065
113,9,1,11,11,2,02萬華區,萬華區長泰街與長泰街246巷口,0,0,2,2,C03,8,6,6,30,4,1,1,5,4,5,13,4,4,10,5,5,1,15,1,30,2,9,3,4,7,9,1,10,1,12,,14,,1,21,121.4948495,25.0216065
113,9,1,12,27,2,07信義區,信義區信安街67巷與嘉興街181巷口,0,0,2,1,C03,8,6,5,50,4,1,1,5,4,5,13,2,1,9,4,5,1,17,2,22,2,7,3,4,7,5,1,10,1,12,,71,,1,21,121.5575004,25.0260557
113,9,1,12,27,2,07信義區,信義區信安街67巷與嘉興街181巷口,0,0,2,2,C03,8,6,5,50,4,1,1,5,4,5,13,2,1,9,4,5,1,17,1,42,2,8,3,4,7,9,1,10,1,11,,44,,1,21,121.5575004,25.0260557
113,9,1,12,30,2,08士林區,士林區中山北路6段236巷與克強路口,0,0,1,1,C03,7,5,5,50,4,1,1,5,4,5,13,2,1,1,5,5,1,17,1,25,3,10,5,1,7,5,1,10,1,11,,8,,1,21,121.5253075,25.1087193
113,9,1,12,30,2,08士林區,士林區中山北路6段236巷與克強路口,0,0,1,2,C03,7,5,5,50,4,1,1,5,4,5,13,2,1,1,5,5,1,17,1,57,2,8,5,1,7,7,1,10,1,11,,100,,1,21,121.5253075,25.1087193
113,9,1,12,55,2,06松山區,松山區市民大道6段與松山路口,0,0,1,1,C03,8,7,5,40,14,9,1,5,4,5,13,4,4,10,3,5,2,17,1,45,2,9,5,1,7,9,1,10,1,17,,108,,1,26,121.5782399,25.04950959
113,9,1,12,55,2,06松山區,松山區市民大道6段與松山路口,0,0,1,2,C03,8,7,5,40,14,9,1,5,4,5,13,4,4,10,3,5,2,17,1,52,3,10,5,1,7,12,1,10,1,17,,14,,1,26,121.5782399,25.04950959
113,9,1,13,21,2,05中正區,中正區重慶南路3段與和平西路1段口,0,0,1,1,B01,8,6,5,50,5,1,1,5,4,5,13,2,1,1,4,5,2,12,1,54,3,10,7,1,7,9,1,4,2,2,,17,,1,21,121.5156834,25.027411
113,9,1,13,21,2,05中正區,中正區重慶南路3段與和平西路1段口,0,0,1,2,C04,8,6,5,50,5,1,1,5,4,5,13,2,1,1,4,5,2,12,2,39,2,9,5,1,7,9,1,10,2,14,,42,,1,21,121.5156834,25.027411
113,9,1,13,26,2,02萬華區,萬華區成都路與漢中街口,0,0,1,1,C03,8,7,5,50,14,9,1,5,4,5,13,1,1,8,3,5,2,18,1,49,2,9,5,1,7,9,1,10,2,14,,42,,1,21,121.5076069,25.0423569
113,9,1,13,26,2,02萬華區,萬華區成都路與漢中街口,0,0,1,2,,8,7,5,50,14,9,1,5,4,5,13,1,1,8,3,5,2,18,3,0,,,,,,,,,,,,67,,1,,121.5076069,25.0423569
113,9,1,13,51,2,12內湖區,內湖區潭美街與新明路460巷口,0,0,4,1,C03,8,6,6,30,4,1,1,5,4,5,13,2,1,5,5,5,2,16,1,24,2,9,6,1,7,9,6,10,2,12,,81,,1,22,121.5787511,25.05349712
113,9,1,13,51,2,12內湖區,內湖區潭美街與新明路460巷口,0,0,4,2,C03,8,6,6,30,4,1,1,5,4,5,13,2,1,5,5,5,2,16,2,41,2,9,6,1,7,5,1,10,2,11,,32,,1,22,121.5787511,25.05349712
113,9,1,13,51,2,12內湖區,內湖區潭美街與新明路460巷口,0,0,4,3,H02,8,6,6,30,4,1,1,5,4,5,13,2,1,5,5,5,2,16,2,9,2,7,6,5,7,17,8,20,10,16,,67,,1,14,121.5787511,25.05349712
113,9,1,13,51,2,12內湖區,內湖區潭美街與新明路460巷口,0,0,4,4,H02,8,6,6,30,4,1,1,5,4,5,13,2,1,5,5,5,2,16,1,15,2,7,6,5,7,17,8,20,10,16,,67,,1,15,121.5787511,25.05349712
113,9,1,14,2,2,02萬華區,萬華區萬青街與萬大路277巷口,0,0,2,1,B01,8,6,5,30,4,1,1,5,4,5,13,3,1,10,5,5,1,15,1,49,3,10,3,4,7,9,1,1,2,2,,72,,1,21,121.5017527,25.0254572
113,9,1,14,2,2,02萬華區,萬華區萬青街與萬大路277巷口,0,0,2,2,C03,8,6,5,30,4,1,1,5,4,5,13,3,1,10,5,5,1,15,2,46,2,9,3,4,7,9,1,10,2,11,,108,,1,21,121.5017527,25.0254572
113,9,1,14,2,2,02萬華區,萬華區萬青街與萬大路277巷口,0,0,2,3,H02,8,6,5,30,4,1,1,5,4,5,13,3,1,10,5,5,1,15,1,11,2,8,3,5,7,20,8,20,10,16,,67,,1,14,121.5017527,25.0254572
113,9,1,14,58,2,12內湖區,內湖區民權東路6段與成功路2段口,0,0,1,1,B03,8,6,5,50,4,2,1,5,4,5,13,2,1,1,4,5,2,17,1,61,3,10,7,1,7,6,1,8,1,2,,9,,1,21,121.5907516,25.068863
113,9,1,14,58,2,12內湖區,內湖區民權東路6段與成功路2段口,0,0,1,2,C03,8,6,5,50,4,2,1,5,4,5,13,2,1,1,4,5,2,17,1,28,2,9,5,1,7,9,1,10,1,14,,44,,1,21,121.5907516,25.068863
113,9,1,15,20,2,03中山區,中山區大佳河濱公園8號水門自行車道,0,0,2,1,F01,8,7,8,0,11,23,2,5,4,4,9,4,4,10,5,5,2,17,2,35,2,9,4,1,7,5,8,20,1,11,,108,,1,21,121.5396092,25.07554121
113,9,1,15,20,2,03中山區,中山區大佳河濱公園8號水門自行車道,0,0,2,2,F01,8,7,8,0,11,23,2,5,4,4,9,4,4,10,5,5,2,17,1,47,2,9,4,1,7,6,8,20,1,11,,108,,1,21,121.5396092,25.07554121
113,9,1,15,40,2,04大安區,大安區師大路39巷8號前,0,0,1,1,B01,8,7,5,20,14,9,1,5,4,5,13,4,4,10,5,5,1,9,1,53,3,10,7,1,7,9,1,4,1,8,,44,,1,26,121.5287858,25.0246354
113,9,1,15,40,2,04大安區,大安區師大路39巷8號前,0,0,1,2,H01,8,7,5,20,14,9,1,5,4,5,13,4,4,10,5,5,1,9,2,41,2,8,4,5,8,20,8,20,1,16,,60,,1,21,121.5287858,25.0246354
113,9,1,16,6,2,10文山區,文山區興隆路3段與興德路口,0,0,2,1,B03,8,6,5,50,3,2,1,5,4,5,13,2,1,1,4,5,2,12,1,49,3,10,7,1,7,1,1,8,2,4,,19,,1,21,121.5550534,25.0006104
113,9,1,16,6,2,10文山區,文山區興隆路3段與興德路口,0,0,2,2,C03,8,6,5,50,3,2,1,5,4,5,13,2,1,1,4,5,2,12,2,43,2,9,6,1,7,9,1,10,2,12,,44,,1,21,121.5550534,25.0006104
113,9,1,16,6,2,10文山區,文山區興隆路3段與興德路口,0,0,2,3,H02,8,6,5,50,3,2,1,5,4,5,13,2,1,1,4,5,2,12,1,5,2,9,6,5,7,20,8,20,10,16,,67,,1,24,121.5550534,25.0006104
113,9,1,16,57,2,03中山區,中山區龍江路223巷與龍江路口,0,0,1,1,C03,8,6,5,30,4,1,1,5,4,5,13,4,4,10,5,5,2,15,1,36,2,8,6,1,7,9,1,10,1,12,,72,,1,21,121.5405819,25.056884
113,9,1,16,57,2,03中山區,中山區龍江路223巷與龍江路口,0,0,1,2,B03,8,6,5,30,4,1,1,5,4,5,13,4,4,10,5,5,2,15,2,19,3,10,7,1,7,9,1,8,1,1,,14,,1,21,121.5405819,25.056884
113,9,1,17,27,2,07信義區,信義區信義路5段與基隆路1段口口,0,0,1,1,B03,8,6,5,50,4,2,1,5,4,5,13,2,1,1,4,5,2,15,1,53,3,10,7,1,7,15,1,8,1,1,,9,,1,21,121.5598521,25.0331898
113,9,1,17,27,2,07信義區,信義區信義路5段與基隆路1段口口,0,0,1,2,F01,8,6,5,50,4,2,1,5,4,5,13,2,1,1,4,5,2,15,1,22,2,8,4,1,7,11,8,20,1,12,,11,,1,21,121.5598521,25.0331898
113,9,1,18,20,2,02萬華區,萬華區堤外便道自行車道3014076燈桿,0,0,1,1,F01,8,6,7,50,14,23,1,5,4,5,13,4,4,9,5,5,2,17,1,8,3,10,4,1,7,9,8,20,1,17,,118,,1,21,121.4875314,25.02969435
113,9,1,18,20,2,02萬華區,萬華區堤外便道自行車道3014076燈桿,0,0,1,2,F02,8,6,7,50,14,23,1,5,4,5,13,4,4,9,5,5,2,17,2,46,2,9,4,1,7,9,8,20,1,17,,118,,1,21,121.4875314,25.02969435
113,9,1,18,40,2,06松山區,松山區民生東路3段與敦化北路口,0,0,2,1,F01,8,5,5,50,5,1,1,5,4,5,13,2,1,1,4,1,2,15,2,48,2,8,4,1,7,9,8,20,1,14,,85,,1,21,121.548852,25.0579001
113,9,1,18,40,2,06松山區,松山區民生東路3段與敦化北路口,0,0,2,2,C03,8,5,5,50,5,1,1,5,4,5,13,2,1,1,4,1,2,15,1,22,2,8,6,1,7,9,1,10,1,11,,81,,1,21,121.548852,25.0579001
113,9,1,19,41,2,02萬華區,萬華區環河南路2段250巷與環河南路2段250巷17弄口,0,0,1,1,C03,7,5,5,30,3,1,1,5,4,5,13,4,4,9,4,5,2,17,1,56,3,10,6,1,7,5,1,10,1,14,,8,,1,21,121.4910311,25.0335898
113,9,1,19,41,2,02萬華區,萬華區環河南路2段250巷與環河南路2段250巷17弄口,0,0,1,2,C03,7,5,5,30,3,1,1,5,4,5,13,4,4,9,4,5,2,17,2,40,2,9,6,1,7,9,1,10,1,14,12,13,,1,21,121.4910311,25.0335898
113,9,1,19,49,2,01大同區,大同區太原路187號對面,0,0,1,1,C03,7,5,5,50,14,9,1,5,4,5,13,4,4,9,4,5,2,17,1,51,2,9,3,4,7,9,1,10,1,17,,44,,1,21,121.5168522,25.0562903
113,9,1,19,49,2,01大同區,大同區太原路187號對面,0,0,1,2,B03,7,5,5,50,14,9,1,5,4,5,13,4,4,9,4,5,2,17,1,30,3,10,3,4,7,11,1,8,1,17,,10,,1,21,121.5168522,25.0562903
113,9,1,20,29,2,04大安區,大安區復興南路1段與大安路1段116巷口,0,0,2,1,B03,7,5,5,50,4,1,1,5,4,5,13,2,1,1,3,5,2,16,1,71,3,10,3,4,7,1,1,8,11,2,,118,,1,21,121.5437862,25.0397002
113,9,1,20,29,2,04大安區,大安區復興南路1段與大安路1段116巷口,0,0,2,2,C03,7,5,5,50,4,1,1,5,4,5,13,2,1,1,3,5,2,16,1,26,2,9,6,1,7,14,1,10,2,14,,44,,1,21,121.5437862,25.0397002
113,9,1,20,29,2,04大安區,大安區復興南路1段與大安路1段116巷口,0,0,2,3,H02,7,5,5,50,4,1,1,5,4,5,13,2,1,1,3,5,2,16,2,26,2,9,6,5,7,20,8,20,10,16,,67,,1,21,121.5437862,25.0397002
113,9,1,21,0,2,02萬華區,萬華區環河南路2段與雙園街口,0,0,2,1,C03,7,5,5,50,4,2,1,5,4,5,13,2,1,1,4,5,2,17,2,59,2,9,6,1,7,11,1,10,1,12,14,10,,1,21,121.4917364,25.0323788
113,9,1,21,0,2,02萬華區,萬華區環河南路2段與雙園街口,0,0,2,3,H02,7,5,5,50,4,2,1,5,4,5,13,2,1,1,4,5,2,17,1,31,2,9,6,5,7,20,8,20,10,16,,67,,1,21,121.4917364,25.0323788
113,9,1,21,0,2,02萬華區,萬華區環河南路2段與雙園街口,0,0,2,2,B03,7,5,5,50,4,2,1,5,4,5,13,2,1,1,4,5,2,17,1,58,3,10,7,1,7,9,1,8,1,8,,108,,1,21,121.4917364,25.0323788
113,9,1,21,24,2,05中正區,中正區重慶南路3段與和平西路1段口,0,0,1,1,C03,8,5,5,50,5,1,1,5,4,5,13,1,1,1,4,5,2,17,1,20,2,9,5,1,7,6,1,10,2,11,,108,,1,21,121.515973,25.0275636
113,9,1,21,24,2,05中正區,中正區重慶南路3段與和平西路1段口,0,0,1,2,B03,8,5,5,50,5,1,1,5,4,5,13,1,1,1,4,5,2,17,1,40,3,10,7,1,7,6,1,8,2,2,,44,,1,21,121.515973,25.0275636
113,9,1,23,28,2,04大安區,大安區四維路228巷與和平東路3段1巷口,0,0,1,1,C03,8,5,5,30,4,2,1,5,4,5,13,4,4,10,5,5,1,17,1,18,3,10,5,1,7,9,1,10,1,17,,72,,1,21,121.5467472,25.0255833
113,9,1,23,28,2,04大安區,大安區四維路228巷與和平東路3段1巷口,0,0,1,2,C03,8,5,5,30,4,2,1,5,4,5,13,4,4,10,5,5,1,17,1,25,2,8,5,1,7,9,1,10,1,17,,44,,1,21,121.5467472,25.0255833
113,9,1,23,41,2,08士林區,士林區中山北路4段與通河街口口,0,0,1,2,C03,7,5,5,50,3,2,1,5,4,5,13,2,1,8,3,1,2,12,1,19,2,9,3,4,7,9,1,10,2,11,,44,,1,22,121.5242266,25.0799475
113,9,1,23,41,2,08士林區,士林區中山北路4段與通河街口口,0,0,1,1,C03,7,5,5,50,3,2,1,5,4,5,13,2,1,8,3,1,2,12,4,0,,,,,,,,,,,,119,,2,,121.5242266,25.0799475
113,9,1,23,43,2,02萬華區,萬華區西寧南路與貴陽街2段口,0,0,2,1,C03,7,5,5,50,4,2,1,5,4,5,13,2,1,9,4,5,1,17,1,43,3,10,3,4,7,6,1,10,1,13,,9,,1,22,121.5067831,25.03944795
113,9,1,23,43,2,02萬華區,萬華區西寧南路與貴陽街2段口,0,0,2,2,C03,7,5,5,50,4,2,1,5,4,5,13,2,1,9,4,5,1,17,1,20,2,8,3,4,7,5,1,10,1,12,,42,,1,22,121.5067831,25.03944795
113,9,1,23,43,2,02萬華區,萬華區西寧南路與貴陽街2段口,0,0,2,3,H02,7,5,5,50,4,2,1,5,4,5,13,2,1,9,4,5,1,17,1,24,2,6,3,5,7,20,8,20,10,16,,60,,1,22,121.5067831,25.03944795
113,9,2,0,44,2,08士林區,士林區德行東路與東山路口口,0,0,1,1,B03,7,5,5,30,4,1,1,5,4,5,13,4,4,4,5,5,2,17,1,66,3,10,3,4,7,15,1,8,1,5,,108,,1,22,121.5398856,25.1107445
113,9,2,0,44,2,08士林區,士林區德行東路與東山路口口,0,0,1,2,C03,7,5,5,30,4,1,1,5,4,5,13,4,4,4,5,5,2,17,1,25,2,8,3,4,7,5,1,10,1,11,,44,,1,22,121.5398856,25.1107445
113,9,2,1,13,2,04大安區,大安區光復南路688號前,0,0,1,1,B03,8,5,5,50,14,9,1,5,4,5,13,2,1,8,3,5,1,13,2,39,3,10,7,1,7,12,1,8,1,1,,104,,1,26,121.5573572,25.0300431
113,9,2,1,13,2,04大安區,大安區光復南路688號前,0,0,1,2,C03,8,5,5,50,14,9,1,5,4,5,13,2,1,8,3,5,1,13,2,19,2,7,5,1,7,14,1,10,1,13,,44,,1,26,121.5573572,25.0300431
113,9,2,1,48,2,02萬華區,萬華區成都路與康定路口,0,0,1,1,B02,7,5,5,50,4,2,1,5,4,5,13,2,1,9,4,5,1,17,1,24,3,10,3,4,7,6,1,8,1,1,,9,,1,22,121.5025428,25.0433678
113,9,2,1,48,2,02萬華區,萬華區成都路與康定路口,0,0,1,2,C03,7,5,5,50,4,2,1,5,4,5,13,2,1,9,4,5,1,17,1,45,2,9,3,4,7,5,1,10,1,13,,8,,1,22,121.5025428,25.0433678
113,9,2,2,29,2,02萬華區,萬華區西園路1段72巷與華西街口,0,0,1,1,C03,8,5,5,30,4,1,1,5,4,5,13,4,4,10,5,5,1,17,1,41,4,11,3,3,7,9,6,10,9,14,,44,,2,21,121.4985167,25.0395739
113,9,2,2,29,2,02萬華區,萬華區西園路1段72巷與華西街口,0,0,1,2,F03,8,5,5,30,4,1,1,5,4,5,13,4,4,10,5,5,1,17,2,47,2,7,4,1,7,9,8,20,9,11,,75,,1,21,121.4985167,25.0395739
113,9,2,5,45,2,05中正區,中正區羅斯福路3段與羅斯福路3段316巷口,0,0,2,1,C03,8,6,6,50,4,1,1,5,4,5,13,1,1,3,4,5,2,15,1,19,2,9,5,1,7,1,1,10,2,11,,19,,1,21,121.5327982,25.0160686
113,9,2,5,45,2,05中正區,中正區羅斯福路3段與羅斯福路3段316巷口,0,0,2,2,C03,8,6,6,50,4,1,1,5,4,5,13,1,1,3,4,5,2,15,1,30,2,9,5,1,7,9,1,10,2,14,,44,,1,21,121.5327982,25.0160686
113,9,2,6,16,2,09北投區,北投區北投路1段與大興街口,0,0,1,1,C03,7,6,5,50,4,1,1,5,4,5,13,2,1,5,5,4,2,17,2,66,2,8,6,1,7,9,1,10,1,11,,81,,1,21,121.5233231,25.11589566
113,9,2,6,16,2,09北投區,北投區北投路1段與大興街口,0,0,1,2,B03,7,6,5,50,4,1,1,5,4,5,13,2,1,5,5,4,2,17,1,49,3,10,2,1,7,9,1,8,1,2,,44,,1,21,121.5233231,25.11589566
113,9,2,6,46,2,11南港區,南港區成功路1段與成功路1段36巷口,0,0,1,1,C03,8,6,5,50,3,1,1,5,4,5,13,2,1,5,5,5,2,13,1,29,2,8,5,1,7,9,1,10,1,11,,108,,1,21,121.5929204,25.0558105
113,9,2,6,46,2,11南港區,南港區成功路1段與成功路1段36巷口,0,0,1,2,B03,8,6,5,50,3,1,1,5,4,5,13,2,1,5,5,5,2,13,2,70,3,10,7,1,7,6,1,8,1,3,,44,,1,21,121.5929204,25.0558105
113,9,2,6,59,2,09北投區,北投區大興街與大興街24巷口,0,0,2,1,B03,8,6,5,30,4,1,1,5,4,5,13,3,1,5,5,5,1,15,2,39,3,10,7,1,7,9,1,8,1,5,,72,,1,21,121.4985098,25.1299904
113,9,2,6,59,2,09北投區,北投區大興街與大興街24巷口,0,0,2,2,C03,8,6,5,30,4,1,1,5,4,5,13,3,1,5,5,5,1,15,1,77,2,9,5,1,7,9,1,10,1,14,12,14,,1,21,121.4985098,25.1299904
113,9,2,6,59,2,09北投區,北投區大興街與大興街24巷口,0,0,2,3,H02,8,6,5,30,4,1,1,5,4,5,13,3,1,5,5,5,1,15,2,73,2,9,5,5,7,20,8,20,10,16,,67,,1,21,121.4985098,25.1299904
113,9,2,7,2,2,02萬華區,萬華區華江橋往北市機車道,0,0,1,1,C03,8,7,7,40,8,11,1,5,4,5,13,4,4,10,5,5,2,18,2,19,2,9,5,1,7,9,1,10,1,12,,13,,1,21,121.488545,25.0354324
113,9,2,7,2,2,02萬華區,萬華區華江橋往北市機車道,0,0,1,2,,8,7,7,40,8,11,1,5,4,5,13,4,4,10,5,5,2,18,3,0,,,,,,,,,,,,130,,1,,121.488545,25.0354324
113,9,2,7,25,2,02萬華區,萬華區華江橋往北市機車道,0,0,2,1,C03,8,5,7,40,22,11,1,5,4,5,13,4,4,10,5,5,2,13,1,29,3,10,3,4,7,9,1,10,1,11,,118,,1,21,121.4879392,25.035571
113,9,2,7,25,2,02萬華區,萬華區華江橋往北市機車道,0,0,2,2,C03,8,5,7,40,22,11,1,5,4,5,13,4,4,10,5,5,2,13,1,65,2,9,3,4,7,15,1,10,1,13,,118,,1,21,121.4879392,25.035571
113,9,2,7,25,2,02萬華區,萬華區華江橋往北市機車道,0,0,2,3,H02,8,5,7,40,22,11,1,5,4,5,13,4,4,10,5,5,2,13,2,59,2,9,3,5,7,21,8,20,10,16,,67,,1,21,121.4879392,25.035571
113,9,2,7,29,2,04大安區,大安區金山南路2段與金華街口,0,0,1,1,C03,8,6,5,50,4,1,1,5,4,5,13,4,4,9,4,5,1,13,1,32,2,9,3,4,7,9,1,10,1,11,,16,,1,22,121.5266197,25.0299847