發生年度,發生月,發生日,發生時-Hours,發生分,處理別-編號,區序,肇事地點,死亡人數,2-30日死亡人數,受傷人數,當事人序號,車種,天候,道路照明設備,道路類別,速限-速度限制,道路型態,事故位置,路面狀況1,路面狀況2,路面狀況3,道路障礙1,道路障礙2,號誌1,號誌2,車道劃分-分向,車道劃分-分道1,車道劃分-分道2,車道劃分-分道3,事故類型及型態,性別,年齡,受傷程度,主要傷處,保護裝置,行動電話,車輛用途,當事者行動狀態,駕駛資格情形,駕駛執照種類,飲酒情形,車輛撞擊部位1,車輛撞擊部位2,肇因碼-個別,肇因碼-主要,個人肇逃否,職業,座標-X,座標-Y
113,9,2,7,29,2,04大安區,大安區金山南路2段與金華街口,0,0,1,2,B03,8,6,5,50,4,1,1,5,4,5,13,4,4,9,4,5,1,13,1,44,3,10,3,4,7,9,1,8,1,6,,44,,1,22,121.5266197,25.0299847
113,9,2,7,29,2,04大安區,大安區金山南路2段與金華街口,0,0,1,3,B01,8,6,5,50,4,1,1,5,4,5,13,4,4,9,4,5,1,13,2,63,3,10,3,4,7,11,1,4,1,17,,10,,1,21,121.5266197,25.0299847
113,9,2,7,40,2,05中正區,中正區愛國西路與延平南路口口,0,0,1,1,C03,8,6,5,50,4,1,1,5,4,5,13,1,1,1,4,4,2,16,1,48,3,10,6,1,7,6,1,10,1,12,,9,,1,21,121.5079088,25.0365993
113,9,2,7,40,2,05中正區,中正區愛國西路與延平南路口口,0,0,1,2,C03,8,6,5,50,4,1,1,5,4,5,13,1,1,1,4,4,2,16,1,32,2,6,6,1,7,9,1,10,1,11,,13,,1,21,121.5079088,25.0365993
113,9,2,7,41,2,10文山區,文山區秀明路2段92巷13號,0,0,1,1,C03,8,6,5,30,14,9,1,5,4,5,13,4,4,10,5,5,2,10,1,23,2,9,5,4,7,9,1,10,1,11,,108,,1,21,121.5756505,24.99106677
113,9,2,7,41,2,10文山區,文山區秀明路2段92巷13號,0,0,1,2,B03,8,6,5,30,14,9,1,5,4,5,13,4,4,10,5,5,2,10,1,41,3,10,3,4,7,9,1,8,1,1,,44,,1,21,121.5756505,24.99106677
113,9,2,7,50,2,07信義區,信義區基隆路2段151-7號,0,0,1,1,C03,8,7,5,50,14,9,1,5,4,5,13,4,4,10,4,5,2,17,1,32,2,9,5,1,7,15,1,10,1,11,,108,,1,21,121.5545134,25.0259809
113,9,2,7,50,2,07信義區,信義區基隆路2段151-7號,0,0,1,2,B03,8,7,5,50,14,9,1,5,4,5,13,4,4,10,4,5,2,17,2,40,3,10,7,1,7,14,1,8,1,6,,44,,1,21,121.5545134,25.0259809
113,9,2,7,57,2,07信義區,信義區永吉路30巷與永吉路30巷158弄口,0,0,1,1,C03,8,5,5,30,4,2,1,5,4,5,13,4,4,5,2,5,2,17,1,27,2,9,6,1,7,9,1,10,1,12,,72,,1,22,121.5687441,25.0423221
113,9,2,7,57,2,07信義區,信義區永吉路30巷與永吉路30巷158弄口,0,0,1,2,B03,8,5,5,30,4,2,1,5,4,5,13,4,4,5,2,5,2,17,2,23,3,10,7,1,7,9,1,8,1,1,,13,,1,22,121.5687441,25.0423221
113,9,2,7,58,2,04大安區,大安區信義路4段6號,0,0,1,1,C03,8,6,5,50,14,9,1,5,4,5,13,4,4,10,3,5,2,13,1,38,2,8,5,1,7,9,1,10,1,11,,16,,1,21,121.5441749,25.0332739
113,9,2,7,58,2,04大安區,大安區信義路4段6號,0,0,1,2,B03,8,6,5,50,14,9,1,5,4,5,13,4,4,10,3,5,2,13,1,38,3,10,7,1,7,9,1,8,1,6,,44,,1,21,121.5441749,25.0332739
113,9,2,7,59,2,12內湖區,內湖區內湖路2段81號前,0,0,3,1,C03,8,7,8,30,14,9,1,5,4,5,13,4,4,9,4,5,2,17,2,39,3,10,6,1,7,11,1,10,2,17,,4,,1,21,121.582721,25.07988863
113,9,2,7,59,2,12內湖區,內湖區內湖路2段81號前,0,0,3,2,B03,8,7,8,30,14,9,1,5,4,5,13,4,4,9,4,5,2,17,1,49,3,10,3,4,7,9,1,8,2,3,,44,,1,21,121.582721,25.07988863
113,9,2,7,59,2,12內湖區,內湖區內湖路2段81號前,0,0,3,3,C03,8,7,8,30,14,9,1,5,4,5,13,4,4,9,4,5,2,17,1,33,2,8,6,1,7,9,1,10,2,11,,16,,1,21,121.582721,25.07988863
113,9,2,7,59,2,12內湖區,內湖區內湖路2段81號前,0,0,3,4,H02,8,7,8,30,14,9,1,5,4,5,13,4,4,9,4,5,2,17,2,7,2,3,6,5,7,21,8,20,10,16,,67,,1,14,121.582721,25.07988863
113,9,2,7,59,2,12內湖區,內湖區內湖路2段81號前,0,0,3,5,H02,8,7,8,30,14,9,1,5,4,5,13,4,4,9,4,5,2,17,2,33,2,8,6,5,7,21,8,20,10,16,,67,,1,21,121.582721,25.07988863
113,9,2,8,13,2,04大安區,大安區羅斯福路4段133號,0,0,2,1,C03,8,5,5,50,14,9,1,5,4,5,13,4,4,1,4,5,2,12,2,48,2,8,6,1,7,10,1,10,1,12,,101,,1,21,121.5374012,25.0104225
113,9,2,8,13,2,04大安區,大安區羅斯福路4段133號,0,0,2,2,C03,8,5,5,50,14,9,1,5,4,5,13,4,4,1,4,5,2,12,1,25,2,7,6,1,7,9,1,10,1,14,,44,,1,21,121.5374012,25.0104225
113,9,2,8,13,2,05中正區,中正區重慶南路1段與襄陽路口,0,0,1,1,C03,8,7,5,50,3,1,1,5,4,5,13,1,1,4,4,5,2,12,1,45,3,10,6,1,7,15,1,10,1,14,,17,,1,21,121.5132159,25.04346084
113,9,2,8,13,2,05中正區,中正區重慶南路1段與襄陽路口,0,0,1,2,C03,8,7,5,50,3,1,1,5,4,5,13,1,1,4,4,5,2,12,1,61,2,9,6,1,7,15,1,10,1,12,,17,,1,21,121.5132159,25.04346084
113,9,2,8,30,2,10文山區,文山區老泉街45巷(第42號電燈桿),0,0,1,1,C04,8,6,5,30,11,9,1,5,4,5,13,4,4,10,5,5,2,10,2,35,2,9,3,4,7,15,1,11,2,14,,5,,1,21,121.5728668,24.97534271
113,9,2,8,30,2,10文山區,文山區老泉街45巷(第42號電燈桿),0,0,1,2,B03,8,6,5,30,11,9,1,5,4,5,13,4,4,10,5,5,2,10,1,61,3,10,3,4,7,15,1,8,2,8,,42,,1,21,121.5728668,24.97534271
113,9,2,8,31,2,10文山區,文山區辛亥路7段與寶橋口,0,0,1,1,B03,8,7,5,50,3,2,1,5,4,5,13,1,1,1,2,5,2,12,2,53,3,10,7,1,7,9,1,2,1,6,,17,,1,21,121.5540178,24.9799616
113,9,2,8,31,2,10文山區,文山區辛亥路7段與寶橋口,0,0,1,2,C03,8,7,5,50,3,2,1,5,4,5,13,1,1,1,2,5,2,12,2,65,2,9,5,1,7,9,1,10,1,15,,44,,1,21,121.5540178,24.9799616
113,9,2,8,40,2,01大同區,大同區民權西路104號,0,0,1,1,C03,8,6,5,50,14,9,1,5,4,5,13,4,4,9,4,5,2,17,2,33,2,9,5,1,7,4,1,10,1,14,,16,,1,21,121.5174203,25.062846
113,9,2,8,40,2,01大同區,大同區民權西路104號,0,0,1,2,B03,8,6,5,50,14,9,1,5,4,5,13,4,4,9,4,5,2,17,1,39,3,10,7,1,7,14,1,8,1,6,,44,,1,21,121.5174203,25.062846
113,9,2,8,40,2,01大同區,大同區民權西路104號,0,0,1,3,B12,8,6,5,50,14,9,1,5,4,5,13,4,4,9,4,5,2,17,1,23,3,10,7,1,7,9,1,8,1,3,,44,,1,21,121.5174203,25.062846
113,9,2,8,40,2,01大同區,大同區民權西路104號,0,0,1,4,C03,8,6,5,50,14,9,1,5,4,5,13,4,4,9,4,5,2,17,2,29,3,10,5,1,7,9,1,10,1,11,,16,,1,21,121.5174203,25.062846
113,9,2,8,43,2,02萬華區,萬華區萬大路239號前,0,0,2,1,F01,8,5,8,30,22,22,4,5,4,5,13,1,1,10,5,5,2,17,1,96,2,9,4,4,7,5,8,20,1,13,,8,,1,21,121.5005297,25.0263102
113,9,2,8,43,2,02萬華區,萬華區萬大路239號前,0,0,2,2,C03,8,5,8,30,22,22,4,5,4,5,13,1,1,10,5,5,2,17,1,27,2,9,3,4,7,9,1,10,1,11,,13,,1,21,121.5005297,25.0263102
113,9,2,8,50,2,12內湖區,內湖區星雲街92巷與文德路210巷30弄口,0,0,1,1,C03,8,6,5,50,4,1,1,5,4,5,9,4,4,5,5,5,2,15,1,42,3,10,5,1,7,9,1,10,1,11,,80,,1,21,121.5852189,25.07717439
113,9,2,8,50,2,12內湖區,內湖區星雲街92巷與文德路210巷30弄口,0,0,1,2,C03,8,6,5,50,4,1,1,5,4,5,9,4,4,5,5,5,2,15,1,65,2,9,5,1,7,9,1,10,1,14,,42,,1,21,121.5852189,25.07717439
113,9,2,8,54,2,12內湖區,內湖區新明路161號,0,0,2,1,C03,8,5,5,50,14,7,1,5,4,5,13,4,4,5,4,4,1,16,1,29,2,9,5,1,7,11,1,10,2,14,,44,,1,21,121.5890222,25.0591871
113,9,2,8,54,2,12內湖區,內湖區新明路161號,0,0,2,2,C03,8,5,5,50,14,7,1,5,4,5,13,4,4,5,4,4,1,16,1,35,2,9,5,1,7,9,1,9,2,12,,4,,1,21,121.5890222,25.0591871
113,9,2,9,0,2,02萬華區,萬華區西園路1段80號旁工地前,0,0,1,1,H03,8,7,5,50,14,9,1,5,4,5,13,4,4,9,5,5,2,9,2,78,3,10,4,5,8,17,8,20,9,16,,67,,1,21,121.4997774,25.0390535
113,9,2,9,0,2,02萬華區,萬華區西園路1段80號旁工地前,0,0,1,2,C03,8,7,5,50,14,9,1,5,4,5,13,4,4,9,5,5,2,9,1,76,2,8,5,1,7,14,1,10,9,14,,44,,1,21,121.4997774,25.0390535
113,9,2,9,4,2,11南港區,南港區環東大道東往西(6010043號燈桿),0,0,1,1,B03,8,6,5,80,14,9,1,5,4,5,13,4,4,10,3,5,1,13,2,64,3,10,3,4,7,15,1,8,1,1,,16,,1,21,121.6009124,25.0584032
113,9,2,9,4,2,11南港區,南港區環東大道東往西(6010043號燈桿),0,0,1,2,C02,8,6,5,80,14,9,1,5,4,5,13,4,4,10,3,5,1,13,1,37,2,7,5,4,7,15,1,9,1,13,,44,,1,21,121.6009124,25.0584032
113,9,2,9,10,2,12內湖區,內湖區康寧路3段與五分街口口,0,0,2,1,C04,8,6,5,50,3,1,1,5,4,5,13,2,1,1,4,5,2,13,2,66,2,8,5,1,7,11,1,10,1,13,,10,,1,21,121.611788,25.0678005
113,9,2,9,10,2,12內湖區,內湖區康寧路3段與五分街口口,0,0,2,2,C03,8,6,5,50,3,1,1,5,4,5,13,2,1,1,4,5,2,13,2,23,2,7,6,1,7,9,1,10,1,11,,44,,1,21,121.611788,25.0678005
113,9,2,9,13,2,08士林區,士林區仰德大道1段仰德幹23B6655GA76電桿,0,0,1,1,B03,8,5,5,40,14,9,1,5,4,5,13,4,4,4,5,5,2,12,1,59,3,10,3,4,7,9,1,8,2,2,,107,,1,21,121.5386455,25.10346093
113,9,2,9,13,2,08士林區,士林區仰德大道1段仰德幹23B6655GA76電桿,0,0,1,2,C03,8,5,5,40,14,9,1,5,4,5,13,4,4,4,5,5,2,12,2,18,2,9,3,4,7,9,1,10,2,15,,44,,1,21,121.5386455,25.10346093
113,9,2,9,20,2,04大安區,大安區信義路4段與敦化南路1段口,0,0,1,1,A02,8,6,5,50,4,1,1,5,4,5,13,1,1,9,4,5,1,9,1,35,3,10,3,4,7,9,1,2,1,17,,81,,1,21,121.549049,25.0334622
113,9,2,9,20,2,04大安區,大安區信義路4段與敦化南路1段口,0,0,1,2,H02,8,6,5,50,4,1,1,5,4,5,13,1,1,9,4,5,1,9,2,63,2,9,4,5,7,20,8,20,10,16,,67,,1,21,121.549049,25.0334622
113,9,2,9,20,2,04大安區,大安區信義路4段與敦化南路1段口,0,0,1,3,F01,8,6,5,50,4,1,1,5,4,5,13,1,1,9,4,5,1,9,4,0,3,10,3,4,7,9,8,20,11,17,,119,,2,22,121.549049,25.0334622
113,9,2,9,54,2,10文山區,文山區木柵路1段34號,0,0,1,1,B01,8,7,5,50,14,9,1,5,4,5,13,4,4,5,4,5,2,12,1,49,3,10,7,1,7,11,1,8,1,7,,10,,1,21,121.5464774,24.9868475
113,9,2,9,54,2,10文山區,文山區木柵路1段34號,0,0,1,2,C03,8,7,5,50,14,9,1,5,4,5,13,4,4,5,4,5,2,12,1,48,2,8,5,1,7,9,6,10,1,11,,108,,1,21,121.5464774,24.9868475
113,9,2,9,59,2,08士林區,士林區士東路與士東路25巷口,0,0,1,1,B03,8,7,5,50,3,1,1,5,4,5,13,4,4,4,5,5,2,17,1,37,3,10,7,1,7,11,1,8,1,7,,10,,1,21,121.527024,25.11185975
113,9,2,9,59,2,08士林區,士林區士東路與士東路25巷口,0,0,1,2,C03,8,7,5,50,3,1,1,5,4,5,13,4,4,4,5,5,2,17,1,31,2,1,6,1,7,9,1,10,1,11,,44,,1,21,121.527024,25.11185975
113,9,2,10,0,2,11南港區,南港區研究院路2段72號對面中研新村站,0,0,1,1,A02,8,6,5,40,14,7,1,5,4,5,13,4,4,1,4,5,2,9,1,48,3,10,7,1,7,1,1,2,2,15,,36,,1,21,121.615345,25.0456232
113,9,2,10,0,2,11南港區,南港區研究院路2段72號對面中研新村站,0,0,1,2,H02,8,6,5,40,14,7,1,5,4,5,13,4,4,1,4,5,2,9,2,71,2,9,4,5,7,19,8,20,10,16,,67,,1,21,121.615345,25.0456232
113,9,2,10,57,2,02萬華區,萬華區環河南路1段與內江街口,0,0,2,1,C03,8,6,5,50,3,2,1,5,4,5,13,1,1,5,2,5,1,17,1,25,2,8,3,4,7,11,1,10,1,12,,10,,1,21,121.5001704,25.041949
113,9,2,10,57,2,02萬華區,萬華區環河南路1段與內江街口,0,0,2,2,C03,8,6,5,50,3,2,1,5,4,5,13,1,1,5,2,5,1,17,1,60,2,9,3,4,7,9,6,10,1,11,,42,,1,21,121.5001704,25.041949
113,9,2,11,0,2,04大安區,大安區通化街171巷與通化街171巷22弄口,0,0,1,1,C03,8,7,5,50,4,1,1,5,4,5,13,4,4,8,3,5,1,12,1,51,2,8,5,1,7,9,1,10,1,12,,107,,1,21,121.5545812,25.0278351
113,9,2,11,0,2,04大安區,大安區通化街171巷與通化街171巷22弄口,0,0,1,2,B03,8,7,5,50,4,1,1,5,4,5,13,4,4,8,3,5,1,12,1,34,3,10,7,1,7,11,1,8,1,5,,44,,1,21,121.5545812,25.0278351
113,9,2,11,0,2,10文山區,文山區新光路1段9號,0,0,1,1,B03,8,6,5,50,14,9,2,5,4,5,13,4,4,9,5,5,2,17,2,46,3,10,3,4,7,3,1,8,1,8,,18,,1,21,121.5737125,24.9884379
113,9,2,11,0,2,10文山區,文山區新光路1段9號,0,0,1,2,F01,8,6,5,50,14,9,2,5,4,5,13,4,4,9,5,5,2,17,2,61,2,8,4,4,7,9,8,20,1,15,,44,,1,21,121.5737125,24.9884379
113,9,2,11,8,2,11南港區,南港區南港路1段與研究院路1段附近口,0,0,1,1,C03,8,6,5,50,4,2,1,5,4,5,13,2,1,3,4,5,2,17,2,34,2,8,5,1,7,5,1,10,1,14,,8,,1,22,121.6167916,25.055117
113,9,2,11,8,2,11南港區,南港區南港路1段與研究院路1段附近口,0,0,1,2,B02,8,6,5,50,4,2,1,5,4,5,13,2,1,3,4,5,2,17,1,58,3,10,3,4,7,1,1,8,1,2,,44,,1,22,121.6167916,25.055117
113,9,2,11,42,2,02萬華區,萬華區光復橋往新北,0,0,1,1,B03,8,6,5,50,8,9,1,5,4,5,13,4,4,2,2,5,1,12,1,69,4,11,3,4,7,8,7,19,11,2,,95,,2,22,121.4905135,25.0242995
113,9,2,11,42,2,02萬華區,萬華區光復橋往新北,0,0,1,2,C03,8,6,5,50,8,9,1,5,4,5,13,4,4,2,2,5,1,12,2,18,2,7,3,4,7,9,1,10,2,14,,44,,1,21,121.4905135,25.0242995
113,9,2,12,0,2,06松山區,松山區敦化北路100號,0,0,1,1,C03,8,6,5,50,14,9,1,5,4,5,13,4,4,1,4,4,2,13,2,20,2,7,6,1,7,9,1,10,1,11,,108,,1,22,121.5486178,25.053221
113,9,2,12,0,2,06松山區,松山區敦化北路100號,0,0,1,2,B03,8,6,5,50,14,9,1,5,4,5,13,4,4,1,4,4,2,13,1,42,3,10,7,1,7,12,1,8,1,6,,44,,1,22,121.5486178,25.053221
113,9,2,12,0,2,06松山區,松山區敦化北路100號,0,0,1,4,B03,8,6,5,50,14,9,1,5,4,5,13,4,4,1,4,4,2,13,1,50,3,10,7,3,7,14,1,8,9,4,,38,,1,22,121.5486178,25.053221
113,9,2,12,0,2,06松山區,松山區敦化北路100號,0,0,1,3,C03,8,6,5,50,14,9,1,5,4,5,13,4,4,1,4,4,2,13,2,46,3,10,6,1,7,9,1,10,9,14,,44,,1,22,121.5486178,25.053221
113,9,2,12,21,2,09北投區,北投區明德路18巷與文林北路94巷5弄口,0,0,1,1,F03,8,5,5,30,4,1,1,5,4,5,13,4,4,10,5,5,2,17,1,15,2,9,4,1,7,9,8,20,1,11,14,108,,1,21,121.5179452,25.1065703
113,9,2,12,21,2,09北投區,北投區明德路18巷與文林北路94巷5弄口,0,0,1,2,C03,8,5,5,30,4,1,1,5,4,5,13,4,4,10,5,5,2,17,1,29,3,10,5,1,7,5,1,10,1,14,12,74,,1,21,121.5179452,25.1065703
113,9,2,12,23,2,04大安區,大安區忠孝東路3段與建國南路1段口,0,0,2,1,B03,8,7,5,50,5,1,1,5,4,5,13,1,1,1,3,5,1,16,1,39,2,7,7,1,7,6,1,8,1,2,,17,,1,21,121.5371209,25.0419631
113,9,2,12,23,2,04大安區,大安區忠孝東路3段與建國南路1段口,0,0,2,2,B03,8,7,5,50,5,1,1,5,4,5,13,1,1,1,3,5,1,16,1,36,3,10,7,1,7,6,1,8,1,4,,17,,1,21,121.5371209,25.0419631
113,9,2,12,23,2,04大安區,大安區忠孝東路3段與建國南路1段口,0,0,2,3,H02,8,7,5,50,5,1,1,5,4,5,13,1,1,1,3,5,1,16,2,32,2,1,7,5,7,21,8,20,10,17,,67,,1,21,121.5371209,25.0419631
113,9,2,12,53,2,07信義區,信義區信義路5段17號對面,0,0,1,1,B03,8,6,5,50,14,9,1,5,4,5,13,2,1,1,4,5,1,13,2,49,3,10,3,4,7,9,1,8,1,5,,108,,1,21,121.5681099,25.0327623
113,9,2,12,53,2,07信義區,信義區信義路5段17號對面,0,0,1,2,C03,8,6,5,50,14,9,1,5,4,5,13,2,1,1,4,5,1,13,1,45,2,7,3,4,7,14,1,10,1,13,,44,,1,21,121.5681099,25.0327623
113,9,2,13,2,2,05中正區,中正區市民大道3段與新生北路1段口口,0,0,1,1,C03,8,5,5,50,4,1,1,5,4,5,13,2,1,9,4,5,1,16,1,47,3,10,5,1,7,6,1,10,1,12,,9,,1,21,121.5327697,25.0453399
113,9,2,13,2,2,05中正區,中正區市民大道3段與新生北路1段口口,0,0,1,2,C03,8,5,5,50,4,1,1,5,4,5,13,2,1,9,4,5,1,16,2,32,2,9,6,1,7,9,1,10,1,11,,14,,1,21,121.5327697,25.0453399
113,9,2,13,36,2,09北投區,北投區中央北路1段與光明路口,0,0,1,1,B02,8,6,5,50,5,1,1,5,4,5,13,3,1,1,3,1,2,16,1,41,3,10,7,1,7,5,1,8,2,1,,80,,1,21,121.5014631,25.13323265
113,9,2,13,36,2,09北投區,北投區中央北路1段與光明路口,0,0,1,2,C02,8,6,5,50,5,1,1,5,4,5,13,3,1,1,3,1,2,16,1,43,2,9,5,1,7,9,1,9,2,14,,44,,1,21,121.5014631,25.13323265
113,9,2,14,0,2,04大安區,大安區信義路2段與新生南路2段口,0,0,1,1,B03,8,7,5,40,4,1,1,5,4,5,13,1,1,8,3,5,1,16,1,45,3,10,7,1,7,6,1,8,1,5,,9,,1,21,121.5328666,25.0336352
113,9,2,14,0,2,04大安區,大安區信義路2段與新生南路2段口,0,0,1,2,C03,8,7,5,40,4,1,1,5,4,5,13,1,1,8,3,5,1,16,1,31,2,9,5,1,7,9,1,10,1,14,,13,,1,21,121.5328666,25.0336352
113,9,2,14,1,2,12內湖區,內湖區陽光街296號前,0,0,1,1,C03,8,5,5,50,14,9,1,5,4,5,13,4,4,9,5,5,2,12,1,19,2,7,6,1,7,1,1,10,1,14,,19,,1,21,121.5749112,25.0725638
113,9,2,14,1,2,12內湖區,內湖區陽光街296號前,0,0,1,2,B03,8,5,5,50,14,9,1,5,4,5,13,4,4,9,5,5,2,12,1,53,3,10,7,1,7,9,1,8,1,6,,44,,1,21,121.5749112,25.0725638
113,9,2,14,2,2,12內湖區,內湖區行善路與新湖二路口,0,0,1,1,C03,8,6,5,40,14,8,1,5,4,5,13,4,4,3,4,4,2,17,1,75,2,9,6,1,7,9,1,10,1,12,,108,,1,21,121.5855556,25.06474001
113,9,2,14,2,2,12內湖區,內湖區行善路與新湖二路口,0,0,1,2,B01,8,6,5,40,14,8,1,5,4,5,13,4,4,3,4,4,2,17,1,54,3,10,7,1,7,14,1,4,1,7,,38,,1,21,121.5855556,25.06474001
113,9,2,14,2,2,07信義區,信義區吳興街與吳興街260巷口,0,0,2,1,F02,8,6,5,30,4,1,1,5,4,5,13,4,4,9,5,5,1,16,2,69,2,9,4,4,7,5,8,20,1,13,,8,,1,22,121.5638739,25.026808
113,9,2,14,2,2,07信義區,信義區吳興街與吳興街260巷口,0,0,2,2,C03,8,6,5,30,4,1,1,5,4,5,13,4,4,9,5,5,1,16,1,44,2,3,3,4,7,9,1,10,1,11,,13,,1,22,121.5638739,25.026808
113,9,2,14,7,2,03中山區,中山區林森北路往北欣欣大眾公司站前,0,0,2,1,H01,8,7,5,0,14,20,4,5,4,5,13,4,4,10,5,5,2,6,2,7,2,8,4,5,8,18,8,20,10,16,,67,,1,22,121.5254539,25.05241749
113,9,2,14,7,2,03中山區,中山區林森北路往北欣欣大眾公司站前,0,0,2,2,F01,8,7,5,0,14,20,4,5,4,5,13,4,4,10,5,5,2,6,1,34,2,8,4,4,7,9,8,20,1,11,,70,,1,22,121.5254539,25.05241749
113,9,2,14,18,2,03中山區,中山區民生東路1段25號,0,0,1,1,B03,8,6,5,50,14,9,1,5,4,5,13,4,4,5,4,5,2,12,1,46,3,10,7,1,7,9,1,8,1,6,,118,,1,21,121.5246064,25.0581121
113,9,2,14,18,2,03中山區,中山區民生東路1段25號,0,0,1,2,C04,8,6,5,50,14,9,1,5,4,5,13,4,4,5,4,5,2,12,1,77,2,7,5,1,7,7,1,10,1,14,,100,,1,21,121.5246064,25.0581121
113,9,2,14,20,2,02萬華區,萬華區堤外便道北往南（燈桿3014237）,0,0,1,1,C03,8,5,7,30,11,11,1,5,4,5,13,4,4,8,3,5,1,12,1,34,3,10,3,4,7,4,1,10,1,14,,108,,1,22,121.5043138,25.0475219
113,9,2,14,20,2,02萬華區,萬華區堤外便道北往南（燈桿3014237）,0,0,1,2,C03,8,5,7,30,11,11,1,5,4,5,13,4,4,8,3,5,1,12,1,77,2,9,3,4,7,9,6,18,1,12,,44,,1,22,121.5043138,25.0475219
113,9,2,14,23,2,07信義區,信義區基隆路2段與基隆路2段39巷口,0,0,1,1,B01,8,6,5,50,3,1,1,5,4,5,13,4,4,1,4,5,1,17,1,63,3,10,3,4,7,6,1,4,1,2,,9,,1,21,121.5586502,25.0313062
113,9,2,14,23,2,07信義區,信義區基隆路2段與基隆路2段39巷口,0,0,1,2,C03,8,6,5,50,3,1,1,5,4,5,13,4,4,1,4,5,1,17,2,35,2,8,3,4,7,9,1,10,1,14,,44,,1,21,121.5586502,25.0313062
113,9,2,14,28,2,02萬華區,萬華區西園路2段與東園街口,0,0,2,1,C03,8,7,5,50,3,1,1,5,4,5,13,2,1,3,2,5,2,15,1,77,2,9,5,1,7,9,1,10,1,11,,118,,1,21,121.495326,25.0281696
113,9,2,14,28,2,02萬華區,萬華區西園路2段與東園街口,0,0,2,2,C03,8,7,5,50,3,1,1,5,4,5,13,2,1,3,2,5,2,15,2,39,2,9,6,1,7,9,1,10,1,14,,118,,1,21,121.495326,25.0281696
113,9,2,14,46,2,01大同區,大同區延平北路2段與民權西路口,0,0,1,1,C03,8,5,5,50,4,2,1,5,4,5,13,2,1,5,4,5,2,17,1,66,3,10,3,4,7,9,1,10,2,11,,44,,1,21,121.5111517,25.0631468
113,9,2,14,46,2,01大同區,大同區延平北路2段與民權西路口,0,0,1,2,C03,8,5,5,50,4,2,1,5,4,5,13,2,1,5,4,5,2,17,1,83,2,9,3,4,7,8,1,10,2,13,,100,,1,21,121.5111517,25.0631468
113,9,2,14,48,2,07信義區,(忠孝東路五段524巷1弄1號),0,0,1,1,C03,8,5,8,30,22,22,1,5,4,5,13,4,4,5,5,5,2,17,2,76,2,9,5,1,7,9,1,10,2,12,,17,,1,22,121.5794058,25.0412363
113,9,2,14,48,2,07信義區,(忠孝東路五段524巷1弄1號),0,0,1,2,B01,8,5,8,30,22,22,1,5,4,5,13,4,4,5,5,5,2,17,1,51,3,10,2,1,7,14,1,8,2,4,,44,,1,22,121.5794058,25.0412363
113,9,2,15,7,2,09北投區,北投區榮華三路與榮華三路24巷口,0,0,1,1,B03,8,7,5,30,3,1,1,5,4,5,13,4,4,9,5,5,2,16,1,44,3,10,7,1,7,5,1,8,1,8,,72,,1,22,121.5215352,25.11391346
113,9,2,15,7,2,09北投區,北投區榮華三路與榮華三路24巷口,0,0,1,2,F01,8,7,5,30,3,1,1,5,4,5,13,4,4,9,5,5,2,16,1,61,2,9,4,1,7,9,8,20,1,11,,44,,1,22,121.5215352,25.11391346
113,9,2,15,30,2,02萬華區,萬華區中華路2段336號,0,0,1,1,B11,8,7,5,50,14,7,1,5,4,5,13,4,4,9,4,4,2,12,1,25,3,10,7,1,7,15,1,4,1,8,,11,,1,21,121.5043893,25.0296206
113,9,2,15,30,2,02萬華區,萬華區中華路2段336號,0,0,1,2,C03,8,7,5,50,14,7,1,5,4,5,13,4,4,9,4,4,2,12,1,40,2,9,5,1,7,9,1,10,1,11,,44,,1,21,121.5043893,25.0296206
113,9,2,15,36,2,07信義區,信義區信安街67巷景勤二號公園停車場,0,0,1,1,C03,7,5,5,50,14,9,1,5,4,5,13,4,4,5,5,4,2,10,2,72,2,9,5,1,7,15,1,10,2,11,,99,,1,21,121.5586837,25.0259495
113,9,2,15,36,2,07信義區,信義區信安街67巷景勤二號公園停車場,0,0,1,2,B01,7,5,5,50,14,9,1,5,4,5,13,4,4,5,5,4,2,10,2,50,3,10,7,1,7,9,1,4,2,8,,108,,1,21,121.5586837,25.0259495
113,9,2,15,36,2,07信義區,信義區信安街67巷景勤二號公園停車場,0,0,1,3,B03,7,5,5,50,14,9,1,5,4,5,13,4,4,5,5,4,2,10,1,38,3,10,7,1,7,9,1,8,2,8,,44,,1,21,121.5586837,25.0259495
113,9,2,15,36,2,07信義區,信義區信安街67巷景勤二號公園停車場,0,0,1,4,B13,7,5,5,50,14,9,1,5,4,5,13,4,4,5,5,4,2,10,1,39,3,10,7,1,7,9,1,4,2,7,,44,,1,21,121.5586837,25.0259495
113,9,2,15,37,2,03中山區,中山區錦州街48號,0,0,2,1,C04,8,5,5,50,14,9,1,5,4,5,13,4,4,5,4,5,2,12,1,46,2,8,5,4,7,1,1,10,1,14,,19,,1,22,121.5262409,25.0601834
113,9,2,15,37,2,03中山區,中山區錦州街48號,0,0,2,2,C03,8,5,5,50,14,9,1,5,4,5,13,4,4,5,4,5,2,12,1,36,2,7,6,4,7,9,1,10,1,12,,44,,1,22,121.5262409,25.0601834
113,9,2,15,52,2,04大安區,大安區忠孝東路4段17巷與復興南路1段135巷口,0,0,1,1,B03,8,5,5,30,4,1,1,5,4,3,13,4,4,10,5,5,2,15,2,43,3,10,7,1,7,9,1,8,1,8,,72,,1,21,121.544476,25.0426729