發生年度,發生月,發生日,發生時-Hours,發生分,處理別-編號,區序,肇事地點,死亡人數,2-30日死亡人數,受傷人數,當事人序號,車種,天候,道路照明設備,道路類別,速限-速度限制,道路型態,事故位置,路面狀況1,路面狀況2,路面狀況3,道路障礙1,道路障礙2,號誌1,號誌2,車道劃分-分向,車道劃分-分道1,車道劃分-分道2,車道劃分-分道3,事故類型及型態,性別,年齡,受傷程度,主要傷處,保護裝置,行動電話,車輛用途,當事者行動狀態,駕駛資格情形,駕駛執照種類,飲酒情形,車輛撞擊部位1,車輛撞擊部位2,肇因碼-個別,肇因碼-主要,個人肇逃否,職業,座標-X,座標-Y
113,9,2,15,52,2,04大安區,大安區忠孝東路4段17巷與復興南路1段135巷口,0,0,1,2,C03,8,5,5,30,4,1,1,5,4,3,13,4,4,10,5,5,2,15,1,35,2,6,6,1,7,9,1,10,1,11,,14,,1,21,121.544476,25.0426729
113,9,2,15,52,2,04大安區,大安區忠孝東路4段17巷與復興南路1段135巷口,0,0,1,3,B11,8,5,5,30,4,1,1,5,4,3,13,4,4,10,5,5,2,15,1,34,3,10,7,1,7,13,1,4,9,17,,38,,1,21,121.544476,25.0426729
113,9,2,16,15,2,04大安區,大安區羅斯福路2段與和平東路1段口,0,0,2,1,C03,8,6,5,50,4,1,1,5,4,5,13,1,1,9,4,5,1,15,1,22,2,8,3,4,7,9,1,10,1,12,,81,,1,22,121.5225123,25.0271803
113,9,2,16,15,2,04大安區,大安區羅斯福路2段與和平東路1段口,0,0,2,2,C03,8,6,5,50,4,1,1,5,4,5,13,1,1,9,4,5,1,15,2,58,2,9,3,4,7,9,1,10,1,11,,44,,1,22,121.5225123,25.0271803
113,9,2,16,15,2,07信義區,信義區基隆路2段179號,0,0,2,1,C03,8,5,8,50,22,22,1,5,4,5,13,4,4,1,4,5,2,17,2,50,2,9,6,1,7,6,1,10,1,12,,108,,1,22,121.553729,25.0252611
113,9,2,16,15,2,07信義區,信義區基隆路2段179號,0,0,2,2,B02,8,5,8,50,22,22,1,5,4,5,13,4,4,1,4,5,2,17,1,54,3,10,7,1,7,14,1,8,1,7,,38,,1,22,121.553729,25.0252611
113,9,2,16,15,2,07信義區,信義區基隆路2段179號,0,0,2,3,C03,8,5,8,50,22,22,1,5,4,5,13,4,4,1,4,5,2,17,2,20,2,8,6,1,7,9,1,10,1,11,,44,,1,22,121.553729,25.0252611
113,9,2,16,26,2,05中正區,中正區忠孝西路1段與公園路口,0,0,2,2,H02,8,6,5,50,3,2,1,5,4,5,13,3,1,1,4,5,2,9,2,52,2,7,4,5,7,20,8,20,10,16,,67,,1,22,121.5170924,25.04617394
113,9,2,16,26,2,05中正區,中正區忠孝西路1段與公園路口,0,0,2,3,H02,8,6,5,50,3,2,1,5,4,5,13,3,1,1,4,5,2,9,2,49,2,9,4,5,7,20,8,20,10,16,,67,,1,22,121.5170924,25.04617394
113,9,2,16,26,2,05中正區,中正區忠孝西路1段與公園路口,0,0,2,1,A02,8,6,5,50,3,2,1,5,4,5,13,3,1,1,4,5,2,9,1,53,3,10,7,4,7,15,1,2,11,17,,44,,1,21,121.5170924,25.04617394
113,9,2,16,47,2,03中山區,中山區長安東路2段與遼寧街口,0,0,1,1,C03,8,5,5,50,4,1,1,5,4,5,13,1,1,5,4,5,2,13,2,50,2,4,3,4,7,9,1,10,1,11,,16,,1,21,121.5420666,25.04827154
113,9,2,16,47,2,03中山區,中山區長安東路2段與遼寧街口,0,0,1,2,B03,8,5,5,50,4,1,1,5,4,5,13,1,1,5,4,5,2,13,2,45,3,10,3,4,7,9,1,8,1,6,,44,,1,21,121.5420666,25.04827154
113,9,2,16,57,2,07信義區,信義區光復南路與光復南路443巷口,0,0,1,2,F01,8,6,5,50,5,2,1,5,4,5,13,2,1,1,4,5,2,15,1,16,2,9,2,1,7,9,8,20,1,11,,118,,1,21,121.5575881,25.0355505
113,9,2,16,57,2,07信義區,信義區光復南路與光復南路443巷口,0,0,1,1,B03,8,6,5,50,5,2,1,5,4,5,13,2,1,1,4,5,2,15,2,29,3,10,7,1,7,3,1,8,1,17,,118,,1,21,121.5575881,25.0355505
113,9,2,17,0,2,08士林區,士林區通河西街2段45號,0,0,1,1,C03,8,7,5,40,14,9,1,5,4,5,13,4,4,9,4,5,1,38,2,72,2,9,5,1,7,9,1,10,9,11,,108,,1,21,121.5110602,25.09065716
113,9,2,17,0,2,08士林區,士林區通河西街2段45號,0,0,1,2,,8,7,5,40,14,9,1,5,4,5,13,4,4,9,4,5,1,38,3,0,,,,,,,,,,,,67,,1,,121.5110602,25.09065716
113,9,2,17,2,2,05中正區,中正區延平南路與長沙街附近側附近1段口,0,0,1,1,B02,8,6,5,50,4,2,1,5,4,5,13,1,1,10,4,5,2,12,1,24,3,10,7,1,7,1,1,8,2,8,,19,,1,21,121.5089714,25.0399928
113,9,2,17,2,2,05中正區,中正區延平南路與長沙街附近側附近1段口,0,0,1,2,C03,8,6,5,50,4,2,1,5,4,5,13,1,1,10,4,5,2,12,2,37,2,9,6,1,7,15,1,10,2,12,,44,,1,21,121.5089714,25.0399928
113,9,2,17,13,2,04大安區,大安區信義路4段與四維路口,0,0,1,1,B12,8,5,5,50,3,1,1,5,4,5,13,4,4,10,4,5,2,16,1,44,3,10,7,1,7,5,1,8,1,8,,8,,1,21,121.5479966,25.0334072
113,9,2,17,13,2,04大安區,大安區信義路4段與四維路口,0,0,1,2,C03,8,5,5,50,3,1,1,5,4,5,13,4,4,10,4,5,2,16,1,44,2,7,6,1,7,9,1,10,1,11,,14,,1,21,121.5479966,25.0334072
113,9,2,17,15,2,07信義區,信義區松仁路與信義路5段150巷14弄口,0,0,2,1,C03,8,5,5,50,4,2,1,5,4,5,13,2,1,4,4,5,2,17,1,34,2,9,6,1,7,5,1,10,9,11,,71,,1,22,121.5683948,25.0285081
113,9,2,17,15,2,07信義區,信義區松仁路與信義路5段150巷14弄口,0,0,2,2,C03,8,5,5,50,4,2,1,5,4,5,13,2,1,4,4,5,2,17,2,41,2,9,6,1,7,9,1,10,9,14,,44,,1,22,121.5683948,25.0285081
113,9,2,17,20,2,08士林區,士林區中正路與福林路口,0,0,1,1,C03,8,6,5,50,5,2,1,5,4,5,13,1,1,5,4,5,2,17,1,19,2,7,6,1,7,8,1,10,1,12,,95,,1,22,121.5320632,25.0964508
113,9,2,17,20,2,08士林區,士林區中正路與福林路口,0,0,1,2,B03,8,6,5,50,5,2,1,5,4,5,13,1,1,5,4,5,2,17,1,66,3,10,7,1,7,9,1,7,1,7,,44,,1,22,121.5320632,25.0964508
113,9,2,17,33,2,03中山區,中山區大佳河濱公園(九號水門處),0,0,2,1,C03,8,5,5,50,3,1,1,5,4,5,13,4,4,5,5,5,2,15,2,38,2,8,3,4,7,5,1,10,1,12,,8,,1,21,121.5378521,25.07352301
113,9,2,17,33,2,03中山區,中山區大佳河濱公園(九號水門處),0,0,2,2,C03,8,5,5,50,3,1,1,5,4,5,13,4,4,5,5,5,2,15,1,73,2,8,3,4,7,9,1,10,1,11,,44,,1,21,121.5378521,25.07352301
113,9,2,17,33,2,03中山區,中山區大佳河濱公園(九號水門處),0,0,2,3,B03,8,5,5,50,3,1,1,5,4,5,13,4,4,5,5,5,2,15,2,44,3,10,3,4,7,14,1,8,1,6,,44,,1,21,121.5378521,25.07352301
113,9,2,18,5,2,03中山區,中山區吉林路與農安街口,0,0,2,1,C03,8,5,5,50,4,1,1,5,4,5,13,1,1,5,4,5,2,16,1,74,2,9,5,1,7,5,1,10,1,12,,8,,1,22,121.5303161,25.0647622
113,9,2,18,5,2,03中山區,中山區吉林路與農安街口,0,0,2,2,C03,8,5,5,50,4,1,1,5,4,5,13,1,1,5,4,5,2,16,1,52,2,9,5,1,7,9,1,10,1,11,,44,,1,22,121.5303161,25.0647622
113,9,2,18,10,2,12內湖區,內湖區新明路與南京東路6段368巷口,0,0,1,1,C03,8,5,5,50,3,2,1,5,4,5,13,2,1,5,4,5,2,12,2,69,2,9,5,1,7,7,1,10,1,14,,101,,1,21,121.5873365,25.0581235
113,9,2,18,10,2,12內湖區,內湖區新明路與南京東路6段368巷口,0,0,1,2,C03,8,5,5,50,3,2,1,5,4,5,13,2,1,5,4,5,2,12,2,30,3,10,5,1,7,9,1,10,1,12,,44,,1,21,121.5873365,25.0581235
113,9,2,18,22,2,02萬華區,萬華區桂林路242巷與環河南路2段130巷口,0,0,2,1,C03,7,5,5,30,4,1,1,5,4,5,13,4,4,10,5,5,1,15,1,27,2,9,3,4,7,9,1,10,1,12,,75,,1,22,121.4941399,25.0368774
113,9,2,18,22,2,02萬華區,萬華區桂林路242巷與環河南路2段130巷口,0,0,2,2,C03,7,5,5,30,4,1,1,5,4,5,13,4,4,10,5,5,1,15,1,31,2,9,3,4,7,9,1,10,1,11,,14,,1,22,121.4941399,25.0368774
113,9,2,18,37,2,10文山區,文山區興隆路2段與辛亥路5段口,0,0,1,1,C03,8,5,5,50,4,1,1,5,4,5,13,1,1,1,4,5,2,16,1,22,2,9,6,1,7,9,1,10,1,11,,44,,1,22,121.5546062,25.0009399
113,9,2,18,37,2,10文山區,文山區興隆路2段與辛亥路5段口,0,0,1,2,C03,8,5,5,50,4,1,1,5,4,5,13,1,1,1,4,5,2,16,1,18,3,10,6,1,7,5,1,10,1,14,,8,,1,22,121.5546062,25.0009399
113,9,2,18,38,2,10文山區,文山區萬美街2段(西往東0708343燈桿旁）,0,0,1,1,C03,8,6,5,40,14,9,1,5,4,5,13,4,4,5,5,5,2,18,1,50,2,9,5,1,7,9,1,10,1,12,,116,,1,21,121.5634496,25.0040546
113,9,2,18,38,2,10文山區,文山區萬美街2段(西往東0708343燈桿旁）,0,0,1,2,,8,6,5,40,14,9,1,5,4,5,13,4,4,5,5,5,2,18,3,0,,,,,,,,,,,,67,,1,,121.5634496,25.0040546
113,9,2,18,45,2,05中正區,中正區和平西路2段150號前,0,0,1,1,C03,7,5,5,40,14,11,1,5,4,5,13,4,4,2,4,4,1,17,1,18,2,9,5,1,7,4,1,10,1,12,,108,,1,21,121.5056902,25.033009
113,9,2,18,45,2,05中正區,中正區和平西路2段150號前,0,0,1,2,B11,7,5,5,40,14,11,1,5,4,5,13,4,4,2,4,4,1,17,1,49,3,10,7,1,7,10,1,4,1,7,,100,,1,21,121.5056902,25.033009
113,9,2,19,5,2,06松山區,松山區健康路與三民路口,0,0,1,1,B03,8,5,5,50,4,1,1,5,4,5,13,2,1,3,4,5,2,17,2,68,3,10,3,4,7,9,1,8,2,2,,44,,1,22,121.5639476,25.0542314
113,9,2,19,5,2,06松山區,松山區健康路與三民路口,0,0,1,2,C03,8,5,5,50,4,1,1,5,4,5,13,2,1,3,4,5,2,17,2,59,2,9,6,4,7,9,1,10,2,14,,101,,1,22,121.5639476,25.0542314
113,9,2,19,6,2,01大同區,大同區大龍街與重慶北路3段205巷口,0,0,3,1,C03,7,5,5,50,3,2,1,5,4,5,13,4,4,9,4,5,2,17,1,19,2,9,3,4,7,15,1,10,2,12,,4,,1,21,121.5158962,25.0700537
113,9,2,19,6,2,01大同區,大同區大龍街與重慶北路3段205巷口,0,0,3,2,C03,7,5,5,50,3,2,1,5,4,5,13,4,4,9,4,5,2,17,1,48,2,9,3,4,7,5,1,10,2,14,,44,,1,21,121.5158962,25.0700537
113,9,2,19,6,2,01大同區,大同區大龍街與重慶北路3段205巷口,0,0,3,3,H02,7,5,5,50,3,2,1,5,4,5,13,4,4,9,4,5,2,17,1,10,2,9,3,5,7,20,8,20,10,16,,67,,1,21,121.5158962,25.0700537
113,9,2,19,6,2,01大同區,大同區大龍街與重慶北路3段205巷口,0,0,3,4,C03,7,5,5,50,3,2,1,5,4,5,13,4,4,9,4,5,2,17,1,28,4,11,3,4,7,21,7,19,11,15,,44,,1,22,121.5158962,25.0700537
113,9,2,19,6,2,01大同區,大同區大龍街與重慶北路3段205巷口,0,0,3,5,C03,7,5,5,50,3,2,1,5,4,5,13,4,4,9,4,5,2,17,1,49,3,10,3,4,7,21,7,19,11,14,,44,,1,22,121.5158962,25.0700537
113,9,2,19,6,2,01大同區,大同區大龍街與重慶北路3段205巷口,0,0,3,6,C03,7,5,5,50,3,2,1,5,4,5,13,4,4,9,4,5,2,17,2,39,3,10,3,4,7,21,7,19,11,14,,44,,1,22,121.5158962,25.0700537
113,9,2,19,6,2,01大同區,大同區大龍街與重慶北路3段205巷口,0,0,3,7,C03,7,5,5,50,3,2,1,5,4,5,13,4,4,9,4,5,2,17,2,37,3,10,3,4,7,21,7,19,11,14,,44,,1,22,121.5158962,25.0700537
113,9,2,19,10,2,07信義區,信義區市民大道6段38號,0,0,2,1,C03,8,5,5,40,14,9,1,5,4,5,13,4,4,1,4,5,2,12,1,52,2,9,6,4,7,9,1,10,1,14,,118,,1,21,121.5704816,25.049206
113,9,2,19,10,2,07信義區,信義區市民大道6段38號,0,0,2,2,C03,8,5,5,40,14,9,1,5,4,5,13,4,4,1,4,5,2,12,1,42,2,9,6,4,7,14,1,10,1,12,,118,,1,21,121.5704816,25.049206
113,9,2,19,45,2,02萬華區,萬華區萬大路與萬大路322巷口,0,0,2,1,B03,8,5,5,30,4,1,1,5,4,5,13,1,1,9,4,5,2,17,1,61,3,10,7,4,7,5,1,8,1,1,,8,,1,22,121.5001761,25.02422485
113,9,2,19,45,2,02萬華區,萬華區萬大路與萬大路322巷口,0,0,2,2,C03,8,5,5,30,4,1,1,5,4,5,13,1,1,9,4,5,2,17,1,18,2,9,6,4,7,9,1,10,1,14,,44,,1,21,121.5001761,25.02422485
113,9,2,19,45,2,02萬華區,萬華區萬大路與萬大路322巷口,0,0,2,3,H01,8,5,5,30,4,1,1,5,4,5,13,1,1,9,4,5,2,17,2,81,2,7,4,5,8,16,8,20,10,16,,67,,1,21,121.5001761,25.02422485
113,9,2,19,45,2,09北投區,北投區明德路150巷13號,0,0,3,1,C03,8,5,5,50,14,9,1,5,4,3,10,4,4,5,5,5,2,16,2,46,2,9,5,1,7,1,1,10,2,14,,19,,1,21,121.5213101,25.1103438
113,9,2,19,45,2,09北投區,北投區明德路150巷13號,0,0,3,2,C03,8,5,5,50,14,9,1,5,4,3,10,4,4,5,5,5,2,16,2,27,2,9,5,1,7,9,1,10,2,11,,44,,1,21,121.5213101,25.1103438
113,9,2,19,45,2,09北投區,北投區明德路150巷13號,0,0,3,3,B03,8,5,5,50,14,9,1,5,4,3,10,4,4,5,5,5,2,16,2,49,3,10,7,1,7,13,1,8,9,17,,38,,1,21,121.5213101,25.1103438
113,9,2,19,45,2,09北投區,北投區明德路150巷13號,0,0,3,4,H02,8,5,5,50,14,9,1,5,4,3,10,4,4,5,5,5,2,16,2,12,2,7,6,5,7,20,8,20,10,16,,67,,1,21,121.5213101,25.1103438
113,9,2,20,3,2,02萬華區,萬華區環河南路1段與長沙街2段口,0,0,1,1,C03,8,5,5,50,3,2,1,5,4,5,13,1,1,8,3,5,2,16,1,66,3,10,5,1,7,5,1,10,1,13,,8,,1,21,121.4996042,25.0415542
113,9,2,20,3,2,02萬華區,萬華區環河南路1段與長沙街2段口,0,0,1,2,C03,8,5,5,50,3,2,1,5,4,5,13,1,1,8,3,5,2,16,2,45,2,9,5,1,7,9,1,10,1,11,,44,,1,21,121.4996042,25.0415542
113,9,2,20,10,2,04大安區,大安區基隆路3段與基隆路3段156巷口口,0,0,1,1,H03,8,5,5,30,3,1,1,5,4,5,13,1,1,1,3,4,1,29,3,61,,,,,,,,,,,,66,,1,,121.5424866,25.0158599
113,9,2,20,10,2,04大安區,大安區基隆路3段與基隆路3段156巷口口,0,0,1,2,C03,8,5,5,30,3,1,1,5,4,5,13,1,1,1,3,4,1,29,1,66,2,9,6,1,7,9,1,10,1,11,,44,,1,21,121.5424866,25.0158599
113,9,2,22,3,2,03中山區,中山區民生東路1段與林森北路口,0,0,1,1,C03,8,5,5,50,4,1,1,5,4,5,13,1,1,5,4,5,2,13,2,18,2,9,5,1,7,9,1,10,1,11,,16,,1,22,121.5257023,25.058127
113,9,2,22,3,2,03中山區,中山區民生東路1段與林森北路口,0,0,1,2,C03,8,5,5,50,4,1,1,5,4,5,13,1,1,5,4,5,2,13,1,35,3,10,5,1,7,9,1,10,1,13,,44,,1,22,121.5257023,25.058127
113,9,2,22,20,2,03中山區,中山區錦州街30巷與錦州街口,0,0,1,1,B03,8,5,5,50,3,1,1,5,4,5,13,4,4,9,4,5,2,3,1,17,3,10,7,1,7,5,2,18,2,4,,70,,1,21,121.5247546,25.0602511
113,9,2,22,20,2,03中山區,中山區錦州街30巷與錦州街口,0,0,1,2,H01,8,5,5,50,3,1,1,5,4,5,13,4,4,9,4,5,2,3,1,15,2,9,4,5,8,16,8,20,1,16,,67,,1,21,121.5247546,25.0602511
113,9,3,2,55,2,03中山區,中山區明水路北安國中,0,0,1,1,C03,8,5,5,50,14,9,1,5,4,5,13,4,4,1,4,5,2,17,1,41,2,9,5,1,7,9,1,9,1,11,,104,,1,22,121.5183568,25.04847309
113,9,3,2,55,2,03中山區,中山區明水路北安國中,0,0,1,2,B03,8,5,5,50,14,9,1,5,4,5,13,4,4,1,4,5,2,17,2,41,3,10,7,1,7,13,1,8,9,7,,44,,1,22,121.5183568,25.04847309
113,9,3,6,35,2,12內湖區,內湖區南京東路6段與行善路59巷口,0,0,2,1,C03,8,7,5,30,3,1,1,5,4,5,13,1,1,5,4,5,1,15,2,23,2,9,6,1,7,9,1,10,1,11,,81,,1,21,121.5788705,25.0561554
113,9,3,6,35,2,12內湖區,內湖區南京東路6段與行善路59巷口,0,0,2,2,F01,8,7,5,30,3,1,1,5,4,5,13,1,1,5,4,5,1,15,2,53,2,9,4,1,7,9,8,20,1,12,,44,,1,21,121.5788705,25.0561554
113,9,3,7,16,2,10文山區,文山區木柵路2段22號前,0,0,1,1,C03,8,6,5,50,14,9,1,5,4,5,13,2,1,5,4,5,2,13,2,55,2,9,5,1,7,9,1,10,2,11,,16,,1,21,121.5586855,24.9887371
113,9,3,7,16,2,10文山區,文山區木柵路2段22號前,0,0,1,2,B03,8,6,5,50,14,9,1,5,4,5,13,2,1,5,4,5,2,13,1,55,3,10,7,1,7,14,1,8,2,3,,44,,1,21,121.5586855,24.9887371
113,9,3,7,19,2,02萬華區,萬華區富民路151號,0,0,1,1,C03,8,6,5,30,14,9,1,5,4,5,13,4,4,8,3,5,1,17,2,75,2,7,5,1,7,1,3,18,1,12,,19,,1,21,121.4999101,25.0179895
113,9,3,7,19,2,02萬華區,萬華區富民路151號,0,0,1,2,B03,8,6,5,30,14,9,1,5,4,5,13,4,4,8,3,5,1,17,2,37,3,10,7,1,7,9,1,6,1,4,,44,,1,21,121.4999101,25.0179895
113,9,3,7,20,2,06松山區,松山區八德路3段與八德路3段155巷口,0,0,1,1,B01,8,6,5,50,4,1,1,5,4,5,13,2,1,5,4,5,2,16,1,55,3,10,7,1,7,5,1,4,1,6,,8,,1,22,121.5550035,25.0481026
113,9,3,7,20,2,06松山區,松山區八德路3段與八德路3段155巷口,0,0,1,2,C03,8,6,5,50,4,1,1,5,4,5,13,2,1,5,4,5,2,16,1,42,2,9,5,1,7,9,1,10,1,11,,44,,1,22,121.5550035,25.0481026
113,9,3,7,20,2,06松山區,松山區八德路3段與八德路3段155巷口,0,0,1,3,B12,8,6,5,50,4,1,1,5,4,5,13,2,1,5,4,5,2,16,1,37,3,10,7,1,7,14,1,8,1,8,,44,,1,22,121.5550035,25.0481026
113,9,3,7,20,2,06松山區,松山區八德路3段與八德路3段155巷口,0,0,1,4,B02,8,6,5,50,4,1,1,5,4,5,13,2,1,5,4,5,2,16,1,45,3,10,7,1,7,11,1,8,1,17,,10,,1,22,121.5550035,25.0481026
113,9,3,7,22,2,02萬華區,萬華區環河南路1段與成都路口,0,0,1,1,B03,8,6,5,30,3,1,1,5,4,5,13,4,4,5,5,5,2,16,2,45,3,10,7,1,7,6,1,8,1,8,,80,,1,26,121.5011534,25.04449288
113,9,3,7,22,2,02萬華區,萬華區環河南路1段與成都路口,0,0,1,2,C03,8,6,5,30,3,1,1,5,4,5,13,4,4,5,5,5,2,16,1,63,2,9,6,1,7,9,1,10,1,12,,44,,1,26,121.5011534,25.04449288
113,9,3,7,30,2,11南港區,南港區東明街118號,0,0,1,1,C03,8,7,5,50,14,9,1,5,4,5,13,4,4,9,5,5,2,13,2,41,2,8,5,1,7,9,1,10,1,11,,16,,1,21,121.6007185,25.05452885
113,9,3,7,30,2,11南港區,南港區東明街118號,0,0,1,2,B03,8,7,5,50,14,9,1,5,4,5,13,4,4,9,5,5,2,13,1,49,3,10,7,1,7,9,1,8,1,3,,14,,1,21,121.6007185,25.05452885
113,9,3,7,31,2,09北投區,北投區立賢路與承德路7段口,0,0,2,1,C03,8,6,5,50,4,1,1,5,4,5,13,1,1,10,5,5,2,17,1,44,2,9,5,1,7,5,1,10,2,11,,71,,1,21,121.5050976,25.1162445
113,9,3,7,31,2,09北投區,北投區立賢路與承德路7段口,0,0,2,2,C03,8,6,5,50,4,1,1,5,4,5,13,1,1,10,5,5,2,17,2,56,2,9,5,1,7,9,1,10,2,14,,44,,1,21,121.5050976,25.1162445
113,9,3,7,37,2,04大安區,大安區通安街158號,0,0,1,1,C03,8,6,5,30,14,9,1,5,4,5,13,4,4,10,5,5,1,17,1,55,2,8,3,4,7,5,1,10,1,14,,8,,1,22,121.5524363,25.0272797
113,9,3,7,37,2,04大安區,大安區通安街158號,0,0,1,2,C03,8,6,5,30,14,9,1,5,4,5,13,4,4,10,5,5,1,17,1,19,3,10,3,4,7,9,1,10,1,11,,14,,1,22,121.5524363,25.0272797
113,9,3,7,37,2,04大安區,大安區通安街158號,0,0,1,3,B03,8,6,5,30,14,9,1,5,4,5,13,4,4,10,5,5,1,17,1,36,3,10,3,4,7,13,1,8,11,3,,44,,1,22,121.5524363,25.0272797
113,9,3,7,41,2,05中正區,中正區廈門街與廈門街114巷口,0,0,1,1,C03,8,7,5,30,3,1,1,5,4,5,13,1,1,5,5,5,2,17,1,58,3,10,5,1,7,5,1,10,1,11,,71,,1,22,121.5173885,25.0232013
113,9,3,7,41,2,05中正區,中正區廈門街與廈門街114巷口,0,0,1,2,C03,8,7,5,30,3,1,1,5,4,5,13,1,1,5,5,5,2,17,1,68,2,8,5,1,7,9,1,10,1,14,,44,,1,22,121.5173885,25.0232013
113,9,3,7,45,2,07信義區,信義區信義路5段127號,0,0,2,1,F01,8,6,5,0,14,20,4,5,4,5,13,4,4,10,5,5,2,1,1,45,2,7,3,4,7,9,8,20,1,11,,70,,1,22,121.5743384,25.0338207
113,9,3,7,45,2,07信義區,信義區信義路5段127號,0,0,2,2,H01,8,6,5,0,14,20,4,5,4,5,13,4,4,10,5,5,2,1,1,48,2,7,4,5,8,16,8,20,10,16,,67,,1,22,121.5743384,25.0338207
113,9,3,7,50,2,09北投區,北投區大度路3段與關渡路口,0,0,2,1,C03,7,6,5,50,3,4,1,5,4,5,13,2,1,1,4,4,2,13,1,43,2,8,6,1,7,9,1,10,1,11,,16,,1,21,121.4692557,25.122923
113,9,3,7,50,2,09北投區,北投區大度路3段與關渡路口,0,0,2,2,C03,7,6,5,50,3,4,1,5,4,5,13,2,1,1,4,4,2,13,1,58,2,7,6,1,7,14,1,10,1,13,,44,,1,21,121.4692557,25.122923
113,9,3,7,52,2,08士林區,士林區東山路135號,0,0,3,1,B03,8,5,5,50,14,9,1,5,4,5,13,4,4,5,5,5,2,16,1,50,3,10,7,1,7,4,1,8,2,5,,94,,1,21,121.5393145,25.11214
113,9,3,7,52,2,08士林區,士林區東山路135號,0,0,3,2,C03,8,5,5,50,14,9,1,5,4,5,13,4,4,5,5,5,2,16,1,34,2,9,6,1,7,5,1,10,2,11,,32,,1,21,121.5393145,25.11214
113,9,3,7,52,2,08士林區,士林區東山路135號,0,0,3,3,B03,8,5,5,50,14,9,1,5,4,5,13,4,4,5,5,5,2,16,1,41,3,10,7,1,7,14,1,8,2,4,,38,,1,21,121.5393145,25.11214
113,9,3,7,52,2,08士林區,士林區東山路135號,0,0,3,4,H02,8,5,5,50,14,9,1,5,4,5,13,4,4,5,5,5,2,16,2,32,2,9,5,5,7,20,8,20,10,16,,67,,1,21,121.5393145,25.11214
113,9,3,7,52,2,08士林區,士林區東山路135號,0,0,3,5,H02,8,5,5,50,14,9,1,5,4,5,13,4,4,5,5,5,2,16,1,5,2,9,6,5,7,20,8,20,10,16,,67,,1,21,121.5393145,25.11214
113,9,3,7,54,2,05中正區,中正區市民大道3段8號,0,0,1,1,C03,8,6,5,40,14,9,1,5,4,5,13,4,4,1,4,4,1,17,1,45,3,10,6,1,7,1,1,10,11,17,,19,,1,21,121.531695,25.0456121
113,9,3,7,54,2,05中正區,中正區市民大道3段8號,0,0,1,2,C03,8,6,5,40,14,9,1,5,4,5,13,4,4,1,4,4,1,17,1,36,3,10,6,1,7,10,1,10,2,13,,101,,1,22,121.531695,25.0456121
113,9,3,7,54,2,05中正區,中正區市民大道3段8號,0,0,1,3,C03,8,6,5,40,14,9,1,5,4,5,13,4,4,1,4,4,1,17,1,25,2,9,6,1,7,9,1,10,2,11,,108,,1,22,121.531695,25.0456121
113,9,3,8,18,2,07信義區,信義區基隆路1段與東興路口,0,0,1,1,B03,8,7,5,50,4,2,1,5,4,5,13,1,1,1,4,5,2,17,1,53,3,10,3,4,7,6,1,8,1,5,,9,,1,21,121.5672213,25.046105
113,9,3,8,18,2,07信義區,信義區基隆路1段與東興路口,0,0,1,2,C03,8,7,5,50,4,2,1,5,4,5,13,1,1,1,4,5,2,17,2,27,2,9,3,4,7,9,1,10,1,14,,108,,1,21,121.5672213,25.046105
113,9,3,8,27,2,06松山區,松山區敦化北路與八德路3段口,0,0,2,1,C03,8,6,5,50,4,2,1,5,4,5,13,4,4,8,3,4,2,17,1,25,2,9,6,4,7,9,1,10,1,12,,16,,1,21,121.5491318,25.0481618
113,9,3,8,27,2,06松山區,松山區敦化北路與八德路3段口,0,0,2,2,C03,8,6,5,50,4,2,1,5,4,5,13,4,4,8,3,4,2,17,2,38,2,9,6,4,7,9,1,10,1,13,,44,,1,21,121.5491318,25.0481618
113,9,3,8,27,2,06松山區,松山區敦化北路與八德路3段口,0,0,2,3,A02,8,6,5,50,4,2,1,5,4,5,13,4,4,8,3,4,2,17,1,48,3,10,3,1,7,1,1,2,9,17,,44,,2,21,121.5491318,25.0481618
113,9,3,8,37,2,10文山區,文山區木柵路4段與和平東路4段口,0,0,1,1,C03,8,7,5,50,3,1,1,5,4,5,13,1,1,10,5,5,2,12,1,50,2,9,5,1,7,15,1,10,1,12,,118,,1,21,121.5747368,24.9982306
113,9,3,8,37,2,10文山區,文山區木柵路4段與和平東路4段口,0,0,1,2,C03,8,7,5,50,3,1,1,5,4,5,13,1,1,10,5,5,2,12,1,30,3,10,5,1,7,9,1,10,1,14,,118,,1,21,121.5747368,24.9982306
113,9,3,8,41,2,04大安區,大安區和平東路3段228巷45號,0,0,1,1,C04,8,6,5,50,14,9,1,5,4,5,13,4,4,9,4,5,1,13,2,40,2,8,3,4,7,9,1,11,1,11,,108,,1,21,121.5532287,25.0207
113,9,3,8,41,2,04大安區,大安區和平東路3段228巷45號,0,0,1,2,B01,8,6,5,50,14,9,1,5,4,5,13,4,4,9,4,5,1,13,1,58,3,10,3,4,7,14,1,4,1,6,,44,,1,21,121.5532287,25.0207
113,9,3,8,41,2,04大安區,大安區和平東路3段228巷45號,0,0,1,3,C03,8,6,5,50,14,9,1,5,4,5,13,4,4,9,4,5,1,13,3,0,,,,,,,,,,,,67,,1,,121.5532287,25.0207
113,9,3,8,41,2,04大安區,大安區和平東路3段228巷45號,0,0,1,4,C03,8,6,5,50,14,9,1,5,4,5,13,4,4,9,4,5,1,13,3,0,,,,,,,,,,,,67,,1,,121.5532287,25.0207