發生年度,發生月,發生日,發生時-Hours,發生分,處理別-編號,區序,肇事地點,死亡人數,2-30日死亡人數,受傷人數,當事人序號,車種,天候,道路照明設備,道路類別,速限-速度限制,道路型態,事故位置,路面狀況1,路面狀況2,路面狀況3,道路障礙1,道路障礙2,號誌1,號誌2,車道劃分-分向,車道劃分-分道1,車道劃分-分道2,車道劃分-分道3,事故類型及型態,性別,年齡,受傷程度,主要傷處,保護裝置,行動電話,車輛用途,當事者行動狀態,駕駛資格情形,駕駛執照種類,飲酒情形,車輛撞擊部位1,車輛撞擊部位2,肇因碼-個別,肇因碼-主要,個人肇逃否,職業,座標-X,座標-Y
113,9,3,8,41,2,04大安區,大安區和平東路3段228巷45號,0,0,1,5,C03,8,6,5,50,14,9,1,5,4,5,13,4,4,9,4,5,1,13,3,0,,,,,,,,,,,,67,,1,,121.5532287,25.0207
113,9,3,8,55,2,12內湖區,內湖區南京東路6段250號,0,0,2,1,C03,8,6,5,30,14,9,1,5,4,5,13,4,4,10,3,5,1,16,2,50,2,9,6,1,7,5,1,10,1,14,,8,,1,21,121.5819779,25.05701134
113,9,3,8,55,2,12內湖區,內湖區南京東路6段250號,0,0,2,2,C03,8,6,5,30,14,9,1,5,4,5,13,4,4,10,3,5,1,16,1,29,2,9,6,1,7,9,1,10,1,12,,13,,1,21,121.5819779,25.05701134
113,9,3,8,56,2,05中正區,中正區中山北路1段與北平東路口口,0,0,1,1,B12,8,5,5,50,4,1,1,5,4,5,13,2,1,9,4,4,1,13,1,61,3,10,7,1,7,9,1,8,1,1,,16,,1,21,121.5203639,25.0470372
113,9,3,8,56,2,05中正區,中正區中山北路1段與北平東路口口,0,0,1,2,C03,8,5,5,50,4,1,1,5,4,5,13,2,1,9,4,4,1,13,2,36,2,9,5,1,7,14,1,10,1,13,,44,,1,21,121.5203639,25.0470372
113,9,3,9,0,2,05中正區,中正區懷寧街108巷,0,0,1,1,B03,8,7,5,30,11,9,1,5,4,5,13,4,4,10,4,5,1,17,1,31,3,10,7,1,7,5,1,8,2,8,,107,,1,22,121.5135241,25.041464
113,9,3,9,0,2,05中正區,中正區懷寧街108巷,0,0,1,2,C03,8,7,5,30,11,9,1,5,4,5,13,4,4,10,4,5,1,17,2,45,2,7,6,1,7,6,1,10,2,14,,107,,1,22,121.5135241,25.041464
113,9,3,9,36,2,06松山區,松山區基隆路1段與八德路4段口,0,0,2,1,C03,8,6,5,50,5,2,1,5,4,5,13,2,1,1,4,4,2,16,1,36,3,10,6,1,7,7,1,10,2,13,,101,,1,22,121.5698327,25.049584
113,9,3,9,36,2,06松山區,松山區基隆路1段與八德路4段口,0,0,2,2,C03,8,6,5,50,5,2,1,5,4,5,13,2,1,1,4,4,2,16,1,20,2,7,5,1,7,9,1,10,2,11,,44,,1,22,121.5698327,25.049584
113,9,3,9,36,2,06松山區,松山區基隆路1段與八德路4段口,0,0,2,3,H02,8,6,5,50,5,2,1,5,4,5,13,2,1,1,4,4,2,16,2,18,2,7,5,5,7,20,8,20,10,16,,67,,1,22,121.5698327,25.049584
113,9,3,10,19,2,03中山區,中山區林森北路85巷與長安東路1段53巷口,0,0,1,1,C03,8,5,5,30,4,1,1,5,4,5,13,4,4,10,5,5,2,17,1,39,2,8,3,4,7,9,1,10,1,17,,107,,1,21,121.5265567,25.0495586
113,9,3,10,19,2,03中山區,中山區林森北路85巷與長安東路1段53巷口,0,0,1,2,B03,8,5,5,30,4,1,1,5,4,5,13,4,4,10,5,5,2,17,1,45,3,10,3,4,7,9,1,8,1,17,,72,,1,21,121.5265567,25.0495586
113,9,3,10,25,2,02萬華區,萬華區艋舺大道與和平西路2段口,0,0,1,1,B03,8,6,6,50,5,1,1,5,4,5,13,1,1,8,3,5,1,17,1,46,3,10,7,1,7,6,1,8,1,2,,98,,1,21,121.5046856,25.0337822
113,9,3,10,25,2,02萬華區,萬華區艋舺大道與和平西路2段口,0,0,1,2,C03,8,6,6,50,5,1,1,5,4,5,13,1,1,8,3,5,1,17,1,36,2,9,5,1,7,9,1,10,1,14,,44,,1,21,121.5046856,25.0337822
113,9,3,10,35,2,07信義區,信義區市民大道5段與市民大道5段14巷口,0,0,2,1,C03,8,7,5,50,14,23,1,5,4,5,13,2,1,9,4,5,2,15,1,26,2,9,5,1,7,9,1,10,1,11,,107,,1,21,121.5594569,25.0457069
113,9,3,10,35,2,07信義區,信義區市民大道5段與市民大道5段14巷口,0,0,2,2,F01,8,7,5,50,14,23,1,5,4,5,13,2,1,9,4,5,2,15,2,68,2,9,4,1,7,11,8,20,1,12,,10,,1,21,121.5594569,25.0457069
113,9,3,11,2,2,02萬華區,萬華區青年路46號,0,0,1,1,B01,7,6,5,30,14,9,1,5,4,5,13,4,4,5,5,5,2,12,1,69,3,10,7,1,7,1,1,4,1,8,,19,,1,21,121.5043683,25.0254253
113,9,3,11,2,2,02萬華區,萬華區青年路46號,0,0,1,2,C03,7,6,5,30,14,9,1,5,4,5,13,4,4,5,5,5,2,12,2,39,2,9,6,1,7,9,1,10,1,12,,44,,1,21,121.5043683,25.0254253
113,9,3,11,18,2,03中山區,中山區南京東路2段與伊通街口,0,0,1,1,B03,8,6,5,50,4,1,1,5,4,5,13,2,1,3,4,4,2,16,1,33,3,10,7,1,7,6,1,8,1,2,,9,,1,22,121.5348247,25.0521375
113,9,3,11,18,2,03中山區,中山區南京東路2段與伊通街口,0,0,1,2,C03,8,6,5,50,4,1,1,5,4,5,13,2,1,3,4,4,2,16,1,57,2,9,6,1,7,9,1,10,1,14,,44,,1,22,121.5348247,25.0521375
113,9,3,11,20,2,07信義區,信義區吳興街220巷與吳興街220巷59弄口,0,0,1,1,B01,8,6,5,50,3,1,1,5,4,5,13,2,1,9,4,5,1,17,1,60,3,10,7,4,7,6,1,4,9,6,,9,,2,21,121.5616067,25.0265675
113,9,3,11,20,2,07信義區,信義區吳興街220巷與吳興街220巷59弄口,0,0,1,2,C03,8,6,5,50,3,1,1,5,4,5,13,2,1,9,4,5,1,17,2,31,2,7,3,4,7,9,1,10,1,14,,44,,1,21,121.5616067,25.0265675
113,9,3,11,47,2,01大同區,大同區大稻埕堤外便道與五號水門停車場口,0,0,1,1,B03,8,5,5,30,14,9,1,5,4,5,13,4,4,9,5,5,1,17,1,31,3,10,3,4,7,6,1,8,1,5,,9,,1,21,121.5079334,25.0564708
113,9,3,11,47,2,01大同區,大同區大稻埕堤外便道與五號水門停車場口,0,0,1,2,C03,8,5,5,30,14,9,1,5,4,5,13,4,4,9,5,5,1,17,1,24,2,9,5,4,7,9,1,10,1,14,,44,,1,21,121.5079334,25.0564708
113,9,3,13,0,2,03中山區,中山區新生北路1段與林森北路133巷口,0,0,1,1,C03,8,7,5,50,3,1,1,5,4,5,13,4,4,1,5,5,2,17,2,31,2,7,6,1,7,9,1,10,1,11,,108,,1,21,121.5276414,25.0613138
113,9,3,13,0,2,03中山區,中山區新生北路1段與林森北路133巷口,0,0,1,2,C03,8,7,5,50,3,1,1,5,4,5,13,4,4,1,5,5,2,17,2,34,3,10,6,1,7,6,1,10,1,13,,27,,1,21,121.5276414,25.0613138
113,9,3,13,0,2,10文山區,文山區興隆路4段與忠順街1段口,0,0,1,1,B03,8,6,5,50,14,9,2,5,4,5,13,1,1,10,4,5,2,17,1,49,3,10,3,4,7,5,1,8,1,5,,44,,1,21,121.5617404,24.9845228
113,9,3,13,0,2,10文山區,文山區興隆路4段與忠順街1段口,0,0,1,2,C03,8,6,5,50,14,9,2,5,4,5,13,1,1,10,4,5,2,17,1,20,2,9,5,4,7,9,1,10,1,11,,81,,1,21,121.5617404,24.9845228
113,9,3,13,12,2,07信義區,信義區基隆路2段99號,0,0,1,1,C03,8,7,5,50,14,9,1,5,4,5,13,1,1,9,4,5,2,12,2,25,2,9,5,1,7,9,1,10,1,14,,42,,1,21,121.5575933,25.0296389
113,9,3,13,12,2,07信義區,信義區基隆路2段99號,0,0,1,2,B03,8,7,5,50,14,9,1,5,4,5,13,1,1,9,4,5,2,12,1,55,3,10,7,1,7,14,1,8,1,2,,44,,1,21,121.5575933,25.0296389
113,9,3,13,14,2,09北投區,北投區行義路116號,0,0,1,1,B12,8,5,5,50,14,9,1,2,4,5,13,4,4,5,4,5,2,17,1,49,3,10,7,1,7,9,1,8,9,17,,50,,1,21,121.5295049,25.1283773
113,9,3,13,14,2,09北投區,北投區行義路116號,0,0,1,2,C03,8,5,5,50,14,9,1,2,4,5,13,4,4,5,4,5,2,17,1,48,2,9,5,1,7,9,1,8,1,11,,44,,1,21,121.5295049,25.1283773
113,9,3,13,25,2,01大同區,大同區重慶北路2段與南京西路口,0,0,2,1,C03,8,6,5,50,4,1,1,5,4,5,13,2,1,9,4,5,2,16,1,19,3,10,6,1,7,5,1,10,1,14,,8,,1,21,121.5144654,25.0540796
113,9,3,13,25,2,01大同區,大同區重慶北路2段與南京西路口,0,0,2,3,H02,8,6,5,50,4,1,1,5,4,5,13,2,1,9,4,5,2,16,1,47,2,9,5,5,7,20,8,20,10,16,,67,,1,21,121.5144654,25.0540796
113,9,3,13,25,2,01大同區,大同區重慶北路2段與南京西路口,0,0,2,2,C03,8,6,5,50,4,1,1,5,4,5,13,2,1,9,4,5,2,16,1,18,2,9,5,1,7,9,1,10,1,12,,44,,1,21,121.5144654,25.0540796
113,9,3,13,30,2,03中山區,中山區中山北路2段與中山北路2段116巷口,0,0,1,1,B11,8,6,5,50,3,2,1,5,4,5,13,4,4,5,5,1,2,16,1,62,3,10,7,1,7,6,1,8,1,2,,9,,1,22,121.5228229,25.0609796
113,9,3,13,30,2,03中山區,中山區中山北路2段與中山北路2段116巷口,0,0,1,2,C03,8,6,5,50,3,2,1,5,4,5,13,4,4,5,5,1,2,16,2,70,2,9,6,1,7,9,1,10,1,14,,44,,1,22,121.5228229,25.0609796
113,9,3,13,51,2,01大同區,大同區民樂街與永昌街口,0,0,2,1,B03,8,5,5,50,3,2,1,5,4,5,13,4,4,9,5,5,2,17,1,45,3,10,3,4,7,9,1,8,1,1,,16,,1,21,121.5108625,25.0555967
113,9,3,13,51,2,01大同區,大同區民樂街與永昌街口,0,0,2,2,C03,8,5,5,50,3,2,1,5,4,5,13,4,4,9,5,5,2,17,1,41,2,5,3,4,7,9,1,10,1,13,,44,,1,21,121.5108625,25.0555967
113,9,3,13,51,2,01大同區,大同區民樂街與永昌街口,0,0,2,3,H02,8,5,5,50,3,2,1,5,4,5,13,4,4,9,5,5,2,17,2,51,2,9,3,5,7,20,8,20,10,16,,67,,1,21,121.5108625,25.0555967
113,9,3,13,55,2,08士林區,(社子街63巷23號前),0,0,1,1,F03,8,5,5,30,3,1,1,5,4,5,13,4,4,10,5,5,1,17,2,77,2,7,4,1,7,5,8,20,2,14,,74,,1,21,121.5068815,25.0882848
113,9,3,13,55,2,08士林區,(社子街63巷23號前),0,0,1,2,C03,8,5,5,30,3,1,1,5,4,5,13,4,4,10,5,5,1,17,1,34,3,10,6,1,7,9,1,10,2,11,,13,,1,21,121.5068815,25.0882848
113,9,3,14,17,2,11南港區,南港區南深路37號北往南0400117燈桿,0,0,1,1,C03,8,6,5,30,11,13,1,5,4,5,13,4,4,1,5,4,1,20,1,18,2,9,5,1,7,9,1,10,1,12,,116,,1,21,121.6222578,25.0289681
113,9,3,14,17,2,11南港區,南港區南深路37號北往南0400117燈桿,0,0,1,2,,8,6,5,30,11,13,1,5,4,5,13,4,4,1,5,4,1,20,3,0,,,,,,,,,,,,67,,1,,121.6222578,25.0289681
113,9,3,14,23,2,03中山區,中山區復興北路282號前,0,0,1,1,C03,8,7,5,50,14,9,1,5,4,5,13,4,4,1,4,5,2,17,2,40,2,9,3,4,7,9,1,10,1,11,,108,,1,21,121.5439624,25.0587054
113,9,3,14,23,2,03中山區,中山區復興北路282號前,0,0,1,3,B01,8,7,5,50,14,9,1,5,4,5,13,4,4,1,4,5,2,17,1,56,3,10,3,4,7,10,1,4,1,17,,100,,1,21,121.5439624,25.0587054
113,9,3,14,23,2,03中山區,中山區復興北路282號前,0,0,1,2,C03,8,7,5,50,14,9,1,5,4,5,13,4,4,1,4,5,2,17,1,31,3,10,3,4,7,10,1,10,1,12,,100,,1,21,121.5439624,25.0587054
113,9,3,14,25,2,03中山區,中山區復興北路364號,0,0,1,1,B03,8,5,5,50,14,9,1,5,4,5,13,4,4,1,4,5,2,13,1,36,4,11,3,4,7,8,7,19,9,15,,100,,2,21,121.544096,25.0605967
113,9,3,14,25,2,03中山區,中山區復興北路364號,0,0,1,2,C03,8,5,5,50,14,9,1,5,4,5,13,4,4,1,4,5,2,13,2,29,2,9,3,4,7,9,1,10,1,11,,44,,1,21,121.544096,25.0605967
113,9,3,14,28,2,03中山區,中山區新生北路1段59號,0,0,1,1,A02,7,5,5,50,14,9,1,5,4,5,13,4,4,1,3,5,1,9,1,54,3,10,7,1,7,1,1,2,1,17,,118,,1,21,121.5211154,25.05018026
113,9,3,14,28,2,03中山區,中山區新生北路1段59號,0,0,1,2,H02,7,5,5,50,14,9,1,5,4,5,13,4,4,1,3,5,1,9,2,64,2,6,4,5,7,19,8,20,10,16,,67,,1,21,121.5211154,25.05018026
113,9,3,14,30,2,02萬華區,萬華區桂林路244巷與環河南路2段130巷口,0,0,2,1,C03,8,5,5,30,4,1,1,5,4,5,13,4,4,10,5,5,1,15,1,25,2,9,3,4,7,9,1,10,1,12,,75,,1,22,121.4937857,25.0371583
113,9,3,14,30,2,02萬華區,萬華區桂林路244巷與環河南路2段130巷口,0,0,2,2,C03,8,5,5,30,4,1,1,5,4,5,13,4,4,10,5,5,1,15,1,45,2,9,3,4,7,9,1,10,1,11,,44,,1,22,121.4937857,25.0371583
113,9,3,15,10,2,11南港區,南港區忠孝東路7段371號對面,0,0,1,1,C03,8,6,5,50,14,9,1,5,4,5,13,4,4,3,4,5,2,13,1,61,2,7,5,1,7,10,1,10,6,11,,100,,1,21,121.6069751,25.0520647
113,9,3,15,10,2,11南港區,南港區忠孝東路7段371號對面,0,0,1,2,B01,8,6,5,50,14,9,1,5,4,5,13,4,4,3,4,5,2,13,1,60,3,10,3,4,7,9,1,4,2,6,,44,,1,21,121.6069751,25.0520647
113,9,3,15,26,2,04大安區,大安區仁愛路4段與延吉街口,0,0,1,1,B03,8,7,5,50,4,1,1,5,4,5,13,2,1,1,4,5,1,12,1,50,3,10,3,4,7,9,1,8,1,2,,108,,1,21,121.5554603,25.0375228
113,9,3,15,26,2,04大安區,大安區仁愛路4段與延吉街口,0,0,1,2,C03,8,7,5,50,4,1,1,5,4,5,13,2,1,1,4,5,1,12,2,45,2,9,5,4,7,9,1,10,1,14,,44,,1,21,121.5554603,25.0375228
113,9,3,15,48,2,06松山區,松山區南京東路3段261號,0,0,1,1,B03,8,6,5,50,14,7,1,5,4,5,13,4,4,1,4,4,2,13,2,28,3,10,7,1,7,9,1,8,1,1,,108,,1,21,121.545233,25.05190225
113,9,3,15,48,2,06松山區,松山區南京東路3段261號,0,0,1,2,B01,8,6,5,50,14,7,1,5,4,5,13,4,4,1,4,4,2,13,1,50,3,10,7,1,7,14,1,4,1,3,,44,,1,21,121.545233,25.05190225
113,9,3,15,48,2,06松山區,松山區南京東路3段261號,0,0,1,3,C03,8,6,5,50,14,7,1,5,4,5,13,4,4,1,4,4,2,13,1,25,2,8,5,1,7,14,1,10,1,13,,44,,1,21,121.545233,25.05190225
113,9,3,15,48,2,06松山區,松山區南京東路3段261號,0,0,1,4,B01,8,6,5,50,14,7,1,5,4,5,13,4,4,1,4,4,2,13,1,43,3,10,7,1,7,14,1,4,1,3,,44,,1,21,121.545233,25.05190225
113,9,3,15,55,2,08士林區,士林區中山北路6段與德行西路口,0,0,1,1,C03,8,6,5,50,4,2,1,5,4,5,13,2,1,1,4,5,1,13,1,34,2,9,5,1,7,9,1,10,1,11,,16,,1,21,121.5248346,25.1064642
113,9,3,15,55,2,08士林區,士林區中山北路6段與德行西路口,0,0,1,2,B01,8,6,5,50,4,2,1,5,4,5,13,2,1,1,4,5,1,13,1,61,3,10,7,1,7,12,1,4,1,3,,44,,1,21,121.5248346,25.1064642
113,9,3,16,0,2,06松山區,松山區南京東路5段251巷與南京東路5段291巷20弄口,0,0,2,1,C03,8,6,5,30,4,1,1,5,4,5,13,4,4,10,5,5,2,15,2,40,2,9,5,1,7,9,1,10,1,12,,72,,1,21,121.5651065,25.05243919
113,9,3,16,0,2,06松山區,松山區南京東路5段251巷與南京東路5段291巷20弄口,0,0,2,2,C03,8,6,5,30,4,1,1,5,4,5,13,4,4,10,5,5,2,15,1,43,2,9,5,1,7,9,1,10,1,11,14,44,,1,21,121.5651065,25.05243919
113,9,3,16,2,2,05中正區,中正區忠孝西路1段與館前路口,0,0,1,1,B03,8,6,5,50,4,1,1,5,4,5,13,1,1,10,5,5,1,17,2,25,3,10,7,1,7,8,1,8,2,2,,101,,1,22,121.5150439,25.0466334
113,9,3,16,2,2,05中正區,中正區忠孝西路1段與館前路口,0,0,1,2,C03,8,6,5,50,4,1,1,5,4,5,13,1,1,10,5,5,1,17,1,25,2,9,6,1,7,9,1,10,2,14,,107,,1,22,121.5150439,25.0466334
113,9,3,16,3,2,07信義區,信義區吳興街220巷與吳興街口口,0,0,2,1,C03,8,5,8,30,4,1,1,5,4,5,13,1,1,5,4,5,2,17,2,44,2,9,5,1,7,5,3,18,2,14,,8,,1,22,121.5631417,25.0277321
113,9,3,16,3,2,07信義區,信義區吳興街220巷與吳興街口口,0,0,2,2,C03,8,5,8,30,4,1,1,5,4,5,13,1,1,5,4,5,2,17,1,18,2,8,6,1,7,9,1,10,2,11,,13,,1,22,121.5631417,25.0277321
113,9,3,16,4,2,03中山區,中山區松江路與南京東路2段口,0,0,1,1,C03,8,7,5,50,4,1,2,5,4,5,13,1,1,2,4,4,2,17,1,48,3,10,3,4,7,9,1,10,1,12,,17,,1,21,121.5330518,25.0519399
113,9,3,16,4,2,03中山區,中山區松江路與南京東路2段口,0,0,1,2,C04,8,7,5,50,4,1,2,5,4,5,13,1,1,2,4,4,2,17,2,67,2,9,3,4,7,9,1,10,1,14,,17,,1,21,121.5330518,25.0519399
113,9,3,16,9,2,12內湖區,內湖區瑞光路與瑞光路7巷口,0,0,1,1,B03,8,6,5,50,3,1,1,5,4,5,13,4,4,4,3,5,1,16,2,74,3,10,7,1,7,5,1,8,1,5,,80,,1,21,121.5843172,25.0696627
113,9,3,16,9,2,12內湖區,內湖區瑞光路與瑞光路7巷口,0,0,1,2,C03,8,6,5,50,3,1,1,5,4,5,13,4,4,4,3,5,1,16,1,19,2,8,6,1,7,9,1,10,1,11,,14,,1,21,121.5843172,25.0696627
113,9,3,16,11,2,07信義區,信義區忠孝東路4段559巷與基隆路1段172巷口,0,0,1,1,B02,8,6,5,30,4,1,1,5,4,5,13,4,4,10,5,5,2,15,1,48,3,10,3,4,7,9,1,8,1,4,,80,,1,21,121.5636641,25.0432584
113,9,3,16,11,2,07信義區,信義區忠孝東路4段559巷與基隆路1段172巷口,0,0,1,2,C03,8,6,5,30,4,1,1,5,4,5,13,4,4,10,5,5,2,15,1,22,2,9,3,4,7,9,1,10,1,11,,13,,1,21,121.5636641,25.0432584
113,9,3,16,24,2,03中山區,中山區樂群一路往東(未到敬業三路),0,0,1,1,B11,8,5,5,50,14,9,1,5,4,5,13,4,4,3,4,5,2,13,1,53,3,10,7,1,7,14,1,2,1,3,,44,,1,21,121.5540357,25.07717678
113,9,3,16,24,2,03中山區,中山區樂群一路往東(未到敬業三路),0,0,1,2,C03,8,5,5,50,14,9,1,5,4,5,13,4,4,3,4,5,2,13,1,24,2,9,6,1,7,9,1,10,1,11,,107,,1,21,121.5540357,25.07717678
113,9,3,16,53,2,03中山區,中山區新生北路3段與民族東路口,0,0,2,1,B03,8,5,5,50,4,1,1,5,4,5,13,1,1,1,4,5,2,13,2,52,3,10,3,4,7,7,1,8,1,17,,101,,1,21,121.5281765,25.06830336
113,9,3,16,53,2,03中山區,中山區新生北路3段與民族東路口,0,0,2,2,C03,8,5,5,50,4,1,1,5,4,5,13,1,1,1,4,5,2,13,1,49,2,8,3,4,7,9,1,10,1,11,,16,,1,21,121.5281765,25.06830336
113,9,3,16,53,2,03中山區,中山區新生北路3段與民族東路口,0,0,2,3,C03,8,5,5,50,4,1,1,5,4,5,13,1,1,1,4,5,2,13,2,31,2,8,3,4,7,9,1,10,1,13,,44,,1,21,121.5281765,25.06830336
113,9,3,16,54,2,06松山區,松山區市民大道5段與東寧路口,0,0,1,1,C03,8,6,5,40,3,2,1,5,4,5,13,2,1,3,3,5,2,16,1,28,2,9,6,1,7,9,1,10,1,11,,44,,1,21,121.56308,25.0474045
113,9,3,16,54,2,06松山區,松山區市民大道5段與東寧路口,0,0,1,2,B01,8,6,5,40,3,2,1,5,4,5,13,2,1,3,3,5,2,16,1,60,3,10,7,1,7,6,1,2,1,5,,9,,1,21,121.56308,25.0474045
113,9,3,16,56,2,08士林區,士林區文林路與德行西路口,0,0,2,1,C03,8,7,8,50,4,2,1,5,4,5,13,2,1,1,4,4,1,15,1,56,2,9,5,1,7,9,1,10,2,11,,81,,1,21,121.5195898,25.1031733
113,9,3,16,56,2,08士林區,士林區文林路與德行西路口,0,0,2,2,C03,8,7,8,50,4,2,1,5,4,5,13,2,1,1,4,4,1,15,1,25,2,9,5,1,7,9,1,10,2,14,,44,,1,21,121.5195898,25.1031733
113,9,3,17,0,2,05中正區,中正區中華路1段9巷與中華路1段口,0,0,2,1,C03,8,5,5,50,4,2,1,5,4,5,13,1,1,1,4,5,1,17,1,30,2,9,5,1,7,9,1,10,2,12,,13,,1,21,121.5098243,25.0468066
113,9,3,17,0,2,05中正區,中正區中華路1段9巷與中華路1段口,0,0,2,2,C03,8,5,5,50,4,2,1,5,4,5,13,1,1,1,4,5,1,17,1,54,2,9,5,1,7,10,1,10,2,14,,100,,1,21,121.5098243,25.0468066
113,9,3,17,4,2,05中正區,中正區重慶南路1段與漢口街1段口,0,0,2,1,C03,8,6,5,50,4,1,1,5,4,5,13,2,1,10,4,5,2,16,2,37,2,9,6,1,7,5,1,10,2,14,,8,,1,21,121.5132953,25.0452186
113,9,3,17,4,2,05中正區,中正區重慶南路1段與漢口街1段口,0,0,2,2,C03,8,6,5,50,4,1,1,5,4,5,13,2,1,10,4,5,2,16,1,24,2,9,6,1,7,9,1,10,2,11,,44,,1,21,121.5132953,25.0452186
113,9,3,17,33,2,08士林區,士林區通河東街1段與通河東街1段6巷口,0,0,1,1,B03,8,5,5,30,3,1,1,5,4,5,13,4,4,10,5,5,1,15,2,54,3,10,7,1,7,9,1,8,2,1,,72,,1,21,121.5174313,25.08188222
113,9,3,17,33,2,08士林區,士林區通河東街1段與通河東街1段6巷口,0,0,1,2,C03,8,5,5,30,3,1,1,5,4,5,13,4,4,10,5,5,1,15,1,46,2,9,5,1,7,9,1,10,2,12,,108,,1,21,121.5174313,25.08188222
113,9,3,17,33,2,08士林區,士林區通河東街1段與通河東街1段6巷口,0,0,1,3,B02,8,5,5,30,3,1,1,5,4,5,13,4,4,10,5,5,1,15,1,63,3,10,7,1,7,14,1,8,2,17,,38,,1,21,121.5174313,25.08188222
113,9,3,17,40,2,06松山區,松山區三民路與三民路68巷口,0,0,3,1,C03,7,6,5,30,4,1,1,5,4,5,13,4,4,9,4,5,2,17,1,59,2,9,5,1,7,5,1,10,1,12,,72,,1,21,121.5638187,25.0551421
113,9,3,17,40,2,06松山區,松山區三民路與三民路68巷口,0,0,3,2,C03,7,6,5,30,4,1,1,5,4,5,13,4,4,9,4,5,2,17,1,55,2,9,6,1,7,9,1,10,1,11,,44,,1,21,121.5638187,25.0551421
113,9,3,17,40,2,06松山區,松山區三民路與三民路68巷口,0,0,3,3,H02,7,6,5,30,4,1,1,5,4,5,13,4,4,9,4,5,2,17,2,25,2,9,5,5,7,20,8,20,10,16,,67,,1,21,121.5638187,25.0551421
113,9,3,17,42,2,12內湖區,內湖區永保街與安康路106巷口,0,0,1,1,B03,8,5,5,50,3,2,1,5,4,5,13,4,4,5,5,5,2,17,1,68,3,10,7,1,7,6,1,8,2,4,,72,,1,21,121.5988408,25.06344469
113,9,3,17,42,2,12內湖區,內湖區永保街與安康路106巷口,0,0,1,2,C03,8,5,5,50,3,2,1,5,4,5,13,4,4,5,5,5,2,17,1,19,2,9,6,1,7,9,1,10,2,11,,13,,1,21,121.5988408,25.06344469
113,9,3,17,47,2,03中山區,中山區民權東路3段35號,0,0,1,1,C03,8,6,5,50,14,9,1,5,4,5,13,4,4,3,4,5,2,17,2,56,2,9,6,1,7,9,1,10,1,11,,117,,1,21,121.5422629,25.06246835
113,9,3,17,47,2,03中山區,中山區民權東路3段35號,0,0,1,2,B03,8,6,5,50,14,9,1,5,4,5,13,4,4,3,4,5,2,17,1,53,3,10,7,1,7,14,1,8,1,7,,44,,1,21,121.5422629,25.06246835
113,9,3,17,47,2,11南港區,南港區南港路3段與成功路1段口,0,0,1,1,B12,8,6,5,50,3,1,1,5,4,5,13,2,1,5,4,5,2,16,1,51,3,10,7,1,7,5,1,8,2,4,,2,,1,21,121.5931827,25.0545444
113,9,3,17,47,2,11南港區,南港區南港路3段與成功路1段口,0,0,1,2,F01,8,6,5,50,3,1,1,5,4,5,13,2,1,5,4,5,2,16,1,33,2,8,4,1,7,9,8,20,2,11,,94,,1,21,121.5931827,25.0545444
113,9,3,17,57,2,02萬華區,萬華區成都路與昆明街口,0,0,1,1,B03,7,5,5,50,4,1,1,5,4,5,13,2,1,10,3,5,1,16,2,20,3,10,3,4,7,6,1,8,1,2,,17,,1,22,121.5048934,25.0433083
113,9,3,17,57,2,02萬華區,萬華區成都路與昆明街口,0,0,1,2,B01,7,5,5,50,4,1,1,5,4,5,13,2,1,10,3,5,1,16,1,41,2,7,3,4,7,6,1,4,1,8,,44,,1,22,121.5048934,25.0433083
113,9,3,18,3,2,06松山區,松山區八德路3段12巷57弄與市民大道4段口,0,0,2,1,B03,8,5,5,30,3,1,1,5,4,5,13,4,4,1,4,5,2,17,2,42,3,10,7,1,7,6,1,8,1,4,,72,,1,21,121.5519309,25.0446346
113,9,3,18,3,2,06松山區,松山區八德路3段12巷57弄與市民大道4段口,0,0,2,2,C03,8,5,5,30,3,1,1,5,4,5,13,4,4,1,4,5,2,17,1,20,2,9,5,1,7,9,1,10,1,12,,13,,1,21,121.5519309,25.0446346
113,9,3,18,3,2,06松山區,松山區八德路3段12巷57弄與市民大道4段口,0,0,2,3,H02,8,5,5,30,3,1,1,5,4,5,13,4,4,1,4,5,2,17,2,19,2,8,5,5,7,20,8,20,10,16,,67,,1,21,121.5519309,25.0446346
113,9,3,18,25,2,03中山區,中山區吉林路與德惠街口,0,0,1,1,C03,8,5,5,50,4,1,1,5,4,5,10,2,1,5,4,5,2,12,1,72,2,8,6,4,7,7,1,10,2,15,,101,,1,21,121.5303474,25.06662643
113,9,3,18,25,2,03中山區,中山區吉林路與德惠街口,0,0,1,2,B03,8,5,5,50,4,1,1,5,4,5,10,2,1,5,4,5,2,12,1,59,3,10,3,4,7,9,1,7,2,6,,44,,1,21,121.5303474,25.06662643
113,9,3,19,3,2,01大同區,大同區環河北路1段與南京西路口,0,0,2,3,H02,8,5,5,50,5,1,1,5,4,5,13,1,1,1,5,5,2,16,2,19,2,9,6,5,7,20,8,20,10,16,,67,,1,21,121.5075355,25.0536683
113,9,3,19,3,2,01大同區,大同區環河北路1段與南京西路口,0,0,2,1,B03,8,5,5,50,5,1,1,5,4,5,13,1,1,1,5,5,2,16,1,32,3,10,7,1,7,6,1,8,2,2,,85,,1,21,121.5075355,25.0536683
113,9,3,19,3,2,01大同區,大同區環河北路1段與南京西路口,0,0,2,2,C03,8,5,5,50,5,1,1,5,4,5,13,1,1,1,5,5,2,16,1,20,2,9,6,1,7,9,1,10,2,11,,81,,1,21,121.5075355,25.0536683