發生年度,發生月,發生日,發生時-Hours,發生分,處理別-編號,區序,肇事地點,死亡人數,2-30日死亡人數,受傷人數,當事人序號,車種,天候,道路照明設備,道路類別,速限-速度限制,道路型態,事故位置,路面狀況1,路面狀況2,路面狀況3,道路障礙1,道路障礙2,號誌1,號誌2,車道劃分-分向,車道劃分-分道1,車道劃分-分道2,車道劃分-分道3,事故類型及型態,性別,年齡,受傷程度,主要傷處,保護裝置,行動電話,車輛用途,當事者行動狀態,駕駛資格情形,駕駛執照種類,飲酒情形,車輛撞擊部位1,車輛撞擊部位2,肇因碼-個別,肇因碼-主要,個人肇逃否,職業,座標-X,座標-Y
113,9,3,19,13,2,10文山區,文山區萬芳路11號,0,0,1,1,B03,7,5,5,50,14,9,1,5,4,5,13,4,4,5,4,5,2,16,1,63,3,10,7,1,7,11,1,8,1,6,,10,,1,21,121.5685131,24.9988593
113,9,3,19,13,2,10文山區,文山區萬芳路11號,0,0,1,2,C03,7,5,5,50,14,9,1,5,4,5,13,4,4,5,4,5,2,16,1,26,2,9,6,1,7,9,1,10,1,11,,42,,1,21,121.5685131,24.9988593
113,9,3,19,14,2,07信義區,信義區松智路與松平路口,0,0,1,1,C03,8,5,5,30,4,1,1,5,4,5,13,1,1,9,5,5,2,16,1,32,2,9,6,4,7,5,1,10,1,12,,71,,1,21,121.5653948,25.0304852
113,9,3,19,14,2,07信義區,信義區松智路與松平路口,0,0,1,2,B03,8,5,5,30,4,1,1,5,4,5,13,1,1,9,5,5,2,16,1,37,3,10,3,4,7,9,1,8,1,1,,44,,1,21,121.5653948,25.0304852
113,9,3,19,15,2,02萬華區,萬華區西園路2段與西藏路口,0,0,1,1,C03,7,5,5,50,4,1,1,5,4,5,13,1,1,3,3,5,2,13,1,31,2,9,5,4,7,6,1,10,1,11,,16,,1,22,121.4957374,25.0286067
113,9,3,19,15,2,02萬華區,萬華區西園路2段與西藏路口,0,0,1,2,C03,7,5,5,50,4,1,1,5,4,5,13,1,1,3,3,5,2,13,1,22,3,10,3,4,7,14,1,10,1,13,,44,,1,22,121.4957374,25.0286067
113,9,3,19,20,2,06松山區,松山區民權東路3段與民權東路3段175巷口,0,0,2,1,C03,8,5,5,30,4,1,1,5,4,5,13,2,1,3,4,5,2,17,2,34,2,9,6,1,7,15,1,10,1,13,,101,,1,21,121.5479175,25.06213213
113,9,3,19,20,2,06松山區,松山區民權東路3段與民權東路3段175巷口,0,0,2,2,B01,8,5,5,30,4,1,1,5,4,5,13,2,1,3,4,5,2,17,1,59,3,10,7,1,7,15,1,4,1,5,,108,,1,21,121.5479175,25.06213213
113,9,3,19,20,2,06松山區,松山區民權東路3段與民權東路3段175巷口,0,0,2,3,C03,8,5,5,30,4,1,1,5,4,5,13,2,1,3,4,5,2,17,1,58,2,9,6,1,7,1,1,10,1,14,,44,,1,21,121.5479175,25.06213213
113,9,3,19,35,2,12內湖區,內湖區民權大橋(東往西向第7510480號燈稈),0,0,1,1,H01,8,5,5,30,8,11,1,5,4,5,13,4,4,2,4,5,2,9,2,74,3,10,4,5,8,20,8,20,10,16,,60,,1,21,121.5727573,25.064975
113,9,3,19,35,2,12內湖區,內湖區民權大橋(東往西向第7510480號燈稈),0,0,1,2,C03,8,5,5,30,8,11,1,5,4,5,13,4,4,2,4,5,2,9,1,21,2,9,5,1,7,9,1,10,1,15,,42,,1,21,121.5727573,25.064975
113,9,3,19,44,2,01大同區,大同區民生西路與五號水門停車場口,0,0,1,1,B03,8,6,5,30,14,9,1,5,4,5,13,4,4,7,5,5,2,17,2,25,3,10,7,4,7,6,1,8,2,5,,9,,1,22,121.5079348,25.0564914
113,9,3,19,44,2,01大同區,大同區民生西路與五號水門停車場口,0,0,1,2,C03,8,6,5,30,14,9,1,5,4,5,13,4,4,7,5,5,2,17,1,65,2,8,6,4,7,9,1,10,2,14,,13,,1,22,121.5079348,25.0564914
113,9,3,20,51,2,03中山區,中山區南京東路2段與吉林路口,0,0,2,1,B01,8,5,5,50,4,1,1,5,4,5,13,1,1,5,4,5,2,16,1,44,2,9,7,1,7,5,1,3,2,1,,71,,1,22,121.5300641,25.0520477
113,9,3,20,51,2,03中山區,中山區南京東路2段與吉林路口,0,0,2,2,C03,8,5,5,50,4,1,1,5,4,5,13,1,1,5,4,5,2,16,1,42,2,9,5,1,7,9,1,10,2,11,,44,,1,22,121.5300641,25.0520477
113,9,3,21,1,2,09北投區,北投區中央北路1段與大業路口,0,0,1,1,C03,8,5,5,50,4,1,1,5,4,5,13,1,1,4,4,5,2,16,1,52,3,10,5,1,7,5,1,10,9,12,,8,,1,26,121.4972784,25.1361111
113,9,3,21,1,2,09北投區,北投區中央北路1段與大業路口,0,0,1,2,F01,8,5,5,50,4,1,1,5,4,5,13,1,1,4,4,5,2,16,1,11,2,7,4,1,7,9,8,20,9,11,,99,,1,14,121.4972784,25.1361111
113,9,3,21,38,2,01大同區,大同區延平北路3段與伊寧街口,0,0,2,1,B03,8,5,5,50,5,2,1,5,4,5,13,1,1,5,5,5,2,13,1,53,3,10,7,1,7,9,1,8,1,1,,108,,1,21,121.5110755,25.0647835
113,9,3,21,38,2,01大同區,大同區延平北路3段與伊寧街口,0,0,2,2,C03,8,5,5,50,5,2,1,5,4,5,13,1,1,5,5,5,2,13,1,38,2,8,6,1,7,14,1,9,1,13,,44,,1,21,121.5110755,25.0647835
113,9,3,21,38,2,01大同區,大同區延平北路3段與伊寧街口,0,0,2,3,C03,8,5,5,50,5,2,1,5,4,5,13,1,1,5,5,5,2,13,2,75,2,8,6,1,7,14,3,18,1,13,,44,,1,21,121.5110755,25.0647835
113,9,3,22,40,2,08士林區,士林區至善路2段與臨溪路口東吳大學,0,0,3,1,C04,8,5,5,50,3,1,1,5,4,5,13,2,1,3,4,4,1,17,2,52,2,9,6,1,7,9,1,11,1,11,,44,,1,22,121.5424499,25.0973331
113,9,3,22,40,2,08士林區,士林區至善路2段與臨溪路口東吳大學,0,0,3,2,C03,8,5,5,50,3,1,1,5,4,5,13,2,1,3,4,4,1,17,2,18,2,8,6,1,7,15,1,10,1,12,,101,,1,22,121.5424499,25.0973331
113,9,3,22,40,2,08士林區,士林區至善路2段與臨溪路口東吳大學,0,0,3,3,H02,8,5,5,50,3,1,1,5,4,5,13,2,1,3,4,4,1,17,2,18,2,9,6,5,7,21,8,20,10,16,,67,,1,22,121.5424499,25.0973331
113,9,4,3,44,2,02萬華區,萬華區漢口街2段與西寧南路口,0,0,2,2,C03,8,5,5,50,4,2,1,5,4,5,13,2,1,5,4,5,2,3,1,23,2,9,6,1,7,9,1,10,1,11,,108,,1,21,121.5067371,25.04560156
113,9,4,3,44,2,02萬華區,萬華區漢口街2段與西寧南路口,0,0,2,1,H01,8,5,5,50,4,2,1,5,4,5,13,2,1,5,4,5,2,3,1,41,2,9,4,5,8,16,8,20,10,16,,122,,1,21,121.5067371,25.04560156
113,9,4,4,4,2,02萬華區,萬華區堤外便道(華中至大理)華中第213號燈桿處,0,0,1,1,C03,7,5,5,50,11,9,1,1,4,3,10,4,4,9,5,5,2,17,1,29,2,9,6,1,7,9,1,10,9,11,,107,,1,21,121.4939794,25.01692957
113,9,4,4,4,2,02萬華區,萬華區堤外便道(華中至大理)華中第213號燈桿處,0,0,1,2,G06,7,5,5,50,11,9,1,1,4,3,10,4,4,9,5,5,2,17,1,53,3,10,4,1,7,13,8,20,9,16,,38,,1,21,121.4939794,25.01692957
113,9,4,5,0,2,05中正區,中正區林森北路(北往南19號停車格),0,0,1,1,C03,8,5,6,50,14,9,1,5,4,5,13,4,4,9,4,5,2,17,1,17,2,9,5,1,7,9,2,18,5,11,,21,,1,21,121.5238889,25.0470346
113,9,4,5,0,2,05中正區,中正區林森北路(北往南19號停車格),0,0,1,2,B03,8,5,6,50,14,9,1,5,4,5,13,4,4,9,4,5,2,17,1,53,3,10,3,1,7,13,7,19,11,7,,44,,1,21,121.5238889,25.0470346
113,9,4,6,0,2,03中山區,中山區民族東路與建國北路3段113巷口,0,0,1,1,B12,8,7,5,40,4,1,1,5,4,5,13,2,1,1,4,4,2,13,1,35,3,10,3,4,7,9,1,8,1,1,,117,,1,21,121.5361474,25.0681026
113,9,4,6,0,2,03中山區,中山區民族東路與建國北路3段113巷口,0,0,1,2,F01,8,7,5,40,4,1,1,5,4,5,13,2,1,1,4,4,2,13,1,31,2,7,4,4,7,15,8,20,1,13,,44,,1,21,121.5361474,25.0681026
113,9,4,7,1,2,12內湖區,內湖區舊宗路2段121巷與瑞湖街口,0,0,1,1,B03,8,6,5,50,4,1,1,5,4,5,13,2,1,5,4,5,2,3,1,46,3,10,3,4,7,5,1,8,2,1,,70,,1,22,121.5764719,25.0690998
113,9,4,7,1,2,12內湖區,內湖區舊宗路2段121巷與瑞湖街口,0,0,1,2,H01,8,6,5,50,4,1,1,5,4,5,13,2,1,5,4,5,2,3,1,57,2,9,4,5,8,16,8,20,10,16,,67,,1,22,121.5764719,25.0690998
113,9,4,7,19,2,09北投區,北投區立功街與無名路口,0,0,1,1,C03,8,6,6,30,3,1,1,5,4,5,13,4,4,10,5,5,2,17,2,55,2,9,5,1,7,5,1,10,2,11,,74,,1,21,121.4735994,25.125396
113,9,4,7,19,2,09北投區,北投區立功街與無名路口,0,0,1,2,C03,8,6,6,30,3,1,1,5,4,5,13,4,4,10,5,5,2,17,1,47,3,10,5,1,7,9,1,10,2,14,,44,,1,21,121.4735994,25.125396
113,9,4,7,45,2,10文山區,文山區木新路2段79巷12弄16號旁,0,0,1,1,C03,8,6,5,30,3,2,1,5,4,5,13,4,4,10,5,5,2,15,1,23,2,7,6,1,7,9,1,10,2,12,,42,,1,21,121.571034,24.9841621
113,9,4,7,45,2,10文山區,文山區木新路2段79巷12弄16號旁,0,0,1,2,B03,8,6,5,30,3,2,1,5,4,5,13,4,4,10,5,5,2,15,1,42,3,10,7,1,7,9,1,8,2,4,,42,,1,21,121.571034,24.9841621
113,9,4,7,50,2,05中正區,中正區博愛路與長沙街1段口,0,0,1,1,C03,8,7,5,50,3,1,1,5,4,5,13,4,4,5,5,5,2,16,1,59,2,8,5,1,7,5,1,10,2,11,,72,,1,26,121.5113202,25.0400948
113,9,4,7,50,2,05中正區,中正區博愛路與長沙街1段口,0,0,1,2,B03,8,7,5,50,3,1,1,5,4,5,13,4,4,5,5,5,2,16,1,59,3,10,7,1,7,9,1,8,2,4,,14,,1,26,121.5113202,25.0400948
113,9,4,7,50,2,12內湖區,內湖區環山路1段西向東第45號停車格前,0,0,1,1,B03,8,7,5,50,14,9,1,5,4,5,13,4,4,4,4,5,2,17,1,64,3,10,7,1,7,1,1,8,1,4,,19,,1,21,121.5698955,25.0863881
113,9,4,7,50,2,12內湖區,內湖區環山路1段西向東第45號停車格前,0,0,1,2,C03,8,7,5,50,14,9,1,5,4,5,13,4,4,4,4,5,2,17,1,26,2,9,5,1,7,9,1,10,1,12,,44,,1,21,121.5698955,25.0863881
113,9,4,7,54,2,04大安區,大安區樂業街與嘉興街口,0,0,3,1,C03,8,6,5,30,4,1,1,5,4,5,13,4,4,10,5,5,1,15,1,33,3,10,3,4,7,9,1,10,1,11,,72,,1,21,121.5513549,25.0214453
113,9,4,7,54,2,04大安區,大安區樂業街與嘉興街口,0,0,3,2,C03,8,6,5,30,4,1,1,5,4,5,13,4,4,10,5,5,1,15,1,32,2,9,3,4,7,9,1,9,1,14,,14,,1,21,121.5513549,25.0214453
113,9,4,7,54,2,04大安區,大安區樂業街與嘉興街口,0,0,3,3,H02,8,6,5,30,4,1,1,5,4,5,13,4,4,10,5,5,1,15,2,33,2,9,3,5,7,20,8,20,10,16,,67,,1,21,121.5513549,25.0214453
113,9,4,7,54,2,04大安區,大安區樂業街與嘉興街口,0,0,3,4,H02,8,6,5,30,4,1,1,5,4,5,13,4,4,10,5,5,1,15,2,3,2,9,3,5,7,20,8,20,10,16,,67,,1,21,121.5513549,25.0214453
113,9,4,7,57,2,07信義區,信義區忠孝東路5段101號,0,0,1,1,C03,8,6,5,50,14,9,1,5,4,5,13,4,4,8,5,5,2,13,1,22,2,9,5,4,7,9,1,10,1,11,14,16,,1,21,121.5672266,25.0411848
113,9,4,7,57,2,07信義區,信義區忠孝東路5段101號,0,0,1,2,B03,8,6,5,50,14,9,1,5,4,5,13,4,4,8,5,5,2,13,1,55,3,10,3,4,7,14,1,8,1,6,,44,,1,21,121.5672266,25.0411848
113,9,4,8,4,2,06松山區,松山區南京東路5段250巷與南京東路5段250巷口,0,0,2,1,C03,8,6,5,30,4,1,1,5,4,5,13,4,4,8,3,5,1,16,1,30,2,9,3,1,7,9,1,10,1,11,,72,,1,21,121.5661158,25.0507224
113,9,4,8,4,2,06松山區,松山區南京東路5段250巷與南京東路5段250巷口,0,0,2,2,C03,8,6,5,30,4,1,1,5,4,5,13,4,4,8,3,5,1,16,1,26,2,9,3,1,7,9,1,10,1,11,,13,,1,21,121.5661158,25.0507224
113,9,4,8,20,2,03中山區,中山區復興北路與民生東路3段口,0,0,1,1,C03,8,6,5,50,4,1,1,5,4,5,13,1,1,1,4,5,2,13,1,35,2,7,5,4,7,9,1,10,1,11,,107,,1,22,121.5440516,25.05785006
113,9,4,8,20,2,03中山區,中山區復興北路與民生東路3段口,0,0,1,2,B03,8,6,5,50,4,1,1,5,4,5,13,1,1,1,4,5,2,13,1,30,3,10,3,4,7,14,1,8,1,7,,44,,1,22,121.5440516,25.05785006
113,9,4,8,26,2,04大安區,大安區敦化南路2段65號,0,0,1,1,A02,8,7,5,50,14,9,1,2,4,5,13,1,1,1,4,5,2,17,1,57,4,11,3,4,7,21,7,19,11,15,,30,,2,22,121.5490482,25.030955
113,9,4,8,26,2,04大安區,大安區敦化南路2段65號,0,0,1,2,C03,8,7,5,50,14,9,1,2,4,5,13,1,1,1,4,5,2,17,1,35,2,7,5,1,7,6,1,10,1,15,,44,,1,21,121.5490482,25.030955
113,9,4,8,38,2,03中山區,中山區中山北路3段與民族西路口口,0,0,2,2,C03,8,5,5,50,4,1,1,5,4,5,13,1,1,5,4,4,2,17,2,61,2,9,3,4,7,9,1,10,1,15,,44,,1,21,121.5227397,25.0684686
113,9,4,8,38,2,03中山區,中山區中山北路3段與民族西路口口,0,0,2,3,H02,8,5,5,50,4,1,1,5,4,5,13,1,1,5,4,4,2,17,2,32,2,9,3,5,7,20,8,20,10,16,,44,,1,21,121.5227397,25.0684686
113,9,4,8,38,2,03中山區,中山區中山北路3段與民族西路口口,0,0,2,1,C03,8,5,5,50,4,1,1,5,4,5,13,1,1,5,4,4,2,17,1,50,3,10,3,4,7,8,1,10,9,14,,101,,2,22,121.5227397,25.0684686
113,9,4,8,49,2,02萬華區,萬華區堤外便道(近燈桿015),0,0,1,1,C03,8,6,5,40,14,11,1,5,4,5,13,4,4,5,4,5,2,12,1,51,3,10,3,4,7,9,1,10,1,11,,44,,1,22,121.4977645,25.0403669
113,9,4,8,49,2,02萬華區,萬華區堤外便道(近燈桿015),0,0,1,2,C03,8,6,5,40,14,11,1,5,4,5,13,4,4,5,4,5,2,12,2,29,3,10,3,4,7,15,1,10,1,13,,42,,1,22,121.4977645,25.0403669
113,9,4,8,49,2,02萬華區,萬華區堤外便道(近燈桿015),0,0,1,3,H02,8,6,5,40,14,11,1,5,4,5,13,4,4,5,4,5,2,12,1,27,2,8,3,5,7,20,8,20,10,16,,67,,1,22,121.4977645,25.0403669
113,9,4,9,29,2,03中山區,中山區明水路與樂群一路口,0,0,1,1,B03,8,6,5,50,3,1,1,5,4,5,13,1,1,3,4,5,2,13,2,24,3,10,7,1,7,9,1,8,1,1,,16,,1,21,121.5511151,25.07725983
113,9,4,9,29,2,03中山區,中山區明水路與樂群一路口,0,0,1,2,B03,8,6,5,50,3,1,1,5,4,5,13,1,1,3,4,5,2,13,2,36,3,10,7,1,7,9,1,8,1,3,,44,,1,21,121.5511151,25.07725983
113,9,4,9,29,2,03中山區,中山區明水路與樂群一路口,0,0,1,3,H02,8,6,5,50,3,1,1,5,4,5,13,1,1,3,4,5,2,13,1,36,2,2,7,5,7,20,8,20,10,16,,67,,1,21,121.5511151,25.07725983
113,9,4,10,16,2,05中正區,中正區愛國西路與南昌路1段口,0,0,1,1,B02,8,6,5,50,4,1,1,5,4,5,13,1,1,1,4,5,2,16,2,41,3,10,7,1,7,8,1,8,1,6,,101,,1,21,121.5146036,25.0348037
113,9,4,10,16,2,05中正區,中正區愛國西路與南昌路1段口,0,0,1,2,C03,8,6,5,50,4,1,1,5,4,5,13,1,1,1,4,5,2,16,1,37,2,9,5,1,7,9,1,10,1,11,,44,,1,21,121.5146036,25.0348037
113,9,4,10,35,2,10文山區,文山區指南路3段34巷電桿編號KB73旁,0,0,2,1,B11,8,6,5,30,11,9,1,5,4,5,13,4,4,10,5,5,1,11,1,40,2,3,7,1,7,9,1,4,2,8,,5,,1,21,121.5794558,24.9788787
113,9,4,10,35,2,10文山區,文山區指南路3段34巷電桿編號KB73旁,0,0,2,2,A02,8,6,5,30,11,9,1,5,4,5,13,4,4,10,5,5,1,11,1,59,2,9,7,1,7,9,1,2,2,4,,13,,1,21,121.5794558,24.9788787
113,9,4,10,47,2,01大同區,大同區民權西路144巷與民權西路160巷26弄口,0,0,1,1,A12,8,5,5,30,4,2,1,5,4,5,13,3,1,10,5,5,2,17,1,53,3,10,3,4,7,9,1,1,2,4,,72,,1,21,121.5159233,25.0616126
113,9,4,10,47,2,01大同區,大同區民權西路144巷與民權西路160巷26弄口,0,0,1,2,C03,8,5,5,30,4,2,1,5,4,5,13,3,1,10,5,5,2,17,1,77,2,9,3,4,7,9,3,18,2,11,,14,,1,21,121.5159233,25.0616126
113,9,4,10,55,2,01大同區,大同區鄭州路與塔城街口,0,0,1,1,B12,8,5,5,50,14,18,1,5,4,5,13,2,1,9,4,5,1,2,1,61,3,10,3,4,7,6,1,8,2,1,,70,,1,21,121.5104253,25.0502822
113,9,4,10,55,2,01大同區,大同區鄭州路與塔城街口,0,0,1,2,H01,8,5,5,50,14,18,1,5,4,5,13,2,1,9,4,5,1,2,1,66,2,9,4,5,8,16,8,20,10,16,,122,,1,21,121.5104253,25.0502822
113,9,4,10,56,2,07信義區,信義區忠孝東路5段505號,0,0,1,1,B01,8,6,5,50,14,9,1,5,4,5,13,4,4,1,4,5,2,17,1,65,3,10,7,1,7,9,1,4,2,5,,118,,1,22,121.5787949,25.0414061
113,9,4,10,56,2,07信義區,信義區忠孝東路5段505號,0,0,1,2,C03,8,6,5,50,14,9,1,5,4,5,13,4,4,1,4,5,2,17,2,64,2,8,5,1,7,14,1,10,2,13,,118,,1,22,121.5787949,25.0414061
113,9,4,10,56,2,07信義區,信義區忠孝東路5段505號,0,0,1,3,B03,8,6,5,50,14,9,1,5,4,5,13,4,4,1,4,5,2,17,1,27,3,10,7,1,7,14,1,8,1,7,,118,,1,22,121.5787949,25.0414061
113,9,4,11,36,2,04大安區,大安區光復南路260巷與光復南路口,0,0,1,1,B03,8,5,5,50,3,2,1,5,4,5,13,4,4,1,4,5,1,17,1,36,3,10,7,1,7,6,1,8,1,2,,9,,1,21,121.5575838,25.04024027
113,9,4,11,36,2,04大安區,大安區光復南路260巷與光復南路口,0,0,1,2,C03,8,5,5,50,3,2,1,5,4,5,13,4,4,1,4,5,1,17,1,50,2,9,5,1,7,9,1,10,1,14,,14,,1,21,121.5575838,25.04024027
113,9,4,12,5,2,06松山區,松山區敦化北路與長春路口,0,0,1,1,B03,8,6,5,50,4,1,1,5,4,5,13,1,1,1,4,1,2,16,1,44,3,10,7,1,7,15,1,8,1,5,,42,,1,21,121.5489761,25.05437691
113,9,4,12,5,2,06松山區,松山區敦化北路與長春路口,0,0,1,2,C03,8,6,5,50,4,1,1,5,4,5,13,1,1,1,4,1,2,16,2,48,2,9,5,1,7,9,1,11,1,11,,44,,1,21,121.5489761,25.05437691
113,9,4,12,12,2,03中山區,中山區建國北路3段78號,0,0,1,1,,8,5,5,0,14,9,1,5,4,5,13,4,4,1,4,5,2,37,3,0,,,,,,,,,,,,129,,1,,121.5358948,25.0655239
113,9,4,12,12,2,03中山區,中山區建國北路3段78號,0,0,1,2,C03,8,5,5,0,14,9,1,5,4,5,13,4,4,1,4,5,2,37,2,30,2,9,3,4,7,9,1,10,2,11,,44,,1,21,121.5358948,25.0655239
113,9,4,12,13,2,06松山區,松山區復興北路與復興北路313巷口,0,0,1,1,B12,8,5,5,50,3,18,1,5,4,5,13,4,4,9,4,5,2,9,1,57,3,10,7,1,7,6,1,8,1,5,,70,,1,21,121.5442801,25.05899025
113,9,4,12,13,2,06松山區,松山區復興北路與復興北路313巷口,0,0,1,2,H01,8,5,5,50,3,18,1,5,4,5,13,4,4,9,4,5,2,9,2,29,2,8,4,5,8,16,8,20,10,16,,60,,1,21,121.5442801,25.05899025
113,9,4,12,26,2,03中山區,中山區民權東路2段92巷與松江路362巷口,0,0,1,1,C03,8,6,5,30,4,1,1,5,4,5,13,4,4,10,5,5,2,15,2,35,2,9,5,1,7,9,1,10,1,11,,14,,1,21,121.5317326,25.06196663
113,9,4,12,26,2,03中山區,中山區民權東路2段92巷與松江路362巷口,0,0,1,2,B03,8,6,5,30,4,1,1,5,4,5,13,4,4,10,5,5,2,15,1,38,3,10,7,1,7,9,1,8,1,4,,14,,1,21,121.5317326,25.06196663
113,9,4,12,29,2,07信義區,信義區忠孝東路5段790巷22弄與忠孝東路5段790巷口,0,0,2,1,C03,8,7,5,30,4,1,1,5,4,5,13,4,4,10,5,5,2,15,1,24,2,9,5,1,7,9,1,10,2,11,,14,,1,21,121.582433,25.0426733
113,9,4,12,29,2,07信義區,信義區忠孝東路5段790巷22弄與忠孝東路5段790巷口,0,0,2,2,C03,8,7,5,30,4,1,1,5,4,5,13,4,4,10,5,5,2,15,1,63,2,9,5,1,7,9,1,10,2,14,,44,,1,21,121.582433,25.0426733
113,9,4,12,43,2,05中正區,中正區中山南路1段與貴陽街1段口口,0,0,3,1,C03,8,5,5,50,4,1,1,5,4,5,13,2,1,9,4,5,1,15,1,18,2,9,6,1,7,9,1,10,1,12,,81,,1,25,121.5172814,25.0380801
113,9,4,12,43,2,05中正區,中正區中山南路1段與貴陽街1段口口,0,0,3,2,C03,8,5,5,50,4,1,1,5,4,5,13,2,1,9,4,5,1,15,1,24,2,8,6,1,7,9,1,10,1,11,,44,,1,21,121.5172814,25.0380801
113,9,4,12,43,2,05中正區,中正區中山南路1段與貴陽街1段口口,0,0,3,3,H02,8,5,5,50,4,1,1,5,4,5,13,2,1,9,4,5,1,15,2,24,2,8,5,5,7,20,8,20,10,16,,67,,1,21,121.5172814,25.0380801
113,9,4,12,56,2,07信義區,信義區松德路263號,0,0,2,1,C03,8,6,5,40,14,9,1,5,4,5,13,4,4,5,4,4,2,17,1,46,2,8,6,1,7,7,1,10,2,14,,100,,1,21,121.574599,25.0332101
113,9,4,12,56,2,07信義區,信義區松德路263號,0,0,2,2,C03,8,6,5,40,14,9,1,5,4,5,13,4,4,5,4,4,2,17,2,53,2,8,6,1,7,9,1,10,2,12,,44,,1,21,121.574599,25.0332101
113,9,4,13,4,2,01大同區,大同區民生西路與寧夏路口,0,0,1,1,B03,8,5,5,50,4,2,1,5,4,5,13,2,1,5,4,5,2,17,1,61,3,10,3,4,7,5,1,8,2,5,,71,,1,21,121.5155615,25.0570756
113,9,4,13,4,2,01大同區,大同區民生西路與寧夏路口,0,0,1,2,C03,8,5,5,50,4,2,1,5,4,5,13,2,1,5,4,5,2,17,2,19,2,9,3,4,7,9,1,10,2,11,,13,,1,21,121.5155615,25.0570756
113,9,4,13,49,2,04大安區,大安區和平東路3段228巷與樂業街口,0,0,2,1,C03,8,6,5,50,4,1,1,5,4,5,13,2,1,5,5,4,2,16,1,27,2,9,6,1,7,5,1,9,1,12,,8,,1,21,121.5526503,25.0203773
113,9,4,13,49,2,04大安區,大安區和平東路3段228巷與樂業街口,0,0,2,2,C03,8,6,5,50,4,1,1,5,4,5,13,2,1,5,5,4,2,16,1,38,2,9,6,1,7,9,1,10,1,11,,44,,1,21,121.5526503,25.0203773
113,9,4,13,49,2,06松山區,松山區市民大道5段與光復南路口,0,0,2,1,C03,8,5,5,40,4,2,1,5,4,5,13,2,1,1,4,5,2,16,2,61,2,9,5,1,7,6,1,10,1,12,,101,,1,21,121.5578406,25.04525306
113,9,4,13,49,2,06松山區,松山區市民大道5段與光復南路口,0,0,2,2,C03,8,5,5,40,4,2,1,5,4,5,13,2,1,1,4,5,2,16,2,32,2,9,5,1,7,9,1,10,1,14,,44,,1,21,121.5578406,25.04525306
113,9,4,14,16,2,07信義區,信義區忠孝東路4段415號對面,0,0,1,1,C03,8,6,5,50,14,9,1,5,4,5,13,4,4,1,4,5,2,17,1,18,2,8,6,2,7,9,1,10,2,12,,110,,1,21,121.5583975,25.0412209
113,9,4,14,16,2,07信義區,信義區忠孝東路4段415號對面,0,0,1,2,B02,8,6,5,50,14,9,1,5,4,5,13,4,4,1,4,5,2,17,1,46,3,10,7,1,7,14,1,8,2,4,,44,,1,21,121.5583975,25.0412209
113,9,4,14,19,2,05中正區,中正區中山南路7號旁,0,0,1,1,C03,8,5,5,50,14,9,1,5,4,5,13,2,1,9,4,5,1,13,1,21,2,9,5,1,7,9,1,10,1,11,,16,,1,21,121.5179667,25.039631
113,9,4,14,19,2,05中正區,中正區中山南路7號旁,0,0,1,2,B12,8,5,5,50,14,9,1,5,4,5,13,2,1,9,4,5,1,13,2,28,3,10,7,1,7,6,1,8,1,6,,27,,1,21,121.5179667,25.039631
113,9,4,14,22,2,03中山區,中山區長春路與建國北路2段口,0,0,1,1,B11,8,5,5,40,4,1,1,5,4,5,13,4,4,1,4,5,2,17,2,22,3,10,3,4,7,6,1,8,1,2,,9,,1,21,121.5370927,25.0547495
113,9,4,14,22,2,03中山區,中山區長春路與建國北路2段口,0,0,1,2,C03,8,5,5,40,4,1,1,5,4,5,13,4,4,1,4,5,2,17,1,33,2,9,3,4,7,9,1,10,1,11,,44,,1,21,121.5370927,25.0547495
113,9,4,14,42,2,01大同區,大同區承德路2段與民權西路96巷口,0,0,1,1,B03,8,6,5,50,3,1,1,5,4,5,13,4,4,1,4,5,2,17,1,46,3,10,3,4,7,6,1,4,1,5,,9,,1,22,121.5183916,25.0621797
113,9,4,14,42,2,01大同區,大同區承德路2段與民權西路96巷口,0,0,1,2,C03,8,6,5,50,3,1,1,5,4,5,13,4,4,1,4,5,2,17,1,55,2,9,6,4,7,9,1,9,1,14,,44,,1,22,121.5183916,25.0621797
113,9,4,15,0,2,02萬華區,萬華區環河南路2段與西藏路口,0,0,2,1,C03,8,6,5,50,4,1,1,5,4,5,13,1,1,8,4,5,1,15,2,51,2,9,3,4,7,9,1,10,1,13,,81,,1,21,121.4901378,25.0305729
113,9,4,15,0,2,02萬華區,萬華區環河南路2段與西藏路口,0,0,2,2,C03,8,6,5,50,4,1,1,5,4,5,13,1,1,8,4,5,1,15,2,43,2,9,3,4,7,9,1,10,1,11,,44,,1,21,121.4901378,25.0305729
113,9,4,15,15,2,04大安區,大安區忠孝東路3段與新生南路1段口,0,0,1,1,C03,8,6,6,50,4,1,1,5,4,5,13,2,1,10,5,5,2,16,1,35,3,10,3,4,7,6,1,10,1,14,,118,,1,22,121.5330303,25.0424212
113,9,4,15,15,2,04大安區,大安區忠孝東路3段與新生南路1段口,0,0,1,2,C03,8,6,6,50,4,1,1,5,4,5,13,2,1,10,5,5,2,16,1,49,2,8,3,4,7,9,1,10,1,14,,118,,1,22,121.5330303,25.0424212
113,9,4,15,19,2,12內湖區,內湖區內湖路2段389號,0,0,1,1,C03,8,5,5,50,14,9,1,5,4,5,13,4,4,5,5,5,2,17,2,41,2,9,5,1,7,1,1,10,1,14,,19,,1,21,121.5927826,25.08399148
113,9,4,15,19,2,12內湖區,內湖區內湖路2段389號,0,0,1,2,B03,8,5,5,50,14,9,1,5,4,5,13,4,4,5,5,5,2,17,1,59,3,10,7,1,7,9,1,8,1,2,,44,,1,21,121.5927826,25.08399148