發生年度,發生月,發生日,發生時-Hours,發生分,處理別-編號,區序,肇事地點,死亡人數,2-30日死亡人數,受傷人數,當事人序號,車種,天候,道路照明設備,道路類別,速限-速度限制,道路型態,事故位置,路面狀況1,路面狀況2,路面狀況3,道路障礙1,道路障礙2,號誌1,號誌2,車道劃分-分向,車道劃分-分道1,車道劃分-分道2,車道劃分-分道3,事故類型及型態,性別,年齡,受傷程度,主要傷處,保護裝置,行動電話,車輛用途,當事者行動狀態,駕駛資格情形,駕駛執照種類,飲酒情形,車輛撞擊部位1,車輛撞擊部位2,肇因碼-個別,肇因碼-主要,個人肇逃否,職業,座標-X,座標-Y
113,9,4,15,33,2,06松山區,松山區民權東路4段121號,0,0,1,1,C03,8,7,5,50,14,9,1,5,4,5,13,2,1,1,4,4,2,13,2,56,2,9,6,1,7,9,1,10,2,11,,108,,1,21,121.5593784,25.0624331
113,9,4,15,33,2,06松山區,松山區民權東路4段121號,0,0,1,2,B03,8,7,5,50,14,9,1,5,4,5,13,2,1,1,4,4,2,13,1,67,3,10,7,1,7,14,1,8,2,6,,44,,1,21,121.5593784,25.0624331
113,9,4,15,33,2,06松山區,松山區民權東路4段121號,0,0,1,3,A04,8,7,5,50,14,9,1,5,4,5,13,2,1,1,4,4,2,13,1,57,3,10,7,1,7,9,1,2,2,4,,99,,1,21,121.5593784,25.0624331
113,9,4,16,0,2,03中山區,中山區南京東路3段65號,0,0,1,1,B03,8,6,5,40,14,8,1,5,4,5,13,4,4,3,4,4,2,17,1,56,3,10,7,1,7,14,1,8,2,4,,40,,1,21,121.5382179,25.05208267
113,9,4,16,0,2,03中山區,中山區南京東路3段65號,0,0,1,2,C03,8,6,5,40,14,8,1,5,4,5,13,4,4,3,4,4,2,17,1,36,2,9,5,1,7,9,1,10,2,12,14,44,,1,21,121.5382179,25.05208267
113,9,4,16,0,2,03中山區,中山區南京東路3段65號,0,0,1,3,E03,8,6,5,40,14,8,1,5,4,5,13,4,4,3,4,4,2,17,1,31,3,10,7,1,7,9,1,8,2,2,,44,,1,23,121.5382179,25.05208267
113,9,4,16,1,2,03中山區,中山區民權東路1段與雙城街口,0,0,1,1,B01,8,5,5,50,4,1,1,5,4,5,13,1,1,1,4,5,2,13,1,51,3,10,3,4,7,8,1,4,1,6,,101,,1,22,121.5240551,25.0630344
113,9,4,16,1,2,03中山區,中山區民權東路1段與雙城街口,0,0,1,2,C03,8,5,5,50,4,1,1,5,4,5,13,1,1,1,4,5,2,13,1,58,2,9,6,4,7,9,1,10,1,11,,44,,1,22,121.5240551,25.0630344
113,9,4,16,12,2,10文山區,文山區興隆路4段109巷與忠順街2段85巷口,0,0,2,1,F01,8,6,5,50,5,1,1,5,4,5,13,1,1,10,5,5,2,17,1,22,2,9,4,4,7,5,8,20,2,14,,8,,1,16,121.5657361,24.9870558
113,9,4,16,12,2,10文山區,文山區興隆路4段109巷與忠順街2段85巷口,0,0,2,2,C03,8,6,5,50,5,1,1,5,4,5,13,1,1,10,5,5,2,17,2,54,2,9,3,4,7,9,1,10,2,11,,44,,1,22,121.5657361,24.9870558
113,9,4,16,20,2,04大安區,"大安區羅斯福路4段(南往北,捷運公館站旁)",0,0,1,1,C03,8,6,5,50,14,9,1,5,4,5,13,4,4,1,4,5,2,12,1,28,2,9,5,1,7,7,1,10,1,14,,100,,1,21,121.5343642,25.0148084
113,9,4,16,20,2,04大安區,"大安區羅斯福路4段(南往北,捷運公館站旁)",0,0,1,2,B12,8,6,5,50,14,9,1,5,4,5,13,4,4,1,4,5,2,12,1,41,3,10,7,1,7,9,1,8,1,2,,44,,1,21,121.5343642,25.0148084
113,9,4,16,50,2,03中山區,中山區北安路305號,0,0,2,1,C03,8,6,5,50,14,9,1,5,4,5,13,1,1,1,4,5,2,13,1,39,2,9,6,4,7,9,1,10,1,11,,108,,1,22,121.538158,25.07784288
113,9,4,16,50,2,03中山區,中山區北安路305號,0,0,2,2,C02,8,6,5,50,14,9,1,5,4,5,13,1,1,1,4,5,2,13,1,37,2,9,6,4,7,9,1,9,1,13,,44,,1,22,121.538158,25.07784288
113,9,4,16,54,2,12內湖區,內湖區港墘路與堤頂大道2段口,0,0,1,1,B03,8,7,8,70,3,1,1,5,4,5,13,1,1,3,4,3,2,17,1,72,3,10,7,1,7,9,1,8,1,2,,81,,1,21,121.5722613,25.0745278
113,9,4,16,54,2,12內湖區,內湖區港墘路與堤頂大道2段口,0,0,1,2,C03,8,7,8,70,3,1,1,5,4,5,13,1,1,3,4,3,2,17,1,25,2,9,6,1,7,5,1,10,1,11,,44,,1,21,121.5722613,25.0745278
113,9,4,17,15,2,09北投區,北投區東陽街437號,0,0,1,1,B03,8,6,5,30,22,9,1,5,4,5,12,4,4,9,5,5,2,9,1,36,3,10,7,1,7,9,1,8,9,2,,108,,1,21,121.5184691,25.1125125
113,9,4,17,15,2,09北投區,北投區東陽街437號,0,0,1,2,H01,8,6,5,30,22,9,1,5,4,5,12,4,4,9,5,5,2,9,1,50,2,8,4,5,8,20,8,20,10,16,,60,,1,21,121.5184691,25.1125125
113,9,4,17,23,2,01大同區,大同區酒泉街與酒泉街103巷口口,0,0,1,1,B01,8,5,5,50,4,1,1,5,4,5,13,3,1,9,4,5,2,3,1,62,3,10,7,1,7,1,1,4,2,1,,70,,1,22,121.5149428,25.0720465
113,9,4,17,23,2,01大同區,大同區酒泉街與酒泉街103巷口口,0,0,1,2,H01,8,5,5,50,4,1,1,5,4,5,13,3,1,9,4,5,2,3,2,88,2,6,4,5,8,16,8,20,10,16,,67,,1,22,121.5149428,25.0720465
113,9,4,17,59,2,07信義區,信義區信義路4段與基隆路1段口,0,0,1,1,C03,8,5,5,50,14,9,1,5,4,5,13,1,1,5,5,5,2,13,1,63,3,10,5,1,7,9,1,10,9,11,,118,,1,21,121.5595536,25.0332776
113,9,4,17,59,2,07信義區,信義區信義路4段與基隆路1段口,0,0,1,2,C03,8,5,5,50,14,9,1,5,4,5,13,1,1,5,5,5,2,13,1,39,2,9,5,1,7,12,1,10,9,13,,118,,1,21,121.5595536,25.0332776
113,9,4,18,2,2,06松山區,松山區南京東路5段213號,0,0,1,1,B02,8,7,5,50,14,9,1,5,4,5,13,2,1,3,4,5,2,13,1,32,3,10,7,1,7,9,1,8,1,1,,16,,1,21,121.5642535,25.0514776
113,9,4,18,2,2,06松山區,松山區南京東路5段213號,0,0,1,2,C03,8,7,5,50,14,9,1,5,4,5,13,2,1,3,4,5,2,13,1,32,2,8,6,1,7,12,1,10,1,13,,44,,1,21,121.5642535,25.0514776
113,9,4,18,2,2,07信義區,信義區忠孝東路5段與虎林街口,0,0,1,1,B03,8,6,5,50,4,2,1,5,4,5,13,2,1,1,4,5,2,11,1,54,3,10,3,4,7,11,1,8,2,5,,98,,1,21,121.5768735,25.0408733
113,9,4,18,2,2,07信義區,信義區忠孝東路5段與虎林街口,0,0,1,2,C03,8,6,5,50,4,2,1,5,4,5,13,2,1,1,4,5,2,11,1,23,2,9,3,4,7,9,1,10,2,11,,44,,1,21,121.5768735,25.0408733
113,9,4,18,6,2,03中山區,中山區民生東路2段與松江路口,0,0,1,1,C03,8,7,5,50,4,1,1,5,4,5,13,1,1,1,4,5,2,13,1,49,4,11,3,4,7,21,7,19,11,15,,42,,2,22,121.5330547,25.0580277
113,9,4,18,6,2,03中山區,中山區民生東路2段與松江路口,0,0,1,2,C03,8,7,5,50,4,1,1,5,4,5,13,1,1,1,4,5,2,13,1,21,2,9,5,1,7,9,1,10,1,14,,17,,1,22,121.5330547,25.0580277
113,9,4,18,7,2,10文山區,文山區新光路2段與萬福橋口(木柵機廠停車場入口),0,0,1,1,,7,5,5,50,22,9,1,2,4,5,13,4,4,4,4,5,1,18,3,0,,,,,,,,,,,,129,,1,,121.5842662,25.0013637
113,9,4,18,7,2,10文山區,文山區新光路2段與萬福橋口(木柵機廠停車場入口),0,0,1,2,C03,7,5,5,50,22,9,1,2,4,5,13,4,4,4,4,5,1,18,1,28,2,9,3,4,7,5,1,10,2,14,,119,,1,22,121.5842662,25.0013637
113,9,4,19,19,2,02萬華區,萬華區桂林路與西園路1段口,0,0,2,1,C03,8,5,5,50,4,2,1,5,4,5,13,2,2,5,5,4,2,3,2,62,2,9,6,1,7,9,1,10,1,15,,70,,1,21,121.4996804,25.03848086
113,9,4,19,19,2,02萬華區,萬華區桂林路與西園路1段口,0,0,2,2,H01,8,5,5,50,4,2,1,5,4,5,13,2,2,5,5,4,2,3,2,42,2,9,4,5,8,16,8,20,10,16,,67,,1,21,121.4996804,25.03848086
113,9,4,20,0,2,07信義區,信義區基隆路1段與東興路口,0,0,1,1,A05,8,5,5,50,4,2,1,5,4,5,13,1,1,1,3,5,2,16,1,43,3,10,3,4,7,9,1,2,1,5,,99,,1,21,121.5668909,25.0453675
113,9,4,20,0,2,07信義區,信義區基隆路1段與東興路口,0,0,1,2,C03,8,5,5,50,4,2,1,5,4,5,13,1,1,1,3,5,2,16,1,54,2,9,6,1,7,6,1,9,1,14,,44,,1,21,121.5668909,25.0453675
113,9,4,20,38,2,04大安區,大安區大安路1段與大安路2段220巷口,0,0,1,1,C03,8,5,5,30,4,1,1,5,4,5,13,4,4,5,5,5,2,15,1,21,3,10,6,1,7,9,1,10,1,14,,72,,1,21,121.5459657,25.0342954
113,9,4,20,38,2,04大安區,大安區大安路1段與大安路2段220巷口,0,0,1,2,C03,8,5,5,30,4,1,1,5,4,5,13,4,4,5,5,5,2,15,2,51,2,9,6,1,7,9,1,10,1,11,,14,,1,21,121.5459657,25.0342954
113,9,4,21,12,2,01大同區,大同區塔城街與塔城街24巷口,0,0,2,1,C03,8,5,5,50,3,2,1,5,4,5,13,4,4,5,5,5,2,13,1,26,2,9,6,1,7,9,1,10,2,11,,107,,1,21,121.5105788,25.0506908
113,9,4,21,12,2,01大同區,大同區塔城街與塔城街24巷口,0,0,2,2,F01,8,5,5,50,3,2,1,5,4,5,13,4,4,5,5,5,2,13,1,36,2,9,4,1,7,9,8,20,2,13,,44,,1,21,121.5105788,25.0506908
113,9,4,21,12,2,01大同區,大同區塔城街與塔城街24巷口,,,2,1,C03,7,,,50,,,,,,,,,,,,,,,1,26,,,,,,,,,1,,,,,,,121.5106049,25.05226135
113,9,4,21,12,2,01大同區,大同區塔城街與塔城街24巷口,,,2,2,F01,7,,,50,,,,,,,,,,,,,,,1,36,,,,,,,,,1,,,,,,,121.5106049,25.05226135
113,9,4,21,28,2,05中正區,中正區忠孝西路1段與重慶南路1段口,0,0,1,1,C03,8,5,5,50,5,2,1,5,4,5,13,1,1,9,4,5,2,18,1,40,2,9,5,1,7,9,1,10,1,14,,42,,1,21,121.5132185,25.0468586
113,9,4,21,28,2,05中正區,中正區忠孝西路1段與重慶南路1段口,0,0,1,2,,8,5,5,50,5,2,1,5,4,5,13,1,1,9,4,5,2,18,3,0,,,,,,,,,,,,67,,1,,121.5132185,25.0468586
113,9,4,21,45,2,05中正區,中正區公園路與信陽街口,0,0,3,1,C03,8,5,5,30,3,1,1,5,4,5,13,4,4,5,4,5,2,15,1,67,2,9,5,1,7,15,1,10,2,14,,72,,1,21,121.5169569,25.0446608
113,9,4,21,45,2,05中正區,中正區公園路與信陽街口,0,0,3,2,C03,8,5,5,30,3,1,1,5,4,5,13,4,4,5,4,5,2,15,1,19,2,9,6,1,7,9,1,10,2,11,,14,,1,21,121.5169569,25.0446608
113,9,4,21,45,2,05中正區,中正區公園路與信陽街口,0,0,3,3,H02,8,5,5,30,3,1,1,5,4,5,13,4,4,5,4,5,2,15,1,33,2,7,5,5,7,20,8,20,10,16,,67,,1,21,121.5169569,25.0446608
113,9,4,22,3,2,01大同區,大同區環河北路1段與民生西路口,0,0,2,1,B03,8,5,5,50,5,1,1,5,4,5,13,4,4,5,5,5,2,13,1,47,3,10,7,1,7,5,1,8,1,1,,108,,1,21,121.5058511,25.05532118
113,9,4,22,3,2,01大同區,大同區環河北路1段與民生西路口,0,0,2,2,C03,8,5,5,50,5,1,1,5,4,5,13,4,4,5,5,5,2,13,1,21,2,8,6,1,7,5,1,10,1,13,,98,,1,21,121.5058511,25.05532118
113,9,4,22,3,2,01大同區,大同區環河北路1段與民生西路口,0,0,2,3,H02,8,5,5,50,5,1,1,5,4,5,13,4,4,5,5,5,2,13,1,21,2,6,6,5,7,20,8,20,10,16,,67,,1,21,121.5058511,25.05532118
113,9,4,22,7,2,10文山區,文山區秀明路2段與秀明路2段24巷口,0,0,2,1,C03,7,5,5,50,3,1,1,5,4,5,13,4,4,5,5,5,2,16,1,19,2,9,6,1,7,9,1,10,2,12,,108,,1,21,121.5744698,24.9917413
113,9,4,22,7,2,10文山區,文山區秀明路2段與秀明路2段24巷口,0,0,2,2,C03,7,5,5,50,3,1,1,5,4,5,13,4,4,5,5,5,2,16,1,24,2,9,6,1,7,11,1,10,2,14,,10,,1,21,121.5744698,24.9917413
113,9,4,23,5,2,03中山區,中山區市民大道3段與八德路2段300巷口,0,0,1,1,B03,8,5,5,40,4,1,1,5,4,5,13,4,4,1,4,5,2,16,2,41,3,10,3,4,7,6,1,8,1,2,,9,,1,21,121.5429631,25.0448675
113,9,4,23,5,2,03中山區,中山區市民大道3段與八德路2段300巷口,0,0,1,2,C03,8,5,5,40,4,1,1,5,4,5,13,4,4,1,4,5,2,16,2,25,2,9,6,4,7,9,1,10,1,14,,13,,1,21,121.5429631,25.0448675
113,9,4,23,16,2,09北投區,北投區尊賢街243巷與無名巷口,0,0,2,1,C03,8,5,5,30,3,2,1,5,4,5,13,4,4,10,4,5,1,17,1,59,2,7,5,1,7,5,1,10,1,11,,72,,1,21,121.5062681,25.1167868
113,9,4,23,16,2,09北投區,北投區尊賢街243巷與無名巷口,0,0,2,2,C03,8,5,5,30,3,2,1,5,4,5,13,4,4,10,4,5,1,17,1,35,2,7,5,1,7,9,1,10,1,11,,13,,1,21,121.5062681,25.1167868
113,9,5,0,40,2,03中山區,中山區中山北路2段與中山北路2段65巷口,0,0,1,1,B01,8,5,5,50,3,1,1,5,4,5,13,4,4,1,4,5,2,17,1,65,3,10,3,4,7,14,1,4,9,17,,38,,1,21,121.52293,25.05705697
113,9,5,0,40,2,03中山區,中山區中山北路2段與中山北路2段65巷口,0,0,1,2,B03,8,5,5,50,3,1,1,5,4,5,13,4,4,1,4,5,2,17,2,57,3,10,3,4,7,7,1,8,9,17,,100,,1,21,121.52293,25.05705697
113,9,5,0,40,2,03中山區,中山區中山北路2段與中山北路2段65巷口,0,0,1,3,C03,8,5,5,50,3,1,1,5,4,5,13,4,4,1,4,5,2,17,1,26,2,9,6,4,7,9,1,10,1,17,,13,,1,21,121.52293,25.05705697
113,9,5,6,44,2,01大同區,大同區延平北路2段與延平北路2段36巷口,0,0,1,1,C03,8,6,5,30,3,1,1,5,4,5,13,4,4,5,5,5,2,16,1,85,4,11,3,1,7,5,7,19,9,14,,73,,2,21,121.5116742,25.0549745
113,9,5,6,44,2,01大同區,大同區延平北路2段與延平北路2段36巷口,0,0,1,2,C03,8,6,5,30,3,1,1,5,4,5,13,4,4,5,5,5,2,16,2,33,2,8,6,1,7,9,1,10,9,11,,13,,1,21,121.5116742,25.0549745
113,9,5,6,44,2,03中山區,中山區長安東路2段與松江路口,0,0,1,1,B03,8,6,5,50,4,1,1,5,4,5,13,2,1,8,5,5,1,16,1,44,3,10,3,4,7,5,1,8,1,5,,71,,1,21,121.5330394,25.048528
113,9,5,6,44,2,03中山區,中山區長安東路2段與松江路口,0,0,1,2,C03,8,6,5,50,4,1,1,5,4,5,13,2,1,8,5,5,1,16,2,44,2,9,3,4,7,9,1,10,1,11,,44,,1,21,121.5330394,25.048528
113,9,5,6,54,2,04大安區,大安區浦城街與師大路92巷口,0,0,2,1,C02,8,7,5,30,5,1,1,5,4,5,13,4,4,10,5,5,2,15,2,27,2,9,3,4,7,9,1,9,1,12,,80,,1,21,121.5267563,25.0226833
113,9,5,6,54,2,04大安區,大安區浦城街與師大路92巷口,0,0,2,2,C03,8,7,5,30,5,1,1,5,4,5,13,4,4,10,5,5,2,15,1,60,2,9,3,4,7,9,1,10,1,11,,80,,1,21,121.5267563,25.0226833
113,9,5,6,54,2,04大安區,大安區浦城街與師大路92巷口,0,0,2,3,A11,8,7,5,30,5,1,1,5,4,5,13,4,4,10,5,5,2,15,1,35,3,10,3,4,7,14,1,3,9,17,,38,,2,21,121.5267563,25.0226833
113,9,5,6,55,2,08士林區,士林區和豐街39巷與和豐街口,0,0,1,1,C03,8,7,5,30,4,1,1,5,4,5,13,4,4,10,4,5,1,17,2,73,2,9,5,1,7,5,3,18,2,14,,72,,1,21,121.5178885,25.0826165
113,9,5,6,55,2,08士林區,士林區和豐街39巷與和豐街口,0,0,1,2,B02,8,7,5,30,4,1,1,5,4,5,13,4,4,10,4,5,1,17,1,27,3,10,7,1,7,9,1,8,2,1,,44,,1,21,121.5178885,25.0826165
113,9,5,7,11,2,02萬華區,萬華區華中橋機車道往台北市下橋處,0,0,1,1,F01,8,5,5,40,8,9,1,5,4,5,13,4,4,1,4,5,2,18,2,63,2,1,4,4,7,9,8,20,1,14,,42,,1,21,121.496861,25.01847519
113,9,5,7,11,2,02萬華區,萬華區華中橋機車道往台北市下橋處,0,0,1,2,,8,5,5,40,8,9,1,5,4,5,13,4,4,1,4,5,2,18,3,0,,,,,,,,,,,,67,,1,,121.496861,25.01847519
113,9,5,7,13,2,08士林區,士林區中山北路5段72號,0,0,1,1,B03,8,7,5,50,14,9,1,5,4,5,13,4,4,1,5,5,2,17,1,25,3,10,7,1,7,9,1,8,1,2,,108,,1,21,121.525588,25.08394998
113,9,5,7,13,2,08士林區,士林區中山北路5段72號,0,0,1,2,C03,8,7,5,50,14,9,1,5,4,5,13,4,4,1,5,5,2,17,2,67,2,7,5,1,7,9,1,10,1,14,,44,,1,21,121.525588,25.08394998
113,9,5,7,28,2,12內湖區,內湖區洲子街150號附近,0,0,2,1,H01,8,6,5,50,14,9,1,5,4,5,13,4,4,5,5,5,2,3,2,48,2,1,4,5,8,16,8,20,10,16,,121,,1,21,121.567916,25.0812706
113,9,5,7,28,2,12內湖區,內湖區洲子街150號附近,0,0,2,2,C03,8,6,5,50,14,9,1,5,4,5,13,4,4,5,5,5,2,3,2,49,2,9,6,1,7,9,1,10,2,14,,108,,1,21,121.567916,25.0812706
113,9,5,7,40,2,07信義區,信義區忠孝東路5段236巷27弄18號,0,0,1,1,B03,8,6,5,30,14,9,1,5,4,5,13,4,4,5,5,5,2,17,1,32,3,10,3,4,7,1,1,8,1,8,,19,,1,22,121.5732561,25.038486
113,9,5,7,40,2,07信義區,信義區忠孝東路5段236巷27弄18號,0,0,1,2,C03,8,6,5,30,14,9,1,5,4,5,13,4,4,5,5,5,2,17,1,44,2,9,3,4,7,9,1,10,1,11,,44,,1,22,121.5732561,25.038486
113,9,5,7,50,2,09北投區,北投區公館路220號前,0,0,1,1,C03,8,6,5,30,14,9,1,5,4,5,13,4,4,10,5,5,2,17,2,58,2,9,5,1,7,5,1,10,1,12,,8,,1,21,121.507756,25.1269695
113,9,5,7,50,2,09北投區,北投區公館路220號前,0,0,1,2,C03,8,6,5,30,14,9,1,5,4,5,13,4,4,10,5,5,2,17,2,28,3,10,5,1,7,9,1,10,1,11,,44,,1,21,121.507756,25.1269695
113,9,5,7,50,2,09北投區,北投區公館路220號前,0,0,1,3,H02,8,6,5,30,14,9,1,5,4,5,13,4,4,10,5,5,2,17,2,8,4,11,5,5,7,20,8,20,10,16,,67,,1,14,121.507756,25.1269695
113,9,5,7,50,2,07信義區,信義區吳興街480號,0,0,1,1,B03,8,6,5,30,14,9,1,5,4,5,13,4,4,10,5,5,2,2,2,78,4,11,3,4,7,21,7,19,11,15,,107,,2,21,121.5694482,25.0235612
113,9,5,7,50,2,07信義區,信義區吳興街480號,0,0,1,2,H01,8,6,5,30,14,9,1,5,4,5,13,4,4,10,5,5,2,2,1,26,2,7,4,5,8,16,8,20,10,16,,67,,1,21,121.5694482,25.0235612
113,9,5,7,56,2,04大安區,大安區基隆路3段與臥龍街口,0,0,1,1,B03,8,6,5,50,14,9,1,5,4,5,13,4,4,1,4,5,1,12,1,26,3,10,3,4,7,7,1,8,1,3,,100,,1,21,121.5482978,25.0204335
113,9,5,7,56,2,04大安區,大安區基隆路3段與臥龍街口,0,0,1,2,C03,8,6,5,50,14,9,1,5,4,5,13,4,4,1,4,5,1,12,1,29,2,3,3,4,7,9,1,10,1,11,,44,,1,21,121.5482978,25.0204335
113,9,5,7,57,2,03中山區,中山區北安路47號,0,0,1,1,B03,8,6,5,50,3,2,1,5,4,5,13,4,4,1,4,5,2,17,1,54,3,10,7,1,7,11,1,8,1,6,,10,,1,21,121.5285213,25.07766415
113,9,5,7,57,2,03中山區,中山區北安路47號,0,0,1,2,C03,8,6,5,50,3,2,1,5,4,5,13,4,4,1,4,5,2,17,1,32,2,9,5,1,7,9,1,10,1,14,,13,,1,21,121.5285213,25.07766415
113,9,5,8,0,2,11南港區,南港區南深路與南深路19巷口,0,0,1,1,B03,8,6,5,50,3,1,1,5,4,5,13,4,4,5,5,5,2,16,1,34,3,10,3,4,7,6,1,8,1,2,,9,,1,21,121.6213975,25.0383221
113,9,5,8,0,2,11南港區,南港區南深路與南深路19巷口,0,0,1,2,C03,8,6,5,50,3,1,1,5,4,5,13,4,4,5,5,5,2,16,1,25,2,7,6,1,7,9,1,10,1,11,,107,,1,21,121.6213975,25.0383221
113,9,5,8,2,2,04大安區,大安區辛亥路2段185號,0,0,1,1,B03,8,5,5,0,22,20,1,5,4,5,13,4,4,10,5,5,2,17,1,43,3,10,3,4,7,1,1,8,1,8,,19,,1,22,121.5415257,25.0216169
113,9,5,8,2,2,04大安區,大安區辛亥路2段185號,0,0,1,2,F01,8,5,5,0,22,20,1,5,4,5,13,4,4,10,5,5,2,17,1,62,2,8,3,4,7,9,8,20,1,11,,99,,1,22,121.5415257,25.0216169
113,9,5,8,2,2,05中正區,中正區中華路1段55號,0,0,2,1,C03,8,6,8,50,22,22,1,5,4,5,13,2,1,3,4,3,2,17,2,46,2,9,6,1,7,15,1,10,2,12,,102,,1,21,121.5085327,25.04238
113,9,5,8,2,2,05中正區,中正區中華路1段55號,0,0,2,2,C03,8,6,8,50,22,22,1,5,4,5,13,2,1,3,4,3,2,17,1,55,2,7,6,1,7,9,1,10,2,15,,44,,1,21,121.5085327,25.04238
113,9,5,8,2,2,05中正區,中正區中華路1段55號,0,0,2,3,B03,8,6,8,50,22,22,1,5,4,5,13,2,1,3,4,3,2,17,1,43,3,10,7,1,7,10,1,8,2,6,,100,,1,21,121.5085327,25.04238
113,9,5,8,2,2,08士林區,士林區承德路4段與士商路口,0,0,1,1,B03,8,6,5,50,5,1,1,5,4,5,13,2,1,1,4,4,2,12,1,53,3,10,3,4,7,9,1,8,1,2,,108,,1,22,121.5215309,25.0890096
113,9,5,8,2,2,08士林區,士林區承德路4段與士商路口,0,0,1,2,C03,8,6,5,50,5,1,1,5,4,5,13,2,1,1,4,4,2,12,1,35,2,7,3,4,7,9,1,10,1,14,,44,,1,22,121.5215309,25.0890096
113,9,5,8,30,2,12內湖區,內湖區舊宗路2段與舊宗路2段口五汐南下匝道口,0,0,1,1,B03,8,7,8,50,4,2,1,5,4,5,13,2,1,1,4,5,2,17,4,0,,,,,,,,,,,,119,,2,,121.5748305,25.07067169
113,9,5,8,30,2,12內湖區,內湖區舊宗路2段與舊宗路2段口五汐南下匝道口,0,0,1,2,C03,8,7,8,50,4,2,1,5,4,5,13,2,1,1,4,5,2,17,2,23,2,8,5,1,7,14,1,10,9,17,,44,,1,21,121.5748305,25.07067169
113,9,5,8,36,2,04大安區,大安區新生南路1段與新生南路1段103巷口,0,0,2,1,C03,8,7,5,50,14,9,1,5,4,5,13,4,4,1,4,5,2,17,2,40,2,9,3,4,7,6,1,8,1,12,,9,,1,21,121.533003,25.04064331
113,9,5,8,36,2,04大安區,大安區新生南路1段與新生南路1段103巷口,0,0,2,2,C03,8,7,5,50,14,9,1,5,4,5,13,4,4,1,4,5,2,17,1,41,2,9,3,4,7,9,1,10,1,11,,44,,1,21,121.533003,25.04064331
113,9,5,8,37,2,12內湖區,內湖區成功路5段與大湖山莊街口,0,0,1,1,B03,8,6,5,50,3,2,1,5,4,5,13,4,4,1,4,4,2,17,2,45,3,10,7,1,7,6,1,8,2,17,,9,,1,21,121.602099,25.0840148
113,9,5,8,37,2,12內湖區,內湖區成功路5段與大湖山莊街口,0,0,1,2,C03,8,6,5,50,3,2,1,5,4,5,13,4,4,1,4,4,2,17,1,68,2,9,5,1,7,9,1,10,2,12,,42,,1,21,121.602099,25.0840148
113,9,5,8,40,2,12內湖區,內湖區安康路與安美街口,0,0,1,1,A02,8,6,5,50,4,1,1,5,4,5,13,2,1,5,4,5,2,17,1,67,3,10,7,1,7,5,1,2,1,17,,2,,1,21,121.5964191,25.06217644
113,9,5,8,40,2,12內湖區,內湖區安康路與安美街口,0,0,1,2,C03,8,6,5,50,4,1,1,5,4,5,13,2,1,5,4,5,2,17,1,23,2,9,5,1,7,9,1,10,1,17,,13,,1,21,121.5964191,25.06217644
113,9,5,8,42,2,08士林區,士林區雙溪街與福華路口,0,0,1,1,B02,8,7,5,50,3,1,1,5,4,5,13,4,4,9,4,5,1,17,2,36,3,10,7,1,7,5,1,8,2,1,,72,,1,21,121.5237676,25.099917
113,9,5,8,42,2,08士林區,士林區雙溪街與福華路口,0,0,1,2,C03,8,7,5,50,3,1,1,5,4,5,13,4,4,9,4,5,1,17,1,65,2,8,5,1,7,5,1,9,2,14,,44,,1,21,121.5237676,25.099917
113,9,5,8,50,2,09北投區,北投區立功街車亭停車場,0,0,1,1,B03,8,5,5,30,14,9,1,5,4,5,13,4,4,10,5,5,2,16,1,45,3,10,7,1,7,5,1,8,1,4,,8,,1,21,121.4691234,25.1249582
113,9,5,8,50,2,09北投區,北投區立功街車亭停車場,0,0,1,2,C03,8,5,5,30,14,9,1,5,4,5,13,4,4,10,5,5,2,16,1,48,2,8,5,1,7,9,1,10,1,12,,44,,1,21,121.4691234,25.1249582
113,9,5,8,55,2,11南港區,南港區三重路與經貿二路88巷口,0,0,1,1,B03,8,6,5,50,3,1,1,5,4,5,13,2,1,9,2,5,2,3,1,48,3,10,7,1,7,5,1,8,1,5,,70,,1,21,121.6142207,25.0577529
113,9,5,8,55,2,11南港區,南港區三重路與經貿二路88巷口,0,0,1,2,H01,8,6,5,50,3,1,1,5,4,5,13,2,1,9,2,5,2,3,1,34,2,9,4,5,8,16,8,20,1,16,,121,,1,21,121.6142207,25.0577529
113,9,5,9,2,2,03中山區,中山區民權東路2段160號,0,0,1,1,F01,8,6,5,0,22,20,1,5,4,5,13,4,4,10,5,5,2,16,2,45,3,10,3,4,7,7,8,20,1,14,,100,,1,21,121.5350672,25.06236377
113,9,5,9,2,2,03中山區,中山區民權東路2段160號,0,0,1,2,F01,8,6,5,0,22,20,1,5,4,5,13,4,4,10,5,5,2,16,2,51,2,9,3,4,7,9,8,20,1,12,,44,,1,21,121.5350672,25.06236377
113,9,5,9,10,2,04大安區,大安區新生南路2段60號對面,0,0,2,1,H01,8,5,5,40,14,9,1,5,4,5,13,4,4,8,3,5,1,5,1,47,2,7,4,5,8,20,8,20,10,16,,53,,1,21,121.5345896,25.0284847
113,9,5,9,10,2,04大安區,大安區新生南路2段60號對面,0,0,2,2,C03,8,5,5,40,14,9,1,5,4,5,13,4,4,8,3,5,1,5,1,49,2,8,5,1,7,9,1,10,1,12,,108,,1,21,121.5345896,25.0284847
113,9,5,9,12,2,04大安區,大安區敦化南路2段172巷8弄與臥龍街23巷口,0,0,1,1,B03,8,7,5,30,3,1,1,5,4,6,13,4,4,10,5,5,1,16,2,31,3,10,3,4,7,5,1,8,1,8,,72,,1,21,121.5477778,25.0236784
113,9,5,9,12,2,04大安區,大安區敦化南路2段172巷8弄與臥龍街23巷口,0,0,1,2,C03,8,7,5,30,3,1,1,5,4,6,13,4,4,10,5,5,1,16,2,26,2,9,6,4,7,9,1,10,1,11,,44,,1,21,121.5477778,25.0236784