發生年度,發生月,發生日,發生時-Hours,發生分,處理別-編號,區序,肇事地點,死亡人數,2-30日死亡人數,受傷人數,當事人序號,車種,天候,道路照明設備,道路類別,速限-速度限制,道路型態,事故位置,路面狀況1,路面狀況2,路面狀況3,道路障礙1,道路障礙2,號誌1,號誌2,車道劃分-分向,車道劃分-分道1,車道劃分-分道2,車道劃分-分道3,事故類型及型態,性別,年齡,受傷程度,主要傷處,保護裝置,行動電話,車輛用途,當事者行動狀態,駕駛資格情形,駕駛執照種類,飲酒情形,車輛撞擊部位1,車輛撞擊部位2,肇因碼-個別,肇因碼-主要,個人肇逃否,職業,座標-X,座標-Y
113,9,5,9,15,2,04大安區,大安區基隆路2段172-1號,0,0,1,1,B01,8,6,5,50,14,9,1,5,4,5,13,4,4,9,4,5,1,17,1,67,3,10,3,4,7,8,1,4,1,5,,100,,1,21,121.5551089,25.0267443
113,9,5,9,15,2,04大安區,大安區基隆路2段172-1號,0,0,1,2,C03,8,6,5,50,14,9,1,5,4,5,13,4,4,9,4,5,1,17,2,27,2,9,3,4,7,9,1,10,1,11,,44,,1,22,121.5551089,25.0267443
113,9,5,9,26,2,06松山區,松山區敦化北路226-1號,0,0,1,1,C03,8,7,5,50,14,9,1,5,4,5,13,4,4,1,4,5,2,13,1,19,2,8,6,1,7,9,1,10,1,11,,16,,1,25,121.5492157,25.0589502
113,9,5,9,26,2,06松山區,松山區敦化北路226-1號,0,0,1,2,B03,8,7,5,50,14,9,1,5,4,5,13,4,4,1,4,5,2,13,1,37,3,10,7,1,7,9,1,6,1,3,,44,,1,26,121.5492157,25.0589502
113,9,5,9,26,2,07信義區,信義區基隆路2段與嘉興街175巷口,0,0,1,1,B03,8,5,5,30,3,2,1,5,4,5,13,4,4,1,2,5,2,17,2,54,3,10,7,1,7,6,1,8,1,8,,72,,1,22,121.5566568,25.0280343
113,9,5,9,26,2,07信義區,信義區基隆路2段與嘉興街175巷口,0,0,1,2,C03,8,5,5,30,3,2,1,5,4,5,13,4,4,1,2,5,2,17,2,45,2,9,6,1,7,9,1,10,1,12,,44,,1,22,121.5566568,25.0280343
113,9,5,9,39,2,04大安區,大安區復興南路1段390號前,0,0,1,1,B03,8,7,5,50,14,9,1,5,4,5,13,4,4,10,4,5,2,17,2,68,3,10,7,1,7,1,1,8,1,8,,19,,1,21,121.5435327,25.0337983
113,9,5,9,39,2,04大安區,大安區復興南路1段390號前,0,0,1,2,C03,8,7,5,50,14,9,1,5,4,5,13,4,4,10,4,5,2,17,1,66,2,9,6,1,7,9,1,10,1,11,,13,,1,21,121.5435327,25.0337983
113,9,5,9,47,2,02萬華區,萬華區康定路與桂林路口,0,0,1,1,B12,8,5,5,50,4,1,1,5,4,5,13,1,1,5,4,5,2,9,1,45,3,10,7,4,7,5,1,8,1,1,,70,,1,21,121.5018951,25.03829967
113,9,5,9,47,2,02萬華區,萬華區康定路與桂林路口,0,0,1,2,H01,8,5,5,50,4,1,1,5,4,5,13,1,1,5,4,5,2,9,2,25,2,8,4,5,8,18,8,20,10,16,,67,,1,21,121.5018951,25.03829967
113,9,5,10,11,2,07信義區,信義區忠孝東路4段512號,0,0,1,1,B12,8,6,5,50,14,9,1,5,4,5,13,2,1,9,5,5,2,12,1,47,3,10,3,4,7,7,1,8,1,4,,101,,1,21,121.5626389,25.0411797
113,9,5,10,11,2,07信義區,信義區忠孝東路4段512號,0,0,1,2,C03,8,6,5,50,14,9,1,5,4,5,13,2,1,9,5,5,2,12,1,44,2,9,5,1,7,9,1,10,1,12,,97,,1,21,121.5626389,25.0411797
113,9,5,10,31,2,04大安區,大安區基隆路4段與羅斯福路4段口,0,0,1,1,C03,8,5,5,50,4,2,1,5,4,5,13,1,1,1,4,1,2,17,1,26,2,9,5,1,7,8,1,10,1,12,,80,,1,21,121.5375125,25.0115741
113,9,5,10,31,2,04大安區,大安區基隆路4段與羅斯福路4段口,0,0,1,2,B03,8,5,5,50,4,2,1,5,4,5,13,1,1,1,4,1,2,17,1,58,3,10,7,1,7,9,1,8,1,1,,44,,1,21,121.5375125,25.0115741
113,9,5,10,31,2,04大安區,大安區基隆路4段與羅斯福路4段口,0,0,1,3,B03,8,5,5,50,4,2,1,5,4,5,13,1,1,1,4,1,2,17,1,72,3,10,7,1,7,9,1,8,1,3,,44,,1,21,121.5375125,25.0115741
113,9,5,10,56,2,06松山區,松山區復興南路1段57號,0,0,1,1,B01,8,7,5,50,14,9,1,5,4,5,13,4,4,1,4,5,2,17,1,69,3,10,7,1,7,8,1,4,1,6,,100,,1,21,121.5439718,25.0452456
113,9,5,10,56,2,06松山區,松山區復興南路1段57號,0,0,1,2,C03,8,7,5,50,14,9,1,5,4,5,13,4,4,1,4,5,2,17,1,27,2,9,6,1,7,9,1,10,1,11,,44,,1,21,121.5439718,25.0452456
113,9,5,11,35,2,07信義區,信義區永吉路278巷與永吉路278巷1弄口,0,0,2,1,B03,8,6,5,30,4,1,1,5,4,5,13,4,4,10,5,5,2,17,1,50,3,10,7,1,7,5,1,8,1,8,,74,,1,22,121.5741946,25.0449937
113,9,5,11,35,2,07信義區,信義區永吉路278巷與永吉路278巷1弄口,0,0,2,2,C03,8,6,5,30,4,1,1,5,4,5,13,4,4,10,5,5,2,17,1,48,2,8,6,1,7,9,1,10,1,14,,44,,1,22,121.5741946,25.0449937
113,9,5,11,35,2,07信義區,信義區永吉路278巷與永吉路278巷1弄口,0,0,2,3,H02,8,6,5,30,4,1,1,5,4,5,13,4,4,10,5,5,2,17,2,20,2,8,6,5,7,20,8,20,10,16,,67,,1,22,121.5741946,25.0449937
113,9,5,12,0,2,10文山區,文山區景中街與景美街口,0,0,1,1,A02,8,6,5,50,4,1,1,5,4,5,13,4,4,1,4,5,2,9,1,65,3,10,7,1,7,12,1,2,2,17,,118,,1,21,121.5416672,24.9928915
113,9,5,12,0,2,10文山區,文山區景中街與景美街口,0,0,1,2,H02,8,6,5,50,4,1,1,5,4,5,13,4,4,1,4,5,2,9,2,74,2,9,4,5,7,17,8,20,10,16,,67,,1,21,121.5416672,24.9928915
113,9,5,12,2,2,03中山區,中山區合江街與合江街102巷口,0,0,1,1,B03,8,6,5,30,4,1,1,5,4,5,13,4,4,9,4,5,2,15,1,49,3,10,7,1,7,9,1,8,1,8,,14,,1,21,121.5391991,25.05874673
113,9,5,12,2,2,03中山區,中山區合江街與合江街102巷口,0,0,1,2,C03,8,6,5,30,4,1,1,5,4,5,13,4,4,9,4,5,2,15,1,26,2,9,6,1,7,9,1,10,1,14,,44,,1,21,121.5391991,25.05874673
113,9,5,12,2,2,03中山區,中山區合江街與合江街102巷口,0,0,1,3,C03,8,6,5,30,4,1,1,5,4,5,13,4,4,9,4,5,2,15,1,21,3,10,6,1,7,13,1,10,1,13,,38,,1,21,121.5391991,25.05874673
113,9,5,12,2,2,03中山區,中山區合江街與合江街102巷口,0,0,1,4,C03,8,6,5,30,4,1,1,5,4,5,13,4,4,9,4,5,2,15,1,26,3,10,6,1,7,13,1,10,1,12,,38,,1,21,121.5391991,25.05874673
113,9,5,12,46,2,04大安區,大安區仁愛路3段143巷與忠孝東路3段248巷13弄口,0,0,1,1,B01,8,5,5,30,3,2,1,5,4,5,13,4,4,5,4,5,1,17,1,66,3,10,7,1,7,5,1,4,1,2,,72,,1,21,121.5429835,25.0406791
113,9,5,12,46,2,04大安區,大安區仁愛路3段143巷與忠孝東路3段248巷13弄口,0,0,1,2,C03,8,5,5,30,3,2,1,5,4,5,13,4,4,5,4,5,1,17,1,21,2,9,5,1,7,9,1,10,1,11,,108,,1,21,121.5429835,25.0406791
113,9,5,13,3,2,09北投區,北投區西安街2段239號,0,0,1,1,C04,8,6,5,50,14,9,1,5,4,5,13,4,4,10,4,5,1,12,2,33,2,9,5,1,7,7,1,11,1,14,,100,,1,21,121.5086298,25.1200976
113,9,5,13,3,2,09北投區,北投區西安街2段239號,0,0,1,2,B03,8,6,5,50,14,9,1,5,4,5,13,4,4,10,4,5,1,12,2,35,3,10,7,1,7,9,1,8,1,6,,44,,1,21,121.5086298,25.1200976
113,9,5,13,45,2,05中正區,中正區市民大道1段與承德路1段口北三門,0,0,1,1,C03,8,7,5,40,14,9,1,5,4,5,13,4,4,10,3,5,2,13,1,21,3,10,5,1,7,9,1,10,2,11,,107,,1,26,121.5167954,25.0485873
113,9,5,13,45,2,05中正區,中正區市民大道1段與承德路1段口北三門,0,0,1,2,C03,8,7,5,40,14,9,1,5,4,5,13,4,4,10,3,5,2,13,2,38,2,9,5,1,7,9,1,10,2,13,,44,,1,26,121.5167954,25.0485873
113,9,5,14,0,2,03中山區,中山區中山北路2段46號,0,0,1,1,B02,8,7,5,50,14,9,1,5,4,5,13,4,4,9,4,5,2,17,2,65,3,10,7,1,7,9,1,8,1,2,,108,,1,21,121.5225839,25.05555745
113,9,5,14,0,2,03中山區,中山區中山北路2段46號,0,0,1,2,C03,8,7,5,50,14,9,1,5,4,5,13,4,4,9,4,5,2,17,2,18,3,10,6,1,7,14,1,10,1,17,,38,,1,21,121.5225839,25.05555745
113,9,5,14,0,2,03中山區,中山區中山北路2段46號,0,0,1,3,H02,8,7,5,50,14,9,1,5,4,5,13,4,4,9,4,5,2,17,2,53,2,9,6,5,7,20,8,20,10,16,,44,,1,21,121.5225839,25.05555745
113,9,5,14,7,2,01大同區,大同區延平北路3段與伊寧街口口,0,0,1,1,C03,8,6,5,50,4,1,1,5,4,5,13,2,1,5,5,5,2,16,1,77,4,11,3,4,7,9,7,19,9,15,,119,,2,21,121.5110499,25.0646508
113,9,5,14,7,2,01大同區,大同區延平北路3段與伊寧街口口,0,0,1,2,C03,8,6,5,50,4,1,1,5,4,5,13,2,1,5,5,5,2,16,2,23,2,8,6,1,7,5,1,10,9,11,,118,,1,21,121.5110499,25.0646508
113,9,5,14,35,2,12內湖區,內湖區內湖路2段103巷第66車格,0,0,1,1,B03,8,7,5,30,12,9,1,5,4,5,13,4,4,9,5,5,2,16,1,57,3,10,7,1,7,11,1,8,2,1,,10,,1,21,121.5814299,25.08157167
113,9,5,14,35,2,12內湖區,內湖區內湖路2段103巷第66車格,0,0,1,2,C02,8,7,5,30,12,9,1,5,4,5,13,4,4,9,5,5,2,16,1,24,2,9,5,1,7,9,1,10,2,11,,13,,1,21,121.5814299,25.08157167
113,9,5,14,46,2,10文山區,文山區興隆路1段與興隆路1段251巷口,0,0,1,1,B03,8,6,5,50,3,1,1,5,4,5,13,2,1,1,4,5,2,17,1,60,3,10,7,1,7,5,1,8,1,17,,71,,1,21,121.5440734,24.9994594
113,9,5,14,46,2,10文山區,文山區興隆路1段與興隆路1段251巷口,0,0,1,2,C03,8,6,5,50,3,1,1,5,4,5,13,2,1,1,4,5,2,17,1,27,2,9,6,1,7,9,1,10,1,14,,44,,1,21,121.5440734,24.9994594
113,9,5,15,10,2,02萬華區,萬華區環河南路1段與漢口街2段口,0,0,1,1,B11,8,6,5,50,3,1,1,5,4,5,13,3,1,5,4,5,2,17,1,42,3,10,7,1,7,5,5,4,1,8,,80,,1,21,121.5037042,25.0465099
113,9,5,15,10,2,02萬華區,萬華區環河南路1段與漢口街2段口,0,0,1,2,C03,8,6,5,50,3,1,1,5,4,5,13,3,1,5,4,5,2,17,2,52,2,9,6,1,7,9,1,10,1,14,12,44,,1,21,121.5037042,25.0465099
113,9,5,15,10,2,11南港區,南港區松河街與成美橋口下西往東,0,0,3,1,C03,8,6,5,40,3,2,1,5,4,5,13,4,4,9,2,5,2,13,1,73,2,9,5,1,7,9,1,10,1,11,,108,,1,21,121.5828821,25.0527837
113,9,5,15,10,2,11南港區,南港區松河街與成美橋口下西往東,0,0,3,2,C03,8,6,5,40,3,2,1,5,4,5,13,4,4,9,2,5,2,13,1,19,2,9,5,1,7,12,1,10,1,13,,44,,1,21,121.5828821,25.0527837
113,9,5,15,10,2,11南港區,南港區松河街與成美橋口下西往東,0,0,3,3,H02,8,6,5,40,3,2,1,5,4,5,13,4,4,9,2,5,2,13,2,73,2,9,5,5,7,20,8,20,10,16,,60,,1,21,121.5828821,25.0527837
113,9,5,15,12,2,11南港區,南港區東新街與東新街170巷口,0,0,1,1,A12,8,6,5,50,3,2,1,5,4,5,13,2,1,5,4,5,2,16,1,73,3,10,3,1,7,5,1,6,2,2,,81,,1,21,121.5922238,25.0459294
113,9,5,15,12,2,11南港區,南港區東新街與東新街170巷口,0,0,1,2,C03,8,6,5,50,3,2,1,5,4,5,13,2,1,5,4,5,2,16,2,73,2,8,5,1,7,14,1,10,2,14,,44,,1,21,121.5922238,25.0459294
113,9,5,15,21,2,03中山區,中山區中山北路2段77巷,0,0,1,1,B12,8,6,5,30,14,9,1,5,4,5,13,4,4,8,3,5,1,17,1,32,3,10,7,1,7,2,1,6,1,3,,12,,1,21,121.5228261,25.0527953
113,9,5,15,21,2,03中山區,中山區中山北路2段77巷,0,0,1,2,C04,8,6,5,30,14,9,1,5,4,5,13,4,4,8,3,5,1,17,2,65,2,9,5,1,7,9,1,8,1,12,,44,,1,21,121.5228261,25.0527953
113,9,5,15,33,2,11南港區,南港區重陽路與興華路口,0,0,1,1,B03,8,7,5,50,4,1,1,5,4,5,13,1,1,9,4,5,2,15,2,52,3,10,3,4,7,9,1,8,1,1,,81,,1,21,121.605292,25.0579106
113,9,5,15,33,2,11南港區,南港區重陽路與興華路口,0,0,1,2,C03,8,7,5,50,4,1,1,5,4,5,13,1,1,9,4,5,2,15,2,59,2,9,3,4,7,9,3,18,1,12,,44,,1,21,121.605292,25.0579106
113,9,5,15,44,2,05中正區,中正區重慶南路2段與重慶南路2段6巷口,0,0,2,1,C03,8,6,5,50,14,9,1,5,4,5,13,3,1,1,4,5,2,13,2,42,2,7,5,1,7,9,1,10,1,11,,44,,1,21,121.5130157,25.0342759
113,9,5,15,44,2,05中正區,中正區重慶南路2段與重慶南路2段6巷口,0,0,2,2,C03,8,6,5,50,14,9,1,5,4,5,13,3,1,1,4,5,2,13,1,33,2,7,5,1,7,12,1,10,1,12,,42,,1,21,121.5130157,25.0342759
113,9,5,15,46,2,03中山區,中山區民權東路2段與中原街口,0,0,2,1,C03,8,6,5,50,4,1,1,5,4,5,13,2,1,1,5,5,1,16,1,44,2,8,3,4,7,8,1,10,1,12,,101,,1,21,121.5290164,25.0627051
113,9,5,15,46,2,03中山區,中山區民權東路2段與中原街口,0,0,2,2,C03,8,6,5,50,4,1,1,5,4,5,13,2,1,1,5,5,1,16,2,54,2,9,3,4,7,9,1,10,1,14,,44,,1,21,121.5290164,25.0627051
113,9,5,15,47,2,04大安區,大安區復興南路2段332號,0,0,1,1,C03,8,6,5,50,14,7,1,5,4,5,13,4,4,1,4,4,2,13,2,23,2,9,3,4,7,9,1,10,1,11,,117,,1,22,121.5542985,25.03694311
113,9,5,15,47,2,04大安區,大安區復興南路2段332號,0,0,1,2,B03,8,6,5,50,14,7,1,5,4,5,13,4,4,1,4,4,2,13,1,35,3,10,3,4,7,14,1,8,1,6,,44,,1,22,121.5542985,25.03694311
113,9,5,16,40,2,03中山區,中山區市民大道3段與八德路2段300巷口,0,0,1,1,C04,8,7,5,40,4,1,1,5,4,5,13,4,4,1,4,5,2,16,2,56,3,10,6,4,7,6,1,10,2,14,,9,,1,21,121.542918,25.0448502
113,9,5,16,40,2,03中山區,中山區市民大道3段與八德路2段300巷口,0,0,1,2,F01,8,7,5,40,4,1,1,5,4,5,13,4,4,1,4,5,2,16,1,65,2,9,4,4,7,9,8,20,2,11,,88,,1,21,121.542918,25.0448502
113,9,5,16,48,2,05中正區,中正區水源路與金門街口口,0,0,1,1,C03,8,6,5,50,3,1,1,5,4,5,13,4,4,10,4,5,2,12,1,69,2,1,6,1,7,10,1,10,1,14,,100,,1,21,121.5221591,25.0204568
113,9,5,16,48,2,05中正區,中正區水源路與金門街口口,0,0,1,2,B12,8,6,5,50,3,1,1,5,4,5,13,4,4,10,4,5,2,12,1,34,3,10,3,4,7,9,1,3,1,2,,44,,1,21,121.5221591,25.0204568
113,9,5,16,48,2,05中正區,中正區水源路與金門街口口,0,0,1,3,B03,8,6,5,50,3,1,1,5,4,5,13,4,4,10,4,5,2,12,1,47,3,10,3,4,7,6,1,8,1,3,,44,,1,21,121.5221591,25.0204568
113,9,5,16,56,2,12內湖區,內湖區瑞光路637號,0,0,1,1,C03,8,7,5,50,14,9,1,5,4,5,13,4,4,5,4,5,2,17,1,50,2,9,5,1,7,15,1,10,1,14,,102,,1,21,121.5657937,25.08054436
113,9,5,16,56,2,12內湖區,內湖區瑞光路637號,0,0,1,2,B01,8,7,5,50,14,9,1,5,4,5,13,4,4,5,4,5,2,17,1,65,3,10,7,1,7,15,1,4,1,17,,44,,1,21,121.5657937,25.08054436
113,9,5,17,11,2,05中正區,中正區和平西路2段與莒光路口口,0,0,1,1,C03,8,6,5,50,3,1,1,5,4,5,13,1,1,1,4,5,1,17,1,54,3,10,6,1,7,1,1,10,2,11,,19,,1,21,121.5082225,25.0313159
113,9,5,17,11,2,05中正區,中正區和平西路2段與莒光路口口,0,0,1,2,F01,8,6,5,50,3,1,1,5,4,5,13,1,1,1,4,5,1,17,2,37,2,7,4,1,7,11,8,20,2,11,,11,,1,21,121.5082225,25.0313159
113,9,5,17,20,2,12內湖區,內湖區民權東路6段123巷34弄31號,0,0,1,1,B03,8,6,5,30,14,9,1,5,4,5,13,4,4,5,5,5,2,17,1,62,3,10,7,1,7,9,1,8,9,2,,108,,1,21,121.5914363,25.0704375
113,9,5,17,20,2,12內湖區,內湖區民權東路6段123巷34弄31號,0,0,1,2,C03,8,6,5,30,14,9,1,5,4,5,13,4,4,5,5,5,2,17,2,61,2,8,6,1,7,14,1,10,9,12,,4,,1,21,121.5914363,25.0704375
113,9,5,17,22,2,07信義區,信義區松高路與松智路口,0,0,1,1,B01,8,6,5,50,4,1,1,5,4,5,13,2,1,5,4,5,2,15,1,56,3,10,3,4,7,9,1,4,2,2,,81,,1,21,121.5655174,25.03917
113,9,5,17,22,2,07信義區,信義區松高路與松智路口,0,0,1,2,C03,8,6,5,50,4,1,1,5,4,5,13,2,1,5,4,5,2,15,2,20,2,9,6,1,7,1,1,10,2,11,,44,,1,21,121.5655174,25.03917
113,9,5,17,24,2,03中山區,中山區新生北路2段149巷與新生北路2段口,0,0,1,1,B03,8,6,5,30,3,1,1,5,4,5,13,4,4,8,5,5,1,16,1,39,3,10,3,4,7,6,1,8,1,4,,73,,1,21,121.5278704,25.06207205
113,9,5,17,24,2,03中山區,中山區新生北路2段149巷與新生北路2段口,0,0,1,2,C03,8,6,5,30,3,1,1,5,4,5,13,4,4,8,5,5,1,16,1,57,2,9,3,4,7,9,1,10,1,12,,13,,1,21,121.5278704,25.06207205
113,9,5,17,53,2,04大安區,大安區延吉街與延吉街62巷口,0,0,1,1,B03,8,7,5,50,3,1,1,5,4,5,13,4,4,9,5,5,1,16,2,38,3,10,3,4,7,11,1,8,2,4,,10,,1,21,121.5539731,25.0435439
113,9,5,17,53,2,04大安區,大安區延吉街與延吉街62巷口,0,0,1,2,C03,8,7,5,50,3,1,1,5,4,5,13,4,4,9,5,5,1,16,2,41,2,8,6,4,7,9,1,10,2,12,,44,,1,21,121.5539731,25.0435439
113,9,5,18,20,2,11南港區,南港區重陽路482號,0,0,1,1,C03,8,5,5,40,14,8,1,5,4,5,13,4,4,5,5,4,2,13,1,40,2,9,6,4,7,9,1,10,2,11,,108,,1,21,121.6115851,25.0602544
113,9,5,18,20,2,11南港區,南港區重陽路482號,0,0,1,2,B01,8,5,5,40,14,8,1,5,4,5,13,4,4,5,5,4,2,13,1,66,3,10,3,4,7,3,1,4,2,7,,18,,1,21,121.6115851,25.0602544
113,9,5,18,25,2,10文山區,文山區萬芳路萬芳社區捷運站對面,0,0,1,1,B03,8,6,5,50,14,9,1,5,4,5,13,4,4,5,4,5,2,17,2,47,3,10,7,1,7,8,1,8,2,17,,100,,1,21,121.5686389,24.9988589
113,9,5,18,25,2,10文山區,文山區萬芳路萬芳社區捷運站對面,0,0,1,2,C03,8,6,5,50,14,9,1,5,4,5,13,4,4,5,4,5,2,17,1,26,2,9,5,1,7,9,1,10,2,12,,44,,1,21,121.5686389,24.9988589
113,9,5,18,26,2,05中正區,中正區林森南路與徐州路口,0,0,1,1,B03,8,5,5,50,4,1,1,5,4,5,13,1,1,10,5,5,2,17,2,22,3,10,7,1,7,11,7,19,11,15,,118,,1,22,121.522209,25.0408841
113,9,5,18,26,2,05中正區,中正區林森南路與徐州路口,0,0,1,2,C03,8,5,5,50,4,1,1,5,4,5,13,1,1,10,5,5,2,17,1,69,2,3,5,1,7,9,1,10,2,14,,118,,1,26,121.522209,25.0408841
113,9,5,18,26,2,05中正區,中正區林森南路與徐州路口,0,0,1,3,,8,5,5,50,4,1,1,5,4,5,13,1,1,10,5,5,2,17,3,0,,,,,,,,,,,,67,,1,,121.522209,25.0408841
113,9,5,18,40,2,05中正區,中正區羅斯福路4段72號,0,0,2,1,C03,8,5,5,50,14,9,1,5,4,3,13,4,4,1,4,5,2,12,1,45,2,7,5,1,7,9,1,10,1,11,,44,,1,21,121.5340424,25.0148708
113,9,5,18,40,2,05中正區,中正區羅斯福路4段72號,0,0,2,2,C03,8,5,5,50,14,9,1,5,4,3,13,4,4,1,4,5,2,12,1,55,2,9,5,1,7,7,1,10,1,11,,100,,1,21,121.5340424,25.0148708
113,9,5,18,48,2,04大安區,大安區忠孝東路4段與大安路1段口,0,0,1,1,C03,7,5,5,50,4,2,1,5,4,5,13,1,1,1,5,5,1,17,1,33,3,10,5,1,7,9,1,10,1,17,,30,,1,21,121.5459407,25.0415054
113,9,5,18,48,2,04大安區,大安區忠孝東路4段與大安路1段口,0,0,1,2,C03,7,5,5,50,4,2,1,5,4,5,13,1,1,1,5,5,1,17,2,28,2,9,5,1,7,9,1,10,1,11,,44,,1,21,121.5459407,25.0415054
113,9,5,19,12,2,08士林區,士林區福林路與中山北路5段470巷口,0,0,1,1,B01,8,5,5,50,3,1,1,5,4,5,13,4,4,4,5,5,1,17,1,59,3,10,7,1,7,5,1,8,1,8,,8,,1,21,121.5291864,25.0944713
113,9,5,19,12,2,08士林區,士林區福林路與中山北路5段470巷口,0,0,1,2,C03,8,5,5,50,3,1,1,5,4,5,13,4,4,4,5,5,1,17,1,18,2,9,5,1,7,9,1,10,1,11,,14,,1,21,121.5291864,25.0944713
113,9,5,19,18,2,03中山區,中山區民權東路3段84號,0,0,1,1,C03,7,5,5,50,14,9,1,5,4,5,13,4,4,3,4,5,2,12,2,63,2,7,3,4,7,9,1,10,1,14,,17,,1,21,121.5434518,25.06225112
113,9,5,19,18,2,03中山區,中山區民權東路3段84號,0,0,1,2,B03,7,5,5,50,14,9,1,5,4,5,13,4,4,3,4,5,2,12,1,74,3,10,3,4,7,9,1,8,1,2,,17,,1,21,121.5434518,25.06225112
113,9,5,19,33,2,10文山區,文山區木柵路1段與景美溪橋口,0,0,1,1,C03,8,6,5,50,4,1,1,5,4,5,13,1,1,5,4,5,2,12,1,44,3,10,6,1,7,9,1,10,1,14,,17,,1,21,121.545573,24.9867662
113,9,5,19,33,2,10文山區,文山區木柵路1段與景美溪橋口,0,0,1,2,C03,8,6,5,50,4,1,1,5,4,5,13,1,1,5,4,5,2,12,1,71,2,9,6,2,7,14,1,10,1,12,,44,,1,21,121.545573,24.9867662
113,9,5,19,47,2,09北投區,北投區新民路31號,0,0,2,1,C03,8,5,5,30,14,9,1,5,4,5,13,4,4,5,5,5,2,37,1,73,2,9,6,1,7,9,1,10,9,12,,108,,1,21,121.5087545,25.1397554
113,9,5,19,47,2,09北投區,北投區新民路31號,0,0,2,2,,8,5,5,30,14,9,1,5,4,5,13,4,4,5,5,5,2,37,3,,,,,,,,,,,,,67,,1,,121.5087545,25.1397554
113,9,5,19,47,2,09北投區,北投區新民路31號,0,0,2,3,H02,8,5,5,30,14,9,1,5,4,5,13,4,4,5,5,5,2,37,2,59,2,9,6,5,7,20,8,20,10,16,,67,,1,22,121.5087545,25.1397554
113,9,5,19,51,2,01大同區,大同區承德路3段277號,0,0,1,1,C03,8,5,5,50,14,9,1,5,4,5,13,4,4,1,4,5,2,17,2,49,3,10,6,1,7,9,1,10,2,15,,30,,1,21,121.5190711,25.072779
113,9,5,19,51,2,01大同區,大同區承德路3段277號,0,0,1,2,C03,8,5,5,50,14,9,1,5,4,5,13,4,4,1,4,5,2,17,2,57,2,8,6,1,7,9,1,10,2,12,,44,,1,21,121.5190711,25.072779
113,9,5,19,51,2,01大同區,大同區承德路3段277號,0,0,1,3,B03,8,5,5,50,14,9,1,5,4,5,13,4,4,1,4,5,2,17,1,45,3,10,7,1,7,9,1,8,2,7,,44,,1,21,121.5190711,25.072779
113,9,5,20,14,2,08士林區,士林區百齡橋010號桿,0,0,2,1,C03,8,7,5,50,8,11,1,5,4,5,13,4,4,3,5,5,1,17,2,62,2,9,5,1,7,9,1,10,1,11,,108,,1,21,121.5147622,25.09056089
113,9,5,20,14,2,08士林區,士林區百齡橋010號桿,0,0,2,2,F01,8,7,5,50,8,11,1,5,4,5,13,4,4,3,5,5,1,17,1,57,2,9,4,1,7,9,8,20,1,13,,27,,1,21,121.5147622,25.09056089
113,9,5,20,55,2,07信義區,信義區永吉路328號,0,0,1,1,C03,8,5,5,40,14,8,1,5,4,5,13,4,4,9,4,4,2,29,1,38,2,9,6,1,7,9,1,10,1,14,,44,,1,21,121.5757899,25.0454169
113,9,5,20,55,2,07信義區,信義區永吉路328號,0,0,1,2,,8,5,5,40,14,8,1,5,4,5,13,4,4,9,4,4,2,29,3,0,,,,,,,,,,,,67,,1,,121.5757899,25.0454169
113,9,5,21,26,2,04大安區,大安區大安路1段與四維路52巷口,0,0,1,1,B01,7,5,5,50,4,1,1,5,4,5,13,4,4,8,3,4,1,12,1,45,3,10,3,4,7,1,1,4,1,8,,19,,1,21,121.5459925,25.03512
113,9,5,21,26,2,04大安區,大安區大安路1段與四維路52巷口,0,0,1,2,C03,7,5,5,50,4,1,1,5,4,5,13,4,4,8,3,4,1,12,2,28,2,9,6,1,7,9,1,10,1,12,,44,,1,22,121.5459925,25.03512
113,9,5,21,42,2,08士林區,士林區中山北路6段316號,0,0,1,1,C03,7,5,6,50,14,9,1,5,4,5,13,4,4,1,4,5,1,17,2,24,2,9,6,1,7,7,1,10,1,11,,100,,1,21,121.5255999,25.11047299
113,9,5,21,42,2,08士林區,士林區中山北路6段316號,0,0,1,2,B03,7,5,6,50,14,9,1,5,4,5,13,4,4,1,4,5,1,17,1,55,3,10,7,1,7,9,1,8,1,2,,44,,1,21,121.5255999,25.11047299
113,9,5,21,42,2,08士林區,士林區中山北路6段316號,0,0,1,3,B01,7,5,6,50,14,9,1,5,4,5,13,4,4,1,4,5,1,17,1,67,3,10,7,1,7,14,1,4,1,4,,44,,1,21,121.5255999,25.11047299
113,9,5,21,45,2,12內湖區,內湖區金湖路109巷與金湖路口,0,0,1,1,B03,8,5,5,50,3,1,1,5,4,5,13,2,1,1,4,4,2,17,2,65,3,10,7,1,7,5,1,8,1,2,,71,,1,21,121.5982042,25.08065061
113,9,5,21,45,2,12內湖區,內湖區金湖路109巷與金湖路口,0,0,1,2,C03,8,5,5,50,3,1,1,5,4,5,13,2,1,1,4,4,2,17,1,21,2,9,6,1,7,9,1,10,1,11,,44,,1,21,121.5982042,25.08065061
113,9,5,21,50,2,12內湖區,內湖區民權東路6段150號旁,0,0,1,1,B03,8,5,5,50,3,1,1,5,4,5,13,4,4,1,5,5,2,16,1,43,3,10,7,1,7,6,1,8,2,6,,9,,1,21,121.5899833,25.0687689
113,9,5,21,50,2,12內湖區,內湖區民權東路6段150號旁,0,0,1,2,C03,8,5,5,50,3,1,1,5,4,5,13,4,4,1,5,5,2,16,1,28,2,7,6,1,7,9,1,10,2,14,,44,,1,21,121.5899833,25.0687689