發生年度,發生月,發生日,發生時-Hours,發生分,處理別-編號,區序,肇事地點,死亡人數,2-30日死亡人數,受傷人數,當事人序號,車種,天候,道路照明設備,道路類別,速限-速度限制,道路型態,事故位置,路面狀況1,路面狀況2,路面狀況3,道路障礙1,道路障礙2,號誌1,號誌2,車道劃分-分向,車道劃分-分道1,車道劃分-分道2,車道劃分-分道3,事故類型及型態,性別,年齡,受傷程度,主要傷處,保護裝置,行動電話,車輛用途,當事者行動狀態,駕駛資格情形,駕駛執照種類,飲酒情形,車輛撞擊部位1,車輛撞擊部位2,肇因碼-個別,肇因碼-主要,個人肇逃否,職業,座標-X,座標-Y
113,9,5,21,57,2,03中山區,中山區北安路與明水路口,0,0,1,1,B03,8,5,5,50,4,1,1,5,4,5,13,2,1,9,4,5,2,12,1,29,4,11,3,4,7,6,7,19,9,2,,9,,2,21,121.552368,25.0857848
113,9,5,21,57,2,03中山區,中山區北安路與明水路口,0,0,1,2,C03,8,5,5,50,4,1,1,5,4,5,13,2,1,9,4,5,2,12,1,18,2,9,5,1,7,9,1,10,1,11,,44,,1,21,121.552368,25.0857848
113,9,6,4,47,2,12內湖區,內湖區瑞光路76巷與瑞光路112巷口,0,0,1,1,C03,8,5,5,50,4,1,1,5,4,5,13,3,1,10,5,5,2,15,1,61,2,8,5,1,7,9,5,10,2,11,,72,,1,21,121.5803671,25.0704131
113,9,6,4,47,2,12內湖區,內湖區瑞光路76巷與瑞光路112巷口,0,0,1,2,B03,8,5,5,50,4,1,1,5,4,5,13,3,1,10,5,5,2,15,2,25,3,10,7,1,7,9,1,8,2,7,,44,,1,21,121.5803671,25.0704131
113,9,6,6,33,2,09北投區,北投區承德路6段與文林北路175巷口,0,0,1,1,B03,8,7,5,50,3,1,1,5,4,5,13,4,4,1,4,4,2,16,1,40,3,10,7,1,7,6,1,8,2,5,,9,,1,22,121.5122239,25.103419
113,9,6,6,33,2,09北投區,北投區承德路6段與文林北路175巷口,0,0,1,2,C03,8,7,5,50,3,1,1,5,4,5,13,4,4,1,4,4,2,16,1,43,2,8,5,1,7,9,3,18,2,14,,44,,1,22,121.5122239,25.103419
113,9,6,7,21,2,02萬華區,萬華區青年路與青年路168巷口,0,0,1,1,F01,8,7,5,30,3,2,1,5,4,5,13,4,4,8,3,5,2,16,1,63,3,10,4,1,7,1,8,20,3,14,,19,,1,21,121.5028124,25.0209554
113,9,6,7,21,2,02萬華區,萬華區青年路與青年路168巷口,0,0,1,2,C03,8,7,5,30,3,2,1,5,4,5,13,4,4,8,3,5,2,16,2,25,2,9,5,1,7,9,1,10,2,11,,44,,1,21,121.5028124,25.0209554
113,9,6,7,21,2,07信義區,信義區忠孝東路5段17號,0,0,1,1,C03,8,7,5,50,14,9,1,5,4,5,13,4,4,3,4,5,2,18,1,48,2,8,6,1,7,9,1,10,1,14,,118,,1,21,121.5653423,25.0411953
113,9,6,7,21,2,07信義區,信義區忠孝東路5段17號,0,0,1,2,,8,7,5,50,14,9,1,5,4,5,13,4,4,3,4,5,2,18,3,,,,,,,,,,,,,67,,1,,121.5653423,25.0411953
113,9,6,7,45,2,12內湖區,內湖區民權東路6段13-3號,0,0,2,1,C03,8,6,5,50,14,9,1,5,4,5,13,4,4,1,4,5,2,13,1,26,3,10,5,1,7,9,1,10,1,11,,16,,1,21,121.578994,25.066925
113,9,6,7,45,2,12內湖區,內湖區民權東路6段13-3號,0,0,2,2,C03,8,6,5,50,14,9,1,5,4,5,13,4,4,1,4,5,2,13,2,43,3,10,5,1,7,9,1,10,1,13,,44,,1,21,121.578994,25.066925
113,9,6,7,45,2,12內湖區,內湖區民權東路6段13-3號,0,0,2,3,C03,8,6,5,50,14,9,1,5,4,5,13,4,4,1,4,5,2,13,1,73,2,8,5,1,7,9,1,10,1,11,,16,,1,21,121.578994,25.066925
113,9,6,7,45,2,12內湖區,內湖區民權東路6段13-3號,0,0,2,4,C03,8,6,5,50,14,9,1,5,4,5,13,4,4,1,4,5,2,13,2,36,2,8,5,1,7,9,1,10,1,11,,16,,1,21,121.578994,25.066925
113,9,6,7,50,2,03中山區,中山區北安路420號,0,0,1,1,A02,8,7,5,50,14,9,1,5,4,5,13,4,4,1,4,5,2,12,1,54,3,10,7,1,7,7,1,2,1,8,,100,,1,21,121.5430219,25.0794466
113,9,6,7,50,2,03中山區,中山區北安路420號,0,0,1,2,C03,8,7,5,50,14,9,1,5,4,5,13,4,4,1,4,5,2,12,1,31,2,8,6,1,7,9,1,10,1,12,,44,,1,21,121.5430219,25.0794466
113,9,6,7,53,2,12內湖區,內湖區港墘路82巷與港墘路口,0,0,2,1,C04,8,6,5,50,4,1,1,5,4,5,13,2,1,1,4,5,2,16,2,29,2,8,6,1,7,5,1,10,1,12,,71,,1,22,121.5777708,25.080764
113,9,6,7,53,2,12內湖區,內湖區港墘路82巷與港墘路口,0,0,2,2,C03,8,6,5,50,4,1,1,5,4,5,13,2,1,1,4,5,2,16,1,41,2,9,6,1,7,9,1,10,1,11,,44,,1,22,121.5777708,25.080764
113,9,6,8,5,2,12內湖區,內湖區成功路4段與成功路4段324巷口,0,0,1,1,B03,8,7,5,50,4,1,1,5,4,5,13,1,1,1,4,4,1,17,1,38,3,10,7,1,7,9,1,8,1,5,,44,,1,21,121.5987962,25.084672
113,9,6,8,5,2,12內湖區,內湖區成功路4段與成功路4段324巷口,0,0,1,2,C03,8,7,5,50,4,1,1,5,4,5,13,1,1,1,4,4,1,17,1,69,2,9,6,1,7,5,1,10,1,14,,8,,1,21,121.5987962,25.084672
113,9,6,8,6,2,10文山區,文山區萬芳路60之20號,0,0,1,1,B03,8,7,5,40,14,9,1,5,4,5,13,4,4,5,4,5,2,16,1,71,3,10,7,1,7,11,1,8,2,8,,10,,1,22,121.5702529,24.9983813
113,9,6,8,6,2,10文山區,文山區萬芳路60之20號,0,0,1,2,C02,8,7,5,40,14,9,1,5,4,5,13,4,4,5,4,5,2,16,1,33,2,9,5,1,7,9,1,9,2,11,,13,,1,22,121.5702529,24.9983813
113,9,6,8,7,2,05中正區,中正區八德路1段與臨沂街口,0,0,2,1,C03,8,6,8,50,22,22,1,5,4,5,13,2,1,9,4,5,2,16,2,75,2,9,6,1,7,5,1,10,2,12,,80,,1,21,121.5307038,25.0437947
113,9,6,8,7,2,05中正區,中正區八德路1段與臨沂街口,0,0,2,2,C03,8,6,8,50,22,22,1,5,4,5,13,2,1,9,4,5,2,16,1,19,2,9,6,1,7,9,1,10,2,11,,14,,1,21,121.5307038,25.0437947
113,9,6,8,10,2,10文山區,文山區指南路2段與新光路1段口,0,0,1,1,B03,8,7,5,50,3,1,1,5,4,5,13,2,1,5,5,5,2,15,1,60,3,10,7,1,7,11,1,8,2,5,,10,,1,21,121.5736187,24.9881623
113,9,6,8,10,2,10文山區,文山區指南路2段與新光路1段口,0,0,1,2,C04,8,7,5,50,3,1,1,5,4,5,13,2,1,5,5,5,2,15,2,64,2,9,5,1,7,1,1,8,2,11,,44,,1,21,121.5736187,24.9881623
113,9,6,8,18,2,06松山區,松山區八德路4段與虎林街口,0,0,2,1,C03,8,5,5,50,4,1,1,5,4,5,13,2,1,1,4,4,2,13,2,26,2,9,6,1,7,9,1,10,1,11,,13,,1,21,121.5759971,25.05007208
113,9,6,8,18,2,06松山區,松山區八德路4段與虎林街口,0,0,2,2,C03,8,5,5,50,4,1,1,5,4,5,13,2,1,1,4,4,2,13,1,34,2,9,6,1,7,9,1,9,1,13,,13,,1,21,121.5759971,25.05007208
113,9,6,8,18,2,06松山區,松山區八德路4段與虎林街口,0,0,2,3,B03,8,5,5,50,4,1,1,5,4,5,13,2,1,1,4,4,2,13,1,77,3,10,3,4,7,11,1,8,11,17,,10,,2,22,121.5759971,25.05007208
113,9,6,8,33,2,04大安區,大安區羅斯福路3段201號,0,0,2,1,F01,8,7,5,0,22,20,4,5,4,5,13,4,4,10,5,5,2,9,1,87,2,9,3,4,7,9,8,20,1,11,,70,,1,21,121.5291252,25.0200743
113,9,6,8,33,2,04大安區,大安區羅斯福路3段201號,0,0,2,2,H01,8,7,5,0,22,20,4,5,4,5,13,4,4,10,5,5,2,9,2,21,2,9,4,5,8,16,8,20,10,16,,60,,1,21,121.5291252,25.0200743
113,9,6,8,47,2,08士林區,士林區劍潭路與基河路口,0,0,1,1,B12,8,6,5,50,4,1,1,5,4,5,13,1,1,1,4,5,1,16,1,53,3,10,3,4,7,6,1,8,1,2,,9,,1,22,121.524716,25.08403824
113,9,6,8,47,2,08士林區,士林區劍潭路與基河路口,0,0,1,2,C03,8,6,5,50,4,1,1,5,4,5,13,1,1,1,4,5,1,16,1,26,2,7,3,4,7,9,1,10,1,14,,86,,1,22,121.524716,25.08403824
113,9,6,8,55,2,03中山區,中山區南京東路2段與伊通街口,0,0,1,1,B03,8,7,5,50,4,1,1,5,4,5,13,1,1,1,4,4,2,12,2,45,3,10,7,1,7,9,1,8,1,15,,44,,2,21,121.5346038,25.0519484
113,9,6,8,55,2,03中山區,中山區南京東路2段與伊通街口,0,0,1,2,C03,8,7,5,50,4,1,1,5,4,5,13,1,1,1,4,4,2,12,2,61,2,9,5,1,7,10,1,10,1,13,,100,,1,21,121.5346038,25.0519484
113,9,6,8,55,2,03中山區,中山區南京東路2段與伊通街口,0,0,1,3,B03,8,7,5,50,4,1,1,5,4,5,13,1,1,1,4,4,2,12,1,63,3,10,7,1,7,14,1,8,1,4,,44,,1,21,121.5346038,25.0519484
113,9,6,9,0,2,05中正區,中正區青島西路10號,0,0,1,1,B03,8,7,5,50,14,7,1,5,4,5,13,1,1,5,5,5,2,13,1,40,3,10,7,1,7,9,1,8,1,8,,108,,1,26,121.5181293,25.0448264
113,9,6,9,0,2,05中正區,中正區青島西路10號,0,0,1,2,C03,8,7,5,50,14,7,1,5,4,5,13,1,1,5,5,5,2,13,2,30,2,8,5,1,7,5,1,10,1,13,,44,,1,26,121.5181293,25.0448264
113,9,6,9,0,2,12內湖區,內湖區金龍路222巷與金龍路222巷1弄口,0,0,2,1,C02,8,5,5,30,5,1,1,5,4,3,13,4,4,10,5,5,2,10,1,36,2,9,5,1,7,15,1,9,1,11,,5,,1,21,121.586605,25.0880975
113,9,6,9,0,2,12內湖區,內湖區金龍路222巷與金龍路222巷1弄口,0,0,2,2,F02,8,5,5,30,5,1,1,5,4,3,13,4,4,10,5,5,2,10,2,49,2,9,4,1,7,15,8,20,1,11,,5,,1,21,121.586605,25.0880975
113,9,6,9,0,2,12內湖區,內湖區金龍路222巷與金龍路222巷1弄口,0,0,2,3,B03,8,5,5,30,5,1,1,5,4,3,13,4,4,10,5,5,2,10,1,44,3,10,3,1,7,13,1,8,11,17,,44,,1,21,121.586605,25.0880975
113,9,6,9,6,2,03中山區,中山區南京東路2段與建國北路2段口,0,0,1,1,C03,8,6,5,50,4,1,1,5,4,5,13,1,1,1,4,5,2,12,2,23,3,10,6,4,7,8,1,10,1,12,,101,,1,22,121.5370291,25.0520637
113,9,6,9,6,2,03中山區,中山區南京東路2段與建國北路2段口,0,0,1,2,C03,8,6,5,50,4,1,1,5,4,5,13,1,1,1,4,5,2,12,1,45,2,9,6,1,7,9,1,10,1,11,,44,,1,22,121.5370291,25.0520637
113,9,6,9,9,2,08士林區,士林區中山北路6段11號,0,0,1,1,B02,8,6,5,50,14,9,1,5,4,5,13,4,4,1,4,5,2,13,2,50,3,10,7,1,7,9,1,8,1,1,,108,,1,21,121.5251314,25.1032253
113,9,6,9,9,2,08士林區,士林區中山北路6段11號,0,0,1,2,B03,8,6,5,50,14,9,1,5,4,5,13,4,4,1,4,5,2,13,1,53,3,10,7,1,7,9,1,8,1,3,,44,,1,21,121.5251314,25.1032253
113,9,6,9,9,2,08士林區,士林區中山北路6段11號,0,0,1,3,H02,8,6,5,50,14,9,1,5,4,5,13,4,4,1,4,5,2,13,2,38,2,1,7,4,7,21,7,19,1,15,,44,,1,21,121.5251314,25.1032253
113,9,6,9,20,2,03中山區,中山區民權西路5號,0,0,2,1,C03,8,7,5,50,14,9,1,5,4,5,13,4,4,3,4,5,2,12,1,55,2,8,6,1,7,15,1,10,1,12,,101,,1,21,121.5218958,25.06280725
113,9,6,9,20,2,03中山區,中山區民權西路5號,0,0,2,2,C03,8,7,5,50,14,9,1,5,4,5,13,4,4,3,4,5,2,12,1,38,2,7,6,1,7,9,1,10,1,11,,44,,1,21,121.5218958,25.06280725
113,9,6,9,35,2,07信義區,信義區忠孝東路5段15巷與忠孝東路5段31巷18弄口,0,0,1,1,C03,8,7,5,30,3,2,1,5,4,5,13,4,4,10,5,5,2,12,2,36,2,9,3,4,7,1,1,10,1,11,,44,,1,22,121.5655169,25.04097776
113,9,6,9,35,2,07信義區,信義區忠孝東路5段15巷與忠孝東路5段31巷18弄口,0,0,1,2,B03,8,7,5,30,3,2,1,5,4,5,13,4,4,10,5,5,2,12,1,52,3,10,3,4,7,9,1,8,1,2,,44,,1,22,121.5655169,25.04097776
113,9,6,9,40,2,02萬華區,萬華區康定路與峨眉街口,0,0,1,1,B12,8,7,5,50,4,1,1,5,4,5,13,2,1,9,4,4,2,9,1,72,3,10,7,1,7,6,1,8,1,1,,70,,1,21,121.5028169,25.0444104
113,9,6,9,40,2,02萬華區,萬華區康定路與峨眉街口,0,0,1,2,H01,8,7,5,50,4,1,1,5,4,5,13,2,1,9,4,4,2,9,1,54,2,9,4,5,8,16,8,20,10,16,,67,,1,21,121.5028169,25.0444104
113,9,6,10,5,2,04大安區,大安區羅斯福路2段與羅斯福路2段81巷口,0,0,1,1,H01,8,6,5,50,14,9,1,5,4,5,13,2,1,10,5,5,2,9,1,63,3,10,4,5,8,16,8,20,10,17,,122,,1,21,121.5234593,25.025779
113,9,6,10,5,2,04大安區,大安區羅斯福路2段與羅斯福路2段81巷口,0,0,1,2,B01,8,6,5,50,14,9,1,5,4,5,13,2,1,10,5,5,2,9,1,52,3,10,7,1,7,7,1,4,1,7,,70,,1,21,121.5234593,25.025779
113,9,6,10,5,2,04大安區,大安區羅斯福路2段與羅斯福路2段81巷口,0,0,1,3,C03,8,6,5,50,14,9,1,5,4,5,13,2,1,10,5,5,2,9,1,21,2,9,6,1,7,12,1,10,1,12,,13,,1,21,121.5234593,25.025779
113,9,6,11,28,2,04大安區,往北(新生南路二段60號對面),0,0,1,1,B12,8,7,5,50,14,9,1,5,4,5,13,1,1,10,4,4,2,17,1,59,3,10,7,1,7,8,1,8,1,17,,101,,1,21,121.5346217,25.0283997
113,9,6,11,28,2,04大安區,往北(新生南路二段60號對面),0,0,1,2,C03,8,7,5,50,14,9,1,5,4,5,13,1,1,10,4,4,2,17,1,24,2,9,6,1,7,9,1,10,1,12,,13,,1,21,121.5346217,25.0283997
113,9,6,11,36,2,04大安區,大安區辛亥路3段與臥龍街188巷口,0,0,1,1,B03,8,7,5,50,14,9,1,5,4,5,13,4,4,8,3,5,1,12,1,50,3,10,7,1,7,8,1,8,1,2,,100,,1,26,121.5506276,25.0160474
113,9,6,11,36,2,04大安區,大安區辛亥路3段與臥龍街188巷口,0,0,1,2,C03,8,7,5,50,14,9,1,5,4,5,13,4,4,8,3,5,1,12,1,83,2,9,5,1,7,9,1,10,1,14,,44,,1,21,121.5506276,25.0160474
113,9,6,11,36,2,04大安區,大安區辛亥路3段與臥龍街188巷口,0,0,1,3,A02,8,7,5,50,14,9,1,5,4,5,13,4,4,8,3,5,1,12,1,48,3,10,7,1,7,14,1,2,1,4,,44,,1,26,121.5506276,25.0160474
113,9,6,11,43,2,03中山區,中山區民生東路1段70巷與民生東路1段口,0,0,1,1,C03,8,6,5,50,3,1,1,5,4,5,13,1,1,5,4,1,2,13,2,66,2,9,5,4,7,9,1,10,1,11,,16,,1,22,121.5262745,25.0578918
113,9,6,11,43,2,03中山區,中山區民生東路1段70巷與民生東路1段口,0,0,1,2,C03,8,6,5,50,3,1,1,5,4,5,13,1,1,5,4,1,2,13,1,22,3,10,5,4,7,13,1,10,1,11,,44,,1,22,121.5262745,25.0578918
113,9,6,11,43,2,03中山區,中山區民生東路1段70巷與民生東路1段口,0,0,1,3,C03,8,6,5,50,3,1,1,5,4,5,13,1,1,5,4,1,2,13,1,22,3,10,5,4,7,14,1,8,1,13,,44,,1,21,121.5262745,25.0578918
113,9,6,11,44,2,03中山區,中山區松江路133巷與南京東路2段115巷口,0,0,2,1,B12,8,7,5,30,4,1,1,5,4,5,13,4,4,7,5,5,2,15,1,59,3,10,7,1,7,9,1,8,2,4,,72,,1,21,121.5336383,25.0543703
113,9,6,11,44,2,03中山區,中山區松江路133巷與南京東路2段115巷口,0,0,2,2,C03,8,7,5,30,4,1,1,5,4,5,13,4,4,7,5,5,2,15,1,73,2,9,5,1,7,9,1,10,1,11,,14,,1,21,121.5336383,25.0543703
113,9,6,11,44,2,03中山區,中山區松江路133巷與南京東路2段115巷口,0,0,2,3,H02,8,7,5,30,4,1,1,5,4,5,13,4,4,7,5,5,2,15,2,69,2,9,5,5,7,21,8,20,10,16,,67,,1,21,121.5336383,25.0543703
113,9,6,11,49,2,05中正區,中正區北平東路12號,0,0,1,1,B02,8,6,5,50,14,9,1,5,4,5,13,4,4,9,4,4,1,17,1,39,3,10,7,1,7,13,1,8,2,4,,40,,1,22,121.5243635,25.0462857
113,9,6,11,49,2,05中正區,中正區北平東路12號,0,0,1,2,C03,8,6,5,50,14,9,1,5,4,5,13,4,4,9,4,4,1,17,2,65,2,9,5,1,7,9,1,10,2,12,,44,,1,22,121.5243635,25.0462857
113,9,6,12,2,2,07信義區,信義區仁愛路4段505號,0,0,1,1,F01,8,6,5,0,14,20,4,5,4,5,13,4,4,10,5,5,2,18,1,33,2,9,2,2,7,9,8,20,1,14,,42,,1,22,121.5624191,25.03779387
113,9,6,12,2,2,07信義區,信義區仁愛路4段505號,0,0,1,2,,8,6,5,0,14,20,4,5,4,5,13,4,4,10,5,5,2,18,3,0,,,,,,,,,,,,67,,1,,121.5624191,25.03779387
113,9,6,12,6,2,04大安區,大安區辛亥路3段與基隆路3段口,0,0,1,1,C03,8,6,5,50,4,1,1,5,4,5,13,2,1,1,4,5,2,16,1,19,3,10,6,1,7,5,1,10,1,14,,8,,1,21,121.5467936,25.0193048
113,9,6,12,6,2,04大安區,大安區辛亥路3段與基隆路3段口,0,0,1,2,C03,8,6,5,50,4,1,1,5,4,5,13,2,1,1,4,5,2,16,2,42,2,9,6,1,7,9,1,10,1,12,,44,,1,21,121.5467936,25.0193048
113,9,6,12,36,2,03中山區,中山區吉林路與新生北路口側附近2段45巷口,0,0,2,1,C03,8,5,5,50,4,1,1,5,4,5,13,4,4,7,4,4,2,17,1,24,2,9,3,4,7,5,1,10,1,11,,71,,1,21,121.5301016,25.055658
113,9,6,12,36,2,03中山區,中山區吉林路與新生北路口側附近2段45巷口,0,0,2,2,C03,8,5,5,50,4,1,1,5,4,5,13,4,4,7,4,4,2,17,1,44,2,9,3,4,7,9,1,10,1,11,,107,,1,21,121.5301016,25.055658
113,9,6,12,37,2,08士林區,士林區社中街與社中街458巷口,0,0,1,2,B12,8,7,5,30,3,1,1,5,4,1,13,4,4,5,5,5,1,17,1,56,3,10,7,1,7,9,1,8,1,8,,44,,1,21,121.5018537,25.0911604
113,9,6,12,37,2,08士林區,士林區社中街與社中街458巷口,0,0,1,1,C03,8,7,5,30,3,1,1,5,4,1,13,4,4,5,5,5,1,17,2,39,2,9,5,1,7,5,1,10,1,12,,72,,1,21,121.5018537,25.0911604
113,9,6,12,42,2,09北投區,北投區天母西路與天母西路130巷口,0,0,1,1,F01,8,7,5,50,14,9,1,5,3,5,13,4,4,5,5,5,2,18,2,43,2,9,3,4,7,9,8,20,1,11,,108,,1,21,121.5226781,25.1190741
113,9,6,12,42,2,09北投區,北投區天母西路與天母西路130巷口,0,0,1,2,,8,7,5,50,14,9,1,5,3,5,13,4,4,5,5,5,2,18,3,0,,,,,,,,,,,,61,,1,,121.5226781,25.1190741
113,9,6,12,47,2,07信義區,信義區基隆路2段185號,0,0,2,1,C03,8,6,5,50,14,9,1,5,4,5,13,4,4,3,4,5,2,13,1,46,2,7,6,1,7,9,1,10,2,11,,16,,1,22,121.5530927,25.0247436
113,9,6,12,47,2,07信義區,信義區基隆路2段185號,0,0,2,2,C03,8,6,5,50,14,9,1,5,4,5,13,4,4,3,4,5,2,13,1,29,2,8,6,1,7,9,1,10,2,13,,44,,1,22,121.5530927,25.0247436
113,9,6,13,0,2,03中山區,中山區遼寧街177號與遼寧街口,0,0,2,1,B02,8,6,5,50,3,1,1,5,4,5,13,4,4,9,5,5,2,13,2,58,2,3,3,4,7,9,1,8,1,8,,44,,1,22,121.5419248,25.0524284
113,9,6,13,0,2,03中山區,中山區遼寧街177號與遼寧街口,0,0,2,2,C03,8,6,5,50,3,1,1,5,4,5,13,4,4,9,5,5,2,13,1,51,2,8,6,4,7,5,1,10,1,13,,80,,1,22,121.5419248,25.0524284
113,9,6,13,29,2,02萬華區,萬華區萬大路與萬大路423巷口,0,0,2,1,C03,7,6,5,30,4,1,2,5,4,5,13,1,1,8,3,5,2,13,1,57,2,9,5,4,7,9,1,10,1,11,,16,,1,22,121.4986625,25.0214125
113,9,6,13,29,2,02萬華區,萬華區萬大路與萬大路423巷口,0,0,2,2,C03,7,6,5,30,4,1,2,5,4,5,13,1,1,8,3,5,2,13,2,36,2,9,5,4,7,12,1,10,1,13,,13,,1,22,121.4986625,25.0214125
113,9,6,14,1,2,01大同區,大同區重慶北路3段288號,0,0,1,1,B03,7,6,5,50,14,9,1,5,4,5,13,4,4,1,4,5,2,12,1,35,3,10,3,4,7,9,1,8,1,2,,107,,1,21,121.513711,25.0732573
113,9,6,14,1,2,01大同區,大同區重慶北路3段288號,0,0,1,2,C03,7,6,5,50,14,9,1,5,4,5,13,4,4,1,4,5,2,12,2,68,2,9,3,4,7,7,3,18,1,14,,100,,1,21,121.513711,25.0732573
113,9,6,14,1,2,01大同區,大同區重慶北路3段288號,0,0,1,3,B03,7,6,5,50,14,9,1,5,4,5,13,4,4,1,4,5,2,12,1,62,3,10,3,4,7,13,1,8,1,7,,38,,1,21,121.513711,25.0732573
113,9,6,14,2,2,05中正區,中正區羅斯福路3段316巷4號,0,0,1,1,C03,8,6,5,30,14,9,1,5,4,5,13,4,4,10,5,5,2,12,1,40,3,10,5,1,7,9,1,10,2,12,,108,,1,21,121.5326488,25.015949
113,9,6,14,2,2,05中正區,中正區羅斯福路3段316巷4號,0,0,1,2,F01,8,6,5,30,14,9,1,5,4,5,13,4,4,10,5,5,2,12,2,28,2,8,4,1,7,9,8,20,2,14,,44,,1,21,121.5326488,25.015949
113,9,6,14,2,2,05中正區,中正區羅斯福路3段316巷4號,0,0,1,3,B13,8,6,5,30,14,9,1,5,4,5,13,4,4,10,5,5,2,12,1,58,4,11,3,4,7,21,7,19,9,17,,38,,2,21,121.5326488,25.015949
113,9,6,14,7,2,02萬華區,萬華區西園路2段243-3號,0,0,1,1,C03,8,6,5,50,14,9,1,5,4,5,13,4,4,1,4,5,2,17,2,40,2,8,6,1,7,9,1,10,1,14,,42,,2,21,121.4933404,25.02649633
113,9,6,14,7,2,02萬華區,萬華區西園路2段243-3號,0,0,1,2,B03,8,6,5,50,14,9,1,5,4,5,13,4,4,1,4,5,2,17,1,51,3,10,7,1,7,9,1,8,1,2,,42,,1,21,121.4933404,25.02649633
113,9,6,14,9,2,07信義區,信義區吳興街485號與吳興街口,0,0,1,1,C03,8,6,5,30,4,1,1,5,4,5,13,3,1,9,4,5,2,15,1,70,2,9,6,1,7,9,1,10,1,11,,72,,1,22,121.5697698,25.0233993
113,9,6,14,9,2,07信義區,信義區吳興街485號與吳興街口,0,0,1,2,B03,8,6,5,30,4,1,1,5,4,5,13,3,1,9,4,5,2,15,2,47,3,10,7,1,7,9,1,8,1,2,,14,,1,22,121.5697698,25.0233993
113,9,6,14,14,2,04大安區,大安區安和路2段與安和路2段32巷口,0,0,2,1,B01,8,6,5,50,14,9,1,5,4,5,13,4,4,1,4,5,2,12,1,45,2,2,7,1,7,1,1,2,1,8,,19,,1,21,121.5523809,25.0319109
113,9,6,14,14,2,04大安區,大安區安和路2段與安和路2段32巷口,0,0,2,2,B01,8,6,5,50,14,9,1,5,4,5,13,4,4,1,4,5,2,12,2,40,2,2,7,1,7,9,1,4,1,2,,44,,1,21,121.5523809,25.0319109
113,9,6,14,14,2,04大安區,大安區安和路2段與安和路2段32巷口,0,0,2,3,B13,8,6,5,50,14,9,1,5,4,5,13,4,4,1,4,5,2,12,1,41,3,10,7,1,7,13,1,8,9,8,,44,,1,21,121.5523809,25.0319109
113,9,6,14,28,2,03中山區,中山區中山北路1段83巷與中山北路口側附近1段口,0,0,2,1,B12,8,7,5,50,3,1,2,5,4,5,13,4,4,5,4,5,2,17,1,31,3,10,3,4,7,6,1,4,1,5,,9,,1,26,121.5220981,25.050484
113,9,6,14,28,2,03中山區,中山區中山北路1段83巷與中山北路口側附近1段口,0,0,2,2,C03,8,7,5,50,3,1,2,5,4,5,13,4,4,5,4,5,2,17,1,37,2,9,3,4,7,9,1,10,1,14,,44,,1,21,121.5220981,25.050484
113,9,6,14,28,2,03中山區,中山區中山北路1段83巷與中山北路口側附近1段口,0,0,2,3,H02,8,7,5,50,3,1,2,5,4,5,13,4,4,5,4,5,2,17,1,59,2,9,3,5,7,20,8,20,10,16,,60,,1,21,121.5220981,25.050484
113,9,6,14,30,2,04大安區,大安區羅斯福路2段與羅斯福路2段81巷口,0,0,1,1,C03,8,6,5,50,3,1,1,5,4,5,13,1,1,1,4,5,2,13,2,59,2,9,5,1,7,9,1,10,1,11,,107,,1,21,121.5239321,25.025899
113,9,6,14,30,2,04大安區,大安區羅斯福路2段與羅斯福路2段81巷口,0,0,1,2,B01,8,6,5,50,3,1,1,5,4,5,13,1,1,1,4,5,2,13,1,56,3,10,7,1,7,14,1,4,1,6,,44,,1,21,121.5239321,25.025899
113,9,6,14,30,2,04大安區,大安區羅斯福路2段與羅斯福路2段81巷口,0,0,1,3,B03,8,6,5,50,3,1,1,5,4,5,13,1,1,1,4,5,2,13,1,39,3,10,7,1,7,14,1,8,1,8,,44,,1,21,121.5239321,25.025899
113,9,6,14,35,2,10文山區,文山區木柵路4段6號,0,0,2,1,C03,8,6,5,50,14,9,1,5,4,5,13,4,4,5,4,5,1,12,2,66,2,8,6,1,7,8,1,10,2,12,,100,,1,21,121.5718626,24.9952891
113,9,6,14,35,2,10文山區,文山區木柵路4段6號,0,0,2,2,B01,8,6,5,50,14,9,1,5,4,5,13,4,4,5,4,5,1,12,2,52,3,10,7,4,7,9,1,4,2,4,,44,,1,21,121.5718626,24.9952891
113,9,6,14,35,2,10文山區,文山區木柵路4段6號,0,0,2,3,H02,8,6,5,50,14,9,1,5,4,5,13,4,4,5,4,5,1,12,2,66,2,8,5,5,7,20,8,20,10,16,,67,,1,21,121.5718626,24.9952891
113,9,6,15,10,2,09北投區,北投區紗帽路第一展望台,0,0,1,1,C03,8,6,5,50,11,9,1,5,4,5,13,4,4,4,5,5,1,10,1,18,2,9,5,1,7,9,1,10,1,11,,42,,1,21,121.5432618,25.1430102
113,9,6,15,10,2,09北投區,北投區紗帽路第一展望台,0,0,1,2,B03,8,6,5,50,11,9,1,5,4,5,13,4,4,4,5,5,1,10,1,69,3,10,7,1,7,9,1,8,1,1,,44,,1,21,121.5432618,25.1430102
113,9,6,15,32,2,04大安區,大安區潮州街73巷與潮州街口,0,0,1,1,F02,8,7,5,30,3,2,1,5,4,5,13,4,4,10,4,5,2,9,1,38,3,10,3,4,7,6,8,20,5,17,,32,,1,21,121.5258935,25.0290994
113,9,6,15,32,2,04大安區,大安區潮州街73巷與潮州街口,0,0,1,2,H02,8,7,5,30,3,2,1,5,4,5,13,4,4,10,4,5,2,9,2,38,2,9,4,5,7,20,8,20,10,16,,67,,1,22,121.5258935,25.0290994
113,9,6,15,45,2,07信義區,信義區吳興街284巷22弄78號,0,0,1,1,B03,8,7,8,30,22,22,1,5,4,5,13,4,4,10,5,5,2,14,1,39,3,10,3,4,7,2,1,8,1,3,,12,,1,21,121.5614122,25.0234285