發生年度,發生月,發生日,發生時-Hours,發生分,處理別-編號,區序,肇事地點,死亡人數,2-30日死亡人數,受傷人數,當事人序號,車種,天候,道路照明設備,道路類別,速限-速度限制,道路型態,事故位置,路面狀況1,路面狀況2,路面狀況3,道路障礙1,道路障礙2,號誌1,號誌2,車道劃分-分向,車道劃分-分道1,車道劃分-分道2,車道劃分-分道3,事故類型及型態,性別,年齡,受傷程度,主要傷處,保護裝置,行動電話,車輛用途,當事者行動狀態,駕駛資格情形,駕駛執照種類,飲酒情形,車輛撞擊部位1,車輛撞擊部位2,肇因碼-個別,肇因碼-主要,個人肇逃否,職業,座標-X,座標-Y
113,9,6,15,45,2,07信義區,信義區吳興街284巷22弄78號,0,0,1,2,C03,8,7,8,30,22,22,1,5,4,5,13,4,4,10,5,5,2,14,1,52,2,9,5,1,7,14,1,10,1,11,,44,,1,21,121.5614122,25.0234285
113,9,6,15,46,2,01大同區,大同區蘭州街與重慶北路2段口,0,0,1,1,C03,8,6,5,50,3,2,1,5,4,5,13,4,4,5,2,5,2,17,2,54,2,8,5,1,7,15,1,10,1,14,,42,,1,21,121.5137526,25.0617785
113,9,6,15,46,2,01大同區,大同區蘭州街與重慶北路2段口,0,0,1,2,A02,8,6,5,50,3,2,1,5,4,5,13,4,4,5,2,5,2,17,1,60,3,10,7,1,7,6,1,2,1,2,,9,,1,21,121.5137526,25.0617785
113,9,6,15,46,2,01大同區,大同區蘭州街與重慶北路2段口,0,0,1,3,H01,8,6,5,50,3,2,1,5,4,5,13,4,4,5,2,5,2,17,1,42,3,10,4,5,8,16,8,20,10,16,,121,,1,21,121.5137526,25.0617785
113,9,6,16,4,2,05中正區,中正區南海路20號,0,0,1,1,C03,8,6,5,30,14,9,2,5,4,5,13,4,4,10,4,5,1,17,2,57,2,9,5,1,7,7,1,10,2,13,,100,,1,21,121.5168301,25.0324868
113,9,6,16,4,2,05中正區,中正區南海路20號,0,0,1,2,B01,8,6,5,30,14,9,2,5,4,5,13,4,4,10,4,5,1,17,1,53,3,10,7,1,7,9,1,4,2,1,,16,,1,21,121.5168301,25.0324868
113,9,6,16,15,2,12內湖區,內湖區舊宗路1段188號旁，新湖三路上,0,0,1,1,B03,8,6,5,50,14,9,1,5,4,5,13,4,4,9,4,5,2,17,2,41,3,10,7,1,7,1,1,8,2,5,,19,,1,21,121.5760917,25.0632353
113,9,6,16,15,2,12內湖區,內湖區舊宗路1段188號旁，新湖三路上,0,0,1,2,C03,8,6,5,50,14,9,1,5,4,5,13,4,4,9,4,5,2,17,1,24,2,9,6,1,7,9,1,9,2,14,,44,,1,21,121.5760917,25.0632353
113,9,6,16,25,2,06松山區,松山區東興路與南京東路5段250巷2弄口,0,0,1,1,B03,8,6,5,50,3,1,1,5,4,5,13,4,4,8,4,5,2,17,1,41,3,10,7,1,7,6,1,8,1,2,,9,,1,21,121.5654225,25.05073812
113,9,6,16,25,2,06松山區,松山區東興路與南京東路5段250巷2弄口,0,0,1,2,C03,8,6,5,50,3,1,1,5,4,5,13,4,4,8,4,5,2,17,1,24,2,9,6,1,7,9,1,10,1,14,,108,,1,21,121.5654225,25.05073812
113,9,6,16,40,2,05中正區,中正區中華路2段與汀州路1段口口,0,0,1,1,B12,8,6,5,50,4,1,1,5,4,5,13,1,1,5,4,5,1,12,1,31,3,10,7,1,7,9,6,8,1,2,,44,,1,21,121.5053499,25.0331919
113,9,6,16,40,2,05中正區,中正區中華路2段與汀州路1段口口,0,0,1,2,C03,8,6,5,50,4,1,1,5,4,5,13,1,1,5,4,5,1,12,1,60,2,7,6,1,7,9,1,10,1,14,,17,,1,21,121.5053499,25.0331919
113,9,6,16,46,2,12內湖區,內湖區瑞光路66巷與瑞光路口,0,0,1,1,B03,8,6,5,50,3,1,1,5,4,5,13,2,1,5,4,5,2,12,2,32,3,10,3,4,7,8,1,10,1,2,,44,,1,22,121.582183,25.070792
113,9,6,16,46,2,12內湖區,內湖區瑞光路66巷與瑞光路口,0,0,1,2,C03,8,6,5,50,3,1,1,5,4,5,13,2,1,5,4,5,2,12,1,36,2,9,6,1,7,9,1,10,1,14,,81,,1,22,121.582183,25.070792
113,9,6,16,59,2,01大同區,大同區西寧北路與忠孝西路2段口,0,0,3,1,C03,8,5,5,50,4,2,1,5,4,5,13,2,1,5,4,5,2,13,1,28,2,9,6,1,7,15,1,10,2,11,,108,,1,22,121.5077219,25.0491834
113,9,6,16,59,2,01大同區,大同區西寧北路與忠孝西路2段口,0,0,3,2,C03,8,5,5,50,4,2,1,5,4,5,13,2,1,5,4,5,2,13,2,24,2,9,5,1,7,1,1,10,2,13,,44,,1,22,121.5077219,25.0491834
113,9,6,16,59,2,01大同區,大同區西寧北路與忠孝西路2段口,0,0,3,3,C03,8,5,5,50,4,2,1,5,4,5,13,2,1,5,4,5,2,13,2,32,2,9,5,1,7,1,1,10,2,13,,44,,1,22,121.5077219,25.0491834
113,9,6,16,59,2,01大同區,大同區西寧北路與忠孝西路2段口,0,0,3,4,C04,8,5,5,50,4,2,1,5,4,5,13,2,1,5,4,5,2,13,2,45,3,10,5,1,7,14,1,11,9,13,,44,,1,22,121.5077219,25.0491834
113,9,6,17,5,2,01大同區,大同區民生西路與西寧北路口,0,0,1,1,C03,7,6,5,50,4,1,1,5,4,5,13,2,1,4,4,5,2,16,1,19,2,9,3,4,7,5,1,10,1,13,,8,,1,21,121.5090774,25.0569037
113,9,6,17,5,2,01大同區,大同區民生西路與西寧北路口,0,0,1,2,B03,7,6,5,50,4,1,1,5,4,5,13,2,1,4,4,5,2,16,1,28,3,10,3,4,7,9,1,8,1,1,,44,,1,21,121.5090774,25.0569037
113,9,6,17,9,2,03中山區,中山區市民高架道,0,0,1,1,B03,8,7,5,80,14,9,1,5,4,5,13,4,4,1,4,5,2,13,2,29,3,10,7,1,7,9,1,8,1,1,,107,,1,21,121.5136246,25.04939175
113,9,6,17,9,2,03中山區,中山區市民高架道,0,0,1,2,B02,8,7,5,80,14,9,1,5,4,5,13,4,4,1,4,5,2,13,1,57,2,9,7,1,7,12,1,8,1,3,,44,,1,21,121.5136246,25.04939175
113,9,6,17,9,2,03中山區,中山區市民高架道,0,0,1,3,B03,8,7,5,80,14,9,1,5,4,5,13,4,4,1,4,5,2,13,1,37,3,10,7,1,7,12,1,8,1,3,,44,,1,21,121.5136246,25.04939175
113,9,6,17,9,2,03中山區,中山區市民高架道,0,0,1,4,B03,8,7,5,80,14,9,1,5,4,5,13,4,4,1,4,5,2,13,2,50,3,10,7,1,7,12,1,8,1,3,,44,,1,21,121.5136246,25.04939175
113,9,6,17,10,2,12內湖區,內湖區民權東路6段13號,0,0,1,1,C03,8,6,5,50,14,9,1,5,4,5,13,4,4,9,4,5,2,12,2,59,2,7,6,1,7,9,1,10,2,14,,118,,1,21,121.5800529,25.0669155
113,9,6,17,10,2,12內湖區,內湖區民權東路6段13號,0,0,1,2,B03,8,6,5,50,14,9,1,5,4,5,13,4,4,9,4,5,2,12,1,64,3,10,7,1,7,9,1,8,2,2,,118,,1,21,121.5800529,25.0669155
113,9,6,17,22,2,02萬華區,萬華區華江橋（近燈桿001051）,0,0,3,2,C03,8,6,5,40,8,11,1,5,4,5,13,4,4,1,2,1,2,13,2,35,2,9,6,4,7,9,1,10,1,13,,44,,1,22,121.4865195,25.0358136
113,9,6,17,22,2,02萬華區,萬華區華江橋（近燈桿001051）,0,0,3,1,C03,8,6,5,40,8,11,1,5,4,5,13,4,4,1,2,1,2,13,2,32,2,9,6,4,7,9,1,10,1,11,,16,,1,22,121.4865195,25.0358136
113,9,6,17,22,2,02萬華區,萬華區華江橋（近燈桿001051）,0,0,3,3,C03,8,6,5,40,8,11,1,5,4,5,13,4,4,1,2,1,2,13,2,23,2,9,6,4,7,9,1,10,1,11,,44,,1,22,121.4865195,25.0358136
113,9,6,17,25,2,01大同區,大同區民權西路與大龍街口,0,0,2,1,C03,8,6,5,50,4,2,1,5,4,5,13,1,1,1,4,5,2,17,1,63,2,9,6,1,7,9,1,10,2,11,,108,,1,21,121.5161838,25.0630413
113,9,6,17,25,2,01大同區,大同區民權西路與大龍街口,0,0,2,2,C03,8,6,5,50,4,2,1,5,4,5,13,1,1,1,4,5,2,17,2,60,2,9,6,1,7,9,1,10,2,13,,44,,1,21,121.5161838,25.0630413
113,9,6,17,30,2,05中正區,中正區金華街30號,0,0,2,1,C03,6,5,5,50,14,9,1,4,3,5,13,4,4,7,5,5,2,3,1,57,2,8,6,1,7,9,1,10,2,11,,108,,1,21,121.5214434,25.0312666
113,9,6,17,30,2,05中正區,中正區金華街30號,0,0,2,2,H01,6,5,5,50,14,9,1,4,3,5,13,4,4,7,5,5,2,3,1,82,2,7,4,5,8,16,8,20,10,16,,121,,1,21,121.5214434,25.0312666
113,9,6,17,36,2,08士林區,士林區中山北路5段與文林路口,0,0,1,1,C03,8,6,5,50,14,9,1,5,4,5,13,4,4,1,4,5,2,17,1,36,3,10,6,1,7,9,1,10,1,11,,16,,1,22,121.5254569,25.0855106
113,9,6,17,36,2,08士林區,士林區中山北路5段與文林路口,0,0,1,2,C03,8,6,5,50,14,9,1,5,4,5,13,4,4,1,4,5,2,17,2,24,2,9,6,1,7,12,1,10,1,13,,44,,1,22,121.5254569,25.0855106
113,9,6,17,36,2,08士林區,士林區中山北路5段與文林路口,0,0,1,3,C03,8,6,5,50,14,9,1,5,4,5,13,4,4,1,4,5,2,17,2,56,3,10,6,1,7,9,1,10,1,11,,44,,1,22,121.5254569,25.0855106
113,9,6,17,38,2,05中正區,中正區中華路1段與忠孝西路1段口,0,0,1,1,B03,8,6,5,50,4,1,1,5,4,5,13,1,1,10,5,5,2,16,2,55,3,10,2,1,7,5,1,8,2,5,,85,,1,22,121.5100156,25.0480534
113,9,6,17,38,2,05中正區,中正區中華路1段與忠孝西路1段口,0,0,1,2,C03,8,6,5,50,4,1,1,5,4,5,13,1,1,10,5,5,2,16,1,38,2,9,5,1,7,9,1,10,2,11,,44,,1,22,121.5100156,25.0480534
113,9,6,17,45,2,05中正區,中正區中山南路與貴陽街1段口,0,0,2,1,B02,8,7,5,50,3,1,1,5,4,5,13,1,1,1,4,5,2,17,1,24,3,10,7,1,7,6,1,8,2,7,,9,,1,21,121.5172817,25.0381642
113,9,6,17,45,2,05中正區,中正區中山南路與貴陽街1段口,0,0,2,2,C03,8,7,5,50,3,1,1,5,4,5,13,1,1,1,4,5,2,17,2,41,2,9,5,1,7,9,1,10,2,12,,44,,1,21,121.5172817,25.0381642
113,9,6,17,45,2,05中正區,中正區中山南路與貴陽街1段口,0,0,2,3,C03,8,7,5,50,3,1,1,5,4,5,13,1,1,1,4,5,2,17,1,73,2,8,5,1,7,9,1,10,2,12,,44,,1,21,121.5172817,25.0381642
113,9,6,17,45,2,05中正區,中正區中山南路與貴陽街1段口,0,0,2,4,C03,8,7,5,50,3,1,1,5,4,5,13,1,1,1,4,5,2,17,2,35,3,10,5,1,7,9,1,10,2,11,,44,,1,21,121.5172817,25.0381642
113,9,6,17,45,2,06松山區,松山區富錦街354號,0,0,1,1,B03,8,7,5,50,14,9,1,5,4,5,13,4,4,5,5,5,2,17,1,54,3,10,2,1,7,14,1,8,1,4,,40,,1,21,121.5579049,25.06054116
113,9,6,17,45,2,06松山區,松山區富錦街354號,0,0,1,2,C03,8,7,5,50,14,9,1,5,4,5,13,4,4,5,5,5,2,17,1,46,2,8,5,1,7,9,1,10,1,12,,44,,1,21,121.5579049,25.06054116
113,9,6,17,57,2,12內湖區,內湖區成功路2段與潭美街口,0,0,1,1,B12,8,5,5,30,3,1,1,5,4,5,13,1,1,5,5,5,2,16,1,31,3,10,7,1,7,5,1,8,2,5,,8,,1,21,121.5829463,25.0550564
113,9,6,17,57,2,12內湖區,內湖區成功路2段與潭美街口,0,0,1,2,C03,8,5,5,30,3,1,1,5,4,5,13,1,1,5,5,5,2,16,2,24,2,9,6,1,7,9,3,18,2,11,,44,,1,21,121.5829463,25.0550564
113,9,6,18,40,2,07信義區,信義區光復南路(國父紀念館前),0,0,1,1,C03,7,5,5,50,14,7,1,5,4,5,13,4,4,1,4,4,2,13,1,68,3,10,3,4,7,9,1,10,1,11,,16,,1,22,121.5576451,25.0381515
113,9,6,18,40,2,07信義區,信義區光復南路(國父紀念館前),0,0,1,2,C03,7,5,5,50,14,7,1,5,4,5,13,4,4,1,4,4,2,13,2,31,3,10,3,4,7,14,1,10,1,13,,44,,1,22,121.5576451,25.0381515
113,9,6,18,40,2,07信義區,信義區光復南路(國父紀念館前),0,0,1,3,H02,7,5,5,50,14,7,1,5,4,5,13,4,4,1,4,4,2,13,2,67,2,1,5,5,7,17,8,20,10,16,,67,,1,22,121.5576451,25.0381515
113,9,6,18,41,2,12內湖區,內湖區民權大橋與民權大橋口東向西上坡處(7510474路燈桿),0,0,1,1,C03,8,5,5,40,8,11,1,5,4,5,13,4,4,3,2,4,2,13,2,37,2,9,5,1,7,9,1,10,1,11,,16,,1,21,121.5760754,25.06615538
113,9,6,18,41,2,12內湖區,內湖區民權大橋與民權大橋口東向西上坡處(7510474路燈桿),0,0,1,2,C03,8,5,5,40,8,11,1,5,4,5,13,4,4,3,2,4,2,13,2,37,3,10,5,1,7,9,1,10,1,13,,44,,1,21,121.5760754,25.06615538
113,9,6,18,45,2,03中山區,中山區林森北路北往南 林森公園旁,0,0,1,1,B03,8,5,5,50,14,9,1,5,4,5,13,4,4,1,4,5,2,12,4,0,4,11,3,4,7,21,7,,9,15,,118,,1,21,121.5253449,25.05250652
113,9,6,18,45,2,03中山區,中山區林森北路北往南 林森公園旁,0,0,1,2,C03,8,5,5,50,14,9,1,5,4,5,13,4,4,1,4,5,2,12,2,46,2,9,6,1,7,9,1,10,1,13,,118,,1,21,121.5253449,25.05250652
113,9,6,18,53,2,01大同區,大同區環河北路2段與敦煌路口,0,0,1,1,C03,8,5,5,50,5,2,1,5,4,5,13,4,4,1,5,5,2,12,2,36,2,9,6,1,7,7,1,10,1,14,,100,,1,21,121.5094852,25.07676938
113,9,6,18,53,2,01大同區,大同區環河北路2段與敦煌路口,0,0,1,2,B03,8,5,5,50,5,2,1,5,4,5,13,4,4,1,5,5,2,12,2,52,3,10,7,1,7,9,1,8,1,2,,44,,1,21,121.5094852,25.07676938
113,9,6,19,10,2,12內湖區,內湖區瑞湖街161號,0,0,1,1,B03,8,5,5,50,4,1,1,5,4,5,13,2,1,5,5,5,2,17,2,41,3,10,7,1,7,5,1,8,1,8,,42,,1,21,121.5764587,25.0689748
113,9,6,19,10,2,12內湖區,內湖區瑞湖街161號,0,0,1,2,C03,8,5,5,50,4,1,1,5,4,5,13,2,1,5,5,5,2,17,1,27,2,9,6,1,7,9,1,10,1,12,,42,,1,21,121.5764587,25.0689748
113,9,6,19,30,2,09北投區,北投區北投路1段與無名巷口奇岩站旁,0,0,1,1,C03,8,5,5,50,3,1,1,5,4,5,13,1,1,4,4,5,2,16,1,31,2,9,6,1,7,5,1,10,2,14,,71,,1,25,121.5009091,25.1252613
113,9,6,19,30,2,09北投區,北投區北投路1段與無名巷口奇岩站旁,0,0,1,2,C03,8,5,5,50,3,1,1,5,4,5,13,1,1,4,4,5,2,16,1,37,3,10,6,1,7,9,1,10,2,11,,44,,1,21,121.5009091,25.1252613
113,9,6,19,33,2,05中正區,中正區忠孝東路2段與臨沂街口,0,0,1,1,B03,8,5,5,50,4,2,1,5,4,5,13,1,1,1,4,5,2,13,1,48,3,10,7,1,7,9,1,8,2,1,,44,,1,21,121.5310292,25.0429189
113,9,6,19,33,2,05中正區,中正區忠孝東路2段與臨沂街口,0,0,1,2,C03,8,5,5,50,4,2,1,5,4,5,13,1,1,1,4,5,2,13,1,25,2,9,6,1,7,9,1,10,2,13,,44,,1,21,121.5310292,25.0429189
113,9,6,19,35,2,12內湖區,內湖區金湖路367巷與金湖路口,0,0,1,1,C03,8,5,5,50,5,1,1,5,4,5,13,1,1,10,5,5,2,12,1,30,2,8,6,1,7,7,1,10,2,14,,101,,1,21,121.6034801,25.0732906
113,9,6,19,35,2,12內湖區,內湖區金湖路367巷與金湖路口,0,0,1,2,B03,8,5,5,50,5,1,1,5,4,5,13,1,1,10,5,5,2,12,1,26,3,10,7,1,7,9,1,8,2,5,,44,,1,21,121.6034801,25.0732906
113,9,6,19,50,2,03中山區,中山區大直橋與北安路口,0,0,2,1,C03,8,5,5,50,14,9,1,5,4,5,13,2,1,5,2,5,2,13,1,21,2,8,6,1,7,9,3,18,1,11,,108,,1,22,121.5445367,25.0793705
113,9,6,19,50,2,03中山區,中山區大直橋與北安路口,0,0,2,2,C03,8,5,5,50,14,9,1,5,4,5,13,2,1,5,2,5,2,13,2,21,2,9,6,1,7,14,1,10,1,13,,44,,1,21,121.5445367,25.0793705
113,9,6,20,20,2,02萬華區,萬華區華江橋往新北市機車道(新北001046燈桿),0,0,2,1,C03,8,5,5,40,8,11,1,5,4,5,13,4,4,10,5,5,2,13,2,21,2,9,6,1,7,9,1,10,1,11,,16,,1,25,121.489327,25.03580788
113,9,6,20,20,2,02萬華區,萬華區華江橋往新北市機車道(新北001046燈桿),0,0,2,2,C03,8,5,5,40,8,11,1,5,4,5,13,4,4,10,5,5,2,13,1,27,2,9,6,1,7,9,1,10,1,13,,44,,1,26,121.489327,25.03580788
113,9,6,20,30,2,06松山區,松山區濱江街(第0203103號燈桿),0,0,1,1,B11,8,5,5,40,14,8,1,5,4,5,13,4,4,9,4,4,2,13,1,53,3,10,7,1,7,9,1,8,1,3,,44,,1,22,121.5546179,25.07214649
113,9,6,20,30,2,06松山區,松山區濱江街(第0203103號燈桿),0,0,1,2,C03,8,5,5,40,14,8,1,5,4,5,13,4,4,9,4,4,2,13,1,27,2,9,6,1,7,9,1,10,1,11,,16,,1,22,121.5546179,25.07214649
113,9,6,20,35,2,08士林區,士林區延平北路6段與延平北路6段116巷口,0,0,1,1,C03,7,5,5,50,4,2,1,5,4,5,13,4,4,5,5,5,2,17,4,0,,,,,,,,,,,,119,,2,,121.5077899,25.0892401
113,9,6,20,35,2,08士林區,士林區延平北路6段與延平北路6段116巷口,0,0,1,2,B12,7,5,5,50,4,2,1,5,4,5,13,4,4,5,5,5,2,17,1,69,2,9,3,4,7,13,1,8,9,4,,44,,1,22,121.5077899,25.0892401
113,9,6,20,58,2,06松山區,(八德路3段160號前),0,0,1,1,B01,8,5,5,50,14,9,1,5,4,5,13,1,1,9,4,5,2,16,1,68,3,10,7,4,7,5,1,4,1,2,,71,,1,21,121.5550893,25.048023
113,9,6,20,58,2,06松山區,(八德路3段160號前),0,0,1,2,C03,8,5,5,50,14,9,1,5,4,5,13,1,1,9,4,5,2,16,1,23,2,9,6,4,7,15,1,10,1,11,,44,,1,21,121.5550893,25.048023
113,9,6,21,6,2,04大安區,大安區基隆路3段與辛亥路3段口,0,0,2,1,C03,7,5,5,50,14,9,1,5,4,5,13,2,1,1,3,5,1,13,2,39,2,7,5,1,7,9,1,10,2,11,,16,,1,22,121.5462505,25.0186902
113,9,6,21,6,2,04大安區,大安區基隆路3段與辛亥路3段口,0,0,2,2,C03,7,5,5,50,14,9,1,5,4,5,13,2,1,1,3,5,1,13,2,24,2,1,6,1,7,9,1,10,2,13,,44,,1,22,121.5462505,25.0186902
113,9,6,21,14,2,08士林區,士林區中正路212巷與中正路口,0,0,1,1,B03,7,5,5,50,4,2,1,5,4,5,13,1,1,3,4,5,2,17,1,25,3,10,7,1,7,6,1,8,1,2,,9,,1,22,121.5263816,25.0955207
113,9,6,21,14,2,08士林區,士林區中正路212巷與中正路口,0,0,1,2,C03,7,5,5,50,4,2,1,5,4,5,13,1,1,3,4,5,2,17,1,18,2,9,6,1,7,9,1,10,1,14,,44,,1,22,121.5263816,25.0955207
113,9,6,21,35,2,09北投區,北投區中和街與中和街502巷口,0,0,1,1,B03,8,6,5,50,4,1,1,5,4,5,13,4,4,5,5,5,2,17,1,50,3,10,7,1,7,5,1,8,1,17,,74,,1,21,121.4942785,25.1453455
113,9,6,21,35,2,09北投區,北投區中和街與中和街502巷口,0,0,1,2,C03,8,6,5,50,4,1,1,5,4,5,13,4,4,5,5,5,2,17,1,23,2,9,6,1,7,9,1,10,1,14,,14,,1,21,121.4942785,25.1453455
113,9,6,21,53,2,09北投區,北投區大度路3段與知行路口,0,0,1,1,B03,8,5,5,50,4,1,1,5,4,5,13,2,1,5,5,5,2,16,1,49,3,10,7,1,7,5,1,1,2,1,,4,,1,21,121.4669639,25.1233703
113,9,6,21,53,2,09北投區,北投區大度路3段與知行路口,0,0,1,2,C03,8,5,5,50,4,1,1,5,4,5,13,2,1,5,5,5,2,16,1,42,2,9,5,1,7,14,1,10,2,11,,44,,1,21,121.4669639,25.1233703
113,9,6,22,20,2,03中山區,中山區林森北路與長安東路1段口,0,0,1,1,B03,7,5,5,50,4,18,1,5,4,5,13,2,1,5,4,5,2,3,1,52,3,10,3,4,7,5,1,8,1,1,,70,,1,21,121.5246496,25.0492572
113,9,6,22,20,2,03中山區,中山區林森北路與長安東路1段口,0,0,1,2,H01,7,5,5,50,4,18,1,5,4,5,13,2,1,5,4,5,2,3,2,21,2,9,4,5,8,16,8,20,10,16,,67,,1,21,121.5246496,25.0492572
113,9,6,22,27,2,03中山區,中山區民生東路2段與新生北路2段口,0,0,1,1,B01,7,5,5,50,4,2,1,5,4,5,13,2,1,5,4,5,2,10,1,41,3,10,3,4,7,9,1,4,1,1,,44,,1,21,121.5277081,25.0580637
113,9,6,22,27,2,03中山區,中山區民生東路2段與新生北路2段口,0,0,1,2,C03,7,5,5,50,4,2,1,5,4,5,13,2,1,5,4,5,2,10,2,24,2,9,3,4,7,9,1,10,1,11,,81,,1,21,121.5277081,25.0580637
113,9,6,22,30,2,05中正區,中正區公園路30號對面,0,0,1,1,C03,8,5,5,50,14,9,1,5,4,5,13,1,1,5,4,5,2,13,1,27,2,9,5,1,7,9,1,10,2,11,,108,,1,22,121.5170277,25.0444307
113,9,6,22,30,2,05中正區,中正區公園路30號對面,0,0,1,2,B03,8,5,5,50,14,9,1,5,4,5,13,1,1,5,4,5,2,13,1,31,3,10,2,1,7,11,1,8,2,10,,10,,1,22,121.5170277,25.0444307
113,9,6,22,33,2,05中正區,中正區羅斯福路3段與辛亥路1段口,0,0,2,4,,8,5,5,50,4,1,1,5,4,5,13,1,1,1,4,5,2,17,3,0,,,,,,,,,,,,67,,1,,121.5289487,25.0198355
113,9,6,22,33,2,05中正區,中正區羅斯福路3段與辛亥路1段口,0,0,2,1,B03,8,5,5,50,4,1,1,5,4,5,13,1,1,1,4,5,2,17,1,46,2,9,7,1,7,9,1,8,2,1,,104,,1,21,121.5289487,25.0198355
113,9,6,22,33,2,05中正區,中正區羅斯福路3段與辛亥路1段口,0,0,2,2,C03,8,5,5,50,4,1,1,5,4,5,13,1,1,1,4,5,2,17,1,38,2,9,5,1,7,14,1,10,2,11,,44,,1,21,121.5289487,25.0198355
113,9,6,22,33,2,05中正區,中正區羅斯福路3段與辛亥路1段口,0,0,2,3,,8,5,5,50,4,1,1,5,4,5,13,1,1,1,4,5,2,17,3,54,,,,,,,,,,,,66,,1,,121.5289487,25.0198355
113,9,6,23,39,2,08士林區,士林區仰德大道1段1106209號電燈桿,0,0,1,1,C03,8,5,5,40,11,9,1,5,4,5,13,4,4,4,5,5,1,17,1,18,2,9,6,1,7,9,1,10,1,12,,108,,1,25,121.5360283,25.1085836
113,9,6,23,39,2,08士林區,士林區仰德大道1段1106209號電燈桿,0,0,1,2,C03,8,5,5,40,11,9,1,5,4,5,13,4,4,4,5,5,1,17,1,18,3,10,6,1,7,9,1,10,1,14,,44,,1,25,121.5360283,25.1085836
113,9,6,23,39,2,08士林區,士林區仰德大道1段1106209號電燈桿,0,0,1,3,B03,8,5,5,40,11,9,1,5,4,5,13,4,4,4,5,5,1,17,1,61,3,10,7,1,7,9,1,8,1,1,,44,,1,21,121.5360283,25.1085836
113,9,6,23,39,2,08士林區,士林區仰德大道1段1106209號電燈桿,0,0,1,4,C03,8,5,5,40,11,9,1,5,4,5,13,4,4,4,5,5,1,17,1,18,3,10,6,1,7,9,1,10,1,11,,44,,1,25,121.5360283,25.1085836
113,9,6,23,39,2,08士林區,士林區仰德大道1段1106209號電燈桿,0,0,1,5,C03,8,5,5,40,11,9,1,5,4,5,13,4,4,4,5,5,1,17,1,19,3,10,6,1,7,9,1,10,1,12,,44,,1,26,121.5360283,25.1085836
113,9,7,1,20,2,07信義區,信義區忠孝東路5段71巷與忠孝東路5段口,0,0,1,1,E03,7,5,5,50,3,1,1,5,4,5,13,4,4,3,3,5,2,16,1,23,3,10,7,1,7,6,1,8,2,1,,9,,1,23,121.5673361,25.0411822
113,9,7,1,20,2,07信義區,信義區忠孝東路5段71巷與忠孝東路5段口,0,0,1,2,C03,7,5,5,50,3,1,1,5,4,5,13,4,4,3,3,5,2,16,1,26,2,9,5,1,7,9,1,10,2,14,,107,,1,21,121.5673361,25.0411822
113,9,7,2,50,2,03中山區,中山區中山北路4段圓山飯店旁,0,0,1,1,B01,8,5,5,50,14,9,1,5,4,5,13,4,4,7,4,5,2,17,1,51,3,10,7,1,7,9,1,4,1,17,,118,,1,21,121.5255941,25.07593874
113,9,7,2,50,2,03中山區,中山區中山北路4段圓山飯店旁,0,0,1,2,C03,8,5,5,50,14,9,1,5,4,5,13,4,4,7,4,5,2,17,1,28,2,7,6,1,7,9,1,10,1,17,,118,,1,21,121.5255941,25.07593874
113,9,7,3,33,2,05中正區,中正區中華路1段與寶慶路口,0,0,2,1,C03,8,5,5,50,4,1,1,5,4,5,13,1,1,1,4,1,1,9,2,15,2,9,5,1,7,9,2,18,2,11,,70,,1,16,121.5084239,25.041951
113,9,7,3,33,2,05中正區,中正區中華路1段與寶慶路口,0,0,2,2,H01,8,5,5,50,4,1,1,5,4,5,13,1,1,1,4,1,1,9,2,73,2,8,4,5,8,16,8,20,10,16,,122,,1,21,121.5084239,25.041951
113,9,7,3,39,2,02萬華區,萬華區光復橋下堤外便道,0,0,2,1,C03,8,5,8,15,22,22,1,5,4,5,13,3,1,10,5,5,2,17,1,62,2,9,6,4,7,15,1,10,1,14,,5,,1,21,121.4903691,25.02442132
113,9,7,3,39,2,02萬華區,萬華區光復橋下堤外便道,0,0,2,2,C02,8,5,8,15,22,22,1,5,4,5,13,3,1,10,5,5,2,17,1,24,2,9,6,4,7,15,3,18,1,14,,13,,1,21,121.4903691,25.02442132
113,9,7,3,39,2,02萬華區,萬華區光復橋下堤外便道,0,0,2,3,C03,8,5,8,15,22,22,1,5,4,5,13,3,1,10,5,5,2,17,1,22,3,10,3,4,7,9,1,10,1,11,,13,,1,21,121.4903691,25.02442132
113,9,7,5,29,2,02萬華區,萬華區桂林路242巷與桂林路228巷9弄口,0,0,2,1,C03,7,7,5,50,3,2,1,5,4,5,13,4,4,1,4,5,2,16,1,56,2,9,5,1,7,6,1,10,1,11,,19,,1,21,121.4957324,25.0385346
113,9,7,5,29,2,02萬華區,萬華區桂林路242巷與桂林路228巷9弄口,0,0,2,2,C03,7,7,5,50,3,2,1,5,4,5,13,4,4,1,4,5,2,16,1,58,2,8,5,1,7,9,1,10,1,12,,44,,1,21,121.4957324,25.0385346
113,9,7,5,32,2,10文山區,文山區木柵路2段86號對面,0,0,2,1,B01,8,7,5,50,14,9,1,5,4,5,13,4,4,5,4,5,2,17,1,55,3,10,7,1,7,11,1,4,2,2,,103,,1,21,121.5610116,24.9887603
113,9,7,5,32,2,10文山區,文山區木柵路2段86號對面,0,0,2,2,C01,8,7,5,50,14,9,1,5,4,5,13,4,4,5,4,5,2,17,1,29,2,9,6,1,7,9,1,9,2,11,,108,,1,21,121.5610116,24.9887603
113,9,7,5,32,2,10文山區,文山區木柵路2段86號對面,0,0,2,3,H02,8,7,5,50,14,9,1,5,4,5,13,4,4,5,4,5,2,17,2,50,2,2,4,5,7,17,8,20,10,17,,67,,1,21,121.5610116,24.9887603