發生年度,發生月,發生日,發生時-Hours,發生分,處理別-編號,區序,肇事地點,死亡人數,2-30日死亡人數,受傷人數,當事人序號,車種,天候,道路照明設備,道路類別,速限-速度限制,道路型態,事故位置,路面狀況1,路面狀況2,路面狀況3,道路障礙1,道路障礙2,號誌1,號誌2,車道劃分-分向,車道劃分-分道1,車道劃分-分道2,車道劃分-分道3,事故類型及型態,性別,年齡,受傷程度,主要傷處,保護裝置,行動電話,車輛用途,當事者行動狀態,駕駛資格情形,駕駛執照種類,飲酒情形,車輛撞擊部位1,車輛撞擊部位2,肇因碼-個別,肇因碼-主要,個人肇逃否,職業,座標-X,座標-Y
113,9,7,5,47,2,07信義區,信義區永吉路278巷6號,0,0,2,1,C03,7,7,5,30,14,9,1,5,4,5,13,4,4,10,5,5,2,17,2,26,2,8,5,1,7,5,1,10,1,12,,8,,1,21,121.5741604,25.0448108
113,9,7,5,47,2,07信義區,信義區永吉路278巷6號,0,0,2,2,C03,7,7,5,30,14,9,1,5,4,5,13,4,4,10,5,5,2,17,2,62,2,9,5,1,7,9,1,10,1,11,,44,,1,21,121.5741604,25.0448108
113,9,7,6,31,2,02萬華區,萬華區康定路與廣州街口,0,0,1,1,A02,8,7,5,50,4,2,1,5,4,5,13,1,1,8,3,5,2,9,1,55,3,10,7,1,7,1,1,2,2,17,,19,,1,21,121.5015064,25.0364463
113,9,7,6,31,2,02萬華區,萬華區康定路與廣州街口,0,0,1,2,H02,8,7,5,50,4,2,1,5,4,5,13,1,1,8,3,5,2,9,1,91,2,1,4,5,7,19,8,20,10,16,,67,,1,21,121.5015064,25.0364463
113,9,7,8,0,2,03中山區,中山區民族東路與松江路口,0,0,1,1,B03,8,7,5,50,5,1,1,5,4,5,13,1,1,1,4,5,2,12,2,34,3,10,7,1,7,8,1,8,2,2,,101,,1,21,121.5334055,25.0682854
113,9,7,8,0,2,03中山區,中山區民族東路與松江路口,0,0,1,2,C02,8,7,5,50,5,1,1,5,4,5,13,1,1,1,4,5,2,12,1,44,2,9,5,1,7,7,1,9,2,14,,44,,1,21,121.5334055,25.0682854
113,9,7,8,21,2,02萬華區,萬華區中華路2段與廣州街口,0,0,2,1,C03,7,7,5,40,4,2,1,5,4,5,13,1,1,1,4,5,2,13,1,27,2,9,5,1,7,9,1,10,1,11,,108,,1,21,121.506485,25.0363144
113,9,7,8,21,2,02萬華區,萬華區中華路2段與廣州街口,0,0,2,2,C03,7,7,5,40,4,2,1,5,4,5,13,1,1,1,4,5,2,13,1,19,2,9,5,1,7,9,1,10,1,13,,44,,1,21,121.506485,25.0363144
113,9,7,8,21,2,02萬華區,萬華區中華路2段與廣州街口,0,0,2,3,A02,7,7,5,40,4,2,1,5,4,5,13,1,1,1,4,5,2,13,1,55,3,10,7,1,7,12,1,2,1,1,,44,,1,21,121.506485,25.0363144
113,9,7,8,56,2,10文山區,文山區景中街30巷與景後街口,0,0,1,1,B01,8,6,5,30,4,1,1,5,4,5,13,3,1,10,5,5,2,15,1,49,3,10,7,1,7,9,1,4,1,5,,72,,1,21,121.5428984,24.9920681
113,9,7,8,56,2,10文山區,文山區景中街30巷與景後街口,0,0,1,2,C03,8,6,5,30,4,1,1,5,4,5,13,3,1,10,5,5,2,15,2,23,2,9,6,1,7,9,1,10,1,11,,44,,1,21,121.5428984,24.9920681
113,9,7,9,9,2,09北投區,北投區承德路6段與福國路口,0,0,2,1,C04,8,6,5,50,4,1,1,5,4,5,13,2,1,1,3,5,2,17,2,64,2,8,6,1,7,9,1,11,1,14,,42,,1,22,121.5121393,25.1018604
113,9,7,9,9,2,09北投區,北投區承德路6段與福國路口,0,0,2,2,C03,8,6,5,50,4,1,1,5,4,5,13,2,1,1,3,5,2,17,1,44,3,10,6,1,7,14,1,10,1,12,,44,,1,22,121.5121393,25.1018604
113,9,7,9,9,2,09北投區,北投區承德路6段與福國路口,0,0,2,3,H02,8,6,5,50,4,1,1,5,4,5,13,2,1,1,3,5,2,17,2,42,2,8,6,5,7,20,8,20,10,16,,67,,1,22,121.5121393,25.1018604
113,9,7,9,30,2,03中山區,中山區民權東路2段107號,0,0,3,1,C03,8,6,5,50,14,9,1,5,4,5,13,4,4,1,5,5,1,12,1,74,2,9,3,4,7,9,1,10,1,12,,44,,1,21,121.532787,25.06261277
113,9,7,9,30,2,03中山區,中山區民權東路2段107號,0,0,3,2,C03,8,6,5,50,14,9,1,5,4,5,13,4,4,1,5,5,1,12,2,37,2,9,3,4,7,9,1,10,1,11,,44,,1,21,121.532787,25.06261277
113,9,7,9,30,2,03中山區,中山區民權東路2段107號,0,0,3,3,C03,8,6,5,50,14,9,1,5,4,5,13,4,4,1,5,5,1,12,1,47,2,9,3,4,7,10,6,18,1,14,,102,,1,21,121.532787,25.06261277
113,9,7,9,30,2,03中山區,中山區民權東路2段107號,0,0,3,4,B03,8,6,5,50,14,9,1,5,4,5,13,4,4,1,5,5,1,12,1,46,3,10,3,4,7,14,1,8,1,17,,38,,1,21,121.532787,25.06261277
113,9,7,9,30,2,03中山區,中山區民權東路2段107號,0,0,3,5,C03,8,6,5,50,14,9,1,5,4,5,13,4,4,1,5,5,1,12,1,32,3,10,3,4,7,1,1,10,1,17,,19,,1,21,121.532787,25.06261277
113,9,7,9,55,2,03中山區,中山區民生東路3段與復興北路口,0,0,1,1,C03,7,6,5,50,14,9,1,5,4,5,13,2,1,8,3,5,1,17,1,24,2,9,5,1,7,9,1,10,1,11,,108,,1,21,121.5440716,25.0579997
113,9,7,9,55,2,03中山區,中山區民生東路3段與復興北路口,0,0,1,2,B03,7,6,5,50,14,9,1,5,4,5,13,2,1,8,3,5,1,17,1,43,3,10,7,1,7,9,1,8,1,2,,44,,1,21,121.5440716,25.0579997
113,9,7,9,55,2,03中山區,中山區民生東路3段與復興北路口,0,0,1,3,B03,7,6,5,50,14,9,1,5,4,5,13,2,1,8,3,5,1,17,1,40,3,10,7,1,7,9,1,8,1,8,,44,,1,21,121.5440716,25.0579997
113,9,7,9,59,2,08士林區,士林區福林路與忠勇街口,0,0,2,1,F01,7,5,5,50,4,1,1,5,4,5,13,2,1,5,4,5,2,15,1,48,2,9,4,1,7,9,8,20,2,11,,81,,1,21,121.5343442,25.0979859
113,9,7,9,59,2,08士林區,士林區福林路與忠勇街口,0,0,2,2,C03,7,5,5,50,4,1,1,5,4,5,13,2,1,5,4,5,2,15,1,45,2,8,6,1,7,9,1,10,2,14,,44,,1,21,121.5343442,25.0979859
113,9,7,10,0,2,08士林區,士林區至誠路1段295號,0,0,1,1,B03,8,7,5,40,11,9,1,5,4,5,13,4,4,9,4,5,1,17,1,66,3,10,7,1,7,2,1,8,2,3,,12,,1,21,121.5311702,25.10177196
113,9,7,10,0,2,08士林區,士林區至誠路1段295號,0,0,1,2,C03,8,7,5,40,11,9,1,5,4,5,13,4,4,9,4,5,1,17,2,48,2,8,5,1,7,9,1,10,2,11,,44,,1,21,121.5311702,25.10177196
113,9,7,10,4,2,04大安區,大安區信義路3段29號,0,0,1,1,C03,8,7,5,50,14,9,1,5,4,5,13,4,4,1,4,5,2,13,2,42,2,7,3,4,7,5,1,10,1,11,,108,,1,21,121.5344274,25.0336951
113,9,7,10,4,2,04大安區,大安區信義路3段29號,0,0,1,2,B03,8,7,5,50,14,9,1,5,4,5,13,4,4,1,4,5,2,13,2,49,3,10,3,4,7,9,1,8,1,3,,44,,1,21,121.5344274,25.0336951
113,9,7,10,28,2,04大安區,大安區和平東路1段2號,0,0,1,2,C03,7,6,5,50,14,9,1,5,4,3,13,4,4,1,4,4,2,12,2,25,2,9,6,1,7,9,1,10,1,11,,13,,1,21,121.5229611,25.02695905
113,9,7,10,28,2,04大安區,大安區和平東路1段2號,0,0,1,1,B01,7,6,5,50,14,9,1,5,4,3,13,4,4,1,4,4,2,12,1,51,3,10,7,1,7,8,1,4,1,6,,100,,1,21,121.5229611,25.02695905
113,9,7,10,41,2,07信義區,信義區松仁路與忠孝東路5段口,0,0,1,1,C03,7,6,5,50,4,1,1,5,4,5,13,2,1,1,4,5,1,29,1,30,2,8,3,4,7,6,1,10,1,12,,44,,1,21,121.568669,25.0409849
113,9,7,10,41,2,07信義區,信義區松仁路與忠孝東路5段口,0,0,1,2,,7,6,5,50,4,1,1,5,4,5,13,2,1,1,4,5,1,29,3,0,,,,,,,,,,,,67,,1,,121.568669,25.0409849
113,9,7,11,15,2,05中正區,中正區南昌路1段與南海路口,0,0,1,1,B01,7,7,5,30,4,2,1,5,4,1,13,1,1,10,4,5,2,13,1,65,3,10,3,4,7,9,5,4,9,1,,108,,1,21,121.51641,25.03242146
113,9,7,11,15,2,05中正區,中正區南昌路1段與南海路口,0,0,1,2,C03,7,7,5,30,4,2,1,5,4,1,13,1,1,10,4,5,2,13,1,24,2,9,6,1,7,14,1,10,9,13,,44,,1,22,121.51641,25.03242146
113,9,7,11,19,2,04大安區,大安區忠孝東路4段216巷40弄與忠孝東路4段216巷口,0,0,1,2,B01,6,7,5,30,4,2,1,4,4,5,13,4,4,4,1,5,1,3,1,62,3,10,7,1,7,9,1,4,1,1,,70,,1,26,121.552938,25.0394794
113,9,7,11,19,2,04大安區,大安區忠孝東路4段216巷40弄與忠孝東路4段216巷口,0,0,1,1,H01,6,7,5,30,4,2,1,4,4,5,13,4,4,4,1,5,1,3,1,39,2,1,4,5,8,18,8,20,1,16,,67,,1,21,121.552938,25.0394794
113,9,7,11,27,2,07信義區,信義區忠孝東路4段560號,0,0,1,1,C03,6,6,5,50,14,9,1,4,4,5,13,4,4,1,4,5,2,29,1,62,2,9,5,1,7,9,1,10,1,12,,118,,1,22,121.564366,25.0411059
113,9,7,11,27,2,07信義區,信義區忠孝東路4段560號,0,0,1,2,,6,6,5,50,14,9,1,4,4,5,13,4,4,1,4,5,2,29,3,0,,,,,,,,,,,,67,,1,,121.564366,25.0411059
113,9,7,11,30,2,04大安區,大安區忠孝東路3段與建國南路1段口,0,0,1,1,C03,6,7,5,50,4,1,1,4,4,5,13,1,1,10,4,5,2,17,2,25,2,8,6,1,7,15,1,10,1,14,,100,,1,21,121.5371078,25.0416178
113,9,7,11,30,2,04大安區,大安區忠孝東路3段與建國南路1段口,0,0,1,2,A02,6,7,5,50,4,1,1,4,4,5,13,1,1,10,4,5,2,17,1,59,3,10,7,1,7,9,1,2,1,5,,44,,1,21,121.5371078,25.0416178
113,9,7,12,15,2,03中山區,中山區民權東路2段與吉林路口,0,0,2,1,C03,7,6,5,50,14,9,1,5,4,5,13,2,1,1,5,5,1,12,1,18,2,9,3,4,7,7,1,10,1,14,,17,,1,21,121.530276,25.06253913
113,9,7,12,15,2,03中山區,中山區民權東路2段與吉林路口,0,0,2,2,B03,7,6,5,50,14,9,1,5,4,5,13,2,1,1,5,5,1,12,1,68,3,10,3,4,7,9,1,8,1,2,,17,,1,21,121.530276,25.06253913
113,9,7,12,15,2,03中山區,中山區民權東路2段與吉林路口,0,0,2,3,H02,7,6,5,50,14,9,1,5,4,5,13,2,1,1,5,5,1,12,1,18,2,9,4,5,7,20,8,20,10,16,,67,,1,21,121.530276,25.06253913
113,9,7,12,32,2,04大安區,大安區信義路4段60號,0,0,1,1,B01,8,5,5,50,14,9,1,5,4,5,13,4,4,1,4,1,2,17,1,69,3,10,7,1,7,8,1,4,1,3,,101,,1,21,121.5456401,25.0332266
113,9,7,12,32,2,04大安區,大安區信義路4段60號,0,0,1,2,C03,8,5,5,50,14,9,1,5,4,5,13,4,4,1,4,1,2,17,1,41,2,9,5,1,7,9,1,10,1,11,,13,,1,21,121.5456401,25.0332266
113,9,7,12,55,2,05中正區,中正區羅斯福路2段與福州街口,0,0,2,1,C03,8,6,5,50,5,1,1,5,4,5,13,1,1,5,4,5,2,17,1,49,2,9,5,1,7,5,1,10,2,11,,8,,1,21,121.5202169,25.0297992
113,9,7,12,55,2,05中正區,中正區羅斯福路2段與福州街口,0,0,2,2,C03,8,6,5,50,5,1,1,5,4,5,13,1,1,5,4,5,2,17,1,26,2,9,5,1,7,9,1,9,2,11,,44,,1,21,121.5202169,25.0297992
113,9,7,12,55,2,09北投區,北投區大度路3段1208574燈桿,0,0,1,1,C03,8,5,5,50,14,12,1,5,4,5,13,4,4,1,5,5,2,18,2,43,2,9,3,4,7,9,1,10,1,11,,44,,1,21,121.4750459,25.1224724
113,9,7,12,55,2,09北投區,北投區大度路3段1208574燈桿,0,0,1,2,,8,5,5,50,14,12,1,5,4,5,13,4,4,1,5,5,2,18,3,0,,,,,,,,,,,,129,,1,,121.4750459,25.1224724
113,9,7,14,3,2,05中正區,中正區徐州路46號,0,0,1,1,B03,8,6,5,50,14,7,1,5,4,5,13,4,4,9,5,4,2,16,2,63,3,10,7,4,7,11,1,8,1,4,,10,,1,22,121.5244356,25.0402914
113,9,7,14,3,2,05中正區,中正區徐州路46號,0,0,1,2,C04,8,6,5,50,14,7,1,5,4,5,13,4,4,9,5,4,2,16,1,45,2,9,6,4,7,9,1,10,1,11,,44,,1,22,121.5244356,25.0402914
113,9,7,14,39,2,12內湖區,內湖區康寧路3段70巷與康寧路3段165巷口,0,0,1,1,B02,8,6,5,50,4,1,1,5,4,5,13,2,1,1,4,5,2,17,1,34,3,10,7,1,7,5,1,4,2,6,,71,,1,21,121.6113267,25.07048833
113,9,7,14,39,2,12內湖區,內湖區康寧路3段70巷與康寧路3段165巷口,0,0,1,2,C03,8,6,5,50,4,1,1,5,4,5,13,2,1,1,4,5,2,17,1,62,2,9,6,1,7,9,1,10,2,11,,44,,1,21,121.6113267,25.07048833
113,9,7,15,0,2,08士林區,士林區延平北路5段26號,0,0,1,1,C03,8,6,5,50,14,9,1,5,4,5,13,4,4,1,4,1,2,17,1,24,2,8,6,1,7,9,1,10,1,11,,44,,1,21,121.5105517,25.0813452
113,9,7,15,0,2,08士林區,士林區延平北路5段26號,0,0,1,2,C03,8,6,5,50,14,9,1,5,4,5,13,4,4,1,4,1,2,17,1,55,3,10,5,1,7,10,1,10,1,13,,102,,1,21,121.5105517,25.0813452
113,9,7,15,28,2,04大安區,大安區建國南路2段與建國南路2段69巷口,0,0,1,1,B03,8,7,5,50,3,2,1,5,4,5,13,4,4,8,3,5,2,17,1,73,3,10,3,4,7,6,1,8,1,4,,72,,1,21,121.5380154,25.0312453
113,9,7,15,28,2,04大安區,大安區建國南路2段與建國南路2段69巷口,0,0,1,2,C03,8,7,5,50,3,2,1,5,4,5,13,4,4,8,3,5,2,17,1,23,2,7,3,4,7,9,1,10,1,11,,42,,1,21,121.5380154,25.0312453
113,9,7,15,44,2,11南港區,南港區忠孝東路7段124巷與忠孝東路7段口,0,0,2,1,C03,8,7,5,50,4,2,1,5,4,5,13,2,1,9,4,4,2,13,1,41,2,9,6,1,7,9,3,18,1,11,,118,,1,21,121.6037727,25.051692
113,9,7,15,44,2,11南港區,南港區忠孝東路7段124巷與忠孝東路7段口,0,0,2,2,C03,8,7,5,50,4,2,1,5,4,5,13,2,1,9,4,4,2,13,1,20,3,10,6,1,7,9,1,10,1,13,,118,,1,21,121.6037727,25.051692
113,9,7,15,44,2,11南港區,南港區忠孝東路7段124巷與忠孝東路7段口,0,0,2,3,H02,8,7,5,50,4,2,1,5,4,5,13,2,1,9,4,4,2,13,2,34,2,9,6,5,7,20,8,20,10,16,,118,,1,22,121.6037727,25.051692
113,9,7,15,44,2,11南港區,南港區忠孝東路7段124巷與忠孝東路7段口,0,0,2,4,H02,8,7,5,50,4,2,1,5,4,5,13,2,1,9,4,4,2,13,1,20,3,10,4,5,7,20,8,20,10,16,,118,,1,21,121.6037727,25.051692
113,9,7,16,0,2,08士林區,士林區延平北路8段2巷56弄17號,0,0,1,1,C03,8,6,5,30,14,9,1,4,4,2,13,4,4,5,5,5,2,9,2,38,2,9,3,4,7,9,1,10,1,15,,44,,1,21,121.4870506,25.10566
113,9,7,16,0,2,08士林區,士林區延平北路8段2巷56弄17號,0,0,1,2,H03,8,6,5,30,14,9,1,4,4,2,13,4,4,5,5,5,2,9,2,72,3,10,4,5,8,20,8,20,10,16,,59,,1,21,121.4870506,25.10566
113,9,7,16,0,2,07信義區,信義區忠孝東路5段141號,0,0,1,1,B01,7,5,5,50,14,9,1,5,4,5,13,4,4,1,4,5,1,17,1,54,3,10,7,1,7,1,1,4,1,8,,19,,1,21,121.5679588,25.0411438
113,9,7,16,0,2,07信義區,信義區忠孝東路5段141號,0,0,1,2,C03,7,5,5,50,14,9,1,5,4,5,13,4,4,1,4,5,1,17,1,30,2,9,6,1,7,9,1,10,1,12,,44,,1,21,121.5679588,25.0411438
113,9,7,16,10,2,08士林區,士林區文林路與文林路775巷口,0,0,1,1,B03,8,6,5,30,3,2,1,5,4,5,13,4,4,1,4,4,2,17,1,37,3,10,7,1,7,6,1,8,2,6,,72,,1,21,121.5193093,25.10372508
113,9,7,16,10,2,08士林區,士林區文林路與文林路775巷口,0,0,1,2,C03,8,6,5,30,3,2,1,5,4,5,13,4,4,1,4,4,2,17,2,80,2,9,5,1,7,9,1,10,2,11,,108,,1,21,121.5193093,25.10372508
113,9,7,16,17,2,03中山區,中山區復興北路與復興北路402巷口,0,0,2,1,C03,7,7,5,50,3,1,1,5,4,5,13,4,4,1,4,5,2,13,2,38,2,8,5,4,7,9,1,10,1,11,,16,,1,21,121.5440966,25.06180013
113,9,7,16,17,2,03中山區,中山區復興北路與復興北路402巷口,0,0,2,2,C03,7,7,5,50,3,1,1,5,4,5,13,4,4,1,4,5,2,13,2,45,2,6,6,4,7,6,1,10,1,13,,44,,1,21,121.5440966,25.06180013
113,9,7,16,17,2,06松山區,松山區民生東路5段與民生東路5段36巷口,0,0,1,1,B01,8,5,5,50,3,1,1,5,4,5,13,2,1,3,4,5,2,17,1,59,3,10,3,4,7,1,1,4,2,4,,19,,1,22,121.5568067,25.0583347
113,9,7,16,17,2,06松山區,松山區民生東路5段與民生東路5段36巷口,0,0,1,2,C03,8,5,5,50,3,1,1,5,4,5,13,2,1,3,4,5,2,17,1,41,2,9,6,4,7,9,1,10,2,12,,13,,1,22,121.5568067,25.0583347
113,9,7,16,39,2,09北投區,北投區中央北路4段414號120號停車格,0,0,1,1,B03,7,5,5,50,14,9,1,5,4,5,13,4,4,5,5,5,2,17,1,45,3,10,3,4,7,1,1,8,2,4,,19,,1,22,121.4706928,25.1291838
113,9,7,16,39,2,09北投區,北投區中央北路4段414號120號停車格,0,0,1,2,C03,7,5,5,50,14,9,1,5,4,5,13,4,4,5,5,5,2,17,1,20,2,9,3,4,7,9,1,10,2,14,,44,,1,25,121.4706928,25.1291838
113,9,7,17,11,2,12內湖區,內湖區成功路5段P0727柱,0,0,1,1,C03,8,6,5,40,14,8,1,5,4,5,13,4,4,1,4,4,2,17,2,47,2,9,6,1,7,9,1,10,2,11,,108,,1,21,121.6049383,25.0828759
113,9,7,17,11,2,12內湖區,內湖區成功路5段P0727柱,0,0,1,2,B03,8,6,5,40,14,8,1,5,4,5,13,4,4,1,4,4,2,17,2,52,3,10,3,4,7,13,1,8,5,7,,38,,1,21,121.6049383,25.0828759
113,9,7,17,22,2,03中山區,中山區中原街與新生北路2段149巷口,0,0,1,1,B03,7,7,5,30,4,1,1,5,4,5,13,4,4,9,4,5,2,15,1,46,3,10,7,1,7,15,1,8,1,1,,44,,1,21,121.5289414,25.0620117
113,9,7,17,22,2,03中山區,中山區中原街與新生北路2段149巷口,0,0,1,2,G06,7,7,5,30,4,1,1,5,4,5,13,4,4,9,4,5,2,15,1,40,2,8,4,1,7,9,8,20,1,12,,4,,1,21,121.5289414,25.0620117
113,9,7,18,5,2,12內湖區,內湖區康寧路3段75巷137號,0,0,1,1,B02,8,5,5,50,14,9,1,5,4,5,13,4,4,5,5,5,2,12,1,34,3,10,7,1,7,11,1,8,1,8,,10,,1,21,121.6102338,25.07554098
113,9,7,18,5,2,12內湖區,內湖區康寧路3段75巷137號,0,0,1,2,C03,8,5,5,50,14,9,1,5,4,5,13,4,4,5,5,5,2,12,2,63,2,9,5,1,7,9,1,10,1,11,,44,,1,21,121.6102338,25.07554098
113,9,7,18,9,2,08士林區,士林區百齡橋往士林,0,0,2,1,C03,7,5,5,40,14,11,1,5,4,5,13,4,4,1,1,1,1,13,2,35,2,8,5,1,7,9,1,10,1,11,,108,,1,21,121.5184372,25.08703522
113,9,7,18,9,2,08士林區,士林區百齡橋往士林,0,0,2,2,F01,7,5,5,40,14,11,1,5,4,5,13,4,4,1,1,1,1,13,2,41,2,9,3,1,7,9,8,20,1,13,,44,,1,21,121.5184372,25.08703522
113,9,7,19,20,2,08士林區,士林區堤外便道與環河北路3段口,0,0,1,1,F01,8,5,5,0,14,23,1,5,4,5,13,4,4,9,4,5,1,10,1,29,3,10,2,1,7,9,8,20,1,11,,118,,1,21,121.5077133,25.07988
113,9,7,19,20,2,08士林區,士林區堤外便道與環河北路3段口,0,0,1,2,F01,8,5,5,0,14,23,1,5,4,5,13,4,4,9,4,5,1,10,1,63,2,9,2,1,7,9,8,20,1,13,,118,,1,21,121.5077133,25.07988
113,9,7,19,22,2,04大安區,大安區基隆路2段與和平東路3段口,0,0,1,1,B03,6,5,5,50,5,1,1,4,4,5,13,1,1,3,4,5,2,17,1,43,4,11,3,4,7,15,7,19,11,15,,119,,2,22,121.5528286,25.0246875
113,9,7,19,22,2,04大安區,大安區基隆路2段與和平東路3段口,0,0,1,2,C03,6,5,5,50,5,1,1,4,4,5,13,1,1,3,4,5,2,17,1,20,2,8,6,4,7,9,1,10,1,14,,44,,1,21,121.5528286,25.0246875
113,9,7,20,10,2,05中正區,中正區水源快速道路與師大路口,0,0,1,1,C03,6,5,5,50,5,1,1,4,4,5,13,1,1,1,3,5,2,17,1,18,2,9,5,4,7,5,1,10,2,11,,8,,1,21,121.522812,25.0202677
113,9,7,20,10,2,05中正區,中正區水源快速道路與師大路口,0,0,1,2,B03,6,5,5,50,5,1,1,4,4,5,13,1,1,1,3,5,2,17,1,54,3,10,7,4,7,6,1,8,2,8,,9,,1,21,121.522812,25.0202677
113,9,7,20,25,2,12內湖區,內湖區康樂街72巷與康樂街口,0,0,1,1,,8,5,5,50,4,1,1,5,3,5,13,1,1,5,5,5,2,18,3,0,,,,,,,,,,,,61,,1,,121.6186684,25.069477
113,9,7,20,25,2,12內湖區,內湖區康樂街72巷與康樂街口,0,0,1,2,C03,8,5,5,50,4,1,1,5,3,5,13,1,1,5,5,5,2,18,1,45,2,9,6,1,7,5,1,10,2,14,,44,,1,21,121.6186684,25.069477
113,9,7,20,33,2,05中正區,中正區南海路與和平西路2段口口,0,0,2,1,F01,6,5,5,0,4,1,1,4,4,5,13,1,1,1,4,5,2,16,1,19,2,7,2,1,7,11,8,20,1,14,,11,,1,21,121.5091215,25.0306768
113,9,7,20,33,2,05中正區,中正區南海路與和平西路2段口口,0,0,2,2,C03,6,5,5,0,4,1,1,4,4,5,13,1,1,1,4,5,2,16,2,55,2,8,6,1,7,6,1,10,1,11,,107,,1,21,121.5091215,25.0306768
113,9,7,20,55,2,07信義區,信義區中坡南路與中坡南路98巷口,0,0,2,1,B03,7,5,5,50,3,1,1,5,4,5,13,3,1,9,4,4,2,12,2,35,3,10,7,1,7,11,1,8,1,4,,10,,1,21,121.5843132,25.0422537
113,9,7,20,55,2,07信義區,信義區中坡南路與中坡南路98巷口,0,0,2,2,C03,7,5,5,50,3,1,1,5,4,5,13,3,1,9,4,4,2,12,2,52,2,9,5,1,7,15,1,10,1,11,,94,,1,21,121.5843132,25.0422537
113,9,7,20,55,2,07信義區,信義區中坡南路與中坡南路98巷口,0,0,2,3,H02,7,5,5,50,3,1,1,5,4,5,13,3,1,9,4,4,2,12,2,25,2,9,4,5,7,20,8,20,10,17,,67,,1,21,121.5843132,25.0422537
113,9,7,21,30,2,02萬華區,萬華區環河南路2段與桂林路口,0,0,1,1,B03,6,5,5,50,4,1,1,4,4,5,13,1,1,1,3,5,2,13,1,32,3,10,7,1,7,11,1,8,1,6,,10,,1,21,121.4960847,25.0388068
113,9,7,21,30,2,02萬華區,萬華區環河南路2段與桂林路口,0,0,1,2,C02,6,5,5,50,4,1,1,4,4,5,13,1,1,1,3,5,2,13,1,41,2,9,6,1,6,9,1,9,1,11,,44,,1,21,121.4960847,25.0388068
113,9,7,21,30,2,12內湖區,內湖區東湖路160巷與五分街口,0,0,1,1,B03,8,5,5,30,5,1,1,5,4,5,13,3,1,10,5,5,2,16,1,45,3,10,7,1,7,5,1,8,2,5,,72,,1,21,121.6154356,25.0683135
113,9,7,21,30,2,12內湖區,內湖區東湖路160巷與五分街口,0,0,1,2,C03,8,5,5,30,5,1,1,5,4,5,13,3,1,10,5,5,2,16,1,21,2,9,6,1,7,9,1,10,2,11,,44,,1,29,121.6154356,25.0683135
113,9,7,21,30,2,07信義區,信義區嘉興街127巷與信安街口,0,0,2,1,C03,7,5,5,30,3,1,1,5,4,5,13,2,1,9,4,5,2,17,2,28,2,9,5,1,7,5,1,10,1,14,,71,,1,21,121.5582539,25.028688
113,9,7,21,30,2,07信義區,信義區嘉興街127巷與信安街口,0,0,2,2,C03,7,5,5,30,3,1,1,5,4,5,13,2,1,9,4,5,2,17,2,55,2,9,5,1,7,9,1,10,1,11,,44,,1,21,121.5582539,25.028688
113,9,7,21,30,2,07信義區,信義區嘉興街127巷與信安街口,0,0,2,3,B03,7,5,5,30,3,1,1,5,4,5,13,2,1,9,4,5,2,17,1,34,3,10,7,1,7,9,1,8,1,4,,44,,1,21,121.5582539,25.028688
113,9,7,21,48,2,04大安區,大安區仁愛路4段與敦化南路1段口,0,0,2,1,C03,7,5,5,50,5,1,1,5,4,5,13,2,1,1,3,5,1,12,1,51,2,9,5,1,7,4,6,10,1,11,,108,,1,22,121.5485605,25.0386757
113,9,7,21,48,2,04大安區,大安區仁愛路4段與敦化南路1段口,0,0,2,2,C03,7,5,5,50,5,1,1,5,4,5,13,2,1,1,3,5,1,12,1,18,2,8,6,1,7,9,1,10,1,13,,44,,1,22,121.5485605,25.0386757
113,9,7,21,50,2,09北投區,北投區崇仁路1段與崇仁路1段34巷口,0,0,2,1,C03,8,5,5,50,3,2,1,5,4,5,13,4,4,9,4,5,1,11,2,38,2,8,5,1,7,5,1,10,1,14,,8,,1,21,121.5013537,25.1273551
113,9,7,21,50,2,09北投區,北投區崇仁路1段與崇仁路1段34巷口,0,0,2,2,C03,8,5,5,50,3,2,1,5,4,5,13,4,4,9,4,5,1,11,2,33,2,8,6,1,7,9,1,10,1,11,,44,,1,21,121.5013537,25.1273551
113,9,7,22,2,2,11南港區,南港區市民大道8段與南港路2段41巷口,0,0,2,1,C03,7,5,5,50,4,1,1,4,4,4,13,2,1,3,4,5,2,13,1,19,2,8,6,1,7,9,1,10,1,11,,108,,1,22,121.6030415,25.0526685
113,9,7,22,2,2,11南港區,南港區市民大道8段與南港路2段41巷口,0,0,2,2,C03,7,5,5,50,4,1,1,4,4,4,13,2,1,3,4,5,2,13,1,19,2,7,6,1,7,12,1,10,1,13,,44,,1,22,121.6030415,25.0526685
113,9,8,0,3,2,07信義區,信義區松山路與松德路口,0,0,1,1,B03,8,5,5,50,4,1,1,5,4,5,13,1,1,1,3,5,2,16,1,70,3,10,3,4,7,5,1,8,2,2,,71,,1,22,121.5779138,25.0395814
113,9,8,0,3,2,07信義區,信義區松山路與松德路口,0,0,1,2,C03,8,5,5,50,4,1,1,5,4,5,13,1,1,1,3,5,2,16,1,21,2,9,6,1,7,9,1,10,2,11,,44,,1,22,121.5779138,25.0395814
113,9,8,0,49,2,04大安區,大安區和平東路3段與和平東路3段632巷口,0,0,1,1,C03,8,5,5,40,5,2,1,5,4,5,13,3,1,8,3,5,2,13,2,19,2,8,3,4,7,9,1,10,1,14,,16,,1,21,121.5632674,25.0130826
113,9,8,0,49,2,04大安區,大安區和平東路3段與和平東路3段632巷口,0,0,1,2,B03,8,5,5,40,5,2,1,5,4,5,13,3,1,8,3,5,2,13,2,62,3,10,3,4,7,15,1,8,1,2,,44,,1,21,121.5632674,25.0130826