發生年度,發生月,發生日,發生時-Hours,發生分,處理別-編號,區序,肇事地點,死亡人數,2-30日死亡人數,受傷人數,當事人序號,車種,天候,道路照明設備,道路類別,速限-速度限制,道路型態,事故位置,路面狀況1,路面狀況2,路面狀況3,道路障礙1,道路障礙2,號誌1,號誌2,車道劃分-分向,車道劃分-分道1,車道劃分-分道2,車道劃分-分道3,事故類型及型態,性別,年齡,受傷程度,主要傷處,保護裝置,行動電話,車輛用途,當事者行動狀態,駕駛資格情形,駕駛執照種類,飲酒情形,車輛撞擊部位1,車輛撞擊部位2,肇因碼-個別,肇因碼-主要,個人肇逃否,職業,座標-X,座標-Y
113,9,8,3,5,2,07信義區,信義區信義路5段111號,0,0,1,1,B03,7,5,5,50,14,9,1,5,4,5,13,4,4,9,4,5,2,18,1,21,2,9,7,1,7,9,1,8,2,8,,42,,1,21,121.5739315,25.0333156
113,9,8,3,5,2,07信義區,信義區信義路5段111號,0,0,1,2,,7,5,5,50,14,9,1,5,4,5,13,4,4,9,4,5,2,18,3,,,,,,,,,,,,,67,,1,,121.5739315,25.0333156
113,9,8,3,5,2,07信義區,信義區信義路5段111號,0,0,1,3,,7,5,5,50,14,9,1,5,4,5,13,4,4,9,4,5,2,18,3,,,,,,,,,,,,,67,,1,,121.5739315,25.0333156
113,9,8,4,50,2,03中山區,中山區長春路258巷6號,0,0,1,1,C03,8,5,5,30,14,9,1,5,4,3,13,4,4,10,5,5,2,29,1,21,2,9,6,1,7,9,3,18,7,12,,21,,1,21,121.5390468,25.0540187
113,9,8,4,50,2,03中山區,中山區長春路258巷6號,0,0,1,2,B12,8,5,5,30,14,9,1,5,4,3,13,4,4,10,5,5,2,29,3,42,3,10,3,4,7,15,1,8,11,7,,38,,1,21,121.5390468,25.0540187
113,9,8,6,42,2,02萬華區,萬華區西園路2段320巷36弄與西園路2段320巷口,0,0,1,1,B12,8,6,5,30,4,1,1,5,4,5,13,4,4,10,5,5,2,17,1,42,3,10,7,1,7,9,1,8,1,5,,75,,1,21,121.4910159,25.0274353
113,9,8,6,42,2,02萬華區,萬華區西園路2段320巷36弄與西園路2段320巷口,0,0,1,2,C03,8,6,5,30,4,1,1,5,4,5,13,4,4,10,5,5,2,17,2,24,2,9,6,1,7,9,1,10,1,14,12,13,,1,21,121.4910159,25.0274353
113,9,8,7,15,2,07信義區,信義區福德街232巷4號,0,0,1,1,B03,8,7,5,30,14,9,1,5,4,5,13,4,4,10,5,5,2,9,1,65,3,10,3,4,7,1,1,8,2,8,,19,,1,21,121.5865333,25.0464515
113,9,8,7,15,2,07信義區,信義區福德街232巷4號,0,0,1,2,H01,8,7,5,30,14,9,1,5,4,5,13,4,4,10,5,5,2,9,2,78,2,9,4,5,8,16,8,20,10,16,,60,,1,21,121.5865333,25.0464515
113,9,8,7,42,2,11南港區,南港區玉成街166巷22弄與中坡南路31巷口,0,0,2,1,C03,8,7,8,30,4,1,1,5,4,5,13,4,4,10,5,5,2,15,1,44,2,9,3,4,7,9,6,18,9,11,,13,,2,21,121.5837834,25.0438277
113,9,8,7,42,2,11南港區,南港區玉成街166巷22弄與中坡南路31巷口,0,0,2,2,F02,8,7,8,30,4,1,1,5,4,5,13,4,4,10,5,5,2,15,1,35,2,9,3,4,7,9,8,20,2,12,,72,,1,21,121.5837834,25.0438277
113,9,8,7,48,2,01大同區,大同區鄭州路137號,0,0,2,1,C03,8,5,5,40,14,9,1,5,4,5,13,4,4,1,4,5,2,17,1,20,2,9,3,4,7,7,1,10,2,13,,100,,1,21,121.5099444,25.0503318
113,9,8,7,48,2,01大同區,大同區鄭州路137號,0,0,2,2,C03,8,5,5,40,14,9,1,5,4,5,13,4,4,1,4,5,2,17,1,20,2,9,3,4,7,9,3,18,2,11,,13,,1,21,121.5099444,25.0503318
113,9,8,8,17,2,01大同區,大同區重慶北路2段180號,0,0,1,1,B03,7,6,5,50,14,9,1,5,4,5,13,4,4,1,4,5,2,17,1,73,2,3,7,1,7,15,1,8,2,1,,42,,1,21,121.5134827,25.06003527
113,9,8,8,17,2,01大同區,大同區重慶北路2段180號,0,0,1,2,A05,7,6,5,50,14,9,1,5,4,5,13,4,4,1,4,5,2,17,1,43,3,10,7,1,7,14,1,2,2,6,,38,,1,21,121.5134827,25.06003527
113,9,8,9,38,2,11南港區,南港區玉成街243號,0,0,1,1,F01,8,6,5,50,14,9,1,5,4,5,13,4,4,9,5,5,2,17,2,74,2,9,4,1,7,1,8,20,1,11,,19,,1,21,121.5859123,25.0428102
113,9,8,9,38,2,11南港區,南港區玉成街243號,0,0,1,2,B03,8,6,5,50,14,9,1,5,4,5,13,4,4,9,5,5,2,17,1,61,3,10,7,1,7,9,1,8,1,5,,44,,1,21,121.5859123,25.0428102
113,9,8,10,29,2,05中正區,中正區汀州路2段與金門街口,0,0,1,1,B02,8,6,5,50,4,1,1,5,4,5,13,1,1,5,4,5,2,16,1,40,3,10,7,1,7,5,1,8,2,5,,71,,1,21,121.5238826,25.0222811
113,9,8,10,29,2,05中正區,中正區汀州路2段與金門街口,0,0,1,2,C03,8,6,5,50,4,1,1,5,4,5,13,1,1,5,4,5,2,16,1,51,2,9,5,1,7,9,1,10,2,11,,44,,1,21,121.5238826,25.0222811
113,9,8,10,29,2,05中正區,中正區汀州路2段與金門街口,0,0,1,3,H02,8,6,5,50,4,1,1,5,4,5,13,1,1,5,4,5,2,16,2,46,4,11,5,5,7,20,8,20,10,16,,67,,1,21,121.5238826,25.0222811
113,9,8,11,0,2,03中山區,中山區明水路與樂群一路口,0,0,1,1,B03,7,7,5,50,3,1,1,5,4,5,13,1,1,1,4,5,2,17,1,26,3,10,7,1,7,5,1,8,2,4,,108,,1,21,121.5509362,25.07796722
113,9,8,11,0,2,03中山區,中山區明水路與樂群一路口,0,0,1,2,C03,7,7,5,50,3,1,1,5,4,5,13,1,1,1,4,5,2,17,2,52,2,9,5,1,7,5,1,10,2,12,,44,,1,21,121.5509362,25.07796722
113,9,8,11,9,2,01大同區,大同區重慶北路3段與民族西路221巷口,0,0,1,1,B02,6,6,5,50,3,2,1,4,4,5,13,4,4,1,4,5,2,17,2,35,2,2,7,1,7,7,1,8,1,8,,108,,1,21,121.513677,25.0694762
113,9,8,11,9,2,01大同區,大同區重慶北路3段與民族西路221巷口,0,0,1,2,B02,6,6,5,50,3,2,1,4,4,5,13,4,4,1,4,5,2,17,2,42,3,10,7,1,7,14,1,8,1,2,,44,,1,21,121.513677,25.0694762
113,9,8,11,12,1,05中正區,中正區中華路2段165-2號前,1,0,0,2,B12,8,6,5,50,14,9,1,5,4,5,13,4,4,4,5,5,1,3,1,43,3,10,7,1,7,9,1,8,2,1,,108,,1,21,121.504178,25.03073577
113,9,8,11,12,1,05中正區,中正區中華路2段165-2號前,1,0,0,1,H01,8,6,5,50,14,9,1,5,4,5,13,4,4,4,5,5,1,3,1,54,1,1,4,5,8,16,8,20,10,16,,121,,1,21,121.504178,25.03073577
113,9,8,11,42,2,07信義區,信義區虎林街120巷與忠孝東路5段345巷口,0,0,2,1,C04,8,5,5,30,4,2,1,5,4,5,13,4,4,10,5,5,2,17,1,54,2,8,5,1,7,9,1,10,1,11,,72,,1,22,121.5740737,25.0421691
113,9,8,11,42,2,07信義區,信義區虎林街120巷與忠孝東路5段345巷口,0,0,2,2,C03,8,5,5,30,4,2,1,5,4,5,13,4,4,10,5,5,2,17,1,59,2,9,5,1,7,9,1,10,1,14,,14,,1,22,121.5740737,25.0421691
113,9,8,11,50,2,03中山區,中山區吉林路與德惠街口,0,0,1,1,C03,8,7,5,50,4,1,1,5,4,5,13,2,1,5,2,5,2,17,1,40,3,10,5,1,7,5,1,10,1,14,,8,,1,21,121.5304295,25.0664209
113,9,8,11,50,2,03中山區,中山區吉林路與德惠街口,0,0,1,2,C03,8,7,5,50,4,1,1,5,4,5,13,2,1,5,2,5,2,17,1,24,2,9,5,1,7,9,1,10,1,12,,108,,1,21,121.5304295,25.0664209
113,9,8,11,50,2,03中山區,中山區吉林路與德惠街口,0,0,1,3,C03,8,7,5,50,4,1,1,5,4,5,13,2,1,5,2,5,2,17,1,31,3,10,5,1,7,9,1,10,1,11,,16,,1,21,121.5304295,25.0664209
113,9,8,12,13,2,07信義區,信義區和平東路3段463巷與和平東路3段口口,0,0,1,1,C03,8,6,8,50,3,2,1,5,4,5,13,3,1,5,4,4,2,18,1,18,2,9,6,1,7,6,1,10,1,12,,42,,1,22,121.5590927,25.0186046
113,9,8,12,13,2,07信義區,信義區和平東路3段463巷與和平東路3段口口,0,0,1,2,,8,6,8,50,3,2,1,5,4,5,13,3,1,5,4,4,2,18,3,0,,,,,,,,,,,,67,,1,,121.5590927,25.0186046
113,9,8,12,58,2,12內湖區,內湖區內湖路2段103巷與文德路101巷口,0,0,1,1,B12,8,6,5,50,4,1,1,5,4,5,13,2,1,5,4,5,2,17,1,19,3,10,7,1,7,5,1,8,1,17,,8,,1,21,121.5827741,25.07979395
113,9,8,12,58,2,12內湖區,內湖區內湖路2段103巷與文德路101巷口,0,0,1,2,C03,8,6,5,50,4,1,1,5,4,5,13,2,1,5,4,5,2,17,1,68,2,9,6,1,7,9,1,10,1,14,,44,,1,21,121.5827741,25.07979395
113,9,8,14,10,2,03中山區,中山區長安東路2段與吉林路口,0,0,2,1,C03,8,7,5,50,4,1,1,5,4,5,13,1,1,9,4,5,2,17,2,52,2,8,5,1,7,5,1,10,2,12,,71,,1,21,121.5300636,25.0485432
113,9,8,14,10,2,03中山區,中山區長安東路2段與吉林路口,0,0,2,2,C03,8,7,5,50,4,1,1,5,4,5,13,1,1,9,4,5,2,17,1,36,2,7,5,1,7,9,1,10,2,11,,107,,1,21,121.5300636,25.0485432
113,9,8,14,39,2,08士林區,士林區福國路與德行西路94巷口,0,0,1,1,C03,8,5,5,50,3,4,1,5,4,5,13,2,1,1,2,5,2,12,1,54,2,8,6,1,7,7,1,10,2,13,,99,,1,21,121.521731,25.1018542
113,9,8,14,39,2,08士林區,士林區福國路與德行西路94巷口,0,0,1,2,B01,8,5,5,50,3,4,1,5,4,5,13,2,1,1,2,5,2,12,1,26,3,10,7,1,7,1,1,4,2,5,,44,,1,21,121.521731,25.1018542
113,9,8,14,57,2,01大同區,大同區寧夏路9號,0,0,1,2,F07,8,6,5,50,14,9,4,5,4,5,13,4,4,10,5,5,2,17,1,24,3,10,2,1,7,9,8,20,1,11,,42,,1,21,121.5148665,25.0545513
113,9,8,14,57,2,01大同區,大同區寧夏路9號,0,0,1,1,F01,8,6,5,50,14,9,4,5,4,5,13,4,4,10,5,5,2,17,1,84,2,8,4,1,7,11,8,20,1,11,,11,,1,21,121.5148665,25.0545513
113,9,8,14,58,2,06松山區,松山區塔悠路與撫遠街389巷口,0,0,1,1,B03,8,5,5,50,4,1,1,5,4,5,13,2,1,3,4,5,2,17,1,21,3,10,3,4,7,5,1,8,2,5,,71,,1,22,121.5680827,25.0652601
113,9,8,14,58,2,06松山區,松山區塔悠路與撫遠街389巷口,0,0,1,2,C03,8,5,5,50,4,1,1,5,4,5,13,2,1,3,4,5,2,17,1,19,2,9,6,4,7,9,1,10,2,11,,13,,1,22,121.5680827,25.0652601
113,9,8,16,10,2,03中山區,中山區民權東路2段與吉林路口,0,0,1,1,C03,8,7,5,50,4,1,1,5,4,3,13,2,1,1,4,5,2,13,2,44,2,9,5,4,7,9,1,10,1,11,,108,,1,21,121.5300896,25.06251351
113,9,8,16,10,2,03中山區,中山區民權東路2段與吉林路口,0,0,1,2,B12,8,7,5,50,4,1,1,5,4,3,13,2,1,1,4,5,2,13,1,44,3,10,3,4,7,14,1,10,1,7,,44,,1,21,121.5300896,25.06251351
113,9,8,16,30,2,07信義區,信義區忠孝東路4段508號,0,0,1,1,B02,8,7,5,50,14,9,1,5,4,5,13,4,4,3,4,5,2,12,1,48,3,10,3,4,7,8,1,8,1,5,,100,,1,21,121.562401,25.0411445
113,9,8,16,30,2,07信義區,信義區忠孝東路4段508號,0,0,1,2,B03,8,7,5,50,14,9,1,5,4,5,13,4,4,3,4,5,2,12,1,56,3,10,3,4,7,9,1,8,1,8,,44,,1,21,121.562401,25.0411445
113,9,8,16,30,2,07信義區,信義區忠孝東路4段508號,0,0,1,3,H02,8,7,5,50,14,9,1,5,4,5,13,4,4,3,4,5,2,12,2,58,2,7,3,5,7,21,8,20,10,16,,67,,1,21,121.562401,25.0411445
113,9,8,17,5,2,06松山區,松山區北寧路66號,0,0,1,2,F01,7,6,5,40,14,9,1,5,4,5,13,4,4,5,4,4,2,17,1,46,2,9,4,1,7,9,8,20,11,11,,87,,1,21,121.5527358,25.0508041
113,9,8,17,5,2,06松山區,松山區北寧路66號,0,0,1,1,B11,7,6,5,40,14,9,1,5,4,5,13,4,4,5,4,4,2,17,1,24,4,11,3,4,7,1,1,8,11,15,,19,,2,21,121.5527358,25.0508041
113,9,8,17,8,2,07信義區,信義區永吉路與松信路口,0,0,1,1,B03,8,7,5,50,14,9,1,5,4,5,13,1,1,9,4,5,2,12,1,59,3,10,3,4,7,9,1,8,2,2,,44,,1,21,121.5721355,25.0455205
113,9,8,17,8,2,07信義區,信義區永吉路與松信路口,0,0,1,2,C03,8,7,5,50,14,9,1,5,4,5,13,1,1,9,4,5,2,12,2,49,2,9,6,4,7,7,1,10,2,14,,100,,1,21,121.5721355,25.0455205
113,9,8,17,25,2,05中正區,中正區羅斯福路4段與羅斯福路4段196巷口,0,0,1,1,B03,8,6,5,50,3,1,1,5,4,5,13,4,4,1,4,5,1,12,1,51,3,10,7,1,7,7,1,8,1,7,,100,,1,21,121.5274417,25.01641203
113,9,8,17,25,2,05中正區,中正區羅斯福路4段與羅斯福路4段196巷口,0,0,1,2,C03,8,6,5,50,3,1,1,5,4,5,13,4,4,1,4,5,1,12,1,49,2,9,5,1,7,9,1,10,1,12,,44,,1,21,121.5274417,25.01641203
113,9,8,17,25,2,11南港區,南港區南港路2段138號與南港路2段口,0,0,2,1,C03,6,6,5,50,3,1,1,4,4,5,13,4,4,5,5,4,2,16,1,36,2,9,5,1,7,5,1,10,2,12,,8,,1,21,121.6011972,25.0534057
113,9,8,17,25,2,11南港區,南港區南港路2段138號與南港路2段口,0,0,2,2,C03,6,6,5,50,3,1,1,4,4,5,13,4,4,5,5,4,2,16,1,39,2,9,5,1,7,9,1,10,2,11,,13,,1,21,121.6011972,25.0534057
113,9,8,17,25,2,11南港區,南港區南港路2段138號與南港路2段口,0,0,2,3,B03,6,6,5,50,3,1,1,4,4,5,13,4,4,5,5,4,2,16,1,72,3,10,7,1,7,1,1,8,2,5,,19,,1,21,121.6011972,25.0534057
113,9,8,17,25,2,11南港區,南港區南港路2段138號與南港路2段口,0,0,2,4,C03,6,6,5,50,3,1,1,4,4,5,13,4,4,5,5,4,2,16,1,25,3,10,3,4,7,21,7,19,11,13,,44,,1,22,121.6011972,25.0534057
113,9,8,17,25,2,11南港區,南港區南港路2段138號與南港路2段口,0,0,2,5,C04,6,6,5,50,3,1,1,4,4,5,13,4,4,5,5,4,2,16,3,0,,,,,,,,,,,,67,,1,,121.6011972,25.0534057
113,9,8,17,25,2,11南港區,南港區南港路2段138號與南港路2段口,0,0,2,6,C04,6,6,5,50,3,1,1,4,4,5,13,4,4,5,5,4,2,16,3,0,,,,,,,,,,,,67,,1,,121.6011972,25.0534057
113,9,8,17,30,2,03中山區,中山區林森北路487號旁無名巷,0,0,2,1,C03,8,7,5,30,14,9,1,5,4,5,13,4,4,10,5,5,2,10,1,46,2,7,5,1,7,9,1,10,2,11,,5,,1,21,121.5268028,25.06123889
113,9,8,17,30,2,03中山區,中山區林森北路487號旁無名巷,0,0,2,2,C04,8,7,5,30,14,9,1,5,4,5,13,4,4,10,5,5,2,10,1,35,2,8,5,1,7,9,1,9,2,11,,5,,1,21,121.5268028,25.06123889
113,9,8,18,0,2,12內湖區,內湖區內湖路2段160號,0,0,2,1,B03,8,5,5,50,14,9,1,5,4,5,13,4,4,9,5,5,2,17,1,47,3,10,7,1,7,11,1,8,2,8,,10,,1,21,121.5836584,25.0801286
113,9,8,18,0,2,12內湖區,內湖區內湖路2段160號,0,0,2,2,C03,8,5,5,50,14,9,1,5,4,5,13,4,4,9,5,5,2,17,1,65,3,10,6,1,7,9,1,10,2,12,,44,,1,21,121.5836584,25.0801286
113,9,8,18,0,2,12內湖區,內湖區內湖路2段160號,0,0,2,3,C03,8,5,5,50,14,9,1,5,4,5,13,4,4,9,5,5,2,17,2,21,2,7,6,1,7,9,1,10,2,11,,44,,1,21,121.5836584,25.0801286
113,9,8,18,0,2,12內湖區,內湖區內湖路2段160號,0,0,2,4,H02,8,5,5,50,14,9,1,5,4,5,13,4,4,9,5,5,2,17,1,24,2,7,6,5,7,21,8,20,10,17,,67,,1,21,121.5836584,25.0801286
113,9,8,18,3,2,03中山區,中山區林森北路與新生北路2段62巷口,0,0,1,1,B03,8,5,5,50,4,1,1,5,4,5,13,1,1,5,5,5,2,16,1,34,3,10,7,1,7,11,1,8,1,4,,10,,1,21,121.5254862,25.0562405
113,9,8,18,3,2,03中山區,中山區林森北路與新生北路2段62巷口,0,0,1,2,C03,8,5,5,50,4,1,1,5,4,5,13,1,1,5,5,5,2,16,1,61,2,8,6,1,7,9,1,10,1,11,,44,,1,21,121.5254862,25.0562405
113,9,8,18,17,2,02萬華區,萬華區東園街66巷與東園街66巷7弄口,0,0,1,1,C04,8,5,5,30,3,2,1,5,4,5,13,4,4,10,5,5,2,17,2,66,3,10,3,4,7,9,1,8,1,11,,5,,1,22,121.4960823,25.0257572
113,9,8,18,17,2,02萬華區,萬華區東園街66巷與東園街66巷7弄口,0,0,1,2,C03,8,5,5,30,3,2,1,5,4,5,13,4,4,10,5,5,2,17,2,50,2,8,3,4,7,2,1,10,1,14,,42,,1,22,121.4960823,25.0257572
113,9,8,18,24,2,06松山區,松山區民權東路3段與民權東路3段153巷口,0,0,1,1,C03,8,5,5,50,4,1,1,5,4,5,13,2,1,3,4,5,2,17,1,36,3,10,6,4,7,9,1,10,1,17,,35,,1,22,121.5467205,25.0621623
113,9,8,18,24,2,06松山區,松山區民權東路3段與民權東路3段153巷口,0,0,1,2,C03,8,5,5,50,4,1,1,5,4,5,13,2,1,3,4,5,2,17,1,60,2,9,5,4,7,9,1,10,1,11,,44,,1,22,121.5467205,25.0621623
113,9,8,18,24,2,06松山區,松山區民權東路3段與民權東路3段153巷口,0,0,1,3,C03,8,5,5,50,4,1,1,5,4,5,13,2,1,3,4,5,2,17,2,39,3,10,6,4,7,12,1,10,11,17,,108,,1,22,121.5467205,25.0621623
113,9,8,18,30,2,12內湖區,內湖區內湖路1段298號,0,0,2,1,C03,6,5,5,50,3,1,1,4,4,5,13,1,1,1,4,4,2,16,2,29,2,9,6,1,7,11,1,10,2,12,,118,,1,21,121.5775525,25.0795493
113,9,8,18,30,2,12內湖區,內湖區內湖路1段298號,0,0,2,2,C03,6,5,5,50,3,1,1,4,4,5,13,1,1,1,4,4,2,16,2,30,2,9,6,1,7,9,1,10,2,14,,118,,1,21,121.5775525,25.0795493
113,9,8,18,30,2,07信義區,信義區福德街與林口街口,0,0,1,1,C03,7,5,5,30,4,1,1,5,4,5,13,1,1,1,4,5,1,23,1,47,2,9,6,1,7,9,1,10,1,11,,107,,1,21,121.5789272,25.0363502
113,9,8,18,30,2,07信義區,信義區福德街與林口街口,0,0,1,2,,7,5,5,30,4,1,1,5,4,5,13,1,1,1,4,5,1,23,3,0,,,,,,,,,10,,,67,,1,,121.5789272,25.0363502
113,9,8,19,39,2,12內湖區,內湖區金龍路與內湖路3段18巷口,0,0,1,1,C03,8,5,5,50,3,1,1,5,4,5,13,4,4,8,5,5,1,17,1,44,3,10,5,1,7,11,1,10,2,12,,10,,1,21,121.5939638,25.0847097
113,9,8,19,39,2,12內湖區,內湖區金龍路與內湖路3段18巷口,0,0,1,2,C03,8,5,5,50,3,1,1,5,4,5,13,4,4,8,5,5,1,17,1,21,2,9,6,1,7,9,1,10,9,14,,20,,1,21,121.5939638,25.0847097
113,9,8,19,39,2,12內湖區,內湖區金龍路與內湖路3段18巷口,0,0,1,3,C03,8,5,5,50,3,1,1,5,4,5,13,4,4,8,5,5,1,17,1,56,3,10,3,4,7,21,1,10,9,15,,44,,1,22,121.5939638,25.0847097
113,9,8,19,39,2,12內湖區,內湖區金龍路與內湖路3段18巷口,0,0,1,4,C03,8,5,5,50,3,1,1,5,4,5,13,4,4,8,5,5,1,17,3,0,,,,,,,,,,,,67,,1,,121.5939638,25.0847097
113,9,8,19,39,2,12內湖區,內湖區金龍路與內湖路3段18巷口,0,0,1,5,C03,8,5,5,50,3,1,1,5,4,5,13,4,4,8,5,5,1,17,2,36,3,10,3,4,7,21,7,19,11,12,,44,,1,21,121.5939638,25.0847097
113,9,8,19,39,2,12內湖區,內湖區金龍路與內湖路3段18巷口,0,0,1,6,C03,8,5,5,50,3,1,1,5,4,5,13,4,4,8,5,5,1,17,1,35,3,10,3,4,7,21,7,19,11,14,,44,,1,21,121.5939638,25.0847097
113,9,8,20,0,2,12內湖區,內湖區文德路214號旁,0,0,1,1,A04,8,5,5,40,14,8,1,5,4,5,13,4,4,1,4,4,2,9,1,50,3,10,7,1,7,14,1,2,2,17,,44,,1,21,121.5834586,25.07923227
113,9,8,20,0,2,12內湖區,內湖區文德路214號旁,0,0,1,2,H02,8,5,5,40,14,8,1,5,4,5,13,4,4,1,4,4,2,9,2,35,2,9,7,5,7,19,8,20,10,16,,56,,1,21,121.5834586,25.07923227
113,9,8,20,0,2,12內湖區,內湖區文德路214號旁,0,0,1,3,,8,5,5,40,14,8,1,5,4,5,13,4,4,1,4,4,2,9,3,0,,,,,,,,,,,,67,,1,,121.5834586,25.07923227
113,9,8,21,21,2,08士林區,士林區承德路5段與通河東街2段口,0,0,4,1,C03,8,5,5,40,14,11,1,5,4,5,13,1,1,10,3,4,1,13,1,21,2,8,5,1,7,9,1,10,1,11,,16,,1,21,121.5137213,25.0963568
113,9,8,21,21,2,08士林區,士林區承德路5段與通河東街2段口,0,0,4,4,H02,8,5,5,40,14,11,1,5,4,5,13,1,1,10,3,4,1,13,1,76,2,8,5,5,7,20,8,20,10,16,,67,,1,21,121.5137213,25.0963568
113,9,8,21,21,2,08士林區,士林區承德路5段與通河東街2段口,0,0,4,3,C03,8,5,5,40,14,11,1,5,4,5,13,1,1,10,3,4,1,13,2,70,2,8,5,1,7,9,1,10,1,14,,44,,1,21,121.5137213,25.0963568
113,9,8,21,21,2,08士林區,士林區承德路5段與通河東街2段口,0,0,4,2,C03,8,5,5,40,14,11,1,5,4,5,13,1,1,10,3,4,1,13,2,23,2,7,5,1,7,9,1,10,1,13,,44,,1,21,121.5137213,25.0963568
113,9,8,21,37,2,03中山區,中山區農安街15號,0,0,1,1,B03,7,5,5,50,14,9,1,5,4,5,13,4,4,9,5,5,2,16,1,42,3,10,3,4,7,11,1,8,1,6,,10,,1,21,121.5239734,25.0650984
113,9,8,21,37,2,03中山區,中山區農安街15號,0,0,1,2,C03,7,5,5,50,14,9,1,5,4,5,13,4,4,9,5,5,2,16,1,19,2,8,3,4,7,9,1,10,1,11,,107,,1,21,121.5239734,25.0650984
113,9,8,22,30,2,11南港區,南港區忠孝東路6段436號,0,0,1,1,B03,8,5,5,50,14,9,1,5,4,5,13,4,4,1,3,5,2,11,1,46,3,10,3,4,7,10,1,8,1,4,,100,,1,22,121.5935924,25.0502945
113,9,8,22,30,2,11南港區,南港區忠孝東路6段436號,0,0,1,2,B01,8,5,5,50,14,9,1,5,4,5,13,4,4,1,3,5,2,11,1,47,2,7,3,4,7,9,1,4,1,2,,44,,1,22,121.5935924,25.0502945
113,9,8,22,37,2,05中正區,中正區汀州路3段281號,0,0,1,1,C03,7,5,5,50,14,9,1,5,4,5,13,4,4,9,5,5,2,13,1,23,2,9,5,4,7,9,1,10,1,11,,16,,1,21,121.5357073,25.012116
113,9,8,22,37,2,05中正區,中正區汀州路3段281號,0,0,1,2,C03,7,5,5,50,14,9,1,5,4,5,13,4,4,9,5,5,2,13,1,24,3,10,5,4,7,9,1,10,1,13,,44,,1,21,121.5357073,25.012116
113,9,8,22,37,2,05中正區,中正區汀州路3段281號,0,0,1,3,H02,7,5,5,50,14,9,1,5,4,5,13,4,4,9,5,5,2,13,2,25,4,11,5,5,7,20,8,20,10,16,,67,,1,21,121.5357073,25.012116
113,9,8,22,57,2,01大同區,大同區安西街與涼州街口,0,0,1,1,C03,8,6,5,30,4,1,1,5,4,5,13,4,4,10,3,5,1,15,1,29,2,8,6,1,7,9,3,18,1,12,,72,,1,21,121.5099211,25.0605557
113,9,8,22,57,2,01大同區,大同區安西街與涼州街口,0,0,1,2,B03,8,6,5,30,4,1,1,5,4,5,13,4,4,10,3,5,1,15,1,35,3,10,3,4,7,9,1,8,1,1,,14,,1,21,121.5099211,25.0605557
113,9,8,23,29,2,07信義區,信義區莊敬路與莊敬路391巷口,0,0,1,1,C03,8,7,5,40,4,1,1,5,4,5,13,1,1,5,5,4,2,16,1,45,3,10,5,1,7,5,1,10,2,13,,8,,1,21,121.5654839,25.0274965
113,9,8,23,29,2,07信義區,信義區莊敬路與莊敬路391巷口,0,0,1,2,C03,8,7,5,40,4,1,1,5,4,5,13,1,1,5,5,4,2,16,1,28,2,8,5,1,7,9,1,10,2,11,,44,,1,21,121.5654839,25.0274965
113,9,9,0,6,2,10文山區,文山區新光路1段與秀明路2段口,0,0,1,1,B01,8,5,5,50,4,1,1,5,4,5,13,2,1,10,5,5,2,16,1,39,3,10,7,1,7,5,1,4,2,2,,71,,1,21,121.5737119,24.9916965
113,9,9,0,6,2,10文山區,文山區新光路1段與秀明路2段口,0,0,1,2,C03,8,5,5,50,4,1,1,5,4,5,13,2,1,10,5,5,2,16,2,20,2,9,6,1,7,9,1,10,1,11,,44,,1,21,121.5737119,24.9916965
113,9,9,1,5,2,12內湖區,內湖區民權東路6段296巷68號,0,0,1,1,B01,8,5,5,30,4,1,1,5,4,5,13,4,4,10,5,5,2,15,1,52,3,10,7,1,7,9,1,4,2,2,,80,,1,21,121.6088993,25.0702763
113,9,9,1,5,2,12內湖區,內湖區民權東路6段296巷68號,0,0,1,2,C03,8,5,5,30,4,1,1,5,4,5,13,4,4,10,5,5,2,15,1,43,2,9,5,1,7,9,1,10,2,11,,13,,1,21,121.6088993,25.0702763
113,9,9,5,43,2,08士林區,士林區福國路與文林路口,0,0,2,1,B03,8,6,5,50,5,2,1,5,4,5,13,1,1,10,4,5,1,17,1,61,3,10,7,1,7,5,1,8,2,2,,8,,1,21,121.5219065,25.10188276
113,9,9,5,43,2,08士林區,士林區福國路與文林路口,0,0,2,2,C03,8,6,5,50,5,2,1,5,4,5,13,1,1,10,4,5,1,17,1,39,2,9,6,1,7,5,1,10,2,14,,8,,1,21,121.5219065,25.10188276
113,9,9,5,43,2,08士林區,士林區福國路與文林路口,0,0,2,3,H02,8,6,5,50,5,2,1,5,4,5,13,1,1,10,4,5,1,17,1,38,2,9,6,5,7,20,8,20,10,16,,67,,1,21,121.5219065,25.10188276
113,9,9,6,33,2,07信義區,信義區信義路5段與松仁路口口,0,0,1,2,,8,5,8,50,4,1,1,5,4,5,13,1,1,1,4,5,2,18,3,0,,,,,,,,,,,,67,,1,,121.5681625,25.032698
113,9,9,6,33,2,07信義區,信義區信義路5段與松仁路口口,0,0,1,1,C03,8,5,8,50,4,1,1,5,4,5,13,1,1,1,4,5,2,18,1,51,2,9,6,1,7,6,1,10,9,11,,16,,1,22,121.5681625,25.032698
113,9,9,7,10,2,02萬華區,萬華區長順街與長順街107巷口,0,0,2,1,F01,8,5,8,30,4,1,1,5,4,5,13,4,4,10,5,5,2,17,1,12,2,9,3,4,7,15,8,20,1,14,,80,,1,14,121.4893522,25.03213489