發生年度,發生月,發生日,發生時-Hours,發生分,處理別-編號,區序,肇事地點,死亡人數,2-30日死亡人數,受傷人數,當事人序號,車種,天候,道路照明設備,道路類別,速限-速度限制,道路型態,事故位置,路面狀況1,路面狀況2,路面狀況3,道路障礙1,道路障礙2,號誌1,號誌2,車道劃分-分向,車道劃分-分道1,車道劃分-分道2,車道劃分-分道3,事故類型及型態,性別,年齡,受傷程度,主要傷處,保護裝置,行動電話,車輛用途,當事者行動狀態,駕駛資格情形,駕駛執照種類,飲酒情形,車輛撞擊部位1,車輛撞擊部位2,肇因碼-個別,肇因碼-主要,個人肇逃否,職業,座標-X,座標-Y
113,9,9,7,10,2,02萬華區,萬華區長順街與長順街107巷口,0,0,2,2,C03,8,5,8,30,4,1,1,5,4,5,13,4,4,10,5,5,2,17,1,41,2,8,3,4,7,15,1,10,1,11,,14,,1,21,121.4893522,25.03213489
113,9,9,7,12,2,01大同區,大同區承德路3段223號,0,0,1,1,B03,8,6,5,50,14,9,1,5,4,5,13,4,4,1,2,5,2,17,1,53,3,10,7,4,7,11,1,8,1,7,,92,,1,21,121.5184627,25.0701166
113,9,9,7,12,2,01大同區,大同區承德路3段223號,0,0,1,2,B03,8,6,5,50,14,9,1,5,4,5,13,4,4,1,2,5,2,17,1,47,2,7,7,4,7,9,1,8,1,1,,44,,1,21,121.5184627,25.0701166
113,9,9,7,21,2,12內湖區,內湖區康樂街131號,0,0,2,1,B03,8,5,5,50,14,9,1,5,4,5,12,4,4,9,4,5,1,17,1,61,3,10,7,1,7,1,1,8,1,8,,19,,1,22,121.6193616,25.0722266
113,9,9,7,21,2,12內湖區,內湖區康樂街131號,0,0,2,2,C03,8,5,5,50,14,9,1,5,4,5,12,4,4,9,4,5,1,17,1,53,2,9,5,1,7,9,1,10,1,12,,44,,1,21,121.6193616,25.0722266
113,9,9,7,21,2,12內湖區,內湖區康樂街131號,0,0,2,3,H02,8,5,5,50,14,9,1,5,4,5,12,4,4,9,4,5,1,17,1,15,2,9,5,5,7,20,8,20,10,16,,67,,1,21,121.6193616,25.0722266
113,9,9,7,21,2,07信義區,信義區市民大道6段288號,0,0,2,1,H01,8,6,5,40,14,9,1,5,4,5,13,4,4,9,4,5,2,3,1,15,2,9,4,5,8,18,8,20,1,16,,121,,1,15,121.5781075,25.0488998
113,9,9,7,21,2,07信義區,信義區市民大道6段288號,0,0,2,2,C03,8,6,5,40,14,9,1,5,4,5,13,4,4,9,4,5,2,3,1,26,2,9,5,1,7,9,1,10,1,11,,107,,1,21,121.5781075,25.0488998
113,9,9,7,40,2,01大同區,大同區迪化街2段296巷與迪化街2段口,0,0,1,1,B03,8,6,5,30,4,1,1,5,4,5,13,4,4,10,5,5,2,15,1,40,3,10,7,1,7,9,1,8,2,2,,72,,1,22,121.5118528,25.0713177
113,9,9,7,40,2,01大同區,大同區迪化街2段296巷與迪化街2段口,0,0,1,2,C03,8,6,5,30,4,1,1,5,4,5,13,4,4,10,5,5,2,15,2,29,2,9,6,1,7,9,1,10,2,11,,44,,1,22,121.5118528,25.0713177
113,9,9,7,45,2,05中正區,中正區和平西路1段90號前,0,0,3,1,B03,8,6,5,50,14,8,1,5,4,5,13,4,4,2,4,4,1,17,1,54,3,10,7,1,7,8,1,8,1,17,,100,,1,21,121.5183739,25.0265689
113,9,9,7,45,2,05中正區,中正區和平西路1段90號前,0,0,3,2,C03,8,6,5,50,14,8,1,5,4,5,13,4,4,2,4,4,1,17,1,44,2,9,5,1,7,9,1,10,1,11,,108,,1,21,121.5183739,25.0265689
113,9,9,7,45,2,05中正區,中正區和平西路1段90號前,0,0,3,3,C03,8,6,5,50,14,8,1,5,4,5,13,4,4,2,4,4,1,17,1,31,2,9,5,1,7,12,1,10,1,13,,44,,1,21,121.5183739,25.0265689
113,9,9,7,45,2,05中正區,中正區和平西路1段90號前,0,0,3,4,C03,8,6,5,50,14,8,1,5,4,5,13,4,4,2,4,4,1,17,2,38,2,9,5,1,7,12,1,10,1,12,,44,,1,21,121.5183739,25.0265689
113,9,9,7,52,2,11南港區,南港區忠孝東路6段482號,0,0,1,1,C03,8,6,5,50,14,9,1,5,4,5,13,2,1,3,4,5,2,16,1,43,2,9,6,1,7,1,1,10,1,14,,19,,1,21,121.5949908,25.0505628
113,9,9,7,52,2,11南港區,南港區忠孝東路6段482號,0,0,1,2,B03,8,6,5,50,14,9,1,5,4,5,13,2,1,3,4,5,2,16,2,55,3,10,7,1,7,9,1,8,1,5,,44,,1,21,121.5949908,25.0505628
113,9,9,7,54,2,07信義區,信義區基隆路汽機車混合地下道往北,0,0,4,3,C03,8,6,8,50,22,22,1,5,4,5,13,4,4,5,4,5,2,29,1,26,2,7,6,1,7,9,1,10,2,11,,44,,1,22,121.5610598,25.0354227
113,9,9,7,54,2,07信義區,信義區基隆路汽機車混合地下道往北,0,0,4,1,A04,8,6,8,50,22,22,1,5,4,5,13,4,4,5,4,5,2,29,1,54,2,9,7,1,7,9,1,6,2,9,,89,,1,21,121.5610598,25.0354227
113,9,9,7,54,2,07信義區,信義區基隆路汽機車混合地下道往北,0,0,4,2,,8,6,8,50,22,22,1,5,4,5,13,4,4,5,4,5,2,29,3,62,,,,,,,,,,,,67,,1,,121.5610598,25.0354227
113,9,9,7,54,2,07信義區,信義區基隆路汽機車混合地下道往北,0,0,4,4,H02,8,6,8,50,22,22,1,5,4,5,13,4,4,5,4,5,2,29,2,70,2,1,7,5,7,19,8,20,10,16,,67,,1,22,121.5610598,25.0354227
113,9,9,7,54,2,07信義區,信義區基隆路汽機車混合地下道往北,0,0,4,5,H02,8,6,8,50,22,22,1,5,4,5,13,4,4,5,4,5,2,29,2,69,2,9,7,5,7,19,8,20,10,16,,67,,1,22,121.5610598,25.0354227
113,9,9,8,24,2,07信義區,信義區基隆路1段180號,0,0,3,1,B03,8,6,5,50,14,9,1,5,4,5,13,4,4,1,4,5,2,13,1,29,2,2,7,1,7,9,1,8,1,1,,16,,1,21,121.5649385,25.0422035
113,9,9,8,24,2,07信義區,信義區基隆路1段180號,0,0,3,2,B01,8,6,5,50,14,9,1,5,4,5,13,4,4,1,4,5,2,13,1,31,2,2,7,1,7,14,1,4,1,3,,44,,1,21,121.5649385,25.0422035
113,9,9,8,24,2,07信義區,信義區基隆路1段180號,0,0,3,3,H02,8,6,5,50,14,9,1,5,4,5,13,4,4,1,4,5,2,13,1,35,2,9,2,5,7,17,8,20,10,16,,58,,1,21,121.5649385,25.0422035
113,9,9,8,27,2,07信義區,信義區信義路5段(象山站3號出口),0,0,1,1,B03,7,5,5,50,14,9,1,5,4,5,13,4,4,5,5,5,2,12,1,45,3,10,7,1,7,8,1,8,2,2,,100,,1,21,121.5706334,25.032892
113,9,9,8,27,2,07信義區,信義區信義路5段(象山站3號出口),0,0,1,2,C03,7,5,5,50,14,9,1,5,4,5,13,4,4,5,5,5,2,12,1,17,2,9,5,1,7,9,2,18,2,14,,13,,1,21,121.5706334,25.032892
113,9,9,8,29,2,07信義區,信義區市民大道5段38號,0,0,1,1,C03,8,6,5,50,14,9,1,5,4,5,13,4,4,1,4,5,2,12,1,71,3,10,5,1,7,10,1,10,1,11,,99,,1,21,121.5604148,25.0461036
113,9,9,8,29,2,07信義區,信義區市民大道5段38號,0,0,1,3,C03,8,6,5,50,14,9,1,5,4,5,13,4,4,1,4,5,2,12,2,23,3,10,5,1,7,9,1,10,1,11,,44,,1,21,121.5604148,25.0461036
113,9,9,8,29,2,07信義區,信義區市民大道5段38號,0,0,1,2,C03,8,6,5,50,14,9,1,5,4,5,13,4,4,1,4,5,2,12,1,37,2,7,5,1,7,9,1,10,1,14,,44,,1,21,121.5604148,25.0461036
113,9,9,8,30,2,03中山區,中山區長安東路2段與長安東路2段153巷口,0,0,4,1,B03,8,7,5,50,3,1,1,5,4,5,13,2,1,5,4,5,2,16,1,39,2,2,3,4,7,5,1,8,1,6,,8,,1,21,121.5390763,25.0483826
113,9,9,8,30,2,03中山區,中山區長安東路2段與長安東路2段153巷口,0,0,4,2,C03,8,7,5,50,3,1,1,5,4,5,13,2,1,5,4,5,2,16,1,32,2,9,6,4,7,9,1,9,1,12,,108,,1,21,121.5390763,25.0483826
113,9,9,8,30,2,03中山區,中山區長安東路2段與長安東路2段153巷口,0,0,4,3,H02,8,7,5,50,3,1,1,5,4,5,13,2,1,5,4,5,2,16,2,29,2,9,6,5,7,20,8,20,10,16,,67,,1,21,121.5390763,25.0483826
113,9,9,8,30,2,03中山區,中山區長安東路2段與長安東路2段153巷口,0,0,4,4,H02,8,7,5,50,3,1,1,5,4,5,13,2,1,5,4,5,2,16,2,3,2,4,6,5,7,20,8,20,10,16,,67,,1,21,121.5390763,25.0483826
113,9,9,8,36,2,08士林區,士林區仰德大道2段與仰德大道2段134巷口,0,0,1,1,C03,8,6,5,40,3,2,1,5,4,5,13,2,1,9,2,5,1,13,1,33,3,10,5,1,7,9,1,10,1,11,,108,,1,21,121.5472971,25.10960767
113,9,9,8,36,2,08士林區,士林區仰德大道2段與仰德大道2段134巷口,0,0,1,2,C03,8,6,5,40,3,2,1,5,4,5,13,2,1,9,2,5,1,13,2,19,2,9,5,1,7,12,1,10,1,13,,44,,1,21,121.5472971,25.10960767
113,9,9,8,37,2,07信義區,信義區基隆路2段與基隆路2段79巷口口,0,0,1,1,B03,8,5,8,50,22,22,1,5,4,5,13,1,1,1,4,5,2,17,1,60,3,10,7,1,7,6,1,4,1,5,,85,,1,22,121.557756,25.0298752
113,9,9,8,37,2,07信義區,信義區基隆路2段與基隆路2段79巷口口,0,0,1,2,C03,8,5,8,50,22,22,1,5,4,5,13,1,1,1,4,5,2,17,1,24,2,9,6,1,7,9,1,10,1,14,,107,,1,22,121.557756,25.0298752
113,9,9,8,42,2,04大安區,大安區辛亥路2段145號,0,0,2,1,B12,8,7,5,50,14,9,1,5,4,5,13,1,1,1,3,5,1,13,2,67,2,8,7,1,7,9,1,8,1,1,,108,,1,21,121.5386086,25.0217447
113,9,9,8,42,2,04大安區,大安區辛亥路2段145號,0,0,2,2,B02,8,7,5,50,14,9,1,5,4,5,13,1,1,1,3,5,1,13,1,39,2,2,7,1,7,14,1,16,1,3,,44,,1,21,121.5386086,25.0217447
113,9,9,8,42,2,04大安區,大安區辛亥路2段145號,0,0,2,3,B03,8,7,5,50,14,9,1,5,4,5,13,1,1,1,3,5,1,13,1,58,3,10,7,1,7,14,1,8,1,3,,44,,1,21,121.5386086,25.0217447
113,9,9,8,48,2,01大同區,大同區承德路3段與民族西路口,0,0,1,1,C03,8,6,5,50,4,1,1,5,4,5,13,2,1,1,4,5,2,17,1,26,3,10,5,4,7,8,1,10,1,12,,101,,1,21,121.5191138,25.0684624
113,9,9,8,48,2,01大同區,大同區承德路3段與民族西路口,0,0,1,2,C03,8,6,5,50,4,1,1,5,4,5,13,2,1,1,4,5,2,17,2,45,2,9,5,4,7,9,1,9,1,14,,44,,1,21,121.5191138,25.0684624
113,9,9,9,12,2,12內湖區,內湖區金豐街18號,0,0,1,1,B03,8,6,5,50,14,9,1,5,4,5,13,4,4,9,5,5,2,17,1,74,3,10,7,1,7,9,1,8,2,2,,17,,1,21,121.5868521,25.06574423
113,9,9,9,12,2,12內湖區,內湖區金豐街18號,0,0,1,2,C04,8,6,5,50,14,9,1,5,4,5,13,4,4,9,5,5,2,17,2,48,2,9,6,1,7,9,1,10,2,14,,44,,1,21,121.5868521,25.06574423
113,9,9,9,15,2,05中正區,中正區杭州南路1段與銅山街口,0,0,1,1,C03,8,7,5,50,4,1,1,5,4,5,13,1,1,10,4,5,2,17,1,62,3,10,5,1,7,6,1,10,2,13,,9,,1,21,121.5257828,25.0401744
113,9,9,9,15,2,05中正區,中正區杭州南路1段與銅山街口,0,0,1,2,C03,8,7,5,50,4,1,1,5,4,5,13,1,1,10,4,5,2,17,2,40,2,9,5,1,7,9,1,10,2,11,,44,,1,21,121.5257828,25.0401744
113,9,9,9,28,2,03中山區,中山區中山北路1段與南京東路1段口,0,0,3,1,C03,8,5,5,50,4,2,1,5,4,5,13,1,1,1,4,1,2,16,2,18,2,8,6,1,7,7,1,10,1,14,,100,,1,21,121.5226408,25.0522213
113,9,9,9,28,2,03中山區,中山區中山北路1段與南京東路1段口,0,0,3,2,C03,8,5,5,50,4,2,1,5,4,5,13,1,1,1,4,1,2,16,1,18,2,9,6,1,7,9,1,10,1,12,,44,,1,21,121.5226408,25.0522213
113,9,9,9,28,2,03中山區,中山區中山北路1段與南京東路1段口,0,0,3,3,C03,8,5,5,50,4,2,1,5,4,5,13,1,1,1,4,1,2,16,1,32,2,7,6,1,7,9,1,10,1,12,,44,,1,21,121.5226408,25.0522213
113,9,9,9,29,2,08士林區,士林區承德路5段與士商路口,0,0,2,1,B03,8,6,5,60,5,1,1,5,4,5,13,2,1,1,4,5,1,17,2,32,3,10,7,1,7,6,1,8,2,2,,9,,1,21,121.5142263,25.09605815
113,9,9,9,29,2,08士林區,士林區承德路5段與士商路口,0,0,2,2,C03,8,6,5,60,5,1,1,5,4,5,13,2,1,1,4,5,1,17,1,24,2,8,5,1,7,1,1,10,2,14,,44,,1,21,121.5142263,25.09605815
113,9,9,9,29,2,08士林區,士林區承德路5段與士商路口,0,0,2,3,C03,8,6,5,60,5,1,1,5,4,5,13,2,1,1,4,5,1,17,1,19,2,9,5,1,7,15,1,10,2,14,,16,,1,21,121.5142263,25.09605815
113,9,9,9,52,2,04大安區,大安區市民大道3段與安東街40巷口,0,0,1,1,B01,8,6,5,40,3,1,1,5,4,5,13,4,4,1,4,5,2,16,1,57,3,10,7,1,7,6,1,4,1,5,,9,,1,21,121.540647,25.0444334
113,9,9,9,52,2,04大安區,大安區市民大道3段與安東街40巷口,0,0,1,2,C03,8,6,5,40,3,1,1,5,4,5,13,4,4,1,4,5,2,16,1,46,2,9,6,1,7,9,1,10,1,14,,44,,1,21,121.540647,25.0444334
113,9,9,9,58,2,10文山區,文山區木柵路1段277號,0,0,1,1,B03,8,6,5,50,14,9,2,5,4,5,13,4,4,5,4,5,2,17,1,62,3,10,3,4,7,1,1,8,2,8,,10,,1,21,121.5536413,24.9880586
113,9,9,9,58,2,10文山區,文山區木柵路1段277號,0,0,1,2,C01,8,6,5,50,14,9,2,5,4,5,13,4,4,5,4,5,2,17,1,22,2,9,5,4,7,9,1,9,2,11,,13,,1,21,121.5536413,24.9880586
113,9,9,9,58,2,12內湖區,內湖區民權東路6段11巷與瑞湖街口,0,0,2,1,C03,8,5,5,50,4,18,1,5,4,5,13,2,1,5,4,5,1,3,1,41,2,9,5,1,7,5,6,18,1,11,,70,,1,21,121.5768223,25.0675403
113,9,9,9,58,2,12內湖區,內湖區民權東路6段11巷與瑞湖街口,0,0,2,2,H01,8,5,5,50,4,18,1,5,4,5,13,2,1,5,4,5,1,3,2,31,2,9,4,5,8,16,8,20,10,16,,67,,1,21,121.5768223,25.0675403
113,9,9,10,55,2,08士林區,士林區大東路與福德路口,0,0,2,1,C03,8,5,8,50,4,1,1,5,4,5,13,2,1,5,5,5,2,16,2,71,2,8,3,4,7,5,1,10,1,11,,2,,1,22,121.5253923,25.0920578
113,9,9,10,55,2,08士林區,士林區大東路與福德路口,0,0,2,2,C03,8,5,8,50,4,1,1,5,4,5,13,2,1,5,5,5,2,16,1,43,2,7,3,4,7,9,1,10,1,11,,44,,1,22,121.5253923,25.0920578
113,9,9,10,57,2,11南港區,南港區三重路與新民街口,0,0,1,1,B12,8,6,5,50,3,19,1,5,4,5,13,2,1,5,4,5,2,3,1,67,3,10,7,1,7,5,1,8,1,8,,108,,1,21,121.6140106,25.0562702
113,9,9,10,57,2,11南港區,南港區三重路與新民街口,0,0,1,2,H01,8,6,5,50,3,19,1,5,4,5,13,2,1,5,4,5,2,3,1,52,2,9,4,5,8,16,8,20,1,16,,121,,1,21,121.6140106,25.0562702
113,9,9,10,59,2,05中正區,中正區永福橋與水源路口匝道,0,0,1,1,C04,8,7,5,30,3,2,1,5,4,5,13,4,4,5,5,5,2,17,2,66,3,10,6,1,7,7,3,18,11,17,,118,,2,22,121.5282702,25.0117311
113,9,9,10,59,2,05中正區,中正區永福橋與水源路口匝道,0,0,1,2,C03,8,7,5,30,3,2,1,5,4,5,13,4,4,5,5,5,2,17,1,42,2,1,6,1,7,9,1,10,2,17,,118,,1,21,121.5282702,25.0117311
113,9,9,11,3,2,04大安區,大安區市民大道4段68巷與市民大道4段口,0,0,1,1,C03,8,7,5,40,3,2,1,5,4,5,13,4,4,8,3,5,1,12,1,38,3,10,5,1,7,6,1,10,1,12,,9,,1,26,121.5472099,25.0449153
113,9,9,11,3,2,04大安區,大安區市民大道4段68巷與市民大道4段口,0,0,1,2,C03,8,7,5,40,3,2,1,5,4,5,13,4,4,8,3,5,1,12,1,56,2,9,5,1,7,9,1,10,1,11,,14,,1,26,121.5472099,25.0449153
113,9,9,11,40,2,05中正區,中正區博愛路與開封街1段口,0,0,1,1,B03,8,6,5,50,4,1,1,5,4,5,13,1,1,10,4,5,2,3,1,49,3,10,7,1,7,5,1,8,2,8,,70,,1,22,121.5112078,25.0459976
113,9,9,11,40,2,05中正區,中正區博愛路與開封街1段口,0,0,1,2,H01,8,6,5,50,4,1,1,5,4,5,13,1,1,10,4,5,2,3,2,67,2,9,4,5,8,16,8,20,10,16,,67,,1,22,121.5112078,25.0459976
113,9,9,11,40,2,10文山區,文山區木柵路4段139號,0,0,1,1,A02,8,6,5,50,14,9,1,5,4,5,13,4,4,5,4,5,2,9,1,60,3,10,7,1,7,14,1,2,9,17,,118,,1,21,121.5742368,24.9979535
113,9,9,11,40,2,10文山區,文山區木柵路4段139號,0,0,1,2,H02,8,6,5,50,14,9,1,5,4,5,13,4,4,5,4,5,2,9,2,73,2,4,2,5,7,20,8,20,10,16,,60,,1,22,121.5742368,24.9979535
113,9,9,11,54,2,10文山區,文山區木新路2段與木新路2段79巷口,0,0,1,1,B03,8,6,5,30,3,2,1,5,4,5,13,4,4,5,4,5,2,16,1,34,3,10,7,1,7,5,1,8,1,1,,8,,1,21,121.5703847,24.9851195
113,9,9,11,54,2,10文山區,文山區木新路2段與木新路2段79巷口,0,0,1,2,C03,8,6,5,30,3,2,1,5,4,5,13,4,4,5,4,5,2,16,1,48,2,9,6,1,7,9,1,10,1,14,,14,,1,21,121.5703847,24.9851195
113,9,9,12,30,2,05中正區,中正區延平南路與愛國西路口,0,0,1,1,B03,8,6,5,50,5,1,1,5,4,5,13,2,1,1,3,4,1,16,2,38,3,10,7,1,7,6,1,8,1,2,,9,,1,21,121.5078954,25.0365989
113,9,9,12,30,2,05中正區,中正區延平南路與愛國西路口,0,0,1,2,C03,8,6,5,50,5,1,1,5,4,5,13,2,1,1,3,4,1,16,2,29,2,9,5,1,7,9,1,10,1,14,,13,,1,21,121.5078954,25.0365989
113,9,9,12,40,2,03中山區,中山區北安路與北安路821巷口,0,0,2,1,C03,8,7,5,50,4,2,1,5,4,5,13,2,1,1,4,5,2,13,2,19,2,9,6,4,7,9,1,10,1,11,,16,,1,21,121.5565616,25.08469938
113,9,9,12,40,2,03中山區,中山區北安路與北安路821巷口,0,0,2,2,C03,8,7,5,50,4,2,1,5,4,5,13,2,1,1,4,5,2,13,2,23,2,9,6,4,7,9,1,10,1,13,,44,,1,21,121.5565616,25.08469938
113,9,9,12,48,2,02萬華區,萬華區內江街98號,0,0,1,1,C03,8,7,5,50,14,9,1,5,4,5,13,4,4,10,4,5,2,17,2,65,3,10,6,1,7,8,3,18,1,17,,100,,1,21,121.5038363,25.04152325
113,9,9,12,48,2,02萬華區,萬華區內江街98號,0,0,1,2,A02,8,7,5,50,14,9,1,5,4,5,13,4,4,10,4,5,2,17,2,49,3,10,7,1,7,1,1,2,1,17,,19,,1,21,121.5038363,25.04152325
113,9,9,12,48,2,02萬華區,萬華區內江街98號,0,0,1,3,H02,8,7,5,50,14,9,1,5,4,5,13,4,4,10,4,5,2,17,2,64,2,9,4,5,7,20,8,20,10,16,,67,,1,21,121.5038363,25.04152325
113,9,9,12,53,2,08士林區,士林區前港街與後港街口,0,0,2,1,C03,8,7,5,30,4,1,1,5,4,5,13,4,4,10,5,5,2,17,1,40,2,7,5,1,7,9,1,10,1,11,,72,,1,21,121.522601,25.08473445
113,9,9,12,53,2,08士林區,士林區前港街與後港街口,0,0,2,2,C03,8,7,5,30,4,1,1,5,4,5,13,4,4,10,5,5,2,17,2,52,2,7,5,1,7,5,1,10,1,11,,8,,1,21,121.522601,25.08473445
113,9,9,12,57,2,04大安區,大安區金山南路2段與金華街口,0,0,1,1,B02,8,6,5,50,4,1,1,5,4,5,13,2,1,10,5,5,2,16,2,32,3,10,3,4,7,1,1,8,1,8,,19,,1,22,121.5265238,25.0303181
113,9,9,12,57,2,04大安區,大安區金山南路2段與金華街口,0,0,1,2,C03,8,6,5,50,4,1,1,5,4,5,13,2,1,10,5,5,2,16,2,32,2,9,2,4,7,9,1,10,1,12,,44,,1,22,121.5265238,25.0303181
113,9,9,13,40,2,12內湖區,內湖區陽光街與瑞湖街口,0,0,1,1,B01,8,5,5,50,4,1,1,5,4,5,13,1,1,5,5,5,1,16,1,29,3,10,7,1,7,11,1,4,1,2,,44,,1,21,121.5760565,25.0728526
113,9,9,13,40,2,12內湖區,內湖區陽光街與瑞湖街口,0,0,1,2,C03,8,5,5,50,4,1,1,5,4,5,13,1,1,5,5,5,1,16,1,31,2,8,6,1,7,9,1,10,1,11,,81,,1,21,121.5760565,25.0728526
113,9,9,13,45,2,08士林區,士林區中正路與延平北路6段口,0,0,2,2,B02,8,6,5,50,4,2,1,5,4,5,13,2,1,1,4,5,2,12,1,51,3,10,7,1,7,9,1,4,1,2,,44,,1,21,121.5095466,25.0869678
113,9,9,13,45,2,08士林區,士林區中正路與延平北路6段口,0,0,2,1,C03,8,6,5,50,4,2,1,5,4,5,13,2,1,1,4,5,2,12,1,76,2,9,6,1,7,7,1,10,1,14,,100,,1,21,121.5095466,25.0869678
113,9,9,13,45,2,08士林區,士林區中正路與延平北路6段口,0,0,2,3,H02,8,6,5,50,4,2,1,5,4,5,13,2,1,1,4,5,2,12,2,70,2,9,6,5,7,17,8,20,10,16,,67,,1,21,121.5095466,25.0869678
113,9,9,13,47,2,02萬華區,萬華區萬大路與萬大路329巷口口,0,0,1,1,C03,8,6,5,30,4,1,1,5,4,5,13,1,1,1,3,5,1,17,2,23,2,8,3,4,7,5,1,10,1,13,,8,,1,21,121.5001158,25.0244233
113,9,9,13,47,2,02萬華區,萬華區萬大路與萬大路329巷口口,0,0,1,2,B03,8,6,5,30,4,1,1,5,4,5,13,1,1,1,3,5,1,17,1,37,3,10,3,4,7,9,1,8,1,1,,44,,1,21,121.5001158,25.0244233
113,9,9,13,50,2,01大同區,大同區民權西路與民權西路144巷口口,0,0,1,1,B01,8,6,5,50,4,1,1,5,4,5,13,2,1,1,4,5,2,17,1,57,3,10,7,1,7,8,1,4,9,17,,100,,2,21,121.5160008,25.0628725
113,9,9,13,50,2,01大同區,大同區民權西路與民權西路144巷口口,0,0,1,2,C03,8,6,5,50,4,1,1,5,4,5,13,2,1,1,4,5,2,17,2,41,3,10,6,1,7,8,1,10,2,17,,42,,1,21,121.5160008,25.0628725
113,9,9,13,50,2,01大同區,大同區民權西路與民權西路144巷口口,0,0,1,3,C03,8,6,5,50,4,1,1,5,4,5,13,2,1,1,4,5,2,17,2,26,2,8,6,1,7,9,1,10,2,12,,42,,1,21,121.5160008,25.0628725
113,9,9,14,17,2,03中山區,中山區民族東路70號,0,0,1,1,C03,8,5,5,50,14,9,1,5,4,5,13,4,4,5,4,5,2,13,2,60,2,9,3,4,7,9,1,11,2,11,,44,,1,21,121.5262693,25.0683404
113,9,9,14,17,2,03中山區,中山區民族東路70號,0,0,1,2,B01,8,5,5,50,14,9,1,5,4,5,13,4,4,5,4,5,2,13,1,50,3,10,3,4,7,8,1,4,2,3,,100,,1,21,121.5262693,25.0683404
113,9,9,14,21,2,12內湖區,內湖區民權大橋東向西上橋處,0,0,2,1,C03,8,6,5,40,8,11,1,5,4,5,13,4,4,9,4,5,2,13,1,41,2,9,6,1,7,9,1,10,1,11,,16,,1,21,121.5783913,25.0663404
113,9,9,14,21,2,12內湖區,內湖區民權大橋東向西上橋處,0,0,2,2,C03,8,6,5,40,8,11,1,5,4,5,13,4,4,9,4,5,2,13,2,22,2,9,6,1,7,9,1,9,1,13,,44,,1,21,121.5783913,25.0663404
113,9,9,14,21,2,12內湖區,內湖區民權大橋東向西上橋處,0,0,2,3,B03,8,6,5,40,8,11,1,5,4,5,13,4,4,9,4,5,2,13,1,54,3,10,7,1,7,7,1,8,9,17,,99,,2,21,121.5783913,25.0663404
113,9,9,14,29,2,03中山區,中山區林森北路與新生北路2段68巷口,0,0,1,1,B01,8,7,5,30,3,1,1,5,4,5,13,4,4,4,5,5,1,17,1,53,3,10,7,1,7,5,1,4,1,5,,72,,1,21,121.5255105,25.05669893
113,9,9,14,29,2,03中山區,中山區林森北路與新生北路2段68巷口,0,0,1,2,C03,8,7,5,30,3,1,1,5,4,5,13,4,4,4,5,5,1,17,1,51,2,7,5,1,7,9,1,10,1,14,,44,,1,21,121.5255105,25.05669893
113,9,9,14,31,2,04大安區,大安區基隆路2段與敦化南路2段口,0,0,1,1,C03,8,7,5,50,3,2,1,5,4,5,13,2,1,1,4,4,1,17,1,70,2,9,6,1,7,9,1,10,1,11,,108,,1,21,121.5488786,25.0212181
113,9,9,14,31,2,04大安區,大安區基隆路2段與敦化南路2段口,0,0,1,2,C03,8,7,5,50,3,2,1,5,4,5,13,2,1,1,4,4,1,17,1,26,3,10,6,1,7,9,1,10,1,13,,44,,1,21,121.5488786,25.0212181
113,9,9,14,41,2,10文山區,文山區羅斯福路5段195號前,0,0,1,1,C03,8,6,5,50,14,9,1,5,4,3,13,4,4,1,4,5,2,17,1,20,3,10,6,1,7,12,1,10,1,13,,42,,1,21,121.5388328,25.0025583
113,9,9,14,41,2,10文山區,文山區羅斯福路5段195號前,0,0,1,2,C03,8,6,5,50,14,9,1,5,4,3,13,4,4,1,4,5,2,17,2,32,2,9,6,1,7,9,1,10,1,11,,108,,1,21,121.5388328,25.0025583
113,9,9,14,51,2,10文山區,文山區木柵路3段48巷1弄與興隆路4段109巷口,0,0,2,1,B03,7,6,5,30,3,2,2,5,4,5,13,4,4,10,5,5,2,17,2,46,2,8,3,4,7,5,1,8,1,2,,72,,1,21,121.5644992,24.98799585
113,9,9,14,51,2,10文山區,文山區木柵路3段48巷1弄與興隆路4段109巷口,0,0,2,2,B12,7,6,5,30,3,2,2,5,4,5,13,4,4,10,5,5,2,17,1,32,2,8,3,4,7,9,1,2,1,8,,35,,1,21,121.5644992,24.98799585
113,9,9,15,8,2,10文山區,文山區木新路3段與興隆路4段口,0,0,2,1,C03,8,5,5,50,3,1,1,5,4,5,13,2,1,10,5,4,2,16,2,71,2,9,5,1,7,5,3,18,2,11,,71,,1,22,121.5625441,24.9821769
113,9,9,15,8,2,10文山區,文山區木新路3段與興隆路4段口,0,0,2,2,C03,8,5,5,50,3,1,1,5,4,5,13,2,1,10,5,4,2,16,1,50,2,9,6,1,7,9,1,10,2,11,,13,,1,21,121.5625441,24.9821769
113,9,9,15,8,2,10文山區,文山區木新路3段與興隆路4段口,0,0,2,3,C03,8,5,5,50,3,1,1,5,4,5,13,2,1,10,5,4,2,16,1,32,3,10,6,1,7,13,1,10,11,13,,38,,1,21,121.5625441,24.9821769
113,9,9,15,8,2,10文山區,文山區木新路3段與興隆路4段口,0,0,2,4,B03,8,5,5,50,3,1,1,5,4,5,13,2,1,10,5,4,2,16,1,57,3,10,3,1,7,13,1,8,11,6,,44,,1,21,121.5625441,24.9821769
113,9,9,15,17,2,10文山區,文山區下崙路與下崙路11巷口,0,0,1,1,C03,8,5,5,50,3,2,1,5,4,5,13,4,4,10,5,5,1,17,1,20,2,9,5,1,7,5,1,10,1,12,,72,,1,21,121.5600635,24.9865783