發生年度,發生月,發生日,發生時-Hours,發生分,處理別-編號,區序,肇事地點,死亡人數,2-30日死亡人數,受傷人數,當事人序號,車種,天候,道路照明設備,道路類別,速限-速度限制,道路型態,事故位置,路面狀況1,路面狀況2,路面狀況3,道路障礙1,道路障礙2,號誌1,號誌2,車道劃分-分向,車道劃分-分道1,車道劃分-分道2,車道劃分-分道3,事故類型及型態,性別,年齡,受傷程度,主要傷處,保護裝置,行動電話,車輛用途,當事者行動狀態,駕駛資格情形,駕駛執照種類,飲酒情形,車輛撞擊部位1,車輛撞擊部位2,肇因碼-個別,肇因碼-主要,個人肇逃否,職業,座標-X,座標-Y
113,9,9,15,17,2,10文山區,文山區下崙路與下崙路11巷口,0,0,1,2,B03,8,5,5,50,3,2,1,5,4,5,13,4,4,10,5,5,1,17,2,54,3,10,7,1,7,9,1,8,1,4,,107,,1,21,121.5600635,24.9865783
113,9,9,15,40,2,06松山區,松山區南京東路4段與北寧路口,0,0,1,2,H01,8,5,5,50,4,1,1,5,4,5,13,2,1,3,4,5,2,9,1,34,2,7,4,5,8,16,8,20,10,16,,67,,1,22,121.5527295,25.0514673
113,9,9,15,40,2,06松山區,松山區南京東路4段與北寧路口,0,0,1,1,C03,8,5,5,50,4,1,1,5,4,5,13,2,1,3,4,5,2,9,1,49,4,11,3,4,7,6,7,19,11,11,,119,,2,22,121.5527295,25.0514673
113,9,9,15,46,2,11南港區,南港區園區街20號,0,0,1,1,B03,8,6,5,30,14,9,1,5,4,5,13,4,4,9,4,5,2,13,1,55,3,10,7,1,7,9,1,8,1,8,,16,,1,21,121.6133397,25.0590508
113,9,9,15,46,2,11南港區,南港區園區街20號,0,0,1,2,C03,8,6,5,30,14,9,1,5,4,5,13,4,4,9,4,5,2,13,2,24,2,9,6,1,7,5,1,10,1,13,,44,,1,21,121.6133397,25.0590508
113,9,9,16,31,2,12內湖區,內湖區民權東路6段90巷與民權東路6段口,0,0,1,1,C03,8,7,5,50,3,1,1,5,4,5,13,2,1,1,4,5,2,13,1,33,2,9,5,1,7,9,1,10,2,11,,107,,1,21,121.5859918,25.06895569
113,9,9,16,31,2,12內湖區,內湖區民權東路6段90巷與民權東路6段口,0,0,1,2,B01,8,7,5,50,3,1,1,5,4,5,13,2,1,1,4,5,2,13,1,56,3,10,7,1,7,14,1,4,2,6,,44,,1,21,121.5859918,25.06895569
113,9,9,16,31,2,12內湖區,內湖區民權東路6段90巷與民權東路6段口,0,0,1,3,B01,8,7,5,50,3,1,1,5,4,5,13,2,1,1,4,5,2,13,1,65,3,10,7,1,7,9,1,4,9,17,,44,,1,21,121.5859918,25.06895569
113,9,9,16,34,2,12內湖區,內湖區內湖路1段411巷與環山路2段53巷5弄口,0,0,1,1,B03,8,6,5,30,3,1,1,5,4,5,13,4,4,9,4,5,2,16,2,43,3,10,7,1,7,5,1,8,2,1,,72,,1,21,121.5726915,25.0847051
113,9,9,16,34,2,12內湖區,內湖區內湖路1段411巷與環山路2段53巷5弄口,0,0,1,2,C03,8,6,5,30,3,1,1,5,4,5,13,4,4,9,4,5,2,16,2,62,2,8,6,1,7,9,1,10,2,11,,14,,1,21,121.5726915,25.0847051
113,9,9,17,0,2,09北投區,北投區東陽街與東華街1段口,0,0,1,1,B03,8,6,5,50,14,9,1,5,4,5,13,4,4,5,5,5,2,12,1,44,3,10,7,1,7,9,1,8,1,2,,44,,1,22,121.5172233,25.1122256
113,9,9,17,0,2,09北投區,北投區東陽街與東華街1段口,0,0,1,2,C03,8,6,5,50,14,9,1,5,4,5,13,4,4,5,5,5,2,12,1,70,2,9,5,1,7,15,1,10,1,14,,44,,1,22,121.5172233,25.1122256
113,9,9,17,41,2,08士林區,士林區基河路與劍潭路口,0,0,1,1,A02,8,6,5,50,4,2,1,5,4,5,13,2,1,1,4,5,1,3,1,61,3,10,7,1,7,5,1,2,11,8,,70,,2,21,121.5248248,25.08413982
113,9,9,17,41,2,08士林區,士林區基河路與劍潭路口,0,0,1,2,H01,8,6,5,50,4,2,1,5,4,5,13,2,1,1,4,5,1,3,2,24,2,9,4,5,8,16,8,20,10,16,,67,,1,21,121.5248248,25.08413982
113,9,9,17,45,2,01大同區,大同區鄭州路與西寧北路口,0,0,1,1,B03,8,6,5,40,5,1,1,5,4,5,13,4,4,1,5,5,2,16,2,49,3,10,7,1,7,9,1,8,2,2,,99,,1,21,121.5082604,25.05058917
113,9,9,17,45,2,01大同區,大同區鄭州路與西寧北路口,0,0,1,2,C03,8,6,5,40,5,1,1,5,4,5,13,4,4,1,5,5,2,16,2,43,2,9,6,1,7,5,1,10,2,14,,8,,1,21,121.5082604,25.05058917
113,9,9,17,59,2,12內湖區,內湖區東湖路與康樂街口汐湖橋,0,0,1,1,C03,8,6,5,50,4,2,1,5,4,5,13,1,1,5,5,5,2,13,2,57,2,7,5,1,7,9,1,10,1,11,,108,,1,21,121.6175998,25.0677818
113,9,9,17,59,2,12內湖區,內湖區東湖路與康樂街口汐湖橋,0,0,1,2,B03,8,6,5,50,4,2,1,5,4,5,13,1,1,5,5,5,2,13,1,34,3,10,7,1,7,14,1,8,1,7,,44,,1,21,121.6175998,25.0677818
113,9,9,18,16,2,03中山區,中山區建國北路3段77號陽光加油站,0,0,1,1,C03,8,5,5,50,14,9,1,5,3,5,13,4,4,1,4,5,2,17,2,39,2,9,6,1,7,7,1,10,1,14,,100,,1,22,121.5367449,25.0652743
113,9,9,18,16,2,03中山區,中山區建國北路3段77號陽光加油站,0,0,1,2,B03,8,5,5,50,14,9,1,5,3,5,13,4,4,1,4,5,2,17,1,51,3,10,7,1,7,9,1,8,1,5,,44,,1,22,121.5367449,25.0652743
113,9,9,18,28,2,05中正區,中正區汀州路2段與師大路口,0,0,1,1,C03,8,5,5,50,4,2,1,5,4,5,13,1,1,1,5,5,2,12,2,70,2,9,5,1,7,7,1,10,2,14,,101,,1,22,121.5251661,25.0211896
113,9,9,18,28,2,05中正區,中正區汀州路2段與師大路口,0,0,1,2,B01,8,5,5,50,4,2,1,5,4,5,13,1,1,1,5,5,2,12,1,68,3,10,7,1,7,9,1,4,2,2,,44,,1,22,121.5251661,25.0211896
113,9,9,18,36,2,03中山區,中山區中山北路4段往北(近北安路),0,0,2,1,C03,7,5,5,50,14,11,1,5,4,5,13,4,4,6,4,5,2,13,2,26,2,7,3,4,7,9,1,10,1,11,,16,,1,21,121.5270636,25.07545088
113,9,9,18,36,2,03中山區,中山區中山北路4段往北(近北安路),0,0,2,2,C03,7,5,5,50,14,11,1,5,4,5,13,4,4,6,4,5,2,13,1,40,2,8,3,4,7,9,1,10,1,13,,44,,1,21,121.5270636,25.07545088
113,9,9,19,15,2,03中山區,中山區敬業三路11號,0,0,1,1,C03,8,5,5,50,14,20,1,5,4,5,13,4,4,10,5,5,2,17,4,35,3,10,3,1,7,1,7,19,11,17,,19,,2,21,121.5562156,25.08342522
113,9,9,19,15,2,03中山區,中山區敬業三路11號,0,0,1,2,F01,8,5,5,50,14,20,1,5,4,5,13,4,4,10,5,5,2,17,1,41,2,9,4,1,7,12,8,20,1,11,,42,,1,21,121.5562156,25.08342522
113,9,9,19,20,2,06松山區,松山區塔悠路53號,0,0,2,1,B03,7,5,5,50,14,9,1,5,4,5,13,4,4,1,4,5,2,12,1,30,3,10,3,4,7,8,1,8,2,4,,44,,1,21,121.5710628,25.0508917
113,9,9,19,20,2,06松山區,松山區塔悠路53號,0,0,2,2,C03,7,5,5,50,14,9,1,5,4,5,13,4,4,1,4,5,2,12,2,39,2,9,6,4,7,8,1,10,2,12,,100,,1,21,121.5710628,25.0508917
113,9,9,19,20,2,06松山區,松山區塔悠路53號,0,0,2,3,H02,7,5,5,50,14,9,1,5,4,5,13,4,4,1,4,5,2,12,1,4,2,7,3,5,7,17,8,20,10,16,,67,,1,21,121.5710628,25.0508917
113,9,9,19,20,2,06松山區,松山區塔悠路53號,0,0,2,4,H02,7,5,5,50,14,9,1,5,4,5,13,4,4,1,4,5,2,12,1,0,3,10,3,5,7,17,8,20,10,16,,67,,1,21,121.5710628,25.0508917
113,9,9,22,15,2,05中正區,中正區同安街58號,0,0,1,1,B03,8,5,5,30,14,9,1,5,4,5,13,4,4,10,5,5,2,17,1,69,3,10,7,1,7,14,1,8,9,8,,40,,1,21,121.5212586,25.023567
113,9,9,22,15,2,05中正區,中正區同安街58號,0,0,1,2,F01,8,5,5,30,14,9,1,5,4,5,13,4,4,10,5,5,2,17,1,23,2,7,4,1,7,9,8,20,9,12,,44,,1,21,121.5212586,25.023567
113,9,9,22,16,2,01大同區,大同區重慶北路3段2號,0,0,2,1,B03,8,6,5,50,14,9,1,5,4,5,13,4,4,1,4,5,2,13,1,30,4,11,3,4,7,15,7,19,9,17,,38,,2,22,121.5135506,25.06437
113,9,9,22,16,2,01大同區,大同區重慶北路3段2號,0,0,2,2,C03,8,6,5,50,14,9,1,5,4,5,13,4,4,1,4,5,2,13,1,19,2,7,6,1,7,9,1,10,1,11,,118,,1,21,121.5135506,25.06437
113,9,9,22,16,2,01大同區,大同區重慶北路3段2號,0,0,2,3,C03,8,6,5,50,14,9,1,5,4,5,13,4,4,1,4,5,2,13,2,18,2,8,6,1,7,12,1,10,1,13,,118,,1,21,121.5135506,25.06437
113,9,9,22,28,2,07信義區,信義區忠孝東路5段293號,0,0,1,1,B03,7,5,5,50,14,9,1,5,4,5,13,4,4,1,4,5,1,9,1,52,3,10,7,1,7,9,1,4,2,10,,107,,1,21,121.5721732,25.0410509
113,9,9,22,28,2,07信義區,信義區忠孝東路5段293號,0,0,1,2,H01,7,5,5,50,14,9,1,5,4,5,13,4,4,1,4,5,1,9,1,28,2,9,4,5,8,20,8,20,10,16,,54,,1,21,121.5721732,25.0410509
113,9,9,22,34,2,03中山區,中山區天津街與中山北路1段33巷口,0,0,1,1,B01,7,5,5,30,4,1,1,5,4,5,13,4,4,9,5,5,2,15,1,50,3,10,3,4,7,9,1,4,1,5,,72,,1,21,121.5225819,25.0486191
113,9,9,22,34,2,03中山區,中山區天津街與中山北路1段33巷口,0,0,1,2,C03,7,5,5,30,4,1,1,5,4,5,13,4,4,9,5,5,2,15,1,33,2,7,3,4,7,9,1,10,1,14,,14,,1,21,121.5225819,25.0486191
113,9,9,22,40,2,08士林區,士林區中山北路5段505巷與中山北路5段口,0,0,1,1,B03,7,5,5,50,4,1,1,5,4,5,13,1,1,1,4,5,2,17,1,20,3,10,7,1,7,5,1,8,2,1,,71,,1,22,121.5278982,25.0937867
113,9,9,22,40,2,08士林區,士林區中山北路5段505巷與中山北路5段口,0,0,1,2,B01,7,5,5,50,4,1,1,5,4,5,13,1,1,1,4,5,2,17,1,34,2,1,7,1,7,9,1,4,2,8,,44,,1,22,121.5278982,25.0937867
113,9,10,1,0,2,08士林區,士林區重慶北路4段與葫東街口,0,0,1,1,C03,7,5,5,50,4,1,1,5,4,5,13,1,1,1,4,5,2,17,1,35,2,3,6,1,7,11,1,10,2,13,,98,,1,22,121.5119331,25.0840099
113,9,10,1,0,2,08士林區,士林區重慶北路4段與葫東街口,0,0,1,2,A12,7,5,5,50,4,1,1,5,4,5,13,1,1,1,4,5,2,17,1,43,3,10,7,1,7,9,1,1,2,1,,13,,1,22,121.5119331,25.0840099
113,9,10,6,47,2,03中山區,中山區民權東路1段70巷與民權東路1段口,0,0,2,1,C03,7,6,5,30,14,9,1,5,4,5,13,4,4,1,4,5,2,12,1,36,2,8,6,1,7,8,1,10,1,12,,101,,1,21,121.5249565,25.0625923
113,9,10,6,47,2,03中山區,中山區民權東路1段70巷與民權東路1段口,0,0,2,2,C03,7,6,5,30,14,9,1,5,4,5,13,4,4,1,4,5,2,12,1,48,2,8,6,1,7,9,1,10,1,14,,13,,1,21,121.5249565,25.0625923
113,9,10,7,13,2,04大安區,大安區和平東路3段416巷,0,0,1,1,C03,7,5,5,50,14,9,1,5,4,5,13,4,4,1,4,5,1,17,1,66,2,9,5,1,7,15,1,10,1,11,,100,,1,21,121.5589059,25.0181706
113,9,10,7,13,2,04大安區,大安區和平東路3段416巷,0,0,1,2,C03,7,5,5,50,14,9,1,5,4,5,13,4,4,1,4,5,1,17,1,50,3,10,5,1,7,9,1,10,1,12,,44,,1,21,121.5589059,25.0181706
113,9,10,7,57,2,05中正區,中正區青島東路與林森南路口,0,0,1,1,C03,8,5,5,50,4,2,1,5,4,5,13,1,1,9,4,4,2,13,2,43,3,10,6,1,7,5,1,10,1,13,,8,,1,21,121.5229622,25.0436022
113,9,10,7,57,2,05中正區,中正區青島東路與林森南路口,0,0,1,2,C03,8,5,5,50,4,2,1,5,4,5,13,1,1,9,4,4,2,13,2,37,2,8,6,1,7,9,1,10,1,11,,16,,1,21,121.5229622,25.0436022
113,9,10,8,20,2,04大安區,大安區和平東路1段183巷與青田街7巷口,0,0,1,1,C03,8,6,5,30,4,1,1,5,4,5,13,4,4,10,5,5,1,15,1,24,2,9,6,1,7,9,1,10,1,12,,72,,1,21,121.5330176,25.0281179
113,9,10,8,20,2,04大安區,大安區和平東路1段183巷與青田街7巷口,0,0,1,2,B03,8,6,5,30,4,1,1,5,4,5,13,4,4,10,5,5,1,15,2,53,3,10,7,1,7,9,1,8,1,1,,108,,1,21,121.5330176,25.0281179
113,9,10,8,40,2,09北投區,北投區石牌路1段39巷135弄1號,0,0,1,1,B03,7,6,5,30,14,9,1,4,4,5,13,4,4,10,5,5,2,1,1,32,3,10,7,1,7,9,1,8,9,1,,108,,1,21,121.5099512,25.1181233
113,9,10,8,40,2,09北投區,北投區石牌路1段39巷135弄1號,0,0,1,2,H01,7,6,5,30,14,9,1,4,4,5,13,4,4,10,5,5,2,1,2,74,2,9,4,5,8,16,8,20,10,16,,67,,1,21,121.5099512,25.1181233
113,9,10,9,10,2,11南港區,南港區忠孝東路7段與忠孝東路7段265巷口,0,0,1,1,B03,8,6,5,50,3,2,1,5,4,5,13,2,1,1,4,5,2,13,2,43,3,10,3,4,7,9,1,8,2,1,,108,,1,21,121.6040879,25.0518567
113,9,10,9,10,2,11南港區,南港區忠孝東路7段與忠孝東路7段265巷口,0,0,1,2,C03,8,6,5,50,3,2,1,5,4,5,13,2,1,1,4,5,2,13,2,47,2,9,6,1,7,14,1,10,2,13,,44,,1,21,121.6040879,25.0518567
113,9,10,9,44,2,12內湖區,內湖區文湖街99號,0,0,2,1,C03,8,5,5,50,14,9,1,5,4,5,13,4,4,9,5,5,1,3,2,42,2,9,6,1,7,9,1,10,1,11,,108,,1,21,121.5648464,25.08645519
113,9,10,9,44,2,12內湖區,內湖區文湖街99號,0,0,2,2,H01,8,5,5,50,14,9,1,5,4,5,13,4,4,9,5,5,1,3,1,40,2,9,4,5,8,18,8,20,10,16,,121,,1,21,121.5648464,25.08645519
113,9,10,9,44,2,12內湖區,內湖區文湖街99號,0,0,2,3,B03,8,5,5,50,14,9,1,5,4,5,13,4,4,9,5,5,1,3,1,59,3,10,7,1,7,13,1,8,9,4,,44,,1,21,121.5648464,25.08645519
113,9,10,9,44,2,12內湖區,內湖區文湖街99號,0,0,2,4,B03,8,5,5,50,14,9,1,5,4,5,13,4,4,9,5,5,1,3,1,66,3,10,7,1,7,13,1,8,9,3,,44,,1,21,121.5648464,25.08645519
113,9,10,10,5,2,04大安區,大安區杭州南路2段7號與杭州南路2段9巷口,0,0,1,1,C03,6,7,5,30,3,2,1,4,4,3,13,4,4,8,3,5,1,17,1,21,3,10,5,1,7,6,1,10,1,14,,74,,1,21,121.5238442,25.0344489
113,9,10,10,5,2,04大安區,大安區杭州南路2段7號與杭州南路2段9巷口,0,0,1,2,C03,6,7,5,30,3,2,1,4,4,3,13,4,4,8,3,5,1,17,1,41,2,9,5,1,7,9,1,10,1,12,,44,,1,21,121.5238442,25.0344489
113,9,10,10,5,2,04大安區,大安區杭州南路2段7號與杭州南路2段9巷口,0,0,1,3,B01,6,7,5,30,3,2,1,4,4,3,13,4,4,8,3,5,1,17,1,55,3,10,7,1,7,14,1,4,1,17,,38,,1,21,121.5238442,25.0344489
113,9,10,10,10,2,08士林區,士林區延平北路5段242號,0,0,1,1,C03,8,5,5,50,14,9,1,5,4,5,13,4,4,9,4,5,1,17,2,75,2,9,6,1,7,7,1,10,1,14,,100,,1,21,121.5098909,25.0844901
113,9,10,10,10,2,08士林區,士林區延平北路5段242號,0,0,1,2,B03,8,5,5,50,14,9,1,5,4,5,13,4,4,9,4,5,1,17,1,59,3,10,7,1,7,9,1,8,1,2,,44,,1,21,121.5098909,25.0844901
113,9,10,10,11,2,04大安區,大安區敦化南路1段161巷與忠孝東路4段205巷口,0,0,1,1,C03,8,5,5,30,4,1,1,5,4,5,13,4,4,10,4,5,2,15,1,19,2,9,5,1,7,9,1,10,1,11,,72,,1,21,121.5519378,25.0434831
113,9,10,10,11,2,04大安區,大安區敦化南路1段161巷與忠孝東路4段205巷口,0,0,1,2,B02,8,5,5,30,4,1,1,5,4,5,13,4,4,10,4,5,2,15,1,49,3,10,7,1,7,9,1,8,1,4,,14,,1,21,121.5519378,25.0434831
113,9,10,10,12,2,04大安區,大安區建國南路2段與辛亥路2段口,0,0,1,1,C04,8,6,5,40,14,7,1,5,4,5,13,4,4,1,4,4,2,12,2,29,2,9,6,1,7,7,1,10,1,13,,100,,1,21,121.5382085,25.022412
113,9,10,10,12,2,04大安區,大安區建國南路2段與辛亥路2段口,0,0,1,2,B03,8,6,5,40,14,7,1,5,4,5,13,4,4,1,4,4,2,12,1,70,3,10,7,1,7,10,1,8,1,5,,44,,1,21,121.5382085,25.022412
113,9,10,10,14,2,12內湖區,內湖區新明路與新明路262巷口,0,0,1,1,B11,8,7,5,50,3,1,1,5,4,5,13,4,4,4,5,5,1,17,1,54,3,10,7,1,7,5,1,8,1,5,,71,,1,21,121.5833346,25.0565075
113,9,10,10,14,2,12內湖區,內湖區新明路與新明路262巷口,0,0,1,2,C03,8,7,5,50,3,1,1,5,4,5,13,4,4,4,5,5,1,17,1,61,2,9,6,1,7,9,1,10,1,11,,14,,1,21,121.5833346,25.0565075
113,9,10,10,50,2,09北投區,北投區崗山路與崗山路5巷口,0,0,1,1,B02,8,5,5,30,4,1,1,5,4,5,13,4,4,10,5,5,2,15,2,38,3,10,7,1,7,9,1,8,1,8,,72,,1,21,121.4867984,25.1402975
113,9,10,10,50,2,09北投區,北投區崗山路與崗山路5巷口,0,0,1,2,C03,8,5,5,30,4,1,1,5,4,5,13,4,4,10,5,5,2,15,2,38,2,9,5,1,7,9,1,10,1,11,,44,,1,21,121.4867984,25.1402975
113,9,10,11,6,2,03中山區,中山區濱江街180巷與濱江街口,0,0,1,1,B03,8,7,5,50,3,1,1,5,4,5,13,2,1,7,2,5,2,17,1,45,3,10,7,1,7,1,1,8,1,17,,19,,1,21,121.5385106,25.07241063
113,9,10,11,6,2,03中山區,中山區濱江街180巷與濱江街口,0,0,1,2,C03,8,7,5,50,3,1,1,5,4,5,13,2,1,7,2,5,2,17,1,33,2,9,5,1,7,9,1,10,1,17,,44,,1,21,121.5385106,25.07241063
113,9,10,11,16,2,06松山區,松山區南京東路5段118號,0,0,1,1,C03,8,6,6,50,14,9,1,5,4,5,13,4,4,1,4,5,1,13,1,33,2,9,5,1,7,9,1,10,1,11,,108,,1,21,121.5624063,25.0513594
113,9,10,11,16,2,06松山區,松山區南京東路5段118號,0,0,1,2,B03,8,6,6,50,14,9,1,5,4,5,13,4,4,1,4,5,1,13,1,63,3,10,7,1,7,3,1,8,1,6,,44,,1,21,121.5624063,25.0513594
113,9,10,11,34,2,04大安區,大安區麗水街與永康街10巷口,0,0,1,1,F02,7,6,5,50,4,2,1,5,4,5,13,4,4,5,5,5,2,12,2,59,4,11,3,4,7,15,8,20,11,15,,101,,2,21,121.5289387,25.0321412
113,9,10,11,34,2,04大安區,大安區麗水街與永康街10巷口,0,0,1,2,C04,7,6,5,50,4,2,1,5,4,5,13,4,4,5,5,5,2,12,1,53,2,7,5,4,7,9,1,10,9,12,,44,,1,22,121.5289387,25.0321412
113,9,10,11,39,2,04大安區,大安區仁愛路3段160號,0,0,1,1,C03,8,6,6,50,14,9,1,5,4,5,13,4,4,1,4,5,1,13,2,40,2,7,5,1,7,9,1,10,1,11,,16,,1,21,121.5427662,25.0377937
113,9,10,11,39,2,04大安區,大安區仁愛路3段160號,0,0,1,2,B01,8,6,6,50,14,9,1,5,4,5,13,4,4,1,4,5,1,13,1,64,3,10,3,4,7,12,1,4,1,17,,44,,1,21,121.5427662,25.0377937
113,9,10,11,39,2,04大安區,大安區仁愛路3段160號,0,0,1,3,B01,8,6,6,50,14,9,1,5,4,5,13,4,4,1,4,5,1,13,1,58,3,10,3,4,7,15,1,4,1,17,,19,,1,21,121.5427662,25.0377937
113,9,10,11,39,2,04大安區,大安區仁愛路3段160號,0,0,1,4,B01,8,6,6,50,14,9,1,5,4,5,13,4,4,1,4,5,1,13,1,59,3,10,3,4,7,14,1,8,11,17,,38,,1,21,121.5427662,25.0377937
113,9,10,11,43,2,10文山區,文山區景豐街31巷與景豐街37巷7弄口口,0,0,1,1,B12,8,6,5,30,4,1,1,5,4,5,13,4,4,10,5,5,2,15,1,39,3,10,7,1,7,9,1,3,1,4,,14,,1,21,121.5454864,25.0000039
113,9,10,11,43,2,10文山區,文山區景豐街31巷與景豐街37巷7弄口口,0,0,1,2,C03,8,6,5,30,4,1,1,5,4,5,13,4,4,10,5,5,2,15,1,70,2,9,5,1,7,9,1,10,1,11,,75,,1,21,121.5454864,25.0000039
113,9,10,11,45,2,08士林區,士林區中山北路5段與至誠路2段口,0,0,1,1,B12,8,7,5,50,4,1,1,5,4,5,13,3,1,5,5,5,2,17,1,47,3,10,7,1,7,5,1,8,1,6,,71,,1,21,121.5264862,25.10094593
113,9,10,11,45,2,08士林區,士林區中山北路5段與至誠路2段口,0,0,1,2,C03,8,7,5,50,4,1,1,5,4,5,13,3,1,5,5,5,2,17,2,44,2,7,6,1,7,9,1,10,1,11,,44,,1,21,121.5264862,25.10094593
113,9,10,11,48,2,12內湖區,內湖區文湖街與環山路1段口,0,0,1,1,B03,8,6,5,50,3,1,1,5,4,5,13,1,1,5,5,5,2,12,2,43,3,10,7,1,7,6,1,8,1,5,,9,,1,21,121.5654657,25.0863947
113,9,10,11,48,2,12內湖區,內湖區文湖街與環山路1段口,0,0,1,2,C03,8,6,5,50,3,1,1,5,4,5,13,1,1,5,5,5,2,12,1,18,2,9,5,1,7,9,1,10,1,14,,44,,1,21,121.5654657,25.0863947
113,9,10,11,53,2,07信義區,信義區信安街67巷平面停車場入口,0,0,1,1,B12,8,6,5,50,14,9,1,5,4,5,13,4,4,9,3,4,2,16,1,34,3,10,3,4,7,6,1,8,2,2,,9,,1,21,121.5593597,25.025904
113,9,10,11,53,2,07信義區,信義區信安街67巷平面停車場入口,0,0,1,2,C03,8,6,5,50,14,9,1,5,4,5,13,4,4,9,3,4,2,16,2,26,2,9,5,1,7,9,1,10,2,11,12,13,,1,21,121.5593597,25.025904
113,9,10,11,55,2,07信義區,信義區信義路5段與基隆路2段口,0,0,1,1,C03,8,6,5,50,4,2,1,5,4,5,13,1,1,1,5,5,2,17,1,18,2,9,3,4,7,7,1,10,1,14,,100,,1,22,121.5597435,25.0330287
113,9,10,11,55,2,07信義區,信義區信義路5段與基隆路2段口,0,0,1,2,B03,8,6,5,50,4,2,1,5,4,5,13,1,1,1,5,5,2,17,1,47,3,10,3,4,7,5,1,8,1,2,,44,,1,22,121.5597435,25.0330287
113,9,10,12,45,2,02萬華區,萬華區萬大路277巷與萬大路237巷10弄口口,0,0,2,1,C03,8,6,5,30,4,1,1,5,4,5,13,4,4,10,5,5,1,15,2,29,2,9,3,4,7,9,1,10,1,13,,72,,1,21,121.5010473,25.0250492
113,9,10,12,45,2,02萬華區,萬華區萬大路277巷與萬大路237巷10弄口口,0,0,2,2,C03,8,6,5,30,4,1,1,5,4,5,13,4,4,10,5,5,1,15,1,28,2,7,3,4,7,9,1,10,1,11,,14,,1,21,121.5010473,25.0250492
113,9,10,12,46,2,12內湖區,內湖區文德路66巷53弄與文德路66巷口,0,0,1,1,F02,8,7,5,50,4,1,1,5,4,5,13,1,1,4,4,5,1,17,2,60,2,9,2,1,7,5,8,20,1,12,,4,,1,21,121.5818059,25.0770997
113,9,10,12,46,2,12內湖區,內湖區文德路66巷53弄與文德路66巷口,0,0,1,2,C03,8,7,5,50,4,1,1,5,4,5,13,1,1,4,4,5,1,17,1,43,3,10,6,1,7,5,1,10,1,14,,44,,1,21,121.5818059,25.0770997
113,9,10,13,14,2,12內湖區,內湖區內湖路1段與內湖路1段91巷口,0,0,2,2,C03,8,5,5,50,4,2,1,5,4,5,13,2,1,1,4,5,2,12,1,21,2,7,5,1,7,12,1,10,2,12,,44,,1,21,121.5612478,25.08453123
113,9,10,13,14,2,12內湖區,內湖區內湖路1段與內湖路1段91巷口,0,0,2,3,H01,8,5,5,50,4,2,1,5,4,5,13,2,1,1,4,5,2,12,1,82,3,10,4,5,8,16,8,20,10,16,,122,,1,21,121.5612478,25.08453123
113,9,10,13,14,2,12內湖區,內湖區內湖路1段與內湖路1段91巷口,0,0,2,1,C03,8,5,5,50,4,2,1,5,4,5,13,2,1,1,4,5,2,12,2,33,2,9,5,1,7,9,1,10,2,14,,16,,1,21,121.5612478,25.08453123
113,9,10,13,15,2,08士林區,士林區天母西路與天母西路41巷口,0,0,1,1,B01,8,7,5,50,4,1,1,5,4,5,13,1,1,5,5,5,2,17,1,61,3,10,7,1,7,11,1,4,1,1,,98,,1,21,121.5272363,25.11843162
113,9,10,13,15,2,08士林區,士林區天母西路與天母西路41巷口,0,0,1,2,C03,8,7,5,50,4,1,1,5,4,5,13,1,1,5,5,5,2,17,1,23,2,8,6,1,7,9,1,10,1,13,,44,,1,21,121.5272363,25.11843162
113,9,10,13,17,2,06松山區,松山區市民大道4段與敦化南路1段口口,0,0,1,1,B03,8,7,5,40,4,1,1,5,4,5,13,2,1,1,4,5,2,16,1,32,3,10,7,1,7,6,1,8,1,2,,9,,1,21,121.5491579,25.0449536
113,9,10,13,17,2,06松山區,松山區市民大道4段與敦化南路1段口口,0,0,1,2,C03,8,7,5,40,4,1,1,5,4,5,13,2,1,1,4,5,2,16,1,33,2,9,6,1,7,9,1,10,1,14,,108,,1,21,121.5491579,25.0449536
113,9,10,13,25,2,05中正區,中正區詔安街與詔安街32巷口口,0,0,1,1,C03,8,6,5,30,3,1,1,5,4,5,13,4,4,10,5,5,1,17,1,50,3,10,6,1,7,6,6,10,1,11,,72,,1,21,121.5156972,25.024964
113,9,10,13,25,2,05中正區,中正區詔安街與詔安街32巷口口,0,0,1,2,C03,8,6,5,30,3,1,1,5,4,5,13,4,4,10,5,5,1,17,2,28,2,7,6,1,7,9,1,10,1,12,,44,,1,21,121.5156972,25.024964
113,9,10,13,43,2,06松山區,松山區民生東路5段與三民路口,0,0,1,1,B01,8,5,5,50,4,2,1,5,4,5,13,2,1,3,4,5,2,17,1,67,3,10,3,4,7,15,1,4,2,6,,100,,1,22,121.5633969,25.0584301
113,9,10,13,43,2,06松山區,松山區民生東路5段與三民路口,0,0,1,2,C03,8,5,5,50,4,2,1,5,4,5,13,2,1,3,4,5,2,17,2,38,2,9,6,4,7,9,1,10,2,11,,78,,1,22,121.5633969,25.0584301
113,9,10,13,50,2,05中正區,中正區貴陽街1段(北一女前),0,0,1,1,B12,8,6,5,50,14,9,1,5,4,5,13,4,4,5,4,5,2,13,1,35,3,10,2,1,7,7,1,8,2,7,,101,,1,21,121.5130488,25.03875281
113,9,10,13,50,2,05中正區,中正區貴陽街1段(北一女前),0,0,1,2,B01,8,6,5,50,14,9,1,5,4,5,13,4,4,5,4,5,2,13,1,26,2,1,2,1,7,9,1,4,2,5,,44,,1,21,121.5130488,25.03875281