發生年度,發生月,發生日,發生時-Hours,發生分,處理別-編號,區序,肇事地點,死亡人數,2-30日死亡人數,受傷人數,當事人序號,車種,天候,道路照明設備,道路類別,速限-速度限制,道路型態,事故位置,路面狀況1,路面狀況2,路面狀況3,道路障礙1,道路障礙2,號誌1,號誌2,車道劃分-分向,車道劃分-分道1,車道劃分-分道2,車道劃分-分道3,事故類型及型態,性別,年齡,受傷程度,主要傷處,保護裝置,行動電話,車輛用途,當事者行動狀態,駕駛資格情形,駕駛執照種類,飲酒情形,車輛撞擊部位1,車輛撞擊部位2,肇因碼-個別,肇因碼-主要,個人肇逃否,職業,座標-X,座標-Y
113,9,10,14,0,2,04大安區,大安區師大路108號,0,0,2,1,H01,8,6,5,0,14,9,1,5,4,5,13,4,4,5,2,5,2,3,2,57,2,9,4,5,8,16,8,20,10,16,,121,,1,21,121.5283409,25.0223238
113,9,10,14,0,2,04大安區,大安區師大路108號,0,0,2,2,C03,8,6,5,0,14,9,1,5,4,5,13,4,4,5,2,5,2,3,1,51,2,9,3,4,7,9,1,10,2,11,,105,,1,21,121.5283409,25.0223238
113,9,10,14,5,2,04大安區,大安區新生南路3段與辛亥路2段口公車站前,0,0,1,2,C04,8,7,5,50,14,7,1,5,4,5,13,4,4,1,4,4,1,17,2,23,2,9,6,1,7,7,1,10,1,14,,100,,1,21,121.5342954,25.0213556
113,9,10,14,5,2,04大安區,大安區新生南路3段與辛亥路2段口公車站前,0,0,1,1,C03,8,7,5,50,14,7,1,5,4,5,13,4,4,1,4,4,1,17,2,43,4,11,3,4,7,21,7,19,11,15,,119,,2,22,121.5342954,25.0213556
113,9,10,14,12,2,03中山區,中山區吉林路與吉林路144巷口,0,0,1,1,C03,8,6,5,50,4,1,1,5,4,5,13,1,1,5,4,4,2,17,2,39,3,10,5,1,7,5,1,10,11,17,,2,,1,21,121.5301601,25.0560641
113,9,10,14,12,2,03中山區,中山區吉林路與吉林路144巷口,0,0,1,2,C03,8,6,5,50,4,1,1,5,4,5,13,1,1,5,4,4,2,17,1,51,2,9,6,1,7,9,1,10,1,14,,44,,1,21,121.5301601,25.0560641
113,9,10,14,39,2,01大同區,大同區重慶北路3段與重慶北路3段236巷口口,0,0,6,1,B01,8,6,5,50,4,2,1,5,4,5,13,2,1,1,4,5,2,13,1,68,2,8,7,1,7,9,1,4,2,1,,42,,1,21,121.513673,25.0707069
113,9,10,14,39,2,01大同區,大同區重慶北路3段與重慶北路3段236巷口口,0,0,6,2,B01,8,6,5,50,4,2,1,5,4,5,13,2,1,1,4,5,2,13,1,32,2,9,7,1,7,14,1,4,2,3,1,44,,1,21,121.513673,25.0707069
113,9,10,14,39,2,01大同區,大同區重慶北路3段與重慶北路3段236巷口口,0,0,6,3,B03,8,6,5,50,4,2,1,5,4,5,13,2,1,1,4,5,2,13,1,32,2,7,7,1,7,14,1,8,2,3,,44,,1,21,121.513673,25.0707069
113,9,10,14,39,2,01大同區,大同區重慶北路3段與重慶北路3段236巷口口,0,0,6,4,H02,8,6,5,50,4,2,1,5,4,5,13,2,1,1,4,5,2,13,2,31,2,9,7,5,7,20,8,20,10,16,,67,,1,21,121.513673,25.0707069
113,9,10,14,39,2,01大同區,大同區重慶北路3段與重慶北路3段236巷口口,0,0,6,5,H02,8,6,5,50,4,2,1,5,4,5,13,2,1,1,4,5,2,13,2,34,2,1,7,5,7,20,8,20,10,16,,67,,1,21,121.513673,25.0707069
113,9,10,14,39,2,01大同區,大同區重慶北路3段與重慶北路3段236巷口口,0,0,6,6,H02,8,6,5,50,4,2,1,5,4,5,13,2,1,1,4,5,2,13,1,60,2,9,7,5,7,20,8,20,10,16,,67,,1,21,121.513673,25.0707069
113,9,10,14,46,2,07信義區,信義區松山路350號,0,0,1,1,B03,8,6,5,50,14,9,1,5,4,5,13,1,1,3,3,5,2,13,1,31,3,10,3,1,7,9,1,8,1,1,,118,,1,21,121.577771,25.0411533
113,9,10,14,46,2,07信義區,信義區松山路350號,0,0,1,2,C03,8,6,5,50,14,9,1,5,4,5,13,1,1,3,3,5,2,13,2,45,2,9,6,1,7,12,1,10,1,13,,118,,1,21,121.577771,25.0411533
113,9,10,14,50,2,07信義區,信義區崇德街與崇德街口,0,0,1,1,B03,8,7,5,50,4,1,1,5,4,5,13,4,4,9,5,5,2,16,2,35,3,10,3,4,7,5,1,8,1,8,,44,,1,21,121.5539504,25.0243105
113,9,10,14,50,2,07信義區,信義區崇德街與崇德街口,0,0,1,2,C03,8,7,5,50,4,1,1,5,4,5,13,4,4,9,5,5,2,16,1,38,2,8,6,4,7,9,1,10,1,11,,94,,1,21,121.5539504,25.0243105
113,9,10,15,0,2,07信義區,信義區信義路4段與基隆路2段口,0,0,2,1,C04,8,6,8,50,4,2,1,5,4,5,13,2,1,3,4,5,2,17,2,54,2,9,6,1,7,9,1,10,1,11,,16,,1,22,121.5592308,25.0329849
113,9,10,15,0,2,07信義區,信義區信義路4段與基隆路2段口,0,0,2,2,C03,8,6,8,50,4,2,1,5,4,5,13,2,1,3,4,5,2,17,1,24,2,9,6,1,7,9,1,10,1,13,,44,,1,22,121.5592308,25.0329849
113,9,10,15,29,2,07信義區,信義區忠孝東路5段236巷與忠孝東路5段236巷10弄口,0,0,2,1,F01,8,7,5,0,14,9,1,5,4,5,13,1,1,9,4,5,2,12,2,61,2,9,4,4,7,1,8,20,1,11,,19,,1,21,121.5718641,25.0399637
113,9,10,15,29,2,07信義區,信義區忠孝東路5段236巷與忠孝東路5段236巷10弄口,0,0,2,2,C03,8,7,5,0,14,9,1,5,4,5,13,1,1,9,4,5,2,12,2,52,2,9,6,4,7,9,1,10,1,11,,44,,1,21,121.5718641,25.0399637
113,9,10,16,0,2,08士林區,士林區福華路與文林路口,0,0,1,1,B12,8,6,5,50,4,1,1,5,4,5,13,1,1,5,5,5,2,14,1,21,3,10,3,4,7,2,1,8,2,3,,12,,1,21,121.5222112,25.10110434
113,9,10,16,0,2,08士林區,士林區福華路與文林路口,0,0,1,2,C03,8,6,5,50,4,1,1,5,4,5,13,1,1,5,5,5,2,14,2,54,2,9,3,4,7,9,1,10,2,11,,44,,1,21,121.5222112,25.10110434
113,9,10,16,6,2,03中山區,中山區民權東路3段東往西，榮星花園旁,0,0,2,1,B12,8,6,5,50,14,9,1,5,4,5,13,4,4,1,4,5,2,13,1,47,2,8,3,4,7,9,1,8,2,1,,16,,1,21,121.5399998,25.0624375
113,9,10,16,6,2,03中山區,中山區民權東路3段東往西，榮星花園旁,0,0,2,2,B12,8,6,5,50,14,9,1,5,4,5,13,4,4,1,4,5,2,13,1,47,3,10,7,1,7,9,1,8,2,3,,44,,1,21,121.5399998,25.0624375
113,9,10,16,6,2,03中山區,中山區民權東路3段東往西，榮星花園旁,0,0,2,3,E01,8,6,5,50,14,9,1,5,4,5,13,4,4,1,4,5,2,13,1,34,3,10,7,1,7,9,1,1,2,3,,44,,1,21,121.5399998,25.0624375
113,9,10,16,6,2,03中山區,中山區民權東路3段東往西，榮星花園旁,0,0,2,4,H02,8,6,5,50,14,9,1,5,4,5,13,4,4,1,4,5,2,13,2,72,2,5,7,5,7,20,8,20,10,17,,67,,1,21,121.5399998,25.0624375
113,9,10,16,7,2,03中山區,中山區大直街70號,0,0,1,1,B02,7,5,5,50,14,9,1,5,4,5,13,4,4,5,5,5,2,17,4,46,,,,,,,,,11,,,119,,2,,121.5462999,25.08355794
113,9,10,16,7,2,03中山區,中山區大直街70號,0,0,1,2,C03,7,5,5,50,14,9,1,5,4,5,13,4,4,5,5,5,2,17,1,18,2,8,3,4,7,13,1,10,9,12,,44,,1,21,121.5462999,25.08355794
113,9,10,16,16,2,07信義區,信義區文昌街與嘉興街口,0,0,1,1,A05,8,7,5,30,5,1,1,5,4,5,13,4,4,10,5,5,2,9,1,63,3,10,7,1,7,9,1,2,2,1,,70,,1,22,121.5583961,25.032172
113,9,10,16,16,2,07信義區,信義區文昌街與嘉興街口,0,0,1,2,H01,8,7,5,30,5,1,1,5,4,5,13,4,4,10,5,5,2,9,2,71,2,1,4,5,8,18,8,20,10,16,,67,,1,22,121.5583961,25.032172
113,9,10,16,24,2,02萬華區,萬華區環河南路1段與貴陽街2段口,0,0,1,1,C03,8,5,8,50,22,22,1,5,4,5,13,4,4,10,5,5,2,17,1,50,3,10,3,4,7,15,6,18,1,11,,42,,1,21,121.4978542,25.04028
113,9,10,16,24,2,02萬華區,萬華區環河南路1段與貴陽街2段口,0,0,1,2,F01,8,5,8,50,22,22,1,5,4,5,13,4,4,10,5,5,2,17,1,14,2,7,3,4,7,7,8,20,1,13,,100,,1,15,121.4978542,25.04028
113,9,10,16,28,2,08士林區,士林區文林路615巷與福國路口,0,0,2,1,C03,8,6,5,30,3,2,1,5,4,1,13,4,4,10,5,5,1,10,1,55,2,8,5,1,7,1,1,10,1,14,,19,,1,21,121.5181389,25.1001225
113,9,10,16,28,2,08士林區,士林區文林路615巷與福國路口,0,0,2,2,C03,8,6,5,30,3,2,1,5,4,1,13,4,4,10,5,5,1,10,2,19,2,9,5,1,7,9,1,10,1,11,,44,,1,21,121.5181389,25.1001225
113,9,10,16,29,2,03中山區,中山區樂群一路與基湖路口,0,0,1,1,C03,7,7,5,50,3,2,1,5,4,5,13,1,1,1,3,5,1,17,1,74,2,7,5,1,7,5,1,10,1,14,,8,,1,21,121.5629683,25.07622619
113,9,10,16,29,2,03中山區,中山區樂群一路與基湖路口,0,0,1,2,B03,7,7,5,50,3,2,1,5,4,5,13,1,1,1,3,5,1,17,2,69,3,10,7,1,7,5,1,8,1,5,,44,,1,21,121.5629683,25.07622619
113,9,10,16,41,2,02萬華區,萬華區華江橋機車道往板橋方向(編號0904454燈桿前),0,0,1,3,C03,8,6,5,40,14,11,1,5,4,3,10,4,4,10,5,5,1,17,1,31,3,10,5,1,7,15,1,10,1,17,,42,,1,21,121.4954791,25.0386304
113,9,10,16,41,2,02萬華區,萬華區華江橋機車道往板橋方向(編號0904454燈桿前),0,0,1,1,C03,8,6,5,40,14,11,1,5,4,3,10,4,4,10,5,5,1,17,2,53,2,9,5,1,7,12,1,10,1,11,,16,,1,21,121.4954791,25.0386304
113,9,10,16,41,2,02萬華區,萬華區華江橋機車道往板橋方向(編號0904454燈桿前),0,0,1,2,C03,8,6,5,40,14,11,1,5,4,3,10,4,4,10,5,5,1,17,1,67,3,10,5,1,7,12,1,10,1,13,,44,,1,21,121.4954791,25.0386304
113,9,10,16,45,2,12內湖區,內湖區碧山路(往內湖),0,0,2,1,C03,8,5,5,50,14,9,1,5,4,5,13,4,4,9,5,5,2,12,1,18,2,9,6,1,7,12,1,10,2,11,,16,,1,21,121.5893898,25.0910244
113,9,10,16,45,2,12內湖區,內湖區碧山路(往內湖),0,0,2,2,C03,8,5,5,50,14,9,1,5,4,5,13,4,4,9,5,5,2,12,1,18,2,9,6,1,7,12,1,10,2,12,,44,,1,21,121.5893898,25.0910244
113,9,10,16,45,2,12內湖區,內湖區碧山路(往內湖),0,0,2,3,B03,8,5,5,50,14,9,1,5,4,5,13,4,4,9,5,5,2,12,2,33,3,10,7,1,7,12,1,8,2,2,,44,,1,21,121.5893898,25.0910244
113,9,10,16,46,2,04大安區,大安區安和路2段與安和路2段71巷口,0,0,3,2,F01,8,5,5,30,3,1,1,5,4,5,13,4,4,1,4,5,2,16,2,37,2,1,3,4,7,9,8,20,1,11,,99,,1,21,121.5524361,25.030346
113,9,10,16,46,2,04大安區,大安區安和路2段與安和路2段71巷口,0,0,3,3,H02,8,5,5,30,3,1,1,5,4,5,13,4,4,1,4,5,2,16,2,50,2,9,4,5,7,20,8,20,10,17,,67,,1,21,121.5524361,25.030346
113,9,10,16,46,2,04大安區,大安區安和路2段與安和路2段71巷口,0,0,3,1,C03,8,5,5,30,3,1,1,5,4,5,13,4,4,1,4,5,2,16,1,51,2,7,3,4,7,6,1,10,1,11,,80,,1,21,121.5524361,25.030346
113,9,10,16,48,2,03中山區,中山區民生東路2段159巷與建國北路2段116巷口,0,0,1,1,B03,7,5,5,30,4,2,1,5,4,5,13,4,4,10,5,5,2,15,2,74,3,10,3,4,7,9,1,8,1,1,,72,,1,21,121.5360363,25.0588123
113,9,10,16,48,2,03中山區,中山區民生東路2段159巷與建國北路2段116巷口,0,0,1,2,C03,7,5,5,30,4,2,1,5,4,5,13,4,4,10,5,5,2,15,1,22,2,9,3,4,7,9,1,10,1,11,,14,,1,21,121.5360363,25.0588123
113,9,10,16,48,2,03中山區,中山區民生東路2段159巷與建國北路2段116巷口,0,0,1,3,C03,7,5,5,30,4,2,1,5,4,5,13,4,4,10,5,5,2,15,1,50,3,10,3,4,7,13,1,10,1,12,,38,,1,21,121.5360363,25.0588123
113,9,10,16,51,2,12內湖區,內湖區瑞光路26巷36弄與瑞光路26巷口,0,0,1,1,B03,8,6,5,50,3,1,1,5,4,5,13,4,4,9,4,5,2,16,2,43,3,10,7,1,7,5,1,8,2,1,,72,,1,21,121.5828556,25.0689554
113,9,10,16,51,2,12內湖區,內湖區瑞光路26巷36弄與瑞光路26巷口,0,0,1,2,C03,8,6,5,50,3,1,1,5,4,5,13,4,4,9,4,5,2,16,1,25,2,9,6,1,7,9,1,10,2,11,,44,,1,21,121.5828556,25.0689554
113,9,10,17,4,2,03中山區,中山區樂群二路與敬業三路162巷口,0,0,1,1,B03,8,5,5,50,3,1,1,5,4,5,13,1,1,1,4,5,2,16,1,56,3,10,3,4,7,5,1,8,1,6,,71,,1,21,121.559642,25.0798669
113,9,10,17,4,2,03中山區,中山區樂群二路與敬業三路162巷口,0,0,1,2,C03,8,5,5,50,3,1,1,5,4,5,13,1,1,1,4,5,2,16,2,18,2,9,3,4,7,9,1,10,1,11,,68,,1,21,121.559642,25.0798669
113,9,10,17,9,2,01大同區,大同區太原路與南京西路口,0,0,1,1,C03,8,6,5,50,4,1,1,5,4,5,13,1,1,1,4,4,2,17,1,45,2,9,6,1,7,9,1,9,2,12,,44,,1,21,121.5161747,25.0536328
113,9,10,17,9,2,01大同區,大同區太原路與南京西路口,0,0,1,2,C02,8,6,5,50,4,1,1,5,4,5,13,1,1,1,4,4,2,17,1,20,3,10,6,1,7,5,1,9,2,14,,8,,1,21,121.5161747,25.0536328
113,9,10,18,6,2,03中山區,中山區民族西路13號,0,0,1,1,B11,8,5,5,50,14,9,1,5,4,5,13,4,4,5,4,5,2,17,1,57,3,10,3,4,7,9,1,8,1,17,,44,,1,22,121.5221922,25.0685349
113,9,10,18,6,2,03中山區,中山區民族西路13號,0,0,1,2,C03,8,5,5,50,14,9,1,5,4,5,13,4,4,5,4,5,2,17,1,76,2,9,6,4,7,9,1,10,1,15,,44,,1,22,121.5221922,25.0685349
113,9,10,18,8,2,04大安區,大安區仁愛路3段與復興南路1段口,0,0,1,1,C03,7,5,5,50,4,2,1,5,4,5,13,2,1,1,4,5,2,13,1,68,3,10,3,4,7,10,3,18,1,13,,100,,1,22,121.5433031,25.0385189
113,9,10,18,8,2,04大安區,大安區仁愛路3段與復興南路1段口,0,0,1,2,C03,7,5,5,50,4,2,1,5,4,5,13,2,1,1,4,5,2,13,2,22,2,6,3,4,7,9,1,10,1,11,,44,,1,22,121.5433031,25.0385189
113,9,10,18,16,2,10文山區,文山區木柵路4段與萬芳路口,0,0,1,1,C03,8,5,5,50,3,1,1,5,4,5,13,2,1,5,4,5,2,17,1,67,2,9,5,4,7,5,1,10,1,14,,8,,1,21,121.5717527,24.9947965
113,9,10,18,16,2,10文山區,文山區木柵路4段與萬芳路口,0,0,1,2,B03,8,5,5,50,3,1,1,5,4,5,13,2,1,5,4,5,2,17,1,60,3,10,3,4,7,9,1,8,1,5,,44,,1,21,121.5717527,24.9947965
113,9,10,18,30,2,08士林區,士林區延平北路6段511巷與環河北路3段口,0,0,1,1,B02,8,5,5,40,3,1,1,5,4,5,13,4,4,10,5,5,2,17,1,54,3,10,3,4,7,9,1,2,2,5,,16,,1,21,121.5014971,25.0898634
113,9,10,18,30,2,08士林區,士林區延平北路6段511巷與環河北路3段口,0,0,1,2,C03,8,5,5,40,3,1,1,5,4,5,13,4,4,10,5,5,2,17,2,40,2,9,3,4,7,15,3,18,2,13,,98,,1,21,121.5014971,25.0898634
113,9,10,18,32,2,12內湖區,內湖區瑞光路513巷與瑞光路478巷口,0,0,1,1,C03,8,5,5,50,4,1,1,5,4,5,13,1,1,5,4,5,2,16,2,27,2,9,6,1,7,5,1,10,1,13,,8,,1,21,121.5694948,25.0789485
113,9,10,18,32,2,12內湖區,內湖區瑞光路513巷與瑞光路478巷口,0,0,1,2,B03,8,5,5,50,4,1,1,5,4,5,13,1,1,5,4,5,2,16,1,47,3,10,7,1,7,9,1,8,1,1,,44,,1,21,121.5694948,25.0789485
113,9,10,18,42,2,04大安區,大安區復興南路2段151巷33號,0,0,2,1,B03,8,5,7,30,14,9,1,5,4,5,13,4,4,10,5,5,1,17,1,45,3,10,3,4,7,1,1,8,1,1,,19,,1,21,121.5450608,25.0285628
113,9,10,18,42,2,04大安區,大安區復興南路2段151巷33號,0,0,2,2,C03,8,5,7,30,14,9,1,5,4,5,13,4,4,10,5,5,1,17,2,41,2,8,5,1,7,9,1,10,1,12,,32,,1,21,121.5450608,25.0285628
113,9,10,18,42,2,04大安區,大安區復興南路2段151巷33號,0,0,2,3,H02,8,5,7,30,14,9,1,5,4,5,13,4,4,10,5,5,1,17,2,8,2,7,6,5,7,20,8,20,10,16,,67,,1,21,121.5450608,25.0285628
113,9,10,18,48,2,03中山區,中山區濱江街211號,0,0,1,1,B03,8,5,5,50,3,1,1,5,4,5,13,4,4,1,5,1,2,16,1,21,3,10,7,1,7,6,1,8,1,2,,9,,1,21,121.5404613,25.07260167
113,9,10,18,48,2,03中山區,中山區濱江街211號,0,0,1,2,C03,8,5,5,50,3,1,1,5,4,5,13,4,4,1,5,1,2,16,1,48,2,9,5,1,7,9,1,10,1,14,,44,,1,21,121.5404613,25.07260167
113,9,10,18,51,2,05中正區,中正區和平西路2段與南海路口,0,0,2,1,F01,8,5,5,50,4,1,1,5,4,5,13,1,1,3,4,5,2,17,1,68,2,9,4,1,7,9,8,20,2,14,,81,,1,21,121.5090429,25.0305474
113,9,10,18,51,2,05中正區,中正區和平西路2段與南海路口,0,0,2,2,C03,8,5,5,50,4,1,1,5,4,5,13,1,1,3,4,5,2,17,1,32,2,9,5,1,7,9,1,10,2,11,,44,,1,21,121.5090429,25.0305474
113,9,10,19,3,2,11南港區,南港區重陽路與興南街口,0,0,2,1,B03,8,5,5,40,3,2,1,5,4,5,13,2,1,5,5,4,2,16,1,57,3,10,3,4,7,11,1,8,1,4,,10,,1,22,121.6045608,25.0577139
113,9,10,19,3,2,11南港區,南港區重陽路與興南街口,0,0,2,2,C03,8,5,5,40,3,2,1,5,4,5,13,2,1,5,5,4,2,16,2,24,2,7,5,1,7,9,1,10,1,11,,44,,1,22,121.6045608,25.0577139
113,9,10,19,3,2,11南港區,南港區重陽路與興南街口,0,0,2,3,H02,8,5,5,40,3,2,1,5,4,5,13,2,1,5,5,4,2,16,2,22,2,7,5,5,7,20,8,20,10,17,,67,,1,22,121.6045608,25.0577139
113,9,10,19,6,2,03中山區,中山區吉林路108巷與吉林路口,0,0,1,1,B01,8,6,5,30,4,1,1,5,4,5,13,4,4,5,4,4,2,15,1,55,3,10,3,4,7,9,1,8,1,8,,72,,1,21,121.5301131,25.0533773
113,9,10,19,6,2,03中山區,中山區吉林路108巷與吉林路口,0,0,1,2,C03,8,6,5,30,4,1,1,5,4,5,13,4,4,5,4,4,2,15,1,20,2,8,6,1,7,9,3,18,1,11,,44,,1,22,121.5301131,25.0533773
113,9,10,19,13,2,06松山區,松山區民權東路3段178號,0,0,1,1,B03,7,5,5,50,14,9,1,5,4,5,13,4,4,1,4,5,2,13,1,24,3,10,3,4,7,9,1,8,2,1,,44,,1,21,121.549674,25.06163354
113,9,10,19,13,2,06松山區,松山區民權東路3段178號,0,0,1,2,C03,7,5,5,50,14,9,1,5,4,5,13,4,4,1,4,5,2,13,2,32,2,8,6,4,7,9,1,10,2,13,,101,,1,21,121.549674,25.06163354
113,9,10,19,15,2,03中山區,中山區吉林路與民權東路2段口,0,0,1,1,B02,8,5,5,50,4,2,1,5,4,5,13,1,1,3,4,5,2,13,1,32,3,10,7,1,7,6,1,8,1,7,,44,,1,21,121.530361,25.06269889
113,9,10,19,15,2,03中山區,中山區吉林路與民權東路2段口,0,0,1,2,C03,8,5,5,50,4,2,1,5,4,5,13,1,1,3,4,5,2,13,2,23,3,10,6,1,7,9,1,10,1,11,,16,,1,21,121.530361,25.06269889
113,9,10,19,15,2,03中山區,中山區吉林路與民權東路2段口,0,0,1,3,H02,8,5,5,50,4,2,1,5,4,5,13,1,1,3,4,5,2,13,2,23,2,8,6,5,7,20,8,20,10,16,,67,,1,21,121.530361,25.06269889
113,9,10,19,40,2,08士林區,士林區忠誠路2段與德行東路口,0,0,1,1,C03,8,5,5,0,14,20,4,5,4,5,13,4,4,10,5,5,2,9,1,51,3,10,3,4,7,9,6,10,1,17,,99,,1,21,121.5305896,25.108977
113,9,10,19,40,2,08士林區,士林區忠誠路2段與德行東路口,0,0,1,2,H01,8,5,5,0,14,20,4,5,4,5,13,4,4,10,5,5,2,9,2,62,2,7,4,5,8,16,8,20,10,16,,67,,1,21,121.5305896,25.108977
113,9,10,19,40,2,08士林區,士林區忠誠路2段與德行東路口,0,0,1,3,H02,8,5,5,0,14,20,4,5,4,5,13,4,4,10,5,5,2,9,2,41,3,10,3,5,7,20,8,20,10,16,,60,,1,21,121.5305896,25.108977
113,9,10,21,11,2,07信義區,信義區基隆路1段200號,0,0,2,1,C03,8,5,5,50,10,7,1,5,4,5,13,1,1,9,5,5,2,16,1,30,2,9,5,1,7,12,6,10,2,12,,16,,1,21,121.5638226,25.0402565
113,9,10,21,11,2,07信義區,信義區基隆路1段200號,0,0,2,2,C03,8,5,5,50,10,7,1,5,4,5,13,1,1,9,5,5,2,16,2,56,2,9,5,1,7,9,1,10,2,14,,44,,1,21,121.5638226,25.0402565
113,9,10,21,11,2,07信義區,信義區基隆路1段200號,0,0,2,3,B03,8,5,5,50,10,7,1,5,4,5,13,1,1,9,5,5,2,16,1,50,3,10,7,1,7,9,1,8,9,17,,44,,1,21,121.5638226,25.0402565
113,9,10,22,5,2,12內湖區,內湖區內湖路1段669號,0,0,3,1,E03,8,5,5,40,14,9,1,5,4,5,13,4,4,1,3,5,1,12,1,41,3,10,7,1,7,1,1,8,2,17,,19,,1,21,121.5759546,25.0798498
113,9,10,22,5,2,12內湖區,內湖區內湖路1段669號,0,0,3,2,C03,8,5,5,40,14,9,1,5,4,5,13,4,4,1,3,5,1,12,2,19,2,9,6,1,7,9,1,10,2,11,,16,,1,21,121.5759546,25.0798498
113,9,10,22,5,2,12內湖區,內湖區內湖路1段669號,0,0,3,3,C03,8,5,5,40,14,9,1,5,4,5,13,4,4,1,3,5,1,12,2,60,2,8,5,1,7,9,1,10,2,13,,44,,1,21,121.5759546,25.0798498
113,9,10,22,5,2,12內湖區,內湖區內湖路1段669號,0,0,3,4,H02,8,5,5,40,14,9,1,5,4,5,13,4,4,1,3,5,1,12,2,19,2,8,4,5,7,17,8,20,10,16,,67,,1,21,121.5759546,25.0798498
113,9,10,22,35,2,04大安區,大安區光復南路116巷與光復南路108巷口,0,0,1,1,C03,8,5,5,30,4,1,1,5,4,5,13,4,4,10,5,5,2,15,1,17,2,9,3,4,7,9,2,18,1,11,,4,,1,21,121.5570693,25.043047
113,9,10,22,35,2,04大安區,大安區光復南路116巷與光復南路108巷口,0,0,1,2,B02,8,5,5,30,4,1,1,5,4,5,13,4,4,10,5,5,2,15,1,47,3,10,3,4,7,9,1,8,1,8,,44,,1,21,121.5570693,25.043047
113,9,10,22,47,2,02萬華區,萬華區康定路與康定路152巷口,0,0,2,3,C03,8,5,5,50,4,2,1,5,4,5,13,4,4,5,5,5,2,17,1,35,2,9,6,1,7,9,1,10,1,11,,44,,1,26,121.5019207,25.03972489
113,9,10,22,47,2,02萬華區,萬華區康定路與康定路152巷口,0,0,2,1,C03,8,5,5,50,4,2,1,5,4,5,13,4,4,5,5,5,2,17,1,48,3,10,5,1,7,1,1,10,1,11,,19,,1,26,121.5019207,25.03972489
113,9,10,22,47,2,02萬華區,萬華區康定路與康定路152巷口,0,0,2,2,C03,8,5,5,50,4,2,1,5,4,5,13,4,4,5,5,5,2,17,2,20,2,9,6,1,7,9,1,10,1,11,,44,,1,26,121.5019207,25.03972489
113,9,10,23,0,2,03中山區,中山區民權東路3段與合江街口,0,0,1,1,C03,8,5,5,50,3,2,1,5,4,5,13,4,4,1,4,5,2,13,1,19,2,9,3,4,7,9,1,10,6,11,,107,,1,26,121.5416369,25.0622253
113,9,10,23,0,2,03中山區,中山區民權東路3段與合江街口,0,0,1,2,A31,8,5,5,50,3,2,1,5,4,5,13,4,4,1,4,5,2,13,1,57,3,10,3,4,7,14,1,1,1,3,,38,,1,26,121.5416369,25.0622253
113,9,10,23,41,2,05中正區,中正區水源快速道路往北師大路匝道,0,0,1,1,B03,8,5,5,50,10,16,1,5,4,5,13,1,1,1,4,5,2,13,2,63,3,10,7,2,7,9,1,8,2,1,,111,,1,22,121.5228834,25.0200271
113,9,10,23,41,2,05中正區,中正區水源快速道路往北師大路匝道,0,0,1,2,B01,8,5,5,50,10,16,1,5,4,5,13,1,1,1,4,5,2,13,1,49,2,2,7,1,7,14,1,4,2,3,,44,,1,22,121.5228834,25.0200271
113,9,11,4,23,2,03中山區,中山區五常街與五常街53巷口,0,0,1,1,B12,8,5,5,30,3,1,1,5,4,5,13,1,1,5,5,5,2,17,1,39,3,10,7,1,7,5,6,8,1,1,,71,,1,21,121.5396218,25.06436249
113,9,11,4,23,2,03中山區,中山區五常街與五常街53巷口,0,0,1,2,C03,8,5,5,30,3,1,1,5,4,5,13,1,1,5,5,5,2,17,1,18,2,9,5,1,7,9,3,18,1,11,,108,,1,21,121.5396218,25.06436249
113,9,11,6,51,2,06松山區,松山區撫遠街413號,0,0,1,1,B03,8,7,5,50,11,9,1,5,4,5,13,4,4,5,5,4,1,17,1,74,3,10,7,1,7,5,1,8,1,4,,19,,1,21,121.565284,25.067373
113,9,11,6,51,2,06松山區,松山區撫遠街413號,0,0,1,2,C03,8,7,5,50,11,9,1,5,4,5,13,4,4,5,5,4,1,17,2,48,2,9,6,1,7,9,1,9,1,11,,44,,1,21,121.565284,25.067373
113,9,11,6,52,2,08士林區,士林區忠誠路2段與忠誠路2段178巷口,0,0,1,1,B03,8,6,5,30,3,2,1,5,4,5,13,4,4,1,4,1,2,17,2,43,3,10,7,1,7,9,1,8,1,1,,108,,1,21,121.5336026,25.11593622
113,9,11,6,52,2,08士林區,士林區忠誠路2段與忠誠路2段178巷口,0,0,1,2,F01,8,6,5,30,3,2,1,5,4,5,13,4,4,1,4,1,2,17,1,12,2,8,4,1,7,11,8,20,1,11,,108,,1,14,121.5336026,25.11593622
113,9,11,7,1,2,11南港區,南港區經貿二路與經貿二路105巷口,0,0,1,1,B03,8,7,8,30,4,2,1,5,4,5,13,2,1,1,4,5,2,16,2,45,3,10,3,4,7,6,1,10,1,5,,9,,1,21,121.6169692,25.0580389
113,9,11,7,1,2,11南港區,南港區經貿二路與經貿二路105巷口,0,0,1,2,C03,8,7,8,30,4,2,1,5,4,5,13,2,1,1,4,5,2,16,1,59,2,9,6,4,7,9,1,10,1,11,,99,,1,21,121.6169692,25.0580389
113,9,11,7,7,2,03中山區,中山區長安東路2段與建國北路1段口,0,0,1,1,C03,8,6,5,50,4,1,1,5,4,5,13,2,1,5,4,5,2,16,1,25,2,9,6,1,7,9,1,10,1,14,,86,,1,22,121.5365077,25.0483276