發生年度,發生月,發生日,發生時-Hours,發生分,處理別-編號,區序,肇事地點,死亡人數,2-30日死亡人數,受傷人數,當事人序號,車種,天候,道路照明設備,道路類別,速限-速度限制,道路型態,事故位置,路面狀況1,路面狀況2,路面狀況3,道路障礙1,道路障礙2,號誌1,號誌2,車道劃分-分向,車道劃分-分道1,車道劃分-分道2,車道劃分-分道3,事故類型及型態,性別,年齡,受傷程度,主要傷處,保護裝置,行動電話,車輛用途,當事者行動狀態,駕駛資格情形,駕駛執照種類,飲酒情形,車輛撞擊部位1,車輛撞擊部位2,肇因碼-個別,肇因碼-主要,個人肇逃否,職業,座標-X,座標-Y
113,9,11,7,7,2,03中山區,中山區長安東路2段與建國北路1段口,0,0,1,2,B03,8,6,5,50,4,1,1,5,4,5,13,2,1,5,4,5,2,16,1,54,3,10,7,1,7,6,1,8,1,5,,44,,1,22,121.5365077,25.0483276
113,9,11,7,10,2,05中正區,中正區金山南路1段25號,0,0,1,2,A05,8,6,5,50,14,9,1,5,4,5,13,4,4,2,4,5,2,13,1,44,3,10,2,1,7,14,1,2,2,6,,38,,1,22,121.5283148,25.0375943
113,9,11,7,10,2,05中正區,中正區金山南路1段25號,0,0,1,1,C03,8,6,5,50,14,9,1,5,4,5,13,4,4,2,4,5,2,13,1,19,2,9,5,1,7,9,1,10,2,11,,108,,1,22,121.5283148,25.0375943
113,9,11,7,18,2,05中正區,中正區忠孝西路1段與懷寧街口,0,0,1,1,C03,8,5,5,50,14,9,1,5,4,5,13,4,4,1,4,5,2,12,1,39,2,9,5,1,7,7,1,10,2,14,,100,,1,21,121.5145258,25.0468409
113,9,11,7,18,2,05中正區,中正區忠孝西路1段與懷寧街口,0,0,1,2,A04,8,5,5,50,14,9,1,5,4,5,13,4,4,1,4,5,2,12,1,54,3,10,7,1,7,9,1,2,2,2,,44,,1,21,121.5145258,25.0468409
113,9,11,7,20,2,10文山區,文山區政大三街與政大三街口口,0,0,1,1,B03,8,6,5,50,3,1,1,5,4,5,13,4,4,10,5,5,2,16,2,41,3,10,7,1,7,6,1,8,2,4,,80,,1,21,121.5821089,24.985881
113,9,11,7,20,2,10文山區,文山區政大三街與政大三街口口,0,0,1,2,C03,8,6,5,50,3,1,1,5,4,5,13,4,4,10,5,5,2,16,2,72,2,9,6,1,7,9,1,11,2,12,,107,,1,21,121.5821089,24.985881
113,9,11,7,42,2,11南港區,南港區研究院路1段與研究院路1段130巷口,0,0,1,2,C03,8,6,5,50,4,2,1,5,4,5,12,1,1,5,4,5,2,13,2,31,2,5,5,1,7,14,1,10,1,13,,44,,1,21,121.6158229,25.0490667
113,9,11,7,42,2,11南港區,南港區研究院路1段與研究院路1段130巷口,0,0,1,1,B03,8,6,5,50,4,2,1,5,4,5,12,1,1,5,4,5,2,13,1,56,3,10,7,1,7,9,1,8,1,1,,16,,1,21,121.6158229,25.0490667
113,9,11,7,58,2,03中山區,中山區明水路與樂群一路口往東,0,0,1,1,C03,8,6,5,50,14,9,1,5,4,5,13,4,4,1,4,4,2,12,2,34,2,9,6,1,7,9,1,10,2,15,,108,,1,21,121.551938,25.077227
113,9,11,7,58,2,03中山區,中山區明水路與樂群一路口往東,0,0,1,2,B03,8,6,5,50,14,9,1,5,4,5,13,4,4,1,4,4,2,12,1,40,3,10,7,1,7,14,1,8,2,4,,44,,1,21,121.551938,25.077227
113,9,11,8,0,2,02萬華區,萬華區梧州街與桂林路口,0,0,1,1,C03,8,7,5,30,4,2,1,5,4,5,13,4,4,5,4,4,2,17,1,27,2,8,5,1,7,5,1,10,1,14,,72,,1,21,121.4976836,25.03845112
113,9,11,8,0,2,02萬華區,萬華區梧州街與桂林路口,0,0,1,2,C03,8,7,5,30,4,2,1,5,4,5,13,4,4,5,4,4,2,17,2,22,3,10,5,1,7,9,1,10,1,11,,13,,1,21,121.4976836,25.03845112
113,9,11,8,5,2,12內湖區,內湖區安康路與安康路228巷口,0,0,2,1,B01,8,6,5,30,4,1,1,5,4,5,13,2,1,5,4,5,2,16,1,63,3,10,7,1,7,6,1,4,2,5,,9,,1,21,121.6033118,25.06310814
113,9,11,8,5,2,12內湖區,內湖區安康路與安康路228巷口,0,0,2,2,C03,8,6,5,30,4,1,1,5,4,5,13,2,1,5,4,5,2,16,1,29,2,9,5,1,7,9,1,10,2,14,,44,,1,21,121.6033118,25.06310814
113,9,11,8,5,2,12內湖區,內湖區安康路與安康路228巷口,0,0,2,3,H02,8,6,5,30,4,1,1,5,4,5,13,2,1,5,4,5,2,16,2,61,2,9,5,5,7,21,8,20,10,16,,67,,1,21,121.6033118,25.06310814
113,9,11,8,5,2,11南港區,南港區南港路3段47巷,0,0,1,1,B03,8,6,5,50,14,9,1,5,4,5,13,4,4,9,4,5,2,16,1,52,3,10,7,1,7,5,1,8,1,6,,8,,1,21,121.5902366,25.053216
113,9,11,8,5,2,11南港區,南港區南港路3段47巷,0,0,1,2,C03,8,6,5,50,14,9,1,5,4,5,13,4,4,9,4,5,2,16,2,27,2,9,5,1,7,9,1,10,1,11,,44,,1,21,121.5902366,25.053216
113,9,11,8,5,2,07信義區,信義區和平東路3段599號,0,0,1,1,C03,8,6,5,40,14,9,1,5,4,5,13,2,1,5,5,5,2,13,2,52,2,8,3,4,7,9,1,10,1,11,,16,,1,21,121.5624747,25.0140273
113,9,11,8,5,2,07信義區,信義區和平東路3段599號,0,0,1,2,C03,8,6,5,40,14,9,1,5,4,5,13,2,1,5,5,5,2,13,2,53,3,10,3,4,7,12,1,10,1,13,,44,,1,21,121.5624747,25.0140273
113,9,11,8,10,2,03中山區,中山區建國北路1段與南京東路3段口,0,0,2,1,C03,8,5,5,50,4,2,1,5,4,5,13,2,1,3,2,5,2,13,1,32,2,9,3,4,7,9,1,10,1,11,,108,,1,21,121.5371352,25.05205327
113,9,11,8,10,2,03中山區,中山區建國北路1段與南京東路3段口,0,0,2,2,C03,8,5,5,50,4,2,1,5,4,5,13,2,1,3,2,5,2,13,2,41,2,9,3,4,7,12,1,10,1,13,,44,,1,21,121.5371352,25.05205327
113,9,11,8,15,2,11南港區,南港區昆陽街161號,0,0,1,1,B03,8,6,5,50,14,9,1,5,4,5,13,4,4,5,5,5,2,16,1,34,3,10,3,4,7,5,1,8,1,8,,8,,1,21,121.5943089,25.0491509
113,9,11,8,15,2,11南港區,南港區昆陽街161號,0,0,1,2,C03,8,6,5,50,14,9,1,5,4,5,13,4,4,5,5,5,2,16,1,45,2,9,6,1,7,9,1,10,1,14,,44,,1,21,121.5943089,25.0491509
113,9,11,8,23,2,03中山區,中山區吉林路119巷與吉林路口,0,0,1,1,B01,8,7,5,30,4,1,1,5,4,5,13,4,4,10,5,5,2,15,1,61,3,10,7,1,7,9,1,2,1,2,,72,,1,21,121.5301811,25.0568176
113,9,11,8,23,2,03中山區,中山區吉林路119巷與吉林路口,0,0,1,2,C03,8,7,5,30,4,1,1,5,4,5,13,4,4,10,5,5,2,15,1,29,2,9,6,1,7,9,1,10,1,11,,44,,1,21,121.5301811,25.0568176
113,9,11,8,30,2,06松山區,松山區民權東路4段180號對面,0,0,2,1,B12,8,6,5,50,22,8,1,5,4,5,13,1,1,1,4,4,2,16,1,41,3,10,7,1,7,6,1,8,1,6,,9,,1,21,121.5592338,25.0624453
113,9,11,8,30,2,06松山區,松山區民權東路4段180號對面,0,0,2,2,C03,8,6,5,50,22,8,1,5,4,5,13,1,1,1,4,4,2,16,1,20,2,9,5,1,7,9,1,10,1,11,,44,,1,21,121.5592338,25.0624453
113,9,11,8,30,2,06松山區,松山區民權東路4段180號對面,0,0,2,3,H02,8,6,5,50,22,8,1,5,4,5,13,1,1,1,4,4,2,16,1,20,2,9,5,5,7,20,8,20,10,16,,67,,1,21,121.5592338,25.0624453
113,9,11,8,36,2,08士林區,士林區百齡橋與承德路5段口引道,0,0,1,1,B03,8,6,5,30,3,2,1,5,4,5,13,4,4,1,4,5,1,17,2,54,3,10,7,1,7,7,1,6,1,4,,73,,1,21,121.515242,25.09040603
113,9,11,8,36,2,08士林區,士林區百齡橋與承德路5段口引道,0,0,1,2,C03,8,6,5,30,3,2,1,5,4,5,13,4,4,1,4,5,1,17,1,43,2,9,5,1,7,9,1,10,1,12,,44,,1,21,121.515242,25.09040603
113,9,11,8,37,2,04大安區,大安區四維路124巷與無名巷口,0,0,2,1,C03,8,6,5,30,3,1,1,5,4,5,13,4,4,10,5,5,2,15,1,43,2,9,6,1,7,9,1,10,1,12,,108,,1,21,121.546992,25.0317026
113,9,11,8,37,2,04大安區,大安區四維路124巷與無名巷口,0,0,2,2,C03,8,6,5,30,3,1,1,5,4,5,13,4,4,10,5,5,2,15,1,23,2,8,6,1,7,9,1,10,1,11,,44,,1,21,121.546992,25.0317026
113,9,11,8,51,2,04大安區,大安區東豐街與復興南路1段279巷30弄口,0,0,1,1,B11,8,5,5,50,4,2,1,5,4,5,13,4,4,4,3,4,2,17,1,64,3,10,7,1,7,6,1,8,1,17,,80,,1,21,121.5450882,25.0360088
113,9,11,8,51,2,04大安區,大安區東豐街與復興南路1段279巷30弄口,0,0,1,2,F02,8,5,5,50,4,2,1,5,4,5,13,4,4,4,3,4,2,17,1,39,2,9,2,1,7,9,8,20,1,17,,44,,1,21,121.5450882,25.0360088
113,9,11,8,51,2,04大安區,大安區東豐街與復興南路1段279巷30弄口,0,0,1,3,B03,8,5,5,50,4,2,1,5,4,5,13,4,4,4,3,4,2,17,1,64,3,10,7,1,7,13,1,8,1,4,,42,,1,21,121.5450882,25.0360088
113,9,11,8,55,2,03中山區,中山區中山北路2段183巷與中山北路2段口,0,0,3,1,C03,8,7,5,50,3,2,1,5,4,5,13,4,4,1,4,5,2,13,2,19,2,9,6,1,7,9,1,10,1,11,,108,,1,25,121.5225205,25.0636843
113,9,11,8,55,2,03中山區,中山區中山北路2段183巷與中山北路2段口,0,0,3,3,C03,8,7,5,50,3,2,1,5,4,5,13,4,4,1,4,5,2,13,1,21,2,7,6,1,7,9,1,10,1,13,,44,,1,26,121.5225205,25.0636843
113,9,11,8,55,2,03中山區,中山區中山北路2段183巷與中山北路2段口,0,0,3,2,C03,8,7,5,50,3,2,1,5,4,5,13,4,4,1,4,5,2,13,2,18,2,3,6,1,7,9,1,10,1,13,,44,,1,25,121.5225205,25.0636843
113,9,11,8,55,2,03中山區,中山區中山北路2段183巷與中山北路2段口,0,0,3,4,C03,8,7,5,50,3,2,1,5,4,5,13,4,4,1,4,5,2,13,2,18,3,10,6,1,7,9,1,10,1,11,,108,,1,25,121.5225205,25.0636843
113,9,11,8,55,2,03中山區,中山區中山北路2段183巷與中山北路2段口,0,0,3,5,H03,8,7,5,50,3,2,1,5,4,5,13,4,4,1,4,5,2,13,1,76,3,10,4,5,8,20,8,20,10,16,,127,,1,26,121.5225205,25.0636843
113,9,11,8,55,2,03中山區,中山區中山北路2段183巷與中山北路2段口,0,0,3,6,A12,8,7,5,50,3,2,1,5,4,5,13,4,4,1,4,5,2,13,1,42,3,10,7,1,7,14,1,2,9,17,,44,,1,26,121.5225205,25.0636843
113,9,11,9,3,2,03中山區,中山區松江路與長春路口,0,0,1,1,C03,8,7,5,50,4,1,1,5,4,5,13,2,1,9,4,5,2,17,1,55,2,9,5,1,7,9,3,18,1,14,,118,,1,21,121.5329592,25.0547957
113,9,11,9,3,2,03中山區,中山區松江路與長春路口,0,0,1,2,B03,8,7,5,50,4,1,1,5,4,5,13,2,1,9,4,5,2,17,1,68,3,10,7,1,7,9,1,8,1,2,,118,,1,21,121.5329592,25.0547957
113,9,11,9,8,2,11南港區,南港區忠孝東路6段與昆陽街口,0,0,2,1,C03,8,6,5,50,4,2,1,5,4,5,13,1,1,5,4,5,2,17,1,32,2,7,5,1,7,6,1,10,1,12,,9,,1,21,121.5940757,25.0503595
113,9,11,9,8,2,11南港區,南港區忠孝東路6段與昆陽街口,0,0,2,2,C03,8,6,5,50,4,2,1,5,4,5,13,1,1,5,4,5,2,17,2,32,2,7,5,1,7,9,1,10,1,11,,44,,1,21,121.5940757,25.0503595
113,9,11,9,11,2,11南港區,南港區松河街358號,0,0,2,3,B02,8,6,5,40,14,9,1,5,4,5,13,4,4,9,4,5,2,16,1,29,3,10,3,4,7,13,1,8,9,4,,44,,1,21,121.586242,25.0537402
113,9,11,9,11,2,11南港區,南港區松河街358號,0,0,2,1,C03,8,6,5,40,14,9,1,5,4,5,13,4,4,9,4,5,2,16,1,31,2,9,5,1,7,1,1,10,1,14,,19,,1,21,121.586242,25.0537402
113,9,11,9,11,2,11南港區,南港區松河街358號,0,0,2,2,C03,8,6,5,40,14,9,1,5,4,5,13,4,4,9,4,5,2,16,1,37,2,9,5,1,7,9,1,10,1,11,,13,,1,21,121.586242,25.0537402
113,9,11,9,19,2,08士林區,士林區福林路與福林路100巷口,0,0,1,1,B12,8,7,5,50,3,1,1,5,4,5,13,3,1,5,5,5,2,17,1,26,3,10,7,1,7,6,1,8,2,1,,9,,1,21,121.5312326,25.09514584
113,9,11,9,19,2,08士林區,士林區福林路與福林路100巷口,0,0,1,2,C03,8,7,5,50,3,1,1,5,4,5,13,3,1,5,5,5,2,17,2,24,2,8,6,1,7,9,1,10,2,11,,44,,1,21,121.5312326,25.09514584
113,9,11,9,22,2,08士林區,士林區福林路與忠勇街口,0,0,1,1,C03,8,7,5,50,4,1,1,5,4,5,13,2,1,9,4,5,1,17,1,18,3,10,5,1,7,5,1,10,2,14,,8,,1,21,121.5344547,25.09795308
113,9,11,9,22,2,08士林區,士林區福林路與忠勇街口,0,0,1,2,C03,8,7,5,50,4,1,1,5,4,5,13,2,1,9,4,5,1,17,1,24,2,9,5,1,7,9,1,10,2,12,,44,,1,21,121.5344547,25.09795308
113,9,11,9,24,2,10文山區,文山區木柵路4段與信義快速道路口口,0,0,1,1,B12,8,6,5,50,5,2,1,5,4,5,13,1,1,1,5,5,1,23,1,43,2,7,7,1,7,6,3,18,5,8,,107,,1,21,121.5767329,25.0003163
113,9,11,9,24,2,10文山區,文山區木柵路4段與信義快速道路口口,0,0,1,2,,8,6,5,50,5,2,1,5,4,5,13,1,1,1,5,5,1,23,3,0,,,,,,,,,,,,67,,1,,121.5767329,25.0003163
113,9,11,9,30,2,01大同區,大同區延平北路1段與鄭州路口,0,0,1,1,C03,8,5,5,40,4,1,1,5,4,5,13,2,1,9,4,5,1,17,1,31,2,8,5,4,7,9,1,10,1,11,,44,,1,21,121.5118077,25.0497926
113,9,11,9,30,2,01大同區,大同區延平北路1段與鄭州路口,0,0,1,2,B03,8,5,5,40,4,1,1,5,4,5,13,2,1,9,4,5,1,17,1,26,3,10,2,4,7,6,1,14,1,6,,9,,1,21,121.5118077,25.0497926
113,9,11,9,30,2,07信義區,信義區信義快速道路往北(出文山隧道),0,0,3,1,A31,7,5,5,70,10,7,1,5,4,5,13,4,4,10,3,5,1,13,1,29,3,10,7,1,7,9,1,1,2,1,,16,,1,21,121.577452,25.0220408
113,9,11,9,30,2,07信義區,信義區信義快速道路往北(出文山隧道),0,0,3,2,B03,7,5,5,70,10,7,1,5,4,5,13,4,4,10,3,5,1,13,1,41,2,2,7,1,7,14,1,8,9,3,,44,,1,21,121.577452,25.0220408
113,9,11,9,30,2,07信義區,信義區信義快速道路往北(出文山隧道),0,0,3,3,B03,7,5,5,70,10,7,1,5,4,5,13,4,4,10,3,5,1,13,2,43,2,9,7,1,7,14,1,8,2,3,,44,,1,21,121.577452,25.0220408
113,9,11,9,30,2,07信義區,信義區信義快速道路往北(出文山隧道),0,0,3,4,B03,7,5,5,70,10,7,1,5,4,5,13,4,4,10,3,5,1,13,1,46,2,2,7,1,7,14,1,8,2,3,,44,,1,21,121.577452,25.0220408
113,9,11,9,30,2,07信義區,信義區信義快速道路往北(出文山隧道),0,0,3,5,B03,7,5,5,70,10,7,1,5,4,5,13,4,4,10,3,5,1,13,2,57,3,10,7,1,7,9,1,8,2,3,,44,,1,21,121.577452,25.0220408
113,9,11,9,49,2,07信義區,信義區東興路與市民大道5段口,0,0,2,1,C03,8,6,5,50,4,1,1,5,4,5,13,2,1,5,4,5,2,12,1,34,2,7,3,4,7,9,1,10,2,12,,101,,1,21,121.5658332,25.0483581
113,9,11,9,49,2,07信義區,信義區東興路與市民大道5段口,0,0,2,2,C04,8,6,5,50,4,1,1,5,4,5,13,2,1,5,4,5,2,12,2,28,2,9,3,4,7,9,1,10,2,14,,44,,1,21,121.5658332,25.0483581
113,9,11,10,16,2,01大同區,大同區延平北路3段與民權西路口,0,0,1,1,B13,8,6,5,50,4,2,1,5,4,5,13,2,1,1,4,5,2,13,1,21,3,10,3,4,7,15,1,8,2,3,,14,,1,22,121.5112198,25.0630344
113,9,11,10,16,2,01大同區,大同區延平北路3段與民權西路口,0,0,1,2,C03,8,6,5,50,4,2,1,5,4,5,13,2,1,1,4,5,2,13,2,38,2,9,6,4,7,9,1,9,2,11,,108,,1,22,121.5112198,25.0630344
113,9,11,10,40,2,07信義區,信義區松高路1號,0,0,1,1,C03,8,7,5,50,14,9,1,5,4,5,13,4,4,5,5,5,2,16,1,55,2,9,6,1,7,1,1,10,1,12,,19,,1,21,121.5640244,25.0392203
113,9,11,10,40,2,07信義區,信義區松高路1號,0,0,1,2,B03,8,7,5,50,14,9,1,5,4,5,13,4,4,5,5,5,2,16,1,62,3,10,7,1,7,9,1,8,1,1,,44,,1,21,121.5640244,25.0392203
113,9,11,10,58,2,02萬華區,萬華區萬大路與萬大路329巷口,0,0,1,1,B03,8,6,5,30,4,1,1,5,4,5,13,2,1,1,4,5,1,17,2,43,3,10,3,4,7,11,1,8,1,5,,10,,1,22,121.5003351,25.0243482
113,9,11,10,58,2,02萬華區,萬華區萬大路與萬大路329巷口,0,0,1,2,C03,8,6,5,30,4,1,1,5,4,5,13,2,1,1,4,5,1,17,1,49,2,9,3,4,7,9,1,10,1,14,,44,,1,22,121.5003351,25.0243482
113,9,11,11,0,2,04大安區,大安區忠孝東路4段335號,0,0,1,1,C03,8,6,5,50,14,9,1,5,4,5,13,4,4,1,4,5,2,13,1,27,2,9,5,1,7,7,1,10,1,11,,107,,1,21,121.5575594,25.0414022
113,9,11,11,0,2,04大安區,大安區忠孝東路4段335號,0,0,1,2,B13,8,6,5,50,14,9,1,5,4,5,13,4,4,1,4,5,2,13,1,49,3,10,7,1,7,9,1,8,1,7,,44,,1,21,121.5575594,25.0414022
113,9,11,11,30,2,09北投區,北投區北投路2段與大業路516巷口,0,0,1,1,B03,8,5,5,50,4,1,1,5,4,5,13,1,1,5,4,5,2,16,1,66,3,10,3,4,7,6,1,8,2,2,,9,,1,21,121.4975168,25.1326284
113,9,11,11,30,2,09北投區,北投區北投路2段與大業路516巷口,0,0,1,2,C03,8,5,5,50,4,1,1,5,4,5,13,1,1,5,4,5,2,16,1,56,2,9,3,4,7,9,1,10,2,14,,44,,1,21,121.4975168,25.1326284
113,9,11,11,50,2,02萬華區,萬華區環河南路1段與武昌街2段口,0,0,3,1,C03,8,5,5,50,4,1,1,5,4,5,13,1,1,9,5,5,2,17,1,21,2,9,6,4,7,9,6,18,3,11,,81,,1,21,121.5024917,25.04578542
113,9,11,11,50,2,02萬華區,萬華區環河南路1段與武昌街2段口,0,0,3,2,C03,8,5,5,50,4,1,1,5,4,5,13,1,1,9,5,5,2,17,1,68,2,9,5,4,7,9,1,10,2,13,,44,,1,21,121.5024917,25.04578542
113,9,11,11,50,2,02萬華區,萬華區環河南路1段與武昌街2段口,0,0,3,3,H02,8,5,5,50,4,1,1,5,4,5,13,1,1,9,5,5,2,17,2,21,2,9,4,5,7,20,8,20,10,17,,67,,1,21,121.5024917,25.04578542
113,9,11,11,52,2,04大安區,大安區四維路與四維路76巷口,0,0,1,1,B03,8,6,5,30,4,1,1,5,4,5,13,4,4,10,5,5,1,14,1,74,3,10,3,4,7,2,1,8,1,6,,12,,1,21,121.548064,25.0342498
113,9,11,11,52,2,04大安區,大安區四維路與四維路76巷口,0,0,1,2,B03,8,6,5,30,4,1,1,5,4,5,13,4,4,10,5,5,1,14,1,62,3,10,3,4,7,9,1,4,1,5,,80,,1,21,121.548064,25.0342498
113,9,11,11,52,2,04大安區,大安區四維路與四維路76巷口,0,0,1,3,H02,8,6,5,30,4,1,1,5,4,5,13,4,4,10,5,5,1,14,1,66,2,2,4,5,7,20,8,20,10,16,,67,,1,21,121.548064,25.0342498
113,9,11,11,55,2,09北投區,北投區中央北路2段260號,0,0,2,1,C03,8,6,5,50,11,9,1,5,4,5,13,1,1,9,4,5,2,16,2,50,2,8,5,1,7,5,1,10,1,11,,8,,1,21,121.4912551,25.138566
113,9,11,11,55,2,09北投區,北投區中央北路2段260號,0,0,2,2,C03,8,6,5,50,11,9,1,5,4,5,13,1,1,9,4,5,2,16,2,21,2,8,6,1,7,9,1,10,1,11,,13,,1,21,121.4912551,25.138566
113,9,11,12,5,2,04大安區,大安區和平東路3段與敦化南路2段口口,0,0,1,1,B03,8,6,5,50,4,1,1,5,4,5,13,2,1,1,4,5,2,3,1,53,3,10,3,4,7,5,1,8,1,1,,70,,1,22,121.5483812,25.0246227
113,9,11,12,5,2,04大安區,大安區和平東路3段與敦化南路2段口口,0,0,1,2,H01,8,6,5,50,4,1,1,5,4,5,13,2,1,1,4,5,2,3,1,75,2,9,4,5,8,18,8,20,10,16,,67,,1,22,121.5483812,25.0246227
113,9,11,12,7,2,04大安區,大安區忠孝東路3段與新生南路1段口,0,0,1,1,C03,8,6,5,50,14,9,1,5,4,5,13,4,4,1,4,5,2,17,1,48,3,10,6,4,7,10,1,10,1,12,,101,,1,22,121.5333654,25.0423482
113,9,11,12,7,2,04大安區,大安區忠孝東路3段與新生南路1段口,0,0,1,2,C03,8,6,5,50,14,9,1,5,4,5,13,4,4,1,4,5,2,17,2,42,2,8,6,4,7,9,1,10,1,14,,44,,1,22,121.5333654,25.0423482
113,9,11,12,7,2,04大安區,大安區忠孝東路3段與新生南路1段口,0,0,1,3,B03,8,6,5,50,14,9,1,5,4,5,13,4,4,1,4,5,2,17,2,33,3,10,3,4,7,14,1,8,1,2,,44,,1,22,121.5333654,25.0423482
113,9,11,12,10,2,10文山區,文山區保儀路與忠順街2段口口,0,0,1,1,B03,8,6,5,30,4,1,1,5,4,5,13,2,1,10,5,5,2,16,1,24,3,10,7,1,7,6,1,8,1,2,,9,,1,21,121.5667444,24.9847934
113,9,11,12,10,2,10文山區,文山區保儀路與忠順街2段口口,0,0,1,2,C03,8,6,5,30,4,1,1,5,4,5,13,2,1,10,5,5,2,16,1,39,2,9,6,1,7,9,1,10,1,14,,44,,1,21,121.5667444,24.9847934
113,9,11,12,25,2,01大同區,大同區昌吉街與承德路3段28巷3弄口,0,0,1,1,B01,8,6,5,50,5,2,1,5,4,5,13,4,4,9,5,5,2,14,1,66,3,10,7,1,7,2,1,4,2,6,,12,,1,21,121.5177409,25.0658364
113,9,11,12,25,2,01大同區,大同區昌吉街與承德路3段28巷3弄口,0,0,1,2,C03,8,6,5,50,5,2,1,5,4,5,13,4,4,9,5,5,2,14,2,20,2,8,6,1,7,14,1,10,2,11,,44,,1,21,121.5177409,25.0658364
113,9,11,12,50,2,09北投區,北投區豐年路2段與中央北路2段237巷口,0,0,1,1,B03,8,6,5,30,3,1,1,5,4,5,13,4,4,10,5,5,2,10,1,67,3,10,7,1,7,9,1,8,2,1,,72,,1,21,121.4934689,25.1369244
113,9,11,12,50,2,09北投區,北投區豐年路2段與中央北路2段237巷口,0,0,1,2,C03,8,6,5,30,3,1,1,5,4,5,13,4,4,10,5,5,2,10,2,57,2,9,5,1,7,9,1,10,2,11,,13,,1,21,121.4934689,25.1369244
113,9,11,13,5,2,08士林區,士林區格致路與凱旋路口,0,0,1,1,B03,8,6,5,30,3,2,1,5,4,5,13,2,1,8,5,5,1,17,2,46,3,10,7,1,7,5,1,8,1,4,,108,,1,21,121.5463459,25.1367745
113,9,11,13,5,2,08士林區,士林區格致路與凱旋路口,0,0,1,2,C03,8,6,5,30,3,2,1,5,4,5,13,2,1,8,5,5,1,17,2,20,2,9,5,1,7,9,1,10,1,11,,13,,1,21,121.5463459,25.1367745
113,9,11,13,22,2,10文山區,文山區木新路3段與木新路3段183巷口,0,0,1,1,B01,8,6,5,50,3,1,1,5,4,5,13,4,4,10,5,5,2,16,1,52,3,10,7,1,7,5,1,4,1,6,,118,,1,21,121.5602857,24.9815612
113,9,11,13,22,2,10文山區,文山區木新路3段與木新路3段183巷口,0,0,1,2,C03,8,6,5,50,3,1,1,5,4,5,13,4,4,10,5,5,2,16,2,22,2,9,5,1,7,9,1,10,1,11,,118,,1,21,121.5602857,24.9815612
113,9,11,13,25,2,03中山區,中山區新生北路3段與德惠街口,0,0,1,1,B03,8,6,5,50,4,1,2,5,4,5,13,1,1,1,4,5,2,15,1,83,3,10,7,1,7,9,1,8,2,8,,81,,1,22,121.5276682,25.066217
113,9,11,13,25,2,03中山區,中山區新生北路3段與德惠街口,0,0,1,2,C03,8,6,5,50,4,1,2,5,4,5,13,1,1,1,4,5,2,15,1,64,2,9,5,1,7,9,1,10,2,12,,44,,1,21,121.5276682,25.066217
113,9,11,13,27,2,04大安區,大安區大安路1段與大安路1段84巷口口,0,0,2,1,C03,8,6,5,50,4,1,1,5,4,5,13,4,4,1,4,5,2,16,1,43,2,9,5,1,7,8,1,10,1,11,,101,,1,21,121.546679,25.0410621
113,9,11,13,27,2,04大安區,大安區大安路1段與大安路1段84巷口口,0,0,2,2,C03,8,6,5,50,4,1,1,5,4,5,13,4,4,1,4,5,2,16,2,34,2,9,5,1,7,9,1,10,1,14,,44,,1,21,121.546679,25.0410621
113,9,11,14,3,2,02萬華區,萬華區德昌街7巷9號,0,0,2,1,C03,8,6,5,30,14,9,1,5,4,5,13,4,4,10,5,5,1,17,1,63,2,9,3,4,7,9,1,10,1,14,,42,,1,22,121.4947887,25.0277697
113,9,11,14,3,2,02萬華區,萬華區德昌街7巷9號,0,0,2,2,C03,8,6,5,30,14,9,1,5,4,5,13,4,4,10,5,5,1,17,2,26,2,7,3,4,7,9,1,10,1,14,,42,,1,22,121.4947887,25.0277697
113,9,11,14,3,2,02萬華區,萬華區德昌街7巷9號,0,0,2,3,B03,8,6,5,30,14,9,1,5,4,5,13,4,4,10,5,5,1,17,1,47,3,10,3,4,7,13,1,8,1,4,,44,,1,22,121.4947887,25.0277697
113,9,11,14,44,2,11南港區,南港區興中路與興中路口南往北往市民大道八段,0,0,1,1,B12,8,5,5,50,14,9,1,5,4,5,12,4,4,5,4,5,2,12,1,45,3,10,7,1,7,11,1,8,1,4,,10,,1,21,121.6078402,25.0527877
113,9,11,14,44,2,11南港區,南港區興中路與興中路口南往北往市民大道八段,0,0,1,2,C03,8,5,5,50,14,9,1,5,4,5,12,4,4,5,4,5,2,12,1,21,2,8,5,1,7,9,1,10,1,11,,44,,1,21,121.6078402,25.0527877
113,9,11,14,46,2,05中正區,中正區和平西路1段與牯嶺街口,0,0,1,1,B01,8,7,5,50,4,1,1,5,4,5,13,1,1,1,4,5,2,12,1,56,3,10,7,4,7,9,1,4,2,2,,17,,1,21,121.5187358,25.0265494
113,9,11,14,46,2,05中正區,中正區和平西路1段與牯嶺街口,0,0,1,2,C03,8,7,5,50,4,1,1,5,4,5,13,1,1,1,4,5,2,12,2,27,2,9,5,4,7,9,1,10,2,14,,17,,1,21,121.5187358,25.0265494
113,9,11,15,0,2,06松山區,松山區南京東路4段10號,0,0,1,1,B03,8,6,5,50,14,8,1,5,4,5,13,4,4,1,4,4,2,17,2,40,3,10,7,1,7,1,1,8,1,8,,19,,1,22,121.5520125,25.05159878
113,9,11,15,0,2,06松山區,松山區南京東路4段10號,0,0,1,2,C03,8,6,5,50,14,8,1,5,4,5,13,4,4,1,4,4,2,17,2,46,2,9,6,1,7,9,1,10,1,12,,44,,1,22,121.5520125,25.05159878