發生年度,發生月,發生日,發生時-Hours,發生分,處理別-編號,區序,肇事地點,死亡人數,2-30日死亡人數,受傷人數,當事人序號,車種,天候,道路照明設備,道路類別,速限-速度限制,道路型態,事故位置,路面狀況1,路面狀況2,路面狀況3,道路障礙1,道路障礙2,號誌1,號誌2,車道劃分-分向,車道劃分-分道1,車道劃分-分道2,車道劃分-分道3,事故類型及型態,性別,年齡,受傷程度,主要傷處,保護裝置,行動電話,車輛用途,當事者行動狀態,駕駛資格情形,駕駛執照種類,飲酒情形,車輛撞擊部位1,車輛撞擊部位2,肇因碼-個別,肇因碼-主要,個人肇逃否,職業,座標-X,座標-Y
113,9,11,15,0,2,06松山區,松山區南京東路4段10號,0,0,1,3,B03,8,6,5,50,14,8,1,5,4,5,13,4,4,1,4,4,2,17,2,38,3,10,7,1,7,14,1,8,1,17,,38,,1,22,121.5520125,25.05159878
113,9,11,15,0,2,06松山區,松山區南京東路4段10號,0,0,1,4,B03,8,6,5,50,14,8,1,5,4,5,13,4,4,1,4,4,2,17,1,56,3,10,7,1,7,14,1,8,1,17,,38,,1,22,121.5520125,25.05159878
113,9,11,15,0,2,06松山區,松山區南京東路4段10號,0,0,1,5,B03,8,6,5,50,14,8,1,5,4,5,13,4,4,1,4,4,2,17,2,32,3,10,7,1,7,14,1,8,1,17,,38,,1,22,121.5520125,25.05159878
113,9,11,15,0,2,09北投區,北投區承德路6段與福國路口,0,0,1,1,A12,8,6,5,60,4,2,1,5,4,5,13,2,1,1,4,5,2,13,1,52,3,10,7,1,7,9,1,3,1,1,,16,,1,21,121.5124992,25.1010548
113,9,11,15,0,2,09北投區,北投區承德路6段與福國路口,0,0,1,2,B03,8,6,5,60,4,2,1,5,4,5,13,2,1,1,4,5,2,13,1,50,2,2,7,1,7,14,1,8,1,3,,44,,1,21,121.5124992,25.1010548
113,9,11,15,19,2,05中正區,中正區仁愛路1段23巷與林森南路61巷口,0,0,1,1,E03,8,6,5,30,4,1,1,5,4,5,13,4,4,5,5,5,2,15,1,29,3,10,7,1,7,9,1,8,2,1,,72,,1,21,121.5232276,25.0395399
113,9,11,15,19,2,05中正區,中正區仁愛路1段23巷與林森南路61巷口,0,0,1,2,B01,8,6,5,30,4,1,1,5,4,5,13,4,4,5,5,5,2,15,1,45,3,10,7,1,7,9,1,4,2,7,,14,,1,21,121.5232276,25.0395399
113,9,11,15,19,2,05中正區,中正區仁愛路1段23巷與林森南路61巷口,0,0,1,3,H02,8,6,5,30,4,1,1,5,4,5,13,4,4,5,5,5,2,15,2,53,2,1,3,5,7,20,8,20,10,16,,42,,1,21,121.5232276,25.0395399
113,9,11,16,15,2,11南港區,南港區研究院路2段12巷55號,0,0,1,1,B01,8,6,5,30,14,9,1,5,3,5,13,2,1,5,5,5,2,17,1,60,3,10,3,4,7,1,1,4,2,4,,19,,1,21,121.6140425,25.047505
113,9,11,16,15,2,11南港區,南港區研究院路2段12巷55號,0,0,1,2,C03,8,6,5,30,14,9,1,5,3,5,13,2,1,5,5,5,2,17,1,24,2,9,6,4,7,9,1,10,2,12,,108,,1,21,121.6140425,25.047505
113,9,11,16,30,2,03中山區,中山區中山北路2段63號,0,0,1,1,C03,7,7,5,50,14,9,1,5,4,5,13,4,4,9,4,5,2,12,1,64,3,10,2,1,7,8,1,10,1,12,,100,,1,21,121.5229547,25.05687776
113,9,11,16,30,2,03中山區,中山區中山北路2段63號,0,0,1,2,C03,7,7,5,50,14,9,1,5,4,5,13,4,4,9,4,5,2,12,1,30,2,9,6,1,7,9,1,10,1,14,,44,,1,21,121.5229547,25.05687776
113,9,11,17,0,2,09北投區,北投區西安街1段327號,0,0,2,1,C03,8,6,5,50,14,9,1,5,4,5,13,4,4,10,4,5,2,13,1,65,2,8,5,1,7,9,1,10,1,11,,16,,1,21,121.516011,25.113373
113,9,11,17,0,2,09北投區,北投區西安街1段327號,0,0,2,2,C03,8,6,5,50,14,9,1,5,4,5,13,4,4,10,4,5,2,13,2,21,3,10,6,1,7,15,1,10,1,13,,44,,1,21,121.516011,25.113373
113,9,11,17,0,2,09北投區,北投區西安街1段327號,0,0,2,3,H02,8,6,5,50,14,9,1,5,4,5,13,4,4,10,4,5,2,13,2,64,2,9,5,5,7,20,8,20,10,16,,67,,1,21,121.516011,25.113373
113,9,11,17,19,2,07信義區,信義區永吉路200巷24弄與松信路口,0,0,1,2,H01,8,6,5,30,4,2,1,5,4,5,13,1,1,10,5,5,2,9,2,84,2,9,4,5,8,16,8,20,10,16,,67,,1,21,121.5721906,25.0446822
113,9,11,17,19,2,07信義區,信義區永吉路200巷24弄與松信路口,0,0,1,1,C03,8,6,5,30,4,2,1,5,4,5,13,1,1,10,5,5,2,9,2,62,3,10,6,1,7,6,1,10,9,11,,82,,2,21,121.5721906,25.0446822
113,9,11,17,30,2,03中山區,中山區民權東路2段57號,0,0,1,1,C03,7,7,5,50,14,9,1,5,4,5,13,4,4,1,4,5,2,13,1,20,2,7,6,1,7,9,1,10,1,11,,108,,1,21,121.5307515,25.0626402
113,9,11,17,30,2,03中山區,中山區民權東路2段57號,0,0,1,2,B03,7,7,5,50,14,9,1,5,4,5,13,4,4,1,4,5,2,13,1,62,3,10,7,1,7,14,1,8,1,7,,44,,1,21,121.5307515,25.0626402
113,9,11,17,30,2,06松山區,松山區市民大道5段與東寧路口,0,0,1,1,B01,8,6,5,40,3,1,1,5,4,5,13,1,1,1,4,5,2,16,1,32,3,10,7,1,7,6,1,4,1,2,,9,,1,22,121.5630746,25.0474141
113,9,11,17,30,2,06松山區,松山區市民大道5段與東寧路口,0,0,1,2,C03,8,6,5,40,3,1,1,5,4,5,13,1,1,1,4,5,2,16,1,35,2,9,6,1,7,9,1,10,1,14,,107,,1,22,121.5630746,25.0474141
113,9,11,17,34,2,11南港區,南港區研究院路1段與研究院路1段130巷口,0,0,1,1,B03,8,7,5,50,4,2,1,5,4,5,13,2,1,1,4,5,2,12,1,56,3,10,3,4,7,9,1,8,1,17,,17,,2,21,121.6157384,25.0491198
113,9,11,17,34,2,11南港區,南港區研究院路1段與研究院路1段130巷口,0,0,1,2,C03,8,7,5,50,4,2,1,5,4,5,13,2,1,1,4,5,2,12,1,25,2,9,6,4,7,10,1,10,1,11,,100,,1,21,121.6157384,25.0491198
113,9,11,17,40,2,08士林區,士林區福林路與福林路329巷2弄口,0,0,1,1,C03,8,5,5,30,3,1,1,5,4,5,13,4,4,10,5,5,1,17,1,19,3,10,6,1,7,6,1,10,1,11,,80,,1,21,121.5313209,25.10517804
113,9,11,17,40,2,08士林區,士林區福林路與福林路329巷2弄口,0,0,1,2,F01,8,5,5,30,3,1,1,5,4,5,13,4,4,10,5,5,1,17,1,52,2,9,4,1,7,9,8,20,1,11,,5,,1,21,121.5313209,25.10517804
113,9,11,18,3,2,04大安區,大安區信義路4段與敦化南路1段口,0,0,1,1,B03,8,6,5,50,4,1,1,5,4,5,13,1,1,1,4,5,2,16,2,70,3,10,3,4,7,6,1,8,2,1,,80,,1,21,121.5485244,25.0330991
113,9,11,18,3,2,04大安區,大安區信義路4段與敦化南路1段口,0,0,1,2,F01,8,6,5,50,4,1,1,5,4,5,13,1,1,1,4,5,2,16,1,20,2,9,3,4,7,9,8,20,2,14,,44,,1,21,121.5485244,25.0330991
113,9,11,18,15,2,09北投區,北投區中央北路4段與大度路3段口,0,0,1,1,C03,8,5,5,50,3,2,1,5,4,5,13,2,1,5,4,5,2,16,2,23,3,10,6,1,7,5,1,10,1,14,,44,,1,22,121.4649667,25.1242696
113,9,11,18,15,2,09北投區,北投區中央北路4段與大度路3段口,0,0,1,2,B03,8,5,5,50,3,2,1,5,4,5,13,2,1,5,4,5,2,16,2,30,3,10,7,1,7,6,1,8,1,2,,108,,1,22,121.4649667,25.1242696
113,9,11,18,15,2,09北投區,北投區中央北路4段與大度路3段口,0,0,1,3,H02,8,5,5,50,3,2,1,5,4,5,13,2,1,5,4,5,2,16,2,23,2,9,6,5,7,20,8,20,10,16,,67,,1,22,121.4649667,25.1242696
113,9,11,18,21,2,11南港區,南港區忠孝東路7段與興中路口,0,0,3,1,C03,8,5,5,50,3,1,1,5,4,5,13,1,1,9,5,5,2,16,1,65,2,9,5,1,7,8,1,10,1,12,,101,,1,21,121.607903,25.0521223
113,9,11,18,21,2,11南港區,南港區忠孝東路7段與興中路口,0,0,3,2,C03,8,5,5,50,3,1,1,5,4,5,13,1,1,9,5,5,2,16,1,26,2,9,5,1,7,9,1,10,1,11,,14,,1,21,121.607903,25.0521223
113,9,11,18,21,2,11南港區,南港區忠孝東路7段與興中路口,0,0,3,3,H02,8,5,5,50,3,1,1,5,4,5,13,1,1,9,5,5,2,16,2,24,2,9,5,5,7,20,8,20,10,16,,67,,1,21,121.607903,25.0521223
113,9,11,18,24,2,01大同區,大同區忠孝橋機慢車道往三重,0,0,1,1,C03,8,5,5,50,8,11,1,5,4,5,13,4,4,10,4,5,2,11,2,27,2,9,5,1,7,9,1,10,1,14,,17,,1,21,121.5061582,25.04907292
113,9,11,18,24,2,01大同區,大同區忠孝橋機慢車道往三重,0,0,1,2,C03,8,5,5,50,8,11,1,5,4,5,13,4,4,10,4,5,2,11,1,31,3,10,5,1,7,9,1,10,1,12,,17,,1,21,121.5061582,25.04907292
113,9,11,18,32,2,03中山區,中山區明水路441號,0,0,1,1,C03,8,5,5,50,14,9,1,5,4,5,13,4,4,10,3,5,1,17,1,46,3,10,5,1,7,7,1,10,1,14,,101,,1,21,121.549446,25.0774575
113,9,11,18,32,2,03中山區,中山區明水路441號,0,0,1,2,C03,8,5,5,50,14,9,1,5,4,5,13,4,4,10,3,5,1,17,2,48,2,9,5,1,7,9,1,10,1,11,,44,,1,21,121.549446,25.0774575
113,9,11,18,32,2,03中山區,中山區明水路441號,0,0,1,3,B03,8,5,5,50,14,9,1,5,4,5,13,4,4,10,3,5,1,17,1,53,3,10,7,1,7,13,1,8,1,4,,44,,1,21,121.549446,25.0774575
113,9,11,18,50,2,12內湖區,內湖區康寧路3段與五分街口,0,0,1,1,B12,8,5,5,50,4,2,1,5,4,5,13,1,1,1,4,5,2,12,1,60,3,10,7,1,7,9,1,8,2,2,,108,,1,21,121.6123954,25.0674499
113,9,11,18,50,2,12內湖區,內湖區康寧路3段與五分街口,0,0,1,2,C03,8,5,5,50,4,2,1,5,4,5,13,1,1,1,4,5,2,12,2,46,2,9,5,1,7,7,1,10,2,14,,100,,1,21,121.6123954,25.0674499
113,9,11,18,53,2,08士林區,士林區士東路48號,0,0,1,1,F01,8,5,5,50,14,9,1,5,4,5,13,4,4,7,5,5,1,29,1,13,2,9,4,1,7,9,8,20,1,14,,42,,1,21,121.5277962,25.11195694
113,9,11,18,53,2,08士林區,士林區士東路48號,0,0,1,2,,8,5,5,50,14,9,1,5,4,5,13,4,4,7,5,5,1,29,3,0,,,,,,,,,,,,67,,1,,121.5277962,25.11195694
113,9,11,18,54,2,09北投區,北投區承德路7段303號前,0,0,1,1,B03,7,5,5,60,14,9,1,5,4,5,13,4,4,1,4,5,2,17,1,61,3,10,7,1,7,1,1,8,2,7,,19,,1,21,121.5042749,25.116815
113,9,11,18,54,2,09北投區,北投區承德路7段303號前,0,0,1,2,C03,7,5,5,60,14,9,1,5,4,5,13,4,4,1,4,5,2,17,1,27,2,9,5,1,7,9,1,10,2,11,,44,,1,21,121.5042749,25.116815
113,9,11,19,8,2,03中山區,中山區建國北路2段16號,0,0,1,1,B01,7,6,5,50,14,9,1,5,4,5,13,4,4,1,5,5,1,17,1,49,3,10,3,4,7,14,1,4,1,6,,38,,1,21,121.5365274,25.0529575
113,9,11,19,8,2,03中山區,中山區建國北路2段16號,0,0,1,3,H02,7,6,5,50,14,9,1,5,4,5,13,4,4,1,5,5,1,17,1,29,3,10,4,5,7,19,8,20,10,16,,126,,1,21,121.5365274,25.0529575
113,9,11,19,8,2,03中山區,中山區建國北路2段16號,0,0,1,2,C03,7,6,5,50,14,9,1,5,4,5,13,4,4,1,5,5,1,17,1,34,2,8,3,4,7,9,1,10,1,14,,44,,1,21,121.5365274,25.0529575
113,9,11,19,11,2,10文山區,文山區辛亥路4段130巷7號,0,0,1,1,B02,8,5,5,30,14,9,1,5,4,5,13,4,4,10,5,5,2,17,1,62,3,10,7,1,7,3,1,8,1,8,,18,,1,21,121.5565869,25.00490488
113,9,11,19,11,2,10文山區,文山區辛亥路4段130巷7號,0,0,1,2,C03,8,5,5,30,14,9,1,5,4,5,13,4,4,10,5,5,2,17,1,21,2,9,5,1,7,9,1,10,1,11,,13,,1,21,121.5565869,25.00490488
113,9,11,19,23,2,08士林區,士林區仰德大道3段與仰德大道3段140巷口,0,0,2,1,B03,8,5,5,40,14,9,1,5,4,5,13,4,4,4,5,5,1,17,1,66,3,10,7,1,7,15,1,8,1,2,,17,,1,21,121.5514518,25.122996
113,9,11,19,23,2,08士林區,士林區仰德大道3段與仰德大道3段140巷口,0,0,2,2,C03,8,5,5,40,14,9,1,5,4,5,13,4,4,4,5,5,1,17,1,71,2,9,5,1,7,9,1,10,1,12,,44,,1,21,121.5514518,25.122996
113,9,11,19,23,2,08士林區,士林區仰德大道3段與仰德大道3段140巷口,0,0,2,3,H02,8,5,5,40,14,9,1,5,4,5,13,4,4,4,5,5,1,17,2,70,2,9,5,5,7,20,8,20,10,16,,67,,1,21,121.5514518,25.122996
113,9,11,20,24,2,05中正區,中正區汀州路2段與汀州路2段182巷口,0,0,1,1,C03,8,5,5,30,4,1,1,5,4,5,13,4,4,5,2,5,2,17,1,37,3,10,5,1,7,5,1,10,1,17,,80,,1,21,121.5230182,25.0230563
113,9,11,20,24,2,05中正區,中正區汀州路2段與汀州路2段182巷口,0,0,1,2,C03,8,5,5,30,4,1,1,5,4,5,13,4,4,5,2,5,2,17,1,20,2,9,5,1,7,9,1,10,1,12,,42,,1,21,121.5230182,25.0230563
113,9,11,20,40,2,03中山區,中山區興安街91號,0,0,1,1,B03,7,5,5,50,14,9,1,5,4,5,13,4,4,4,5,5,1,17,1,58,3,10,3,4,7,14,1,8,1,8,,40,,1,21,121.5430252,25.0561201
113,9,11,20,40,2,03中山區,中山區興安街91號,0,0,1,2,F01,7,5,5,50,14,9,1,5,4,5,13,4,4,4,5,5,1,17,1,54,2,8,3,4,7,9,8,20,1,12,,44,,1,21,121.5430252,25.0561201
113,9,11,20,46,2,02萬華區,萬華區堤外便道北往南（市民-桂林）,0,0,5,1,C03,7,5,7,40,14,11,1,5,4,5,13,4,4,2,3,5,2,13,1,46,3,10,5,1,7,12,1,10,1,17,,35,,1,21,121.5004319,25.04354742
113,9,11,20,46,2,02萬華區,萬華區堤外便道北往南（市民-桂林）,0,0,5,2,C03,7,5,7,40,14,11,1,5,4,5,13,4,4,2,3,5,2,13,1,29,2,8,5,1,7,9,1,10,1,13,,44,,1,21,121.5004319,25.04354742
113,9,11,20,46,2,02萬華區,萬華區堤外便道北往南（市民-桂林）,0,0,5,3,C03,7,5,7,40,14,11,1,5,4,5,13,4,4,2,3,5,2,13,2,40,2,9,5,1,7,9,1,10,1,11,,16,,1,21,121.5004319,25.04354742
113,9,11,20,46,2,02萬華區,萬華區堤外便道北往南（市民-桂林）,0,0,5,4,C03,7,5,7,40,14,11,1,5,4,5,13,4,4,2,3,5,2,13,1,23,2,8,5,1,7,9,1,10,1,11,,16,,1,21,121.5004319,25.04354742
113,9,11,20,46,2,02萬華區,萬華區堤外便道北往南（市民-桂林）,0,0,5,5,C03,7,5,7,40,14,11,1,5,4,5,13,4,4,2,3,5,2,13,2,37,2,8,5,1,7,9,1,10,1,14,,44,,1,21,121.5004319,25.04354742
113,9,11,20,46,2,02萬華區,萬華區堤外便道北往南（市民-桂林）,0,0,5,6,H02,7,5,7,40,14,11,1,5,4,5,13,4,4,2,3,5,2,13,2,17,2,8,5,5,7,17,8,20,10,16,,67,,1,21,121.5004319,25.04354742
113,9,11,21,26,2,01大同區,大同區延平北路3段83巷與延平北路3段口,0,0,1,1,B03,8,5,5,30,4,2,1,5,4,5,13,2,1,5,4,5,2,3,1,67,3,10,7,1,7,6,1,8,2,1,,70,,1,21,121.5109695,25.0672832
113,9,11,21,26,2,01大同區,大同區延平北路3段83巷與延平北路3段口,0,0,1,2,H01,8,5,5,30,4,2,1,5,4,5,13,2,1,5,4,5,2,3,2,68,2,1,4,5,8,16,8,20,10,16,,67,,1,21,121.5109695,25.0672832
113,9,11,21,40,2,01大同區,大同區民族西路與重慶北路3段口,0,0,1,1,B03,8,5,5,50,4,1,1,5,4,5,13,2,1,8,4,5,2,15,1,41,3,10,7,1,7,9,1,8,1,2,,42,,1,21,121.5138555,25.06861711
113,9,11,21,40,2,01大同區,大同區民族西路與重慶北路3段口,0,0,1,2,C03,8,5,5,50,4,1,1,5,4,5,13,2,1,8,4,5,2,15,2,33,2,8,6,1,7,1,1,10,1,11,,19,,1,21,121.5138555,25.06861711
113,9,11,21,58,2,03中山區,中山區吉林路與松江路64巷口,0,0,1,1,B02,8,5,5,50,4,1,1,5,4,5,13,4,4,5,4,5,2,3,1,66,3,10,7,1,7,9,1,8,2,5,,108,,1,21,121.5300334,25.04900953
113,9,11,21,58,2,03中山區,中山區吉林路與松江路64巷口,0,0,1,2,H01,8,5,5,50,4,1,1,5,4,5,13,4,4,5,4,5,2,3,1,69,2,9,4,5,8,16,8,20,10,16,,121,,1,21,121.5300334,25.04900953
113,9,11,23,44,2,11南港區,南港區市民大道8段與中南街口,0,0,1,1,C03,8,5,5,50,4,1,1,5,4,5,13,2,1,1,3,5,1,17,1,35,3,10,5,4,7,5,1,10,1,17,,8,,1,22,121.6151687,25.0543085
113,9,11,23,44,2,11南港區,南港區市民大道8段與中南街口,0,0,1,2,C03,8,5,5,50,4,1,1,5,4,5,13,2,1,1,3,5,1,17,1,20,2,7,5,4,7,9,1,10,1,11,,13,,1,22,121.6151687,25.0543085
113,9,12,4,9,2,05中正區,中正區市民大道1段168號前,0,0,1,1,H01,8,5,5,40,14,9,1,5,4,5,13,4,4,9,4,5,1,3,2,71,2,9,4,5,8,16,8,20,10,16,,123,,1,21,121.5185787,25.048345
113,9,12,4,9,2,05中正區,中正區市民大道1段168號前,0,0,1,2,B03,8,5,5,40,14,9,1,5,4,5,13,4,4,9,4,5,1,3,1,28,3,10,7,1,7,9,1,8,2,4,,108,,1,21,121.5185787,25.048345
113,9,12,7,15,2,08士林區,士林區通河西街2段與社正路口,0,0,1,1,B03,8,7,5,40,4,1,1,5,4,5,13,2,1,9,4,5,1,9,1,43,3,10,7,1,7,9,1,8,2,5,,44,,1,21,121.5116933,25.08903696
113,9,12,7,15,2,08士林區,士林區通河西街2段與社正路口,0,0,1,2,H01,8,7,5,40,4,1,1,5,4,5,13,2,1,9,4,5,1,9,1,12,2,9,4,5,8,18,8,20,10,16,,67,,1,21,121.5116933,25.08903696
113,9,12,7,28,2,12內湖區,內湖區民權東路6段61號,0,0,1,1,C03,8,6,5,50,14,7,1,5,4,5,13,4,4,1,4,4,2,17,2,24,2,9,6,1,7,8,1,10,1,11,,107,,1,21,121.5875517,25.069116
113,9,12,7,28,2,12內湖區,內湖區民權東路6段61號,0,0,1,2,B03,8,6,5,50,14,7,1,5,4,5,13,4,4,1,4,4,2,17,1,53,3,10,7,1,7,9,1,8,1,6,,44,,1,21,121.5875517,25.069116
113,9,12,7,53,2,03中山區,中山區民權東路2段42號,0,0,1,1,C03,8,6,5,50,14,9,1,5,4,5,13,4,4,1,4,5,2,13,2,38,2,9,6,1,7,9,1,10,1,11,,100,,1,22,121.5297428,25.0624733
113,9,12,7,53,2,03中山區,中山區民權東路2段42號,0,0,1,2,C03,8,6,5,50,14,9,1,5,4,5,13,4,4,1,4,5,2,13,1,30,3,10,6,1,7,9,1,10,1,13,,44,,1,22,121.5297428,25.0624733
113,9,12,7,53,2,03中山區,中山區民權東路2段42號,0,0,1,3,B03,8,6,5,50,14,9,1,5,4,5,13,4,4,1,4,5,2,13,1,52,3,10,7,1,7,9,1,8,1,2,,44,,1,22,121.5297428,25.0624733
113,9,12,7,53,2,08士林區,士林區承德路4段與承德路4段179巷口,0,0,1,1,B03,8,6,5,30,3,1,1,5,4,5,13,3,1,9,4,5,1,15,1,61,3,10,7,1,7,9,1,8,2,5,,80,,1,21,121.5226742,25.08734626
113,9,12,7,53,2,08士林區,士林區承德路4段與承德路4段179巷口,0,0,1,2,F01,8,6,5,30,3,1,1,5,4,5,13,3,1,9,4,5,1,15,1,15,2,9,4,1,7,9,8,20,2,11,,80,,1,21,121.5226742,25.08734626
113,9,12,8,8,2,10文山區,文山區木柵路1段與木柵路1段191巷口口,0,0,2,1,C03,8,6,5,50,3,1,1,5,4,5,13,2,1,5,4,5,2,16,2,35,2,7,5,1,7,6,1,10,1,12,,9,,1,21,121.5513406,24.98774
113,9,12,8,8,2,10文山區,文山區木柵路1段與木柵路1段191巷口口,0,0,2,2,C03,8,6,5,50,3,1,1,5,4,5,13,2,1,5,4,5,2,16,1,74,2,9,5,1,7,9,1,10,1,14,,44,,1,21,121.5513406,24.98774
113,9,12,8,11,2,01大同區,大同區環河北路1段與迪化街1段312巷口口,0,0,1,1,C03,8,5,5,50,14,9,1,5,4,5,13,4,4,1,4,5,2,13,2,19,3,10,6,1,7,15,1,10,2,12,,108,,1,22,121.5085659,25.061464
113,9,12,8,11,2,01大同區,大同區環河北路1段與迪化街1段312巷口口,0,0,1,2,C03,8,5,5,50,14,9,1,5,4,5,13,4,4,1,4,5,2,13,1,26,3,10,6,1,7,15,1,10,2,11,,16,,1,22,121.5085659,25.061464
113,9,12,8,11,2,01大同區,大同區環河北路1段與迪化街1段312巷口口,0,0,1,3,C03,8,5,5,50,14,9,1,5,4,5,13,4,4,1,4,5,2,13,2,52,2,9,6,1,7,1,1,10,2,14,,44,,1,22,121.5085659,25.061464
113,9,12,8,15,2,01大同區,大同區重慶北路2段與涼州街口,0,0,1,1,C03,8,6,5,50,5,1,1,5,4,5,13,2,1,1,4,5,2,13,2,38,2,7,6,1,7,9,1,10,1,12,,16,,1,21,121.5134302,25.0609111
113,9,12,8,15,2,01大同區,大同區重慶北路2段與涼州街口,0,0,1,2,B03,8,6,5,50,5,1,1,5,4,5,13,2,1,1,4,5,2,13,1,54,3,10,7,1,7,14,1,8,1,7,,44,,1,21,121.5134302,25.0609111
113,9,12,8,16,2,04大安區,大安區市民大道3段198號與市民大道3段口出入口,0,0,1,1,B03,8,6,5,40,3,1,1,5,4,5,13,4,4,1,4,5,2,16,1,45,3,10,7,1,7,6,1,8,1,5,,80,,1,21,121.5380485,25.04405198
113,9,12,8,16,2,04大安區,大安區市民大道3段198號與市民大道3段口出入口,0,0,1,2,F01,8,6,5,40,3,1,1,5,4,5,13,4,4,1,4,5,2,16,2,35,2,9,2,1,7,9,8,20,1,12,,44,,1,21,121.5380485,25.04405198
113,9,12,8,19,2,08士林區,士林區德行東路與德行東路90巷口,0,0,1,1,B03,8,7,5,50,4,1,1,5,4,5,13,4,4,9,4,5,1,17,1,47,4,11,3,4,7,5,1,8,11,17,,71,,2,22,121.527875,25.10752208
113,9,12,8,19,2,08士林區,士林區德行東路與德行東路90巷口,0,0,1,2,C03,8,7,5,50,4,1,1,5,4,5,13,4,4,9,4,5,1,17,1,21,2,9,5,1,7,9,1,10,9,14,,44,,1,21,121.527875,25.10752208
113,9,12,8,29,2,02萬華區,萬華區環河南路1段與武昌街2段口,0,0,1,1,C03,8,6,5,50,3,1,1,5,4,5,13,1,1,5,4,5,1,17,2,44,2,7,3,4,7,10,1,10,1,12,,100,,1,21,121.5026823,25.0456941
113,9,12,8,29,2,02萬華區,萬華區環河南路1段與武昌街2段口,0,0,1,2,C03,8,6,5,50,3,1,1,5,4,5,13,1,1,5,4,5,1,17,2,36,3,10,3,4,7,9,1,10,1,14,,44,,1,21,121.5026823,25.0456941
113,9,12,8,33,2,01大同區,大同區延平北路4段與酒泉街口,0,0,1,1,B03,8,7,5,50,4,2,1,5,4,5,13,2,1,5,4,5,2,12,1,53,3,10,3,1,7,1,1,8,2,8,,19,,1,22,121.511044,25.0723392
113,9,12,8,33,2,01大同區,大同區延平北路4段與酒泉街口,0,0,1,2,C03,8,7,5,50,4,2,1,5,4,5,13,2,1,5,4,5,2,12,2,32,2,9,5,1,7,9,1,10,2,12,,44,,1,22,121.511044,25.0723392
113,9,12,8,45,2,04大安區,大安區忠孝東路4段181巷與敦化南路1段161巷口,0,0,1,1,C03,8,7,5,30,4,2,1,5,4,5,13,4,4,10,5,5,1,15,2,25,3,10,5,1,7,9,1,10,1,14,,72,,1,26,121.5507884,25.0435083
113,9,12,8,45,2,04大安區,大安區忠孝東路4段181巷與敦化南路1段161巷口,0,0,1,2,C03,8,7,5,30,4,2,1,5,4,5,13,4,4,10,5,5,1,15,1,39,2,8,5,1,7,9,1,9,1,11,,44,,1,26,121.5507884,25.0435083
113,9,12,8,48,2,07信義區,信義區莊敬路與莊敬路197巷口,0,0,2,1,B03,8,6,5,50,4,1,1,5,4,5,13,2,1,5,4,5,2,16,1,46,3,10,3,4,7,5,1,4,1,4,,8,,1,21,121.5612637,25.0308328
113,9,12,8,48,2,07信義區,信義區莊敬路與莊敬路197巷口,0,0,2,2,C03,8,6,5,50,4,1,1,5,4,5,13,2,1,5,4,5,2,16,1,32,2,7,3,4,7,9,1,9,1,12,,108,,1,21,121.5612637,25.0308328
113,9,12,8,48,2,07信義區,信義區莊敬路與莊敬路197巷口,0,0,2,3,H02,8,6,5,50,4,1,1,5,4,5,13,2,1,5,4,5,2,16,2,22,2,8,3,5,7,20,8,20,10,16,,67,,1,21,121.5612637,25.0308328
113,9,12,8,59,2,04大安區,大安區新生南路3段與辛亥路2段口,0,0,2,1,B03,8,7,5,50,4,2,1,5,4,5,13,1,1,1,4,4,2,17,1,50,3,10,7,1,7,9,1,8,1,3,,16,,1,21,121.534411,25.0220306
113,9,12,8,59,2,04大安區,大安區新生南路3段與辛亥路2段口,0,0,2,2,C03,8,7,5,50,4,2,1,5,4,5,13,1,1,1,4,4,2,17,1,34,2,9,6,1,7,9,1,10,1,11,,16,,1,21,121.534411,25.0220306
113,9,12,8,59,2,04大安區,大安區新生南路3段與辛亥路2段口,0,0,2,3,B01,8,7,5,50,4,2,1,5,4,5,13,1,1,1,4,4,2,17,1,68,3,10,7,1,7,9,1,4,1,1,,16,,1,21,121.534411,25.0220306
113,9,12,8,59,2,04大安區,大安區新生南路3段與辛亥路2段口,0,0,2,4,C03,8,7,5,50,4,2,1,5,4,5,13,1,1,1,4,4,2,17,2,28,2,7,6,1,7,9,1,10,1,17,,108,,1,21,121.534411,25.0220306
113,9,12,9,10,2,10文山區,文山區萬壽橋與木柵路4段口,0,0,1,1,A05,8,6,5,50,14,9,1,5,4,5,13,1,1,1,4,5,2,12,1,60,3,10,7,1,7,14,1,2,1,2,,40,,1,21,121.5714331,24.9917364
113,9,12,9,10,2,10文山區,文山區萬壽橋與木柵路4段口,0,0,1,2,C03,8,6,5,50,14,9,1,5,4,5,13,1,1,1,4,5,2,12,1,22,2,9,6,1,7,9,1,10,1,14,,99,,1,21,121.5714331,24.9917364
113,9,12,9,10,2,10文山區,文山區萬壽橋與木柵路4段口,0,0,1,3,B03,8,6,5,50,14,9,1,5,4,5,13,1,1,1,4,5,2,12,2,60,3,10,7,1,7,14,1,8,1,6,,44,,1,21,121.5714331,24.9917364
113,9,12,9,11,2,05中正區,中正區信義路2段與金山南路1段口,0,0,1,1,B12,8,7,5,50,4,1,1,5,4,5,13,1,1,1,4,5,2,17,1,58,3,10,7,1,7,7,1,8,2,17,,101,,1,21,121.5272623,25.0341624
113,9,12,9,11,2,05中正區,中正區信義路2段與金山南路1段口,0,0,1,2,C03,8,7,5,50,4,1,1,5,4,5,13,1,1,1,4,5,2,17,1,58,2,9,5,1,7,9,1,10,2,14,,44,,1,21,121.5272623,25.0341624