發生年度,發生月,發生日,發生時-Hours,發生分,處理別-編號,區序,肇事地點,死亡人數,2-30日死亡人數,受傷人數,當事人序號,車種,天候,道路照明設備,道路類別,速限-速度限制,道路型態,事故位置,路面狀況1,路面狀況2,路面狀況3,道路障礙1,道路障礙2,號誌1,號誌2,車道劃分-分向,車道劃分-分道1,車道劃分-分道2,車道劃分-分道3,事故類型及型態,性別,年齡,受傷程度,主要傷處,保護裝置,行動電話,車輛用途,當事者行動狀態,駕駛資格情形,駕駛執照種類,飲酒情形,車輛撞擊部位1,車輛撞擊部位2,肇因碼-個別,肇因碼-主要,個人肇逃否,職業,座標-X,座標-Y
113,9,12,9,16,2,06松山區,松山區塔悠路97-3號,0,0,1,1,A12,8,7,5,50,14,9,1,5,4,5,13,4,4,1,4,5,2,16,1,51,3,10,7,1,7,6,1,6,1,2,,9,,1,21,121.5702011,25.0531042
113,9,12,9,16,2,06松山區,松山區塔悠路97-3號,0,0,1,2,C03,8,7,5,50,14,9,1,5,4,5,13,4,4,1,4,5,2,16,2,24,2,9,6,1,7,9,1,10,1,11,,44,,1,21,121.5702011,25.0531042
113,9,12,9,17,2,07信義區,信義區松智路與松廉路口,0,0,1,1,B01,8,6,5,50,3,1,1,5,4,5,13,1,1,5,4,5,2,17,1,65,3,10,3,4,7,11,1,4,2,1,,103,,1,21,121.5654391,25.0340853
113,9,12,9,17,2,07信義區,信義區松智路與松廉路口,0,0,1,2,F01,8,6,5,50,3,1,1,5,4,5,13,1,1,5,4,5,2,17,2,40,2,9,4,1,7,1,8,20,2,12,,19,,1,22,121.5654391,25.0340853
113,9,12,10,9,2,01大同區,大同區民族西路與大龍街159巷9弄口口,0,0,1,1,B03,8,5,5,50,4,2,1,5,4,5,13,2,1,5,4,5,2,10,1,30,3,10,7,1,7,15,1,8,2,5,,71,,1,22,121.5166436,25.0685114
113,9,12,10,9,2,01大同區,大同區民族西路與大龍街159巷9弄口口,0,0,1,2,C03,8,5,5,50,4,2,1,5,4,5,13,2,1,5,4,5,2,10,1,32,2,9,5,1,7,15,1,10,2,11,,44,,1,22,121.5166436,25.0685114
113,9,12,10,20,2,01大同區,大同區重慶北路1段與長安西路口,0,0,1,1,C03,8,6,5,50,5,2,1,5,4,5,13,2,1,1,4,5,2,17,1,36,2,9,6,1,7,7,1,10,2,14,,100,,1,21,121.514189,25.0515392
113,9,12,10,20,2,01大同區,大同區重慶北路1段與長安西路口,0,0,1,2,B13,8,6,5,50,5,2,1,5,4,5,13,2,1,1,4,5,2,17,1,42,3,10,7,1,7,9,1,8,2,2,,44,,1,21,121.514189,25.0515392
113,9,12,10,30,2,06松山區,松山區慶城街16巷與南京東路3段303巷7弄口,0,0,1,1,B03,8,7,5,30,3,18,1,5,4,5,13,4,4,10,5,5,2,3,1,68,3,10,7,1,7,5,1,8,1,1,,70,,1,21,121.5457945,25.05293476
113,9,12,10,30,2,06松山區,松山區慶城街16巷與南京東路3段303巷7弄口,0,0,1,2,H01,8,7,5,30,3,18,1,5,4,5,13,4,4,10,5,5,2,3,2,84,2,9,4,5,8,16,8,20,10,16,,67,,1,21,121.5457945,25.05293476
113,9,12,10,54,2,05中正區,中正區公園路與常德街口,0,0,1,1,A02,8,5,8,50,22,22,1,5,4,5,13,2,1,9,4,5,2,9,1,34,3,10,7,1,7,12,1,6,1,10,,118,,1,21,121.5160764,25.0415379
113,9,12,10,54,2,05中正區,中正區公園路與常德街口,0,0,1,2,H02,8,5,8,50,22,22,1,5,4,5,13,2,1,9,4,5,2,9,2,84,2,9,4,5,7,20,8,20,10,16,,67,,1,21,121.5160764,25.0415379
113,9,12,11,12,2,11南港區,南港區研究院路1段與研究院路1段101巷口,0,0,1,1,B03,8,6,5,50,4,1,1,5,4,5,13,1,1,3,4,5,2,16,1,64,3,10,7,1,7,5,1,8,1,5,,71,,1,21,121.6161544,25.0520591
113,9,12,11,12,2,11南港區,南港區研究院路1段與研究院路1段101巷口,0,0,1,2,C03,8,6,5,50,4,1,1,5,4,5,13,1,1,3,4,5,2,16,1,18,2,9,6,1,7,9,3,18,1,11,,44,,1,21,121.6161544,25.0520591
113,9,12,11,34,2,03中山區,中山區長春路258巷10弄與長春路258巷口,0,0,1,1,B12,7,5,5,30,4,2,1,5,4,5,13,4,4,10,5,5,2,15,1,47,3,10,3,4,7,9,1,8,1,1,,72,,1,21,121.5390437,25.0539028
113,9,12,11,34,2,03中山區,中山區長春路258巷10弄與長春路258巷口,0,0,1,2,C03,7,5,5,30,4,2,1,5,4,5,13,4,4,10,5,5,2,15,1,24,2,9,3,4,7,9,1,10,1,11,,13,,1,21,121.5390437,25.0539028
113,9,12,11,45,2,10文山區,文山區新光路1段31巷與指南路2段45巷口口,0,0,1,1,C03,8,6,5,30,3,1,1,5,4,5,13,4,4,10,5,5,2,16,2,67,2,7,5,1,7,5,1,10,1,14,,118,,1,21,121.5742947,24.989604
113,9,12,11,45,2,10文山區,文山區新光路1段31巷與指南路2段45巷口口,0,0,1,2,C03,8,6,5,30,3,1,1,5,4,5,13,4,4,10,5,5,2,16,2,34,3,10,5,1,7,9,1,10,1,12,,118,,1,21,121.5742947,24.989604
113,9,12,12,10,2,09北投區,北投區立農街2段與東華街2段口,0,0,2,1,C03,8,6,5,50,4,1,1,5,4,5,13,2,1,1,4,5,1,12,1,81,2,9,5,1,7,9,1,10,1,12,,108,,1,21,121.5126362,25.11903312
113,9,12,12,10,2,09北投區,北投區立農街2段與東華街2段口,0,0,2,2,C03,8,6,5,50,4,1,1,5,4,5,13,2,1,1,4,5,1,12,2,51,3,10,5,1,7,14,1,10,1,14,,44,,1,21,121.5126362,25.11903312
113,9,12,12,10,2,09北投區,北投區立農街2段與東華街2段口,0,0,2,3,H02,8,6,5,50,4,1,1,5,4,5,13,2,1,1,4,5,1,12,2,72,2,8,5,5,7,20,8,20,10,16,,67,,1,21,121.5126362,25.11903312
113,9,12,12,11,2,11南港區,南港區研究院路2段31號,0,0,1,1,B03,8,6,5,40,14,9,1,5,4,5,13,2,1,1,4,5,2,16,2,71,3,10,3,4,7,9,1,8,2,2,,44,,1,22,121.6152159,25.04615879
113,9,12,12,11,2,11南港區,南港區研究院路2段31號,0,0,1,2,C03,8,6,5,40,14,9,1,5,4,5,13,2,1,1,4,5,2,16,1,18,2,9,6,1,7,9,1,10,2,14,,107,,1,22,121.6152159,25.04615879
113,9,12,12,25,2,05中正區,中正區和平西路2段與寧波西街口,0,0,1,1,B02,8,7,5,50,4,1,1,5,4,5,13,1,1,1,4,5,2,16,1,78,3,10,7,1,7,6,1,8,1,2,,71,,1,22,121.5122661,25.0290316
113,9,12,12,25,2,05中正區,中正區和平西路2段與寧波西街口,0,0,1,2,C03,8,7,5,50,4,1,1,5,4,5,13,1,1,1,4,5,2,16,1,26,2,9,6,1,7,9,1,10,1,11,,44,,1,22,121.5122661,25.0290316
113,9,12,12,30,2,09北投區,北投區中央北路4段與學園路口,0,0,2,1,C03,8,7,5,50,3,2,1,5,4,5,13,2,1,5,4,5,1,16,1,18,3,10,6,1,7,6,1,10,1,12,,9,,1,22,121.4659754,25.1267036
113,9,12,12,30,2,09北投區,北投區中央北路4段與學園路口,0,0,2,2,C03,8,7,5,50,3,2,1,5,4,5,13,2,1,5,4,5,1,16,1,69,2,9,6,1,7,9,3,18,1,11,,44,,1,22,121.4659754,25.1267036
113,9,12,12,30,2,09北投區,北投區中央北路4段與學園路口,0,0,2,3,H02,8,7,5,50,3,2,1,5,4,5,13,2,1,5,4,5,1,16,2,68,2,9,6,5,7,20,8,20,10,16,,67,,1,22,121.4659754,25.1267036
113,9,12,12,36,2,03中山區,中山區合江街21號,0,0,1,1,F01,8,6,5,50,14,9,1,5,4,5,13,4,4,5,5,5,2,16,2,63,2,9,4,1,7,5,8,20,9,14,,8,,1,22,121.5390802,25.0552394
113,9,12,12,36,2,03中山區,中山區合江街21號,0,0,1,2,C03,8,6,5,50,14,9,1,5,4,5,13,4,4,5,5,5,2,16,2,43,4,11,3,4,7,9,1,10,9,12,,42,,1,21,121.5390802,25.0552394
113,9,12,12,38,2,10文山區,文山區萬美街2段與和平東路4段66巷口,0,0,1,1,B01,8,7,5,40,3,1,1,5,4,5,13,1,1,10,5,5,2,16,1,68,3,10,7,1,7,5,1,4,1,1,,8,,1,21,121.5644066,25.0054726
113,9,12,12,38,2,10文山區,文山區萬美街2段與和平東路4段66巷口,0,0,1,2,C03,8,7,5,40,3,1,1,5,4,5,13,1,1,10,5,5,2,16,1,34,2,9,5,1,7,9,1,10,1,11,,44,,1,21,121.5644066,25.0054726
113,9,12,12,50,2,11南港區,南港區忠孝東路6段與忠孝東路6段225巷口,0,0,1,1,B03,8,6,5,30,4,1,1,5,4,5,8,4,4,10,5,5,2,15,2,33,3,10,3,4,7,9,1,8,1,1,,72,,1,21,121.5883711,25.0494194
113,9,12,12,50,2,11南港區,南港區忠孝東路6段與忠孝東路6段225巷口,0,0,1,2,C04,8,6,5,30,4,1,1,5,4,5,8,4,4,10,5,5,2,15,1,31,2,9,6,1,7,9,1,10,1,12,,14,,1,21,121.5883711,25.0494194
113,9,12,12,52,2,12內湖區,內湖區環山路1段與環山路1段9巷口,0,0,2,1,B12,8,5,5,30,3,1,1,5,4,5,13,4,4,5,4,4,2,16,1,83,3,10,7,1,7,5,1,8,2,7,,72,,1,21,121.5655516,25.08299198
113,9,12,12,52,2,12內湖區,內湖區環山路1段與環山路1段9巷口,0,0,2,2,C03,8,5,5,30,3,1,1,5,4,5,13,4,4,5,4,4,2,16,2,18,2,9,5,1,7,9,1,10,2,14,,108,,1,21,121.5655516,25.08299198
113,9,12,12,52,2,12內湖區,內湖區環山路1段與環山路1段9巷口,0,0,2,3,H02,8,5,5,30,3,1,1,5,4,5,13,4,4,5,4,4,2,16,2,18,2,9,5,5,7,21,8,20,10,16,,67,,1,21,121.5655516,25.08299198
113,9,12,13,10,2,07信義區,信義區基隆路2段71號,0,0,2,1,C03,8,7,5,50,14,9,1,5,4,5,13,4,4,3,5,5,2,12,1,25,2,8,6,1,7,1,1,10,1,14,,19,,1,21,121.558148,25.0305405
113,9,12,13,10,2,07信義區,信義區基隆路2段71號,0,0,2,2,C03,8,7,5,50,14,9,1,5,4,5,13,4,4,3,5,5,2,12,2,20,2,8,6,1,7,9,1,10,1,12,,44,,1,21,121.558148,25.0305405
113,9,12,13,11,2,06松山區,松山區環東大道與堤頂大道口匯流處,0,0,1,1,B03,8,6,5,50,3,1,1,5,4,5,13,3,1,8,4,5,2,16,1,46,3,10,7,4,7,8,1,4,1,6,,72,,1,21,121.5700226,25.05068786
113,9,12,13,11,2,06松山區,松山區環東大道與堤頂大道口匯流處,0,0,1,2,C02,8,6,5,50,3,1,1,5,4,5,13,3,1,8,4,5,2,16,1,34,2,8,6,3,7,9,1,9,1,14,,44,,1,21,121.5700226,25.05068786
113,9,12,13,42,2,04大安區,大安區辛亥路2段與建國南路2段口,0,0,1,1,B03,8,5,5,50,3,2,1,5,4,5,13,2,1,1,4,4,2,12,1,68,3,10,7,4,7,9,1,8,11,2,,114,,2,21,121.5381745,25.0224801
113,9,12,13,42,2,04大安區,大安區辛亥路2段與建國南路2段口,0,0,1,2,C03,8,5,5,50,3,2,1,5,4,5,13,2,1,1,4,4,2,12,1,28,2,7,6,1,7,7,1,10,1,13,,101,,1,21,121.5381745,25.0224801
113,9,12,13,50,2,08士林區,士林區中正路與文昌路口,0,0,2,1,C03,8,6,5,50,4,1,1,5,4,5,13,2,1,1,4,5,2,17,1,70,2,9,5,1,7,9,1,10,1,11,,16,,1,21,121.521964,25.0945271
113,9,12,13,50,2,08士林區,士林區中正路與文昌路口,0,0,2,2,C03,8,6,5,50,4,1,1,5,4,5,13,2,1,1,4,5,2,17,2,31,3,10,6,1,7,6,1,10,1,12,,44,,1,21,121.521964,25.0945271
113,9,12,13,50,2,08士林區,士林區中正路與文昌路口,0,0,2,3,H02,8,6,5,50,4,1,1,5,4,5,13,2,1,1,4,5,2,17,2,70,2,6,5,5,7,20,8,20,10,16,,67,,1,21,121.521964,25.0945271
113,9,12,14,17,2,04大安區,大安區金華街與青田街口,0,0,1,1,B01,8,7,5,50,4,1,1,5,4,5,13,2,1,5,4,5,2,17,1,63,3,10,7,1,7,6,1,4,1,5,,9,,1,21,121.5315029,25.0299669
113,9,12,14,17,2,04大安區,大安區金華街與青田街口,0,0,1,2,C03,8,7,5,50,4,1,1,5,4,5,13,2,1,5,4,5,2,17,1,25,2,9,6,1,7,9,1,10,1,14,,99,,1,21,121.5315029,25.0299669
113,9,12,14,34,2,10文山區,文山區木柵路1段172號,0,0,1,1,C03,7,6,5,50,14,9,1,5,4,5,13,1,1,5,4,5,2,12,2,18,3,10,5,1,7,9,1,10,1,12,,108,,1,21,121.5521479,24.9877346
113,9,12,14,34,2,10文山區,文山區木柵路1段172號,0,0,1,2,C03,7,6,5,50,14,9,1,5,4,5,13,1,1,5,4,5,2,12,2,42,2,9,5,1,7,14,1,10,1,14,,44,,1,21,121.5521479,24.9877346
113,9,12,14,37,2,01大同區,大同區重慶北路3段120巷與昌吉街95巷口,0,0,2,1,B03,8,5,5,30,3,1,1,5,4,5,13,4,4,5,4,5,2,17,2,59,3,10,7,1,7,5,1,8,1,17,,72,,1,21,121.5131481,25.0672381
113,9,12,14,37,2,01大同區,大同區重慶北路3段120巷與昌吉街95巷口,0,0,2,2,C03,8,5,5,30,3,1,1,5,4,5,13,4,4,5,4,5,2,17,2,70,2,9,5,1,7,9,3,18,1,17,,14,,1,21,121.5131481,25.0672381
113,9,12,14,37,2,01大同區,大同區重慶北路3段120巷與昌吉街95巷口,0,0,2,3,H02,8,5,5,30,3,1,1,5,4,5,13,4,4,5,4,5,2,17,1,41,2,7,5,5,7,20,8,20,10,16,,67,,1,22,121.5131481,25.0672381
113,9,12,14,43,2,01大同區,大同區大龍街與酒泉街口,0,0,1,1,H01,8,6,5,0,5,2,1,5,4,5,13,4,4,5,4,5,2,9,1,75,2,9,4,5,8,16,8,20,10,16,,121,,1,21,121.5156649,25.0720003
113,9,12,14,43,2,01大同區,大同區大龍街與酒泉街口,0,0,1,2,A02,8,6,5,0,5,2,1,5,4,5,13,4,4,5,4,5,2,9,1,60,3,10,7,1,7,9,1,2,2,5,,44,,1,21,121.5156649,25.0720003
113,9,12,14,45,2,02萬華區,萬華區艋舺大道與興寧街口,0,0,1,1,C03,8,6,5,50,4,1,1,5,4,5,13,4,4,8,3,5,1,17,1,31,2,9,5,2,7,12,1,10,1,17,,108,,1,21,121.4994561,25.0327603
113,9,12,14,45,2,02萬華區,萬華區艋舺大道與興寧街口,0,0,1,2,C03,8,6,5,50,4,1,1,5,4,5,13,4,4,8,3,5,1,17,1,74,3,10,5,1,7,6,1,10,9,17,,9,,1,21,121.4994561,25.0327603
113,9,12,15,5,2,02萬華區,萬華區寶興街與寶興街38巷口,0,0,1,1,C03,8,6,5,50,4,1,1,5,4,5,13,4,4,9,5,5,2,16,2,62,2,9,5,1,7,5,1,10,1,11,,74,,1,21,121.4933537,25.0273528
113,9,12,15,5,2,02萬華區,萬華區寶興街與寶興街38巷口,0,0,1,2,C03,8,6,5,50,4,1,1,5,4,5,13,4,4,9,5,5,2,16,1,54,3,10,6,1,7,9,1,10,1,14,,33,,1,26,121.4933537,25.0273528
113,9,12,15,25,2,05中正區,中正區貴陽街1段與博愛路口,0,0,2,1,C03,8,7,5,50,14,9,1,5,4,5,13,1,1,5,4,5,2,12,2,18,2,8,5,1,7,9,3,18,1,14,,16,,1,21,121.5109282,25.0389262
113,9,12,15,25,2,05中正區,中正區貴陽街1段與博愛路口,0,0,2,2,C03,8,7,5,50,14,9,1,5,4,5,13,1,1,5,4,5,2,12,1,21,3,10,5,1,7,12,1,10,1,12,,44,,1,21,121.5109282,25.0389262
113,9,12,15,25,2,05中正區,中正區貴陽街1段與博愛路口,0,0,2,3,H02,8,7,5,50,14,9,1,5,4,5,13,1,1,5,4,5,2,12,2,19,2,8,5,5,7,20,8,20,10,16,,67,,1,21,121.5109282,25.0389262
113,9,12,16,8,2,11南港區,南港區忠孝東路6段與忠孝東路6段口無名巷,0,0,1,1,B03,8,7,5,50,4,2,1,5,4,5,13,2,1,1,4,4,2,16,1,57,3,10,3,4,7,5,1,8,1,6,,71,,1,21,121.591187,25.0498374
113,9,12,16,8,2,11南港區,南港區忠孝東路6段與忠孝東路6段口無名巷,0,0,1,2,C03,8,7,5,50,4,2,1,5,4,5,13,2,1,1,4,4,2,16,1,22,2,9,6,4,7,9,1,10,1,11,,13,,1,21,121.591187,25.0498374
113,9,12,16,43,2,05中正區,中正區新生南路1段170巷與連雲街口,0,0,1,1,B03,8,6,5,30,3,2,1,5,4,5,13,4,4,10,5,5,2,17,2,61,3,10,3,4,7,15,1,8,11,17,,18,,1,22,121.5311541,25.03412088
113,9,12,16,43,2,05中正區,中正區新生南路1段170巷與連雲街口,0,0,1,2,C03,8,6,5,30,3,2,1,5,4,5,13,4,4,10,5,5,2,17,2,53,2,7,6,4,7,7,1,10,2,11,,100,,1,22,121.5311541,25.03412088
113,9,12,16,43,2,05中正區,中正區新生南路1段170巷與連雲街口,0,0,1,3,B03,8,6,5,30,3,2,1,5,4,5,13,4,4,10,5,5,2,17,1,46,3,10,7,4,7,5,1,8,2,5,,108,,1,22,121.5311541,25.03412088
113,9,12,17,3,2,08士林區,士林區中山北路4段與通河街口,0,0,1,1,B03,8,6,5,50,3,1,1,5,4,5,13,1,1,2,3,5,1,16,1,71,3,10,7,1,7,6,1,8,2,2,,17,,1,22,121.5243091,25.0797119
113,9,12,17,3,2,08士林區,士林區中山北路4段與通河街口,0,0,1,2,C03,8,6,5,50,3,1,1,5,4,5,13,1,1,2,3,5,1,16,1,40,2,9,6,1,7,6,1,10,2,14,,17,,1,22,121.5243091,25.0797119
113,9,12,17,18,2,07信義區,信義區和平東路3段往西,0,0,1,1,C04,8,6,5,40,12,9,1,5,4,5,13,4,4,4,5,5,2,18,2,20,2,9,6,1,7,5,1,10,1,11,,108,,1,21,121.5651799,25.010092
113,9,12,17,18,2,07信義區,信義區和平東路3段往西,0,0,1,2,,8,6,5,40,12,9,1,5,4,5,13,4,4,4,5,5,2,18,3,0,,,,,,,,,,,,67,,1,,121.5651799,25.010092
113,9,12,17,20,2,10文山區,文山區木柵路1段58巷27號旁,0,0,2,1,C03,8,7,5,30,14,9,1,5,4,5,13,4,4,10,5,5,2,17,1,19,2,9,5,1,7,9,1,10,1,11,,118,,1,21,121.5483479,24.9864746
113,9,12,17,20,2,10文山區,文山區木柵路1段58巷27號旁,0,0,2,2,C03,8,7,5,30,14,9,1,5,4,5,13,4,4,10,5,5,2,17,2,58,2,9,5,1,7,9,1,10,1,15,,118,,1,21,121.5483479,24.9864746
113,9,12,17,20,2,10文山區,文山區木柵路1段58巷27號旁,0,0,2,3,B12,8,7,5,30,14,9,1,5,4,5,13,4,4,10,5,5,2,17,1,37,3,10,3,4,7,13,1,2,11,4,,44,,1,21,121.5483479,24.9864746
113,9,12,17,46,2,01大同區,大同區承德路3段與敦煌路口,0,0,2,1,C03,8,6,5,40,5,1,1,5,4,5,13,2,1,1,4,5,2,17,1,35,2,9,6,1,7,6,1,10,1,13,,9,,1,21,121.5200562,25.075312
113,9,12,17,46,2,01大同區,大同區承德路3段與敦煌路口,0,0,2,2,C03,8,6,5,40,5,1,1,5,4,5,13,2,1,1,4,5,2,17,2,37,2,9,6,1,7,9,1,10,1,11,,108,,1,21,121.5200562,25.075312
113,9,12,18,5,2,10文山區,文山區木柵路4段與和平東路4段口,0,0,1,1,B03,8,5,5,50,3,1,1,5,4,5,13,2,1,5,4,5,2,12,1,35,3,10,7,1,7,6,1,8,2,5,,9,,1,21,121.5746512,24.9983238
113,9,12,18,5,2,10文山區,文山區木柵路4段與和平東路4段口,0,0,1,2,C03,8,5,5,50,3,1,1,5,4,5,13,2,1,5,4,5,2,12,1,33,2,9,6,1,7,15,1,10,2,14,,44,,1,21,121.5746512,24.9983238
113,9,12,18,20,2,01大同區,大同區重慶北路3段與民族西路口,0,0,1,1,C03,8,5,5,50,4,1,1,5,4,5,13,1,1,1,4,5,2,17,1,22,2,9,6,1,7,1,1,10,1,11,,44,,1,21,121.5136027,25.0686726
113,9,12,18,20,2,01大同區,大同區重慶北路3段與民族西路口,0,0,1,2,B03,8,5,5,50,4,1,1,5,4,5,13,1,1,1,4,5,2,17,1,37,3,10,7,1,7,9,1,8,1,5,,81,,1,21,121.5136027,25.0686726
113,9,12,18,30,2,06松山區,松山區光復南路4號,0,0,1,1,F02,8,5,5,0,14,20,4,5,4,5,13,4,4,10,5,5,2,9,1,33,2,8,4,1,7,9,8,20,1,17,,42,,1,22,121.557679,25.0478688
113,9,12,18,30,2,06松山區,松山區光復南路4號,0,0,1,2,H01,8,5,5,0,14,20,4,5,4,5,13,4,4,10,5,5,2,9,1,44,3,10,4,5,8,16,8,20,1,16,,67,,1,22,121.557679,25.0478688
113,9,12,19,0,2,03中山區,中山區中山北路2段與長春路口,0,0,1,1,B03,7,5,5,50,4,1,1,5,4,5,13,1,1,4,3,5,2,12,1,21,3,10,3,4,7,7,1,7,1,8,,80,,1,21,121.5228052,25.0549476
113,9,12,19,0,2,03中山區,中山區中山北路2段與長春路口,0,0,1,2,C03,7,5,5,50,4,1,1,5,4,5,13,1,1,4,3,5,2,12,2,27,2,8,3,4,7,9,1,10,1,12,,44,,1,21,121.5228052,25.0549476
113,9,12,19,40,2,03中山區,中山區建國北路1段148號,0,0,3,1,C03,8,5,5,50,14,9,1,5,4,5,13,4,4,1,4,5,2,13,1,46,2,9,5,1,7,9,1,10,2,13,,44,,1,21,121.5365117,25.0516223
113,9,12,19,40,2,03中山區,中山區建國北路1段148號,0,0,3,2,C03,8,5,5,50,14,9,1,5,4,5,13,4,4,1,4,5,2,13,1,29,2,9,5,1,7,9,1,10,2,11,,108,,1,21,121.5365117,25.0516223
113,9,12,19,40,2,03中山區,中山區建國北路1段148號,0,0,3,3,H02,8,5,5,50,14,9,1,5,4,5,13,4,4,1,4,5,2,13,2,26,2,9,5,5,7,17,8,20,10,16,,67,,1,21,121.5365117,25.0516223
113,9,12,19,49,2,08士林區,士林區福國路15巷與中山北路5段829巷口,0,0,1,1,C03,8,5,5,30,5,1,1,5,4,5,13,4,4,10,5,5,2,15,1,23,2,7,3,4,7,9,1,10,1,11,,72,,1,22,121.524626,25.1015035
113,9,12,19,49,2,08士林區,士林區福國路15巷與中山北路5段829巷口,0,0,1,2,C03,8,5,5,30,5,1,1,5,4,5,13,4,4,10,5,5,2,15,1,65,3,10,3,4,7,9,1,10,1,12,,14,,1,22,121.524626,25.1015035
113,9,12,20,15,2,05中正區,中正區汀州路3段與思源街14巷口,0,0,1,1,C03,8,5,5,50,3,1,1,5,4,5,13,4,4,5,2,5,2,17,1,19,3,10,5,1,7,5,1,10,2,11,,8,,1,21,121.5307404,25.0161364
113,9,12,20,15,2,05中正區,中正區汀州路3段與思源街14巷口,0,0,1,2,C03,8,5,5,50,3,1,1,5,4,5,13,4,4,5,2,5,2,17,2,22,2,9,5,1,7,9,1,10,2,11,,44,,1,21,121.5307404,25.0161364
113,9,12,20,58,2,06松山區,松山區八德路2段與八德路2段451巷口,0,0,3,1,C03,8,5,5,50,3,1,1,5,4,5,13,2,1,9,4,5,2,17,1,27,2,9,6,1,7,6,1,10,2,12,,9,,1,22,121.5474267,25.04824475
113,9,12,20,58,2,06松山區,松山區八德路2段與八德路2段451巷口,0,0,3,2,C03,8,5,5,50,3,1,1,5,4,5,13,2,1,9,4,5,2,17,2,19,2,9,6,1,7,9,1,10,2,14,,108,,1,22,121.5474267,25.04824475
113,9,12,20,58,2,06松山區,松山區八德路2段與八德路2段451巷口,0,0,3,3,H02,8,5,5,50,3,1,1,5,4,5,13,2,1,9,4,5,2,17,2,37,2,9,6,5,7,20,8,20,10,16,,67,,1,22,121.5474267,25.04824475
113,9,12,21,34,2,03中山區,中山區市民大道2段與天津街口,0,0,1,1,B01,8,5,5,40,4,1,1,5,4,5,13,2,2,1,5,5,1,16,1,44,3,10,3,4,7,6,1,4,1,5,,80,,1,21,121.5224285,25.0480412
113,9,12,21,34,2,03中山區,中山區市民大道2段與天津街口,0,0,1,2,C03,8,5,5,40,4,1,1,5,4,5,13,2,2,1,5,5,1,16,1,49,2,9,3,4,7,9,1,10,1,14,,44,,1,21,121.5224285,25.0480412
113,9,12,21,35,2,05中正區,中正區和平西路2段100號,0,0,1,1,A04,8,5,5,50,14,9,1,5,4,5,13,4,4,1,4,5,2,13,1,58,3,10,7,1,7,7,1,2,2,7,,100,,1,21,121.5099976,25.0300841
113,9,12,21,35,2,05中正區,中正區和平西路2段100號,0,0,1,2,C03,8,5,5,50,14,9,1,5,4,5,13,4,4,1,4,5,2,13,2,40,2,9,5,1,7,9,1,10,2,11,,108,,1,21,121.5099976,25.0300841
113,9,12,21,35,2,05中正區,中正區和平西路2段100號,0,0,1,3,C03,8,5,5,50,14,9,1,5,4,5,13,4,4,1,4,5,2,13,1,52,3,10,5,1,7,9,1,9,2,12,,44,,1,21,121.5099976,25.0300841
113,9,12,23,3,2,03中山區,中山區民權西路與天祥路口,0,0,1,1,H01,8,5,5,0,14,9,1,5,4,5,13,2,1,1,5,5,1,1,2,51,2,9,4,5,8,16,8,20,10,16,,121,,1,21,121.5207859,25.06288271
113,9,12,23,3,2,03中山區,中山區民權西路與天祥路口,0,0,1,2,C03,8,5,5,0,14,9,1,5,4,5,13,2,1,1,5,5,1,1,1,35,3,10,3,4,7,9,1,9,1,11,,70,,1,21,121.5207859,25.06288271
113,9,12,23,57,2,06松山區,松山區延壽街330巷8弄與延壽街330巷口,0,0,1,1,B03,7,5,5,50,4,1,1,5,4,5,13,3,1,8,3,5,2,15,1,44,3,10,7,1,7,9,1,8,2,2,,72,,1,22,121.5603519,25.0558634
113,9,12,23,57,2,06松山區,松山區延壽街330巷8弄與延壽街330巷口,0,0,1,2,C03,7,5,5,50,4,1,1,5,4,5,13,3,1,8,3,5,2,15,1,26,2,9,6,1,7,9,1,10,8,11,,21,,1,22,121.5603519,25.0558634
113,9,13,0,14,2,04大安區,大安區大安路1段與大安路1段51巷口,0,0,1,1,C03,7,5,5,30,4,1,1,5,4,5,13,4,4,10,3,5,2,15,1,21,2,9,6,1,7,9,1,9,1,14,,14,,1,21,121.5461917,25.0431229
113,9,13,0,14,2,04大安區,大安區大安路1段與大安路1段51巷口,0,0,1,2,B03,7,5,5,30,4,1,1,5,4,5,13,4,4,10,3,5,2,15,1,34,3,10,7,1,7,9,1,8,1,1,,14,,1,22,121.5461917,25.0431229
113,9,13,0,55,2,03中山區,中山區中山北路3段與民族東路口,0,0,1,1,C03,8,5,5,50,4,2,1,5,4,5,13,1,1,1,4,5,2,17,1,24,2,9,5,1,7,9,1,10,1,14,,116,,1,22,121.522901,25.0680754
113,9,13,0,55,2,03中山區,中山區中山北路3段與民族東路口,0,0,1,2,C03,8,5,5,50,4,2,1,5,4,5,13,1,1,1,4,5,2,17,1,25,3,10,5,1,7,9,1,10,1,13,,44,,1,22,121.522901,25.0680754
113,9,13,3,41,2,02萬華區,萬華區成都路與昆明街口,0,0,1,1,B03,8,5,5,50,4,2,1,5,4,5,13,1,1,10,3,5,2,3,1,40,3,10,7,1,7,5,1,8,2,1,,70,,1,21,121.5047361,25.0430239
113,9,13,3,41,2,02萬華區,萬華區成都路與昆明街口,0,0,1,2,H01,8,5,5,50,4,2,1,5,4,5,13,1,1,10,3,5,2,3,1,50,2,7,4,5,8,16,8,20,10,16,,67,,1,21,121.5047361,25.0430239