發生年度,發生月,發生日,發生時-Hours,發生分,處理別-編號,區序,肇事地點,死亡人數,2-30日死亡人數,受傷人數,當事人序號,車種,天候,道路照明設備,道路類別,速限-速度限制,道路型態,事故位置,路面狀況1,路面狀況2,路面狀況3,道路障礙1,道路障礙2,號誌1,號誌2,車道劃分-分向,車道劃分-分道1,車道劃分-分道2,車道劃分-分道3,事故類型及型態,性別,年齡,受傷程度,主要傷處,保護裝置,行動電話,車輛用途,當事者行動狀態,駕駛資格情形,駕駛執照種類,飲酒情形,車輛撞擊部位1,車輛撞擊部位2,肇因碼-個別,肇因碼-主要,個人肇逃否,職業,座標-X,座標-Y
113,9,13,4,5,2,03中山區,中山區林森北路85巷與長安東路1段53巷口,0,0,1,1,B01,8,5,5,30,4,1,1,5,4,5,13,4,4,9,4,5,2,17,1,47,3,10,7,1,7,9,1,4,2,1,,72,,1,21,121.5265595,25.0494386
113,9,13,4,5,2,03中山區,中山區林森北路85巷與長安東路1段53巷口,0,0,1,2,B03,8,5,5,30,4,1,1,5,4,5,13,4,4,9,4,5,2,17,1,28,2,2,7,1,7,9,1,8,2,6,,108,,1,21,121.5265595,25.0494386
113,9,13,6,40,2,10文山區,文山區木新路3段與木新路3段127巷口,0,0,2,1,C03,8,6,5,50,3,1,1,5,4,5,13,4,4,5,5,4,2,16,1,23,2,9,6,1,7,1,1,10,1,14,,19,,1,21,121.5619394,24.9819976
113,9,13,6,40,2,10文山區,文山區木新路3段與木新路3段127巷口,0,0,2,2,C03,8,6,5,50,3,1,1,5,4,5,13,4,4,5,5,4,2,16,1,38,2,9,6,1,7,9,1,10,1,11,,44,,1,21,121.5619394,24.9819976
113,9,13,7,7,2,05中正區,中正區市民大道1段與中山北路1段口,0,0,3,1,C03,8,6,5,40,4,1,1,5,4,5,13,2,1,1,4,5,2,17,1,35,3,10,5,1,7,8,1,10,2,13,,101,,1,22,121.5205722,25.04798357
113,9,13,7,7,2,05中正區,中正區市民大道1段與中山北路1段口,0,0,3,2,C03,8,6,5,40,4,1,1,5,4,5,13,2,1,1,4,5,2,17,1,48,2,9,5,1,7,9,1,10,2,11,,44,,1,22,121.5205722,25.04798357
113,9,13,7,7,2,05中正區,中正區市民大道1段與中山北路1段口,0,0,3,3,C03,8,6,5,40,4,1,1,5,4,5,13,2,1,1,4,5,2,17,1,64,2,9,5,1,7,9,1,10,2,11,,16,,1,22,121.5205722,25.04798357
113,9,13,7,7,2,05中正區,中正區市民大道1段與中山北路1段口,0,0,3,4,C03,8,6,5,40,4,1,1,5,4,5,13,2,1,1,4,5,2,17,1,44,2,9,5,1,7,9,1,10,2,11,,108,,1,22,121.5205722,25.04798357
113,9,13,7,36,2,06松山區,松山區南京東路3段與敦化北路口,0,0,1,1,C03,8,6,5,50,4,1,1,5,4,5,13,1,1,1,4,4,1,12,1,57,2,9,6,1,7,9,1,10,2,14,,101,,1,21,121.5486731,25.0516745
113,9,13,7,36,2,06松山區,松山區南京東路3段與敦化北路口,0,0,1,2,A05,8,6,5,50,4,1,1,5,4,5,13,1,1,1,4,4,1,12,1,64,3,10,7,1,7,9,1,1,2,2,,44,,1,21,121.5486731,25.0516745
113,9,13,7,41,2,04大安區,大安區新生南路1段與八德路2段口,0,0,2,1,B03,8,7,5,50,4,2,1,5,4,5,13,2,1,8,3,5,1,12,1,51,3,10,7,1,7,9,1,8,1,6,,101,,1,26,121.5330056,25.0446795
113,9,13,7,41,2,04大安區,大安區新生南路1段與八德路2段口,0,0,2,2,C03,8,7,5,50,4,2,1,5,4,5,13,2,1,8,3,5,1,12,1,58,2,7,5,1,7,9,1,10,1,14,,44,,1,26,121.5330056,25.0446795
113,9,13,7,41,2,04大安區,大安區新生南路1段與八德路2段口,0,0,2,3,H02,8,7,5,50,4,2,1,5,4,5,13,2,1,8,3,5,1,12,2,57,2,8,5,5,7,20,8,20,10,16,,67,,1,26,121.5330056,25.0446795
113,9,13,7,44,2,02萬華區,萬華區堤外便道與萬大路口,0,0,1,1,C02,8,5,5,40,4,1,1,5,4,5,13,1,1,8,3,5,1,16,1,42,3,10,3,4,7,5,1,9,1,12,,71,,1,22,121.4957374,25.0161499
113,9,13,7,44,2,02萬華區,萬華區堤外便道與萬大路口,0,0,1,2,C03,8,5,5,40,4,1,1,5,4,5,13,1,1,8,3,5,1,16,1,19,2,7,3,4,7,9,1,10,1,11,,44,,1,22,121.4957374,25.0161499
113,9,13,7,44,2,08士林區,士林區中正路與基河路口口,0,0,2,1,B03,8,6,5,50,4,2,1,5,4,5,13,2,1,3,4,5,2,13,1,40,2,8,7,1,7,9,1,8,1,5,,16,,1,21,121.5200876,25.0933047
113,9,13,7,44,2,08士林區,士林區中正路與基河路口口,0,0,2,2,C03,8,6,5,50,4,2,1,5,4,5,13,2,1,3,4,5,2,13,2,69,2,9,6,1,7,14,1,10,1,14,,44,,1,21,121.5200876,25.0933047
113,9,13,7,45,2,04大安區,大安區和平東路2段與建國南路2段口,0,0,2,1,C03,8,6,5,50,4,1,1,5,4,5,13,2,1,1,4,5,2,17,2,55,2,9,3,4,7,12,1,10,11,11,,16,,1,22,121.5378944,25.0253718
113,9,13,7,45,2,04大安區,大安區和平東路2段與建國南路2段口,0,0,2,2,C03,8,6,5,50,4,1,1,5,4,5,13,2,1,1,4,5,2,17,1,58,2,9,3,4,7,9,1,10,11,11,,16,,1,22,121.5378944,25.0253718
113,9,13,7,45,2,04大安區,大安區和平東路2段與建國南路2段口,0,0,2,3,C03,8,6,5,50,4,1,1,5,4,5,13,2,1,1,4,5,2,17,1,60,3,10,3,4,7,12,1,10,11,12,,44,,1,22,121.5378944,25.0253718
113,9,13,7,49,2,02萬華區,萬華區堤外便道富民路水門口-青年路水門口段,0,0,1,1,B12,7,6,5,50,14,9,1,5,4,5,13,4,4,8,3,5,2,16,1,39,2,9,3,4,7,5,1,8,1,2,,8,,1,22,121.5008971,25.0174947
113,9,13,7,49,2,02萬華區,萬華區堤外便道富民路水門口-青年路水門口段,0,0,1,2,C03,7,6,5,50,14,9,1,5,4,5,13,4,4,8,3,5,2,16,2,18,3,10,3,4,7,9,1,10,1,11,,44,,1,22,121.5008971,25.0174947
113,9,13,7,50,2,02萬華區,萬華區桂林路與桂林路29巷口,0,0,3,1,C03,8,7,5,30,3,2,1,5,4,5,13,4,4,5,4,4,2,17,1,42,2,8,5,1,7,6,1,10,1,12,,99,,1,21,121.5047091,25.0378359
113,9,13,7,50,2,02萬華區,萬華區桂林路與桂林路29巷口,0,0,3,2,F01,8,7,5,30,3,2,1,5,4,5,13,4,4,5,4,4,2,17,1,30,2,9,4,1,7,9,8,20,1,11,,44,,1,21,121.5047091,25.0378359
113,9,13,7,50,2,02萬華區,萬華區桂林路與桂林路29巷口,0,0,3,3,H02,8,7,5,30,3,2,1,5,4,5,13,4,4,5,4,4,2,17,2,40,2,9,6,5,7,20,8,20,10,16,,67,,1,21,121.5047091,25.0378359
113,9,13,7,50,2,02萬華區,萬華區桂林路與桂林路29巷口,0,0,3,4,H02,8,7,5,30,3,2,1,5,4,5,13,4,4,5,4,4,2,17,1,8,3,10,6,5,7,20,8,20,10,16,,67,,1,14,121.5047091,25.0378359
113,9,13,8,4,2,05中正區,中正區公園路38號,0,0,1,1,C03,8,5,5,50,14,9,1,5,4,5,13,4,4,5,4,5,1,17,2,55,2,9,5,1,7,15,1,10,1,13,,80,,1,21,121.5166809,25.0437371
113,9,13,8,4,2,05中正區,中正區公園路38號,0,0,1,2,C03,8,5,5,50,14,9,1,5,4,5,13,4,4,5,4,5,1,17,1,36,3,10,5,1,7,9,1,10,1,11,,16,,1,21,121.5166809,25.0437371
113,9,13,8,12,2,04大安區,大安區通化街171巷與通化街165巷24弄口,0,0,1,1,C03,8,6,5,50,4,2,1,5,4,5,13,4,4,9,5,5,2,16,1,53,2,9,5,1,7,5,1,10,1,14,,8,,1,21,121.5550287,25.0277486
113,9,13,8,12,2,04大安區,大安區通化街171巷與通化街165巷24弄口,0,0,1,2,B03,8,6,5,50,4,2,1,5,4,5,13,4,4,9,5,5,2,16,1,43,3,10,7,1,7,9,1,8,1,1,,14,,1,21,121.5550287,25.0277486
113,9,13,8,21,2,01大同區,大同區重慶北路1段與鄭州路口,0,0,2,1,C03,8,7,5,40,4,2,1,5,4,5,13,2,1,1,4,5,2,17,1,75,2,9,3,4,7,15,1,10,1,12,,100,,1,21,121.5132477,25.0495804
113,9,13,8,21,2,01大同區,大同區重慶北路1段與鄭州路口,0,0,2,2,C03,8,7,5,40,4,2,1,5,4,5,13,2,1,1,4,5,2,17,1,42,2,9,3,4,7,15,1,10,1,14,,99,,1,21,121.5132477,25.0495804
113,9,13,8,23,2,05中正區,中正區中山南路與濟南路1段口,0,0,1,1,C03,8,6,5,50,4,1,1,5,4,5,13,1,2,1,4,1,2,15,1,58,3,10,6,1,7,15,1,10,2,13,,42,,1,21,121.5190325,25.0433512
113,9,13,8,23,2,05中正區,中正區中山南路與濟南路1段口,0,0,1,2,C03,8,6,5,50,4,1,1,5,4,5,13,1,2,1,4,1,2,15,1,20,2,9,6,1,7,9,1,10,2,14,,44,,1,21,121.5190325,25.0433512
113,9,13,8,50,2,06松山區,松山區基隆路1段與八德路4段口,0,0,2,1,F01,8,6,5,50,5,1,1,5,4,5,13,2,1,1,3,5,2,15,1,47,2,9,4,1,7,9,8,20,1,12,,81,,1,21,121.5691356,25.0493384
113,9,13,8,50,2,06松山區,松山區基隆路1段與八德路4段口,0,0,2,2,C03,8,6,5,50,5,1,1,5,4,5,13,2,1,1,3,5,2,15,1,40,2,9,5,1,7,9,1,10,1,11,,44,,1,22,121.5691356,25.0493384
113,9,13,9,0,2,05中正區,中正區延平南路123號,0,0,1,1,B03,8,6,5,50,14,9,1,5,4,5,13,4,4,9,4,5,2,16,1,52,3,10,7,1,7,11,1,8,2,4,,10,,1,22,121.5086245,25.0387355
113,9,13,9,0,2,05中正區,中正區延平南路123號,0,0,1,2,C03,8,6,5,50,14,9,1,5,4,5,13,4,4,9,4,5,2,16,1,25,2,9,6,1,7,9,1,10,2,12,,44,,1,22,121.5086245,25.0387355
113,9,13,9,17,2,06松山區,松山區南京東路4段53巷與南京東路4段53巷11弄口,0,0,1,1,B01,8,6,5,30,4,1,1,5,4,5,13,4,4,10,5,5,2,15,1,51,3,10,7,1,7,9,1,8,1,8,,72,,1,21,121.5511477,25.0533286
113,9,13,9,17,2,06松山區,松山區南京東路4段53巷與南京東路4段53巷11弄口,0,0,1,2,C03,8,6,5,30,4,1,1,5,4,5,13,4,4,10,5,5,2,15,1,30,2,9,5,1,7,9,1,10,1,12,14,108,,1,21,121.5511477,25.0533286
113,9,13,9,25,2,03中山區,中山區長安西路19巷65號旁,0,0,1,1,B12,8,5,6,30,14,9,1,5,4,5,13,4,4,10,5,5,2,14,1,56,3,10,3,4,7,2,1,8,1,7,,12,,1,26,121.5204163,25.05169347
113,9,13,9,25,2,03中山區,中山區長安西路19巷65號旁,0,0,1,2,C03,8,5,6,30,14,9,1,5,4,5,13,4,4,10,5,5,2,14,2,29,2,9,3,4,7,9,1,10,1,11,,44,,1,21,121.5204163,25.05169347
113,9,13,9,27,2,01大同區,大同區長安西路與西寧北路口,0,0,1,1,G03,8,7,5,50,4,2,1,5,4,5,13,2,1,5,4,5,2,17,1,57,3,10,3,4,7,5,1,8,1,16,,71,,1,21,121.5085201,25.0519691
113,9,13,9,27,2,01大同區,大同區長安西路與西寧北路口,0,0,1,2,C03,8,7,5,50,4,2,1,5,4,5,13,2,1,5,4,5,2,17,1,70,2,9,3,4,7,9,1,10,1,14,,33,,1,21,121.5085201,25.0519691
113,9,13,9,36,2,11南港區,南港區研究院路1段130巷99號與研究院路1段130巷口,0,0,1,1,C04,8,5,5,30,4,2,1,5,4,5,13,4,4,10,5,5,2,15,1,23,2,9,5,1,7,9,1,11,1,14,,80,,1,21,121.6121076,25.0474011
113,9,13,9,36,2,11南港區,南港區研究院路1段130巷99號與研究院路1段130巷口,0,0,1,2,B01,8,5,5,30,4,2,1,5,4,5,13,4,4,10,5,5,2,15,1,68,3,10,7,1,7,9,1,4,1,1,,44,,1,21,121.6121076,25.0474011
113,9,13,9,45,2,05中正區,中正區重慶南路1段與愛國西路口,0,0,1,1,C03,8,6,5,50,5,1,1,5,4,5,13,2,1,3,3,5,2,17,1,46,3,10,5,1,7,9,1,10,2,13,,101,,1,22,121.5125179,25.03537691
113,9,13,9,45,2,05中正區,中正區重慶南路1段與愛國西路口,0,0,1,2,C03,8,6,5,50,5,1,1,5,4,5,13,2,1,3,3,5,2,17,1,32,2,9,5,1,7,9,1,10,2,11,,44,,1,22,121.5125179,25.03537691
113,9,13,9,47,2,03中山區,中山區八德路2段229號,0,0,2,1,B12,8,6,5,50,14,9,1,5,4,5,13,4,4,5,4,5,2,16,1,53,3,10,3,4,7,11,1,8,1,8,,100,,1,21,121.5408904,25.046575
113,9,13,9,47,2,03中山區,中山區八德路2段229號,0,0,2,2,C03,8,6,5,50,14,9,1,5,4,5,13,4,4,5,4,5,2,16,2,33,2,9,5,4,7,9,1,10,1,11,,13,,1,21,121.5408904,25.046575
113,9,13,9,47,2,03中山區,中山區八德路2段229號,0,0,2,3,H02,8,6,5,50,14,9,1,5,4,5,13,4,4,5,4,5,2,16,2,29,2,9,5,5,7,21,8,20,10,16,,67,,1,21,121.5408904,25.046575
113,9,13,9,49,2,01大同區,大同區承德路2段與承德路2段187巷口,0,0,1,1,B12,8,6,5,50,3,2,1,5,4,5,13,4,4,1,4,5,2,17,1,53,3,10,3,4,7,15,1,4,2,2,,114,,1,22,121.5182739,25.0591659
113,9,13,9,49,2,01大同區,大同區承德路2段與承德路2段187巷口,0,0,1,2,C03,8,6,5,50,3,2,1,5,4,5,13,4,4,1,4,5,2,17,1,43,2,8,6,4,7,1,1,10,2,14,,19,,1,22,121.5182739,25.0591659
113,9,13,9,55,2,05中正區,中正區青島東路1號,0,0,1,1,B01,8,5,5,50,14,9,1,5,4,5,13,4,4,9,4,4,1,17,2,45,3,10,7,1,7,11,1,4,1,4,,10,,1,21,121.5206385,25.0441932
113,9,13,9,55,2,05中正區,中正區青島東路1號,0,0,1,2,C03,8,5,5,50,14,9,1,5,4,5,13,4,4,9,4,4,1,17,2,60,2,7,5,1,7,9,1,10,1,11,,44,,1,21,121.5206385,25.0441932
113,9,13,10,5,2,12內湖區,內湖區瑞光路451號,0,0,1,1,C03,8,6,5,50,14,9,1,5,4,5,13,4,4,5,4,5,2,17,2,28,2,8,6,1,7,5,1,10,1,12,,8,,1,21,121.5703462,25.0784914
113,9,13,10,5,2,12內湖區,內湖區瑞光路451號,0,0,1,2,B03,8,6,5,50,14,9,1,5,4,5,13,4,4,5,4,5,2,17,1,38,3,10,7,1,7,9,1,8,1,1,,44,,1,21,121.5703462,25.0784914
113,9,13,10,18,2,12內湖區,內湖區民權東路6段與民權東路6段46巷口,0,0,1,1,B03,8,5,5,50,4,1,1,5,4,5,13,1,1,1,4,5,2,16,1,36,3,10,7,1,7,5,1,8,2,5,,80,,1,21,121.5815911,25.0679036
113,9,13,10,18,2,12內湖區,內湖區民權東路6段與民權東路6段46巷口,0,0,1,2,C03,8,5,5,50,4,1,1,5,4,5,13,1,1,1,4,5,2,16,1,18,2,9,6,1,7,9,1,10,2,11,,44,,1,21,121.5815911,25.0679036
113,9,13,10,55,2,11南港區,南港區市民大道7段與向陽路口,0,0,1,1,B01,8,6,5,50,4,3,1,5,4,5,13,1,1,3,4,5,2,13,1,51,3,10,7,1,7,9,1,4,2,8,,108,,1,21,121.5953877,25.0514453
113,9,13,10,55,2,11南港區,南港區市民大道7段與向陽路口,0,0,1,2,C03,8,6,5,50,4,3,1,5,4,5,13,1,1,3,4,5,2,13,1,47,2,9,5,1,7,12,1,10,2,13,,44,,1,21,121.5953877,25.0514453
113,9,13,11,7,2,03中山區,中山區市民高架道往西(中山北路上方),0,0,1,1,B03,8,5,5,60,10,9,1,5,4,5,13,4,4,1,4,5,2,13,1,47,3,10,3,4,7,9,1,8,1,1,,16,,1,21,121.5207984,25.04797012
113,9,13,11,7,2,03中山區,中山區市民高架道往西(中山北路上方),0,0,1,2,B03,8,5,5,60,10,9,1,5,4,5,13,4,4,1,4,5,2,13,2,52,2,1,3,4,7,9,1,8,1,3,,44,,1,21,121.5207984,25.04797012
113,9,13,11,36,2,12內湖區,內湖區港墘路250號,0,0,1,1,C03,8,6,5,50,14,9,1,5,4,5,13,4,4,3,4,5,2,16,2,59,3,10,5,1,7,15,1,10,1,11,,101,,1,21,121.5730426,25.0749833
113,9,13,11,36,2,12內湖區,內湖區港墘路250號,0,0,1,2,C03,8,6,5,50,14,9,1,5,4,5,13,4,4,3,4,5,2,16,1,53,2,9,5,1,7,9,1,10,1,11,,44,,1,21,121.5730426,25.0749833
113,9,13,11,52,2,06松山區,松山區市民大道4段37號,0,0,1,1,B01,8,7,5,40,14,9,1,5,4,5,13,4,4,9,4,5,2,13,1,56,3,10,7,1,7,8,1,8,1,7,,44,,1,21,121.5456555,25.04521875
113,9,13,11,52,2,06松山區,松山區市民大道4段37號,0,0,1,2,C03,8,7,5,40,14,9,1,5,4,5,13,4,4,9,4,5,2,13,2,28,2,9,6,1,7,9,1,10,1,11,,108,,1,21,121.5456555,25.04521875
113,9,13,12,40,2,03中山區,中山區中山北路4段新生高匝道,0,0,2,1,B03,8,5,5,50,14,9,1,5,4,5,13,1,1,1,4,4,2,17,1,69,3,10,3,4,7,9,1,8,1,2,,44,,1,21,121.5251277,25.076835
113,9,13,12,40,2,03中山區,中山區中山北路4段新生高匝道,0,0,2,2,C03,8,5,5,50,14,9,1,5,4,5,13,1,1,1,4,4,2,17,2,18,2,9,3,4,7,9,3,18,1,11,,81,,1,22,121.5251277,25.076835
113,9,13,12,40,2,03中山區,中山區中山北路4段新生高匝道,0,0,2,3,H02,8,5,5,50,14,9,1,5,4,5,13,1,1,1,4,4,2,17,2,20,2,9,3,5,7,20,8,20,10,16,,60,,1,22,121.5251277,25.076835
113,9,13,12,40,2,03中山區,中山區民生東路2段與吉林路口,0,0,2,1,C03,8,6,5,50,4,1,1,5,4,5,13,2,1,4,5,5,1,13,2,44,2,8,3,4,7,9,1,10,1,11,,16,,1,21,121.5302877,25.0579809
113,9,13,12,40,2,03中山區,中山區民生東路2段與吉林路口,0,0,2,2,C03,8,6,5,50,4,1,1,5,4,5,13,2,1,4,5,5,1,13,1,57,2,9,3,4,7,9,6,18,1,14,,16,,1,21,121.5302877,25.0579809
113,9,13,12,40,2,03中山區,中山區民生東路2段與吉林路口,0,0,2,3,B12,8,6,5,50,4,1,1,5,4,5,13,2,1,4,5,5,1,13,2,41,3,10,3,4,7,9,1,8,1,6,,44,,1,21,121.5302877,25.0579809
113,9,13,12,45,2,08士林區,士林區延平北路8段2巷153弄與延平北路8段口堤外道路,0,0,2,1,C03,8,6,5,40,3,1,1,5,4,5,13,4,4,10,5,5,1,17,1,34,2,9,6,1,7,15,1,10,2,13,,44,,1,22,121.4842905,25.1121741
113,9,13,12,45,2,08士林區,士林區延平北路8段2巷153弄與延平北路8段口堤外道路,0,0,2,2,C03,8,6,5,40,3,1,1,5,4,5,13,4,4,10,5,5,1,17,1,21,2,9,6,1,7,9,1,10,2,11,,17,,1,22,121.4842905,25.1121741
113,9,13,12,51,2,03中山區,中山區農安街210號,0,0,1,1,B03,8,6,5,50,14,9,1,5,4,5,13,2,1,10,3,5,1,17,2,55,3,10,7,1,7,9,1,8,1,1,,108,,1,21,121.5367983,25.0649483
113,9,13,12,51,2,03中山區,中山區農安街210號,0,0,1,2,C03,8,6,5,50,14,9,1,5,4,5,13,2,1,10,3,5,1,17,2,73,2,9,5,1,7,14,1,10,1,13,,44,,1,21,121.5367983,25.0649483
113,9,13,13,7,2,04大安區,大安區安和路1段與安和路1段109巷口口,0,0,1,1,B03,8,6,5,50,4,1,1,5,4,5,13,2,1,1,4,5,2,3,1,41,3,10,3,4,7,5,1,8,1,8,,70,,1,22,121.5530493,25.0354724
113,9,13,13,7,2,04大安區,大安區安和路1段與安和路1段109巷口口,0,0,1,2,H01,8,6,5,50,4,1,1,5,4,5,13,2,1,1,4,5,2,3,1,27,2,9,4,5,8,16,8,20,10,16,,67,,1,22,121.5530493,25.0354724
113,9,13,13,35,2,01大同區,大同區環河北路1段295號對面,0,0,1,1,B03,8,6,5,60,10,7,1,5,4,5,13,4,4,1,4,5,2,13,1,51,3,10,7,1,7,9,1,8,1,1,,16,,1,21,121.5083572,25.0591207
113,9,13,13,35,2,01大同區,大同區環河北路1段295號對面,0,0,1,2,B03,8,6,5,60,10,7,1,5,4,5,13,4,4,1,4,5,2,13,2,47,3,10,7,1,7,9,1,8,1,3,,44,,1,21,121.5083572,25.0591207
113,9,13,13,35,2,01大同區,大同區環河北路1段295號對面,0,0,1,3,H02,8,6,5,60,10,7,1,5,4,5,13,4,4,1,4,5,2,13,2,50,2,2,7,5,7,17,8,20,10,16,,67,,1,21,121.5083572,25.0591207
113,9,13,13,37,2,07信義區,信義區吳興街524巷21號,0,0,1,1,C03,8,6,5,30,14,9,1,5,4,5,13,4,4,10,5,5,2,18,1,48,2,9,5,1,7,9,1,10,1,12,,42,,1,21,121.5681667,25.0221785
113,9,13,13,37,2,07信義區,信義區吳興街524巷21號,0,0,1,2,,8,6,5,30,14,9,1,5,4,5,13,4,4,10,5,5,2,18,3,0,,,,,,,,,,,,67,,1,,121.5681667,25.0221785
113,9,13,14,20,2,12內湖區,內湖區成功交流道東南角,0,0,1,1,B03,8,6,5,50,4,1,1,5,4,5,13,2,1,1,4,5,2,17,2,55,3,10,7,1,7,6,1,8,1,2,,9,,1,21,121.5909765,25.0642118
113,9,13,14,20,2,12內湖區,內湖區成功交流道東南角,0,0,1,2,C03,8,6,5,50,4,1,1,5,4,5,13,2,1,1,4,5,2,17,1,26,2,8,6,1,7,9,1,10,1,14,,42,,1,21,121.5909765,25.0642118
113,9,13,14,50,2,02萬華區,萬華區開封街2段與漢中街口,0,0,1,1,C03,8,6,5,30,3,1,1,5,4,5,13,4,4,8,3,5,1,17,1,48,2,8,5,1,7,12,1,10,1,17,,44,,1,21,121.5079031,25.0463414
113,9,13,14,50,2,02萬華區,萬華區開封街2段與漢中街口,0,0,1,2,C03,8,6,5,30,3,1,1,5,4,5,13,4,4,8,3,5,1,17,2,21,3,10,5,1,7,7,1,10,1,17,,101,,1,21,121.5079031,25.0463414
113,9,13,15,0,2,03中山區,中山區北安路578巷8弄與北安路588巷口,0,0,1,1,C03,8,6,5,30,4,1,1,5,4,5,13,4,4,9,4,5,2,15,2,34,2,9,6,1,7,9,1,10,1,11,,72,,1,21,121.5491746,25.0810871
113,9,13,15,0,2,03中山區,中山區北安路578巷8弄與北安路588巷口,0,0,1,2,C03,8,6,5,30,4,1,1,5,4,5,13,4,4,9,4,5,2,15,1,53,3,10,6,1,7,9,1,10,1,11,,14,,1,21,121.5491746,25.0810871
113,9,13,15,20,2,06松山區,松山區長春路420號,0,0,1,1,C03,8,6,5,50,14,9,1,5,4,5,13,4,4,5,4,5,2,13,1,58,2,9,6,1,7,9,1,10,1,11,,16,,1,22,121.5444459,25.0545216
113,9,13,15,20,2,06松山區,松山區長春路420號,0,0,1,2,B02,8,6,5,50,14,9,1,5,4,5,13,4,4,5,4,5,2,13,1,43,3,10,7,1,7,9,1,8,1,6,,44,,1,22,121.5444459,25.0545216
113,9,13,15,20,2,06松山區,松山區長春路420號,0,0,1,3,C03,8,6,5,50,14,9,1,5,4,5,13,4,4,5,4,5,2,13,2,51,3,10,3,4,7,13,1,10,1,15,,44,,1,22,121.5444459,25.0545216
113,9,13,15,20,2,06松山區,松山區長春路420號,0,0,1,4,C03,8,6,5,50,14,9,1,5,4,5,13,4,4,5,4,5,2,13,2,57,3,10,3,4,7,13,1,10,1,15,,44,,1,22,121.5444459,25.0545216
113,9,13,15,20,2,06松山區,松山區長春路420號,0,0,1,5,C03,8,6,5,50,14,9,1,5,4,5,13,4,4,5,4,5,2,13,2,54,3,10,3,4,7,13,1,10,1,15,,44,,1,22,121.5444459,25.0545216
113,9,13,15,25,2,08士林區,士林區中山北路6段290巷7弄與德行東路109巷63弄口,0,0,1,1,B03,8,6,5,30,4,1,1,5,4,5,13,4,4,10,5,5,2,15,1,35,3,10,7,1,7,9,1,4,1,1,,72,,1,21,121.5275272,25.1096584
113,9,13,15,25,2,08士林區,士林區中山北路6段290巷7弄與德行東路109巷63弄口,0,0,1,2,C03,8,6,5,30,4,1,1,5,4,5,13,4,4,10,5,5,2,15,2,61,2,6,5,1,7,9,1,11,1,12,,14,,1,21,121.5275272,25.1096584
113,9,13,15,40,2,09北投區,北投區清江路與大興街口,0,0,1,1,B03,8,6,5,50,4,2,1,5,4,5,13,2,1,4,1,5,2,17,2,66,3,10,7,1,7,1,1,8,1,8,,19,,1,21,121.5021472,25.13076626
113,9,13,15,40,2,09北投區,北投區清江路與大興街口,0,0,1,2,C03,8,6,5,50,4,2,1,5,4,5,13,2,1,4,1,5,2,17,1,83,2,9,6,1,7,9,1,10,1,12,,44,,1,21,121.5021472,25.13076626
113,9,13,15,50,2,10文山區,文山區辛亥路4段與辛亥路4段222巷口口,0,0,2,1,C03,8,6,5,50,3,2,1,5,4,5,13,3,1,1,4,5,2,16,2,19,2,9,6,1,7,11,1,10,1,12,,80,,1,21,121.5553555,25.002151
113,9,13,15,50,2,10文山區,文山區辛亥路4段與辛亥路4段222巷口口,0,0,2,2,C03,8,6,5,50,3,2,1,5,4,5,13,3,1,1,4,5,2,16,1,19,2,7,6,1,7,9,1,10,1,11,,44,,1,21,121.5553555,25.002151
113,9,13,15,55,2,02萬華區,萬華區艋舺大道與環河南路2段口,0,0,1,1,B03,8,6,5,50,3,1,1,5,4,5,13,4,4,1,5,5,2,16,1,67,3,10,7,1,7,6,1,8,1,4,,74,,1,26,121.4892772,25.02790985
113,9,13,15,55,2,02萬華區,萬華區艋舺大道與環河南路2段口,0,0,1,2,C03,8,6,5,50,3,1,1,5,4,5,13,4,4,1,5,5,2,16,1,67,2,9,5,1,7,9,1,10,1,12,,108,,1,21,121.4892772,25.02790985
113,9,13,16,1,2,02萬華區,萬華區西藏路326號,0,0,1,1,C03,8,6,5,50,14,9,1,5,4,5,13,4,4,8,3,5,1,12,1,73,2,7,5,1,7,10,1,10,1,14,,100,,1,21,121.5001136,25.0294597
113,9,13,16,1,2,02萬華區,萬華區西藏路326號,0,0,1,2,B03,8,6,5,50,14,9,1,5,4,5,13,4,4,8,3,5,1,12,1,43,3,10,7,1,7,9,1,8,1,2,,44,,1,21,121.5001136,25.0294597
113,9,13,16,14,2,01大同區,大同區台北橋機慢車道往東,0,0,1,1,C03,8,7,5,40,14,11,1,5,4,5,13,4,4,1,5,5,2,17,1,33,3,10,3,4,7,9,1,10,1,12,,13,,1,21,121.5072925,25.0634656
113,9,13,16,14,2,01大同區,大同區台北橋機慢車道往東,0,0,1,2,C03,8,7,5,40,14,11,1,5,4,5,13,4,4,1,5,5,2,17,1,42,2,9,3,4,7,9,1,10,1,14,,16,,1,21,121.5072925,25.0634656
113,9,13,16,15,2,08士林區,士林區延平北路5段與延平北路5段244巷口,0,0,2,1,C04,8,5,5,50,4,1,1,5,4,5,13,1,1,10,5,5,1,16,2,49,2,7,5,1,7,1,1,10,1,14,,19,,1,21,121.5099006,25.0844905
113,9,13,16,15,2,08士林區,士林區延平北路5段與延平北路5段244巷口,0,0,2,2,C03,8,5,5,50,4,1,1,5,4,5,13,1,1,10,5,5,1,16,1,26,3,10,5,1,7,9,1,10,1,11,,13,,1,21,121.5099006,25.0844905