發生年度,發生月,發生日,發生時-Hours,發生分,處理別-編號,區序,肇事地點,死亡人數,2-30日死亡人數,受傷人數,當事人序號,車種,天候,道路照明設備,道路類別,速限-速度限制,道路型態,事故位置,路面狀況1,路面狀況2,路面狀況3,道路障礙1,道路障礙2,號誌1,號誌2,車道劃分-分向,車道劃分-分道1,車道劃分-分道2,車道劃分-分道3,事故類型及型態,性別,年齡,受傷程度,主要傷處,保護裝置,行動電話,車輛用途,當事者行動狀態,駕駛資格情形,駕駛執照種類,飲酒情形,車輛撞擊部位1,車輛撞擊部位2,肇因碼-個別,肇因碼-主要,個人肇逃否,職業,座標-X,座標-Y
113,9,13,16,15,2,08士林區,士林區延平北路5段與延平北路5段244巷口,0,0,2,3,H02,8,5,5,50,4,1,1,5,4,5,13,1,1,10,5,5,1,16,2,8,2,8,5,5,7,20,8,20,10,16,,67,,1,21,121.5099006,25.0844905
113,9,13,16,20,2,01大同區,大同區環河北路2段與昌吉街口,0,0,1,2,C03,8,6,5,50,3,2,1,5,4,5,13,4,4,8,3,5,1,12,1,27,2,7,3,4,7,9,1,10,1,11,,16,,1,21,121.5089006,25.0657818
113,9,13,16,20,2,01大同區,大同區環河北路2段與昌吉街口,0,0,1,1,B03,8,6,5,50,3,2,1,5,4,5,13,4,4,8,3,5,1,12,2,41,3,10,3,4,7,8,1,8,1,6,,44,,1,21,121.5089006,25.0657818
113,9,13,16,31,2,04大安區,大安區無名巷、廢鐵道(延吉街131巷1弄34號前),0,0,1,1,B03,8,7,5,30,4,1,1,5,4,5,13,4,4,1,5,5,2,15,2,27,3,10,7,1,7,9,1,8,2,7,,72,,1,21,121.5546432,25.0437358
113,9,13,16,31,2,04大安區,大安區無名巷、廢鐵道(延吉街131巷1弄34號前),0,0,1,2,C03,8,7,5,30,4,1,1,5,4,5,13,4,4,1,5,5,2,15,1,25,2,9,6,1,7,9,1,10,2,11,,14,,1,21,121.5546432,25.0437358
113,9,13,17,15,2,04大安區,大安區信義路4段與信義路4段400巷口,0,0,2,2,F01,8,6,5,30,3,1,1,5,4,5,13,4,4,9,4,5,2,16,1,16,2,7,4,4,7,9,8,20,1,11,,44,,1,21,121.5566166,25.0329751
113,9,13,17,15,2,04大安區,大安區信義路4段與信義路4段400巷口,0,0,2,1,C03,8,6,5,30,3,1,1,5,4,5,13,4,4,9,4,5,2,16,1,29,2,8,6,1,7,8,1,10,1,12,,72,,1,21,121.5566166,25.0329751
113,9,13,17,20,2,12內湖區,內湖區民權東路6段63號前,0,0,1,1,B02,8,5,5,40,14,8,1,5,4,5,12,4,4,1,4,4,2,13,1,24,2,7,7,1,7,7,1,8,2,5,,16,,1,21,121.5875816,25.0691322
113,9,13,17,20,2,12內湖區,內湖區民權東路6段63號前,0,0,1,2,B03,8,5,5,40,14,8,1,5,4,5,12,4,4,1,4,4,2,13,1,40,3,10,7,1,7,14,1,8,2,7,,38,,1,21,121.5875816,25.0691322
113,9,13,17,20,2,12內湖區,內湖區民權東路6段63號前,0,0,1,3,C03,8,5,5,40,14,8,1,5,4,5,12,4,4,1,4,4,2,13,1,62,3,10,6,1,7,9,6,10,2,12,,16,,1,21,121.5875816,25.0691322
113,9,13,17,27,2,08士林區,士林區中山北路5段與雙溪街口,0,0,1,1,C03,8,6,5,30,4,2,1,5,4,5,13,3,1,10,5,5,2,16,2,18,2,7,5,1,7,5,1,10,1,12,,84,,1,21,121.5263503,25.1007767
113,9,13,17,27,2,08士林區,士林區中山北路5段與雙溪街口,0,0,1,2,B02,8,6,5,30,4,2,1,5,4,5,13,3,1,10,5,5,2,16,2,32,3,10,7,1,7,9,1,4,1,8,,108,,1,21,121.5263503,25.1007767
113,9,13,17,40,2,12內湖區,內湖區文湖街21巷100弄與文湖街21巷88弄口,0,0,1,1,F02,8,6,5,30,11,9,1,5,4,5,13,4,4,10,5,5,2,17,1,16,2,9,4,1,7,9,8,20,1,12,,42,,1,21,121.5609017,25.0906665
113,9,13,17,40,2,12內湖區,內湖區文湖街21巷100弄與文湖街21巷88弄口,0,0,1,2,B03,8,6,5,30,11,9,1,5,4,5,13,4,4,10,5,5,2,17,2,44,3,10,7,1,7,9,1,8,1,15,,44,,1,21,121.5609017,25.0906665
113,9,13,17,54,2,10文山區,文山區木新路3段67號,0,0,1,1,F01,7,6,5,0,14,20,4,5,4,5,13,4,4,10,5,5,2,8,2,62,3,10,4,1,7,3,8,20,9,15,,42,,1,21,121.5634552,24.9822477
113,9,13,17,54,2,10文山區,文山區木新路3段67號,0,0,1,2,H01,7,6,5,0,14,20,4,5,4,5,13,4,4,10,5,5,2,8,2,34,2,7,4,5,8,17,8,20,1,16,,67,,1,21,121.5634552,24.9822477
113,9,13,18,20,2,05中正區,中正區忠孝東路1段與紹興南街口,0,0,1,1,B02,7,6,5,50,4,1,1,5,4,5,13,1,1,3,4,5,2,13,2,31,3,10,7,1,7,5,1,8,1,1,,108,,1,22,121.5251955,25.0443107
113,9,13,18,20,2,05中正區,中正區忠孝東路1段與紹興南街口,0,0,1,2,C03,7,6,5,50,4,1,1,5,4,5,13,1,1,3,4,5,2,13,1,56,2,9,6,1,7,5,1,10,1,13,,44,,1,22,121.5251955,25.0443107
113,9,13,18,23,2,05中正區,中正區南海路37號前,0,0,1,1,C03,8,5,5,30,14,9,1,5,4,5,13,4,4,10,4,5,2,13,2,29,2,8,6,1,7,9,1,10,1,11,,16,,1,22,121.5127616,25.0314724
113,9,13,18,23,2,05中正區,中正區南海路37號前,0,0,1,2,C03,8,5,5,30,14,9,1,5,4,5,13,4,4,10,4,5,2,13,2,32,3,10,6,1,7,9,1,10,1,13,,44,,1,22,121.5127616,25.0314724
113,9,13,18,23,2,05中正區,中正區南海路37號前,0,0,1,3,C03,8,5,5,30,14,9,1,5,4,5,13,4,4,10,4,5,2,13,1,29,3,10,6,1,7,9,1,10,1,13,,44,,1,22,121.5127616,25.0314724
113,9,13,18,25,2,04大安區,大安區敦化南路2段107號,0,0,1,1,B02,8,5,5,50,14,9,1,5,4,5,13,4,4,1,4,5,2,13,1,27,3,10,7,1,7,9,1,8,1,1,,16,,1,21,121.5490056,25.028435
113,9,13,18,25,2,04大安區,大安區敦化南路2段107號,0,0,1,2,C04,8,5,5,50,14,9,1,5,4,5,13,4,4,1,4,5,2,13,2,45,2,9,6,1,7,9,1,10,1,13,,44,,1,21,121.5490056,25.028435
113,9,13,18,35,2,12內湖區,內湖區民權東路6段180巷與成功路2段115巷口,0,0,1,1,C03,7,5,5,30,14,9,1,5,4,5,13,1,1,5,5,5,2,13,1,33,3,10,5,1,7,9,1,10,1,11,,108,,1,21,121.5925351,25.0655264
113,9,13,18,35,2,12內湖區,內湖區民權東路6段180巷與成功路2段115巷口,0,0,1,2,C03,7,5,5,30,14,9,1,5,4,5,13,1,1,5,5,5,2,13,2,38,2,9,5,1,7,14,1,10,1,13,,44,,1,21,121.5925351,25.0655264
113,9,13,18,40,2,08士林區,士林區至誠路1段2-1號,0,0,1,1,C03,8,5,5,50,14,9,1,5,4,5,13,4,4,5,4,5,2,13,1,21,2,8,6,1,7,15,1,10,1,11,,42,,1,22,121.5369682,25.1011677
113,9,13,18,40,2,08士林區,士林區至誠路1段2-1號,0,0,1,2,B03,8,5,5,50,14,9,1,5,4,5,13,4,4,5,4,5,2,13,1,45,3,10,7,1,7,14,1,8,1,6,,44,,1,22,121.5369682,25.1011677
113,9,13,19,11,2,03中山區,中山區長春路221號,0,0,1,1,C03,7,5,5,40,14,8,1,5,4,5,13,4,4,5,5,4,2,13,1,24,3,10,6,1,7,9,1,10,1,11,,108,,1,21,121.5388036,25.05472635
113,9,13,19,11,2,03中山區,中山區長春路221號,0,0,1,2,C03,7,5,5,40,14,8,1,5,4,5,13,4,4,5,5,4,2,13,2,29,2,9,6,1,7,8,1,10,1,13,,44,,1,21,121.5388036,25.05472635
113,9,13,19,43,2,03中山區,中山區中山北路2段與長春路口,0,0,1,1,C03,6,5,5,50,4,1,1,4,4,5,13,2,1,1,4,5,2,17,1,54,3,10,6,4,7,8,1,10,9,17,,101,,1,21,121.5228567,25.05510762
113,9,13,19,43,2,03中山區,中山區中山北路2段與長春路口,0,0,1,2,C03,6,5,5,50,4,1,1,4,4,5,13,2,1,1,4,5,2,17,2,29,2,9,6,4,7,9,1,10,1,17,,44,,1,21,121.5228567,25.05510762
113,9,13,19,43,2,04大安區,大安區基隆路3段155巷與基隆路3段口,0,0,1,1,B01,8,5,5,50,5,1,1,5,4,5,13,1,1,8,3,5,2,17,1,57,3,10,3,4,7,5,1,8,1,7,,8,,1,21,121.5425997,25.0158876
113,9,13,19,43,2,04大安區,大安區基隆路3段155巷與基隆路3段口,0,0,1,2,C03,8,5,5,50,5,1,1,5,4,5,13,1,1,8,3,5,2,17,1,33,2,9,3,4,7,15,1,10,1,11,,42,,1,21,121.5425997,25.0158876
113,9,13,19,57,2,12內湖區,內湖區瑞光路76巷與民權東路6段21巷口,0,0,1,1,B03,7,5,5,50,3,2,1,5,4,5,13,4,4,9,5,5,2,16,1,55,3,10,7,1,7,1,1,8,1,5,,19,,1,21,121.5797744,25.069949
113,9,13,19,57,2,12內湖區,內湖區瑞光路76巷與民權東路6段21巷口,0,0,1,2,C03,7,5,5,50,3,2,1,5,4,5,13,4,4,9,5,5,2,16,2,40,3,10,5,1,7,9,1,10,1,12,,42,,1,21,121.5797744,25.069949
113,9,13,19,57,2,12內湖區,內湖區瑞光路76巷與民權東路6段21巷口,0,0,1,3,H02,7,5,5,50,3,2,1,5,4,5,13,4,4,9,5,5,2,16,1,12,2,8,5,5,7,20,8,20,10,16,,67,,1,21,121.5797744,25.069949
113,9,13,19,59,2,01大同區,大同區南京西路163號,0,0,1,1,F01,6,6,5,50,14,9,1,4,4,5,13,4,4,9,4,5,2,17,4,0,4,11,3,4,7,1,8,20,11,15,,19,,2,22,121.5130788,25.0539739
113,9,13,19,59,2,01大同區,大同區南京西路163號,0,0,1,2,C03,6,6,5,50,14,9,1,4,4,5,13,4,4,9,4,5,2,17,2,31,2,9,6,4,7,9,1,10,1,12,,44,,1,21,121.5130788,25.0539739
113,9,13,20,33,2,01大同區,大同區民權西路與民權西路245巷口,0,0,1,1,F01,7,5,5,30,3,2,1,5,4,5,13,4,4,10,5,5,2,17,1,27,3,10,4,1,7,1,8,20,1,15,,19,,1,21,121.5103681,25.06320147
113,9,13,20,33,2,01大同區,大同區民權西路與民權西路245巷口,0,0,1,2,C03,7,5,5,30,3,2,1,5,4,5,13,4,4,10,5,5,2,17,1,45,2,8,6,1,7,9,1,10,1,12,,108,,1,21,121.5103681,25.06320147
113,9,13,21,0,2,10文山區,文山區木新路2段161巷與木新路口側附近2段111巷12弄口,0,0,2,1,C03,8,5,5,30,4,1,1,5,4,5,13,2,1,10,5,5,1,15,1,31,2,7,6,1,7,9,1,10,1,11,,14,,1,21,121.5691377,24.9831535
113,9,13,21,0,2,10文山區,文山區木新路2段161巷與木新路口側附近2段111巷12弄口,0,0,2,2,C03,8,5,5,30,4,1,1,5,4,5,13,2,1,10,5,5,1,15,2,49,2,8,6,1,7,9,1,10,1,14,,44,,1,21,121.5691377,24.9831535
113,9,13,21,15,2,11南港區,南港區研究院路2段37巷與研究院路2段61巷口,0,0,3,1,C03,6,5,5,30,3,1,1,4,4,5,13,4,4,10,5,5,2,17,2,27,2,9,3,4,7,5,1,10,1,14,,72,,1,21,121.6169063,25.0442141
113,9,13,21,15,2,11南港區,南港區研究院路2段37巷與研究院路2段61巷口,0,0,3,2,C03,6,5,5,30,3,1,1,4,4,5,13,4,4,10,5,5,2,17,1,27,2,9,3,4,7,9,1,10,1,11,,14,,1,21,121.6169063,25.0442141
113,9,13,21,15,2,11南港區,南港區研究院路2段37巷與研究院路2段61巷口,0,0,3,3,H02,6,5,5,30,3,1,1,4,4,5,13,4,4,10,5,5,2,17,2,27,2,9,3,5,7,21,8,20,10,17,,67,,1,21,121.6169063,25.0442141
113,9,13,21,23,2,07信義區,信義區松山路與忠孝東路5段口,0,0,1,1,B03,7,5,5,50,4,1,1,5,4,5,13,1,1,3,4,5,2,16,1,47,3,10,7,1,7,11,1,8,1,4,,10,,1,21,121.5778119,25.0411036
113,9,13,21,23,2,07信義區,信義區松山路與忠孝東路5段口,0,0,1,2,C03,7,5,5,50,4,1,1,5,4,5,13,1,1,3,4,5,2,16,1,32,2,9,6,1,7,5,1,10,1,12,,44,,1,21,121.5778119,25.0411036
113,9,13,21,24,2,02萬華區,萬華區堤外便道(龍山055燈桿),0,0,1,1,C03,8,5,7,40,14,11,1,5,4,5,13,4,4,5,4,5,2,13,1,30,3,10,5,1,7,9,1,10,1,11,,16,,1,21,121.4983375,25.04096316
113,9,13,21,24,2,02萬華區,萬華區堤外便道(龍山055燈桿),0,0,1,2,C03,8,5,7,40,14,11,1,5,4,5,13,4,4,5,4,5,2,13,2,20,2,9,5,1,7,9,1,10,1,13,,44,,1,21,121.4983375,25.04096316
113,9,13,21,38,2,03中山區,中山區北安路47號,0,0,1,1,B03,6,5,5,50,14,9,1,4,4,5,13,4,4,1,4,5,2,16,1,63,3,10,7,1,7,5,1,8,2,4,,19,,1,21,121.5286476,25.07797227
113,9,13,21,38,2,03中山區,中山區北安路47號,0,0,1,2,C03,6,5,5,50,14,9,1,4,4,5,13,4,4,1,4,5,2,16,2,22,2,9,5,1,7,9,1,10,2,11,,44,,1,21,121.5286476,25.07797227
113,9,13,22,12,2,05中正區,中正區公園路與凱達格蘭大道口,0,0,1,1,C03,6,5,5,50,4,2,1,4,4,5,13,1,1,7,5,5,2,17,1,18,3,10,6,1,7,8,1,10,1,12,12,101,,1,21,121.5154948,25.039636
113,9,13,22,12,2,05中正區,中正區公園路與凱達格蘭大道口,0,0,1,2,C04,6,5,5,50,4,2,1,4,4,5,13,1,1,7,5,5,2,17,1,30,2,9,6,1,7,9,1,10,1,12,12,44,,1,21,121.5154948,25.039636
113,9,13,22,21,2,05中正區,中正區新生南路1段與仁愛路2段口,0,0,1,1,C03,6,6,8,50,22,22,1,4,4,5,13,2,1,3,4,3,2,17,1,44,2,9,6,1,7,12,1,10,1,14,,107,,1,21,121.5326422,25.0383911
113,9,13,22,21,2,05中正區,中正區新生南路1段與仁愛路2段口,0,0,1,2,B01,6,6,8,50,22,22,1,4,4,5,13,2,1,3,4,3,2,17,1,64,3,10,7,1,7,15,1,8,2,3,,44,,1,21,121.5326422,25.0383911
113,9,13,22,30,2,08士林區,士林區社中街66巷與社中街口,0,0,1,1,C03,6,5,5,50,3,2,1,4,4,5,13,4,4,7,5,5,2,9,2,39,2,9,6,1,7,9,1,10,1,14,,44,,1,21,121.5105542,25.0883852
113,9,13,22,30,2,08士林區,士林區社中街66巷與社中街口,0,0,1,2,H01,6,5,5,50,3,2,1,4,4,5,13,4,4,7,5,5,2,9,1,34,3,10,4,5,8,16,8,20,10,16,,53,,1,21,121.5105542,25.0883852
113,9,13,22,40,2,12內湖區,內湖區潭美街與安康路228巷口口,0,0,1,1,B01,6,5,5,40,3,1,1,4,4,5,13,2,1,5,5,5,2,16,1,52,3,10,7,1,7,5,1,1,1,2,,8,,1,21,121.6035797,25.0611664
113,9,13,22,40,2,12內湖區,內湖區潭美街與安康路228巷口口,0,0,1,2,C03,6,5,5,40,3,1,1,4,4,5,13,2,1,5,5,5,2,16,2,55,2,9,5,1,7,9,1,10,1,11,,29,,1,21,121.6035797,25.0611664
113,9,13,22,45,2,08士林區,士林區福華路與福華路141巷口,0,0,1,1,B01,6,5,5,30,3,1,1,4,4,5,13,4,4,10,4,5,2,17,1,29,3,10,3,4,7,6,1,4,2,17,,80,,1,21,121.522277,25.1028896
113,9,13,22,45,2,08士林區,士林區福華路與福華路141巷口,0,0,1,2,C03,6,5,5,30,3,1,1,4,4,5,13,4,4,10,4,5,2,17,2,38,2,9,3,4,7,9,1,10,2,14,,14,,1,21,121.522277,25.1028896
113,9,13,23,0,2,03中山區,中山區長安東路1段與長安東路1段77巷口,0,0,2,1,B01,6,5,5,50,4,1,1,4,4,5,13,1,1,4,3,5,1,16,1,35,2,1,7,1,7,5,1,4,2,5,,71,,1,21,121.5281576,25.0483407
113,9,13,23,0,2,03中山區,中山區長安東路1段與長安東路1段77巷口,0,0,2,2,C03,6,5,5,50,4,1,1,4,4,5,13,1,1,4,3,5,1,16,1,33,2,7,6,1,7,9,1,10,2,12,,13,,1,21,121.5281576,25.0483407
113,9,13,23,0,2,10文山區,文山區木柵路3段與木柵路3段102巷口口,0,0,1,1,B03,6,5,5,30,3,1,1,4,4,5,13,3,1,10,5,5,1,16,1,22,3,10,3,1,7,5,1,8,1,4,,71,,1,21,121.567411,24.9886835
113,9,13,23,0,2,10文山區,文山區木柵路3段與木柵路3段102巷口口,0,0,1,2,C03,6,5,5,30,3,1,1,4,4,5,13,3,1,10,5,5,1,16,1,30,2,8,6,1,7,9,1,10,1,11,,44,,1,21,121.567411,24.9886835
113,9,13,23,9,2,03中山區,中山區市民大道3段與新生北路1段口,0,0,3,2,C03,6,5,5,40,14,9,2,4,4,5,13,1,1,1,3,1,2,17,2,23,2,9,6,1,7,9,1,10,2,17,,44,,1,22,121.5308325,25.0461227
113,9,13,23,9,2,03中山區,中山區市民大道3段與新生北路1段口,0,0,3,1,C03,6,5,5,40,14,9,2,4,4,5,13,1,1,1,3,1,2,17,1,52,4,11,3,4,7,6,1,10,11,17,,9,,2,22,121.5308325,25.0461227
113,9,13,23,9,2,03中山區,中山區市民大道3段與新生北路1段口,0,0,3,3,C03,6,5,5,40,14,9,2,4,4,5,13,1,1,1,3,1,2,17,2,23,2,8,6,1,7,9,1,10,2,11,,44,,1,22,121.5308325,25.0461227
113,9,13,23,9,2,03中山區,中山區市民大道3段與新生北路1段口,0,0,3,4,C03,6,5,5,40,14,9,2,4,4,5,13,1,1,1,3,1,2,17,2,29,2,9,6,1,7,9,1,10,2,11,,44,,1,22,121.5308325,25.0461227
113,9,13,23,27,2,03中山區,中山區林森北路101號,0,0,1,1,C03,6,5,5,50,14,9,1,4,4,5,13,4,4,1,4,5,2,17,1,24,2,9,5,1,7,9,1,10,1,14,,44,,1,22,121.5248767,25.0501506
113,9,13,23,27,2,03中山區,中山區林森北路101號,0,0,1,2,B01,6,5,5,50,14,9,1,4,4,5,13,4,4,1,4,5,2,17,1,64,3,10,7,1,7,9,1,4,1,7,,44,,1,22,121.5248767,25.0501506
113,9,14,0,34,2,02萬華區,萬華區武昌街2段與昆明街口,0,0,2,1,B03,6,5,5,50,4,1,1,4,4,5,13,1,1,8,3,5,1,17,1,35,3,10,7,1,7,5,1,8,1,4,,71,,1,21,121.505381,25.045114
113,9,14,0,34,2,02萬華區,萬華區武昌街2段與昆明街口,0,0,2,2,C03,6,5,5,50,4,1,1,4,4,5,13,1,1,8,3,5,1,17,2,20,2,7,5,1,7,9,1,10,1,12,,44,,1,21,121.505381,25.045114
113,9,14,0,34,2,02萬華區,萬華區武昌街2段與昆明街口,0,0,2,3,H02,6,5,5,50,4,1,1,4,4,5,13,1,1,8,3,5,1,17,1,15,2,7,5,5,7,21,8,20,10,16,,67,,1,21,121.505381,25.045114
113,9,14,0,59,2,03中山區,中山區建國北路1段與南京東路3段口,0,0,2,1,B02,6,5,5,50,4,1,1,4,4,5,13,1,1,1,4,5,2,16,1,26,3,10,7,1,7,6,1,8,1,2,,9,,1,22,121.5370446,25.0519086
113,9,14,0,59,2,03中山區,中山區建國北路1段與南京東路3段口,0,0,2,2,C03,6,5,5,50,4,1,1,4,4,5,13,1,1,1,4,5,2,16,2,29,2,9,5,1,7,9,1,10,1,11,,44,,1,22,121.5370446,25.0519086
113,9,14,0,59,2,03中山區,中山區建國北路1段與南京東路3段口,0,0,2,3,H02,6,5,5,50,4,1,1,4,4,5,13,1,1,1,4,5,2,16,2,26,2,9,5,5,7,17,8,20,10,16,,67,,1,22,121.5370446,25.0519086
113,9,14,1,50,2,11南港區,南港區忠孝東路6段195號,0,0,1,1,C03,7,5,5,40,14,8,1,4,4,5,13,4,4,1,3,4,2,16,2,25,2,7,5,1,7,9,1,10,9,12,,108,,2,21,121.5877218,25.0490644
113,9,14,1,50,2,11南港區,南港區忠孝東路6段195號,0,0,1,2,B01,7,5,5,40,14,8,1,4,4,5,13,4,4,1,3,4,2,16,1,56,3,10,7,1,7,14,1,4,2,4,,38,,1,21,121.5877218,25.0490644
113,9,14,2,35,2,08士林區,士林區延平北路5段98號,0,0,1,1,B01,8,5,5,50,14,9,1,5,4,5,13,4,4,1,4,5,2,13,1,65,3,10,3,4,7,9,1,4,1,1,,108,,1,21,121.5105585,25.0812364
113,9,14,2,35,2,08士林區,士林區延平北路5段98號,0,0,1,2,F01,8,5,5,50,14,9,1,5,4,5,13,4,4,1,4,5,2,13,1,54,2,9,4,4,7,9,8,20,1,13,,5,,1,21,121.5105585,25.0812364
113,9,14,4,10,2,06松山區,松山區市民大道4段與八德路2段366巷口,0,0,1,1,C03,7,5,5,40,4,2,1,4,4,5,13,2,1,1,5,5,2,13,1,23,2,9,6,1,7,12,1,10,2,13,,44,,1,23,121.5454567,25.0451858
113,9,14,4,10,2,06松山區,松山區市民大道4段與八德路2段366巷口,0,0,1,2,B02,7,5,5,40,4,2,1,4,4,5,13,2,1,1,5,5,2,13,1,56,3,10,3,4,7,9,1,8,2,1,,108,,1,22,121.5454567,25.0451858
113,9,14,4,10,2,06松山區,松山區市民大道4段與八德路2段366巷口,0,0,1,3,H01,7,5,5,40,4,2,1,4,4,5,13,2,1,1,5,5,2,13,1,34,3,10,4,5,8,16,8,20,10,17,,122,,1,22,121.5454567,25.0451858
113,9,14,5,21,2,06松山區,松山區市民大道5段191號,0,0,1,1,B03,8,5,5,40,14,9,1,4,4,5,13,2,1,1,5,5,2,13,1,31,3,10,3,4,7,9,3,18,7,1,,21,,1,22,121.5660436,25.04844117
113,9,14,5,21,2,06松山區,松山區市民大道5段191號,0,0,1,2,C03,8,5,5,40,14,9,1,4,4,5,13,2,1,1,5,5,2,13,1,37,2,9,6,4,7,14,1,10,2,13,,44,,1,22,121.5660436,25.04844117
113,9,14,6,55,2,10文山區,文山區辛亥路4段與萬美街2段口,0,0,1,1,C03,8,6,5,50,3,2,1,5,4,5,13,2,1,1,4,5,2,13,1,70,2,9,5,1,7,9,1,10,2,11,,108,,1,26,121.5579286,25.0059611
113,9,14,6,55,2,10文山區,文山區辛亥路4段與萬美街2段口,0,0,1,2,B03,8,6,5,50,3,2,1,5,4,5,13,2,1,1,4,5,2,13,1,37,3,10,7,1,7,14,1,8,2,3,,44,,1,21,121.5579286,25.0059611
113,9,14,7,32,2,09北投區,北投區公館路228巷與公館路334巷口,0,0,1,1,B03,8,6,5,30,4,1,1,5,4,5,13,4,4,10,5,5,2,15,2,56,3,10,7,1,7,9,1,8,2,1,,14,,1,21,121.5047575,25.1246431
113,9,14,7,32,2,09北投區,北投區公館路228巷與公館路334巷口,0,0,1,2,C03,8,6,5,30,4,1,1,5,4,5,13,4,4,10,5,5,2,15,2,73,2,1,5,1,7,9,1,10,1,14,,72,,1,21,121.5047575,25.1246431
113,9,14,7,50,2,05中正區,中正區廣州街與廣州街8巷口,0,0,1,1,B03,8,7,5,30,4,1,1,5,4,5,8,3,1,5,4,5,2,16,1,53,3,10,7,1,7,5,1,8,1,4,,80,,1,21,121.5082934,25.0356179
113,9,14,7,50,2,05中正區,中正區廣州街與廣州街8巷口,0,0,1,2,C03,8,7,5,30,4,1,1,5,4,5,8,3,1,5,4,5,2,16,1,32,2,9,5,1,7,9,1,10,1,11,,13,,1,21,121.5082934,25.0356179
113,9,14,9,46,2,06松山區,松山區健康路409號,0,0,1,1,H01,6,6,8,40,22,22,1,4,4,5,13,4,4,1,4,4,2,6,1,63,2,9,4,5,8,18,8,20,10,16,,121,,1,21,121.5693357,25.0545385
113,9,14,9,46,2,06松山區,松山區健康路409號,0,0,1,2,B03,6,6,8,40,22,22,1,4,4,5,13,4,4,1,4,4,2,6,1,46,3,10,7,4,7,9,1,8,1,2,,44,,1,21,121.5693357,25.0545385
113,9,14,9,51,2,04大安區,大安區復興南路2段78巷與復興南路2段口,0,0,1,1,B03,6,7,5,50,4,2,1,4,4,5,13,2,1,8,3,5,1,17,1,43,3,10,7,1,7,5,1,8,1,2,,71,,1,21,121.5434849,25.0310895
113,9,14,9,51,2,04大安區,大安區復興南路2段78巷與復興南路2段口,0,0,1,2,C03,6,7,5,50,4,2,1,4,4,5,13,2,1,8,3,5,1,17,2,42,2,7,5,1,7,9,1,11,1,14,,44,,1,26,121.5434849,25.0310895
113,9,14,9,51,2,06松山區,松山區敦化北路與南京東路3段口,0,0,1,1,C03,6,6,5,50,4,1,1,4,4,5,13,2,1,1,3,4,2,15,2,25,3,10,6,1,7,9,1,10,1,12,,81,,1,22,121.5487334,25.0516671
113,9,14,9,51,2,06松山區,松山區敦化北路與南京東路3段口,0,0,1,2,C03,6,6,5,50,4,1,1,4,4,5,13,2,1,1,3,4,2,15,2,47,2,9,6,1,7,9,1,10,1,11,,44,,1,22,121.5487334,25.0516671
113,9,14,10,4,2,10文山區,文山區辛亥路4段87號對面,0,0,1,1,C03,6,6,5,50,14,9,1,4,4,5,13,4,4,1,4,5,2,17,1,25,2,9,6,1,7,9,1,10,2,14,,42,,1,21,121.5585634,25.0071549
113,9,14,10,4,2,10文山區,文山區辛亥路4段87號對面,0,0,1,2,A02,6,6,5,50,14,9,1,4,4,5,13,4,4,1,4,5,2,17,1,46,3,10,7,1,7,14,1,2,2,3,,44,,1,21,121.5585634,25.0071549
113,9,14,10,23,2,10文山區,文山區木柵路1段與木柵路1段76巷口,0,0,1,1,B02,6,5,5,50,3,1,1,4,4,5,13,1,1,5,4,5,2,12,2,39,3,10,7,1,7,8,1,4,1,6,,100,,1,21,121.5502911,24.9875221
113,9,14,10,23,2,10文山區,文山區木柵路1段與木柵路1段76巷口,0,0,1,2,C03,6,5,5,50,3,1,1,4,4,5,13,1,1,5,4,5,2,12,2,22,2,9,6,1,7,8,1,10,1,14,,100,,1,21,121.5502911,24.9875221
113,9,14,10,24,2,04大安區,大安區敦化南路2段63巷21弄與安和路2段32巷口口,0,0,1,1,C03,7,7,5,30,3,2,1,4,4,5,13,4,4,10,5,5,1,17,1,47,2,9,6,1,7,6,1,10,1,17,,14,,1,21,121.5502252,25.031751
113,9,14,10,24,2,04大安區,大安區敦化南路2段63巷21弄與安和路2段32巷口口,0,0,1,2,B03,7,7,5,30,3,2,1,4,4,5,13,4,4,10,5,5,1,17,2,56,3,10,7,1,7,5,1,8,1,17,,80,,1,21,121.5502252,25.031751
113,9,14,10,39,2,02萬華區,萬華區桂林路244巷與環河南路2段130巷口,0,0,3,1,C03,8,6,5,30,4,1,1,5,4,5,13,4,4,10,5,5,2,15,1,36,2,9,6,1,7,9,1,10,1,11,,75,,1,22,121.4941399,25.0367431
113,9,14,10,39,2,02萬華區,萬華區桂林路244巷與環河南路2段130巷口,0,0,3,2,C03,8,6,5,30,4,1,1,5,4,5,13,4,4,10,5,5,2,15,1,41,2,9,5,4,7,9,1,10,1,14,,44,,1,22,121.4941399,25.0367431
113,9,14,10,39,2,02萬華區,萬華區桂林路244巷與環河南路2段130巷口,0,0,3,3,H02,8,6,5,30,4,1,1,5,4,5,13,4,4,10,5,5,2,15,2,30,2,9,5,5,7,20,8,20,10,16,,67,,1,22,121.4941399,25.0367431
113,9,14,10,49,2,05中正區,中正區重慶南路1段43號,0,0,2,2,C03,8,5,5,50,14,9,1,4,4,5,13,1,1,7,4,5,1,17,1,61,2,9,5,1,7,12,1,10,1,11,,16,,1,21,121.5132901,25.0450493
113,9,14,10,49,2,05中正區,中正區重慶南路1段43號,0,0,2,1,F01,8,5,5,50,14,9,1,4,4,5,13,1,1,7,4,5,1,17,2,76,2,9,4,4,7,15,8,20,1,13,,100,,1,21,121.5132901,25.0450493