發生年度,發生月,發生日,發生時-Hours,發生分,處理別-編號,區序,肇事地點,死亡人數,2-30日死亡人數,受傷人數,當事人序號,車種,天候,道路照明設備,道路類別,速限-速度限制,道路型態,事故位置,路面狀況1,路面狀況2,路面狀況3,道路障礙1,道路障礙2,號誌1,號誌2,車道劃分-分向,車道劃分-分道1,車道劃分-分道2,車道劃分-分道3,事故類型及型態,性別,年齡,受傷程度,主要傷處,保護裝置,行動電話,車輛用途,當事者行動狀態,駕駛資格情形,駕駛執照種類,飲酒情形,車輛撞擊部位1,車輛撞擊部位2,肇因碼-個別,肇因碼-主要,個人肇逃否,職業,座標-X,座標-Y
113,9,14,10,49,2,06松山區,松山區市民大道6段東往西0204130燈桿,0,0,1,1,G06,6,6,5,40,14,9,1,4,4,5,13,4,4,10,4,5,2,17,2,27,2,9,6,1,7,15,8,20,2,16,,44,,1,22,121.577212,25.0495253
113,9,14,10,49,2,06松山區,松山區市民大道6段東往西0204130燈桿,0,0,1,2,B03,6,6,5,40,14,9,1,4,4,5,13,4,4,10,4,5,2,17,2,29,3,10,3,1,7,13,1,8,2,3,,38,,1,22,121.577212,25.0495253
113,9,14,11,40,2,12內湖區,內湖區民權東路6段135巷11弄與民權東路6段135巷口,0,0,1,1,B03,6,6,5,30,4,1,1,4,4,5,13,4,4,10,5,5,2,15,1,42,3,10,7,1,7,9,1,8,2,1,,72,,1,21,121.5941392,25.06967525
113,9,14,11,40,2,12內湖區,內湖區民權東路6段135巷11弄與民權東路6段135巷口,0,0,1,2,C03,6,6,5,30,4,1,1,4,4,5,13,4,4,10,5,5,2,15,1,24,2,9,6,1,7,9,1,10,2,12,,107,,1,21,121.5941392,25.06967525
113,9,14,11,58,2,04大安區,大安區基隆路2段136號,0,0,1,1,B01,6,6,5,50,14,9,1,4,4,5,13,4,4,8,3,5,2,12,1,63,3,10,3,4,7,15,1,8,1,7,,14,,1,21,121.556794,25.0285817
113,9,14,11,58,2,04大安區,大安區基隆路2段136號,0,0,1,2,C03,6,6,5,50,14,9,1,4,4,5,13,4,4,8,3,5,2,12,1,35,2,7,3,4,7,9,1,10,1,11,,108,,1,21,121.556794,25.0285817
113,9,14,11,58,2,04大安區,大安區基隆路2段136號,0,0,1,3,B03,6,6,5,50,14,9,1,4,4,5,13,4,4,8,3,5,2,12,1,42,3,10,3,4,7,9,1,8,1,5,,44,,1,21,121.556794,25.0285817
113,9,14,12,30,2,07信義區,信義區松信路與松隆路口,0,0,1,1,B03,6,6,5,50,4,2,1,4,4,5,13,2,1,1,4,1,2,3,1,28,3,10,7,1,7,5,1,8,1,1,,70,,1,21,121.5722612,25.046942
113,9,14,12,30,2,07信義區,信義區松信路與松隆路口,0,0,1,2,H01,6,6,5,50,4,2,1,4,4,5,13,2,1,1,4,1,2,3,1,31,2,9,4,5,8,16,8,20,1,16,,67,,1,21,121.5722612,25.046942
113,9,14,12,38,2,10文山區,文山區政大二街與政大三街口,0,0,1,1,C03,7,6,5,30,4,1,1,5,4,5,13,4,4,10,5,5,2,15,2,40,2,8,5,1,7,9,1,10,1,12,,80,,1,21,121.5840733,24.9865783
113,9,14,12,38,2,10文山區,文山區政大二街與政大三街口,0,0,1,2,B03,7,6,5,30,4,1,1,5,4,5,13,4,4,10,5,5,2,15,1,47,3,10,7,1,7,9,1,8,1,17,,44,,1,21,121.5840733,24.9865783
113,9,14,12,50,2,05中正區,中正區牯嶺街與和平西路1段口,0,0,1,1,B03,6,7,5,30,4,2,1,4,4,5,13,1,1,1,4,4,2,17,2,48,3,10,7,1,7,6,1,8,1,5,,9,,1,22,121.519157,25.0264251
113,9,14,12,50,2,05中正區,中正區牯嶺街與和平西路1段口,0,0,1,2,C03,6,7,5,30,4,2,1,4,4,5,13,1,1,1,4,4,2,17,2,20,2,9,5,1,7,9,1,10,1,13,,44,,1,22,121.519157,25.0264251
113,9,14,13,7,2,12內湖區,內湖區康寧路3段與康寧路3段75巷口,0,0,1,1,B03,8,6,5,50,5,1,1,5,4,5,13,1,1,1,3,5,1,11,1,44,3,10,7,1,7,11,1,8,2,2,,10,,1,21,121.6093455,25.0715708
113,9,14,13,7,2,12內湖區,內湖區康寧路3段與康寧路3段75巷口,0,0,1,2,C03,8,6,5,50,5,1,1,5,4,5,13,1,1,1,3,5,1,11,2,40,2,9,6,1,7,9,1,10,2,14,,44,,1,21,121.6093455,25.0715708
113,9,14,13,17,2,07信義區,信義區忠孝東路4段547號,0,0,1,1,C03,8,7,8,50,14,9,1,4,4,5,13,4,4,1,4,5,2,17,1,37,2,9,3,4,7,9,1,10,1,12,,42,,1,21,121.5624489,25.0413358
113,9,14,13,17,2,07信義區,信義區忠孝東路4段547號,0,0,1,2,B12,8,7,8,50,14,9,1,4,4,5,13,4,4,1,4,5,2,17,1,62,3,10,3,4,7,9,1,1,1,17,,44,,1,21,121.5624489,25.0413358
113,9,14,13,31,2,01大同區,大同區鄭州路與承德路1段口,0,0,2,1,B03,7,6,5,40,5,1,1,4,4,5,13,2,1,8,3,5,1,16,1,27,3,10,3,4,7,11,1,8,1,4,,8,,1,21,121.5164266,25.0486985
113,9,14,13,31,2,01大同區,大同區鄭州路與承德路1段口,0,0,2,2,C03,7,6,5,40,5,1,1,4,4,5,13,2,1,8,3,5,1,16,1,32,2,3,6,1,7,9,1,10,1,12,,44,,1,21,121.5164266,25.0486985
113,9,14,13,31,2,01大同區,大同區鄭州路與承德路1段口,0,0,2,3,H02,7,6,5,40,5,1,1,4,4,5,13,2,1,8,3,5,1,16,2,35,2,9,6,5,7,20,8,20,10,16,,67,,1,21,121.5164266,25.0486985
113,9,14,13,40,2,12內湖區,內湖區成功路3段61號旁,0,0,1,1,C03,6,6,5,50,14,9,1,4,4,5,13,4,4,1,5,5,2,12,1,57,3,10,6,1,7,8,1,10,2,12,,80,,1,21,121.5896716,25.0765444
113,9,14,13,40,2,12內湖區,內湖區成功路3段61號旁,0,0,1,2,C03,6,6,5,50,14,9,1,4,4,5,13,4,4,1,5,5,2,12,1,32,2,9,6,1,7,9,1,10,2,11,,44,,1,21,121.5896716,25.0765444
113,9,14,14,0,2,05中正區,中正區仁愛路2段與新生南路1段口,0,0,1,1,C03,7,5,5,50,4,2,1,4,4,5,13,1,1,1,4,1,1,13,1,20,2,4,5,1,7,9,1,10,2,11,,108,,1,21,121.5326422,25.0385092
113,9,14,14,0,2,05中正區,中正區仁愛路2段與新生南路1段口,0,0,1,2,B03,7,5,5,50,4,2,1,4,4,5,13,1,1,1,4,1,1,13,1,55,3,10,7,1,7,14,1,8,2,3,,44,,1,21,121.5326422,25.0385092
113,9,14,14,21,2,11南港區,南港區市民大道7段與玉成街口,0,0,1,1,C03,6,6,5,50,14,9,1,4,4,5,13,4,4,10,3,5,2,17,2,34,2,9,3,4,7,9,1,10,2,12,,16,,1,21,121.5811628,25.0489634
113,9,14,14,21,2,11南港區,南港區市民大道7段與玉成街口,0,0,1,2,C03,6,6,5,50,14,9,1,4,4,5,13,4,4,10,3,5,2,17,1,68,3,10,3,4,7,9,1,10,2,14,,16,,1,21,121.5811628,25.0489634
113,9,14,14,23,2,08士林區,士林區社中街250巷與社中街210巷21弄口,0,0,2,1,C03,7,7,5,30,4,1,1,5,4,5,13,4,4,10,1,5,1,15,1,24,2,9,5,1,7,9,1,8,1,14,,14,,1,21,121.507896,25.0922553
113,9,14,14,23,2,08士林區,士林區社中街250巷與社中街210巷21弄口,0,0,2,2,B03,7,7,5,30,4,1,1,5,4,5,13,4,4,10,1,5,1,15,1,40,3,10,7,1,7,9,1,8,1,1,,14,,1,21,121.507896,25.0922553
113,9,14,14,23,2,08士林區,士林區社中街250巷與社中街210巷21弄口,0,0,2,3,H02,7,7,5,30,4,1,1,5,4,5,13,4,4,10,1,5,1,15,2,24,2,9,5,5,7,20,8,20,10,16,,67,,1,21,121.507896,25.0922553
113,9,14,14,27,2,01大同區,大同區鄭州路與環河北路1段口,0,0,1,1,B03,6,5,5,40,5,2,1,4,4,5,13,2,1,1,4,5,2,17,1,35,3,10,3,4,7,6,1,8,1,5,,42,,1,21,121.5069616,25.0508288
113,9,14,14,27,2,01大同區,大同區鄭州路與環河北路1段口,0,0,1,2,F01,6,5,5,40,5,2,1,4,4,5,13,2,1,1,4,5,2,17,1,17,2,9,3,4,7,9,8,20,1,14,,42,,1,21,121.5069616,25.0508288
113,9,14,14,34,2,05中正區,中正區中華路1段與秀山街口,0,0,1,1,B03,6,5,5,50,3,2,1,4,4,5,13,4,4,1,4,5,2,17,1,59,3,10,7,1,7,6,1,8,2,5,,9,,1,21,121.5087501,25.0429648
113,9,14,14,34,2,05中正區,中正區中華路1段與秀山街口,0,0,1,2,C03,6,5,5,50,3,2,1,4,4,5,13,4,4,1,4,5,2,17,1,18,2,9,5,1,7,9,1,10,2,14,,44,,1,21,121.5087501,25.0429648
113,9,14,15,8,2,06松山區,松山區八德路4段與八德路4段36巷口,0,0,1,2,B01,6,6,5,50,3,1,1,4,4,5,13,4,4,5,4,5,2,16,1,67,3,10,3,4,7,9,1,4,11,1,,14,,1,21,121.5591128,25.0483283
113,9,14,15,8,2,06松山區,松山區八德路4段與八德路4段36巷口,0,0,1,1,C04,6,6,5,50,3,1,1,4,4,5,13,4,4,5,4,5,2,16,1,21,2,9,6,1,7,5,1,11,11,12,,74,,1,21,121.5591128,25.0483283
113,9,14,15,25,2,03中山區,中山區北安路與大直街口,0,0,1,1,C03,8,5,5,50,5,1,1,5,4,5,13,1,1,1,4,5,2,12,2,31,2,9,6,1,7,1,1,10,1,14,,96,,1,22,121.547331,25.07995295
113,9,14,15,25,2,03中山區,中山區北安路與大直街口,0,0,1,2,B03,8,5,5,50,5,1,1,5,4,5,13,1,1,1,4,5,2,12,1,66,3,10,3,4,7,15,1,8,1,5,,44,,1,22,121.547331,25.07995295
113,9,14,15,45,2,12內湖區,內湖區康樂街與康樂街72巷口,0,0,2,1,B03,7,6,5,50,4,2,1,4,4,5,13,2,1,9,4,5,2,2,2,21,2,7,7,1,7,6,3,18,2,1,,42,,1,21,121.6190576,25.069375
113,9,14,15,45,2,12內湖區,內湖區康樂街與康樂街72巷口,0,0,2,2,H01,7,6,5,50,4,2,1,4,4,5,13,2,1,9,4,5,2,2,1,33,2,9,4,5,8,16,8,20,10,16,,67,,1,21,121.6190576,25.069375
113,9,14,15,45,2,12內湖區,內湖區康樂街與康樂街72巷口,0,0,2,3,,7,6,5,50,4,2,1,4,4,5,13,2,1,9,4,5,2,2,3,0,,,,,,,,,,,,67,,1,,121.6190576,25.069375
113,9,14,15,45,2,12內湖區,內湖區康樂街與康樂街72巷口,0,0,2,4,,7,6,5,50,4,2,1,4,4,5,13,2,1,9,4,5,2,2,3,0,,,,,,,,,,,,67,,1,,121.6190576,25.069375
113,9,14,15,46,2,07信義區,信義區忠孝東路5段625號,0,0,1,1,C03,6,6,5,50,14,9,1,4,4,5,13,4,4,9,4,5,2,29,1,32,2,9,5,1,7,9,1,10,1,14,,116,,1,21,121.5793173,25.0416786
113,9,14,15,46,2,07信義區,信義區忠孝東路5段625號,0,0,1,2,,6,6,5,50,14,9,1,4,4,5,13,4,4,9,4,5,2,29,3,0,,,,,,,,,,,,67,,1,,121.5793173,25.0416786
113,9,14,15,50,2,01大同區,大同區民生西路423巷與民生西路423巷27弄口口,0,0,1,1,B03,8,6,5,30,3,1,1,4,4,5,13,4,4,10,5,5,2,17,2,38,3,10,7,1,7,5,1,10,1,2,,44,,1,21,121.5086772,25.0576465
113,9,14,15,50,2,01大同區,大同區民生西路423巷與民生西路423巷27弄口口,0,0,1,2,C03,8,6,5,30,3,1,1,4,4,5,13,4,4,10,5,5,2,17,2,41,2,8,6,1,7,5,1,10,1,12,,42,,1,21,121.5086772,25.0576465
113,9,14,15,55,2,11南港區,南港區舊莊街1段與舊莊街1段3巷口,0,0,1,1,B03,8,7,5,50,3,1,1,5,4,5,13,4,4,5,4,5,2,16,1,26,3,10,7,1,7,6,1,8,1,2,,9,,1,21,121.6175898,25.0419123
113,9,14,15,55,2,11南港區,南港區舊莊街1段與舊莊街1段3巷口,0,0,1,2,C03,8,7,5,50,3,1,1,5,4,5,13,4,4,5,4,5,2,16,1,81,2,7,5,1,7,9,1,10,1,14,,44,,1,21,121.6175898,25.0419123
113,9,14,15,57,2,09北投區,北投區大度路3段與關渡路口,0,0,1,1,B03,8,5,5,50,3,2,1,5,4,5,13,1,1,3,4,5,2,17,2,50,3,10,7,1,7,6,1,8,1,15,,9,,2,21,121.4695321,25.1227687
113,9,14,15,57,2,09北投區,北投區大度路3段與關渡路口,0,0,1,2,C03,8,5,5,50,3,2,1,5,4,5,13,1,1,3,4,5,2,17,1,63,2,9,5,1,7,9,1,10,1,14,,42,,1,21,121.4695321,25.1227687
113,9,14,16,5,2,02萬華區,萬華區長順街131號,0,0,1,1,B12,6,7,5,50,14,9,1,4,4,5,13,4,4,9,5,5,2,12,1,30,3,10,7,1,7,1,1,8,1,8,,19,,1,21,121.489203,25.0331048
113,9,14,16,5,2,02萬華區,萬華區長順街131號,0,0,1,2,C03,6,7,5,50,14,9,1,4,4,5,13,4,4,9,5,5,2,12,1,30,2,9,5,1,7,1,1,10,1,11,,44,,1,21,121.489203,25.0331048
113,9,14,16,8,2,10文山區,文山區試院路與試院路144巷口,0,0,1,1,C03,6,6,5,30,3,2,1,4,4,5,13,4,4,10,5,5,2,2,2,21,4,11,3,4,7,21,7,19,11,15,,108,,2,22,121.5472949,24.9899924
113,9,14,16,8,2,10文山區,文山區試院路與試院路144巷口,0,0,1,2,H01,6,6,5,30,3,2,1,4,4,5,13,4,4,10,5,5,2,2,2,19,2,9,4,5,8,16,8,20,10,16,,121,,1,21,121.5472949,24.9899924
113,9,14,16,11,2,04大安區,大安區和平東路1段129號,0,0,1,1,B01,8,6,5,50,14,8,1,5,4,5,13,4,4,1,5,4,2,17,1,67,3,10,3,4,7,8,1,8,11,17,,100,,1,22,121.529291,25.0267802
113,9,14,16,11,2,04大安區,大安區和平東路1段129號,0,0,1,2,C03,8,6,5,50,14,8,1,5,4,5,13,4,4,1,5,4,2,17,1,55,2,9,6,4,7,9,1,10,1,17,,13,,1,22,121.529291,25.0267802
113,9,14,16,38,2,08士林區,士林區中山北路5段與文林路口,0,0,1,1,B03,6,6,7,40,3,2,1,4,4,5,13,1,1,10,4,5,1,17,2,50,3,10,7,1,7,7,1,8,1,7,,101,,1,21,121.525648,25.085916
113,9,14,16,38,2,08士林區,士林區中山北路5段與文林路口,0,0,1,2,C03,6,6,7,40,3,2,1,4,4,5,13,1,1,10,4,5,1,17,2,27,2,9,6,1,7,9,1,10,1,11,,13,,1,21,121.525648,25.085916
113,9,14,16,49,2,03中山區,中山區吉林路144巷與吉林路口,0,0,1,2,C03,8,6,5,50,4,1,1,5,4,5,13,1,1,5,4,4,2,17,1,35,2,9,6,1,7,9,1,10,1,17,,119,,1,22,121.5300457,25.0561267
113,9,14,16,49,2,03中山區,中山區吉林路144巷與吉林路口,0,0,1,1,B03,8,6,5,50,4,1,1,5,4,5,13,1,1,5,4,4,2,17,4,0,,,,,,,,,11,,,119,,2,,121.5300457,25.0561267
113,9,14,17,22,2,05中正區,中正區重慶南路1段136巷與博愛路口,0,0,1,1,B01,8,6,5,30,3,1,1,5,4,5,13,4,4,10,5,5,2,16,1,72,3,10,7,1,7,5,6,18,2,4,,8,,1,22,121.5108603,25.03644963
113,9,14,17,22,2,05中正區,中正區重慶南路1段136巷與博愛路口,0,0,1,2,F01,8,6,5,30,3,1,1,5,4,5,13,4,4,10,5,5,2,16,2,47,2,8,4,1,7,9,8,20,2,11,,44,,1,22,121.5108603,25.03644963
113,9,14,17,55,2,01大同區,大同區延平北路3段與延平北路3段18巷口口,0,0,1,1,C03,6,5,5,50,3,1,1,4,4,5,13,4,4,5,5,5,2,16,1,81,4,11,3,1,7,5,7,19,11,12,,74,,2,22,121.5110893,25.0640364
113,9,14,17,55,2,01大同區,大同區延平北路3段與延平北路3段18巷口口,0,0,1,2,C03,6,5,5,50,3,1,1,4,4,5,13,4,4,5,5,5,2,16,1,43,2,7,6,1,7,9,1,9,1,11,,44,,1,21,121.5110893,25.0640364
113,9,14,18,0,2,12內湖區,內湖區港墘路與港華街口,0,0,1,1,C03,6,5,5,50,4,2,1,4,4,5,13,1,1,5,5,5,2,17,1,43,2,7,5,1,7,9,1,10,1,11,,16,,1,21,121.5783959,25.08212676
113,9,14,18,0,2,12內湖區,內湖區港墘路與港華街口,0,0,1,2,B03,6,5,5,50,4,2,1,4,4,5,13,1,1,5,5,5,2,17,1,49,3,10,7,1,7,14,1,8,1,3,,44,,1,21,121.5783959,25.08212676
113,9,14,18,19,2,12內湖區,內湖區民權東路6段與民權東路6段56巷口,0,0,1,1,B03,6,5,5,50,4,1,1,4,4,5,13,1,1,1,5,5,2,16,1,69,3,10,7,1,7,5,1,8,2,2,,83,,1,21,121.5843856,25.0686994
113,9,14,18,19,2,12內湖區,內湖區民權東路6段與民權東路6段56巷口,0,0,1,2,C03,6,5,5,50,4,1,1,4,4,5,13,1,1,1,5,5,2,16,1,20,2,9,6,1,7,9,1,10,2,11,,44,,1,21,121.5843856,25.0686994
113,9,14,18,27,2,07信義區,信義區松信路38號,0,0,1,1,C03,6,5,5,40,14,8,1,4,4,5,13,4,4,9,4,4,2,17,1,46,3,10,5,1,7,9,1,10,1,17,,30,,1,21,121.5721481,25.0481267
113,9,14,18,27,2,07信義區,信義區松信路38號,0,0,1,2,F01,6,5,5,40,14,8,1,4,4,5,13,4,4,9,4,4,2,17,1,70,2,9,4,1,7,15,8,20,1,11,,44,,1,21,121.5721481,25.0481267
113,9,14,18,35,2,10文山區,文山區光輝路9-1號,0,0,1,1,B02,7,5,5,50,14,9,1,4,4,5,13,4,4,9,5,5,1,17,2,27,3,10,7,1,7,11,1,8,1,8,,10,,1,21,121.5500965,24.98864569
113,9,14,18,35,2,10文山區,文山區光輝路9-1號,0,0,1,2,C03,7,5,5,50,14,9,1,4,4,5,13,4,4,9,5,5,1,17,1,25,2,9,5,1,7,4,1,9,1,12,,108,,1,21,121.5500965,24.98864569
113,9,14,18,45,2,07信義區,信義區基隆路1段147號,0,0,2,1,C03,6,5,5,50,14,9,1,4,4,5,13,4,4,1,4,5,2,17,1,65,2,5,6,1,7,15,1,10,1,17,,80,,1,22,121.5579109,25.05005218
113,9,14,18,45,2,07信義區,信義區基隆路1段147號,0,0,2,2,C03,6,5,5,50,14,9,1,4,4,5,13,4,4,1,4,5,2,17,1,27,2,9,6,1,7,9,1,10,1,14,,44,,1,22,121.5579109,25.05005218
113,9,14,18,58,2,03中山區,中山區民族東路與松江路口,0,0,1,1,B03,6,5,6,50,4,1,1,4,4,5,13,2,1,9,4,5,2,17,1,52,3,10,7,1,7,9,1,8,1,17,,16,,1,21,121.5335017,25.06829121
113,9,14,18,58,2,03中山區,中山區民族東路與松江路口,0,0,1,2,B03,6,5,6,50,4,1,1,4,4,5,13,2,1,9,4,5,2,17,1,51,3,10,7,1,7,9,1,8,1,4,,16,,1,21,121.5335017,25.06829121
113,9,14,18,58,2,03中山區,中山區民族東路與松江路口,0,0,1,3,C03,6,5,6,50,4,1,1,4,4,5,13,2,1,9,4,5,2,17,1,42,2,9,5,1,7,9,1,10,1,12,,16,,1,21,121.5335017,25.06829121
113,9,14,19,0,2,05中正區,中正區博愛路131號與重慶南路1段136巷口,0,0,1,1,B03,6,5,5,50,3,2,1,4,4,5,13,4,4,8,5,5,2,17,1,57,3,10,7,1,7,9,1,8,1,1,1,16,,1,21,121.5108656,25.03676705
113,9,14,19,0,2,05中正區,中正區博愛路131號與重慶南路1段136巷口,0,0,1,2,C03,6,5,5,50,3,2,1,4,4,5,13,4,4,8,5,5,2,17,1,60,2,6,6,1,7,9,1,10,1,13,12,44,,1,21,121.5108656,25.03676705
113,9,14,19,3,2,03中山區,中山區民權西路26號,0,0,2,1,C03,6,5,5,50,14,9,1,4,4,5,13,4,4,1,4,5,2,17,1,36,2,9,6,4,7,9,1,10,1,11,,42,,1,21,121.5215864,25.06271447
113,9,14,19,3,2,03中山區,中山區民權西路26號,0,0,2,2,C03,6,5,5,50,14,9,1,4,4,5,13,4,4,1,4,5,2,17,2,34,2,4,6,4,7,9,1,10,1,13,,44,,1,21,121.5215864,25.06271447
113,9,14,19,30,2,04大安區,大安區和平東路1段與師大路口,0,0,2,1,C03,6,5,5,50,3,4,1,4,4,5,13,1,1,1,4,5,1,13,1,22,2,9,6,1,7,9,1,10,1,11,,42,,1,21,121.5282737,25.0265625
113,9,14,19,30,2,04大安區,大安區和平東路1段與師大路口,0,0,2,2,C03,6,5,5,50,3,4,1,4,4,5,13,1,1,1,4,5,1,13,2,41,2,8,6,1,7,14,1,10,1,13,,44,,1,21,121.5282737,25.0265625
113,9,14,19,33,2,09北投區,北投區石牌路2段與石牌路2段343巷口,0,0,2,1,C03,6,5,5,50,14,9,1,4,4,5,13,4,4,9,4,5,2,9,2,31,2,8,5,1,7,9,1,10,1,11,,42,,1,21,121.5248838,25.12314167
113,9,14,19,33,2,09北投區,北投區石牌路2段與石牌路2段343巷口,0,0,2,2,H01,6,5,5,50,14,9,1,4,4,5,13,4,4,9,4,5,2,9,1,27,2,8,4,5,8,16,8,20,10,16,,44,,1,21,121.5248838,25.12314167
113,9,14,19,50,2,03中山區,中山區中山北路3段161號,0,0,1,1,F06,7,5,5,30,14,9,1,4,4,5,13,4,4,10,5,5,2,10,1,17,3,10,4,1,7,9,8,20,1,17,,4,,1,21,121.5243899,25.07341985
113,9,14,19,50,2,03中山區,中山區中山北路3段161號,0,0,1,2,C03,7,5,5,30,14,9,1,4,4,5,13,4,4,10,5,5,2,10,1,48,2,9,6,1,7,9,1,10,1,12,,44,,1,21,121.5243899,25.07341985
113,9,14,19,55,2,08士林區,士林區天母西路37號,0,0,1,1,B03,8,5,5,50,14,9,1,5,4,5,13,4,4,4,5,5,1,17,1,42,3,10,2,1,7,15,1,8,1,4,,40,,1,21,121.5275956,25.1184602
113,9,14,19,55,2,08士林區,士林區天母西路37號,0,0,1,2,A02,8,5,5,50,14,9,1,5,4,5,13,4,4,4,5,5,1,17,1,51,3,10,7,1,7,9,1,2,1,6,,44,,1,21,121.5275956,25.1184602
113,9,14,19,55,2,08士林區,士林區天母西路37號,0,0,1,3,H02,8,5,5,50,14,9,1,5,4,5,13,4,4,4,5,5,1,17,2,47,2,9,4,5,7,20,8,20,10,16,,67,,1,21,121.5275956,25.1184602
113,9,14,20,22,2,07信義區,信義區松智路與松智路9巷口,0,0,1,1,B03,6,5,5,30,3,1,1,4,4,5,13,4,4,9,4,5,2,17,1,21,3,10,3,4,7,5,1,8,1,7,,72,,1,22,121.5655518,25.0379156
113,9,14,20,22,2,07信義區,信義區松智路與松智路9巷口,0,0,1,2,C03,6,5,5,30,3,1,1,4,4,5,13,4,4,9,4,5,2,17,1,18,2,8,3,4,7,9,1,10,1,12,,44,,1,22,121.5655518,25.0379156
113,9,14,20,30,2,09北投區,北投區承德路6段與福國路口,0,0,1,1,B03,8,5,5,50,4,2,1,5,4,5,13,2,1,1,4,5,2,13,1,24,3,10,7,1,7,9,1,8,1,1,,16,,1,22,121.5121783,25.1017591
113,9,14,20,30,2,09北投區,北投區承德路6段與福國路口,0,0,1,2,B01,8,5,5,50,4,2,1,5,4,5,13,2,1,1,4,5,2,13,1,48,3,10,7,1,7,14,1,4,1,3,,44,,1,21,121.5121783,25.1017591
113,9,14,20,30,2,09北投區,北投區承德路6段與福國路口,0,0,1,3,H02,8,5,5,50,4,2,1,5,4,5,13,2,1,1,4,5,2,13,2,45,2,1,2,5,7,20,8,20,10,16,,60,,1,22,121.5121783,25.1017591
113,9,14,20,53,2,12內湖區,內湖區康寧路3段與康寧路3段165巷口,0,0,2,1,C03,7,5,5,50,4,1,1,5,4,5,13,1,1,1,4,5,2,16,2,21,2,9,6,1,7,5,1,10,1,12,,71,,1,21,121.6113045,25.0704861
113,9,14,20,53,2,12內湖區,內湖區康寧路3段與康寧路3段165巷口,0,0,2,2,C03,7,5,5,50,4,1,1,5,4,5,13,1,1,1,4,5,2,16,1,32,2,9,6,1,7,9,1,10,1,11,,44,,1,21,121.6113045,25.0704861
113,9,14,20,58,2,09北投區,北投區大業路與三合街2段口,0,0,1,1,B12,6,5,5,60,14,9,1,4,4,5,13,1,1,9,4,4,2,16,1,27,3,10,7,1,7,6,1,8,1,2,,98,,1,21,121.4986303,25.1257328
113,9,14,20,58,2,09北投區,北投區大業路與三合街2段口,0,0,1,2,C03,6,5,5,60,14,9,1,4,4,5,13,1,1,9,4,4,2,16,1,18,2,8,5,1,7,9,1,10,1,11,,44,,1,21,121.4986303,25.1257328
113,9,14,21,0,2,12內湖區,內湖區瑞光路與瑞光路258巷口口,0,0,1,1,B03,8,5,5,50,4,1,1,5,4,5,13,3,1,5,4,5,2,16,1,49,3,10,7,1,7,9,1,8,1,2,,72,,1,21,121.5760251,25.07574912
113,9,14,21,0,2,12內湖區,內湖區瑞光路與瑞光路258巷口口,0,0,1,2,C03,8,5,5,50,4,1,1,5,4,5,13,3,1,5,4,5,2,16,1,48,2,9,5,1,7,9,1,10,1,11,,13,,1,21,121.5760251,25.07574912
113,9,14,21,36,2,03中山區,中山區復興北路與復興北路36巷口,0,0,1,1,F01,7,5,5,30,3,1,1,4,4,5,13,4,4,1,4,5,2,16,2,23,2,9,4,1,7,9,8,20,1,17,,108,,1,21,121.5438804,25.04909442
113,9,14,21,36,2,03中山區,中山區復興北路與復興北路36巷口,0,0,1,2,B03,7,5,5,30,3,1,1,4,4,5,13,4,4,1,4,5,2,16,1,37,3,10,7,1,7,6,1,8,1,17,,44,,1,21,121.5438804,25.04909442
113,9,14,22,3,2,05中正區,中正區信義路2段與金山南路1段口,0,0,1,1,B01,6,6,8,50,22,22,1,4,4,5,13,2,1,3,4,5,2,9,1,54,3,10,7,1,7,5,1,8,2,8,,70,,1,21,121.5273521,25.0342682
113,9,14,22,3,2,05中正區,中正區信義路2段與金山南路1段口,0,0,1,2,H01,6,6,8,50,22,22,1,4,4,5,13,2,1,3,4,5,2,9,2,71,2,9,4,5,8,16,8,20,2,16,,67,,1,21,121.5273521,25.0342682
113,9,14,23,41,2,06松山區,松山區八德路3段與八德路3段08巷口,0,0,1,1,B03,7,5,5,50,3,1,1,5,4,5,13,4,4,5,4,5,2,13,2,62,3,10,7,1,7,9,1,8,1,5,,108,,1,22,121.5496306,25.0481724
113,9,14,23,41,2,06松山區,松山區八德路3段與八德路3段08巷口,0,0,1,2,C03,7,5,5,50,3,1,1,5,4,5,13,4,4,5,4,5,2,13,2,25,2,7,6,1,7,9,1,10,1,13,,44,,1,22,121.5496306,25.0481724
113,9,15,0,58,2,12內湖區,內湖區東湖路113巷與東湖路113巷3弄口,0,0,2,1,C03,8,5,5,30,3,1,1,5,4,5,13,4,4,10,5,5,2,17,2,24,2,9,5,1,7,5,1,10,1,14,,4,,1,21,121.615321,25.0690065
113,9,15,0,58,2,12內湖區,內湖區東湖路113巷與東湖路113巷3弄口,0,0,2,2,C03,8,5,5,30,3,1,1,5,4,5,13,4,4,10,5,5,2,17,2,21,2,9,5,1,7,9,1,10,1,11,,44,,1,21,121.615321,25.0690065
113,9,15,1,26,2,01大同區,大同區錦西街53巷18號,0,0,1,1,B02,7,5,5,30,14,9,1,5,4,5,13,4,4,10,5,5,2,17,1,38,2,9,7,1,7,9,6,18,2,5,,108,,1,21,121.5158944,25.0606815
113,9,15,1,26,2,01大同區,大同區錦西街53巷18號,0,0,1,2,B01,7,5,5,30,14,9,1,5,4,5,13,4,4,10,5,5,2,17,1,57,3,10,3,4,7,21,1,4,11,7,,44,,1,21,121.5158944,25.0606815