發生年度,發生月,發生日,發生時-Hours,發生分,處理別-編號,區序,肇事地點,死亡人數,2-30日死亡人數,受傷人數,當事人序號,車種,天候,道路照明設備,道路類別,速限-速度限制,道路型態,事故位置,路面狀況1,路面狀況2,路面狀況3,道路障礙1,道路障礙2,號誌1,號誌2,車道劃分-分向,車道劃分-分道1,車道劃分-分道2,車道劃分-分道3,事故類型及型態,性別,年齡,受傷程度,主要傷處,保護裝置,行動電話,車輛用途,當事者行動狀態,駕駛資格情形,駕駛執照種類,飲酒情形,車輛撞擊部位1,車輛撞擊部位2,肇因碼-個別,肇因碼-主要,個人肇逃否,職業,座標-X,座標-Y
113,9,15,1,26,2,01大同區,大同區錦西街53巷18號,0,0,1,3,B03,7,5,5,30,14,9,1,5,4,5,13,4,4,10,5,5,2,17,1,55,4,11,3,4,7,15,7,19,11,4,,44,,1,22,121.5158944,25.0606815
113,9,15,1,26,2,01大同區,大同區錦西街53巷18號,0,0,1,4,B12,7,5,5,30,14,9,1,5,4,5,13,4,4,10,5,5,2,17,2,48,3,10,3,4,7,21,1,8,11,2,,44,,1,21,121.5158944,25.0606815
113,9,15,1,26,2,01大同區,大同區錦西街53巷18號,0,0,1,5,B03,7,5,5,30,14,9,1,5,4,5,13,4,4,10,5,5,2,17,1,60,3,10,3,4,7,21,1,8,11,6,,44,,1,21,121.5158944,25.0606815
113,9,15,1,26,2,01大同區,大同區錦西街53巷18號,0,0,1,6,C03,7,5,5,30,14,9,1,5,4,5,13,4,4,10,5,5,2,17,1,28,4,11,3,4,7,15,7,19,11,14,,44,,1,21,121.5158944,25.0606815
113,9,15,1,26,2,01大同區,大同區錦西街53巷18號,0,0,1,7,C03,7,5,5,30,14,9,1,5,4,5,13,4,4,10,5,5,2,17,1,43,4,11,3,4,7,15,7,19,11,14,,44,,1,22,121.5158944,25.0606815
113,9,15,1,26,2,01大同區,大同區錦西街53巷18號,0,0,1,8,C03,7,5,5,30,14,9,1,5,4,5,13,4,4,10,5,5,2,17,2,71,3,10,3,4,7,21,1,10,11,12,,44,,1,21,121.5158944,25.0606815
113,9,15,1,26,2,01大同區,大同區錦西街53巷18號,0,0,1,9,C03,7,5,5,30,14,9,1,5,4,5,13,4,4,10,5,5,2,17,1,65,4,11,3,4,7,21,1,10,11,12,,44,,1,21,121.5158944,25.0606815
113,9,15,1,45,2,04大安區,大安區基隆路2段與和平東路3段口,0,0,1,1,B03,7,5,5,50,3,1,1,5,4,5,13,1,1,1,3,4,1,13,1,35,3,10,7,1,7,6,1,8,1,7,,71,,1,21,121.5521417,25.02405179
113,9,15,1,45,2,04大安區,大安區基隆路2段與和平東路3段口,0,0,1,2,C03,7,5,5,50,3,1,1,5,4,5,13,1,1,1,3,4,1,13,1,27,2,7,6,1,7,9,1,10,1,11,,44,,1,21,121.5521417,25.02405179
113,9,15,4,22,2,11南港區,南港區松河街與成美橋口下,0,0,1,1,B03,7,5,5,40,14,9,1,5,4,5,13,4,4,5,5,5,2,11,1,37,2,9,7,1,7,9,1,8,2,1,,108,,1,21,121.5828134,25.0528203
113,9,15,4,22,2,11南港區,南港區松河街與成美橋口下,0,0,1,2,B03,7,5,5,40,14,9,1,5,4,5,13,4,4,5,5,5,2,11,1,40,3,10,7,1,7,13,1,8,11,1,,44,,1,21,121.5828134,25.0528203
113,9,15,4,22,2,11南港區,南港區松河街與成美橋口下,0,0,1,3,C03,7,5,5,40,14,9,1,5,4,5,13,4,4,5,5,5,2,11,1,54,3,10,3,1,7,13,6,18,11,14,,44,,1,21,121.5828134,25.0528203
113,9,15,4,22,2,11南港區,南港區松河街與成美橋口下,0,0,1,4,C04,7,5,5,40,14,9,1,5,4,5,13,4,4,5,5,5,2,11,1,53,4,11,3,4,7,13,7,19,11,14,,44,,1,21,121.5828134,25.0528203
113,9,15,5,5,2,02萬華區,萬華區桂林路與桂林路139巷口,0,0,1,1,F01,7,5,5,50,4,1,1,5,4,5,13,2,1,5,4,4,2,17,1,81,2,5,4,1,7,9,8,20,2,11,,81,,1,21,121.4990781,25.0384989
113,9,15,5,5,2,02萬華區,萬華區桂林路與桂林路139巷口,0,0,1,2,C03,7,5,5,50,4,1,1,5,4,5,13,2,1,5,4,4,2,17,1,19,3,10,6,1,7,9,1,10,2,11,,44,,1,21,121.4990781,25.0384989
113,9,15,7,14,2,12內湖區,內湖區彩虹河濱公園網球場,0,0,1,1,B01,8,5,5,50,14,9,1,5,4,5,13,4,4,9,4,5,2,11,1,37,3,10,7,1,7,14,1,4,1,4,,38,,1,21,121.5724246,25.06183741
113,9,15,7,14,2,12內湖區,內湖區彩虹河濱公園網球場,0,0,1,3,H02,8,5,5,50,14,9,1,5,4,5,13,4,4,9,4,5,2,11,2,27,3,10,7,5,7,21,8,20,10,16,,126,,1,21,121.5724246,25.06183741
113,9,15,7,14,2,12內湖區,內湖區彩虹河濱公園網球場,0,0,1,2,B03,8,5,5,50,14,9,1,5,4,5,13,4,4,9,4,5,2,11,1,75,2,7,7,1,7,9,1,8,1,4,,44,,1,21,121.5724246,25.06183741
113,9,15,7,50,2,10文山區,文山區指南路3段燈桿指南二幹37B7426BA57,0,0,1,1,B03,8,6,5,30,11,9,1,4,4,5,13,4,4,10,5,5,2,17,1,52,3,10,3,4,7,5,1,8,2,17,,118,,1,22,121.5959393,24.97268413
113,9,15,7,50,2,10文山區,文山區指南路3段燈桿指南二幹37B7426BA57,0,0,1,2,C03,8,6,5,30,11,9,1,4,4,5,13,4,4,10,5,5,2,17,1,83,2,9,3,4,7,6,1,10,1,12,,118,,1,22,121.5959393,24.97268413
113,9,15,9,47,2,12內湖區,內湖區環山路2段53巷1弄與環山路2段53巷口,0,0,1,1,C03,8,6,5,30,4,1,1,5,4,5,13,4,4,10,5,5,2,15,1,64,3,10,6,1,7,9,1,10,2,12,,72,,1,21,121.5740617,25.084903
113,9,15,9,47,2,12內湖區,內湖區環山路2段53巷1弄與環山路2段53巷口,0,0,1,2,B12,8,6,5,30,4,1,1,5,4,5,13,4,4,10,5,5,2,15,1,61,3,10,7,1,7,9,1,8,2,1,,44,,1,21,121.5740617,25.084903
113,9,15,9,47,2,12內湖區,內湖區環山路2段53巷1弄與環山路2段53巷口,0,0,1,3,H02,8,6,5,30,4,1,1,5,4,5,13,4,4,10,5,5,2,15,2,33,2,9,6,5,7,21,8,20,10,16,,67,,1,21,121.5740617,25.084903
113,9,15,10,7,2,10文山區,文山區新光路1段與道南橋口,0,0,1,1,B03,8,7,5,50,3,1,1,5,4,5,13,1,1,5,5,5,2,13,1,60,3,10,7,1,7,15,1,4,1,1,,108,,1,21,121.5734848,24.9881094
113,9,15,10,7,2,10文山區,文山區新光路1段與道南橋口,0,0,1,2,C03,8,7,5,50,3,1,1,5,4,5,13,1,1,5,5,5,2,13,1,41,2,9,6,1,7,9,1,6,1,13,,44,,1,21,121.5734848,24.9881094
113,9,15,10,7,2,10文山區,文山區新光路1段與道南橋口,0,0,1,3,C03,8,7,5,50,3,1,1,5,4,5,13,1,1,5,5,5,2,13,1,57,4,11,5,4,7,14,1,10,11,14,,44,,1,21,121.5734848,24.9881094
113,9,15,10,52,2,05中正區,中正區延平南路與開封街1段口,0,0,2,1,C03,8,7,5,50,4,1,1,5,4,5,13,1,1,10,4,5,2,17,1,43,2,9,6,1,7,15,1,10,2,14,,8,,1,21,121.5107597,25.04600838
113,9,15,10,52,2,05中正區,中正區延平南路與開封街1段口,0,0,2,2,C03,8,7,5,50,4,1,1,5,4,5,13,1,1,10,4,5,2,17,1,43,2,9,6,1,7,9,1,10,2,12,,13,,1,21,121.5107597,25.04600838
113,9,15,11,3,2,05中正區,中正區市民大道1段168號,0,0,1,1,B03,8,6,5,30,22,6,1,5,4,5,13,4,4,1,4,5,2,17,2,64,3,10,7,1,7,11,1,8,2,2,,10,,1,22,121.5188703,25.04825388
113,9,15,11,3,2,05中正區,中正區市民大道1段168號,0,0,1,2,C03,8,6,5,30,22,6,1,5,4,5,13,4,4,1,4,5,2,17,1,27,2,9,6,1,7,9,1,10,2,11,,14,,1,22,121.5188703,25.04825388
113,9,15,11,12,2,12內湖區,內湖區康樂街61巷與康樂街111巷口,0,0,1,1,B03,8,7,5,30,4,1,1,5,4,5,13,4,4,10,5,5,2,15,1,69,3,10,3,4,7,9,1,8,2,8,,14,,1,21,121.6198227,25.07067356
113,9,15,11,12,2,12內湖區,內湖區康樂街61巷與康樂街111巷口,0,0,1,2,C03,8,7,5,30,4,1,1,5,4,5,13,4,4,10,5,5,2,15,1,56,2,9,6,1,7,9,1,10,2,12,,107,,1,21,121.6198227,25.07067356
113,9,15,11,36,2,02萬華區,長順街底水門口堤外便道北向南,0,0,2,1,C03,8,7,5,40,4,1,1,5,4,5,13,1,1,4,3,5,2,12,1,18,2,9,6,1,7,1,1,10,1,14,,44,,1,22,121.4887295,25.0324007
113,9,15,11,36,2,02萬華區,長順街底水門口堤外便道北向南,0,0,2,2,C03,8,7,5,40,4,1,1,5,4,5,13,1,1,4,3,5,2,12,1,59,2,9,6,1,7,15,1,10,1,14,,44,,1,22,121.4887295,25.0324007
113,9,15,11,36,2,02萬華區,長順街底水門口堤外便道北向南,0,0,2,3,,8,7,5,40,4,1,1,5,4,5,13,1,1,4,3,5,2,12,3,42,,,,,,,,,,,,67,,1,,121.4887295,25.0324007
113,9,15,12,45,2,03中山區,中山區民權西路1號出口,0,0,1,1,C03,8,5,5,40,14,9,1,5,4,5,13,4,4,1,4,4,2,12,1,46,4,11,3,4,7,9,1,10,9,15,,44,,1,21,121.5193117,25.0628189
113,9,15,12,45,2,03中山區,中山區民權西路1號出口,0,0,1,2,C03,8,5,5,40,14,9,1,5,4,5,13,4,4,1,4,4,2,12,1,51,2,9,5,1,7,9,6,18,9,11,,44,,1,22,121.5193117,25.0628189
113,9,15,12,55,2,02萬華區,萬華區環河南路1段與峨眉街口,0,0,1,1,B03,8,6,5,30,3,1,1,5,4,5,13,4,4,5,5,5,2,16,1,31,3,10,7,1,7,6,1,8,1,2,,9,,1,26,121.5014543,25.04490429
113,9,15,12,55,2,02萬華區,萬華區環河南路1段與峨眉街口,0,0,1,2,C03,8,6,5,30,3,1,1,5,4,5,13,4,4,5,5,5,2,16,1,49,2,9,6,1,7,9,1,9,1,14,,44,,1,26,121.5014543,25.04490429
113,9,15,13,13,2,02萬華區,萬華區艋舺大道與萬大路口,0,0,1,1,C03,8,6,5,50,4,1,1,5,4,5,13,2,1,8,3,5,1,13,1,55,2,9,5,1,7,15,1,10,1,11,,16,,1,21,121.5005638,25.0328018
113,9,15,13,13,2,02萬華區,萬華區艋舺大道與萬大路口,0,0,1,2,C03,8,6,5,50,4,1,1,5,4,5,13,2,1,8,3,5,1,13,1,45,3,10,5,1,7,1,1,10,1,13,,44,,1,21,121.5005638,25.0328018
113,9,15,13,29,2,01大同區,大同區鄭州路33號,0,0,1,1,B03,8,6,5,40,14,9,1,5,4,5,13,4,4,1,5,5,2,17,1,26,3,10,7,4,7,9,1,8,1,2,,17,,1,21,121.5147173,25.0491452
113,9,15,13,29,2,01大同區,大同區鄭州路33號,0,0,1,2,C03,8,6,5,40,14,9,1,5,4,5,13,4,4,1,5,5,2,17,2,64,2,9,5,4,7,9,1,10,1,14,,44,,1,21,121.5147173,25.0491452
113,9,15,14,18,2,05中正區,中正區仁愛路2段38巷與杭州南路1段105巷口,0,0,1,1,C03,8,6,5,30,4,1,1,5,4,5,13,4,4,10,5,5,2,15,1,56,2,8,5,1,7,9,1,10,9,14,,14,,1,21,121.5272425,25.037373
113,9,15,14,18,2,05中正區,中正區仁愛路2段38巷與杭州南路1段105巷口,0,0,1,2,B02,8,6,5,30,4,1,1,5,4,5,13,4,4,10,5,5,2,15,2,44,3,10,2,1,7,9,1,8,9,1,,75,,1,21,121.5272425,25.037373
113,9,15,14,20,2,05中正區,中正區博愛路93號,0,0,2,1,A02,8,6,5,50,14,9,1,5,4,5,13,4,4,10,4,5,2,9,1,61,3,10,2,1,7,14,1,2,9,15,,44,,1,22,121.511646,25.043194
113,9,15,14,20,2,05中正區,中正區博愛路93號,0,0,2,2,H02,8,6,5,50,14,9,1,5,4,5,13,4,4,10,4,5,2,9,2,35,2,7,4,5,7,19,8,20,10,16,,67,,1,21,121.511646,25.043194
113,9,15,14,20,2,05中正區,中正區博愛路93號,0,0,2,3,H02,8,6,5,50,14,9,1,5,4,5,13,4,4,10,4,5,2,9,1,0,2,1,4,5,7,19,8,20,10,16,,67,,1,24,121.511646,25.043194
113,9,15,14,55,2,08士林區,士林區忠義街與忠誠路1段173巷口口,0,0,1,1,B02,8,7,5,40,4,1,1,5,4,5,13,3,1,5,5,5,2,16,1,22,3,10,7,1,7,5,1,8,1,8,,8,,1,21,121.5327319,25.1085874
113,9,15,14,55,2,08士林區,士林區忠義街與忠誠路1段173巷口口,0,0,1,2,C03,8,7,5,40,4,1,1,5,4,5,13,3,1,5,5,5,2,16,1,59,2,9,6,1,7,9,1,10,1,14,,44,,1,21,121.5327319,25.1085874
113,9,15,15,11,2,10文山區,文山區興隆路4段與興隆路4段213巷口口,0,0,1,1,B01,8,6,5,50,4,1,1,5,4,5,13,2,1,10,5,5,2,17,1,64,3,10,7,1,7,11,1,8,1,2,,10,,1,21,121.5624009,24.9827087
113,9,15,15,11,2,10文山區,文山區興隆路4段與興隆路4段213巷口口,0,0,1,2,C03,8,6,5,50,4,1,1,5,4,5,13,2,1,10,5,5,2,17,2,69,2,9,6,1,7,9,1,10,1,11,,44,,1,21,121.5624009,24.9827087
113,9,15,15,25,2,02萬華區,萬華區華江橋往新北機車道,0,0,2,1,C03,8,7,5,40,14,12,1,5,4,5,13,4,4,5,3,5,2,12,1,71,2,9,5,1,7,9,1,10,1,14,,42,,1,22,121.4900216,25.0353375
113,9,15,15,25,2,02萬華區,萬華區華江橋往新北機車道,0,0,2,2,C03,8,7,5,40,14,12,1,5,4,5,13,4,4,5,3,5,2,12,1,24,2,9,6,1,7,9,1,10,1,14,,42,,1,22,121.4900216,25.0353375
113,9,15,15,33,2,05中正區,中正區汀州路3段與汀州路3段230巷口,0,0,2,1,C04,8,6,5,50,4,1,1,5,4,5,13,4,4,5,4,5,2,16,2,55,2,9,5,1,7,11,1,11,2,14,,10,,1,21,121.5359602,25.0115244
113,9,15,15,33,2,05中正區,中正區汀州路3段與汀州路3段230巷口,0,0,2,2,C03,8,6,5,50,4,1,1,5,4,5,13,4,4,5,4,5,2,16,1,21,2,9,5,1,7,9,1,10,2,12,,14,,1,21,121.5359602,25.0115244
113,9,15,15,33,2,05中正區,中正區汀州路3段與汀州路3段230巷口,0,0,2,3,H02,8,6,5,50,4,1,1,5,4,5,13,4,4,5,4,5,2,16,2,23,4,11,5,5,7,20,8,20,10,16,,67,,1,21,121.5359602,25.0115244
113,9,15,15,35,2,01大同區,大同區安西街與延平北路2段272巷口,0,0,2,1,C03,8,5,5,30,4,1,1,5,4,5,13,4,4,10,5,5,1,16,1,66,2,9,3,4,7,9,1,10,1,11,,72,,1,21,121.5097547,25.0620813
113,9,15,15,35,2,01大同區,大同區安西街與延平北路2段272巷口,0,0,2,2,C04,8,5,5,30,4,1,1,5,4,5,13,4,4,10,5,5,1,16,1,35,2,9,3,4,7,9,1,10,1,14,,108,,1,21,121.5097547,25.0620813
113,9,15,15,37,2,01大同區,大同區環河北路2段199號（對面）,0,0,1,1,C02,8,6,5,60,14,9,1,5,4,5,13,4,4,1,4,5,2,17,1,22,2,9,5,1,7,9,1,9,1,11,,16,,1,21,121.509131,25.06906803
113,9,15,15,37,2,01大同區,大同區環河北路2段199號（對面）,0,0,1,2,B03,8,6,5,60,14,9,1,5,4,5,13,4,4,1,4,5,2,17,1,41,3,10,7,1,7,9,1,8,1,6,,44,,1,21,121.509131,25.06906803
113,9,15,16,9,2,12內湖區,內湖區環山路2段53巷與環山路2段53巷6弄口,0,0,1,1,C03,7,6,5,30,4,1,1,5,4,5,13,4,4,10,5,5,2,15,2,33,2,9,5,1,7,9,1,10,1,11,,72,,1,21,121.5735733,25.0848879
113,9,15,16,9,2,12內湖區,內湖區環山路2段53巷與環山路2段53巷6弄口,0,0,1,2,B03,7,6,5,30,4,1,1,5,4,5,13,4,4,10,5,5,2,15,1,44,3,10,7,1,7,9,1,8,2,4,,14,,1,21,121.5735733,25.0848879
113,9,15,16,20,2,08士林區,士林區福國路98號,0,0,1,1,C03,8,5,8,50,22,22,1,5,4,5,13,2,1,1,5,5,1,17,2,47,2,8,5,1,7,5,1,10,1,14,,101,,1,21,121.5215345,25.10192519
113,9,15,16,20,2,08士林區,士林區福國路98號,0,0,1,2,B03,8,5,8,50,22,22,1,5,4,5,13,2,1,1,5,5,1,17,1,46,3,10,7,1,7,9,1,8,1,1,,44,,1,21,121.5215345,25.10192519
113,9,15,16,27,2,04大安區,大安區和平東路3段與臥龍街口,0,0,1,1,B03,8,6,5,50,4,1,1,5,4,5,13,1,1,2,3,5,2,11,2,27,3,10,7,1,7,15,1,8,1,1,,71,,1,21,121.5466801,25.02457668
113,9,15,16,27,2,04大安區,大安區和平東路3段與臥龍街口,0,0,1,2,C03,8,6,5,50,4,1,1,5,4,5,13,1,1,2,3,5,2,11,1,32,2,9,6,1,7,9,1,10,1,11,,44,,1,21,121.5466801,25.02457668
113,9,15,16,28,2,12內湖區,內湖區堤外便道(安康幹第81號燈桿),0,0,1,1,C03,8,5,5,50,14,9,1,5,4,5,13,4,4,5,2,5,2,12,1,31,2,8,5,1,7,9,1,9,2,14,,118,,1,21,121.6131172,25.06524985
113,9,15,16,28,2,12內湖區,內湖區堤外便道(安康幹第81號燈桿),0,0,1,2,C03,8,5,5,50,14,9,1,5,4,5,13,4,4,5,2,5,2,12,1,54,3,10,5,1,7,9,1,10,2,13,,118,,1,21,121.6131172,25.06524985
113,9,15,16,40,2,05中正區,中正區懷寧街與貴陽街1段口,0,0,1,1,B12,8,7,5,50,3,1,1,5,4,5,13,4,4,4,4,5,2,17,1,53,3,10,7,1,7,5,1,8,1,8,,8,,1,21,121.5137046,25.03874155
113,9,15,16,40,2,05中正區,中正區懷寧街與貴陽街1段口,0,0,1,2,C03,8,7,5,50,3,1,1,5,4,5,13,4,4,4,4,5,2,17,1,27,2,9,6,1,7,9,1,10,1,11,,14,,1,21,121.5137046,25.03874155
113,9,15,16,50,2,04大安區,大安區辛亥路3段21巷停車場前,0,0,1,1,B03,8,6,5,30,22,9,1,5,4,3,10,4,4,10,5,5,2,17,2,51,3,10,7,1,7,5,1,8,1,1,,80,,1,21,121.5458398,25.0224119
113,9,15,16,50,2,04大安區,大安區辛亥路3段21巷停車場前,0,0,1,2,C03,8,6,5,30,22,9,1,5,4,3,10,4,4,10,5,5,2,17,1,27,2,9,5,1,7,9,1,9,1,12,,44,,1,21,121.5458398,25.0224119
113,9,15,16,50,2,04大安區,大安區辛亥路3段21巷停車場前,0,0,1,3,B03,8,6,5,30,22,9,1,5,4,3,10,4,4,10,5,5,2,17,1,60,3,10,7,1,7,14,1,8,9,17,,38,,1,21,121.5458398,25.0224119
113,9,15,17,19,2,04大安區,大安區和平東路3段636巷第124號燈桿,0,0,1,1,F02,8,6,5,50,14,9,1,5,4,5,13,4,4,5,2,5,1,18,2,54,2,1,4,1,7,9,8,20,1,15,,42,,1,21,121.5619704,25.01182542
113,9,15,17,19,2,04大安區,大安區和平東路3段636巷第124號燈桿,0,0,1,2,,8,6,5,50,14,9,1,5,4,5,13,4,4,5,2,5,1,18,3,0,,,,,,,,,,,,67,,1,,121.5619704,25.01182542
113,9,15,17,19,2,04大安區,大安區和平東路2段與新生南路2段口,0,0,1,1,C03,8,6,5,50,4,2,1,5,4,5,13,2,1,1,4,5,2,17,1,38,3,10,3,4,7,6,1,10,1,12,,71,,1,21,121.5353301,25.0260646
113,9,15,17,19,2,04大安區,大安區和平東路2段與新生南路2段口,0,0,1,2,C03,8,6,5,50,4,2,1,5,4,5,13,2,1,1,4,5,2,17,1,35,2,9,3,4,7,9,1,10,1,14,,44,,1,21,121.5353301,25.0260646
113,9,15,17,37,2,05中正區,中正區貴陽街1段與桃源街口,0,0,2,1,B01,8,5,5,50,4,1,1,5,4,5,13,1,1,9,4,5,1,17,1,41,3,10,7,1,7,5,1,4,2,1,,8,,1,21,121.5101544,25.0390467
113,9,15,17,37,2,05中正區,中正區貴陽街1段與桃源街口,0,0,2,2,C03,8,5,5,50,4,1,1,5,4,5,13,1,1,9,4,5,1,17,1,71,2,9,6,1,7,9,1,10,2,11,,44,,1,22,121.5101544,25.0390467
113,9,15,17,37,2,05中正區,中正區貴陽街1段與桃源街口,0,0,2,3,H02,8,5,5,50,4,1,1,5,4,5,13,1,1,9,4,5,1,17,2,69,2,9,6,5,7,20,8,20,10,16,,67,,1,22,121.5101544,25.0390467
113,9,15,18,0,2,08士林區,士林區福國路與福華路口,0,0,1,1,C03,8,7,5,50,4,1,1,5,4,5,13,2,1,5,5,5,1,17,1,47,3,10,5,1,7,5,1,10,1,11,,8,,1,21,121.5229284,25.10197518
113,9,15,18,0,2,08士林區,士林區福國路與福華路口,0,0,1,2,C03,8,7,5,50,4,1,1,5,4,5,13,2,1,5,5,5,1,17,1,35,3,10,5,1,7,5,1,10,1,15,,44,,1,21,121.5229284,25.10197518
113,9,15,18,0,2,08士林區,士林區福國路與福華路口,0,0,1,3,H02,8,7,5,50,4,1,1,5,4,5,13,2,1,5,5,5,1,17,2,34,2,9,5,5,7,20,8,20,10,16,,67,,1,21,121.5229284,25.10197518
113,9,15,18,28,2,03中山區,中山區北安路759巷與北安路口,0,0,1,1,C03,7,5,5,50,4,1,1,5,4,5,13,1,1,1,3,5,1,17,1,19,3,10,6,1,7,6,1,10,1,12,,101,,1,21,121.5525574,25.08578578
113,9,15,18,28,2,03中山區,中山區北安路759巷與北安路口,0,0,1,2,C03,7,5,5,50,4,1,1,5,4,5,13,1,1,1,3,5,1,17,1,58,2,7,5,1,7,9,1,10,1,14,,44,,1,21,121.5525574,25.08578578
113,9,15,18,33,2,11南港區,南港區忠孝東路7段與忠孝東路7段265巷口,0,0,2,1,C03,8,5,6,50,4,1,1,5,4,5,13,2,1,1,3,4,2,13,1,18,2,9,3,4,7,9,1,10,1,11,,16,,1,21,121.6037391,25.0517862
113,9,15,18,33,2,11南港區,南港區忠孝東路7段與忠孝東路7段265巷口,0,0,2,2,C02,8,5,6,50,4,1,1,5,4,5,13,2,1,1,3,4,2,13,1,24,3,10,3,4,7,9,1,9,1,13,,44,,1,21,121.6037391,25.0517862
113,9,15,18,33,2,11南港區,南港區忠孝東路7段與忠孝東路7段265巷口,0,0,2,3,H02,8,5,6,50,4,1,1,5,4,5,13,2,1,1,3,4,2,13,1,15,2,9,3,5,7,20,8,20,10,16,,67,,1,21,121.6037391,25.0517862
113,9,15,18,36,2,06松山區,松山區松河街216號,0,0,3,1,C03,7,5,5,40,14,9,1,5,4,5,13,4,4,9,4,5,2,16,1,30,2,9,6,1,7,11,1,10,1,14,,10,,1,21,121.5778966,25.0516875
113,9,15,18,36,2,06松山區,松山區松河街216號,0,0,3,2,C03,7,5,5,40,14,9,1,5,4,5,13,4,4,9,4,5,2,16,2,21,2,9,6,1,7,9,3,18,1,11,,44,,1,21,121.5778966,25.0516875
113,9,15,18,36,2,06松山區,松山區松河街216號,0,0,3,3,H02,7,5,5,40,14,9,1,5,4,5,13,4,4,9,4,5,2,16,2,26,2,9,6,5,7,17,8,20,10,16,,67,,1,21,121.5778966,25.0516875
113,9,15,18,50,2,04大安區,大安區市民大道4段與忠孝東路4段223巷口,0,0,1,1,C03,8,5,5,40,5,1,1,5,4,5,13,1,1,1,5,5,2,17,2,18,2,9,6,1,7,5,1,10,1,13,,103,,1,21,121.5531546,25.044297
113,9,15,18,50,2,04大安區,大安區市民大道4段與忠孝東路4段223巷口,0,0,1,2,B02,8,5,5,40,5,1,1,5,4,5,13,1,1,1,5,5,2,17,2,49,3,10,7,1,7,9,1,8,1,1,,13,,1,21,121.5531546,25.044297
113,9,15,19,15,2,07信義區,信義區松信路與市民大道6段口,0,0,1,1,C03,7,5,5,50,4,2,1,5,4,5,13,1,1,9,4,5,2,16,2,24,2,2,3,1,7,7,1,10,2,14,,100,,1,22,121.5722182,25.0492885
113,9,15,19,15,2,07信義區,信義區松信路與市民大道6段口,0,0,1,2,B03,7,5,5,50,4,2,1,5,4,5,13,1,1,9,4,5,2,16,1,26,3,10,3,4,7,9,1,8,2,5,,44,,1,22,121.5722182,25.0492885
113,9,15,19,24,2,07信義區,信義區基隆路1段與基隆路1段101巷口口,0,0,1,1,B01,8,5,5,50,3,1,1,5,4,5,13,4,4,1,4,5,2,17,1,60,3,10,7,1,7,6,1,4,1,6,,74,,1,26,121.567162,25.045391
113,9,15,19,24,2,07信義區,信義區基隆路1段與基隆路1段101巷口口,0,0,1,2,C03,8,5,5,50,3,1,1,5,4,5,13,4,4,1,4,5,2,17,1,29,2,9,6,1,7,9,1,10,1,11,,16,,1,22,121.567162,25.045391
113,9,15,19,39,2,02萬華區,萬華區華江橋機車道(第001050號燈桿處),0,0,2,1,C03,7,5,5,40,14,11,1,5,4,5,13,4,4,3,4,5,2,17,1,32,2,9,6,1,7,9,1,10,1,11,12,16,,1,21,121.4878987,25.0357935
113,9,15,19,39,2,02萬華區,萬華區華江橋機車道(第001050號燈桿處),0,0,2,2,C03,7,5,5,40,14,11,1,5,4,5,13,4,4,3,4,5,2,17,2,21,2,8,6,1,7,9,1,9,1,13,12,44,,1,21,121.4878987,25.0357935
113,9,15,19,43,2,01大同區,大同區延平北路4段與敦煌路口,0,0,2,1,B03,8,5,5,50,4,2,1,5,4,5,13,2,1,5,5,5,2,17,1,35,2,2,3,4,7,5,1,8,2,2,,71,,1,21,121.5119998,25.0765752
113,9,15,19,43,2,01大同區,大同區延平北路4段與敦煌路口,0,0,2,2,C03,8,5,5,50,4,2,1,5,4,5,13,2,1,5,5,5,2,17,1,19,2,9,3,4,7,9,3,18,2,11,,13,,1,21,121.5119998,25.0765752
113,9,15,20,20,2,08士林區,士林區至善路3段與至善路3段370巷口,0,0,1,1,B01,8,5,5,50,3,2,1,5,4,5,13,4,4,5,5,5,2,9,1,60,3,10,3,4,7,6,1,4,2,5,,107,,1,21,121.5866678,25.1285942
113,9,15,20,20,2,08士林區,士林區至善路3段與至善路3段370巷口,0,0,1,2,H02,8,5,5,50,3,2,1,5,4,5,13,4,4,5,5,5,2,9,2,35,2,9,3,5,7,17,8,20,10,16,,67,,1,21,121.5866678,25.1285942
113,9,15,20,51,2,07信義區,信義區和平東路3段與和平東路口圓環,0,0,2,1,C03,7,5,5,50,4,1,1,5,4,5,13,1,1,1,4,5,2,16,1,19,3,10,3,4,7,6,1,10,2,12,,9,,1,22,121.5529164,25.024168
113,9,15,20,51,2,07信義區,信義區和平東路3段與和平東路口圓環,0,0,2,2,C03,7,5,5,50,4,1,1,5,4,5,13,1,1,1,4,5,2,16,1,68,2,9,3,4,7,9,1,10,2,14,,44,,1,22,121.5529164,25.024168
113,9,15,20,51,2,07信義區,信義區和平東路3段與和平東路口圓環,0,0,2,3,H02,7,5,5,50,4,1,1,5,4,5,13,1,1,1,4,5,2,16,1,10,2,1,3,5,7,17,8,20,10,16,,67,,1,22,121.5529164,25.024168
113,9,15,20,53,2,04大安區,大安區光復南路456巷與光復南路口,0,0,1,1,C04,8,5,5,50,4,2,1,5,4,5,13,1,1,5,5,5,2,17,1,34,3,10,5,1,7,11,1,10,1,11,,44,,1,21,121.5573497,25.0354324
113,9,15,20,53,2,04大安區,大安區光復南路456巷與光復南路口,0,0,1,2,C03,8,5,5,50,4,2,1,5,4,5,13,1,1,5,5,5,2,17,2,74,2,9,6,1,7,9,1,10,1,12,,44,,1,21,121.5573497,25.0354324