發生年度,發生月,發生日,發生時-Hours,發生分,處理別-編號,區序,肇事地點,死亡人數,2-30日死亡人數,受傷人數,當事人序號,車種,天候,道路照明設備,道路類別,速限-速度限制,道路型態,事故位置,路面狀況1,路面狀況2,路面狀況3,道路障礙1,道路障礙2,號誌1,號誌2,車道劃分-分向,車道劃分-分道1,車道劃分-分道2,車道劃分-分道3,事故類型及型態,性別,年齡,受傷程度,主要傷處,保護裝置,行動電話,車輛用途,當事者行動狀態,駕駛資格情形,駕駛執照種類,飲酒情形,車輛撞擊部位1,車輛撞擊部位2,肇因碼-個別,肇因碼-主要,個人肇逃否,職業,座標-X,座標-Y
113,9,15,21,0,2,03中山區,中山區松江路與松江路313巷口,0,0,2,1,A04,7,5,5,50,14,9,1,5,4,5,13,4,4,1,4,5,2,13,1,61,3,10,7,4,7,8,1,2,2,5,,100,,1,21,121.533329,25.0619371
113,9,15,21,0,2,03中山區,中山區松江路與松江路313巷口,0,0,2,2,C03,7,5,5,50,14,9,1,5,4,5,13,4,4,1,4,5,2,13,2,21,2,9,5,1,7,9,1,10,2,13,,72,,1,21,121.533329,25.0619371
113,9,15,21,0,2,03中山區,中山區松江路與松江路313巷口,0,0,2,3,H02,7,5,5,50,14,9,1,5,4,5,13,4,4,1,4,5,2,13,1,22,2,9,5,5,7,21,8,20,10,17,,67,,1,21,121.533329,25.0619371
113,9,15,21,25,2,02萬華區,萬華區東園街與長泰街口,0,0,1,1,C03,8,5,5,40,4,2,1,5,4,5,13,1,1,5,5,5,2,13,1,40,3,10,5,1,7,9,1,10,1,11,,108,,1,21,121.4982117,25.02224528
113,9,15,21,25,2,02萬華區,萬華區東園街與長泰街口,0,0,1,2,C03,8,5,5,40,4,2,1,5,4,5,13,1,1,5,5,5,2,13,2,27,2,6,5,1,7,12,1,10,1,13,,44,,1,21,121.4982117,25.02224528
113,9,15,21,44,2,03中山區,中山區建國南路1段與市民大道3段口,0,0,1,1,C03,7,5,5,50,4,2,1,5,4,5,13,2,1,3,4,5,2,17,2,31,2,9,3,4,7,5,1,10,1,14,,8,,1,21,121.5368583,25.04538035
113,9,15,21,44,2,03中山區,中山區建國南路1段與市民大道3段口,0,0,1,2,B03,7,5,5,50,4,2,1,5,4,5,13,2,1,3,4,5,2,17,1,56,3,10,3,4,7,9,1,8,1,5,,44,,1,21,121.5368583,25.04538035
113,9,15,22,10,2,08士林區,士林區中正路與重慶北路4段口,0,0,2,1,C03,8,5,5,50,4,1,1,5,4,5,13,4,4,10,4,5,2,16,2,20,2,9,3,4,7,15,1,10,2,12,,72,,1,21,121.5098185,25.08670759
113,9,15,22,10,2,08士林區,士林區中正路與重慶北路4段口,0,0,2,2,C03,8,5,5,50,4,1,1,5,4,5,13,4,4,10,4,5,2,16,1,19,2,9,3,4,7,9,1,10,2,14,,13,,1,21,121.5098185,25.08670759
113,9,16,3,48,2,10文山區,文山區辛亥路6段21巷與辛亥路6段口,0,0,1,1,C03,7,5,5,50,11,9,1,5,4,5,13,4,4,1,4,5,1,13,1,48,2,9,6,1,7,9,1,10,2,11,,104,,1,21,121.5523275,24.9904641
113,9,16,3,48,2,10文山區,文山區辛亥路6段21巷與辛亥路6段口,0,0,1,2,B02,7,5,5,50,11,9,1,5,4,5,13,4,4,1,4,5,1,13,1,35,3,10,7,1,7,13,1,8,9,3,,44,,1,21,121.5523275,24.9904641
113,9,16,5,3,2,02萬華區,萬華區桂林路與西園路1段口,0,0,1,1,B01,8,5,5,50,4,18,1,5,4,5,13,2,1,5,4,5,2,3,1,52,4,11,3,4,7,5,7,19,11,15,,70,,2,22,121.4997474,25.03842427
113,9,16,5,3,2,02萬華區,萬華區桂林路與西園路1段口,0,0,1,2,H01,8,5,5,50,4,18,1,5,4,5,13,2,1,5,4,5,2,3,1,55,2,8,4,5,8,16,8,20,10,16,,67,,1,21,121.4997474,25.03842427
113,9,16,7,5,2,12內湖區,內湖區環山路2段53巷1弄與環山路2段53巷口,0,0,1,1,C03,8,6,5,30,4,1,1,5,4,5,13,4,4,10,5,5,2,17,2,26,2,9,6,1,7,9,1,10,1,11,,72,,1,21,121.5735716,25.0848872
113,9,16,7,5,2,12內湖區,內湖區環山路2段53巷1弄與環山路2段53巷口,0,0,1,2,B03,8,6,5,30,4,1,1,5,4,5,13,4,4,10,5,5,2,17,2,44,3,10,7,1,7,9,1,8,1,2,,14,,1,21,121.5735716,25.0848872
113,9,16,7,7,2,02萬華區,萬華區德昌街185巷12弄與德昌街235巷口,0,0,2,1,G06,8,6,5,30,3,1,1,5,4,5,13,4,4,10,5,5,1,17,1,58,2,7,3,4,7,5,7,19,1,16,,8,,1,22,121.5076746,25.03419702
113,9,16,7,7,2,02萬華區,萬華區德昌街185巷12弄與德昌街235巷口,0,0,2,2,C03,8,6,5,30,3,1,1,5,4,5,13,4,4,10,5,5,1,17,1,36,2,8,3,4,7,9,1,10,1,11,,14,,1,22,121.5076746,25.03419702
113,9,16,7,35,2,03中山區,中山區北安路與大直街口,0,0,1,1,B03,8,6,5,50,14,9,1,5,4,5,13,2,1,8,3,5,1,17,1,49,3,10,7,1,7,9,1,8,1,5,,17,,1,21,121.5473494,25.079954
113,9,16,7,35,2,03中山區,中山區北安路與大直街口,0,0,1,2,C03,8,6,5,50,14,9,1,5,4,5,13,2,1,8,3,5,1,17,2,18,2,9,5,1,7,9,1,10,1,14,,17,,1,21,121.5473494,25.079954
113,9,16,7,35,2,08士林區,士林區中山北路6段與中山北路6段405巷口,0,0,1,1,C03,8,5,5,50,4,1,1,5,4,5,13,1,1,1,4,5,1,17,1,76,2,9,5,1,7,7,6,18,1,14,,100,,1,21,121.5278407,25.1153303
113,9,16,7,35,2,08士林區,士林區中山北路6段與中山北路6段405巷口,0,0,1,2,B03,8,5,5,50,4,1,1,5,4,5,13,1,1,1,4,5,1,17,2,58,3,10,7,1,7,9,1,8,1,5,,44,,1,21,121.5278407,25.1153303
113,9,16,7,38,2,04大安區,大安區信義路4段199巷與安和路1段112巷口,0,0,1,1,B03,8,6,5,30,4,1,1,5,4,5,13,4,4,5,5,5,2,15,1,48,3,10,7,1,7,9,1,8,1,1,,80,,1,21,121.5516573,25.0338851
113,9,16,7,38,2,04大安區,大安區信義路4段199巷與安和路1段112巷口,0,0,1,2,C03,8,6,5,30,4,1,1,5,4,5,13,4,4,5,5,5,2,15,2,32,2,9,6,1,7,9,1,10,1,14,,44,,1,21,121.5516573,25.0338851
113,9,16,7,40,2,09北投區,北投區新興路158巷與中央北路3段40巷20弄口,0,0,1,1,C03,8,5,6,30,4,1,1,5,4,5,13,4,4,5,5,5,2,17,1,51,2,5,3,4,7,9,1,10,2,11,,72,,1,21,121.4859293,25.1392095
113,9,16,7,40,2,09北投區,北投區新興路158巷與中央北路3段40巷20弄口,0,0,1,2,B03,8,5,6,30,4,1,1,5,4,5,13,4,4,5,5,5,2,17,1,24,3,10,3,4,7,9,1,8,2,8,,44,,1,21,121.4859293,25.1392095
113,9,16,8,6,2,12內湖區,內湖區堤頂大道2段407巷20弄1號,0,0,2,1,C03,8,6,5,50,14,9,1,5,4,5,13,4,4,9,5,5,2,16,1,31,2,9,5,1,7,8,3,18,1,12,,9,,1,21,121.563311,25.0809779
113,9,16,8,6,2,12內湖區,內湖區堤頂大道2段407巷20弄1號,0,0,2,2,C03,8,6,5,50,14,9,1,5,4,5,13,4,4,9,5,5,2,16,1,45,2,9,5,1,7,9,1,10,1,14,,44,,1,21,121.563311,25.0809779
113,9,16,8,6,2,12內湖區,內湖區堤頂大道2段407巷20弄1號,0,0,2,3,C03,8,6,5,50,14,9,1,5,4,5,13,4,4,9,5,5,2,16,1,59,3,10,3,1,7,13,1,10,9,12,,44,,1,21,121.563311,25.0809779
113,9,16,8,10,2,04大安區,大安區延吉街與延吉街口廢鐵道口,0,0,1,1,C03,8,6,5,30,5,1,1,5,4,5,13,3,1,10,5,5,2,17,2,23,2,9,6,4,7,5,1,9,1,14,,72,,1,22,121.5538592,25.0437882
113,9,16,8,10,2,04大安區,大安區延吉街與延吉街口廢鐵道口,0,0,1,2,C03,8,6,5,30,5,1,1,5,4,5,13,3,1,10,5,5,2,17,1,48,3,10,3,4,7,9,1,9,1,12,,13,,1,22,121.5538592,25.0437882
113,9,16,8,36,2,06松山區,松山區敦化北路與民生東路3段口,0,0,3,1,C03,8,5,5,50,5,1,1,5,4,5,13,2,1,3,4,4,2,17,1,53,2,9,6,4,7,9,1,10,2,13,,100,,1,22,121.5488,25.0578047
113,9,16,8,36,2,06松山區,松山區敦化北路與民生東路3段口,0,0,3,2,C03,8,5,5,50,5,1,1,5,4,5,13,2,1,3,4,4,2,17,2,30,2,9,6,4,7,9,1,10,2,11,,44,,1,22,121.5488,25.0578047
113,9,16,8,36,2,06松山區,松山區敦化北路與民生東路3段口,0,0,3,3,H02,8,5,5,50,5,1,1,5,4,5,13,2,1,3,4,4,2,17,2,53,2,9,6,5,7,20,8,20,10,16,,67,,1,22,121.5488,25.0578047
113,9,16,8,41,2,05中正區,中正區濟南路2段16號,0,0,2,1,C03,8,6,5,50,14,9,1,5,4,5,13,4,4,9,4,5,2,16,1,46,2,9,6,1,7,5,1,10,1,12,,44,,1,22,121.5277424,25.0410419
113,9,16,8,41,2,05中正區,中正區濟南路2段16號,0,0,2,2,C03,8,6,5,50,14,9,1,5,4,5,13,4,4,9,4,5,2,16,2,38,2,9,6,1,7,9,1,10,1,11,,44,,1,22,121.5277424,25.0410419
113,9,16,8,41,2,05中正區,中正區濟南路2段16號,0,0,2,3,B03,8,6,5,50,14,9,1,5,4,5,13,4,4,9,4,5,2,16,1,49,3,10,2,1,7,9,1,8,1,3,,44,,1,22,121.5277424,25.0410419
113,9,16,8,52,2,12內湖區,內湖區基湖路3巷13號,0,0,1,1,C03,8,5,5,50,14,9,1,5,4,5,13,4,4,9,4,5,2,13,1,32,2,8,5,1,7,9,1,10,1,11,,16,,1,21,121.5663017,25.0806821
113,9,16,8,52,2,12內湖區,內湖區基湖路3巷13號,0,0,1,2,B03,8,5,5,50,14,9,1,5,4,5,13,4,4,9,4,5,2,13,1,49,3,10,7,1,7,12,1,8,1,3,,44,,1,21,121.5663017,25.0806821
113,9,16,8,52,2,12內湖區,內湖區基湖路3巷13號,0,0,1,3,B03,8,5,5,50,14,9,1,5,4,5,13,4,4,9,4,5,2,13,1,34,3,10,7,1,7,2,1,8,1,17,,12,,1,21,121.5663017,25.0806821
113,9,16,8,52,2,11南港區,南港區玉成街與玉成街140巷口,0,0,1,1,B03,8,6,5,50,3,18,1,5,4,5,13,4,4,5,5,5,2,3,1,66,3,10,3,4,7,1,1,8,1,1,,70,,1,21,121.5832554,25.0451005
113,9,16,8,52,2,11南港區,南港區玉成街與玉成街140巷口,0,0,1,2,H01,8,6,5,50,3,18,1,5,4,5,13,4,4,5,5,5,2,3,2,49,2,1,4,5,8,16,8,20,10,16,,67,,1,21,121.5832554,25.0451005
113,9,16,9,0,2,01大同區,大同區長安西路與鄭州路143巷口口,0,0,1,1,C03,8,6,5,30,3,1,1,5,4,5,13,4,4,10,5,5,2,16,1,77,2,9,5,1,7,6,3,18,2,11,,9,,1,21,121.5101097,25.0519907
113,9,16,9,0,2,01大同區,大同區長安西路與鄭州路143巷口口,0,0,1,2,B03,8,6,5,30,3,1,1,5,4,5,13,4,4,10,5,5,2,16,1,66,3,10,7,1,7,9,1,8,2,6,,44,,1,21,121.5101097,25.0519907
113,9,16,9,5,2,04大安區,大安區復興南路2段與復興南路2段193巷口,0,0,1,1,B03,8,6,5,50,4,1,1,5,4,5,10,2,1,1,4,5,2,16,1,66,3,10,7,1,7,5,1,8,1,6,,71,,1,21,121.5435349,25.0265487
113,9,16,9,5,2,04大安區,大安區復興南路2段與復興南路2段193巷口,0,0,1,2,C03,8,6,5,50,4,1,1,5,4,5,10,2,1,1,4,5,2,16,2,26,2,9,6,1,7,9,1,8,1,11,,13,,1,21,121.5435349,25.0265487
113,9,16,9,10,2,03中山區,中山區建國北路3段75巷與五常街11巷口口,0,0,1,1,C03,7,6,5,30,4,1,1,5,4,5,13,4,4,10,5,5,2,15,2,37,2,9,6,1,7,9,1,10,9,11,,87,,1,22,121.5375407,25.0652171
113,9,16,9,10,2,03中山區,中山區建國北路3段75巷與五常街11巷口口,0,0,1,2,C03,7,6,5,30,4,1,1,5,4,5,13,4,4,10,5,5,2,15,2,27,3,10,6,1,7,9,1,10,9,14,,14,,1,22,121.5375407,25.0652171
113,9,16,9,30,2,07信義區,信義區福德街與林口街口,0,0,1,1,B03,7,5,5,50,4,1,1,5,4,5,13,1,1,1,4,5,1,17,1,28,3,10,7,1,7,5,1,8,1,2,,44,,1,21,121.5791718,25.0365324
113,9,16,9,30,2,07信義區,信義區福德街與林口街口,0,0,1,2,C03,7,5,5,50,4,1,1,5,4,5,13,1,1,1,4,5,1,17,2,81,2,9,6,1,7,5,1,10,1,14,,8,,1,21,121.5791718,25.0365324
113,9,16,9,31,2,01大同區,大同區忠孝西路2段與西寧北路口,0,0,1,1,B01,8,6,5,50,4,1,1,5,4,5,13,2,1,1,4,5,2,17,1,24,3,10,7,4,7,9,1,4,1,8,,81,,1,21,121.5068348,25.0490409
113,9,16,9,31,2,01大同區,大同區忠孝西路2段與西寧北路口,0,0,1,2,C03,8,6,5,50,4,1,1,5,4,5,13,2,1,1,4,5,2,17,1,65,2,9,5,4,7,5,1,10,1,11,,97,,1,21,121.5068348,25.0490409
113,9,16,9,49,2,03中山區,中山區北安路47號,0,0,2,1,C03,8,7,5,50,14,9,1,5,4,5,13,4,4,1,4,5,2,13,2,21,2,9,5,1,7,9,1,10,1,11,,108,,1,22,121.5183568,25.04847309
113,9,16,9,49,2,03中山區,中山區北安路47號,0,0,2,2,B03,8,7,5,50,14,9,1,5,4,5,13,4,4,1,4,5,2,13,1,67,2,9,7,1,7,9,1,8,1,7,,44,,1,22,121.5183568,25.04847309
113,9,16,9,49,2,03中山區,中山區北安路47號,0,0,2,3,B03,8,7,5,50,14,9,1,5,4,5,13,4,4,1,4,5,2,13,1,66,3,10,7,1,7,9,1,8,1,5,,44,,1,22,121.5183568,25.04847309
113,9,16,10,15,2,08士林區,士林區忠誠路2段166巷29弄與天母東路8巷41弄口,0,0,1,2,B03,8,7,5,30,4,1,1,5,4,5,13,4,4,10,5,5,2,15,2,82,3,10,7,1,7,9,1,8,1,1,,14,,1,21,121.5326904,25.11589728
113,9,16,10,15,2,08士林區,士林區忠誠路2段166巷29弄與天母東路8巷41弄口,0,0,1,1,C03,8,7,5,30,4,1,1,5,4,5,13,4,4,10,5,5,2,15,2,35,2,9,5,1,7,9,1,10,1,11,,72,,1,21,121.5326904,25.11589728
113,9,16,10,18,2,04大安區,大安區基隆路3段與辛亥路3段口,0,0,1,1,B02,8,6,5,50,4,1,1,5,4,5,13,2,1,9,4,1,1,17,1,58,3,10,3,4,7,6,1,8,1,5,,9,,1,21,121.5465927,25.0188583
113,9,16,10,18,2,04大安區,大安區基隆路3段與辛亥路3段口,0,0,1,2,F02,8,6,5,50,4,1,1,5,4,5,13,2,1,9,4,1,1,17,1,18,2,8,4,4,7,9,8,20,1,12,,53,,1,21,121.5465927,25.0188583
113,9,16,10,25,2,07信義區,信義區林口街24巷25號,0,0,1,1,B03,8,6,5,50,14,9,1,5,4,5,13,4,4,10,5,5,2,17,1,47,3,10,3,1,7,15,1,8,1,4,,40,,1,21,121.5805204,25.0378291
113,9,16,10,25,2,07信義區,信義區林口街24巷25號,0,0,1,2,C03,8,6,5,50,14,9,1,5,4,5,13,4,4,10,5,5,2,17,2,45,2,9,6,1,7,9,1,10,1,11,,44,,1,21,121.5805204,25.0378291
113,9,16,10,25,2,07信義區,信義區林口街24巷25號,0,0,1,3,C03,8,6,5,50,14,9,1,5,4,5,13,4,4,10,5,5,2,17,1,64,3,10,3,1,7,13,1,10,9,14,,44,,1,21,121.5805204,25.0378291
113,9,16,10,30,2,12內湖區,(康寧路1段160號前),0,0,1,1,C03,8,6,5,50,3,1,1,5,4,5,13,4,4,5,5,5,2,17,2,71,2,8,6,1,7,11,1,10,1,11,,10,,1,21,121.5943741,25.0790905
113,9,16,10,30,2,12內湖區,(康寧路1段160號前),0,0,1,2,C03,8,6,5,50,3,1,1,5,4,5,13,4,4,5,5,5,2,17,1,46,3,10,6,1,7,9,1,10,1,14,,14,,1,21,121.5943741,25.0790905
113,9,16,10,49,2,04大安區,大安區市民大道4段210號,0,0,1,1,B01,8,5,5,40,14,9,1,5,4,5,13,4,4,1,4,5,2,16,1,45,3,10,3,4,7,7,1,4,1,4,,80,,1,21,121.5559857,25.04463148
113,9,16,10,49,2,04大安區,大安區市民大道4段210號,0,0,1,2,C03,8,5,5,40,14,9,1,5,4,5,13,4,4,1,4,5,2,16,1,39,2,8,3,4,7,9,1,9,1,12,,44,,1,21,121.5559857,25.04463148
113,9,16,11,0,2,03中山區,中山區南京東路2段137號旁,0,0,2,1,B03,8,6,5,0,14,20,1,5,4,5,13,4,4,10,5,5,2,13,1,50,3,10,3,4,7,1,1,8,1,5,,19,,1,22,121.5354823,25.05215132
113,9,16,11,0,2,03中山區,中山區南京東路2段137號旁,0,0,2,2,G06,8,6,5,0,14,20,1,5,4,5,13,4,4,10,5,5,2,13,2,41,2,8,4,1,7,9,8,20,1,16,,108,,1,22,121.5354823,25.05215132
113,9,16,11,0,2,03中山區,中山區南京東路2段137號旁,0,0,2,3,H02,8,6,5,0,14,20,1,5,4,5,13,4,4,10,5,5,2,13,2,5,2,8,4,5,7,17,8,20,10,16,,67,,1,22,121.5354823,25.05215132
113,9,16,11,6,2,03中山區,中山區中山北路4段與北安路口,0,0,1,1,C03,8,7,5,40,18,9,1,5,4,5,13,1,1,10,5,5,2,17,2,74,3,10,5,1,7,5,1,10,1,13,,42,,1,21,121.526987,25.07653575
113,9,16,11,6,2,03中山區,中山區中山北路4段與北安路口,0,0,1,2,C03,8,7,5,40,18,9,1,5,4,5,13,1,1,10,5,5,2,17,2,32,2,7,6,1,7,9,1,10,1,11,,42,,1,21,121.526987,25.07653575
113,9,16,11,7,2,08士林區,士林區承德路5段與士商路口,0,0,1,1,B03,8,5,5,50,4,1,1,5,4,5,13,2,1,3,4,3,2,17,1,48,3,10,7,1,7,6,1,8,1,17,,8,,1,21,121.5141216,25.0961173
113,9,16,11,7,2,08士林區,士林區承德路5段與士商路口,0,0,1,2,C01,8,5,5,50,4,1,1,5,4,5,13,2,1,3,4,3,2,17,1,45,2,9,5,1,7,5,1,9,1,17,,42,,1,21,121.5141216,25.0961173
113,9,16,11,10,2,06松山區,松山區民權東路5段與三民路口,0,0,1,1,C03,8,6,5,40,3,1,1,5,4,5,13,2,1,1,4,4,2,12,1,61,2,9,6,1,7,9,1,10,2,14,,42,,1,21,121.5630649,25.0627453
113,9,16,11,10,2,06松山區,松山區民權東路5段與三民路口,0,0,1,2,B03,8,6,5,40,3,1,1,5,4,5,13,2,1,1,4,4,2,12,1,42,3,10,3,4,7,9,1,8,2,2,,44,,1,21,121.5630649,25.0627453
113,9,16,11,42,2,02萬華區,萬華區長沙街2段與漢中街口,0,0,1,1,B03,8,5,8,50,22,18,1,5,4,5,13,1,1,10,5,5,2,3,1,60,4,11,3,4,7,5,7,19,11,15,,70,,2,21,121.5064136,25.040711
113,9,16,11,42,2,02萬華區,萬華區長沙街2段與漢中街口,0,0,1,2,H01,8,5,8,50,22,18,1,5,4,5,13,1,1,10,5,5,2,3,1,49,2,8,4,5,8,16,8,20,10,16,,60,,1,21,121.5064136,25.040711
113,9,16,11,45,2,09北投區,北投區磺港路78號,0,0,1,1,H01,8,6,5,0,14,9,1,5,4,5,13,4,4,5,5,5,2,3,2,54,2,9,4,5,8,16,8,20,10,16,,123,,1,21,121.5035734,25.131205
113,9,16,11,45,2,09北投區,北投區磺港路78號,0,0,1,2,C04,8,6,5,0,14,9,1,5,4,5,13,4,4,5,5,5,2,3,2,63,3,10,5,1,7,9,1,11,2,14,,108,,1,21,121.5035734,25.131205
113,9,16,12,11,2,08士林區,士林區社正路46號,0,0,1,1,C03,7,6,5,50,14,9,1,4,4,5,13,4,4,9,4,5,1,16,2,45,2,9,3,4,7,1,1,10,2,12,,19,,1,21,121.5100082,25.0889019
113,9,16,12,11,2,08士林區,士林區社正路46號,0,0,1,2,B03,7,6,5,50,14,9,1,4,4,5,13,4,4,9,4,5,1,16,2,67,3,10,3,4,7,9,1,8,2,8,,44,,1,21,121.5100082,25.0889019
113,9,16,12,17,2,10文山區,文山區興隆路1段與興隆路2段口,0,0,1,1,B01,8,6,5,50,4,2,1,5,4,5,13,2,1,1,2,5,2,13,1,41,3,10,7,1,7,9,1,1,1,1,,16,,1,21,121.5447726,24.9986655
113,9,16,12,17,2,10文山區,文山區興隆路1段與興隆路2段口,0,0,1,2,C03,8,6,5,50,4,2,1,5,4,5,13,2,1,1,2,5,2,13,1,42,2,7,5,1,7,15,1,10,1,13,,101,,1,21,121.5447726,24.9986655
113,9,16,12,21,2,04大安區,大安區羅斯福路3段與辛亥路1段口,0,0,1,1,B01,8,6,5,50,4,1,1,5,4,5,13,2,1,9,4,5,1,16,1,63,4,11,3,4,7,6,1,4,11,5,,9,,2,21,121.529491,25.0196963
113,9,16,12,21,2,04大安區,大安區羅斯福路3段與辛亥路1段口,0,0,1,2,F01,8,6,5,50,4,1,1,5,4,5,13,2,1,9,4,5,1,16,2,19,2,8,4,1,7,9,8,20,1,14,,44,,1,21,121.529491,25.0196963
113,9,16,12,24,2,03中山區,中山區新生北路3段41號,0,0,2,1,C03,8,7,5,50,14,9,1,5,4,5,13,4,4,10,4,5,2,13,2,30,2,7,6,1,7,9,1,10,1,11,,16,,1,21,121.5279812,25.06529288
113,9,16,12,24,2,03中山區,中山區新生北路3段41號,0,0,2,2,C03,8,7,5,50,14,9,1,5,4,5,13,4,4,10,4,5,2,13,1,30,2,8,6,1,7,9,1,10,1,13,,44,,1,21,121.5279812,25.06529288
113,9,16,12,58,2,02萬華區,萬華區西寧南路與開封街2段口,0,0,1,1,B12,8,7,5,50,4,1,1,5,4,5,13,2,1,9,5,5,2,17,1,31,3,10,7,1,7,5,1,8,1,2,,71,,1,21,121.5069873,25.0466021
113,9,16,12,58,2,02萬華區,萬華區西寧南路與開封街2段口,0,0,1,2,C03,8,7,5,50,4,1,1,5,4,5,13,2,1,9,5,5,2,17,1,27,2,9,5,1,7,9,1,9,1,11,,13,,1,21,121.5069873,25.0466021
113,9,16,13,5,2,09北投區,北投區中央南路1段與大興街口,0,0,1,1,C03,8,7,5,50,5,1,1,5,4,5,13,2,1,5,5,5,1,13,2,60,2,9,6,1,7,9,1,10,1,11,,16,,1,22,121.5011577,25.1308314
113,9,16,13,5,2,09北投區,北投區中央南路1段與大興街口,0,0,1,2,B12,8,7,5,50,5,1,1,5,4,5,13,2,1,5,5,5,1,13,1,29,3,10,7,1,7,9,1,8,1,3,,44,,1,22,121.5011577,25.1308314
113,9,16,13,14,2,07信義區,信義區信義路5段與松仁路口口,0,0,1,1,C03,8,5,8,50,4,1,1,5,4,5,13,1,1,1,4,5,2,17,2,23,2,8,6,1,7,6,1,10,1,12,,101,,1,22,121.5681122,25.0327852
113,9,16,13,14,2,07信義區,信義區信義路5段與松仁路口口,0,0,1,2,B03,8,5,8,50,4,1,1,5,4,5,13,1,1,1,4,5,2,17,1,68,3,10,7,1,7,9,1,8,1,8,,44,,1,22,121.5681122,25.0327852
113,9,16,13,31,2,02萬華區,萬華區中華路1段與南寧路口,0,0,1,1,C03,8,6,5,50,3,2,1,5,4,5,13,2,1,9,4,5,1,17,1,21,2,8,3,4,7,9,1,10,1,11,,16,,1,22,121.506375,25.0374524
113,9,16,13,31,2,02萬華區,萬華區中華路1段與南寧路口,0,0,1,2,B03,8,6,5,50,3,2,1,5,4,5,13,2,1,9,4,5,1,17,1,64,3,10,3,4,7,9,1,8,1,3,,44,,1,22,121.506375,25.0374524
113,9,16,13,51,2,04大安區,大安區仁愛路4段151巷與忠孝東路4段216巷32弄口,0,0,1,1,C03,8,6,5,30,4,1,1,5,4,5,13,4,4,10,5,5,2,15,1,25,2,8,6,1,7,9,1,10,1,12,,75,,1,21,121.5517874,25.0399034
113,9,16,13,51,2,04大安區,大安區仁愛路4段151巷與忠孝東路4段216巷32弄口,0,0,1,2,B03,8,6,5,30,4,1,1,5,4,5,13,4,4,10,5,5,2,15,1,28,3,10,7,1,7,9,1,8,1,1,,44,,1,21,121.5517874,25.0399034
113,9,16,14,17,2,10文山區,文山區景豐街31巷與景豐街37巷7弄口,0,0,1,1,C03,8,6,5,30,4,1,1,5,4,5,13,4,4,10,5,5,2,15,2,60,2,5,5,1,7,9,1,10,1,12,,75,,1,21,121.5454901,25.0000016
113,9,16,14,17,2,10文山區,文山區景豐街31巷與景豐街37巷7弄口,0,0,1,2,B12,8,6,5,30,4,1,1,5,4,5,13,4,4,10,5,5,2,15,1,32,3,10,7,1,7,9,1,8,1,8,,14,,1,21,121.5454901,25.0000016
113,9,16,14,37,2,02萬華區,萬華區康定路與廣州街口,0,0,1,1,B12,7,7,5,50,4,1,1,5,4,5,13,1,1,9,4,5,2,16,2,73,3,10,7,1,7,5,1,8,1,5,,44,,1,21,121.5014376,25.0367044
113,9,16,14,37,2,02萬華區,萬華區康定路與廣州街口,0,0,1,2,C03,7,7,5,50,4,1,1,5,4,5,13,1,1,9,4,5,2,16,2,28,2,7,5,1,7,9,1,10,1,11,,44,,1,21,121.5014376,25.0367044
113,9,16,14,42,2,08士林區,士林區中山北路5段與中正路口,0,0,1,1,B03,8,6,5,50,4,1,1,5,4,5,13,2,1,5,4,5,2,16,1,65,3,10,7,1,7,6,1,8,1,5,,85,,1,21,121.52805,25.0957042
113,9,16,14,42,2,08士林區,士林區中山北路5段與中正路口,0,0,1,2,C03,8,6,5,50,4,1,1,5,4,5,13,2,1,5,4,5,2,16,1,48,2,9,6,1,7,9,1,10,1,14,,44,,1,21,121.52805,25.0957042
113,9,16,15,0,2,05中正區,中正區中華路2段與西藏路口,0,0,1,1,B03,8,7,5,30,4,2,1,5,4,5,13,1,1,1,4,5,2,2,1,46,3,10,7,1,7,9,1,8,2,5,,108,,1,21,121.5045148,25.0300758
113,9,16,15,0,2,05中正區,中正區中華路2段與西藏路口,0,0,1,2,H01,8,7,5,30,4,2,1,5,4,5,13,1,1,1,4,5,2,2,1,66,2,9,4,5,8,16,8,20,10,16,,60,,1,21,121.5045148,25.0300758
113,9,16,15,2,2,12內湖區,內湖區康寧路1段57號,0,0,1,1,B03,7,6,5,30,14,9,1,5,4,5,13,4,4,9,5,5,2,16,1,47,3,10,7,1,7,1,1,8,1,8,,19,,1,21,121.5921703,25.08016768
113,9,16,15,2,2,12內湖區,內湖區康寧路1段57號,0,0,1,2,C03,7,6,5,30,14,9,1,5,4,5,13,4,4,9,5,5,2,16,2,26,2,9,5,1,7,6,1,10,9,12,,17,,1,21,121.5921703,25.08016768
113,9,16,15,10,2,04大安區,大安區復興南路2段與瑞安街23巷口口,0,0,1,1,B12,8,6,5,50,4,1,1,5,4,5,13,2,1,1,4,5,2,16,1,26,3,10,3,4,7,5,1,8,1,6,,71,,1,22,121.5439446,25.031002
113,9,16,15,10,2,04大安區,大安區復興南路2段與瑞安街23巷口口,0,0,1,2,C03,8,6,5,50,4,1,1,5,4,5,13,2,1,1,4,5,2,16,1,21,2,9,3,4,7,9,1,10,1,11,,13,,1,22,121.5439446,25.031002
113,9,16,15,18,2,06松山區,松山區八德路3段25號,0,0,1,1,C03,8,7,5,50,14,9,1,5,4,5,13,4,4,9,4,5,2,17,1,51,2,7,5,1,7,9,1,10,1,14,,17,,1,21,121.5522207,25.0482336