發生年度,發生月,發生日,發生時-Hours,發生分,處理別-編號,區序,肇事地點,死亡人數,2-30日死亡人數,受傷人數,當事人序號,車種,天候,道路照明設備,道路類別,速限-速度限制,道路型態,事故位置,路面狀況1,路面狀況2,路面狀況3,道路障礙1,道路障礙2,號誌1,號誌2,車道劃分-分向,車道劃分-分道1,車道劃分-分道2,車道劃分-分道3,事故類型及型態,性別,年齡,受傷程度,主要傷處,保護裝置,行動電話,車輛用途,當事者行動狀態,駕駛資格情形,駕駛執照種類,飲酒情形,車輛撞擊部位1,車輛撞擊部位2,肇因碼-個別,肇因碼-主要,個人肇逃否,職業,座標-X,座標-Y
113,9,16,15,18,2,06松山區,松山區八德路3段25號,0,0,1,2,B03,8,7,5,50,14,9,1,5,4,5,13,4,4,9,4,5,2,17,1,47,3,10,2,1,7,9,1,8,1,2,,44,,1,21,121.5522207,25.0482336
113,9,16,15,20,2,12內湖區,內湖區星雲街15巷與星雲街無名巷口,0,0,1,1,C03,7,7,5,30,4,1,1,5,4,5,13,4,4,10,5,5,2,15,1,34,2,7,5,1,7,9,3,18,1,11,,72,,1,21,121.5902485,25.07882742
113,9,16,15,20,2,12內湖區,內湖區星雲街15巷與星雲街無名巷口,0,0,1,2,B03,7,7,5,30,4,1,1,5,4,5,13,4,4,10,5,5,2,15,1,62,3,10,7,1,7,9,1,8,1,5,,107,,1,21,121.5902485,25.07882742
113,9,16,15,45,2,08士林區,士林區承德路5段與通河東街2段口,0,0,1,1,C03,7,6,5,50,4,2,2,5,4,5,13,1,1,1,4,4,2,18,1,68,2,9,5,1,7,9,3,18,2,15,,42,,1,22,121.5138,25.0958908
113,9,16,15,45,2,08士林區,士林區承德路5段與通河東街2段口,0,0,1,2,,7,6,5,50,4,2,2,5,4,5,13,1,1,1,4,4,2,18,3,0,,,,,,,,,,,,67,,1,,121.5138,25.0958908
113,9,16,16,35,2,04大安區,大安區市民大道4段與敦化南路1段口,0,0,2,1,B03,8,6,5,40,4,1,1,5,4,5,13,2,1,10,5,5,1,16,1,57,3,10,3,4,7,5,1,8,1,4,,71,,1,21,121.5489126,25.0447813
113,9,16,16,35,2,04大安區,大安區市民大道4段與敦化南路1段口,0,0,2,2,C03,8,6,5,40,4,1,1,5,4,5,13,2,1,10,5,5,1,16,1,22,2,7,5,1,7,9,1,10,1,12,,44,,1,21,121.5489126,25.0447813
113,9,16,16,35,2,04大安區,大安區市民大道4段與敦化南路1段口,0,0,2,3,H02,8,6,5,40,4,1,1,5,4,5,13,2,1,10,5,5,1,16,2,24,2,8,4,5,7,20,8,20,10,16,,67,,1,21,121.5489126,25.0447813
113,9,16,16,40,2,03中山區,中山區濱江街無名巷,0,0,1,1,B01,8,7,5,50,14,9,1,5,4,5,13,4,4,1,4,5,2,16,1,62,3,10,7,1,7,6,1,4,1,5,,9,,1,22,121.5183568,25.04847309
113,9,16,16,40,2,03中山區,中山區濱江街無名巷,0,0,1,2,C03,8,7,5,50,14,9,1,5,4,5,13,4,4,1,4,5,2,16,1,19,2,9,5,1,7,9,1,10,1,14,,108,,1,22,121.5183568,25.04847309
113,9,16,17,1,2,10文山區,文山區木柵路4段與萬芳路口（小路）,0,0,2,1,C03,8,6,5,50,3,1,1,5,4,5,13,4,4,10,5,5,2,17,1,31,2,8,3,4,7,5,1,10,2,12,,74,,1,22,121.5715924,24.9943305
113,9,16,17,1,2,10文山區,文山區木柵路4段與萬芳路口（小路）,0,0,2,2,C03,8,6,5,50,3,1,1,5,4,5,13,4,4,10,5,5,2,17,1,20,2,9,3,4,7,9,1,10,2,11,,42,,1,22,121.5715924,24.9943305
113,9,16,17,3,2,02萬華區,萬華區武昌街2段與漢口街2段90巷口,0,0,1,1,C03,8,5,5,30,4,1,1,5,4,5,13,4,4,10,5,5,2,17,1,53,3,10,5,4,7,9,1,10,1,17,,80,,1,21,121.5040892,25.04535405
113,9,16,17,3,2,02萬華區,萬華區武昌街2段與漢口街2段90巷口,0,0,1,2,C03,8,5,5,30,4,1,1,5,4,5,13,4,4,10,5,5,2,17,1,25,2,9,5,4,7,9,1,10,1,14,,14,,1,21,121.5040892,25.04535405
113,9,16,17,4,2,04大安區,大安區市民大道3段與八德路2段口口,0,0,1,1,B03,8,6,5,40,4,1,1,5,4,5,13,2,1,1,4,5,2,16,1,18,3,10,3,4,7,6,1,8,1,6,,80,,1,22,121.5337641,25.0450507
113,9,16,17,4,2,04大安區,大安區市民大道3段與八德路2段口口,0,0,1,2,C03,8,6,5,40,4,1,1,5,4,5,13,2,1,1,4,5,2,16,2,62,2,9,3,4,7,9,1,10,1,14,,44,,1,22,121.5337641,25.0450507
113,9,16,17,22,2,05中正區,中正區重慶南路3段與汀州路2段口,0,0,3,4,H02,8,7,5,50,4,1,1,5,4,5,13,2,1,1,4,5,2,13,2,25,4,11,5,5,7,20,8,20,10,16,,67,,1,21,121.5162415,25.0259986
113,9,16,17,22,2,05中正區,中正區重慶南路3段與汀州路2段口,0,0,3,1,C03,8,7,5,50,4,1,1,5,4,5,13,2,1,1,4,5,2,13,1,23,2,7,5,4,7,9,1,10,2,11,,108,,1,21,121.5162415,25.0259986
113,9,16,17,22,2,05中正區,中正區重慶南路3段與汀州路2段口,0,0,3,2,C03,8,7,5,50,4,1,1,5,4,5,13,2,1,1,4,5,2,13,2,26,2,9,5,4,7,9,1,10,2,13,,44,,1,21,121.5162415,25.0259986
113,9,16,17,22,2,05中正區,中正區重慶南路3段與汀州路2段口,0,0,3,3,C03,8,7,5,50,4,1,1,5,4,5,13,2,1,1,4,5,2,13,2,33,2,9,5,4,7,14,1,10,2,14,,44,,1,21,121.5162415,25.0259986
113,9,16,17,55,2,08士林區,士林區文林路與貴富街口,0,0,2,1,F02,7,6,5,50,14,9,1,5,4,5,13,4,4,5,5,5,2,17,1,16,2,9,4,1,7,15,8,20,2,13,,116,,1,22,121.5243022,25.0963537
113,9,16,17,55,2,08士林區,士林區文林路與貴富街口,0,0,2,2,C03,7,6,5,50,14,9,1,5,4,5,13,4,4,5,5,5,2,17,2,35,2,9,6,1,7,9,1,10,2,11,,44,,1,22,121.5243022,25.0963537
113,9,16,18,24,2,08士林區,士林區福志路19號與福志路14巷口,0,0,2,1,C03,7,5,5,40,3,1,1,5,4,5,13,4,4,9,5,5,1,3,2,19,2,9,6,1,7,9,1,10,2,14,,42,,1,22,121.5316237,25.0984379
113,9,16,18,24,2,08士林區,士林區福志路19號與福志路14巷口,0,0,2,2,H01,7,5,5,40,3,1,1,5,4,5,13,4,4,9,5,5,1,3,1,65,2,9,4,5,8,16,8,20,10,16,,121,,1,22,121.5316237,25.0984379
113,9,16,19,50,2,08士林區,文林路170號,0,0,1,1,B03,8,5,5,50,3,2,1,5,4,5,13,4,4,5,5,5,2,13,1,33,3,10,3,4,7,9,1,8,1,1,,14,,1,21,121.5268953,25.0894573
113,9,16,19,50,2,08士林區,文林路170號,0,0,1,2,C03,8,5,5,50,3,2,1,5,4,5,13,4,4,5,5,5,2,13,1,20,2,9,3,4,7,14,1,10,1,13,,44,,1,21,121.5268953,25.0894573
113,9,16,19,50,2,07信義區,信義區忠孝東路5段與基隆路1段口,0,0,2,1,C03,8,5,5,50,4,1,1,5,4,5,13,2,1,3,4,5,2,16,1,19,2,7,6,1,7,5,1,10,2,14,,96,,1,21,121.5645511,25.0410851
113,9,16,19,50,2,07信義區,信義區忠孝東路5段與基隆路1段口,0,0,2,2,C03,8,5,5,50,4,1,1,5,4,5,13,2,1,3,4,5,2,16,2,33,2,9,6,1,7,9,1,10,2,12,,44,,1,21,121.5645511,25.0410851
113,9,16,20,0,2,03中山區,中山區民生東路1段與民生東路1段27巷口,0,0,1,1,B03,8,5,5,30,3,2,1,5,4,5,13,4,4,9,4,5,2,16,1,55,3,10,7,4,7,5,1,8,2,5,,99,,1,22,121.5250532,25.0580609
113,9,16,20,0,2,03中山區,中山區民生東路1段與民生東路1段27巷口,0,0,1,2,B01,8,5,5,30,3,2,1,5,4,5,13,4,4,9,4,5,2,16,1,62,2,2,3,4,7,9,1,4,2,8,,44,,1,22,121.5250532,25.0580609
113,9,16,20,12,2,09北投區,北投區建民路與明德路113巷口,0,0,2,1,C03,8,5,5,50,4,1,1,5,4,5,13,4,4,10,5,5,2,15,2,45,2,7,5,1,7,9,1,10,1,11,,72,,1,21,121.5192882,25.1104317
113,9,16,20,12,2,09北投區,北投區建民路與明德路113巷口,0,0,2,2,C03,8,5,5,50,4,1,1,5,4,5,13,4,4,10,5,5,2,15,1,19,2,8,6,1,7,9,1,10,1,11,,44,,1,21,121.5192882,25.1104317
113,9,16,20,28,2,02萬華區,萬華區東園街與東園街28巷口,0,0,1,1,C03,7,5,5,30,3,1,1,5,4,5,13,4,4,5,2,5,2,17,2,48,2,9,6,1,7,5,1,10,1,12,,72,,1,21,121.4958418,25.0272793
113,9,16,20,28,2,02萬華區,萬華區東園街與東園街28巷口,0,0,1,2,B03,7,5,5,30,3,1,1,5,4,5,13,4,4,5,2,5,2,17,1,53,3,10,7,1,7,9,1,8,1,8,,44,,1,21,121.4958418,25.0272793
113,9,16,20,28,2,02萬華區,萬華區東園街與東園街28巷口,0,0,1,3,B03,7,5,5,30,3,1,1,5,4,5,13,4,4,5,2,5,2,17,1,46,3,10,7,1,7,14,1,4,1,8,,38,,1,21,121.4958418,25.0272793
113,9,16,20,48,2,07信義區,信義區林口街與松山路615巷口,0,0,2,1,B01,8,5,8,30,4,1,1,5,4,5,13,4,4,10,4,5,1,15,2,59,3,10,3,4,7,9,1,4,1,1,,14,,1,21,121.5791905,25.0368642
113,9,16,20,48,2,07信義區,信義區林口街與松山路615巷口,0,0,2,2,C03,8,5,8,30,4,1,1,5,4,5,13,4,4,10,4,5,1,15,2,28,2,8,3,4,7,9,1,10,1,12,,44,,1,21,121.5791905,25.0368642
113,9,16,20,48,2,07信義區,信義區林口街與松山路615巷口,0,0,2,3,H02,8,5,8,30,4,1,1,5,4,5,13,4,4,10,4,5,1,15,2,28,2,8,3,5,7,20,8,20,10,16,,67,,1,21,121.5791905,25.0368642
113,9,16,20,50,2,03中山區,中山區市民大道3段與八德路2段88巷口,0,0,1,1,B03,8,5,5,40,3,2,1,5,4,5,13,4,4,9,4,5,2,17,1,23,3,10,7,1,7,6,1,8,1,2,,42,,1,21,121.5360409,25.04495483
113,9,16,20,50,2,03中山區,中山區市民大道3段與八德路2段88巷口,0,0,1,2,C03,8,5,5,40,3,2,1,5,4,5,13,4,4,9,4,5,2,17,1,31,2,7,6,1,7,9,1,10,1,11,,105,,1,21,121.5360409,25.04495483
113,9,16,21,1,2,08士林區,士林區劍潭路與基河路口,0,0,1,1,B03,8,5,5,50,4,2,1,5,4,5,13,2,1,3,4,5,2,17,1,80,2,1,3,4,7,6,1,8,1,4,,80,,1,21,121.524795,25.0844951
113,9,16,21,1,2,08士林區,士林區劍潭路與基河路口,0,0,1,2,B01,8,5,5,50,4,2,1,5,4,5,13,2,1,3,4,5,2,17,1,62,3,10,3,4,7,5,1,4,1,5,,44,,1,21,121.524795,25.0844951
113,9,16,21,10,2,05中正區,中正區林森南路55號,0,0,1,1,C03,8,5,5,50,14,7,1,5,4,5,13,1,1,4,3,5,2,17,1,31,2,9,5,1,7,10,1,10,2,12,,97,,1,26,121.5220128,25.0402163
113,9,16,21,10,2,05中正區,中正區林森南路55號,0,0,1,2,C03,8,5,5,50,14,7,1,5,4,5,13,1,1,4,3,5,2,17,1,45,3,10,5,1,7,7,1,10,2,17,,100,,1,26,121.5220128,25.0402163
113,9,16,21,11,2,03中山區,中山區復興北路與南京東路3段口,0,0,1,1,B03,8,5,5,50,4,1,1,5,4,5,13,2,1,1,4,5,2,17,1,30,3,10,7,4,7,7,1,2,1,3,,17,,1,22,121.5439878,25.0518678
113,9,16,21,11,2,03中山區,中山區復興北路與南京東路3段口,0,0,1,2,C03,8,5,5,50,4,1,1,5,4,5,13,2,1,1,4,5,2,17,1,47,2,7,3,4,7,9,1,10,1,11,,97,,1,21,121.5439878,25.0518678
113,9,16,21,13,2,04大安區,大安區和平東路3段228巷8號,0,0,2,1,C03,8,5,5,50,14,9,1,5,4,5,13,4,4,9,4,5,2,13,2,22,2,9,3,4,7,9,1,10,1,11,,108,,1,21,121.5542972,25.022037
113,9,16,21,13,2,04大安區,大安區和平東路3段228巷8號,0,0,2,2,C03,8,5,5,50,14,9,1,5,4,5,13,4,4,9,4,5,2,13,2,27,2,9,3,4,7,15,1,10,1,13,,44,,1,21,121.5542972,25.022037
113,9,16,21,30,2,10文山區,文山區木柵路1段191巷與木柵路1段口,0,0,1,1,B03,7,5,5,50,3,1,1,4,4,5,13,2,1,10,5,5,1,17,1,51,3,10,7,1,7,5,1,8,1,8,,71,,1,21,121.551224,24.987711
113,9,16,21,30,2,10文山區,文山區木柵路1段191巷與木柵路1段口,0,0,1,2,F01,7,5,5,50,3,1,1,4,4,5,13,2,1,10,5,5,1,17,1,73,2,9,4,1,7,9,8,20,1,14,,44,,1,21,121.551224,24.987711
113,9,16,22,5,2,03中山區,中山區大佳河濱公園內靠10號水門,0,0,1,1,F01,8,6,5,0,14,23,1,5,4,5,13,4,4,9,5,5,2,17,1,40,2,9,4,1,7,8,8,20,1,14,,5,,1,21,121.5338773,25.0755064
113,9,16,22,5,2,03中山區,中山區大佳河濱公園內靠10號水門,0,0,1,2,F01,8,6,5,0,14,23,1,5,4,5,13,4,4,9,5,5,2,17,2,39,3,10,4,1,7,9,8,20,1,17,,44,,1,21,121.5338773,25.0755064
113,9,16,22,35,2,04大安區,大安區通化街與通化街98巷口交叉口附近,0,0,2,1,F01,7,5,5,50,4,2,1,5,4,5,13,4,4,4,3,5,1,16,2,39,2,8,4,1,7,5,8,20,1,14,,8,,1,21,121.5540618,25.0296952
113,9,16,22,35,2,04大安區,大安區通化街與通化街98巷口交叉口附近,0,0,2,2,C03,7,5,5,50,4,2,1,5,4,5,13,4,4,4,3,5,1,16,2,60,2,9,5,1,7,9,1,10,1,11,,44,,1,21,121.5540618,25.0296952
113,9,16,22,45,2,10文山區,文山區木柵路5段43巷(南往北第19區告示牌旁）,0,0,1,1,C03,6,5,5,30,14,9,1,4,4,5,13,4,4,5,5,5,1,18,1,61,2,9,5,1,7,9,1,10,1,12,,116,,1,21,121.5857994,25.0090229
113,9,16,22,45,2,10文山區,文山區木柵路5段43巷(南往北第19區告示牌旁）,0,0,1,2,,6,5,5,30,14,9,1,4,4,5,13,4,4,5,5,5,1,18,3,0,,,,,,,,,,,,67,,1,,121.5857994,25.0090229
113,9,17,0,1,2,01大同區,大同區環河快速道路與酒泉街口,0,0,1,1,B03,8,5,5,50,3,2,1,5,4,5,13,1,1,1,4,5,2,17,2,39,3,10,3,4,7,5,1,8,2,2,,85,,1,21,121.5092313,25.07212591
113,9,17,0,1,2,01大同區,大同區環河快速道路與酒泉街口,0,0,1,2,C02,8,5,5,50,3,2,1,5,4,5,13,1,1,1,4,5,2,17,1,29,2,7,3,4,7,9,1,9,2,11,,44,,1,21,121.5092313,25.07212591
113,9,17,0,44,2,05中正區,中正區重慶南路3段與重慶南路3段132巷口,0,0,1,1,C03,8,5,5,30,3,1,1,5,4,5,13,1,1,3,4,5,2,23,1,26,2,9,5,1,7,9,1,10,5,11,,107,,1,21,121.5168904,25.0240187
113,9,17,0,44,2,05中正區,中正區重慶南路3段與重慶南路3段132巷口,0,0,1,2,,8,5,5,30,3,1,1,5,4,5,13,1,1,3,4,5,2,23,3,,,,,,,,,,,,,44,,1,,121.5168904,25.0240187
113,9,17,1,12,2,10文山區,文山區木柵路5段43巷電桿28號對面,0,0,1,1,C03,6,5,5,30,11,9,1,4,4,4,13,4,4,5,5,5,2,18,2,26,2,9,5,1,7,9,1,10,1,14,,44,,1,21,121.5892497,24.9993362
113,9,17,1,12,2,10文山區,文山區木柵路5段43巷電桿28號對面,0,0,1,2,,6,5,5,30,11,9,1,4,4,4,13,4,4,5,5,5,2,18,3,38,,,,,,,,,,,,35,,1,,121.5892497,24.9993362
113,9,17,1,57,2,03中山區,中山區錦州街32號,0,0,1,1,C03,7,5,5,50,14,9,1,5,4,5,13,4,4,9,5,5,2,16,1,25,2,7,3,1,7,5,1,10,1,12,,8,,1,22,121.5249358,25.0602892
113,9,17,1,57,2,03中山區,中山區錦州街32號,0,0,1,2,B03,7,5,5,50,14,9,1,5,4,5,13,4,4,9,5,5,2,16,2,36,3,10,7,1,7,9,1,8,1,5,,44,,1,22,121.5249358,25.0602892
113,9,17,1,57,2,03中山區,中山區錦州街32號,0,0,1,3,C03,7,5,5,50,14,9,1,5,4,5,13,4,4,9,5,5,2,16,3,0,,,,,,,,,,,,67,,1,,121.5249358,25.0602892
113,9,17,1,57,2,03中山區,中山區錦州街32號,0,0,1,4,C03,7,5,5,50,14,9,1,5,4,5,13,4,4,9,5,5,2,16,3,0,,,,,,,,,,,,67,,1,,121.5249358,25.0602892
113,9,17,1,57,2,03中山區,中山區錦州街32號,0,0,1,5,C03,7,5,5,50,14,9,1,5,4,5,13,4,4,9,5,5,2,16,3,0,,,,,,,,,,,,67,,1,,121.5249358,25.0602892
113,9,17,1,57,2,03中山區,中山區錦州街32號,0,0,1,6,C03,7,5,5,50,14,9,1,5,4,5,13,4,4,9,5,5,2,16,3,57,,,,,,,,,,,,67,,1,,121.5249358,25.0602892
113,9,17,1,57,2,03中山區,中山區錦州街32號,0,0,1,7,C04,7,5,5,50,14,9,1,5,4,5,13,4,4,9,5,5,2,16,3,0,,,,,,,,,,,,67,,1,,121.5249358,25.0602892
113,9,17,1,57,2,03中山區,中山區錦州街32號,0,0,1,8,C03,7,5,5,50,14,9,1,5,4,5,13,4,4,9,5,5,2,16,1,43,3,10,3,1,7,13,1,10,9,14,,44,,1,22,121.5249358,25.0602892
113,9,17,3,11,2,03中山區,中山區新生北路2段62巷與新生北路口側附近2段68巷13弄口,0,0,1,1,B01,6,6,5,30,4,1,1,4,4,5,13,4,4,10,5,5,2,15,1,65,3,10,7,1,7,9,1,4,1,2,,72,,1,21,121.5264028,25.0561919
113,9,17,3,11,2,03中山區,中山區新生北路2段62巷與新生北路口側附近2段68巷13弄口,0,0,1,2,C03,6,6,5,30,4,1,1,4,4,5,13,4,4,10,5,5,2,15,1,35,2,9,5,1,7,9,1,10,1,11,,108,,1,21,121.5264028,25.0561919
113,9,17,3,12,2,05中正區,中正區仁愛路1段與林森南路口,0,0,1,2,C04,6,5,5,50,4,2,1,4,4,5,13,1,1,4,4,5,1,17,1,24,2,9,5,1,7,12,1,8,9,17,,44,,1,21,121.5215591,25.0389313
113,9,17,3,12,2,05中正區,中正區仁愛路1段與林森南路口,0,0,1,1,B03,6,5,5,50,4,2,1,4,4,5,13,1,1,4,4,5,1,17,1,46,4,11,3,4,7,6,1,8,11,15,,44,,1,22,121.5215591,25.0389313
113,9,17,6,38,2,08士林區,士林區通河西街2段與社中街156巷24弄口,0,0,1,1,B03,8,6,5,30,3,1,1,5,4,5,13,4,4,8,5,5,1,14,1,47,3,10,7,1,7,2,1,8,2,3,,12,,1,21,121.5104474,25.0914605
113,9,17,6,38,2,08士林區,士林區通河西街2段與社中街156巷24弄口,0,0,1,2,C03,8,6,5,30,3,1,1,5,4,5,13,4,4,8,5,5,1,14,2,29,2,9,5,1,7,9,1,10,2,12,,44,,1,21,121.5104474,25.0914605
113,9,17,7,28,2,02萬華區,萬華區西園路2段261巷與寶興街80巷口,0,0,2,1,C03,8,6,5,30,4,1,1,5,4,5,13,4,4,10,5,5,2,15,2,45,2,9,3,4,7,9,1,10,1,12,,75,,1,21,121.4932543,25.0251347
113,9,17,7,28,2,02萬華區,萬華區西園路2段261巷與寶興街80巷口,0,0,2,2,C03,8,6,5,30,4,1,1,5,4,5,13,4,4,10,5,5,2,15,1,44,2,8,3,4,7,9,1,10,1,11,,13,,1,21,121.4932543,25.0251347
113,9,17,8,32,2,01大同區,大同區安西街與迪化街1段307巷口,0,0,1,1,F01,8,5,5,30,4,1,1,5,4,5,13,4,4,9,5,5,1,17,2,63,2,9,4,1,7,9,8,20,1,11,,89,,1,21,121.5097695,25.0620743
113,9,17,8,32,2,01大同區,大同區安西街與迪化街1段307巷口,0,0,1,2,C03,8,5,5,30,4,1,1,5,4,5,13,4,4,9,5,5,1,17,1,78,3,10,5,1,7,9,3,18,1,12,,44,,1,21,121.5097695,25.0620743
113,9,17,9,26,2,12內湖區,內湖區麥帥一橋與麥帥一橋口西往東機車道與堤頂大道1段口,0,0,4,1,C03,8,6,5,40,5,2,1,5,4,5,13,2,1,10,5,5,2,13,1,21,3,10,5,1,7,9,1,10,1,11,,16,,1,21,121.5765782,25.0542516
113,9,17,9,26,2,12內湖區,內湖區麥帥一橋與麥帥一橋口西往東機車道與堤頂大道1段口,0,0,4,2,C03,8,6,5,40,5,2,1,5,4,5,13,2,1,10,5,5,2,13,1,51,2,7,5,1,7,12,1,10,1,13,,32,,1,21,121.5765782,25.0542516
113,9,17,9,26,2,12內湖區,內湖區麥帥一橋與麥帥一橋口西往東機車道與堤頂大道1段口,0,0,4,3,H02,8,6,5,40,5,2,1,5,4,5,13,2,1,10,5,5,2,13,2,44,2,8,5,5,7,21,8,20,10,16,,67,,1,21,121.5765782,25.0542516
113,9,17,9,26,2,12內湖區,內湖區麥帥一橋與麥帥一橋口西往東機車道與堤頂大道1段口,0,0,4,4,H02,8,6,5,40,5,2,1,5,4,5,13,2,1,10,5,5,2,13,2,7,2,8,5,5,7,21,8,20,10,16,,67,,1,21,121.5765782,25.0542516
113,9,17,9,26,2,12內湖區,內湖區麥帥一橋與麥帥一橋口西往東機車道與堤頂大道1段口,0,0,4,5,H02,8,6,5,40,5,2,1,5,4,5,13,2,1,10,5,5,2,13,2,5,2,8,5,5,7,21,8,20,10,16,,67,,1,21,121.5765782,25.0542516
113,9,17,9,45,2,10文山區,文山區木柵路4段20-1號,0,0,1,1,B03,8,7,5,0,14,20,1,5,4,5,13,4,4,10,5,5,2,9,1,42,3,10,7,1,7,6,6,8,1,1,,117,,1,21,121.5728161,24.9965029
113,9,17,9,45,2,10文山區,文山區木柵路4段20-1號,0,0,1,2,H01,8,7,5,0,14,20,1,5,4,5,13,4,4,10,5,5,2,9,2,64,2,9,4,5,8,16,8,20,10,16,,67,,1,21,121.5728161,24.9965029
113,9,17,10,8,2,07信義區,信義區信義路6段100號,0,0,1,1,B03,8,6,5,50,14,9,1,5,4,5,13,4,4,4,3,5,2,12,1,62,3,10,3,4,7,1,1,8,1,8,,19,,1,21,121.5776265,25.0358602
113,9,17,10,8,2,07信義區,信義區信義路6段100號,0,0,1,2,C03,8,6,5,50,14,9,1,5,4,5,13,4,4,4,3,5,2,12,1,62,2,9,5,1,7,7,1,10,1,12,,44,,1,21,121.5776265,25.0358602
113,9,17,10,17,2,07信義區,信義區吳興街156巷與吳興街156巷7弄口,0,0,1,1,B01,8,7,5,30,14,9,1,5,4,5,13,4,4,9,5,5,2,16,1,63,3,10,3,4,7,5,1,4,1,8,,71,,1,21,121.5614563,25.0289858
113,9,17,10,17,2,07信義區,信義區吳興街156巷與吳興街156巷7弄口,0,0,1,2,C03,8,7,5,30,14,9,1,5,4,5,13,4,4,9,5,5,2,16,1,41,2,9,6,4,7,9,1,10,1,14,,14,,1,21,121.5614563,25.0289858
113,9,17,11,23,2,05中正區,中正區羅斯福路1段與金華街口,0,0,1,1,B01,8,6,5,50,3,1,1,5,4,5,13,4,4,3,4,4,2,17,1,28,3,10,7,1,7,8,1,4,2,5,,100,,1,21,121.5186651,25.032364
113,9,17,11,23,2,05中正區,中正區羅斯福路1段與金華街口,0,0,1,2,C04,8,6,5,50,3,1,1,5,4,5,13,4,4,3,4,4,2,17,2,26,2,9,5,1,7,9,1,10,2,11,,108,,1,21,121.5186651,25.032364
113,9,17,11,23,2,05中正區,中正區羅斯福路1段與金華街口,0,0,1,3,H02,8,6,5,50,3,1,1,5,4,5,13,4,4,3,4,4,2,17,2,25,4,11,5,5,7,20,8,20,10,16,,67,,1,21,121.5186651,25.032364
113,9,17,11,52,2,02萬華區,萬華區環河南路2段與長順街口,0,0,1,1,C03,8,7,5,50,4,2,1,5,4,5,13,1,1,1,5,5,2,17,2,30,2,9,5,1,7,1,1,10,1,11,,19,,1,21,121.4906457,25.0313
113,9,17,11,52,2,02萬華區,萬華區環河南路2段與長順街口,0,0,1,2,B01,8,7,5,50,4,2,1,5,4,5,13,1,1,1,5,5,2,17,2,34,3,10,7,1,7,9,1,4,1,2,,44,,1,21,121.4906457,25.0313
113,9,17,12,0,2,03中山區,中山區中山北路1段與市民大道2段口,0,0,4,1,C03,8,5,5,50,4,1,1,5,4,5,13,1,1,1,4,5,2,13,1,46,2,9,5,1,7,9,1,10,1,11,,108,,1,22,121.5209393,25.04817273
113,9,17,12,0,2,03中山區,中山區中山北路1段與市民大道2段口,0,0,4,2,C04,8,5,5,50,4,1,1,5,4,5,13,1,1,1,4,5,2,13,2,48,2,9,5,1,7,9,1,21,1,13,,44,,1,22,121.5209393,25.04817273
113,9,17,12,0,2,03中山區,中山區中山北路1段與市民大道2段口,0,0,4,3,C03,8,5,5,50,4,1,1,5,4,5,13,1,1,1,4,5,2,13,1,43,3,10,6,1,7,14,1,10,1,13,,44,,1,22,121.5209393,25.04817273
113,9,17,12,0,2,03中山區,中山區中山北路1段與市民大道2段口,0,0,4,4,H02,8,5,5,50,4,1,1,5,4,5,13,1,1,1,4,5,2,13,2,47,2,9,6,5,7,17,8,20,10,16,,67,,1,22,121.5209393,25.04817273
113,9,17,12,0,2,03中山區,中山區中山北路1段與市民大道2段口,0,0,4,5,H02,8,5,5,50,4,1,1,5,4,5,13,1,1,1,4,5,2,13,2,16,2,8,6,5,7,17,8,20,10,16,,67,,1,22,121.5209393,25.04817273
113,9,17,12,5,2,04大安區,大安區和平東路2段與瑞安街口,0,0,1,1,A02,8,6,5,50,14,9,1,5,4,5,13,1,1,1,4,5,2,9,1,56,3,10,3,4,7,1,1,2,2,17,,44,,1,21,121.5390324,25.0255942
113,9,17,12,5,2,04大安區,大安區和平東路2段與瑞安街口,0,0,1,2,H02,8,6,5,50,14,9,1,5,4,5,13,1,1,1,4,5,2,9,2,58,2,1,3,5,7,20,8,20,10,17,,67,,1,21,121.5390324,25.0255942
113,9,17,12,51,2,09北投區,北投區溫泉路與中山路口,0,0,2,1,B03,8,6,5,30,3,1,1,5,4,5,13,4,4,10,5,5,2,11,1,47,3,10,7,1,7,9,1,8,1,8,,72,,1,21,121.5112647,25.1363367
113,9,17,12,51,2,09北投區,北投區溫泉路與中山路口,0,0,2,2,C03,8,6,5,30,3,1,1,5,4,5,13,4,4,10,5,5,2,11,2,29,2,9,5,1,7,9,1,10,1,12,,44,,1,21,121.5112647,25.1363367
113,9,17,12,51,2,09北投區,北投區溫泉路與中山路口,0,0,2,3,H02,8,6,5,30,3,1,1,5,4,5,13,4,4,10,5,5,2,11,2,29,2,9,5,5,7,20,8,20,10,16,,67,,1,21,121.5112647,25.1363367
113,9,17,12,57,2,01大同區,大同區民權西路與承德路2段口,0,0,2,1,C03,8,6,5,50,4,1,1,5,4,5,13,1,1,1,4,5,2,17,2,36,2,9,6,1,7,9,1,10,2,14,,16,,1,21,121.5179303,25.06283
113,9,17,12,57,2,01大同區,大同區民權西路與承德路2段口,0,0,2,2,C03,8,6,5,50,4,1,1,5,4,5,13,1,1,1,4,5,2,17,1,63,3,10,6,1,7,12,1,10,2,12,,44,,1,21,121.5179303,25.06283
113,9,17,12,57,2,01大同區,大同區民權西路與承德路2段口,0,0,2,3,C03,8,6,5,50,4,1,1,5,4,5,13,1,1,1,4,5,2,17,2,44,2,9,6,1,7,9,1,10,2,11,,44,,1,21,121.5179303,25.06283
113,9,17,13,8,2,07信義區,信義區逸仙路20號,0,0,1,1,C03,8,6,5,50,14,9,1,5,4,5,13,4,4,5,4,5,2,12,2,62,2,9,5,1,7,11,1,10,2,12,,10,,1,21,121.5615051,25.0389494