發生年度,發生月,發生日,發生時-Hours,發生分,處理別-編號,區序,肇事地點,死亡人數,2-30日死亡人數,受傷人數,當事人序號,車種,天候,道路照明設備,道路類別,速限-速度限制,道路型態,事故位置,路面狀況1,路面狀況2,路面狀況3,道路障礙1,道路障礙2,號誌1,號誌2,車道劃分-分向,車道劃分-分道1,車道劃分-分道2,車道劃分-分道3,事故類型及型態,性別,年齡,受傷程度,主要傷處,保護裝置,行動電話,車輛用途,當事者行動狀態,駕駛資格情形,駕駛執照種類,飲酒情形,車輛撞擊部位1,車輛撞擊部位2,肇因碼-個別,肇因碼-主要,個人肇逃否,職業,座標-X,座標-Y
113,9,17,13,8,2,07信義區,信義區逸仙路20號,0,0,1,2,B03,8,6,5,50,14,9,1,5,4,5,13,4,4,5,4,5,2,12,1,63,3,10,3,4,7,9,1,8,2,4,,44,,1,21,121.5615051,25.0389494
113,9,17,13,22,2,06松山區,松山區八德路4段245巷與東興路2巷口,0,0,2,1,B03,8,7,5,30,4,1,1,5,4,5,13,4,4,9,4,5,2,15,2,71,3,10,7,1,7,9,1,8,1,8,,99,,1,22,121.564174,25.05079268
113,9,17,13,22,2,06松山區,松山區八德路4段245巷與東興路2巷口,0,0,2,2,C03,8,7,5,30,4,1,1,5,4,5,13,4,4,9,4,5,2,15,2,50,2,9,5,1,7,9,1,10,1,12,,14,,1,22,121.564174,25.05079268
113,9,17,13,22,2,06松山區,松山區八德路4段245巷與東興路2巷口,0,0,2,3,H02,8,7,5,30,4,1,1,5,4,5,13,4,4,9,4,5,2,15,1,13,2,9,4,5,7,17,8,20,10,17,,67,,1,22,121.564174,25.05079268
113,9,17,13,30,2,12內湖區,內湖區內湖路2段301巷7弄與內湖路2段301巷5弄口,0,0,2,1,B03,8,5,5,30,4,1,1,5,4,5,13,4,4,10,5,5,2,17,1,32,3,10,7,1,7,2,1,8,2,3,,12,,1,21,121.5905894,25.08292143
113,9,17,13,30,2,12內湖區,內湖區內湖路2段301巷7弄與內湖路2段301巷5弄口,0,0,2,2,C03,8,5,5,30,4,1,1,5,4,5,13,4,4,10,5,5,2,17,2,62,2,9,5,1,7,9,1,10,2,12,,44,,1,21,121.5905894,25.08292143
113,9,17,13,30,2,12內湖區,內湖區內湖路2段301巷7弄與內湖路2段301巷5弄口,0,0,2,3,H02,8,5,5,30,4,1,1,5,4,5,13,4,4,10,5,5,2,17,1,29,2,9,5,5,7,20,8,20,10,16,,67,,1,21,121.5905894,25.08292143
113,9,17,13,30,2,12內湖區,內湖區內湖路2段301巷7弄與內湖路2段301巷5弄口,0,0,2,4,B12,8,5,5,30,4,1,1,5,4,5,13,4,4,10,5,5,2,17,1,47,3,10,7,1,7,13,1,8,11,17,,38,,1,21,121.5905894,25.08292143
113,9,17,13,54,2,08士林區,士林區天母北路與天母西路口,0,0,2,1,B03,8,5,5,50,4,1,1,5,4,5,13,2,1,4,5,5,1,17,1,58,3,10,7,1,7,6,1,8,1,5,,9,,1,21,121.525997,25.1184261
113,9,17,13,54,2,08士林區,士林區天母北路與天母西路口,0,0,2,2,C03,8,5,5,50,4,1,1,5,4,5,13,2,1,4,5,5,1,17,1,26,2,9,5,1,7,9,1,10,1,14,,44,,1,21,121.525997,25.1184261
113,9,17,13,54,2,08士林區,士林區天母北路與天母西路口,0,0,2,3,H02,8,5,5,50,4,1,1,5,4,5,13,2,1,4,5,5,1,17,2,28,2,9,5,5,7,21,8,20,10,16,,67,,1,21,121.525997,25.1184261
113,9,17,13,55,2,03中山區,中山區南京西路23巷與南京西路口,0,0,1,1,C03,8,6,5,30,4,1,1,5,4,5,13,1,1,1,4,5,2,3,2,32,3,10,5,1,7,9,1,10,2,11,,44,,1,21,121.5205964,25.052719
113,9,17,13,55,2,03中山區,中山區南京西路23巷與南京西路口,0,0,1,2,H01,8,6,5,30,4,1,1,5,4,5,13,1,1,1,4,5,2,3,2,24,2,9,4,5,8,16,8,20,10,16,,60,,1,21,121.5205964,25.052719
113,9,17,14,2,2,09北投區,北投區西安街1段345號前,0,0,2,1,C03,8,6,6,50,14,9,1,5,4,5,13,3,1,9,4,5,2,13,1,50,2,8,5,1,7,9,1,10,1,11,,16,,1,21,121.5158084,25.1137163
113,9,17,14,2,2,09北投區,北投區西安街1段345號前,0,0,2,2,C03,8,6,6,50,14,9,1,5,4,5,13,3,1,9,4,5,2,13,1,54,2,9,5,1,7,14,1,10,1,13,,44,,1,21,121.5158084,25.1137163
113,9,17,14,3,2,09北投區,北投區西安街2段213號,0,0,1,1,B01,8,7,5,50,14,9,1,5,4,5,13,4,4,10,4,5,2,17,1,57,2,9,7,1,7,9,1,4,1,5,,42,,1,22,121.5096445,25.1199569
113,9,17,14,3,2,09北投區,北投區西安街2段213號,0,0,1,2,B12,8,7,5,50,14,9,1,5,4,5,13,4,4,10,4,5,2,17,1,60,3,10,7,1,7,13,1,8,9,4,,44,,1,22,121.5096445,25.1199569
113,9,17,14,3,2,09北投區,北投區西安街2段213號,0,0,1,3,C03,8,7,5,50,14,9,1,5,4,5,13,4,4,10,4,5,2,17,2,48,3,10,6,1,7,13,1,10,9,14,,44,,1,22,121.5096445,25.1199569
113,9,17,14,3,2,09北投區,北投區西安街2段213號,0,0,1,4,C03,8,7,5,50,14,9,1,5,4,5,13,4,4,10,4,5,2,17,1,32,3,10,6,1,7,13,1,10,9,13,,44,,1,22,121.5096445,25.1199569
113,9,17,14,3,2,09北投區,北投區西安街2段213號,0,0,1,5,C03,8,7,5,50,14,9,1,5,4,5,13,4,4,10,4,5,2,17,2,46,3,10,6,1,7,13,1,10,9,13,,44,,1,22,121.5096445,25.1199569
113,9,17,14,3,2,09北投區,北投區西安街2段213號,0,0,1,6,C03,8,7,5,50,14,9,1,5,4,5,13,4,4,10,4,5,2,17,1,46,3,10,6,1,7,13,1,10,9,13,,44,,1,22,121.5096445,25.1199569
113,9,17,14,33,2,09北投區,北投區光明路200號,0,0,1,1,C03,8,6,5,50,14,9,1,5,4,5,13,4,4,9,4,5,2,17,1,75,3,10,5,1,7,1,1,10,1,17,,19,,1,21,121.5183568,25.04847309
113,9,17,14,33,2,09北投區,北投區光明路200號,0,0,1,2,C03,8,6,5,50,14,9,1,5,4,5,13,4,4,9,4,5,2,17,1,28,2,8,5,1,7,9,1,10,1,14,,44,,1,21,121.5183568,25.04847309
113,9,17,14,42,2,03中山區,中山區敬業一路與明水路606巷口,0,0,1,1,B01,8,7,5,50,4,1,1,5,4,5,13,1,1,5,5,5,2,16,1,57,3,10,7,1,7,6,1,4,1,5,,9,,1,22,121.5183568,25.04847309
113,9,17,14,42,2,03中山區,中山區敬業一路與明水路606巷口,0,0,1,2,C03,8,7,5,50,4,1,1,5,4,5,13,1,1,5,5,5,2,16,1,32,2,9,5,1,7,9,1,10,1,14,,44,,1,22,121.5183568,25.04847309
113,9,17,16,11,2,12內湖區,內湖區環山路2段與環山路2段29巷口,0,0,1,1,B03,8,6,5,50,3,1,1,5,4,5,13,2,1,5,5,5,2,16,1,38,3,10,7,1,7,11,1,8,1,4,,80,,1,21,121.5727182,25.0857333
113,9,17,16,11,2,12內湖區,內湖區環山路2段與環山路2段29巷口,0,0,1,2,C03,8,6,5,50,3,1,1,5,4,5,13,2,1,5,5,5,2,16,1,53,2,9,5,1,7,9,1,10,1,12,,17,,1,21,121.5727182,25.0857333
113,9,17,16,45,2,03中山區,中山區天祥路與天祥路61巷口,0,0,1,1,B03,7,5,5,50,3,2,1,5,4,5,13,4,4,5,5,5,2,1,2,42,3,10,3,4,7,5,1,8,2,1,,42,,1,21,121.5207731,25.06340256
113,9,17,16,45,2,03中山區,中山區天祥路與天祥路61巷口,0,0,1,2,H01,7,5,5,50,3,2,1,5,4,5,13,4,4,5,5,5,2,1,2,66,2,9,4,5,8,16,8,20,10,16,,60,,1,21,121.5207731,25.06340256
113,9,17,16,53,2,09北投區,北投區中央北路2段與新興路口,0,0,1,1,B03,8,6,5,50,14,9,1,5,4,5,13,1,1,9,4,5,2,17,1,61,3,10,7,1,7,11,1,8,1,7,,10,,1,21,121.4868396,25.13827332
113,9,17,16,53,2,09北投區,北投區中央北路2段與新興路口,0,0,1,2,C03,8,6,5,50,14,9,1,5,4,5,13,1,1,9,4,5,2,17,2,37,2,7,5,1,7,9,1,10,1,11,,13,,1,21,121.4868396,25.13827332
113,9,17,16,55,2,08士林區,士林區克強路與中山北路6段口,0,0,1,1,B03,8,6,5,50,4,2,1,5,4,5,13,1,1,1,4,5,2,13,1,62,3,10,7,1,7,9,1,8,1,8,,42,,1,22,121.5252439,25.1085067
113,9,17,16,55,2,08士林區,士林區克強路與中山北路6段口,0,0,1,2,C03,8,6,5,50,4,2,1,5,4,5,13,1,1,1,4,5,2,13,1,54,2,8,5,1,7,9,1,10,1,13,,44,,1,22,121.5252439,25.1085067
113,9,17,16,55,2,08士林區,士林區克強路與中山北路6段口,0,0,1,3,B01,8,6,5,50,4,2,1,5,4,5,13,1,1,1,4,5,2,13,1,40,3,10,7,1,7,15,1,4,1,7,,44,,1,22,121.5252439,25.1085067
113,9,17,16,57,2,09北投區,北投區東華街2段與立農街1段187巷口,0,0,2,1,C03,8,5,5,40,3,4,1,5,4,5,13,1,1,10,5,5,2,13,2,21,2,8,5,1,7,9,1,10,2,11,,16,,1,21,121.5050816,25.1212455
113,9,17,16,57,2,09北投區,北投區東華街2段與立農街1段187巷口,0,0,2,2,E03,8,5,5,40,3,4,1,5,4,5,13,1,1,10,5,5,2,13,1,24,2,8,5,1,7,14,1,10,2,13,,44,,1,21,121.5050816,25.1212455
113,9,17,17,32,2,10文山區,文山區和平東路4段與萬美街1段口,0,0,1,1,B03,7,6,5,40,3,1,1,5,4,5,13,4,4,5,5,5,1,16,1,27,3,10,7,1,7,9,1,8,1,5,,44,,1,21,121.5719161,25.0023572
113,9,17,17,32,2,10文山區,文山區和平東路4段與萬美街1段口,0,0,1,2,C03,7,6,5,40,3,1,1,5,4,5,13,4,4,5,5,5,1,16,2,23,2,9,6,1,7,5,1,10,1,14,,8,,1,21,121.5719161,25.0023572
113,9,17,17,45,2,10文山區,文山區新光路1段與萬壽橋口,0,0,2,1,B03,8,5,5,50,4,1,1,5,4,5,13,2,1,10,5,5,1,17,1,45,3,10,7,1,7,5,1,8,1,2,,71,,1,21,121.5736262,24.9916738
113,9,17,17,45,2,10文山區,文山區新光路1段與萬壽橋口,0,0,2,2,C03,8,5,5,50,4,1,1,5,4,5,13,2,1,10,5,5,1,17,1,20,2,9,6,1,7,9,1,10,1,11,,44,,1,21,121.5736262,24.9916738
113,9,17,17,45,2,10文山區,文山區新光路1段與萬壽橋口,0,0,2,3,H02,8,5,5,50,4,1,1,5,4,5,13,2,1,10,5,5,1,17,2,24,2,9,6,5,7,21,8,20,10,16,,67,,1,21,121.5736262,24.9916738
113,9,17,17,50,2,05中正區,中正區重慶南路1段50號公車牌前,0,0,2,1,C03,8,5,5,50,14,9,1,5,4,5,13,4,4,9,4,5,1,17,2,29,2,9,5,1,7,9,1,10,1,11,,108,,1,21,121.5131585,25.0443916
113,9,17,17,50,2,05中正區,中正區重慶南路1段50號公車牌前,0,0,2,2,A02,8,5,5,50,14,9,1,5,4,5,13,4,4,9,4,5,1,17,1,53,3,10,7,1,7,14,1,2,9,17,,38,,1,21,121.5131585,25.0443916
113,9,17,17,50,2,05中正區,中正區重慶南路1段50號公車牌前,0,0,2,3,H02,8,5,5,50,14,9,1,5,4,5,13,4,4,9,4,5,1,17,1,18,2,9,4,5,7,20,8,20,10,16,,44,,1,25,121.5131585,25.0443916
113,9,17,18,5,2,03中山區,中山區南京東路2段與建國北路2段口,0,0,1,1,C03,6,5,6,50,4,1,1,4,4,5,13,2,1,1,4,5,2,15,1,41,3,10,6,1,7,12,1,10,2,14,,37,,1,22,121.5364095,25.0519458
113,9,17,18,5,2,03中山區,中山區南京東路2段與建國北路2段口,0,0,1,2,C03,6,5,6,50,4,1,1,4,4,5,13,2,1,1,4,5,2,15,2,58,2,9,6,1,7,9,1,10,2,12,,44,,1,22,121.5364095,25.0519458
113,9,17,19,20,2,04大安區,大安區和平東路3段與臥龍街口口,0,0,1,1,B03,8,5,5,50,4,1,1,5,4,5,13,2,1,1,4,5,2,17,1,18,3,10,7,1,7,5,1,8,1,5,,71,,1,22,121.5467086,25.0246235
113,9,17,19,20,2,04大安區,大安區和平東路3段與臥龍街口口,0,0,1,2,C03,8,5,5,50,4,1,1,5,4,5,13,2,1,1,4,5,2,17,1,39,2,7,5,1,7,9,3,18,1,11,,44,,1,22,121.5467086,25.0246235
113,9,17,20,8,2,04大安區,大安區辛亥路1段與新生南路3段口,0,0,2,1,C03,8,5,5,50,4,4,1,5,4,5,13,1,1,1,4,4,2,13,1,92,2,9,5,1,7,9,1,10,1,11,,44,,1,21,121.5340488,25.022253
113,9,17,20,8,2,04大安區,大安區辛亥路1段與新生南路3段口,0,0,2,2,C03,8,5,5,50,4,4,1,5,4,5,13,1,1,1,4,4,2,13,1,28,2,8,6,1,7,15,1,10,1,13,,44,,1,21,121.5340488,25.022253
113,9,17,21,30,2,09北投區,北投區公館路與公館路340巷口,0,0,1,1,C03,7,5,5,50,3,1,1,5,4,5,13,4,4,10,5,5,2,16,2,45,2,7,6,1,7,5,1,10,9,12,,74,,1,21,121.5050312,25.12351691
113,9,17,21,30,2,09北投區,北投區公館路與公館路340巷口,0,0,1,2,C03,7,5,5,50,3,1,1,5,4,5,13,4,4,10,5,5,2,16,1,23,3,10,6,1,7,9,1,10,9,11,,44,,1,26,121.5050312,25.12351691
113,9,17,21,52,2,03中山區,中山區吉林路與新生北路2段41巷口口,0,0,1,1,C03,7,6,5,50,14,9,1,5,4,5,13,4,4,9,4,4,2,12,1,33,2,9,6,1,7,1,1,10,1,12,,19,,1,21,121.5301361,25.0553303
113,9,17,21,52,2,03中山區,中山區吉林路與新生北路2段41巷口口,0,0,1,2,B01,7,6,5,50,14,9,1,5,4,5,13,4,4,9,4,4,2,12,1,47,3,10,7,1,7,9,1,4,1,8,,44,,1,21,121.5301361,25.0553303
113,9,17,22,13,2,02萬華區,萬華區華中橋機車道往新北,0,0,1,1,C03,8,5,5,40,8,11,1,5,4,5,13,4,4,3,4,5,2,13,1,20,2,9,5,1,7,9,1,10,1,11,,13,,1,21,121.4953725,25.01167584
113,9,17,22,13,2,02萬華區,萬華區華中橋機車道往新北,0,0,1,2,C03,8,5,5,40,8,11,1,5,4,5,13,4,4,3,4,5,2,13,1,36,3,10,6,1,7,12,1,10,1,13,,44,,1,21,121.4953725,25.01167584
113,9,17,22,13,2,02萬華區,萬華區華中橋機車道往新北,0,0,1,3,,8,5,5,40,8,11,1,5,4,5,13,4,4,3,4,5,2,13,3,0,,,,,,,,,10,,,44,,,,121.4953725,25.01167584
113,9,17,22,24,2,10文山區,文山區溪口街85巷與溪口街85巷10弄口口,0,0,2,1,C03,8,5,5,30,4,1,1,5,4,5,13,4,4,10,5,5,2,15,1,26,2,9,6,1,7,15,1,10,1,11,,72,,1,21,121.5382388,24.99502039
113,9,17,22,24,2,10文山區,文山區溪口街85巷與溪口街85巷10弄口口,0,0,2,2,C03,8,5,5,30,4,1,1,5,4,5,13,4,4,10,5,5,2,15,2,34,2,9,6,1,7,9,1,10,1,14,,108,,1,21,121.5382388,24.99502039
113,9,17,23,33,2,07信義區,信義區忠孝東路5段與虎林街口,0,0,1,1,B02,8,5,5,50,4,4,1,5,4,5,13,2,1,1,4,5,1,13,1,32,3,10,3,4,7,12,1,8,1,1,,16,,1,22,121.5767644,25.0407807
113,9,17,23,33,2,07信義區,信義區忠孝東路5段與虎林街口,0,0,1,2,C03,8,5,5,50,4,4,1,5,4,5,13,2,1,1,4,5,1,13,2,38,2,8,3,4,7,12,1,10,1,13,,44,,1,22,121.5767644,25.0407807
113,9,17,23,40,2,11南港區,南港區忠孝東路6段436號,0,0,1,1,C03,7,5,5,50,14,9,1,5,4,5,13,4,4,1,4,5,2,17,1,24,2,9,6,4,7,9,1,10,2,12,,116,,1,21,121.5936824,25.050257
113,9,17,23,40,2,11南港區,南港區忠孝東路6段436號,0,0,1,2,B03,7,5,5,50,14,9,1,5,4,5,13,4,4,1,4,5,2,17,1,61,3,10,3,4,7,3,1,8,9,17,,38,,2,21,121.5936824,25.050257
113,9,18,0,15,2,05中正區,中正區忠孝西路1段38號,0,0,1,1,B01,7,5,5,50,14,9,1,5,4,5,13,4,4,3,4,5,2,16,1,43,3,10,7,1,7,7,1,4,2,8,,100,,1,22,121.5167084,25.0463953
113,9,18,0,15,2,05中正區,中正區忠孝西路1段38號,0,0,1,2,C02,7,5,5,50,14,9,1,5,4,5,13,4,4,3,4,5,2,16,1,23,2,9,6,1,7,9,1,9,2,12,,13,,1,22,121.5167084,25.0463953
113,9,18,5,28,2,03中山區,中山區民生東路2段與吉林路口,0,0,1,1,B03,6,5,5,50,4,1,1,4,4,5,13,2,1,5,4,5,2,15,1,61,3,10,7,1,7,9,1,8,2,8,,44,,1,22,121.5302728,25.0580156
113,9,18,5,28,2,03中山區,中山區民生東路2段與吉林路口,0,0,1,2,F01,6,5,5,50,4,1,1,4,4,5,13,2,1,5,4,5,2,15,2,42,2,9,4,1,7,9,8,20,9,12,,81,,1,22,121.5302728,25.0580156
113,9,18,6,26,2,09北投區,北投區公館路83號,0,0,1,1,B03,6,6,5,40,14,9,1,4,4,5,13,4,4,5,5,5,2,17,2,31,2,1,7,1,7,15,1,8,1,1,,22,,1,21,121.5044895,25.1313401
113,9,18,6,26,2,09北投區,北投區公館路83號,0,0,1,2,B03,6,6,5,40,14,9,1,4,4,5,13,4,4,5,5,5,2,17,1,60,3,10,3,4,7,13,1,8,9,8,,44,,1,21,121.5044895,25.1313401
113,9,18,6,26,2,09北投區,北投區公館路83號,0,0,1,3,B03,6,6,5,40,14,9,1,4,4,5,13,4,4,5,5,5,2,17,2,52,3,10,3,4,7,13,1,8,9,7,,44,,1,21,121.5044895,25.1313401
113,9,18,6,26,2,09北投區,北投區公館路83號,0,0,1,4,B03,6,6,5,40,14,9,1,4,4,5,13,4,4,5,5,5,2,17,1,59,3,10,3,4,7,13,1,8,9,1,,44,,1,21,121.5044895,25.1313401
113,9,18,6,39,2,08士林區,士林區通河西街2段與社中街384巷口,0,0,1,1,B01,6,6,5,30,3,1,1,4,4,5,13,4,4,9,5,5,2,17,1,60,3,10,7,1,7,4,1,4,1,8,,1,,1,21,121.5035455,25.0934563
113,9,18,6,39,2,08士林區,士林區通河西街2段與社中街384巷口,0,0,1,2,C03,6,6,5,30,3,1,1,4,4,5,13,4,4,9,5,5,2,17,1,33,2,9,6,1,7,6,1,10,1,11,,44,,1,21,121.5035455,25.0934563
113,9,18,6,52,2,04大安區,大安區信義路3段與建國南路2段口,0,0,1,1,C03,6,6,5,50,4,1,1,4,4,5,13,1,1,1,4,5,2,16,2,62,2,9,5,1,7,5,1,10,1,14,,44,,1,21,121.5381989,25.0336465
113,9,18,6,52,2,04大安區,大安區信義路3段與建國南路2段口,0,0,1,2,C03,6,6,5,50,4,1,1,4,4,5,13,1,1,1,4,5,2,16,1,29,3,10,5,1,7,9,1,10,1,12,,44,,1,21,121.5381989,25.0336465
113,9,18,7,7,2,12內湖區,內湖區內湖路1段256號前,0,0,1,1,B03,6,5,5,40,14,8,1,4,4,5,13,1,1,1,4,4,2,17,1,52,3,10,7,1,7,1,1,8,9,17,,19,,1,21,121.5671105,25.0820658
113,9,18,7,7,2,12內湖區,內湖區內湖路1段256號前,0,0,1,2,C03,6,5,5,40,14,8,1,4,4,5,13,1,1,1,4,4,2,17,1,37,2,9,6,1,7,9,1,10,2,14,,108,,1,21,121.5671105,25.0820658
113,9,18,7,9,2,04大安區,大安區敦化南路2段與敦化南路2段200巷口,0,0,2,1,B03,7,6,5,50,4,1,1,5,4,5,13,3,1,1,4,5,1,17,2,52,3,10,3,4,7,9,1,8,1,8,,44,,1,21,121.5486858,25.02278581
113,9,18,7,9,2,04大安區,大安區敦化南路2段與敦化南路2段200巷口,0,0,2,2,F02,7,6,5,50,4,1,1,5,4,5,13,3,1,1,4,5,1,17,2,48,2,2,4,1,7,9,8,20,1,12,,72,,1,21,121.5486858,25.02278581
113,9,18,7,9,2,04大安區,大安區敦化南路2段與敦化南路2段200巷口,0,0,2,3,H02,7,6,5,50,4,1,1,5,4,5,13,3,1,1,4,5,1,17,2,17,2,7,4,5,7,20,8,20,10,16,,67,,1,21,121.5486858,25.02278581
113,9,18,7,26,2,07信義區,信義區基隆路2段107號,0,0,1,1,C03,7,5,5,50,14,9,1,4,4,5,13,4,4,1,4,5,2,13,1,37,2,8,6,1,7,9,1,10,1,14,,16,,1,22,121.5573781,25.0292838
113,9,18,7,26,2,07信義區,信義區基隆路2段107號,0,0,1,2,B01,7,5,5,50,14,9,1,4,4,5,13,4,4,1,4,5,2,13,1,47,3,10,7,1,7,9,1,4,1,6,,44,,1,22,121.5573781,25.0292838
113,9,18,7,30,2,12內湖區,內湖區康寧路3段與東湖路口,0,0,2,1,C03,6,6,5,50,3,1,1,4,4,5,13,1,1,1,5,5,2,16,2,40,3,10,6,1,7,8,1,10,2,12,,100,,1,21,121.6123271,25.0686938
113,9,18,7,30,2,12內湖區,內湖區康寧路3段與東湖路口,0,0,2,2,C03,6,6,5,50,3,1,1,4,4,5,13,1,1,1,5,5,2,16,2,21,2,9,6,1,7,9,1,10,2,14,,87,,1,21,121.6123271,25.0686938
113,9,18,7,30,2,12內湖區,內湖區康寧路3段與東湖路口,0,0,2,3,H02,6,6,5,50,3,1,1,4,4,5,13,1,1,1,5,5,2,16,1,6,2,9,6,5,7,21,8,20,10,16,,67,,1,21,121.6123271,25.0686938
113,9,18,7,39,2,09北投區,北投區東華街2段與立農街2段202巷口,0,0,1,1,C03,8,6,5,50,4,1,1,5,4,5,13,1,1,10,4,5,2,16,1,77,3,10,5,1,7,5,1,10,9,14,,71,,2,21,121.5135397,25.1177449
113,9,18,7,39,2,09北投區,北投區東華街2段與立農街2段202巷口,0,0,1,2,C03,8,6,5,50,4,1,1,5,4,5,13,1,1,10,4,5,2,16,1,55,2,9,6,1,7,9,1,10,1,14,,42,,1,21,121.5135397,25.1177449
113,9,18,7,50,2,10文山區,文山區新光路2段100號,0,0,1,1,C03,8,7,5,40,14,9,1,4,4,5,13,4,4,9,5,5,1,18,1,51,2,9,5,1,7,9,1,9,1,11,,118,,1,21,121.5962985,25.0008093
113,9,18,7,50,2,10文山區,文山區新光路2段100號,0,0,1,2,,8,7,5,40,14,9,1,4,4,5,13,4,4,9,5,5,1,18,3,0,,,,,,,,,,,,67,,1,,121.5962985,25.0008093
113,9,18,7,57,2,12內湖區,內湖區成功路4段與無名巷口,0,0,1,1,B01,7,6,5,50,3,1,1,5,4,5,13,4,4,1,4,4,2,16,2,30,3,10,7,1,7,6,1,4,1,4,,74,,1,21,121.5926269,25.082382
113,9,18,7,57,2,12內湖區,內湖區成功路4段與無名巷口,0,0,1,2,C03,7,6,5,50,3,1,1,5,4,5,13,4,4,1,4,4,2,16,1,39,2,9,5,1,7,9,1,10,1,14,,44,,1,21,121.5926269,25.082382
113,9,18,8,0,2,03中山區,中山區建國北路1段與長安東路2段口,0,0,1,1,B03,6,7,5,50,4,1,1,4,4,5,13,2,1,1,4,5,2,12,1,50,3,10,3,4,7,7,1,6,2,4,,100,,1,21,121.5334317,25.05397433
113,9,18,8,0,2,03中山區,中山區建國北路1段與長安東路2段口,0,0,1,2,C03,6,7,5,50,4,1,1,4,4,5,13,2,1,1,4,5,2,12,1,46,2,9,6,4,7,9,1,10,2,12,,44,,1,21,121.5334317,25.05397433
113,9,18,8,0,2,05中正區,中正區詔安街與詔安街26巷口,0,0,1,1,C03,8,6,5,30,4,1,1,5,4,5,13,4,4,10,5,5,2,15,2,40,2,9,5,1,7,9,1,10,2,11,,80,,1,21,121.5159496,25.0251091
113,9,18,8,0,2,05中正區,中正區詔安街與詔安街26巷口,0,0,1,2,C03,8,6,5,30,4,1,1,5,4,5,13,4,4,10,5,5,2,15,1,55,3,10,5,1,7,9,1,10,2,12,,13,,1,21,121.5159496,25.0251091
113,9,18,8,5,2,03中山區,中山區南京東路2段180號,0,0,3,1,C03,6,7,5,40,14,8,1,4,4,5,13,4,4,1,4,1,2,13,1,39,2,9,5,1,7,9,1,10,1,11,,16,,1,22,121.5352487,25.0519042
113,9,18,8,5,2,03中山區,中山區南京東路2段180號,0,0,3,3,H02,6,7,5,40,14,8,1,4,4,5,13,4,4,1,4,1,2,13,2,25,2,9,4,5,7,17,8,20,10,16,,60,,1,22,121.5352487,25.0519042
113,9,18,8,5,2,03中山區,中山區南京東路2段180號,0,0,3,2,C03,6,7,5,40,14,8,1,4,4,5,13,4,4,1,4,1,2,13,1,26,2,9,5,1,7,14,3,18,1,14,,42,,1,22,121.5352487,25.0519042
113,9,18,8,5,2,11南港區,南港區市民大道7段與東新街附近口,0,0,1,1,B03,6,7,5,50,14,9,1,4,4,5,13,4,4,1,4,5,1,17,1,43,3,10,3,4,7,8,1,8,11,17,,100,,1,21,121.5836663,25.049579
113,9,18,8,5,2,11南港區,南港區市民大道7段與東新街附近口,0,0,1,2,C03,6,7,5,50,14,9,1,4,4,5,13,4,4,1,4,5,1,17,1,48,2,9,5,4,7,12,1,10,1,17,,44,,1,22,121.5836663,25.049579
113,9,18,8,9,2,11南港區,南港區舊莊街1段46號,0,0,4,1,C03,6,7,5,50,14,9,1,4,4,5,13,4,4,9,5,5,2,16,1,52,2,8,6,4,7,11,1,10,1,12,,80,,1,21,121.6180858,25.04147938
113,9,18,8,9,2,11南港區,南港區舊莊街1段46號,0,0,4,2,C03,6,7,5,50,14,9,1,4,4,5,13,4,4,9,5,5,2,16,1,40,2,7,6,4,7,9,1,10,1,14,,44,,1,21,121.6180858,25.04147938
113,9,18,8,9,2,11南港區,南港區舊莊街1段46號,0,0,4,3,H02,6,7,5,50,14,9,1,4,4,5,13,4,4,9,5,5,2,16,2,41,2,7,6,5,7,20,8,20,10,16,,67,,1,21,121.6180858,25.04147938
113,9,18,8,9,2,11南港區,南港區舊莊街1段46號,0,0,4,4,H02,6,7,5,50,14,9,1,4,4,5,13,4,4,9,5,5,2,16,2,5,2,9,6,5,7,20,8,20,10,16,,67,,1,21,121.6180858,25.04147938
113,9,18,8,20,2,07信義區,信義區林口街與松山路465巷口,0,0,1,1,B03,6,6,5,30,3,2,1,4,4,5,13,1,1,4,3,4,2,17,1,67,3,10,3,4,7,6,1,8,1,8,,9,,1,21,121.5790899,25.0395533
113,9,18,8,20,2,07信義區,信義區林口街與松山路465巷口,0,0,1,2,C03,6,6,5,30,3,2,1,4,4,5,13,1,1,4,3,4,2,17,2,63,2,8,5,1,7,5,1,10,1,12,,8,,1,21,121.5790899,25.0395533
113,9,18,8,30,2,08士林區,士林區葫蘆街與延平北路5段257巷15弄口,0,0,1,1,C03,8,6,5,30,3,2,1,5,4,3,10,4,4,9,5,5,1,17,2,42,2,9,5,1,7,6,1,10,1,14,,72,,1,21,121.509307,25.08409374
113,9,18,8,30,2,08士林區,士林區葫蘆街與延平北路5段257巷15弄口,0,0,1,2,B03,8,6,5,30,3,2,1,5,4,3,10,4,4,9,5,5,1,17,1,57,3,10,7,1,7,9,1,8,1,4,,44,,1,21,121.509307,25.08409374
113,9,18,8,30,2,08士林區,士林區葫蘆街與延平北路5段257巷15弄口,0,0,1,3,B03,8,6,5,30,3,2,1,5,4,3,10,4,4,9,5,5,1,17,1,37,3,10,7,1,7,13,1,8,11,17,,38,,2,21,121.509307,25.08409374
113,9,18,8,38,2,05中正區,中正區汀州路1段與寧波西街口口,0,0,1,1,C03,6,6,5,50,4,1,1,4,4,5,13,1,1,5,5,5,1,17,1,37,2,8,6,1,7,9,1,10,1,11,,108,,1,21,121.5111427,25.0268331