發生年度,發生月,發生日,發生時-Hours,發生分,處理別-編號,區序,肇事地點,死亡人數,2-30日死亡人數,受傷人數,當事人序號,車種,天候,道路照明設備,道路類別,速限-速度限制,道路型態,事故位置,路面狀況1,路面狀況2,路面狀況3,道路障礙1,道路障礙2,號誌1,號誌2,車道劃分-分向,車道劃分-分道1,車道劃分-分道2,車道劃分-分道3,事故類型及型態,性別,年齡,受傷程度,主要傷處,保護裝置,行動電話,車輛用途,當事者行動狀態,駕駛資格情形,駕駛執照種類,飲酒情形,車輛撞擊部位1,車輛撞擊部位2,肇因碼-個別,肇因碼-主要,個人肇逃否,職業,座標-X,座標-Y
113,9,18,8,38,2,05中正區,中正區汀州路1段與寧波西街口口,0,0,1,2,C03,6,6,5,50,4,1,1,4,4,5,13,1,1,5,5,5,1,17,1,20,3,10,6,1,7,5,1,10,1,13,,44,,1,21,121.5111427,25.0268331
113,9,18,8,50,2,04大安區,大安區大安路1段與信義路4段口,0,0,1,1,B03,7,6,5,50,4,1,1,5,4,5,13,2,1,9,4,5,1,16,1,36,3,10,3,4,7,5,1,8,1,8,,71,,1,21,121.5459546,25.0334441
113,9,18,8,50,2,04大安區,大安區大安路1段與信義路4段口,0,0,1,2,C03,7,6,5,50,4,1,1,5,4,5,13,2,1,9,4,5,1,16,2,29,2,9,5,1,7,9,1,10,1,12,,108,,1,21,121.5459546,25.0334441
113,9,18,8,50,2,05中正區,中正區水源路37號前,0,0,1,2,B03,6,6,5,50,14,9,1,4,4,5,13,4,4,8,4,5,1,13,2,45,3,10,7,1,7,9,1,8,1,7,,44,,1,21,121.5238773,25.0188492
113,9,18,8,50,2,05中正區,中正區水源路37號前,0,0,1,1,C03,6,6,5,50,14,9,1,4,4,5,13,4,4,8,4,5,1,13,1,84,2,9,5,1,7,9,1,10,1,11,,16,,1,21,121.5238773,25.0188492
113,9,18,8,50,2,12內湖區,內湖區成功路5段與康湖路口,0,0,1,1,C03,8,6,5,50,3,1,1,5,4,5,13,1,1,1,5,5,2,13,2,49,2,9,6,1,7,9,1,10,2,11,,108,,1,21,121.6062363,25.0820003
113,9,18,8,50,2,12內湖區,內湖區成功路5段與康湖路口,0,0,1,2,B03,8,6,5,50,3,1,1,5,4,5,13,1,1,1,5,5,2,13,1,38,3,10,7,1,7,14,1,2,2,7,,44,,1,21,121.6062363,25.0820003
113,9,18,8,56,2,12內湖區,內湖區瑞光路301號,0,0,1,1,B01,8,6,5,50,4,1,1,4,4,5,13,2,1,5,4,5,2,17,1,40,3,10,7,1,7,5,1,4,1,5,,42,,1,21,121.5760135,25.0757598
113,9,18,8,56,2,12內湖區,內湖區瑞光路301號,0,0,1,2,C03,8,6,5,50,4,1,1,4,4,5,13,2,1,5,4,5,2,17,2,26,2,9,6,1,7,9,1,10,1,11,,42,,1,21,121.5760135,25.0757598
113,9,18,8,56,2,12內湖區,內湖區瑞光路301號,0,0,1,3,C03,8,6,5,50,4,1,1,4,4,5,13,2,1,5,4,5,2,17,1,45,3,10,5,1,7,13,1,10,9,13,,44,,1,21,121.5760135,25.0757598
113,9,18,9,0,2,07信義區,信義區虎林街與松山路540巷口,0,0,2,1,C03,7,5,5,30,4,2,1,4,4,5,13,4,4,10,5,5,2,17,1,47,2,8,5,1,7,9,1,10,1,12,,72,,1,22,121.5772076,25.0373477
113,9,18,9,0,2,07信義區,信義區虎林街與松山路540巷口,0,0,2,2,B03,7,5,5,30,4,2,1,4,4,5,13,4,4,10,5,5,2,17,1,63,3,10,7,1,7,9,1,8,1,8,,14,,1,22,121.5772076,25.0373477
113,9,18,9,0,2,07信義區,信義區虎林街與松山路540巷口,0,0,2,3,H02,7,5,5,30,4,2,1,4,4,5,13,4,4,10,5,5,2,17,2,42,2,9,5,5,7,20,8,20,10,16,,67,,1,22,121.5772076,25.0373477
113,9,18,9,8,2,02萬華區,萬華區德昌街與萬大路口,0,0,2,1,C03,7,6,5,30,4,2,1,5,4,5,13,2,1,10,4,5,1,17,2,42,2,9,3,4,7,5,1,10,1,11,,98,,1,22,121.4953156,25.02833556
113,9,18,9,8,2,02萬華區,萬華區德昌街與萬大路口,0,0,2,2,C03,7,6,5,30,4,2,1,5,4,5,13,2,1,10,4,5,1,17,1,26,2,9,3,4,7,9,1,10,1,11,,44,,1,22,121.4953156,25.02833556
113,9,18,9,9,2,03中山區,中山區民權東路2段與吉林路口,0,0,2,1,C03,7,7,5,50,4,2,1,4,4,5,13,2,1,1,4,5,2,17,1,22,2,7,5,4,7,9,1,10,1,11,,42,,1,21,121.5305898,25.06251167
113,9,18,9,9,2,03中山區,中山區民權東路2段與吉林路口,0,0,2,2,C03,7,7,5,50,4,2,1,4,4,5,13,2,1,1,4,5,2,17,2,28,2,9,6,4,7,9,1,10,1,13,,44,,1,21,121.5305898,25.06251167
113,9,18,9,9,2,03中山區,中山區民權東路2段與吉林路口,0,0,2,3,B01,7,7,5,50,4,2,1,4,4,5,13,2,1,1,4,5,2,17,1,39,3,10,3,4,7,14,1,8,1,3,,44,,1,21,121.5305898,25.06251167
113,9,18,9,12,2,07信義區,信義區忠孝東路4段512號,0,0,1,1,C03,7,7,5,50,14,9,1,4,4,5,13,4,4,10,4,5,2,18,2,21,2,9,5,1,7,15,1,10,9,12,,44,,1,21,121.5624035,25.0411231
113,9,18,9,12,2,07信義區,信義區忠孝東路4段512號,0,0,1,2,,7,7,5,50,14,9,1,4,4,5,13,4,4,10,4,5,2,18,3,0,,,,,,,,,,,,67,,1,,121.5624035,25.0411231
113,9,18,9,20,2,03中山區,中山區長安東路2段與伊通街口,0,0,1,1,C03,8,7,5,50,4,1,1,5,4,5,13,2,1,5,2,5,2,17,1,44,3,10,5,1,7,5,1,10,1,12,,71,,1,21,121.534751,25.0484847
113,9,18,9,20,2,03中山區,中山區長安東路2段與伊通街口,0,0,1,2,C03,8,7,5,50,4,1,1,5,4,5,13,2,1,5,2,5,2,17,1,45,2,9,5,1,7,9,1,10,1,11,,16,,1,21,121.534751,25.0484847
113,9,18,9,24,2,01大同區,大同區市民高架道(西向東）,0,0,1,1,B03,8,6,6,40,14,9,1,5,4,5,13,4,4,5,4,5,2,17,1,26,3,10,7,1,7,9,6,8,11,1,,108,,2,21,121.5092936,25.0501458
113,9,18,9,24,2,01大同區,大同區市民高架道(西向東）,0,0,1,2,B03,8,6,6,40,14,9,1,5,4,5,13,4,4,5,4,5,2,17,1,26,2,9,7,4,7,9,1,8,1,3,,44,,1,21,121.5092936,25.0501458
113,9,18,9,24,2,01大同區,大同區市民高架道(西向東）,0,0,1,3,B01,8,6,6,40,14,9,1,5,4,5,13,4,4,5,4,5,2,17,1,62,3,10,7,4,7,14,1,4,1,1,,44,,1,21,121.5092936,25.0501458
113,9,18,9,26,2,12內湖區,內湖區新明路218號,0,0,1,1,B01,8,5,5,50,14,9,1,5,4,5,13,2,1,5,4,5,2,16,1,55,3,10,7,4,7,8,1,8,1,2,,100,,1,22,121.5844421,25.05695377
113,9,18,9,26,2,12內湖區,內湖區新明路218號,0,0,1,2,C03,8,5,5,50,14,9,1,5,4,5,13,2,1,5,4,5,2,16,1,34,2,9,6,1,7,9,1,9,1,11,,44,,1,22,121.5844421,25.05695377
113,9,18,9,58,2,10文山區,文山區汀州路4段與基隆路4段口,0,0,2,1,C03,8,6,5,50,5,1,1,5,4,5,13,2,1,5,5,5,2,16,2,32,2,9,5,1,7,5,1,10,1,12,,71,,1,21,121.5364317,25.0108714
113,9,18,9,58,2,10文山區,文山區汀州路4段與基隆路4段口,0,0,2,2,C03,8,6,5,50,5,1,1,5,4,5,13,2,1,5,5,5,2,16,2,40,2,9,5,1,7,9,1,10,1,11,,44,,1,21,121.5364317,25.0108714
113,9,18,10,0,2,05中正區,中正區中華路2段與廣州街口口,0,0,2,1,B01,6,6,5,50,4,1,1,4,4,5,13,1,1,1,4,5,1,17,1,59,3,10,7,1,7,9,6,3,2,2,,118,,1,21,121.5067743,25.0364039
113,9,18,10,0,2,05中正區,中正區中華路2段與廣州街口口,0,0,2,2,C03,6,6,5,50,4,1,1,4,4,5,13,1,1,1,4,5,1,17,2,38,2,8,6,1,7,9,1,10,2,14,,118,,1,21,121.5067743,25.0364039
113,9,18,10,0,2,05中正區,中正區中華路2段與廣州街口口,0,0,2,3,C03,6,6,5,50,4,1,1,4,4,5,13,1,1,1,4,5,1,17,1,22,2,8,6,1,7,9,1,10,2,11,,16,,1,21,121.5067743,25.0364039
113,9,18,10,5,2,08士林區,士林區仰德大道3段與仰德大道3段250巷口,0,0,1,1,B03,8,6,5,40,3,2,1,5,4,5,13,2,1,8,5,5,1,17,1,35,3,10,7,1,7,6,1,8,1,5,,17,,1,21,121.5484988,25.11985321
113,9,18,10,5,2,08士林區,士林區仰德大道3段與仰德大道3段250巷口,0,0,1,2,C03,8,6,5,40,3,2,1,5,4,5,13,2,1,8,5,5,1,17,1,19,2,9,5,1,7,9,1,10,1,11,,17,,1,21,121.5484988,25.11985321
113,9,18,10,52,2,07信義區,信義區光復南路與信義路4段口,0,0,1,1,F01,8,6,5,0,14,20,4,5,4,5,13,4,4,10,5,5,2,9,2,48,3,10,4,1,7,9,8,20,2,11,,108,,1,22,121.5579239,25.0328209
113,9,18,10,52,2,07信義區,信義區光復南路與信義路4段口,0,0,1,2,H01,8,6,5,0,14,20,4,5,4,5,13,4,4,10,5,5,2,9,2,47,2,7,4,5,8,16,8,20,10,16,,67,,1,22,121.5579239,25.0328209
113,9,18,11,10,2,03中山區,中山區林森北路與雙城街17巷口,0,0,2,1,C03,8,6,5,50,4,1,1,5,4,5,13,4,4,5,4,5,2,13,2,66,2,9,5,1,7,9,1,10,2,12,,80,,1,21,121.5256861,25.0644165
113,9,18,11,10,2,03中山區,中山區林森北路與雙城街17巷口,0,0,2,2,C03,8,6,5,50,4,1,1,5,4,5,13,4,4,5,4,5,2,13,1,22,2,9,5,1,7,9,1,10,2,11,,14,,1,21,121.5256861,25.0644165
113,9,18,11,20,2,05中正區,中正區天津街與市民大道2段口口,0,0,2,1,C03,8,5,5,40,4,1,1,5,4,5,13,2,1,9,4,5,1,16,2,73,2,8,5,1,7,1,1,10,2,12,,19,,1,21,121.5223234,25.0477957
113,9,18,11,20,2,05中正區,中正區天津街與市民大道2段口口,0,0,2,2,C03,8,5,5,40,4,1,1,5,4,5,13,2,1,9,4,5,1,16,1,32,2,8,6,1,7,9,1,10,2,11,,13,,1,21,121.5223234,25.0477957
113,9,18,11,30,2,05中正區,中正區羅斯福路3段與羅斯福路3段244巷口,0,0,1,1,C03,8,6,5,50,3,1,1,5,4,4,13,2,1,1,3,5,1,17,1,37,3,10,6,1,7,9,1,10,9,17,,37,,1,21,121.5183568,25.04847309
113,9,18,11,30,2,05中正區,中正區羅斯福路3段與羅斯福路3段244巷口,0,0,1,2,C03,8,6,5,50,3,1,1,5,4,4,13,2,1,1,3,5,1,17,1,73,2,9,5,1,7,9,1,10,9,14,,44,,1,21,121.5183568,25.04847309
113,9,18,11,43,2,01大同區,大同區民生西路與延平北路2段口,0,0,1,1,C03,8,5,5,50,4,1,1,5,4,5,13,2,1,9,4,5,1,17,1,25,3,10,5,1,7,5,1,10,1,11,,8,,1,21,121.5225506,25.05843655
113,9,18,11,43,2,01大同區,大同區民生西路與延平北路2段口,0,0,1,2,C03,8,5,5,50,4,1,1,5,4,5,13,2,1,9,4,5,1,17,2,29,2,9,5,1,7,9,1,10,1,14,,44,,1,21,121.5225506,25.05843655
113,9,18,11,46,2,09北投區,北投區立德路1號,0,0,1,1,C03,8,6,5,50,14,9,1,5,4,5,13,4,4,5,4,5,2,17,1,27,3,10,6,1,7,15,1,10,1,12,,80,,1,26,121.4714559,25.1238742
113,9,18,11,46,2,09北投區,北投區立德路1號,0,0,1,2,C03,8,6,5,50,14,9,1,5,4,5,13,4,4,5,4,5,2,17,1,36,2,9,6,1,7,9,1,10,1,11,,44,,1,21,121.4714559,25.1238742
113,9,18,12,12,2,07信義區,信義區吳興街156巷16弄21號,0,0,1,1,C03,7,6,5,50,14,9,1,5,4,5,13,4,4,5,5,5,2,18,2,34,2,9,5,4,7,9,1,10,1,17,,44,,1,21,121.5606771,25.0292187
113,9,18,12,12,2,07信義區,信義區吳興街156巷16弄21號,0,0,1,2,C03,7,6,5,50,14,9,1,5,4,5,13,4,4,5,5,5,2,18,1,60,3,10,6,1,7,9,1,8,9,17,,101,,1,21,121.5606771,25.0292187
113,9,18,13,12,2,07信義區,信義區永吉路與松隆路口,0,0,2,1,C03,8,6,5,50,5,1,1,5,4,5,13,1,1,1,1,5,2,16,1,32,2,9,5,1,7,6,1,10,2,12,,5,,1,22,121.5704589,25.0456168
113,9,18,13,12,2,07信義區,信義區永吉路與松隆路口,0,0,2,2,C03,8,6,5,50,5,1,1,5,4,5,13,1,1,1,1,5,2,16,2,32,2,7,5,1,7,9,1,10,2,11,,99,,1,22,121.5704589,25.0456168
113,9,18,13,37,2,02萬華區,萬華區西藏路125巷20號,0,0,1,1,C03,8,5,8,50,22,22,1,5,4,5,13,4,4,10,5,5,2,13,2,23,2,8,3,4,7,9,1,10,1,11,,108,,1,21,121.5028835,25.02742923
113,9,18,13,37,2,02萬華區,萬華區西藏路125巷20號,0,0,1,2,C03,8,5,8,50,22,22,1,5,4,5,13,4,4,10,5,5,2,13,1,59,3,10,3,4,7,9,1,10,1,13,,14,,1,21,121.5028835,25.02742923
113,9,18,13,50,2,08士林區,士林區至誠路2段與至誠路2段51巷口,0,0,2,1,C03,8,7,5,30,3,1,1,4,4,5,13,4,4,5,5,5,2,17,2,66,2,9,5,1,7,6,3,18,2,11,,9,,1,21,121.5282147,25.1015089
113,9,18,13,50,2,08士林區,士林區至誠路2段與至誠路2段51巷口,0,0,2,2,C03,8,7,5,30,3,1,1,4,4,5,13,4,4,5,5,5,2,17,2,36,2,5,5,1,7,9,1,10,2,12,,44,,1,21,121.5282147,25.1015089
113,9,18,13,54,2,10文山區,文山區景豐街31巷與景豐街37巷7弄口,0,0,1,1,C03,6,6,5,30,4,1,1,4,4,5,13,4,4,10,5,5,2,15,2,32,2,8,6,1,7,9,1,10,2,12,,75,,1,21,121.5454875,25.0000014
113,9,18,13,54,2,10文山區,文山區景豐街31巷與景豐街37巷7弄口,0,0,1,2,B03,6,6,5,30,4,1,1,4,4,5,13,4,4,10,5,5,2,15,1,59,3,10,7,1,7,9,1,8,2,1,,108,,1,21,121.5454875,25.0000014
113,9,18,14,16,2,04大安區,大安區辛亥路3段30號,0,0,1,1,C03,7,5,5,50,14,9,1,4,4,5,13,4,4,1,4,5,1,17,2,42,2,9,3,4,7,9,1,10,2,11,,108,,1,21,121.5444319,25.0207911
113,9,18,14,16,2,04大安區,大安區辛亥路3段30號,0,0,1,2,B13,7,5,5,50,14,9,1,4,4,5,13,4,4,1,4,5,1,17,1,25,3,10,3,4,7,14,1,8,2,7,,38,,1,21,121.5444319,25.0207911
113,9,18,14,44,2,01大同區,大同區西寧北路與南京西路口,0,0,1,1,B03,7,6,5,50,4,2,1,5,4,5,13,4,4,5,2,5,2,17,1,69,3,10,7,1,7,15,1,8,1,5,,101,,1,21,121.5087339,25.0534543
113,9,18,14,44,2,01大同區,大同區西寧北路與南京西路口,0,0,1,2,C03,7,6,5,50,4,2,1,5,4,5,13,4,4,5,2,5,2,17,1,71,2,9,6,1,7,9,1,10,1,14,,44,,1,21,121.5087339,25.0534543
113,9,18,14,45,2,09北投區,北投區公館路198號,0,0,1,1,C03,6,6,5,40,14,9,1,4,4,5,13,4,4,9,4,5,2,18,2,38,2,9,5,1,7,12,1,10,1,14,,118,,1,21,121.5074123,25.1279629
113,9,18,14,45,2,09北投區,北投區公館路198號,0,0,1,2,,6,6,5,40,14,9,1,4,4,5,13,4,4,9,4,5,2,18,3,0,,,,,,,,,,,,67,,1,,121.5074123,25.1279629
113,9,18,15,24,2,07信義區,信義區吳興街220巷與吳興街220巷59弄口,0,0,1,1,C03,6,6,5,50,3,2,1,4,4,5,13,2,1,9,5,5,2,18,2,40,2,9,5,1,7,6,1,10,1,12,,116,,1,21,121.5615607,25.0265961
113,9,18,15,24,2,07信義區,信義區吳興街220巷與吳興街220巷59弄口,0,0,1,2,,6,6,5,50,3,2,1,4,4,5,13,2,1,9,5,5,2,18,3,0,,,,,,,,,,,,67,,1,,121.5615607,25.0265961
113,9,18,15,30,2,12內湖區,內湖區民權東路6段與民權東路6段19巷口,0,0,1,1,C03,6,6,5,50,4,2,1,4,4,5,13,2,1,1,4,5,2,13,1,42,2,9,6,1,7,9,1,10,1,14,,16,,1,21,121.5818311,25.068122
113,9,18,15,30,2,12內湖區,內湖區民權東路6段與民權東路6段19巷口,0,0,1,2,B01,6,6,5,50,4,2,1,4,4,5,13,2,1,1,4,5,2,13,1,38,3,10,7,1,7,14,1,2,1,6,,44,,1,21,121.5818311,25.068122
113,9,18,15,30,2,11南港區,南港區松河街與重陽路203巷口,0,0,2,1,F01,6,7,5,50,14,9,1,4,4,5,13,4,4,5,4,5,2,16,2,88,2,9,3,4,7,11,8,20,1,13,,10,,1,21,121.6000509,25.0583249
113,9,18,15,30,2,11南港區,南港區松河街與重陽路203巷口,0,0,2,2,C03,6,7,5,50,14,9,1,4,4,5,13,4,4,5,4,5,2,16,1,20,2,9,3,4,7,9,1,10,1,11,,13,,1,21,121.6000509,25.0583249
113,9,18,15,50,2,03中山區,中山區民生東路2段153號,0,0,1,1,B01,6,7,5,50,14,9,1,4,4,5,13,4,4,1,4,5,2,16,1,53,3,10,7,1,7,7,1,4,1,17,,100,,1,21,121.5358453,25.05801645
113,9,18,15,50,2,03中山區,中山區民生東路2段153號,0,0,1,2,C03,6,7,5,50,14,9,1,4,4,5,13,4,4,1,4,5,2,16,1,30,2,8,6,1,7,9,1,10,1,17,,44,,1,21,121.5358453,25.05801645
113,9,18,15,51,2,06松山區,松山區南京東路3段303巷與南京東路3段303巷3弄口,0,0,1,1,B01,6,6,5,30,4,1,1,4,4,5,13,4,4,10,5,5,2,16,1,55,3,10,3,4,7,6,1,8,1,2,,44,,1,22,121.5467209,25.0524575
113,9,18,15,51,2,06松山區,松山區南京東路3段303巷與南京東路3段303巷3弄口,0,0,1,2,C03,6,6,5,30,4,1,1,4,4,5,13,4,4,10,5,5,2,16,1,28,2,9,6,1,7,9,1,10,1,11,,108,,1,22,121.5467209,25.0524575
113,9,18,16,0,2,03中山區,中山區長春路與龍江路口,0,0,1,1,B03,6,7,5,50,4,1,1,4,4,5,13,2,1,5,4,5,2,16,1,54,3,10,3,4,7,5,1,8,1,5,,44,,1,21,121.5405875,25.05468097
113,9,18,16,0,2,03中山區,中山區長春路與龍江路口,0,0,1,2,C03,6,7,5,50,4,1,1,4,4,5,13,2,1,5,4,5,2,16,1,30,2,9,6,4,7,9,1,10,1,12,,116,,1,21,121.5405875,25.05468097
113,9,18,16,0,2,08士林區,士林區志成街與志成街22巷口,0,0,1,1,C03,7,7,5,30,4,2,1,5,4,5,13,4,4,10,5,5,1,17,2,18,2,8,6,1,7,9,1,10,1,11,,72,,1,21,121.5301532,25.0968318
113,9,18,16,0,2,08士林區,士林區志成街與志成街22巷口,0,0,1,2,B03,7,7,5,30,4,2,1,5,4,5,13,4,4,10,5,5,1,17,2,33,3,10,7,1,7,9,1,8,1,4,,44,,1,21,121.5301532,25.0968318
113,9,18,16,15,2,05中正區,中正區泉州街與詔安街口口,0,0,1,1,C04,6,6,5,50,4,1,1,4,4,5,13,1,1,5,4,4,1,16,2,79,3,10,6,1,7,5,1,8,2,12,,8,,1,21,121.5132815,25.0256135
113,9,18,16,15,2,05中正區,中正區泉州街與詔安街口口,0,0,1,2,C03,6,6,5,50,4,1,1,4,4,5,13,1,1,5,4,4,1,16,2,61,2,7,6,1,7,9,1,10,2,11,,44,,1,21,121.5132815,25.0256135
113,9,18,16,15,2,09北投區,北投區公館路與光明路口,0,0,1,1,C03,6,6,5,50,14,9,1,4,4,5,13,3,1,9,4,5,2,13,2,21,2,8,5,1,7,9,1,10,1,11,,16,,1,21,121.5022736,25.13382714
113,9,18,16,15,2,09北投區,北投區公館路與光明路口,0,0,1,2,C03,6,6,5,50,14,9,1,4,4,5,13,3,1,9,4,5,2,13,2,59,3,10,5,1,7,9,1,10,1,13,,44,,1,21,121.5022736,25.13382714
113,9,18,16,34,2,10文山區,文山區羅斯福路6段92巷1號,0,0,1,1,B02,6,6,5,30,14,24,1,4,4,5,13,4,4,10,5,5,1,2,1,58,3,10,7,1,7,9,1,8,2,2,,118,,1,21,121.5401815,24.9982373
113,9,18,16,34,2,10文山區,文山區羅斯福路6段92巷1號,0,0,1,2,H01,6,6,5,30,14,24,1,4,4,5,13,4,4,10,5,5,1,2,2,68,2,9,4,5,8,16,8,20,10,16,,118,,1,21,121.5401815,24.9982373
113,9,18,17,2,2,08士林區,士林區至善路2段34號,0,0,2,1,F03,7,5,5,50,14,9,1,5,4,5,13,1,1,10,4,5,1,17,2,62,3,10,4,1,7,1,8,20,1,13,,80,,1,21,121.5442899,25.09705654
113,9,18,17,2,2,08士林區,士林區至善路2段34號,0,0,2,2,C03,7,5,5,50,14,9,1,5,4,5,13,1,1,10,4,5,1,17,1,21,2,9,6,1,7,9,1,10,1,11,,44,,1,21,121.5442899,25.09705654
113,9,18,17,2,2,08士林區,士林區至善路2段34號,0,0,2,3,H02,7,5,5,50,14,9,1,5,4,5,13,1,1,10,4,5,1,17,1,21,2,9,6,5,7,20,8,20,10,16,,67,,1,21,121.5442899,25.09705654
113,9,18,17,3,2,07信義區,信義區崇德街與信安街口,0,0,1,1,C03,6,6,5,50,4,1,1,4,4,5,13,2,1,9,5,5,2,13,2,56,2,8,5,1,7,5,1,10,1,13,14,44,,1,21,121.5557832,25.0240175
113,9,18,17,3,2,07信義區,信義區崇德街與信安街口,0,0,1,2,B02,6,6,5,50,4,1,1,4,4,5,13,2,1,9,5,5,2,13,1,61,3,10,3,4,7,9,1,8,1,1,,42,,1,21,121.5557832,25.0240175
113,9,18,17,9,2,03中山區,中山區德惠街與德惠街3巷口,0,0,1,1,B03,6,7,5,30,4,1,1,4,4,5,13,4,4,4,5,5,1,15,1,50,3,10,7,1,7,9,1,8,1,2,,72,,1,21,121.5225632,25.05220246
113,9,18,17,9,2,03中山區,中山區德惠街與德惠街3巷口,0,0,1,2,C03,6,7,5,30,4,1,1,4,4,5,13,4,4,4,5,5,1,15,1,29,2,7,5,1,7,9,1,10,1,11,,14,,1,21,121.5225632,25.05220246
113,9,18,17,13,2,06松山區,松山區八德路4段與八德路4段17巷口,0,0,1,1,C03,6,6,5,50,4,2,1,4,4,5,13,4,4,5,5,5,2,16,1,33,2,9,6,1,7,9,1,10,2,11,,116,,1,22,121.5584676,25.04830462
113,9,18,17,13,2,06松山區,松山區八德路4段與八德路4段17巷口,0,0,1,2,B03,6,6,5,50,4,2,1,4,4,5,13,4,4,5,5,5,2,16,1,34,3,10,3,4,7,6,1,8,2,4,,72,,1,21,121.5584676,25.04830462
113,9,18,17,25,2,09北投區,北投區承德路7段與公館路口,0,0,2,1,C03,8,5,5,60,4,1,1,5,4,5,13,2,1,1,3,4,2,16,2,20,2,8,5,1,7,6,1,10,1,12,,9,,1,21,121.5015942,25.11956604
113,9,18,17,25,2,09北投區,北投區承德路7段與公館路口,0,0,2,2,C03,8,5,5,60,4,1,1,5,4,5,13,2,1,1,3,4,2,16,2,56,2,9,5,1,7,9,1,10,1,14,,44,,1,21,121.5015942,25.11956604
113,9,18,17,30,2,08士林區,士林區雨聲街與雨聲街165巷口,0,0,1,1,B01,6,5,5,50,3,2,1,4,4,5,13,3,1,5,5,5,1,17,1,60,3,10,7,1,7,6,1,4,1,6,,9,,1,21,121.5335885,25.1023932
113,9,18,17,30,2,08士林區,士林區雨聲街與雨聲街165巷口,0,0,1,2,C03,6,5,5,50,3,2,1,4,4,5,13,3,1,5,5,5,1,17,1,18,2,9,6,1,7,9,1,10,1,11,,44,,1,21,121.5335885,25.1023932
113,9,18,17,33,2,01大同區,大同區承德路2段與民生西路口,0,0,1,1,C03,6,5,5,50,4,2,1,4,4,5,13,1,1,1,2,5,2,17,1,65,3,10,6,1,7,15,1,10,1,12,,42,,1,21,121.518107,25.05733918
113,9,18,17,33,2,01大同區,大同區承德路2段與民生西路口,0,0,1,2,C03,6,5,5,50,4,2,1,4,4,5,13,1,1,1,2,5,2,17,2,59,2,9,6,1,7,15,1,10,1,14,,42,,1,21,121.518107,25.05733918
113,9,18,17,35,2,06松山區,松山區光復北路11巷33號,0,0,1,1,B03,6,5,5,30,14,9,1,4,4,5,13,4,4,9,4,5,2,17,1,68,4,11,3,4,7,21,7,19,11,17,,19,,2,22,121.5597666,25.0498057
113,9,18,17,35,2,06松山區,松山區光復北路11巷33號,0,0,1,2,C03,6,5,5,30,14,9,1,4,4,5,13,4,4,9,4,5,2,17,1,22,2,9,6,1,7,9,1,10,1,17,,14,,1,22,121.5597666,25.0498057
113,9,18,17,35,2,12內湖區,內湖區內湖路1段405號,0,0,1,1,B03,6,5,5,50,14,9,1,4,4,5,13,4,4,1,4,5,2,17,2,77,3,10,7,1,7,1,1,8,1,15,,19,,1,21,121.5707066,25.08167057
113,9,18,17,35,2,12內湖區,內湖區內湖路1段405號,0,0,1,2,C03,6,5,5,50,14,9,1,4,4,5,13,4,4,1,4,5,2,17,1,27,2,9,6,1,7,9,1,10,1,17,,44,,1,21,121.5707066,25.08167057
113,9,18,17,38,2,01大同區,大同區民權西路122號,0,0,2,1,C03,6,5,5,50,14,9,1,4,4,5,13,4,4,8,3,5,1,17,2,19,3,10,6,1,7,7,1,10,1,13,,100,,1,21,121.516627,25.06284141
113,9,18,17,38,2,01大同區,大同區民權西路122號,0,0,2,2,C03,6,5,5,50,14,9,1,4,4,5,13,4,4,8,3,5,1,17,1,19,2,9,6,1,7,9,1,10,1,11,,44,,1,21,121.516627,25.06284141
113,9,18,17,38,2,01大同區,大同區民權西路122號,0,0,2,3,H02,6,5,5,50,14,9,1,4,4,5,13,4,4,8,3,5,1,17,2,18,2,9,6,5,7,20,8,20,10,16,,67,,1,21,121.516627,25.06284141
113,9,18,17,41,2,12內湖區,內湖區文德路216號,0,0,2,1,B03,6,5,5,0,14,7,1,4,4,5,13,4,4,1,4,4,2,17,1,67,3,10,7,1,7,1,1,8,11,17,,19,,2,21,121.5942598,25.07102767
113,9,18,17,41,2,12內湖區,內湖區文德路216號,0,0,2,2,C03,6,5,5,0,14,7,1,4,4,5,13,4,4,1,4,4,2,17,1,25,2,9,5,1,7,9,1,10,2,14,,44,,1,21,121.5942598,25.07102767
113,9,18,17,41,2,12內湖區,內湖區文德路216號,0,0,2,3,C03,6,5,5,0,14,7,1,4,4,5,13,4,4,1,4,4,2,17,1,59,2,9,5,1,7,9,1,10,2,14,,44,,1,21,121.5942598,25.07102767
113,9,18,18,6,2,12內湖區,內湖區瑞光路與瑞光路393巷口,0,0,2,1,C03,6,5,8,50,4,2,1,4,4,5,13,1,1,5,4,5,2,17,1,42,2,7,5,1,7,15,1,10,1,11,,101,,1,21,121.5728684,25.0775154
113,9,18,18,6,2,12內湖區,內湖區瑞光路與瑞光路393巷口,0,0,2,2,C03,6,5,8,50,4,2,1,4,4,5,13,1,1,5,4,5,2,17,1,29,3,10,5,1,7,9,1,10,1,11,,44,,1,21,121.5728684,25.0775154
113,9,18,18,6,2,12內湖區,內湖區瑞光路與瑞光路393巷口,0,0,2,3,C03,6,5,8,50,4,2,1,4,4,5,13,1,1,5,4,5,2,17,1,34,2,9,5,1,7,9,1,10,1,14,,44,,1,21,121.5728684,25.0775154