發生年度,發生月,發生日,發生時-Hours,發生分,處理別-編號,區序,肇事地點,死亡人數,2-30日死亡人數,受傷人數,當事人序號,車種,天候,道路照明設備,道路類別,速限-速度限制,道路型態,事故位置,路面狀況1,路面狀況2,路面狀況3,道路障礙1,道路障礙2,號誌1,號誌2,車道劃分-分向,車道劃分-分道1,車道劃分-分道2,車道劃分-分道3,事故類型及型態,性別,年齡,受傷程度,主要傷處,保護裝置,行動電話,車輛用途,當事者行動狀態,駕駛資格情形,駕駛執照種類,飲酒情形,車輛撞擊部位1,車輛撞擊部位2,肇因碼-個別,肇因碼-主要,個人肇逃否,職業,座標-X,座標-Y
113,9,18,18,30,2,05中正區,中正區信義路1段21號,0,0,1,1,B03,7,5,5,30,14,9,1,4,4,5,13,4,4,1,4,5,2,17,1,56,3,10,7,1,7,5,1,8,2,8,,19,,1,21,121.5236755,25.0360482
113,9,18,18,30,2,05中正區,中正區信義路1段21號,0,0,1,2,F01,7,5,5,30,14,9,1,4,4,5,13,4,4,1,4,5,2,17,1,51,2,8,4,1,7,9,8,20,2,11,,44,,1,21,121.5236755,25.0360482
113,9,18,18,35,2,10文山區,文山區辛亥路6段與木柵路1段口口,0,0,1,1,B03,6,5,5,50,4,1,1,4,4,5,13,2,1,10,5,5,2,17,2,42,3,10,7,1,7,6,1,8,1,8,,9,,1,21,121.5522431,24.9878623
113,9,18,18,35,2,10文山區,文山區辛亥路6段與木柵路1段口口,0,0,1,2,C03,6,5,5,50,4,1,1,4,4,5,13,2,1,10,5,5,2,17,1,25,2,8,5,1,7,5,1,10,1,15,,8,,1,21,121.5522431,24.9878623
113,9,18,18,46,2,02萬華區,萬華區萬大路與萬大路506巷口,0,0,1,1,C03,7,5,5,50,3,2,1,4,4,5,13,4,4,3,4,5,2,12,1,45,3,10,6,1,7,4,1,9,1,14,,17,,1,21,121.4970755,25.01912627
113,9,18,18,46,2,02萬華區,萬華區萬大路與萬大路506巷口,0,0,1,2,C03,7,5,5,50,3,2,1,4,4,5,13,4,4,3,4,5,2,12,2,29,2,9,5,1,7,9,1,10,1,12,,44,,1,21,121.4970755,25.01912627
113,9,18,18,48,2,01大同區,大同區承德路1段與華陰街口,0,0,1,3,C04,6,5,5,50,5,2,1,4,4,5,13,4,4,1,4,5,2,17,1,24,2,9,6,1,7,9,1,11,1,11,,16,,1,21,121.5167124,25.0501903
113,9,18,18,48,2,01大同區,大同區承德路1段與華陰街口,0,0,1,4,C03,6,5,5,50,5,2,1,4,4,5,13,4,4,1,4,5,2,17,1,42,3,10,6,1,7,9,1,10,1,13,,44,,1,21,121.5167124,25.0501903
113,9,18,18,48,2,01大同區,大同區承德路1段與華陰街口,0,0,1,1,C03,6,5,5,50,5,2,1,4,4,5,13,4,4,1,4,5,2,17,1,30,4,11,3,4,7,9,7,19,11,11,,119,,2,22,121.5167124,25.0501903
113,9,18,18,48,2,01大同區,大同區承德路1段與華陰街口,0,0,1,2,B01,6,5,5,50,5,2,1,4,4,5,13,4,4,1,4,5,2,17,1,61,4,11,3,4,7,8,7,19,11,17,,119,,2,22,121.5167124,25.0501903
113,9,18,18,51,2,06松山區,松山區市民大道6段與虎林街口,0,0,1,1,C03,6,5,5,40,4,2,1,4,4,5,13,4,4,1,4,5,2,17,1,44,2,9,6,1,7,9,1,10,1,14,,16,,1,22,121.5762776,25.0494463
113,9,18,18,51,2,06松山區,松山區市民大道6段與虎林街口,0,0,1,2,B03,6,5,5,40,4,2,1,4,4,5,13,4,4,1,4,5,2,17,2,55,3,10,7,1,7,12,1,8,1,3,,44,,1,22,121.5762776,25.0494463
113,9,18,18,55,2,08士林區,士林區至誠路2段與至誠路2段92巷口,0,0,2,1,F01,6,5,5,50,3,2,1,4,4,5,13,4,4,5,5,5,2,17,2,76,2,9,4,1,7,5,8,20,2,11,,8,,1,22,121.5276863,25.1013902
113,9,18,18,55,2,08士林區,士林區至誠路2段與至誠路2段92巷口,0,0,2,2,C03,6,5,5,50,3,2,1,4,4,5,13,4,4,5,5,5,2,17,1,58,2,9,6,1,7,9,1,10,2,11,,44,,1,22,121.5276863,25.1013902
113,9,18,19,4,2,04大安區,大安區和平東路3段與和平東路3段512巷口旁,0,0,1,1,B03,6,5,6,40,14,9,1,4,4,5,13,4,4,5,5,5,2,13,1,74,3,10,7,1,7,9,1,8,1,1,,108,,1,21,121.561459,25.0152143
113,9,18,19,4,2,04大安區,大安區和平東路3段與和平東路3段512巷口旁,0,0,1,2,C03,6,5,6,40,14,9,1,4,4,5,13,4,4,5,5,5,2,13,2,46,2,8,5,1,7,9,1,10,1,13,,44,,1,21,121.561459,25.0152143
113,9,18,19,24,2,02萬華區,萬華區西園路2段276號,0,0,1,2,C03,6,5,5,50,14,9,1,4,4,5,13,4,4,1,5,5,2,17,2,27,2,9,5,1,7,12,1,10,1,14,,44,,1,21,121.4946025,25.0277268
113,9,18,19,24,2,02萬華區,萬華區西園路2段276號,0,0,1,1,B03,6,5,5,50,14,9,1,4,4,5,13,4,4,1,5,5,2,17,1,61,3,10,7,1,7,12,1,8,9,17,,44,,1,21,121.4946025,25.0277268
113,9,18,19,24,2,04大安區,大安區辛亥隧道(內),0,0,2,1,C03,6,5,5,50,6,9,1,4,4,5,13,4,4,5,4,5,2,13,1,62,2,8,5,1,7,9,1,10,11,11,,16,,1,21,121.5547124,25.0123289
113,9,18,19,24,2,04大安區,大安區辛亥隧道(內),0,0,2,2,C03,6,5,5,50,6,9,1,4,4,5,13,4,4,5,4,5,2,13,1,29,2,9,5,1,7,12,1,10,9,13,,44,,1,21,121.5547124,25.0123289
113,9,18,19,27,2,01大同區,大同區延平北路3段與民權西路口,0,0,3,1,C03,6,5,5,50,4,1,1,4,4,5,13,2,1,4,4,5,2,17,2,37,2,9,3,4,7,9,1,10,1,17,,118,,1,21,121.5113057,25.0630255
113,9,18,19,27,2,01大同區,大同區延平北路3段與民權西路口,0,0,3,2,C03,6,5,5,50,4,1,1,4,4,5,13,2,1,4,4,5,2,17,1,46,2,9,3,4,7,9,1,10,1,17,,118,,1,21,121.5113057,25.0630255
113,9,18,19,27,2,01大同區,大同區延平北路3段與民權西路口,0,0,3,3,H02,6,5,5,50,4,1,1,4,4,5,13,2,1,4,4,5,2,17,2,46,2,9,3,5,7,20,8,20,10,16,,67,,1,21,121.5113057,25.0630255
113,9,18,19,30,2,12內湖區,內湖區環山路1段與環山路1段60巷口,0,0,3,1,C03,6,5,5,50,3,1,1,4,4,5,13,1,1,4,4,5,1,17,1,47,2,8,6,1,7,5,1,10,1,12,,8,,1,21,121.5666292,25.0864169
113,9,18,19,30,2,12內湖區,內湖區環山路1段與環山路1段60巷口,0,0,3,2,C03,6,5,5,50,3,1,1,4,4,5,13,1,1,4,4,5,1,17,1,28,2,9,6,1,7,9,1,10,1,11,,14,,1,21,121.5666292,25.0864169
113,9,18,19,30,2,12內湖區,內湖區環山路1段與環山路1段60巷口,0,0,3,3,H02,6,5,5,50,3,1,1,4,4,5,13,1,1,4,4,5,1,17,2,12,2,8,4,5,7,20,8,20,10,16,,67,,1,22,121.5666292,25.0864169
113,9,18,20,9,2,03中山區,中山區中原街與新生北路2段41巷口,0,0,2,1,C03,6,5,5,30,4,1,1,4,4,5,13,4,4,9,4,5,2,15,1,33,2,9,3,4,7,9,1,10,2,11,,72,,1,21,121.5288416,25.05563261
113,9,18,20,9,2,03中山區,中山區中原街與新生北路2段41巷口,0,0,2,2,C03,6,5,5,30,4,1,1,4,4,5,13,4,4,9,4,5,2,15,1,26,2,9,3,4,7,9,1,10,2,12,,14,,1,21,121.5288416,25.05563261
113,9,18,20,9,2,03中山區,中山區中原街與新生北路2段41巷口,0,0,2,3,C03,6,5,5,30,4,1,1,4,4,5,13,4,4,9,4,5,2,15,2,61,4,11,3,4,7,13,7,19,11,14,,44,,1,21,121.5288416,25.05563261
113,9,18,20,9,2,03中山區,中山區中原街與新生北路2段41巷口,0,0,2,4,C04,6,5,5,30,4,1,1,4,4,5,13,4,4,9,4,5,2,15,3,0,,,,,,,,,,,,67,,1,,121.5288416,25.05563261
113,9,18,20,9,2,03中山區,中山區中原街與新生北路2段41巷口,0,0,2,5,C03,6,5,5,30,4,1,1,4,4,5,13,4,4,9,4,5,2,15,2,48,3,10,3,4,7,13,1,10,11,15,,44,,1,21,121.5288416,25.05563261
113,9,18,20,9,2,03中山區,中山區中原街與新生北路2段41巷口,0,0,2,6,C03,6,5,5,30,4,1,1,4,4,5,13,4,4,9,4,5,2,15,1,50,4,11,3,4,7,13,7,19,11,14,,44,,1,21,121.5288416,25.05563261
113,9,18,20,26,2,02萬華區,萬華區寶興街與寶興街222巷口,0,0,2,1,B01,7,5,5,50,4,1,1,4,4,5,13,2,1,5,4,5,2,17,1,65,3,10,7,1,7,11,1,4,1,17,,10,,1,21,121.4958567,25.02227506
113,9,18,20,26,2,02萬華區,萬華區寶興街與寶興街222巷口,0,0,2,2,C03,7,5,5,50,4,1,1,4,4,5,13,2,1,5,4,5,2,17,2,21,2,9,6,1,7,9,1,10,1,14,,44,,1,21,121.4958567,25.02227506
113,9,18,20,26,2,02萬華區,萬華區寶興街與寶興街222巷口,0,0,2,3,H02,7,5,5,50,4,1,1,4,4,5,13,2,1,5,4,5,2,17,2,23,2,9,6,5,7,20,8,20,10,16,,67,,1,21,121.4958567,25.02227506
113,9,18,20,41,2,04大安區,大安區建國南路1段177號,0,0,1,1,B02,7,5,5,40,14,9,1,4,4,5,13,4,4,1,4,4,2,17,2,48,3,10,7,1,7,8,1,8,1,17,,80,,1,21,121.5382523,25.0390346
113,9,18,20,41,2,04大安區,大安區建國南路1段177號,0,0,1,2,C04,7,5,5,40,14,9,1,4,4,5,13,4,4,1,4,4,2,17,1,23,2,9,5,1,7,12,1,10,1,14,,42,,1,21,121.5382523,25.0390346
113,9,18,20,45,2,04大安區,大安區市民大道4段與市民大道口側附近4段68巷口,0,0,1,1,B02,6,5,5,40,3,1,1,4,4,5,13,4,4,1,4,5,2,17,1,44,3,10,7,1,7,6,1,8,1,17,,74,,1,22,121.5472598,25.0449113
113,9,18,20,45,2,04大安區,大安區市民大道4段與市民大道口側附近4段68巷口,0,0,1,2,C03,6,5,5,40,3,1,1,4,4,5,13,4,4,1,4,5,2,17,2,24,2,9,5,1,7,9,1,10,1,12,,44,,1,22,121.5472598,25.0449113
113,9,18,20,45,2,12內湖區,內湖區瑞光路與港墘路口,0,0,1,1,B03,6,5,5,50,4,2,1,4,4,5,13,1,1,5,4,5,2,16,2,43,3,10,7,1,7,5,1,8,1,5,,71,,1,22,121.5749383,25.0764113
113,9,18,20,45,2,12內湖區,內湖區瑞光路與港墘路口,0,0,1,2,C03,6,5,5,50,4,2,1,4,4,5,13,1,1,5,4,5,2,16,1,27,2,9,5,1,7,9,1,10,1,14,,119,,1,21,121.5749383,25.0764113
113,9,18,21,17,2,03中山區,中山區市民大道1段與林森北路口,0,0,1,1,C03,6,5,5,40,4,1,1,4,4,5,13,1,1,1,4,5,2,17,1,23,2,9,6,1,7,9,1,10,1,11,,16,,1,21,121.5243753,25.04792398
113,9,18,21,17,2,03中山區,中山區市民大道1段與林森北路口,0,0,1,2,B03,6,5,5,40,4,1,1,4,4,5,13,1,1,1,4,5,2,17,1,29,3,10,7,1,7,8,1,8,1,3,,100,,1,21,121.5243753,25.04792398
113,9,18,21,45,2,01大同區,大同區南京西路與南京西路302巷口,0,0,1,1,C03,6,5,5,50,5,1,1,4,4,5,13,4,4,5,4,5,2,17,1,31,3,10,6,1,7,5,1,10,1,14,,8,,1,21,121.5135597,25.0540384
113,9,18,21,45,2,01大同區,大同區南京西路與南京西路302巷口,0,0,1,2,C03,6,5,5,50,5,1,1,4,4,5,13,4,4,5,4,5,2,17,2,27,2,8,6,1,7,9,1,10,1,11,,44,,1,21,121.5135597,25.0540384
113,9,18,21,56,2,04大安區,大安區復興南路2段151巷與復興南路2段151巷30弄口口,0,0,1,1,B03,6,5,5,40,14,9,1,4,4,5,13,4,4,5,4,5,2,17,1,22,3,10,7,1,7,1,1,8,1,8,,19,,1,21,121.5451875,25.0283507
113,9,18,21,56,2,04大安區,大安區復興南路2段151巷與復興南路2段151巷30弄口口,0,0,1,2,C03,6,5,5,40,14,9,1,4,4,5,13,4,4,5,4,5,2,17,2,63,2,9,5,1,7,9,1,10,1,11,,44,,1,21,121.5451875,25.0283507
113,9,18,22,55,2,08士林區,士林區仰德大道1段23號,0,0,2,1,C03,6,5,5,40,14,18,1,4,4,5,13,4,4,4,5,5,2,3,2,22,2,9,3,4,7,9,1,10,1,15,,42,,1,21,121.5370675,25.10321486
113,9,18,22,55,2,08士林區,士林區仰德大道1段23號,0,0,2,2,H01,6,5,5,40,14,18,1,4,4,5,13,4,4,4,5,5,2,3,1,22,2,9,4,5,8,16,8,20,10,16,,67,,1,21,121.5370675,25.10321486
113,9,19,1,22,2,01大同區,大同區民權西路144巷與民權西路102巷4弄口,0,0,1,1,B03,6,5,5,30,4,1,1,4,4,5,13,3,1,10,5,5,2,10,2,22,3,10,7,1,7,15,1,8,2,1,,84,,1,22,121.5159211,25.0616278
113,9,19,1,22,2,01大同區,大同區民權西路144巷與民權西路102巷4弄口,0,0,1,2,C03,6,5,5,30,4,1,1,4,4,5,13,3,1,10,5,5,2,10,1,18,2,9,5,1,7,9,1,10,2,14,,13,,1,22,121.5159211,25.0616278
113,9,19,1,22,2,01大同區,大同區民權西路144巷與民權西路102巷4弄口,0,0,1,3,B03,6,5,5,30,4,1,1,4,4,5,13,3,1,10,5,5,2,10,1,49,3,10,2,1,7,14,1,8,9,6,,67,,1,22,121.5159211,25.0616278
113,9,19,1,32,2,07信義區,信義區基隆路2段與光復南路口,0,0,1,1,B02,8,5,5,50,4,2,1,5,4,5,13,2,1,1,4,4,1,13,2,20,3,10,3,4,7,9,1,8,5,8,,21,,1,22,121.5576237,25.029767
113,9,19,1,32,2,07信義區,信義區基隆路2段與光復南路口,0,0,1,2,B01,8,5,5,50,4,2,1,5,4,5,13,2,1,1,4,4,1,13,1,47,2,1,3,4,7,14,1,4,2,6,,44,,1,22,121.5576237,25.029767
113,9,19,1,32,2,07信義區,信義區基隆路2段與光復南路口,0,0,1,3,B01,8,5,5,50,4,2,1,5,4,5,13,2,1,1,4,4,1,13,1,59,3,10,3,4,7,14,1,4,2,3,,44,,1,22,121.5576237,25.029767
113,9,19,3,10,2,08士林區,士林區陽金公路燈桿NO.1112188處,0,0,1,1,C03,6,5,5,40,14,9,1,4,4,5,13,4,4,5,5,5,1,37,1,30,2,8,6,1,7,9,1,10,1,11,,13,,1,21,121.5696985,25.1813388
113,9,19,3,10,2,08士林區,士林區陽金公路燈桿NO.1112188處,0,0,1,2,,6,5,5,40,14,9,1,4,4,5,13,4,4,5,5,5,1,37,3,0,,,,,,,,,,,,129,,1,,121.5696985,25.1813388
113,9,19,6,56,2,04大安區,大安區新生南路1段139巷與新生南路1段口,0,0,2,1,F01,8,7,5,50,5,1,1,5,4,5,13,1,1,8,3,5,2,15,2,68,2,9,3,4,7,9,8,20,1,12,,81,,1,21,121.5329614,25.0366446
113,9,19,6,56,2,04大安區,大安區新生南路1段139巷與新生南路1段口,0,0,2,2,C03,8,7,5,50,5,1,1,5,4,5,13,1,1,8,3,5,2,15,1,43,2,8,3,4,7,9,1,10,1,11,,4,,1,21,121.5329614,25.0366446
113,9,19,7,4,2,09北投區,北投區中央北路2段33號,0,0,2,1,C03,8,7,5,50,14,9,1,5,4,5,13,4,4,8,3,5,1,12,2,46,2,9,5,1,7,1,1,10,1,14,1,19,,1,21,121.495553,25.136652
113,9,19,7,4,2,09北投區,北投區中央北路2段33號,0,0,2,2,A02,8,7,5,50,14,9,1,5,4,5,13,4,4,8,3,5,1,12,2,42,3,10,7,1,7,9,1,2,1,2,2,44,,1,21,121.495553,25.136652
113,9,19,7,4,2,09北投區,北投區中央北路2段33號,0,0,2,3,H02,8,7,5,50,14,9,1,5,4,5,13,4,4,8,3,5,1,12,2,14,2,9,5,5,7,20,8,20,10,16,3,67,,1,21,121.495553,25.136652
113,9,19,7,8,2,10文山區,文山區辛亥路7段與辛亥路7段5巷口,0,0,1,1,F01,8,6,5,50,3,2,1,5,4,5,13,4,4,5,4,5,2,18,1,66,2,9,2,4,7,9,8,20,1,11,,42,,1,21,121.5524543,24.987327
113,9,19,7,8,2,10文山區,文山區辛亥路7段與辛亥路7段5巷口,0,0,1,2,,8,6,5,50,3,2,1,5,4,5,13,4,4,5,4,5,2,18,3,0,,,,,,,,,,,,67,,1,,121.5524543,24.987327
113,9,19,7,19,2,03中山區,中山區崇實路127號對面,0,0,1,1,C04,8,6,5,50,14,9,1,5,4,5,13,4,4,1,4,5,2,12,2,71,2,9,6,1,7,7,1,8,2,14,,100,,1,22,121.5444531,25.0832657
113,9,19,7,19,2,03中山區,中山區崇實路127號對面,0,0,1,2,B03,8,6,5,50,14,9,1,5,4,5,13,4,4,1,4,5,2,12,2,47,3,10,7,1,7,9,1,8,2,6,,44,,1,21,121.5444531,25.0832657
113,9,19,7,19,2,10文山區,文山區興隆路4段與興隆路4段105巷口,0,0,1,1,B03,8,7,5,50,4,1,1,5,4,5,13,1,1,10,5,5,2,16,2,34,3,10,7,1,7,5,1,8,1,2,,71,,1,21,121.5606337,24.9876342
113,9,19,7,19,2,10文山區,文山區興隆路4段與興隆路4段105巷口,0,0,1,2,C03,8,7,5,50,4,1,1,5,4,5,13,1,1,10,5,5,2,16,2,43,2,7,5,1,7,9,1,10,1,11,,42,,1,21,121.5606337,24.9876342
113,9,19,7,55,2,08士林區,士林區中山北路5段與中正路口,0,0,4,1,C03,8,6,5,50,4,1,1,5,4,5,13,1,1,4,3,5,1,12,2,50,2,9,6,1,7,9,1,10,1,11,,16,,1,22,121.528072,25.0956395
113,9,19,7,55,2,08士林區,士林區中山北路5段與中正路口,0,0,4,2,C03,8,6,5,50,4,1,1,5,4,5,13,1,1,4,3,5,1,12,1,44,2,9,6,1,7,14,1,10,1,13,,44,,1,22,121.528072,25.0956395
113,9,19,7,55,2,08士林區,士林區中山北路5段與中正路口,0,0,4,3,C03,8,6,5,50,4,1,1,5,4,5,13,1,1,4,3,5,1,12,2,29,2,9,6,1,7,9,1,10,1,12,,16,,1,22,121.528072,25.0956395
113,9,19,7,55,2,08士林區,士林區中山北路5段與中正路口,0,0,4,4,C03,8,6,5,50,4,1,1,5,4,5,13,1,1,4,3,5,1,12,2,26,2,9,6,1,7,10,1,10,1,12,,102,,1,22,121.528072,25.0956395
113,9,19,8,5,2,10文山區,文山區新光路2段動物園公務門旁,0,0,1,1,C03,8,6,5,50,18,9,1,5,4,5,13,3,1,10,4,5,2,12,1,48,3,10,5,1,7,9,1,10,2,17,,101,,1,21,121.583108,25.0000632
113,9,19,8,5,2,10文山區,文山區新光路2段動物園公務門旁,0,0,1,2,C03,8,6,5,50,18,9,1,5,4,5,13,3,1,10,4,5,2,12,1,23,2,9,6,1,7,9,1,10,2,14,,44,,1,21,121.583108,25.0000632
113,9,19,8,14,2,08士林區,士林區德行東路109巷與德行東路109巷63弄口,0,0,1,1,B03,8,6,5,30,4,2,1,5,4,5,13,4,4,9,4,5,1,12,1,79,4,11,3,4,7,9,1,8,9,2,,108,,2,21,121.5285148,25.1096385
113,9,19,8,14,2,08士林區,士林區德行東路109巷與德行東路109巷63弄口,0,0,1,2,F01,8,6,5,30,4,2,1,5,4,5,13,4,4,9,4,5,1,12,2,80,2,7,4,1,7,9,8,20,1,14,,44,,1,21,121.5285148,25.1096385
113,9,19,8,20,2,12內湖區,內湖區堤頂大道1段與行善路口,0,0,1,1,C03,8,6,5,50,3,1,1,5,4,5,13,4,4,1,5,5,2,16,1,31,2,7,6,1,7,6,1,10,2,12,,5,,1,21,121.5744837,25.05583288
113,9,19,8,20,2,12內湖區,內湖區堤頂大道1段與行善路口,0,0,1,2,C03,8,6,5,50,3,1,1,5,4,5,13,4,4,1,5,5,2,16,1,41,3,10,6,1,7,9,1,10,2,14,,44,,1,21,121.5744837,25.05583288
113,9,19,8,36,2,08士林區,士林區文昌路155巷與文昌路169巷口,0,0,1,1,C03,8,6,5,30,4,1,1,5,4,5,13,4,4,10,5,5,1,15,1,28,2,9,5,1,7,9,1,10,1,12,,44,,1,21,121.5197787,25.097533
113,9,19,8,36,2,08士林區,士林區文昌路155巷與文昌路169巷口,0,0,1,2,B01,8,6,5,30,4,1,1,5,4,5,13,4,4,10,5,5,1,15,1,62,3,10,7,1,7,9,1,4,1,1,,72,,1,21,121.5197787,25.097533
113,9,19,8,36,2,08士林區,士林區文昌路155巷與文昌路169巷口,0,0,1,3,C03,8,6,5,30,4,1,1,5,4,5,13,4,4,10,5,5,1,15,1,53,3,10,5,1,7,14,1,10,1,14,,44,,1,21,121.5197787,25.097533
113,9,19,8,43,2,04大安區,大安區和平東路3段與基隆路2段口,0,0,1,1,B03,8,7,5,50,5,1,1,5,4,5,13,1,1,8,3,5,2,17,1,66,3,10,3,4,7,15,1,8,1,5,,80,,1,21,121.5523102,25.0240463
113,9,19,8,43,2,04大安區,大安區和平東路3段與基隆路2段口,0,0,1,2,C03,8,7,5,50,5,1,1,5,4,5,13,1,1,8,3,5,2,17,2,24,2,9,3,4,7,9,1,10,1,14,,44,,1,21,121.5523102,25.0240463
113,9,19,8,54,2,12內湖區,內湖區瑞光路392號前,0,0,1,1,C03,8,5,5,50,14,9,1,5,4,5,13,4,4,5,5,5,2,16,2,31,2,9,6,1,7,7,1,10,2,13,,100,,1,21,121.5712579,25.0780271
113,9,19,8,54,2,12內湖區,內湖區瑞光路392號前,0,0,1,2,C03,8,5,5,50,14,9,1,5,4,5,13,4,4,5,5,5,2,16,1,26,3,10,6,1,7,9,1,10,2,11,,44,,1,21,121.5712579,25.0780271
113,9,19,9,0,2,03中山區,中山區民權東路2段148號,0,0,1,1,C03,8,7,8,50,14,9,1,5,4,3,10,4,4,1,4,5,2,12,1,77,2,8,5,4,7,7,6,11,1,15,,101,,1,21,121.5343562,25.0623495
113,9,19,9,0,2,03中山區,中山區民權東路2段148號,0,0,1,2,B03,8,7,8,50,14,9,1,5,4,3,10,4,4,1,4,5,2,12,2,46,3,10,3,4,7,15,1,8,1,5,,44,,1,21,121.5343562,25.0623495
113,9,19,9,0,2,03中山區,中山區民權東路2段148號,0,0,1,3,B12,8,7,8,50,14,9,1,5,4,3,10,4,4,1,4,5,2,12,1,41,3,10,3,4,7,14,1,2,9,17,,38,,1,21,121.5343562,25.0623495
113,9,19,9,14,2,03中山區,中山區德惠街3巷與雙城街46巷口,0,0,1,1,F01,8,7,5,30,3,1,1,5,4,5,13,4,4,10,5,5,2,17,2,65,2,9,4,1,7,6,8,20,1,11,,98,,1,22,121.5233126,25.0671313
113,9,19,9,14,2,03中山區,中山區德惠街3巷與雙城街46巷口,0,0,1,2,B03,8,7,5,30,3,1,1,5,4,5,13,4,4,10,5,5,2,17,2,67,3,10,7,1,7,9,1,8,1,8,,44,,1,22,121.5233126,25.0671313
113,9,19,9,32,2,12內湖區,內湖區舊宗路1段與民權東路6段口,0,0,1,1,C03,7,6,5,50,4,1,1,5,4,5,13,1,1,1,4,5,2,13,1,45,3,10,5,2,7,12,1,10,1,17,,42,,1,21,121.5751144,25.06568678
113,9,19,9,32,2,12內湖區,內湖區舊宗路1段與民權東路6段口,0,0,1,2,C03,7,6,5,50,4,1,1,5,4,5,13,1,1,1,4,5,2,13,1,53,3,10,5,1,7,9,1,10,1,13,,44,,1,21,121.5751144,25.06568678
113,9,19,9,32,2,12內湖區,內湖區舊宗路1段與民權東路6段口,0,0,1,3,C03,7,6,5,50,4,1,1,5,4,5,13,1,1,1,4,5,2,13,2,35,2,9,5,1,7,9,1,10,1,11,,16,,1,21,121.5751144,25.06568678
113,9,19,9,33,2,02萬華區,萬華區西寧南路與成都路口,0,0,1,1,B03,8,6,5,50,4,1,1,5,4,5,13,2,1,10,4,5,2,17,4,18,4,11,3,4,7,5,7,19,11,15,,44,,2,22,121.5059423,25.0427667
113,9,19,9,33,2,02萬華區,萬華區西寧南路與成都路口,0,0,1,2,C03,8,6,5,50,4,1,1,5,4,5,13,2,1,10,4,5,2,17,2,43,2,8,6,1,7,9,1,10,1,11,,44,,1,21,121.5059423,25.0427667
113,9,19,9,36,2,02萬華區,萬華區和平西路3段384號,0,0,1,1,B03,8,7,5,50,14,9,1,5,4,5,13,1,1,10,5,5,2,16,1,51,3,10,7,1,7,6,1,8,1,2,,9,,1,21,121.4914729,25.0353686
113,9,19,9,36,2,02萬華區,萬華區和平西路3段384號,0,0,1,2,C03,8,7,5,50,14,9,1,5,4,5,13,1,1,10,5,5,2,16,1,42,2,9,5,1,7,9,3,18,1,11,,108,,1,21,121.4914729,25.0353686
113,9,19,9,42,2,05中正區,中正區杭州南路1段與青島東路口,0,0,3,1,C03,8,6,5,50,3,1,1,5,4,5,13,2,1,10,4,5,2,16,2,31,2,8,5,1,7,5,1,10,2,13,,8,,1,22,121.526497,25.04278493
113,9,19,9,42,2,05中正區,中正區杭州南路1段與青島東路口,0,0,3,2,C03,8,6,5,50,3,1,1,5,4,5,13,2,1,10,4,5,2,16,1,66,2,9,5,1,7,9,1,10,2,11,,44,,1,22,121.526497,25.04278493
113,9,19,9,42,2,05中正區,中正區杭州南路1段與青島東路口,0,0,3,3,H02,8,6,5,50,3,1,1,5,4,5,13,2,1,10,4,5,2,16,2,27,2,7,5,5,7,20,8,20,10,16,,67,,1,22,121.526497,25.04278493
113,9,19,9,45,2,03中山區,中山區敬業三路與樂群一路口,0,0,1,1,B12,7,7,5,50,3,1,1,5,4,5,13,1,1,1,3,5,1,16,1,42,3,10,7,1,7,6,1,8,1,2,,9,,1,21,121.5568249,25.07723937
113,9,19,9,45,2,03中山區,中山區敬業三路與樂群一路口,0,0,1,2,C03,7,7,5,50,3,1,1,5,4,5,13,1,1,1,3,5,1,16,2,19,2,8,5,1,7,9,1,10,1,14,,44,,1,21,121.5568249,25.07723937
113,9,19,10,4,2,01大同區,大同區民權西路與民權西路225巷口,0,0,1,1,B01,8,6,5,30,4,2,1,5,4,5,13,2,1,10,5,5,2,9,1,68,3,10,7,4,7,9,1,4,1,2,,108,,1,21,121.512756,25.0632281
113,9,19,10,4,2,01大同區,大同區民權西路與民權西路225巷口,0,0,1,2,H01,8,6,5,30,4,2,1,5,4,5,13,2,1,10,5,5,2,9,2,53,2,8,4,5,8,16,8,20,10,16,,121,,1,21,121.512756,25.0632281
113,9,19,10,16,2,08士林區,士林區環河北路3段25號停車格旁,0,0,1,1,C03,8,6,5,50,14,9,5,5,4,5,13,4,4,10,5,5,1,16,2,39,3,10,5,1,7,6,1,10,1,12,,101,,1,21,121.5071171,25.0833133
113,9,19,10,16,2,08士林區,士林區環河北路3段25號停車格旁,0,0,1,2,C03,8,6,5,50,14,9,5,5,4,5,13,4,4,10,5,5,1,16,1,63,2,7,5,1,7,9,1,10,1,11,,44,,1,21,121.5071171,25.0833133
113,9,19,10,58,2,07信義區,信義區福德街163號,0,0,1,1,A03,8,7,5,50,14,9,1,5,4,5,13,4,4,5,4,5,2,9,1,63,3,10,3,4,7,1,1,2,2,17,,19,,1,21,121.5836295,25.0378537
113,9,19,10,58,2,07信義區,信義區福德街163號,0,0,1,2,H02,8,7,5,50,14,9,1,5,4,5,13,4,4,5,4,5,2,9,2,77,2,9,4,5,7,19,8,20,10,16,,56,,1,21,121.5836295,25.0378537
113,9,19,11,22,2,02萬華區,萬華區和平西路3段與南寧路口,0,0,1,1,C03,8,5,5,50,5,1,1,5,4,5,13,1,1,1,2,5,2,17,2,31,2,9,5,4,7,5,1,10,1,14,,96,,1,21,121.5033736,25.035132
113,9,19,11,22,2,02萬華區,萬華區和平西路3段與南寧路口,0,0,1,2,B03,8,5,5,50,5,1,1,5,4,5,13,1,1,1,2,5,2,17,1,49,3,10,7,4,7,5,1,8,1,5,,42,,1,21,121.5033736,25.035132