發生年度,發生月,發生日,發生時-Hours,發生分,處理別-編號,區序,肇事地點,死亡人數,2-30日死亡人數,受傷人數,當事人序號,車種,天候,道路照明設備,道路類別,速限-速度限制,道路型態,事故位置,路面狀況1,路面狀況2,路面狀況3,道路障礙1,道路障礙2,號誌1,號誌2,車道劃分-分向,車道劃分-分道1,車道劃分-分道2,車道劃分-分道3,事故類型及型態,性別,年齡,受傷程度,主要傷處,保護裝置,行動電話,車輛用途,當事者行動狀態,駕駛資格情形,駕駛執照種類,飲酒情形,車輛撞擊部位1,車輛撞擊部位2,肇因碼-個別,肇因碼-主要,個人肇逃否,職業,座標-X,座標-Y
113,9,19,11,27,2,10文山區,文山區木柵路1段165號,0,0,1,1,B03,8,6,5,50,14,9,1,5,4,3,10,4,4,5,4,5,2,17,1,64,3,10,3,4,7,14,1,8,2,4,,40,,1,21,121.550663,24.98760321
113,9,19,11,27,2,10文山區,文山區木柵路1段165號,0,0,1,2,F01,8,6,5,50,14,9,1,5,4,3,10,4,4,5,4,5,2,17,1,55,2,9,3,4,7,15,8,20,1,12,,44,,1,21,121.550663,24.98760321
113,9,19,11,35,2,03中山區,中山區長春路與建國北路2段口,0,0,2,1,B01,7,5,5,50,4,2,1,5,4,5,13,2,1,5,4,5,2,13,1,50,2,1,3,4,7,6,1,4,1,1,,44,,1,21,121.5365471,25.0546971
113,9,19,11,35,2,03中山區,中山區長春路與建國北路2段口,0,0,2,2,B01,7,5,5,50,4,2,1,5,4,5,13,2,1,5,4,5,2,13,1,65,2,1,3,4,7,6,1,4,1,1,,44,,1,21,121.5365471,25.0546971
113,9,19,11,35,2,08士林區,士林區中山北路5段與劍潭路口口,0,0,1,1,B03,8,6,5,50,4,1,1,5,4,5,13,2,1,5,4,5,1,16,1,57,3,10,7,1,7,6,1,8,1,2,,9,,1,21,121.5253446,25.0842949
113,9,19,11,35,2,08士林區,士林區中山北路5段與劍潭路口口,0,0,1,2,C03,8,6,5,50,4,1,1,5,4,5,13,2,1,5,4,5,1,16,2,19,2,9,6,1,7,9,1,10,1,14,,44,,1,21,121.5253446,25.0842949
113,9,19,11,50,2,09北投區,北投區公館路33號旁,0,0,1,1,C04,8,6,5,30,14,9,1,5,4,5,13,4,4,10,5,5,2,17,2,68,2,8,5,1,7,1,1,8,1,17,,44,,1,21,121.5031423,25.1331895
113,9,19,11,50,2,09北投區,北投區公館路33號旁,0,0,1,2,B12,8,6,5,30,14,9,1,5,4,5,13,4,4,10,5,5,2,17,1,50,3,10,7,1,7,2,1,3,1,6,,12,,1,27,121.5031423,25.1331895
113,9,19,11,52,2,08士林區,士林區重慶北路4段與延平北路5段136巷口,0,0,1,1,B03,8,6,5,50,3,2,1,5,4,5,13,4,4,1,4,4,1,17,1,38,3,10,7,1,7,6,1,8,1,6,,9,,1,21,121.51229,25.0824376
113,9,19,11,52,2,08士林區,士林區重慶北路4段與延平北路5段136巷口,0,0,1,2,C03,8,6,5,50,3,2,1,5,4,5,13,4,4,1,4,4,1,17,2,30,2,9,5,1,7,9,1,10,1,14,,44,,1,21,121.51229,25.0824376
113,9,19,11,55,2,12內湖區,內湖區內湖路2段與內湖路2段29巷口,0,0,1,1,B03,8,5,5,50,4,1,1,5,4,5,13,4,4,5,5,5,2,16,1,34,3,10,7,1,7,5,1,8,1,8,,80,,1,21,121.5797495,25.0788359
113,9,19,11,55,2,12內湖區,內湖區內湖路2段與內湖路2段29巷口,0,0,1,2,C03,8,5,5,50,4,1,1,5,4,5,13,4,4,5,5,5,2,16,2,44,2,8,5,1,7,9,1,10,1,12,,44,,1,21,121.5797495,25.0788359
113,9,19,12,7,2,04大安區,大安區基隆路3段與辛亥路3段口,0,0,1,1,A02,8,6,8,50,4,1,1,5,4,5,13,2,1,1,3,5,2,12,1,52,3,10,7,1,7,9,1,2,1,8,,16,,1,21,121.5468246,25.0194529
113,9,19,12,7,2,04大安區,大安區基隆路3段與辛亥路3段口,0,0,1,2,C03,8,6,8,50,4,1,1,5,4,5,13,2,1,1,3,5,2,12,1,33,2,9,6,1,7,3,1,10,1,14,,44,,1,21,121.5468246,25.0194529
113,9,19,12,16,2,06松山區,松山區市民大道6段與虎林街口,0,0,1,1,C03,7,6,5,40,4,1,1,5,4,5,13,1,1,1,4,5,2,13,1,33,2,9,6,1,7,9,1,10,2,11,,108,,1,22,121.5763288,25.0494523
113,9,19,12,16,2,06松山區,松山區市民大道6段與虎林街口,0,0,1,2,C03,7,6,5,40,4,1,1,5,4,5,13,1,1,1,4,5,2,13,2,66,3,10,6,1,7,12,1,10,2,13,,44,,1,22,121.5763288,25.0494523
113,9,19,12,30,2,02萬華區,萬華區西園路2段207號,0,0,2,1,C03,7,7,8,50,14,9,1,5,4,5,13,4,4,1,4,5,2,17,1,63,2,9,5,1,7,6,6,18,1,15,,80,,1,22,121.4943679,25.02734
113,9,19,12,30,2,02萬華區,萬華區西園路2段207號,0,0,2,2,C03,7,7,8,50,14,9,1,5,4,5,13,4,4,1,4,5,2,17,2,35,2,9,5,1,7,9,1,10,1,15,,44,,1,22,121.4943679,25.02734
113,9,19,12,50,2,02萬華區,萬華區堤外便道往南（燈桿：龍山092）,0,0,2,1,C03,8,5,5,40,14,11,1,5,4,5,13,4,4,1,4,5,2,13,1,38,2,9,5,4,7,9,1,10,1,11,,13,,1,21,121.5030594,25.0467107
113,9,19,12,50,2,02萬華區,萬華區堤外便道往南（燈桿：龍山092）,0,0,2,2,C03,8,5,5,40,14,11,1,5,4,5,13,4,4,1,4,5,2,13,1,51,2,9,5,4,7,9,1,10,1,13,,44,,1,21,121.5030594,25.0467107
113,9,19,12,50,2,11南港區,南港區東新街6-7號,0,0,1,1,C03,8,7,5,50,14,9,1,5,4,5,13,4,4,5,4,5,2,17,1,38,4,11,3,1,7,9,7,19,9,15,,108,,1,21,121.5833985,25.0500756
113,9,19,12,50,2,11南港區,南港區東新街6-7號,0,0,1,2,B03,8,7,5,50,14,9,1,5,4,5,13,4,4,5,4,5,2,17,1,48,3,10,7,1,7,13,1,8,1,4,,44,,1,21,121.5833985,25.0500756
113,9,19,12,50,2,11南港區,南港區東新街6-7號,0,0,1,3,C04,8,7,5,50,14,9,1,5,4,5,13,4,4,5,4,5,2,17,2,47,2,7,5,1,7,14,1,10,1,14,,44,,1,21,121.5833985,25.0500756
113,9,19,13,10,2,09北投區,北投區實踐街與實踐街49巷口,0,0,3,1,C03,8,5,5,30,3,1,1,5,3,5,13,4,4,5,4,5,2,16,1,24,2,9,5,1,7,9,1,10,1,12,,1,,1,21,121.5094486,25.11520523
113,9,19,13,10,2,09北投區,北投區實踐街與實踐街49巷口,0,0,3,2,C03,8,5,5,30,3,1,1,5,3,5,13,4,4,5,4,5,2,16,1,51,2,9,5,1,7,5,1,10,1,14,,44,,1,21,121.5094486,25.11520523
113,9,19,13,10,2,09北投區,北投區實踐街與實踐街49巷口,0,0,3,3,C03,8,5,5,30,3,1,1,5,3,5,13,4,4,5,4,5,2,16,2,56,3,10,5,1,7,13,1,10,1,13,,44,,1,21,121.5094486,25.11520523
113,9,19,13,10,2,09北投區,北投區實踐街與實踐街49巷口,0,0,3,4,H02,8,5,5,30,3,1,1,5,3,5,13,4,4,5,4,5,2,16,1,5,2,9,5,5,7,20,8,20,10,16,,67,,1,21,121.5094486,25.11520523
113,9,19,13,44,2,05中正區,中正區杭州南路1段與仁愛路1段口,0,0,1,1,C03,7,6,8,50,22,22,1,5,4,5,13,2,1,10,4,5,2,17,2,24,2,9,6,1,7,5,1,10,2,14,,9,,1,21,121.5250742,25.0382061
113,9,19,13,44,2,05中正區,中正區杭州南路1段與仁愛路1段口,0,0,1,2,B03,7,6,8,50,22,22,1,5,4,5,13,2,1,10,4,5,2,17,1,63,3,10,7,1,7,5,1,8,2,2,,44,,1,21,121.5250742,25.0382061
113,9,19,13,47,2,09北投區,北投區尊賢街218巷與尊賢街218巷25弄口,0,0,1,1,B03,8,6,5,30,4,1,1,5,4,5,13,4,4,10,5,5,1,15,2,44,3,10,7,1,7,9,1,8,1,5,,75,,1,21,121.5089314,25.1166848
113,9,19,13,47,2,09北投區,北投區尊賢街218巷與尊賢街218巷25弄口,0,0,1,2,C03,8,6,5,30,4,1,1,5,4,5,13,4,4,10,5,5,1,15,2,48,2,8,5,1,7,9,1,10,1,11,14,13,,1,21,121.5089314,25.1166848
113,9,19,14,10,2,07信義區,信義區松仁路28號,0,0,1,1,B03,7,6,5,50,14,9,1,5,4,5,13,4,4,1,4,5,2,16,2,41,3,10,3,4,7,6,1,8,2,2,,9,,1,22,121.5683263,25.0398705
113,9,19,14,10,2,07信義區,信義區松仁路28號,0,0,1,2,C03,7,6,5,50,14,9,1,5,4,5,13,4,4,1,4,5,2,16,1,19,2,7,5,4,7,9,1,10,2,11,,108,,1,22,121.5683263,25.0398705
113,9,19,14,10,2,07信義區,信義區松仁路28號,0,0,1,3,C03,7,6,5,50,14,9,1,5,4,5,13,4,4,1,4,5,2,16,1,45,3,10,3,4,7,13,1,10,9,13,,38,,1,22,121.5683263,25.0398705
113,9,19,14,15,2,04大安區,大安區和平東路2段86號,0,0,1,1,B03,6,7,5,50,14,8,1,4,4,5,13,4,4,1,4,4,2,17,1,68,3,10,7,1,7,6,1,8,11,17,,9,,1,21,121.5397265,25.0252532
113,9,19,14,15,2,04大安區,大安區和平東路2段86號,0,0,1,2,C03,6,7,5,50,14,8,1,4,4,5,13,4,4,1,4,4,2,17,2,57,3,10,6,1,7,9,1,10,11,17,,44,,1,21,121.5397265,25.0252532
113,9,19,14,15,2,04大安區,大安區和平東路2段86號,0,0,1,3,C03,6,7,5,50,14,8,1,4,4,5,13,4,4,1,4,4,2,17,2,37,2,9,6,1,7,9,1,10,1,14,,42,,1,21,121.5397265,25.0252532
113,9,19,14,39,2,06松山區,松山區南京東路3段342號,0,0,1,1,C03,7,6,5,50,14,9,1,5,4,5,13,1,1,1,3,4,2,13,2,31,2,9,6,1,7,9,1,10,1,11,,16,,1,21,121.547768,25.0516763
113,9,19,14,39,2,06松山區,松山區南京東路3段342號,0,0,1,2,B03,7,6,5,50,14,9,1,5,4,5,13,1,1,1,3,4,2,13,1,47,3,10,3,4,7,12,1,8,1,6,,14,,1,21,121.547768,25.0516763
113,9,19,14,42,2,03中山區,中山區松江路與錦州街口,0,0,3,1,C03,7,5,5,50,4,1,1,5,4,5,13,2,1,1,5,5,2,16,1,28,2,9,6,1,7,5,1,10,1,12,,98,,1,22,121.5332032,25.0604164
113,9,19,14,42,2,03中山區,中山區松江路與錦州街口,0,0,3,2,A02,7,5,5,50,4,1,1,5,4,5,13,2,1,1,5,5,2,16,1,52,3,10,7,1,7,9,1,2,1,8,,44,,1,21,121.5332032,25.0604164
113,9,19,14,42,2,03中山區,中山區松江路與錦州街口,0,0,3,3,H02,7,5,5,50,4,1,1,5,4,5,13,2,1,1,5,5,2,16,2,66,2,9,3,5,7,17,8,20,10,17,,67,,1,21,121.5332032,25.0604164
113,9,19,14,42,2,03中山區,中山區松江路與錦州街口,0,0,3,4,H02,7,5,5,50,4,1,1,5,4,5,13,2,1,1,5,5,2,16,2,68,2,9,3,5,7,17,8,20,10,17,,67,,1,21,121.5332032,25.0604164
113,9,19,15,0,2,03中山區,中山區建國北路1段與南京東路3段口,0,0,1,1,B12,8,7,5,50,4,1,1,5,4,5,13,2,1,7,2,5,2,17,1,57,3,10,7,1,7,6,1,8,1,2,,16,,1,21,121.5370765,25.0518637
113,9,19,15,0,2,03中山區,中山區建國北路1段與南京東路3段口,0,0,1,2,C04,8,7,5,50,4,1,1,5,4,5,13,2,1,7,2,5,2,17,2,47,2,9,5,1,7,9,1,11,1,14,,16,,1,21,121.5370765,25.0518637
113,9,19,15,10,2,12內湖區,內湖區環山路2段與麗山街170巷口,0,0,2,1,C03,6,6,5,30,3,1,1,4,4,5,13,4,4,10,5,5,2,16,1,62,2,9,5,1,7,1,1,10,2,14,,72,,1,21,121.5746129,25.0850186
113,9,19,15,10,2,12內湖區,內湖區環山路2段與麗山街170巷口,0,0,2,2,C03,6,6,5,30,3,1,1,4,4,5,13,4,4,10,5,5,2,16,1,20,2,9,6,1,7,9,1,9,2,11,,44,,1,21,121.5746129,25.0850186
113,9,19,16,0,2,12內湖區,內湖區行忠路與舊宗路1段口,0,0,1,1,B03,6,6,5,50,3,1,1,4,4,5,13,4,4,1,4,5,2,16,1,58,3,10,7,1,7,6,1,8,2,2,,9,,1,21,121.5789859,25.0598147
113,9,19,16,0,2,12內湖區,內湖區行忠路與舊宗路1段口,0,0,1,2,C03,6,6,5,50,3,1,1,4,4,5,13,4,4,1,4,5,2,16,1,28,2,9,6,1,7,9,1,10,2,11,,44,,1,21,121.5789859,25.0598147
113,9,19,16,25,2,04大安區,大安區羅斯福路4段公館捷運站2號出口前,0,0,1,1,C03,6,6,5,50,14,9,1,4,4,5,13,4,4,1,3,5,2,13,1,25,2,9,5,2,7,9,1,10,1,11,,110,,1,21,121.5345174,25.0147495
113,9,19,16,25,2,04大安區,大安區羅斯福路4段公館捷運站2號出口前,0,0,1,2,B12,6,6,5,50,14,9,1,4,4,5,13,4,4,1,3,5,2,13,1,52,3,10,3,1,7,14,1,8,1,3,,38,,1,21,121.5345174,25.0147495
113,9,19,16,45,2,07信義區,信義區福德街300巷43弄17號,0,0,1,1,B01,6,7,8,30,14,9,1,4,4,5,13,4,4,10,5,5,2,13,1,60,3,10,7,4,7,14,1,4,9,2,,38,,1,21,121.5857159,25.0407233
113,9,19,16,45,2,07信義區,信義區福德街300巷43弄17號,0,0,1,2,C03,6,7,8,30,14,9,1,4,4,5,13,4,4,10,5,5,2,13,2,60,2,9,5,1,7,9,1,10,9,11,,44,,1,21,121.5857159,25.0407233
113,9,19,16,45,2,07信義區,信義區福德街300巷43弄17號,0,0,1,3,H02,6,7,8,30,14,9,1,4,4,5,13,4,4,10,5,5,2,13,2,28,3,10,4,5,7,20,8,20,10,16,,126,,1,21,121.5857159,25.0407233
113,9,19,17,20,2,06松山區,松山區延壽街414號,0,0,1,1,C03,7,6,5,50,14,9,1,4,4,3,13,4,4,4,3,5,2,17,2,48,3,10,6,1,7,11,1,10,1,17,,80,,1,21,121.556756,25.05633073
113,9,19,17,20,2,06松山區,松山區延壽街414號,0,0,1,2,C03,7,6,5,50,14,9,1,4,4,3,13,4,4,4,3,5,2,17,2,51,2,9,6,1,7,9,1,10,1,14,,119,,1,21,121.556756,25.05633073
113,9,19,17,20,2,06松山區,松山區延壽街414號,0,0,1,3,B03,7,6,5,50,14,9,1,4,4,3,13,4,4,4,3,5,2,17,2,45,3,10,3,4,7,14,1,8,11,17,,38,,1,21,121.556756,25.05633073
113,9,19,17,33,2,02萬華區,萬華區堤外便道往北(貴陽疏散門),0,0,1,2,C03,7,5,5,40,14,11,1,4,4,5,13,2,1,3,4,5,2,17,1,48,2,8,6,1,7,14,1,10,1,13,,44,,1,21,121.4990077,25.0414321
113,9,19,17,33,2,02萬華區,萬華區堤外便道往北(貴陽疏散門),0,0,1,1,C03,7,5,5,40,14,11,1,4,4,5,13,2,1,3,4,5,2,17,1,57,3,10,6,1,7,9,1,10,1,14,,16,,1,22,121.4990077,25.0414321
113,9,19,17,41,2,05中正區,中正區忠孝東路2段7號,0,0,1,1,C03,6,6,5,50,14,9,1,4,4,5,13,4,4,1,4,5,2,18,2,32,2,9,5,1,7,9,1,10,1,14,,42,,1,22,121.5274066,25.04388023
113,9,19,17,41,2,05中正區,中正區忠孝東路2段7號,0,0,1,2,,6,6,5,50,14,9,1,4,4,5,13,4,4,1,4,5,2,18,3,0,,,,,,,,,,,,67,,1,,121.5274066,25.04388023
113,9,19,17,44,2,01大同區,大同區承德路2段91巷與無名巷口,0,0,2,1,C03,6,5,5,30,4,1,1,4,4,5,13,4,4,10,5,5,2,17,1,31,2,9,5,1,7,9,1,10,2,12,,72,,1,21,121.5189305,25.05620304
113,9,19,17,44,2,01大同區,大同區承德路2段91巷與無名巷口,0,0,2,2,C03,6,5,5,30,4,1,1,4,4,5,13,4,4,10,5,5,2,17,1,47,2,9,5,1,7,9,1,10,2,14,,44,,1,21,121.5189305,25.05620304
113,9,19,17,45,2,12內湖區,內湖區民權東路6段17號,0,0,1,1,C03,8,7,5,50,14,9,1,5,4,5,13,1,1,1,3,4,1,13,1,21,2,9,6,1,7,8,1,10,1,11,,16,,1,21,121.5812903,25.0679164
113,9,19,17,45,2,12內湖區,內湖區民權東路6段17號,0,0,1,2,C03,8,7,5,50,14,9,1,5,4,5,13,1,1,1,3,4,1,13,1,21,3,10,6,1,7,14,1,10,1,13,,44,,1,21,121.5812903,25.0679164
113,9,19,17,47,2,10文山區,文山區興隆路1段13號加油站出入口,0,0,1,1,B03,7,5,5,50,4,1,1,4,4,5,13,4,4,5,4,5,2,16,1,83,3,10,7,1,7,5,1,8,1,2,,74,,1,21,121.5395072,25.0043342
113,9,19,17,47,2,10文山區,文山區興隆路1段13號加油站出入口,0,0,1,2,C03,7,5,5,50,4,1,1,4,4,5,13,4,4,5,4,5,2,16,1,43,2,9,6,1,7,9,1,10,1,11,,44,,1,21,121.5395072,25.0043342
113,9,19,17,53,2,08士林區,士林區延平北路5段136巷口側附近,0,0,1,3,C03,7,5,5,50,14,8,1,5,4,5,13,1,1,8,3,5,2,17,1,36,3,10,3,4,7,13,1,10,9,13,,38,,1,22,121.5103828,25.082153
113,9,19,17,53,2,08士林區,士林區延平北路5段136巷口側附近,0,0,1,1,C03,7,5,5,50,14,8,1,5,4,5,13,1,1,8,3,5,2,17,1,42,2,8,3,4,7,9,1,10,1,11,,13,,1,22,121.5103828,25.082153
113,9,19,17,53,2,08士林區,士林區延平北路5段136巷口側附近,0,0,1,2,C03,7,5,5,50,14,8,1,5,4,5,13,1,1,8,3,5,2,17,2,29,3,10,3,4,7,5,1,10,1,17,,71,,1,22,121.5103828,25.082153
113,9,19,17,55,2,12內湖區,內湖區金湖路南往北(0308434燈桿),0,0,1,1,C03,8,5,5,40,14,7,1,5,4,5,13,4,4,3,4,4,2,17,1,66,2,9,6,1,7,9,1,10,2,11,,42,,1,21,121.6006402,25.07678017
113,9,19,17,55,2,12內湖區,內湖區金湖路南往北(0308434燈桿),0,0,1,2,B03,8,5,5,40,14,7,1,5,4,5,13,4,4,3,4,4,2,17,1,53,3,10,7,1,7,9,1,8,2,17,,42,,1,21,121.6006402,25.07678017
113,9,19,18,12,2,07信義區,信義區忠孝東路4段347號對面,0,0,1,1,C03,6,7,5,50,14,9,1,4,4,5,13,2,1,1,4,5,2,18,2,34,2,9,6,1,7,9,1,10,2,14,,42,,1,22,121.5614647,25.0411572
113,9,19,18,12,2,07信義區,信義區忠孝東路4段347號對面,0,0,1,2,,6,7,5,50,14,9,1,4,4,5,13,2,1,1,4,5,2,18,3,0,,,,,,,,,,,,67,,1,,121.5614647,25.0411572
113,9,19,18,30,2,09北投區,北投區石牌路2段與天母西路130巷口,0,0,1,1,B03,8,5,5,50,3,1,1,5,4,5,13,4,4,5,4,5,2,15,2,51,3,10,7,1,7,9,1,8,1,8,,80,,1,21,121.5225608,25.11941365
113,9,19,18,30,2,09北投區,北投區石牌路2段與天母西路130巷口,0,0,1,2,C03,8,5,5,50,3,1,1,5,4,5,13,4,4,5,4,5,2,15,1,43,2,9,5,1,7,9,1,10,1,14,,14,,1,21,121.5225608,25.11941365
113,9,19,18,33,2,04大安區,大安區仁愛路4段與仁愛路4段8巷口,0,0,1,1,B03,7,5,5,50,3,1,1,4,4,5,13,4,4,7,3,5,2,17,1,42,3,10,7,1,7,5,1,8,1,17,,8,,1,21,121.5443794,25.0377372
113,9,19,18,33,2,04大安區,大安區仁愛路4段與仁愛路4段8巷口,0,0,1,2,C03,7,5,5,50,3,1,1,4,4,5,13,4,4,7,3,5,2,17,1,40,2,9,6,1,7,9,1,10,1,14,,44,,1,21,121.5443794,25.0377372
113,9,19,18,33,2,08士林區,士林區基河路與文林路口,0,0,1,1,F01,8,5,5,0,22,18,1,5,4,5,13,4,4,10,5,5,1,9,4,0,,,,,,,,,9,,,119,,2,,121.5248664,25.08604119
113,9,19,18,33,2,08士林區,士林區基河路與文林路口,0,0,1,2,H01,8,5,5,0,22,18,1,5,4,5,13,4,4,10,5,5,1,9,1,59,2,8,4,5,8,16,8,20,1,16,,67,,1,21,121.5248664,25.08604119
113,9,19,18,40,2,03中山區,中山區林森北路與林森北路485巷口,0,0,1,1,B01,8,5,5,30,3,1,1,5,4,5,13,4,4,9,5,5,2,17,1,39,3,10,7,1,7,5,1,4,1,1,,72,,1,21,121.5256022,25.06122195
113,9,19,18,40,2,03中山區,中山區林森北路與林森北路485巷口,0,0,1,2,C03,8,5,5,30,3,1,1,5,4,5,13,4,4,9,5,5,2,17,1,65,2,9,5,1,7,9,1,10,1,12,,4,,1,21,121.5256022,25.06122195
113,9,19,18,52,2,07信義區,信義區信安街與嘉興街181巷口,0,0,1,1,B01,7,5,5,50,4,1,1,5,4,5,13,1,1,9,4,5,2,13,1,32,3,10,7,1,7,5,1,8,2,1,,108,,1,21,121.5573979,25.0260077
113,9,19,18,52,2,07信義區,信義區信安街與嘉興街181巷口,0,0,1,2,C03,7,5,5,50,4,1,1,5,4,5,13,1,1,9,4,5,2,13,1,31,2,9,5,1,7,14,1,10,2,13,,44,,1,21,121.5573979,25.0260077
113,9,19,18,55,2,07信義區,信義區信安街115巷14號,0,0,1,1,F01,7,5,5,30,11,9,1,5,4,5,13,4,4,10,5,5,2,17,2,70,2,9,4,1,7,6,8,20,1,14,,4,,1,22,121.5565071,25.02457144
113,9,19,18,55,2,07信義區,信義區信安街115巷14號,0,0,1,2,B03,7,5,5,30,11,9,1,5,4,5,13,4,4,10,5,5,2,17,1,52,3,10,7,1,7,5,1,8,1,4,,44,,1,22,121.5565071,25.02457144
113,9,19,18,59,2,04大安區,大安區羅斯福路4段與基隆路4段口,0,0,1,1,C03,7,5,5,50,4,1,1,4,4,5,13,2,1,10,5,5,1,17,1,81,2,8,3,4,7,9,1,10,1,12,,9,,1,21,121.5372805,25.0114996
113,9,19,18,59,2,04大安區,大安區羅斯福路4段與基隆路4段口,0,0,1,2,A02,7,5,5,50,4,1,1,4,4,5,13,2,1,10,5,5,1,17,1,53,3,10,3,4,7,6,1,2,1,8,,44,,1,21,121.5372805,25.0114996
113,9,19,19,10,2,03中山區,中山區八德路2段167巷與建國北路1段11巷口,0,0,1,1,C03,7,5,5,30,5,1,1,4,4,5,13,4,4,10,5,5,2,17,1,24,2,6,3,4,7,9,1,10,1,11,,72,,1,21,121.5379857,25.0472948
113,9,19,19,10,2,03中山區,中山區八德路2段167巷與建國北路1段11巷口,0,0,1,2,B02,7,5,5,30,5,1,1,4,4,5,13,4,4,10,5,5,2,17,1,53,3,10,3,4,7,9,1,8,1,2,,13,,1,21,121.5379857,25.0472948
113,9,19,19,14,2,04大安區,大安區忠孝東路3段與新生南路1段口,0,0,2,1,C03,7,5,5,50,4,1,1,4,4,5,13,1,1,10,5,5,2,12,1,44,2,9,5,1,7,9,1,10,1,12,,101,,1,21,121.5329338,25.042418
113,9,19,19,14,2,04大安區,大安區忠孝東路3段與新生南路1段口,0,0,2,2,C03,7,5,5,50,4,1,1,4,4,5,13,1,1,10,5,5,2,12,1,23,2,9,5,1,7,9,1,10,1,14,,17,,1,21,121.5329338,25.042418
113,9,19,19,38,2,10文山區,文山區羅斯福路5段204號,0,0,2,1,C03,8,5,5,50,14,9,1,5,4,5,13,4,4,1,4,5,2,13,1,68,2,9,6,1,7,9,1,10,1,11,,16,,1,21,121.5385842,25.0033228
113,9,19,19,38,2,10文山區,文山區羅斯福路5段204號,0,0,2,2,C03,8,5,5,50,14,9,1,5,4,5,13,4,4,1,4,5,2,13,1,44,2,9,6,1,7,9,1,9,1,13,,44,,1,21,121.5385842,25.0033228
113,9,19,19,45,2,05中正區,中正區中華路1段與衡陽路口,0,0,1,1,B03,7,5,5,50,4,2,1,5,4,5,13,1,1,1,4,5,2,12,1,22,3,10,7,1,7,15,1,8,2,6,,101,,1,21,121.5085392,25.0423878
113,9,19,19,45,2,05中正區,中正區中華路1段與衡陽路口,0,0,1,2,C03,7,5,5,50,4,2,1,5,4,5,13,1,1,1,4,5,2,12,1,19,2,9,6,1,7,9,1,10,2,14,,44,,1,21,121.5085392,25.0423878
113,9,19,19,52,2,10文山區,文山區萬芳路與萬芳路107巷口口,0,0,2,1,A04,8,5,5,50,14,9,1,5,4,5,13,4,4,5,4,5,2,9,1,47,3,10,7,1,7,1,1,2,1,17,,44,,1,21,121.5618931,24.9971796
113,9,19,19,52,2,10文山區,文山區萬芳路與萬芳路107巷口口,0,0,2,2,H02,8,5,5,50,14,9,1,5,4,5,13,4,4,5,4,5,2,9,1,56,2,9,4,5,7,20,8,20,10,16,,67,,1,21,121.5618931,24.9971796
113,9,19,19,52,2,10文山區,文山區萬芳路與萬芳路107巷口口,0,0,2,3,H02,8,5,5,50,14,9,1,5,4,5,13,4,4,5,4,5,2,9,1,8,2,6,4,5,7,20,8,20,10,16,,67,,1,14,121.5618931,24.9971796
113,9,19,20,16,2,10文山區,文山區景興路23巷6弄與興隆路2段22巷9弄口口,0,0,1,1,B03,8,5,5,30,3,2,1,5,4,5,13,4,4,10,5,5,2,17,1,50,3,10,7,1,7,5,1,8,1,17,,72,,1,21,121.5453742,24.99744039
113,9,19,20,16,2,10文山區,文山區景興路23巷6弄與興隆路2段22巷9弄口口,0,0,1,2,C03,8,5,5,30,3,2,1,5,4,5,13,4,4,10,5,5,2,17,1,25,2,9,6,1,7,9,1,10,1,12,,13,,1,21,121.5453742,24.99744039
113,9,19,21,20,2,06松山區,松山區八德路4段638號,0,0,2,1,C03,7,5,5,40,14,8,1,5,4,5,13,4,4,1,3,4,2,12,1,75,2,9,5,1,7,9,1,10,1,14,,17,,1,26,121.5753688,25.0499308
113,9,19,21,20,2,06松山區,松山區八德路4段638號,0,0,2,2,C03,7,5,5,40,14,8,1,5,4,5,13,4,4,1,3,4,2,12,1,39,2,7,5,1,7,9,1,10,1,12,,17,,1,22,121.5753688,25.0499308
113,9,19,21,41,2,03中山區,中山區林森北路50號,0,0,1,1,B01,7,5,5,50,14,9,1,5,4,5,13,4,4,5,4,5,2,17,1,65,3,10,3,4,7,14,1,4,1,6,,38,,1,21,121.5242292,25.0482524
113,9,19,21,41,2,03中山區,中山區林森北路50號,0,0,1,2,C03,7,5,5,50,14,9,1,5,4,5,13,4,4,5,4,5,2,17,1,32,2,8,3,4,7,9,1,10,1,14,,44,,1,21,121.5242292,25.0482524
113,9,19,21,41,2,03中山區,中山區林森北路50號,0,0,1,3,H02,7,5,5,50,14,9,1,5,4,5,13,4,4,5,4,5,2,17,2,33,3,10,3,5,7,19,8,20,10,16,,40,,1,21,121.5242292,25.0482524
113,9,19,21,53,2,01大同區,大同區重慶北路3段與昌吉街口,0,0,1,1,B02,7,5,5,50,4,2,1,5,4,5,13,2,1,1,4,5,2,9,1,45,3,10,3,4,7,5,1,8,1,5,,70,,1,21,121.5137598,25.0660176
113,9,19,21,53,2,01大同區,大同區重慶北路3段與昌吉街口,0,0,1,2,H01,7,5,5,50,4,2,1,5,4,5,13,2,1,1,4,5,2,9,1,64,2,9,4,5,8,16,8,20,10,16,,67,,1,21,121.5137598,25.0660176
113,9,19,22,4,2,10文山區,文山區羅斯福路5段48號前,0,0,1,1,C03,8,5,5,50,14,9,1,5,4,5,13,4,4,1,4,5,2,13,1,19,3,10,3,1,7,9,1,10,11,11,,16,,1,25,121.5375669,25.00913763