發生年度,發生月,發生日,發生時-Hours,發生分,處理別-編號,區序,肇事地點,死亡人數,2-30日死亡人數,受傷人數,當事人序號,車種,天候,道路照明設備,道路類別,速限-速度限制,道路型態,事故位置,路面狀況1,路面狀況2,路面狀況3,道路障礙1,道路障礙2,號誌1,號誌2,車道劃分-分向,車道劃分-分道1,車道劃分-分道2,車道劃分-分道3,事故類型及型態,性別,年齡,受傷程度,主要傷處,保護裝置,行動電話,車輛用途,當事者行動狀態,駕駛資格情形,駕駛執照種類,飲酒情形,車輛撞擊部位1,車輛撞擊部位2,肇因碼-個別,肇因碼-主要,個人肇逃否,職業,座標-X,座標-Y
113,9,19,22,4,2,10文山區,文山區羅斯福路5段48號前,0,0,1,2,C03,8,5,5,50,14,9,1,5,4,5,13,4,4,1,4,5,2,13,2,33,2,8,6,1,7,9,1,10,11,13,,44,,1,21,121.5375669,25.00913763
113,9,19,22,24,2,01大同區,大同區鄭州路與延平北路1段口,0,0,1,1,C03,8,5,5,30,5,1,1,5,4,5,13,2,1,1,4,5,2,17,1,18,2,9,6,1,7,7,1,10,2,14,,101,,1,21,121.5118298,25.0498386
113,9,19,22,24,2,01大同區,大同區鄭州路與延平北路1段口,0,0,1,2,B03,8,5,5,30,5,1,1,5,4,5,13,2,1,1,4,5,2,17,1,55,3,10,7,1,7,9,1,8,2,2,,13,,1,21,121.5118298,25.0498386
113,9,19,22,35,2,01大同區,大同區西寧北路與南京西路口,0,0,2,1,C03,8,6,5,50,14,9,1,5,4,5,13,2,1,9,4,5,2,17,1,56,2,1,6,4,7,9,1,10,1,11,,81,,1,21,121.5086627,25.0533737
113,9,19,22,35,2,01大同區,大同區西寧北路與南京西路口,0,0,2,2,B03,8,6,5,50,14,9,1,5,4,5,13,2,1,9,4,5,2,17,1,37,2,7,7,4,7,9,1,8,2,4,,44,,1,21,121.5086627,25.0533737
113,9,19,22,37,2,02萬華區,萬華區華中橋機車道(往新北市方向),0,0,2,1,C03,7,5,5,40,14,11,1,5,4,5,13,4,4,3,5,5,2,17,1,46,2,9,6,1,7,9,1,10,2,13,12,108,,1,21,121.4967142,25.0185706
113,9,19,22,37,2,02萬華區,萬華區華中橋機車道(往新北市方向),0,0,2,2,C03,7,5,5,40,14,11,1,5,4,5,13,4,4,3,5,5,2,17,2,24,2,9,6,1,7,9,1,10,2,12,,44,,1,21,121.4967142,25.0185706
113,9,20,2,22,2,02萬華區,萬華區環河南路1段與漢口街2段口,0,0,1,1,B03,8,5,5,50,3,1,1,5,4,5,13,3,1,4,3,5,2,3,1,23,3,10,7,1,7,5,1,8,1,1,,70,,1,22,121.5035479,25.0464284
113,9,20,2,22,2,02萬華區,萬華區環河南路1段與漢口街2段口,0,0,1,2,H01,8,5,5,50,3,1,1,5,4,5,13,3,1,4,3,5,2,3,2,72,2,9,4,5,8,16,8,20,1,16,,67,,1,22,121.5035479,25.0464284
113,9,20,4,52,2,05中正區,中正區古亭河濱公園自行車道,0,0,2,1,F01,7,5,8,0,22,23,1,5,4,5,13,4,4,5,5,5,2,17,1,75,2,8,4,1,7,5,8,20,2,12,,80,,1,22,121.5306331,25.0103255
113,9,20,4,52,2,05中正區,中正區古亭河濱公園自行車道,0,0,2,2,F01,7,5,8,0,22,23,1,5,4,5,13,4,4,5,5,5,2,17,1,72,2,9,4,1,7,9,8,20,2,11,,44,,1,22,121.5306331,25.0103255
113,9,20,6,19,2,10文山區,文山區木新路3段與木新路3段45巷口,0,0,1,1,B03,7,6,6,30,4,1,1,5,4,5,13,1,1,10,5,5,2,3,2,55,3,10,7,1,7,5,1,4,2,5,,70,,1,21,121.5641489,24.9825136
113,9,20,6,19,2,10文山區,文山區木新路3段與木新路3段45巷口,0,0,1,2,H01,7,6,6,30,4,1,1,5,4,5,13,1,1,10,5,5,2,3,2,73,2,9,4,5,8,16,8,20,10,16,,67,,1,21,121.5641489,24.9825136
113,9,20,6,50,2,03中山區,中山區民權東路2段與中原街口,0,0,2,1,C03,8,6,5,50,4,1,1,5,4,5,13,2,1,1,4,5,2,13,2,68,2,9,6,1,7,9,1,8,2,11,,44,,1,22,121.5290976,25.0626945
113,9,20,6,50,2,03中山區,中山區民權東路2段與中原街口,0,0,2,2,C03,8,6,5,50,4,1,1,5,4,5,13,2,1,1,4,5,2,13,1,51,2,9,3,1,7,6,6,18,2,13,,100,,1,22,121.5290976,25.0626945
113,9,20,6,50,2,08士林區,士林區洲美快速道路214號電燈桿,0,0,2,1,A02,8,6,5,50,8,9,1,5,4,5,13,4,4,1,3,5,1,17,1,30,2,7,7,1,7,7,1,2,2,5,,108,,1,26,121.4971371,25.0959287
113,9,20,6,50,2,08士林區,士林區洲美快速道路214號電燈桿,0,0,2,2,B12,8,6,5,50,8,9,1,5,4,5,13,4,4,1,3,5,1,17,1,46,2,9,7,1,7,14,1,8,2,7,,44,,1,26,121.4971371,25.0959287
113,9,20,6,50,2,08士林區,士林區洲美快速道路214號電燈桿,0,0,2,3,B02,8,6,5,50,8,9,1,5,4,5,13,4,4,1,3,5,1,17,1,43,3,10,7,1,7,14,1,2,2,3,,44,,1,21,121.4971371,25.0959287
113,9,20,7,0,2,03中山區,中山區長春路與南京東路3段223巷口,0,0,2,1,F07,8,7,5,50,4,1,1,5,4,5,13,4,4,9,5,5,2,17,1,24,2,9,4,1,7,9,8,20,1,17,,16,,1,21,121.5435231,25.0545065
113,9,20,7,0,2,03中山區,中山區長春路與南京東路3段223巷口,0,0,2,2,C03,8,7,5,50,4,1,1,5,4,5,13,4,4,9,5,5,2,17,1,54,2,9,5,1,7,6,1,10,1,12,,16,,1,21,121.5435231,25.0545065
113,9,20,7,2,2,03中山區,中山區中山北路1段與長安東路1段口,0,0,1,1,B03,8,6,5,50,4,1,1,5,4,5,13,2,1,1,4,1,2,16,1,32,3,10,7,1,7,6,1,8,1,5,,9,,1,21,121.5217021,25.0497436
113,9,20,7,2,2,03中山區,中山區中山北路1段與長安東路1段口,0,0,1,2,C03,8,6,5,50,4,1,1,5,4,5,13,2,1,1,4,1,2,16,2,55,2,9,5,1,7,9,1,10,1,11,,44,,1,21,121.5217021,25.0497436
113,9,20,7,18,2,09北投區,北投區中央北路4段48號,0,0,1,1,B03,8,7,5,50,14,9,1,5,4,5,13,2,1,5,4,5,2,16,2,48,3,10,7,1,7,11,1,8,1,2,,10,,1,22,121.4773704,25.1345934
113,9,20,7,18,2,09北投區,北投區中央北路4段48號,0,0,1,2,C03,8,7,5,50,14,9,1,5,4,5,13,2,1,5,4,5,2,16,1,27,2,9,6,1,7,9,1,10,1,14,,42,,1,22,121.4773704,25.1345934
113,9,20,7,19,2,04大安區,大安區復興南路1段253巷與仁愛路4段8巷26弄口口,0,0,1,1,C03,8,7,5,30,4,1,1,5,4,5,13,4,4,10,5,5,1,17,1,26,2,9,6,1,7,9,1,10,1,12,,14,,1,21,121.5443574,25.0368022
113,9,20,7,19,2,04大安區,大安區復興南路1段253巷與仁愛路4段8巷26弄口口,0,0,1,2,B01,8,7,5,30,4,1,1,5,4,5,13,4,4,10,5,5,1,17,1,62,3,10,7,1,7,9,1,4,1,1,,44,,1,21,121.5443574,25.0368022
113,9,20,8,0,2,01大同區,大同區大龍街與大龍街187巷口,0,0,1,1,C03,8,6,5,50,3,1,1,5,4,5,13,4,4,9,4,5,2,16,1,44,3,10,5,1,7,5,1,10,1,12,,74,,2,21,121.5159485,25.0691972
113,9,20,8,0,2,01大同區,大同區大龍街與大龍街187巷口,0,0,1,2,C03,8,6,5,50,3,1,1,5,4,5,13,4,4,9,4,5,2,16,2,37,2,9,5,1,7,9,1,10,1,11,,44,,1,21,121.5159485,25.0691972
113,9,20,8,12,2,03中山區,中山區北安路與北安路805巷口,0,0,1,1,C03,7,5,5,50,3,2,1,5,4,5,13,4,4,3,4,5,2,13,1,27,2,9,3,4,7,9,1,10,1,11,,16,,1,21,121.5542063,25.08541295
113,9,20,8,12,2,03中山區,中山區北安路與北安路805巷口,0,0,1,2,C03,7,5,5,50,3,2,1,5,4,5,13,4,4,3,4,5,2,13,1,39,3,10,3,4,7,9,1,10,1,13,,44,,1,21,121.5542063,25.08541295
113,9,20,8,15,2,02萬華區,萬華區萬大路與萬大路493巷口,0,0,1,1,C03,8,7,5,30,3,2,1,5,4,5,13,1,1,3,5,5,2,17,2,59,2,9,5,1,7,9,1,10,1,13,,44,,1,21,121.497877,25.0202019
113,9,20,8,15,2,02萬華區,萬華區萬大路與萬大路493巷口,0,0,1,2,A02,8,7,5,30,3,2,1,5,4,5,13,1,1,3,5,5,2,17,1,28,3,10,7,1,7,9,1,1,1,8,,108,,1,21,121.497877,25.0202019
113,9,20,8,20,2,06松山區,松山區麥帥二橋東往西健康匝道前30公尺處,0,0,1,1,B12,8,6,5,60,8,9,1,5,4,5,13,4,4,1,4,5,2,13,1,63,3,10,7,1,7,9,1,8,1,1,,16,,1,22,121.570888,25.05564741
113,9,20,8,20,2,06松山區,松山區麥帥二橋東往西健康匝道前30公尺處,0,0,1,2,B01,8,6,5,60,8,9,1,5,4,5,13,4,4,1,4,5,2,13,1,53,3,10,7,1,7,9,1,3,1,3,,44,,1,22,121.570888,25.05564741
113,9,20,8,20,2,06松山區,松山區麥帥二橋東往西健康匝道前30公尺處,0,0,1,3,H02,8,6,5,60,8,9,1,5,4,5,13,4,4,1,4,5,2,13,2,34,2,1,7,5,7,21,8,20,10,16,,67,,1,22,121.570888,25.05564741
113,9,20,8,24,2,06松山區,松山區麥帥一橋(南京東路下橋處),0,0,1,1,A02,8,6,5,50,14,9,1,5,4,5,13,4,4,9,4,5,2,9,1,65,3,10,7,1,7,9,1,2,9,17,,44,,1,21,121.5676792,25.05136925
113,9,20,8,24,2,06松山區,松山區麥帥一橋(南京東路下橋處),0,0,1,2,H02,8,6,5,50,14,9,1,5,4,5,13,4,4,9,4,5,2,9,2,65,2,6,2,5,7,17,8,20,10,16,,67,,1,22,121.5676792,25.05136925
113,9,20,8,30,2,03中山區,中山區南京西路12號,0,0,1,2,C03,8,6,5,50,14,9,1,5,4,5,13,4,4,1,4,4,2,16,2,27,2,9,6,1,7,9,1,10,2,14,,44,,1,21,121.5426126,25.0791602
113,9,20,8,30,2,03中山區,中山區南京西路12號,0,0,1,1,B01,8,6,5,50,14,9,1,5,4,5,13,4,4,1,4,4,2,16,1,61,3,10,7,1,7,6,1,4,2,5,,9,,1,21,121.5426126,25.0791602
113,9,20,8,30,2,05中正區,中正區天津街5號,0,0,1,1,B03,8,6,8,50,22,22,1,5,4,5,13,4,4,9,4,5,2,17,1,30,3,10,7,1,7,11,1,8,2,8,,10,,1,21,121.5222294,25.0473496
113,9,20,8,30,2,05中正區,中正區天津街5號,0,0,1,2,C03,8,6,8,50,22,22,1,5,4,5,13,4,4,9,4,5,2,17,1,27,2,9,6,1,7,9,1,10,2,12,,44,,1,21,121.5222294,25.0473496
113,9,20,8,35,2,02萬華區,萬華區西園路2段9號附近,0,0,2,1,C03,8,7,5,40,14,9,1,5,4,5,13,4,4,8,3,5,2,17,2,28,3,10,5,1,7,5,1,10,1,12,,44,,1,21,121.4980128,25.0321724
113,9,20,8,35,2,02萬華區,萬華區西園路2段9號附近,0,0,2,2,C03,8,7,5,40,14,9,1,5,4,5,13,4,4,8,3,5,2,17,2,28,2,9,5,1,7,5,1,10,1,14,,44,,1,21,121.4980128,25.0321724
113,9,20,8,35,2,02萬華區,萬華區西園路2段9號附近,0,0,2,3,C03,8,7,5,40,14,9,1,5,4,5,13,4,4,8,3,5,2,17,2,36,2,7,5,1,7,5,1,10,1,14,,44,,1,21,121.4980128,25.0321724
113,9,20,8,40,2,12內湖區,內湖區成功路2段452號,0,0,2,1,C03,8,6,5,50,14,9,1,5,4,5,13,1,1,1,4,5,2,13,2,23,2,7,6,1,7,9,1,10,2,11,,16,,1,21,121.58959,25.0720975
113,9,20,8,40,2,12內湖區,內湖區成功路2段452號,0,0,2,2,C03,8,6,5,50,14,9,1,5,4,5,13,1,1,1,4,5,2,13,1,58,2,8,6,1,7,12,5,10,2,13,,5,,1,21,121.58959,25.0720975
113,9,20,8,40,2,12內湖區,內湖區成功路2段452號,0,0,2,3,B03,8,6,5,50,14,9,1,5,4,5,13,1,1,1,4,5,2,13,1,60,3,10,7,1,7,9,1,8,2,2,,44,,1,21,121.58959,25.0720975
113,9,20,8,48,2,01大同區,大同區承德路1段80號,0,0,1,1,C03,8,6,5,50,14,9,1,5,4,5,13,4,4,1,4,5,2,17,1,20,2,9,5,4,7,15,1,10,2,11,,44,,1,21,121.5174101,25.0524221
113,9,20,8,48,2,01大同區,大同區承德路1段80號,0,0,1,2,E03,8,6,5,50,14,9,1,5,4,5,13,4,4,1,4,5,2,17,1,29,3,10,2,4,7,13,1,8,1,3,,44,,1,21,121.5174101,25.0524221
113,9,20,8,48,2,01大同區,大同區承德路1段80號,0,0,1,3,E03,8,6,5,50,14,9,1,5,4,5,13,4,4,1,4,5,2,17,1,29,3,10,2,4,7,13,1,8,1,3,,44,,1,21,121.5174101,25.0524221
113,9,20,8,56,2,04大安區,大安區仁愛路3段與新生南路1段口,0,0,1,1,H01,7,6,5,50,4,1,1,5,4,5,13,1,1,1,4,5,2,3,2,29,2,9,4,5,8,16,8,20,10,16,,121,,1,21,121.5329302,25.0378996
113,9,20,8,56,2,04大安區,大安區仁愛路3段與新生南路1段口,0,0,1,2,B01,7,6,5,50,4,1,1,5,4,5,13,1,1,1,4,5,2,3,1,61,3,10,7,1,7,9,1,4,1,4,,108,,1,21,121.5329302,25.0378996
113,9,20,9,31,2,04大安區,大安區敦南街與敦化南路2段200巷口口,0,0,1,1,B02,8,7,8,30,3,1,1,5,4,5,13,4,4,10,5,5,1,17,1,54,3,10,7,1,7,5,1,8,1,4,,74,,1,21,121.5466219,25.022958
113,9,20,9,31,2,04大安區,大安區敦南街與敦化南路2段200巷口口,0,0,1,2,C03,8,7,8,30,3,1,1,5,4,5,13,4,4,10,5,5,1,17,2,18,2,9,6,1,7,9,1,10,1,11,,44,,1,21,121.5466219,25.022958
113,9,20,9,46,2,08士林區,士林區延平北路5段與中正路口,0,0,1,1,A41,8,6,5,50,4,1,1,5,4,5,13,2,1,1,4,5,1,12,1,32,4,11,3,4,7,9,1,1,11,2,,119,,2,22,121.5092689,25.0865425
113,9,20,9,46,2,08士林區,士林區延平北路5段與中正路口,0,0,1,2,C03,8,6,5,50,4,1,1,5,4,5,13,2,1,1,4,5,1,12,1,75,2,9,5,1,7,9,1,10,11,14,,44,,1,21,121.5092689,25.0865425
113,9,20,9,50,2,05中正區,中正區中山南路7號,0,0,1,2,C03,6,7,6,50,14,9,1,4,4,5,13,4,4,1,4,5,2,17,1,30,3,10,5,1,7,4,1,10,9,13,,44,,1,21,121.5180318,25.039771
113,9,20,9,50,2,05中正區,中正區中山南路7號,0,0,1,3,B12,6,7,6,50,14,9,1,4,4,5,13,4,4,1,4,5,2,17,1,26,3,10,7,1,7,12,1,8,1,7,,44,,1,21,121.5180318,25.039771
113,9,20,9,50,2,05中正區,中正區中山南路7號,0,0,1,1,C03,6,7,6,50,14,9,1,4,4,5,13,4,4,1,4,5,2,17,1,19,2,8,5,1,7,9,1,10,1,11,,16,,1,21,121.5180318,25.039771
113,9,20,10,6,2,08士林區,士林區環河北路3段堤外自行車道延平河濱32,0,0,1,1,F01,8,6,8,50,14,23,1,5,4,5,13,4,4,9,5,5,1,10,2,14,2,8,4,1,7,4,8,20,2,11,,108,,1,22,121.5068556,25.0824644
113,9,20,10,6,2,08士林區,士林區環河北路3段堤外自行車道延平河濱32,0,0,1,2,F01,8,6,8,50,14,23,1,5,4,5,13,4,4,9,5,5,1,10,1,53,3,10,4,1,7,9,8,20,2,11,,44,,1,22,121.5068556,25.0824644
113,9,20,10,17,2,04大安區,大安區永康街與潮州街口,0,0,1,1,B01,8,7,5,30,4,1,1,5,4,5,13,4,4,8,3,5,2,15,2,58,3,10,3,4,7,9,1,8,1,4,,72,,1,21,121.5296113,25.0283817
113,9,20,10,17,2,04大安區,大安區永康街與潮州街口,0,0,1,2,C03,8,7,5,30,4,1,1,5,4,5,13,4,4,8,3,5,2,15,1,20,2,9,3,4,7,9,1,10,1,11,,108,,1,21,121.5296113,25.0283817
113,9,20,10,42,2,07信義區,信義區松山路287巷14號,0,0,1,1,B03,8,6,5,30,14,9,1,5,4,5,13,4,4,10,5,5,2,12,1,45,2,1,7,1,7,9,1,7,1,5,,108,,1,21,121.5790123,25.0428738
113,9,20,10,42,2,07信義區,信義區松山路287巷14號,0,0,1,2,B12,8,6,5,30,14,9,1,5,4,5,13,4,4,10,5,5,2,12,1,64,3,10,7,1,7,13,1,8,9,4,,44,,1,21,121.5790123,25.0428738
113,9,20,11,10,2,01大同區,大同區承德路3段與承德路3段129巷口,0,0,1,1,B12,8,6,5,50,4,2,1,5,4,5,13,2,1,8,3,5,1,3,1,45,3,10,3,4,7,5,1,8,2,1,,70,,1,21,121.5183256,25.0672164
113,9,20,11,10,2,01大同區,大同區承德路3段與承德路3段129巷口,0,0,1,2,H01,8,6,5,50,4,2,1,5,4,5,13,2,1,8,3,5,1,3,1,74,2,9,4,5,8,16,8,20,10,16,,67,,1,21,121.5183256,25.0672164
113,9,20,11,16,2,10文山區,文山區辛亥路5段25巷與興隆路3段36巷口,0,0,1,1,B03,8,6,5,30,3,1,1,5,4,5,13,3,1,9,5,5,2,13,1,28,3,10,7,1,7,9,1,8,2,1,,108,,1,21,121.5550666,24.9995281
113,9,20,11,16,2,10文山區,文山區辛亥路5段25巷與興隆路3段36巷口,0,0,1,2,C03,8,6,5,30,3,1,1,5,4,5,13,3,1,9,5,5,2,13,2,66,2,9,6,1,7,14,1,10,2,13,,44,,1,21,121.5550666,24.9995281
113,9,20,11,24,2,12內湖區,內湖區五分街72巷與五分街口,0,0,2,1,C03,8,6,5,30,4,1,1,5,4,5,13,4,4,10,5,5,2,15,2,32,2,9,6,1,7,9,1,10,2,12,,72,,1,21,121.6163688,25.0671909
113,9,20,11,24,2,12內湖區,內湖區五分街72巷與五分街口,0,0,2,2,C03,8,6,5,30,4,1,1,5,4,5,13,4,4,10,5,5,2,15,2,63,2,9,6,1,7,9,1,10,2,11,,14,,1,21,121.6163688,25.0671909
113,9,20,11,44,2,11南港區,南港區南港路2段與興南街口,0,0,2,1,C03,7,6,5,50,3,1,1,5,4,5,13,2,1,5,4,4,2,16,1,64,2,9,5,1,7,5,1,10,1,11,,71,,1,21,121.5976035,25.0540874
113,9,20,11,44,2,11南港區,南港區南港路2段與興南街口,0,0,2,2,C03,7,6,5,50,3,1,1,5,4,5,13,2,1,5,4,4,2,16,1,51,2,3,5,1,7,9,1,10,1,11,,14,,1,21,121.5976035,25.0540874
113,9,20,12,3,2,02萬華區,萬華區西藏路125巷31號,0,0,3,1,B03,7,7,5,0,14,20,1,5,4,5,13,4,4,10,5,5,2,14,1,64,3,10,7,1,7,2,1,8,1,3,,44,,1,21,121.503596,25.0253612
113,9,20,12,3,2,02萬華區,萬華區西藏路125巷31號,0,0,3,2,C03,7,7,5,0,14,20,1,5,4,5,13,4,4,10,5,5,2,14,1,36,2,9,5,1,7,14,1,10,1,13,,44,,1,21,121.503596,25.0253612
113,9,20,12,3,2,02萬華區,萬華區西藏路125巷31號,0,0,3,3,H02,7,7,5,0,14,20,1,5,4,5,13,4,4,10,5,5,2,14,2,6,2,9,5,5,7,20,8,20,10,16,,67,,1,21,121.503596,25.0253612
113,9,20,12,3,2,02萬華區,萬華區西藏路125巷31號,0,0,3,4,H02,7,7,5,0,14,20,1,5,4,5,13,4,4,10,5,5,2,14,1,6,2,9,5,5,7,20,8,20,10,16,,67,,1,21,121.503596,25.0253612
113,9,20,12,44,2,02萬華區,萬華區漢中街與內江街口,0,0,2,1,C03,8,7,5,50,4,2,1,5,4,5,13,1,1,9,5,5,2,17,1,67,2,9,5,1,7,11,1,10,1,12,,10,,1,21,121.5068149,25.0413577
113,9,20,12,44,2,02萬華區,萬華區漢中街與內江街口,0,0,2,2,C03,8,7,5,50,4,2,1,5,4,5,13,1,1,9,5,5,2,17,1,48,2,8,5,1,7,9,1,10,1,14,,44,,1,21,121.5068149,25.0413577
113,9,20,13,30,2,04大安區,大安區辛亥路2段與建國南路2段口,0,0,1,1,C03,8,5,5,50,5,2,1,5,4,5,13,2,1,1,4,5,1,17,1,29,3,10,3,4,7,1,1,10,1,14,,80,,1,21,121.5380144,25.0227486
113,9,20,13,30,2,04大安區,大安區辛亥路2段與建國南路2段口,0,0,1,2,C03,8,5,5,50,5,2,1,5,4,5,13,2,1,1,4,5,1,17,2,54,2,6,3,4,7,9,1,10,1,12,,44,,1,21,121.5380144,25.0227486
113,9,20,13,39,2,05中正區,中正區林森南路與青島東路口,0,0,1,1,C04,8,6,5,50,4,1,1,5,4,5,13,1,1,5,4,5,2,16,2,22,2,9,6,1,7,5,1,10,9,14,,8,,1,22,121.5230083,25.043533
113,9,20,13,39,2,05中正區,中正區林森南路與青島東路口,0,0,1,2,B01,8,6,5,50,4,1,1,5,4,5,13,1,1,5,4,5,2,16,2,42,3,10,7,1,7,9,1,4,9,1,,44,,1,21,121.5230083,25.043533
113,9,20,14,35,2,12內湖區,內湖區瑞光路513巷與瑞光路口,0,0,1,1,C03,8,6,5,50,4,1,1,5,4,5,13,1,1,10,5,5,2,16,2,70,2,9,6,1,7,5,1,10,2,14,,8,,1,21,121.5691713,25.0788339
113,9,20,14,35,2,12內湖區,內湖區瑞光路513巷與瑞光路口,0,0,1,2,B01,8,6,5,50,4,1,1,5,4,5,13,1,1,10,5,5,2,16,1,34,3,10,7,1,7,9,1,4,2,5,,44,,1,21,121.5691713,25.0788339
113,9,20,15,36,2,04大安區,大安區仁愛路3段22號,0,0,1,1,B03,8,7,5,40,14,9,1,5,4,5,13,4,4,8,3,5,2,12,1,58,3,10,3,4,7,1,1,8,1,5,,19,,1,21,121.540207,25.0376681
113,9,20,15,36,2,04大安區,大安區仁愛路3段22號,0,0,1,2,C03,8,7,5,40,14,9,1,5,4,5,13,4,4,8,3,5,2,12,1,29,2,8,3,4,7,9,1,10,1,14,,108,,1,21,121.540207,25.0376681
113,9,20,15,43,2,09北投區,北投區振興街與天母西路130巷口,0,0,1,1,B03,8,7,5,50,3,1,1,5,4,5,13,4,4,5,4,5,2,17,1,63,3,10,7,1,7,6,1,8,9,17,,9,,1,22,121.5221061,25.11833122
113,9,20,15,43,2,09北投區,北投區振興街與天母西路130巷口,0,0,1,2,A02,8,7,5,50,3,1,1,5,4,5,13,4,4,5,4,5,2,17,1,46,3,10,7,1,7,1,1,2,2,17,,19,,1,21,121.5221061,25.11833122
113,9,20,15,43,2,09北投區,北投區振興街與天母西路130巷口,0,0,1,3,H02,8,7,5,50,3,1,1,5,4,5,13,4,4,5,4,5,2,17,2,62,2,9,4,5,7,17,8,20,10,17,,67,,1,22,121.5221061,25.11833122
113,9,20,15,51,2,08士林區,士林區仰德大道1段101號上方50公尺,0,0,1,1,C03,8,7,5,40,11,9,1,5,4,5,13,4,4,4,4,5,1,17,2,18,2,9,5,1,7,9,1,10,2,14,,17,,1,21,121.5386114,25.10355332
113,9,20,15,51,2,08士林區,士林區仰德大道1段101號上方50公尺,0,0,1,2,B12,8,7,5,40,11,9,1,5,4,5,13,4,4,4,4,5,1,17,1,60,3,10,7,1,7,9,1,4,2,2,,17,,1,21,121.5386114,25.10355332
113,9,20,16,22,2,07信義區,信義區基隆路1段與基隆路1段101巷口口,0,0,1,1,C03,8,6,5,50,3,1,1,5,4,5,13,4,4,1,4,5,2,17,1,35,3,10,6,1,7,9,1,10,2,17,,30,,1,22,121.567078,25.04550376
113,9,20,16,22,2,07信義區,信義區基隆路1段與基隆路1段101巷口口,0,0,1,2,C03,8,6,5,50,3,1,1,5,4,5,13,4,4,1,4,5,2,17,1,28,2,9,6,1,7,9,1,10,2,12,,44,,1,22,121.567078,25.04550376
113,9,20,16,23,2,04大安區,大安區基隆路4段73巷(臺科大停車場入口處),0,0,1,1,B03,8,5,5,30,14,9,1,5,4,5,13,4,4,9,4,4,2,16,1,19,3,10,7,1,7,6,1,8,1,2,,9,,1,21,121.540196,25.0123615
113,9,20,16,23,2,04大安區,大安區基隆路4段73巷(臺科大停車場入口處),0,0,1,2,C03,8,5,5,30,14,9,1,5,4,5,13,4,4,9,4,4,2,16,2,19,2,9,6,1,7,9,1,10,1,14,,108,,1,21,121.540196,25.0123615
113,9,20,16,41,2,04大安區,大安區青田街7巷與和平東路1段183巷口,0,0,1,1,B03,8,7,5,30,4,1,1,5,4,5,13,4,4,10,5,5,2,15,1,60,3,10,7,1,7,9,1,8,1,5,,14,,1,21,121.532081,25.026598
113,9,20,16,41,2,04大安區,大安區青田街7巷與和平東路1段183巷口,0,0,1,2,C03,8,7,5,30,4,1,1,5,4,5,13,4,4,10,5,5,2,15,2,62,2,7,5,1,7,9,1,10,1,14,,14,,1,21,121.532081,25.026598
113,9,20,16,45,2,04大安區,大安區信義路3段與建國南路1段口,0,0,1,1,F01,8,7,5,50,5,1,1,5,4,5,13,1,1,8,3,5,2,15,1,15,2,9,3,4,7,9,8,20,1,12,,81,,1,21,121.5375857,25.0336723
113,9,20,16,45,2,04大安區,大安區信義路3段與建國南路1段口,0,0,1,2,B03,8,7,5,50,5,1,1,5,4,5,13,1,1,8,3,5,2,15,1,65,3,10,3,4,7,9,1,8,1,1,,44,,1,21,121.5375857,25.0336723
113,9,20,17,4,2,07信義區,信義區莊敬路418號與吳興街345巷口,0,0,1,1,F01,8,6,5,40,4,1,1,5,4,5,13,1,1,9,4,4,2,17,1,13,4,11,3,4,7,5,8,20,9,17,,8,,2,15,121.5663612,25.0271979
113,9,20,17,4,2,07信義區,信義區莊敬路418號與吳興街345巷口,0,0,1,2,C03,8,6,5,40,4,1,1,5,4,5,13,1,1,9,4,4,2,17,2,22,2,9,3,1,7,9,1,10,9,11,,44,,1,22,121.5663612,25.0271979
113,9,20,17,8,2,07信義區,信義區松仁路與松勤街口,0,0,1,1,B01,8,6,5,50,4,1,1,5,4,5,13,2,1,9,4,5,2,16,1,54,3,10,7,1,7,6,1,4,1,2,,9,,1,21,121.5683851,25.0318779
113,9,20,17,8,2,07信義區,信義區松仁路與松勤街口,0,0,1,2,C03,8,6,5,50,4,1,1,5,4,5,13,2,1,9,4,5,2,16,1,23,2,8,5,1,7,9,1,10,1,11,,44,,1,21,121.5683851,25.0318779
113,9,20,17,11,2,12內湖區,內湖區永保街與安康路口,0,0,1,1,B03,8,6,5,50,3,1,1,5,4,5,13,4,4,5,5,5,2,17,1,67,3,10,7,1,7,6,1,8,2,2,,80,,1,21,121.6069481,25.0645051
113,9,20,17,11,2,12內湖區,內湖區永保街與安康路口,0,0,1,2,C03,8,6,5,50,3,1,1,5,4,5,13,4,4,5,5,5,2,17,1,72,2,9,5,1,7,9,1,10,2,14,,44,,1,21,121.6069481,25.0645051
113,9,20,17,12,2,12內湖區,內湖區民權東路6段與民權東路6段19巷口,0,0,1,1,C03,8,6,5,50,4,1,1,5,4,5,13,1,1,1,4,5,2,17,1,33,3,10,5,1,7,8,1,9,1,17,,101,,1,21,121.5813906,25.0680066
113,9,20,17,12,2,12內湖區,內湖區民權東路6段與民權東路6段19巷口,0,0,1,2,C03,8,6,5,50,4,1,1,5,4,5,13,1,1,1,4,5,2,17,1,35,2,9,5,1,7,9,1,10,1,17,,44,,1,21,121.5813906,25.0680066
113,9,20,17,20,2,09北投區,北投區崇仰一路1210487號燈桿,0,0,1,1,B03,8,7,5,30,11,9,1,5,4,5,13,4,4,10,5,5,2,10,2,34,3,10,7,1,7,9,1,8,1,1,,5,,1,22,121.5067417,25.12397235
113,9,20,17,20,2,09北投區,北投區崇仰一路1210487號燈桿,0,0,1,2,C03,8,7,5,30,11,9,1,5,4,5,13,4,4,10,5,5,2,10,1,34,2,8,5,1,7,15,3,18,1,11,,5,,1,22,121.5067417,25.12397235