發生年度,發生月,發生日,發生時-Hours,發生分,處理別-編號,區序,肇事地點,死亡人數,2-30日死亡人數,受傷人數,當事人序號,車種,天候,道路照明設備,道路類別,速限-速度限制,道路型態,事故位置,路面狀況1,路面狀況2,路面狀況3,道路障礙1,道路障礙2,號誌1,號誌2,車道劃分-分向,車道劃分-分道1,車道劃分-分道2,車道劃分-分道3,事故類型及型態,性別,年齡,受傷程度,主要傷處,保護裝置,行動電話,車輛用途,當事者行動狀態,駕駛資格情形,駕駛執照種類,飲酒情形,車輛撞擊部位1,車輛撞擊部位2,肇因碼-個別,肇因碼-主要,個人肇逃否,職業,座標-X,座標-Y
113,9,20,17,57,2,04大安區,大安區忠孝東路4段181巷與敦化南路1段161巷口,0,0,1,1,C03,8,5,5,30,4,1,1,5,4,5,13,4,4,10,5,5,2,15,2,21,2,9,6,1,7,9,1,10,1,11,,72,,1,21,121.5507901,25.0435122
113,9,20,17,57,2,04大安區,大安區忠孝東路4段181巷與敦化南路1段161巷口,0,0,1,2,B03,8,5,5,30,4,1,1,5,4,5,13,4,4,10,5,5,2,15,1,30,3,10,7,1,7,9,1,8,1,8,,44,,1,21,121.5507901,25.0435122
113,9,20,18,51,2,03中山區,中山區北安路670巷與北安路630巷9弄口,0,0,1,1,B03,8,5,5,30,3,1,1,5,4,5,13,4,4,5,5,5,2,16,2,51,3,10,7,1,7,6,1,8,1,1,,72,,1,21,121.5498843,25.08396231
113,9,20,18,51,2,03中山區,中山區北安路670巷與北安路630巷9弄口,0,0,1,2,C03,8,5,5,30,3,1,1,5,4,5,13,4,4,5,5,5,2,16,1,18,3,10,5,1,7,9,1,10,1,12,,44,,1,21,121.5498843,25.08396231
113,9,20,18,51,2,03中山區,中山區北安路670巷與北安路630巷9弄口,0,0,1,3,H02,8,5,5,30,3,1,1,5,4,5,13,4,4,5,5,5,2,16,1,18,2,8,5,5,7,20,8,20,10,16,,67,,1,21,121.5498843,25.08396231
113,9,20,19,0,2,04大安區,大安區杭州南路2段與信義路2段口口,0,0,2,1,B03,8,5,5,50,4,1,1,5,4,5,13,2,1,8,3,5,1,13,1,63,3,10,7,1,7,9,1,8,1,1,,16,,1,21,121.5242477,25.03535424
113,9,20,19,0,2,04大安區,大安區杭州南路2段與信義路2段口口,0,0,2,2,C03,8,5,5,50,4,1,1,5,4,5,13,2,1,8,3,5,1,13,1,35,2,8,6,1,7,9,1,10,1,13,,116,,1,21,121.5242477,25.03535424
113,9,20,19,0,2,04大安區,大安區杭州南路2段與信義路2段口口,0,0,2,3,C03,8,5,5,50,4,1,1,5,4,5,13,2,1,8,3,5,1,13,2,30,2,9,6,1,7,9,1,10,1,12,,44,,1,21,121.5242477,25.03535424
113,9,20,19,30,2,09北投區,北投區中央北路3段與中央北路3段1巷口,0,0,1,1,C03,8,5,5,50,4,2,1,5,4,5,13,2,1,5,5,5,2,16,2,64,3,10,3,4,7,5,1,11,1,11,,80,,2,26,121.4867658,25.1383286
113,9,20,19,30,2,09北投區,北投區中央北路3段與中央北路3段1巷口,0,0,1,2,C03,8,5,5,50,4,2,1,5,4,5,13,2,1,5,5,5,2,16,1,26,2,9,3,4,7,9,1,10,1,11,,108,,1,22,121.4867658,25.1383286
113,9,20,21,12,2,07信義區,信義區市民大道5段與東興路口,0,0,1,1,C03,8,5,5,50,4,1,1,5,4,5,13,1,1,1,4,5,2,17,1,32,3,10,6,1,7,9,1,10,1,12,,101,,1,22,121.5660132,25.0482326
113,9,20,21,12,2,07信義區,信義區市民大道5段與東興路口,0,0,1,2,C03,8,5,5,50,4,1,1,5,4,5,13,1,1,1,4,5,2,17,2,62,2,9,5,1,7,9,1,10,1,11,,44,,1,22,121.5660132,25.0482326
113,9,20,21,30,2,04大安區,大安區和平東路1段187號,0,0,2,1,B03,8,5,5,40,14,8,1,5,4,5,13,4,4,1,3,4,2,17,2,53,3,10,7,1,7,15,1,8,1,8,,19,,1,21,121.5331284,25.0263239
113,9,20,21,30,2,04大安區,大安區和平東路1段187號,0,0,2,2,C03,8,5,5,40,14,8,1,5,4,5,13,4,4,1,3,4,2,17,1,19,2,9,5,1,7,9,1,10,1,12,,44,,1,21,121.5331284,25.0263239
113,9,20,21,30,2,04大安區,大安區和平東路1段187號,0,0,2,3,H02,8,5,5,40,14,8,1,5,4,5,13,4,4,1,3,4,2,17,1,28,2,9,5,5,7,20,8,20,10,16,,67,,1,21,121.5331284,25.0263239
113,9,20,21,34,2,04大安區,大安區信義路4段148號,0,0,1,1,C03,8,5,5,50,14,9,1,5,4,5,13,4,4,1,4,5,2,13,2,28,2,9,5,1,7,9,1,10,1,14,,107,,1,21,121.5500414,25.0331356
113,9,20,21,34,2,04大安區,大安區信義路4段148號,0,0,1,2,B03,8,5,5,50,14,9,1,5,4,5,13,4,4,1,4,5,2,13,1,26,3,10,7,1,7,12,1,8,1,2,,44,,1,21,121.5500414,25.0331356
113,9,20,22,33,2,04大安區,大安區文昌街250巷與通化街19巷口,0,0,2,2,B01,8,5,5,30,5,1,1,5,4,5,13,4,4,10,5,5,2,15,1,48,3,10,7,4,7,9,1,4,1,8,,14,,1,21,121.5557191,25.0316533
113,9,20,22,33,2,04大安區,大安區文昌街250巷與通化街19巷口,0,0,2,1,C03,8,5,5,30,5,1,1,5,4,5,13,4,4,10,5,5,2,15,1,29,2,7,5,4,7,9,1,10,1,12,,72,,1,22,121.5557191,25.0316533
113,9,20,22,33,2,04大安區,大安區文昌街250巷與通化街19巷口,0,0,2,3,H02,8,5,5,30,5,1,1,5,4,5,13,4,4,10,5,5,2,15,2,28,2,7,6,5,7,20,8,20,10,16,,67,,1,21,121.5557191,25.0316533
113,9,20,22,56,2,01大同區,大同區承德路2段與民權西路口,0,0,1,1,C03,8,5,5,50,5,1,1,5,4,5,13,2,1,1,4,5,2,17,2,21,2,9,6,1,7,8,1,10,1,12,,101,,1,21,121.5182903,25.0627673
113,9,20,22,56,2,01大同區,大同區承德路2段與民權西路口,0,0,1,2,B03,8,5,5,50,5,1,1,5,4,5,13,2,1,1,4,5,2,17,1,23,3,10,7,1,7,9,1,8,1,4,,44,,1,21,121.5182903,25.0627673
113,9,20,23,3,2,01大同區,大同區環河北路2段與歸綏街口,0,0,1,1,C03,7,5,5,50,3,2,1,5,4,5,13,4,4,1,4,5,2,17,1,20,3,10,3,4,7,6,1,10,1,13,,9,,1,21,121.5085318,25.0580013
113,9,20,23,3,2,01大同區,大同區環河北路2段與歸綏街口,0,0,1,2,C03,7,5,5,50,3,2,1,5,4,5,13,4,4,1,4,5,2,17,1,33,2,9,3,4,7,9,1,10,1,11,,14,,1,21,121.5085318,25.0580013
113,9,20,23,20,2,03中山區,中山區中山北路1段與市民大道2段口,0,0,2,1,C03,8,5,5,40,4,2,1,5,4,5,13,1,1,1,4,5,2,13,1,58,2,8,6,1,7,9,1,10,1,11,,16,,1,21,121.5208966,25.04801114
113,9,20,23,20,2,03中山區,中山區中山北路1段與市民大道2段口,0,0,2,2,C03,8,5,5,40,4,2,1,5,4,5,13,1,1,1,4,5,2,13,1,24,2,3,6,1,7,14,1,10,1,13,,44,,1,21,121.5208966,25.04801114
113,9,20,23,20,2,03中山區,中山區中山北路1段與市民大道2段口,0,0,2,3,B03,8,5,5,40,4,2,1,5,4,5,13,1,1,1,4,5,2,13,1,47,3,10,7,1,7,14,1,8,1,7,,44,,1,21,121.5208966,25.04801114
113,9,20,23,50,2,01大同區,大同區台北橋機慢車道往三重,0,0,1,1,C03,8,5,5,50,8,11,1,5,4,5,13,4,4,10,5,5,2,17,2,34,3,10,5,1,7,7,1,10,2,17,,100,,1,21,121.5087227,25.0634989
113,9,20,23,50,2,01大同區,大同區台北橋機慢車道往三重,0,0,1,2,C04,8,5,5,50,8,11,1,5,4,5,13,4,4,10,5,5,2,17,2,29,2,9,6,1,7,9,1,10,2,12,,44,,1,21,121.5087227,25.0634989
113,9,21,0,4,2,03中山區,中山區中原街與新生北路口側附近2段119巷口,0,0,2,1,B01,7,5,5,30,5,1,1,5,4,5,12,4,4,9,4,5,2,17,1,47,3,10,3,4,7,9,1,4,1,8,,72,,1,21,121.5289133,25.05897742
113,9,21,0,4,2,03中山區,中山區中原街與新生北路口側附近2段119巷口,0,0,2,2,C03,7,5,5,30,5,1,1,5,4,5,12,4,4,9,4,5,2,17,1,22,2,9,3,4,7,9,1,10,1,12,,44,,1,21,121.5289133,25.05897742
113,9,21,0,4,2,03中山區,中山區中原街與新生北路口側附近2段119巷口,0,0,2,3,H02,7,5,5,30,5,1,1,5,4,5,12,4,4,9,4,5,2,17,2,22,2,9,3,5,7,20,8,20,10,16,,58,,1,22,121.5289133,25.05897742
113,9,21,0,4,2,03中山區,中山區中原街與新生北路口側附近2段119巷口,0,0,2,4,,7,5,5,30,5,1,1,5,4,5,12,4,4,9,4,5,2,17,3,65,,,,,,,,,10,,,60,,1,,121.5289133,25.05897742
113,9,21,0,15,2,10文山區,文山區興隆路1段與興隆路1段83巷口,0,0,1,1,B01,8,6,5,50,3,2,1,5,4,5,13,2,1,1,4,5,2,17,1,63,3,10,7,1,7,11,1,4,2,17,,10,,1,21,121.5412243,25.0032972
113,9,21,0,15,2,10文山區,文山區興隆路1段與興隆路1段83巷口,0,0,1,2,B03,8,6,5,50,3,2,1,5,4,5,13,2,1,1,4,5,2,17,1,28,2,7,7,1,7,15,6,8,2,5,,13,,1,21,121.5412243,25.0032972
113,9,21,0,15,2,10文山區,文山區興隆路1段與興隆路1段83巷口,0,0,1,3,B03,8,6,5,50,3,2,1,5,4,5,13,2,1,1,4,5,2,17,1,55,3,10,3,4,7,13,7,19,11,3,,67,,1,21,121.5412243,25.0032972
113,9,21,0,15,2,10文山區,文山區興隆路1段與興隆路1段83巷口,0,0,1,4,B12,8,6,5,50,3,2,1,5,4,5,13,2,1,1,4,5,2,17,1,31,3,10,3,4,7,13,7,19,11,3,,67,,1,21,121.5412243,25.0032972
113,9,21,0,15,2,10文山區,文山區興隆路1段與興隆路1段83巷口,0,0,1,5,B03,8,6,5,50,3,2,1,5,4,5,13,2,1,1,4,5,2,17,2,63,3,10,3,4,7,13,7,19,11,3,,67,,1,21,121.5412243,25.0032972
113,9,21,0,22,2,03中山區,中山區松江路132巷與松江路口口,0,0,1,1,B01,8,6,5,30,3,1,1,5,4,5,13,4,4,5,5,5,2,15,1,56,3,10,3,4,7,9,1,4,1,1,,80,,1,22,121.5315334,25.0529277
113,9,21,0,22,2,03中山區,中山區松江路132巷與松江路口口,0,0,1,2,F01,8,6,5,30,3,1,1,5,4,5,13,4,4,5,5,5,2,15,2,21,2,8,2,4,7,9,8,20,1,14,,107,,1,22,121.5315334,25.0529277
113,9,21,0,35,2,08士林區,士林區中正路與承德路4段口,0,0,1,1,C03,8,5,5,50,4,1,1,5,4,5,13,2,1,1,2,5,2,12,1,19,2,9,6,1,7,7,1,10,1,14,,100,,1,21,121.5163729,25.0908259
113,9,21,0,35,2,08士林區,士林區中正路與承德路4段口,0,0,1,2,B03,8,5,5,50,4,1,1,5,4,5,13,2,1,1,2,5,2,12,1,25,3,10,7,1,7,9,1,8,1,2,,44,,1,21,121.5163729,25.0908259
113,9,21,5,9,2,07信義區,信義區松仁路89號,0,0,2,1,B01,8,5,5,50,14,9,1,5,4,5,13,4,4,1,4,5,2,12,1,56,2,7,7,1,7,8,1,4,2,2,,100,,1,22,121.5684666,25.0371226
113,9,21,5,9,2,07信義區,信義區松仁路89號,0,0,2,2,B01,8,5,5,50,14,9,1,5,4,5,13,4,4,1,4,5,2,12,1,44,2,2,7,1,7,9,1,4,2,5,,44,,1,22,121.5684666,25.0371226
113,9,21,8,15,2,05中正區,中正區中山南路5號,0,0,2,1,C03,7,7,5,50,14,9,1,5,4,5,13,4,4,1,4,5,2,16,1,24,3,10,5,1,7,6,1,10,1,12,,80,,1,21,121.5187404,25.0422364
113,9,21,8,15,2,05中正區,中正區中山南路5號,0,0,2,2,C03,7,7,5,50,14,9,1,5,4,5,13,4,4,1,4,5,2,16,1,22,2,9,5,1,7,9,1,10,1,14,,44,,1,21,121.5187404,25.0422364
113,9,21,8,15,2,05中正區,中正區中山南路5號,0,0,2,3,H02,7,7,5,50,14,9,1,5,4,5,13,4,4,1,4,5,2,16,2,21,2,9,5,5,7,20,8,20,10,16,,67,,1,21,121.5187404,25.0422364
113,9,21,8,45,2,02萬華區,萬華區中華路1段與忠孝西路2段口,0,0,1,1,C03,6,7,5,50,4,2,1,4,4,5,13,1,1,1,5,5,2,13,1,19,2,9,6,1,7,12,1,10,1,11,,44,,1,21,121.5095001,25.0480705
113,9,21,8,45,2,02萬華區,萬華區中華路1段與忠孝西路2段口,0,0,1,2,C03,6,7,5,50,4,2,1,4,4,5,13,1,1,1,5,5,2,13,1,43,3,10,5,1,7,14,1,10,1,13,,44,,1,21,121.5095001,25.0480705
113,9,21,10,0,2,03中山區,中山區北安路與北安路759巷口,0,0,1,1,C03,7,5,8,50,4,2,1,4,4,5,13,1,1,1,4,5,2,13,1,20,2,9,3,4,7,9,1,10,1,11,,13,,1,21,121.5530542,25.0857428
113,9,21,10,0,2,03中山區,中山區北安路與北安路759巷口,0,0,1,2,C03,7,5,8,50,4,2,1,4,4,5,13,1,1,1,4,5,2,13,2,54,3,10,3,4,7,8,1,10,1,13,,100,,1,21,121.5530542,25.0857428
113,9,21,10,0,2,08士林區,士林區重慶北路4段81號,0,0,1,1,C03,6,6,5,50,14,7,1,4,4,5,13,4,4,1,4,4,2,18,2,35,2,9,6,1,7,9,1,10,1,12,,42,,1,22,121.5126056,25.0818344
113,9,21,10,0,2,08士林區,士林區重慶北路4段81號,0,0,1,2,,6,6,5,50,14,7,1,4,4,5,13,4,4,1,4,4,2,18,3,0,,,,,,,,,,,,67,,1,,121.5126056,25.0818344
113,9,21,10,2,2,08士林區,士林區中山北路6段157巷與中山北路6段口,0,0,1,1,B01,6,6,5,50,3,2,1,4,4,5,13,4,4,1,4,5,1,17,1,67,3,10,3,4,7,6,7,19,11,17,,73,,2,22,121.5248635,25.1067844
113,9,21,10,2,2,08士林區,士林區中山北路6段157巷與中山北路6段口,0,0,1,2,C03,6,6,5,50,3,2,1,4,4,5,13,4,4,1,4,5,1,17,1,60,2,9,3,4,7,9,1,10,1,17,,14,,1,21,121.5248635,25.1067844
113,9,21,10,13,2,07信義區,信義區基隆路2段41號,0,0,1,1,C03,6,6,5,50,14,9,1,4,4,5,13,4,4,9,4,5,2,18,1,25,2,9,6,1,7,9,1,10,1,15,,118,,1,21,121.5585566,25.0312536
113,9,21,10,13,2,07信義區,信義區基隆路2段41號,0,0,1,2,,6,6,5,50,14,9,1,4,4,5,13,4,4,9,4,5,2,18,3,0,,,,,,,,,,,,67,,1,,121.5585566,25.0312536
113,9,21,10,15,2,01大同區,大同區哈密街108號,0,0,1,1,C03,6,6,5,30,14,9,1,4,4,5,13,4,4,9,5,5,2,17,1,74,2,9,5,4,7,9,1,10,1,14,,44,,1,21,121.5151999,25.0728835
113,9,21,10,15,2,01大同區,大同區哈密街108號,0,0,1,2,B11,6,6,5,30,14,9,1,4,4,5,13,4,4,9,5,5,2,17,1,64,3,10,2,4,7,15,1,3,1,17,,126,,1,21,121.5151999,25.0728835
113,9,21,10,24,2,10文山區,文山區和平東路4段018電桿對面,0,0,1,1,C03,6,6,5,40,11,9,1,4,4,5,13,4,4,5,5,5,2,18,1,30,2,9,5,1,7,9,1,10,9,14,,118,,1,21,121.5713391,25.0044459
113,9,21,10,24,2,10文山區,文山區和平東路4段018電桿對面,0,0,1,2,,6,6,5,40,11,9,1,4,4,5,13,4,4,5,5,5,2,18,3,0,,,,,,,,,,,,67,,1,,121.5713391,25.0044459
113,9,21,10,36,2,07信義區,信義區忠孝東路4段505號,0,0,1,1,F01,7,7,5,0,14,20,4,5,4,5,13,4,4,10,5,5,2,18,2,32,2,9,2,4,7,9,8,20,1,12,,118,,1,21,121.55799,25.043523
113,9,21,10,36,2,07信義區,信義區忠孝東路4段505號,0,0,1,2,,7,7,5,0,14,20,4,5,4,5,13,4,4,10,5,5,2,18,3,0,,,,,,,,,,,,67,,1,,121.55799,25.043523
113,9,21,10,40,2,09北投區,北投區大度路3段301號關渡公車站前(西往東),0,0,2,1,C03,6,5,5,50,14,9,1,4,4,5,13,4,4,9,4,5,1,12,2,33,2,7,6,1,7,9,1,10,1,14,,16,,1,21,121.4651031,25.1234303
113,9,21,10,40,2,09北投區,北投區大度路3段301號關渡公車站前(西往東),0,0,2,2,C03,6,5,5,50,14,9,1,4,4,5,13,4,4,9,4,5,1,12,1,48,3,10,6,1,7,9,1,10,1,13,,44,,1,21,121.4651031,25.1234303
113,9,21,10,40,2,09北投區,北投區大度路3段301號關渡公車站前(西往東),0,0,2,3,C03,6,5,5,50,14,9,1,4,4,5,13,4,4,9,4,5,1,12,1,30,2,9,6,1,7,9,1,10,1,17,,42,,1,21,121.4651031,25.1234303
113,9,21,10,46,2,02萬華區,萬華區桂林路244巷與桂林路242巷107弄口,0,0,3,1,C03,6,5,5,30,4,1,1,4,4,5,13,4,4,10,5,5,2,15,2,31,2,9,5,4,7,9,1,10,1,13,,75,,1,21,121.4932209,25.0365777
113,9,21,10,46,2,02萬華區,萬華區桂林路244巷與桂林路242巷107弄口,0,0,3,2,C03,6,5,5,30,4,1,1,4,4,5,13,4,4,10,5,5,2,15,1,19,2,8,5,4,7,9,1,10,1,11,,14,,1,21,121.4932209,25.0365777
113,9,21,10,46,2,02萬華區,萬華區桂林路244巷與桂林路242巷107弄口,0,0,3,3,H02,6,5,5,30,4,1,1,4,4,5,13,4,4,10,5,5,2,15,2,27,2,9,5,5,7,20,8,20,10,16,,67,,1,21,121.4932209,25.0365777
113,9,21,10,55,2,10文山區,文山區木柵路2段138巷與興隆路4段109巷口口,0,0,1,1,B12,6,7,5,30,4,18,1,4,4,5,13,2,1,5,5,5,2,3,1,37,3,10,7,1,7,5,1,8,2,1,,70,,1,21,121.5627742,24.9867361
113,9,21,10,55,2,10文山區,文山區木柵路2段138巷與興隆路4段109巷口口,0,0,1,2,H01,6,7,5,30,4,18,1,4,4,5,13,2,1,5,5,5,2,3,2,65,2,9,4,5,8,16,8,20,10,16,,67,,1,21,121.5627742,24.9867361
113,9,21,11,0,2,05中正區,中正區羅斯福路3段316巷與羅斯福路3段286巷口口,0,0,1,1,C03,6,6,5,30,4,2,1,4,4,5,13,4,4,10,5,5,2,17,1,25,2,3,6,1,7,9,1,10,1,12,,44,,1,21,121.5325216,25.0158514
113,9,21,11,0,2,05中正區,中正區羅斯福路3段316巷與羅斯福路3段286巷口口,0,0,1,2,C03,6,6,5,30,4,2,1,4,4,5,13,4,4,10,5,5,2,17,1,39,3,10,6,4,7,13,1,10,1,17,,42,,1,26,121.5325216,25.0158514
113,9,21,11,10,2,09北投區,北投區大度路與中央北路2段257巷口,0,0,2,1,B03,6,7,5,70,5,1,1,4,4,5,13,2,1,1,4,3,1,16,1,74,3,10,7,1,7,6,1,8,1,2,,98,,1,22,121.4863235,25.1221072
113,9,21,11,10,2,09北投區,北投區大度路與中央北路2段257巷口,0,0,2,2,C03,6,7,5,70,5,1,1,4,4,5,13,2,1,1,4,3,1,16,1,27,2,9,6,1,7,9,1,10,1,14,,44,,1,22,121.4863235,25.1221072
113,9,21,11,10,2,09北投區,北投區大度路與中央北路2段257巷口,0,0,2,3,H02,6,7,5,70,5,1,1,4,4,5,13,2,1,1,4,3,1,16,2,27,2,9,6,5,7,20,8,20,10,16,,67,,1,22,121.4863235,25.1221072
113,9,21,11,27,2,02萬華區,萬華區開封街2段53號,0,0,1,1,C03,6,5,8,50,14,9,1,4,4,5,13,4,4,10,5,5,2,17,2,39,2,8,3,4,7,9,1,10,1,11,,16,,1,21,121.5054232,25.0470434
113,9,21,11,27,2,02萬華區,萬華區開封街2段53號,0,0,1,2,B02,6,5,8,50,14,9,1,4,4,5,13,4,4,10,5,5,2,17,1,43,3,10,3,4,7,15,1,8,1,7,,27,,1,21,121.5054232,25.0470434
113,9,21,11,27,2,02萬華區,萬華區開封街2段53號,0,0,1,3,B03,6,5,8,50,14,9,1,4,4,5,13,4,4,10,5,5,2,17,1,34,3,10,3,4,7,7,1,8,1,17,,100,,1,21,121.5054232,25.0470434
113,9,21,11,43,2,11南港區,南港區研究院路2段與舊莊街1段口,0,0,1,1,B03,6,5,5,50,3,1,1,4,4,5,13,2,1,5,4,5,2,17,2,62,3,10,7,1,7,6,1,6,1,2,,9,,1,21,121.6170439,25.0423731
113,9,21,11,43,2,11南港區,南港區研究院路2段與舊莊街1段口,0,0,1,2,F01,6,5,5,50,3,1,1,4,4,5,13,2,1,5,4,5,2,17,2,76,2,7,4,1,7,10,8,20,1,14,,44,,1,21,121.6170439,25.0423731
113,9,21,12,0,2,09北投區,北投區致遠一路1段119號10號停車格旁,0,0,1,1,B03,6,5,5,50,14,9,1,4,4,5,13,4,4,9,4,5,1,17,1,72,3,10,7,1,7,14,1,8,1,4,,40,,1,21,121.515034,25.1100087
113,9,21,12,0,2,09北投區,北投區致遠一路1段119號10號停車格旁,0,0,1,2,C03,6,5,5,50,14,9,1,4,4,5,13,4,4,9,4,5,1,17,1,80,2,8,5,1,7,9,1,10,1,12,,44,,1,21,121.515034,25.1100087
113,9,21,12,8,2,07信義區,信義區信義路5段與市府路口,0,0,1,1,B03,6,7,5,50,4,1,1,4,4,5,13,1,1,3,4,5,2,17,1,45,3,10,3,4,7,6,1,8,2,8,,80,,1,21,121.5635163,25.0331545
113,9,21,12,8,2,07信義區,信義區信義路5段與市府路口,0,0,1,2,F01,6,7,5,50,4,1,1,4,4,5,13,1,1,3,4,5,2,17,1,49,2,8,4,1,7,9,8,20,2,11,,116,,1,21,121.5635163,25.0331545
113,9,21,12,20,2,07信義區,信義區忠孝東路5段與大道路口,0,0,1,1,B03,6,7,5,50,14,9,1,4,4,5,13,1,1,3,4,5,2,16,1,39,3,10,3,4,7,6,1,8,1,1,,42,,1,21,121.5809746,25.043058
113,9,21,12,20,2,07信義區,信義區忠孝東路5段與大道路口,0,0,1,2,C03,6,7,5,50,14,9,1,4,4,5,13,1,1,3,4,5,2,16,2,70,2,9,6,4,7,5,1,10,1,12,,42,,1,21,121.5809746,25.043058
113,9,21,12,29,2,07信義區,信義區忠孝東路5段789號,0,0,1,1,B03,6,6,5,50,14,9,1,4,4,5,13,4,4,1,4,1,2,12,1,50,3,10,7,1,7,9,1,8,1,2,,9,,1,21,121.5816428,25.0439868
113,9,21,12,29,2,07信義區,信義區忠孝東路5段789號,0,0,1,2,C03,6,6,5,50,14,9,1,4,4,5,13,4,4,1,4,1,2,12,1,25,2,8,5,1,7,9,1,10,1,11,,44,,1,21,121.5816428,25.0439868
113,9,21,12,36,2,03中山區,中山區林森北路與中山北路2段77巷口,0,0,1,1,B01,6,5,8,30,4,2,1,4,4,5,13,4,4,5,5,5,2,15,1,39,3,10,3,4,7,9,1,4,1,2,,72,,1,21,121.5254686,25.0574957
113,9,21,12,36,2,03中山區,中山區林森北路與中山北路2段77巷口,0,0,1,2,C03,6,5,8,30,4,2,1,4,4,5,13,4,4,5,5,5,2,15,1,26,2,9,3,4,7,9,1,10,1,11,,44,,1,21,121.5254686,25.0574957
113,9,21,12,41,2,04大安區,大安區大安路1段197號,0,0,1,1,B01,6,6,5,50,14,8,1,4,4,5,13,4,4,4,3,4,2,16,1,67,3,10,7,1,7,8,1,4,1,2,,100,,1,21,121.5460571,25.0354955
113,9,21,12,41,2,04大安區,大安區大安路1段197號,0,0,1,2,C03,6,6,5,50,14,8,1,4,4,5,13,4,4,4,3,4,2,16,2,24,2,8,6,1,7,9,1,10,1,14,,44,,1,21,121.5460571,25.0354955
113,9,21,12,45,2,05中正區,中正區市民大道1段168號,0,0,2,1,C03,6,7,5,40,22,6,1,4,4,5,13,4,4,1,4,5,2,12,2,18,2,9,6,1,7,5,1,10,1,14,,8,,1,21,121.5187073,25.0482895
113,9,21,12,45,2,05中正區,中正區市民大道1段168號,0,0,2,2,C03,6,7,5,40,22,6,1,4,4,5,13,4,4,1,4,5,2,12,1,20,2,9,6,1,7,8,1,10,1,12,,14,,1,21,121.5187073,25.0482895
113,9,21,13,30,2,12內湖區,內湖區南京東路6段368巷與新明路口,0,0,1,1,C03,6,6,5,50,3,1,1,4,4,5,13,1,1,10,5,5,2,16,1,52,2,8,6,1,7,15,1,9,2,14,,4,,1,21,121.587126,25.0580354
113,9,21,13,30,2,12內湖區,內湖區南京東路6段368巷與新明路口,0,0,1,2,B13,6,6,5,50,3,1,1,4,4,5,13,1,1,10,5,5,2,16,1,32,3,10,7,1,7,5,1,8,2,1,,44,,1,21,121.587126,25.0580354
113,9,21,13,46,2,04大安區,大安區市民大道4段與市民大道4段68巷口,0,0,1,1,B12,6,6,5,40,3,1,1,4,4,5,13,4,4,9,3,5,2,16,1,41,3,10,7,1,7,6,1,8,1,15,,9,,1,21,121.5472166,25.0449108
113,9,21,13,46,2,04大安區,大安區市民大道4段與市民大道4段68巷口,0,0,1,2,C03,6,6,5,40,3,1,1,4,4,5,13,4,4,9,3,5,2,16,1,69,2,9,6,1,7,9,1,10,1,12,,44,,1,21,121.5472166,25.0449108
113,9,21,13,51,2,03中山區,中山區吉林路與民生東路2段口,0,0,1,1,C03,6,7,5,50,4,2,1,4,4,5,13,1,1,4,3,5,1,17,2,30,2,7,6,1,7,5,1,10,1,12,,8,,1,21,121.521101,25.0501057
113,9,21,13,51,2,03中山區,中山區吉林路與民生東路2段口,0,0,1,2,C03,6,7,5,50,4,2,1,4,4,5,13,1,1,4,3,5,1,17,1,38,3,10,5,1,7,9,1,10,1,11,,44,,1,21,121.521101,25.0501057
113,9,21,15,16,2,08士林區,士林區通河街與通河街179巷口,0,0,1,1,C03,6,5,5,30,3,1,1,3,4,5,13,4,4,9,4,5,1,15,2,20,3,10,5,1,7,9,1,10,1,17,,80,,1,21,121.5193652,25.08158285
113,9,21,15,16,2,08士林區,士林區通河街與通河街179巷口,0,0,1,2,F07,6,5,5,30,3,1,1,3,4,5,13,4,4,9,4,5,1,15,1,22,2,8,4,1,7,9,8,20,1,17,,99,,1,21,121.5193652,25.08158285
113,9,21,15,42,2,11南港區,南港區忠孝東路7段與忠孝東路7段265巷口,0,0,2,1,C03,6,6,5,50,3,1,1,4,4,5,13,2,1,1,4,5,2,18,1,29,2,9,5,1,7,9,1,10,1,12,,16,,1,21,121.6036996,25.0517825
113,9,21,15,42,2,11南港區,南港區忠孝東路7段與忠孝東路7段265巷口,0,0,2,3,C03,6,6,5,50,3,1,1,4,4,5,13,2,1,1,4,5,2,18,1,27,2,9,6,1,7,14,1,10,1,13,,44,,1,21,121.6036996,25.0517825
113,9,21,15,42,2,11南港區,南港區忠孝東路7段與忠孝東路7段265巷口,0,0,2,2,,6,6,5,50,3,1,1,4,4,5,13,2,1,1,4,5,2,18,3,0,,,,,,,,,,,,67,,1,,121.6036996,25.0517825
113,9,21,15,56,2,07信義區,信義區光復南路451號,0,0,2,1,B12,6,6,5,50,14,9,1,4,4,5,13,4,4,1,4,5,1,13,1,22,3,10,3,4,7,9,1,8,1,1,,118,,1,21,121.5575732,25.0346504
113,9,21,15,56,2,07信義區,信義區光復南路451號,0,0,2,2,B03,6,6,5,50,14,9,1,4,4,5,13,4,4,1,4,5,1,13,1,43,2,2,3,4,7,14,1,8,1,3,,118,,1,21,121.5575732,25.0346504
113,9,21,15,56,2,07信義區,信義區光復南路451號,0,0,2,3,H02,6,6,5,50,14,9,1,4,4,5,13,4,4,1,4,5,1,13,2,41,2,2,3,5,7,20,8,20,10,16,,67,,1,21,121.5575732,25.0346504