發生年度,發生月,發生日,發生時-Hours,發生分,處理別-編號,區序,肇事地點,死亡人數,2-30日死亡人數,受傷人數,當事人序號,車種,天候,道路照明設備,道路類別,速限-速度限制,道路型態,事故位置,路面狀況1,路面狀況2,路面狀況3,道路障礙1,道路障礙2,號誌1,號誌2,車道劃分-分向,車道劃分-分道1,車道劃分-分道2,車道劃分-分道3,事故類型及型態,性別,年齡,受傷程度,主要傷處,保護裝置,行動電話,車輛用途,當事者行動狀態,駕駛資格情形,駕駛執照種類,飲酒情形,車輛撞擊部位1,車輛撞擊部位2,肇因碼-個別,肇因碼-主要,個人肇逃否,職業,座標-X,座標-Y
113,9,21,16,40,2,05中正區,中正區重慶南路1段1號,0,0,1,1,C03,6,7,5,50,14,9,1,4,4,5,13,4,4,10,4,5,2,16,1,18,3,10,5,1,7,5,1,10,1,14,,8,,1,21,121.5132621,25.0467786
113,9,21,16,40,2,05中正區,中正區重慶南路1段1號,0,0,1,2,C03,6,7,5,50,14,9,1,4,4,5,13,4,4,10,4,5,2,16,2,28,2,9,5,1,7,9,1,9,1,12,,44,,1,21,121.5132621,25.0467786
113,9,21,16,44,2,04大安區,大安區市民大道4段與忠孝東路4段223巷口,0,0,1,1,C03,6,6,6,40,4,2,1,4,4,5,13,1,1,1,4,5,2,16,1,24,2,9,3,4,7,8,1,10,1,12,,101,,1,21,121.5528485,25.0442883
113,9,21,16,44,2,04大安區,大安區市民大道4段與忠孝東路4段223巷口,0,0,1,2,B03,6,6,6,40,4,2,1,4,4,5,13,1,1,1,4,5,2,16,1,53,3,10,3,4,7,9,1,8,1,5,,44,,1,21,121.5528485,25.0442883
113,9,21,16,50,2,07信義區,信義區忠孝東路4段515號,0,0,1,1,F01,6,6,5,0,14,23,2,4,4,5,13,4,4,10,5,5,1,18,1,40,2,8,4,4,7,9,8,20,9,14,,42,,1,22,121.5583781,25.0415528
113,9,21,16,50,2,07信義區,信義區忠孝東路4段515號,0,0,1,2,,6,6,5,0,14,23,2,4,4,5,13,4,4,10,5,5,1,18,3,0,,,,,,,,,10,,,44,,,,121.5583781,25.0415528
113,9,21,17,10,2,07信義區,信義區忠孝東路4段515號,0,0,1,1,B03,6,6,5,50,14,9,1,4,4,5,13,4,4,1,4,5,1,17,1,52,3,10,3,4,7,14,1,8,1,2,,40,,1,21,121.5585726,25.0414979
113,9,21,17,10,2,07信義區,信義區忠孝東路4段515號,0,0,1,2,C03,6,6,5,50,14,9,1,4,4,5,13,4,4,1,4,5,1,17,1,61,2,4,3,4,7,9,1,10,1,14,,44,,1,21,121.5585726,25.0414979
113,9,21,17,10,2,07信義區,信義區忠孝東路4段515號,0,0,1,3,H02,6,6,5,50,14,9,1,4,4,5,13,4,4,1,4,5,1,17,1,44,3,10,3,5,7,19,8,20,10,16,,126,,1,21,121.5585726,25.0414979
113,9,21,17,57,2,04大安區,大安區基隆路2段與基隆路2段144巷口口,0,0,1,1,B02,6,5,5,50,14,9,1,4,4,5,13,4,4,1,3,5,1,17,1,36,2,2,7,1,7,8,1,8,9,8,,108,,1,21,121.5565433,25.0280939
113,9,21,17,57,2,04大安區,大安區基隆路2段與基隆路2段144巷口口,0,0,1,2,B03,6,5,5,50,14,9,1,4,4,5,13,4,4,1,3,5,1,17,1,51,3,10,7,1,7,8,1,8,9,6,,44,,1,21,121.5565433,25.0280939
113,9,21,18,24,2,08士林區,士林區文林路與美崙街口,0,0,1,1,C03,6,5,5,50,4,2,1,4,5,5,13,2,1,5,4,4,2,18,1,21,2,9,5,1,7,5,1,10,1,11,,44,,1,21,121.5240072,25.09732467
113,9,21,18,24,2,08士林區,士林區文林路與美崙街口,0,0,1,2,,6,5,5,50,4,2,1,4,5,5,13,2,1,5,4,4,2,18,3,0,,,,,,,,,,,,129,,1,,121.5240072,25.09732467
113,9,21,18,36,2,08士林區,士林區中山北路6段與中山北路6段290巷口,0,0,1,1,B03,6,5,5,50,3,2,1,4,4,5,13,2,1,1,4,1,2,17,4,0,4,11,3,4,7,7,7,19,11,17,,119,,2,22,121.5255542,25.11038661
113,9,21,18,36,2,08士林區,士林區中山北路6段與中山北路6段290巷口,0,0,1,2,C03,6,5,5,50,3,2,1,4,4,5,13,2,1,1,4,1,2,17,1,32,2,9,5,1,7,9,1,10,1,17,,44,,1,21,121.5255542,25.11038661
113,9,21,18,41,2,12內湖區,內湖區民權東路6段208號,0,0,1,1,,6,5,5,50,14,9,1,4,3,4,12,4,4,1,4,5,2,24,3,0,,,,,,,,,,,,129,,1,,121.5961711,25.06798731
113,9,21,18,41,2,12內湖區,內湖區民權東路6段208號,0,0,1,2,A02,6,5,5,50,14,9,1,4,3,4,12,4,4,1,4,5,2,24,1,50,3,10,7,1,7,9,1,2,9,10,,44,,2,21,121.5961711,25.06798731
113,9,21,18,41,2,12內湖區,內湖區民權東路6段208號,0,0,1,3,C03,6,5,5,50,14,9,1,4,3,4,12,4,4,1,4,5,2,24,1,43,2,9,6,1,7,9,1,10,1,11,,108,,1,21,121.5961711,25.06798731
113,9,21,18,54,2,01大同區,大同區鄭州路與西寧北路口,0,0,1,1,B03,6,5,5,40,5,1,1,4,4,5,13,4,4,1,5,5,2,16,1,39,3,10,7,1,7,9,1,8,2,5,,99,,1,21,121.5082203,25.05062832
113,9,21,18,54,2,01大同區,大同區鄭州路與西寧北路口,0,0,1,2,C03,6,5,5,40,5,1,1,4,4,5,13,4,4,1,5,5,2,16,2,19,2,9,6,1,7,5,1,10,2,14,,8,,1,21,121.5082203,25.05062832
113,9,21,19,30,2,04大安區,大安區辛亥隧道(內)往東,0,0,1,1,C03,6,5,5,50,6,9,1,4,4,5,13,4,4,1,1,5,1,29,1,62,2,9,5,1,7,15,1,10,1,15,,42,,1,21,121.5579732,24.99940881
113,9,21,19,30,2,04大安區,大安區辛亥隧道(內)往東,0,0,1,2,,6,5,5,50,6,9,1,4,4,5,13,4,4,1,1,5,1,29,3,0,,,,,,,,,,,,67,,1,,121.5579732,24.99940881
113,9,21,19,38,2,07信義區,信義區福德街84巷與福德街口,0,0,1,1,B01,6,5,5,30,4,1,4,4,4,5,13,1,1,9,4,5,1,17,1,63,3,10,7,1,7,11,1,3,1,8,,10,,1,22,121.581532,25.0371054
113,9,21,19,38,2,07信義區,信義區福德街84巷與福德街口,0,0,1,2,F02,6,5,5,30,4,1,4,4,4,5,13,1,1,9,4,5,1,17,2,37,2,9,4,1,7,9,8,20,1,14,,44,,1,22,121.581532,25.0371054
113,9,21,20,22,2,04大安區,大安區信義路4段與安和路1段口,0,0,1,1,B03,7,5,5,50,4,1,1,5,4,5,13,2,1,1,3,5,2,16,1,38,3,10,7,1,7,5,1,8,1,2,,8,,1,21,121.5524979,25.0333734
113,9,21,20,22,2,04大安區,大安區信義路4段與安和路1段口,0,0,1,2,F02,7,5,5,50,4,1,1,5,4,5,13,2,1,1,3,5,2,16,1,46,2,7,4,1,7,11,8,20,1,11,,11,,1,21,121.5524979,25.0333734
113,9,21,21,5,2,02萬華區,萬華區中華路1段與貴陽街2段口,0,0,2,1,B01,6,5,5,50,4,1,1,4,4,5,13,2,1,1,4,1,2,23,1,59,3,10,3,4,7,9,1,4,2,1,,107,,1,21,121.506941,25.0386455
113,9,21,21,5,2,02萬華區,萬華區中華路1段與貴陽街2段口,0,0,2,2,,6,5,5,50,4,1,1,4,4,5,13,2,1,1,4,1,2,23,3,,,,,,,,,,,,,67,,1,,121.506941,25.0386455
113,9,21,21,5,2,02萬華區,萬華區中華路1段與貴陽街2段口,0,0,2,3,H02,6,5,5,50,4,1,1,4,4,5,13,2,1,1,4,1,2,23,1,53,2,9,3,5,7,20,8,20,10,16,,67,,1,22,121.506941,25.0386455
113,9,21,21,5,2,02萬華區,萬華區中華路1段與貴陽街2段口,0,0,2,4,H02,6,5,5,50,4,1,1,4,4,5,13,2,1,1,4,1,2,23,2,54,2,9,3,5,7,20,8,20,10,16,,67,,1,22,121.506941,25.0386455
113,9,21,21,20,2,05中正區,中正區市民大道1段168號,0,0,3,1,B03,6,5,5,40,14,9,1,4,4,5,13,4,4,1,4,5,1,12,1,56,3,10,7,1,7,1,1,8,2,4,,19,,1,22,121.5183112,25.0483655
113,9,21,21,20,2,05中正區,中正區市民大道1段168號,0,0,3,2,C03,6,5,5,40,14,9,1,4,4,5,13,4,4,1,4,5,1,12,1,19,2,9,6,1,7,9,1,10,2,12,,107,,1,22,121.5183112,25.0483655
113,9,21,21,20,2,05中正區,中正區市民大道1段168號,0,0,3,4,C03,6,5,5,40,14,9,1,4,4,5,13,4,4,1,4,5,1,12,2,53,2,9,6,1,7,9,1,10,1,13,,44,,1,22,121.5183112,25.0483655
113,9,21,21,20,2,05中正區,中正區市民大道1段168號,0,0,3,3,H02,6,5,5,40,14,9,1,4,4,5,13,4,4,1,4,5,1,12,2,18,2,9,6,5,7,20,8,20,10,16,,67,,1,22,121.5183112,25.0483655
113,9,21,22,15,2,01大同區,大同區長安西路72號,0,0,1,1,B03,6,5,5,50,14,9,1,4,4,5,13,4,4,5,5,5,2,2,4,0,,,,,,,,,,,,119,,2,,121.5193813,25.0503166
113,9,21,22,15,2,01大同區,大同區長安西路72號,0,0,1,2,B03,6,5,5,50,14,9,1,4,4,5,13,4,4,5,5,5,2,2,1,63,2,8,3,1,7,15,1,8,1,15,,119,,1,21,121.5193813,25.0503166
113,9,21,22,51,2,03中山區,中山區龍江路415巷與民族東路512巷口,0,0,1,1,B02,6,5,5,30,4,2,1,4,4,5,13,4,4,10,5,5,2,17,1,21,3,10,7,1,7,5,1,8,1,8,,74,,1,21,121.5419992,25.06639824
113,9,21,22,51,2,03中山區,中山區龍江路415巷與民族東路512巷口,0,0,1,2,F01,6,5,5,30,4,2,1,4,4,5,13,4,4,10,5,5,2,17,2,67,2,9,2,4,7,14,8,20,1,11,14,29,,1,21,121.5419992,25.06639824
113,9,22,0,16,2,03中山區,中山區建國北路1段與長安東路2段口,0,0,1,1,C03,6,5,5,50,4,1,1,4,4,5,13,1,1,5,4,5,2,16,1,31,2,9,6,4,7,9,1,10,1,14,,99,,1,22,121.5364995,25.04838032
113,9,22,0,16,2,03中山區,中山區建國北路1段與長安東路2段口,0,0,1,2,B01,6,5,5,50,4,1,1,4,4,5,13,1,1,5,4,5,2,16,1,37,3,10,3,4,7,6,1,8,1,2,,44,,1,22,121.5364995,25.04838032
113,9,22,1,28,2,06松山區,松山區市民大道4段與復興南路1段口,0,0,1,1,C03,6,5,5,50,4,1,1,4,4,5,13,2,1,1,4,5,2,17,1,20,4,11,3,4,7,21,7,,11,15,,44,,2,22,121.543996,25.0449769
113,9,22,1,28,2,06松山區,松山區市民大道4段與復興南路1段口,0,0,1,2,C03,6,5,5,50,4,1,1,4,4,5,13,2,1,1,4,5,2,17,1,32,2,9,5,1,7,9,1,10,2,15,,81,,1,25,121.543996,25.0449769
113,9,22,7,40,2,11南港區,南港區南港路2段與南港路2段41巷口,0,0,1,1,C03,6,7,5,40,3,2,1,4,4,5,13,1,1,4,3,4,2,12,1,45,3,10,5,1,7,7,6,10,1,14,,100,,1,21,121.6027886,25.0536753
113,9,22,7,40,2,11南港區,南港區南港路2段與南港路2段41巷口,0,0,1,2,C03,6,7,5,40,3,2,1,4,4,5,13,1,1,4,3,4,2,12,2,31,2,8,5,1,7,9,1,10,1,12,,44,,1,21,121.6027886,25.0536753
113,9,22,8,20,2,08士林區,士林區承德路5段南向北方向(1101939燈桿),0,0,1,1,C03,6,6,5,40,14,8,1,4,4,5,13,4,4,10,4,4,1,17,2,58,2,9,6,1,7,9,3,18,9,11,,108,,1,21,121.5144427,25.0954938
113,9,22,8,20,2,08士林區,士林區承德路5段南向北方向(1101939燈桿),0,0,1,2,B03,6,6,5,40,14,8,1,4,4,5,13,4,4,10,4,4,1,17,1,52,3,10,7,1,7,13,1,8,9,7,,44,,1,21,121.5144427,25.0954938
113,9,22,9,30,2,07信義區,信義區松隆路36號,0,0,1,1,C03,8,7,5,50,14,9,1,5,4,5,13,1,1,9,4,4,2,18,2,33,2,8,6,1,7,9,1,10,1,12,,44,,1,21,121.5675352,25.0435509
113,9,22,9,30,2,07信義區,信義區松隆路36號,0,0,1,2,,8,7,5,50,14,9,1,5,4,5,13,1,1,9,4,4,2,18,3,0,,,,,,,,,,,,67,,1,,121.5675352,25.0435509
113,9,22,9,55,2,03中山區,中山區復興北路與朱崙街口,0,0,2,1,B03,7,6,5,50,3,1,1,5,4,3,10,4,4,1,4,4,2,16,1,47,3,10,3,4,7,6,1,8,1,6,,9,,1,21,121.54505,25.0498638
113,9,22,9,55,2,03中山區,中山區復興北路與朱崙街口,0,0,2,2,C03,7,6,5,50,3,1,1,5,4,3,10,4,4,1,4,4,2,16,1,20,2,7,5,4,7,9,1,10,1,11,,13,,1,21,121.54505,25.0498638
113,9,22,9,55,2,03中山區,中山區復興北路與朱崙街口,0,0,2,3,H02,7,6,5,50,3,1,1,5,4,3,10,4,4,1,4,4,2,16,2,23,2,9,6,5,7,21,8,20,10,16,,67,,1,21,121.54505,25.0498638
113,9,22,10,57,2,06松山區,松山區市民大道4段209號,0,0,1,1,B01,6,6,5,40,14,9,1,4,4,5,13,4,4,1,3,5,2,17,1,59,3,10,3,4,7,6,1,4,1,8,,118,,1,21,121.552872,25.0445416
113,9,22,10,57,2,06松山區,松山區市民大道4段209號,0,0,1,2,C03,6,6,5,40,14,9,1,4,4,5,13,4,4,1,3,5,2,17,1,24,2,9,6,1,7,9,1,10,1,14,,118,,1,21,121.552872,25.0445416
113,9,22,11,0,2,05中正區,中正區館前路與開封街1段口,0,0,1,1,C03,6,7,5,50,3,2,1,4,4,5,13,4,4,5,4,5,2,17,2,68,2,9,5,1,7,5,1,10,2,14,,80,,1,21,121.5149846,25.0459445
113,9,22,11,0,2,05中正區,中正區館前路與開封街1段口,0,0,1,2,B01,6,7,5,50,3,2,1,4,4,5,13,4,4,5,4,5,2,17,1,39,3,10,7,1,7,5,1,2,2,2,,44,,1,21,121.5149846,25.0459445
113,9,22,11,7,2,08士林區,士林區社中街與社正路口,0,0,1,1,C03,6,6,5,50,4,1,1,4,4,5,13,1,1,5,5,5,2,17,1,21,2,9,5,1,7,4,6,10,2,12,,94,,1,22,121.510551,25.0889026
113,9,22,11,7,2,08士林區,士林區社中街與社正路口,0,0,1,2,B12,6,6,5,50,4,1,1,4,4,5,13,1,1,5,5,5,2,17,1,47,3,10,7,1,7,5,6,6,2,8,,27,,1,22,121.510551,25.0889026
113,9,22,11,16,2,04大安區,大安區辛亥路3段157巷與芳蘭路口,0,0,1,1,C03,6,5,5,50,5,1,1,4,4,5,13,2,1,1,4,5,2,17,2,75,2,7,3,4,7,5,1,10,1,13,,8,,1,21,121.5490679,25.0168491
113,9,22,11,16,2,04大安區,大安區辛亥路3段157巷與芳蘭路口,0,0,1,2,B03,6,5,5,50,5,1,1,4,4,5,13,2,1,1,4,5,2,17,1,43,3,10,3,4,7,6,1,8,1,1,,9,,1,21,121.5490679,25.0168491
113,9,22,11,18,2,10文山區,文山區木柵路1段34號,0,0,2,1,C03,6,7,5,30,14,9,1,4,4,5,13,4,4,10,4,5,2,17,1,46,2,7,5,1,7,6,1,10,1,14,,80,,1,21,121.5464936,24.9867948
113,9,22,11,18,2,10文山區,文山區木柵路1段34號,0,0,2,2,C03,6,7,5,30,14,9,1,4,4,5,13,4,4,10,4,5,2,17,1,29,2,9,5,1,7,9,1,10,1,12,,44,,1,21,121.5464936,24.9867948
113,9,22,11,29,2,03中山區,中山區民族東路與松江路口引道,0,0,1,1,B03,6,6,5,50,4,1,1,4,4,5,13,2,1,1,4,5,2,16,1,52,3,10,7,1,7,6,1,8,1,2,,9,,1,21,121.5331684,25.0677345
113,9,22,11,29,2,03中山區,中山區民族東路與松江路口引道,0,0,1,2,C03,6,6,5,50,4,1,1,4,4,5,13,2,1,1,4,5,2,16,2,23,2,9,6,1,7,9,1,10,1,11,,44,,1,21,121.5331684,25.0677345
113,9,22,12,33,2,07信義區,信義區嘉興街與嘉興街181巷口,0,0,1,1,B01,6,6,5,50,3,1,1,4,4,5,13,3,1,5,4,5,2,16,1,63,3,10,3,4,7,5,1,4,2,5,,8,,1,21,121.5564646,25.0263797
113,9,22,12,33,2,07信義區,信義區嘉興街與嘉興街181巷口,0,0,1,2,C03,6,6,5,50,3,1,1,4,4,5,13,3,1,5,4,5,2,16,2,58,2,9,6,4,7,5,1,10,2,12,,44,,1,21,121.5564646,25.0263797
113,9,22,12,55,2,07信義區,信義區光復南路與光復南路290巷口對面,0,0,1,1,B03,6,6,5,50,4,2,1,4,4,5,13,2,1,3,5,5,2,15,1,52,3,10,3,4,7,1,1,8,1,1,,118,,1,21,121.5577526,25.0394231
113,9,22,12,55,2,07信義區,信義區光復南路與光復南路290巷口對面,0,0,1,2,F01,6,6,5,50,4,2,1,4,4,5,13,2,1,3,5,5,2,15,1,75,2,9,4,4,7,9,8,20,1,14,,118,,1,21,121.5577526,25.0394231
113,9,22,13,50,2,01大同區,大同區民權西路194號,0,0,1,1,C03,6,6,5,50,14,9,1,4,4,5,13,4,4,1,4,5,2,13,1,32,2,7,6,4,7,8,1,10,11,11,,108,,1,22,121.5142795,25.0629007
113,9,22,13,50,2,01大同區,大同區民權西路194號,0,0,1,2,B03,6,6,5,50,14,9,1,4,4,5,13,4,4,1,4,5,2,13,1,52,3,10,3,4,7,12,1,8,11,6,,44,,1,22,121.5142795,25.0629007
113,9,22,14,14,2,05中正區,中正區水源快速道路與水源快速道路口往師大路往南,0,0,1,1,B03,6,7,8,60,22,22,1,4,4,5,13,4,4,10,4,5,2,13,1,28,3,10,7,4,7,9,1,8,2,1,,108,,1,21,121.5242347,25.0208487
113,9,22,14,14,2,05中正區,中正區水源快速道路與水源快速道路口往師大路往南,0,0,1,2,B03,6,7,8,60,22,22,1,4,4,5,13,4,4,10,4,5,2,13,1,44,3,10,7,4,7,14,1,8,2,3,,44,,1,21,121.5242347,25.0208487
113,9,22,14,14,2,05中正區,中正區水源快速道路與水源快速道路口往師大路往南,0,0,1,3,H02,6,7,8,60,22,22,1,4,4,5,13,4,4,10,4,5,2,13,1,11,2,6,4,5,7,20,8,20,10,16,,67,,1,21,121.5242347,25.0208487
113,9,22,15,34,2,02萬華區,萬華區雙園街與雙園街40巷口,0,0,1,1,C03,6,7,5,30,4,2,1,4,4,5,13,4,4,5,4,5,2,17,2,63,2,8,6,1,7,5,1,10,1,12,,74,,1,21,121.4943304,25.02977993
113,9,22,15,34,2,02萬華區,萬華區雙園街與雙園街40巷口,0,0,1,2,B03,6,7,5,30,4,2,1,4,4,5,13,4,4,5,4,5,2,17,2,48,3,10,7,1,7,9,1,8,1,4,,44,,1,21,121.4943304,25.02977993
113,9,22,16,48,2,09北投區,北投區中和街與復興一路口,0,0,2,1,H01,6,5,5,30,3,19,1,4,4,5,13,4,4,10,5,5,2,3,2,78,2,9,4,5,8,16,8,20,10,16,,67,,1,21,121.5017823,25.1389647
113,9,22,16,48,2,09北投區,北投區中和街與復興一路口,0,0,2,2,C03,6,5,5,30,3,19,1,4,4,5,13,4,4,10,5,5,2,3,1,23,2,7,5,1,7,9,1,9,2,11,,70,,1,21,121.5017823,25.1389647
113,9,22,17,27,2,02萬華區,萬華區環河南路1段與忠孝西路2段口,0,0,1,1,B01,6,7,5,50,3,1,1,4,4,5,13,1,1,4,3,5,2,11,1,49,3,10,7,1,7,21,1,4,1,1,,44,,1,22,121.5060984,25.0488439
113,9,22,17,27,2,02萬華區,萬華區環河南路1段與忠孝西路2段口,0,0,1,2,C03,6,7,5,50,3,1,1,4,4,5,13,1,1,4,3,5,2,11,1,22,2,9,6,1,7,21,1,10,1,14,,44,,1,22,121.5060984,25.0488439
113,9,22,18,38,2,11南港區,南港區市民大道8段與南港路2段178巷口,0,0,2,1,F01,6,5,5,50,3,2,1,4,4,5,13,3,1,1,4,5,2,15,1,54,2,9,4,4,7,11,8,20,1,11,,11,,1,21,121.5995434,25.0520706
113,9,22,18,38,2,11南港區,南港區市民大道8段與南港路2段178巷口,0,0,2,2,C03,6,5,5,50,3,2,1,4,4,5,13,3,1,1,4,5,2,15,1,66,2,9,6,4,7,9,1,10,1,11,,108,,1,21,121.5995434,25.0520706
113,9,22,19,12,2,03中山區,中山區長春路與長春路3巷口,0,0,1,1,B02,6,5,5,50,3,1,1,4,4,5,13,4,4,9,4,4,2,16,1,34,3,10,7,1,7,11,1,4,1,4,,10,,1,22,121.5234347,25.0549791
113,9,22,19,12,2,03中山區,中山區長春路與長春路3巷口,0,0,1,2,C04,6,5,5,50,3,1,1,4,4,5,13,4,4,9,4,4,2,16,1,59,2,9,5,1,7,9,1,10,1,11,,108,,1,22,121.5234347,25.0549791
113,9,22,19,53,2,10文山區,文山區基隆路4段與汀州路4段口,0,0,1,1,C03,6,5,5,40,5,1,1,4,4,5,13,2,1,1,4,1,1,16,2,58,2,9,6,1,7,15,1,10,1,12,,101,,1,21,121.5364196,25.0108202
113,9,22,19,53,2,10文山區,文山區基隆路4段與汀州路4段口,0,0,1,2,B03,6,5,5,40,5,1,1,4,4,5,13,2,1,1,4,1,1,16,1,48,3,10,7,1,7,9,1,8,1,1,,44,,1,21,121.5364196,25.0108202
113,9,22,20,28,2,10文山區,文山區木新路3段與木新路3段155巷口,0,0,1,1,B03,6,5,5,50,3,1,1,4,4,5,13,2,1,5,5,4,2,16,1,62,3,10,7,1,7,11,1,8,2,4,,11,,1,21,121.5611415,24.9817824
113,9,22,20,28,2,10文山區,文山區木新路3段與木新路3段155巷口,0,0,1,2,C03,6,5,5,50,3,1,1,4,4,5,13,2,1,5,5,4,2,16,1,42,2,9,6,1,7,9,1,10,2,11,,13,,1,21,121.5611415,24.9817824
113,9,22,21,27,2,11南港區,南港區研究院路2段與研究院路2段61巷口,0,0,1,1,B03,6,5,5,50,4,1,1,4,4,5,13,2,1,1,3,5,2,1,1,49,3,10,3,4,7,6,1,8,2,1,,70,,1,21,121.6163553,25.0439043
113,9,22,21,27,2,11南港區,南港區研究院路2段與研究院路2段61巷口,0,0,1,2,H01,6,5,5,50,4,1,1,4,4,5,13,2,1,1,3,5,2,1,1,23,2,9,4,5,8,16,8,20,10,16,,67,,1,21,121.6163553,25.0439043
113,9,22,22,28,2,03中山區,中山區明水路526巷無名巷,0,0,1,1,B03,6,5,5,30,3,2,1,4,4,5,13,4,4,5,5,5,2,16,2,46,3,10,7,1,7,5,1,8,1,1,,8,,1,22,121.554417,25.0792502
113,9,22,22,28,2,03中山區,中山區明水路526巷無名巷,0,0,1,2,C03,6,5,5,30,3,2,1,4,4,5,13,4,4,5,5,5,2,16,1,30,2,9,5,1,7,9,1,10,1,11,,72,,1,22,121.554417,25.0792502
113,9,23,0,33,2,05中正區,中正區和平西路1段與廈門街口,0,0,1,1,C03,6,5,5,50,4,1,1,4,4,5,13,1,1,2,4,5,2,17,1,36,2,9,5,1,7,9,1,10,2,11,,108,,1,21,121.5182342,25.026609
113,9,23,0,33,2,05中正區,中正區和平西路1段與廈門街口,0,0,1,2,B01,6,5,5,50,4,1,1,4,4,5,13,1,1,2,4,5,2,17,1,52,3,10,7,1,7,9,1,1,2,3,,14,,1,21,121.5182342,25.026609
113,9,23,5,32,2,03中山區,中山區民生東路3段與合江街口,0,0,1,1,B02,6,5,5,40,4,1,1,4,4,5,13,1,1,5,5,5,2,2,1,27,3,10,7,1,7,5,1,8,1,8,,70,,1,22,121.5390903,25.0579006
113,9,23,5,32,2,03中山區,中山區民生東路3段與合江街口,0,0,1,2,H01,6,5,5,40,4,1,1,4,4,5,13,1,1,5,5,5,2,2,2,29,2,9,4,5,8,16,8,20,10,16,,67,,1,22,121.5390903,25.0579006
113,9,23,6,39,2,07信義區,信義區莊敬路與吳興街156巷口,0,0,2,1,C03,6,6,5,50,4,1,1,4,4,5,13,2,1,9,4,4,1,16,1,27,2,9,3,4,7,5,1,10,1,11,,71,,1,22,121.5622524,25.0295391
113,9,23,6,39,2,07信義區,信義區莊敬路與吳興街156巷口,0,0,2,2,C03,6,6,5,50,4,1,1,4,4,5,13,2,1,9,4,4,1,16,1,67,2,9,3,4,7,9,1,10,1,11,,44,,1,22,121.5622524,25.0295391
113,9,23,7,20,2,07信義區,信義區仁愛路4段與一號道路口,0,0,1,1,B03,8,7,5,50,3,1,1,5,4,5,13,1,1,9,4,5,2,17,1,54,3,10,7,1,7,5,1,8,1,2,,8,,1,21,121.5619622,25.0375294
113,9,23,7,20,2,07信義區,信義區仁愛路4段與一號道路口,0,0,1,2,C03,8,7,5,50,3,1,1,5,4,5,13,1,1,9,4,5,2,17,1,46,2,8,6,1,7,5,1,10,1,11,,8,,1,21,121.5619622,25.0375294
113,9,23,7,25,2,07信義區,信義區信義路5段106號,0,0,1,1,F01,7,6,5,0,14,23,4,4,4,5,13,4,4,10,5,5,2,29,1,68,2,7,3,4,7,6,8,20,9,12,,44,,1,21,121.5668657,25.0328772
113,9,23,7,25,2,07信義區,信義區信義路5段106號,0,0,1,2,,7,6,5,0,14,23,4,4,4,5,13,4,4,10,5,5,2,29,3,0,,,,,,,,,,,,67,,1,,121.5668657,25.0328772
113,9,23,7,30,2,08士林區,士林區通河東街1段167巷與通河東街1段口,0,0,2,1,C03,7,6,5,30,3,2,1,5,4,5,13,4,4,10,5,5,2,17,2,38,2,9,6,1,7,5,1,10,2,14,,11,,1,22,121.5156807,25.0880768
113,9,23,7,30,2,08士林區,士林區通河東街1段167巷與通河東街1段口,0,0,2,2,C03,7,6,5,30,3,2,1,5,4,5,13,4,4,10,5,5,2,17,1,27,3,10,6,1,7,9,1,10,2,12,,44,,1,22,121.5156807,25.0880768
113,9,23,7,30,2,08士林區,士林區通河東街1段167巷與通河東街1段口,0,0,2,3,H02,7,6,5,30,3,2,1,5,4,5,13,4,4,10,5,5,2,17,1,7,2,9,6,5,7,17,8,20,10,16,,67,,1,22,121.5156807,25.0880768
113,9,23,7,30,2,08士林區,士林區通河東街1段167巷與通河東街1段口,0,0,2,4,H02,7,6,5,30,3,2,1,5,4,5,13,4,4,10,5,5,2,17,1,4,3,10,6,5,7,17,8,20,10,16,,67,,1,22,121.5156807,25.0880768
113,9,23,8,5,2,02萬華區,萬華區艋舺大道與西園路1段口,0,0,1,1,C03,7,7,5,50,4,2,1,4,4,5,13,1,1,9,5,5,2,17,1,34,2,9,5,1,7,9,1,9,1,12,,44,,1,21,121.4976689,25.0331064
113,9,23,8,5,2,02萬華區,萬華區艋舺大道與西園路1段口,0,0,1,2,B03,7,7,5,50,4,2,1,4,4,5,13,1,1,9,5,5,2,17,1,44,3,10,7,1,7,7,1,8,1,2,,100,,1,21,121.4976689,25.0331064
113,9,23,8,5,2,08士林區,士林區至善路1段118號,0,0,2,1,C03,7,5,5,50,14,8,1,5,4,5,13,4,4,9,4,4,1,17,1,24,2,7,6,1,7,8,1,10,2,13,,100,,1,21,121.5388852,25.0978041
113,9,23,8,5,2,08士林區,士林區至善路1段118號,0,0,2,2,C03,7,5,5,50,14,8,1,5,4,5,13,4,4,9,4,4,1,17,2,24,2,9,6,1,7,9,1,10,2,11,,16,,1,21,121.5388852,25.0978041
113,9,23,8,23,2,08士林區,士林區文林路587巷與文昌路154巷口,0,0,2,1,F01,8,5,8,30,3,2,1,5,4,5,13,4,4,10,5,5,1,17,1,87,2,9,4,1,7,5,8,20,1,15,,80,,1,21,121.5211691,25.09802092
113,9,23,8,23,2,08士林區,士林區文林路587巷與文昌路154巷口,0,0,2,2,C03,8,5,8,30,3,2,1,5,4,5,13,4,4,10,5,5,1,17,1,73,2,9,5,1,7,9,1,10,1,12,,14,,1,21,121.5211691,25.09802092
113,9,23,8,30,2,03中山區,中山區樂群二路128號,0,0,1,1,B02,7,7,5,50,14,9,1,4,4,5,13,4,4,3,4,5,2,17,2,35,3,10,7,1,7,1,1,8,1,8,,19,,1,21,121.5557287,25.07987829