發生年度,發生月,發生日,發生時-Hours,發生分,處理別-編號,區序,肇事地點,死亡人數,2-30日死亡人數,受傷人數,當事人序號,車種,天候,道路照明設備,道路類別,速限-速度限制,道路型態,事故位置,路面狀況1,路面狀況2,路面狀況3,道路障礙1,道路障礙2,號誌1,號誌2,車道劃分-分向,車道劃分-分道1,車道劃分-分道2,車道劃分-分道3,事故類型及型態,性別,年齡,受傷程度,主要傷處,保護裝置,行動電話,車輛用途,當事者行動狀態,駕駛資格情形,駕駛執照種類,飲酒情形,車輛撞擊部位1,車輛撞擊部位2,肇因碼-個別,肇因碼-主要,個人肇逃否,職業,座標-X,座標-Y
113,9,23,8,30,2,03中山區,中山區樂群二路128號,0,0,1,2,C03,7,7,5,50,14,9,1,4,4,5,13,4,4,3,4,5,2,17,2,45,2,9,6,1,7,9,1,10,1,12,,44,,1,21,121.5557287,25.07987829
113,9,23,8,31,2,09北投區,北投區立功街9號,0,0,1,1,B03,8,6,8,30,14,9,1,5,4,5,13,4,4,10,5,5,2,17,1,62,3,10,7,1,7,5,1,8,1,6,,80,,1,21,121.4689602,25.1240818
113,9,23,8,31,2,09北投區,北投區立功街9號,0,0,1,2,C03,8,6,8,30,14,9,1,5,4,5,13,4,4,10,5,5,2,17,2,31,2,9,5,1,7,9,1,10,1,12,11,44,,1,21,121.4689602,25.1240818
113,9,23,8,42,2,07信義區,信義區和平東路3段與和平東路3段575巷口,0,0,1,1,B03,7,6,5,40,3,1,1,4,4,5,13,4,4,9,5,5,1,16,1,72,3,10,3,4,7,5,1,8,1,6,,8,,1,22,121.5617415,25.0150346
113,9,23,8,42,2,07信義區,信義區和平東路3段與和平東路3段575巷口,0,0,1,2,C03,7,6,5,40,3,1,1,4,4,5,13,4,4,9,5,5,1,16,1,20,2,9,3,4,7,9,3,18,1,11,,13,,1,22,121.5617415,25.0150346
113,9,23,8,50,2,08士林區,士林區至善路2段中影前,0,0,1,1,C03,7,7,5,50,14,7,1,5,4,5,13,1,1,1,4,4,2,17,1,25,2,9,6,1,7,9,1,10,1,12,,42,,1,22,121.5440466,25.0970527
113,9,23,8,50,2,08士林區,士林區至善路2段中影前,0,0,1,2,B03,7,7,5,50,14,7,1,5,4,5,13,1,1,1,4,4,2,17,1,32,3,10,7,1,7,14,1,8,1,7,,44,,1,22,121.5440466,25.0970527
113,9,23,9,0,2,07信義區,信義區忠孝東路4段554號,0,0,1,1,C03,7,7,5,50,14,9,1,5,4,5,13,4,4,1,4,5,2,12,1,38,2,9,5,1,7,9,1,10,1,11,,44,,1,21,121.5640989,25.041091
113,9,23,9,0,2,07信義區,信義區忠孝東路4段554號,0,0,1,2,C03,7,7,5,50,14,9,1,5,4,5,13,4,4,1,4,5,2,12,1,24,3,10,5,1,7,9,1,10,1,13,,101,,1,21,121.5640989,25.041091
113,9,23,9,2,2,03中山區,中山區龍江路與龍江路429巷口,0,0,2,1,B01,7,5,5,30,4,1,1,5,4,5,13,4,4,5,5,5,2,15,1,66,3,10,3,4,7,9,1,4,1,1,,80,,1,21,121.5409773,25.0668526
113,9,23,9,2,2,03中山區,中山區龍江路與龍江路429巷口,0,0,2,2,C03,7,5,5,30,4,1,1,5,4,5,13,4,4,5,5,5,2,15,1,37,2,9,3,4,7,9,1,10,1,12,,44,,1,21,121.5409773,25.0668526
113,9,23,9,2,2,03中山區,中山區龍江路與龍江路429巷口,0,0,2,3,H02,7,5,5,30,4,1,1,5,4,5,13,4,4,5,5,5,2,15,2,36,2,9,3,5,7,20,8,20,10,16,,67,,1,21,121.5409773,25.0668526
113,9,23,9,6,2,04大安區,大安區復興南路2段377號,0,0,1,1,B01,7,6,5,50,14,9,1,4,4,5,13,4,4,1,4,5,2,17,1,60,3,10,7,4,7,8,1,4,11,17,,119,,2,21,121.5434602,25.0222592
113,9,23,9,6,2,04大安區,大安區復興南路2段377號,0,0,1,2,C03,7,6,5,50,14,9,1,4,4,5,13,4,4,1,4,5,2,17,1,35,2,9,6,4,7,9,1,10,9,17,,44,,1,21,121.5434602,25.0222592
113,9,23,9,18,2,08士林區,士林區忠誠路2段與士東路口,0,0,2,1,C03,8,5,5,50,5,1,1,5,4,5,13,2,1,9,4,5,2,17,1,30,2,9,6,1,7,9,1,10,1,11,,13,,1,21,121.5311312,25.1122416
113,9,23,9,18,2,08士林區,士林區忠誠路2段與士東路口,0,0,2,2,C03,8,5,5,50,5,1,1,5,4,5,13,2,1,9,4,5,2,17,1,60,2,9,6,1,7,6,1,9,1,13,,9,,1,21,121.5311312,25.1122416
113,9,23,9,52,2,05中正區,中正區林森南路與青島東路口口,0,0,1,1,B01,8,5,5,50,4,1,1,5,4,5,13,2,1,9,4,4,1,16,1,56,3,10,7,1,7,11,1,4,2,2,,10,,1,21,121.5230569,25.0436548
113,9,23,9,52,2,05中正區,中正區林森南路與青島東路口口,0,0,1,2,C03,8,5,5,50,4,1,1,5,4,5,13,2,1,9,4,4,1,16,1,54,2,9,6,1,7,9,1,10,2,11,,44,,1,21,121.5230569,25.0436548
113,9,23,10,5,2,04大安區,大安區市民大道3段92號,0,0,1,1,C03,7,7,5,40,14,9,1,4,4,5,13,4,4,1,4,5,2,13,1,83,2,9,6,1,7,9,1,10,1,11,,44,,1,21,121.5336547,25.0453188
113,9,23,10,5,2,04大安區,大安區市民大道3段92號,0,0,1,2,B01,7,7,5,40,14,9,1,4,4,5,13,4,4,1,4,5,2,13,1,45,3,10,7,1,7,9,1,4,1,3,,44,,1,21,121.5336547,25.0453188
113,9,23,10,5,2,04大安區,大安區市民大道3段92號,0,0,1,3,C03,7,7,5,40,14,9,1,4,4,5,13,4,4,1,4,5,2,13,1,46,3,10,6,1,7,9,1,10,1,11,,44,,1,21,121.5336547,25.0453188
113,9,23,10,6,2,07信義區,信義區松高路與松智路口,0,0,1,1,B03,8,7,5,50,3,2,1,5,4,5,13,2,1,5,4,5,2,16,1,64,3,10,7,1,7,6,1,8,2,8,,9,,1,21,121.5654785,25.0390161
113,9,23,10,6,2,07信義區,信義區松高路與松智路口,0,0,1,2,C03,8,7,5,50,3,2,1,5,4,5,13,2,1,5,4,5,2,16,1,70,2,9,5,1,7,9,1,10,2,12,,44,,1,21,121.5654785,25.0390161
113,9,23,10,40,2,03中山區,中山區建國北路2段226巷與建國北路2段口,0,0,2,1,C03,7,6,5,30,3,1,1,5,4,3,10,4,4,1,4,4,2,15,2,39,2,9,5,4,7,3,1,10,1,14,,72,,1,21,121.5374312,25.0610261
113,9,23,10,40,2,03中山區,中山區建國北路2段226巷與建國北路2段口,0,0,2,2,C03,7,6,5,30,3,1,1,5,4,3,10,4,4,1,4,4,2,15,1,58,2,9,5,4,7,9,1,9,1,12,,33,,1,21,121.5374312,25.0610261
113,9,23,10,40,2,03中山區,中山區建國北路2段226巷與建國北路2段口,0,0,2,3,B11,7,6,5,30,3,1,1,5,4,3,10,4,4,1,4,4,2,15,1,47,3,10,3,4,7,13,1,2,1,17,,38,,1,21,121.5374312,25.0610261
113,9,23,10,50,2,10文山區,文山區木柵路1段與試院路口單號,0,0,1,1,C03,8,6,5,50,4,1,1,4,4,5,13,2,1,5,4,5,2,18,2,56,2,6,3,4,7,9,1,10,2,17,,44,,1,22,121.5489576,24.9872779
113,9,23,10,50,2,10文山區,文山區木柵路1段與試院路口單號,0,0,1,2,,8,6,5,50,4,1,1,4,4,5,13,2,1,5,4,5,2,18,3,0,,,,,,,,,,,,67,,1,,121.5489576,24.9872779
113,9,23,11,2,2,06松山區,松山區饒河街221巷與饒河街口,0,0,2,1,C03,8,5,6,30,4,1,1,5,4,5,13,4,4,8,3,4,1,16,2,45,2,9,3,1,7,9,1,10,2,14,,80,,1,21,121.576709,25.0507924
113,9,23,11,2,2,06松山區,松山區饒河街221巷與饒河街口,0,0,2,2,C03,8,5,6,30,4,1,1,5,4,5,13,4,4,8,3,4,1,16,1,34,2,9,3,1,7,9,1,10,2,11,,44,,1,21,121.576709,25.0507924
113,9,23,11,18,2,09北投區,北投區大興街61-1號,0,0,2,1,C03,8,6,5,50,14,9,1,5,4,5,13,4,4,5,5,5,1,17,1,44,2,8,5,1,7,5,1,10,1,14,,101,,1,21,121.5006245,25.1305719
113,9,23,11,18,2,09北投區,北投區大興街61-1號,0,0,2,2,C03,8,6,5,50,14,9,1,5,4,5,13,4,4,5,5,5,1,17,1,40,2,7,5,1,7,9,1,10,1,12,,44,,1,21,121.5006245,25.1305719
113,9,23,11,27,2,08士林區,士林區延平北路5段與延平北路5段83巷口,0,0,1,1,C03,7,7,5,50,4,1,2,5,4,5,13,2,1,3,5,5,1,17,4,59,4,11,3,4,7,9,7,19,11,11,,119,,2,21,121.5105573,25.0809761
113,9,23,11,27,2,08士林區,士林區延平北路5段與延平北路5段83巷口,0,0,1,2,C03,7,7,5,50,4,1,2,5,4,5,13,2,1,3,5,5,1,17,1,59,2,9,5,1,7,9,1,10,1,14,,44,,1,21,121.5105573,25.0809761
113,9,23,11,33,2,01大同區,大同區華陰街45號,0,0,1,1,B01,8,6,5,50,14,9,1,5,4,5,13,4,4,10,4,5,2,9,1,48,3,10,3,4,7,12,1,4,9,17,,118,,1,21,121.5194329,25.0493468
113,9,23,11,33,2,01大同區,大同區華陰街45號,0,0,1,2,H02,8,6,5,50,14,9,1,5,4,5,13,4,4,10,4,5,2,9,2,39,2,9,2,5,7,20,8,20,10,16,,67,,1,21,121.5194329,25.0493468
113,9,23,12,9,2,03中山區,中山區林森北路419號與林森北路口,0,0,1,1,B03,8,7,5,50,3,1,1,5,4,5,13,4,4,10,5,5,2,16,1,53,3,10,7,1,7,6,1,8,1,5,,101,,1,21,121.5256202,25.06099085
113,9,23,12,9,2,03中山區,中山區林森北路419號與林森北路口,0,0,1,2,C03,8,7,5,50,3,1,1,5,4,5,13,4,4,10,5,5,2,16,1,21,2,1,6,1,7,9,1,10,1,14,,44,,1,21,121.5256202,25.06099085
113,9,23,12,10,2,07信義區,信義區莊敬路與莊敬路341巷口,0,0,2,1,C03,8,6,5,50,3,2,1,5,4,5,13,4,4,8,3,4,2,16,2,64,2,9,6,1,7,5,1,10,1,11,,74,,1,21,121.5642666,25.0279039
113,9,23,12,10,2,07信義區,信義區莊敬路與莊敬路341巷口,0,0,2,2,C03,8,6,5,50,3,2,1,5,4,5,13,4,4,8,3,4,2,16,2,32,2,9,6,1,7,9,1,10,1,14,,44,,1,21,121.5642666,25.0279039
113,9,23,12,36,2,10文山區,文山區指南路2段與萬壽路口,0,0,1,1,B03,7,6,5,50,3,1,1,5,4,5,13,2,1,5,5,5,1,16,1,52,3,10,7,4,7,6,1,8,1,2,,71,,1,21,121.5761419,24.9876251
113,9,23,12,36,2,10文山區,文山區指南路2段與萬壽路口,0,0,1,2,C03,7,6,5,50,3,1,1,5,4,5,13,2,1,5,5,5,1,16,2,24,2,8,6,1,7,9,1,10,1,14,,44,,1,21,121.5761419,24.9876251
113,9,23,12,52,2,03中山區,中山區明水路397巷7弄與明水路557巷口,0,0,2,1,C03,8,6,5,30,4,1,1,5,4,5,13,4,4,10,5,5,2,15,1,60,2,8,6,1,7,9,1,10,1,11,,14,,1,21,121.5512089,25.0792703
113,9,23,12,52,2,03中山區,中山區明水路397巷7弄與明水路557巷口,0,0,2,2,C03,8,6,5,30,4,1,1,5,4,5,13,4,4,10,5,5,2,15,1,33,2,9,6,1,7,9,1,10,1,14,,44,,1,21,121.5512089,25.0792703
113,9,23,13,0,2,05中正區,中正區忠孝東路2段66號,0,0,2,1,A02,7,6,5,50,14,9,1,4,4,5,13,1,1,1,4,5,2,13,1,56,3,10,7,1,7,9,1,2,2,1,,16,,1,21,121.5287314,25.0433531
113,9,23,13,0,2,05中正區,中正區忠孝東路2段66號,0,0,2,2,C03,7,6,5,50,14,9,1,4,4,5,13,1,1,1,4,5,2,13,1,22,2,9,6,1,7,12,1,10,2,13,,108,,1,21,121.5287314,25.0433531
113,9,23,13,0,2,05中正區,中正區忠孝東路2段66號,0,0,2,3,H02,7,6,5,50,14,9,1,4,4,5,13,1,1,1,4,5,2,13,2,45,2,9,2,5,7,17,8,20,10,16,,67,,1,22,121.5287314,25.0433531
113,9,23,14,0,2,08士林區,士林區延平北路8段2巷56弄88號,0,0,1,1,C03,7,5,5,30,11,9,1,5,4,5,13,4,4,10,5,5,1,10,1,26,2,8,3,4,7,9,1,10,1,11,,13,,1,22,121.493887,25.106695
113,9,23,14,0,2,08士林區,士林區延平北路8段2巷56弄88號,0,0,1,2,B12,7,5,5,30,11,9,1,5,4,5,13,4,4,10,5,5,1,10,1,42,3,10,3,4,7,4,1,8,1,1,,5,,1,22,121.493887,25.106695
113,9,23,14,0,2,08士林區,士林區延平北路8段2巷56弄88號,0,0,1,3,A11,7,5,5,30,11,9,1,5,4,5,13,4,4,10,5,5,1,10,1,40,3,10,3,4,7,14,1,3,1,17,,38,,1,22,121.493887,25.106695
113,9,23,14,1,2,01大同區,大同區民權西路與重慶北路3段口,0,0,1,1,,6,6,5,50,14,9,1,4,4,5,13,4,4,5,4,5,2,9,4,0,,,,,,,,,11,,,119,,2,,121.5131728,25.0631108
113,9,23,14,1,2,01大同區,大同區民權西路與重慶北路3段口,0,0,1,2,H01,6,6,5,50,14,9,1,4,4,5,13,4,4,5,4,5,2,9,2,40,2,8,4,5,8,20,8,20,10,16,,119,,1,21,121.5131728,25.0631108
113,9,23,14,20,2,05中正區,中正區市民大道1段168號,0,0,1,1,B03,6,6,5,40,22,9,1,4,4,5,13,4,4,10,5,5,2,17,2,51,3,10,7,4,7,5,1,8,1,5,,72,,1,22,121.518948,25.04828466
113,9,23,14,20,2,05中正區,中正區市民大道1段168號,0,0,1,2,C03,6,6,5,40,22,9,1,4,4,5,13,4,4,10,5,5,2,17,1,24,2,9,6,4,7,9,1,10,1,12,11,14,,1,22,121.518948,25.04828466
113,9,23,14,27,2,05中正區,中正區市民大道3段與新生南路1段口,0,0,1,1,B02,6,5,5,50,4,2,1,4,4,5,13,1,1,1,5,5,2,17,1,40,3,10,7,1,7,6,1,8,1,2,2,80,,1,21,121.5327824,25.04530026
113,9,23,14,27,2,05中正區,中正區市民大道3段與新生南路1段口,0,0,1,2,C03,6,5,5,50,4,2,1,4,4,5,13,1,1,1,5,5,2,17,1,25,2,8,6,1,7,9,1,10,1,14,14,44,,1,21,121.5327824,25.04530026
113,9,23,14,55,2,01大同區,大同區承德路3段與民權西路口,0,0,2,1,B03,7,6,5,50,4,1,1,4,4,5,13,2,1,1,4,5,2,17,1,52,4,11,3,4,7,6,7,19,11,17,,9,,2,21,121.518107,25.0632793
113,9,23,14,55,2,01大同區,大同區承德路3段與民權西路口,0,0,2,2,C03,7,6,5,50,4,1,1,4,4,5,13,2,1,1,4,5,2,17,1,26,2,9,3,4,7,6,1,10,2,17,,44,,1,21,121.518107,25.0632793
113,9,23,14,55,2,01大同區,大同區承德路3段與民權西路口,0,0,2,3,H02,7,6,5,50,4,1,1,4,4,5,13,2,1,1,4,5,2,17,1,31,2,7,3,5,7,20,8,20,10,16,,67,,1,21,121.518107,25.0632793
113,9,23,15,4,2,07信義區,信義區光復南路439號,0,0,1,1,F01,6,6,5,50,14,20,1,4,4,5,13,4,4,10,5,5,2,9,4,54,4,11,3,4,7,21,8,20,11,15,,119,,2,22,121.55767,25.0357686
113,9,23,15,4,2,07信義區,信義區光復南路439號,0,0,1,2,H01,6,6,5,50,14,20,1,4,4,5,13,4,4,10,5,5,2,9,2,74,2,8,4,5,8,16,8,20,10,16,,67,,1,22,121.55767,25.0357686
113,9,23,16,4,2,03中山區,中山區松江路133巷與南京東路2段115巷口,0,0,1,1,C03,7,6,5,30,4,1,1,4,4,5,13,4,4,8,5,5,1,15,1,53,2,9,3,4,7,9,1,10,1,14,,72,,1,21,121.5336353,25.05436162
113,9,23,16,4,2,03中山區,中山區松江路133巷與南京東路2段115巷口,0,0,1,2,B12,7,6,5,30,4,1,1,4,4,5,13,4,4,8,5,5,1,15,1,59,3,10,3,4,7,9,1,8,1,5,,44,,1,21,121.5336353,25.05436162
113,9,23,16,6,2,09北投區,北投區東華街1段與明德路口,0,0,1,1,B03,6,6,5,50,4,1,1,4,4,5,13,1,1,5,5,5,2,17,2,31,3,10,7,1,7,5,1,8,9,17,,71,,1,26,121.5193738,25.1093465
113,9,23,16,6,2,09北投區,北投區東華街1段與明德路口,0,0,1,2,C03,6,6,5,50,4,1,1,4,4,5,13,1,1,5,5,5,2,17,2,21,2,9,6,1,7,9,1,10,1,12,,42,,1,21,121.5193738,25.1093465
113,9,23,16,44,2,11南港區,南港區玉成街142號與玉成街140巷口對面,0,0,1,1,C03,8,7,6,50,3,1,1,5,4,3,13,4,4,5,5,5,1,16,2,63,2,8,5,4,7,7,1,10,9,14,,100,,2,21,121.5833509,25.045134
113,9,23,16,44,2,11南港區,南港區玉成街142號與玉成街140巷口對面,0,0,1,2,B03,8,7,6,50,3,1,1,5,4,3,13,4,4,5,5,5,1,16,2,57,3,10,3,4,7,1,1,8,1,5,,44,,1,21,121.5833509,25.045134
113,9,23,16,44,2,11南港區,南港區玉成街142號與玉成街140巷口對面,0,0,1,3,B03,8,7,6,50,3,1,1,5,4,3,13,4,4,5,5,5,1,16,1,28,3,10,3,4,7,14,1,3,9,17,,38,,1,21,121.5833509,25.045134
113,9,23,17,2,2,05中正區,中正區重慶北路1段機場捷運A1站5號出口對面,0,0,2,1,C03,6,5,5,50,14,9,1,4,4,5,13,4,4,9,4,5,1,16,1,79,2,8,5,1,7,7,6,10,1,14,,100,,1,21,121.5134062,25.0489672
113,9,23,17,2,2,05中正區,中正區重慶北路1段機場捷運A1站5號出口對面,0,0,2,2,C03,6,5,5,50,14,9,1,4,4,5,13,4,4,9,4,5,1,16,1,26,2,8,5,1,7,9,1,10,1,12,,44,,1,21,121.5134062,25.0489672
113,9,23,17,8,2,02萬華區,萬華區寶興街與寶興街38巷口,0,0,1,1,C03,6,5,5,50,4,1,1,4,4,5,13,4,4,10,3,5,2,3,1,44,3,10,6,1,7,9,1,10,1,14,,107,,1,22,121.49347,25.027372
113,9,23,17,8,2,02萬華區,萬華區寶興街與寶興街38巷口,0,0,1,2,H01,6,5,5,50,4,1,1,4,4,5,13,4,4,10,3,5,2,3,2,71,2,1,4,5,8,16,8,20,1,16,,121,,1,22,121.49347,25.027372
113,9,23,17,13,2,03中山區,中山區民族東路2號,0,0,1,1,B03,6,5,5,50,14,9,1,4,4,5,13,4,4,1,4,5,2,17,2,65,3,10,3,4,7,7,1,8,1,15,,100,,1,21,121.5233411,25.0685555
113,9,23,17,13,2,03中山區,中山區民族東路2號,0,0,1,2,C03,6,5,5,50,14,9,1,4,4,5,13,4,4,1,4,5,2,17,2,63,2,9,3,4,7,9,1,10,1,15,,44,,1,21,121.5233411,25.0685555
113,9,23,17,15,2,10文山區,文山區木柵路1段與辛亥路7段口,0,0,1,1,B03,8,6,5,50,4,1,1,5,4,5,13,2,1,5,4,5,2,13,2,66,3,10,3,4,7,5,1,8,2,5,,42,,1,21,121.5523603,24.9877189
113,9,23,17,15,2,10文山區,文山區木柵路1段與辛亥路7段口,0,0,1,2,C03,8,6,5,50,4,1,1,5,4,5,13,2,1,5,4,5,2,13,2,45,2,8,5,4,7,5,1,10,2,13,,42,,1,21,121.5523603,24.9877189
113,9,23,17,20,2,03中山區,中山區北安路571號,0,0,1,1,B03,6,5,5,50,14,9,1,4,4,5,13,2,1,8,3,5,1,17,1,35,3,10,7,1,7,5,1,8,1,2,,83,,1,21,121.5485255,25.0812282
113,9,23,17,20,2,03中山區,中山區北安路571號,0,0,1,2,C03,6,5,5,50,14,9,1,4,4,5,13,2,1,8,3,5,1,17,1,25,2,9,5,1,7,9,1,10,1,11,,44,,1,21,121.5485255,25.0812282
113,9,23,17,29,2,05中正區,中正區博愛路與廣州街口,0,0,1,1,B01,6,5,5,40,4,2,1,4,4,5,13,1,1,1,4,4,2,17,1,58,3,10,7,1,7,5,1,4,1,4,,17,,1,22,121.5107212,25.0347463
113,9,23,17,29,2,05中正區,中正區博愛路與廣州街口,0,0,1,2,C03,6,5,5,40,4,2,1,4,4,5,13,1,1,1,4,4,2,17,1,42,2,7,5,1,7,5,1,10,1,12,,17,,1,22,121.5107212,25.0347463
113,9,23,17,35,2,07信義區,信義區林口街與松山路615巷口,0,0,2,1,F01,7,5,5,0,4,1,1,5,4,5,13,4,4,9,4,4,2,15,1,13,2,8,4,1,7,9,8,20,2,12,,72,,1,15,121.5792236,25.0368781
113,9,23,17,35,2,07信義區,信義區林口街與松山路615巷口,0,0,2,2,C03,7,5,5,0,4,1,1,5,4,5,13,4,4,9,4,4,2,15,2,25,2,8,6,1,7,9,1,10,2,11,,44,,1,21,121.5792236,25.0368781
113,9,23,18,8,2,11南港區,南港區富康街23號,0,0,1,1,H01,6,5,5,50,14,9,1,4,4,5,13,4,4,9,5,5,2,3,1,72,2,1,4,5,8,16,8,20,1,16,,121,,1,22,121.6178957,25.0539816
113,9,23,18,8,2,11南港區,南港區富康街23號,0,0,1,2,C03,6,5,5,50,14,9,1,4,4,5,13,4,4,9,5,5,2,3,1,47,3,10,5,1,7,9,1,10,1,11,,108,,1,26,121.6178957,25.0539816
113,9,23,18,41,2,09北投區,北投區北投路1段與大興街口,0,0,1,1,A04,6,5,5,50,4,2,1,4,4,5,13,2,1,5,2,5,2,12,1,56,3,10,3,4,7,9,1,2,9,5,,108,,2,26,121.4997089,25.1302223
113,9,23,18,41,2,09北投區,北投區北投路1段與大興街口,0,0,1,2,C03,6,5,5,50,4,2,1,4,4,5,13,2,1,5,2,5,2,12,2,49,2,9,3,4,7,7,1,10,1,14,,101,,1,26,121.4997089,25.1302223
113,9,23,18,45,2,05中正區,中正區思源街1號與思源街無名巷口,0,0,1,1,C03,6,5,5,50,3,2,1,4,4,5,13,1,1,5,4,5,2,17,1,23,3,10,6,1,7,7,1,10,2,17,,100,,1,22,121.5300369,25.0133626
113,9,23,18,45,2,05中正區,中正區思源街1號與思源街無名巷口,0,0,1,2,C03,6,5,5,50,3,2,1,4,4,5,13,1,1,5,4,5,2,17,1,35,2,8,6,1,7,9,1,10,2,12,,44,,1,23,121.5300369,25.0133626
113,9,23,18,51,2,05中正區,中正區市民大道2段與天津街口,0,0,1,1,B03,6,5,8,40,4,2,1,4,4,5,13,1,1,1,4,5,1,17,1,26,3,10,7,1,7,15,1,8,1,6,,80,,1,21,121.5222536,25.0478339
113,9,23,18,51,2,05中正區,中正區市民大道2段與天津街口,0,0,1,2,C03,6,5,8,40,4,2,1,4,4,5,13,1,1,1,4,5,1,17,1,34,2,9,5,1,7,9,6,10,1,14,,44,,1,21,121.5222536,25.0478339
113,9,23,19,23,2,07信義區,信義區忠孝東路5段236巷15號,0,0,2,1,C03,6,5,8,50,14,9,1,4,4,5,13,4,4,8,3,5,2,9,1,46,2,9,3,4,7,15,1,10,1,11,,108,,1,22,121.5719558,25.0401333
113,9,23,19,23,2,07信義區,信義區忠孝東路5段236巷15號,0,0,2,2,H01,6,5,8,50,14,9,1,4,4,5,13,4,4,8,3,5,2,9,1,76,2,9,4,5,8,17,8,20,10,16,,60,,1,22,121.5719558,25.0401333
113,9,23,19,23,2,07信義區,信義區忠孝東路5段236巷15號,0,0,2,3,B03,6,5,8,50,14,9,1,4,4,5,13,4,4,8,3,5,2,9,1,76,3,10,3,4,7,13,1,8,1,8,,44,,1,22,121.5719558,25.0401333
113,9,23,19,41,2,08士林區,士林區忠誠路2段與忠誠路2段50巷口,0,0,1,1,B03,6,5,5,50,3,1,1,4,4,5,13,2,1,1,4,5,2,16,1,62,2,9,7,1,7,5,1,8,2,1,,71,,1,21,121.530639,25.11065325
113,9,23,19,41,2,08士林區,士林區忠誠路2段與忠誠路2段50巷口,0,0,1,2,B03,6,5,5,50,3,1,1,4,4,5,13,2,1,1,4,5,2,16,1,28,3,10,7,1,7,9,1,8,2,1,,14,,1,21,121.530639,25.11065325
113,9,23,20,1,2,01大同區,大同區鄭州路與環河北路1段口,0,0,1,1,C03,6,5,5,40,5,2,1,4,4,5,13,1,1,1,4,5,2,17,4,0,,,,,7,21,7,19,11,15,,119,,2,22,121.5069777,25.0507696
113,9,23,20,1,2,01大同區,大同區鄭州路與環河北路1段口,0,0,1,2,C03,6,5,5,40,5,2,1,4,4,5,13,1,1,1,4,5,2,17,1,27,2,9,6,1,7,9,1,10,1,12,,44,,1,21,121.5069777,25.0507696
113,9,23,20,5,2,06松山區,松山區光復南路與八德路4段口,0,0,1,1,C03,6,5,5,50,4,2,1,4,4,5,13,2,1,1,4,5,2,17,1,37,2,7,5,1,7,12,1,10,1,12,,42,,1,21,121.5578956,25.0479388
113,9,23,20,5,2,06松山區,松山區光復南路與八德路4段口,0,0,1,2,B03,6,5,5,50,4,2,1,4,4,5,13,2,1,1,4,5,2,17,1,27,3,10,7,1,7,12,1,8,1,6,,44,,1,21,121.5578956,25.0479388
113,9,23,20,46,2,03中山區,中山區市民大道3段與八德路2段210巷口,0,0,1,1,B03,6,5,5,40,3,1,1,4,4,5,13,1,1,1,4,5,2,16,2,62,3,10,7,1,7,6,1,8,1,2,,9,,1,22,121.5395355,25.04493383
113,9,23,20,46,2,03中山區,中山區市民大道3段與八德路2段210巷口,0,0,1,2,C03,6,5,5,40,3,1,1,4,4,5,13,1,1,1,4,5,2,16,1,59,2,9,5,1,7,9,1,10,1,11,,44,,1,22,121.5395355,25.04493383
113,9,23,20,46,2,08士林區,士林區中山北路6段與中山北路6段290巷口,0,0,1,2,C03,6,5,5,50,3,1,1,4,4,5,13,1,1,1,4,5,2,17,2,35,2,9,6,1,7,9,1,10,1,14,,42,,1,21,121.5255771,25.1103519
113,9,23,20,46,2,08士林區,士林區中山北路6段與中山北路6段290巷口,0,0,1,3,B03,6,5,5,50,3,1,1,4,4,5,13,1,1,1,4,5,2,17,1,42,3,10,3,4,7,13,1,8,11,4,,44,,1,21,121.5255771,25.1103519
113,9,23,20,46,2,08士林區,士林區中山北路6段與中山北路6段290巷口,0,0,1,1,C03,6,5,5,50,3,1,1,4,4,5,13,1,1,1,4,5,2,17,1,74,4,11,5,4,7,5,1,10,11,17,,71,,2,21,121.5255771,25.1103519
113,9,23,21,7,2,06松山區,松山區八德路4段與基隆路1段口,0,0,2,1,C03,6,5,5,50,4,1,1,4,4,5,13,2,1,1,4,1,2,17,2,18,2,7,6,1,7,5,3,18,1,13,,96,,1,21,121.5692655,25.04943939
113,9,23,21,7,2,06松山區,松山區八德路4段與基隆路1段口,0,0,2,2,C03,6,5,5,50,4,1,1,4,4,5,13,2,1,1,4,1,2,17,2,23,2,8,6,1,7,9,1,10,1,11,,44,,1,21,121.5692655,25.04943939
113,9,23,21,7,2,06松山區,松山區八德路4段與基隆路1段口,0,0,2,3,B03,6,5,5,50,4,1,1,4,4,5,13,2,1,1,4,1,2,17,2,60,3,10,7,1,7,9,1,8,1,1,,108,,1,21,121.5692655,25.04943939
113,9,23,21,10,2,03中山區,中山區北安路514號,0,0,3,1,C03,7,5,5,50,14,9,1,4,4,5,13,4,4,1,4,5,2,17,2,19,2,9,5,1,7,9,1,10,2,15,,44,,1,21,121.5453704,25.0797769
113,9,23,21,10,2,03中山區,中山區北安路514號,0,0,3,2,C03,7,5,5,50,14,9,1,4,4,5,13,4,4,1,4,5,2,17,1,18,2,9,5,1,7,7,1,10,2,13,,13,,1,21,121.5453704,25.0797769
113,9,23,21,10,2,03中山區,中山區北安路514號,0,0,3,3,H02,7,5,5,50,14,9,1,4,4,5,13,4,4,1,4,5,2,17,2,19,2,9,5,5,7,20,8,20,10,17,,67,,1,21,121.5453704,25.0797769