發生年度,發生月,發生日,發生時-Hours,發生分,處理別-編號,區序,肇事地點,死亡人數,2-30日死亡人數,受傷人數,當事人序號,車種,天候,道路照明設備,道路類別,速限-速度限制,道路型態,事故位置,路面狀況1,路面狀況2,路面狀況3,道路障礙1,道路障礙2,號誌1,號誌2,車道劃分-分向,車道劃分-分道1,車道劃分-分道2,車道劃分-分道3,事故類型及型態,性別,年齡,受傷程度,主要傷處,保護裝置,行動電話,車輛用途,當事者行動狀態,駕駛資格情形,駕駛執照種類,飲酒情形,車輛撞擊部位1,車輛撞擊部位2,肇因碼-個別,肇因碼-主要,個人肇逃否,職業,座標-X,座標-Y
113,9,23,21,25,2,07信義區,信義區松勤街100號,0,0,1,1,C03,6,5,5,50,14,9,1,4,4,5,13,4,4,8,5,5,2,13,2,52,2,9,5,4,7,9,1,10,1,11,12,108,,1,22,121.5665079,25.0319215
113,9,23,21,25,2,07信義區,信義區松勤街100號,0,0,1,2,B03,6,5,5,50,14,9,1,4,4,5,13,4,4,8,5,5,2,13,2,47,3,10,3,4,7,14,1,8,2,7,,44,,1,21,121.5665079,25.0319215
113,9,23,21,46,2,04大安區,大安區和平東路2段134號與和平東路2段口迴轉道,0,0,1,1,B01,6,5,5,50,4,1,1,4,4,5,13,4,4,1,4,1,2,12,1,64,3,10,7,1,7,1,1,4,1,8,,19,,1,21,121.5448329,25.0248254
113,9,23,21,46,2,04大安區,大安區和平東路2段134號與和平東路2段口迴轉道,0,0,1,2,C03,6,5,5,50,4,1,1,4,4,5,13,4,4,1,4,1,2,12,1,43,2,2,6,1,7,9,1,10,1,11,,14,,1,21,121.5448329,25.0248254
113,9,23,23,53,2,12內湖區,內湖區南京東路6段與環東大道口,0,0,1,1,B01,7,5,5,50,3,2,1,4,4,5,13,1,1,1,4,5,2,17,1,33,4,11,3,4,7,9,1,4,9,17,,82,,1,21,121.5946953,25.07083537
113,9,23,23,53,2,12內湖區,內湖區南京東路6段與環東大道口,0,0,1,2,B12,7,5,5,50,3,2,1,4,4,5,13,1,1,1,4,5,2,17,1,33,2,3,7,1,7,9,1,8,1,1,,13,,1,22,121.5946953,25.07083537
113,9,23,23,53,2,12內湖區,內湖區南京東路6段與環東大道口,0,0,1,3,B03,7,5,5,50,3,2,1,4,4,5,13,1,1,1,4,5,2,17,1,44,3,10,7,1,7,9,1,8,1,7,,44,,1,22,121.5946953,25.07083537
113,9,24,1,9,2,10文山區,文山區景文街與景美街口,0,0,1,1,B12,7,5,5,50,4,18,1,4,4,5,13,4,4,5,5,4,2,3,1,36,3,10,7,1,7,5,1,8,2,8,,70,,1,21,121.5414362,24.9915606
113,9,24,1,9,2,10文山區,文山區景文街與景美街口,0,0,1,2,H01,7,5,5,50,4,18,1,4,4,5,13,4,4,5,5,4,2,3,2,72,2,9,4,5,8,16,8,20,10,16,,67,,1,21,121.5414362,24.9915606
113,9,24,3,30,2,02萬華區,萬華區環河南路2段與和平西路3段口,0,0,1,1,B13,7,5,5,50,4,18,1,4,4,5,13,1,1,9,4,5,2,3,1,40,3,10,7,4,7,9,1,8,1,1,,70,,1,21,121.4940473,25.0350971
113,9,24,3,30,2,02萬華區,萬華區環河南路2段與和平西路3段口,0,0,1,2,H01,7,5,5,50,4,18,1,4,4,5,13,1,1,9,4,5,2,3,2,17,2,9,4,5,8,16,8,20,10,16,,67,,1,21,121.4940473,25.0350971
113,9,24,5,40,2,08士林區,士林區通河西街2段與社正路口口堤外引道,0,0,3,2,B03,7,7,5,30,14,9,1,5,4,5,13,4,4,5,3,5,1,11,1,37,2,9,3,4,7,9,1,8,2,1,,44,,1,22,121.5115665,25.0902399
113,9,24,5,40,2,08士林區,士林區通河西街2段與社正路口口堤外引道,0,0,3,1,B01,7,7,5,30,14,9,1,5,4,5,13,4,4,5,3,5,1,11,1,39,2,9,3,4,7,9,1,4,2,1,,99,,1,21,121.5115665,25.0902399
113,9,24,5,40,2,08士林區,士林區通河西街2段與社正路口口堤外引道,0,0,3,3,H02,7,7,5,30,14,9,1,5,4,5,13,4,4,5,3,5,1,11,2,22,2,9,7,5,7,17,8,20,10,16,,67,,1,22,121.5115665,25.0902399
113,9,24,7,30,2,07信義區,信義區基隆路1段與基隆路1段83巷口,0,0,2,1,C03,7,6,5,50,3,1,1,5,4,5,13,4,4,1,4,5,1,16,2,51,2,9,3,4,7,6,1,10,1,12,,9,,1,22,121.5680096,25.0467704
113,9,24,7,30,2,07信義區,信義區基隆路1段與基隆路1段83巷口,0,0,2,2,C03,7,6,5,50,3,1,1,5,4,5,13,4,4,1,4,5,1,16,1,56,2,9,3,4,7,9,1,10,1,14,,44,,1,22,121.5680096,25.0467704
113,9,24,7,35,2,07信義區,信義區忠孝東路5段474號,0,0,1,1,C03,7,5,5,50,14,9,1,5,4,5,13,1,1,1,4,4,2,13,1,28,2,8,5,1,7,9,1,10,1,11,,118,,1,21,121.5770737,25.0407731
113,9,24,7,35,2,07信義區,信義區忠孝東路5段474號,0,0,1,2,B03,7,5,5,50,14,9,1,5,4,5,13,1,1,1,4,4,2,13,1,53,3,10,2,1,7,14,1,8,1,3,,118,,1,21,121.5770737,25.0407731
113,9,24,7,48,2,04大安區,大安區建國南路1段273號,0,0,1,1,B03,8,6,5,50,14,9,1,5,4,5,13,4,4,1,4,5,2,16,1,73,3,10,7,1,7,6,1,8,1,8,,80,,1,21,121.5381139,25.037537
113,9,24,7,48,2,04大安區,大安區建國南路1段273號,0,0,1,2,C03,8,6,5,50,14,9,1,5,4,5,13,4,4,1,4,5,2,16,1,23,2,8,6,1,7,9,1,10,1,12,,13,,1,21,121.5381139,25.037537
113,9,24,8,5,2,08士林區,士林區中山北路6段與忠誠路1段口,0,0,1,1,B01,7,6,5,50,5,1,1,5,4,5,13,1,1,1,4,5,2,17,1,65,3,10,7,1,7,9,1,4,2,5,,17,,1,22,121.5247703,25.1040344
113,9,24,8,5,2,08士林區,士林區中山北路6段與忠誠路1段口,0,0,1,2,C04,7,6,5,50,5,1,1,5,4,5,13,1,1,1,4,5,2,17,2,37,3,10,6,1,7,9,1,10,2,14,,44,,1,22,121.5247703,25.1040344
113,9,24,8,5,2,08士林區,士林區中山北路6段與忠誠路1段口,0,0,1,3,H02,7,6,5,50,5,1,1,5,4,5,13,1,1,1,4,5,2,17,1,2,2,8,6,5,7,17,8,20,10,16,,67,,1,22,121.5247703,25.1040344
113,9,24,8,15,2,11南港區,南港區成功橋南向北,0,0,1,1,B02,8,7,5,50,8,9,1,5,4,4,13,4,4,5,4,5,2,13,2,39,3,10,3,4,7,8,1,8,1,7,,44,,1,21,121.5829808,25.0522314
113,9,24,8,15,2,11南港區,南港區成功橋南向北,0,0,1,2,C03,8,7,5,50,8,9,1,5,4,4,13,4,4,5,4,5,2,13,1,34,2,7,3,4,7,9,1,10,1,11,,108,,1,21,121.5829808,25.0522314
113,9,24,8,20,2,04大安區,大安區延吉街與無名巷口,0,0,1,1,B03,8,7,5,30,4,1,1,5,4,5,13,3,1,5,4,5,2,17,1,32,3,10,7,1,7,5,1,4,1,7,,84,,1,21,121.5538829,25.0439067
113,9,24,8,20,2,04大安區,大安區延吉街與無名巷口,0,0,1,2,C03,8,7,5,30,4,1,1,5,4,5,13,3,1,5,4,5,2,17,1,33,2,9,6,1,7,9,1,10,1,11,,13,,1,21,121.5538829,25.0439067
113,9,24,8,25,2,07信義區,信義區松平路與松智路口,0,0,1,1,B03,8,6,5,30,4,18,1,5,4,5,13,2,1,8,5,5,2,3,1,45,3,10,7,1,7,5,1,8,11,1,,70,,1,21,121.5653748,25.0305553
113,9,24,8,25,2,07信義區,信義區松平路與松智路口,0,0,1,2,H01,8,6,5,30,4,18,1,5,4,5,13,2,1,8,5,5,2,3,1,57,2,8,4,5,8,16,8,20,10,16,,67,,1,21,121.5653748,25.0305553
113,9,24,8,29,2,06松山區,松山區撫遠街與塔悠路口,0,0,1,1,B02,7,6,5,40,3,1,1,5,4,5,13,1,1,1,4,4,2,16,2,50,3,10,7,1,7,6,1,8,1,6,,9,,1,21,121.5681577,25.0682675
113,9,24,8,29,2,06松山區,松山區撫遠街與塔悠路口,0,0,1,2,C03,7,6,5,40,3,1,1,5,4,5,13,1,1,1,4,4,2,16,2,31,2,9,6,1,7,9,1,10,1,11,,44,,1,21,121.5681577,25.0682675
113,9,24,8,50,2,07信義區,信義區基隆路1段與基隆路1段101巷口,0,0,1,1,B03,7,6,5,50,4,2,1,5,4,5,13,2,1,1,4,5,2,13,2,42,3,10,7,1,7,9,1,8,1,1,,108,,1,21,121.5672118,25.0455356
113,9,24,8,50,2,07信義區,信義區基隆路1段與基隆路1段101巷口,0,0,1,2,F01,7,6,5,50,4,2,1,5,4,5,13,2,1,1,4,5,2,13,1,36,2,9,4,1,7,14,8,20,1,13,,44,,1,21,121.5672118,25.0455356
113,9,24,8,51,2,12內湖區,內湖區堤頂大道1段與民權東路6段口,0,0,1,1,B03,8,6,5,70,14,9,1,5,4,5,13,2,1,1,4,5,2,13,1,39,3,10,7,1,7,9,1,8,1,1,,108,,1,21,121.5724319,25.06469325
113,9,24,8,51,2,12內湖區,內湖區堤頂大道1段與民權東路6段口,0,0,1,2,B03,8,6,5,70,14,9,1,5,4,5,13,2,1,1,4,5,2,13,1,46,2,7,7,1,7,14,1,8,1,3,,44,,1,21,121.5724319,25.06469325
113,9,24,8,53,2,09北投區,北投區公館路與西安街2段口,0,0,1,1,C03,7,7,5,50,4,1,1,5,4,5,13,1,1,5,4,5,2,16,1,60,3,10,5,1,7,5,1,10,2,11,,118,,1,22,121.502764,25.12152849
113,9,24,8,53,2,09北投區,北投區公館路與西安街2段口,0,0,1,2,C03,7,7,5,50,4,1,1,5,4,5,13,1,1,5,4,5,2,16,1,65,2,9,5,1,7,9,1,10,2,14,,118,,1,22,121.502764,25.12152849
113,9,24,8,54,2,07信義區,信義區基隆路2段127號,0,0,1,1,H02,7,7,5,50,14,9,1,5,4,5,13,4,4,3,4,5,2,7,2,26,3,10,4,5,7,19,8,20,10,16,,40,,1,21,121.5568514,25.028313
113,9,24,8,54,2,07信義區,信義區基隆路2段127號,0,0,1,2,C03,7,7,5,50,14,9,1,5,4,5,13,4,4,3,4,5,2,7,1,25,2,7,6,4,7,9,1,10,1,14,,44,,1,21,121.5568514,25.028313
113,9,24,8,54,2,07信義區,信義區基隆路2段127號,0,0,1,3,B01,7,7,5,50,14,9,1,5,4,5,13,4,4,3,4,5,2,7,1,61,3,10,3,4,7,14,1,4,1,6,,38,,1,21,121.5568514,25.028313
113,9,24,9,0,2,07信義區,信義區市民大道5段與東興路口,0,0,1,1,B01,8,6,5,50,4,1,1,5,4,5,13,2,1,3,4,5,2,17,1,38,3,10,7,1,7,5,1,4,1,8,,8,,1,22,121.5659485,25.0482442
113,9,24,9,0,2,07信義區,信義區市民大道5段與東興路口,0,0,1,2,C03,8,6,5,50,4,1,1,5,4,5,13,2,1,3,4,5,2,17,2,26,2,8,6,1,7,6,1,10,1,13,,44,,1,22,121.5659485,25.0482442
113,9,24,9,4,2,04大安區,大安區基隆路3段155巷與基隆路3段口,0,0,1,1,B12,8,7,5,50,4,1,1,5,4,5,13,2,1,1,4,4,2,12,1,31,3,10,7,1,7,15,1,8,1,2,,44,,1,21,121.5424622,25.0157873
113,9,24,9,4,2,04大安區,大安區基隆路3段155巷與基隆路3段口,0,0,1,2,C03,8,7,5,50,4,1,1,5,4,5,13,2,1,1,4,4,2,12,1,43,2,9,6,1,7,9,1,10,1,11,,44,,1,21,121.5424622,25.0157873
113,9,24,9,45,2,09北投區,北投區行義路與行義路186巷口,0,0,1,1,C03,7,6,5,40,3,1,1,5,4,5,13,3,1,4,5,5,1,16,1,74,2,9,5,1,7,9,1,10,1,12,,99,,1,21,121.5285264,25.1327942
113,9,24,9,45,2,09北投區,北投區行義路與行義路186巷口,0,0,1,2,B01,7,6,5,40,3,1,1,5,4,5,13,3,1,4,5,5,1,16,1,47,3,10,7,1,7,5,1,4,1,8,,44,,1,21,121.5285264,25.1327942
113,9,24,10,0,2,02萬華區,萬華區環河快速道路往南燈桿0905535,0,0,2,1,B12,8,7,5,70,10,7,1,5,4,5,13,4,4,1,4,1,2,13,1,24,2,9,7,1,7,9,1,8,1,1,,16,,1,22,121.4935909,25.018333
113,9,24,10,0,2,02萬華區,萬華區環河快速道路往南燈桿0905535,0,0,2,2,B03,8,7,5,70,10,7,1,5,4,5,13,4,4,1,4,1,2,13,1,60,2,9,7,1,7,14,1,8,1,3,,42,,1,22,121.4935909,25.018333
113,9,24,10,0,2,05中正區,中正區杭州南路1段117號對面,0,0,1,1,B03,8,6,5,50,14,9,1,5,4,5,13,4,4,10,4,5,2,16,1,54,3,10,7,1,7,5,1,8,2,5,,80,,1,22,121.5247451,25.0368626
113,9,24,10,0,2,05中正區,中正區杭州南路1段117號對面,0,0,1,2,F01,8,6,5,50,14,9,1,5,4,5,13,4,4,10,4,5,2,16,1,49,2,9,4,1,7,9,8,20,2,14,,44,,1,22,121.5247451,25.0368626
113,9,24,10,11,2,04大安區,大安區和平東路2段134號,0,0,1,2,B03,8,6,5,50,14,9,1,5,4,5,13,1,1,1,4,5,2,12,1,40,3,10,7,4,7,9,3,18,1,2,,44,,1,21,121.5446272,25.0247476
113,9,24,10,11,2,04大安區,大安區和平東路2段134號,0,0,1,3,B03,8,6,5,50,14,9,1,5,4,5,13,1,1,1,4,5,2,12,1,42,3,10,7,4,7,15,1,8,9,17,,44,,1,21,121.5446272,25.0247476
113,9,24,10,11,2,04大安區,大安區和平東路2段134號,0,0,1,1,C03,8,6,5,50,14,9,1,5,4,5,13,1,1,1,4,5,2,12,1,44,2,7,5,4,7,7,1,10,1,14,,101,,1,21,121.5446272,25.0247476
113,9,24,10,17,2,12內湖區,內湖區南湖大橋與安康路口,0,0,1,1,B02,8,6,5,50,4,1,1,5,4,5,13,2,1,2,2,5,1,17,1,32,3,10,7,1,7,11,1,8,2,2,,10,,1,21,121.6110019,25.06492757
113,9,24,10,17,2,12內湖區,內湖區南湖大橋與安康路口,0,0,1,2,C03,8,6,5,50,4,1,1,5,4,5,13,2,1,2,2,5,1,17,1,45,2,9,5,1,7,9,1,10,2,11,,44,,1,21,121.6110019,25.06492757
113,9,24,10,25,2,08士林區,士林區中山北路6段405巷與中山北路6段441巷口,0,0,1,1,B03,8,6,5,50,4,2,1,5,4,5,13,1,1,5,5,5,2,13,1,54,4,11,7,1,7,9,1,8,1,1,,42,,1,22,121.5262992,25.1166761
113,9,24,10,25,2,08士林區,士林區中山北路6段405巷與中山北路6段441巷口,0,0,1,2,B03,8,6,5,50,4,2,1,5,4,5,13,1,1,5,5,5,2,13,2,50,2,2,7,1,7,14,1,8,1,3,,44,,1,22,121.5262992,25.1166761
113,9,24,11,20,2,03中山區,中山區林森北路與民權東路1段口,0,0,1,1,B03,8,7,5,50,4,2,1,5,4,1,13,1,1,9,2,5,2,17,2,67,3,10,7,1,7,5,1,8,1,8,,44,,1,21,121.5256167,25.06237908
113,9,24,11,20,2,03中山區,中山區林森北路與民權東路1段口,0,0,1,2,C03,8,7,5,50,4,2,1,5,4,1,13,1,1,9,2,5,2,17,1,29,2,7,6,1,7,5,1,10,1,12,,42,,1,21,121.5256167,25.06237908
113,9,24,12,12,2,03中山區,中山區吉林路199巷2號,0,0,1,1,C03,8,6,5,30,14,9,1,5,4,5,13,4,4,10,5,5,2,12,1,56,3,10,6,4,7,9,1,9,1,12,,17,,1,22,121.5305161,25.0599267
113,9,24,12,12,2,03中山區,中山區吉林路199巷2號,0,0,1,2,F01,8,6,5,30,14,9,1,5,4,5,13,4,4,10,5,5,2,12,2,77,2,1,4,4,7,9,8,20,1,14,,44,,1,21,121.5305161,25.0599267
113,9,24,12,21,2,04大安區,大安區市民大道4段與光復南路口,0,0,1,1,C03,7,6,5,40,4,1,1,5,4,5,13,1,1,1,4,5,2,16,2,66,4,11,3,4,7,21,7,19,11,15,,101,,2,22,121.5575705,25.0449317
113,9,24,12,21,2,04大安區,大安區市民大道4段與光復南路口,0,0,1,2,C03,7,6,5,40,4,1,1,5,4,5,13,1,1,1,4,5,2,16,1,61,2,9,5,1,7,9,1,10,1,12,,42,,1,21,121.5575705,25.0449317
113,9,24,12,21,2,04大安區,大安區市民大道4段與光復南路口,0,0,1,3,B02,7,6,5,40,4,1,1,5,4,5,13,1,1,1,4,5,2,16,1,42,3,10,7,1,7,9,1,8,1,5,,42,,1,21,121.5575705,25.0449317
113,9,24,12,21,2,10文山區,文山區興隆路4段145巷83弄與興隆路4段109巷32弄口,0,0,1,1,B03,7,6,5,30,4,1,1,5,4,3,12,4,4,9,4,4,2,15,1,51,3,10,3,4,7,9,1,8,1,8,,72,,1,22,121.5635822,24.9862941
113,9,24,12,21,2,10文山區,文山區興隆路4段145巷83弄與興隆路4段109巷32弄口,0,0,1,2,C03,7,6,5,30,4,1,1,5,4,3,12,4,4,9,4,4,2,15,2,52,2,8,3,4,7,9,1,10,1,11,,107,,1,21,121.5635822,24.9862941
113,9,24,12,21,2,10文山區,文山區興隆路4段145巷83弄與興隆路4段109巷32弄口,0,0,1,3,B12,7,6,5,30,4,1,1,5,4,3,12,4,4,9,4,4,2,15,1,47,3,10,3,4,7,13,1,8,1,17,,38,,1,21,121.5635822,24.9862941
113,9,24,12,27,2,05中正區,中正區重慶南路1段與愛國西路口,0,0,1,1,C03,8,5,5,50,5,1,1,5,4,5,13,1,1,1,4,1,2,13,1,19,2,9,6,1,7,9,1,10,1,11,,16,,1,21,121.5125741,25.0353379
113,9,24,12,27,2,05中正區,中正區重慶南路1段與愛國西路口,0,0,1,2,C03,8,5,5,50,5,1,1,5,4,5,13,1,1,1,4,1,2,13,1,48,3,10,5,1,7,9,1,10,1,13,,44,,1,21,121.5125741,25.0353379
113,9,24,12,30,2,07信義區,信義區永吉路225巷22號,0,0,1,1,F01,8,7,8,30,22,22,1,5,4,5,13,4,4,10,5,5,2,17,2,77,2,9,4,1,7,5,8,20,1,14,,100,,1,22,121.5742437,25.0467572
113,9,24,12,30,2,07信義區,信義區永吉路225巷22號,0,0,1,2,B03,8,7,8,30,22,22,1,5,4,5,13,4,4,10,5,5,2,17,1,41,3,10,7,1,7,9,1,8,1,2,,13,,1,22,121.5742437,25.0467572
113,9,24,12,43,2,05中正區,中正區汀州路2段與同安街口口,0,0,1,1,C03,8,6,5,50,4,1,1,5,4,5,13,1,1,5,5,5,2,16,1,18,2,7,5,1,7,5,1,10,2,12,,71,,1,16,121.5217138,25.0241459
113,9,24,12,43,2,05中正區,中正區汀州路2段與同安街口口,0,0,1,2,B03,8,6,5,50,4,1,1,5,4,5,13,1,1,5,5,5,2,16,1,45,3,10,3,4,7,9,1,8,2,1,,44,,1,26,121.5217138,25.0241459
113,9,24,13,10,2,03中山區,中山區中山北路1段33巷與中山北路1段口,0,0,1,1,B03,8,6,5,40,3,1,1,5,4,5,13,4,4,1,4,5,2,16,1,48,3,10,3,4,7,6,1,8,1,3,,9,,1,21,121.521506,25.04875834
113,9,24,13,10,2,03中山區,中山區中山北路1段33巷與中山北路1段口,0,0,1,2,C03,8,6,5,40,3,1,1,5,4,5,13,4,4,1,4,5,2,16,2,64,2,3,5,4,7,9,1,10,1,11,,108,,1,21,121.521506,25.04875834
113,9,24,13,33,2,06松山區,松山區民生東路5段203號,0,0,1,1,A02,7,7,5,50,14,9,1,5,4,5,13,4,4,9,4,5,2,9,1,58,3,10,7,1,7,15,1,2,2,17,,42,,1,21,121.5663407,25.05913923
113,9,24,13,33,2,06松山區,松山區民生東路5段203號,0,0,1,2,H02,7,7,5,50,14,9,1,5,4,5,13,4,4,9,4,5,2,9,2,57,2,8,3,5,7,20,8,20,10,16,,67,,1,22,121.5663407,25.05913923
113,9,24,13,40,2,07信義區,信義區基隆路2段33號,0,0,1,1,B03,8,7,5,50,14,9,1,5,4,5,13,1,1,9,4,5,2,13,1,28,3,10,7,1,7,9,1,8,2,1,,108,,1,21,121.5588304,25.0316974
113,9,24,13,40,2,07信義區,信義區基隆路2段33號,0,0,1,2,B03,8,7,5,50,14,9,1,5,4,5,13,1,1,9,4,5,2,13,1,23,2,8,7,1,7,14,1,8,2,3,,44,,1,21,121.5588304,25.0316974
113,9,24,13,45,2,02萬華區,萬華區萬大路486巷與萬大路486巷68弄口,0,0,2,1,C03,8,6,5,30,5,1,1,5,4,5,13,4,4,10,5,5,2,17,2,38,2,9,6,1,7,9,1,10,1,12,,72,,1,21,121.495311,25.0208006
113,9,24,13,45,2,02萬華區,萬華區萬大路486巷與萬大路486巷68弄口,0,0,2,2,C03,8,6,5,30,5,1,1,5,4,5,13,4,4,10,5,5,2,17,1,46,2,9,6,1,7,9,1,10,1,11,12,13,,1,21,121.495311,25.0208006
113,9,24,13,45,2,03中山區,中山區市民大道2段與長安東路1段52巷口,0,0,1,1,C03,8,6,6,40,3,2,1,5,4,5,13,1,1,1,4,5,1,13,1,41,2,9,5,4,7,9,1,10,1,11,,44,,1,22,121.5282119,25.0469129
113,9,24,13,45,2,03中山區,中山區市民大道2段與長安東路1段52巷口,0,0,1,2,B13,8,6,6,40,3,2,1,5,4,5,13,1,1,1,4,5,1,13,1,33,3,10,3,4,7,14,1,4,1,3,,44,,1,22,121.5282119,25.0469129
113,9,24,14,0,2,05中正區,中正區中山南路與貴陽街1段口,0,0,1,1,C03,8,6,5,50,3,2,1,5,4,5,13,1,1,9,5,5,1,12,2,32,2,8,6,1,7,9,1,10,1,14,,16,,1,22,121.5171719,25.03811197
113,9,24,14,0,2,05中正區,中正區中山南路與貴陽街1段口,0,0,1,2,C03,8,6,5,50,3,2,1,5,4,5,13,1,1,9,5,5,1,12,1,53,3,10,6,1,7,14,1,10,1,13,,44,,1,22,121.5171719,25.03811197
113,9,24,14,25,2,01大同區,大同區承德路3段與民族西路口,0,0,2,1,B03,8,5,5,50,4,2,1,5,4,5,13,4,4,9,4,5,2,13,2,55,3,10,7,1,7,7,1,8,2,3,,100,,1,22,121.5184616,25.0679573
113,9,24,14,25,2,01大同區,大同區承德路3段與民族西路口,0,0,2,2,C03,8,5,5,50,4,2,1,5,4,5,13,4,4,9,4,5,2,13,1,22,2,9,6,1,7,15,1,10,2,11,,14,,1,22,121.5184616,25.0679573
113,9,24,14,25,2,01大同區,大同區承德路3段與民族西路口,0,0,2,3,H02,8,5,5,50,4,2,1,5,4,5,13,4,4,9,4,5,2,13,2,19,2,9,6,5,7,21,8,20,10,17,,67,,1,22,121.5184616,25.0679573
113,9,24,15,20,2,12內湖區,內湖區康寧路3段105號前,0,0,1,1,B03,7,6,5,50,14,9,1,5,4,5,13,4,4,1,4,5,2,12,2,64,4,11,3,4,7,1,1,8,2,8,,19,,2,22,121.6109254,25.0707321
113,9,24,15,20,2,12內湖區,內湖區康寧路3段105號前,0,0,1,2,C03,7,6,5,50,14,9,1,5,4,5,13,4,4,1,4,5,2,12,1,27,2,9,5,1,7,9,6,10,2,12,,44,,1,21,121.6109254,25.0707321
113,9,24,15,23,2,05中正區,中正區南昌路1段54巷與南昌路1段54巷5弄口,0,0,2,1,C03,8,6,5,30,4,1,1,5,4,5,13,4,4,10,5,5,2,15,2,71,2,9,5,1,7,9,3,18,2,11,,44,,1,21,121.5164271,25.03110133
113,9,24,15,23,2,05中正區,中正區南昌路1段54巷與南昌路1段54巷5弄口,0,0,2,2,C03,8,6,5,30,4,1,1,5,4,5,13,4,4,10,5,5,2,15,1,24,2,9,5,1,7,9,1,10,2,12,,75,,1,21,121.5164271,25.03110133
113,9,24,15,45,2,03中山區,中山區復興北路514巷63號,0,0,1,1,C03,8,6,5,50,14,9,1,5,4,5,13,4,4,5,5,5,2,17,1,59,2,7,5,1,7,9,3,18,1,11,,116,,1,22,121.541494,25.06599741
113,9,24,15,45,2,03中山區,中山區復興北路514巷63號,0,0,1,2,C03,8,6,5,50,14,9,1,5,4,5,13,4,4,5,5,5,2,17,2,48,3,10,3,4,7,13,7,19,1,11,,44,,1,22,121.541494,25.06599741
113,9,24,15,45,2,03中山區,中山區復興北路514巷63號,0,0,1,3,C03,8,6,5,50,14,9,1,5,4,5,13,4,4,5,5,5,2,17,2,48,3,10,3,4,7,13,7,19,1,13,,44,,1,22,121.541494,25.06599741
113,9,24,15,45,2,03中山區,中山區復興北路514巷63號,0,0,1,4,C03,8,6,5,50,14,9,1,5,4,5,13,4,4,5,5,5,2,17,2,41,3,10,3,4,7,13,1,10,1,13,,44,,1,22,121.541494,25.06599741
113,9,24,15,45,2,03中山區,中山區復興北路514巷63號,0,0,1,5,C03,8,6,5,50,14,9,1,5,4,5,13,4,4,5,5,5,2,17,1,50,3,10,3,1,7,13,1,10,1,13,,44,,1,22,121.541494,25.06599741
113,9,24,15,45,2,03中山區,中山區天津街與中山北路1段83巷口,0,0,1,1,C03,7,7,5,50,4,1,1,5,4,5,13,4,4,9,5,5,2,3,1,27,3,10,6,1,7,9,1,10,9,11,,42,,1,21,121.5230416,25.05021872
113,9,24,15,45,2,03中山區,中山區天津街與中山北路1段83巷口,0,0,1,2,H01,7,7,5,50,4,1,1,5,4,5,13,4,4,9,5,5,2,3,2,74,2,8,4,5,8,16,8,20,10,16,,53,,1,21,121.5230416,25.05021872
113,9,24,15,56,2,08士林區,士林區延平北路6段197號,0,0,3,1,B03,8,6,5,50,14,9,1,5,4,5,13,4,4,5,5,5,2,12,1,47,3,10,7,1,7,15,1,8,1,8,,40,,1,21,121.5060503,25.08955516
113,9,24,15,56,2,08士林區,士林區延平北路6段197號,0,0,3,2,C03,8,6,5,50,14,9,1,5,4,5,13,4,4,5,5,5,2,12,2,40,2,9,6,1,7,9,1,10,1,12,,44,,1,21,121.5060503,25.08955516
113,9,24,15,56,2,08士林區,士林區延平北路6段197號,0,0,3,3,H02,8,6,5,50,14,9,1,5,4,5,13,4,4,5,5,5,2,12,2,9,2,9,6,5,7,17,8,20,10,16,,67,,1,21,121.5060503,25.08955516
113,9,24,15,56,2,08士林區,士林區延平北路6段197號,0,0,3,4,H02,8,6,5,50,14,9,1,5,4,5,13,4,4,5,5,5,2,12,2,6,2,9,6,5,7,17,8,20,10,16,,67,,1,21,121.5060503,25.08955516
113,9,24,16,10,2,08士林區,士林區德行西路與磺溪街口,0,0,2,1,C03,8,6,5,50,3,2,1,5,4,5,13,2,1,5,4,5,2,17,2,74,2,7,5,1,7,11,1,10,1,11,,10,,1,21,121.5229994,25.10545913
113,9,24,16,10,2,08士林區,士林區德行西路與磺溪街口,0,0,2,2,C03,8,6,5,50,3,2,1,5,4,5,13,2,1,5,4,5,2,17,1,52,2,9,5,1,7,9,1,10,1,11,,44,,1,21,121.5229994,25.10545913
113,9,24,16,30,2,05中正區,中正區延平南路18號與中華路1段9巷口,0,0,1,1,C03,8,7,5,30,4,1,1,5,4,3,10,4,4,10,5,5,2,17,2,64,2,7,5,1,7,6,1,10,1,12,,98,,1,21,121.5110098,25.046986
113,9,24,16,30,2,05中正區,中正區延平南路18號與中華路1段9巷口,0,0,1,2,B03,8,7,5,30,4,1,1,5,4,3,10,4,4,10,5,5,2,17,1,37,3,10,7,1,7,9,1,8,1,1,,14,,1,21,121.5110098,25.046986
113,9,24,16,30,2,05中正區,中正區延平南路18號與中華路1段9巷口,0,0,1,3,B11,8,7,5,30,4,1,1,5,4,3,10,4,4,10,5,5,2,17,1,44,3,10,7,4,7,14,1,4,11,17,,119,,1,21,121.5110098,25.046986
113,9,24,16,30,2,09北投區,北投區中央南路2段68號,0,0,2,1,C03,8,7,5,40,14,9,1,5,4,5,13,4,4,5,5,5,2,27,1,59,2,6,5,1,7,9,1,10,1,11,,42,,1,22,121.5001137,25.12287267