發生年度,發生月,發生日,發生時-Hours,發生分,處理別-編號,區序,肇事地點,死亡人數,2-30日死亡人數,受傷人數,當事人序號,車種,天候,道路照明設備,道路類別,速限-速度限制,道路型態,事故位置,路面狀況1,路面狀況2,路面狀況3,道路障礙1,道路障礙2,號誌1,號誌2,車道劃分-分向,車道劃分-分道1,車道劃分-分道2,車道劃分-分道3,事故類型及型態,性別,年齡,受傷程度,主要傷處,保護裝置,行動電話,車輛用途,當事者行動狀態,駕駛資格情形,駕駛執照種類,飲酒情形,車輛撞擊部位1,車輛撞擊部位2,肇因碼-個別,肇因碼-主要,個人肇逃否,職業,座標-X,座標-Y
113,9,24,16,30,2,09北投區,北投區中央南路2段68號,0,0,2,2,,8,7,5,40,14,9,1,5,4,5,13,4,4,5,5,5,2,27,3,0,,,,,,,,,,,,66,,1,,121.5001137,25.12287267
113,9,24,16,30,2,09北投區,北投區中央南路2段68號,0,0,2,3,H02,8,7,5,40,14,9,1,5,4,5,13,4,4,5,5,5,2,27,2,60,2,9,5,5,7,20,8,20,10,16,,67,,1,22,121.5001137,25.12287267
113,9,24,16,40,2,05中正區,中正區鄭州路與重慶北路1段口,0,0,1,1,B03,7,6,5,40,4,1,1,5,4,5,13,1,1,10,5,5,2,16,1,54,3,10,2,1,7,6,1,8,2,6,,9,,1,22,121.5132183,25.0493422
113,9,24,16,40,2,05中正區,中正區鄭州路與重慶北路1段口,0,0,1,2,C03,7,6,5,40,4,1,1,5,4,5,13,1,1,10,5,5,2,16,1,31,2,7,5,1,7,9,1,10,2,14,,14,,1,22,121.5132183,25.0493422
113,9,24,17,3,2,03中山區,中山區中山北路2段59巷與中山北路2段口,0,0,1,1,C03,8,7,5,30,3,2,1,5,4,5,13,4,4,9,4,5,2,17,1,72,2,9,5,1,7,6,1,10,1,12,,44,,1,21,121.5227102,25.05607091
113,9,24,17,3,2,03中山區,中山區中山北路2段59巷與中山北路2段口,0,0,1,2,G06,8,7,5,30,3,2,1,5,4,5,13,4,4,9,4,5,2,17,1,35,3,10,4,1,7,9,8,20,1,11,,44,,1,21,121.5227102,25.05607091
113,9,24,17,10,2,12內湖區,內湖區內湖路1段91巷102弄10號,0,0,1,1,B03,7,5,5,30,14,9,1,5,4,5,13,4,4,10,5,5,2,17,1,53,3,10,7,1,7,13,1,8,1,4,,40,,1,21,121.5632796,25.08743989
113,9,24,17,10,2,12內湖區,內湖區內湖路1段91巷102弄10號,0,0,1,2,C03,7,5,5,30,14,9,1,5,4,5,13,4,4,10,5,5,2,17,2,53,2,9,5,1,7,9,1,10,1,12,,44,,1,21,121.5632796,25.08743989
113,9,24,17,11,2,07信義區,信義區吳興街220巷與吳興街220巷37弄口,0,0,1,1,B01,8,5,5,50,14,9,1,5,4,5,13,1,1,9,5,5,2,3,2,53,3,10,7,1,7,5,1,4,9,15,,70,,1,22,121.5623225,25.0269748
113,9,24,17,11,2,07信義區,信義區吳興街220巷與吳興街220巷37弄口,0,0,1,2,H01,8,5,5,50,14,9,1,5,4,5,13,1,1,9,5,5,2,3,2,45,2,9,4,5,8,16,8,20,10,16,,67,,1,22,121.5623225,25.0269748
113,9,24,17,12,2,09北投區,北投區中央北路2段12號,0,0,3,1,C03,8,6,5,50,14,9,1,5,4,5,13,1,1,9,2,5,2,17,1,24,2,8,5,1,7,11,1,10,1,12,,10,,1,21,121.4961284,25.136488
113,9,24,17,12,2,09北投區,北投區中央北路2段12號,0,0,3,2,C03,8,6,5,50,14,9,1,5,4,5,13,1,1,9,2,5,2,17,1,44,2,8,5,1,7,9,1,10,1,11,,32,,1,21,121.4961284,25.136488
113,9,24,17,12,2,09北投區,北投區中央北路2段12號,0,0,3,3,H02,8,6,5,50,14,9,1,5,4,5,13,1,1,9,2,5,2,17,2,8,2,8,5,5,7,20,8,20,10,16,,67,,1,14,121.4961284,25.136488
113,9,24,17,45,2,04大安區,大安區新生南路3段與辛亥路2段口,0,0,1,1,B03,8,6,5,50,4,2,1,5,4,5,13,2,1,1,4,5,2,16,2,65,3,10,7,1,7,6,1,8,1,5,,71,,1,21,121.5346299,25.02224
113,9,24,17,45,2,04大安區,大安區新生南路3段與辛亥路2段口,0,0,1,2,F01,8,6,5,50,4,2,1,5,4,5,13,2,1,1,4,5,2,16,2,18,2,9,4,1,7,9,8,20,1,14,,44,,1,25,121.5346299,25.02224
113,9,24,17,47,2,09北投區,北投區實踐街67號,0,0,1,1,B03,8,6,5,50,14,9,1,5,4,5,13,4,4,9,2,5,2,2,1,46,3,10,7,1,7,9,1,8,9,2,,107,,2,21,121.5096188,25.1152285
113,9,24,17,47,2,09北投區,北投區實踐街67號,0,0,1,2,H01,8,6,5,50,14,9,1,5,4,5,13,4,4,9,2,5,2,2,2,66,2,7,4,5,8,16,8,20,10,16,,67,,1,21,121.5096188,25.1152285
113,9,24,18,24,2,05中正區,中正區延平南路164號,0,0,1,1,B03,8,5,5,50,14,9,1,5,4,5,13,4,4,9,5,5,1,17,1,32,3,10,7,1,7,1,1,8,2,1,,19,,1,22,121.50823,25.0374594
113,9,24,18,24,2,05中正區,中正區延平南路164號,0,0,1,2,C03,8,5,5,50,14,9,1,5,4,5,13,4,4,9,5,5,1,17,2,45,2,9,6,1,7,1,1,10,2,12,,44,,1,21,121.50823,25.0374594
113,9,24,18,24,2,08士林區,士林區中正路276號,0,0,4,1,C03,8,5,5,50,14,9,1,5,4,5,13,1,1,1,4,5,2,12,2,32,2,9,6,1,7,7,1,11,2,14,,100,,1,21,121.5239571,25.0949514
113,9,24,18,24,2,08士林區,士林區中正路276號,0,0,4,2,C03,8,5,5,50,14,9,1,5,4,5,13,1,1,1,4,5,2,12,1,21,2,9,6,1,7,9,1,10,2,12,,44,,1,21,121.5239571,25.0949514
113,9,24,18,24,2,08士林區,士林區中正路276號,0,0,4,3,C03,8,5,5,50,14,9,1,5,4,5,13,1,1,1,4,5,2,12,2,43,2,9,6,1,7,9,1,10,2,11,,108,,1,21,121.5239571,25.0949514
113,9,24,18,24,2,08士林區,士林區中正路276號,0,0,4,4,C03,8,5,5,50,14,9,1,5,4,5,13,1,1,1,4,5,2,12,1,33,2,9,6,1,7,9,1,10,2,11,,108,,1,21,121.5239571,25.0949514
113,9,24,20,0,2,10文山區,文山區一壽街一壽橋,0,0,2,1,F01,7,5,8,0,22,22,1,5,4,5,13,4,4,10,5,5,2,2,1,51,2,8,4,1,7,9,8,20,1,11,,107,,1,21,121.555981,24.97685985
113,9,24,20,0,2,10文山區,文山區一壽街一壽橋,0,0,2,2,H01,7,5,8,0,22,22,1,5,4,5,13,4,4,10,5,5,2,2,2,76,2,9,4,5,8,16,8,20,10,16,,67,,1,21,121.555981,24.97685985
113,9,24,20,17,2,03中山區,中山區市民大道2段與長安東路1段52巷口,0,0,2,1,C03,8,5,5,40,3,2,1,5,4,5,13,1,1,1,4,5,2,13,2,47,2,9,6,1,7,9,1,10,1,11,,108,,1,21,121.5278209,25.0470594
113,9,24,20,17,2,03中山區,中山區市民大道2段與長安東路1段52巷口,0,0,2,2,C03,8,5,5,40,3,2,1,5,4,5,13,1,1,1,4,5,2,13,1,24,2,9,6,1,7,14,1,10,1,13,,44,,1,21,121.5278209,25.0470594
113,9,24,20,30,2,12內湖區,內湖區康寧路3段75巷50號,0,0,3,1,B03,7,5,5,50,14,9,1,5,4,5,13,4,4,5,5,5,2,16,2,47,2,2,7,1,7,5,1,8,1,1,,8,,1,21,121.6091859,25.0739922
113,9,24,20,30,2,12內湖區,內湖區康寧路3段75巷50號,0,0,3,2,C03,7,5,5,50,14,9,1,5,4,5,13,4,4,5,5,5,2,16,2,49,2,9,5,1,7,9,1,10,1,14,,44,,1,21,121.6091859,25.0739922
113,9,24,20,30,2,12內湖區,內湖區康寧路3段75巷50號,0,0,3,3,H02,7,5,5,50,14,9,1,5,4,5,13,4,4,5,5,5,2,16,2,19,2,9,5,5,7,20,8,20,10,16,,67,,1,21,121.6091859,25.0739922
113,9,24,21,7,2,02萬華區,萬華區桂林路20號,0,0,1,1,B03,8,6,5,50,14,9,1,5,4,5,13,4,4,5,4,5,2,17,1,49,3,10,7,1,7,6,1,8,1,5,,9,,1,21,121.5056081,25.0375621
113,9,24,21,7,2,02萬華區,萬華區桂林路20號,0,0,1,2,C03,8,6,5,50,14,9,1,5,4,5,13,4,4,5,4,5,2,17,1,24,2,9,6,1,7,9,1,10,1,14,,44,,1,21,121.5056081,25.0375621
113,9,24,21,8,2,03中山區,中山區中山北路1段與中山北路1段126巷口,0,0,1,1,C03,8,5,5,50,3,1,1,5,4,5,13,4,4,1,4,5,2,13,2,40,2,8,6,4,7,15,1,10,2,11,,108,,1,21,121.5220899,25.05104712
113,9,24,21,8,2,03中山區,中山區中山北路1段與中山北路1段126巷口,0,0,1,2,C03,8,5,5,50,3,1,1,5,4,5,13,4,4,1,4,5,2,13,1,46,3,10,6,4,7,9,1,9,2,13,,44,,1,21,121.5220899,25.05104712
113,9,24,21,55,2,07信義區,信義區永吉路30巷157弄與永吉路30巷口,0,0,2,1,C03,7,5,5,30,4,1,1,5,4,5,13,4,4,10,5,5,2,15,2,52,2,9,5,1,7,9,1,10,1,11,,72,,1,21,121.5687516,25.0423483
113,9,24,21,55,2,07信義區,信義區永吉路30巷157弄與永吉路30巷口,0,0,2,2,C03,7,5,5,30,4,1,1,5,4,5,13,4,4,10,5,5,2,15,1,21,2,9,5,1,7,9,1,10,1,12,,13,,1,21,121.5687516,25.0423483
113,9,24,23,7,2,07信義區,信義區吳興街365巷與吳興街口,0,0,1,1,C03,6,5,5,30,4,1,1,4,4,5,13,4,4,9,5,5,2,15,2,41,3,10,6,1,7,9,1,10,2,17,,72,,1,21,121.5667053,25.0254635
113,9,24,23,7,2,07信義區,信義區吳興街365巷與吳興街口,0,0,1,2,C03,6,5,5,30,4,1,1,4,4,5,13,4,4,9,5,5,2,15,1,36,2,8,6,1,7,9,1,10,2,14,,13,,1,21,121.5667053,25.0254635
113,9,24,23,10,2,01大同區,大同區延平北路3段與延平北路3段17巷口,0,0,2,1,C03,6,5,5,50,3,1,1,4,4,5,13,4,4,5,4,5,2,17,1,40,2,8,6,1,7,5,1,10,1,14,,74,,1,21,121.5111458,25.0638011
113,9,24,23,10,2,01大同區,大同區延平北路3段與延平北路3段17巷口,0,0,2,2,C03,6,5,5,50,3,1,1,4,4,5,13,4,4,5,4,5,2,17,2,21,2,8,6,1,7,9,1,10,1,12,,44,,1,21,121.5111458,25.0638011
113,9,25,0,2,2,03中山區,中山區龍江路與長安東路2段口,0,0,1,1,C03,6,5,5,50,4,1,1,4,4,5,13,2,1,5,3,5,2,18,1,64,2,9,5,4,7,9,6,10,7,17,,21,,1,21,121.5403901,25.04849958
113,9,25,0,2,2,03中山區,中山區龍江路與長安東路2段口,0,0,1,2,,6,5,5,50,4,1,1,4,4,5,13,2,1,5,3,5,2,18,3,0,,,,,,,,,,,,67,,1,,121.5403901,25.04849958
113,9,25,0,30,2,05中正區,中正區中山北路1段與忠孝東路1段口,0,0,1,1,B01,6,5,5,50,4,1,1,4,4,5,13,1,1,1,4,1,1,16,1,66,3,10,7,1,7,5,1,4,2,1,,85,,2,21,121.5197072,25.0458007
113,9,25,0,30,2,05中正區,中正區中山北路1段與忠孝東路1段口,0,0,1,2,C03,6,5,5,50,4,1,1,4,4,5,13,1,1,1,4,1,1,16,1,59,3,10,6,1,7,9,1,10,2,14,,44,,1,22,121.5197072,25.0458007
113,9,25,0,30,2,05中正區,中正區中山北路1段與忠孝東路1段口,0,0,1,3,H02,6,5,5,50,4,1,1,4,4,5,13,1,1,1,4,1,1,16,2,52,2,8,6,5,7,20,8,20,10,16,,60,,1,22,121.5197072,25.0458007
113,9,25,1,11,2,03中山區,中山區長安東路1段與長安東路1段56巷口,0,0,2,1,C03,6,5,5,50,4,1,1,4,4,5,13,4,4,5,4,5,2,16,1,29,2,7,6,1,7,5,1,10,1,13,,8,,1,21,121.5290936,25.04811158
113,9,25,1,11,2,03中山區,中山區長安東路1段與長安東路1段56巷口,0,0,2,2,C03,6,5,5,50,4,1,1,4,4,5,13,4,4,5,4,5,2,16,2,21,2,1,6,1,7,9,1,10,1,11,,13,,1,21,121.5290936,25.04811158
113,9,25,3,0,2,10文山區,文山區指南路1段55號,0,0,1,1,C03,7,5,5,50,14,9,1,4,4,5,13,1,1,5,5,5,2,18,1,36,2,9,5,1,7,9,1,10,9,12,,116,,1,21,121.5708554,24.9877341
113,9,25,3,0,2,10文山區,文山區指南路1段55號,0,0,1,2,,7,5,5,50,14,9,1,4,4,5,13,1,1,5,5,5,2,18,3,0,,,,,,,,,10,,,,,,,121.5708554,24.9877341
113,9,25,7,15,2,07信義區,信義區永吉路326巷與永吉路口,0,0,1,1,B03,8,6,5,50,4,2,1,5,4,5,13,1,1,1,4,4,2,16,1,40,3,10,7,1,7,5,1,8,1,6,,8,,1,21,121.5754464,25.0454206
113,9,25,7,15,2,07信義區,信義區永吉路326巷與永吉路口,0,0,1,2,C03,8,6,5,50,4,2,1,5,4,5,13,1,1,1,4,4,2,16,1,48,2,8,6,1,7,9,1,10,1,11,,13,,1,21,121.5754464,25.0454206
113,9,25,7,16,2,02萬華區,萬華區青年路28號,0,0,1,1,H01,8,7,5,30,14,9,1,5,4,5,13,1,1,9,5,5,2,3,1,87,2,9,4,5,8,16,8,20,10,16,,121,,1,22,121.5050915,25.0256146
113,9,25,7,16,2,02萬華區,萬華區青年路28號,0,0,1,2,B03,8,7,5,30,14,9,1,5,4,5,13,1,1,9,5,5,2,3,1,49,3,10,7,1,7,9,1,8,1,1,,44,,1,22,121.5050915,25.0256146
113,9,25,7,32,2,02萬華區,萬華區桂林路與梧州街口,0,0,1,1,B03,8,5,5,50,3,2,1,5,4,5,13,4,4,10,5,5,2,17,1,29,3,10,3,4,7,5,3,18,1,5,,74,,1,21,121.4977117,25.03849905
113,9,25,7,32,2,02萬華區,萬華區桂林路與梧州街口,0,0,1,2,C03,8,5,5,50,3,2,1,5,4,5,13,4,4,10,5,5,2,17,2,21,2,9,3,4,7,9,1,10,1,11,,44,,1,21,121.4977117,25.03849905
113,9,25,7,35,2,08士林區,士林區重陽橋機慢車道西向東下橋處,0,0,1,1,C03,8,6,5,25,8,11,1,5,4,5,13,4,4,1,4,1,1,13,1,18,3,10,3,4,7,9,1,10,1,11,,16,,1,21,121.507512,25.086089
113,9,25,7,35,2,08士林區,士林區重陽橋機慢車道西向東下橋處,0,0,1,2,C03,8,6,5,25,8,11,1,5,4,5,13,4,4,1,4,1,1,13,1,62,2,9,3,4,7,9,1,10,1,13,,44,,1,21,121.507512,25.086089
113,9,25,7,39,2,03中山區,中山區北安路301號對面,0,0,2,1,C03,8,6,5,50,14,9,1,5,4,5,13,4,4,1,5,5,1,12,1,43,2,7,3,4,7,8,1,10,1,12,,80,,1,21,121.5368214,25.07776837
113,9,25,7,39,2,03中山區,中山區北安路301號對面,0,0,2,2,C03,8,6,5,50,14,9,1,5,4,5,13,4,4,1,5,5,1,12,2,32,2,9,3,4,7,9,1,10,1,14,,44,,1,21,121.5368214,25.07776837
113,9,25,7,48,2,09北投區,北投區承德路7段384號前,0,0,2,1,B03,8,6,5,60,14,9,1,5,4,5,13,4,4,1,4,5,2,17,2,46,3,10,7,1,7,6,1,8,2,2,,9,,1,21,121.5023334,25.1189674
113,9,25,7,48,2,09北投區,北投區承德路7段384號前,0,0,2,2,C03,8,6,5,60,14,9,1,5,4,5,13,4,4,1,4,5,2,17,2,21,2,9,5,1,7,9,1,10,2,14,,44,,1,21,121.5023334,25.1189674
113,9,25,7,48,2,09北投區,北投區承德路7段384號前,0,0,2,3,H02,8,6,5,60,14,9,1,5,4,5,13,4,4,1,4,5,2,17,2,33,2,9,5,5,7,20,8,20,10,16,,67,,1,21,121.5023334,25.1189674
113,9,25,7,52,2,10文山區,文山區羅斯福路5段與興隆路1段口,0,0,1,1,C03,8,6,5,50,4,1,1,5,4,5,13,2,1,1,4,5,2,12,1,26,3,10,6,1,7,9,1,10,9,14,,44,,1,21,121.5389257,25.0045091
113,9,25,7,52,2,10文山區,文山區羅斯福路5段與興隆路1段口,0,0,1,2,C03,8,6,5,50,4,1,1,5,4,5,13,2,1,1,4,5,2,12,1,21,2,9,6,1,7,9,1,10,1,12,,101,,1,21,121.5389257,25.0045091
113,9,25,8,6,2,05中正區,中正區信義路2段與信義路2段17巷口,0,0,1,1,B03,8,5,6,30,3,1,1,5,4,5,13,4,4,1,4,5,2,17,1,72,3,10,7,1,7,5,1,8,2,1,,107,,1,21,121.5287909,25.0340226
113,9,25,8,6,2,05中正區,中正區信義路2段與信義路2段17巷口,0,0,1,2,F01,8,5,6,30,3,1,1,5,4,5,13,4,4,1,4,5,2,17,1,63,2,9,4,1,7,9,8,20,2,12,,44,,1,21,121.5287909,25.0340226
113,9,25,8,29,2,10文山區,文山區景興路與景興路46巷口,0,0,3,1,F01,7,6,5,50,14,9,1,5,4,5,13,3,1,1,4,5,1,16,2,20,2,9,4,1,7,5,8,20,2,14,,8,,1,25,121.5447359,24.9961773
113,9,25,8,29,2,10文山區,文山區景興路與景興路46巷口,0,0,3,2,C03,7,6,5,50,14,9,1,5,4,5,13,3,1,1,4,5,1,16,2,31,2,9,6,1,7,9,1,10,2,11,,44,,1,21,121.5447359,24.9961773
113,9,25,8,29,2,10文山區,文山區景興路與景興路46巷口,0,0,3,3,H02,7,6,5,50,14,9,1,5,4,5,13,3,1,1,4,5,1,16,2,28,2,9,6,5,7,21,8,20,10,16,,67,,1,21,121.5447359,24.9961773
113,9,25,9,55,2,02萬華區,萬華區桂林路與西昌街口,0,0,1,1,C03,7,7,5,40,4,2,1,5,4,5,13,1,1,9,4,5,2,13,1,32,2,7,5,1,7,9,1,10,1,11,,108,,1,21,121.5005602,25.038413
113,9,25,9,55,2,02萬華區,萬華區桂林路與西昌街口,0,0,1,2,B13,7,7,5,40,4,2,1,5,4,5,13,1,1,9,4,5,2,13,1,31,3,10,7,1,7,12,1,8,1,3,,44,,1,21,121.5005602,25.038413
113,9,25,10,14,2,08士林區,士林區芝玉路1段5號,0,0,1,1,C03,8,6,5,30,14,9,1,5,4,5,13,4,4,10,5,5,2,10,1,19,2,8,6,1,7,9,1,10,9,11,,107,,1,21,121.5372977,25.10151722
113,9,25,10,14,2,08士林區,士林區芝玉路1段5號,0,0,1,2,B03,8,6,5,30,14,9,1,5,4,5,13,4,4,10,5,5,2,10,1,58,3,10,7,1,7,12,1,8,9,1,,44,,1,21,121.5372977,25.10151722
113,9,25,10,28,2,06松山區,松山區民權東路5段與撫遠街口,0,0,1,1,B01,7,6,5,50,4,1,1,5,4,5,13,2,1,1,3,5,2,16,1,68,3,10,7,1,7,6,1,4,1,2,,71,,1,21,121.5661159,25.0631546
113,9,25,10,28,2,06松山區,松山區民權東路5段與撫遠街口,0,0,1,2,F01,7,6,5,50,4,1,1,5,4,5,13,2,1,1,3,5,2,16,2,76,2,9,4,1,7,9,8,20,1,11,,44,,1,22,121.5661159,25.0631546
113,9,25,10,31,2,03中山區,中山區民權東路2段63號,0,0,1,1,C03,7,6,5,50,14,9,1,5,4,5,13,2,1,8,3,5,1,17,1,18,2,9,5,1,7,9,1,10,1,11,,108,,1,25,121.5320721,25.0626165
113,9,25,10,31,2,03中山區,中山區民權東路2段63號,0,0,1,2,B03,7,6,5,50,14,9,1,5,4,5,13,2,1,8,3,5,1,17,1,33,3,10,7,1,7,9,1,8,1,6,,44,,1,21,121.5320721,25.0626165
113,9,25,10,40,2,05中正區,中正區市民大道2段往東華山公園旁,0,0,1,1,C03,7,6,5,40,14,9,1,5,4,5,13,4,4,1,4,5,2,13,1,42,2,9,6,1,7,8,1,10,2,11,,16,,1,22,121.5298659,25.046169
113,9,25,10,40,2,05中正區,中正區市民大道2段往東華山公園旁,0,0,1,2,B03,7,6,5,40,14,9,1,5,4,5,13,4,4,1,4,5,2,13,1,30,3,10,7,1,7,14,1,8,2,6,,44,,1,23,121.5298659,25.046169
113,9,25,10,40,2,05中正區,中正區市民大道2段往東華山公園旁,0,0,1,3,C03,7,6,5,40,14,9,1,5,4,5,13,4,4,1,4,5,2,13,1,29,3,10,6,1,7,9,1,10,2,11,,44,,1,22,121.5298659,25.046169
113,9,25,10,52,2,04大安區,大安區建國南路1段與新生南路1段157巷口,0,0,1,1,B01,7,6,5,50,14,9,1,5,4,5,13,4,4,1,4,5,2,12,1,61,3,10,7,4,7,7,1,4,1,2,,100,,1,21,121.5375945,25.0346608
113,9,25,10,52,2,04大安區,大安區建國南路1段與新生南路1段157巷口,0,0,1,2,B03,7,6,5,50,14,9,1,5,4,5,13,4,4,1,4,5,2,12,1,55,3,10,7,4,7,9,1,8,1,8,,44,,1,21,121.5375945,25.0346608
113,9,25,10,52,2,04大安區,大安區建國南路1段與新生南路1段157巷口,0,0,1,3,H02,7,6,5,50,14,9,1,5,4,5,13,4,4,1,4,5,2,12,2,72,2,3,7,5,7,20,8,20,10,16,,67,,1,21,121.5375945,25.0346608
113,9,25,10,55,2,04大安區,大安區辛亥路1段與溫州街46巷口,0,0,1,1,B12,8,6,5,50,3,1,1,5,4,5,13,4,4,1,4,4,2,16,1,63,3,10,3,4,7,6,1,8,1,2,,9,,1,21,121.5323532,25.0219216
113,9,25,10,55,2,04大安區,大安區辛亥路1段與溫州街46巷口,0,0,1,2,C03,8,6,5,50,3,1,1,5,4,5,13,4,4,1,4,4,2,16,2,37,2,9,6,1,7,9,1,10,1,11,,44,,1,21,121.5323532,25.0219216
113,9,25,11,38,2,03中山區,中山區長春路306號,0,0,1,1,B03,8,6,5,50,14,9,1,5,4,5,13,4,4,9,4,5,2,17,1,33,3,10,3,4,7,11,1,8,1,4,,10,,1,22,121.5398298,25.05467851
113,9,25,11,38,2,03中山區,中山區長春路306號,0,0,1,2,C03,8,6,5,50,14,9,1,5,4,5,13,4,4,9,4,5,2,17,1,46,2,9,6,4,7,9,1,10,1,14,,44,,1,22,121.5398298,25.05467851
113,9,25,11,45,2,05中正區,中正區中華路1段與貴陽街1段口,0,0,2,2,C03,7,6,5,50,4,1,1,5,4,5,13,1,1,10,5,5,2,12,2,26,2,9,5,1,7,9,1,10,2,14,,44,,1,22,121.5075977,25.0390284
113,9,25,11,45,2,05中正區,中正區中華路1段與貴陽街1段口,0,0,2,1,C03,7,6,5,50,4,1,1,5,4,5,13,1,1,10,5,5,2,12,2,62,2,9,5,1,7,15,1,10,2,12,,101,,1,22,121.5075977,25.0390284
113,9,25,12,7,2,12內湖區,內湖區內湖路1段與內湖路1段47巷口,0,0,1,1,A02,7,6,5,50,3,2,1,5,4,1,13,4,4,1,4,4,2,12,1,42,3,10,7,1,7,9,1,6,9,2,,44,,1,26,121.5592297,25.0850712
113,9,25,12,7,2,12內湖區,內湖區內湖路1段與內湖路1段47巷口,0,0,1,2,C03,7,6,5,50,3,2,1,5,4,1,13,4,4,1,4,4,2,12,2,48,2,9,5,1,7,7,1,10,1,14,,101,,1,21,121.5592297,25.0850712
113,9,25,12,56,2,04大安區,大安區和平東路3段228巷8號,0,0,1,1,C03,8,6,5,50,14,9,1,5,4,5,13,4,4,8,3,5,2,13,2,30,3,10,3,4,7,9,1,10,1,13,,44,,1,21,121.5543577,25.0220795
113,9,25,12,56,2,04大安區,大安區和平東路3段228巷8號,0,0,1,2,C03,8,6,5,50,14,9,1,5,4,5,13,4,4,8,3,5,2,13,2,73,2,9,3,4,7,9,1,10,1,11,,16,,1,21,121.5543577,25.0220795
113,9,25,13,13,2,08士林區,士林區文昌路154巷與文昌路口,0,0,1,1,C03,7,7,5,50,4,1,1,5,4,5,13,4,4,5,5,5,1,17,2,39,2,9,6,1,7,9,1,10,1,12,,72,,1,21,121.5204225,25.0977339
113,9,25,13,13,2,08士林區,士林區文昌路154巷與文昌路口,0,0,1,2,B01,7,7,5,50,4,1,1,5,4,5,13,4,4,5,5,5,1,17,1,64,3,10,7,1,7,9,1,4,1,1,,13,,1,21,121.5204225,25.0977339
113,9,25,13,20,2,08士林區,士林區延平北路6段與倫等街口,0,0,1,1,B12,8,6,5,50,3,2,1,5,4,5,13,2,1,1,3,5,2,13,1,34,3,10,7,1,7,7,1,7,1,1,,16,,1,26,121.5004549,25.0912497
113,9,25,13,20,2,08士林區,士林區延平北路6段與倫等街口,0,0,1,2,B03,8,6,5,50,3,2,1,5,4,5,13,2,1,1,3,5,2,13,1,52,2,7,7,1,7,9,1,8,1,3,,44,,1,26,121.5004549,25.0912497
113,9,25,13,20,2,12內湖區,內湖區民權東路6段423巷與民權東路6段423巷9弄口口,0,0,1,1,B03,7,6,5,30,4,1,1,5,4,5,13,4,4,10,5,5,2,16,1,40,3,10,7,1,7,9,1,10,1,6,,72,,1,21,121.6037323,25.0714082
113,9,25,13,20,2,12內湖區,內湖區民權東路6段423巷與民權東路6段423巷9弄口口,0,0,1,2,C03,7,6,5,30,4,1,1,5,4,5,13,4,4,10,5,5,2,16,1,29,2,9,5,1,7,9,1,10,1,11,,44,,1,21,121.6037323,25.0714082
113,9,25,13,35,2,09北投區,北投區北投路2段與大業路516巷口,0,0,1,1,B03,8,5,5,50,3,1,1,5,4,5,13,2,1,5,4,4,2,16,1,69,3,10,7,1,7,6,1,8,2,2,,9,,1,21,121.4975123,25.1326281
113,9,25,13,35,2,09北投區,北投區北投路2段與大業路516巷口,0,0,1,2,C03,8,5,5,50,3,1,1,5,4,5,13,2,1,5,4,4,2,16,2,30,2,9,5,1,7,9,1,10,2,14,,44,,1,21,121.4975123,25.1326281
113,9,25,14,2,2,09北投區,北投區知行路235巷與知行路225巷口,0,0,1,1,C03,8,7,5,30,4,1,1,5,4,5,13,4,4,10,5,5,2,16,2,19,2,9,5,1,7,9,1,10,1,14,,80,,1,22,121.4665052,25.12010539
113,9,25,14,2,2,09北投區,北投區知行路235巷與知行路225巷口,0,0,1,2,B03,8,7,5,30,4,1,1,5,4,5,13,4,4,10,5,5,2,16,2,44,3,10,7,1,7,9,1,8,1,1,,14,,1,22,121.4665052,25.12010539
113,9,25,14,30,2,08士林區,士林區延平北路5段285巷與延平北路5段口,0,0,2,1,C03,8,5,5,50,4,2,1,5,4,5,13,1,1,3,4,5,2,16,1,71,2,9,5,1,7,5,1,10,2,12,,71,,1,21,121.5095493,25.08571582
113,9,25,14,30,2,08士林區,士林區延平北路5段285巷與延平北路5段口,0,0,2,2,C03,8,5,5,50,4,2,1,5,4,5,13,1,1,3,4,5,2,16,1,33,2,9,5,1,7,9,1,10,2,11,,14,,1,21,121.5095493,25.08571582
113,9,25,15,28,2,08士林區,士林區中正路與志成街口,0,0,1,1,B03,8,5,5,50,3,1,1,5,4,5,13,3,1,1,4,4,2,16,1,68,3,10,7,1,7,5,1,8,2,2,,71,,1,21,121.5302713,25.0962249
113,9,25,15,28,2,08士林區,士林區中正路與志成街口,0,0,1,2,C03,8,5,5,50,3,1,1,5,4,5,13,3,1,1,4,4,2,16,1,18,2,9,6,1,7,9,1,10,2,11,,14,,1,21,121.5302713,25.0962249
113,9,25,15,31,2,10文山區,文山區溪洲街107巷與無名巷,0,0,1,1,C03,8,6,5,30,4,1,1,5,4,5,13,4,4,10,5,5,2,18,2,57,2,9,6,1,7,9,1,10,2,14,,75,,1,21,121.5362078,25.0034217
113,9,25,15,31,2,10文山區,文山區溪洲街107巷與無名巷,0,0,1,2,B12,8,6,5,30,4,1,1,5,4,5,13,4,4,10,5,5,2,18,1,32,3,10,7,1,7,12,1,8,2,17,,44,,1,26,121.5362078,25.0034217
113,9,25,15,37,2,01大同區,大同區赤峰街12巷1號與赤峰街41巷口,0,0,2,1,C03,8,6,5,30,4,1,1,5,4,5,13,4,4,10,5,5,2,15,2,45,2,7,6,4,7,9,1,10,2,11,,72,,1,21,121.5196207,25.0548956