發生年度,發生月,發生日,發生時-Hours,發生分,處理別-編號,區序,肇事地點,死亡人數,2-30日死亡人數,受傷人數,當事人序號,車種,天候,道路照明設備,道路類別,速限-速度限制,道路型態,事故位置,路面狀況1,路面狀況2,路面狀況3,道路障礙1,道路障礙2,號誌1,號誌2,車道劃分-分向,車道劃分-分道1,車道劃分-分道2,車道劃分-分道3,事故類型及型態,性別,年齡,受傷程度,主要傷處,保護裝置,行動電話,車輛用途,當事者行動狀態,駕駛資格情形,駕駛執照種類,飲酒情形,車輛撞擊部位1,車輛撞擊部位2,肇因碼-個別,肇因碼-主要,個人肇逃否,職業,座標-X,座標-Y
113,9,25,15,37,2,01大同區,大同區赤峰街12巷1號與赤峰街41巷口,0,0,2,2,C03,8,6,5,30,4,1,1,5,4,5,13,4,4,10,5,5,2,15,1,74,2,9,6,4,7,9,1,10,1,11,,107,,1,21,121.5196207,25.0548956
113,9,25,16,20,2,03中山區,中山區敬業三路與樂群二路口,0,0,2,1,C03,8,7,5,50,14,7,1,5,4,5,13,4,4,1,4,4,2,13,2,22,2,9,6,4,7,9,1,10,1,11,,108,,1,21,121.556364,25.08051078
113,9,25,16,20,2,03中山區,中山區敬業三路與樂群二路口,0,0,2,2,C03,8,7,5,50,14,7,1,5,4,5,13,4,4,1,4,4,2,13,1,42,2,9,6,4,7,9,1,10,1,13,,44,,1,21,121.556364,25.08051078
113,9,25,16,20,2,03中山區,中山區敬業三路與樂群二路口,0,0,2,3,C03,8,7,5,50,14,7,1,5,4,5,13,4,4,1,4,4,2,13,1,62,3,10,5,4,7,9,1,10,9,11,,44,,1,21,121.556364,25.08051078
113,9,25,16,54,2,07信義區,信義區松高路與逸仙路口,0,0,1,1,B03,8,5,5,50,3,1,2,5,4,5,13,1,1,9,4,5,2,12,1,75,3,10,7,1,7,9,1,8,2,5,,118,,1,21,121.561544,25.0390534
113,9,25,16,54,2,07信義區,信義區松高路與逸仙路口,0,0,1,2,C03,8,5,5,50,3,1,2,5,4,5,13,1,1,9,4,5,2,12,1,77,2,9,5,1,7,9,1,10,2,14,,118,,1,21,121.561544,25.0390534
113,9,25,17,0,2,01大同區,大同區台北橋機慢車道,0,0,2,1,C03,8,6,5,40,14,11,2,5,4,5,13,4,4,9,4,5,2,12,1,20,2,7,6,4,7,9,1,10,2,12,,17,,1,21,121.5104088,25.0629729
113,9,25,17,0,2,01大同區,大同區台北橋機慢車道,0,0,2,2,C03,8,6,5,40,14,11,2,5,4,5,13,4,4,9,4,5,2,12,1,32,2,7,6,4,7,9,1,10,2,14,,17,,1,21,121.5104088,25.0629729
113,9,25,17,2,2,03中山區,中山區復興北路154號,0,0,1,1,C03,8,5,5,50,14,9,1,5,4,5,13,4,4,1,4,5,2,16,2,73,2,4,6,1,7,9,1,10,1,12,,108,,1,21,121.5439778,25.05314481
113,9,25,17,2,2,03中山區,中山區復興北路154號,0,0,1,2,B03,8,5,5,50,14,9,1,5,4,5,13,4,4,1,4,5,2,16,1,42,3,10,7,1,7,14,1,8,1,4,,44,,1,21,121.5439778,25.05314481
113,9,25,17,4,2,08士林區,士林區士東路266巷與士東路266巷12弄口,0,0,1,1,C03,8,6,5,30,4,1,1,5,4,5,13,4,4,10,5,5,2,15,2,19,2,8,6,1,7,9,1,10,1,11,,72,,1,21,121.5366404,25.1118438
113,9,25,17,4,2,08士林區,士林區士東路266巷與士東路266巷12弄口,0,0,1,2,C03,8,6,5,30,4,1,1,5,4,5,13,4,4,10,5,5,2,15,1,61,3,10,6,1,7,9,1,10,1,11,,14,,1,21,121.5366404,25.1118438
113,9,25,17,5,2,07信義區,信義區松壽路與市府路口,0,0,1,1,B03,8,6,5,50,4,1,1,5,4,5,13,2,1,9,4,5,2,17,1,32,3,10,7,1,7,6,1,8,1,2,,118,,1,22,121.5636461,25.0359708
113,9,25,17,5,2,07信義區,信義區松壽路與市府路口,0,0,1,2,C03,8,6,5,50,4,1,1,5,4,5,13,2,1,9,4,5,2,17,1,21,2,7,6,1,7,9,1,10,1,14,,118,,1,22,121.5636461,25.0359708
113,9,25,17,55,2,11南港區,南港區研究院路1段與忠孝東路7段口,0,0,1,1,C03,8,5,5,50,3,1,1,5,4,5,13,1,1,3,2,5,2,16,1,32,2,7,5,1,7,6,1,10,1,13,,9,,1,21,121.6162587,25.0532886
113,9,25,17,55,2,11南港區,南港區研究院路1段與忠孝東路7段口,0,0,1,2,A04,8,5,5,50,3,1,1,5,4,5,13,1,1,3,2,5,2,16,1,42,3,10,7,1,7,9,1,2,1,5,,44,,1,21,121.6162587,25.0532886
113,9,25,18,3,2,03中山區,中山區德惠街7-1號,0,0,1,1,B03,8,5,5,50,14,9,1,5,4,5,13,4,4,9,5,5,2,12,1,25,3,10,7,1,7,7,1,8,1,4,,44,,1,21,121.5233082,25.06674264
113,9,25,18,3,2,03中山區,中山區德惠街7-1號,0,0,1,2,C03,8,5,5,50,14,9,1,5,4,5,13,4,4,9,5,5,2,12,1,20,2,7,5,1,7,9,1,10,1,12,,80,,1,21,121.5233082,25.06674264
113,9,25,18,5,2,07信義區,信義區基隆路1段與東興路口,0,0,1,1,C03,8,5,5,50,4,1,1,5,4,5,13,1,1,9,4,5,2,18,1,53,2,9,5,1,7,21,1,10,1,14,,44,,1,21,121.5668819,25.0465933
113,9,25,18,5,2,07信義區,信義區基隆路1段與東興路口,0,0,1,2,,8,5,5,50,4,1,1,5,4,5,13,1,1,9,4,5,2,18,3,0,,,,,,,,,,,,67,,1,,121.5668819,25.0465933
113,9,25,18,30,2,02萬華區,萬華區環河南路2段149巷與大理街170巷口,0,0,1,1,B02,7,5,5,30,4,1,1,5,4,5,13,4,4,10,5,5,2,17,1,21,3,10,7,1,7,9,1,8,1,1,,75,,1,21,121.4935509,25.0335169
113,9,25,18,30,2,02萬華區,萬華區環河南路2段149巷與大理街170巷口,0,0,1,2,C03,7,5,5,30,4,1,1,5,4,5,13,4,4,10,5,5,2,17,1,60,2,9,6,1,7,9,1,10,1,14,12,14,,1,21,121.4935509,25.0335169
113,9,25,18,48,2,01大同區,大同區環河北路1段與民生西路口,0,0,2,1,C03,7,5,5,50,4,2,1,5,4,5,13,2,1,1,4,5,2,9,1,43,2,9,5,4,7,6,1,10,1,12,,80,,1,21,121.5086073,25.0575217
113,9,25,18,48,2,01大同區,大同區環河北路1段與民生西路口,0,0,2,2,H01,7,5,5,50,4,2,1,5,4,5,13,2,1,1,4,5,2,9,1,60,2,9,4,5,8,16,8,20,10,16,,67,,1,21,121.5086073,25.0575217
113,9,25,18,52,2,05中正區,中正區林森南路61巷與林森南路口側附近口旁,0,0,1,2,C03,8,5,5,0,3,2,1,5,4,5,13,2,1,9,4,5,1,29,1,38,2,9,5,1,7,9,1,10,1,14,,44,,1,21,121.5218051,25.03975
113,9,25,18,52,2,05中正區,中正區林森南路61巷與林森南路口側附近口旁,0,0,1,1,,8,5,5,0,3,2,1,5,4,5,13,2,1,9,4,5,1,29,3,0,,,,,,,,,,,,,,,,121.5218051,25.03975
113,9,25,19,7,2,01大同區,大同區承德路2段與民生西路口,0,0,2,1,C03,7,5,5,50,4,1,1,5,4,5,13,1,1,1,4,5,2,17,1,31,2,9,5,1,7,9,1,10,2,11,,16,,1,21,121.5181234,25.0574752
113,9,25,19,7,2,01大同區,大同區承德路2段與民生西路口,0,0,2,2,C03,7,5,5,50,4,1,1,5,4,5,13,1,1,1,4,5,2,17,1,29,2,9,5,1,7,9,1,10,2,13,,44,,1,21,121.5181234,25.0574752
113,9,25,19,11,2,04大安區,大安區市民大道4段與市民大道4段68巷口,0,0,1,1,B03,7,5,5,40,3,1,1,5,4,5,13,4,4,1,4,5,2,16,2,38,3,10,7,4,7,6,1,8,1,5,,9,,1,21,121.5472738,25.044906
113,9,25,19,11,2,04大安區,大安區市民大道4段與市民大道4段68巷口,0,0,1,2,C03,7,5,5,40,3,1,1,5,4,5,13,4,4,1,4,5,2,16,2,69,2,1,6,4,7,9,1,10,2,14,,17,,1,21,121.5472738,25.044906
113,9,25,19,20,2,11南港區,南港區研究院路2段33號與研究院路2段口,0,0,1,1,C03,8,5,5,40,14,9,1,5,4,5,13,4,4,5,4,5,2,17,1,44,3,10,5,1,7,6,1,10,1,12,,101,,1,21,121.6152181,25.0460971
113,9,25,19,20,2,11南港區,南港區研究院路2段33號與研究院路2段口,0,0,1,2,C03,8,5,5,40,14,9,1,5,4,5,13,4,4,5,4,5,2,17,1,60,2,8,5,1,7,9,1,10,1,11,,44,,1,21,121.6152181,25.0460971
113,9,25,20,25,2,02萬華區,萬華區西園路1段與廣州街口,0,0,1,1,B03,8,5,5,40,4,1,1,5,4,5,13,2,1,2,5,5,2,16,1,53,3,10,7,1,7,5,1,8,1,5,,71,,1,26,121.4993304,25.03669549
113,9,25,20,25,2,02萬華區,萬華區西園路1段與廣州街口,0,0,1,2,C03,8,5,5,40,4,1,1,5,4,5,13,2,1,2,5,5,2,16,2,22,2,9,5,1,7,9,1,10,1,11,,27,,1,26,121.4993304,25.03669549
113,9,25,20,40,2,03中山區,中山區濱江街195號,0,0,1,1,C03,8,5,5,50,14,9,1,5,4,5,13,4,4,10,4,5,2,13,1,35,2,9,6,1,7,9,1,9,1,11,,16,,1,22,121.5402783,25.0725301
113,9,25,20,40,2,03中山區,中山區濱江街195號,0,0,1,2,B03,8,5,5,50,14,9,1,5,4,5,13,4,4,10,4,5,2,13,2,48,3,10,7,1,7,9,1,8,1,6,,44,,1,22,121.5402783,25.0725301
113,9,25,21,2,2,04大安區,大安區四維路與四維路44巷口,0,0,1,1,E05,8,5,5,30,4,1,1,5,4,5,13,4,4,10,5,5,2,15,1,60,3,10,3,4,7,9,1,7,1,2,,72,,1,21,121.5481034,25.0355248
113,9,25,21,2,2,04大安區,大安區四維路與四維路44巷口,0,0,1,2,C03,8,5,5,30,4,1,1,5,4,5,13,4,4,10,5,5,2,15,2,37,2,8,5,1,7,9,1,10,1,11,,44,,1,21,121.5481034,25.0355248
113,9,25,21,19,2,10文山區,文山區木柵路1段與木柵路1段79巷口,0,0,1,1,F01,8,5,5,50,14,9,1,5,4,5,13,4,4,5,4,5,2,13,1,36,2,8,4,4,7,9,8,20,1,11,,108,,1,21,121.5464869,24.9868183
113,9,25,21,19,2,10文山區,文山區木柵路1段與木柵路1段79巷口,0,0,1,2,B02,8,5,5,50,14,9,1,5,4,5,13,4,4,5,4,5,2,13,1,19,3,10,3,4,7,9,1,8,1,6,,44,,1,21,121.5464869,24.9868183
113,9,25,22,3,2,02萬華區,萬華區西寧南路14-2號,0,0,1,1,F01,8,5,5,50,14,9,1,5,4,5,13,4,4,5,5,5,2,10,2,59,2,9,4,1,7,9,8,20,1,11,,4,,1,21,121.5070372,25.04678088
113,9,25,22,3,2,02萬華區,萬華區西寧南路14-2號,0,0,1,2,F01,8,5,5,50,14,9,1,5,4,5,13,4,4,5,5,5,2,10,1,27,3,10,4,1,7,9,8,20,1,11,,108,,1,26,121.5070372,25.04678088
113,9,25,22,12,2,06松山區,松山區東興路與八德路4段295巷18弄口,0,0,2,1,C03,8,6,5,30,5,1,1,5,4,5,13,4,4,8,3,5,2,17,2,18,2,9,6,1,7,5,3,18,11,12,,72,,1,21,121.5654912,25.04930511
113,9,25,22,12,2,06松山區,松山區東興路與八德路4段295巷18弄口,0,0,2,2,C03,8,6,5,30,5,1,1,5,4,5,13,4,4,8,3,5,2,17,2,24,2,9,6,1,7,9,1,10,11,14,,44,,1,21,121.5654912,25.04930511
113,9,26,6,15,2,09北投區,北投區承德路6段與文承路口,0,0,1,1,C03,8,6,5,60,14,9,1,5,4,5,13,1,1,9,4,4,2,18,1,49,2,9,5,1,7,9,1,10,1,14,,101,,1,21,121.5118054,25.1052931
113,9,26,6,15,2,09北投區,北投區承德路6段與文承路口,0,0,1,2,,8,6,5,60,14,9,1,5,4,5,13,1,1,9,4,4,2,18,3,0,,,,,,,,,9,,,44,,,,121.5118054,25.1052931
113,9,26,7,48,2,02萬華區,萬華區環河南路2段與廣州街口,0,0,2,1,C03,8,7,5,50,4,2,1,5,4,5,13,1,1,8,3,1,2,16,1,58,2,9,5,1,7,11,6,18,1,12,,96,,1,21,121.4954825,25.0367818
113,9,26,7,48,2,02萬華區,萬華區環河南路2段與廣州街口,0,0,2,2,C03,8,7,5,50,4,2,1,5,4,5,13,1,1,8,3,1,2,16,1,21,2,9,5,1,7,9,1,10,1,11,,44,,1,21,121.4954825,25.0367818
113,9,26,7,53,2,07信義區,信義區信義快速道路往北象山隧道,0,0,1,1,B03,8,5,9,70,6,9,1,5,4,5,13,4,4,10,2,5,1,13,1,45,3,10,7,1,7,9,6,8,2,1,,16,,1,21,121.5671865,25.03321063
113,9,26,7,53,2,07信義區,信義區信義快速道路往北象山隧道,0,0,1,2,B03,8,5,9,70,6,9,1,5,4,5,13,4,4,10,2,5,1,13,1,51,2,2,7,1,7,9,1,8,2,3,,44,,1,21,121.5671865,25.03321063
113,9,26,7,58,2,07信義區,信義區基隆路1段333號,0,0,1,1,C03,8,6,5,50,14,9,1,5,4,5,13,4,4,1,4,5,2,17,1,32,4,11,3,4,7,21,7,19,11,15,,118,,2,22,121.5612674,25.035569
113,9,26,7,58,2,07信義區,信義區基隆路1段333號,0,0,1,2,C03,8,6,5,50,14,9,1,5,4,5,13,4,4,1,4,5,2,17,1,48,2,9,5,1,7,9,1,10,11,17,,118,,1,21,121.5612674,25.035569
113,9,26,8,10,2,12內湖區,內湖區民權東路6段與民權東路6段153巷口,0,0,1,1,B03,8,6,5,50,3,1,1,5,4,5,13,4,4,1,4,5,2,17,2,54,3,10,7,1,7,6,1,8,1,5,,80,,1,21,121.5948815,25.0688165
113,9,26,8,10,2,12內湖區,內湖區民權東路6段與民權東路6段153巷口,0,0,1,2,C03,8,6,5,50,3,1,1,5,4,5,13,4,4,1,4,5,2,17,2,27,2,9,6,1,7,9,1,10,1,14,,44,,1,21,121.5948815,25.0688165
113,9,26,8,11,2,03中山區,中山區民生東路1段與新生北路2段口,0,0,1,1,C03,8,7,5,50,5,2,1,5,4,5,13,1,1,9,4,5,2,13,1,55,3,10,5,1,7,9,1,10,1,11,,108,,1,21,121.5276235,25.0579844
113,9,26,8,11,2,03中山區,中山區民生東路1段與新生北路2段口,0,0,1,2,C03,8,7,5,50,5,2,1,5,4,5,13,1,1,9,4,5,2,13,2,51,2,9,5,1,7,14,1,10,1,13,,44,,1,21,121.5276235,25.0579844
113,9,26,8,47,2,03中山區,中山區南京東路2段與吉林路口,0,0,1,1,C03,7,7,5,40,14,8,1,5,4,5,13,1,1,1,4,4,2,13,1,18,2,9,5,1,7,9,1,10,1,11,,16,,1,22,121.529874,25.0521846
113,9,26,8,47,2,03中山區,中山區南京東路2段與吉林路口,0,0,1,2,B03,7,7,5,40,14,8,1,5,4,5,13,1,1,1,4,4,2,13,1,61,3,10,7,1,7,14,1,8,1,3,,99,,1,22,121.529874,25.0521846
113,9,26,8,47,2,03中山區,中山區南京東路2段與吉林路口,0,0,1,3,B03,7,7,5,40,14,8,1,5,4,5,13,1,1,1,4,4,2,13,3,0,,,,,,,,,11,,,119,,,,121.529874,25.0521846
113,9,26,8,50,2,05中正區,中正區重慶南路3段5號,0,0,1,1,C03,8,6,5,50,14,9,1,5,4,5,13,4,4,1,4,5,2,17,1,42,2,9,5,1,7,9,1,10,1,11,,97,,1,21,121.5155494,25.02916499
113,9,26,8,50,2,05中正區,中正區重慶南路3段5號,0,0,1,2,B12,8,6,5,50,14,9,1,5,4,5,13,4,4,1,4,5,2,17,1,28,3,10,7,1,7,9,1,8,1,7,,120,,1,21,121.5155494,25.02916499
113,9,26,8,50,2,05中正區,中正區重慶南路3段與寧波西街口口,0,0,1,1,B01,8,6,5,50,4,1,1,5,4,5,13,1,1,1,4,5,1,17,1,65,3,10,7,1,7,9,1,4,1,4,,42,,1,21,121.5153577,25.0301018
113,9,26,8,50,2,05中正區,中正區重慶南路3段與寧波西街口口,0,0,1,2,C03,8,6,5,50,4,1,1,5,4,5,13,1,1,1,4,5,1,17,2,69,2,7,6,1,7,6,1,10,1,12,,9,,1,21,121.5153577,25.0301018
113,9,26,8,50,2,12內湖區,內湖區大湖街與八連路二段329巷口,0,0,1,1,B12,7,5,6,30,12,9,1,5,4,5,12,4,4,10,5,5,1,17,1,53,3,10,7,1,7,5,1,8,2,17,,8,,1,22,121.609085,25.10547342
113,9,26,8,50,2,12內湖區,內湖區大湖街與八連路二段329巷口,0,0,1,2,F01,7,5,6,30,12,9,1,5,4,5,12,4,4,10,5,5,1,17,1,17,2,1,4,4,7,9,8,20,2,17,,42,,1,22,121.609085,25.10547342
113,9,26,8,55,2,12內湖區,內湖區舊宗路2段175號前,0,0,2,1,C03,8,5,5,50,14,9,1,5,4,5,13,4,4,1,4,5,2,13,1,30,2,9,6,1,7,9,1,10,1,11,,16,,1,21,121.5746653,25.0713738
113,9,26,8,55,2,12內湖區,內湖區舊宗路2段175號前,0,0,2,2,B03,8,5,5,50,14,9,1,5,4,5,13,4,4,1,4,5,2,13,2,47,3,10,7,1,7,12,1,8,1,6,,44,,1,21,121.5746653,25.0713738
113,9,26,8,55,2,12內湖區,內湖區舊宗路2段175號前,0,0,2,3,H02,8,5,5,50,14,9,1,5,4,5,13,4,4,1,4,5,2,13,2,31,2,9,6,5,7,20,8,20,10,16,,67,,1,21,121.5746653,25.0713738
113,9,26,8,58,2,12內湖區,內湖區民權東路6段136巷與民權東路6段136巷46弄口,0,0,1,1,B03,8,6,5,40,14,9,1,5,4,5,13,4,4,9,5,5,2,17,2,41,3,10,7,1,7,9,1,8,2,2,,17,,1,21,121.5877177,25.06661907
113,9,26,8,58,2,12內湖區,內湖區民權東路6段136巷與民權東路6段136巷46弄口,0,0,1,2,C03,8,6,5,40,14,9,1,5,4,5,13,4,4,9,5,5,2,17,2,46,2,9,5,1,7,9,1,10,2,14,,17,,1,21,121.5877177,25.06661907
113,9,26,8,58,2,12內湖區,內湖區民權東路6段136巷與民權東路6段136巷46弄口,0,0,1,3,B03,8,6,5,40,14,9,1,5,4,5,13,4,4,9,5,5,2,17,3,0,,,,,,,,,,,,38,,,,121.5877177,25.06661907
113,9,26,9,2,2,10文山區,文山區景豐街31巷與景豐街37巷7弄口口,0,0,2,1,C04,8,6,5,30,4,1,1,5,4,5,13,4,4,10,5,5,2,15,2,46,2,9,6,1,7,9,1,10,1,12,,75,,1,21,121.5454801,25.0000063
113,9,26,9,2,2,10文山區,文山區景豐街31巷與景豐街37巷7弄口口,0,0,2,2,C03,8,6,5,30,4,1,1,5,4,5,13,4,4,10,5,5,2,15,1,44,2,9,5,1,7,9,1,10,1,11,,108,,1,21,121.5454801,25.0000063
113,9,26,9,12,2,03中山區,中山區民生西路24號,0,0,1,1,B01,7,6,5,50,14,9,1,5,4,5,13,4,4,8,3,5,1,17,1,67,3,10,7,1,7,8,1,4,1,2,,40,,1,21,121.5213205,25.0576578
113,9,26,9,12,2,03中山區,中山區民生西路24號,0,0,1,2,F01,7,6,5,50,14,9,1,5,4,5,13,4,4,8,3,5,1,17,2,33,2,8,4,1,7,9,8,20,1,14,,44,,1,21,121.5213205,25.0576578
113,9,26,9,25,2,12內湖區,內湖區民權東路6段191巷與民權東路6段口口,0,0,1,1,A31,7,6,5,50,4,18,1,5,4,5,13,2,1,5,4,4,2,3,1,45,3,10,7,1,1,6,1,1,2,1,,70,,1,26,121.597514,25.0676424
113,9,26,9,25,2,12內湖區,內湖區民權東路6段191巷與民權東路6段口口,0,0,1,2,H01,7,6,5,50,4,18,1,5,4,5,13,2,1,5,4,4,2,3,1,32,2,9,4,5,8,16,8,20,10,16,,67,,1,21,121.597514,25.0676424
113,9,26,9,38,2,06松山區,松山區松河街與饒河街221巷口口,0,0,1,1,C03,7,6,5,40,3,1,1,5,4,5,13,2,1,9,4,5,2,17,2,29,3,10,6,1,7,5,1,10,1,14,,44,,1,21,121.5766219,25.05139806
113,9,26,9,38,2,06松山區,松山區松河街與饒河街221巷口口,0,0,1,2,C03,7,6,5,40,3,1,1,5,4,5,13,2,1,9,4,5,2,17,2,47,2,9,6,1,7,9,1,10,1,11,,4,,1,21,121.5766219,25.05139806
113,9,26,9,43,2,06松山區,松山區敦化北路北往南0205489號燈桿(文華東方酒店前),0,0,1,1,B12,7,7,5,50,14,7,1,5,4,5,13,4,4,9,4,4,2,17,1,40,3,10,7,1,7,7,1,8,2,8,,100,,1,22,121.5487538,25.05555119
113,9,26,9,43,2,06松山區,松山區敦化北路北往南0205489號燈桿(文華東方酒店前),0,0,1,2,C03,7,7,5,50,14,7,1,5,4,5,13,4,4,9,4,4,2,17,2,37,2,9,6,1,7,9,1,10,2,12,,44,,1,22,121.5487538,25.05555119
113,9,26,9,44,2,10文山區,文山區景興路與景華街口,0,0,3,1,C03,8,6,5,50,4,1,1,5,4,1,13,2,1,1,4,5,2,16,1,66,2,9,6,1,7,5,1,10,2,12,,71,,1,21,121.5446634,24.9950913
113,9,26,9,44,2,10文山區,文山區景興路與景華街口,0,0,3,2,C03,8,6,5,50,4,1,1,5,4,1,13,2,1,1,4,5,2,16,1,56,2,9,6,1,7,9,1,10,2,11,,14,,1,21,121.5446634,24.9950913
113,9,26,9,44,2,10文山區,文山區景興路與景華街口,0,0,3,3,H02,8,6,5,50,4,1,1,5,4,1,13,2,1,1,4,5,2,16,1,66,2,9,5,5,7,21,8,20,10,17,,67,,1,21,121.5446634,24.9950913
113,9,26,9,55,2,10文山區,文山區木柵路2段101號,0,0,1,1,C03,7,5,5,50,14,9,1,5,4,5,13,4,4,5,4,5,1,13,1,37,2,9,5,1,7,9,1,10,9,12,,108,,1,21,121.5615131,24.98880052
113,9,26,9,55,2,10文山區,文山區木柵路2段101號,0,0,1,2,B12,7,5,5,50,14,9,1,5,4,5,13,4,4,5,4,5,1,13,1,45,3,10,7,1,7,14,1,8,2,3,,44,,1,21,121.5615131,24.98880052
113,9,26,9,55,2,10文山區,文山區木柵路2段101號,0,0,1,3,C03,7,5,5,50,14,9,1,5,4,5,13,4,4,5,4,5,1,13,1,65,3,10,5,1,7,13,6,10,1,12,,44,,1,21,121.5615131,24.98880052
113,9,26,9,55,2,10文山區,文山區木柵路2段101號,0,0,1,4,C03,7,5,5,50,14,9,1,5,4,5,13,4,4,5,4,5,1,13,1,58,3,10,5,1,7,13,1,10,1,12,,44,,1,21,121.5615131,24.98880052
113,9,26,9,55,2,10文山區,文山區木柵路2段101號,0,0,1,5,C03,7,5,5,50,14,9,1,5,4,5,13,4,4,5,4,5,1,13,1,51,3,10,5,1,7,13,1,10,1,12,,44,,1,21,121.5615131,24.98880052
113,9,26,10,31,2,08士林區,士林區仰德大道1段與仰德大道1段42巷口,0,0,1,1,C03,8,6,7,40,14,9,1,5,4,5,13,4,4,9,2,5,1,13,2,21,2,9,5,1,7,9,1,10,1,11,,16,,1,21,121.5371377,25.103063
113,9,26,10,31,2,08士林區,士林區仰德大道1段與仰德大道1段42巷口,0,0,1,2,C03,8,6,7,40,14,9,1,5,4,5,13,4,4,9,2,5,1,13,1,20,3,10,5,1,7,9,1,10,1,13,,44,,1,21,121.5371377,25.103063
113,9,26,10,31,2,10文山區,文山區萬和街1號,0,0,1,1,B01,6,6,8,40,22,22,1,4,4,5,13,3,1,10,5,5,2,17,1,62,3,10,3,4,7,11,1,4,9,5,,92,,1,21,121.5676592,25.0014299
113,9,26,10,31,2,10文山區,文山區萬和街1號,0,0,1,2,C03,6,6,8,40,22,22,1,4,4,5,13,3,1,10,5,5,2,17,2,33,2,8,3,4,7,9,1,10,9,14,,42,,1,21,121.5676592,25.0014299
113,9,26,10,33,2,12內湖區,內湖區潭美街與安康路228巷口,0,0,1,1,B12,7,5,5,40,3,1,1,5,4,5,13,1,1,5,5,5,2,16,1,63,3,10,7,1,7,6,1,8,11,2,,9,,2,21,121.6036064,25.0612026
113,9,26,10,33,2,12內湖區,內湖區潭美街與安康路228巷口,0,0,1,2,C03,7,5,5,40,3,1,1,5,4,5,13,1,1,5,5,5,2,16,2,41,2,9,6,1,7,9,1,10,1,14,,44,,1,21,121.6036064,25.0612026
113,9,26,10,45,2,09北投區,北投區尊賢街243巷21號,0,0,3,1,C03,7,6,5,30,14,9,1,5,4,5,13,4,4,9,5,5,2,16,2,55,2,9,5,1,7,5,1,10,1,11,,42,,1,21,121.5062621,25.11677094
113,9,26,10,45,2,09北投區,北投區尊賢街243巷21號,0,0,3,2,C03,7,6,5,30,14,9,1,5,4,5,13,4,4,9,5,5,2,16,1,25,2,9,5,1,7,9,1,10,1,12,,42,,1,21,121.5062621,25.11677094
113,9,26,10,45,2,09北投區,北投區尊賢街243巷21號,0,0,3,3,H02,7,6,5,30,14,9,1,5,4,5,13,4,4,9,5,5,2,16,2,36,2,9,5,5,7,20,8,20,10,16,,67,,1,21,121.5062621,25.11677094
113,9,26,11,2,2,01大同區,大同區西寧北路與南京西路239巷口,0,0,2,1,C03,8,6,5,50,3,1,1,5,4,5,13,4,4,5,5,5,2,17,1,61,2,9,6,1,7,9,1,10,1,14,,44,,1,21,121.5087761,25.0538488
113,9,26,11,2,2,01大同區,大同區西寧北路與南京西路239巷口,0,0,2,2,C04,8,6,5,50,3,1,1,5,4,5,13,4,4,5,5,5,2,17,2,36,3,10,6,1,7,5,1,11,1,17,,14,,1,21,121.5087761,25.0538488
113,9,26,11,2,2,01大同區,大同區西寧北路與南京西路239巷口,0,0,2,3,H02,8,6,5,50,3,1,1,5,4,5,13,4,4,5,5,5,2,17,2,57,2,9,6,5,7,17,8,20,10,16,,67,,1,21,121.5087761,25.0538488
113,9,26,11,26,2,07信義區,信義區松仁路與莊敬路口,0,0,2,1,C03,7,7,5,50,4,2,1,5,4,5,13,1,1,5,5,4,2,17,1,72,2,9,3,4,7,6,1,10,1,14,,42,,1,21,121.56842,25.0268874
113,9,26,11,26,2,07信義區,信義區松仁路與莊敬路口,0,0,2,2,C03,7,7,5,50,4,2,1,5,4,5,13,1,1,5,5,4,2,17,1,57,2,9,3,4,7,5,1,10,1,11,,108,,1,21,121.56842,25.0268874
113,9,26,11,33,2,08士林區,士林區天母北路與天母北路44巷口,0,0,1,1,B03,8,6,5,50,4,1,1,5,4,5,13,4,4,9,2,5,1,16,1,44,3,10,7,1,7,11,1,8,1,4,,10,,1,21,121.5265752,25.120651
113,9,26,11,33,2,08士林區,士林區天母北路與天母北路44巷口,0,0,1,2,C03,8,6,5,50,4,1,1,5,4,5,13,4,4,9,2,5,1,16,1,41,2,9,5,1,7,9,1,10,1,12,,44,,1,21,121.5265752,25.120651
113,9,26,11,59,2,11南港區,南港區南港路3段67巷與南港路3段67巷口,0,0,2,1,C03,7,6,5,30,3,2,1,5,4,5,13,4,4,5,2,5,2,16,1,40,2,9,6,1,7,5,1,10,1,14,,72,,1,21,121.5886345,25.0519787
113,9,26,11,59,2,11南港區,南港區南港路3段67巷與南港路3段67巷口,0,0,2,2,C03,7,6,5,30,3,2,1,5,4,5,13,4,4,5,2,5,2,16,2,20,2,9,6,1,7,9,1,10,1,11,,80,,1,21,121.5886345,25.0519787
113,9,26,11,59,2,11南港區,南港區南港路3段67巷與南港路3段67巷口,0,0,2,3,B03,7,6,5,30,3,2,1,5,4,5,13,4,4,5,2,5,2,16,1,64,3,10,7,2,7,13,1,8,11,17,,38,,1,22,121.5886345,25.0519787
113,9,26,12,6,2,06松山區,松山區八德路4段245巷與東興路2巷口,0,0,1,1,B03,7,6,5,30,4,2,1,5,4,5,13,4,4,8,5,5,2,3,1,63,3,10,3,4,7,9,1,8,11,5,,70,,1,21,121.5642249,25.0507711