發生年度,發生月,發生日,發生時-Hours,發生分,處理別-編號,區序,肇事地點,死亡人數,2-30日死亡人數,受傷人數,當事人序號,車種,天候,道路照明設備,道路類別,速限-速度限制,道路型態,事故位置,路面狀況1,路面狀況2,路面狀況3,道路障礙1,道路障礙2,號誌1,號誌2,車道劃分-分向,車道劃分-分道1,車道劃分-分道2,車道劃分-分道3,事故類型及型態,性別,年齡,受傷程度,主要傷處,保護裝置,行動電話,車輛用途,當事者行動狀態,駕駛資格情形,駕駛執照種類,飲酒情形,車輛撞擊部位1,車輛撞擊部位2,肇因碼-個別,肇因碼-主要,個人肇逃否,職業,座標-X,座標-Y
113,9,26,12,6,2,06松山區,松山區八德路4段245巷與東興路2巷口,0,0,1,2,H01,7,6,5,30,4,2,1,5,4,5,13,4,4,8,5,5,2,3,2,7,2,9,4,5,8,16,8,20,10,16,,60,,1,14,121.5642249,25.0507711
113,9,26,12,7,2,04大安區,大安區新生南路1段與新生南路1段137巷口,0,0,2,1,F01,7,5,5,50,3,1,1,5,4,5,13,4,4,1,3,1,2,16,1,42,2,9,4,1,7,6,8,20,1,13,,9,,1,21,121.5329355,25.0370153
113,9,26,12,7,2,04大安區,大安區新生南路1段與新生南路1段137巷口,0,0,2,2,C03,7,5,5,50,3,1,1,5,4,5,13,4,4,1,3,1,2,16,1,49,2,8,6,1,7,9,1,10,1,11,,44,,1,21,121.5329355,25.0370153
113,9,26,12,35,2,08士林區,士林區天母東路22巷21-7號,0,0,1,1,B11,8,6,5,30,14,9,1,5,4,3,13,4,4,5,5,5,2,17,1,30,3,10,3,4,7,14,1,4,1,17,,40,,1,21,121.5331158,25.11748
113,9,26,12,35,2,08士林區,士林區天母東路22巷21-7號,0,0,1,2,F01,8,6,5,30,14,9,1,5,4,3,13,4,4,5,5,5,2,17,2,54,2,9,4,4,7,9,8,20,1,17,,44,,1,21,121.5331158,25.11748
113,9,26,12,54,2,04大安區,大安區師大路92巷與浦城街口,0,0,1,1,C03,6,7,5,30,5,1,1,4,4,5,13,4,4,5,2,5,2,16,2,65,2,9,5,1,7,5,1,10,1,12,,72,,1,21,121.5267529,25.0226735
113,9,26,12,54,2,04大安區,大安區師大路92巷與浦城街口,0,0,1,2,B03,6,7,5,30,5,1,1,4,4,5,13,4,4,5,2,5,2,16,1,45,3,10,7,1,7,9,1,8,1,4,,108,,1,21,121.5267529,25.0226735
113,9,26,13,8,2,07信義區,信義區永吉路180巷16弄與永吉路150巷口口,0,0,2,1,C03,6,6,6,30,4,1,1,4,4,5,13,4,4,10,5,5,2,17,2,24,2,8,6,1,7,9,1,10,11,11,,75,,1,22,121.5709023,25.0449882
113,9,26,13,8,2,07信義區,信義區永吉路180巷16弄與永吉路150巷口口,0,0,2,2,C04,6,6,6,30,4,1,1,4,4,5,13,4,4,10,5,5,2,17,2,55,2,9,6,1,7,9,1,11,11,14,,14,,1,22,121.5709023,25.0449882
113,9,26,13,21,2,08士林區,士林區士商路139號,0,0,1,1,B03,8,6,5,50,14,9,1,5,4,5,13,4,4,5,5,5,2,16,1,44,3,10,7,1,7,11,1,8,1,4,,10,,1,21,121.5175804,25.0937092
113,9,26,13,21,2,08士林區,士林區士商路139號,0,0,1,2,C03,8,6,5,50,14,9,1,5,4,5,13,4,4,5,5,5,2,16,1,69,2,7,6,1,7,9,1,10,1,11,,44,,1,26,121.5175804,25.0937092
113,9,26,13,36,2,04大安區,大安區仁愛路4段300巷(國泰醫院前),0,0,1,1,C03,7,5,5,30,14,9,1,4,4,5,13,4,4,10,5,5,2,14,1,37,2,8,6,1,7,2,1,10,1,13,,12,,1,21,121.553612,25.0370495
113,9,26,13,36,2,04大安區,大安區仁愛路4段300巷(國泰醫院前),0,0,1,2,B01,7,5,5,30,14,9,1,4,4,5,13,4,4,10,5,5,2,14,1,47,3,10,7,1,7,14,1,1,1,4,,44,,1,21,121.553612,25.0370495
113,9,26,13,40,2,08士林區,士林區小西街與大南路口,0,0,1,1,C03,8,6,6,30,4,1,1,5,4,5,8,4,4,10,5,5,2,15,1,26,3,10,3,4,7,9,1,9,1,14,,72,,1,21,121.5233647,25.0897874
113,9,26,13,40,2,08士林區,士林區小西街與大南路口,0,0,1,2,C03,8,6,6,30,4,1,1,5,4,5,8,4,4,10,5,5,2,15,2,31,2,8,3,4,7,9,1,10,1,11,,14,,1,21,121.5233647,25.0897874
113,9,26,14,46,2,09北投區,北投區石牌路2段39號,0,0,1,1,C03,7,6,5,50,14,9,1,5,4,5,13,4,4,1,4,5,1,11,2,55,2,9,5,1,7,11,1,10,1,12,,10,,1,21,121.5158958,25.11614318
113,9,26,14,46,2,09北投區,北投區石牌路2段39號,0,0,1,2,B03,7,6,5,50,14,9,1,5,4,5,13,4,4,1,4,5,1,11,2,76,3,10,7,1,7,9,1,8,1,8,,44,,1,21,121.5158958,25.11614318
113,9,26,15,16,2,04大安區,大安區基隆路3段與長興街口,0,0,1,2,F01,8,7,5,50,4,1,1,5,4,5,13,2,1,1,5,5,1,11,1,19,2,8,3,4,7,9,8,20,11,14,,80,,1,25,121.5442815,25.0172032
113,9,26,15,16,2,04大安區,大安區基隆路3段與長興街口,0,0,1,1,,8,7,5,50,4,1,1,5,4,5,13,2,1,1,5,5,1,11,4,0,4,11,3,4,7,9,8,20,11,11,,119,,2,21,121.5442815,25.0172032
113,9,26,15,42,2,02萬華區,萬華區雙園街67巷22號,0,0,1,1,C03,8,6,5,30,14,9,1,5,4,5,13,4,4,10,5,5,2,16,1,76,3,10,5,1,7,11,6,18,1,11,,10,,1,22,121.4948665,25.0309047
113,9,26,15,42,2,02萬華區,萬華區雙園街67巷22號,0,0,1,2,C03,8,6,5,30,14,9,1,5,4,5,13,4,4,10,5,5,2,16,1,21,2,9,5,1,7,9,1,10,1,14,,13,,1,22,121.4948665,25.0309047
113,9,26,16,47,2,06松山區,松山區民生東路4段與民生東路4段131巷口,0,0,1,1,B03,8,5,5,50,4,1,1,5,4,5,13,2,1,1,4,5,2,16,2,34,3,10,7,1,7,5,1,8,1,1,,71,,1,21,121.5542375,25.0582487
113,9,26,16,47,2,06松山區,松山區民生東路4段與民生東路4段131巷口,0,0,1,2,B02,8,5,5,50,4,1,1,5,4,5,13,2,1,1,4,5,2,16,1,43,2,9,7,1,7,9,1,8,1,7,,13,,1,21,121.5542375,25.0582487
113,9,26,16,50,2,10文山區,文山區木新路3段243巷3弄1號,0,0,1,1,B01,8,7,5,30,14,9,1,5,4,5,13,4,4,10,5,5,2,16,1,49,3,10,7,1,7,11,1,8,1,4,,10,,1,21,121.5591003,24.9805897
113,9,26,16,50,2,10文山區,文山區木新路3段243巷3弄1號,0,0,1,2,C03,8,7,5,30,14,9,1,5,4,5,13,4,4,10,5,5,2,16,2,22,2,9,5,1,7,9,1,10,1,12,,44,,1,21,121.5591003,24.9805897
113,9,26,16,55,2,05中正區,中正區重慶南路2段與泉州街9巷口,0,0,1,1,B03,8,6,5,50,3,1,1,4,4,5,13,4,4,1,4,5,2,17,2,33,3,10,7,1,7,6,1,8,2,2,,9,,1,21,121.5148594,25.0305955
113,9,26,16,55,2,05中正區,中正區重慶南路2段與泉州街9巷口,0,0,1,2,C03,8,6,5,50,3,1,1,4,4,5,13,4,4,1,4,5,2,17,1,50,2,9,5,1,7,9,1,10,2,14,,14,,1,21,121.5148594,25.0305955
113,9,26,17,6,2,02萬華區,萬華區漢中街131號,0,0,1,1,A01,6,6,5,50,11,9,1,4,4,5,13,4,4,9,5,5,2,9,1,49,3,10,3,4,7,1,1,1,1,17,,42,,1,21,121.5074255,25.0420348
113,9,26,17,6,2,02萬華區,萬華區漢中街131號,0,0,1,2,H02,6,6,5,50,11,9,1,4,4,5,13,4,4,9,5,5,2,9,2,66,2,9,3,5,7,20,8,20,10,16,,67,,1,21,121.5074255,25.0420348
113,9,26,17,13,2,04大安區,大安區辛亥路2段與復興南路2段口,0,0,2,1,F01,8,6,5,50,4,1,1,5,4,5,13,2,1,1,3,4,2,11,1,18,2,1,4,1,7,9,8,20,2,11,,108,,1,21,121.5432075,25.0209639
113,9,26,17,13,2,04大安區,大安區辛亥路2段與復興南路2段口,0,0,2,2,F01,8,6,5,50,4,1,1,5,4,5,13,2,1,1,3,4,2,11,2,43,2,9,4,1,7,9,8,20,2,11,,108,,1,21,121.5432075,25.0209639
113,9,26,17,21,2,09北投區,北投區文林北路22號,0,0,1,1,C03,7,5,5,50,14,9,1,5,4,5,13,4,4,9,4,5,2,12,1,69,2,9,5,1,7,7,1,10,1,14,,101,,1,21,121.5187552,25.1047661
113,9,26,17,21,2,09北投區,北投區文林北路22號,0,0,1,2,C03,7,5,5,50,14,9,1,5,4,5,13,4,4,9,4,5,2,12,1,18,3,10,5,1,7,9,1,10,1,12,,108,,1,21,121.5187552,25.1047661
113,9,26,18,7,2,10文山區,文山區光輝路134巷與光輝路134巷3弄口,0,0,2,1,C03,8,5,5,50,14,9,1,5,4,5,13,4,4,9,5,5,2,3,1,70,3,10,5,4,7,9,1,10,2,11,,108,,1,21,121.5584062,24.9849721
113,9,26,18,7,2,10文山區,文山區光輝路134巷與光輝路134巷3弄口,0,0,2,2,H01,8,5,5,50,14,9,1,5,4,5,13,4,4,9,5,5,2,3,2,75,2,9,4,5,8,16,8,20,10,16,,44,,1,21,121.5584062,24.9849721
113,9,26,18,7,2,10文山區,文山區光輝路134巷與光輝路134巷3弄口,0,0,2,3,H01,8,5,5,50,14,9,1,5,4,5,13,4,4,9,5,5,2,3,2,42,2,9,4,5,8,16,8,20,10,16,,44,,1,21,121.5584062,24.9849721
113,9,26,18,12,2,09北投區,北投區大度路152號燈桿,0,0,2,1,C03,8,5,5,50,14,12,1,5,4,5,13,4,4,1,4,5,2,13,1,56,2,9,5,1,7,9,1,10,1,11,,16,,1,21,121.4894433,25.1216022
113,9,26,18,12,2,09北投區,北投區大度路152號燈桿,0,0,2,2,C03,8,5,5,50,14,12,1,5,4,5,13,4,4,1,4,5,2,13,1,43,2,9,5,1,7,9,1,10,1,13,,44,,1,21,121.4894433,25.1216022
113,9,26,18,18,2,03中山區,中山區建國北路3段與五常街東側附近南口,0,0,1,1,B12,7,5,5,50,3,2,1,5,4,5,13,2,1,5,4,5,2,2,1,33,3,10,3,4,7,5,1,8,2,1,,44,,1,21,121.5372464,25.063716
113,9,26,18,18,2,03中山區,中山區建國北路3段與五常街東側附近南口,0,0,1,2,H01,7,5,5,50,3,2,1,5,4,5,13,2,1,5,4,5,2,2,2,58,2,9,4,5,8,16,8,20,10,16,,53,,1,21,121.5372464,25.063716
113,9,26,18,24,2,04大安區,大安區辛亥路3段與辛亥路3段157巷口,0,0,2,1,C03,8,5,5,50,4,1,1,5,4,5,13,2,1,1,4,5,1,13,2,53,2,9,3,4,7,9,1,10,1,11,,16,,1,21,121.5492067,25.017083
113,9,26,18,24,2,04大安區,大安區辛亥路3段與辛亥路3段157巷口,0,0,2,2,C03,8,5,5,50,4,1,1,5,4,5,13,2,1,1,4,5,1,13,1,33,2,8,3,4,7,9,1,10,1,13,,44,,1,21,121.5492067,25.017083
113,9,26,18,42,2,12內湖區,內湖區舊宗路1段2號,0,0,2,1,B03,8,5,5,50,14,9,1,5,4,5,13,4,4,3,4,5,2,17,1,51,2,6,7,1,7,9,1,8,1,2,,17,,1,21,121.5809471,25.05767541
113,9,26,18,42,2,12內湖區,內湖區舊宗路1段2號,0,0,2,2,B03,8,5,5,50,14,9,1,5,4,5,13,4,4,3,4,5,2,17,1,33,2,6,7,1,7,9,1,8,1,4,,17,,1,21,121.5809471,25.05767541
113,9,26,18,45,2,07信義區,信義區莊敬路與松仁路口口,0,0,1,1,C03,7,5,5,50,4,1,1,5,4,5,13,2,1,5,5,5,2,16,2,56,2,7,6,1,7,5,1,10,2,14,,8,,1,21,121.5684351,25.0266473
113,9,26,18,45,2,07信義區,信義區莊敬路與松仁路口口,0,0,1,2,B03,7,5,5,50,4,1,1,5,4,5,13,2,1,5,5,5,2,16,1,37,3,10,7,1,7,9,1,8,2,7,,44,,1,21,121.5684351,25.0266473
113,9,26,18,50,2,03中山區,中山區天津街與中山北路1段53巷口,0,0,2,1,C03,8,5,5,50,4,1,1,5,4,1,13,3,1,10,5,5,2,16,2,69,2,9,6,1,7,5,1,10,1,11,,8,,1,21,121.5227163,25.04907715
113,9,26,18,50,2,03中山區,中山區天津街與中山北路1段53巷口,0,0,2,2,C02,8,5,5,50,4,1,1,5,4,1,13,3,1,10,5,5,2,16,1,43,2,8,6,1,7,9,1,9,1,11,,44,,1,21,121.5227163,25.04907715
113,9,26,19,20,2,11南港區,南港區向陽路與重陽路口,0,0,1,1,B03,8,5,5,50,3,1,1,5,4,5,13,1,1,1,3,5,2,11,2,61,3,10,3,4,7,11,1,8,1,1,,10,,1,22,121.5945707,25.0549673
113,9,26,19,20,2,11南港區,南港區向陽路與重陽路口,0,0,1,2,C03,8,5,5,50,3,1,1,5,4,5,13,1,1,1,3,5,2,11,1,40,2,9,3,4,7,9,1,10,1,11,,14,,1,22,121.5945707,25.0549673
113,9,26,19,30,2,11南港區,南港區舊莊街1段29號,0,0,1,1,H01,8,5,5,50,14,9,1,5,4,5,13,4,4,9,4,5,2,3,1,8,2,8,4,5,8,18,8,20,10,16,,53,,1,21,121.6183374,25.0413621
113,9,26,19,30,2,11南港區,南港區舊莊街1段29號,0,0,1,2,B03,8,5,5,50,14,9,1,5,4,5,13,4,4,9,4,5,2,3,1,38,3,10,7,1,7,9,1,8,1,4,,44,,1,21,121.6183374,25.0413621
113,9,26,19,42,2,08士林區,士林區文林路510號,0,0,1,1,B03,8,5,5,50,14,9,1,5,4,5,13,4,4,5,5,5,2,14,1,60,3,10,7,1,7,2,1,8,2,8,,118,,1,21,121.5242034,25.0968661
113,9,26,19,42,2,08士林區,士林區文林路510號,0,0,1,2,C01,8,5,5,50,14,9,1,5,4,5,13,4,4,5,5,5,2,14,1,34,2,9,6,1,7,15,1,9,2,17,,42,,1,21,121.5242034,25.0968661
113,9,26,19,42,2,08士林區,士林區文林路510號,0,0,1,3,,8,5,5,50,14,9,1,5,4,5,13,4,4,5,5,5,2,14,3,,,,,,,,,,,,,67,,1,,121.5242034,25.0968661
113,9,26,20,44,2,05中正區,中正區延平南路164號,0,0,1,1,C03,8,5,5,50,14,9,1,5,4,5,13,4,4,9,5,5,1,14,2,46,2,9,6,1,7,2,1,10,2,13,,12,,1,22,121.5082655,25.0374393
113,9,26,20,44,2,05中正區,中正區延平南路164號,0,0,1,2,B02,8,5,5,50,14,9,1,5,4,5,13,4,4,9,5,5,1,14,1,41,3,10,7,1,7,9,1,8,2,5,,44,,1,22,121.5082655,25.0374393
113,9,26,20,48,2,08士林區,士林區天母北路87巷與中山北路7段81巷28弄口,0,0,2,1,B03,8,5,5,50,18,9,1,5,4,5,13,4,4,10,5,5,1,17,1,26,3,10,7,1,7,15,1,8,1,1,,78,,1,21,121.5295399,25.1231432
113,9,26,20,48,2,08士林區,士林區天母北路87巷與中山北路7段81巷28弄口,0,0,2,2,C03,8,5,5,50,18,9,1,5,4,5,13,4,4,10,5,5,1,17,2,44,2,9,6,1,7,15,1,10,1,12,,80,,1,21,121.5295399,25.1231432
113,9,26,20,48,2,08士林區,士林區天母北路87巷與中山北路7段81巷28弄口,0,0,2,3,H02,8,5,5,50,18,9,1,5,4,5,13,4,4,10,5,5,1,17,2,6,2,9,6,5,7,21,8,20,10,16,,67,,1,21,121.5295399,25.1231432
113,9,26,20,50,2,05中正區,中正區廈門街與廈門街114巷口,0,0,1,1,B03,8,5,5,30,3,1,1,5,4,5,13,2,1,9,5,5,2,16,1,50,4,11,3,4,7,5,7,19,11,15,,118,,2,22,121.5173623,25.0232122
113,9,26,20,50,2,05中正區,中正區廈門街與廈門街114巷口,0,0,1,2,H01,8,5,5,30,3,1,1,5,4,5,13,2,1,9,5,5,2,16,2,32,2,9,4,4,7,9,8,20,2,14,,118,,1,21,121.5173623,25.0232122
113,9,26,21,0,2,03中山區,中山區中山北路2段與民權西路口,0,0,1,1,B03,8,5,5,50,4,1,1,5,4,5,13,2,2,5,4,1,2,15,1,45,3,10,7,1,7,9,1,8,2,5,,108,,1,21,121.5225657,25.0626633
113,9,26,21,0,2,03中山區,中山區中山北路2段與民權西路口,0,0,1,2,C03,8,5,5,50,4,1,1,5,4,5,13,2,2,5,4,1,2,15,1,52,2,8,6,1,7,9,1,10,2,11,,44,,1,21,121.5225657,25.0626633
113,9,26,21,31,2,09北投區,北投區北投路2段與大興街23巷口,0,0,1,1,C03,8,5,5,50,3,1,1,5,4,5,13,1,1,4,4,4,2,13,2,23,3,10,6,1,7,9,1,10,2,11,,16,,1,21,121.4990781,25.1308889
113,9,26,21,31,2,09北投區,北投區北投路2段與大興街23巷口,0,0,1,2,C03,8,5,5,50,3,1,1,5,4,5,13,1,1,4,4,4,2,13,2,45,2,8,6,1,7,15,1,10,2,13,,44,,1,21,121.4990781,25.1308889
113,9,26,22,1,2,11南港區,南港區市民大道8段與南港路2段41巷口,0,0,2,1,C03,8,5,5,50,4,1,1,5,4,5,13,2,1,1,4,5,2,16,1,30,2,9,5,1,7,5,1,10,1,12,,8,,1,21,121.603296,25.0527023
113,9,26,22,1,2,11南港區,南港區市民大道8段與南港路2段41巷口,0,0,2,2,C03,8,5,5,50,4,1,1,5,4,5,13,2,1,1,4,5,2,16,1,19,2,9,5,1,7,9,1,10,1,11,,44,,1,21,121.603296,25.0527023
113,9,26,22,42,2,01大同區,大同區延平北路4段與延平北路4段294巷口,0,0,1,1,C03,7,5,5,50,3,2,1,5,4,5,13,1,1,1,4,5,2,17,1,37,2,9,6,1,7,15,1,10,1,12,,42,,1,21,121.5120581,25.0772334
113,9,26,22,42,2,01大同區,大同區延平北路4段與延平北路4段294巷口,0,0,1,2,C03,7,5,5,50,3,2,1,5,4,5,13,1,1,1,4,5,2,17,1,26,3,10,6,1,7,14,1,10,1,14,,44,,1,21,121.5120581,25.0772334
113,9,26,22,44,2,08士林區,士林區文林路173號,0,0,3,1,C03,7,5,5,50,14,9,1,5,4,5,13,4,4,5,5,5,1,16,1,18,2,9,5,1,7,5,1,10,1,14,,8,,1,21,121.5269899,25.0897021
113,9,26,22,44,2,08士林區,士林區文林路173號,0,0,3,2,C03,7,5,5,50,14,9,1,5,4,5,13,4,4,5,5,5,1,16,2,21,2,9,5,1,7,5,1,10,1,11,,44,,1,21,121.5269899,25.0897021
113,9,26,22,44,2,08士林區,士林區文林路173號,0,0,3,3,H02,7,5,5,50,14,9,1,5,4,5,13,4,4,5,5,5,1,16,2,35,2,9,5,5,7,20,8,20,10,16,,67,,1,21,121.5269899,25.0897021
113,9,27,0,2,2,10文山區,文山區木柵路1段與木柵路1段59巷口,0,0,2,1,F03,7,6,5,50,4,1,1,5,4,5,12,2,1,10,5,5,2,16,2,50,2,8,4,1,7,5,8,20,2,12,,71,,1,21,121.5459817,24.9867802
113,9,27,0,2,2,10文山區,文山區木柵路1段與木柵路1段59巷口,0,0,2,2,C03,7,6,5,50,4,1,1,5,4,5,12,2,1,10,5,5,2,16,1,23,2,8,6,1,7,9,1,10,2,11,,44,,1,21,121.5459817,24.9867802
113,9,27,6,0,2,07信義區,信義區基隆路2段109號,0,0,2,1,F01,8,7,5,0,22,20,4,5,4,5,13,4,4,10,5,5,2,10,1,31,2,8,4,1,7,15,8,20,1,11,,42,,1,21,121.5572586,25.0289312
113,9,27,6,0,2,07信義區,信義區基隆路2段109號,0,0,2,2,F01,8,7,5,0,22,20,4,5,4,5,13,4,4,10,5,5,2,10,1,17,2,1,4,1,7,9,8,20,1,11,,44,,1,21,121.5572586,25.0289312
113,9,27,6,26,2,09北投區,北投區中央北路4段與大度路3段口,0,0,3,1,C03,8,6,5,50,4,1,1,5,4,5,13,2,1,1,4,5,2,17,1,22,2,9,6,1,7,9,1,10,1,11,,44,,1,21,121.4647006,25.12383
113,9,27,6,26,2,09北投區,北投區中央北路4段與大度路3段口,0,0,3,2,C03,8,6,5,50,4,1,1,5,4,5,13,2,1,1,4,5,2,17,1,66,2,9,6,1,7,14,1,10,1,13,,44,,1,22,121.4647006,25.12383
113,9,27,6,26,2,09北投區,北投區中央北路4段與大度路3段口,0,0,3,3,H02,8,6,5,50,4,1,1,5,4,5,13,2,1,1,4,5,2,17,2,21,2,9,6,5,7,20,8,20,10,16,,67,,1,22,121.4647006,25.12383
113,9,27,6,58,2,08士林區,士林區福國路與中山北路6段35巷口,0,0,1,1,B03,8,5,5,50,5,1,1,5,4,5,13,2,1,1,4,5,2,15,1,62,3,10,3,4,7,9,1,8,1,4,,81,,1,22,121.5247769,25.1022289
113,9,27,6,58,2,08士林區,士林區福國路與中山北路6段35巷口,0,0,1,2,C03,8,5,5,50,5,1,1,5,4,5,13,2,1,1,4,5,2,15,1,28,2,7,3,4,7,9,1,9,1,11,,44,,1,22,121.5247769,25.1022289
113,9,27,7,20,2,08士林區,士林區基河路與小西街口,0,0,1,1,C03,8,6,5,50,3,1,1,5,4,5,13,4,4,5,4,5,2,13,1,51,2,8,3,4,7,9,1,9,1,11,,108,,1,21,121.5232239,25.0891635
113,9,27,7,20,2,08士林區,士林區基河路與小西街口,0,0,1,2,B03,8,6,5,50,3,1,1,5,4,5,13,4,4,5,4,5,2,13,1,35,3,10,3,4,7,9,1,8,1,6,,44,,1,21,121.5232239,25.0891635
113,9,27,7,33,2,10文山區,文山區興隆路4段38號前,0,0,1,1,C03,8,6,5,50,14,9,1,5,4,5,13,4,4,1,4,5,2,12,2,21,2,9,5,1,7,7,1,10,1,14,,100,,1,21,121.5603347,24.9881985
113,9,27,7,33,2,10文山區,文山區興隆路4段38號前,0,0,1,2,B03,8,6,5,50,14,9,1,5,4,5,13,4,4,1,4,5,2,12,2,45,3,10,7,1,7,9,1,8,1,2,,44,,1,21,121.5603347,24.9881985
113,9,27,7,35,2,12內湖區,內湖區康寧路3段與康寧路3段190巷口,0,0,1,1,C03,8,7,5,50,14,9,1,5,4,5,13,4,4,1,4,5,2,13,1,18,3,10,6,1,7,7,1,10,1,14,,100,,1,21,121.6119198,25.06822181
113,9,27,7,35,2,12內湖區,內湖區康寧路3段與康寧路3段190巷口,0,0,1,2,B02,8,7,5,50,14,9,1,5,4,5,13,4,4,1,4,5,2,13,1,57,3,10,3,4,7,9,1,8,1,2,,17,,1,21,121.6119198,25.06822181
113,9,27,7,35,2,12內湖區,內湖區康寧路3段與康寧路3段190巷口,0,0,1,3,C04,8,7,5,50,14,9,1,5,4,5,13,4,4,1,4,5,2,13,2,43,2,9,6,1,7,9,1,21,1,14,,44,,1,21,121.6119198,25.06822181
113,9,27,7,43,2,08士林區,士林區忠誠路2段與忠誠路2段50巷口,0,0,1,1,B03,8,5,5,50,3,2,1,5,4,5,13,2,1,1,4,1,2,16,1,44,3,10,2,1,7,5,1,8,1,1,,71,,1,21,121.5305571,25.11071689
113,9,27,7,43,2,08士林區,士林區忠誠路2段與忠誠路2段50巷口,0,0,1,2,C03,8,5,5,50,3,2,1,5,4,5,13,2,1,1,4,1,2,16,2,47,2,9,5,1,7,9,1,10,1,14,,44,,1,21,121.5305571,25.11071689
113,9,27,8,4,2,09北投區,北投區中央北路2段與中央北路2段131巷口,0,0,1,1,B03,8,6,5,30,14,9,1,5,4,5,13,4,4,9,4,5,2,16,2,43,3,10,7,1,7,5,1,8,1,4,,80,,1,21,121.4942149,25.13740206
113,9,27,8,4,2,09北投區,北投區中央北路2段與中央北路2段131巷口,0,0,1,2,C03,8,6,5,30,14,9,1,5,4,5,13,4,4,9,4,5,2,16,2,27,2,8,5,1,7,9,1,10,1,11,,44,,1,21,121.4942149,25.13740206
113,9,27,8,5,2,10文山區,文山區和平東路4段381巷與和平東路4段口,0,0,2,1,C03,8,5,5,40,3,1,1,5,4,5,13,4,4,10,5,5,1,17,1,20,2,9,6,1,7,5,1,10,1,12,,71,,1,21,121.5740342,24.9993643
113,9,27,8,5,2,10文山區,文山區和平東路4段381巷與和平東路4段口,0,0,2,2,C03,8,5,5,40,3,1,1,5,4,5,13,4,4,10,5,5,1,17,1,26,2,9,5,1,7,9,1,10,1,11,,13,,1,21,121.5740342,24.9993643
113,9,27,8,14,2,08士林區,士林區百齡橋東向西下橋處,0,0,1,2,C03,8,6,5,50,8,9,1,5,4,5,13,4,4,1,4,5,1,12,1,73,5,9,3,4,7,9,1,10,1,14,,44,,1,21,121.5105698,25.0872906
113,9,27,8,14,2,08士林區,士林區百齡橋東向西下橋處,0,0,1,1,B03,8,6,5,50,8,9,1,5,4,5,13,4,4,1,4,5,1,12,1,38,3,10,3,4,7,4,1,8,2,2,,108,,1,21,121.5105698,25.0872906
113,9,27,8,18,2,04大安區,大安區和平東路1段129號,0,0,1,1,B01,8,5,5,50,14,9,1,5,4,5,13,2,1,1,4,5,2,17,1,46,3,10,3,4,7,7,1,4,1,7,,100,,1,21,121.5289278,25.0265902
113,9,27,8,18,2,04大安區,大安區和平東路1段129號,0,0,1,2,C03,8,5,5,50,14,9,1,5,4,5,13,2,1,1,4,5,2,17,1,29,2,7,3,4,7,9,1,10,1,11,,44,,1,21,121.5289278,25.0265902
113,9,27,8,23,2,03中山區,中山區長安東路1段64號,0,0,1,1,B01,8,6,5,0,22,20,4,5,4,5,13,4,4,10,5,5,2,14,1,42,3,10,3,4,7,2,1,4,1,3,,12,,1,21,121.5294255,25.0479415
113,9,27,8,23,2,03中山區,中山區長安東路1段64號,0,0,1,2,F01,8,6,5,0,22,20,4,5,4,5,13,4,4,10,5,5,2,14,1,81,2,9,2,4,7,13,8,20,1,13,,99,,1,21,121.5294255,25.0479415
113,9,27,8,25,2,03中山區,中山區北安路往東、七海園區前,0,0,1,1,C03,8,7,5,50,14,9,1,5,4,5,13,4,4,1,4,5,2,13,2,20,2,8,6,4,7,9,1,10,1,11,,108,,1,21,121.5365628,25.07779875
113,9,27,8,25,2,03中山區,中山區北安路往東、七海園區前,0,0,1,2,B01,8,7,5,50,14,9,1,5,4,5,13,4,4,1,4,5,2,13,1,57,3,10,3,4,7,9,1,4,1,3,,44,,1,21,121.5365628,25.07779875
113,9,27,8,45,2,12內湖區,內湖區民權東路6段與民權東路6段191巷口,0,0,1,1,B03,8,7,5,30,4,2,1,5,4,5,13,2,1,1,4,4,2,16,1,23,3,10,3,4,7,5,1,8,2,5,,44,,1,21,121.5975353,25.0675975
113,9,27,8,45,2,12內湖區,內湖區民權東路6段與民權東路6段191巷口,0,0,1,2,C03,8,7,5,30,4,2,1,5,4,5,13,2,1,1,4,4,2,16,1,36,2,9,6,1,7,9,1,10,2,14,,99,,1,21,121.5975353,25.0675975
113,9,27,8,53,2,12內湖區,內湖區洲子街與瑞光路513巷口,0,0,1,1,B03,8,5,5,50,4,1,1,5,4,5,13,1,1,5,5,5,2,13,2,41,3,10,7,1,7,5,1,8,1,8,,16,,1,21,121.5703043,25.0803213
113,9,27,8,53,2,12內湖區,內湖區洲子街與瑞光路513巷口,0,0,1,2,C03,8,5,5,50,4,1,1,5,4,5,13,1,1,5,5,5,2,13,2,48,2,9,6,1,7,14,1,10,1,13,,44,,1,21,121.5703043,25.0803213
113,9,27,8,55,2,06松山區,松山區塔悠路215號,0,0,1,1,C03,8,7,5,50,14,9,1,5,4,5,13,4,4,9,4,5,2,17,1,20,3,10,6,1,7,6,1,10,2,12,,9,,1,22,121.569206,25.058855
113,9,27,8,55,2,06松山區,松山區塔悠路215號,0,0,1,2,C03,8,7,5,50,14,9,1,5,4,5,13,4,4,9,4,5,2,17,1,33,2,9,6,1,7,9,1,10,2,11,,44,,1,22,121.569206,25.058855
113,9,27,8,55,2,06松山區,松山區塔悠路215號,0,0,1,3,C03,8,7,5,50,14,9,1,5,4,5,13,4,4,9,4,5,2,17,1,47,3,10,5,1,7,9,6,10,9,11,,44,,1,22,121.569206,25.058855