發生年度,發生月,發生日,發生時-Hours,發生分,處理別-編號,區序,肇事地點,死亡人數,2-30日死亡人數,受傷人數,當事人序號,車種,天候,道路照明設備,道路類別,速限-速度限制,道路型態,事故位置,路面狀況1,路面狀況2,路面狀況3,道路障礙1,道路障礙2,號誌1,號誌2,車道劃分-分向,車道劃分-分道1,車道劃分-分道2,車道劃分-分道3,事故類型及型態,性別,年齡,受傷程度,主要傷處,保護裝置,行動電話,車輛用途,當事者行動狀態,駕駛資格情形,駕駛執照種類,飲酒情形,車輛撞擊部位1,車輛撞擊部位2,肇因碼-個別,肇因碼-主要,個人肇逃否,職業,座標-X,座標-Y
113,9,27,9,6,2,04大安區,大安區忠孝東路3段與建國南路1段口,0,0,1,1,C03,8,6,5,50,4,1,1,5,4,5,13,2,1,4,3,5,2,12,2,51,2,9,5,1,7,9,3,18,1,12,,44,,1,21,121.5373131,25.0417905
113,9,27,9,6,2,04大安區,大安區忠孝東路3段與建國南路1段口,0,0,1,2,C03,8,6,5,50,4,1,1,5,4,5,13,2,1,4,3,5,2,12,1,47,3,10,6,1,7,9,1,10,1,14,,17,,1,21,121.5373131,25.0417905
113,9,27,9,24,2,11南港區,南港區松河街與中坡北路口,0,0,1,1,B13,8,6,5,40,4,2,1,5,4,5,13,4,4,1,5,5,2,16,1,58,3,10,7,1,7,8,1,8,1,2,,101,,1,21,121.5801556,25.0521514
113,9,27,9,24,2,11南港區,南港區松河街與中坡北路口,0,0,1,2,C04,8,6,5,40,4,2,1,5,4,5,13,4,4,1,5,5,2,16,2,28,2,9,5,1,7,9,1,10,1,14,,44,,1,21,121.5801556,25.0521514
113,9,27,10,5,2,03中山區,中山區民權東路2段與松江路口,0,0,1,1,C03,8,7,5,50,4,1,1,5,4,5,13,1,1,1,4,5,2,3,1,43,3,10,5,1,7,9,1,10,1,11,,70,,1,22,121.5334026,25.0625846
113,9,27,10,5,2,03中山區,中山區民權東路2段與松江路口,0,0,1,2,H01,8,7,5,50,4,1,1,5,4,5,13,1,1,1,4,5,2,3,2,88,2,9,4,5,8,16,8,20,10,16,,122,,1,22,121.5334026,25.0625846
113,9,27,10,14,2,03中山區,中山區長安東路2段199號,0,0,1,1,C03,8,6,5,50,14,9,1,5,4,5,13,4,4,8,3,5,1,17,1,45,3,10,5,1,7,9,6,10,1,11,,16,,1,21,121.5434606,25.0482825
113,9,27,10,14,2,03中山區,中山區長安東路2段199號,0,0,1,2,F02,8,6,5,50,14,9,1,5,4,5,13,4,4,8,3,5,1,17,1,46,2,8,4,1,7,9,8,20,1,13,,44,,1,21,121.5434606,25.0482825
113,9,27,10,27,2,09北投區,北投區學園路1號,0,0,1,1,C03,8,6,5,40,14,18,1,5,4,5,13,2,1,9,4,5,2,9,1,19,2,8,5,1,7,9,1,10,1,12,,70,,1,21,121.4660926,25.12969636
113,9,27,10,27,2,09北投區,北投區學園路1號,0,0,1,2,H01,8,6,5,40,14,18,1,5,4,5,13,2,1,9,4,5,2,9,1,20,3,10,4,5,8,16,8,20,10,16,,67,,1,21,121.4660926,25.12969636
113,9,27,10,58,2,04大安區,大安區忠孝東路3段與安東街口,0,0,1,1,B12,7,6,5,50,3,1,1,5,4,5,13,4,4,3,4,5,2,16,1,39,3,10,7,4,7,6,1,8,1,5,,9,,1,21,121.5430298,25.0417499
113,9,27,10,58,2,04大安區,大安區忠孝東路3段與安東街口,0,0,1,2,C03,7,6,5,50,3,1,1,5,4,5,13,4,4,3,4,5,2,16,2,24,2,8,6,4,7,9,1,10,1,14,,44,,1,21,121.5430298,25.0417499
113,9,27,11,2,2,09北投區,北投區知行路38號,0,0,1,1,B03,8,6,5,30,14,9,1,5,4,5,13,4,4,10,5,5,2,2,1,68,3,10,7,1,7,9,1,8,9,2,,17,,2,21,121.46715,25.1181731
113,9,27,11,2,2,09北投區,北投區知行路38號,0,0,1,2,H01,8,6,5,30,14,9,1,5,4,5,13,4,4,10,5,5,2,2,1,23,2,7,4,5,8,20,8,20,10,16,,60,,1,21,121.46715,25.1181731
113,9,27,11,2,2,12內湖區,內湖區民權東路6段138號前,0,0,1,1,C04,7,6,5,50,14,9,1,5,4,5,13,4,4,1,4,5,2,13,2,41,2,9,5,1,7,6,1,11,1,13,,9,,1,21,121.5887807,25.0689641
113,9,27,11,2,2,12內湖區,內湖區民權東路6段138號前,0,0,1,2,B03,7,6,5,50,14,9,1,5,4,5,13,4,4,1,4,5,2,13,1,41,3,10,7,1,7,9,1,8,1,1,,44,,1,21,121.5887807,25.0689641
113,9,27,11,38,2,10文山區,文山區木柵路2段與木柵路2段54巷口口,0,0,2,1,B03,7,6,5,50,4,2,1,5,4,5,13,1,1,5,4,5,2,13,1,52,3,10,7,1,7,9,1,7,2,1,,108,,1,21,121.5585951,24.9887099
113,9,27,11,38,2,10文山區,文山區木柵路2段與木柵路2段54巷口口,0,0,2,2,C03,7,6,5,50,4,2,1,5,4,5,13,1,1,5,4,5,2,13,1,47,2,9,5,1,7,9,1,10,2,13,,44,,1,21,121.5585951,24.9887099
113,9,27,11,38,2,10文山區,文山區木柵路2段與木柵路2段54巷口口,0,0,2,3,B03,7,6,5,50,4,2,1,5,4,5,13,1,1,5,4,5,2,13,1,52,3,10,3,4,7,13,1,8,11,4,,44,,1,21,121.5585951,24.9887099
113,9,27,11,38,2,10文山區,文山區木柵路2段與木柵路2段54巷口口,0,0,2,4,H02,7,6,5,50,4,2,1,5,4,5,13,1,1,5,4,5,2,13,2,21,2,9,5,5,7,20,8,20,10,16,,67,,1,21,121.5585951,24.9887099
113,9,27,11,42,2,10文山區,文山區木柵路4段與木柵路4段159巷口,0,0,1,1,C03,6,7,5,50,3,1,1,4,4,5,13,2,1,10,5,5,2,17,1,25,2,9,5,1,7,9,1,10,1,14,,108,,1,21,121.5756012,24.9997509
113,9,27,11,42,2,10文山區,文山區木柵路4段與木柵路4段159巷口,0,0,1,2,C03,6,7,5,50,3,1,1,4,4,5,13,2,1,10,5,5,2,17,1,40,3,10,5,1,7,15,1,10,9,17,,100,,1,21,121.5756012,24.9997509
113,9,27,11,55,2,01大同區,大同區承德路1段與長安西路口,0,0,2,1,B01,6,6,5,50,4,2,1,4,4,5,13,1,1,1,2,5,2,13,1,56,3,10,7,4,7,9,1,4,9,8,,16,,1,21,121.5170294,25.0516904
113,9,27,11,55,2,01大同區,大同區承德路1段與長安西路口,0,0,2,2,C03,6,6,5,50,4,2,1,4,4,5,13,1,1,1,2,5,2,13,2,22,2,6,5,4,7,14,1,10,9,13,,44,,1,21,121.5170294,25.0516904
113,9,27,11,55,2,01大同區,大同區承德路1段與長安西路口,0,0,2,3,H02,6,6,5,50,4,2,1,4,4,5,13,1,1,1,2,5,2,13,2,22,2,9,5,5,7,20,8,20,10,16,,67,,1,21,121.5170294,25.0516904
113,9,27,12,12,2,04大安區,大安區和平東路1段與師大路口,0,0,1,1,F03,7,6,5,50,3,2,1,4,4,5,13,2,1,5,4,5,2,17,4,0,,,,,,,,,11,,,119,,,,121.5289267,25.0262239
113,9,27,12,12,2,04大安區,大安區和平東路1段與師大路口,0,0,1,2,C03,7,6,5,50,3,2,1,4,4,5,13,2,1,5,4,5,2,17,2,25,2,9,6,4,7,9,1,10,9,15,,119,,1,22,121.5289267,25.0262239
113,9,27,12,27,2,07信義區,信義區忠孝東路5段721號,0,0,1,1,C03,6,7,5,0,14,25,1,4,4,5,13,4,4,10,5,5,2,9,2,30,3,10,3,4,7,9,1,10,1,14,,44,,1,21,121.5805379,25.0427602
113,9,27,12,27,2,07信義區,信義區忠孝東路5段721號,0,0,1,2,H01,6,7,5,0,14,25,1,4,4,5,13,4,4,10,5,5,2,9,2,43,2,9,4,5,8,17,8,20,10,16,,67,,1,21,121.5805379,25.0427602
113,9,27,12,37,2,01大同區,大同區延平北路4段與迪化街2段268巷口,0,0,1,1,C03,8,7,5,50,3,2,1,5,4,5,13,4,4,5,4,5,2,17,2,38,2,9,3,4,7,9,1,10,1,14,,16,,1,21,121.5109056,25.07058
113,9,27,12,37,2,01大同區,大同區延平北路4段與迪化街2段268巷口,0,0,1,2,B01,8,7,5,50,3,2,1,5,4,5,13,4,4,5,4,5,2,17,1,59,3,10,3,4,7,15,1,8,1,6,,44,,1,21,121.5109056,25.07058
113,9,27,12,37,2,01大同區,大同區延平北路4段與迪化街2段268巷口,0,0,1,3,H01,8,7,5,50,3,2,1,5,4,5,13,4,4,5,4,5,2,17,4,0,3,10,3,4,7,21,8,20,10,16,,67,,2,21,121.5109056,25.07058
113,9,27,12,45,2,05中正區,中正區重慶南路3段與福州街口,0,0,1,1,B03,7,6,5,50,5,2,1,5,4,5,13,2,1,1,4,5,1,16,1,64,3,10,7,1,7,6,1,8,1,2,,9,,1,21,121.5161376,25.0271371
113,9,27,12,45,2,05中正區,中正區重慶南路3段與福州街口,0,0,1,2,C03,7,6,5,50,5,2,1,5,4,5,13,2,1,1,4,5,1,16,2,37,2,9,5,1,7,9,1,10,1,14,,44,,1,21,121.5161376,25.0271371
113,9,27,13,32,2,04大安區,大安區泰順街與溫州街18巷口,0,0,2,1,C03,7,6,5,30,3,1,1,5,4,5,13,4,4,9,5,5,2,16,1,75,2,9,6,4,7,5,1,10,1,14,,8,,1,22,121.531439,25.0248944
113,9,27,13,32,2,04大安區,大安區泰順街與溫州街18巷口,0,0,2,2,C03,7,6,5,30,3,1,1,5,4,5,13,4,4,9,5,5,2,16,1,20,2,7,6,4,7,9,1,10,1,17,,14,,1,22,121.531439,25.0248944
113,9,27,14,30,2,03中山區,中山區敬業二路與樂群三路口,0,0,1,1,B01,6,7,5,50,4,1,1,4,4,5,13,1,1,9,4,5,2,12,1,52,3,10,7,1,7,15,1,4,2,2,,44,,1,21,121.5544338,25.0826258
113,9,27,14,30,2,03中山區,中山區敬業二路與樂群三路口,0,0,1,2,C03,6,7,5,50,4,1,1,4,4,5,13,1,1,9,4,5,2,12,2,43,2,9,5,1,7,9,1,10,1,14,,44,,1,21,121.5544338,25.0826258
113,9,27,15,0,2,06松山區,松山區市民大道4段129號,0,0,2,1,C01,7,7,5,40,14,9,1,5,4,5,13,4,4,1,4,5,2,13,1,39,2,8,5,1,7,9,1,9,1,11,,16,,1,21,121.5500376,25.04484617
113,9,27,15,0,2,06松山區,松山區市民大道4段129號,0,0,2,2,B03,7,7,5,40,14,9,1,5,4,5,13,4,4,1,4,5,2,13,1,76,3,10,7,1,7,12,1,8,1,6,,44,,1,21,121.5500376,25.04484617
113,9,27,15,0,2,06松山區,松山區市民大道4段129號,0,0,2,3,C03,7,7,5,40,14,9,1,5,4,5,13,4,4,1,4,5,2,13,2,38,2,8,5,1,7,9,1,10,1,14,,44,,1,21,121.5500376,25.04484617
113,9,27,15,10,2,01大同區,大同區承德路3段198巷與承德路3段208巷口,0,0,1,1,B03,7,6,5,30,3,1,1,5,4,5,13,4,4,10,5,5,2,16,1,57,3,10,7,1,7,5,1,8,2,8,,72,,1,21,121.5185043,25.07072089
113,9,27,15,10,2,01大同區,大同區承德路3段198巷與承德路3段208巷口,0,0,1,2,C04,7,6,5,30,3,1,1,5,4,5,13,4,4,10,5,5,2,16,1,51,2,9,6,1,7,9,1,10,2,11,,13,,1,21,121.5185043,25.07072089
113,9,27,15,10,2,01大同區,大同區承德路3段198巷與承德路3段208巷口,0,0,1,3,B03,7,6,5,30,3,1,1,5,4,5,13,4,4,10,5,5,2,16,1,43,3,10,7,1,7,14,1,8,2,17,,38,,1,21,121.5185043,25.07072089
113,9,27,15,19,2,03中山區,中山區北安路與大直橋口,0,0,1,1,B03,7,7,5,50,4,1,1,5,4,5,13,1,1,1,4,5,2,16,1,19,3,10,7,1,7,11,1,8,2,4,,98,,1,22,121.5444058,25.0796199
113,9,27,15,19,2,03中山區,中山區北安路與大直橋口,0,0,1,2,B03,7,7,5,50,4,1,1,5,4,5,13,1,1,1,4,5,2,16,1,27,2,9,7,1,7,5,1,8,2,1,,44,,1,22,121.5444058,25.0796199
113,9,27,15,20,2,08士林區,士林區承德路4段10巷與通河街76巷口,0,0,1,1,C03,8,6,5,30,4,1,1,5,4,5,13,4,4,5,5,5,1,16,1,31,2,8,6,1,7,9,1,10,1,11,,72,,1,22,121.5201467,25.0801123
113,9,27,15,20,2,08士林區,士林區承德路4段10巷與通河街76巷口,0,0,1,2,B02,8,6,5,30,4,1,1,5,4,5,13,4,4,5,5,5,1,16,1,34,3,10,7,1,7,9,1,8,1,2,,44,,1,22,121.5201467,25.0801123
113,9,27,16,0,2,03中山區,中山區濱江街150巷與濱江街口,0,0,2,1,C03,7,7,5,40,3,1,1,4,4,5,13,3,1,1,4,5,2,3,1,23,2,9,5,1,7,9,1,10,1,11,,13,,1,21,121.5222433,25.05808099
113,9,27,16,0,2,03中山區,中山區濱江街150巷與濱江街口,0,0,2,2,H01,7,7,5,40,3,1,1,4,4,5,13,3,1,1,4,5,2,3,1,50,2,9,4,5,8,18,8,20,10,16,,121,,1,21,121.5222433,25.05808099
113,9,27,16,12,2,07信義區,信義區信義路5段91巷6號,0,0,1,1,F01,6,7,5,0,14,20,4,4,4,5,13,4,4,10,5,5,2,17,2,34,2,9,2,1,7,5,8,20,1,15,,80,,1,22,121.5716032,25.0329823
113,9,27,16,12,2,07信義區,信義區信義路5段91巷6號,0,0,1,2,F01,6,7,5,0,14,20,4,4,4,5,13,4,4,10,5,5,2,17,2,19,3,10,2,1,7,9,8,20,1,11,,44,,1,22,121.5716032,25.0329823
113,9,27,17,32,2,01大同區,大同區重慶北路2段與南京西路口,0,0,1,1,B03,6,5,5,40,5,1,1,4,4,5,13,2,1,1,4,5,2,12,1,58,3,10,3,4,7,15,1,8,1,8,,17,,1,22,121.5147005,25.0542093
113,9,27,17,32,2,01大同區,大同區重慶北路2段與南京西路口,0,0,1,2,C03,6,5,5,40,5,1,1,4,4,5,13,2,1,1,4,5,2,12,2,69,2,9,6,4,7,15,1,10,1,12,,17,,1,22,121.5147005,25.0542093
113,9,27,17,45,2,03中山區,中山區樂群二路與敬業四路口,0,0,1,1,C03,6,5,5,50,3,1,1,4,4,5,13,2,1,1,4,5,2,16,2,28,2,8,6,4,7,11,1,10,1,13,,103,,1,21,121.5291309,25.09139
113,9,27,17,45,2,03中山區,中山區樂群二路與敬業四路口,0,0,1,2,B03,6,5,5,50,3,1,1,4,4,5,13,2,1,1,4,5,2,16,2,40,3,10,3,4,7,9,1,8,1,1,,44,,1,21,121.5291309,25.09139
113,9,27,17,47,2,05中正區,中正區汀州路3段178號,0,0,1,1,C03,6,5,5,50,14,9,1,4,4,5,13,4,4,5,5,5,2,13,2,54,2,7,5,1,7,9,1,10,1,11,,16,,1,22,121.5348198,25.0131463
113,9,27,17,47,2,05中正區,中正區汀州路3段178號,0,0,1,2,C01,6,5,5,50,14,9,1,4,4,5,13,4,4,5,5,5,2,13,1,33,3,10,5,1,7,14,1,9,1,13,,44,,1,22,121.5348198,25.0131463
113,9,27,17,57,2,06松山區,松山區敦化北路與民生東路4段口,0,0,1,1,C03,6,5,5,50,4,1,1,4,4,5,13,2,1,9,4,4,2,17,2,32,2,7,6,1,7,9,1,10,1,12,,44,,1,21,121.5492704,25.0576821
113,9,27,17,57,2,06松山區,松山區敦化北路與民生東路4段口,0,0,1,2,B03,6,5,5,50,4,1,1,4,4,5,13,2,1,9,4,4,2,17,1,27,3,10,7,1,7,8,1,8,1,17,,100,,1,21,121.5492704,25.0576821
113,9,27,18,15,2,06松山區,松山區民權東路4段與三民路口,0,0,1,1,B03,6,5,5,50,3,1,1,4,4,5,13,2,1,1,4,4,2,12,1,55,3,10,7,1,7,9,1,8,1,2,,44,,1,21,121.5628655,25.0627287
113,9,27,18,15,2,06松山區,松山區民權東路4段與三民路口,0,0,1,2,C03,6,5,5,50,3,1,1,4,4,5,13,2,1,1,4,4,2,12,2,57,2,8,5,1,7,9,1,10,1,14,,101,,1,21,121.5628655,25.0627287
113,9,27,18,17,2,03中山區,中山區南京東路3段210號,0,0,1,2,B03,6,5,5,50,14,9,1,4,4,5,13,4,4,1,4,4,2,12,2,27,3,10,7,1,7,9,1,8,1,5,,44,,1,21,121.5433109,25.0517874
113,9,27,18,17,2,03中山區,中山區南京東路3段210號,0,0,1,1,C03,6,5,5,50,14,9,1,4,4,5,13,4,4,1,4,4,2,12,1,23,2,8,6,1,7,7,1,10,1,14,,100,,1,21,121.5433109,25.0517874
113,9,27,18,20,2,03中山區,中山區敬業一路128巷9號,0,0,2,1,B03,6,5,5,50,14,9,1,4,4,5,13,4,4,9,4,5,2,16,1,65,3,10,7,1,7,11,1,8,1,4,,10,,1,21,121.5531364,25.08337646
113,9,27,18,20,2,03中山區,中山區敬業一路128巷9號,0,0,2,2,C03,6,5,5,50,14,9,1,4,4,5,13,4,4,9,4,5,2,16,1,22,2,9,6,1,7,9,1,10,1,11,,44,,1,25,121.5531364,25.08337646
113,9,27,18,20,2,03中山區,中山區敬業一路128巷9號,0,0,2,3,H02,6,5,5,50,14,9,1,4,4,5,13,4,4,9,4,5,2,16,2,21,2,9,6,5,7,20,8,20,10,16,,67,,1,25,121.5531364,25.08337646
113,9,27,18,24,2,01大同區,大同區市民高架道往西（6510996燈桿）,0,0,1,1,B03,6,5,5,50,10,16,1,4,4,5,13,4,4,9,4,5,2,17,2,34,3,10,7,1,7,9,1,8,2,1,,16,,1,21,121.5125644,25.04970924
113,9,27,18,24,2,01大同區,大同區市民高架道往西（6510996燈桿）,0,0,1,2,C02,6,5,5,50,10,16,1,4,4,5,13,4,4,9,4,5,2,17,1,41,2,9,5,1,7,14,1,9,2,13,,44,,1,21,121.5125644,25.04970924
113,9,27,18,24,2,01大同區,大同區市民高架道往西（6510996燈桿）,0,0,1,3,B03,6,5,5,50,10,16,1,4,4,5,13,4,4,9,4,5,2,17,2,45,3,10,7,1,7,14,1,8,2,6,,44,,1,21,121.5125644,25.04970924
113,9,27,18,27,2,10文山區,文山區新光路1段與新光路1段65巷口口,0,0,1,1,B03,7,5,5,30,3,1,1,4,4,5,13,4,4,9,5,5,1,16,1,63,3,10,7,4,7,6,1,8,2,8,,72,,1,21,121.573733,24.9902182
113,9,27,18,27,2,10文山區,文山區新光路1段與新光路1段65巷口口,0,0,1,2,C03,7,5,5,30,3,1,1,4,4,5,13,4,4,9,5,5,1,16,1,51,2,7,5,1,7,9,1,10,2,11,,14,,1,21,121.573733,24.9902182
113,9,27,18,27,2,10文山區,文山區新光路1段與新光路1段65巷口口,0,0,1,3,C03,7,5,5,30,3,1,1,4,4,5,13,4,4,9,5,5,1,16,1,47,3,10,3,4,7,13,7,19,1,14,,44,,1,21,121.573733,24.9902182
113,9,27,18,27,2,10文山區,文山區新光路1段與新光路1段65巷口口,0,0,1,4,C03,7,5,5,30,3,1,1,4,4,5,13,4,4,9,5,5,1,16,1,30,3,10,3,4,7,13,7,19,1,14,,44,,1,21,121.573733,24.9902182
113,9,27,18,27,2,10文山區,文山區新光路1段與新光路1段65巷口口,0,0,1,5,B03,7,5,5,30,3,1,1,4,4,5,13,4,4,9,5,5,1,16,1,43,3,10,3,4,7,13,7,19,1,15,,44,,1,21,121.573733,24.9902182
113,9,27,18,36,2,06松山區,松山區撫遠街與民權東路5段口,0,0,1,1,C03,7,5,5,50,4,1,1,4,4,5,13,2,1,1,3,5,2,16,2,40,2,9,6,1,7,6,1,10,1,12,,71,,1,22,121.5660108,25.0632506
113,9,27,18,36,2,06松山區,松山區撫遠街與民權東路5段口,0,0,1,2,C03,7,5,5,50,4,1,1,4,4,5,13,2,1,1,3,5,2,16,1,46,3,10,6,1,7,9,1,10,1,14,,86,,1,22,121.5660108,25.0632506
113,9,27,18,50,2,07信義區,信義區信義路4段與光復南路口,0,0,1,1,B03,6,6,5,50,5,2,1,4,4,5,13,2,1,1,4,5,2,16,2,48,3,10,7,1,7,5,1,8,1,8,,8,,1,21,121.5575352,25.0332024
113,9,27,18,50,2,07信義區,信義區信義路4段與光復南路口,0,0,1,2,C03,6,6,5,50,5,2,1,4,4,5,13,2,1,1,4,5,2,16,1,27,2,8,5,1,7,9,1,10,1,12,,44,,1,21,121.5575352,25.0332024
113,9,27,19,0,2,11南港區,南港區市民大道8段與忠孝東路7段325巷口,0,0,1,1,B03,6,5,5,50,3,1,1,4,4,5,13,1,1,1,3,5,2,15,1,38,3,10,3,4,7,11,1,8,1,2,,98,,1,21,121.605197,25.0529987
113,9,27,19,0,2,11南港區,南港區市民大道8段與忠孝東路7段325巷口,0,0,1,2,C03,6,5,5,50,3,1,1,4,4,5,13,1,1,1,3,5,2,15,2,40,2,8,3,4,7,9,1,10,1,11,,44,,1,21,121.605197,25.0529987
113,9,27,19,39,2,02萬華區,萬華區西園路1段72巷與西園路1段口,0,0,1,1,C03,6,5,5,50,4,1,1,4,4,5,13,3,1,8,3,5,1,17,1,51,3,10,5,1,7,5,1,10,1,11,,8,,1,21,121.4998292,25.0393741
113,9,27,19,39,2,02萬華區,萬華區西園路1段72巷與西園路1段口,0,0,1,2,C03,6,5,5,50,4,1,1,4,4,5,13,3,1,8,3,5,1,17,1,51,2,7,5,1,7,9,1,9,1,11,,44,,1,21,121.4998292,25.0393741
113,9,27,19,44,2,07信義區,信義區吳興街220巷與吳興街220巷37弄口,0,0,1,1,B03,6,5,5,50,5,2,1,4,4,5,13,2,1,5,4,5,2,3,1,68,3,10,7,1,7,9,1,8,1,1,,70,,1,21,121.5621601,25.0269806
113,9,27,19,44,2,07信義區,信義區吳興街220巷與吳興街220巷37弄口,0,0,1,2,H01,6,5,5,50,5,2,1,4,4,5,13,2,1,5,4,5,2,3,1,57,2,5,4,5,8,16,8,20,1,16,,67,,1,21,121.5621601,25.0269806
113,9,27,19,57,2,05中正區,中正區凱達格蘭大道與中山南路口,0,0,1,2,C03,7,5,5,50,4,1,1,5,4,5,13,1,1,1,4,1,2,12,2,41,2,9,6,1,7,9,1,10,1,11,,44,,1,21,121.5174436,25.0386985
113,9,27,19,57,2,05中正區,中正區凱達格蘭大道與中山南路口,0,0,1,1,B02,7,5,5,50,4,1,1,5,4,5,13,1,1,1,4,1,2,12,1,59,3,10,7,1,7,9,1,8,1,2,,81,,1,21,121.5174436,25.0386985
113,9,27,20,18,2,12內湖區,內湖區民權東路6段50號,0,0,1,1,C03,6,5,5,40,14,8,1,4,4,5,13,4,4,9,4,4,2,12,2,40,4,11,3,4,7,7,7,19,11,15,,44,,2,22,121.5832868,25.0684006
113,9,27,20,18,2,12內湖區,內湖區民權東路6段50號,0,0,1,2,C03,6,5,5,40,14,8,1,4,4,5,13,4,4,9,4,4,2,12,1,23,2,8,6,1,7,9,1,10,9,11,,44,,1,21,121.5832868,25.0684006
113,9,27,21,28,2,07信義區,信義區忠孝東路5段與忠孝東路5段236巷口,0,0,1,1,C03,7,5,5,50,4,1,1,4,4,5,13,2,1,3,4,5,2,3,2,28,2,9,6,1,7,6,1,10,1,17,12,102,,1,21,121.5719909,25.0408101
113,9,27,21,28,2,07信義區,信義區忠孝東路5段與忠孝東路5段236巷口,0,0,1,2,H01,7,5,5,50,4,1,1,4,4,5,13,2,1,3,4,5,2,3,1,26,3,10,4,5,8,16,8,20,10,16,,60,,1,21,121.5719909,25.0408101
113,9,27,21,36,2,03中山區,中山區長安東路1段18號,0,0,1,1,C03,6,5,5,50,14,9,1,4,4,5,13,4,4,9,4,5,2,17,1,44,3,10,6,1,7,8,1,10,1,17,,42,,1,21,121.5236334,25.04935682
113,9,27,21,36,2,03中山區,中山區長安東路1段18號,0,0,1,2,C03,6,5,5,50,14,9,1,4,4,5,13,4,4,9,4,5,2,17,2,20,2,9,6,1,7,9,1,10,1,17,,44,,1,25,121.5236334,25.04935682
113,9,27,21,55,2,01大同區,大同區環河北路2段與民族西路口,0,0,1,1,B03,7,6,5,50,4,2,1,4,4,5,13,2,1,1,2,5,2,13,1,30,3,10,7,4,7,9,1,8,1,1,,16,,1,21,121.5094861,25.0691424
113,9,27,21,55,2,01大同區,大同區環河北路2段與民族西路口,0,0,1,2,C03,7,6,5,50,4,2,1,4,4,5,13,2,1,1,2,5,2,13,1,53,3,10,5,4,7,14,1,10,1,13,,44,,1,21,121.5094861,25.0691424
113,9,27,21,55,2,01大同區,大同區環河北路2段與民族西路口,0,0,1,3,H02,7,6,5,50,4,2,1,4,4,5,13,2,1,1,2,5,2,13,2,16,2,6,5,5,7,20,8,20,10,16,,67,,1,21,121.5094861,25.0691424
113,9,27,22,0,2,06松山區,松山區民權東路3段與民權東路3段184巷口,0,0,1,1,B01,6,5,5,50,3,1,1,4,4,5,13,4,4,1,4,4,2,17,1,31,3,10,7,1,7,6,1,4,1,4,,72,,1,21,121.5498841,25.06159638
113,9,27,22,0,2,06松山區,松山區民權東路3段與民權東路3段184巷口,0,0,1,2,C03,6,5,5,50,3,1,1,4,4,5,13,4,4,1,4,4,2,17,1,28,2,9,5,1,7,15,1,10,1,11,,14,,1,21,121.5498841,25.06159638
113,9,27,22,4,2,03中山區,中山區民權東路2段69號,0,0,1,1,C03,6,5,5,50,14,9,1,4,4,5,13,4,4,1,4,5,2,13,2,30,2,8,6,1,7,9,1,10,1,11,,108,,1,22,121.5313769,25.0626229
113,9,27,22,4,2,03中山區,中山區民權東路2段69號,0,0,1,2,C03,6,5,5,50,14,9,1,4,4,5,13,4,4,1,4,5,2,13,1,24,3,10,6,1,7,9,1,10,1,11,,108,,1,22,121.5313769,25.0626229
113,9,27,22,4,2,03中山區,中山區民權東路2段69號,0,0,1,3,B03,6,5,5,50,14,9,1,4,4,5,13,4,4,1,4,5,2,13,1,27,3,10,7,1,7,12,1,8,1,3,,44,,1,22,121.5313769,25.0626229
113,9,27,22,10,2,04大安區,大安區忠孝東路4段與敦化南路1段口,0,0,1,1,B03,7,5,5,50,5,2,1,5,4,5,13,4,4,9,4,5,2,13,1,21,4,11,3,4,7,9,1,8,9,15,,16,,1,22,121.5493807,25.04163
113,9,27,22,10,2,04大安區,大安區忠孝東路4段與敦化南路1段口,0,0,1,2,C04,7,5,5,50,5,2,1,5,4,5,13,4,4,9,4,5,2,13,2,42,2,3,3,4,7,9,1,10,9,13,,44,,1,22,121.5493807,25.04163
113,9,27,23,0,2,10文山區,文山區水源快速道路南向北近景福匝道,0,0,1,1,B03,7,5,5,60,10,7,1,4,4,1,13,4,4,10,2,5,2,13,1,33,3,10,7,1,7,9,1,8,1,1,3,16,,1,22,121.535281,25.00076222
113,9,27,23,0,2,10文山區,文山區水源快速道路南向北近景福匝道,0,0,1,2,B01,7,5,5,60,10,7,1,4,4,1,13,4,4,10,2,5,2,13,1,52,3,10,7,1,7,9,1,4,1,3,,44,,1,22,121.535281,25.00076222
113,9,27,23,0,2,10文山區,文山區水源快速道路南向北近景福匝道,0,0,1,3,B03,7,5,5,60,10,7,1,4,4,1,13,4,4,10,2,5,2,13,1,20,3,10,7,1,7,9,1,8,1,1,,16,,1,22,121.535281,25.00076222
113,9,27,23,0,2,10文山區,文山區水源快速道路南向北近景福匝道,0,0,1,4,H02,7,5,5,60,10,7,1,4,4,1,13,4,4,10,2,5,2,13,2,27,2,9,2,5,7,20,8,20,10,16,,60,,1,22,121.535281,25.00076222
113,9,27,23,11,2,07信義區,信義區信義路5段11號,0,0,2,1,B03,7,5,5,50,14,9,1,5,4,5,13,4,4,1,4,5,2,17,2,23,3,10,7,1,7,6,1,8,1,5,,9,,1,22,121.5664328,25.0329803
113,9,27,23,11,2,07信義區,信義區信義路5段11號,0,0,2,2,C03,7,5,5,50,14,9,1,5,4,5,13,4,4,1,4,5,2,17,1,18,2,9,6,1,7,9,1,10,1,14,,44,,1,22,121.5664328,25.0329803