發生年度,發生月,發生日,發生時-Hours,發生分,處理別-編號,區序,肇事地點,死亡人數,2-30日死亡人數,受傷人數,當事人序號,車種,天候,道路照明設備,道路類別,速限-速度限制,道路型態,事故位置,路面狀況1,路面狀況2,路面狀況3,道路障礙1,道路障礙2,號誌1,號誌2,車道劃分-分向,車道劃分-分道1,車道劃分-分道2,車道劃分-分道3,事故類型及型態,性別,年齡,受傷程度,主要傷處,保護裝置,行動電話,車輛用途,當事者行動狀態,駕駛資格情形,駕駛執照種類,飲酒情形,車輛撞擊部位1,車輛撞擊部位2,肇因碼-個別,肇因碼-主要,個人肇逃否,職業,座標-X,座標-Y
113,9,27,23,11,2,07信義區,信義區信義路5段11號,0,0,2,3,B01,7,5,5,50,14,9,1,5,4,5,13,4,4,1,4,5,2,17,1,67,3,10,7,1,7,14,1,4,1,17,,44,,1,22,121.5664328,25.0329803
113,9,27,23,11,2,07信義區,信義區信義路5段11號,0,0,2,4,H02,7,5,5,50,14,9,1,5,4,5,13,4,4,1,4,5,2,17,2,18,2,9,6,5,7,17,8,20,10,16,,67,,1,22,121.5664328,25.0329803
113,9,28,0,15,2,03中山區,中山區民權西路與民權西路77巷口,0,0,1,1,B01,8,5,5,50,3,1,1,5,4,5,13,4,4,3,5,5,2,16,1,56,3,10,7,1,7,6,1,4,1,2,,9,,1,21,121.5197614,25.06296595
113,9,28,0,15,2,03中山區,中山區民權西路與民權西路77巷口,0,0,1,2,C03,8,5,5,50,3,1,1,5,4,5,13,4,4,3,5,5,2,16,2,20,2,8,6,1,7,10,1,10,1,14,,14,,1,25,121.5197614,25.06296595
113,9,28,2,1,2,03中山區,中山區松江路133巷與南京東路2段115巷口,0,0,1,1,B01,6,5,5,30,4,1,1,4,4,5,13,4,4,10,5,5,2,15,1,53,2,2,7,1,7,9,1,4,1,8,,72,,1,21,121.5336415,25.0543609
113,9,28,2,1,2,03中山區,中山區松江路133巷與南京東路2段115巷口,0,0,1,2,B01,6,5,5,30,4,1,1,4,4,5,13,4,4,10,5,5,2,15,1,68,3,10,7,1,7,9,1,4,1,5,,14,,1,21,121.5336415,25.0543609
113,9,28,3,20,2,06松山區,松山區市民大道6段附近0607211號電燈桿,0,0,1,1,B01,6,5,5,40,14,9,1,4,4,5,13,4,4,1,4,5,2,13,1,54,3,10,7,1,7,9,1,4,1,1,,16,,1,21,121.5732221,25.0494867
113,9,28,3,20,2,06松山區,松山區市民大道6段附近0607211號電燈桿,0,0,1,2,F01,6,5,5,40,14,9,1,4,4,5,13,4,4,1,4,5,2,13,2,71,2,9,4,1,7,9,8,20,9,13,,44,,1,21,121.5732221,25.0494867
113,9,28,5,35,2,03中山區,中山區民權東路3段與龍江路口,0,0,2,1,C03,6,5,5,50,4,1,1,4,4,5,13,2,1,3,4,5,2,3,1,54,2,9,6,1,7,9,1,10,2,11,,70,,1,21,121.5409949,25.0623035
113,9,28,5,35,2,03中山區,中山區民權東路3段與龍江路口,0,0,2,2,H01,6,5,5,50,4,1,1,4,4,5,13,2,1,3,4,5,2,3,1,44,2,9,4,5,8,16,8,20,10,16,,121,,1,22,121.5409949,25.0623035
113,9,28,7,30,2,05中正區,中正區羅斯福路2段與和平西路1段口,0,0,1,1,B03,7,6,5,50,4,1,1,5,4,5,13,1,1,3,4,5,2,12,2,46,3,10,7,1,7,9,1,8,1,2,,42,,1,21,121.5222678,25.0269999
113,9,28,7,30,2,05中正區,中正區羅斯福路2段與和平西路1段口,0,0,1,2,C03,7,6,5,50,4,1,1,5,4,5,13,1,1,3,4,5,2,12,2,23,2,9,5,1,7,9,1,10,1,14,,44,,1,21,121.5222678,25.0269999
113,9,28,7,30,2,05中正區,中正區羅斯福路2段與和平西路1段口,0,0,1,3,B03,7,6,5,50,4,1,1,5,4,5,13,1,1,3,4,5,2,12,2,66,3,10,7,1,7,8,1,8,9,17,,101,,1,21,121.5222678,25.0269999
113,9,28,7,35,2,04大安區,大安區忠孝東路3段251巷與忠孝東路3段251巷8弄口,0,0,1,2,C03,7,5,5,30,4,1,1,4,4,5,13,4,4,10,5,5,1,15,2,43,2,7,5,1,7,9,1,10,1,11,,13,,1,21,121.5416506,25.0429819
113,9,28,7,35,2,04大安區,大安區忠孝東路3段251巷與忠孝東路3段251巷8弄口,0,0,1,1,B12,7,5,5,30,4,1,1,4,4,5,13,4,4,10,5,5,1,15,1,44,3,10,7,1,7,9,1,8,1,1,,72,,1,21,121.5416506,25.0429819
113,9,28,7,46,2,07信義區,信義區莊敬路256號,0,0,1,1,B03,7,6,5,40,14,7,1,4,4,5,13,4,4,5,5,4,2,17,1,64,3,10,7,1,7,11,1,8,1,17,,118,,1,26,121.5623911,25.02940291
113,9,28,7,46,2,07信義區,信義區莊敬路256號,0,0,1,2,C03,7,6,5,40,14,7,1,4,4,5,13,4,4,5,5,4,2,17,1,20,2,9,6,1,7,9,1,10,1,14,,118,,1,26,121.5623911,25.02940291
113,9,28,7,55,2,04大安區,大安區基隆路2段207號,0,0,1,1,B01,8,6,5,50,14,9,1,5,4,5,13,4,4,1,4,5,1,17,1,65,4,11,3,4,7,14,1,4,11,2,,38,,1,21,121.5519368,25.023703
113,9,28,7,55,2,04大安區,大安區基隆路2段207號,0,0,1,2,C03,8,6,5,50,14,9,1,5,4,5,13,4,4,1,4,5,1,17,1,31,2,9,3,4,7,9,1,10,11,14,,44,,1,21,121.5519368,25.023703
113,9,28,7,55,2,04大安區,大安區基隆路2段207號,0,0,1,3,H02,8,6,5,50,14,9,1,5,4,5,13,4,4,1,4,5,1,17,1,31,4,11,3,5,7,19,8,20,10,16,,126,,1,21,121.5519368,25.023703
113,9,28,8,33,2,10文山區,文山區新光路2段(東往西013燈桿旁）,0,0,1,1,C03,6,6,5,50,14,9,1,4,4,5,13,4,4,5,5,5,1,20,1,18,2,9,5,1,7,9,3,18,1,12,,42,,1,21,121.5997759,25.0023112
113,9,28,8,33,2,10文山區,文山區新光路2段(東往西013燈桿旁）,0,0,1,3,B03,6,6,5,50,14,9,1,4,4,5,13,4,4,5,5,5,1,20,1,53,3,10,7,1,7,9,1,8,1,1,,44,,1,21,121.5997759,25.0023112
113,9,28,8,33,2,10文山區,文山區新光路2段(東往西013燈桿旁）,0,0,1,2,,6,6,5,50,14,9,1,4,4,5,13,4,4,5,5,5,1,20,3,0,,,,,,,,,,,,67,,1,,121.5997759,25.0023112
113,9,28,8,47,2,05中正區,中正區市民大道1段與中山北路1段口,0,0,1,1,C03,8,6,5,50,4,2,1,5,4,5,13,2,1,5,4,5,2,17,1,24,3,10,5,1,7,1,1,10,2,14,,19,,1,22,121.5205439,25.04795965
113,9,28,8,47,2,05中正區,中正區市民大道1段與中山北路1段口,0,0,1,2,C03,8,6,5,50,4,2,1,5,4,5,13,2,1,5,4,5,2,17,2,48,3,10,5,1,7,9,1,10,2,14,,44,,1,22,121.5205439,25.04795965
113,9,28,8,47,2,05中正區,中正區市民大道1段與中山北路1段口,0,0,1,3,C03,8,6,5,50,4,2,1,5,4,5,13,2,1,5,4,5,2,17,1,20,2,8,5,1,7,9,1,10,2,12,,44,,1,22,121.5205439,25.04795965
113,9,28,9,0,2,12內湖區,內湖區安康路與康寧路3段245巷口,0,0,1,1,B03,7,5,5,50,4,2,1,5,4,5,13,1,1,5,5,5,2,17,1,54,3,10,7,1,7,5,1,8,1,8,,44,,1,21,121.6137941,25.0661653
113,9,28,9,0,2,12內湖區,內湖區安康路與康寧路3段245巷口,0,0,1,2,C03,7,5,5,50,4,2,1,5,4,5,13,1,1,5,5,5,2,17,1,24,2,9,5,1,7,9,1,8,1,12,,94,,1,21,121.6137941,25.0661653
113,9,28,9,12,2,04大安區,大安區忠孝東路3段與忠孝東路3段251巷口,0,0,1,1,B01,8,6,5,50,3,1,1,5,4,5,13,2,1,1,4,5,2,17,1,64,3,10,3,4,7,11,1,4,1,4,,10,,1,21,121.5416346,25.0416348
113,9,28,9,12,2,04大安區,大安區忠孝東路3段與忠孝東路3段251巷口,0,0,1,2,C03,8,6,5,50,3,1,1,5,4,5,13,2,1,1,4,5,2,17,1,33,2,8,3,4,7,9,1,10,1,11,,44,,1,21,121.5416346,25.0416348
113,9,28,9,17,2,06松山區,松山區塔悠路與民生東路5段口,0,0,1,1,C03,7,6,5,50,3,1,1,5,4,5,13,1,1,1,3,5,2,17,2,53,3,10,6,1,7,15,1,10,1,11,,81,,1,21,121.5690865,25.0593222
113,9,28,9,17,2,06松山區,松山區塔悠路與民生東路5段口,0,0,1,2,C03,7,6,5,50,3,1,1,5,4,5,13,1,1,1,3,5,2,17,1,30,2,9,6,1,7,5,1,10,1,14,,44,,1,21,121.5690865,25.0593222
113,9,28,9,22,2,04大安區,大安區基隆路3段與基隆路3段155巷口,0,0,1,1,B03,7,7,5,50,4,1,1,4,4,5,13,2,1,1,3,4,1,15,2,32,3,10,3,4,7,9,1,8,2,1,,81,,1,22,121.5425968,25.0156571
113,9,28,9,22,2,04大安區,大安區基隆路3段與基隆路3段155巷口,0,0,1,2,C03,7,7,5,50,4,1,1,4,4,5,13,2,1,1,3,4,1,15,1,24,2,1,6,4,7,9,3,18,1,11,,44,,1,22,121.5425968,25.0156571
113,9,28,9,37,2,02萬華區,萬華區貴陽街2段與昆明街口,0,0,2,1,H01,7,5,5,50,4,1,1,5,4,5,13,2,1,5,4,5,2,3,2,79,2,9,4,5,8,16,8,20,10,16,,121,,1,21,121.5041837,25.0398127
113,9,28,9,37,2,02萬華區,萬華區貴陽街2段與昆明街口,0,0,2,2,C03,7,5,5,50,4,1,1,5,4,5,13,2,1,5,4,5,2,3,2,24,2,9,6,1,7,9,1,10,1,11,,60,,1,21,121.5041837,25.0398127
113,9,28,9,40,2,11南港區,南港區研究院路2段與研究院路2段34巷口,0,0,1,1,C03,6,6,5,50,3,1,1,4,4,5,13,2,1,1,3,5,2,17,1,60,3,10,3,4,7,9,1,10,1,15,,101,,1,21,121.6153111,25.0467565
113,9,28,9,40,2,11南港區,南港區研究院路2段與研究院路2段34巷口,0,0,1,2,C03,6,6,5,50,3,1,1,4,4,5,13,2,1,1,3,5,2,17,1,33,2,9,3,4,7,9,1,10,1,15,,42,,1,22,121.6153111,25.0467565
113,9,28,10,6,2,06松山區,松山區饒河街77號,0,0,1,1,B02,8,6,5,50,14,9,1,4,4,5,13,4,4,10,5,5,2,11,1,53,3,10,3,4,7,13,1,8,2,4,,40,,1,22,121.5727852,25.05018372
113,9,28,10,6,2,06松山區,松山區饒河街77號,0,0,1,2,C03,8,6,5,50,14,9,1,4,4,5,13,4,4,10,5,5,2,11,2,42,2,9,6,4,7,9,1,10,2,11,,44,,1,22,121.5727852,25.05018372
113,9,28,10,10,2,11南港區,南港區忠孝東路6段與忠孝東路6段278巷口,0,0,1,1,B03,7,7,5,50,3,2,1,5,4,5,13,1,1,1,4,4,2,11,2,47,3,10,7,1,7,11,1,8,1,5,,10,,1,21,121.5891473,25.0492426
113,9,28,10,10,2,11南港區,南港區忠孝東路6段與忠孝東路6段278巷口,0,0,1,2,C03,7,7,5,50,3,2,1,5,4,5,13,1,1,1,4,4,2,11,1,20,2,8,5,1,7,9,1,10,1,11,,13,,1,21,121.5891473,25.0492426
113,9,28,10,23,2,03中山區,中山區錦西街4號,0,0,1,1,B03,7,7,5,50,14,9,1,5,4,5,13,4,4,5,4,5,2,17,1,68,3,10,3,4,7,15,1,8,1,8,,40,,1,21,121.5220322,25.060282
113,9,28,10,23,2,03中山區,中山區錦西街4號,0,0,1,2,C03,7,7,5,50,14,9,1,5,4,5,13,4,4,5,4,5,2,17,2,72,2,7,6,4,7,9,1,10,1,12,,44,,1,21,121.5220322,25.060282
113,9,28,10,39,2,09北投區,北投區復興一路與珠海路口,0,0,1,1,F02,6,7,5,50,3,2,1,4,4,5,13,4,4,9,5,5,2,18,1,72,2,1,4,1,7,9,8,20,1,12,,44,,1,22,121.5044523,25.14053114
113,9,28,10,39,2,09北投區,北投區復興一路與珠海路口,0,0,1,2,,6,7,5,50,3,2,1,4,4,5,13,4,4,9,5,5,2,18,3,0,,,,,,,,,,,,67,,1,,121.5044523,25.14053114
113,9,28,11,5,2,12內湖區,內湖區民權東路6段206巷與民權東路6段口國防醫學院前,0,0,1,1,B03,7,7,5,50,4,1,1,5,4,5,13,2,1,1,5,4,2,13,2,48,3,10,7,1,7,9,1,8,1,1,,16,,1,22,121.5955602,25.0684882
113,9,28,11,5,2,12內湖區,內湖區民權東路6段206巷與民權東路6段口國防醫學院前,0,0,1,2,B03,7,7,5,50,4,1,1,5,4,5,13,2,1,1,5,4,2,13,1,24,2,8,7,1,7,14,1,8,1,3,1,44,,1,22,121.5955602,25.0684882
113,9,28,11,5,2,12內湖區,內湖區民權東路6段206巷與民權東路6段口國防醫學院前,0,0,1,3,B03,7,7,5,50,4,1,1,5,4,5,13,2,1,1,5,4,2,13,1,57,3,10,7,1,7,14,1,8,1,3,,44,,1,22,121.5955602,25.0684882
113,9,28,11,23,2,02萬華區,萬華區寶興街222巷與德昌街185巷57弄口口,0,0,3,1,C03,7,6,5,30,4,1,1,5,4,5,13,4,4,10,5,5,1,15,2,41,2,9,3,4,7,9,1,10,1,14,,72,,1,21,121.4936719,25.0218556
113,9,28,11,23,2,02萬華區,萬華區寶興街222巷與德昌街185巷57弄口口,0,0,3,2,C03,7,6,5,30,4,1,1,5,4,5,13,4,4,10,5,5,1,15,1,28,2,8,3,4,7,9,1,10,1,11,,44,,1,21,121.4936719,25.0218556
113,9,28,11,23,2,02萬華區,萬華區寶興街222巷與德昌街185巷57弄口口,0,0,3,3,H02,7,6,5,30,4,1,1,5,4,5,13,4,4,10,5,5,1,15,1,12,2,9,3,5,7,20,8,20,10,16,,67,,1,21,121.4936719,25.0218556
113,9,28,11,30,2,01大同區,大同區市民高架道(重慶匝道旁),0,0,1,1,B01,8,6,5,50,10,7,1,5,4,5,13,4,4,10,5,5,2,13,1,61,3,10,7,1,7,9,1,4,1,1,,16,,1,21,121.5178156,25.0486194
113,9,28,11,30,2,01大同區,大同區市民高架道(重慶匝道旁),0,0,1,2,B03,8,6,5,50,10,7,1,5,4,5,13,4,4,10,5,5,2,13,1,52,3,10,7,1,7,12,1,8,1,3,,44,,1,21,121.5178156,25.0486194
113,9,28,11,30,2,01大同區,大同區市民高架道(重慶匝道旁),0,0,1,3,H02,8,6,5,50,10,7,1,5,4,5,13,4,4,10,5,5,2,13,2,54,2,8,7,5,7,20,8,20,10,16,,67,,1,21,121.5178156,25.0486194
113,9,28,11,35,2,05中正區,中正區林森南路與徐州路口,0,0,1,1,B03,7,6,5,50,4,1,1,5,4,5,13,1,1,5,4,5,2,16,1,71,3,10,7,1,7,5,1,8,1,5,,74,,1,22,121.5222186,25.0410349
113,9,28,11,35,2,05中正區,中正區林森南路與徐州路口,0,0,1,2,C03,7,6,5,50,4,1,1,5,4,5,13,1,1,5,4,5,2,16,1,25,2,9,6,1,7,9,1,10,1,11,,13,,1,22,121.5222186,25.0410349
113,9,28,11,39,2,03中山區,中山區南京東路1段與吉林路口,0,0,1,1,A02,7,5,8,50,14,10,1,5,4,5,13,4,4,3,4,5,2,9,4,51,,,,,,,,,1,,,119,,2,,121.5296234,25.05209396
113,9,28,11,39,2,03中山區,中山區南京東路1段與吉林路口,0,0,1,2,H02,7,5,8,50,14,10,1,5,4,5,13,4,4,3,4,5,2,9,2,51,2,9,4,5,7,17,8,20,10,16,,58,,1,21,121.5296234,25.05209396
113,9,28,11,52,2,12內湖區,內湖區新明路242號前,0,0,1,1,C03,8,7,8,50,14,7,1,5,4,5,13,2,1,9,4,4,2,12,2,61,2,9,6,1,7,7,1,10,2,14,,100,,1,21,121.5838348,25.056681
113,9,28,11,52,2,12內湖區,內湖區新明路242號前,0,0,1,2,B03,8,7,8,50,14,7,1,5,4,5,13,2,1,9,4,4,2,12,1,35,3,10,3,1,7,1,1,8,2,5,,44,,1,21,121.5838348,25.056681
113,9,28,12,32,2,06松山區,松山區饒河街與饒河街221巷口,0,0,2,1,B03,8,7,5,30,3,1,1,5,4,5,13,4,4,10,5,5,2,15,1,45,3,10,7,1,7,9,1,8,1,4,,72,,1,26,121.5767687,25.0507917
113,9,28,12,32,2,06松山區,松山區饒河街與饒河街221巷口,0,0,2,2,C03,8,7,5,30,3,1,1,5,4,5,13,4,4,10,5,5,2,15,1,45,2,9,5,1,7,9,1,9,1,11,,13,,1,25,121.5767687,25.0507917
113,9,28,12,32,2,06松山區,松山區饒河街與饒河街221巷口,0,0,2,3,H02,8,7,5,30,3,1,1,5,4,5,13,4,4,10,5,5,2,15,2,37,2,9,5,5,7,20,8,20,10,17,,67,,1,26,121.5767687,25.0507917
113,9,28,12,38,2,05中正區,中正區南昌路1段與重慶南路2段7巷口,0,0,1,1,C03,8,6,5,50,4,1,1,5,4,5,13,4,4,5,4,5,2,15,2,34,2,8,5,1,7,9,1,10,2,17,,72,,1,21,121.5149194,25.0343165
113,9,28,12,38,2,05中正區,中正區南昌路1段與重慶南路2段7巷口,0,0,1,2,A01,8,6,5,50,4,1,1,5,4,5,13,4,4,5,4,5,2,15,1,63,3,10,7,1,7,9,1,2,2,17,,44,,1,21,121.5149194,25.0343165
113,9,28,12,38,2,05中正區,中正區南昌路1段與重慶南路2段7巷口,0,0,1,3,H02,8,6,5,50,4,1,1,5,4,5,13,4,4,5,4,5,2,15,2,58,4,11,5,5,7,20,8,20,10,16,,67,,1,21,121.5149194,25.0343165
113,9,28,12,40,2,07信義區,信義區忠孝東路5段與中坡南路口,0,0,1,1,F01,8,7,5,50,4,2,1,5,4,5,13,1,1,9,4,5,2,17,2,82,3,10,4,1,7,15,8,20,1,15,,8,,1,21,121.5817596,25.044108
113,9,28,12,40,2,07信義區,信義區忠孝東路5段與中坡南路口,0,0,1,2,C03,8,7,5,50,4,2,1,5,4,5,13,1,1,9,4,5,2,17,2,39,2,8,6,1,7,9,1,10,1,11,,44,,1,21,121.5817596,25.044108
113,9,28,12,40,2,07信義區,信義區忠孝東路5段與中坡南路口,0,0,1,3,C03,8,7,5,50,4,2,1,5,4,5,13,1,1,9,4,5,2,17,1,52,3,10,6,1,7,9,1,10,1,13,,44,,1,21,121.5817596,25.044108
113,9,28,12,44,2,02萬華區,萬華區西寧南路167號,0,0,1,1,B01,8,7,5,50,14,7,1,5,4,5,13,4,4,9,3,5,2,8,1,61,3,10,7,1,7,9,1,4,11,1,,118,,2,22,121.5062394,25.0432589
113,9,28,12,44,2,02萬華區,萬華區西寧南路167號,0,0,1,2,B01,8,7,5,50,14,7,1,5,4,5,13,4,4,9,3,5,2,8,2,56,2,8,4,5,8,17,8,20,1,16,,118,,1,22,121.5062394,25.0432589
113,9,28,12,46,2,10文山區,文山區興隆路4段66號前,0,0,1,1,C03,7,6,5,50,14,9,1,4,4,5,13,2,1,3,4,5,2,18,1,62,2,9,5,1,7,7,1,10,1,14,,42,,1,21,121.5615906,24.9847175
113,9,28,12,46,2,10文山區,文山區興隆路4段66號前,0,0,1,2,,7,6,5,50,14,9,1,4,4,5,13,2,1,3,4,5,2,18,3,0,,,,,,,,,,,,67,,1,,121.5615906,24.9847175
113,9,28,12,46,2,10文山區,文山區興隆路4段66號前,,,1,1,C03,7,,,50,,,,,,,,,,,,,,,1,62,,,,,,,,,1,,,,,,,,
113,9,28,12,46,2,10文山區,文山區興隆路4段66號前,,,1,2,,7,,,50,,,,,,,,,,,,,,,3,,,,,,,,,,10,,,,,,,,
113,9,28,13,0,2,12內湖區,內湖區環山路3段24號,0,0,1,1,C03,8,6,5,50,11,8,1,5,4,3,12,4,4,5,4,5,1,17,1,39,2,9,6,1,7,9,1,10,1,11,,108,,1,26,121.5798658,25.0846745
113,9,28,13,0,2,12內湖區,內湖區環山路3段24號,0,0,1,2,B11,8,6,5,50,11,8,1,5,4,3,12,4,4,5,4,5,1,17,1,40,3,10,7,1,7,14,1,8,1,7,,38,,1,26,121.5798658,25.0846745
113,9,28,13,40,2,07信義區,信義區大道路與忠孝東路5段790巷70弄口,0,0,1,1,B01,8,7,5,30,3,1,1,5,4,5,13,4,4,9,4,5,2,17,1,65,3,10,7,1,7,11,1,4,1,4,,10,,1,21,121.5828513,25.04005702
113,9,28,13,40,2,07信義區,信義區大道路與忠孝東路5段790巷70弄口,0,0,1,2,C03,8,7,5,30,3,1,1,5,4,5,13,4,4,9,4,5,2,17,1,44,2,3,6,1,7,9,1,10,1,12,,44,,1,21,121.5828513,25.04005702
113,9,28,14,5,2,09北投區,北投區承德路6段燈120020,0,0,1,1,A12,8,5,5,60,14,9,1,5,4,5,13,4,4,1,4,5,2,13,1,47,3,10,7,1,7,9,1,7,2,5,,16,,1,21,121.5126394,25.1001483
113,9,28,14,5,2,09北投區,北投區承德路6段燈120020,0,0,1,2,C03,8,5,5,60,14,9,1,5,4,5,13,4,4,1,4,5,2,13,2,54,2,9,6,1,7,9,1,10,2,15,,44,,1,21,121.5126394,25.1001483
113,9,28,14,11,2,05中正區,中正區仁愛路1段與中山南路口,0,0,1,1,B01,8,6,5,50,5,2,1,5,4,5,13,1,1,1,4,5,2,17,1,66,3,10,7,1,7,15,1,4,2,7,,44,,1,21,121.5183958,25.0393006
113,9,28,14,11,2,05中正區,中正區仁愛路1段與中山南路口,0,0,1,2,C03,8,6,5,50,5,2,1,5,4,5,13,1,1,1,4,5,2,17,1,26,2,8,6,1,7,9,1,10,2,12,,44,,1,21,121.5183958,25.0393006
113,9,28,14,20,2,06松山區,(塔悠路193號前),0,0,1,1,F01,8,5,6,40,14,9,1,5,4,5,13,1,1,8,3,4,1,16,1,46,2,9,3,1,7,5,7,19,1,16,,96,,1,21,121.5694127,25.0572703
113,9,28,14,20,2,06松山區,(塔悠路193號前),0,0,1,2,B03,8,5,6,40,14,9,1,5,4,5,13,1,1,8,3,4,1,16,1,25,3,10,3,1,7,9,1,8,1,1,,44,,1,21,121.5694127,25.0572703
113,9,28,14,25,2,08士林區,士林區福港街與承德路4段口,0,0,1,1,C03,6,6,5,50,4,2,1,4,4,5,13,1,1,5,4,5,2,17,1,57,3,10,6,1,7,9,1,10,1,14,,42,,1,22,121.5183892,25.0896855
113,9,28,14,25,2,08士林區,士林區福港街與承德路4段口,0,0,1,2,B03,6,6,5,50,4,2,1,4,4,5,13,1,1,5,4,5,2,17,2,46,3,10,7,1,7,5,1,8,1,5,,42,,1,22,121.5183892,25.0896855
113,9,28,14,25,2,08士林區,士林區福港街與承德路4段口,0,0,1,3,H02,6,6,5,50,4,2,1,4,4,5,13,1,1,5,4,5,2,17,2,24,2,9,6,5,7,17,8,20,10,16,,67,,1,22,121.5183892,25.0896855
113,9,28,14,39,2,02萬華區,萬華區康定路與康定路101巷口,0,0,1,2,C03,7,6,6,50,4,1,1,5,4,5,13,4,4,8,3,5,2,16,1,33,2,9,5,4,7,9,1,10,1,12,,44,,1,22,121.5070954,25.03518828
113,9,28,14,39,2,02萬華區,萬華區康定路與康定路101巷口,0,0,1,1,B03,7,6,6,50,4,1,1,5,4,5,13,4,4,8,3,5,2,16,1,24,3,10,3,4,7,7,1,8,1,4,,44,,1,22,121.5070954,25.03518828
113,9,28,14,42,2,05中正區,中正區愛國東路戲劇院前,0,0,1,1,B03,8,5,5,50,14,9,1,5,4,5,13,1,1,1,4,5,1,17,1,34,3,10,7,1,7,11,1,8,2,2,,10,,1,21,121.5182986,25.03435771
113,9,28,14,42,2,05中正區,中正區愛國東路戲劇院前,0,0,1,2,C03,8,5,5,50,14,9,1,5,4,5,13,1,1,1,4,5,1,17,2,19,2,9,5,1,7,9,1,10,2,11,,44,,1,21,121.5182986,25.03435771
113,9,28,14,45,2,12內湖區,內湖區彩虹河濱公園內第744號燈桿前,0,0,2,1,F01,8,7,5,30,14,23,1,5,4,5,13,4,4,10,5,5,2,17,1,22,2,9,4,4,7,9,8,20,2,12,,108,,1,21,121.572304,25.059919
113,9,28,14,45,2,12內湖區,內湖區彩虹河濱公園內第744號燈桿前,0,0,2,2,F01,8,7,5,30,14,23,1,5,4,5,13,4,4,10,5,5,2,17,2,55,2,9,2,4,7,15,8,20,2,15,,44,,1,21,121.572304,25.059919
113,9,28,14,55,2,07信義區,信義區信義路5段與松智路口,0,0,1,1,A04,8,7,5,50,4,2,1,5,4,5,13,2,1,10,5,5,2,17,1,43,3,10,7,1,7,9,1,2,1,6,,44,,1,21,121.5653617,25.0327504
113,9,28,14,55,2,07信義區,信義區信義路5段與松智路口,0,0,1,2,F01,8,7,5,50,4,2,1,5,4,5,13,2,1,10,5,5,2,17,2,24,2,9,4,1,7,15,8,20,1,14,,17,,1,21,121.5653617,25.0327504
113,9,28,14,58,2,10文山區,文山區和平東路4段(232燈桿)前,0,0,2,1,C03,7,6,5,40,10,7,1,5,4,5,13,4,4,5,5,5,1,18,1,18,2,9,3,4,7,9,1,10,2,17,,116,,1,22,121.5716241,25.0042234
113,9,28,14,58,2,10文山區,文山區和平東路4段(232燈桿)前,0,0,2,2,,7,6,5,40,10,7,1,5,4,5,13,4,4,5,5,5,1,18,3,0,,,,,,,,,,,,67,,1,,121.5716241,25.0042234
113,9,28,14,58,2,10文山區,文山區和平東路4段(232燈桿)前,0,0,2,3,H02,7,6,5,40,10,7,1,5,4,5,13,4,4,5,5,5,1,18,2,17,2,9,3,5,7,20,8,20,10,17,,67,,1,21,121.5716241,25.0042234
113,9,28,15,0,1,06松山區,松山區民生東路3段117號對面,1,0,0,1,H04,8,6,5,50,14,9,1,5,4,5,13,4,4,9,4,5,1,3,2,85,1,1,4,5,8,20,8,20,10,16,,121,,1,22,121.5465886,25.0576828
113,9,28,15,0,1,06松山區,松山區民生東路3段117號對面,1,0,0,2,B03,8,6,5,50,14,9,1,5,4,5,13,4,4,9,4,5,1,3,1,44,3,10,7,1,7,9,1,8,2,1,,108,,1,22,121.5465886,25.0576828
113,9,28,15,5,2,01大同區,大同區民族西路38號,0,0,1,1,C03,8,6,5,50,14,9,1,5,4,5,13,4,4,5,4,5,2,17,2,23,2,9,6,1,7,8,1,10,1,12,,100,,1,21,121.5193032,25.068457
113,9,28,15,5,2,01大同區,大同區民族西路38號,0,0,1,2,C03,8,6,5,50,14,9,1,5,4,5,13,4,4,5,4,5,2,17,2,20,3,10,6,1,7,9,1,10,1,14,,44,,1,21,121.5193032,25.068457
113,9,28,15,17,2,02萬華區,萬華區大理街與大理街175巷口,0,0,1,1,F01,8,6,5,30,3,1,1,5,4,5,13,4,4,10,5,5,2,15,2,45,2,9,2,1,7,9,8,20,9,14,,19,,1,22,121.4952525,25.0338583
113,9,28,15,17,2,02萬華區,萬華區大理街與大理街175巷口,0,0,1,2,C03,8,6,5,30,3,1,1,5,4,5,13,4,4,10,5,5,2,15,2,73,3,10,5,1,7,9,3,18,9,11,,13,,1,22,121.4952525,25.0338583
113,9,28,15,18,2,03中山區,中山區龍江路223巷與龍江路口,0,0,1,1,B03,8,6,5,30,4,2,1,5,4,5,13,4,4,10,5,5,2,17,1,71,3,10,7,1,7,14,1,8,9,17,,44,,1,21,121.5405708,25.0566388
113,9,28,15,18,2,03中山區,中山區龍江路223巷與龍江路口,0,0,1,2,C03,8,6,5,30,4,2,1,5,4,5,13,4,4,10,5,5,2,17,1,27,2,9,6,1,7,9,1,10,1,12,,116,,1,21,121.5405708,25.0566388
113,9,28,15,42,2,10文山區,文山區興隆路4段8巷與興隆路4段8巷7弄口,0,0,1,1,B03,7,7,5,30,3,1,1,4,4,5,13,4,4,10,5,5,2,17,1,49,3,10,7,1,7,1,1,8,1,5,,19,,1,21,121.5595081,24.9892394
113,9,28,15,42,2,10文山區,文山區興隆路4段8巷與興隆路4段8巷7弄口,0,0,1,2,C03,7,7,5,30,3,1,1,4,4,5,13,4,4,10,5,5,2,17,2,26,2,9,5,1,7,9,1,10,1,11,,108,,1,21,121.5595081,24.9892394