發生年度,發生月,發生日,發生時-Hours,發生分,處理別-編號,區序,肇事地點,死亡人數,2-30日死亡人數,受傷人數,當事人序號,車種,天候,道路照明設備,道路類別,速限-速度限制,道路型態,事故位置,路面狀況1,路面狀況2,路面狀況3,道路障礙1,道路障礙2,號誌1,號誌2,車道劃分-分向,車道劃分-分道1,車道劃分-分道2,車道劃分-分道3,事故類型及型態,性別,年齡,受傷程度,主要傷處,保護裝置,行動電話,車輛用途,當事者行動狀態,駕駛資格情形,駕駛執照種類,飲酒情形,車輛撞擊部位1,車輛撞擊部位2,肇因碼-個別,肇因碼-主要,個人肇逃否,職業,座標-X,座標-Y
113,9,28,15,50,1,06松山區,松山區光復北路與健康路口,1,0,0,1,B02,8,7,5,50,4,1,1,5,4,5,13,2,1,5,4,5,2,16,1,18,3,10,7,1,7,5,1,8,2,5,,71,,1,25,121.5566819,25.0536202
113,9,28,15,50,1,06松山區,松山區光復北路與健康路口,1,0,0,2,C03,8,7,5,50,4,1,1,5,4,5,13,2,1,5,4,5,2,16,2,49,1,1,5,1,7,9,3,18,9,11,,13,,1,21,121.5566819,25.0536202
113,9,28,15,50,2,11南港區,南港區南港路1段與南港路1段277巷口,0,0,1,1,C03,8,6,5,50,3,1,1,5,4,5,13,2,1,4,3,5,2,13,1,21,2,9,3,4,7,9,1,10,2,11,,16,,1,21,121.6087225,25.0547279
113,9,28,15,50,2,11南港區,南港區南港路1段與南港路1段277巷口,0,0,1,2,B03,8,6,5,50,3,1,1,5,4,5,13,2,1,4,3,5,2,13,1,40,3,10,3,4,7,14,1,8,2,6,,44,,1,21,121.6087225,25.0547279
113,9,28,15,57,2,02萬華區,萬華區中華路2段與廣州街口,0,0,1,1,B03,8,5,8,50,22,22,1,5,4,5,13,1,1,10,5,5,2,17,2,54,3,10,3,4,7,6,1,8,1,5,,9,,1,21,121.5064313,25.03612255
113,9,28,15,57,2,02萬華區,萬華區中華路2段與廣州街口,0,0,1,2,C04,8,5,8,50,22,22,1,5,4,5,13,1,1,10,5,5,2,17,1,33,2,9,3,4,7,9,1,10,1,14,,44,,1,21,121.5064313,25.03612255
113,9,28,16,40,2,08士林區,士林區基河路251巷與福德路口口,0,0,1,1,C03,7,7,5,30,4,1,1,4,4,5,13,4,4,10,4,5,1,17,1,42,2,9,5,1,7,9,1,10,2,11,,13,,1,21,121.5226018,25.09225634
113,9,28,16,40,2,08士林區,士林區基河路251巷與福德路口口,0,0,1,2,B03,7,7,5,30,4,1,1,4,4,5,13,4,4,10,4,5,1,17,1,32,3,10,7,1,7,9,1,8,2,2,,75,,1,21,121.5226018,25.09225634
113,9,28,16,53,2,07信義區,信義區仁愛路4段東向西未過光復南,0,0,1,1,C03,7,6,5,50,14,9,1,4,4,5,13,4,4,8,3,5,2,29,2,32,2,9,3,4,7,15,1,10,1,14,,60,,1,21,121.5591925,25.0377634
113,9,28,16,53,2,07信義區,信義區仁愛路4段東向西未過光復南,0,0,1,2,,7,6,5,50,14,9,1,4,4,5,13,4,4,8,3,5,2,29,3,0,,,,,,,,,,,,67,,1,,121.5591925,25.0377634
113,9,28,17,0,2,05中正區,中正區永福橋與水源路口匝道,0,0,1,1,B03,6,7,5,30,3,1,1,4,4,5,13,4,4,5,1,5,2,16,1,80,3,10,7,1,7,7,1,8,2,4,,100,,1,22,121.528296,25.0117572
113,9,28,17,0,2,05中正區,中正區永福橋與水源路口匝道,0,0,1,2,C03,6,7,5,30,3,1,1,4,4,5,13,4,4,5,1,5,2,16,1,60,2,9,6,1,7,9,1,10,2,11,,44,,1,22,121.528296,25.0117572
113,9,28,17,30,2,03中山區,中山區樂群三路與敬業四路口,0,0,4,1,C03,7,7,5,50,14,9,1,5,4,5,13,4,4,9,4,5,2,12,1,22,2,9,5,1,7,9,1,10,1,12,,44,,1,21,121.5585522,25.0828766
113,9,28,17,30,2,03中山區,中山區樂群三路與敬業四路口,0,0,4,2,C03,7,7,5,50,14,9,1,5,4,5,13,4,4,9,4,5,2,12,1,46,2,9,5,1,7,7,1,10,1,13,,44,,1,21,121.5585522,25.0828766
113,9,28,17,30,2,03中山區,中山區樂群三路與敬業四路口,0,0,4,3,H02,7,7,5,50,14,9,1,5,4,5,13,4,4,9,4,5,2,12,2,48,2,9,5,5,7,21,8,20,10,16,,67,,1,21,121.5585522,25.0828766
113,9,28,17,30,2,03中山區,中山區樂群三路與敬業四路口,0,0,4,4,H02,7,7,5,50,14,9,1,5,4,5,13,4,4,9,4,5,2,12,1,14,2,9,5,5,7,21,8,20,10,16,,67,,1,21,121.5585522,25.0828766
113,9,28,17,41,2,03中山區,中山區民生東路2段116號,0,0,1,1,B01,8,7,5,50,14,9,2,5,4,5,13,4,4,9,4,5,2,12,1,59,3,10,7,1,7,7,1,4,2,4,,100,,1,21,121.5314123,25.05795422
113,9,28,17,41,2,03中山區,中山區民生東路2段116號,0,0,1,2,C03,8,7,5,50,14,9,2,5,4,5,13,4,4,9,4,5,2,12,2,26,2,9,6,1,7,9,1,10,2,12,,44,,1,21,121.5314123,25.05795422
113,9,28,17,50,2,03中山區,中山區中山橋往南下坡處,0,0,1,1,C03,7,5,5,50,8,9,1,4,4,5,13,4,4,1,4,5,2,17,1,25,3,10,3,4,7,21,1,10,2,17,,101,,1,21,121.5240358,25.07308905
113,9,28,17,50,2,03中山區,中山區中山橋往南下坡處,0,0,1,2,C03,7,5,5,50,8,9,1,4,4,5,13,4,4,1,4,5,2,17,2,30,2,9,3,4,7,9,1,8,2,17,,44,,1,21,121.5240358,25.07308905
113,9,28,18,5,2,08士林區,士林區中正路與環河北路3段口,0,0,1,1,C03,7,5,5,50,4,2,1,5,4,5,13,1,1,1,4,5,1,16,1,43,2,9,3,4,7,6,1,11,2,12,,98,,1,21,121.505731,25.0858123
113,9,28,18,5,2,08士林區,士林區中正路與環河北路3段口,0,0,1,2,B03,7,5,5,50,4,2,1,5,4,5,13,1,1,1,4,5,1,16,1,48,3,10,3,4,7,5,1,8,2,4,,44,,1,21,121.505731,25.0858123
113,9,28,18,6,2,09北投區,北投區大同街與育仁路口,0,0,1,1,C04,6,5,5,30,5,2,1,4,4,5,13,3,1,9,5,5,1,16,2,61,2,9,5,1,7,5,1,10,1,12,,71,,1,21,121.4983513,25.1337686
113,9,28,18,6,2,09北投區,北投區大同街與育仁路口,0,0,1,2,B03,6,5,5,30,5,2,1,4,4,5,13,3,1,9,5,5,1,16,1,52,3,10,7,1,7,9,1,8,1,8,,44,,1,21,121.4983513,25.1337686
113,9,28,18,32,2,05中正區,中正區羅斯福路1段與福州街口,0,0,1,1,C03,6,5,5,50,4,1,1,4,4,5,13,1,1,1,4,5,2,12,2,18,2,9,5,1,7,8,1,10,1,12,,101,,1,22,121.5203243,25.0297143
113,9,28,18,32,2,05中正區,中正區羅斯福路1段與福州街口,0,0,1,2,B03,6,5,5,50,4,1,1,4,4,5,13,1,1,1,4,5,2,12,1,71,3,10,7,1,7,9,1,8,1,8,,44,,1,22,121.5203243,25.0297143
113,9,28,19,12,2,07信義區,信義區忠孝東路4段550號,0,0,1,1,C03,7,5,8,50,22,22,1,4,4,5,13,4,4,1,4,5,2,17,2,24,2,9,6,1,7,8,1,10,1,14,,42,,1,22,121.5634406,25.041071
113,9,28,19,12,2,07信義區,信義區忠孝東路4段550號,0,0,1,2,B03,7,5,8,50,22,22,1,4,4,5,13,4,4,1,4,5,2,17,1,42,3,10,7,1,7,14,1,8,1,4,,44,,1,22,121.5634406,25.041071
113,9,28,19,12,2,07信義區,信義區忠孝東路4段550號,0,0,1,3,B01,7,5,8,50,22,22,1,4,4,5,13,4,4,1,4,5,2,17,1,46,3,10,7,1,7,14,1,4,1,4,,44,,1,22,121.5634406,25.041071
113,9,28,19,12,2,07信義區,信義區忠孝東路4段550號,0,0,1,4,B01,7,5,8,50,22,22,1,4,4,5,13,4,4,1,4,5,2,17,1,53,3,10,7,1,7,8,1,4,9,17,,100,,2,21,121.5634406,25.041071
113,9,28,19,16,2,09北投區,北投區承德路7段280巷與無名巷口,0,0,1,1,C03,6,5,5,30,4,1,1,4,4,5,13,4,4,10,5,5,2,15,1,54,2,9,6,1,7,9,1,9,2,11,,72,,1,26,121.5064933,25.1165178
113,9,28,19,16,2,09北投區,北投區承德路7段280巷與無名巷口,0,0,1,2,B03,6,5,5,30,4,1,1,4,4,5,13,4,4,10,5,5,2,15,1,43,3,10,7,1,7,9,1,8,2,8,,44,,1,21,121.5064933,25.1165178
113,9,28,19,16,2,09北投區,北投區承德路7段280巷與無名巷口,0,0,1,3,B03,6,5,5,30,4,1,1,4,4,5,13,4,4,10,5,5,2,15,2,32,3,10,3,4,7,13,1,8,9,17,,38,,1,21,121.5064933,25.1165178
113,9,28,19,20,2,04大安區,大安區金華街與新生南路2段口,0,0,1,1,C03,6,5,5,50,14,9,1,4,4,5,13,2,1,10,5,5,2,12,1,28,2,9,6,1,7,9,1,10,1,11,,87,,1,21,121.5337746,25.030676
113,9,28,19,20,2,04大安區,大安區金華街與新生南路2段口,0,0,1,2,B03,6,5,5,50,14,9,1,4,4,5,13,2,1,10,5,5,2,12,1,26,3,10,7,1,7,9,1,8,1,2,,44,,1,21,121.5337746,25.030676
113,9,28,19,24,2,10文山區,文山區木柵路1段與景美溪橋口口,0,0,1,1,B03,6,5,5,50,3,1,1,4,4,5,13,1,1,10,5,5,2,16,1,62,3,10,7,1,7,9,1,8,1,5,,81,,1,21,121.5454267,24.9867568
113,9,28,19,24,2,10文山區,文山區木柵路1段與景美溪橋口口,0,0,1,2,C03,6,5,5,50,3,1,1,4,4,5,13,1,1,10,5,5,2,16,1,46,2,9,5,1,7,5,1,10,1,11,,44,,1,21,121.5454267,24.9867568
113,9,28,19,50,2,03中山區,中山區植福路200號,0,0,2,1,B03,6,5,5,50,11,9,1,4,4,5,13,4,4,9,5,5,2,16,1,53,3,10,7,1,7,5,1,10,1,5,,8,,1,22,121.5602805,25.0831436
113,9,28,19,50,2,03中山區,中山區植福路200號,0,0,2,2,C03,6,5,5,50,11,9,1,4,4,5,13,4,4,9,5,5,2,16,1,30,2,9,6,1,7,9,1,15,1,14,,44,,1,22,121.5602805,25.0831436
113,9,28,19,50,2,03中山區,中山區植福路200號,0,0,2,3,C03,6,5,5,50,11,9,1,4,4,5,13,4,4,9,5,5,2,16,2,29,2,8,6,1,7,21,7,19,1,14,,44,,1,22,121.5602805,25.0831436
113,9,28,20,30,2,01大同區,大同區環河北路1段與民生西路423巷口,0,0,1,1,B03,7,5,5,50,3,2,1,5,4,5,13,4,4,3,5,5,2,17,1,34,3,10,7,1,7,15,1,8,2,2,,104,,1,21,121.508528,25.0577991
113,9,28,20,30,2,01大同區,大同區環河北路1段與民生西路423巷口,0,0,1,2,C04,7,5,5,50,3,2,1,5,4,5,13,4,4,3,5,5,2,17,2,66,2,1,5,1,7,9,1,10,2,14,,27,,1,21,121.508528,25.0577991
113,9,28,21,3,2,04大安區,大安區基隆路3段與長興街口,0,0,3,1,C04,7,5,5,50,4,2,1,4,4,5,13,2,1,1,4,5,2,13,2,57,2,1,3,4,7,9,1,10,1,11,,16,,1,22,121.5443731,25.0174239
113,9,28,21,3,2,04大安區,大安區基隆路3段與長興街口,0,0,3,2,C03,7,5,5,50,4,2,1,4,4,5,13,2,1,1,4,5,2,13,1,30,2,8,3,4,7,14,1,10,1,13,,44,,1,22,121.5443731,25.0174239
113,9,28,21,3,2,04大安區,大安區基隆路3段與長興街口,0,0,3,3,H02,7,5,5,50,4,2,1,4,4,5,13,2,1,1,4,5,2,13,2,27,2,8,3,5,7,17,8,20,10,16,,67,,1,22,121.5443731,25.0174239
113,9,28,22,0,2,09北投區,北投區承德路7段與公館路口,0,0,1,1,C03,6,5,5,60,4,1,1,4,4,5,13,1,1,1,4,4,2,13,2,21,2,9,6,1,7,9,1,10,1,12,,16,,1,25,121.5017299,25.1194319
113,9,28,22,0,2,09北投區,北投區承德路7段與公館路口,0,0,1,2,C03,6,5,5,60,4,1,1,4,4,5,13,1,1,1,4,4,2,13,1,40,3,10,6,1,7,15,1,9,1,14,,44,,1,26,121.5017299,25.1194319
113,9,28,22,2,2,04大安區,大安區敦化南路2段128號,0,0,2,1,C04,6,5,5,50,14,9,1,4,4,5,13,4,4,1,4,5,1,17,2,33,2,9,3,4,7,9,1,10,1,12,,108,,1,21,121.5484551,25.0261423
113,9,28,22,2,2,04大安區,大安區敦化南路2段128號,0,0,2,2,B03,6,5,5,50,14,9,1,4,4,5,13,4,4,1,4,5,1,17,2,34,3,10,3,4,7,13,1,8,11,4,,44,,1,21,121.5484551,25.0261423
113,9,28,22,2,2,04大安區,大安區敦化南路2段128號,0,0,2,3,C03,6,5,5,50,14,9,1,4,4,5,13,4,4,1,4,5,1,17,1,34,2,8,3,4,7,9,1,10,1,12,,44,,1,21,121.5484551,25.0261423
113,9,28,22,2,2,04大安區,大安區敦化南路2段128號,0,0,2,4,B03,6,5,5,50,14,9,1,4,4,5,13,4,4,1,4,5,1,17,1,30,3,10,3,4,7,13,1,8,1,7,,44,,1,21,121.5484551,25.0261423
113,9,28,22,20,2,04大安區,大安區愛國東路210巷與愛國東路21巷口,0,0,1,1,C03,8,5,5,30,4,1,1,4,4,5,13,3,1,1,4,4,2,17,2,56,2,8,5,1,7,9,1,10,1,11,,72,,1,21,121.5240775,25.032056
113,9,28,22,20,2,04大安區,大安區愛國東路210巷與愛國東路21巷口,0,0,1,2,B03,8,5,5,30,4,1,1,4,4,5,13,3,1,1,4,4,2,17,1,55,3,10,7,1,7,9,1,8,1,4,,44,,1,21,121.5240775,25.032056
113,9,28,22,24,2,03中山區,中山區長安東路1段與長安東路1段77巷口,0,0,2,1,B01,7,5,5,50,4,1,1,5,4,5,13,1,1,5,4,5,2,16,1,55,3,10,3,4,7,5,1,4,1,5,,71,,1,21,121.52818,25.04836625
113,9,28,22,24,2,03中山區,中山區長安東路1段與長安東路1段77巷口,0,0,2,2,C03,7,5,5,50,4,1,1,5,4,5,13,1,1,5,4,5,2,16,2,18,2,8,3,4,7,9,1,10,1,11,,44,,1,21,121.52818,25.04836625
113,9,28,22,24,2,03中山區,中山區長安東路1段與長安東路1段77巷口,0,0,2,3,H02,7,5,5,50,4,1,1,5,4,5,13,1,1,5,4,5,2,16,2,18,2,8,3,5,7,21,8,20,10,16,,67,,1,21,121.52818,25.04836625
113,9,29,1,54,2,04大安區,大安區市民大道3段與復興南路1段口口,0,0,2,3,,7,5,5,50,5,1,1,5,4,5,13,2,1,1,4,5,2,15,3,67,,,,,,,,,,,,67,,1,,121.5437534,25.044759
113,9,29,1,54,2,04大安區,大安區市民大道3段與復興南路1段口口,0,0,2,1,B03,7,5,5,50,5,1,1,5,4,5,13,2,1,1,4,5,2,15,1,27,2,7,7,1,7,9,1,8,2,5,,81,,1,21,121.5437534,25.044759
113,9,29,1,54,2,04大安區,大安區市民大道3段與復興南路1段口口,0,0,2,2,B12,7,5,5,50,5,1,1,5,4,5,13,2,1,1,4,5,2,15,1,38,2,9,7,1,7,9,3,18,2,8,,44,,1,21,121.5437534,25.044759
113,9,29,3,47,2,07信義區,信義區信安街與嘉興街181巷口,0,0,1,1,C03,8,5,5,50,5,1,1,5,4,5,13,2,1,5,5,4,2,15,2,64,2,9,5,1,7,9,1,10,1,12,,81,,1,21,121.5574573,25.0260837
113,9,29,3,47,2,07信義區,信義區信安街與嘉興街181巷口,0,0,1,2,B01,8,5,5,50,5,1,1,5,4,5,13,2,1,5,5,4,2,15,1,44,3,10,7,1,7,9,1,4,1,1,,44,,1,21,121.5574573,25.0260837
113,9,29,5,4,2,03中山區,中山區錦州街與錦州街30巷口,0,0,2,1,C03,7,5,5,50,14,9,1,5,4,5,13,4,4,5,5,5,2,16,1,40,2,9,3,4,7,11,1,10,1,14,,99,,1,21,121.5245287,25.0603377
113,9,29,5,4,2,03中山區,中山區錦州街與錦州街30巷口,0,0,2,2,C03,7,5,5,50,14,9,1,5,4,5,13,4,4,5,5,5,2,16,1,50,2,9,3,4,7,9,1,10,1,11,,44,,1,21,121.5245287,25.0603377
113,9,29,6,19,2,07信義區,信義區信義路5段150巷2號,0,0,1,1,F02,7,5,5,30,14,9,1,4,4,5,13,4,4,10,5,5,2,18,2,64,2,9,4,1,7,9,8,20,9,15,,44,,1,21,121.5702733,25.0285308
113,9,29,6,19,2,07信義區,信義區信義路5段150巷2號,0,0,1,2,,7,5,5,30,14,9,1,4,4,5,13,4,4,10,5,5,2,18,3,0,,,,,,,,,,,,67,,1,,121.5702733,25.0285308
113,9,29,7,24,2,08士林區,士林區華齡街與和豐街口,0,0,1,1,C03,8,5,5,30,3,1,1,5,4,5,13,4,4,5,4,5,2,17,1,71,3,10,3,4,7,5,1,10,1,12,,72,,1,22,121.5194554,25.0827675
113,9,29,7,24,2,08士林區,士林區華齡街與和豐街口,0,0,1,2,B01,8,5,5,30,3,1,1,5,4,5,13,4,4,5,4,5,2,17,1,60,3,10,3,4,7,5,1,8,1,1,,107,,1,22,121.5194554,25.0827675
113,9,29,7,24,2,08士林區,士林區華齡街與和豐街口,0,0,1,3,H02,8,5,5,30,3,1,1,5,4,5,13,4,4,5,4,5,2,17,2,71,2,8,3,5,7,20,8,20,10,16,,67,,1,22,121.5194554,25.0827675
113,9,29,7,51,2,10文山區,文山區木新路3段50巷與木新路3段50巷7弄口,0,0,1,1,B03,6,6,5,30,4,1,1,4,4,5,13,4,4,10,5,5,2,15,2,55,3,10,7,1,7,9,1,8,1,8,,72,,1,21,121.5640654,24.9830236
113,9,29,7,51,2,10文山區,文山區木新路3段50巷與木新路3段50巷7弄口,0,0,1,2,C03,6,6,5,30,4,1,1,4,4,5,13,4,4,10,5,5,2,15,1,61,2,9,6,1,7,9,1,10,1,12,,44,,1,21,121.5640654,24.9830236
113,9,29,8,0,2,12內湖區,內湖區內湖路2段與成功路3段174巷附近口,0,0,1,1,B03,8,6,5,50,4,1,1,5,4,5,13,2,1,5,5,5,2,17,1,48,3,10,7,1,7,6,1,8,2,8,,9,,1,21,121.5902961,25.0819483
113,9,29,8,0,2,12內湖區,內湖區內湖路2段與成功路3段174巷附近口,0,0,1,2,C03,8,6,5,50,4,1,1,5,4,5,13,2,1,5,5,5,2,17,2,69,2,9,5,1,7,5,1,10,2,12,,8,,1,21,121.5902961,25.0819483
113,9,29,8,34,2,07信義區,信義區基隆路1段與基隆路1段102巷口,0,0,1,1,B03,6,6,5,50,3,1,1,4,4,5,13,4,4,1,4,5,1,17,2,50,3,10,3,4,7,6,1,8,1,2,,74,,1,21,121.5668096,25.0453388
113,9,29,8,34,2,07信義區,信義區基隆路1段與基隆路1段102巷口,0,0,1,2,C03,6,6,5,50,3,1,1,4,4,5,13,4,4,1,4,5,1,17,1,21,2,7,3,4,7,9,1,10,1,14,,44,,1,21,121.5668096,25.0453388
113,9,29,8,39,2,10文山區,文山區木柵路4段96號,0,0,1,1,C03,7,6,5,50,14,9,1,4,4,5,13,4,4,5,4,5,2,17,2,32,2,8,6,1,7,9,1,10,1,11,,42,,1,21,121.5748973,24.9984283
113,9,29,8,39,2,10文山區,文山區木柵路4段96號,0,0,1,2,B03,7,6,5,50,14,9,1,4,4,5,13,4,4,5,4,5,2,17,1,32,3,10,7,1,7,1,6,18,1,17,,19,,1,21,121.5748973,24.9984283
113,9,29,8,39,2,10文山區,文山區木柵路4段96號,0,0,1,3,B03,7,6,5,50,14,9,1,4,4,5,13,4,4,5,4,5,2,17,1,64,3,10,7,1,7,9,1,8,1,17,,44,,1,21,121.5748973,24.9984283
113,9,29,8,40,2,02萬華區,萬華區萬大路424巷與寶興街口,0,0,1,1,F01,6,6,5,50,4,2,1,4,4,5,13,2,1,9,5,5,2,17,2,84,3,10,4,1,7,9,8,20,1,11,,81,,1,21,121.4960496,25.0213734
113,9,29,8,40,2,02萬華區,萬華區萬大路424巷與寶興街口,0,0,1,2,C03,6,6,5,50,4,2,1,4,4,5,13,2,1,9,5,5,2,17,1,35,2,9,6,1,7,9,1,9,1,14,11,44,,1,21,121.4960496,25.0213734
113,9,29,8,51,2,05中正區,中正區中山南路與青島東路口,0,0,2,1,C03,6,6,5,50,4,1,1,4,4,5,13,2,1,5,4,5,2,17,2,36,2,9,5,1,7,6,1,10,2,12,,9,,1,22,121.5193792,25.04449642
113,9,29,8,51,2,05中正區,中正區中山南路與青島東路口,0,0,2,2,C03,6,6,5,50,4,1,1,4,4,5,13,2,1,5,4,5,2,17,2,28,2,9,5,1,7,9,1,10,2,14,,107,,1,22,121.5193792,25.04449642
113,9,29,9,15,2,07信義區,信義區吳興街284巷22弄與吳興街284巷20弄口,0,0,1,1,C03,6,6,5,30,3,2,1,4,4,5,13,4,4,10,5,5,2,18,2,68,2,7,3,4,7,9,1,10,1,14,,116,,1,22,121.5612186,25.023616
113,9,29,9,15,2,07信義區,信義區吳興街284巷22弄與吳興街284巷20弄口,0,0,1,2,,6,6,5,30,3,2,1,4,4,5,13,4,4,10,5,5,2,18,3,0,,,,,,,,,,,,67,,1,,121.5612186,25.023616
113,9,29,10,0,2,03中山區,中山區南京西路與長安西路19巷2弄口,0,0,1,1,B03,6,6,5,50,4,1,1,4,4,5,13,2,1,1,5,4,2,3,1,36,3,10,7,1,7,6,1,8,2,5,,70,,1,22,121.5206035,25.0525455
113,9,29,10,0,2,03中山區,中山區南京西路與長安西路19巷2弄口,0,0,1,2,H01,6,6,5,50,4,1,1,4,4,5,13,2,1,1,5,4,2,3,2,28,2,9,4,5,8,18,8,20,10,17,,122,,1,22,121.5206035,25.0525455
113,9,29,10,4,2,01大同區,大同區延平北路4段與酒泉街口,0,0,1,1,B03,6,6,5,50,4,1,1,4,4,5,13,2,1,5,4,5,2,2,1,49,3,10,3,4,7,5,1,7,2,1,,70,,1,22,121.5111857,25.0721593
113,9,29,10,4,2,01大同區,大同區延平北路4段與酒泉街口,0,0,1,2,H01,6,6,5,50,4,1,1,4,4,5,13,2,1,5,4,5,2,2,1,58,2,9,4,5,8,16,8,20,10,16,,67,,1,22,121.5111857,25.0721593
113,9,29,10,7,2,03中山區,中山區建國北路2段與興安街口,0,0,1,1,B03,6,7,5,50,3,1,1,4,4,5,13,2,1,7,2,5,2,17,1,57,3,10,7,1,7,9,1,8,1,1,,81,,1,21,121.5366512,25.05619658
113,9,29,10,7,2,03中山區,中山區建國北路2段與興安街口,0,0,1,2,C03,6,7,5,50,3,1,1,4,4,5,13,2,1,7,2,5,2,17,1,27,2,9,5,1,7,9,1,10,1,14,,44,,1,21,121.5366512,25.05619658
113,9,29,10,9,2,09北投區,北投區崗山路與崗山路8巷口,0,0,1,1,C03,6,7,5,30,4,1,1,4,4,5,13,4,4,10,5,5,2,16,1,31,2,8,5,1,7,9,1,10,1,11,,80,,1,22,121.4879532,25.14029312
113,9,29,10,9,2,09北投區,北投區崗山路與崗山路8巷口,0,0,1,2,B03,6,7,5,30,4,1,1,4,4,5,13,4,4,10,5,5,2,16,1,31,3,10,7,1,7,9,1,8,1,4,,44,,1,22,121.4879532,25.14029312
113,9,29,10,10,2,07信義區,信義區和平東路3段599號,0,0,1,1,B12,6,6,5,40,14,9,1,4,4,5,13,2,1,9,4,5,1,17,1,64,3,10,3,4,7,5,1,8,2,6,,80,,1,21,121.5623778,25.0141949
113,9,29,10,10,2,07信義區,信義區和平東路3段599號,0,0,1,2,C03,6,6,5,40,14,9,1,4,4,5,13,2,1,9,4,5,1,17,1,23,2,8,3,4,7,9,1,10,2,11,,13,,1,21,121.5623778,25.0141949
113,9,29,10,26,2,04大安區,大安區忠孝東路4段與忠孝東路4段216巷口,0,0,3,1,B01,6,7,5,50,4,1,1,4,4,5,13,2,1,1,3,5,1,17,1,58,2,3,3,4,7,14,1,4,1,3,,44,,1,21,121.5531792,25.0414684
113,9,29,10,26,2,04大安區,大安區忠孝東路4段與忠孝東路4段216巷口,0,0,3,3,H02,6,7,5,50,4,1,1,4,4,5,13,2,1,1,3,5,1,17,2,34,2,9,3,5,7,17,8,20,10,16,,67,,1,22,121.5531792,25.0414684
113,9,29,10,26,2,04大安區,大安區忠孝東路4段與忠孝東路4段216巷口,0,0,3,2,B13,6,7,5,50,4,1,1,4,4,5,13,2,1,1,3,5,1,17,1,40,2,1,3,4,7,9,1,8,1,1,,108,,1,21,121.5531792,25.0414684
113,9,29,10,26,2,04大安區,大安區忠孝東路4段與忠孝東路4段216巷口,0,0,3,4,B01,6,7,5,50,4,1,1,4,4,5,13,2,1,1,3,5,1,17,1,65,3,10,3,4,7,14,1,8,1,8,,44,,1,21,121.5531792,25.0414684
113,9,29,10,26,2,04大安區,大安區忠孝東路4段與忠孝東路4段216巷口,0,0,3,5,B12,6,7,5,50,4,1,1,4,4,5,13,2,1,1,3,5,1,17,1,54,3,10,3,4,7,14,1,8,1,8,,44,,1,21,121.5531792,25.0414684
113,9,29,10,46,2,02萬華區,萬華區環河南路1段348巷,0,0,2,1,B03,6,7,5,50,14,9,1,4,4,5,13,4,4,1,4,5,2,17,1,38,3,10,7,1,7,5,1,8,9,17,,19,,2,21,121.4968671,25.03955748
113,9,29,10,46,2,02萬華區,萬華區環河南路1段348巷,0,0,2,2,C03,6,7,5,50,14,9,1,4,4,5,13,4,4,1,4,5,2,17,2,43,2,9,6,1,7,9,1,10,1,12,,42,,1,21,121.4968671,25.03955748
113,9,29,10,46,2,02萬華區,萬華區環河南路1段348巷,0,0,2,3,C03,6,7,5,50,14,9,1,4,4,5,13,4,4,1,4,5,2,17,2,19,2,9,6,1,7,9,1,10,1,14,,13,,1,21,121.4968671,25.03955748
113,9,29,11,16,2,04大安區,大安區信義路3段134巷與建國南路2段11巷口,0,0,1,1,C03,6,6,5,30,3,1,1,4,4,5,13,4,4,10,5,5,2,15,1,71,2,8,5,4,7,9,1,10,1,14,,72,,1,21,121.5394615,25.032655
113,9,29,11,16,2,04大安區,大安區信義路3段134巷與建國南路2段11巷口,0,0,1,2,B03,6,6,5,30,3,1,1,4,4,5,13,4,4,10,5,5,2,15,2,74,3,10,3,4,7,9,1,8,1,4,,44,,1,21,121.5394615,25.032655
113,9,29,11,29,2,02萬華區,萬華區中華路1段與漢口街2段口,0,0,1,2,H02,8,5,5,40,4,1,1,5,4,5,13,1,1,3,3,5,2,9,2,65,2,9,4,5,7,20,8,20,10,16,,67,,1,22,121.5090752,25.0452837
113,9,29,11,29,2,02萬華區,萬華區中華路1段與漢口街2段口,0,0,1,1,A02,8,5,5,40,4,1,1,5,4,5,13,1,1,3,3,5,2,9,1,41,3,10,3,4,7,9,1,2,9,15,,44,,1,22,121.5090752,25.0452837
113,9,29,11,55,2,05中正區,中正區重慶北路1段與鄭州路口,0,0,1,1,B03,6,6,5,40,14,9,1,4,4,5,13,4,4,1,4,5,2,17,1,28,3,10,7,1,7,7,1,8,2,17,,100,,1,22,121.5138886,25.0491826
113,9,29,11,55,2,05中正區,中正區重慶北路1段與鄭州路口,0,0,1,2,C03,6,6,5,40,14,9,1,4,4,5,13,4,4,1,4,5,2,17,1,42,2,9,6,1,7,9,1,10,2,17,,13,,1,22,121.5138886,25.0491826
113,9,29,11,59,2,07信義區,信義區吳興街284巷24弄與吳興街284巷30弄口,0,0,1,1,C03,7,7,5,30,4,1,1,5,4,5,13,4,4,10,5,5,2,15,1,25,2,9,5,1,7,9,1,10,1,11,,75,,1,21,121.5616696,25.0230833
113,9,29,11,59,2,07信義區,信義區吳興街284巷24弄與吳興街284巷30弄口,0,0,1,2,B03,7,7,5,30,4,1,1,5,4,5,13,4,4,10,5,5,2,15,1,52,3,10,7,1,7,9,1,10,1,4,,14,,1,21,121.5616696,25.0230833
113,9,29,12,30,2,03中山區,中山區建國高架道與建國高架道口往南、長安東路上方,0,0,1,1,B03,7,7,5,70,14,9,1,4,4,5,13,4,4,1,4,5,2,13,1,29,3,10,3,4,7,9,1,8,2,1,,16,,1,21,121.5366197,25.0478013