發生年度,發生月,發生日,發生時-Hours,發生分,處理別-編號,區序,肇事地點,死亡人數,2-30日死亡人數,受傷人數,當事人序號,車種,天候,道路照明設備,道路類別,速限-速度限制,道路型態,事故位置,路面狀況1,路面狀況2,路面狀況3,道路障礙1,道路障礙2,號誌1,號誌2,車道劃分-分向,車道劃分-分道1,車道劃分-分道2,車道劃分-分道3,事故類型及型態,性別,年齡,受傷程度,主要傷處,保護裝置,行動電話,車輛用途,當事者行動狀態,駕駛資格情形,駕駛執照種類,飲酒情形,車輛撞擊部位1,車輛撞擊部位2,肇因碼-個別,肇因碼-主要,個人肇逃否,職業,座標-X,座標-Y
113,9,29,12,30,2,03中山區,中山區建國高架道與建國高架道口往南、長安東路上方,0,0,1,2,B01,7,7,5,70,14,9,1,4,4,5,13,4,4,1,4,5,2,13,1,39,3,10,3,4,7,12,1,4,2,3,,44,,1,21,121.5366197,25.0478013
113,9,29,12,30,2,03中山區,中山區建國高架道與建國高架道口往南、長安東路上方,0,0,1,3,B03,7,7,5,70,14,9,1,4,4,5,13,4,4,1,4,5,2,13,1,51,3,10,3,4,7,14,1,8,2,3,,44,,1,21,121.5366197,25.0478013
113,9,29,12,30,2,03中山區,中山區建國高架道與建國高架道口往南、長安東路上方,0,0,1,4,B03,7,7,5,70,14,9,1,4,4,5,13,4,4,1,4,5,2,13,1,58,3,10,3,4,7,14,1,8,2,3,,44,,1,21,121.5366197,25.0478013
113,9,29,12,30,2,03中山區,中山區建國高架道與建國高架道口往南、長安東路上方,0,0,1,5,H02,7,7,5,70,14,9,1,4,4,5,13,4,4,1,4,5,2,13,1,11,2,2,7,5,7,20,8,20,10,16,,67,,1,21,121.5366197,25.0478013
113,9,29,12,30,2,06松山區,松山區南京東路5段250巷18弄與南京東路5段286巷口,0,0,2,1,C03,7,7,5,30,4,1,1,4,4,5,13,4,4,10,5,5,2,15,1,24,2,9,5,1,7,9,1,10,1,11,,14,,1,25,121.5672484,25.0502164
113,9,29,12,30,2,06松山區,松山區南京東路5段250巷18弄與南京東路5段286巷口,0,0,2,2,B01,7,7,5,30,4,1,1,4,4,5,13,4,4,10,5,5,2,15,1,57,3,10,7,1,7,9,1,8,1,4,,14,,1,26,121.5672484,25.0502164
113,9,29,12,30,2,06松山區,松山區南京東路5段250巷18弄與南京東路5段286巷口,0,0,2,3,H02,7,7,5,30,4,1,1,4,4,5,13,4,4,10,5,5,2,15,1,54,2,9,5,5,7,17,8,20,10,16,,67,,1,26,121.5672484,25.0502164
113,9,29,12,47,2,04大安區,大安區市民大道4段34號,0,0,1,1,C03,6,5,5,40,14,6,1,4,4,5,13,4,4,1,4,5,2,16,1,61,3,10,6,1,7,5,1,10,1,12,,72,,1,21,121.5456918,25.044953
113,9,29,12,47,2,04大安區,大安區市民大道4段34號,0,0,1,2,C03,6,5,5,40,14,6,1,4,4,5,13,4,4,1,4,5,2,16,1,22,2,9,6,1,7,9,1,10,1,11,,13,,1,21,121.5456918,25.044953
113,9,29,12,50,2,06松山區,松山區民生東路3段與民生東路3段113巷口,0,0,2,1,C03,8,7,5,50,4,1,1,4,4,5,13,2,1,1,4,5,2,17,1,66,2,9,5,1,7,9,1,10,9,11,,16,,1,25,121.5464021,25.0578244
113,9,29,12,50,2,06松山區,松山區民生東路3段與民生東路3段113巷口,0,0,2,2,C03,8,7,5,50,4,1,1,4,4,5,13,2,1,1,4,5,2,17,2,24,2,9,5,1,7,14,1,10,2,11,13,44,,1,25,121.5464021,25.0578244
113,9,29,12,50,2,06松山區,松山區民生東路3段與民生東路3段113巷口,0,0,2,3,B02,8,7,5,50,4,1,1,4,4,5,13,2,1,1,4,5,2,17,1,51,3,10,7,1,7,14,1,8,2,8,,44,,1,7,121.5464021,25.0578244
113,9,29,12,55,2,11南港區,南港區八德路4段與玉成街口,0,0,2,1,B03,8,7,5,50,4,2,1,5,4,5,13,1,1,9,4,5,2,15,2,62,3,10,7,1,7,9,1,8,2,2,,81,,1,21,121.5815486,25.0511999
113,9,29,12,55,2,11南港區,南港區八德路4段與玉成街口,0,0,2,2,C03,8,7,5,50,4,2,1,5,4,5,13,1,1,9,4,5,2,15,1,24,2,9,5,1,7,9,1,10,2,14,,44,,1,21,121.5815486,25.0511999
113,9,29,12,55,2,11南港區,南港區八德路4段與玉成街口,0,0,2,3,H02,8,7,5,50,4,2,1,5,4,5,13,1,1,9,4,5,2,15,2,24,2,9,5,5,7,17,8,20,10,17,,67,,1,21,121.5815486,25.0511999
113,9,29,13,3,2,01大同區,大同區忠孝西路1段與塔城街口,0,0,3,1,C03,6,6,5,50,5,1,1,4,4,5,13,4,4,1,5,5,2,12,1,61,2,9,6,1,7,9,1,10,2,12,,101,,1,21,121.5101983,25.04824299
113,9,29,13,3,2,01大同區,大同區忠孝西路1段與塔城街口,0,0,3,2,C03,6,6,5,50,5,1,1,4,4,5,13,4,4,1,5,5,2,12,1,20,2,9,6,1,7,9,1,10,2,14,,44,,1,21,121.5101983,25.04824299
113,9,29,13,3,2,01大同區,大同區忠孝西路1段與塔城街口,0,0,3,3,H02,6,6,5,50,5,1,1,4,4,5,13,4,4,1,5,5,2,12,2,57,2,9,6,5,7,20,8,20,10,16,,67,,1,21,121.5101983,25.04824299
113,9,29,13,18,2,02萬華區,萬華區青年路與水源路口,0,0,1,1,B12,8,7,5,50,4,1,1,5,4,5,13,2,1,1,2,5,2,17,1,43,3,10,7,1,7,7,6,18,1,2,,80,,1,21,121.5042589,25.01991047
113,9,29,13,18,2,02萬華區,萬華區青年路與水源路口,0,0,1,2,C03,8,7,5,50,4,1,1,5,4,5,13,2,1,1,2,5,2,17,2,66,2,9,6,1,7,9,1,10,1,12,,44,,1,21,121.5042589,25.01991047
113,9,29,13,53,2,07信義區,信義區基隆路1段與松壽路口,0,0,1,1,C03,6,5,5,50,4,1,1,4,4,5,13,2,1,1,4,5,2,16,1,42,2,8,5,1,7,6,1,10,2,13,,100,,1,21,121.5615961,25.0359134
113,9,29,13,53,2,07信義區,信義區基隆路1段與松壽路口,0,0,1,2,B01,6,5,5,50,4,1,1,4,4,5,13,2,1,1,4,5,2,16,1,60,3,10,7,1,7,6,1,4,2,5,,44,,1,21,121.5615961,25.0359134
113,9,29,14,16,2,05中正區,中正區新生南路1段與濟南路2段口,0,0,1,1,B03,6,6,5,50,4,1,1,4,4,5,8,2,1,3,4,5,2,16,2,53,3,10,7,1,7,6,1,8,2,2,,9,,1,22,121.5327525,25.04018186
113,9,29,14,16,2,05中正區,中正區新生南路1段與濟南路2段口,0,0,1,2,C03,6,6,5,50,4,1,1,4,4,5,8,2,1,3,4,5,2,16,1,62,2,9,5,1,7,9,1,10,2,11,,44,,1,22,121.5327525,25.04018186
113,9,29,14,20,2,12內湖區,內湖區民權東路6段56巷1弄與民權東路6段56巷口,0,0,1,1,B01,7,6,5,50,3,1,1,4,4,5,13,4,4,5,5,5,2,16,1,58,3,10,7,1,7,5,1,4,1,4,,19,,1,21,121.5847083,25.0683112
113,9,29,14,20,2,12內湖區,內湖區民權東路6段56巷1弄與民權東路6段56巷口,0,0,1,2,C03,7,6,5,50,3,1,1,4,4,5,13,4,4,5,5,5,2,16,2,31,2,9,5,1,7,9,1,10,1,11,,13,,1,21,121.5847083,25.0683112
113,9,29,14,25,2,03中山區,中山區樂群二路與敬業二路口,0,0,1,3,H02,6,7,5,50,4,1,1,4,4,5,13,1,1,5,5,5,2,16,2,14,2,1,7,5,7,21,8,20,10,16,,67,,1,21,121.5544196,25.07998696
113,9,29,14,25,2,03中山區,中山區樂群二路與敬業二路口,0,0,1,1,B03,6,7,5,50,4,1,1,4,4,5,13,1,1,5,5,5,2,16,1,49,3,10,7,1,7,5,1,8,1,8,,8,,1,21,121.5544196,25.07998696
113,9,29,14,25,2,03中山區,中山區樂群二路與敬業二路口,0,0,1,2,B03,6,7,5,50,4,1,1,4,4,5,13,1,1,5,5,5,2,16,1,35,3,10,7,1,7,9,1,8,1,5,,44,,1,21,121.5544196,25.07998696
113,9,29,14,50,2,06松山區,松山區八德路2段447號對面,0,0,1,1,C03,7,6,5,50,14,9,1,4,4,5,13,4,4,9,4,5,2,17,1,22,2,9,6,1,7,9,1,10,1,17,,44,,1,22,121.5470782,25.04815
113,9,29,14,50,2,06松山區,松山區八德路2段447號對面,0,0,1,2,B12,7,6,5,50,14,9,1,4,4,5,13,4,4,9,4,5,2,17,1,48,3,10,7,1,7,9,1,8,9,17,,37,,2,22,121.5470782,25.04815
113,9,29,15,18,2,08士林區,士林區中山北路5段46號,0,0,1,1,B03,7,7,5,50,14,9,1,4,4,5,13,4,4,10,5,5,1,17,1,28,3,10,7,1,7,6,1,8,2,6,,9,,1,21,121.5256254,25.08335502
113,9,29,15,18,2,08士林區,士林區中山北路5段46號,0,0,1,2,C03,7,7,5,50,14,9,1,4,4,5,13,4,4,10,5,5,1,17,1,52,2,9,6,1,7,9,1,10,2,11,,44,,1,21,121.5256254,25.08335502
113,9,29,15,30,2,06松山區,松山區南京東路5段50號,0,0,2,1,B01,7,7,5,40,14,7,1,4,4,5,13,4,4,1,4,4,2,17,1,28,3,10,7,1,7,7,1,4,1,17,,100,,1,21,121.5603907,25.0513979
113,9,29,15,30,2,06松山區,松山區南京東路5段50號,0,0,2,2,C03,7,7,5,40,14,7,1,4,4,5,13,4,4,1,4,4,2,17,1,47,2,8,5,1,7,9,1,10,1,14,,44,,1,23,121.5603907,25.0513979
113,9,29,15,30,2,06松山區,松山區南京東路5段50號,0,0,2,3,H02,7,7,5,40,14,7,1,4,4,5,13,4,4,1,4,4,2,17,2,5,2,8,5,5,7,20,8,20,10,17,,67,,1,21,121.5603907,25.0513979
113,9,29,15,34,2,03中山區,中山區中山北路2段與中山北路2段44巷口,0,0,1,1,C03,7,5,5,50,4,2,1,4,4,5,13,2,1,5,4,5,2,29,1,34,2,9,3,4,7,12,1,10,1,14,,42,,1,21,121.5225732,25.0550208
113,9,29,15,34,2,03中山區,中山區中山北路2段與中山北路2段44巷口,0,0,1,2,,7,5,5,50,4,2,1,4,4,5,13,2,1,5,4,5,2,29,3,,,,,,,,,,,,,67,,1,,121.5225732,25.0550208
113,9,29,15,34,2,03中山區,中山區中山北路2段與中山北路2段44巷口,0,0,1,3,B03,7,5,5,50,4,2,1,4,4,5,13,2,1,5,4,5,2,29,1,70,3,10,3,4,7,9,1,8,9,17,,101,,1,21,121.5225732,25.0550208
113,9,29,16,5,2,05中正區,中正區中山南路與凱達格蘭大道口,0,0,2,1,B03,8,6,5,50,18,9,1,5,4,5,13,1,1,1,4,5,2,13,1,25,3,10,7,2,7,9,1,8,1,1,,110,,1,22,121.5173832,25.0393406
113,9,29,16,5,2,05中正區,中正區中山南路與凱達格蘭大道口,0,0,2,2,C03,8,6,5,50,18,9,1,5,4,5,13,1,1,1,4,5,2,13,1,48,2,9,6,1,7,14,1,10,1,13,,44,,1,22,121.5173832,25.0393406
113,9,29,16,5,2,05中正區,中正區中山南路與凱達格蘭大道口,0,0,2,3,H02,8,6,5,50,18,9,1,5,4,5,13,1,1,1,4,5,2,13,1,7,2,9,6,5,7,17,8,20,10,16,,67,,1,14,121.5173832,25.0393406
113,9,29,16,18,2,08士林區,士林區延平北路5段與葫蘆街口,0,0,1,1,B03,8,6,5,50,3,2,1,5,4,5,13,2,1,1,4,5,1,8,1,66,3,10,7,1,7,2,1,8,2,3,,12,,1,21,121.5108936,25.0799364
113,9,29,16,18,2,08士林區,士林區延平北路5段與葫蘆街口,0,0,1,2,H01,8,6,5,50,3,2,1,5,4,5,13,2,1,1,4,5,1,8,2,97,2,9,4,5,8,17,8,20,10,16,,67,,1,21,121.5108936,25.0799364
113,9,29,17,18,2,12內湖區,內湖區內湖路2段263巷與成功路3段174巷口,0,0,2,1,C03,8,6,5,50,4,1,1,5,4,5,13,2,1,5,5,5,2,17,1,35,2,7,5,1,7,5,1,10,1,12,,8,,1,21,121.5903113,25.0819573
113,9,29,17,18,2,12內湖區,內湖區內湖路2段263巷與成功路3段174巷口,0,0,2,2,C03,8,6,5,50,4,1,1,5,4,5,13,2,1,5,5,5,2,17,1,43,2,8,6,1,7,9,1,10,1,11,,44,,1,21,121.5903113,25.0819573
113,9,29,17,54,2,12內湖區,內湖區環山路1段與環山路1段9巷口,0,0,1,1,B02,7,6,5,40,3,1,1,5,4,5,13,4,4,5,5,4,2,11,2,55,3,10,7,1,7,11,1,8,1,1,,10,,1,21,121.565585,25.0830732
113,9,29,17,54,2,12內湖區,內湖區環山路1段與環山路1段9巷口,0,0,1,3,H02,7,6,5,40,3,1,1,5,4,5,13,4,4,5,5,4,2,11,2,25,2,9,5,5,7,20,8,20,10,16,,67,,1,21,121.565585,25.0830732
113,9,29,17,54,2,12內湖區,內湖區環山路1段與環山路1段9巷口,0,0,1,2,C03,7,6,5,40,3,1,1,5,4,5,13,4,4,5,5,4,2,11,1,31,3,10,5,1,7,9,1,10,1,14,,44,,1,21,121.565585,25.0830732
113,9,29,18,28,2,03中山區,中山區樂群一路西往東，美堤河濱公園旁,0,0,1,1,C03,7,5,5,50,14,9,1,5,4,5,13,4,4,1,4,5,2,13,2,19,2,9,6,4,7,9,1,10,2,11,,16,,1,22,121.5425999,25.0791813
113,9,29,18,28,2,03中山區,中山區樂群一路西往東，美堤河濱公園旁,0,0,1,2,B03,7,5,5,50,14,9,1,5,4,5,13,4,4,1,4,5,2,13,1,47,3,10,7,1,7,9,1,8,2,6,,44,,1,22,121.5425999,25.0791813
113,9,29,18,35,2,03中山區,中山區中山北路1段與市民大道1段口,0,0,2,1,C03,8,5,5,40,14,9,1,5,4,5,13,4,4,9,4,5,2,17,2,34,2,9,5,1,7,8,1,10,1,12,,80,,1,21,121.5205082,25.04828778
113,9,29,18,35,2,03中山區,中山區中山北路1段與市民大道1段口,0,0,2,2,C03,8,5,5,40,14,9,1,5,4,5,13,4,4,9,4,5,2,17,2,18,3,10,5,1,7,9,1,10,1,14,,44,,1,21,121.5205082,25.04828778
113,9,29,18,35,2,03中山區,中山區中山北路1段與市民大道1段口,0,0,2,3,H02,8,5,5,40,14,9,1,5,4,5,13,4,4,9,4,5,2,17,2,8,2,9,4,5,7,20,8,20,10,16,,67,,1,21,121.5205082,25.04828778
113,9,29,19,20,2,12內湖區,內湖區民權東路6段13-15號,0,0,1,1,B01,6,5,5,50,14,9,1,4,4,5,13,4,4,1,4,5,2,17,1,63,3,10,7,1,7,8,1,4,1,17,,42,,1,21,121.5790216,25.0669444
113,9,29,19,20,2,12內湖區,內湖區民權東路6段13-15號,0,0,1,2,C04,6,5,5,50,14,9,1,4,4,5,13,4,4,1,4,5,2,17,1,27,2,9,6,1,7,9,1,10,1,17,,44,,1,21,121.5790216,25.0669444
113,9,29,19,54,2,03中山區,中山區中山北路2段84號,0,0,1,1,C03,7,5,5,50,14,9,1,4,4,5,13,4,4,5,4,5,2,13,1,28,2,8,3,4,7,9,1,10,1,14,,16,,1,21,121.5227035,25.05740035
113,9,29,19,54,2,03中山區,中山區中山北路2段84號,0,0,1,2,C03,7,5,5,50,14,9,1,4,4,5,13,4,4,5,4,5,2,13,1,36,3,10,3,4,7,9,1,10,1,12,,44,,1,21,121.5227035,25.05740035
113,9,29,19,58,2,10文山區,文山區木柵路1段與木柵路1段260巷口口,0,0,2,1,B03,7,5,5,50,3,1,1,5,4,5,13,4,4,5,4,5,1,16,1,18,3,10,3,4,7,5,1,8,1,2,,8,,1,21,121.5544232,24.98807435
113,9,29,19,58,2,10文山區,文山區木柵路1段與木柵路1段260巷口口,0,0,2,2,C03,7,5,5,50,3,1,1,5,4,5,13,4,4,5,4,5,1,16,1,18,2,7,6,1,7,9,3,18,1,11,,14,,1,21,121.5544232,24.98807435
113,9,29,19,58,2,10文山區,文山區木柵路1段與木柵路1段260巷口口,0,0,2,3,H02,7,5,5,50,3,1,1,5,4,5,13,4,4,5,4,5,1,16,2,23,2,8,6,5,7,21,8,20,10,16,,67,,1,21,121.5544232,24.98807435
113,9,29,20,5,2,03中山區,中山區農安街與農安街227巷口,0,0,1,1,C03,7,5,5,30,4,2,1,5,4,5,13,4,4,10,5,5,2,16,1,51,2,7,6,1,7,5,6,18,8,12,,72,,1,21,121.5339956,25.0646878
113,9,29,20,5,2,03中山區,中山區農安街與農安街227巷口,0,0,1,2,B03,7,5,5,30,4,2,1,5,4,5,13,4,4,10,5,5,2,16,1,26,3,10,7,1,7,9,1,8,2,8,,13,,1,21,121.5339956,25.0646878
113,9,29,20,8,2,05中正區,中正區和平西路1段73號,0,0,1,1,C03,7,5,5,50,14,9,1,5,4,5,13,4,4,1,4,5,2,17,1,46,2,9,5,1,7,9,1,10,2,12,,108,,1,22,121.5184852,25.0266821
113,9,29,20,8,2,05中正區,中正區和平西路1段73號,0,0,1,3,B01,7,5,5,50,14,9,1,5,4,5,13,4,4,1,4,5,2,17,1,28,3,10,7,1,7,9,1,4,2,5,,44,,1,22,121.5184852,25.0266821
113,9,29,20,8,2,05中正區,中正區和平西路1段73號,0,0,1,2,B01,7,5,5,50,14,9,1,5,4,5,13,4,4,1,4,5,2,17,1,54,3,10,2,1,7,13,1,4,9,7,,44,,1,22,121.5184852,25.0266821
113,9,29,20,55,2,07信義區,信義區莊敬路477號,0,0,1,1,C03,7,5,8,50,22,22,1,4,4,5,13,1,1,5,4,5,2,17,1,49,4,11,5,1,7,7,1,10,9,15,,44,,2,22,121.5682024,25.0267272
113,9,29,20,55,2,07信義區,信義區莊敬路477號,0,0,1,2,C03,7,5,8,50,22,22,1,4,4,5,13,1,1,5,4,5,2,17,1,42,2,9,6,1,7,11,1,8,1,17,,44,,1,21,121.5682024,25.0267272
113,9,29,21,10,2,12內湖區,內湖區南京東路6段與堤頂大道1段口,0,0,2,1,C03,6,5,5,50,4,1,1,4,4,5,13,2,1,1,4,5,2,17,1,18,2,9,6,1,7,5,1,10,2,12,,42,,1,21,121.5761197,25.0547153
113,9,29,21,10,2,12內湖區,內湖區南京東路6段與堤頂大道1段口,0,0,2,2,B02,6,5,5,50,4,1,1,4,4,5,13,2,1,1,4,5,2,17,1,38,3,10,7,1,7,9,1,8,2,1,,42,,1,21,121.5761197,25.0547153
113,9,29,21,10,2,12內湖區,內湖區南京東路6段與堤頂大道1段口,0,0,2,3,H02,6,5,5,50,4,1,1,4,4,5,13,2,1,1,4,5,2,17,1,14,2,9,6,5,7,21,8,20,10,16,,67,,1,21,121.5761197,25.0547153
113,9,29,21,30,2,05中正區,中正區長沙街1段與桃源街口,0,0,1,1,B03,7,5,5,50,4,1,1,5,4,5,13,1,1,10,5,5,2,16,1,51,3,10,7,4,7,6,1,8,2,5,,9,,1,22,121.5102076,25.04015632
113,9,29,21,30,2,05中正區,中正區長沙街1段與桃源街口,0,0,1,2,C03,7,5,5,50,4,1,1,5,4,5,13,1,1,10,5,5,2,16,1,20,2,9,6,4,7,9,1,10,2,14,,44,,1,22,121.5102076,25.04015632
113,9,29,22,21,2,04大安區,大安區和平東路1段與師大路口,0,0,1,1,C03,6,5,5,50,3,2,1,4,4,5,13,1,1,3,3,5,2,17,1,22,2,8,5,1,7,9,1,10,1,17,,13,,1,21,121.5286135,25.0266603
113,9,29,22,21,2,04大安區,大安區和平東路1段與師大路口,0,0,1,2,C03,6,5,5,50,3,2,1,4,4,5,13,1,1,3,3,5,2,17,1,21,3,10,5,1,7,15,1,10,1,17,,101,,1,21,121.5286135,25.0266603
113,9,29,23,10,2,07信義區,信義區松山路411號,0,0,1,1,C03,7,5,5,50,14,9,1,4,4,5,13,4,4,8,3,5,2,17,1,34,2,9,3,4,7,9,1,10,1,11,,108,,1,21,121.5778869,25.0412737
113,9,29,23,10,2,07信義區,信義區松山路411號,0,0,1,2,C03,7,5,5,50,14,9,1,4,4,5,13,4,4,8,3,5,2,17,1,67,3,10,3,4,7,13,1,10,11,13,,44,,1,21,121.5778869,25.0412737
113,9,29,23,10,2,07信義區,信義區松山路411號,0,0,1,3,C03,7,5,5,50,14,9,1,4,4,5,13,4,4,8,3,5,2,17,2,63,3,10,3,4,7,13,1,10,11,13,,44,,1,21,121.5778869,25.0412737
113,9,29,23,21,2,12內湖區,內湖區文德路22巷27弄與文湖街22巷口,0,0,1,1,C03,6,5,5,30,4,1,1,4,4,5,13,3,1,10,5,5,2,17,2,23,2,9,6,1,7,9,1,10,2,12,,42,,1,21,121.5800969,25.07677011
113,9,29,23,21,2,12內湖區,內湖區文德路22巷27弄與文湖街22巷口,0,0,1,2,C03,6,5,5,30,4,1,1,4,4,5,13,3,1,10,5,5,2,17,1,50,3,10,5,1,7,9,1,10,2,17,,44,,1,21,121.5800969,25.07677011
113,9,29,23,28,2,05中正區,中正區南海路與汀州路1段口,0,0,1,1,C03,6,5,5,50,4,1,1,4,4,5,13,1,1,5,4,5,2,17,1,22,3,10,5,1,7,5,1,10,2,17,,8,,1,21,121.5086123,25.0290629
113,9,29,23,28,2,05中正區,中正區南海路與汀州路1段口,0,0,1,2,C03,6,5,5,50,4,1,1,4,4,5,13,1,1,5,4,5,2,17,1,18,2,9,5,1,7,9,1,10,2,14,,13,,1,21,121.5086123,25.0290629
113,9,30,0,27,2,05中正區,中正區忠孝東路1段與林森北路口,0,0,1,1,C03,6,5,5,50,4,2,1,4,4,5,13,1,1,1,3,5,1,17,1,32,2,9,5,1,7,9,1,10,2,17,,13,,1,26,121.5235685,25.0448548
113,9,30,0,27,2,05中正區,中正區忠孝東路1段與林森北路口,0,0,1,2,A02,6,5,5,50,4,2,1,4,4,5,13,1,1,1,3,5,1,17,1,54,3,10,7,1,7,8,1,2,2,17,,100,,1,26,121.5235685,25.0448548
113,9,30,0,27,2,05中正區,中正區忠孝東路1段與林森北路口,0,0,1,3,C03,6,5,5,50,4,2,1,4,4,5,13,1,1,1,3,5,1,17,3,0,4,11,5,4,7,21,1,10,11,12,,44,,1,22,121.5235685,25.0448548
113,9,30,0,27,2,05中正區,中正區忠孝東路1段與林森北路口,0,0,1,4,C03,6,5,5,50,4,2,1,4,4,5,13,1,1,1,3,5,1,17,3,0,4,11,3,4,7,21,1,10,11,14,,44,,1,22,121.5235685,25.0448548
113,9,30,6,35,1,02萬華區,萬華區西園路1段與和平西路3段口,1,0,0,1,C03,7,6,5,50,4,1,1,5,4,5,13,2,1,1,4,4,2,15,1,32,1,1,6,1,7,9,1,10,9,11,,81,,1,21,121.4992242,25.0352085
113,9,30,6,35,1,02萬華區,萬華區西園路1段與和平西路3段口,1,0,0,2,A02,7,6,5,50,4,1,1,5,4,5,13,2,1,1,4,4,2,15,1,62,3,10,7,1,7,9,1,2,2,2,,44,,1,21,121.4992242,25.0352085
113,9,30,7,28,2,02萬華區,萬華區堤外便道南往北(DSR-259牌面前),0,0,2,1,C03,7,6,5,40,14,9,1,5,4,5,13,4,4,10,5,5,1,10,1,26,2,9,5,1,7,9,6,18,2,11,,44,,1,21,121.4908317,25.0357053
113,9,30,7,28,2,02萬華區,萬華區堤外便道南往北(DSR-259牌面前),0,0,2,2,C03,7,6,5,40,14,9,1,5,4,5,13,4,4,10,5,5,1,10,2,43,2,7,5,1,7,9,1,10,2,11,,44,,1,21,121.4908317,25.0357053
113,9,30,7,39,2,05中正區,中正區同安街28巷7弄與同安街28巷口,0,0,2,1,C03,6,7,5,30,4,1,1,4,4,5,13,4,4,10,5,5,2,15,2,45,2,8,5,1,7,9,1,11,9,12,,72,,1,22,121.5211144,25.0248195
113,9,30,7,39,2,05中正區,中正區同安街28巷7弄與同安街28巷口,0,0,2,2,C03,6,7,5,30,4,1,1,4,4,5,13,4,4,10,5,5,2,15,2,55,2,9,5,1,7,9,1,10,9,11,,108,,1,22,121.5211144,25.0248195
113,9,30,7,39,2,05中正區,中正區同安街28巷7弄與同安街28巷口,0,0,2,3,H02,6,7,5,30,4,1,1,4,4,5,13,4,4,10,5,5,2,15,1,11,4,11,5,5,7,20,8,20,10,16,,67,,1,22,121.5211144,25.0248195
113,9,30,7,40,2,11南港區,南港區市民大道7段與東新街口口,0,0,1,1,C03,6,6,5,50,4,2,1,4,4,5,13,1,1,5,5,5,2,17,1,28,3,10,5,1,7,9,1,10,1,12,,44,,1,21,121.5837195,25.0496288
113,9,30,7,40,2,11南港區,南港區市民大道7段與東新街口口,0,0,1,2,C03,6,6,5,50,4,2,1,4,4,5,13,1,1,5,5,5,2,17,2,26,2,8,5,1,7,5,1,10,1,14,,8,,1,21,121.5837195,25.0496288
113,9,30,7,46,2,11南港區,南港區松河街364號附近東往西,0,0,1,2,C03,6,6,5,40,14,9,1,4,4,5,13,4,4,9,4,5,2,16,1,20,2,9,5,1,7,7,1,10,9,13,,42,,1,21,121.5869249,25.0540554
113,9,30,7,46,2,11南港區,南港區松河街364號附近東往西,0,0,1,1,C03,6,6,5,40,14,9,1,4,4,5,13,4,4,9,4,5,2,16,1,43,4,11,3,4,7,21,7,19,9,15,,42,,2,22,121.5869249,25.0540554
113,9,30,8,8,2,05中正區,中正區重慶南路3段與重慶南路3段132巷口口,0,0,4,1,C03,8,6,5,50,3,1,1,5,4,5,13,1,1,1,4,4,2,12,2,27,2,7,5,1,7,15,1,10,2,14,,42,,1,21,121.5166873,25.0243002
113,9,30,8,8,2,05中正區,中正區重慶南路3段與重慶南路3段132巷口口,0,0,4,2,C03,8,6,5,50,3,1,1,5,4,5,13,1,1,1,4,4,2,12,1,30,2,7,5,1,7,9,1,10,2,12,,44,,1,21,121.5166873,25.0243002
113,9,30,8,8,2,05中正區,中正區重慶南路3段與重慶南路3段132巷口口,0,0,4,3,C03,8,6,5,50,3,1,1,5,4,5,13,1,1,1,4,4,2,12,1,76,2,3,5,1,7,9,1,10,2,13,,44,,1,21,121.5166873,25.0243002
113,9,30,8,8,2,05中正區,中正區重慶南路3段與重慶南路3段132巷口口,0,0,4,4,B03,8,6,5,50,3,1,1,5,4,5,13,1,1,1,4,4,2,12,1,42,2,2,3,4,7,9,1,10,2,1,,44,,1,21,121.5166873,25.0243002
113,9,30,8,24,2,03中山區,中山區天津街與中山北路1段83巷口,0,0,2,1,C03,7,5,8,30,4,2,1,5,4,5,13,4,4,10,5,5,2,15,2,31,2,9,3,4,7,9,1,10,9,14,,75,,1,21,121.5230588,25.0502371
113,9,30,8,24,2,03中山區,中山區天津街與中山北路1段83巷口,0,0,2,2,C03,7,5,8,30,4,2,1,5,4,5,13,4,4,10,5,5,2,15,2,24,2,7,3,4,7,9,1,10,1,11,,14,,1,21,121.5230588,25.0502371
113,9,30,8,24,2,03中山區,中山區天津街與中山北路1段83巷口,0,0,2,3,B11,7,5,8,30,4,2,1,5,4,5,13,4,4,10,5,5,2,15,1,37,3,10,3,4,7,14,1,1,9,17,,38,,1,21,121.5230588,25.0502371
113,9,30,8,25,2,08士林區,士林區重陽橋機車道往士林下橋,0,0,2,1,C03,6,6,5,25,14,11,1,4,4,5,13,4,4,10,4,5,2,13,2,62,2,9,3,4,7,9,1,10,1,15,,42,,1,21,121.5073676,25.08608747
113,9,30,8,25,2,08士林區,士林區重陽橋機車道往士林下橋,0,0,2,2,C03,6,6,5,25,14,11,1,4,4,5,13,4,4,10,4,5,2,13,1,41,2,9,3,4,7,9,1,10,1,11,,16,,1,21,121.5073676,25.08608747
113,9,30,8,25,2,08士林區,士林區重陽橋機車道往士林下橋,0,0,2,3,C03,6,6,5,25,14,11,1,4,4,5,13,4,4,10,4,5,2,13,1,47,3,10,3,4,7,9,1,10,1,13,,44,,1,21,121.5073676,25.08608747
113,9,30,8,25,2,08士林區,士林區重陽橋機車道往士林下橋,0,0,2,4,C03,6,6,5,25,14,11,1,4,4,5,13,4,4,10,4,5,2,13,1,27,3,10,3,4,7,14,1,10,1,13,,44,,1,21,121.5073676,25.08608747