發生年度,發生月,發生日,發生時-Hours,發生分,處理別-編號,區序,肇事地點,死亡人數,2-30日死亡人數,受傷人數,當事人序號,車種,天候,道路照明設備,道路類別,速限-速度限制,道路型態,事故位置,路面狀況1,路面狀況2,路面狀況3,道路障礙1,道路障礙2,號誌1,號誌2,車道劃分-分向,車道劃分-分道1,車道劃分-分道2,車道劃分-分道3,事故類型及型態,性別,年齡,受傷程度,主要傷處,保護裝置,行動電話,車輛用途,當事者行動狀態,駕駛資格情形,駕駛執照種類,飲酒情形,車輛撞擊部位1,車輛撞擊部位2,肇因碼-個別,肇因碼-主要,個人肇逃否,職業,座標-X,座標-Y
113,9,30,8,25,2,07信義區,信義區和平東路3段463巷17號,0,0,1,1,C03,7,6,5,30,11,9,1,4,4,5,13,4,4,10,5,5,2,17,2,74,2,7,6,1,7,6,3,18,2,12,,44,,1,22,121.5597534,25.0191588
113,9,30,8,25,2,07信義區,信義區和平東路3段463巷17號,0,0,1,2,B12,7,6,5,30,11,9,1,4,4,5,13,4,4,10,5,5,2,17,1,39,3,10,7,1,7,8,1,8,2,8,,5,,1,21,121.5597534,25.0191588
113,9,30,8,26,2,10文山區,文山區辛亥路5段25巷與興隆路3段36巷口口,0,0,1,1,B03,8,6,5,30,3,1,1,5,4,5,13,2,1,9,5,5,2,9,1,23,3,10,7,1,7,2,3,18,1,3,,12,,1,21,121.5549623,24.9996094
113,9,30,8,26,2,10文山區,文山區辛亥路5段25巷與興隆路3段36巷口口,0,0,1,2,H01,8,6,5,30,3,1,1,5,4,5,13,2,1,9,5,5,2,9,1,23,2,7,4,5,8,16,8,20,10,16,,67,,1,21,121.5549623,24.9996094
113,9,30,8,29,2,12內湖區,內湖區瑞光路與洲子街口,0,0,1,1,C03,6,6,5,50,3,2,1,4,4,5,13,2,1,5,5,5,2,17,1,23,2,7,6,1,7,9,1,10,1,12,,42,,1,21,121.5754616,25.07608832
113,9,30,8,29,2,12內湖區,內湖區瑞光路與洲子街口,0,0,1,2,B03,6,6,5,50,3,2,1,4,4,5,13,2,1,5,5,5,2,17,2,73,3,10,7,1,7,14,1,8,1,3,,44,,1,21,121.5754616,25.07608832
113,9,30,8,30,2,11南港區,南港區南港路2段178巷停車場出入口,0,0,1,1,B03,6,7,5,50,14,9,1,4,4,5,13,4,4,9,5,5,2,16,2,48,3,10,3,4,7,6,1,8,1,6,,80,,1,21,121.5995977,25.0526754
113,9,30,8,30,2,11南港區,南港區南港路2段178巷停車場出入口,0,0,1,2,C03,6,7,5,50,14,9,1,4,4,5,13,4,4,9,5,5,2,16,2,21,2,7,6,4,7,9,1,10,1,11,,44,,1,21,121.5995977,25.0526754
113,9,30,8,49,2,06松山區,松山區南京東路5段145號,0,0,1,1,C03,7,7,5,50,14,7,1,4,4,5,13,4,4,9,4,4,2,13,1,29,2,9,6,1,7,9,1,10,1,11,,108,,1,22,121.5618097,25.05153638
113,9,30,8,49,2,06松山區,松山區南京東路5段145號,0,0,1,2,B01,7,7,5,50,14,7,1,4,4,5,13,4,4,9,4,4,2,13,1,59,3,10,7,1,7,14,1,4,1,6,,44,,1,22,121.5618097,25.05153638
113,9,30,9,10,2,08士林區,士林區承德路4段與劍潭路口,0,0,1,1,B03,7,5,5,30,4,1,1,4,4,5,13,2,1,1,4,5,2,12,2,60,3,10,3,4,7,9,1,8,1,4,,118,,1,22,121.5232104,25.0841894
113,9,30,9,10,2,08士林區,士林區承德路4段與劍潭路口,0,0,1,2,C03,7,5,5,30,4,1,1,4,4,5,13,2,1,1,4,5,2,12,2,44,2,7,3,4,7,9,1,11,1,12,,118,,1,22,121.5232104,25.0841894
113,9,30,9,30,2,01大同區,大同區台北橋機慢車道701744燈桿,0,0,3,1,C03,8,5,5,40,10,11,1,5,4,5,13,4,4,9,4,5,2,13,1,54,2,8,5,1,7,15,1,10,1,11,,16,,1,22,121.5113923,25.0628758
113,9,30,9,30,2,01大同區,大同區台北橋機慢車道701744燈桿,0,0,3,2,C03,8,5,5,40,10,11,1,5,4,5,13,4,4,9,4,5,2,13,1,36,2,8,5,1,7,14,1,10,1,13,,44,,1,22,121.5113923,25.0628758
113,9,30,9,30,2,01大同區,大同區台北橋機慢車道701744燈桿,0,0,3,3,C03,8,5,5,40,10,11,1,5,4,5,13,4,4,9,4,5,2,13,2,39,2,6,5,1,7,14,1,10,1,13,,44,,1,22,121.5113923,25.0628758
113,9,30,9,35,2,07信義區,信義區信義路6段與信義路6段15巷口,0,0,1,1,B03,8,7,5,50,4,2,1,5,4,5,13,1,1,9,4,5,2,16,1,33,3,10,7,4,7,11,1,8,1,6,,80,,1,21,121.5752127,25.0340777
113,9,30,9,35,2,07信義區,信義區信義路6段與信義路6段15巷口,0,0,1,2,C03,8,7,5,50,4,2,1,5,4,5,13,1,1,9,4,5,2,16,1,29,2,7,5,4,7,9,1,10,1,11,,44,,1,21,121.5752127,25.0340777
113,9,30,9,40,2,03中山區,中山區松江路133巷與南京東路2段115巷口,0,0,1,1,C03,8,7,5,30,4,1,1,5,4,5,13,4,4,10,4,5,2,15,1,27,2,8,6,1,7,9,1,10,1,11,,72,,1,21,121.533639,25.0543609
113,9,30,9,40,2,03中山區,中山區松江路133巷與南京東路2段115巷口,0,0,1,2,B12,8,7,5,30,4,1,1,5,4,5,13,4,4,10,4,5,2,15,1,49,3,10,7,1,7,9,1,8,1,1,,14,,1,26,121.533639,25.0543609
113,9,30,10,1,2,05中正區,中正區金山南路1段與濟南路2段口,0,0,1,1,B03,8,6,5,50,4,1,1,5,4,5,13,2,1,3,4,5,2,16,1,41,3,10,7,1,7,6,1,8,2,5,,9,,1,22,121.5291315,25.04086267
113,9,30,10,1,2,05中正區,中正區金山南路1段與濟南路2段口,0,0,1,2,C03,8,6,5,50,4,1,1,5,4,5,13,2,1,3,4,5,2,16,1,34,2,9,5,1,7,9,1,10,2,14,,44,,1,22,121.5291315,25.04086267
113,9,30,10,32,2,08士林區,士林區承德路4段與前港街口,0,0,1,1,C03,8,5,5,0,3,2,1,5,4,5,13,4,4,1,4,1,2,16,2,19,4,11,3,4,7,6,1,10,11,12,,9,,2,21,121.5233519,25.08488736
113,9,30,10,32,2,08士林區,士林區承德路4段與前港街口,0,0,1,2,C03,8,5,5,0,3,2,1,5,4,5,13,4,4,1,4,1,2,16,2,65,2,9,5,1,7,9,1,10,1,11,,44,,1,21,121.5233519,25.08488736
113,9,30,10,50,2,02萬華區,萬華區東園街與長泰街口,0,0,2,1,C03,7,6,5,30,4,1,1,4,4,5,13,1,1,4,3,5,1,16,2,59,2,7,3,4,7,5,3,18,1,11,,8,,1,21,121.4981858,25.0222724
113,9,30,10,50,2,02萬華區,萬華區東園街與長泰街口,0,0,2,2,C03,7,6,5,30,4,1,1,4,4,5,13,1,1,4,3,5,1,16,1,55,2,8,3,4,7,9,1,10,1,11,,44,,1,21,121.4981858,25.0222724
113,9,30,11,51,2,02萬華區,萬華區桂林路與西園路1段口,0,0,2,1,C03,8,5,8,50,22,22,1,5,4,5,13,1,1,10,5,5,2,17,2,50,2,9,3,4,7,5,1,10,1,12,,8,,1,21,121.4997499,25.0384483
113,9,30,11,51,2,02萬華區,萬華區桂林路與西園路1段口,0,0,2,2,C03,8,5,8,50,22,22,1,5,4,5,13,1,1,10,5,5,2,17,1,18,2,9,3,4,7,9,1,10,1,11,,44,,1,21,121.4997499,25.0384483
113,9,30,12,12,2,03中山區,中山區復興北路與遼寧街185巷口,0,0,1,1,B03,8,7,5,30,4,1,1,5,4,5,13,2,1,5,2,5,2,9,1,70,3,10,7,1,7,5,1,8,1,1,,16,,1,21,121.544,25.0532283
113,9,30,12,12,2,03中山區,中山區復興北路與遼寧街185巷口,0,0,1,2,H01,8,7,5,30,4,1,1,5,4,5,13,2,1,5,2,5,2,9,1,59,2,9,4,5,8,18,8,20,1,16,,67,,1,21,121.544,25.0532283
113,9,30,12,22,2,04大安區,大安區和平東路1段與麗水街口,0,0,1,1,C03,7,6,5,40,3,2,1,4,4,5,13,4,4,1,4,4,2,16,1,22,3,10,6,4,7,6,1,10,1,12,,80,,1,21,121.528029,25.026759
113,9,30,12,22,2,04大安區,大安區和平東路1段與麗水街口,0,0,1,2,C03,7,6,5,40,3,2,1,4,4,5,13,4,4,1,4,4,2,16,1,63,2,8,5,4,7,9,1,10,1,11,,44,,1,21,121.528029,25.026759
113,9,30,12,36,2,07信義區,信義區吳興街600巷76弄99號,0,0,1,1,C03,6,6,5,30,14,9,1,4,4,5,13,4,4,10,5,5,2,18,2,41,2,9,6,1,7,9,1,10,1,12,,14,,1,21,121.5698612,25.0180834
113,9,30,12,36,2,07信義區,信義區吳興街600巷76弄99號,0,0,1,2,,6,6,5,30,14,9,1,4,4,5,13,4,4,10,5,5,2,18,3,0,,,,,,,,,,,,67,,1,,121.5698612,25.0180834
113,9,30,12,48,2,06松山區,松山區撫遠街435號,0,0,2,3,B12,7,7,5,40,14,8,1,4,4,5,13,4,4,1,3,4,2,8,1,75,3,10,7,1,7,13,1,8,1,17,,38,,1,26,121.5685057,25.0689681
113,9,30,12,48,2,06松山區,松山區撫遠街435號,0,0,2,2,C03,7,7,5,40,14,8,1,4,4,5,13,4,4,1,3,4,2,8,1,18,2,9,5,1,7,9,1,10,1,12,,14,,1,25,121.5685057,25.0689681
113,9,30,12,48,2,06松山區,松山區撫遠街435號,0,0,2,1,H01,7,7,5,40,14,8,1,4,4,5,13,4,4,1,3,4,2,8,1,75,2,9,4,5,8,17,8,20,10,16,,54,,1,26,121.5685057,25.0689681
113,9,30,12,51,2,12內湖區,內湖區成功路3段與陽光街口,0,0,1,1,A41,8,6,5,50,4,2,1,3,4,5,13,2,1,1,4,5,2,17,1,59,3,10,7,1,7,9,1,3,9,17,,35,,1,21,121.5899133,25.07734615
113,9,30,12,51,2,12內湖區,內湖區成功路3段與陽光街口,0,0,1,2,C03,8,6,5,50,4,2,1,3,4,5,13,2,1,1,4,5,2,17,2,44,2,9,6,1,7,5,1,10,9,14,,44,,1,21,121.5899133,25.07734615
113,9,30,13,5,2,03中山區,中山區林森北路與民權東路1段口,0,0,2,1,C03,7,6,5,50,4,1,1,5,4,5,13,1,1,5,4,5,2,17,2,41,2,8,6,1,7,5,1,10,1,14,,71,,1,21,121.52561,25.06283231
113,9,30,13,5,2,03中山區,中山區林森北路與民權東路1段口,0,0,2,2,C03,7,6,5,50,4,1,1,5,4,5,13,1,1,5,4,5,2,17,1,22,2,7,6,1,7,9,1,10,1,12,,44,,1,21,121.52561,25.06283231
113,9,30,13,15,2,12內湖區,內湖區民權東路6段與民權東路6段296巷口,0,0,1,1,C03,7,5,5,50,3,2,1,5,4,5,13,1,1,1,5,5,2,17,1,28,2,8,5,1,7,9,1,10,2,14,,44,,1,21,121.6050411,25.0724701
113,9,30,13,15,2,12內湖區,內湖區民權東路6段與民權東路6段296巷口,0,0,1,2,B03,7,5,5,50,3,2,1,5,4,5,13,1,1,1,5,5,2,17,2,51,3,10,7,1,7,11,1,8,2,17,,44,,1,21,121.6050411,25.0724701
113,9,30,13,15,2,07信義區,信義區松仁路與莊敬路口,0,0,1,1,C03,6,5,5,50,4,1,1,4,4,5,13,2,1,9,4,5,2,18,2,32,2,9,5,1,7,9,1,10,1,14,,42,,1,21,121.568375,25.0267119
113,9,30,13,15,2,07信義區,信義區松仁路與莊敬路口,0,0,1,2,,6,5,5,50,4,1,1,4,4,5,13,2,1,9,4,5,2,18,3,0,,,,,,,,,,,,67,,1,,121.568375,25.0267119
113,9,30,13,17,2,12內湖區,內湖區民權東路6段與民權東路6段47巷口,0,0,1,1,C03,6,6,5,40,3,1,1,4,4,5,13,4,4,1,4,4,2,16,1,45,2,9,5,1,7,9,1,10,1,14,,44,,1,21,121.5870163,25.0691142
113,9,30,13,17,2,12內湖區,內湖區民權東路6段與民權東路6段47巷口,0,0,1,2,C03,6,6,5,40,3,1,1,4,4,5,13,4,4,1,4,4,2,16,1,41,3,10,5,1,7,6,1,10,1,13,,9,,1,21,121.5870163,25.0691142
113,9,30,13,36,2,03中山區,中山區吉林路與錦州街口,0,0,2,1,C03,7,7,5,50,4,2,1,5,4,5,13,1,1,4,3,5,2,17,2,19,2,7,5,1,7,5,1,10,1,12,,8,,1,21,121.530268,25.06053001
113,9,30,13,36,2,03中山區,中山區吉林路與錦州街口,0,0,2,2,C03,7,7,5,50,4,2,1,5,4,5,13,1,1,4,3,5,2,17,2,43,2,8,6,1,7,9,1,10,1,11,,44,,1,21,121.530268,25.06053001
113,9,30,13,46,2,08士林區,士林區福林路與中正路口,0,0,2,1,B12,6,6,5,50,5,2,1,4,4,5,13,1,1,5,4,5,2,17,1,62,3,10,7,1,7,9,1,7,1,1,,42,,1,22,121.5325702,25.0967776
113,9,30,13,46,2,08士林區,士林區福林路與中正路口,0,0,2,2,C03,6,6,5,50,5,2,1,4,4,5,13,1,1,5,4,5,2,17,1,28,2,9,6,1,7,15,1,10,1,13,,42,,1,22,121.5325702,25.0967776
113,9,30,13,46,2,08士林區,士林區福林路與中正路口,0,0,2,3,H02,6,6,5,50,5,2,1,4,4,5,13,1,1,5,4,5,2,17,2,42,2,6,6,5,7,17,8,20,10,16,,67,,1,22,121.5325702,25.0967776
113,9,30,13,58,2,05中正區,中正區中華路1段與長沙街1段口,0,0,1,1,F01,7,6,5,50,4,2,1,5,4,5,13,1,1,2,1,1,2,16,1,33,2,9,4,1,7,9,8,20,1,12,,42,,1,22,121.508033,25.0406358
113,9,30,13,58,2,05中正區,中正區中華路1段與長沙街1段口,0,0,1,2,B03,7,6,5,50,4,2,1,5,4,5,13,1,1,2,1,1,2,16,1,41,3,10,2,1,7,6,1,8,1,1,,108,,1,22,121.508033,25.0406358
113,9,30,14,25,2,06松山區,松山區民權東路4段121號,0,0,2,1,C03,7,6,5,40,14,8,1,5,4,5,13,2,1,1,4,4,2,13,2,43,2,9,6,1,7,9,1,10,1,11,,16,,1,22,121.5591432,25.06239443
113,9,30,14,25,2,06松山區,松山區民權東路4段121號,0,0,2,2,C03,7,6,5,40,14,8,1,5,4,5,13,2,1,1,4,4,2,13,2,60,2,9,6,1,7,12,1,10,1,13,,44,,1,22,121.5591432,25.06239443
113,9,30,14,25,2,08士林區,士林區文林路414號,0,0,1,1,C03,8,5,5,50,14,9,1,5,4,5,13,4,4,5,5,5,1,17,2,25,3,10,5,1,7,9,1,10,1,11,,108,,1,21,121.5248312,25.09434687
113,9,30,14,25,2,08士林區,士林區文林路414號,0,0,1,2,C03,8,5,5,50,14,9,1,5,4,5,13,4,4,5,5,5,1,17,2,59,2,9,5,1,7,9,1,10,1,13,,44,,1,21,121.5248312,25.09434687
113,9,30,14,25,2,08士林區,士林區文林路414號,0,0,1,3,B02,8,5,5,50,14,9,1,5,4,5,13,4,4,5,5,5,1,17,1,65,3,10,7,1,7,14,1,8,1,4,,44,,1,21,121.5248312,25.09434687
113,9,30,14,25,2,08士林區,士林區延平北路5段163巷與延平北路5段口,0,0,1,1,B01,6,5,5,50,4,1,1,4,4,5,13,1,1,3,4,5,1,11,1,63,3,10,7,1,7,8,1,8,1,2,,100,,1,21,121.5101763,25.0827101
113,9,30,14,25,2,08士林區,士林區延平北路5段163巷與延平北路5段口,0,0,1,2,C03,6,5,5,50,4,1,1,4,4,5,13,1,1,3,4,5,1,11,1,29,3,10,6,1,7,9,1,10,1,11,,16,,1,21,121.5101763,25.0827101
113,9,30,14,25,2,08士林區,士林區延平北路5段163巷與延平北路5段口,0,0,1,3,C03,6,5,5,50,4,1,1,4,4,5,13,1,1,3,4,5,1,11,1,59,2,9,5,1,7,9,1,10,1,14,,44,,1,21,121.5101763,25.0827101
113,9,30,14,28,2,07信義區,信義區崇德街公墓,0,0,1,1,C03,6,6,5,30,12,9,1,4,4,5,13,4,4,10,5,5,2,10,2,37,2,8,5,1,7,9,1,11,1,11,14,44,,1,21,121.568586,25.0142443
113,9,30,14,28,2,07信義區,信義區崇德街公墓,0,0,1,2,B03,6,6,5,30,12,9,1,4,4,5,13,4,4,10,5,5,2,10,1,44,3,10,3,4,7,9,1,8,1,8,,5,,1,21,121.568586,25.0142443
113,9,30,15,5,2,04大安區,大安區和平東路1段141巷1號,0,0,1,1,B12,8,6,5,30,14,9,1,4,4,3,10,4,4,10,5,5,2,17,1,53,3,10,7,1,7,1,1,8,1,1,,19,,1,21,121.5303799,25.02686589
113,9,30,15,5,2,04大安區,大安區和平東路1段141巷1號,0,0,1,2,C03,8,6,5,30,14,9,1,4,4,3,10,4,4,10,5,5,2,17,1,37,2,9,5,1,7,9,1,10,1,12,,44,,1,21,121.5303799,25.02686589
113,9,30,15,35,2,12內湖區,內湖區港墘路221巷與舊宗路2段213巷口,0,0,1,1,C03,7,6,6,50,3,2,1,4,4,5,13,4,4,5,5,5,2,12,1,43,2,7,6,1,7,7,1,10,1,15,,101,,1,22,121.5743796,25.0740143
113,9,30,15,35,2,12內湖區,內湖區港墘路221巷與舊宗路2段213巷口,0,0,1,2,B12,7,6,6,50,3,2,1,4,4,5,13,4,4,5,5,5,2,12,1,51,3,10,3,4,7,9,1,8,1,2,,44,,1,22,121.5743796,25.0740143
113,9,30,16,17,2,12內湖區,內湖區安康路與安康路25巷口,0,0,1,1,C02,6,6,5,50,4,1,1,4,4,5,13,2,1,5,5,5,2,17,1,52,2,9,6,1,7,9,1,9,2,12,,99,,1,21,121.5938049,25.06261451
113,9,30,16,17,2,12內湖區,內湖區安康路與安康路25巷口,0,0,1,2,B03,6,6,5,50,4,1,1,4,4,5,13,2,1,5,5,5,2,17,1,60,3,10,7,1,7,5,1,8,2,8,,44,,1,21,121.5938049,25.06261451
113,9,30,16,18,2,02萬華區,萬華區華中橋與萬大路口,0,0,1,1,B12,6,7,5,50,14,9,1,4,4,5,13,4,4,1,5,5,2,17,1,69,3,10,7,1,7,7,1,8,1,17,,99,,1,21,121.4969453,25.0186714
113,9,30,16,18,2,02萬華區,萬華區華中橋與萬大路口,0,0,1,2,C03,6,7,5,50,14,9,1,4,4,5,13,4,4,1,5,5,2,17,2,44,2,9,5,1,7,9,1,10,1,14,,44,,1,21,121.4969453,25.0186714
113,9,30,16,20,2,08士林區,士林區仰德大道2段162號燈桿,0,0,2,1,C03,6,5,5,40,14,9,1,4,4,5,13,4,4,4,5,5,1,13,2,22,2,9,5,1,7,9,1,10,1,11,,16,,1,21,121.5485699,25.11049761
113,9,30,16,20,2,08士林區,士林區仰德大道2段162號燈桿,0,0,2,2,C03,6,5,5,40,14,9,1,4,4,5,13,4,4,4,5,5,1,13,1,20,2,9,5,1,7,9,1,10,1,13,,44,,1,21,121.5485699,25.11049761
113,9,30,16,24,2,04大安區,大安區仁愛路4段與忠孝東路4段216巷口,0,0,1,1,C03,6,6,5,50,4,1,1,4,4,5,13,1,1,10,5,5,2,18,2,63,2,1,5,1,7,12,1,10,1,12,,42,,1,21,121.5529339,25.0379548
113,9,30,16,24,2,04大安區,大安區仁愛路4段與忠孝東路4段216巷口,0,0,1,2,,6,6,5,50,4,1,1,4,4,5,13,1,1,10,5,5,2,18,3,0,,,,,,,,,,,,67,,1,,121.5529339,25.0379548
113,9,30,16,46,2,07信義區,信義區崇德街38巷15號,0,0,1,1,B02,6,5,5,30,14,9,1,4,4,5,13,4,4,10,5,5,2,17,1,38,3,10,7,1,7,15,1,8,1,4,,42,,1,22,121.5537898,25.02357392
113,9,30,16,46,2,07信義區,信義區崇德街38巷15號,0,0,1,2,C03,6,5,5,30,14,9,1,4,4,5,13,4,4,10,5,5,2,17,1,43,2,9,6,1,7,9,1,10,1,12,,44,,1,22,121.5537898,25.02357392
113,9,30,16,50,2,10文山區,文山區秀明路1段126號,0,0,1,1,C03,6,5,5,40,14,8,1,4,4,5,13,4,4,10,5,4,1,12,2,62,2,9,6,1,7,9,1,10,1,14,,44,,1,21,121.5676233,24.99117344
113,9,30,16,50,2,10文山區,文山區秀明路1段126號,0,0,1,2,B03,6,5,5,40,14,8,1,4,4,5,13,4,4,10,5,4,1,12,2,39,3,10,7,1,7,9,1,8,1,5,,16,,1,21,121.5676233,24.99117344
113,9,30,17,0,2,09北投區,北投區大度路3段往淡水機慢車道,0,0,2,1,C03,6,5,5,50,14,12,1,4,4,5,13,4,4,3,4,4,2,13,1,16,2,7,3,4,7,9,2,18,1,11,,16,,1,21,121.4797442,25.1225165
113,9,30,17,0,2,09北投區,北投區大度路3段往淡水機慢車道,0,0,2,2,C03,6,5,5,50,14,12,1,4,4,5,13,4,4,3,4,4,2,13,1,44,3,10,3,4,7,9,1,10,1,13,,44,,1,21,121.4797442,25.1225165
113,9,30,17,0,2,09北投區,北投區大度路3段往淡水機慢車道,0,0,2,3,H02,6,5,5,50,14,12,1,4,4,5,13,4,4,3,4,4,2,13,2,15,2,9,4,5,8,20,8,20,10,16,,67,,2,21,121.4797442,25.1225165
113,9,30,17,5,2,10文山區,文山區木柵路1段325號,0,0,1,1,B01,6,6,5,50,14,9,1,4,4,5,13,2,1,5,4,5,2,12,1,32,3,10,3,4,7,1,1,4,1,8,,19,,1,21,121.5562167,24.98843509
113,9,30,17,5,2,10文山區,文山區木柵路1段325號,0,0,1,2,C03,6,6,5,50,14,9,1,4,4,5,13,2,1,5,4,5,2,12,2,71,2,9,5,4,7,9,1,10,1,12,,44,,1,21,121.5562167,24.98843509
113,9,30,17,10,2,02萬華區,萬華區環河南路2段245號(環南市場前),0,0,1,1,B12,8,6,5,50,14,9,1,5,4,5,13,1,1,1,5,5,2,12,1,37,3,10,7,1,7,9,1,8,1,6,,42,,1,26,121.489075,25.02852878
113,9,30,17,10,2,02萬華區,萬華區環河南路2段245號(環南市場前),0,0,1,2,C03,8,6,5,50,14,9,1,5,4,5,13,1,1,1,5,5,2,12,1,27,2,9,6,1,7,9,1,10,1,11,,17,,1,26,121.489075,25.02852878
113,9,30,17,10,2,02萬華區,萬華區環河南路2段245號(環南市場前),0,0,1,3,A12,8,6,5,50,14,9,1,5,4,5,13,1,1,1,5,5,2,12,3,112,3,10,7,1,7,13,7,19,11,17,,38,,1,26,121.489075,25.02852878
113,9,30,17,10,2,02萬華區,萬華區環河南路2段245號(環南市場前),0,0,1,4,A12,8,6,5,50,14,9,1,5,4,5,13,1,1,1,5,5,2,12,3,112,3,10,7,1,7,13,7,19,11,17,,38,,1,26,121.489075,25.02852878
113,9,30,17,15,2,07信義區,信義區信安街與崇德街口,0,0,2,1,C03,6,6,5,50,4,1,1,4,4,5,13,2,1,9,5,5,2,16,1,18,2,9,5,4,7,5,1,10,2,11,14,71,,1,21,121.5558292,25.024092
113,9,30,17,15,2,07信義區,信義區信安街與崇德街口,0,0,2,2,C03,6,6,5,50,4,1,1,4,4,5,13,2,1,9,5,5,2,16,2,61,2,9,5,4,7,9,1,10,2,14,,44,,1,21,121.5558292,25.024092
113,9,30,17,16,2,02萬華區,萬華區西園路1段與大理街口,0,0,1,1,B03,7,5,8,50,22,22,1,4,4,5,13,1,1,10,5,5,2,17,1,22,3,10,3,4,7,11,1,8,1,2,,10,,1,21,121.4987856,25.03445132
113,9,30,17,16,2,02萬華區,萬華區西園路1段與大理街口,0,0,1,2,C03,7,5,8,50,22,22,1,4,4,5,13,1,1,10,5,5,2,17,1,43,2,1,3,4,7,9,1,10,1,11,,42,,1,21,121.4987856,25.03445132
113,9,30,17,24,2,03中山區,中山區民生東路1段70巷與民生東路1段口,0,0,1,1,B03,7,5,5,50,4,2,1,5,4,5,13,4,4,5,4,5,2,16,1,42,3,10,3,4,7,5,1,8,1,2,,44,,1,21,121.5264387,25.05799742
113,9,30,17,24,2,03中山區,中山區民生東路1段70巷與民生東路1段口,0,0,1,2,C03,7,5,5,50,4,2,1,5,4,5,13,4,4,5,4,5,2,16,2,72,2,9,3,4,7,9,3,18,1,11,,44,,1,21,121.5264387,25.05799742
113,9,30,17,25,2,09北投區,北投區承德路6段126號與承信路口後方,0,0,3,1,B03,7,5,5,50,3,1,1,4,4,5,13,4,4,5,4,4,2,16,1,40,3,10,7,1,7,5,1,8,1,6,,74,,1,21,121.512712,25.10584089
113,9,30,17,25,2,09北投區,北投區承德路6段126號與承信路口後方,0,0,3,2,C03,7,5,5,50,3,1,1,4,4,5,13,4,4,5,4,4,2,16,1,21,2,9,5,1,7,9,1,10,1,11,,13,,1,21,121.512712,25.10584089
113,9,30,17,25,2,09北投區,北投區承德路6段126號與承信路口後方,0,0,3,3,C03,7,5,5,50,3,1,1,4,4,5,13,4,4,5,4,4,2,16,2,20,2,9,5,1,7,9,1,10,1,12,,42,,1,21,121.512712,25.10584089
113,9,30,17,25,2,09北投區,北投區承德路6段126號與承信路口後方,0,0,3,4,H02,7,5,5,50,3,1,1,4,4,5,13,4,4,5,4,4,2,16,2,20,2,9,5,5,7,20,8,20,10,16,,67,,1,21,121.512712,25.10584089
113,9,30,17,30,2,04大安區,大安區基隆路2段258號,0,0,1,1,C03,6,6,5,50,14,9,1,4,4,5,13,4,4,1,4,5,2,17,1,49,2,9,5,1,7,12,1,10,1,12,,42,,1,21,121.5500367,25.0222347
113,9,30,17,30,2,04大安區,大安區基隆路2段258號,0,0,1,2,B03,6,6,5,50,14,9,1,4,4,5,13,4,4,1,4,5,2,17,2,41,3,10,7,1,7,14,1,8,1,6,,44,,1,21,121.5500367,25.0222347
113,9,30,17,46,2,10文山區,文山區興隆路4段與興隆路4段46巷口口,0,0,1,1,B03,6,5,5,50,4,1,1,4,4,5,13,2,1,10,5,5,1,16,1,37,3,10,3,4,7,5,1,8,1,17,,71,,1,21,121.5604568,24.9876787
113,9,30,17,46,2,10文山區,文山區興隆路4段與興隆路4段46巷口口,0,0,1,2,C03,6,5,5,50,4,1,1,4,4,5,13,2,1,10,5,5,1,16,1,47,2,8,6,4,7,9,1,10,1,17,,44,,1,21,121.5604568,24.9876787
113,9,30,18,0,2,07信義區,信義區忠孝東路4段500-2號,0,0,1,1,B03,6,5,5,50,14,9,1,4,4,5,13,4,4,1,4,5,2,12,1,22,3,10,3,4,7,8,1,8,9,17,,80,,1,21,121.5598163,25.0410623
113,9,30,18,0,2,07信義區,信義區忠孝東路4段500-2號,0,0,1,2,C03,6,5,5,50,14,9,1,4,4,5,13,4,4,1,4,5,2,12,2,28,2,9,6,4,7,9,1,10,9,11,,16,,1,21,121.5598163,25.0410623
113,9,30,18,0,2,07信義區,信義區忠孝東路4段500-2號,0,0,1,3,C03,6,5,5,50,14,9,1,4,4,5,13,4,4,1,4,5,2,12,2,40,3,10,3,4,7,9,1,10,9,13,,44,,1,21,121.5598163,25.0410623
113,9,30,18,9,2,02萬華區,萬華區環河南路1段與內江街口,0,0,2,1,C03,6,5,5,50,14,9,1,4,4,5,13,1,1,8,4,5,2,12,1,20,2,8,5,1,7,8,1,10,1,12,,101,,1,21,121.5001848,25.0421439
113,9,30,18,9,2,02萬華區,萬華區環河南路1段與內江街口,0,0,2,2,C03,6,5,5,50,14,9,1,4,4,5,13,1,1,8,4,5,2,12,1,27,2,9,5,1,7,9,1,10,1,14,,44,,1,21,121.5001848,25.0421439
113,9,30,18,20,2,08士林區,士林區重陽橋往西,0,0,1,1,B03,7,5,5,50,14,9,1,5,4,5,13,4,4,4,4,5,1,12,2,56,3,10,3,4,7,7,1,8,2,4,,100,,1,22,121.505343,25.08573373
113,9,30,18,20,2,08士林區,士林區重陽橋往西,0,0,1,2,B03,7,5,5,50,14,9,1,5,4,5,13,4,4,4,4,5,1,12,2,44,2,9,3,4,7,9,1,8,2,5,,44,,1,22,121.505343,25.08573373
113,9,30,18,37,2,05中正區,中正區汀州路3段與羅斯福路4段90巷口,0,0,1,1,C02,7,5,5,50,3,1,1,5,4,5,13,1,1,5,5,5,2,17,1,63,2,9,5,1,7,9,1,9,1,14,,116,,1,22,121.5344291,25.0135514