發生年度,發生月,發生日,發生時-Hours,發生分,處理別-編號,區序,肇事地點,死亡人數,2-30日死亡人數,受傷人數,當事人序號,車種,天候,道路照明設備,道路類別,速限-速度限制,道路型態,事故位置,路面狀況1,路面狀況2,路面狀況3,道路障礙1,道路障礙2,號誌1,號誌2,車道劃分-分向,車道劃分-分道1,車道劃分-分道2,車道劃分-分道3,事故類型及型態,性別,年齡,受傷程度,主要傷處,保護裝置,行動電話,車輛用途,當事者行動狀態,駕駛資格情形,駕駛執照種類,飲酒情形,車輛撞擊部位1,車輛撞擊部位2,肇因碼-個別,肇因碼-主要,個人肇逃否,職業,座標-X,座標-Y
113,9,30,18,37,2,05中正區,中正區汀州路3段與羅斯福路4段90巷口,0,0,1,2,B03,7,5,5,50,3,1,1,5,4,5,13,1,1,5,5,5,2,17,1,38,3,10,7,1,7,9,1,8,1,4,,44,,1,22,121.5344291,25.0135514
113,9,30,18,49,2,09北投區,北投區承德路7段與無名巷口,0,0,1,1,B03,7,5,5,60,3,2,1,4,4,5,13,4,4,1,4,4,2,16,1,61,3,10,7,1,7,6,1,8,1,5,,9,,1,22,121.5066125,25.1146464
113,9,30,18,49,2,09北投區,北投區承德路7段與無名巷口,0,0,1,2,C03,7,5,5,60,3,2,1,4,4,5,13,4,4,1,4,4,2,16,2,18,2,9,6,1,7,9,3,18,1,14,,44,,1,22,121.5066125,25.1146464
113,9,30,19,13,2,01大同區,大同區承德路2段與承德路2段129巷口,0,0,1,1,B03,7,5,5,30,3,2,1,5,4,5,13,4,4,1,4,5,2,17,1,41,3,10,7,1,7,6,1,8,1,4,,74,,1,21,121.5182387,25.05707222
113,9,30,19,13,2,01大同區,大同區承德路2段與承德路2段129巷口,0,0,1,2,C03,7,5,5,30,3,2,1,5,4,5,13,4,4,1,4,5,2,17,1,37,2,9,5,1,7,9,1,10,1,11,,44,,1,21,121.5182387,25.05707222
113,9,30,19,15,2,12內湖區,內湖區環山路1段與文湖街口,0,0,1,1,B01,6,5,5,50,3,1,1,4,4,5,13,1,1,10,5,5,2,16,1,63,3,10,7,1,7,5,1,4,2,8,,80,,1,21,121.5661231,25.0862043
113,9,30,19,15,2,12內湖區,內湖區環山路1段與文湖街口,0,0,1,2,C03,6,5,5,50,3,1,1,4,4,5,13,1,1,10,5,5,2,16,2,25,2,9,6,1,7,9,1,10,2,14,,44,,1,21,121.5661231,25.0862043
113,9,30,19,30,2,03中山區,中山區長春路與南京東路2段115巷口口,0,0,1,1,B03,6,5,5,50,4,2,1,4,4,5,13,1,1,5,4,5,2,12,1,36,3,10,3,4,7,7,1,8,1,4,,100,,1,22,121.533576,25.05479749
113,9,30,19,30,2,03中山區,中山區長春路與南京東路2段115巷口口,0,0,1,2,C03,6,5,5,50,4,2,1,4,4,5,13,1,1,5,4,5,2,12,1,27,2,9,5,4,7,9,1,10,1,12,,44,,1,22,121.533576,25.05479749
113,9,30,19,40,2,05中正區,中正區仁愛路1段與林森南路口,0,0,1,1,C03,7,5,5,50,4,1,1,5,4,5,13,1,1,1,4,5,2,16,1,37,2,9,5,1,7,5,1,10,1,14,,8,,1,21,121.5215374,25.0386657
113,9,30,19,40,2,05中正區,中正區仁愛路1段與林森南路口,0,0,1,2,B03,7,5,5,50,4,1,1,5,4,5,13,1,1,1,4,5,2,16,2,49,3,10,7,1,7,9,1,8,1,5,,44,,1,21,121.5215374,25.0386657
113,9,30,19,57,2,07信義區,信義區吳興街與吳興街450巷口,0,0,2,1,C03,6,5,5,30,4,1,1,4,4,5,13,4,4,9,5,5,2,15,1,27,2,9,6,1,7,9,1,9,1,12,,72,,1,21,121.5685914,25.0239871
113,9,30,19,57,2,07信義區,信義區吳興街與吳興街450巷口,0,0,2,2,B03,6,5,5,30,4,1,1,4,4,5,13,4,4,9,5,5,2,15,1,27,3,10,3,4,7,9,1,8,1,1,,85,,1,21,121.5685914,25.0239871
113,9,30,19,57,2,07信義區,信義區吳興街與吳興街450巷口,0,0,2,3,H02,6,5,5,30,4,1,1,4,4,5,13,4,4,9,5,5,2,15,1,8,2,1,3,5,7,21,8,20,10,16,,67,,1,22,121.5685914,25.0239871
113,9,30,20,50,2,08士林區,士林區德行東路與忠義街口,0,0,1,1,B03,6,5,5,50,3,2,1,4,4,5,13,2,1,9,5,5,1,13,1,46,3,10,7,1,7,9,1,8,1,8,,16,,1,21,121.532718,25.109253
113,9,30,20,50,2,08士林區,士林區德行東路與忠義街口,0,0,1,2,C03,6,5,5,50,3,2,1,4,4,5,13,2,1,9,5,5,1,13,1,56,2,7,5,1,7,5,1,10,1,13,,27,,1,21,121.532718,25.109253
113,9,30,20,51,2,01大同區,大同區鄭州路109號,0,0,2,1,C03,6,5,8,40,22,22,1,4,4,5,13,4,4,1,4,5,2,17,1,35,2,9,5,1,7,6,1,10,2,14,,42,,1,21,121.5114223,25.05010503
113,9,30,20,51,2,01大同區,大同區鄭州路109號,0,0,2,2,C03,6,5,8,40,22,22,1,4,4,5,13,4,4,1,4,5,2,17,2,50,2,7,6,1,7,9,7,19,2,12,,42,,1,21,121.5114223,25.05010503
113,9,30,21,5,2,03中山區,中山區大直橋往南第06支燈桿,0,0,1,1,B03,6,5,5,50,14,9,1,4,4,5,13,4,4,2,4,5,2,12,1,32,3,10,7,1,7,4,1,8,1,2,,17,,1,21,121.5442725,25.07698679
113,9,30,21,5,2,03中山區,中山區大直橋往南第06支燈桿,0,0,1,2,C03,6,5,5,50,14,9,1,4,4,5,13,4,4,2,4,5,2,12,2,35,2,9,5,1,7,9,1,10,1,14,12,44,,1,21,121.5442725,25.07698679
113,9,30,21,6,2,03中山區,中山區新生北路1段62巷與長安東路口側附近1段56巷1弄口,0,0,1,1,B03,6,5,5,50,3,1,1,4,4,5,13,4,4,1,4,5,2,17,1,65,3,10,3,4,7,6,1,8,1,2,,9,,1,21,121.5307312,25.0464558
113,9,30,21,6,2,03中山區,中山區新生北路1段62巷與長安東路口側附近1段56巷1弄口,0,0,1,2,C03,6,5,5,50,3,1,1,4,4,5,13,4,4,1,4,5,2,17,1,56,2,9,3,4,7,9,1,10,1,14,,44,,1,21,121.5307312,25.0464558
113,9,30,21,32,2,07信義區,信義區中坡南路與福德街268巷口,0,0,1,1,B01,7,5,5,50,5,1,1,4,4,5,13,1,1,5,5,5,2,15,1,62,3,10,7,1,7,9,1,4,2,1,,81,,1,21,121.585065,25.0407782
113,9,30,21,32,2,07信義區,信義區中坡南路與福德街268巷口,0,0,1,2,C03,7,5,5,50,5,1,1,4,4,5,13,1,1,5,5,5,2,15,2,40,2,9,5,1,7,9,1,10,2,12,,44,,1,21,121.585065,25.0407782
113,9,30,21,55,2,05中正區,中正區濟南路2段與金山南路1段口,0,0,1,1,C03,6,5,5,50,4,2,1,4,4,5,13,1,1,5,5,5,2,17,2,19,2,8,5,1,7,5,1,10,1,12,,1,,1,21,121.5291018,25.0407108
113,9,30,21,55,2,05中正區,中正區濟南路2段與金山南路1段口,0,0,1,2,B03,6,5,5,50,4,2,1,4,4,5,13,1,1,5,5,5,2,17,1,49,3,10,7,1,7,5,1,8,1,4,,44,,1,21,121.5291018,25.0407108
113,9,30,22,35,2,05中正區,中正區思源街1號自來水園區停車場出入口前,0,0,2,1,C03,6,5,8,50,11,9,1,4,4,5,13,4,4,1,4,5,2,9,1,48,2,9,5,1,7,9,1,10,2,11,,108,,1,22,121.5310555,25.014059
113,9,30,22,35,2,05中正區,中正區思源街1號自來水園區停車場出入口前,0,0,2,2,H01,6,5,8,50,11,9,1,4,4,5,13,4,4,1,4,5,2,9,2,69,2,9,4,5,8,16,8,20,10,16,,99,,1,22,121.5310555,25.014059
113,9,30,22,58,2,10文山區,文山區羅斯福路6段與景福街口,0,0,1,1,B01,6,5,5,50,4,1,1,4,4,5,13,2,1,1,4,5,2,16,1,32,3,10,7,1,7,5,1,4,2,6,,71,,1,21,121.5398449,24.9996502
113,9,30,22,58,2,10文山區,文山區羅斯福路6段與景福街口,0,0,1,2,C03,6,5,5,50,4,1,1,4,4,5,13,2,1,1,4,5,2,16,1,18,2,8,6,1,7,9,1,10,2,11,,44,,1,21,121.5398449,24.9996502
113,10,1,7,25,2,11南港區,南港區舊莊街1段與舊莊街1段91巷口,0,0,2,1,C03,7,7,5,50,3,2,1,5,4,5,13,2,1,9,5,5,2,16,1,67,2,9,6,4,7,5,1,10,1,12,,71,,1,21,121.6191655,25.0407546
113,10,1,7,25,2,11南港區,南港區舊莊街1段與舊莊街1段91巷口,0,0,2,2,C03,7,7,5,50,3,2,1,5,4,5,13,2,1,9,5,5,2,16,1,20,2,9,6,4,7,9,1,10,1,11,,44,,1,21,121.6191655,25.0407546
113,10,1,7,27,2,02萬華區,萬華區和平西路3段與環河南路2段口,0,0,1,1,B03,7,6,5,50,4,1,1,5,4,5,13,1,1,3,3,5,2,17,1,64,3,10,3,4,7,5,1,8,1,1,,108,,1,22,121.494003,25.03549945
113,10,1,7,27,2,02萬華區,萬華區和平西路3段與環河南路2段口,0,0,1,2,F01,7,6,5,50,4,1,1,5,4,5,13,1,1,3,3,5,2,17,1,39,2,9,3,4,7,11,8,20,1,14,,11,,1,22,121.494003,25.03549945
113,10,1,8,0,2,07信義區,信義區松仁路與松平路口,0,0,1,1,B01,7,7,5,50,4,1,1,5,4,5,13,1,1,9,5,5,2,15,1,31,3,10,7,4,7,15,1,8,1,1,,8,,1,21,121.568444,25.0304025
113,10,1,8,0,2,07信義區,信義區松仁路與松平路口,0,0,1,2,F01,7,7,5,50,4,1,1,5,4,5,13,1,1,9,5,5,2,15,1,26,2,7,4,1,7,9,8,20,1,12,,108,,1,21,121.568444,25.0304025
113,10,1,8,5,2,02萬華區,萬華區昆明街與廣州街口,0,0,2,1,H01,8,6,5,50,4,2,1,5,4,5,13,2,1,5,4,5,2,9,2,21,2,1,4,5,8,16,8,20,10,16,,122,,1,21,121.5036058,25.0365324
113,10,1,8,5,2,02萬華區,萬華區昆明街與廣州街口,0,0,2,2,C03,8,6,5,50,4,2,1,5,4,5,13,2,1,5,4,5,2,9,1,45,2,8,6,1,7,9,1,9,2,12,,70,,1,21,121.5036058,25.0365324
113,10,1,8,14,2,01大同區,大同區重慶北路3段與酒泉街口,0,0,1,1,C03,8,6,5,40,14,9,1,5,4,5,13,4,4,5,4,5,2,29,1,58,2,9,5,1,7,9,6,18,9,12,,108,,1,21,121.5141914,25.0719654
113,10,1,8,14,2,01大同區,大同區重慶北路3段與酒泉街口,0,0,1,2,,8,6,5,40,14,9,1,5,4,5,13,4,4,5,4,5,2,29,3,0,,,,,,,,,,,,67,,1,,121.5141914,25.0719654
113,10,1,8,29,2,07信義區,信義區忠孝東路5段453號,0,0,1,1,C03,7,7,5,50,14,9,1,5,4,5,13,1,1,9,4,5,2,12,2,35,2,7,5,1,7,8,1,10,1,12,,101,,1,21,121.5767027,25.0409347
113,10,1,8,29,2,07信義區,信義區忠孝東路5段453號,0,0,1,2,C03,7,7,5,50,14,9,1,5,4,5,13,1,1,9,4,5,2,12,1,42,3,10,5,1,7,9,1,10,1,14,,44,,1,21,121.5767027,25.0409347
113,10,1,8,43,2,10文山區,文山區興隆路2段130巷與興隆路2段口,0,0,1,1,C03,7,6,5,30,3,1,1,5,4,5,13,4,4,10,5,5,2,17,1,71,3,10,5,1,7,6,1,9,1,17,,72,,1,21,121.5505073,25.00121064
113,10,1,8,43,2,10文山區,文山區興隆路2段130巷與興隆路2段口,0,0,1,2,C03,7,6,5,30,3,1,1,5,4,5,13,4,4,10,5,5,2,17,2,22,2,9,5,1,7,9,1,10,1,12,,14,,1,21,121.5505073,25.00121064
113,10,1,8,51,2,10文山區,文山區興隆路3段與萬芳路口,0,0,1,1,C03,8,6,5,50,4,2,1,5,4,5,13,2,1,1,4,5,2,17,2,65,2,2,5,1,7,5,1,10,2,13,,44,,1,21,121.5599363,24.9966099
113,10,1,8,51,2,10文山區,文山區興隆路3段與萬芳路口,0,0,1,2,B13,8,6,5,50,4,2,1,5,4,5,13,2,1,1,4,5,2,17,1,27,3,10,7,1,7,6,1,4,2,8,,9,,1,21,121.5599363,24.9966099
113,10,1,8,54,2,12內湖區,內湖區行善路與舊宗路1段口,0,0,1,1,C03,8,6,5,50,4,2,1,5,4,5,13,2,1,2,4,5,2,17,1,34,3,10,6,1,7,15,1,10,2,12,,100,,1,21,121.5804733,25.05882239
113,10,1,8,54,2,12內湖區,內湖區行善路與舊宗路1段口,0,0,1,2,C03,8,6,5,50,4,2,1,5,4,5,13,2,1,2,4,5,2,17,1,29,2,9,6,1,7,9,1,10,2,14,,44,,1,21,121.5804733,25.05882239
113,10,1,8,57,2,05中正區,中正區市民大道1段與中山北路1段口,0,0,1,1,C03,8,6,5,40,4,1,1,5,4,5,13,2,1,1,4,5,2,13,1,28,2,8,5,1,7,9,1,10,1,11,,16,,1,22,121.520544,25.04797205
113,10,1,8,57,2,05中正區,中正區市民大道1段與中山北路1段口,0,0,1,2,B01,8,6,5,40,4,1,1,5,4,5,13,2,1,1,4,5,2,13,1,48,3,10,7,1,7,6,1,8,1,3,,44,,1,22,121.520544,25.04797205
113,10,1,9,20,2,07信義區,信義區松仁路與松勤街口,0,0,1,1,B03,7,6,5,50,4,1,1,5,4,5,13,2,1,9,4,5,2,17,1,63,3,10,7,1,7,5,1,7,2,1,,80,,1,22,121.5683868,25.031897
113,10,1,9,20,2,07信義區,信義區松仁路與松勤街口,0,0,1,2,C03,7,6,5,50,4,1,1,5,4,5,13,2,1,9,4,5,2,17,2,44,2,9,5,1,7,9,1,10,2,11,,44,,1,22,121.5683868,25.031897
113,10,1,9,21,2,06松山區,松山區健康路與南京東路4段53巷10弄口,0,0,1,2,C03,7,6,6,50,5,1,1,5,4,5,13,2,1,5,4,5,2,16,1,46,2,9,5,1,7,9,1,10,9,11,,118,,1,22,121.5526527,25.0533609
113,10,1,9,21,2,06松山區,松山區健康路與南京東路4段53巷10弄口,0,0,1,1,F01,7,6,6,50,5,1,1,5,4,5,13,2,1,5,4,5,2,16,4,0,4,11,3,4,7,21,7,19,11,15,,119,,2,22,121.5526527,25.0533609
113,10,1,9,22,2,02萬華區,萬華區桂林路242巷與桂林路228巷13弄口,0,0,1,1,C03,7,6,5,30,4,1,1,5,4,5,13,4,4,8,5,5,2,16,2,36,2,9,5,4,7,6,1,10,1,11,,71,,1,22,121.4952445,25.0381464
113,10,1,9,22,2,02萬華區,萬華區桂林路242巷與桂林路228巷13弄口,0,0,1,2,C03,7,6,5,30,4,1,1,5,4,5,13,4,4,8,5,5,2,16,1,28,3,10,3,4,7,9,1,10,1,14,,13,,1,22,121.4952445,25.0381464
113,10,1,9,40,2,05中正區,中正區金山南路1段79巷與臨沂街口口,0,0,2,1,F01,8,5,5,30,4,1,1,5,4,5,13,4,4,10,5,5,1,15,2,37,2,1,4,1,7,9,8,20,1,12,,4,,1,21,121.5287243,25.03664087
113,10,1,9,40,2,05中正區,中正區金山南路1段79巷與臨沂街口口,0,0,2,2,C03,8,5,5,30,4,1,1,5,4,5,13,4,4,10,5,5,1,15,2,42,2,9,6,1,7,9,1,10,1,11,,44,,1,21,121.5287243,25.03664087
113,10,1,9,52,2,05中正區,中正區汀州路2段與金門街12巷23弄口口,0,0,1,2,C03,8,6,5,30,4,1,1,5,4,3,13,4,4,5,5,5,2,17,1,43,2,8,5,1,7,9,1,10,9,17,,14,,1,21,121.523035,25.0230251
113,10,1,9,52,2,05中正區,中正區汀州路2段與金門街12巷23弄口口,0,0,1,1,B03,8,6,5,30,4,1,1,5,4,3,13,4,4,5,5,5,2,17,1,52,4,11,3,4,7,5,7,19,11,17,,71,,2,22,121.523035,25.0230251
113,10,1,10,4,2,11南港區,南港區舊莊路1段與舊莊街1段91巷口,0,0,2,1,C03,8,6,5,30,3,1,1,5,4,5,13,3,1,9,4,5,2,16,2,73,2,9,5,1,7,5,1,10,1,11,,80,,1,22,121.6191644,25.040739
113,10,1,10,4,2,11南港區,南港區舊莊路1段與舊莊街1段91巷口,0,0,2,2,C03,8,6,5,30,3,1,1,5,4,5,13,3,1,9,4,5,2,16,1,55,2,9,5,1,7,9,1,10,1,12,,14,,1,22,121.6191644,25.040739
113,10,1,10,12,2,10文山區,文山區木柵路2段135號,0,0,1,1,C03,7,6,5,50,14,9,1,5,4,5,13,4,4,5,4,5,2,10,1,20,2,9,5,1,7,12,3,18,2,15,,13,,1,21,121.5625808,24.98893
113,10,1,10,12,2,10文山區,文山區木柵路2段135號,0,0,1,2,B03,7,6,5,50,14,9,1,5,4,5,13,4,4,5,4,5,2,10,1,60,3,10,7,1,7,15,1,8,2,8,,44,,1,21,121.5625808,24.98893
113,10,1,10,17,2,10文山區,文山區試院路82號,0,0,1,1,B03,8,6,5,30,11,9,1,5,4,5,13,4,4,9,5,5,2,17,1,21,3,10,3,4,7,11,1,8,2,4,,10,,1,25,121.5488163,24.98976452
113,10,1,10,17,2,10文山區,文山區試院路82號,0,0,1,2,C03,8,6,5,30,11,9,1,5,4,5,13,4,4,9,5,5,2,17,1,20,2,8,3,4,7,9,1,10,2,11,,108,,1,25,121.5488163,24.98976452
113,10,1,10,40,2,06松山區,松山區南京東路3段與南京東路3段335巷口,0,0,1,1,B03,7,7,5,40,14,8,1,5,4,5,13,4,4,1,4,4,2,17,2,56,3,10,2,1,7,14,1,8,9,4,,40,,1,21,121.5475328,25.05184619
113,10,1,10,40,2,06松山區,松山區南京東路3段與南京東路3段335巷口,0,0,1,2,C03,7,7,5,40,14,8,1,5,4,5,13,4,4,1,4,4,2,17,1,50,2,7,5,1,7,9,1,10,9,11,,44,,1,21,121.5475328,25.05184619
113,10,1,11,1,2,12內湖區,內湖區港墘路127巷與港墘路155巷口,0,0,1,1,B03,7,6,6,30,4,1,1,5,4,5,13,4,4,10,5,5,2,15,1,24,3,10,3,4,7,9,1,8,2,2,,75,,1,22,121.5759186,25.0769801
113,10,1,11,1,2,12內湖區,內湖區港墘路127巷與港墘路155巷口,0,0,1,2,C03,7,6,6,30,4,1,1,5,4,5,13,4,4,10,5,5,2,15,1,64,2,9,6,1,7,9,1,10,2,11,,80,,1,22,121.5759186,25.0769801
113,10,1,11,5,2,12內湖區,內湖區港華街與港墘路82巷7弄口,0,0,2,1,C03,7,6,5,30,3,1,1,5,4,5,13,4,4,9,5,5,2,16,1,74,2,8,5,1,7,5,1,10,1,11,,74,,1,21,121.5778405,25.08229698
113,10,1,11,5,2,12內湖區,內湖區港華街與港墘路82巷7弄口,0,0,2,2,C03,7,6,5,30,3,1,1,5,4,5,13,4,4,9,5,5,2,16,2,55,2,9,5,1,7,9,1,10,1,12,,14,,1,21,121.5778405,25.08229698
113,10,1,11,45,2,03中山區,中山區中山北路1段與市民大道2段口,0,0,1,1,B03,7,7,5,40,4,1,1,5,4,5,13,2,1,9,4,5,2,17,1,45,3,10,7,1,7,6,1,8,1,2,,9,,1,21,121.5209638,25.0481513
113,10,1,11,45,2,03中山區,中山區中山北路1段與市民大道2段口,0,0,1,2,C03,7,7,5,40,4,1,1,5,4,5,13,2,1,9,4,5,2,17,2,24,2,9,5,1,7,9,1,10,1,14,,108,,1,21,121.5209638,25.0481513
113,10,1,11,58,2,12內湖區,內湖區民權東路6段280巷與民權東路6段296巷31弄口,0,0,1,1,C03,8,6,5,30,4,1,1,5,4,5,13,4,4,10,5,5,2,17,1,24,2,9,5,1,7,9,1,10,1,11,,80,,1,21,121.6058833,25.0715482
113,10,1,11,58,2,12內湖區,內湖區民權東路6段280巷與民權東路6段296巷31弄口,0,0,1,2,B03,8,6,5,30,4,1,1,5,4,5,13,4,4,10,5,5,2,17,1,32,3,10,7,1,7,9,1,8,1,4,,14,,1,21,121.6058833,25.0715482
113,10,1,11,58,2,12內湖區,內湖區民權東路6段280巷與民權東路6段296巷31弄口,0,0,1,3,B12,8,6,5,30,4,1,1,5,4,5,13,4,4,10,5,5,2,17,1,63,3,10,7,1,7,14,1,4,1,17,,44,,1,21,121.6058833,25.0715482
113,10,1,12,4,2,04大安區,大安區忠孝東路3段248巷13弄與仁愛路3段143巷口,0,0,1,1,B12,7,5,5,30,3,2,1,5,4,5,13,4,4,4,4,5,2,17,1,55,3,10,7,1,7,5,1,8,1,4,,80,,1,21,121.5430275,25.0406393
113,10,1,12,4,2,04大安區,大安區忠孝東路3段248巷13弄與仁愛路3段143巷口,0,0,1,2,C03,7,5,5,30,3,2,1,5,4,5,13,4,4,4,4,5,2,17,1,22,2,8,6,1,7,9,1,10,1,11,,14,,1,21,121.5430275,25.0406393
113,10,1,12,20,2,08士林區,士林區重慶北路4段與通河西街1段口,0,0,1,1,B03,7,6,5,30,3,1,1,5,4,5,12,2,1,5,5,5,2,17,2,51,3,10,3,4,7,5,1,8,1,1,,83,,1,21,121.5119057,25.0877189
113,10,1,12,20,2,08士林區,士林區重慶北路4段與通河西街1段口,0,0,1,2,C03,7,6,5,30,3,1,1,5,4,5,12,2,1,5,5,5,2,17,2,26,2,9,3,4,7,9,1,10,1,11,,44,,1,21,121.5119057,25.0877189
113,10,1,12,45,2,12內湖區,內湖區新明路305號,0,0,1,1,B03,8,5,5,50,14,8,1,5,4,5,13,4,4,4,3,4,1,16,1,57,3,10,3,4,7,15,1,8,1,1,,8,,1,22,121.5849157,25.0568832
113,10,1,12,45,2,12內湖區,內湖區新明路305號,0,0,1,2,C03,8,5,5,50,14,8,1,5,4,5,13,4,4,4,3,4,1,16,1,47,2,9,3,4,7,9,1,10,1,14,,13,,1,22,121.5849157,25.0568832
113,10,1,13,34,2,05中正區,中正區汀州路2段204號,0,0,2,1,C03,8,7,5,50,14,9,1,5,4,5,13,4,4,9,4,5,2,16,1,36,2,7,5,1,7,5,1,10,1,11,,8,,1,21,121.5235312,25.0226569
113,10,1,13,34,2,05中正區,中正區汀州路2段204號,0,0,2,2,C03,8,7,5,50,14,9,1,5,4,5,13,4,4,9,4,5,2,16,1,61,2,9,6,1,7,9,1,10,1,11,,44,,1,21,121.5235312,25.0226569
113,10,1,14,36,2,08士林區,士林區社正路與通河西街2段口,0,0,1,1,B03,8,5,5,30,4,2,1,5,4,5,13,2,1,5,5,5,2,16,1,57,3,10,2,1,7,5,1,8,1,8,,71,,1,21,121.511692,25.0890439
113,10,1,14,36,2,08士林區,士林區社正路與通河西街2段口,0,0,1,2,C03,8,5,5,30,4,2,1,5,4,5,13,2,1,5,5,5,2,16,2,22,2,9,5,1,7,9,1,10,1,14,,44,,1,21,121.511692,25.0890439
113,10,1,14,42,2,03中山區,中山區中原街與新生北路3段11巷口,0,0,1,1,B12,8,6,5,30,4,1,1,5,4,5,13,4,4,9,5,5,2,15,1,35,3,10,7,1,7,9,1,8,1,5,,72,,1,22,121.5289809,25.0635841
113,10,1,14,42,2,03中山區,中山區中原街與新生北路3段11巷口,0,0,1,2,C03,8,6,5,30,4,1,1,5,4,5,13,4,4,9,5,5,2,15,1,19,2,9,6,1,7,9,1,10,1,11,,14,,1,21,121.5289809,25.0635841
113,10,1,14,49,2,10文山區,文山區忠順街1段26巷與木新路3段232巷6弄口,0,0,2,1,C03,7,6,5,30,4,1,1,5,4,5,13,4,4,10,5,5,2,15,2,34,2,8,3,4,7,9,1,10,2,11,,80,,1,22,121.5597722,24.9820532
113,10,1,14,49,2,10文山區,文山區忠順街1段26巷與木新路3段232巷6弄口,0,0,2,2,C03,7,6,5,30,4,1,1,5,4,5,13,4,4,10,5,5,2,15,1,58,2,9,3,4,7,9,1,10,2,11,,14,,1,22,121.5597722,24.9820532
113,10,1,14,51,2,10文山區,文山區新光路1段與新光路1段95巷口,0,0,1,2,C04,8,7,5,50,3,1,1,5,4,5,13,4,4,9,5,5,2,12,1,33,3,10,5,1,7,9,1,10,2,11,,44,,1,21,121.5737136,24.9909019
113,10,1,14,51,2,10文山區,文山區新光路1段與新光路1段95巷口,0,0,1,1,C03,8,7,5,50,3,1,1,5,4,5,13,4,4,9,5,5,2,12,2,29,2,9,6,1,7,1,3,18,2,12,,19,,1,21,121.5737136,24.9909019
113,10,1,15,1,2,08士林區,士林區中山北路6段701號,0,0,3,1,C03,8,6,5,50,14,9,1,5,4,5,13,4,4,1,4,5,2,17,1,26,2,9,6,1,7,9,1,10,1,11,,16,,1,26,121.5275944,25.114854
113,10,1,15,1,2,08士林區,士林區中山北路6段701號,0,0,3,2,C03,8,6,5,50,14,9,1,5,4,5,13,4,4,1,4,5,2,17,1,54,2,9,6,1,7,9,1,10,1,13,,44,,1,26,121.5275944,25.114854
113,10,1,15,1,2,08士林區,士林區中山北路6段701號,0,0,3,3,C03,8,6,5,50,14,9,1,5,4,5,13,4,4,1,4,5,2,17,2,55,2,9,6,1,7,9,1,10,1,13,,44,,1,28,121.5275944,25.114854
113,10,1,15,29,2,08士林區,士林區文林路87號,0,0,1,1,B12,8,6,5,50,14,9,1,5,4,5,13,4,4,9,4,5,1,16,1,62,3,10,3,4,7,11,1,4,2,5,,10,,1,22,121.5259868,25.08764287
113,10,1,15,29,2,08士林區,士林區文林路87號,0,0,1,2,C02,8,6,5,50,14,9,1,5,4,5,13,4,4,9,4,5,1,16,1,25,2,7,3,4,7,9,1,9,2,11,,13,,1,22,121.5259868,25.08764287
113,10,1,15,38,2,03中山區,中山區市民大道3段與八德路2段210巷口,0,0,1,1,B03,8,7,5,40,3,1,1,5,4,5,13,1,1,1,4,5,2,16,1,56,3,10,7,1,7,6,1,8,1,5,,9,,1,21,121.5395232,25.044771
113,10,1,15,38,2,03中山區,中山區市民大道3段與八德路2段210巷口,0,0,1,2,C03,8,7,5,40,3,1,1,5,4,5,13,1,1,1,4,5,2,16,1,49,3,10,6,1,7,9,1,10,1,14,,44,,1,26,121.5395232,25.044771
113,10,1,15,38,2,03中山區,中山區市民大道3段與八德路2段210巷口,0,0,1,3,H02,8,7,5,40,3,1,1,5,4,5,13,1,1,1,4,5,2,16,1,45,2,8,6,5,7,20,8,20,10,17,,67,,1,26,121.5395232,25.044771
113,10,1,15,50,2,01大同區,大同區南京西路18巷4弄,0,0,1,1,B11,7,6,5,30,14,9,1,5,4,5,13,4,4,10,5,5,2,14,1,37,3,10,7,4,7,2,1,4,1,3,,12,,1,21,121.5206369,25.0521866
113,10,1,15,50,2,01大同區,大同區南京西路18巷4弄,0,0,1,2,C03,7,6,5,30,14,9,1,5,4,5,13,4,4,10,5,5,2,14,1,31,3,10,2,4,7,13,1,10,1,11,,38,,1,21,121.5206369,25.0521866
113,10,1,15,50,2,01大同區,大同區南京西路18巷4弄,0,0,1,3,H02,7,6,5,30,14,9,1,5,4,5,13,4,4,10,5,5,2,14,2,37,2,9,3,5,7,20,8,20,10,16,,67,,1,21,121.5206369,25.0521866
113,10,1,15,51,2,07信義區,信義區東寧路與市民大道5段口,0,0,1,1,C03,8,6,5,50,3,2,1,5,4,5,13,1,1,4,3,5,2,17,2,73,2,9,6,1,7,5,1,10,1,12,,83,,1,21,121.5631904,25.0472895
113,10,1,15,51,2,07信義區,信義區東寧路與市民大道5段口,0,0,1,2,B03,8,6,5,50,3,2,1,5,4,5,13,1,1,4,3,5,2,17,1,42,3,10,3,4,7,9,1,8,1,4,,44,,1,21,121.5631904,25.0472895
113,10,1,15,54,2,03中山區,中山區長春路與長春路163巷口,0,0,1,1,B03,8,7,5,50,4,1,1,5,4,5,13,1,1,9,4,5,2,16,1,51,3,10,7,1,7,5,1,8,1,5,,71,,1,21,121.5336481,25.05481671
113,10,1,15,54,2,03中山區,中山區長春路與長春路163巷口,0,0,1,2,C03,8,7,5,50,4,1,1,5,4,5,13,1,1,9,4,5,2,16,2,58,2,7,6,1,7,9,1,10,1,11,,44,,1,21,121.5336481,25.05481671
113,10,1,16,4,2,09北投區,北投區懷德街56巷與榮華三路41巷口,0,0,1,1,C03,8,5,5,30,4,1,1,5,4,5,13,4,4,10,5,5,2,15,2,56,2,9,5,1,7,9,1,10,1,12,,72,,1,21,121.5204289,25.112753