發生年度,發生月,發生日,發生時-Hours,發生分,處理別-編號,區序,肇事地點,死亡人數,2-30日死亡人數,受傷人數,當事人序號,車種,天候,道路照明設備,道路類別,速限-速度限制,道路型態,事故位置,路面狀況1,路面狀況2,路面狀況3,道路障礙1,道路障礙2,號誌1,號誌2,車道劃分-分向,車道劃分-分道1,車道劃分-分道2,車道劃分-分道3,事故類型及型態,性別,年齡,受傷程度,主要傷處,保護裝置,行動電話,車輛用途,當事者行動狀態,駕駛資格情形,駕駛執照種類,飲酒情形,車輛撞擊部位1,車輛撞擊部位2,肇因碼-個別,肇因碼-主要,個人肇逃否,職業,座標-X,座標-Y
113,10,1,16,4,2,09北投區,北投區懷德街56巷與榮華三路41巷口,0,0,1,2,B03,8,5,5,30,4,1,1,5,4,5,13,4,4,10,5,5,2,15,2,41,3,10,7,1,7,9,1,8,1,8,,14,,1,21,121.5204289,25.112753
113,10,1,16,20,2,03中山區,中山區中山北路2段46號人行道,0,0,1,1,F01,7,7,5,0,14,20,5,5,4,5,13,4,4,10,5,5,2,1,4,0,4,11,3,4,7,21,8,20,11,15,,119,,2,22,121.5225577,25.05549977
113,10,1,16,20,2,03中山區,中山區中山北路2段46號人行道,0,0,1,2,H01,7,7,5,0,14,20,5,5,4,5,13,4,4,10,5,5,2,1,2,61,2,7,4,5,8,16,8,20,10,16,,67,,1,21,121.5225577,25.05549977
113,10,1,17,8,2,12內湖區,內湖區康寧路3段75巷40號對面,0,0,2,1,H01,7,6,5,40,12,9,1,5,4,5,13,4,4,5,4,5,2,6,1,23,2,9,4,5,8,18,8,20,10,16,,121,,1,21,121.6094368,25.07453698
113,10,1,17,8,2,12內湖區,內湖區康寧路3段75巷40號對面,0,0,2,2,C03,7,6,5,40,12,9,1,5,4,5,13,4,4,5,4,5,2,6,1,19,2,9,6,1,7,9,1,10,1,11,,107,,1,21,121.6094368,25.07453698
113,10,1,17,8,2,12內湖區,內湖區康寧路3段75巷40號對面,0,0,2,3,B01,7,6,5,40,12,9,1,5,4,5,13,4,4,5,4,5,2,6,1,52,3,10,7,1,7,9,1,3,1,6,,44,,1,21,121.6094368,25.07453698
113,10,1,17,11,2,12內湖區,內湖區安康路268號,0,0,1,1,C03,7,6,5,50,14,9,1,5,4,5,13,4,4,9,5,5,2,12,1,52,2,9,5,1,7,4,1,10,2,11,,108,,1,21,121.6050844,25.06386816
113,10,1,17,11,2,12內湖區,內湖區安康路268號,0,0,1,2,B12,7,6,5,50,14,9,1,5,4,5,13,4,4,9,5,5,2,12,1,56,3,10,7,1,7,9,1,8,2,2,,44,,1,21,121.6050844,25.06386816
113,10,1,17,30,2,12內湖區,內湖區內湖路1段594號,0,0,1,1,A02,8,5,5,50,14,9,1,5,4,5,13,4,4,1,4,5,2,17,1,35,3,10,7,1,7,9,1,2,1,5,,44,,1,21,121.5770788,25.0792558
113,10,1,17,30,2,12內湖區,內湖區內湖路1段594號,0,0,1,2,C03,8,5,5,50,14,9,1,5,4,5,13,4,4,1,4,5,2,17,1,69,2,9,6,1,7,7,1,10,1,13,,101,,1,21,121.5770788,25.0792558
113,10,1,17,41,2,08士林區,士林區延平北路8段2巷56弄與延平北路8段2巷200弄口,0,0,2,1,C03,8,5,5,30,3,1,1,5,4,5,13,4,4,10,5,5,1,17,1,46,2,9,6,1,7,9,1,10,1,14,,17,,1,26,121.4935667,25.107276
113,10,1,17,41,2,08士林區,士林區延平北路8段2巷56弄與延平北路8段2巷200弄口,0,0,2,2,B03,8,5,5,30,3,1,1,5,4,5,13,4,4,10,5,5,1,17,1,28,3,10,7,1,7,9,1,8,1,2,,17,,1,26,121.4935667,25.107276
113,10,1,17,41,2,08士林區,士林區延平北路8段2巷56弄與延平北路8段2巷200弄口,0,0,2,3,H02,8,5,5,30,3,1,1,5,4,5,13,4,4,10,5,5,1,17,2,13,2,9,5,5,7,20,8,20,10,16,,67,,1,15,121.4935667,25.107276
113,10,1,17,57,2,03中山區,中山區長安東路2段153巷與龍江路46巷口,0,0,2,1,C03,8,5,5,30,3,1,1,5,4,5,13,4,4,10,5,5,2,17,1,50,2,9,6,1,7,5,1,10,1,11,,8,,1,21,121.5391173,25.0492246
113,10,1,17,57,2,03中山區,中山區長安東路2段153巷與龍江路46巷口,0,0,2,2,C03,8,5,5,30,3,1,1,5,4,5,13,4,4,10,5,5,2,17,1,35,2,9,6,1,7,9,6,10,1,14,,44,,1,21,121.5391173,25.0492246
113,10,1,17,58,2,06松山區,松山區敦化北路與長春路口,0,0,1,3,B01,7,5,5,50,14,9,1,5,4,5,13,2,1,5,4,4,2,17,1,54,3,10,7,1,7,9,1,4,2,4,,44,,1,21,121.5487509,25.0542276
113,10,1,17,58,2,06松山區,松山區敦化北路與長春路口,0,0,1,2,C03,7,5,5,50,14,9,1,5,4,5,13,2,1,5,4,4,2,17,1,25,2,9,6,1,7,9,1,10,2,12,,17,,1,21,121.5487509,25.0542276
113,10,1,17,58,2,06松山區,松山區敦化北路與長春路口,0,0,1,1,B03,7,5,5,50,14,9,1,5,4,5,13,2,1,5,4,4,2,17,1,41,3,10,7,1,7,9,1,2,2,15,,17,,2,21,121.5487509,25.0542276
113,10,1,18,0,2,05中正區,中正區羅斯福路1段與寧波西街口,0,0,1,1,B13,8,5,5,50,4,2,1,5,4,5,13,1,1,1,4,5,2,17,1,47,3,10,7,4,7,6,1,4,1,8,,44,,1,21,121.5192612,25.0315383
113,10,1,18,0,2,05中正區,中正區羅斯福路1段與寧波西街口,0,0,1,2,C03,8,5,5,50,4,2,1,5,4,5,13,1,1,1,4,5,2,17,1,28,2,7,5,4,7,9,1,10,1,11,,44,,1,21,121.5192612,25.0315383
113,10,1,18,25,2,12內湖區,內湖區舊宗路2段與舊宗路2段口五汐高架南下出口,0,0,1,1,C03,7,5,5,50,4,1,1,5,4,5,13,2,1,3,4,5,2,12,1,56,2,7,5,1,7,9,1,10,9,15,,44,,1,21,121.5748371,25.0707192
113,10,1,18,25,2,12內湖區,內湖區舊宗路2段與舊宗路2段口五汐高架南下出口,0,0,1,2,C03,7,5,5,50,4,1,1,5,4,5,13,2,1,3,4,5,2,12,2,27,3,10,5,1,7,7,1,10,1,12,,17,,1,21,121.5748371,25.0707192
113,10,1,19,21,2,12內湖區,內湖區成功路4段99號,0,0,1,1,B03,8,5,5,50,14,7,1,5,4,5,13,4,4,1,4,4,2,12,1,64,3,10,7,1,7,8,1,8,2,5,,100,,1,21,121.5930001,25.08249397
113,10,1,19,21,2,12內湖區,內湖區成功路4段99號,0,0,1,2,C03,8,5,5,50,14,7,1,5,4,5,13,4,4,1,4,4,2,12,1,21,3,10,5,1,7,9,1,10,2,15,,44,,1,21,121.5930001,25.08249397
113,10,1,19,21,2,12內湖區,內湖區成功路4段99號,0,0,1,3,H02,8,5,5,50,14,7,1,5,4,5,13,4,4,1,4,4,2,12,2,21,2,8,5,5,7,21,8,20,10,16,,67,,1,21,121.5930001,25.08249397
113,10,1,19,35,2,04大安區,大安區和平東路3段與和平東路3段308巷口,0,0,1,1,C03,8,5,5,50,5,1,1,5,4,5,13,2,1,1,4,5,2,16,2,28,2,8,6,1,7,6,1,10,1,13,,44,,1,21,121.5564682,25.0205437
113,10,1,19,35,2,04大安區,大安區和平東路3段與和平東路3段308巷口,0,0,1,2,B02,8,5,5,50,5,1,1,5,4,5,13,2,1,1,4,5,2,16,2,44,3,10,7,1,7,1,1,8,1,8,,19,,1,21,121.5564682,25.0205437
113,10,1,19,40,2,05中正區,中正區重慶南路1段與開封街1段口,0,0,1,1,C03,7,5,5,50,4,1,1,5,4,5,13,1,1,10,4,5,2,13,1,37,3,10,6,1,7,7,1,10,2,17,,100,,1,22,121.5132571,25.0459493
113,10,1,19,40,2,05中正區,中正區重慶南路1段與開封街1段口,0,0,1,2,C03,7,5,5,50,4,1,1,5,4,5,13,1,1,10,4,5,2,13,1,36,3,10,6,1,7,9,1,10,2,13,,44,,1,22,121.5132571,25.0459493
113,10,1,19,40,2,05中正區,中正區重慶南路1段與開封街1段口,0,0,1,3,C03,7,5,5,50,4,1,1,5,4,5,13,1,1,10,4,5,2,13,2,36,2,9,6,1,7,9,1,10,2,11,,42,,1,22,121.5132571,25.0459493
113,10,1,21,31,2,07信義區,信義區基隆路2段169號,0,0,1,1,C03,7,5,5,50,14,9,1,5,4,5,13,4,4,3,4,5,2,13,2,21,2,9,5,1,7,9,3,18,2,11,,108,,1,21,121.5538266,25.0253813
113,10,1,21,31,2,07信義區,信義區基隆路2段169號,0,0,1,2,B03,7,5,5,50,14,9,1,5,4,5,13,4,4,3,4,5,2,13,1,42,3,10,3,4,7,13,1,8,1,3,,38,,1,21,121.5538266,25.0253813
113,10,1,21,58,2,12內湖區,內湖區成功交流道東北角,0,0,1,1,B03,8,5,5,50,5,1,1,5,4,5,13,4,4,1,1,5,1,16,1,25,3,10,7,1,7,8,1,8,2,5,,99,,1,21,121.592189,25.0652831
113,10,1,21,58,2,12內湖區,內湖區成功交流道東北角,0,0,1,2,B03,8,5,5,50,5,1,1,5,4,5,13,4,4,1,1,5,1,16,1,32,2,1,7,1,7,9,1,8,2,4,,27,,1,21,121.592189,25.0652831
113,10,1,22,45,2,08士林區,士林區通河西街1段與重慶北路4段口,0,0,2,1,C03,8,6,5,50,3,2,1,5,4,5,13,2,1,1,5,5,1,17,1,60,2,8,5,1,7,9,1,10,2,11,,81,,1,21,121.5119427,25.08775718
113,10,1,22,45,2,08士林區,士林區通河西街1段與重慶北路4段口,0,0,2,2,C03,8,6,5,50,3,2,1,5,4,5,13,2,1,1,5,5,1,17,1,73,2,8,5,1,7,5,1,10,2,11,,44,,1,21,121.5119427,25.08775718
113,10,1,22,58,2,12內湖區,內湖區成功路5段450巷23弄與成功路5段450巷21弄口,0,0,1,1,B03,7,5,5,30,3,1,1,5,4,5,12,4,4,5,5,5,2,3,1,52,3,10,7,1,7,5,1,8,2,1,,80,,1,21,121.6084528,25.07313
113,10,1,22,58,2,12內湖區,內湖區成功路5段450巷23弄與成功路5段450巷21弄口,0,0,1,2,H01,7,5,5,30,3,1,1,5,4,5,12,4,4,5,5,5,2,3,2,21,2,9,4,5,8,16,8,20,10,16,,67,,1,21,121.6084528,25.07313
113,10,1,23,26,2,04大安區,大安區市民大道4段與延吉街口,0,0,1,1,B03,7,5,5,40,4,1,1,5,4,5,13,2,1,10,5,1,2,15,2,25,3,10,3,4,7,9,1,8,1,1,,99,,1,21,121.5537588,25.0443053
113,10,1,23,26,2,04大安區,大安區市民大道4段與延吉街口,0,0,1,2,C03,7,5,5,40,4,1,1,5,4,5,13,2,1,10,5,1,2,15,2,28,2,9,3,4,7,9,1,10,1,11,,44,,1,21,121.5537588,25.0443053
113,10,2,5,7,2,05中正區,中正區羅斯福路1段與寧波東街口,0,0,1,1,B01,6,5,5,50,4,1,1,4,4,5,13,1,1,5,4,5,2,3,1,60,3,10,7,1,7,5,1,4,2,1,,70,,1,21,121.5190786,25.0317647
113,10,2,5,7,2,05中正區,中正區羅斯福路1段與寧波東街口,0,0,1,2,H01,6,5,5,50,4,1,1,4,4,5,13,1,1,5,4,5,2,3,1,27,2,1,4,5,8,16,8,20,1,16,,67,,1,25,121.5190786,25.0317647
113,10,2,7,50,2,08士林區,士林區大東路21號,0,0,1,1,C03,8,6,5,30,14,9,1,5,4,5,13,4,4,10,5,5,2,17,2,59,3,10,3,4,7,2,1,10,1,13,,42,,1,21,121.5250456,25.08836362
113,10,2,7,50,2,08士林區,士林區大東路21號,0,0,1,2,C03,8,6,5,30,14,9,1,5,4,5,13,4,4,10,5,5,2,17,2,68,2,9,3,4,7,9,1,10,1,11,,13,,1,21,121.5250456,25.08836362
113,10,2,8,40,2,07信義區,信義區忠孝東路5段與忠孝東路5段423巷口,0,0,2,1,C03,8,5,5,50,4,1,1,5,4,5,13,2,1,3,4,5,2,17,1,59,2,8,5,1,7,5,1,10,1,14,,96,,1,22,121.5755472,25.0408937
113,10,2,8,40,2,07信義區,信義區忠孝東路5段與忠孝東路5段423巷口,0,0,2,2,B03,8,5,5,50,4,1,1,5,4,5,13,2,1,3,4,5,2,17,1,34,3,10,7,1,7,5,1,8,1,1,,44,,1,22,121.5755472,25.0408937
113,10,2,8,40,2,07信義區,信義區忠孝東路5段與忠孝東路5段423巷口,0,0,2,3,H02,8,5,5,50,4,1,1,5,4,5,13,2,1,3,4,5,2,17,2,61,2,7,5,5,7,20,8,20,10,16,,67,,1,22,121.5755472,25.0408937
113,10,2,9,18,2,03中山區,中山區建國北路3段與農安街口,0,0,1,1,B03,8,6,5,50,4,1,1,5,4,5,13,2,1,1,4,5,2,16,1,57,3,10,7,1,7,6,1,8,1,2,,98,,1,22,121.5364157,25.0648201
113,10,2,9,18,2,03中山區,中山區建國北路3段與農安街口,0,0,1,2,C03,8,6,5,50,4,1,1,5,4,5,13,2,1,1,4,5,2,16,2,55,2,9,6,1,7,9,1,10,1,11,,44,,1,22,121.5364157,25.0648201
113,10,2,9,28,2,03中山區,中山區建國北路3段與農安街口,0,0,1,1,B01,8,6,5,50,4,1,1,5,4,5,13,2,1,1,4,5,2,12,1,61,3,10,7,1,7,8,1,4,1,17,,100,,1,21,121.5366079,25.0647994
113,10,2,9,28,2,03中山區,中山區建國北路3段與農安街口,0,0,1,2,C03,8,6,5,50,4,1,1,5,4,5,13,2,1,1,4,5,2,12,2,64,2,9,5,1,7,9,1,10,1,12,,108,,1,21,121.5366079,25.0647994
113,10,2,10,23,2,02萬華區,萬華區中興橋機車道往新北（5K+900）,0,0,2,1,C03,8,6,5,30,8,11,1,5,4,5,13,4,4,10,5,5,1,12,2,56,2,9,3,4,7,15,1,10,1,14,,101,,1,21,121.5069831,25.0501223
113,10,2,10,23,2,02萬華區,萬華區中興橋機車道往新北（5K+900）,0,0,2,2,C03,8,6,5,30,8,11,1,5,4,5,13,4,4,10,5,5,1,12,1,28,2,8,3,4,7,9,1,10,1,12,,44,,1,21,121.5069831,25.0501223
113,10,2,11,45,2,10文山區,文山區保儀路13巷燈桿0702097旁,0,0,1,1,B03,7,6,5,30,14,9,1,5,4,5,13,4,4,10,5,5,2,3,1,55,3,10,7,1,7,9,1,8,1,4,,108,,1,21,121.5696033,24.988455
113,10,2,11,45,2,10文山區,文山區保儀路13巷燈桿0702097旁,0,0,1,2,H01,7,6,5,30,14,9,1,5,4,5,13,4,4,10,5,5,2,3,2,80,2,8,4,5,8,16,8,20,10,17,,53,,1,21,121.5696033,24.988455
113,10,2,12,55,2,05中正區,中正區汀州路2段178巷與同安街73巷口口,0,0,1,1,F01,7,6,5,30,3,1,1,5,4,5,13,4,4,10,5,5,2,17,1,77,2,6,4,1,7,5,8,20,1,11,,80,,1,21,121.5216339,25.0230779
113,10,2,12,55,2,05中正區,中正區汀州路2段178巷與同安街73巷口口,0,0,1,2,B03,7,6,5,30,3,1,1,5,4,5,13,4,4,10,5,5,2,17,1,38,3,10,3,4,7,9,1,8,1,5,,44,,1,21,121.5216339,25.0230779
113,10,2,13,21,2,12內湖區,內湖區新湖二路與新湖二路259巷口,0,0,2,1,C03,6,6,5,50,4,1,1,4,4,5,13,4,4,5,4,5,2,15,1,31,2,9,5,1,7,9,1,10,1,12,,72,,1,21,121.5818517,25.0640087
113,10,2,13,21,2,12內湖區,內湖區新湖二路與新湖二路259巷口,0,0,2,2,B03,6,6,5,50,4,1,1,4,4,5,13,4,4,5,4,5,2,15,1,40,3,10,7,1,7,9,1,8,1,1,,14,,1,21,121.5818517,25.0640087
113,10,2,13,21,2,12內湖區,內湖區新湖二路與新湖二路259巷口,0,0,2,3,H02,6,6,5,50,4,1,1,4,4,5,13,4,4,5,4,5,2,15,2,24,2,9,5,5,7,21,8,20,10,16,,67,,1,21,121.5818517,25.0640087
113,10,2,13,23,2,04大安區,大安區安和路2段與樂利路口,0,0,1,1,C03,8,6,5,50,4,1,1,5,4,5,13,1,1,1,4,5,2,17,1,40,2,8,5,1,7,5,1,10,1,14,,74,,1,21,121.5507554,25.0289246
113,10,2,13,23,2,04大安區,大安區安和路2段與樂利路口,0,0,1,2,B03,8,6,5,50,4,1,1,5,4,5,13,1,1,1,4,5,2,17,1,55,3,10,7,1,7,9,1,8,1,7,,44,,1,21,121.5507554,25.0289246
113,10,2,13,50,2,08士林區,士林區延平北路5段87號,0,0,1,1,B01,7,5,6,50,14,9,1,5,4,5,13,4,4,1,4,5,1,13,1,71,3,10,7,1,7,9,6,18,2,1,,107,,1,21,121.5105112,25.08123849
113,10,2,13,50,2,08士林區,士林區延平北路5段87號,0,0,1,2,C03,7,5,6,50,14,9,1,5,4,5,13,4,4,1,4,5,1,13,2,33,2,8,5,1,7,14,1,10,2,13,,44,,1,21,121.5105112,25.08123849
113,10,2,14,8,2,12內湖區,內湖區新明路與南京東路6段368巷口,0,0,2,1,B03,6,6,5,50,3,1,1,4,4,5,13,2,1,5,4,5,2,17,1,29,3,10,7,1,7,5,1,8,1,8,,71,,1,21,121.5872126,25.05826767
113,10,2,14,8,2,12內湖區,內湖區新明路與南京東路6段368巷口,0,0,2,2,C03,6,6,5,50,3,1,1,4,4,5,13,2,1,5,4,5,2,17,1,26,2,9,5,1,7,9,1,10,1,14,,44,,1,21,121.5872126,25.05826767
113,10,2,14,8,2,12內湖區,內湖區新明路與南京東路6段368巷口,0,0,2,3,H02,6,6,5,50,3,1,1,4,4,5,13,2,1,5,4,5,2,17,2,26,2,9,5,5,7,20,8,20,10,17,,67,,1,21,121.5872126,25.05826767
113,10,2,14,30,2,08士林區,士林區延平北路7段防浚道路延平河濱316號電線杆,0,0,1,1,C03,7,7,5,30,11,9,1,5,4,5,13,4,4,10,4,5,1,17,1,19,2,8,5,1,7,9,1,10,2,11,,5,,1,21,121.4985397,25.09448341
113,10,2,14,30,2,08士林區,士林區延平北路7段防浚道路延平河濱316號電線杆,0,0,1,2,B03,7,7,5,30,11,9,1,5,4,5,13,4,4,10,4,5,1,17,1,32,3,10,7,1,7,9,1,8,2,8,,44,,1,21,121.4985397,25.09448341
113,10,2,14,39,2,05中正區,中正區羅斯福路3段與辛亥路1段口口,0,0,1,1,B03,6,6,5,50,4,1,1,4,4,5,13,1,1,1,4,5,1,17,1,62,3,10,7,1,7,6,1,8,2,2,,9,,1,21,121.5291387,25.0195243
113,10,2,14,39,2,05中正區,中正區羅斯福路3段與辛亥路1段口口,0,0,1,2,C03,6,6,5,50,4,1,1,4,4,5,13,1,1,1,4,5,1,17,2,25,2,1,6,1,7,9,1,10,2,14,,44,,1,21,121.5291387,25.0195243
113,10,2,14,57,2,02萬華區,萬華區萬大路與西藏路口,0,0,1,1,C03,6,7,5,30,4,2,1,4,4,5,13,2,1,3,2,4,2,13,2,21,2,9,6,1,7,9,1,10,1,11,,108,,1,21,121.5071822,25.03517942
113,10,2,14,57,2,02萬華區,萬華區萬大路與西藏路口,0,0,1,2,B01,6,7,5,30,4,2,1,4,4,5,13,2,1,3,2,4,2,13,1,56,3,10,7,1,7,15,1,4,1,3,,44,,1,21,121.5071822,25.03517942
113,10,2,15,30,2,03中山區,中山區建國北路2段與長春路口,0,0,1,1,B03,6,6,5,50,4,1,1,4,4,5,13,1,1,5,4,4,2,17,2,29,3,10,3,4,7,5,1,8,1,17,,71,,1,22,121.5370927,25.0547495
113,10,2,15,30,2,03中山區,中山區建國北路2段與長春路口,0,0,1,2,C03,6,6,5,50,4,1,1,4,4,5,13,1,1,5,4,4,2,17,1,33,2,9,6,1,7,9,1,10,1,17,,44,,1,22,121.5370927,25.0547495
113,10,2,17,18,2,09北投區,北投區承德路7段與承德路7段393巷口北往南,0,0,1,1,B01,8,5,5,60,4,2,1,4,1,5,13,1,1,9,4,5,1,17,2,51,3,10,7,1,7,8,1,4,1,17,,100,,1,21,121.5011939,25.1196168
113,10,2,17,18,2,09北投區,北投區承德路7段與承德路7段393巷口北往南,0,0,1,2,C03,8,5,5,60,4,2,1,4,1,5,13,1,1,9,4,5,1,17,1,41,2,8,5,1,7,9,1,10,1,17,,108,,1,21,121.5011939,25.1196168
113,10,2,19,25,2,07信義區,信義區忠孝東路4段560號,0,0,1,1,B01,6,5,5,50,14,9,1,4,4,5,13,4,4,1,3,5,2,17,1,49,3,10,3,4,7,7,1,4,9,17,,100,,2,21,121.5641447,25.0410836
113,10,2,19,25,2,07信義區,信義區忠孝東路4段560號,0,0,1,2,C03,6,5,5,50,14,9,1,4,4,5,13,4,4,1,3,5,2,17,2,46,2,9,5,1,7,9,1,10,2,14,,44,,1,22,121.5641447,25.0410836
113,10,2,19,47,2,05中正區,中正區汀州路3段與羅斯福路3段316巷口,0,0,1,1,B03,6,5,5,50,3,18,1,4,4,5,13,4,4,5,5,5,2,3,2,39,3,10,7,1,7,5,1,8,2,5,,70,,1,22,121.5320307,25.0153261
113,10,2,19,47,2,05中正區,中正區汀州路3段與羅斯福路3段316巷口,0,0,1,2,H01,6,5,5,50,3,18,1,4,4,5,13,4,4,5,5,5,2,3,1,24,2,1,4,5,8,16,8,20,10,16,,67,,1,22,121.5320307,25.0153261
113,10,2,19,48,2,01大同區,大同區酒泉街與酒泉街103巷口,0,0,4,1,C03,6,5,5,50,3,2,1,4,4,5,13,4,4,5,5,5,2,3,2,18,2,9,3,4,7,9,1,10,2,11,,70,,1,21,121.5149494,25.0720552
113,10,2,19,48,2,01大同區,大同區酒泉街與酒泉街103巷口,0,0,4,2,H01,6,5,5,50,3,2,1,4,4,5,13,4,4,5,5,5,2,3,1,34,2,9,4,5,8,20,8,20,10,16,,67,,1,21,121.5149494,25.0720552
113,10,2,19,48,2,01大同區,大同區酒泉街與酒泉街103巷口,0,0,4,3,H01,6,5,5,50,3,2,1,4,4,5,13,4,4,5,5,5,2,3,2,34,2,9,4,5,8,20,8,20,10,16,,67,,1,21,121.5149494,25.0720552
113,10,2,19,48,2,01大同區,大同區酒泉街與酒泉街103巷口,0,0,4,4,H02,6,5,5,50,3,2,1,4,4,5,13,4,4,5,5,5,2,3,2,17,2,9,3,5,7,21,8,20,10,16,,67,,1,21,121.5149494,25.0720552
113,10,2,21,5,2,03中山區,中山區吉林路與吉林路218巷口,0,0,1,1,B03,6,5,5,40,4,1,1,4,4,5,13,1,1,5,4,4,2,16,1,29,3,10,7,1,7,5,1,8,2,4,,8,,1,22,121.5302122,25.058949
113,10,2,21,5,2,03中山區,中山區吉林路與吉林路218巷口,0,0,1,2,C03,6,5,5,40,4,1,1,4,4,5,13,1,1,5,4,4,2,16,1,63,2,9,5,1,7,9,1,9,2,11,,44,,1,22,121.5302122,25.058949
113,10,2,22,50,2,09北投區,北投區承德路7段與公館路口,0,0,2,1,C03,6,5,5,60,4,1,1,4,4,5,13,1,1,10,5,5,2,13,1,18,2,9,5,1,7,9,1,10,1,11,,13,,1,21,121.5017018,25.1194568
113,10,2,22,50,2,09北投區,北投區承德路7段與公館路口,0,0,2,2,C03,6,5,5,60,4,1,1,4,4,5,13,1,1,10,5,5,2,13,1,31,2,9,5,1,7,5,1,10,1,13,,8,,1,21,121.5017018,25.1194568
113,10,3,3,38,2,10文山區,文山區水源快速道路南往北(基隆路高架匝道口),0,0,1,1,B12,6,5,5,60,10,9,1,4,4,5,13,4,4,10,3,5,2,35,1,38,2,9,3,4,7,15,1,8,2,4,,42,,1,26,121.5340879,25.00642527
113,10,3,3,38,2,10文山區,文山區水源快速道路南往北(基隆路高架匝道口),0,0,1,4,B03,6,5,5,60,10,9,1,4,4,5,13,4,4,10,3,5,2,35,1,48,3,10,7,1,7,9,1,8,2,1,,13,,1,21,121.5340879,25.00642527
113,10,3,3,38,2,10文山區,文山區水源快速道路南往北(基隆路高架匝道口),0,0,1,2,,6,5,5,60,10,9,1,4,4,5,13,4,4,10,3,5,2,35,3,0,,,,,,,,,,,,67,,1,,121.5340879,25.00642527
113,10,3,3,38,2,10文山區,文山區水源快速道路南往北(基隆路高架匝道口),0,0,1,3,,6,5,5,60,10,9,1,4,4,5,13,4,4,10,3,5,2,35,3,0,,,,,,,,,,,,67,,1,,121.5340879,25.00642527
113,10,3,4,49,2,04大安區,大安區敦化南路2段與和平東路3段口,0,0,1,1,B03,6,5,5,50,4,1,1,4,4,5,13,2,1,2,4,5,2,3,1,67,3,10,7,1,7,5,1,8,1,5,,70,,1,21,121.5489733,25.0247102
113,10,3,4,49,2,04大安區,大安區敦化南路2段與和平東路3段口,0,0,1,2,H01,6,5,5,50,4,1,1,4,4,5,13,2,1,2,4,5,2,3,2,79,2,5,4,5,8,16,8,20,10,16,,122,,1,21,121.5489733,25.0247102
113,10,3,11,18,2,02萬華區,萬華區康定路與峨眉街口,0,0,2,1,C03,6,6,5,50,4,1,1,4,4,5,13,2,1,5,5,5,2,17,1,49,2,9,5,1,7,9,6,18,1,14,,81,,1,21,121.5028616,25.0445053
113,10,3,11,18,2,02萬華區,萬華區康定路與峨眉街口,0,0,2,2,C03,6,6,5,50,4,1,1,4,4,5,13,2,1,5,5,5,2,17,2,28,2,9,6,1,7,9,1,10,1,11,,44,,1,21,121.5028616,25.0445053
113,10,3,13,39,2,05中正區,中正區重慶南路2段7巷與公園路口,0,0,1,1,B03,6,7,5,50,4,1,1,4,4,5,13,4,4,9,4,5,2,15,1,25,2,8,7,4,7,9,1,8,2,8,,44,,1,21,121.5149434,25.0342905
113,10,3,13,39,2,05中正區,中正區重慶南路2段7巷與公園路口,0,0,1,2,B01,6,7,5,50,4,1,1,4,4,5,13,4,4,9,4,5,2,15,1,69,3,10,7,4,7,9,1,4,2,5,,44,,1,21,121.5149434,25.0342905
113,10,3,13,39,2,05中正區,中正區重慶南路2段7巷與公園路口,0,0,1,3,H02,6,7,5,50,4,1,1,4,4,5,13,4,4,9,4,5,2,15,1,74,4,11,7,5,7,20,8,20,10,16,,67,,1,21,121.5149434,25.0342905
113,10,3,13,39,2,05中正區,中正區重慶南路2段7巷與公園路口,0,0,1,4,H02,6,7,5,50,4,1,1,4,4,5,13,4,4,9,4,5,2,15,1,48,4,11,7,5,7,20,8,20,10,16,,67,,1,21,121.5149434,25.0342905
113,10,3,13,39,2,05中正區,中正區重慶南路2段7巷與公園路口,0,0,1,5,H02,6,7,5,50,4,1,1,4,4,5,13,4,4,9,4,5,2,15,2,72,4,11,7,5,7,20,8,20,10,16,,67,,1,21,121.5149434,25.0342905
113,10,3,15,15,2,11南港區,南港區重陽路與重陽路235巷口,0,0,1,1,B02,6,6,5,50,4,1,1,4,4,5,13,1,1,5,3,5,2,16,1,55,3,10,3,1,7,5,1,8,1,4,,8,,1,21,121.6023742,25.0576353
113,10,3,15,15,2,11南港區,南港區重陽路與重陽路235巷口,0,0,1,2,C03,6,6,5,50,4,1,1,4,4,5,13,1,1,5,3,5,2,16,1,72,2,7,3,4,7,9,1,10,1,11,,44,,1,21,121.6023742,25.0576353
113,10,3,15,26,2,10文山區,文山區永安街與永安街22巷口,0,0,2,2,B03,6,6,5,30,4,1,1,4,4,5,13,4,4,10,5,5,2,15,1,61,3,10,7,1,7,9,1,8,1,7,,44,,1,21,121.5702363,24.9866394
113,10,3,15,26,2,10文山區,文山區永安街與永安街22巷口,0,0,2,1,B12,6,6,5,30,4,1,1,4,4,5,13,4,4,10,5,5,2,15,1,52,3,10,7,1,7,9,1,8,1,1,,72,,1,21,121.5702363,24.9866394
113,10,3,15,26,2,10文山區,文山區永安街與永安街22巷口,0,0,2,3,H02,6,6,5,30,4,1,1,4,4,5,13,4,4,10,5,5,2,15,2,52,2,9,7,5,7,20,8,20,10,16,,67,,1,21,121.5702363,24.9866394
113,10,3,15,26,2,10文山區,文山區永安街與永安街22巷口,0,0,2,4,H02,6,6,5,30,4,1,1,4,4,5,13,4,4,10,5,5,2,15,2,19,2,8,7,5,7,20,8,20,10,16,,67,,1,21,121.5702363,24.9866394
113,10,3,16,51,2,05中正區,中正區南昌路2段與同安街口口,0,0,1,1,C03,6,6,5,50,4,1,1,4,4,5,13,3,1,5,5,5,1,17,1,45,4,11,3,4,7,21,7,19,11,15,,42,,2,21,121.5225865,25.0254359