發生年度,發生月,發生日,發生時-Hours,發生分,處理別-編號,區序,肇事地點,死亡人數,2-30日死亡人數,受傷人數,當事人序號,車種,天候,道路照明設備,道路類別,速限-速度限制,道路型態,事故位置,路面狀況1,路面狀況2,路面狀況3,道路障礙1,道路障礙2,號誌1,號誌2,車道劃分-分向,車道劃分-分道1,車道劃分-分道2,車道劃分-分道3,事故類型及型態,性別,年齡,受傷程度,主要傷處,保護裝置,行動電話,車輛用途,當事者行動狀態,駕駛資格情形,駕駛執照種類,飲酒情形,車輛撞擊部位1,車輛撞擊部位2,肇因碼-個別,肇因碼-主要,個人肇逃否,職業,座標-X,座標-Y
113,10,3,16,51,2,05中正區,中正區南昌路2段與同安街口口,0,0,1,2,C03,6,6,5,50,4,1,1,4,4,5,13,3,1,5,5,5,1,17,2,52,2,8,6,1,7,1,1,10,2,12,,19,,1,21,121.5225865,25.0254359
113,10,3,16,51,2,05中正區,中正區南昌路2段與同安街口口,0,0,1,3,B03,6,6,5,50,4,1,1,4,4,5,13,3,1,5,5,5,1,17,1,41,3,10,3,1,7,13,1,8,1,3,,38,,1,21,121.5225865,25.0254359
113,10,3,17,24,2,01大同區,大同區錦西街38巷與錦西街口,0,0,2,1,C03,6,5,5,30,5,1,1,4,4,5,13,4,4,10,5,5,2,16,2,59,2,8,6,1,7,5,1,10,2,14,,72,,1,21,121.5202704,25.0603334
113,10,3,17,24,2,01大同區,大同區錦西街38巷與錦西街口,0,0,2,2,C03,6,5,5,30,5,1,1,4,4,5,13,4,4,10,5,5,2,16,1,27,2,7,6,1,7,9,1,10,2,11,,13,,1,21,121.5202704,25.0603334
113,10,3,18,9,2,04大安區,大安區辛亥路1段與泰順街口,0,0,1,1,B03,8,5,5,50,4,1,1,4,4,5,13,1,1,4,3,5,2,2,1,22,3,10,7,1,7,5,1,8,1,8,,70,,1,21,121.5319339,25.0216829
113,10,3,18,9,2,04大安區,大安區辛亥路1段與泰順街口,0,0,1,2,H01,8,5,5,50,4,1,1,4,4,5,13,1,1,4,3,5,2,2,1,28,2,9,4,5,8,16,8,20,10,16,,67,,1,21,121.5319339,25.0216829
113,10,4,0,24,2,03中山區,中山區市民大道1段與中山北路1段口,0,0,1,1,B03,6,5,5,50,5,1,1,4,4,5,13,1,1,1,4,1,2,17,1,42,3,10,7,1,7,6,1,8,2,6,,9,,1,21,121.5207009,25.0482462
113,10,4,0,24,2,03中山區,中山區市民大道1段與中山北路1段口,0,0,1,2,C03,6,5,5,50,5,1,1,4,4,5,13,1,1,1,4,1,2,17,1,30,2,9,5,1,7,9,1,10,2,11,,13,,1,21,121.5207009,25.0482462
113,10,4,6,40,2,06松山區,松山區饒河街與塔悠路口,0,0,1,1,C03,7,5,5,50,5,1,1,4,4,5,13,2,1,1,4,5,2,6,1,46,3,10,5,1,7,9,6,10,2,11,,44,,1,22,121.572372,25.0500599
113,10,4,6,40,2,06松山區,松山區饒河街與塔悠路口,0,0,1,2,H01,7,5,5,50,5,1,1,4,4,5,13,2,1,1,4,5,2,6,2,47,2,9,4,5,8,18,8,20,10,16,,122,,1,22,121.572372,25.0500599
113,10,4,7,0,2,07信義區,信義區基隆路1段與松壽路口,0,0,2,1,C03,7,7,5,50,4,1,1,5,4,5,13,2,1,10,5,5,2,17,2,57,2,8,5,1,7,15,1,10,1,12,,16,,1,21,121.5613178,25.0356678
113,10,4,7,0,2,07信義區,信義區基隆路1段與松壽路口,0,0,2,2,C03,7,7,5,50,4,1,1,5,4,5,13,2,1,10,5,5,2,17,1,43,2,8,5,1,7,15,1,10,1,14,,44,,1,21,121.5613178,25.0356678
113,10,4,7,26,2,07信義區,信義區中坡南路38號,0,0,1,1,B03,7,7,8,50,14,18,1,4,4,5,13,2,1,10,5,5,2,3,1,50,4,11,3,4,7,11,7,19,11,1,,119,,2,22,121.5834956,25.0428427
113,10,4,7,26,2,07信義區,信義區中坡南路38號,0,0,1,2,H01,7,7,8,50,14,18,1,4,4,5,13,2,1,10,5,5,2,3,1,52,2,8,4,5,8,16,8,20,10,16,,67,,1,21,121.5834956,25.0428427
113,10,4,7,28,2,04大安區,大安區和平東路2段134號,0,0,1,1,B03,7,6,5,50,14,9,1,4,4,5,13,4,4,1,4,5,2,17,2,63,3,10,3,4,7,1,1,8,1,3,,19,,2,22,121.5444499,25.0248042
113,10,4,7,28,2,04大安區,大安區和平東路2段134號,0,0,1,2,C03,7,6,5,50,14,9,1,4,4,5,13,4,4,1,4,5,2,17,1,35,2,9,6,4,7,9,1,9,1,17,,13,,1,21,121.5444499,25.0248042
113,10,4,7,35,2,07信義區,信義區吳興街118巷與吳興街118巷15弄口,0,0,1,1,C03,7,6,5,30,4,1,1,4,4,5,13,4,4,8,3,5,2,17,1,22,2,8,3,4,7,9,1,10,1,12,,72,,1,21,121.5607978,25.0298098
113,10,4,7,35,2,07信義區,信義區吳興街118巷與吳興街118巷15弄口,0,0,1,2,B03,7,6,5,30,4,1,1,4,4,5,13,4,4,8,3,5,2,17,1,46,3,10,3,4,7,9,1,8,1,1,,14,,1,21,121.5607978,25.0298098
113,10,4,7,37,2,10文山區,文山區興隆路2段與興隆路2段203巷口口,0,0,1,1,B03,7,6,5,50,4,1,1,4,4,5,13,1,1,1,4,5,2,16,2,40,3,10,7,1,7,11,1,8,1,1,,10,,1,21,121.5496973,25.0007915
113,10,4,7,37,2,10文山區,文山區興隆路2段與興隆路2段203巷口口,0,0,1,2,C03,7,6,5,50,4,1,1,4,4,5,13,1,1,1,4,5,2,16,1,63,2,9,6,1,7,9,1,10,1,14,,44,,1,21,121.5496973,25.0007915
113,10,4,7,37,2,11南港區,南港區昆陽街與昆陽街152巷口,0,0,1,1,C03,6,6,6,50,3,2,1,4,4,5,13,4,4,4,3,5,2,12,1,19,2,9,3,4,7,9,1,10,1,14,,108,,1,21,121.5941741,25.0488759
113,10,4,7,37,2,11南港區,南港區昆陽街與昆陽街152巷口,0,0,1,2,B03,6,6,6,50,3,2,1,4,4,5,13,4,4,4,3,5,2,12,1,37,3,10,3,4,7,9,1,8,1,2,,44,,1,21,121.5941741,25.0488759
113,10,4,7,43,2,11南港區,南港區忠孝東路7段與忠孝東路7段265巷口,0,0,3,2,C03,8,6,5,50,14,7,1,5,4,5,13,4,4,1,4,4,2,13,2,33,2,7,5,1,7,9,1,10,2,14,,44,,1,23,121.6033763,25.0517523
113,10,4,7,43,2,11南港區,南港區忠孝東路7段與忠孝東路7段265巷口,0,0,3,3,C03,8,6,5,50,14,7,1,5,4,5,13,4,4,1,4,4,2,13,1,60,2,8,5,1,7,9,1,10,2,11,,44,,1,22,121.6033763,25.0517523
113,10,4,7,43,2,11南港區,南港區忠孝東路7段與忠孝東路7段265巷口,0,0,3,1,C03,8,6,5,50,14,7,1,5,4,5,13,4,4,1,4,4,2,13,1,33,2,8,5,1,7,9,1,10,2,11,,16,,1,22,121.6033763,25.0517523
113,10,4,7,45,2,03中山區,中山區松江路與農安街口,0,0,1,1,B03,7,7,5,50,4,1,1,4,4,5,13,1,1,9,4,5,2,16,1,70,3,10,7,1,7,5,1,8,1,2,,80,,1,21,121.5331579,25.0647556
113,10,4,7,45,2,03中山區,中山區松江路與農安街口,0,0,1,2,C03,7,7,5,50,4,1,1,4,4,5,13,1,1,9,4,5,2,16,1,45,2,1,6,1,7,9,1,10,1,11,,42,,1,21,121.5331579,25.0647556
113,10,4,7,56,2,04大安區,大安區通化街與通化街19巷口,0,0,2,1,C03,7,6,5,50,4,18,1,5,4,5,13,4,4,9,5,5,2,3,1,29,2,7,5,4,7,9,1,10,1,11,,70,,1,21,121.5542395,25.0317333
113,10,4,7,56,2,04大安區,大安區通化街與通化街19巷口,0,0,2,2,H01,7,6,5,50,4,18,1,5,4,5,13,4,4,9,5,5,2,3,2,45,2,1,4,5,8,18,8,20,1,16,,67,,1,21,121.5542395,25.0317333
113,10,4,8,11,2,10文山區,文山區忠順街1段與忠順街1段9巷口,0,0,1,1,B03,6,6,5,30,3,1,1,4,4,5,10,2,1,10,5,5,2,16,1,33,3,10,7,1,7,5,1,8,1,1,,71,,1,21,121.5570642,24.9836164
113,10,4,8,11,2,10文山區,文山區忠順街1段與忠順街1段9巷口,0,0,1,2,C03,6,6,5,30,3,1,1,4,4,5,10,2,1,10,5,5,2,16,1,31,2,9,5,1,7,9,1,10,1,12,,13,,1,21,121.5570642,24.9836164
113,10,4,8,23,2,04大安區,大安區羅斯福路2段與羅斯福路2段117巷口,0,0,1,1,B03,7,6,5,50,3,2,1,4,4,5,13,2,1,1,4,5,2,16,2,47,3,10,3,4,7,6,1,8,1,2,,9,,1,22,121.5249457,25.0242349
113,10,4,8,23,2,04大安區,大安區羅斯福路2段與羅斯福路2段117巷口,0,0,1,2,F01,7,6,5,50,3,2,1,4,4,5,13,2,1,1,4,5,2,16,1,24,2,7,4,4,7,9,8,20,1,14,,44,,1,22,121.5249457,25.0242349
113,10,4,8,32,2,10文山區,文山區忠順街2段與木新路3段74巷口,0,0,1,1,C03,6,6,8,50,4,1,1,4,4,5,13,4,4,10,5,5,2,17,1,45,3,10,5,4,7,5,1,10,1,14,,8,,1,21,121.5628253,24.9846776
113,10,4,8,32,2,10文山區,文山區忠順街2段與木新路3段74巷口,0,0,1,2,C03,6,6,8,50,4,1,1,4,4,5,13,4,4,10,5,5,2,17,2,37,2,9,5,4,7,9,1,10,1,12,,42,,1,21,121.5628253,24.9846776
113,10,4,8,33,2,06松山區,松山區敦化南路1段100巷與敦化南路1段100巷3弄口,0,0,1,1,C03,8,7,5,30,4,1,1,5,4,5,13,4,4,9,4,5,2,16,2,31,2,9,5,1,7,9,1,10,1,11,,80,,1,22,121.5481371,25.04620683
113,10,4,8,33,2,06松山區,松山區敦化南路1段100巷與敦化南路1段100巷3弄口,0,0,1,2,B02,8,7,5,30,4,1,1,5,4,5,13,4,4,9,4,5,2,16,1,51,3,10,7,1,7,9,1,8,1,6,,80,,1,22,121.5481371,25.04620683
113,10,4,8,35,2,07信義區,信義區忠孝東路4段559巷與忠孝東路4段口,0,0,1,1,B03,7,7,5,50,3,1,1,4,4,5,13,4,4,10,4,5,2,17,2,62,3,10,7,1,7,15,1,8,1,3,,44,,1,21,121.5636718,25.04127
113,10,4,8,35,2,07信義區,信義區忠孝東路4段559巷與忠孝東路4段口,0,0,1,2,C03,7,7,5,50,3,1,1,4,4,5,13,4,4,10,4,5,2,17,2,22,2,9,5,1,7,15,1,10,1,11,,108,,1,21,121.5636718,25.04127
113,10,4,8,39,2,07信義區,信義區忠孝東路4段557號,0,0,1,1,C03,7,5,5,50,14,9,1,5,4,5,13,4,4,1,4,5,2,13,1,23,3,10,6,1,7,9,1,10,1,12,,16,,1,22,121.5634604,25.0412826
113,10,4,8,39,2,07信義區,信義區忠孝東路4段557號,0,0,1,2,C03,7,5,5,50,14,9,1,5,4,5,13,4,4,1,4,5,2,13,1,27,2,7,6,1,7,10,1,10,1,14,,44,,1,22,121.5634604,25.0412826
113,10,4,8,51,2,11南港區,南港區興南街與東明街口,0,0,1,1,C03,6,6,5,50,3,1,1,4,4,5,13,2,1,1,3,5,2,16,1,33,2,8,3,4,7,5,1,10,1,14,,72,,1,21,121.5992771,25.0551865
113,10,4,8,51,2,11南港區,南港區興南街與東明街口,0,0,1,2,B12,6,6,5,50,3,1,1,4,4,5,13,2,1,1,3,5,2,16,1,47,3,10,3,4,7,9,1,8,1,1,,13,,1,21,121.5992771,25.0551865
113,10,4,8,58,2,12內湖區,內湖區洲子街118號,0,0,1,1,B03,7,7,5,50,14,9,1,4,4,5,13,4,4,9,5,5,2,17,1,36,3,10,7,1,7,6,1,8,1,17,,9,,1,21,121.5689456,25.080865
113,10,4,8,58,2,12內湖區,內湖區洲子街118號,0,0,1,2,C03,7,7,5,50,14,9,1,4,4,5,13,4,4,9,5,5,2,17,1,33,2,9,5,1,7,9,1,10,1,14,,44,,1,21,121.5689456,25.080865
113,10,4,8,59,2,04大安區,大安區忠孝東路3段與新生南路1段口,0,0,1,1,B12,7,5,5,50,4,2,1,5,4,5,13,2,1,1,4,5,1,12,1,49,3,10,7,1,7,7,1,8,1,4,,100,,1,21,121.532969,25.0420759
113,10,4,8,59,2,04大安區,大安區忠孝東路3段與新生南路1段口,0,0,1,2,C03,7,5,5,50,4,2,1,5,4,5,13,2,1,1,4,5,1,12,1,25,2,9,6,1,7,9,1,10,1,12,,44,,1,21,121.532969,25.0420759
113,10,4,9,5,2,04大安區,大安區辛亥路3段157巷與辛亥路3段157巷24弄口,0,0,1,1,B02,7,6,5,50,3,1,1,4,4,5,13,4,4,5,5,5,2,16,1,21,3,10,3,4,7,6,1,8,1,5,,9,,1,22,121.5503784,25.0180799
113,10,4,9,5,2,04大安區,大安區辛亥路3段157巷與辛亥路3段157巷24弄口,0,0,1,2,C03,7,6,5,50,3,1,1,4,4,5,13,4,4,5,5,5,2,16,2,32,2,9,6,4,7,9,1,10,1,14,,44,,1,22,121.5503784,25.0180799
113,10,4,9,10,2,03中山區,中山區新生北路2段96號,0,0,2,1,C03,7,5,5,50,14,9,1,5,4,5,13,4,4,1,4,5,2,17,1,34,2,9,3,4,7,9,1,10,1,13,,42,,1,21,121.5274541,25.05915039
113,10,4,9,10,2,03中山區,中山區新生北路2段96號,0,0,2,2,C03,7,5,5,50,14,9,1,5,4,5,13,4,4,1,4,5,2,17,2,41,2,9,3,4,7,9,1,11,1,11,,44,,1,21,121.5274541,25.05915039
113,10,4,9,17,2,05中正區,中正區和平西路1段與牯嶺街口口,0,0,1,1,A02,7,6,5,50,4,1,1,4,4,5,13,1,1,1,4,5,1,17,1,53,3,10,7,1,7,9,1,2,2,7,,44,,1,21,121.5192811,25.0262924
113,10,4,9,17,2,05中正區,中正區和平西路1段與牯嶺街口口,0,0,1,2,C03,7,6,5,50,4,1,1,4,4,5,13,1,1,1,4,5,1,17,2,60,2,1,6,1,7,9,1,10,2,12,,108,,1,21,121.5192811,25.0262924
113,10,4,9,55,2,03中山區,中山區建國北路1段與朱崙街口迴轉道,0,0,2,1,C03,7,6,5,50,3,1,1,5,4,5,13,1,1,1,4,5,2,12,1,70,2,9,6,1,7,7,1,10,1,14,,101,,1,21,121.5369641,25.04953599
113,10,4,9,55,2,03中山區,中山區建國北路1段與朱崙街口迴轉道,0,0,2,2,B03,7,6,5,50,3,1,1,5,4,5,13,1,1,1,4,5,2,12,1,49,3,10,7,1,7,9,1,8,1,2,,44,,1,21,121.5369641,25.04953599
113,10,4,9,55,2,03中山區,中山區建國北路1段與朱崙街口迴轉道,0,0,2,3,H02,7,6,5,50,3,1,1,5,4,5,13,1,1,1,4,5,2,12,2,68,2,9,6,5,7,20,8,20,10,16,,67,,1,21,121.5369641,25.04953599
113,10,4,10,0,2,04大安區,大安區忠孝東路3段193巷與忠孝東路3段217巷7弄口口,0,0,1,1,B03,7,6,5,30,3,1,1,5,4,5,13,4,4,10,5,5,2,17,1,45,3,10,7,1,7,5,1,7,1,8,,118,,1,22,121.538332,25.043797
113,10,4,10,0,2,04大安區,大安區忠孝東路3段193巷與忠孝東路3段217巷7弄口口,0,0,1,2,C03,7,6,5,30,3,1,1,5,4,5,13,4,4,10,5,5,2,17,1,18,2,9,5,1,7,9,3,18,1,12,,118,,1,22,121.538332,25.043797
113,10,4,11,0,2,09北投區,北投區立農街2段與義理街口,0,0,1,1,C03,7,7,6,50,4,1,1,5,4,5,13,4,4,5,5,5,2,16,1,53,3,10,3,4,7,5,1,10,2,11,,8,,1,22,121.5162867,25.1185881
113,10,4,11,0,2,09北投區,北投區立農街2段與義理街口,0,0,1,2,C03,7,7,6,50,4,1,1,5,4,5,13,4,4,5,5,5,2,16,2,23,2,9,3,4,7,9,1,10,2,14,,44,,1,22,121.5162867,25.1185881
113,10,4,11,5,2,06松山區,松山區延壽街與延壽街72巷口口,0,0,1,1,F01,6,7,5,30,3,2,1,4,4,5,13,4,4,5,5,5,2,17,1,65,2,9,4,1,7,6,8,20,1,14,,72,,1,21,121.5655766,25.0570286
113,10,4,11,5,2,06松山區,松山區延壽街與延壽街72巷口口,0,0,1,2,B03,6,7,5,30,3,2,1,4,4,5,13,4,4,5,5,5,2,17,1,68,3,10,7,1,7,9,1,8,1,2,,108,,1,21,121.5655766,25.0570286
113,10,4,11,27,2,09北投區,北投區西安街2段與公館路口北往南,0,0,1,1,B03,8,5,5,50,4,2,1,5,4,5,13,1,1,9,4,5,1,12,1,74,3,10,7,1,7,9,1,8,1,5,,118,,1,21,121.5028945,25.1213907
113,10,4,11,27,2,09北投區,北投區西安街2段與公館路口北往南,0,0,1,2,C03,8,5,5,50,4,2,1,5,4,5,13,1,1,9,4,5,1,12,1,59,2,8,5,1,7,9,1,10,1,13,,44,,1,21,121.5028945,25.1213907
113,10,4,11,35,2,04大安區,大安區和平東路2段與復興南路2段口口,0,0,1,1,C03,6,6,5,50,4,1,1,4,4,5,13,2,1,1,4,5,2,17,1,34,3,10,5,1,7,8,1,9,1,13,,100,,1,22,121.5433102,25.024976
113,10,4,11,35,2,04大安區,大安區和平東路2段與復興南路2段口口,0,0,1,2,C03,6,6,5,50,4,1,1,4,4,5,13,2,1,1,4,5,2,17,2,53,2,8,5,1,7,9,1,10,1,11,,44,,1,22,121.5433102,25.024976
113,10,4,11,59,2,01大同區,大同區民族西路與重慶北路3段口,0,0,1,1,C03,6,6,5,50,5,1,1,4,4,5,13,1,1,5,5,5,2,15,1,23,3,10,6,1,7,9,1,10,2,11,,81,,1,21,121.5136147,25.0686469
113,10,4,11,59,2,01大同區,大同區民族西路與重慶北路3段口,0,0,1,2,C03,6,6,5,50,5,1,1,4,4,5,13,1,1,5,5,5,2,15,1,30,2,9,6,1,7,9,1,10,2,11,,44,,1,21,121.5136147,25.0686469
113,10,4,12,0,2,12內湖區,內湖區內湖路3段與金龍路口,0,0,1,1,B03,6,5,5,50,4,1,1,4,4,5,13,2,1,5,4,5,2,16,1,33,3,10,7,1,7,5,1,8,1,4,,8,,1,21,121.5932436,25.0846742
113,10,4,12,0,2,12內湖區,內湖區內湖路3段與金龍路口,0,0,1,2,C03,6,5,5,50,4,1,1,4,4,5,13,2,1,5,4,5,2,16,2,62,2,8,5,1,7,9,1,10,1,12,,44,,1,21,121.5932436,25.0846742
113,10,4,12,24,2,04大安區,大安區忠孝東路3段與建國南路1段口口,0,0,1,1,B03,7,6,5,50,4,2,1,5,4,5,13,2,1,1,4,4,2,6,1,39,3,10,7,1,7,6,1,8,1,5,,44,,1,22,121.5369382,25.041464
113,10,4,12,24,2,04大安區,大安區忠孝東路3段與建國南路1段口口,0,0,1,2,H01,7,6,5,50,4,2,1,5,4,5,13,2,1,1,4,4,2,6,1,68,2,7,4,5,8,18,8,20,10,16,,121,,1,22,121.5369382,25.041464
113,10,4,12,38,2,12內湖區,內湖區舊宗路2段與民權東路6段11巷口,0,0,1,1,B02,6,5,5,50,3,1,1,4,4,5,13,1,1,1,4,5,2,16,2,59,3,10,7,1,7,6,1,8,1,2,,9,,1,21,121.5753956,25.0673141
113,10,4,12,38,2,12內湖區,內湖區舊宗路2段與民權東路6段11巷口,0,0,1,2,C03,6,5,5,50,3,1,1,4,4,5,13,1,1,1,4,5,2,16,1,51,2,9,5,1,7,9,1,10,1,14,,44,,1,21,121.5753956,25.0673141
113,10,4,12,41,2,02萬華區,萬華區萬大路與萬大路186巷口,0,0,1,1,C03,7,6,5,30,4,1,1,4,4,5,13,2,1,1,4,5,1,17,2,58,2,9,3,4,7,5,1,10,1,12,,98,,1,22,121.5004403,25.0278376
113,10,4,12,41,2,02萬華區,萬華區萬大路與萬大路186巷口,0,0,1,2,B03,7,6,5,30,4,1,1,4,4,5,13,2,1,1,4,5,1,17,1,45,3,10,3,4,7,9,1,8,1,1,,13,,1,22,121.5004403,25.0278376
113,10,4,13,15,2,04大安區,大安區敦化南路2段206號,0,0,1,1,B03,6,5,5,0,22,20,4,4,4,5,13,4,4,10,5,5,2,7,2,40,3,10,7,1,7,2,1,8,1,3,,12,,1,21,121.5484048,25.0231782
113,10,4,13,15,2,04大安區,大安區敦化南路2段206號,0,0,1,2,H01,6,5,5,0,22,20,4,4,4,5,13,4,4,10,5,5,2,7,2,31,2,7,4,5,8,16,8,20,1,16,,67,,1,21,121.5484048,25.0231782
113,10,4,13,42,2,02萬華區,萬華區環河南路1段187號,0,0,1,1,C03,6,7,5,50,11,9,1,4,4,3,13,4,4,9,5,5,2,12,1,26,3,10,5,1,7,1,1,10,1,11,,19,,1,21,121.498307,25.0404939
113,10,4,13,42,2,02萬華區,萬華區環河南路1段187號,0,0,1,2,C03,6,7,5,50,11,9,1,4,4,3,13,4,4,9,5,5,2,12,2,35,2,9,5,1,7,9,1,10,1,11,,44,,1,21,121.498307,25.0404939
113,10,4,13,51,2,08士林區,士林區格致路235號,0,0,1,1,C03,6,7,5,40,11,9,1,4,4,5,13,4,4,4,5,5,2,18,1,71,2,3,6,1,7,9,1,10,1,12,,13,,1,21,121.5489004,25.14385046
113,10,4,13,51,2,08士林區,士林區格致路235號,0,0,1,2,,6,7,5,40,11,9,1,4,4,5,13,4,4,4,5,5,2,18,3,,,,,,,,,,,,,67,,1,,121.5489004,25.14385046
113,10,4,14,31,2,08士林區,士林區中山北路4段與通河街口,0,0,1,1,B01,7,6,5,50,3,2,1,4,4,5,13,2,1,2,4,5,1,17,1,59,3,10,7,1,7,6,1,4,1,8,,101,,1,21,121.5243199,25.0798482
113,10,4,14,31,2,08士林區,士林區中山北路4段與通河街口,0,0,1,2,C03,7,6,5,50,3,2,1,4,4,5,13,2,1,2,4,5,1,17,1,27,2,7,6,1,7,11,1,10,1,12,,101,,1,21,121.5243199,25.0798482
113,10,4,14,58,2,07信義區,信義區松壽路北側附近,0,0,1,1,B03,6,6,5,50,14,9,1,4,4,5,13,4,4,5,4,5,2,11,1,58,3,10,7,1,7,5,1,3,1,5,,8,,1,21,121.5650191,25.0359472
113,10,4,14,58,2,07信義區,信義區松壽路北側附近,0,0,1,2,C03,6,6,5,50,14,9,1,4,4,5,13,4,4,5,4,5,2,11,2,27,2,5,5,1,7,9,1,10,1,11,,16,,1,21,121.5650191,25.0359472
113,10,4,15,25,2,03中山區,中山區民權東路2段69號前,0,0,1,1,C03,6,5,5,50,14,9,1,4,4,5,13,4,4,1,4,5,2,13,1,27,2,9,3,4,7,9,1,10,1,11,,16,,1,21,121.5314582,25.0626194
113,10,4,15,25,2,03中山區,中山區民權東路2段69號前,0,0,1,2,B03,6,5,5,50,14,9,1,4,4,5,13,4,4,1,4,5,2,13,2,48,3,10,3,4,7,12,1,8,1,3,,44,,1,21,121.5314582,25.0626194
113,10,4,15,36,2,03中山區,中山區北安路608巷4弄與北安路608巷14弄口,0,0,1,1,B03,6,7,5,50,3,1,1,4,4,5,13,4,4,5,5,5,2,17,1,30,3,10,7,1,7,1,1,8,1,17,,19,,1,22,121.5503305,25.0815544
113,10,4,15,36,2,03中山區,中山區北安路608巷4弄與北安路608巷14弄口,0,0,1,2,C03,6,7,5,50,3,1,1,4,4,5,13,4,4,5,5,5,2,17,1,40,2,9,5,1,7,9,1,10,1,14,,44,,1,22,121.5503305,25.0815544
113,10,4,15,42,2,01大同區,大同區迪化街2段268巷與迪化街2段口,0,0,2,1,C03,6,6,5,30,4,2,1,4,4,5,13,4,4,5,5,5,2,15,1,52,2,7,5,1,7,9,1,10,2,11,,72,,1,21,121.511649,25.0705556
113,10,4,15,42,2,01大同區,大同區迪化街2段268巷與迪化街2段口,0,0,2,2,C03,6,6,5,30,4,2,1,4,4,5,13,4,4,5,5,5,2,15,1,35,2,8,6,1,7,9,1,10,2,14,,13,,1,21,121.511649,25.0705556
113,10,4,15,55,2,08士林區,士林區福林路與至善路1段口,0,0,1,1,B01,6,5,5,50,11,9,1,4,4,5,13,4,4,1,4,5,2,17,1,63,3,10,3,4,7,9,1,4,1,4,,80,,1,22,121.5376978,25.09800014
113,10,4,15,55,2,08士林區,士林區福林路與至善路1段口,0,0,1,2,C03,6,5,5,50,11,9,1,4,4,5,13,4,4,1,4,5,2,17,2,32,2,7,3,4,7,9,1,10,1,12,,44,,1,22,121.5376978,25.09800014
113,10,4,17,0,2,11南港區,南港區大坑街與舊莊街1段145巷口口,0,0,1,1,B03,6,6,5,40,4,1,1,4,4,5,13,1,1,5,4,5,2,16,1,39,3,10,7,1,7,5,1,8,1,5,,71,,1,21,121.6207803,25.0411286
113,10,4,17,0,2,11南港區,南港區大坑街與舊莊街1段145巷口口,0,0,1,2,C03,6,6,5,40,4,1,1,4,4,5,13,1,1,5,4,5,2,16,1,27,2,9,6,1,7,9,1,10,1,14,,44,,1,21,121.6207803,25.0411286
113,10,4,17,35,2,03中山區,中山區民生東路1段與民生東路1段61巷口,0,0,1,1,B03,6,5,5,50,4,2,1,4,4,5,13,4,4,5,4,5,2,16,2,51,3,10,7,1,7,8,1,8,1,5,,100,,1,22,121.5265214,25.0581253
113,10,4,17,35,2,03中山區,中山區民生東路1段與民生東路1段61巷口,0,0,1,2,C03,6,5,5,50,4,2,1,4,4,5,13,4,4,5,4,5,2,16,1,42,2,9,5,1,7,9,1,10,1,14,,44,,1,22,121.5265214,25.0581253
113,10,4,17,50,2,03中山區,中山區市民大道2段與林森北路口,0,0,2,1,C03,6,5,5,50,4,2,1,4,4,5,13,1,1,1,4,5,2,12,2,46,2,7,5,1,7,7,1,10,2,12,,100,,1,21,121.5245533,25.0478508
113,10,4,17,50,2,03中山區,中山區市民大道2段與林森北路口,0,0,2,2,C03,6,5,5,50,4,2,1,4,4,5,13,1,1,1,4,5,2,12,1,23,2,7,5,1,7,9,1,10,2,11,,44,,1,21,121.5245533,25.0478508
113,10,4,17,54,2,01大同區,大同區承德路3段與民族西路口,0,0,1,1,B03,6,5,5,50,4,18,1,4,4,5,13,1,1,5,4,5,2,2,1,40,3,10,7,1,7,5,1,8,2,1,,70,,1,21,121.5183364,25.068408
113,10,4,17,54,2,01大同區,大同區承德路3段與民族西路口,0,0,1,2,H01,6,5,5,50,4,18,1,4,4,5,13,1,1,5,4,5,2,2,2,72,2,9,4,5,8,16,8,20,10,16,,67,,1,21,121.5183364,25.068408
113,10,4,17,58,2,07信義區,信義區忠孝東路5段215巷與忠孝東路5段165巷3弄口,0,0,1,1,C03,6,5,5,50,4,2,1,4,4,5,13,4,4,9,5,4,2,17,1,35,2,8,3,4,7,8,1,10,9,17,,44,,1,21,121.5701576,25.041591
113,10,4,17,58,2,07信義區,信義區忠孝東路5段215巷與忠孝東路5段165巷3弄口,0,0,1,2,B03,6,5,5,50,4,2,1,4,4,5,13,4,4,9,5,4,2,17,1,48,3,10,3,4,7,14,1,8,9,17,,44,,1,21,121.5701576,25.041591
113,10,4,17,58,2,07信義區,信義區忠孝東路5段215巷與忠孝東路5段165巷3弄口,0,0,1,3,C03,6,5,5,50,4,2,1,4,4,5,13,4,4,9,5,4,2,17,1,42,3,10,3,4,7,5,1,10,9,17,,44,,1,21,121.5701576,25.041591
113,10,4,18,27,2,07信義區,信義區東興路65號對面,0,0,1,1,A04,6,5,8,50,22,22,1,4,4,5,13,4,4,1,4,5,2,17,1,52,3,10,7,1,7,9,1,2,1,17,,100,,1,21,121.5658062,25.047712
113,10,4,18,27,2,07信義區,信義區東興路65號對面,0,0,1,2,F02,6,5,8,50,22,22,1,4,4,5,13,4,4,1,4,5,2,17,2,23,2,7,2,1,7,9,8,20,1,17,,44,,1,21,121.5658062,25.047712
113,10,4,18,30,2,06松山區,松山區民權東路4段與光復北路口,0,0,1,1,B03,6,5,5,50,4,1,1,4,4,5,13,1,1,1,4,4,1,17,1,39,3,10,7,1,7,6,1,8,1,17,,9,,1,21,121.5546248,25.0620416
113,10,4,18,30,2,06松山區,松山區民權東路4段與光復北路口,0,0,1,2,C03,6,5,5,50,4,1,1,4,4,5,13,1,1,1,4,4,1,17,1,30,2,9,5,1,7,6,1,10,1,14,,27,,1,21,121.5546248,25.0620416