發生年度,發生月,發生日,發生時-Hours,發生分,處理別-編號,區序,肇事地點,死亡人數,2-30日死亡人數,受傷人數,當事人序號,車種,天候,道路照明設備,道路類別,速限-速度限制,道路型態,事故位置,路面狀況1,路面狀況2,路面狀況3,道路障礙1,道路障礙2,號誌1,號誌2,車道劃分-分向,車道劃分-分道1,車道劃分-分道2,車道劃分-分道3,事故類型及型態,性別,年齡,受傷程度,主要傷處,保護裝置,行動電話,車輛用途,當事者行動狀態,駕駛資格情形,駕駛執照種類,飲酒情形,車輛撞擊部位1,車輛撞擊部位2,肇因碼-個別,肇因碼-主要,個人肇逃否,職業,座標-X,座標-Y
113,10,4,18,37,2,08士林區,士林區中山北路6段與福林橋口,0,0,1,1,B03,6,5,5,50,3,2,1,4,4,5,13,1,1,3,4,5,2,17,2,38,3,10,7,1,7,15,1,8,2,2,,100,,1,22,121.5254429,25.1024726
113,10,4,18,37,2,08士林區,士林區中山北路6段與福林橋口,0,0,1,2,C03,6,5,5,50,3,2,1,4,4,5,13,1,1,3,4,5,2,17,1,19,2,9,6,1,7,9,1,10,2,15,,44,,1,22,121.5254429,25.1024726
113,10,4,18,38,2,08士林區,士林區至誠路2段與至誠路2段92巷口,0,0,2,1,C03,6,5,5,50,3,18,1,4,4,5,13,4,4,5,5,5,2,3,1,41,2,9,6,1,7,9,1,10,1,14,,70,,1,26,121.527777,25.1014212
113,10,4,18,38,2,08士林區,士林區至誠路2段與至誠路2段92巷口,0,0,2,2,H01,6,5,5,50,3,18,1,4,4,5,13,4,4,5,5,5,2,3,2,82,2,8,4,5,8,16,8,20,10,16,,67,,1,21,121.527777,25.1014212
113,10,4,18,52,2,04大安區,大安區和平東路3段51號,0,0,1,1,C03,6,5,5,50,14,9,1,4,4,5,13,4,4,1,4,5,2,13,1,70,2,7,5,1,7,10,1,10,1,11,,100,,1,22,121.547937,25.0246842
113,10,4,18,52,2,04大安區,大安區和平東路3段51號,0,0,1,2,B03,6,5,5,50,14,9,1,4,4,5,13,4,4,1,4,5,2,13,1,29,3,10,7,1,7,12,1,8,1,6,,44,,1,22,121.547937,25.0246842
113,10,4,19,2,2,02萬華區,萬華區中華路1段與貴陽街2段口,0,0,1,2,C03,6,5,5,50,4,1,1,4,4,5,13,2,1,3,4,1,2,17,1,64,2,8,6,1,7,9,1,10,1,17,,44,,1,21,121.5073202,25.03930996
113,10,4,19,2,2,02萬華區,萬華區中華路1段與貴陽街2段口,0,0,1,1,B01,6,5,5,50,4,1,1,4,4,5,13,2,1,3,4,1,2,17,1,59,3,10,2,1,7,8,1,4,9,17,,44,,1,21,121.5073202,25.03930996
113,10,4,19,5,2,11南港區,南港區忠孝東路7段與中南街口,0,0,1,1,B03,6,5,5,50,4,1,1,4,4,5,13,1,1,1,4,5,2,11,1,36,3,10,3,4,7,9,1,8,2,2,,44,,1,21,121.6151528,25.0529969
113,10,4,19,5,2,11南港區,南港區忠孝東路7段與中南街口,0,0,1,2,C03,6,5,5,50,4,1,1,4,4,5,13,1,1,1,4,5,2,11,1,26,2,9,6,4,7,7,1,10,2,14,,100,,1,21,121.6151528,25.0529969
113,10,4,19,8,2,07信義區,信義區信義路6段115號,0,0,1,1,A04,8,5,5,50,14,9,1,4,4,5,13,1,1,9,4,5,2,11,1,44,3,10,3,4,7,9,1,2,2,2,,44,,1,21,121.5784636,25.0362836
113,10,4,19,8,2,07信義區,信義區信義路6段115號,0,0,1,2,C04,8,5,5,50,14,9,1,4,4,5,13,1,1,9,4,5,2,11,2,61,2,9,5,1,7,7,1,11,2,14,,100,,1,22,121.5784636,25.0362836
113,10,4,19,15,2,10文山區,文山區木柵路4段與木柵路4段111巷口口,0,0,1,1,B13,6,5,5,50,3,4,1,4,4,5,13,2,1,5,4,5,2,13,1,31,3,10,7,2,7,9,1,8,2,1,,108,,1,21,121.5741449,24.9978689
113,10,4,19,15,2,10文山區,文山區木柵路4段與木柵路4段111巷口口,0,0,1,2,C03,6,5,5,50,3,4,1,4,4,5,13,2,1,5,4,5,2,13,2,26,2,8,5,1,7,14,1,10,2,13,,44,,1,21,121.5741449,24.9978689
113,10,4,19,16,2,06松山區,松山區南京東路4段東向西(燈桿0201772),0,0,1,1,C03,6,5,5,50,14,9,1,4,4,5,13,4,4,1,4,4,2,13,1,27,2,8,6,4,7,8,1,10,1,11,,16,,1,21,121.5521381,25.05176135
113,10,4,19,16,2,06松山區,松山區南京東路4段東向西(燈桿0201772),0,0,1,2,B03,6,5,5,50,14,9,1,4,4,5,13,4,4,1,4,4,2,13,1,48,3,10,7,4,7,9,1,8,1,6,,44,,1,21,121.5521381,25.05176135
113,10,4,19,28,2,02萬華區,萬華區開封街2段與漢口街2段109巷口,0,0,1,1,B03,7,5,5,30,3,1,1,4,4,5,13,4,4,10,5,5,2,16,2,46,3,10,3,4,7,5,1,8,1,2,,72,,1,22,121.5045729,25.0471454
113,10,4,19,28,2,02萬華區,萬華區開封街2段與漢口街2段109巷口,0,0,1,2,C03,7,5,5,30,3,1,1,4,4,5,13,4,4,10,5,5,2,16,1,50,2,9,5,4,7,9,1,10,1,12,,44,,1,22,121.5045729,25.0471454
113,10,4,19,47,2,10文山區,文山區萬壽路與秀明路2段口,0,0,1,1,B03,6,5,6,40,3,2,1,4,4,5,13,1,1,5,5,5,2,13,1,32,3,10,7,1,7,9,1,8,1,1,,108,,1,21,121.5772458,24.9887306
113,10,4,19,47,2,10文山區,文山區萬壽路與秀明路2段口,0,0,1,2,C03,6,5,6,40,3,2,1,4,4,5,13,1,1,5,5,5,2,13,2,31,2,9,6,1,7,14,1,10,1,13,,44,,1,21,121.5772458,24.9887306
113,10,4,19,57,2,05中正區,中正區重慶南路1段與寶慶路口,0,0,1,1,B01,6,5,5,50,4,1,1,4,4,5,13,1,1,5,4,5,2,2,1,70,3,10,7,1,7,5,6,4,2,1,,70,,1,21,121.5130818,25.0411832
113,10,4,19,57,2,05中正區,中正區重慶南路1段與寶慶路口,0,0,1,2,H01,6,5,5,50,4,1,1,4,4,5,13,1,1,5,4,5,2,2,2,43,2,9,4,5,8,16,8,20,10,16,,67,,1,21,121.5130818,25.0411832
113,10,4,22,53,2,07信義區,信義區基隆路2段149-17號,0,0,1,1,C03,6,5,5,50,14,9,1,4,4,5,13,4,4,1,4,5,2,13,1,20,2,9,3,4,7,9,1,10,2,11,,16,,1,21,121.5551515,25.0266044
113,10,4,22,53,2,07信義區,信義區基隆路2段149-17號,0,0,1,2,B01,6,5,5,50,14,9,1,4,4,5,13,4,4,1,4,5,2,13,1,42,3,10,3,4,7,9,1,4,2,3,,44,,1,21,121.5551515,25.0266044
113,10,4,23,30,2,12內湖區,內湖區民權東路6段56巷與民權東路6段56巷1弄口,0,0,1,1,B03,7,5,5,50,4,1,1,4,4,5,13,4,4,4,3,5,1,17,1,29,3,10,7,1,7,11,1,8,2,17,,10,,1,21,121.5841383,25.0689249
113,10,4,23,30,2,12內湖區,內湖區民權東路6段56巷與民權東路6段56巷1弄口,0,0,1,2,C03,7,5,5,50,4,1,1,4,4,5,13,4,4,4,3,5,1,17,1,32,2,9,6,1,7,9,1,10,2,14,,44,,1,21,121.5841383,25.0689249
113,10,5,0,1,2,05中正區,中正區羅斯福路4段與羅斯福路4段196巷口,0,0,1,1,B01,7,5,5,50,3,1,1,4,4,5,13,4,4,1,4,5,2,16,1,64,3,10,7,1,7,6,1,4,1,17,,9,,1,21,121.5365845,25.0119101
113,10,5,0,1,2,05中正區,中正區羅斯福路4段與羅斯福路4段196巷口,0,0,1,2,C03,7,5,5,50,3,1,1,4,4,5,13,4,4,1,4,5,2,16,1,19,2,9,5,1,7,9,1,10,1,17,,14,,1,21,121.5365845,25.0119101
113,10,5,8,5,2,12內湖區,內湖區民權東路6段131號,0,0,1,1,C03,6,6,5,50,14,9,1,4,4,5,13,4,4,1,4,5,2,11,2,63,2,9,5,1,7,10,1,10,1,15,,100,,1,21,121.5935708,25.06893079
113,10,5,8,5,2,12內湖區,內湖區民權東路6段131號,0,0,1,2,B11,6,6,5,50,14,9,1,4,4,5,13,4,4,1,4,5,2,11,1,32,3,10,7,1,7,9,1,4,1,2,,44,,1,21,121.5935708,25.06893079
113,10,5,8,11,2,06松山區,松山區復興北路與復興北路口31號加油站出入口,0,0,3,1,C03,7,5,6,50,3,1,1,5,4,5,13,4,4,9,4,5,2,17,1,30,2,8,6,1,7,6,1,10,1,12,,9,,1,21,121.5440736,25.04952414
113,10,5,8,11,2,06松山區,松山區復興北路與復興北路口31號加油站出入口,0,0,3,2,C03,7,5,6,50,3,1,1,5,4,5,13,4,4,9,4,5,2,17,1,21,2,7,6,1,7,9,1,10,1,12,,44,,1,21,121.5440736,25.04952414
113,10,5,8,11,2,06松山區,松山區復興北路與復興北路口31號加油站出入口,0,0,3,3,H01,7,5,6,50,3,1,1,5,4,5,13,4,4,9,4,5,2,17,1,63,2,8,4,5,8,16,8,20,10,16,,67,,1,21,121.5440736,25.04952414
113,10,5,8,33,2,04大安區,大安區信義路4段186巷與安和路2段32巷口,0,0,1,1,B01,7,5,5,30,4,2,1,4,4,5,13,4,4,4,3,5,2,17,1,68,3,10,7,1,7,9,1,4,1,17,,14,,1,22,121.5515863,25.0317567
113,10,5,8,33,2,04大安區,大安區信義路4段186巷與安和路2段32巷口,0,0,1,2,C03,7,5,5,30,4,2,1,4,4,5,13,4,4,4,3,5,2,17,2,28,2,9,5,1,7,9,1,10,1,17,,14,,1,22,121.5515863,25.0317567
113,10,5,8,58,2,01大同區,大同區長安西路211號,0,0,1,1,C03,7,6,5,50,14,9,1,4,4,5,13,4,4,5,5,5,2,17,1,61,2,9,5,1,7,9,3,18,2,11,,44,,1,21,121.512624,25.0520364
113,10,5,8,58,2,01大同區,大同區長安西路211號,0,0,1,2,C03,7,6,5,50,14,9,1,4,4,5,13,4,4,5,5,5,2,17,1,24,3,10,3,1,7,13,1,10,9,12,,44,,1,21,121.512624,25.0520364
113,10,5,8,58,2,01大同區,大同區長安西路211號,0,0,1,3,C03,7,6,5,50,14,9,1,4,4,5,13,4,4,5,5,5,2,17,1,22,3,10,3,1,7,13,1,10,9,12,,44,,1,21,121.512624,25.0520364
113,10,5,8,58,2,01大同區,大同區長安西路211號,0,0,1,4,B01,7,6,5,50,14,9,1,4,4,5,13,4,4,5,5,5,2,17,1,65,3,10,3,1,7,13,1,4,1,3,,44,,1,21,121.512624,25.0520364
113,10,5,9,10,2,05中正區,中正區古亭河濱公園自行車道,0,0,1,1,B12,8,7,8,40,22,22,1,5,4,5,13,4,4,9,5,5,2,17,1,50,4,11,3,4,7,21,7,19,9,15,,42,,2,22,121.5319161,25.00960709
113,10,5,9,10,2,05中正區,中正區古亭河濱公園自行車道,0,0,1,2,F01,8,7,8,40,22,22,1,5,4,5,13,4,4,9,5,5,2,17,1,21,2,9,4,4,7,9,8,20,1,11,,118,,1,21,121.5319161,25.00960709
113,10,5,10,1,2,06松山區,松山區慶城街與無名巷口,0,0,1,1,B02,7,6,5,30,4,1,1,4,4,5,13,4,4,1,5,5,2,17,1,61,3,10,7,1,7,5,1,4,9,17,,72,,1,22,121.5478698,25.056664
113,10,5,10,1,2,06松山區,松山區慶城街與無名巷口,0,0,1,2,C03,7,6,5,30,4,1,1,4,4,5,13,4,4,1,5,5,2,17,2,29,2,9,6,1,7,9,1,10,9,17,,13,,1,22,121.5478698,25.056664
113,10,5,10,15,2,07信義區,信義區忠孝東路5段與松仁路口,0,0,2,1,C03,8,6,5,50,4,1,1,5,4,5,13,2,1,8,3,5,2,17,1,46,2,9,3,4,7,5,1,10,1,12,,83,,1,21,121.5684149,25.0409599
113,10,5,10,15,2,07信義區,信義區忠孝東路5段與松仁路口,0,0,2,2,C03,8,6,5,50,4,1,1,5,4,5,13,2,1,8,3,5,2,17,1,43,2,9,3,4,7,9,1,10,1,11,,13,,1,21,121.5684149,25.0409599
113,10,5,10,21,2,09北投區,北投區中央南路2段113-1號,0,0,1,1,C03,7,6,5,50,14,9,1,5,4,5,13,4,4,9,4,5,2,16,1,52,2,9,5,1,7,1,1,10,1,12,,19,,1,21,121.5001261,25.1220319
113,10,5,10,21,2,09北投區,北投區中央南路2段113-1號,0,0,1,2,B03,7,6,5,50,14,9,1,5,4,5,13,4,4,9,4,5,2,16,1,59,3,10,7,1,7,9,1,8,1,4,,44,,1,21,121.5001261,25.1220319
113,10,5,10,21,2,09北投區,北投區中央南路2段113-1號,0,0,1,3,B02,7,6,5,50,14,9,1,5,4,5,13,4,4,9,4,5,2,16,1,38,3,10,7,1,7,9,1,8,1,1,,44,,1,21,121.5001261,25.1220319
113,10,5,10,56,2,08士林區,士林區士東路299巷北市大詩欣館旁,0,0,2,1,C03,7,6,5,30,14,9,1,5,4,5,13,4,4,10,5,5,2,12,1,20,2,9,6,1,7,4,1,10,1,14,,17,,1,21,121.53759,25.1143845
113,10,5,10,56,2,08士林區,士林區士東路299巷北市大詩欣館旁,0,0,2,2,C03,7,6,5,30,14,9,1,5,4,5,13,4,4,10,5,5,2,12,1,20,2,9,6,1,7,8,1,10,1,12,,100,,1,21,121.53759,25.1143845
113,10,5,10,56,2,08士林區,士林區士東路299巷北市大詩欣館旁,0,0,2,3,B01,7,6,5,30,14,9,1,5,4,5,13,4,4,10,5,5,2,12,1,58,3,10,3,4,7,13,1,4,9,4,,44,,1,21,121.53759,25.1143845
113,10,5,11,18,2,01大同區,大同區民族西路與民族西路76巷口,0,0,1,1,C03,8,6,5,30,3,1,1,5,4,5,13,4,4,5,4,5,2,17,4,0,,,,,,,,,,,,119,,2,,121.5178723,25.06853387
113,10,5,11,18,2,01大同區,大同區民族西路與民族西路76巷口,0,0,1,2,C03,8,6,5,30,3,1,1,5,4,5,13,4,4,5,4,5,2,17,1,34,2,7,6,1,7,9,1,9,1,12,,44,,1,21,121.5178723,25.06853387
113,10,5,11,25,2,06松山區,松山區南京東路5段與塔悠路口,0,0,1,1,B03,8,6,5,50,5,1,1,5,4,5,13,2,1,1,4,5,1,15,2,40,3,10,7,1,7,15,1,8,1,6,,85,,1,22,121.5705819,25.0511075
113,10,5,11,25,2,06松山區,松山區南京東路5段與塔悠路口,0,0,1,2,C03,8,6,5,50,5,1,1,5,4,5,13,2,1,1,4,5,1,15,1,27,2,6,6,1,7,9,1,10,1,11,,44,,1,22,121.5705819,25.0511075
113,10,5,11,30,2,06松山區,松山區民權東路3段與復興北路口,0,0,1,1,B01,7,7,5,50,4,1,1,5,4,5,13,2,1,1,4,5,2,12,1,67,3,10,7,1,7,9,1,4,1,6,,118,,1,21,121.5442903,25.06233
113,10,5,11,30,2,06松山區,松山區民權東路3段與復興北路口,0,0,1,2,C03,7,7,5,50,4,1,1,5,4,5,13,2,1,1,4,5,2,12,1,74,2,9,6,1,7,9,1,10,1,14,,118,,1,21,121.5442903,25.06233
113,10,5,11,44,2,07信義區,信義區松信路5號,0,0,1,1,B12,7,6,5,50,14,7,1,5,4,5,13,2,1,5,4,4,2,13,1,57,3,10,7,1,7,9,1,8,1,1,,42,,1,21,121.5722465,25.0489574
113,10,5,11,44,2,07信義區,信義區松信路5號,0,0,1,2,B03,7,6,5,50,14,7,1,5,4,5,13,2,1,5,4,4,2,13,1,38,3,10,7,1,7,14,1,8,1,3,,44,,1,21,121.5722465,25.0489574
113,10,5,11,44,2,07信義區,信義區松信路5號,0,0,1,3,H02,7,6,5,50,14,7,1,5,4,5,13,2,1,5,4,4,2,13,2,29,2,2,4,5,7,21,8,20,10,17,,67,,1,21,121.5722465,25.0489574
113,10,5,12,32,2,05中正區,中正區中山南路與信義路1段口,0,0,1,1,C03,8,6,8,50,22,22,1,5,4,5,13,2,1,3,4,3,2,16,1,20,2,9,6,1,7,15,1,10,2,14,,96,,1,21,121.5179666,25.0387349
113,10,5,12,32,2,05中正區,中正區中山南路與信義路1段口,0,0,1,2,B01,8,6,8,50,22,22,1,5,4,5,13,2,1,3,4,3,2,16,1,62,3,10,7,1,7,9,1,8,2,2,,44,,1,21,121.5179666,25.0387349
113,10,5,12,45,2,04大安區,大安區忠孝東路4段223巷與忠孝東路4段205巷7弄附近口,0,0,1,1,C03,8,6,5,50,4,2,1,5,4,5,13,4,4,5,4,5,2,17,2,35,2,9,5,1,7,8,1,10,1,12,,118,,1,21,121.5530117,25.0422811
113,10,5,12,45,2,04大安區,大安區忠孝東路4段223巷與忠孝東路4段205巷7弄附近口,0,0,1,2,B02,8,6,5,50,4,2,1,5,4,5,13,4,4,5,4,5,2,17,1,71,3,10,7,1,7,9,1,8,1,8,,118,,1,21,121.5530117,25.0422811
113,10,5,12,47,2,05中正區,中正區汀州路2段245巷與汀州路2段口,0,0,2,1,C03,8,5,5,50,4,2,1,5,4,5,13,4,4,9,4,5,2,16,1,47,2,9,5,1,7,11,1,10,1,12,,10,,1,21,121.5231043,25.0229831
113,10,5,12,47,2,05中正區,中正區汀州路2段245巷與汀州路2段口,0,0,2,2,C03,8,5,5,50,4,2,1,5,4,5,13,4,4,9,4,5,2,16,2,33,2,9,5,1,7,9,1,10,1,11,,44,,1,21,121.5231043,25.0229831
113,10,5,13,7,2,04大安區,大安區和平東路2段18號對面,0,0,1,1,B03,8,6,6,50,14,8,1,5,4,5,13,4,4,10,4,4,2,17,1,24,3,10,2,1,7,8,1,8,1,2,,100,,1,21,121.5360741,25.0259804
113,10,5,13,7,2,04大安區,大安區和平東路2段18號對面,0,0,1,2,C03,8,6,6,50,14,8,1,5,4,5,13,4,4,10,4,4,2,17,1,24,2,9,6,1,7,9,1,10,1,11,,44,,1,21,121.5360741,25.0259804
113,10,5,13,8,2,10文山區,文山區羅斯福路6段159巷與羅斯福路6段159巷5弄口口,0,0,2,1,B03,8,6,5,30,4,1,1,5,4,5,13,4,4,10,5,5,2,16,1,53,3,10,7,1,7,6,1,8,1,1,,72,,1,21,121.5415581,24.9974622
113,10,5,13,8,2,10文山區,文山區羅斯福路6段159巷與羅斯福路6段159巷5弄口口,0,0,2,2,C03,8,6,5,30,4,1,1,5,4,5,13,4,4,10,5,5,2,16,1,29,2,9,6,1,7,6,1,10,1,12,,44,,1,21,121.5415581,24.9974622
113,10,5,13,8,2,10文山區,文山區羅斯福路6段159巷與羅斯福路6段159巷5弄口口,0,0,2,3,H02,8,6,5,30,4,1,1,5,4,5,13,4,4,10,5,5,2,16,1,25,2,9,6,5,7,20,8,20,10,16,,67,,1,21,121.5415581,24.9974622
113,10,5,13,20,2,08士林區,士林區中山北路6段374號,0,0,2,1,B03,8,6,5,50,14,9,1,5,4,5,13,4,4,1,4,5,2,17,1,36,3,10,3,4,7,13,1,8,1,4,,40,,1,21,121.5264685,25.112527
113,10,5,13,20,2,08士林區,士林區中山北路6段374號,0,0,2,2,C03,8,6,5,50,14,9,1,5,4,5,13,4,4,1,4,5,2,17,2,42,2,9,6,4,7,9,1,10,1,12,,44,,1,21,121.5264685,25.112527
113,10,5,13,20,2,08士林區,士林區中山北路6段374號,0,0,2,3,H02,8,6,5,50,14,9,1,5,4,5,13,4,4,1,4,5,2,17,2,7,2,9,6,5,7,20,8,20,10,16,,67,,1,21,121.5264685,25.112527
113,10,5,13,27,2,05中正區,中正區寧波東街與羅斯福路1段口口,0,0,1,1,C03,8,6,5,50,4,1,1,5,4,5,13,1,1,10,4,5,1,17,2,31,2,6,6,1,7,15,1,10,2,12,,101,,1,21,121.5194034,25.0319511
113,10,5,13,27,2,05中正區,中正區寧波東街與羅斯福路1段口口,0,0,1,2,B01,8,6,5,50,4,1,1,5,4,5,13,1,1,10,4,5,1,17,1,55,3,10,7,1,7,9,1,2,2,8,,44,,1,21,121.5194034,25.0319511
113,10,5,13,35,2,07信義區,信義區基隆路2段151號,0,0,1,1,C03,8,6,5,50,14,9,1,5,4,5,13,4,4,1,4,5,2,13,1,24,2,8,3,1,7,10,1,10,1,11,,100,,1,22,121.5544429,25.0259641
113,10,5,13,35,2,07信義區,信義區基隆路2段151號,0,0,1,2,B02,8,6,5,50,14,9,1,5,4,5,13,4,4,1,4,5,2,13,2,34,3,10,3,4,7,14,1,8,1,3,,44,,1,22,121.5544429,25.0259641
113,10,5,13,47,2,12內湖區,內湖區南湖大橋與康寧路3段口,0,0,1,1,B03,8,7,5,50,3,1,1,5,4,5,13,1,1,1,4,5,2,12,1,47,3,10,7,1,7,11,1,8,2,2,,10,,1,21,121.6109886,25.0649246
113,10,5,13,47,2,12內湖區,內湖區南湖大橋與康寧路3段口,0,0,1,2,C03,8,7,5,50,3,1,1,5,4,5,13,1,1,1,4,5,2,12,1,62,2,9,5,1,7,9,1,10,2,14,,44,,1,21,121.6109886,25.0649246
113,10,5,14,35,2,10文山區,文山區和平東路4段119號對面,0,0,1,1,C03,6,6,5,40,14,9,1,4,4,5,13,4,4,5,2,5,2,17,1,26,2,9,5,4,7,9,1,10,2,14,,42,,1,21,121.5687579,25.0048382
113,10,5,14,35,2,10文山區,文山區和平東路4段119號對面,0,0,1,2,C03,6,6,5,40,14,9,1,4,4,5,13,4,4,5,2,5,2,17,1,55,3,10,5,4,7,9,1,10,2,13,,14,,1,21,121.5687579,25.0048382
113,10,5,15,6,2,05中正區,中正區貴陽街1段與懷寧街口,0,0,1,1,B01,7,6,5,50,3,1,1,5,4,5,13,4,4,5,5,5,2,13,1,63,3,10,7,4,7,9,1,4,1,8,,108,,1,21,121.513733,25.03870673
113,10,5,15,6,2,05中正區,中正區貴陽街1段與懷寧街口,0,0,1,2,C03,7,6,5,50,3,1,1,5,4,5,13,4,4,5,5,5,2,13,1,31,2,9,6,4,7,5,1,10,1,13,,34,,1,22,121.513733,25.03870673
113,10,5,15,16,2,10文山區,(興隆路2段220巷31弄5號),0,0,1,1,C03,7,6,5,30,3,2,1,5,4,5,13,4,4,9,5,5,2,16,1,21,3,10,6,1,7,11,1,10,1,14,,10,,1,21,121.5527799,25.0003514
113,10,5,15,16,2,10文山區,(興隆路2段220巷31弄5號),0,0,1,2,C03,7,6,5,30,3,2,1,5,4,5,13,4,4,9,5,5,2,16,2,19,2,7,6,1,7,9,1,10,1,11,,44,,1,21,121.5527799,25.0003514
113,10,5,15,40,2,05中正區,中正區衡陽路44號前,0,0,1,1,F01,8,7,5,50,14,9,1,5,4,5,13,4,4,10,4,5,2,17,1,77,2,9,2,1,7,8,8,20,2,12,,100,,1,21,121.5122391,25.04231321
113,10,5,15,40,2,05中正區,中正區衡陽路44號前,0,0,1,2,C03,8,7,5,50,14,9,1,5,4,5,13,4,4,10,4,5,2,17,1,39,3,10,6,1,7,9,1,10,2,14,,44,,1,21,121.5122391,25.04231321
113,10,5,15,50,2,06松山區,松山區延壽街356巷與延壽街356巷4弄口,0,0,1,1,B03,8,6,5,30,4,1,1,5,4,5,13,4,4,10,5,5,2,15,2,66,3,10,7,1,7,9,1,8,1,2,,72,,1,21,121.5589897,25.0557601
113,10,5,15,50,2,06松山區,松山區延壽街356巷與延壽街356巷4弄口,0,0,1,2,B03,8,6,5,30,4,1,1,5,4,5,13,4,4,10,5,5,2,15,1,67,3,10,7,1,7,9,1,8,1,1,,108,,1,21,121.5589897,25.0557601
113,10,5,15,50,2,06松山區,松山區延壽街356巷與延壽街356巷4弄口,0,0,1,3,H02,8,6,5,30,4,1,1,5,4,5,13,4,4,10,5,5,2,15,2,64,2,9,7,5,7,21,8,20,10,17,,67,,1,21,121.5589897,25.0557601
113,10,5,16,0,2,06松山區,松山區光復南路58巷與光復南路32巷16弄口,0,0,1,1,C03,7,6,5,30,4,1,1,5,4,5,13,4,4,10,5,5,2,15,1,36,2,8,6,4,7,9,1,10,1,14,,72,,1,21,121.5566003,25.0456043
113,10,5,16,0,2,06松山區,松山區光復南路58巷與光復南路32巷16弄口,0,0,1,2,B03,7,6,5,30,4,1,1,5,4,5,13,4,4,10,5,5,2,15,2,64,3,10,7,4,7,9,1,8,1,1,,44,,1,21,121.5566003,25.0456043
113,10,5,16,12,2,08士林區,士林區中正路288號前,0,0,1,1,C03,8,6,5,50,14,9,1,5,4,5,13,4,4,1,4,5,1,12,2,44,2,9,5,1,7,1,1,10,2,14,,19,,1,21,121.5234713,25.0948279
113,10,5,16,12,2,08士林區,士林區中正路288號前,0,0,1,2,B03,8,6,5,50,14,9,1,5,4,5,13,4,4,1,4,5,1,12,1,64,3,10,7,1,7,9,1,8,2,2,,44,,1,21,121.5234713,25.0948279
113,10,5,16,32,2,05中正區,中正區中華路1段29號,0,0,2,1,C03,8,6,5,50,14,9,1,5,4,5,13,4,4,2,4,5,2,13,2,46,2,9,5,1,7,9,1,10,2,11,,16,,1,22,121.5094756,25.04565325
113,10,5,16,32,2,05中正區,中正區中華路1段29號,0,0,2,2,C03,8,6,5,50,14,9,1,5,4,5,13,4,4,2,4,5,2,13,1,62,3,10,5,1,7,9,1,10,2,13,,44,,1,22,121.5094756,25.04565325
113,10,5,16,32,2,05中正區,中正區中華路1段29號,0,0,2,3,B01,8,6,5,50,14,9,1,5,4,5,13,4,4,2,4,5,2,13,1,53,3,10,7,1,7,1,1,4,9,17,,19,,1,22,121.5094756,25.04565325
113,10,5,16,32,2,05中正區,中正區中華路1段29號,0,0,2,4,H02,8,6,5,50,14,9,1,5,4,5,13,4,4,2,4,5,2,13,2,28,2,8,5,5,7,20,8,20,10,16,,67,,1,22,121.5094756,25.04565325
113,10,5,16,50,2,09北投區,北投區承德路7段與承德路7段344巷口,0,0,2,1,C03,8,5,5,50,3,1,1,5,4,5,13,2,1,1,4,4,2,13,1,54,2,9,5,1,7,9,1,10,1,11,,108,,1,21,121.5036887,25.11730741
113,10,5,16,50,2,09北投區,北投區承德路7段與承德路7段344巷口,0,0,2,2,C03,8,5,5,50,3,1,1,5,4,5,13,2,1,1,4,4,2,13,2,55,2,9,5,1,7,9,1,10,1,13,,44,,1,21,121.5036887,25.11730741
113,10,5,17,0,2,05中正區,中正區博愛路與貴陽街1段口,0,0,1,1,B03,7,6,5,50,4,1,1,5,4,5,13,1,1,10,4,5,2,16,1,75,3,10,7,4,7,5,1,8,2,1,,71,,1,22,121.5112016,25.03894935
113,10,5,17,0,2,05中正區,中正區博愛路與貴陽街1段口,0,0,1,2,C01,7,6,5,50,4,1,1,5,4,5,13,1,1,10,4,5,2,16,1,51,2,9,6,4,7,9,1,9,2,14,,44,,1,22,121.5112016,25.03894935
113,10,5,17,25,2,03中山區,中山區中山北路2段與民生東路1段口,0,0,1,1,B02,8,5,5,50,4,1,1,5,4,5,13,1,1,1,4,5,2,12,1,54,3,10,3,4,7,8,1,8,1,2,,100,,1,22,121.5227609,25.0579298
113,10,5,17,25,2,03中山區,中山區中山北路2段與民生東路1段口,0,0,1,2,C03,8,5,5,50,4,1,1,5,4,5,13,1,1,1,4,5,2,12,2,29,2,9,3,4,7,9,1,10,1,14,,44,,1,22,121.5227609,25.0579298
113,10,5,17,37,2,05中正區,中正區中山北路1段與北平西路口,0,0,1,1,B01,8,7,5,50,5,1,1,5,4,5,13,1,1,1,3,1,2,13,1,65,3,10,7,1,7,15,1,4,1,1,,108,,1,21,121.5201698,25.04714685
113,10,5,17,37,2,05中正區,中正區中山北路1段與北平西路口,0,0,1,2,C03,8,7,5,50,5,1,1,5,4,5,13,1,1,1,3,1,2,13,2,57,2,9,6,1,7,1,1,10,1,13,,44,,1,21,121.5201698,25.04714685
113,10,5,17,40,2,02萬華區,萬華區昆明街與昆明街96巷口,0,0,1,1,B01,8,5,5,50,3,1,1,5,4,5,13,4,4,10,5,5,2,17,1,50,3,10,7,1,7,1,1,4,1,5,,19,,1,26,121.5052584,25.04469743