發生年度,發生月,發生日,發生時-Hours,發生分,處理別-編號,區序,肇事地點,死亡人數,2-30日死亡人數,受傷人數,當事人序號,車種,天候,道路照明設備,道路類別,速限-速度限制,道路型態,事故位置,路面狀況1,路面狀況2,路面狀況3,道路障礙1,道路障礙2,號誌1,號誌2,車道劃分-分向,車道劃分-分道1,車道劃分-分道2,車道劃分-分道3,事故類型及型態,性別,年齡,受傷程度,主要傷處,保護裝置,行動電話,車輛用途,當事者行動狀態,駕駛資格情形,駕駛執照種類,飲酒情形,車輛撞擊部位1,車輛撞擊部位2,肇因碼-個別,肇因碼-主要,個人肇逃否,職業,座標-X,座標-Y
113,10,5,17,40,2,02萬華區,萬華區昆明街與昆明街96巷口,0,0,1,2,C03,8,5,5,50,3,1,1,5,4,5,13,4,4,10,5,5,2,17,2,36,2,9,6,1,7,5,1,10,1,14,,44,,1,26,121.5052584,25.04469743
113,10,5,17,40,2,02萬華區,萬華區昆明街與昆明街96巷口,0,0,1,3,B03,8,5,5,50,3,1,1,5,4,5,13,4,4,10,5,5,2,17,2,34,3,10,7,1,7,14,7,19,11,17,,38,,1,22,121.5052584,25.04469743
113,10,5,17,44,2,07信義區,信義區吳興街28號,0,0,1,1,H01,7,5,5,30,14,9,1,5,4,5,13,4,4,10,5,5,2,3,2,82,2,7,4,5,8,16,8,20,1,16,,53,,1,21,121.5597228,25.0314886
113,10,5,17,44,2,07信義區,信義區吳興街28號,0,0,1,2,C03,7,5,5,30,14,9,1,5,4,5,13,4,4,10,5,5,2,3,2,34,3,10,5,1,7,9,1,10,1,11,,107,,1,21,121.5597228,25.0314886
113,10,5,17,59,2,07信義區,信義區林口街與林口街24巷口,0,0,2,1,C03,8,5,5,40,4,2,1,5,4,5,13,4,4,5,5,5,2,17,1,84,2,8,5,1,7,5,1,10,1,11,,74,,1,21,121.5793247,25.0375576
113,10,5,17,59,2,07信義區,信義區林口街與林口街24巷口,0,0,2,2,C03,8,5,5,40,4,2,1,5,4,5,13,4,4,5,5,5,2,17,2,42,2,9,5,1,7,5,1,10,1,14,,44,,1,21,121.5793247,25.0375576
113,10,5,18,22,2,05中正區,中正區汀州路3段144號,0,0,2,1,C03,8,5,5,50,14,9,1,5,4,5,13,4,4,9,4,5,2,16,1,30,2,9,5,1,7,11,1,10,1,14,,44,,1,21,121.5343758,25.01359899
113,10,5,18,22,2,05中正區,中正區汀州路3段144號,0,0,2,2,C03,8,5,5,50,14,9,1,5,4,5,13,4,4,9,4,5,2,16,1,25,2,9,5,1,7,9,1,10,1,11,,4,,1,21,121.5343758,25.01359899
113,10,5,18,57,2,03中山區,中山區長安東路1段99號,0,0,1,1,B01,8,5,5,50,14,9,1,5,4,5,13,4,4,9,4,5,2,16,1,39,3,10,7,1,7,11,1,4,2,8,,10,,1,21,121.5279642,25.048389
113,10,5,18,57,2,03中山區,中山區長安東路1段99號,0,0,1,2,C04,8,5,5,50,14,9,1,5,4,5,13,4,4,9,4,5,2,16,2,22,2,9,6,1,7,9,1,10,2,11,,14,,1,21,121.5279642,25.048389
113,10,5,19,27,2,08士林區,士林區忠義街與雨聲街口,0,0,1,1,B03,8,5,5,40,3,1,1,5,4,5,13,1,1,5,5,5,1,16,1,56,3,10,7,1,7,6,1,8,1,8,,74,,1,22,121.5311471,25.1055528
113,10,5,19,27,2,08士林區,士林區忠義街與雨聲街口,0,0,1,2,C02,8,5,5,40,3,1,1,5,4,5,13,1,1,5,5,5,1,16,2,29,2,9,6,1,7,5,1,9,1,11,,8,,1,22,121.5311471,25.1055528
113,10,5,19,46,2,08士林區,士林區中正路與福港街口,0,0,1,1,B03,8,5,5,50,3,1,1,5,4,5,13,2,1,3,4,5,2,12,4,0,,,,,,,,,,,,119,,2,,121.5176399,25.0917319
113,10,5,19,46,2,08士林區,士林區中正路與福港街口,0,0,1,2,B03,8,5,5,50,3,1,1,5,4,5,13,2,1,3,4,5,2,12,1,26,2,9,7,1,7,9,1,8,9,2,,44,,1,21,121.5176399,25.0917319
113,10,5,20,23,2,04大安區,大安區基隆路2段與和平東路3段口,0,0,2,1,C03,8,6,5,50,4,1,1,5,4,5,13,2,1,3,4,5,2,13,2,39,2,9,6,4,7,9,1,10,1,11,,16,,1,21,121.5526098,25.0245413
113,10,5,20,23,2,04大安區,大安區基隆路2段與和平東路3段口,0,0,2,2,C03,8,6,5,50,4,1,1,5,4,5,13,2,1,3,4,5,2,13,1,34,2,9,6,1,7,12,1,10,1,13,,44,,1,21,121.5526098,25.0245413
113,10,5,20,23,2,04大安區,大安區基隆路2段與和平東路3段口,0,0,2,3,A12,8,6,5,50,4,1,1,5,4,5,13,2,1,3,4,5,2,13,1,47,3,10,7,1,7,6,1,2,1,17,,9,,1,21,121.5526098,25.0245413
113,10,5,20,45,2,12內湖區,內湖區環山路1段4號前,0,0,1,1,C03,8,5,5,50,14,9,1,5,4,5,13,2,1,5,4,5,2,13,1,18,2,4,5,1,7,9,1,10,1,11,,108,,1,21,121.56554,25.0829081
113,10,5,20,45,2,12內湖區,內湖區環山路1段4號前,0,0,1,2,B01,8,5,5,50,14,9,1,5,4,5,13,2,1,5,4,5,2,13,1,61,3,10,7,1,7,14,1,4,1,3,,44,,1,21,121.56554,25.0829081
113,10,5,20,54,2,12內湖區,內湖區文德路98號,0,0,1,1,B03,8,5,5,50,14,8,1,5,4,5,13,4,4,1,4,4,2,12,1,41,3,10,7,1,7,8,1,8,1,17,,100,,1,21,121.582926,25.0779768
113,10,5,20,54,2,12內湖區,內湖區文德路98號,0,0,1,2,C03,8,5,5,50,14,8,1,5,4,5,13,4,4,1,4,4,2,12,1,45,2,9,5,1,7,9,1,10,1,12,,27,,1,21,121.582926,25.0779768
113,10,5,20,54,2,12內湖區,內湖區文德路98號,0,0,1,3,B03,8,5,5,50,14,8,1,5,4,5,13,4,4,1,4,4,2,12,1,71,3,10,7,1,7,13,1,8,1,4,,38,,1,21,121.582926,25.0779768
113,10,5,21,2,2,10文山區,文山區萬壽路45號,0,0,1,1,C03,7,5,5,40,14,9,1,5,4,5,13,4,4,9,5,5,2,13,1,24,2,8,5,1,7,9,1,10,1,11,,16,,1,21,121.5784711,24.98898906
113,10,5,21,2,2,10文山區,文山區萬壽路45號,0,0,1,2,A02,7,5,5,40,14,9,1,5,4,5,13,4,4,9,5,5,2,13,2,41,3,10,7,1,7,14,1,6,1,3,,44,,1,21,121.5784711,24.98898906
113,10,5,21,2,2,10文山區,文山區萬壽路45號,0,0,1,3,B12,7,5,5,40,14,9,1,5,4,5,13,4,4,9,5,5,2,13,1,60,3,10,7,1,7,13,1,8,1,17,,38,,1,21,121.5784711,24.98898906
113,10,5,21,58,2,07信義區,信義區忠孝東路5段與忠孝東路5段423巷口,0,0,2,1,B03,7,5,5,50,4,2,1,5,4,5,13,1,1,3,4,5,2,16,2,72,3,10,3,4,7,5,1,8,1,2,,71,,1,21,121.5753885,25.0409108
113,10,5,21,58,2,07信義區,信義區忠孝東路5段與忠孝東路5段423巷口,0,0,2,2,C03,7,5,5,50,4,2,1,5,4,5,13,1,1,3,4,5,2,16,1,46,2,9,6,4,7,9,1,10,1,11,,44,,1,21,121.5753885,25.0409108
113,10,5,21,58,2,07信義區,信義區忠孝東路5段與忠孝東路5段423巷口,0,0,2,3,H02,7,5,5,50,4,2,1,5,4,5,13,1,1,3,4,5,2,16,2,18,2,9,6,5,7,20,8,20,10,16,,67,,1,21,121.5753885,25.0409108
113,10,5,21,59,2,03中山區,中山區市民大道3段與松江路口,0,0,2,1,B02,8,5,5,40,4,1,1,5,4,5,13,2,1,9,4,5,2,17,2,29,3,10,7,1,7,6,1,8,1,2,,9,,1,21,121.5330786,25.0455257
113,10,5,21,59,2,03中山區,中山區市民大道3段與松江路口,0,0,2,2,C03,8,5,5,40,4,1,1,5,4,5,13,2,1,9,4,5,2,17,2,21,2,9,5,1,7,9,1,10,1,14,,108,,1,21,121.5330786,25.0455257
113,10,5,21,59,2,03中山區,中山區市民大道3段與松江路口,0,0,2,3,H02,8,5,5,40,4,1,1,5,4,5,13,2,1,9,4,5,2,17,2,20,2,9,4,5,7,20,8,20,10,16,,67,,1,21,121.5330786,25.0455257
113,10,5,22,0,2,05中正區,中正區中正橋往永和,0,0,2,1,C03,8,5,5,50,14,9,1,5,4,5,13,4,4,3,4,5,2,12,1,65,2,8,5,1,7,15,1,10,1,12,,101,,1,21,121.5159913,25.0217387
113,10,5,22,0,2,05中正區,中正區中正橋往永和,0,0,2,2,C03,8,5,5,50,14,9,1,5,4,5,13,4,4,3,4,5,2,12,2,24,2,8,5,1,7,9,1,10,1,14,,44,,1,21,121.5159913,25.0217387
113,10,5,22,4,2,03中山區,中山區市民大道3段與松江路口,0,0,1,1,B01,8,5,5,40,4,1,1,5,4,5,13,2,1,9,4,5,2,17,1,57,3,10,7,1,7,6,1,4,2,2,,9,,1,21,121.5330618,25.0455306
113,10,5,22,4,2,03中山區,中山區市民大道3段與松江路口,0,0,1,2,C03,8,5,5,40,4,1,1,5,4,5,13,2,1,9,4,5,2,17,1,20,2,9,5,1,7,9,1,10,2,14,,44,,1,21,121.5330618,25.0455306
113,10,5,22,28,2,05中正區,中正區汀州路3段與羅斯福路4段90巷口,0,0,2,1,C03,7,5,5,50,4,1,1,5,4,5,13,1,1,5,5,5,2,16,1,38,2,9,6,1,7,15,1,10,1,14,,101,,1,22,121.5344688,25.0134994
113,10,5,22,28,2,05中正區,中正區汀州路3段與羅斯福路4段90巷口,0,0,2,2,C03,7,5,5,50,4,1,1,5,4,5,13,1,1,5,5,5,2,16,1,19,2,9,6,1,7,9,1,10,1,12,,44,,1,22,121.5344688,25.0134994
113,10,5,23,14,2,04大安區,大安區基隆路3段與辛亥路3段口,0,0,2,1,C03,8,5,5,50,4,1,1,5,4,1,12,1,1,9,4,5,1,17,1,22,3,10,3,4,7,9,1,10,1,13,,101,,1,21,121.5469711,25.0195124
113,10,5,23,14,2,04大安區,大安區基隆路3段與辛亥路3段口,0,0,2,2,C03,8,5,5,50,4,1,1,5,4,1,12,1,1,9,4,5,1,17,2,45,2,8,3,4,7,9,1,10,1,11,,44,,1,21,121.5469711,25.0195124
113,10,5,23,14,2,04大安區,大安區基隆路3段與辛亥路3段口,0,0,2,3,H02,8,5,5,50,4,1,1,5,4,1,12,1,1,9,4,5,1,17,1,49,2,8,3,5,7,20,8,20,10,16,,67,,1,21,121.5469711,25.0195124
113,10,6,0,16,2,02萬華區,萬華區桂林路與堤外便道口(桂林水門口),0,0,1,1,C03,8,5,5,50,4,1,1,5,4,5,13,1,1,1,5,5,2,13,2,25,3,10,5,4,7,12,1,10,1,13,,14,,1,21,121.4958895,25.03885112
113,10,6,0,16,2,02萬華區,萬華區桂林路與堤外便道口(桂林水門口),0,0,1,2,C03,8,5,5,50,4,1,1,5,4,5,13,1,1,1,5,5,2,13,2,23,2,7,5,4,7,6,1,10,1,11,,108,,1,21,121.4958895,25.03885112
113,10,6,0,16,2,04大安區,大安區市民大道4段74號,0,0,1,1,B02,8,5,5,40,14,9,1,5,4,5,13,4,4,1,5,5,2,13,1,46,3,10,7,1,7,9,1,8,1,5,,100,,1,21,121.5476889,25.0448893
113,10,6,0,16,2,04大安區,大安區市民大道4段74號,0,0,1,2,C03,8,5,5,40,14,9,1,5,4,5,13,4,4,1,5,5,2,13,1,24,2,9,6,1,7,9,1,10,1,13,,44,,1,21,121.5476889,25.0448893
113,10,6,1,15,2,12內湖區,內湖區潭美街與安美街口,0,0,2,1,C03,8,5,5,40,5,1,1,5,4,5,13,2,1,9,4,5,2,16,2,24,2,9,6,1,7,5,1,10,2,14,,8,,1,21,121.597151,25.0603338
113,10,6,1,15,2,12內湖區,內湖區潭美街與安美街口,0,0,2,2,C03,8,5,5,40,5,1,1,5,4,5,13,2,1,9,4,5,2,16,1,21,2,9,6,1,7,9,1,10,2,12,,108,,1,21,121.597151,25.0603338
113,10,6,6,2,2,08士林區,士林區至善路2段與力行街口,0,0,2,1,C03,8,6,5,40,3,1,1,5,4,5,13,2,1,1,4,4,2,17,1,18,2,7,6,1,7,1,1,10,1,14,,19,,1,25,121.5474645,25.0985438
113,10,6,6,2,2,08士林區,士林區至善路2段與力行街口,0,0,2,2,C03,8,6,5,40,3,1,1,5,4,5,13,2,1,1,4,4,2,17,1,52,2,9,6,1,7,9,1,10,1,12,,13,,1,26,121.5474645,25.0985438
113,10,6,6,47,2,03中山區,中山區長安東路2段與建國北路1段口,0,0,1,1,C03,8,6,5,50,5,2,1,5,4,5,13,2,1,8,3,5,1,17,1,40,2,9,5,1,7,9,1,10,1,11,,86,,1,21,121.5365281,25.0483121
113,10,6,6,47,2,03中山區,中山區長安東路2段與建國北路1段口,0,0,1,2,B03,8,6,5,50,5,2,1,5,4,5,13,2,1,8,3,5,1,17,1,60,3,10,7,1,7,6,1,8,1,2,,44,,1,21,121.5365281,25.0483121
113,10,6,6,48,2,03中山區,中山區林森北路與民權東路1段口,0,0,1,1,C03,7,7,8,50,4,1,1,5,4,5,13,1,1,5,4,5,2,16,1,29,2,9,5,1,7,5,1,10,1,12,,108,,1,22,121.5256142,25.0625072
113,10,6,6,48,2,03中山區,中山區林森北路與民權東路1段口,0,0,1,2,B03,7,7,8,50,4,1,1,5,4,5,13,1,1,5,4,5,2,16,1,28,3,10,7,1,7,11,1,8,1,4,,10,,1,22,121.5256142,25.0625072
113,10,6,8,55,2,05中正區,中正區羅斯福路3段272號,0,0,2,1,C03,8,7,5,50,14,9,1,5,4,5,13,4,4,1,4,5,2,12,1,19,2,9,5,4,7,9,1,10,2,11,,13,,1,21,121.5318691,25.0169065
113,10,6,8,55,2,05中正區,中正區羅斯福路3段272號,0,0,2,2,C03,8,7,5,50,14,9,1,5,4,5,13,4,4,1,4,5,2,12,1,20,2,9,5,4,7,15,1,10,2,11,,100,,1,21,121.5318691,25.0169065
113,10,6,8,57,2,03中山區,中山區民權東路3段49號,0,0,1,1,F02,8,6,5,0,22,20,4,5,4,5,13,4,4,10,5,5,2,12,4,0,,,,,,,,,,,,119,,2,,121.5428233,25.06244936
113,10,6,8,57,2,03中山區,中山區民權東路3段49號,0,0,1,2,F01,8,6,5,0,22,20,4,5,4,5,13,4,4,10,5,5,2,12,1,22,2,9,2,4,7,9,8,20,1,14,,44,,1,21,121.5428233,25.06244936
113,10,6,9,30,2,09北投區,北投區承德路7段342-1號,0,0,1,1,C03,8,7,5,0,14,20,4,5,4,5,13,4,4,10,5,5,2,29,1,33,3,10,5,1,7,9,1,10,9,12,,118,,1,22,121.5043114,25.1173868
113,10,6,9,30,2,09北投區,北投區承德路7段342-1號,0,0,1,2,,8,7,5,0,14,20,4,5,4,5,13,4,4,10,5,5,2,29,3,0,,,,,,,,,,,,67,,1,,121.5043114,25.1173868
113,10,6,9,30,2,09北投區,北投區承德路7段342-1號,0,0,1,3,H02,8,7,5,0,14,20,4,5,4,5,13,4,4,10,5,5,2,29,2,29,2,8,5,5,7,20,8,20,10,16,,67,,1,22,121.5043114,25.1173868
113,10,6,10,16,2,08士林區,士林區中山北路7段38巷與中山北路7段口,0,0,1,1,C03,7,5,5,30,4,1,1,5,4,5,13,3,1,1,4,5,2,15,1,58,2,9,3,4,7,9,1,10,2,12,,44,,1,21,121.5317027,25.1203408
113,10,6,10,16,2,08士林區,士林區中山北路7段38巷與中山北路7段口,0,0,1,2,B03,7,5,5,30,4,1,1,5,4,5,13,3,1,1,4,5,2,15,1,33,3,10,3,4,7,9,1,8,2,8,,81,,1,21,121.5317027,25.1203408
113,10,6,10,54,2,01大同區,大同區民權西路與延平北路2段口,0,0,3,1,C03,8,6,5,50,4,2,1,5,4,5,13,2,1,5,4,5,2,17,2,55,2,7,5,1,7,5,1,10,2,14,,8,,1,21,121.5110274,25.0628667
113,10,6,10,54,2,01大同區,大同區民權西路與延平北路2段口,0,0,3,2,C03,8,6,5,50,4,2,1,5,4,5,13,2,1,5,4,5,2,17,1,45,2,8,5,1,7,4,1,10,2,11,,44,,1,21,121.5110274,25.0628667
113,10,6,10,54,2,01大同區,大同區民權西路與延平北路2段口,0,0,3,3,H02,8,6,5,50,4,2,1,5,4,5,13,2,1,5,4,5,2,17,2,45,2,1,6,5,7,20,8,20,10,16,,67,,1,21,121.5110274,25.0628667
113,10,6,11,19,2,04大安區,大安區市民大道4段與忠孝東路4段223巷口前迴轉道,0,0,1,1,C03,8,5,5,40,22,6,1,5,4,5,13,4,4,10,5,5,2,17,1,34,2,9,3,4,7,11,1,10,2,13,,80,,1,21,121.5533312,25.0443042
113,10,6,11,19,2,04大安區,大安區市民大道4段與忠孝東路4段223巷口前迴轉道,0,0,1,2,B03,8,5,5,40,22,6,1,5,4,5,13,4,4,10,5,5,2,17,1,27,3,10,3,4,7,9,1,8,2,5,,44,,1,21,121.5533312,25.0443042
113,10,6,11,55,2,04大安區,大安區大安路1段與四維路52巷口,0,0,1,1,B03,8,5,5,30,4,1,1,5,4,5,13,4,4,10,5,5,2,15,1,68,3,10,7,1,7,9,1,8,1,1,,72,,1,21,121.5460107,25.0351287
113,10,6,11,55,2,04大安區,大安區大安路1段與四維路52巷口,0,0,1,2,B03,8,5,5,30,4,1,1,5,4,5,13,4,4,10,5,5,2,15,1,42,2,9,7,1,7,9,1,8,1,2,,14,,1,21,121.5460107,25.0351287
113,10,6,11,56,2,04大安區,大安區基隆路3段與長興街附近口,0,0,1,1,C03,8,6,5,50,14,9,1,5,4,5,13,4,4,1,4,4,2,17,2,34,3,10,5,1,7,12,1,10,1,13,,14,,1,21,121.5439623,25.0170665
113,10,6,11,56,2,04大安區,大安區基隆路3段與長興街附近口,0,0,1,2,C03,8,6,5,50,14,9,1,5,4,5,13,4,4,1,4,4,2,17,1,54,2,9,5,1,7,9,1,10,1,11,,16,,1,21,121.5439623,25.0170665
113,10,6,11,56,2,04大安區,大安區基隆路3段與長興街附近口,0,0,1,3,C03,8,6,5,50,14,9,1,5,4,5,13,4,4,1,4,4,2,17,2,44,3,10,5,1,7,9,6,10,1,11,,107,,1,21,121.5439623,25.0170665
113,10,6,12,16,2,10文山區,文山區興隆路4段與興隆路4段109巷口,0,0,1,1,B03,8,6,5,50,4,2,1,5,4,5,13,2,1,1,4,5,2,9,2,55,3,10,3,4,7,5,1,8,2,8,,42,,1,21,121.5609058,24.9865273
113,10,6,12,16,2,10文山區,文山區興隆路4段與興隆路4段109巷口,0,0,1,2,H01,8,6,5,50,4,2,1,5,4,5,13,2,1,1,4,5,2,9,1,56,2,9,4,5,8,20,8,20,10,16,,60,,1,21,121.5609058,24.9865273
113,10,6,13,15,2,02萬華區,萬華區西藏路125巷與西藏路口,0,0,2,1,A02,8,6,5,50,3,1,1,5,4,5,13,1,1,8,3,5,1,17,1,45,3,10,7,1,7,12,1,2,1,17,,16,,1,21,121.5021933,25.0297861
113,10,6,13,15,2,02萬華區,萬華區西藏路125巷與西藏路口,0,0,2,2,B01,8,6,5,50,3,1,1,5,4,5,13,1,1,8,3,5,1,17,4,0,,,,,,,,,,,,119,,2,,121.5021933,25.0297861
113,10,6,13,15,2,02萬華區,萬華區西藏路125巷與西藏路口,0,0,2,3,H02,8,6,5,50,3,1,1,5,4,5,13,1,1,8,3,5,1,17,2,47,2,9,4,5,7,20,8,20,10,16,,67,,1,21,121.5021933,25.0297861
113,10,6,13,15,2,02萬華區,萬華區西藏路125巷與西藏路口,0,0,2,4,H02,8,6,5,50,3,1,1,5,4,5,13,1,1,8,3,5,1,17,2,67,2,7,4,5,7,20,8,20,10,16,,67,,1,21,121.5021933,25.0297861
113,10,6,13,19,2,11南港區,南港區成福路165號與成福路171巷口,0,0,1,1,C03,8,7,5,50,4,1,1,5,4,5,13,3,1,4,5,5,2,11,2,22,2,9,6,1,7,9,1,10,1,12,,108,,1,22,121.5882267,25.0410773
113,10,6,13,19,2,11南港區,南港區成福路165號與成福路171巷口,0,0,1,2,B01,8,7,5,50,4,1,1,5,4,5,13,3,1,4,5,5,2,11,1,45,3,10,7,1,7,14,1,4,1,2,,8,,1,21,121.5882267,25.0410773
113,10,6,13,49,2,05中正區,中正區愛國西路與博愛路口往西,0,0,2,1,C03,8,6,5,50,14,9,1,5,4,5,13,4,4,1,4,5,2,17,1,74,2,9,6,4,7,15,1,10,1,14,,16,,1,22,121.5100757,25.03624429
113,10,6,13,49,2,05中正區,中正區愛國西路與博愛路口往西,0,0,2,2,B02,8,6,5,50,14,9,1,5,4,5,13,4,4,1,4,5,2,17,1,52,3,10,7,4,7,14,1,8,1,6,13,44,,1,22,121.5100757,25.03624429
113,10,6,13,49,2,05中正區,中正區愛國西路與博愛路口往西,0,0,2,3,C03,8,6,5,50,14,9,1,5,4,5,13,4,4,1,4,5,2,17,1,31,2,7,6,4,7,9,1,10,1,11,,44,,1,22,121.5100757,25.03624429
113,10,6,14,30,2,12內湖區,內湖區康寧路3段與康寧路3段16巷口,0,0,1,1,C03,8,6,5,50,3,1,1,5,4,5,13,1,1,1,5,5,2,16,1,31,3,10,6,1,7,11,1,10,2,12,,10,,1,21,121.6073668,25.0728376
113,10,6,14,30,2,12內湖區,內湖區康寧路3段與康寧路3段16巷口,0,0,1,2,C02,8,6,5,50,3,1,1,5,4,5,13,1,1,1,5,5,2,16,1,37,3,10,6,1,7,9,1,9,2,11,,44,,1,21,121.6073668,25.0728376
113,10,6,14,30,2,12內湖區,內湖區康寧路3段與康寧路3段16巷口,0,0,1,3,H02,8,6,5,50,3,1,1,5,4,5,13,1,1,1,5,5,2,16,2,37,2,9,6,5,7,20,8,20,10,16,,67,,1,21,121.6073668,25.0728376
113,10,6,15,2,2,05中正區,中正區中華路1段與長沙街1段口,0,0,2,1,C03,8,6,5,50,4,2,1,5,4,5,13,1,1,1,4,5,1,12,2,37,2,9,6,1,7,7,1,10,2,11,,100,,1,22,121.508034,25.0406042
113,10,6,15,2,2,05中正區,中正區中華路1段與長沙街1段口,0,0,2,2,C03,8,6,5,50,4,2,1,5,4,5,13,1,1,1,4,5,1,12,1,30,2,9,6,1,7,9,1,10,2,12,,44,,1,22,121.508034,25.0406042
113,10,6,15,33,2,12內湖區,內湖區安康路與安康路315巷口,0,0,2,1,C03,8,6,5,30,4,1,1,5,4,5,13,4,4,10,5,5,2,15,1,30,2,9,5,1,7,9,1,10,2,11,,80,,1,21,121.6146409,25.0667099
113,10,6,15,33,2,12內湖區,內湖區安康路與安康路315巷口,0,0,2,2,C03,8,6,5,30,4,1,1,5,4,5,13,4,4,10,5,5,2,15,1,63,2,1,5,1,7,9,1,10,2,11,,13,,1,21,121.6146409,25.0667099
113,10,6,15,33,2,12內湖區,內湖區環山路2段68巷與環山路2段口,0,0,1,1,B03,8,6,5,50,4,2,1,5,4,5,13,2,1,5,4,5,2,17,1,59,3,10,7,1,7,1,1,8,1,17,,19,,1,21,121.574648,25.08500551
113,10,6,15,33,2,12內湖區,內湖區環山路2段68巷與環山路2段口,0,0,1,2,C03,8,6,5,50,4,2,1,5,4,5,13,2,1,5,4,5,2,17,2,20,2,9,6,1,7,9,1,10,1,14,,44,,1,21,121.574648,25.08500551
113,10,6,15,50,2,05中正區,中正區濟南路2段與濟南路2段48巷口,0,0,2,1,B03,8,6,5,50,3,1,1,5,4,5,13,2,1,10,5,5,2,17,1,39,3,10,7,4,7,1,1,8,2,17,,19,,1,22,121.5311884,25.0403303
113,10,6,15,50,2,05中正區,中正區濟南路2段與濟南路2段48巷口,0,0,2,2,C03,8,6,5,50,3,1,1,5,4,5,13,2,1,10,5,5,2,17,1,53,2,9,6,4,7,9,1,10,2,14,13,42,,1,22,121.5311884,25.0403303
113,10,6,15,50,2,05中正區,中正區濟南路2段與濟南路2段48巷口,0,0,2,3,C03,8,6,5,50,3,1,1,5,4,5,13,2,1,10,5,5,2,17,1,54,2,6,6,4,7,9,1,10,2,11,,44,,1,22,121.5311884,25.0403303
113,10,6,15,53,2,08士林區,士林區中山北路4段與通河街口,0,0,1,1,C03,8,7,5,50,14,9,1,5,4,5,13,2,1,2,4,5,1,17,2,60,2,8,5,1,7,7,1,10,2,14,,100,,1,21,121.5244756,25.07981461
113,10,6,15,53,2,08士林區,士林區中山北路4段與通河街口,0,0,1,2,B03,8,7,5,50,14,9,1,5,4,5,13,2,1,2,4,5,1,17,2,30,3,10,7,1,7,1,1,8,2,5,,44,,1,21,121.5244756,25.07981461
113,10,6,15,53,2,08士林區,士林區中山北路4段與通河街口,0,0,1,3,B03,8,7,5,50,14,9,1,5,4,5,13,2,1,2,4,5,1,17,1,63,3,10,7,1,7,14,1,8,2,4,,44,,1,21,121.5244756,25.07981461
113,10,6,15,57,2,11南港區,南港區永吉路與忠孝東路6段口,0,0,2,1,C03,8,7,5,50,4,2,1,5,4,5,13,2,1,1,4,5,2,16,1,16,2,8,6,4,7,5,2,18,1,11,,8,,1,21,121.5824654,25.0451073
113,10,6,15,57,2,11南港區,南港區永吉路與忠孝東路6段口,0,0,2,2,F01,8,7,5,50,4,2,1,5,4,5,13,2,1,1,4,5,2,16,1,43,2,9,4,4,7,9,8,20,1,14,,99,,1,21,121.5824654,25.0451073
113,10,6,16,19,2,01大同區,大同區西寧北路68號,0,0,1,1,B01,8,6,5,50,14,9,1,5,4,5,13,4,4,5,2,5,2,17,1,62,3,10,7,1,7,15,1,4,1,1,,113,,1,21,121.5087148,25.053725
113,10,6,16,19,2,01大同區,大同區西寧北路68號,0,0,1,2,B03,8,6,5,50,14,9,1,5,4,5,13,4,4,5,2,5,2,17,1,26,2,1,7,1,7,14,1,8,1,3,,44,,1,21,121.5087148,25.053725
113,10,6,17,0,2,10文山區,文山區木柵路1段25號,0,0,2,1,C03,8,5,5,0,22,20,1,5,4,5,13,4,4,10,5,5,2,9,1,19,2,9,5,1,7,9,3,18,1,11,,13,,1,21,121.5447243,24.98812208
113,10,6,17,0,2,10文山區,文山區木柵路1段25號,0,0,2,2,H01,8,5,5,0,22,20,1,5,4,5,13,4,4,10,5,5,2,9,2,65,2,9,4,5,8,21,8,20,1,16,,67,,1,21,121.5447243,24.98812208
113,10,6,17,39,2,07信義區,信義區松仁路與莊敬路口口,0,0,1,1,B03,7,5,8,50,4,1,1,5,4,5,13,1,1,5,4,5,2,17,1,58,3,10,7,1,7,9,1,8,2,2,,44,,1,22,121.5683791,25.026769
113,10,6,17,39,2,07信義區,信義區松仁路與莊敬路口口,0,0,1,2,C03,7,5,8,50,4,1,1,5,4,5,13,1,1,5,4,5,2,17,1,70,2,7,5,1,7,7,1,10,2,14,,100,,1,22,121.5683791,25.026769
113,10,6,17,39,2,07信義區,信義區松仁路與莊敬路口口,0,0,1,3,B03,7,5,8,50,4,1,1,5,4,5,13,1,1,5,4,5,2,17,2,30,3,10,7,1,7,1,1,8,9,17,,19,,2,22,121.5683791,25.026769
113,10,6,18,16,2,07信義區,信義區莊敬路325巷與莊敬路289巷8弄口,0,0,2,1,F01,7,5,5,30,4,2,1,5,4,5,13,4,4,5,5,5,2,15,1,77,2,9,4,1,7,9,8,20,1,14,,80,,1,21,121.5644574,25.0287674
113,10,6,18,16,2,07信義區,信義區莊敬路325巷與莊敬路289巷8弄口,0,0,2,2,C03,7,5,5,30,4,2,1,5,4,5,13,4,4,5,5,5,2,15,2,20,2,9,5,1,7,9,1,10,1,11,,13,,1,21,121.5644574,25.0287674
113,10,6,19,0,2,08士林區,士林區通河西街1段與重慶北路4段口口,0,0,2,1,C03,8,5,5,50,3,1,1,5,4,5,13,2,1,5,5,5,2,16,2,38,2,9,6,1,7,9,1,10,1,11,,81,,1,21,121.5119707,25.08746069
113,10,6,19,0,2,08士林區,士林區通河西街1段與重慶北路4段口口,0,0,2,2,C03,8,5,5,50,3,1,1,5,4,5,13,2,1,5,5,5,2,16,1,45,2,9,6,1,7,5,1,10,1,11,,44,,1,21,121.5119707,25.08746069