發生年度,發生月,發生日,發生時-Hours,發生分,處理別-編號,區序,肇事地點,死亡人數,2-30日死亡人數,受傷人數,當事人序號,車種,天候,道路照明設備,道路類別,速限-速度限制,道路型態,事故位置,路面狀況1,路面狀況2,路面狀況3,道路障礙1,道路障礙2,號誌1,號誌2,車道劃分-分向,車道劃分-分道1,車道劃分-分道2,車道劃分-分道3,事故類型及型態,性別,年齡,受傷程度,主要傷處,保護裝置,行動電話,車輛用途,當事者行動狀態,駕駛資格情形,駕駛執照種類,飲酒情形,車輛撞擊部位1,車輛撞擊部位2,肇因碼-個別,肇因碼-主要,個人肇逃否,職業,座標-X,座標-Y
113,10,6,20,3,2,04大安區,大安區建國南路1段212巷與建國南路1段口,0,0,1,1,C03,8,5,5,50,3,2,1,5,4,5,13,4,4,8,3,5,1,12,1,66,2,8,5,1,7,10,1,10,1,12,,100,,1,26,121.5374991,25.0396464
113,10,6,20,3,2,04大安區,大安區建國南路1段212巷與建國南路1段口,0,0,1,2,C03,8,5,5,50,3,2,1,5,4,5,13,4,4,8,3,5,1,12,1,19,3,10,5,1,7,9,1,10,1,14,,107,,1,25,121.5374991,25.0396464
113,10,6,20,10,2,07信義區,信義區基隆路1段與忠孝東路4段口,0,0,1,1,C03,7,5,5,50,4,1,1,5,4,5,13,1,1,1,4,5,1,17,1,28,2,9,6,1,7,9,1,10,1,14,,108,,1,21,121.5647668,25.0412063
113,10,6,20,10,2,07信義區,信義區基隆路1段與忠孝東路4段口,0,0,1,2,B03,7,5,5,50,4,1,1,5,4,5,13,1,1,1,4,5,1,17,1,37,3,10,7,1,7,14,1,8,1,6,,44,,1,21,121.5647668,25.0412063
113,10,6,20,10,2,07信義區,信義區基隆路1段與忠孝東路4段口,0,0,1,3,A02,7,5,5,50,4,1,1,5,4,5,13,1,1,1,4,5,1,17,1,59,3,10,7,1,7,9,1,2,1,4,,44,,1,21,121.5647668,25.0412063
113,10,6,20,30,2,09北投區,北投區中湖戰備道路與竹子湖路口,0,0,2,1,C03,6,5,5,40,14,9,1,4,4,5,13,4,4,9,4,5,2,17,1,18,2,7,5,1,7,9,3,18,1,12,,13,,1,21,121.5572198,25.1776155
113,10,6,20,30,2,09北投區,北投區中湖戰備道路與竹子湖路口,0,0,2,2,B03,6,5,5,40,14,9,1,4,4,5,13,4,4,9,4,5,2,17,1,58,3,10,7,1,7,9,1,8,1,4,,44,,1,21,121.5572198,25.1776155
113,10,6,20,30,2,09北投區,北投區中湖戰備道路與竹子湖路口,0,0,2,3,H02,6,5,5,40,14,9,1,4,4,5,13,4,4,9,4,5,2,17,1,17,2,9,5,5,7,20,8,20,10,16,,67,,1,21,121.5572198,25.1776155
113,10,6,20,46,2,01大同區,大同區塔城街與長安西路口,0,0,1,1,B03,8,5,5,50,4,1,1,5,4,5,13,2,1,5,4,5,2,9,1,41,3,10,7,1,7,5,1,8,2,1,,70,,1,21,121.5103122,25.0520475
113,10,6,20,46,2,01大同區,大同區塔城街與長安西路口,0,0,1,2,H01,8,5,5,50,4,1,1,5,4,5,13,2,1,5,4,5,2,9,2,73,2,9,4,5,8,16,8,20,10,16,,67,,1,21,121.5103122,25.0520475
113,10,6,21,33,2,06松山區,松山區民生東路3段113巷7弄與民生東路3段127巷口,0,0,1,1,B03,8,5,5,30,4,1,1,5,4,5,13,4,4,10,5,5,2,15,1,51,3,10,7,1,7,9,1,8,1,8,,72,,1,22,121.5474578,25.0584484
113,10,6,21,33,2,06松山區,松山區民生東路3段113巷7弄與民生東路3段127巷口,0,0,1,2,C03,8,5,5,30,4,1,1,5,4,5,13,4,4,10,5,5,2,15,1,60,2,8,6,1,7,9,1,10,1,11,,108,,1,22,121.5474578,25.0584484
113,10,6,22,2,2,09北投區,北投區福國路與承德路6段口,0,0,1,1,B03,8,5,5,50,4,1,1,5,4,5,13,1,1,1,4,5,2,13,1,49,3,10,7,1,7,5,1,8,1,8,,118,,1,22,121.5122038,25.1014569
113,10,6,22,2,2,09北投區,北投區福國路與承德路6段口,0,0,1,2,C01,8,5,5,50,4,1,1,5,4,5,13,1,1,1,4,5,2,13,1,45,2,8,5,1,7,5,1,9,1,13,,118,,1,22,121.5122038,25.1014569
113,10,6,22,22,2,07信義區,信義區吳興街364巷與吳興街口,0,0,1,1,B03,8,5,5,0,4,2,1,5,4,5,13,4,4,10,5,5,2,15,2,52,3,10,3,4,7,9,1,8,1,8,,72,,1,21,121.5666814,25.0254441
113,10,6,22,22,2,07信義區,信義區吳興街364巷與吳興街口,0,0,1,2,F02,8,5,5,0,4,2,1,5,4,5,13,4,4,10,5,5,2,15,1,38,2,9,4,1,7,9,8,20,1,11,,44,,1,21,121.5666814,25.0254441
113,10,6,23,26,2,02萬華區,萬華區環河南路1段348巷35停車格,0,0,1,1,B03,7,7,6,50,14,9,1,5,4,5,13,4,4,10,5,5,2,17,1,44,3,10,3,1,7,13,1,8,1,4,,40,,1,21,121.4963342,25.0391713
113,10,6,23,26,2,02萬華區,萬華區環河南路1段348巷35停車格,0,0,1,2,C03,7,7,6,50,14,9,1,5,4,5,13,4,4,10,5,5,2,17,2,28,2,9,5,1,7,9,1,10,1,12,,44,,1,21,121.4963342,25.0391713
113,10,7,1,25,2,04大安區,大安區羅斯福路4段與基隆路4段口,0,0,2,1,C03,8,5,5,50,4,1,1,5,4,5,13,2,1,9,4,5,1,16,1,51,2,7,5,1,7,9,1,10,1,12,,8,,1,21,121.5371343,25.0113677
113,10,7,1,25,2,04大安區,大安區羅斯福路4段與基隆路4段口,0,0,2,2,C03,8,5,5,50,4,1,1,5,4,5,13,2,1,9,4,5,1,16,1,41,2,7,5,1,7,5,1,10,1,14,,97,,1,21,121.5371343,25.0113677
113,10,7,6,7,2,03中山區,中山區龍江路387巷與民權東路3段39巷口,0,0,1,1,C03,8,7,5,30,4,1,1,5,4,5,13,4,4,9,4,5,2,15,1,52,2,9,5,4,7,9,1,10,1,12,,72,,1,21,121.5425717,25.06514026
113,10,7,6,7,2,03中山區,中山區龍江路387巷與民權東路3段39巷口,0,0,1,2,B03,8,7,5,30,4,1,1,5,4,5,13,4,4,9,4,5,2,15,1,65,3,10,3,4,7,9,1,8,1,8,,14,,1,21,121.5425717,25.06514026
113,10,7,6,7,2,03中山區,中山區龍江路387巷與民權東路3段39巷口,0,0,1,3,C03,8,7,5,30,4,1,1,5,4,5,13,4,4,9,4,5,2,15,1,38,4,11,3,4,7,13,1,10,11,13,,44,,1,21,121.5425717,25.06514026
113,10,7,6,7,2,03中山區,中山區龍江路387巷與民權東路3段39巷口,0,0,1,4,C03,8,7,5,30,4,1,1,5,4,5,13,4,4,9,4,5,2,15,2,57,4,11,3,4,7,13,1,10,11,13,,44,,1,21,121.5425717,25.06514026
113,10,7,6,7,2,03中山區,中山區龍江路387巷與民權東路3段39巷口,0,0,1,5,C03,8,7,5,30,4,1,1,5,4,5,13,4,4,9,4,5,2,15,2,30,4,11,3,4,7,13,1,10,11,13,,44,,1,21,121.5425717,25.06514026
113,10,7,6,50,2,02萬華區,萬華區和平西路3段302巷3弄與和平西路3段302巷口,0,0,3,1,C03,8,5,5,30,3,1,1,5,4,5,13,4,4,10,5,5,2,17,1,45,2,8,6,4,7,5,1,10,1,14,,72,,1,21,121.4930939,25.0349479
113,10,7,6,50,2,02萬華區,萬華區和平西路3段302巷3弄與和平西路3段302巷口,0,0,3,2,C03,8,5,5,30,3,1,1,5,4,5,13,4,4,10,5,5,2,17,1,42,2,7,6,4,7,9,1,10,1,11,,14,,1,21,121.4930939,25.0349479
113,10,7,6,50,2,02萬華區,萬華區和平西路3段302巷3弄與和平西路3段302巷口,0,0,3,3,H02,8,5,5,30,3,1,1,5,4,5,13,4,4,10,5,5,2,17,2,15,2,8,6,5,7,20,8,20,10,16,,67,,1,21,121.4930939,25.0349479
113,10,7,7,19,2,02萬華區,萬華區中興橋往台北市機車道下橋彎道處,0,0,1,2,C03,8,6,5,30,8,11,1,5,4,5,13,4,4,10,5,5,2,17,2,30,2,9,6,1,7,9,1,10,1,14,,44,,1,21,121.5003208,25.04397438
113,10,7,7,19,2,02萬華區,萬華區中興橋往台北市機車道下橋彎道處,0,0,1,1,C03,8,6,5,30,8,11,1,5,4,5,13,4,4,10,5,5,2,17,1,30,4,11,3,4,7,9,1,10,11,12,,17,,2,22,121.5003208,25.04397438
113,10,7,7,55,2,03中山區,中山區樂群一路往東,0,0,1,1,C03,7,7,5,50,14,9,1,5,4,5,13,4,4,1,4,5,2,13,1,20,2,9,5,1,7,9,1,10,1,11,,16,,1,22,121.5516179,25.07757475
113,10,7,7,55,2,03中山區,中山區樂群一路往東,0,0,1,2,B03,7,7,5,50,14,9,1,5,4,5,13,4,4,1,4,5,2,13,1,42,3,10,7,1,7,9,1,8,1,3,,44,,1,22,121.5516179,25.07757475
113,10,7,8,0,2,12內湖區,內湖區環山路2段與環山路2段109巷口,0,0,1,1,C03,9,5,5,50,3,2,1,5,4,5,13,1,1,4,3,5,1,13,1,22,2,9,3,4,7,7,1,10,1,11,,102,,1,22,121.5760256,25.0842557
113,10,7,8,0,2,12內湖區,內湖區環山路2段與環山路2段109巷口,0,0,1,2,C03,9,5,5,50,3,2,1,5,4,5,13,1,1,4,3,5,1,13,1,25,3,10,3,4,7,14,1,10,1,13,,44,,1,22,121.5760256,25.0842557
113,10,7,8,47,2,01大同區,大同區民生西路289號,0,0,1,1,C03,7,6,5,50,14,9,1,5,4,5,13,4,4,5,2,5,2,10,1,22,2,9,5,4,7,9,1,10,2,11,,4,,1,21,121.512734,25.0572194
113,10,7,8,47,2,01大同區,大同區民生西路289號,0,0,1,2,B02,7,6,5,50,14,9,1,5,4,5,13,4,4,5,2,5,2,10,1,60,3,10,7,4,7,9,1,7,2,1,,44,,1,21,121.512734,25.0572194
113,10,7,8,50,2,07信義區,信義區莊敬路與吳興街361巷口,0,0,1,1,B01,8,6,6,40,3,2,1,5,4,5,13,4,4,9,5,4,2,9,1,66,3,10,3,4,7,11,1,4,2,17,,10,,1,21,121.5678804,25.0268165
113,10,7,8,50,2,07信義區,信義區莊敬路與吳興街361巷口,0,0,1,2,H01,8,6,6,40,3,2,1,5,4,5,13,4,4,9,5,4,2,9,2,88,2,9,4,5,8,16,8,20,1,16,,121,,1,22,121.5678804,25.0268165
113,10,7,8,53,2,08士林區,士林區福華路與福華路157巷口,0,0,1,2,B01,8,6,5,50,14,9,1,5,4,5,13,4,4,1,4,5,1,13,1,63,3,10,3,4,7,12,1,4,1,6,,44,,1,22,121.5221629,25.10392149
113,10,7,8,53,2,08士林區,士林區福華路與福華路157巷口,0,0,1,1,C03,8,6,5,50,14,9,1,5,4,5,13,4,4,1,4,5,1,13,1,35,2,8,3,4,7,9,1,10,1,11,,16,,1,22,121.5221629,25.10392149
113,10,7,9,0,2,05中正區,中正區重慶南路1段與重慶南路1段136巷口,0,0,1,1,B03,8,6,5,50,3,1,1,5,4,5,13,4,4,10,4,5,2,16,1,66,3,10,7,4,7,5,1,8,2,1,,74,,1,22,121.5124694,25.03627967
113,10,7,9,0,2,05中正區,中正區重慶南路1段與重慶南路1段136巷口,0,0,1,2,C03,8,6,5,50,3,1,1,5,4,5,13,4,4,10,4,5,2,16,1,58,2,9,6,4,7,9,1,10,2,14,,14,,1,22,121.5124694,25.03627967
113,10,7,9,0,2,10文山區,文山區萬美街1段與萬和街口,0,0,1,1,C03,8,7,5,40,3,1,1,5,4,3,10,4,4,1,5,5,2,16,2,71,2,9,6,1,7,6,1,10,1,14,,72,,1,21,121.5671138,25.0021945
113,10,7,9,0,2,10文山區,文山區萬美街1段與萬和街口,0,0,1,2,A02,8,7,5,40,3,1,1,5,4,3,10,4,4,1,5,5,2,16,2,59,3,10,7,1,7,9,1,2,1,2,,44,,1,21,121.5671138,25.0021945
113,10,7,9,0,2,10文山區,文山區萬美街1段與萬和街口,0,0,1,3,B03,8,7,5,40,3,1,1,5,4,3,10,4,4,1,5,5,2,16,1,39,3,10,7,1,7,13,1,8,1,17,,38,,1,21,121.5671138,25.0021945
113,10,7,9,5,2,02萬華區,萬華區艋舺大道與西藏路口,0,0,1,1,C03,8,6,5,40,4,1,1,5,4,5,13,2,1,1,4,4,2,16,2,35,2,8,6,1,7,8,1,10,1,13,,5,,1,26,121.4915818,25.0288485
113,10,7,9,5,2,02萬華區,萬華區艋舺大道與西藏路口,0,0,1,2,B03,8,6,5,40,4,1,1,5,4,5,13,2,1,1,4,4,2,16,1,50,3,10,7,1,7,9,1,8,1,1,,44,,1,26,121.4915818,25.0288485
113,10,7,9,24,2,04大安區,大安區辛亥路3段與臥龍街188巷口,0,0,2,1,C03,8,6,5,50,3,1,1,5,4,5,13,4,4,1,4,5,2,17,2,36,2,7,6,1,7,6,1,10,1,12,,44,,1,21,121.5504928,25.01616235
113,10,7,9,24,2,04大安區,大安區辛亥路3段與臥龍街188巷口,0,0,2,2,C03,8,6,5,50,3,1,1,5,4,5,13,4,4,1,4,5,2,17,1,47,3,10,5,1,7,9,1,10,1,14,,44,,1,21,121.5504928,25.01616235
113,10,7,9,24,2,04大安區,大安區辛亥路3段與臥龍街188巷口,0,0,2,3,H02,8,6,5,50,3,1,1,5,4,5,13,4,4,1,4,5,2,17,2,41,2,8,6,5,7,21,8,20,10,16,,67,,1,21,121.5504928,25.01616235
113,10,7,9,59,2,03中山區,中山區敬業三路與樂群二路口,0,0,1,1,B03,8,7,5,50,4,1,1,5,4,5,13,1,1,1,4,5,2,17,2,33,3,10,7,1,7,5,1,8,1,17,,44,,1,22,121.5563309,25.0799952
113,10,7,9,59,2,03中山區,中山區敬業三路與樂群二路口,0,0,1,2,C03,8,7,5,50,4,1,1,5,4,5,13,1,1,1,4,5,2,17,1,26,2,9,5,1,7,9,1,10,1,12,,42,,1,22,121.5563309,25.0799952
113,10,7,10,0,2,06松山區,松山區市民大道4段與復興南路1段口,0,0,1,1,C03,8,7,5,40,4,1,1,5,4,5,13,2,1,1,4,5,2,12,2,60,2,8,6,1,7,7,1,10,1,14,,100,,1,22,121.543953,25.0449343
113,10,7,10,0,2,06松山區,松山區市民大道4段與復興南路1段口,0,0,1,2,B01,8,7,5,40,4,1,1,5,4,5,13,2,1,1,4,5,2,12,1,68,3,10,7,1,7,9,1,4,1,5,,44,,1,22,121.543953,25.0449343
113,10,7,10,18,2,04大安區,"大安區基隆路4段(北往南,古亭消防分隊旁)",0,0,1,1,B03,8,5,5,50,14,9,1,5,4,5,13,4,4,1,4,5,2,12,1,59,3,10,7,1,7,8,6,8,1,2,,100,,1,21,121.5378067,25.0118901
113,10,7,10,18,2,04大安區,"大安區基隆路4段(北往南,古亭消防分隊旁)",0,0,1,2,C03,8,5,5,50,14,9,1,5,4,5,13,4,4,1,4,5,2,12,2,57,2,9,5,1,7,9,1,10,1,14,,44,,1,21,121.5378067,25.0118901
113,10,7,10,33,2,05中正區,中正區汀州路2段15號,0,0,1,1,B01,8,6,5,50,14,9,1,5,4,5,13,4,4,9,4,5,2,17,1,60,3,10,7,1,7,11,1,4,2,4,,10,,1,21,121.514838,25.0260551
113,10,7,10,33,2,05中正區,中正區汀州路2段15號,0,0,1,2,C03,8,6,5,50,14,9,1,5,4,5,13,4,4,9,4,5,2,17,2,34,2,9,5,1,7,9,1,10,2,12,,44,,1,21,121.514838,25.0260551
113,10,7,10,43,2,11南港區,南港區大坑街與福山橋口,0,0,2,1,C03,7,7,5,50,4,1,1,5,4,5,13,4,4,10,4,5,2,15,1,34,2,9,3,4,7,9,1,10,1,14,,80,,1,21,121.6175302,25.0460425
113,10,7,10,43,2,11南港區,南港區大坑街與福山橋口,0,0,2,2,C03,7,7,5,50,4,1,1,5,4,5,13,4,4,10,4,5,2,15,1,18,2,9,3,4,7,9,1,10,1,11,,14,,1,21,121.6175302,25.0460425
113,10,7,10,45,2,06松山區,松山區復興南路1段31號,0,0,1,1,C03,7,6,5,50,14,9,1,5,4,5,13,4,4,1,4,5,2,17,1,73,2,9,5,4,7,7,1,10,9,14,,100,,1,21,121.5439519,25.0453149
113,10,7,10,45,2,06松山區,松山區復興南路1段31號,0,0,1,2,B12,7,6,5,50,14,9,1,5,4,5,13,4,4,1,4,5,2,17,1,37,4,11,3,4,7,9,7,19,9,6,,44,,2,21,121.5439519,25.0453149
113,10,7,10,57,2,09北投區,北投區北投路2段與無名巷口,0,0,1,1,B03,7,6,5,50,4,1,1,5,4,5,13,2,1,5,5,5,2,17,1,51,3,10,7,1,7,11,1,8,2,17,,10,,1,21,121.4974945,25.1328129
113,10,7,10,57,2,09北投區,北投區北投路2段與無名巷口,0,0,1,2,C03,7,6,5,50,4,1,1,5,4,5,13,2,1,5,5,5,2,17,1,69,2,9,5,1,7,5,1,10,2,14,,108,,1,21,121.4974945,25.1328129
113,10,7,11,19,2,04大安區,大安區忠孝東路4段與忠孝東路4段77巷附近口,0,0,1,1,B01,8,6,5,50,14,9,1,5,4,5,13,4,4,1,4,5,2,17,1,61,4,11,3,4,7,8,1,4,11,17,,100,,2,22,121.5470348,25.0416528
113,10,7,11,19,2,04大安區,大安區忠孝東路4段與忠孝東路4段77巷附近口,0,0,1,2,C03,8,6,5,50,14,9,1,5,4,5,13,4,4,1,4,5,2,17,1,22,2,9,5,1,7,9,1,10,1,12,,44,,1,21,121.5470348,25.0416528
113,10,7,11,39,2,06松山區,松山區延壽街與光復北路口,0,0,1,1,B03,7,6,5,50,4,2,1,5,4,5,13,1,1,8,3,5,2,17,2,35,3,10,7,1,7,11,1,8,1,17,,10,,1,21,121.5555717,25.056348
113,10,7,11,39,2,06松山區,松山區延壽街與光復北路口,0,0,1,2,C03,7,6,5,50,4,2,1,5,4,5,13,1,1,8,3,5,2,17,2,38,2,9,6,1,7,9,1,10,1,12,,44,,1,21,121.5555717,25.056348
113,10,7,12,0,2,08士林區,士林區中正路與中正路365巷口,0,0,1,1,B03,7,7,5,50,4,1,1,5,4,5,13,2,1,1,4,5,1,17,2,72,3,10,7,1,7,9,1,8,2,2,,44,,1,21,121.5219793,25.09437053
113,10,7,12,0,2,08士林區,士林區中正路與中正路365巷口,0,0,1,2,C03,7,7,5,50,4,1,1,5,4,5,13,2,1,1,4,5,1,17,2,46,2,9,5,1,7,7,1,10,2,14,,44,,1,21,121.5219793,25.09437053
113,10,7,12,13,2,09北投區,北投區福美路與福善路口,0,0,1,1,B03,7,6,5,50,4,1,1,5,4,5,13,4,4,5,2,5,2,15,1,27,3,10,7,1,7,9,1,8,1,2,,72,,1,21,121.5070908,25.1004833
113,10,7,12,13,2,09北投區,北投區福美路與福善路口,0,0,1,2,B03,7,6,5,50,4,1,1,5,4,5,13,4,4,5,2,5,2,15,2,59,2,9,7,1,7,9,1,8,1,1,,13,,1,21,121.5070908,25.1004833
113,10,7,12,13,2,09北投區,北投區福美路與福善路口,0,0,1,3,C03,7,6,5,50,4,1,1,5,4,5,13,4,4,5,2,5,2,15,1,21,3,10,5,1,7,13,1,10,1,12,,44,,1,21,121.5070908,25.1004833
113,10,7,12,20,2,08士林區,士林區福林路與福林路254巷口,0,0,1,1,C03,7,5,5,50,4,2,1,5,4,5,13,1,1,5,4,5,2,12,1,19,2,9,3,4,7,15,1,10,1,14,,27,,1,21,121.5344625,25.09798077
113,10,7,12,20,2,08士林區,士林區福林路與福林路254巷口,0,0,1,2,B03,7,5,5,50,4,2,1,5,4,5,13,1,1,5,4,5,2,12,1,52,3,10,3,4,7,15,1,8,1,6,,100,,1,21,121.5344625,25.09798077
113,10,7,12,33,2,10文山區,文山區新光路2段污水處理廠往西36公尺處,0,0,2,1,C03,7,6,5,50,11,7,1,5,4,5,13,4,4,1,4,4,2,18,1,76,2,9,5,1,7,9,1,8,1,17,,118,,1,21,121.5740614,24.9951499
113,10,7,12,33,2,10文山區,文山區新光路2段污水處理廠往西36公尺處,0,0,2,2,,7,6,5,50,11,7,1,5,4,5,13,4,4,1,4,4,2,18,3,0,,,,,,,,,,,,67,,1,,121.5740614,24.9951499
113,10,7,12,33,2,10文山區,文山區新光路2段污水處理廠往西36公尺處,0,0,2,3,H02,7,6,5,50,11,7,1,5,4,5,13,4,4,1,4,4,2,18,2,45,2,9,5,5,7,21,8,20,10,17,,67,,1,21,121.5740614,24.9951499
113,10,7,12,40,2,10文山區,文山區忠順街2段與保儀路口口,0,0,1,1,B03,8,7,5,50,4,1,1,5,4,5,13,1,1,10,5,5,2,16,2,41,3,10,7,1,7,5,1,8,2,2,,71,,1,22,121.566738,24.9847337
113,10,7,12,40,2,10文山區,文山區忠順街2段與保儀路口口,0,0,1,2,C03,8,7,5,50,4,1,1,5,4,5,13,1,1,10,5,5,2,16,2,62,2,9,6,1,7,9,1,10,2,11,,44,,1,22,121.566738,24.9847337
113,10,7,12,53,2,08士林區,士林區中山北路5段與小北街口,0,0,1,1,C03,7,7,5,40,4,1,1,5,4,5,13,2,1,1,4,1,1,17,2,44,2,5,5,1,7,9,1,10,2,11,,16,,1,21,121.5273553,25.09026367
113,10,7,12,53,2,08士林區,士林區中山北路5段與小北街口,0,0,1,2,B01,7,7,5,40,4,1,1,5,4,5,13,2,1,1,4,1,1,17,1,66,3,10,7,1,7,12,1,4,2,3,,44,,1,21,121.5273553,25.09026367
113,10,7,12,53,2,08士林區,士林區中山北路5段與小北街口,0,0,1,3,C03,7,7,5,40,4,1,1,5,4,5,13,2,1,1,4,1,1,17,2,18,3,10,5,1,7,14,1,10,2,17,,44,,1,21,121.5273553,25.09026367
113,10,7,12,53,2,08士林區,士林區中山北路5段與小北街口,0,0,1,4,C03,7,7,5,40,4,1,1,5,4,5,13,2,1,1,4,1,1,17,2,18,3,10,5,1,7,8,1,10,2,17,,100,,1,21,121.5273553,25.09026367
113,10,7,12,53,2,08士林區,士林區中山北路5段與小北街口,0,0,1,5,C03,7,7,5,40,4,1,1,5,4,5,13,2,1,1,4,1,1,17,2,18,3,10,5,1,7,14,1,10,2,17,,44,,1,21,121.5273553,25.09026367
113,10,7,13,15,2,05中正區,中正區林森南路3巷1號與忠孝東路1段70巷口,0,0,1,1,H01,7,7,5,50,3,2,1,5,4,5,13,4,4,9,5,5,2,3,2,77,2,1,4,5,8,16,8,20,10,16,,121,,1,21,121.5236951,25.04419879
113,10,7,13,15,2,05中正區,中正區林森南路3巷1號與忠孝東路1段70巷口,0,0,1,2,B03,7,7,5,50,3,2,1,5,4,5,13,4,4,9,5,5,2,3,1,61,3,10,7,1,7,9,1,8,2,5,,108,,1,21,121.5236951,25.04419879
113,10,7,13,45,2,02萬華區,萬華區武成街125巷與武成街101巷6弄口,0,0,2,1,C03,8,5,8,30,4,1,1,5,4,5,13,4,4,10,5,5,2,15,2,43,2,9,3,4,7,9,1,10,1,11,,75,,1,21,121.4938096,25.0195335
113,10,7,13,45,2,02萬華區,萬華區武成街125巷與武成街101巷6弄口,0,0,2,2,C03,8,5,8,30,4,1,1,5,4,5,13,4,4,10,5,5,2,15,2,44,2,9,3,4,7,9,1,10,1,14,,14,,1,21,121.4938096,25.0195335
113,10,7,13,45,2,03中山區,中山區南京東路1段與天津街口,0,0,1,1,C03,6,7,5,40,3,1,1,4,4,5,13,4,4,1,4,4,2,17,2,23,2,9,5,1,7,9,1,10,1,14,,44,,1,21,121.5234917,25.0520915
113,10,7,13,45,2,03中山區,中山區南京東路1段與天津街口,0,0,1,2,B01,6,7,5,40,3,1,1,4,4,5,13,4,4,1,4,4,2,17,1,69,3,10,7,1,7,6,1,4,1,17,,44,,1,21,121.5234917,25.0520915
113,10,7,13,49,2,10文山區,文山區興隆路4段與忠順街1段口口,0,0,1,1,B02,8,6,5,50,4,1,1,5,4,5,13,2,1,10,5,5,2,16,2,56,3,10,7,1,7,5,1,8,1,2,,8,,1,21,121.561655,24.9845058
113,10,7,13,49,2,10文山區,文山區興隆路4段與忠順街1段口口,0,0,1,2,C03,8,6,5,50,4,1,1,5,4,5,13,2,1,10,5,5,2,16,1,49,2,9,5,1,7,9,1,10,1,11,,14,,1,21,121.561655,24.9845058
113,10,7,13,54,2,03中山區,中山區長安東路2段246號,0,0,1,1,C03,7,6,5,50,14,9,1,4,4,5,13,4,4,9,4,5,2,16,1,55,4,11,3,4,7,8,1,10,9,15,,101,,2,22,121.5427197,25.0482662
113,10,7,13,54,2,03中山區,中山區長安東路2段246號,0,0,1,2,C03,7,6,5,50,14,9,1,4,4,5,13,4,4,9,4,5,2,16,1,32,2,9,5,1,7,9,1,10,9,12,,44,,1,21,121.5427197,25.0482662
113,10,7,14,0,2,03中山區,中山區中山北路4段圓山下坡口,0,0,1,1,C03,8,6,5,50,14,9,1,5,4,5,13,1,1,1,4,5,2,12,2,20,2,9,5,1,7,15,1,10,1,14,,101,,1,21,121.5247826,25.0735566
113,10,7,14,0,2,03中山區,中山區中山北路4段圓山下坡口,0,0,1,2,B03,8,6,5,50,14,9,1,5,4,5,13,1,1,1,4,5,2,12,1,44,3,10,3,4,7,9,1,8,1,2,,44,,1,21,121.5247826,25.0735566
113,10,7,14,21,2,05中正區,中正區羅斯福路4段24巷與羅斯福路4段24巷12弄口,0,0,2,1,C03,8,7,5,30,4,2,1,5,4,5,13,4,4,5,5,5,2,17,2,38,2,7,5,1,7,6,1,10,1,11,,99,,1,22,121.5328008,25.0150563
113,10,7,14,21,2,05中正區,中正區羅斯福路4段24巷與羅斯福路4段24巷12弄口,0,0,2,2,F01,8,7,5,30,4,2,1,5,4,5,13,4,4,5,5,5,2,17,1,34,2,8,4,1,7,1,8,20,1,14,,19,,1,22,121.5328008,25.0150563
113,10,7,15,2,2,10文山區,文山區景興路與景華街口口,0,0,2,1,C03,8,6,5,30,4,1,1,5,4,5,13,2,1,10,5,5,2,16,1,19,2,8,5,1,7,5,1,10,1,12,,71,,1,21,121.5447856,24.995124
113,10,7,15,2,2,10文山區,文山區景興路與景華街口口,0,0,2,2,C03,8,6,5,30,4,1,1,5,4,5,13,2,1,10,5,5,2,16,1,27,2,9,6,1,7,9,1,9,1,11,,44,,1,21,121.5447856,24.995124
113,10,7,15,5,2,02萬華區,萬華區長泰街20巷與萬大路329巷口,0,0,1,1,C03,7,7,5,30,4,1,1,5,4,5,13,4,4,10,5,5,2,16,1,38,3,10,5,1,7,5,6,10,1,14,,44,,1,21,121.5011156,25.0236479
113,10,7,15,5,2,02萬華區,萬華區長泰街20巷與萬大路329巷口,0,0,1,2,C03,7,7,5,30,4,1,1,5,4,5,13,4,4,10,5,5,2,16,2,61,2,9,5,1,7,9,1,10,1,11,,44,,1,21,121.5011156,25.0236479
113,10,7,15,5,2,02萬華區,萬華區長泰街20巷與萬大路329巷口,0,0,1,3,B03,7,7,5,30,4,1,1,5,4,5,13,4,4,10,5,5,2,16,1,36,3,10,7,1,7,13,1,8,1,4,,38,,1,21,121.5011156,25.0236479
113,10,7,15,27,2,05中正區,中正區晉江街與晉江街46巷口,0,0,1,1,C03,7,7,5,30,3,1,1,4,4,5,13,4,4,10,5,5,2,17,1,48,2,9,5,1,7,5,1,10,1,12,,74,,1,22,121.5230132,25.0244259
113,10,7,15,27,2,05中正區,中正區晉江街與晉江街46巷口,0,0,1,2,B03,7,7,5,30,3,1,1,4,4,5,13,4,4,10,5,5,2,17,1,55,3,10,7,1,7,9,1,7,1,8,,44,,1,22,121.5230132,25.0244259
113,10,7,15,28,2,01大同區,大同區民權西路與民權西路225巷口,0,0,3,1,C03,7,6,5,50,4,1,1,4,4,5,13,2,1,1,4,5,2,17,1,73,2,9,5,4,7,5,1,10,1,13,,8,,1,21,121.5131172,25.063112
113,10,7,15,28,2,01大同區,大同區民權西路與民權西路225巷口,0,0,3,2,C03,7,6,5,50,4,1,1,4,4,5,13,2,1,1,4,5,2,17,1,21,2,9,5,4,7,9,1,10,1,11,,44,,1,21,121.5131172,25.063112
113,10,7,15,28,2,01大同區,大同區民權西路與民權西路225巷口,0,0,3,3,C03,7,6,5,50,4,1,1,4,4,5,13,2,1,1,4,5,2,17,1,31,2,9,5,4,7,9,1,9,1,11,,44,,1,21,121.5131172,25.063112