發生年度,發生月,發生日,發生時-Hours,發生分,處理別-編號,區序,肇事地點,死亡人數,2-30日死亡人數,受傷人數,當事人序號,車種,天候,道路照明設備,道路類別,速限-速度限制,道路型態,事故位置,路面狀況1,路面狀況2,路面狀況3,道路障礙1,道路障礙2,號誌1,號誌2,車道劃分-分向,車道劃分-分道1,車道劃分-分道2,車道劃分-分道3,事故類型及型態,性別,年齡,受傷程度,主要傷處,保護裝置,行動電話,車輛用途,當事者行動狀態,駕駛資格情形,駕駛執照種類,飲酒情形,車輛撞擊部位1,車輛撞擊部位2,肇因碼-個別,肇因碼-主要,個人肇逃否,職業,座標-X,座標-Y
113,10,7,16,10,2,03中山區,中山區龍江路與龍江路443巷口,0,0,1,1,C03,7,7,5,50,4,1,1,4,4,5,13,4,4,7,4,5,2,17,1,61,3,10,5,4,7,5,1,10,1,17,,74,,1,21,121.5410082,25.06722836
113,10,7,16,10,2,03中山區,中山區龍江路與龍江路443巷口,0,0,1,2,C03,7,7,5,50,4,1,1,4,4,5,13,4,4,7,4,5,2,17,2,43,2,9,5,4,7,9,1,10,1,17,,14,,1,21,121.5410082,25.06722836
113,10,7,16,18,2,11南港區,南港區興中路86巷,0,0,1,1,B12,6,7,5,30,14,9,1,4,4,5,13,4,4,10,5,5,2,14,1,58,3,10,3,4,7,2,1,8,1,7,,12,,1,21,121.6063871,25.0577705
113,10,7,16,18,2,11南港區,南港區興中路86巷,0,0,1,2,C03,6,7,5,30,14,9,1,4,4,5,13,4,4,10,5,5,2,14,1,30,2,9,6,4,7,9,1,10,1,12,,13,,1,21,121.6063871,25.0577705
113,10,7,16,53,2,06松山區,松山區敦化北路4巷與南京東路3段256巷口,0,0,1,1,C03,7,6,5,30,4,1,1,5,4,5,13,4,4,10,4,5,2,15,1,19,3,10,6,1,7,9,1,10,1,11,,72,,1,21,121.5446973,25.0502052
113,10,7,16,53,2,06松山區,松山區敦化北路4巷與南京東路3段256巷口,0,0,1,2,C03,7,6,5,30,4,1,1,5,4,5,13,4,4,10,4,5,2,15,2,46,2,9,6,1,7,9,1,10,1,11,,107,,1,21,121.5446973,25.0502052
113,10,7,17,8,2,03中山區,中山區新生高架道與新生高架道口往北、民族東路匝道旁,0,0,1,1,B12,7,7,5,70,14,9,1,5,4,5,13,4,4,1,3,5,2,13,1,27,3,10,3,4,7,9,1,8,1,1,,16,,1,21,121.5279492,25.07037739
113,10,7,17,8,2,03中山區,中山區新生高架道與新生高架道口往北、民族東路匝道旁,0,0,1,2,C02,7,7,5,70,14,9,1,5,4,5,13,4,4,1,3,5,2,13,1,36,3,10,6,4,7,9,1,9,1,13,,44,,1,21,121.5279492,25.07037739
113,10,7,17,8,2,03中山區,中山區新生高架道與新生高架道口往北、民族東路匝道旁,0,0,1,3,H02,7,7,5,70,14,9,1,5,4,5,13,4,4,1,3,5,2,13,2,31,2,9,6,5,7,20,8,20,10,16,,67,,1,21,121.5279492,25.07037739
113,10,7,17,10,2,09北投區,北投區溫泉路與溫泉路68巷口,0,0,1,1,B03,8,5,5,30,3,2,1,5,4,5,13,4,4,10,5,5,2,16,1,52,3,10,7,1,7,6,1,8,1,8,,72,,1,21,121.5047815,25.135168
113,10,7,17,10,2,09北投區,北投區溫泉路與溫泉路68巷口,0,0,1,2,C03,8,5,5,30,3,2,1,5,4,5,13,4,4,10,5,5,2,16,1,60,2,8,5,1,7,9,1,10,1,12,,107,,1,21,121.5047815,25.135168
113,10,7,17,12,2,06松山區,松山區民生東路5段與新中街口,0,0,1,1,B03,6,5,5,50,4,1,1,4,4,5,13,2,1,1,3,5,2,15,1,75,3,10,3,1,7,9,1,8,1,8,,81,,1,22,121.5605436,25.0586952
113,10,7,17,12,2,06松山區,松山區民生東路5段與新中街口,0,0,1,2,C03,6,5,5,50,4,1,1,4,4,5,13,2,1,1,3,5,2,15,1,45,2,8,5,1,7,9,1,10,1,11,,44,,1,22,121.5605436,25.0586952
113,10,7,17,15,2,02萬華區,萬華區漢口街2段與昆明街口,0,0,2,1,C03,8,7,5,50,4,1,1,5,4,5,13,1,1,10,3,5,2,16,2,21,2,8,5,1,7,5,1,10,1,14,,8,,1,21,121.5056279,25.0459603
113,10,7,17,15,2,02萬華區,萬華區漢口街2段與昆明街口,0,0,2,2,C03,8,7,5,50,4,1,1,5,4,5,13,1,1,10,3,5,2,16,1,33,2,9,5,1,7,9,1,10,1,12,,44,,1,21,121.5056279,25.0459603
113,10,7,17,30,2,09北投區,北投區石牌路2段305號,0,0,1,1,B03,7,7,5,50,11,9,1,5,4,5,13,4,4,5,5,5,2,16,2,46,3,10,7,1,7,11,1,8,1,4,,10,,1,22,121.5230088,25.121437
113,10,7,17,30,2,09北投區,北投區石牌路2段305號,0,0,1,2,C03,7,7,5,50,11,9,1,5,4,5,13,4,4,5,5,5,2,16,1,62,2,9,6,1,7,9,1,10,1,12,,44,,1,22,121.5230088,25.121437
113,10,7,17,32,2,03中山區,中山區復興北路56號,0,0,1,1,C03,6,5,5,50,14,9,1,4,4,5,13,4,4,1,4,5,2,17,1,20,2,9,6,1,7,9,1,10,9,14,,108,,1,21,121.5438886,25.0500706
113,10,7,17,32,2,03中山區,中山區復興北路56號,0,0,1,2,B02,6,5,5,50,14,9,1,4,4,5,13,4,4,1,4,5,2,17,1,43,3,10,7,1,7,14,1,8,9,17,,38,,1,21,121.5438886,25.0500706
113,10,7,17,32,2,03中山區,中山區復興北路56號,0,0,1,3,B01,6,5,5,50,14,9,1,4,4,5,13,4,4,1,4,5,2,17,2,46,3,10,7,1,7,9,1,4,9,17,,44,,1,21,121.5438886,25.0500706
113,10,7,17,33,2,01大同區,大同區寧夏路72號,0,0,1,1,F03,6,5,5,50,14,9,1,4,4,5,13,3,1,5,2,5,2,18,1,75,2,9,4,4,7,9,8,20,5,14,,21,,1,21,121.51518,25.0587424
113,10,7,17,33,2,01大同區,大同區寧夏路72號,0,0,1,2,,6,5,5,50,14,9,1,4,4,5,13,3,1,5,2,5,2,18,3,0,,,,,,,,,,,,67,,1,,121.51518,25.0587424
113,10,7,17,59,2,03中山區,中山區中山北路2段65巷與林森北路口,0,0,2,1,B03,7,5,5,30,4,2,1,3,4,5,13,4,4,5,5,5,2,17,1,68,3,10,3,4,7,5,1,8,2,8,,72,,1,21,121.5255044,25.05703705
113,10,7,17,59,2,03中山區,中山區中山北路2段65巷與林森北路口,0,0,2,2,C03,7,5,5,30,4,2,1,3,4,5,13,4,4,5,5,5,2,17,2,29,2,8,3,4,7,9,1,10,2,12,,44,,1,21,121.5255044,25.05703705
113,10,7,17,59,2,03中山區,中山區中山北路2段65巷與林森北路口,0,0,2,3,H02,7,5,5,30,4,2,1,3,4,5,13,4,4,5,5,5,2,17,1,30,2,9,3,5,7,21,8,20,10,16,,67,,1,21,121.5255044,25.05703705
113,10,7,18,0,2,03中山區,中山區中山北路2段59巷與中山北路2段口,0,0,1,1,B03,6,5,5,50,14,8,1,4,4,5,13,4,4,1,4,1,2,12,1,46,3,10,7,1,7,7,1,8,1,8,,100,,1,21,121.5228599,25.05580899
113,10,7,18,0,2,03中山區,中山區中山北路2段59巷與中山北路2段口,0,0,1,2,C03,6,5,5,50,14,8,1,4,4,5,13,4,4,1,4,1,2,12,1,25,2,7,5,1,7,7,1,10,1,12,,44,,1,21,121.5228599,25.05580899
113,10,7,18,0,2,10文山區,文山區和平東路4段公車亭萬芳社區站,0,0,2,1,C03,6,5,5,40,14,9,1,4,5,4,12,4,4,10,5,5,2,18,1,43,2,9,5,1,7,9,1,10,9,12,,107,,1,21,121.5719668,25.0028503
113,10,7,18,0,2,10文山區,文山區和平東路4段公車亭萬芳社區站,0,0,2,3,H02,6,5,5,40,14,9,1,4,5,4,12,4,4,10,5,5,2,18,2,8,2,8,5,5,7,20,8,20,10,17,,67,,1,21,121.5719668,25.0028503
113,10,7,18,0,2,10文山區,文山區和平東路4段公車亭萬芳社區站,0,0,2,2,,6,5,5,40,14,9,1,4,5,4,12,4,4,10,5,5,2,18,3,0,,,,,,,,,,,,61,,1,,121.5719668,25.0028503
113,10,7,18,10,2,11南港區,南港區富康街13號,0,0,1,1,C03,6,5,5,50,14,9,1,4,4,5,12,4,4,9,5,5,1,7,1,20,3,10,5,4,7,9,1,10,1,11,,107,,1,21,121.6173271,25.0539892
113,10,7,18,10,2,11南港區,南港區富康街13號,0,0,1,2,H01,6,5,5,50,14,9,1,4,4,5,12,4,4,9,5,5,1,7,1,65,2,9,4,5,8,16,8,20,1,16,,121,,1,22,121.6173271,25.0539892
113,10,7,18,15,2,05中正區,中正區中華路2段與愛國西路口,0,0,1,1,A02,6,5,5,50,4,1,1,4,4,5,13,1,1,1,4,5,2,17,1,60,3,10,7,1,7,9,1,1,2,4,,99,,1,22,121.5068658,25.0368723
113,10,7,18,15,2,05中正區,中正區中華路2段與愛國西路口,0,0,1,2,B03,6,5,5,50,4,1,1,4,4,5,13,1,1,1,4,5,2,17,1,48,3,10,7,1,7,6,1,8,2,2,,44,,1,22,121.5068658,25.0368723
113,10,7,18,15,2,05中正區,中正區中華路2段與愛國西路口,0,0,1,3,H02,6,5,5,50,4,1,1,4,4,5,13,1,1,1,4,5,2,17,2,40,2,7,2,5,7,20,8,20,10,16,,67,,1,22,121.5068658,25.0368723
113,10,7,18,20,2,04大安區,大安區羅斯福路3段333巷與羅斯福路3段口,0,0,1,1,B03,6,5,5,50,3,1,1,4,4,5,13,4,4,1,4,5,1,2,1,46,3,10,7,1,7,6,1,8,1,5,,70,,1,21,121.5323623,25.0169204
113,10,7,18,20,2,04大安區,大安區羅斯福路3段333巷與羅斯福路3段口,0,0,1,2,H01,6,5,5,50,3,1,1,4,4,5,13,4,4,1,4,5,1,2,2,48,2,8,4,5,8,16,8,20,10,16,,121,,1,21,121.5323623,25.0169204
113,10,7,18,20,2,08士林區,士林區中正路與百齡橋口往社子011路燈桿前,0,0,2,1,C03,6,5,5,50,14,7,1,4,4,5,13,4,4,10,4,4,2,13,2,30,2,8,6,1,7,9,1,10,1,11,,108,,1,21,121.513142,25.08900383
113,10,7,18,20,2,08士林區,士林區中正路與百齡橋口往社子011路燈桿前,0,0,2,2,C03,6,5,5,50,14,7,1,4,4,5,13,4,4,10,4,4,2,13,1,58,2,9,6,1,7,7,1,10,1,14,,100,,1,21,121.513142,25.08900383
113,10,7,18,45,2,08士林區,士林區通河西街2段與堤外便道口,0,0,1,1,C03,6,5,5,30,14,9,1,4,4,5,13,4,4,10,5,5,1,18,2,24,2,9,5,1,7,9,1,10,2,17,,42,,1,22,121.5106969,25.0917405
113,10,7,18,45,2,08士林區,士林區通河西街2段與堤外便道口,0,0,1,2,,6,5,5,30,14,9,1,4,4,5,13,4,4,10,5,5,1,18,3,0,,,,,,,,,,,,67,,1,,121.5106969,25.0917405
113,10,7,18,45,2,11南港區,南港區松河街與南港路3段314巷口,0,0,1,1,C03,6,5,5,40,3,18,1,4,4,5,13,2,1,5,4,5,2,3,1,47,3,10,5,1,7,1,1,9,1,11,,70,,1,21,121.5811489,25.0524099
113,10,7,18,45,2,11南港區,南港區松河街與南港路3段314巷口,0,0,1,2,H01,6,5,5,40,3,18,1,4,4,5,13,2,1,5,4,5,2,3,2,51,2,9,4,5,8,18,8,20,10,16,,122,,1,21,121.5811489,25.0524099
113,10,7,18,50,2,12內湖區,內湖區成功路2段與成功路2段323巷口,0,0,1,1,B03,6,5,5,50,14,9,1,4,4,5,13,1,1,1,5,5,2,12,1,47,3,10,7,1,7,7,1,8,2,8,,100,,1,21,121.5911065,25.0698558
113,10,7,18,50,2,12內湖區,內湖區成功路2段與成功路2段323巷口,0,0,1,2,C03,6,5,5,50,14,9,1,4,4,5,13,1,1,1,5,5,2,12,1,42,2,9,6,1,7,9,1,10,2,12,,44,,1,21,121.5911065,25.0698558
113,10,7,19,26,2,03中山區,中山區松江路259巷與錦州街242巷口,0,0,1,1,C03,6,5,5,30,4,1,1,4,4,5,13,4,4,10,4,4,2,15,1,28,3,10,6,1,7,9,1,10,1,12,,72,,1,21,121.5337483,25.0595791
113,10,7,19,26,2,03中山區,中山區松江路259巷與錦州街242巷口,0,0,1,2,C03,6,5,5,30,4,1,1,4,4,5,13,4,4,10,4,4,2,15,2,29,2,8,5,1,7,9,1,10,1,11,,14,,1,21,121.5337483,25.0595791
113,10,7,19,43,2,03中山區,中山區林森北路南往北林森公園旁,0,0,1,1,C03,6,5,5,50,14,9,1,4,4,5,13,4,4,1,4,5,2,18,1,27,2,9,6,1,7,9,1,10,1,17,,42,,1,26,121.5254646,25.05253315
113,10,7,19,43,2,03中山區,中山區林森北路南往北林森公園旁,0,0,1,2,,6,5,5,50,14,9,1,4,4,5,13,4,4,1,4,5,2,18,3,0,,,,,,,,,,,,67,,1,,121.5254646,25.05253315
113,10,7,20,0,2,01大同區,大同區涼州街與寧夏路口,0,0,1,1,B01,6,5,5,50,4,19,1,4,4,5,13,2,1,5,4,5,2,9,1,49,3,10,3,4,7,5,1,4,2,8,,70,,1,21,121.5143195,25.0609057
113,10,7,20,0,2,01大同區,大同區涼州街與寧夏路口,0,0,1,2,H01,6,5,5,50,4,19,1,4,4,5,13,2,1,5,4,5,2,9,2,67,2,9,4,5,8,16,8,20,10,16,,67,,1,21,121.5143195,25.0609057
113,10,7,20,0,2,02萬華區,萬華區和平西路3段28號,0,0,1,1,C03,6,5,5,50,14,7,1,4,4,5,13,4,4,1,3,5,2,17,2,28,2,8,5,1,7,9,1,10,1,12,,44,,1,21,121.5041083,25.0342257
113,10,7,20,0,2,02萬華區,萬華區和平西路3段28號,0,0,1,2,C02,6,5,5,50,14,7,1,4,4,5,13,4,4,1,3,5,2,17,1,27,3,10,5,1,7,9,1,9,1,15,,44,,1,21,121.5041083,25.0342257
113,10,7,20,0,2,02萬華區,萬華區和平西路3段28號,0,0,1,3,B03,6,5,5,50,14,7,1,4,4,5,13,4,4,1,3,5,2,17,4,0,,,,,,,,,,,,119,,2,,121.5041083,25.0342257
113,10,7,20,17,2,09北投區,北投區榮華三路與天母西路100巷口,0,0,1,1,B03,6,5,5,30,4,1,1,4,4,5,13,2,1,10,5,5,2,2,2,67,3,10,7,1,7,5,1,8,1,4,,70,,1,21,121.5252046,25.1137197
113,10,7,20,17,2,09北投區,北投區榮華三路與天母西路100巷口,0,0,1,2,H01,6,5,5,30,4,1,1,4,4,5,13,2,1,10,5,5,2,2,2,75,2,9,4,5,8,16,8,20,10,16,,67,,1,21,121.5252046,25.1137197
113,10,7,21,41,2,04大安區,大安區信義路4段30巷與信義路4段30巷27弄口,0,0,1,1,C03,6,5,5,30,4,1,1,4,4,3,10,4,4,10,5,5,2,15,1,24,2,9,5,1,7,9,1,10,1,11,,72,,1,21,121.5446187,25.0321031
113,10,7,21,41,2,04大安區,大安區信義路4段30巷與信義路4段30巷27弄口,0,0,1,2,B03,6,5,5,30,4,1,1,4,4,3,10,4,4,10,5,5,2,15,1,41,3,10,7,1,7,9,1,8,1,8,,44,,1,21,121.5446187,25.0321031
113,10,7,21,58,2,06松山區,松山區民權東路4段與光復北路口,0,0,1,1,B03,6,5,5,50,4,1,1,4,4,5,13,1,1,1,4,4,2,16,1,26,3,10,7,1,7,5,1,8,2,1,,85,,1,22,121.554506,25.0618371
113,10,7,21,58,2,06松山區,松山區民權東路4段與光復北路口,0,0,1,2,B03,6,5,5,50,4,1,1,4,4,5,13,1,1,1,4,4,2,16,2,55,2,3,7,1,7,9,1,8,2,8,,44,,1,22,121.554506,25.0618371
113,10,7,22,10,2,12內湖區,內湖區金湖路與民權東路6段口,0,0,2,1,C03,6,5,5,50,4,18,1,4,4,5,13,4,4,1,4,5,1,3,2,63,2,9,5,1,7,9,6,18,1,11,,70,,1,21,121.6051373,25.07342196
113,10,7,22,10,2,12內湖區,內湖區金湖路與民權東路6段口,0,0,2,2,H01,6,5,5,50,4,18,1,4,4,5,13,4,4,1,4,5,1,3,1,16,2,9,4,5,8,20,8,20,10,16,,67,,1,16,121.6051373,25.07342196
113,10,7,22,21,2,08士林區,士林區忠誠路2段與德行東路口,0,0,1,1,C03,6,5,5,50,4,1,1,4,4,5,13,2,1,1,2,5,2,16,2,43,2,9,6,1,7,9,1,10,1,14,,44,,1,26,121.5301651,25.1083499
113,10,7,22,21,2,08士林區,士林區忠誠路2段與德行東路口,0,0,1,2,B03,6,5,5,50,4,1,1,4,4,5,13,2,1,1,2,5,2,16,1,80,3,10,7,1,7,6,1,8,1,2,,9,,1,21,121.5301651,25.1083499
113,10,7,23,28,2,03中山區,中山區中山北路2段11巷與南京東路1段13巷口,0,0,2,1,C03,6,5,5,30,4,1,1,4,4,5,13,4,4,10,5,5,2,15,1,37,2,8,6,1,7,9,1,10,1,14,,72,,1,21,121.5236427,25.0527567
113,10,7,23,28,2,03中山區,中山區中山北路2段11巷與南京東路1段13巷口,0,0,2,2,C03,6,5,5,30,4,1,1,4,4,5,13,4,4,10,5,5,2,15,1,27,2,9,6,1,7,9,1,9,1,12,,107,,1,21,121.5236427,25.0527567
113,10,8,0,10,2,09北投區,北投區大度路1段與大業路口口,0,0,1,1,C03,7,5,5,50,5,2,1,4,4,5,13,2,1,1,4,5,2,17,2,36,2,9,6,1,7,15,1,10,2,11,,16,,1,22,121.499484,25.1216281
113,10,8,0,10,2,09北投區,北投區大度路1段與大業路口口,0,0,1,2,B12,7,5,5,50,5,2,1,4,4,5,13,2,1,1,4,5,2,17,1,57,3,10,7,1,7,9,1,8,2,6,,44,,1,22,121.499484,25.1216281
113,10,8,0,18,2,04大安區,大安區基隆路2段與光復南路口,0,0,1,1,B01,6,5,5,50,4,2,1,4,4,5,13,2,1,2,4,5,1,16,1,52,3,10,3,4,7,6,1,4,2,4,,9,,1,21,121.5572926,25.0293107
113,10,8,0,18,2,04大安區,大安區基隆路2段與光復南路口,0,0,1,2,C03,6,5,5,50,4,2,1,4,4,5,13,2,1,2,4,5,1,16,2,39,2,9,6,4,7,9,1,10,2,12,,44,,1,21,121.5572926,25.0293107
113,10,8,0,20,2,12內湖區,內湖區南京東路6段82號,0,0,2,1,C03,6,5,5,50,14,9,1,4,4,5,13,1,1,1,5,5,1,9,2,32,2,9,5,1,7,9,1,10,2,11,,70,,1,21,121.5770114,25.05434219
113,10,8,0,20,2,12內湖區,內湖區南京東路6段82號,0,0,2,2,H01,6,5,5,50,14,9,1,4,4,5,13,1,1,1,5,5,1,9,1,34,2,9,4,5,8,16,8,20,10,16,,67,,1,21,121.5770114,25.05434219
113,10,8,0,32,1,02萬華區,萬華區環河快速道路南向北（燈桿：0905276）,1,0,0,1,B03,6,5,5,60,14,7,1,4,4,5,13,4,4,1,4,5,2,10,1,61,3,10,7,4,7,9,1,8,2,1,,44,,1,21,121.4929217,25.01946414
113,10,8,0,32,1,02萬華區,萬華區環河快速道路南向北（燈桿：0905276）,1,0,0,2,F01,6,5,5,60,14,7,1,4,4,5,13,4,4,1,4,5,2,10,1,87,1,9,4,4,7,9,8,20,1,11,,4,,1,21,121.4929217,25.01946414
113,10,8,0,35,2,07信義區,信義區基隆路1段與忠孝東路5段口,0,0,1,1,B03,7,5,5,50,14,9,1,4,4,5,13,1,1,5,5,5,2,13,1,28,3,10,7,1,7,9,3,18,2,1,,107,,1,21,121.5644056,25.0408646
113,10,8,0,35,2,07信義區,信義區基隆路1段與忠孝東路5段口,0,0,1,2,C02,7,5,5,50,14,9,1,4,4,5,13,1,1,5,5,5,2,13,1,36,2,9,5,1,7,14,1,9,2,13,,44,,1,21,121.5644056,25.0408646
113,10,8,7,39,2,10文山區,文山區忠順街1段與木新路3段310巷口口,0,0,1,1,B03,6,6,5,30,3,2,1,4,4,5,13,2,1,10,5,5,1,17,2,52,3,10,3,4,7,14,1,8,1,2,,40,,1,21,121.5560234,24.9832335
113,10,8,7,39,2,10文山區,文山區忠順街1段與木新路3段310巷口口,0,0,1,2,C03,6,6,5,30,3,2,1,4,4,5,13,2,1,10,5,5,1,17,2,47,2,8,6,1,7,9,1,10,1,14,,44,,1,21,121.5560234,24.9832335
113,10,8,7,40,2,09北投區,北投區新民路60號,0,0,2,1,C03,6,5,5,50,14,9,1,4,4,5,12,3,1,5,4,5,2,17,2,19,2,9,3,4,7,5,1,10,2,14,,8,,1,21,121.5096664,25.1399121
113,10,8,7,40,2,09北投區,北投區新民路60號,0,0,2,2,C03,6,5,5,50,14,9,1,4,4,5,12,3,1,5,4,5,2,17,2,48,2,9,3,4,7,9,1,10,2,11,,44,,2,21,121.5096664,25.1399121
113,10,8,7,43,2,12內湖區,內湖區環山路1段9巷與內湖路1段285巷口,0,0,1,1,C03,6,6,5,30,3,1,1,4,4,4,8,4,4,10,5,5,1,17,2,27,2,9,5,1,7,9,1,10,1,14,,14,,1,22,121.5669406,25.0830381
113,10,8,7,43,2,12內湖區,內湖區環山路1段9巷與內湖路1段285巷口,0,0,1,2,C03,6,6,5,30,3,1,1,4,4,4,8,4,4,10,5,5,1,17,1,29,3,10,6,1,7,5,1,10,1,17,,72,,1,21,121.5669406,25.0830381
113,10,8,7,55,2,05中正區,中正區羅斯福路3段62號,0,0,1,1,C03,6,7,5,50,14,9,1,4,4,5,13,1,1,2,4,5,2,13,1,18,3,10,6,1,7,9,1,10,1,11,,16,,1,21,121.5259708,25.0224891
113,10,8,7,55,2,05中正區,中正區羅斯福路3段62號,0,0,1,2,C03,6,7,5,50,14,9,1,4,4,5,13,1,1,2,4,5,2,13,2,33,2,9,6,1,7,9,1,10,1,13,,44,,1,21,121.5259708,25.0224891
113,10,8,8,4,2,06松山區,松山區民權大橋東往西7510489燈桿,0,0,1,1,B03,6,6,5,30,8,9,1,4,4,5,13,4,4,1,5,5,2,12,1,47,3,10,3,4,7,8,1,8,2,6,,100,,1,22,121.5669169,25.06338547
113,10,8,8,4,2,06松山區,松山區民權大橋東往西7510489燈桿,0,0,1,2,C03,6,6,5,30,8,9,1,4,4,5,13,4,4,1,5,5,2,12,1,35,2,9,6,4,7,9,1,10,2,11,,44,,1,22,121.5669169,25.06338547
113,10,8,8,10,2,05中正區,中正區廣州街與愛國西路42巷口口,0,0,1,1,B03,6,6,5,30,3,1,1,4,4,5,13,4,4,5,5,5,1,17,2,30,3,10,7,1,7,5,1,8,1,8,,108,,1,21,121.5088844,25.0352927
113,10,8,8,10,2,05中正區,中正區廣州街與愛國西路42巷口口,0,0,1,2,C03,6,6,5,30,3,1,1,4,4,5,13,4,4,5,5,5,1,17,1,63,2,7,6,1,7,5,1,10,1,13,,44,,1,21,121.5088844,25.0352927
113,10,8,8,11,2,03中山區,中山區長春路306號,0,0,1,1,C03,6,7,5,40,14,9,1,4,4,5,13,4,4,9,4,5,2,13,1,41,2,9,5,1,7,9,1,10,1,11,,107,,1,22,121.5396546,25.05480304
113,10,8,8,11,2,03中山區,中山區長春路306號,0,0,1,2,B01,6,7,5,40,14,9,1,4,4,5,13,4,4,9,4,5,2,13,1,61,3,10,7,1,7,14,1,4,1,3,,38,,1,22,121.5396546,25.05480304
113,10,8,8,17,2,05中正區,中正區忠孝東路2段與金山北路口,0,0,1,1,C03,6,5,5,50,5,2,1,4,4,5,13,1,1,1,4,5,2,17,1,24,2,9,6,1,7,9,1,10,2,14,,44,,1,21,121.5302299,25.043158
113,10,8,8,17,2,05中正區,中正區忠孝東路2段與金山北路口,0,0,1,2,C03,6,5,5,50,5,2,1,4,4,5,13,1,1,1,4,5,2,17,1,64,3,10,6,1,7,1,1,10,2,17,,19,,1,21,121.5302299,25.043158
113,10,8,8,18,2,10文山區,文山區新光路2段與新光路2段74巷口口,0,0,1,1,B03,6,7,5,30,3,2,1,4,4,5,13,4,4,5,5,5,2,16,2,69,3,10,7,1,7,6,1,8,1,2,,9,,1,21,121.5940922,24.9962459
113,10,8,8,18,2,10文山區,文山區新光路2段與新光路2段74巷口口,0,0,1,2,C03,6,7,5,30,3,2,1,4,4,5,13,4,4,5,5,5,2,16,1,36,2,8,5,1,7,9,1,10,1,14,,44,,1,21,121.5940922,24.9962459
113,10,8,8,25,2,09北投區,北投區大度路機慢車道第048號燈桿前,0,0,2,1,C03,6,6,7,50,14,12,1,4,4,5,13,4,4,1,4,1,1,13,1,19,2,9,5,1,7,9,1,10,1,11,,16,,1,21,121.4849069,25.1221902
113,10,8,8,25,2,09北投區,北投區大度路機慢車道第048號燈桿前,0,0,2,2,C03,6,6,7,50,14,12,1,4,4,5,13,4,4,1,4,1,1,13,2,38,2,9,5,1,7,9,1,10,1,13,,44,,1,21,121.4849069,25.1221902
113,10,8,8,30,2,02萬華區,萬華區西園路2段與西園路2段225巷口,0,0,1,1,C03,6,6,5,30,3,1,1,4,4,5,13,2,1,1,4,5,1,17,2,48,3,10,3,4,7,6,6,18,1,14,,82,,1,22,121.4953162,25.02833723
113,10,8,8,30,2,02萬華區,萬華區西園路2段與西園路2段225巷口,0,0,1,2,C03,6,6,5,30,3,1,1,4,4,5,13,2,1,1,4,5,1,17,2,47,2,8,3,4,7,9,1,10,1,12,,44,,1,22,121.4953162,25.02833723
113,10,8,8,47,2,12內湖區,內湖區堤頂大道2段與瑞光路316巷口,0,0,1,1,C03,6,6,5,50,3,2,1,4,4,5,13,4,4,1,4,3,2,12,2,25,2,8,5,1,7,8,1,10,1,12,,100,,1,21,121.5720759,25.0752331
113,10,8,8,47,2,12內湖區,內湖區堤頂大道2段與瑞光路316巷口,0,0,1,2,C03,6,6,5,50,3,2,1,4,4,5,13,4,4,1,4,3,2,12,1,61,3,10,5,1,7,9,1,10,1,11,,44,,1,21,121.5720759,25.0752331
113,10,8,8,52,2,07信義區,信義區基隆路1段與忠孝東路5段口口,0,0,2,1,C03,6,7,5,50,4,1,1,4,4,5,13,2,1,3,4,3,2,13,2,27,2,9,6,1,7,9,1,10,1,14,,16,,1,21,121.5644609,25.0409009
113,10,8,8,52,2,07信義區,信義區基隆路1段與忠孝東路5段口口,0,0,2,2,C03,6,7,5,50,4,1,1,4,4,5,13,2,1,3,4,3,2,13,2,38,2,9,6,1,7,9,1,10,1,12,,16,,1,21,121.5644609,25.0409009
113,10,8,8,52,2,07信義區,信義區基隆路1段與忠孝東路5段口口,0,0,2,3,C03,6,7,5,50,4,1,1,4,4,5,13,2,1,3,4,3,2,13,1,50,3,10,6,1,7,9,1,10,1,13,,44,,1,21,121.5644609,25.0409009
113,10,8,9,22,2,03中山區,中山區長安東路2段與吉林路口,0,0,1,1,C03,6,7,5,50,4,1,1,4,4,5,13,1,1,5,4,5,2,16,2,60,2,9,5,1,7,5,1,10,1,14,,8,,1,22,121.5299908,25.0485603
113,10,8,9,22,2,03中山區,中山區長安東路2段與吉林路口,0,0,1,2,B03,6,7,5,50,4,1,1,4,4,5,13,1,1,5,4,5,2,16,1,52,3,10,7,1,7,9,1,8,1,2,,44,,1,22,121.5299908,25.0485603
113,10,8,9,43,2,08士林區,士林區東山路25巷81弄(路燈072),0,0,1,1,C03,6,6,5,30,14,9,1,4,4,5,13,4,4,10,5,5,1,12,1,21,2,1,5,1,7,9,1,10,1,13,,118,,1,21,121.541409,25.12178315
113,10,8,9,43,2,08士林區,士林區東山路25巷81弄(路燈072),0,0,1,2,B03,6,6,5,30,14,9,1,4,4,5,13,4,4,10,5,5,1,12,1,21,3,10,7,1,7,9,1,8,1,5,,118,,1,21,121.541409,25.12178315
113,10,8,10,0,2,03中山區,中山區復興北路與復興北路190巷口,0,0,1,1,C03,6,7,5,50,3,1,1,4,4,5,13,4,4,1,4,5,2,13,2,30,3,10,6,4,7,9,1,10,2,13,,44,,1,21,121.5440092,25.05535878
113,10,8,10,0,2,03中山區,中山區復興北路與復興北路190巷口,0,0,1,2,C03,6,7,5,50,3,1,1,4,4,5,13,4,4,1,4,5,2,13,2,44,2,9,5,4,7,9,1,21,2,11,,16,,1,21,121.5440092,25.05535878