發生年度,發生月,發生日,發生時-Hours,發生分,處理別-編號,區序,肇事地點,死亡人數,2-30日死亡人數,受傷人數,當事人序號,車種,天候,道路照明設備,道路類別,速限-速度限制,道路型態,事故位置,路面狀況1,路面狀況2,路面狀況3,道路障礙1,道路障礙2,號誌1,號誌2,車道劃分-分向,車道劃分-分道1,車道劃分-分道2,車道劃分-分道3,事故類型及型態,性別,年齡,受傷程度,主要傷處,保護裝置,行動電話,車輛用途,當事者行動狀態,駕駛資格情形,駕駛執照種類,飲酒情形,車輛撞擊部位1,車輛撞擊部位2,肇因碼-個別,肇因碼-主要,個人肇逃否,職業,座標-X,座標-Y
113,10,8,10,0,2,03中山區,中山區新生北路3段56巷與林森北路口,0,0,1,1,C03,6,7,5,50,4,1,1,4,4,5,13,4,4,9,4,5,2,17,1,31,2,9,5,1,7,9,1,10,1,14,,14,,1,21,121.5257356,25.0653554
113,10,8,10,0,2,03中山區,中山區新生北路3段56巷與林森北路口,0,0,1,2,B12,6,7,5,50,4,1,1,4,4,5,13,4,4,9,4,5,2,17,4,0,4,11,3,4,,21,7,19,1,15,,119,,2,22,121.5257356,25.0653554
113,10,8,10,0,2,03中山區,中山區新生北路3段56巷與林森北路口,0,0,1,3,G06,6,7,5,50,4,1,1,4,4,5,13,4,4,9,4,5,2,17,4,0,4,11,3,4,,21,7,19,11,15,,119,,2,22,121.5257356,25.0653554
113,10,8,10,10,2,04大安區,大安區和平東路3段308巷15弄與臥龍街口,0,0,1,1,B03,6,6,6,30,3,1,1,4,4,5,13,4,4,10,5,4,2,17,2,55,3,10,7,1,7,5,1,8,1,4,,72,,1,21,121.5563467,25.0185725
113,10,8,10,10,2,04大安區,大安區和平東路3段308巷15弄與臥龍街口,0,0,1,2,C03,6,6,6,30,3,1,1,4,4,5,13,4,4,10,5,4,2,17,1,25,2,9,6,1,7,9,1,10,1,11,,27,,1,21,121.5563467,25.0185725
113,10,8,10,10,2,06松山區,松山區基隆路1段與塔悠路口,0,0,1,1,B02,6,7,5,50,4,1,1,4,4,5,13,2,1,1,4,5,2,16,1,66,3,10,7,1,7,6,1,8,11,2,,9,,1,21,121.5705078,25.0510638
113,10,8,10,10,2,06松山區,松山區基隆路1段與塔悠路口,0,0,1,2,C03,6,7,5,50,4,1,1,4,4,5,13,2,1,1,4,5,2,16,2,21,2,9,6,1,7,9,1,10,11,11,,44,,1,21,121.5705078,25.0510638
113,10,8,10,33,2,04大安區,大安區光復南路420巷與光復南路420巷1弄口,0,0,1,1,C03,7,5,5,30,5,2,1,4,4,5,13,4,4,8,3,5,1,15,1,28,2,9,6,1,7,9,1,10,1,11,,80,,1,21,121.5568996,25.036463
113,10,8,10,33,2,04大安區,大安區光復南路420巷與光復南路420巷1弄口,0,0,1,2,B01,7,5,5,30,5,2,1,4,4,5,13,4,4,8,3,5,1,15,1,56,3,10,7,1,7,9,1,8,1,2,,80,,1,21,121.5568996,25.036463
113,10,8,10,53,2,03中山區,中山區八德路2段與遼寧街口,0,0,1,1,B12,6,6,5,50,4,1,1,4,4,5,13,2,1,4,5,5,1,17,2,50,3,10,3,4,7,6,1,8,1,6,,5,,1,21,121.5422852,25.04721933
113,10,8,10,53,2,03中山區,中山區八德路2段與遼寧街口,0,0,1,2,C03,6,6,5,50,4,1,1,4,4,5,13,2,1,4,5,5,1,17,1,23,2,9,3,4,7,9,1,10,1,11,,13,,1,21,121.5422852,25.04721933
113,10,8,11,0,2,03中山區,中山區市民大道2段與中山北路1段口,0,0,1,1,B12,6,7,5,40,14,9,1,4,4,5,13,4,4,1,4,5,2,12,1,29,3,10,7,1,7,7,1,8,1,7,,100,,1,21,121.5209602,25.0482248
113,10,8,11,0,2,03中山區,中山區市民大道2段與中山北路1段口,0,0,1,2,C03,6,7,5,40,14,9,1,4,4,5,13,4,4,1,4,5,2,12,1,19,2,7,5,1,7,9,1,10,1,11,,13,,1,21,121.5209602,25.0482248
113,10,8,11,54,2,05中正區,中正區重慶南路1段86號,0,0,1,1,B01,6,6,5,50,14,9,1,4,4,5,13,4,4,5,4,5,2,17,1,37,3,10,7,4,7,7,1,4,1,4,,100,,1,21,121.5131947,25.04321753
113,10,8,11,54,2,05中正區,中正區重慶南路1段86號,0,0,1,2,C03,6,6,5,50,14,9,1,4,4,5,13,4,4,5,4,5,2,17,1,22,2,9,6,4,7,9,1,10,1,14,11,44,,1,22,121.5131947,25.04321753
113,10,8,12,6,2,09北投區,北投區東華街2段252號,0,0,1,1,C03,6,6,5,50,14,9,1,4,4,5,13,4,4,1,4,5,1,16,2,22,3,10,5,1,7,6,1,10,1,12,,9,,1,21,121.5086735,25.120614
113,10,8,12,6,2,09北投區,北投區東華街2段252號,0,0,1,2,C03,6,6,5,50,14,9,1,4,4,5,13,4,4,1,4,5,1,16,2,50,2,9,5,1,7,9,1,10,1,11,,44,,1,21,121.5086735,25.120614
113,10,8,12,18,2,02萬華區,萬華區廣州街與西昌街口,0,0,1,1,B01,6,6,5,50,4,1,1,4,4,5,13,4,4,9,4,5,1,3,1,68,3,10,7,1,7,5,1,4,1,8,,108,,1,21,121.5005592,25.0366632
113,10,8,12,18,2,02萬華區,萬華區廣州街與西昌街口,0,0,1,2,H01,6,6,5,50,4,1,1,4,4,5,13,4,4,9,4,5,1,3,2,79,2,8,4,5,8,16,8,20,10,16,,121,,1,21,121.5005592,25.0366632
113,10,8,12,23,2,10文山區,文山區木新路2段211巷與木新路2段211巷6弄口口,0,0,2,1,C03,7,6,5,30,4,1,1,4,4,5,13,4,4,10,5,5,1,15,2,27,2,8,6,1,7,9,1,10,2,11,,72,,1,21,121.5679905,24.9831802
113,10,8,12,23,2,10文山區,文山區木新路2段211巷與木新路2段211巷6弄口口,0,0,2,2,C03,7,6,5,30,4,1,1,4,4,5,13,4,4,10,5,5,1,15,1,32,2,8,5,1,7,9,1,10,2,14,,14,,1,23,121.5679905,24.9831802
113,10,8,12,27,2,05中正區,中正區愛國西路與博愛路口,0,0,1,1,B03,6,7,5,50,4,1,1,4,4,5,13,1,1,5,4,1,2,15,2,72,3,10,7,1,7,9,1,8,1,2,,42,,1,21,121.510747,25.0354566
113,10,8,12,27,2,05中正區,中正區愛國西路與博愛路口,0,0,1,2,C03,6,7,5,50,4,1,1,4,4,5,13,1,1,5,4,1,2,15,1,48,2,8,6,1,7,1,1,10,1,11,,44,,1,21,121.510747,25.0354566
113,10,8,12,30,2,09北投區,北投區清江路與清江路25巷口,0,0,1,1,B03,7,6,5,30,3,2,1,5,4,5,13,4,4,10,5,5,2,2,2,59,3,10,7,1,7,9,1,8,1,1,,108,,1,21,121.5019679,25.1314355
113,10,8,12,30,2,09北投區,北投區清江路與清江路25巷口,0,0,1,2,H01,7,6,5,30,3,2,1,5,4,5,13,4,4,10,5,5,2,2,2,78,2,8,4,5,8,16,8,20,10,16,,67,,1,21,121.5019679,25.1314355
113,10,8,12,41,2,01大同區,大同區民權西路與迪化街2段口,0,0,1,1,C03,6,6,5,30,4,1,1,4,4,5,13,4,4,10,5,5,2,17,1,57,2,8,6,1,7,9,6,18,1,14,,72,,1,21,121.5093989,25.0633913
113,10,8,12,41,2,01大同區,大同區民權西路與迪化街2段口,0,0,1,2,B03,6,6,5,30,4,1,1,4,4,5,13,4,4,10,5,5,2,17,1,49,3,10,7,1,7,9,1,8,1,1,,13,,1,21,121.5093989,25.0633913
113,10,8,12,41,2,10文山區,文山區保儀路與忠順街2段口口,0,0,1,1,B03,6,6,5,30,4,1,1,4,4,5,13,2,1,5,5,5,2,16,1,71,3,10,7,1,7,5,1,8,1,5,,71,,1,21,121.5667476,24.9847609
113,10,8,12,41,2,10文山區,文山區保儀路與忠順街2段口口,0,0,1,2,C03,6,6,5,30,4,1,1,4,4,5,13,2,1,5,5,5,2,16,2,44,2,9,5,1,7,9,1,10,1,11,,44,,1,21,121.5667476,24.9847609
113,10,8,12,56,2,02萬華區,萬華區中華路1段與峨眉街口,0,0,1,1,B03,6,7,5,50,3,1,1,4,4,5,13,4,4,1,5,5,2,17,1,43,3,10,7,1,7,15,1,8,1,15,,108,,1,21,121.5083888,25.0432504
113,10,8,12,56,2,02萬華區,萬華區中華路1段與峨眉街口,0,0,1,2,B01,6,7,5,50,3,1,1,4,4,5,13,4,4,1,5,5,2,17,1,63,3,10,7,1,7,14,1,4,1,17,,38,,1,21,121.5083888,25.0432504
113,10,8,12,56,2,02萬華區,萬華區中華路1段與峨眉街口,0,0,1,3,H01,6,7,5,50,3,1,1,4,4,5,13,4,4,1,5,5,2,17,1,63,2,8,4,5,8,20,8,20,10,16,,54,,1,21,121.5083888,25.0432504
113,10,8,13,29,2,07信義區,信義區信義路5段7號,0,0,1,1,C03,6,6,5,50,14,9,1,4,4,5,13,4,4,1,4,5,1,17,1,49,3,10,5,1,7,1,1,10,2,13,,19,,1,22,121.5640573,25.033057
113,10,8,13,29,2,07信義區,信義區信義路5段7號,0,0,1,2,C03,6,6,5,50,14,9,1,4,4,5,13,4,4,1,4,5,1,17,1,24,2,9,6,1,7,9,1,10,2,12,,13,,1,22,121.5640573,25.033057
113,10,8,14,16,2,07信義區,信義區松仁路8號對面,0,0,1,1,B03,8,6,5,50,14,9,1,4,4,5,13,4,4,1,4,5,2,12,1,28,3,10,3,4,7,8,1,8,2,2,,100,,1,22,121.5688892,25.039507
113,10,8,14,16,2,07信義區,信義區松仁路8號對面,0,0,1,2,C03,8,6,5,50,14,9,1,4,4,5,13,4,4,1,4,5,2,12,1,17,2,9,5,1,7,9,2,18,2,14,,44,,1,21,121.5688892,25.039507
113,10,8,14,28,2,08士林區,士林區德行西路135號,0,0,1,1,C03,6,6,5,50,14,9,1,4,4,5,13,4,4,5,5,5,2,9,1,38,3,10,5,1,7,9,1,10,1,11,,108,,1,21,121.5199235,25.1035122
113,10,8,14,28,2,08士林區,士林區德行西路135號,0,0,1,2,H01,6,6,5,50,14,9,1,4,4,5,13,4,4,5,5,5,2,9,2,60,2,9,4,5,8,16,8,20,10,16,,121,,1,21,121.5199235,25.1035122
113,10,8,14,58,2,02萬華區,萬華區康定路22號,0,0,1,1,B01,6,6,5,50,14,9,1,4,4,5,13,4,4,5,2,5,2,17,1,51,3,10,7,1,7,5,1,4,1,4,,8,,1,21,121.5030515,25.04522195
113,10,8,14,58,2,02萬華區,萬華區康定路22號,0,0,1,2,C03,6,6,5,50,14,9,1,4,4,5,13,4,4,5,2,5,2,17,1,42,2,7,6,1,7,9,1,10,1,12,,94,,1,21,121.5030515,25.04522195
113,10,8,15,0,2,09北投區,北投區大度路往淡水No.1208634燈桿,0,0,2,1,C03,7,7,5,50,14,12,1,5,4,5,13,4,4,1,4,3,1,17,2,19,2,9,6,1,7,9,1,10,1,11,,13,,1,22,121.4773463,25.1226536
113,10,8,15,0,2,09北投區,北投區大度路往淡水No.1208634燈桿,0,0,2,2,A12,7,7,5,50,14,12,1,5,4,5,13,4,4,1,4,3,1,17,1,62,3,10,7,1,7,14,1,1,1,4,,44,,1,22,121.4773463,25.1226536
113,10,8,15,0,2,09北投區,北投區大度路往淡水No.1208634燈桿,0,0,2,3,H03,7,7,5,50,14,12,1,5,4,5,13,4,4,1,4,3,1,17,1,64,2,9,4,5,8,20,8,20,10,16,,60,,1,22,121.4773463,25.1226536
113,10,8,15,15,2,07信義區,信義區松高路與松仁路口,0,0,1,1,C03,6,6,5,50,4,1,1,4,4,5,13,2,1,9,5,5,2,16,2,22,2,9,5,4,7,5,1,10,1,14,11,8,,1,21,121.5684735,25.0390801
113,10,8,15,15,2,07信義區,信義區松高路與松仁路口,0,0,1,2,C03,6,6,5,50,4,1,1,4,4,5,13,2,1,9,5,5,2,16,1,60,3,10,5,1,7,9,1,10,1,12,,44,,1,22,121.5684735,25.0390801
113,10,8,15,24,2,06松山區,松山區民生東路5段119號,0,0,1,1,C03,6,7,5,50,14,9,1,4,4,5,13,4,4,5,4,5,2,17,1,54,3,10,5,4,7,6,3,18,1,17,,9,,1,21,121.5605277,25.0588539
113,10,8,15,24,2,06松山區,松山區民生東路5段119號,0,0,1,2,C03,6,7,5,50,14,9,1,4,4,5,13,4,4,5,4,5,2,17,2,27,2,9,6,4,7,9,1,10,1,12,,44,,1,21,121.5605277,25.0588539
113,10,8,15,40,2,06松山區,松山區延壽街與延壽街72巷口,0,0,1,1,B03,6,5,5,30,3,1,1,4,4,5,13,4,4,8,3,5,2,16,1,43,3,10,3,4,7,5,1,8,1,4,,72,,1,22,121.5653774,25.05701
113,10,8,15,40,2,06松山區,松山區延壽街與延壽街72巷口,0,0,1,2,C03,6,5,5,30,3,1,1,4,4,5,13,4,4,8,3,5,2,16,1,50,2,9,5,1,7,9,1,10,1,15,,44,,1,22,121.5653774,25.05701
113,10,8,16,28,2,05中正區,中正區忠孝東路1段39號前,0,0,1,1,B01,6,5,5,50,14,9,1,4,4,5,13,2,1,9,4,4,1,17,1,59,3,10,7,1,7,7,1,8,9,17,,100,,1,21,121.5254458,25.0443892
113,10,8,16,28,2,05中正區,中正區忠孝東路1段39號前,0,0,1,2,C03,6,5,5,50,14,9,1,4,4,5,13,2,1,9,4,4,1,17,1,62,2,8,5,1,7,9,1,10,1,14,,42,,1,21,121.5254458,25.0443892
113,10,8,16,40,2,12內湖區,內湖區潭美街與安美街口,0,0,1,1,B03,6,6,5,50,3,1,1,4,4,5,13,3,1,5,5,5,2,16,1,43,3,10,7,1,7,6,1,8,1,8,,72,,1,21,121.6028144,25.0610484
113,10,8,16,40,2,12內湖區,內湖區潭美街與安美街口,0,0,1,2,C03,6,6,5,50,3,1,1,4,4,5,13,3,1,5,5,5,2,16,2,46,2,9,6,1,7,9,1,10,1,11,,13,,1,21,121.6028144,25.0610484
113,10,8,16,43,2,04大安區,大安區忠孝東路4段與忠孝東路口側附近4段216巷口,0,0,1,1,C03,8,6,5,50,4,1,1,5,4,5,13,1,1,10,5,5,2,17,2,20,2,9,6,1,7,5,1,10,1,14,,96,,1,21,121.5529575,25.0414108
113,10,8,16,43,2,04大安區,大安區忠孝東路4段與忠孝東路口側附近4段216巷口,0,0,1,2,B01,8,6,5,50,4,1,1,5,4,5,13,1,1,10,5,5,2,17,1,52,3,10,2,1,7,9,1,4,1,2,,44,,1,21,121.5529575,25.0414108
113,10,8,17,0,2,07信義區,信義區林口街與林口街114巷口,0,0,1,1,B12,6,6,5,50,4,1,1,4,4,5,13,1,1,5,4,4,2,17,1,47,3,10,3,4,7,5,1,8,2,4,,44,,1,21,121.5802688,25.0400214
113,10,8,17,0,2,07信義區,信義區林口街與林口街114巷口,0,0,1,2,C03,6,6,5,50,4,1,1,4,4,5,13,1,1,5,4,4,2,17,2,39,2,9,6,4,7,9,1,11,7,11,,21,,1,21,121.5802688,25.0400214
113,10,8,17,4,2,11南港區,南港區市民大道7段與中坡北路口,0,0,1,1,B12,6,5,5,50,4,1,1,4,4,5,13,1,1,8,3,5,2,16,1,41,3,10,3,4,7,6,1,8,1,2,,9,,2,22,121.5802493,25.0495432
113,10,8,17,4,2,11南港區,南港區市民大道7段與中坡北路口,0,0,1,2,C03,6,5,5,50,4,1,1,4,4,5,13,1,1,8,3,5,2,16,1,47,2,7,3,4,7,9,1,10,1,14,,44,,1,21,121.5802493,25.0495432
113,10,8,17,15,2,03中山區,大同區承德路2段與民權西路口,0,0,1,1,B02,8,7,5,50,4,2,1,5,4,5,13,1,1,1,4,5,2,9,1,64,4,11,3,4,7,21,7,19,1,15,,42,,2,22,121.5180313,25.0629751
113,10,8,17,15,2,03中山區,大同區承德路2段與民權西路口,0,0,1,2,H02,8,7,5,50,4,2,1,5,4,5,13,1,1,1,4,5,2,9,1,30,2,2,4,5,8,21,8,20,10,16,,67,,1,21,121.5180313,25.0629751
113,10,8,17,15,2,03中山區,大同區承德路2段與民權西路口,0,0,1,3,H02,8,7,5,50,4,2,1,5,4,5,13,1,1,1,4,5,2,9,2,57,3,10,4,5,8,21,8,20,10,16,,67,,1,21,121.5180313,25.0629751
113,10,8,17,26,2,11南港區,南港區南港路1段263號,0,0,1,1,A05,6,6,5,50,14,9,1,4,4,5,13,4,4,4,3,5,2,12,1,58,3,10,3,4,7,9,1,2,2,2,,44,,1,21,121.6091801,25.0547719
113,10,8,17,26,2,11南港區,南港區南港路1段263號,0,0,1,2,C03,6,6,5,50,14,9,1,4,4,5,13,4,4,4,3,5,2,12,2,63,2,9,3,4,7,7,3,18,2,14,,100,,1,21,121.6091801,25.0547719
113,10,8,17,26,2,11南港區,南港區南港路1段263號,0,0,1,3,B03,6,6,5,50,14,9,1,4,4,5,13,4,4,4,3,5,2,12,2,44,3,10,3,4,7,14,1,8,9,17,,44,,1,21,121.6091801,25.0547719
113,10,8,17,39,2,12內湖區,內湖區行善路與新湖一路339巷口,0,0,1,1,B03,6,5,5,50,4,2,1,4,4,5,13,2,1,1,4,5,2,17,2,23,3,10,2,1,7,5,3,18,1,6,,80,,1,21,121.584661,25.06271996
113,10,8,17,39,2,12內湖區,內湖區行善路與新湖一路339巷口,0,0,1,2,C03,6,5,5,50,4,2,1,4,4,5,13,2,1,1,4,5,2,17,1,33,2,9,6,1,7,9,1,10,1,11,,44,,1,21,121.584661,25.06271996
113,10,8,17,46,2,02萬華區,萬華區環河南路2段149巷7號,0,0,1,1,F01,7,5,5,30,14,9,1,4,4,5,13,4,4,10,5,5,2,17,1,63,2,9,4,4,7,9,8,20,9,12,,42,,1,22,121.4932445,25.0337101
113,10,8,17,46,2,02萬華區,萬華區環河南路2段149巷7號,0,0,1,2,B03,7,5,5,30,14,9,1,4,4,5,13,4,4,10,5,5,2,17,2,61,3,10,3,4,7,14,1,8,9,4,,38,,1,22,121.4932445,25.0337101
113,10,8,18,20,2,11南港區,南港區松河街與重陽路203巷口,0,0,1,1,B01,6,5,5,50,4,1,1,4,4,5,13,4,4,5,4,5,2,16,1,61,3,10,3,4,7,5,1,4,1,2,,72,,1,21,121.6001965,25.0583325
113,10,8,18,20,2,11南港區,南港區松河街與重陽路203巷口,0,0,1,2,C03,6,5,5,50,4,1,1,4,4,5,13,4,4,5,4,5,2,16,1,26,2,9,3,4,7,9,1,10,1,11,,13,,1,21,121.6001965,25.0583325
113,10,8,18,20,2,11南港區,南港區松河街與重陽路203巷口,0,0,1,3,B03,6,5,5,50,4,1,1,4,4,5,13,4,4,5,4,5,2,16,1,63,3,10,3,4,7,13,1,8,1,10,,44,,1,21,121.6001965,25.0583325
113,10,8,18,23,2,04大安區,大安區仁愛路3段與建國南路1段口口,0,0,1,1,B03,6,5,5,50,4,2,1,4,4,5,13,2,1,1,4,5,2,12,1,48,3,10,3,4,7,9,1,8,1,4,,100,,1,22,121.5372898,25.0379072
113,10,8,18,23,2,04大安區,大安區仁愛路3段與建國南路1段口口,0,0,1,2,C03,6,5,5,50,4,2,1,4,4,5,13,2,1,1,4,5,2,12,2,42,2,9,3,4,7,9,1,10,1,12,,99,,1,22,121.5372898,25.0379072
113,10,8,18,40,2,05中正區,中正區林森南路與濟南路1段口,0,0,1,1,C03,8,5,5,50,4,2,1,5,4,5,13,2,1,5,4,5,2,12,2,25,3,10,5,1,7,9,1,10,2,12,,108,,1,22,121.5226472,25.04253302
113,10,8,18,40,2,05中正區,中正區林森南路與濟南路1段口,0,0,1,2,C03,8,5,5,50,4,2,1,5,4,5,13,2,1,5,4,5,2,12,1,49,2,9,5,1,7,7,1,10,2,14,,101,,1,22,121.5226472,25.04253302
113,10,8,19,3,2,07信義區,信義區富陽街41號,0,0,1,1,C03,6,5,5,50,14,9,1,4,4,5,13,4,4,9,4,5,2,29,1,58,3,10,5,1,7,15,1,10,1,17,,44,,1,21,121.5563593,25.0226505
113,10,8,19,3,2,07信義區,信義區富陽街41號,0,0,1,2,C03,6,5,5,50,14,9,1,4,4,5,13,4,4,9,4,5,2,29,2,34,2,9,6,1,7,5,1,10,1,14,,44,,1,21,121.5563593,25.0226505
113,10,8,19,11,2,01大同區,大同區歸綏街181號,0,0,2,1,C03,6,5,5,50,14,9,1,4,4,5,13,4,4,5,5,5,2,16,1,20,2,9,6,1,7,5,1,10,2,14,,99,,1,21,121.513227,25.0582004
113,10,8,19,11,2,01大同區,大同區歸綏街181號,0,0,2,2,C03,6,5,5,50,14,9,1,4,4,5,13,4,4,5,5,5,2,16,2,21,2,8,5,1,7,9,1,10,2,12,,44,,1,21,121.513227,25.0582004
113,10,8,19,27,2,09北投區,北投區大業路527巷151號與大業路527巷口高架便道,0,0,1,1,C03,8,5,5,50,3,1,1,4,4,5,13,4,4,5,5,5,2,18,1,55,2,7,5,1,7,6,1,10,9,12,,42,,1,21,121.4759783,25.1327689
113,10,8,19,27,2,09北投區,北投區大業路527巷151號與大業路527巷口高架便道,0,0,1,2,,8,5,5,50,3,1,1,4,4,5,13,4,4,5,5,5,2,18,3,0,,,,,,,,,,,,67,,1,,121.4759783,25.1327689
113,10,8,19,44,2,07信義區,信義區市民大道6段與松信路口,0,0,1,1,B01,6,5,5,50,4,1,1,4,4,5,13,2,1,9,4,5,2,17,1,60,3,10,7,1,7,9,1,4,1,2,,17,,1,21,121.5722159,25.0493453
113,10,8,19,44,2,07信義區,信義區市民大道6段與松信路口,0,0,1,2,C03,6,5,5,50,4,1,1,4,4,5,13,2,1,9,4,5,2,17,2,33,2,9,5,1,7,9,1,10,1,14,,17,,1,21,121.5722159,25.0493453
113,10,8,20,26,2,06松山區,松山區市民大道4段與敦化南路1段口,0,0,1,1,B01,7,5,5,40,4,1,1,5,4,5,13,2,1,1,4,5,2,16,1,34,3,10,7,1,7,6,1,4,2,6,,71,,1,21,121.5491773,25.0449464
113,10,8,20,26,2,06松山區,松山區市民大道4段與敦化南路1段口,0,0,1,2,C03,7,5,5,40,4,1,1,5,4,5,13,2,1,1,4,5,2,16,1,49,2,9,6,1,7,9,1,10,2,11,,44,,1,21,121.5491773,25.0449464
113,10,8,20,34,2,12內湖區,內湖區南京東路6段(西向東往新明路298巷),0,0,1,1,A04,6,5,5,50,14,9,1,4,4,5,13,4,4,1,4,5,2,12,1,59,4,11,,,,,,,11,,,119,,2,,121.5793243,25.0558276
113,10,8,20,34,2,12內湖區,內湖區南京東路6段(西向東往新明路298巷),0,0,1,2,B03,6,5,5,50,14,9,1,4,4,5,13,4,4,1,4,5,2,12,1,36,2,9,7,1,7,14,1,8,2,2,,44,,1,21,121.5793243,25.0558276
113,10,8,21,0,2,08士林區,士林區中正路與基河路口,0,0,2,1,C03,6,5,5,50,4,2,1,4,4,5,13,1,1,10,4,5,1,17,1,22,2,7,6,1,7,9,1,10,1,11,,108,,1,21,121.5198627,25.0933587
113,10,8,21,0,2,08士林區,士林區中正路與基河路口,0,0,2,2,C03,6,5,5,50,4,2,1,4,4,5,13,1,1,10,4,5,1,17,1,23,2,8,6,1,7,14,1,10,1,12,,38,,1,21,121.5198627,25.0933587
113,10,8,21,23,2,10文山區,文山區忠順街2段與忠順街2段90巷口,0,0,1,1,B01,7,5,5,50,3,1,1,4,4,5,13,4,4,10,5,5,2,17,1,61,3,10,3,4,7,5,1,4,2,8,,72,,1,21,121.5658304,24.98502112
113,10,8,21,23,2,10文山區,文山區忠順街2段與忠順街2段90巷口,0,0,1,2,C03,7,5,5,50,3,1,1,4,4,5,13,4,4,10,5,5,2,17,1,20,2,9,3,4,7,9,1,10,2,12,,44,,1,25,121.5658304,24.98502112
113,10,8,21,50,2,03中山區,中山區南京東路2段115巷與松江路133巷口,0,0,2,1,C03,7,5,5,30,4,1,1,4,4,5,13,4,4,10,5,5,2,15,1,29,2,9,6,1,7,9,1,10,1,11,,72,,1,22,121.5336349,25.0543294
113,10,8,21,50,2,03中山區,中山區南京東路2段115巷與松江路133巷口,0,0,2,2,C03,7,5,5,30,4,1,1,4,4,5,13,4,4,10,5,5,2,15,1,27,2,9,6,1,7,9,1,10,1,12,,14,,1,22,121.5336349,25.0543294
113,10,8,22,18,2,03中山區,中山區市民大道3段與八德路2段210巷口,0,0,1,1,B02,7,5,5,40,3,1,1,4,4,5,13,1,1,1,4,5,2,16,1,44,3,10,3,4,7,6,1,8,1,6,,9,,1,21,121.5395084,25.0448282
113,10,8,22,18,2,03中山區,中山區市民大道3段與八德路2段210巷口,0,0,1,2,C03,7,5,5,40,3,1,1,4,4,5,13,1,1,1,4,5,2,16,1,43,2,8,3,4,7,9,1,10,1,15,,44,,1,21,121.5395084,25.0448282
113,10,8,23,5,2,08士林區,士林區天母東路8巷與忠誠路2段140巷口,0,0,2,1,C03,6,6,5,30,3,2,1,4,4,5,13,4,4,10,5,5,1,3,1,19,2,9,5,1,7,9,1,10,2,11,,42,,1,21,121.5309881,25.1155656
113,10,8,23,5,2,08士林區,士林區天母東路8巷與忠誠路2段140巷口,0,0,2,2,H01,6,6,5,30,3,2,1,4,4,5,13,4,4,10,5,5,1,3,1,40,2,9,4,5,8,16,8,20,10,16,,53,,1,21,121.5309881,25.1155656
113,10,9,5,39,2,06松山區,松山區塔悠路81號,0,0,2,1,C03,6,5,5,50,22,9,1,4,4,5,13,2,1,1,4,5,2,23,1,18,2,7,6,1,7,9,1,10,2,11,,108,,1,21,121.5704309,25.051623
113,10,9,5,39,2,06松山區,松山區塔悠路81號,0,0,2,3,H02,6,5,5,50,22,9,1,4,4,5,13,2,1,1,4,5,2,23,2,14,2,2,6,5,7,17,8,20,10,16,,67,,1,21,121.5704309,25.051623
113,10,9,5,39,2,06松山區,松山區塔悠路81號,0,0,2,2,,6,5,5,50,22,9,1,4,4,5,13,2,1,1,4,5,2,23,3,0,,,,,,,,,,,,67,,1,,121.5704309,25.051623
113,10,9,6,30,2,05中正區,中正區青島東路與鎮江街口,0,0,1,1,B03,7,5,5,50,4,2,1,4,4,3,10,2,1,5,2,4,2,17,1,59,3,10,7,1,7,1,1,2,2,8,,19,,1,21,121.5208732,25.04416722
113,10,9,6,30,2,05中正區,中正區青島東路與鎮江街口,0,0,1,2,C03,7,5,5,50,4,2,1,4,4,3,10,2,1,5,2,4,2,17,1,41,2,9,6,1,7,9,1,10,2,11,,42,,1,27,121.5208732,25.04416722
113,10,9,6,59,2,07信義區,信義區光復南路與光復南路415巷口口,0,0,1,1,F02,7,7,5,30,3,2,1,4,4,5,13,4,4,10,5,5,2,16,1,71,3,10,4,1,7,6,8,20,1,11,,99,,1,21,121.5576917,25.0372482
113,10,9,6,59,2,07信義區,信義區光復南路與光復南路415巷口口,0,0,1,2,F01,7,7,5,30,3,2,1,4,4,5,13,4,4,10,5,5,2,16,1,38,2,8,4,1,7,6,8,20,1,12,,9,,1,21,121.5576917,25.0372482
113,10,9,7,7,2,12內湖區,內湖區港墘路與港華街口,0,0,1,1,B03,6,5,5,50,4,1,1,4,4,5,13,2,1,1,4,5,2,16,1,53,3,10,7,1,7,5,1,8,2,15,,72,,1,21,121.5784405,25.0826667
113,10,9,7,7,2,12內湖區,內湖區港墘路與港華街口,0,0,1,2,C03,6,5,5,50,4,1,1,4,4,5,13,2,1,1,4,5,2,16,1,38,2,9,5,1,7,9,1,10,2,15,,44,,1,21,121.5784405,25.0826667
113,10,9,7,10,2,10文山區,文山區辛亥路7段與寶橋口,0,0,1,1,C03,7,6,5,50,11,9,1,4,4,5,13,1,1,1,5,5,2,18,1,25,2,9,5,1,7,5,1,10,1,12,,116,,1,21,121.5541199,24.9803495
113,10,9,7,10,2,10文山區,文山區辛亥路7段與寶橋口,0,0,1,2,,7,6,5,50,11,9,1,4,4,5,13,1,1,1,5,5,2,18,3,0,,,,,,,,,,,,67,,1,,121.5541199,24.9803495
113,10,9,7,19,2,08士林區,士林區天母東路105巷35號對面,0,0,1,1,B03,6,6,5,30,11,9,1,4,4,5,13,4,4,10,5,5,1,9,1,49,3,10,7,1,7,9,1,8,11,2,,107,,2,21,121.5357961,25.11972093