發生年度,發生月,發生日,發生時-Hours,發生分,處理別-編號,區序,肇事地點,死亡人數,2-30日死亡人數,受傷人數,當事人序號,車種,天候,道路照明設備,道路類別,速限-速度限制,道路型態,事故位置,路面狀況1,路面狀況2,路面狀況3,道路障礙1,道路障礙2,號誌1,號誌2,車道劃分-分向,車道劃分-分道1,車道劃分-分道2,車道劃分-分道3,事故類型及型態,性別,年齡,受傷程度,主要傷處,保護裝置,行動電話,車輛用途,當事者行動狀態,駕駛資格情形,駕駛執照種類,飲酒情形,車輛撞擊部位1,車輛撞擊部位2,肇因碼-個別,肇因碼-主要,個人肇逃否,職業,座標-X,座標-Y
113,10,9,7,19,2,08士林區,士林區天母東路105巷35號對面,0,0,1,2,H01,6,6,5,30,11,9,1,4,4,5,13,4,4,10,5,5,1,9,1,12,2,7,4,5,8,16,8,20,10,16,,67,,1,14,121.5357961,25.11972093
113,10,9,7,45,2,04大安區,大安區基隆路4段43號,0,0,1,1,C03,6,6,5,50,14,9,1,4,4,5,13,2,1,1,4,4,2,13,2,57,3,10,5,1,7,1,1,10,1,11,,108,,1,22,121.5403634,25.013742
113,10,9,7,45,2,04大安區,大安區基隆路4段43號,0,0,1,2,C03,6,6,5,50,14,9,1,4,4,5,13,2,1,1,4,4,2,13,2,54,2,8,5,1,7,1,1,10,1,13,,44,,1,22,121.5403634,25.013742
113,10,9,7,53,2,10文山區,文山區羅斯福路6段與羅斯福路6段455巷口口,0,0,1,1,C03,7,6,5,50,4,1,1,4,4,5,13,2,1,1,4,5,2,13,2,39,2,7,6,1,7,9,1,10,1,11,,108,,1,21,121.539799,24.990125
113,10,9,7,53,2,10文山區,文山區羅斯福路6段與羅斯福路6段455巷口口,0,0,1,2,C03,7,6,5,50,4,1,1,4,4,5,13,2,1,1,4,5,2,13,1,46,3,10,6,1,7,14,1,9,1,13,,44,,1,21,121.539799,24.990125
113,10,9,7,57,2,02萬華區,萬華區柳州街與桂林路口,0,0,2,1,C03,7,6,5,50,4,1,1,4,4,5,13,2,1,5,4,5,1,17,1,41,2,9,3,4,7,9,1,10,6,12,,81,,1,22,121.4985872,25.03847813
113,10,9,7,57,2,02萬華區,萬華區柳州街與桂林路口,0,0,2,2,C03,7,6,5,50,4,1,1,4,4,5,13,2,1,5,4,5,1,17,2,62,2,9,3,4,7,9,1,10,2,11,,42,,1,22,121.4985872,25.03847813
113,10,9,8,2,2,08士林區,士林區忠誠路2段與忠誠路2段50巷口,0,0,1,1,B03,7,7,5,50,3,1,1,5,4,5,13,2,1,1,4,4,1,17,1,46,3,10,7,1,7,5,1,8,2,5,,71,,1,21,121.5305626,25.1107095
113,10,9,8,2,2,08士林區,士林區忠誠路2段與忠誠路2段50巷口,0,0,1,2,C03,7,7,5,50,3,1,1,5,4,5,13,2,1,1,4,4,1,17,2,46,2,9,5,1,7,9,1,10,2,11,,44,,1,21,121.5305626,25.1107095
113,10,9,8,4,2,02萬華區,萬華區桂林路228巷11弄13號,0,0,1,1,B02,7,6,8,50,22,22,1,4,4,5,13,1,1,1,4,5,1,17,1,25,3,10,3,4,7,11,1,8,1,4,,10,,1,21,121.4954916,25.0384532
113,10,9,8,4,2,02萬華區,萬華區桂林路228巷11弄13號,0,0,1,2,C03,7,6,8,50,22,22,1,4,4,5,13,1,1,1,4,5,1,17,2,40,2,9,3,4,7,9,1,10,1,12,,108,,1,21,121.4954916,25.0384532
113,10,9,8,15,2,01大同區,大同區承德路1段67號,0,0,1,1,C03,7,5,5,50,14,9,1,5,4,5,13,1,1,9,4,5,1,16,1,33,2,9,3,4,7,7,1,10,1,14,,100,,1,21,121.5173961,25.0518327
113,10,9,8,15,2,01大同區,大同區承德路1段67號,0,0,1,2,B03,7,5,5,50,14,9,1,5,4,5,13,1,1,9,4,5,1,16,1,51,3,10,3,4,7,9,1,8,1,5,,44,,1,21,121.5173961,25.0518327
113,10,9,8,18,2,01大同區,大同區延平北路3段18巷與延平北路3段口,0,0,1,1,C03,7,6,5,50,4,1,1,5,4,5,13,4,4,5,2,5,2,17,1,41,2,9,5,4,7,9,1,10,1,12,,4,,1,21,121.5112073,25.064679
113,10,9,8,18,2,01大同區,大同區延平北路3段18巷與延平北路3段口,0,0,1,2,B03,7,6,5,50,4,1,1,5,4,5,13,4,4,5,2,5,2,17,1,41,3,10,7,4,7,5,1,8,1,5,,44,,1,21,121.5112073,25.064679
113,10,9,8,35,2,09北投區,北投區立農街1段與公館路423巷口,0,0,1,1,C03,7,6,5,30,4,1,1,5,4,5,13,3,1,10,5,5,1,3,2,68,3,10,6,1,7,9,1,10,1,11,,70,,1,21,121.5037445,25.1200485
113,10,9,8,35,2,09北投區,北投區立農街1段與公館路423巷口,0,0,1,2,H01,7,6,5,30,4,1,1,5,4,5,13,3,1,10,5,5,1,3,1,51,2,9,4,5,8,16,8,20,10,16,,67,,1,21,121.5037445,25.1200485
113,10,9,8,37,2,06松山區,松山區南京東路5段88號,0,0,2,1,C03,7,6,5,40,14,7,1,4,4,5,13,4,4,8,3,4,2,17,1,29,2,9,5,1,7,9,1,10,1,14,,42,,1,21,121.5612898,25.0514128
113,10,9,8,37,2,06松山區,松山區南京東路5段88號,0,0,2,2,C03,7,6,5,40,14,7,1,4,4,5,13,4,4,8,3,4,2,17,1,34,2,9,5,1,7,9,1,10,1,12,,13,,1,21,121.5612898,25.0514128
113,10,9,8,37,2,06松山區,松山區南京東路5段88號,0,0,2,3,B03,7,6,5,40,14,7,1,4,4,5,13,4,4,8,3,4,2,17,2,41,3,10,7,1,7,1,1,8,9,17,,19,,1,21,121.5612898,25.0514128
113,10,9,9,48,2,03中山區,中山區興安街與興安街80巷口,0,0,2,1,C03,7,7,5,30,3,1,1,5,4,5,13,4,4,10,5,5,2,16,2,54,2,8,6,1,7,5,1,10,1,11,,72,,1,21,121.5414679,25.0560997
113,10,9,9,48,2,03中山區,中山區興安街與興安街80巷口,0,0,2,2,C03,7,7,5,30,3,1,1,5,4,5,13,4,4,10,5,5,2,16,1,40,2,8,6,1,7,9,1,10,1,12,,14,,1,21,121.5414679,25.0560997
113,10,9,9,52,2,05中正區,中正區南海路與泉州街口口,0,0,1,1,B02,7,6,5,50,3,1,1,4,4,5,13,3,1,10,4,5,1,17,1,50,3,10,7,1,7,1,1,8,2,8,,80,,1,21,121.5141109,25.0316816
113,10,9,9,52,2,05中正區,中正區南海路與泉州街口口,0,0,1,2,C03,7,6,5,50,3,1,1,4,4,5,13,3,1,10,4,5,1,17,1,24,2,8,6,1,7,9,1,10,2,11,,13,,1,23,121.5141109,25.0316816
113,10,9,10,8,2,03中山區,中山區民權東路1段與林森北路口,0,0,1,1,C03,7,7,5,50,4,2,1,5,4,5,13,4,4,1,4,5,2,13,1,25,2,1,5,1,7,9,1,10,9,11,,16,,1,21,121.5255848,25.06306281
113,10,9,10,8,2,03中山區,中山區民權東路1段與林森北路口,0,0,1,2,B12,7,7,5,50,4,2,1,5,4,5,13,4,4,1,4,5,2,13,1,45,3,10,7,1,7,14,1,8,2,3,,44,,1,21,121.5255848,25.06306281
113,10,9,10,13,2,04大安區,大安區和平東路2段94號,0,0,1,1,C03,7,6,5,40,14,8,1,4,4,5,13,4,4,1,4,4,2,17,2,40,2,9,6,1,7,9,1,10,2,12,,44,,1,21,121.5406006,25.02509935
113,10,9,10,13,2,04大安區,大安區和平東路2段94號,0,0,1,2,B03,7,6,5,40,14,8,1,4,4,5,13,4,4,1,4,4,2,17,1,64,3,10,7,1,7,13,1,8,2,4,,44,,1,21,121.5406006,25.02509935
113,10,9,10,18,2,01大同區,大同區南京西路25巷32號,0,0,1,1,C03,7,6,5,30,14,9,1,5,4,5,13,4,4,10,5,5,2,9,2,41,3,10,5,4,7,9,1,10,1,14,,108,,1,21,121.5205426,25.0573725
113,10,9,10,18,2,01大同區,大同區南京西路25巷32號,0,0,1,2,H01,7,6,5,30,14,9,1,5,4,5,13,4,4,10,5,5,2,9,2,91,2,9,4,5,8,16,8,20,10,16,,121,,1,21,121.5205426,25.0573725
113,10,9,10,22,2,09北投區,北投區石牌路2段133巷與立農街2段口,0,0,1,1,C04,7,6,5,50,4,2,1,5,4,5,13,1,1,5,4,5,1,17,1,81,3,10,5,1,7,7,1,10,1,11,,100,,1,21,121.5169304,25.11799023
113,10,9,10,22,2,09北投區,北投區石牌路2段133巷與立農街2段口,0,0,1,2,C03,7,6,5,50,4,2,1,5,4,5,13,1,1,5,4,5,1,17,1,32,2,9,5,1,7,9,1,10,1,11,,42,,1,21,121.5169304,25.11799023
113,10,9,10,31,2,04大安區,大安區和平東路2段265巷與復興南路2段171巷口口,0,0,1,1,C04,7,6,5,30,4,1,1,5,4,5,13,4,4,10,5,5,2,15,1,32,2,8,5,1,7,9,1,10,1,12,,72,,1,22,121.5440812,25.0277184
113,10,9,10,31,2,04大安區,大安區和平東路2段265巷與復興南路2段171巷口口,0,0,1,2,B03,7,6,5,30,4,1,1,5,4,5,13,4,4,10,5,5,2,15,1,32,3,10,7,1,7,9,1,8,1,1,,14,,1,22,121.5440812,25.0277184
113,10,9,11,40,2,08士林區,士林區至誠路1段與雨聲街口,0,0,1,1,C03,7,7,5,50,4,1,1,5,4,5,13,3,1,5,5,5,2,17,2,18,2,7,6,1,7,9,1,10,1,11,,42,,1,21,121.5333446,25.1012963
113,10,9,11,40,2,08士林區,士林區至誠路1段與雨聲街口,0,0,1,2,B03,7,7,5,50,4,1,1,5,4,5,13,3,1,5,5,5,2,17,1,69,3,10,7,1,7,9,1,8,1,4,,44,,1,21,121.5333446,25.1012963
113,10,9,11,42,2,03中山區,中山區民族東路與松江路口,0,0,1,1,B03,7,7,5,50,3,1,1,5,4,5,13,4,4,1,4,5,2,16,1,43,3,10,7,1,7,6,1,8,1,5,,9,,1,22,121.5326352,25.0681824
113,10,9,11,42,2,03中山區,中山區民族東路與松江路口,0,0,1,2,C03,7,7,5,50,3,1,1,5,4,5,13,4,4,1,4,5,2,16,1,29,2,9,5,1,7,9,1,10,1,14,,14,,1,22,121.5326352,25.0681824
113,10,9,12,21,2,12內湖區,內湖區文湖街與文湖街81巷口,0,0,1,1,C03,8,6,5,50,4,2,1,5,4,5,13,2,1,5,5,5,2,17,2,26,2,9,6,1,7,9,1,10,1,11,,108,,1,21,121.5640773,25.08653066
113,10,9,12,21,2,12內湖區,內湖區文湖街與文湖街81巷口,0,0,1,2,C03,8,6,5,50,4,2,1,5,4,5,13,2,1,5,5,5,2,17,1,19,3,10,6,1,7,6,1,10,1,12,,9,,1,21,121.5640773,25.08653066
113,10,9,12,35,2,01大同區,大同區永昌街21號,0,0,1,1,B03,8,6,5,30,14,9,1,5,4,5,13,4,4,9,4,5,2,17,2,68,3,10,7,1,7,9,1,8,2,1,,116,,1,21,121.5101748,25.0554959
113,10,9,12,35,2,01大同區,大同區永昌街21號,0,0,1,2,B03,8,6,5,30,14,9,1,5,4,5,13,4,4,9,4,5,2,17,2,40,3,10,7,1,7,9,1,8,2,3,,44,,1,21,121.5101748,25.0554959
113,10,9,12,35,2,01大同區,大同區永昌街21號,0,0,1,3,H03,8,6,5,30,14,9,1,5,4,5,13,4,4,9,4,5,2,17,2,66,2,9,4,5,8,17,8,20,10,16,,67,,1,21,121.5101748,25.0554959
113,10,9,12,35,2,01大同區,大同區永昌街21號,0,0,1,4,,8,6,5,30,14,9,1,5,4,5,13,4,4,9,4,5,2,17,3,57,,,,,,,,,,,,67,,1,,121.5101748,25.0554959
113,10,9,12,38,2,04大安區,大安區復興南路1段與大安路1段116巷口,0,0,1,1,C03,7,7,5,50,4,2,1,5,4,5,13,2,1,8,3,5,1,12,1,24,2,9,5,1,7,12,1,10,1,11,,16,,1,26,121.5437992,25.0396343
113,10,9,12,38,2,04大安區,大安區復興南路1段與大安路1段116巷口,0,0,1,2,B03,7,7,5,50,4,2,1,5,4,5,13,2,1,8,3,5,1,12,2,27,3,10,7,1,7,12,1,8,1,7,,44,,1,26,121.5437992,25.0396343
113,10,9,12,49,2,04大安區,大安區忠孝東路4段46號,0,0,1,2,B01,8,5,5,50,14,9,1,5,4,5,13,4,4,3,3,5,2,13,1,50,3,10,7,1,7,9,1,4,1,7,,44,,1,21,121.5444783,25.0415018
113,10,9,12,49,2,04大安區,大安區忠孝東路4段46號,0,0,1,1,C03,8,5,5,50,14,9,1,5,4,5,13,4,4,3,3,5,2,13,2,20,2,9,6,1,7,9,1,10,1,11,,108,,2,21,121.5444783,25.0415018
113,10,9,12,58,2,05中正區,中正區羅斯福路3段316巷與汀州路3段口,0,0,2,1,C03,8,7,5,30,5,1,1,5,4,5,13,4,4,10,5,5,2,3,2,27,2,8,5,1,7,9,1,10,1,11,,42,,1,21,121.5321965,25.0155249
113,10,9,12,58,2,05中正區,中正區羅斯福路3段316巷與汀州路3段口,0,0,2,2,H01,8,7,5,30,5,1,1,5,4,5,13,4,4,10,5,5,2,3,2,23,2,7,4,5,8,16,8,20,10,16,,121,,1,21,121.5321965,25.0155249
113,10,9,12,58,2,05中正區,中正區重慶南路2段與愛國西路口,0,0,1,1,C03,7,7,5,50,4,1,1,5,4,5,13,1,1,1,4,5,2,13,2,34,2,9,6,1,7,6,1,10,2,12,,16,,1,22,121.5124344,25.0349959
113,10,9,12,58,2,05中正區,中正區重慶南路2段與愛國西路口,0,0,1,2,D03,7,7,5,50,4,1,1,5,4,5,13,1,1,1,4,5,2,13,1,27,3,10,7,1,7,6,1,8,2,7,,44,,1,22,121.5124344,25.0349959
113,10,9,13,22,2,06松山區,松山區健康路50號,0,0,1,1,B12,7,5,5,50,14,9,1,5,4,5,13,2,1,5,4,5,2,17,1,36,3,10,3,4,7,9,1,8,2,1,,16,,1,22,121.5531562,25.053381
113,10,9,13,22,2,06松山區,松山區健康路50號,0,0,1,2,B03,7,5,5,50,14,9,1,5,4,5,13,2,1,5,4,5,2,17,2,43,2,9,3,4,7,12,1,8,2,3,,44,,1,22,121.5531562,25.053381
113,10,9,13,26,2,06松山區,松山區市民大道6段與松山路口口,0,0,2,1,C03,7,7,5,40,4,1,1,5,4,5,13,2,1,1,4,5,2,16,1,22,2,9,6,1,7,6,1,10,2,12,,9,,1,21,121.5778772,25.0495363
113,10,9,13,26,2,06松山區,松山區市民大道6段與松山路口口,0,0,2,2,C03,7,7,5,40,4,1,1,5,4,5,13,2,1,1,4,5,2,16,1,24,2,9,6,1,7,9,1,10,2,14,,107,,1,21,121.5778772,25.0495363
113,10,9,13,40,2,08士林區,士林區福華路與福華路157巷口,0,0,2,1,C03,7,7,5,50,14,9,1,5,4,5,13,4,4,10,5,5,1,3,1,40,2,9,5,1,7,9,1,10,1,11,,70,,1,21,121.5223307,25.10406461
113,10,9,13,40,2,08士林區,士林區福華路與福華路157巷口,0,0,2,2,H01,7,7,5,50,14,9,1,5,4,5,13,4,4,10,5,5,1,3,2,35,2,9,4,5,8,16,8,20,9,16,,67,,1,21,121.5223307,25.10406461
113,10,9,14,59,2,03中山區,中山區中山北路2段77巷20號與民生東路1段52巷口,0,0,2,1,C03,8,6,5,50,3,2,1,5,4,5,13,4,4,10,5,5,2,10,1,31,2,8,5,4,7,4,1,10,1,11,,1,,1,21,121.5240231,25.057375
113,10,9,14,59,2,03中山區,中山區中山北路2段77巷20號與民生東路1段52巷口,0,0,2,2,C03,8,6,5,50,3,2,1,5,4,5,13,4,4,10,5,5,2,10,1,32,2,7,5,4,7,9,1,10,1,14,,44,,1,21,121.5240231,25.057375
113,10,9,15,24,2,10文山區,文山區木柵路1段111號,0,0,1,1,C03,6,6,5,50,14,9,1,4,4,5,13,4,4,5,4,5,2,17,2,20,3,10,5,4,7,1,1,10,2,17,,19,,1,21,121.5480958,24.98713777
113,10,9,15,24,2,10文山區,文山區木柵路1段111號,0,0,1,2,C03,6,6,5,50,14,9,1,4,4,5,13,4,4,5,4,5,2,17,1,26,2,9,5,4,7,9,1,10,2,14,,44,,1,21,121.5480958,24.98713777
113,10,9,15,45,2,03中山區,中山區明水路與樂群二路口,0,0,1,1,B01,8,6,5,50,4,1,1,5,4,5,13,1,1,1,4,1,2,16,1,48,3,10,7,1,7,5,1,4,2,6,,44,,1,21,121.5521478,25.0799474
113,10,9,15,45,2,03中山區,中山區明水路與樂群二路口,0,0,1,2,C03,8,6,5,50,4,1,1,5,4,5,13,1,1,1,4,1,2,16,1,19,2,9,5,1,7,9,1,10,2,11,,81,,1,21,121.5521478,25.0799474
113,10,9,16,0,2,04大安區,大安區羅斯福路3段與浦城街口,0,0,1,1,F03,7,6,5,50,14,9,1,4,4,5,13,2,1,10,5,5,2,13,1,34,3,10,4,1,7,9,8,20,1,11,,108,,1,21,121.5265015,25.0223061
113,10,9,16,0,2,04大安區,大安區羅斯福路3段與浦城街口,0,0,1,2,C03,7,6,5,50,14,9,1,4,4,5,13,2,1,10,5,5,2,13,2,36,2,7,6,1,7,12,1,10,1,13,,44,,1,21,121.5265015,25.0223061
113,10,9,16,15,2,08士林區,士林區中正路與基河路口,0,0,2,2,C03,7,5,5,50,4,2,1,5,4,5,13,2,1,1,4,4,2,17,1,69,2,9,6,1,7,5,1,10,1,12,,8,,1,21,121.5197649,25.0932732
113,10,9,16,15,2,08士林區,士林區中正路與基河路口,0,0,2,3,H02,7,5,5,50,4,2,1,5,4,5,13,2,1,1,4,4,2,17,1,12,2,8,6,5,7,21,8,20,10,16,,67,,1,21,121.5197649,25.0932732
113,10,9,16,15,2,08士林區,士林區中正路與基河路口,0,0,2,1,B03,7,5,5,50,4,2,1,5,4,5,13,2,1,1,4,4,2,17,1,33,3,10,7,1,7,6,1,8,1,4,,9,,1,21,121.5197649,25.0932732
113,10,9,16,31,2,03中山區,中山區中山北路1段與民生東路2段口,0,0,1,1,B03,7,6,5,50,4,2,1,5,4,5,13,2,1,9,4,5,2,12,1,69,3,10,7,1,7,9,1,8,1,6,,16,,1,22,121.52274,25.0579501
113,10,9,16,31,2,03中山區,中山區中山北路1段與民生東路2段口,0,0,1,2,A31,7,6,5,50,4,2,1,5,4,5,13,2,1,9,4,5,2,12,1,43,3,10,7,1,7,9,1,1,1,5,,16,,1,22,121.52274,25.0579501
113,10,9,16,31,2,03中山區,中山區中山北路1段與民生東路2段口,0,0,1,3,C03,7,6,5,50,4,2,1,5,4,5,13,2,1,9,4,5,2,12,1,51,2,9,6,1,7,9,1,10,1,17,,44,,1,22,121.52274,25.0579501
113,10,9,16,49,2,09北投區,北投區大業路與大同街口,0,0,2,1,F01,7,6,5,50,14,9,1,5,4,5,13,1,1,9,4,5,2,16,2,66,2,8,4,1,7,5,8,20,1,14,,8,,1,21,121.4990814,25.1369556
113,10,9,16,49,2,09北投區,北投區大業路與大同街口,0,0,2,2,C03,7,6,5,50,14,9,1,5,4,5,13,1,1,9,4,5,2,16,2,19,2,8,5,1,7,9,1,10,1,14,,44,,1,21,121.4990814,25.1369556
113,10,9,16,50,2,09北投區,北投區承德路7段與承德路7段393巷口,0,0,2,1,B03,8,6,5,60,4,1,1,5,4,5,13,1,1,10,5,5,2,17,2,57,3,10,7,1,7,5,1,8,2,2,,71,,1,21,121.5013929,25.1194355
113,10,9,16,50,2,09北投區,北投區承德路7段與承德路7段393巷口,0,0,2,2,C03,8,6,5,60,4,1,1,5,4,5,13,1,1,10,5,5,2,17,1,22,2,9,5,1,7,9,1,10,2,11,,44,,1,21,121.5013929,25.1194355
113,10,9,16,50,2,09北投區,北投區承德路7段與承德路7段393巷口,0,0,2,3,C03,8,6,5,60,4,1,1,5,4,5,13,1,1,10,5,5,2,17,1,26,2,8,5,1,7,9,1,10,2,11,,44,,1,21,121.5013929,25.1194355
113,10,9,16,57,2,12內湖區,內湖區民權東路6段56巷加油站出口,0,0,1,1,C03,7,6,5,50,14,9,1,5,4,5,13,4,4,10,5,5,2,17,2,27,2,9,5,1,7,1,1,10,1,12,,19,,1,21,121.5846605,25.0684794
113,10,9,16,57,2,12內湖區,內湖區民權東路6段56巷加油站出口,0,0,1,2,B03,7,6,5,50,14,9,1,5,4,5,13,4,4,10,5,5,2,17,1,55,3,10,7,1,7,9,1,8,1,4,,14,,1,21,121.5846605,25.0684794
113,10,9,17,20,2,01大同區,大同區長安西路與西寧北路口,0,0,1,1,B03,7,6,5,50,4,1,1,5,4,5,13,2,1,5,4,5,2,17,1,62,3,10,3,4,7,5,1,8,1,1,,8,,1,22,121.5084244,25.0518883
113,10,9,17,20,2,01大同區,大同區長安西路與西寧北路口,0,0,1,2,F01,7,6,5,50,4,1,1,5,4,5,13,2,1,5,4,5,2,17,2,68,2,9,4,4,7,9,8,20,1,14,,99,,1,22,121.5084244,25.0518883
113,10,9,17,44,2,03中山區,中山區中山北路1段33巷6號,0,0,3,1,H01,8,5,5,50,14,9,1,5,4,5,13,4,4,10,5,5,2,3,1,12,2,9,4,5,8,18,8,20,10,16,,53,,1,21,121.5217779,25.04875568
113,10,9,17,44,2,03中山區,中山區中山北路1段33巷6號,0,0,3,2,C03,8,5,5,50,14,9,1,5,4,5,13,4,4,10,5,5,2,3,1,50,2,9,5,1,7,9,1,10,2,11,,44,,1,21,121.5217779,25.04875568
113,10,9,17,44,2,03中山區,中山區中山北路1段33巷6號,0,0,3,3,H02,8,5,5,50,14,9,1,5,4,5,13,4,4,10,5,5,2,3,2,22,2,9,4,5,7,20,8,20,10,16,,67,,1,21,121.5217779,25.04875568
113,10,9,17,45,2,01大同區,大同區承德路3段297號與敦煌路口,0,0,2,1,C03,8,6,5,50,14,9,1,5,4,5,13,4,4,9,4,5,1,13,1,62,2,9,3,4,7,9,1,10,1,11,,42,,1,21,121.5201365,25.0747766
113,10,9,17,45,2,01大同區,大同區承德路3段297號與敦煌路口,0,0,2,2,C03,8,6,5,50,14,9,1,5,4,5,13,4,4,9,4,5,1,13,1,49,2,8,3,4,7,9,1,10,1,13,,42,,1,21,121.5201365,25.0747766
113,10,9,18,20,2,08士林區,士林區德行東路109巷與士東路120巷20弄口,0,0,2,1,C03,8,5,5,30,4,1,1,5,4,5,13,4,4,4,5,5,1,9,1,37,2,9,5,1,7,9,1,10,1,11,,70,,1,21,121.5288588,25.1115856
113,10,9,18,20,2,08士林區,士林區德行東路109巷與士東路120巷20弄口,0,0,2,2,H01,8,5,5,30,4,1,1,5,4,5,13,4,4,4,5,5,1,9,2,69,2,9,4,5,8,16,8,20,10,16,,67,,1,21,121.5288588,25.1115856
113,10,9,18,34,2,01大同區,大同區民族西路65號,0,0,1,1,C03,7,5,5,50,14,9,1,5,4,5,13,4,4,5,4,5,2,12,2,54,2,9,3,4,7,9,1,10,1,14,,42,,1,21,121.5187007,25.0685739
113,10,9,18,34,2,01大同區,大同區民族西路65號,0,0,1,2,B12,7,5,5,50,14,9,1,5,4,5,13,4,4,5,4,5,2,12,1,56,3,10,3,4,7,9,1,8,1,2,,42,,1,21,121.5187007,25.0685739
113,10,9,18,48,2,09北投區,北投區承德路7段與吉利街口,0,0,2,1,C03,8,5,5,30,14,9,1,5,4,5,13,4,4,9,4,4,2,13,1,25,2,8,5,1,7,6,1,10,1,13,,80,,1,21,121.5032874,25.11801039
113,10,9,18,48,2,09北投區,北投區承德路7段與吉利街口,0,0,2,2,C03,8,5,5,30,14,9,1,5,4,5,13,4,4,9,4,4,2,13,1,43,2,9,5,1,7,9,1,10,1,13,,13,,1,21,121.5032874,25.11801039
113,10,9,19,32,2,06松山區,松山區八德路4段245巷32弄84號,0,0,1,1,B03,7,5,5,50,14,9,1,5,4,5,13,4,4,5,5,5,2,16,1,33,3,10,3,4,7,1,1,8,1,8,,19,,1,21,121.5628178,25.04875659
113,10,9,19,32,2,06松山區,松山區八德路4段245巷32弄84號,0,0,1,2,C03,7,5,5,50,14,9,1,5,4,5,13,4,4,5,5,5,2,16,1,45,2,9,6,1,7,9,1,10,1,11,,44,,1,21,121.5628178,25.04875659
113,10,9,19,40,2,05中正區,中正區汀州路2段與廈門街口,0,0,1,1,C03,7,5,5,50,4,2,1,5,4,5,13,1,1,5,4,5,2,17,1,23,2,8,5,1,7,9,1,10,1,14,,42,,1,22,121.517341,25.0254082
113,10,9,19,40,2,05中正區,中正區汀州路2段與廈門街口,0,0,1,2,B03,7,5,5,50,4,2,1,5,4,5,13,1,1,5,4,5,2,17,1,24,3,10,7,1,7,5,1,8,1,17,,44,,1,22,121.517341,25.0254082
113,10,9,19,40,2,05中正區,中正區汀州路2段與廈門街口,0,0,1,3,B03,7,5,5,50,4,2,1,5,4,5,13,1,1,5,4,5,2,17,1,52,3,10,7,1,7,5,1,8,1,17,,71,,1,22,121.517341,25.0254082
113,10,9,20,20,2,05中正區,中正區泉州街與詔安街口,0,0,1,1,C03,8,5,5,50,4,1,1,5,4,5,13,1,1,5,4,4,2,17,1,43,2,7,5,1,7,15,1,10,2,12,,4,,1,21,121.5132228,25.0252848
113,10,9,20,20,2,05中正區,中正區泉州街與詔安街口,0,0,1,2,B03,8,5,5,50,4,1,1,5,4,5,13,1,1,5,4,4,2,17,1,24,3,10,7,1,7,9,1,8,2,8,,44,,1,21,121.5132228,25.0252848
113,10,9,20,37,2,01大同區,大同區長安西路與塔城街口,0,0,1,1,B03,8,5,5,50,5,18,1,5,4,5,13,1,1,5,5,5,2,3,1,61,3,10,7,1,7,5,1,8,2,8,,70,,1,21,121.5103975,25.0519417
113,10,9,20,37,2,01大同區,大同區長安西路與塔城街口,0,0,1,2,H01,8,5,5,50,5,18,1,5,4,5,13,1,1,5,5,5,2,3,1,24,2,7,4,5,8,16,8,20,10,16,,67,,1,21,121.5103975,25.0519417
113,10,9,21,6,2,01大同區,大同區大稻埕堤外便道與五號水門停車場口口,0,0,1,1,B03,8,5,5,30,3,1,1,5,4,5,13,4,4,10,5,5,2,16,1,20,3,10,7,1,7,6,1,8,2,5,,9,,1,21,121.507937,25.0564851
113,10,9,21,6,2,01大同區,大同區大稻埕堤外便道與五號水門停車場口口,0,0,1,2,C03,8,5,5,30,3,1,1,5,4,5,13,4,4,10,5,5,2,16,1,22,2,9,6,1,7,9,1,10,2,14,,13,,1,21,121.507937,25.0564851
113,10,9,21,7,2,07信義區,信義區仁愛路4段與逸仙路口,0,0,1,1,B03,8,5,5,50,4,1,1,5,4,5,13,2,1,9,4,5,2,17,1,29,3,10,7,1,7,6,1,4,1,2,,9,,1,21,121.5615625,25.0376949
113,10,9,21,7,2,07信義區,信義區仁愛路4段與逸仙路口,0,0,1,2,C03,8,5,5,50,4,1,1,5,4,5,13,2,1,9,4,5,2,17,2,27,2,9,5,1,7,9,1,10,1,14,,44,,1,21,121.5615625,25.0376949
113,10,9,21,13,2,01大同區,大同區民生西路245號,0,0,1,1,C03,8,5,5,50,14,9,1,5,4,5,13,4,4,5,5,5,2,13,2,39,2,8,6,1,7,9,1,10,2,11,,108,,1,21,121.5149465,25.0570636
113,10,9,21,13,2,01大同區,大同區民生西路245號,0,0,1,2,B02,8,5,5,50,14,9,1,5,4,5,13,4,4,5,5,5,2,13,2,50,3,10,7,1,7,14,1,8,2,7,,38,,1,21,121.5149465,25.0570636
113,10,9,21,40,2,09北投區,北投區吉利街343號,0,0,1,2,C03,8,5,5,30,14,9,1,5,4,5,13,4,4,10,5,5,2,11,1,25,3,10,5,1,7,9,1,10,1,11,,44,,1,21,121.5119893,25.11783825
113,10,9,21,40,2,09北投區,北投區吉利街343號,0,0,1,1,F02,8,5,5,30,14,9,1,5,4,5,13,4,4,10,5,5,2,11,2,37,2,7,4,1,7,8,8,20,1,14,,5,,1,21,121.5119893,25.11783825
113,10,9,21,47,2,06松山區,松山區復興北路地下道南往北(機車慢行標牌前),0,0,1,1,C03,7,5,5,40,7,9,1,5,4,5,13,4,4,1,2,5,2,13,2,50,2,9,6,4,7,9,1,10,2,11,,16,,1,21,121.5443652,25.06922642