發生年度,發生月,發生日,發生時-Hours,發生分,處理別-編號,區序,肇事地點,死亡人數,2-30日死亡人數,受傷人數,當事人序號,車種,天候,道路照明設備,道路類別,速限-速度限制,道路型態,事故位置,路面狀況1,路面狀況2,路面狀況3,道路障礙1,道路障礙2,號誌1,號誌2,車道劃分-分向,車道劃分-分道1,車道劃分-分道2,車道劃分-分道3,事故類型及型態,性別,年齡,受傷程度,主要傷處,保護裝置,行動電話,車輛用途,當事者行動狀態,駕駛資格情形,駕駛執照種類,飲酒情形,車輛撞擊部位1,車輛撞擊部位2,肇因碼-個別,肇因碼-主要,個人肇逃否,職業,座標-X,座標-Y
113,10,9,21,47,2,06松山區,松山區復興北路地下道南往北(機車慢行標牌前),0,0,1,2,B01,7,5,5,40,7,9,1,5,4,5,13,4,4,1,2,5,2,13,1,56,3,10,3,4,7,14,1,4,2,6,,44,,1,21,121.5443652,25.06922642
113,10,9,22,25,2,05中正區,中正區延平南路與中華路1段95巷口,0,0,1,1,C04,8,5,5,50,3,1,1,5,4,5,13,4,4,9,5,5,1,16,2,59,2,9,6,1,7,5,1,8,2,11,,80,,1,22,121.5082168,25.0375103
113,10,9,22,25,2,05中正區,中正區延平南路與中華路1段95巷口,0,0,1,2,C03,8,5,5,50,3,1,1,5,4,5,13,4,4,9,5,5,1,16,1,29,3,10,6,1,7,9,1,9,2,14,,44,,1,22,121.5082168,25.0375103
113,10,9,23,21,2,03中山區,中山區市民大道2段與長安東路1段30巷口,0,0,1,1,C03,7,5,5,40,3,1,1,5,4,5,13,1,1,1,4,5,2,13,2,34,2,8,3,4,7,9,1,10,2,11,,16,,1,21,121.5241945,25.0476987
113,10,9,23,21,2,03中山區,中山區市民大道2段與長安東路1段30巷口,0,0,1,2,B01,7,5,5,40,3,1,1,5,4,5,13,1,1,1,4,5,2,13,1,49,3,10,3,4,7,6,1,4,2,3,,44,,1,21,121.5241945,25.0476987
113,10,10,0,10,2,12內湖區,內湖區康寧路3段與康寧路3段165巷口口,0,0,2,1,C03,7,5,5,50,4,1,1,5,4,5,13,2,1,1,4,5,2,16,1,22,2,9,5,1,7,5,1,10,1,12,,74,,1,21,121.611317,25.07063998
113,10,10,0,10,2,12內湖區,內湖區康寧路3段與康寧路3段165巷口口,0,0,2,2,C03,7,5,5,50,4,1,1,5,4,5,13,2,1,1,4,5,2,16,1,62,2,9,5,1,7,9,1,10,1,11,,44,,1,21,121.611317,25.07063998
113,10,10,2,34,2,06松山區,松山區民權東路5段與撫遠街口,0,0,1,1,B01,7,5,5,50,4,1,1,5,4,5,13,1,1,9,4,4,2,3,1,50,3,10,7,1,7,9,1,8,2,8,,44,,1,21,121.5661002,25.0633045
113,10,10,2,34,2,06松山區,松山區民權東路5段與撫遠街口,0,0,1,2,H01,7,5,5,50,4,1,1,5,4,5,13,1,1,9,4,4,2,3,2,31,2,9,4,5,8,16,8,20,10,16,,121,,1,22,121.5661002,25.0633045
113,10,10,4,30,2,10文山區,文山區秀明路1段201號對面,0,0,1,1,F01,7,5,5,50,14,9,1,5,4,5,13,1,1,1,4,5,2,18,1,20,2,9,4,1,7,9,8,20,7,17,,21,,1,21,121.5697424,24.9916322
113,10,10,4,30,2,10文山區,文山區秀明路1段201號對面,0,0,1,2,,7,5,5,50,14,9,1,5,4,5,13,1,1,1,4,5,2,18,3,0,,,,,,,,,,,,67,,1,,121.5697424,24.9916322
113,10,10,6,34,2,02萬華區,萬華區青年路與西藏路125巷口,0,0,2,2,C03,8,5,8,30,3,1,1,5,4,5,13,1,1,10,5,5,2,17,1,54,2,9,3,4,7,9,1,10,1,11,,44,,1,21,121.5037809,25.02521009
113,10,10,6,34,2,02萬華區,萬華區青年路與西藏路125巷口,0,0,2,1,F01,8,5,8,30,3,1,1,5,4,5,13,1,1,10,5,5,2,17,1,68,2,9,3,4,7,15,8,20,1,12,,81,,1,21,121.5037809,25.02521009
113,10,10,7,5,2,03中山區,中山區中山北路3段與農安街口,0,0,4,1,C03,8,7,5,50,4,2,1,5,4,5,13,2,1,1,4,5,2,13,2,20,2,9,6,1,7,9,1,10,1,11,,108,,1,25,121.5223733,25.064909
113,10,10,7,5,2,03中山區,中山區中山北路3段與農安街口,0,0,4,2,C03,8,7,5,50,4,2,1,5,4,5,13,2,1,1,4,5,2,13,1,27,2,9,6,1,7,9,1,10,1,13,,44,,1,26,121.5223733,25.064909
113,10,10,7,5,2,03中山區,中山區中山北路3段與農安街口,0,0,4,3,C03,8,7,5,50,4,2,1,5,4,5,13,2,1,1,4,5,2,13,1,37,2,8,6,1,7,9,1,10,1,11,,42,,1,26,121.5223733,25.064909
113,10,10,7,5,2,03中山區,中山區中山北路3段與農安街口,0,0,4,4,B03,8,7,5,50,4,2,1,5,4,5,13,2,1,1,4,5,2,13,1,64,3,10,7,1,7,8,1,8,1,17,,44,,1,26,121.5223733,25.064909
113,10,10,7,5,2,03中山區,中山區中山北路3段與農安街口,0,0,4,5,H02,8,7,5,50,4,2,1,5,4,5,13,2,1,1,4,5,2,13,2,19,2,9,6,5,7,20,8,20,10,16,,67,,1,25,121.5223733,25.064909
113,10,10,8,51,2,10文山區,文山區老泉街45巷(0701881燈桿),0,0,1,1,F01,8,6,5,30,14,9,2,5,4,5,13,4,4,10,5,5,2,18,1,52,2,9,4,4,7,9,8,20,9,11,,42,,1,21,121.5738528,24.97181281
113,10,10,8,51,2,10文山區,文山區老泉街45巷(0701881燈桿),0,0,1,2,,8,6,5,30,14,9,2,5,4,5,13,4,4,10,5,5,2,18,3,0,,,,,,,,,,,,67,,1,,121.5738528,24.97181281
113,10,10,9,19,2,02萬華區,萬華區艋舺大道43號前,0,0,1,1,C03,8,5,8,50,22,22,1,5,4,5,13,1,1,10,5,5,2,17,1,23,2,9,3,4,7,9,1,10,1,11,,108,,1,21,121.50429,25.0338537
113,10,10,9,19,2,02萬華區,萬華區艋舺大道43號前,0,0,1,2,B12,8,5,8,50,22,22,1,5,4,5,13,1,1,10,5,5,2,17,1,44,3,10,3,4,7,15,1,8,1,7,,100,,1,21,121.50429,25.0338537
113,10,10,9,22,2,11南港區,南港區重陽路316號,0,0,1,1,B12,7,6,5,50,14,7,1,5,4,5,13,4,4,5,4,4,2,12,1,69,3,10,7,1,7,15,1,8,2,4,,8,,1,21,121.6056855,25.0579081
113,10,10,9,22,2,11南港區,南港區重陽路316號,0,0,1,2,C03,7,6,5,50,14,7,1,5,4,5,13,4,4,5,4,4,2,12,2,62,2,9,6,1,7,9,1,10,2,12,,108,,1,21,121.6056855,25.0579081
113,10,10,10,2,2,01大同區,大同區重慶北路2段與南京西路口,0,0,1,1,C03,8,6,5,50,4,1,1,5,4,5,13,2,1,9,4,5,2,16,1,59,2,9,5,1,7,5,1,10,1,14,,8,,1,21,121.5143893,25.0540441
113,10,10,10,2,2,01大同區,大同區重慶北路2段與南京西路口,0,0,1,2,B03,8,6,5,50,4,1,1,5,4,5,13,2,1,9,4,5,2,16,1,60,3,10,7,1,7,9,1,8,1,5,,44,,1,21,121.5143893,25.0540441
113,10,10,10,31,2,08士林區,士林區忠誠路2段與德行東路口,0,0,1,1,C03,7,6,5,50,4,1,1,5,4,1,13,1,1,5,5,5,2,17,1,22,3,10,6,1,7,5,1,10,2,12,,74,,1,21,121.5304689,25.1084722
113,10,10,10,31,2,08士林區,士林區忠誠路2段與德行東路口,0,0,1,2,C03,7,6,5,50,4,1,1,5,4,1,13,1,1,5,5,5,2,17,1,69,2,9,5,1,7,9,1,10,2,11,,44,,1,21,121.5304689,25.1084722
113,10,10,10,34,2,07信義區,信義區松壽路2號,0,0,1,1,B01,7,6,5,50,14,9,1,5,4,5,13,4,4,8,3,5,2,13,1,34,3,10,3,4,7,9,1,8,2,1,,118,,1,21,121.5627425,25.0358874
113,10,10,10,34,2,07信義區,信義區松壽路2號,0,0,1,2,B03,7,6,5,50,14,9,1,5,4,5,13,4,4,8,3,5,2,13,1,42,2,9,3,4,7,9,1,8,2,3,,44,,1,21,121.5627425,25.0358874
113,10,10,11,24,2,01大同區,大同區延平北路4段與延平北路4段282巷口,0,0,1,1,B03,8,5,5,50,5,2,1,5,4,5,13,2,1,5,4,5,2,17,1,65,3,10,3,4,7,11,1,4,2,4,,103,,1,21,121.5121308,25.0768866
113,10,10,11,24,2,01大同區,大同區延平北路4段與延平北路4段282巷口,0,0,1,2,C03,8,5,5,50,5,2,1,5,4,5,13,2,1,5,4,5,2,17,2,57,2,9,3,4,7,9,1,10,2,11,,42,,1,21,121.5121308,25.0768866
113,10,10,11,28,2,11南港區,南港區忠孝東路6段412號,0,0,1,1,C03,7,7,5,50,22,25,4,5,4,5,13,4,4,10,5,5,2,9,1,58,3,10,5,1,7,9,6,18,2,11,,42,,1,21,121.593104,25.0500334
113,10,10,11,28,2,11南港區,南港區忠孝東路6段412號,0,0,1,2,H01,7,7,5,50,22,25,4,5,4,5,13,4,4,10,5,5,2,9,2,5,2,8,4,5,8,21,8,20,10,16,,44,,1,21,121.593104,25.0500334
113,10,10,11,42,2,08士林區,士林區承德路5段與基河路口口,0,0,1,1,B03,7,6,5,60,4,1,1,5,4,5,13,2,1,1,4,5,2,16,1,42,3,10,7,1,7,6,1,8,1,2,,9,,1,21,121.514931,25.09828482
113,10,10,11,42,2,08士林區,士林區承德路5段與基河路口口,0,0,1,2,C03,7,6,5,60,4,1,1,5,4,5,13,2,1,1,4,5,2,16,1,19,2,9,6,1,7,9,1,10,1,14,,44,,1,21,121.514931,25.09828482
113,10,10,11,51,2,07信義區,信義區基隆路2段與信義路5段口,0,0,1,1,B03,7,6,5,50,4,1,1,5,4,5,13,2,1,8,3,5,2,17,1,37,3,10,3,4,7,6,1,8,1,2,,9,,1,21,121.5596533,25.0329876
113,10,10,11,51,2,07信義區,信義區基隆路2段與信義路5段口,0,0,1,2,C03,7,6,5,50,4,1,1,5,4,5,13,2,1,8,3,5,2,17,1,22,2,9,3,4,7,15,1,10,1,11,,99,,1,21,121.5596533,25.0329876
113,10,10,13,5,2,02萬華區,萬華區西寧南路與開封街2段口,0,0,1,1,B11,8,5,8,50,22,22,1,5,4,5,13,1,1,10,5,5,2,17,1,29,3,10,3,4,7,15,1,4,2,2,,17,,1,21,121.5070389,25.0465657
113,10,10,13,5,2,02萬華區,萬華區西寧南路與開封街2段口,0,0,1,2,B03,8,5,8,50,22,22,1,5,4,5,13,1,1,10,5,5,2,17,1,40,2,7,3,4,7,9,1,1,2,4,,42,,1,21,121.5070389,25.0465657
113,10,10,13,17,2,02萬華區,萬華區西昌街與貴陽街2段口,0,0,1,1,B01,7,7,5,50,4,1,1,5,4,5,13,1,1,9,4,5,2,16,1,69,3,10,7,1,7,5,1,4,1,1,,71,,1,21,121.5007186,25.0401426
113,10,10,13,17,2,02萬華區,萬華區西昌街與貴陽街2段口,0,0,1,2,C03,7,7,5,50,4,1,1,5,4,5,13,1,1,9,4,5,2,16,2,21,2,9,5,1,7,9,1,10,1,11,,44,,1,21,121.5007186,25.0401426
113,10,10,13,52,2,11南港區,南港區中坡北路50巷19號與永吉路553巷口(0402459燈桿),0,0,1,1,B03,7,6,5,30,3,2,1,5,4,5,13,4,4,10,5,5,2,15,1,30,3,10,7,1,7,9,1,8,2,8,,5,,1,21,121.5816215,25.0465271
113,10,10,13,52,2,11南港區,南港區中坡北路50巷19號與永吉路553巷口(0402459燈桿),0,0,1,2,C03,7,6,5,30,3,2,1,5,4,5,13,4,4,10,5,5,2,15,1,48,2,9,6,1,7,9,1,10,2,11,,44,,1,21,121.5816215,25.0465271
113,10,10,14,5,2,08士林區,士林區中正路與延平北路6段口,0,0,1,1,B03,7,6,5,50,4,1,1,5,4,5,13,2,1,5,4,5,2,3,1,47,3,10,7,1,7,6,1,8,1,5,,70,,1,21,121.5091243,25.08718219
113,10,10,14,5,2,08士林區,士林區中正路與延平北路6段口,0,0,1,2,H01,7,6,5,50,4,1,1,5,4,5,13,2,1,5,4,5,2,3,2,60,2,8,4,5,8,16,8,20,10,16,,67,,1,21,121.5091243,25.08718219
113,10,10,15,12,2,02萬華區,萬華區峨眉街與環河南路1段口,0,0,2,1,B03,8,6,5,30,3,1,1,5,4,5,13,4,4,5,4,5,2,17,1,31,2,2,7,1,7,6,1,8,1,2,,9,,1,21,121.5015228,25.0447644
113,10,10,15,12,2,02萬華區,萬華區峨眉街與環河南路1段口,0,0,2,2,C03,8,6,5,30,3,1,1,5,4,5,13,4,4,5,4,5,2,17,1,20,2,8,6,1,7,9,1,10,1,14,,13,,1,21,121.5015228,25.0447644
113,10,10,15,21,2,05中正區,中正區思源街16號對面,0,0,1,1,B02,8,6,8,0,22,22,1,5,4,5,13,1,1,3,5,5,2,13,1,61,3,10,3,4,7,9,1,4,2,1,,108,,1,21,121.5299532,25.0137001
113,10,10,15,21,2,05中正區,中正區思源街16號對面,0,0,1,2,B03,8,6,8,0,22,22,1,5,4,5,13,1,1,3,5,5,2,13,2,46,3,10,3,4,7,14,1,8,2,3,,44,,1,21,121.5299532,25.0137001
113,10,10,15,21,2,05中正區,中正區思源街16號對面,0,0,1,3,H02,8,6,8,0,22,22,1,5,4,5,13,1,1,3,5,5,2,13,2,46,2,1,3,5,7,20,8,20,10,17,,67,,1,21,121.5299532,25.0137001
113,10,10,16,5,2,05中正區,中正區重慶南路1段與漢口街1段口,0,0,1,1,C03,7,6,5,50,4,2,1,5,4,5,13,1,1,10,5,5,2,16,1,20,3,10,5,1,7,5,1,10,1,14,,8,,1,22,121.5132463,25.0451783
113,10,10,16,5,2,05中正區,中正區重慶南路1段與漢口街1段口,0,0,1,2,B03,7,6,5,50,4,2,1,5,4,5,13,1,1,10,5,5,2,16,1,57,3,10,2,1,7,9,1,8,1,2,,44,,1,22,121.5132463,25.0451783
113,10,10,16,5,2,05中正區,中正區重慶南路1段與漢口街1段口,0,0,1,3,H02,7,6,5,50,4,2,1,5,4,5,13,1,1,10,5,5,2,16,2,20,2,8,5,5,7,20,8,20,10,16,,67,,1,22,121.5132463,25.0451783
113,10,10,16,15,2,06松山區,松山區南京東路5段225號,0,0,1,1,F01,7,6,5,0,14,20,4,5,4,5,13,4,4,10,5,5,2,18,1,12,2,9,4,1,7,9,8,20,1,12,,42,,1,22,121.5644675,25.0515531
113,10,10,16,15,2,06松山區,松山區南京東路5段225號,0,0,1,2,,7,6,5,0,14,20,4,5,4,5,13,4,4,10,5,5,2,18,3,0,,,,,,,,,,,,67,,1,,121.5644675,25.0515531
113,10,10,16,20,2,01大同區,大同區台北橋機慢車道282525燈桿,0,0,2,1,C03,7,6,5,50,14,9,1,5,4,5,13,4,4,5,4,5,2,17,2,20,2,7,6,1,7,9,1,10,1,12,,44,,1,21,121.5086657,25.0634967
113,10,10,16,20,2,01大同區,大同區台北橋機慢車道282525燈桿,0,0,2,2,C03,7,6,5,50,14,9,1,5,4,5,13,4,4,5,4,5,2,17,1,31,3,10,6,1,7,7,1,10,1,14,,100,,1,21,121.5086657,25.0634967
113,10,10,16,20,2,01大同區,大同區台北橋機慢車道282525燈桿,0,0,2,3,H02,7,6,5,50,14,9,1,5,4,5,13,4,4,5,4,5,2,17,2,37,2,8,6,5,7,20,8,20,10,16,,67,,1,21,121.5086657,25.0634967
113,10,10,17,7,2,01大同區,大同區錦西街與民權西路102巷口,0,0,1,1,B11,8,5,5,50,3,1,1,5,4,5,13,4,4,9,4,5,2,8,1,33,3,10,7,1,7,5,1,7,2,8,,105,,1,22,121.517615,25.0602228
113,10,10,17,7,2,01大同區,大同區錦西街與民權西路102巷口,0,0,1,2,H01,8,5,5,50,3,1,1,5,4,5,13,4,4,9,4,5,2,8,1,76,2,1,4,5,8,17,8,20,10,16,,60,,1,22,121.517615,25.0602228
113,10,10,17,9,2,02萬華區,萬華區大理街160巷23弄與雙園街89巷口,0,0,2,1,C03,7,6,5,30,3,1,1,5,4,3,13,4,4,5,4,5,2,17,1,33,2,7,6,1,7,5,1,10,2,11,14,72,,1,21,121.4928907,25.0323501
113,10,10,17,9,2,02萬華區,萬華區大理街160巷23弄與雙園街89巷口,0,0,2,2,C03,7,6,5,30,3,1,1,5,4,3,13,4,4,5,4,5,2,17,1,52,2,9,6,1,7,9,1,10,2,12,,14,,1,21,121.4928907,25.0323501
113,10,10,17,9,2,02萬華區,萬華區大理街160巷23弄與雙園街89巷口,0,0,2,3,B03,7,6,5,30,3,1,1,5,4,3,13,4,4,5,4,5,2,17,4,0,,,,,,,,,11,,,38,,,,121.4928907,25.0323501
113,10,10,17,30,2,11南港區,河濱自行車道(南湖大橋下),0,0,1,1,F01,8,5,8,0,22,22,1,5,4,5,13,4,4,10,5,5,2,17,1,4,3,10,4,1,7,11,8,20,1,17,,10,,1,21,121.612707,25.0629226
113,10,10,17,30,2,11南港區,河濱自行車道(南湖大橋下),0,0,1,2,F01,8,5,8,0,22,22,1,5,4,5,13,4,4,10,5,5,2,17,2,60,2,7,4,1,7,9,8,20,1,14,,44,,1,21,121.612707,25.0629226
113,10,10,17,35,2,05中正區,中正區濟南路1段321號130號停車格,0,0,2,1,B03,8,7,5,50,14,8,1,5,4,5,13,4,4,8,3,4,2,16,1,34,3,10,7,1,7,6,1,8,2,5,,9,,1,26,121.5256863,25.0416501
113,10,10,17,35,2,05中正區,中正區濟南路1段321號130號停車格,0,0,2,2,C03,8,7,5,50,14,8,1,5,4,5,13,4,4,8,3,4,2,16,2,55,2,4,5,1,7,9,1,10,2,11,,44,,1,26,121.5256863,25.0416501
113,10,10,17,35,2,05中正區,中正區濟南路1段321號130號停車格,0,0,2,3,B03,8,7,5,50,14,8,1,5,4,5,13,4,4,8,3,4,2,16,1,28,3,10,7,1,7,13,1,8,1,5,,44,,1,26,121.5256863,25.0416501
113,10,10,17,35,2,05中正區,中正區濟南路1段321號130號停車格,0,0,2,4,H02,8,7,5,50,14,8,1,5,4,5,13,4,4,8,3,4,2,16,1,15,2,8,7,5,7,20,8,20,10,16,,67,,1,15,121.5256863,25.0416501
113,10,10,17,40,2,03中山區,中山區中山北路2段41號與中山北路2段口,0,0,1,1,B01,8,5,8,0,22,22,4,5,4,5,13,4,4,10,5,5,2,17,1,58,3,10,7,1,7,9,1,4,1,1,,42,,1,21,121.5233396,25.05425452
113,10,10,17,40,2,03中山區,中山區中山北路2段41號與中山北路2段口,0,0,1,2,C03,8,5,8,0,22,22,4,5,4,5,13,4,4,10,5,5,2,17,2,51,2,8,6,1,7,9,1,10,1,11,,42,,1,21,121.5233396,25.05425452
113,10,10,18,17,2,03中山區,中山區民生西路66巷與民生西路口,0,0,1,1,B03,8,6,5,50,4,1,1,5,4,5,13,1,1,5,4,5,2,14,1,25,3,10,3,4,7,2,1,8,1,3,,99,,1,22,121.520895,25.0590577
113,10,10,18,17,2,03中山區,中山區民生西路66巷與民生西路口,0,0,1,2,C03,8,6,5,50,4,1,1,5,4,5,13,1,1,5,4,5,2,14,2,22,2,8,5,1,7,9,1,10,1,12,,44,,1,22,121.520895,25.0590577
113,10,10,18,30,2,03中山區,中山區林森北路與民權東路1段口,0,0,3,2,C03,8,5,5,50,4,1,1,5,4,5,13,1,1,3,4,5,2,12,1,22,2,7,6,1,7,9,1,10,1,14,,42,,1,21,121.5257013,25.06280509
113,10,10,18,30,2,03中山區,中山區林森北路與民權東路1段口,0,0,3,1,C03,8,5,5,50,4,1,1,5,4,5,13,1,1,3,4,5,2,12,1,57,2,7,6,1,7,15,1,10,1,12,,100,,1,21,121.5257013,25.06280509
113,10,10,18,30,2,03中山區,中山區林森北路與民權東路1段口,0,0,3,3,H02,8,5,5,50,4,1,1,5,4,5,13,1,1,3,4,5,2,12,2,22,2,7,6,5,7,20,8,20,10,16,,67,,1,21,121.5257013,25.06280509
113,10,10,18,32,2,07信義區,信義區永吉路120巷與松隆路口,0,0,1,1,C03,8,5,5,30,5,1,1,5,4,5,13,1,1,5,5,5,2,17,1,67,2,9,3,4,7,6,1,10,1,11,,71,,1,21,121.5703336,25.0453142
113,10,10,18,32,2,07信義區,信義區永吉路120巷與松隆路口,0,0,1,2,B03,8,5,5,30,5,1,1,5,4,5,13,1,1,5,5,5,2,17,1,45,3,10,3,4,7,9,1,8,1,2,,44,,1,21,121.5703336,25.0453142
113,10,10,18,34,2,07信義區,信義區和平東路3段341巷與和平東路3段口,0,0,2,1,C04,7,5,5,30,5,1,1,5,4,5,13,1,1,9,4,5,2,10,1,46,2,9,5,1,7,9,1,11,1,11,,108,,1,21,121.5566143,25.020657
113,10,10,18,34,2,07信義區,信義區和平東路3段341巷與和平東路3段口,0,0,2,2,F01,7,5,5,30,5,1,1,5,4,5,13,1,1,9,4,5,2,10,2,36,2,9,4,1,7,9,8,20,1,11,,29,,1,21,121.5566143,25.020657
113,10,10,18,54,2,08士林區,士林區延平北路7段106巷與延平北路7段口,0,0,2,1,C03,8,5,5,30,3,2,1,5,4,5,13,4,4,9,5,5,1,15,1,19,2,8,5,1,7,9,1,10,1,11,,14,,1,21,121.4975109,25.09655134
113,10,10,18,54,2,08士林區,士林區延平北路7段106巷與延平北路7段口,0,0,2,2,F01,8,5,5,30,3,2,1,5,4,5,13,4,4,9,5,5,1,15,1,17,2,5,4,1,7,1,8,20,1,12,,19,,1,21,121.4975109,25.09655134
113,10,10,19,1,2,01大同區,大同區重慶北路3段279號,0,0,3,1,B13,8,5,5,50,14,9,1,5,4,5,13,4,4,1,4,5,2,13,1,55,2,6,7,1,7,9,1,4,2,1,,16,,1,21,121.5137086,25.07359913
113,10,10,19,1,2,01大同區,大同區重慶北路3段279號,0,0,3,2,B03,8,5,5,50,14,9,1,5,4,5,13,4,4,1,4,5,2,13,1,18,2,8,7,1,7,9,1,8,2,3,,44,,1,21,121.5137086,25.07359913
113,10,10,19,1,2,01大同區,大同區重慶北路3段279號,0,0,3,3,H02,8,5,5,50,14,9,1,5,4,5,13,4,4,1,4,5,2,13,2,49,2,9,7,5,7,20,8,20,10,16,,67,,1,21,121.5137086,25.07359913
113,10,10,21,14,2,05中正區,中正區和平西路2段與中華路2段口,0,0,1,1,C03,8,5,5,50,4,1,1,5,4,5,13,1,1,1,4,5,2,15,1,22,2,9,5,1,7,9,1,10,2,11,,81,,1,26,121.5053738,25.0334112
113,10,10,21,14,2,05中正區,中正區和平西路2段與中華路2段口,0,0,1,2,B03,8,5,5,50,4,1,1,5,4,5,13,1,1,1,4,5,2,15,1,27,3,10,7,1,7,9,1,8,2,8,,13,,1,21,121.5053738,25.0334112
113,10,10,21,14,2,05中正區,中正區和平西路2段與中華路2段口,0,0,1,3,H02,8,5,5,50,4,1,1,5,4,5,13,1,1,1,4,5,2,15,2,21,4,11,5,5,7,20,8,20,10,16,,67,,1,25,121.5053738,25.0334112
113,10,10,21,35,2,01大同區,大同區環河北路1段與忠孝西路2段口,0,0,2,1,C03,8,5,5,50,5,1,1,5,4,5,13,1,1,5,5,5,2,13,2,22,2,9,6,1,7,9,1,10,2,11,,16,,1,21,121.5061383,25.04903383
113,10,10,21,35,2,01大同區,大同區環河北路1段與忠孝西路2段口,0,0,2,2,C03,8,5,5,50,5,1,1,5,4,5,13,1,1,5,5,5,2,13,2,30,2,9,6,1,7,9,1,10,2,13,,44,,1,21,121.5061383,25.04903383
113,10,10,21,35,2,01大同區,大同區環河北路1段與忠孝西路2段口,0,0,2,3,B03,8,5,5,50,5,1,1,5,4,5,13,1,1,5,5,5,2,13,1,27,3,10,7,1,7,9,1,8,2,3,,44,,1,21,121.5061383,25.04903383
113,10,10,22,6,2,10文山區,文山區興隆路3段與興隆路3段304巷口,0,0,1,1,B01,8,5,5,50,4,1,1,5,4,5,13,2,1,1,4,5,2,16,1,47,3,10,7,1,7,11,1,3,2,2,,71,,1,21,121.5587377,24.9926644
113,10,10,22,6,2,10文山區,文山區興隆路3段與興隆路3段304巷口,0,0,1,2,C03,8,5,5,50,4,1,1,5,4,5,13,2,1,1,4,5,2,16,1,22,2,9,6,1,7,9,1,10,2,11,,13,,1,21,121.5587377,24.9926644
113,10,10,22,15,2,11南港區,南港區南港路1段與東南街口,0,0,2,1,C01,7,5,5,50,4,2,1,5,4,5,13,1,1,5,4,5,2,15,1,25,2,9,6,1,7,9,1,9,1,11,,81,,1,21,121.6124815,25.0553029
113,10,10,22,15,2,11南港區,南港區南港路1段與東南街口,0,0,2,2,C03,7,5,5,50,4,2,1,5,4,5,13,1,1,5,4,5,2,15,2,23,2,9,6,1,7,9,1,10,1,14,,44,,1,21,121.6124815,25.0553029
113,10,11,0,6,2,02萬華區,萬華區萬大路與艋舺大道口,0,0,2,1,F01,7,5,5,50,4,1,1,5,4,5,13,1,1,3,3,5,2,15,1,33,2,9,4,4,7,9,8,20,1,12,,81,,1,22,121.5074617,25.03526702
113,10,11,0,6,2,02萬華區,萬華區萬大路與艋舺大道口,0,0,2,2,C03,7,5,5,50,4,1,1,5,4,5,13,1,1,3,3,5,2,15,1,20,2,9,5,4,7,9,1,10,1,11,,44,,1,22,121.5074617,25.03526702
113,10,11,1,16,2,06松山區,松山區民生東路3段119號,0,0,1,1,C03,8,5,5,50,14,9,1,5,4,5,13,4,4,1,4,5,2,13,1,45,2,9,6,1,7,9,1,10,1,11,,107,,1,22,121.5469163,25.0578049
113,10,11,1,16,2,06松山區,松山區民生東路3段119號,0,0,1,2,B03,8,5,5,50,14,9,1,5,4,5,13,4,4,1,4,5,2,13,1,31,3,10,3,1,7,13,1,8,1,7,,38,,1,22,121.5469163,25.0578049
113,10,11,5,10,2,05中正區,中正區羅斯福路3段126號,0,0,1,1,F01,8,5,5,0,14,20,4,5,4,5,13,4,4,10,5,5,2,18,2,71,2,1,4,1,7,9,8,20,1,15,,44,,1,21,121.528057,25.0206201
113,10,11,5,10,2,05中正區,中正區羅斯福路3段126號,0,0,1,2,,8,5,5,0,14,20,4,5,4,5,13,4,4,10,5,5,2,18,3,0,,,,,,,,,,,,67,,1,,121.528057,25.0206201
113,10,11,6,13,2,12內湖區,內湖區環山路2段10巷與環山路2段口,0,0,1,1,C03,7,6,5,50,3,2,1,5,4,5,13,2,1,5,4,5,2,13,1,20,2,9,6,1,7,9,1,10,2,11,,16,,1,22,121.5709666,25.0863214
113,10,11,6,13,2,12內湖區,內湖區環山路2段10巷與環山路2段口,0,0,1,2,C03,7,6,5,50,3,2,1,5,4,5,13,2,1,5,4,5,2,13,1,51,3,10,6,4,7,6,1,10,4,13,,27,,1,22,121.5709666,25.0863214
113,10,11,6,43,2,03中山區,中山區民權東路1段與林森北路口,0,0,1,1,C03,8,7,5,50,14,9,1,5,4,5,13,4,4,1,4,5,2,17,1,33,2,9,5,1,7,3,1,10,1,11,,18,,1,22,121.5253098,25.0625146
113,10,11,6,43,2,03中山區,中山區民權東路1段與林森北路口,0,0,1,2,C03,8,7,5,50,14,9,1,5,4,5,13,4,4,1,4,5,2,17,1,51,3,10,5,1,7,13,1,10,9,17,,44,,1,22,121.5253098,25.0625146
113,10,11,6,55,2,01大同區,大同區延平北路4段與環河北路2段235巷口,0,0,1,1,B03,8,6,5,50,4,1,1,5,4,5,13,2,1,9,3,4,2,16,1,23,3,10,7,1,7,6,3,18,1,5,,9,,1,21,121.5108374,25.07015673
113,10,11,6,55,2,01大同區,大同區延平北路4段與環河北路2段235巷口,0,0,1,2,C03,8,6,5,50,4,1,1,5,4,5,13,2,1,9,3,4,2,16,1,24,2,9,6,1,7,9,1,10,1,14,,44,,1,21,121.5108374,25.07015673
113,10,11,7,30,2,05中正區,中正區中華路1段21巷口,0,0,1,1,B03,8,5,5,50,14,9,1,5,4,5,13,4,4,1,4,5,1,17,1,54,3,10,7,1,7,8,1,8,2,6,,100,,1,21,121.5097254,25.0465383