發生年度,發生月,發生日,發生時-Hours,發生分,處理別-編號,區序,肇事地點,死亡人數,2-30日死亡人數,受傷人數,當事人序號,車種,天候,道路照明設備,道路類別,速限-速度限制,道路型態,事故位置,路面狀況1,路面狀況2,路面狀況3,道路障礙1,道路障礙2,號誌1,號誌2,車道劃分-分向,車道劃分-分道1,車道劃分-分道2,車道劃分-分道3,事故類型及型態,性別,年齡,受傷程度,主要傷處,保護裝置,行動電話,車輛用途,當事者行動狀態,駕駛資格情形,駕駛執照種類,飲酒情形,車輛撞擊部位1,車輛撞擊部位2,肇因碼-個別,肇因碼-主要,個人肇逃否,職業,座標-X,座標-Y
113,10,11,7,30,2,05中正區,中正區中華路1段21巷口,0,0,1,2,C03,8,5,5,50,14,9,1,5,4,5,13,4,4,1,4,5,1,17,1,44,2,7,5,1,7,9,1,10,2,11,,14,,1,21,121.5097254,25.0465383
113,10,11,7,38,2,03中山區,中山區北安路與劍南路口,0,0,2,1,B03,7,5,5,50,3,2,1,5,4,5,13,2,1,1,4,5,2,12,1,51,3,10,3,4,7,8,1,8,2,2,,100,,1,21,121.5540313,25.08522208
113,10,11,7,38,2,03中山區,中山區北安路與劍南路口,0,0,2,2,C02,7,5,5,50,3,2,1,5,4,5,13,2,1,1,4,5,2,12,1,52,2,9,3,4,7,9,1,9,2,14,,44,,1,21,121.5540313,25.08522208
113,10,11,7,38,2,03中山區,中山區北安路與劍南路口,0,0,2,3,H02,7,5,5,50,3,2,1,5,4,5,13,2,1,1,4,5,2,12,1,16,2,9,3,5,7,20,8,20,10,16,,67,,1,21,121.5540313,25.08522208
113,10,11,7,42,2,04大安區,大安區新生南路3段11-1號,0,0,1,1,A02,8,6,5,50,14,9,1,5,4,5,13,4,4,1,4,5,2,17,1,49,3,10,7,1,7,14,1,2,9,17,,38,,2,21,121.5348977,25.0252099
113,10,11,7,42,2,04大安區,大安區新生南路3段11-1號,0,0,1,2,C03,8,6,5,50,14,9,1,5,4,5,13,4,4,1,4,5,2,17,1,39,3,10,5,1,7,9,1,10,1,11,,108,,1,21,121.5348977,25.0252099
113,10,11,7,42,2,04大安區,大安區新生南路3段11-1號,0,0,1,3,H02,8,6,5,50,14,9,1,5,4,5,13,4,4,1,4,5,2,17,2,56,2,1,4,5,7,19,8,20,10,16,,67,,1,21,121.5348977,25.0252099
113,10,11,7,44,2,04大安區,大安區信義路2段與金山南路2段口,0,0,1,1,C03,8,6,5,50,4,2,1,5,4,5,13,1,1,10,5,5,2,17,1,45,2,8,6,1,7,9,1,10,1,11,,16,,1,21,121.5274247,25.0339766
113,10,11,7,44,2,04大安區,大安區信義路2段與金山南路2段口,0,0,1,2,B03,8,6,5,50,4,2,1,5,4,5,13,1,1,10,5,5,2,17,2,42,3,10,7,1,7,12,1,8,1,3,,44,,1,21,121.5274247,25.0339766
113,10,11,7,44,2,04大安區,大安區信義路2段與金山南路2段口,0,0,1,3,B03,8,6,5,50,4,2,1,5,4,5,13,1,1,10,5,5,2,17,1,61,3,10,7,1,7,1,1,8,1,17,,19,,1,21,121.5274247,25.0339766
113,10,11,7,44,2,04大安區,大安區信義路2段與金山南路2段口,0,0,1,4,B03,8,6,5,50,4,2,1,5,4,5,13,1,1,10,5,5,2,17,1,32,3,10,7,1,7,9,1,8,1,6,,44,,1,21,121.5274247,25.0339766
113,10,11,7,48,2,12內湖區,內湖區東湖路119巷與東湖路119巷50弄口,0,0,1,1,C03,7,6,5,50,3,1,1,5,4,5,13,2,1,5,4,5,2,16,1,71,3,10,5,1,7,9,1,10,2,12,,44,,2,21,121.6170835,25.0698013
113,10,11,7,48,2,12內湖區,內湖區東湖路119巷與東湖路119巷50弄口,0,0,1,2,F01,7,6,5,50,3,1,1,5,4,5,13,2,1,5,4,5,2,16,1,15,2,9,4,1,7,5,8,20,2,14,,8,,1,16,121.6170835,25.0698013
113,10,11,7,55,2,06松山區,松山區八德路4段709巷,0,0,2,1,F03,8,6,6,30,22,13,1,5,4,5,13,4,4,10,5,5,2,9,1,55,2,7,4,1,7,9,8,20,1,11,,108,,1,21,121.5768114,25.0503735
113,10,11,7,55,2,06松山區,松山區八德路4段709巷,0,0,2,2,H01,8,6,6,30,22,13,1,5,4,5,13,4,4,10,5,5,2,9,2,29,2,8,4,5,8,16,8,20,10,16,,53,,1,21,121.5768114,25.0503735
113,10,11,8,4,2,09北投區,北投區三合街2段與清江路口,0,0,1,1,C03,8,6,5,30,4,1,1,5,4,5,13,4,4,10,5,5,2,16,1,27,2,8,6,1,7,6,1,10,1,14,,72,,1,21,121.5016728,25.1264431
113,10,11,8,4,2,09北投區,北投區三合街2段與清江路口,0,0,1,2,B03,8,6,5,30,4,1,1,5,4,5,13,4,4,10,5,5,2,16,1,69,3,10,7,1,7,9,1,8,1,5,,44,,1,21,121.5016728,25.1264431
113,10,11,8,7,2,10文山區,文山區木柵路2段215號,0,0,1,1,C03,8,6,5,50,14,9,2,5,4,5,13,4,4,10,5,5,2,17,1,27,2,8,5,4,7,5,1,10,1,12,,44,,1,21,121.5641808,24.9886753
113,10,11,8,7,2,10文山區,文山區木柵路2段215號,0,0,1,2,A02,8,6,5,50,14,9,2,5,4,5,13,4,4,10,5,5,2,17,1,41,3,10,7,1,7,9,1,2,1,7,,44,,1,21,121.5641808,24.9886753
113,10,11,8,10,2,10文山區,文山區木新路3段19號,0,0,1,1,C03,7,6,5,40,14,8,1,5,4,5,13,4,4,5,5,4,2,13,1,41,2,9,6,1,7,9,1,10,1,11,,108,,1,21,121.567696,24.98359415
113,10,11,8,10,2,10文山區,文山區木新路3段19號,0,0,1,2,B01,7,6,5,40,14,8,1,5,4,5,13,4,4,5,5,4,2,13,1,59,3,10,7,1,7,14,1,4,1,7,,38,,1,21,121.567696,24.98359415
113,10,11,8,10,2,10文山區,文山區木新路3段19號,0,0,1,3,B03,7,6,5,40,14,8,1,5,4,5,13,4,4,5,5,4,2,13,1,28,3,10,7,1,7,9,1,8,1,2,,44,,1,21,121.567696,24.98359415
113,10,11,8,30,2,01大同區,大同區民族西路124號,0,0,1,1,C03,8,6,5,50,14,9,1,5,4,5,13,2,1,8,3,5,2,12,1,27,3,10,6,1,7,7,1,10,11,14,,100,,1,21,121.5164288,25.06854888
113,10,11,8,30,2,01大同區,大同區民族西路124號,0,0,1,2,C03,8,6,5,50,14,9,1,5,4,5,13,2,1,8,3,5,2,12,2,26,2,9,6,1,7,9,1,10,1,11,,44,,1,21,121.5164288,25.06854888
113,10,11,8,30,2,01大同區,大同區民族西路124號,0,0,1,3,B03,8,6,5,50,14,9,1,5,4,5,13,2,1,8,3,5,2,12,1,46,3,10,7,1,7,14,1,8,1,7,,44,,1,21,121.5164288,25.06854888
113,10,11,8,30,2,12內湖區,內湖區內湖路1段47巷6弄2號,0,0,2,1,B03,7,6,5,30,3,1,1,5,4,5,13,4,4,9,5,5,2,17,2,60,3,10,7,1,7,5,1,8,1,5,,80,,1,21,121.5590811,25.0867914
113,10,11,8,30,2,12內湖區,內湖區內湖路1段47巷6弄2號,0,0,2,2,C03,7,6,5,30,3,1,1,5,4,5,13,4,4,9,5,5,2,17,2,26,2,9,6,1,7,9,1,10,1,14,,14,,1,21,121.5590811,25.0867914
113,10,11,8,30,2,12內湖區,內湖區內湖路1段47巷6弄2號,0,0,2,3,H02,7,6,5,30,3,1,1,5,4,5,13,4,4,9,5,5,2,17,2,34,2,9,6,5,7,21,8,20,10,16,,67,,1,21,121.5590811,25.0867914
113,10,11,8,34,2,08士林區,士林區承德路5段與通河東街2段口,0,0,3,1,C03,7,7,5,50,14,9,1,5,4,5,13,1,1,1,5,1,1,13,2,55,2,9,5,1,7,9,1,10,1,11,,107,,1,21,121.5138656,25.09518918
113,10,11,8,34,2,08士林區,士林區承德路5段與通河東街2段口,0,0,3,2,C03,7,7,5,50,14,9,1,5,4,5,13,1,1,1,5,1,1,13,2,23,2,9,5,1,7,9,1,10,1,11,,44,,1,21,121.5138656,25.09518918
113,10,11,8,34,2,08士林區,士林區承德路5段與通河東街2段口,0,0,3,3,C03,7,7,5,50,14,9,1,5,4,5,13,1,1,1,5,1,1,13,2,48,2,9,5,1,7,9,1,10,1,11,,107,,1,21,121.5138656,25.09518918
113,10,11,8,40,2,08士林區,士林區延平北路8段2巷250弄,0,0,1,1,C03,8,7,5,30,11,9,1,5,4,5,13,4,4,10,5,5,2,11,1,35,2,9,6,1,7,9,1,10,1,14,,42,,1,21,121.4924135,25.11067016
113,10,11,8,40,2,08士林區,士林區延平北路8段2巷250弄,0,0,1,2,B03,8,7,5,30,11,9,1,5,4,5,13,4,4,10,5,5,2,11,1,44,3,10,7,1,7,9,1,8,1,4,,44,,1,21,121.4924135,25.11067016
113,10,11,8,40,2,08士林區,(天母東路69巷27號旁）,0,0,1,1,C03,8,6,5,30,3,1,1,5,4,5,13,4,4,10,5,5,2,17,4,0,4,11,3,4,7,5,7,19,11,15,,119,,2,22,121.5328922,25.1205312
113,10,11,8,40,2,08士林區,(天母東路69巷27號旁）,0,0,1,2,C03,8,6,5,30,3,1,1,5,4,5,13,4,4,10,5,5,2,17,2,24,2,8,6,1,7,9,1,10,1,11,,44,,1,21,121.5328922,25.1205312
113,10,11,8,52,2,05中正區,中正區汀州路2段與重慶南路3段83巷口口,0,0,1,1,C03,8,6,5,30,3,1,1,5,4,5,13,4,4,10,5,5,1,17,1,38,2,8,6,1,7,5,1,10,2,14,,74,,1,21,121.5173897,25.0253887
113,10,11,8,52,2,05中正區,中正區汀州路2段與重慶南路3段83巷口口,0,0,1,2,B03,8,6,5,30,3,1,1,5,4,5,13,4,4,10,5,5,1,17,2,44,3,10,7,1,7,9,1,8,2,1,,44,,1,21,121.5173897,25.0253887
113,10,11,8,55,2,06松山區,松山區民生東路3段與復興北路口,0,0,1,1,B03,7,7,5,50,4,1,1,5,4,5,13,2,1,1,4,5,2,16,1,75,3,10,7,1,7,6,1,8,1,5,,9,,1,21,121.5443651,25.0579065
113,10,11,8,55,2,06松山區,松山區民生東路3段與復興北路口,0,0,1,2,C03,7,7,5,50,4,1,1,5,4,5,13,2,1,1,4,5,2,16,1,24,2,7,5,1,7,9,1,10,1,14,,13,,1,21,121.5443651,25.0579065
113,10,11,9,10,2,10文山區,文山區木柵路3段189號,0,0,1,1,B12,8,5,5,50,14,9,1,5,4,5,13,4,4,9,5,5,1,12,1,65,3,10,7,1,7,8,1,8,1,2,,101,,1,21,121.570021,24.9899802
113,10,11,9,10,2,10文山區,文山區木柵路3段189號,0,0,1,2,C03,8,5,5,50,14,9,1,5,4,5,13,4,4,9,5,5,1,12,2,25,2,9,6,1,7,4,1,10,1,14,,17,,1,21,121.570021,24.9899802
113,10,11,9,13,2,06松山區,松山區民生東路4段131巷與富錦街口,0,0,1,1,B03,8,7,5,30,3,1,1,5,4,5,13,4,4,5,5,5,2,17,1,45,3,10,7,1,7,11,1,8,1,8,,10,,1,21,121.5532037,25.0599539
113,10,11,9,13,2,06松山區,松山區民生東路4段131巷與富錦街口,0,0,1,2,C03,8,7,5,30,3,1,1,5,4,5,13,4,4,5,5,5,2,17,1,35,2,9,6,1,7,9,1,9,1,11,,44,,1,21,121.5532037,25.0599539
113,10,11,9,27,2,04大安區,大安區羅斯福路4段21號附近,0,0,1,1,H01,8,6,5,50,14,18,1,5,4,5,13,2,1,1,4,5,2,3,1,77,4,11,4,5,8,16,8,20,10,16,,121,,1,21,121.5355619,25.0137245
113,10,11,9,27,2,04大安區,大安區羅斯福路4段21號附近,0,0,1,2,C03,8,6,5,50,14,18,1,5,4,5,13,2,1,1,4,5,2,3,1,34,2,9,6,1,7,9,1,10,1,17,,42,,1,21,121.5355619,25.0137245
113,10,11,9,42,2,02萬華區,萬華區昆明街與昆明街187巷口,0,0,1,1,C03,8,6,5,50,4,2,1,5,4,5,13,4,4,10,5,5,2,16,2,61,2,9,5,1,7,15,1,10,1,14,,100,,1,21,121.5041245,25.03934424
113,10,11,9,42,2,02萬華區,萬華區昆明街與昆明街187巷口,0,0,1,2,B03,8,6,5,50,4,2,1,5,4,5,13,4,4,10,5,5,2,16,1,56,3,10,7,1,7,9,1,8,1,2,,44,,1,26,121.5041245,25.03934424
113,10,11,9,55,2,09北投區,北投區大業路與北投路2段口,0,0,2,1,C03,8,6,5,60,14,9,1,5,4,5,13,4,4,1,4,5,2,17,2,57,2,8,6,1,7,21,1,10,1,15,,42,,1,21,121.4959827,25.1337202
113,10,11,9,55,2,09北投區,北投區大業路與北投路2段口,0,0,2,2,C03,8,6,5,60,14,9,1,5,4,5,13,4,4,1,4,5,2,17,1,29,2,9,6,1,7,21,1,10,1,15,,42,,1,21,121.4959827,25.1337202
113,10,11,10,31,2,08士林區,士林區忠誠路2段與德行東路口,0,0,3,1,B03,8,6,5,50,4,1,1,5,4,5,13,1,1,1,4,5,1,16,1,43,2,8,3,4,7,9,1,8,1,1,,81,,1,22,121.5304173,25.1084304
113,10,11,10,31,2,08士林區,士林區忠誠路2段與德行東路口,0,0,3,2,B03,8,6,5,50,4,1,1,5,4,5,13,1,1,1,4,5,1,16,2,39,2,7,3,4,7,5,1,8,1,2,,44,,1,22,121.5304173,25.1084304
113,10,11,10,31,2,08士林區,士林區忠誠路2段與德行東路口,0,0,3,3,H02,8,6,5,50,4,1,1,5,4,5,13,1,1,1,4,5,1,16,2,42,2,7,3,5,7,20,8,20,10,16,,67,,1,22,121.5304173,25.1084304
113,10,11,10,47,2,06松山區,松山區敦化北路102號,0,0,2,1,C03,8,6,5,50,14,8,1,5,4,5,13,4,4,1,3,4,2,12,2,25,2,9,6,1,7,6,1,10,1,13,,9,,1,22,121.5487099,25.0534225
113,10,11,10,47,2,06松山區,松山區敦化北路102號,0,0,2,2,C03,8,6,5,50,14,8,1,5,4,5,13,4,4,1,3,4,2,12,1,32,2,9,6,1,7,9,1,10,1,11,,44,,1,22,121.5487099,25.0534225
113,10,11,10,47,2,09北投區,北投區石牌路1段與致遠一路2段口,0,0,1,1,A02,8,6,5,50,4,1,1,5,4,5,13,1,1,5,4,5,2,17,1,38,3,10,7,1,7,12,1,2,1,17,,44,,1,26,121.5121728,25.114059
113,10,11,10,47,2,09北投區,北投區石牌路1段與致遠一路2段口,0,0,1,3,H02,8,6,5,50,4,1,1,5,4,5,13,1,1,5,4,5,2,17,1,80,2,5,4,5,7,20,8,20,10,16,,67,,1,21,121.5121728,25.114059
113,10,11,10,47,2,09北投區,北投區石牌路1段與致遠一路2段口,0,0,1,2,B03,8,6,5,50,4,1,1,5,4,5,13,1,1,5,4,5,2,17,2,47,3,10,7,1,7,8,1,8,9,17,,100,,1,21,121.5121728,25.114059
113,10,11,11,24,2,08士林區,士林區德行西路128號,0,0,1,1,C03,8,6,5,50,14,9,1,5,4,5,13,4,4,5,5,5,2,17,1,69,3,10,6,1,7,1,1,10,1,12,,19,,1,21,121.5200516,25.103524
113,10,11,11,24,2,08士林區,士林區德行西路128號,0,0,1,2,C03,8,6,5,50,14,9,1,5,4,5,13,4,4,5,5,5,2,17,1,22,3,10,6,1,7,9,1,10,1,14,,44,,1,21,121.5200516,25.103524
113,10,11,11,24,2,08士林區,士林區德行西路128號,0,0,1,3,H02,8,6,5,50,14,9,1,5,4,5,13,4,4,5,5,5,2,17,2,58,2,8,6,5,7,20,8,20,10,16,,67,,1,21,121.5200516,25.103524
113,10,11,11,28,2,11南港區,南港區南港路1段155號,0,0,1,1,B12,8,7,5,50,14,9,1,5,4,5,13,4,4,1,4,5,2,17,1,48,3,10,7,1,7,13,1,8,2,7,,40,,1,21,121.6137593,25.0551126
113,10,11,11,28,2,11南港區,南港區南港路1段155號,0,0,1,2,C03,8,7,5,50,14,9,1,5,4,5,13,4,4,1,4,5,2,17,2,56,2,7,5,1,7,9,1,10,2,12,,44,,1,21,121.6137593,25.0551126
113,10,11,11,35,2,01大同區,大同區市民高架道與環河北路1段口,0,0,1,1,B01,8,6,5,40,5,2,1,5,4,5,13,2,1,5,5,5,2,13,1,48,3,10,7,1,7,9,1,4,1,1,,108,,1,21,121.5071303,25.0506477
113,10,11,11,35,2,01大同區,大同區市民高架道與環河北路1段口,0,0,1,2,B03,8,6,5,40,5,2,1,5,4,5,13,2,1,5,5,5,2,13,1,54,2,3,7,1,7,14,1,8,1,3,,44,,1,21,121.5071303,25.0506477
113,10,11,11,47,2,12內湖區,內湖區潭美街與新明路219巷口,0,0,1,1,C03,8,5,5,40,3,2,1,5,4,5,13,1,1,5,5,5,2,12,1,44,4,11,3,4,7,21,7,19,11,15,,42,,2,21,121.5881184,25.05750811
113,10,11,11,47,2,12內湖區,內湖區潭美街與新明路219巷口,0,0,1,2,C03,8,5,5,40,3,2,1,5,4,5,13,1,1,5,5,5,2,12,2,28,2,8,5,1,7,8,1,10,1,17,,100,,1,21,121.5881184,25.05750811
113,10,11,11,57,2,12內湖區,內湖區內湖路2段179巷與金龍隧道口,0,0,2,1,C03,8,7,5,50,3,1,1,5,4,5,13,2,1,5,2,5,2,18,2,28,2,9,5,1,7,5,1,10,1,12,,42,,1,21,121.585179,25.08433871
113,10,11,11,57,2,12內湖區,內湖區內湖路2段179巷與金龍隧道口,0,0,2,2,,8,7,5,50,3,1,1,5,4,5,13,2,1,5,2,5,2,18,3,0,,,,,,,,,,,,67,,1,,121.585179,25.08433871
113,10,11,11,57,2,12內湖區,內湖區內湖路2段179巷與金龍隧道口,0,0,2,3,H02,8,7,5,50,3,1,1,5,4,5,13,2,1,5,2,5,2,18,2,55,2,9,5,5,7,20,8,20,10,16,,67,,1,21,121.585179,25.08433871
113,10,11,12,5,2,05中正區,中正區寧波東街9巷10號,0,0,1,2,H01,8,6,5,30,14,24,1,5,4,5,13,4,4,10,5,5,2,1,1,57,2,7,4,5,8,16,8,20,10,16,,67,,1,21,121.5193617,25.0327877
113,10,11,12,5,2,05中正區,中正區寧波東街9巷10號,0,0,1,1,B03,8,6,5,30,14,24,1,5,4,5,13,4,4,10,5,5,2,1,1,46,4,11,3,4,7,15,7,19,11,2,,44,,2,22,121.5193617,25.0327877
113,10,11,12,6,2,03中山區,中山區北安路圓環往士林,0,0,1,1,B01,7,6,5,50,18,9,1,5,4,5,13,1,1,1,4,5,2,13,1,66,3,10,7,4,7,9,1,4,2,8,,81,,1,22,121.5499857,25.0850962
113,10,11,12,6,2,03中山區,中山區北安路圓環往士林,0,0,1,2,C03,7,6,5,50,18,9,1,5,4,5,13,1,1,1,4,5,2,13,1,43,2,9,6,1,7,14,1,10,2,13,,99,,1,22,121.5499857,25.0850962
113,10,11,12,30,2,09北投區,北投區大度路與中央北路2段257巷口東往西方向,0,0,2,1,C03,8,5,5,50,4,2,1,5,4,5,13,1,1,9,4,4,1,12,2,18,2,8,5,1,7,9,1,10,1,14,,107,,1,21,121.4865471,25.1221025
113,10,11,12,30,2,09北投區,北投區大度路與中央北路2段257巷口東往西方向,0,0,2,2,C03,8,5,5,50,4,2,1,5,4,5,13,1,1,9,4,4,1,12,2,65,2,5,6,1,7,8,1,10,1,13,,100,,1,21,121.4865471,25.1221025
113,10,11,12,34,2,01大同區,大同區西寧北路與長安西路口,0,0,1,1,C03,8,5,5,50,5,2,1,5,4,5,13,4,4,5,2,5,2,13,1,33,2,9,6,1,7,9,1,10,2,11,,108,,1,22,121.5088358,25.0519491
113,10,11,12,34,2,01大同區,大同區西寧北路與長安西路口,0,0,1,2,B03,8,5,5,50,5,2,1,5,4,5,13,4,4,5,2,5,2,13,2,41,3,10,7,1,7,14,1,8,2,6,,44,,1,22,121.5088358,25.0519491
113,10,11,12,49,2,02萬華區,萬華區萬大路與莒光路口,0,0,1,1,B12,7,7,5,50,4,1,1,5,4,5,13,1,1,9,4,5,2,12,1,37,3,10,7,1,7,9,1,10,1,2,,17,,1,21,121.5005339,25.0312045
113,10,11,12,49,2,02萬華區,萬華區萬大路與莒光路口,0,0,1,2,C03,7,7,5,50,4,1,1,5,4,5,13,1,1,9,4,5,2,12,2,64,2,9,5,1,7,9,1,10,1,14,,17,,1,21,121.5005339,25.0312045
113,10,11,13,0,2,05中正區,中正區和平西路1段與南昌路2段附近口,0,0,1,1,C03,8,6,5,50,5,2,1,5,4,5,13,1,1,1,4,5,1,17,2,47,2,8,6,2,7,9,1,10,1,11,,108,,1,21,121.5217355,25.0271434
113,10,11,13,0,2,05中正區,中正區和平西路1段與南昌路2段附近口,0,0,1,2,B03,8,6,5,50,5,2,1,5,4,5,13,1,1,1,4,5,1,17,1,60,3,10,7,1,7,9,1,8,1,7,,44,,1,21,121.5217355,25.0271434
113,10,11,13,5,2,09北投區,北投區公館路與崇仰一路口,0,0,1,1,B03,8,6,5,40,3,1,1,5,4,5,13,3,1,5,4,5,2,16,1,50,3,10,7,1,7,5,1,8,1,5,,80,,1,21,121.5052295,25.12364766
113,10,11,13,5,2,09北投區,北投區公館路與崇仰一路口,0,0,1,2,C03,8,6,5,40,3,1,1,5,4,5,13,3,1,5,4,5,2,16,2,44,2,9,5,1,7,9,1,10,1,11,,44,,1,21,121.5052295,25.12364766
113,10,11,13,25,2,03中山區,中山區長安東路2段246號,0,0,1,1,B03,8,6,5,50,14,9,1,5,4,5,13,4,4,5,4,5,2,12,2,44,3,10,3,4,7,11,1,8,1,8,,99,,1,22,121.5431455,25.0482552
113,10,11,13,25,2,03中山區,中山區長安東路2段246號,0,0,1,2,C03,8,6,5,50,14,9,1,5,4,5,13,4,4,5,4,5,2,12,1,57,2,8,6,4,7,9,1,10,1,12,,44,,1,22,121.5431455,25.0482552
113,10,11,13,25,2,04大安區,大安區四維路與四維路160巷口,0,0,2,1,C03,7,5,5,30,5,2,1,5,4,5,13,4,4,8,3,5,1,16,1,51,2,9,6,1,7,9,1,10,2,11,,4,,1,21,121.5479687,25.0287668
113,10,11,13,25,2,04大安區,大安區四維路與四維路160巷口,0,0,2,2,C03,7,5,5,30,5,2,1,5,4,5,13,4,4,8,3,5,1,16,2,30,2,9,6,1,7,5,1,10,2,11,,44,,1,23,121.5479687,25.0287668
113,10,11,13,36,2,03中山區,中山區民族東路與濱江街180巷口,0,0,1,1,C03,7,6,5,50,4,1,1,5,4,5,13,2,1,1,4,5,2,3,2,34,2,8,6,1,7,5,1,10,1,14,,70,,1,22,121.5378121,25.0682601
113,10,11,13,36,2,03中山區,中山區民族東路與濱江街180巷口,0,0,1,2,H01,7,6,5,50,4,1,1,5,4,5,13,2,1,1,4,5,2,3,1,30,3,10,4,5,8,16,8,20,10,16,,67,,1,22,121.5378121,25.0682601
113,10,11,13,43,2,08士林區,士林區天母北路59號,0,0,2,1,B13,7,6,5,50,14,9,1,5,4,5,13,4,4,9,5,5,2,12,1,24,3,10,3,4,7,11,1,8,1,4,,10,,1,21,121.5267351,25.1213986
113,10,11,13,43,2,08士林區,士林區天母北路59號,0,0,2,2,C03,7,6,5,50,14,9,1,5,4,5,13,4,4,9,5,5,2,12,2,62,2,9,5,1,7,9,1,10,1,12,,44,,1,21,121.5267351,25.1213986
113,10,11,13,43,2,08士林區,士林區天母北路59號,0,0,2,3,H02,7,6,5,50,14,9,1,5,4,5,13,4,4,9,5,5,2,12,2,71,2,9,5,5,7,20,8,20,10,16,,67,,1,21,121.5267351,25.1213986
113,10,11,14,43,2,06松山區,松山區塔悠路與民生東路5段口,0,0,1,1,B03,7,6,5,50,4,1,1,5,4,5,13,2,1,1,3,5,2,16,1,62,3,10,7,1,7,6,1,8,1,2,,9,,1,22,121.5688535,25.0593826
113,10,11,14,43,2,06松山區,松山區塔悠路與民生東路5段口,0,0,1,2,C03,7,6,5,50,4,1,1,5,4,5,13,2,1,1,3,5,2,16,1,32,2,9,6,1,7,9,1,10,1,14,,13,,1,22,121.5688535,25.0593826
113,10,11,15,24,2,03中山區,中山區長春路與林森北路口,0,0,3,1,C03,8,6,5,50,4,1,1,5,4,5,13,1,1,5,5,5,2,16,1,31,2,9,5,1,7,5,1,10,2,11,,71,,1,21,121.5254005,25.0549269
113,10,11,15,24,2,03中山區,中山區長春路與林森北路口,0,0,3,2,C03,8,6,5,50,4,1,1,5,4,5,13,1,1,5,5,5,2,16,2,50,2,9,5,1,7,9,1,10,2,14,,44,,1,21,121.5254005,25.0549269
113,10,11,15,24,2,03中山區,中山區長春路與林森北路口,0,0,3,3,H02,8,6,5,50,4,1,1,5,4,5,13,1,1,5,5,5,2,16,1,17,2,9,4,5,8,20,8,20,10,16,,67,,1,21,121.5254005,25.0549269
113,10,11,15,24,2,03中山區,中山區長春路與林森北路口,0,0,3,4,B03,8,6,5,50,4,1,1,5,4,5,13,1,1,5,5,5,2,16,2,56,3,10,7,1,7,5,1,8,2,6,,44,,1,21,121.5254005,25.0549269
113,10,11,15,36,2,03中山區,中山區建國高架道往南錦州上方,0,0,1,1,B12,7,6,5,70,14,9,1,5,4,5,13,4,4,1,3,5,2,13,1,42,3,10,7,4,7,9,1,3,2,1,,108,,1,21,121.5353226,25.0420724
113,10,11,15,36,2,03中山區,中山區建國高架道往南錦州上方,0,0,1,2,B03,7,6,5,70,14,9,1,5,4,5,13,4,4,1,3,5,2,13,2,52,2,8,7,1,7,14,1,8,2,3,,44,,1,21,121.5353226,25.0420724
113,10,11,15,36,2,03中山區,中山區建國高架道往南錦州上方,0,0,1,3,B03,7,6,5,70,14,9,1,5,4,5,13,4,4,1,3,5,2,13,1,60,3,10,7,1,7,14,1,8,2,3,,44,,1,21,121.5353226,25.0420724
113,10,11,15,36,2,03中山區,中山區建國高架道往南錦州上方,0,0,1,4,B03,7,6,5,70,14,9,1,5,4,5,13,4,4,1,3,5,2,13,1,41,3,10,7,1,7,14,1,8,2,3,,44,,1,21,121.5353226,25.0420724
113,10,11,15,55,2,06松山區,(塔悠路179號旁),0,0,1,1,B01,7,6,5,50,3,1,1,5,4,5,13,1,1,1,4,4,2,15,1,56,3,10,7,1,7,9,1,4,2,1,,81,,1,22,121.569597,25.0563907
113,10,11,15,55,2,06松山區,(塔悠路179號旁),0,0,1,2,C03,7,6,5,50,3,1,1,5,4,5,13,1,1,1,4,4,2,15,1,18,2,9,6,1,7,9,1,10,2,12,,44,,1,22,121.569597,25.0563907
113,10,11,16,2,2,02萬華區,萬華區桂林路53號與桂林路口加油站入口,0,0,1,1,C03,7,7,8,50,3,1,1,5,4,5,13,4,4,5,4,5,1,17,1,59,3,10,5,1,7,5,1,10,1,17,,8,,1,21,121.503336,25.0381531
113,10,11,16,2,2,02萬華區,萬華區桂林路53號與桂林路口加油站入口,0,0,1,2,C03,7,7,8,50,3,1,1,5,4,5,13,4,4,5,4,5,1,17,1,69,2,9,5,1,7,12,1,10,1,17,,44,,1,21,121.503336,25.0381531
113,10,11,16,12,2,08士林區,士林區至誠路1段與芝玉路1段口,0,0,1,1,C03,6,5,5,30,5,1,1,4,4,5,13,2,1,10,5,5,1,17,2,38,2,9,6,1,7,5,1,10,1,12,,85,,1,21,121.5374382,25.1009193
113,10,11,16,12,2,08士林區,士林區至誠路1段與芝玉路1段口,0,0,1,2,B01,6,5,5,30,5,1,1,4,4,5,13,2,1,10,5,5,1,17,1,56,3,10,7,1,7,9,1,4,1,8,,44,,1,21,121.5374382,25.1009193
113,10,11,16,30,2,08士林區,士林區基河路240巷與士商路口,0,0,1,1,B03,8,6,5,50,4,1,1,5,4,5,13,1,1,4,5,5,1,16,1,47,3,10,7,1,7,5,1,8,2,6,,71,,1,21,121.5202523,25.0905844