發生年度,發生月,發生日,發生時-Hours,發生分,處理別-編號,區序,肇事地點,死亡人數,2-30日死亡人數,受傷人數,當事人序號,車種,天候,道路照明設備,道路類別,速限-速度限制,道路型態,事故位置,路面狀況1,路面狀況2,路面狀況3,道路障礙1,道路障礙2,號誌1,號誌2,車道劃分-分向,車道劃分-分道1,車道劃分-分道2,車道劃分-分道3,事故類型及型態,性別,年齡,受傷程度,主要傷處,保護裝置,行動電話,車輛用途,當事者行動狀態,駕駛資格情形,駕駛執照種類,飲酒情形,車輛撞擊部位1,車輛撞擊部位2,肇因碼-個別,肇因碼-主要,個人肇逃否,職業,座標-X,座標-Y
113,10,11,16,30,2,08士林區,士林區基河路240巷與士商路口,0,0,1,2,C03,8,6,5,50,4,1,1,5,4,5,13,1,1,4,5,5,1,16,1,35,2,7,5,1,7,9,1,10,2,11,,44,,1,21,121.5202523,25.0905844
113,10,11,16,34,2,05中正區,中正區中正橋往永和,0,0,1,1,B03,8,6,5,50,8,9,1,5,4,5,13,4,4,1,4,5,2,12,1,58,3,10,3,4,7,9,1,8,2,2,,42,,1,21,121.5165144,25.0222482
113,10,11,16,34,2,05中正區,中正區中正橋往永和,0,0,1,2,C03,8,6,5,50,8,9,1,5,4,5,13,4,4,1,4,5,2,12,1,23,2,8,5,1,7,9,1,10,2,14,,42,,1,21,121.5165144,25.0222482
113,10,11,16,59,2,01大同區,大同區南京西路與民樂街口,0,0,3,1,C03,7,6,5,50,3,1,1,5,4,5,13,3,1,4,4,5,2,3,2,42,2,3,3,4,7,9,1,10,1,11,,70,,1,21,121.5109451,25.0538375
113,10,11,16,59,2,01大同區,大同區南京西路與民樂街口,0,0,3,2,H01,7,6,5,50,3,1,1,5,4,5,13,3,1,4,4,5,2,3,2,53,2,9,4,5,8,16,8,20,10,16,,67,,1,21,121.5109451,25.0538375
113,10,11,16,59,2,01大同區,大同區南京西路與民樂街口,0,0,3,3,H01,7,6,5,50,3,1,1,5,4,5,13,3,1,4,4,5,2,3,2,48,2,9,4,5,8,16,8,20,10,16,,67,,1,21,121.5109451,25.0538375
113,10,11,16,59,2,07信義區,信義區吳興街220巷與吳興街220巷37弄口,0,0,1,1,B01,8,7,5,50,4,1,1,5,4,5,13,1,1,5,5,5,2,12,1,53,3,10,3,4,7,8,1,4,2,2,,101,,1,21,121.5622692,25.0269881
113,10,11,16,59,2,07信義區,信義區吳興街220巷與吳興街220巷37弄口,0,0,1,2,C03,8,7,5,50,4,1,1,5,4,5,13,1,1,5,5,5,2,12,1,63,2,9,5,1,7,9,1,10,2,11,,44,,1,21,121.5622692,25.0269881
113,10,11,17,21,2,02萬華區,萬華區堤外便道,0,0,2,1,C03,7,6,8,40,14,11,1,5,4,5,13,4,4,1,4,5,2,17,1,62,2,9,6,1,7,15,1,10,1,15,,42,,1,21,121.5005268,25.0441189
113,10,11,17,21,2,02萬華區,萬華區堤外便道,0,0,2,2,C03,7,6,8,40,14,11,1,5,4,5,13,4,4,1,4,5,2,17,1,24,2,9,6,1,7,9,1,10,1,11,,44,,1,21,121.5005268,25.0441189
113,10,11,17,39,2,06松山區,松山區光復北路與南京東路5段口,0,0,1,1,B03,7,5,5,50,4,1,1,5,4,5,13,2,1,1,3,5,2,15,2,40,3,10,7,1,7,9,1,8,1,1,,44,,1,22,121.5575264,25.0517009
113,10,11,17,39,2,06松山區,松山區光復北路與南京東路5段口,0,0,1,2,C03,7,5,5,50,4,1,1,5,4,5,13,2,1,1,3,5,2,15,2,57,2,9,6,1,7,9,1,10,1,14,,44,,1,22,121.5575264,25.0517009
113,10,11,17,44,2,09北投區,北投區致遠一路2段119號,0,0,1,1,C03,8,5,5,50,14,9,1,5,4,5,13,4,4,5,4,5,2,12,2,72,2,9,5,1,7,9,1,10,1,12,,99,,1,21,121.5124045,25.11374186
113,10,11,17,44,2,09北投區,北投區致遠一路2段119號,0,0,1,2,B02,8,5,5,50,14,9,1,5,4,5,13,4,4,5,4,5,2,12,1,49,3,10,7,1,7,9,1,8,1,8,,44,,1,21,121.5124045,25.11374186
113,10,11,17,45,2,08士林區,士林區中正路與延平北路6段口,0,0,1,1,C03,7,5,5,50,4,1,1,5,4,5,13,2,1,4,5,5,1,17,2,66,2,9,5,1,7,7,1,10,1,13,,100,,1,21,121.5092994,25.0868807
113,10,11,17,45,2,08士林區,士林區中正路與延平北路6段口,0,0,1,2,B03,7,5,5,50,4,1,1,5,4,5,13,2,1,4,5,5,1,17,1,24,3,10,7,1,7,9,1,8,1,1,,107,,1,21,121.5092994,25.0868807
113,10,11,17,45,2,12內湖區,內湖區舊宗路2段與舊宗路2段181巷口,0,0,2,1,C03,8,5,5,50,3,1,1,5,4,5,13,3,1,1,4,5,1,13,1,33,2,9,6,1,7,9,1,9,1,11,,14,,1,21,121.5745679,25.0715692
113,10,11,17,45,2,12內湖區,內湖區舊宗路2段與舊宗路2段181巷口,0,0,2,2,B12,8,5,5,50,3,1,1,5,4,5,13,3,1,1,4,5,1,13,1,31,3,10,7,1,7,9,1,8,1,3,,44,,1,21,121.5745679,25.0715692
113,10,11,17,45,2,12內湖區,內湖區舊宗路2段與舊宗路2段181巷口,0,0,2,3,H02,8,5,5,50,3,1,1,5,4,5,13,3,1,1,4,5,1,13,2,33,2,9,6,5,7,20,8,20,10,16,,67,,1,21,121.5745679,25.0715692
113,10,11,17,50,2,12內湖區,內湖區安康路與成功路2段口,0,0,1,1,A05,7,5,5,50,4,2,1,5,4,5,13,1,1,5,5,5,2,17,1,52,3,10,7,1,7,5,1,6,2,5,,108,,1,21,121.591577,25.06076395
113,10,11,17,50,2,12內湖區,內湖區安康路與成功路2段口,0,0,1,2,C03,7,5,5,50,4,2,1,5,4,5,13,1,1,5,5,5,2,17,1,27,2,8,5,1,7,5,1,10,2,14,,44,,1,21,121.591577,25.06076395
113,10,11,17,51,2,08士林區,士林區文林路與大南路口,0,0,2,1,A12,8,5,5,50,4,1,1,5,4,5,13,4,4,5,5,5,2,12,1,70,3,10,7,1,7,9,1,6,1,2,,108,,1,26,121.5265774,25.0888982
113,10,11,17,51,2,08士林區,士林區文林路與大南路口,0,0,2,2,C03,8,5,5,50,4,1,1,5,4,5,13,4,4,5,5,5,2,12,1,20,2,6,6,1,7,9,1,10,1,14,,44,,1,26,121.5265774,25.0888982
113,10,11,17,51,2,08士林區,士林區文林路與大南路口,0,0,2,3,H02,8,5,5,50,4,1,1,5,4,5,13,4,4,5,5,5,2,12,2,20,2,6,6,5,7,20,8,20,10,16,,67,,1,25,121.5265774,25.0888982
113,10,11,17,57,2,02萬華區,萬華區成都路14號,0,0,1,1,B03,8,5,5,50,14,9,1,5,4,5,13,4,4,10,4,5,2,17,1,26,3,10,7,1,7,15,1,8,1,4,,17,,1,21,121.5071149,25.04245493
113,10,11,17,57,2,02萬華區,萬華區成都路14號,0,0,1,2,C03,8,5,5,50,14,9,1,5,4,5,13,4,4,10,4,5,2,17,2,34,2,9,5,1,7,9,1,10,1,12,,44,,1,21,121.5071149,25.04245493
113,10,11,17,57,2,02萬華區,萬華區成都路14號,0,0,1,3,,8,5,5,50,14,9,1,5,4,5,13,4,4,10,4,5,2,17,3,0,,,,,,,,,,,,67,,1,,121.5071149,25.04245493
113,10,11,18,0,2,07信義區,信義區忠孝東路4段559巷,0,0,1,1,B03,7,5,5,30,14,9,1,5,4,5,13,4,4,10,5,5,2,3,1,60,3,10,3,4,7,9,1,8,1,1,,108,,1,21,121.5636943,25.0440277
113,10,11,18,0,2,07信義區,信義區忠孝東路4段559巷,0,0,1,2,H01,7,5,5,30,14,9,1,5,4,5,13,4,4,10,5,5,2,3,1,76,2,9,4,5,8,16,8,20,10,16,,121,,1,21,121.5636943,25.0440277
113,10,11,18,9,2,04大安區,大安區忠孝東路3段190號,0,0,2,1,C04,8,5,5,50,14,9,1,5,4,5,13,4,4,1,4,5,2,17,1,22,2,9,5,1,7,12,1,10,1,13,,14,,1,21,121.5389775,25.0416074
113,10,11,18,9,2,04大安區,大安區忠孝東路3段190號,0,0,2,2,C03,8,5,5,50,14,9,1,5,4,5,13,4,4,1,4,5,2,17,2,35,2,8,5,1,7,9,1,8,1,11,,107,,1,21,121.5389775,25.0416074
113,10,11,18,15,2,10文山區,文山區秀明路1段51號,0,0,1,1,C03,7,5,5,50,14,9,1,5,4,5,13,4,4,1,5,5,2,13,2,20,3,10,5,1,7,9,1,10,1,11,,16,,1,21,121.5651422,24.9899034
113,10,11,18,15,2,10文山區,文山區秀明路1段51號,0,0,1,2,C03,7,5,5,50,14,9,1,5,4,5,13,4,4,1,5,5,2,13,1,41,2,7,5,1,7,9,1,10,1,13,,44,,1,21,121.5651422,24.9899034
113,10,11,18,19,2,07信義區,信義區信義路5段與松勇路口口,0,0,1,1,C03,7,5,5,50,3,1,1,5,4,5,13,4,4,5,5,5,2,17,2,31,2,9,6,1,7,6,1,10,9,14,,108,,1,21,121.569589,25.0329409
113,10,11,18,19,2,07信義區,信義區信義路5段與松勇路口口,0,0,1,2,B01,7,5,5,50,3,1,1,5,4,5,13,4,4,5,5,5,2,17,1,40,3,10,7,1,7,6,1,4,9,5,,9,,1,21,121.569589,25.0329409
113,10,11,18,25,2,03中山區,中山區北安路47號,0,0,2,1,C03,8,5,5,50,14,9,1,5,4,5,13,4,4,1,4,5,2,12,1,19,2,9,5,1,7,9,1,10,1,14,12,17,,1,21,121.5282956,25.07753741
113,10,11,18,25,2,03中山區,中山區北安路47號,0,0,2,2,C03,8,5,5,50,14,9,1,5,4,5,13,4,4,1,4,5,2,12,1,37,2,9,5,1,7,9,1,10,1,12,,17,,1,21,121.5282956,25.07753741
113,10,11,18,28,2,06松山區,松山區塔悠路與基隆路1段口,0,0,1,1,B03,7,5,5,50,5,2,1,5,4,5,13,1,1,5,4,5,2,13,1,28,3,10,7,1,7,9,1,8,1,8,,108,,1,22,121.5706947,25.0511431
113,10,11,18,28,2,06松山區,松山區塔悠路與基隆路1段口,0,0,1,2,C03,7,5,5,50,5,2,1,5,4,5,13,1,1,5,4,5,2,13,2,30,2,8,5,1,7,15,1,10,1,13,,16,,1,22,121.5706947,25.0511431
113,10,11,18,36,2,06松山區,松山區八德路3段74巷與市民大道4段口,0,0,1,1,B03,8,5,5,30,3,1,1,5,4,5,13,4,4,10,4,5,2,15,1,39,3,10,7,1,7,9,1,8,9,1,,80,,2,22,121.5524355,25.0446203
113,10,11,18,36,2,06松山區,松山區八德路3段74巷與市民大道4段口,0,0,1,2,F01,8,5,5,30,3,1,1,5,4,5,13,4,4,10,4,5,2,15,1,32,2,9,4,1,7,9,8,20,9,14,,42,,1,22,121.5524355,25.0446203
113,10,11,18,50,2,04大安區,大安區忠孝東路3段與建國南路1段口,0,0,1,1,B01,7,5,5,40,4,2,1,5,4,5,13,1,1,1,4,5,2,9,1,62,3,10,7,1,7,8,1,4,1,17,,107,,1,21,121.5366585,25.0424121
113,10,11,18,50,2,04大安區,大安區忠孝東路3段與建國南路1段口,0,0,1,2,H02,7,5,5,40,4,2,1,5,4,5,13,1,1,1,4,5,2,9,2,44,2,9,4,5,7,20,8,20,10,17,,67,,1,21,121.5366585,25.0424121
113,10,11,19,12,2,05中正區,中正區和平西路2段與和平西路2段75巷口,0,0,1,1,B03,8,5,5,30,3,1,1,5,4,5,13,4,4,1,4,4,2,17,1,71,3,10,7,1,7,6,1,8,2,8,,80,,1,21,121.507543,25.031652
113,10,11,19,12,2,05中正區,中正區和平西路2段與和平西路2段75巷口,0,0,1,2,C03,8,5,5,30,3,1,1,5,4,5,13,4,4,1,4,4,2,17,1,23,2,9,5,1,7,9,1,10,2,11,,13,,1,21,121.507543,25.031652
113,10,11,19,22,2,05中正區,中正區忠孝東路1段與杭州北路口,0,0,1,1,B02,8,5,5,50,4,1,1,5,4,5,13,1,1,3,4,5,1,13,1,47,3,10,7,1,7,15,1,4,2,3,,44,,1,21,121.526682,25.044032
113,10,11,19,22,2,05中正區,中正區忠孝東路1段與杭州北路口,0,0,1,2,B01,8,5,5,50,4,1,1,5,4,5,13,1,1,3,4,5,1,13,1,51,3,10,7,1,7,9,1,4,2,1,,16,,1,21,121.526682,25.044032
113,10,11,19,22,2,05中正區,中正區忠孝東路1段與杭州北路口,0,0,1,3,H02,8,5,5,50,4,1,1,5,4,5,13,1,1,3,4,5,1,13,1,30,2,1,4,5,7,20,8,20,10,16,,67,,1,22,121.526682,25.044032
113,10,11,19,22,2,09北投區,北投區承德路7段139號,0,0,1,1,C03,7,5,5,50,14,7,1,5,4,5,13,4,4,1,4,5,2,18,1,26,2,9,5,1,7,8,1,10,1,12,,42,,1,22,121.5088781,25.1126386
113,10,11,19,22,2,09北投區,北投區承德路7段139號,0,0,1,2,,7,5,5,50,14,7,1,5,4,5,13,4,4,1,4,5,2,18,3,0,,,,,,,,,,,,67,,1,,121.5088781,25.1126386
113,10,11,19,30,2,01大同區,大同區民權西路與蘭州街口,0,0,1,1,B01,8,5,5,50,4,1,1,5,4,5,13,1,1,1,2,5,2,17,1,48,3,10,7,1,7,5,1,4,2,5,,83,,1,21,121.5148841,25.0628961
113,10,11,19,30,2,01大同區,大同區民權西路與蘭州街口,0,0,1,2,C03,8,5,5,50,4,1,1,5,4,5,13,1,1,1,2,5,2,17,1,18,2,7,6,1,7,9,1,10,2,14,,44,,1,21,121.5148841,25.0628961
113,10,11,20,12,2,03中山區,中山區民生東路2段與新生北路2段口,0,0,1,1,C03,7,5,5,50,3,2,1,5,4,5,13,2,1,8,3,5,1,17,2,57,2,9,5,1,7,9,1,10,1,11,,108,,1,21,121.5278491,25.0581041
113,10,11,20,12,2,03中山區,中山區民生東路2段與新生北路2段口,0,0,1,2,B03,7,5,5,50,3,2,1,5,4,5,13,2,1,8,3,5,1,17,1,34,3,10,7,1,7,6,1,8,1,7,,44,,1,21,121.5278491,25.0581041
113,10,11,21,5,2,06松山區,松山區民權東路4段與光復北路口,0,0,1,1,B03,8,5,5,50,4,1,1,5,4,5,13,2,1,1,4,4,2,2,1,29,3,10,7,1,7,5,1,8,2,1,,108,,1,21,121.5544814,25.0619186
113,10,11,21,5,2,06松山區,松山區民權東路4段與光復北路口,0,0,1,2,H01,8,5,5,50,4,1,1,5,4,5,13,2,1,1,4,4,2,2,1,45,2,9,4,5,8,18,8,20,10,16,,122,,1,21,121.5544814,25.0619186
113,10,11,21,10,2,04大安區,大安區信義路3段與信義路3段111巷口,0,0,2,1,B03,7,5,5,50,4,1,1,5,4,5,13,1,1,9,4,5,1,16,1,65,3,10,3,4,7,5,1,8,2,4,,8,,1,21,121.5394956,25.033558
113,10,11,21,10,2,04大安區,大安區信義路3段與信義路3段111巷口,0,0,2,2,C03,7,5,5,50,4,1,1,5,4,5,13,1,1,9,4,5,1,16,1,19,2,9,3,4,7,9,1,10,2,11,,44,,1,21,121.5394956,25.033558
113,10,11,21,10,2,04大安區,大安區信義路3段與信義路3段111巷口,0,0,2,3,C03,7,5,5,50,4,1,1,5,4,5,13,1,1,9,4,5,1,16,2,56,2,9,3,4,7,9,1,10,1,11,,44,,1,21,121.5394956,25.033558
113,10,11,21,10,2,10文山區,文山區忠順街2段與興隆路4段145巷22弄口,0,0,3,1,C03,8,5,5,50,14,9,1,5,4,5,13,4,4,5,2,5,2,17,1,39,2,9,5,4,7,5,1,10,2,11,,98,,1,21,121.5630421,24.9847302
113,10,11,21,10,2,10文山區,文山區忠順街2段與興隆路4段145巷22弄口,0,0,3,2,C03,8,5,5,50,14,9,1,5,4,5,13,4,4,5,2,5,2,17,1,20,2,7,5,4,7,9,1,10,2,12,,13,,1,21,121.5630421,24.9847302
113,10,11,21,10,2,10文山區,文山區忠順街2段與興隆路4段145巷22弄口,0,0,3,3,G06,8,5,5,50,14,9,1,5,4,5,13,4,4,5,2,5,2,17,3,112,,,,,,,,,,,,67,,1,,121.5630421,24.9847302
113,10,11,21,10,2,10文山區,文山區忠順街2段與興隆路4段145巷22弄口,0,0,3,4,H02,8,5,5,50,14,9,1,5,4,5,13,4,4,5,2,5,2,17,1,24,2,7,5,5,7,20,8,20,10,16,,67,,1,21,121.5630421,24.9847302
113,10,11,22,38,2,07信義區,信義區信義路5段6號,0,0,1,1,F01,8,7,5,0,22,20,4,5,4,5,13,4,4,10,5,5,2,18,1,37,2,9,4,1,7,9,8,20,2,15,,116,,1,21,121.5598826,25.0329364
113,10,11,22,38,2,07信義區,信義區信義路5段6號,0,0,1,2,,8,7,5,0,22,20,4,5,4,5,13,4,4,10,5,5,2,18,3,0,,,,,,,,,,,,67,,1,,121.5598826,25.0329364
113,10,11,22,52,2,07信義區,信義區松仁路153巷14弄16號,0,0,1,1,F02,8,5,5,30,12,9,1,5,4,5,13,4,4,9,5,5,2,18,2,30,2,9,4,1,7,9,8,20,1,15,,116,,1,21,121.5702736,25.0284338
113,10,11,22,52,2,07信義區,信義區松仁路153巷14弄16號,0,0,1,2,,8,5,5,30,12,9,1,5,4,5,13,4,4,9,5,5,2,18,3,0,,,,,,,,,,,,67,,1,,121.5702736,25.0284338
113,10,11,22,56,2,02萬華區,萬華區西園路2段與東園街口,0,0,2,1,C03,7,5,5,50,3,1,1,5,4,5,13,2,1,1,4,5,2,13,1,28,2,9,6,1,7,9,1,10,1,11,,16,,1,21,121.4951488,25.0281839
113,10,11,22,56,2,02萬華區,萬華區西園路2段與東園街口,0,0,2,2,C03,7,5,5,50,3,1,1,5,4,5,13,2,1,1,4,5,2,13,1,53,2,9,6,1,7,9,1,10,1,13,,44,,1,21,121.4951488,25.0281839
113,10,11,23,32,2,08士林區,士林區重陽橋西向東,0,0,1,1,C03,8,5,5,40,8,11,1,5,4,5,13,4,4,10,4,5,1,17,1,42,3,10,6,1,7,9,6,18,2,15,,100,,1,21,121.5070004,25.08597239
113,10,11,23,32,2,08士林區,士林區重陽橋西向東,0,0,1,2,C03,8,5,5,40,8,11,1,5,4,5,13,4,4,10,4,5,1,17,1,18,2,9,6,1,7,9,1,10,2,11,,13,,1,21,121.5070004,25.08597239
113,10,11,23,44,2,02萬華區,萬華區桂林路與環河南路1段348巷口,0,0,2,1,B03,7,5,8,50,22,22,1,5,4,5,13,2,1,1,5,5,2,17,1,22,2,7,7,1,7,6,1,8,1,2,,9,,1,21,121.4959571,25.0389279
113,10,11,23,44,2,02萬華區,萬華區桂林路與環河南路1段348巷口,0,0,2,2,C03,7,5,8,50,22,22,1,5,4,5,13,2,1,1,5,5,2,17,1,21,2,9,6,1,7,9,1,10,1,14,,44,,1,21,121.4959571,25.0389279
113,10,12,1,21,2,03中山區,中山區四平街與南京東路2段115巷口,0,0,1,1,C03,8,5,5,30,4,1,1,5,4,5,13,4,4,10,5,5,2,15,1,35,2,9,5,1,7,9,1,10,1,12,,75,,1,22,121.5336781,25.0535621
113,10,12,1,21,2,03中山區,中山區四平街與南京東路2段115巷口,0,0,1,2,B02,8,5,5,30,4,1,1,5,4,5,13,4,4,10,5,5,2,15,1,37,3,10,3,4,7,9,1,8,1,1,,14,,1,22,121.5336781,25.0535621
113,10,12,3,12,2,07信義區,信義區松仁路88號,0,0,1,1,B03,8,5,5,50,14,9,1,5,4,5,13,4,4,1,4,5,2,12,1,25,3,10,3,4,7,15,1,8,1,4,,100,,1,21,121.5683055,25.0355432
113,10,12,3,12,2,07信義區,信義區松仁路88號,0,0,1,2,C03,8,5,5,50,14,9,1,5,4,5,13,4,4,1,4,5,2,12,1,22,2,9,3,4,7,9,1,10,1,12,,44,,1,21,121.5683055,25.0355432
113,10,12,5,47,2,03中山區,中山區中山北路2段與民生西路口,0,0,1,1,B01,7,6,5,50,4,1,1,5,4,5,13,2,1,1,4,5,2,17,1,36,3,10,7,1,7,5,1,4,9,17,,71,,1,21,121.5227554,25.0579239
113,10,12,5,47,2,03中山區,中山區中山北路2段與民生西路口,0,0,1,2,C03,7,6,5,50,4,1,1,5,4,5,13,2,1,1,4,5,2,17,1,21,2,9,6,1,7,9,1,10,9,12,,13,,1,22,121.5227554,25.0579239
113,10,12,6,38,1,02萬華區,萬華區中華路2段與水源路口,1,0,0,1,A05,8,5,5,50,5,1,1,5,4,5,13,1,1,5,5,5,2,16,1,71,3,10,3,4,7,9,1,2,2,8,,107,,1,21,121.5122303,25.024096
113,10,12,6,38,1,02萬華區,萬華區中華路2段與水源路口,1,0,0,2,F01,8,5,5,50,5,1,1,5,4,5,13,1,1,5,5,5,2,16,1,91,1,1,3,4,7,1,8,20,9,14,,19,,1,22,121.5122303,25.024096
113,10,12,6,44,2,02萬華區,萬華區西園路1段與桂林路口,0,0,1,1,B03,8,6,5,50,4,1,1,5,4,5,13,1,1,8,3,4,1,17,4,0,,,,,,,,,9,,,119,,2,,121.4997972,25.0385137
113,10,12,6,44,2,02萬華區,萬華區西園路1段與桂林路口,0,0,1,2,C03,8,6,5,50,4,1,1,5,4,5,13,1,1,8,3,4,1,17,2,52,2,8,5,1,7,9,1,10,1,14,,119,,1,21,121.4997972,25.0385137
113,10,12,7,19,2,02萬華區,萬華區貴陽街2段與長沙街2段口,0,0,1,1,B03,8,7,5,30,11,9,4,5,4,5,13,4,4,10,5,5,2,13,1,46,3,10,7,1,7,9,1,8,1,8,,108,,1,21,121.5017638,25.0402394
113,10,12,7,19,2,02萬華區,萬華區貴陽街2段與長沙街2段口,0,0,1,2,C03,8,7,5,30,11,9,4,5,4,5,13,4,4,10,5,5,2,13,2,66,2,8,5,1,7,14,1,10,1,13,,42,,1,21,121.5017638,25.0402394
113,10,12,7,29,2,09北投區,北投區永興路2段與復興一路口,0,0,1,1,C03,8,7,5,50,4,2,1,5,4,5,13,4,4,5,5,5,2,29,2,73,2,9,6,1,7,9,1,10,1,12,,107,,1,22,121.502597,25.1402656
113,10,12,7,29,2,09北投區,北投區永興路2段與復興一路口,0,0,1,2,C03,8,7,5,50,4,2,1,5,4,5,13,4,4,5,5,5,2,29,3,0,,,,,,,,,,,,67,,1,,121.502597,25.1402656
113,10,12,7,29,2,09北投區,北投區永興路2段與復興一路口,0,0,1,3,C03,8,7,5,50,4,2,1,5,4,5,13,4,4,5,5,5,2,29,3,0,,,,,,,,,,,,67,,1,,121.502597,25.1402656
113,10,12,7,40,2,07信義區,信義區松山路與松山路149巷口口,0,0,2,1,C03,8,6,8,50,4,2,1,5,4,5,13,1,1,1,4,5,2,9,1,19,2,9,6,1,7,9,1,10,2,11,,44,,1,22,121.577731,25.0466795
113,10,12,7,40,2,07信義區,信義區松山路與松山路149巷口口,0,0,2,2,H01,8,6,8,50,4,2,1,5,4,5,13,1,1,1,4,5,2,9,2,68,2,9,4,5,8,16,8,20,10,16,,60,,1,22,121.577731,25.0466795
113,10,12,7,43,2,09北投區,北投區大度路3段301巷80弄,0,0,1,1,B03,8,7,5,30,11,9,1,5,4,5,13,4,4,5,5,5,2,1,1,73,3,10,7,1,7,9,1,8,9,2,,118,,1,21,121.4656679,25.1211427
113,10,12,7,43,2,09北投區,北投區大度路3段301巷80弄,0,0,1,2,H01,8,7,5,30,11,9,1,5,4,5,13,4,4,5,5,5,2,1,2,81,2,9,4,5,8,16,8,20,10,16,,67,,1,21,121.4656679,25.1211427
113,10,12,8,31,2,04大安區,大安區辛亥路3段與辛亥路3段21巷口,0,0,1,1,B01,7,6,5,30,3,1,1,5,4,5,13,4,4,10,5,5,2,17,1,67,3,10,7,1,7,6,1,4,1,17,,72,,1,21,121.5443169,25.02138523
113,10,12,8,31,2,04大安區,大安區辛亥路3段與辛亥路3段21巷口,0,0,1,2,C03,7,6,5,30,3,1,1,5,4,5,13,4,4,10,5,5,2,17,2,30,2,9,5,1,7,12,1,10,1,14,,44,,1,21,121.5443169,25.02138523
113,10,12,9,10,2,04大安區,大安區敦化南路2段11巷與無名巷口口,0,0,1,1,B13,7,6,5,30,4,1,1,5,4,5,13,4,4,10,5,5,2,15,1,39,3,10,7,1,7,9,1,8,1,1,,75,,1,22,121.5495224,25.032607
113,10,12,9,10,2,04大安區,大安區敦化南路2段11巷與無名巷口口,0,0,1,2,C03,7,6,5,30,4,1,1,5,4,5,13,4,4,10,5,5,2,15,2,55,2,7,5,1,7,9,1,10,1,11,,44,,1,22,121.5495224,25.032607
113,10,12,9,31,2,10文山區,文山區木柵路3段與木柵路3段48巷口口,0,0,1,1,B03,8,6,5,50,4,1,1,5,4,5,13,2,1,10,5,5,2,3,1,71,3,10,7,1,7,6,1,8,2,5,,44,,1,21,121.5653916,24.9883774
113,10,12,9,31,2,10文山區,文山區木柵路3段與木柵路3段48巷口口,0,0,1,2,H01,8,6,5,50,4,1,1,5,4,5,13,2,1,10,5,5,2,3,2,73,2,9,4,5,8,16,8,20,10,16,,67,,1,21,121.5653916,24.9883774
113,10,12,10,2,2,12內湖區,內湖區東湖路與康樂街口,0,0,1,1,B11,8,5,5,50,4,1,1,5,4,5,13,1,1,5,4,5,2,16,1,27,3,10,7,1,7,11,1,2,1,8,,10,,1,21,121.6174938,25.0679377
113,10,12,10,2,2,12內湖區,內湖區東湖路與康樂街口,0,0,1,2,C03,8,5,5,50,4,1,1,5,4,5,13,1,1,5,4,5,2,16,2,40,2,9,6,1,7,5,1,10,1,12,,44,,1,21,121.6174938,25.0679377
113,10,12,10,10,2,07信義區,信義區忠孝東路4段559巷與忠孝東路4段553巷22弄口口,0,0,2,1,C03,8,6,7,30,3,1,1,5,4,5,13,4,4,10,5,5,2,17,1,31,2,7,6,1,7,5,1,10,2,14,,8,,1,22,121.563691,25.043695
113,10,12,10,10,2,07信義區,信義區忠孝東路4段559巷與忠孝東路4段553巷22弄口口,0,0,2,2,C03,8,6,7,30,3,1,1,5,4,5,13,4,4,10,5,5,2,17,1,55,2,9,6,1,7,9,1,10,2,14,,44,,1,22,121.563691,25.043695
113,10,12,10,22,2,02萬華區,萬華區忠孝西路2段與忠孝西路2段16巷口,0,0,1,1,C03,7,7,5,50,3,1,1,5,4,5,13,4,4,1,4,5,2,16,1,65,3,10,5,1,7,6,1,10,1,12,,9,,1,21,121.5085506,25.0482607
113,10,12,10,22,2,02萬華區,萬華區忠孝西路2段與忠孝西路2段16巷口,0,0,1,2,C03,7,7,5,50,3,1,1,5,4,5,13,4,4,1,4,5,2,16,1,63,2,9,5,1,7,9,1,10,1,14,,44,,1,21,121.5085506,25.0482607
113,10,12,10,30,2,10文山區,文山區興隆路4段195巷與興隆路4段口,0,0,1,1,C02,8,5,5,50,3,18,1,5,4,5,13,4,4,10,5,5,1,3,1,65,3,10,5,1,7,9,1,9,1,11,,70,,1,21,121.5622378,24.9831424
113,10,12,10,30,2,10文山區,文山區興隆路4段195巷與興隆路4段口,0,0,1,2,H01,8,5,5,50,3,18,1,5,4,5,13,4,4,10,5,5,1,3,2,32,2,9,4,5,8,16,8,20,1,16,,67,,1,21,121.5622378,24.9831424
113,10,12,10,35,2,08士林區,士林區文林路與文林路404巷口,0,0,1,1,B12,8,7,5,50,3,2,1,5,4,5,13,4,4,9,4,5,1,17,1,49,3,10,7,1,7,8,1,8,2,3,,101,,1,21,121.524925,25.09391216
113,10,12,10,35,2,08士林區,士林區文林路與文林路404巷口,0,0,1,2,C03,8,7,5,50,3,2,1,5,4,5,13,4,4,9,4,5,1,17,2,18,2,8,5,1,7,9,1,10,2,11,,13,,1,21,121.524925,25.09391216
113,10,12,10,42,2,10文山區,文山區羅斯福路6段280號,0,0,1,1,A02,8,6,5,50,14,9,1,5,4,5,13,4,4,1,4,5,2,17,1,41,3,10,7,1,7,1,1,2,11,17,,19,,1,22,121.5399338,24.9908604
113,10,12,10,42,2,10文山區,文山區羅斯福路6段280號,0,0,1,2,C03,8,6,5,50,14,9,1,5,4,5,13,4,4,1,4,5,2,17,2,23,2,9,6,1,7,12,1,10,1,14,,13,,1,22,121.5399338,24.9908604