發生年度,發生月,發生日,發生時-Hours,發生分,處理別-編號,區序,肇事地點,死亡人數,2-30日死亡人數,受傷人數,當事人序號,車種,天候,道路照明設備,道路類別,速限-速度限制,道路型態,事故位置,路面狀況1,路面狀況2,路面狀況3,道路障礙1,道路障礙2,號誌1,號誌2,車道劃分-分向,車道劃分-分道1,車道劃分-分道2,車道劃分-分道3,事故類型及型態,性別,年齡,受傷程度,主要傷處,保護裝置,行動電話,車輛用途,當事者行動狀態,駕駛資格情形,駕駛執照種類,飲酒情形,車輛撞擊部位1,車輛撞擊部位2,肇因碼-個別,肇因碼-主要,個人肇逃否,職業,座標-X,座標-Y
113,10,12,10,43,2,08士林區,士林區通河西街1段與重慶北路4段口口,0,0,1,1,C03,8,6,5,50,3,1,1,5,4,5,13,2,1,10,5,5,2,16,2,18,2,9,6,1,7,9,1,10,1,11,,81,,1,21,121.5119447,25.08774479
113,10,12,10,43,2,08士林區,士林區通河西街1段與重慶北路4段口口,0,0,1,2,B03,8,6,5,50,3,1,1,5,4,5,13,2,1,10,5,5,2,16,1,33,3,10,7,1,7,5,1,8,1,8,,44,,1,21,121.5119447,25.08774479
113,10,12,11,3,2,04大安區,大安區市民大道3段與建國南路1段口,0,0,1,1,C03,7,6,5,40,4,1,1,5,4,5,13,2,1,9,4,5,1,13,1,19,2,8,3,4,7,9,1,10,1,11,,13,,1,21,121.5364981,25.0446619
113,10,12,11,3,2,04大安區,大安區市民大道3段與建國南路1段口,0,0,1,2,B03,7,6,5,40,4,1,1,5,4,5,13,2,1,9,4,5,1,13,1,19,3,10,3,4,7,7,1,8,1,7,,100,,1,21,121.5364981,25.0446619
113,10,12,11,32,2,08士林區,士林區延平北路5段與中正路口,0,0,1,1,C03,8,6,5,50,4,1,1,5,4,5,13,1,1,1,4,5,2,17,1,37,3,10,6,1,7,6,1,10,1,13,,9,,1,21,121.5094107,25.0864539
113,10,12,11,32,2,08士林區,士林區延平北路5段與中正路口,0,0,1,2,C03,8,6,5,50,4,1,1,5,4,5,13,1,1,1,4,5,2,17,2,43,2,8,6,1,7,9,1,10,1,11,,44,,1,21,121.5094107,25.0864539
113,10,12,11,52,2,06松山區,松山區南京東路5段與塔悠路口,0,0,2,1,C04,7,7,5,50,5,2,1,5,4,5,13,1,1,9,4,5,2,3,2,54,2,8,5,1,7,9,1,10,2,11,,70,,1,22,121.5701297,25.0511485
113,10,12,11,52,2,06松山區,松山區南京東路5段與塔悠路口,0,0,2,2,H01,7,7,5,50,5,2,1,5,4,5,13,1,1,9,4,5,2,3,2,59,2,9,4,5,8,16,8,20,1,16,,121,,1,22,121.5701297,25.0511485
113,10,12,12,25,2,05中正區,中正區廈門街114巷與重慶南路3段口口,0,0,1,1,B03,8,6,5,30,4,2,1,5,4,5,13,1,1,5,4,5,1,17,2,49,4,11,3,4,7,21,7,19,9,15,,17,,2,22,121.5175071,25.0232413
113,10,12,12,25,2,05中正區,中正區廈門街114巷與重慶南路3段口口,0,0,1,2,C03,8,6,5,30,4,2,1,5,4,5,13,1,1,5,4,5,1,17,2,65,2,8,6,1,7,9,1,10,1,14,,17,,1,21,121.5175071,25.0232413
113,10,12,12,38,2,07信義區,信義區忠孝東路5段與忠孝東路5段215巷口,0,0,2,1,F02,8,6,5,50,3,1,1,5,4,5,13,2,1,9,5,5,2,3,1,39,2,9,4,4,7,9,8,20,2,11,14,81,,1,21,121.5700725,25.0409136
113,10,12,12,38,2,07信義區,信義區忠孝東路5段與忠孝東路5段215巷口,0,0,2,2,H01,8,6,5,50,3,1,1,5,4,5,13,2,1,9,5,5,2,3,2,66,2,7,4,5,8,16,8,20,1,16,,67,,1,21,121.5700725,25.0409136
113,10,12,12,40,2,05中正區,中正區中華路1段與中華路1段81巷口,0,0,5,7,H02,8,7,6,50,3,2,1,5,4,5,13,4,4,1,4,5,2,17,2,48,2,9,4,5,7,20,8,20,10,16,,67,,1,21,121.5074742,25.03867014
113,10,12,12,40,2,05中正區,中正區中華路1段與中華路1段81巷口,0,0,5,2,A02,8,7,6,50,3,2,1,5,4,5,13,4,4,1,4,5,2,17,1,60,3,10,7,1,7,1,1,2,2,17,,19,,1,21,121.5074742,25.03867014
113,10,12,12,40,2,05中正區,中正區中華路1段與中華路1段81巷口,0,0,5,1,B03,8,7,6,50,3,2,1,5,4,5,13,4,4,1,4,5,2,17,1,58,3,10,7,1,7,6,1,8,9,17,,9,,2,21,121.5074742,25.03867014
113,10,12,12,40,2,05中正區,中正區中華路1段與中華路1段81巷口,0,0,5,3,H02,8,7,6,50,3,2,1,5,4,5,13,4,4,1,4,5,2,17,2,66,2,9,4,5,7,20,8,20,10,16,,67,,1,21,121.5074742,25.03867014
113,10,12,12,40,2,05中正區,中正區中華路1段與中華路1段81巷口,0,0,5,4,H02,8,7,6,50,3,2,1,5,4,5,13,4,4,1,4,5,2,17,1,67,2,7,4,5,7,20,8,20,10,16,,67,,1,21,121.5074742,25.03867014
113,10,12,12,40,2,05中正區,中正區中華路1段與中華路1段81巷口,0,0,5,5,H02,8,7,6,50,3,2,1,5,4,5,13,4,4,1,4,5,2,17,2,66,2,1,4,5,7,20,8,20,10,16,,67,,1,21,121.5074742,25.03867014
113,10,12,12,40,2,05中正區,中正區中華路1段與中華路1段81巷口,0,0,5,6,H02,8,7,6,50,3,2,1,5,4,5,13,4,4,1,4,5,2,17,2,45,2,5,4,5,7,20,8,20,10,16,,67,,1,21,121.5074742,25.03867014
113,10,12,13,35,2,05中正區,中正區南昌路2段與南昌路2段1巷口口,0,0,1,1,B03,8,6,5,50,3,1,1,5,4,5,13,4,4,9,5,5,2,16,2,28,3,10,3,1,7,11,1,8,1,8,,10,,1,21,121.519117,25.0286713
113,10,12,13,35,2,05中正區,中正區南昌路2段與南昌路2段1巷口口,0,0,1,2,C03,8,6,5,50,3,1,1,5,4,5,13,4,4,9,5,5,2,16,1,42,2,8,5,1,7,9,1,10,1,12,,44,,1,21,121.519117,25.0286713
113,10,12,13,50,2,03中山區,中山區民權東路3段75巷與復興北路430巷口,0,0,2,2,C03,8,6,5,30,4,1,1,5,4,5,13,3,1,9,4,5,2,16,1,23,2,9,5,1,7,9,1,10,1,11,,14,,1,21,121.54366,25.0633581
113,10,12,13,50,2,03中山區,中山區民權東路3段75巷與復興北路430巷口,0,0,2,3,H02,8,6,5,30,4,1,1,5,4,5,13,3,1,9,4,5,2,16,2,24,2,9,4,5,7,20,8,20,10,16,,60,,1,21,121.54366,25.0633581
113,10,12,13,50,2,03中山區,中山區民權東路3段75巷與復興北路430巷口,0,0,2,1,B03,8,6,5,30,4,1,1,5,4,5,13,3,1,9,4,5,2,16,1,47,3,10,7,1,7,9,1,8,1,1,,84,,1,21,121.54366,25.0633581
113,10,12,14,16,2,04大安區,大安區辛亥路3段與芳蘭路口,0,0,1,1,B02,8,6,5,50,4,1,1,5,4,5,13,2,1,9,4,5,1,16,2,50,3,10,3,4,7,6,1,8,1,2,,9,,1,21,121.5488388,25.0168659
113,10,12,14,16,2,04大安區,大安區辛亥路3段與芳蘭路口,0,0,1,2,C03,8,6,5,50,4,1,1,5,4,5,13,2,1,9,4,5,1,16,1,23,2,7,5,1,7,9,1,10,1,14,,44,,1,21,121.5488388,25.0168659
113,10,12,14,22,2,06松山區,松山區三民路與三民路3巷口,0,0,2,1,C03,8,6,5,30,4,1,1,5,4,5,13,3,1,9,4,5,2,17,1,21,2,9,6,1,7,5,1,10,1,12,,80,,1,21,121.5638442,25.0520294
113,10,12,14,22,2,06松山區,松山區三民路與三民路3巷口,0,0,2,2,B01,8,6,5,30,4,1,1,5,4,5,13,3,1,9,4,5,2,17,2,30,2,3,7,1,7,9,1,4,1,8,,44,,1,21,121.5638442,25.0520294
113,10,12,14,30,2,03中山區,中山區林森北路426號,0,0,1,1,B03,7,5,5,50,14,9,1,5,4,5,13,4,4,9,5,5,2,16,1,30,3,10,3,4,7,11,1,8,2,4,,10,,1,21,121.5255408,25.05977427
113,10,12,14,30,2,03中山區,中山區林森北路426號,0,0,1,2,C03,7,5,5,50,14,9,1,5,4,5,13,4,4,9,5,5,2,16,2,27,2,9,3,4,7,9,1,10,2,11,,13,,1,21,121.5255408,25.05977427
113,10,12,14,35,2,10文山區,文山區木柵路1段78號,0,0,2,1,C03,8,5,5,50,14,9,2,5,4,5,13,2,1,5,4,5,2,17,1,20,2,9,5,4,7,8,1,10,1,12,,100,,1,21,121.5502894,24.9874845
113,10,12,14,35,2,10文山區,文山區木柵路1段78號,0,0,2,2,C03,8,5,5,50,14,9,2,5,4,5,13,2,1,5,4,5,2,17,1,47,2,8,5,4,7,9,1,10,1,14,,44,,1,21,121.5502894,24.9874845
113,10,12,15,17,2,08士林區,士林區雙溪街與雨農路口,0,0,1,1,C03,8,6,5,30,3,1,1,5,4,5,13,4,4,3,5,5,1,17,1,62,2,7,6,1,7,6,1,10,1,13,,72,,1,26,121.5328312,25.101245
113,10,12,15,17,2,08士林區,士林區雙溪街與雨農路口,0,0,1,2,B03,8,6,5,30,3,1,1,5,4,5,13,4,4,3,5,5,1,17,1,28,3,10,7,1,7,9,1,8,1,5,,108,,1,26,121.5328312,25.101245
113,10,12,15,24,2,08士林區,士林區中正路與延平北路5段口,0,0,2,1,C03,8,6,5,50,4,1,1,5,4,5,13,1,1,1,4,5,1,16,1,78,3,10,3,4,7,5,1,10,1,13,,8,,1,22,121.5092362,25.08686177
113,10,12,15,24,2,08士林區,士林區中正路與延平北路5段口,0,0,2,2,C03,8,6,5,50,4,1,1,5,4,5,13,1,1,1,4,5,1,16,1,33,2,8,3,4,7,9,1,9,1,11,,44,,1,22,121.5092362,25.08686177
113,10,12,15,24,2,08士林區,士林區中正路與延平北路5段口,0,0,2,3,H02,8,6,5,50,4,1,1,5,4,5,13,1,1,1,4,5,1,16,2,31,2,8,3,5,7,20,8,20,10,16,,67,,1,22,121.5092362,25.08686177
113,10,12,15,30,2,08士林區,士林區中山北路5段380號,0,0,3,1,C03,7,6,5,50,14,9,1,5,4,5,13,4,4,1,4,5,1,16,2,46,2,9,3,4,7,9,1,10,2,15,,108,,1,21,121.5275958,25.0907383
113,10,12,15,30,2,08士林區,士林區中山北路5段380號,0,0,3,2,B03,7,6,5,50,14,9,1,5,4,5,13,4,4,1,4,5,1,16,1,76,3,10,3,4,7,9,1,8,2,2,,44,,1,21,121.5275958,25.0907383
113,10,12,15,30,2,08士林區,士林區中山北路5段380號,0,0,3,3,H02,7,6,5,50,14,9,1,5,4,5,13,4,4,1,4,5,1,16,1,7,2,9,3,5,7,21,8,20,10,16,,67,,1,21,121.5275958,25.0907383
113,10,12,15,30,2,08士林區,士林區中山北路5段380號,0,0,3,4,H02,7,6,5,50,14,9,1,5,4,5,13,4,4,1,4,5,1,16,2,6,2,9,3,5,7,21,8,20,10,16,,67,,1,21,121.5275958,25.0907383
113,10,12,16,5,2,12內湖區,內湖區內湖路1段與江南街口,0,0,1,1,A02,7,5,5,50,3,1,1,5,4,5,13,2,1,1,4,5,2,12,1,55,4,11,3,4,7,9,7,19,11,2,,119,,2,22,121.5788975,25.0787129
113,10,12,16,5,2,12內湖區,內湖區內湖路1段與江南街口,0,0,1,2,F01,7,5,5,50,3,1,1,5,4,5,13,2,1,1,4,5,2,12,1,51,2,9,4,1,7,9,8,20,1,17,,44,,1,21,121.5788975,25.0787129
113,10,12,16,40,2,09北投區,北投區承德路7段與石牌路1段口,0,0,1,2,B03,7,7,5,50,3,1,1,5,4,5,13,1,1,1,4,5,2,16,1,34,3,10,7,1,7,9,1,8,1,2,,44,,1,22,121.5087051,25.11318969
113,10,12,16,40,2,09北投區,北投區承德路7段與石牌路1段口,0,0,1,1,C03,7,7,5,50,3,1,1,5,4,5,13,1,1,1,4,5,2,16,2,68,2,9,5,1,7,5,3,18,1,14,,8,,1,22,121.5087051,25.11318969
113,10,12,16,51,2,04大安區,大安區和平東路1段129號,0,0,1,1,B03,8,5,5,50,14,9,1,5,4,5,13,4,4,10,5,5,2,17,1,65,3,10,3,4,7,6,1,8,1,2,,9,,1,21,121.5296139,25.0266205
113,10,12,16,51,2,04大安區,大安區和平東路1段129號,0,0,1,2,C03,8,5,5,50,14,9,1,5,4,5,13,4,4,10,5,5,2,17,1,75,2,9,3,4,7,9,1,10,1,11,,44,,1,21,121.5296139,25.0266205
113,10,12,17,42,2,08士林區,士林區德行東路296號,0,0,1,1,A02,8,5,5,50,14,9,1,5,4,5,13,4,4,4,5,5,1,17,1,59,3,10,7,1,7,9,1,2,1,2,,17,,1,21,121.5366181,25.1101818
113,10,12,17,42,2,08士林區,士林區德行東路296號,0,0,1,2,F01,8,5,5,50,14,9,1,5,4,5,13,4,4,4,5,5,1,17,2,74,2,9,4,1,7,9,8,20,1,14,,44,,1,21,121.5366181,25.1101818
113,10,12,17,49,2,04大安區,大安區忠孝東路3段與新生南路1段口,0,0,2,1,B03,8,5,5,50,4,3,1,5,4,5,13,1,1,10,5,5,2,13,1,24,3,10,7,1,7,9,1,8,1,1,,81,,1,21,121.5331763,25.0423756
113,10,12,17,49,2,04大安區,大安區忠孝東路3段與新生南路1段口,0,0,2,2,C03,8,5,5,50,4,3,1,5,4,5,13,1,1,10,5,5,2,13,1,49,2,8,5,1,7,14,1,10,1,13,,44,,1,21,121.5331763,25.0423756
113,10,12,17,49,2,04大安區,大安區忠孝東路3段與新生南路1段口,0,0,2,3,H02,8,5,5,50,4,3,1,5,4,5,13,1,1,10,5,5,2,13,2,10,2,9,5,5,7,20,8,20,10,16,,67,,1,14,121.5331763,25.0423756
113,10,12,18,38,2,07信義區,信義區松仁路228巷與吳興街口,0,0,2,1,C03,8,5,5,30,4,1,1,5,4,5,13,2,1,10,5,5,1,16,1,33,2,9,3,4,7,5,1,10,1,11,,71,,1,22,121.5675879,25.0248169
113,10,12,18,38,2,07信義區,信義區松仁路228巷與吳興街口,0,0,2,2,C03,8,5,5,30,4,1,1,5,4,5,13,2,1,10,5,5,1,16,1,24,2,9,3,4,7,9,1,10,1,11,,44,,1,22,121.5675879,25.0248169
113,10,12,18,50,2,03中山區,中山區中山北路1段與市民大道2段口,0,0,2,1,C03,8,5,5,40,4,1,1,5,4,5,13,1,1,1,4,5,2,12,1,75,2,9,5,1,7,9,1,10,1,14,,17,,1,22,121.5209283,25.0481442
113,10,12,18,50,2,03中山區,中山區中山北路1段與市民大道2段口,0,0,2,2,C03,8,5,5,40,4,1,1,5,4,5,13,1,1,1,4,5,2,12,1,56,2,9,5,1,7,9,1,10,1,12,,17,,1,22,121.5209283,25.0481442
113,10,12,19,8,2,10文山區,文山區木新路3段與興隆路4段口口,0,0,1,1,A02,8,5,5,50,3,1,1,5,4,5,13,2,1,5,4,5,1,9,1,62,3,10,7,1,7,14,1,2,9,17,,44,,1,21,121.5623068,24.9820478
113,10,12,19,8,2,10文山區,文山區木新路3段與興隆路4段口口,0,0,1,2,H02,8,5,5,50,3,1,1,5,4,5,13,2,1,5,4,5,1,9,1,66,2,9,4,5,7,20,8,20,10,16,,67,,1,21,121.5623068,24.9820478
113,10,12,19,30,2,02萬華區,萬華區萬大路277巷與萬大路口,0,0,1,1,C03,8,5,5,30,4,1,1,5,4,5,13,2,1,1,4,5,2,17,2,60,2,8,6,1,7,9,1,10,5,11,,108,,1,21,121.5005962,25.02544
113,10,12,19,30,2,02萬華區,萬華區萬大路277巷與萬大路口,0,0,1,2,B03,8,5,5,30,4,1,1,5,4,5,13,2,1,1,4,5,2,17,2,26,3,10,7,1,7,6,1,8,2,7,,44,,1,21,121.5005962,25.02544
113,10,12,19,46,2,05中正區,中正區中正橋上橋處(往新北市方向),0,0,1,1,B03,8,5,6,50,14,9,1,5,4,5,13,4,4,3,4,5,2,12,1,28,3,10,7,1,7,8,1,8,1,6,,100,,1,21,121.5167614,25.0226749
113,10,12,19,46,2,05中正區,中正區中正橋上橋處(往新北市方向),0,0,1,2,C03,8,5,6,50,14,9,1,5,4,5,13,4,4,3,4,5,2,12,1,30,3,10,5,1,7,7,1,10,1,14,,100,,1,21,121.5167614,25.0226749
113,10,12,19,46,2,05中正區,中正區中正橋上橋處(往新北市方向),0,0,1,3,H02,8,5,6,50,14,9,1,5,4,5,13,4,4,3,4,5,2,12,2,33,2,8,5,5,7,20,8,20,10,16,,67,,1,21,121.5167614,25.0226749
113,10,12,21,0,2,10文山區,文山區景文街9號,0,0,1,1,F03,8,5,5,30,14,20,4,5,4,5,13,4,4,10,5,5,2,9,2,45,3,10,5,1,7,3,8,20,1,11,,116,,1,21,121.5416658,24.99326908
113,10,12,21,0,2,10文山區,文山區景文街9號,0,0,1,2,H01,8,5,5,30,14,20,4,5,4,5,13,4,4,10,5,5,2,9,1,66,2,8,4,5,8,16,8,20,10,16,,67,,1,21,121.5416658,24.99326908
113,10,12,21,33,2,03中山區,中山區龍江路370巷與民族東路410巷口,0,0,1,1,C03,7,5,5,30,4,1,1,5,4,5,13,4,4,8,5,5,1,15,2,18,2,9,3,4,7,9,1,10,1,11,,72,,1,21,121.5383349,25.06642492
113,10,12,21,33,2,03中山區,中山區龍江路370巷與民族東路410巷口,0,0,1,2,B03,7,5,5,30,4,1,1,5,4,5,13,4,4,8,5,5,1,15,1,35,3,10,3,4,7,9,1,8,1,2,,44,,1,21,121.5383349,25.06642492
113,10,12,21,33,2,03中山區,中山區龍江路370巷與民族東路410巷口,0,0,1,3,,7,5,5,30,4,1,1,5,4,5,13,4,4,8,5,5,1,15,4,0,,,,,,,,,11,,,44,,2,,121.5383349,25.06642492
113,10,12,21,59,2,06松山區,松山區民權東路4段與光復北路口,0,0,1,1,C03,8,5,5,40,4,1,1,5,4,5,13,2,1,9,4,4,2,17,2,25,3,10,6,1,7,6,1,10,1,13,,9,,1,22,121.5545475,25.0617866
113,10,12,21,59,2,06松山區,松山區民權東路4段與光復北路口,0,0,1,2,C03,8,5,5,40,4,1,1,5,4,5,13,2,1,9,4,4,2,17,2,31,2,8,6,1,7,9,1,10,1,14,,108,,1,22,121.5545475,25.0617866
113,10,13,1,36,2,05中正區,中正區和平西路2段與南海路口,0,0,1,1,C03,8,5,5,50,4,2,1,5,4,5,13,1,1,1,4,5,2,13,1,56,2,9,5,1,7,14,1,10,2,11,,108,,1,21,121.5096312,25.030384
113,10,13,1,36,2,05中正區,中正區和平西路2段與南海路口,0,0,1,2,B01,8,5,5,50,4,2,1,5,4,5,13,1,1,1,4,5,2,13,1,56,3,10,7,1,7,14,1,4,2,3,,44,,1,21,121.5096312,25.030384
113,10,13,5,54,2,09北投區,北投區大度路3段往淡水(東往西)方向,0,0,1,1,B03,8,5,5,70,14,7,1,5,4,5,13,4,4,1,3,3,1,13,1,31,3,10,7,2,7,9,6,8,9,1,,108,,2,26,121.4798333,25.1224406
113,10,13,5,54,2,09北投區,北投區大度路3段往淡水(東往西)方向,0,0,1,2,B03,8,5,5,70,14,7,1,5,4,5,13,4,4,1,3,3,1,13,1,44,2,9,7,1,7,9,1,8,1,3,,44,,1,21,121.4798333,25.1224406
113,10,13,7,24,2,01大同區,大同區環河堤外便道,0,0,1,1,F01,8,6,5,0,14,23,1,5,4,5,13,4,4,9,4,5,2,9,1,16,3,10,4,4,7,9,8,20,1,11,,118,,1,21,121.5078718,25.0780072
113,10,13,7,24,2,01大同區,大同區環河堤外便道,0,0,1,2,H01,8,6,5,0,14,23,1,5,4,5,13,4,4,9,4,5,2,9,2,53,2,9,4,5,8,18,8,20,10,16,,118,,1,21,121.5078718,25.0780072
113,10,13,8,11,2,11南港區,南港區市民大道7段與忠孝東路6段269巷4弄口13號對面,0,0,2,2,C03,8,6,5,50,14,9,1,5,4,5,13,4,4,3,4,5,2,13,1,34,2,9,5,1,7,14,1,10,1,13,,44,,1,21,121.589105,25.0505173
113,10,13,8,11,2,11南港區,南港區市民大道7段與忠孝東路6段269巷4弄口13號對面,0,0,2,3,H03,8,6,5,50,14,9,1,5,4,5,13,4,4,3,4,5,2,13,1,69,3,10,4,5,8,20,8,20,10,16,,67,,1,21,121.589105,25.0505173
113,10,13,8,11,2,11南港區,南港區市民大道7段與忠孝東路6段269巷4弄口13號對面,0,0,2,1,C03,8,6,5,50,14,9,1,5,4,5,13,4,4,3,4,5,2,13,1,18,2,9,5,1,7,9,1,10,1,11,,108,,1,21,121.589105,25.0505173
113,10,13,8,30,2,03中山區,中山區市民大道2段與林森北路口側附近口,0,0,2,1,B03,8,5,5,50,4,1,1,5,4,5,13,1,1,1,4,5,2,17,1,43,2,7,3,4,7,9,1,8,1,1,,81,,1,21,121.5242673,25.0478693
113,10,13,8,30,2,03中山區,中山區市民大道2段與林森北路口側附近口,0,0,2,2,B03,8,5,5,50,4,1,1,5,4,5,13,1,1,1,4,5,2,17,1,28,2,7,3,4,7,9,1,8,1,8,,13,,1,21,121.5242673,25.0478693
113,10,13,8,45,2,06松山區,松山區東興路與市民大道5段口,0,0,1,1,C03,8,6,5,50,4,1,1,5,4,5,13,2,1,1,1,5,2,15,2,69,2,9,5,4,7,9,1,10,2,12,,81,,1,21,121.565846,25.0483852
113,10,13,8,45,2,06松山區,松山區東興路與市民大道5段口,0,0,1,2,B03,8,6,5,50,4,1,1,5,4,5,13,2,1,1,1,5,2,15,1,51,3,10,7,4,7,9,1,8,2,1,,44,,1,21,121.565846,25.0483852
113,10,13,8,47,2,03中山區,中山區中山北路2段與長安東路1段口,0,0,1,1,B01,8,6,5,50,4,1,1,5,4,5,13,1,1,5,4,5,2,17,2,27,3,10,7,1,7,5,1,4,2,5,,71,,1,21,121.5216486,25.04986735
113,10,13,8,47,2,03中山區,中山區中山北路2段與長安東路1段口,0,0,1,2,C03,8,6,5,50,4,1,1,5,4,5,13,1,1,5,4,5,2,17,1,27,2,7,6,1,7,9,1,10,2,11,12,44,,1,23,121.5216486,25.04986735
113,10,13,8,50,2,03中山區,中山區北安路305號,0,0,1,2,C03,8,6,5,50,14,9,1,5,4,1,13,4,4,3,5,5,2,28,2,27,2,9,6,1,7,9,1,10,1,11,,16,,1,22,121.5385221,25.0778117
113,10,13,8,50,2,03中山區,中山區北安路305號,0,0,1,1,,8,6,5,50,14,9,1,5,4,1,13,4,4,3,5,5,2,28,3,34,,,,,,,,,,,,61,,1,,121.5385221,25.0778117
113,10,13,9,0,2,03中山區,中山區南京東路2段124號與松江路口,0,0,3,1,C03,8,6,5,50,4,18,1,5,4,5,13,2,1,3,4,4,2,3,1,41,2,9,5,4,7,9,1,10,1,11,,70,,1,21,121.5332034,25.0519259
113,10,13,9,0,2,03中山區,中山區南京東路2段124號與松江路口,0,0,3,2,H01,8,6,5,50,4,18,1,5,4,5,13,2,1,3,4,4,2,3,2,33,2,9,4,5,8,16,8,20,1,16,,121,,1,21,121.5332034,25.0519259
113,10,13,9,0,2,03中山區,中山區南京東路2段124號與松江路口,0,0,3,3,H02,8,6,5,50,4,18,1,5,4,5,13,2,1,3,4,4,2,3,2,32,2,9,3,5,7,21,8,20,10,17,,67,,1,22,121.5332034,25.0519259
113,10,13,9,45,2,12內湖區,內湖區大湖街131巷18弄61號對面,0,0,2,1,B03,8,5,5,30,14,9,1,5,4,5,13,4,4,10,5,5,2,16,1,62,3,10,7,1,7,14,1,8,1,8,,40,,1,21,121.5991696,25.0862897
113,10,13,9,45,2,12內湖區,內湖區大湖街131巷18弄61號對面,0,0,2,2,C03,8,5,5,30,14,9,1,5,4,5,13,4,4,10,5,5,2,16,1,54,2,9,6,1,7,9,1,10,1,12,,44,,1,21,121.5991696,25.0862897
113,10,13,9,45,2,12內湖區,內湖區大湖街131巷18弄61號對面,0,0,2,3,H02,8,5,5,30,14,9,1,5,4,5,13,4,4,10,5,5,2,16,2,53,2,9,6,5,7,20,8,20,10,16,,67,,1,21,121.5991696,25.0862897
113,10,13,10,28,2,01大同區,大同區鄭州路與塔城街口,0,0,1,1,C03,8,6,5,50,4,1,1,5,4,5,13,2,1,1,2,5,2,17,1,56,2,7,5,4,7,9,1,10,2,11,,108,,1,21,121.5101706,25.0496538
113,10,13,10,28,2,01大同區,大同區鄭州路與塔城街口,0,0,1,2,B02,8,6,5,50,4,1,1,5,4,5,13,2,1,1,2,5,2,17,1,68,3,10,7,4,7,5,1,4,2,3,,44,,1,21,121.5101706,25.0496538
113,10,13,10,53,2,09北投區,北投區西安街1段231號,0,0,1,1,C03,8,7,8,50,14,9,1,5,4,5,13,4,4,5,4,5,2,16,1,77,2,9,5,1,7,7,1,10,1,14,,101,,1,22,121.5175751,25.1110972
113,10,13,10,53,2,09北投區,北投區西安街1段231號,0,0,1,2,B01,8,7,8,50,14,9,1,5,4,5,13,4,4,5,4,5,2,16,1,65,3,10,7,1,7,9,1,4,1,2,,44,,1,22,121.5175751,25.1110972
113,10,13,11,36,2,09北投區,北投區光明路217號,0,0,3,1,C03,8,6,5,50,14,9,1,5,4,5,13,4,4,8,3,5,2,17,1,37,2,7,6,1,7,9,1,10,1,11,,108,,1,21,121.5040682,25.13626186
113,10,13,11,36,2,09北投區,北投區光明路217號,0,0,3,2,C03,8,6,5,50,14,9,1,5,4,5,13,4,4,8,3,5,2,17,2,36,2,8,6,1,7,15,1,10,1,13,,8,,1,21,121.5040682,25.13626186
113,10,13,11,36,2,09北投區,北投區光明路217號,0,0,3,3,H02,8,6,5,50,14,9,1,5,4,5,13,4,4,8,3,5,2,17,2,4,2,9,6,5,7,20,8,20,10,16,,67,,1,21,121.5040682,25.13626186
113,10,13,11,36,2,09北投區,北投區光明路217號,0,0,3,4,H02,8,6,5,50,14,9,1,5,4,5,13,4,4,8,3,5,2,17,1,8,3,10,6,5,7,20,8,20,10,16,,67,,1,21,121.5040682,25.13626186
113,10,13,12,27,2,07信義區,信義區市民大道5段與基隆路1段口,0,0,1,1,B03,8,6,5,50,4,1,1,5,4,5,13,2,1,9,5,5,2,16,1,64,3,10,3,4,7,5,1,4,1,5,1,83,,1,21,121.5690197,25.0490556
113,10,13,12,27,2,07信義區,信義區市民大道5段與基隆路1段口,0,0,1,2,B01,8,6,5,50,4,1,1,5,4,5,13,2,1,9,5,5,2,16,1,58,2,9,3,4,7,9,1,4,1,8,1,44,,1,21,121.5690197,25.0490556
113,10,13,13,47,2,03中山區,中山區南京東路2段與新生北路2段口,0,0,1,1,C03,8,7,5,50,4,2,1,5,4,5,13,1,1,9,4,4,2,12,1,19,2,8,6,1,7,9,1,10,1,14,,108,,1,25,121.527681,25.0521795
113,10,13,13,47,2,03中山區,中山區南京東路2段與新生北路2段口,0,0,1,2,B03,8,7,5,50,4,2,1,5,4,5,13,1,1,9,4,4,2,12,1,38,3,10,7,1,7,9,1,8,1,6,,44,,1,21,121.527681,25.0521795
113,10,13,14,22,2,10文山區,文山區指南路3段燈桿指南二幹39旁,0,0,1,1,C03,8,6,6,30,11,9,1,5,4,5,13,4,4,10,5,5,1,13,2,21,3,10,5,1,7,9,1,10,1,11,,107,,1,21,121.5935992,24.96945802
113,10,13,14,22,2,10文山區,文山區指南路3段燈桿指南二幹39旁,0,0,1,2,C03,8,6,6,30,11,9,1,5,4,5,13,4,4,10,5,5,1,13,2,21,2,7,5,1,7,15,1,10,1,13,,44,,1,21,121.5935992,24.96945802
113,10,13,14,22,2,07信義區,信義區中坡南路209號,0,0,1,1,A02,8,6,8,50,22,22,1,5,4,5,13,2,1,5,5,5,2,9,1,42,3,10,7,1,7,1,1,2,1,17,,118,,1,21,121.5854212,25.041405
113,10,13,14,22,2,07信義區,信義區中坡南路209號,0,0,1,2,H02,8,6,8,50,22,22,1,5,4,5,13,2,1,5,5,5,2,9,2,77,2,1,3,5,7,20,8,20,10,17,,67,,1,21,121.5854212,25.041405