發生年度,發生月,發生日,發生時-Hours,發生分,處理別-編號,區序,肇事地點,死亡人數,2-30日死亡人數,受傷人數,當事人序號,車種,天候,道路照明設備,道路類別,速限-速度限制,道路型態,事故位置,路面狀況1,路面狀況2,路面狀況3,道路障礙1,道路障礙2,號誌1,號誌2,車道劃分-分向,車道劃分-分道1,車道劃分-分道2,車道劃分-分道3,事故類型及型態,性別,年齡,受傷程度,主要傷處,保護裝置,行動電話,車輛用途,當事者行動狀態,駕駛資格情形,駕駛執照種類,飲酒情形,車輛撞擊部位1,車輛撞擊部位2,肇因碼-個別,肇因碼-主要,個人肇逃否,職業,座標-X,座標-Y
113,10,13,14,29,2,04大安區,大安區信義路4段265巷與信義路4段265巷20弄口,0,0,2,1,C03,8,6,5,30,4,1,1,5,4,5,13,4,4,5,5,5,2,16,1,39,2,9,6,1,7,7,1,10,1,12,,99,,1,21,121.5548514,25.03455754
113,10,13,14,29,2,04大安區,大安區信義路4段265巷與信義路4段265巷20弄口,0,0,2,2,C03,8,6,5,30,4,1,1,5,4,5,13,4,4,5,5,5,2,16,1,36,2,9,6,1,7,5,1,10,1,14,,44,,1,21,121.5548514,25.03455754
113,10,13,14,40,2,12內湖區,內湖區內湖路3段金龍幹54號,0,0,1,1,C03,7,6,5,30,11,9,1,5,4,5,13,4,4,10,5,5,2,10,1,33,2,9,5,1,7,4,1,10,1,11,,1,,1,21,121.5825057,25.09101959
113,10,13,14,40,2,12內湖區,內湖區內湖路3段金龍幹54號,0,0,1,2,B03,7,6,5,30,11,9,1,5,4,5,13,4,4,10,5,5,2,10,1,60,3,10,7,1,7,9,1,8,1,5,,44,,1,21,121.5825057,25.09101959
113,10,13,15,51,2,04大安區,大安區市民大道3段與八德路2段口,0,0,1,1,B01,8,6,5,50,4,2,1,5,4,5,13,2,1,5,4,5,2,17,4,0,,,,,,,,,,,,119,,2,,121.5342805,25.0448056
113,10,13,15,51,2,04大安區,大安區市民大道3段與八德路2段口,0,0,1,2,C03,8,6,5,50,4,2,1,5,4,5,13,2,1,5,4,5,2,17,1,21,2,9,5,1,7,12,1,10,1,11,,118,,1,21,121.5342805,25.0448056
113,10,13,15,52,2,10文山區,文山區景美堤外便道自行車道(福和41燈桿),0,0,2,1,F01,8,6,7,0,14,23,1,5,4,5,13,4,4,5,5,5,2,16,1,44,2,9,2,1,7,5,8,20,2,12,,80,,1,21,121.5329571,25.00830096
113,10,13,15,52,2,10文山區,文山區景美堤外便道自行車道(福和41燈桿),0,0,2,2,F07,8,6,7,0,14,23,1,5,4,5,13,4,4,5,5,5,2,16,1,69,2,9,2,1,7,9,8,20,2,11,,42,,1,21,121.5329571,25.00830096
113,10,13,18,23,2,07信義區,信義區松智路與松智路15巷口,0,0,2,1,B03,8,5,5,50,3,1,1,5,4,5,13,4,4,9,4,5,1,16,1,43,3,10,3,4,7,5,1,8,1,2,,74,,1,22,121.5655732,25.03703
113,10,13,18,23,2,07信義區,信義區松智路與松智路15巷口,0,0,2,2,B03,8,5,5,50,3,1,1,5,4,5,13,4,4,9,4,5,1,16,2,28,3,10,3,4,7,9,1,8,1,1,,44,,1,22,121.5655732,25.03703
113,10,13,18,23,2,07信義區,信義區松智路與松智路15巷口,0,0,2,3,H02,8,5,5,50,3,1,1,5,4,5,13,4,4,9,4,5,1,16,2,45,2,7,3,5,7,20,8,20,10,16,,67,,1,22,121.5655732,25.03703
113,10,13,18,23,2,07信義區,信義區松智路與松智路15巷口,0,0,2,4,H02,8,5,5,50,3,1,1,5,4,5,13,4,4,9,4,5,1,16,2,14,2,7,3,5,7,20,8,20,10,16,,67,,1,22,121.5655732,25.03703
113,10,13,18,40,2,03中山區,中山區中山北路2段77巷14號,0,0,2,1,C03,8,5,6,30,14,9,1,5,4,5,13,4,4,10,5,5,2,1,1,68,2,9,5,4,7,7,1,10,2,11,,108,,1,21,121.524306,25.0574623
113,10,13,18,40,2,03中山區,中山區中山北路2段77巷14號,0,0,2,2,H01,8,5,6,30,14,9,1,5,4,5,13,4,4,10,5,5,2,1,2,60,2,9,4,5,8,16,8,20,10,16,,67,,1,21,121.524306,25.0574623
113,10,13,19,51,2,12內湖區,內湖區民權東路6段與成功路2段口,0,0,2,1,C03,8,5,5,50,4,2,1,5,4,5,13,2,1,1,4,5,2,12,1,62,2,9,6,1,7,7,1,10,2,14,,100,,1,21,121.5916472,25.06895164
113,10,13,19,51,2,12內湖區,內湖區民權東路6段與成功路2段口,0,0,2,2,A02,8,5,5,50,4,2,1,5,4,5,13,2,1,1,4,5,2,12,1,35,3,10,7,1,7,9,1,1,2,2,,44,,1,21,121.5916472,25.06895164
113,10,13,19,51,2,12內湖區,內湖區民權東路6段與成功路2段口,0,0,2,3,H02,8,5,5,50,4,2,1,5,4,5,13,2,1,1,4,5,2,12,2,63,2,7,5,5,7,20,8,20,10,16,,67,,1,21,121.5916472,25.06895164
113,10,13,20,57,2,01大同區,大同區民樂街與歸綏街口,0,0,1,1,F01,7,5,5,30,5,2,1,5,3,5,13,4,4,7,4,5,2,29,1,61,2,9,3,4,7,9,8,20,11,14,,42,,1,21,121.5107444,25.058203
113,10,13,20,57,2,01大同區,大同區民樂街與歸綏街口,0,0,1,2,,7,5,5,30,5,2,1,5,3,5,13,4,4,7,4,5,2,29,3,0,,,,,,,,,10,,,129,,1,,121.5107444,25.058203
113,10,13,22,15,2,02萬華區,萬華區中華路1段與成都路口,0,0,2,1,C03,7,5,6,50,4,2,1,5,4,5,13,2,1,1,4,1,2,17,2,33,2,9,6,1,7,9,1,10,1,11,12,16,,1,21,121.5082565,25.042615
113,10,13,22,15,2,02萬華區,萬華區中華路1段與成都路口,0,0,2,2,C03,7,5,6,50,4,2,1,5,4,5,13,2,1,1,4,1,2,17,2,20,2,8,6,1,7,9,1,10,1,13,14,44,,1,21,121.5082565,25.042615
113,10,13,23,4,2,03中山區,中山區北安路554巷與北安路578巷8弄口,0,0,2,1,C04,8,5,5,30,4,1,1,5,4,5,13,3,1,5,5,5,2,15,1,42,2,9,5,1,7,9,1,10,1,11,,84,,1,22,121.5488405,25.08013821
113,10,13,23,4,2,03中山區,中山區北安路554巷與北安路578巷8弄口,0,0,2,2,C03,8,5,5,30,4,1,1,5,4,5,13,3,1,5,5,5,2,15,1,27,2,9,5,1,7,9,1,10,1,14,,13,,1,22,121.5488405,25.08013821
113,10,13,23,13,2,05中正區,中正區重慶北路1段與忠孝西路1段口,0,0,1,1,C03,8,5,8,50,22,22,1,5,4,1,13,1,1,10,4,5,2,24,2,44,2,9,6,1,7,9,1,10,1,11,,118,,1,21,121.5132512,25.0477191
113,10,13,23,13,2,05中正區,中正區重慶北路1段與忠孝西路1段口,0,0,1,2,,8,5,8,50,22,22,1,5,4,1,13,1,1,10,4,5,2,24,3,33,,,,,,,,,,,,128,,1,,121.5132512,25.0477191
113,10,13,23,23,2,01大同區,大同區重慶北路3段223巷29號,0,0,1,2,H01,7,5,5,30,14,9,1,5,4,5,13,4,4,10,5,5,2,2,1,26,2,9,4,5,8,17,8,20,10,16,,67,,1,22,121.5151657,25.07052523
113,10,13,23,23,2,01大同區,大同區重慶北路3段223巷29號,0,0,1,1,B03,7,5,5,30,14,9,1,5,4,5,13,4,4,10,5,5,2,2,1,76,3,10,7,1,7,15,1,8,11,5,,107,,1,21,121.5151657,25.07052523
113,10,14,6,2,2,09北投區,北投區天母西路與天母西路117巷口,0,0,2,1,C03,8,6,5,50,14,9,1,5,4,5,13,1,1,9,4,5,2,16,1,30,2,9,5,1,7,5,1,10,9,12,,80,,1,21,121.5231793,25.1189019
113,10,14,6,2,2,09北投區,北投區天母西路與天母西路117巷口,0,0,2,2,C03,8,6,5,50,14,9,1,5,4,5,13,1,1,9,4,5,2,16,1,61,2,9,5,1,7,9,1,10,9,11,,44,,1,21,121.5231793,25.1189019
113,10,14,7,20,2,12內湖區,內湖區港墘路26巷14號,0,0,1,1,B03,8,6,5,30,14,9,1,5,4,5,13,4,4,10,5,5,2,17,1,53,3,10,7,1,7,1,1,8,1,2,,107,,1,21,121.5776576,25.0828088
113,10,14,7,20,2,12內湖區,內湖區港墘路26巷14號,0,0,1,2,C04,8,6,5,30,14,9,1,5,4,5,13,4,4,10,5,5,2,17,2,77,2,8,5,1,7,13,3,18,1,12,,42,,1,21,121.5776576,25.0828088
113,10,14,7,26,2,05中正區,中正區晉江街110號,0,0,1,1,B03,8,6,5,30,14,24,1,5,4,5,13,4,4,10,5,5,2,2,2,48,3,10,3,4,7,9,1,8,2,2,,108,,1,21,121.524972,25.0225946
113,10,14,7,26,2,05中正區,中正區晉江街110號,0,0,1,2,H01,8,6,5,30,14,24,1,5,4,5,13,4,4,10,5,5,2,2,1,47,2,7,4,5,8,16,8,20,10,16,,67,,1,21,121.524972,25.0225946
113,10,14,7,32,2,04大安區,大安區大安路1段與復興南路1段279巷口,0,0,2,1,C03,8,6,5,30,4,1,1,5,4,5,13,4,4,8,3,4,2,15,1,32,2,8,6,1,7,9,1,10,1,11,,72,,1,21,121.5459923,25.0355835
113,10,14,7,32,2,04大安區,大安區大安路1段與復興南路1段279巷口,0,0,2,2,C03,8,6,5,30,4,1,1,5,4,5,13,4,4,8,3,4,2,15,1,73,2,9,6,1,7,9,1,9,1,12,,44,,1,21,121.5459923,25.0355835
113,10,14,7,36,2,08士林區,士林區重慶北路4段159號,0,0,2,1,B03,8,5,5,40,14,9,1,5,4,5,13,4,4,1,4,4,2,12,1,53,3,10,7,1,7,1,1,8,11,17,,19,,1,21,121.5118476,25.0835571
113,10,14,7,36,2,08士林區,士林區重慶北路4段159號,0,0,2,2,C03,8,5,5,40,14,9,1,5,4,5,13,4,4,1,4,4,2,12,2,46,2,8,6,1,7,9,1,10,2,14,,44,,1,21,121.5118476,25.0835571
113,10,14,7,36,2,08士林區,士林區重慶北路4段159號,0,0,2,3,B03,8,5,5,40,14,9,1,5,4,5,13,4,4,1,4,4,2,12,1,44,3,10,7,1,7,9,1,8,2,2,,44,,1,21,121.5118476,25.0835571
113,10,14,7,36,2,08士林區,士林區重慶北路4段159號,0,0,2,4,H02,8,5,5,40,14,9,1,5,4,5,13,4,4,1,4,4,2,12,2,11,2,8,6,5,7,20,8,20,10,16,,67,,1,21,121.5118476,25.0835571
113,10,14,7,51,2,04大安區,大安區忠孝東路3段與復興南路1段口,0,0,1,1,C03,8,5,5,50,14,9,1,5,4,5,13,2,1,10,5,5,2,13,1,43,2,9,3,4,7,9,3,18,3,11,,108,,1,21,121.5436961,25.0420954
113,10,14,7,51,2,04大安區,大安區忠孝東路3段與復興南路1段口,0,0,1,2,B03,8,5,5,50,14,9,1,5,4,5,13,2,1,10,5,5,2,13,1,40,3,10,3,4,7,14,1,8,2,7,,44,,1,21,121.5436961,25.0420954
113,10,14,7,52,2,05中正區,中正區中華路2段與愛國西路口,0,0,1,1,C03,8,6,5,50,5,1,1,5,4,5,13,1,1,3,4,5,2,16,2,44,2,8,5,1,7,9,1,10,2,14,,99,,1,21,121.5068345,25.0368488
113,10,14,7,52,2,05中正區,中正區中華路2段與愛國西路口,0,0,1,2,B03,8,6,5,50,5,1,1,5,4,5,13,1,1,3,4,5,2,16,1,39,3,10,7,1,7,6,1,8,2,5,,44,,1,21,121.5068345,25.0368488
113,10,14,7,57,2,08士林區,士林區天母西路與天母西路13巷口,0,0,2,1,C03,8,6,5,50,3,1,1,5,4,5,13,1,1,5,5,5,2,17,2,39,2,9,6,1,7,5,1,10,1,12,,71,,1,21,121.5284245,25.1184479
113,10,14,7,57,2,08士林區,士林區天母西路與天母西路13巷口,0,0,2,2,C03,8,6,5,50,3,1,1,5,4,5,13,1,1,5,5,5,2,17,1,40,2,9,6,1,7,9,1,10,1,11,,44,,1,21,121.5284245,25.1184479
113,10,14,8,9,2,07信義區,信義區松仁路158號,0,0,2,1,C03,7,6,5,50,14,9,1,5,4,5,13,4,4,5,5,5,2,13,2,46,2,9,3,4,7,9,1,10,2,11,,44,,1,21,121.5682797,25.0302373
113,10,14,8,9,2,07信義區,信義區松仁路158號,0,0,2,2,C03,7,6,5,50,14,9,1,5,4,5,13,4,4,5,5,5,2,13,1,69,2,9,3,4,7,9,1,10,2,13,,42,,1,21,121.5682797,25.0302373
113,10,14,8,13,2,03中山區,中山區大佳河濱公園(九號水門處),0,0,2,1,C03,8,5,5,50,3,1,1,5,4,5,13,4,4,7,5,5,2,10,2,23,2,7,3,4,7,15,1,10,1,11,,44,,1,21,121.5378292,25.07349215
113,10,14,8,13,2,03中山區,中山區大佳河濱公園(九號水門處),0,0,2,2,C03,8,5,5,50,3,1,1,5,4,5,13,4,4,7,5,5,2,10,1,22,2,7,3,4,7,9,1,10,1,11,,44,,1,21,121.5378292,25.07349215
113,10,14,8,25,2,08士林區,士林區承德路4段250號,0,0,2,1,C03,8,5,5,40,14,8,1,5,4,5,13,4,4,1,4,4,2,12,2,37,2,9,6,1,7,9,1,10,1,11,,42,,1,21,121.5203945,25.0893502
113,10,14,8,25,2,08士林區,士林區承德路4段250號,0,0,2,2,C03,8,5,5,40,14,8,1,5,4,5,13,4,4,1,4,4,2,12,1,34,2,9,6,1,7,9,1,10,1,12,,44,,1,21,121.5203945,25.0893502
113,10,14,8,30,2,12內湖區,內湖區民權東路6段與民權東路6段21巷口,0,0,2,1,B02,8,6,5,50,3,1,1,5,4,5,13,4,4,1,4,5,2,16,1,34,3,10,7,1,7,6,1,8,2,8,,73,,1,21,121.5824524,25.0683522
113,10,14,8,30,2,12內湖區,內湖區民權東路6段與民權東路6段21巷口,0,0,2,2,C03,8,6,5,50,3,1,1,5,4,5,13,4,4,1,4,5,2,16,1,27,2,9,5,1,7,9,1,10,2,12,,44,,1,21,121.5824524,25.0683522
113,10,14,8,30,2,12內湖區,內湖區民權東路6段與民權東路6段21巷口,0,0,2,3,H02,8,6,5,50,3,1,1,5,4,5,13,4,4,1,4,5,2,16,2,27,2,9,5,5,7,21,8,20,10,16,,67,,1,21,121.5824524,25.0683522
113,10,14,8,47,2,04大安區,大安區忠孝東路4段與敦化南路1段口,0,0,1,1,B03,8,6,5,50,4,1,1,5,4,5,13,1,1,1,3,5,2,17,1,71,3,10,7,1,7,6,1,8,1,15,,108,,1,21,121.5484047,25.0414133
113,10,14,8,47,2,04大安區,大安區忠孝東路4段與敦化南路1段口,0,0,1,2,C03,8,6,5,50,4,1,1,5,4,5,13,1,1,1,3,5,2,17,2,21,2,9,6,1,7,7,1,10,1,14,,101,,1,21,121.5484047,25.0414133
113,10,14,8,47,2,10文山區,文山區辛亥隧道(外)與辛亥路4段口南往北0703819號燈桿,0,0,1,1,F01,8,6,5,0,22,20,4,5,4,5,13,4,4,10,5,5,2,17,1,63,3,10,4,1,7,9,8,20,1,15,,118,,1,21,121.5574826,25.0100304
113,10,14,8,47,2,10文山區,文山區辛亥隧道(外)與辛亥路4段口南往北0703819號燈桿,0,0,1,2,F01,8,6,5,0,22,20,4,5,4,5,13,4,4,10,5,5,2,17,2,70,2,8,4,1,7,9,8,20,1,14,,118,,1,21,121.5574826,25.0100304
113,10,14,8,52,2,07信義區,信義區松山路與松山路292巷口,0,0,2,1,C03,8,7,5,50,3,1,1,5,4,5,13,2,1,3,4,5,1,16,1,28,2,9,5,1,7,5,1,10,1,11,,71,,1,21,121.5777816,25.0433003
113,10,14,8,52,2,07信義區,信義區松山路與松山路292巷口,0,0,2,2,C03,8,7,5,50,3,1,1,5,4,5,13,2,1,3,4,5,1,16,2,24,2,9,5,1,7,9,1,10,1,11,,44,,1,21,121.5777816,25.0433003
113,10,14,8,58,2,11南港區,南港區八德路4段與八德路4段768巷口,0,0,1,1,C03,8,6,5,50,4,1,1,5,4,5,13,1,1,5,4,5,2,13,1,39,2,9,5,1,7,9,1,9,1,11,,16,,1,21,121.5796799,25.0503721
113,10,14,8,58,2,11南港區,南港區八德路4段與八德路4段768巷口,0,0,1,2,C03,8,6,5,50,4,1,1,5,4,5,13,1,1,5,4,5,2,13,1,54,3,10,5,1,7,9,1,10,1,13,,44,,1,21,121.5796799,25.0503721
113,10,14,9,2,2,10文山區,文山區木柵路1段70巷0701753號燈桿,0,0,1,1,B03,8,6,5,30,14,9,1,5,4,5,13,4,4,10,5,5,2,10,1,40,3,10,7,1,7,9,1,8,2,8,,44,,1,21,121.5483512,24.9864705
113,10,14,9,2,2,10文山區,文山區木柵路1段70巷0701753號燈桿,0,0,1,2,C03,8,6,5,30,14,9,1,5,4,5,13,4,4,10,5,5,2,10,1,49,2,9,6,1,7,9,1,10,2,11,,108,,1,21,121.5483512,24.9864705
113,10,14,9,5,2,04大安區,"大安區辛亥路3段(東往西,青峰公園旁)",0,0,3,1,C03,8,6,5,50,14,9,1,5,4,5,13,1,1,1,4,5,2,13,1,59,2,9,5,1,7,9,1,10,1,12,,108,,1,21,121.551552,25.0154075
113,10,14,9,5,2,04大安區,"大安區辛亥路3段(東往西,青峰公園旁)",0,0,3,2,C03,8,6,5,50,14,9,1,5,4,5,13,1,1,1,4,5,2,13,1,35,2,9,5,1,7,14,1,10,1,14,,44,,1,21,121.551552,25.0154075
113,10,14,9,5,2,04大安區,"大安區辛亥路3段(東往西,青峰公園旁)",0,0,3,3,H02,8,6,5,50,14,9,1,5,4,5,13,1,1,1,4,5,2,13,2,35,2,9,5,5,7,20,8,20,10,16,,67,,1,21,121.551552,25.0154075
113,10,14,9,7,2,07信義區,信義區基隆路2段與嘉興街口,0,0,1,1,B03,7,5,5,50,3,2,1,5,4,5,13,4,4,5,5,5,2,17,2,39,3,10,7,1,7,6,1,8,1,2,,9,,1,21,121.5591752,25.0325624
113,10,14,9,7,2,07信義區,信義區基隆路2段與嘉興街口,0,0,1,2,C03,7,5,5,50,3,2,1,5,4,5,13,4,4,5,5,5,2,17,1,54,2,9,5,1,7,9,1,10,1,14,,16,,1,21,121.5591752,25.0325624
113,10,14,9,20,2,09北投區,北投區承德路7段與石牌路1段口,0,0,2,1,C03,8,7,5,60,3,2,1,5,4,5,13,2,1,1,4,4,2,16,1,68,2,9,6,1,7,7,1,10,1,14,,100,,1,22,121.5089114,25.1126495
113,10,14,9,20,2,09北投區,北投區承德路7段與石牌路1段口,0,0,2,2,C03,8,7,5,60,3,2,1,5,4,5,13,2,1,1,4,4,2,16,1,35,2,9,6,1,7,9,1,10,1,12,,44,,1,22,121.5089114,25.1126495
113,10,14,10,1,2,06松山區,松山區南京東路4段與敦化北路口,0,0,1,1,B12,8,6,5,50,4,2,1,5,4,5,13,2,1,1,2,1,2,12,1,48,3,10,7,4,7,7,1,8,1,4,,100,,1,21,121.5490536,25.0518013
113,10,14,10,1,2,06松山區,松山區南京東路4段與敦化北路口,0,0,1,2,B01,8,6,5,50,4,2,1,5,4,5,13,2,1,1,2,1,2,12,1,62,3,10,7,4,7,9,1,4,1,2,,44,,1,21,121.5490536,25.0518013
113,10,14,10,1,2,06松山區,松山區南京東路4段與敦化北路口,0,0,1,3,C03,8,6,5,50,4,2,1,5,4,5,13,2,1,1,2,1,2,12,1,26,2,8,6,4,7,9,1,10,1,11,,16,,1,21,121.5490536,25.0518013
113,10,14,10,23,2,10文山區,文山區木柵路1段與辛亥路7段口口,0,0,1,1,C03,8,6,5,50,4,1,1,5,4,5,13,2,1,5,4,5,2,16,1,66,3,10,5,1,7,5,1,10,1,13,,118,,1,21,121.5522363,24.9877745
113,10,14,10,23,2,10文山區,文山區木柵路1段與辛亥路7段口口,0,0,1,2,C03,8,6,5,50,4,1,1,5,4,5,13,2,1,5,4,5,2,16,2,46,2,8,5,1,7,9,1,10,1,11,,44,,1,21,121.5522363,24.9877745
113,10,14,10,47,2,06松山區,松山區市民高架道東往西第6510764號燈桿,0,0,1,1,B03,7,6,5,80,10,7,1,5,4,5,13,4,4,1,3,5,2,13,1,50,3,10,7,1,7,9,1,8,1,1,,16,,1,22,121.5570172,25.0449799
113,10,14,10,47,2,06松山區,松山區市民高架道東往西第6510764號燈桿,0,0,1,2,B03,7,6,5,80,10,7,1,5,4,5,13,4,4,1,3,5,2,13,2,30,3,10,7,1,7,14,1,8,1,3,,44,,1,22,121.5570172,25.0449799
113,10,14,10,47,2,06松山區,松山區市民高架道東往西第6510764號燈桿,0,0,1,3,H02,7,6,5,80,10,7,1,5,4,5,13,4,4,1,3,5,2,13,2,30,2,1,7,5,7,20,8,20,10,16,,67,,1,22,121.5570172,25.0449799
113,10,14,11,5,2,11南港區,南港區成美橋上橋處南往北,0,0,2,1,A11,8,6,5,50,14,9,1,5,4,5,13,4,4,5,4,5,1,12,1,30,3,10,7,1,7,9,1,2,2,2,,17,,1,21,121.5829688,25.0521061
113,10,14,11,5,2,11南港區,南港區成美橋上橋處南往北,0,0,2,2,C03,8,6,5,50,14,9,1,5,4,5,13,4,4,5,4,5,1,12,1,75,2,9,5,1,7,9,1,10,2,14,,17,,1,21,121.5829688,25.0521061
113,10,14,11,5,2,11南港區,南港區成美橋上橋處南往北,0,0,2,3,H02,8,6,5,50,14,9,1,5,4,5,13,4,4,5,4,5,1,12,2,72,2,1,5,5,7,20,8,20,10,16,,67,,1,21,121.5829688,25.0521061
113,10,14,11,25,2,01大同區,大同區重慶北路3段335巷與哈密街59巷口,0,0,2,1,C03,8,6,5,30,4,1,1,5,4,5,13,4,4,9,5,5,2,15,1,60,2,9,6,1,7,9,1,10,1,11,,72,,1,21,121.5157376,25.0745526
113,10,14,11,25,2,01大同區,大同區重慶北路3段335巷與哈密街59巷口,0,0,2,2,C03,8,6,5,30,4,1,1,5,4,5,13,4,4,9,5,5,2,15,1,29,2,9,6,1,7,9,6,18,1,11,,14,,1,21,121.5157376,25.0745526
113,10,14,11,51,2,03中山區,中山區明水路447號,0,0,1,1,C03,8,5,5,50,14,9,1,5,4,5,13,4,4,1,4,5,2,16,1,36,2,8,3,4,7,7,1,10,1,14,,101,,1,21,121.5501294,25.0773909
113,10,14,11,51,2,03中山區,中山區明水路447號,0,0,1,2,B03,8,5,5,50,14,9,1,5,4,5,13,4,4,1,4,5,2,16,1,37,3,10,3,4,7,9,1,8,1,2,,44,,1,21,121.5501294,25.0773909
113,10,14,11,53,2,12內湖區,內湖區港墘路201號,0,0,1,1,B03,8,6,5,50,14,9,1,5,4,5,13,4,4,1,4,5,2,16,1,71,3,10,7,1,7,6,1,8,1,2,,9,,1,21,121.5739738,25.07523909
113,10,14,11,53,2,12內湖區,內湖區港墘路201號,0,0,1,2,C03,8,6,5,50,14,9,1,5,4,5,13,4,4,1,4,5,2,16,1,61,2,9,5,1,7,9,1,10,1,14,,108,,1,21,121.5739738,25.07523909
113,10,14,12,0,2,06松山區,松山區三民路與健康路口,0,0,1,1,C03,8,5,5,50,4,1,1,5,4,5,13,2,1,5,4,5,2,17,1,45,3,10,6,4,7,6,1,10,1,13,,9,,1,22,121.5638065,25.0542998
113,10,14,12,0,2,06松山區,松山區三民路與健康路口,0,0,1,2,C03,8,5,5,50,4,1,1,5,4,5,13,2,1,5,4,5,2,17,2,42,2,9,6,4,7,9,1,10,1,11,,44,,1,22,121.5638065,25.0542998
113,10,14,12,13,2,10文山區,文山區興隆路4段109巷與木柵路3段48巷口口,0,0,1,1,B01,8,6,5,50,4,1,1,5,4,5,13,2,1,10,5,5,2,16,1,57,3,10,7,1,7,5,1,4,2,4,,8,,1,21,121.5659485,24.9870354
113,10,14,12,13,2,10文山區,文山區興隆路4段109巷與木柵路3段48巷口口,0,0,1,2,C03,8,6,5,50,4,1,1,5,4,5,13,2,1,10,5,5,2,16,2,19,2,9,5,1,7,9,1,10,2,12,,44,,1,21,121.5659485,24.9870354
113,10,14,12,20,2,08士林區,士林區後港街與後港街134巷口,0,0,1,1,C03,8,7,5,30,3,1,1,5,4,5,13,4,4,10,4,5,1,17,1,35,3,10,5,1,7,5,1,10,2,14,,8,,1,21,121.5213463,25.08678098
113,10,14,12,20,2,08士林區,士林區後港街與後港街134巷口,0,0,1,2,C03,8,7,5,30,3,1,1,5,4,5,13,4,4,10,4,5,1,17,2,60,2,9,5,1,7,9,1,10,2,12,,44,,1,21,121.5213463,25.08678098
113,10,14,12,34,2,10文山區,文山區新光路1段與秀明路2段口,0,0,1,1,B03,8,7,5,50,4,1,1,5,4,5,13,1,1,10,5,5,2,16,2,81,3,10,7,1,7,5,1,8,1,5,,71,,1,21,121.5736525,24.9916736
113,10,14,12,34,2,10文山區,文山區新光路1段與秀明路2段口,0,0,1,2,C03,8,7,5,50,4,1,1,5,4,5,13,1,1,10,5,5,2,16,2,22,2,9,5,1,7,9,1,10,1,11,,42,,1,21,121.5736525,24.9916736
113,10,14,12,50,2,05中正區,中正區紹興北街與紹興北街31巷口,0,0,1,1,B01,7,6,5,40,3,1,1,5,4,5,13,4,4,10,4,5,2,3,1,62,3,10,7,1,7,5,1,4,2,8,,70,,1,21,121.5254458,25.0452563
113,10,14,12,50,2,05中正區,中正區紹興北街與紹興北街31巷口,0,0,1,2,H01,7,6,5,40,3,1,1,5,4,5,13,4,4,10,4,5,2,3,1,31,2,8,4,5,8,16,8,20,10,16,,67,,1,22,121.5254458,25.0452563
113,10,14,12,50,2,05中正區,中正區紹興北街與紹興北街31巷口,0,0,1,3,H01,7,6,5,40,3,1,1,5,4,5,13,4,4,10,4,5,2,3,2,30,3,10,4,5,8,16,8,20,10,16,,67,,1,22,121.5254458,25.0452563
113,10,14,12,58,2,04大安區,大安區和平東路3段與和平東路3段228巷口,0,0,1,1,A02,8,6,5,50,4,1,1,5,4,5,13,1,1,9,4,5,1,9,1,63,3,10,3,4,7,9,1,2,9,17,,44,,1,21,121.554529,25.0223027
113,10,14,12,58,2,04大安區,大安區和平東路3段與和平東路3段228巷口,0,0,1,2,H02,8,6,5,50,4,1,1,5,4,5,13,1,1,9,4,5,1,9,2,72,2,1,3,5,7,20,8,20,10,16,,67,,1,21,121.554529,25.0223027
113,10,14,12,58,2,04大安區,大安區和平東路3段與和平東路3段228巷口,0,0,1,3,B01,8,6,5,50,4,1,1,5,4,5,13,1,1,9,4,5,1,9,1,69,3,10,3,4,7,5,1,4,9,17,,8,,1,21,121.554529,25.0223027
113,10,14,13,5,2,04大安區,大安區基隆路2段與樂業街口,0,0,2,1,C03,8,6,5,50,4,1,1,5,4,5,13,2,1,1,4,5,1,12,1,45,2,9,3,4,7,15,1,9,1,12,,101,,1,21,121.550238,25.0224526
113,10,14,13,5,2,04大安區,大安區基隆路2段與樂業街口,0,0,2,2,C03,8,6,5,50,4,1,1,5,4,5,13,2,1,1,4,5,1,12,1,18,2,9,3,4,7,9,1,10,1,11,,44,,1,21,121.550238,25.0224526
113,10,14,13,15,2,07信義區,信義區基隆路2段65號,0,0,2,1,B01,8,6,5,50,14,9,1,5,4,5,13,4,4,1,4,5,2,17,1,58,3,10,3,4,7,1,1,4,1,8,,19,,1,21,121.5584803,25.0310802
113,10,14,13,15,2,07信義區,信義區基隆路2段65號,0,0,2,2,C03,8,6,5,50,14,9,1,5,4,5,13,4,4,1,4,5,2,17,2,42,2,9,3,4,7,9,1,10,1,11,,13,,1,21,121.5584803,25.0310802
113,10,14,13,15,2,07信義區,信義區基隆路2段65號,0,0,2,3,H02,8,6,5,50,14,9,1,5,4,5,13,4,4,1,4,5,2,17,2,31,2,9,3,5,7,20,8,20,10,16,,67,,1,22,121.5584803,25.0310802
113,10,14,13,17,2,06松山區,松山區民權東路4段第0205125號燈桿,0,0,2,1,C03,8,6,5,50,14,7,1,5,4,5,13,4,4,1,3,4,2,12,1,26,2,9,6,1,7,9,1,10,1,11,,44,,1,22,121.5540893,25.0617613