發生年度,發生月,發生日,發生時-Hours,發生分,處理別-編號,區序,肇事地點,死亡人數,2-30日死亡人數,受傷人數,當事人序號,車種,天候,道路照明設備,道路類別,速限-速度限制,道路型態,事故位置,路面狀況1,路面狀況2,路面狀況3,道路障礙1,道路障礙2,號誌1,號誌2,車道劃分-分向,車道劃分-分道1,車道劃分-分道2,車道劃分-分道3,事故類型及型態,性別,年齡,受傷程度,主要傷處,保護裝置,行動電話,車輛用途,當事者行動狀態,駕駛資格情形,駕駛執照種類,飲酒情形,車輛撞擊部位1,車輛撞擊部位2,肇因碼-個別,肇因碼-主要,個人肇逃否,職業,座標-X,座標-Y
113,10,14,13,17,2,06松山區,松山區民權東路4段第0205125號燈桿,0,0,2,2,C03,8,6,5,50,14,7,1,5,4,5,13,4,4,1,3,4,2,12,1,37,2,7,6,1,7,10,1,10,1,13,,100,,1,22,121.5540893,25.0617613
113,10,14,14,7,2,12內湖區,內湖區南湖大橋與南湖大橋口下往潭美街,0,0,1,1,C03,8,6,5,50,14,9,1,5,4,5,13,3,1,10,4,5,2,24,2,58,2,9,5,1,7,9,1,10,2,11,,108,,1,21,121.611178,25.0646427
113,10,14,14,7,2,12內湖區,內湖區南湖大橋與南湖大橋口下往潭美街,0,0,1,2,,8,6,5,50,14,9,1,5,4,5,13,3,1,10,4,5,2,24,3,0,,,,,,,,,,,,67,,1,,121.611178,25.0646427
113,10,14,14,7,2,12內湖區,內湖區南湖大橋與南湖大橋口下往潭美街,0,0,1,3,B12,8,6,5,50,14,9,1,5,4,5,13,3,1,10,4,5,2,24,1,42,3,10,7,1,7,9,1,8,9,1,,99,,2,21,121.611178,25.0646427
113,10,14,14,21,2,07信義區,信義區基隆路2段48號,0,0,1,1,B03,8,6,5,50,14,9,1,5,4,5,13,4,4,10,3,5,2,17,1,45,3,10,3,4,7,8,1,8,1,17,,100,,1,21,121.5585167,25.0314282
113,10,14,14,21,2,07信義區,信義區基隆路2段48號,0,0,1,2,C03,8,6,5,50,14,9,1,5,4,5,13,4,4,10,3,5,2,17,1,31,2,9,5,1,7,9,1,10,1,12,11,99,,1,22,121.5585167,25.0314282
113,10,14,14,53,2,10文山區,文山區木新路3段與木新路3段310巷口,0,0,1,1,B03,8,6,5,50,3,1,1,5,4,5,13,1,1,5,4,5,2,16,1,75,3,10,7,1,7,5,1,8,2,2,,71,,1,21,121.5571822,24.980862
113,10,14,14,53,2,10文山區,文山區木新路3段與木新路3段310巷口,0,0,1,2,C03,8,6,5,50,3,1,1,5,4,5,13,1,1,5,4,5,2,16,1,20,2,9,6,1,7,9,1,10,2,11,,44,,1,21,121.5571822,24.980862
113,10,14,15,10,2,08士林區,士林區文林路與大東路口口,0,0,2,1,G03,7,7,5,50,3,1,1,5,4,5,13,4,4,8,3,5,1,16,1,39,3,10,3,4,7,14,1,7,1,17,,38,,1,22,121.5254798,25.0866295
113,10,14,15,10,2,08士林區,士林區文林路與大東路口口,0,0,2,3,C03,7,7,5,50,3,1,1,5,4,5,13,4,4,8,3,5,1,16,1,20,2,9,3,4,7,9,1,10,1,11,,14,,1,22,121.5254798,25.0866295
113,10,14,15,10,2,08士林區,士林區文林路與大東路口口,0,0,2,2,C03,7,7,5,50,3,1,1,5,4,5,13,4,4,8,3,5,1,16,1,55,2,7,5,4,7,5,1,10,1,14,,74,,1,22,121.5254798,25.0866295
113,10,14,15,15,2,04大安區,大安區基隆路2段與敦南街口,0,0,3,1,C03,8,7,5,30,3,1,1,5,4,5,13,4,4,10,3,5,2,17,2,20,2,9,6,1,7,6,1,10,1,13,,72,,1,21,121.5480914,25.0205486
113,10,14,15,15,2,04大安區,大安區基隆路2段與敦南街口,0,0,3,2,C03,8,7,5,30,3,1,1,5,4,5,13,4,4,10,3,5,2,17,1,33,2,8,6,1,7,9,6,10,1,11,,44,,1,21,121.5480914,25.0205486
113,10,14,15,15,2,04大安區,大安區基隆路2段與敦南街口,0,0,3,3,H02,8,7,5,30,3,1,1,5,4,5,13,4,4,10,3,5,2,17,2,61,2,7,6,5,7,20,8,20,10,16,,67,,1,21,121.5480914,25.0205486
113,10,14,15,19,2,04大安區,大安區仁愛路4段71巷與敦化南路1段270巷口,0,0,1,1,B03,8,5,5,30,4,1,1,5,4,5,13,4,4,10,5,5,2,15,1,39,3,10,3,4,7,9,1,8,1,8,,72,,1,21,121.5471247,25.0389819
113,10,14,15,19,2,04大安區,大安區仁愛路4段71巷與敦化南路1段270巷口,0,0,1,2,C03,8,5,5,30,4,1,1,5,4,5,13,4,4,10,5,5,2,15,2,49,2,9,3,4,7,9,1,10,1,11,,44,,1,21,121.5471247,25.0389819
113,10,14,15,32,2,07信義區,信義區松德路118巷與虎林街164巷口,0,0,1,1,B01,8,6,5,30,4,1,1,5,4,5,13,4,4,10,5,5,2,15,1,68,3,10,3,4,7,9,1,4,1,1,,13,,1,21,121.5745044,25.037832
113,10,14,15,32,2,07信義區,信義區松德路118巷與虎林街164巷口,0,0,1,2,C03,8,6,5,30,4,1,1,5,4,5,13,4,4,10,5,5,2,15,1,32,2,9,6,1,7,9,1,10,1,12,,72,,1,21,121.5745044,25.037832
113,10,14,15,36,2,12內湖區,內湖區環山路1段與環山路1段28巷口,0,0,1,1,B03,8,6,5,30,3,2,1,5,4,5,13,1,1,5,5,5,2,1,1,52,3,10,7,1,7,5,1,4,2,1,,70,,1,21,121.565547,25.0855427
113,10,14,15,36,2,12內湖區,內湖區環山路1段與環山路1段28巷口,0,0,1,2,H01,8,6,5,30,3,2,1,5,4,5,13,1,1,5,5,5,2,1,2,77,2,9,4,5,8,16,8,20,10,16,,67,,1,21,121.565547,25.0855427
113,10,14,15,45,2,06松山區,松山區八德路4段653號,0,0,1,1,C03,8,6,5,50,14,9,1,5,4,5,13,4,4,1,4,4,2,18,2,55,2,9,5,1,7,9,1,10,9,12,,42,,1,21,121.57581,25.0500751
113,10,14,15,45,2,06松山區,松山區八德路4段653號,0,0,1,2,,8,6,5,50,14,9,1,5,4,5,13,4,4,1,4,4,2,18,3,0,,,,,,,,,,,,67,,1,,121.57581,25.0500751
113,10,14,15,45,2,09北投區,北投區大度路與承德路7段口西往南方向,0,0,1,1,B03,8,5,5,50,4,2,1,5,4,5,13,1,1,9,4,5,1,12,1,71,3,10,7,1,7,9,1,8,2,2,,17,,1,21,121.4996432,25.1208715
113,10,14,15,45,2,09北投區,北投區大度路與承德路7段口西往南方向,0,0,1,2,C03,8,5,5,50,4,2,1,5,4,5,13,1,1,9,4,5,1,12,1,71,2,9,6,1,7,9,1,10,2,14,,17,,1,21,121.4996432,25.1208715
113,10,14,15,55,2,06松山區,松山區民權東路3段162號,0,0,1,1,B03,8,7,5,50,14,9,1,5,4,5,13,4,4,1,4,5,2,17,1,59,3,10,7,1,7,1,1,8,1,6,,19,,1,21,121.5484476,25.0617776
113,10,14,15,55,2,06松山區,松山區民權東路3段162號,0,0,1,2,C03,8,7,5,50,14,9,1,5,4,5,13,4,4,1,4,5,2,17,1,18,2,9,6,1,7,9,1,10,1,11,,108,,1,21,121.5484476,25.0617776
113,10,14,16,6,2,12內湖區,內湖區環山路3段與內湖路2段103巷口,0,0,1,1,B03,8,7,5,50,3,1,1,5,4,5,13,2,1,9,4,5,2,16,1,75,3,10,3,4,7,5,1,8,2,1,,8,,1,21,121.5809147,25.0846398
113,10,14,16,6,2,12內湖區,內湖區環山路3段與內湖路2段103巷口,0,0,1,2,C03,8,7,5,50,3,1,1,5,4,5,13,2,1,9,4,5,2,16,1,25,2,9,6,1,7,9,1,10,2,14,,13,,1,21,121.5809147,25.0846398
113,10,14,16,6,2,07信義區,信義區忠孝東路5段與基隆路1段口,0,0,1,1,C03,8,7,5,50,4,2,1,5,4,5,13,1,1,9,4,5,2,17,1,51,2,9,5,1,7,15,6,18,2,12,,101,,1,21,121.5649901,25.0412154
113,10,14,16,6,2,07信義區,信義區忠孝東路5段與基隆路1段口,0,0,1,2,B03,8,7,5,50,4,2,1,5,4,5,13,1,1,9,4,5,2,17,1,49,3,10,7,1,7,9,1,8,2,5,,44,,1,21,121.5649901,25.0412154
113,10,14,16,6,2,07信義區,信義區忠孝東路5段與基隆路1段口,0,0,1,3,B01,8,7,5,50,4,2,1,5,4,5,13,1,1,9,4,5,2,17,2,57,3,10,7,1,7,14,1,4,2,8,,44,,1,21,121.5649901,25.0412154
113,10,14,16,40,2,01大同區,大同區市民高架道第459號燈桿,0,0,2,1,B03,8,6,5,50,10,7,1,5,4,5,13,4,4,1,4,5,1,13,2,43,3,10,7,1,7,9,1,8,1,1,,108,,1,21,121.5130778,25.04953446
113,10,14,16,40,2,01大同區,大同區市民高架道第459號燈桿,0,0,2,2,B12,8,6,5,50,10,7,1,5,4,5,13,4,4,1,4,5,1,13,1,66,2,1,7,1,7,14,1,8,1,3,,44,,1,21,121.5130778,25.04953446
113,10,14,16,40,2,01大同區,大同區市民高架道第459號燈桿,0,0,2,3,B03,8,6,5,50,10,7,1,5,4,5,13,4,4,1,4,5,1,13,1,58,3,10,7,1,7,14,1,8,1,3,,44,,1,21,121.5130778,25.04953446
113,10,14,16,40,2,01大同區,大同區市民高架道第459號燈桿,0,0,2,4,H02,8,6,5,50,10,7,1,5,4,5,13,4,4,1,4,5,1,13,1,46,2,2,7,5,7,17,8,20,10,16,,67,,1,21,121.5130778,25.04953446
113,10,14,16,47,2,03中山區,中山區遼寧街177巷與南京東路3段223巷口,0,0,1,1,C03,7,5,5,30,3,1,1,5,4,5,13,4,4,10,5,5,2,17,1,36,3,10,5,1,7,9,1,10,1,12,,4,,1,22,121.5429996,25.05326766
113,10,14,16,47,2,03中山區,中山區遼寧街177巷與南京東路3段223巷口,0,0,1,2,C03,7,5,5,30,3,1,1,5,4,5,13,4,4,10,5,5,2,17,1,25,2,9,5,1,7,5,1,10,1,11,,44,,1,22,121.5429996,25.05326766
113,10,14,17,0,2,08士林區,士林區三腳渡堤外停車場堤外自行車道68桿,0,0,1,1,F01,8,5,8,0,22,22,1,5,4,5,13,4,4,10,5,5,1,9,1,65,2,9,4,1,7,9,8,20,9,11,,44,,1,21,121.5163283,25.08137144
113,10,14,17,0,2,08士林區,士林區三腳渡堤外停車場堤外自行車道68桿,0,0,1,2,H01,8,5,8,0,22,22,1,5,4,5,13,4,4,10,5,5,1,9,2,38,3,10,4,5,8,18,8,20,1,16,,67,,1,21,121.5163283,25.08137144
113,10,14,17,5,2,05中正區,中正區忠孝東路2段19號,0,0,1,1,C03,8,6,5,50,14,9,1,5,4,5,13,4,4,1,4,5,2,16,1,67,2,9,6,1,7,7,1,10,2,14,,100,,1,22,121.5278664,25.0437232
113,10,14,17,5,2,05中正區,中正區忠孝東路2段19號,0,0,1,2,A06,8,6,5,50,14,9,1,5,4,5,13,4,4,1,4,5,2,16,1,52,3,10,7,1,7,9,1,6,2,2,,13,,1,21,121.5278664,25.0437232
113,10,14,17,5,2,05中正區,中正區忠孝東路2段19號,0,0,1,3,A02,8,6,5,50,14,9,1,5,4,5,13,4,4,1,4,5,2,16,1,61,3,10,7,1,7,9,1,2,2,4,,44,,1,21,121.5278664,25.0437232
113,10,14,17,14,2,09北投區,北投區大業路與大同街口,0,0,1,1,C03,8,6,5,30,4,1,1,5,4,5,13,2,1,10,5,5,2,13,1,64,3,10,5,1,7,9,1,10,1,11,,108,,1,21,121.4990833,25.1369477
113,10,14,17,14,2,09北投區,北投區大業路與大同街口,0,0,1,2,C03,8,6,5,30,4,1,1,5,4,5,13,2,1,10,5,5,2,13,2,31,2,9,5,1,7,9,1,10,1,13,,44,,1,21,121.4990833,25.1369477
113,10,14,17,15,2,03中山區,中山區崇實路(國防部2號門口),0,0,1,1,B03,8,5,5,50,14,9,1,5,4,5,13,4,4,1,4,5,2,17,1,35,3,10,3,4,7,5,1,8,1,5,,8,,1,21,121.5443944,25.0816602
113,10,14,17,15,2,03中山區,中山區崇實路(國防部2號門口),0,0,1,2,C03,8,5,5,50,14,9,1,5,4,5,13,4,4,1,4,5,2,17,2,19,2,9,3,4,7,9,1,10,1,11,,44,,1,21,121.5443944,25.0816602
113,10,14,17,20,2,04大安區,大安區辛亥路2段與建國南路2段口口,0,0,1,1,C03,8,5,8,50,22,22,1,5,4,5,13,4,4,10,5,5,2,17,1,62,3,10,5,1,7,9,6,18,11,11,,80,,2,21,121.538165,25.0216709
113,10,14,17,20,2,04大安區,大安區辛亥路2段與建國南路2段口口,0,0,1,2,C03,8,5,8,50,22,22,1,5,4,5,13,4,4,10,5,5,2,17,2,57,2,8,3,4,7,9,1,10,1,13,,44,,1,21,121.538165,25.0216709
113,10,14,17,22,2,02萬華區,萬華區南寧路與三水街口,0,0,1,1,C03,7,6,5,50,4,2,1,5,4,5,13,1,1,1,3,5,1,17,1,75,2,9,3,4,7,15,1,10,1,15,,100,,1,21,121.5039009,25.035536
113,10,14,17,22,2,02萬華區,萬華區南寧路與三水街口,0,0,1,2,B03,7,6,5,50,4,2,1,5,4,5,13,1,1,1,3,5,1,17,1,56,3,10,3,4,7,9,1,8,1,2,,44,,1,21,121.5039009,25.035536
113,10,14,17,22,2,02萬華區,萬華區南寧路與三水街口,0,0,1,3,B03,7,6,5,50,4,2,1,5,4,5,13,1,1,1,3,5,1,17,1,52,3,10,3,4,7,14,1,8,1,7,,44,,1,21,121.5039009,25.035536
113,10,14,17,48,2,08士林區,士林區中山北路4段16號對面,0,0,1,1,B01,8,5,5,50,14,9,1,5,4,5,13,4,4,9,4,5,1,17,1,62,3,10,7,1,7,9,1,8,1,1,,108,,1,21,121.5247349,25.0789744
113,10,14,17,48,2,08士林區,士林區中山北路4段16號對面,0,0,1,2,B03,8,5,5,50,14,9,1,5,4,5,13,4,4,9,4,5,1,17,1,47,2,3,7,1,7,14,1,8,1,3,,44,,1,21,121.5247349,25.0789744
113,10,14,17,52,2,03中山區,中山區民生西路66巷與民生西路口,0,0,1,1,F01,8,5,5,30,4,1,1,5,4,5,13,2,1,10,5,5,2,17,1,44,3,10,4,1,7,5,8,20,10,14,,8,,1,21,121.5208219,25.0575273
113,10,14,17,52,2,03中山區,中山區民生西路66巷與民生西路口,0,0,1,2,C03,8,5,5,30,4,1,1,5,4,5,13,2,1,10,5,5,2,17,2,38,2,9,5,1,7,5,1,10,1,12,,16,,1,21,121.5208219,25.0575273
113,10,14,18,0,2,01大同區,大同區延平北路2段272巷與迪化街1段307巷口,0,0,2,1,C03,8,5,5,30,4,1,1,5,4,5,13,4,4,10,5,5,1,15,1,48,2,9,6,4,7,9,1,10,1,11,,75,,1,21,121.5097587,25.0620827
113,10,14,18,0,2,01大同區,大同區延平北路2段272巷與迪化街1段307巷口,0,0,2,2,C03,8,5,5,30,4,1,1,5,4,5,13,4,4,10,5,5,1,15,1,55,2,9,6,4,7,9,1,10,1,11,,44,,1,21,121.5097587,25.0620827
113,10,14,18,10,2,11南港區,南港區南港路1段與經貿二路口,0,0,2,1,C04,8,5,5,50,4,1,1,5,4,5,13,1,1,1,4,5,2,12,1,47,5,9,3,4,7,9,1,10,1,11,,118,,1,21,121.6167491,25.0551916
113,10,14,18,10,2,11南港區,南港區南港路1段與經貿二路口,0,0,2,2,C03,8,5,5,50,4,1,1,5,4,5,13,1,1,1,4,5,2,12,1,19,2,9,3,4,7,8,1,10,1,11,,118,,1,21,121.6167491,25.0551916
113,10,14,18,20,2,08士林區,士林區文林路與美崙街口,0,0,1,1,C03,8,5,5,50,4,2,1,5,4,5,13,4,4,5,5,5,2,17,2,20,2,9,3,4,7,11,1,10,2,12,,10,,1,21,121.5240404,25.0971464
113,10,14,18,20,2,08士林區,士林區文林路與美崙街口,0,0,1,2,A02,8,5,5,50,4,2,1,5,4,5,13,4,4,5,5,5,2,17,1,54,3,10,3,4,7,9,1,2,2,4,,44,,1,21,121.5240404,25.0971464
113,10,14,18,51,2,08士林區,士林區格致路與建業路口,0,0,1,1,C03,8,5,5,40,3,2,1,5,4,5,13,1,1,10,4,5,1,17,1,19,3,10,6,1,7,9,1,10,1,11,,16,,2,21,121.5460957,25.13569112
113,10,14,18,51,2,08士林區,士林區格致路與建業路口,0,0,1,2,C03,8,5,5,40,3,2,1,5,4,5,13,1,1,10,4,5,1,17,2,20,2,9,6,1,7,14,1,10,1,13,,44,,1,21,121.5460957,25.13569112
113,10,14,19,25,2,01大同區,大同區承德路2段91巷與赤峰街口,0,0,2,1,C03,8,5,5,30,4,1,1,5,4,5,13,4,4,9,4,5,2,15,2,35,2,9,5,1,7,9,1,10,1,11,,14,,1,21,121.5196864,25.0561694
113,10,14,19,25,2,01大同區,大同區承德路2段91巷與赤峰街口,0,0,2,2,C03,8,5,5,30,4,1,1,5,4,5,13,4,4,9,4,5,2,15,2,25,2,9,5,1,7,9,1,10,1,12,,72,,1,21,121.5196864,25.0561694
113,10,14,20,8,2,11南港區,南港區興華路與市民大道8段口,0,0,2,1,B01,7,5,5,50,3,2,1,5,4,5,13,2,1,1,4,5,2,16,1,56,3,10,3,4,7,11,1,4,1,7,,103,,1,21,121.6063239,25.0531235
113,10,14,20,8,2,11南港區,南港區興華路與市民大道8段口,0,0,2,2,C03,7,5,5,50,3,2,1,5,4,5,13,2,1,1,4,5,2,16,1,20,2,9,6,4,7,9,1,10,1,11,,81,,1,21,121.6063239,25.0531235
113,10,14,20,8,2,11南港區,南港區興華路與市民大道8段口,0,0,2,3,H02,7,5,5,50,3,2,1,5,4,5,13,2,1,1,4,5,2,16,2,20,2,9,6,5,7,20,8,20,10,16,,67,,1,21,121.6063239,25.0531235
113,10,14,20,55,2,03中山區,中山區市民大道2段與林森北路口,0,0,1,1,C03,8,5,5,40,4,1,1,5,4,5,13,2,1,1,4,5,2,12,2,18,3,10,6,4,7,9,1,10,1,14,,81,,1,21,121.5244478,25.0479418
113,10,14,20,55,2,03中山區,中山區市民大道2段與林森北路口,0,0,1,2,B03,8,5,5,40,4,1,1,5,4,5,13,2,1,1,4,5,2,12,1,44,3,10,3,4,7,8,1,8,1,5,,42,,1,21,121.5244478,25.0479418
113,10,14,20,55,2,03中山區,中山區市民大道2段與林森北路口,0,0,1,3,H02,8,5,5,40,4,1,1,5,4,5,13,2,1,1,4,5,2,12,2,35,2,9,6,5,7,21,8,20,10,16,,67,,1,21,121.5244478,25.0479418
113,10,14,21,41,2,01大同區,大同區台北橋機慢車道往三重(燈桿282526號),0,0,1,1,C03,8,5,7,50,14,11,1,5,4,5,13,4,4,9,4,5,2,17,1,40,3,10,5,1,7,7,1,10,2,13,,100,,1,21,121.508688,25.0635173
113,10,14,21,41,2,01大同區,大同區台北橋機慢車道往三重(燈桿282526號),0,0,1,2,C03,8,5,7,50,14,11,1,5,4,5,13,4,4,9,4,5,2,17,1,25,2,9,5,1,7,9,1,10,2,12,,44,,1,21,121.508688,25.0635173
113,10,14,22,0,2,03中山區,中山區中山北路2段與南京東路1段口,0,0,2,1,B01,8,5,5,50,4,1,1,5,4,5,13,2,1,5,2,5,2,17,1,48,3,10,7,1,7,8,1,4,1,2,,100,,1,21,121.5227481,25.0528662
113,10,14,22,0,2,03中山區,中山區中山北路2段與南京東路1段口,0,0,2,2,C03,8,5,5,50,4,1,1,5,4,5,13,2,1,5,2,5,2,17,2,31,2,9,5,1,7,9,1,10,1,14,,16,,1,21,121.5227481,25.0528662
113,10,14,22,0,2,03中山區,中山區中山北路2段與南京東路1段口,0,0,2,3,H02,8,5,5,50,4,1,1,5,4,5,13,2,1,5,2,5,2,17,1,10,2,9,4,5,7,20,8,20,10,16,,67,,1,21,121.5227481,25.0528662
113,10,14,22,3,2,03中山區,中山區南京東路3段與南京東路3段48巷口,0,0,1,1,C03,8,5,5,40,3,1,1,5,4,5,13,4,4,1,4,4,2,13,1,26,2,9,6,4,7,9,1,10,2,11,,108,,1,21,121.5383978,25.0517938
113,10,14,22,3,2,03中山區,中山區南京東路3段與南京東路3段48巷口,0,0,1,2,B03,8,5,5,40,3,1,1,5,4,5,13,4,4,1,4,4,2,13,1,65,3,10,3,4,7,6,1,8,2,3,,44,,1,21,121.5383978,25.0517938
113,10,14,22,10,2,01大同區,大同區重慶北路3段與民權西路口,0,0,2,1,C03,8,5,6,50,4,1,1,5,4,5,13,2,1,9,4,5,2,13,1,70,3,10,5,1,7,15,1,10,2,13,,100,,1,21,121.513604,25.0631259
113,10,14,22,10,2,01大同區,大同區重慶北路3段與民權西路口,0,0,2,2,C03,8,5,6,50,4,1,1,5,4,5,13,2,1,9,4,5,2,13,1,19,2,9,5,1,7,9,1,10,2,11,,44,,1,21,121.513604,25.0631259
113,10,14,22,10,2,01大同區,大同區重慶北路3段與民權西路口,0,0,2,3,H02,8,5,6,50,4,1,1,5,4,5,13,2,1,9,4,5,2,13,2,19,2,9,5,5,7,20,8,20,10,16,,67,,1,21,121.513604,25.0631259
113,10,15,0,8,2,04大安區,大安區忠孝東路4段209號,0,0,2,1,C03,8,5,5,50,14,9,1,5,4,5,13,4,4,1,4,5,2,13,1,23,2,9,6,1,7,9,1,10,1,11,,108,,1,21,121.5522235,25.04147669
113,10,15,0,8,2,04大安區,大安區忠孝東路4段209號,0,0,2,2,B01,8,5,5,50,14,9,1,5,4,5,13,4,4,1,4,5,2,13,1,55,3,10,7,1,7,14,1,4,1,7,,38,,1,21,121.5522235,25.04147669
113,10,15,0,8,2,04大安區,大安區忠孝東路4段209號,0,0,2,3,C03,8,5,5,50,14,9,1,5,4,5,13,4,4,1,4,5,2,13,1,26,2,8,6,1,7,9,1,10,1,12,,44,,1,21,121.5522235,25.04147669
113,10,15,5,21,2,06松山區,松山區民生東路5段與新東街口,0,0,1,1,C03,7,5,5,50,4,1,1,5,4,5,13,1,1,8,3,5,1,16,1,45,2,9,6,1,7,9,1,10,2,11,,81,,1,21,121.565953,25.0590997
113,10,15,5,21,2,06松山區,松山區民生東路5段與新東街口,0,0,1,2,B03,7,5,5,50,4,1,1,5,4,5,13,1,1,8,3,5,1,16,1,66,3,10,3,1,7,9,1,8,2,8,,44,,1,21,121.565953,25.0590997
113,10,15,6,50,2,10文山區,文山區新光路2段21號,0,0,1,1,B03,8,6,5,50,18,17,1,5,4,5,13,1,1,1,4,5,2,16,2,47,3,10,7,1,7,15,1,8,1,4,,80,,1,21,121.5834225,25.0004896
113,10,15,6,50,2,10文山區,文山區新光路2段21號,0,0,1,2,B03,8,6,5,50,18,17,1,5,4,5,13,1,1,1,4,5,2,16,2,50,3,10,7,1,7,15,1,8,1,5,,44,,1,21,121.5834225,25.0004896
113,10,15,6,50,2,10文山區,文山區新光路2段21號,0,0,1,3,H02,8,6,5,50,18,17,1,5,4,5,13,1,1,1,4,5,2,16,2,15,2,1,7,5,7,17,8,20,10,16,,67,,1,21,121.5834225,25.0004896
113,10,15,7,3,2,10文山區,文山區木柵路3段與萬壽橋口,0,0,1,1,B03,8,6,5,50,4,1,1,5,4,5,13,1,1,5,4,5,2,16,2,55,3,10,7,1,7,6,1,8,2,6,,9,,1,21,121.5711663,24.9916272
113,10,15,7,3,2,10文山區,文山區木柵路3段與萬壽橋口,0,0,1,2,C03,8,6,5,50,4,1,1,5,4,5,13,1,1,5,4,5,2,16,2,35,2,9,6,1,7,9,1,10,2,17,,44,,1,21,121.5711663,24.9916272
113,10,15,7,16,2,04大安區,大安區敦化南路1段187巷與忠孝東路4段181巷口,0,0,1,1,B03,8,5,5,30,4,2,1,5,4,5,13,4,4,10,5,5,2,3,1,52,3,10,7,1,7,5,1,8,1,8,,70,,1,21,121.5506996,25.0425729
113,10,15,7,16,2,04大安區,大安區敦化南路1段187巷與忠孝東路4段181巷口,0,0,1,2,H01,8,5,5,30,4,2,1,5,4,5,13,4,4,10,5,5,2,3,2,14,2,9,4,5,8,16,8,20,1,16,,121,,1,15,121.5506996,25.0425729
113,10,15,7,28,2,11南港區,南港區南港路3段47巷與市民大道7段口,0,0,1,1,B03,8,6,6,50,14,9,1,5,4,5,13,4,4,5,4,5,2,16,1,49,3,10,7,1,7,6,6,2,1,2,,9,,1,21,121.5909162,25.0510654
113,10,15,7,28,2,11南港區,南港區南港路3段47巷與市民大道7段口,0,0,1,2,C03,8,6,6,50,14,9,1,5,4,5,13,4,4,5,4,5,2,16,1,48,2,9,6,1,7,9,1,10,1,14,,44,,1,21,121.5909162,25.0510654
113,10,15,7,48,2,08士林區,士林區福林路與雨農路口,0,0,1,1,C03,8,6,5,50,5,2,1,5,4,5,13,2,1,1,4,5,1,12,2,18,2,9,5,1,7,9,1,10,1,12,,17,,1,21,121.5324943,25.09673215
113,10,15,7,48,2,08士林區,士林區福林路與雨農路口,0,0,1,2,B03,8,6,5,50,5,2,1,5,4,5,13,2,1,1,4,5,1,12,2,60,3,10,7,1,7,9,1,8,1,6,,17,,1,21,121.5324943,25.09673215
113,10,15,7,50,2,08士林區,士林區德行東路132巷與德行東路132巷3弄口,0,0,2,1,B03,8,6,5,30,4,1,1,5,4,5,13,4,4,10,5,5,2,17,2,44,3,10,7,1,7,9,1,8,2,1,,72,,1,21,121.52928,25.1071782
113,10,15,7,50,2,08士林區,士林區德行東路132巷與德行東路132巷3弄口,0,0,2,2,C03,8,6,5,30,4,1,1,5,4,5,13,4,4,10,5,5,2,17,2,37,2,9,6,1,7,9,1,10,2,14,,14,,1,21,121.52928,25.1071782
113,10,15,7,50,2,08士林區,士林區德行東路132巷與德行東路132巷3弄口,0,0,2,3,C03,8,6,5,30,4,1,1,5,4,5,13,4,4,10,5,5,2,17,2,46,3,10,5,1,7,13,1,10,9,14,,38,,1,21,121.52928,25.1071782
113,10,15,7,50,2,08士林區,士林區德行東路132巷與德行東路132巷3弄口,0,0,2,4,H02,8,6,5,30,4,1,1,5,4,5,13,4,4,10,5,5,2,17,1,3,2,9,5,5,7,20,8,20,10,16,,67,,1,21,121.52928,25.1071782
113,10,15,7,53,2,02萬華區,萬華區堤外便道3013650桿,0,0,2,1,C03,8,7,5,40,14,9,1,1,4,5,13,4,4,10,5,5,2,12,1,40,2,9,5,1,7,11,1,10,1,14,,44,,1,21,121.5073615,25.0356656
113,10,15,7,53,2,02萬華區,萬華區堤外便道3013650桿,0,0,2,2,C03,8,7,5,40,14,9,1,1,4,5,13,4,4,10,5,5,2,12,1,35,2,9,5,1,7,9,1,10,1,12,,44,,1,21,121.5073615,25.0356656
113,10,15,7,55,2,02萬華區,萬華區環河南路1段1-18號,0,0,1,1,B03,7,7,5,50,14,9,1,5,4,5,13,4,4,9,4,5,2,12,2,43,3,10,7,1,7,7,1,8,1,4,,100,,1,21,121.5047435,25.0474696
113,10,15,7,55,2,02萬華區,萬華區環河南路1段1-18號,0,0,1,2,C03,7,7,5,50,14,9,1,5,4,5,13,4,4,9,4,5,2,12,1,23,2,9,5,1,7,9,1,10,1,12,,44,,1,21,121.5047435,25.0474696
113,10,15,8,1,2,06松山區,松山區民生東路3段與民生東路3段113巷口,0,0,1,1,B01,8,5,5,50,4,1,1,5,4,5,13,2,1,3,4,5,2,17,1,65,3,10,3,4,7,9,1,8,1,1,,108,,1,22,121.5462514,25.0578727
113,10,15,8,1,2,06松山區,松山區民生東路3段與民生東路3段113巷口,0,0,1,2,C03,8,5,5,50,4,1,1,5,4,5,13,2,1,3,4,5,2,17,2,27,2,9,6,4,7,6,1,10,1,13,,44,,1,22,121.5462514,25.0578727
113,10,15,8,13,2,12內湖區,內湖區潭美街外河濱公園,0,0,2,1,F01,8,7,8,50,14,23,1,5,4,5,13,4,4,10,4,5,2,9,1,33,2,1,4,1,7,21,8,20,1,15,,118,,1,21,121.6112898,25.06346938