發生年度,發生月,發生日,發生時-Hours,發生分,處理別-編號,區序,肇事地點,死亡人數,2-30日死亡人數,受傷人數,當事人序號,車種,天候,道路照明設備,道路類別,速限-速度限制,道路型態,事故位置,路面狀況1,路面狀況2,路面狀況3,道路障礙1,道路障礙2,號誌1,號誌2,車道劃分-分向,車道劃分-分道1,車道劃分-分道2,車道劃分-分道3,事故類型及型態,性別,年齡,受傷程度,主要傷處,保護裝置,行動電話,車輛用途,當事者行動狀態,駕駛資格情形,駕駛執照種類,飲酒情形,車輛撞擊部位1,車輛撞擊部位2,肇因碼-個別,肇因碼-主要,個人肇逃否,職業,座標-X,座標-Y
113,10,15,8,13,2,12內湖區,內湖區潭美街外河濱公園,0,0,2,2,H01,8,7,8,50,14,23,1,5,4,5,13,4,4,10,4,5,2,9,1,66,2,1,4,5,8,21,8,20,1,16,,67,,1,21,121.6112898,25.06346938
113,10,15,8,19,2,11南港區,南港區玉成街66之6號,0,0,1,1,B02,8,6,5,30,14,9,1,5,4,5,13,4,4,5,5,5,2,16,1,39,3,10,7,1,7,6,1,8,1,2,,9,,1,21,121.581902,25.047008
113,10,15,8,19,2,11南港區,南港區玉成街66之6號,0,0,1,2,C03,8,6,5,30,14,9,1,5,4,5,13,4,4,5,5,5,2,16,1,37,2,9,6,1,7,9,1,10,1,14,,44,,1,21,121.581902,25.047008
113,10,15,8,28,2,04大安區,大安區建國南路2段151巷與建國南路口側附近2段口,0,0,2,1,C03,8,6,5,50,4,1,1,5,4,5,13,1,1,1,3,5,2,13,1,31,2,9,6,1,7,9,1,10,1,11,,108,,1,21,121.537982,25.0286254
113,10,15,8,28,2,04大安區,大安區建國南路2段151巷與建國南路口側附近2段口,0,0,2,2,C03,8,6,5,50,4,1,1,5,4,5,13,1,1,1,3,5,2,13,1,25,2,9,6,1,7,9,1,10,1,13,,44,,1,21,121.537982,25.0286254
113,10,15,8,32,2,04大安區,大安區忠孝東路4段216巷與仁愛路4段口,0,0,1,1,B03,8,5,5,50,4,18,1,5,4,5,13,2,1,1,5,5,2,3,1,42,3,10,7,1,7,9,1,8,1,1,,14,,1,21,121.553033,25.0378151
113,10,15,8,32,2,04大安區,大安區忠孝東路4段216巷與仁愛路4段口,0,0,1,2,H01,8,5,5,50,4,18,1,5,4,5,13,2,1,1,5,5,2,3,1,53,2,9,4,5,8,16,8,20,10,16,,122,,1,21,121.553033,25.0378151
113,10,15,8,35,2,09北投區,北投區三合街2段與清江路245巷口,0,0,1,1,C03,8,6,5,30,4,2,1,5,4,5,13,4,4,8,3,5,2,15,1,80,2,9,6,1,7,9,1,10,1,11,,72,,1,21,121.5017055,25.12639493
113,10,15,8,35,2,09北投區,北投區三合街2段與清江路245巷口,0,0,1,2,C03,8,6,5,30,4,2,1,5,4,5,13,4,4,8,3,5,2,15,1,39,3,10,6,1,7,9,1,10,1,11,,44,,1,21,121.5017055,25.12639493
113,10,15,8,38,2,03中山區,中山區堤頂大道2段往南0.8K處,0,0,2,1,C03,8,6,5,50,14,9,1,5,4,5,13,4,4,5,1,5,2,13,2,43,2,7,5,1,7,9,1,10,1,11,,108,,1,22,121.5654932,25.0784036
113,10,15,8,38,2,03中山區,中山區堤頂大道2段往南0.8K處,0,0,2,2,C03,8,6,5,50,14,9,1,5,4,5,13,4,4,5,1,5,2,13,1,24,2,7,6,1,7,9,1,10,1,13,,44,,1,22,121.5654932,25.0784036
113,10,15,8,42,2,10文山區,文山區興隆路2段與興隆路2段95巷口,0,0,1,1,C03,8,6,5,50,4,1,1,5,4,5,13,2,1,1,4,5,2,16,2,67,2,9,6,1,7,11,3,18,2,12,,98,,1,21,121.5470822,24.9992853
113,10,15,8,42,2,10文山區,文山區興隆路2段與興隆路2段95巷口,0,0,1,2,B03,8,6,5,50,4,1,1,5,4,5,13,2,1,1,4,5,2,16,1,18,3,10,7,1,7,9,1,8,2,1,,13,,1,21,121.5470822,24.9992853
113,10,15,8,42,2,10文山區,文山區興隆路2段與興隆路2段95巷口,0,0,1,3,B01,8,6,5,50,4,1,1,5,4,5,13,2,1,1,4,5,2,16,2,45,3,10,7,1,7,14,1,4,2,7,,44,,1,21,121.5470822,24.9992853
113,10,15,8,45,2,03中山區,中山區新生北路3段與德惠街口,0,0,3,2,C03,8,7,5,30,4,1,1,5,4,5,13,4,4,10,5,5,2,17,1,50,2,8,6,1,7,9,1,10,1,11,,72,,1,21,121.5272522,25.06671955
113,10,15,8,45,2,03中山區,中山區新生北路3段與德惠街口,0,0,3,1,C03,8,7,5,30,4,1,1,5,4,5,13,4,4,10,5,5,2,17,1,71,2,7,6,1,7,6,1,10,1,11,,108,,1,21,121.5272522,25.06671955
113,10,15,8,45,2,03中山區,中山區新生北路3段與德惠街口,0,0,3,3,H02,8,7,5,30,4,1,1,5,4,5,13,4,4,10,5,5,2,17,2,66,2,8,6,5,7,20,8,20,10,16,,67,,1,21,121.5272522,25.06671955
113,10,15,8,50,2,05中正區,中正區愛國西路小南門站二號出口前,0,0,1,1,C03,8,7,5,50,14,9,1,5,4,5,13,4,4,1,4,5,2,13,1,20,3,10,5,1,7,9,1,10,1,12,,16,,1,22,121.5097351,25.0358777
113,10,15,8,50,2,05中正區,中正區愛國西路小南門站二號出口前,0,0,1,2,C03,8,7,5,50,14,9,1,5,4,5,13,4,4,1,4,5,2,13,1,29,3,10,5,1,7,9,1,10,1,14,,44,,1,22,121.5097351,25.0358777
113,10,15,8,50,2,05中正區,中正區愛國西路小南門站二號出口前,0,0,1,3,C03,8,7,5,50,14,9,1,5,4,5,13,4,4,1,4,5,2,13,2,32,3,10,5,1,7,9,1,10,1,14,,44,,1,22,121.5097351,25.0358777
113,10,15,8,50,2,05中正區,中正區愛國西路小南門站二號出口前,0,0,1,5,C03,8,7,5,50,14,9,1,5,4,5,13,4,4,1,4,5,2,13,1,18,4,11,3,4,7,9,1,10,11,11,,16,,2,22,121.5097351,25.0358777
113,10,15,8,50,2,05中正區,中正區愛國西路小南門站二號出口前,0,0,1,4,H02,8,7,5,50,14,9,1,5,4,5,13,4,4,1,4,5,2,13,2,20,2,8,5,5,7,20,8,20,10,16,,67,,1,22,121.5097351,25.0358777
113,10,15,9,22,2,03中山區,中山區北安路47號,0,0,1,1,B02,8,6,5,50,22,9,1,5,4,5,13,4,4,1,5,5,1,16,1,49,3,10,3,4,7,5,1,8,1,7,,80,,1,21,121.5289804,25.0778436
113,10,15,9,22,2,03中山區,中山區北安路47號,0,0,1,2,C03,8,6,5,50,22,9,1,5,4,5,13,4,4,1,5,5,1,16,2,20,2,8,3,4,7,9,1,10,1,11,,44,,1,21,121.5289804,25.0778436
113,10,15,9,22,2,06松山區,松山區寶清街34號,0,0,3,1,C03,8,5,5,30,14,9,1,5,4,5,13,4,4,7,5,5,2,17,1,82,2,9,5,4,7,6,3,18,1,14,,80,,1,22,121.5678158,25.05281674
113,10,15,9,22,2,06松山區,松山區寶清街34號,0,0,3,2,B03,8,5,5,30,14,9,1,5,4,5,13,4,4,7,5,5,2,17,1,51,2,1,3,4,7,9,1,8,1,6,,13,,1,22,121.5678158,25.05281674
113,10,15,9,22,2,06松山區,松山區寶清街34號,0,0,3,3,C03,8,5,5,30,14,9,1,5,4,5,13,4,4,7,5,5,2,17,1,63,2,9,6,1,7,9,1,10,1,14,,44,,1,22,121.5678158,25.05281674
113,10,15,9,22,2,12內湖區,內湖區內湖路3段329巷與內湖路3段343巷4弄口,0,0,1,1,C03,8,5,5,30,3,1,1,5,4,5,13,4,4,10,5,5,2,16,1,52,2,9,6,1,7,5,1,10,2,13,,74,,1,21,121.5849549,25.0883268
113,10,15,9,22,2,12內湖區,內湖區內湖路3段329巷與內湖路3段343巷4弄口,0,0,1,2,B12,8,5,5,30,3,1,1,5,4,5,13,4,4,10,5,5,2,16,1,64,3,10,7,1,7,9,1,8,2,17,,14,,1,21,121.5849549,25.0883268
113,10,15,9,25,2,06松山區,松山區南京東路3段344號,0,0,1,1,B01,8,6,5,50,14,9,1,5,4,5,13,1,1,1,4,5,2,13,1,64,3,10,7,1,7,9,1,4,1,1,,108,,2,21,121.5478276,25.0516726
113,10,15,9,25,2,06松山區,松山區南京東路3段344號,0,0,1,2,C03,8,6,5,50,14,9,1,5,4,5,13,1,1,1,4,5,2,13,2,48,2,8,5,1,7,14,1,10,1,14,,44,,1,21,121.5478276,25.0516726
113,10,15,9,50,2,08士林區,士林區文林路與大東路口口,0,0,1,2,B01,7,7,5,50,14,9,1,5,4,5,13,4,4,8,3,5,2,12,1,37,3,10,3,4,7,9,1,4,2,6,,108,,1,22,121.5254896,25.0865189
113,10,15,9,50,2,08士林區,士林區文林路與大東路口口,0,0,1,1,F01,7,7,5,50,14,9,1,5,4,5,13,4,4,8,3,5,2,12,2,84,2,1,4,1,7,9,8,20,9,11,,42,,1,22,121.5254896,25.0865189
113,10,15,10,5,2,08士林區,士林區基河路12號,0,0,1,1,B03,8,6,5,50,14,9,1,5,4,5,13,4,4,10,4,5,2,12,1,77,3,10,7,1,7,8,1,8,1,7,,100,,1,21,121.5240725,25.08145875
113,10,15,10,5,2,08士林區,士林區基河路12號,0,0,1,2,C04,8,6,5,50,14,9,1,5,4,5,13,4,4,10,4,5,2,12,2,47,2,9,2,1,7,9,1,10,1,11,,108,,1,21,121.5240725,25.08145875
113,10,15,10,23,2,03中山區,中山區新生北路1段與吉林路22巷口,0,0,2,1,C03,8,5,5,50,14,9,1,5,4,5,13,4,4,1,5,5,2,16,1,69,2,9,6,1,7,6,1,10,1,13,,9,,1,22,121.5289595,25.0510515
113,10,15,10,23,2,03中山區,中山區新生北路1段與吉林路22巷口,0,0,2,2,C03,8,5,5,50,14,9,1,5,4,5,13,4,4,1,5,5,2,16,1,44,2,9,6,1,7,9,1,10,1,11,,44,,1,22,121.5289595,25.0510515
113,10,15,10,25,2,01大同區,大同區延平北路2段與涼州街口,0,0,1,1,B02,8,6,5,50,4,1,1,5,4,5,13,2,1,5,4,5,2,17,1,33,3,10,3,4,7,5,1,8,1,8,,8,,1,22,121.5113679,25.0606718
113,10,15,10,25,2,01大同區,大同區延平北路2段與涼州街口,0,0,1,2,C03,8,6,5,50,4,1,1,5,4,5,13,2,1,5,4,5,2,17,1,39,2,9,6,4,7,14,1,10,1,11,,42,,1,22,121.5113679,25.0606718
113,10,15,10,45,2,08士林區,士林區百齡橋與通河東街1段200巷口,0,0,1,1,B01,8,6,5,50,5,2,1,5,4,5,13,2,1,10,4,5,1,17,1,47,3,10,7,1,7,9,1,4,2,8,,81,,1,21,121.5164344,25.0905517
113,10,15,10,45,2,08士林區,士林區百齡橋與通河東街1段200巷口,0,0,1,2,C03,8,6,5,50,5,2,1,5,4,5,13,2,1,10,4,5,1,17,2,46,2,9,6,1,7,9,1,10,2,12,,44,,1,21,121.5164344,25.0905517
113,10,15,10,53,2,03中山區,中山區復興北路94號,0,0,1,1,B03,8,6,5,50,14,9,1,5,4,5,13,4,4,1,4,5,2,12,1,81,3,10,3,4,7,9,1,8,1,2,,44,,1,22,121.5439903,25.0515169
113,10,15,10,53,2,03中山區,中山區復興北路94號,0,0,1,2,C03,8,6,5,50,14,9,1,5,4,5,13,4,4,1,4,5,2,12,1,28,2,7,5,4,7,14,1,10,1,14,,44,,1,22,121.5439903,25.0515169
113,10,15,10,55,2,05中正區,中正區和平西路1段與晉江街口,0,0,1,1,C03,8,7,5,50,4,2,1,5,4,5,13,1,1,1,4,5,2,13,1,34,2,8,5,1,7,9,1,10,1,14,,16,,1,22,121.5208215,25.0267172
113,10,15,10,55,2,05中正區,中正區和平西路1段與晉江街口,0,0,1,2,B03,8,7,5,50,4,2,1,5,4,5,13,1,1,1,4,5,2,13,1,64,3,10,7,1,7,12,1,6,1,6,,44,,1,22,121.5208215,25.0267172
113,10,15,11,38,2,09北投區,北投區竹子湖路1207712燈桿,0,0,1,1,C03,8,6,5,40,14,9,1,5,4,5,13,4,4,4,1,5,1,29,1,32,5,1,6,1,7,9,1,10,2,11,,44,,1,21,121.5454957,25.15297998
113,10,15,11,38,2,09北投區,北投區竹子湖路1207712燈桿,0,0,1,2,,8,6,5,40,14,9,1,5,4,5,13,4,4,4,1,5,1,29,3,0,,,,,,,,,,,,67,,1,,121.5454957,25.15297998
113,10,15,11,39,2,03中山區,中山區樂群一路近16號水門,0,0,1,1,B13,8,6,5,50,14,9,1,5,4,5,13,4,4,1,4,5,2,13,1,72,3,10,3,4,7,9,1,8,1,1,,108,,1,22,121.5558528,25.0775707
113,10,15,11,39,2,03中山區,中山區樂群一路近16號水門,0,0,1,2,C03,8,6,5,50,14,9,1,5,4,5,13,4,4,1,4,5,2,13,1,51,2,9,5,1,7,9,1,10,1,13,,44,,1,22,121.5558528,25.0775707
113,10,15,11,39,2,03中山區,中山區樂群一路近16號水門,0,0,1,3,A05,8,6,5,50,14,9,1,5,4,5,13,4,4,1,4,5,2,13,1,48,3,10,3,4,7,8,1,2,11,17,,44,,1,22,121.5558528,25.0775707
113,10,15,11,43,2,02萬華區,萬華區西寧南路102巷與內江街55巷口,0,0,1,1,C03,7,6,5,30,4,1,1,5,4,5,13,4,4,10,5,5,2,15,1,78,2,9,5,4,7,9,1,10,1,12,,72,,1,22,121.5051747,25.0418521
113,10,15,11,43,2,02萬華區,萬華區西寧南路102巷與內江街55巷口,0,0,1,2,B03,7,6,5,30,4,1,1,5,4,5,13,4,4,10,5,5,2,15,1,50,3,10,3,4,7,9,1,8,1,8,,14,,1,22,121.5051747,25.0418521
113,10,15,11,57,2,02萬華區,萬華區萬大路與雙和街口,0,0,1,1,B12,7,5,5,30,4,1,4,5,4,5,11,2,1,1,4,5,2,17,1,53,3,10,7,1,7,5,1,8,1,2,,44,,1,21,121.5005533,25.0278724
113,10,15,11,57,2,02萬華區,萬華區萬大路與雙和街口,0,0,1,2,C03,7,5,5,30,4,1,4,5,4,5,11,2,1,1,4,5,2,17,1,22,2,9,6,1,7,9,1,10,1,11,,108,,1,21,121.5005533,25.0278724
113,10,15,12,30,2,03中山區,中山區中山北路3段40號,0,0,1,1,C03,8,5,5,50,14,9,1,5,4,5,13,4,4,1,4,5,2,12,1,50,2,8,5,4,7,9,1,10,1,12,,108,,1,22,121.5352723,25.0550217
113,10,15,12,30,2,03中山區,中山區中山北路3段40號,0,0,1,2,C03,8,5,5,50,14,9,1,5,4,5,13,4,4,1,4,5,2,12,2,19,3,10,6,1,7,9,1,10,1,11,,107,,1,22,121.5352723,25.0550217
113,10,15,12,30,2,03中山區,中山區中山北路3段40號,0,0,1,3,C03,8,5,5,50,14,9,1,5,4,5,13,4,4,1,4,5,2,12,1,22,3,10,6,1,7,9,1,10,1,13,,44,,1,22,121.5352723,25.0550217
113,10,15,12,32,2,12內湖區,內湖區江南街117巷8弄與江南街89巷口,0,0,2,1,C03,8,6,5,30,4,1,1,5,4,5,13,4,4,10,5,5,2,15,2,29,2,9,5,1,7,9,1,10,1,11,,72,,1,21,121.5773752,25.0765177
113,10,15,12,32,2,12內湖區,內湖區江南街117巷8弄與江南街89巷口,0,0,2,2,C03,8,6,5,30,4,1,1,5,4,5,13,4,4,10,5,5,2,15,1,31,2,9,5,1,7,9,1,10,1,12,,108,,1,21,121.5773752,25.0765177
113,10,15,12,32,2,12內湖區,內湖區江南街117巷8弄與江南街89巷口,0,0,2,3,A11,8,6,5,30,4,1,1,5,4,5,13,4,4,10,5,5,2,15,1,52,3,10,7,1,7,13,1,7,1,17,,38,,1,21,121.5773752,25.0765177
113,10,15,12,37,2,04大安區,大安區辛亥路2段與建國南路2段口,0,0,1,1,B03,8,6,5,50,4,1,1,5,4,5,13,1,1,1,4,5,1,16,2,46,3,10,3,4,7,6,1,8,1,6,,9,,1,21,121.537498,25.0228335
113,10,15,12,37,2,04大安區,大安區辛亥路2段與建國南路2段口,0,0,1,2,C03,8,6,5,50,4,1,1,5,4,5,13,1,1,1,4,5,1,16,1,40,2,9,3,4,7,9,1,10,1,11,,44,,1,21,121.537498,25.0228335
113,10,15,12,40,2,02萬華區,萬華區堤外便道往北近貴陽疏散門,0,0,2,1,C03,7,6,5,40,14,11,1,5,4,5,13,3,1,3,4,5,2,13,2,41,2,9,3,4,7,9,1,10,1,11,,44,,1,22,121.4990304,25.0414514
113,10,15,12,40,2,02萬華區,萬華區堤外便道往北近貴陽疏散門,0,0,2,2,C03,7,6,5,40,14,11,1,5,4,5,13,3,1,3,4,5,2,13,2,38,2,9,3,4,7,14,1,10,1,13,,44,,1,22,121.4990304,25.0414514
113,10,15,12,40,2,12內湖區,內湖區瑞光路與陽光街口口,0,0,1,1,C03,7,6,5,50,4,2,1,5,4,5,13,2,1,5,4,5,2,16,2,74,2,9,5,1,7,6,1,10,1,14,,80,,1,21,121.5793813,25.0738092
113,10,15,12,40,2,12內湖區,內湖區瑞光路與陽光街口口,0,0,1,2,B01,7,6,5,50,4,2,1,5,4,5,13,2,1,5,4,5,2,16,1,52,3,10,7,1,7,5,1,4,1,2,,44,,1,21,121.5793813,25.0738092
113,10,15,13,10,2,06松山區,松山區市民大道5段與光復南路口,0,0,2,1,C03,8,5,5,50,4,1,1,5,4,5,13,1,1,1,3,5,2,15,1,23,2,9,5,1,7,9,1,10,1,12,,96,,1,25,121.5578751,25.0452365
113,10,15,13,10,2,06松山區,松山區市民大道5段與光復南路口,0,0,2,2,C03,8,5,5,50,4,1,1,5,4,5,13,1,1,1,3,5,2,15,1,22,2,9,5,1,7,9,1,10,1,11,,44,,1,22,121.5578751,25.0452365
113,10,15,13,17,2,02萬華區,萬華區西藏路340號,0,0,2,1,C03,8,7,5,50,14,9,1,5,4,5,13,4,4,1,4,5,2,12,1,38,2,9,6,1,7,9,1,10,1,12,,108,,1,21,121.499692,25.029432
113,10,15,13,17,2,02萬華區,萬華區西藏路340號,0,0,2,2,F01,8,7,5,50,14,9,1,5,4,5,13,4,4,1,4,5,2,12,2,64,2,9,4,1,7,7,8,20,1,14,,100,,1,21,121.499692,25.029432
113,10,15,13,27,2,03中山區,中山區長安東路2段25號,0,0,1,1,C03,7,6,5,50,14,9,1,5,4,5,13,4,4,8,3,5,1,17,2,44,2,9,5,1,7,9,1,10,1,11,14,108,,1,21,121.5309022,25.04854566
113,10,15,13,27,2,03中山區,中山區長安東路2段25號,0,0,1,2,B03,7,6,5,50,14,9,1,5,4,5,13,4,4,8,3,5,1,17,1,32,3,10,7,1,7,14,1,8,1,4,,38,,1,21,121.5309022,25.04854566
113,10,15,13,29,2,03中山區,中山區中山北路4段(圓山涵洞),0,0,1,1,C03,8,5,5,50,14,9,1,5,4,5,13,4,4,7,4,5,2,16,2,33,2,9,3,4,7,7,1,10,1,11,,100,,1,21,121.5256057,25.0769595
113,10,15,13,29,2,03中山區,中山區中山北路4段(圓山涵洞),0,0,1,2,B01,8,5,5,50,14,9,1,5,4,5,13,4,4,7,4,5,2,16,1,65,3,10,3,4,7,9,1,4,1,6,,44,,1,21,121.5256057,25.0769595
113,10,15,13,38,2,12內湖區,內湖區康寧路3段與成功路5段450巷23弄口,0,0,1,1,C03,8,7,5,50,3,1,1,5,4,5,13,1,1,1,4,4,2,13,2,31,2,9,6,1,7,9,1,10,2,11,,16,,1,21,121.6081404,25.0723424
113,10,15,13,38,2,12內湖區,內湖區康寧路3段與成功路5段450巷23弄口,0,0,1,2,B01,8,7,5,50,3,1,1,5,4,5,13,1,1,1,4,4,2,13,1,54,3,10,7,1,7,12,1,4,2,6,,44,,1,21,121.6081404,25.0723424
113,10,15,13,59,2,09北投區,北投區大業路527巷與大業路527巷16弄口,0,0,1,1,C03,8,6,5,30,3,2,1,5,4,5,13,4,4,5,5,5,2,17,1,67,2,9,6,1,7,6,1,10,1,13,,80,,1,21,121.4754234,25.1318957
113,10,15,13,59,2,09北投區,北投區大業路527巷與大業路527巷16弄口,0,0,1,2,B03,8,6,5,30,3,2,1,5,4,5,13,4,4,5,5,5,2,17,1,48,3,10,7,1,7,9,1,8,1,2,,13,,1,21,121.4754234,25.1318957
113,10,15,14,5,2,08士林區,士林區延平北路7段106巷與延平北路8段2巷153弄口,0,0,1,1,B03,8,6,5,40,3,1,1,5,4,5,13,4,4,10,5,5,1,16,1,51,3,10,7,1,7,5,1,8,1,5,,74,,1,26,121.4842695,25.1121518
113,10,15,14,5,2,08士林區,士林區延平北路7段106巷與延平北路8段2巷153弄口,0,0,1,2,C03,8,6,5,40,3,1,1,5,4,5,13,4,4,10,5,5,1,16,2,21,2,9,6,1,7,9,1,10,1,11,,14,,1,25,121.4842695,25.1121518
113,10,15,14,41,2,08士林區,士林區格致路與凱旋路口,0,0,1,1,C03,7,7,8,40,4,1,1,5,4,5,13,3,1,5,1,5,1,3,4,0,,,,,,,,,,,,119,,2,,121.5464951,25.13745685
113,10,15,14,41,2,08士林區,士林區格致路與凱旋路口,0,0,1,2,H01,7,7,8,40,4,1,1,5,4,5,13,3,1,5,1,5,1,3,1,19,2,9,4,5,8,18,8,20,10,16,,67,,1,21,121.5464951,25.13745685
113,10,15,15,17,2,08士林區,士林區天母西路38巷Times停車場出入口,0,0,1,1,B02,7,5,5,50,22,9,1,5,4,5,13,4,4,9,5,5,2,16,1,40,3,10,7,1,7,1,1,8,1,1,,19,,1,21,121.5260961,25.117884
113,10,15,15,17,2,08士林區,士林區天母西路38巷Times停車場出入口,0,0,1,2,C03,7,5,5,50,22,9,1,5,4,5,13,4,4,9,5,5,2,16,1,77,2,9,6,1,7,9,1,10,1,12,,108,,1,21,121.5260961,25.117884
113,10,15,15,35,2,08士林區,士林區文林路476號,0,0,1,1,A11,7,6,5,50,14,9,1,5,4,5,13,4,4,5,5,5,2,17,1,57,3,10,7,1,7,15,1,3,2,2,,101,,1,22,121.5243162,25.0963704
113,10,15,15,35,2,08士林區,士林區文林路476號,0,0,1,2,C03,7,6,5,50,14,9,1,5,4,5,13,4,4,5,5,5,2,17,1,56,2,7,5,1,7,9,6,10,2,14,,44,,1,22,121.5243162,25.0963704
113,10,15,15,35,2,08士林區,士林區文林路476號,0,0,1,3,B01,7,6,5,50,14,9,1,5,4,5,13,4,4,5,5,5,2,17,1,59,3,10,3,4,7,13,1,4,9,4,,38,,1,22,121.5243162,25.0963704
113,10,15,15,47,2,03中山區,中山區民權東路2段152巷3號,0,0,1,1,B03,7,6,5,30,14,9,1,5,4,5,13,4,4,4,1,5,2,16,2,69,3,10,3,4,7,7,1,8,1,8,,101,,1,21,121.5348319,25.06182307
113,10,15,15,47,2,03中山區,中山區民權東路2段152巷3號,0,0,1,2,C03,7,6,5,30,14,9,1,5,4,5,13,4,4,4,1,5,2,16,1,43,2,8,3,4,7,9,1,10,1,12,,14,,1,21,121.5348319,25.06182307
113,10,15,15,55,2,03中山區,中山區松江路與松江路235巷口,0,0,1,1,B03,7,7,5,50,3,1,1,5,4,5,13,4,4,3,4,5,2,16,2,73,3,10,7,1,7,6,1,8,1,5,,9,,1,21,121.5333288,25.05885911
113,10,15,15,55,2,03中山區,中山區松江路與松江路235巷口,0,0,1,2,C03,7,7,5,50,3,1,1,5,4,5,13,4,4,3,4,5,2,16,2,42,2,7,6,1,7,9,1,10,1,11,,14,,1,21,121.5333288,25.05885911
113,10,15,16,11,2,08士林區,士林區仰德大道3段與仰德大道3段125巷口,0,0,3,1,B03,8,6,5,40,3,1,1,5,4,5,13,2,1,4,5,5,1,17,2,64,3,10,7,1,7,6,1,8,1,2,,44,,1,21,121.551613,25.1227313
113,10,15,16,11,2,08士林區,士林區仰德大道3段與仰德大道3段125巷口,0,0,3,2,C03,8,6,5,40,3,1,1,5,4,5,13,2,1,4,5,5,1,17,1,19,3,10,6,1,7,9,1,10,1,13,,44,,1,25,121.551613,25.1227313
113,10,15,16,11,2,08士林區,士林區仰德大道3段與仰德大道3段125巷口,0,0,3,3,C03,8,6,5,40,3,1,1,5,4,5,13,2,1,4,5,5,1,17,1,20,2,9,6,1,7,9,1,9,1,13,,44,,1,25,121.551613,25.1227313
113,10,15,16,11,2,08士林區,士林區仰德大道3段與仰德大道3段125巷口,0,0,3,4,C03,8,6,5,40,3,1,1,5,4,5,13,2,1,4,5,5,1,17,1,19,2,9,6,1,7,9,1,10,1,11,,16,,1,25,121.551613,25.1227313
113,10,15,16,11,2,08士林區,士林區仰德大道3段與仰德大道3段125巷口,0,0,3,5,C03,8,6,5,40,3,1,1,5,4,5,13,2,1,4,5,5,1,17,1,19,2,3,6,1,7,9,1,10,1,11,,16,,1,25,121.551613,25.1227313
113,10,15,17,27,2,02萬華區,萬華區和平西路3段與環河南路2段口,0,0,3,1,C03,7,5,6,50,4,2,1,4,4,5,13,2,1,1,4,5,2,17,1,33,2,9,5,1,7,9,3,18,1,11,12,108,,1,21,121.4946302,25.0357921
113,10,15,17,27,2,02萬華區,萬華區和平西路3段與環河南路2段口,0,0,3,3,H02,7,5,6,50,4,2,1,4,4,5,13,2,1,1,4,5,2,17,2,37,2,8,5,5,7,20,8,20,10,16,,67,,1,21,121.4946302,25.0357921
113,10,15,17,27,2,02萬華區,萬華區和平西路3段與環河南路2段口,0,0,3,2,C03,7,5,6,50,4,2,1,4,4,5,13,2,1,1,4,5,2,17,1,77,2,7,5,1,7,14,1,10,1,13,,44,,1,21,121.4946302,25.0357921
113,10,15,17,34,2,10文山區,文山區木新路3段316號,0,0,1,1,A02,7,5,5,50,14,9,2,5,4,5,13,4,4,5,4,5,2,9,1,64,3,10,7,1,7,14,1,1,1,17,,118,,1,21,121.555706,24.98045186
113,10,15,17,34,2,10文山區,文山區木新路3段316號,0,0,1,2,H02,7,5,5,50,14,9,2,5,4,5,13,4,4,5,4,5,2,9,2,52,2,3,4,5,7,17,8,20,10,16,,58,,1,21,121.555706,24.98045186
113,10,15,17,56,2,05中正區,中正區林森南路與徐州路口,0,0,1,1,B12,7,5,5,50,4,2,1,5,4,5,13,1,1,10,5,5,2,12,1,65,3,10,2,1,7,9,1,8,2,2,,44,,1,21,121.5221904,25.0409746
113,10,15,17,56,2,05中正區,中正區林森南路與徐州路口,0,0,1,2,C03,7,5,5,50,4,2,1,5,4,5,13,1,1,10,5,5,2,12,2,49,2,9,6,1,7,9,1,10,2,14,,101,,1,21,121.5221904,25.0409746
113,10,15,18,9,2,03中山區,中山區民權東路2段200號,0,0,1,1,B03,8,5,5,50,14,9,1,5,4,5,13,4,4,1,4,5,2,12,2,36,3,10,3,4,7,7,1,8,1,4,,101,,1,21,121.5362504,25.0623287
113,10,15,18,9,2,03中山區,中山區民權東路2段200號,0,0,1,2,C03,8,5,5,50,14,9,1,5,4,5,13,4,4,1,4,5,2,12,1,51,2,9,5,4,7,9,1,10,1,12,,13,,1,21,121.5362504,25.0623287
113,10,15,18,10,2,10文山區,文山區羅斯福路5段與羅斯福路5段92巷口,0,0,2,1,C03,8,5,5,50,3,2,1,5,4,5,13,4,4,1,4,5,2,13,2,55,2,8,6,1,7,9,1,10,1,11,,16,,1,21,121.5384525,25.0074421
113,10,15,18,10,2,10文山區,文山區羅斯福路5段與羅斯福路5段92巷口,0,0,2,2,C03,8,5,5,50,3,2,1,5,4,5,13,4,4,1,4,5,2,13,1,61,2,7,6,1,7,9,1,10,1,13,,44,,1,21,121.5384525,25.0074421
113,10,15,18,16,2,02萬華區,萬華區萬大路486巷與萬大路486巷46弄口,0,0,1,1,C03,7,5,5,30,4,1,1,5,4,5,13,4,4,10,5,5,1,15,1,58,2,8,3,4,7,9,1,10,1,11,,75,,1,22,121.4958441,25.020498
113,10,15,18,16,2,02萬華區,萬華區萬大路486巷與萬大路486巷46弄口,0,0,1,2,B03,7,5,5,30,4,1,1,5,4,5,13,4,4,10,5,5,1,15,2,67,3,10,3,4,7,9,1,8,1,8,,44,,1,22,121.4958441,25.020498