發生年度,發生月,發生日,發生時-Hours,發生分,處理別-編號,區序,肇事地點,死亡人數,2-30日死亡人數,受傷人數,當事人序號,車種,天候,道路照明設備,道路類別,速限-速度限制,道路型態,事故位置,路面狀況1,路面狀況2,路面狀況3,道路障礙1,道路障礙2,號誌1,號誌2,車道劃分-分向,車道劃分-分道1,車道劃分-分道2,車道劃分-分道3,事故類型及型態,性別,年齡,受傷程度,主要傷處,保護裝置,行動電話,車輛用途,當事者行動狀態,駕駛資格情形,駕駛執照種類,飲酒情形,車輛撞擊部位1,車輛撞擊部位2,肇因碼-個別,肇因碼-主要,個人肇逃否,職業,座標-X,座標-Y
113,10,15,18,23,2,01大同區,大同區重慶北路3段捷運大橋頭站3號出口,0,0,1,1,C03,7,5,5,50,14,9,1,5,4,5,13,4,4,1,5,5,2,12,1,56,2,8,6,1,7,7,1,10,1,14,,101,,1,21,121.5135246,25.0638628
113,10,15,18,23,2,01大同區,大同區重慶北路3段捷運大橋頭站3號出口,0,0,1,2,B03,7,5,5,50,14,9,1,5,4,5,13,4,4,1,5,5,2,12,1,41,3,10,7,1,7,9,1,8,1,5,,44,,1,21,121.5135246,25.0638628
113,10,15,18,23,2,09北投區,北投區育仁路與大同街口,0,0,2,1,B03,8,5,5,30,5,1,1,5,4,5,13,3,1,10,5,5,1,16,1,47,3,10,7,1,7,5,1,8,1,8,,108,,1,22,121.4984197,25.1338259
113,10,15,18,23,2,09北投區,北投區育仁路與大同街口,0,0,2,2,C03,8,5,5,30,5,1,1,5,4,5,13,3,1,10,5,5,1,16,1,45,2,9,6,1,7,9,1,10,1,14,,72,,1,22,121.4984197,25.1338259
113,10,15,18,23,2,09北投區,北投區育仁路與大同街口,0,0,2,3,H02,8,5,5,30,5,1,1,5,4,5,13,3,1,10,5,5,1,16,2,44,2,9,6,5,7,20,8,20,10,16,,67,,1,22,121.4984197,25.1338259
113,10,15,18,30,2,12內湖區,內湖區內湖路2段與內湖路2段103巷口,0,0,2,1,C03,8,5,5,50,4,1,1,5,4,5,13,1,1,5,5,5,1,16,1,27,2,9,6,1,7,5,1,10,2,12,,8,,1,21,121.5827973,25.07979046
113,10,15,18,30,2,12內湖區,內湖區內湖路2段與內湖路2段103巷口,0,0,2,2,C03,8,5,5,50,4,1,1,5,4,5,13,1,1,5,5,5,1,16,1,57,2,9,6,1,7,9,1,10,2,11,,44,,1,21,121.5827973,25.07979046
113,10,15,18,38,2,03中山區,中山區市民大道2段與長安東路1段52巷口,0,0,1,1,C03,7,5,5,40,3,2,1,5,4,5,13,2,1,1,4,5,2,13,1,56,4,11,3,4,7,9,1,10,11,11,,16,,2,21,121.527822,25.04706757
113,10,15,18,38,2,03中山區,中山區市民大道2段與長安東路1段52巷口,0,0,1,2,C03,7,5,5,40,3,2,1,5,4,5,13,2,1,1,4,5,2,13,2,49,2,8,3,4,7,14,1,10,1,13,,44,,1,21,121.527822,25.04706757
113,10,15,18,42,2,01大同區,大同區安西街與延平北路2段272巷口,0,0,1,1,B03,7,5,5,30,5,1,1,5,4,5,13,4,4,10,5,5,1,16,1,52,3,10,3,4,7,9,1,8,1,5,,72,,1,21,121.5097516,25.0620811
113,10,15,18,42,2,01大同區,大同區安西街與延平北路2段272巷口,0,0,1,2,C03,7,5,5,30,5,1,1,5,4,5,13,4,4,10,5,5,1,16,1,27,2,9,3,4,7,9,1,10,1,14,,108,,1,21,121.5097516,25.0620811
113,10,15,18,45,2,02萬華區,萬華區柳州街與昆明街201巷口,0,0,1,1,B03,7,5,5,30,3,1,1,5,4,5,13,4,4,9,5,5,2,17,2,58,3,10,7,1,7,5,1,8,1,4,,44,,1,21,121.5053885,25.0388563
113,10,15,18,45,2,02萬華區,萬華區柳州街與昆明街201巷口,0,0,1,2,C03,7,5,5,30,3,1,1,5,4,5,13,4,4,9,5,5,2,17,1,50,2,9,5,1,7,9,1,10,1,11,,44,,1,21,121.5053885,25.0388563
113,10,15,18,48,2,03中山區,中山區龍江路271巷與龍江路口,0,0,1,1,B03,8,5,5,30,4,1,2,5,4,5,13,4,4,9,4,5,2,17,1,53,3,10,7,1,7,5,1,8,1,1,,72,,1,21,121.5406894,25.0594035
113,10,15,18,48,2,03中山區,中山區龍江路271巷與龍江路口,0,0,1,2,C03,8,5,5,30,4,1,2,5,4,5,13,4,4,9,4,5,2,17,2,49,2,9,5,1,7,9,1,10,1,14,,44,,1,21,121.5406894,25.0594035
113,10,15,18,53,2,08士林區,士林區通河西街1段與堤外便道口,0,0,2,1,C03,8,5,5,40,14,9,1,5,4,5,13,4,4,10,4,5,1,9,1,22,2,9,6,1,7,9,1,10,1,11,,108,,1,21,121.5134059,25.0827261
113,10,15,18,53,2,08士林區,士林區通河西街1段與堤外便道口,0,0,2,2,H01,8,5,5,40,14,9,1,5,4,5,13,4,4,10,4,5,1,9,2,53,2,9,4,5,8,20,8,20,10,16,,53,,1,21,121.5134059,25.0827261
113,10,15,19,15,2,05中正區,中正區羅斯福路1段與南海路口,0,0,1,1,B03,8,5,5,50,5,1,1,5,4,5,13,2,1,3,4,1,2,12,1,60,3,10,7,1,7,8,1,8,9,5,,80,,2,21,121.5181499,25.032991
113,10,15,19,15,2,05中正區,中正區羅斯福路1段與南海路口,0,0,1,2,C03,8,5,5,50,5,1,1,5,4,5,13,2,1,3,4,1,2,12,1,22,2,7,5,1,7,9,1,10,1,14,,44,,1,21,121.5181499,25.032991
113,10,15,20,0,2,03中山區,中山區民權東路2段與新生北路3段口,0,0,1,1,B03,8,5,7,50,4,1,1,5,4,5,13,2,1,7,2,5,2,9,2,50,3,10,7,1,7,6,1,8,1,1,,70,,1,21,121.5278958,25.0628022
113,10,15,20,0,2,03中山區,中山區民權東路2段與新生北路3段口,0,0,1,2,H01,8,5,7,50,4,1,1,5,4,5,13,2,1,7,2,5,2,9,2,67,2,9,4,5,8,16,8,20,1,16,,67,,1,21,121.5278958,25.0628022
113,10,15,20,59,2,06松山區,松山區光復北路與光復北路11巷口,0,0,1,1,C03,7,5,5,50,4,1,1,5,4,5,13,1,1,1,3,5,2,17,1,30,2,9,6,1,7,5,1,10,2,12,,71,,1,21,121.5579033,25.0491741
113,10,15,20,59,2,06松山區,松山區光復北路與光復北路11巷口,0,0,1,2,B03,7,5,5,50,4,1,1,5,4,5,13,1,1,1,3,5,2,17,1,37,3,10,3,4,7,9,1,8,2,1,,44,,1,23,121.5579033,25.0491741
113,10,15,21,21,2,07信義區,信義區信義路5段15號,0,0,1,1,B03,8,5,5,50,14,9,1,5,4,5,13,4,4,1,4,5,2,13,1,29,3,10,7,1,7,9,1,8,1,1,,16,,1,21,121.5672354,25.03296518
113,10,15,21,21,2,07信義區,信義區信義路5段15號,0,0,1,2,C03,8,5,5,50,14,9,1,5,4,5,13,4,4,1,4,5,2,13,2,28,2,9,6,1,7,9,1,10,1,13,,44,,1,21,121.5672354,25.03296518
113,10,15,22,14,2,07信義區,信義區吳興街與吳興街512巷口,0,0,1,1,C03,8,5,5,50,14,9,1,5,4,5,13,4,4,9,5,5,2,13,1,26,2,8,5,1,7,9,1,10,1,11,,108,,1,21,121.5692063,25.02245
113,10,15,22,14,2,07信義區,信義區吳興街與吳興街512巷口,0,0,1,2,B03,8,5,5,50,14,9,1,5,4,5,13,4,4,9,5,5,2,13,1,27,3,10,7,1,7,14,1,8,1,3,,44,,1,21,121.5692063,25.02245
113,10,15,22,43,2,05中正區,中正區和平西路1段與牯嶺街口,0,0,1,1,C03,7,5,5,50,4,1,1,5,4,5,13,1,1,1,4,5,2,17,2,21,2,9,6,1,7,6,1,10,1,14,,13,,1,21,121.518962,25.0265061
113,10,15,22,43,2,05中正區,中正區和平西路1段與牯嶺街口,0,0,1,2,B01,7,5,5,50,4,1,1,5,4,5,13,1,1,1,4,5,2,17,1,45,3,10,7,1,7,6,1,4,1,2,,13,,1,22,121.518962,25.0265061
113,10,15,22,47,2,04大安區,大安區敦化南路1段159號前,0,0,2,1,B03,8,5,5,50,14,9,1,5,4,5,13,1,1,1,4,5,2,17,2,52,3,10,7,1,7,1,1,8,1,8,,19,,1,21,121.5491372,25.0433888
113,10,15,22,47,2,04大安區,大安區敦化南路1段159號前,0,0,2,2,C03,8,5,5,50,14,9,1,5,4,5,13,1,1,1,4,5,2,17,1,29,2,9,6,1,7,9,1,10,1,12,,44,,1,21,121.5491372,25.0433888
113,10,15,22,47,2,04大安區,大安區敦化南路1段159號前,0,0,2,3,H02,8,5,5,50,14,9,1,5,4,5,13,1,1,1,4,5,2,17,2,32,2,9,6,5,7,20,8,20,10,16,,67,,1,21,121.5491372,25.0433888
113,10,16,6,13,2,07信義區,信義區光復南路與文昌街口,0,0,1,1,C03,8,6,5,30,4,1,1,5,4,5,13,1,1,1,4,4,2,17,1,61,2,7,6,1,7,6,1,10,1,11,,44,,1,21,121.5575504,25.0321817
113,10,16,6,13,2,07信義區,信義區光復南路與文昌街口,0,0,1,2,F02,8,6,5,30,4,1,1,5,4,5,13,1,1,1,4,4,2,17,1,56,3,10,4,1,7,9,8,20,1,11,,81,,1,21,121.5575504,25.0321817
113,10,16,6,30,2,07信義區,信義區市民大道6段108號,0,0,1,1,C04,7,6,8,40,22,22,1,5,4,5,13,4,4,1,4,5,2,29,2,37,2,9,5,1,7,15,1,10,1,14,,44,,1,22,121.5730603,25.0492885
113,10,16,6,30,2,07信義區,信義區市民大道6段108號,0,0,1,2,,7,6,8,40,22,22,1,5,4,5,13,4,4,1,4,5,2,29,3,0,,,,,,,,,,,,67,,1,,121.5730603,25.0492885
113,10,16,6,31,2,08士林區,士林區中山北路5段與文林路口,0,0,1,1,C03,7,6,5,50,3,2,1,5,4,5,13,1,1,1,4,1,1,16,1,58,2,9,3,4,7,6,1,10,1,11,,16,,1,21,121.5258,25.0859059
113,10,16,6,31,2,08士林區,士林區中山北路5段與文林路口,0,0,1,2,C03,7,6,5,50,3,2,1,5,4,5,13,1,1,1,4,1,1,16,4,0,4,11,3,4,7,21,7,19,11,15,,119,,2,22,121.5258,25.0859059
113,10,16,6,31,2,08士林區,士林區中山北路5段與文林路口,0,0,1,3,,7,6,5,50,3,2,1,5,4,5,13,1,1,1,4,1,1,16,3,0,,,,,,,,,,,,67,,1,,121.5258,25.0859059
113,10,16,6,56,2,09北投區,北投區承德路7段141號,0,0,2,1,C03,8,6,5,60,14,9,1,5,4,5,13,4,4,1,4,5,2,12,1,51,2,9,5,1,7,10,1,8,1,14,,100,,1,21,121.508752,25.1127603
113,10,16,6,56,2,09北投區,北投區承德路7段141號,0,0,2,2,B03,8,6,5,60,14,9,1,5,4,5,13,4,4,1,4,5,2,12,1,52,3,10,7,1,7,9,1,8,1,6,,13,,1,21,121.508752,25.1127603
113,10,16,6,56,2,09北投區,北投區承德路7段141號,0,0,2,3,H02,8,6,5,60,14,9,1,5,4,5,13,4,4,1,4,5,2,12,1,17,2,9,5,5,7,20,8,20,10,16,,67,,1,21,121.508752,25.1127603
113,10,16,6,57,2,08士林區,士林區永公路99號,0,0,1,1,C03,8,6,5,30,12,9,1,5,4,5,13,4,4,10,5,5,1,11,1,26,2,9,5,1,7,9,1,10,2,11,,13,,1,21,121.5548559,25.1169572
113,10,16,6,57,2,08士林區,士林區永公路99號,0,0,1,2,B02,8,6,5,30,12,9,1,5,4,5,13,4,4,10,5,5,1,11,1,51,3,10,7,1,7,9,1,8,2,1,,44,,1,21,121.5548559,25.1169572
113,10,16,7,4,2,02萬華區,萬華區中華路2段與中華路2段606巷口,0,0,2,1,C03,8,7,5,40,4,1,1,5,4,5,13,1,1,5,4,4,1,17,1,23,3,10,5,1,7,5,5,18,1,13,,8,,1,22,121.5100689,25.0246605
113,10,16,7,4,2,02萬華區,萬華區中華路2段與中華路2段606巷口,0,0,2,2,C03,8,7,5,40,4,1,1,5,4,5,13,1,1,5,4,4,1,17,2,46,2,9,5,1,7,9,1,10,1,11,,44,,1,22,121.5100689,25.0246605
113,10,16,7,4,2,02萬華區,萬華區中華路2段與中華路2段606巷口,0,0,2,3,H02,8,7,5,40,4,1,1,5,4,5,13,1,1,5,4,4,1,17,2,27,2,9,4,5,7,20,8,20,10,16,,67,,1,22,121.5100689,25.0246605
113,10,16,7,11,2,04大安區,大安區建國南路1段222號,0,0,1,1,C03,8,6,5,50,14,9,1,5,4,5,13,4,4,9,4,5,1,13,1,31,3,10,3,4,7,9,1,10,1,11,,44,,1,21,121.5374807,25.0395612
113,10,16,7,11,2,04大安區,大安區建國南路1段222號,0,0,1,2,C03,8,6,5,50,14,9,1,5,4,5,13,4,4,9,4,5,1,13,1,56,2,7,3,4,7,15,1,10,1,13,,101,,1,21,121.5374807,25.0395612
113,10,16,7,15,2,03中山區,中山區中山橋往北,0,0,5,1,C03,6,7,5,40,8,9,1,4,4,5,13,4,4,1,4,5,2,13,1,49,4,11,3,4,7,8,7,19,11,15,,119,,2,22,121.522354,25.0580266
113,10,16,7,15,2,03中山區,中山區中山橋往北,0,0,5,2,C03,6,7,5,40,8,9,1,4,4,5,13,4,4,1,4,5,2,13,2,22,2,9,5,1,7,8,1,10,1,11,,16,,1,22,121.522354,25.0580266
113,10,16,7,15,2,03中山區,中山區中山橋往北,0,0,5,3,C03,6,7,5,40,8,9,1,4,4,5,13,4,4,1,4,5,2,13,1,61,2,9,5,1,7,9,1,10,1,13,,44,,1,22,121.522354,25.0580266
113,10,16,7,15,2,03中山區,中山區中山橋往北,0,0,5,4,C03,6,7,5,40,8,9,1,4,4,5,13,4,4,1,4,5,2,13,1,46,2,9,5,1,7,9,1,10,1,11,,16,,1,22,121.522354,25.0580266
113,10,16,7,15,2,03中山區,中山區中山橋往北,0,0,5,5,H02,6,7,5,40,8,9,1,4,4,5,13,4,4,1,4,5,2,13,2,22,2,9,5,5,7,17,8,20,10,16,,67,,1,22,121.522354,25.0580266
113,10,16,7,15,2,03中山區,中山區中山橋往北,0,0,5,6,H02,6,7,5,40,8,9,1,4,4,5,13,4,4,1,4,5,2,13,2,55,2,9,5,5,7,17,8,20,10,16,,67,,1,22,121.522354,25.0580266
113,10,16,7,15,2,12內湖區,內湖區文德路101巷與文德路口,0,0,1,1,B03,7,6,5,50,4,1,1,4,4,5,13,2,1,1,3,5,2,17,2,42,3,10,7,1,7,9,1,8,1,5,,85,,1,21,121.5835685,25.0786198
113,10,16,7,15,2,12內湖區,內湖區文德路101巷與文德路口,0,0,1,2,C03,7,6,5,50,4,1,1,4,4,5,13,2,1,1,3,5,2,17,1,72,2,9,6,1,7,9,1,10,1,14,,44,,1,21,121.5835685,25.0786198
113,10,16,7,18,2,06松山區,松山區饒河街221巷與饒河街口,0,0,1,1,B03,6,5,5,30,4,1,1,4,4,5,13,4,4,10,3,5,2,15,2,42,3,10,3,4,7,9,1,8,1,8,,72,,1,22,121.5767387,25.0507951
113,10,16,7,18,2,06松山區,松山區饒河街221巷與饒河街口,0,0,1,2,C03,6,5,5,30,4,1,1,4,4,5,13,4,4,10,3,5,2,15,1,34,2,9,5,4,7,9,1,9,1,11,,44,,1,22,121.5767387,25.0507951
113,10,16,7,30,2,02萬華區,萬華區桂林路與柳州街口,0,0,2,1,B03,7,7,5,50,4,1,1,5,4,5,13,1,1,9,4,5,1,13,2,50,3,10,7,1,7,6,1,8,1,6,,9,,1,21,121.5050589,25.0377428
113,10,16,7,30,2,02萬華區,萬華區桂林路與柳州街口,0,0,2,2,C03,7,7,5,50,4,1,1,5,4,5,13,1,1,9,4,5,1,13,2,25,2,9,5,1,7,9,1,10,1,11,,108,,1,21,121.5050589,25.0377428
113,10,16,7,30,2,02萬華區,萬華區桂林路與柳州街口,0,0,2,3,C03,7,7,5,50,4,1,1,5,4,5,13,1,1,9,4,5,1,13,1,24,2,8,5,1,7,9,1,10,1,11,,108,,1,21,121.5050589,25.0377428
113,10,16,7,33,2,02萬華區,萬華區萬大路137巷與萬大路187巷1弄口,0,0,1,1,C03,8,5,5,30,3,1,1,5,4,5,13,4,4,10,5,5,2,17,2,36,2,8,5,4,7,6,1,10,1,11,,72,,1,21,121.5009773,25.02895508
113,10,16,7,33,2,02萬華區,萬華區萬大路137巷與萬大路187巷1弄口,0,0,1,2,B03,8,5,5,30,3,1,1,5,4,5,13,4,4,10,5,5,2,17,1,75,3,10,7,4,7,5,1,8,1,8,,8,,1,21,121.5009773,25.02895508
113,10,16,7,42,2,04大安區,大安區光復南路與光復南路290巷口,0,0,2,1,C03,7,6,5,50,3,1,1,5,4,5,13,2,1,1,3,5,2,12,1,47,2,9,6,1,7,9,1,10,1,14,,80,,1,21,121.5575545,25.0394116
113,10,16,7,42,2,04大安區,大安區光復南路與光復南路290巷口,0,0,2,2,C03,7,6,5,50,3,1,1,5,4,5,13,2,1,1,3,5,2,12,1,55,2,9,6,1,7,9,1,10,1,12,,44,,1,21,121.5575545,25.0394116
113,10,16,7,46,2,01大同區,大同區民生西路與太原路口,0,0,1,1,C03,7,5,5,50,5,1,1,5,4,5,13,1,1,5,4,5,2,15,1,49,3,10,5,1,7,10,1,10,2,12,,101,,1,22,121.5169708,25.0572316
113,10,16,7,46,2,01大同區,大同區民生西路與太原路口,0,0,1,2,C03,7,5,5,50,5,1,1,5,4,5,13,1,1,5,4,5,2,15,1,33,2,9,6,1,7,10,1,10,2,11,,44,,1,22,121.5169708,25.0572316
113,10,16,7,46,2,01大同區,大同區民生西路與太原路口,0,0,1,3,H02,7,5,5,50,5,1,1,5,4,5,13,1,1,5,4,5,2,15,1,25,3,10,4,5,7,20,8,20,10,16,,67,,1,22,121.5169708,25.0572316
113,10,16,7,49,2,08士林區,士林區通河西街1段與堤外便道口百齡槌球停車場旁,0,0,2,1,C03,7,6,5,30,3,2,1,4,4,5,13,4,4,10,5,5,1,16,2,27,2,9,3,4,7,11,1,10,2,14,,72,,1,21,121.5126478,25.0858759
113,10,16,7,49,2,08士林區,士林區通河西街1段與堤外便道口百齡槌球停車場旁,0,0,2,2,C03,7,6,5,30,3,2,1,4,4,5,13,4,4,10,5,5,1,16,1,21,2,9,3,4,7,9,1,10,2,11,,108,,1,21,121.5126478,25.0858759
113,10,16,7,55,2,03中山區,中山區長安東路2段與建國北路1段口,0,0,1,1,C03,7,7,5,50,4,1,1,5,4,5,13,1,1,9,4,5,2,17,1,33,2,9,5,1,7,9,1,10,1,12,,118,,1,21,121.536601,25.04832322
113,10,16,7,55,2,03中山區,中山區長安東路2段與建國北路1段口,0,0,1,2,,7,7,5,50,4,1,1,5,4,5,13,1,1,9,4,5,2,17,4,0,4,11,3,4,7,21,7,19,11,15,,119,,2,22,121.536601,25.04832322
113,10,16,7,56,2,01大同區,大同區南京西路與塔城街口,0,0,2,1,C03,8,5,5,50,4,2,1,5,4,5,13,2,1,5,5,5,2,17,1,45,2,9,3,4,7,5,1,10,2,12,,71,,1,21,121.5102816,25.0532741
113,10,16,7,56,2,01大同區,大同區南京西路與塔城街口,0,0,2,2,C03,8,5,5,50,4,2,1,5,4,5,13,2,1,5,5,5,2,17,1,52,2,9,3,4,7,9,1,10,2,11,,44,,1,21,121.5102816,25.0532741
113,10,16,8,4,2,11南港區,南港區忠孝東路6段與玉成街口,0,0,1,1,C03,7,6,5,40,3,2,1,5,4,5,13,1,1,1,4,5,2,13,1,45,2,8,5,1,7,9,1,10,1,11,,16,,1,21,121.5832121,25.0461405
113,10,16,8,4,2,11南港區,南港區忠孝東路6段與玉成街口,0,0,1,2,B03,7,6,5,40,3,2,1,5,4,5,13,1,1,1,4,5,2,13,1,28,3,10,7,1,7,6,1,8,1,6,,9,,1,21,121.5832121,25.0461405
113,10,16,8,20,2,10文山區,文山區木柵路4段23號,0,0,2,1,C03,8,6,5,50,14,9,1,5,4,5,13,4,4,5,4,5,2,16,1,34,2,9,6,1,7,10,1,10,1,12,,101,,1,21,121.5715558,24.9935506
113,10,16,8,20,2,10文山區,文山區木柵路4段23號,0,0,2,2,C03,8,6,5,50,14,9,1,5,4,5,13,4,4,5,4,5,2,16,2,56,2,9,6,1,7,9,1,10,1,11,,44,,1,21,121.5715558,24.9935506
113,10,16,8,24,2,05中正區,中正區中華路1段與中華路1段91巷口口,0,0,1,1,B03,8,7,5,50,3,1,1,5,4,5,13,4,4,1,3,1,2,16,1,67,3,10,7,1,7,6,1,8,1,5,,9,,1,21,121.5073255,25.03796474
113,10,16,8,24,2,05中正區,中正區中華路1段與中華路1段91巷口口,0,0,1,2,C03,8,7,5,50,3,1,1,5,4,5,13,4,4,1,3,1,2,16,1,20,2,9,6,1,7,9,1,10,1,14,,44,,1,21,121.5073255,25.03796474
113,10,16,8,26,2,06松山區,松山區撫遠街與富錦街581巷口,0,0,1,1,B03,7,6,5,40,14,9,1,4,4,5,13,4,4,1,4,4,2,17,1,20,3,10,7,1,7,7,1,8,2,17,,100,,1,21,121.5661717,25.0625955
113,10,16,8,26,2,06松山區,松山區撫遠街與富錦街581巷口,0,0,1,2,C03,7,6,5,40,14,9,1,4,4,5,13,4,4,1,4,4,2,17,1,26,2,9,5,1,7,9,1,10,2,14,,44,,1,21,121.5661717,25.0625955
113,10,16,8,28,2,09北投區,北投區西安街1段313巷16弄與石牌路1段166巷43弄口,0,0,1,1,C03,8,6,5,30,4,1,1,5,4,5,13,4,4,10,5,5,2,15,1,56,3,10,5,1,7,9,1,10,2,11,,72,,1,21,121.5147801,25.1137011
113,10,16,8,28,2,09北投區,北投區西安街1段313巷16弄與石牌路1段166巷43弄口,0,0,1,2,C03,8,6,5,30,4,1,1,5,4,5,13,4,4,10,5,5,2,15,2,53,2,9,5,1,7,9,1,10,2,12,,14,,1,21,121.5147801,25.1137011
113,10,16,8,46,2,07信義區,信義區市民大道6段與松隆路123巷口,0,0,1,1,C03,8,7,5,50,3,1,1,5,4,5,13,4,4,3,4,5,2,18,1,41,2,9,5,1,7,9,1,10,1,15,,118,,1,21,121.5715163,25.0491948
113,10,16,8,46,2,07信義區,信義區市民大道6段與松隆路123巷口,0,0,1,2,,8,7,5,50,3,1,1,5,4,5,13,4,4,3,4,5,2,18,3,0,,,,,,,,,,,,67,,1,,121.5715163,25.0491948
113,10,16,8,47,2,04大安區,大安區基隆路3段與臥龍街口,0,0,1,1,B12,8,6,5,50,3,1,1,5,3,5,13,4,4,7,3,5,2,16,1,38,4,11,3,4,7,15,7,19,11,15,,114,,2,22,121.5483689,25.0204417
113,10,16,8,47,2,04大安區,大安區基隆路3段與臥龍街口,0,0,1,2,C03,8,6,5,50,3,1,1,5,3,5,13,4,4,7,3,5,2,16,2,71,2,9,6,1,7,9,1,10,11,12,,16,,1,21,121.5483689,25.0204417
113,10,16,8,51,2,01大同區,大同區南京西路與承德路1段口,0,0,1,1,C03,6,5,5,50,5,1,1,4,4,5,13,2,1,5,2,1,2,13,2,31,3,10,6,1,7,12,1,10,2,13,,16,,1,22,121.5174586,25.053273
113,10,16,8,51,2,01大同區,大同區南京西路與承德路1段口,0,0,1,2,C03,6,5,5,50,5,1,1,4,4,5,13,2,1,5,2,1,2,13,1,31,2,9,5,1,7,1,1,10,2,11,,44,,1,22,121.5174586,25.053273
113,10,16,8,58,2,01大同區,大同區環河北路1段431號與環河北路1段口,0,0,1,1,C03,6,5,5,50,3,2,1,4,4,5,13,4,4,1,4,5,2,17,2,41,3,10,3,4,7,1,1,10,2,17,,19,,1,21,121.5087025,25.0622596
113,10,16,8,58,2,01大同區,大同區環河北路1段431號與環河北路1段口,0,0,1,2,C03,6,5,5,50,3,2,1,4,4,5,13,4,4,1,4,5,2,17,1,37,2,9,3,4,7,9,1,10,2,14,,44,,1,21,121.5087025,25.0622596
113,10,16,8,59,2,04大安區,大安區基隆路2段與基隆路2段209巷口,0,0,1,1,B03,8,5,5,50,5,2,1,5,4,5,13,4,4,8,3,5,1,16,1,53,3,10,7,1,7,6,1,14,1,5,,9,,1,21,121.5514424,25.0232643
113,10,16,8,59,2,04大安區,大安區基隆路2段與基隆路2段209巷口,0,0,1,2,C03,8,5,5,50,5,2,1,5,4,5,13,4,4,8,3,5,1,16,2,52,2,9,6,1,7,9,1,10,1,14,,44,,1,21,121.5514424,25.0232643
113,10,16,9,0,2,12內湖區,內湖區瑞光路66巷與瑞光路口,0,0,1,1,B03,6,6,5,50,4,1,1,4,4,5,13,2,1,5,4,5,2,17,1,62,3,10,7,1,7,5,1,8,1,1,,71,,1,21,121.5823547,25.0707751
113,10,16,9,0,2,12內湖區,內湖區瑞光路66巷與瑞光路口,0,0,1,2,C03,6,6,5,50,4,1,1,4,4,5,13,2,1,5,4,5,2,17,1,29,2,8,6,1,7,9,1,10,1,14,,44,,1,21,121.5823547,25.0707751
113,10,16,9,3,2,04大安區,大安區復興南路1段127號,0,0,1,1,C03,7,5,5,50,14,9,1,5,4,5,13,4,4,1,5,5,2,12,2,27,2,9,6,1,7,15,1,10,1,14,,13,,1,21,121.543901,25.0435196
113,10,16,9,3,2,04大安區,大安區復興南路1段127號,0,0,1,2,B02,7,5,5,50,14,9,1,5,4,5,13,4,4,1,5,5,2,12,1,58,3,10,7,1,7,14,1,8,1,6,,44,,1,21,121.543901,25.0435196
113,10,16,9,3,2,04大安區,大安區復興南路1段127號,0,0,1,3,B01,7,5,5,50,14,9,1,5,4,5,13,4,4,1,5,5,2,12,1,53,3,10,7,1,7,7,1,4,1,17,,72,,1,21,121.543901,25.0435196
113,10,16,9,3,2,05中正區,中正區中華路2段與愛國西路口,0,0,1,2,C03,8,6,5,50,5,1,1,5,4,5,13,1,1,1,4,5,2,17,2,45,2,9,5,1,7,9,1,10,2,14,,44,,1,21,121.5068831,25.0369401
113,10,16,9,3,2,05中正區,中正區中華路2段與愛國西路口,0,0,1,1,B03,8,6,5,50,5,1,1,5,4,5,13,1,1,1,4,5,2,17,1,45,3,10,7,1,7,6,1,8,1,2,,9,,1,21,121.5068831,25.0369401
113,10,16,9,8,2,03中山區,中山區濱江街136號,0,0,1,1,B03,8,6,5,50,14,9,1,5,4,5,13,4,4,5,5,5,2,12,1,55,3,10,3,4,7,8,1,8,1,2,,9,,1,22,121.5355516,25.0717693
113,10,16,9,8,2,03中山區,中山區濱江街136號,0,0,1,2,C03,8,6,5,50,14,9,1,5,4,5,13,4,4,5,5,5,2,12,1,26,2,9,5,4,7,9,1,10,1,14,,44,,1,22,121.5355516,25.0717693
113,10,16,9,17,2,03中山區,中山區林森北路119巷與南京東路1段132巷口,0,0,1,1,C03,7,7,5,30,4,2,1,5,4,5,13,4,4,10,5,5,2,17,1,26,2,9,5,1,7,9,1,10,1,17,,44,,1,21,121.5266382,25.0501335
113,10,16,9,17,2,03中山區,中山區林森北路119巷與南京東路1段132巷口,0,0,1,2,C03,7,7,5,30,4,2,1,5,4,5,13,4,4,10,5,5,2,17,1,49,3,10,5,1,7,5,1,10,1,17,,8,,1,21,121.5266382,25.0501335
113,10,16,9,34,2,03中山區,中山區中山北路1段與長安東路1段口,0,0,1,1,B12,8,7,5,50,4,1,1,5,4,5,13,1,1,1,4,1,2,17,1,67,3,10,7,1,7,6,1,8,1,2,,9,,1,22,121.5217113,25.0497759
113,10,16,9,34,2,03中山區,中山區中山北路1段與長安東路1段口,0,0,1,2,B01,8,7,5,50,4,1,1,5,4,5,13,1,1,1,4,1,2,17,1,64,3,10,7,1,7,9,1,4,1,2,,44,,1,22,121.5217113,25.0497759
113,10,16,9,34,2,03中山區,中山區中山北路1段與長安東路1段口,0,0,1,3,C03,8,7,5,50,4,1,1,5,4,5,13,1,1,1,4,1,2,17,1,28,2,9,5,1,7,9,1,10,1,14,,44,,1,22,121.5217113,25.0497759