發生年度,發生月,發生日,發生時-Hours,發生分,處理別-編號,區序,肇事地點,死亡人數,2-30日死亡人數,受傷人數,當事人序號,車種,天候,道路照明設備,道路類別,速限-速度限制,道路型態,事故位置,路面狀況1,路面狀況2,路面狀況3,道路障礙1,道路障礙2,號誌1,號誌2,車道劃分-分向,車道劃分-分道1,車道劃分-分道2,車道劃分-分道3,事故類型及型態,性別,年齡,受傷程度,主要傷處,保護裝置,行動電話,車輛用途,當事者行動狀態,駕駛資格情形,駕駛執照種類,飲酒情形,車輛撞擊部位1,車輛撞擊部位2,肇因碼-個別,肇因碼-主要,個人肇逃否,職業,座標-X,座標-Y
113,10,16,9,40,2,03中山區,中山區堤頂大道2段99號對面,0,0,1,2,C03,6,7,5,40,14,11,1,4,4,4,13,1,1,1,2,1,2,17,2,33,2,9,6,1,7,9,1,10,9,14,,42,,1,21,121.5710337,25.07615999
113,10,16,9,40,2,03中山區,中山區堤頂大道2段99號對面,0,0,1,1,C03,6,7,5,40,14,11,1,4,4,4,13,1,1,1,2,1,2,17,2,36,3,10,6,1,7,12,1,10,9,17,,42,,1,21,121.5710337,25.07615999
113,10,16,9,50,2,07信義區,信義區和平東路3段與富陽街口,0,0,2,1,C03,8,7,5,50,5,1,1,5,4,5,13,1,1,3,4,5,2,13,2,38,2,9,5,1,7,9,1,10,2,11,,16,,1,21,121.556851,25.0204261
113,10,16,9,50,2,07信義區,信義區和平東路3段與富陽街口,0,0,2,2,C03,8,7,5,50,5,1,1,5,4,5,13,1,1,3,4,5,2,13,2,69,2,9,5,1,7,9,1,10,2,13,,44,,1,21,121.556851,25.0204261
113,10,16,9,54,2,12內湖區,內湖區洲子街75號,0,0,2,1,C03,6,6,5,50,14,9,1,4,4,5,13,4,4,9,5,5,2,10,2,25,2,9,5,1,7,10,1,10,1,12,,42,,1,21,121.5715866,25.0798776
113,10,16,9,54,2,12內湖區,內湖區洲子街75號,0,0,2,2,C03,6,6,5,50,14,9,1,4,4,5,13,4,4,9,5,5,2,10,2,18,2,9,5,1,7,9,1,10,1,11,,44,,1,21,121.5715866,25.0798776
113,10,16,9,58,2,10文山區,文山區景隆街與興隆路1段202巷口,0,0,2,1,C03,8,6,5,50,3,2,1,5,4,5,13,4,4,9,5,5,2,16,2,25,2,9,6,1,7,5,1,10,1,14,,8,,1,21,121.5427215,24.9992186
113,10,16,9,58,2,10文山區,文山區景隆街與興隆路1段202巷口,0,0,2,2,C03,8,6,5,50,3,2,1,5,4,5,13,4,4,9,5,5,2,16,1,23,2,9,6,1,7,9,1,10,1,11,,44,,1,21,121.5427215,24.9992186
113,10,16,10,5,2,03中山區,中山區明水路與樂群一路口,0,0,1,1,C03,7,7,5,50,3,1,1,5,4,5,13,1,1,1,4,5,2,12,2,18,2,9,5,1,7,5,1,10,1,14,,8,,1,21,121.5508882,25.0772569
113,10,16,10,5,2,03中山區,中山區明水路與樂群一路口,0,0,1,2,B03,7,7,5,50,3,1,1,5,4,5,13,1,1,1,4,5,2,12,1,54,3,10,7,1,7,9,1,8,1,5,,44,,1,21,121.5508882,25.0772569
113,10,16,10,25,2,11南港區,南港區忠孝東路6段與忠孝東路6段278巷口,0,0,1,1,B13,7,6,5,50,3,1,1,5,4,5,13,2,1,1,3,4,2,17,1,41,3,10,3,4,7,11,1,8,1,5,,10,,1,21,121.589009,25.0493114
113,10,16,10,25,2,11南港區,南港區忠孝東路6段與忠孝東路6段278巷口,0,0,1,2,C03,7,6,5,50,3,1,1,5,4,5,13,2,1,1,3,4,2,17,1,22,2,9,3,4,7,15,1,10,1,11,,44,,1,21,121.589009,25.0493114
113,10,16,10,30,2,12內湖區,內湖區康樂街與東湖路口,0,0,1,1,B03,6,7,5,50,4,2,1,4,4,5,13,1,1,4,5,5,1,17,2,69,3,10,7,1,7,5,1,8,1,4,,8,,1,21,121.6176484,25.0679831
113,10,16,10,30,2,12內湖區,內湖區康樂街與東湖路口,0,0,1,2,C03,6,7,5,50,4,2,1,4,4,5,13,1,1,4,5,5,1,17,2,40,2,9,6,1,7,9,1,10,1,12,,44,,1,21,121.6176484,25.0679831
113,10,16,10,40,2,10文山區,文山區木柵路1段155號,0,0,2,1,C03,8,5,5,50,14,9,1,5,4,5,13,2,1,5,4,5,2,13,1,21,2,9,6,1,7,8,1,10,1,11,,100,,1,22,121.5502284,24.98747641
113,10,16,10,40,2,10文山區,文山區木柵路1段155號,0,0,2,2,C01,8,5,5,50,14,9,1,5,4,5,13,2,1,5,4,5,2,13,1,35,2,9,6,1,7,14,1,9,1,13,,44,,1,22,121.5502284,24.98747641
113,10,16,10,52,2,09北投區,北投區福真路與無名路口,0,0,1,1,C03,8,6,5,30,4,1,1,4,4,5,13,3,1,5,4,5,2,15,1,83,2,8,5,1,7,9,1,10,1,12,,72,,1,21,121.5059754,25.09817166
113,10,16,10,52,2,09北投區,北投區福真路與無名路口,0,0,1,2,B03,8,6,5,30,4,1,1,4,4,5,13,3,1,5,4,5,2,15,1,26,3,10,7,1,7,9,1,8,1,8,,13,,1,21,121.5059754,25.09817166
113,10,16,11,5,2,07信義區,信義區市民高架道,0,0,3,1,B03,8,7,5,80,10,7,1,5,4,5,13,4,4,10,4,5,2,13,1,52,2,3,3,4,7,9,1,4,1,1,,16,,1,21,121.5641235,25.044829
113,10,16,11,5,2,07信義區,信義區市民高架道,0,0,3,2,B03,8,7,5,80,10,7,1,5,4,5,13,4,4,10,4,5,2,13,1,61,4,11,3,4,7,9,1,8,1,3,,44,,1,21,121.5641235,25.044829
113,10,16,11,5,2,07信義區,信義區市民高架道,0,0,3,3,B03,8,7,5,80,10,7,1,5,4,5,13,4,4,10,4,5,2,13,1,54,3,10,3,4,7,9,1,8,1,3,,44,,1,21,121.5641235,25.044829
113,10,16,11,5,2,07信義區,信義區市民高架道,0,0,3,4,B03,8,7,5,80,10,7,1,5,4,5,13,4,4,10,4,5,2,13,1,62,3,10,3,4,7,9,1,8,1,3,,44,,1,21,121.5641235,25.044829
113,10,16,11,5,2,07信義區,信義區市民高架道,0,0,3,6,H02,8,7,5,80,10,7,1,5,4,5,13,4,4,10,4,5,2,13,1,24,2,2,3,5,7,20,8,20,10,16,,67,,1,21,121.5641235,25.044829
113,10,16,11,5,2,07信義區,信義區市民高架道,0,0,3,5,H02,8,7,5,80,10,7,1,5,4,5,13,4,4,10,4,5,2,13,2,54,2,2,3,5,7,20,8,20,10,16,,67,,1,21,121.5641235,25.044829
113,10,16,11,46,2,12內湖區,內湖區石潭路88號,0,0,1,1,B03,6,6,5,50,14,9,1,4,4,5,13,4,4,8,3,5,1,16,1,32,3,10,7,1,7,1,1,8,2,4,,19,,1,21,121.5889347,25.0629947
113,10,16,11,46,2,12內湖區,內湖區石潭路88號,0,0,1,2,C03,6,6,5,50,14,9,1,4,4,5,13,4,4,8,3,5,1,16,1,42,2,8,6,1,7,9,1,10,2,11,,44,,1,21,121.5889347,25.0629947
113,10,16,11,50,2,10文山區,文山區木新路2段與恆光街口,0,0,1,1,B02,8,5,5,50,4,2,1,5,4,5,13,2,1,5,5,5,1,17,1,64,3,10,7,1,7,1,1,8,2,8,,19,,1,21,121.5666787,24.9833857
113,10,16,11,50,2,10文山區,文山區木新路2段與恆光街口,0,0,1,2,C03,8,5,5,50,4,2,1,5,4,5,13,2,1,5,5,5,1,17,2,58,2,9,6,1,7,9,1,10,2,11,,44,,1,21,121.5666787,24.9833857
113,10,16,12,7,2,07信義區,信義區基隆路1段126號,0,0,1,1,B03,6,7,5,50,14,9,1,4,4,5,13,4,4,1,2,5,2,16,2,31,3,10,7,1,7,6,1,8,1,2,,9,,1,21,121.566804,25.0453373
113,10,16,12,7,2,07信義區,信義區基隆路1段126號,0,0,1,2,C03,6,7,5,50,14,9,1,4,4,5,13,4,4,1,2,5,2,16,1,48,2,9,6,1,7,9,1,9,1,14,,14,,1,21,121.566804,25.0453373
113,10,16,12,8,2,03中山區,中山區中山北路3段161號對面,0,0,2,1,C03,6,7,5,50,14,9,1,4,4,5,13,4,4,1,4,5,2,17,1,20,2,9,5,1,7,9,1,10,2,11,,42,,1,21,121.5235575,25.0713753
113,10,16,12,8,2,03中山區,中山區中山北路3段161號對面,0,0,2,2,B12,6,7,5,50,14,9,1,4,4,5,13,4,4,1,4,5,2,17,1,37,3,10,7,1,7,9,1,8,2,6,,44,,1,21,121.5235575,25.0713753
113,10,16,12,8,2,03中山區,中山區中山北路3段161號對面,0,0,2,3,C03,6,7,5,50,14,9,1,4,4,5,13,4,4,1,4,5,2,17,2,42,2,9,5,1,7,9,1,10,2,14,,44,,1,21,121.5235575,25.0713753
113,10,16,12,9,2,06松山區,松山區南京東路5段161號,0,0,1,1,B03,6,7,5,50,14,9,1,4,4,5,13,4,4,1,4,4,2,17,1,59,3,10,7,4,7,8,1,8,1,17,,100,,1,21,121.5621496,25.0515833
113,10,16,12,9,2,06松山區,松山區南京東路5段161號,0,0,1,2,C03,6,7,5,50,14,9,1,4,4,5,13,4,4,1,4,4,2,17,2,31,2,2,6,4,7,9,1,10,1,12,,44,,1,21,121.5621496,25.0515833
113,10,16,12,18,2,12內湖區,內湖區民權東路6段296巷與民權東路6段296巷31弄口,0,0,1,1,B02,6,5,5,30,4,1,1,4,4,5,13,4,4,5,5,5,1,15,1,58,3,10,7,1,7,9,1,3,2,8,,72,,1,21,121.6063904,25.0720358
113,10,16,12,18,2,12內湖區,內湖區民權東路6段296巷與民權東路6段296巷31弄口,0,0,1,2,C03,6,5,5,30,4,1,1,4,4,5,13,4,4,5,5,5,1,15,1,21,2,9,6,1,7,9,1,10,2,11,,44,,1,21,121.6063904,25.0720358
113,10,16,12,30,2,10文山區,文山區辛亥路4段166巷與辛亥路4段166巷19弄口,0,0,1,1,C03,7,6,5,30,3,1,1,5,4,5,13,4,4,10,5,5,2,16,2,58,2,9,6,1,7,6,1,10,1,11,,74,,1,21,121.5559406,25.0042101
113,10,16,12,30,2,10文山區,文山區辛亥路4段166巷與辛亥路4段166巷19弄口,0,0,1,2,B03,7,6,5,30,3,1,1,5,4,5,13,4,4,10,5,5,2,16,2,22,3,10,7,1,5,9,3,18,1,8,,44,,1,21,121.5559406,25.0042101
113,10,16,12,32,2,02萬華區,萬華區環河南路3段與興義街口,0,0,1,1,B03,7,6,5,50,3,2,1,5,4,5,13,4,4,1,4,5,1,17,1,36,3,10,3,4,7,2,1,8,1,7,,12,,1,21,121.490348,25.0257033
113,10,16,12,32,2,02萬華區,萬華區環河南路3段與興義街口,0,0,1,2,C03,7,6,5,50,3,2,1,5,4,5,13,4,4,1,4,5,1,17,1,25,2,8,3,4,7,6,1,10,1,12,,44,,1,21,121.490348,25.0257033
113,10,16,12,52,2,01大同區,大同區民權西路與延平北路2段口口,0,0,1,1,C03,6,6,5,50,4,1,1,4,4,5,13,2,1,10,5,5,2,12,2,50,2,8,6,1,7,9,1,10,2,12,,108,,1,21,121.5110036,25.0628532
113,10,16,12,52,2,01大同區,大同區民權西路與延平北路2段口口,0,0,1,2,C03,6,6,5,50,4,1,1,4,4,5,13,2,1,10,5,5,2,12,1,39,3,10,6,2,7,12,1,10,2,14,,44,,1,21,121.5110036,25.0628532
113,10,16,13,11,2,04大安區,大安區辛亥路3段與芳蘭路口,0,0,1,1,B03,7,7,5,50,14,9,1,5,4,5,13,4,4,2,4,5,2,12,1,32,3,10,3,4,7,7,1,8,1,4,,100,,1,21,121.5492926,25.0166466
113,10,16,13,11,2,04大安區,大安區辛亥路3段與芳蘭路口,0,0,1,2,C01,7,7,5,50,14,9,1,5,4,5,13,4,4,2,4,5,2,12,1,47,2,9,3,4,7,9,1,9,1,12,,13,,1,21,121.5492926,25.0166466
113,10,16,13,17,2,05中正區,中正區中山南路與徐州路口,0,0,2,1,B12,6,7,5,50,3,2,1,4,4,5,13,1,1,1,3,1,2,12,1,32,3,10,7,1,7,9,1,8,2,2,,118,,1,21,121.5186396,25.04184754
113,10,16,13,17,2,05中正區,中正區中山南路與徐州路口,0,0,2,2,C03,6,7,5,50,3,2,1,4,4,5,13,1,1,1,3,1,2,12,1,60,2,9,6,1,7,9,1,10,2,14,,118,,1,21,121.5186396,25.04184754
113,10,16,13,17,2,05中正區,中正區中山南路與徐州路口,0,0,2,3,H02,6,7,5,50,3,2,1,4,4,5,13,1,1,1,3,1,2,12,2,58,2,7,6,5,7,21,8,20,10,16,,67,,1,21,121.5186396,25.04184754
113,10,16,13,25,2,08士林區,士林區中山北路6段與福國路口,0,0,1,1,C03,7,5,5,50,3,1,1,4,4,5,13,2,1,2,5,5,1,17,1,18,2,9,5,1,7,5,1,10,1,14,,83,,1,21,121.5255552,25.1025707
113,10,16,13,25,2,08士林區,士林區中山北路6段與福國路口,0,0,1,2,B01,7,5,5,50,3,1,1,4,4,5,13,2,1,2,5,5,1,17,1,56,3,10,7,1,7,9,1,4,1,2,,44,,1,21,121.5255552,25.1025707
113,10,16,13,38,2,10文山區,文山區羅斯福路5段163號,0,0,1,1,B03,7,6,5,50,14,9,1,5,4,5,13,4,4,1,4,5,2,17,2,54,3,10,7,1,7,8,1,8,2,17,,100,,1,21,121.5387304,25.0034112
113,10,16,13,38,2,10文山區,文山區羅斯福路5段163號,0,0,1,2,C03,7,6,5,50,14,9,1,5,4,5,13,4,4,1,4,5,2,17,1,21,2,9,6,1,7,9,1,10,2,12,,44,,1,21,121.5387304,25.0034112
113,10,16,13,40,2,08士林區,士林區仰德大道1段上山方向,0,0,3,1,C03,7,7,8,40,14,9,1,5,4,5,13,4,4,5,1,5,2,13,1,23,2,9,5,1,7,9,1,10,1,17,,108,,1,21,121.5345978,25.1065847
113,10,16,13,40,2,08士林區,士林區仰德大道1段上山方向,0,0,3,2,C03,7,7,8,40,14,9,1,5,4,5,13,4,4,5,1,5,2,13,1,62,2,9,5,1,7,9,1,10,1,13,,44,,1,21,121.5345978,25.1065847
113,10,16,13,40,2,08士林區,士林區仰德大道1段上山方向,0,0,3,3,C03,7,7,8,40,14,9,1,5,4,5,13,4,4,5,1,5,2,13,1,19,2,9,5,1,7,9,1,10,1,11,,42,,1,21,121.5345978,25.1065847
113,10,16,13,48,2,08士林區,士林區承德路4段與中正路口,0,0,1,1,C03,6,6,5,50,4,2,1,4,4,5,13,2,1,1,4,5,2,13,1,48,2,9,6,1,7,9,1,10,1,11,,108,,1,21,121.5167112,25.09133108
113,10,16,13,48,2,08士林區,士林區承德路4段與中正路口,0,0,1,2,C03,6,6,5,50,4,2,1,4,4,5,13,2,1,1,4,5,2,13,2,50,3,10,6,1,7,9,1,10,1,13,,44,,1,21,121.5167112,25.09133108
113,10,16,14,35,2,02萬華區,萬華區環河南路1段與內江街口,0,0,1,1,C03,6,6,5,50,5,1,1,4,4,5,13,2,1,5,5,5,2,13,2,19,2,9,6,1,7,5,1,10,1,11,,108,,1,25,121.5001356,25.04199939
113,10,16,14,35,2,02萬華區,萬華區環河南路1段與內江街口,0,0,1,2,C03,6,6,5,50,5,1,1,4,4,5,13,2,1,5,5,5,2,13,1,58,3,10,5,1,7,5,1,10,1,13,,44,,1,27,121.5001356,25.04199939
113,10,16,14,39,2,07信義區,(忠孝東路五段68號旁),0,0,1,1,B01,6,6,5,50,14,9,1,4,4,5,13,4,4,9,4,5,2,17,1,69,3,10,7,1,7,14,1,4,1,2,,40,,1,22,121.5661828,25.0403712
113,10,16,14,39,2,07信義區,(忠孝東路五段68號旁),0,0,1,3,H02,6,6,5,50,14,9,1,4,4,5,13,4,4,9,4,5,2,17,2,43,3,10,4,5,7,19,8,20,10,16,,56,,1,22,121.5661828,25.0403712
113,10,16,14,39,2,07信義區,(忠孝東路五段68號旁),0,0,1,2,C03,6,6,5,50,14,9,1,4,4,5,13,4,4,9,4,5,2,17,1,36,2,8,6,1,7,9,1,10,1,14,,44,,1,22,121.5661828,25.0403712
113,10,16,14,39,2,07信義區,(忠孝東路五段68號旁),0,0,1,4,B03,6,6,5,50,14,9,1,4,4,5,13,4,4,9,4,5,2,17,1,42,3,10,7,1,7,14,1,8,1,7,,38,,1,22,121.5661828,25.0403712
113,10,16,14,55,2,08士林區,士林區中山北路6段與克強路口,0,0,1,1,B03,8,5,8,50,5,1,1,5,4,5,13,2,1,1,5,5,1,17,1,40,3,10,7,1,7,5,1,8,1,5,,80,,1,21,121.5253075,25.1087193
113,10,16,14,55,2,08士林區,士林區中山北路6段與克強路口,0,0,1,2,C03,8,5,8,50,5,1,1,5,4,5,13,2,1,1,5,5,1,17,1,18,2,8,5,1,7,9,1,10,1,11,,14,,1,21,121.5253075,25.1087193
113,10,16,14,59,2,12內湖區,內湖區文德路與內湖路2段76巷口,0,0,1,1,C03,6,7,5,30,5,1,1,4,4,5,13,2,1,1,4,4,2,17,2,30,2,9,6,1,7,5,1,10,2,11,,42,,1,21,121.5809767,25.078598
113,10,16,14,59,2,12內湖區,內湖區文德路與內湖路2段76巷口,0,0,1,2,B03,6,7,5,30,5,1,1,4,4,5,13,2,1,1,4,4,2,17,2,37,3,10,3,1,7,13,1,8,2,6,,38,,1,21,121.5809767,25.078598
113,10,16,15,7,2,05中正區,中正區南海路與惠安街口口,0,0,1,1,B03,6,6,5,50,3,1,1,4,4,5,13,1,1,5,4,5,1,17,1,49,3,10,7,1,7,11,1,8,2,8,,10,,1,21,121.5081994,25.0286327
113,10,16,15,7,2,05中正區,中正區南海路與惠安街口口,0,0,1,2,C03,6,6,5,50,3,1,1,4,4,5,13,1,1,5,4,5,1,17,2,70,2,8,6,1,7,9,3,18,2,12,,44,,1,21,121.5081994,25.0286327
113,10,16,15,33,2,04大安區,大安區敦化南路1段270巷與仁愛路4段71巷口,0,0,1,1,B03,6,7,5,30,4,2,1,4,4,5,13,4,4,10,5,5,1,15,1,52,3,10,7,1,7,9,1,8,1,8,,72,,1,21,121.5471365,25.0389727
113,10,16,15,33,2,04大安區,大安區敦化南路1段270巷與仁愛路4段71巷口,0,0,1,2,C03,6,7,5,30,4,2,1,4,4,5,13,4,4,10,5,5,1,15,2,40,2,8,5,1,7,9,1,10,1,11,,14,,1,26,121.5471365,25.0389727
113,10,16,15,41,2,02萬華區,萬華區萬大路與萬大路90巷口,0,0,2,1,B01,6,6,5,50,4,2,1,4,4,5,13,2,1,1,4,5,1,17,1,58,3,10,3,4,7,1,1,4,9,17,,19,,1,22,121.5004891,25.0301812
113,10,16,15,41,2,02萬華區,萬華區萬大路與萬大路90巷口,0,0,2,2,C03,6,6,5,50,4,2,1,4,4,5,13,2,1,1,4,5,1,17,2,21,2,9,3,4,7,9,1,10,1,12,,44,,1,22,121.5004891,25.0301812
113,10,16,15,41,2,02萬華區,萬華區萬大路與萬大路90巷口,0,0,2,3,C03,6,6,5,50,4,2,1,4,4,5,13,2,1,1,4,5,1,17,2,80,2,9,3,4,7,9,1,10,1,14,,44,,1,22,121.5004891,25.0301812
113,10,16,15,41,2,02萬華區,萬華區萬大路與萬大路90巷口,0,0,2,4,B01,6,6,5,50,4,2,1,4,4,5,13,2,1,1,4,5,1,17,1,56,3,10,3,4,7,13,7,19,11,4,,44,,1,22,121.5004891,25.0301812
113,10,16,15,41,2,02萬華區,萬華區萬大路與萬大路90巷口,0,0,2,5,C03,6,6,5,50,4,2,1,4,4,5,13,2,1,1,4,5,1,17,1,64,3,10,3,4,7,8,1,10,9,17,,101,,1,22,121.5004891,25.0301812
113,10,16,15,53,2,03中山區,中山區北安路670巷與北安路口,0,0,1,1,B03,7,7,5,30,4,1,1,5,4,5,13,1,1,1,4,5,2,17,1,64,3,10,7,1,7,6,1,8,1,5,,44,,1,21,121.5494005,25.0841888
113,10,16,15,53,2,03中山區,中山區北安路670巷與北安路口,0,0,1,2,F02,7,7,5,30,4,1,1,5,4,5,13,1,1,1,4,5,2,17,2,18,2,9,4,1,7,9,8,20,1,14,,44,,1,21,121.5494005,25.0841888
113,10,16,16,16,2,06松山區,松山區松河街150號,0,0,2,1,C03,7,7,5,40,14,9,1,4,4,5,13,4,4,9,4,5,2,13,1,24,2,9,6,1,7,9,1,10,1,11,,16,,1,22,121.5760368,25.0512579
113,10,16,16,16,2,06松山區,松山區松河街150號,0,0,2,2,B03,7,7,5,40,14,9,1,4,4,5,13,4,4,9,4,5,2,13,1,63,2,1,7,1,7,12,1,8,1,3,,44,,1,22,121.5760368,25.0512579
113,10,16,16,23,2,03中山區,中山區南京東路2段132號,0,0,1,1,C03,8,7,8,50,22,22,1,5,4,5,13,4,4,10,3,5,2,17,1,64,3,10,5,1,7,1,1,10,1,17,,19,,1,21,121.5335934,25.05190371
113,10,16,16,23,2,03中山區,中山區南京東路2段132號,0,0,1,2,G06,8,7,8,50,22,22,1,5,4,5,13,4,4,10,3,5,2,17,2,66,3,10,4,1,7,9,8,20,1,17,,42,,1,21,121.5335934,25.05190371
113,10,16,16,23,2,03中山區,中山區南京東路2段132號,0,0,1,3,H02,8,7,8,50,22,22,1,5,4,5,13,4,4,10,3,5,2,17,2,3,2,1,4,5,7,20,8,20,10,16,,67,,1,21,121.5335934,25.05190371
113,10,16,16,31,2,05中正區,中正區羅斯福路2段100號,0,0,1,1,C04,6,6,5,50,14,9,1,4,4,3,13,1,1,3,4,5,1,17,2,44,2,9,6,1,7,9,1,11,1,11,,108,,1,21,121.5225672,25.02666
113,10,16,16,31,2,05中正區,中正區羅斯福路2段100號,0,0,1,2,B11,6,6,5,50,14,9,1,4,4,3,13,1,1,3,4,5,1,17,1,54,3,10,2,1,7,14,1,4,1,7,,38,,1,21,121.5225672,25.02666
113,10,16,16,40,2,04大安區,大安區忠孝東路4段與敦化南路1段口,0,0,1,1,C03,8,6,5,50,4,1,1,5,4,5,13,1,1,9,4,5,1,17,1,63,4,11,3,4,7,8,7,19,11,15,,100,,2,21,121.5485936,25.041485
113,10,16,16,40,2,04大安區,大安區忠孝東路4段與敦化南路1段口,0,0,1,2,C03,8,6,5,50,4,1,1,5,4,5,13,1,1,9,4,5,1,17,1,33,2,8,3,4,7,9,1,10,1,11,,44,,1,21,121.5485936,25.041485
113,10,16,16,42,2,03中山區,中山區建國北路2段與長春路口,0,0,1,1,C03,6,7,5,50,14,9,1,4,4,5,13,4,4,1,4,5,2,17,1,28,2,9,5,1,7,10,1,10,1,15,,100,,1,21,121.5361199,25.05476991
113,10,16,16,42,2,03中山區,中山區建國北路2段與長春路口,0,0,1,2,B03,6,7,5,50,14,9,1,4,4,5,13,4,4,1,4,5,2,17,1,30,3,10,7,1,7,8,1,8,1,17,,44,,1,21,121.5361199,25.05476991
113,10,16,16,51,2,04大安區,大安區仁愛路3段與建國南路1段口,0,0,1,1,B12,7,5,5,50,4,1,1,5,4,5,13,2,1,1,4,5,2,16,1,60,3,10,7,1,7,6,1,8,9,2,,9,,1,21,121.5380592,25.0382526
113,10,16,16,51,2,04大安區,大安區仁愛路3段與建國南路1段口,0,0,1,2,C03,7,5,5,50,4,1,1,5,4,5,13,2,1,1,4,5,2,16,1,30,2,9,6,1,7,9,1,10,9,11,,44,,1,21,121.5380592,25.0382526
113,10,16,16,54,2,12內湖區,內湖區瑞光路與江南街口,0,0,1,1,B12,7,7,5,50,3,1,1,4,4,5,13,1,1,4,3,5,1,17,1,49,3,10,7,1,7,5,1,8,1,2,,8,,1,21,121.5755416,25.0760686
113,10,16,16,54,2,12內湖區,內湖區瑞光路與江南街口,0,0,1,2,C03,7,7,5,50,3,1,1,4,4,5,13,1,1,4,3,5,1,17,1,39,2,8,6,1,7,9,1,10,1,14,,44,,1,21,121.5755416,25.0760686
113,10,16,17,5,2,08士林區,士林區仰德大道3段與仰德大道3段105巷口,0,0,2,1,C03,8,5,5,40,4,2,1,5,4,5,13,4,4,5,2,5,1,17,1,72,2,9,6,1,7,9,1,10,2,14,,72,,1,21,121.5527243,25.1211004
113,10,16,17,5,2,08士林區,士林區仰德大道3段與仰德大道3段105巷口,0,0,2,2,C03,8,5,5,40,4,2,1,5,4,5,13,4,4,5,2,5,1,17,1,22,2,9,6,1,7,9,1,10,2,11,,13,,1,21,121.5527243,25.1211004
113,10,16,17,21,2,07信義區,信義區忠孝東路5段與松山路口,0,0,1,1,C03,7,5,5,50,4,1,1,4,4,5,13,1,1,1,5,5,2,17,1,21,2,8,6,1,7,9,1,10,1,11,,108,,1,22,121.577739,25.0409457
113,10,16,17,21,2,07信義區,信義區忠孝東路5段與松山路口,0,0,1,2,C03,7,5,5,50,4,1,1,4,4,5,13,1,1,1,5,5,2,17,1,37,3,10,6,1,7,8,1,10,1,13,,100,,1,22,121.577739,25.0409457
113,10,16,17,45,2,07信義區,信義區基隆路1段47號,0,0,1,1,,8,5,5,50,14,9,1,5,4,5,13,4,4,9,4,5,2,17,4,0,,,,,,,,,,,,119,,2,,121.5679438,25.0466675
113,10,16,17,45,2,07信義區,信義區基隆路1段47號,0,0,1,2,C03,8,5,5,50,14,9,1,5,4,5,13,4,4,9,4,5,2,17,1,54,2,9,5,1,7,9,1,10,1,12,,44,,1,21,121.5679438,25.0466675
113,10,16,18,2,2,07信義區,信義區環東大道與市民高架道口口,0,0,1,1,B12,8,5,5,60,10,16,1,5,4,5,13,4,4,10,4,5,2,13,1,44,3,10,7,1,7,9,1,8,2,1,,108,,1,22,121.5687202,25.050454
113,10,16,18,2,2,07信義區,信義區環東大道與市民高架道口口,0,0,1,2,C02,8,5,5,60,10,16,1,5,4,5,13,4,4,10,4,5,2,13,1,31,2,9,6,1,7,9,1,9,2,13,,44,,1,22,121.5687202,25.050454
113,10,16,18,2,2,07信義區,信義區環東大道與市民高架道口口,0,0,1,3,B03,8,5,5,60,10,16,1,5,4,5,13,4,4,10,4,5,2,13,1,50,3,10,7,1,7,9,1,8,2,3,,44,,1,22,121.5687202,25.050454
113,10,16,18,9,2,04大安區,大安區和平東路3段與臥龍街口,0,0,1,1,B03,7,5,5,50,4,2,1,5,4,5,13,2,1,1,4,5,2,3,1,46,3,10,7,1,7,11,1,8,1,8,,70,,1,21,121.546772,25.0247073
113,10,16,18,9,2,04大安區,大安區和平東路3段與臥龍街口,0,0,1,2,H01,7,5,5,50,4,2,1,5,4,5,13,2,1,1,4,5,2,3,2,41,2,9,4,5,8,16,8,20,1,16,,67,,1,21,121.546772,25.0247073
113,10,16,18,9,2,05中正區,中正區忠孝東路2段29號,0,0,1,1,C03,6,5,5,50,14,9,1,4,4,3,13,4,4,1,4,5,1,17,2,27,3,10,6,1,7,15,1,10,2,11,,108,,1,22,121.5278391,25.0438317
113,10,16,18,9,2,05中正區,中正區忠孝東路2段29號,0,0,1,3,H02,6,5,5,50,14,9,1,4,4,3,13,4,4,1,4,5,1,17,2,67,2,1,4,5,7,21,8,20,10,16,,67,,1,22,121.5278391,25.0438317
113,10,16,18,9,2,05中正區,中正區忠孝東路2段29號,0,0,1,2,A02,6,5,5,50,14,9,1,4,4,3,13,4,4,1,4,5,1,17,1,50,3,10,7,1,7,14,1,2,9,2,,38,,1,21,121.5278391,25.0438317
113,10,16,18,17,2,03中山區,中山區市民大道3段179號,0,0,1,1,C03,8,5,5,40,14,9,1,5,4,5,13,4,4,1,4,5,2,20,1,36,2,9,6,1,7,9,1,10,1,12,,108,,1,21,121.5420296,25.0448334
113,10,16,18,17,2,03中山區,中山區市民大道3段179號,0,0,1,2,,8,5,5,40,14,9,1,5,4,5,13,4,4,1,4,5,2,20,3,0,,,,,,,,,,,,67,,1,,121.5420296,25.0448334
113,10,16,18,17,2,03中山區,中山區市民大道3段179號,0,0,1,3,C03,8,5,5,40,14,9,1,5,4,5,13,4,4,1,4,5,2,20,2,29,3,10,6,1,7,9,1,10,1,11,,44,,1,21,121.5420296,25.0448334