發生年度,發生月,發生日,發生時-Hours,發生分,處理別-編號,區序,肇事地點,死亡人數,2-30日死亡人數,受傷人數,當事人序號,車種,天候,道路照明設備,道路類別,速限-速度限制,道路型態,事故位置,路面狀況1,路面狀況2,路面狀況3,道路障礙1,道路障礙2,號誌1,號誌2,車道劃分-分向,車道劃分-分道1,車道劃分-分道2,車道劃分-分道3,事故類型及型態,性別,年齡,受傷程度,主要傷處,保護裝置,行動電話,車輛用途,當事者行動狀態,駕駛資格情形,駕駛執照種類,飲酒情形,車輛撞擊部位1,車輛撞擊部位2,肇因碼-個別,肇因碼-主要,個人肇逃否,職業,座標-X,座標-Y
113,10,16,18,20,2,05中正區,中正區八德路1段與臨沂街口,0,0,1,1,C03,7,5,5,50,3,1,1,4,4,5,13,1,1,5,4,5,2,16,1,41,2,9,6,1,7,9,1,10,9,12,,44,,1,22,121.5307432,25.0438089
113,10,16,18,20,2,05中正區,中正區八德路1段與臨沂街口,0,0,1,2,B03,7,5,5,50,3,1,1,4,4,5,13,1,1,5,4,5,2,16,1,52,3,10,7,1,7,5,1,8,9,6,,71,,1,22,121.5307432,25.0438089
113,10,16,18,30,2,02萬華區,萬華區萬大路424巷112號對面,0,0,1,1,A01,7,5,5,50,14,9,1,5,4,5,13,4,4,9,5,5,2,9,1,58,3,10,7,1,7,1,1,2,1,17,,44,,1,21,121.4952781,25.0210958
113,10,16,18,30,2,02萬華區,萬華區萬大路424巷112號對面,0,0,1,2,H02,7,5,5,50,14,9,1,5,4,5,13,4,4,9,5,5,2,9,1,81,2,9,4,5,7,20,8,20,10,16,,67,,2,21,121.4952781,25.0210958
113,10,16,19,0,2,04大安區,大安區信義路4段74巷6弄2號,0,0,1,1,B03,8,5,5,30,14,9,5,5,4,5,13,4,4,10,5,5,2,3,1,45,3,10,7,1,7,5,1,8,1,8,,70,,1,21,121.5470591,25.0322758
113,10,16,19,0,2,04大安區,大安區信義路4段74巷6弄2號,0,0,1,2,H01,8,5,5,30,14,9,5,5,4,5,13,4,4,10,5,5,2,3,2,38,2,9,4,5,8,16,8,20,10,16,,67,,1,21,121.5470591,25.0322758
113,10,16,19,0,2,06松山區,松山區敦化北路與民生東路3段口,0,0,1,1,B03,7,5,5,50,5,1,1,5,4,5,13,1,1,1,3,4,2,16,1,57,3,10,7,1,7,6,1,8,1,6,,101,,1,22,121.5487379,25.0576676
113,10,16,19,0,2,06松山區,松山區敦化北路與民生東路3段口,0,0,1,2,C03,7,5,5,50,5,1,1,5,4,5,13,1,1,1,3,4,2,16,2,31,2,9,5,1,7,15,1,10,1,14,,44,,1,22,121.5487379,25.0576676
113,10,16,19,2,2,07信義區,信義區忠孝東路5段與松仁路口,0,0,1,1,B01,7,5,5,50,14,9,1,5,4,5,13,1,1,3,4,5,2,12,1,46,3,10,7,1,7,9,1,4,1,2,,44,,1,21,121.5686266,25.041057
113,10,16,19,2,2,07信義區,信義區忠孝東路5段與松仁路口,0,0,1,2,C03,7,5,5,50,14,9,1,5,4,5,13,1,1,3,4,5,2,12,1,43,2,8,6,1,7,9,1,10,1,14,,17,,1,21,121.5686266,25.041057
113,10,16,19,8,2,10文山區,文山區羅斯福路6段與景隆街口口,0,0,1,1,C03,7,5,5,50,4,1,1,4,4,5,13,2,1,5,5,5,2,16,2,30,2,9,6,1,7,5,1,10,1,13,,8,,1,21,121.5398996,24.999689
113,10,16,19,8,2,10文山區,文山區羅斯福路6段與景隆街口口,0,0,1,2,B03,7,5,5,50,4,1,1,4,4,5,13,2,1,5,5,5,2,16,1,39,3,10,7,1,7,9,1,8,1,1,,108,,1,21,121.5398996,24.999689
113,10,16,19,28,2,12內湖區,內湖區內湖路3段47號,0,0,1,1,C03,8,5,5,30,14,9,1,5,4,5,13,4,4,10,5,5,2,17,1,24,3,10,6,1,7,11,1,10,2,17,,10,,1,21,121.5923515,25.08585482
113,10,16,19,28,2,12內湖區,內湖區內湖路3段47號,0,0,1,2,C03,8,5,5,30,14,9,1,5,4,5,13,4,4,10,5,5,2,17,2,23,2,9,6,1,7,9,1,10,2,12,,44,,1,21,121.5923515,25.08585482
113,10,16,20,55,2,05中正區,中正區汀州路3段40號急診室停車場車道口,0,0,2,1,C04,7,5,8,50,22,22,1,5,4,5,13,4,4,5,5,5,2,17,2,44,2,9,5,4,7,11,1,11,1,11,,10,,1,21,121.5305794,25.0162077
113,10,16,20,55,2,05中正區,中正區汀州路3段40號急診室停車場車道口,0,0,2,2,C03,7,5,8,50,22,22,1,5,4,5,13,4,4,5,5,5,2,17,1,31,2,7,5,4,7,9,1,10,1,11,,44,,1,21,121.5305794,25.0162077
113,10,16,20,59,2,03中山區,中山區建國北路2段11巷與建國北路2段口,0,0,1,1,C03,8,5,6,50,3,2,1,5,4,5,13,4,4,1,4,5,2,13,1,26,2,9,3,4,7,9,1,10,1,11,,16,,1,21,121.537058,25.0535761
113,10,16,20,59,2,03中山區,中山區建國北路2段11巷與建國北路2段口,0,0,1,2,B01,8,5,6,50,3,2,1,5,4,5,13,4,4,1,4,5,2,13,1,32,3,10,3,4,7,12,1,4,1,7,,44,,1,21,121.537058,25.0535761
113,10,16,21,35,2,01大同區,大同區鄭州路137號,0,0,2,1,C03,7,5,5,40,14,9,1,5,4,5,13,4,4,9,4,5,1,17,1,33,2,7,3,4,7,9,1,10,1,15,,108,,1,21,121.5102632,25.0503296
113,10,16,21,35,2,01大同區,大同區鄭州路137號,0,0,2,2,C03,7,5,5,40,14,9,1,5,4,5,13,4,4,9,4,5,1,17,2,23,2,9,3,4,7,9,1,10,1,12,,44,,1,21,121.5102632,25.0503296
113,10,16,21,45,2,03中山區,中山區長春路258巷2弄,0,0,2,1,F02,7,5,5,30,14,9,1,5,4,5,13,4,4,10,5,5,2,9,1,40,2,7,4,1,7,9,8,20,1,17,,108,,1,21,121.5384501,25.0545436
113,10,16,21,45,2,03中山區,中山區長春路258巷2弄,0,0,2,2,H01,7,5,5,30,14,9,1,5,4,5,13,4,4,10,5,5,2,9,1,36,2,7,4,5,8,16,8,20,1,16,,67,,1,21,121.5384501,25.0545436
113,10,16,22,6,2,07信義區,信義區松高路與松智路口口,0,0,1,1,B01,6,5,5,50,3,1,1,4,4,5,13,2,1,5,4,5,2,2,1,63,3,10,7,1,7,5,1,4,2,8,,70,,1,26,121.5654845,25.0390121
113,10,16,22,6,2,07信義區,信義區松高路與松智路口口,0,0,1,2,H01,6,5,5,50,3,1,1,4,4,5,13,2,1,5,4,5,2,2,1,32,2,9,4,5,8,16,8,20,10,16,,67,,1,22,121.5654845,25.0390121
113,10,17,5,39,2,02萬華區,萬華區中華路2段與中華路2段467巷口,0,0,1,1,F01,7,5,5,40,4,1,1,5,4,5,13,1,1,9,4,5,2,11,2,72,2,9,4,1,7,7,8,20,1,14,,80,,1,21,121.5110754,25.0243904
113,10,17,5,39,2,02萬華區,萬華區中華路2段與中華路2段467巷口,0,0,1,2,C03,7,5,5,40,4,1,1,5,4,5,13,1,1,9,4,5,2,11,1,47,3,10,5,1,7,9,1,10,1,12,,44,,1,21,121.5110754,25.0243904
113,10,17,5,42,2,02萬華區,萬華區興義街與西園路2段320巷口,0,0,1,1,C03,7,5,5,30,4,1,1,5,4,5,13,4,4,10,5,5,2,15,1,44,2,7,5,1,7,9,1,10,1,11,,44,,1,21,121.4917731,25.0266984
113,10,17,5,42,2,02萬華區,萬華區興義街與西園路2段320巷口,0,0,1,2,B12,7,5,5,30,4,1,1,5,4,5,13,4,4,10,5,5,2,15,1,42,3,10,7,1,7,9,1,8,1,1,,44,,1,21,121.4917731,25.0266984
113,10,17,6,51,2,08士林區,士林區中正路與承德路4段口,0,0,1,1,B03,8,5,5,50,5,1,1,5,4,5,13,2,1,1,5,5,1,15,2,52,3,10,7,1,7,9,1,8,1,2,,81,,1,21,121.5166392,25.0910377
113,10,17,6,51,2,08士林區,士林區中正路與承德路4段口,0,0,1,2,C03,8,5,5,50,5,1,1,5,4,5,13,2,1,1,5,5,1,15,1,27,2,9,5,1,7,9,1,10,1,11,,44,,1,21,121.5166392,25.0910377
113,10,17,6,52,2,09北投區,北投區承德路6段往北投方向,0,0,2,1,C03,8,6,5,40,14,9,1,5,4,5,13,4,4,1,4,5,2,13,1,30,2,9,5,1,7,9,1,10,2,11,,108,,1,21,121.5116853,25.1091593
113,10,17,6,52,2,09北投區,北投區承德路6段往北投方向,0,0,2,2,F01,8,6,5,40,14,9,1,5,4,5,13,4,4,1,4,5,2,13,2,73,2,9,4,1,7,9,8,20,2,13,,44,,1,21,121.5116853,25.1091593
113,10,17,7,0,2,08士林區,士林區百齡橋往士林,0,0,2,1,B02,8,7,8,50,14,9,1,5,4,5,13,4,4,1,1,5,1,16,1,33,3,10,7,1,7,8,1,8,1,4,,100,,1,21,121.5167432,25.09067918
113,10,17,7,0,2,08士林區,士林區百齡橋往士林,0,0,2,2,C03,8,7,8,50,14,9,1,5,4,5,13,4,4,1,1,5,1,16,1,22,2,9,5,1,7,9,1,10,1,11,,44,,1,21,121.5167432,25.09067918
113,10,17,7,0,2,08士林區,士林區百齡橋往士林,0,0,2,3,H02,8,7,8,50,14,9,1,5,4,5,13,4,4,1,1,5,1,16,1,45,2,9,6,5,7,20,8,20,10,16,,67,,1,21,121.5167432,25.09067918
113,10,17,7,5,2,02萬華區,萬華區和平西路3段與桂林路246巷口,0,0,1,1,B01,8,7,5,30,5,2,1,5,4,5,13,3,1,10,5,5,2,16,1,65,3,10,7,1,7,6,1,4,1,4,,80,,1,21,121.4910638,25.0358311
113,10,17,7,5,2,02萬華區,萬華區和平西路3段與桂林路246巷口,0,0,1,2,C04,8,7,5,30,5,2,1,5,4,5,13,3,1,10,5,5,2,16,2,42,2,9,5,1,7,9,1,11,1,11,,44,,1,21,121.4910638,25.0358311
113,10,17,7,15,2,04大安區,大安區信義路3段147巷與仁愛路3段口,0,0,1,1,B03,8,6,5,30,3,1,1,5,4,5,13,4,4,9,4,5,1,16,2,46,3,10,3,4,7,5,1,8,1,5,,72,,1,21,121.5419669,25.0378003
113,10,17,7,15,2,04大安區,大安區信義路3段147巷與仁愛路3段口,0,0,1,2,C03,8,6,5,30,3,1,1,5,4,5,13,4,4,9,4,5,1,16,1,41,2,8,5,1,7,9,1,10,1,11,,44,,1,21,121.5419669,25.0378003
113,10,17,7,35,2,04大安區,大安區基隆路4段與基隆路4段73巷口,0,0,2,1,C03,8,6,5,50,4,1,1,5,4,5,13,1,1,9,4,5,1,17,1,51,2,8,3,4,7,15,1,10,1,11,,44,,1,21,121.5396095,25.0130048
113,10,17,7,35,2,04大安區,大安區基隆路4段與基隆路4段73巷口,0,0,2,2,F01,8,6,5,50,4,1,1,5,4,5,13,1,1,9,4,5,1,17,1,15,2,8,3,4,7,15,8,20,1,15,,53,,1,15,121.5396095,25.0130048
113,10,17,7,39,2,04大安區,大安區新生南路3段72號對面停車場出入口,0,0,1,1,C03,8,5,5,40,14,9,1,5,4,5,13,4,4,1,5,5,2,13,1,48,2,7,6,1,7,9,1,10,1,11,,14,,1,21,121.5338861,25.0190909
113,10,17,7,39,2,04大安區,大安區新生南路3段72號對面停車場出入口,0,0,1,2,B03,8,5,5,40,14,9,1,5,4,5,13,4,4,1,5,5,2,13,1,80,3,10,7,1,7,15,1,8,1,6,,44,,1,21,121.5338861,25.0190909
113,10,17,7,43,2,09北投區,北投區承德路7段與承德路7段413巷口,0,0,1,1,C03,8,6,5,60,3,1,1,5,4,5,13,4,4,1,4,5,2,17,2,18,3,10,5,1,7,6,1,10,2,12,,9,,1,21,121.499937,25.1207137
113,10,17,7,43,2,09北投區,北投區承德路7段與承德路7段413巷口,0,0,1,2,C03,8,6,5,60,3,1,1,5,4,5,13,4,4,1,4,5,2,17,1,18,2,9,5,1,7,9,1,10,2,11,,44,,1,21,121.499937,25.1207137
113,10,17,7,47,2,05中正區,中正區西藏路與惠安街口,0,0,2,1,C03,8,6,5,30,4,1,1,5,4,5,13,1,1,3,4,5,1,17,2,27,2,9,5,1,7,6,1,10,2,12,,9,,1,21,121.5060171,25.0303781
113,10,17,7,47,2,05中正區,中正區西藏路與惠安街口,0,0,2,2,C03,8,6,5,30,4,1,1,5,4,5,13,1,1,3,4,5,1,17,1,54,2,9,5,1,7,9,1,10,2,11,,13,,1,21,121.5060171,25.0303781
113,10,17,7,52,2,04大安區,大安區基隆路2段與通化街171巷口,0,0,1,1,B03,8,6,5,50,4,1,1,5,4,5,13,1,1,9,4,5,1,17,1,51,3,10,3,4,7,6,1,8,9,8,,9,,1,21,121.555948,25.0275011
113,10,17,7,52,2,04大安區,大安區基隆路2段與通化街171巷口,0,0,1,2,C03,8,6,5,50,4,1,1,5,4,5,13,1,1,9,4,5,1,17,2,28,2,8,3,4,7,14,1,10,9,14,,44,,1,21,121.555948,25.0275011
113,10,17,8,10,2,03中山區,中山區中山北路1段與市民大道2段口,0,0,3,1,C03,8,7,5,50,4,1,1,5,4,5,13,2,1,5,4,5,2,13,1,19,2,9,6,4,7,15,1,10,1,11,,108,,1,21,121.5208615,25.04817486
113,10,17,8,10,2,03中山區,中山區中山北路1段與市民大道2段口,0,0,3,2,C03,8,7,5,50,4,1,1,5,4,5,13,2,1,5,4,5,2,13,2,40,2,5,6,4,7,14,1,10,1,13,,44,,1,21,121.5208615,25.04817486
113,10,17,8,10,2,03中山區,中山區中山北路1段與市民大道2段口,0,0,3,3,H02,8,7,5,50,4,1,1,5,4,5,13,2,1,5,4,5,2,13,1,19,2,9,6,5,7,21,8,20,10,16,,67,,1,21,121.5208615,25.04817486
113,10,17,8,10,2,12內湖區,內湖區環山路1段59巷1弄與環山路1段59巷口,0,0,1,1,C03,8,6,5,30,4,1,1,5,4,5,13,4,4,10,5,5,2,17,1,21,2,9,6,1,7,9,1,10,1,12,,75,,1,21,121.5680658,25.0861853
113,10,17,8,10,2,12內湖區,內湖區環山路1段59巷1弄與環山路1段59巷口,0,0,1,2,B01,8,6,5,30,4,1,1,5,4,5,13,4,4,10,5,5,2,17,1,69,3,10,7,1,7,9,1,4,1,1,,14,,1,21,121.5680658,25.0861853
113,10,17,8,10,2,12內湖區,內湖區環山路1段59巷1弄與環山路1段59巷口,0,0,1,3,B03,8,6,5,30,4,1,1,5,4,5,13,4,4,10,5,5,2,17,1,47,3,10,7,1,7,13,1,8,1,3,,38,,1,21,121.5680658,25.0861853
113,10,17,8,16,2,04大安區,大安區信義路4段與大安路2段口,0,0,3,1,C03,8,6,5,50,4,1,1,5,4,5,13,2,1,8,4,5,1,16,1,32,2,8,5,1,7,9,1,9,1,11,,44,,1,21,121.5458886,25.033238
113,10,17,8,16,2,04大安區,大安區信義路4段與大安路2段口,0,0,3,2,C03,8,6,5,50,4,1,1,5,4,5,13,2,1,8,4,5,1,16,1,41,2,8,5,1,7,6,1,10,1,13,,9,,1,21,121.5458886,25.033238
113,10,17,8,16,2,04大安區,大安區信義路4段與大安路2段口,0,0,3,3,H02,8,6,5,50,4,1,1,5,4,5,13,2,1,8,4,5,1,16,2,33,2,8,5,5,7,20,8,20,10,16,,67,,1,21,121.5458886,25.033238
113,10,17,8,39,2,01大同區,大同區鄭州路與延平北路1段口,0,0,2,1,C03,8,5,5,40,5,2,1,5,4,5,13,2,1,1,4,4,2,13,2,72,4,11,3,4,7,15,7,19,11,11,,17,,2,22,121.5121566,25.0499392
113,10,17,8,39,2,01大同區,大同區鄭州路與延平北路1段口,0,0,2,2,C03,8,5,5,40,5,2,1,5,4,5,13,2,1,1,4,4,2,13,1,20,2,8,6,1,7,1,1,10,1,13,,44,,1,22,121.5121566,25.0499392
113,10,17,8,39,2,01大同區,大同區鄭州路與延平北路1段口,0,0,2,3,C03,8,5,5,40,5,2,1,5,4,5,13,2,1,1,4,4,2,13,2,24,2,8,5,1,7,15,1,10,9,14,,114,,2,22,121.5121566,25.0499392
113,10,17,8,39,2,01大同區,大同區鄭州路與延平北路1段口,0,0,2,4,C03,8,5,5,40,5,2,1,5,4,5,13,2,1,1,4,4,2,13,1,34,3,10,6,1,7,15,1,10,9,11,,114,,2,22,121.5121566,25.0499392
113,10,17,8,48,2,04大安區,大安區和平東路3段與樂業街口,0,0,1,1,C03,8,5,5,50,14,9,1,5,4,5,13,4,4,1,4,5,2,12,1,34,2,9,6,1,7,7,1,10,1,13,,100,,1,21,121.5498671,25.0244587
113,10,17,8,48,2,04大安區,大安區和平東路3段與樂業街口,0,0,1,2,B03,8,5,5,50,14,9,1,5,4,5,13,4,4,1,4,5,2,12,1,34,3,10,7,1,7,9,1,8,1,1,,44,,1,21,121.5498671,25.0244587
113,10,17,8,50,2,07信義區,信義區基隆路2段161號,0,0,2,1,C03,8,7,5,50,14,9,1,5,4,5,13,4,4,10,4,5,2,17,1,26,2,9,5,1,7,15,1,10,1,13,,44,,1,21,121.5539339,25.0254666
113,10,17,8,50,2,07信義區,信義區基隆路2段161號,0,0,2,2,C03,8,7,5,50,14,9,1,5,4,5,13,4,4,10,4,5,2,17,1,44,2,9,5,1,7,9,1,10,1,11,,108,,1,21,121.5539339,25.0254666
113,10,17,8,55,2,04大安區,大安區嘉興街與嘉興街363巷口,0,0,2,1,F01,8,6,5,30,4,1,1,5,4,5,13,4,4,10,5,5,1,17,1,34,2,8,4,1,7,5,8,20,1,11,,74,,1,21,121.5520229,25.0219974
113,10,17,8,55,2,04大安區,大安區嘉興街與嘉興街363巷口,0,0,2,2,C03,8,6,5,30,4,1,1,5,4,5,13,4,4,10,5,5,1,17,1,35,2,7,5,1,7,9,1,10,1,11,,80,,1,21,121.5520229,25.0219974
113,10,17,8,55,2,12內湖區,內湖區麥帥一橋附近側附近松山往內湖機車道,0,0,2,1,C03,8,6,5,40,8,11,1,5,4,5,13,4,4,9,4,5,1,12,1,79,2,7,5,1,7,7,6,18,1,14,,102,,1,21,121.5724135,25.0523576
113,10,17,8,55,2,12內湖區,內湖區麥帥一橋附近側附近松山往內湖機車道,0,0,2,2,C03,8,6,5,40,8,11,1,5,4,5,13,4,4,9,4,5,1,12,1,31,3,10,6,1,7,9,1,10,2,17,,44,,1,21,121.5724135,25.0523576
113,10,17,8,55,2,12內湖區,內湖區麥帥一橋附近側附近松山往內湖機車道,0,0,2,3,C03,8,6,5,40,8,11,1,5,4,5,13,4,4,9,4,5,1,12,1,26,2,8,6,1,7,9,1,10,1,11,,44,,1,21,121.5724135,25.0523576
113,10,17,9,14,2,03中山區,中山區中山北路2段與民權西路口,0,0,1,1,C03,8,6,5,50,3,2,1,5,4,5,13,2,1,8,3,5,1,17,2,29,2,9,5,1,7,6,1,10,1,13,,9,,1,21,121.5225041,25.06267691
113,10,17,9,14,2,03中山區,中山區中山北路2段與民權西路口,0,0,1,2,B03,8,6,5,50,3,2,1,5,4,5,13,2,1,8,3,5,1,17,1,30,3,10,7,1,7,9,1,8,1,5,,44,,1,21,121.5225041,25.06267691
113,10,17,9,17,2,05中正區,中正區重慶南路1段與愛國西路口,0,0,2,1,C03,8,6,5,50,4,1,1,5,4,5,13,1,1,9,4,5,1,13,1,49,2,9,6,1,7,6,1,10,2,12,,42,,1,22,121.5125795,25.0355886
113,10,17,9,17,2,05中正區,中正區重慶南路1段與愛國西路口,0,0,2,2,C03,8,6,5,50,4,1,1,5,4,5,13,1,1,9,4,5,1,13,1,25,2,9,6,1,7,9,1,10,2,11,,16,,1,22,121.5125795,25.0355886
113,10,17,9,17,2,05中正區,中正區重慶南路1段與愛國西路口,0,0,2,3,C03,8,6,5,50,4,1,1,5,4,5,13,1,1,9,4,5,1,13,2,31,3,10,6,1,7,9,1,10,2,11,,16,,1,22,121.5125795,25.0355886
113,10,17,9,25,2,12內湖區,內湖區舊宗路2段191號旁,0,0,1,1,C03,8,6,5,50,14,9,1,5,4,5,13,4,4,1,5,5,2,13,1,18,3,10,6,1,7,9,1,10,2,11,,16,,1,21,121.5740554,25.0723261
113,10,17,9,25,2,12內湖區,內湖區舊宗路2段191號旁,0,0,1,2,C03,8,6,5,50,14,9,1,5,4,5,13,4,4,1,5,5,2,13,2,36,2,9,6,1,7,12,1,10,2,13,,44,,1,21,121.5740554,25.0723261
113,10,17,9,39,2,08士林區,士林區百齡橋西往東7510214桿,0,0,1,1,C03,8,5,5,50,8,9,1,5,4,5,13,4,4,1,5,5,1,17,2,21,2,9,5,1,7,9,1,10,1,11,,16,,1,21,121.5134423,25.0888742
113,10,17,9,39,2,08士林區,士林區百齡橋西往東7510214桿,0,0,1,2,B03,8,5,5,50,8,9,1,5,4,5,13,4,4,1,5,5,1,17,1,48,3,10,7,1,7,12,1,8,1,3,,44,,1,21,121.5134423,25.0888742
113,10,17,9,39,2,08士林區,士林區百齡橋西往東7510214桿,0,0,1,3,A02,8,5,5,50,8,9,1,5,4,5,13,4,4,1,5,5,1,17,1,43,3,10,7,1,7,9,1,2,1,4,,44,,1,21,121.5134423,25.0888742
113,10,17,9,40,2,12內湖區,內湖區民權東路6段與瑞光路口,0,0,2,1,C03,8,6,5,50,4,1,1,5,4,5,13,2,1,1,4,5,2,17,1,32,2,9,6,1,7,8,1,10,1,12,,100,,1,21,121.5841562,25.0688676
113,10,17,9,40,2,12內湖區,內湖區民權東路6段與瑞光路口,0,0,2,2,C03,8,6,5,50,4,1,1,5,4,5,13,2,1,1,4,5,2,17,2,25,2,9,6,1,7,9,1,10,1,14,,44,,1,21,121.5841562,25.0688676
113,10,17,9,52,2,05中正區,中正區和平西路1段48號,0,0,1,1,B02,8,6,5,50,14,7,1,5,4,5,13,4,4,1,4,4,2,12,1,24,3,10,7,1,7,9,1,8,2,2,,17,,1,21,121.5196002,25.0264785
113,10,17,9,52,2,05中正區,中正區和平西路1段48號,0,0,1,2,C03,8,6,5,50,14,7,1,5,4,5,13,4,4,1,4,4,2,12,1,79,2,9,5,1,7,7,6,10,2,14,,100,,1,21,121.5196002,25.0264785
113,10,17,9,54,2,06松山區,松山區塔悠路與南京東路5段389巷11弄口,0,0,2,1,B03,8,5,5,50,3,2,1,5,4,5,13,4,4,1,3,5,2,12,2,54,3,10,3,4,7,8,1,8,1,2,,80,,1,26,121.5700631,25.05229746
113,10,17,9,54,2,06松山區,松山區塔悠路與南京東路5段389巷11弄口,0,0,2,2,C03,8,5,5,50,3,2,1,5,4,5,13,4,4,1,3,5,2,12,1,37,2,8,5,1,7,9,1,10,1,14,,44,,1,22,121.5700631,25.05229746
113,10,17,9,54,2,06松山區,松山區塔悠路與南京東路5段389巷11弄口,0,0,2,3,C03,8,5,5,50,3,2,1,5,4,5,13,4,4,1,3,5,2,12,2,51,2,9,5,4,7,9,1,10,1,11,,44,,1,22,121.5700631,25.05229746
113,10,17,10,0,2,12內湖區,內湖區金龍隧道內,0,0,1,1,F03,8,6,5,50,6,9,1,5,4,5,13,4,4,1,4,5,2,2,1,63,3,10,4,1,7,9,8,20,11,11,,108,,2,21,121.5863589,25.08512619
113,10,17,10,0,2,12內湖區,內湖區金龍隧道內,0,0,1,2,H01,8,6,5,50,6,9,1,5,4,5,13,4,4,1,4,5,2,2,2,82,2,8,4,5,8,16,8,20,10,16,,67,,1,21,121.5863589,25.08512619
113,10,17,10,5,2,12內湖區,內湖區成功路4段與金龍路口,0,0,1,1,C03,8,6,5,50,4,1,1,5,4,5,13,2,1,1,4,5,2,12,2,18,2,9,6,1,7,9,1,10,1,12,,101,,1,21,121.5952582,25.0840236
113,10,17,10,5,2,12內湖區,內湖區成功路4段與金龍路口,0,0,1,2,B02,8,6,5,50,4,1,1,5,4,5,13,2,1,1,4,5,2,12,1,42,3,10,7,1,7,9,1,2,1,4,,44,,1,21,121.5952582,25.0840236
113,10,17,10,13,2,10文山區,文山區辛亥路5段與興隆路2段244巷口,0,0,1,1,B03,8,6,5,50,4,2,1,5,4,5,13,1,1,1,4,5,2,12,1,62,3,10,7,1,7,7,1,8,2,8,,100,,1,22,121.5542073,25.0001604
113,10,17,10,13,2,10文山區,文山區辛亥路5段與興隆路2段244巷口,0,0,1,2,C03,8,6,5,50,4,2,1,5,4,5,13,1,1,1,4,5,2,12,2,35,2,9,6,1,7,9,1,10,2,12,,44,,1,22,121.5542073,25.0001604
113,10,17,10,20,2,06松山區,松山區南京東路5段23巷7弄與光復北路口,0,0,1,1,C03,8,7,5,30,4,1,1,5,4,5,13,4,4,5,1,5,2,15,1,57,2,9,6,4,7,9,1,10,1,12,,72,,1,21,121.5571661,25.0521796
113,10,17,10,20,2,06松山區,松山區南京東路5段23巷7弄與光復北路口,0,0,1,2,B01,8,7,5,30,4,1,1,5,4,5,13,4,4,5,1,5,2,15,1,62,3,10,7,4,7,9,1,4,1,1,,44,,1,21,121.5571661,25.0521796
113,10,17,10,20,2,06松山區,松山區南京東路5段23巷7弄與光復北路口,0,0,1,3,B03,8,7,5,30,4,1,1,5,4,5,13,4,4,5,1,5,2,15,2,50,3,10,7,4,7,10,1,8,1,4,,44,,1,21,121.5571661,25.0521796
113,10,17,10,40,2,09北投區,北投區大度路3段與承德路7段413巷620弄口,0,0,1,1,C03,8,6,5,50,14,9,1,5,4,5,13,1,1,1,3,5,1,12,1,28,3,10,5,1,7,1,1,10,2,12,,44,,1,21,121.4856227,25.1218402
113,10,17,10,40,2,09北投區,北投區大度路3段與承德路7段413巷620弄口,0,0,1,2,C03,8,6,5,50,14,9,1,5,4,5,13,1,1,1,3,5,1,12,2,64,2,9,5,1,7,7,1,10,2,14,,101,,1,21,121.4856227,25.1218402
113,10,17,11,0,2,04大安區,大安區市民大道3段206號,0,0,1,1,C03,8,7,5,40,14,9,1,5,4,5,13,4,4,8,3,5,1,13,1,27,4,11,3,4,7,21,7,19,11,15,,108,,2,22,121.5397806,25.0445063
113,10,17,11,0,2,04大安區,大安區市民大道3段206號,0,0,1,2,C03,8,7,5,40,14,9,1,5,4,5,13,4,4,8,3,5,1,13,1,36,2,7,5,1,7,15,1,10,1,13,,44,,1,21,121.5397806,25.0445063
113,10,17,11,33,2,11南港區,南港區市民大道8段與南港路2段178巷口,0,0,1,2,C03,8,6,5,50,3,1,1,4,4,5,13,3,1,1,3,5,2,16,2,26,2,9,3,4,7,9,1,10,2,11,,13,,1,21,121.599617,25.0521553
113,10,17,11,33,2,11南港區,南港區市民大道8段與南港路2段178巷口,0,0,1,1,B03,8,6,5,50,3,1,1,4,4,5,13,3,1,1,3,5,2,16,1,38,3,10,3,4,7,5,1,8,2,4,,80,,1,21,121.599617,25.0521553
113,10,17,11,36,2,02萬華區,萬華區西園路2段與東園街口,0,0,3,1,C03,8,6,5,50,4,1,1,5,4,5,13,1,1,1,3,5,1,17,2,69,2,9,3,4,7,9,1,10,2,12,,85,,1,21,121.49519,25.0282005
113,10,17,11,36,2,02萬華區,萬華區西園路2段與東園街口,0,0,3,2,C03,8,6,5,50,4,1,1,5,4,5,13,1,1,1,3,5,1,17,1,42,2,7,3,4,7,1,1,10,9,11,,44,,1,21,121.49519,25.0282005
113,10,17,11,36,2,02萬華區,萬華區西園路2段與東園街口,0,0,3,3,H02,8,6,5,50,4,1,1,5,4,5,13,1,1,1,3,5,1,17,2,69,2,9,3,5,7,20,8,20,10,16,,67,,1,21,121.49519,25.0282005
113,10,17,12,6,2,01大同區,大同區保安街與重慶北路2段口,0,0,2,1,C04,8,6,5,50,5,2,1,5,4,5,13,4,4,5,5,5,2,9,1,48,2,9,5,1,7,9,1,10,2,12,,44,,1,21,121.5133871,25.0592437
113,10,17,12,6,2,01大同區,大同區保安街與重慶北路2段口,0,0,2,2,H01,8,6,5,50,5,2,1,5,4,5,13,4,4,5,5,5,2,9,1,58,2,7,4,5,8,16,8,20,10,16,,53,,1,21,121.5133871,25.0592437
113,10,17,12,14,2,10文山區,文山區忠順街1段26巷與忠順街1段26巷12弄口,0,0,1,1,C03,8,5,5,30,4,1,1,5,4,5,13,4,4,10,5,5,2,15,1,63,2,9,6,1,7,9,1,10,2,11,,72,,1,21,121.5593678,24.9835196