發生年度,發生月,發生日,發生時-Hours,發生分,處理別-編號,區序,肇事地點,死亡人數,2-30日死亡人數,受傷人數,當事人序號,車種,天候,道路照明設備,道路類別,速限-速度限制,道路型態,事故位置,路面狀況1,路面狀況2,路面狀況3,道路障礙1,道路障礙2,號誌1,號誌2,車道劃分-分向,車道劃分-分道1,車道劃分-分道2,車道劃分-分道3,事故類型及型態,性別,年齡,受傷程度,主要傷處,保護裝置,行動電話,車輛用途,當事者行動狀態,駕駛資格情形,駕駛執照種類,飲酒情形,車輛撞擊部位1,車輛撞擊部位2,肇因碼-個別,肇因碼-主要,個人肇逃否,職業,座標-X,座標-Y
113,10,17,12,14,2,10文山區,文山區忠順街1段26巷與忠順街1段26巷12弄口,0,0,1,2,B03,8,5,5,30,4,1,1,5,4,5,13,4,4,10,5,5,2,15,1,35,3,10,7,1,7,9,1,8,2,1,,44,,1,21,121.5593678,24.9835196
113,10,17,12,24,2,01大同區,大同區市民大道1段1006364燈桿,0,0,1,2,C03,8,5,5,40,14,9,1,5,4,5,13,4,4,1,4,1,2,17,2,27,2,9,5,1,7,1,1,10,1,14,,44,,1,22,121.5185973,25.0485456
113,10,17,12,24,2,01大同區,大同區市民大道1段1006364燈桿,0,0,1,3,,8,5,5,40,14,9,1,5,4,5,13,4,4,1,4,1,2,17,3,0,,,,,,,,,,,,67,,1,,121.5185973,25.0485456
113,10,17,12,24,2,01大同區,大同區市民大道1段1006364燈桿,0,0,1,1,A12,8,5,5,40,14,9,1,5,4,5,13,4,4,1,4,1,2,17,1,69,3,10,7,1,7,1,1,7,11,17,,42,,2,22,121.5185973,25.0485456
113,10,17,12,30,2,09北投區,北投區承德路6段328號與無名路口,0,0,1,1,B03,8,5,5,40,3,1,1,5,4,5,13,4,4,3,4,4,2,16,1,21,3,10,7,1,7,6,1,8,2,5,,9,,1,21,121.5120429,25.1060191
113,10,17,12,30,2,09北投區,北投區承德路6段328號與無名路口,0,0,1,2,C03,8,5,5,40,3,1,1,5,4,5,13,4,4,3,4,4,2,16,2,18,2,9,5,1,7,4,1,10,2,11,,108,,1,21,121.5120429,25.1060191
113,10,17,12,40,2,04大安區,大安區安和路2段與安和路2段32巷口,0,0,1,1,,8,7,5,0,4,2,1,5,4,5,13,1,1,9,5,5,1,17,4,0,,,,,,,,,,,,119,,2,,121.5525635,25.031705
113,10,17,12,40,2,04大安區,大安區安和路2段與安和路2段32巷口,0,0,1,2,C03,8,7,5,0,4,2,1,5,4,5,13,1,1,9,5,5,1,17,1,31,2,9,5,1,7,9,1,10,1,17,,44,,1,21,121.5525635,25.031705
113,10,17,12,42,2,01大同區,大同區甘州街與涼州街口,0,0,1,1,B01,8,6,5,50,3,1,1,5,4,5,13,4,4,5,5,5,2,17,1,64,3,10,7,1,7,11,1,4,1,1,,10,,1,22,121.5127308,25.0607636
113,10,17,12,42,2,01大同區,大同區甘州街與涼州街口,0,0,1,2,C03,8,6,5,50,3,1,1,5,4,5,13,4,4,5,5,5,2,17,2,19,2,9,6,1,7,9,1,10,1,14,,44,,1,22,121.5127308,25.0607636
113,10,17,13,2,2,10文山區,文山區北新橋北往南(0708833燈桿),0,0,2,1,C03,8,6,5,50,14,9,1,5,4,5,13,4,4,1,4,5,2,13,2,39,2,9,6,1,7,9,1,10,2,11,,108,,1,22,121.5395307,24.9897997
113,10,17,13,2,2,10文山區,文山區北新橋北往南(0708833燈桿),0,0,2,2,F01,8,6,5,50,14,9,1,5,4,5,13,4,4,1,4,5,2,13,2,75,2,9,4,1,7,9,8,20,2,13,,44,,1,22,121.5395307,24.9897997
113,10,17,13,12,2,01大同區,大同區延平北路2段與延平北路2段60巷口,0,0,1,2,C03,8,5,5,50,4,1,1,5,4,5,13,2,1,5,4,5,2,12,1,41,2,9,5,1,7,1,1,10,1,12,,44,,1,22,121.5116344,25.0553612
113,10,17,13,12,2,01大同區,大同區延平北路2段與延平北路2段60巷口,0,0,1,1,B12,8,5,5,50,4,1,1,5,4,5,13,2,1,5,4,5,2,12,1,62,4,11,3,4,7,21,7,19,11,15,,119,,2,22,121.5116344,25.0553612
113,10,17,13,23,2,06松山區,松山區光復南路1號,0,0,1,1,C03,8,7,5,50,14,9,1,5,4,5,13,4,4,1,4,5,2,17,1,34,3,10,5,1,7,7,1,10,1,14,,101,,1,21,121.5578907,25.047888
113,10,17,13,23,2,06松山區,松山區光復南路1號,0,0,1,2,B01,8,7,5,50,14,9,1,5,4,5,13,4,4,1,4,5,2,17,1,52,3,10,7,1,7,9,1,4,1,5,,44,,1,21,121.5578907,25.047888
113,10,17,13,23,2,06松山區,松山區光復南路1號,0,0,1,3,H02,8,7,5,50,14,9,1,5,4,5,13,4,4,1,4,5,2,17,2,30,2,8,6,5,7,17,8,20,10,16,,67,,1,21,121.5578907,25.047888
113,10,17,13,23,2,06松山區,松山區光復南路1號,0,0,1,4,B11,8,7,5,50,14,9,1,5,4,5,13,4,4,1,4,5,2,17,1,43,3,10,7,1,7,13,1,8,9,17,,38,,1,21,121.5578907,25.047888
113,10,17,13,43,2,12內湖區,內湖區潭美街27號與無名巷口,0,0,1,1,B03,7,6,6,50,3,1,1,5,4,5,13,4,4,5,5,5,2,16,1,59,3,10,3,4,7,6,1,10,2,4,,72,,1,22,121.5760493,25.0529443
113,10,17,13,43,2,12內湖區,內湖區潭美街27號與無名巷口,0,0,1,2,C03,7,6,6,50,3,1,1,5,4,5,13,4,4,5,5,5,2,16,2,51,2,9,6,1,7,9,1,10,2,12,,14,,1,22,121.5760493,25.0529443
113,10,17,14,2,2,01大同區,大同區西寧北路與長安西路口,0,0,1,1,B03,8,6,5,50,5,1,1,5,4,5,13,4,4,5,5,5,2,16,1,56,3,10,7,1,7,5,1,8,1,8,,71,,1,21,121.5085063,25.0520094
113,10,17,14,2,2,01大同區,大同區西寧北路與長安西路口,0,0,1,2,C03,8,6,5,50,5,1,1,5,4,5,13,4,4,5,5,5,2,16,2,29,2,9,6,1,7,9,1,10,1,11,,44,,1,21,121.5085063,25.0520094
113,10,17,14,10,2,07信義區,信義區忠孝東路4段與逸仙路口,0,0,1,1,C03,8,6,5,50,4,2,1,5,4,5,13,2,1,8,3,5,2,17,1,37,2,9,3,4,7,15,1,10,1,11,,116,,1,21,121.5618921,25.0413137
113,10,17,14,10,2,07信義區,信義區忠孝東路4段與逸仙路口,0,0,1,2,C03,8,6,5,50,4,2,1,5,4,5,13,2,1,8,3,5,2,17,1,32,3,10,3,4,7,15,1,10,11,17,,44,,1,21,121.5618921,25.0413137
113,10,17,14,28,2,02萬華區,(民和街74號前),0,0,2,1,C03,8,7,5,30,4,1,1,5,4,5,13,4,4,8,3,5,2,15,2,29,2,9,6,1,7,9,1,10,1,14,,72,,1,21,121.4980277,25.0256605
113,10,17,14,28,2,02萬華區,(民和街74號前),0,0,2,2,C03,8,7,5,30,4,1,1,5,4,5,13,4,4,8,3,5,2,15,1,42,2,6,6,1,7,9,1,10,1,12,,13,,1,21,121.4980277,25.0256605
113,10,17,14,54,2,01大同區,大同區民權西路與延平北路3段口,0,0,1,1,C03,8,5,5,50,4,2,1,5,4,5,13,1,1,10,4,5,2,13,2,29,2,7,5,1,7,9,1,10,1,11,,16,,1,21,121.5110669,25.0630214
113,10,17,14,54,2,01大同區,大同區民權西路與延平北路3段口,0,0,1,2,B03,8,5,5,50,4,2,1,5,4,5,13,1,1,10,4,5,2,13,1,42,3,10,7,1,7,15,1,10,1,3,,14,,1,21,121.5110669,25.0630214
113,10,17,14,58,2,07信義區,信義區松信路與永吉路200巷24弄口,0,0,2,1,B03,8,7,5,50,4,1,1,5,4,5,13,2,1,9,4,5,2,17,1,41,3,10,7,1,7,9,1,8,2,1,,81,,1,21,121.5720532,25.044677
113,10,17,14,58,2,07信義區,信義區松信路與永吉路200巷24弄口,0,0,2,2,F01,8,7,5,50,4,1,1,5,4,5,13,2,1,9,4,5,2,17,2,35,2,9,2,1,7,9,8,20,2,12,,32,,1,21,121.5720532,25.044677
113,10,17,14,58,2,07信義區,信義區松信路與永吉路200巷24弄口,0,0,2,3,H02,8,7,5,50,4,1,1,5,4,5,13,2,1,9,4,5,2,17,2,2,2,9,5,5,7,21,8,20,10,16,,67,,1,21,121.5720532,25.044677
113,10,17,15,9,2,07信義區,信義區永吉路30巷與松隆路口口,0,0,3,1,B01,8,7,5,50,4,1,1,5,4,5,13,1,1,1,4,5,2,17,1,49,2,9,3,4,7,5,1,4,2,1,,71,,1,21,121.56879,25.0445305
113,10,17,15,9,2,07信義區,信義區永吉路30巷與松隆路口口,0,0,3,2,B03,8,7,5,50,4,1,1,5,4,5,13,1,1,1,4,5,2,17,1,46,2,9,3,4,7,9,1,8,2,1,,44,,1,21,121.56879,25.0445305
113,10,17,15,9,2,07信義區,信義區永吉路30巷與松隆路口口,0,0,3,3,H02,8,7,5,50,4,1,1,5,4,5,13,1,1,1,4,5,2,17,2,38,2,1,3,5,7,20,8,20,10,16,,67,,1,21,121.56879,25.0445305
113,10,17,17,8,2,11南港區,南港區研究院路2段與大坑街口,0,0,1,1,B03,8,6,5,50,4,1,1,5,4,5,13,2,1,1,4,5,2,16,1,63,3,10,3,4,7,6,1,6,2,1,,9,,1,21,121.6159753,25.048842
113,10,17,17,8,2,11南港區,南港區研究院路2段與大坑街口,0,0,1,2,F01,8,6,5,50,4,1,1,5,4,5,13,2,1,1,4,5,2,16,1,12,2,8,4,1,7,11,8,20,1,12,,11,,1,14,121.6159753,25.048842
113,10,17,17,16,2,05中正區,中正區襄陽路與南陽街口,0,0,1,1,B03,8,6,5,50,3,1,1,5,4,5,13,4,4,5,4,5,2,16,2,53,3,10,7,1,7,6,1,8,2,5,,9,,1,21,121.5160593,25.0434473
113,10,17,17,16,2,05中正區,中正區襄陽路與南陽街口,0,0,1,2,C03,8,6,5,50,3,1,1,5,4,5,13,4,4,5,4,5,2,16,2,30,2,9,6,1,7,9,1,10,2,14,,44,,1,21,121.5160593,25.0434473
113,10,17,17,42,2,12內湖區,內湖區民權東路6段與成功路2段口,0,0,1,1,F01,7,5,5,50,4,1,1,5,4,5,13,1,1,1,4,5,2,12,1,71,2,9,2,1,7,9,8,20,1,14,,17,,1,21,121.5942315,25.07106827
113,10,17,17,42,2,12內湖區,內湖區民權東路6段與成功路2段口,0,0,1,2,B03,7,5,5,50,4,1,1,5,4,5,13,1,1,1,4,5,2,12,1,61,3,10,7,1,7,9,1,8,1,2,,17,,1,21,121.5942315,25.07106827
113,10,17,17,43,2,03中山區,中山區林森北路與雙城街49巷口,0,0,1,1,C03,8,7,8,50,4,2,1,5,4,5,13,4,4,5,5,5,2,17,2,42,2,9,3,4,7,9,1,10,1,12,,4,,1,21,121.5257385,25.0678911
113,10,17,17,43,2,03中山區,中山區林森北路與雙城街49巷口,0,0,1,2,B02,8,7,8,50,4,2,1,5,4,5,13,4,4,5,5,5,2,17,1,32,3,10,3,4,7,5,1,8,1,4,,44,,1,21,121.5257385,25.0678911
113,10,17,17,50,2,12內湖區,內湖區新明路與新明路219巷口,0,0,1,1,B03,8,5,5,30,3,1,1,5,4,5,13,1,1,10,5,5,2,16,1,19,3,10,7,1,7,5,3,18,2,1,,80,,1,21,121.5882479,25.0580471
113,10,17,17,50,2,12內湖區,內湖區新明路與新明路219巷口,0,0,1,2,F01,8,5,5,30,3,1,1,5,4,5,13,1,1,10,5,5,2,16,1,35,2,9,4,1,7,9,8,20,2,11,,44,,1,21,121.5882479,25.0580471
113,10,17,17,52,2,04大安區,大安區復興南路1段204號前,0,0,2,1,C03,8,5,5,50,14,9,1,5,4,5,13,4,4,8,3,5,1,12,2,66,2,7,5,1,7,10,1,10,1,14,,100,,1,26,121.5436811,25.039395
113,10,17,17,52,2,04大安區,大安區復興南路1段204號前,0,0,2,2,B03,8,5,5,50,14,9,1,5,4,5,13,4,4,8,3,5,1,12,1,40,3,10,7,1,7,9,1,8,1,2,,44,,1,26,121.5436811,25.039395
113,10,17,17,52,2,04大安區,大安區復興南路1段204號前,0,0,2,3,H02,8,5,5,50,14,9,1,5,4,5,13,4,4,8,3,5,1,12,2,40,2,8,5,1,7,21,7,19,1,15,,67,,1,26,121.5436811,25.039395
113,10,17,18,4,2,08士林區,士林區中山北路4段與通河街口,0,0,1,1,C03,8,5,5,50,3,1,1,5,4,5,13,1,1,1,4,5,2,17,1,24,2,7,6,4,7,4,1,10,1,11,,108,,1,21,121.5245073,25.0797639
113,10,17,18,4,2,08士林區,士林區中山北路4段與通河街口,0,0,1,2,B01,8,5,5,50,3,1,1,5,4,5,13,1,1,1,4,5,2,17,1,66,3,10,3,4,7,14,1,4,1,6,,44,,1,21,121.5245073,25.0797639
113,10,17,18,5,2,01大同區,大同區承德路3段與酒泉街口,0,0,1,1,B03,8,5,5,50,4,1,1,5,4,5,13,2,1,1,4,5,2,12,2,36,3,10,3,4,7,9,1,8,1,2,,118,,1,21,121.5185136,25.0703984
113,10,17,18,5,2,01大同區,大同區承德路3段與酒泉街口,0,0,1,2,C03,8,5,5,50,4,1,1,5,4,5,13,2,1,1,4,5,2,12,1,63,2,9,3,4,7,10,1,10,11,14,,100,,2,21,121.5185136,25.0703984
113,10,17,18,8,1,12內湖區,內湖區安康路476號,3,0,2,1,B03,7,5,5,50,14,9,1,5,4,5,13,4,4,4,5,5,1,17,1,15,3,10,7,1,7,15,2,18,2,4,,42,,1,16,121.6157172,25.0678248
113,10,17,18,8,1,12內湖區,內湖區安康路476號,3,0,2,2,B03,7,5,5,50,14,9,1,5,4,5,13,4,4,4,5,5,1,17,1,58,3,10,7,1,7,14,1,8,2,4,,44,,1,21,121.6157172,25.0678248
113,10,17,18,8,1,12內湖區,內湖區安康路476號,3,0,2,3,C03,7,5,5,50,14,9,1,5,4,5,13,4,4,4,5,5,1,17,1,61,1,3,6,1,7,9,1,10,9,11,,44,,1,21,121.6157172,25.0678248
113,10,17,18,8,1,12內湖區,內湖區安康路476號,3,0,2,4,H03,7,5,5,50,14,9,1,5,4,5,13,4,4,4,5,5,1,17,1,59,1,9,4,5,8,20,8,20,10,16,,67,,1,21,121.6157172,25.0678248
113,10,17,18,8,1,12內湖區,內湖區安康路476號,3,0,2,5,H03,7,5,5,50,14,9,1,5,4,5,13,4,4,4,5,5,1,17,2,51,1,9,4,5,8,20,8,20,10,16,,67,,1,21,121.6157172,25.0678248
113,10,17,18,8,1,12內湖區,內湖區安康路476號,3,0,2,6,H03,7,5,5,50,14,9,1,5,4,5,13,4,4,4,5,5,1,17,2,40,2,9,4,5,8,20,8,20,10,16,,67,,1,21,121.6157172,25.0678248
113,10,17,18,8,1,12內湖區,內湖區安康路476號,3,0,2,7,H03,7,5,5,50,14,9,1,5,4,5,13,4,4,4,5,5,1,17,2,41,2,9,4,5,8,20,8,20,10,16,,67,,1,21,121.6157172,25.0678248
113,10,17,18,20,2,04大安區,大安區敦南街與辛亥路3段21巷口,0,0,2,1,C03,8,5,5,30,4,1,1,5,4,5,13,4,4,5,3,5,2,16,1,35,2,7,6,1,7,6,1,10,1,12,,9,,1,21,121.5466315,25.0224186
113,10,17,18,20,2,04大安區,大安區敦南街與辛亥路3段21巷口,0,0,2,2,C03,8,5,5,30,4,1,1,5,4,5,13,4,4,5,3,5,2,16,1,36,3,10,6,1,7,9,1,10,1,14,,44,,1,21,121.5466315,25.0224186
113,10,17,18,20,2,04大安區,大安區敦南街與辛亥路3段21巷口,0,0,2,3,H02,8,5,5,30,4,1,1,5,4,5,13,4,4,5,3,5,2,16,2,35,2,8,6,5,7,21,8,20,10,16,,67,,1,21,121.5466315,25.0224186
113,10,17,18,22,2,04大安區,大安區安居街與安居街9巷口口,0,0,1,1,F01,8,6,5,25,4,1,1,5,4,5,13,4,4,10,5,5,2,15,1,14,3,10,4,1,7,9,8,20,1,14,,27,,1,21,121.5551196,25.02114857
113,10,17,18,22,2,04大安區,大安區安居街與安居街9巷口口,0,0,1,2,C03,8,6,5,25,4,1,1,5,4,5,13,4,4,10,5,5,2,15,2,51,2,9,6,1,7,9,1,10,1,11,,75,,1,21,121.5551196,25.02114857
113,10,17,18,22,2,10文山區,文山區木柵路5段43巷（0706836）燈桿前,0,0,1,1,C03,8,5,5,30,11,9,1,5,3,5,13,4,4,5,5,5,1,18,1,21,2,9,3,4,7,9,1,10,2,17,,13,,1,22,121.5694545,25.00137326
113,10,17,18,22,2,10文山區,文山區木柵路5段43巷（0706836）燈桿前,0,0,1,2,,8,5,5,30,11,9,1,5,3,5,13,4,4,5,5,5,1,18,3,0,,,,,,,,,,,,61,,1,,121.5694545,25.00137326
113,10,17,18,26,2,02萬華區,萬華區西園路1段33號,0,0,1,1,F02,8,5,5,50,14,9,1,5,4,5,13,4,4,9,5,5,2,17,2,65,2,8,4,4,7,5,8,20,1,11,,8,,1,21,121.4999531,25.0408687
113,10,17,18,26,2,02萬華區,萬華區西園路1段33號,0,0,1,2,B03,8,5,5,50,14,9,1,5,4,5,13,4,4,9,5,5,2,17,1,57,3,10,7,4,7,9,1,8,1,1,,108,,1,21,121.4999531,25.0408687
113,10,17,18,37,2,04大安區,大安區富陽街與臥龍街口,0,0,1,1,B12,7,5,5,40,4,19,1,5,4,5,13,1,1,4,3,5,1,1,1,44,3,10,7,1,7,9,1,4,1,1,,108,,1,21,121.5567622,25.018539
113,10,17,18,37,2,04大安區,大安區富陽街與臥龍街口,0,0,1,2,H01,7,5,5,40,4,19,1,5,4,5,13,1,1,4,3,5,1,1,2,70,2,9,4,5,8,16,8,20,10,16,,122,,1,21,121.5567622,25.018539
113,10,17,18,40,2,03中山區,中山區北安路與敬業三路口,0,0,1,1,B03,8,5,5,50,4,1,1,5,4,5,13,2,1,10,5,5,2,16,2,47,3,10,7,1,7,6,1,8,1,5,,9,,1,21,121.5562759,25.08447644
113,10,17,18,40,2,03中山區,中山區北安路與敬業三路口,0,0,1,2,F01,8,5,5,50,4,1,1,5,4,5,13,2,1,10,5,5,2,16,2,25,2,9,4,1,7,9,8,20,1,14,,44,,1,21,121.5562759,25.08447644
113,10,17,18,58,2,05中正區,中正區新生南路1段132巷7號,0,0,1,1,H01,7,5,5,0,14,9,2,5,4,5,10,4,4,10,5,5,2,9,2,46,2,8,4,5,8,16,8,20,10,16,,67,,1,22,121.531955,25.03702215
113,10,17,18,58,2,05中正區,中正區新生南路1段132巷7號,0,0,1,2,B02,7,5,5,0,14,9,2,5,4,5,10,4,4,10,5,5,2,9,1,51,3,10,7,4,7,9,1,8,2,5,,44,,1,22,121.531955,25.03702215
113,10,17,18,58,2,05中正區,中正區新生南路1段132巷7號,0,0,1,3,,7,5,5,0,14,9,2,5,4,5,10,4,4,10,5,5,2,9,3,0,,,,,,,,,,,,66,,1,,121.531955,25.03702215
113,10,17,18,58,2,05中正區,中正區新生南路1段132巷7號,0,0,1,4,B03,7,5,5,0,14,9,2,5,4,5,10,4,4,10,5,5,2,9,1,57,3,10,2,1,7,13,1,8,9,17,,38,,1,22,121.531955,25.03702215
113,10,17,19,15,2,03中山區,中山區八德路2段與市民大道3段口,0,0,1,1,B03,8,5,5,50,4,1,1,5,4,5,13,2,1,5,4,5,2,16,1,45,3,10,7,1,7,6,1,8,1,2,,9,,1,22,121.5346984,25.0450753
113,10,17,19,15,2,03中山區,中山區八德路2段與市民大道3段口,0,0,1,2,C03,8,5,5,50,4,1,1,5,4,5,13,2,1,5,4,5,2,16,1,21,2,8,6,1,7,9,1,10,1,14,,44,,1,22,121.5346984,25.0450753
113,10,17,19,15,2,07信義區,信義區永吉路16號,0,0,3,1,C03,7,5,5,50,14,9,1,5,4,5,13,4,4,1,4,5,2,13,1,52,2,9,3,4,7,9,1,10,1,11,,16,,1,22,121.5685409,25.0456124
113,10,17,19,15,2,07信義區,信義區永吉路16號,0,0,3,2,C03,7,5,5,50,14,9,1,5,4,5,13,4,4,1,4,5,2,13,1,59,2,9,3,4,7,9,1,10,1,13,,44,,1,22,121.5685409,25.0456124
113,10,17,19,15,2,07信義區,信義區永吉路16號,0,0,3,3,H02,7,5,5,50,14,9,1,5,4,5,13,4,4,1,4,5,2,13,2,55,2,9,3,5,7,17,8,20,10,16,,67,,1,22,121.5685409,25.0456124
113,10,17,19,42,2,03中山區,中山區市民大道3段與新生北路1段口,0,0,1,1,C03,8,5,5,40,14,9,1,5,4,5,13,2,1,1,4,5,2,13,1,18,3,10,6,1,7,9,1,10,1,11,,108,,1,22,121.531078,25.0460588
113,10,17,19,42,2,03中山區,中山區市民大道3段與新生北路1段口,0,0,1,2,C03,8,5,5,40,14,9,1,5,4,5,13,2,1,1,4,5,2,13,2,27,2,8,6,1,7,9,1,10,1,13,,44,,1,22,121.531078,25.0460588
113,10,17,20,0,2,03中山區,中山區南京西路3-2號,0,0,1,1,C03,8,5,5,50,14,9,1,5,4,5,13,4,4,3,4,4,2,17,1,28,2,9,5,4,7,10,1,9,1,11,,102,,1,21,121.5216142,25.0526235
113,10,17,20,0,2,03中山區,中山區南京西路3-2號,0,0,1,2,B01,8,5,5,50,14,9,1,5,4,5,13,4,4,3,4,4,2,17,1,53,3,10,3,4,7,7,1,4,1,17,,42,,1,21,121.5216142,25.0526235
113,10,17,20,39,2,11南港區,南港區忠孝東路7段(流行音樂中心對面),0,0,2,1,B03,8,5,5,40,14,8,1,5,4,5,13,4,4,1,4,4,2,12,2,40,3,10,7,1,7,8,1,8,2,2,,108,,1,21,121.5975724,25.0509471
113,10,17,20,39,2,11南港區,南港區忠孝東路7段(流行音樂中心對面),0,0,2,2,C03,8,5,5,40,14,8,1,5,4,5,13,4,4,1,4,4,2,12,2,41,2,8,5,1,7,9,1,10,2,14,,101,,1,21,121.5975724,25.0509471
113,10,17,20,39,2,11南港區,南港區忠孝東路7段(流行音樂中心對面),0,0,2,3,H02,8,5,5,40,14,8,1,5,4,5,13,4,4,1,4,4,2,12,2,16,2,8,5,5,7,20,8,20,10,16,,67,,1,21,121.5975724,25.0509471
113,10,17,21,30,2,12內湖區,內湖區內湖路1段629巷40弄與內湖路1段629巷口,0,0,1,1,C03,8,5,5,50,3,1,1,5,4,5,13,4,4,5,5,5,2,17,1,54,3,10,5,1,7,5,1,10,2,11,,74,,1,21,121.574971,25.08166128
113,10,17,21,30,2,12內湖區,內湖區內湖路1段629巷40弄與內湖路1段629巷口,0,0,1,2,C03,8,5,5,50,3,1,1,5,4,5,13,4,4,5,5,5,2,17,2,25,2,9,5,1,7,9,1,10,2,14,,44,,1,21,121.574971,25.08166128
113,10,17,23,0,2,02萬華區,萬華區西園路1段196號,0,0,1,1,B01,8,7,5,40,14,9,1,5,4,5,13,1,1,9,4,5,2,17,1,66,3,10,7,4,7,1,1,4,1,8,,19,,1,21,121.4993314,25.03613476
113,10,17,23,0,2,02萬華區,萬華區西園路1段196號,0,0,1,2,C03,8,7,5,40,14,9,1,5,4,5,13,1,1,9,4,5,2,17,1,19,2,9,6,4,7,9,1,10,1,12,,107,,1,21,121.4993314,25.03613476
113,10,17,23,31,2,05中正區,中正區基隆路4段與羅斯福路4段口口,0,0,1,1,B03,7,5,5,50,5,1,1,5,4,4,13,1,1,1,4,5,2,12,1,27,3,10,3,4,7,8,1,8,1,2,,100,,1,21,121.5370603,25.0113421
113,10,17,23,31,2,05中正區,中正區基隆路4段與羅斯福路4段口口,0,0,1,2,C03,7,5,5,50,5,1,1,5,4,4,13,1,1,1,4,5,2,12,2,37,2,7,6,1,7,9,1,10,1,14,,44,,1,21,121.5370603,25.0113421
113,10,18,4,21,2,05中正區,中正區羅斯福路4段與基隆路4段口,0,0,2,1,C03,8,5,5,50,5,1,1,5,4,5,13,1,1,1,4,5,2,12,2,18,2,9,5,4,7,9,1,10,1,14,,44,,1,21,121.5370155,25.0114223
113,10,18,4,21,2,05中正區,中正區羅斯福路4段與基隆路4段口,0,0,2,2,C03,8,5,5,50,5,1,1,5,4,5,13,1,1,1,4,5,2,12,1,24,2,9,5,4,7,8,1,10,1,12,,100,,1,21,121.5370155,25.0114223
113,10,18,4,21,2,05中正區,中正區羅斯福路4段與基隆路4段口,0,0,2,3,H02,8,5,5,50,5,1,1,5,4,5,13,1,1,1,4,5,2,12,2,19,4,11,5,5,7,20,8,20,10,16,,67,,1,21,121.5370155,25.0114223
113,10,18,7,20,2,01大同區,大同區台北橋西往東往台北,0,0,1,2,B03,8,6,5,40,14,7,1,5,4,5,13,4,4,4,4,5,2,17,1,34,3,10,7,1,7,14,1,8,1,8,,44,,1,21,121.5093159,25.0632132
113,10,18,7,20,2,01大同區,大同區台北橋西往東往台北,0,0,1,1,,8,6,5,40,14,7,1,5,4,5,13,4,4,4,4,5,2,17,4,0,4,11,3,4,7,21,7,19,11,15,,119,,2,22,121.5093159,25.0632132
113,10,18,7,20,2,01大同區,大同區台北橋西往東往台北,0,0,1,3,H02,8,6,5,40,14,7,1,5,4,5,13,4,4,4,4,5,2,17,2,28,2,4,7,5,7,17,8,20,10,16,,67,,1,21,121.5093159,25.0632132
113,10,18,7,30,2,05中正區,中正區和平西路2段與寧波西街口,0,0,1,1,C04,8,7,5,50,4,1,1,5,4,5,13,1,1,5,5,5,2,16,2,77,2,1,5,1,7,11,3,18,2,14,,10,,1,22,121.5120047,25.0290054
113,10,18,7,30,2,05中正區,中正區和平西路2段與寧波西街口,0,0,1,2,B03,8,7,5,50,4,1,1,5,4,5,13,1,1,5,5,5,2,16,1,40,3,10,7,1,7,9,1,8,2,2,,44,,1,22,121.5120047,25.0290054
113,10,18,7,44,2,01大同區,大同區台北橋機慢車道,0,0,2,1,C03,8,5,5,40,10,11,1,5,4,5,13,4,4,5,4,4,2,12,1,40,2,9,5,1,7,15,1,10,2,14,,17,,1,22,121.5116051,25.062755
113,10,18,7,44,2,01大同區,大同區台北橋機慢車道,0,0,2,2,C03,8,5,5,40,10,11,1,5,4,5,13,4,4,5,4,4,2,12,1,42,2,9,5,1,7,9,1,10,2,12,,44,,1,22,121.5116051,25.062755
113,10,18,7,46,2,08士林區,士林區至善路2段與故宮路口,0,0,1,1,C03,8,5,5,50,4,1,1,5,4,5,13,2,1,1,5,5,1,17,1,68,2,9,5,1,7,9,1,10,1,11,,86,,1,21,121.5465656,25.0980173
113,10,18,7,46,2,08士林區,士林區至善路2段與故宮路口,0,0,1,2,B03,8,5,5,50,4,1,1,5,4,5,13,2,1,1,5,5,1,17,1,38,3,10,7,1,7,6,1,8,1,2,,44,,1,21,121.5465656,25.0980173
113,10,18,7,47,2,08士林區,士林區仰德大道2段與仰德大道2段131巷口,0,0,2,1,C03,8,6,5,40,3,2,1,5,4,5,13,4,4,5,5,5,1,16,1,38,2,9,5,1,7,5,1,10,2,14,,8,,1,21,121.5467015,25.1089427
113,10,18,7,47,2,08士林區,士林區仰德大道2段與仰德大道2段131巷口,0,0,2,2,C03,8,6,5,40,3,2,1,5,4,5,13,4,4,5,5,5,1,16,1,60,2,9,5,1,7,9,1,10,2,11,,13,,1,21,121.5467015,25.1089427
113,10,18,7,48,2,05中正區,中正區中華路2段與中華路2段309巷口口,0,0,1,1,C04,7,6,5,40,3,2,1,4,4,5,13,4,4,5,5,4,1,17,2,46,2,8,6,1,7,7,1,11,2,13,,100,,1,21,121.5052152,25.0288037
113,10,18,7,48,2,05中正區,中正區中華路2段與中華路2段309巷口口,0,0,1,2,B03,7,6,5,40,3,2,1,4,4,5,13,4,4,5,5,4,1,17,1,48,3,10,7,1,7,9,1,4,2,5,,44,,1,21,121.5052152,25.0288037