發生年度,發生月,發生日,發生時-Hours,發生分,處理別-編號,區序,肇事地點,死亡人數,2-30日死亡人數,受傷人數,當事人序號,車種,天候,道路照明設備,道路類別,速限-速度限制,道路型態,事故位置,路面狀況1,路面狀況2,路面狀況3,道路障礙1,道路障礙2,號誌1,號誌2,車道劃分-分向,車道劃分-分道1,車道劃分-分道2,車道劃分-分道3,事故類型及型態,性別,年齡,受傷程度,主要傷處,保護裝置,行動電話,車輛用途,當事者行動狀態,駕駛資格情形,駕駛執照種類,飲酒情形,車輛撞擊部位1,車輛撞擊部位2,肇因碼-個別,肇因碼-主要,個人肇逃否,職業,座標-X,座標-Y
113,10,18,7,54,2,12內湖區,內湖區康寧路3段與民權東路6段口,0,0,1,1,C04,8,6,5,40,4,1,1,5,4,5,13,2,1,1,4,4,2,17,1,78,2,9,5,1,7,5,1,8,2,14,,8,,1,21,121.6057219,25.0733107
113,10,18,7,54,2,12內湖區,內湖區康寧路3段與民權東路6段口,0,0,1,2,B03,8,6,5,40,4,1,1,5,4,5,13,2,1,1,4,4,2,17,2,37,3,10,7,1,7,9,1,8,2,5,,44,,1,21,121.6057219,25.0733107
113,10,18,8,22,2,02萬華區,萬華區和平西路3段235號,0,0,1,1,B01,7,6,5,50,14,9,1,5,4,5,13,4,4,1,4,5,2,17,1,71,3,10,7,1,7,14,3,18,1,2,,38,,1,21,121.4960068,25.0354682
113,10,18,8,22,2,02萬華區,萬華區和平西路3段235號,0,0,1,3,H02,7,6,5,50,14,9,1,5,4,5,13,4,4,1,4,5,2,17,2,36,3,10,7,5,7,19,8,20,10,16,,56,,1,21,121.4960068,25.0354682
113,10,18,8,22,2,02萬華區,萬華區和平西路3段235號,0,0,1,2,F01,7,6,5,50,14,9,1,5,4,5,13,4,4,1,4,5,2,17,1,48,2,9,4,1,7,9,8,20,1,11,,44,,1,21,121.4960068,25.0354682
113,10,18,8,31,2,07信義區,信義區忠孝東路5段275巷與虎林街120巷口,0,0,2,1,C03,8,7,5,30,4,1,1,5,4,5,13,4,4,10,5,5,2,15,1,38,2,9,6,4,7,9,1,10,1,12,,72,,1,21,121.5713783,25.0422492
113,10,18,8,31,2,07信義區,信義區忠孝東路5段275巷與虎林街120巷口,0,0,2,2,C03,8,7,5,30,4,1,1,5,4,5,13,4,4,10,5,5,2,15,1,42,2,9,6,4,7,9,1,10,1,11,,13,,1,21,121.5713783,25.0422492
113,10,18,8,40,2,03中山區,中山區中山北路4段西往東、圓山飯店下,0,0,1,1,C03,8,7,5,50,14,9,1,5,4,5,13,1,1,1,4,5,2,13,2,24,3,10,6,4,7,9,1,10,1,11,,108,,1,21,121.5263016,25.07491475
113,10,18,8,40,2,03中山區,中山區中山北路4段西往東、圓山飯店下,0,0,1,2,C03,8,7,5,50,14,9,1,5,4,5,13,1,1,1,4,5,2,13,1,26,2,5,6,4,7,12,1,10,1,13,,44,,1,21,121.5263016,25.07491475
113,10,18,8,48,2,01大同區,大同區鄭州路與塔城街口,0,0,1,1,C03,8,6,5,40,5,1,1,5,4,5,13,2,1,1,4,5,2,17,2,21,2,9,6,1,7,9,1,10,1,11,,108,,1,21,121.5107153,25.0502418
113,10,18,8,48,2,01大同區,大同區鄭州路與塔城街口,0,0,1,2,B01,8,6,5,40,5,1,1,5,4,5,13,2,1,1,4,5,2,17,1,69,3,10,7,1,7,9,1,4,1,2,,44,,1,21,121.5107153,25.0502418
113,10,18,8,48,2,01大同區,大同區鄭州路與塔城街口,0,0,1,3,B12,8,6,5,40,5,1,1,5,4,5,13,2,1,1,4,5,2,17,1,46,3,10,7,1,7,14,1,8,1,7,,44,,1,21,121.5107153,25.0502418
113,10,18,8,52,2,04大安區,大安區安居街與安居街46巷口,0,0,1,1,B03,8,6,5,30,4,1,1,5,4,5,13,4,4,9,5,5,1,16,1,53,3,10,3,4,7,5,1,8,1,8,,72,,1,21,121.5543749,25.0201982
113,10,18,8,52,2,04大安區,大安區安居街與安居街46巷口,0,0,1,2,C03,8,6,5,30,4,1,1,5,4,5,13,4,4,9,5,5,1,16,1,47,2,9,6,4,7,9,1,10,1,11,,44,,1,21,121.5543749,25.0201982
113,10,18,9,4,2,09北投區,北投區立功街與立德路口,0,0,2,1,C03,8,6,6,50,4,1,1,5,4,5,13,1,1,10,5,5,2,17,1,31,2,9,5,1,7,5,1,10,1,11,,8,,1,21,121.4716009,25.1254135
113,10,18,9,4,2,09北投區,北投區立功街與立德路口,0,0,2,2,C03,8,6,6,50,4,1,1,5,4,5,13,1,1,10,5,5,2,17,1,30,2,7,5,1,7,9,1,10,1,11,,44,,1,21,121.4716009,25.1254135
113,10,18,9,8,2,08士林區,士林區天母北路與天母西路口,0,0,1,1,B02,7,6,5,50,4,2,1,5,4,5,13,1,1,9,4,5,1,13,2,38,3,10,3,4,7,9,1,8,2,1,,19,,1,21,121.5260474,25.1184408
113,10,18,9,8,2,08士林區,士林區天母北路與天母西路口,0,0,1,2,C03,7,6,5,50,4,2,1,5,4,5,13,1,1,9,4,5,1,13,2,63,2,9,3,4,7,9,1,10,2,13,,44,,1,21,121.5260474,25.1184408
113,10,18,9,9,2,04大安區,大安區敦化南路1段與仁愛路4段112巷13弄口,0,0,2,1,B03,8,6,5,50,3,2,1,5,4,5,13,4,4,1,4,5,2,17,2,27,3,10,7,1,7,6,1,8,1,5,,9,,1,21,121.549108,25.0363243
113,10,18,9,9,2,04大安區,大安區敦化南路1段與仁愛路4段112巷13弄口,0,0,2,2,C03,8,6,5,50,3,2,1,5,4,5,13,4,4,1,4,5,2,17,2,29,2,9,5,1,7,9,1,10,1,14,,108,,1,21,121.549108,25.0363243
113,10,18,9,9,2,04大安區,大安區敦化南路1段與仁愛路4段112巷13弄口,0,0,2,3,H02,8,6,5,50,3,2,1,5,4,5,13,4,4,1,4,5,2,17,2,33,2,9,6,5,7,20,8,20,10,16,,67,,1,21,121.549108,25.0363243
113,10,18,9,25,2,03中山區,中山區民權東路2段128號,0,0,1,1,C03,8,7,5,50,14,9,1,5,4,5,13,4,4,1,4,5,2,16,2,38,2,9,5,1,7,7,1,10,1,14,,101,,1,21,121.532789,25.0624172
113,10,18,9,25,2,03中山區,中山區民權東路2段128號,0,0,1,2,B03,8,7,5,50,14,9,1,5,4,5,13,4,4,1,4,5,2,16,1,50,3,10,7,1,7,9,1,8,1,5,,44,,1,21,121.532789,25.0624172
113,10,18,9,25,2,10文山區,文山區辛亥路7段與光輝路50巷口,0,0,1,1,B03,8,7,5,50,3,1,1,5,4,5,13,2,1,5,5,4,2,17,1,34,3,10,7,1,7,5,1,8,1,17,,71,,1,21,121.5542252,24.9848703
113,10,18,9,25,2,10文山區,文山區辛亥路7段與光輝路50巷口,0,0,1,2,C03,8,7,5,50,3,1,1,5,4,5,13,2,1,5,5,4,2,17,1,22,2,9,6,1,7,9,1,10,1,17,,44,,1,21,121.5542252,24.9848703
113,10,18,9,53,2,09北投區,北投區立德路157號前,0,0,1,1,B02,8,6,5,50,14,9,1,5,4,5,13,4,4,5,4,5,2,17,1,51,3,10,7,1,7,11,1,4,1,4,,10,,1,21,121.4727957,25.1284689
113,10,18,9,53,2,09北投區,北投區立德路157號前,0,0,1,2,C03,8,6,5,50,14,9,1,5,4,5,13,4,4,5,4,5,2,17,1,27,2,7,5,1,7,9,1,10,1,11,,44,,1,21,121.4727957,25.1284689
113,10,18,10,32,2,05中正區,中正區愛國東路與寧波東街口,0,0,1,1,B03,8,6,5,50,3,1,1,5,4,5,13,1,1,1,4,4,2,12,1,67,3,10,7,1,7,9,1,8,2,2,,44,,1,21,121.5203625,25.0332693
113,10,18,10,32,2,05中正區,中正區愛國東路與寧波東街口,0,0,1,2,C03,8,6,5,50,3,1,1,5,4,5,13,1,1,1,4,4,2,12,2,75,2,9,5,1,7,7,1,10,2,14,,100,,1,21,121.5203625,25.0332693
113,10,18,10,59,2,05中正區,(開封街1段108號前),0,0,1,1,C01,8,5,5,30,3,1,1,5,4,5,13,4,4,10,5,5,2,1,1,40,3,10,5,1,7,5,1,9,2,11,,70,,1,21,121.5100274,25.04594155
113,10,18,10,59,2,05中正區,(開封街1段108號前),0,0,1,2,H01,8,5,5,30,3,1,1,5,4,5,13,4,4,10,5,5,2,1,1,44,2,7,4,5,8,16,8,20,2,16,,67,,1,22,121.5100274,25.04594155
113,10,18,11,15,2,08士林區,士林區承德路5段與士商路口,0,0,1,1,B03,8,5,5,40,4,1,1,5,4,5,13,2,1,1,4,1,2,17,1,37,3,10,7,1,7,6,1,8,1,2,,9,,1,21,121.5141117,25.09609041
113,10,18,11,15,2,08士林區,士林區承德路5段與士商路口,0,0,1,2,C03,8,5,5,40,4,1,1,5,4,5,13,2,1,1,4,1,2,17,1,19,2,9,6,1,7,9,1,10,1,11,,13,,1,21,121.5141117,25.09609041
113,10,18,11,20,2,06松山區,松山區塔悠路與南京東路5段口,0,0,1,1,C03,7,6,5,50,3,2,1,5,4,5,13,2,1,1,3,5,2,17,1,25,2,9,6,1,7,9,1,10,2,12,,99,,1,22,121.5702824,25.0515518
113,10,18,11,20,2,06松山區,松山區塔悠路與南京東路5段口,0,0,1,2,B03,7,6,5,50,3,2,1,5,4,5,13,2,1,1,3,5,2,17,1,73,3,10,7,1,7,5,1,8,2,4,,103,,1,22,121.5702824,25.0515518
113,10,18,11,43,2,02萬華區,萬華區康定路與內江街口,0,0,1,1,C03,8,6,5,50,4,1,1,5,4,5,13,2,1,5,4,5,2,17,1,29,3,10,6,1,7,6,1,10,9,12,,9,,1,21,121.5022189,25.0416645
113,10,18,11,43,2,02萬華區,萬華區康定路與內江街口,0,0,1,2,F01,8,6,5,50,4,1,1,5,4,5,13,2,1,5,4,5,2,17,1,35,2,9,4,1,7,9,8,20,1,11,,44,,1,21,121.5022189,25.0416645
113,10,18,11,46,2,08士林區,士林區至善路2段1-1號,0,0,1,1,C03,8,6,5,50,14,9,1,5,4,5,13,4,4,1,4,4,2,12,1,20,2,8,6,1,7,7,1,10,1,14,,100,,1,21,121.5429738,25.09733192
113,10,18,11,46,2,08士林區,士林區至善路2段1-1號,0,0,1,2,B01,8,6,5,50,14,9,1,5,4,5,13,4,4,1,4,4,2,12,1,55,3,10,7,1,7,9,1,4,1,5,,44,,1,21,121.5429738,25.09733192
113,10,18,12,3,2,12內湖區,內湖區環山路1段與環山路1段9巷口,0,0,1,1,B02,8,7,5,50,3,1,1,5,4,5,13,4,4,5,4,5,2,16,1,24,3,10,7,1,7,5,1,8,2,7,,8,,1,21,121.5655321,25.0830105
113,10,18,12,3,2,12內湖區,內湖區環山路1段與環山路1段9巷口,0,0,1,2,C03,8,7,5,50,3,1,1,5,4,5,13,4,4,5,4,5,2,16,2,26,2,9,6,1,7,9,1,10,2,11,,44,,1,21,121.5655321,25.0830105
113,10,18,12,16,2,05中正區,中正區和平西路2段與南海路口,0,0,1,1,C03,8,6,5,30,4,1,1,5,4,5,13,1,1,10,4,5,2,16,1,18,3,10,5,1,7,6,1,10,1,12,,9,,1,21,121.5093047,25.0305907
113,10,18,12,16,2,05中正區,中正區和平西路2段與南海路口,0,0,1,2,C03,8,6,5,30,4,1,1,5,4,5,13,1,1,10,4,5,2,16,2,38,2,9,5,1,7,9,1,10,1,14,,44,,1,21,121.5093047,25.0305907
113,10,18,12,20,2,09北投區,北投區復興二路與開明街口,0,0,1,1,C03,8,6,5,30,4,1,1,5,4,5,13,4,4,9,5,5,2,15,1,21,2,9,5,1,7,9,1,10,1,11,,72,,1,21,121.5021525,25.1413782
113,10,18,12,20,2,09北投區,北投區復興二路與開明街口,0,0,1,2,B03,8,6,5,30,4,1,1,5,4,5,13,4,4,9,5,5,2,15,2,41,3,10,7,1,7,9,3,18,1,4,,44,,1,21,121.5021525,25.1413782
113,10,18,12,43,2,02萬華區,萬華區昆明街與永福街口,0,0,2,1,C03,8,6,5,50,14,9,1,5,4,5,13,4,4,1,4,5,2,17,1,29,2,7,6,1,7,15,1,10,1,14,,100,,1,21,121.5038929,25.0383482
113,10,18,12,43,2,02萬華區,萬華區昆明街與永福街口,0,0,2,2,C03,8,6,5,50,14,9,1,5,4,5,13,4,4,1,4,5,2,17,1,25,2,9,6,1,7,9,1,10,1,11,,44,,1,21,121.5038929,25.0383482
113,10,18,13,20,2,08士林區,士林區忠義街與忠義街78巷口,0,0,2,1,F01,8,6,5,40,4,1,1,5,4,5,13,4,4,5,5,5,1,17,1,85,2,9,4,4,7,5,8,20,1,14,,8,,1,21,121.5316684,25.1059841
113,10,18,13,20,2,08士林區,士林區忠義街與忠義街78巷口,0,0,2,2,C03,8,6,5,40,4,1,1,5,4,5,13,4,4,5,5,5,1,17,2,49,2,8,3,4,7,9,1,10,1,11,,44,,1,21,121.5316684,25.1059841
113,10,18,13,23,2,07信義區,信義區忠孝東路5段275巷與虎林街120巷口,0,0,1,1,C03,8,5,5,30,4,2,1,5,4,5,13,4,4,10,5,5,2,17,1,30,2,9,5,1,7,9,1,10,1,11,,72,,1,22,121.5713871,25.042271
113,10,18,13,23,2,07信義區,信義區忠孝東路5段275巷與虎林街120巷口,0,0,1,2,C03,8,5,5,30,4,2,1,5,4,5,13,4,4,10,5,5,2,17,1,56,3,10,5,1,7,9,1,10,1,12,,14,,1,22,121.5713871,25.042271
113,10,18,13,36,2,06松山區,松山區光復北路與民權東路4段口,0,0,3,1,C03,8,6,5,50,4,1,1,5,4,5,13,1,1,1,4,4,2,13,1,26,2,9,6,1,7,9,1,10,1,11,,108,,1,22,121.5545145,25.0618156
113,10,18,13,36,2,06松山區,松山區光復北路與民權東路4段口,0,0,3,2,C03,8,6,5,50,4,1,1,5,4,5,13,1,1,1,4,4,2,13,2,24,2,9,6,1,7,12,1,10,1,13,,5,,1,22,121.5545145,25.0618156
113,10,18,13,36,2,06松山區,松山區光復北路與民權東路4段口,0,0,3,3,H02,8,6,5,50,4,1,1,5,4,5,13,1,1,1,4,4,2,13,2,20,2,9,6,5,7,21,8,20,10,16,,60,,1,22,121.5545145,25.0618156
113,10,18,14,8,2,11南港區,南港區惠民街67號,0,0,1,1,B01,8,6,5,30,14,9,1,5,4,4,13,4,4,5,5,5,2,16,1,61,3,10,3,4,7,7,1,4,1,8,,101,,1,21,121.6100654,25.0573496
113,10,18,14,8,2,11南港區,南港區惠民街67號,0,0,1,2,C03,8,6,5,30,14,9,1,5,4,4,13,4,4,5,5,5,2,16,2,27,2,8,6,1,7,9,1,10,1,11,,13,,1,21,121.6100654,25.0573496
113,10,18,15,4,2,01大同區,大同區環河北路2段127號,0,0,1,1,B03,7,6,5,50,14,9,1,5,4,5,13,4,4,8,3,5,1,17,1,53,3,10,3,4,7,9,1,8,2,17,,30,,1,21,121.5089836,25.066969
113,10,18,15,4,2,01大同區,大同區環河北路2段127號,0,0,1,2,C03,7,6,5,50,14,9,1,5,4,5,13,4,4,8,3,5,1,17,1,22,2,9,6,4,7,9,1,10,2,11,,44,,1,21,121.5089836,25.066969
113,10,18,15,39,2,05中正區,中正區師大路與水源路口,0,0,1,1,B03,8,6,5,50,5,2,1,5,4,5,13,1,1,1,4,5,2,12,1,65,3,10,7,1,7,9,1,8,1,4,,101,,1,21,121.5227155,25.0204749
113,10,18,15,39,2,05中正區,中正區師大路與水源路口,0,0,1,2,C03,8,6,5,50,5,2,1,5,4,5,13,1,1,1,4,5,2,12,1,19,2,9,5,1,7,15,1,10,1,12,,101,,1,21,121.5227155,25.0204749
113,10,18,15,58,2,01大同區,大同區重慶北路3段與民權西路口,0,0,1,1,B03,8,6,5,50,5,1,1,5,4,5,13,2,1,1,4,5,2,13,1,68,3,10,7,1,7,9,1,8,1,1,,108,,1,21,121.5138509,25.0630782
113,10,18,15,58,2,01大同區,大同區重慶北路3段與民權西路口,0,0,1,2,C02,8,6,5,50,5,1,1,5,4,5,13,2,1,1,4,5,2,13,1,46,2,9,6,1,7,14,1,9,1,13,,44,,1,21,121.5138509,25.0630782
113,10,18,16,5,2,11南港區,南港區中坡北路與玉成街52巷口口,0,0,1,1,C03,8,6,5,30,4,1,1,5,4,5,13,2,1,3,5,5,2,16,2,33,2,9,6,1,7,5,1,10,1,14,,118,,1,21,121.5805242,25.0476585
113,10,18,16,5,2,11南港區,南港區中坡北路與玉成街52巷口口,0,0,1,2,C03,8,6,5,30,4,1,1,5,4,5,13,2,1,3,5,5,2,16,1,37,3,10,6,1,7,9,1,10,1,13,,118,,1,21,121.5805242,25.0476585
113,10,18,16,5,2,11南港區,南港區中坡北路與玉成街52巷口口,0,0,1,3,H02,8,6,5,30,4,1,1,5,4,5,13,2,1,3,5,5,2,16,1,8,3,10,6,5,7,20,8,20,10,16,,67,,1,14,121.5805242,25.0476585
113,10,18,16,5,2,11南港區,南港區中坡北路與玉成街52巷口口,0,0,1,4,H02,8,6,5,30,4,1,1,5,4,5,13,2,1,3,5,5,2,16,1,4,3,10,6,5,7,20,8,20,10,16,,67,,1,24,121.5805242,25.0476585
113,10,18,16,54,2,08士林區,士林區中正路士林捷運站西往東,0,0,1,1,A02,8,6,5,50,14,9,1,5,4,5,13,4,4,3,4,5,2,9,2,41,3,10,7,1,7,3,1,2,9,15,,18,,1,21,121.5257637,25.09522076
113,10,18,16,54,2,08士林區,士林區中正路士林捷運站西往東,0,0,1,2,H02,8,6,5,50,14,9,1,5,4,5,13,4,4,3,4,5,2,9,1,72,2,9,4,5,8,20,8,20,10,16,,67,,1,21,121.5257637,25.09522076
113,10,18,17,5,2,03中山區,中山區濱江街357號與濱江街口,0,0,1,1,B03,8,7,5,50,4,2,1,5,4,5,13,2,1,1,4,4,2,17,1,35,3,10,3,4,7,6,1,2,2,8,,9,,1,21,121.5509399,25.07235971
113,10,18,17,5,2,03中山區,中山區濱江街357號與濱江街口,0,0,1,2,C03,8,7,5,50,4,2,1,5,4,5,13,2,1,1,4,4,2,17,1,22,2,9,6,4,7,5,1,10,2,12,,8,,1,21,121.5509399,25.07235971
113,10,18,17,13,2,07信義區,信義區崇德街與富陽街口,0,0,1,1,B01,8,5,5,50,4,1,1,5,4,5,13,4,4,9,5,5,1,15,1,39,3,10,3,4,7,9,1,3,1,1,,72,,1,22,121.5562337,25.0238186
113,10,18,17,13,2,07信義區,信義區崇德街與富陽街口,0,0,1,2,C03,8,5,5,50,4,1,1,5,4,5,13,4,4,9,5,5,1,15,2,62,2,8,3,4,7,9,1,10,1,12,,44,,1,22,121.5562337,25.0238186
113,10,18,17,16,2,10文山區,文山區興隆路2段244巷與興隆路2段口,0,0,1,1,C03,8,6,5,50,3,2,1,5,4,5,13,4,4,5,5,5,2,16,2,18,2,9,5,1,7,5,1,10,1,12,,72,,1,21,121.5537509,25.0011899
113,10,18,17,16,2,10文山區,文山區興隆路2段244巷與興隆路2段口,0,0,1,2,B12,8,6,5,50,3,2,1,5,4,5,13,4,4,5,5,5,2,16,1,50,3,10,7,1,7,9,1,8,1,4,,44,,1,21,121.5537509,25.0011899
113,10,18,17,26,2,08士林區,士林區大北路與大西路口,0,0,3,1,C03,8,5,5,30,4,2,1,5,4,5,13,4,4,10,5,5,2,16,1,72,2,9,5,1,7,9,1,10,1,12,,75,,1,21,121.5243276,25.09034004
113,10,18,17,26,2,08士林區,士林區大北路與大西路口,0,0,3,2,C03,8,5,5,30,4,2,1,5,4,5,13,4,4,10,5,5,2,16,1,28,2,9,5,1,7,9,1,10,1,14,,14,,1,21,121.5243276,25.09034004
113,10,18,17,26,2,08士林區,士林區大北路與大西路口,0,0,3,3,H02,8,5,5,30,4,2,1,5,4,5,13,4,4,10,5,5,2,16,2,27,2,9,5,5,7,21,8,20,10,16,,67,,1,21,121.5243276,25.09034004
113,10,18,17,42,2,04大安區,大安區辛亥路2段與復興南路2段口前,0,0,1,1,F01,8,5,5,50,4,2,2,5,4,5,13,1,1,10,5,5,2,9,2,21,3,10,4,1,7,9,8,20,9,11,,107,,1,25,121.5432071,25.0209451
113,10,18,17,42,2,04大安區,大安區辛亥路2段與復興南路2段口前,0,0,1,2,H01,8,5,5,50,4,2,2,5,4,5,13,1,1,10,5,5,2,9,1,24,2,9,4,5,8,18,8,20,10,16,,67,,1,25,121.5432071,25.0209451
113,10,18,17,45,2,07信義區,信義區市民大道6段西往東未過松山路,0,0,1,1,B03,7,5,5,50,14,9,1,5,4,5,13,4,4,9,3,5,2,13,1,58,3,10,3,4,7,9,1,4,1,1,,118,,1,21,121.5774374,25.0489041
113,10,18,17,45,2,07信義區,信義區市民大道6段西往東未過松山路,0,0,1,2,C03,7,5,5,50,14,9,1,5,4,5,13,4,4,9,3,5,2,13,1,68,2,9,3,4,7,9,1,10,1,11,,44,,1,21,121.5774374,25.0489041
113,10,18,17,49,2,03中山區,中山區建國北路3段93巷5弄5號停車格,0,0,1,1,B03,8,5,5,50,14,9,1,5,4,5,13,4,4,9,4,5,2,12,1,41,2,7,3,1,7,14,1,8,1,4,,40,,1,21,121.5366378,25.06640431
113,10,18,17,49,2,03中山區,中山區建國北路3段93巷5弄5號停車格,0,0,1,2,B03,8,5,5,50,14,9,1,5,4,5,13,4,4,9,4,5,2,12,2,63,3,10,7,1,7,9,1,8,1,2,,108,,1,21,121.5366378,25.06640431
113,10,18,18,16,2,10文山區,文山區木柵路1段與辛亥路6段口口,0,0,1,1,B03,8,5,5,50,4,1,1,5,4,5,13,2,1,5,4,5,2,16,2,53,3,10,7,1,7,6,1,8,1,2,,9,,1,21,121.5524428,24.9878929
113,10,18,18,16,2,10文山區,文山區木柵路1段與辛亥路6段口口,0,0,1,2,C03,8,5,5,50,4,1,1,5,4,5,13,2,1,5,4,5,2,16,1,57,2,9,5,1,7,9,1,10,1,14,,44,,1,21,121.5524428,24.9878929
113,10,18,18,21,2,08士林區,士林區福國路15巷與雙溪街口,0,0,1,1,B03,8,5,5,40,3,2,1,5,4,5,13,4,4,10,4,5,1,17,1,67,3,10,7,1,7,9,1,8,2,4,,44,,1,21,121.5247657,25.1005172
113,10,18,18,21,2,08士林區,士林區福國路15巷與雙溪街口,0,0,1,2,C03,8,5,5,40,3,2,1,5,4,5,13,4,4,10,4,5,1,17,2,38,2,9,6,1,7,5,1,10,2,12,,72,,1,21,121.5247657,25.1005172
113,10,18,18,35,2,05中正區,中正區八德路1段1號(華山1914停車場出入口),0,0,1,1,B03,7,5,8,50,22,23,1,5,4,5,8,4,4,10,5,5,2,15,1,63,3,10,2,1,7,1,1,8,9,1,,19,,1,22,121.5289613,25.04348355
113,10,18,18,35,2,05中正區,中正區八德路1段1號(華山1914停車場出入口),0,0,1,2,F01,7,5,8,50,22,23,1,5,4,5,8,4,4,10,5,5,2,15,1,17,2,9,4,1,7,9,8,20,1,12,,44,,1,16,121.5289613,25.04348355
113,10,18,18,36,2,03中山區,中山區大直街與北安路458巷41弄口,0,0,1,1,B03,7,5,5,50,4,1,1,5,4,5,13,1,1,5,4,5,2,17,1,69,3,10,7,1,7,5,1,8,2,8,,8,,1,21,121.5470622,25.07986244
113,10,18,18,36,2,03中山區,中山區大直街與北安路458巷41弄口,0,0,1,2,C03,7,5,5,50,4,1,1,5,4,5,13,1,1,5,4,5,2,17,1,40,2,9,5,1,7,9,1,10,2,14,,108,,1,21,121.5470622,25.07986244
113,10,18,18,38,2,11南港區,南港區忠孝東路7段99號,0,0,1,1,C02,8,5,5,50,14,7,1,5,4,5,13,4,4,3,4,4,2,13,1,60,2,8,6,1,7,9,6,9,1,11,,118,,1,22,121.5997905,25.051302
113,10,18,18,38,2,11南港區,南港區忠孝東路7段99號,0,0,1,2,B03,8,5,5,50,14,7,1,5,4,5,13,4,4,3,4,4,2,13,1,36,3,10,3,4,7,11,1,8,1,3,,44,,1,22,121.5997905,25.051302
113,10,18,18,45,2,04大安區,大安區和平東路2段與新生南路3段口口,0,0,2,1,C03,8,5,5,50,4,1,1,5,4,5,13,1,1,1,1,4,1,15,1,38,2,8,6,1,7,6,1,10,1,11,,9,,1,21,121.5350171,25.02590493
113,10,18,18,45,2,04大安區,大安區和平東路2段與新生南路3段口口,0,0,2,2,F01,8,5,5,50,4,1,1,5,4,5,13,1,1,1,1,4,1,15,1,17,2,9,4,1,7,9,8,20,1,11,,44,,1,21,121.5350171,25.02590493
113,10,18,19,0,2,03中山區,中山區中山橋往北,0,0,1,1,C03,8,5,5,50,8,11,1,5,4,5,13,4,4,2,4,4,2,13,2,30,2,9,6,1,7,9,1,10,1,11,,108,,1,22,121.5244111,25.0739761
113,10,18,19,0,2,03中山區,中山區中山橋往北,0,0,1,2,C03,8,5,5,50,8,11,1,5,4,5,13,4,4,2,4,4,2,13,1,43,3,10,6,1,7,9,1,10,1,13,,44,,1,22,121.5244111,25.0739761
113,10,18,19,0,2,03中山區,中山區中山橋往北,0,0,1,3,C03,8,5,5,50,8,11,1,5,4,5,13,4,4,2,4,4,2,13,1,43,3,10,6,1,7,9,1,10,1,12,,44,,1,22,121.5244111,25.0739761
113,10,18,19,0,2,03中山區,中山區中山橋往北,0,0,1,4,C03,8,5,5,50,8,11,1,5,4,5,13,4,4,2,4,4,2,13,1,21,3,10,5,1,7,14,1,10,1,17,,30,,1,22,121.5244111,25.0739761
113,10,18,19,15,2,06松山區,松山區市民大道4段第0201360號燈桿,0,0,3,1,C03,7,5,5,40,14,9,1,5,4,5,13,4,4,9,4,5,2,13,1,24,2,9,6,1,7,9,1,10,1,11,,16,,1,22,121.5565543,25.04499261
113,10,18,19,15,2,06松山區,松山區市民大道4段第0201360號燈桿,0,0,3,2,C03,7,5,5,40,14,9,1,5,4,5,13,4,4,9,4,5,2,13,2,41,2,8,6,1,7,9,1,10,1,13,,44,,1,22,121.5565543,25.04499261
113,10,18,19,15,2,06松山區,松山區市民大道4段第0201360號燈桿,0,0,3,3,C03,7,5,5,40,14,9,1,5,4,5,13,4,4,9,4,5,2,13,2,49,3,10,6,1,7,9,1,10,1,17,,14,,1,22,121.5565543,25.04499261
113,10,18,19,15,2,06松山區,松山區市民大道4段第0201360號燈桿,0,0,3,4,H02,7,5,5,40,14,9,1,5,4,5,13,4,4,9,4,5,2,13,2,23,2,9,6,5,7,20,8,20,10,16,,67,,1,22,121.5565543,25.04499261
113,10,18,19,36,2,04大安區,大安區復興南路2段116號,0,0,2,1,C03,7,6,5,50,14,9,1,5,4,5,13,2,1,1,3,5,2,13,2,29,2,8,6,1,7,9,1,10,1,12,,16,,1,21,121.5434213,25.0293577
113,10,18,19,36,2,04大安區,大安區復興南路2段116號,0,0,2,2,C03,7,6,5,50,14,9,1,5,4,5,13,2,1,1,3,5,2,13,1,42,2,8,6,1,7,14,1,10,1,13,,44,,1,21,121.5434213,25.0293577
113,10,18,20,4,2,03中山區,中山區樂群一路與敬業三路口,0,0,1,1,B01,7,5,5,50,4,1,1,5,4,5,13,1,1,3,4,5,2,17,1,59,3,10,7,1,7,5,1,1,1,5,,8,,1,21,121.5563173,25.07717814
113,10,18,20,4,2,03中山區,中山區樂群一路與敬業三路口,0,0,1,2,C03,7,5,5,50,4,1,1,5,4,5,13,1,1,3,4,5,2,17,1,39,2,9,6,1,7,9,1,10,1,11,,14,,1,21,121.5563173,25.07717814
113,10,18,20,22,2,04大安區,大安區基隆路4段43號,0,0,3,5,,7,5,5,50,14,7,1,5,4,5,13,2,1,1,3,4,2,16,3,0,,,,,,,,,,,,67,,1,,121.5403303,25.013914
113,10,18,20,22,2,04大安區,大安區基隆路4段43號,0,0,3,3,H02,7,5,5,50,14,7,1,5,4,5,13,2,1,1,3,4,2,16,2,54,2,9,4,5,7,20,8,20,10,16,,67,,1,21,121.5403303,25.013914