發生年度,發生月,發生日,發生時-Hours,發生分,處理別-編號,區序,肇事地點,死亡人數,2-30日死亡人數,受傷人數,當事人序號,車種,天候,道路照明設備,道路類別,速限-速度限制,道路型態,事故位置,路面狀況1,路面狀況2,路面狀況3,道路障礙1,道路障礙2,號誌1,號誌2,車道劃分-分向,車道劃分-分道1,車道劃分-分道2,車道劃分-分道3,事故類型及型態,性別,年齡,受傷程度,主要傷處,保護裝置,行動電話,車輛用途,當事者行動狀態,駕駛資格情形,駕駛執照種類,飲酒情形,車輛撞擊部位1,車輛撞擊部位2,肇因碼-個別,肇因碼-主要,個人肇逃否,職業,座標-X,座標-Y
113,10,18,20,22,2,04大安區,大安區基隆路4段43號,0,0,3,4,H02,7,5,5,50,14,7,1,5,4,5,13,2,1,1,3,4,2,16,2,55,2,7,4,5,7,20,8,20,10,16,,67,,1,21,121.5403303,25.013914
113,10,18,20,22,2,04大安區,大安區基隆路4段43號,0,0,3,1,B01,7,5,5,50,14,7,1,5,4,5,13,2,1,1,3,4,2,16,1,69,2,1,7,1,7,5,1,4,2,4,,80,,1,21,121.5403303,25.013914
113,10,18,20,22,2,04大安區,大安區基隆路4段43號,0,0,3,2,A06,7,5,5,50,14,7,1,5,4,5,13,2,1,1,3,4,2,16,1,64,3,10,7,1,7,9,1,1,2,1,,44,,1,21,121.5403303,25.013914
113,10,18,20,28,2,09北投區,北投區學園路與中央北路4段口,0,0,1,1,B01,8,5,5,40,14,9,1,5,4,5,13,4,4,5,5,5,2,16,1,64,3,10,7,1,7,11,1,2,1,4,,10,,1,26,121.4658208,25.1268523
113,10,18,20,28,2,09北投區,北投區學園路與中央北路4段口,0,0,1,2,C03,8,5,5,40,14,9,1,5,4,5,13,4,4,5,5,5,2,16,1,34,2,9,6,1,7,9,1,10,1,11,,44,,1,26,121.4658208,25.1268523
113,10,18,20,40,2,01大同區,大同區鄭州路與西寧北路口,0,0,1,1,B03,7,5,5,40,4,2,1,5,4,5,13,1,1,1,4,5,2,17,1,51,3,10,7,1,7,9,1,8,1,5,,87,,1,21,121.5082009,25.05060306
113,10,18,20,40,2,01大同區,大同區鄭州路與西寧北路口,0,0,1,2,C03,7,5,5,40,4,2,1,5,4,5,13,1,1,1,4,5,2,17,1,31,2,8,5,1,7,5,1,9,1,14,,44,,1,21,121.5082009,25.05060306
113,10,18,20,45,2,10文山區,文山區興隆路4段205號,0,0,1,1,C03,8,5,5,50,14,9,1,5,4,5,13,4,4,3,4,5,1,13,1,27,2,9,6,1,7,9,1,10,1,11,,16,,1,21,121.5623117,24.982901
113,10,18,20,45,2,10文山區,文山區興隆路4段205號,0,0,1,2,B03,8,5,5,50,14,9,1,5,4,5,13,4,4,3,4,5,1,13,1,35,3,10,7,1,7,9,1,8,1,3,,44,,1,21,121.5623117,24.982901
113,10,18,21,5,2,03中山區,中山區植福路200號,0,0,1,1,C03,8,5,5,50,14,9,1,5,4,5,13,4,4,9,4,5,2,18,2,57,2,8,6,1,7,9,1,10,9,14,,42,,1,26,121.5616115,25.08070269
113,10,18,21,5,2,03中山區,中山區植福路200號,0,0,1,2,,8,5,5,50,14,9,1,5,4,5,13,4,4,9,4,5,2,18,3,0,,,,,,,,,,,,67,,1,,121.5616115,25.08070269
113,10,18,21,25,2,03中山區,中山區植福路8號,0,0,2,1,H01,7,5,5,50,14,9,1,5,4,5,13,4,4,9,5,5,2,6,1,69,2,8,4,5,8,18,8,20,10,16,,123,,1,21,121.5550552,25.0837339
113,10,18,21,25,2,03中山區,中山區植福路8號,0,0,2,2,C03,7,5,5,50,14,9,1,5,4,5,13,4,4,9,5,5,2,6,1,52,2,8,3,4,7,9,1,10,2,11,,108,,1,21,121.5550552,25.0837339
113,10,18,22,15,2,10文山區,文山區木新路3段127巷與木新路3段127巷2弄口,0,0,2,1,C03,8,5,5,30,4,1,1,5,4,5,13,4,4,10,5,5,1,15,2,19,2,8,5,1,7,9,1,10,1,11,,72,,1,21,121.5620931,24.9815246
113,10,18,22,15,2,10文山區,文山區木新路3段127巷與木新路3段127巷2弄口,0,0,2,2,C03,8,5,5,30,4,1,1,5,4,5,13,4,4,10,5,5,1,15,2,21,2,9,5,1,7,10,1,10,1,11,,44,,1,21,121.5620931,24.9815246
113,10,18,23,0,2,07信義區,信義區松仁路147號,0,0,2,1,F01,8,5,5,0,14,20,4,5,4,5,13,4,4,10,5,5,2,3,1,16,2,8,3,4,7,9,8,20,1,11,,108,,1,21,121.5684727,25.0299899
113,10,18,23,0,2,07信義區,信義區松仁路147號,0,0,2,2,H01,8,5,5,0,14,20,4,5,4,5,13,4,4,10,5,5,2,3,2,40,2,9,4,5,8,16,8,20,10,16,,67,,1,21,121.5684727,25.0299899
113,10,18,23,57,2,06松山區,松山區光復南路32巷與光復南路32巷16弄口,0,0,1,1,F03,7,6,5,50,4,1,1,5,4,5,13,3,1,8,5,5,2,15,1,53,2,9,4,1,7,9,8,20,1,11,,84,,1,21,121.5564749,25.0465072
113,10,18,23,57,2,06松山區,松山區光復南路32巷與光復南路32巷16弄口,0,0,1,2,B01,7,6,5,50,4,1,1,5,4,5,13,3,1,8,5,5,2,15,1,58,3,10,3,4,7,9,1,4,1,4,,14,,1,21,121.5564749,25.0465072
113,10,19,1,54,2,07信義區,信義區松高路12號,0,0,1,1,F01,7,5,5,0,14,20,1,5,4,5,13,4,4,10,5,5,2,18,2,29,2,9,3,4,7,15,8,20,11,11,,42,,1,21,121.5656625,25.0390192
113,10,19,1,54,2,07信義區,信義區松高路12號,0,0,1,2,,7,5,5,0,14,20,1,5,4,5,13,4,4,10,5,5,2,18,3,0,,,,,,,,,10,,,67,,1,,121.5656625,25.0390192
113,10,19,2,39,2,05中正區,中正區南海路與重慶南路2段口,0,0,2,1,C03,8,5,5,50,4,2,1,5,4,5,13,1,1,10,4,5,2,13,1,21,2,8,5,1,7,9,1,10,2,11,,16,,1,22,121.5147292,25.0319459
113,10,19,2,39,2,05中正區,中正區南海路與重慶南路2段口,0,0,2,2,C03,8,5,5,50,4,2,1,5,4,5,13,1,1,10,4,5,2,13,2,37,2,5,5,1,7,14,1,10,2,13,,44,,1,22,121.5147292,25.0319459
113,10,19,7,8,2,02萬華區,萬華區環河南路1段與內江街口,0,0,1,1,B12,8,7,5,50,3,2,1,5,4,4,13,1,1,5,4,5,2,17,1,41,3,10,7,1,7,6,1,8,1,2,,9,,1,21,121.5000806,25.04192638
113,10,19,7,8,2,02萬華區,萬華區環河南路1段與內江街口,0,0,1,2,C03,8,7,5,50,3,2,1,5,4,4,13,1,1,5,4,5,2,17,2,42,2,5,5,1,7,6,1,10,1,14,,44,,1,21,121.5000806,25.04192638
113,10,19,7,8,2,02萬華區,萬華區環河南路1段與內江街口,0,0,1,3,H03,8,7,5,50,3,2,1,5,4,4,13,1,1,5,4,5,2,17,1,36,3,10,4,5,8,20,8,20,11,16,,67,,1,21,121.5000806,25.04192638
113,10,19,7,10,2,06松山區,松山區光復北路0202228燈桿,0,0,1,1,B03,8,6,5,50,14,7,1,5,4,5,13,4,4,5,4,4,2,16,1,69,3,10,7,1,7,11,1,8,1,5,,5,,1,22,121.5548062,25.06067629
113,10,19,7,10,2,06松山區,松山區光復北路0202228燈桿,0,0,1,2,C03,8,6,5,50,14,7,1,5,4,5,13,4,4,5,4,4,2,16,1,24,2,9,6,1,7,9,1,10,1,14,,5,,1,22,121.5548062,25.06067629
113,10,19,7,25,2,12內湖區,內湖區成功路2段328號,0,0,1,1,B03,8,5,5,50,14,9,1,5,4,5,13,4,4,1,4,5,1,17,2,43,3,10,7,1,7,9,1,8,2,17,,118,,1,21,121.5907206,25.06832914
113,10,19,7,25,2,12內湖區,內湖區成功路2段328號,0,0,1,2,C03,8,5,5,50,14,9,1,5,4,5,13,4,4,1,4,5,1,17,2,80,2,9,6,1,7,9,1,10,2,15,,118,,1,21,121.5907206,25.06832914
113,10,19,7,41,2,02萬華區,萬華區環河南路1段與內江街口,0,0,1,1,F03,7,6,5,50,3,1,1,5,4,5,13,2,1,2,4,5,2,17,1,62,2,8,4,1,7,9,8,20,1,15,,85,,1,21,121.5001183,25.0419423
113,10,19,7,41,2,02萬華區,萬華區環河南路1段與內江街口,0,0,1,2,C03,7,6,5,50,3,1,1,5,4,5,13,2,1,2,4,5,2,17,1,38,3,10,6,1,7,5,1,10,1,11,,8,,1,21,121.5001183,25.0419423
113,10,19,7,45,2,10文山區,文山區木柵路5段43巷第5-1區公墓,0,0,1,1,B03,8,7,5,30,11,9,1,5,4,5,13,4,4,5,5,5,1,10,2,28,3,10,7,1,7,15,1,8,1,8,,102,,1,21,121.5829667,25.01183363
113,10,19,7,45,2,10文山區,文山區木柵路5段43巷第5-1區公墓,0,0,1,2,C03,8,7,5,30,11,9,1,5,4,5,13,4,4,5,5,5,1,10,1,61,2,8,5,1,7,9,1,10,1,11,,44,,1,21,121.5829667,25.01183363
113,10,19,7,50,2,01大同區,大同區環河北路1段241號對面,0,0,1,2,B01,8,7,5,60,14,7,1,5,4,5,13,4,4,1,4,5,2,17,2,61,3,10,3,4,7,9,1,4,2,7,,44,,1,21,121.5083487,25.0578369
113,10,19,7,50,2,01大同區,大同區環河北路1段241號對面,0,0,1,1,C03,8,7,5,60,14,7,1,5,4,5,13,4,4,1,4,5,2,17,1,44,2,9,3,4,7,9,6,18,2,11,,100,,1,21,121.5083487,25.0578369
113,10,19,8,44,2,10文山區,文山區新光路2段燈桿0707676號,0,0,2,1,C03,8,6,5,50,11,9,1,5,4,5,13,4,4,9,5,5,1,17,1,46,2,9,3,4,7,15,1,10,1,13,,101,,1,22,121.5952499,24.99782144
113,10,19,8,44,2,10文山區,文山區新光路2段燈桿0707676號,0,0,2,2,C03,8,6,5,50,11,9,1,5,4,5,13,4,4,9,5,5,1,17,2,18,2,9,3,4,7,15,1,10,1,11,,17,,1,22,121.5952499,24.99782144
113,10,19,8,53,2,02萬華區,萬華區萬青街與青年路68巷口,0,0,1,1,C03,8,7,5,30,4,2,1,5,4,5,13,3,1,5,5,5,2,17,1,66,3,10,5,1,7,6,1,10,1,12,,118,,1,21,121.5015953,25.02351364
113,10,19,8,53,2,02萬華區,萬華區萬青街與青年路68巷口,0,0,1,2,C04,8,7,5,30,4,2,1,5,4,5,13,3,1,5,5,5,2,17,2,63,2,7,5,1,7,9,1,8,1,11,,118,,1,21,121.5015953,25.02351364
113,10,19,9,1,2,12內湖區,內湖區內湖路3段143巷3號,0,0,1,1,B03,8,5,5,30,14,9,1,5,4,5,13,4,4,10,5,5,1,2,2,51,4,11,3,4,7,9,7,19,11,2,,108,,2,22,121.5900439,25.08195735
113,10,19,9,1,2,12內湖區,內湖區內湖路3段143巷3號,0,0,1,2,H01,8,5,5,30,14,9,1,5,4,5,13,4,4,10,5,5,1,2,2,43,2,7,4,5,8,16,8,20,10,16,,67,,1,21,121.5900439,25.08195735
113,10,19,9,5,2,04大安區,大安區通化街與通化街171巷口,0,0,3,1,C03,8,6,5,50,4,1,1,5,4,5,13,2,1,5,5,5,1,16,1,33,2,8,3,4,7,5,1,10,1,14,,71,,1,21,121.5535977,25.0280684
113,10,19,9,5,2,04大安區,大安區通化街與通化街171巷口,0,0,3,2,B01,8,6,5,50,4,1,1,5,4,5,13,2,1,5,5,5,1,16,1,61,3,10,3,4,7,9,1,4,1,8,,44,,1,21,121.5535977,25.0280684
113,10,19,9,5,2,04大安區,大安區通化街與通化街171巷口,0,0,3,3,H02,8,6,5,50,4,1,1,5,4,5,13,2,1,5,5,5,1,16,1,6,2,9,3,5,7,20,8,20,10,16,,67,,1,21,121.5535977,25.0280684
113,10,19,9,5,2,04大安區,大安區通化街與通化街171巷口,0,0,3,4,H02,8,6,5,50,4,1,1,5,4,5,13,2,1,5,5,5,1,16,2,11,2,9,3,5,7,20,8,20,10,16,,67,,1,21,121.5535977,25.0280684
113,10,19,9,16,2,03中山區,中山區合江街70巷,0,0,1,1,B12,8,6,5,30,14,9,1,5,4,5,13,4,4,10,5,5,2,16,1,61,3,10,7,1,7,1,1,8,2,8,,19,,1,22,121.5386332,25.0569088
113,10,19,9,16,2,03中山區,中山區合江街70巷,0,0,1,2,C03,8,6,5,30,14,9,1,5,4,5,13,4,4,10,5,5,2,16,1,41,2,9,6,1,7,9,1,10,2,11,,44,,1,22,121.5386332,25.0569088
113,10,19,9,18,2,07信義區,信義區大道路75號,0,0,1,1,B01,8,7,5,50,14,9,1,5,4,5,13,1,1,9,5,5,2,12,1,64,3,10,3,4,7,9,1,4,1,6,,42,,1,21,121.5830659,25.0405921
113,10,19,9,18,2,07信義區,信義區大道路75號,0,0,1,2,C03,8,7,5,50,14,9,1,5,4,5,13,1,1,9,5,5,2,12,2,52,2,9,3,4,7,9,1,10,1,11,,44,,1,21,121.5830659,25.0405921
113,10,19,9,27,2,03中山區,中山區建國北路3段與民族東路口,0,0,1,1,B03,7,5,5,50,5,2,1,5,4,5,13,2,1,5,4,5,2,17,2,24,3,10,3,4,7,6,1,8,1,2,,9,,1,21,121.5336795,25.06809744
113,10,19,9,27,2,03中山區,中山區建國北路3段與民族東路口,0,0,1,2,C03,7,5,5,50,5,2,1,5,4,5,13,2,1,5,4,5,2,17,1,36,2,9,3,4,7,9,1,10,1,14,,44,,1,21,121.5336795,25.06809744
113,10,19,9,54,2,05中正區,中正區思源街1號(自來水園區前),0,0,2,1,F01,8,6,7,50,14,23,1,5,4,5,13,4,4,10,5,5,1,9,1,24,2,9,4,1,7,9,8,20,1,11,,14,,1,21,121.5303664,25.0134383
113,10,19,9,54,2,05中正區,中正區思源街1號(自來水園區前),0,0,2,2,H01,8,6,7,50,14,23,1,5,4,5,13,4,4,10,5,5,1,9,2,60,2,9,4,5,8,16,8,20,1,16,,60,,1,21,121.5303664,25.0134383
113,10,19,10,0,2,06松山區,松山區民生東路5段與三民路口,0,0,1,1,C03,8,6,5,50,4,1,1,5,4,5,13,2,1,1,4,5,2,15,1,44,2,9,6,1,7,15,1,10,2,14,,81,,1,21,121.5637811,25.05872895
113,10,19,10,0,2,06松山區,松山區民生東路5段與三民路口,0,0,1,2,C03,8,6,5,50,4,1,1,5,4,5,13,2,1,1,4,5,2,15,1,28,3,10,6,1,7,15,1,10,7,12,,21,,1,21,121.5637811,25.05872895
113,10,19,10,13,2,12內湖區,內湖區康寧路3段245巷與康寧路3段265巷口,0,0,2,1,B03,8,5,5,50,3,1,1,5,4,5,13,4,4,5,5,5,2,16,1,43,3,10,7,1,7,11,1,8,2,1,,10,,1,21,121.6127894,25.0666756
113,10,19,10,13,2,12內湖區,內湖區康寧路3段245巷與康寧路3段265巷口,0,0,2,2,C03,8,5,5,50,3,1,1,5,4,5,13,4,4,5,5,5,2,16,1,64,2,9,6,1,7,9,1,10,2,14,,14,,1,21,121.6127894,25.0666756
113,10,19,10,13,2,12內湖區,內湖區康寧路3段245巷與康寧路3段265巷口,0,0,2,3,H02,8,5,5,50,3,1,1,5,4,5,13,4,4,5,5,5,2,16,2,60,2,9,6,5,7,20,8,20,10,16,,67,,1,21,121.6127894,25.0666756
113,10,19,10,23,2,08士林區,士林區中正路315號,0,0,1,1,C03,8,6,5,50,14,9,1,5,4,5,13,4,4,10,5,5,1,16,2,51,2,9,5,1,7,7,1,10,2,14,,100,,1,21,121.523231,25.0946723
113,10,19,10,23,2,08士林區,士林區中正路315號,0,0,1,2,B02,8,6,5,50,14,9,1,5,4,5,13,4,4,10,5,5,1,16,1,34,3,10,7,1,7,9,1,8,2,2,,44,,1,21,121.523231,25.0946723
113,10,19,10,23,2,08士林區,士林區中正路315號,0,0,1,3,A04,8,6,5,50,14,9,1,5,4,5,13,4,4,10,5,5,1,16,1,48,3,10,7,1,7,14,1,2,2,4,,44,,1,21,121.523231,25.0946723
113,10,19,10,26,2,04大安區,大安區新生南路3段與新生南路3段54巷口,0,0,1,1,B12,8,5,5,50,3,2,1,5,4,5,13,4,4,1,4,5,2,16,1,56,3,10,7,1,7,6,1,6,1,6,,9,,1,21,121.5340053,25.0208557
113,10,19,10,26,2,04大安區,大安區新生南路3段與新生南路3段54巷口,0,0,1,2,F01,8,5,5,50,3,2,1,5,4,5,13,4,4,1,4,5,2,16,1,63,2,9,4,1,7,11,8,20,1,11,,11,,1,21,121.5340053,25.0208557
113,10,19,10,47,2,08士林區,士林區承德路4段與大南路口口,0,0,1,1,C03,8,6,5,50,14,9,1,5,4,5,13,2,1,1,4,5,2,13,2,46,3,10,6,1,7,12,1,10,1,17,,42,,1,21,121.5216782,25.08877248
113,10,19,10,47,2,08士林區,士林區承德路4段與大南路口口,0,0,1,2,B01,8,6,5,50,14,9,1,5,4,5,13,2,1,1,4,5,2,13,1,54,3,10,7,1,7,12,1,4,1,3,,44,,1,21,121.5216782,25.08877248
113,10,19,10,47,2,08士林區,士林區承德路4段與大南路口口,0,0,1,3,C03,8,6,5,50,14,9,1,5,4,5,13,2,1,1,4,5,2,13,1,43,2,9,6,1,7,7,1,10,1,11,,107,,1,21,121.5216782,25.08877248
113,10,19,10,53,2,08士林區,士林區忠誠路1段173巷與德行東路190巷口,0,0,1,1,B03,8,6,5,30,4,1,1,5,4,5,13,4,4,10,5,5,1,15,2,36,3,10,7,1,7,9,1,8,1,8,,72,,1,21,121.5313479,25.10804429
113,10,19,10,53,2,08士林區,士林區忠誠路1段173巷與德行東路190巷口,0,0,1,2,C03,8,6,5,30,4,1,1,5,4,5,13,4,4,10,5,5,1,15,2,28,2,9,5,1,7,9,1,10,1,11,,108,,1,21,121.5313479,25.10804429
113,10,19,10,58,2,03中山區,中山區八德路2段205號,0,0,2,1,B03,8,7,5,50,14,9,1,5,4,5,13,4,4,5,4,5,2,17,1,67,3,10,3,4,7,5,1,8,1,2,,99,,1,21,121.5400261,25.04664609
113,10,19,10,58,2,03中山區,中山區八德路2段205號,0,0,2,2,C03,8,7,5,50,14,9,1,5,4,5,13,4,4,5,4,5,2,17,1,22,2,9,6,4,7,9,1,10,1,11,,13,,1,21,121.5400261,25.04664609
113,10,19,10,58,2,03中山區,中山區八德路2段205號,0,0,2,3,C03,8,7,5,50,14,9,1,5,4,5,13,4,4,5,4,5,2,17,1,62,2,9,5,4,7,9,1,10,1,11,,44,,1,21,121.5400261,25.04664609
113,10,19,11,2,2,06松山區,松山區民權大橋東往西(下橋處),0,0,1,1,B02,8,6,5,30,8,9,1,5,4,1,13,4,4,1,4,5,2,17,2,39,3,10,3,4,7,8,1,8,2,17,,100,,1,21,121.567936,25.06372555
113,10,19,11,2,2,06松山區,松山區民權大橋東往西(下橋處),0,0,1,2,C03,8,6,5,30,8,9,1,5,4,1,13,4,4,1,4,5,2,17,1,44,2,9,6,1,7,9,1,10,2,12,,13,,1,21,121.567936,25.06372555
113,10,19,11,16,2,08士林區,士林區中山北路6段728巷與中山北路6段728巷9弄口,0,0,1,1,B03,8,6,5,30,3,2,1,5,4,5,13,4,4,10,5,5,1,11,2,44,3,10,7,1,7,8,1,8,1,8,,5,,1,21,121.5284493,25.11443352
113,10,19,11,16,2,08士林區,士林區中山北路6段728巷與中山北路6段728巷9弄口,0,0,1,2,C03,8,6,5,30,3,2,1,5,4,5,13,4,4,10,5,5,1,11,1,64,3,10,5,1,7,6,1,10,1,14,,27,,1,21,121.5284493,25.11443352
113,10,19,11,16,2,08士林區,士林區中山北路6段728巷與中山北路6段728巷9弄口,0,0,1,3,H02,8,6,5,30,3,2,1,5,4,5,13,4,4,10,5,5,1,11,2,66,2,7,5,5,7,20,8,20,10,16,,67,,1,21,121.5284493,25.11443352
113,10,19,11,38,2,09北投區,北投區大度路1段(014燈桿)往北投,0,0,1,1,C03,8,6,5,50,14,9,1,5,4,5,13,4,4,9,4,4,1,18,2,26,2,9,5,1,7,9,1,10,1,14,,118,,1,21,121.4985073,25.12104023
113,10,19,11,38,2,09北投區,北投區大度路1段(014燈桿)往北投,0,0,1,2,,8,6,5,50,14,9,1,5,4,5,13,4,4,9,4,4,1,18,3,0,,,,,,,,,,,,67,,1,,121.4985073,25.12104023
113,10,19,12,17,2,10文山區,文山區興隆路2段275巷1弄與福興路4巷口口,0,0,2,1,C03,8,6,6,30,4,1,1,5,4,5,13,4,4,10,5,5,2,15,1,52,2,8,6,1,7,9,1,10,1,12,,72,,1,21,121.5518484,25.003353
113,10,19,12,17,2,10文山區,文山區興隆路2段275巷1弄與福興路4巷口口,0,0,2,2,B03,8,6,6,30,4,1,1,5,4,5,13,4,4,10,5,5,2,15,2,60,3,10,7,1,7,9,1,8,1,1,,44,,1,21,121.5518484,25.003353
113,10,19,12,17,2,10文山區,文山區興隆路2段275巷1弄與福興路4巷口口,0,0,2,3,H02,8,6,6,30,4,1,1,5,4,5,13,4,4,10,5,5,2,15,2,54,2,8,6,5,7,21,8,20,10,17,,67,,1,21,121.5518484,25.003353
113,10,19,12,20,2,12內湖區,內湖區康寧路3段與康寧路3段189巷口,0,0,1,1,F01,8,6,5,50,3,1,1,5,4,5,13,4,4,1,5,5,2,3,1,67,3,10,4,1,7,9,8,20,2,11,,70,,1,21,121.6119235,25.0698424
113,10,19,12,20,2,12內湖區,內湖區康寧路3段與康寧路3段189巷口,0,0,1,2,H01,8,6,5,50,3,1,1,5,4,5,13,4,4,1,5,5,2,3,2,33,2,9,4,5,8,16,8,20,10,16,,67,,1,21,121.6119235,25.0698424
113,10,19,12,24,2,12內湖區,內湖區永保街與安康路口,0,0,1,1,C03,8,6,5,50,3,2,1,5,4,5,13,4,4,5,5,5,2,17,1,73,3,10,6,1,7,5,1,10,2,11,,8,,1,21,121.6070421,25.06450157
113,10,19,12,24,2,12內湖區,內湖區永保街與安康路口,0,0,1,2,C03,8,6,5,50,3,2,1,5,4,5,13,4,4,5,5,5,2,17,1,47,2,9,6,1,7,6,1,10,2,11,,80,,1,21,121.6070421,25.06450157
113,10,19,13,2,2,02萬華區,萬華區環河南路1段與貴陽街2段口,0,0,1,1,A11,8,5,5,50,4,1,1,5,4,5,13,2,1,1,3,5,1,16,1,35,3,10,3,4,7,5,1,3,1,4,,9,,1,22,121.4978458,25.0401243
113,10,19,13,2,2,02萬華區,萬華區環河南路1段與貴陽街2段口,0,0,1,2,C03,8,5,5,50,4,1,1,5,4,5,13,2,1,1,3,5,1,16,2,39,2,9,3,4,7,9,1,10,1,12,,44,,1,22,121.4978458,25.0401243
113,10,19,13,56,2,01大同區,大同區環河北路1段與環河北路口(南向北，玉泉公園旁）,0,0,1,1,B03,7,6,5,50,3,1,1,5,4,5,13,4,4,8,3,5,1,16,1,45,3,10,3,4,7,6,1,8,1,2,,9,,1,21,121.5069407,25.05051945
113,10,19,13,56,2,01大同區,大同區環河北路1段與環河北路口(南向北，玉泉公園旁）,0,0,1,2,C03,7,6,5,50,3,1,1,5,4,5,13,4,4,8,3,5,1,16,2,39,2,9,6,1,7,9,1,10,1,11,,108,,1,21,121.5069407,25.05051945
113,10,19,14,9,2,09北投區,北投區大業路302號對面,0,0,1,1,B03,8,5,8,30,22,22,1,5,4,5,13,4,4,10,5,5,2,17,1,58,3,10,3,1,7,14,1,8,2,4,,40,,1,21,121.4968568,25.1293104
113,10,19,14,9,2,09北投區,北投區大業路302號對面,0,0,1,2,C03,8,5,8,30,22,22,1,5,4,5,13,4,4,10,5,5,2,17,1,19,2,9,5,1,7,9,1,10,2,12,,13,,1,21,121.4968568,25.1293104
113,10,19,14,13,2,01大同區,大同區延平北路3段與民權西路口,0,0,4,1,C02,8,6,5,50,5,1,1,5,4,5,13,2,1,1,4,5,2,17,1,55,2,7,6,1,7,5,1,9,1,14,,8,,1,21,121.511158,25.0629983
113,10,19,14,13,2,01大同區,大同區延平北路3段與民權西路口,0,0,4,2,C03,8,6,5,50,5,1,1,5,4,5,13,2,1,1,4,5,2,17,1,32,2,9,6,1,7,9,1,10,1,12,,44,,1,21,121.511158,25.0629983
113,10,19,14,13,2,01大同區,大同區延平北路3段與民權西路口,0,0,4,3,H02,8,6,5,50,5,1,1,5,4,5,13,2,1,1,4,5,2,17,2,49,2,9,6,5,7,17,8,20,10,16,,67,,1,21,121.511158,25.0629983
113,10,19,14,13,2,01大同區,大同區延平北路3段與民權西路口,0,0,4,4,H02,8,6,5,50,5,1,1,5,4,5,13,2,1,1,4,5,2,17,2,32,2,9,6,5,7,17,8,20,10,16,,67,,1,21,121.511158,25.0629983
113,10,19,14,45,2,12內湖區,內湖區堤外便道(五分疏散門),0,0,2,1,B03,8,5,5,50,14,9,1,5,4,5,13,3,1,5,5,5,1,16,1,65,2,3,7,1,7,9,1,8,2,8,,14,,1,21,121.6138313,25.0654069
113,10,19,14,45,2,12內湖區,內湖區堤外便道(五分疏散門),0,0,2,2,F02,8,5,5,50,14,9,1,5,4,5,13,3,1,5,5,5,1,16,1,15,2,9,4,1,7,5,8,20,1,11,,71,,1,16,121.6138313,25.0654069
113,10,19,14,50,2,04大安區,大安區新生南路1段119巷與仁愛路3段5巷口,0,0,1,1,C03,8,6,5,30,4,1,1,5,4,5,13,4,4,10,5,5,2,15,2,19,2,9,6,4,7,9,1,10,1,11,,75,,1,22,121.5334333,25.0392424
113,10,19,14,50,2,04大安區,大安區新生南路1段119巷與仁愛路3段5巷口,0,0,1,2,B03,8,6,5,30,4,1,1,5,4,5,13,4,4,10,5,5,2,15,1,77,3,10,3,4,7,9,1,8,1,8,,44,,1,22,121.5334333,25.0392424
113,10,19,14,56,2,09北投區,北投區溫泉路119號,0,0,1,1,B02,8,7,5,30,11,9,1,5,4,5,13,4,4,10,5,5,2,11,1,45,3,10,3,4,7,9,1,8,1,8,,42,,1,22,121.5124421,25.1365205
113,10,19,14,56,2,09北投區,北投區溫泉路119號,0,0,1,2,C03,8,7,5,30,11,9,1,5,4,5,13,4,4,10,5,5,2,11,1,32,2,7,3,4,7,9,1,10,1,14,,42,,1,22,121.5124421,25.1365205
113,10,19,15,0,2,02萬華區,萬華區西寧南路與西寧南路50巷口,0,0,1,1,C03,8,5,5,50,4,18,1,5,4,5,13,4,4,7,4,5,2,9,1,40,3,10,6,4,7,9,1,10,2,11,,70,,1,21,121.5063574,25.0442042
113,10,19,15,0,2,02萬華區,萬華區西寧南路與西寧南路50巷口,0,0,1,2,H01,8,5,5,50,4,18,1,5,4,5,13,4,4,7,4,5,2,9,1,3,2,1,4,5,8,20,8,20,10,16,,67,,1,21,121.5063574,25.0442042
113,10,19,15,0,2,02萬華區,萬華區西寧南路與西寧南路50巷口,0,0,1,3,H01,8,5,5,50,4,18,1,5,4,5,13,4,4,7,4,5,2,9,2,34,3,10,4,5,8,16,8,20,10,17,,67,,1,21,121.5063574,25.0442042
113,10,19,15,13,2,12內湖區,內湖區新明路278號前,0,0,1,1,B03,8,5,5,50,14,9,1,5,4,5,13,4,4,5,4,5,2,16,1,52,3,10,7,1,7,7,1,8,2,8,,100,,1,21,121.5827032,25.0561026
113,10,19,15,13,2,12內湖區,內湖區新明路278號前,0,0,1,2,C03,8,5,5,50,14,9,1,5,4,5,13,4,4,5,4,5,2,16,2,41,2,9,6,1,7,9,1,10,2,12,,44,,1,21,121.5827032,25.0561026
113,10,19,15,33,2,01大同區,大同區民權西路與承德路2段口,0,0,1,1,C03,8,6,5,50,4,4,1,5,4,5,13,2,1,1,4,5,2,13,1,28,2,9,5,4,7,9,1,10,1,11,,16,,1,21,121.5186077,25.0625089
113,10,19,15,33,2,01大同區,大同區民權西路與承德路2段口,0,0,1,2,C03,8,6,5,50,4,4,1,5,4,5,13,2,1,1,4,5,2,13,1,42,3,10,5,4,7,9,1,10,1,13,,44,,1,21,121.5186077,25.0625089