發生年度,發生月,發生日,發生時-Hours,發生分,處理別-編號,區序,肇事地點,死亡人數,2-30日死亡人數,受傷人數,當事人序號,車種,天候,道路照明設備,道路類別,速限-速度限制,道路型態,事故位置,路面狀況1,路面狀況2,路面狀況3,道路障礙1,道路障礙2,號誌1,號誌2,車道劃分-分向,車道劃分-分道1,車道劃分-分道2,車道劃分-分道3,事故類型及型態,性別,年齡,受傷程度,主要傷處,保護裝置,行動電話,車輛用途,當事者行動狀態,駕駛資格情形,駕駛執照種類,飲酒情形,車輛撞擊部位1,車輛撞擊部位2,肇因碼-個別,肇因碼-主要,個人肇逃否,職業,座標-X,座標-Y
113,10,19,15,55,2,01大同區,大同區蘭州街12號,0,0,1,2,B02,8,7,5,30,14,9,1,5,4,5,13,4,4,10,5,5,2,17,1,48,3,10,3,4,7,9,1,8,1,4,,42,,1,21,121.5142435,25.0619373
113,10,19,15,55,2,01大同區,大同區蘭州街12號,0,0,1,3,B03,8,7,5,30,14,9,1,5,4,5,13,4,4,10,5,5,2,17,1,45,3,10,3,4,7,14,1,8,1,2,,42,,1,21,121.5142435,25.0619373
113,10,19,15,55,2,01大同區,大同區蘭州街12號,0,0,1,1,C03,8,7,5,30,14,9,1,5,4,5,13,4,4,10,5,5,2,17,2,62,2,9,3,4,7,15,3,18,1,12,,42,,1,21,121.5142435,25.0619373
113,10,19,16,42,2,08士林區,士林區仰德大道2段與仰德大道2段11巷口,0,0,2,1,B03,6,6,5,40,3,3,1,4,4,5,13,4,4,5,2,5,1,17,1,81,3,10,7,1,7,5,1,8,2,1,,74,,1,21,121.5417164,25.1034336
113,10,19,16,42,2,08士林區,士林區仰德大道2段與仰德大道2段11巷口,0,0,2,2,C03,6,6,5,40,3,3,1,4,4,5,13,4,4,5,2,5,1,17,1,22,2,9,6,1,7,9,6,18,2,11,,14,,1,21,121.5417164,25.1034336
113,10,19,16,42,2,08士林區,士林區仰德大道2段與仰德大道2段11巷口,0,0,2,3,H02,6,6,5,40,3,3,1,4,4,5,13,4,4,5,2,5,1,17,2,20,2,9,6,5,7,20,8,20,10,16,,67,,1,21,121.5417164,25.1034336
113,10,19,17,21,2,02萬華區,萬華區寶興街與寶興街65巷口,0,0,1,1,C03,7,7,8,50,4,1,1,5,4,5,13,4,4,9,5,5,2,11,1,46,2,9,5,1,7,9,6,10,7,14,,21,,1,21,121.4941481,25.0264396
113,10,19,17,21,2,02萬華區,萬華區寶興街與寶興街65巷口,0,0,1,2,B12,7,7,8,50,4,1,1,5,4,5,13,4,4,9,5,5,2,11,1,40,3,10,7,1,7,9,1,8,2,4,,99,,1,21,121.4941481,25.0264396
113,10,19,17,25,2,04大安區,大安區仁愛路3段24巷與建國南路1段304巷口,0,0,1,1,B03,6,5,5,30,4,1,1,4,4,5,10,4,4,10,5,5,1,3,2,55,3,10,3,4,7,5,1,8,2,8,,8,,1,21,121.5359363,25.0357036
113,10,19,17,25,2,04大安區,大安區仁愛路3段24巷與建國南路1段304巷口,0,0,1,2,H01,6,5,5,30,4,1,1,4,4,5,10,4,4,10,5,5,1,3,2,56,3,10,4,5,8,16,8,20,10,16,,121,,1,21,121.5359363,25.0357036
113,10,19,17,25,2,04大安區,大安區仁愛路3段24巷與建國南路1段304巷口,0,0,1,3,H01,6,5,5,30,4,1,1,4,4,5,10,4,4,10,5,5,1,3,2,89,2,4,4,5,8,16,8,20,10,16,,67,,1,21,121.5359363,25.0357036
113,10,19,17,29,2,07信義區,信義區忠孝東路5段10號,0,0,1,1,B01,7,5,5,50,14,9,1,5,4,5,13,4,4,9,4,5,2,17,1,48,3,10,7,1,7,5,1,4,1,5,,8,,1,21,121.5660815,25.0408205
113,10,19,17,29,2,07信義區,信義區忠孝東路5段10號,0,0,1,2,C03,7,5,5,50,14,9,1,5,4,5,13,4,4,9,4,5,2,17,1,30,2,9,5,1,7,9,1,10,1,14,,44,,1,21,121.5660815,25.0408205
113,10,19,17,30,2,12內湖區,內湖區康寧路3段16巷與康寧路3段口,0,0,1,1,B01,6,5,5,50,4,1,1,4,4,5,13,2,1,1,4,5,2,17,1,64,3,10,7,1,7,5,1,4,1,17,,71,,1,21,121.6100956,25.0712397
113,10,19,17,30,2,12內湖區,內湖區康寧路3段16巷與康寧路3段口,0,0,1,2,C03,6,5,5,50,4,1,1,4,4,5,13,2,1,1,4,5,2,17,1,21,2,9,5,1,7,9,1,10,1,14,,42,,1,21,121.6100956,25.0712397
113,10,19,17,30,2,11南港區,南港區興中路與興中路68巷口,0,0,1,1,C03,6,5,5,50,3,2,1,4,4,5,13,4,4,9,5,5,2,13,1,18,3,10,6,4,7,9,1,10,1,11,,108,,1,21,121.6069809,25.0568805
113,10,19,17,30,2,11南港區,南港區興中路與興中路68巷口,0,0,1,2,C03,6,5,5,50,3,2,1,4,4,5,13,4,4,9,5,5,2,13,1,25,2,9,6,4,7,9,1,10,1,13,,44,,1,21,121.6069809,25.0568805
113,10,19,17,40,2,01大同區,大同區長安西路與長安西路138巷口,0,0,1,1,B13,6,5,5,50,3,2,1,4,4,5,13,4,4,5,4,5,2,17,1,29,3,10,3,4,7,6,1,8,1,5,,9,,1,21,121.5177096,25.0506907
113,10,19,17,40,2,01大同區,大同區長安西路與長安西路138巷口,0,0,1,2,C03,6,5,5,50,3,2,1,4,4,5,13,4,4,5,4,5,2,17,1,44,2,9,3,4,7,9,1,10,1,14,,44,,1,21,121.5177096,25.0506907
113,10,19,17,40,2,01大同區,大同區長安西路與長安西路138巷口,0,0,1,3,A12,6,5,5,50,3,2,1,4,4,5,13,4,4,5,4,5,2,17,1,57,3,10,3,4,7,14,1,3,11,17,,38,,2,21,121.5177096,25.0506907
113,10,19,18,5,2,06松山區,松山區市民高架道往西341號燈桿,0,0,2,1,B12,7,6,8,80,14,9,1,4,4,5,13,4,4,1,3,5,2,13,1,44,2,8,3,4,7,9,1,8,1,1,,16,,1,21,121.5481584,25.04507877
113,10,19,18,5,2,06松山區,松山區市民高架道往西341號燈桿,0,0,2,2,B03,7,6,8,80,14,9,1,4,4,5,13,4,4,1,3,5,2,13,1,42,2,7,3,4,7,9,1,8,1,3,,44,,1,21,121.5481584,25.04507877
113,10,19,18,6,2,03中山區,中山區民生東路2段86號,0,0,1,1,B01,6,5,5,50,14,9,1,4,4,5,13,4,4,5,4,5,2,12,1,50,3,10,7,1,7,14,1,4,2,6,,40,,1,21,121.5306208,25.0578971
113,10,19,18,6,2,03中山區,中山區民生東路2段86號,0,0,1,3,H02,6,5,5,50,14,9,1,4,4,5,13,4,4,5,4,5,2,12,1,74,3,10,3,5,7,21,8,20,10,17,,40,,1,22,121.5306208,25.0578971
113,10,19,18,6,2,03中山區,中山區民生東路2段86號,0,0,1,2,C03,6,5,5,50,14,9,1,4,4,5,13,4,4,5,4,5,2,12,2,45,2,9,6,1,7,9,1,10,2,14,,44,,1,22,121.5306208,25.0578971
113,10,19,18,11,2,01大同區,大同區西寧北路57號,0,0,3,1,C03,6,5,5,50,22,18,1,4,4,5,13,4,4,8,3,5,1,3,1,20,2,8,6,4,7,9,1,10,2,11,,70,,1,21,121.5088531,25.05444851
113,10,19,18,11,2,01大同區,大同區西寧北路57號,0,0,3,2,H01,6,5,5,50,22,18,1,4,4,5,13,4,4,8,3,5,1,3,2,77,2,9,4,5,8,16,8,20,10,16,,67,,1,21,121.5088531,25.05444851
113,10,19,18,11,2,01大同區,大同區西寧北路57號,0,0,3,3,H02,6,5,5,50,22,18,1,4,4,5,13,4,4,8,3,5,1,3,2,21,2,7,6,5,7,20,8,20,10,17,,67,,1,21,121.5088531,25.05444851
113,10,19,18,19,2,04大安區,大安區延吉街70巷口側附近,0,0,1,1,C03,6,5,5,50,14,9,1,4,4,5,13,2,1,9,4,5,2,17,2,20,2,9,3,4,7,6,1,10,1,13,,99,,1,21,121.5541346,25.0426383
113,10,19,18,19,2,04大安區,大安區延吉街70巷口側附近,0,0,1,2,B03,6,5,5,50,14,9,1,4,4,5,13,2,1,9,4,5,2,17,1,46,3,10,3,4,7,1,1,8,1,8,,19,,1,21,121.5541346,25.0426383
113,10,19,19,10,2,06松山區,松山區八德路4段與松信路口,0,0,1,1,B03,7,5,5,50,4,1,1,4,4,5,13,2,1,9,4,5,2,17,1,57,3,10,7,4,7,5,1,8,1,1,,80,,1,22,121.5721896,25.0498372
113,10,19,19,10,2,06松山區,松山區八德路4段與松信路口,0,0,1,3,B01,7,5,5,50,4,1,1,4,4,5,13,2,1,9,4,5,2,17,1,67,3,10,7,4,7,5,1,4,1,4,,107,,1,22,121.5721896,25.0498372
113,10,19,19,10,2,06松山區,松山區八德路4段與松信路口,0,0,1,2,C03,7,5,5,50,4,1,1,4,4,5,13,2,1,9,4,5,2,17,1,18,2,8,6,4,7,9,1,10,1,14,,44,,1,22,121.5721896,25.0498372
113,10,19,19,42,2,04大安區,大安區羅斯福路4段公館站2號出口,0,0,1,1,C03,6,5,5,50,14,9,1,4,4,5,13,4,4,1,4,5,2,17,1,60,4,11,3,4,7,9,3,18,11,12,,118,,1,21,121.5348709,25.0143835
113,10,19,19,42,2,04大安區,大安區羅斯福路4段公館站2號出口,0,0,1,2,C03,6,5,5,50,14,9,1,4,4,5,13,4,4,1,4,5,2,17,1,26,2,9,6,1,7,9,1,10,1,17,,118,,1,21,121.5348709,25.0143835
113,10,19,19,42,2,05中正區,中正區羅斯福路2段與羅斯福路2段48巷口,0,0,1,1,B01,6,5,5,50,4,2,1,4,4,5,13,1,1,1,4,5,1,17,1,42,3,10,7,1,7,6,1,4,2,17,,9,,1,22,121.5216039,25.0279517
113,10,19,19,42,2,05中正區,中正區羅斯福路2段與羅斯福路2段48巷口,0,0,1,2,C03,6,5,5,50,4,2,1,4,4,5,13,1,1,1,4,5,1,17,2,19,2,8,5,1,7,9,1,10,2,11,,44,,1,22,121.5216039,25.0279517
113,10,19,19,42,2,05中正區,中正區羅斯福路2段與羅斯福路2段48巷口,0,0,1,3,,6,5,5,50,4,2,1,4,4,5,13,1,1,1,4,5,1,17,3,0,,,,,,,,,,,,67,,1,,121.5216039,25.0279517
113,10,19,19,42,2,09北投區,北投區光明路178號,0,0,2,1,C03,6,5,5,50,14,18,1,4,4,5,13,3,1,7,4,5,1,3,2,21,2,8,5,1,7,9,1,10,1,11,,70,,1,21,121.5032234,25.135694
113,10,19,19,42,2,09北投區,北投區光明路178號,0,0,2,2,H01,6,5,5,50,14,18,1,4,4,5,13,3,1,7,4,5,1,3,1,33,2,8,4,5,8,16,8,20,10,16,,67,,1,21,121.5032234,25.135694
113,10,19,19,45,2,08士林區,士林區延平北路7段106巷與延平北路8段2巷200弄口,0,0,3,1,C03,6,5,5,30,3,1,1,4,4,5,13,3,1,10,5,5,2,10,1,19,2,8,6,1,7,15,1,10,1,11,,102,,1,21,121.4905395,25.11288974
113,10,19,19,45,2,08士林區,士林區延平北路7段106巷與延平北路8段2巷200弄口,0,0,3,2,C03,6,5,5,30,3,1,1,4,4,5,13,3,1,10,5,5,2,10,1,25,2,8,6,1,7,9,1,10,1,11,,13,,1,21,121.4905395,25.11288974
113,10,19,19,45,2,08士林區,士林區延平北路7段106巷與延平北路8段2巷200弄口,0,0,3,3,H02,6,5,5,30,3,1,1,4,4,5,13,3,1,10,5,5,2,10,1,21,2,1,6,5,7,20,8,20,10,16,,67,,1,21,121.4905395,25.11288974
113,10,19,19,45,2,08士林區,士林區延平北路7段106巷與延平北路8段2巷200弄口,0,0,3,4,B03,6,5,5,30,3,1,1,4,4,5,13,3,1,10,5,5,2,10,1,51,3,10,7,1,7,2,1,8,11,17,,12,,1,21,121.4905395,25.11288974
113,10,19,20,45,2,05中正區,中正區汀州路2段80號,0,0,2,3,B03,6,5,5,50,14,9,1,4,4,5,13,2,1,5,5,5,2,3,1,55,3,10,7,1,7,12,1,8,1,6,,44,,1,22,121.5188231,25.0250855
113,10,19,20,45,2,05中正區,中正區汀州路2段80號,0,0,2,2,C03,6,5,5,50,14,9,1,4,4,5,13,2,1,5,5,5,2,3,1,21,2,9,5,1,7,9,1,10,1,14,,16,,1,22,121.5188231,25.0250855
113,10,19,20,45,2,05中正區,中正區汀州路2段80號,0,0,2,4,C03,6,5,5,50,14,9,1,4,4,5,13,2,1,5,5,5,2,3,1,26,2,8,5,1,7,12,1,10,1,14,,16,,1,22,121.5188231,25.0250855
113,10,19,20,45,2,05中正區,中正區汀州路2段80號,0,0,2,1,H01,6,5,5,50,14,9,1,4,4,5,13,2,1,5,5,5,2,3,1,11,3,10,4,5,8,18,8,20,10,16,,121,,1,14,121.5188231,25.0250855
113,10,19,20,57,2,02萬華區,萬華區長沙街2段與西昌街口,0,0,1,1,B03,8,5,5,50,4,1,1,5,4,5,13,1,1,9,5,5,2,9,2,41,3,10,7,1,7,5,1,8,9,8,,70,,1,21,121.5006883,25.0409056
113,10,19,20,57,2,02萬華區,萬華區長沙街2段與西昌街口,0,0,1,2,H01,8,5,5,50,4,1,1,5,4,5,13,1,1,9,5,5,2,9,1,56,2,8,4,5,8,16,8,20,10,16,,67,,1,21,121.5006883,25.0409056
113,10,19,21,10,2,11南港區,南港區市民大道7段與向陽路口,0,0,1,1,B03,6,5,5,50,4,1,1,4,4,5,12,2,1,1,4,5,2,13,1,49,3,10,3,4,7,5,1,14,1,1,,16,,1,22,121.5953694,25.0514864
113,10,19,21,10,2,11南港區,南港區市民大道7段與向陽路口,0,0,1,2,C03,6,5,5,50,4,1,1,4,4,5,12,2,1,1,4,5,2,13,2,23,2,9,5,1,7,15,1,10,11,15,,44,,1,22,121.5953694,25.0514864
113,10,19,21,30,2,09北投區,北投區大度路112號機車優先道(東往西),0,0,4,1,C03,8,5,5,50,14,12,1,5,4,5,13,4,4,9,4,4,1,12,1,21,2,7,5,1,7,9,1,10,1,11,,16,,1,21,121.4962607,25.1217231
113,10,19,21,30,2,09北投區,北投區大度路112號機車優先道(東往西),0,0,4,2,C03,8,5,5,50,14,12,1,5,4,5,13,4,4,9,4,4,1,12,1,40,2,9,6,1,7,9,1,10,1,13,,44,,1,21,121.4962607,25.1217231
113,10,19,21,30,2,09北投區,北投區大度路112號機車優先道(東往西),0,0,4,3,C03,8,5,5,50,14,12,1,5,4,5,13,4,4,9,4,4,1,12,2,53,2,7,6,1,7,9,1,10,1,11,,108,,1,21,121.4962607,25.1217231
113,10,19,21,30,2,09北投區,北投區大度路112號機車優先道(東往西),0,0,4,4,H02,8,5,5,50,14,12,1,5,4,5,13,4,4,9,4,4,1,12,2,35,2,8,3,5,7,20,8,20,10,17,,67,,1,21,121.4962607,25.1217231
113,10,19,21,32,2,04大安區,大安區和平東路2段與復興南路2段口,0,0,1,1,B03,6,5,5,50,4,2,1,4,4,5,13,2,1,1,4,5,2,17,2,34,3,10,3,4,7,6,1,8,1,1,,9,,1,21,121.5433442,25.024739
113,10,19,21,32,2,04大安區,大安區和平東路2段與復興南路2段口,0,0,1,2,F01,6,5,5,50,4,2,1,4,4,5,13,2,1,1,4,5,2,17,1,68,2,9,3,4,7,9,8,20,1,14,,42,,1,21,121.5433442,25.024739
113,10,19,22,11,2,09北投區,北投區北投路1段67號,0,0,1,1,F01,7,5,5,40,14,8,1,5,4,5,13,4,4,5,4,4,2,12,2,64,2,8,4,1,7,7,8,20,9,14,,101,,1,21,121.50053,25.1270527
113,10,19,22,11,2,09北投區,北投區北投路1段67號,0,0,1,2,B01,7,5,5,40,14,8,1,5,4,5,13,4,4,5,4,4,2,12,1,62,3,10,7,1,7,14,1,4,11,17,,38,,1,21,121.50053,25.1270527
113,10,19,22,11,2,09北投區,北投區北投路1段67號,0,0,1,3,C03,7,5,5,40,14,8,1,5,4,5,13,4,4,5,4,4,2,12,1,41,3,10,6,1,7,9,1,10,9,12,,44,,1,21,121.50053,25.1270527
113,10,19,22,12,2,02萬華區,萬華區艋舺大道275巷與艋舺大道口口,0,0,1,1,C03,6,5,5,30,3,1,1,4,4,5,13,4,4,1,3,5,2,20,1,54,2,8,5,1,7,9,5,10,4,11,,108,,1,21,121.497693,25.033211
113,10,19,22,12,2,02萬華區,萬華區艋舺大道275巷與艋舺大道口口,0,0,1,2,,6,5,5,30,3,1,1,4,4,5,13,4,4,1,3,5,2,20,3,0,,,,,,,,,,,,67,,1,,121.497693,25.033211
113,10,19,22,13,2,01大同區,大同區鄭州路與西寧北路口,0,0,1,1,B03,6,5,5,40,4,2,1,4,4,5,13,1,1,1,4,5,2,17,1,41,3,10,7,1,7,15,1,8,1,5,,44,,1,21,121.5082018,25.05060265
113,10,19,22,13,2,01大同區,大同區鄭州路與西寧北路口,0,0,1,2,C03,6,5,5,40,4,2,1,4,4,5,13,1,1,1,4,5,2,17,2,19,2,9,5,1,7,5,1,10,1,14,,8,,1,21,121.5082018,25.05060265
113,10,19,22,22,2,05中正區,中正區重慶南路3段98號,0,0,1,1,C03,6,5,5,50,14,9,1,4,4,5,13,4,4,3,4,5,2,17,2,32,2,9,5,1,7,9,1,10,1,17,,44,,1,21,121.5163617,25.0254009
113,10,19,22,22,2,05中正區,中正區重慶南路3段98號,0,0,1,2,B01,6,5,5,50,14,9,1,4,4,5,13,4,4,3,4,5,2,17,1,66,3,10,7,1,7,14,1,4,9,17,,38,,1,21,121.5163617,25.0254009
113,10,20,0,5,2,08士林區,士林區士商路與承德路5段口,0,0,2,1,C03,7,5,5,50,4,1,1,5,4,5,13,1,1,5,3,5,2,15,2,18,2,9,3,4,7,15,1,10,2,11,,81,,1,21,121.5139267,25.0960592
113,10,20,0,5,2,08士林區,士林區士商路與承德路5段口,0,0,2,2,C03,7,5,5,50,4,1,1,5,4,5,13,1,1,5,3,5,2,15,1,28,2,9,3,4,7,15,1,10,2,11,,44,,1,21,121.5139267,25.0960592
113,10,20,0,13,2,10文山區,文山區興隆路2段與福興路口,0,0,1,1,B01,6,5,5,30,3,19,1,4,4,5,13,2,1,5,5,5,2,3,1,54,3,10,7,1,7,5,1,4,2,4,,70,,1,21,121.5518403,25.0017772
113,10,20,0,13,2,10文山區,文山區興隆路2段與福興路口,0,0,1,2,H01,6,5,5,30,3,19,1,4,4,5,13,2,1,5,5,5,2,3,2,19,2,8,4,5,8,16,8,20,10,16,,123,,1,25,121.5518403,25.0017772
113,10,20,0,39,2,10文山區,文山區木柵路4段與萬芳路口,0,0,1,1,B03,6,5,5,50,3,1,1,4,4,5,13,1,1,10,5,5,2,16,1,19,3,10,7,1,7,5,1,8,2,5,,8,,1,21,121.5717053,24.9949244
113,10,20,0,39,2,10文山區,文山區木柵路4段與萬芳路口,0,0,1,2,C03,6,5,5,50,3,1,1,4,4,5,13,1,1,10,5,5,2,16,2,38,2,9,5,1,7,9,1,10,2,11,,44,,1,21,121.5717053,24.9949244
113,10,20,1,0,2,07信義區,信義區松壽路20號,0,0,1,2,C03,6,6,5,50,14,9,1,4,4,5,13,2,1,5,4,5,2,17,2,39,2,9,6,1,7,7,1,10,11,15,,118,,1,22,121.5671221,25.035848
113,10,20,1,0,2,07信義區,信義區松壽路20號,0,0,1,1,B03,6,6,5,50,14,9,1,4,4,5,13,2,1,5,4,5,2,17,4,0,,,,,,,,,,,,119,,2,,121.5671221,25.035848
113,10,20,4,12,2,09北投區,北投區承德路6段與福國路口,0,0,1,1,B03,7,5,5,60,4,2,1,5,4,5,13,1,1,1,4,5,2,13,1,24,3,10,7,1,7,9,1,8,1,5,,108,,1,21,121.5121744,25.1018399
113,10,20,4,12,2,09北投區,北投區承德路6段與福國路口,0,0,1,2,C01,7,5,5,60,4,2,1,5,4,5,13,1,1,1,4,5,2,13,1,24,2,9,6,1,7,14,1,9,1,13,,44,,1,21,121.5121744,25.1018399
113,10,20,4,40,2,09北投區,北投區承德路6段427號,0,0,1,1,B03,8,5,5,40,14,9,1,5,4,5,13,4,4,1,3,1,1,17,1,37,3,10,3,1,7,9,1,8,4,1,1,108,,1,21,121.5111616,25.1079912
113,10,20,4,40,2,09北投區,北投區承德路6段427號,0,0,1,2,B03,8,5,5,40,14,9,1,5,4,5,13,4,4,1,3,1,1,17,2,73,3,10,7,1,7,13,1,8,9,4,,44,,1,21,121.5111616,25.1079912
113,10,20,4,40,2,09北投區,北投區承德路6段427號,0,0,1,3,B03,8,5,5,40,14,9,1,5,4,5,13,4,4,1,3,1,1,17,1,50,3,10,7,1,7,13,1,8,9,4,,44,,1,21,121.5111616,25.1079912
113,10,20,4,40,2,09北投區,北投區承德路6段427號,0,0,1,4,B03,8,5,5,40,14,9,1,5,4,5,13,4,4,1,3,1,1,17,1,29,3,10,7,1,7,13,1,8,9,3,,44,,1,21,121.5111616,25.1079912
113,10,20,4,40,2,09北投區,北投區承德路6段427號,0,0,1,5,C03,8,5,5,40,14,9,1,5,4,5,13,4,4,1,3,1,1,17,1,71,2,9,5,1,7,9,1,10,2,11,,13,,1,21,121.5111616,25.1079912
113,10,20,5,0,2,06松山區,松山區松河街28號,0,0,1,1,C03,7,5,5,40,14,9,1,4,4,5,13,4,4,9,4,5,2,3,1,29,3,10,5,4,7,9,1,10,1,12,,70,,1,22,121.5729038,25.05076848
113,10,20,5,0,2,06松山區,松山區松河街28號,0,0,1,2,H01,7,5,5,40,14,9,1,4,4,5,13,4,4,9,4,5,2,3,2,81,2,9,4,5,8,16,8,20,1,16,,123,,1,22,121.5729038,25.05076848
113,10,20,6,10,2,12內湖區,內湖區東湖路與安康路口,0,0,1,1,F01,6,5,5,50,4,1,1,4,4,5,13,1,1,5,4,5,2,15,2,59,3,10,2,1,7,9,8,20,1,12,,81,,1,21,121.6160606,25.0682312
113,10,20,6,10,2,12內湖區,內湖區東湖路與安康路口,0,0,1,2,F03,6,5,5,50,4,1,1,4,4,5,13,1,1,5,4,5,2,15,2,58,2,9,4,1,7,9,8,20,1,11,,44,,1,21,121.6160606,25.0682312
113,10,20,6,40,2,10文山區,文山區木柵路1段87號,0,0,1,1,C03,6,7,5,50,14,9,1,4,4,5,13,4,4,5,4,5,2,17,1,19,2,7,5,1,7,9,1,10,1,11,,108,,1,21,121.5470545,24.9869854
113,10,20,6,40,2,10文山區,文山區木柵路1段87號,0,0,1,2,B03,6,7,5,50,14,9,1,4,4,5,13,4,4,5,4,5,2,17,1,59,3,10,3,4,7,13,6,8,9,7,,38,,1,21,121.5470545,24.9869854
113,10,20,7,7,2,12內湖區,內湖區東湖路160巷與堤外便道口,0,0,2,1,C03,6,7,5,50,14,9,1,4,4,5,13,2,1,9,5,5,2,13,1,26,2,9,6,1,7,14,1,10,2,13,,108,,1,21,121.6180015,25.0658401
113,10,20,7,7,2,12內湖區,內湖區東湖路160巷與堤外便道口,0,0,2,2,C03,6,7,5,50,14,9,1,4,4,5,13,2,1,9,5,5,2,13,1,25,2,9,6,1,7,9,1,10,2,11,,44,,1,21,121.6180015,25.0658401
113,10,20,8,5,2,11南港區,南港區重陽路與興華路口,0,0,1,1,B03,6,6,5,50,4,1,1,4,4,5,13,2,1,5,4,4,2,16,2,34,3,10,3,4,7,5,1,8,2,8,,8,,1,22,121.6057607,25.0578016
113,10,20,8,5,2,11南港區,南港區重陽路與興華路口,0,0,1,2,C03,6,6,5,50,4,1,1,4,4,5,13,2,1,5,4,4,2,16,1,27,2,9,3,4,7,9,3,18,2,11,,44,,1,21,121.6057607,25.0578016
113,10,20,8,11,2,05中正區,中正區中華路2段333號,0,0,2,1,C03,6,6,5,50,14,7,1,4,4,5,13,4,4,9,4,4,2,17,1,24,2,7,5,1,7,9,6,10,11,11,,108,,1,21,121.506592,25.0272831
113,10,20,8,11,2,05中正區,中正區中華路2段333號,0,0,2,2,F02,6,6,5,50,14,7,1,4,4,5,13,4,4,9,4,4,2,17,1,83,2,9,4,1,7,5,8,20,11,14,,8,,1,21,121.506592,25.0272831
113,10,20,9,0,2,05中正區,中正區愛國西路與博愛路口,0,0,1,1,B03,8,6,5,50,4,1,1,5,4,5,13,2,1,10,4,5,2,16,2,51,3,10,7,4,7,6,1,8,2,2,,9,,1,22,121.5109413,25.03592421
113,10,20,9,0,2,05中正區,中正區愛國西路與博愛路口,0,0,1,2,C03,8,6,5,50,4,1,1,5,4,5,13,2,1,10,4,5,2,16,1,36,2,8,6,4,7,9,1,10,2,11,,44,,1,22,121.5109413,25.03592421
113,10,20,9,2,2,01大同區,大同區敦煌路與哈密街59巷口,0,0,2,1,B03,7,6,5,30,4,1,1,5,4,5,13,4,4,10,5,5,2,17,1,57,3,10,7,1,7,6,1,8,1,2,,9,,1,21,121.5157125,25.0762707
113,10,20,9,2,2,01大同區,大同區敦煌路與哈密街59巷口,0,0,2,2,C03,7,6,5,30,4,1,1,5,4,5,13,4,4,10,5,5,2,17,1,32,2,9,6,1,7,9,1,10,1,14,,14,,1,21,121.5157125,25.0762707
113,10,20,9,2,2,01大同區,大同區敦煌路與哈密街59巷口,0,0,2,3,H02,7,6,5,30,4,1,1,5,4,5,13,4,4,10,5,5,2,17,2,29,2,9,6,5,7,17,8,20,10,16,,67,,1,21,121.5157125,25.0762707
113,10,20,9,19,2,04大安區,大安區市民大道3段第069號燈桿處,0,0,2,1,C03,6,6,5,40,14,9,1,4,4,5,13,4,4,1,4,5,1,12,1,27,2,9,3,4,7,15,1,10,1,12,,118,,1,21,121.5386029,25.04454198
113,10,20,9,19,2,04大安區,大安區市民大道3段第069號燈桿處,0,0,2,2,C03,6,6,5,40,14,9,1,4,4,5,13,4,4,1,4,5,1,12,2,44,2,9,3,4,7,9,1,10,1,14,,118,,1,21,121.5386029,25.04454198
113,10,20,9,47,2,12內湖區,內湖區金龍路與金龍隧道口口,0,0,1,1,B12,6,6,5,50,3,18,1,4,4,5,13,2,1,5,4,5,2,3,1,62,3,10,7,1,7,5,1,8,1,8,,70,,1,21,121.5944089,25.07101375
113,10,20,9,47,2,12內湖區,內湖區金龍路與金龍隧道口口,0,0,1,2,H01,6,6,5,50,3,18,1,4,4,5,13,2,1,5,4,5,2,3,2,54,2,9,4,5,8,16,8,20,10,16,,122,,1,21,121.5944089,25.07101375
113,10,20,9,50,2,09北投區,北投區大度路3段與立德路口口,0,0,1,1,B02,8,6,5,50,3,1,1,5,4,5,13,2,1,1,4,4,2,17,1,52,3,10,7,1,7,5,1,8,2,2,,83,,1,22,121.4714586,25.1229566
113,10,20,9,50,2,09北投區,北投區大度路3段與立德路口口,0,0,1,2,B02,8,6,5,50,3,1,1,5,4,5,13,2,1,1,4,4,2,17,1,66,3,10,7,1,7,9,1,8,2,1,,44,,1,21,121.4714586,25.1229566
113,10,20,9,50,2,09北投區,北投區大度路3段與立德路口口,0,0,1,3,H02,8,6,5,50,3,1,1,5,4,5,13,2,1,1,4,4,2,17,2,52,2,9,3,5,7,20,8,20,10,16,,67,,1,22,121.4714586,25.1229566
113,10,20,9,58,2,04大安區,大安區信義路3段與信義路3段134巷口,0,0,1,1,F01,6,6,5,50,4,1,1,4,4,5,11,2,1,1,4,5,1,15,2,30,3,10,4,4,7,9,8,20,1,11,,81,,1,21,121.5394931,25.0333223
113,10,20,9,58,2,04大安區,大安區信義路3段與信義路3段134巷口,0,0,1,2,C03,6,6,5,50,4,1,1,4,4,5,11,2,1,1,4,5,1,15,1,28,2,9,6,4,7,9,1,10,1,11,,44,,1,21,121.5394931,25.0333223
113,10,20,10,10,2,05中正區,中正區懷寧街與開封街1段口,0,0,1,1,B01,7,6,5,50,4,1,1,4,4,5,13,3,1,5,5,5,2,15,1,62,3,10,7,1,7,9,1,4,2,8,,80,,1,22,121.5141618,25.04603387