發生年度,發生月,發生日,發生時-Hours,發生分,處理別-編號,區序,肇事地點,死亡人數,2-30日死亡人數,受傷人數,當事人序號,車種,天候,道路照明設備,道路類別,速限-速度限制,道路型態,事故位置,路面狀況1,路面狀況2,路面狀況3,道路障礙1,道路障礙2,號誌1,號誌2,車道劃分-分向,車道劃分-分道1,車道劃分-分道2,車道劃分-分道3,事故類型及型態,性別,年齡,受傷程度,主要傷處,保護裝置,行動電話,車輛用途,當事者行動狀態,駕駛資格情形,駕駛執照種類,飲酒情形,車輛撞擊部位1,車輛撞擊部位2,肇因碼-個別,肇因碼-主要,個人肇逃否,職業,座標-X,座標-Y
113,10,20,10,10,2,05中正區,中正區懷寧街與開封街1段口,0,0,1,2,C03,7,6,5,50,4,1,1,4,4,5,13,3,1,5,5,5,2,15,1,76,2,9,5,1,7,9,1,10,2,12,,44,,1,22,121.5141618,25.04603387
113,10,20,10,29,2,03中山區,中山區林森北路383巷與民生東路1段61巷口,0,0,1,1,B01,7,7,5,30,3,2,1,5,4,5,13,4,4,10,5,5,1,17,1,54,3,10,7,1,7,5,1,4,1,8,,8,,1,21,121.5261822,25.05891529
113,10,20,10,29,2,03中山區,中山區林森北路383巷與民生東路1段61巷口,0,0,1,2,C03,7,7,5,30,3,2,1,5,4,5,13,4,4,10,5,5,1,17,1,56,2,8,5,1,7,6,1,10,1,14,,44,,1,21,121.5261822,25.05891529
113,10,20,10,49,2,07信義區,信義區忠孝東路4段516號,0,0,1,1,C03,6,6,5,50,14,9,1,4,4,5,13,4,4,5,5,5,2,17,2,60,2,9,5,4,7,9,1,10,2,14,,118,,1,21,121.5628634,25.0411004
113,10,20,10,49,2,07信義區,信義區忠孝東路4段516號,0,0,1,2,C03,6,6,5,50,14,9,1,4,4,5,13,4,4,5,5,5,2,17,2,47,3,10,6,4,7,9,1,10,2,17,,44,,1,21,121.5628634,25.0411004
113,10,20,11,4,2,04大安區,大安區辛亥路3段往西(青峰活動中心站牌前),0,0,2,1,C03,6,7,5,50,14,9,1,4,4,5,13,4,4,10,4,5,2,13,1,20,2,9,6,1,7,9,1,10,1,11,,16,,1,21,121.5507701,25.0159364
113,10,20,11,4,2,04大安區,大安區辛亥路3段往西(青峰活動中心站牌前),0,0,2,2,B02,6,7,5,50,14,9,1,4,4,5,13,4,4,10,4,5,2,13,1,42,3,10,7,1,7,9,1,8,1,3,,44,,1,21,121.5507701,25.0159364
113,10,20,11,4,2,04大安區,大安區辛亥路3段往西(青峰活動中心站牌前),0,0,2,3,C03,6,7,5,50,14,9,1,4,4,5,13,4,4,10,4,5,2,13,2,56,2,9,6,1,7,9,1,10,1,11,,16,,1,21,121.5507701,25.0159364
113,10,20,11,5,2,12內湖區,內湖區環山路2段59號停車格,0,0,2,1,B03,6,6,5,50,14,9,1,4,4,5,13,4,4,5,4,5,2,17,1,69,3,10,7,1,7,11,1,8,2,8,,10,,1,21,121.5705351,25.0864393
113,10,20,11,5,2,12內湖區,內湖區環山路2段59號停車格,0,0,2,2,C03,6,6,5,50,14,9,1,4,4,5,13,4,4,5,4,5,2,17,1,33,2,9,6,1,7,9,1,10,2,11,,44,,1,21,121.5705351,25.0864393
113,10,20,11,5,2,12內湖區,內湖區環山路2段59號停車格,0,0,2,3,H02,6,6,5,50,14,9,1,4,4,5,13,4,4,5,4,5,2,17,2,31,2,9,6,5,7,20,8,20,10,16,,67,,1,21,121.5705351,25.0864393
113,10,20,11,28,2,02萬華區,萬華區富民路155巷與富民路145巷36弄口,0,0,1,1,C03,6,7,5,30,3,2,1,4,4,1,13,4,4,10,5,5,2,17,1,56,2,9,6,1,7,5,1,10,1,12,,72,,1,21,121.5014969,25.01871942
113,10,20,11,28,2,02萬華區,萬華區富民路155巷與富民路145巷36弄口,0,0,1,2,B03,6,7,5,30,3,2,1,4,4,1,13,4,4,10,5,5,2,17,1,46,3,10,7,1,7,9,1,8,1,8,,14,,1,21,121.5014969,25.01871942
113,10,20,11,40,2,03中山區,中山區長春路208號與長春路口無名巷,0,0,1,1,C03,8,7,5,40,3,1,1,5,4,5,13,4,4,5,2,5,2,17,1,23,3,10,5,1,7,9,1,10,1,11,,16,,1,21,121.5373413,25.05474475
113,10,20,11,40,2,03中山區,中山區長春路208號與長春路口無名巷,0,0,1,2,C03,8,7,5,40,3,1,1,5,4,5,13,4,4,5,2,5,2,17,1,54,2,9,5,1,7,9,1,10,1,13,,16,,1,21,121.5373413,25.05474475
113,10,20,11,46,1,03中山區,中山區吉林路與新生北路3段3巷口,1,0,0,1,B03,8,7,5,30,4,1,1,5,4,5,13,4,4,10,5,5,2,15,2,39,3,10,7,1,7,9,1,8,2,2,,72,,1,21,121.5303549,25.0631369
113,10,20,11,46,1,03中山區,中山區吉林路與新生北路3段3巷口,1,0,0,2,C03,8,7,5,30,4,1,1,5,4,5,13,4,4,10,5,5,2,15,1,57,1,9,5,1,7,9,1,10,9,11,,13,,1,21,121.5303549,25.0631369
113,10,20,12,10,2,09北投區,北投區石牌路2段201號,0,0,1,1,C03,7,6,5,50,14,9,1,5,4,5,13,1,1,9,4,5,2,13,1,49,2,9,5,1,7,9,1,10,1,11,,16,,1,21,121.5198967,25.11865235
113,10,20,12,10,2,09北投區,北投區石牌路2段201號,0,0,1,2,B02,7,6,5,50,14,9,1,5,4,5,13,1,1,9,4,5,2,13,2,29,3,10,7,1,7,9,1,8,1,3,,44,,1,21,121.5198967,25.11865235
113,10,20,12,33,2,11南港區,南港區市民大道8段與中南街口,0,0,1,1,B03,6,6,5,50,5,1,1,4,4,5,13,1,1,1,4,5,2,16,1,33,3,10,7,1,7,11,1,8,1,5,,10,,1,21,121.6151239,25.054377
113,10,20,12,33,2,11南港區,南港區市民大道8段與中南街口,0,0,1,2,C03,6,6,5,50,5,1,1,4,4,5,13,1,1,1,4,5,2,16,1,27,2,9,6,1,7,9,1,10,1,11,,44,,1,21,121.6151239,25.054377
113,10,20,12,56,2,02萬華區,萬華區民和街與萬大路口,0,0,1,1,C03,7,7,5,30,4,1,4,5,4,5,13,1,1,5,5,5,2,17,2,61,2,5,5,1,7,5,1,10,1,14,,44,,1,21,121.5005073,25.02632957
113,10,20,12,56,2,02萬華區,萬華區民和街與萬大路口,0,0,1,2,B03,7,7,5,30,4,1,4,5,4,5,13,1,1,5,5,5,2,17,1,33,3,10,7,1,7,5,1,4,1,5,,108,,1,21,121.5005073,25.02632957
113,10,20,13,22,2,01大同區,大同區南京西路與承德路1段口,0,0,2,1,B03,7,6,5,50,14,9,1,5,4,5,13,4,4,8,3,4,1,16,1,27,3,10,3,4,7,8,1,8,1,5,,95,,1,21,121.517569,25.05325321
113,10,20,13,22,2,01大同區,大同區南京西路與承德路1段口,0,0,2,2,B03,7,6,5,50,14,9,1,5,4,5,13,4,4,8,3,4,1,16,1,59,3,10,3,4,7,9,1,8,1,4,,44,,1,21,121.517569,25.05325321
113,10,20,13,22,2,01大同區,大同區南京西路與承德路1段口,0,0,2,4,H02,7,6,5,50,14,9,1,5,4,5,13,4,4,8,3,4,1,16,2,59,2,2,3,5,7,20,8,20,10,16,,67,,1,21,121.517569,25.05325321
113,10,20,13,22,2,01大同區,大同區南京西路與承德路1段口,0,0,2,3,H02,7,6,5,50,14,9,1,5,4,5,13,4,4,8,3,4,1,16,2,25,2,8,3,5,7,20,8,20,10,16,,67,,1,22,121.517569,25.05325321
113,10,20,13,46,2,07信義區,信義區吳興街與吳興街350巷口,0,0,1,1,B03,6,7,5,30,3,1,1,4,4,5,13,4,4,10,5,5,2,16,1,55,3,10,7,1,7,9,1,8,1,8,,72,,1,21,121.5664366,25.0257869
113,10,20,13,46,2,07信義區,信義區吳興街與吳興街350巷口,0,0,1,2,C03,6,7,5,30,3,1,1,4,4,5,13,4,4,10,5,5,2,16,2,29,2,9,5,1,7,9,1,10,1,11,,14,,1,21,121.5664366,25.0257869
113,10,20,14,42,2,04大安區,大安區復興南路2段280號,0,0,1,1,B03,7,7,5,0,22,20,5,4,4,5,13,4,4,10,5,5,2,17,2,51,3,10,3,4,7,1,1,8,1,1,,108,,1,21,121.5432864,25.0243349
113,10,20,14,42,2,04大安區,大安區復興南路2段280號,0,0,1,2,F01,7,7,5,0,22,20,5,4,4,5,13,4,4,10,5,5,2,17,2,42,2,9,3,4,7,9,8,20,1,12,,44,,1,21,121.5432864,25.0243349
113,10,20,14,49,2,11南港區,南港區昆陽街與東新街口,0,0,1,1,B03,6,6,5,50,5,1,1,4,4,5,13,1,1,5,4,5,2,16,1,52,3,10,7,1,7,6,1,8,1,2,,9,,1,21,121.5940559,25.0486705
113,10,20,14,49,2,11南港區,南港區昆陽街與東新街口,0,0,1,2,C03,6,6,5,50,5,1,1,4,4,5,13,1,1,5,4,5,2,16,2,69,2,9,5,1,7,9,1,10,1,14,,44,,1,21,121.5940559,25.0486705
113,10,20,16,15,2,08士林區,士林區中山北路6段與天母東路口口,0,0,2,1,C03,7,7,5,50,14,8,1,5,4,5,13,2,1,1,3,4,2,12,1,62,2,9,5,1,7,21,1,10,2,11,,101,,1,22,121.5301806,25.1183424
113,10,20,16,15,2,08士林區,士林區中山北路6段與天母東路口口,0,0,2,2,B03,7,7,5,50,14,8,1,5,4,5,13,2,1,1,3,4,2,12,1,44,3,10,3,4,7,9,1,8,2,2,,13,,1,22,121.5301806,25.1183424
113,10,20,16,15,2,08士林區,士林區中山北路6段與天母東路口口,0,0,2,3,H02,7,7,5,50,14,8,1,5,4,5,13,2,1,1,3,4,2,12,2,73,2,9,5,5,7,20,8,20,10,16,,67,,1,22,121.5301806,25.1183424
113,10,20,16,38,2,08士林區,士林區承德橋南往北,0,0,1,1,C03,7,6,5,40,8,9,1,5,4,5,13,4,4,4,4,5,1,18,1,67,2,9,6,1,7,9,3,18,1,14,,42,,1,21,121.5219356,25.07972948
113,10,20,16,38,2,08士林區,士林區承德橋南往北,0,0,1,2,,7,6,5,40,8,9,1,5,4,5,13,4,4,4,4,5,1,18,3,0,,,,,,,,,,,,67,,1,,121.5219356,25.07972948
113,10,20,17,25,2,02萬華區,萬華區西園路2段96巷與西園路2段140巷口,0,0,1,1,C03,7,5,5,50,5,1,1,5,4,5,12,4,4,9,5,5,2,17,2,66,2,9,5,1,7,5,1,10,1,15,,8,,1,21,121.4952681,25.0312859
113,10,20,17,25,2,02萬華區,萬華區西園路2段96巷與西園路2段140巷口,0,0,1,2,C03,7,5,5,50,5,1,1,5,4,5,12,4,4,9,5,5,2,17,1,43,3,10,5,1,7,9,6,10,1,11,,44,,1,21,121.4952681,25.0312859
113,10,20,17,37,2,04大安區,(和平東路3段228巷16號前),0,0,1,1,C03,6,5,5,50,14,9,1,4,4,5,13,4,4,9,5,5,2,12,1,49,3,10,3,4,7,7,1,10,1,14,,101,,1,22,121.5546583,25.0219634
113,10,20,17,37,2,04大安區,(和平東路3段228巷16號前),0,0,1,2,C03,6,5,5,50,14,9,1,4,4,5,13,4,4,9,5,5,2,12,1,40,2,9,3,4,7,9,1,10,1,11,,44,,1,22,121.5546583,25.0219634
113,10,20,17,56,2,07信義區,信義區中坡南路與忠孝東路5段790巷23弄口,0,0,1,1,C03,6,5,5,50,4,1,1,4,4,5,13,4,4,5,4,4,2,3,1,47,3,10,6,1,7,9,1,9,2,11,,70,,1,21,121.5832456,25.0430638
113,10,20,17,56,2,07信義區,信義區中坡南路與忠孝東路5段790巷23弄口,0,0,1,2,H01,6,5,5,50,4,1,1,4,4,5,13,4,4,5,4,4,2,3,1,71,2,8,4,5,8,16,8,20,10,16,,67,,1,21,121.5832456,25.0430638
113,10,20,18,31,2,04大安區,大安區市民大道4段122號,0,0,2,1,C03,6,5,5,40,14,9,1,4,4,3,10,4,4,1,3,5,1,17,2,22,2,9,5,1,7,15,1,10,1,11,,107,,1,22,121.5506322,25.0445307
113,10,20,18,31,2,04大安區,大安區市民大道4段122號,0,0,2,2,B03,6,5,5,40,14,9,1,4,4,3,10,4,4,1,3,5,1,17,2,49,3,10,3,4,7,13,1,8,1,7,,38,,1,22,121.5506322,25.0445307
113,10,20,18,31,2,04大安區,大安區市民大道4段122號,0,0,2,3,C03,6,5,5,40,14,9,1,4,4,3,10,4,4,1,3,5,1,17,2,29,2,8,5,1,7,9,1,10,1,11,,44,,1,22,121.5506322,25.0445307
113,10,20,19,15,2,07信義區,信義區吳興街260巷與吳興街口側附近口,0,0,1,1,C03,6,5,5,30,4,18,1,4,4,5,13,4,4,5,5,5,2,3,2,23,3,10,6,1,7,9,1,10,9,11,,70,,1,21,121.5639149,25.0268465
113,10,20,19,15,2,07信義區,信義區吳興街260巷與吳興街口側附近口,0,0,1,2,H01,6,5,5,30,4,18,1,4,4,5,13,4,4,5,5,5,2,3,1,30,2,7,4,5,8,18,8,20,10,16,,67,,1,21,121.5639149,25.0268465
113,10,20,19,23,2,11南港區,南港區重陽路72號對面,0,0,1,1,B03,6,5,5,40,14,8,1,4,4,5,13,4,4,5,4,4,2,12,2,45,3,10,3,4,7,7,1,8,2,8,,100,,1,22,121.5977609,25.0560778
113,10,20,19,23,2,11南港區,南港區重陽路72號對面,0,0,1,2,C03,6,5,5,40,14,8,1,4,4,5,13,4,4,5,4,4,2,12,1,34,2,9,6,4,7,9,1,10,2,12,,44,,1,29,121.5977609,25.0560778
113,10,20,19,23,2,11南港區,南港區重陽路72號對面,0,0,1,3,B01,6,5,5,40,14,8,1,4,4,5,13,4,4,5,4,4,2,12,4,0,,,,,,,,,11,,,119,,2,,121.5977609,25.0560778
113,10,20,19,31,2,07信義區,信義區和平東路3段與富陽街口,0,0,1,1,C03,6,5,5,50,4,2,1,4,4,5,13,2,1,10,4,5,2,9,1,22,3,10,6,1,7,6,1,10,9,12,,70,,1,22,121.5565858,25.0208354
113,10,20,19,31,2,07信義區,信義區和平東路3段與富陽街口,0,0,1,2,H01,6,5,5,50,4,2,1,4,4,5,13,2,1,10,4,5,2,9,1,26,2,7,4,5,8,16,8,20,10,16,,67,,1,22,121.5565858,25.0208354
113,10,20,20,0,2,03中山區,中山區中山北路1段27號,0,0,1,1,C03,7,5,5,50,14,9,1,5,4,5,13,4,4,9,4,5,2,12,1,41,3,10,6,1,7,9,1,10,1,12,,17,,1,21,121.5210423,25.04867463
113,10,20,20,0,2,03中山區,中山區中山北路1段27號,0,0,1,2,C03,7,5,5,50,14,9,1,5,4,5,13,4,4,9,4,5,2,12,1,24,2,8,6,1,7,14,1,10,1,17,,44,,1,21,121.5210423,25.04867463
113,10,20,20,7,2,05中正區,中正區愛國西路30號,0,0,1,1,C03,7,5,5,50,14,9,1,5,4,5,13,4,4,1,4,5,2,13,2,37,2,9,5,1,7,9,1,10,1,11,,16,,1,22,121.5097298,25.0358774
113,10,20,20,7,2,05中正區,中正區愛國西路30號,0,0,1,2,C03,7,5,5,50,14,9,1,5,4,5,13,4,4,1,4,5,2,13,2,27,3,10,5,1,7,12,3,18,1,13,,44,,1,22,121.5097298,25.0358774
113,10,20,20,7,2,07信義區,信義區光復南路271號,0,0,1,1,C03,6,5,5,50,14,9,1,4,4,5,13,4,4,1,4,5,2,17,1,30,2,9,6,1,7,9,1,10,1,17,,42,,1,21,121.557748,25.0406636
113,10,20,20,7,2,07信義區,信義區光復南路271號,0,0,1,2,B01,6,5,5,50,14,9,1,4,4,5,13,4,4,1,4,5,2,17,1,65,3,10,7,1,7,8,1,4,9,17,,100,,1,21,121.557748,25.0406636
113,10,20,20,16,2,01大同區,大同區延平北路3段4號,0,0,2,1,C03,8,6,5,50,14,9,1,5,4,5,13,4,4,5,4,5,2,17,1,64,2,9,3,4,7,11,1,10,2,12,,42,,1,21,121.5111967,25.0634247
113,10,20,20,16,2,01大同區,大同區延平北路3段4號,0,0,2,2,C03,8,6,5,50,14,9,1,5,4,5,13,4,4,5,4,5,2,17,2,25,2,9,3,4,7,9,1,10,2,11,,42,,1,21,121.5111967,25.0634247
113,10,20,20,32,2,11南港區,南港區南港路1段與南港路1段277巷口口,0,0,1,1,B03,6,5,6,50,3,1,1,4,4,5,13,2,1,4,4,5,1,16,2,37,3,10,3,4,7,5,1,8,1,1,,71,,1,22,121.6086063,25.054673
113,10,20,20,32,2,11南港區,南港區南港路1段與南港路1段277巷口口,0,0,1,2,C03,6,5,6,50,3,1,1,4,4,5,13,2,1,4,4,5,1,16,1,29,2,9,5,4,7,9,1,9,1,11,,44,,1,22,121.6086063,25.054673
113,10,20,20,59,2,07信義區,信義區忠孝東路5段372巷27弄82-1號,0,0,1,1,B03,7,5,5,30,11,9,1,5,4,5,13,4,4,10,4,5,2,1,1,61,3,10,7,4,7,5,1,8,9,8,,101,,1,21,121.5759875,25.0395322
113,10,20,20,59,2,07信義區,信義區忠孝東路5段372巷27弄82-1號,0,0,1,2,H01,7,5,5,30,11,9,1,5,4,5,13,4,4,10,4,5,2,1,2,77,2,8,4,5,8,17,8,20,10,16,,67,,1,21,121.5759875,25.0395322
113,10,20,21,50,2,06松山區,松山區南京東路5段與南京東路5段250巷口,0,0,1,1,B03,6,5,5,50,4,1,1,4,4,5,13,1,1,1,4,5,2,17,1,29,3,10,7,1,7,6,1,8,1,6,,9,,1,21,121.5661566,25.0512342
113,10,20,21,50,2,06松山區,松山區南京東路5段與南京東路5段250巷口,0,0,1,2,C04,6,5,5,50,4,1,1,4,4,5,13,1,1,1,4,5,2,17,2,36,2,8,6,1,7,9,1,21,1,14,,44,,1,21,121.5661566,25.0512342
113,10,20,22,26,2,08士林區,士林區復興橋與仰德大道1段口,0,0,1,1,B03,7,6,5,50,5,2,1,5,4,5,13,1,1,6,4,5,2,12,1,25,3,10,3,4,7,8,1,8,2,2,,2,,1,21,121.5374757,25.10058
113,10,20,22,26,2,08士林區,士林區復興橋與仰德大道1段口,0,0,1,2,C03,7,6,5,50,5,2,1,5,4,5,13,1,1,6,4,5,2,12,1,20,2,9,6,1,7,9,1,10,2,11,,44,,1,21,121.5374757,25.10058
113,10,20,22,52,2,07信義區,信義區信義路5段與松智路口,0,0,1,1,B03,6,5,5,50,4,18,1,4,4,5,13,2,1,9,4,5,1,3,1,58,3,10,3,4,7,5,1,8,1,1,,70,,1,22,121.5652654,25.0329812
113,10,20,22,52,2,07信義區,信義區信義路5段與松智路口,0,0,1,2,H01,6,5,5,50,4,18,1,4,4,5,13,2,1,9,4,5,1,3,2,64,2,9,4,5,8,16,8,20,10,16,,67,,1,22,121.5652654,25.0329812
113,10,21,6,26,2,09北投區,北投區榮華三路42巷與懷德街98巷口,0,0,2,1,C03,8,7,5,30,4,1,1,5,4,5,13,4,4,10,5,5,2,15,2,21,2,8,5,1,7,9,1,10,2,11,,72,,1,22,121.5213991,25.11238177
113,10,21,6,26,2,09北投區,北投區榮華三路42巷與懷德街98巷口,0,0,2,2,C03,8,7,5,30,4,1,1,5,4,5,13,4,4,10,5,5,2,15,1,75,2,9,5,1,7,9,1,10,2,14,,44,,1,22,121.5213991,25.11238177
113,10,21,6,57,2,07信義區,信義區基隆路1段與東興路口,0,0,1,1,F01,8,7,5,0,5,2,1,5,4,5,13,1,1,1,4,5,2,17,4,0,,,,,,,,,,,,119,,2,,121.5670061,25.0460063
113,10,21,6,57,2,07信義區,信義區基隆路1段與東興路口,0,0,1,2,F01,8,7,5,0,5,2,1,5,4,5,13,1,1,1,4,5,2,17,2,59,2,8,4,4,7,9,8,20,9,12,,44,,1,21,121.5670061,25.0460063
113,10,21,7,10,2,07信義區,信義區市民大道6段316號旁,0,0,1,1,B03,8,6,8,0,22,22,4,5,4,5,13,4,4,10,5,5,2,17,2,56,3,10,3,4,7,1,1,8,1,1,,19,,1,21,121.5797601,25.04886981
113,10,21,7,10,2,07信義區,信義區市民大道6段316號旁,0,0,1,2,F01,8,6,8,0,22,22,4,5,4,5,13,4,4,10,5,5,2,17,2,58,2,9,4,1,7,9,8,20,1,12,,44,,1,21,121.5797601,25.04886981
113,10,21,7,24,2,07信義區,信義區福德街與福德街300巷口,0,0,2,1,C03,8,7,5,50,3,1,1,5,4,5,13,4,4,9,4,5,2,13,1,42,2,9,5,1,7,9,1,10,9,11,,16,,1,21,121.5875301,25.0393063
113,10,21,7,24,2,07信義區,信義區福德街與福德街300巷口,0,0,2,2,B03,8,7,5,50,3,1,1,5,4,5,13,4,4,9,4,5,2,13,2,54,3,10,7,1,7,12,1,8,9,6,,44,,1,21,121.5875301,25.0393063
113,10,21,7,24,2,07信義區,信義區福德街與福德街300巷口,0,0,2,3,H02,8,7,5,50,3,1,1,5,4,5,13,4,4,9,4,5,2,13,2,9,2,9,5,5,7,20,8,20,10,16,,67,,1,21,121.5875301,25.0393063
113,10,21,7,24,2,07信義區,信義區福德街與福德街300巷口,0,0,2,4,C03,8,7,5,50,3,1,1,5,4,5,13,4,4,9,4,5,2,13,1,48,3,10,5,1,7,6,1,10,9,17,,72,,1,21,121.5875301,25.0393063
113,10,21,7,38,2,05中正區,中正區重慶南路1段與漢口街1段口,0,0,1,1,C03,7,5,5,50,4,2,1,5,4,5,13,2,1,10,2,5,2,16,1,24,2,9,5,1,7,5,1,10,1,14,,8,,1,22,121.5132736,25.0452443
113,10,21,7,38,2,05中正區,中正區重慶南路1段與漢口街1段口,0,0,1,2,C03,7,5,5,50,4,2,1,5,4,5,13,2,1,10,2,5,2,16,1,36,3,10,5,1,7,9,1,10,1,12,,44,,1,22,121.5132736,25.0452443
113,10,21,7,40,2,10文山區,文山區興隆路4段46巷與木柵路2段54巷口,0,0,1,1,B03,7,6,5,50,3,1,1,5,4,5,13,4,4,9,5,5,2,16,1,42,3,10,7,1,7,1,1,8,1,1,,19,,1,21,121.559188,24.9877639
113,10,21,7,40,2,10文山區,文山區興隆路4段46巷與木柵路2段54巷口,0,0,1,2,C03,7,6,5,50,3,1,1,5,4,5,13,4,4,9,5,5,2,16,1,44,3,10,5,1,7,9,1,10,1,14,,44,,1,21,121.559188,24.9877639
113,10,21,7,40,2,10文山區,文山區興隆路4段46巷與木柵路2段54巷口,0,0,1,3,H02,7,6,5,50,3,1,1,5,4,5,13,4,4,9,5,5,2,16,2,9,2,8,5,5,7,20,8,20,10,16,,67,,1,21,121.559188,24.9877639
113,10,21,7,43,2,10文山區,文山區辛亥路4段與興隆路3段口口,0,0,1,1,C03,8,6,5,50,4,1,1,5,4,5,13,2,1,1,4,5,2,13,2,60,2,9,6,1,7,5,1,11,1,11,,16,,1,21,121.5546445,25.0008749
113,10,21,7,43,2,10文山區,文山區辛亥路4段與興隆路3段口口,0,0,1,2,B03,8,6,5,50,4,1,1,5,4,5,13,2,1,1,4,5,2,13,1,57,3,10,7,1,7,5,1,8,1,3,,8,,1,21,121.5546445,25.0008749
113,10,21,7,48,2,02萬華區,萬華區艋舺大道56號,0,0,1,1,B03,8,7,5,50,14,9,1,5,4,5,13,4,4,1,4,4,2,17,1,20,3,10,7,1,7,8,3,18,1,7,,100,,1,21,121.5039242,25.03357488
113,10,21,7,48,2,02萬華區,萬華區艋舺大道56號,0,0,1,2,C03,8,7,5,50,14,9,1,5,4,5,13,4,4,1,4,4,2,17,1,29,2,9,5,1,7,9,1,10,1,14,,44,,1,21,121.5039242,25.03357488
113,10,21,8,1,2,08士林區,士林區士東路91巷與中山北路6段776巷口,0,0,1,1,B12,8,6,5,30,3,2,1,5,4,5,13,3,1,10,5,5,1,16,1,61,3,10,7,1,7,6,1,8,2,8,,72,,1,21,121.530079,25.1141491
113,10,21,8,1,2,08士林區,士林區士東路91巷與中山北路6段776巷口,0,0,1,2,C03,8,6,5,30,3,2,1,5,4,5,13,3,1,10,5,5,1,16,1,26,2,8,5,1,7,9,1,10,2,11,,14,,1,21,121.530079,25.1141491
113,10,21,8,26,2,05中正區,中正區濟南路2段與泰安街口,0,0,1,1,F01,7,6,5,50,3,1,1,5,4,5,12,4,4,10,5,5,2,16,2,28,2,9,2,4,7,5,8,20,2,12,,74,,1,22,121.5284067,25.04102547
113,10,21,8,26,2,05中正區,中正區濟南路2段與泰安街口,0,0,1,2,B01,7,6,5,50,3,1,1,5,4,5,12,4,4,10,5,5,2,16,1,64,3,10,7,4,7,9,1,4,2,1,,44,,1,21,121.5284067,25.04102547
113,10,21,8,43,2,04大安區,大安區基隆路3段75號,0,0,1,1,C03,7,7,5,50,14,9,1,5,4,5,13,4,4,1,4,5,2,13,2,45,3,10,5,4,7,9,1,10,11,11,,16,,1,21,121.5473026,25.01960797
113,10,21,8,43,2,04大安區,大安區基隆路3段75號,0,0,1,2,C03,7,7,5,50,14,9,1,5,4,5,13,4,4,1,4,5,2,13,1,25,2,8,3,4,7,9,1,9,1,13,,44,,1,21,121.5473026,25.01960797
113,10,21,9,0,2,08士林區,士林區社中街37號,0,0,1,1,B03,8,6,5,50,14,9,1,5,4,5,13,4,4,9,5,5,2,17,1,25,3,10,7,1,7,11,1,8,1,8,,10,,1,21,121.510473,25.0879211
113,10,21,9,0,2,08士林區,士林區社中街37號,0,0,1,2,C03,8,6,5,50,14,9,1,5,4,5,13,4,4,9,5,5,2,17,1,25,2,9,5,1,7,9,1,10,1,12,,44,,1,21,121.510473,25.0879211
113,10,21,9,36,2,04大安區,大安區龍泉街93巷11號,0,0,1,1,C03,7,7,5,30,22,9,1,5,4,4,13,4,4,10,5,5,2,17,2,40,2,9,3,4,7,9,1,21,1,12,,108,,1,21,121.5292744,25.02192561
113,10,21,9,36,2,04大安區,大安區龍泉街93巷11號,0,0,1,2,B03,7,7,5,30,22,9,1,5,4,4,13,4,4,10,5,5,2,17,1,64,3,10,3,4,7,13,1,21,1,4,,44,,1,21,121.5292744,25.02192561
113,10,21,9,37,2,09北投區,北投區文林北路與文承路口,0,0,1,1,B03,8,7,5,50,4,1,1,5,4,5,13,1,1,1,4,4,2,16,1,41,3,10,7,1,7,5,1,8,2,2,,80,,1,22,121.5165377,25.1060609
113,10,21,9,37,2,09北投區,北投區文林北路與文承路口,0,0,1,2,C03,8,7,5,50,4,1,1,5,4,5,13,1,1,1,4,4,2,16,1,29,2,9,5,1,7,9,1,10,2,11,,44,,1,22,121.5165377,25.1060609
113,10,21,10,20,2,09北投區,北投區中和街20巷56號,0,0,1,1,B03,8,6,5,30,14,9,1,5,4,5,13,4,4,9,5,5,2,16,1,40,3,10,7,1,7,5,1,8,1,5,,80,,1,21,121.5047982,25.13890562
113,10,21,10,20,2,09北投區,北投區中和街20巷56號,0,0,1,2,C03,8,6,5,30,14,9,1,5,4,5,13,4,4,9,5,5,2,16,2,52,2,8,5,1,7,9,1,10,1,14,,44,,1,21,121.5047982,25.13890562
113,10,21,10,47,2,06松山區,松山區市民大道4段與敦化南路1段口,0,0,1,1,B03,8,7,5,40,4,1,1,5,4,5,13,1,1,1,4,5,2,17,1,65,3,10,7,1,7,7,1,8,2,7,,44,,1,21,121.5484398,25.0450042
113,10,21,10,47,2,06松山區,松山區市民大道4段與敦化南路1段口,0,0,1,2,C03,8,7,5,40,4,1,1,5,4,5,13,1,1,1,4,5,2,17,1,21,2,9,6,1,7,7,1,10,2,12,,100,,1,21,121.5484398,25.0450042
113,10,21,11,19,2,01大同區,大同區承德路3段與承德路3段254巷口,0,0,1,2,C03,8,7,5,50,4,2,1,5,4,5,13,2,1,1,4,5,2,17,1,73,2,9,5,1,7,9,1,10,2,17,,44,,1,22,121.5190637,25.0731642
113,10,21,11,19,2,01大同區,大同區承德路3段與承德路3段254巷口,0,0,1,1,B01,8,7,5,50,4,2,1,5,4,5,13,2,1,1,4,5,2,17,1,54,4,11,3,4,7,6,7,19,11,17,,9,,2,22,121.5190637,25.0731642