發生年度,發生月,發生日,發生時-Hours,發生分,處理別-編號,區序,肇事地點,死亡人數,2-30日死亡人數,受傷人數,當事人序號,車種,天候,道路照明設備,道路類別,速限-速度限制,道路型態,事故位置,路面狀況1,路面狀況2,路面狀況3,道路障礙1,道路障礙2,號誌1,號誌2,車道劃分-分向,車道劃分-分道1,車道劃分-分道2,車道劃分-分道3,事故類型及型態,性別,年齡,受傷程度,主要傷處,保護裝置,行動電話,車輛用途,當事者行動狀態,駕駛資格情形,駕駛執照種類,飲酒情形,車輛撞擊部位1,車輛撞擊部位2,肇因碼-個別,肇因碼-主要,個人肇逃否,職業,座標-X,座標-Y
113,10,21,11,33,2,02萬華區,萬華區昆明街與開封街2段口,0,0,2,1,C03,8,6,5,50,4,1,1,5,4,5,13,2,1,10,4,5,2,17,2,57,2,9,6,1,7,5,1,10,1,14,,8,,1,21,121.5059156,25.0468392
113,10,21,11,33,2,02萬華區,萬華區昆明街與開封街2段口,0,0,2,2,C03,8,6,5,50,4,1,1,5,4,5,13,2,1,10,4,5,2,17,1,51,3,10,6,1,7,9,1,10,1,12,,44,,1,21,121.5059156,25.0468392
113,10,21,11,33,2,02萬華區,萬華區昆明街與開封街2段口,0,0,2,3,H02,8,6,5,50,4,1,1,5,4,5,13,2,1,10,4,5,2,17,2,51,2,8,4,5,7,20,8,20,10,16,,67,,1,21,121.5059156,25.0468392
113,10,21,11,45,2,09北投區,北投區明德路29號,0,0,1,1,B03,8,6,5,50,14,9,1,5,4,5,13,4,4,9,4,5,2,16,1,45,3,10,7,1,7,8,1,8,1,2,,9,,1,21,121.5177474,25.1072799
113,10,21,11,45,2,09北投區,北投區明德路29號,0,0,1,2,C03,8,6,5,50,14,9,1,5,4,5,13,4,4,9,4,5,2,16,1,69,2,3,5,1,7,9,1,10,1,14,,44,,1,21,121.5177474,25.1072799
113,10,21,12,37,2,11南港區,南港區忠孝東路6段與忠孝東路6段81巷口,0,0,1,1,C03,7,6,5,30,4,2,1,5,4,5,13,4,4,10,5,5,2,15,2,30,2,9,6,1,7,9,1,10,9,11,,80,,1,21,121.5844649,25.0479056
113,10,21,12,37,2,11南港區,南港區忠孝東路6段與忠孝東路6段81巷口,0,0,1,2,C03,7,6,5,30,4,2,1,5,4,5,13,4,4,10,5,5,2,15,1,65,3,10,6,1,7,9,1,10,9,14,,108,,1,21,121.5844649,25.0479056
113,10,21,12,41,2,12內湖區,內湖區舊宗路2段207號與舊宗路2段口,0,0,1,1,C03,7,6,5,50,3,1,1,5,4,5,13,4,4,1,4,5,2,16,1,32,2,9,5,1,7,8,1,10,1,12,,100,,1,21,121.5737643,25.0726878
113,10,21,12,41,2,12內湖區,內湖區舊宗路2段207號與舊宗路2段口,0,0,1,2,B03,7,6,5,50,3,1,1,5,4,5,13,4,4,1,4,5,2,16,1,55,3,10,7,1,7,5,1,8,1,4,,44,,1,21,121.5737643,25.0726878
113,10,21,13,7,2,08士林區,士林區中山北路6段與德行東路口,0,0,1,1,C03,8,6,5,50,4,2,1,5,4,5,13,2,1,1,4,5,1,17,1,76,3,10,5,1,7,5,1,10,2,11,,71,,1,21,121.5249328,25.10660027
113,10,21,13,7,2,08士林區,士林區中山北路6段與德行東路口,0,0,1,2,C03,8,6,5,50,4,2,1,5,4,5,13,2,1,1,4,5,1,17,1,50,2,9,5,1,7,9,1,9,2,11,,44,,1,21,121.5249328,25.10660027
113,10,21,13,38,2,08士林區,士林區中山北路5段與文林路口,0,0,1,1,B12,8,6,5,50,3,1,1,5,4,5,13,2,1,5,4,5,2,16,1,63,3,10,7,1,7,6,1,8,1,5,,9,,1,21,121.5254501,25.08649943
113,10,21,13,38,2,08士林區,士林區中山北路5段與文林路口,0,0,1,2,C03,8,6,5,50,3,1,1,5,4,5,13,2,1,5,4,5,2,16,1,53,2,9,6,1,7,9,1,10,1,14,,13,,1,21,121.5254501,25.08649943
113,10,21,15,5,2,10文山區,文山區景美街與景興路口口,0,0,2,2,C03,8,6,5,50,3,1,1,5,4,5,13,1,1,5,5,5,2,16,2,19,2,8,6,1,7,9,1,10,2,11,,108,,1,21,121.542173,24.9882782
113,10,21,15,5,2,10文山區,文山區景美街與景興路口口,0,0,2,1,F01,8,6,5,50,3,1,1,5,4,5,13,1,1,5,5,5,2,16,1,28,2,6,4,1,7,5,8,20,2,14,,8,,1,21,121.542173,24.9882782
113,10,21,15,18,2,03中山區,中山區中山北路1段130號前,0,0,1,1,F01,8,5,5,0,22,20,1,5,4,5,13,4,4,10,5,5,2,9,1,54,3,10,4,1,7,9,8,20,11,11,,107,,2,21,121.5219354,25.0509285
113,10,21,15,18,2,03中山區,中山區中山北路1段130號前,0,0,1,2,H01,8,5,5,0,22,20,1,5,4,5,13,4,4,10,5,5,2,9,2,52,2,9,4,5,8,16,8,20,10,16,,60,,1,21,121.5219354,25.0509285
113,10,21,15,45,2,03中山區,中山區新生北路3段與民族東路口,0,0,1,1,C04,8,6,5,50,4,1,1,5,4,5,13,2,1,1,4,5,2,16,2,19,2,9,6,1,7,5,1,10,1,14,,8,,1,21,121.5277004,25.0682389
113,10,21,15,45,2,03中山區,中山區新生北路3段與民族東路口,0,0,1,2,B03,8,6,5,50,4,1,1,5,4,5,13,2,1,1,4,5,2,16,1,38,3,10,7,1,7,9,1,8,1,1,,44,,1,21,121.5277004,25.0682389
113,10,21,16,6,2,11南港區,南港區忠孝東路6段無名巷口,0,0,1,1,B03,8,6,5,50,4,1,1,5,4,5,13,2,1,1,4,5,2,16,1,43,3,10,3,4,7,6,1,8,1,2,,9,,1,21,121.5912284,25.0498703
113,10,21,16,6,2,11南港區,南港區忠孝東路6段無名巷口,0,0,1,2,C03,8,6,5,50,4,1,1,5,4,5,13,2,1,1,4,5,2,16,1,18,2,9,3,4,7,9,1,10,1,11,,44,,1,21,121.5912284,25.0498703
113,10,21,16,6,2,11南港區,南港區忠孝東路6段無名巷口,0,0,1,3,A11,8,6,5,50,4,1,1,5,4,5,13,2,1,1,4,5,2,16,1,50,3,10,3,4,7,14,1,1,9,17,,44,,1,21,121.5912284,25.0498703
113,10,21,16,30,2,07信義區,信義區基隆路2段與光復南路口,0,0,1,1,C03,7,6,5,50,4,2,1,5,4,5,13,2,1,1,4,5,2,16,2,31,2,9,5,1,7,6,1,10,2,12,,9,,1,21,121.5577166,25.0297609
113,10,21,16,30,2,07信義區,信義區基隆路2段與光復南路口,0,0,1,2,C03,7,6,5,50,4,2,1,5,4,5,13,2,1,1,4,5,2,16,1,19,3,10,5,1,7,9,1,10,2,11,,44,,1,21,121.5577166,25.0297609
113,10,21,16,35,2,04大安區,大安區青田街與青田街6巷口,0,0,1,1,B03,7,5,5,30,4,1,1,5,4,5,13,4,4,10,5,5,2,15,1,71,3,10,7,1,7,9,1,8,1,8,,72,,1,21,121.53196,25.0281
113,10,21,16,35,2,04大安區,大安區青田街與青田街6巷口,0,0,1,2,C03,7,5,5,30,4,1,1,5,4,5,13,4,4,10,5,5,2,15,1,31,2,9,6,1,7,9,1,10,1,11,,108,,1,21,121.53196,25.0281
113,10,21,17,15,2,11南港區,南港區興南街60巷11號,0,0,1,1,B03,8,6,5,30,14,9,1,5,4,5,13,4,4,9,3,5,2,12,2,41,3,10,3,4,7,4,1,8,1,2,,1,,1,21,121.6034149,25.05620272
113,10,21,17,15,2,11南港區,南港區興南街60巷11號,0,0,1,2,C04,8,6,5,30,14,9,1,5,4,5,13,4,4,9,3,5,2,12,1,81,2,9,6,1,7,9,3,18,1,14,,44,,1,21,121.6034149,25.05620272
113,10,21,17,24,2,03中山區,中山區北安路與大直街口,0,0,1,1,C03,7,5,5,50,5,2,1,5,4,5,13,2,1,3,4,5,2,16,2,20,2,9,3,4,7,5,1,10,1,14,,96,,1,21,121.5473184,25.079902
113,10,21,17,24,2,03中山區,中山區北安路與大直街口,0,0,1,2,B03,7,5,5,50,5,2,1,5,4,5,13,2,1,3,4,5,2,16,1,44,3,10,3,4,7,9,1,8,1,5,,44,,1,21,121.5473184,25.079902
113,10,21,17,44,2,03中山區,中山區復興北路與八德路口側附近2段口,0,0,1,1,B03,7,5,5,50,4,1,1,5,4,5,13,1,1,1,4,5,2,17,1,35,3,10,3,4,7,6,1,8,1,5,,44,,1,21,121.5437345,25.0475672
113,10,21,17,44,2,03中山區,中山區復興北路與八德路口側附近2段口,0,0,1,2,F01,7,5,5,50,4,1,1,5,4,5,13,1,1,1,4,5,2,17,2,49,2,9,3,4,7,9,8,20,10,14,,44,,1,22,121.5437345,25.0475672
113,10,21,17,50,2,12內湖區,內湖區江南街71巷65弄與江南街71巷口,0,0,2,1,C03,7,5,5,50,3,1,1,5,4,5,13,4,4,5,4,5,1,13,1,25,2,9,5,1,7,9,1,10,1,11,,16,,1,21,121.5783191,25.0758235
113,10,21,17,50,2,12內湖區,內湖區江南街71巷65弄與江南街71巷口,0,0,2,2,C03,7,5,5,50,3,1,1,5,4,5,13,4,4,5,4,5,1,13,2,41,2,9,6,1,7,9,1,10,1,13,,44,,1,21,121.5783191,25.0758235
113,10,21,18,17,2,12內湖區,內湖區內湖路1段與內湖路1段217巷口,0,0,1,1,C03,8,5,5,40,14,8,1,5,4,5,13,4,4,1,4,4,2,12,2,21,3,10,5,1,7,9,1,10,1,15,,17,,1,21,121.56388,25.0832883
113,10,21,18,17,2,12內湖區,內湖區內湖路1段與內湖路1段217巷口,0,0,1,2,C03,8,5,5,40,14,8,1,5,4,5,13,4,4,1,4,4,2,12,1,47,3,10,5,1,7,9,1,10,1,12,,44,,1,21,121.56388,25.0832883
113,10,21,18,17,2,12內湖區,內湖區內湖路1段與內湖路1段217巷口,0,0,1,3,H02,8,5,5,40,14,8,1,5,4,5,13,4,4,1,4,4,2,12,2,34,2,8,5,5,7,21,8,20,10,16,,67,,1,21,121.56388,25.0832883
113,10,21,18,23,2,11南港區,南港區南港路3段268-1號成美橋,0,0,2,1,C03,8,5,5,50,14,9,1,5,4,5,13,2,1,4,1,5,1,16,1,39,2,7,3,4,7,15,1,10,2,12,,100,,1,22,121.5833507,25.0519498
113,10,21,18,23,2,11南港區,南港區南港路3段268-1號成美橋,0,0,2,2,C03,8,5,5,50,14,9,1,5,4,5,13,2,1,4,1,5,1,16,2,43,2,9,3,4,7,9,1,10,2,11,,44,,1,22,121.5833507,25.0519498
113,10,21,18,41,2,04大安區,大安區建國南路1段165號與建國南路1段口迴轉道,0,0,1,1,B03,7,5,5,50,4,18,1,5,4,5,13,2,1,8,3,5,1,3,1,39,4,11,3,4,7,5,7,19,9,8,,118,,2,22,121.5376635,25.0409082
113,10,21,18,41,2,04大安區,大安區建國南路1段165號與建國南路1段口迴轉道,0,0,1,2,H01,7,5,5,50,4,18,1,5,4,5,13,2,1,8,3,5,1,3,1,65,2,7,4,5,8,16,8,20,10,16,,67,,1,21,121.5376635,25.0409082
113,10,21,19,5,2,10文山區,文山區興隆路4段3號,0,0,1,1,B03,8,5,5,50,14,9,1,5,4,5,13,1,1,1,4,5,2,13,2,52,3,10,7,1,7,9,1,10,2,1,,16,,1,21,121.5590413,24.9909714
113,10,21,19,5,2,10文山區,文山區興隆路4段3號,0,0,1,2,C03,8,5,5,50,14,9,1,5,4,5,13,1,1,1,4,5,2,13,1,51,2,9,6,1,7,14,1,10,2,13,,44,,1,21,121.5590413,24.9909714
113,10,21,19,48,2,07信義區,信義區莊敬路423巷8弄14號,0,0,1,1,C03,7,5,5,30,14,9,1,4,4,5,13,4,4,5,2,5,2,17,2,39,3,10,5,1,7,15,1,10,11,17,,101,,2,21,121.5675449,25.0285198
113,10,21,19,48,2,07信義區,信義區莊敬路423巷8弄14號,0,0,1,2,C03,7,5,5,30,14,9,1,4,4,5,13,4,4,5,2,5,2,17,2,39,2,9,5,1,7,9,1,10,1,17,,16,,1,21,121.5675449,25.0285198
113,10,21,20,21,2,02萬華區,萬華區成都路29號,0,0,1,1,B01,7,5,5,50,14,9,1,5,4,5,13,4,4,10,3,5,2,3,1,61,3,10,7,1,7,7,1,4,2,1,,19,,1,21,121.5068558,25.0425489
113,10,21,20,21,2,02萬華區,萬華區成都路29號,0,0,1,2,H01,7,5,5,50,14,9,1,5,4,5,13,4,4,10,3,5,2,3,2,67,2,9,4,5,8,16,8,20,10,16,,121,,1,21,121.5068558,25.0425489
113,10,21,20,41,2,05中正區,中正區重慶南路2段與愛國西路口,0,0,2,1,F01,8,5,5,50,4,2,1,5,4,5,13,2,1,1,4,5,2,15,2,65,2,1,4,1,7,9,8,20,2,12,,81,,1,21,121.5125129,25.0348586
113,10,21,20,41,2,05中正區,中正區重慶南路2段與愛國西路口,0,0,2,2,C03,8,5,5,50,4,2,1,5,4,5,13,2,1,1,4,5,2,15,1,23,2,7,5,1,7,9,1,10,2,11,,44,,1,21,121.5125129,25.0348586
113,10,21,21,30,2,11南港區,南港區忠孝東路6段297號,0,0,1,1,F03,6,5,5,30,14,9,1,4,4,5,13,4,4,10,5,5,2,10,1,45,2,8,4,1,7,9,8,20,7,11,,5,,1,21,121.5909276,25.0500357
113,10,21,21,30,2,11南港區,南港區忠孝東路6段297號,0,0,1,2,C03,6,5,5,30,14,9,1,4,4,5,13,4,4,10,5,5,2,10,1,23,3,10,6,1,7,9,1,10,2,11,,16,,1,21,121.5909276,25.0500357
113,10,21,21,30,2,11南港區,南港區南港路3段與昆陽街口,0,0,1,1,C03,7,5,5,50,14,9,1,5,4,5,13,4,4,5,4,5,2,17,2,57,3,10,5,4,7,7,1,10,2,17,,100,,1,21,121.5923951,25.0542433
113,10,21,21,30,2,11南港區,南港區南港路3段與昆陽街口,0,0,1,2,C03,7,5,5,50,14,9,1,5,4,5,13,4,4,5,4,5,2,17,1,27,2,9,6,4,7,9,1,10,2,12,,13,,1,21,121.5923951,25.0542433
113,10,21,22,50,2,06松山區,松山區八德路4段與虎林街口,0,0,2,1,B02,6,5,5,50,3,1,1,4,4,5,13,1,1,1,3,4,2,16,2,30,3,10,7,1,7,5,1,8,2,1,,71,,1,22,121.5759803,25.0499507
113,10,21,22,50,2,06松山區,松山區八德路4段與虎林街口,0,0,2,2,C03,6,5,5,50,3,1,1,4,4,5,13,1,1,1,3,4,2,16,1,22,2,9,6,1,7,15,1,10,2,11,,44,,1,25,121.5759803,25.0499507
113,10,21,22,50,2,06松山區,松山區八德路4段與虎林街口,0,0,2,3,H02,6,5,5,50,3,1,1,4,4,5,13,1,1,1,3,4,2,16,2,26,2,9,6,5,7,17,8,20,10,16,,44,,1,25,121.5759803,25.0499507
113,10,21,22,52,2,01大同區,大同區民權西路與民權西路144巷口,0,0,1,1,B01,8,5,5,50,3,2,1,5,4,5,13,2,1,1,4,5,2,17,1,35,3,10,3,4,7,6,1,4,2,2,,9,,1,21,121.5159095,25.0628306
113,10,21,22,52,2,01大同區,大同區民權西路與民權西路144巷口,0,0,1,2,C03,8,5,5,50,3,2,1,5,4,5,13,2,1,1,4,5,2,17,1,19,2,9,3,4,7,9,1,10,2,14,,44,,1,21,121.5159095,25.0628306
113,10,21,22,59,2,10文山區,文山區木柵路1段0701704號燈桿,0,0,1,1,C03,8,6,5,50,14,9,1,5,4,5,13,4,4,5,5,5,2,18,1,48,2,9,5,1,7,9,1,10,7,12,,21,,1,21,121.5431657,24.98865207
113,10,21,22,59,2,10文山區,文山區木柵路1段0701704號燈桿,0,0,1,2,,8,6,5,50,14,9,1,5,4,5,13,4,4,5,5,5,2,18,3,,,,,,,,,,,,,67,,1,,121.5431657,24.98865207
113,10,21,22,59,2,12內湖區,內湖區潭美街第086號燈桿,0,0,1,1,C03,6,5,5,40,14,9,1,4,4,5,13,4,4,5,4,5,2,11,1,26,2,9,5,1,7,9,1,10,2,15,,42,,1,21,121.6074312,25.06262233
113,10,21,22,59,2,12內湖區,內湖區潭美街第086號燈桿,0,0,1,2,C03,6,5,5,40,14,9,1,4,4,5,13,4,4,5,4,5,2,11,2,32,3,10,5,1,7,9,1,10,2,14,,44,,1,21,121.6074312,25.06262233
113,10,21,22,59,2,12內湖區,內湖區潭美街第086號燈桿,0,0,1,3,C03,6,5,5,40,14,9,1,4,4,5,13,4,4,5,4,5,2,11,2,26,3,10,5,1,7,9,1,10,2,14,,44,,1,21,121.6074312,25.06262233
113,10,21,23,0,2,06松山區,松山區健康路與健康路8巷口,0,0,1,1,B01,6,5,5,50,3,1,1,4,4,5,13,4,4,5,4,5,2,17,1,50,3,10,7,1,7,11,1,4,1,17,,80,,1,21,121.5526059,25.05226741
113,10,21,23,0,2,06松山區,松山區健康路與健康路8巷口,0,0,1,2,C03,6,5,5,50,3,1,1,4,4,5,13,4,4,5,4,5,2,17,1,33,2,7,5,1,7,9,1,10,1,14,,44,,1,21,121.5526059,25.05226741
113,10,21,23,13,2,03中山區,中山區市民大道3段與八德路2段210巷口,0,0,2,1,C03,8,5,5,40,3,2,1,5,4,5,13,1,1,1,4,5,2,13,1,28,2,9,6,1,7,9,1,10,1,11,,16,,1,22,121.5395164,25.0447435
113,10,21,23,13,2,03中山區,中山區市民大道3段與八德路2段210巷口,0,0,2,2,C03,8,5,5,40,3,2,1,5,4,5,13,1,1,1,4,5,2,13,2,47,2,8,6,4,7,14,1,10,1,13,,44,,1,22,121.5395164,25.0447435
113,10,21,23,27,2,05中正區,中正區羅斯福路1段與愛國東路口,0,0,1,1,B01,8,5,5,50,4,1,1,5,4,5,13,1,1,3,4,5,2,16,1,68,4,11,3,4,7,6,7,19,11,15,,9,,2,21,121.5170927,25.0345208
113,10,21,23,27,2,05中正區,中正區羅斯福路1段與愛國東路口,0,0,1,2,C03,8,5,5,50,4,1,1,5,4,5,13,1,1,3,4,5,2,16,1,19,2,9,2,1,7,9,3,18,1,11,,13,,1,21,121.5170927,25.0345208
113,10,21,23,27,2,05中正區,中正區羅斯福路1段與愛國東路口,0,0,1,3,H02,8,5,5,50,4,1,1,5,4,5,13,1,1,3,4,5,2,16,2,16,4,11,5,5,7,20,8,20,10,16,,67,,1,21,121.5170927,25.0345208
113,10,22,0,40,2,10文山區,文山區興隆路3段111號(萬芳醫院站),0,0,1,1,A02,8,5,5,50,14,9,1,5,4,5,13,4,4,1,4,5,2,9,1,41,3,10,7,1,7,14,1,2,11,17,,44,,1,21,121.5576503,24.9992791
113,10,22,0,40,2,10文山區,文山區興隆路3段111號(萬芳醫院站),0,0,1,2,H02,8,5,5,50,14,9,1,5,4,5,13,4,4,1,4,5,2,9,2,31,2,7,4,5,7,19,8,20,10,16,,67,,1,21,121.5576503,24.9992791
113,10,22,1,34,2,12內湖區,內湖區陽光街與瑞光路口,0,0,1,2,B02,7,5,5,50,4,1,1,5,4,5,13,2,1,9,4,5,2,15,1,43,3,10,7,1,7,9,1,8,2,8,,44,,1,21,121.5798211,25.0737433
113,10,22,1,34,2,12內湖區,內湖區陽光街與瑞光路口,0,0,1,1,F01,7,5,5,50,4,1,1,5,4,5,13,2,1,9,4,5,2,15,1,23,2,9,4,1,7,9,8,20,1,12,,81,,1,21,121.5798211,25.0737433
113,10,22,1,40,2,12內湖區,內湖區瑞光路與瑞光路393巷口,0,0,2,1,C03,7,5,5,50,4,2,1,4,4,5,13,1,1,4,3,5,1,16,1,46,2,9,3,4,7,5,1,10,1,14,,8,,1,21,121.5731626,25.0775408
113,10,22,1,40,2,12內湖區,內湖區瑞光路與瑞光路393巷口,0,0,2,2,C03,7,5,5,50,4,2,1,4,4,5,13,1,1,4,3,5,1,16,2,31,2,9,3,4,7,9,1,10,1,12,,44,,1,21,121.5731626,25.0775408
113,10,22,7,2,2,09北投區,北投區承德路7段153號,0,0,2,1,C03,8,6,5,40,14,8,1,5,4,5,13,4,4,1,4,4,2,17,1,27,2,5,6,1,7,8,1,10,2,13,,100,,1,22,121.5079358,25.1134375
113,10,22,7,2,2,09北投區,北投區承德路7段153號,0,0,2,2,C03,8,6,5,40,14,8,1,5,4,5,13,4,4,1,4,4,2,17,1,18,3,10,6,1,7,9,1,10,2,11,,13,,1,22,121.5079358,25.1134375
113,10,22,7,2,2,09北投區,北投區承德路7段153號,0,0,2,3,C03,8,6,5,40,14,8,1,5,4,5,13,4,4,1,4,4,2,17,2,18,2,9,6,1,7,9,1,10,2,11,,108,,1,22,121.5079358,25.1134375
113,10,22,7,27,2,03中山區,中山區北安路456號,0,0,1,1,C03,8,5,5,50,14,9,1,5,4,5,13,4,4,1,4,5,2,13,1,50,2,9,3,4,7,9,1,10,2,13,,118,,1,21,121.5441142,25.0794716
113,10,22,7,27,2,03中山區,中山區北安路456號,0,0,1,2,B03,8,5,5,50,14,9,1,5,4,5,13,4,4,1,4,5,2,13,1,49,3,10,3,4,7,9,1,8,2,8,,118,,1,21,121.5441142,25.0794716
113,10,22,7,41,2,11南港區,南港區舊莊街1段145巷與舊莊街1段145巷6弄口,0,0,3,1,C03,6,6,5,30,3,1,1,4,4,5,13,4,4,10,5,5,2,16,2,68,2,9,3,4,7,5,1,8,2,12,,72,,1,21,121.6205126,25.0403083
113,10,22,7,41,2,11南港區,南港區舊莊街1段145巷與舊莊街1段145巷6弄口,0,0,3,2,B01,6,6,5,30,3,1,1,4,4,5,13,4,4,10,5,5,2,16,1,55,3,10,3,4,7,9,1,4,2,8,,44,,1,21,121.6205126,25.0403083
113,10,22,7,41,2,11南港區,南港區舊莊街1段145巷與舊莊街1段145巷6弄口,0,0,3,3,H02,6,6,5,30,3,1,1,4,4,5,13,4,4,10,5,5,2,16,1,11,2,8,3,5,7,21,8,20,10,16,,67,,1,21,121.6205126,25.0403083
113,10,22,7,41,2,11南港區,南港區舊莊街1段145巷與舊莊街1段145巷6弄口,0,0,3,4,H02,6,6,5,30,3,1,1,4,4,5,13,4,4,10,5,5,2,16,1,8,2,8,3,5,7,21,8,20,10,16,,67,,1,21,121.6205126,25.0403083
113,10,22,7,54,2,09北投區,北投區大興街與北投路2段口,0,0,1,1,B03,8,5,5,50,4,18,1,5,4,5,13,1,1,9,4,5,2,3,2,67,3,10,7,1,7,5,1,8,9,1,,70,,2,21,121.4996567,25.1301777
113,10,22,7,54,2,09北投區,北投區大興街與北投路2段口,0,0,1,2,H01,8,5,5,50,4,18,1,5,4,5,13,1,1,9,4,5,2,3,2,16,2,8,4,5,8,16,8,20,10,16,,60,,1,21,121.4996567,25.1301777
113,10,22,7,55,2,03中山區,中山區民族西路2-3號,0,0,1,1,C03,8,7,5,50,14,9,1,5,4,5,13,4,4,9,4,5,2,12,1,39,2,9,6,1,7,7,1,10,1,11,,100,,1,26,121.5224412,25.06841375
113,10,22,7,55,2,03中山區,中山區民族西路2-3號,0,0,1,2,B02,8,7,5,50,14,9,1,5,4,5,13,4,4,9,4,5,2,12,1,52,3,10,7,1,7,9,1,8,1,7,,44,,1,21,121.5224412,25.06841375
113,10,22,7,58,2,11南港區,南港區向陽路與重陽路口,0,0,3,1,C03,6,5,6,50,4,2,1,4,4,5,13,1,1,1,4,5,2,12,1,70,2,9,6,1,7,8,1,10,1,12,,100,,1,21,121.5945446,25.0550817
113,10,22,7,58,2,11南港區,南港區向陽路與重陽路口,0,0,3,2,C03,6,5,6,50,4,2,1,4,4,5,13,1,1,1,4,5,2,12,1,24,2,9,6,1,7,9,1,10,1,14,,44,,1,21,121.5945446,25.0550817
113,10,22,7,58,2,11南港區,南港區向陽路與重陽路口,0,0,3,3,H02,6,5,6,50,4,2,1,4,4,5,13,1,1,1,4,5,2,12,2,67,2,9,6,5,7,20,8,20,10,16,,67,,1,21,121.5945446,25.0550817
113,10,22,8,14,2,09北投區,北投區義理街89號,0,0,2,1,C03,8,7,5,50,14,9,1,5,4,5,13,4,4,9,5,5,2,16,2,70,2,9,5,1,7,11,1,10,2,11,,10,,1,22,121.5162701,25.11844133
113,10,22,8,14,2,09北投區,北投區義理街89號,0,0,2,2,C03,8,7,5,50,14,9,1,5,4,5,13,4,4,9,5,5,2,16,1,20,2,8,5,1,7,9,1,10,2,11,,44,,1,22,121.5162701,25.11844133
113,10,22,8,56,2,04大安區,大安區基隆路2段與臥龍街口,0,0,1,1,C03,8,6,5,50,3,2,1,5,4,5,13,4,4,1,4,5,1,17,2,26,2,9,3,4,7,7,1,10,1,14,,101,,1,21,121.5483872,25.0205678
113,10,22,8,56,2,04大安區,大安區基隆路2段與臥龍街口,0,0,1,2,C03,8,6,5,50,3,2,1,5,4,5,13,4,4,1,4,5,1,17,1,50,3,10,3,4,7,9,1,10,1,12,,44,,1,21,121.5483872,25.0205678
113,10,22,9,0,2,03中山區,中山區新生北路2段62巷與新生北路2段68巷15弄口,0,0,2,1,C03,8,6,5,30,3,2,1,5,4,5,13,4,4,10,5,5,2,16,2,47,2,9,6,1,7,1,1,10,1,14,,19,,1,22,121.5259965,25.0562251
113,10,22,9,0,2,03中山區,中山區新生北路2段62巷與新生北路2段68巷15弄口,0,0,2,2,C03,8,6,5,30,3,2,1,5,4,5,13,4,4,10,5,5,2,16,2,35,2,8,6,1,7,9,1,10,1,11,,44,,1,22,121.5259965,25.0562251
113,10,22,9,53,2,06松山區,松山區南京東路4段133巷與南京東路4段133巷4弄口,0,0,2,1,C03,8,7,5,30,4,1,1,5,4,5,13,4,4,5,4,5,2,15,1,28,2,7,5,1,7,9,1,10,1,11,,14,,1,22,121.5551315,25.0522233
113,10,22,9,53,2,06松山區,松山區南京東路4段133巷與南京東路4段133巷4弄口,0,0,2,2,F01,8,7,5,30,4,1,1,5,4,5,13,4,4,5,4,5,2,15,2,69,2,9,4,1,7,9,8,20,1,12,,75,,1,22,121.5551315,25.0522233
113,10,22,9,56,2,12內湖區,內湖區民權大橋東向西,0,0,1,1,B03,7,6,5,50,8,11,1,5,4,5,13,4,4,1,4,4,1,12,2,59,3,10,3,4,7,8,1,8,2,2,,100,,1,22,121.5777417,25.06655539
113,10,22,9,56,2,12內湖區,內湖區民權大橋東向西,0,0,1,2,C03,7,6,5,50,8,11,1,5,4,5,13,4,4,1,4,4,1,12,2,19,2,9,6,4,7,9,1,10,2,11,,44,,1,25,121.5777417,25.06655539
113,10,22,9,58,2,04大安區,大安區辛亥路2段台大宇宙館旁,0,0,2,1,F01,6,7,5,50,11,23,1,5,4,5,13,3,1,8,3,4,2,17,1,66,2,7,4,1,7,9,8,20,1,14,,42,,1,21,121.5375507,25.0221365
113,10,22,9,58,2,04大安區,大安區辛亥路2段台大宇宙館旁,0,0,2,2,C03,6,7,5,50,11,23,1,5,4,5,13,3,1,8,3,4,2,17,1,40,2,9,5,1,7,9,1,10,1,11,,108,,1,21,121.5375507,25.0221365
113,10,22,10,18,2,07信義區,信義區松山路580號,0,0,1,1,A02,7,6,8,50,14,9,1,5,4,5,13,4,4,5,5,5,2,9,1,63,3,10,3,4,7,9,1,2,1,17,,118,,1,22,121.5782774,25.0370941
113,10,22,10,18,2,07信義區,信義區松山路580號,0,0,1,2,H02,7,6,8,50,14,9,1,5,4,5,13,4,4,5,5,5,2,9,2,82,2,9,4,5,7,19,8,20,10,16,,67,,1,22,121.5782774,25.0370941
113,10,22,10,28,2,08士林區,士林區延平北路5段與中正路口,0,0,1,1,A11,8,6,5,50,4,2,1,5,4,5,13,2,1,10,4,5,2,17,1,31,3,10,7,1,7,9,1,1,1,8,,17,,1,26,121.5092888,25.086579
113,10,22,10,28,2,08士林區,士林區延平北路5段與中正路口,0,0,1,2,C03,8,6,5,50,4,2,1,5,4,5,13,2,1,10,4,5,2,17,1,67,2,9,5,1,7,9,3,18,1,13,,17,,1,21,121.5092888,25.086579
113,10,22,10,50,2,05中正區,中正區中華路1段77號,0,0,1,1,C03,7,5,5,50,14,9,1,5,4,5,13,4,4,1,4,1,1,13,1,40,2,9,5,1,7,9,1,10,2,11,,108,,1,22,121.5075482,25.0387762