發生年度,發生月,發生日,發生時-Hours,發生分,處理別-編號,區序,肇事地點,死亡人數,2-30日死亡人數,受傷人數,當事人序號,車種,天候,道路照明設備,道路類別,速限-速度限制,道路型態,事故位置,路面狀況1,路面狀況2,路面狀況3,道路障礙1,道路障礙2,號誌1,號誌2,車道劃分-分向,車道劃分-分道1,車道劃分-分道2,車道劃分-分道3,事故類型及型態,性別,年齡,受傷程度,主要傷處,保護裝置,行動電話,車輛用途,當事者行動狀態,駕駛資格情形,駕駛執照種類,飲酒情形,車輛撞擊部位1,車輛撞擊部位2,肇因碼-個別,肇因碼-主要,個人肇逃否,職業,座標-X,座標-Y
113,10,22,10,50,2,05中正區,中正區中華路1段77號,0,0,1,2,C03,7,5,5,50,14,9,1,5,4,5,13,4,4,1,4,1,1,13,1,39,3,10,5,3,7,9,1,10,2,13,,44,,1,22,121.5075482,25.0387762
113,10,22,10,55,2,01大同區,大同區長安西路322號,0,0,1,1,B03,8,7,5,50,14,9,1,5,4,5,13,4,4,9,4,5,2,16,1,64,3,10,7,1,7,11,1,8,1,5,,10,,1,21,121.5114575,25.0520157
113,10,22,10,55,2,01大同區,大同區長安西路322號,0,0,1,2,C03,8,7,5,50,14,9,1,5,4,5,13,4,4,9,4,5,2,16,1,78,2,9,5,1,7,9,1,10,1,11,,44,,1,21,121.5114575,25.0520157
113,10,22,10,55,2,05中正區,中正區中山南路8號,0,0,1,1,B01,8,5,5,50,3,1,1,5,4,5,13,4,4,1,4,5,2,16,1,59,3,10,7,1,7,6,1,4,2,4,,19,,1,21,121.5189112,25.0437894
113,10,22,10,55,2,05中正區,中正區中山南路8號,0,0,1,2,C03,8,5,5,50,3,1,1,5,4,5,13,4,4,1,4,5,2,16,1,37,2,9,5,1,7,9,1,10,2,11,,13,,1,21,121.5189112,25.0437894
113,10,22,10,55,2,08士林區,士林區福志路與福志路80巷口,0,0,1,1,B01,8,6,5,50,3,2,1,5,4,5,13,4,4,9,5,5,1,17,1,48,3,10,7,1,7,11,1,4,2,8,,10,,1,21,121.5291733,25.09864537
113,10,22,10,55,2,08士林區,士林區福志路與福志路80巷口,0,0,1,2,C03,8,6,5,50,3,2,1,5,4,5,13,4,4,9,5,5,1,17,2,49,2,9,5,1,7,9,1,10,2,14,,44,,1,21,121.5291733,25.09864537
113,10,22,11,0,2,06松山區,松山區八德路3段20號,0,0,2,1,B01,7,6,5,50,14,9,1,5,4,5,13,2,1,9,4,5,2,13,1,66,3,10,7,1,7,9,1,8,1,8,,108,,1,21,121.5508727,25.04818396
113,10,22,11,0,2,06松山區,松山區八德路3段20號,0,0,2,2,B03,7,6,5,50,14,9,1,5,4,5,13,2,1,9,4,5,2,13,1,57,2,9,7,1,7,14,1,8,1,6,,44,,1,21,121.5508727,25.04818396
113,10,22,11,0,2,06松山區,松山區八德路3段20號,0,0,2,3,H02,7,6,5,50,14,9,1,5,4,5,13,2,1,9,4,5,2,13,2,33,2,9,7,5,7,20,8,20,10,16,,67,,1,21,121.5508727,25.04818396
113,10,22,12,10,2,05中正區,中正區中山南路與凱達格蘭大道口,0,0,2,1,C03,8,6,5,50,5,2,1,5,4,5,13,1,1,5,4,5,2,17,1,44,2,8,6,4,7,9,1,10,2,11,14,16,,1,22,121.5176914,25.03955524
113,10,22,12,10,2,05中正區,中正區中山南路與凱達格蘭大道口,0,0,2,2,C03,8,6,5,50,5,2,1,5,4,5,13,1,1,5,4,5,2,17,1,51,3,10,6,4,7,14,1,10,2,13,,44,,1,22,121.5176914,25.03955524
113,10,22,12,10,2,05中正區,中正區中山南路與凱達格蘭大道口,0,0,2,3,C03,8,6,5,50,5,2,1,5,4,5,13,1,1,5,4,5,2,17,1,77,2,9,6,4,7,9,1,10,2,11,,16,,1,22,121.5176914,25.03955524
113,10,22,12,10,2,07信義區,信義區林口街與松山路615巷口,0,0,1,2,C03,8,6,5,40,4,1,1,5,4,5,13,4,4,9,5,4,2,15,1,49,2,7,5,1,7,9,1,10,2,11,,44,,1,21,121.5792181,25.0368674
113,10,22,12,10,2,07信義區,信義區林口街與松山路615巷口,0,0,1,1,C03,8,6,5,40,4,1,1,5,4,5,13,4,4,9,5,4,2,15,1,64,4,11,3,4,7,9,8,20,11,16,,42,,2,,121.5792181,25.0368674
113,10,22,12,31,2,09北投區,北投區大度路3段與立功街口,0,0,1,1,B03,7,5,5,50,3,1,1,5,4,5,12,1,1,3,4,3,2,17,2,51,3,10,3,4,7,6,1,8,1,6,,9,,1,21,121.4690703,25.1232567
113,10,22,12,31,2,09北投區,北投區大度路3段與立功街口,0,0,1,2,C03,7,5,5,50,3,1,1,5,4,5,12,1,1,3,4,3,2,17,1,23,2,9,3,4,7,9,1,10,1,11,,13,,1,21,121.4690703,25.1232567
113,10,22,12,34,2,08士林區,士林區福國路35號,0,0,1,1,B01,8,5,5,50,14,9,1,5,4,5,13,4,4,1,4,5,1,12,1,52,3,10,7,1,7,7,1,4,1,4,,100,,1,21,121.5209581,25.12050532
113,10,22,12,34,2,08士林區,士林區福國路35號,0,0,1,2,C03,8,5,5,50,14,9,1,5,4,5,13,4,4,1,4,5,1,12,2,24,2,9,6,1,7,9,1,10,1,12,,5,,1,21,121.5209581,25.12050532
113,10,22,13,15,2,08士林區,士林區福林路與中正路口,0,0,1,1,C03,8,6,5,50,5,1,1,5,4,5,13,2,1,5,4,5,2,17,1,62,2,9,3,4,7,5,1,10,9,14,,100,,1,21,121.5322727,25.0966046
113,10,22,13,15,2,08士林區,士林區福林路與中正路口,0,0,1,2,B03,8,6,5,50,5,1,1,5,4,5,13,2,1,5,4,5,2,17,2,32,3,10,3,4,7,9,1,8,9,6,,95,,1,21,121.5322727,25.0966046
113,10,22,13,30,2,01大同區,大同區塔城街北門捷運站2號出口,0,0,1,1,C03,8,5,5,50,14,9,1,5,4,5,13,4,4,9,4,5,1,13,1,41,3,10,3,4,7,9,1,10,1,11,,108,,1,21,121.5102023,25.0485092
113,10,22,13,30,2,01大同區,大同區塔城街北門捷運站2號出口,0,0,1,2,C03,8,5,5,50,14,9,1,5,4,5,13,4,4,9,4,5,1,13,1,53,2,9,3,4,7,9,1,10,1,13,,44,,1,21,121.5102023,25.0485092
113,10,22,13,30,2,02萬華區,萬華區漢中街131號,0,0,2,1,B01,8,5,5,50,14,9,1,5,4,5,13,1,1,9,4,5,2,17,1,38,3,10,7,4,7,7,1,4,1,8,,100,,1,21,121.5074274,25.0420614
113,10,22,13,30,2,02萬華區,萬華區漢中街131號,0,0,2,2,C03,8,5,5,50,14,9,1,5,4,5,13,1,1,9,4,5,2,17,1,38,2,7,5,4,7,9,1,10,1,12,,44,,1,22,121.5074274,25.0420614
113,10,22,13,30,2,02萬華區,萬華區漢中街131號,0,0,2,3,H02,8,5,5,50,14,9,1,5,4,5,13,1,1,9,4,5,2,17,2,38,2,1,5,5,7,21,8,20,10,16,,67,,1,21,121.5074274,25.0420614
113,10,22,13,49,2,01大同區,大同區重慶北路3段257巷與重慶北路3段257巷口23號旁通道,0,0,1,1,C03,8,6,5,30,5,1,1,5,4,5,13,4,4,10,5,5,2,15,1,72,2,9,6,1,7,9,1,10,1,11,,75,,1,21,121.5148552,25.07160285
113,10,22,13,49,2,01大同區,大同區重慶北路3段257巷與重慶北路3段257巷口23號旁通道,0,0,1,2,B03,8,6,5,30,5,1,1,5,4,5,13,4,4,10,5,5,2,15,1,36,3,10,7,1,7,9,1,8,1,8,,44,,1,21,121.5148552,25.07160285
113,10,22,13,50,2,08士林區,士林區承德路4段與承德路4段3巷口,0,0,1,1,C03,7,5,5,30,4,1,1,5,4,5,13,4,4,10,5,5,2,15,2,47,2,9,6,1,7,9,1,10,1,14,,72,,1,21,121.5216286,25.0789761
113,10,22,13,50,2,08士林區,士林區承德路4段與承德路4段3巷口,0,0,1,2,B03,7,5,5,30,4,1,1,5,4,5,13,4,4,10,5,5,2,15,1,34,3,10,7,1,7,9,1,8,1,1,,44,,1,21,121.5216286,25.0789761
113,10,22,13,55,2,08士林區,士林區中山北路6段與克強路口,0,0,2,1,B03,7,5,5,50,3,1,1,5,4,5,13,2,1,1,5,5,1,17,1,74,3,10,7,1,7,9,1,8,1,1,,44,,1,21,121.5252793,25.1087732
113,10,22,13,55,2,08士林區,士林區中山北路6段與克強路口,0,0,2,2,C03,7,5,5,50,3,1,1,5,4,5,13,2,1,1,5,5,1,17,1,62,2,9,5,1,7,7,1,10,1,11,,100,,1,21,121.5252793,25.1087732
113,10,22,13,55,2,08士林區,士林區中山北路6段與克強路口,0,0,2,3,H02,7,5,5,50,3,1,1,5,4,5,13,2,1,1,5,5,1,17,2,54,2,9,5,5,7,20,8,20,10,16,,67,,1,21,121.5252793,25.1087732
113,10,22,14,17,2,04大安區,大安區四維路與四維路154巷口,0,0,2,1,C03,8,7,5,30,4,1,1,5,4,5,13,3,1,8,3,5,2,15,2,38,2,9,3,4,7,9,1,10,2,11,,80,,1,21,121.5479958,25.0310014
113,10,22,14,17,2,04大安區,大安區四維路與四維路154巷口,0,0,2,2,C03,8,7,5,30,4,1,1,5,4,5,13,3,1,8,3,5,2,15,1,57,2,9,3,4,7,9,1,10,2,11,,42,,1,21,121.5479958,25.0310014
113,10,22,14,17,2,04大安區,大安區四維路與四維路154巷口,0,0,2,3,B03,8,7,5,30,4,1,1,5,4,5,13,3,1,8,3,5,2,15,1,45,3,10,3,4,7,15,1,8,9,5,,44,,1,21,121.5479958,25.0310014
113,10,22,15,26,2,01大同區,大同區西寧北路與鄭州路口,0,0,1,1,C03,7,7,5,50,4,1,1,5,4,5,13,1,1,9,4,5,2,13,1,19,2,8,6,1,7,7,1,10,1,13,,100,,1,21,121.5081195,25.0503791
113,10,22,15,26,2,01大同區,大同區西寧北路與鄭州路口,0,0,1,2,B03,7,7,5,50,4,1,1,5,4,5,13,1,1,9,4,5,2,13,1,47,3,10,7,1,7,9,1,8,1,5,,44,,1,21,121.5081195,25.0503791
113,10,22,16,15,2,02萬華區,萬華區桂林路與華西街29巷1弄口,0,0,1,1,C03,7,6,5,50,4,1,1,5,4,5,13,2,1,5,4,4,2,16,1,20,3,10,6,1,7,5,1,10,1,14,,8,,1,21,121.4991747,25.03851221
113,10,22,16,15,2,02萬華區,萬華區桂林路與華西街29巷1弄口,0,0,1,2,C03,7,6,5,50,4,1,1,5,4,5,13,2,1,5,4,4,2,16,2,33,2,9,5,1,7,9,1,10,1,11,,44,,1,21,121.4991747,25.03851221
113,10,22,16,15,2,05中正區,中正區辛亥路1段與辛亥路1段口12號旁無名巷,0,0,1,1,F01,8,7,5,50,3,1,1,5,4,5,8,4,4,10,5,5,2,15,2,72,2,9,4,1,7,1,8,20,1,17,,42,,1,21,121.5283755,25.0185582
113,10,22,16,15,2,05中正區,中正區辛亥路1段與辛亥路1段口12號旁無名巷,0,0,1,2,C03,8,7,5,50,3,1,1,5,4,5,8,4,4,10,5,5,2,15,1,63,3,10,5,1,7,9,1,9,1,17,,108,,1,21,121.5283755,25.0185582
113,10,22,16,48,2,08士林區,士林區忠誠路1段173巷與忠誠路1段173巷28弄口口,0,0,1,1,B03,8,6,5,30,4,1,1,5,4,5,13,4,4,10,5,5,2,16,1,54,3,10,7,1,7,5,1,8,1,5,,72,,1,21,121.5320091,25.1083301
113,10,22,16,48,2,08士林區,士林區忠誠路1段173巷與忠誠路1段173巷28弄口口,0,0,1,2,C03,8,6,5,30,4,1,1,5,4,5,13,4,4,10,5,5,2,16,1,56,2,9,5,1,7,9,1,10,1,12,,44,,1,21,121.5320091,25.1083301
113,10,22,17,13,2,07信義區,信義區福德街與福德街300巷口,0,0,1,1,C03,6,6,5,30,3,1,1,4,4,5,13,4,4,9,5,5,2,17,1,74,3,10,5,1,7,5,1,10,9,17,,72,,2,21,121.5877377,25.039209
113,10,22,17,13,2,07信義區,信義區福德街與福德街300巷口,0,0,1,2,C03,6,6,5,30,3,1,1,4,4,5,13,4,4,9,5,5,2,17,1,24,2,9,5,1,7,9,1,10,2,14,,44,,1,21,121.5877377,25.039209
113,10,22,17,23,2,12內湖區,內湖區民權東路6段與民權東路6段191巷口,0,0,2,1,B03,6,5,5,50,4,1,1,4,4,5,13,1,1,3,4,4,2,16,1,47,3,10,7,1,7,5,1,8,1,2,,83,,1,21,121.597557,25.0675889
113,10,22,17,23,2,12內湖區,內湖區民權東路6段與民權東路6段191巷口,0,0,2,2,C03,6,5,5,50,4,1,1,4,4,5,13,1,1,3,4,4,2,16,1,18,2,9,6,1,7,9,1,10,1,11,,13,,1,21,121.597557,25.0675889
113,10,22,17,23,2,12內湖區,內湖區民權東路6段與民權東路6段191巷口,0,0,2,3,H02,6,5,5,50,4,1,1,4,4,5,13,1,1,3,4,4,2,16,2,19,2,9,5,5,7,20,8,20,10,16,,67,,1,21,121.597557,25.0675889
113,10,22,17,30,2,08士林區,士林區延平北路8段2巷200弄59-1號,0,0,1,1,B12,8,5,5,30,14,9,1,5,4,5,13,4,4,10,5,5,2,17,1,63,3,10,3,4,7,5,1,10,1,2,,8,,1,21,121.4932611,25.1114306
113,10,22,17,30,2,08士林區,士林區延平北路8段2巷200弄59-1號,0,0,1,2,C03,8,5,5,30,14,9,1,5,4,5,13,4,4,10,5,5,2,17,1,34,2,9,3,4,7,9,1,10,1,11,,44,,1,21,121.4932611,25.1114306
113,10,22,17,31,2,03中山區,中山區建國高架道往北長安匝道前,0,0,9,1,B03,8,5,5,70,14,9,1,5,4,5,13,4,4,1,4,3,2,13,1,65,2,9,7,1,7,9,1,8,2,1,,108,,1,21,121.5367986,25.045965
113,10,22,17,31,2,03中山區,中山區建國高架道往北長安匝道前,0,0,9,2,B03,8,5,5,70,14,9,1,5,4,5,13,4,4,1,4,3,2,13,1,70,2,3,7,1,7,14,1,8,2,3,,44,,1,21,121.5367986,25.045965
113,10,22,17,31,2,03中山區,中山區建國高架道往北長安匝道前,0,0,9,3,B03,8,5,5,70,14,9,1,5,4,5,13,4,4,1,4,3,2,13,1,56,2,3,7,1,7,14,1,4,2,3,,44,,1,21,121.5367986,25.045965
113,10,22,17,31,2,03中山區,中山區建國高架道往北長安匝道前,0,0,9,4,B03,8,5,5,70,14,9,1,5,4,5,13,4,4,1,4,3,2,13,1,44,3,10,7,1,7,14,1,8,2,3,,44,,1,21,121.5367986,25.045965
113,10,22,17,31,2,03中山區,中山區建國高架道往北長安匝道前,0,0,9,5,H02,8,5,5,70,14,9,1,5,4,5,13,4,4,1,4,3,2,13,1,62,2,3,7,5,7,20,8,20,10,16,,67,,1,21,121.5367986,25.045965
113,10,22,17,31,2,03中山區,中山區建國高架道往北長安匝道前,0,0,9,6,H02,8,5,5,70,14,9,1,5,4,5,13,4,4,1,4,3,2,13,2,64,2,3,7,5,7,20,8,20,10,16,,67,,1,21,121.5367986,25.045965
113,10,22,17,31,2,03中山區,中山區建國高架道往北長安匝道前,0,0,9,7,H02,8,5,5,70,14,9,1,5,4,5,13,4,4,1,4,3,2,13,2,65,2,9,7,5,7,20,8,20,10,16,,67,,1,21,121.5367986,25.045965
113,10,22,17,31,2,03中山區,中山區建國高架道往北長安匝道前,0,0,9,8,H02,8,5,5,70,14,9,1,5,4,5,13,4,4,1,4,3,2,13,2,71,2,9,7,5,7,20,8,20,10,16,,67,,1,21,121.5367986,25.045965
113,10,22,17,31,2,03中山區,中山區建國高架道往北長安匝道前,0,0,9,9,H02,8,5,5,70,14,9,1,5,4,5,13,4,4,1,4,3,2,13,2,30,2,9,7,5,7,21,8,20,10,16,,67,,1,21,121.5367986,25.045965
113,10,22,17,31,2,03中山區,中山區建國高架道往北長安匝道前,0,0,9,10,H02,8,5,5,70,14,9,1,5,4,5,13,4,4,1,4,3,2,13,2,4,2,9,7,5,7,21,8,20,10,16,,67,,1,21,121.5367986,25.045965
113,10,22,17,45,2,05中正區,中正區中山南路與凱達格蘭大道口,0,0,1,1,B01,7,5,5,50,5,2,1,5,4,5,13,1,1,5,4,5,2,12,1,,3,10,7,1,7,8,1,3,1,5,,100,,1,21,121.51707,25.0393304
113,10,22,17,45,2,05中正區,中正區中山南路與凱達格蘭大道口,0,0,1,2,C03,7,5,5,50,5,2,1,5,4,5,13,1,1,5,4,5,2,12,2,,2,8,5,1,7,9,1,10,1,14,,44,,1,21,121.51707,25.0393304
113,10,22,17,46,2,12內湖區,內湖區金豐街70號,0,0,1,1,B03,6,5,5,50,14,9,1,4,4,5,13,4,4,5,5,5,2,16,2,52,3,10,7,1,7,6,1,8,1,6,,9,,1,21,121.5869823,25.06584224
113,10,22,17,46,2,12內湖區,內湖區金豐街70號,0,0,1,2,C03,6,5,5,50,14,9,1,4,4,5,13,4,4,5,5,5,2,16,1,56,2,9,6,1,7,9,1,10,1,11,,44,,1,21,121.5869823,25.06584224
113,10,22,17,46,2,07信義區,信義區忠孝東路5段781號,0,0,1,1,C03,6,5,5,50,14,9,1,4,4,5,13,1,1,3,4,5,2,18,2,37,2,1,6,1,7,9,1,10,1,14,,42,,1,21,121.5814953,25.0437394
113,10,22,17,46,2,07信義區,信義區忠孝東路5段781號,0,0,1,2,,6,5,5,50,14,9,1,4,4,5,13,1,1,3,4,5,2,18,3,0,,,,,,,,,,,,67,,1,,121.5814953,25.0437394
113,10,22,17,50,2,02萬華區,萬華區堤外便道堤外腳踏車道、堤外腳踏車支道華江橋旁,0,0,1,1,F01,7,6,8,30,3,2,1,5,4,5,13,4,4,10,5,5,2,17,1,48,2,7,3,4,7,6,8,20,1,11,,9,,1,21,121.4958233,25.0390474
113,10,22,17,50,2,02萬華區,萬華區堤外便道堤外腳踏車道、堤外腳踏車支道華江橋旁,0,0,1,2,F02,7,6,8,30,3,2,1,5,4,5,13,4,4,10,5,5,2,17,1,60,3,10,3,4,7,9,8,20,1,13,,44,,1,21,121.4958233,25.0390474
113,10,22,17,53,2,07信義區,信義區松高路與松仁路口口,0,0,1,1,B12,6,5,5,50,4,2,1,4,4,5,13,2,1,5,4,5,2,16,1,49,3,10,7,1,7,5,1,5,1,4,,8,,2,22,121.5686086,25.0390867
113,10,22,17,53,2,07信義區,信義區松高路與松仁路口口,0,0,1,2,B03,6,5,5,50,4,2,1,4,4,5,13,2,1,5,4,5,2,16,1,47,2,7,7,1,7,9,1,8,1,2,,44,,1,22,121.5686086,25.0390867
113,10,22,17,54,2,11南港區,南港區松河街與南港路3段314巷口,0,0,2,1,C03,6,6,5,40,3,1,1,4,4,5,13,2,1,1,3,5,1,16,2,22,2,9,3,4,7,5,1,10,1,11,,71,,1,21,121.5812077,25.0523836
113,10,22,17,54,2,11南港區,南港區松河街與南港路3段314巷口,0,0,2,2,C03,6,6,5,40,3,1,1,4,4,5,13,2,1,1,3,5,1,16,2,39,2,9,3,4,7,9,1,10,1,11,,44,,1,21,121.5812077,25.0523836
113,10,22,18,10,2,04大安區,大安區仁愛路3段53號,0,0,1,1,B03,7,5,5,50,14,9,1,5,4,5,13,4,4,4,4,5,2,12,1,40,3,10,3,4,7,1,1,8,1,8,,19,,1,22,121.5366691,25.0383639
113,10,22,18,10,2,04大安區,大安區仁愛路3段53號,0,0,1,2,B03,7,5,5,50,14,9,1,5,4,5,13,4,4,4,4,5,2,12,2,41,2,7,3,4,7,9,1,8,1,5,,44,,1,22,121.5366691,25.0383639
113,10,22,18,10,2,04大安區,大安區仁愛路3段53號,0,0,1,3,B02,7,5,5,50,14,9,1,5,4,5,13,4,4,4,4,5,2,12,1,29,3,10,3,4,7,15,1,8,1,6,,44,,1,22,121.5366691,25.0383639
113,10,22,18,16,2,11南港區,南港區南港路1段與經貿一路口,0,0,1,1,C03,6,5,5,50,3,2,1,4,4,5,13,4,4,5,4,5,2,17,1,44,3,10,6,1,7,7,1,10,1,17,,100,,1,21,121.6196093,25.0546857
113,10,22,18,16,2,11南港區,南港區南港路1段與經貿一路口,0,0,1,2,C03,6,5,5,50,3,2,1,4,4,5,13,4,4,5,4,5,2,17,1,62,2,9,6,1,7,9,1,9,1,14,,44,,1,21,121.6196093,25.0546857
113,10,22,18,30,2,12內湖區,內湖區堤外便道內二疏散門旁,0,0,1,1,B12,6,5,5,50,3,1,1,4,4,5,13,2,1,5,5,5,2,17,1,40,3,10,7,1,7,9,1,8,1,1,,42,,1,21,121.6177755,25.0657836
113,10,22,18,30,2,12內湖區,內湖區堤外便道內二疏散門旁,0,0,1,2,C03,6,5,5,50,3,1,1,4,4,5,13,2,1,5,5,5,2,17,2,29,2,7,6,1,7,9,1,10,1,13,,42,,1,21,121.6177755,25.0657836
113,10,22,18,33,2,05中正區,中正區羅斯福路4段24巷與羅斯福路3段316巷8弄口,0,0,1,1,C03,7,5,5,30,4,1,1,5,4,5,13,4,4,5,5,5,2,16,1,51,2,9,6,1,7,5,1,10,2,11,,72,,1,22,121.5328207,25.0151365
113,10,22,18,33,2,05中正區,中正區羅斯福路4段24巷與羅斯福路3段316巷8弄口,0,0,1,2,B01,7,5,5,30,4,1,1,5,4,5,13,4,4,5,5,5,2,16,1,53,3,10,7,1,7,15,1,4,2,4,,44,,1,22,121.5328207,25.0151365
113,10,22,18,42,2,12內湖區,內湖區內湖路1段411巷74弄15號,0,0,1,2,B12,6,5,5,50,14,9,1,4,4,5,13,4,4,9,5,5,2,13,1,56,3,10,3,1,7,13,1,8,2,3,,38,,1,21,121.5714285,25.08410815
113,10,22,18,42,2,12內湖區,內湖區內湖路1段411巷74弄15號,0,0,1,1,C03,6,5,5,50,14,9,1,4,4,5,13,4,4,9,5,5,2,13,1,51,2,9,5,1,7,9,1,10,2,11,,42,,1,21,121.5714285,25.08410815
113,10,22,18,45,2,12內湖區,內湖區瑞光路與瑞光路513巷口,0,0,1,1,A04,8,5,5,50,4,2,1,5,4,5,13,1,1,4,3,5,1,9,1,48,3,10,3,4,7,12,1,2,1,17,,42,,1,21,121.5696237,25.0788211
113,10,22,18,45,2,12內湖區,內湖區瑞光路與瑞光路513巷口,0,0,1,2,H02,8,5,5,50,4,2,1,5,4,5,13,1,1,4,3,5,1,9,2,49,2,9,3,5,7,20,8,20,10,16,,67,,1,21,121.5696237,25.0788211
113,10,22,18,45,2,07信義區,信義區中坡南路51號對面,0,0,2,1,C03,6,5,5,30,14,8,1,4,4,5,13,4,4,9,4,4,2,17,1,54,2,8,6,1,7,9,1,10,2,11,,108,,1,22,121.5840691,25.0423776
113,10,22,18,45,2,07信義區,信義區中坡南路51號對面,0,0,2,2,G06,6,5,5,30,14,8,1,4,4,5,13,4,4,9,4,4,2,17,1,59,2,1,4,1,7,9,8,20,1,16,,44,,1,22,121.5840691,25.0423776
113,10,22,19,6,2,07信義區,信義區吳興街與吳興街350巷口,0,0,1,1,C03,6,5,5,30,4,1,1,4,4,5,13,4,4,10,4,5,1,17,1,69,2,7,3,4,7,9,1,10,9,14,,44,,1,21,121.5664547,25.0257773
113,10,22,19,6,2,07信義區,信義區吳興街與吳興街350巷口,0,0,1,2,B03,6,5,5,30,4,1,1,4,4,5,13,4,4,10,4,5,1,17,2,62,3,10,3,4,7,9,1,8,9,17,,44,,1,21,121.5664547,25.0257773
113,10,22,20,39,2,06松山區,松山區八德路4段245巷32弄與八德路4段207巷口,0,0,2,1,C03,7,5,5,30,4,1,1,5,4,5,13,4,4,9,4,5,2,15,2,50,2,1,6,1,7,9,1,10,1,11,,72,,1,21,121.5637993,25.0498996
113,10,22,20,39,2,06松山區,松山區八德路4段245巷32弄與八德路4段207巷口,0,0,2,2,C03,7,5,5,30,4,1,1,5,4,5,13,4,4,9,4,5,2,15,1,26,2,7,6,1,7,9,1,10,1,12,,13,,1,21,121.5637993,25.0498996
113,10,22,21,11,2,04大安區,大安區和平東路2段與復興南路2段口,0,0,2,1,C03,6,5,5,50,4,1,1,4,4,5,13,1,1,1,4,5,2,17,1,56,2,8,5,4,7,9,1,10,1,14,,81,,1,21,121.5431341,25.0247493
113,10,22,21,11,2,04大安區,大安區和平東路2段與復興南路2段口,0,0,2,2,C03,6,5,5,50,4,1,1,4,4,5,13,1,1,1,4,5,2,17,2,32,2,8,6,4,7,15,1,10,1,12,,81,,1,21,121.5431341,25.0247493
113,10,22,21,39,2,07信義區,信義區莊敬路與吳興街225巷口,0,0,1,1,C03,6,5,5,50,4,2,1,4,4,5,13,4,4,9,5,5,2,18,2,32,2,7,6,1,7,9,1,10,1,14,,42,,1,22,121.563439,25.0281312
113,10,22,21,39,2,07信義區,信義區莊敬路與吳興街225巷口,0,0,1,2,,6,5,5,50,4,2,1,4,4,5,13,4,4,9,5,5,2,18,3,0,,,,,,,,,,,,61,,1,,121.563439,25.0281312
113,10,22,21,59,2,05中正區,中正區中山北路1段與北平西路口,0,0,1,1,B03,6,5,5,50,4,1,1,4,4,5,13,1,1,10,4,5,2,17,1,74,4,11,3,4,7,6,7,19,11,17,,27,,1,22,121.5202623,25.0473636
113,10,22,21,59,2,05中正區,中正區中山北路1段與北平西路口,0,0,1,2,C03,6,5,5,50,4,1,1,4,4,5,13,1,1,10,4,5,2,17,1,51,2,6,6,4,7,8,1,10,11,17,,42,,1,22,121.5202623,25.0473636
113,10,22,22,11,2,07信義區,信義區忠孝東路4段551號,0,0,1,1,C03,6,5,5,50,14,9,1,4,4,5,13,1,1,9,4,5,2,13,1,29,2,9,5,1,7,8,1,10,1,11,,108,,1,21,121.562491,25.0413308
113,10,22,22,11,2,07信義區,信義區忠孝東路4段551號,0,0,1,2,C03,6,5,5,50,14,9,1,4,4,5,13,1,1,9,4,5,2,13,2,26,3,10,5,1,7,8,1,10,1,12,,101,,1,21,121.562491,25.0413308
113,10,22,22,12,2,05中正區,中正區永福橋(往新北市方向),0,0,1,1,B01,6,5,5,30,8,17,1,4,4,5,13,4,4,5,2,5,1,17,1,60,3,10,7,1,7,8,1,4,2,8,,100,,1,21,121.5282035,25.0116529
113,10,22,22,12,2,05中正區,中正區永福橋(往新北市方向),0,0,1,2,C03,6,5,5,30,8,17,1,4,4,5,13,4,4,5,2,5,1,17,1,37,2,9,5,1,7,9,1,10,2,11,,44,,1,21,121.5282035,25.0116529
113,10,22,22,12,2,05中正區,中正區永福橋(往新北市方向),0,0,1,3,B03,6,5,5,30,8,17,1,4,4,5,13,4,4,5,2,5,1,17,2,24,3,10,7,1,7,9,1,8,2,1,,44,,1,21,121.5282035,25.0116529
113,10,22,22,14,2,07信義區,信義區松山路315-5號,0,0,1,1,A02,6,5,5,50,14,9,1,4,4,5,13,4,4,1,4,5,2,9,1,60,3,10,3,4,7,12,1,2,9,17,,118,,1,21,121.5778681,25.0423069
113,10,22,22,14,2,07信義區,信義區松山路315-5號,0,0,1,2,H02,6,5,5,50,14,9,1,4,4,5,13,4,4,1,4,5,2,9,2,39,2,9,2,5,7,20,8,20,10,16,,67,,1,22,121.5778681,25.0423069
113,10,22,23,22,2,01大同區,大同區承德路1段與承德路1段77巷口,0,0,2,1,C03,6,5,5,50,3,2,1,4,4,5,13,4,4,1,4,4,2,17,1,41,2,9,6,4,7,15,1,10,2,11,,42,,1,22,121.5175545,25.052149
113,10,22,23,22,2,01大同區,大同區承德路1段與承德路1段77巷口,0,0,2,2,C03,6,5,5,50,3,2,1,4,4,5,13,4,4,1,4,4,2,17,2,25,2,9,6,4,7,13,1,10,2,12,,44,,1,22,121.5175545,25.052149
113,10,22,23,22,2,01大同區,大同區承德路1段與承德路1段77巷口,0,0,2,3,C03,6,5,5,50,3,2,1,4,4,5,13,4,4,1,4,4,2,17,2,38,3,10,2,1,7,13,1,10,9,14,,44,,1,22,121.5175545,25.052149
113,10,22,23,58,2,02萬華區,萬華區光復橋往臺北市下橋處(新北市003018號燈桿),0,0,2,1,C03,6,5,5,50,8,9,1,4,4,5,13,4,4,1,5,5,2,17,1,46,2,9,5,1,7,15,6,10,1,11,,16,,1,26,121.4920303,25.02542283