發生年度,發生月,發生日,發生時-Hours,發生分,處理別-編號,區序,肇事地點,死亡人數,2-30日死亡人數,受傷人數,當事人序號,車種,天候,道路照明設備,道路類別,速限-速度限制,道路型態,事故位置,路面狀況1,路面狀況2,路面狀況3,道路障礙1,道路障礙2,號誌1,號誌2,車道劃分-分向,車道劃分-分道1,車道劃分-分道2,車道劃分-分道3,事故類型及型態,性別,年齡,受傷程度,主要傷處,保護裝置,行動電話,車輛用途,當事者行動狀態,駕駛資格情形,駕駛執照種類,飲酒情形,車輛撞擊部位1,車輛撞擊部位2,肇因碼-個別,肇因碼-主要,個人肇逃否,職業,座標-X,座標-Y
113,10,22,23,58,2,02萬華區,萬華區光復橋往臺北市下橋處(新北市003018號燈桿),0,0,2,2,C03,6,5,5,50,8,9,1,4,4,5,13,4,4,1,5,5,2,17,2,28,2,9,6,1,7,9,1,10,1,13,,44,,1,26,121.4920303,25.02542283
113,10,23,0,1,2,05中正區,中正區中山南路與信義路1段口,0,0,1,1,B03,6,5,5,50,5,1,1,4,4,5,13,2,1,5,4,5,2,15,1,38,3,10,7,1,7,9,1,8,2,5,,81,,1,22,121.5179013,25.03866776
113,10,23,0,1,2,05中正區,中正區中山南路與信義路1段口,0,0,1,2,C03,6,5,5,50,5,1,1,4,4,5,13,2,1,5,4,5,2,15,1,25,2,9,5,1,7,9,1,10,2,14,,44,,1,22,121.5179013,25.03866776
113,10,23,2,33,2,05中正區,中正區重慶南路2段6巷與博愛路口,0,0,2,1,C03,6,5,5,30,3,1,1,4,4,5,13,4,4,10,5,5,1,13,2,61,2,8,5,1,7,9,1,10,1,11,,108,,1,21,121.5123989,25.034133
113,10,23,2,33,2,05中正區,中正區重慶南路2段6巷與博愛路口,0,0,2,2,C03,6,5,5,30,3,1,1,4,4,5,13,4,4,10,5,5,1,13,1,27,2,8,5,1,7,9,1,10,1,13,,108,,1,21,121.5123989,25.034133
113,10,23,2,33,2,05中正區,中正區重慶南路2段6巷與博愛路口,0,0,2,3,C03,6,5,5,30,3,1,1,4,4,5,13,4,4,10,5,5,1,13,1,31,3,10,5,1,7,12,1,10,1,13,,108,,1,21,121.5123989,25.034133
113,10,23,5,54,2,08士林區,士林區基河路190號,0,0,1,2,C03,6,5,5,50,14,9,1,4,4,5,13,4,4,5,4,5,2,17,2,44,2,8,6,1,7,9,1,10,1,15,,29,,1,21,121.5219155,25.0907604
113,10,23,5,54,2,08士林區,士林區基河路190號,0,0,1,1,B12,6,5,5,50,14,9,1,4,4,5,13,4,4,5,4,5,2,17,1,34,3,10,3,4,7,6,1,6,1,2,,9,,1,21,121.5219155,25.0907604
113,10,23,6,28,2,05中正區,中正區市民大道2段與天津街口往東,0,0,2,1,C03,6,5,5,40,14,9,1,4,4,5,13,4,4,1,4,5,2,27,1,64,2,9,5,1,7,9,6,10,9,11,,44,,1,22,121.5228549,25.04779956
113,10,23,6,28,2,05中正區,中正區市民大道2段與天津街口往東,0,0,2,2,,6,5,5,40,14,9,1,4,4,5,13,4,4,1,4,5,2,27,3,0,,,,,,,,,,,,66,,1,,121.5228549,25.04779956
113,10,23,6,28,2,05中正區,中正區市民大道2段與天津街口往東,0,0,2,3,C03,6,5,5,40,14,9,1,4,4,5,13,4,4,1,4,5,2,27,2,48,2,8,5,1,7,9,1,10,2,11,,108,,1,22,121.5228549,25.04779956
113,10,23,7,26,2,09北投區,北投區中和街453-2號,0,0,1,1,B03,6,7,5,50,14,9,1,4,4,5,13,4,4,9,5,5,2,10,1,38,3,10,7,1,7,9,1,8,2,1,,4,,1,22,121.4984065,25.14365267
113,10,23,7,26,2,09北投區,北投區中和街453-2號,0,0,1,2,B03,6,7,5,50,14,9,1,4,4,5,13,4,4,9,5,5,2,10,1,71,2,9,7,1,7,9,1,8,2,5,,44,,1,22,121.4984065,25.14365267
113,10,23,7,47,2,03中山區,中山區明水路往東(軍事博物館對面),0,0,1,1,B03,6,7,5,50,14,9,1,4,4,5,13,4,4,1,4,1,2,17,1,42,3,10,3,4,7,7,1,8,1,7,,100,,1,21,121.5396984,25.0776541
113,10,23,7,47,2,03中山區,中山區明水路往東(軍事博物館對面),0,0,1,2,C03,6,7,5,50,14,9,1,4,4,5,13,4,4,1,4,1,2,17,1,28,2,9,3,4,7,9,1,10,1,11,,44,,1,21,121.5396984,25.0776541
113,10,23,7,50,2,06松山區,松山區敦化北路155巷與敦化北路199巷2弄口,0,0,2,1,C03,6,6,5,30,4,1,1,4,4,5,13,4,4,10,5,5,2,15,2,61,2,9,6,1,7,9,1,10,1,11,,80,,1,22,121.5499594,25.0542651
113,10,23,7,50,2,06松山區,松山區敦化北路155巷與敦化北路199巷2弄口,0,0,2,2,C03,6,6,5,30,4,1,1,4,4,5,13,4,4,10,5,5,2,15,1,44,2,6,6,1,7,9,1,9,1,12,,5,,1,22,121.5499594,25.0542651
113,10,23,7,52,2,03中山區,中山區林森北路401號,0,0,1,2,C03,6,5,5,50,14,9,1,4,4,5,13,4,4,5,5,5,2,29,1,30,2,9,3,4,7,9,1,10,1,17,,116,,1,21,121.5255847,25.05936419
113,10,23,7,52,2,03中山區,中山區林森北路401號,0,0,1,1,B03,6,5,5,50,14,9,1,4,4,5,13,4,4,5,5,5,2,29,1,25,3,10,3,4,7,1,1,8,9,17,,19,,1,21,121.5255847,25.05936419
113,10,23,7,53,2,07信義區,信義區嘉興街與嘉興街127巷口,0,0,3,1,C03,6,6,5,30,4,1,1,4,4,5,13,4,4,9,4,5,2,17,2,46,2,9,6,1,7,5,1,10,1,11,,8,,1,21,121.5577445,25.0289825
113,10,23,7,53,2,07信義區,信義區嘉興街與嘉興街127巷口,0,0,3,2,C03,6,6,5,30,4,1,1,4,4,5,13,4,4,9,4,5,2,17,1,33,2,9,6,1,7,9,1,10,1,11,,42,,1,21,121.5577445,25.0289825
113,10,23,7,53,2,07信義區,信義區嘉興街與嘉興街127巷口,0,0,3,3,H02,6,6,5,30,4,1,1,4,4,5,13,4,4,9,4,5,2,17,2,8,2,9,4,5,7,20,8,20,10,17,,67,,1,21,121.5577445,25.0289825
113,10,23,7,56,2,01大同區,大同區迪化街2段243巷與重慶北路3段236巷45弄口,0,0,2,1,C03,6,6,5,30,5,1,1,4,4,5,13,4,4,10,5,5,2,15,1,41,2,8,6,1,7,9,1,10,1,14,,80,,1,21,121.5122966,25.0713154
113,10,23,7,56,2,01大同區,大同區迪化街2段243巷與重慶北路3段236巷45弄口,0,0,2,2,C03,6,6,5,30,5,1,1,4,4,5,13,4,4,10,5,5,2,15,2,40,2,8,6,1,7,9,1,10,1,11,,44,,1,21,121.5122966,25.0713154
113,10,23,8,5,2,09北投區,北投區中央北路1段131號,0,0,1,1,B03,6,6,5,50,14,9,1,4,4,5,13,4,4,5,4,5,2,16,2,47,3,10,7,1,7,6,1,8,1,5,,101,,1,21,121.4989962,25.1351234
113,10,23,8,5,2,09北投區,北投區中央北路1段131號,0,0,1,2,C03,6,6,5,50,14,9,1,4,4,5,13,4,4,5,4,5,2,16,2,47,2,5,6,1,7,9,1,10,1,14,,44,,1,21,121.4989962,25.1351234
113,10,23,8,12,2,05中正區,中正區沅陵街與重慶南路1段口,0,0,2,1,C03,6,7,5,30,3,1,1,4,4,5,13,4,4,5,4,5,2,17,1,48,2,9,5,1,7,5,1,10,2,14,,98,,1,23,121.5131601,25.04283337
113,10,23,8,12,2,05中正區,中正區沅陵街與重慶南路1段口,0,0,2,2,C03,6,7,5,30,3,1,1,4,4,5,13,4,4,5,4,5,2,17,2,27,2,9,5,1,7,9,1,10,2,14,,116,,1,21,121.5131601,25.04283337
113,10,23,8,12,2,12內湖區,內湖區成功路2段國道北上入口匝道,0,0,1,1,B03,6,7,5,50,4,2,1,4,4,5,13,1,1,1,4,5,2,16,1,73,3,10,7,1,7,6,1,8,1,2,,9,,1,21,121.590884,25.06423916
113,10,23,8,12,2,12內湖區,內湖區成功路2段國道北上入口匝道,0,0,1,2,C03,6,7,5,50,4,2,1,4,4,5,13,1,1,1,4,5,2,16,2,48,2,8,5,1,7,9,1,10,1,14,,44,,1,21,121.590884,25.06423916
113,10,23,8,15,2,10文山區,文山區木柵路5段43巷0706867電桿,0,0,1,1,A41,6,5,5,30,14,9,1,4,4,2,13,4,4,5,5,5,1,17,1,36,3,10,7,1,7,9,1,1,1,17,,37,,1,21,121.5847509,25.00544118
113,10,23,8,15,2,10文山區,文山區木柵路5段43巷0706867電桿,0,0,1,2,C03,6,5,5,30,14,9,1,4,4,2,13,4,4,5,5,5,1,17,2,20,2,9,6,1,7,9,1,10,1,12,,44,,1,21,121.5847509,25.00544118
113,10,23,8,40,2,01大同區,大同區長安西路256號,0,0,1,1,C03,6,6,5,50,14,9,1,4,4,5,13,4,4,5,5,5,2,17,1,47,3,10,3,4,7,1,1,10,9,17,,19,,2,22,121.5133928,25.0516942
113,10,23,8,40,2,01大同區,大同區長安西路256號,0,0,1,2,C03,6,6,5,50,14,9,1,4,4,5,13,4,4,5,5,5,2,17,1,48,2,9,6,1,7,9,1,10,1,11,,44,,1,21,121.5133928,25.0516942
113,10,23,8,40,2,01大同區,大同區長安西路256號,0,0,1,3,B02,6,6,5,50,14,9,1,4,4,5,13,4,4,5,5,5,2,17,1,45,3,10,7,1,7,14,1,7,1,6,,44,,1,21,121.5133928,25.0516942
113,10,23,8,40,2,11南港區,南港區松河街與重陽路口(高過岸車道出入口),0,0,1,1,B03,6,7,5,30,14,20,2,4,4,5,13,4,4,10,5,5,2,9,1,64,3,10,7,1,7,1,1,8,2,2,,19,,1,21,121.6112937,25.0604446
113,10,23,8,40,2,11南港區,南港區松河街與重陽路口(高過岸車道出入口),0,0,1,2,H01,6,7,5,30,14,20,2,4,4,5,13,4,4,10,5,5,2,9,1,39,2,8,4,5,8,16,8,20,10,17,,44,,1,21,121.6112937,25.0604446
113,10,23,8,59,2,05中正區,中正區羅斯福路1段與南海路口,0,0,1,1,C03,6,7,5,50,4,2,1,4,4,5,13,4,4,1,4,4,2,13,1,21,2,9,5,1,7,9,1,10,1,11,,16,,1,22,121.5182048,25.0327371
113,10,23,8,59,2,05中正區,中正區羅斯福路1段與南海路口,0,0,1,2,B02,6,7,5,50,4,2,1,4,4,5,13,4,4,1,4,4,2,13,1,34,3,10,7,1,7,9,1,4,1,6,,44,,1,22,121.5182048,25.0327371
113,10,23,9,4,2,01大同區,大同區鄭州路與西寧北路口口,0,0,1,1,C03,7,5,5,40,4,1,1,5,4,5,13,1,1,1,4,1,2,17,1,63,4,11,3,4,7,1,1,10,11,17,,19,,2,22,121.5082801,25.0505955
113,10,23,9,4,2,01大同區,大同區鄭州路與西寧北路口口,0,0,1,2,C03,7,5,5,40,4,1,1,5,4,5,13,1,1,1,4,1,2,17,1,36,2,9,5,1,7,9,1,10,1,12,,13,,1,21,121.5082801,25.0505955
113,10,23,9,4,2,07信義區,信義區松仁路與信義路5段口,0,0,1,1,B03,6,6,5,50,4,1,1,4,4,5,13,4,4,9,4,5,2,13,1,71,3,10,7,1,7,9,1,8,1,1,,99,,1,21,121.5683901,25.0327163
113,10,23,9,4,2,07信義區,信義區松仁路與信義路5段口,0,0,1,2,C03,6,6,5,50,4,1,1,4,4,5,13,4,4,9,4,5,2,13,2,49,2,9,6,1,7,6,1,10,1,13,,99,,1,21,121.5683901,25.0327163
113,10,23,9,9,2,10文山區,文山區汀州路4段與溪洲街107巷口,0,0,2,2,C03,6,6,5,30,3,2,1,4,4,5,13,4,4,5,5,5,2,17,1,72,2,9,6,1,7,9,1,10,11,12,,44,,1,21,121.5354942,25.0034276
113,10,23,9,9,2,10文山區,文山區汀州路4段與溪洲街107巷口,0,0,2,1,B03,6,6,5,30,3,2,1,4,4,5,13,4,4,5,5,5,2,17,2,56,3,10,7,1,7,3,1,8,11,17,,18,,1,21,121.5354942,25.0034276
113,10,23,9,9,2,10文山區,文山區汀州路4段與溪洲街107巷口,0,0,2,3,H02,6,6,5,30,3,2,1,4,4,5,13,4,4,5,5,5,2,17,2,66,2,9,6,5,7,20,8,20,10,16,,67,,1,21,121.5354942,25.0034276
113,10,23,9,17,2,01大同區,大同區重慶北路1段與長安西路口,0,0,2,1,C03,6,6,5,50,5,1,1,4,4,5,13,4,4,1,5,5,2,16,1,57,2,8,6,1,7,5,1,9,1,12,,71,,1,21,121.5138832,25.0516113
113,10,23,9,17,2,01大同區,大同區重慶北路1段與長安西路口,0,0,2,2,C03,6,6,5,50,5,1,1,4,4,5,13,4,4,1,5,5,2,16,1,35,2,9,6,1,7,9,1,10,1,11,,44,,1,21,121.5138832,25.0516113
113,10,23,9,19,2,12內湖區,內湖區新明路155號號,0,0,1,1,B03,6,5,5,50,14,9,1,4,4,5,13,4,4,5,5,5,2,17,1,34,3,10,7,1,7,5,1,8,2,6,,8,,1,21,121.5890034,25.0591336
113,10,23,9,19,2,12內湖區,內湖區新明路155號號,0,0,1,2,C03,6,5,5,50,14,9,1,4,4,5,13,4,4,5,5,5,2,17,1,39,2,9,5,1,7,9,1,10,2,11,,13,,1,21,121.5890034,25.0591336
113,10,23,9,20,2,06松山區,松山區復興北路193號,0,0,1,1,B03,6,6,5,50,14,9,1,4,4,5,13,4,4,1,4,5,2,17,1,68,3,10,7,1,7,7,1,8,2,17,,19,,1,22,121.5442119,25.05525556
113,10,23,9,20,2,06松山區,松山區復興北路193號,0,0,1,2,C03,6,6,5,50,14,9,1,4,4,5,13,4,4,1,4,5,2,17,1,19,2,9,6,1,7,9,1,10,2,14,,13,,1,22,121.5442119,25.05525556
113,10,23,9,25,2,04大安區,大安區市民大道4段與延吉街口,0,0,1,1,B12,6,6,5,40,4,2,1,4,4,5,13,1,1,1,4,5,2,17,1,65,3,10,3,1,7,6,7,19,11,17,,9,,2,22,121.5537143,25.0442707
113,10,23,9,25,2,04大安區,大安區市民大道4段與延吉街口,0,0,1,2,C03,6,6,5,40,4,2,1,4,4,5,13,1,1,1,4,5,2,17,2,26,2,9,6,1,7,12,1,10,1,14,,13,,1,21,121.5537143,25.0442707
113,10,23,10,35,2,10文山區,文山區木柵路3段48巷1弄與興隆路4段109巷口,0,0,1,1,C03,7,7,5,50,14,9,1,4,4,5,13,3,1,5,5,5,2,17,2,21,2,9,5,1,7,9,1,10,1,12,,44,,1,21,121.5647913,24.9869893
113,10,23,10,35,2,10文山區,文山區木柵路3段48巷1弄與興隆路4段109巷口,0,0,1,2,C03,7,7,5,50,14,9,1,4,4,5,13,3,1,5,5,5,2,17,1,52,3,10,5,1,7,1,1,10,1,17,,19,,1,21,121.5647913,24.9869893
113,10,23,11,34,2,07信義區,信義區忠孝東路5段22巷(新光三越A4停車場出入口),0,0,1,1,B03,6,7,5,50,14,18,1,4,4,5,13,4,4,5,4,5,2,9,1,33,3,10,3,4,7,9,1,8,2,1,,70,,1,21,121.5661649,25.0400514
113,10,23,11,34,2,07信義區,信義區忠孝東路5段22巷(新光三越A4停車場出入口),0,0,1,2,H01,6,7,5,50,14,18,1,4,4,5,13,4,4,5,4,5,2,9,1,43,2,9,4,5,8,16,8,20,10,16,,67,,1,21,121.5661649,25.0400514
113,10,23,11,34,2,07信義區,信義區忠孝東路5段22巷(新光三越A4停車場出入口),0,0,1,3,H01,6,7,5,50,14,18,1,4,4,5,13,4,4,5,4,5,2,9,1,46,4,11,4,5,8,16,8,20,10,16,,67,,1,21,121.5661649,25.0400514
113,10,23,11,52,2,12內湖區,內湖區文德路208巷與文德路208巷6弄口,0,0,1,1,B03,6,5,5,30,14,9,1,4,4,5,13,4,4,10,5,5,2,9,1,46,3,10,7,1,7,9,1,8,2,2,,17,,1,21,121.5833461,25.07794454
113,10,23,11,52,2,12內湖區,內湖區文德路208巷與文德路208巷6弄口,0,0,1,2,H01,6,5,5,30,14,9,1,4,4,5,13,4,4,10,5,5,2,9,2,88,2,7,4,5,8,16,8,20,10,16,,67,,1,21,121.5833461,25.07794454
113,10,23,12,6,2,09北投區,北投區大度路3段與立功街口,0,0,1,1,A02,6,7,5,50,3,1,1,4,4,5,13,3,1,1,4,1,2,16,1,66,3,10,3,4,7,6,1,2,1,6,,9,,1,22,121.4686398,25.1230653
113,10,23,12,6,2,09北投區,北投區大度路3段與立功街口,0,0,1,2,C03,6,7,5,50,3,1,1,4,4,5,13,3,1,1,4,1,2,16,2,44,2,8,3,4,7,6,1,10,1,14,,108,,1,22,121.4686398,25.1230653
113,10,23,12,8,2,11南港區,南港區忠孝東路7段與忠孝東路7段265巷口,0,0,1,1,B03,6,6,5,50,4,1,1,4,4,5,13,2,1,3,4,5,2,16,1,29,3,10,7,1,7,5,1,8,1,6,,71,,1,21,121.6035493,25.0517658
113,10,23,12,8,2,11南港區,南港區忠孝東路7段與忠孝東路7段265巷口,0,0,1,2,C03,6,6,5,50,4,1,1,4,4,5,13,2,1,3,4,5,2,16,1,18,2,9,6,1,7,9,1,10,1,11,,44,,1,21,121.6035493,25.0517658
113,10,23,12,12,2,07信義區,信義區松平路87號,0,0,1,1,C03,6,6,5,30,14,9,1,4,4,5,13,4,4,9,4,5,2,16,1,28,2,8,6,1,7,4,1,10,2,11,,1,,1,22,121.5672267,25.0304382
113,10,23,12,12,2,07信義區,信義區松平路87號,0,0,1,2,B01,6,6,5,30,14,9,1,4,4,5,13,4,4,9,4,5,2,16,1,58,3,10,3,4,7,9,1,4,2,4,,44,,1,21,121.5672267,25.0304382
113,10,23,12,27,2,08士林區,士林區忠誠路1段與忠誠路1段16巷口,0,0,1,1,B03,7,6,5,50,3,1,1,5,4,5,13,4,4,10,4,4,1,17,1,68,3,10,7,1,7,6,1,8,2,2,,9,,1,21,121.5255861,25.10418467
113,10,23,12,27,2,08士林區,士林區忠誠路1段與忠誠路1段16巷口,0,0,1,2,C03,7,6,5,50,3,1,1,5,4,5,13,4,4,10,4,4,1,17,1,22,2,9,6,1,7,9,1,10,2,11,,13,,1,21,121.5255861,25.10418467
113,10,23,12,35,2,05中正區,中正區福州街14號,0,0,1,1,C03,6,7,5,50,14,9,1,4,4,5,13,4,4,4,4,5,2,12,1,57,2,9,5,4,7,4,1,10,2,12,,1,,1,21,121.5183047,25.0286368
113,10,23,12,35,2,05中正區,中正區福州街14號,0,0,1,2,B03,6,7,5,50,14,9,1,4,4,5,13,4,4,4,4,5,2,12,1,51,3,10,7,4,7,15,1,8,2,8,,44,,1,21,121.5183047,25.0286368
113,10,23,13,0,2,04大安區,大安區建國南路1段65巷(?公圳公園旁),0,0,2,1,C03,6,5,5,50,3,2,1,4,4,5,13,4,4,9,4,5,2,16,1,20,2,8,6,1,7,5,1,10,1,14,,74,,1,21,121.5377241,25.0437862
113,10,23,13,0,2,04大安區,大安區建國南路1段65巷(?公圳公園旁),0,0,2,2,C03,6,5,5,50,3,2,1,4,4,5,13,4,4,9,4,5,2,16,1,31,2,8,6,1,7,9,1,10,1,11,,108,,1,21,121.5377241,25.0437862
113,10,23,13,51,2,04大安區,大安區忠孝東路4段297號,0,0,2,1,B02,6,5,5,50,14,9,1,4,4,5,13,4,4,1,4,5,1,17,1,56,3,10,7,1,7,15,1,8,1,8,,40,,1,21,121.5552471,25.041512
113,10,23,13,51,2,04大安區,大安區忠孝東路4段297號,0,0,2,2,C03,6,5,5,50,14,9,1,4,4,5,13,4,4,1,4,5,1,17,2,27,2,9,6,1,7,9,1,10,1,11,,44,,1,21,121.5552471,25.041512
113,10,23,13,51,2,04大安區,大安區忠孝東路4段297號,0,0,2,3,C03,6,5,5,50,14,9,1,4,4,5,13,4,4,1,4,5,1,17,2,45,2,9,6,1,7,9,1,10,1,12,,44,,1,21,121.5552471,25.041512
113,10,23,14,10,2,12內湖區,內湖區洲子街75號,0,0,1,1,B12,6,5,5,50,14,9,1,4,4,5,13,4,4,9,4,5,2,16,1,43,3,10,7,1,7,1,1,8,1,4,,80,,1,21,121.571321,25.07993684
113,10,23,14,10,2,12內湖區,內湖區洲子街75號,0,0,1,2,C03,6,5,5,50,14,9,1,4,4,5,13,4,4,9,4,5,2,16,2,62,2,9,5,1,7,9,1,10,1,12,,44,,1,21,121.571321,25.07993684
113,10,23,14,12,2,08士林區,士林區承德路4段與承德路4段80巷口,0,0,2,1,C03,8,6,5,50,5,2,1,5,4,5,13,1,1,10,4,4,1,17,1,19,2,9,6,1,7,15,1,10,1,12,,100,,1,21,121.5230341,25.0823416
113,10,23,14,12,2,08士林區,士林區承德路4段與承德路4段80巷口,0,0,2,2,C03,8,6,5,50,5,2,1,5,4,5,13,1,1,10,4,4,1,17,1,58,2,9,6,1,7,9,1,10,1,11,,13,,1,21,121.5230341,25.0823416
113,10,23,14,40,2,04大安區,大安區市民大道4段與復興南路1段口,0,0,1,1,B03,6,6,5,40,4,1,1,4,4,5,13,2,1,1,3,1,2,16,1,47,3,10,7,1,7,5,1,8,1,1,,85,,1,21,121.5439389,25.04465173
113,10,23,14,40,2,04大安區,大安區市民大道4段與復興南路1段口,0,0,1,2,C03,6,6,5,40,4,1,1,4,4,5,13,2,1,1,3,1,2,16,1,33,2,8,5,1,7,9,1,10,1,14,,44,,1,21,121.5439389,25.04465173
113,10,23,15,20,2,06松山區,松山區南京東路3段289號,0,0,1,1,C03,6,6,5,50,6,9,1,4,4,5,13,4,4,1,4,4,2,17,1,66,2,9,5,1,7,12,1,10,2,17,,42,,1,22,121.5465096,25.0518756
113,10,23,15,20,2,06松山區,松山區南京東路3段289號,0,0,1,2,C03,6,6,5,50,6,9,1,4,4,5,13,4,4,1,4,4,2,17,1,27,3,10,6,1,7,9,1,10,2,17,,16,,1,22,121.5465096,25.0518756
113,10,23,15,25,2,04大安區,大安區復興南路2段356號,0,0,1,1,C03,6,6,5,50,14,9,1,4,4,5,13,4,4,1,4,5,2,17,1,18,2,9,6,1,7,12,1,10,1,12,,50,,1,21,121.5437561,25.0219546
113,10,23,15,25,2,04大安區,大安區復興南路2段356號,0,0,1,2,B03,6,6,5,50,14,9,1,4,4,5,13,4,4,1,4,5,2,17,2,52,3,10,7,1,7,8,1,8,1,17,,100,,1,21,121.5437561,25.0219546
113,10,23,15,37,2,08士林區,士林區中正路與基河路口,0,0,1,1,C03,6,5,5,50,14,9,1,4,4,5,13,2,1,3,4,5,1,12,2,58,2,9,6,1,7,7,1,10,1,13,,100,,1,21,121.5203884,25.0936478
113,10,23,15,37,2,08士林區,士林區中正路與基河路口,0,0,1,2,B03,6,5,5,50,14,9,1,4,4,5,13,2,1,3,4,5,1,12,1,44,3,10,7,1,7,9,1,8,1,8,,44,,1,21,121.5203884,25.0936478
113,10,23,15,40,2,06松山區,松山區光復南路57巷2-1號,0,0,1,1,B03,6,7,5,30,14,9,1,4,4,5,13,4,4,10,5,5,2,16,1,55,3,10,7,1,7,1,1,8,1,2,,19,,1,26,121.5582819,25.0458084
113,10,23,15,40,2,06松山區,松山區光復南路57巷2-1號,0,0,1,2,C03,6,7,5,30,14,9,1,4,4,5,13,4,4,10,5,5,2,16,1,42,2,3,5,1,7,9,1,10,1,11,,44,,1,26,121.5582819,25.0458084
113,10,23,15,40,2,07信義區,信義區松勇路與松高路口,0,0,1,1,B03,6,6,5,50,4,18,1,4,4,5,13,1,1,9,5,5,2,3,2,31,3,10,3,4,7,5,1,8,1,8,,70,,1,22,121.569739,25.0390618
113,10,23,15,40,2,07信義區,信義區松勇路與松高路口,0,0,1,2,H01,6,6,5,50,4,18,1,4,4,5,13,1,1,9,5,5,2,3,2,42,2,9,4,5,8,18,8,20,10,16,,67,,1,22,121.569739,25.0390618
113,10,23,16,49,2,04大安區,大安區信義路3段147巷與仁愛路3段口,0,0,1,1,B03,6,7,5,30,3,1,1,4,4,5,13,4,4,8,3,5,2,15,1,62,3,10,3,4,7,15,1,8,1,2,,80,,1,21,121.5419749,25.0377989
113,10,23,16,49,2,04大安區,大安區信義路3段147巷與仁愛路3段口,0,0,1,2,C03,6,7,5,30,3,1,1,4,4,5,13,4,4,8,3,5,2,15,2,61,2,9,3,4,7,9,3,18,1,14,,44,,1,21,121.5419749,25.0377989
113,10,23,17,0,2,07信義區,信義區忠孝東路4段與忠孝東路4段553巷口,0,0,1,1,B03,6,6,5,30,3,2,1,4,4,5,13,4,4,1,4,5,2,17,2,36,3,10,7,1,7,6,1,8,11,17,,72,,1,21,121.5635986,25.0412664
113,10,23,17,0,2,07信義區,信義區忠孝東路4段與忠孝東路4段553巷口,0,0,1,2,C03,6,6,5,30,3,2,1,4,4,5,13,4,4,1,4,5,2,17,2,25,2,9,5,1,7,9,1,10,2,12,,42,,1,21,121.5635986,25.0412664
113,10,23,17,5,2,10文山區,文山區萬美街1段52號,0,0,1,1,B03,6,5,5,40,14,9,2,4,4,5,13,2,1,5,5,5,1,13,2,61,3,10,7,1,7,9,1,8,1,1,,108,,1,21,121.5666065,25.0020379
113,10,23,17,5,2,10文山區,文山區萬美街1段52號,0,0,1,2,C03,6,5,5,40,14,9,2,4,4,5,13,2,1,5,5,5,1,13,1,50,2,9,5,1,7,9,1,10,1,13,,44,,1,21,121.5666065,25.0020379
113,10,23,17,10,2,11南港區,南港區東勢街與大坑街口口,0,0,1,1,B03,6,6,5,40,3,1,1,4,4,5,13,4,4,10,5,5,2,16,2,27,3,10,7,1,7,5,1,8,1,4,,72,,1,21,121.6238069,25.0388398
113,10,23,17,10,2,11南港區,南港區東勢街與大坑街口口,0,0,1,2,C01,6,6,5,40,3,1,1,4,4,5,13,4,4,10,5,5,2,16,1,32,2,8,6,1,7,9,1,10,1,14,,44,,1,21,121.6238069,25.0388398
113,10,23,17,10,2,11南港區,南港區東勢街與大坑街口口,0,0,1,3,B03,6,6,5,40,3,1,1,4,4,5,13,4,4,10,5,5,2,16,1,41,3,10,7,1,7,9,1,8,1,1,,16,,1,21,121.6238069,25.0388398
113,10,23,17,17,2,11南港區,南港區東新街與東新街108巷口,0,0,1,1,B02,6,5,5,50,4,1,1,4,4,5,13,2,1,4,3,5,2,17,1,42,3,10,3,4,7,1,1,8,1,17,,19,,1,21,121.5876461,25.0465165
113,10,23,17,17,2,11南港區,南港區東新街與東新街108巷口,0,0,1,2,C03,6,5,5,50,4,1,1,4,4,5,13,2,1,4,3,5,2,17,1,56,2,9,3,4,7,9,1,10,1,17,,44,,1,21,121.5876461,25.0465165
113,10,23,17,25,2,01大同區,大同區環河北路1段與南京西路口,0,0,2,2,B03,7,6,5,50,3,2,1,5,4,5,13,2,1,8,3,5,2,17,1,65,3,10,7,1,7,13,1,8,1,7,,38,,1,21,121.5075378,25.05391315
113,10,23,17,25,2,01大同區,大同區環河北路1段與南京西路口,0,0,2,3,H02,7,6,5,50,3,2,1,5,4,5,13,2,1,8,3,5,2,17,2,25,2,9,7,5,7,20,8,20,10,16,,67,,1,21,121.5075378,25.05391315
113,10,23,17,25,2,01大同區,大同區環河北路1段與南京西路口,0,0,2,1,B03,7,6,5,50,3,2,1,5,4,5,13,2,1,8,3,5,2,17,1,48,2,9,7,1,7,21,1,8,7,15,,21,,1,21,121.5075378,25.05391315
113,10,23,17,34,2,04大安區,大安區仁愛路4段與敦化南路1段口,0,0,1,1,F01,6,5,5,50,18,23,1,4,4,5,13,1,1,9,3,5,2,10,2,52,2,9,3,4,7,9,8,20,1,11,,108,,1,21,121.5485969,25.038732
113,10,23,17,34,2,04大安區,大安區仁愛路4段與敦化南路1段口,0,0,1,2,F01,6,5,5,50,18,23,1,4,4,5,13,1,1,9,3,5,2,10,2,28,3,10,3,4,7,9,8,20,1,11,,108,,1,21,121.5485969,25.038732