發生年度,發生月,發生日,發生時-Hours,發生分,處理別-編號,區序,肇事地點,死亡人數,2-30日死亡人數,受傷人數,當事人序號,車種,天候,道路照明設備,道路類別,速限-速度限制,道路型態,事故位置,路面狀況1,路面狀況2,路面狀況3,道路障礙1,道路障礙2,號誌1,號誌2,車道劃分-分向,車道劃分-分道1,車道劃分-分道2,車道劃分-分道3,事故類型及型態,性別,年齡,受傷程度,主要傷處,保護裝置,行動電話,車輛用途,當事者行動狀態,駕駛資格情形,駕駛執照種類,飲酒情形,車輛撞擊部位1,車輛撞擊部位2,肇因碼-個別,肇因碼-主要,個人肇逃否,職業,座標-X,座標-Y
113,10,23,17,40,2,06松山區,松山區南京東路5段與東興路口,0,0,1,1,C03,6,5,5,50,14,9,1,4,4,5,13,1,1,1,3,4,2,18,2,27,2,9,6,1,7,9,1,10,1,11,,108,,1,25,121.565669,25.0514706
113,10,23,17,40,2,06松山區,松山區南京東路5段與東興路口,0,0,1,2,,6,5,5,50,14,9,1,4,4,5,13,1,1,1,3,4,2,18,3,0,,,,,,,,,,,,67,,1,,121.565669,25.0514706
113,10,23,18,50,2,03中山區,中山區新生北路1段65號,0,0,1,1,C03,8,5,5,50,14,9,1,5,4,5,13,4,4,10,5,5,2,17,1,26,3,10,5,1,7,9,1,10,1,17,,44,,1,22,121.5290634,25.049256
113,10,23,18,50,2,03中山區,中山區新生北路1段65號,0,0,1,2,C03,8,5,5,50,14,9,1,5,4,5,13,4,4,10,5,5,2,17,2,26,2,9,5,1,7,9,1,10,1,17,,44,,1,22,121.5290634,25.049256
113,10,23,19,2,2,07信義區,信義區松智路與信義路5段口,0,0,1,1,B03,6,5,8,50,4,2,1,4,4,5,13,4,4,9,4,5,2,17,1,57,3,10,7,1,7,9,1,8,1,4,,44,,1,22,121.5654401,25.0327568
113,10,23,19,2,2,07信義區,信義區松智路與信義路5段口,0,0,1,2,C03,6,5,8,50,4,2,1,4,4,5,13,4,4,9,4,5,2,17,2,28,2,9,5,1,7,8,1,10,1,12,,100,,1,22,121.5654401,25.0327568
113,10,23,19,45,2,09北投區,北投區明德路與明德路118巷口,0,0,1,1,C03,6,5,5,50,4,1,1,4,4,5,13,2,1,5,5,5,2,3,2,48,3,10,6,1,7,9,1,10,2,11,,42,,1,26,121.520235,25.10997474
113,10,23,19,45,2,09北投區,北投區明德路與明德路118巷口,0,0,1,2,H01,6,5,5,50,4,1,1,4,4,5,13,2,1,5,5,5,2,3,1,71,2,8,4,5,8,16,8,20,10,16,,122,,1,21,121.520235,25.10997474
113,10,23,20,15,2,03中山區,中山區北安路與北安路630巷口,0,0,1,1,C03,6,5,5,50,4,1,1,4,4,5,13,2,1,1,4,5,2,17,1,42,3,10,6,4,7,11,1,10,1,17,,10,,1,21,121.5492632,25.0829562
113,10,23,20,15,2,03中山區,中山區北安路與北安路630巷口,0,0,1,2,C03,6,5,5,50,4,1,1,4,4,5,13,2,1,1,4,5,2,17,1,34,2,9,6,4,7,9,1,10,1,17,,44,,1,21,121.5492632,25.0829562
113,10,23,20,23,2,04大安區,大安區和平東路1段與溫州街口,0,0,1,1,B01,6,5,5,50,3,1,1,4,4,5,13,2,1,1,4,5,2,17,1,63,3,10,3,4,7,11,1,4,1,17,,10,,1,21,121.5336453,25.0261264
113,10,23,20,23,2,04大安區,大安區和平東路1段與溫州街口,0,0,1,2,C03,6,5,5,50,3,1,1,4,4,5,13,2,1,1,4,5,2,17,1,35,2,9,5,1,7,9,1,10,1,17,,44,,1,21,121.5336453,25.0261264
113,10,23,21,40,2,02萬華區,萬華區忠孝橋與忠孝西路2段口,0,0,1,1,C03,6,5,5,50,4,2,1,4,4,5,13,1,1,1,4,5,2,17,1,58,2,9,5,1,7,6,1,10,1,12,,9,,1,21,121.5075323,25.04847431
113,10,23,21,40,2,02萬華區,萬華區忠孝橋與忠孝西路2段口,0,0,1,2,B03,6,5,5,50,4,2,1,4,4,5,13,1,1,1,4,5,2,17,1,28,3,10,2,1,7,9,1,8,1,8,,44,,1,21,121.5075323,25.04847431
113,10,23,23,10,2,12內湖區,內湖區民權東路6段與瑞光路口,0,0,2,3,H02,6,6,5,50,4,1,1,4,4,5,13,2,1,9,4,5,2,16,2,25,2,8,6,5,7,21,8,20,10,17,,67,,1,21,121.5851588,25.0686736
113,10,23,23,10,2,12內湖區,內湖區民權東路6段與瑞光路口,0,0,2,1,C03,6,6,5,50,4,1,1,4,4,5,13,2,1,9,4,5,2,16,1,18,3,10,6,1,7,7,1,10,1,13,,80,,1,21,121.5851588,25.0686736
113,10,23,23,10,2,12內湖區,內湖區民權東路6段與瑞光路口,0,0,2,2,C03,6,6,5,50,4,1,1,4,4,5,13,2,1,9,4,5,2,16,1,25,2,8,6,1,7,9,1,10,1,11,,42,,1,21,121.5851588,25.0686736
113,10,23,23,50,2,08士林區,士林區格致路與凱旋路口,0,0,1,1,C03,6,5,5,40,5,1,1,4,4,5,13,3,1,5,5,5,2,17,1,21,2,9,6,1,7,1,1,10,2,14,,19,,1,21,121.5464182,25.1370072
113,10,23,23,50,2,08士林區,士林區格致路與凱旋路口,0,0,1,2,B03,6,5,5,40,5,1,1,4,4,5,13,3,1,5,5,5,2,17,1,20,3,10,3,4,7,9,1,8,2,1,,14,,1,21,121.5464182,25.1370072
113,10,24,0,7,2,01大同區,大同區環河北路1段173號,0,0,1,1,C03,7,5,5,50,14,9,1,4,4,5,13,4,4,10,4,5,2,17,1,29,2,9,6,4,7,15,6,10,2,11,,108,,1,22,121.5079791,25.055507
113,10,24,0,7,2,01大同區,大同區環河北路1段173號,0,0,1,2,B03,7,5,5,50,14,9,1,4,4,5,13,4,4,10,4,5,2,17,1,44,3,10,2,1,7,13,1,8,9,7,,44,,1,22,121.5079791,25.055507
113,10,24,0,21,2,12內湖區,內湖區南京東路6段與南京東路6段368巷口,0,0,1,1,B03,6,6,5,50,4,1,1,4,4,5,13,2,1,9,4,5,2,15,1,32,3,10,7,1,7,9,1,8,2,1,,81,,1,21,121.5863054,25.059634
113,10,24,0,21,2,12內湖區,內湖區南京東路6段與南京東路6段368巷口,0,0,1,2,B03,6,6,5,50,4,1,1,4,4,5,13,2,1,9,4,5,2,15,2,54,2,3,7,1,7,9,1,8,2,6,,44,,1,21,121.5863054,25.059634
113,10,24,0,21,2,12內湖區,內湖區南京東路6段與南京東路6段368巷口,0,0,1,3,,6,6,5,50,4,1,1,4,4,5,13,2,1,9,4,5,2,15,3,0,,,,,,,,,,,,67,,1,,121.5863054,25.059634
113,10,24,5,20,2,12內湖區,內湖區新明路426巷與南京東路6段口,0,0,1,1,B12,6,5,5,50,4,1,1,4,4,5,13,1,1,1,5,5,2,15,1,60,3,10,7,1,7,9,1,7,2,8,,81,,1,21,121.5792007,25.0555243
113,10,24,5,20,2,12內湖區,內湖區新明路426巷與南京東路6段口,0,0,1,2,C03,6,5,5,50,4,1,1,4,4,5,13,1,1,1,5,5,2,15,1,47,2,9,6,1,7,9,1,9,2,11,,44,,1,21,121.5792007,25.0555243
113,10,24,7,11,2,07信義區,信義區中坡南路與中坡南路98巷口,0,0,1,1,B01,6,5,5,30,3,2,1,4,4,5,13,1,1,5,5,5,2,13,1,43,3,10,7,1,7,9,1,4,9,1,,16,,1,21,121.5843593,25.0422677
113,10,24,7,11,2,07信義區,信義區中坡南路與中坡南路98巷口,0,0,1,2,C03,6,5,5,30,3,2,1,4,4,5,13,1,1,5,5,5,2,13,1,58,2,9,5,1,7,14,1,10,9,13,,44,,1,21,121.5843593,25.0422677
113,10,24,7,35,2,10文山區,文山區木新路3段與木新路3段74巷口口,0,0,2,1,C03,6,6,5,50,3,1,1,4,4,5,13,4,4,10,5,4,1,16,2,44,2,8,6,1,7,5,1,10,1,12,,74,,1,22,121.5635147,24.9823934
113,10,24,7,35,2,10文山區,文山區木新路3段與木新路3段74巷口口,0,0,2,2,C03,6,6,5,50,3,1,1,4,4,5,13,4,4,10,5,4,1,16,1,41,2,8,6,1,7,9,1,10,1,11,,44,,1,22,121.5635147,24.9823934
113,10,24,7,37,2,09北投區,北投區大興街24巷與大興街24巷6弄口,0,0,1,1,C03,6,7,5,30,4,1,1,4,4,5,13,4,4,7,5,5,2,17,1,41,3,10,3,4,7,7,1,10,1,15,,101,,1,22,121.4988223,25.12911768
113,10,24,7,37,2,09北投區,北投區大興街24巷與大興街24巷6弄口,0,0,1,2,C03,6,7,5,30,4,1,1,4,4,5,13,4,4,7,5,5,2,17,2,30,2,8,3,4,7,9,1,10,1,11,,44,,1,26,121.4988223,25.12911768
113,10,24,7,37,2,09北投區,北投區大興街24巷與大興街24巷6弄口,0,0,1,3,B03,6,7,5,30,4,1,1,4,4,5,13,4,4,7,5,5,2,17,1,65,4,11,3,4,7,13,1,8,11,15,,38,,1,21,121.4988223,25.12911768
113,10,24,7,40,2,08士林區,士林區中山北路6段與克強路口,0,0,1,1,C03,8,6,5,50,4,2,1,5,4,5,13,2,1,1,4,1,2,17,1,65,2,9,5,1,7,9,1,10,1,11,,108,,1,21,121.5252669,25.1087445
113,10,24,7,40,2,08士林區,士林區中山北路6段與克強路口,0,0,1,2,B03,8,6,5,50,4,2,1,5,4,5,13,2,1,1,4,1,2,17,1,50,3,10,7,1,7,12,1,8,1,6,,44,,1,21,121.5252669,25.1087445
113,10,24,7,46,2,03中山區,中山區自強隧道(內)往北,0,0,1,1,,6,6,5,0,6,9,1,4,4,5,13,4,4,5,1,5,2,12,4,0,,,,,,,,,,,,119,,2,,121.5487584,25.0911196
113,10,24,7,46,2,03中山區,中山區自強隧道(內)往北,0,0,1,2,C03,6,6,5,0,6,9,1,4,4,5,13,4,4,5,1,5,2,12,2,19,2,7,5,1,7,9,1,10,1,11,,118,,1,22,121.5487584,25.0911196
113,10,24,7,48,2,03中山區,中山區建國北路3段與農安街口,0,0,1,1,,6,6,5,50,4,1,1,4,4,5,13,1,1,10,2,5,2,17,4,0,4,11,3,4,7,21,7,,11,,,119,,2,,121.5365327,25.06489421
113,10,24,7,48,2,03中山區,中山區建國北路3段與農安街口,0,0,1,2,C03,6,6,5,50,4,1,1,4,4,5,13,1,1,10,2,5,2,17,1,26,2,9,6,1,7,9,1,10,1,12,,119,,1,21,121.5365327,25.06489421
113,10,24,7,56,2,03中山區,中山區吉林路132號,0,0,1,1,C03,6,7,5,50,14,8,1,4,4,5,13,4,4,9,4,4,2,16,1,68,3,10,6,1,7,5,1,10,9,12,,80,,2,22,121.5301648,25.05534675
113,10,24,7,56,2,03中山區,中山區吉林路132號,0,0,1,2,C03,6,7,5,50,14,8,1,4,4,5,13,4,4,9,4,4,2,16,2,49,2,7,6,1,7,9,1,10,1,11,,13,,1,21,121.5301648,25.05534675
113,10,24,8,12,2,07信義區,信義區忠孝東路4段國父紀念館,0,0,1,1,C03,6,6,5,50,14,9,1,4,4,5,13,4,4,9,4,5,2,17,1,44,3,10,6,1,7,15,1,10,1,17,,101,,1,21,121.5587253,25.0410112
113,10,24,8,12,2,07信義區,信義區忠孝東路4段國父紀念館,0,0,1,2,C03,6,6,5,50,14,9,1,4,4,5,13,4,4,9,4,5,2,17,2,29,2,9,6,1,7,9,1,10,1,17,,44,,1,21,121.5587253,25.0410112
113,10,24,8,20,2,11南港區,南港區忠孝東路7段594號與忠孝東路7段596巷口,0,0,1,1,C03,6,7,5,50,4,4,1,4,4,5,13,2,1,1,3,4,2,13,1,18,3,10,6,1,7,9,1,10,1,11,,16,,1,21,121.6151654,25.0528606
113,10,24,8,20,2,11南港區,南港區忠孝東路7段594號與忠孝東路7段596巷口,0,0,1,2,C03,6,7,5,50,4,4,1,4,4,5,13,2,1,1,3,4,2,13,1,57,2,5,6,1,7,14,1,10,1,13,,44,,1,21,121.6151654,25.0528606
113,10,24,8,20,2,11南港區,南港區忠孝東路7段594號與忠孝東路7段596巷口,0,0,1,3,B03,6,7,5,50,4,4,1,4,4,5,13,2,1,1,3,4,2,13,1,58,3,10,7,1,7,5,1,8,9,17,,44,,1,21,121.6151654,25.0528606
113,10,24,8,45,2,05中正區,中正區永福橋往台北,0,0,1,1,C03,6,6,8,50,8,9,1,4,4,5,13,4,4,5,5,5,2,17,2,37,2,7,6,1,7,9,1,10,2,17,,44,,1,21,121.5280209,25.0114301
113,10,24,8,45,2,05中正區,中正區永福橋往台北,0,0,1,2,B03,6,6,8,50,8,9,1,4,4,5,13,4,4,5,5,5,2,17,2,44,4,11,3,4,7,21,8,19,11,15,,119,,2,22,121.5280209,25.0114301
113,10,24,8,47,2,11南港區,南港區研究院路1段與富康街口,0,0,1,1,B03,6,6,5,50,4,1,1,4,4,5,13,2,1,3,4,5,2,16,2,47,3,10,3,4,7,5,1,8,1,2,,71,,1,22,121.6165665,25.0542954
113,10,24,8,47,2,11南港區,南港區研究院路1段與富康街口,0,0,1,2,C03,6,6,5,50,4,1,1,4,4,5,13,2,1,3,4,5,2,16,1,23,2,8,5,4,7,9,1,10,1,11,,13,,1,22,121.6165665,25.0542954
113,10,24,8,50,2,03中山區,中山區新生北路3段與農安街口(迴轉道),0,0,1,1,B03,6,5,5,50,3,1,1,4,4,5,13,4,4,1,4,5,2,16,1,54,3,10,3,4,7,5,1,8,1,5,,8,,1,21,121.5281847,25.0658976
113,10,24,8,50,2,03中山區,中山區新生北路3段與農安街口(迴轉道),0,0,1,2,C03,6,5,5,50,3,1,1,4,4,5,13,4,4,1,4,5,2,16,2,20,2,9,3,4,7,9,1,10,1,12,,14,,1,21,121.5281847,25.0658976
113,10,24,8,51,2,03中山區,中山區樂群一路與樂群一路口 往東近敬業三路,0,0,2,1,C03,6,6,5,50,14,9,1,4,4,5,13,4,4,3,4,5,2,13,1,28,2,8,6,1,7,10,1,10,1,13,,17,,1,22,121.5557661,25.0771044
113,10,24,8,51,2,03中山區,中山區樂群一路與樂群一路口 往東近敬業三路,0,0,2,2,C03,6,6,5,50,14,9,1,4,4,5,13,4,4,3,4,5,2,13,1,25,2,5,6,1,7,9,1,10,1,11,,44,,1,22,121.5557661,25.0771044
113,10,24,8,51,2,03中山區,中山區樂群一路與樂群一路口 往東近敬業三路,0,0,2,3,B01,6,6,5,50,14,9,1,4,4,5,13,4,4,3,4,5,2,13,1,55,3,10,7,1,7,14,1,4,1,2,,44,,1,22,121.5557661,25.0771044
113,10,24,8,52,2,06松山區,松山區南京東路4段與南京東路4段53巷口,0,0,1,1,B03,6,6,5,30,3,1,1,4,4,5,13,4,4,1,3,4,2,17,2,74,3,10,7,1,7,6,1,8,1,17,,74,,1,21,121.5511275,25.05178629
113,10,24,8,52,2,06松山區,松山區南京東路4段與南京東路4段53巷口,0,0,1,2,C03,6,6,5,30,3,1,1,4,4,5,13,4,4,1,3,4,2,17,2,36,2,9,6,1,7,9,1,10,1,17,,44,,1,21,121.5511275,25.05178629
113,10,24,8,53,2,02萬華區,萬華區永福街與貴陽街2段96巷口,0,0,2,1,C03,6,6,5,30,4,2,1,4,4,5,13,4,4,10,5,5,2,15,2,34,2,8,6,1,7,9,1,10,1,14,,72,,1,21,121.5030271,25.03860231
113,10,24,8,53,2,02萬華區,萬華區永福街與貴陽街2段96巷口,0,0,2,2,C03,6,6,5,30,4,2,1,4,4,5,13,4,4,10,5,5,2,15,1,44,2,7,6,1,7,9,1,10,1,11,,13,,1,21,121.5030271,25.03860231
113,10,24,9,0,2,10文山區,文山區木柵路1段與辛亥路6段口,0,0,1,1,B03,6,7,5,50,4,1,1,4,4,5,13,2,1,10,5,5,2,16,1,55,3,10,7,1,7,5,1,8,2,2,,71,,1,21,121.5523235,24.9878491
113,10,24,9,0,2,10文山區,文山區木柵路1段與辛亥路6段口,0,0,1,2,C03,6,7,5,50,4,1,1,4,4,5,13,2,1,10,5,5,2,16,1,22,2,9,6,1,7,9,1,10,2,11,,44,,1,21,121.5523235,24.9878491
113,10,24,9,7,2,05中正區,中正區重慶南路1段136巷與重慶南路1段口,0,0,1,1,B03,6,5,5,50,3,2,1,4,4,5,12,4,4,5,4,5,2,16,1,44,3,10,7,1,7,5,1,8,1,6,,80,,1,22,121.5124859,25.036275
113,10,24,9,7,2,05中正區,中正區重慶南路1段136巷與重慶南路1段口,0,0,1,2,C03,6,5,5,50,3,2,1,4,4,5,12,4,4,5,4,5,2,16,2,32,2,9,5,1,7,9,1,10,1,11,,44,,1,22,121.5124859,25.036275
113,10,24,9,12,2,01大同區,大同區延平北路2段88號,0,0,1,1,B12,7,6,5,50,14,5,1,5,4,5,13,4,4,8,3,5,1,16,1,54,3,10,3,4,7,11,1,8,2,4,,10,,1,21,121.5116194,25.0561456
113,10,24,9,12,2,01大同區,大同區延平北路2段88號,0,0,1,2,C03,7,6,5,50,14,5,1,5,4,5,13,4,4,8,3,5,1,16,1,27,2,9,6,4,7,9,1,10,2,11,,44,,1,21,121.5116194,25.0561456
113,10,24,9,30,2,12內湖區,內湖區民權東路6段19巷與瑞光路76巷口,0,0,1,1,C03,8,6,5,50,4,1,1,4,4,5,13,2,1,10,5,5,2,17,1,28,2,9,5,1,7,4,1,10,1,14,,118,,1,21,121.5790844,25.0689183
113,10,24,9,30,2,12內湖區,內湖區民權東路6段19巷與瑞光路76巷口,0,0,1,2,B03,8,6,5,50,4,1,1,4,4,5,13,2,1,10,5,5,2,17,1,38,3,10,7,1,7,5,1,8,1,17,,118,,1,21,121.5790844,25.0689183
113,10,24,9,40,2,01大同區,大同區延平北路2段與延平北路2段61巷口,0,0,1,1,C03,6,6,5,50,4,1,1,4,4,5,13,1,1,5,4,5,2,17,1,32,2,9,6,1,7,9,1,10,2,12,,44,,1,21,121.5116528,25.0554626
113,10,24,9,40,2,01大同區,大同區延平北路2段與延平北路2段61巷口,0,0,1,2,C03,6,6,5,50,4,1,1,4,4,5,13,1,1,5,4,5,2,17,1,64,3,10,6,1,7,9,1,10,2,14,,17,,1,21,121.5116528,25.0554626
113,10,24,10,8,2,12內湖區,內湖區康寧路3段75巷與康寧路3段75巷24弄口,0,0,1,1,B03,6,5,5,50,3,1,1,4,4,5,13,4,4,5,5,5,2,9,1,82,3,10,7,1,7,9,1,8,2,4,,70,,1,21,121.6091351,25.07287923
113,10,24,10,8,2,12內湖區,內湖區康寧路3段75巷與康寧路3段75巷24弄口,0,0,1,2,H01,6,5,5,50,3,1,1,4,4,5,13,4,4,5,5,5,2,9,2,77,2,7,4,5,8,16,8,20,10,16,,67,,1,21,121.6091351,25.07287923
113,10,24,10,50,2,06松山區,松山區南京東路3段287號,0,0,1,1,C03,6,6,5,50,14,7,1,3,4,5,13,4,4,1,3,4,2,13,1,45,2,9,5,2,7,15,1,10,1,11,,110,,1,26,121.5446853,25.0519042
113,10,24,10,50,2,06松山區,松山區南京東路3段287號,0,0,1,2,B01,6,6,5,50,14,7,1,3,4,5,13,4,4,1,3,4,2,13,2,40,3,10,7,2,7,15,1,8,1,3,,110,,1,22,121.5446853,25.0519042
113,10,24,11,12,2,07信義區,信義區基隆路1段(忠孝東路五段1之7號),0,0,2,1,C03,6,5,8,50,22,22,1,4,4,5,13,4,4,1,4,5,2,17,1,41,2,9,6,1,7,9,1,9,1,11,,44,,1,22,121.5648278,25.0417576
113,10,24,11,12,2,07信義區,信義區基隆路1段(忠孝東路五段1之7號),0,0,2,2,C03,6,5,8,50,22,22,1,4,4,5,13,4,4,1,4,5,2,17,1,64,2,9,6,1,7,9,1,10,1,13,,44,,1,22,121.5648278,25.0417576
113,10,24,11,12,2,07信義區,信義區基隆路1段(忠孝東路五段1之7號),0,0,2,3,C03,6,5,8,50,22,22,1,4,4,5,13,4,4,1,4,5,2,17,2,22,3,10,6,1,7,9,1,10,9,17,,44,,2,22,121.5648278,25.0417576
113,10,24,11,30,2,07信義區,信義區基隆路2段169號,0,0,2,1,C03,7,5,5,50,14,9,1,4,4,5,13,4,4,1,4,5,2,17,2,40,2,9,6,1,7,9,1,10,1,12,,42,,1,21,121.5538179,25.0253748
113,10,24,11,30,2,07信義區,信義區基隆路2段169號,0,0,2,2,C03,7,5,5,50,14,9,1,4,4,5,13,4,4,1,4,5,2,17,1,23,2,9,6,1,7,9,1,10,1,12,,42,,1,21,121.5538179,25.0253748
113,10,24,12,0,2,12內湖區,內湖區民權東路6段136巷與民權東路6段口,0,0,1,1,B13,6,7,8,50,4,1,1,4,4,5,13,2,1,1,4,5,2,16,1,51,3,10,7,1,7,5,1,4,1,5,,71,,1,21,121.5878199,25.0690378
113,10,24,12,0,2,12內湖區,內湖區民權東路6段136巷與民權東路6段口,0,0,1,2,C03,6,7,8,50,4,1,1,4,4,5,13,2,1,1,4,5,2,16,1,29,2,9,5,1,7,9,6,10,1,11,,42,,1,21,121.5878199,25.0690378
113,10,24,12,1,2,06松山區,松山區塔悠路101號,0,0,1,1,B03,6,7,5,30,14,9,1,4,4,5,13,4,4,9,4,5,2,17,1,27,3,10,7,1,7,6,1,8,1,7,,80,,1,22,121.5700499,25.05394056
113,10,24,12,1,2,06松山區,松山區塔悠路101號,0,0,1,2,C03,6,7,5,30,14,9,1,4,4,5,13,4,4,9,4,5,2,17,2,22,2,9,6,1,7,9,1,10,1,11,,13,,1,22,121.5700499,25.05394056
113,10,24,13,6,2,11南港區,南港區重陽路與興華路口,0,0,1,1,B11,6,6,5,50,4,1,1,4,4,5,13,2,1,5,5,5,2,16,1,33,3,10,3,4,7,5,1,8,2,8,,8,,1,22,121.6053121,25.0578512
113,10,24,13,6,2,11南港區,南港區重陽路與興華路口,0,0,1,2,C03,6,6,5,50,4,1,1,4,4,5,13,2,1,5,5,5,2,16,1,22,2,8,5,1,7,9,1,10,2,11,,44,,1,22,121.6053121,25.0578512
113,10,24,13,8,2,03中山區,中山區民權東路2段1號,0,0,2,1,C03,6,6,5,50,14,9,1,4,4,5,13,2,1,3,4,5,2,13,1,26,2,9,6,1,7,9,1,10,1,11,,16,,1,22,121.5283149,25.0626906
113,10,24,13,8,2,03中山區,中山區民權東路2段1號,0,0,2,2,C03,6,6,5,50,14,9,1,4,4,5,13,2,1,3,4,5,2,13,2,77,2,9,6,1,7,9,1,10,1,13,,44,,1,22,121.5283149,25.0626906
113,10,24,13,42,2,04大安區,大安區金華街147號,0,0,1,1,B03,6,6,5,50,14,9,1,4,4,3,10,4,4,9,5,5,2,12,2,60,3,10,7,1,7,1,1,8,1,8,,19,,1,21,121.5253203,25.0303918
113,10,24,13,42,2,04大安區,大安區金華街147號,0,0,1,2,C03,6,6,5,50,14,9,1,4,4,3,10,4,4,9,5,5,2,12,2,36,2,9,5,1,7,9,1,10,1,12,,44,,1,21,121.5253203,25.0303918
113,10,24,13,55,2,10文山區,文山區辛亥路7段與辛亥路7段84巷口口,0,0,1,1,C03,6,6,5,30,3,1,1,4,4,5,13,4,4,5,4,4,1,17,2,23,3,10,6,1,7,6,1,10,1,17,,72,,1,21,121.5536876,24.9816807
113,10,24,13,55,2,10文山區,文山區辛亥路7段與辛亥路7段84巷口口,0,0,1,2,C03,6,6,5,30,3,1,1,4,4,5,13,4,4,5,4,4,1,17,1,43,2,8,6,1,7,9,1,10,1,17,,44,,1,21,121.5536876,24.9816807
113,10,24,14,9,2,03中山區,中山區民權東路1段與林森北路口,0,0,2,1,C04,8,6,5,50,4,1,1,5,4,5,13,1,1,5,2,5,2,16,1,49,2,8,5,1,7,5,1,8,1,12,,85,,1,21,121.5255669,25.06274362
113,10,24,14,9,2,03中山區,中山區民權東路1段與林森北路口,0,0,2,2,C03,8,6,5,50,4,1,1,5,4,5,13,1,1,5,2,5,2,16,1,20,2,8,5,1,7,9,1,10,1,11,,44,,1,21,121.5255669,25.06274362
113,10,24,14,18,2,05中正區,中正區重慶南路3段與重慶南路3段54巷口口,0,0,1,1,B01,6,6,5,50,3,2,1,4,4,5,13,4,4,1,4,5,2,13,1,54,3,10,3,4,7,8,1,4,2,5,,42,,1,21,121.5157164,25.027801
113,10,24,14,18,2,05中正區,中正區重慶南路3段與重慶南路3段54巷口口,0,0,1,2,C03,6,6,5,50,3,2,1,4,4,5,13,4,4,1,4,5,2,13,2,32,2,3,6,4,7,14,1,10,2,13,,38,,1,21,121.5157164,25.027801
113,10,24,14,55,2,03中山區,中山區市民大道2段51號前迴轉道,0,0,2,1,C03,6,7,5,40,14,9,1,4,4,5,13,4,4,1,4,5,2,17,1,20,2,8,3,4,7,5,1,10,2,14,,10,,1,21,121.5285101,25.0467302
113,10,24,14,55,2,03中山區,中山區市民大道2段51號前迴轉道,0,0,2,2,C03,6,7,5,40,14,9,1,4,4,5,13,4,4,1,4,5,2,17,1,51,2,8,3,4,7,9,3,18,2,11,,44,,1,26,121.5285101,25.0467302
113,10,24,15,5,2,01大同區,大同區延平北路4段20號,0,0,1,1,B02,7,6,5,50,14,9,1,5,4,5,13,4,4,5,2,5,2,17,1,38,3,10,7,1,7,15,1,8,1,4,,40,,1,21,121.51086,25.06917495
113,10,24,15,5,2,01大同區,大同區延平北路4段20號,0,0,1,2,C03,7,6,5,50,14,9,1,5,4,5,13,4,4,5,2,5,2,17,1,21,2,8,5,1,7,9,1,10,1,12,,44,,1,21,121.51086,25.06917495
113,10,24,15,5,2,01大同區,大同區延平北路4段20號,0,0,1,3,A11,7,6,5,50,14,9,1,5,4,5,13,4,4,5,2,5,2,17,1,47,3,10,7,1,7,14,1,3,1,6,,44,,1,21,121.51086,25.06917495
113,10,24,15,5,2,10文山區,文山區試院路36號,0,0,1,1,C03,6,7,5,50,14,9,1,4,4,5,13,4,4,9,5,5,2,13,1,20,2,8,5,1,7,9,1,9,1,11,,16,,1,21,121.5492636,24.98924611
113,10,24,15,5,2,10文山區,文山區試院路36號,0,0,1,2,B03,6,7,5,50,14,9,1,4,4,5,13,4,4,9,5,5,2,13,1,53,3,10,7,1,7,12,1,8,1,6,,14,,1,21,121.5492636,24.98924611
113,10,24,15,5,2,10文山區,文山區試院路36號,0,0,1,3,C03,6,7,5,50,14,9,1,4,4,5,13,4,4,9,5,5,2,13,1,19,3,10,5,1,7,9,1,10,1,11,,108,,1,21,121.5492636,24.98924611
113,10,24,15,5,2,10文山區,文山區試院路36號,0,0,1,4,B03,6,7,5,50,14,9,1,4,4,5,13,4,4,9,5,5,2,13,1,53,3,10,3,4,7,13,1,8,1,4,,44,,1,21,121.5492636,24.98924611
113,10,24,15,14,2,12內湖區,內湖區康寧路3段75巷與康寧路3段75巷24弄口,0,0,1,1,B03,6,5,5,30,3,2,1,4,4,5,13,4,4,5,5,5,2,17,5,60,3,10,7,4,7,6,1,8,9,15,,72,,2,21,121.6091211,25.07287838
113,10,24,15,14,2,12內湖區,內湖區康寧路3段75巷與康寧路3段75巷24弄口,0,0,1,2,C03,6,5,5,30,3,2,1,4,4,5,13,4,4,5,5,5,2,17,1,68,2,8,5,1,7,9,1,10,1,11,,44,,1,21,121.6091211,25.07287838
113,10,24,15,20,2,12內湖區,內湖區民權東路6段15巷與民權東路6段19巷口,0,0,1,1,B03,6,6,5,50,3,1,1,4,4,5,13,4,4,9,5,5,2,17,1,33,3,10,7,1,7,5,1,8,2,8,,2,,1,21,121.5770172,25.0688194
113,10,24,15,20,2,12內湖區,內湖區民權東路6段15巷與民權東路6段19巷口,0,0,1,2,C03,6,6,5,50,3,1,1,4,4,5,13,4,4,9,5,5,2,17,1,23,2,9,6,1,7,6,1,10,2,11,,44,,1,21,121.5770172,25.0688194
113,10,24,16,40,2,12內湖區,內湖區金湖路364號,0,0,2,1,B03,6,6,5,40,14,8,1,4,4,5,13,4,4,1,5,4,2,17,2,43,3,10,2,1,7,13,1,8,1,4,,40,,1,21,121.6044939,25.0735322
113,10,24,16,40,2,12內湖區,內湖區金湖路364號,0,0,2,2,C03,6,6,5,40,14,8,1,4,4,5,13,4,4,1,5,4,2,17,1,48,2,9,5,1,7,12,1,10,1,14,,44,,1,21,121.6044939,25.0735322