發生年度,發生月,發生日,發生時-Hours,發生分,處理別-編號,區序,肇事地點,死亡人數,2-30日死亡人數,受傷人數,當事人序號,車種,天候,道路照明設備,道路類別,速限-速度限制,道路型態,事故位置,路面狀況1,路面狀況2,路面狀況3,道路障礙1,道路障礙2,號誌1,號誌2,車道劃分-分向,車道劃分-分道1,車道劃分-分道2,車道劃分-分道3,事故類型及型態,性別,年齡,受傷程度,主要傷處,保護裝置,行動電話,車輛用途,當事者行動狀態,駕駛資格情形,駕駛執照種類,飲酒情形,車輛撞擊部位1,車輛撞擊部位2,肇因碼-個別,肇因碼-主要,個人肇逃否,職業,座標-X,座標-Y
113,10,24,16,40,2,12內湖區,內湖區金湖路364號,0,0,2,3,C03,6,6,5,40,14,8,1,4,4,5,13,4,4,1,5,4,2,17,2,20,2,9,5,1,7,12,1,10,1,11,,44,,1,21,121.6044939,25.0735322
113,10,24,17,1,2,02萬華區,萬華區中華路1段130號,0,0,1,1,B03,7,5,5,50,14,7,1,4,4,5,13,4,4,1,3,1,2,12,1,48,3,10,7,1,7,7,1,8,1,4,,100,,1,21,121.5086819,25.0436607
113,10,24,17,1,2,02萬華區,萬華區中華路1段130號,0,0,1,2,C02,7,5,5,50,14,7,1,4,4,5,13,4,4,1,3,1,2,12,1,37,2,9,5,1,7,9,1,9,1,14,,44,,1,21,121.5086819,25.0436607
113,10,24,17,16,2,12內湖區,內湖區瑞光路408號旁停車場出入口,0,0,1,1,B03,6,5,5,50,14,9,1,4,4,5,13,4,4,9,4,5,2,16,1,34,3,10,7,1,7,1,1,8,2,8,,19,,1,21,121.5707764,25.07824184
113,10,24,17,16,2,12內湖區,內湖區瑞光路408號旁停車場出入口,0,0,1,2,C03,6,5,5,50,14,9,1,4,4,5,13,4,4,9,4,5,2,16,2,19,2,8,6,1,7,9,1,10,2,11,,44,,1,21,121.5707764,25.07824184
113,10,24,17,45,2,07信義區,信義區永吉路與永吉路326巷口,0,0,1,1,B03,6,5,5,50,4,1,1,4,4,5,13,2,1,1,4,5,1,17,1,46,3,10,3,4,7,5,1,8,1,5,,71,,1,21,121.575472,25.0454234
113,10,24,17,45,2,07信義區,信義區永吉路與永吉路326巷口,0,0,1,2,C03,6,5,5,50,4,1,1,4,4,5,13,2,1,1,4,5,1,17,1,25,2,8,3,4,7,9,1,8,1,14,,44,,1,21,121.575472,25.0454234
113,10,24,17,50,2,07信義區,信義區福德街84巷與林口街10巷口口,0,0,2,1,C03,6,7,5,30,3,1,1,4,4,5,13,4,4,5,5,5,2,9,1,40,2,8,6,1,7,9,1,10,1,11,,108,,1,22,121.581229,25.0376602
113,10,24,17,50,2,07信義區,信義區福德街84巷與林口街10巷口口,0,0,2,2,H01,6,7,5,30,3,1,1,4,4,5,13,4,4,5,5,5,2,9,1,77,2,8,4,5,8,16,8,20,10,16,,121,,1,22,121.581229,25.0376602
113,10,24,17,50,2,07信義區,信義區福德街84巷與林口街10巷口口,0,0,2,3,B01,6,7,5,30,3,1,1,4,4,5,13,4,4,5,5,5,2,9,1,58,3,10,7,1,7,13,1,4,11,17,,38,,1,26,121.581229,25.0376602
113,10,24,18,0,2,02萬華區,萬華區西寧南路與漢口街2段口,0,0,2,1,C03,6,5,5,50,4,1,1,4,4,5,13,2,1,5,4,5,2,17,2,27,2,8,6,1,7,5,1,10,1,14,,8,,1,21,121.5087487,25.05157358
113,10,24,18,0,2,02萬華區,萬華區西寧南路與漢口街2段口,0,0,2,2,C03,6,5,5,50,4,1,1,4,4,5,13,2,1,5,4,5,2,17,2,39,2,9,6,1,7,9,1,10,1,11,,44,,1,21,121.5087487,25.05157358
113,10,24,18,10,2,07信義區,信義區和平東路3段697號,0,0,1,1,C03,6,5,5,40,12,9,1,4,4,5,13,4,4,8,3,5,2,18,1,42,2,9,3,4,7,15,1,10,1,11,,118,,1,21,121.5653623,25.0098802
113,10,24,18,10,2,07信義區,信義區和平東路3段697號,0,0,1,2,,6,5,5,40,12,9,1,4,4,5,13,4,4,8,3,5,2,18,3,0,,,,,,,,,10,,,67,,1,,121.5653623,25.0098802
113,10,24,18,14,2,12內湖區,內湖區舊宗路2段與港墘路口附近,0,0,1,1,B01,6,5,5,50,4,2,1,4,4,5,13,2,1,7,4,5,2,13,1,48,2,7,7,1,7,9,1,4,2,8,,17,,1,21,121.5726421,25.074282
113,10,24,18,14,2,12內湖區,內湖區舊宗路2段與港墘路口附近,0,0,1,2,C02,6,5,5,50,4,2,1,4,4,5,13,2,1,7,4,5,2,13,1,53,3,10,5,1,7,9,1,9,2,13,,17,,1,21,121.5726421,25.074282
113,10,24,18,16,2,02萬華區,萬華區西園路2段42號,0,0,1,1,F01,6,5,5,50,14,9,1,4,4,5,13,4,4,1,4,5,2,12,1,35,2,8,4,1,7,7,8,20,9,14,,100,,1,21,121.4976515,25.0327342
113,10,24,18,16,2,02萬華區,萬華區西園路2段42號,0,0,1,2,B03,6,5,5,50,14,9,1,4,4,5,13,4,4,1,4,5,2,12,2,44,3,10,7,1,7,9,1,8,9,1,,44,,1,21,121.4976515,25.0327342
113,10,24,18,17,2,05中正區,中正區南昌路1段1-1號,0,0,2,1,C03,6,5,6,30,14,9,1,4,4,5,13,4,4,5,5,5,2,3,1,40,2,9,5,1,7,9,1,10,2,11,,70,,1,22,121.5157354,25.0332435
113,10,24,18,17,2,05中正區,中正區南昌路1段1-1號,0,0,2,2,H01,6,5,6,30,14,9,1,4,4,5,13,4,4,5,5,5,2,3,2,33,2,9,4,5,8,16,8,20,10,16,,67,,1,22,121.5157354,25.0332435
113,10,24,18,26,2,09北投區,北投區大度路2號,0,0,1,1,C03,6,6,5,50,14,9,1,4,4,5,13,4,4,1,4,5,1,17,1,22,3,10,6,1,7,1,1,9,9,17,,19,,2,26,121.4987126,25.1213458
113,10,24,18,26,2,09北投區,北投區大度路2號,0,0,1,2,B03,6,6,5,50,14,9,1,4,4,5,13,4,4,1,4,5,1,17,2,60,3,10,7,1,7,15,1,8,2,4,,101,,1,21,121.4987126,25.1213458
113,10,24,18,26,2,09北投區,北投區大度路2號,0,0,1,3,C03,6,6,5,50,14,9,1,4,4,5,13,4,4,1,4,5,1,17,1,43,2,9,6,1,7,9,1,10,2,12,,44,,1,21,121.4987126,25.1213458
113,10,24,18,26,2,09北投區,北投區大度路2號,0,0,1,4,B03,6,6,5,50,14,9,1,4,4,5,13,4,4,1,4,5,1,17,1,34,3,10,7,1,7,9,1,8,2,4,,44,,1,21,121.4987126,25.1213458
113,10,24,18,28,2,07信義區,信義區松德路168巷15號,0,0,2,1,C03,7,5,5,30,14,9,1,4,4,5,13,4,4,5,5,5,2,3,1,28,2,8,5,1,7,9,1,10,2,11,,99,,1,21,121.572772,25.0365317
113,10,24,18,28,2,07信義區,信義區松德路168巷15號,0,0,2,2,H01,7,5,5,30,14,9,1,4,4,5,13,4,4,5,5,5,2,3,1,63,2,9,4,5,8,16,8,20,10,16,,121,,1,21,121.572772,25.0365317
113,10,24,18,30,2,03中山區,中山區中山北路3段與中山橋口,0,0,1,1,C03,6,5,5,50,3,1,1,4,4,5,13,1,1,9,4,5,2,17,1,63,2,9,5,1,7,7,1,10,1,14,,42,,1,21,121.5258096,25.07504672
113,10,24,18,30,2,03中山區,中山區中山北路3段與中山橋口,0,0,1,2,B03,6,5,5,50,3,1,1,4,4,5,13,1,1,9,4,5,2,17,1,34,3,10,7,1,7,9,1,8,1,2,,44,,1,21,121.5258096,25.07504672
113,10,24,18,30,2,04大安區,大安區四維路154巷與敦化南路2段口,0,0,1,1,B03,6,5,6,50,4,1,1,4,4,5,13,1,1,1,2,5,2,17,1,48,3,10,7,4,7,5,1,8,1,8,,8,,1,21,121.5491367,25.0309887
113,10,24,18,30,2,04大安區,大安區四維路154巷與敦化南路2段口,0,0,1,2,C03,6,5,6,50,4,1,1,4,4,5,13,1,1,1,2,5,2,17,1,36,2,8,6,4,7,5,1,10,1,14,,44,,1,21,121.5491367,25.0309887
113,10,24,18,33,2,02萬華區,萬華區西藏路與萬大路口,0,0,2,1,B03,6,5,5,30,4,4,1,4,4,5,13,2,1,1,4,5,2,13,1,47,3,10,7,1,7,1,1,8,2,1,,42,,1,21,121.5006124,25.0292283
113,10,24,18,33,2,02萬華區,萬華區西藏路與萬大路口,0,0,2,2,C03,6,5,5,30,4,4,1,4,4,5,13,2,1,1,4,5,2,13,1,53,2,5,6,1,7,14,1,10,2,13,,44,,1,21,121.5006124,25.0292283
113,10,24,18,33,2,02萬華區,萬華區西藏路與萬大路口,0,0,2,3,H02,6,5,5,30,4,4,1,4,4,5,13,2,1,1,4,5,2,13,1,55,2,7,6,5,7,17,8,20,10,17,,67,,1,21,121.5006124,25.0292283
113,10,24,18,44,2,04大安區,大安區杭州南路2段63號,0,0,1,1,H01,6,5,5,0,14,9,1,4,4,5,13,4,4,5,4,5,2,3,2,50,3,10,4,5,8,16,8,20,10,16,,121,,1,22,121.5221081,25.0300707
113,10,24,18,44,2,04大安區,大安區杭州南路2段63號,0,0,1,2,C03,6,5,5,0,14,9,1,4,4,5,13,4,4,5,4,5,2,3,2,25,2,9,6,4,7,9,1,10,1,17,,108,,1,22,121.5221081,25.0300707
113,10,24,18,47,2,11南港區,南港區成福路107巷2號,0,0,1,1,F03,6,5,5,30,14,9,1,4,4,5,13,4,4,10,5,5,2,2,1,81,3,10,4,1,7,9,8,20,2,11,,16,,1,22,121.5875286,25.0423715
113,10,24,18,47,2,11南港區,南港區成福路107巷2號,0,0,1,2,H01,6,5,5,30,14,9,1,4,4,5,13,4,4,10,5,5,2,2,2,68,2,8,4,5,8,16,8,20,10,16,,60,,1,21,121.5875286,25.0423715
113,10,24,18,50,2,06松山區,松山區復興北路375號,0,0,1,1,C03,6,5,5,30,14,9,1,4,4,5,13,4,4,1,4,5,2,12,2,22,2,9,5,1,7,9,1,10,1,14,,72,,1,21,121.5443171,25.06277005
113,10,24,18,50,2,06松山區,松山區復興北路375號,0,0,1,2,B03,6,5,5,30,14,9,1,4,4,5,13,4,4,1,4,5,2,12,1,24,3,10,7,1,7,9,1,8,1,2,,44,,1,21,121.5443171,25.06277005
113,10,24,18,57,2,07信義區,信義區基隆路1段178號,0,0,2,1,C03,6,5,7,50,14,9,1,4,4,5,13,4,4,1,4,5,2,12,1,27,2,9,6,1,7,8,1,10,1,15,,100,,1,22,121.5650234,25.04237053
113,10,24,18,57,2,07信義區,信義區基隆路1段178號,0,0,2,2,A04,6,5,7,50,14,9,1,4,4,5,13,4,4,1,4,5,2,12,1,35,3,10,7,1,7,9,1,1,1,8,,44,,1,22,121.5650234,25.04237053
113,10,24,18,57,2,07信義區,信義區基隆路1段178號,0,0,2,3,H02,6,5,7,50,14,9,1,4,4,5,13,4,4,1,4,5,2,12,2,21,2,9,6,5,7,17,8,20,10,16,,67,,1,22,121.5650234,25.04237053
113,10,24,19,0,2,05中正區,中正區三元街與寧波西街口,0,0,2,1,C03,6,5,5,50,4,1,1,4,4,5,12,2,1,3,4,5,2,17,1,42,2,9,5,1,7,9,1,10,2,11,,108,,1,21,121.5114767,25.0280279
113,10,24,19,0,2,05中正區,中正區三元街與寧波西街口,0,0,2,2,F01,6,5,5,50,4,1,1,4,4,5,12,2,1,3,4,5,2,17,1,47,2,9,4,1,7,21,8,20,2,13,,29,,1,21,121.5114767,25.0280279
113,10,24,19,0,2,12內湖區,內湖區瑞光路104號,0,0,2,1,C03,6,5,5,50,14,9,1,4,4,5,13,1,1,5,5,5,2,13,1,41,2,9,6,1,7,9,1,10,2,11,,16,,1,21,121.5808782,25.0717234
113,10,24,19,0,2,12內湖區,內湖區瑞光路104號,0,0,2,2,B03,6,5,5,50,14,9,1,4,4,5,13,1,1,5,5,5,2,13,1,46,3,10,7,1,7,14,1,8,2,6,,44,,1,21,121.5808782,25.0717234
113,10,24,19,0,2,12內湖區,內湖區瑞光路104號,0,0,2,3,C03,6,5,5,50,14,9,1,4,4,5,13,1,1,5,5,5,2,13,1,36,2,9,6,1,7,9,1,9,2,14,,44,,1,21,121.5808782,25.0717234
113,10,24,19,4,2,01大同區,大同區台北橋機慢車道往三重,0,0,1,2,C03,6,5,5,50,14,9,1,4,4,5,13,4,4,1,4,5,2,17,2,30,2,9,6,1,7,9,1,10,1,14,,16,,1,21,121.5105846,25.0631015
113,10,24,19,4,2,01大同區,大同區台北橋機慢車道往三重,0,0,1,1,F02,6,5,5,50,14,9,1,4,4,5,13,4,4,1,4,5,2,17,4,0,,,,,,,,,,,,119,,2,,121.5105846,25.0631015
113,10,24,19,10,2,11南港區,南港區成功路1段36巷與成功路1段口,0,0,2,1,C03,8,5,5,30,3,2,1,4,4,5,13,3,1,4,1,5,2,3,1,44,2,5,5,1,7,5,6,10,2,11,,70,,1,21,121.5928232,25.0556802
113,10,24,19,10,2,11南港區,南港區成功路1段36巷與成功路1段口,0,0,2,2,H01,8,5,5,30,3,2,1,4,4,5,13,3,1,4,1,5,2,3,2,41,2,9,4,5,8,16,8,20,10,17,,67,,1,21,121.5928232,25.0556802
113,10,24,19,13,2,08士林區,士林區中山北路6段榕樹SL0234631009,0,0,4,1,C03,6,5,5,50,14,9,1,4,4,5,13,4,4,1,4,5,2,12,1,73,2,7,5,1,7,9,1,10,1,12,,108,,1,21,121.5306,25.11691055
113,10,24,19,13,2,08士林區,士林區中山北路6段榕樹SL0234631009,0,0,4,2,B03,6,5,5,50,14,9,1,4,4,5,13,4,4,1,4,5,2,12,1,49,3,10,3,4,7,13,1,8,1,7,,44,,1,21,121.5306,25.11691055
113,10,24,19,13,2,08士林區,士林區中山北路6段榕樹SL0234631009,0,0,4,3,C03,6,5,5,50,14,9,1,4,4,5,13,4,4,1,4,5,2,12,2,40,2,8,6,1,7,9,1,10,1,11,,32,,1,21,121.5306,25.11691055
113,10,24,19,13,2,08士林區,士林區中山北路6段榕樹SL0234631009,0,0,4,4,H02,6,5,5,50,14,9,1,4,4,5,13,4,4,1,4,5,2,12,2,5,2,9,6,5,7,17,8,20,10,16,,67,,1,21,121.5306,25.11691055
113,10,24,19,13,2,08士林區,士林區中山北路6段榕樹SL0234631009,0,0,4,5,H02,6,5,5,50,14,9,1,4,4,5,13,4,4,1,4,5,2,12,1,3,2,9,6,5,7,17,8,20,10,16,,67,,1,21,121.5306,25.11691055
113,10,24,19,15,1,02萬華區,萬華區中華路2段416巷與中華路2段416巷66弄口,1,0,0,1,B03,6,5,5,50,3,1,1,4,4,5,13,4,4,5,5,5,2,3,2,46,3,10,7,1,7,9,1,8,2,5,,70,,1,21,121.5040965,25.0271204
113,10,24,19,15,1,02萬華區,萬華區中華路2段416巷與中華路2段416巷66弄口,1,0,0,2,H01,6,5,5,50,3,1,1,4,4,5,13,4,4,5,5,5,2,3,1,88,1,9,4,5,8,16,8,20,1,16,,67,,1,21,121.5040965,25.0271204
113,10,24,19,50,2,06松山區,松山區環東大道6511057號燈桿,0,0,1,1,A05,6,5,5,80,10,7,1,4,4,5,13,4,4,1,2,5,2,12,1,51,3,10,7,1,7,8,1,2,1,5,,100,,1,21,121.5702631,25.0507405
113,10,24,19,50,2,06松山區,松山區環東大道6511057號燈桿,0,0,1,2,B03,6,5,5,80,10,7,1,4,4,5,13,4,4,1,2,5,2,12,1,86,2,2,7,1,7,9,1,8,1,7,,44,,1,21,121.5702631,25.0507405
113,10,24,20,30,2,07信義區,信義區仁愛路4段與一號道路口,0,0,1,1,C03,6,5,5,50,14,9,4,4,4,5,13,1,1,10,4,5,2,18,2,30,2,9,5,1,7,9,1,10,1,14,,118,,1,22,121.5619693,25.0373686
113,10,24,20,30,2,07信義區,信義區仁愛路4段與一號道路口,0,0,1,2,,6,5,5,50,14,9,4,4,4,5,13,1,1,10,4,5,2,18,3,0,,,,,,,,,,,,67,,1,,121.5619693,25.0373686
113,10,24,20,39,2,07信義區,信義區松信路123號,0,0,2,1,C03,6,5,5,50,14,9,1,4,4,5,13,4,4,8,1,4,2,17,1,20,2,9,3,4,7,15,1,10,1,11,,16,,1,21,121.5720657,25.0449379
113,10,24,20,39,2,07信義區,信義區松信路123號,0,0,2,2,F02,6,5,5,50,14,9,1,4,4,5,13,4,4,8,1,4,2,17,2,47,2,9,3,4,7,15,8,20,1,13,,87,,1,21,121.5720657,25.0449379
113,10,24,20,49,2,01大同區,大同區忠孝橋機慢車道往西,0,0,1,1,C03,6,5,7,50,14,11,1,4,4,5,13,4,4,1,4,5,2,17,2,36,3,10,6,1,7,9,1,10,11,17,,101,,1,21,121.5074151,25.0487636
113,10,24,20,49,2,01大同區,大同區忠孝橋機慢車道往西,0,0,1,2,C03,6,5,7,50,14,11,1,4,4,5,13,4,4,1,4,5,2,17,2,22,2,7,6,1,7,9,1,10,1,14,,42,,1,21,121.5074151,25.0487636
113,10,24,20,51,2,05中正區,中正區中華路1段與中華路1段9巷口,0,0,2,1,C03,6,5,5,50,4,1,1,4,4,5,13,2,1,1,4,5,2,12,1,61,2,9,5,1,7,7,1,10,2,14,,42,,1,22,121.5095975,25.04707288
113,10,24,20,51,2,05中正區,中正區中華路1段與中華路1段9巷口,0,0,2,2,C03,6,5,5,50,4,1,1,4,4,5,13,2,1,1,4,5,2,12,2,32,2,9,5,1,7,9,1,10,2,12,,44,,1,22,121.5095975,25.04707288
113,10,24,20,55,2,02萬華區,萬華區萬大路與艋舺大道口,0,0,1,1,B01,6,6,5,50,4,2,1,4,4,5,13,2,1,1,4,5,2,17,1,52,3,10,7,1,7,9,1,4,1,4,,118,,1,21,121.5028742,25.03109336
113,10,24,20,55,2,02萬華區,萬華區萬大路與艋舺大道口,0,0,1,2,C03,6,6,5,50,4,2,1,4,4,5,13,2,1,1,4,5,2,17,2,51,2,9,2,1,7,9,1,10,1,12,,118,,1,21,121.5028742,25.03109336
113,10,24,21,18,2,08士林區,士林區延平北路6段489號,0,0,1,1,B03,6,5,5,40,14,12,1,4,4,5,13,4,4,1,4,4,2,12,1,26,3,10,7,1,7,1,1,8,1,8,,19,,1,21,121.4981065,25.0934237
113,10,24,21,18,2,08士林區,士林區延平北路6段489號,0,0,1,2,C03,6,5,5,40,14,12,1,4,4,5,13,4,4,1,4,4,2,12,1,19,3,10,6,1,7,9,1,10,1,12,,44,,1,21,121.4981065,25.0934237
113,10,24,21,18,2,08士林區,士林區延平北路6段489號,0,0,1,3,H02,6,5,5,40,14,12,1,4,4,5,13,4,4,1,4,4,2,12,2,18,2,8,6,5,7,20,8,20,10,16,,67,,1,21,121.4981065,25.0934237
113,10,24,21,23,2,03中山區,中山區龍江路249巷與龍江路口,0,0,1,1,C03,6,5,5,50,4,1,1,4,4,5,13,4,4,5,2,5,2,9,2,23,3,10,5,1,7,9,1,10,1,11,,16,,1,21,121.5407342,25.0587143
113,10,24,21,23,2,03中山區,中山區龍江路249巷與龍江路口,0,0,1,2,H01,6,5,5,50,4,1,1,4,4,5,13,4,4,5,2,5,2,9,2,75,2,9,4,5,8,16,8,20,10,16,,67,,1,21,121.5407342,25.0587143
113,10,24,21,25,2,09北投區,北投區石牌路2段與天母西路口,0,0,1,1,B03,6,5,5,50,3,2,1,4,4,5,13,3,1,9,4,5,1,15,2,53,3,10,7,1,7,1,1,8,1,2,,19,,1,21,121.5219355,25.1192333
113,10,24,21,25,2,09北投區,北投區石牌路2段與天母西路口,0,0,1,2,C03,6,5,5,50,3,2,1,4,4,5,13,3,1,9,4,5,1,15,2,28,2,7,5,1,7,9,1,10,1,11,,44,,1,21,121.5219355,25.1192333
113,10,24,21,40,2,01大同區,大同區延平北路3段與民權西路口,0,0,2,1,C03,6,5,5,50,4,2,1,4,4,5,13,2,1,1,4,5,2,12,1,49,2,9,3,4,7,9,1,10,1,14,,118,,1,21,121.5114682,25.0630269
113,10,24,21,40,2,01大同區,大同區延平北路3段與民權西路口,0,0,2,2,C03,6,5,5,50,4,2,1,4,4,5,13,2,1,1,4,5,2,12,1,27,2,9,3,4,7,9,1,10,1,12,,44,,1,21,121.5114682,25.0630269
113,10,24,22,15,2,05中正區,中正區林森北路7號,0,0,1,1,C03,6,5,5,50,14,9,1,4,4,5,13,4,4,5,4,5,2,2,1,73,3,10,5,1,7,9,1,10,1,12,,108,,1,22,121.5236092,25.04570142
113,10,24,22,15,2,05中正區,中正區林森北路7號,0,0,1,2,H01,6,5,5,50,14,9,1,4,4,5,13,4,4,5,4,5,2,2,2,29,2,5,4,5,8,16,8,20,10,16,,60,,1,22,121.5236092,25.04570142
113,10,24,22,26,2,10文山區,文山區景文街與景美街口,0,0,2,1,F03,6,5,5,50,4,1,1,4,4,5,13,1,1,5,5,5,2,16,2,32,2,9,4,1,7,5,8,20,1,11,,8,,1,22,121.5410035,24.9883304
113,10,24,22,26,2,10文山區,文山區景文街與景美街口,0,0,2,2,C03,6,5,5,50,4,1,1,4,4,5,13,1,1,5,5,5,2,16,1,22,2,9,6,1,7,9,1,10,1,11,,44,,1,22,121.5410035,24.9883304
113,10,24,23,10,2,05中正區,中正區中山南路與青島東路口,0,0,1,1,B02,6,5,6,50,4,18,1,4,4,5,13,1,1,1,4,1,2,9,1,54,3,10,7,1,7,5,1,8,9,1,,70,,1,21,121.5191132,25.0444638
113,10,24,23,10,2,05中正區,中正區中山南路與青島東路口,0,0,1,2,H01,6,5,6,50,4,18,1,4,4,5,13,1,1,1,4,1,2,9,2,33,2,5,4,5,8,16,8,20,9,16,,67,,1,21,121.5191132,25.0444638
113,10,24,23,50,2,03中山區,中山區中山北路1段57號,0,0,1,1,C03,6,5,5,50,14,8,1,4,4,5,13,1,1,1,5,1,1,13,2,35,2,8,5,1,7,9,1,10,1,11,,108,,1,21,121.5216192,25.0495181
113,10,24,23,50,2,03中山區,中山區中山北路1段57號,0,0,1,2,B01,6,5,5,50,14,8,1,4,4,5,13,1,1,1,5,1,1,13,1,57,3,10,7,1,7,14,1,4,1,3,,38,,1,21,121.5216192,25.0495181
113,10,25,1,8,2,02萬華區,萬華區中華路2段與西藏路口,0,0,1,1,B12,6,5,5,50,4,18,1,4,4,5,13,1,1,1,4,5,2,3,1,30,3,10,7,4,7,5,1,8,1,8,,70,,1,21,121.5040008,25.03007635
113,10,25,1,8,2,02萬華區,萬華區中華路2段與西藏路口,0,0,1,2,H01,6,5,5,50,4,18,1,4,4,5,13,1,1,1,4,5,2,3,1,66,2,8,4,5,8,16,8,20,10,16,,67,,1,21,121.5040008,25.03007635
113,10,25,7,13,2,03中山區,中山區吉林路與農安街口,0,0,1,1,C03,6,6,5,50,4,1,1,4,4,5,13,1,1,5,4,5,2,13,2,58,2,7,5,1,7,9,1,10,1,11,,16,,1,21,121.5303602,25.0648196
113,10,25,7,13,2,03中山區,中山區吉林路與農安街口,0,0,1,2,B01,6,6,5,50,4,1,1,4,4,5,13,1,1,5,4,5,2,13,1,60,3,10,3,4,7,14,1,4,1,7,,44,,1,22,121.5303602,25.0648196
113,10,25,8,1,2,10文山區,文山區福和橋與無名巷口機慢車道(西向東近汀州路四段),0,0,2,1,C03,6,6,5,40,14,11,1,4,4,5,13,4,4,1,4,1,1,12,1,62,3,10,6,1,7,7,1,10,2,13,,118,,1,21,121.5360328,25.0107385
113,10,25,8,1,2,10文山區,文山區福和橋與無名巷口機慢車道(西向東近汀州路四段),0,0,2,2,C03,6,6,5,40,14,11,1,4,4,5,13,4,4,1,4,1,1,12,2,44,2,8,6,1,7,9,1,10,2,11,,118,,1,21,121.5360328,25.0107385
113,10,25,8,1,2,10文山區,文山區福和橋與無名巷口機慢車道(西向東近汀州路四段),0,0,2,3,H02,6,6,5,40,14,11,1,4,4,5,13,4,4,1,4,1,1,12,2,43,2,6,6,5,7,20,8,20,10,16,,67,,1,21,121.5360328,25.0107385
113,10,25,8,3,2,09北投區,北投區大度路與中央北路2段257巷口,0,0,2,2,C03,6,7,5,50,5,1,1,4,4,5,13,2,1,1,4,3,1,16,1,47,3,10,3,4,7,6,1,10,1,13,,44,,1,26,121.4858802,25.1217544
113,10,25,8,3,2,09北投區,北投區大度路與中央北路2段257巷口,0,0,2,1,C03,6,7,5,50,5,1,1,4,4,5,13,2,1,1,4,3,1,16,1,43,2,8,3,4,7,6,1,10,1,11,,106,,1,26,121.4858802,25.1217544
113,10,25,8,3,2,09北投區,北投區大度路與中央北路2段257巷口,0,0,2,3,C03,6,7,5,50,5,1,1,4,4,5,13,2,1,1,4,3,1,16,2,53,2,7,3,4,7,9,1,10,1,11,,44,,1,26,121.4858802,25.1217544
113,10,25,8,4,2,01大同區,大同區敦煌路130號,0,0,1,1,B03,7,6,5,50,22,9,1,4,4,5,13,4,4,10,5,5,2,17,1,62,3,10,7,4,7,5,1,8,1,5,,44,,1,21,121.5164666,25.0761213
113,10,25,8,4,2,01大同區,大同區敦煌路130號,0,0,1,2,C03,7,6,5,50,22,9,1,4,4,5,13,4,4,10,5,5,2,17,1,41,2,9,5,4,7,9,1,9,1,14,,44,,1,21,121.5164666,25.0761213
113,10,25,8,10,2,07信義區,信義區莊敬路與吳興街99巷口,0,0,1,1,C03,6,6,5,50,14,9,1,4,4,5,13,1,1,9,4,4,2,18,1,43,2,9,5,1,7,9,1,10,9,14,,118,,1,21,121.5613491,25.0306072
113,10,25,8,10,2,07信義區,信義區莊敬路與吳興街99巷口,0,0,1,2,,6,6,5,50,14,9,1,4,4,5,13,1,1,9,4,4,2,18,3,0,,,,,,,,,,,,67,,1,,121.5613491,25.0306072
113,10,25,8,14,2,01大同區,大同區鄭州路與環河北路1段口,0,0,1,2,C03,7,5,5,50,4,1,1,4,4,5,13,1,1,9,4,5,2,12,1,38,2,9,5,1,7,9,1,10,1,14,,44,,1,22,121.5069555,25.0510552
113,10,25,8,14,2,01大同區,大同區鄭州路與環河北路1段口,0,0,1,1,C03,7,5,5,50,4,1,1,4,4,5,13,1,1,9,4,5,2,12,1,39,3,10,5,1,7,8,1,10,11,12,,101,,2,21,121.5069555,25.0510552
113,10,25,8,16,2,04大安區,大安區建國高架道向南164號燈桿,0,0,1,1,C01,6,6,5,70,14,9,1,4,4,5,13,4,4,1,4,5,1,13,1,26,2,9,6,1,7,9,1,9,1,11,,16,,1,21,121.5377191,25.0299038
113,10,25,8,16,2,04大安區,大安區建國高架道向南164號燈桿,0,0,1,2,B03,6,6,5,70,14,9,1,4,4,5,13,4,4,1,4,5,1,13,1,54,3,10,7,1,7,9,1,8,1,3,,44,,1,21,121.5377191,25.0299038
113,10,25,8,20,2,04大安區,大安區復興南路2段與瑞安街口,0,0,1,1,C03,6,7,5,50,14,8,1,4,4,5,13,1,1,8,3,4,1,11,1,42,3,10,5,1,7,8,1,10,1,17,,100,,1,21,121.5436549,25.0296678
113,10,25,8,20,2,04大安區,大安區復興南路2段與瑞安街口,0,0,1,2,C03,6,7,5,50,14,8,1,4,4,5,13,1,1,8,3,4,1,11,1,24,2,9,5,1,7,9,1,10,1,17,,44,,1,21,121.5436549,25.0296678
113,10,25,8,25,2,10文山區,文山區景福街155號,0,0,1,1,C04,6,6,5,30,14,19,1,4,4,5,13,4,4,9,5,5,2,3,1,24,2,9,5,1,7,9,1,10,1,14,,116,,1,21,121.5366672,24.99532324
113,10,25,8,25,2,10文山區,文山區景福街155號,0,0,1,2,H01,6,6,5,30,14,19,1,4,4,5,13,4,4,9,5,5,2,3,2,53,3,10,4,5,8,16,8,20,10,16,,121,,1,21,121.5366672,24.99532324
113,10,25,8,25,2,12內湖區,內湖區內湖路1段285巷31號,0,0,1,1,H01,6,6,5,0,14,9,1,4,4,5,13,4,4,10,5,5,2,3,2,66,3,10,4,5,8,16,8,20,10,17,,121,,1,21,121.5671263,25.08391011