發生年度,發生月,發生日,發生時-Hours,發生分,處理別-編號,區序,肇事地點,死亡人數,2-30日死亡人數,受傷人數,當事人序號,車種,天候,道路照明設備,道路類別,速限-速度限制,道路型態,事故位置,路面狀況1,路面狀況2,路面狀況3,道路障礙1,道路障礙2,號誌1,號誌2,車道劃分-分向,車道劃分-分道1,車道劃分-分道2,車道劃分-分道3,事故類型及型態,性別,年齡,受傷程度,主要傷處,保護裝置,行動電話,車輛用途,當事者行動狀態,駕駛資格情形,駕駛執照種類,飲酒情形,車輛撞擊部位1,車輛撞擊部位2,肇因碼-個別,肇因碼-主要,個人肇逃否,職業,座標-X,座標-Y
113,10,25,8,25,2,12內湖區,內湖區內湖路1段285巷31號,0,0,1,2,C03,6,6,5,0,14,9,1,4,4,5,13,4,4,10,5,5,2,3,1,26,2,9,5,1,7,12,1,10,1,12,,116,,1,21,121.5671263,25.08391011
113,10,25,8,28,2,07信義區,信義區永吉路180巷66弄與永吉路180巷口,0,0,1,1,C03,6,7,5,30,4,1,1,4,4,5,13,4,4,5,5,5,2,15,2,27,3,10,3,4,7,9,1,10,1,12,,72,,1,21,121.5714278,25.0434638
113,10,25,8,28,2,07信義區,信義區永吉路180巷66弄與永吉路180巷口,0,0,1,2,C03,6,7,5,30,4,1,1,4,4,5,13,4,4,5,5,5,2,15,1,29,2,9,3,4,7,9,1,10,1,11,,44,,1,21,121.5714278,25.0434638
113,10,25,8,37,2,09北投區,北投區承德路6段燈2121277,0,0,1,1,B03,6,6,5,50,14,8,1,4,4,5,13,4,4,9,4,4,2,12,1,26,3,10,7,1,7,8,1,8,2,2,,100,,1,21,121.5122025,25.1009724
113,10,25,8,37,2,09北投區,北投區承德路6段燈2121277,0,0,1,2,C02,6,6,5,50,14,8,1,4,4,5,13,4,4,9,4,4,2,12,1,43,2,9,6,1,7,9,1,9,2,14,,44,,1,21,121.5122025,25.1009724
113,10,25,8,42,2,03中山區,中山區林森北路119巷與林森北路口,0,0,1,1,B01,6,6,5,50,3,1,1,4,4,5,13,4,4,5,4,5,2,12,1,66,3,10,3,4,7,8,1,4,1,6,,100,,1,22,121.5252144,25.0507717
113,10,25,8,42,2,03中山區,中山區林森北路119巷與林森北路口,0,0,1,2,C03,6,6,5,50,3,1,1,4,4,5,13,4,4,5,4,5,2,12,1,35,2,8,5,4,7,8,1,10,1,14,,108,,1,22,121.5252144,25.0507717
113,10,25,8,57,2,02萬華區,萬華區環河南路2段與長順街口,0,0,1,1,B12,6,7,5,50,4,1,1,4,4,5,13,1,1,1,4,5,2,16,1,56,3,10,7,1,7,5,1,8,1,1,,44,,1,21,121.4907261,25.0314042
113,10,25,8,57,2,02萬華區,萬華區環河南路2段與長順街口,0,0,1,2,C03,6,7,5,50,4,1,1,4,4,5,13,1,1,1,4,5,2,16,1,70,2,9,5,1,7,9,1,10,1,11,,44,,1,21,121.4907261,25.0314042
113,10,25,8,57,2,03中山區,中山區復興北路348號,0,0,1,1,C03,6,6,5,50,14,9,1,4,4,5,13,4,4,1,4,5,2,12,1,57,2,8,5,1,7,8,1,10,1,12,,100,,1,21,121.544055,25.06001622
113,10,25,8,57,2,03中山區,中山區復興北路348號,0,0,1,2,B01,6,6,5,50,14,9,1,4,4,5,13,4,4,1,4,5,2,12,1,62,3,10,7,1,7,9,1,4,1,8,,44,,1,21,121.544055,25.06001622
113,10,25,9,0,2,03中山區,中山區民族東路與建國北路3段口,0,0,1,1,B03,6,6,5,50,14,9,1,4,4,5,13,2,1,1,5,5,1,17,1,27,3,10,3,4,7,8,1,8,1,17,,101,,1,21,121.5332025,25.06773424
113,10,25,9,0,2,03中山區,中山區民族東路與建國北路3段口,0,0,1,2,C03,6,6,5,50,14,9,1,4,4,5,13,2,1,1,5,5,1,17,1,27,2,8,3,4,7,9,1,10,1,17,,44,,1,21,121.5332025,25.06773424
113,10,25,9,4,2,12內湖區,內湖區成功路5段與成功路5段152巷口,0,0,1,1,C03,6,6,5,50,3,1,1,4,4,4,8,1,1,1,4,4,1,17,1,42,2,9,6,1,7,9,1,10,1,14,,44,,1,21,121.6042744,25.0831006
113,10,25,9,4,2,12內湖區,內湖區成功路5段與成功路5段152巷口,0,0,1,2,B03,6,6,5,50,3,1,1,4,4,4,8,1,1,1,4,4,1,17,1,84,4,11,3,4,7,11,7,19,11,15,,10,,2,22,121.6042744,25.0831006
113,10,25,9,23,2,06松山區,松山區麥帥一橋機車道(東往西)燈桿7510328號處,0,0,1,1,C03,6,7,5,50,14,11,1,4,4,5,13,4,4,9,4,5,2,17,1,50,3,10,6,1,7,7,1,10,2,17,,100,,1,22,121.5705544,25.05148916
113,10,25,9,23,2,06松山區,松山區麥帥一橋機車道(東往西)燈桿7510328號處,0,0,1,2,C03,6,7,5,50,14,11,1,4,4,5,13,4,4,9,4,5,2,17,2,33,2,9,6,1,7,10,1,10,2,14,,102,,1,22,121.5705544,25.05148916
113,10,25,9,35,2,08士林區,士林區延平北路6段116巷10號,0,0,1,1,C03,6,6,5,30,14,9,1,4,4,5,13,4,4,10,5,5,1,17,1,30,3,10,6,1,7,9,1,10,1,11,,5,,1,21,121.5078844,25.08922295
113,10,25,9,35,2,08士林區,士林區延平北路6段116巷10號,0,0,1,2,C03,6,6,5,30,14,9,1,4,4,5,13,4,4,10,5,5,1,17,2,46,2,9,6,1,7,9,1,10,1,11,,5,,1,21,121.5078844,25.08922295
113,10,25,9,38,2,08士林區,士林區中正路與士商路口,0,0,1,1,C03,7,5,5,50,3,2,1,5,4,5,13,2,1,5,5,5,2,16,1,82,2,8,5,1,7,5,1,10,1,14,,8,,1,21,121.5187136,25.09237919
113,10,25,9,38,2,08士林區,士林區中正路與士商路口,0,0,1,2,B03,7,5,5,50,3,2,1,5,4,5,13,2,1,5,5,5,2,16,1,48,3,10,7,1,7,5,1,8,1,5,,44,,1,21,121.5187136,25.09237919
113,10,25,9,40,2,04大安區,大安區新生南路1段103巷與新生南路1段103巷33弄口,0,0,1,1,B03,6,6,5,30,4,1,1,4,4,5,13,4,4,10,5,5,2,15,2,45,3,10,7,1,7,9,1,8,1,1,,72,,1,21,121.5356983,25.0406687
113,10,25,9,40,2,04大安區,大安區新生南路1段103巷與新生南路1段103巷33弄口,0,0,1,2,C03,6,6,5,30,4,1,1,4,4,5,13,4,4,10,5,5,2,15,2,42,2,8,6,1,7,9,1,10,1,12,,108,,1,21,121.5356983,25.0406687
113,10,25,9,42,2,05中正區,中正區市民大道2段迴轉道往東,0,0,2,1,C04,6,7,5,40,22,6,1,4,4,5,13,4,4,1,4,5,2,17,1,43,2,8,6,1,7,11,1,10,1,12,,80,,1,21,121.5260622,25.04740005
113,10,25,9,42,2,05中正區,中正區市民大道2段迴轉道往東,0,0,2,2,C03,6,7,5,40,22,6,1,4,4,5,13,4,4,1,4,5,2,17,2,23,2,8,6,1,7,9,1,10,1,14,,44,,1,21,121.5260622,25.04740005
113,10,25,9,45,2,08士林區,士林區承德路4段329號與福港街18巷口,0,0,1,1,B03,7,6,5,40,4,2,1,5,4,5,13,4,4,1,4,4,1,16,4,0,,,,,,,,,,,,119,,2,,121.5173244,25.0905524
113,10,25,9,45,2,08士林區,士林區承德路4段329號與福港街18巷口,0,0,1,2,C03,7,6,5,40,4,2,1,5,4,5,13,4,4,1,4,4,1,16,1,43,2,9,3,4,7,9,1,10,1,14,,44,,1,21,121.5173244,25.0905524
113,10,25,10,10,2,03中山區,中山區民權東路2段178號,0,0,1,1,B03,6,6,5,50,14,9,1,4,4,5,13,4,4,1,4,5,2,12,1,59,3,10,3,4,7,7,1,8,1,7,,100,,1,21,121.5279803,25.0624342
113,10,25,10,10,2,03中山區,中山區民權東路2段178號,0,0,1,2,C03,6,6,5,50,14,9,1,4,4,5,13,4,4,1,4,5,2,12,1,18,2,7,6,1,7,9,1,10,1,11,,107,,1,21,121.5279803,25.0624342
113,10,25,10,10,2,03中山區,中山區民權東路2段178號,0,0,1,3,B03,6,6,5,50,14,9,1,4,4,5,13,4,4,1,4,5,2,12,1,52,3,10,3,4,7,9,1,8,1,2,,44,,1,21,121.5279803,25.0624342
113,10,25,10,13,2,10文山區,文山區秀明路1段與秀明路1段129巷口口,0,0,1,1,B12,6,6,5,50,3,1,1,4,4,5,13,4,4,1,5,4,2,13,1,32,3,10,7,1,7,9,1,8,2,6,,101,,1,21,121.567058,24.9910347
113,10,25,10,13,2,10文山區,文山區秀明路1段與秀明路1段129巷口口,0,0,1,2,C03,6,6,5,50,3,1,1,4,4,5,13,4,4,1,5,4,2,13,2,18,2,9,5,1,7,9,1,10,2,11,,44,,1,21,121.567058,24.9910347
113,10,25,10,20,2,06松山區,松山區南京東路5段16號,0,0,1,1,C03,6,6,5,50,14,8,1,4,4,5,13,4,4,1,4,4,2,12,2,82,2,9,6,4,7,21,1,10,1,15,,44,,1,21,121.5586826,25.0514172
113,10,25,10,20,2,06松山區,松山區南京東路5段16號,0,0,1,2,B03,6,6,5,50,14,8,1,4,4,5,13,4,4,1,4,4,2,12,1,68,3,10,3,4,7,14,1,8,1,4,,38,,1,21,121.5586826,25.0514172
113,10,25,10,20,2,06松山區,松山區南京東路5段16號,0,0,1,3,,6,6,5,50,14,8,1,4,4,5,13,4,4,1,4,4,2,12,3,0,,,,,,,,,,,,129,,,,121.5586826,25.0514172
113,10,25,10,50,2,08士林區,士林區承德路5段與士商路口,0,0,2,1,C03,8,5,5,50,4,1,1,5,4,5,13,2,1,1,4,5,1,13,1,21,2,9,5,1,7,9,1,10,1,11,,16,,1,21,121.5141322,25.09612264
113,10,25,10,50,2,08士林區,士林區承德路5段與士商路口,0,0,2,2,C03,8,5,5,50,4,1,1,5,4,5,13,2,1,1,4,5,1,13,1,40,2,9,5,1,7,9,1,10,1,13,,44,,1,21,121.5141322,25.09612264
113,10,25,10,50,2,08士林區,士林區承德路5段與士商路口,0,0,2,3,B03,8,5,5,50,4,1,1,5,4,5,13,2,1,1,4,5,1,13,2,40,3,10,7,1,7,6,1,8,1,17,,9,,1,21,121.5141322,25.09612264
113,10,25,10,57,2,08士林區,士林區天母西路62巷與天母西路50巷口,0,0,1,1,B03,6,6,5,30,3,1,1,4,4,5,13,4,4,10,5,5,2,16,1,20,3,10,7,1,7,6,1,8,1,2,,9,,1,26,121.5240223,25.1181183
113,10,25,10,57,2,08士林區,士林區天母西路62巷與天母西路50巷口,0,0,1,2,C03,6,6,5,30,3,1,1,4,4,5,13,4,4,10,5,5,2,16,2,59,2,8,6,1,7,9,1,10,1,14,,108,,1,26,121.5240223,25.1181183
113,10,25,11,5,2,03中山區,中山區新生北路2段與長春路口,0,0,1,1,B03,6,6,5,50,4,1,1,4,4,5,13,1,1,10,2,5,2,17,1,42,3,10,7,1,7,6,1,8,1,6,,98,,1,21,121.5273639,25.0549305
113,10,25,11,5,2,03中山區,中山區新生北路2段與長春路口,0,0,1,2,C03,6,6,5,50,4,1,1,4,4,5,13,1,1,10,2,5,2,17,2,38,2,9,5,1,7,9,1,10,1,14,,44,,1,21,121.5273639,25.0549305
113,10,25,11,14,2,03中山區,中山區南京東路3段與建國北路口側附近2段口,0,0,1,1,C03,6,7,5,50,4,1,1,4,4,5,13,1,1,2,4,5,2,13,2,21,2,9,3,4,7,9,1,10,1,11,,16,,1,21,121.5368386,25.0519164
113,10,25,11,14,2,03中山區,中山區南京東路3段與建國北路口側附近2段口,0,0,1,2,B01,6,7,5,50,4,1,1,4,4,5,13,1,1,2,4,5,2,13,1,68,3,10,3,4,7,9,1,4,1,3,,44,,1,21,121.5368386,25.0519164
113,10,25,11,38,2,02萬華區,萬華區東園街與東園街154巷口,0,0,1,1,B12,6,6,5,30,3,1,1,4,4,5,13,3,1,5,5,5,2,14,1,53,3,10,7,1,7,2,1,8,1,3,,12,,1,26,121.4977967,25.02301594
113,10,25,11,38,2,02萬華區,萬華區東園街與東園街154巷口,0,0,1,2,C03,6,6,5,30,3,1,1,4,4,5,13,3,1,5,5,5,2,14,2,66,2,9,5,1,7,9,1,10,1,11,,44,,1,21,121.4977967,25.02301594
113,10,25,12,0,2,08士林區,士林區中山北路6段與中山北路6段419巷口,0,0,2,1,C03,8,5,5,50,3,1,1,5,4,5,13,4,4,1,4,5,2,12,2,66,2,8,6,1,7,8,1,10,1,12,,101,,1,21,121.5268489,25.1135729
113,10,25,12,0,2,08士林區,士林區中山北路6段與中山北路6段419巷口,0,0,2,2,C03,8,5,5,50,3,1,1,5,4,5,13,4,4,1,4,5,2,12,1,39,2,8,6,1,7,9,1,10,1,11,,44,,1,21,121.5268489,25.1135729
113,10,25,12,32,2,05中正區,中正區市民大道1段與中山北路1段口,0,0,1,1,C03,8,6,8,40,22,22,1,5,4,5,13,2,1,1,4,5,2,17,2,21,2,9,6,1,7,12,1,10,2,14,,13,,1,21,121.5205873,25.0480241
113,10,25,12,32,2,05中正區,中正區市民大道1段與中山北路1段口,0,0,1,2,B01,8,6,8,40,22,22,1,5,4,5,13,2,1,1,4,5,2,17,2,35,3,10,7,1,7,7,1,4,2,17,,101,,1,21,121.5205873,25.0480241
113,10,25,12,39,2,05中正區,中正區重慶南路3段63號,0,0,1,1,C03,8,7,5,50,14,9,1,5,4,5,13,4,4,1,4,5,2,12,1,32,2,9,5,1,7,7,1,10,1,14,,100,,1,22,121.5162197,25.0265128
113,10,25,12,39,2,05中正區,中正區重慶南路3段63號,0,0,1,2,B03,8,7,5,50,14,9,1,5,4,5,13,4,4,1,4,5,2,12,1,32,3,10,7,1,7,9,1,8,1,2,,44,,1,22,121.5162197,25.0265128
113,10,25,12,39,2,05中正區,中正區重慶南路3段63號,0,0,1,3,H02,8,7,5,50,14,9,1,5,4,5,13,4,4,1,4,5,2,12,2,32,4,11,5,5,7,20,8,20,10,16,,67,,1,22,121.5162197,25.0265128
113,10,25,12,45,2,05中正區,中正區詔安街與詔安街26巷口,0,0,1,1,B01,8,6,5,30,3,1,1,5,4,5,13,4,4,10,5,5,2,15,1,59,3,10,7,1,7,9,1,4,2,8,,72,,1,21,121.5159496,25.0251091
113,10,25,12,45,2,05中正區,中正區詔安街與詔安街26巷口,0,0,1,2,C03,8,6,5,30,3,1,1,5,4,5,13,4,4,10,5,5,2,15,1,45,2,9,5,1,7,9,1,10,2,12,,108,,1,21,121.5159496,25.0251091
113,10,25,12,45,2,07信義區,信義區忠孝東路4段560號,0,0,1,1,C03,7,7,5,50,14,9,1,5,4,5,13,4,4,3,4,5,2,17,1,48,2,9,6,4,7,9,1,10,1,14,,42,,1,21,121.5636561,25.0411029
113,10,25,12,45,2,07信義區,信義區忠孝東路4段560號,0,0,1,2,C03,7,7,5,50,14,9,1,5,4,5,13,4,4,3,4,5,2,17,2,48,3,10,6,4,7,9,3,18,1,17,,42,,1,21,121.5636561,25.0411029
113,10,25,12,45,2,07信義區,信義區忠孝東路4段560號,0,0,1,3,B12,7,7,5,50,14,9,1,5,4,5,13,4,4,3,4,5,2,17,1,60,3,10,3,4,7,9,1,8,1,1,,44,,1,21,121.5636561,25.0411029
113,10,25,13,6,2,01大同區,大同區民生西路76號,0,0,1,1,C03,7,6,5,50,14,9,1,5,4,5,13,4,4,8,3,5,1,16,1,36,2,9,6,4,7,6,1,10,1,12,,9,,1,21,121.5203774,25.0575482
113,10,25,13,6,2,01大同區,大同區民生西路76號,0,0,1,2,B03,7,6,5,50,14,9,1,5,4,5,13,4,4,8,3,5,1,16,1,38,3,10,3,4,7,1,1,8,1,8,,19,,1,21,121.5203774,25.0575482
113,10,25,13,30,2,12內湖區,內湖區民權東路6段與民權東路6段11巷口,0,0,1,1,B03,8,5,5,50,4,2,1,5,4,5,13,1,1,1,5,5,2,17,1,67,4,11,3,4,7,21,7,19,11,15,,108,,2,22,121.5787557,25.06679766
113,10,25,13,30,2,12內湖區,內湖區民權東路6段與民權東路6段11巷口,0,0,1,2,C03,8,5,5,50,4,2,1,5,4,5,13,1,1,1,5,5,2,17,1,42,2,8,5,1,7,9,1,10,1,13,,44,,1,21,121.5787557,25.06679766
113,10,25,13,59,2,01大同區,大同區哈密街與哈密街83巷口,0,0,1,1,C03,8,6,5,30,4,1,1,5,4,5,13,4,4,9,4,5,2,17,2,64,2,9,6,1,7,9,1,10,2,12,,72,,1,21,121.5148896,25.07296254
113,10,25,13,59,2,01大同區,大同區哈密街與哈密街83巷口,0,0,1,2,B01,8,6,5,30,4,1,1,5,4,5,13,4,4,9,4,5,2,17,1,67,3,10,7,1,7,9,1,4,2,1,,44,,1,21,121.5148896,25.07296254
113,10,25,14,11,2,03中山區,中山區市民大道2段與林森北路口,0,0,2,1,C03,8,6,5,40,4,1,1,5,4,5,13,1,1,10,4,5,2,13,2,35,2,8,5,1,7,5,1,10,1,13,12,44,,1,21,121.524237,25.04791978
113,10,25,14,11,2,03中山區,中山區市民大道2段與林森北路口,0,0,2,2,C03,8,6,5,40,4,1,1,5,4,5,13,1,1,10,4,5,2,13,1,38,2,9,5,1,7,9,1,10,1,11,12,108,,1,21,121.524237,25.04791978
113,10,25,14,20,2,12內湖區,內湖區文德路與文德路101巷口,0,0,1,1,C03,8,5,5,50,4,1,1,4,4,5,13,1,1,1,3,4,1,16,1,29,2,9,3,4,7,5,1,10,1,13,,8,,1,21,121.5834027,25.07868549
113,10,25,14,20,2,12內湖區,內湖區文德路與文德路101巷口,0,0,1,2,B03,8,5,5,50,4,1,1,4,4,5,13,1,1,1,3,4,1,16,1,75,3,10,3,4,7,9,1,8,1,1,,44,,1,21,121.5834027,25.07868549
113,10,25,14,25,2,04大安區,大安區仁愛路4段與安和路1段口,0,0,1,1,B03,7,7,5,50,4,1,1,5,4,5,13,2,1,1,3,1,1,17,1,29,3,10,7,1,7,9,1,8,1,1,,16,,1,21,121.5513538,25.0378489
113,10,25,14,25,2,04大安區,大安區仁愛路4段與安和路1段口,0,0,1,2,B01,7,7,5,50,4,1,1,5,4,5,13,2,1,1,3,1,1,17,1,54,2,9,7,1,7,9,1,4,1,3,,44,,1,21,121.5513538,25.0378489
113,10,25,14,29,2,09北投區,北投區中和街與中和街292巷口,0,0,1,1,B03,8,6,5,50,3,1,1,5,4,5,13,4,4,5,5,5,2,3,1,72,3,10,7,1,7,9,1,8,2,2,,70,,1,21,121.5001797,25.1405909
113,10,25,14,29,2,09北投區,北投區中和街與中和街292巷口,0,0,1,2,H01,8,6,5,50,3,1,1,5,4,5,13,4,4,5,5,5,2,3,2,80,2,8,4,5,8,16,8,20,10,16,,67,,1,21,121.5001797,25.1405909
113,10,25,14,38,2,12內湖區,內湖區成功路2段與成功路2段口國道1號南下引道口附近,0,0,1,1,B12,7,5,5,50,18,17,1,4,4,5,13,4,4,9,4,5,2,16,1,19,3,10,7,1,7,1,1,8,1,5,,44,,1,21,121.5902042,25.0649477
113,10,25,14,38,2,12內湖區,內湖區成功路2段與成功路2段口國道1號南下引道口附近,0,0,1,2,C03,7,5,5,50,18,17,1,4,4,5,13,4,4,9,4,5,2,16,2,23,2,9,5,1,7,9,1,10,1,11,,100,,1,21,121.5902042,25.0649477
113,10,25,14,41,2,05中正區,中正區延平南路與中華路1段81巷口,0,0,1,1,E05,8,5,6,30,3,2,2,5,4,5,13,4,4,9,4,5,2,17,1,35,3,10,7,1,7,5,1,4,2,5,,72,,1,21,121.508429,25.0381895
113,10,25,14,41,2,05中正區,中正區延平南路與中華路1段81巷口,0,0,1,2,C03,8,5,6,30,3,2,2,5,4,5,13,4,4,9,4,5,2,17,1,59,2,9,5,1,7,9,1,10,2,11,,108,,1,21,121.508429,25.0381895
113,10,25,14,41,2,05中正區,中正區延平南路與中華路1段81巷口,0,0,1,3,B02,8,5,6,30,3,2,2,5,4,5,13,4,4,9,4,5,2,17,2,52,3,10,7,1,7,14,1,8,9,17,,38,,1,21,121.508429,25.0381895
113,10,25,15,0,2,12內湖區,內湖區成功路2段與成功路2段486巷口口,0,0,1,1,B12,7,6,5,50,3,2,1,5,4,5,13,2,1,1,2,5,2,12,1,45,3,10,7,1,7,8,1,8,1,6,,95,,1,21,121.5898595,25.0728179
113,10,25,15,0,2,12內湖區,內湖區成功路2段與成功路2段486巷口口,0,0,1,2,C02,7,6,5,50,3,2,1,5,4,5,13,2,1,1,2,5,2,12,1,59,2,9,6,1,7,7,1,10,1,14,,44,,1,21,121.5898595,25.0728179
113,10,25,15,18,2,04大安區,大安區和平東路3段與和平東路3段406巷口,0,0,1,1,C03,7,7,5,50,3,2,1,5,4,5,13,1,1,4,2,5,2,17,1,27,2,9,5,1,7,9,1,10,2,14,,16,,1,21,121.5579236,24.99944103
113,10,25,15,18,2,04大安區,大安區和平東路3段與和平東路3段406巷口,0,0,1,2,B03,7,7,5,50,3,2,1,5,4,5,13,1,1,4,2,5,2,17,1,37,3,10,7,1,7,9,1,8,2,2,,16,,1,21,121.5579236,24.99944103
113,10,25,15,30,2,03中山區,中山區林森北路285號,0,0,1,1,B03,8,6,5,50,14,9,1,5,4,5,13,4,4,4,5,5,1,12,1,21,3,10,3,4,7,8,1,8,2,5,,80,,1,21,121.5254735,25.05547353
113,10,25,15,30,2,03中山區,中山區林森北路285號,0,0,1,2,C03,8,6,5,50,14,9,1,5,4,5,13,4,4,4,5,5,1,12,2,36,2,8,3,4,7,9,1,10,2,14,,44,,1,21,121.5254735,25.05547353
113,10,25,15,30,2,08士林區,士林區社正路與社正路33巷口,0,0,1,1,C03,8,6,5,30,5,2,1,5,4,5,13,4,4,9,4,5,1,17,1,74,2,7,5,1,7,5,6,10,1,12,,72,,1,21,121.5096331,25.0889075
113,10,25,15,30,2,08士林區,士林區社正路與社正路33巷口,0,0,1,2,B03,8,6,5,30,5,2,1,5,4,5,13,4,4,9,4,5,1,17,1,44,3,10,7,1,7,9,1,7,1,4,,14,,1,21,121.5096331,25.0889075
113,10,25,15,33,2,10文山區,文山區景文街146巷22號,0,0,1,1,A04,8,6,5,30,11,9,1,5,4,5,13,4,4,10,5,5,2,10,1,47,3,10,7,1,7,9,1,2,2,8,,5,,1,21,121.5324249,24.99233186
113,10,25,15,33,2,10文山區,文山區景文街146巷22號,0,0,1,2,F01,8,6,5,30,11,9,1,5,4,5,13,4,4,10,5,5,2,10,2,61,2,9,4,1,7,9,8,20,1,11,,44,,1,21,121.5324249,24.99233186
113,10,25,15,38,2,05中正區,中正區青島東路7號,0,0,1,1,C03,8,6,5,50,14,9,1,5,4,5,13,4,4,9,4,5,2,13,1,23,2,9,5,1,7,9,1,10,2,11,,16,,1,22,121.5224099,25.0437854
113,10,25,15,38,2,05中正區,中正區青島東路7號,0,0,1,2,B01,8,6,5,50,14,9,1,5,4,5,13,4,4,9,4,5,2,13,1,69,3,10,2,1,7,9,1,4,2,6,,44,,1,22,121.5224099,25.0437854
113,10,25,15,38,2,05中正區,中正區青島東路7號,0,0,1,3,B03,8,6,5,50,14,9,1,5,4,5,13,4,4,9,4,5,2,13,1,65,3,10,2,4,7,11,1,8,9,17,,10,,1,22,121.5224099,25.0437854
113,10,25,16,42,2,03中山區,中山區濱江街與大直橋口往北,0,0,1,1,B02,8,6,5,50,8,9,1,5,4,5,13,4,4,1,4,5,2,13,1,23,3,10,3,4,7,9,1,8,1,1,,107,,1,22,121.5444498,25.0760885
113,10,25,16,42,2,03中山區,中山區濱江街與大直橋口往北,0,0,1,2,C03,8,6,5,50,8,9,1,5,4,5,13,4,4,1,4,5,2,13,2,54,2,7,6,1,7,12,1,10,1,13,,14,,1,22,121.5444498,25.0760885
113,10,25,16,45,2,04大安區,大安區基隆路2段與和平東路3段口,0,0,1,2,C03,7,5,5,50,4,2,1,5,4,5,13,1,1,1,4,5,2,13,2,21,2,9,3,4,7,9,1,10,1,11,,16,,1,21,121.5529074,25.0247776
113,10,25,16,45,2,04大安區,大安區基隆路2段與和平東路3段口,0,0,1,1,C03,7,5,5,50,4,2,1,5,4,5,13,1,1,1,4,5,2,13,1,63,4,11,3,4,7,21,7,19,11,13,,44,,2,22,121.5529074,25.0247776
113,10,25,16,53,2,06松山區,松山區市民高架道東往西6510784燈桿,0,0,2,1,B11,8,6,5,80,10,9,1,5,4,5,13,4,4,1,4,5,1,13,1,54,3,10,7,1,7,9,1,2,1,1,,16,,1,22,121.5489417,25.04491008
113,10,25,16,53,2,06松山區,松山區市民高架道東往西6510784燈桿,0,0,2,2,B01,8,6,5,80,10,9,1,5,4,5,13,4,4,1,4,5,1,13,2,56,2,9,7,1,7,9,1,4,1,3,,44,,1,22,121.5489417,25.04491008
113,10,25,16,53,2,06松山區,松山區市民高架道東往西6510784燈桿,0,0,2,3,H02,8,6,5,80,10,9,1,5,4,5,13,4,4,1,4,5,1,13,1,28,2,9,7,5,7,21,8,20,10,16,,67,,1,22,121.5489417,25.04491008
113,10,25,16,58,2,06松山區,松山區八德路2段與敦化南路1段口,0,0,1,1,C03,7,5,5,50,4,1,1,5,4,5,13,1,1,5,4,5,2,17,1,37,2,9,6,1,7,9,6,10,2,14,,99,,1,21,121.5488794,25.0481149
113,10,25,16,58,2,06松山區,松山區八德路2段與敦化南路1段口,0,0,1,2,B03,7,5,5,50,4,1,1,5,4,5,13,1,1,5,4,5,2,17,1,35,3,10,7,1,7,6,1,8,2,2,,44,,1,21,121.5488794,25.0481149
113,10,25,17,14,2,10文山區,文山區木柵路3段與萬壽橋口口旁,0,0,1,1,A02,8,5,5,50,14,9,1,5,4,5,13,4,4,5,4,5,2,13,1,40,3,10,7,1,7,9,1,1,1,5,,44,,1,21,121.5710836,24.9912307
113,10,25,17,14,2,10文山區,文山區木柵路3段與萬壽橋口口旁,0,0,1,2,C03,8,5,5,50,14,9,1,5,4,5,13,4,4,5,4,5,2,13,1,67,2,9,5,1,7,10,1,10,1,13,,101,,1,21,121.5710836,24.9912307
113,10,25,17,32,2,03中山區,中山區民權東路1段與林森北路口,0,0,1,1,C03,7,7,5,50,4,1,1,5,4,5,13,2,1,1,4,5,2,13,2,23,2,8,6,4,7,9,1,10,1,11,,108,,1,21,121.5259313,25.06273051
113,10,25,17,32,2,03中山區,中山區民權東路1段與林森北路口,0,0,1,2,C02,7,7,5,50,4,1,1,5,4,5,13,2,1,1,4,5,2,13,1,22,3,10,6,4,7,9,1,9,1,13,,44,,1,21,121.5259313,25.06273051
113,10,25,17,47,2,03中山區,中山區農安街38巷與林森北路557巷口,0,0,1,1,C03,8,6,5,30,4,1,1,5,4,5,13,4,4,5,5,5,2,15,2,20,2,7,6,4,7,9,1,10,1,11,,72,,1,22,121.5271479,25.0644537
113,10,25,17,47,2,03中山區,中山區農安街38巷與林森北路557巷口,0,0,1,2,B01,8,6,5,30,4,1,1,5,4,5,13,4,4,5,5,5,2,15,1,68,3,10,3,4,7,9,1,4,1,4,,14,,1,22,121.5271479,25.0644537
113,10,25,17,57,2,11南港區,南港區中坡北路與市民大道7段口,0,0,1,1,F01,7,5,5,50,4,2,1,5,4,5,13,2,1,1,4,5,2,15,1,72,2,9,4,4,7,9,8,20,1,12,,99,,1,21,121.5801407,25.04942884
113,10,25,17,57,2,11南港區,南港區中坡北路與市民大道7段口,0,0,1,2,C03,7,5,5,50,4,2,1,5,4,5,13,2,1,1,4,5,2,15,1,46,3,10,6,4,7,9,1,10,1,11,,44,,1,21,121.5801407,25.04942884
113,10,25,18,8,2,04大安區,大安區敦化南路2段63巷與敦化南路2段口口,0,0,2,1,C03,8,5,5,30,4,1,1,5,4,5,13,2,1,1,4,1,1,17,1,29,2,9,5,1,7,9,1,10,1,11,,42,,1,21,121.5490502,25.0309588