發生年度,發生月,發生日,發生時-Hours,發生分,處理別-編號,區序,肇事地點,死亡人數,2-30日死亡人數,受傷人數,當事人序號,車種,天候,道路照明設備,道路類別,速限-速度限制,道路型態,事故位置,路面狀況1,路面狀況2,路面狀況3,道路障礙1,道路障礙2,號誌1,號誌2,車道劃分-分向,車道劃分-分道1,車道劃分-分道2,車道劃分-分道3,事故類型及型態,性別,年齡,受傷程度,主要傷處,保護裝置,行動電話,車輛用途,當事者行動狀態,駕駛資格情形,駕駛執照種類,飲酒情形,車輛撞擊部位1,車輛撞擊部位2,肇因碼-個別,肇因碼-主要,個人肇逃否,職業,座標-X,座標-Y
113,10,25,18,8,2,04大安區,大安區敦化南路2段63巷與敦化南路2段口口,0,0,2,2,C03,8,5,5,30,4,1,1,5,4,5,13,2,1,1,4,1,1,17,2,36,2,9,5,1,7,9,1,11,1,11,,44,,1,21,121.5490502,25.0309588
113,10,25,18,20,2,03中山區,中山區德惠街與雙城街口,0,0,1,1,B01,8,5,5,50,4,4,2,5,4,5,13,1,1,8,3,5,2,12,1,46,3,10,7,1,7,9,1,4,1,17,,108,,1,21,121.5245081,25.0667237
113,10,25,18,20,2,03中山區,中山區德惠街與雙城街口,0,0,1,2,F01,8,5,5,50,4,4,2,5,4,5,13,1,1,8,3,5,2,12,2,59,2,8,4,1,7,14,8,20,1,17,,29,,1,21,121.5245081,25.0667237
113,10,25,18,35,2,04大安區,大安區復興南路2段與瑞安街口,0,0,3,1,C02,7,5,5,50,3,1,1,5,4,5,13,2,1,1,4,4,2,13,1,59,2,8,3,4,7,9,1,9,1,11,,16,,1,22,121.5436071,25.0299102
113,10,25,18,35,2,04大安區,大安區復興南路2段與瑞安街口,0,0,3,2,C04,7,5,5,50,3,1,1,5,4,5,13,2,1,1,4,4,2,13,1,44,2,9,3,4,7,9,1,10,1,13,,44,,1,22,121.5436071,25.0299102
113,10,25,18,35,2,04大安區,大安區復興南路2段與瑞安街口,0,0,3,3,C03,7,5,5,50,3,1,1,5,4,5,13,2,1,1,4,4,2,13,2,42,2,9,3,4,7,9,1,11,1,13,,44,,1,22,121.5436071,25.0299102
113,10,25,18,35,2,08士林區,士林區通河西街1段堤外南往北,0,0,2,1,C03,8,5,5,40,14,9,1,5,4,5,13,4,4,9,5,5,2,17,1,22,2,8,6,1,7,11,1,10,1,11,,10,,1,21,121.5122173,25.08825093
113,10,25,18,35,2,08士林區,士林區通河西街1段堤外南往北,0,0,2,2,C03,8,5,5,40,14,9,1,5,4,5,13,4,4,9,5,5,2,17,2,31,2,8,6,1,7,9,1,10,1,11,,107,,1,21,121.5122173,25.08825093
113,10,25,19,3,2,09北投區,北投區文林北路與自強街口,0,0,2,1,A01,8,5,5,50,14,9,1,5,4,5,13,4,4,9,4,5,2,13,1,47,3,10,7,1,7,14,1,2,9,7,,38,,1,21,121.5123381,25.10956474
113,10,25,19,3,2,09北投區,北投區文林北路與自強街口,0,0,2,2,C03,8,5,5,50,14,9,1,5,4,5,13,4,4,9,4,5,2,13,2,21,2,9,5,1,7,7,1,10,1,12,,100,,1,21,121.5123381,25.10956474
113,10,25,19,3,2,09北投區,北投區文林北路與自強街口,0,0,2,3,C03,8,5,5,50,14,9,1,5,4,5,13,4,4,9,4,5,2,13,1,38,2,8,5,1,7,9,1,10,1,11,,44,,1,21,121.5123381,25.10956474
113,10,25,19,14,2,12內湖區,內湖區民權東路6段138號,0,0,1,1,B03,8,7,5,50,14,9,1,5,4,5,13,4,4,1,4,5,2,11,1,32,3,10,7,1,7,8,1,8,9,6,,100,,1,21,121.588781,25.0689442
113,10,25,19,14,2,12內湖區,內湖區民權東路6段138號,0,0,1,2,C03,8,7,5,50,14,9,1,5,4,5,13,4,4,1,4,5,2,11,1,23,2,9,5,1,7,8,1,10,9,14,,108,,1,21,121.588781,25.0689442
113,10,25,19,18,2,04大安區,大安區大安路1段116巷19號,0,0,1,1,H01,8,5,5,50,14,9,1,5,4,5,13,4,4,10,4,5,2,3,1,53,2,9,4,5,8,18,8,20,10,16,,121,,1,21,121.5446788,25.0398448
113,10,25,19,18,2,04大安區,大安區大安路1段116巷19號,0,0,1,2,B03,8,5,5,50,14,9,1,5,4,5,13,4,4,10,4,5,2,3,1,35,3,10,7,1,7,9,1,8,1,8,,44,,1,21,121.5446788,25.0398448
113,10,25,19,36,2,09北投區,北投區石牌路1段與西安街1段口,0,0,2,2,C03,8,5,5,50,4,2,1,5,4,5,13,2,1,5,4,5,2,16,1,54,2,9,6,1,7,9,1,10,1,12,,44,,1,22,121.5151829,25.1152581
113,10,25,19,36,2,09北投區,北投區石牌路1段與西安街1段口,0,0,2,1,B03,8,5,5,50,4,2,1,5,4,5,13,2,1,5,4,5,2,16,2,66,3,10,7,1,7,7,1,8,1,8,,100,,1,22,121.5151829,25.1152581
113,10,25,19,36,2,09北投區,北投區石牌路1段與西安街1段口,0,0,2,3,H02,8,5,5,50,4,2,1,5,4,5,13,2,1,5,4,5,2,16,1,7,2,9,6,5,7,20,8,20,10,16,,67,,1,22,121.5151829,25.1152581
113,10,25,19,50,2,06松山區,松山區南京東路5段97號,0,0,1,1,F01,7,5,8,0,14,23,4,5,4,5,13,4,4,10,5,5,2,1,1,33,3,10,4,1,7,9,8,20,1,11,,70,,1,21,121.5602813,25.0516479
113,10,25,19,50,2,06松山區,松山區南京東路5段97號,0,0,1,2,H01,7,5,8,0,14,23,4,5,4,5,13,4,4,10,5,5,2,1,2,61,2,9,4,5,8,16,8,20,10,16,,67,,1,21,121.5602813,25.0516479
113,10,25,20,43,2,12內湖區,內湖區金湖路與康寧路1段口口,0,0,1,1,B03,6,5,5,50,3,1,1,4,4,5,13,1,1,1,4,5,2,13,1,47,3,10,7,1,7,9,1,8,1,8,,16,,1,21,121.599632,25.0790076
113,10,25,20,43,2,12內湖區,內湖區金湖路與康寧路1段口口,0,0,1,2,C03,6,5,5,50,3,1,1,4,4,5,13,1,1,1,4,5,2,13,2,41,2,8,6,1,7,5,1,10,1,13,,8,,1,21,121.599632,25.0790076
113,10,25,20,55,2,10文山區,文山區政大二街83號,0,0,1,1,B03,8,5,5,30,14,9,1,5,4,5,13,4,4,9,5,5,2,17,2,56,3,10,3,4,7,15,1,8,1,1,,4,,1,22,121.5837659,24.9874222
113,10,25,20,55,2,10文山區,文山區政大二街83號,0,0,1,2,C04,8,5,5,30,14,9,1,5,4,5,13,4,4,9,5,5,2,17,2,44,2,8,5,4,7,9,1,10,1,11,,44,,1,22,121.5837659,24.9874222
113,10,25,20,56,2,07信義區,信義區虎林街120巷167弄3號,0,0,1,1,B03,8,5,5,30,14,9,1,5,4,5,13,4,4,10,5,5,2,9,1,42,3,10,7,1,7,9,1,8,9,2,,108,,2,22,121.5740695,25.0423911
113,10,25,20,56,2,07信義區,信義區虎林街120巷167弄3號,0,0,1,2,H01,8,5,5,30,14,9,1,5,4,5,13,4,4,10,5,5,2,9,2,26,2,7,4,5,8,16,8,20,10,16,,67,,1,22,121.5740695,25.0423911
113,10,25,20,59,2,10文山區,文山區木柵路2段與興隆路4段口,0,0,1,1,B03,7,5,5,50,4,1,1,5,4,5,13,1,1,10,5,5,2,15,1,24,3,10,3,4,7,9,1,8,1,7,,81,,1,22,121.560221,24.9887635
113,10,25,20,59,2,10文山區,文山區木柵路2段與興隆路4段口,0,0,1,2,C03,7,5,5,50,4,1,1,5,4,5,13,1,1,10,5,5,2,15,1,56,2,9,3,4,7,9,1,10,1,11,,42,,1,22,121.560221,24.9887635
113,10,25,21,39,2,02萬華區,萬華區中華路1段與成都路口,0,0,1,1,B01,7,5,5,50,4,2,1,5,4,5,13,2,1,1,4,1,2,17,1,37,4,11,3,4,7,21,7,19,11,15,,101,,2,22,121.5081385,25.0423866
113,10,25,21,39,2,02萬華區,萬華區中華路1段與成都路口,0,0,1,2,A02,7,5,5,50,4,2,1,5,4,5,13,2,1,1,4,1,2,17,1,42,3,10,7,1,7,9,1,1,1,17,,44,,1,21,121.5081385,25.0423866
113,10,25,21,39,2,02萬華區,萬華區中華路1段與成都路口,0,0,1,3,H02,7,5,5,50,4,2,1,5,4,5,13,2,1,1,4,1,2,17,2,25,2,6,4,5,7,20,8,20,10,16,,67,,1,21,121.5081385,25.0423866
113,10,25,21,42,2,04大安區,大安區忠孝東路4段與忠孝東路4段223巷口,0,0,1,1,B03,8,5,5,50,4,4,1,5,4,5,13,2,1,5,2,5,2,13,1,42,3,10,3,4,7,9,1,8,1,1,,16,,1,22,121.5531483,25.0416443
113,10,25,21,42,2,04大安區,大安區忠孝東路4段與忠孝東路4段223巷口,0,0,1,2,C03,8,5,5,50,4,4,1,5,4,5,13,2,1,5,2,5,2,13,2,31,2,9,6,4,7,14,1,10,1,13,,44,,1,22,121.5531483,25.0416443
113,10,25,21,50,2,05中正區,中正區愛國東路36號,0,0,1,1,B03,7,5,5,50,14,7,1,5,4,5,13,2,1,1,4,4,2,16,2,49,3,10,7,1,7,11,1,8,1,5,,10,,1,22,121.5182318,25.0346907
113,10,25,21,50,2,05中正區,中正區愛國東路36號,0,0,1,2,C03,7,5,5,50,14,7,1,5,4,5,13,2,1,1,4,4,2,16,1,30,2,7,5,1,7,9,1,10,1,11,,44,,1,22,121.5182318,25.0346907
113,10,25,22,20,2,03中山區,中山區龍江路412巷與五常街53巷口,0,0,1,1,B03,7,5,5,30,4,2,1,5,4,5,13,4,4,9,5,5,2,15,2,24,3,10,3,4,7,9,1,8,1,1,,72,,1,21,121.5396708,25.06760176
113,10,25,22,20,2,03中山區,中山區龍江路412巷與五常街53巷口,0,0,1,2,C03,7,5,5,30,4,2,1,5,4,5,13,4,4,9,5,5,2,15,1,23,2,9,3,4,7,9,3,18,1,12,,44,,1,21,121.5396708,25.06760176
113,10,25,22,40,2,03中山區,中山區農安街與吉林路口,0,0,1,2,C03,7,5,5,50,4,2,1,5,4,5,13,1,1,4,3,5,1,17,2,24,2,8,6,1,7,9,1,10,1,17,,44,,1,21,121.5225568,25.05173857
113,10,25,22,40,2,03中山區,中山區農安街與吉林路口,0,0,1,1,C03,7,5,5,50,4,2,1,5,4,5,13,1,1,4,3,5,1,17,1,29,3,10,6,1,7,5,1,10,1,17,,8,,1,21,121.5225568,25.05173857
113,10,26,4,49,2,11南港區,南港區東新街170巷23號,0,0,1,1,,8,5,5,50,11,9,1,5,4,5,13,4,4,5,4,5,2,27,3,60,,,,,,,,,,,,66,,1,,121.5929585,25.0441786
113,10,26,4,49,2,11南港區,南港區東新街170巷23號,0,0,1,2,C03,8,5,5,50,11,9,1,5,4,5,13,4,4,5,4,5,2,27,1,31,2,9,5,1,7,9,1,10,2,11,,13,,1,21,121.5929585,25.0441786
113,10,26,7,40,2,08士林區,士林區至善路2段與至善路2段342巷口旁,0,0,1,1,C01,8,6,5,50,3,2,1,5,4,5,13,4,4,3,4,5,2,17,1,54,2,9,3,4,7,7,1,9,1,14,,100,,1,21,121.5544481,25.1033605
113,10,26,7,40,2,08士林區,士林區至善路2段與至善路2段342巷口旁,0,0,1,2,B03,8,6,5,50,3,2,1,5,4,5,13,4,4,3,4,5,2,17,1,43,3,10,3,4,7,9,1,8,1,2,,44,,1,21,121.5544481,25.1033605
113,10,26,8,7,2,02萬華區,萬華區富民路145巷36弄(近燈桿0905048),0,0,1,1,B12,8,6,5,30,14,9,1,5,4,5,13,4,4,10,5,5,2,14,1,48,4,11,3,4,7,2,1,8,11,1,,12,,1,22,121.5014136,25.0188577
113,10,26,8,7,2,02萬華區,萬華區富民路145巷36弄(近燈桿0905048),0,0,1,2,C03,8,6,5,30,14,9,1,5,4,5,13,4,4,10,5,5,2,14,2,29,2,8,6,1,7,2,1,9,1,14,,44,,1,22,121.5014136,25.0188577
113,10,26,9,14,2,02萬華區,萬華區堤外便道桂林提外停車場前的腳踏車道,0,0,2,1,F01,7,6,7,40,14,23,1,5,4,5,13,4,4,9,5,5,1,17,1,70,2,9,3,4,7,9,8,20,1,13,,42,,1,22,121.5070721,25.03506373
113,10,26,9,14,2,02萬華區,萬華區堤外便道桂林提外停車場前的腳踏車道,0,0,2,2,F01,7,6,7,40,14,23,1,5,4,5,13,4,4,9,5,5,1,17,1,47,2,7,3,4,7,9,8,20,1,11,,42,,1,22,121.5070721,25.03506373
113,10,26,9,50,2,01大同區,大同區民權西路與延平北路3段口(西北角）,0,0,1,1,C03,8,6,5,50,14,11,1,5,4,5,13,4,4,8,3,5,1,13,2,30,2,9,6,4,7,9,1,10,1,11,,107,,1,21,121.5109883,25.063074
113,10,26,9,50,2,01大同區,大同區民權西路與延平北路3段口(西北角）,0,0,1,2,B03,8,6,5,50,14,11,1,5,4,5,13,4,4,8,3,5,1,13,1,58,3,10,3,4,7,15,1,8,1,3,,87,,1,21,121.5109883,25.063074
113,10,26,10,10,2,09北投區,北投區榮華三路與磺溪便道口（天母橋）,0,0,1,1,B03,8,7,5,30,3,1,1,5,4,5,13,4,4,9,5,5,2,3,2,29,3,10,3,4,7,5,1,8,2,1,,70,,1,22,121.52527,25.1137176
113,10,26,10,10,2,09北投區,北投區榮華三路與磺溪便道口（天母橋）,0,0,1,2,H01,8,7,5,30,3,1,1,5,4,5,13,4,4,9,5,5,2,3,2,85,2,9,4,5,8,16,8,20,10,16,,67,,1,21,121.52527,25.1137176
113,10,26,10,20,2,01大同區,大同區民權西路與延平北路3段口(西南角）,0,0,4,1,C03,7,6,5,40,4,2,1,5,4,5,13,4,4,8,3,5,1,16,1,29,2,8,6,4,7,5,1,10,2,14,,8,,1,21,121.5111644,25.0628592
113,10,26,10,20,2,01大同區,大同區民權西路與延平北路3段口(西南角）,0,0,4,2,C03,7,6,5,40,4,2,1,5,4,5,13,4,4,8,3,5,1,16,2,43,2,9,6,4,7,9,1,10,2,12,,44,,1,21,121.5111644,25.0628592
113,10,26,10,20,2,01大同區,大同區民權西路與延平北路3段口(西南角）,0,0,4,3,H02,7,6,5,40,4,2,1,5,4,5,13,4,4,8,3,5,1,16,2,28,2,7,6,5,7,20,8,20,10,17,,67,,1,21,121.5111644,25.0628592
113,10,26,10,20,2,01大同區,大同區民權西路與延平北路3段口(西南角）,0,0,4,4,H02,7,6,5,40,4,2,1,5,4,5,13,4,4,8,3,5,1,16,1,9,2,7,3,5,7,20,8,20,10,17,,67,,1,21,121.5111644,25.0628592
113,10,26,10,40,2,03中山區,中山區龍江路412巷與五常街53巷口口,0,0,1,1,C03,8,5,5,30,4,2,1,5,4,5,13,4,4,8,5,5,1,15,1,34,2,8,5,1,7,9,1,10,1,11,,72,,1,21,121.5396995,25.0676017
113,10,26,10,40,2,03中山區,中山區龍江路412巷與五常街53巷口口,0,0,1,2,B03,8,5,5,30,4,2,1,5,4,5,13,4,4,8,5,5,1,15,1,26,3,10,2,1,7,9,1,8,1,2,,44,,1,21,121.5396995,25.0676017
113,10,26,10,50,2,11南港區,南港區忠孝東路7段與興中路口,0,0,1,1,B03,7,7,5,50,3,2,1,5,4,5,13,2,1,1,4,5,2,16,1,26,3,10,3,4,7,6,1,8,1,17,,9,,1,21,121.6079386,25.052303
113,10,26,10,50,2,11南港區,南港區忠孝東路7段與興中路口,0,0,1,2,C03,7,7,5,50,3,2,1,5,4,5,13,2,1,1,4,5,2,16,1,27,2,9,6,4,7,9,1,10,1,17,,42,,1,21,121.6079386,25.052303
113,10,26,11,0,2,08士林區,士林區格致路與凱旋路口,0,0,1,1,B01,7,6,5,40,3,1,1,5,4,5,13,4,4,4,5,5,1,16,1,55,3,10,7,1,7,5,1,4,1,2,,8,,1,22,121.5463591,25.1369467
113,10,26,11,0,2,08士林區,士林區格致路與凱旋路口,0,0,1,2,F01,7,6,5,40,3,1,1,5,4,5,13,4,4,4,5,5,1,16,1,43,2,9,4,1,7,9,8,20,1,11,,44,,1,22,121.5463591,25.1369467
113,10,26,11,3,2,01大同區,大同區民權西路226號,0,0,2,1,C03,8,6,5,50,14,9,1,5,4,5,13,1,1,1,4,5,2,17,1,36,2,9,6,1,7,9,1,10,6,11,,16,,1,21,121.5132942,25.06290086
113,10,26,11,3,2,01大同區,大同區民權西路226號,0,0,2,2,C03,8,6,5,50,14,9,1,5,4,5,13,1,1,1,4,5,2,17,2,54,2,8,6,1,7,12,1,10,2,13,,81,,1,21,121.5132942,25.06290086
113,10,26,11,8,2,01大同區,大同區萬全街4號,0,0,1,1,C03,8,6,5,30,14,9,4,5,4,5,13,4,4,10,5,5,2,9,2,64,3,10,5,4,7,9,1,10,1,12,,108,,1,21,121.5205728,25.0582349
113,10,26,11,8,2,01大同區,大同區萬全街4號,0,0,1,2,H01,8,6,5,30,14,9,4,5,4,5,13,4,4,10,5,5,2,9,1,31,2,7,4,5,8,16,8,20,10,16,,67,,1,21,121.5205728,25.0582349
113,10,26,11,12,2,05中正區,中正區中山南路與徐州路口,0,0,1,1,C03,8,6,5,50,3,1,1,5,4,5,13,1,1,5,4,5,2,17,2,38,2,8,6,4,7,9,1,10,1,11,,108,,1,22,121.5185991,25.0417352
113,10,26,11,12,2,05中正區,中正區中山南路與徐州路口,0,0,1,2,C03,8,6,5,50,3,1,1,5,4,5,13,1,1,5,4,5,2,17,1,26,3,10,6,4,7,12,1,10,1,13,,44,,1,22,121.5185991,25.0417352
113,10,26,11,12,2,05中正區,中正區中山南路與徐州路口,0,0,1,3,C03,8,6,5,50,3,1,1,5,4,5,13,1,1,5,4,5,2,17,2,55,3,10,6,4,7,9,1,10,1,11,,108,,1,22,121.5185991,25.0417352
113,10,26,11,54,2,01大同區,大同區承德路2段與民生西路口,0,0,1,1,C03,8,6,5,50,4,2,1,5,4,5,13,2,1,1,2,5,2,17,1,32,2,8,5,4,7,7,1,10,1,13,,100,,1,21,121.5179085,25.0571284
113,10,26,11,54,2,01大同區,大同區承德路2段與民生西路口,0,0,1,2,B03,8,6,5,50,4,2,1,5,4,5,13,2,1,1,2,5,2,17,2,68,3,10,7,4,7,9,1,8,1,5,,44,,1,21,121.5179085,25.0571284
113,10,26,12,18,2,05中正區,中正區汀州路3段25號,0,0,1,1,C03,8,6,5,50,14,9,1,5,4,5,13,4,4,1,4,5,1,17,1,22,2,9,5,1,7,9,1,10,2,11,,108,,1,21,121.5263626,25.019933
113,10,26,12,18,2,05中正區,中正區汀州路3段25號,0,0,1,2,B12,8,6,5,50,14,9,1,5,4,5,13,4,4,1,4,5,1,17,1,24,3,10,3,4,7,13,1,8,2,6,,99,,1,21,121.5263626,25.019933
113,10,26,12,22,2,10文山區,文山區指南路3段34巷（指南幹8 1 B7227BB00)前,0,0,1,1,B03,7,6,5,30,11,9,1,5,4,5,13,4,4,10,5,5,1,11,1,71,3,10,3,4,7,9,1,8,2,4,,44,,1,22,121.5183568,25.04847309
113,10,26,12,22,2,10文山區,文山區指南路3段34巷（指南幹8 1 B7227BB00)前,0,0,1,2,C03,7,6,5,30,11,9,1,5,4,5,13,4,4,10,5,5,1,11,1,65,2,9,3,4,7,9,1,10,2,14,,5,,1,22,121.5183568,25.04847309
113,10,26,12,52,2,08士林區,士林區通河西街2段與社正路口,0,0,1,1,C03,7,7,5,30,3,2,1,5,4,5,13,2,1,10,5,5,1,13,2,21,2,8,5,1,7,9,1,10,2,11,,16,,1,21,121.51169,25.08928308
113,10,26,12,52,2,08士林區,士林區通河西街2段與社正路口,0,0,1,2,B03,7,7,5,30,3,2,1,5,4,5,13,2,1,10,5,5,1,13,1,47,3,10,7,1,7,12,1,8,2,3,,44,,1,21,121.51169,25.08928308
113,10,26,12,56,2,12內湖區,內湖區內湖路3段256巷（0302759號燈桿）,0,0,1,1,C03,8,6,5,30,11,9,1,5,4,5,13,4,4,10,5,5,2,10,1,70,3,10,5,1,7,15,1,10,1,14,,4,,1,21,121.5852227,25.0919598
113,10,26,12,56,2,12內湖區,內湖區內湖路3段256巷（0302759號燈桿）,0,0,1,2,B03,8,6,5,30,11,9,1,5,4,5,13,4,4,10,5,5,2,10,1,35,3,10,7,1,7,1,1,8,1,8,,44,,1,21,121.5852227,25.0919598
113,10,26,12,56,2,12內湖區,內湖區內湖路3段256巷（0302759號燈桿）,0,0,1,3,H02,8,6,5,30,11,9,1,5,4,5,13,4,4,10,5,5,2,10,2,66,2,8,5,5,7,21,8,20,10,16,,67,,1,21,121.5852227,25.0919598
113,10,26,13,17,2,05中正區,中正區重慶南路1段與貴陽街1段口,0,0,3,1,C03,8,5,5,50,4,1,1,5,4,5,13,1,1,9,4,5,2,17,1,30,2,9,6,1,7,9,1,10,2,11,,44,,1,21,121.5128006,25.0387846
113,10,26,13,17,2,05中正區,中正區重慶南路1段與貴陽街1段口,0,0,3,2,C03,8,5,5,50,4,1,1,5,4,5,13,1,1,9,4,5,2,17,1,32,2,9,5,1,7,5,1,10,2,14,,8,,1,21,121.5128006,25.0387846
113,10,26,13,17,2,05中正區,中正區重慶南路1段與貴陽街1段口,0,0,3,3,H02,8,5,5,50,4,1,1,5,4,5,13,1,1,9,4,5,2,17,1,23,2,9,5,5,7,20,8,20,10,16,,67,,1,21,121.5128006,25.0387846
113,10,26,13,40,2,01大同區,大同區承德路1段與市民大道1段口,0,0,1,1,B03,7,6,5,40,4,2,1,5,4,5,13,1,1,1,4,5,2,17,1,51,3,10,7,1,7,6,1,8,2,2,,9,,1,21,121.5166114,25.04891141
113,10,26,13,40,2,01大同區,大同區承德路1段與市民大道1段口,0,0,1,2,C03,7,6,5,40,4,2,1,5,4,5,13,1,1,1,4,5,2,17,2,38,2,9,6,1,7,9,1,10,2,14,,44,,1,21,121.5166114,25.04891141
113,10,26,13,45,2,09北投區,北投區永興路1段32巷與大同街204巷口,0,0,1,1,C03,8,5,5,30,4,1,1,5,4,5,13,4,4,7,5,5,2,17,1,64,2,9,3,4,7,9,1,10,1,11,,72,,1,21,121.5001257,25.1380578
113,10,26,13,45,2,09北投區,北投區永興路1段32巷與大同街204巷口,0,0,1,2,C03,8,5,5,30,4,1,1,5,4,5,13,4,4,7,5,5,2,17,1,25,3,10,3,4,7,9,1,10,1,11,,44,,1,21,121.5001257,25.1380578
113,10,26,13,50,2,05中正區,中正區重慶南路3段與廈門街114巷口,0,0,2,2,C03,8,6,5,30,3,1,1,5,4,5,13,1,1,5,4,5,2,17,2,23,2,9,5,1,7,9,1,10,2,14,,44,,1,21,121.5168782,25.0231158
113,10,26,13,50,2,05中正區,中正區重慶南路3段與廈門街114巷口,0,0,2,1,C03,8,6,5,30,3,1,1,5,4,5,13,1,1,5,4,5,2,17,1,47,2,7,5,1,7,5,6,10,2,11,,74,,1,21,121.5168782,25.0231158
113,10,26,14,45,2,12內湖區,內湖區文德路與文德路220巷口口,0,0,3,4,H02,7,6,5,50,4,4,1,5,4,5,13,2,1,1,4,4,2,13,2,4,2,8,5,5,7,20,8,20,10,16,,67,,1,24,121.5880633,25.0787695
113,10,26,14,45,2,12內湖區,內湖區文德路與文德路220巷口口,0,0,3,1,C03,7,6,5,50,4,4,1,5,4,5,13,2,1,1,4,4,2,13,2,58,2,9,5,1,7,9,1,10,2,11,,16,,1,21,121.5880633,25.0787695
113,10,26,14,45,2,12內湖區,內湖區文德路與文德路220巷口口,0,0,3,2,C03,7,6,5,50,4,4,1,5,4,5,13,2,1,1,4,4,2,13,2,40,2,7,5,1,7,14,1,10,2,13,,32,,1,21,121.5880633,25.0787695
113,10,26,14,45,2,12內湖區,內湖區文德路與文德路220巷口口,0,0,3,3,H02,7,6,5,50,4,4,1,5,4,5,13,2,1,1,4,4,2,13,2,8,3,10,5,5,7,20,8,20,10,16,,67,,1,14,121.5880633,25.0787695
113,10,26,14,54,2,04大安區,大安區樂業街與敦化南路2段331巷口,0,0,1,1,F01,7,6,8,30,5,1,1,5,4,5,13,4,4,9,4,5,2,16,1,86,2,8,3,4,7,5,8,20,1,11,,8,,1,21,121.5498146,25.0227026
113,10,26,14,54,2,04大安區,大安區樂業街與敦化南路2段331巷口,0,0,1,2,B03,7,6,8,30,5,1,1,5,4,5,13,4,4,9,4,5,2,16,1,46,3,10,3,4,7,6,1,8,1,5,,44,,1,21,121.5498146,25.0227026
113,10,26,14,55,2,04大安區,大安區光復南路260巷與光復南路口,0,0,2,1,B02,7,7,5,50,3,2,1,5,4,5,13,4,4,1,4,5,2,12,1,51,3,10,7,1,7,8,1,3,1,5,,100,,1,21,121.5575416,25.0402465
113,10,26,14,55,2,04大安區,大安區光復南路260巷與光復南路口,0,0,2,2,C03,7,7,5,50,3,2,1,5,4,5,13,4,4,1,4,5,2,12,1,34,2,9,6,1,7,9,1,10,1,14,,44,,1,21,121.5575416,25.0402465
113,10,26,14,55,2,04大安區,大安區光復南路260巷與光復南路口,0,0,2,3,H02,7,7,5,50,3,2,1,5,4,5,13,4,4,1,4,5,2,12,2,34,2,9,6,5,7,21,8,20,10,16,,67,,1,21,121.5575416,25.0402465
113,10,26,15,55,2,12內湖區,內湖區成功路2段與成功交流道口東南角,0,0,2,1,B03,8,6,5,50,4,2,1,5,4,5,13,2,1,1,4,5,2,17,1,28,3,10,7,1,7,6,1,8,2,6,,9,,1,21,121.5909597,25.06418661
113,10,26,15,55,2,12內湖區,內湖區成功路2段與成功交流道口東南角,0,0,2,2,C03,8,6,5,50,4,2,1,5,4,5,13,2,1,1,4,5,2,17,1,73,2,9,6,1,7,9,1,10,2,11,,44,,1,21,121.5909597,25.06418661
113,10,26,15,55,2,12內湖區,內湖區成功路2段與成功交流道口東南角,0,0,2,3,H02,8,6,5,50,4,2,1,5,4,5,13,2,1,1,4,5,2,17,2,75,2,9,6,5,7,20,8,20,10,16,,67,,1,21,121.5909597,25.06418661
113,10,26,16,2,2,03中山區,中山區中山北路2段10號,0,0,1,1,C03,8,7,5,50,14,8,1,5,4,5,13,4,4,9,4,1,2,12,1,50,2,9,5,1,7,7,1,10,2,11,,101,,1,21,121.522595,25.05308569
113,10,26,16,2,2,03中山區,中山區中山北路2段10號,0,0,1,2,B01,8,7,5,50,14,8,1,5,4,5,13,4,4,9,4,1,2,12,1,57,3,10,7,1,7,9,1,4,2,5,,44,,1,21,121.522595,25.05308569
113,10,26,16,5,2,04大安區,大安區敦化南路1段與敦化南路1段252巷口口,0,0,1,1,C03,7,6,5,50,14,9,1,5,4,5,13,4,4,1,4,5,2,17,4,0,,,,,,,,,1,,,119,,,,121.5488298,25.0398012
113,10,26,16,5,2,04大安區,大安區敦化南路1段與敦化南路1段252巷口口,0,0,1,2,C03,7,6,5,50,14,9,1,5,4,5,13,4,4,1,4,5,2,17,1,32,2,8,3,4,7,9,1,10,1,17,,119,,1,22,121.5488298,25.0398012
113,10,26,16,13,2,07信義區,信義區松信路與虎林街120巷口,0,0,3,1,B02,7,6,5,50,4,1,2,5,4,5,13,2,1,9,4,5,1,13,2,32,3,10,3,4,7,9,1,8,1,1,,107,,1,21,121.5719761,25.0423839
113,10,26,16,13,2,07信義區,信義區松信路與虎林街120巷口,0,0,3,2,B03,7,6,5,50,4,1,2,5,4,5,13,2,1,9,4,5,1,13,1,63,2,1,3,4,7,14,1,8,1,3,,44,,1,21,121.5719761,25.0423839
113,10,26,16,13,2,07信義區,信義區松信路與虎林街120巷口,0,0,3,3,B02,7,6,5,50,4,1,2,5,4,5,13,2,1,9,4,5,1,13,1,61,3,10,3,4,7,14,1,8,1,3,,44,,1,21,121.5719761,25.0423839
113,10,26,16,13,2,07信義區,信義區松信路與虎林街120巷口,0,0,3,4,H02,7,6,5,50,4,1,2,5,4,5,13,2,1,9,4,5,1,13,1,27,2,1,3,5,7,20,8,20,10,16,,67,,1,21,121.5719761,25.0423839