發生年度,發生月,發生日,發生時-Hours,發生分,處理別-編號,區序,肇事地點,死亡人數,2-30日死亡人數,受傷人數,當事人序號,車種,天候,道路照明設備,道路類別,速限-速度限制,道路型態,事故位置,路面狀況1,路面狀況2,路面狀況3,道路障礙1,道路障礙2,號誌1,號誌2,車道劃分-分向,車道劃分-分道1,車道劃分-分道2,車道劃分-分道3,事故類型及型態,性別,年齡,受傷程度,主要傷處,保護裝置,行動電話,車輛用途,當事者行動狀態,駕駛資格情形,駕駛執照種類,飲酒情形,車輛撞擊部位1,車輛撞擊部位2,肇因碼-個別,肇因碼-主要,個人肇逃否,職業,座標-X,座標-Y
113,10,26,16,13,2,07信義區,信義區松信路與虎林街120巷口,0,0,3,5,H02,7,6,5,50,4,1,2,5,4,5,13,2,1,9,4,5,1,13,2,56,2,1,3,5,7,20,8,20,10,16,,67,,1,21,121.5719761,25.0423839
113,10,26,16,29,2,06松山區,松山區北寧路與八德路3段口,0,0,1,1,C03,7,6,5,50,3,2,1,5,4,5,13,2,1,4,3,5,2,13,2,27,2,8,6,1,7,6,1,10,1,11,,16,,1,22,121.552543,25.0482842
113,10,26,16,29,2,06松山區,松山區北寧路與八德路3段口,0,0,1,2,B03,7,6,5,50,3,2,1,5,4,5,13,2,1,4,3,5,2,13,2,44,3,10,7,1,7,6,1,8,1,3,,44,,1,22,121.552543,25.0482842
113,10,26,16,31,2,05中正區,中正區古亭河濱公園自行車道(永福橋下),0,0,1,1,F01,8,6,5,50,14,23,1,5,4,5,13,4,4,9,4,5,1,17,1,54,2,9,4,1,7,9,8,20,1,12,,42,,1,21,121.5254167,25.0162262
113,10,26,16,31,2,05中正區,中正區古亭河濱公園自行車道(永福橋下),0,0,1,2,F02,8,6,5,50,14,23,1,5,4,5,13,4,4,9,4,5,1,17,1,18,3,10,4,1,7,9,8,20,1,17,,5,,1,21,121.5254167,25.0162262
113,10,26,16,31,2,05中正區,中正區古亭河濱公園自行車道(永福橋下),0,0,1,3,F02,8,6,5,50,14,23,1,5,4,5,13,4,4,9,4,5,1,17,1,18,3,10,4,1,7,9,8,20,1,17,,5,,1,21,121.5254167,25.0162262
113,10,26,17,12,2,07信義區,信義區松仁路3號,0,0,1,1,C03,8,6,5,50,14,9,1,5,4,5,13,4,4,1,4,5,2,12,1,38,3,10,6,1,7,8,1,10,2,12,,101,,1,21,121.5685481,25.0403285
113,10,26,17,12,2,07信義區,信義區松仁路3號,0,0,1,2,C03,8,6,5,50,14,9,1,5,4,5,13,4,4,1,4,5,2,12,1,33,2,7,6,1,7,9,1,10,2,14,,44,,1,21,121.5685481,25.0403285
113,10,26,17,28,2,06松山區,松山區塔悠路與撫遠街389巷口,0,0,1,1,B03,7,5,5,50,4,1,1,5,4,5,13,2,1,1,4,5,2,16,2,26,3,10,7,1,7,5,1,8,2,5,,71,,1,21,121.5680524,25.0652638
113,10,26,17,28,2,06松山區,松山區塔悠路與撫遠街389巷口,0,0,1,2,C01,7,5,5,50,4,1,1,5,4,5,13,2,1,1,4,5,2,16,1,22,2,1,6,1,7,9,1,9,2,11,,13,,1,21,121.5680524,25.0652638
113,10,26,17,43,2,10文山區,文山區三福街3巷與三福街5巷口,0,0,1,1,C03,8,5,5,30,5,1,1,5,4,5,13,4,4,10,5,5,2,16,1,53,2,8,5,1,7,5,1,10,1,12,,8,,1,21,121.5414861,24.9959622
113,10,26,17,43,2,10文山區,文山區三福街3巷與三福街5巷口,0,0,1,2,B02,8,5,5,30,5,1,1,5,4,5,13,4,4,10,5,5,2,16,1,57,3,10,7,1,7,9,1,4,1,8,,14,,1,21,121.5414861,24.9959622
113,10,26,18,11,2,07信義區,信義區松平路30巷3號,0,0,2,1,C03,7,5,8,30,14,9,1,5,4,5,13,4,4,10,5,5,2,15,1,41,2,8,3,4,7,9,1,10,1,11,,44,,1,22,121.5635488,25.029959
113,10,26,18,11,2,07信義區,信義區松平路30巷3號,0,0,2,2,F01,7,5,8,30,14,9,1,5,4,5,13,4,4,10,5,5,2,15,2,55,2,9,3,4,7,9,8,20,1,14,,19,,1,22,121.5635488,25.029959
113,10,26,18,35,2,12內湖區,內湖區內湖路2段300號,0,0,1,1,B03,8,6,5,50,14,9,1,5,4,5,13,4,4,5,5,5,2,17,1,37,3,10,7,1,7,11,1,8,1,8,,10,,1,21,121.5867016,25.0811546
113,10,26,18,35,2,12內湖區,內湖區內湖路2段300號,0,0,1,2,C03,8,6,5,50,14,9,1,5,4,5,13,4,4,5,5,5,2,17,1,42,2,8,6,1,7,9,1,10,1,12,,44,,1,21,121.5867016,25.0811546
113,10,26,18,40,2,08士林區,士林區至誠路1段136巷與至誠路1段口,0,0,2,1,C03,7,6,8,50,3,2,1,5,4,5,13,4,4,9,4,5,1,15,1,20,2,9,3,4,7,21,1,10,1,15,,44,,1,21,121.5349592,25.1014779
113,10,26,18,40,2,08士林區,士林區至誠路1段136巷與至誠路1段口,0,0,2,2,F01,7,6,8,50,3,2,1,5,4,5,13,4,4,9,4,5,1,15,2,27,2,9,3,4,7,1,8,20,1,13,,19,,1,21,121.5349592,25.1014779
113,10,26,19,3,2,10文山區,文山區興隆路2段與興隆路2段220巷口口,0,0,1,1,C03,8,5,5,50,4,1,1,5,4,5,13,2,1,1,4,5,2,16,2,75,2,9,6,1,7,5,1,10,1,14,,8,,1,21,121.5526633,25.0015543
113,10,26,19,3,2,10文山區,文山區興隆路2段與興隆路2段220巷口口,0,0,1,2,C03,8,5,5,50,4,1,1,5,4,5,13,2,1,1,4,5,2,16,1,20,3,10,6,1,7,9,1,10,1,11,,44,,1,21,121.5526633,25.0015543
113,10,26,19,27,2,02萬華區,萬華區環河南路1段與成都路口,0,0,2,1,B12,7,5,5,50,3,1,1,5,4,5,13,4,4,8,3,5,2,16,1,29,3,10,3,4,7,6,1,8,1,2,,44,,1,22,121.5011844,25.04457556
113,10,26,19,27,2,02萬華區,萬華區環河南路1段與成都路口,0,0,2,2,C03,7,5,5,50,3,1,1,5,4,5,13,4,4,8,3,5,2,16,1,24,2,9,5,4,7,9,1,10,1,14,,44,,1,22,121.5011844,25.04457556
113,10,26,19,27,2,02萬華區,萬華區環河南路1段與成都路口,0,0,2,3,H02,7,5,5,50,3,1,1,5,4,5,13,4,4,8,3,5,2,16,2,24,2,9,5,5,7,20,8,20,10,16,,67,,1,22,121.5011844,25.04457556
113,10,26,19,47,2,03中山區,中山區龍江路384巷與龍江路口,0,0,1,1,C03,8,5,5,30,4,2,1,5,4,5,13,4,4,9,4,5,2,17,1,42,3,10,6,1,7,15,1,10,1,13,,101,,1,21,121.5409839,25.0668087
113,10,26,19,47,2,03中山區,中山區龍江路384巷與龍江路口,0,0,1,2,C03,8,5,5,30,4,2,1,5,4,5,13,4,4,9,4,5,2,17,1,34,2,8,6,1,7,6,1,9,1,11,,44,,1,21,121.5409839,25.0668087
113,10,26,20,26,2,09北投區,北投區三合街1段與三合街1段118巷口,0,0,1,2,B02,7,5,5,30,14,9,1,5,4,5,13,3,1,9,4,5,2,16,1,53,3,10,7,1,7,5,1,8,1,8,,8,,1,21,121.504101,25.12693525
113,10,26,20,26,2,09北投區,北投區三合街1段與三合街1段118巷口,0,0,1,1,C03,7,5,5,30,14,9,1,5,4,5,13,3,1,9,4,5,2,16,2,47,3,10,6,1,7,9,1,10,1,11,,44,,1,21,121.504101,25.12693525
113,10,26,20,26,2,09北投區,北投區三合街1段與三合街1段118巷口,0,0,1,3,H02,7,5,5,30,14,9,1,5,4,5,13,3,1,9,4,5,2,16,2,13,2,8,6,5,7,20,8,20,10,16,,67,,1,21,121.504101,25.12693525
113,10,26,21,2,2,08士林區,士林區中山北路6段405巷與磺溪便道口,0,0,1,1,B01,7,5,5,30,4,1,1,5,4,5,13,4,4,1,5,5,2,17,1,60,3,10,3,4,7,9,1,2,2,8,,101,,1,21,121.5257249,25.1136662
113,10,26,21,2,2,08士林區,士林區中山北路6段405巷與磺溪便道口,0,0,1,2,C03,7,5,5,30,4,1,1,5,4,5,13,4,4,1,5,5,2,17,1,32,2,9,6,4,7,9,1,10,2,13,,44,,1,21,121.5257249,25.1136662
113,10,26,21,23,2,10文山區,文山區木柵路4段與木柵路4段149巷口,0,0,1,1,B03,8,5,5,50,3,1,1,5,4,5,13,1,1,10,5,5,2,17,2,47,3,10,7,1,7,11,1,8,1,4,,10,,1,21,121.5750808,24.9987754
113,10,26,21,23,2,10文山區,文山區木柵路4段與木柵路4段149巷口,0,0,1,2,C03,8,5,5,50,3,1,1,5,4,5,13,1,1,10,5,5,2,17,2,22,2,9,5,1,7,9,1,10,1,11,,42,,1,21,121.5750808,24.9987754
113,10,26,22,36,2,12內湖區,內湖區金莊路91巷內,0,0,1,1,F01,8,5,5,50,14,9,1,5,4,5,13,4,4,9,5,5,2,18,1,42,2,9,4,1,7,9,8,20,2,11,,42,,1,21,121.5884848,25.0636593
113,10,26,22,36,2,12內湖區,內湖區金莊路91巷內,0,0,1,2,,8,5,5,50,14,9,1,5,4,5,13,4,4,9,5,5,2,18,3,0,,,,,,,,,,,,67,,1,,121.5884848,25.0636593
113,10,26,22,37,2,03中山區,中山區市民大道3段137號,0,0,1,1,B01,8,5,5,40,14,9,1,5,4,5,13,4,4,10,4,5,2,16,1,55,3,10,7,1,7,6,1,4,1,6,,101,,1,21,121.5375221,25.0448275
113,10,26,22,37,2,03中山區,中山區市民大道3段137號,0,0,1,2,C03,8,5,5,40,14,9,1,5,4,5,13,4,4,10,4,5,2,16,1,22,2,9,3,1,7,9,1,10,1,14,,44,,1,22,121.5375221,25.0448275
113,10,26,23,20,2,04大安區,大安區敦化南路1段270巷與仁愛路4段71巷口,0,0,3,1,B01,8,5,5,30,4,1,1,5,4,5,13,4,4,10,5,5,2,15,1,66,2,2,7,1,7,9,1,4,1,1,,44,,1,21,121.5471403,25.0389733
113,10,26,23,20,2,04大安區,大安區敦化南路1段270巷與仁愛路4段71巷口,0,0,3,2,C03,8,5,5,30,4,1,1,5,4,5,13,4,4,10,5,5,2,15,1,33,2,9,6,1,7,9,1,10,1,12,,44,,1,21,121.5471403,25.0389733
113,10,26,23,20,2,04大安區,大安區敦化南路1段270巷與仁愛路4段71巷口,0,0,3,3,H02,8,5,5,30,4,1,1,5,4,5,13,4,4,10,5,5,2,15,1,33,2,9,6,5,7,21,8,20,10,16,,67,,1,21,121.5471403,25.0389733
113,10,26,23,50,2,12內湖區,內湖區民權東路6段20號前,0,0,1,1,B03,8,5,5,50,14,9,1,5,4,5,13,4,4,10,5,5,2,16,1,49,4,11,3,4,7,5,1,8,11,2,,8,,1,21,121.5786598,25.06629594
113,10,26,23,50,2,12內湖區,內湖區民權東路6段20號前,0,0,1,2,C03,8,5,5,50,14,9,1,5,4,5,13,4,4,10,5,5,2,16,1,31,2,8,6,1,7,9,1,10,11,11,,44,,1,21,121.5786598,25.06629594
113,10,27,3,14,2,03中山區,中山區雙城街與民權東路1段口,0,0,2,1,B01,8,5,5,50,3,1,1,5,4,5,13,3,1,1,4,5,2,13,1,49,3,10,7,1,7,6,1,3,1,6,,9,,1,21,121.5243972,25.0628444
113,10,27,3,14,2,03中山區,中山區雙城街與民權東路1段口,0,0,2,2,C03,8,5,5,50,3,1,1,5,4,5,13,3,1,1,4,5,2,13,1,18,2,7,6,1,7,9,3,18,1,11,,13,,1,21,121.5243972,25.0628444
113,10,27,3,14,2,03中山區,中山區雙城街與民權東路1段口,0,0,2,3,H02,8,5,5,50,3,1,1,5,4,5,13,3,1,1,4,5,2,13,1,14,2,7,6,5,7,20,8,20,10,16,,67,,1,21,121.5243972,25.0628444
113,10,27,4,0,2,07信義區,(松壽路18號旁),0,0,1,1,E03,8,5,5,30,14,9,1,5,4,5,13,4,4,9,4,5,2,9,1,23,3,10,7,1,7,9,1,8,2,2,,42,,1,23,121.5664341,25.0355792
113,10,27,4,0,2,07信義區,(松壽路18號旁),0,0,1,2,H01,8,5,5,30,14,9,1,5,4,5,13,4,4,9,4,5,2,9,1,43,2,8,4,5,8,17,8,20,10,16,,67,,1,22,121.5664341,25.0355792
113,10,27,4,48,2,10文山區,文山區木柵路4段15號,0,0,1,2,B03,7,5,5,50,14,9,1,5,4,5,13,1,1,5,4,5,2,13,1,56,3,10,3,4,7,9,1,8,2,3,,44,,1,21,121.5713582,24.9927718
113,10,27,4,48,2,10文山區,文山區木柵路4段15號,0,0,1,1,B03,7,5,5,50,14,9,1,5,4,5,13,1,1,5,4,5,2,13,1,29,2,9,3,4,7,9,3,18,2,1,,16,,1,21,121.5713582,24.9927718
113,10,27,6,25,2,01大同區,大同區重慶北路3段與民族西路口口,0,0,1,1,B03,8,6,5,50,4,1,1,5,4,5,13,2,1,1,2,5,2,16,1,37,4,11,3,4,7,6,7,19,11,5,,9,,2,21,121.5136286,25.0687401
113,10,27,6,25,2,01大同區,大同區重慶北路3段與民族西路口口,0,0,1,2,C03,8,6,5,50,4,1,1,5,4,5,13,2,1,1,2,5,2,16,1,19,2,9,6,1,7,9,1,10,1,14,,44,,1,21,121.5136286,25.0687401
113,10,27,9,9,2,08士林區,士林區中山北路6段800號美國學校,0,0,2,1,C03,8,5,5,50,14,9,1,5,4,5,13,4,4,3,4,5,2,16,1,84,2,9,5,1,7,7,1,10,1,11,,100,,1,21,121.5295718,25.117588
113,10,27,9,9,2,08士林區,士林區中山北路6段800號美國學校,0,0,2,2,C03,8,5,5,50,14,9,1,5,4,5,13,4,4,3,4,5,2,16,1,32,2,9,5,1,7,9,1,10,1,11,,13,,1,21,121.5295718,25.117588
113,10,27,9,41,2,09北投區,北投區磺港路與公館路口,0,0,1,1,B03,8,7,5,30,4,2,1,5,4,5,13,1,1,5,5,5,2,3,1,59,3,10,7,1,7,5,1,8,9,1,,70,,1,22,121.5029874,25.122696
113,10,27,9,41,2,09北投區,北投區磺港路與公館路口,0,0,1,2,H01,8,7,5,30,4,2,1,5,4,5,13,1,1,5,5,5,2,3,1,50,2,9,4,5,8,16,8,20,10,16,,67,,1,22,121.5029874,25.122696
113,10,27,9,44,2,06松山區,松山區民權東路3段191巷31弄與民權東路3段103巷5弄口,0,0,1,1,B03,7,6,8,30,4,1,1,5,4,5,13,4,4,4,5,5,2,17,1,50,3,10,7,1,7,1,1,8,1,1,,19,,1,21,121.5467741,25.06283175
113,10,27,9,44,2,06松山區,松山區民權東路3段191巷31弄與民權東路3段103巷5弄口,0,0,1,2,C03,7,6,8,30,4,1,1,5,4,5,13,4,4,4,5,5,2,17,2,46,2,9,6,1,7,9,1,10,1,14,,13,,1,21,121.5467741,25.06283175
113,10,27,10,15,2,04大安區,大安區建國南路1段延平中學,0,0,3,1,C03,7,5,5,50,22,9,1,5,4,5,13,4,4,1,4,5,2,17,1,54,2,9,5,1,7,9,1,10,1,12,,17,,1,21,121.5382602,25.0367066
113,10,27,10,15,2,04大安區,大安區建國南路1段延平中學,0,0,3,2,C03,7,5,5,50,22,9,1,5,4,5,13,4,4,1,4,5,2,17,1,58,2,9,5,1,7,9,1,10,1,12,,44,,1,21,121.5382602,25.0367066
113,10,27,10,15,2,04大安區,大安區建國南路1段延平中學,0,0,3,3,H02,7,5,5,50,22,9,1,5,4,5,13,4,4,1,4,5,2,17,2,56,2,9,5,5,7,20,8,20,10,16,,67,,1,21,121.5382602,25.0367066
113,10,27,10,17,2,01大同區,大同區堤外自行車專用道(台北橋下),0,0,2,1,F01,8,7,7,0,14,23,1,5,4,5,13,4,4,9,5,5,2,16,1,8,2,9,4,4,7,5,8,20,1,11,,8,,1,14,121.5085608,25.06355612
113,10,27,10,17,2,01大同區,大同區堤外自行車專用道(台北橋下),0,0,2,2,F01,8,7,7,0,14,23,1,5,4,5,13,4,4,9,5,5,2,16,1,20,2,9,4,4,7,9,8,20,1,11,,44,,1,22,121.5085608,25.06355612
113,10,27,10,22,2,11南港區,南港區大坑街與弘道橋口,0,0,1,1,F01,8,7,5,50,3,2,1,5,4,5,13,4,4,5,4,5,2,16,2,82,2,9,3,4,7,5,8,20,1,14,,8,,1,21,121.6163599,25.0487481
113,10,27,10,22,2,11南港區,南港區大坑街與弘道橋口,0,0,1,2,B03,8,7,5,50,3,2,1,5,4,5,13,4,4,5,4,5,2,16,1,44,3,10,3,4,7,6,1,8,1,4,,80,,1,21,121.6163599,25.0487481
113,10,27,10,22,2,11南港區,南港區大坑街與弘道橋口,0,0,1,3,C03,8,7,5,50,3,2,1,5,4,5,13,4,4,5,4,5,2,16,2,53,3,10,3,4,7,9,1,10,1,11,,107,,1,21,121.6163599,25.0487481
113,10,27,10,50,2,04大安區,大安區和平東路1段與羅斯福路2段口,0,0,2,1,C03,8,6,5,50,5,1,1,5,4,5,13,1,1,8,3,5,2,12,2,49,2,9,3,4,7,9,1,10,1,14,,42,,1,21,121.5226294,25.0270041
113,10,27,10,50,2,04大安區,大安區和平東路1段與羅斯福路2段口,0,0,2,2,C03,8,6,5,50,5,1,1,5,4,5,13,1,1,8,3,5,2,12,2,24,2,9,3,4,7,9,1,11,1,12,,44,,1,21,121.5226294,25.0270041
113,10,27,11,0,2,05中正區,中正區重慶南路1段130號,0,0,2,1,H01,8,7,5,50,14,9,1,5,4,5,13,4,4,5,4,5,2,3,1,49,2,9,4,5,8,16,8,20,10,16,,121,,1,21,121.5125729,25.0369954
113,10,27,11,0,2,05中正區,中正區重慶南路1段130號,0,0,2,2,C03,8,7,5,50,14,9,1,5,4,5,13,4,4,5,4,5,2,3,1,29,2,9,5,1,7,9,1,10,2,11,,108,,1,21,121.5125729,25.0369954
113,10,27,11,15,2,10文山區,文山區興隆路2段233巷5弄與興隆路2段217巷6弄口,0,0,1,1,C03,8,6,5,30,3,1,1,5,4,5,13,4,4,10,5,5,2,16,1,42,2,9,6,1,7,6,1,10,1,14,,72,,1,22,121.5504228,25.00228
113,10,27,11,15,2,10文山區,文山區興隆路2段233巷5弄與興隆路2段217巷6弄口,0,0,1,2,B03,8,6,5,30,3,1,1,5,4,5,13,4,4,10,5,5,2,16,2,29,3,10,7,1,7,9,1,8,1,5,,44,,1,22,121.5504228,25.00228
113,10,27,11,42,2,03中山區,中山區復興北路與長安東路2段口,0,0,1,1,B01,8,6,5,50,4,2,1,5,4,5,13,1,1,1,4,4,2,11,1,59,3,10,7,1,7,9,1,4,2,5,,17,,1,21,121.5438903,25.048413
113,10,27,11,42,2,03中山區,中山區復興北路與長安東路2段口,0,0,1,2,C03,8,6,5,50,4,2,1,5,4,5,13,1,1,1,4,4,2,11,1,64,2,9,5,1,7,9,1,10,2,14,,44,,1,21,121.5438903,25.048413
113,10,27,12,46,2,03中山區,中山區市民大道3段與八德路2段口,0,0,1,1,B03,8,6,5,40,14,8,1,5,4,5,13,4,4,1,5,5,1,12,2,41,3,10,3,4,7,9,1,8,2,6,,44,,1,21,121.5345677,25.04514902
113,10,27,12,46,2,03中山區,中山區市民大道3段與八德路2段口,0,0,1,2,C03,8,6,5,40,14,8,1,5,4,5,13,4,4,1,5,5,1,12,1,64,2,9,3,4,7,9,1,10,2,14,,101,,1,21,121.5345677,25.04514902
113,10,27,12,47,2,05中正區,中正區中山南路與愛國西路口,0,0,1,1,C03,8,6,5,50,4,1,1,5,4,5,13,1,1,1,4,5,2,17,1,28,2,9,6,1,7,9,1,9,2,11,,42,,1,21,121.5164625,25.0351394
113,10,27,12,47,2,05中正區,中正區中山南路與愛國西路口,0,0,1,2,B03,8,6,5,50,4,1,1,5,4,5,13,1,1,1,4,5,2,17,1,59,3,10,7,1,7,9,1,8,2,7,,44,,1,21,121.5164625,25.0351394
113,10,27,13,36,2,03中山區,中山區林森北路與新生北路2段62巷口,0,0,1,1,B03,8,6,5,50,5,2,1,5,4,5,13,2,1,8,3,5,1,1,2,47,3,10,7,1,7,5,1,8,1,8,,70,,1,21,121.5254934,25.05625715
113,10,27,13,36,2,03中山區,中山區林森北路與新生北路2段62巷口,0,0,1,2,H01,8,6,5,50,5,2,1,5,4,5,13,2,1,8,3,5,1,1,2,70,2,9,4,5,8,16,8,20,10,16,,67,,1,21,121.5254934,25.05625715
113,10,27,14,52,2,05中正區,中正區羅斯福路1段4號,0,0,1,1,A02,7,7,5,30,14,9,1,5,4,5,13,4,4,1,4,5,2,9,1,30,3,10,7,1,7,14,1,1,2,17,,44,,1,22,121.5176435,25.0333677
113,10,27,14,52,2,05中正區,中正區羅斯福路1段4號,0,0,1,2,H02,7,7,5,30,14,9,1,5,4,5,13,4,4,1,4,5,2,9,1,77,2,1,2,5,7,19,8,20,10,16,,56,,1,22,121.5176435,25.0333677
113,10,27,15,5,2,03中山區,中山區建國北路2段7號,0,0,1,1,B02,8,7,5,50,14,9,1,5,4,5,13,4,4,1,4,5,2,12,1,22,3,10,7,1,7,9,1,8,2,1,,108,,1,21,121.5370988,25.0536139
113,10,27,15,5,2,03中山區,中山區建國北路2段7號,0,0,1,2,B03,8,7,5,50,14,9,1,5,4,5,13,4,4,1,4,5,2,12,1,39,2,2,7,1,7,9,1,8,2,3,,44,,1,21,121.5370988,25.0536139
113,10,27,16,10,2,05中正區,中正區中華路1段與長沙街1段口,0,0,1,1,C03,8,6,5,50,4,1,1,5,4,5,13,1,1,10,5,5,2,16,1,19,3,10,6,4,7,5,1,10,2,11,,8,,1,22,121.5080527,25.04062735
113,10,27,16,10,2,05中正區,中正區中華路1段與長沙街1段口,0,0,1,2,F01,8,6,5,50,4,1,1,5,4,5,13,1,1,10,5,5,2,16,1,74,2,9,4,4,7,11,8,20,2,13,,11,,1,22,121.5080527,25.04062735
113,10,27,16,10,2,07信義區,信義區大道路與忠孝東路5段790巷24弄口,0,0,2,1,C03,8,6,5,30,4,1,1,5,4,5,13,4,4,9,4,5,2,15,1,64,2,9,6,1,7,9,1,10,2,11,,72,,1,21,121.5819164,25.0419379
113,10,27,16,10,2,07信義區,信義區大道路與忠孝東路5段790巷24弄口,0,0,2,2,C03,8,6,5,30,4,1,1,5,4,5,13,4,4,9,4,5,2,15,1,59,2,9,5,1,7,9,3,18,8,12,,74,,1,21,121.5819164,25.0419379
113,10,27,17,47,2,08士林區,士林區格致路與凱旋路口,0,0,1,1,B03,6,5,5,40,3,1,1,4,4,5,13,4,4,5,5,5,2,17,1,38,3,10,3,4,7,5,1,8,1,1,,74,,1,21,121.5463647,25.1369653
113,10,27,17,47,2,08士林區,士林區格致路與凱旋路口,0,0,1,2,C03,6,5,5,40,3,1,1,4,4,5,13,4,4,5,5,5,2,17,1,20,2,7,6,4,7,9,1,10,1,11,,44,,1,21,121.5463647,25.1369653
113,10,27,17,53,2,12內湖區,內湖區民權東路6段326號前,0,0,1,1,C03,7,5,5,30,3,2,1,5,4,5,13,4,4,10,5,5,2,18,1,27,2,9,6,1,7,15,1,10,1,14,,118,,1,21,121.6058339,25.0724108
113,10,27,17,53,2,12內湖區,內湖區民權東路6段326號前,0,0,1,2,,7,5,5,30,3,2,1,5,4,5,13,4,4,10,5,5,2,18,3,0,,,,,,,,,,,,67,,1,,121.6058339,25.0724108
113,10,27,18,5,2,05中正區,中正區中山南路與凱達格蘭大道口,0,0,1,1,C03,7,5,5,50,5,1,1,5,4,5,13,1,1,1,4,5,2,17,1,48,2,9,5,1,7,9,1,9,2,14,,81,,1,23,121.5174848,25.0393866
113,10,27,18,5,2,05中正區,中正區中山南路與凱達格蘭大道口,0,0,1,2,C03,7,5,5,50,5,1,1,5,4,5,13,1,1,1,4,5,2,17,1,61,3,10,5,1,7,15,1,10,2,17,,81,,1,21,121.5174848,25.0393866
113,10,27,19,4,2,04大安區,大安區辛亥路2段與建國南路2段口,0,0,1,1,B03,7,5,5,50,3,1,1,5,4,5,13,2,1,1,4,4,2,12,2,25,3,10,3,4,7,9,1,8,1,8,,101,,1,22,121.5377752,25.0230227
113,10,27,19,4,2,04大安區,大安區辛亥路2段與建國南路2段口,0,0,1,2,B03,7,5,5,50,3,1,1,5,4,5,13,2,1,1,4,4,2,12,1,36,2,1,3,4,7,9,1,8,1,6,,44,,1,22,121.5377752,25.0230227
113,10,27,19,20,2,03中山區,中山區北安路圓環往自強隧道,0,0,1,1,B03,7,5,5,50,18,9,1,5,4,5,13,1,1,1,4,5,2,17,1,59,3,10,7,1,7,9,1,8,1,4,,17,,1,21,121.5504011,25.0861914
113,10,27,19,20,2,03中山區,中山區北安路圓環往自強隧道,0,0,1,2,C03,7,5,5,50,18,9,1,5,4,5,13,1,1,1,4,5,2,17,1,44,2,9,5,1,7,15,1,10,1,13,,17,,1,21,121.5504011,25.0861914
113,10,27,19,50,2,12內湖區,內湖區康樂街91號,0,0,1,1,C03,6,5,5,50,14,9,1,4,4,5,13,4,4,9,5,5,2,17,1,20,3,10,5,1,7,11,1,10,1,17,,10,,1,21,121.6188776,25.0699142
113,10,27,19,50,2,12內湖區,內湖區康樂街91號,0,0,1,2,C03,6,5,5,50,14,9,1,4,4,5,13,4,4,9,5,5,2,17,2,27,2,9,5,1,7,9,1,10,1,12,,44,,1,21,121.6188776,25.0699142
113,10,27,20,0,2,01大同區,大同區鄭州路與西寧北路口,0,0,1,1,B03,7,5,5,40,4,2,1,5,4,5,13,2,1,1,4,5,2,17,1,20,3,10,3,4,7,9,1,8,1,5,,99,,1,21,121.508172,25.0505826
113,10,27,20,0,2,01大同區,大同區鄭州路與西寧北路口,0,0,1,2,C03,7,5,5,40,4,2,1,5,4,5,13,2,1,1,4,5,2,17,1,18,2,9,3,4,7,5,1,10,1,14,,103,,1,21,121.508172,25.0505826
113,10,27,21,1,2,10文山區,文山區辛亥路7段與光輝路21巷口口,0,0,1,1,B03,7,5,5,50,3,1,1,5,4,5,13,1,1,10,5,4,2,16,1,43,3,10,3,4,7,5,1,8,2,2,,71,,1,22,121.5538598,24.9855388
113,10,27,21,1,2,10文山區,文山區辛亥路7段與光輝路21巷口口,0,0,1,2,C03,7,5,5,50,3,1,1,5,4,5,13,1,1,10,5,4,2,16,1,23,2,9,5,4,7,9,1,10,2,11,,44,,1,22,121.5538598,24.9855388
113,10,27,21,10,2,04大安區,大安區市民大道4段與敦化南路1段口,0,0,1,1,B03,7,5,5,40,4,1,1,4,4,5,13,2,1,1,4,5,2,16,1,36,3,10,3,4,7,6,1,8,1,5,,9,,1,21,121.5486074,25.0447713
113,10,27,21,10,2,04大安區,大安區市民大道4段與敦化南路1段口,0,0,1,2,C03,7,5,5,40,4,1,1,4,4,5,13,2,1,1,4,5,2,16,1,21,2,9,6,4,7,9,1,10,1,14,,44,,1,21,121.5486074,25.0447713
113,10,27,21,57,2,09北投區,北投區尊賢街302巷與吉利街142巷口,0,0,1,1,C03,6,5,8,30,4,1,1,4,4,5,13,4,4,10,5,5,2,17,1,39,2,3,6,1,7,9,1,10,2,11,,72,,1,22,121.5078313,25.1181306
113,10,27,21,57,2,09北投區,北投區尊賢街302巷與吉利街142巷口,0,0,1,2,B03,6,5,8,30,4,1,1,4,4,5,13,4,4,10,5,5,2,17,1,60,3,10,7,1,7,9,1,8,2,5,,44,,1,22,121.5078313,25.1181306
113,10,27,22,30,2,06松山區,松山區撫遠街與塔悠路口,0,0,1,1,B03,6,6,5,40,3,1,1,4,4,5,13,1,1,1,4,5,1,17,1,65,3,10,7,1,7,6,1,8,1,2,,9,,1,21,121.5681459,25.0683334
113,10,27,22,30,2,06松山區,松山區撫遠街與塔悠路口,0,0,1,2,C03,6,6,5,40,3,1,1,4,4,5,13,1,1,1,4,5,1,17,2,58,2,9,5,1,7,9,1,10,1,14,,44,,1,21,121.5681459,25.0683334
113,10,27,22,37,2,03中山區,中山區中山北路3段與民族西路口,0,0,1,1,B03,7,5,5,50,4,2,1,5,4,5,13,2,1,5,4,1,2,13,2,39,3,10,7,1,7,9,3,18,7,1,,21,,1,21,121.5228556,25.0687643