發生年度,發生月,發生日,發生時-Hours,發生分,處理別-編號,區序,肇事地點,死亡人數,2-30日死亡人數,受傷人數,當事人序號,車種,天候,道路照明設備,道路類別,速限-速度限制,道路型態,事故位置,路面狀況1,路面狀況2,路面狀況3,道路障礙1,道路障礙2,號誌1,號誌2,車道劃分-分向,車道劃分-分道1,車道劃分-分道2,車道劃分-分道3,事故類型及型態,性別,年齡,受傷程度,主要傷處,保護裝置,行動電話,車輛用途,當事者行動狀態,駕駛資格情形,駕駛執照種類,飲酒情形,車輛撞擊部位1,車輛撞擊部位2,肇因碼-個別,肇因碼-主要,個人肇逃否,職業,座標-X,座標-Y
113,10,27,22,37,2,03中山區,中山區中山北路3段與民族西路口,0,0,1,2,C03,7,5,5,50,4,2,1,5,4,5,13,2,1,5,4,1,2,13,1,24,2,5,6,1,7,14,1,10,2,13,,44,,1,21,121.5228556,25.0687643
113,10,27,22,37,2,03中山區,中山區中山北路3段與民族西路口,0,0,1,3,C03,7,5,5,50,4,2,1,5,4,5,13,2,1,5,4,1,2,13,1,24,3,10,6,1,7,14,1,10,2,13,,44,,1,21,121.5228556,25.0687643
113,10,28,0,21,2,12內湖區,內湖區成功路2段與民權東路6段口,0,0,1,1,B02,6,5,5,50,4,2,1,4,4,5,13,1,1,3,4,5,2,13,2,45,4,11,3,4,7,21,1,8,9,15,,44,,2,21,121.5911372,25.0689625
113,10,28,0,21,2,12內湖區,內湖區成功路2段與民權東路6段口,0,0,1,2,C03,6,5,5,50,4,2,1,4,4,5,13,1,1,3,4,5,2,13,1,25,2,9,5,1,7,14,1,10,2,13,,44,,1,21,121.5911372,25.0689625
113,10,28,6,55,2,05中正區,中正區汀州路3段131號前,0,0,1,1,C03,6,7,5,50,3,18,1,4,4,5,13,4,4,5,5,5,2,3,1,67,4,11,3,1,7,9,1,10,11,11,,70,,2,22,121.5307455,25.0161467
113,10,28,6,55,2,05中正區,中正區汀州路3段131號前,0,0,1,2,H01,6,7,5,50,3,18,1,4,4,5,13,4,4,5,5,5,2,3,2,66,2,1,4,5,8,16,8,20,10,16,,67,,1,22,121.5307455,25.0161467
113,10,28,7,0,2,03中山區,中山區民族東路516號,0,0,1,1,B13,8,7,5,50,14,9,1,5,4,5,13,4,4,9,5,5,2,17,1,56,3,10,7,1,7,9,1,8,1,2,,17,,1,21,121.5423885,25.06775944
113,10,28,7,0,2,03中山區,中山區民族東路516號,0,0,1,2,C03,8,7,5,50,14,9,1,5,4,5,13,4,4,9,5,5,2,17,2,69,2,9,5,1,7,9,3,18,1,14,,44,,1,21,121.5423885,25.06775944
113,10,28,7,35,2,12內湖區,內湖區康湖路東向西,0,0,1,1,B03,7,6,5,50,14,9,1,4,4,5,13,4,4,5,4,5,2,12,1,61,3,10,3,4,7,8,1,8,2,17,,100,,1,22,121.6140294,25.0780099
113,10,28,7,35,2,12內湖區,內湖區康湖路東向西,0,0,1,2,C03,7,6,5,50,14,9,1,4,4,5,13,4,4,5,4,5,2,12,1,22,2,9,6,1,7,9,1,10,2,17,,44,,1,22,121.6140294,25.0780099
113,10,28,7,36,2,10文山區,文山區景華街與景華街3巷口,0,0,2,1,C03,6,6,5,30,4,1,1,4,4,5,13,3,1,10,5,5,2,17,1,21,2,9,6,1,7,9,1,10,1,14,,80,,1,21,121.5415887,24.9949415
113,10,28,7,36,2,10文山區,文山區景華街與景華街3巷口,0,0,2,2,C03,6,6,5,30,4,1,1,4,4,5,13,3,1,10,5,5,2,17,2,40,2,8,6,1,7,9,1,10,1,14,,44,,1,21,121.5415887,24.9949415
113,10,28,8,9,2,04大安區,大安區八德路2段與新生南路1段口,0,0,1,1,C03,7,7,5,50,14,9,1,4,4,5,13,4,4,8,3,5,1,12,1,50,2,7,5,1,7,9,1,10,1,11,,108,,1,26,121.5332371,25.0444104
113,10,28,8,9,2,04大安區,大安區八德路2段與新生南路1段口,0,0,1,2,B01,7,7,5,50,14,9,1,4,4,5,13,4,4,8,3,5,1,12,1,63,3,10,7,1,7,14,1,4,1,7,,44,,1,26,121.5332371,25.0444104
113,10,28,8,13,2,12內湖區,內湖區康寧路3段56巷與民權東路6段296巷口,0,0,1,1,B03,6,6,5,30,3,1,1,4,4,5,13,4,4,10,5,5,2,16,2,47,3,10,7,1,7,5,1,8,1,1,,72,,1,21,121.6094248,25.0697835
113,10,28,8,13,2,12內湖區,內湖區康寧路3段56巷與民權東路6段296巷口,0,0,1,2,C03,6,6,5,30,3,1,1,4,4,5,13,4,4,10,5,5,2,16,2,23,2,1,5,1,7,9,1,10,1,11,,42,,1,21,121.6094248,25.0697835
113,10,28,8,20,2,10文山區,文山區萬壽路36號與指南路2段197巷口,0,0,2,1,C03,7,5,5,30,3,1,1,4,4,5,13,4,4,10,5,5,1,17,1,23,2,7,6,1,7,5,1,10,1,12,,8,,1,21,121.5777475,24.98805478
113,10,28,8,20,2,10文山區,文山區萬壽路36號與指南路2段197巷口,0,0,2,2,C03,7,5,5,30,3,1,1,4,4,5,13,4,4,10,5,5,1,17,2,37,2,9,5,1,7,9,1,10,1,11,,44,,1,21,121.5777475,24.98805478
113,10,28,8,40,2,09北投區,北投區泉源路與中和街口,0,0,1,1,C03,7,7,5,30,4,2,1,5,4,5,13,2,1,4,3,5,2,18,1,30,2,7,5,1,7,9,1,10,9,12,,118,,1,22,121.5039244,25.1373706
113,10,28,8,40,2,09北投區,北投區泉源路與中和街口,0,0,1,2,,7,7,5,30,4,2,1,5,4,5,13,2,1,4,3,5,2,18,3,0,,,,,,,,,,,,67,,1,,121.5039244,25.1373706
113,10,28,8,48,2,12內湖區,內湖區瑞光路76巷與瑞光路112巷口,0,0,1,1,A12,7,6,6,50,4,1,1,4,4,5,13,2,1,5,5,5,2,12,1,34,3,10,3,4,7,11,1,8,1,8,,10,,1,22,121.5803939,25.0704213
113,10,28,8,48,2,12內湖區,內湖區瑞光路76巷與瑞光路112巷口,0,0,1,2,C03,7,6,6,50,4,1,1,4,4,5,13,2,1,5,5,5,2,12,1,55,2,9,6,1,7,9,1,10,1,11,,14,,1,22,121.5803939,25.0704213
113,10,28,8,48,2,12內湖區,內湖區瑞光路76巷與瑞光路112巷口,0,0,1,3,A11,7,6,6,50,4,1,1,4,4,5,13,2,1,5,5,5,2,12,1,58,3,10,3,4,7,6,1,3,9,10,,9,,1,26,121.5803939,25.0704213
113,10,28,8,54,2,02萬華區,萬華區艋舺大道120巷38弄與艋舺大道120巷口,0,0,2,1,C03,7,6,5,30,4,2,1,4,4,5,13,4,4,10,5,5,2,17,1,65,3,10,6,1,7,6,1,10,1,14,,44,,1,21,121.5022324,25.03187949
113,10,28,8,54,2,02萬華區,萬華區艋舺大道120巷38弄與艋舺大道120巷口,0,0,2,2,C03,7,6,5,30,4,2,1,4,4,5,13,4,4,10,5,5,2,17,2,42,2,9,6,1,7,9,1,10,1,12,,44,,1,21,121.5022324,25.03187949
113,10,28,8,54,2,02萬華區,萬華區艋舺大道120巷38弄與艋舺大道120巷口,0,0,2,3,H02,7,6,5,30,4,2,1,4,4,5,13,4,4,10,5,5,2,17,1,4,2,8,6,5,7,20,8,20,10,16,,67,,1,21,121.5022324,25.03187949
113,10,28,9,0,2,08士林區,士林區中正路與福林路口,0,0,1,1,C03,7,6,5,50,5,1,1,5,4,5,13,2,1,3,4,5,2,17,1,20,2,9,3,4,7,7,1,10,1,14,,101,,1,21,121.5323161,25.0965632
113,10,28,9,0,2,08士林區,士林區中正路與福林路口,0,0,1,2,B01,7,6,5,50,5,1,1,5,4,5,13,2,1,3,4,5,2,17,1,57,3,10,3,4,7,9,1,10,1,6,,17,,1,21,121.5323161,25.0965632
113,10,28,9,15,2,12內湖區,內湖區成功路3段174巷15號,0,0,1,1,B03,7,7,5,50,14,9,1,4,4,5,13,4,4,4,5,5,1,17,1,62,3,10,7,1,7,6,1,8,1,2,,9,,1,21,121.5906421,25.0811812
113,10,28,9,15,2,12內湖區,內湖區成功路3段174巷15號,0,0,1,2,C03,7,7,5,50,14,9,1,4,4,5,13,4,4,4,5,5,1,17,1,61,2,7,6,1,7,9,1,10,1,14,,44,,1,21,121.5906421,25.0811812
113,10,28,9,29,2,11南港區,南港區研究院路2段39號,0,0,1,1,C03,6,7,5,50,14,9,1,4,4,5,13,4,4,1,4,5,2,17,2,59,2,8,5,1,7,9,1,10,1,11,,16,,1,21,121.6156683,25.0449088
113,10,28,9,29,2,11南港區,南港區研究院路2段39號,0,0,1,2,B03,6,7,5,50,14,9,1,4,4,5,13,4,4,1,4,5,2,17,1,55,3,10,7,1,7,9,1,8,1,6,,44,,1,21,121.6156683,25.0449088
113,10,28,9,29,2,11南港區,南港區研究院路2段39號,0,0,1,3,A02,6,7,5,50,14,9,1,4,4,5,13,4,4,1,4,5,2,17,1,48,3,10,7,1,7,9,1,2,1,4,,44,,1,21,121.6156683,25.0449088
113,10,28,10,3,2,04大安區,大安區延吉街與延吉街137巷口,0,0,2,1,C03,7,6,5,50,3,1,1,5,4,5,13,4,4,5,5,5,2,16,2,41,2,9,6,1,7,9,1,10,1,11,,107,,1,21,121.5543263,25.0420406
113,10,28,10,3,2,04大安區,大安區延吉街與延吉街137巷口,0,0,2,2,F01,7,6,5,50,3,1,1,5,4,5,13,4,4,5,5,5,2,16,2,51,2,9,4,1,7,5,8,20,1,13,,8,,1,21,121.5543263,25.0420406
113,10,28,10,24,2,02萬華區,萬華區環河南路2段與廣州街口,0,0,1,1,F01,7,6,5,50,4,1,1,5,4,5,13,2,1,1,4,5,1,17,2,55,2,9,3,4,7,11,8,20,1,14,,96,,1,22,121.5063435,25.03611413
113,10,28,10,24,2,02萬華區,萬華區環河南路2段與廣州街口,0,0,1,2,B02,7,6,5,50,4,1,1,5,4,5,13,2,1,1,4,5,1,17,1,41,3,10,3,4,7,9,1,8,1,5,,42,,1,22,121.5063435,25.03611413
113,10,28,11,5,2,10文山區,文山區和平東路4段與和平東路4段88巷口,0,0,1,1,B03,7,5,5,40,4,1,1,4,4,5,13,2,1,10,5,5,1,17,1,51,3,10,7,1,7,1,1,8,1,7,,19,,1,21,121.567785,25.005095
113,10,28,11,5,2,10文山區,文山區和平東路4段與和平東路4段88巷口,0,0,1,2,C03,7,5,5,40,4,1,1,4,4,5,13,2,1,10,5,5,1,17,1,20,3,10,6,1,7,9,1,10,1,11,,13,,1,21,121.567785,25.005095
113,10,28,11,5,2,10文山區,文山區和平東路4段與和平東路4段88巷口,0,0,1,3,H02,7,5,5,40,4,1,1,4,4,5,13,2,1,10,5,5,1,17,2,18,2,9,6,5,7,21,8,20,10,16,,67,,1,21,121.567785,25.005095
113,10,28,11,20,2,05中正區,中正區金山南路1段迴轉道,0,0,1,1,B03,7,6,5,50,14,6,1,5,4,5,13,4,4,1,5,5,2,16,1,70,3,10,7,1,7,5,1,8,1,8,,80,,1,22,121.5298082,25.04258
113,10,28,11,20,2,05中正區,中正區金山南路1段迴轉道,0,0,1,2,C03,7,6,5,50,14,6,1,5,4,5,13,4,4,1,5,5,2,16,1,55,2,9,6,1,7,9,1,10,1,12,,14,,1,22,121.5298082,25.04258
113,10,28,11,47,2,05中正區,中正區信義路1段張榮發基金會旁,0,0,1,1,C03,7,5,5,50,14,9,1,5,4,5,13,4,4,10,4,1,1,17,1,46,2,9,5,1,7,1,1,10,1,11,,19,,1,21,121.5189198,25.0382571
113,10,28,11,47,2,05中正區,中正區信義路1段張榮發基金會旁,0,0,1,2,B03,7,5,5,50,14,9,1,5,4,5,13,4,4,10,4,1,1,17,1,55,3,10,7,1,7,9,1,8,1,8,,44,,1,21,121.5189198,25.0382571
113,10,28,11,55,2,08士林區,士林區中山北路6段754巷與中山北路6段728巷9弄口,0,0,2,1,F01,7,6,5,30,3,1,1,5,4,5,13,4,4,10,5,5,2,17,1,30,2,7,4,1,7,5,8,20,1,14,,8,,1,22,121.5291267,25.1146629
113,10,28,11,55,2,08士林區,士林區中山北路6段754巷與中山北路6段728巷9弄口,0,0,2,2,C03,7,6,5,30,3,1,1,5,4,5,13,4,4,10,5,5,2,17,2,33,2,9,6,1,7,9,1,10,1,12,,14,,1,22,121.5291267,25.1146629
113,10,28,13,10,2,04大安區,大安區樂利路18號,0,0,1,1,C03,7,6,5,40,14,9,1,5,4,5,13,4,4,5,4,5,2,16,1,74,2,9,3,4,7,5,1,10,1,12,,103,,1,22,121.5517269,25.0277733
113,10,28,13,10,2,04大安區,大安區樂利路18號,0,0,1,2,B03,7,6,5,40,14,9,1,5,4,5,13,4,4,5,4,5,2,16,2,35,3,10,3,4,7,9,1,8,1,1,,14,,1,22,121.5517269,25.0277733
113,10,28,13,10,2,04大安區,大安區樂利路18號,0,0,1,3,B02,7,6,5,40,14,9,1,5,4,5,13,4,4,5,4,5,2,16,1,47,3,10,3,4,7,14,1,8,1,4,,38,,1,22,121.5517269,25.0277733
113,10,28,13,10,2,04大安區,大安區樂利路18號,0,0,1,4,C03,7,6,5,40,14,9,1,5,4,5,13,4,4,5,4,5,2,16,3,0,,,,,,,,,,,,67,,1,,121.5517269,25.0277733
113,10,28,13,10,2,04大安區,大安區樂利路18號,0,0,1,5,C03,7,6,5,40,14,9,1,5,4,5,13,4,4,5,4,5,2,16,3,0,,,,,,,,,,,,67,,1,,121.5517269,25.0277733
113,10,28,13,10,2,04大安區,大安區樂利路18號,0,0,1,6,C03,7,6,5,40,14,9,1,5,4,5,13,4,4,5,4,5,2,16,3,0,,,,,,,,,,,,67,,1,,121.5517269,25.0277733
113,10,28,13,10,2,04大安區,大安區樂利路18號,0,0,1,7,C03,7,6,5,40,14,9,1,5,4,5,13,4,4,5,4,5,2,16,3,0,,,,,,,,,,,,67,,1,,121.5517269,25.0277733
113,10,28,13,10,2,04大安區,大安區樂利路18號,0,0,1,8,C03,7,6,5,40,14,9,1,5,4,5,13,4,4,5,4,5,2,16,3,0,,,,,,,,,,,,67,,1,,121.5517269,25.0277733
113,10,28,13,10,2,04大安區,大安區樂利路18號,0,0,1,9,C03,7,6,5,40,14,9,1,5,4,5,13,4,4,5,4,5,2,16,3,0,,,,,,,,,,,,67,,1,,121.5517269,25.0277733
113,10,28,13,46,2,07信義區,信義區基隆路車行地下道,0,0,1,1,C02,8,7,5,50,14,9,1,5,4,5,13,1,1,9,4,5,2,13,1,36,2,9,5,1,7,9,1,9,1,11,,16,,1,21,121.5657036,25.0431806
113,10,28,13,46,2,07信義區,信義區基隆路車行地下道,0,0,1,2,B03,8,7,5,50,14,9,1,5,4,5,13,1,1,9,4,5,2,13,1,47,3,10,7,1,7,14,1,8,1,6,,44,,1,21,121.5657036,25.0431806
113,10,28,14,16,2,07信義區,信義區松壽路市政府對面,0,0,1,1,A02,7,6,5,50,14,9,1,5,4,5,13,4,4,9,4,5,2,9,1,51,3,10,7,1,7,12,1,2,1,17,,44,,1,21,121.564392,25.0358195
113,10,28,14,16,2,07信義區,信義區松壽路市政府對面,0,0,1,2,H02,7,6,5,50,14,9,1,5,4,5,13,4,4,9,4,5,2,9,1,71,2,1,4,5,7,20,8,20,10,17,,67,,1,21,121.564392,25.0358195
113,10,28,15,9,2,01大同區,大同區忠孝橋機慢車道,0,0,1,1,C03,8,5,5,50,10,11,1,5,4,5,13,4,4,1,4,1,2,23,1,18,2,9,6,1,7,1,3,18,2,11,,108,,1,22,121.5061727,25.0490914
113,10,28,15,9,2,01大同區,大同區忠孝橋機慢車道,0,0,1,2,,8,5,5,50,10,11,1,5,4,5,13,4,4,1,4,1,2,23,3,0,,,,,,,,,,,,67,,1,,121.5061727,25.0490914
113,10,28,15,16,2,01大同區,大同區延平北路3段與延平北路3段18巷口,0,0,1,1,B13,7,6,5,50,4,2,1,5,4,5,13,4,4,5,4,5,2,8,1,43,3,10,3,4,7,2,1,3,2,3,,12,,1,22,121.5110948,25.0639229
113,10,28,15,16,2,01大同區,大同區延平北路3段與延平北路3段18巷口,0,0,1,2,H01,7,6,5,50,4,2,1,5,4,5,13,4,4,5,4,5,2,8,1,77,2,1,4,5,8,17,8,20,10,16,,67,,1,22,121.5110948,25.0639229
113,10,28,15,20,2,01大同區,大同區重慶北路1段與長安西路口,0,0,1,1,B03,8,7,5,50,4,1,1,5,4,5,13,1,1,1,4,5,2,16,1,65,3,10,7,1,7,5,1,8,1,8,,8,,1,21,121.5139079,25.0515945
113,10,28,15,20,2,01大同區,大同區重慶北路1段與長安西路口,0,0,1,2,C03,8,7,5,50,4,1,1,5,4,5,13,1,1,1,4,5,2,16,2,44,2,9,6,1,7,9,1,8,1,12,,44,,1,21,121.5139079,25.0515945
113,10,28,16,22,2,03中山區,中山區林森北路與雙城街49巷口,0,0,1,1,C03,8,6,5,50,4,1,1,5,4,5,13,4,4,5,5,5,2,13,2,42,2,5,5,1,7,5,1,10,2,13,,8,,1,21,121.525766,25.067937
113,10,28,16,22,2,03中山區,中山區林森北路與雙城街49巷口,0,0,1,2,B03,8,6,5,50,4,1,1,5,4,5,13,4,4,5,5,5,2,13,1,24,3,10,7,1,7,9,1,10,2,1,,108,,1,21,121.525766,25.067937
113,10,28,16,45,2,05中正區,中正區重慶南路1段與貴陽街1段口,0,0,1,1,C03,7,6,5,50,4,1,1,4,4,5,13,1,1,5,4,5,2,16,1,19,2,9,6,1,7,5,1,10,2,12,,8,,1,25,121.5127695,25.0388309
113,10,28,16,45,2,05中正區,中正區重慶南路1段與貴陽街1段口,0,0,1,2,B01,7,6,5,50,4,1,1,4,4,5,13,1,1,5,4,5,2,16,1,46,3,10,7,1,7,9,1,4,2,5,,44,,1,21,121.5127695,25.0388309
113,10,28,17,10,2,07信義區,信義區虎林街82巷46號,0,0,1,1,C03,6,6,5,30,14,9,1,4,4,5,13,4,4,10,5,5,2,17,1,71,3,10,5,1,7,1,1,10,2,11,,19,,1,22,121.5765009,25.04336333
113,10,28,17,10,2,07信義區,信義區虎林街82巷46號,0,0,1,2,C03,6,6,5,30,14,9,1,4,4,5,13,4,4,10,5,5,2,17,1,31,2,9,6,1,7,9,1,10,2,14,,44,,1,22,121.5765009,25.04336333
113,10,28,17,40,2,11南港區,南港區大坑街與舊莊街1段215巷口,0,0,2,1,H01,6,5,5,50,14,9,1,4,4,5,13,4,4,9,4,5,2,3,1,30,2,8,4,5,8,18,8,20,10,16,,121,,1,21,121.622537,25.0397824
113,10,28,17,40,2,11南港區,南港區大坑街與舊莊街1段215巷口,0,0,2,2,C03,6,5,5,50,14,9,1,4,4,5,13,4,4,9,4,5,2,3,1,43,2,1,5,1,7,9,1,10,1,11,,108,,1,21,121.622537,25.0397824
113,10,28,18,1,2,02萬華區,萬華區萬大路465號,0,0,1,1,C03,7,5,5,30,14,9,1,4,4,5,13,4,4,10,3,5,2,12,2,68,2,9,5,4,7,9,1,10,1,14,,44,,1,22,121.4981951,25.0206724
113,10,28,18,1,2,02萬華區,萬華區萬大路465號,0,0,1,2,A41,7,5,5,30,14,9,1,4,4,5,13,4,4,10,3,5,2,12,1,38,3,10,3,4,7,9,1,1,1,2,,16,,1,22,121.4981951,25.0206724
113,10,28,18,9,2,11南港區,南港區園區街與園區街58巷口,0,0,1,1,B03,6,5,5,30,3,1,1,4,4,5,13,2,1,4,3,5,2,2,1,41,3,10,3,1,7,5,1,8,2,1,,70,,1,21,121.611699,25.0591397
113,10,28,18,9,2,11南港區,南港區園區街與園區街58巷口,0,0,1,2,H01,6,5,5,30,3,1,1,4,4,5,13,2,1,4,3,5,2,2,1,17,2,9,4,5,8,16,8,20,1,16,,67,,1,21,121.611699,25.0591397
113,10,28,18,31,2,05中正區,中正區林森南路與青島東路口,0,0,1,1,C03,8,5,5,50,4,1,1,5,4,5,13,2,1,5,4,5,2,12,2,22,3,10,5,1,7,8,1,10,1,13,,101,,1,22,121.522948,25.04364311
113,10,28,18,31,2,05中正區,中正區林森南路與青島東路口,0,0,1,2,C03,8,5,5,50,4,1,1,5,4,5,13,2,1,5,4,5,2,12,1,61,2,8,5,1,7,9,1,10,1,11,,44,,1,22,121.522948,25.04364311
113,10,28,18,39,2,08士林區,士林區基河路與大南路口,0,0,1,1,B03,7,5,5,50,4,2,1,5,4,5,13,1,1,5,4,5,2,16,2,24,3,10,3,4,7,6,1,8,1,2,,9,,1,21,121.5225525,25.08996582
113,10,28,18,39,2,08士林區,士林區基河路與大南路口,0,0,1,2,C03,7,5,5,50,4,2,1,5,4,5,13,1,1,5,4,5,2,16,1,43,2,9,3,4,7,9,1,10,1,14,,44,,1,21,121.5225525,25.08996582
113,10,28,18,50,2,04大安區,大安區基隆路4段與羅斯福路4段口,0,0,2,1,C03,7,5,5,50,5,2,1,4,4,5,13,1,1,1,4,5,2,12,2,66,2,9,5,4,7,9,1,10,1,14,,118,,1,21,121.5373687,25.011511
113,10,28,18,50,2,04大安區,大安區基隆路4段與羅斯福路4段口,0,0,2,2,C03,7,5,5,50,5,2,1,4,4,5,13,1,1,1,4,5,2,12,2,44,2,8,5,4,7,9,1,10,9,12,,118,,1,21,121.5373687,25.011511
113,10,28,19,2,2,04大安區,大安區復興南路2段151巷,0,0,2,1,B03,7,5,7,50,14,9,1,5,4,5,13,2,1,1,3,5,2,16,1,46,3,10,7,1,7,9,1,8,1,4,,81,,1,21,121.5435354,25.0284234
113,10,28,19,2,2,04大安區,大安區復興南路2段151巷,0,0,2,2,B03,7,5,7,50,14,9,1,5,4,5,13,2,1,1,3,5,2,16,1,68,2,9,7,1,7,5,1,8,2,1,,44,,1,21,121.5435354,25.0284234
113,10,28,19,2,2,04大安區,大安區復興南路2段151巷,0,0,2,3,H02,7,5,7,50,14,9,1,5,4,5,13,2,1,1,3,5,2,16,1,40,2,9,7,5,7,17,8,20,10,17,,67,,1,21,121.5435354,25.0284234
113,10,28,19,15,2,04大安區,大安區臥龍街188巷2號,0,0,2,1,B01,7,5,5,30,14,9,1,4,4,5,13,2,1,4,3,5,2,17,1,61,3,10,7,1,7,14,1,4,1,6,,44,,1,21,121.5509876,25.0180471
113,10,28,19,15,2,04大安區,大安區臥龍街188巷2號,0,0,2,3,H02,7,5,5,30,14,9,1,4,4,5,13,2,1,4,3,5,2,17,1,29,3,10,7,5,7,19,8,20,10,16,,56,,1,21,121.5509876,25.0180471
113,10,28,19,15,2,04大安區,大安區臥龍街188巷2號,0,0,2,2,C03,7,5,5,30,14,9,1,4,4,5,13,2,1,4,3,5,2,17,1,35,2,7,5,1,7,4,1,10,1,14,,44,,1,21,121.5509876,25.0180471
113,10,28,19,15,2,04大安區,大安區臥龍街188巷2號,0,0,2,4,H02,7,5,5,30,14,9,1,4,4,5,13,2,1,4,3,5,2,17,2,6,2,7,5,5,7,21,8,20,10,16,,67,,1,24,121.5509876,25.0180471
113,10,28,19,28,2,11南港區,南港區松河街與南港路3段130巷口,0,0,4,1,C03,6,5,5,40,3,1,1,4,4,5,13,4,4,10,5,5,2,13,1,44,2,9,5,1,7,9,1,10,1,11,,16,,1,21,121.5878634,25.0545691
113,10,28,19,28,2,11南港區,南港區松河街與南港路3段130巷口,0,0,4,2,C03,6,5,5,40,3,1,1,4,4,5,13,4,4,10,5,5,2,13,1,24,3,10,5,1,7,14,1,10,1,13,,44,,1,21,121.5878634,25.0545691
113,10,28,19,28,2,11南港區,南港區松河街與南港路3段130巷口,0,0,4,5,H02,6,5,5,40,3,1,1,4,4,5,13,4,4,10,5,5,2,13,2,44,2,9,5,5,7,20,8,20,10,16,,67,,1,21,121.5878634,25.0545691
113,10,28,19,28,2,11南港區,南港區松河街與南港路3段130巷口,0,0,4,6,H02,6,5,5,40,3,1,1,4,4,5,13,4,4,10,5,5,2,13,2,8,2,9,5,5,7,20,8,20,10,16,,67,,1,14,121.5878634,25.0545691
113,10,28,19,28,2,11南港區,南港區松河街與南港路3段130巷口,0,0,4,3,C03,6,5,5,40,3,1,1,4,4,5,13,4,4,10,5,5,2,13,2,56,3,10,5,1,7,9,1,11,9,11,,44,,1,21,121.5878634,25.0545691
113,10,28,19,28,2,11南港區,南港區松河街與南港路3段130巷口,0,0,4,4,C03,6,5,5,40,3,1,1,4,4,5,13,4,4,10,5,5,2,13,1,41,2,9,5,1,7,9,1,10,9,11,,16,,1,21,121.5878634,25.0545691
113,10,28,19,37,2,01大同區,大同區鄭州路與西寧北路口口,0,0,1,1,C03,8,5,5,40,4,1,1,5,4,5,13,2,1,1,5,5,2,16,1,33,2,9,6,1,7,5,1,10,1,13,,8,,1,21,121.5081839,25.0505847
113,10,28,19,37,2,01大同區,大同區鄭州路與西寧北路口口,0,0,1,2,B02,8,5,5,40,4,1,1,5,4,5,13,2,1,1,5,5,2,16,2,24,3,10,7,1,7,5,1,8,1,5,,99,,1,21,121.5081839,25.0505847
113,10,28,19,46,2,04大安區,大安區和平東路3段228巷與和平東路3段口,0,0,1,1,C03,6,5,5,50,4,2,1,4,4,5,13,2,1,8,3,5,1,12,2,49,2,8,5,1,7,9,1,10,1,14,,101,,1,26,121.554586,25.0222649
113,10,28,19,46,2,04大安區,大安區和平東路3段228巷與和平東路3段口,0,0,1,2,B03,6,5,5,50,4,2,1,4,4,5,13,2,1,8,3,5,1,12,1,74,3,10,7,1,7,9,1,8,1,2,,44,,1,26,121.554586,25.0222649
113,10,28,20,16,2,03中山區,中山區新生高架道往南(上民族匝道),0,0,1,2,B03,7,5,5,70,10,16,1,5,4,5,13,4,4,1,4,5,2,2,1,44,3,10,3,4,7,9,1,8,2,2,,44,,1,21,121.5272238,25.0656558
113,10,28,20,16,2,03中山區,中山區新生高架道往南(上民族匝道),0,0,1,1,H01,7,5,5,70,10,16,1,5,4,5,13,4,4,1,4,5,2,2,1,55,2,7,4,5,8,16,8,20,10,16,,123,,1,21,121.5272238,25.0656558
113,10,28,20,29,2,05中正區,中正區中山南路與忠孝西路1段口,0,0,1,1,B03,8,5,5,50,4,1,1,5,4,5,13,1,1,10,5,5,2,16,2,26,3,10,7,1,7,5,1,10,2,1,,98,,1,26,121.5195033,25.045745
113,10,28,20,29,2,05中正區,中正區中山南路與忠孝西路1段口,0,0,1,2,F03,8,5,5,50,4,1,1,5,4,5,13,1,1,10,5,5,2,16,2,51,2,9,4,1,7,9,8,20,2,14,,44,,1,26,121.5195033,25.045745
113,10,28,21,15,2,03中山區,中山區民生東路2段與建國北路2段口,0,0,1,1,B03,7,5,5,50,4,1,1,5,4,5,13,1,1,3,4,5,2,17,2,53,3,10,7,1,7,5,1,8,1,5,,71,,1,21,121.536664,25.05783765
113,10,28,21,15,2,03中山區,中山區民生東路2段與建國北路2段口,0,0,1,2,C03,7,5,5,50,4,1,1,5,4,5,13,1,1,3,4,5,2,17,1,31,2,8,6,1,7,9,1,10,1,11,,13,,1,21,121.536664,25.05783765
113,10,28,21,16,2,10文山區,文山區木柵路4段31-6號,0,0,1,1,C03,6,5,5,50,14,9,1,4,4,5,13,1,1,5,4,5,2,13,1,22,2,9,5,1,7,9,1,10,2,11,,16,,1,21,121.5715782,24.9938572
113,10,28,21,16,2,10文山區,文山區木柵路4段31-6號,0,0,1,2,B03,6,5,5,50,14,9,1,4,4,5,13,1,1,5,4,5,2,13,1,52,3,10,7,1,7,14,1,8,2,6,,44,,1,21,121.5715782,24.9938572
113,10,28,21,20,2,07信義區,信義區虎林街103號,0,0,2,1,F01,6,5,5,30,14,9,1,4,4,5,13,4,4,10,5,5,1,3,2,35,2,9,3,4,7,9,8,20,9,12,,44,,1,21,121.5769984,25.0427653
113,10,28,21,20,2,07信義區,信義區虎林街103號,0,0,2,2,H01,6,5,5,30,14,9,1,4,4,5,13,4,4,10,5,5,1,3,2,26,2,9,4,5,8,16,8,20,9,16,,53,,1,21,121.5769984,25.0427653