發生年度,發生月,發生日,發生時-Hours,發生分,處理別-編號,區序,肇事地點,死亡人數,2-30日死亡人數,受傷人數,當事人序號,車種,天候,道路照明設備,道路類別,速限-速度限制,道路型態,事故位置,路面狀況1,路面狀況2,路面狀況3,道路障礙1,道路障礙2,號誌1,號誌2,車道劃分-分向,車道劃分-分道1,車道劃分-分道2,車道劃分-分道3,事故類型及型態,性別,年齡,受傷程度,主要傷處,保護裝置,行動電話,車輛用途,當事者行動狀態,駕駛資格情形,駕駛執照種類,飲酒情形,車輛撞擊部位1,車輛撞擊部位2,肇因碼-個別,肇因碼-主要,個人肇逃否,職業,座標-X,座標-Y
113,10,28,21,21,2,02萬華區,萬華區康定路與永福街口,0,0,2,1,C03,7,5,5,50,4,1,1,5,4,5,13,2,1,8,3,5,1,16,1,24,2,9,3,4,7,5,1,10,2,12,,71,,1,22,121.5018729,25.03903112
113,10,28,21,21,2,02萬華區,萬華區康定路與永福街口,0,0,2,2,C03,7,5,5,50,4,1,1,5,4,5,13,2,1,8,3,5,1,16,1,42,2,9,3,4,7,9,1,10,2,11,,44,,1,22,121.5018729,25.03903112
113,10,28,21,22,2,05中正區,中正區羅斯福路4段與羅斯福路4段196巷口,0,0,1,2,C03,6,5,5,50,3,2,1,4,4,5,13,4,4,1,4,5,2,17,2,29,2,8,5,1,7,12,1,10,1,12,,116,,1,22,121.5366889,25.0117333
113,10,28,21,22,2,05中正區,中正區羅斯福路4段與羅斯福路4段196巷口,0,0,1,1,B01,6,5,5,50,3,2,1,4,4,5,13,4,4,1,4,5,2,17,1,35,3,10,7,1,7,8,1,4,9,17,,100,,2,22,121.5366889,25.0117333
113,10,28,21,26,2,09北投區,北投區中和街399-4號,0,0,1,1,C03,8,5,5,50,14,9,1,5,4,5,13,4,4,9,4,5,2,16,2,58,3,10,5,1,7,5,1,10,1,12,,99,,1,21,121.4983591,25.1429042
113,10,28,21,26,2,09北投區,北投區中和街399-4號,0,0,1,2,C03,8,5,5,50,14,9,1,5,4,5,13,4,4,9,4,5,2,16,2,44,2,7,5,1,7,9,1,10,1,11,,44,,1,21,121.4983591,25.1429042
113,10,28,21,30,2,01大同區,大同區延平北路4段與酒泉街口,0,0,1,1,B03,8,5,5,50,4,1,1,5,4,5,13,1,1,5,4,4,2,17,1,21,3,10,7,1,7,6,1,8,1,5,,9,,1,21,121.510971,25.0720737
113,10,28,21,30,2,01大同區,大同區延平北路4段與酒泉街口,0,0,1,2,C03,8,5,5,50,4,1,1,5,4,5,13,1,1,5,4,4,2,17,2,19,2,9,6,1,7,9,1,10,1,14,,44,,1,21,121.510971,25.0720737
113,10,28,21,31,2,12內湖區,內湖區康寧路3段與康寧路3段165巷口,0,0,1,1,C03,6,6,5,50,4,1,1,4,4,5,13,2,1,9,4,5,2,16,2,58,2,8,6,1,7,5,1,10,1,12,,71,,1,21,121.6113053,25.07046348
113,10,28,21,31,2,12內湖區,內湖區康寧路3段與康寧路3段165巷口,0,0,1,2,C03,6,6,5,50,4,1,1,4,4,5,13,2,1,9,4,5,2,16,1,21,3,10,6,1,7,9,1,10,1,11,,13,,1,21,121.6113053,25.07046348
113,10,28,22,40,2,06松山區,松山區塔悠路97號,0,0,1,1,B01,6,5,5,30,3,1,1,4,4,5,13,4,4,10,5,5,2,15,1,56,3,10,7,1,7,15,1,8,1,4,,74,,1,21,121.57057,25.0527387
113,10,28,22,40,2,06松山區,松山區塔悠路97號,0,0,1,2,C03,6,5,5,30,3,1,1,4,4,5,13,4,4,10,5,5,2,15,1,47,2,9,6,1,7,9,1,10,1,11,,44,,1,21,121.57057,25.0527387
113,10,28,22,44,1,02萬華區,萬華區堤外便道(華翠橋旁),1,0,0,1,C03,8,5,5,50,14,9,1,5,4,5,13,4,4,1,5,5,2,19,1,61,1,3,5,1,7,9,1,10,9,11,,42,,1,21,121.4889082,25.0272844
113,10,28,22,44,1,02萬華區,萬華區堤外便道(華翠橋旁),1,0,0,2,,8,5,5,50,14,9,1,5,4,5,13,4,4,1,5,5,2,19,3,0,,,,,,,,,,,,67,,1,,121.4889082,25.0272844
113,10,28,23,7,2,01大同區,大同區民生西路144號,0,0,1,1,B01,8,5,5,50,14,9,1,5,4,5,13,4,4,5,5,5,2,17,1,62,3,10,7,1,7,9,1,4,2,15,,118,,1,21,121.5187772,25.0573564
113,10,28,23,7,2,01大同區,大同區民生西路144號,0,0,1,2,C03,8,5,5,50,14,9,1,5,4,5,13,4,4,5,5,5,2,17,1,59,2,8,6,1,7,14,1,10,2,15,,118,,1,21,121.5187772,25.0573564
113,10,28,23,15,2,05中正區,中正區羅斯福路3段與羅斯福路3段240巷口,0,0,3,1,B03,7,5,5,30,3,1,1,4,4,5,13,4,4,1,4,5,2,16,1,47,3,10,7,1,7,6,1,8,2,3,,72,,1,21,121.530644,25.0181828
113,10,28,23,15,2,05中正區,中正區羅斯福路3段與羅斯福路3段240巷口,0,0,3,2,C03,7,5,5,30,3,1,1,4,4,5,13,4,4,1,4,5,2,16,1,43,2,9,5,1,7,9,1,9,2,11,,14,,1,21,121.530644,25.0181828
113,10,28,23,15,2,05中正區,中正區羅斯福路3段與羅斯福路3段240巷口,0,0,3,3,C03,7,5,5,30,3,1,1,4,4,5,13,4,4,1,4,5,2,16,2,45,2,9,5,1,7,9,1,10,2,17,,42,,1,21,121.530644,25.0181828
113,10,28,23,15,2,05中正區,中正區羅斯福路3段與羅斯福路3段240巷口,0,0,3,4,C03,7,5,5,30,3,1,1,4,4,5,13,4,4,1,4,5,2,16,1,31,2,8,5,4,7,9,1,10,2,11,,108,,1,21,121.530644,25.0181828
113,10,29,3,37,2,04大安區,大安區基隆路4段與基隆路4段73巷口,0,0,1,1,C03,7,5,5,50,5,1,1,4,4,5,13,2,1,1,3,5,2,15,1,32,2,9,5,1,7,9,1,10,1,14,,108,,1,21,121.5394365,25.0131412
113,10,29,3,37,2,04大安區,大安區基隆路4段與基隆路4段73巷口,0,0,1,2,A12,7,5,5,50,5,1,1,4,4,5,13,2,1,1,3,5,2,15,1,36,3,10,7,1,7,9,1,8,1,1,,44,,1,21,121.5394365,25.0131412
113,10,29,3,37,2,04大安區,大安區基隆路4段與基隆路4段73巷口,0,0,1,3,H03,7,5,5,50,5,1,1,4,4,5,13,2,1,1,3,5,2,15,1,45,3,10,4,5,8,20,8,20,10,17,,60,,1,21,121.5394365,25.0131412
113,10,29,6,31,2,07信義區,信義區忠孝東路5段68號,0,0,1,1,F01,6,5,8,0,22,20,2,4,4,5,13,4,4,10,5,5,2,18,2,57,2,8,4,1,7,9,8,20,9,15,,44,,1,21,121.5669336,25.0409247
113,10,29,6,31,2,07信義區,信義區忠孝東路5段68號,0,0,1,2,,6,5,8,0,22,20,2,4,4,5,13,4,4,10,5,5,2,18,3,0,,,,,,,,,,,,67,,1,,121.5669336,25.0409247
113,10,29,6,48,2,02萬華區,萬華區貴陽街2段142號,0,0,1,1,C03,7,6,5,30,3,1,1,5,4,5,13,4,4,10,5,5,2,17,2,43,2,9,6,1,7,5,1,10,1,12,,8,,1,22,121.5017929,25.0402029
113,10,29,6,48,2,02萬華區,萬華區貴陽街2段142號,0,0,1,2,B01,7,6,5,30,3,1,1,5,4,5,13,4,4,10,5,5,2,17,1,58,3,10,3,4,7,9,1,4,1,8,,14,,1,21,121.5017929,25.0402029
113,10,29,7,22,2,08士林區,士林區堤外便道與通河西街1段口,0,0,1,1,C03,7,6,5,50,4,1,1,5,4,5,13,4,4,5,5,5,1,13,1,18,2,8,6,1,7,9,1,10,1,11,,107,,1,22,121.5126059,25.0858778
113,10,29,7,22,2,08士林區,士林區堤外便道與通河西街1段口,0,0,1,2,B03,7,6,5,50,4,1,1,5,4,5,13,4,4,5,5,5,1,13,1,35,3,10,7,1,7,9,1,8,1,7,,44,,1,22,121.5126059,25.0858778
113,10,29,7,26,2,06松山區,松山區光復北路與光復北路165巷口,0,0,1,1,B03,6,7,5,50,4,1,1,4,4,5,13,2,1,5,4,5,2,17,1,48,3,10,7,1,7,5,1,8,1,5,,71,,1,22,121.5554498,25.0572461
113,10,29,7,26,2,06松山區,松山區光復北路與光復北路165巷口,0,0,1,2,C03,6,7,5,50,4,1,1,4,4,5,13,2,1,5,4,5,2,17,1,20,2,9,6,1,7,9,1,10,1,11,,44,,1,22,121.5554498,25.0572461
113,10,29,7,42,2,03中山區,中山區松江路235巷19號,0,0,2,1,C03,7,6,5,30,12,9,1,5,4,5,13,4,4,10,5,5,2,16,1,29,2,9,6,1,7,5,1,10,1,14,,8,,1,22,121.5343593,25.0588441
113,10,29,7,42,2,03中山區,中山區松江路235巷19號,0,0,2,2,C03,7,6,5,30,12,9,1,5,4,5,13,4,4,10,5,5,2,16,2,44,2,9,5,1,7,9,1,10,1,12,,108,,1,22,121.5343593,25.0588441
113,10,29,7,42,2,03中山區,中山區松江路235巷19號,0,0,2,3,C03,7,6,5,30,12,9,1,5,4,5,13,4,4,10,5,5,2,16,1,41,4,11,3,4,7,13,1,10,9,14,,44,,1,22,121.5343593,25.0588441
113,10,29,8,16,2,04大安區,大安區信義路4段136號前,0,0,1,1,C03,6,7,5,50,14,9,1,4,4,5,13,4,4,8,3,5,1,12,1,27,3,10,5,1,7,9,1,10,1,11,,16,,1,26,121.5499235,25.0331506
113,10,29,8,16,2,04大安區,大安區信義路4段136號前,0,0,1,2,C03,6,7,5,50,14,9,1,4,4,5,13,4,4,8,3,5,1,12,2,39,2,8,5,1,7,15,1,10,1,13,,44,,1,26,121.5499235,25.0331506
113,10,29,8,29,2,05中正區,中正區水源路與師大路口,0,0,1,1,B03,8,6,5,50,3,1,1,5,4,5,13,1,1,3,4,5,2,17,1,72,4,11,3,4,7,6,7,19,11,15,,9,,2,22,121.5228199,25.0202742
113,10,29,8,29,2,05中正區,中正區水源路與師大路口,0,0,1,2,C03,8,6,5,50,3,1,1,5,4,5,13,1,1,3,4,5,2,17,1,75,2,9,6,1,7,5,1,10,1,14,,44,,1,21,121.5228199,25.0202742
113,10,29,8,30,2,03中山區,中山區德惠街79巷與吉林路456巷口,0,0,3,1,C03,8,7,5,30,3,1,1,5,4,5,13,4,4,10,5,5,2,16,1,48,2,9,5,4,7,9,1,9,2,12,,4,,1,21,121.5285496,25.0669737
113,10,29,8,30,2,03中山區,中山區德惠街79巷與吉林路456巷口,0,0,3,2,C03,8,7,5,30,3,1,1,5,4,5,13,4,4,10,5,5,2,16,1,31,2,9,6,4,7,5,1,10,2,12,,72,,1,21,121.5285496,25.0669737
113,10,29,8,30,2,03中山區,中山區德惠街79巷與吉林路456巷口,0,0,3,3,H02,8,7,5,30,3,1,1,5,4,5,13,4,4,10,5,5,2,16,1,22,2,8,6,5,7,20,8,20,10,16,,67,,1,21,121.5285496,25.0669737
113,10,29,8,35,2,08士林區,士林區劍潭路與承德路4段口,0,0,1,1,C03,7,6,5,50,4,2,1,5,4,5,13,2,1,3,3,5,2,17,2,24,3,10,6,1,7,1,1,8,11,12,,19,,1,21,121.5234935,25.0840068
113,10,29,8,35,2,08士林區,士林區劍潭路與承德路4段口,0,0,1,2,C03,7,6,5,50,4,2,1,5,4,5,13,2,1,3,3,5,2,17,2,27,2,8,2,1,7,9,1,8,11,14,,44,,1,21,121.5234935,25.0840068
113,10,29,8,46,2,04大安區,大安區基隆路2段與和平東路3段口,0,0,2,1,C03,7,6,5,50,14,9,1,4,4,5,13,2,1,1,4,5,2,13,1,43,2,9,6,1,7,9,1,8,1,11,,16,,1,21,121.5523628,25.0241373
113,10,29,8,46,2,04大安區,大安區基隆路2段與和平東路3段口,0,0,2,2,B03,7,6,5,50,14,9,1,4,4,5,13,2,1,1,4,5,2,13,1,34,3,10,7,1,7,12,1,4,1,3,,44,,1,21,121.5523628,25.0241373
113,10,29,8,46,2,04大安區,大安區基隆路2段與和平東路3段口,0,0,2,3,C03,7,6,5,50,14,9,1,4,4,5,13,2,1,1,4,5,2,13,1,41,2,8,6,1,7,9,1,10,1,11,,44,,1,21,121.5523628,25.0241373
113,10,29,9,44,2,10文山區,文山區木柵路1段與無名巷口口,0,0,1,1,C03,6,6,5,50,3,1,1,4,4,5,13,4,4,10,5,5,2,16,1,23,3,10,5,1,7,5,1,10,1,11,,74,,1,21,121.5464669,24.9867727
113,10,29,9,44,2,10文山區,文山區木柵路1段與無名巷口口,0,0,1,2,C03,6,6,5,50,3,1,1,4,4,5,13,4,4,10,5,5,2,16,1,41,2,9,5,1,7,9,1,10,1,11,,44,,1,21,121.5464669,24.9867727
113,10,29,10,20,2,04大安區,大安區敦化南路2段128號前,0,0,1,1,C03,7,7,5,50,14,9,1,5,4,5,13,4,4,8,3,5,1,12,1,69,2,9,5,1,7,9,1,10,9,14,,42,,1,26,121.5485212,25.0262833
113,10,29,10,20,2,04大安區,大安區敦化南路2段128號前,0,0,1,2,B03,7,7,5,50,14,9,1,5,4,5,13,4,4,8,3,5,1,12,1,45,3,10,7,1,7,9,1,8,1,5,,13,,1,26,121.5485212,25.0262833
113,10,29,10,30,2,11南港區,南港區忠孝東路6段81巷與東新街口,0,0,1,1,C03,8,7,5,50,14,9,1,5,4,5,13,4,4,1,4,5,2,17,1,73,2,8,5,1,7,1,1,10,1,13,,19,,1,21,121.5847041,25.048389
113,10,29,10,30,2,11南港區,南港區忠孝東路6段81巷與東新街口,0,0,1,2,B02,8,7,5,50,14,9,1,5,4,5,13,4,4,1,4,5,2,17,2,61,3,10,7,1,7,1,1,8,1,1,,44,,1,21,121.5847041,25.048389
113,10,29,10,50,2,04大安區,大安區和平東路3段與和平東路3段464巷口口,0,0,1,1,B01,7,7,5,50,4,1,1,4,4,5,13,2,1,1,4,5,1,17,1,61,4,11,3,4,7,5,7,19,11,15,,71,,2,22,121.5601034,25.0170671
113,10,29,10,50,2,04大安區,大安區和平東路3段與和平東路3段464巷口口,0,0,1,2,C03,7,7,5,50,4,1,1,4,4,5,13,2,1,1,4,5,1,17,1,30,2,9,6,1,7,9,1,10,1,17,,13,,1,21,121.5601034,25.0170671
113,10,29,10,54,2,03中山區,中山區長安東路1段53巷與林森北路85巷口,0,0,3,1,C03,7,5,5,30,4,2,1,5,4,5,13,4,4,10,5,5,2,15,2,22,2,9,3,4,7,9,1,10,1,11,,72,,1,21,121.5265686,25.0494296
113,10,29,10,54,2,03中山區,中山區長安東路1段53巷與林森北路85巷口,0,0,3,2,C04,7,5,5,30,4,2,1,5,4,5,13,4,4,10,5,5,2,15,1,61,2,9,3,4,7,9,1,10,1,14,,108,,1,21,121.5265686,25.0494296
113,10,29,10,54,2,03中山區,中山區長安東路1段53巷與林森北路85巷口,0,0,3,3,H02,7,5,5,30,4,2,1,5,4,5,13,4,4,10,5,5,2,15,2,59,2,9,3,5,7,21,8,20,10,16,,67,,1,21,121.5265686,25.0494296
113,10,29,11,17,2,03中山區,中山區中山北路1段112巷與長安西路5巷口,0,0,2,1,B03,8,6,5,30,4,1,1,5,4,5,13,4,4,10,5,5,2,2,1,67,3,10,7,1,7,5,1,8,2,8,,8,,1,22,121.520997,25.0505408
113,10,29,11,17,2,03中山區,中山區中山北路1段112巷與長安西路5巷口,0,0,2,2,H01,8,6,5,30,4,1,1,5,4,5,13,4,4,10,5,5,2,2,2,29,2,8,4,5,8,16,8,20,10,16,,67,,1,21,121.520997,25.0505408
113,10,29,11,17,2,03中山區,中山區中山北路1段112巷與長安西路5巷口,0,0,2,3,H01,8,6,5,30,4,1,1,5,4,5,13,4,4,10,5,5,2,2,2,90,2,1,4,5,8,20,8,20,10,16,,67,,1,22,121.520997,25.0505408
113,10,29,12,13,2,03中山區,中山區農安街與雙城街口,0,0,1,1,F01,8,7,5,50,4,1,1,5,4,5,13,2,1,9,4,5,2,15,1,69,2,8,4,1,7,9,8,20,7,11,,85,,1,21,121.524333,25.0649657
113,10,29,12,13,2,03中山區,中山區農安街與雙城街口,0,0,1,2,F01,8,7,5,50,4,1,1,5,4,5,13,2,1,9,4,5,2,15,1,32,3,10,4,1,7,9,8,20,2,11,,44,,1,21,121.524333,25.0649657
113,10,29,12,18,2,05中正區,中正區杭州南路2段與愛國東路口,0,0,1,1,A12,7,7,5,50,4,1,1,5,4,5,13,1,1,2,4,5,2,12,1,44,3,10,7,1,7,9,1,1,1,4,,44,,1,21,121.522359,25.0323132
113,10,29,12,18,2,05中正區,中正區杭州南路2段與愛國東路口,0,0,1,2,C03,7,7,5,50,4,1,1,5,4,5,13,1,1,2,4,5,2,12,2,23,2,9,6,1,7,15,1,10,1,12,,100,,1,21,121.522359,25.0323132
113,10,29,12,27,2,05中正區,中正區重慶南路3段與和平西路1段口,0,0,2,1,C03,6,6,8,50,5,1,1,4,4,5,13,1,1,3,4,5,2,15,2,18,2,9,5,1,7,9,1,10,2,11,,80,,1,21,121.5157693,25.0273816
113,10,29,12,27,2,05中正區,中正區重慶南路3段與和平西路1段口,0,0,2,2,C03,6,6,8,50,5,1,1,4,4,5,13,1,1,3,4,5,2,15,2,65,2,9,5,1,7,1,1,10,2,14,,19,,1,21,121.5157693,25.0273816
113,10,29,12,29,2,06松山區,松山區光復北路與光復北路11巷口,0,0,1,1,C03,6,6,5,50,4,1,1,4,4,5,13,2,1,3,4,5,2,16,1,56,3,10,6,1,7,6,1,10,2,12,,9,,1,22,121.5579086,25.0490941
113,10,29,12,29,2,06松山區,松山區光復北路與光復北路11巷口,0,0,1,2,C03,6,6,5,50,4,1,1,4,4,5,13,2,1,3,4,5,2,16,1,27,2,9,6,1,7,9,1,10,2,11,,44,,1,22,121.5579086,25.0490941
113,10,29,13,8,2,01大同區,大同區南京西路18巷16號,0,0,1,1,B01,7,6,5,30,14,9,1,5,4,5,13,4,4,10,5,5,2,2,1,31,4,11,3,4,7,9,7,19,11,5,,108,,2,22,121.5202088,25.05149562
113,10,29,13,8,2,01大同區,大同區南京西路18巷16號,0,0,1,2,H01,7,6,5,30,14,9,1,5,4,5,13,4,4,10,5,5,2,2,2,27,2,9,4,5,8,16,8,20,10,16,,67,,1,22,121.5202088,25.05149562
113,10,29,13,30,2,06松山區,松山區八德路4段與南京東路5段66巷22弄口,0,0,1,1,C03,7,7,5,50,3,2,1,5,4,5,13,4,4,5,4,5,2,13,2,41,2,7,5,1,7,9,1,10,1,11,,16,,1,21,121.5592724,25.0482941
113,10,29,13,30,2,06松山區,松山區八德路4段與南京東路5段66巷22弄口,0,0,1,2,B01,7,7,5,50,3,2,1,5,4,5,13,4,4,5,4,5,2,13,1,54,3,10,7,1,7,12,1,4,1,6,,44,,1,21,121.5592724,25.0482941
113,10,29,13,40,2,12內湖區,內湖區金湖路369號,0,0,1,1,B03,6,6,5,50,4,1,1,4,4,5,13,2,1,1,4,5,2,17,2,28,3,10,7,1,7,11,1,8,1,7,,10,,1,21,121.603113,25.0735151
113,10,29,13,40,2,12內湖區,內湖區金湖路369號,0,0,1,2,C03,6,6,5,50,4,1,1,4,4,5,13,2,1,1,4,5,2,17,1,25,2,9,6,1,7,9,1,10,1,11,,108,,1,21,121.603113,25.0735151
113,10,29,14,56,2,02萬華區,萬華區萬大路423巷與青年路口,0,0,2,1,B03,7,6,5,30,3,1,1,5,4,5,13,2,1,5,5,5,2,17,1,37,3,10,7,1,7,11,1,8,1,7,,10,,1,21,121.4936172,25.02691699
113,10,29,14,56,2,02萬華區,萬華區萬大路423巷與青年路口,0,0,2,2,C03,7,6,5,30,3,1,1,5,4,5,13,2,1,5,5,5,2,17,1,19,2,6,6,1,7,9,1,10,1,11,,108,,1,21,121.4936172,25.02691699
113,10,29,14,56,2,02萬華區,萬華區萬大路423巷與青年路口,0,0,2,3,H02,7,6,5,30,3,1,1,5,4,5,13,2,1,5,5,5,2,17,2,19,2,8,6,5,7,20,8,20,10,16,,67,,1,21,121.4936172,25.02691699
113,10,29,16,5,2,03中山區,中山區市民大道3段123號,0,0,2,1,C03,8,5,5,40,14,8,1,5,4,5,13,4,4,1,4,1,2,13,1,40,2,8,6,1,7,9,1,10,1,11,,16,,1,22,121.5382132,25.0448045
113,10,29,16,5,2,03中山區,中山區市民大道3段123號,0,0,2,2,C03,8,5,5,40,14,8,1,5,4,5,13,4,4,1,4,1,2,13,1,37,2,9,6,1,7,9,1,10,1,13,,44,,1,22,121.5382132,25.0448045
113,10,29,16,10,2,09北投區,北投區中央北路4段與中央北路4段583巷口,0,0,1,1,C03,7,6,5,50,4,1,1,5,4,5,13,1,1,4,4,5,2,12,2,19,2,9,6,1,7,5,1,10,2,14,,8,,1,25,121.4655081,25.12603875
113,10,29,16,10,2,09北投區,北投區中央北路4段與中央北路4段583巷口,0,0,1,2,B03,7,6,5,50,4,1,1,5,4,5,13,1,1,4,4,5,2,12,1,76,3,10,7,1,7,9,1,8,2,5,,44,,1,21,121.4655081,25.12603875
113,10,29,16,16,2,04大安區,大安區師大路與雲和街口,0,0,1,1,H01,8,6,5,50,4,1,1,5,4,5,13,4,4,8,3,5,2,17,4,0,,,,,,,,,,,,121,,2,,121.5285138,25.0236447
113,10,29,16,16,2,04大安區,大安區師大路與雲和街口,0,0,1,2,C03,8,6,5,50,4,1,1,5,4,5,13,4,4,8,3,5,2,17,1,67,2,9,6,1,7,9,1,10,1,17,,42,,1,21,121.5285138,25.0236447
113,10,29,16,16,2,07信義區,信義區忠孝東路5段480號,0,0,1,1,C03,6,7,5,50,14,9,1,4,4,5,13,1,1,9,4,5,2,16,1,64,2,8,5,1,7,11,1,10,2,14,,99,,1,21,121.5776741,25.0408011
113,10,29,16,16,2,07信義區,信義區忠孝東路5段480號,0,0,1,2,B01,6,7,5,50,14,9,1,4,4,5,13,1,1,9,4,5,2,16,1,64,3,10,7,1,7,5,1,4,2,5,,44,,1,21,121.5776741,25.0408011
113,10,29,16,25,2,04大安區,大安區辛亥路3段157巷與臥龍街口,0,0,1,1,C03,6,6,5,50,5,1,1,4,4,5,13,2,1,10,5,5,2,17,2,76,2,9,6,4,7,9,3,18,1,13,,101,,1,22,121.5508585,25.0181911
113,10,29,16,25,2,04大安區,大安區辛亥路3段157巷與臥龍街口,0,0,1,2,B03,6,6,5,50,5,1,1,4,4,5,13,2,1,10,5,5,2,17,1,26,3,10,3,4,7,9,1,8,1,5,,44,,1,22,121.5508585,25.0181911
113,10,29,16,26,2,02萬華區,萬華區西藏路與艋舺大道口,0,0,1,1,C03,8,6,5,50,4,1,1,5,4,5,13,2,1,1,4,3,2,17,1,65,2,9,5,1,7,9,1,10,1,14,12,81,,1,21,121.4915209,25.0290925
113,10,29,16,26,2,02萬華區,萬華區西藏路與艋舺大道口,0,0,1,2,B03,8,6,5,50,4,1,1,5,4,5,13,2,1,1,4,3,2,17,1,41,3,10,7,1,7,1,1,7,2,1,,44,,1,21,121.4915209,25.0290925
113,10,29,16,26,2,02萬華區,萬華區西藏路與艋舺大道口,0,0,1,3,A12,8,6,5,50,4,1,1,5,4,5,13,2,1,1,4,3,2,17,1,45,3,10,2,1,7,1,1,6,2,17,,44,,1,21,121.4915209,25.0290925
113,10,29,16,40,2,02萬華區,萬華區華江橋機車道往新北市燈桿0904454,0,0,1,1,C03,7,6,7,40,14,11,1,5,4,5,13,4,4,10,5,5,2,17,1,69,3,10,5,1,7,9,1,8,1,15,,30,,1,22,121.4942701,25.0380384
113,10,29,16,40,2,02萬華區,萬華區華江橋機車道往新北市燈桿0904454,0,0,1,2,C03,7,6,7,40,14,11,1,5,4,5,13,4,4,10,5,5,2,17,1,72,2,9,5,1,7,9,1,10,1,11,,44,,1,22,121.4942701,25.0380384
113,10,29,17,10,2,02萬華區,萬華區華中橋機車道(7010477燈桿),0,0,1,1,C03,8,5,5,40,8,11,1,5,4,5,13,4,4,1,4,5,2,13,1,71,2,3,5,1,7,9,1,10,1,11,,16,,1,21,121.4953934,25.0130603
113,10,29,17,10,2,02萬華區,萬華區華中橋機車道(7010477燈桿),0,0,1,2,C03,8,5,5,40,8,11,1,5,4,5,13,4,4,1,4,5,2,13,1,18,3,10,5,1,7,9,1,10,1,13,,13,,1,21,121.4953934,25.0130603
113,10,29,17,10,2,02萬華區,萬華區華中橋機車道(7010477燈桿),0,0,1,3,C03,8,5,5,40,8,11,1,5,4,5,13,4,4,1,4,5,2,13,2,39,3,10,5,1,7,15,1,10,1,17,,42,,1,21,121.4953934,25.0130603
113,10,29,17,10,2,10文山區,文山區木柵路2段138巷與興隆路4段105巷口口,0,0,1,1,C03,6,5,5,30,4,1,1,4,4,5,13,2,1,10,5,5,1,16,1,18,3,10,6,1,7,5,3,18,1,12,,71,,1,21,121.562219,24.9877317
113,10,29,17,10,2,10文山區,文山區木柵路2段138巷與興隆路4段105巷口口,0,0,1,2,C03,6,5,5,30,4,1,1,4,4,5,13,2,1,10,5,5,1,16,2,19,2,8,6,1,7,9,1,10,1,11,,44,,1,21,121.562219,24.9877317
113,10,29,17,12,2,10文山區,文山區試院路4巷與試院路口,0,0,1,1,,6,5,5,30,14,9,1,4,4,5,13,4,4,5,4,5,1,27,3,51,,,,,,,,,,,,66,,1,,121.5497396,24.9880675
113,10,29,17,12,2,10文山區,文山區試院路4巷與試院路口,0,0,1,2,C03,6,5,5,30,14,9,1,4,4,5,13,4,4,5,4,5,1,27,2,20,2,9,5,1,7,9,1,10,1,11,,44,,1,21,121.5497396,24.9880675
113,10,29,17,22,2,06松山區,松山區民權東路5段與撫遠街口,0,0,1,1,C03,6,5,5,50,4,4,1,4,4,5,13,2,1,8,3,5,2,12,1,45,3,10,5,1,7,9,1,10,1,13,,16,,1,21,121.565959,25.0631086
113,10,29,17,22,2,06松山區,松山區民權東路5段與撫遠街口,0,0,1,2,C03,6,5,5,50,4,4,1,4,4,5,13,2,1,8,3,5,2,12,1,39,2,9,5,1,7,9,1,10,1,11,,16,,1,21,121.565959,25.0631086
113,10,29,17,37,2,09北投區,北投區東華街1段與文林北路94巷口,0,0,3,1,B03,8,5,5,50,3,1,1,5,4,5,13,1,1,9,4,5,1,12,1,51,3,10,3,4,7,4,1,8,9,2,,42,,2,26,121.5203742,25.1079075
113,10,29,17,37,2,09北投區,北投區東華街1段與文林北路94巷口,0,0,3,2,C03,8,5,5,50,3,1,1,5,4,5,13,1,1,9,4,5,1,12,2,31,2,7,6,1,7,9,1,10,1,11,,44,,1,21,121.5203742,25.1079075
113,10,29,17,37,2,09北投區,北投區東華街1段與文林北路94巷口,0,0,3,3,H02,8,5,5,50,3,1,1,5,4,5,13,1,1,9,4,5,1,12,1,4,2,8,6,5,7,20,8,20,10,17,,67,,1,21,121.5203742,25.1079075
113,10,29,17,37,2,09北投區,北投區東華街1段與文林北路94巷口,0,0,3,4,H02,8,5,5,50,3,1,1,5,4,5,13,1,1,9,4,5,1,12,2,3,2,1,6,5,7,20,8,20,10,17,,67,,1,21,121.5203742,25.1079075
113,10,29,17,41,2,03中山區,中山區市民大道3段與八德路2段300巷口,0,0,1,1,C03,7,5,5,40,3,2,1,4,4,5,13,4,4,1,4,5,2,13,1,24,3,10,3,4,7,7,1,10,1,11,,108,,1,21,121.543414,25.0449171
113,10,29,17,41,2,03中山區,中山區市民大道3段與八德路2段300巷口,0,0,1,2,C03,7,5,5,40,3,2,1,4,4,5,13,4,4,1,4,5,2,13,2,48,3,10,3,4,7,9,1,10,1,13,,44,,1,21,121.543414,25.0449171
113,10,29,17,41,2,03中山區,中山區市民大道3段與八德路2段300巷口,0,0,1,3,C03,7,5,5,40,3,2,1,4,4,5,13,4,4,1,4,5,2,13,2,30,2,8,3,4,7,9,1,10,1,14,,44,,1,21,121.543414,25.0449171