發生年度,發生月,發生日,發生時-Hours,發生分,處理別-編號,區序,肇事地點,死亡人數,2-30日死亡人數,受傷人數,當事人序號,車種,天候,道路照明設備,道路類別,速限-速度限制,道路型態,事故位置,路面狀況1,路面狀況2,路面狀況3,道路障礙1,道路障礙2,號誌1,號誌2,車道劃分-分向,車道劃分-分道1,車道劃分-分道2,車道劃分-分道3,事故類型及型態,性別,年齡,受傷程度,主要傷處,保護裝置,行動電話,車輛用途,當事者行動狀態,駕駛資格情形,駕駛執照種類,飲酒情形,車輛撞擊部位1,車輛撞擊部位2,肇因碼-個別,肇因碼-主要,個人肇逃否,職業,座標-X,座標-Y
113,10,29,17,44,2,06松山區,松山區三民路與延壽街口,0,0,1,1,B03,7,5,5,50,4,1,1,4,4,5,13,2,1,9,4,5,2,17,1,44,3,10,7,1,7,6,1,8,1,7,,9,,1,21,121.5636367,25.0568818
113,10,29,17,44,2,06松山區,松山區三民路與延壽街口,0,0,1,2,C03,7,5,5,50,4,1,1,4,4,5,13,2,1,9,4,5,2,17,2,35,2,9,6,1,7,9,1,10,1,11,,108,,1,21,121.5636367,25.0568818
113,10,29,17,48,2,04大安區,大安區和平東路2段134號,0,0,1,1,C03,6,5,5,50,14,9,1,4,4,5,13,1,2,1,3,5,2,12,1,27,3,10,6,1,7,9,1,10,1,11,,16,,1,21,121.5449814,25.0247035
113,10,29,17,48,2,04大安區,大安區和平東路2段134號,0,0,1,2,C03,6,5,5,50,14,9,1,4,4,5,13,1,2,1,3,5,2,12,1,28,2,7,6,1,7,9,1,10,1,13,,44,,1,21,121.5449814,25.0247035
113,10,29,17,50,2,10文山區,文山區木新路2段299巷5號旁,0,0,2,1,C03,6,6,5,30,14,9,1,4,4,5,13,4,4,10,5,5,2,12,2,41,3,10,6,1,7,15,1,10,1,12,,19,,1,21,121.565486,24.9822536
113,10,29,17,50,2,10文山區,文山區木新路2段299巷5號旁,0,0,2,2,C04,6,6,5,30,14,9,1,4,4,5,13,4,4,10,5,5,2,12,2,47,2,8,5,1,7,9,1,10,1,14,,44,,1,21,121.565486,24.9822536
113,10,29,17,50,2,10文山區,文山區木新路2段299巷5號旁,0,0,2,3,H02,6,6,5,30,14,9,1,4,4,5,13,4,4,10,5,5,2,12,1,6,2,9,5,5,7,21,8,20,10,16,,67,,1,21,121.565486,24.9822536
113,10,29,17,58,2,10文山區,文山區指南路2段205號,0,0,2,2,C02,7,5,5,0,14,9,1,4,4,5,13,4,4,5,5,5,2,3,1,52,2,9,6,1,7,9,1,9,2,11,,108,,1,21,121.5784561,24.9869761
113,10,29,17,58,2,10文山區,文山區指南路2段205號,0,0,2,1,H01,7,5,5,0,14,9,1,4,4,5,13,4,4,5,5,5,2,3,2,76,2,9,4,5,8,16,8,20,10,16,,121,,1,21,121.5784561,24.9869761
113,10,29,18,0,2,07信義區,信義區中坡南路30號,0,0,1,1,B03,6,5,5,30,14,8,1,4,4,5,13,4,4,9,4,4,2,13,1,73,3,10,7,1,7,11,1,8,1,6,,19,,1,21,121.5831032,25.0431299
113,10,29,18,0,2,07信義區,信義區中坡南路30號,0,0,1,2,C03,6,5,5,30,14,8,1,4,4,5,13,4,4,9,4,4,2,13,2,44,2,8,5,1,7,9,1,10,1,11,,108,,1,21,121.5831032,25.0431299
113,10,29,18,3,2,11南港區,南港區市民大道8段與中南街口,0,0,1,1,C03,6,5,5,50,4,1,1,4,4,5,13,2,1,1,4,5,2,17,1,38,2,8,5,1,7,9,1,10,1,14,,81,,1,22,121.6151999,25.0544111
113,10,29,18,3,2,11南港區,南港區市民大道8段與中南街口,0,0,1,2,F01,6,5,5,50,4,1,1,4,4,5,13,2,1,1,4,5,2,17,1,33,3,10,4,1,7,9,8,20,1,17,,81,,1,22,121.6151999,25.0544111
113,10,29,18,10,2,12內湖區,內湖區康樂街61巷與康樂街85巷口,0,0,1,1,C03,6,5,5,30,4,1,1,4,4,5,13,4,4,10,5,5,2,15,2,34,2,7,6,1,7,9,1,10,1,11,,75,,1,21,121.6197908,25.0697763
113,10,29,18,10,2,12內湖區,內湖區康樂街61巷與康樂街85巷口,0,0,1,2,B03,6,5,5,30,4,1,1,4,4,5,13,4,4,10,5,5,2,15,1,61,3,10,7,1,7,9,1,8,1,7,,44,,1,21,121.6197908,25.0697763
113,10,29,18,45,2,09北投區,北投區承德路7段與石牌路1段口,0,0,1,1,B03,7,5,5,50,3,2,1,5,4,5,13,2,1,1,4,4,2,12,1,77,3,10,7,1,7,9,1,8,1,2,,17,,1,22,121.5090504,25.1127984
113,10,29,18,45,2,09北投區,北投區承德路7段與石牌路1段口,0,0,1,2,C03,7,5,5,50,3,2,1,5,4,5,13,2,1,1,4,4,2,12,2,61,2,8,5,1,7,9,1,10,1,14,,17,,1,22,121.5090504,25.1127984
113,10,29,18,54,2,01大同區,大同區民生西路與太原路口,0,0,1,1,C03,7,5,5,50,5,2,1,5,4,5,13,4,4,5,5,5,2,17,1,36,2,9,6,1,7,9,1,9,1,11,,16,,1,21,121.517124,25.0572552
113,10,29,18,54,2,01大同區,大同區民生西路與太原路口,0,0,1,2,B03,7,5,5,50,5,2,1,5,4,5,13,4,4,5,5,5,2,17,2,47,3,10,7,1,7,9,1,8,1,7,,44,,1,21,121.517124,25.0572552
113,10,29,19,25,2,04大安區,大安區敦化南路1段270巷與仁愛路4段71巷口,0,0,1,1,B01,7,5,5,30,4,1,1,4,4,5,13,4,4,10,5,5,2,15,1,23,3,10,3,4,7,9,1,4,1,1,,72,,1,21,121.5471298,25.0389723
113,10,29,19,25,2,04大安區,大安區敦化南路1段270巷與仁愛路4段71巷口,0,0,1,2,C03,7,5,5,30,4,1,1,4,4,5,13,4,4,10,5,5,2,15,2,36,2,9,5,4,7,9,1,10,1,12,,108,,1,21,121.5471298,25.0389723
113,10,29,19,25,2,12內湖區,內湖區新明路與新明路143巷口,0,0,1,1,B12,7,5,5,50,3,2,1,4,4,5,13,1,1,5,5,5,2,17,1,31,3,10,7,1,7,6,1,8,1,2,,9,,1,21,121.5893124,25.0592314
113,10,29,19,25,2,12內湖區,內湖區新明路與新明路143巷口,0,0,1,2,C03,7,5,5,50,3,2,1,4,4,5,13,1,1,5,5,5,2,17,2,27,2,9,5,1,7,9,1,10,1,14,,44,,1,21,121.5893124,25.0592314
113,10,29,19,37,2,12內湖區,內湖區康寧路3段16巷西向東，近路燈0308708,0,0,2,1,C03,6,5,5,30,14,9,1,4,4,5,13,4,4,10,5,5,2,3,1,37,2,7,5,1,7,9,1,10,2,11,,42,,1,21,121.6071473,25.07259711
113,10,29,19,37,2,12內湖區,內湖區康寧路3段16巷西向東，近路燈0308708,0,0,2,2,H01,6,5,5,30,14,9,1,4,4,5,13,4,4,10,5,5,2,3,2,12,2,9,4,5,8,18,8,20,10,16,,121,,1,21,121.6071473,25.07259711
113,10,29,19,57,2,07信義區,信義區市民大道6段250號,0,0,2,1,C03,7,5,5,40,14,9,1,4,4,5,13,4,4,1,4,5,2,17,1,25,2,9,6,1,7,9,1,10,1,14,,44,,1,21,121.5775262,25.0488519
113,10,29,19,57,2,07信義區,信義區市民大道6段250號,0,0,2,2,B01,7,5,5,40,14,9,1,4,4,5,13,4,4,1,4,5,2,17,1,58,3,10,7,1,7,14,1,4,1,2,,44,,1,21,121.5775262,25.0488519
113,10,29,19,57,2,07信義區,信義區市民大道6段250號,0,0,2,3,,7,5,5,40,14,9,1,4,4,5,13,4,4,1,4,5,2,17,3,0,,,,,,,,,10,,,130,,1,,121.5775262,25.0488519
113,10,29,19,57,2,07信義區,信義區市民大道6段250號,0,0,2,4,H02,7,5,5,40,14,9,1,4,4,5,13,4,4,1,4,5,2,17,2,22,2,9,6,5,7,20,8,20,10,16,,67,,1,21,121.5775262,25.0488519
113,10,29,20,55,2,03中山區,中山區中山北路2段與中山北路2段45巷口,0,0,1,1,B01,7,5,5,50,3,1,1,5,4,5,13,4,4,5,4,3,2,17,1,62,3,10,7,1,7,9,1,4,9,17,,44,,1,21,121.522814,25.05446945
113,10,29,20,55,2,03中山區,中山區中山北路2段與中山北路2段45巷口,0,0,1,2,C03,7,5,5,50,3,1,1,5,4,5,13,4,4,5,4,3,2,17,1,37,2,9,6,1,7,9,1,10,1,12,,16,,1,21,121.522814,25.05446945
113,10,29,22,13,2,08士林區,士林區延平北路6段與中正路口口,0,0,2,2,C03,7,5,5,50,4,2,1,5,4,5,13,2,1,8,3,5,2,17,1,30,3,10,5,4,7,9,1,10,1,11,,44,,1,22,121.5092331,25.0868352
113,10,29,22,13,2,08士林區,士林區延平北路6段與中正路口口,0,0,2,1,C03,7,5,5,50,4,2,1,5,4,5,13,2,1,8,3,5,2,17,2,27,2,9,5,4,7,5,1,10,1,14,,8,,1,22,121.5092331,25.0868352
113,10,29,22,13,2,08士林區,士林區延平北路6段與中正路口口,0,0,2,3,H02,7,5,5,50,4,2,1,5,4,5,13,2,1,8,3,5,2,17,1,5,2,8,3,5,7,21,8,20,10,16,,67,,1,22,121.5092331,25.0868352
113,10,29,22,26,2,04大安區,大安區基隆路3段155巷25號附近側附近,0,0,1,1,C03,7,5,5,50,14,9,1,5,4,5,13,4,4,4,5,5,2,17,2,62,2,8,5,1,7,4,1,8,1,11,,94,,1,21,121.5432794,25.0148373
113,10,29,22,26,2,04大安區,大安區基隆路3段155巷25號附近側附近,0,0,1,2,B03,7,5,5,50,14,9,1,5,4,5,13,4,4,4,5,5,2,17,2,24,3,10,7,1,7,5,1,8,1,4,,44,,1,21,121.5432794,25.0148373
113,10,30,0,3,2,03中山區,中山區新生北路1段與林森北路133巷口,0,0,1,1,B01,7,5,5,50,3,1,1,5,4,5,13,4,4,1,4,5,2,17,1,66,3,10,7,1,7,2,1,4,1,7,,12,,1,21,121.5278321,25.05096165
113,10,30,0,3,2,03中山區,中山區新生北路1段與林森北路133巷口,0,0,1,2,C03,7,5,5,50,3,1,1,5,4,5,13,4,4,1,4,5,2,17,1,58,2,8,6,1,7,9,1,10,1,11,14,44,,1,21,121.5278321,25.05096165
113,10,30,0,25,2,06松山區,松山區塔悠路與撫遠街389巷口,0,0,1,1,C03,8,5,5,50,4,1,1,5,4,5,13,2,1,3,4,5,2,17,2,19,2,7,6,1,7,5,1,10,1,14,,96,,1,21,121.5680314,25.06526411
113,10,30,0,25,2,06松山區,松山區塔悠路與撫遠街389巷口,0,0,1,2,B03,8,5,5,50,4,1,1,5,4,5,13,2,1,3,4,5,2,17,1,29,3,10,7,1,7,9,1,8,1,6,,44,,1,21,121.5680314,25.06526411
113,10,30,5,25,2,08士林區,士林區天母西路與天母西路83巷口,0,0,1,1,B03,6,5,5,50,4,1,1,4,4,5,13,4,4,5,5,5,1,1,1,45,3,10,7,1,7,5,1,8,1,5,,70,,1,21,121.5250124,25.1185603
113,10,30,5,25,2,08士林區,士林區天母西路與天母西路83巷口,0,0,1,2,H01,6,5,5,50,4,1,1,4,4,5,13,4,4,5,5,5,1,1,2,63,2,9,4,5,8,16,8,20,10,16,,67,,1,21,121.5250124,25.1185603
113,10,30,7,13,2,09北投區,北投區尊賢街218巷與吉利街142巷口,0,0,1,1,B03,6,6,5,30,4,1,1,4,4,5,13,4,4,10,5,5,1,15,1,44,3,10,7,1,7,9,1,8,1,5,,75,,1,21,121.5183568,25.04847309
113,10,30,7,13,2,09北投區,北投區尊賢街218巷與吉利街142巷口,0,0,1,2,C03,6,6,5,30,4,1,1,4,4,5,13,4,4,10,5,5,1,15,2,55,2,9,5,1,7,9,1,10,1,11,,14,,1,21,121.5183568,25.04847309
113,10,30,7,16,2,04大安區,大安區仁愛路4段345巷5弄與延吉街口,0,0,1,1,B03,6,6,5,30,4,1,1,4,4,5,13,4,4,10,5,5,2,17,2,45,3,10,3,4,7,9,1,8,1,17,,72,,1,22,121.5552204,25.0384892
113,10,30,7,16,2,04大安區,大安區仁愛路4段345巷5弄與延吉街口,0,0,1,2,C03,6,6,5,30,4,1,1,4,4,5,13,4,4,10,5,5,2,17,1,36,2,9,6,4,7,9,1,10,1,17,,42,,1,22,121.5552204,25.0384892
113,10,30,7,24,2,04大安區,大安區基隆路3段與辛亥路3段口,0,0,2,1,C04,6,6,5,50,4,1,1,4,4,5,13,2,1,5,4,5,2,13,2,52,2,9,6,1,7,9,1,11,1,11,,16,,1,21,121.5465004,25.0192052
113,10,30,7,24,2,04大安區,大安區基隆路3段與辛亥路3段口,0,0,2,2,C03,6,6,5,50,4,1,1,4,4,5,13,2,1,5,4,5,2,13,2,54,2,9,6,1,7,14,1,10,1,13,,44,,1,21,121.5465004,25.0192052
113,10,30,7,31,2,01大同區,大同區承德路3段242號,0,0,1,1,C03,6,7,5,50,14,9,1,4,4,5,13,4,4,1,4,5,2,12,1,28,2,8,6,1,7,9,1,10,1,12,,44,,1,21,121.5189039,25.0728695
113,10,30,7,31,2,01大同區,大同區承德路3段242號,0,0,1,2,C03,6,7,5,50,14,9,1,4,4,5,13,4,4,1,4,5,2,12,1,32,3,10,6,1,7,9,1,10,1,13,,17,,1,21,121.5189039,25.0728695
113,10,30,7,32,2,10文山區,文山區景福街3巷4號前,0,0,1,1,B03,6,6,5,30,14,24,1,4,4,5,13,4,4,10,5,5,1,9,1,73,3,10,7,1,7,3,1,8,11,1,,99,,2,21,121.539432,24.99906678
113,10,30,7,32,2,10文山區,文山區景福街3巷4號前,0,0,1,2,H01,6,6,5,30,14,24,1,4,4,5,13,4,4,10,5,5,1,9,1,8,2,8,4,5,8,16,8,20,10,16,,67,,1,14,121.539432,24.99906678
113,10,30,7,50,2,07信義區,信義區信安街與信安街103巷口,0,0,1,1,C03,6,6,5,50,4,1,1,4,4,5,13,4,4,9,5,5,2,17,2,43,3,10,3,4,7,6,1,10,2,12,,9,,1,22,121.5565683,25.0253624
113,10,30,7,50,2,07信義區,信義區信安街與信安街103巷口,0,0,1,2,F02,6,6,5,50,4,1,1,4,4,5,13,4,4,9,5,5,2,17,2,50,2,1,3,4,7,9,8,20,2,11,,44,,1,21,121.5565683,25.0253624
113,10,30,8,0,2,10文山區,文山區木柵路5段與木柵路5段43巷口,0,0,1,1,B03,6,6,5,30,3,1,1,4,4,5,13,4,4,10,5,5,1,17,1,37,3,10,7,1,7,5,1,8,1,8,,73,,1,21,121.584849,25.003086
113,10,30,8,0,2,10文山區,文山區木柵路5段與木柵路5段43巷口,0,0,1,2,C03,6,6,5,30,3,1,1,4,4,5,13,4,4,10,5,5,1,17,1,24,2,8,5,1,7,9,1,10,1,11,,44,,1,21,121.584849,25.003086
113,10,30,8,8,2,06松山區,松山區市民大道5段與東寧路口,0,0,1,1,B03,6,7,5,40,4,1,1,4,4,5,13,2,1,1,4,5,2,16,1,36,3,10,7,1,7,15,1,8,2,2,,5,,1,25,121.5630626,25.0474062
113,10,30,8,8,2,06松山區,松山區市民大道5段與東寧路口,0,0,1,2,C03,6,7,5,40,4,1,1,4,4,5,13,2,1,1,4,5,2,16,1,19,2,9,5,1,7,9,1,10,2,14,,17,,1,25,121.5630626,25.0474062
113,10,30,8,24,2,05中正區,中正區汀州路2段與汀州路2段6巷口口,0,0,1,1,C03,6,6,5,50,3,1,1,4,4,5,13,4,4,9,5,5,1,16,1,48,3,10,6,1,7,5,1,10,1,11,,74,,1,21,121.5154073,25.0258085
113,10,30,8,24,2,05中正區,中正區汀州路2段與汀州路2段6巷口口,0,0,1,2,C03,6,6,5,50,3,1,1,4,4,5,13,4,4,9,5,5,1,16,1,21,2,8,6,1,7,9,1,10,1,14,,44,,1,21,121.5154073,25.0258085
113,10,30,8,32,2,12內湖區,內湖區陽光街與文德路22巷44弄口,0,0,1,1,C03,6,6,5,30,3,2,1,4,4,5,13,4,4,9,5,5,2,17,2,27,2,9,6,1,7,5,1,10,2,11,,44,,1,21,121.5815772,25.07479479
113,10,30,8,32,2,12內湖區,內湖區陽光街與文德路22巷44弄口,0,0,1,2,B01,6,6,5,30,3,2,1,4,4,5,13,4,4,9,5,5,2,17,1,58,3,10,7,1,7,5,1,4,2,17,,8,,1,21,121.5815772,25.07479479
113,10,30,8,35,2,08士林區,士林區福港街與福港街160巷口,0,0,2,1,C03,6,7,5,30,4,1,1,4,4,5,13,4,4,5,5,5,1,15,2,40,2,9,6,1,7,9,1,10,1,14,,72,,1,21,121.5177977,25.0870804
113,10,30,8,35,2,08士林區,士林區福港街與福港街160巷口,0,0,2,2,C03,6,7,5,30,4,1,1,4,4,5,13,4,4,5,5,5,1,15,1,57,2,9,6,1,7,9,6,10,1,11,,44,,1,21,121.5177977,25.0870804
113,10,30,8,42,2,03中山區,中山區伊通街與松江路123巷口,0,0,1,1,C03,6,6,5,30,4,1,1,4,4,5,13,4,4,10,4,5,2,15,1,35,2,9,5,1,7,9,1,10,2,11,,72,,1,21,121.5348357,25.052908
113,10,30,8,42,2,03中山區,中山區伊通街與松江路123巷口,0,0,1,2,B03,6,6,5,30,4,1,1,4,4,5,13,4,4,10,4,5,2,15,1,55,3,10,7,1,7,9,1,8,2,8,,44,,1,21,121.5348357,25.052908
113,10,30,9,10,2,09北投區,北投區中央南路2段與北投路1段口,0,0,1,1,C03,7,5,6,50,3,1,1,4,4,5,13,1,1,9,4,5,1,13,1,,2,9,3,4,7,9,1,10,1,11,,16,,1,21,121.5005662,25.1271697
113,10,30,9,10,2,09北投區,北投區中央南路2段與北投路1段口,0,0,1,2,B03,7,5,6,50,3,1,1,4,4,5,13,1,1,9,4,5,1,13,1,60,3,10,3,4,7,9,1,8,1,6,,44,,1,21,121.5005662,25.1271697
113,10,30,9,19,2,10文山區,文山區羅斯福路6段與羅斯福路6段276巷口,0,0,2,1,C03,6,6,5,50,14,9,1,4,4,5,13,4,4,1,4,5,2,12,1,63,3,10,6,1,7,7,1,10,1,14,,100,,1,22,121.539968,24.9909587
113,10,30,9,19,2,10文山區,文山區羅斯福路6段與羅斯福路6段276巷口,0,0,2,2,C03,6,6,5,50,14,9,1,4,4,5,13,4,4,1,4,5,2,12,2,19,2,9,6,1,7,9,1,10,1,12,,44,,1,22,121.539968,24.9909587
113,10,30,9,19,2,10文山區,文山區羅斯福路6段與羅斯福路6段276巷口,0,0,2,3,C03,6,6,5,50,14,9,1,4,4,5,13,4,4,1,4,5,2,12,2,19,2,9,6,1,7,9,1,10,1,12,,44,,1,22,121.539968,24.9909587
113,10,30,9,28,2,10文山區,文山區指南路3段與政大一街口口,0,0,1,1,B02,6,6,5,30,3,1,1,4,4,5,13,2,1,9,5,5,2,16,1,58,3,10,7,1,7,6,1,8,1,2,,71,,1,21,121.5798465,24.9857398
113,10,30,9,28,2,10文山區,文山區指南路3段與政大一街口口,0,0,1,2,C03,6,6,5,30,3,1,1,4,4,5,13,2,1,9,5,5,2,16,2,29,2,8,5,1,7,9,1,10,1,11,,16,,1,21,121.5798465,24.9857398
113,10,30,9,38,2,09北投區,北投區公館路與西安街2段口,0,0,1,1,C03,7,6,5,50,4,1,1,4,4,5,13,2,1,5,4,5,2,16,1,24,3,10,5,1,7,5,1,10,9,12,,71,,2,21,121.5027521,25.121455
113,10,30,9,38,2,09北投區,北投區公館路與西安街2段口,0,0,1,2,C03,7,6,5,50,4,1,1,4,4,5,13,2,1,5,4,5,2,16,1,27,2,8,5,1,7,9,1,9,1,11,,44,,1,21,121.5027521,25.121455
113,10,30,9,59,2,02萬華區,萬華區桂林路與桂林路242巷口,0,0,2,1,B12,6,7,5,50,5,2,1,4,4,5,13,1,1,1,3,1,2,13,1,70,3,10,7,1,7,9,1,8,1,6,,44,,1,21,121.4959111,25.0386855
113,10,30,9,59,2,02萬華區,萬華區桂林路與桂林路242巷口,0,0,2,2,C03,6,7,5,50,5,2,1,4,4,5,13,1,1,1,3,1,2,13,1,22,2,9,5,1,7,9,1,10,1,11,,16,,1,21,121.4959111,25.0386855
113,10,30,9,59,2,02萬華區,萬華區桂林路與桂林路242巷口,0,0,2,3,C03,6,7,5,50,5,2,1,4,4,5,13,1,1,1,3,1,2,13,1,33,2,8,5,1,7,9,1,10,1,11,,44,,1,21,121.4959111,25.0386855
113,10,30,10,3,2,05中正區,中正區中山南路立法院前,0,0,1,2,C03,6,6,5,50,14,9,1,4,4,5,12,4,4,5,4,5,2,17,1,24,2,9,5,1,7,9,1,10,1,14,,44,,1,22,121.5193092,25.0442561
113,10,30,10,3,2,05中正區,中正區中山南路立法院前,0,0,1,1,B02,6,6,5,50,14,9,1,4,4,5,12,4,4,5,4,5,2,17,1,68,3,10,7,1,7,6,1,8,9,17,,19,,1,22,121.5193092,25.0442561
113,10,30,10,59,2,10文山區,文山區水源快速道路北往南方向6010642燈桿處,0,0,1,1,A12,6,6,5,40,10,16,1,4,4,5,13,4,4,10,5,5,2,13,1,27,3,10,7,1,1,9,1,6,2,1,,108,,1,21,121.5357958,25.01077863
113,10,30,10,59,2,10文山區,文山區水源快速道路北往南方向6010642燈桿處,0,0,1,2,B03,6,6,5,40,10,16,1,4,4,5,13,4,4,10,5,5,2,13,1,56,3,10,7,1,7,14,1,8,2,3,,44,,1,21,121.5357958,25.01077863
113,10,30,10,59,2,10文山區,文山區水源快速道路北往南方向6010642燈桿處,0,0,1,3,B12,6,6,5,40,10,16,1,4,4,5,13,4,4,10,5,5,2,13,1,33,2,8,7,1,7,14,1,8,2,3,1,44,,1,21,121.5357958,25.01077863
113,10,30,11,0,2,05中正區,中正區忠孝西路1段與館前路口,0,0,1,2,B01,6,6,5,50,4,2,1,4,4,5,13,1,1,3,2,5,2,12,1,67,2,7,2,1,7,7,1,4,2,8,,100,,1,22,121.5147499,25.0468188
113,10,30,11,0,2,05中正區,中正區忠孝西路1段與館前路口,0,0,1,1,B03,6,6,5,50,4,2,1,4,4,5,13,1,1,3,2,5,2,12,1,56,3,10,2,1,7,8,1,8,2,2,,100,,1,22,121.5147499,25.0468188
113,10,30,11,12,2,04大安區,大安區和平東路3段與敦化南路2段口,0,0,1,1,B01,6,6,5,50,4,1,1,4,4,5,13,1,1,1,4,5,2,16,1,65,3,10,3,4,7,9,1,4,2,1,,44,,1,21,121.5484984,25.0246567
113,10,30,11,12,2,04大安區,大安區和平東路3段與敦化南路2段口,0,0,1,2,B01,6,6,5,50,4,1,1,4,4,5,13,1,1,1,4,5,2,16,1,68,3,10,3,4,7,9,1,4,2,7,,71,,1,21,121.5484984,25.0246567
113,10,30,11,12,2,04大安區,大安區和平東路3段與敦化南路2段口,0,0,1,3,H02,6,6,5,50,4,1,1,4,4,5,13,1,1,1,4,5,2,16,2,40,2,9,3,5,7,20,8,20,10,16,,67,,1,21,121.5484984,25.0246567
113,10,30,11,30,2,02萬華區,萬華區萬大路與萬大路344巷口,0,0,1,1,B03,6,7,5,30,3,1,1,4,4,5,13,4,4,1,5,5,2,16,2,59,3,10,7,1,7,6,1,8,1,2,,44,,1,21,121.499959,25.0237971
113,10,30,11,30,2,02萬華區,萬華區萬大路與萬大路344巷口,0,0,1,2,C03,6,7,5,30,3,1,1,4,4,5,13,4,4,1,5,5,2,16,1,33,2,8,5,1,7,9,1,10,1,14,,13,,1,21,121.499959,25.0237971
113,10,30,12,0,2,09北投區,北投區知行路與知行路201巷口,0,0,1,1,B03,6,6,5,50,5,1,1,4,4,5,13,4,4,5,4,5,2,17,2,49,3,10,7,1,7,6,1,8,1,5,,9,,1,21,121.4664194,25.1192201
113,10,30,12,0,2,09北投區,北投區知行路與知行路201巷口,0,0,1,2,C03,6,6,5,50,5,1,1,4,4,5,13,4,4,5,4,5,2,17,2,43,2,9,5,1,7,9,1,10,1,14,,44,,1,21,121.4664194,25.1192201
113,10,30,12,58,2,07信義區,信義區信安街67巷嘟嘟房停車場,0,0,1,1,B03,6,6,5,50,14,9,1,4,4,5,13,4,4,9,4,4,2,17,1,29,3,10,7,1,7,6,1,8,2,2,,9,,1,21,121.5602088,25.0258915
113,10,30,12,58,2,07信義區,信義區信安街67巷嘟嘟房停車場,0,0,1,2,F03,6,6,5,50,14,9,1,4,4,5,13,4,4,9,4,4,2,17,2,74,2,9,4,1,7,9,8,20,2,11,,44,,1,21,121.5602088,25.0258915
113,10,30,12,59,2,09北投區,北投區中央北路2段377號,0,0,1,1,B12,6,7,5,50,14,9,1,4,4,5,13,4,4,5,4,5,2,16,1,41,3,10,7,1,7,1,1,8,1,8,,19,,1,22,121.4873168,25.13829735
113,10,30,12,59,2,09北投區,北投區中央北路2段377號,0,0,1,2,C03,6,7,5,50,14,9,1,4,4,5,13,4,4,5,4,5,2,16,1,19,2,9,6,1,7,9,1,10,1,12,,44,,1,22,121.4873168,25.13829735
113,10,30,13,18,2,04大安區,大安區忠孝東路4段182號,0,0,1,1,C03,6,7,5,50,14,9,1,4,4,5,13,4,4,1,4,5,2,12,2,57,2,9,5,1,7,7,1,10,1,14,,100,,1,21,121.5517266,25.04133432
113,10,30,13,18,2,04大安區,大安區忠孝東路4段182號,0,0,1,2,B01,6,7,5,50,14,9,1,4,4,5,13,4,4,1,4,5,2,12,1,36,3,10,7,1,7,9,1,4,1,2,,44,,1,21,121.5517266,25.04133432
113,10,30,13,27,2,12內湖區,內湖區民權東路6段90巷與民權東路6段口,0,0,1,1,B03,6,6,5,50,3,1,1,4,4,5,13,1,1,1,4,4,2,16,1,45,3,10,7,1,7,1,1,8,2,8,,80,,1,21,121.586102,25.06878288
113,10,30,13,27,2,12內湖區,內湖區民權東路6段90巷與民權東路6段口,0,0,1,2,C03,6,6,5,50,3,1,1,4,4,5,13,1,1,1,4,4,2,16,1,22,2,9,6,1,7,9,1,10,2,12,,44,,1,21,121.586102,25.06878288
113,10,30,13,35,2,02萬華區,萬華區富民路95號,0,0,1,1,B13,6,7,5,30,14,9,1,4,4,5,13,4,4,10,5,5,2,12,1,50,3,10,7,1,7,7,1,8,1,4,,100,,1,21,121.4990198,25.0185301
113,10,30,13,35,2,02萬華區,萬華區富民路95號,0,0,1,2,C03,6,7,5,30,14,9,1,4,4,5,13,4,4,10,5,5,2,12,2,28,2,9,5,1,7,9,1,10,1,12,,44,,1,21,121.4990198,25.0185301
113,10,30,13,45,2,08士林區,士林區承德路4段與承德路4段77巷口,0,0,1,1,B03,6,6,5,50,5,1,1,4,4,5,13,1,1,1,4,5,2,17,1,87,3,10,7,1,7,5,1,8,2,17,,8,,1,22,121.5232138,25.0820968
113,10,30,13,45,2,08士林區,士林區承德路4段與承德路4段77巷口,0,0,1,2,C03,6,6,5,50,5,1,1,4,4,5,13,1,1,1,4,5,2,17,2,51,2,9,6,1,7,9,1,10,2,17,,42,,1,22,121.5232138,25.0820968
113,10,30,14,0,2,05中正區,中正區南海路與泉州街口,0,0,1,1,B01,6,7,5,50,3,1,1,4,4,5,13,3,1,10,4,4,2,16,1,73,3,10,7,1,7,5,1,4,11,3,,8,,2,21,121.5135984,25.0316921
113,10,30,14,0,2,05中正區,中正區南海路與泉州街口,0,0,1,2,C03,6,7,5,50,3,1,1,4,4,5,13,3,1,10,4,4,2,16,1,54,2,9,5,1,7,9,1,10,1,11,,13,,1,21,121.5135984,25.0316921
113,10,30,14,5,2,05中正區,中正區中華路1段41號,0,0,1,1,B02,6,6,8,50,22,22,1,4,4,5,13,2,1,3,4,3,2,17,4,0,,,,,,,,,,,,119,,2,,121.5092666,25.0448588
113,10,30,14,5,2,05中正區,中正區中華路1段41號,0,0,1,2,B03,6,6,8,50,22,22,1,4,4,5,13,2,1,3,4,3,2,17,1,30,2,7,2,1,7,15,1,8,1,17,,38,,1,21,121.5092666,25.0448588
113,10,30,15,7,2,04大安區,大安區仁愛路4段137號,0,0,1,1,C03,6,5,5,50,14,9,1,4,4,3,13,4,4,1,4,5,2,17,1,22,2,8,3,4,7,12,1,10,1,14,,44,,1,21,121.5508874,25.0380112