發生年度,發生月,發生日,發生時-Hours,發生分,處理別-編號,區序,肇事地點,死亡人數,2-30日死亡人數,受傷人數,當事人序號,車種,天候,道路照明設備,道路類別,速限-速度限制,道路型態,事故位置,路面狀況1,路面狀況2,路面狀況3,道路障礙1,道路障礙2,號誌1,號誌2,車道劃分-分向,車道劃分-分道1,車道劃分-分道2,車道劃分-分道3,事故類型及型態,性別,年齡,受傷程度,主要傷處,保護裝置,行動電話,車輛用途,當事者行動狀態,駕駛資格情形,駕駛執照種類,飲酒情形,車輛撞擊部位1,車輛撞擊部位2,肇因碼-個別,肇因碼-主要,個人肇逃否,職業,座標-X,座標-Y
113,10,30,15,7,2,04大安區,大安區仁愛路4段137號,0,0,1,2,B01,6,5,5,50,14,9,1,4,4,3,13,4,4,1,4,5,2,17,1,66,3,10,3,4,7,8,1,4,1,17,,80,,1,21,121.5508874,25.0380112
113,10,30,15,7,2,04大安區,大安區仁愛路4段137號,0,0,1,3,B03,6,5,5,50,14,9,1,4,4,3,13,4,4,1,4,5,2,17,1,66,3,10,3,4,7,21,1,10,9,17,,44,,1,21,121.5508874,25.0380112
113,10,30,15,30,2,05中正區,中正區忠孝東路2段與忠孝東路2段64巷口,0,0,1,1,C03,6,6,5,50,3,2,1,4,4,5,13,4,4,3,2,5,2,16,1,24,2,8,6,1,7,9,1,10,1,14,,107,,1,22,121.528605,25.0433622
113,10,30,15,30,2,05中正區,中正區忠孝東路2段與忠孝東路2段64巷口,0,0,1,2,B03,6,6,5,50,3,2,1,4,4,5,13,4,4,3,2,5,2,16,1,32,3,10,2,1,7,6,1,8,1,6,,9,,1,22,121.528605,25.0433622
113,10,30,15,37,2,01大同區,大同區承德路3段與民權西路口,0,0,2,1,B03,6,6,5,50,5,2,1,4,4,5,13,4,4,1,4,5,2,13,1,61,3,10,7,1,7,9,1,8,2,1,,16,,1,21,121.5182938,25.0634597
113,10,30,15,37,2,01大同區,大同區承德路3段與民權西路口,0,0,2,2,B03,6,6,5,50,5,2,1,4,4,5,13,4,4,1,4,5,2,13,2,52,2,3,7,1,7,14,1,8,2,3,,44,,1,21,121.5182938,25.0634597
113,10,30,15,37,2,01大同區,大同區承德路3段與民權西路口,0,0,2,3,E03,6,6,5,50,5,2,1,4,4,5,13,4,4,1,4,5,2,13,1,27,3,10,7,1,7,14,1,8,2,3,,44,,1,21,121.5182938,25.0634597
113,10,30,15,37,2,01大同區,大同區承德路3段與民權西路口,0,0,2,4,B12,6,6,5,50,5,2,1,4,4,5,13,4,4,1,4,5,2,13,1,54,3,10,7,1,7,14,1,8,2,3,,44,,1,21,121.5182938,25.0634597
113,10,30,15,37,2,01大同區,大同區承德路3段與民權西路口,0,0,2,5,H02,6,6,5,50,5,2,1,4,4,5,13,4,4,1,4,5,2,13,2,51,2,3,7,5,7,17,8,20,10,16,,67,,1,21,121.5182938,25.0634597
113,10,30,16,23,2,08士林區,士林區文林路與大東路口,0,0,1,1,B03,6,6,5,50,5,2,1,4,4,5,13,4,4,10,4,5,1,17,2,59,3,10,7,1,7,21,1,8,1,4,,101,,1,21,121.5251372,25.09349002
113,10,30,16,23,2,08士林區,士林區文林路與大東路口,0,0,1,2,C03,6,6,5,50,5,2,1,4,4,5,13,4,4,10,4,5,1,17,1,24,2,9,6,1,7,9,1,10,1,12,,44,,1,21,121.5251372,25.09349002
113,10,30,16,30,2,09北投區,北投區中央南路2段與大度路口,0,0,2,1,B03,6,7,5,40,5,1,1,4,4,5,13,2,1,1,4,5,2,16,1,43,3,10,7,1,7,6,1,8,1,1,,9,,1,22,121.4997606,25.1212205
113,10,30,16,30,2,09北投區,北投區中央南路2段與大度路口,0,0,2,2,C03,6,7,5,40,5,1,1,4,4,5,13,2,1,1,4,5,2,16,1,30,2,9,5,1,7,9,1,10,1,12,,8,,1,22,121.4997606,25.1212205
113,10,30,16,30,2,09北投區,北投區中央南路2段與大度路口,0,0,2,3,H02,6,7,5,40,5,1,1,4,4,5,13,2,1,1,4,5,2,16,2,58,2,9,5,5,7,20,8,20,10,16,,67,,1,22,121.4997606,25.1212205
113,10,30,16,40,2,08士林區,士林區通河東街1段與大南路口,0,0,1,1,C03,6,7,5,30,3,1,1,4,4,5,13,1,1,10,5,5,2,17,1,69,2,2,6,1,7,15,1,10,1,13,,9,,1,21,121.5199743,25.09632857
113,10,30,16,40,2,08士林區,士林區通河東街1段與大南路口,0,0,1,2,B03,6,7,5,30,3,1,1,4,4,5,13,1,1,10,5,5,2,17,1,29,3,10,7,1,7,9,1,8,1,1,,44,,1,21,121.5199743,25.09632857
113,10,30,16,40,2,08士林區,士林區中山北路5段南往北第1101895號燈桿,0,0,1,1,B01,6,5,5,50,14,9,1,4,4,5,13,4,4,10,3,5,1,17,1,45,3,10,7,1,7,8,1,4,2,17,,101,,1,21,121.5261826,25.10154885
113,10,30,16,40,2,08士林區,士林區中山北路5段南往北第1101895號燈桿,0,0,1,2,C03,6,5,5,50,14,9,1,4,4,5,13,4,4,10,3,5,1,17,2,41,2,9,5,1,7,9,1,10,2,14,,44,,1,21,121.5261826,25.10154885
113,10,30,16,42,2,09北投區,北投區大業路與洲美快速道路口北往南方向,0,0,1,1,B03,6,5,5,50,4,2,1,4,4,5,13,1,1,9,4,5,1,17,1,75,3,10,7,1,7,9,1,8,2,6,,81,,1,21,121.4996678,25.1208625
113,10,30,16,42,2,09北投區,北投區大業路與洲美快速道路口北往南方向,0,0,1,2,C03,6,5,5,50,4,2,1,4,4,5,13,1,1,9,4,5,1,17,2,53,2,8,5,1,7,9,1,10,2,11,,44,,1,22,121.4996678,25.1208625
113,10,30,16,44,2,06松山區,松山區民生東路5段36巷與民生東路5段口,0,0,2,3,B01,6,5,5,50,3,2,1,4,4,5,13,1,1,8,3,5,2,16,2,60,3,10,7,1,7,14,1,4,1,17,,38,,1,21,121.5570173,25.0581922
113,10,30,16,44,2,06松山區,松山區民生東路5段36巷與民生東路5段口,0,0,2,1,C03,6,5,5,50,3,2,1,4,4,5,13,1,1,8,3,5,2,16,1,31,2,9,5,1,7,6,1,10,1,12,,9,,1,21,121.5570173,25.0581922
113,10,30,16,44,2,06松山區,松山區民生東路5段36巷與民生東路5段口,0,0,2,2,C03,6,5,5,50,3,2,1,4,4,5,13,1,1,8,3,5,2,16,2,23,2,9,5,1,7,6,1,10,1,14,,9,,1,21,121.5570173,25.0581922
113,10,30,17,35,2,04大安區,大安區仁愛路4段112巷與敦化南路1段295巷口,0,0,1,2,H04,6,5,5,30,4,1,1,4,4,5,13,4,4,10,5,5,2,9,2,68,2,9,4,5,8,20,8,20,1,16,,67,,1,22,121.5496474,25.0354772
113,10,30,17,35,2,04大安區,大安區仁愛路4段112巷與敦化南路1段295巷口,0,0,1,1,B03,6,5,5,30,4,1,1,4,4,5,13,4,4,10,5,5,2,9,1,70,3,10,3,4,7,5,1,8,1,1,,70,,1,22,121.5496474,25.0354772
113,10,30,17,35,2,12內湖區,內湖區瑞光路66巷與瑞光路口,0,0,1,1,B12,7,5,5,50,3,1,1,4,4,5,13,2,1,5,4,5,2,16,1,46,3,10,3,4,7,6,1,8,2,2,,9,,1,22,121.5822019,25.0707785
113,10,30,17,35,2,12內湖區,內湖區瑞光路66巷與瑞光路口,0,0,1,2,C03,7,5,5,50,3,1,1,4,4,5,13,2,1,5,4,5,2,16,2,26,2,9,6,1,7,9,1,10,2,14,,44,,1,22,121.5822019,25.0707785
113,10,30,17,35,2,07信義區,信義區和平東路3段575巷與和平東路3段口,0,0,1,1,A12,6,5,5,40,3,2,1,4,4,5,13,4,4,10,5,5,2,17,1,37,3,10,7,1,7,5,1,7,1,8,,108,,1,21,121.5619172,25.0150565
113,10,30,17,35,2,07信義區,信義區和平東路3段575巷與和平東路3段口,0,0,1,2,C03,6,5,5,40,3,2,1,4,4,5,13,4,4,10,5,5,2,17,1,27,2,8,5,1,7,14,1,10,1,14,,44,,1,21,121.5619172,25.0150565
113,10,30,17,39,2,07信義區,信義區松高路與忠孝東路5段22巷口,0,0,1,1,A02,6,5,5,50,3,1,1,4,4,5,13,1,1,9,4,4,2,17,1,59,3,10,7,1,7,2,1,2,11,7,,12,,1,21,121.5660609,25.0391133
113,10,30,17,39,2,07信義區,信義區松高路與忠孝東路5段22巷口,0,0,1,2,B01,6,5,5,50,3,1,1,4,4,5,13,1,1,9,4,4,2,17,1,59,2,9,7,1,7,14,1,4,1,1,,44,,1,21,121.5660609,25.0391133
113,10,30,17,40,2,04大安區,大安區仁愛路4段385號內側車道,0,0,2,1,B01,6,6,5,50,14,9,1,4,4,5,13,4,4,1,4,5,2,13,1,55,3,10,7,1,7,9,1,4,1,1,,16,,1,21,121.5550526,25.0377777
113,10,30,17,40,2,04大安區,大安區仁愛路4段385號內側車道,0,0,2,2,B03,6,6,5,50,14,9,1,4,4,5,13,4,4,1,4,5,2,13,2,65,2,1,7,1,7,14,1,8,1,3,,44,,1,21,121.5550526,25.0377777
113,10,30,17,40,2,04大安區,大安區仁愛路4段385號內側車道,0,0,2,3,H02,6,6,5,50,14,9,1,4,4,5,13,4,4,1,4,5,2,13,2,36,2,1,7,5,7,20,8,20,10,16,,67,,1,21,121.5550526,25.0377777
113,10,30,17,40,2,12內湖區,內湖區康寧路3段18號旁,0,0,2,1,C03,6,5,5,50,14,9,1,4,4,5,13,4,4,1,4,5,2,13,2,45,2,9,6,1,7,9,1,10,2,11,,118,,1,21,121.6073259,25.0724339
113,10,30,17,40,2,12內湖區,內湖區康寧路3段18號旁,0,0,2,2,C03,6,5,5,50,14,9,1,4,4,5,13,4,4,1,4,5,2,13,2,19,2,9,6,1,7,9,1,10,2,13,,118,,1,21,121.6073259,25.0724339
113,10,30,17,47,2,01大同區,大同區酒泉街84號,0,0,1,1,C03,6,5,5,50,14,9,1,4,4,5,13,4,4,5,2,5,2,17,2,20,3,10,5,1,7,9,1,10,1,11,,16,,1,21,121.5147877,25.07199877
113,10,30,17,47,2,01大同區,大同區酒泉街84號,0,0,1,2,C03,6,5,5,50,14,9,1,4,4,5,13,4,4,5,2,5,2,17,1,44,2,8,6,1,7,9,1,10,1,13,,44,,1,21,121.5147877,25.07199877
113,10,30,17,47,2,01大同區,大同區酒泉街84號,0,0,1,3,C03,6,5,5,50,14,9,1,4,4,5,13,4,4,5,2,5,2,17,1,40,3,10,5,1,7,9,1,10,1,13,,44,,1,21,121.5147877,25.07199877
113,10,30,17,50,2,12內湖區,內湖區民權隧道往東,0,0,1,1,C03,6,5,5,50,6,9,1,4,4,5,13,4,4,1,4,5,2,17,1,21,2,9,6,1,7,9,1,10,1,11,,16,,1,21,121.6027048,25.0692472
113,10,30,17,50,2,12內湖區,內湖區民權隧道往東,0,0,1,2,C03,6,5,5,50,6,9,1,4,4,5,13,4,4,1,4,5,2,17,1,41,3,10,6,1,7,9,1,10,1,13,,44,,1,21,121.6027048,25.0692472
113,10,30,17,51,2,11南港區,南港區成福路與成福路107巷口,0,0,2,1,C03,6,5,5,50,3,1,1,4,4,5,13,4,4,5,5,5,2,3,2,48,2,7,5,1,7,9,6,18,1,11,,70,,1,22,121.5871666,25.0422915
113,10,30,17,51,2,11南港區,南港區成福路與成福路107巷口,0,0,2,2,H01,6,5,5,50,3,1,1,4,4,5,13,4,4,5,5,5,2,3,2,43,2,5,4,5,8,16,8,20,10,16,,67,,1,22,121.5871666,25.0422915
113,10,30,17,55,2,07信義區,信義區莊敬路與莊敬路6巷口,0,0,1,1,B03,6,5,5,50,3,1,1,4,4,5,13,4,4,9,4,5,2,16,2,46,3,10,3,4,7,5,1,8,1,2,,8,,1,21,121.5613098,25.0324723
113,10,30,17,55,2,07信義區,信義區莊敬路與莊敬路6巷口,0,0,1,2,C03,6,5,5,50,3,1,1,4,4,5,13,4,4,9,4,5,2,16,2,32,2,9,3,4,7,9,1,10,1,11,,44,,1,21,121.5613098,25.0324723
113,10,30,17,58,2,03中山區,中山區南京東路2段與吉林路口,0,0,1,2,H01,6,5,5,50,4,18,1,4,4,5,13,1,1,3,4,5,2,3,2,16,2,8,4,5,8,16,8,20,1,16,,67,,1,21,121.5301368,25.0520141
113,10,30,17,58,2,03中山區,中山區南京東路2段與吉林路口,0,0,1,1,B03,6,5,5,50,4,18,1,4,4,5,13,1,1,3,4,5,2,3,1,43,3,10,7,4,7,5,1,8,11,1,,70,,2,21,121.5301368,25.0520141
113,10,30,18,0,2,12內湖區,內湖區成功路2段與安康路口,0,0,1,1,B03,6,5,5,50,14,9,1,4,4,5,13,4,4,5,5,5,2,17,1,40,3,10,7,1,7,6,1,8,2,2,,9,,1,21,121.5915114,25.06069718
113,10,30,18,0,2,12內湖區,內湖區成功路2段與安康路口,0,0,1,2,C03,6,5,5,50,14,9,1,4,4,5,13,4,4,5,5,5,2,17,2,19,2,9,5,1,7,9,1,10,2,14,,44,,1,21,121.5915114,25.06069718
113,10,30,18,4,2,07信義區,信義區松山路553號,0,0,1,1,H01,6,5,5,50,14,9,1,4,4,5,13,4,4,9,5,5,1,3,2,59,2,9,4,5,8,16,8,20,10,16,,123,,1,22,121.5783124,25.03714856
113,10,30,18,4,2,07信義區,信義區松山路553號,0,0,1,2,C03,6,5,5,50,14,9,1,4,4,5,13,4,4,9,5,5,1,3,1,24,3,10,6,1,7,9,1,10,2,11,,108,,1,22,121.5783124,25.03714856
113,10,30,18,10,2,05中正區,中正區仁愛路1段與林森南路口,0,0,1,1,B03,6,5,5,50,4,2,1,4,4,5,13,1,1,10,5,5,2,3,1,59,3,10,2,1,7,5,1,8,2,1,,70,,1,22,121.5215435,25.0386101
113,10,30,18,10,2,05中正區,中正區仁愛路1段與林森南路口,0,0,1,2,H01,6,5,5,50,4,2,1,4,4,5,13,1,1,10,5,5,2,3,2,59,2,9,4,5,8,16,8,20,10,16,,67,,1,22,121.5215435,25.0386101
113,10,30,18,10,2,08士林區,士林區中山北路7段181巷與中山北路7段141巷14弄口,0,0,1,1,B03,6,5,5,30,3,2,1,4,4,5,13,4,4,10,5,5,2,2,1,66,3,10,7,1,7,9,1,8,2,5,,108,,1,21,121.5314259,25.1247559
113,10,30,18,10,2,08士林區,士林區中山北路7段181巷與中山北路7段141巷14弄口,0,0,1,2,H01,6,5,5,30,3,2,1,4,4,5,13,4,4,10,5,5,2,2,2,43,2,9,4,5,8,16,8,20,10,16,,60,,1,21,121.5314259,25.1247559
113,10,30,18,25,2,02萬華區,萬華區中華路2段416巷5號對面,0,0,2,1,F01,6,5,5,50,14,9,1,4,4,5,13,4,4,5,4,4,2,17,1,68,2,9,4,1,7,9,8,20,1,14,12,19,,1,21,121.5046503,25.027284
113,10,30,18,25,2,02萬華區,萬華區中華路2段416巷5號對面,0,0,2,2,C03,6,5,5,50,14,9,1,4,4,5,13,4,4,5,4,4,2,17,1,35,2,9,6,1,7,9,1,10,1,11,14,108,,1,21,121.5046503,25.027284
113,10,30,18,30,2,11南港區,南港區重陽路347巷與松河街口,0,0,1,1,C03,6,5,5,50,3,2,1,4,4,5,13,2,1,9,5,5,2,11,2,28,2,8,6,4,7,7,1,10,1,11,,94,,1,21,121.6063067,25.0589796
113,10,30,18,30,2,11南港區,南港區重陽路347巷與松河街口,0,0,1,2,B03,6,5,5,50,3,2,1,4,4,5,13,2,1,9,5,5,2,11,2,41,3,10,3,4,7,9,1,8,1,5,,44,,1,21,121.6063067,25.0589796
113,10,30,18,30,2,11南港區,南港區重陽路347巷與松河街口,0,0,1,3,B03,6,5,5,50,3,2,1,4,4,5,13,2,1,9,5,5,2,11,2,35,3,10,3,4,7,14,1,8,1,8,,44,,1,21,121.6063067,25.0589796
113,10,30,18,45,2,06松山區,松山區撫遠街與撫遠街389巷口,0,0,2,1,C03,6,5,5,50,4,1,1,4,4,5,13,4,4,3,4,5,2,3,2,19,2,8,6,4,7,9,1,10,1,11,,70,,1,22,121.5657133,25.0650349
113,10,30,18,45,2,06松山區,松山區撫遠街與撫遠街389巷口,0,0,2,2,H01,6,5,5,50,4,1,1,4,4,5,13,4,4,3,4,5,2,3,2,77,2,9,4,5,8,16,8,20,10,16,,121,,1,22,121.5657133,25.0650349
113,10,30,18,48,2,09北投區,北投區中央南路1段與大興街口,0,0,1,2,B03,6,5,5,50,4,1,1,4,4,5,13,2,1,10,5,5,2,17,2,46,3,10,7,1,7,5,1,8,1,8,,8,,1,22,121.5011618,25.13066423
113,10,30,18,48,2,09北投區,北投區中央南路1段與大興街口,0,0,1,1,C03,6,5,5,50,4,1,1,4,4,5,13,2,1,10,5,5,2,17,1,56,2,8,5,1,7,5,1,10,1,14,,8,,1,22,121.5011618,25.13066423
113,10,30,18,48,2,07信義區,信義區忠孝東路4段與忠孝東路4段559巷口口,0,0,1,1,C03,6,5,8,50,3,1,1,4,4,5,13,4,4,1,4,5,2,17,1,44,3,10,6,1,7,9,1,10,11,17,,118,,1,21,121.5636071,25.0412429
113,10,30,18,48,2,07信義區,信義區忠孝東路4段與忠孝東路4段559巷口口,0,0,1,2,C03,6,5,8,50,3,1,1,4,4,5,13,4,4,1,4,5,2,17,1,25,2,9,6,1,7,9,1,10,1,12,,118,,1,21,121.5636071,25.0412429
113,10,30,18,48,2,07信義區,信義區忠孝東路4段與忠孝東路4段559巷口口,0,0,1,3,C03,6,5,8,50,3,1,1,4,4,5,13,4,4,1,4,5,2,17,1,25,3,10,6,1,7,9,1,10,1,13,,118,,1,21,121.5636071,25.0412429
113,10,30,19,0,2,12內湖區,內湖區潭美街27號,0,0,1,1,B03,6,5,5,40,3,1,1,4,4,5,13,4,4,7,5,5,2,17,1,66,3,10,7,1,7,5,1,8,1,6,,74,,1,21,121.5761502,25.05296
113,10,30,19,0,2,12內湖區,內湖區潭美街27號,0,0,1,2,C03,6,5,5,40,3,1,1,4,4,5,13,4,4,7,5,5,2,17,2,34,2,9,6,1,7,9,1,10,1,11,,14,,1,21,121.5761502,25.05296
113,10,30,19,10,2,04大安區,大安區和平東路3段與嘉興街口,0,0,1,1,C03,8,5,5,50,4,1,1,4,4,5,13,2,1,1,4,5,1,17,2,49,2,9,6,1,7,9,1,10,1,12,,17,,1,21,121.5538356,25.0230476
113,10,30,19,10,2,04大安區,大安區和平東路3段與嘉興街口,0,0,1,2,B03,8,5,5,50,4,1,1,4,4,5,13,2,1,1,4,5,1,17,1,39,3,10,7,1,7,9,1,8,1,8,,17,,1,21,121.5538356,25.0230476
113,10,30,19,31,2,05中正區,中正區林森北路與林森北路5巷口,0,0,1,1,B03,6,5,5,50,14,9,1,4,4,5,13,4,4,4,3,5,2,17,1,46,4,11,3,4,7,9,7,,11,,,119,,2,,121.5236282,25.0454371
113,10,30,19,31,2,05中正區,中正區林森北路與林森北路5巷口,0,0,1,2,B01,6,5,5,50,14,9,1,4,4,5,13,4,4,4,3,5,2,17,1,28,2,7,7,1,7,14,1,4,1,17,,38,,2,26,121.5236282,25.0454371
113,10,30,20,30,2,03中山區,中山區復興北路與長春路口,0,0,1,1,B03,6,5,5,50,4,1,1,4,4,5,13,1,1,1,4,5,2,13,1,59,3,10,3,4,7,6,1,8,1,1,,108,,1,21,121.5439511,25.0546252
113,10,30,20,30,2,03中山區,中山區復興北路與長春路口,0,0,1,2,C03,6,5,5,50,4,1,1,4,4,5,13,1,1,1,4,5,2,13,1,30,2,9,3,4,7,6,1,10,1,12,,44,,1,21,121.5439511,25.0546252
113,10,30,21,0,2,12內湖區,內湖區舊宗路1段2號,0,0,1,1,B03,6,5,5,50,14,9,1,4,4,5,13,4,4,1,4,5,2,12,2,40,3,10,7,1,7,7,1,8,1,7,,100,,1,21,121.5811601,25.0575258
113,10,30,21,0,2,12內湖區,內湖區舊宗路1段2號,0,0,1,2,B01,6,5,5,50,14,9,1,4,4,5,13,4,4,1,4,5,2,12,1,46,2,3,7,1,7,9,1,4,1,5,,44,,1,21,121.5811601,25.0575258
113,10,30,21,45,2,11南港區,南港區向陽路與向陽路196巷口,0,0,1,1,B03,6,5,5,50,3,1,1,4,4,5,13,3,1,1,3,5,1,16,1,24,3,10,3,4,7,6,1,8,2,2,,44,,1,21,121.5937844,25.0564442
113,10,30,21,45,2,11南港區,南港區向陽路與向陽路196巷口,0,0,1,2,C03,6,5,5,50,3,1,1,4,4,5,13,3,1,1,3,5,1,16,1,28,2,9,3,4,7,9,1,10,2,11,,44,,1,23,121.5937844,25.0564442
113,10,30,21,51,2,08士林區,士林區中山北路6段405巷,0,0,2,1,C03,6,5,5,50,22,18,1,4,4,5,13,4,4,5,5,5,1,9,1,58,2,8,6,1,7,6,1,10,1,11,,70,,1,21,121.5260129,25.11362607
113,10,30,21,51,2,08士林區,士林區中山北路6段405巷,0,0,2,2,H01,6,5,5,50,22,18,1,4,4,5,13,4,4,5,5,5,1,9,1,66,2,9,4,5,8,16,8,20,10,16,,67,,1,21,121.5260129,25.11362607
113,10,30,22,8,2,10文山區,文山區新光路1段與新光路1段159巷口,0,0,1,1,B03,6,5,5,50,3,1,1,4,4,5,13,3,1,5,4,5,2,12,1,22,3,10,3,4,7,11,1,6,2,5,,103,,1,22,121.5737832,24.9926593
113,10,30,22,8,2,10文山區,文山區新光路1段與新光路1段159巷口,0,0,1,2,C03,6,5,5,50,3,1,1,4,4,5,13,3,1,5,4,5,2,12,2,18,2,9,3,4,7,9,1,10,2,11,,44,,1,21,121.5737832,24.9926593
113,10,30,22,12,2,02萬華區,萬華區環河南路2段與環河南路2段280巷口,0,0,1,1,B12,6,5,5,50,4,1,1,4,4,5,13,1,1,1,5,5,2,17,1,49,3,10,7,1,7,5,1,8,1,2,,71,,1,21,121.4913316,25.0321512
113,10,30,22,12,2,02萬華區,萬華區環河南路2段與環河南路2段280巷口,0,0,1,2,C03,6,5,5,50,4,1,1,4,4,5,13,1,1,1,5,5,2,17,1,30,2,9,5,1,7,9,1,10,1,11,,44,,1,21,121.4913316,25.0321512
113,10,30,22,12,2,05中正區,中正區重慶南路3段150號,0,0,2,3,C03,6,5,5,50,14,9,1,4,4,5,13,4,4,3,4,5,2,17,1,42,3,10,5,1,7,15,1,10,1,13,,42,,1,21,121.5166406,25.02436944
113,10,30,22,12,2,05中正區,中正區重慶南路3段150號,0,0,2,1,C03,6,5,5,50,14,9,1,4,4,5,13,4,4,3,4,5,2,17,2,24,2,8,5,1,7,9,1,10,1,11,,16,,1,21,121.5166406,25.02436944
113,10,30,22,12,2,05中正區,中正區重慶南路3段150號,0,0,2,2,C03,6,5,5,50,14,9,1,4,4,5,13,4,4,3,4,5,2,17,2,26,2,9,5,1,7,9,1,10,1,11,,44,,1,21,121.5166406,25.02436944
113,10,30,22,19,2,07信義區,信義區忠孝東路5段與松仁路口口,0,0,1,1,A02,6,5,5,50,4,2,1,4,4,5,13,2,1,3,2,5,2,9,1,41,3,10,7,1,7,1,1,2,1,17,,44,,1,21,121.5680892,25.040962
113,10,30,22,19,2,07信義區,信義區忠孝東路5段與松仁路口口,0,0,1,2,H02,6,5,5,50,4,2,1,4,4,5,13,2,1,3,2,5,2,9,1,69,2,1,2,5,7,20,8,20,10,16,,44,,1,21,121.5680892,25.040962
113,10,30,22,26,2,06松山區,松山區麥帥一橋機車道東往西最後一根柱子,0,0,2,1,C03,6,7,5,40,14,11,1,4,4,5,13,4,4,9,4,5,2,17,1,19,2,8,6,4,7,9,1,10,2,11,,16,,1,22,121.5717287,25.05212777
113,10,30,22,26,2,06松山區,松山區麥帥一橋機車道東往西最後一根柱子,0,0,2,2,C03,6,7,5,40,14,11,1,4,4,5,13,4,4,9,4,5,2,17,2,37,2,9,6,4,7,9,1,10,2,13,,44,,1,22,121.5717287,25.05212777
113,10,30,22,31,2,08士林區,士林區忠誠路1段24號,0,0,1,1,H03,6,5,5,50,14,8,1,4,4,5,13,4,4,1,4,4,2,9,1,26,2,9,4,5,8,20,8,20,10,16,,60,,1,21,121.5260236,25.1042504
113,10,30,22,31,2,08士林區,士林區忠誠路1段24號,0,0,1,2,B01,6,5,5,50,14,8,1,4,4,5,13,4,4,1,4,4,2,9,1,60,3,10,3,4,7,9,1,8,2,1,,107,,1,21,121.5260236,25.1042504
113,10,30,22,45,2,06松山區,松山區長安東路2段與南京東路3段256巷口口,0,0,1,1,B02,6,5,5,30,3,1,1,4,4,3,10,4,4,5,4,5,2,17,2,54,3,10,7,1,7,6,1,8,1,4,,72,,1,21,121.5446302,25.0483013
113,10,30,22,45,2,06松山區,松山區長安東路2段與南京東路3段256巷口口,0,0,1,2,C03,6,5,5,30,3,1,1,4,4,3,10,4,4,5,4,5,2,17,1,45,2,9,6,1,7,9,1,10,1,14,,44,,1,21,121.5446302,25.0483013
113,10,30,22,45,2,06松山區,松山區長安東路2段與南京東路3段256巷口口,0,0,1,3,B03,6,5,5,30,3,1,1,4,4,3,10,4,4,5,4,5,2,17,1,44,3,10,7,1,7,13,1,8,1,17,,38,,1,21,121.5446302,25.0483013
113,10,30,23,0,2,10文山區,文山區一壽街與一壽街64巷口口,0,0,2,1,C03,6,5,5,30,3,1,1,4,4,5,13,4,4,5,5,5,1,3,1,61,2,7,6,1,7,9,1,10,2,11,,70,,1,21,121.5567534,24.9788012
113,10,30,23,0,2,10文山區,文山區一壽街與一壽街64巷口口,0,0,2,2,H01,6,5,5,30,3,1,1,4,4,5,13,4,4,5,5,5,1,3,1,33,2,9,4,5,8,16,8,20,1,16,,67,,1,21,121.5567534,24.9788012
113,10,31,2,18,2,05中正區,中正區汀州路3段180號,0,0,3,1,C03,6,5,5,50,14,9,1,4,4,5,13,4,4,5,5,5,2,3,1,26,2,9,5,1,7,9,1,10,2,11,,70,,1,22,121.53494,25.0130131
113,10,31,2,18,2,05中正區,中正區汀州路3段180號,0,0,3,2,H01,6,5,5,50,14,9,1,4,4,5,13,4,4,5,5,5,2,3,1,27,2,9,4,5,8,16,8,20,10,16,,67,,1,22,121.53494,25.0130131
113,10,31,2,18,2,05中正區,中正區汀州路3段180號,0,0,3,3,H01,6,5,5,50,14,9,1,4,4,5,13,4,4,5,5,5,2,3,2,27,2,9,4,5,8,16,8,20,10,17,,67,,1,22,121.53494,25.0130131
113,10,31,3,10,2,04大安區,大安區仁愛路4段27巷與大安路1段116巷口,0,0,1,1,C03,6,5,5,50,4,1,1,4,4,5,13,4,4,5,5,5,2,15,2,50,2,9,5,1,7,9,1,10,1,12,,118,,1,21,121.5455485,25.0397887
113,10,31,3,10,2,04大安區,大安區仁愛路4段27巷與大安路1段116巷口,0,0,1,2,B01,6,5,5,50,4,1,1,4,4,5,13,4,4,5,5,5,2,15,1,56,3,10,7,1,7,9,1,4,1,1,,118,,1,21,121.5455485,25.0397887
113,10,31,6,14,2,02萬華區,萬華區德昌街與寶興街140巷口,0,0,1,1,C03,6,5,5,50,3,1,1,4,4,5,13,1,1,9,5,5,2,3,1,44,3,10,6,1,7,9,1,10,1,14,,70,,1,22,121.4945573,25.0236514
113,10,31,6,14,2,02萬華區,萬華區德昌街與寶興街140巷口,0,0,1,2,H01,6,5,5,50,3,1,1,4,4,5,13,1,1,9,5,5,2,3,2,84,2,1,4,5,8,16,8,20,1,16,,44,,1,22,121.4945573,25.0236514
113,10,31,9,10,2,03中山區,中山區民權東路2段152巷3號與松江路313巷口,0,0,1,1,B03,6,6,5,30,14,9,1,4,4,5,13,4,4,5,4,5,1,12,1,31,3,10,3,4,7,1,1,8,1,8,,80,,1,21,121.5353084,25.0616801
113,10,31,9,10,2,03中山區,中山區民權東路2段152巷3號與松江路313巷口,0,0,1,2,C03,6,6,5,30,14,9,1,4,4,5,13,4,4,5,4,5,1,12,2,33,2,9,5,4,7,9,1,10,1,11,,44,,1,21,121.5353084,25.0616801