發生年度,發生月,發生日,發生時-Hours,發生分,處理別-編號,區序,肇事地點,死亡人數,2-30日死亡人數,受傷人數,當事人序號,車種,天候,道路照明設備,道路類別,速限-速度限制,道路型態,事故位置,路面狀況1,路面狀況2,路面狀況3,道路障礙1,道路障礙2,號誌1,號誌2,車道劃分-分向,車道劃分-分道1,車道劃分-分道2,車道劃分-分道3,事故類型及型態,性別,年齡,受傷程度,主要傷處,保護裝置,行動電話,車輛用途,當事者行動狀態,駕駛資格情形,駕駛執照種類,飲酒情形,車輛撞擊部位1,車輛撞擊部位2,肇因碼-個別,肇因碼-主要,個人肇逃否,職業,座標-X,座標-Y
113,10,31,17,25,2,09北投區,北投區立賢路(燈桿1205217),0,0,1,1,C03,6,5,5,50,14,9,1,4,4,4,9,4,4,9,4,5,2,37,1,55,2,9,5,1,7,9,1,10,1,11,,118,,1,21,121.5016547,25.11373847
113,10,31,17,25,2,09北投區,北投區立賢路(燈桿1205217),0,0,1,2,,6,5,5,50,14,9,1,4,4,4,9,4,4,9,4,5,2,37,3,,,,,,,,,,,,,67,,1,,121.5016547,25.11373847
113,10,31,18,17,2,10文山區,文山區新光路2段21號對面(大客車專用停車格編號04),0,0,1,1,C02,7,5,5,50,14,9,2,4,4,5,13,4,4,5,4,5,2,18,1,57,2,1,5,4,7,9,1,9,2,14,,42,,1,21,121.5852948,24.99987264
113,10,31,18,17,2,10文山區,文山區新光路2段21號對面(大客車專用停車格編號04),0,0,1,2,,7,5,5,50,14,9,2,4,4,5,13,4,4,5,4,5,2,18,3,,,,,,,,,,10,,,67,,1,,121.5852948,24.99987264
113,10,31,18,20,2,02萬華區,萬華區中華路1段182號,0,0,1,1,C03,6,5,5,50,14,9,1,4,4,5,13,4,4,1,4,5,2,37,1,65,2,9,6,1,7,9,6,18,1,11,,108,,1,21,121.5071624,25.03898937
113,10,31,18,20,2,02萬華區,萬華區中華路1段182號,0,0,1,2,,6,5,5,50,14,9,1,4,4,5,13,4,4,1,4,5,2,37,3,0,,,,,,,,,,,,61,,1,,121.5071624,25.03898937
113,10,31,18,28,2,02萬華區,萬華區桂林路246巷58號,0,0,1,1,C03,6,5,6,30,14,9,1,4,4,5,13,4,4,1,5,4,2,37,1,45,2,9,6,1,7,9,1,10,1,11,12,108,,1,21,121.4923632,25.0368518
113,10,31,18,28,2,02萬華區,萬華區桂林路246巷58號,0,0,1,2,,6,5,6,30,14,9,1,4,4,5,13,4,4,1,5,4,2,37,3,0,,,,,,,,,10,,,67,,1,,121.4923632,25.0368518
113,10,31,18,30,2,10文山區,文山區和平東路4段與和平東路4段66巷口口,0,0,1,1,C03,6,5,5,40,14,9,1,4,4,5,13,4,4,5,2,5,2,18,1,69,2,7,5,1,7,9,1,10,9,12,,118,,1,21,121.5667809,25.0055225
113,10,31,18,30,2,10文山區,文山區和平東路4段與和平東路4段66巷口口,0,0,1,2,,6,5,5,40,14,9,1,4,4,5,13,4,4,5,2,5,2,18,3,0,,,,,,,,,,,,67,,1,,121.5667809,25.0055225
113,10,31,18,30,2,07信義區,信義區松仁路148號,0,0,1,1,C03,6,5,5,50,14,9,1,4,4,4,12,4,4,10,3,5,2,37,1,60,2,9,5,4,7,9,1,10,1,11,,108,,1,22,121.5682359,25.031697
113,10,31,18,30,2,07信義區,信義區松仁路148號,0,0,1,2,,6,5,5,50,14,9,1,4,4,4,12,4,4,10,3,5,2,37,3,0,,,,,,,,,,,,130,,1,,121.5682359,25.031697
113,10,31,18,40,2,07信義區,信義區信義路5段55號,0,0,1,1,C03,6,5,5,50,14,9,1,4,4,4,9,1,1,9,4,5,2,37,1,50,2,9,5,1,7,9,1,10,9,11,,118,,1,21,121.5687843,25.0329651
113,10,31,18,40,2,07信義區,信義區信義路5段55號,0,0,1,2,,6,5,5,50,14,9,1,4,4,4,9,1,1,9,4,5,2,37,3,0,,,,,,,,,,,,118,,1,,121.5687843,25.0329651
113,10,31,19,5,2,04大安區,大安區基隆路4段與羅斯福路4段口口,0,0,1,1,A02,6,5,5,50,18,18,1,4,4,5,13,2,1,1,4,5,2,3,1,63,3,10,7,1,7,6,1,1,2,2,,70,,1,22,121.5370875,25.0115315
113,10,31,19,5,2,04大安區,大安區基隆路4段與羅斯福路4段口口,0,0,1,2,H01,6,5,5,50,18,18,1,4,4,5,13,2,1,1,4,5,2,3,1,23,2,9,4,5,8,16,8,20,10,16,,67,,1,22,121.5370875,25.0115315
113,10,31,19,15,2,07信義區,信義區永吉路380號,0,0,1,1,C03,6,5,5,50,14,9,1,4,4,5,13,4,4,1,4,5,2,18,2,21,2,9,5,1,7,9,1,10,11,14,,42,,1,21,121.5775143,25.0453705
113,10,31,19,15,2,07信義區,信義區永吉路380號,0,0,1,2,,6,5,5,50,14,9,1,4,4,5,13,4,4,1,4,5,2,18,3,,,,,,,,,,,,,67,,1,,121.5775143,25.0453705
113,10,31,19,28,2,07信義區,信義區忠孝東路5段180號,0,0,1,1,C03,6,5,8,50,22,22,1,4,4,5,13,4,4,1,4,5,2,17,1,68,2,8,5,1,7,5,1,10,1,14,,118,,1,22,121.570055,25.0410776
113,10,31,19,28,2,07信義區,信義區忠孝東路5段180號,0,0,1,2,B01,6,5,8,50,22,22,1,4,4,5,13,4,4,1,4,5,2,17,1,52,3,10,7,1,7,7,1,4,1,2,,118,,1,22,121.570055,25.0410776
113,10,31,19,30,2,03中山區,中山區建國北路2段與民生東路3段口國泰萬怡酒店,0,0,1,1,,6,5,5,50,14,9,1,4,4,5,13,4,4,8,3,5,1,29,3,0,,,,,,,,,,,,129,,1,,121.537165,25.05733058
113,10,31,19,30,2,03中山區,中山區建國北路2段與民生東路3段口國泰萬怡酒店,0,0,1,2,B01,6,5,5,50,14,9,1,4,4,5,13,4,4,8,3,5,1,29,1,64,3,10,7,1,7,9,1,4,2,1,,44,,1,21,121.537165,25.05733058
113,10,31,19,30,2,03中山區,中山區建國北路2段與民生東路3段口國泰萬怡酒店,0,0,1,3,H02,6,5,5,50,14,9,1,4,4,5,13,4,4,8,3,5,1,29,1,71,2,1,7,5,7,20,8,20,10,16,,67,,1,21,121.537165,25.05733058
113,10,31,19,40,2,07信義區,信義區市民大道6段250號,0,0,1,1,C03,6,5,5,40,14,9,1,4,4,5,13,2,1,7,3,5,2,18,1,40,2,4,3,4,7,9,1,10,1,14,,44,,1,22,121.5775516,25.0489339
113,10,31,19,40,2,07信義區,信義區市民大道6段250號,0,0,1,2,,6,5,5,40,14,9,1,4,4,5,13,2,1,7,3,5,2,18,3,0,,,,,,,,,,,,67,,1,,121.5775516,25.0489339
113,10,31,20,10,2,08士林區,士林區環河北路3段與葫蘆街口,0,0,1,1,C03,6,5,5,50,3,2,1,4,4,4,13,4,4,1,4,5,2,18,1,64,2,9,6,1,7,8,1,10,9,12,,42,,1,26,121.5074906,25.0823886
113,10,31,20,10,2,08士林區,士林區環河北路3段與葫蘆街口,0,0,1,2,,6,5,5,50,3,2,1,4,4,4,13,4,4,1,4,5,2,18,3,0,,,,,,,,,,,,67,,1,,121.5074906,25.0823886
113,10,31,20,20,2,07信義區,信義區和平東路3段與和平東路3段530巷口,0,0,1,1,C03,6,5,5,40,14,9,1,4,4,4,13,1,1,9,5,5,2,37,1,45,2,8,3,4,7,9,1,10,9,12,,117,,1,22,121.5613722,25.015321
113,10,31,20,20,2,07信義區,信義區和平東路3段與和平東路3段530巷口,0,0,1,2,,6,5,5,40,14,9,1,4,4,4,13,1,1,9,5,5,2,37,3,0,,,,,,,,,,,,,,,,121.5613722,25.015321
113,11,1,2,14,2,01大同區,大同區鄭州路與塔城街口,0,0,2,1,B03,6,5,5,50,4,1,1,4,4,5,13,2,2,1,4,5,2,17,1,28,3,10,7,4,7,9,1,8,2,6,,108,,1,21,121.5099621,25.0504361
113,11,1,2,14,2,01大同區,大同區鄭州路與塔城街口,0,0,2,2,C03,6,5,5,50,4,1,1,4,4,5,13,2,2,1,4,5,2,17,1,18,2,9,5,4,7,9,1,10,2,11,,108,,1,21,121.5099621,25.0504361
113,11,1,2,14,2,01大同區,大同區鄭州路與塔城街口,0,0,2,3,H02,6,5,5,50,4,1,1,4,4,5,13,2,2,1,4,5,2,17,2,18,2,9,5,5,7,20,8,20,10,16,,67,,1,21,121.5099621,25.0504361
113,11,1,5,45,2,01大同區,大同區民權西路272號,0,0,2,1,C03,7,5,5,50,14,9,1,4,4,5,13,4,4,1,4,5,2,9,1,44,2,9,6,4,7,9,1,10,1,11,,108,,1,21,121.5115026,25.0626031
113,11,1,5,45,2,01大同區,大同區民權西路272號,0,0,2,2,H01,7,5,5,50,14,9,1,4,4,5,13,4,4,1,4,5,2,9,1,59,2,9,4,5,8,20,8,20,10,16,,54,,1,21,121.5115026,25.0626031
113,11,1,5,59,2,07信義區,信義區和平東路3段697-12號,0,0,1,1,C03,6,5,5,40,14,9,1,4,4,5,13,4,4,9,4,5,1,18,1,51,2,7,3,4,7,9,1,10,1,14,,118,,1,21,121.5654426,25.0096384
113,11,1,5,59,2,07信義區,信義區和平東路3段697-12號,0,0,1,2,,6,5,5,40,14,9,1,4,4,5,13,4,4,9,4,5,1,18,3,0,,,,,,,,,,,,67,,1,,121.5654426,25.0096384
113,11,1,6,15,2,03中山區,中山區中山北路1段與長安東路1段口,0,0,1,1,B01,6,6,5,50,5,2,1,4,4,5,13,2,1,9,3,5,2,17,1,63,3,10,7,1,7,5,1,4,1,1,,74,,1,21,121.521769,25.0497923
113,11,1,6,15,2,03中山區,中山區中山北路1段與長安東路1段口,0,0,1,2,C03,6,6,5,50,5,2,1,4,4,5,13,2,1,9,3,5,2,17,1,20,2,7,5,1,7,9,1,10,1,11,,44,,1,21,121.521769,25.0497923
113,11,1,7,13,2,12內湖區,內湖區大湖山莊街與大湖山莊街169巷口,0,0,1,1,B02,6,6,5,30,3,1,1,4,4,5,13,4,4,10,5,5,2,15,1,66,3,10,7,1,7,9,1,8,1,1,,72,,1,21,121.6013633,25.0875495
113,11,1,7,13,2,12內湖區,內湖區大湖山莊街與大湖山莊街169巷口,0,0,1,2,C03,6,6,5,30,3,1,1,4,4,5,13,4,4,10,5,5,2,15,1,31,2,9,5,1,7,9,1,10,1,11,,116,,1,21,121.6013633,25.0875495
113,11,1,7,15,2,08士林區,同忠誠路2段德行東路,0,0,2,1,C04,6,6,5,50,5,1,1,4,4,5,13,2,1,1,3,5,1,15,1,31,2,9,3,4,7,15,1,10,1,11,,85,,1,22,121.5301836,25.1083654
113,11,1,7,15,2,08士林區,同忠誠路2段德行東路,0,0,2,2,C03,6,6,5,50,5,1,1,4,4,5,13,2,1,1,3,5,1,15,2,35,2,6,3,4,7,15,1,10,1,11,,44,,1,22,121.5301836,25.1083654
113,11,1,7,36,2,10文山區,文山區景興路與景興路46巷口口,0,0,1,1,H02,7,6,5,50,3,2,1,4,4,5,13,2,1,1,4,5,2,9,2,13,3,10,7,5,7,19,8,20,10,16,,56,,1,21,121.5446502,24.9962493
113,11,1,7,36,2,10文山區,文山區景興路與景興路46巷口口,0,0,1,2,F01,7,6,5,50,3,2,1,4,4,5,13,2,1,1,4,5,2,9,2,44,2,7,4,1,7,9,8,20,11,14,,44,,1,21,121.5446502,24.9962493
113,11,1,7,36,2,10文山區,文山區景興路與景興路46巷口口,0,0,1,3,B03,7,6,5,50,3,2,1,4,4,5,13,2,1,1,4,5,2,9,2,48,3,10,7,1,7,14,1,8,11,2,,40,,1,21,121.5446502,24.9962493
113,11,1,7,44,2,04大安區,大安區和平東路2段與復興南路2段口,0,0,1,1,B03,6,6,5,50,4,1,1,4,4,5,13,2,1,10,5,5,2,16,2,53,3,10,3,4,7,6,1,8,1,5,,9,,1,22,121.5435065,25.0247566
113,11,1,7,44,2,04大安區,大安區和平東路2段與復興南路2段口,0,0,1,2,C03,6,6,5,50,4,1,1,4,4,5,13,2,1,10,5,5,2,16,1,29,2,9,3,4,7,9,1,10,1,14,,44,,1,22,121.5435065,25.0247566
113,11,1,7,50,2,12內湖區,內湖區成功路2段115巷與民權東路6段180巷口,0,0,1,1,B03,6,6,5,50,4,2,1,4,4,4,9,1,1,10,4,5,2,10,2,41,3,10,7,1,7,15,1,8,1,8,,8,,1,21,121.5925511,25.0655264
113,11,1,7,50,2,12內湖區,內湖區成功路2段115巷與民權東路6段180巷口,0,0,1,2,C03,6,6,5,50,4,2,1,4,4,4,9,1,1,10,4,5,2,10,1,35,2,8,5,1,7,1,1,10,1,11,,44,,1,21,121.5925511,25.0655264
113,11,1,7,55,2,04大安區,大安區基隆路4段43號,0,0,1,1,C03,6,6,5,50,14,7,1,4,4,5,13,4,4,1,4,4,2,18,1,52,2,9,3,4,7,9,1,10,1,17,,44,,1,22,121.5409976,25.0138938
113,11,1,7,55,2,04大安區,大安區基隆路4段43號,0,0,1,2,,6,6,5,50,14,7,1,4,4,5,13,4,4,1,4,4,2,18,3,0,,,,,,,,,,,,67,,1,,121.5409976,25.0138938
113,11,1,7,57,2,08士林區,士林區承德路4段與劍潭路口,0,0,2,1,C03,6,6,5,50,4,2,1,4,4,5,13,2,1,1,4,1,1,13,1,26,2,7,5,1,7,9,1,10,1,11,,106,,1,21,121.5234347,25.0842385
113,11,1,7,57,2,08士林區,士林區承德路4段與劍潭路口,0,0,2,2,C03,6,6,5,50,4,2,1,4,4,5,13,2,1,1,4,1,1,13,2,43,2,7,5,1,7,12,1,10,1,13,,44,,1,21,121.5234347,25.0842385
113,11,1,7,57,2,09北投區,北投區公館路423巷11號,0,0,1,1,C03,6,6,5,30,14,9,1,4,4,5,13,4,4,10,5,5,1,16,1,73,3,10,5,1,7,5,1,10,2,14,1,8,,1,21,121.5025466,25.12081744
113,11,1,7,57,2,09北投區,北投區公館路423巷11號,0,0,1,2,C03,6,6,5,30,14,9,1,4,4,5,13,4,4,10,5,5,1,16,1,46,2,9,5,1,7,9,1,10,2,11,2,44,,1,21,121.5025466,25.12081744
113,11,1,8,9,2,01大同區,大同區錦西街與興城街口,0,0,1,1,B03,6,6,5,30,3,2,1,4,4,5,13,4,4,9,4,5,2,17,1,55,3,10,7,1,7,5,1,8,1,17,,72,,1,21,121.5173283,25.06014586
113,11,1,8,9,2,01大同區,大同區錦西街與興城街口,0,0,1,2,C03,6,6,5,30,3,2,1,4,4,5,13,4,4,9,4,5,2,17,1,47,2,9,6,1,7,9,1,10,1,14,,44,,1,21,121.5173283,25.06014586
113,11,1,8,10,2,07信義區,信義區忠孝東路5段790巷與忠孝東路5段790巷47弄口,0,0,1,1,B03,6,6,5,30,4,1,1,4,4,5,13,4,4,10,4,5,1,15,2,41,3,10,3,4,7,9,1,8,1,1,,72,,1,21,121.5833185,25.0411381
113,11,1,8,10,2,07信義區,信義區忠孝東路5段790巷與忠孝東路5段790巷47弄口,0,0,1,2,C03,6,6,5,30,4,1,1,4,4,5,13,4,4,10,4,5,1,15,2,64,2,7,3,4,7,9,1,10,1,12,,14,,1,21,121.5833185,25.0411381
113,11,1,8,15,2,05中正區,中正區中華路1段與秀山街口,0,0,3,1,C04,6,6,5,50,3,2,1,4,3,5,13,4,4,1,4,1,1,11,2,36,2,9,6,1,7,9,1,8,1,11,,44,,1,22,121.5086605,25.0429038
113,11,1,8,15,2,05中正區,中正區中華路1段與秀山街口,0,0,3,2,C03,6,6,5,50,3,2,1,4,3,5,13,4,4,1,4,1,1,11,1,57,2,9,6,1,7,9,1,10,1,14,,44,,1,22,121.5086605,25.0429038
113,11,1,8,15,2,05中正區,中正區中華路1段與秀山街口,0,0,3,3,H02,6,6,5,50,3,2,1,4,3,5,13,4,4,1,4,1,1,11,2,56,2,9,6,5,7,20,8,20,10,16,,67,,1,22,121.5086605,25.0429038
113,11,1,8,15,2,05中正區,中正區中華路1段與秀山街口,0,0,3,4,,6,6,5,50,3,2,1,4,3,5,13,4,4,1,4,1,1,11,3,0,,,,,,,,,,,,61,,1,,121.5086605,25.0429038
113,11,1,8,15,2,07信義區,信義區基隆路1段155號,0,0,1,1,B03,6,6,5,50,14,9,1,4,4,5,13,4,4,1,4,5,2,17,1,32,3,10,3,4,7,7,1,8,2,7,,100,,1,22,121.5654173,25.04250526
113,11,1,8,15,2,07信義區,信義區基隆路1段155號,0,0,1,2,C03,6,6,5,50,14,9,1,4,4,5,13,4,4,1,4,5,2,17,1,40,2,8,3,4,7,7,1,10,2,11,,97,,1,22,121.5654173,25.04250526
113,11,1,8,19,2,09北投區,北投區立賢路與承德路7段口,0,0,2,1,C03,6,6,5,50,14,9,1,4,4,5,13,4,4,1,4,5,2,12,2,42,2,9,6,1,7,8,1,10,2,12,,14,,1,26,121.5046094,25.1159417
113,11,1,8,19,2,09北投區,北投區立賢路與承德路7段口,0,0,2,2,C03,6,6,5,50,14,9,1,4,4,5,13,4,4,1,4,5,2,12,2,37,2,8,6,1,7,9,1,10,2,11,,108,,1,26,121.5046094,25.1159417
113,11,1,8,20,2,07信義區,信義區和平東路3段697-12號,0,0,2,1,C03,6,6,5,50,11,9,1,4,4,2,13,4,4,5,4,5,2,18,1,48,2,9,6,1,7,9,1,10,1,12,,118,,1,21,121.5651162,25.0100997
113,11,1,8,20,2,07信義區,信義區和平東路3段697-12號,0,0,2,2,,6,6,5,50,11,9,1,4,4,2,13,4,4,5,4,5,2,18,3,0,,,,,,,,,,,,67,,1,,121.5651162,25.0100997
113,11,1,8,20,2,07信義區,信義區和平東路3段697-12號,0,0,2,3,H02,6,6,5,50,11,9,1,4,4,2,13,4,4,5,4,5,2,18,2,44,2,9,6,5,7,20,8,20,10,17,,67,,1,21,121.5651162,25.0100997
113,11,1,8,25,2,08士林區,士林區士東路與士東路286巷口,0,0,1,1,C03,6,5,5,50,3,1,1,4,4,5,13,2,1,1,4,5,1,17,2,44,2,9,5,1,7,5,1,10,2,11,,16,,1,21,121.5380451,25.1137024
113,11,1,8,25,2,08士林區,士林區士東路與士東路286巷口,0,0,1,2,B03,6,5,5,50,3,1,1,4,4,5,13,2,1,1,4,5,1,17,1,69,3,10,7,1,7,5,1,8,2,7,,44,,1,21,121.5380451,25.1137024
113,11,1,8,38,2,02萬華區,萬華區忠孝西路2段與西寧南路口,0,0,1,1,C03,6,7,5,50,4,2,1,4,4,5,13,1,1,9,5,5,2,17,2,66,2,9,5,1,7,8,1,10,1,12,,100,,1,21,121.5079723,25.0484062
113,11,1,8,38,2,02萬華區,萬華區忠孝西路2段與西寧南路口,0,0,1,2,B03,6,7,5,50,4,2,1,4,4,5,13,1,1,9,5,5,2,17,1,55,3,10,7,1,7,9,1,8,1,4,,44,,1,21,121.5079723,25.0484062
113,11,1,8,43,2,10文山區,文山區辛亥路6段1號,0,0,2,1,C03,7,6,5,50,14,9,1,4,4,5,13,4,4,1,4,4,2,13,1,21,2,2,5,1,7,9,1,11,1,11,,16,,1,21,121.5519842,24.9909483
113,11,1,8,43,2,10文山區,文山區辛亥路6段1號,0,0,2,2,C03,7,6,5,50,14,9,1,4,4,5,13,4,4,1,4,4,2,13,2,45,2,2,5,1,7,9,1,10,1,13,,44,,1,21,121.5519842,24.9909483
113,11,1,8,55,2,05中正區,中正區中山南路與凱達格蘭大道口,0,0,1,1,B03,6,6,5,50,5,1,1,4,4,5,13,1,1,1,4,5,2,16,1,80,3,10,7,1,7,6,1,8,2,5,,9,,1,21,121.5172899,25.0392344
113,11,1,8,55,2,05中正區,中正區中山南路與凱達格蘭大道口,0,0,1,2,C03,6,6,5,50,5,1,1,4,4,5,13,1,1,1,4,5,2,16,1,22,2,9,6,1,7,15,1,10,2,14,,44,,1,21,121.5172899,25.0392344
113,11,1,9,10,2,03中山區,中山區南京東路2段206號,0,0,1,1,B12,6,6,5,40,14,9,1,4,4,5,13,4,4,5,4,4,2,12,1,32,3,10,7,1,7,14,1,8,1,4,,40,,1,22,121.5357626,25.0519041
113,11,1,9,10,2,03中山區,中山區南京東路2段206號,0,0,1,2,C03,6,6,5,40,14,9,1,4,4,5,13,4,4,5,4,4,2,12,1,39,2,9,6,1,7,7,1,10,1,12,,33,,1,22,121.5357626,25.0519041
113,11,1,9,25,2,07信義區,信義區基隆路1段與永吉路口,0,0,3,1,C03,6,6,5,50,4,2,1,4,4,5,13,2,1,1,4,5,2,16,2,27,2,9,6,1,7,8,1,10,2,12,,80,,1,21,121.5673732,25.0457087
113,11,1,9,25,2,07信義區,信義區基隆路1段與永吉路口,0,0,3,2,C03,6,6,5,50,4,2,1,4,4,5,13,2,1,1,4,5,2,16,1,25,2,7,6,1,7,9,1,10,2,11,,13,,1,21,121.5673732,25.0457087
113,11,1,9,25,2,07信義區,信義區基隆路1段與永吉路口,0,0,3,3,C03,6,6,5,50,4,2,1,4,4,5,13,2,1,1,4,5,2,16,1,34,2,8,6,1,6,14,1,10,2,14,,44,,1,21,121.5673732,25.0457087
113,11,1,9,50,2,07信義區,信義區忠孝東路4段515號對面,0,0,1,1,C03,6,6,5,50,14,9,1,4,4,5,13,4,4,1,4,5,1,18,1,26,2,7,3,4,7,9,1,10,1,14,,42,,1,21,121.5610842,25.0411345
113,11,1,9,50,2,07信義區,信義區忠孝東路4段515號對面,0,0,1,2,,6,6,5,50,14,9,1,4,4,5,13,4,4,1,4,5,1,18,3,0,,,,,,,,,,,,67,,1,,121.5610842,25.0411345
113,11,1,9,53,2,03中山區,中山區南京東路3段16號,0,0,1,1,B02,6,5,5,50,14,7,1,4,4,5,13,4,4,1,4,4,2,12,2,49,3,10,3,4,7,9,1,4,1,2,,44,,1,21,121.5374501,25.05187892
113,11,1,9,53,2,03中山區,中山區南京東路3段16號,0,0,1,2,C03,6,5,5,50,14,7,1,4,4,5,13,4,4,1,4,4,2,12,1,34,2,7,3,4,7,7,1,10,1,14,,100,,1,21,121.5374501,25.05187892
113,11,1,10,12,2,07信義區,信義區光復南路133號,0,0,1,1,C03,6,6,5,50,14,9,1,4,4,5,13,4,4,10,5,5,2,13,1,26,2,9,5,4,7,9,1,10,9,11,12,16,,1,21,121.5586984,25.044954
113,11,1,10,12,2,07信義區,信義區光復南路133號,0,0,1,2,C03,6,6,5,50,14,9,1,4,4,5,13,4,4,10,5,5,2,13,1,25,3,10,3,4,7,12,1,10,9,13,,44,,1,21,121.5586984,25.044954
113,11,1,10,20,2,07信義區,信義區基隆路1段141號,0,0,2,1,C03,7,7,5,50,14,9,1,4,4,5,13,2,1,1,4,5,2,13,1,28,3,10,5,1,7,12,1,10,2,13,,14,,1,21,121.5658072,25.04316
113,11,1,10,20,2,07信義區,信義區基隆路1段141號,0,0,2,2,C03,7,7,5,50,14,9,1,4,4,5,13,2,1,1,4,5,2,13,1,30,2,8,5,1,7,9,1,10,2,11,,108,,1,21,121.5658072,25.04316
113,11,1,10,20,2,07信義區,信義區基隆路1段141號,0,0,2,3,C03,7,7,5,50,14,9,1,4,4,5,13,2,1,1,4,5,2,13,2,42,2,8,5,1,7,9,1,10,2,11,,108,,1,21,121.5658072,25.04316
113,11,1,10,30,2,12內湖區,內湖區內湖路2段327號與成功路4段30巷28弄口,0,0,1,1,B03,6,6,5,50,3,1,1,4,4,4,12,4,4,9,4,5,1,17,1,70,3,10,7,1,7,7,1,8,1,2,,102,,1,21,121.5914992,25.0829642
113,11,1,10,30,2,12內湖區,內湖區內湖路2段327號與成功路4段30巷28弄口,0,0,1,2,C03,6,6,5,50,3,1,1,4,4,4,12,4,4,9,4,5,1,17,1,19,2,9,6,1,7,9,1,10,1,12,,14,,1,21,121.5914992,25.0829642
113,11,1,10,36,2,12內湖區,內湖區東湖路與康樂街口,0,0,2,1,B12,6,6,5,50,4,2,1,4,4,5,13,2,1,5,5,5,2,17,1,62,3,10,7,1,7,6,1,8,1,15,,9,,1,21,121.6176724,25.06780018
113,11,1,10,36,2,12內湖區,內湖區東湖路與康樂街口,0,0,2,2,C03,6,6,5,50,4,2,1,4,4,5,13,2,1,5,5,5,2,17,1,74,2,9,6,1,7,9,1,10,1,14,,44,,1,21,121.6176724,25.06780018
113,11,1,10,36,2,12內湖區,內湖區東湖路與康樂街口,0,0,2,3,H02,6,6,5,50,4,2,1,4,4,5,13,2,1,5,5,5,2,17,2,68,2,9,6,5,7,20,8,20,10,16,,67,,1,21,121.6176724,25.06780018
113,11,1,11,20,2,01大同區,大同區重慶北路3段與酒泉街口,0,0,1,1,A31,6,6,5,50,5,1,1,4,4,5,13,2,1,1,4,5,2,17,1,48,3,10,7,1,7,6,1,1,2,5,,9,,1,21,121.5138929,25.0721081
113,11,1,11,20,2,01大同區,大同區重慶北路3段與酒泉街口,0,0,1,2,C03,6,6,5,50,5,1,1,4,4,5,13,2,1,1,4,5,2,17,1,54,2,9,6,1,7,9,1,10,2,14,,44,,1,21,121.5138929,25.0721081
113,11,1,11,44,2,03中山區,中山區林森北路與中山北路2段45巷口,0,0,1,1,B03,7,6,5,50,4,1,1,5,4,5,13,2,1,5,4,5,2,13,2,54,3,10,7,1,7,5,1,8,1,8,,108,,1,21,121.5253849,25.0543387
113,11,1,11,44,2,03中山區,中山區林森北路與中山北路2段45巷口,0,0,1,2,C03,7,6,5,50,4,1,1,5,4,5,13,2,1,5,4,5,2,13,1,46,2,6,5,1,7,5,1,9,1,13,,44,,1,21,121.5253849,25.0543387
113,11,1,11,50,2,09北投區,北投區公館路252號,0,0,1,1,C03,7,6,5,30,22,18,1,5,4,5,13,4,4,5,5,5,2,3,1,55,3,10,5,1,7,15,6,10,2,11,,70,,1,26,121.5082934,25.1257052
113,11,1,11,50,2,09北投區,北投區公館路252號,0,0,1,2,H01,7,6,5,30,22,18,1,5,4,5,13,4,4,5,5,5,2,3,2,75,2,9,4,5,8,16,8,20,10,16,,67,,1,21,121.5082934,25.1257052
113,11,1,11,56,2,04大安區,大安區通化街39巷與通化街口口,0,0,2,1,C03,7,7,5,30,4,1,1,4,4,5,13,4,4,5,5,5,1,17,1,46,2,9,6,1,7,9,1,10,1,13,,72,,1,21,121.5542313,25.0309114
113,11,1,11,56,2,04大安區,大安區通化街39巷與通化街口口,0,0,2,2,C03,7,7,5,30,4,1,1,4,4,5,13,4,4,5,5,5,1,17,1,56,2,9,6,1,7,9,6,18,1,11,,44,,1,21,121.5542313,25.0309114
113,11,1,11,57,2,09北投區,北投區石牌路1段166巷與致遠一路2段70巷口,0,0,3,1,C03,7,6,5,30,4,1,1,4,4,5,13,4,4,10,5,5,2,17,1,62,2,8,6,1,7,9,1,10,1,12,,72,,1,22,121.5147242,25.112856
113,11,1,11,57,2,09北投區,北投區石牌路1段166巷與致遠一路2段70巷口,0,0,3,2,C03,7,6,5,30,4,1,1,4,4,5,13,4,4,10,5,5,2,17,2,58,2,9,6,1,7,9,1,10,1,11,,13,,1,22,121.5147242,25.112856
113,11,1,11,57,2,09北投區,北投區石牌路1段166巷與致遠一路2段70巷口,0,0,3,3,H02,7,6,5,30,4,1,1,4,4,5,13,4,4,10,5,5,2,17,2,67,2,9,6,5,7,20,8,20,10,16,,67,,1,22,121.5147242,25.112856
113,11,1,11,58,2,04大安區,大安區信義路3段147巷45弄與復興南路1段口,0,0,1,1,B03,7,6,5,30,3,2,1,4,4,5,13,4,4,10,5,5,2,15,2,32,3,10,7,1,7,9,1,8,9,5,,108,,1,21,121.543518,25.0371401
113,11,1,11,58,2,04大安區,大安區信義路3段147巷45弄與復興南路1段口,0,0,1,2,F01,7,6,5,30,3,2,1,4,4,5,13,4,4,10,5,5,2,15,2,56,2,8,4,1,7,11,8,20,9,11,,11,,1,21,121.543518,25.0371401
113,11,1,12,20,2,07信義區,信義區吳興街156巷65弄與吳興街220巷59弄口,0,0,1,1,B01,6,6,5,30,4,1,1,4,4,5,13,2,3,5,5,5,2,15,1,50,2,5,3,4,7,9,1,8,1,2,,75,,1,22,121.559135,25.0271016