發生年度,發生月,發生日,發生時-Hours,發生分,處理別-編號,區序,肇事地點,死亡人數,2-30日死亡人數,受傷人數,當事人序號,車種,天候,道路照明設備,道路類別,速限-速度限制,道路型態,事故位置,路面狀況1,路面狀況2,路面狀況3,道路障礙1,道路障礙2,號誌1,號誌2,車道劃分-分向,車道劃分-分道1,車道劃分-分道2,車道劃分-分道3,事故類型及型態,性別,年齡,受傷程度,主要傷處,保護裝置,行動電話,車輛用途,當事者行動狀態,駕駛資格情形,駕駛執照種類,飲酒情形,車輛撞擊部位1,車輛撞擊部位2,肇因碼-個別,肇因碼-主要,個人肇逃否,職業,座標-X,座標-Y
113,11,1,12,20,2,07信義區,信義區吳興街156巷65弄與吳興街220巷59弄口,0,0,1,2,B01,6,6,5,30,4,1,1,4,4,5,13,2,3,5,5,5,2,15,1,60,3,10,3,4,7,9,1,8,1,1,,13,,1,22,121.559135,25.0271016
113,11,1,12,28,2,11南港區,南港區南港路1段與經貿一路口,0,1,0,1,F02,7,6,5,50,3,1,1,5,4,5,13,1,1,3,5,5,2,15,2,72,5,9,4,1,7,9,8,20,9,11,,118,,1,21,121.6184911,25.054895
113,11,1,12,28,2,11南港區,南港區南港路1段與經貿一路口,0,1,0,2,A12,7,6,5,50,3,1,1,5,4,5,13,1,1,3,5,5,2,15,1,43,3,10,7,1,7,9,1,2,2,4,,31,,1,21,121.6184911,25.054895
113,11,1,13,16,2,11南港區,南港區南港路1段191號,0,0,1,1,H03,7,6,5,50,14,9,1,5,4,1,11,4,4,5,4,5,2,9,2,56,3,10,4,5,8,17,8,20,9,16,,59,,1,26,121.6119843,25.0552391
113,11,1,13,16,2,11南港區,南港區南港路1段191號,0,0,1,2,C03,7,6,5,50,14,9,1,5,4,1,11,4,4,5,4,5,2,9,1,36,2,3,3,4,7,9,1,10,9,12,,44,,1,22,121.6119843,25.0552391
113,11,1,13,16,2,11南港區,南港區南港路1段191號,0,0,1,3,H03,7,6,5,50,14,9,1,5,4,1,11,4,4,5,4,5,2,9,1,65,3,10,4,5,8,17,8,20,10,16,,60,,1,26,121.6119843,25.0552391
113,11,1,13,41,2,03中山區,中山區安東街16巷與八德路2段210巷口,0,0,1,1,B01,7,5,5,30,4,2,1,5,4,5,13,4,4,10,5,5,2,3,1,44,3,10,3,4,7,9,1,4,1,1,,70,,1,21,121.5393093,25.0453821
113,11,1,13,41,2,03中山區,中山區安東街16巷與八德路2段210巷口,0,0,1,2,H01,7,5,5,30,4,2,1,5,4,5,13,4,4,10,5,5,2,3,1,72,2,9,4,5,8,16,8,20,10,16,,67,,1,21,121.5393093,25.0453821
113,11,1,13,42,2,06松山區,松山區八德路2段與敦化南路1段口,0,0,1,1,A02,7,5,5,50,4,1,1,4,4,5,13,2,1,1,4,5,2,9,1,45,3,10,7,1,7,9,1,2,1,17,,44,,1,21,121.5484725,25.0481907
113,11,1,13,42,2,06松山區,松山區八德路2段與敦化南路1段口,0,0,1,2,H02,7,5,5,50,4,1,1,4,4,5,13,2,1,1,4,5,2,9,2,73,2,8,4,5,7,17,8,20,10,16,,60,,1,21,121.5484725,25.0481907
113,11,1,14,0,2,06松山區,松山區健康路與延壽街330巷口口,0,0,1,1,F01,7,6,5,50,4,2,1,5,4,5,13,1,1,1,4,4,2,16,1,62,2,9,4,1,7,5,8,20,1,11,,8,,1,21,121.5609589,25.0540491
113,11,1,14,0,2,06松山區,松山區健康路與延壽街330巷口口,0,0,1,2,B01,7,6,5,50,4,2,1,5,4,5,13,1,1,1,4,4,2,16,1,46,3,10,7,1,7,9,1,4,1,5,,108,,1,21,121.5609589,25.0540491
113,11,1,14,10,2,09北投區,北投區明德路293號,0,0,1,1,B02,7,6,5,50,22,18,1,5,4,5,13,3,1,4,1,5,2,3,1,32,3,10,7,1,7,5,1,8,1,8,,70,,1,21,121.5215959,25.11519982
113,11,1,14,10,2,09北投區,北投區明德路293號,0,0,1,2,H01,7,6,5,50,22,18,1,5,4,5,13,3,1,4,1,5,2,3,2,53,2,9,4,5,8,18,8,20,1,16,,67,,1,21,121.5215959,25.11519982
113,11,1,14,41,2,06松山區,松山區南京東路5段與三民路口,0,0,1,1,B03,7,6,5,50,4,2,1,5,4,5,13,1,1,1,4,5,2,17,1,24,2,7,3,1,7,14,1,8,2,4,,38,,1,21,121.5641873,25.0515405
113,11,1,14,41,2,06松山區,松山區南京東路5段與三民路口,0,0,1,2,B03,7,6,5,50,4,2,1,5,4,5,13,1,1,1,4,5,2,17,1,60,3,10,2,1,7,9,1,8,2,5,,44,,1,21,121.5641873,25.0515405
113,11,1,14,58,2,11南港區,南港區經貿一路與南港路1段2巷口,0,0,2,1,H01,7,6,5,0,4,1,1,5,4,5,13,2,1,1,4,5,2,3,2,73,2,9,4,5,8,18,8,20,10,16,,122,,1,21,121.6195644,25.0564261
113,11,1,14,58,2,11南港區,南港區經貿一路與南港路1段2巷口,0,0,2,2,C03,7,6,5,0,4,1,1,5,4,5,13,2,1,1,4,5,2,3,1,45,2,9,5,1,7,9,1,10,2,11,,70,,1,21,121.6195644,25.0564261
113,11,1,15,33,2,03中山區,中山區林森北路與雙城街3巷口,0,0,1,1,B03,7,5,5,50,3,1,1,5,4,5,13,4,4,5,5,5,2,17,1,37,3,10,3,4,7,9,1,8,1,1,,99,,1,21,121.5255704,25.063324
113,11,1,15,33,2,03中山區,中山區林森北路與雙城街3巷口,0,0,1,2,C03,7,5,5,50,3,1,1,5,4,5,13,4,4,5,5,5,2,17,2,39,2,9,3,4,7,5,1,10,1,14,,72,,1,21,121.5255704,25.063324
113,11,1,15,40,2,01大同區,大同區延平北路4段高公橋下,0,0,1,1,C03,7,7,5,50,14,9,1,5,4,5,13,4,4,1,4,5,2,17,1,30,2,9,3,4,7,15,1,10,2,12,,100,,1,21,121.5115717,25.0785726
113,11,1,15,40,2,01大同區,大同區延平北路4段高公橋下,0,0,1,2,B03,7,7,5,50,14,9,1,5,4,5,13,4,4,1,4,5,2,17,1,36,3,10,3,4,7,2,1,8,2,4,,12,,1,21,121.5115717,25.0785726
113,11,1,15,49,2,04大安區,大安區復興南路1段239號,0,0,1,1,A02,7,7,5,50,14,7,1,5,4,5,13,2,1,1,3,4,1,9,1,60,3,10,7,1,7,15,1,2,1,17,,44,,1,21,121.5437801,25.0374883
113,11,1,15,49,2,04大安區,大安區復興南路1段239號,0,0,1,2,H02,7,7,5,50,14,7,1,5,4,5,13,2,1,1,3,4,1,9,2,58,2,1,4,5,7,20,8,20,10,16,,67,,1,22,121.5437801,25.0374883
113,11,1,16,15,2,03中山區,中山區錦西街與民權西路70巷口,0,0,2,1,C03,7,6,5,50,4,1,1,5,4,5,13,2,1,9,5,5,2,16,2,56,2,9,6,1,7,5,1,10,1,11,,74,,1,22,121.5206113,25.06037
113,11,1,16,15,2,03中山區,中山區錦西街與民權西路70巷口,0,0,2,2,C04,7,6,5,50,4,1,1,5,4,5,13,2,1,9,5,5,2,16,1,22,2,9,6,1,7,9,1,10,1,14,,44,,1,22,121.5206113,25.06037
113,11,1,16,58,2,03中山區,中山區樂群一路往東近16號水門,0,0,2,1,C03,6,5,5,50,14,9,1,4,4,5,13,4,4,1,4,5,2,13,1,31,2,9,6,4,7,9,1,10,1,11,,42,,1,22,121.5562769,25.0810141
113,11,1,16,58,2,03中山區,中山區樂群一路往東近16號水門,0,0,2,2,C03,6,5,5,50,14,9,1,4,4,5,13,4,4,1,4,5,2,13,1,41,2,7,6,4,7,8,1,10,1,13,,101,,1,22,121.5562769,25.0810141
113,11,1,17,31,2,01大同區,大同區民生西路423巷與民生西路423巷11弄口,0,0,2,1,H01,6,5,5,30,3,2,1,4,4,5,13,4,4,10,5,5,2,9,2,38,2,9,4,5,8,20,8,20,2,16,,121,,1,21,121.5088129,25.0572689
113,11,1,17,31,2,01大同區,大同區民生西路423巷與民生西路423巷11弄口,0,0,2,2,C03,6,5,5,30,3,2,1,4,4,5,13,4,4,10,5,5,2,9,2,49,2,9,3,4,7,9,1,10,2,11,,108,,1,21,121.5088129,25.0572689
113,11,1,17,34,2,08士林區,士林區百齡橋與承德路5段口引道,0,0,1,1,B03,6,5,5,30,3,1,1,4,4,5,13,4,4,1,5,5,2,17,2,56,3,10,3,4,7,9,1,8,1,4,,73,,1,21,121.5151762,25.0903321
113,11,1,17,34,2,08士林區,士林區百齡橋與承德路5段口引道,0,0,1,2,C03,6,5,5,30,3,1,1,4,4,5,13,4,4,1,5,5,2,17,2,60,2,9,6,1,7,9,1,10,1,12,,44,,1,21,121.5151762,25.0903321
113,11,1,17,36,2,07信義區,信義區一號道路,0,0,1,1,C03,7,5,5,50,14,9,1,4,4,5,13,4,4,10,4,5,2,17,4,0,,,,,,,,,,,,119,,2,,121.5619639,25.0371666
113,11,1,17,36,2,07信義區,信義區一號道路,0,0,1,2,C03,7,5,5,50,14,9,1,4,4,5,13,4,4,10,4,5,2,17,2,23,2,8,6,1,7,9,1,10,1,12,,44,,1,21,121.5619639,25.0371666
113,11,1,17,43,2,08士林區,士林區至善路2段與至善路2段口故宮廣場前,0,0,1,1,B03,6,5,5,50,3,2,1,4,4,5,13,2,1,3,4,5,2,16,2,47,3,10,7,1,7,5,1,8,1,6,,44,,1,21,121.5500153,25.10007015
113,11,1,17,43,2,08士林區,士林區至善路2段與至善路2段口故宮廣場前,0,0,1,2,C03,6,5,5,50,3,2,1,4,4,5,13,2,1,3,4,5,2,16,1,58,2,9,5,1,7,9,1,10,1,11,,81,,1,21,121.5500153,25.10007015
113,11,1,17,48,2,03中山區,中山區明水路581巷與明水路581巷13弄口,0,0,2,1,C03,7,5,5,50,5,1,1,4,4,5,13,2,1,4,5,5,1,16,1,52,2,7,3,4,7,5,1,10,1,12,,71,,1,21,121.5511523,25.07999962
113,11,1,17,48,2,03中山區,中山區明水路581巷與明水路581巷13弄口,0,0,2,2,C03,7,5,5,50,5,1,1,4,4,5,13,2,1,4,5,5,1,16,2,37,2,8,3,4,7,9,1,10,1,14,,44,,1,21,121.5511523,25.07999962
113,11,1,17,55,2,07信義區,信義區基隆路1段156號,0,0,1,1,C03,6,5,5,50,14,9,1,4,4,5,13,4,4,10,3,5,1,18,2,29,2,8,5,1,7,9,1,10,1,14,,42,,1,22,121.5660392,25.0440158
113,11,1,17,55,2,07信義區,信義區基隆路1段156號,0,0,1,2,,6,5,5,50,14,9,1,4,4,5,13,4,4,10,3,5,1,18,3,0,,,,,,,,,,,,67,,1,,121.5660392,25.0440158
113,11,1,18,22,2,05中正區,中正區南昌路2段與同安街口,0,0,1,1,B03,6,5,5,50,4,18,1,4,4,5,13,3,1,5,5,5,2,3,2,40,3,10,3,4,7,9,1,8,9,1,,70,,1,21,121.5224645,25.0256682
113,11,1,18,22,2,05中正區,中正區南昌路2段與同安街口,0,0,1,2,H01,6,5,5,50,4,18,1,4,4,5,13,3,1,5,5,5,2,3,1,42,2,8,4,5,8,16,8,20,10,16,,67,,1,22,121.5224645,25.0256682
113,11,1,18,33,2,09北投區,北投區石牌路2段345號,0,0,2,1,C03,6,5,6,50,14,9,1,4,4,5,13,4,4,9,5,5,2,3,1,18,2,9,3,4,7,9,1,10,2,11,,70,,1,22,121.524882,25.1231248
113,11,1,18,33,2,09北投區,北投區石牌路2段345號,0,0,2,2,H01,6,5,6,50,14,9,1,4,4,5,13,4,4,9,5,5,2,3,2,72,2,9,4,5,8,16,8,20,10,16,,67,,1,22,121.524882,25.1231248
113,11,1,18,47,2,07信義區,信義區信義路5段108號,0,0,1,1,C03,6,5,8,50,22,22,1,4,4,5,13,4,4,1,4,5,2,18,1,38,2,8,6,1,7,9,1,10,1,14,,108,,1,22,121.5677369,25.0326597
113,11,1,18,47,2,07信義區,信義區信義路5段108號,0,0,1,2,,6,5,8,50,22,22,1,4,4,5,13,4,4,1,4,5,2,18,3,0,,,,,,,,,,,,129,,1,,121.5677369,25.0326597
113,11,1,18,47,2,07信義區,信義區信義路5段108號,0,0,1,3,A04,6,5,8,50,22,22,1,4,4,5,13,4,4,1,4,5,2,18,1,43,3,10,7,1,7,9,1,1,1,10,,44,,1,21,121.5677369,25.0326597
113,11,1,19,0,2,03中山區,中山區長安東路2段33號,0,0,3,1,C03,7,5,5,50,14,9,1,4,4,5,13,4,4,9,4,5,2,17,1,28,2,9,5,1,7,9,1,10,1,11,,16,,1,21,121.5313181,25.0485375
113,11,1,19,0,2,03中山區,中山區長安東路2段33號,0,0,3,2,C03,7,5,5,50,14,9,1,4,4,5,13,4,4,9,4,5,2,17,2,25,2,9,5,1,7,9,1,10,1,13,,44,,1,21,121.5313181,25.0485375
113,11,1,19,0,2,03中山區,中山區長安東路2段33號,0,0,3,5,H02,7,5,5,50,14,9,1,4,4,5,13,4,4,9,4,5,2,17,2,29,2,7,5,5,7,21,8,20,10,17,,67,,1,21,121.5313181,25.0485375
113,11,1,19,0,2,03中山區,中山區長安東路2段33號,0,0,3,3,C03,7,5,5,50,14,9,1,4,4,5,13,4,4,9,4,5,2,17,2,43,3,10,5,1,7,13,1,10,1,12,,44,,1,21,121.5313181,25.0485375
113,11,1,19,0,2,03中山區,中山區長安東路2段33號,0,0,3,4,C03,7,5,5,50,14,9,1,4,4,5,13,4,4,9,4,5,2,17,2,47,3,10,5,1,7,14,1,10,1,12,,44,,1,21,121.5313181,25.0485375
113,11,1,19,0,2,04大安區,大安區和平東路2段94號,0,0,1,1,,6,5,5,0,14,9,1,4,4,2,13,4,4,1,4,5,2,29,3,0,,,,,,,,,,,,129,,1,,121.5406614,25.0251482
113,11,1,19,0,2,04大安區,大安區和平東路2段94號,0,0,1,2,C03,6,5,5,0,14,9,1,4,4,2,13,4,4,1,4,5,2,29,1,61,2,9,6,1,7,9,1,10,9,11,,44,,1,21,121.5406614,25.0251482
113,11,1,19,10,2,04大安區,大安區信義路2段與杭州南路2段口,0,0,1,1,A05,8,5,5,50,4,1,1,5,4,5,13,1,1,10,5,5,2,16,1,58,3,10,7,1,7,11,1,2,1,4,,98,,1,21,121.5242032,25.0352946
113,11,1,19,10,2,04大安區,大安區信義路2段與杭州南路2段口,0,0,1,2,C03,8,5,5,50,4,1,1,5,4,5,13,1,1,10,5,5,2,16,1,19,2,9,5,1,7,9,1,10,1,12,,44,,1,21,121.5242032,25.0352946
113,11,1,19,10,2,04大安區,大安區羅斯福路3段與師大路口口,0,0,1,1,C03,7,5,5,50,4,4,1,5,4,5,13,2,1,1,4,5,2,13,1,24,2,8,5,1,7,9,1,10,1,11,,16,,1,21,121.5278961,25.0210838
113,11,1,19,10,2,04大安區,大安區羅斯福路3段與師大路口口,0,0,1,2,C03,7,5,5,50,4,4,1,5,4,5,13,2,1,1,4,5,2,13,1,45,3,10,5,1,7,14,1,10,1,13,,44,,1,21,121.5278961,25.0210838
113,11,1,19,19,2,05中正區,中正區羅斯福路3段與羅斯福路3段284巷口,0,0,1,1,C03,6,5,5,50,3,1,1,4,4,5,13,1,1,2,4,5,2,13,1,38,2,9,6,1,7,9,1,10,1,11,,108,,1,21,121.5320159,25.0168179
113,11,1,19,19,2,05中正區,中正區羅斯福路3段與羅斯福路3段284巷口,0,0,1,2,B01,6,5,5,50,3,1,1,4,4,5,13,1,1,2,4,5,2,13,1,62,3,10,7,1,7,14,1,4,1,3,,38,,1,22,121.5320159,25.0168179
113,11,1,19,45,2,12內湖區,內湖區康樂街與康樂街111巷口,0,0,1,1,B03,6,5,5,30,4,2,1,4,4,5,13,1,1,5,5,5,2,9,2,30,3,10,7,1,7,5,1,8,2,8,,70,,1,21,121.6190485,25.07067464
113,11,1,19,45,2,12內湖區,內湖區康樂街與康樂街111巷口,0,0,1,2,H01,6,5,5,30,4,2,1,4,4,5,13,1,1,5,5,5,2,9,2,12,2,9,4,5,8,16,8,20,10,16,,67,,1,21,121.6190485,25.07067464
113,11,1,20,0,2,10文山區,文山區萬芳路233停車格旁,0,0,1,1,C03,8,5,5,50,14,9,1,5,4,5,13,4,4,5,4,5,1,13,1,62,3,10,5,1,7,9,3,18,1,11,,108,,1,21,121.564041,24.9981107
113,11,1,20,0,2,10文山區,文山區萬芳路233停車格旁,0,0,1,2,C03,8,5,5,50,14,9,1,5,4,5,13,4,4,5,4,5,1,13,2,46,2,8,6,1,7,9,1,10,1,13,,44,,1,21,121.564041,24.9981107
113,11,1,20,34,2,05中正區,中正區羅斯福路4段與羅斯福路4段24巷口,0,0,2,1,C03,8,5,5,50,3,1,1,5,4,5,13,4,4,3,4,5,2,17,2,57,2,9,5,1,7,6,1,10,2,12,,9,,1,21,121.5332439,25.0156003
113,11,1,20,34,2,05中正區,中正區羅斯福路4段與羅斯福路4段24巷口,0,0,2,2,C03,8,5,5,50,3,1,1,5,4,5,13,4,4,3,4,5,2,17,1,27,2,7,5,1,7,9,1,10,2,14,,44,,1,21,121.5332439,25.0156003
113,11,1,20,34,2,05中正區,中正區羅斯福路4段與羅斯福路4段24巷口,0,0,2,3,H02,8,5,5,50,3,1,1,5,4,5,13,4,4,3,4,5,2,17,2,35,4,11,5,5,7,20,8,20,10,16,,67,,1,21,121.5332439,25.0156003
113,11,1,20,45,2,05中正區,中正區重慶北路1段與北平西路口,0,0,1,1,C03,8,5,5,50,4,1,1,5,4,5,13,1,1,10,5,5,2,13,1,22,2,9,5,1,7,6,1,10,1,11,,16,,1,21,121.5133928,25.0482593
113,11,1,20,45,2,05中正區,中正區重慶北路1段與北平西路口,0,0,1,2,B03,8,5,5,50,4,1,1,5,4,5,13,1,1,10,5,5,2,13,1,26,3,10,7,1,7,12,1,8,1,3,,44,,1,21,121.5133928,25.0482593
113,11,1,20,51,2,11南港區,南港區松河街290號,0,0,1,1,B03,8,5,5,40,14,9,1,5,4,5,13,4,4,5,2,5,2,12,1,71,3,10,7,1,7,4,1,8,2,2,,17,,1,21,121.5803558,25.0522452
113,11,1,20,51,2,11南港區,南港區松河街290號,0,0,1,2,C03,8,5,5,40,14,9,1,5,4,5,13,4,4,5,2,5,2,12,1,42,2,9,6,1,7,9,1,10,2,14,,44,,1,21,121.5803558,25.0522452
113,11,1,21,0,2,03中山區,中山區市民大道2段與無名巷口,0,0,2,1,B03,7,5,5,40,22,9,1,4,4,5,13,4,4,1,4,5,2,12,1,23,2,1,7,1,7,6,1,8,2,5,,9,,1,21,121.523723,25.0479773
113,11,1,21,0,2,03中山區,中山區市民大道2段與無名巷口,0,0,2,2,C03,7,5,5,40,22,9,1,4,4,5,13,4,4,1,4,5,2,12,1,25,2,9,5,1,7,9,1,10,2,14,,108,,1,21,121.523723,25.0479773
113,11,1,21,10,2,10文山區,文山區興隆路1段與興隆路1段70巷口,0,0,2,1,C03,8,5,5,50,4,1,1,5,4,5,13,2,1,1,4,5,2,16,1,27,2,7,6,1,7,9,1,10,1,11,,107,,1,21,121.5406093,25.0039673
113,11,1,21,10,2,10文山區,文山區興隆路1段與興隆路1段70巷口,0,0,2,2,C03,8,5,5,50,4,1,1,5,4,5,13,2,1,1,4,5,2,16,1,21,2,9,6,1,7,11,1,10,1,14,,10,,1,21,121.5406093,25.0039673
113,11,1,21,15,2,02萬華區,萬華區永福街與昆明街口,0,0,1,1,B03,7,5,5,30,4,1,1,5,4,5,13,1,1,10,4,5,2,12,1,54,3,10,3,4,7,1,1,8,9,2,,85,,1,22,121.5038338,25.0385194
113,11,1,21,15,2,02萬華區,萬華區永福街與昆明街口,0,0,1,2,C04,7,5,5,30,4,1,1,5,4,5,13,1,1,10,4,5,2,12,2,41,2,9,5,4,7,1,1,10,9,14,,85,,1,22,121.5038338,25.0385194
113,11,1,21,54,2,06松山區,松山區敦化北路與敦化北路4巷口,0,0,1,1,B03,7,5,5,50,4,1,1,5,4,5,13,3,1,1,4,1,2,15,1,59,3,10,7,4,7,9,1,8,1,2,,72,,1,21,121.5487011,25.0501418
113,11,1,21,54,2,06松山區,松山區敦化北路與敦化北路4巷口,0,0,1,2,B01,7,5,5,50,4,1,1,5,4,5,13,3,1,1,4,1,2,15,1,68,2,8,7,4,7,9,1,4,1,1,,14,,1,21,121.5487011,25.0501418
113,11,1,22,53,2,05中正區,中正區羅斯福路4段與新生南路3段口,0,0,1,1,C04,7,5,5,50,4,2,1,5,4,5,13,1,1,2,4,5,2,17,2,23,2,9,6,1,7,5,1,10,1,12,,101,,1,22,121.5327177,25.0163255
113,11,1,22,53,2,05中正區,中正區羅斯福路4段與新生南路3段口,0,0,1,2,C03,7,5,5,50,4,2,1,5,4,5,13,1,1,2,4,5,2,17,1,34,3,10,6,1,7,5,1,9,1,14,,44,,1,22,121.5327177,25.0163255
113,11,1,23,30,2,03中山區,中山區林森北路50號,0,0,1,1,B03,8,5,5,50,14,9,1,5,4,5,13,4,4,9,4,5,2,12,1,28,3,10,7,1,7,8,3,18,2,5,,100,,1,21,121.5243358,25.04838726
113,11,1,23,30,2,03中山區,中山區林森北路50號,0,0,1,2,C03,8,5,5,50,14,9,1,5,4,5,13,4,4,9,4,5,2,12,2,32,2,9,5,1,7,9,1,10,2,14,,44,,1,21,121.5243358,25.04838726
113,11,2,0,37,2,04大安區,大安區龍泉街與泰順街60巷口,0,0,1,1,C03,7,5,5,30,4,1,1,5,4,5,13,4,4,10,5,5,1,15,1,18,2,7,5,1,7,9,1,10,1,11,,72,,1,22,121.5292558,25.0225083
113,11,2,0,37,2,04大安區,大安區龍泉街與泰順街60巷口,0,0,1,2,C03,7,5,5,30,4,1,1,5,4,5,13,4,4,10,5,5,1,15,2,26,3,10,5,1,7,9,1,10,1,11,,14,,1,22,121.5292558,25.0225083
113,11,2,0,44,2,04大安區,大安區仁愛路4段151巷與敦化南路1段233巷口,0,0,1,1,C03,8,5,5,30,4,1,1,5,4,5,13,4,4,10,5,5,2,15,1,18,2,8,5,1,7,9,1,10,2,11,,75,,1,21,121.5517985,25.0403696
113,11,2,0,44,2,04大安區,大安區仁愛路4段151巷與敦化南路1段233巷口,0,0,1,2,B03,8,5,5,30,4,1,1,5,4,5,13,4,4,10,5,5,2,15,1,29,3,10,3,4,7,9,1,8,2,8,,80,,1,21,121.5517985,25.0403696
113,11,2,5,32,2,08士林區,士林區中山北路4段與通河街口,0,0,1,1,C03,8,5,5,50,3,1,1,5,4,5,13,2,1,1,5,5,1,17,1,60,3,10,5,1,7,9,1,10,1,14,,81,,1,21,121.5244936,25.0798949
113,11,2,5,32,2,08士林區,士林區中山北路4段與通河街口,0,0,1,2,C03,8,5,5,50,3,1,1,5,4,5,13,2,1,1,5,5,1,17,1,20,2,9,5,1,7,9,1,10,1,11,,44,,1,21,121.5244936,25.0798949
113,11,2,7,24,2,10文山區,文山區木柵路5段近萬福橋,0,0,1,1,C03,7,6,5,50,14,9,1,5,4,5,13,4,4,5,4,5,2,18,2,36,2,9,6,1,7,9,1,10,1,17,,44,,1,21,121.5832161,25.002701
113,11,2,7,24,2,10文山區,文山區木柵路5段近萬福橋,0,0,1,2,A31,7,6,5,50,14,9,1,5,4,5,13,4,4,5,4,5,2,18,1,60,,,,,,,,,11,,,44,,1,,121.5832161,25.002701
113,11,2,8,42,2,09北投區,北投區立賢路111號西往東,0,0,1,1,B03,8,5,5,50,14,9,1,5,4,5,13,4,4,9,4,5,1,12,1,55,3,10,7,1,7,10,1,8,2,8,,100,,1,21,121.5018118,25.1138743
113,11,2,8,42,2,09北投區,北投區立賢路111號西往東,0,0,1,2,C03,8,5,5,50,14,9,1,5,4,5,13,4,4,9,4,5,1,12,1,66,2,1,5,1,7,9,1,10,2,14,,44,,1,21,121.5018118,25.1138743
113,11,2,8,48,2,01大同區,大同區民權西路128號,0,0,1,1,C03,7,6,5,50,14,9,1,5,4,5,13,4,4,1,4,5,2,13,1,39,3,10,6,4,7,10,1,10,1,11,,100,,1,22,121.5165446,25.06286571
113,11,2,8,48,2,01大同區,大同區民權西路128號,0,0,1,2,C03,7,6,5,50,14,9,1,5,4,5,13,4,4,1,4,5,2,13,2,41,2,9,6,4,7,9,1,10,1,13,,44,,1,22,121.5165446,25.06286571
113,11,2,9,4,2,12內湖區,內湖區內湖路1段737巷51弄11號前,0,0,1,1,B03,8,5,5,30,14,9,1,5,4,5,13,4,4,10,5,5,2,17,1,65,3,10,3,4,7,14,1,8,9,4,,40,,1,21,121.5795888,25.0801798
113,11,2,9,4,2,12內湖區,內湖區內湖路1段737巷51弄11號前,0,0,1,2,C03,8,5,5,30,14,9,1,5,4,5,13,4,4,10,5,5,2,17,1,58,2,8,6,1,7,5,1,10,9,12,,44,,1,21,121.5795888,25.0801798
113,11,2,9,15,1,06松山區,松山區長春路與敦化北路口口,1,0,0,1,B01,8,6,5,50,4,1,1,5,4,5,13,2,1,1,4,1,2,16,1,64,3,10,7,1,7,5,1,4,2,2,,85,,1,21,121.5487578,25.0544667
113,11,2,9,15,1,06松山區,松山區長春路與敦化北路口口,1,0,0,2,C03,8,6,5,50,4,1,1,5,4,5,13,2,1,1,4,1,2,16,2,21,1,9,6,1,7,9,3,18,9,11,,13,,1,21,121.5487578,25.0544667
113,11,2,9,23,2,03中山區,中山區樂群二路與植福路口,0,0,1,1,B12,8,6,5,50,4,18,1,5,4,5,13,2,1,3,4,5,2,3,1,50,3,10,3,4,7,5,1,8,2,1,,70,,1,21,121.5624738,25.0799719
113,11,2,9,23,2,03中山區,中山區樂群二路與植福路口,0,0,1,2,H01,8,6,5,50,4,18,1,5,4,5,13,2,1,3,4,5,2,3,2,72,2,1,4,5,8,16,8,20,10,16,,67,,1,21,121.5624738,25.0799719
113,11,2,9,54,2,09北投區,北投區大度路3段與關渡路口,0,0,1,1,B03,7,6,5,50,3,1,1,5,4,5,13,1,1,1,4,5,2,16,1,35,3,10,7,1,7,6,1,8,1,6,,9,,1,26,121.4695412,25.12295633
113,11,2,9,54,2,09北投區,北投區大度路3段與關渡路口,0,0,1,2,C03,7,6,5,50,3,1,1,5,4,5,13,1,1,1,4,5,2,16,2,20,2,9,6,1,7,9,1,10,1,11,,108,,1,26,121.4695412,25.12295633
113,11,2,10,5,2,12內湖區,內湖區新明路246巷3弄16號,0,0,1,1,C03,7,6,5,30,4,1,1,5,4,5,13,4,4,9,5,5,2,16,1,44,2,9,6,1,7,1,1,10,2,12,,19,,1,21,121.5842837,25.0575322
113,11,2,10,5,2,12內湖區,內湖區新明路246巷3弄16號,0,0,1,2,B03,7,6,5,30,4,1,1,5,4,5,13,4,4,9,5,5,2,16,1,45,3,10,7,1,7,9,1,8,2,1,,44,,1,21,121.5842837,25.0575322
113,11,2,10,30,2,12內湖區,內湖區舊宗路1段與行忠路口,0,0,2,1,B03,7,6,5,50,3,2,1,5,4,5,13,4,4,1,4,5,2,16,2,41,3,10,7,1,7,6,1,8,1,5,,9,,1,21,121.586598,25.04643153
113,11,2,10,30,2,12內湖區,內湖區舊宗路1段與行忠路口,0,0,2,2,C03,7,6,5,50,3,2,1,5,4,5,13,4,4,1,4,5,2,16,1,47,2,9,5,1,7,9,1,10,1,11,,44,,1,21,121.586598,25.04643153
113,11,2,10,30,2,12內湖區,內湖區舊宗路1段與行忠路口,0,0,2,3,H02,7,6,5,50,3,2,1,5,4,5,13,4,4,1,4,5,2,16,2,27,2,9,5,5,7,21,8,20,10,16,,67,,1,21,121.586598,25.04643153
113,11,2,10,47,2,04大安區,大安區忠孝東路4段77巷與敦化南路1段190巷口,0,0,1,1,B12,6,7,5,30,4,1,1,4,4,5,13,4,4,9,4,5,2,17,1,60,3,10,7,1,7,9,1,8,1,1,,72,,1,21,121.5472122,25.0426475
113,11,2,10,47,2,04大安區,大安區忠孝東路4段77巷與敦化南路1段190巷口,0,0,1,2,C03,6,7,5,30,4,1,1,4,4,5,13,4,4,9,4,5,2,17,1,55,2,9,6,1,7,9,1,10,1,12,,14,,1,21,121.5472122,25.0426475
113,11,2,11,2,2,09北投區,北投區三合街1段79巷與無名巷口,0,0,1,1,B03,8,5,5,30,4,1,1,5,4,5,13,4,4,10,5,5,1,15,1,44,3,10,7,1,7,9,1,8,1,17,,118,,1,21,121.5051654,25.1263133