發生年度,發生月,發生日,發生時-Hours,發生分,處理別-編號,區序,肇事地點,死亡人數,2-30日死亡人數,受傷人數,當事人序號,車種,天候,道路照明設備,道路類別,速限-速度限制,道路型態,事故位置,路面狀況1,路面狀況2,路面狀況3,道路障礙1,道路障礙2,號誌1,號誌2,車道劃分-分向,車道劃分-分道1,車道劃分-分道2,車道劃分-分道3,事故類型及型態,性別,年齡,受傷程度,主要傷處,保護裝置,行動電話,車輛用途,當事者行動狀態,駕駛資格情形,駕駛執照種類,飲酒情形,車輛撞擊部位1,車輛撞擊部位2,肇因碼-個別,肇因碼-主要,個人肇逃否,職業,座標-X,座標-Y
113,11,2,11,2,2,09北投區,北投區三合街1段79巷與無名巷口,0,0,1,2,C03,8,5,5,30,4,1,1,5,4,5,13,4,4,10,5,5,1,15,2,63,2,6,5,1,7,9,1,10,1,17,,44,,1,21,121.5051654,25.1263133
113,11,2,11,10,2,02萬華區,萬華區水源路（青年公園旁）近燈桿036,0,0,1,1,C03,7,6,5,50,14,9,1,5,4,5,13,4,4,5,5,5,2,17,1,60,3,10,6,1,7,11,1,10,1,17,,119,,1,21,121.5058024,25.0209139
113,11,2,11,10,2,02萬華區,萬華區水源路（青年公園旁）近燈桿036,0,0,1,2,C03,7,6,5,50,14,9,1,5,4,5,13,4,4,5,5,5,2,17,2,70,2,9,6,1,7,9,1,11,1,14,,119,,1,21,121.5058024,25.0209139
113,11,2,12,11,2,04大安區,大安區敦化南路2段100號,0,0,2,1,B03,7,5,5,50,14,9,1,5,4,5,13,4,4,1,4,5,2,16,2,55,3,10,3,4,7,1,1,8,1,4,,19,,1,21,121.5484917,25.0278821
113,11,2,12,11,2,04大安區,大安區敦化南路2段100號,0,0,2,2,C03,7,5,5,50,14,9,1,5,4,5,13,4,4,1,4,5,2,16,2,50,2,9,3,4,7,9,1,10,1,12,,44,,1,21,121.5484917,25.0278821
113,11,2,12,11,2,04大安區,大安區敦化南路2段100號,0,0,2,3,C03,7,5,5,50,14,9,1,5,4,5,13,4,4,1,4,5,2,16,1,37,2,9,3,4,7,9,1,10,1,12,,44,,1,21,121.5484917,25.0278821
113,11,2,12,47,2,02萬華區,萬華區昆明街280號,0,0,1,1,C03,7,6,5,50,14,9,1,5,4,5,13,4,4,10,4,5,2,13,2,66,2,9,5,1,7,7,1,10,1,11,,16,,1,21,121.5039816,25.0388132
113,11,2,12,47,2,02萬華區,萬華區昆明街280號,0,0,1,2,B03,7,6,5,50,14,9,1,5,4,5,13,4,4,10,4,5,2,13,1,77,3,10,7,1,7,12,1,8,1,6,,44,,1,21,121.5039816,25.0388132
113,11,2,12,47,2,02萬華區,萬華區昆明街280號,0,0,1,3,H01,7,6,5,50,14,9,1,5,4,5,13,4,4,10,4,5,2,13,2,25,3,10,4,5,8,16,8,20,10,16,,67,,1,21,121.5039816,25.0388132
113,11,2,12,56,2,09北投區,北投區中央北路1段與中央北路1段167巷口,0,0,1,1,C03,7,6,5,50,3,2,1,5,4,5,13,4,4,5,4,5,2,12,2,51,2,9,5,1,7,5,1,10,1,14,,8,,1,21,121.4982687,25.13553733
113,11,2,12,56,2,09北投區,北投區中央北路1段與中央北路1段167巷口,0,0,1,2,B12,7,6,5,50,3,2,1,5,4,5,13,4,4,5,4,5,2,12,1,57,3,10,7,1,7,9,1,8,1,2,,44,,1,21,121.4982687,25.13553733
113,11,2,13,15,2,02萬華區,萬華區環河南路3段與武成街63巷口,0,0,1,1,G03,7,6,5,50,14,9,1,5,4,5,13,4,4,10,3,5,2,10,1,31,3,10,3,4,7,9,8,8,1,16,,44,,1,22,121.4936448,25.0183874
113,11,2,13,15,2,02萬華區,萬華區環河南路3段與武成街63巷口,0,0,1,2,C03,7,6,5,50,14,9,1,5,4,5,13,4,4,10,3,5,2,10,2,24,2,9,5,4,7,9,1,10,1,11,,44,,1,22,121.4936448,25.0183874
113,11,2,13,17,2,12內湖區,內湖區環山路3段與港墘路口口,0,0,1,1,B03,7,5,5,50,3,2,1,5,4,5,13,1,1,5,4,5,2,12,1,31,3,10,7,1,7,9,1,8,2,2,,17,,1,21,121.5784513,25.0842018
113,11,2,13,17,2,12內湖區,內湖區環山路3段與港墘路口口,0,0,1,2,F01,7,5,5,50,3,2,1,5,4,5,13,1,1,5,4,5,2,12,2,29,2,9,4,1,7,9,8,20,2,14,,44,,1,21,121.5784513,25.0842018
113,11,2,13,54,2,06松山區,松山區光復南路22巷與光復南路32巷16弄口,0,0,1,1,C03,7,5,5,30,4,1,1,5,4,5,13,4,4,10,5,5,2,15,2,30,2,4,6,1,7,9,1,10,1,12,,72,,1,21,121.5563874,25.04701383
113,11,2,13,54,2,06松山區,松山區光復南路22巷與光復南路32巷16弄口,0,0,1,2,B03,7,5,5,30,4,1,1,5,4,5,13,4,4,10,5,5,2,15,1,64,3,10,7,1,7,9,1,8,1,1,,13,,1,21,121.5563874,25.04701383
113,11,2,14,5,2,08士林區,士林區至誠路1段與雨聲街口,0,0,1,1,B03,8,6,5,50,3,2,1,5,4,5,13,3,1,5,5,5,1,17,1,40,3,10,7,1,7,6,1,8,1,2,,9,,1,21,121.5337278,25.101339
113,11,2,14,5,2,08士林區,士林區至誠路1段與雨聲街口,0,0,1,2,C03,8,6,5,50,3,2,1,5,4,5,13,3,1,5,5,5,1,17,2,21,2,9,6,1,7,9,1,10,1,14,,44,,1,21,121.5337278,25.101339
113,11,2,14,8,2,05中正區,中正區水源路35巷15號,0,0,1,1,B03,8,6,5,30,22,9,1,5,4,2,13,4,4,10,5,5,1,17,1,50,3,10,7,1,7,5,1,8,9,8,,8,,1,21,121.5243061,25.0189076
113,11,2,14,8,2,05中正區,中正區水源路35巷15號,0,0,1,2,C03,8,6,5,30,22,9,1,5,4,2,13,4,4,10,5,5,1,17,1,35,2,8,6,1,7,6,1,10,9,11,,9,,1,21,121.5243061,25.0189076
113,11,2,14,8,2,05中正區,中正區水源路35巷15號,0,0,1,3,H02,8,6,5,30,22,9,1,5,4,2,13,4,4,10,5,5,1,17,2,34,4,11,6,5,7,20,8,20,10,16,,67,,1,21,121.5243061,25.0189076
113,11,2,14,8,2,05中正區,中正區水源路35巷15號,0,0,1,4,H02,8,6,5,30,22,9,1,5,4,2,13,4,4,10,5,5,1,17,2,9,4,11,6,5,7,20,8,20,10,16,,67,,1,21,121.5243061,25.0189076
113,11,2,14,13,2,09北投區,北投區公館路63巷15號,0,0,1,1,C03,8,7,5,30,14,9,1,5,4,5,13,4,4,10,5,5,2,9,2,54,3,10,5,1,7,1,1,10,1,11,,10,,1,22,121.5041389,25.1329957
113,11,2,14,13,2,09北投區,北投區公館路63巷15號,0,0,1,2,H01,8,7,5,30,14,9,1,5,4,5,13,4,4,10,5,5,2,9,1,31,2,8,4,5,8,16,8,20,10,16,,67,,1,21,121.5041389,25.1329957
113,11,2,15,40,2,08士林區,士林區延平北路8段2巷55弄與延平北路8段2巷口,0,0,1,1,B03,8,6,5,30,4,2,1,5,4,5,8,1,3,5,5,5,2,17,4,0,,,,,,,,,11,,,119,,2,,121.4868905,25.1055524
113,11,2,15,40,2,08士林區,士林區延平北路8段2巷55弄與延平北路8段2巷口,0,0,1,2,C03,8,6,5,30,4,2,1,5,4,5,8,1,3,5,5,5,2,17,1,30,2,9,6,1,7,9,1,10,1,13,,44,,1,21,121.4868905,25.1055524
113,11,2,16,14,2,10文山區,文山區萬美街2段燈桿編號232號對面,0,0,1,1,C03,8,6,5,40,14,12,1,4,4,5,13,4,4,5,5,4,2,18,1,19,2,9,5,1,7,9,1,10,1,14,,118,,1,21,121.5638397,25.00426222
113,11,2,16,14,2,10文山區,文山區萬美街2段燈桿編號232號對面,0,0,1,2,,8,6,5,40,14,12,1,4,4,5,13,4,4,5,5,4,2,18,3,19,,,,,,,,,,,,67,,1,,121.5638397,25.00426222
113,11,2,16,25,2,08士林區,士林區通河西街2段與堤外便道口,0,0,1,1,C03,8,6,5,30,3,2,1,5,4,5,13,4,4,10,5,5,1,13,1,42,2,8,5,1,7,9,1,10,2,11,,16,,1,21,121.5115522,25.0905728
113,11,2,16,25,2,08士林區,士林區通河西街2段與堤外便道口,0,0,1,2,C03,8,6,5,30,3,2,1,5,4,5,13,4,4,10,5,5,1,13,1,19,3,10,5,1,7,9,1,10,2,13,,44,,1,21,121.5115522,25.0905728
113,11,2,16,32,2,02萬華區,萬華區環河南路1段與長沙街2段口,0,0,2,1,C03,7,7,5,50,3,1,1,5,4,5,13,2,1,8,3,5,1,16,2,47,2,9,3,4,7,5,1,10,1,12,,74,,1,22,121.499609,25.041453
113,11,2,16,32,2,02萬華區,萬華區環河南路1段與長沙街2段口,0,0,2,2,C03,7,7,5,50,3,1,1,5,4,5,13,2,1,8,3,5,1,16,1,30,2,9,3,4,7,9,1,10,1,11,,13,,1,22,121.499609,25.041453
113,11,2,16,45,2,04大安區,大安區基隆路高架道與基隆路高架道口往南樂業街匝道,0,0,3,1,B03,8,6,5,50,10,16,1,5,4,5,13,4,4,4,5,5,2,13,1,26,3,10,7,1,7,9,1,8,1,1,,16,,1,22,121.5496797,25.0218759
113,11,2,16,45,2,04大安區,大安區基隆路高架道與基隆路高架道口往南樂業街匝道,0,0,3,2,B03,8,6,5,50,10,16,1,5,4,5,13,4,4,4,5,5,2,13,1,35,2,6,7,1,7,9,1,8,1,3,,44,,1,22,121.5496797,25.0218759
113,11,2,16,45,2,04大安區,大安區基隆路高架道與基隆路高架道口往南樂業街匝道,0,0,3,3,H02,8,6,5,50,10,16,1,5,4,5,13,4,4,4,5,5,2,13,2,34,2,6,7,5,7,20,8,20,10,16,,67,,1,22,121.5496797,25.0218759
113,11,2,16,45,2,04大安區,大安區基隆路高架道與基隆路高架道口往南樂業街匝道,0,0,3,4,H02,8,6,5,50,10,16,1,5,4,5,13,4,4,4,5,5,2,13,1,2,2,6,7,5,7,20,8,20,10,16,,67,,1,24,121.5496797,25.0218759
113,11,2,17,15,2,08士林區,士林區中正路與文林路口,0,0,2,1,C03,8,6,5,50,14,9,1,5,4,5,13,1,1,1,4,5,1,13,1,61,2,1,3,4,7,9,1,10,2,11,,108,,1,22,121.5247387,25.09509295
113,11,2,17,15,2,08士林區,士林區中正路與文林路口,0,0,2,2,C03,8,6,5,50,14,9,1,5,4,5,13,1,1,1,4,5,1,13,1,51,2,5,3,4,7,12,1,10,2,13,,44,,1,22,121.5247387,25.09509295
113,11,2,17,15,2,10文山區,(木柵路2段161巷多岔路口),0,0,1,1,C03,7,5,5,50,4,1,1,5,4,5,13,2,1,10,5,5,2,17,1,58,2,9,3,4,7,9,1,10,1,11,,86,,1,21,121.5632614,24.9890512
113,11,2,17,15,2,10文山區,(木柵路2段161巷多岔路口),0,0,1,2,B03,7,5,5,50,4,1,1,5,4,5,13,2,1,10,5,5,2,17,1,39,3,10,3,4,7,5,1,8,1,5,,71,,1,21,121.5632614,24.9890512
113,11,2,18,2,2,07信義區,信義區忠孝東路5段790巷與忠孝東路5段790巷68弄口,0,0,2,1,C03,7,5,5,30,4,2,1,5,4,5,13,4,4,10,5,5,2,17,1,20,2,8,6,1,7,9,1,10,1,11,,72,,1,22,121.5834482,25.0407268
113,11,2,18,2,2,07信義區,信義區忠孝東路5段790巷與忠孝東路5段790巷68弄口,0,0,2,2,C03,7,5,5,30,4,2,1,5,4,5,13,4,4,10,5,5,2,17,1,27,2,7,6,1,7,9,1,10,1,12,,44,,1,22,121.5834482,25.0407268
113,11,2,18,7,2,01大同區,大同區天水路與南京西路344巷口,0,0,1,1,B03,7,5,5,30,3,1,1,5,4,5,13,4,4,10,4,5,2,17,1,70,3,10,3,4,7,1,1,8,1,4,,19,,1,22,121.5121392,25.0522727
113,11,2,18,7,2,01大同區,大同區天水路與南京西路344巷口,0,0,1,2,C03,7,5,5,30,3,1,1,5,4,5,13,4,4,10,4,5,2,17,2,52,2,4,6,4,7,9,1,10,1,11,,27,,1,22,121.5121392,25.0522727
113,11,2,18,7,2,04大安區,大安區復興南路2段與復興南路2段151巷口,0,0,2,1,B01,7,5,5,50,4,1,1,4,4,5,13,1,1,1,4,5,2,16,1,59,3,10,7,1,7,9,1,4,2,1,,81,,1,21,121.5435387,25.0284167
113,11,2,18,7,2,04大安區,大安區復興南路2段與復興南路2段151巷口,0,0,2,2,B03,7,5,5,50,4,1,1,4,4,5,13,1,1,1,4,5,2,16,2,29,2,9,7,1,7,5,1,8,2,5,,44,,1,21,121.5435387,25.0284167
113,11,2,18,7,2,04大安區,大安區復興南路2段與復興南路2段151巷口,0,0,2,3,H02,7,5,5,50,4,1,1,4,4,5,13,1,1,1,4,5,2,16,1,62,2,9,7,5,7,20,8,20,10,16,,67,,1,21,121.5435387,25.0284167
113,11,2,18,20,2,07信義區,信義區松高路新光三越A4館,0,0,2,1,C03,7,5,5,50,14,18,1,5,4,5,13,2,1,9,3,5,2,3,1,26,2,8,3,4,7,1,1,10,1,11,,70,,1,22,121.56713,25.0391532
113,11,2,18,20,2,07信義區,信義區松高路新光三越A4館,0,0,2,2,H01,7,5,5,50,14,18,1,5,4,5,13,2,1,9,3,5,2,3,2,29,2,9,4,5,8,16,8,20,10,16,,122,,1,22,121.56713,25.0391532
113,11,2,19,10,2,03中山區,中山區中山北路1段與長安東路1段口,0,0,2,1,C03,8,5,5,50,4,2,1,5,4,5,13,2,1,5,4,5,2,13,1,22,2,8,6,4,7,9,1,10,1,11,,44,,1,21,121.5216583,25.04960682
113,11,2,19,10,2,03中山區,中山區中山北路1段與長安東路1段口,0,0,2,2,C03,8,5,5,50,4,2,1,5,4,5,13,2,1,5,4,5,2,13,1,41,2,9,6,4,7,9,1,10,1,13,,116,,1,21,121.5216583,25.04960682
113,11,2,19,10,2,03中山區,中山區中山北路1段與長安東路1段口,0,0,2,3,C03,8,5,5,50,4,2,1,5,4,5,13,2,1,5,4,5,2,13,1,22,3,10,6,4,7,12,1,10,1,11,,108,,1,21,121.5216583,25.04960682
113,11,2,19,10,2,03中山區,中山區中山北路1段與長安東路1段口,0,0,2,4,C03,8,5,5,50,4,2,1,5,4,5,13,2,1,5,4,5,2,13,1,20,3,10,6,4,7,8,1,10,9,17,,44,,1,21,121.5216583,25.04960682
113,11,2,21,25,2,03中山區,中山區天津街與中山北路1段53巷口,0,0,2,1,B01,8,5,5,30,4,1,1,5,4,5,13,3,1,10,5,5,2,15,1,52,3,10,7,1,7,9,1,4,2,1,,72,,1,22,121.5227215,25.0490865
113,11,2,21,25,2,03中山區,中山區天津街與中山北路1段53巷口,0,0,2,2,B03,8,5,5,30,4,1,1,5,4,5,13,3,1,10,5,5,2,15,1,49,2,9,7,1,7,9,1,8,2,2,,44,,1,22,121.5227215,25.0490865
113,11,2,21,25,2,03中山區,中山區天津街與中山北路1段53巷口,0,0,2,3,H02,8,5,5,30,4,1,1,5,4,5,13,3,1,10,5,5,2,15,1,9,2,9,7,5,7,17,8,20,10,16,,67,,1,22,121.5227215,25.0490865
113,11,2,21,40,2,03中山區,中山區八德路2段245號,0,0,2,1,B01,8,5,5,50,14,9,1,5,4,5,13,4,4,4,3,5,2,12,1,66,3,10,7,1,7,11,1,4,1,8,,10,,1,22,121.5408765,25.0468187
113,11,2,21,40,2,03中山區,中山區八德路2段245號,0,0,2,2,C03,8,5,5,50,14,9,1,5,4,5,13,4,4,4,3,5,2,12,1,22,2,9,6,1,7,9,1,9,1,11,,44,,1,22,121.5408765,25.0468187
113,11,2,21,40,2,03中山區,中山區八德路2段245號,0,0,2,3,H02,8,5,5,50,14,9,1,5,4,5,13,4,4,4,3,5,2,12,2,23,2,9,6,5,7,21,8,20,10,16,,67,,1,22,121.5408765,25.0468187
113,11,2,21,41,2,10文山區,文山區興隆路4段與興隆路4段122巷口,0,0,2,1,C03,8,5,5,50,14,9,2,5,4,5,13,1,1,1,4,5,2,17,1,21,3,10,5,4,7,9,1,10,1,11,,108,,1,21,121.5622948,24.9826953
113,11,2,21,41,2,10文山區,文山區興隆路4段與興隆路4段122巷口,0,0,2,2,C03,8,5,5,50,14,9,2,5,4,5,13,1,1,1,4,5,2,17,1,52,2,8,5,4,7,14,1,10,1,13,,44,,1,21,121.5622948,24.9826953
113,11,2,21,41,2,10文山區,文山區興隆路4段與興隆路4段122巷口,0,0,2,3,H02,8,5,5,50,14,9,2,5,4,5,13,1,1,1,4,5,2,17,1,12,2,8,5,5,7,17,8,20,10,16,,67,,1,21,121.5622948,24.9826953
113,11,2,22,30,2,01大同區,大同區昌吉街與承德路3段28巷3弄口,0,0,1,1,B03,8,5,5,50,3,1,1,5,4,5,13,4,4,9,4,5,1,16,1,67,3,10,3,4,7,11,1,8,1,8,,10,,1,21,121.5177845,25.065884
113,11,2,22,30,2,01大同區,大同區昌吉街與承德路3段28巷3弄口,0,0,1,2,C03,8,5,5,50,3,1,1,5,4,5,13,4,4,9,4,5,1,16,1,30,2,9,3,4,7,15,1,10,1,12,,107,,1,21,121.5177845,25.065884
113,11,3,6,25,2,06松山區,松山區民權大橋往東第7510452燈桿,0,0,2,1,C04,7,7,5,30,14,8,1,5,4,5,13,4,4,9,4,4,2,12,2,24,2,9,5,1,7,9,1,10,1,12,,108,,1,22,121.5667612,25.06329437
113,11,3,6,25,2,06松山區,松山區民權大橋往東第7510452燈桿,0,0,2,2,F01,7,7,5,30,14,8,1,5,4,5,13,4,4,9,4,4,2,12,2,58,2,9,4,1,7,9,8,20,1,14,,44,,1,22,121.5667612,25.06329437
113,11,3,7,19,2,09北投區,北投區北投路2段北投捷運站1號出口,0,0,1,1,B03,8,7,5,50,14,7,1,5,4,5,13,2,1,5,4,4,2,16,1,79,3,10,7,1,7,1,1,8,1,8,,19,,1,22,121.4980185,25.1320403
113,11,3,7,19,2,09北投區,北投區北投路2段北投捷運站1號出口,0,0,1,2,C03,8,7,5,50,14,7,1,5,4,5,13,2,1,5,4,4,2,16,1,47,2,9,6,1,7,9,1,10,1,12,,44,,1,22,121.4980185,25.1320403
113,11,3,8,28,2,09北投區,北投區東華街1段與東華街1段22巷口南往北,0,0,1,1,H03,8,5,5,50,3,2,1,5,4,5,13,4,4,9,4,5,1,27,3,58,,,,,,,,,,,,66,,1,,121.520446,25.1077625
113,11,3,8,28,2,09北投區,北投區東華街1段與東華街1段22巷口南往北,0,0,1,2,C03,8,5,5,50,3,2,1,5,4,5,13,4,4,9,4,5,1,27,1,81,2,1,5,1,7,9,1,10,1,11,,44,,1,21,121.520446,25.1077625
113,11,3,9,20,2,08士林區,士林區文林路101巷30號,0,0,1,1,C03,8,5,5,30,11,9,1,5,4,5,13,4,4,10,5,5,2,11,1,80,3,10,5,1,7,14,1,9,1,12,,118,,1,21,121.5254892,25.08769035
113,11,3,9,20,2,08士林區,士林區文林路101巷30號,0,0,1,2,C03,8,5,5,30,11,9,1,5,4,5,13,4,4,10,5,5,2,11,2,71,2,9,5,1,7,9,1,10,1,12,,118,,1,21,121.5254892,25.08769035
113,11,3,9,48,2,03中山區,中山區建國北路3段14號,0,0,1,1,F03,8,5,5,50,14,9,1,5,4,5,13,1,1,1,4,5,2,12,2,62,2,9,2,4,7,10,8,20,1,12,,81,,1,22,121.536695,25.0636045
113,11,3,9,48,2,03中山區,中山區建國北路3段14號,0,0,1,2,B03,8,5,5,50,14,9,1,5,4,5,13,1,1,1,4,5,2,12,1,76,3,10,7,4,7,9,1,8,1,4,,44,,1,22,121.536695,25.0636045
113,11,3,9,57,2,07信義區,信義區忠孝東路5段與忠孝東路5段295巷口,0,0,2,1,C03,8,6,5,50,14,9,1,5,4,5,13,4,4,9,5,5,2,15,1,73,2,8,5,1,7,9,1,10,11,11,,80,,1,21,121.5725167,25.0410851
113,11,3,9,57,2,07信義區,信義區忠孝東路5段與忠孝東路5段295巷口,0,0,2,2,F01,8,6,5,50,14,9,1,5,4,5,13,4,4,9,5,5,2,15,2,47,2,9,2,1,7,1,8,20,11,14,,19,,1,21,121.5725167,25.0410851
113,11,3,10,11,2,10文山區,文山區木新路2段161巷12弄與木新路2段161巷口,0,0,1,1,C03,7,6,5,30,4,1,1,5,4,5,13,1,1,10,5,5,1,15,2,65,2,9,5,1,7,9,1,10,1,14,,81,,1,21,121.5691507,24.9831306
113,11,3,10,11,2,10文山區,文山區木新路2段161巷12弄與木新路2段161巷口,0,0,1,2,B03,7,6,5,30,4,1,1,5,4,5,13,1,1,10,5,5,1,15,1,58,3,10,7,1,7,9,1,8,1,1,,44,,1,21,121.5691507,24.9831306
113,11,3,10,19,2,09北投區,北投區大度路與中央北路2段257巷口往東400公尺處,0,0,2,1,C03,8,6,5,50,14,12,1,5,4,5,13,4,4,1,4,5,1,13,1,47,2,7,5,1,7,9,1,10,1,11,,108,,1,26,121.4904397,25.1218667
113,11,3,10,19,2,09北投區,北投區大度路與中央北路2段257巷口往東400公尺處,0,0,2,2,F02,8,6,5,50,14,12,1,5,4,5,13,4,4,1,4,5,1,13,1,83,2,8,4,1,7,9,8,20,1,13,,44,,1,21,121.4904397,25.1218667
113,11,3,11,0,2,06松山區,松山區市民大道5段與東興路口,0,0,2,1,C04,8,6,5,50,4,1,1,5,4,5,13,1,1,8,3,4,1,16,1,50,2,9,3,1,7,6,1,10,1,12,,9,,1,21,121.5656932,25.048381
113,11,3,11,0,2,06松山區,松山區市民大道5段與東興路口,0,0,2,2,C03,8,6,5,50,4,1,1,5,4,5,13,1,1,8,3,4,1,16,1,38,3,10,3,1,7,9,1,11,1,14,,44,,1,21,121.5656932,25.048381
113,11,3,11,0,2,06松山區,松山區市民大道5段與東興路口,0,0,2,3,H02,8,6,5,50,4,1,1,5,4,5,13,1,1,8,3,4,1,16,2,35,2,9,3,5,7,21,8,20,10,16,,67,,1,21,121.5656932,25.048381
113,11,3,11,13,2,02萬華區,萬華區桂林路228巷11弄與桂林路244巷口,0,0,2,1,C03,8,7,5,30,5,2,1,5,4,5,13,1,1,1,4,5,2,17,2,30,2,8,5,1,7,6,1,10,1,14,,71,,1,21,121.4954796,25.03836678
113,11,3,11,13,2,02萬華區,萬華區桂林路228巷11弄與桂林路244巷口,0,0,2,2,C03,8,7,5,30,5,2,1,5,4,5,13,1,1,1,4,5,2,17,1,22,2,1,6,1,7,9,1,10,1,12,,44,,1,21,121.4954796,25.03836678
113,11,3,11,25,2,06松山區,松山區環東大道與堤頂大道口,0,0,1,1,C01,7,6,5,50,14,7,1,5,4,5,13,4,4,9,4,5,2,29,1,33,2,9,6,1,7,8,1,9,2,15,,44,,1,21,121.5696339,25.04984947
113,11,3,11,25,2,06松山區,松山區環東大道與堤頂大道口,0,0,1,2,,7,6,5,50,14,7,1,5,4,5,13,4,4,9,4,5,2,29,3,0,,,,,,,,,,,,61,,1,,121.5696339,25.04984947
113,11,3,11,35,2,05中正區,中正區汀州路2段與汀州路2段182巷口,0,0,1,1,B03,8,6,5,30,4,1,2,5,4,5,13,4,4,5,2,5,2,17,2,46,3,10,7,1,7,6,1,8,2,17,,9,,1,21,121.5230187,25.0230445
113,11,3,11,35,2,05中正區,中正區汀州路2段與汀州路2段182巷口,0,0,1,2,C03,8,6,5,30,4,1,2,5,4,5,13,4,4,5,2,5,2,17,1,65,2,9,6,1,7,9,1,9,2,12,,44,,1,21,121.5230187,25.0230445
113,11,3,11,41,2,09北投區,北投區承德路7段與石牌路1段口,0,0,2,1,C03,8,6,5,60,3,1,1,5,4,5,13,1,1,1,4,5,2,17,2,20,2,7,6,1,7,8,1,10,1,13,,100,,1,21,121.5094632,25.112509
113,11,3,11,41,2,09北投區,北投區承德路7段與石牌路1段口,0,0,2,2,C03,8,6,5,60,3,1,1,5,4,5,13,1,1,1,4,5,2,17,1,31,2,8,6,1,7,6,1,10,1,11,,44,,1,26,121.5094632,25.112509
113,11,3,11,45,2,02萬華區,中正區汀州路3段與汀州路3段230巷口,0,0,2,1,C03,8,6,5,50,4,1,1,5,4,5,13,4,4,8,3,5,2,16,1,21,3,10,5,4,7,5,1,10,2,14,,8,,1,22,121.5360838,25.01159997
113,11,3,11,45,2,02萬華區,中正區汀州路3段與汀州路3段230巷口,0,0,2,2,C03,8,6,5,50,4,1,1,5,4,5,13,4,4,8,3,5,2,16,2,30,2,9,5,4,7,9,1,10,2,12,,44,,1,22,121.5360838,25.01159997
113,11,3,11,45,2,02萬華區,中正區汀州路3段與汀州路3段230巷口,0,0,2,3,C03,8,6,5,50,4,1,1,5,4,5,13,4,4,8,3,5,2,16,1,51,3,10,5,4,7,9,1,10,2,11,,16,,1,23,121.5360838,25.01159997
113,11,3,11,45,2,02萬華區,中正區汀州路3段與汀州路3段230巷口,0,0,2,4,H02,8,6,5,50,4,1,1,5,4,5,13,4,4,8,3,5,2,16,1,4,2,9,5,5,7,20,8,20,10,16,,67,,1,22,121.5360838,25.01159997
113,11,3,11,46,2,02萬華區,萬華區民和街161號,0,0,1,1,B03,8,7,5,30,14,7,1,5,4,5,13,4,4,5,5,5,2,11,1,52,4,11,3,4,7,9,1,8,9,15,,44,,2,21,121.4952677,25.0244721
113,11,3,11,46,2,02萬華區,萬華區民和街161號,0,0,1,2,C03,8,7,5,30,14,7,1,5,4,5,13,4,4,5,5,5,2,11,1,43,2,7,6,1,7,9,1,10,1,14,,44,,1,22,121.4952677,25.0244721
113,11,3,12,10,2,08士林區,士林區社中街210巷21弄與社中街250巷口,0,0,1,1,B03,8,5,5,30,4,1,1,5,4,5,13,4,4,10,5,5,2,15,1,50,3,10,7,1,7,9,1,8,1,4,,72,,1,21,121.5077061,25.0922585
113,11,3,12,10,2,08士林區,士林區社中街210巷21弄與社中街250巷口,0,0,1,2,C03,8,5,5,30,4,1,1,5,4,5,13,4,4,10,5,5,2,15,1,69,2,9,6,1,7,9,1,10,1,11,,108,,1,21,121.5077061,25.0922585
113,11,3,12,30,2,10文山區,文山區萬壽路與秀明路2段口,0,0,1,1,C03,8,6,5,50,3,1,1,5,4,5,12,1,1,5,5,5,1,13,1,30,2,8,5,1,7,9,1,10,1,11,,108,,1,21,121.576961,24.9887882
113,11,3,12,30,2,10文山區,文山區萬壽路與秀明路2段口,0,0,1,2,B03,8,6,5,50,3,1,1,5,4,5,12,1,1,5,5,5,1,13,1,33,3,10,7,1,7,12,1,8,1,3,,44,,1,21,121.576961,24.9887882
113,11,3,14,2,2,04大安區,大安區辛亥路3段與芳蘭路口,0,0,2,1,B12,8,7,5,50,4,2,1,5,4,5,13,2,1,8,3,4,1,11,1,52,3,10,7,1,7,8,1,8,1,5,,100,,1,26,121.5488755,25.016816
113,11,3,14,2,2,04大安區,大安區辛亥路3段與芳蘭路口,0,0,2,2,C03,8,7,5,50,4,2,1,5,4,5,13,2,1,8,3,4,1,11,1,28,2,7,5,1,7,9,1,10,1,14,,44,,1,26,121.5488755,25.016816
113,11,3,14,2,2,04大安區,大安區辛亥路3段與芳蘭路口,0,0,2,3,H02,8,7,5,50,4,2,1,5,4,5,13,2,1,8,3,4,1,11,2,28,2,8,5,5,7,21,8,20,10,16,,67,,1,26,121.5488755,25.016816
113,11,3,14,10,2,01大同區,大同區承德路1段與承德路1段24巷口,0,0,1,1,B03,8,6,5,50,5,2,1,5,4,5,13,4,4,1,5,5,1,17,1,62,3,10,7,1,7,13,6,8,2,4,,40,,1,21,121.5168266,25.05042905
113,11,3,14,10,2,01大同區,大同區承德路1段與承德路1段24巷口,0,0,1,2,C04,8,6,5,50,5,2,1,5,4,5,13,4,4,1,5,5,1,17,1,23,2,9,5,1,7,9,1,10,2,12,,44,,1,21,121.5168266,25.05042905
113,11,3,14,45,2,02萬華區,萬華區西園路1段156號,0,0,1,1,B01,8,7,5,50,14,9,1,5,4,5,13,4,4,5,2,5,2,13,1,63,3,10,7,1,7,9,1,4,1,1,,108,,1,21,121.499399,25.0369863