發生年度,發生月,發生日,發生時-Hours,發生分,處理別-編號,區序,肇事地點,死亡人數,2-30日死亡人數,受傷人數,當事人序號,車種,天候,道路照明設備,道路類別,速限-速度限制,道路型態,事故位置,路面狀況1,路面狀況2,路面狀況3,道路障礙1,道路障礙2,號誌1,號誌2,車道劃分-分向,車道劃分-分道1,車道劃分-分道2,車道劃分-分道3,事故類型及型態,性別,年齡,受傷程度,主要傷處,保護裝置,行動電話,車輛用途,當事者行動狀態,駕駛資格情形,駕駛執照種類,飲酒情形,車輛撞擊部位1,車輛撞擊部位2,肇因碼-個別,肇因碼-主要,個人肇逃否,職業,座標-X,座標-Y
113,11,3,14,45,2,02萬華區,萬華區西園路1段156號,0,0,1,2,B03,8,7,5,50,14,9,1,5,4,5,13,4,4,5,2,5,2,13,1,43,3,10,7,1,7,14,1,8,1,3,,44,,1,21,121.499399,25.0369863
113,11,3,14,45,2,02萬華區,萬華區西園路1段156號,0,0,1,3,H02,8,7,5,50,14,9,1,5,4,5,13,4,4,5,2,5,2,13,1,50,2,9,7,5,7,20,8,20,10,16,,67,,1,21,121.499399,25.0369863
113,11,3,15,0,2,05中正區,中正區汀州路2段265號,0,0,1,1,B03,8,6,5,50,14,9,1,5,4,5,13,4,4,9,4,5,2,17,2,35,3,10,7,1,7,1,1,8,2,17,,19,,1,21,121.5235555,25.02267018
113,11,3,15,0,2,05中正區,中正區汀州路2段265號,0,0,1,2,C03,8,6,5,50,14,9,1,5,4,5,13,4,4,9,4,5,2,17,1,46,3,10,5,1,7,9,1,10,2,11,,44,,1,21,121.5235555,25.02267018
113,11,3,15,0,2,05中正區,中正區汀州路2段265號,0,0,1,3,C03,8,6,5,50,14,9,1,5,4,5,13,4,4,9,4,5,2,17,2,25,2,9,5,1,7,9,1,10,2,11,,16,,1,21,121.5235555,25.02267018
113,11,3,15,24,2,02萬華區,萬華區長沙街2段與貴陽街2段29巷口,0,0,1,1,B03,7,7,5,50,3,1,1,5,4,5,13,4,4,8,3,5,1,16,1,31,3,10,3,4,7,5,1,8,1,8,,8,,1,22,121.5052814,25.0405674
113,11,3,15,24,2,02萬華區,萬華區長沙街2段與貴陽街2段29巷口,0,0,1,2,C03,7,7,5,50,3,1,1,5,4,5,13,4,4,8,3,5,1,16,1,44,2,8,3,4,7,9,1,10,1,12,,44,,1,22,121.5052814,25.0405674
113,11,3,16,16,2,01大同區,大同區寧夏路7號,0,0,1,1,F01,8,6,5,50,14,9,1,5,4,5,13,4,4,9,5,5,2,12,2,62,2,9,4,1,7,7,8,20,2,14,,100,,1,21,121.5148247,25.0544773
113,11,3,16,16,2,01大同區,大同區寧夏路7號,0,0,1,2,C03,8,6,5,50,14,9,1,5,4,5,13,4,4,9,5,5,2,12,1,77,3,10,6,1,7,9,1,10,2,12,,108,,1,21,121.5148247,25.0544773
113,11,3,16,23,2,12內湖區,內湖區彩虹河濱公園016燈桿,0,0,2,1,F01,8,7,7,0,14,23,1,5,4,5,13,4,4,9,5,5,1,9,1,34,2,9,4,1,7,4,8,20,1,11,,44,,1,21,121.5786636,25.0533527
113,11,3,16,23,2,12內湖區,內湖區彩虹河濱公園016燈桿,0,0,2,2,H01,8,7,7,0,14,23,1,5,4,5,13,4,4,9,5,5,1,9,1,24,2,9,4,5,8,20,8,20,10,16,,54,,1,21,121.5786636,25.0533527
113,11,3,16,38,2,10文山區,文山區福和河濱公園北往南(福和003號電桿),0,0,1,1,H01,8,6,5,0,14,23,1,5,4,5,13,4,4,9,5,5,1,3,1,20,3,10,4,5,8,18,8,20,10,16,,53,,1,25,121.5369695,24.9918915
113,11,3,16,38,2,10文山區,文山區福和河濱公園北往南(福和003號電桿),0,0,1,2,F07,8,6,5,0,14,23,1,5,4,5,13,4,4,9,5,5,1,3,1,59,2,9,2,4,7,9,8,20,2,11,,42,,1,21,121.5369695,24.9918915
113,11,3,17,20,2,09北投區,北投區知行路360-1號關渡碼頭,0,0,3,1,C03,8,5,5,50,14,9,1,5,4,5,13,4,4,9,4,5,1,16,1,58,2,9,5,1,7,4,1,10,1,12,1,1,,1,21,121.4619842,25.1208702
113,11,3,17,20,2,09北投區,北投區知行路360-1號關渡碼頭,0,0,3,2,C03,8,5,5,50,14,9,1,5,4,5,13,4,4,9,4,5,1,16,1,18,2,9,6,1,7,5,1,10,1,11,2,2,,1,21,121.4619842,25.1208702
113,11,3,17,20,2,09北投區,北投區知行路360-1號關渡碼頭,0,0,3,3,H02,8,5,5,50,14,9,1,5,4,5,13,4,4,9,4,5,1,16,2,57,2,9,5,5,7,21,8,20,10,16,1,67,,1,21,121.4619842,25.1208702
113,11,3,17,25,2,01大同區,大同區承德路3段與敦煌路口,0,0,1,1,B03,8,6,5,50,4,1,1,5,4,5,13,1,1,1,4,5,2,17,1,26,3,10,7,1,7,5,1,8,2,5,,71,,1,21,121.5201615,25.0752909
113,11,3,17,25,2,01大同區,大同區承德路3段與敦煌路口,0,0,1,2,C03,8,6,5,50,4,1,1,5,4,5,13,1,1,1,4,5,2,17,1,40,2,7,6,1,7,9,1,10,2,14,,44,,1,21,121.5201615,25.0752909
113,11,3,17,40,2,12內湖區,內湖區成功路4段與成功路4段323巷口,0,0,1,1,C03,7,5,5,50,4,1,1,5,4,5,13,1,1,1,4,4,2,16,1,64,2,9,5,1,7,5,1,10,1,14,,101,,1,21,121.5987718,25.084667
113,11,3,17,40,2,12內湖區,內湖區成功路4段與成功路4段323巷口,0,0,1,2,B03,7,5,5,50,4,1,1,5,4,5,13,1,1,1,4,4,2,16,1,59,3,10,2,1,7,9,1,8,1,1,,99,,1,21,121.5987718,25.084667
113,11,3,18,24,2,02萬華區,萬華區青年路186號,0,0,1,1,B12,7,5,5,50,14,9,1,5,4,5,13,4,4,8,3,5,2,1,1,47,3,10,3,4,7,9,1,8,9,17,,70,,1,22,121.5034638,25.0204708
113,11,3,18,24,2,02萬華區,萬華區青年路186號,0,0,1,2,H01,7,5,5,50,14,9,1,5,4,5,13,4,4,8,3,5,2,1,1,3,2,9,4,5,8,16,8,20,10,16,,67,,1,22,121.5034638,25.0204708
113,11,3,18,35,2,11南港區,南港區南港路1段與中南街口,0,0,2,1,C03,7,5,5,50,3,2,1,5,4,5,13,1,1,5,4,5,2,12,1,48,2,9,6,1,7,7,1,10,1,14,,101,,1,21,121.6153544,25.0552671
113,11,3,18,35,2,11南港區,南港區南港路1段與中南街口,0,0,2,2,C03,7,5,5,50,3,2,1,5,4,5,13,1,1,5,4,5,2,12,1,58,2,9,5,1,7,9,1,10,1,12,,44,,1,21,121.6153544,25.0552671
113,11,3,19,13,2,09北投區,北投區中央北路4段與大度路3段口,0,0,2,1,B03,7,5,5,50,4,1,1,5,4,5,13,2,1,1,4,5,2,16,1,60,3,10,7,1,7,6,1,8,2,1,,9,,1,21,121.4645325,25.1236954
113,11,3,19,13,2,09北投區,北投區中央北路4段與大度路3段口,0,0,2,2,C03,7,5,5,50,4,1,1,5,4,5,13,2,1,1,4,5,2,16,1,24,2,7,5,1,7,5,1,10,2,12,,44,,1,21,121.4645325,25.1236954
113,11,3,19,13,2,09北投區,北投區中央北路4段與大度路3段口,0,0,2,3,C03,7,5,5,50,4,1,1,5,4,5,13,2,1,1,4,5,2,16,1,21,3,10,5,1,7,5,1,10,2,11,,44,,1,21,121.4645325,25.1236954
113,11,3,19,13,2,09北投區,北投區中央北路4段與大度路3段口,0,0,2,4,H02,7,5,5,50,4,1,1,5,4,5,13,2,1,1,4,5,2,16,1,18,2,7,5,5,7,20,8,20,10,16,,67,,1,21,121.4645325,25.1236954
113,11,3,19,25,2,02萬華區,萬華區西寧南路與武昌街2段口,0,0,1,1,B02,8,5,5,50,4,1,1,5,4,5,13,2,1,10,4,5,2,12,1,57,3,10,3,4,7,4,1,8,2,5,,44,,1,22,121.5065682,25.0449499
113,11,3,19,25,2,02萬華區,萬華區西寧南路與武昌街2段口,0,0,1,2,C03,8,5,5,50,4,1,1,5,4,5,13,2,1,10,4,5,2,12,1,21,2,8,6,1,7,7,1,10,2,14,,100,,1,22,121.5065682,25.0449499
113,11,3,19,25,2,02萬華區,萬華區西寧南路與武昌街2段口,0,0,1,3,F03,8,5,5,50,4,1,1,5,4,5,13,2,1,10,4,5,2,12,1,63,3,10,2,1,7,14,8,20,9,17,,85,,1,22,121.5065682,25.0449499
113,11,3,19,50,2,09北投區,北投區石牌路1段與石牌路1段71巷口,0,0,2,1,B03,8,5,5,50,3,1,1,5,4,5,13,4,4,5,4,5,2,16,2,65,3,10,3,4,7,5,1,8,1,1,,74,,1,22,121.5112535,25.1136061
113,11,3,19,50,2,09北投區,北投區石牌路1段與石牌路1段71巷口,0,0,2,2,C03,8,5,5,50,3,1,1,5,4,5,13,4,4,5,4,5,2,16,1,18,2,9,3,4,7,7,1,10,1,14,,14,,1,22,121.5112535,25.1136061
113,11,3,19,50,2,09北投區,北投區石牌路1段與石牌路1段71巷口,0,0,2,3,H02,8,5,5,50,3,1,1,5,4,5,13,4,4,5,4,5,2,16,2,18,2,9,3,5,7,20,8,20,10,16,,67,,1,22,121.5112535,25.1136061
113,11,3,22,10,2,08士林區,士林區中山北路5段699巷與前街口,0,0,1,1,B03,8,5,5,30,3,1,1,5,4,5,13,4,4,10,5,5,1,9,2,40,3,10,7,1,7,5,1,8,2,8,,107,,1,21,121.5262797,25.0975202
113,11,3,22,10,2,08士林區,士林區中山北路5段699巷與前街口,0,0,1,2,H01,8,5,5,30,3,1,1,5,4,5,13,4,4,10,5,5,1,9,2,48,2,9,4,5,8,16,8,20,10,16,,53,,1,21,121.5262797,25.0975202
113,11,3,22,37,2,03中山區,中山區錦州街與民權東路2段92巷口口,0,0,1,1,C03,8,5,5,30,4,1,1,5,4,5,13,4,4,10,5,5,1,15,1,57,2,9,5,1,7,9,1,10,1,12,,13,,1,22,121.5316843,25.0603488
113,11,3,22,37,2,03中山區,中山區錦州街與民權東路2段92巷口口,0,0,1,2,B01,8,5,5,30,4,1,1,5,4,5,13,4,4,10,5,5,1,15,1,66,3,10,7,1,7,9,1,4,1,1,,72,,1,22,121.5316843,25.0603488
113,11,4,0,25,2,02萬華區,萬華區成都路與內江街55巷口,0,0,2,1,B03,8,5,5,50,3,2,1,5,4,5,13,4,4,10,4,5,2,12,2,46,2,9,3,4,7,1,1,8,1,2,,19,,1,22,121.5053539,25.0428663
113,11,4,0,25,2,02萬華區,萬華區成都路與內江街55巷口,0,0,2,2,B01,8,5,5,50,3,2,1,5,4,5,13,4,4,10,4,5,2,12,1,64,2,2,3,4,7,9,1,1,1,4,,44,,1,21,121.5053539,25.0428663
113,11,4,0,25,2,02萬華區,萬華區成都路與內江街55巷口,0,0,2,3,B03,8,5,5,50,3,2,1,5,4,5,13,4,4,10,4,5,2,12,1,34,3,10,2,1,7,13,1,8,9,3,,38,,1,22,121.5053539,25.0428663
113,11,4,0,25,2,02萬華區,萬華區成都路與內江街55巷口,0,0,2,4,B03,8,5,5,50,3,2,1,5,4,5,13,4,4,10,4,5,2,12,1,30,3,10,2,1,7,13,1,8,9,3,,38,,1,22,121.5053539,25.0428663
113,11,4,2,47,2,04大安區,大安區和平東路2段76巷與和平東路2段76巷5弄口,0,0,1,1,C03,8,5,5,30,3,1,1,5,4,5,13,4,4,10,5,5,2,16,1,37,2,9,5,1,7,12,1,11,1,14,,108,,1,21,121.5396744,25.0247068
113,11,4,2,47,2,04大安區,大安區和平東路2段76巷與和平東路2段76巷5弄口,0,0,1,2,C03,8,5,5,30,3,1,1,5,4,5,13,4,4,10,5,5,2,16,1,47,3,10,5,1,7,5,1,10,1,14,,8,,1,21,121.5396744,25.0247068
113,11,4,7,9,2,04大安區,大安區辛亥路3段與復興南路2段口,0,0,1,1,,7,6,5,50,3,4,1,5,4,5,13,1,1,3,2,5,2,17,4,0,4,11,3,4,7,15,7,19,11,15,,119,,2,22,121.5432991,25.0217013
113,11,4,7,9,2,04大安區,大安區辛亥路3段與復興南路2段口,0,0,1,2,C03,7,6,5,50,3,4,1,5,4,5,13,1,1,3,2,5,2,17,1,19,2,8,5,4,7,9,1,10,9,14,,118,,1,21,121.5432991,25.0217013
113,11,4,7,41,2,01大同區,大同區重慶北路2段196號,0,0,1,1,C03,8,6,5,50,14,9,1,4,4,5,13,4,4,1,4,5,2,13,1,52,2,9,6,4,7,9,1,10,1,11,,16,,1,22,121.5134735,25.0626507
113,11,4,7,41,2,01大同區,大同區重慶北路2段196號,0,0,1,2,C03,8,6,5,50,14,9,1,4,4,5,13,4,4,1,4,5,2,13,1,39,3,10,6,4,7,9,1,10,1,13,,44,,1,22,121.5134735,25.0626507
113,11,4,7,43,2,06松山區,松山區市民大道6段與基隆路1段口,0,0,2,1,C03,7,7,5,40,4,4,1,5,4,5,13,2,1,1,5,5,2,13,1,37,2,7,5,1,7,9,1,10,1,11,,108,,1,21,121.5696038,25.0491612
113,11,4,7,43,2,06松山區,松山區市民大道6段與基隆路1段口,0,0,2,2,C03,7,7,5,40,4,4,1,5,4,5,13,2,1,1,5,5,2,13,1,61,2,8,5,1,7,14,1,10,1,13,,44,,1,21,121.5696038,25.0491612
113,11,4,7,48,2,12內湖區,內湖區安康路與安康路129巷口,0,0,1,1,C03,8,5,5,30,3,1,1,5,4,5,13,4,4,9,4,5,2,16,2,55,3,10,5,1,7,5,1,10,1,11,,72,,1,21,121.5996285,25.0631255
113,11,4,7,48,2,12內湖區,內湖區安康路與安康路129巷口,0,0,1,2,C03,8,5,5,30,3,1,1,5,4,5,13,4,4,9,4,5,2,16,1,41,2,7,5,1,7,9,1,10,1,12,,14,,1,21,121.5996285,25.0631255
113,11,4,7,48,2,12內湖區,內湖區安康路與安康路129巷口,0,0,1,3,B03,8,5,5,30,3,1,1,5,4,5,13,4,4,9,4,5,2,16,4,0,,,,,,,,,,,,119,,2,,121.5996285,25.0631255
113,11,4,7,49,2,09北投區,北投區石牌路2段與裕民三路口,0,0,1,1,A02,8,6,5,50,3,1,1,5,4,5,13,4,4,1,4,5,2,17,1,40,3,10,7,1,7,1,1,2,1,8,,19,,1,26,121.5159283,25.116063
113,11,4,7,49,2,09北投區,北投區石牌路2段與裕民三路口,0,0,1,2,C03,8,6,5,50,3,1,1,5,4,5,13,4,4,1,4,5,2,17,2,27,2,8,6,1,7,6,1,10,1,12,,44,,1,25,121.5159283,25.116063
113,11,4,7,57,2,09北投區,北投區中央北路4段601巷與聖景路口,0,0,2,1,C03,8,5,5,50,3,2,1,5,4,5,13,4,4,4,5,5,1,12,1,73,2,8,5,1,7,11,3,18,1,14,,10,,1,21,121.4639561,25.1233067
113,11,4,7,57,2,09北投區,北投區中央北路4段601巷與聖景路口,0,0,2,2,C03,8,5,5,50,3,2,1,5,4,5,13,4,4,4,5,5,1,12,2,18,2,8,6,1,7,9,1,10,1,11,,44,,1,21,121.4639561,25.1233067
113,11,4,8,0,2,01大同區,大同區大龍街與酒泉街口,0,0,2,1,C03,7,6,5,50,4,1,1,5,4,5,13,2,1,4,4,5,2,16,2,65,2,9,3,4,7,8,1,10,1,12,,101,,1,21,121.5159169,25.0719716
113,11,4,8,0,2,01大同區,大同區大龍街與酒泉街口,0,0,2,2,C03,7,6,5,50,4,1,1,5,4,5,13,2,1,4,4,5,2,16,1,48,2,7,3,4,7,9,1,10,1,11,,44,,1,21,121.5159169,25.0719716
113,11,4,8,0,2,02萬華區,萬華區德昌街162號,0,0,1,1,C03,8,5,5,30,14,9,1,5,4,5,13,4,4,10,5,5,2,3,2,50,3,10,5,4,7,9,1,10,1,11,,108,,1,21,121.4959227,25.02386822
113,11,4,8,0,2,02萬華區,萬華區德昌街162號,0,0,1,2,H01,8,5,5,30,14,9,1,5,4,5,13,4,4,10,5,5,2,3,2,55,2,5,4,5,8,16,8,20,10,16,,121,,1,21,121.4959227,25.02386822
113,11,4,8,0,2,11南港區,南港區南港路2段與南港路2段41巷口,0,0,1,1,B03,8,6,5,40,3,1,1,5,4,5,13,2,1,4,3,4,2,16,1,48,3,10,3,4,7,6,1,8,1,2,,9,,1,22,121.6025443,25.0535588
113,11,4,8,0,2,11南港區,南港區南港路2段與南港路2段41巷口,0,0,1,2,C03,8,6,5,40,3,1,1,5,4,5,13,2,1,4,3,4,2,16,1,34,2,8,3,4,7,9,1,10,1,11,,107,,1,22,121.6025443,25.0535588
113,11,4,8,1,2,07信義區,信義區松山路287巷3弄27號,0,0,2,1,H01,8,7,5,30,14,9,1,5,4,5,13,4,4,10,5,5,2,6,1,6,2,9,4,5,8,18,8,20,10,16,,54,,1,22,121.5783951,25.04367475
113,11,4,8,1,2,07信義區,信義區松山路287巷3弄27號,0,0,2,2,G06,8,7,5,30,14,9,1,5,4,5,13,4,4,10,5,5,2,6,2,39,3,10,4,1,7,9,8,20,1,16,,42,,1,22,121.5783951,25.04367475
113,11,4,8,1,2,07信義區,信義區松山路287巷3弄27號,0,0,2,3,H02,8,7,5,30,14,9,1,5,4,5,13,4,4,10,5,5,2,6,1,6,2,1,4,5,7,20,8,20,10,16,,67,,1,22,121.5783951,25.04367475
113,11,4,8,2,2,04大安區,大安區辛亥路2段與復興南路2段口,0,0,1,1,C03,8,6,5,50,5,1,1,5,4,5,13,2,1,1,3,5,2,13,1,58,2,9,6,1,7,5,1,10,11,14,,8,,1,21,121.5433017,25.0210335
113,11,4,8,2,2,04大安區,大安區辛亥路2段與復興南路2段口,0,0,1,2,B03,8,6,5,50,5,1,1,5,4,5,13,2,1,1,3,5,2,13,2,33,3,10,7,1,7,9,1,8,11,2,,99,,1,21,121.5433017,25.0210335
113,11,4,8,12,2,10文山區,文山區羅斯福路6段294號,0,0,2,1,A05,8,6,5,50,14,9,1,5,4,3,13,4,4,1,4,5,2,12,1,56,3,10,7,1,7,4,1,2,1,2,,1,,1,21,121.5399228,24.9909176
113,11,4,8,12,2,10文山區,文山區羅斯福路6段294號,0,0,2,2,C03,8,6,5,50,14,9,1,5,4,3,13,4,4,1,4,5,2,12,1,83,2,9,6,1,7,9,1,9,1,14,,44,,1,21,121.5399228,24.9909176
113,11,4,8,12,2,10文山區,文山區羅斯福路6段294號,0,0,2,3,H02,8,6,5,50,14,9,1,5,4,3,13,4,4,1,4,5,2,12,2,74,2,7,6,5,7,21,8,20,10,16,,67,,1,21,121.5399228,24.9909176
113,11,4,8,12,2,10文山區,文山區羅斯福路6段294號,0,0,2,4,B03,8,6,5,50,14,9,1,5,4,3,13,4,4,1,4,5,2,12,1,42,3,10,7,1,7,14,1,8,11,17,,38,,1,21,121.5399228,24.9909176
113,11,4,8,30,2,02萬華區,萬華區華中橋機車道往北市7010506桿,0,0,2,1,C03,7,7,7,40,14,11,1,5,4,5,13,4,4,1,4,1,2,13,2,35,2,8,5,1,7,12,1,10,1,13,,44,,1,21,121.4955269,25.0133168
113,11,4,8,30,2,02萬華區,萬華區華中橋機車道往北市7010506桿,0,0,2,2,C03,7,7,7,40,14,11,1,5,4,5,13,4,4,1,4,1,2,13,1,23,2,9,5,1,7,9,1,10,1,11,,44,,1,21,121.4955269,25.0133168
113,11,4,8,30,2,08士林區,士林區中山北路6段405巷與中山北路6段405巷口,0,0,1,1,C03,8,5,5,50,3,2,1,5,4,5,13,4,4,5,5,5,2,12,2,53,2,9,6,1,7,9,1,10,2,12,,17,,1,21,121.5264805,25.1162835
113,11,4,8,30,2,08士林區,士林區中山北路6段405巷與中山北路6段405巷口,0,0,1,2,B03,8,5,5,50,3,2,1,5,4,5,13,4,4,5,5,5,2,12,1,53,3,10,7,1,7,9,1,8,2,4,,17,,1,21,121.5264805,25.1162835
113,11,4,8,36,2,08士林區,士林區中山北路4段新生高架北往南,0,0,4,1,B03,8,5,8,50,22,22,1,5,4,5,13,4,4,9,4,5,1,17,2,42,2,8,7,1,7,9,1,8,1,1,,16,,1,21,121.5245368,25.0790996
113,11,4,8,36,2,08士林區,士林區中山北路4段新生高架北往南,0,0,4,2,B03,8,5,8,50,22,22,1,5,4,5,13,4,4,9,4,5,1,17,2,43,2,8,7,1,7,9,1,8,1,1,,16,,1,21,121.5245368,25.0790996
113,11,4,8,36,2,08士林區,士林區中山北路4段新生高架北往南,0,0,4,3,B02,8,5,8,50,22,22,1,5,4,5,13,4,4,9,4,5,1,17,2,50,2,8,7,1,7,9,1,8,1,1,,16,,1,21,121.5245368,25.0790996
113,11,4,8,36,2,08士林區,士林區中山北路4段新生高架北往南,0,0,4,4,B03,8,5,8,50,22,22,1,5,4,5,13,4,4,9,4,5,1,17,2,38,3,10,7,1,7,9,1,8,1,1,,16,,1,21,121.5245368,25.0790996
113,11,4,8,36,2,08士林區,士林區中山北路4段新生高架北往南,0,0,4,5,H02,8,5,8,50,22,22,1,5,4,5,13,4,4,9,4,5,1,17,2,20,2,1,7,5,7,21,8,20,10,16,,67,,1,21,121.5245368,25.0790996
113,11,4,8,36,2,12內湖區,內湖區成功路5段170巷與成功路5段口,0,0,1,1,C03,8,7,5,40,3,2,1,5,4,5,13,3,1,1,4,4,2,11,2,26,2,9,5,1,7,7,1,10,1,14,,100,,1,21,121.6055472,25.08272158
113,11,4,8,36,2,12內湖區,內湖區成功路5段170巷與成功路5段口,0,0,1,2,B12,8,7,5,40,3,2,1,5,4,5,13,3,1,1,4,4,2,11,1,70,3,10,7,1,7,9,1,8,1,5,,44,,1,21,121.6055472,25.08272158
113,11,4,8,40,2,06松山區,松山區復興北路417號,0,0,2,1,C03,8,5,5,50,14,9,1,5,4,5,13,4,4,9,4,5,2,17,1,60,3,10,6,1,7,9,1,10,1,13,,44,,1,21,121.5442794,25.06314958
113,11,4,8,40,2,06松山區,松山區復興北路417號,0,0,2,2,C03,8,5,5,50,14,9,1,5,4,5,13,4,4,9,4,5,2,17,2,26,2,8,6,1,7,9,1,10,1,11,,16,,1,21,121.5442794,25.06314958
113,11,4,8,40,2,06松山區,松山區復興北路417號,0,0,2,3,C03,8,5,5,50,14,9,1,5,4,5,13,4,4,9,4,5,2,17,1,47,2,7,6,1,7,9,1,10,9,15,,44,,1,21,121.5442794,25.06314958
113,11,4,9,0,2,04大安區,大安區敦化南路1段與敦化南路1段252巷口口,0,0,1,1,C03,8,7,5,50,3,1,1,5,4,5,13,4,4,1,4,4,1,17,1,33,3,10,6,1,7,8,1,10,1,13,,100,,1,21,121.5485825,25.0398471
113,11,4,9,0,2,04大安區,大安區敦化南路1段與敦化南路1段252巷口口,0,0,1,2,C03,8,7,5,50,3,1,1,5,4,5,13,4,4,1,4,4,1,17,2,25,2,9,6,1,7,9,1,10,1,11,,14,,1,21,121.5485825,25.0398471
113,11,4,9,4,2,06松山區,松山區塔悠路與八德路4段口,0,0,1,1,C03,7,7,5,50,5,1,1,5,4,5,13,2,1,1,4,5,2,16,2,45,2,8,5,1,7,5,1,10,1,14,,8,,1,21,121.5721433,25.0500384
113,11,4,9,4,2,06松山區,松山區塔悠路與八德路4段口,0,0,1,2,B03,7,7,5,50,5,1,1,5,4,5,13,2,1,1,4,5,2,16,1,26,3,10,7,1,7,9,1,8,1,2,,44,,1,21,121.5721433,25.0500384
113,11,4,9,35,2,05中正區,中正區羅斯福路3段274-1號,0,0,1,3,C03,8,7,5,50,14,9,1,5,4,5,13,2,1,1,4,5,2,13,1,52,3,10,5,1,7,9,1,10,2,11,,44,,1,22,121.5320583,25.0168011
113,11,4,9,35,2,05中正區,中正區羅斯福路3段274-1號,0,0,1,1,C03,8,7,5,50,14,9,1,5,4,5,13,2,1,1,4,5,2,13,2,24,2,8,5,1,7,9,1,10,2,12,,108,,1,22,121.5320583,25.0168011
113,11,4,9,35,2,05中正區,中正區羅斯福路3段274-1號,0,0,1,2,C03,8,7,5,50,14,9,1,5,4,5,13,2,1,1,4,5,2,13,1,60,3,10,5,1,7,15,1,10,2,14,,14,,1,22,121.5320583,25.0168011
113,11,4,9,40,2,06松山區,松山區堤外便道與塔悠路口195號旁無名巷,0,0,1,1,B01,7,6,5,30,3,1,1,5,4,5,13,4,4,10,5,5,2,16,1,50,3,10,7,1,7,6,1,4,1,8,,74,,1,22,121.5697107,25.05767008
113,11,4,9,40,2,06松山區,松山區堤外便道與塔悠路口195號旁無名巷,0,0,1,2,C03,7,6,5,30,3,1,1,5,4,5,13,4,4,10,5,5,2,16,1,44,2,9,6,1,7,9,1,10,1,12,,44,,1,22,121.5697107,25.05767008
113,11,4,9,43,2,06松山區,松山區三民路101巷與民生東路5段138巷口,0,0,2,1,B12,8,5,5,30,3,1,1,5,4,5,13,4,4,10,5,5,2,17,1,65,3,10,7,1,7,5,1,8,1,1,,44,,1,21,121.5617028,25.05727434
113,11,4,9,43,2,06松山區,松山區三民路101巷與民生東路5段138巷口,0,0,2,2,F02,8,5,5,30,3,1,1,5,4,5,13,4,4,10,5,5,2,17,1,42,2,8,4,1,7,9,8,20,1,12,,86,,1,21,121.5617028,25.05727434
113,11,4,9,43,2,06松山區,松山區三民路101巷與民生東路5段138巷口,0,0,2,3,H02,8,5,5,30,3,1,1,5,4,5,13,4,4,10,5,5,2,17,1,6,2,1,4,5,7,21,8,20,10,17,,67,,1,21,121.5617028,25.05727434
113,11,4,9,45,2,11南港區,南港區忠孝東路7段156路燈號,0,0,2,1,C03,8,6,5,50,14,7,1,5,4,5,13,4,4,1,3,4,2,13,2,36,2,9,3,4,7,9,1,10,2,11,,16,,1,21,121.5978241,25.0510728
113,11,4,9,45,2,11南港區,南港區忠孝東路7段156路燈號,0,0,2,2,C03,8,6,5,50,14,7,1,5,4,5,13,4,4,1,3,4,2,13,1,33,2,9,3,4,7,9,1,10,2,13,,44,,1,22,121.5978241,25.0510728
113,11,4,9,47,2,06松山區,松山區民權東路5段與三民路口,0,0,1,1,A02,7,7,5,50,14,9,1,5,4,5,13,2,1,1,4,5,2,13,1,54,3,10,7,1,7,12,1,2,1,1,,108,,1,21,121.5636132,25.0629506
113,11,4,9,47,2,06松山區,松山區民權東路5段與三民路口,0,0,1,2,B03,7,7,5,50,14,9,1,5,4,5,13,2,1,1,4,5,2,13,1,66,2,6,7,1,7,14,1,8,1,3,,44,,1,21,121.5636132,25.0629506
113,11,4,9,47,2,06松山區,松山區民權東路5段與三民路口,0,0,1,3,B03,7,7,5,50,14,9,1,5,4,5,13,2,1,1,4,5,2,13,1,61,3,10,7,1,7,14,1,8,1,3,,44,,1,21,121.5636132,25.0629506
113,11,4,9,47,2,06松山區,松山區民權東路5段與三民路口,0,0,1,4,B03,7,7,5,50,14,9,1,5,4,5,13,2,1,1,4,5,2,13,2,69,3,10,7,1,7,14,1,8,1,3,,108,,1,21,121.5636132,25.0629506
113,11,4,9,56,2,06松山區,松山區南京東路4段與光復北路口,0,0,1,1,B12,8,5,5,50,4,1,1,5,4,5,13,1,1,1,4,5,2,13,1,44,3,10,7,1,7,9,1,8,1,8,,108,,1,21,121.5572841,25.0514935
113,11,4,9,56,2,06松山區,松山區南京東路4段與光復北路口,0,0,1,2,C03,8,5,5,50,4,1,1,5,4,5,13,1,1,1,4,5,2,13,2,51,2,8,6,1,7,9,1,10,1,13,,44,,1,21,121.5572841,25.0514935
113,11,4,9,58,2,12內湖區,內湖區瑞光路588號,0,0,1,1,B03,7,6,5,50,14,9,1,5,4,5,13,4,4,5,4,5,2,16,1,63,3,10,7,1,7,11,1,8,1,4,,10,,1,21,121.5661014,25.080402
113,11,4,9,58,2,12內湖區,內湖區瑞光路588號,0,0,1,2,C03,7,6,5,50,14,9,1,5,4,5,13,4,4,5,4,5,2,16,1,48,2,9,5,1,7,9,1,10,1,12,,44,,1,21,121.5661014,25.080402
113,11,4,10,14,2,01大同區,大同區延平北路2段88-1號,0,0,1,1,F01,7,6,5,0,14,9,1,5,4,5,13,4,4,4,4,5,2,16,1,68,2,9,3,4,7,8,8,20,2,12,,100,,1,21,121.5115977,25.05621251