發生年度,發生月,發生日,發生時-Hours,發生分,處理別-編號,區序,肇事地點,死亡人數,2-30日死亡人數,受傷人數,當事人序號,車種,天候,道路照明設備,道路類別,速限-速度限制,道路型態,事故位置,路面狀況1,路面狀況2,路面狀況3,道路障礙1,道路障礙2,號誌1,號誌2,車道劃分-分向,車道劃分-分道1,車道劃分-分道2,車道劃分-分道3,事故類型及型態,性別,年齡,受傷程度,主要傷處,保護裝置,行動電話,車輛用途,當事者行動狀態,駕駛資格情形,駕駛執照種類,飲酒情形,車輛撞擊部位1,車輛撞擊部位2,肇因碼-個別,肇因碼-主要,個人肇逃否,職業,座標-X,座標-Y
113,11,4,10,14,2,01大同區,大同區延平北路2段88-1號,0,0,1,2,C03,7,6,5,0,14,9,1,5,4,5,13,4,4,4,4,5,2,16,2,22,3,10,3,4,7,9,1,10,2,11,,44,,1,21,121.5115977,25.05621251
113,11,4,10,34,2,12內湖區,內湖區成功路2段與成功路2段口國道1號南下匝道口,0,0,1,1,B03,7,5,5,50,4,1,1,5,4,5,13,2,1,9,4,5,2,16,1,72,3,10,7,1,7,8,1,8,1,2,,101,,1,21,121.5902529,25.0645563
113,11,4,10,34,2,12內湖區,內湖區成功路2段與成功路2段口國道1號南下匝道口,0,0,1,2,C03,7,5,5,50,4,1,1,5,4,5,13,2,1,9,4,5,2,16,1,41,2,9,5,1,7,9,1,10,1,14,,44,,1,21,121.5902529,25.0645563
113,11,4,10,50,2,04大安區,大安區信義路4段與四維路口,0,0,2,1,C03,8,5,5,50,14,9,1,5,4,5,13,4,4,1,4,5,2,17,1,24,2,9,3,4,7,5,1,10,1,14,,44,,1,21,121.54806,25.0334071
113,11,4,10,50,2,04大安區,大安區信義路4段與四維路口,0,0,2,2,C03,8,5,5,50,14,9,1,5,4,5,13,4,4,1,4,5,2,17,2,58,2,9,3,4,7,9,1,10,1,12,,16,,1,21,121.54806,25.0334071
113,11,4,11,0,2,08士林區,士林區延平北路7段106巷與延平北路7段106巷口堤外,0,0,2,1,C03,8,7,5,30,3,1,1,5,4,5,13,4,4,10,5,5,1,17,2,62,2,2,6,1,7,5,3,18,1,11,,72,,1,21,121.4960957,25.10247141
113,11,4,11,0,2,08士林區,士林區延平北路7段106巷與延平北路7段106巷口堤外,0,0,2,2,C03,8,7,5,30,3,1,1,5,4,5,13,4,4,10,5,5,1,17,2,21,2,2,6,1,7,9,1,10,1,11,,107,,1,21,121.4960957,25.10247141
113,11,4,11,45,2,03中山區,中山區北安路與劍南路口,0,0,1,1,B12,8,5,5,50,4,1,1,5,4,5,13,1,1,1,4,5,2,16,1,47,3,10,3,4,7,6,1,8,1,5,,9,,1,21,121.5539922,25.08545543
113,11,4,11,45,2,03中山區,中山區北安路與劍南路口,0,0,1,2,C03,8,5,5,50,4,1,1,5,4,5,13,1,1,1,4,5,2,16,2,32,2,9,3,4,7,9,1,10,1,14,,44,,1,21,121.5539922,25.08545543
113,11,4,11,52,2,06松山區,松山區敦化北路2號,0,0,1,1,B01,8,6,5,30,14,9,1,5,4,5,13,1,1,4,1,5,2,13,2,34,3,10,7,1,7,9,1,4,1,1,,108,,1,21,121.548497,25.0501011
113,11,4,11,52,2,06松山區,松山區敦化北路2號,0,0,1,2,C03,8,6,5,30,14,9,1,5,4,5,13,1,1,4,1,5,2,13,1,39,2,9,5,1,7,14,1,10,1,13,,44,,1,21,121.548497,25.0501011
113,11,4,11,58,2,11南港區,南港區忠孝東路6段與昆陽街口,0,0,1,1,B01,7,7,5,50,4,2,1,5,4,5,13,4,4,3,4,5,2,13,1,48,3,10,7,1,7,5,1,4,2,17,,8,,1,21,121.5939748,25.0504799
113,11,4,11,58,2,11南港區,南港區忠孝東路6段與昆陽街口,0,0,1,2,C03,7,7,5,50,4,2,1,5,4,5,13,4,4,3,4,5,2,13,1,25,2,9,6,1,7,9,1,10,2,17,,44,,1,21,121.5939748,25.0504799
113,11,4,11,58,2,11南港區,南港區忠孝東路6段與昆陽街口,0,0,1,3,A11,7,7,5,50,4,2,1,5,4,5,13,4,4,3,4,5,2,13,1,66,3,10,7,1,7,9,1,1,2,1,,42,,1,21,121.5939748,25.0504799
113,11,4,12,15,2,03中山區,中山區中山北路2段與民權東路1段口,0,0,2,1,C03,7,6,5,50,4,1,1,5,4,5,13,1,1,1,4,1,2,16,1,18,2,9,5,1,7,9,1,10,1,11,,44,,1,21,121.5228163,25.0625529
113,11,4,12,15,2,03中山區,中山區中山北路2段與民權東路1段口,0,0,2,2,C03,7,6,5,50,4,1,1,5,4,5,13,1,1,1,4,1,2,16,1,18,2,9,5,1,7,6,1,10,1,12,,44,,1,21,121.5228163,25.0625529
113,11,4,12,15,2,08士林區,士林區承德路4段與劍潭路口,0,0,2,1,C03,7,6,5,50,5,1,1,5,4,5,13,2,1,1,4,5,1,15,1,60,2,9,5,1,7,9,6,10,2,12,,81,,1,21,121.5234487,25.084175
113,11,4,12,15,2,08士林區,士林區承德路4段與劍潭路口,0,0,2,2,B03,7,6,5,50,5,1,1,5,4,5,13,2,1,1,4,5,1,15,1,69,3,10,7,1,7,9,1,8,2,1,,44,,1,21,121.5234487,25.084175
113,11,4,12,15,2,08士林區,士林區承德路4段與劍潭路口,0,0,2,3,C03,7,6,5,50,5,1,1,5,4,5,13,2,1,1,4,5,1,15,1,46,2,7,6,1,7,9,1,10,2,14,,44,,1,21,121.5234487,25.084175
113,11,4,12,30,2,03中山區,中山區民權東路2段148號,0,0,1,2,C03,8,7,5,50,14,9,1,5,4,5,13,4,4,1,4,5,2,17,1,23,2,9,5,4,7,9,1,10,1,17,,116,,1,21,121.5345124,25.06247026
113,11,4,12,30,2,03中山區,中山區民權東路2段148號,0,0,1,1,C03,8,7,5,50,14,9,1,5,4,5,13,4,4,1,4,5,2,17,2,64,3,10,5,4,7,8,1,10,9,17,,101,,2,21,121.5345124,25.06247026
113,11,4,12,42,2,02萬華區,萬華區華中橋機車道往新北市方向,0,0,2,1,C03,7,6,5,40,8,11,1,5,4,5,13,1,1,1,4,5,2,13,1,41,2,9,6,1,7,9,1,10,1,11,,16,,1,21,121.4955374,25.0165842
113,11,4,12,42,2,02萬華區,萬華區華中橋機車道往新北市方向,0,0,2,2,C03,7,6,5,40,8,11,1,5,4,5,13,1,1,1,4,5,2,13,2,65,2,8,6,1,7,14,1,10,1,13,,44,,1,21,121.4955374,25.0165842
113,11,4,12,45,2,04大安區,大安區和平東路2段與復興南路2段口,0,0,1,1,C03,7,6,5,50,14,9,1,5,4,5,13,2,1,1,4,5,1,17,1,39,2,7,6,1,7,9,1,10,1,12,,108,,1,21,121.543937,25.02489584
113,11,4,12,45,2,04大安區,大安區和平東路2段與復興南路2段口,0,0,1,2,B12,7,6,5,50,14,9,1,5,4,5,13,2,1,1,4,5,1,17,1,57,3,10,7,1,7,9,1,8,1,17,,44,,1,21,121.543937,25.02489584
113,11,4,13,13,2,01大同區,大同區延平北路4段268巷與迪化街2段口268巷口,0,0,1,1,B03,8,5,5,50,3,1,1,4,4,5,13,4,4,9,4,5,2,12,1,48,3,10,7,1,7,6,1,8,2,5,,74,,1,22,121.5109409,25.0706052
113,11,4,13,13,2,01大同區,大同區延平北路4段268巷與迪化街2段口268巷口,0,0,1,2,C03,8,5,5,50,3,1,1,4,4,5,13,4,4,9,4,5,2,12,2,34,2,8,5,1,7,15,1,10,2,14,,44,,1,22,121.5109409,25.0706052
113,11,4,13,42,2,10文山區,文山區木柵路5段與木柵路5段43巷口口,0,0,1,1,C03,8,6,5,50,3,1,1,5,4,5,13,4,4,5,4,5,1,13,2,20,2,8,6,1,7,9,1,10,1,11,,108,,1,21,121.5849949,25.0031324
113,11,4,13,42,2,10文山區,文山區木柵路5段與木柵路5段43巷口口,0,0,1,2,C03,8,6,5,50,3,1,1,5,4,5,13,4,4,5,4,5,1,13,1,77,3,10,6,1,7,14,1,10,1,13,,44,,1,21,121.5849949,25.0031324
113,11,4,14,0,2,05中正區,中正區中山南路與信義路1段口,0,0,1,1,A02,8,6,8,50,22,22,1,5,4,5,13,2,1,3,4,3,2,9,1,48,3,10,7,1,7,15,1,6,2,10,,42,,1,21,121.5178041,25.0388185
113,11,4,14,0,2,05中正區,中正區中山南路與信義路1段口,0,0,1,2,H02,8,6,8,50,22,22,1,5,4,5,13,2,1,3,4,3,2,9,2,71,2,9,2,5,7,20,8,20,10,16,,58,,1,21,121.5178041,25.0388185
113,11,4,14,23,2,08士林區,士林區承德路4段與承德路4段6巷口,0,0,1,1,C03,7,6,5,30,3,2,1,5,4,5,13,4,4,10,5,5,1,17,2,47,2,9,6,1,7,9,1,10,1,11,,72,,1,21,121.5213687,25.07906733
113,11,4,14,23,2,08士林區,士林區承德路4段與承德路4段6巷口,0,0,1,2,B01,7,6,5,30,3,2,1,5,4,5,13,4,4,10,5,5,1,17,1,40,3,10,7,1,7,9,1,4,1,4,,108,,1,21,121.5213687,25.07906733
113,11,4,14,36,2,03中山區,中山區復興北路366號,0,0,1,1,C03,8,5,5,50,14,9,1,5,4,5,13,4,4,1,5,5,1,13,1,37,2,9,5,1,7,9,1,10,1,11,,108,,1,21,121.5440993,25.0606234
113,11,4,14,36,2,03中山區,中山區復興北路366號,0,0,1,2,C03,8,5,5,50,14,9,1,5,4,5,13,4,4,1,5,5,1,13,1,59,3,10,5,1,7,9,1,10,1,13,,44,,1,21,121.5440993,25.0606234
113,11,4,15,9,2,09北投區,北投區石牌路1段39巷與石牌路1段33巷4弄口,0,0,2,1,F02,7,7,5,30,4,1,1,5,4,5,13,4,4,10,5,5,1,15,2,39,2,9,4,1,7,9,8,20,1,12,,75,,1,22,121.5100883,25.1137235
113,11,4,15,9,2,09北投區,北投區石牌路1段39巷與石牌路1段33巷4弄口,0,0,2,2,C03,7,7,5,30,4,1,1,5,4,5,13,4,4,10,5,5,1,15,1,20,2,9,6,1,7,9,1,10,1,11,,108,,1,22,121.5100883,25.1137235
113,11,4,15,20,2,10文山區,文山區木柵路5段與無名巷口(象頭埔福德宮),0,0,2,1,C03,7,7,5,50,3,4,1,5,4,5,13,1,1,5,4,5,2,13,1,23,2,8,5,1,7,9,3,18,1,11,,16,,1,21,121.5863491,25.0030678
113,11,4,15,20,2,10文山區,文山區木柵路5段與無名巷口(象頭埔福德宮),0,0,2,2,C03,7,7,5,50,3,4,1,5,4,5,13,1,1,5,4,5,2,13,1,30,2,8,5,1,7,14,1,9,1,13,,44,,1,21,121.5863491,25.0030678
113,11,4,16,14,2,06松山區,松山區八德路4段與八德路4段333巷口,0,0,3,1,C03,8,6,5,50,4,1,1,5,4,5,13,2,1,8,4,5,2,17,1,50,2,9,6,1,7,5,1,10,1,11,,71,,1,21,121.5673125,25.0491568
113,11,4,16,14,2,06松山區,松山區八德路4段與八德路4段333巷口,0,0,3,2,C03,8,6,5,50,4,1,1,5,4,5,13,2,1,8,4,5,2,17,1,37,2,9,6,1,7,9,1,10,1,14,,13,,1,21,121.5673125,25.0491568
113,11,4,16,14,2,06松山區,松山區八德路4段與八德路4段333巷口,0,0,3,3,H02,8,6,5,50,4,1,1,5,4,5,13,2,1,8,4,5,2,17,2,30,2,9,6,5,7,21,8,20,10,16,,67,,1,21,121.5673125,25.0491568
113,11,4,16,28,2,04大安區,大安區師大路127巷與龍泉街口,0,0,2,1,G06,8,5,5,30,3,1,2,5,4,5,13,4,4,9,5,5,2,15,2,47,2,9,3,4,7,6,8,20,1,15,,9,,1,21,121.5286711,25.0216634
113,11,4,16,28,2,04大安區,大安區師大路127巷與龍泉街口,0,0,2,2,C03,8,5,5,30,3,1,2,5,4,5,13,4,4,9,5,5,2,15,2,45,2,9,3,4,7,9,1,10,1,15,,44,,1,21,121.5286711,25.0216634
113,11,4,17,25,2,03中山區,中山區松江路182號,0,0,1,1,B12,7,5,5,50,14,23,1,5,4,5,13,4,4,1,5,5,1,17,1,46,3,10,3,4,7,14,1,8,1,2,,40,,1,21,121.5329998,25.0569773
113,11,4,17,25,2,03中山區,中山區松江路182號,0,0,1,2,F01,7,5,5,50,14,23,1,5,4,5,13,4,4,1,5,5,1,17,1,20,2,1,4,4,7,9,8,20,1,17,,108,,1,21,121.5329998,25.0569773
113,11,4,17,31,2,07信義區,信義區吳興街245號,0,0,1,1,C03,7,5,5,30,14,9,1,5,4,5,13,4,4,9,5,5,2,16,2,44,3,10,6,1,7,11,1,10,1,11,,10,,1,21,121.5633994,25.0274541
113,11,4,17,31,2,07信義區,信義區吳興街245號,0,0,1,2,C03,7,5,5,30,14,9,1,5,4,5,13,4,4,9,5,5,2,16,2,34,2,8,6,1,7,9,1,10,1,14,,44,,1,21,121.5633994,25.0274541
113,11,4,17,50,2,04大安區,大安區臥龍街129號,0,0,3,1,C03,7,5,5,30,14,9,1,5,4,5,13,4,4,10,5,5,2,16,1,72,2,8,6,1,7,1,1,10,1,12,,19,,1,21,121.5499811,25.0191127
113,11,4,17,50,2,04大安區,大安區臥龍街129號,0,0,3,2,C03,7,5,5,30,14,9,1,5,4,5,13,4,4,10,5,5,2,16,2,38,2,8,6,1,7,9,1,10,1,11,,13,,1,21,121.5499811,25.0191127
113,11,4,17,50,2,04大安區,大安區臥龍街129號,0,0,3,3,H02,7,5,5,30,14,9,1,5,4,5,13,4,4,10,5,5,2,16,1,73,2,8,6,5,7,20,8,20,10,16,,67,,1,21,121.5499811,25.0191127
113,11,4,17,50,2,07信義區,信義區基隆路2段149號,0,0,1,1,C03,7,5,5,50,14,9,1,5,4,5,13,4,4,1,4,5,2,13,1,62,2,9,3,4,7,9,1,10,1,11,,108,,1,21,121.5548469,25.0263492
113,11,4,17,50,2,07信義區,信義區基隆路2段149號,0,0,1,2,B03,7,5,5,50,14,9,1,5,4,5,13,4,4,1,4,5,2,13,1,38,3,10,3,4,7,14,1,8,1,7,,44,,1,21,121.5548469,25.0263492
113,11,4,17,50,2,07信義區,信義區基隆路2段149號,0,0,1,3,C03,7,5,5,50,14,9,1,5,4,5,13,4,4,1,4,5,2,13,1,57,4,11,3,4,7,9,7,19,9,11,,99,,2,21,121.5548469,25.0263492
113,11,4,17,55,2,04大安區,大安區羅斯福路4段127號,0,0,1,1,C03,8,5,5,50,14,9,1,5,4,5,13,4,4,1,4,5,1,17,1,47,2,9,6,1,7,1,1,10,1,14,,42,,1,21,121.5373329,25.010658
113,11,4,17,55,2,04大安區,大安區羅斯福路4段127號,0,0,1,2,B03,8,5,5,50,14,9,1,5,4,5,13,4,4,1,4,5,1,17,1,43,3,10,7,1,7,9,1,8,1,2,,44,,1,21,121.5373329,25.010658
113,11,4,18,2,2,09北投區,北投區中央北路4段與大度路3段口,0,0,1,1,B01,7,5,5,50,3,18,1,5,4,5,13,2,1,5,4,5,2,3,1,52,3,10,7,1,7,5,1,4,9,1,,70,,2,21,121.4649392,25.1243009
113,11,4,18,2,2,09北投區,北投區中央北路4段與大度路3段口,0,0,1,2,H01,7,5,5,50,3,18,1,5,4,5,13,2,1,5,4,5,2,3,2,55,2,7,4,5,8,16,8,20,10,16,,67,,1,21,121.4649392,25.1243009
113,11,4,18,25,2,03中山區,中山區明水路與明水路397巷口,0,0,2,1,C03,7,5,5,50,3,2,1,5,4,5,13,1,1,3,4,5,2,16,2,19,2,8,3,4,7,5,1,10,1,13,,8,,1,22,121.547592,25.0773604
113,11,4,18,25,2,03中山區,中山區明水路與明水路397巷口,0,0,2,2,C03,7,5,5,50,3,2,1,5,4,5,13,1,1,3,4,5,2,16,1,25,2,7,3,4,7,9,1,10,1,11,,44,,1,22,121.547592,25.0773604
113,11,4,18,30,2,08士林區,士林區士商路與基河路396巷口口,0,0,2,2,C03,7,5,5,50,3,1,1,5,4,5,13,2,1,8,3,4,1,16,1,41,2,9,5,1,7,9,1,10,2,11,,44,,1,22,121.5161052,25.09565688
113,11,4,18,30,2,08士林區,士林區士商路與基河路396巷口口,0,0,2,1,C03,7,5,5,50,3,1,1,5,4,5,13,2,1,8,3,4,1,16,1,28,2,9,5,1,7,5,1,10,2,11,,71,,1,22,121.5161052,25.09565688
113,11,4,19,17,2,03中山區,中山區龍江路202號,0,0,1,1,B03,8,5,5,30,14,9,1,5,4,5,13,4,4,10,5,5,2,17,2,34,3,10,7,1,7,5,1,8,1,4,,8,,1,21,121.540623,25.05747395
113,11,4,19,17,2,03中山區,中山區龍江路202號,0,0,1,2,C03,8,5,5,30,14,9,1,5,4,5,13,4,4,10,5,5,2,17,1,48,2,9,5,1,7,9,1,10,1,12,,108,,1,21,121.540623,25.05747395
113,11,4,19,41,2,04大安區,大安區羅斯福路4段與新生南路3段口,0,0,1,1,A02,8,5,5,50,4,1,1,5,4,5,13,2,1,10,5,5,2,17,1,46,3,10,3,4,7,12,1,2,2,5,,118,,1,21,121.5329357,25.0160764
113,11,4,19,41,2,04大安區,大安區羅斯福路4段與新生南路3段口,0,0,1,3,H02,8,5,5,50,4,1,1,5,4,5,13,2,1,10,5,5,2,17,2,46,2,9,4,5,7,20,8,20,10,16,,67,,1,21,121.5329357,25.0160764
113,11,4,19,41,2,04大安區,大安區羅斯福路4段與新生南路3段口,0,0,1,2,F01,8,5,5,50,4,1,1,5,4,5,13,2,1,10,5,5,2,17,4,0,,,,,,,,,,,,119,,2,,121.5329357,25.0160764
113,11,4,20,9,2,10文山區,文山區興隆路2段與辛亥路5段口,0,0,2,1,C03,8,5,6,50,4,2,1,5,4,5,13,2,1,1,2,5,2,16,2,25,2,9,6,1,7,6,1,10,2,12,,9,,1,21,121.5544423,25.0008195
113,11,4,20,9,2,10文山區,文山區興隆路2段與辛亥路5段口,0,0,2,2,C03,8,5,6,50,4,2,1,5,4,5,13,2,1,1,2,5,2,16,1,32,2,9,6,1,7,9,1,10,4,11,,21,,1,21,121.5544423,25.0008195
113,11,4,20,51,2,09北投區,北投區崇仁路1段105號,0,0,2,1,C03,7,5,5,30,14,9,1,5,4,5,13,4,4,9,5,5,2,3,1,58,2,7,6,1,7,9,1,10,9,11,,13,,1,21,121.5012817,25.12580299
113,11,4,20,51,2,09北投區,北投區崇仁路1段105號,0,0,2,2,H01,7,5,5,30,14,9,1,5,4,5,13,4,4,9,5,5,2,3,1,49,2,1,4,5,8,16,8,20,10,16,,121,,1,21,121.5012817,25.12580299
113,11,4,21,20,2,04大安區,大安區辛亥路3段330號對面,0,0,1,1,C03,7,5,5,50,14,9,1,5,4,5,13,4,4,1,4,5,1,13,1,37,2,9,6,1,7,9,1,10,1,11,,108,,1,22,121.5520553,25.01508827
113,11,4,21,20,2,04大安區,大安區辛亥路3段330號對面,0,0,1,2,B03,7,5,5,50,14,9,1,5,4,5,13,4,4,1,4,5,1,13,2,23,3,10,7,1,7,14,1,8,1,3,,39,,1,21,121.5520553,25.01508827
113,11,4,22,20,2,08士林區,士林區復興橋與至誠路1段口,0,0,1,1,C04,7,5,5,50,4,2,1,5,4,5,13,1,1,5,2,5,2,18,2,34,2,9,5,1,7,15,1,10,9,15,,42,,1,22,121.5375162,25.100727
113,11,4,22,20,2,08士林區,士林區復興橋與至誠路1段口,0,0,1,2,,7,5,5,50,4,2,1,5,4,5,13,1,1,5,2,5,2,18,3,0,,,,,,,,,,,,67,,1,,121.5375162,25.100727
113,11,5,3,58,2,12內湖區,內湖區民權東路6段與民權東路6段11巷口,0,0,2,1,C03,8,5,5,50,4,2,1,5,4,5,13,2,1,3,4,5,2,13,2,21,2,9,6,1,7,9,1,10,1,11,,108,,1,21,121.5785443,25.06677955
113,11,5,3,58,2,12內湖區,內湖區民權東路6段與民權東路6段11巷口,0,0,2,2,B12,8,5,5,50,4,2,1,5,4,5,13,2,1,3,4,5,2,13,1,52,3,10,7,1,7,14,1,4,1,6,,44,,1,21,121.5785443,25.06677955
113,11,5,3,58,2,12內湖區,內湖區民權東路6段與民權東路6段11巷口,0,0,2,3,H02,8,5,5,50,4,2,1,5,4,5,13,2,1,3,4,5,2,13,1,23,2,9,6,5,7,21,8,20,10,16,,67,,1,21,121.5785443,25.06677955
113,11,5,5,53,2,03中山區,中山區中山北路2段與民權西路口,0,0,2,1,C03,7,5,5,50,4,4,1,4,4,5,13,2,1,1,5,5,2,13,1,21,2,9,5,1,7,9,1,10,2,11,,107,,1,22,121.5227676,25.0582384
113,11,5,5,53,2,03中山區,中山區中山北路2段與民權西路口,0,0,2,2,C03,7,5,5,50,4,4,1,4,4,5,13,2,1,1,5,5,2,13,1,22,2,8,5,1,7,9,1,10,2,13,,44,,1,22,121.5227676,25.0582384
113,11,5,7,12,2,12內湖區,內湖區民權東路6段180巷10弄與民權東路6段180巷口口,0,0,1,1,B03,7,5,5,50,3,1,1,5,4,5,13,4,4,9,5,5,2,16,1,31,3,10,7,1,7,11,1,8,1,8,,10,,1,21,121.5927246,25.0678711
113,11,5,7,12,2,12內湖區,內湖區民權東路6段180巷10弄與民權東路6段180巷口口,0,0,1,2,C03,7,5,5,50,3,1,1,5,4,5,13,4,4,9,5,5,2,16,1,26,2,9,6,1,7,9,1,10,1,11,,14,,1,21,121.5927246,25.0678711
113,11,5,7,14,2,04大安區,大安區建國南路2段與建國南路2段69巷口,0,0,1,1,B03,7,6,5,50,3,2,1,5,4,5,13,4,4,1,4,5,2,16,1,55,3,10,3,4,7,6,1,8,1,2,,9,,1,21,121.5380616,25.0311469
113,11,5,7,14,2,04大安區,大安區建國南路2段與建國南路2段69巷口,0,0,1,2,C03,7,6,5,50,3,2,1,5,4,5,13,4,4,1,4,5,2,16,1,28,2,9,3,4,7,9,1,10,1,14,,14,,1,21,121.5380616,25.0311469
113,11,5,7,30,2,09北投區,北投區致遠二路與致遠二路87巷口,0,0,1,1,B03,6,7,5,50,3,2,1,4,4,5,13,4,4,5,5,5,2,17,2,39,3,10,7,1,7,14,1,8,1,2,,42,,1,22,121.5117289,25.1161697
113,11,5,7,30,2,09北投區,北投區致遠二路與致遠二路87巷口,0,0,1,2,C03,6,7,5,50,3,2,1,4,4,5,13,4,4,5,5,5,2,17,1,49,2,9,6,1,7,5,1,10,1,14,,44,,1,22,121.5117289,25.1161697
113,11,5,7,30,2,09北投區,北投區致遠二路與致遠二路87巷口,0,0,1,3,H02,6,7,5,50,3,2,1,4,4,5,13,4,4,5,5,5,2,17,1,12,3,10,7,5,7,20,8,20,10,16,,126,,1,22,121.5117289,25.1161697
113,11,5,7,36,2,04大安區,大安區仁愛路4段與敦化南路1段口,0,0,1,1,B03,7,7,5,50,4,1,1,5,4,5,13,2,1,1,4,5,1,17,1,51,3,10,7,1,7,5,1,8,1,8,,8,,1,21,121.5488035,25.0386729
113,11,5,7,36,2,04大安區,大安區仁愛路4段與敦化南路1段口,0,0,1,2,C03,7,7,5,50,4,1,1,5,4,5,13,2,1,1,4,5,1,17,1,63,2,9,6,1,7,9,1,10,1,12,,44,,1,21,121.5488035,25.0386729
113,11,5,8,0,2,02萬華區,萬華區西園路2段與寶興街口,0,0,1,1,C03,6,7,5,50,4,1,1,4,4,5,13,1,1,1,4,5,2,13,2,68,2,9,5,1,7,9,3,18,1,11,,108,,1,21,121.4937466,25.0267913
113,11,5,8,0,2,02萬華區,萬華區西園路2段與寶興街口,0,0,1,2,B03,6,7,5,50,4,1,1,4,4,5,13,1,1,1,4,5,2,13,2,43,3,10,7,1,7,12,1,8,1,7,,44,,1,21,121.4937466,25.0267913
113,11,5,8,0,2,03中山區,中山區北安路269號,0,0,1,1,C03,7,7,5,50,14,9,1,5,4,5,13,3,1,1,4,5,2,13,1,19,2,9,5,1,7,9,1,10,1,11,,107,,1,21,121.5350143,25.0778962
113,11,5,8,0,2,03中山區,中山區北安路269號,0,0,1,2,B03,7,7,5,50,14,9,1,5,4,5,13,3,1,1,4,5,2,13,1,32,3,10,7,1,7,14,1,8,1,6,,44,,1,21,121.5350143,25.0778962
113,11,5,8,15,2,01大同區,大同區延平北路2段與民權西路口,0,0,2,1,C03,7,6,5,50,5,1,1,5,4,5,13,2,1,1,4,5,2,17,1,25,2,9,6,1,7,7,1,10,1,14,,100,,1,21,121.5111467,25.0628644
113,11,5,8,15,2,01大同區,大同區延平北路2段與民權西路口,0,0,2,2,C03,7,6,5,50,5,1,1,5,4,5,13,2,1,1,4,5,2,17,2,18,2,9,6,1,7,9,1,10,1,12,,44,,1,21,121.5111467,25.0628644
113,11,5,8,16,2,03中山區,中山區明水路581巷與明水路口,0,0,1,1,C03,7,6,5,30,4,1,1,5,4,5,13,2,1,4,5,5,1,16,1,47,3,10,3,4,7,5,1,10,1,12,,107,,1,21,121.5520893,25.0799971
113,11,5,8,16,2,03中山區,中山區明水路581巷與明水路口,0,0,1,2,C03,7,6,5,30,4,1,1,5,4,5,13,2,1,4,5,5,1,16,1,23,2,9,3,4,7,5,1,10,1,14,,44,,1,21,121.5520893,25.0799971
113,11,5,8,40,2,07信義區,信義區基隆路1段149號,0,0,1,1,C03,6,7,5,50,14,9,1,4,4,5,13,4,4,10,5,5,2,12,1,33,2,7,6,1,7,7,1,10,1,12,,42,,1,21,121.5654583,25.0425278
113,11,5,8,40,2,07信義區,信義區基隆路1段149號,0,0,1,2,B12,6,7,5,50,14,9,1,4,4,5,13,4,4,10,5,5,2,12,1,,3,10,3,1,7,9,1,4,1,4,,44,,1,21,121.5654583,25.0425278
113,11,5,8,49,2,03中山區,中山區中山北路2段與南京東路1段口,0,0,1,1,B03,6,6,5,50,3,2,1,4,4,5,13,2,1,8,3,5,1,17,1,59,3,10,7,1,7,8,1,8,1,5,,101,,1,21,121.5226679,25.05235888
113,11,5,8,49,2,03中山區,中山區中山北路2段與南京東路1段口,0,0,1,2,C03,6,6,5,50,3,2,1,4,4,5,13,2,1,8,3,5,1,17,2,26,2,9,5,1,7,9,1,10,1,14,,44,,1,21,121.5226679,25.05235888
113,11,5,8,50,2,04大安區,大安區安和路2段與文昌街口,0,0,2,1,C03,7,5,5,50,4,1,1,4,4,5,13,1,1,1,4,5,2,16,2,28,2,8,3,4,7,6,1,8,1,12,,82,,1,21,121.5525877,25.0326372
113,11,5,8,50,2,04大安區,大安區安和路2段與文昌街口,0,0,2,2,F01,7,5,5,50,4,1,1,4,4,5,13,1,1,1,4,5,2,16,2,63,2,9,3,4,7,9,8,20,1,11,,88,,1,21,121.5525877,25.0326372
113,11,5,9,2,2,04大安區,大安區和平東路1段6號,0,0,4,1,C03,6,7,5,50,14,9,1,4,4,5,13,4,4,8,3,5,2,13,1,19,2,9,3,4,7,9,1,10,1,12,,42,,1,21,121.5229839,25.0269504
113,11,5,9,2,2,04大安區,大安區和平東路1段6號,0,0,4,2,C03,6,7,5,50,14,9,1,4,4,5,13,4,4,8,3,5,2,13,1,43,2,9,3,4,7,9,1,10,1,11,,44,,1,21,121.5229839,25.0269504
113,11,5,9,2,2,04大安區,大安區和平東路1段6號,0,0,4,3,H02,6,7,5,50,14,9,1,4,4,5,13,4,4,8,3,5,2,13,1,19,2,9,3,5,7,20,8,20,10,16,,67,,1,21,121.5229839,25.0269504
113,11,5,9,2,2,04大安區,大安區和平東路1段6號,0,0,4,4,C03,6,7,5,50,14,9,1,4,4,5,13,4,4,8,3,5,2,13,1,45,2,8,3,4,7,15,1,10,9,15,,44,,1,21,121.5229839,25.0269504
113,11,5,9,2,2,04大安區,大安區和平東路1段6號,0,0,4,5,C03,6,7,5,50,14,9,1,4,4,5,13,4,4,8,3,5,2,13,3,0,,,,,,,,,,,,67,,1,,121.5229839,25.0269504
113,11,5,9,2,2,04大安區,大安區和平東路1段6號,0,0,4,6,C04,6,7,5,50,14,9,1,4,4,5,13,4,4,8,3,5,2,13,3,0,,,,,,,,,,,,67,,1,,121.5229839,25.0269504
113,11,5,9,2,2,04大安區,大安區和平東路1段6號,0,0,4,7,B03,6,7,5,50,14,9,1,4,4,5,13,4,4,8,3,5,2,13,3,0,,,,,,,,,,,,67,,1,,121.5229839,25.0269504