發生年度,發生月,發生日,發生時-Hours,發生分,處理別-編號,區序,肇事地點,死亡人數,2-30日死亡人數,受傷人數,當事人序號,車種,天候,道路照明設備,道路類別,速限-速度限制,道路型態,事故位置,路面狀況1,路面狀況2,路面狀況3,道路障礙1,道路障礙2,號誌1,號誌2,車道劃分-分向,車道劃分-分道1,車道劃分-分道2,車道劃分-分道3,事故類型及型態,性別,年齡,受傷程度,主要傷處,保護裝置,行動電話,車輛用途,當事者行動狀態,駕駛資格情形,駕駛執照種類,飲酒情形,車輛撞擊部位1,車輛撞擊部位2,肇因碼-個別,肇因碼-主要,個人肇逃否,職業,座標-X,座標-Y
113,11,5,9,8,2,04大安區,大安區信義路4段116號,0,0,1,1,C03,6,7,6,50,14,9,1,4,4,5,13,4,4,1,4,1,2,17,1,31,2,9,5,1,7,9,1,10,1,14,,44,,1,21,121.5492436,25.0330284
113,11,5,9,8,2,04大安區,大安區信義路4段116號,0,0,1,2,B03,6,7,6,50,14,9,1,4,4,5,13,4,4,1,4,1,2,17,1,53,4,11,3,4,7,7,1,8,11,17,,100,,2,22,121.5492436,25.0330284
113,11,5,9,11,2,05中正區,中正區汀州路3段與羅斯福路4段196巷口,0,0,1,1,B03,6,6,5,30,4,1,1,4,4,5,13,4,4,5,4,5,2,15,1,36,3,10,7,1,7,9,1,8,1,17,,72,,1,21,121.5359104,25.011556
113,11,5,9,11,2,05中正區,中正區汀州路3段與羅斯福路4段196巷口,0,0,1,2,C03,6,6,5,30,4,1,1,4,4,5,13,4,4,5,4,5,2,15,2,29,2,9,5,1,7,9,1,10,1,17,,44,,1,21,121.5359104,25.011556
113,11,5,9,12,2,08士林區,士林區文林路與大東路口,0,0,2,1,C03,7,5,5,50,5,2,1,4,4,5,13,2,1,5,5,5,2,15,1,77,2,9,5,1,7,9,3,18,2,11,,80,,1,21,121.5252367,25.0934394
113,11,5,9,12,2,08士林區,士林區文林路與大東路口,0,0,2,2,C03,7,5,5,50,5,2,1,4,4,5,13,2,1,5,5,5,2,15,1,39,2,9,6,1,7,9,1,10,2,11,,44,,1,21,121.5252367,25.0934394
113,11,5,9,15,2,12內湖區,內湖區安康路25巷石潭公園旁,0,0,1,1,C03,6,5,5,50,14,9,1,4,4,5,13,4,4,4,1,5,1,12,1,76,2,9,3,4,7,9,1,10,1,14,,42,,1,21,121.5932911,25.0640558
113,11,5,9,15,2,12內湖區,內湖區安康路25巷石潭公園旁,0,0,1,2,B03,6,5,5,50,14,9,1,4,4,5,13,4,4,4,1,5,1,12,1,73,3,10,3,4,7,9,1,8,1,2,,44,,1,21,121.5932911,25.0640558
113,11,5,9,22,2,08士林區,士林區凱旋路61巷4弄1108399燈桿,0,0,1,1,C03,6,6,5,30,14,9,1,4,4,5,13,4,4,10,5,5,1,17,1,21,3,10,6,1,7,7,1,10,1,14,,101,,1,21,121.5404047,25.13495341
113,11,5,9,22,2,08士林區,士林區凱旋路61巷4弄1108399燈桿,0,0,1,2,C03,6,6,5,30,14,9,1,4,4,5,13,4,4,10,5,5,1,17,2,18,2,9,6,1,7,9,1,10,1,12,,44,,1,21,121.5404047,25.13495341
113,11,5,9,33,2,02萬華區,萬華區萬大路與萬大路449巷口,0,0,1,1,C03,7,7,5,30,3,1,1,4,4,5,13,4,4,10,5,5,2,17,2,24,2,9,5,1,7,9,1,10,1,11,,108,,1,21,121.4983544,25.0208846
113,11,5,9,33,2,02萬華區,萬華區萬大路與萬大路449巷口,0,0,1,2,B12,7,7,5,30,3,1,1,4,4,5,13,4,4,10,5,5,2,17,1,66,3,10,7,1,7,14,1,8,1,7,,44,,1,21,121.4983544,25.0208846
113,11,5,9,38,2,03中山區,中山區北安路47號對面,0,0,1,1,C04,7,6,5,50,14,9,1,5,4,5,13,4,4,1,4,5,2,13,2,27,2,9,5,1,7,9,1,8,1,11,14,108,,1,21,121.5281767,25.07725808
113,11,5,9,38,2,03中山區,中山區北安路47號對面,0,0,1,2,C03,7,6,5,50,14,9,1,5,4,5,13,4,4,1,4,5,2,13,2,26,3,10,5,1,7,12,1,10,1,13,14,115,,1,21,121.5281767,25.07725808
113,11,5,9,44,2,11南港區,南港區研究院路1段與研究院路1段101巷口,0,0,1,1,B03,6,6,5,50,4,1,1,4,4,5,13,2,1,3,4,5,2,16,1,59,3,10,7,1,7,5,1,8,1,5,,74,,1,21,121.6161383,25.0519383
113,11,5,9,44,2,11南港區,南港區研究院路1段與研究院路1段101巷口,0,0,1,2,C03,6,6,5,50,4,1,1,4,4,5,13,2,1,3,4,5,2,16,2,53,2,9,6,1,7,9,1,10,1,14,,44,,1,21,121.6161383,25.0519383
113,11,5,9,45,2,01大同區,大同區鄭州路與塔城街口,0,0,1,2,C03,6,6,5,50,5,1,1,4,4,5,13,2,1,5,4,5,2,17,2,22,2,9,6,1,7,6,1,10,1,12,,17,,1,21,121.5106189,25.0500286
113,11,5,9,45,2,01大同區,大同區鄭州路與塔城街口,0,0,1,3,B01,6,6,5,50,5,1,1,4,4,5,13,2,1,5,4,5,2,17,1,40,3,10,7,1,7,6,1,4,1,5,,44,,1,21,121.5106189,25.0500286
113,11,5,9,45,2,01大同區,大同區鄭州路與塔城街口,0,0,1,1,A02,6,6,5,50,5,1,1,4,4,5,13,2,1,5,4,5,2,17,1,55,3,10,7,1,7,6,1,2,1,7,,44,,1,21,121.5106189,25.0500286
113,11,5,9,46,2,07信義區,信義區松仁路253巷與松仁路口,0,0,1,1,B03,6,7,5,50,4,1,1,4,4,5,13,3,1,9,4,5,1,16,1,54,3,10,7,1,7,5,1,8,1,6,,74,,1,21,121.5690941,25.0254498
113,11,5,9,46,2,07信義區,信義區松仁路253巷與松仁路口,0,0,1,2,C03,6,7,5,50,4,1,1,4,4,5,13,3,1,9,4,5,1,16,2,36,2,9,5,1,7,9,1,10,1,11,,44,,1,21,121.5690941,25.0254498
113,11,5,10,5,2,12內湖區,內湖區成功路5段與康湖路口,0,0,2,1,B03,6,6,5,50,14,9,1,4,4,5,13,2,1,1,4,5,2,17,1,27,3,10,7,1,7,5,1,8,2,8,,13,,1,21,121.6050609,25.08174817
113,11,5,10,5,2,12內湖區,內湖區成功路5段與康湖路口,0,0,2,2,B03,6,6,5,50,14,9,1,4,4,5,13,2,1,1,4,5,2,17,2,64,2,9,7,1,7,14,1,8,2,8,,44,,1,21,121.6050609,25.08174817
113,11,5,10,5,2,12內湖區,內湖區成功路5段與康湖路口,0,0,2,3,H02,6,6,5,50,14,9,1,4,4,5,13,2,1,1,4,5,2,17,1,63,2,3,7,5,7,20,8,20,10,16,,67,,1,21,121.6050609,25.08174817
113,11,5,10,13,2,10文山區,文山區試院路100號,0,0,1,1,C03,6,7,5,30,14,9,1,4,4,5,13,4,4,9,5,5,2,13,2,21,2,8,5,1,7,9,1,10,1,11,,108,,1,21,121.5482394,24.9898921
113,11,5,10,13,2,10文山區,文山區試院路100號,0,0,1,2,C03,6,7,5,30,14,9,1,4,4,5,13,4,4,9,5,5,2,13,2,18,3,10,5,1,7,9,1,10,1,13,,44,,1,21,121.5482394,24.9898921
113,11,5,10,19,2,10文山區,文山區仙岩路128號,0,0,1,2,C03,6,6,5,50,14,9,1,4,4,5,13,4,4,9,5,5,2,17,2,69,2,8,5,1,7,9,1,10,2,17,,44,,1,21,121.5510695,25.0005192
113,11,5,10,19,2,10文山區,文山區仙岩路128號,0,0,1,1,C03,6,6,5,50,14,9,1,4,4,5,13,4,4,9,5,5,2,17,1,67,4,11,5,1,7,1,1,10,11,15,,19,,2,21,121.5510695,25.0005192
113,11,5,10,26,2,04大安區,大安區和平東路2段96巷15弄30號與無名巷口,0,0,1,1,H02,6,5,5,30,3,2,1,4,4,5,13,4,4,10,5,5,2,9,2,43,2,5,7,5,7,19,8,20,10,16,,56,,1,27,121.5423404,25.0233808
113,11,5,10,26,2,04大安區,大安區和平東路2段96巷15弄30號與無名巷口,0,0,1,2,B03,6,5,5,30,3,2,1,4,4,5,13,4,4,10,5,5,2,9,1,59,3,10,7,1,7,13,1,8,9,2,,44,,1,21,121.5423404,25.0233808
113,11,5,10,26,2,04大安區,大安區和平東路2段96巷15弄30號與無名巷口,0,0,1,3,B12,6,5,5,30,3,2,1,4,4,5,13,4,4,10,5,5,2,9,2,48,3,10,7,1,7,15,1,8,1,4,,44,,1,27,121.5423404,25.0233808
113,11,5,10,58,2,02萬華區,萬華區長沙街2段與貴陽街2段29巷口,0,0,1,1,B12,6,6,5,50,3,1,1,4,4,5,13,4,4,8,3,5,2,16,1,46,3,10,3,4,7,5,1,8,1,17,,74,,1,27,121.5052799,25.0405395
113,11,5,10,58,2,02萬華區,萬華區長沙街2段與貴陽街2段29巷口,0,0,1,2,C03,6,6,5,50,3,1,1,4,4,5,13,4,4,8,3,5,2,16,2,25,2,9,5,4,7,9,1,10,1,17,,13,,1,22,121.5052799,25.0405395
113,11,5,11,40,2,08士林區,士林區中山北路7段14巷與天母東路43巷口,0,0,1,1,B12,6,5,5,30,3,1,1,4,4,5,13,4,4,5,5,5,1,3,1,56,3,10,7,1,7,1,1,8,2,8,,70,,1,21,121.5322834,25.1187178
113,11,5,11,40,2,08士林區,士林區中山北路7段14巷與天母東路43巷口,0,0,1,2,H01,6,5,5,30,3,1,1,4,4,5,13,4,4,5,5,5,1,3,1,34,2,9,4,5,8,16,8,20,10,16,,121,,1,21,121.5322834,25.1187178
113,11,5,12,1,2,06松山區,松山區八德路4段與虎林街口,0,0,2,1,C03,6,7,5,40,4,1,1,4,4,5,13,1,1,1,4,5,2,3,2,31,2,9,5,1,7,9,1,10,9,11,,85,,1,21,121.5760163,25.0498943
113,11,5,12,1,2,06松山區,松山區八德路4段與虎林街口,0,0,2,2,H01,6,7,5,40,4,1,1,4,4,5,13,1,1,1,4,5,2,3,1,52,2,9,4,5,8,18,8,20,9,16,,122,,1,21,121.5760163,25.0498943
113,11,5,12,5,2,10文山區,文山區興隆路2段與福興路口,0,0,1,1,B03,6,6,5,50,3,2,1,4,4,5,13,2,1,1,4,5,1,16,1,53,3,10,7,1,7,8,1,8,1,5,,101,,1,21,121.5518075,25.0017436
113,11,5,12,5,2,10文山區,文山區興隆路2段與福興路口,0,0,1,2,C03,6,6,5,50,3,2,1,4,4,5,13,2,1,1,4,5,1,16,1,18,2,8,6,1,7,9,1,10,1,14,,44,,1,21,121.5518075,25.0017436
113,11,5,12,35,2,07信義區,信義區永吉路127巷11弄與基隆路1段37弄口口,0,0,1,1,B11,6,7,5,30,4,1,1,4,4,5,13,4,4,5,5,5,2,17,1,31,3,10,7,1,7,9,1,4,1,17,,80,,1,26,121.5688771,25.0462872
113,11,5,12,35,2,07信義區,信義區永吉路127巷11弄與基隆路1段37弄口口,0,0,1,2,C03,6,7,5,30,4,1,1,4,4,5,13,4,4,5,5,5,2,17,1,61,2,8,6,1,7,9,1,10,1,12,,14,,1,22,121.5688771,25.0462872
113,11,5,12,50,2,04大安區,大安區基隆路高架道(樂業匝道),0,0,1,1,B03,6,5,5,60,14,16,1,4,4,5,13,4,4,2,5,5,2,13,2,25,3,10,7,1,7,9,1,8,1,1,,16,,1,21,121.5476413,25.01996765
113,11,5,12,50,2,04大安區,大安區基隆路高架道(樂業匝道),0,0,1,2,B01,6,5,5,60,14,16,1,4,4,5,13,4,4,2,5,5,2,13,2,47,2,2,7,1,7,14,1,4,1,3,1,44,,1,21,121.5476413,25.01996765
113,11,5,12,50,2,04大安區,大安區基隆路高架道(樂業匝道),0,0,1,3,B03,6,5,5,60,14,16,1,4,4,5,13,4,4,2,5,5,2,13,1,52,3,10,7,1,7,14,1,8,1,3,,44,,1,21,121.5476413,25.01996765
113,11,5,13,15,2,11南港區,南港區舊莊街1段1號,0,0,1,1,B12,6,6,5,50,14,9,1,4,4,5,13,4,4,5,4,5,2,16,1,52,3,10,7,1,7,6,1,8,1,2,,9,,1,21,121.6173584,25.0421082
113,11,5,13,15,2,11南港區,南港區舊莊街1段1號,0,0,1,2,C03,6,6,5,50,14,9,1,4,4,5,13,4,4,5,4,5,2,16,2,55,2,2,6,1,7,9,1,10,1,14,,44,,1,21,121.6173584,25.0421082
113,11,5,13,55,2,04大安區,大安區建國南路1段與建國南路1段口迴轉道,0,0,1,1,C03,8,5,5,50,3,2,1,5,4,5,13,2,1,1,4,5,2,17,1,19,3,10,3,4,7,5,1,10,1,14,,96,,1,21,121.537499,25.036871
113,11,5,13,55,2,04大安區,大安區建國南路1段與建國南路1段口迴轉道,0,0,1,2,C03,8,5,5,50,3,2,1,5,4,5,13,2,1,1,4,5,2,17,1,38,2,9,3,4,7,9,1,10,1,14,,44,,1,21,121.537499,25.036871
113,11,5,14,15,2,08士林區,士林區芝玉路2段與芝玉路2段20巷口,0,0,1,1,C04,6,6,5,30,4,1,1,4,4,5,13,4,4,10,5,5,2,15,1,72,2,9,5,1,7,9,1,8,1,12,,75,,1,21,121.5343926,25.1104157
113,11,5,14,15,2,08士林區,士林區芝玉路2段與芝玉路2段20巷口,0,0,1,2,B01,6,6,5,30,4,1,1,4,4,5,13,4,4,10,5,5,2,15,1,52,3,10,3,4,7,9,1,4,1,1,,107,,1,21,121.5343926,25.1104157
113,11,5,14,23,2,12內湖區,內湖區東湖路160巷與康樂街口,0,0,2,1,B03,6,6,5,50,4,1,1,4,4,5,13,2,1,5,4,5,2,15,1,66,3,10,7,1,7,9,1,8,1,2,,81,,1,21,121.6176277,25.0678291
113,11,5,14,23,2,12內湖區,內湖區東湖路160巷與康樂街口,0,0,2,2,C03,6,6,5,50,4,1,1,4,4,5,13,2,1,5,4,5,2,15,2,49,2,9,5,1,7,9,1,10,1,11,,44,,1,21,121.6176277,25.0678291
113,11,5,14,23,2,12內湖區,內湖區東湖路160巷與康樂街口,0,0,2,3,H02,6,6,5,50,4,1,1,4,4,5,13,2,1,5,4,5,2,15,2,44,2,7,5,5,7,20,8,20,10,16,,67,,1,21,121.6176277,25.0678291
113,11,5,14,45,2,02萬華區,萬華區萬大路387巷53-1號,0,0,1,1,,7,6,5,30,11,9,1,5,4,5,13,4,4,10,5,5,2,9,4,0,4,11,3,4,,,,,,,,119,,2,,121.4999405,25.02147573
113,11,5,14,45,2,02萬華區,萬華區萬大路387巷53-1號,0,0,1,2,H01,7,6,5,30,11,9,1,5,4,5,13,4,4,10,5,5,2,9,1,65,2,6,4,5,8,17,8,20,10,16,,67,,1,21,121.4999405,25.02147573
113,11,5,14,47,2,08士林區,士林區通河西街1段與無名巷口口,0,0,2,1,B03,7,6,5,30,3,1,1,5,4,5,13,4,4,9,5,5,2,16,1,71,3,10,7,1,7,5,1,8,1,1,,74,,1,21,121.5128739,25.0831023
113,11,5,14,47,2,08士林區,士林區通河西街1段與無名巷口口,0,0,2,2,C03,7,6,5,30,3,1,1,5,4,5,13,4,4,9,5,5,2,16,1,18,2,9,6,1,7,9,1,10,1,12,,44,,1,21,121.5128739,25.0831023
113,11,5,14,47,2,08士林區,士林區通河西街1段與無名巷口口,0,0,2,3,H02,7,6,5,30,3,1,1,5,4,5,13,4,4,9,5,5,2,16,1,18,2,9,6,5,7,17,8,20,10,16,,67,,1,21,121.5128739,25.0831023
113,11,5,15,21,2,03中山區,中山區民生東路2段115巷與吉林路161巷口,0,0,1,1,C03,7,6,5,30,4,1,1,5,4,5,13,4,4,8,5,5,1,15,1,50,2,4,3,4,7,9,1,10,1,11,,72,,1,21,121.5316413,25.0589389
113,11,5,15,21,2,03中山區,中山區民生東路2段115巷與吉林路161巷口,0,0,1,2,B12,7,6,5,30,4,1,1,5,4,5,13,4,4,8,5,5,1,15,1,36,3,10,3,4,7,9,1,8,1,8,,13,,1,21,121.5316413,25.0589389
113,11,5,15,33,2,02萬華區,萬華區內江街與內江街81巷口,0,0,2,1,C03,7,7,5,30,5,2,1,5,4,3,10,4,4,10,3,5,2,15,1,44,2,9,5,1,7,9,1,10,2,12,,75,,1,21,121.5042326,25.0415516
113,11,5,15,33,2,02萬華區,萬華區內江街與內江街81巷口,0,0,2,2,C03,7,7,5,30,5,2,1,5,4,3,10,4,4,10,3,5,2,15,1,24,2,9,5,1,7,9,1,10,2,11,,14,,1,21,121.5042326,25.0415516
113,11,5,15,33,2,02萬華區,萬華區內江街與內江街81巷口,0,0,2,3,B03,7,7,5,30,5,2,1,5,4,3,10,4,4,10,3,5,2,15,2,46,3,10,7,1,7,14,1,8,9,17,,38,,1,21,121.5042326,25.0415516
113,11,5,15,44,2,07信義區,信義區松智路與松勤街口口,0,0,1,1,B03,6,5,8,50,4,1,1,4,4,5,13,1,1,5,4,5,2,17,1,41,3,10,7,1,7,9,1,8,9,17,,101,,2,22,121.5654052,25.0319447
113,11,5,15,44,2,07信義區,信義區松智路與松勤街口口,0,0,1,2,C03,6,5,8,50,4,1,1,4,4,5,13,1,1,5,4,5,2,17,1,32,2,8,5,1,7,9,1,10,1,14,,44,,1,21,121.5654052,25.0319447
113,11,5,15,44,2,07信義區,信義區松智路與松勤街口口,0,0,1,3,B03,6,5,8,50,4,1,1,4,4,5,13,1,1,5,4,5,2,17,2,61,3,10,7,1,7,5,1,4,1,1,,108,,1,21,121.5654052,25.0319447
113,11,5,15,48,2,04大安區,大安區和平東路3段與安和路2段口,0,0,1,1,B03,7,6,5,50,3,1,1,4,4,5,13,1,1,1,4,5,2,17,1,58,3,10,3,4,7,6,1,8,9,17,,9,,2,21,121.5504179,25.0245598
113,11,5,15,48,2,04大安區,大安區和平東路3段與安和路2段口,0,0,1,2,C03,7,6,5,50,3,1,1,4,4,5,13,1,1,1,4,5,2,17,2,20,2,9,3,4,7,9,1,10,1,17,,44,,1,21,121.5504179,25.0245598
113,11,5,16,29,2,04大安區,(敦化南路二段77號地下停車場出入口),0,0,1,1,C03,7,5,5,30,14,9,1,4,4,5,13,4,4,10,5,5,2,12,1,68,2,9,5,1,7,1,1,10,1,12,,19,,1,21,121.549754,25.0304522
113,11,5,16,29,2,04大安區,(敦化南路二段77號地下停車場出入口),0,0,1,2,B01,7,5,5,30,14,9,1,4,4,5,13,4,4,10,5,5,2,12,1,55,3,10,7,1,7,9,1,4,1,4,,44,,1,21,121.549754,25.0304522
113,11,5,16,40,2,02萬華區,萬華區興寧街與艋舺大道120巷口,0,0,2,1,C03,7,6,5,30,3,2,1,5,4,5,13,4,4,10,5,5,1,17,1,43,2,8,3,4,7,15,1,10,1,12,,100,,1,22,121.5020093,25.0323956
113,11,5,16,40,2,02萬華區,萬華區興寧街與艋舺大道120巷口,0,0,2,2,C03,7,6,5,30,3,2,1,5,4,5,13,4,4,10,5,5,1,17,1,36,2,8,3,4,7,9,1,10,1,14,,42,,1,22,121.5020093,25.0323956
113,11,5,17,5,2,07信義區,信義區永吉路278巷57弄與忠孝東路5段423巷口,0,0,1,2,B03,6,5,5,30,4,1,1,4,4,5,13,4,4,9,5,5,2,15,1,21,3,10,3,4,7,9,1,8,2,1,,13,,1,21,121.5753926,25.0433508
113,11,5,17,5,2,07信義區,信義區永吉路278巷57弄與忠孝東路5段423巷口,0,0,1,1,C03,6,5,5,30,4,1,1,4,4,5,13,4,4,9,5,5,2,15,1,61,2,9,3,4,7,9,1,10,2,13,,72,,1,21,121.5753926,25.0433508
113,11,5,17,5,2,07信義區,信義區永吉路278巷57弄與忠孝東路5段423巷口,0,0,1,3,C03,6,5,5,30,4,1,1,4,4,5,13,4,4,9,5,5,2,15,3,34,,,,,,,,,,,,67,,1,,121.5753926,25.0433508
113,11,5,17,15,2,08士林區,士林區文林路與文林路101巷口,0,0,2,1,G06,6,5,5,50,3,2,1,4,4,5,13,2,1,5,2,5,1,12,1,49,2,7,4,1,7,5,8,20,11,14,,8,,1,21,121.5262855,25.0881764
113,11,5,17,15,2,08士林區,士林區文林路與文林路101巷口,0,0,2,2,C03,6,5,5,50,3,2,1,4,4,5,13,2,1,5,2,5,1,12,2,18,2,8,5,1,7,9,1,10,11,11,,44,,1,21,121.5262855,25.0881764
113,11,5,17,21,2,03中山區,中山區大直橋,0,0,1,1,C03,6,5,5,50,14,9,1,4,4,5,13,4,4,1,4,5,2,13,1,19,2,9,5,1,7,9,1,10,2,11,,16,,1,21,121.5443707,25.0792335
113,11,5,17,21,2,03中山區,中山區大直橋,0,0,1,2,B12,6,5,5,50,14,9,1,4,4,5,13,4,4,1,4,5,2,13,1,42,3,10,7,1,7,14,1,8,2,6,,44,,1,21,121.5443707,25.0792335
113,11,5,17,37,2,01大同區,大同區寧夏路與保安街口,0,0,1,1,B03,8,5,5,50,4,1,1,5,4,5,13,2,1,5,5,5,2,17,1,65,3,10,7,1,7,5,1,8,1,1,,74,,1,21,121.5147942,25.0593808
113,11,5,17,37,2,01大同區,大同區寧夏路與保安街口,0,0,1,2,C03,8,5,5,50,4,1,1,5,4,5,13,2,1,5,5,5,2,17,2,53,2,9,6,1,7,9,1,10,1,11,,44,,1,21,121.5147942,25.0593808
113,11,5,17,40,2,12內湖區,內湖區安美街191號,0,0,1,1,B12,6,5,5,50,14,9,1,4,4,5,13,4,4,5,5,5,2,17,2,61,3,10,7,1,7,11,1,8,1,8,,10,,1,21,121.602342,25.0600935
113,11,5,17,40,2,12內湖區,內湖區安美街191號,0,0,1,2,C03,6,5,5,50,14,9,1,4,4,5,13,4,4,5,5,5,2,17,2,22,2,8,6,1,7,9,1,10,1,12,,44,,1,21,121.602342,25.0600935
113,11,5,17,49,2,10文山區,文山區福和橋機車道往台北方向7510068燈桿,0,0,2,1,C03,6,5,5,40,14,11,1,4,4,5,13,4,4,10,4,5,2,13,2,39,3,10,6,1,7,12,1,10,1,17,,44,,1,21,121.5337451,25.0093442
113,11,5,17,49,2,10文山區,文山區福和橋機車道往台北方向7510068燈桿,0,0,2,2,C03,6,5,5,40,14,11,1,4,4,5,13,4,4,10,4,5,2,13,1,42,3,10,6,1,7,12,1,10,1,13,,44,,1,21,121.5337451,25.0093442
113,11,5,17,49,2,10文山區,文山區福和橋機車道往台北方向7510068燈桿,0,0,2,3,C03,6,5,5,40,14,11,1,4,4,5,13,4,4,10,4,5,2,13,1,16,2,7,6,1,7,9,2,18,1,11,,13,,1,21,121.5337451,25.0093442
113,11,5,17,49,2,10文山區,文山區福和橋機車道往台北方向7510068燈桿,0,0,2,4,C03,6,5,5,40,14,11,1,4,4,5,13,4,4,10,4,5,2,13,1,32,2,8,6,1,7,9,1,10,1,11,,13,,1,21,121.5337451,25.0093442
113,11,5,18,5,2,09北投區,北投區崇仁路1段與無名巷口,0,0,1,1,C03,7,5,5,30,4,1,1,5,4,5,13,4,4,10,5,5,2,13,1,69,2,9,5,1,7,9,1,10,2,11,,16,,1,21,121.5017894,25.12538458
113,11,5,18,5,2,09北投區,北投區崇仁路1段與無名巷口,0,0,1,2,C03,7,5,5,30,4,1,1,5,4,5,13,4,4,10,5,5,2,13,2,51,3,10,5,1,7,14,1,10,2,13,,44,,1,21,121.5017894,25.12538458
113,11,5,18,8,2,07信義區,信義區光復南路與基隆路1段380巷口口,0,0,1,1,B03,6,5,8,50,3,1,1,4,4,5,13,3,1,1,4,5,2,13,1,49,3,10,7,1,7,6,1,8,1,5,,107,,1,21,121.5577854,25.0344491
113,11,5,18,8,2,07信義區,信義區光復南路與基隆路1段380巷口口,0,0,1,2,B01,6,5,8,50,3,1,1,4,4,5,13,3,1,1,4,5,2,13,1,44,2,9,7,1,7,6,1,4,1,7,,44,,1,21,121.5577854,25.0344491
113,11,5,18,20,2,03中山區,中山區北安路305號,0,0,1,1,B03,8,5,5,50,14,9,1,5,4,5,13,1,1,9,4,5,2,17,1,36,3,10,7,1,7,15,1,8,1,5,,16,,1,21,121.5352743,25.0779857
113,11,5,18,20,2,03中山區,中山區北安路305號,0,0,1,2,C03,8,5,5,50,14,9,1,5,4,5,13,1,1,9,4,5,2,17,2,25,2,9,5,1,7,15,1,10,1,15,,44,,1,21,121.5352743,25.0779857
113,11,5,18,23,2,04大安區,大安區信義路3段152巷口側附近,0,0,1,1,B03,8,5,5,50,14,9,1,5,4,5,13,4,4,1,4,5,2,17,1,30,3,10,3,4,7,6,1,8,1,8,,107,,1,21,121.5407805,25.0332979
113,11,5,18,23,2,04大安區,大安區信義路3段152巷口側附近,0,0,1,2,F01,8,5,5,50,14,9,1,5,4,5,13,4,4,1,4,5,2,17,2,27,2,8,3,4,7,11,8,20,1,12,,11,,1,21,121.5407805,25.0332979
113,11,5,18,25,2,11南港區,南港區市民大道7段與玉成街59巷口,0,0,1,1,C03,6,5,5,50,14,9,1,4,4,5,13,2,1,1,4,5,2,13,1,42,2,8,5,4,7,9,1,10,1,11,,107,,1,21,121.5821966,25.0495259
113,11,5,18,25,2,11南港區,南港區市民大道7段與玉成街59巷口,0,0,1,2,B03,6,5,5,50,14,9,1,4,4,5,13,2,1,1,4,5,2,13,1,47,3,10,3,4,7,14,1,8,1,3,,44,,1,21,121.5821966,25.0495259
113,11,5,18,30,2,05中正區,中正區信義路2段與杭州南路1段口,0,0,1,2,C03,7,5,5,50,4,1,1,5,4,5,13,1,1,10,4,5,2,17,2,55,2,9,5,1,7,9,1,10,2,11,,44,,1,21,121.5244133,25.035493
113,11,5,18,30,2,05中正區,中正區信義路2段與杭州南路1段口,0,0,1,1,C03,7,5,5,50,4,1,1,5,4,5,13,1,1,10,4,5,2,17,1,52,3,10,5,1,7,6,1,10,11,13,,9,,2,21,121.5244133,25.035493
113,11,5,18,46,2,07信義區,信義區基隆路汽機車混合地下道往南,0,0,1,1,C03,6,5,5,30,7,9,1,4,4,5,13,4,4,10,5,5,2,13,1,25,2,8,5,1,7,9,1,10,1,11,,16,,1,21,121.5653793,25.0427495
113,11,5,18,46,2,07信義區,信義區基隆路汽機車混合地下道往南,0,0,1,2,C03,6,5,5,30,7,9,1,4,4,5,13,4,4,10,5,5,2,13,1,29,3,10,5,1,7,9,1,10,1,13,,30,,1,21,121.5653793,25.0427495
113,11,5,18,48,2,04大安區,大安區基隆路3段130號,0,0,1,1,C03,7,5,5,50,14,9,1,5,4,5,13,4,4,10,5,5,2,17,1,24,2,9,3,4,7,9,1,10,1,11,,16,,1,21,121.5433646,25.01655115
113,11,5,18,48,2,04大安區,大安區基隆路3段130號,0,0,1,2,B03,7,5,5,50,14,9,1,5,4,5,13,4,4,10,5,5,2,17,1,50,3,10,3,4,7,9,1,8,1,6,,44,,1,21,121.5433646,25.01655115
113,11,5,19,0,2,12內湖區,內湖區內湖路1段與內湖路1段518巷口,0,0,1,1,B03,6,5,5,50,3,2,1,4,4,5,13,1,1,1,5,5,2,13,2,29,3,10,7,1,7,9,1,8,1,1,,107,,1,21,121.5741367,25.08035579
113,11,5,19,0,2,12內湖區,內湖區內湖路1段與內湖路1段518巷口,0,0,1,2,B03,6,5,5,50,3,2,1,4,4,5,13,1,1,1,5,5,2,13,2,58,2,9,7,1,7,14,1,8,1,3,,44,,1,21,121.5741367,25.08035579
113,11,5,19,0,2,12內湖區,內湖區內湖路1段與內湖路1段518巷口,0,0,1,3,B03,6,5,5,50,3,2,1,4,4,5,13,1,1,1,5,5,2,13,2,31,3,10,7,1,7,14,1,8,1,3,,44,,1,21,121.5741367,25.08035579
113,11,5,19,3,2,07信義區,信義區忠孝東路5段與基隆路汽機車混合地下道口,0,0,2,1,C03,6,5,5,30,4,1,1,4,4,5,13,1,1,1,4,5,2,13,2,25,2,8,5,1,7,9,1,10,2,11,,13,,1,22,121.5646115,25.040896
113,11,5,19,3,2,07信義區,信義區忠孝東路5段與基隆路汽機車混合地下道口,0,0,2,2,C03,6,5,5,30,4,1,1,4,4,5,13,1,1,1,4,5,2,13,2,42,2,9,5,1,7,9,1,10,2,11,,13,,1,22,121.5646115,25.040896
113,11,5,19,3,2,07信義區,信義區忠孝東路5段與基隆路汽機車混合地下道口,0,0,2,3,C03,6,5,5,30,4,1,1,4,4,5,13,1,1,1,4,5,2,13,1,22,3,10,5,1,7,9,1,10,2,13,,44,,1,22,121.5646115,25.040896