發生年度,發生月,發生日,發生時-Hours,發生分,處理別-編號,區序,肇事地點,死亡人數,2-30日死亡人數,受傷人數,當事人序號,車種,天候,道路照明設備,道路類別,速限-速度限制,道路型態,事故位置,路面狀況1,路面狀況2,路面狀況3,道路障礙1,道路障礙2,號誌1,號誌2,車道劃分-分向,車道劃分-分道1,車道劃分-分道2,車道劃分-分道3,事故類型及型態,性別,年齡,受傷程度,主要傷處,保護裝置,行動電話,車輛用途,當事者行動狀態,駕駛資格情形,駕駛執照種類,飲酒情形,車輛撞擊部位1,車輛撞擊部位2,肇因碼-個別,肇因碼-主要,個人肇逃否,職業,座標-X,座標-Y
113,11,5,19,39,2,08士林區,士林區士東路91巷4號,0,0,2,2,H01,6,5,5,30,14,9,1,4,4,5,13,4,4,9,5,5,1,3,2,74,2,8,4,5,8,18,8,20,10,16,,121,,1,21,121.5291767,25.11250202
113,11,5,19,39,2,08士林區,士林區士東路91巷4號,0,0,2,1,C03,6,5,5,30,14,9,1,4,4,5,13,4,4,9,5,5,1,3,2,42,2,9,5,1,7,9,1,10,2,11,,13,,1,21,121.5291767,25.11250202
113,11,5,20,4,2,03中山區,中山區民生東路3段與合江街口,0,0,1,1,B03,8,5,5,50,4,18,1,5,4,5,13,2,1,1,4,5,2,3,1,73,3,10,7,1,7,5,1,8,1,4,,70,,1,21,121.5392651,25.0577891
113,11,5,20,4,2,03中山區,中山區民生東路3段與合江街口,0,0,1,2,H01,8,5,5,50,4,18,1,5,4,5,13,2,1,1,4,5,2,3,1,25,2,8,4,5,8,16,8,20,10,16,,67,,1,21,121.5392651,25.0577891
113,11,5,21,16,2,09北投區,北投區泉源路67號,0,0,1,1,B03,6,5,5,40,12,9,1,4,4,5,13,4,4,9,5,5,1,11,4,0,,,,,,,,,,,,119,,2,,121.5168349,25.1424271
113,11,5,21,16,2,09北投區,北投區泉源路67號,0,0,1,2,C03,6,5,5,40,12,9,1,4,4,5,13,4,4,9,5,5,1,11,2,46,2,7,5,1,7,9,1,10,1,14,,44,,1,21,121.5168349,25.1424271
113,11,5,21,18,2,05中正區,中正區中山南路與愛國西路口,0,0,1,1,B03,7,5,5,50,4,1,1,5,4,5,13,1,1,1,4,5,1,12,2,34,3,10,7,1,7,7,1,8,2,4,,100,,1,22,121.5168688,25.0348143
113,11,5,21,18,2,05中正區,中正區中山南路與愛國西路口,0,0,1,2,C02,7,5,5,50,4,1,1,5,4,5,13,1,1,1,4,5,1,12,1,50,2,9,6,1,7,9,1,9,2,12,,44,,1,22,121.5168688,25.0348143
113,11,5,21,20,2,04大安區,大安區和平東路2段與瑞安街口,0,0,1,1,C04,6,5,5,50,4,2,1,4,4,5,13,1,1,1,3,4,2,17,2,23,4,11,3,4,7,8,7,19,11,15,,101,,2,22,121.5390512,25.025571
113,11,5,21,20,2,04大安區,大安區和平東路2段與瑞安街口,0,0,1,2,C03,6,5,5,50,4,2,1,4,4,5,13,1,1,1,3,4,2,17,1,32,2,9,5,1,7,9,1,10,1,14,,44,,1,21,121.5390512,25.025571
113,11,5,21,25,2,12內湖區,內湖區內湖路2段103巷與麗山街37巷口,0,0,2,1,B03,7,5,5,50,3,1,1,5,4,5,13,4,4,5,5,5,2,9,1,29,3,10,7,1,7,5,1,8,1,8,,44,,1,21,121.6128854,25.06758283
113,11,5,21,25,2,12內湖區,內湖區內湖路2段103巷與麗山街37巷口,0,0,2,2,H01,7,5,5,50,3,1,1,5,4,5,13,4,4,5,5,5,2,9,1,43,2,9,4,5,8,16,8,20,10,16,,67,,1,21,121.6128854,25.06758283
113,11,5,21,25,2,12內湖區,內湖區內湖路2段103巷與麗山街37巷口,0,0,2,3,H01,7,5,5,50,3,1,1,5,4,5,13,4,4,5,5,5,2,9,1,5,2,9,4,5,8,16,8,20,9,16,,67,,1,21,121.6128854,25.06758283
113,11,5,21,34,2,10文山區,文山區木柵路3段66巷與木柵路3段48巷口口,0,0,1,1,B03,6,5,5,50,4,1,1,4,4,5,13,2,1,5,5,5,2,13,1,55,3,10,7,1,7,9,1,8,2,1,,118,,1,21,121.5662116,24.9870219
113,11,5,21,34,2,10文山區,文山區木柵路3段66巷與木柵路3段48巷口口,0,0,1,2,C03,6,5,5,50,4,1,1,4,4,5,13,2,1,5,5,5,2,13,2,43,2,5,5,1,7,9,1,10,2,13,,44,,1,21,121.5662116,24.9870219
113,11,5,21,45,2,08士林區,士林區文林路與文林路404巷口,0,0,3,1,C03,7,5,5,30,3,1,1,5,4,3,13,4,4,5,5,5,1,16,1,60,2,9,6,1,7,9,1,10,1,14,,72,,1,22,121.5249435,25.093907
113,11,5,21,45,2,08士林區,士林區文林路與文林路404巷口,0,0,3,2,C03,7,5,5,30,3,1,1,5,4,3,13,4,4,5,5,5,1,16,1,19,2,9,6,1,7,9,1,10,1,11,,44,,1,22,121.5249435,25.093907
113,11,5,21,45,2,08士林區,士林區文林路與文林路404巷口,0,0,3,3,H02,7,5,5,30,3,1,1,5,4,3,13,4,4,5,5,5,1,16,2,56,2,2,5,5,7,20,8,20,10,16,,67,,1,22,121.5249435,25.093907
113,11,5,21,45,2,07信義區,信義區松仁路190號,0,0,2,1,C03,6,5,5,50,14,9,1,4,4,5,13,4,4,9,5,4,2,16,1,19,2,9,3,4,7,11,1,10,1,14,,19,,1,21,121.5683452,25.0274914
113,11,5,21,45,2,07信義區,信義區松仁路190號,0,0,2,2,C03,6,5,5,50,14,9,1,4,4,5,13,4,4,9,5,4,2,16,2,62,2,9,3,4,7,9,1,10,1,11,,44,,1,21,121.5683452,25.0274914
113,11,5,22,33,2,12內湖區,內湖區瑞光路2號,0,0,1,1,C03,7,5,5,50,14,9,1,4,4,5,13,1,1,4,4,5,1,29,2,31,2,9,6,1,7,9,1,10,1,14,,14,,1,21,121.5838261,25.0692287
113,11,5,22,33,2,12內湖區,內湖區瑞光路2號,0,0,1,2,B01,7,5,5,50,14,9,1,4,4,5,13,1,1,4,4,5,1,29,1,59,3,10,7,1,7,7,1,8,1,7,,10,,1,21,121.5838261,25.0692287
113,11,6,3,12,2,08士林區,士林區通河西街1段與重慶北路4段口,0,0,1,1,C03,8,5,5,50,3,1,1,5,4,5,13,2,1,5,5,5,2,17,2,19,2,8,6,1,7,9,3,18,1,11,,81,,1,26,121.5119072,25.0877247
113,11,6,3,12,2,08士林區,士林區通河西街1段與重慶北路4段口,0,0,1,2,B03,8,5,5,50,3,1,1,5,4,5,13,2,1,5,5,5,2,17,1,35,3,10,7,1,7,5,1,8,1,1,,44,,1,26,121.5119072,25.0877247
113,11,6,6,10,2,03中山區,中山區長安東路1段23號,0,0,1,1,B01,8,7,5,50,14,9,1,5,4,5,13,4,4,9,4,5,2,16,1,68,3,10,7,1,7,11,1,4,1,1,,10,,1,21,121.5237507,25.04935571
113,11,6,6,10,2,03中山區,中山區長安東路1段23號,0,0,1,2,C03,8,7,5,50,14,9,1,5,4,5,13,4,4,9,4,5,2,16,1,20,2,9,6,1,7,9,1,10,1,14,,13,,1,21,121.5237507,25.04935571
113,11,6,7,24,2,02萬華區,萬華區西藏路0902748燈桿前,0,0,1,1,B03,7,6,5,50,14,9,1,5,4,5,13,4,4,1,4,5,1,17,1,52,3,10,3,4,7,1,1,8,9,8,,19,,1,22,121.499588,25.0294342
113,11,6,7,24,2,02萬華區,萬華區西藏路0902748燈桿前,0,0,1,2,C03,7,6,5,50,14,9,1,5,4,5,13,4,4,1,4,5,1,17,1,19,2,8,3,4,7,9,1,10,9,12,,108,,1,22,121.499588,25.0294342
113,11,6,7,31,2,05中正區,中正區中華路2段1號,0,0,1,1,B03,7,7,5,50,14,9,1,5,4,5,13,1,1,1,4,5,2,12,1,51,3,10,7,1,7,8,1,8,1,2,,100,,1,22,121.5067871,25.0366591
113,11,6,7,31,2,05中正區,中正區中華路2段1號,0,0,1,2,C03,7,7,5,50,14,9,1,5,4,5,13,1,1,1,4,5,2,12,1,36,2,9,5,1,7,9,1,10,1,14,,44,,1,22,121.5067871,25.0366591
113,11,6,7,31,2,12內湖區,內湖區環山路2段109巷與環山路2段口,0,0,1,1,C03,6,6,5,50,3,1,1,4,4,5,13,2,1,5,4,4,2,17,2,24,4,11,3,4,7,21,7,19,9,11,,42,,2,22,121.5760299,25.08447273
113,11,6,7,31,2,12內湖區,內湖區環山路2段109巷與環山路2段口,0,0,1,2,B03,6,6,5,50,3,1,1,4,4,5,13,2,1,5,4,4,2,17,1,47,2,9,7,1,7,14,1,8,9,3,,44,,1,21,121.5760299,25.08447273
113,11,6,7,35,2,06松山區,松山區撫遠街與民權東路5段口口,0,0,2,1,F01,8,6,5,50,4,2,1,4,4,5,13,2,1,1,4,5,2,16,1,70,2,9,4,1,7,6,8,20,1,14,,82,,1,21,121.5656931,25.06328
113,11,6,7,35,2,06松山區,松山區撫遠街與民權東路5段口口,0,0,2,2,C03,8,6,5,50,4,2,1,4,4,5,13,2,1,1,4,5,2,16,2,41,3,10,5,1,7,9,1,10,1,12,,32,,1,21,121.5656931,25.06328
113,11,6,7,35,2,06松山區,松山區撫遠街與民權東路5段口口,0,0,2,3,B03,8,6,5,50,4,2,1,4,4,5,13,2,1,1,4,5,2,16,2,51,3,10,7,1,7,9,1,8,1,2,,44,,1,21,121.5656931,25.06328
113,11,6,7,35,2,06松山區,松山區撫遠街與民權東路5段口口,0,0,2,4,H02,8,6,5,50,4,2,1,4,4,5,13,2,1,1,4,5,2,16,2,12,2,9,5,5,7,20,8,20,10,16,,67,,1,14,121.5656931,25.06328
113,11,6,7,49,2,03中山區,中山區長安東路1段64號,0,0,2,1,C03,8,5,5,50,14,9,1,5,4,5,13,1,1,8,5,5,2,13,1,56,2,9,5,1,7,9,1,10,1,11,,108,,1,22,121.5293304,25.0480777
113,11,6,7,49,2,03中山區,中山區長安東路1段64號,0,0,2,2,C03,8,5,5,50,14,9,1,5,4,5,13,1,1,8,5,5,2,13,1,47,2,9,5,1,7,14,1,10,1,13,,44,,1,22,121.5293304,25.0480777
113,11,6,7,54,2,04大安區,大安區辛亥路3段81號,0,0,4,1,C03,7,6,5,50,14,6,1,4,4,5,13,4,4,1,4,5,2,16,1,51,2,9,3,4,7,5,1,10,1,14,,8,,1,21,121.5464471,25.0196134
113,11,6,7,54,2,04大安區,大安區辛亥路3段81號,0,0,4,2,C03,7,6,5,50,14,6,1,4,4,5,13,4,4,1,4,5,2,16,1,31,2,9,3,4,7,9,1,10,1,11,,44,,1,21,121.5464471,25.0196134
113,11,6,7,54,2,04大安區,大安區辛亥路3段81號,0,0,4,3,H02,7,6,5,50,14,6,1,4,4,5,13,4,4,1,4,5,2,16,1,20,2,9,3,5,7,20,8,20,10,16,,67,,1,21,121.5464471,25.0196134
113,11,6,7,54,2,04大安區,大安區辛亥路3段81號,0,0,4,4,H02,7,6,5,50,14,6,1,4,4,5,13,4,4,1,4,5,2,16,2,31,2,9,3,5,7,20,8,20,10,16,,67,,1,21,121.5464471,25.0196134
113,11,6,8,31,2,04大安區,大安區羅斯福路4段21號,0,0,1,1,C03,7,7,5,50,14,9,1,4,4,5,13,4,4,1,4,5,2,12,1,43,3,10,5,1,7,9,1,10,1,14,,44,,1,21,121.5358595,25.0134195
113,11,6,8,31,2,04大安區,大安區羅斯福路4段21號,0,0,1,2,C03,7,7,5,50,14,9,1,4,4,5,13,4,4,1,4,5,2,12,2,66,2,9,5,1,7,9,1,10,1,12,,44,,1,21,121.5358595,25.0134195
113,11,6,8,39,2,09北投區,北投區大度路150巷1號(往淡水),0,0,1,1,B03,7,6,5,30,14,9,1,5,4,5,13,1,1,9,4,4,1,17,1,50,3,10,7,1,7,7,1,8,1,17,,80,,1,21,121.493568,25.1216902
113,11,6,8,39,2,09北投區,北投區大度路150巷1號(往淡水),0,0,1,2,C03,7,6,5,30,14,9,1,5,4,5,13,1,1,9,4,4,1,17,2,43,2,9,5,1,7,12,1,10,1,14,,44,,1,21,121.493568,25.1216902
113,11,6,8,42,2,02萬華區,萬華區柳州街與南寧路口,0,0,1,1,C03,7,7,5,50,5,1,1,5,4,5,13,2,1,9,5,5,2,17,1,43,3,10,5,1,7,15,1,10,1,13,,101,,1,21,121.50513,25.0365719
113,11,6,8,42,2,02萬華區,萬華區柳州街與南寧路口,0,0,1,2,C03,7,7,5,50,5,1,1,5,4,5,13,2,1,9,5,5,2,17,2,39,2,9,5,1,7,5,1,10,1,14,,44,,1,21,121.50513,25.0365719
113,11,6,8,50,2,03中山區,中山區北安路與北安路608巷口,0,0,1,1,B03,7,7,5,50,4,1,1,5,4,5,13,2,1,1,4,5,2,16,1,34,3,10,3,4,7,6,1,8,2,2,,9,,1,21,121.548876,25.08203746
113,11,6,8,50,2,03中山區,中山區北安路與北安路608巷口,0,0,1,2,C03,7,7,5,50,4,1,1,5,4,5,13,2,1,1,4,5,2,16,2,33,2,9,6,4,7,9,1,10,2,14,,108,,1,21,121.548876,25.08203746
113,11,6,9,0,2,09北投區,北投區石牌路1段與石牌路1段166巷口,0,0,1,1,C03,7,7,5,50,3,1,1,5,4,5,13,2,1,5,4,5,2,13,1,65,2,9,5,1,7,9,1,10,1,11,,42,,1,21,121.5134948,25.1144522
113,11,6,9,0,2,09北投區,北投區石牌路1段與石牌路1段166巷口,0,0,1,2,C03,7,7,5,50,3,1,1,5,4,5,13,2,1,5,4,5,2,13,1,66,3,10,5,1,7,9,1,10,1,13,,44,,1,21,121.5134948,25.1144522
113,11,6,9,1,2,08士林區,士林區德行西路94巷與文林路740巷口,0,0,1,1,C03,7,6,5,30,4,1,1,5,4,5,13,4,4,10,5,5,2,15,1,33,2,9,5,1,7,9,1,9,2,11,,75,,1,21,121.5214523,25.1036028
113,11,6,9,1,2,08士林區,士林區德行西路94巷與文林路740巷口,0,0,1,2,B12,7,6,5,30,4,1,1,5,4,5,13,4,4,10,5,5,2,15,1,26,3,10,3,4,7,9,1,8,2,1,,44,,1,21,121.5214523,25.1036028
113,11,6,9,3,2,02萬華區,萬華區萬大路與艋舺大道口,0,0,1,1,A02,7,6,5,50,4,1,1,5,4,5,13,1,1,5,4,5,2,9,1,43,3,10,7,1,7,1,1,2,1,15,,44,,1,21,121.5005681,25.0329074
113,11,6,9,3,2,02萬華區,萬華區萬大路與艋舺大道口,0,0,1,2,H02,7,6,5,50,4,1,1,5,4,5,13,1,1,5,4,5,2,9,2,82,2,9,4,5,7,17,8,20,10,17,,58,,1,21,121.5005681,25.0329074
113,11,6,9,6,2,05中正區,中正區忠孝東路2段與忠孝東路2段64巷口,0,0,1,1,B01,7,5,5,30,5,2,1,5,4,5,13,2,1,1,2,4,2,13,1,61,3,10,2,1,7,6,1,4,1,1,,108,,1,22,121.5286876,25.0433661
113,11,6,9,6,2,05中正區,中正區忠孝東路2段與忠孝東路2段64巷口,0,0,1,2,C03,7,5,5,30,5,2,1,5,4,5,13,2,1,1,2,4,2,13,2,46,2,7,5,1,7,14,1,11,1,13,,44,,1,22,121.5286876,25.0433661
113,11,6,9,12,2,03中山區,中山區龍江路283號,0,0,2,1,C03,7,6,5,50,14,9,2,5,4,5,13,2,1,9,3,5,1,17,1,53,2,7,5,1,7,9,5,10,1,11,,4,,1,21,121.5407549,25.0602505
113,11,6,9,12,2,03中山區,中山區龍江路283號,0,0,2,2,C03,7,6,5,50,14,9,2,5,4,5,13,2,1,9,3,5,1,17,2,32,2,9,5,1,7,5,1,10,1,11,,44,,1,21,121.5407549,25.0602505
113,11,6,9,20,2,03中山區,中山區八德路2段與八德路2段199巷口,0,0,1,1,B01,7,7,5,50,4,1,1,5,4,5,13,1,1,9,4,5,2,13,1,63,3,10,7,1,7,9,1,4,2,1,,16,,1,21,121.5387446,25.04644091
113,11,6,9,20,2,03中山區,中山區八德路2段與八德路2段199巷口,0,0,1,2,C03,7,7,5,50,4,1,1,5,4,5,13,1,1,9,4,5,2,13,1,23,2,9,5,1,7,9,1,10,2,13,,44,,1,21,121.5387446,25.04644091
113,11,6,9,20,2,03中山區,中山區八德路2段與八德路2段199巷口,0,0,1,3,H01,7,7,5,50,4,1,1,5,4,5,13,1,1,9,4,5,2,13,4,0,,,,,,,,,,,,119,,2,,121.5387446,25.04644091
113,11,6,9,50,2,05中正區,中正區中華路2段111-1號,0,0,1,1,B12,8,6,5,50,14,9,1,5,4,5,13,4,4,5,4,5,2,12,1,55,3,10,7,1,7,9,1,4,2,5,,107,,1,21,121.5047569,25.0323436
113,11,6,9,50,2,05中正區,中正區中華路2段111-1號,0,0,1,2,C03,8,6,5,50,14,9,1,5,4,5,13,4,4,5,4,5,2,12,2,74,2,9,5,2,7,7,1,10,2,14,,101,,1,21,121.5047569,25.0323436
113,11,6,10,7,2,02萬華區,萬華區富民路145巷與富民路口,0,0,1,1,C03,7,7,5,30,3,1,1,5,4,5,13,4,4,10,4,5,2,9,1,65,3,10,5,1,7,5,1,10,9,11,,8,,1,21,121.4998745,25.0181252
113,11,6,10,7,2,02萬華區,萬華區富民路145巷與富民路口,0,0,1,2,H01,7,7,5,30,3,1,1,5,4,5,13,4,4,10,4,5,2,9,2,52,2,8,4,5,8,20,8,20,10,16,,67,,1,21,121.4998745,25.0181252
113,11,6,10,10,2,08士林區,士林區大東路57號,0,0,1,1,C03,7,7,5,30,14,9,1,4,4,5,13,4,4,10,4,5,1,9,1,54,3,10,5,1,7,9,1,10,2,11,,108,,1,21,121.5254416,25.08982484
113,11,6,10,10,2,08士林區,士林區大東路57號,0,0,1,2,H01,7,7,5,30,14,9,1,4,4,5,13,4,4,10,4,5,1,9,2,73,2,9,4,5,8,16,8,20,10,16,,60,,1,21,121.5254416,25.08982484
113,11,6,10,21,2,02萬華區,萬華區堤外便道近光復橋,0,0,1,1,C03,7,7,5,15,14,9,1,5,4,5,13,3,1,9,5,5,1,10,1,21,2,9,3,4,7,4,3,18,1,11,,13,,1,22,121.4903036,25.0244304
113,11,6,10,21,2,02萬華區,萬華區堤外便道近光復橋,0,0,1,2,A12,7,7,5,15,14,9,1,5,4,5,13,3,1,9,5,5,1,10,1,48,3,10,3,4,7,9,1,1,1,8,,44,,1,22,121.4903036,25.0244304
113,11,6,10,31,2,04大安區,大安區大安路1段與信義路4段口,0,0,2,1,C03,7,7,5,50,4,2,1,5,4,5,13,2,1,8,3,5,1,12,1,29,2,7,5,1,7,15,1,10,1,14,,8,,1,26,121.5459264,25.0334443
113,11,6,10,31,2,04大安區,大安區大安路1段與信義路4段口,0,0,2,2,C04,7,7,5,50,4,2,1,5,4,5,13,2,1,8,3,5,1,12,2,46,2,1,5,1,7,9,1,8,1,12,,44,,1,26,121.5459264,25.0334443
113,11,6,10,48,2,09北投區,北投區大業路527巷1204021號燈桿,0,0,1,1,C03,6,7,5,40,11,9,1,4,4,5,13,4,4,5,4,5,2,11,1,19,2,9,5,1,7,9,1,10,1,11,,13,,1,21,121.4813644,25.13314173
113,11,6,10,48,2,09北投區,北投區大業路527巷1204021號燈桿,0,0,1,2,B03,6,7,5,40,11,9,1,4,4,5,13,4,4,5,4,5,2,11,1,79,3,10,7,1,7,9,1,8,1,8,,44,,1,21,121.4813644,25.13314173
113,11,6,10,55,2,03中山區,中山區吉林路與松江路132巷口,0,0,2,1,B03,7,7,5,50,3,1,1,5,4,5,13,4,4,9,4,5,2,12,2,29,3,10,7,1,7,7,1,8,2,8,,44,,1,21,121.5301185,25.0529424
113,11,6,10,55,2,03中山區,中山區吉林路與松江路132巷口,0,0,2,2,C03,7,7,5,50,3,1,1,5,4,5,13,4,4,9,4,5,2,12,1,53,2,9,5,1,7,9,1,10,2,12,,108,,1,21,121.5301185,25.0529424
113,11,6,10,55,2,03中山區,中山區吉林路與松江路132巷口,0,0,2,3,H02,7,7,5,50,3,1,1,5,4,5,13,4,4,9,4,5,2,12,2,50,2,9,5,5,7,20,8,20,10,16,,67,,1,21,121.5301185,25.0529424
113,11,6,11,25,2,10文山區,文山區木柵路3段與保儀路口,0,0,1,1,A02,7,6,5,50,3,4,1,5,4,5,13,2,1,10,5,5,2,9,2,41,3,10,7,1,7,15,1,2,2,17,,118,,1,21,121.5685609,24.9887552
113,11,6,11,25,2,10文山區,文山區木柵路3段與保儀路口,0,0,1,2,H02,7,6,5,50,3,4,1,5,4,5,13,2,1,10,5,5,2,9,1,79,2,9,4,5,7,19,8,20,10,16,,60,,1,21,121.5685609,24.9887552
113,11,6,11,25,2,10文山區,文山區興隆路2段95巷與景豐街48巷口,0,0,1,1,C03,7,6,5,30,4,2,1,5,4,5,13,4,4,10,5,5,2,17,2,45,3,10,5,1,7,5,1,10,1,17,,72,,1,21,121.546524,25.0002813
113,11,6,11,25,2,10文山區,文山區興隆路2段95巷與景豐街48巷口,0,0,1,2,C03,7,6,5,30,4,2,1,5,4,5,13,4,4,10,5,5,2,17,1,35,2,9,5,1,7,9,1,10,1,14,,44,,1,21,121.546524,25.0002813
113,11,6,11,40,2,03中山區,中山區北安路與大直街口,0,0,1,1,B03,7,6,5,50,4,1,1,5,4,5,13,1,1,1,4,5,2,16,1,42,3,10,2,1,7,6,1,8,1,5,,9,,1,21,121.5470942,25.0799739
113,11,6,11,40,2,03中山區,中山區北安路與大直街口,0,0,1,2,C03,7,6,5,50,4,1,1,5,4,5,13,1,1,1,4,5,2,16,1,19,2,9,5,1,7,9,1,10,1,14,,108,,1,21,121.5470942,25.0799739
113,11,6,11,53,2,04大安區,大安區新生北路1段與八德路2段口,0,0,1,1,B03,8,5,5,50,4,18,1,5,4,5,13,2,1,8,3,5,1,2,1,24,3,10,7,1,7,5,1,8,1,1,,70,,1,21,121.5330155,25.0445155
113,11,6,11,53,2,04大安區,大安區新生北路1段與八德路2段口,0,0,1,2,H01,8,5,5,50,4,18,1,5,4,5,13,2,1,8,3,5,1,2,1,67,2,9,4,5,8,16,8,20,1,16,,67,,1,21,121.5330155,25.0445155
113,11,6,12,16,2,11南港區,南港區玉成街18-7號與玉成街口,0,0,1,1,B03,7,6,5,50,3,2,1,5,4,3,10,4,4,9,5,5,2,16,2,34,3,10,3,4,7,1,1,8,2,1,,19,,1,21,121.5818471,25.0500529
113,11,6,12,16,2,11南港區,南港區玉成街18-7號與玉成街口,0,0,1,2,C03,7,6,5,50,3,2,1,5,4,3,10,4,4,9,5,5,2,16,1,38,2,9,6,1,7,9,1,10,2,12,,44,,1,21,121.5818471,25.0500529
113,11,6,12,16,2,11南港區,南港區玉成街18-7號與玉成街口,0,0,1,3,B03,7,6,5,50,3,2,1,5,4,3,10,4,4,9,5,5,2,16,1,52,3,10,3,4,7,13,1,8,9,17,,38,,1,21,121.5818471,25.0500529
113,11,6,12,25,2,08士林區,士林區德行東路與中山北路6段口,0,0,1,1,C03,7,6,5,50,4,1,1,5,4,5,13,1,1,5,5,5,2,16,1,41,2,9,3,4,7,5,1,10,1,14,,8,,1,21,121.5249494,25.1064913
113,11,6,12,25,2,08士林區,士林區德行東路與中山北路6段口,0,0,1,2,C03,7,6,5,50,4,1,1,5,4,5,13,1,1,5,5,5,2,16,1,20,3,10,3,4,7,9,1,10,1,11,,44,,1,21,121.5249494,25.1064913
113,11,6,12,50,2,12內湖區,內湖區行忠路66巷與新湖三路口,0,0,1,1,C03,7,5,5,50,4,1,1,5,4,5,13,4,4,5,5,5,2,15,1,63,2,5,5,1,7,9,1,10,1,14,,72,,1,21,121.5807467,25.06549819
113,11,6,12,50,2,12內湖區,內湖區行忠路66巷與新湖三路口,0,0,1,2,B01,7,5,5,50,4,1,1,5,4,5,13,4,4,5,5,5,2,15,1,44,3,10,7,1,7,9,1,8,1,5,,14,,1,21,121.5807467,25.06549819
113,11,6,13,0,2,01大同區,大同區台北橋機慢車道往三重,0,0,1,2,C03,7,6,7,50,14,11,1,5,4,5,13,4,4,1,4,1,2,17,2,34,2,9,6,1,7,9,1,10,1,12,,107,,1,21,121.5085236,25.0635362
113,11,6,13,0,2,01大同區,大同區台北橋機慢車道往三重,0,0,1,1,C03,7,6,7,50,14,11,1,5,4,5,13,4,4,1,4,1,2,17,1,53,3,10,6,1,7,7,1,10,1,14,,100,,1,21,121.5085236,25.0635362
113,11,6,13,0,2,04大安區,大安區復興南路2段與復興南路2段78巷口口,0,0,1,1,C03,7,6,5,50,4,1,1,5,4,5,13,1,1,1,1,4,1,16,2,51,2,3,6,1,7,9,1,10,1,14,,17,,1,21,121.5434286,25.031053
113,11,6,13,0,2,04大安區,大安區復興南路2段與復興南路2段78巷口口,0,0,1,2,B12,7,6,5,50,4,1,1,5,4,5,13,1,1,1,1,4,1,16,1,33,3,10,7,1,7,9,1,8,1,2,,44,,1,21,121.5434286,25.031053
113,11,6,13,0,2,04大安區,大安區復興南路2段與復興南路2段78巷口口,0,0,1,3,B03,7,6,5,50,4,1,1,5,4,5,13,1,1,1,1,4,1,16,4,0,,,,,,,,,,,,119,,2,,121.5434286,25.031053
113,11,6,13,32,2,07信義區,信義區松高路與松勇路口口,0,0,2,1,C03,6,6,5,50,4,1,1,4,4,5,13,2,1,5,4,5,2,16,2,28,2,8,6,2,7,5,1,8,1,12,,71,,1,22,121.5635154,25.02702714
113,11,6,13,32,2,07信義區,信義區松高路與松勇路口口,0,0,2,2,B03,6,6,5,50,4,1,1,4,4,5,13,2,1,5,4,5,2,16,1,33,3,10,7,1,7,9,1,8,1,1,,44,,1,22,121.5635154,25.02702714
113,11,6,13,32,2,07信義區,信義區松高路與松勇路口口,0,0,2,3,H02,6,6,5,50,4,1,1,4,4,5,13,2,1,5,4,5,2,16,2,26,2,9,6,5,7,20,8,20,10,16,,67,,1,22,121.5635154,25.02702714
113,11,6,13,44,2,07信義區,信義區松隆路與無名巷口,0,0,1,1,B01,7,6,5,50,3,1,1,4,4,5,13,4,4,1,4,5,1,16,1,43,3,10,3,4,7,6,1,4,1,5,,9,,1,21,121.5747831,25.0482386
113,11,6,13,44,2,07信義區,信義區松隆路與無名巷口,0,0,1,2,C03,7,6,5,50,3,1,1,4,4,5,13,4,4,1,4,5,1,16,1,66,2,8,3,4,7,9,1,10,1,14,,44,,1,21,121.5747831,25.0482386
113,11,6,14,5,2,07信義區,信義區基隆路2段155號,0,0,1,1,C03,7,6,5,50,14,9,1,5,4,5,13,4,4,1,4,5,2,13,1,23,2,9,3,1,7,9,1,10,2,11,,108,,1,22,121.5551178,25.0265762
113,11,6,14,5,2,07信義區,信義區基隆路2段155號,0,0,1,2,B01,7,6,5,50,14,9,1,5,4,5,13,4,4,1,4,5,2,13,1,46,3,10,3,4,7,14,1,4,2,3,,44,,1,21,121.5551178,25.0265762
113,11,6,15,0,2,10文山區,文山區指南路1段33號,0,0,1,1,A02,7,5,5,50,14,9,1,4,4,5,13,4,4,9,5,5,2,12,1,28,3,10,7,1,7,9,1,2,2,2,,118,,1,21,121.570099,24.98771579
113,11,6,15,0,2,10文山區,文山區指南路1段33號,0,0,1,2,F02,7,5,5,50,14,9,1,4,4,5,13,4,4,9,5,5,2,12,2,82,2,9,4,1,7,9,8,20,2,11,,118,,1,21,121.570099,24.98771579
113,11,6,16,36,2,02萬華區,萬華區康定路20號,0,0,1,1,B03,7,6,5,50,14,9,1,5,4,5,13,4,4,9,5,5,2,17,1,42,3,10,3,4,7,5,1,8,1,4,,44,,1,22,121.503064,25.0454724
113,11,6,16,36,2,02萬華區,萬華區康定路20號,0,0,1,2,C03,7,6,5,50,14,9,1,5,4,5,13,4,4,9,5,5,2,17,1,41,2,8,6,1,7,9,1,10,1,12,,4,,1,22,121.503064,25.0454724
113,11,6,16,58,2,05中正區,中正區仁愛路2段38巷與杭州南路1段101巷口,0,0,1,1,F02,7,5,5,30,4,1,1,5,4,5,13,4,4,10,5,5,1,15,1,47,2,9,2,4,7,9,8,20,2,14,,4,,1,22,121.5272184,25.0373817