發生年度,發生月,發生日,發生時-Hours,發生分,處理別-編號,區序,肇事地點,死亡人數,2-30日死亡人數,受傷人數,當事人序號,車種,天候,道路照明設備,道路類別,速限-速度限制,道路型態,事故位置,路面狀況1,路面狀況2,路面狀況3,道路障礙1,道路障礙2,號誌1,號誌2,車道劃分-分向,車道劃分-分道1,車道劃分-分道2,車道劃分-分道3,事故類型及型態,性別,年齡,受傷程度,主要傷處,保護裝置,行動電話,車輛用途,當事者行動狀態,駕駛資格情形,駕駛執照種類,飲酒情形,車輛撞擊部位1,車輛撞擊部位2,肇因碼-個別,肇因碼-主要,個人肇逃否,職業,座標-X,座標-Y
113,11,6,16,58,2,05中正區,中正區仁愛路2段38巷與杭州南路1段101巷口,0,0,1,2,B03,7,5,5,30,4,1,1,5,4,5,13,4,4,10,5,5,1,15,1,27,3,10,7,1,7,9,1,8,2,8,,44,,1,22,121.5272184,25.0373817
113,11,6,17,14,2,12內湖區,內湖區行善路與民權東路6段56弄口,0,0,1,1,B03,7,5,5,50,4,1,1,5,4,5,13,1,1,1,5,5,2,17,1,69,3,10,7,1,7,5,1,10,2,5,,8,,1,21,121.5856233,25.0663524
113,11,6,17,14,2,12內湖區,內湖區行善路與民權東路6段56弄口,0,0,1,2,C03,7,5,5,50,4,1,1,5,4,5,13,1,1,1,5,5,2,17,1,42,2,9,5,1,7,9,1,10,2,11,,44,,1,21,121.5856233,25.0663524
113,11,6,17,18,2,03中山區,中山區長安東路1段與長安東路1段30巷口,0,0,1,1,B01,7,5,5,50,4,1,1,5,4,5,13,2,1,5,4,5,2,17,1,37,3,10,3,4,7,5,1,4,2,2,,74,,1,21,121.5263811,25.04869801
113,11,6,17,18,2,03中山區,中山區長安東路1段與長安東路1段30巷口,0,0,1,2,C03,7,5,5,50,4,1,1,5,4,5,13,2,1,5,4,5,2,17,2,23,2,9,6,4,7,9,1,10,2,11,,44,,1,21,121.5263811,25.04869801
113,11,6,17,26,2,04大安區,大安區永康街與潮州街口,0,0,1,1,C03,7,5,6,30,4,1,1,5,4,5,13,4,4,10,5,5,2,15,1,46,2,7,3,4,7,9,1,9,1,11,,72,,1,21,121.5296118,25.0283825
113,11,6,17,26,2,04大安區,大安區永康街與潮州街口,0,0,1,2,B03,7,5,6,30,4,1,1,5,4,5,13,4,4,10,5,5,2,15,1,60,3,10,3,4,7,9,1,8,1,5,,44,,1,21,121.5296118,25.0283825
113,11,6,17,28,2,01大同區,大同區承德路2段與民生西路口,0,0,2,1,C03,7,5,5,50,4,4,1,5,4,5,13,2,1,1,4,5,2,17,2,63,2,9,5,4,7,9,1,10,1,11,,16,,1,21,121.5184835,25.0565022
113,11,6,17,28,2,01大同區,大同區承德路2段與民生西路口,0,0,2,2,C03,7,5,5,50,4,4,1,5,4,5,13,2,1,1,4,5,2,17,1,52,3,10,5,4,7,9,1,10,1,13,,44,,1,21,121.5184835,25.0565022
113,11,6,17,28,2,01大同區,大同區承德路2段與民生西路口,0,0,2,3,H02,7,5,5,50,4,4,1,5,4,5,13,2,1,1,4,5,2,17,2,30,2,9,5,5,7,20,8,20,10,16,,67,,1,21,121.5184835,25.0565022
113,11,6,17,39,2,03中山區,中山區建國北路3段95號,0,0,1,1,B03,7,5,5,30,14,9,1,5,4,5,13,4,4,10,4,5,2,12,1,69,3,10,7,1,7,15,1,8,2,8,,80,,1,22,121.5364151,25.0658828
113,11,6,17,39,2,03中山區,中山區建國北路3段95號,0,0,1,2,C04,7,5,5,30,14,9,1,5,4,5,13,4,4,10,4,5,2,12,1,69,2,9,5,1,7,1,1,10,2,13,,19,,1,22,121.5364151,25.0658828
113,11,6,17,40,2,12內湖區,內湖區民權東路6段50號,0,0,2,1,C03,8,5,5,50,14,7,1,5,4,5,13,4,4,1,4,4,2,12,2,30,2,8,6,1,7,7,1,10,2,14,,100,,1,23,121.5832827,25.0684475
113,11,6,17,40,2,12內湖區,內湖區民權東路6段50號,0,0,2,2,C03,8,5,5,50,14,7,1,5,4,5,13,4,4,1,4,4,2,12,1,22,2,9,6,1,7,9,1,10,2,11,,42,,1,22,121.5832827,25.0684475
113,11,6,17,42,2,05中正區,中正區羅斯福路1段52號,0,0,1,1,A02,8,6,5,50,14,9,1,5,4,5,13,4,4,1,4,5,2,9,1,44,3,10,7,1,7,9,1,2,11,17,,44,,1,21,121.519425,25.03100748
113,11,6,17,42,2,05中正區,中正區羅斯福路1段52號,0,0,1,2,H02,8,6,5,50,14,9,1,5,4,5,13,4,4,1,4,5,2,9,2,59,2,8,3,5,7,20,8,20,10,16,,67,,1,21,121.519425,25.03100748
113,11,6,17,55,2,07信義區,信義區吳興街156巷69號,0,0,1,1,C03,7,5,8,30,14,9,1,5,4,5,13,2,1,9,5,5,2,18,1,29,2,9,3,4,7,9,1,10,1,14,,44,,1,21,121.5589754,25.0283126
113,11,6,17,55,2,07信義區,信義區吳興街156巷69號,0,0,1,2,,7,5,8,30,14,9,1,5,4,5,13,2,1,9,5,5,2,18,3,0,,,,,,,,,,,,67,,1,,121.5589754,25.0283126
113,11,6,18,1,2,05中正區,中正區重慶南路3段2號,0,0,1,2,C03,7,5,5,50,14,9,1,5,4,5,13,4,4,1,4,5,2,12,1,24,3,10,5,1,7,9,1,9,1,14,,44,,1,22,121.5153259,25.0293522
113,11,6,18,1,2,05中正區,中正區重慶南路3段2號,0,0,1,1,C03,7,5,5,50,14,9,1,5,4,5,13,4,4,1,4,5,2,12,2,48,2,7,5,1,7,8,1,10,9,12,,100,,1,22,121.5153259,25.0293522
113,11,6,18,7,2,04大安區,大安區和平東路3段170號,0,0,1,1,C03,6,5,5,50,14,9,1,4,4,5,13,4,4,1,4,5,2,12,1,21,2,9,6,1,7,7,1,10,1,13,,100,,1,21,121.5532786,25.0236268
113,11,6,18,7,2,04大安區,大安區和平東路3段170號,0,0,1,2,B02,6,5,5,50,14,9,1,4,4,5,13,4,4,1,4,5,2,12,1,41,3,10,7,1,7,9,1,8,1,5,,13,,1,21,121.5532786,25.0236268
113,11,6,18,10,2,12內湖區,內湖區金莊路與金豐街口,0,0,1,1,B03,8,5,5,50,4,2,1,5,4,5,13,2,1,5,5,5,2,17,1,33,3,10,7,1,7,6,1,8,1,5,,9,,1,21,121.5875243,25.06497068
113,11,6,18,10,2,12內湖區,內湖區金莊路與金豐街口,0,0,1,2,C03,8,5,5,50,4,2,1,5,4,5,13,2,1,5,5,5,2,17,1,25,2,8,5,1,7,9,1,10,1,14,,107,,1,21,121.5875243,25.06497068
113,11,6,18,48,2,05中正區,中正區中華路2段與愛國西路口,0,0,2,1,C03,8,5,5,50,5,1,1,5,4,5,13,1,1,1,4,5,2,13,2,20,2,9,5,4,7,9,1,10,1,11,,99,,1,21,121.5069269,25.0370122
113,11,6,18,48,2,05中正區,中正區中華路2段與愛國西路口,0,0,2,2,C03,8,5,5,50,5,1,1,5,4,5,13,1,1,1,4,5,2,13,2,45,2,9,5,4,7,6,1,10,1,13,,44,,1,21,121.5069269,25.0370122
113,11,6,18,50,2,05中正區,中正區忠孝東路1段與天津街口,0,0,1,1,B03,7,5,5,50,4,1,1,5,4,5,13,1,1,1,3,5,2,2,1,34,4,11,3,4,7,6,1,8,11,1,,70,,1,21,121.5217056,25.0453889
113,11,6,18,50,2,05中正區,中正區忠孝東路1段與天津街口,0,0,1,2,H01,7,5,5,50,4,1,1,5,4,5,13,1,1,1,3,5,2,2,2,29,2,7,4,5,8,16,8,20,10,16,,67,,1,21,121.5217056,25.0453889
113,11,6,19,15,2,06松山區,松山區北寧路與北寧路60巷口,0,0,2,1,C03,7,5,5,50,3,1,1,5,4,5,13,4,4,5,4,5,2,16,2,50,2,9,6,1,7,5,1,10,1,12,,74,,1,21,121.5527221,25.0508075
113,11,6,19,15,2,06松山區,松山區北寧路與北寧路60巷口,0,0,2,2,C03,7,5,5,50,3,1,1,5,4,5,13,4,4,5,4,5,2,16,1,43,2,9,6,1,7,9,1,10,1,11,,14,,1,21,121.5527221,25.0508075
113,11,6,19,20,2,03中山區,中山區復興北路420號,0,0,1,2,C03,8,5,5,50,14,9,1,5,4,5,13,4,4,1,4,5,2,17,1,24,2,9,6,1,7,9,1,9,1,14,,44,,1,21,121.544143,25.062755
113,11,6,19,20,2,03中山區,中山區復興北路420號,0,0,1,1,,8,5,5,50,14,9,1,5,4,5,13,4,4,1,4,5,2,17,4,0,4,11,3,4,7,8,7,19,11,17,,119,,2,21,121.544143,25.062755
113,11,6,19,22,2,02萬華區,萬華區西園路2段與西園路2段11巷口,0,0,1,1,B01,7,5,5,50,5,1,1,5,4,5,13,2,1,1,3,5,1,16,1,69,3,10,3,4,7,5,1,4,9,4,,8,,1,22,121.4972846,25.0318778
113,11,6,19,22,2,02萬華區,萬華區西園路2段與西園路2段11巷口,0,0,1,2,C03,7,5,5,50,5,1,1,5,4,5,13,2,1,1,3,5,1,16,1,23,2,9,3,4,7,9,1,10,9,12,,42,,1,22,121.4972846,25.0318778
113,11,6,19,27,2,07信義區,信義區信義路5段與基隆路2段口,0,0,1,1,B03,7,5,5,50,4,2,1,5,4,5,13,1,1,1,4,5,2,17,1,29,3,10,7,1,7,11,1,8,1,4,,10,,1,21,121.5593522,25.0327365
113,11,6,19,27,2,07信義區,信義區信義路5段與基隆路2段口,0,0,1,2,C03,7,5,5,50,4,2,1,5,4,5,13,1,1,1,4,5,2,17,1,21,2,8,6,1,7,5,1,10,1,12,,44,,1,21,121.5593522,25.0327365
113,11,6,19,53,2,05中正區,中正區博愛路與武昌街1段口,0,0,2,2,C03,8,5,5,50,4,1,1,5,4,5,13,2,1,10,4,5,2,16,2,23,2,9,5,1,7,9,1,10,1,12,,44,,1,22,121.5114976,25.0440297
113,11,6,19,53,2,05中正區,中正區博愛路與武昌街1段口,0,0,2,1,C03,8,5,5,50,4,1,1,5,4,5,13,2,1,10,4,5,2,16,2,27,2,9,5,1,7,5,3,18,1,14,,8,,1,22,121.5114976,25.0440297
113,11,6,21,20,2,08士林區,士林區士東路190號對面,0,0,1,1,B03,7,5,5,50,14,9,1,5,4,5,13,4,4,1,4,5,2,17,2,39,3,10,7,1,7,1,1,8,1,8,,19,,1,21,121.5330078,25.1127265
113,11,6,21,20,2,08士林區,士林區士東路190號對面,0,0,1,2,C03,7,5,5,50,14,9,1,5,4,5,13,4,4,1,4,5,2,17,2,20,2,9,6,1,7,9,1,10,1,11,,108,,1,21,121.5330078,25.1127265
113,11,6,21,32,2,06松山區,松山區民權東路3段與復興北路口,0,0,2,1,B03,7,5,5,50,4,1,1,5,4,5,13,1,1,3,4,5,2,16,1,35,3,10,7,1,7,6,1,8,1,2,,9,,1,21,121.5444276,25.0623219
113,11,6,21,32,2,06松山區,松山區民權東路3段與復興北路口,0,0,2,2,C03,7,5,5,50,4,1,1,5,4,5,13,1,1,3,4,5,2,16,1,29,2,9,6,1,7,9,1,10,1,11,,44,,1,21,121.5444276,25.0623219
113,11,6,21,32,2,06松山區,松山區民權東路3段與復興北路口,0,0,2,3,H02,7,5,5,50,4,1,1,5,4,5,13,1,1,3,4,5,2,16,2,23,2,9,6,5,7,21,8,20,10,16,,67,,1,21,121.5444276,25.0623219
113,11,6,21,40,2,02萬華區,萬華區堤外便道與長順街口底水門口,0,0,1,1,C03,8,5,5,40,3,1,1,5,4,5,13,1,1,9,4,5,1,17,2,76,4,11,3,4,7,5,3,18,9,11,,74,,2,22,121.4885252,25.0324544
113,11,6,21,40,2,02萬華區,萬華區堤外便道與長順街口底水門口,0,0,1,2,C03,8,5,5,40,3,1,1,5,4,5,13,1,1,9,4,5,1,17,2,21,2,8,5,1,7,9,1,10,1,11,,44,,1,21,121.4885252,25.0324544
113,11,6,21,41,2,05中正區,中正區林森北路與北平東路口,0,0,1,1,B03,8,5,5,50,14,9,1,5,4,5,13,4,4,9,4,5,2,13,1,56,3,10,7,1,7,9,1,8,1,8,,17,,1,22,121.5238566,25.0467839
113,11,6,21,41,2,05中正區,中正區林森北路與北平東路口,0,0,1,2,C03,8,5,5,50,14,9,1,5,4,5,13,4,4,9,4,5,2,13,1,32,2,7,5,1,7,9,1,10,1,13,,17,,1,22,121.5238566,25.0467839
113,11,6,21,41,2,05中正區,中正區林森北路與北平東路口,0,0,1,3,B03,8,5,5,50,14,9,1,5,4,5,13,4,4,9,4,5,2,13,1,47,3,10,7,1,7,9,1,8,1,2,,44,,1,22,121.5238566,25.0467839
113,11,6,22,7,2,06松山區,松山區南京東路5段23巷與南京東路5段23巷9弄口,0,0,2,1,C03,7,5,5,30,4,1,1,5,4,5,13,4,4,10,5,5,2,15,2,17,2,8,6,1,7,9,2,18,2,14,,72,,1,22,121.5580212,25.0526177
113,11,6,22,7,2,06松山區,松山區南京東路5段23巷與南京東路5段23巷9弄口,0,0,2,2,C03,7,5,5,30,4,1,1,5,4,5,13,4,4,10,5,5,2,15,1,29,2,9,6,1,7,9,1,10,2,11,,107,,1,21,121.5580212,25.0526177
113,11,6,22,7,2,06松山區,松山區南京東路5段23巷與南京東路5段23巷9弄口,0,0,2,3,C03,7,5,5,30,4,1,1,5,4,5,13,4,4,10,5,5,2,15,2,50,3,10,3,4,7,13,7,19,11,13,,44,,1,22,121.5580212,25.0526177
113,11,6,22,7,2,06松山區,松山區南京東路5段23巷與南京東路5段23巷9弄口,0,0,2,4,C03,7,5,5,30,4,1,1,5,4,5,13,4,4,10,5,5,2,15,2,46,3,10,3,4,7,13,7,19,11,14,,44,,1,22,121.5580212,25.0526177
113,11,6,22,30,2,01大同區,大同區重慶北路2段49號,0,0,1,1,C04,8,5,5,50,14,9,1,5,4,5,13,2,1,8,3,5,2,13,2,31,2,7,6,1,7,1,1,10,1,11,,108,,1,21,121.5143386,25.0553175
113,11,6,22,30,2,01大同區,大同區重慶北路2段49號,0,0,1,2,C03,8,5,5,50,14,9,1,5,4,5,13,2,1,8,3,5,2,13,1,23,3,10,6,1,7,14,1,10,1,13,,44,,1,21,121.5143386,25.0553175
113,11,6,22,48,2,07信義區,信義區嘉興街181巷7號,0,0,2,1,C03,7,5,8,50,14,9,1,5,4,5,13,4,4,9,5,5,2,3,2,,2,8,3,4,7,9,1,10,1,11,,108,,1,21,121.5567722,25.0262429
113,11,6,22,48,2,07信義區,信義區嘉興街181巷7號,0,0,2,2,H01,7,5,8,50,14,9,1,5,4,5,13,4,4,9,5,5,2,3,2,31,2,8,4,5,8,16,8,20,1,16,,121,,1,21,121.5567722,25.0262429
113,11,6,23,22,2,02萬華區,萬華區成都路12號,0,0,1,1,B01,7,5,5,50,14,9,1,5,4,5,13,4,4,10,4,5,2,12,1,53,3,10,3,4,7,1,1,4,1,2,,19,,1,21,121.5071592,25.0424554
113,11,6,23,22,2,02萬華區,萬華區成都路12號,0,0,1,2,C03,7,5,5,50,14,9,1,5,4,5,13,4,4,10,4,5,2,12,1,39,2,9,6,1,7,9,1,10,1,14,,108,,1,22,121.5071592,25.0424554
113,11,6,23,22,2,02萬華區,萬華區成都路12號,0,0,1,3,B01,7,5,5,50,14,9,1,5,4,5,13,4,4,10,4,5,2,12,1,48,3,10,3,4,7,14,1,4,1,17,,38,,1,21,121.5071592,25.0424554
113,11,6,23,46,2,08士林區,士林區中正路與中正路口迴轉道,0,0,2,1,C03,7,5,5,50,3,1,1,5,4,5,13,4,4,10,4,5,2,17,1,19,2,9,6,1,7,5,1,10,1,12,,72,,1,25,121.5096825,25.0867005
113,11,6,23,46,2,08士林區,士林區中正路與中正路口迴轉道,0,0,2,2,C03,7,5,5,50,3,1,1,5,4,5,13,4,4,10,4,5,2,17,1,25,2,9,6,1,7,9,1,10,1,14,,44,,1,26,121.5096825,25.0867005
113,11,7,6,42,2,10文山區,文山區羅斯福路6段159巷與三福街5巷口,0,0,2,1,C03,7,6,5,30,4,1,1,5,4,5,13,4,4,10,5,5,2,15,2,56,2,9,6,1,7,9,1,10,2,14,,72,,1,21,121.5412237,24.9972496
113,11,7,6,42,2,10文山區,文山區羅斯福路6段159巷與三福街5巷口,0,0,2,2,C03,7,6,5,30,4,1,1,5,4,5,13,4,4,10,5,5,2,15,1,42,2,9,6,1,7,9,1,10,2,11,,14,,1,21,121.5412237,24.9972496
113,11,7,7,10,2,09北投區,北投區中央北路4段30巷1203975號燈桿,0,0,1,1,C03,8,5,5,30,11,9,1,5,4,5,13,4,4,10,5,5,2,10,1,71,2,9,5,1,7,9,1,10,1,11,,44,,1,21,121.4761628,25.13706402
113,11,7,7,10,2,09北投區,北投區中央北路4段30巷1203975號燈桿,0,0,1,2,B03,8,5,5,30,11,9,1,5,4,5,13,4,4,10,5,5,2,10,1,36,3,10,7,1,7,9,1,8,1,8,,5,,1,21,121.4761628,25.13706402
113,11,7,7,13,2,06松山區,松山區塔悠路與撫遠街399巷口,0,0,1,1,B03,7,6,5,30,3,1,1,5,4,5,13,4,4,1,4,4,2,16,2,56,3,10,7,1,7,6,1,8,1,4,,72,,1,21,121.5677734,25.06572828
113,11,7,7,13,2,06松山區,松山區塔悠路與撫遠街399巷口,0,0,1,2,C03,7,6,5,30,3,1,1,5,4,5,13,4,4,1,4,4,2,16,2,23,2,9,5,1,7,9,1,10,1,11,,13,,1,21,121.5677734,25.06572828
113,11,7,7,22,2,11南港區,南港區忠孝東路7段與向陽路口,0,0,1,1,C03,6,7,5,50,5,2,1,4,4,5,13,2,1,1,4,5,2,16,4,0,,,,,,,,,,,,119,,2,,121.5957395,25.0509213
113,11,7,7,22,2,11南港區,南港區忠孝東路7段與向陽路口,0,0,1,2,C03,6,7,5,50,5,2,1,4,4,5,13,2,1,1,4,5,2,16,1,26,2,8,6,4,7,6,1,10,1,13,,44,,1,21,121.5957395,25.0509213
113,11,7,7,33,2,06松山區,松山區八德路3段155巷與八德路3段155巷20弄口,0,0,1,1,C03,7,6,5,30,4,1,1,4,4,5,13,4,4,10,5,5,2,15,1,49,2,9,5,1,7,9,1,10,1,14,,72,,1,21,121.5550932,25.0492175
113,11,7,7,33,2,06松山區,松山區八德路3段155巷與八德路3段155巷20弄口,0,0,1,2,B01,7,6,5,30,4,1,1,4,4,5,13,4,4,10,5,5,2,15,1,61,3,10,7,1,7,9,1,4,1,1,,14,,1,21,121.5550932,25.0492175
113,11,7,8,3,2,10文山區,文山區興隆路4段165巷55號,0,0,1,1,B03,7,7,5,30,14,9,1,5,4,5,13,4,4,5,5,5,2,15,2,57,3,10,7,1,7,1,1,8,1,1,,19,,1,21,121.5644505,24.9844545
113,11,7,8,3,2,10文山區,文山區興隆路4段165巷55號,0,0,1,2,C03,7,7,5,30,14,9,1,5,4,5,13,4,4,5,5,5,2,15,1,28,2,9,6,1,7,9,1,10,1,12,,44,,1,21,121.5644505,24.9844545
113,11,7,8,3,2,10文山區,文山區興隆路4段165巷55號,0,0,1,3,B02,7,7,5,30,14,9,1,5,4,5,13,4,4,5,5,5,2,15,1,42,3,10,7,1,7,14,1,8,1,17,,38,,1,21,121.5644505,24.9844545
113,11,7,8,10,2,06松山區,松山區民權東路3段與民權東路3段106巷口,0,0,1,1,B03,6,5,5,50,3,1,1,4,4,5,13,4,4,9,4,5,2,17,2,19,3,10,7,1,7,9,1,8,1,4,,102,,1,21,121.5449156,25.0620264
113,11,7,8,10,2,06松山區,松山區民權東路3段與民權東路3段106巷口,0,0,1,2,C03,6,5,5,50,3,1,1,4,4,5,13,4,4,9,4,5,2,17,2,37,2,8,6,1,7,9,1,10,1,12,,44,,1,21,121.5449156,25.0620264
113,11,7,8,10,2,06松山區,松山區民權東路3段與民權東路3段106巷口,0,0,1,3,C03,6,5,5,50,3,1,1,4,4,5,13,4,4,9,4,5,2,17,2,48,3,10,6,1,7,1,1,10,9,17,,19,,1,21,121.5449156,25.0620264
113,11,7,8,10,2,06松山區,松山區民權東路3段與民權東路3段106巷口,0,0,1,4,C03,6,5,5,50,3,1,1,4,4,5,13,4,4,9,4,5,2,17,1,53,3,10,6,1,7,15,1,10,9,12,,114,,1,21,121.5449156,25.0620264
113,11,7,8,15,2,09北投區,北投區中央北路4段與中央北路4段316巷口,0,0,2,1,C04,7,7,5,50,3,2,1,5,4,5,13,2,1,4,2,5,2,16,1,31,2,7,5,1,7,5,1,11,1,14,,8,,1,22,121.4726691,25.1308415
113,11,7,8,15,2,09北投區,北投區中央北路4段與中央北路4段316巷口,0,0,2,2,C03,7,7,5,50,3,2,1,5,4,5,13,2,1,4,2,5,2,16,1,34,2,9,5,1,7,9,1,10,1,14,,44,,1,21,121.4726691,25.1308415
113,11,7,8,18,2,07信義區,信義區莊敬路325巷8號,0,0,1,1,F01,6,5,5,50,14,9,1,4,4,5,13,4,4,9,4,5,2,18,1,39,2,9,4,1,7,9,8,20,1,14,,116,,1,22,121.5639794,25.0283298
113,11,7,8,18,2,07信義區,信義區莊敬路325巷8號,0,0,1,2,,6,5,5,50,14,9,1,4,4,5,13,4,4,9,4,5,2,18,3,,,,,,,,,,,,,67,,1,,121.5639794,25.0283298
113,11,7,8,20,2,01大同區,大同區長安西路與塔城街口,0,0,1,1,C03,7,7,5,50,4,2,1,5,4,5,13,2,1,5,4,5,2,17,2,28,3,10,3,4,7,15,1,10,1,12,,4,,1,21,121.5103868,25.0520258
113,11,7,8,20,2,01大同區,大同區長安西路與塔城街口,0,0,1,2,C03,7,7,5,50,4,2,1,5,4,5,13,2,1,5,4,5,2,17,2,46,2,9,3,4,7,5,1,10,1,14,,44,,1,21,121.5103868,25.0520258
113,11,7,9,1,2,07信義區,信義區信安街67巷81號,0,0,1,1,B03,6,6,5,50,14,11,1,4,4,5,13,4,4,8,3,4,2,17,1,32,3,10,3,4,7,15,1,8,1,1,,101,,1,21,121.560236,25.0258926
113,11,7,9,1,2,07信義區,信義區信安街67巷81號,0,0,1,2,C03,6,6,5,50,14,11,1,4,4,5,13,4,4,8,3,4,2,17,1,23,2,9,3,4,7,9,1,10,1,14,,13,,1,21,121.560236,25.0258926
113,11,7,9,5,2,05中正區,中正區懷寧街與貴陽街1段口,0,0,1,1,C03,6,6,5,50,3,1,1,4,4,5,13,4,4,5,5,5,2,16,2,54,2,9,6,4,7,15,1,11,2,12,,4,,1,22,121.513659,25.03871262
113,11,7,9,5,2,05中正區,中正區懷寧街與貴陽街1段口,0,0,1,2,B03,6,6,5,50,3,1,1,4,4,5,13,4,4,5,5,5,2,16,1,46,3,10,7,4,7,5,1,8,2,4,,42,,1,22,121.513659,25.03871262
113,11,7,9,23,2,10文山區,文山區保儀路26巷1之2號,0,0,1,1,F01,8,7,5,30,14,9,1,5,4,5,13,4,4,10,5,5,2,12,1,19,3,10,3,4,7,7,8,20,1,11,,101,,1,22,121.5681653,24.9882724
113,11,7,9,23,2,10文山區,文山區保儀路26巷1之2號,0,0,1,2,C04,8,7,5,30,14,9,1,5,4,5,13,4,4,10,5,5,2,12,2,63,2,9,5,1,7,9,1,11,1,12,,44,,1,22,121.5681653,24.9882724
113,11,7,9,35,2,02萬華區,萬華區內江街87號,0,0,1,1,A06,7,6,5,50,14,9,1,5,4,5,13,4,4,10,3,5,2,14,1,53,3,10,3,4,7,2,1,6,1,5,,12,,1,22,121.5037528,25.04164445
113,11,7,9,35,2,02萬華區,萬華區內江街87號,0,0,1,2,C03,7,6,5,50,14,9,1,5,4,5,13,4,4,10,3,5,2,14,2,45,2,9,3,4,7,9,1,10,1,14,,108,,1,22,121.5037528,25.04164445
113,11,7,10,4,2,02萬華區,萬華區國興路12號(對面),0,0,1,1,A02,7,7,5,30,14,9,1,5,4,5,13,4,4,5,2,5,2,9,1,50,3,10,7,1,7,1,1,2,1,17,,44,,1,21,121.5088134,25.02461001
113,11,7,10,4,2,02萬華區,萬華區國興路12號(對面),0,0,1,2,H02,7,7,5,30,14,9,1,5,4,5,13,4,4,5,2,5,2,9,2,77,2,1,4,5,7,20,8,20,10,16,,67,,1,21,121.5088134,25.02461001
113,11,7,10,28,2,01大同區,大同區鄭州路79號,0,0,1,1,C01,6,6,5,40,14,9,1,4,4,5,13,4,4,10,5,5,2,13,1,22,2,7,6,1,7,9,1,9,2,11,,16,,1,21,121.512571,25.0497743
113,11,7,10,28,2,01大同區,大同區鄭州路79號,0,0,1,2,B12,6,6,5,40,14,9,1,4,4,5,13,4,4,10,5,5,2,13,1,52,3,10,7,1,7,14,1,8,2,7,,44,,1,21,121.512571,25.0497743
113,11,7,11,20,2,11南港區,南港區重陽路與重陽路199巷口,0,0,2,1,B03,6,6,5,50,3,1,1,4,4,5,13,3,1,5,4,4,2,16,1,67,2,7,7,1,7,11,1,8,2,8,,10,,1,21,121.5997794,25.056924
113,11,7,11,20,2,11南港區,南港區重陽路與重陽路199巷口,0,0,2,2,C03,6,6,5,50,3,1,1,4,4,5,13,3,1,5,4,4,2,16,1,58,2,9,6,1,7,9,1,10,2,12,,14,,1,21,121.5997794,25.056924
113,11,7,11,32,2,12內湖區,內湖區金湖路與金湖路47巷口,0,0,2,1,C03,6,6,5,50,4,2,1,4,4,5,13,2,1,1,4,5,2,17,1,50,2,6,5,1,7,6,1,10,1,12,,9,,1,21,121.596635,25.08231985
113,11,7,11,32,2,12內湖區,內湖區金湖路與金湖路47巷口,0,0,2,2,C03,6,6,5,50,4,2,1,4,4,5,13,2,1,1,4,5,2,17,1,19,2,8,5,1,7,9,1,10,1,11,,44,,1,21,121.596635,25.08231985
113,11,7,12,3,2,05中正區,中正區和平西路1段與南昌路2段口,0,0,1,1,B12,7,6,5,50,5,1,1,5,4,5,13,1,1,1,4,5,2,16,1,30,3,10,7,1,7,5,1,8,1,2,,74,,1,21,121.5209848,25.0268704
113,11,7,12,3,2,05中正區,中正區和平西路1段與南昌路2段口,0,0,1,2,C03,7,6,5,50,5,1,1,5,4,5,13,1,1,1,4,5,2,16,1,40,2,9,5,1,7,9,1,10,1,11,,44,,1,21,121.5209848,25.0268704
113,11,7,12,14,2,05中正區,中正區臨沂街62-12號,0,0,1,1,H01,7,7,5,30,14,9,1,5,4,5,13,4,4,10,5,5,2,2,2,72,3,10,4,5,8,16,8,20,9,16,,42,,1,21,121.5278672,25.0346717
113,11,7,12,14,2,05中正區,中正區臨沂街62-12號,0,0,1,2,C03,7,7,5,30,14,9,1,5,4,5,13,4,4,10,5,5,2,2,2,49,2,8,5,1,7,9,1,10,2,17,,42,,1,21,121.5278672,25.0346717
113,11,7,12,35,2,02萬華區,萬華區青年路10號,0,0,2,1,C03,7,7,5,30,14,9,1,5,4,5,13,4,4,8,3,5,1,17,2,51,2,8,3,4,7,2,1,10,1,12,,12,,1,22,121.5059703,25.0259075
113,11,7,12,35,2,02萬華區,萬華區青年路10號,0,0,2,2,C03,7,7,5,30,14,9,1,5,4,5,13,4,4,8,3,5,1,17,2,35,2,9,3,4,7,9,1,10,1,11,,16,,1,22,121.5059703,25.0259075
113,11,7,12,58,2,06松山區,松山區市民大道5段與東興路口,0,0,2,1,C03,6,7,5,50,4,1,1,4,4,5,13,2,1,5,2,5,2,17,1,25,2,9,5,1,7,9,1,10,1,11,,99,,1,21,121.5656967,25.0483449
113,11,7,12,58,2,06松山區,松山區市民大道5段與東興路口,0,0,2,2,C03,6,7,5,50,4,1,1,4,4,5,13,2,1,5,2,5,2,17,1,49,2,9,6,1,7,15,1,10,1,12,,44,,1,21,121.5656967,25.0483449
113,11,7,13,0,2,05中正區,中正區南昌路1段與南海路口口,0,0,1,1,C03,7,6,5,30,4,1,2,4,4,1,11,1,1,10,4,5,1,17,1,29,2,7,6,1,7,9,1,10,2,11,,16,,1,21,121.5169044,25.032397
113,11,7,13,0,2,05中正區,中正區南昌路1段與南海路口口,0,0,1,2,B03,7,6,5,30,4,1,2,4,4,1,11,1,1,10,4,5,1,17,2,41,3,10,7,1,7,15,1,8,2,3,,44,,1,21,121.5169044,25.032397