發生年度,發生月,發生日,發生時-Hours,發生分,處理別-編號,區序,肇事地點,死亡人數,2-30日死亡人數,受傷人數,當事人序號,車種,天候,道路照明設備,道路類別,速限-速度限制,道路型態,事故位置,路面狀況1,路面狀況2,路面狀況3,道路障礙1,道路障礙2,號誌1,號誌2,車道劃分-分向,車道劃分-分道1,車道劃分-分道2,車道劃分-分道3,事故類型及型態,性別,年齡,受傷程度,主要傷處,保護裝置,行動電話,車輛用途,當事者行動狀態,駕駛資格情形,駕駛執照種類,飲酒情形,車輛撞擊部位1,車輛撞擊部位2,肇因碼-個別,肇因碼-主要,個人肇逃否,職業,座標-X,座標-Y
113,11,7,13,20,2,03中山區,中山區松江路與松江路313巷口,0,0,1,1,B03,6,7,5,50,3,2,1,4,4,5,13,4,4,1,4,5,2,12,1,29,3,10,3,4,7,7,1,8,2,4,,100,,1,21,121.5332949,25.061846
113,11,7,13,20,2,03中山區,中山區松江路與松江路313巷口,0,0,1,2,C03,6,7,5,50,3,2,1,4,4,5,13,4,4,1,4,5,2,12,1,54,2,8,6,4,7,15,1,9,2,12,,107,,1,21,121.5332949,25.061846
113,11,7,13,20,2,03中山區,中山區松江路與松江路313巷口,0,0,1,3,B12,6,7,5,50,3,2,1,4,4,5,13,4,4,1,4,5,2,12,1,45,3,10,3,4,7,9,1,8,2,1,,107,,1,21,121.5332949,25.061846
113,11,7,13,40,2,08士林區,士林區文昌路與美崙街口,0,0,1,1,B03,7,5,5,30,4,1,1,5,4,5,13,2,1,5,4,5,1,17,2,68,3,10,7,1,7,5,1,8,1,5,,74,,1,21,121.5208366,25.0968629
113,11,7,13,40,2,08士林區,士林區文昌路與美崙街口,0,0,1,2,C03,7,5,5,30,4,1,1,5,4,5,13,2,1,5,4,5,1,17,1,22,2,9,6,1,7,9,3,18,1,12,,13,,1,21,121.5208366,25.0968629
113,11,7,13,50,2,08士林區,士林區中山北路5段250號,0,0,1,1,C03,7,6,5,50,14,9,1,5,4,5,13,1,1,5,4,5,2,13,2,57,2,9,3,4,7,9,1,10,2,11,,108,,1,21,121.5271138,25.08792944
113,11,7,13,50,2,08士林區,士林區中山北路5段250號,0,0,1,2,C03,7,6,5,50,14,9,1,5,4,5,13,1,1,5,4,5,2,13,1,26,3,10,3,4,7,12,1,10,2,13,,44,,1,21,121.5271138,25.08792944
113,11,7,14,44,2,07信義區,信義區永吉路30巷101弄與永吉路30巷口口,0,0,1,1,B03,8,6,8,30,4,1,1,5,4,5,13,4,4,9,4,5,2,17,2,20,3,10,7,1,7,5,1,8,1,2,,72,,1,22,121.568755,25.0435631
113,11,7,14,44,2,07信義區,信義區永吉路30巷101弄與永吉路30巷口口,0,0,1,2,C03,8,6,8,30,4,1,1,5,4,5,13,4,4,9,4,5,2,17,1,23,2,9,6,1,7,9,1,10,1,11,,13,,1,22,121.568755,25.0435631
113,11,7,14,49,2,07信義區,信義區松德路169巷與松德路133巷口,0,0,2,2,C03,7,7,5,30,4,1,1,5,4,5,13,4,4,10,5,5,2,15,1,68,2,8,3,4,7,9,1,10,2,11,,14,,1,22,121.575912,25.0363698
113,11,7,14,49,2,07信義區,信義區松德路169巷與松德路133巷口,0,0,2,1,C03,7,7,5,30,4,1,1,5,4,5,13,4,4,10,5,5,2,15,2,51,2,8,3,4,7,9,1,10,2,11,,72,,1,22,121.575912,25.0363698
113,11,7,15,8,2,12內湖區,內湖區星雲街與康寧路1段106巷口,0,0,1,1,C03,6,6,5,30,4,1,1,4,4,5,13,4,4,10,5,5,2,17,1,76,3,10,5,1,7,1,1,10,1,17,,72,,1,21,121.5930148,25.0790754
113,11,7,15,8,2,12內湖區,內湖區星雲街與康寧路1段106巷口,0,0,1,2,C03,6,6,5,30,4,1,1,4,4,5,13,4,4,10,5,5,2,17,1,30,2,9,5,1,7,9,1,10,1,12,,13,,1,21,121.5930148,25.0790754
113,11,7,15,25,2,02萬華區,萬華區廣州街117號,0,0,1,1,B12,7,6,5,50,14,9,1,5,4,5,13,4,4,9,5,5,2,17,1,39,3,10,7,1,7,1,1,8,1,8,,19,,1,21,121.5028484,25.0364592
113,11,7,15,25,2,02萬華區,萬華區廣州街117號,0,0,1,2,C03,7,6,5,50,14,9,1,5,4,5,13,4,4,9,5,5,2,17,1,71,2,8,6,1,7,9,1,10,1,12,,44,,1,21,121.5028484,25.0364592
113,11,7,15,25,2,02萬華區,萬華區廣州街117號,0,0,1,3,B03,7,6,5,50,14,9,1,5,4,5,13,4,4,9,5,5,2,17,1,37,3,10,7,1,7,14,1,8,1,17,,38,,1,21,121.5028484,25.0364592
113,11,7,15,40,2,04大安區,大安區忠孝東路4段223巷與忠孝東路4段口,0,0,1,1,B03,7,7,5,50,4,2,1,5,4,5,13,2,1,5,4,5,2,2,1,43,3,10,7,1,7,5,1,8,1,1,,70,,1,21,121.5530702,25.0413455
113,11,7,15,40,2,04大安區,大安區忠孝東路4段223巷與忠孝東路4段口,0,0,1,2,H01,7,7,5,50,4,2,1,5,4,5,13,2,1,5,4,5,2,2,2,75,2,9,4,5,8,16,8,20,10,16,,67,,1,21,121.5530702,25.0413455
113,11,7,16,15,2,07信義區,信義區信義路6段與松德路133巷口,0,0,1,1,,8,7,8,30,4,1,1,5,4,5,13,2,1,9,4,5,1,18,3,43,,,,,,,,,10,,,128,,1,,121.5767582,25.0353537
113,11,7,16,15,2,07信義區,信義區信義路6段與松德路133巷口,0,0,1,2,C03,8,7,8,30,4,1,1,5,4,5,13,2,1,9,4,5,1,18,1,29,3,10,3,4,7,6,1,10,1,17,,44,,1,21,121.5767582,25.0353537
113,11,7,16,15,2,07信義區,信義區信義路6段與松德路133巷口,0,0,1,3,H01,8,7,8,30,4,1,1,5,4,5,13,2,1,9,4,5,1,18,2,48,2,9,4,5,8,17,8,20,10,16,,67,,1,21,121.5767582,25.0353537
113,11,7,16,42,2,05中正區,中正區中山南路與徐州路口,0,0,1,1,C03,7,6,8,50,22,22,1,5,4,5,13,2,1,1,4,1,2,17,1,42,2,9,6,1,7,12,1,10,1,14,,44,,1,21,121.5186115,25.0417892
113,11,7,16,42,2,05中正區,中正區中山南路與徐州路口,0,0,1,2,C03,7,6,8,50,22,22,1,5,4,5,13,2,1,1,4,1,2,17,1,19,4,11,5,1,7,6,7,19,11,17,,9,,2,22,121.5186115,25.0417892
113,11,7,17,19,2,06松山區,松山區健康路與南京東路5段123巷口,0,0,1,1,C03,6,5,5,50,3,1,1,4,4,5,13,1,1,1,3,5,2,15,2,25,4,11,5,1,7,9,1,10,2,11,,81,,1,22,121.5608952,25.0539419
113,11,7,17,19,2,06松山區,松山區健康路與南京東路5段123巷口,0,0,1,2,F01,6,5,5,50,3,1,1,4,4,5,13,1,1,1,3,5,2,15,2,77,2,1,3,1,7,9,8,20,1,14,,44,,1,22,121.5608952,25.0539419
113,11,7,17,19,2,09北投區,北投區文林北路與明德路口,0,0,1,1,C03,8,5,5,50,4,2,1,5,4,5,13,2,1,1,4,4,2,29,1,24,2,9,6,1,7,9,1,10,1,11,,42,,1,22,121.5166924,25.1058845
113,11,7,17,19,2,09北投區,北投區文林北路與明德路口,0,0,1,2,B03,8,5,5,50,4,2,1,5,4,5,13,2,1,1,4,4,2,29,3,48,,,,,,,,,1,,,67,,1,,121.5166924,25.1058845
113,11,7,17,21,2,03中山區,中山區遼寧街185巷與復興北路口,0,0,1,1,C03,7,5,5,50,4,1,1,5,4,5,13,2,1,5,5,5,2,13,1,48,2,8,6,1,7,9,1,10,1,11,,16,,1,21,121.5439142,25.0532898
113,11,7,17,21,2,03中山區,中山區遼寧街185巷與復興北路口,0,0,1,2,B03,7,5,5,50,4,1,1,5,4,5,13,2,1,5,5,5,2,13,2,65,3,10,7,1,7,6,1,8,1,3,,44,,1,21,121.5439142,25.0532898
113,11,7,17,29,2,09北投區,北投區大同街與光明路口,0,0,1,1,C03,7,5,5,30,4,1,1,5,4,5,13,4,4,10,5,5,2,3,1,64,3,10,6,1,7,9,1,10,9,11,,70,,1,26,121.4994231,25.1327049
113,11,7,17,29,2,09北投區,北投區大同街與光明路口,0,0,1,2,H01,7,5,5,30,4,1,1,5,4,5,13,4,4,10,5,5,2,3,2,50,2,9,4,5,8,16,8,20,10,16,,67,,1,26,121.4994231,25.1327049
113,11,7,17,30,2,10文山區,文山區新光路2段與新光路2段74巷口,0,0,1,1,C03,8,5,5,30,14,9,2,5,4,4,13,4,4,5,5,5,2,18,1,61,2,9,5,4,7,9,1,10,1,11,,13,,1,21,121.5941948,24.9964596
113,11,7,17,30,2,10文山區,文山區新光路2段與新光路2段74巷口,0,0,1,2,,8,5,5,30,14,9,2,5,4,4,13,4,4,5,5,5,2,18,3,0,,,,,,,,,,,,129,,1,,121.5941948,24.9964596
113,11,7,17,41,2,04大安區,大安區四維路170巷與和平東路3段1巷口,0,0,1,1,C03,7,5,5,40,3,1,1,5,4,5,13,4,4,5,2,5,2,16,1,60,2,9,3,4,7,11,1,10,1,11,,99,,1,21,121.5468876,25.0282391
113,11,7,17,41,2,04大安區,大安區四維路170巷與和平東路3段1巷口,0,0,1,2,C03,7,5,5,40,3,1,1,5,4,5,13,4,4,5,2,5,2,16,1,46,3,10,3,4,7,5,1,10,1,11,,44,,1,21,121.5468876,25.0282391
113,11,7,17,46,2,03中山區,中山區敬業一路與敬業一路36巷口,0,0,1,1,C03,7,5,5,50,3,1,1,5,4,5,13,4,4,5,5,5,2,15,2,58,2,7,3,4,7,15,1,10,2,12,,8,,1,21,121.5529083,25.0810668
113,11,7,17,46,2,03中山區,中山區敬業一路與敬業一路36巷口,0,0,1,2,B01,7,5,5,50,3,1,1,5,4,5,13,4,4,5,5,5,2,15,1,65,3,10,3,4,7,9,1,4,2,1,,44,,1,21,121.5529083,25.0810668
113,11,7,17,55,2,03中山區,中山區中山北路1段105巷與天津街口,0,0,1,1,B03,7,5,5,30,4,1,1,5,4,5,13,4,4,9,4,5,2,3,1,33,3,10,7,1,7,5,1,8,1,1,,70,,1,21,121.5231218,25.0507117
113,11,7,17,55,2,03中山區,中山區中山北路1段105巷與天津街口,0,0,1,2,H01,7,5,5,30,4,1,1,5,4,5,13,4,4,9,4,5,2,3,1,35,2,9,4,5,8,16,8,20,10,16,,67,,1,21,121.5231218,25.0507117
113,11,7,17,55,2,03中山區,中山區中山北路1段105巷與天津街口,0,0,1,3,C03,7,5,5,30,4,1,1,5,4,5,13,4,4,9,4,5,2,3,2,59,3,10,5,1,7,13,1,10,1,14,,44,,1,21,121.5231218,25.0507117
113,11,7,17,55,2,04大安區,大安區基隆路3段與基隆路3段156巷口,0,0,2,1,C03,7,5,5,40,4,1,1,5,4,5,13,2,1,1,4,4,2,16,2,20,2,9,6,4,7,15,1,10,1,12,,100,,1,21,121.542427,25.0158683
113,11,7,17,55,2,04大安區,大安區基隆路3段與基隆路3段156巷口,0,0,2,2,C03,7,5,5,40,4,1,1,5,4,5,13,2,1,1,4,4,2,16,1,70,2,5,5,4,7,9,1,10,1,14,,44,,1,21,121.542427,25.0158683
113,11,7,18,5,2,05中正區,中正區中山南路與忠孝東路1段口,0,0,1,1,B01,8,5,5,50,4,2,1,5,4,5,13,1,1,1,4,5,2,16,1,46,3,10,7,1,7,6,1,4,2,5,,9,,1,21,121.5198446,25.0455364
113,11,7,18,5,2,05中正區,中正區中山南路與忠孝東路1段口,0,0,1,2,F01,8,5,5,50,4,2,1,5,4,5,13,1,1,1,4,5,2,16,2,22,2,8,4,1,7,11,8,20,2,14,,11,,1,25,121.5198446,25.0455364
113,11,7,18,12,2,09北投區,北投區榮華一路與榮華三路口,0,0,1,1,C03,7,5,5,30,3,2,1,5,4,5,13,4,4,5,4,5,2,17,1,72,2,1,3,4,7,1,1,10,1,11,,19,,1,21,121.5245526,25.11364
113,11,7,18,12,2,09北投區,北投區榮華一路與榮華三路口,0,0,1,2,C03,7,5,5,30,3,2,1,5,4,5,13,4,4,5,4,5,2,17,1,30,3,10,3,4,7,9,1,10,1,14,,44,,1,21,121.5245526,25.11364
113,11,7,18,24,2,04大安區,大安區金山南路2段與潮州街口,0,0,1,1,C03,6,5,5,50,4,1,1,4,4,5,13,2,1,1,4,5,2,16,2,24,2,5,6,1,7,5,1,10,1,12,,96,,1,21,121.5263247,25.0288569
113,11,7,18,24,2,04大安區,大安區金山南路2段與潮州街口,0,0,1,2,B03,6,5,5,50,4,1,1,4,4,5,13,2,1,1,4,5,2,16,1,56,3,10,2,1,7,9,1,8,1,5,,44,,1,21,121.5263247,25.0288569
113,11,7,18,35,2,06松山區,松山區南京東路3段與復興北路口,0,0,1,1,F01,6,5,5,50,4,1,1,4,4,5,13,1,1,1,4,5,2,17,1,35,2,8,4,1,7,9,8,20,2,11,,108,,1,21,121.5441544,25.05169
113,11,7,18,35,2,06松山區,松山區南京東路3段與復興北路口,0,0,1,2,C03,6,5,5,50,4,1,1,4,4,5,13,1,1,1,4,5,2,17,2,44,3,10,6,1,7,14,1,10,2,14,,44,,2,21,121.5441544,25.05169
113,11,7,18,41,2,05中正區,中正區羅斯福路3段88號,0,0,1,1,C03,7,5,5,50,14,9,1,5,4,5,13,4,4,1,4,5,2,13,2,39,2,8,5,1,7,9,1,10,2,12,,16,,1,22,121.5265305,25.0220138
113,11,7,18,41,2,05中正區,中正區羅斯福路3段88號,0,0,1,2,B03,7,5,5,50,14,9,1,5,4,5,13,4,4,1,4,5,2,13,1,43,3,10,7,1,7,9,1,8,2,7,,44,,1,22,121.5265305,25.0220138
113,11,7,18,41,2,12內湖區,中山區北安路與敬業四路口,0,0,1,1,B03,7,5,5,50,14,9,1,5,4,5,13,1,1,6,3,5,1,12,1,35,3,10,7,1,7,8,1,8,9,5,,100,,1,21,121.5577443,25.0844009
113,11,7,18,41,2,12內湖區,中山區北安路與敬業四路口,0,0,1,2,C01,7,5,5,50,14,9,1,5,4,5,13,1,1,6,3,5,1,12,1,62,2,8,6,1,7,9,1,9,9,17,,44,,1,22,121.5577443,25.0844009
113,11,7,19,1,2,01大同區,大同區鄭州路與西寧北路口,0,0,1,1,B03,8,5,5,40,4,2,1,5,4,5,13,2,1,1,4,5,2,17,1,46,3,10,3,4,7,9,1,8,2,1,,99,,1,21,121.5082405,25.0505762
113,11,7,19,1,2,01大同區,大同區鄭州路與西寧北路口,0,0,1,2,C03,8,5,5,40,4,2,1,5,4,5,13,2,1,1,4,5,2,17,2,18,2,9,3,4,7,5,1,10,2,13,,8,,1,21,121.5082405,25.0505762
113,11,7,19,5,2,12內湖區,內湖區文德路273號,0,0,1,1,C03,6,5,5,50,14,7,1,4,4,5,13,4,4,1,4,4,2,16,2,63,2,9,5,1,7,7,1,10,1,14,,100,,1,21,121.588678,25.0790504
113,11,7,19,5,2,12內湖區,內湖區文德路273號,0,0,1,2,C03,6,5,5,50,14,7,1,4,4,5,13,4,4,1,4,4,2,16,1,41,3,10,5,1,7,9,1,10,1,11,,44,,1,21,121.588678,25.0790504
113,11,7,19,7,2,02萬華區,萬華區堤外便道華中橋與光復橋之間,0,0,1,1,B03,8,5,8,40,22,22,1,5,4,5,13,4,4,10,5,5,2,17,1,51,3,10,3,4,7,15,1,8,1,8,,5,,1,21,121.4933191,25.01768248
113,11,7,19,7,2,02萬華區,萬華區堤外便道華中橋與光復橋之間,0,0,1,2,C03,8,5,8,40,22,22,1,5,4,5,13,4,4,10,5,5,2,17,2,46,2,9,3,4,7,15,1,10,1,11,,13,,1,21,121.4933191,25.01768248
113,11,7,19,10,2,08士林區,士林區中山北路5段811巷與福國路15巷口,0,0,2,1,C03,7,6,5,30,4,2,1,5,4,5,13,4,4,10,5,5,1,15,1,23,2,9,3,4,7,9,1,10,1,12,,72,,1,21,121.5246216,25.1009124
113,11,7,19,10,2,08士林區,士林區中山北路5段811巷與福國路15巷口,0,0,2,2,C03,7,6,5,30,4,2,1,5,4,5,13,4,4,10,5,5,1,15,2,39,2,9,3,4,7,9,1,10,1,11,,108,,1,21,121.5246216,25.1009124
113,11,7,19,25,2,08士林區,士林區中山北路6段275號,0,0,3,1,C03,7,5,5,50,14,9,1,5,4,5,13,4,4,1,4,5,2,17,2,24,2,8,6,1,7,15,1,10,2,13,,100,,1,22,121.5253771,25.110012
113,11,7,19,25,2,08士林區,士林區中山北路6段275號,0,0,3,2,C03,7,5,5,50,14,9,1,5,4,5,13,4,4,1,4,5,2,17,1,22,2,8,6,1,7,9,1,10,2,11,,44,,1,22,121.5253771,25.110012
113,11,7,19,25,2,08士林區,士林區中山北路6段275號,0,0,3,3,B03,7,5,5,50,14,9,1,5,4,5,13,4,4,1,4,5,2,17,1,69,3,10,3,4,7,21,7,19,11,4,,44,,1,22,121.5253771,25.110012
113,11,7,19,25,2,08士林區,士林區中山北路6段275號,0,0,3,4,H02,7,5,5,50,14,9,1,5,4,5,13,4,4,1,4,5,2,17,2,24,2,8,6,5,7,17,8,20,10,17,,67,,1,22,121.5253771,25.110012
113,11,7,19,28,2,07信義區,信義區忠孝東路4段560號,0,0,1,1,C03,6,5,5,50,14,9,1,4,4,5,13,4,4,3,4,5,2,18,1,29,2,9,6,4,7,9,1,10,1,14,,42,,1,21,121.5636093,25.041109
113,11,7,19,28,2,07信義區,信義區忠孝東路4段560號,0,0,1,2,,6,5,5,50,14,9,1,4,4,5,13,4,4,3,4,5,2,18,3,,,,,,,,,,,,,67,,1,,121.5636093,25.041109
113,11,7,19,32,2,12內湖區,內湖區安康路106巷59號前,0,0,1,1,B03,6,7,5,50,14,9,1,4,4,5,13,4,4,5,5,5,2,16,1,59,3,10,7,1,7,6,1,8,1,5,,9,,1,21,121.5926535,25.06878641
113,11,7,19,32,2,12內湖區,內湖區安康路106巷59號前,0,0,1,2,C03,6,7,5,50,14,9,1,4,4,5,13,4,4,5,5,5,2,16,1,23,2,9,5,1,7,9,1,10,1,14,,44,,1,21,121.5926535,25.06878641
113,11,7,19,47,2,08士林區,士林區中山北路5段新生高架道路往南,0,0,1,1,C02,7,5,5,50,14,9,1,5,4,5,13,4,4,3,4,5,1,13,1,35,2,9,3,4,7,9,1,9,9,11,,16,,1,21,121.5247796,25.0783599
113,11,7,19,47,2,08士林區,士林區中山北路5段新生高架道路往南,0,0,1,2,B03,7,5,5,50,14,9,1,5,4,5,13,4,4,3,4,5,1,13,1,45,3,10,3,4,7,9,1,8,9,3,,44,,1,21,121.5247796,25.0783599
113,11,7,21,1,2,07信義區,信義區信義路5段7號,0,0,1,1,C03,6,5,5,50,14,9,1,4,4,5,13,4,4,9,4,5,2,29,1,29,2,7,3,4,7,9,1,10,1,11,,44,,1,21,121.5653307,25.0333514
113,11,7,21,1,2,07信義區,信義區信義路5段7號,0,0,1,2,,6,5,5,50,14,9,1,4,4,5,13,4,4,9,4,5,2,29,3,27,,,,,,,,,10,,,129,,1,,121.5653307,25.0333514
113,11,7,21,45,2,08士林區,士林區中山北路6段785號,0,0,1,1,C03,7,5,5,50,14,9,1,5,4,5,13,4,4,1,4,5,2,17,2,38,2,9,6,1,7,9,1,10,2,11,,108,,1,22,121.5282813,25.1162027
113,11,7,21,45,2,08士林區,士林區中山北路6段785號,0,0,1,2,B03,7,5,5,50,14,9,1,5,4,5,13,4,4,1,4,5,2,17,1,53,3,10,3,4,7,13,1,8,9,3,,44,,1,22,121.5282813,25.1162027
113,11,7,22,10,2,11南港區,南港區南港路1段與經貿二路口,0,0,1,1,B03,6,5,5,50,4,1,1,4,4,5,13,2,1,1,1,4,2,17,1,38,3,10,7,1,7,5,1,8,1,4,,8,,1,22,121.6172017,25.0552357
113,11,7,22,10,2,11南港區,南港區南港路1段與經貿二路口,0,0,1,2,C03,6,5,5,50,4,1,1,4,4,5,13,2,1,1,1,4,2,17,2,50,2,9,6,1,7,4,1,10,1,12,,44,,1,22,121.6172017,25.0552357
113,11,7,23,51,2,05中正區,中正區中山北路1段與北平東路口,0,0,2,1,F02,8,5,5,50,4,1,1,5,4,5,12,2,1,5,4,5,2,15,1,85,2,9,4,1,7,9,8,20,2,14,,81,,1,22,121.5202822,25.04709644
113,11,7,23,51,2,05中正區,中正區中山北路1段與北平東路口,0,0,2,2,B01,8,5,5,50,4,1,1,5,4,5,12,2,1,5,4,5,2,15,1,41,2,3,7,1,7,9,1,4,2,1,,44,,1,22,121.5202822,25.04709644
113,11,8,0,51,2,02萬華區,萬華區西園路1段與桂林路口,0,0,1,1,B03,7,5,5,50,4,1,1,5,4,5,13,2,1,9,4,4,2,17,1,44,3,10,3,4,7,5,1,1,2,1,,71,,1,22,121.5002744,25.0383691
113,11,8,0,51,2,02萬華區,萬華區西園路1段與桂林路口,0,0,1,2,C03,7,5,5,50,4,1,1,5,4,5,13,2,1,9,4,4,2,17,1,19,2,9,6,1,7,9,1,10,2,11,,44,,1,22,121.5002744,25.0383691
113,11,8,0,58,2,10文山區,文山區萬和街與萬樂街口,0,0,1,1,B01,7,5,5,40,3,1,1,5,4,5,13,4,4,10,5,5,2,17,1,63,3,10,7,1,7,5,1,4,2,17,,74,,2,21,121.5690624,24.99938099
113,11,8,0,58,2,10文山區,文山區萬和街與萬樂街口,0,0,1,2,F02,7,5,5,40,3,1,1,5,4,5,13,4,4,10,5,5,2,17,1,22,2,9,4,1,7,9,8,20,2,17,,44,,1,21,121.5690624,24.99938099
113,11,8,3,17,2,05中正區,中正區中華路1段與忠孝西路1段口,0,0,1,1,C03,8,5,5,50,4,1,1,5,4,5,13,2,1,1,4,5,2,23,1,19,2,9,5,1,7,9,3,18,2,11,,108,,1,22,121.5099342,25.04808171
113,11,8,3,17,2,05中正區,中正區中華路1段與忠孝西路1段口,0,0,1,2,,8,5,5,50,4,1,1,5,4,5,13,2,1,1,4,5,2,23,3,0,,,,,,,,,,,,67,,1,,121.5099342,25.04808171
113,11,8,4,29,2,05中正區,中正區水源快速道路往南中正橋匝道旁,0,0,2,1,B03,7,5,5,30,10,7,1,5,4,5,13,4,4,1,4,5,2,23,2,30,2,8,7,1,7,6,1,8,2,1,,42,,1,22,121.5157849,25.0234969
113,11,8,4,29,2,05中正區,中正區水源快速道路往南中正橋匝道旁,0,0,2,3,B03,7,5,5,30,10,7,1,5,4,5,13,4,4,1,4,5,2,23,1,58,2,9,7,1,7,9,1,8,2,1,,13,,1,22,121.5157849,25.0234969
113,11,8,4,29,2,05中正區,中正區水源快速道路往南中正橋匝道旁,0,0,2,2,,7,5,5,30,10,7,1,5,4,5,13,4,4,1,4,5,2,23,3,0,,,,,,,,,,,,67,,1,,121.5157849,25.0234969
113,11,8,4,29,2,05中正區,中正區水源快速道路往南中正橋匝道旁,0,0,2,4,H02,7,5,5,30,10,7,1,5,4,5,13,4,4,1,4,5,2,23,1,40,4,11,7,5,7,20,8,20,10,16,,44,,1,22,121.5157849,25.0234969
113,11,8,6,40,2,03中山區,中山區民生東路1段與林森北路口,0,0,2,1,B01,7,5,5,50,4,2,1,5,4,5,13,2,1,5,4,5,2,17,1,55,3,10,3,4,7,5,1,4,1,1,,83,,1,21,121.5255289,25.0581026
113,11,8,6,40,2,03中山區,中山區民生東路1段與林森北路口,0,0,2,2,C03,7,5,5,50,4,2,1,5,4,5,13,2,1,5,4,5,2,17,1,18,2,9,3,4,7,9,1,10,1,14,,13,,1,21,121.5255289,25.0581026
113,11,8,6,40,2,03中山區,中山區民生東路1段與林森北路口,0,0,2,3,H02,7,5,5,50,4,2,1,5,4,5,13,2,1,5,4,5,2,17,2,18,2,9,3,5,7,20,8,20,10,16,,67,,1,21,121.5255289,25.0581026
113,11,8,7,8,2,02萬華區,萬華區桂林路120號,0,0,1,1,C03,7,6,5,40,14,9,1,5,4,5,13,4,4,8,4,5,1,11,1,60,3,10,5,4,7,9,1,10,1,14,,44,,1,22,121.4994214,25.03853651
113,11,8,7,8,2,02萬華區,萬華區桂林路120號,0,0,1,2,C03,7,6,5,40,14,9,1,5,4,5,13,4,4,8,4,5,1,11,1,45,2,9,5,4,7,9,1,10,1,12,,44,,1,22,121.4994214,25.03853651
113,11,8,7,25,2,09北投區,北投區泉源路19號前,0,0,1,1,B03,8,6,5,30,14,9,1,5,4,5,13,4,4,5,5,5,2,12,2,31,3,10,7,1,7,4,1,8,1,2,,94,,1,21,121.5046989,25.138138
113,11,8,7,25,2,09北投區,北投區泉源路19號前,0,0,1,2,F01,8,6,5,30,14,9,1,5,4,5,13,4,4,5,5,5,2,12,1,12,2,9,4,1,7,9,8,20,1,14,,5,,1,14,121.5046989,25.138138
113,11,8,7,37,2,11南港區,南港區向陽路31號,0,0,1,1,C03,6,7,5,50,14,9,1,4,4,5,13,4,4,1,4,5,2,12,1,21,2,9,6,4,7,7,1,10,1,14,,100,,1,21,121.5949407,25.053485
113,11,8,7,37,2,11南港區,南港區向陽路31號,0,0,1,2,B03,6,7,5,50,14,9,1,4,4,5,13,4,4,1,4,5,2,12,1,28,3,10,3,4,7,9,1,10,1,6,,44,,1,21,121.5949407,25.053485
113,11,8,7,40,2,11南港區,南港區東新街10-5號對面,0,0,1,1,C04,8,6,5,50,14,9,1,5,4,5,13,4,4,5,4,5,2,13,2,27,2,9,3,4,7,8,1,10,1,14,,16,,1,22,121.583887,25.0502857
113,11,8,7,40,2,11南港區,南港區東新街10-5號對面,0,0,1,2,C03,8,6,5,50,14,9,1,5,4,5,13,4,4,5,4,5,2,13,1,51,3,10,3,4,7,9,1,10,1,13,,44,,1,22,121.583887,25.0502857
113,11,8,7,43,2,12內湖區,內湖區民權大橋松山往內湖,0,0,2,1,C03,7,7,5,30,14,11,1,5,4,5,13,4,4,1,4,5,2,13,2,22,2,9,5,1,7,9,1,8,1,11,,16,,1,21,121.5787009,25.06678868
113,11,8,7,43,2,12內湖區,內湖區民權大橋松山往內湖,0,0,2,2,C03,7,7,5,30,14,11,1,5,4,5,13,4,4,1,4,5,2,13,2,26,2,9,5,1,7,14,1,8,1,11,,44,,1,21,121.5787009,25.06678868
113,11,8,7,50,2,03中山區,中山區中山北路3段與民族東路口,0,0,1,1,C03,7,7,5,50,4,1,1,5,4,5,13,2,1,9,4,5,2,17,1,40,3,10,5,1,7,6,1,10,1,12,,16,,1,21,121.523043,25.0685117
113,11,8,7,50,2,03中山區,中山區中山北路3段與民族東路口,0,0,1,2,C03,7,7,5,50,4,1,1,5,4,5,13,2,1,9,4,5,2,17,1,37,2,9,5,1,7,9,1,10,1,14,,16,,1,21,121.523043,25.0685117
113,11,8,7,54,2,03中山區,中山區撫順街41巷與天祥路86巷口,0,0,2,1,C03,7,7,5,30,3,1,1,5,4,5,13,4,4,10,5,5,1,3,1,52,2,8,5,1,7,9,1,10,1,11,,14,,1,22,121.5193122,25.0640994
113,11,8,7,54,2,03中山區,中山區撫順街41巷與天祥路86巷口,0,0,2,2,H01,7,7,5,30,3,1,1,5,4,5,13,4,4,10,5,5,1,3,1,58,2,8,4,5,8,16,8,20,9,16,,121,,1,22,121.5193122,25.0640994
113,11,8,8,1,2,04大安區,大安區信義路3段147巷與信義路3段147巷5弄口,0,0,2,1,B03,7,6,5,30,14,9,1,5,4,5,13,4,4,8,4,5,2,17,2,57,3,10,7,1,7,14,1,8,1,2,,40,,1,21,121.5418801,25.0338657
113,11,8,8,1,2,04大安區,大安區信義路3段147巷與信義路3段147巷5弄口,0,0,2,3,H02,7,6,5,30,14,9,1,5,4,5,13,4,4,8,4,5,2,17,1,15,3,10,4,5,7,19,8,20,10,16,,126,,1,21,121.5418801,25.0338657
113,11,8,8,1,2,04大安區,大安區信義路3段147巷與信義路3段147巷5弄口,0,0,2,2,C03,7,6,5,30,14,9,1,5,4,5,13,4,4,8,4,5,2,17,2,47,2,9,6,1,7,9,1,10,1,11,,44,,1,21,121.5418801,25.0338657
113,11,8,8,1,2,04大安區,大安區信義路3段147巷與信義路3段147巷5弄口,0,0,2,4,H02,7,6,5,30,14,9,1,5,4,5,13,4,4,8,4,5,2,17,1,15,2,8,6,5,7,17,8,20,10,16,,67,,1,21,121.5418801,25.0338657