發生年度,發生月,發生日,發生時-Hours,發生分,處理別-編號,區序,肇事地點,死亡人數,2-30日死亡人數,受傷人數,當事人序號,車種,天候,道路照明設備,道路類別,速限-速度限制,道路型態,事故位置,路面狀況1,路面狀況2,路面狀況3,道路障礙1,道路障礙2,號誌1,號誌2,車道劃分-分向,車道劃分-分道1,車道劃分-分道2,車道劃分-分道3,事故類型及型態,性別,年齡,受傷程度,主要傷處,保護裝置,行動電話,車輛用途,當事者行動狀態,駕駛資格情形,駕駛執照種類,飲酒情形,車輛撞擊部位1,車輛撞擊部位2,肇因碼-個別,肇因碼-主要,個人肇逃否,職業,座標-X,座標-Y
113,11,8,8,8,2,03中山區,中山區民族西路18號,0,0,1,1,C03,7,5,5,50,14,9,1,5,4,5,13,4,4,5,4,5,2,13,1,27,2,9,3,4,7,7,1,10,1,11,,100,,1,21,121.5212651,25.06846149
113,11,8,8,8,2,03中山區,中山區民族西路18號,0,0,1,2,B03,7,5,5,50,14,9,1,5,4,5,13,4,4,5,4,5,2,13,1,52,3,10,3,4,7,9,1,8,1,3,,44,,1,21,121.5212651,25.06846149
113,11,8,8,10,2,01大同區,大同區鄭州路忠孝國中前,0,0,1,1,B03,8,7,5,40,14,9,1,5,4,5,13,4,4,1,4,5,2,17,1,62,3,10,3,4,7,15,1,8,1,1,,42,,1,21,121.5072662,25.0507058
113,11,8,8,10,2,01大同區,大同區鄭州路忠孝國中前,0,0,1,2,B01,8,7,5,40,14,9,1,5,4,5,13,4,4,1,4,5,2,17,1,31,2,9,3,4,7,14,1,4,1,3,,44,,1,21,121.5072662,25.0507058
113,11,8,8,17,2,01大同區,大同區鄭州路71號,0,0,2,1,C03,8,6,5,40,14,9,1,5,4,5,13,4,4,1,5,5,2,12,2,50,2,9,6,1,7,9,1,10,2,12,,44,,1,21,121.5128785,25.0497104
113,11,8,8,17,2,01大同區,大同區鄭州路71號,0,0,2,2,C03,8,6,5,40,14,9,1,5,4,5,13,4,4,1,5,5,2,12,1,61,2,9,6,1,7,9,1,10,2,14,,17,,1,21,121.5128785,25.0497104
113,11,8,8,25,2,01大同區,大同區延平北路4段與敦煌路口,0,0,2,1,C03,7,7,5,50,5,2,1,5,4,5,13,2,1,5,4,5,2,17,1,72,2,9,3,4,7,15,1,10,11,14,,100,,1,21,121.5120128,25.0764601
113,11,8,8,25,2,01大同區,大同區延平北路4段與敦煌路口,0,0,2,2,C03,7,7,5,50,5,2,1,5,4,5,13,2,1,5,4,5,2,17,1,40,2,9,3,4,7,9,1,10,1,12,,44,,1,21,121.5120128,25.0764601
113,11,8,8,30,2,03中山區,中山區撫順街2-1號,0,0,1,1,C03,7,7,5,50,14,9,1,5,4,5,13,4,4,9,4,5,2,13,2,22,2,7,5,1,7,9,1,10,1,11,,108,,1,21,121.5218409,25.0636967
113,11,8,8,30,2,03中山區,中山區撫順街2-1號,0,0,1,2,B03,7,7,5,50,14,9,1,5,4,5,13,4,4,9,4,5,2,13,2,47,3,10,7,1,7,14,1,8,1,3,,44,,1,21,121.5218409,25.0636967
113,11,8,8,32,2,09北投區,北投區中和街525巷與中和街525巷6弄口,0,0,2,1,C03,8,6,5,30,4,1,1,5,4,5,13,4,4,10,5,5,2,15,2,49,2,9,5,1,7,9,1,10,1,11,,75,,1,21,121.4935606,25.1449033
113,11,8,8,32,2,09北投區,北投區中和街525巷與中和街525巷6弄口,0,0,2,2,C03,8,6,5,30,4,1,1,5,4,5,13,4,4,10,5,5,2,15,1,61,2,7,5,1,7,9,1,10,1,11,,80,,1,21,121.4935606,25.1449033
113,11,8,8,42,2,09北投區,北投區致遠一路2段40巷與致遠一路2段35巷口,0,0,4,1,C03,8,5,5,30,4,1,1,5,4,5,13,4,4,7,4,5,1,15,2,24,2,7,5,1,7,9,1,10,1,12,,72,,1,21,121.5139629,25.1115776
113,11,8,8,42,2,09北投區,北投區致遠一路2段40巷與致遠一路2段35巷口,0,0,4,2,C03,8,5,5,30,4,1,1,5,4,5,13,4,4,7,4,5,1,15,2,45,2,8,5,1,7,9,1,10,1,11,,32,,1,21,121.5139629,25.1115776
113,11,8,8,42,2,09北投區,北投區致遠一路2段40巷與致遠一路2段35巷口,0,0,4,3,H02,8,5,5,30,4,1,1,5,4,5,13,4,4,7,4,5,1,15,2,18,2,7,3,5,7,20,8,20,10,17,,67,,1,21,121.5139629,25.1115776
113,11,8,8,42,2,09北投區,北投區致遠一路2段40巷與致遠一路2段35巷口,0,0,4,4,H02,8,5,5,30,4,1,1,5,4,5,13,4,4,7,4,5,1,15,1,5,2,7,6,5,7,20,8,20,10,17,,67,,1,21,121.5139629,25.1115776
113,11,8,9,55,2,02萬華區,萬華區華江橋機車道往北市,0,0,1,1,C03,7,6,5,40,8,11,1,5,4,5,13,4,4,1,4,5,2,13,1,48,3,10,6,1,7,9,1,10,1,11,,42,,1,21,121.487738,25.0355206
113,11,8,9,55,2,02萬華區,萬華區華江橋機車道往北市,0,0,1,2,C03,7,6,5,40,8,11,1,5,4,5,13,4,4,1,4,5,2,13,1,20,2,8,6,1,7,9,1,10,1,11,,16,,1,21,121.487738,25.0355206
113,11,8,9,55,2,02萬華區,萬華區華江橋機車道往北市,0,0,1,3,C03,7,6,5,40,8,11,1,5,4,5,13,4,4,1,4,5,2,13,1,65,3,10,6,1,7,9,1,10,1,13,,44,,1,21,121.487738,25.0355206
113,11,8,9,55,2,02萬華區,萬華區華江橋機車道往北市,0,0,1,4,C03,7,6,5,40,8,11,1,5,4,5,13,4,4,1,4,5,2,13,2,31,3,10,6,1,7,9,1,10,1,11,,16,,1,21,121.487738,25.0355206
113,11,8,9,55,2,03中山區,中山區松江路192號,0,0,1,1,C03,7,7,5,50,14,9,1,5,4,5,13,4,4,1,5,4,2,13,2,26,2,9,5,1,7,9,1,10,1,11,,16,,1,22,121.5330097,25.0573597
113,11,8,9,55,2,03中山區,中山區松江路192號,0,0,1,2,B01,7,7,5,50,14,9,1,5,4,5,13,4,4,1,5,4,2,13,1,58,3,10,7,1,7,9,1,4,1,7,,44,,1,22,121.5330097,25.0573597
113,11,8,10,11,2,09北投區,北投區中央北路4段與中央北路4段583巷口,0,0,1,1,C03,8,6,5,50,4,1,1,5,4,5,13,1,1,10,5,5,2,17,2,74,2,9,5,1,7,5,1,10,2,14,,8,,1,21,121.4655333,25.1259551
113,11,8,10,11,2,09北投區,北投區中央北路4段與中央北路4段583巷口,0,0,1,2,B03,8,6,5,50,4,1,1,5,4,5,13,1,1,10,5,5,2,17,1,36,3,10,7,1,7,9,3,18,2,5,,44,,1,21,121.4655333,25.1259551
113,11,8,10,15,2,01大同區,大同區安西街與延平北路2段272巷口,0,0,2,1,C03,8,7,5,30,4,1,1,5,4,4,12,4,4,10,5,5,2,17,2,55,2,9,3,4,7,9,1,10,1,12,,72,,1,21,121.5097541,25.0620823
113,11,8,10,15,2,01大同區,大同區安西街與延平北路2段272巷口,0,0,2,2,C03,8,7,5,30,4,1,1,5,4,4,12,4,4,10,5,5,2,17,1,63,2,9,3,4,7,9,1,10,1,11,,14,,1,21,121.5097541,25.0620823
113,11,8,10,15,2,01大同區,大同區安西街與延平北路2段272巷口,0,0,2,3,B03,8,7,5,30,4,1,1,5,4,4,12,4,4,10,5,5,2,17,2,48,4,11,3,4,7,13,7,19,11,15,,38,,2,21,121.5097541,25.0620823
113,11,8,11,0,2,03中山區,中山區八德路2段與八德路2段210巷口,0,0,1,1,C03,7,7,5,30,4,1,1,5,4,5,13,1,1,9,4,5,2,12,1,42,3,10,5,1,7,7,1,10,1,13,,44,,1,21,121.5391195,25.0464591
113,11,8,11,0,2,03中山區,中山區八德路2段與八德路2段210巷口,0,0,1,2,C03,7,7,5,30,4,1,1,5,4,5,13,1,1,9,4,5,2,12,1,37,2,8,5,1,7,9,1,10,1,11,,44,,1,21,121.5391195,25.0464591
113,11,8,11,11,2,04大安區,大安區永康街31巷與信義路2段198巷口,0,0,1,1,C03,7,6,5,30,4,1,1,5,4,5,13,4,4,10,5,5,2,15,1,73,2,7,5,4,7,9,1,10,1,11,,72,,1,21,121.530941,25.0316623
113,11,8,11,11,2,04大安區,大安區永康街31巷與信義路2段198巷口,0,0,1,2,B12,7,6,5,30,4,1,1,5,4,5,13,4,4,10,5,5,2,15,1,38,3,10,7,4,7,9,1,8,1,8,,14,,1,21,121.530941,25.0316623
113,11,8,12,20,2,05中正區,中正區林森南路與濟南路1段口,0,0,1,1,B03,7,6,5,50,4,1,1,5,4,5,13,1,1,5,4,5,2,16,1,58,3,10,7,1,7,5,1,8,2,6,,74,,1,22,121.5227163,25.042453
113,11,8,12,20,2,05中正區,中正區林森南路與濟南路1段口,0,0,1,2,C03,7,6,5,50,4,1,1,5,4,5,13,1,1,5,4,5,2,16,1,24,2,9,6,1,7,9,1,10,2,12,,13,,1,22,121.5227163,25.042453
113,11,8,12,20,2,05中正區,中正區林森南路與濟南路1段口,0,0,1,3,B03,7,6,5,50,4,1,1,5,4,5,13,1,1,5,4,5,2,16,1,25,3,10,7,1,7,9,1,8,2,5,,44,,1,22,121.5227163,25.042453
113,11,8,12,38,2,08士林區,士林區前街與文林路口口,0,0,1,1,C03,7,7,5,30,14,9,1,5,4,5,13,1,1,9,4,5,2,13,1,33,2,7,5,1,7,9,1,10,1,11,,16,,1,22,121.5241905,25.0973966
113,11,8,12,38,2,08士林區,士林區前街與文林路口口,0,0,1,2,B13,7,7,5,30,14,9,1,5,4,5,13,1,1,9,4,5,2,13,1,35,3,10,3,4,7,5,1,8,1,6,,44,,1,22,121.5241905,25.0973966
113,11,8,12,59,2,05中正區,中正區重慶南路3段與汀州路2段口,0,0,1,1,B12,7,7,5,50,4,1,1,5,4,5,13,1,1,2,4,5,2,16,1,61,3,10,7,1,7,5,1,8,1,6,,74,,1,22,121.5164898,25.0256513
113,11,8,12,59,2,05中正區,中正區重慶南路3段與汀州路2段口,0,0,1,2,C03,7,7,5,50,4,1,1,5,4,5,13,1,1,2,4,5,2,16,1,18,2,9,6,1,7,9,1,10,1,11,,44,,1,22,121.5164898,25.0256513
113,11,8,13,2,2,10文山區,文山區忠順街1段4號對面,0,0,1,1,C03,7,6,5,50,14,9,1,5,4,5,13,3,1,10,5,5,2,18,2,24,2,9,5,1,7,9,1,10,1,14,,42,,1,21,121.5574358,24.9837544
113,11,8,13,2,2,10文山區,文山區忠順街1段4號對面,0,0,1,2,,7,6,5,50,14,9,1,5,4,5,13,3,1,10,5,5,2,18,3,0,,,,,,,,,,,,67,,1,,121.5574358,24.9837544
113,11,8,13,10,2,07信義區,信義區吳興街118巷與吳興街118巷15弄口,0,0,1,1,F02,6,6,5,30,4,1,1,4,4,5,13,4,4,10,5,5,1,15,2,43,2,8,3,4,7,9,8,20,1,12,,80,,1,21,121.5608043,25.0298264
113,11,8,13,10,2,07信義區,信義區吳興街118巷與吳興街118巷15弄口,0,0,1,2,B03,6,6,5,30,4,1,1,4,4,5,13,4,4,10,5,5,1,15,1,42,3,10,3,4,7,9,1,8,1,1,,14,,1,21,121.5608043,25.0298264
113,11,8,13,42,2,06松山區,松山區南京東路5段286巷7號,0,0,1,1,B02,6,6,5,30,14,9,1,4,4,5,13,4,4,10,5,5,2,29,1,72,3,10,7,1,7,9,1,8,1,5,,108,,1,22,121.566657,25.0497668
113,11,8,13,42,2,06松山區,松山區南京東路5段286巷7號,0,0,1,2,,6,6,5,30,14,9,1,4,4,5,13,4,4,10,5,5,2,29,3,37,,,,,,,,,,,,67,,1,,121.566657,25.0497668
113,11,8,13,42,2,06松山區,松山區南京東路5段286巷7號,0,0,1,3,B03,6,6,5,30,14,9,1,4,4,5,13,4,4,10,5,5,2,29,1,46,3,10,3,1,7,13,1,8,1,4,,44,,1,22,121.566657,25.0497668
113,11,8,13,42,2,06松山區,松山區南京東路5段286巷7號,0,0,1,4,H01,6,6,5,30,14,9,1,4,4,5,13,4,4,10,5,5,2,29,2,57,2,9,4,5,8,16,8,20,10,16,,67,,1,22,121.566657,25.0497668
113,11,8,13,43,2,09北投區,北投區豐年路2段與中央北路2段237巷口,0,0,1,1,B03,8,7,5,30,3,1,1,5,4,5,13,4,4,10,5,5,2,16,1,75,3,10,3,4,7,5,1,8,1,1,,72,,1,22,121.4934934,25.1369101
113,11,8,13,43,2,09北投區,北投區豐年路2段與中央北路2段237巷口,0,0,1,2,C03,8,7,5,30,3,1,1,5,4,5,13,4,4,10,5,5,2,16,2,31,2,9,6,1,7,6,1,10,1,14,,14,,1,22,121.4934934,25.1369101
113,11,8,14,1,2,03中山區,中山區林森北路458號,0,0,1,1,B01,7,5,5,50,14,9,1,5,4,5,13,4,4,9,5,5,2,9,1,61,3,10,3,4,7,1,1,4,1,2,,36,,1,21,121.5255242,25.0605809
113,11,8,14,1,2,03中山區,中山區林森北路458號,0,0,1,2,H02,7,5,5,50,14,9,1,5,4,5,13,4,4,9,5,5,2,9,2,32,2,9,3,5,7,19,8,20,10,16,,60,,1,21,121.5255242,25.0605809
113,11,8,14,5,2,05中正區,中正區基隆路4段與汀州路3段口,0,0,2,2,C03,6,6,5,50,4,1,1,4,4,5,13,1,1,1,4,5,2,13,1,43,2,9,5,1,7,9,1,9,2,13,,44,,1,21,121.5363924,25.01103016
113,11,8,14,5,2,05中正區,中正區基隆路4段與汀州路3段口,0,0,2,1,C03,6,6,5,50,4,1,1,4,4,5,13,1,1,1,4,5,2,13,1,19,2,9,5,1,7,9,1,10,2,11,,16,,1,21,121.5363924,25.01103016
113,11,8,14,10,2,03中山區,中山區中山北路4段北向南機慢車專用道,0,0,2,1,C03,7,7,5,25,8,11,1,5,4,5,13,4,4,1,3,5,2,17,1,18,2,9,5,1,7,9,1,10,1,11,,16,,1,21,121.5251309,25.0763738
113,11,8,14,10,2,03中山區,中山區中山北路4段北向南機慢車專用道,0,0,2,2,C03,7,7,5,25,8,11,1,5,4,5,13,4,4,1,3,5,2,17,1,19,2,7,5,1,7,9,1,10,1,14,,108,,1,21,121.5251309,25.0763738
113,11,8,16,6,2,05中正區,中正區仁愛路2段與金山南路1段口,0,0,1,1,B03,7,6,5,50,4,2,1,5,4,5,13,1,1,3,2,5,2,16,1,43,3,10,2,1,7,8,1,8,2,2,,99,,1,22,121.5282538,25.0379159
113,11,8,16,6,2,05中正區,中正區仁愛路2段與金山南路1段口,0,0,1,2,B03,7,6,5,50,4,2,1,5,4,5,13,1,1,3,2,5,2,16,1,28,2,8,2,1,7,9,1,8,2,4,,44,,1,22,121.5282538,25.0379159
113,11,8,16,20,2,07信義區,信義區市民大道5段與光復南路口,0,0,1,1,B03,8,7,5,50,5,1,1,5,4,5,13,2,1,6,1,5,2,12,1,71,3,10,3,4,7,8,1,6,1,5,,100,,1,22,121.5576735,25.0449686
113,11,8,16,20,2,07信義區,信義區市民大道5段與光復南路口,0,0,1,2,C03,8,7,5,50,5,1,1,5,4,5,13,2,1,6,1,5,2,12,1,24,2,9,3,4,7,7,1,10,1,14,,100,,1,22,121.5576735,25.0449686
113,11,8,17,10,2,03中山區,中山區樂群三路301號,0,0,1,1,B03,7,5,5,50,14,9,1,5,4,5,13,4,4,9,4,5,2,16,1,35,3,10,3,4,7,5,1,8,2,8,,8,,1,21,121.5594613,25.08263967
113,11,8,17,10,2,03中山區,中山區樂群三路301號,0,0,1,2,B03,7,5,5,50,14,9,1,5,4,5,13,4,4,9,4,5,2,16,2,59,3,10,3,4,7,9,1,8,2,2,,44,,1,21,121.5594613,25.08263967
113,11,8,17,10,2,03中山區,中山區樂群三路301號,0,0,1,3,H02,7,5,5,50,14,9,1,5,4,5,13,4,4,9,4,5,2,16,2,28,2,6,3,5,7,20,8,20,10,16,,67,,1,21,121.5594613,25.08263967
113,11,8,17,15,2,03中山區,中山區中山北路2段與民生東路1段口,0,0,1,1,B02,7,5,5,50,5,2,1,5,4,5,13,2,1,5,4,5,2,13,1,34,3,10,3,4,7,9,1,8,1,1,,16,,1,21,121.5230238,25.05777242
113,11,8,17,15,2,03中山區,中山區中山北路2段與民生東路1段口,0,0,1,2,C03,7,5,5,50,5,2,1,5,4,5,13,2,1,5,4,5,2,13,1,45,2,9,3,4,7,21,1,10,1,13,,44,,1,21,121.5230238,25.05777242
113,11,8,17,15,2,03中山區,中山區中山北路2段與民生東路1段口,0,0,1,3,C03,7,5,5,50,5,2,1,5,4,5,13,2,1,5,4,5,2,13,1,63,3,10,3,4,7,9,7,19,9,11,,16,,1,21,121.5230238,25.05777242
113,11,8,17,35,2,05中正區,中正區中山南路與仁愛路1段口,0,0,1,1,B03,7,5,5,50,5,1,1,4,4,5,13,1,1,1,4,5,2,16,2,77,3,10,7,1,7,6,1,8,9,5,,9,,1,22,121.5179238,25.0394694
113,11,8,17,35,2,05中正區,中正區中山南路與仁愛路1段口,0,0,1,2,F01,7,5,5,50,5,1,1,4,4,5,13,1,1,1,4,5,2,16,1,16,2,9,2,1,7,11,8,20,9,14,,11,,1,16,121.5179238,25.0394694
113,11,8,18,5,2,10文山區,文山區興隆路4段與興隆路4段179巷口,0,0,1,1,C03,6,5,5,50,4,1,1,4,4,5,13,4,4,10,5,5,2,3,1,46,3,10,6,1,7,9,1,10,2,11,,118,,1,21,121.5619717,24.9835587
113,11,8,18,5,2,10文山區,文山區興隆路4段與興隆路4段179巷口,0,0,1,2,H01,6,5,5,50,4,1,1,4,4,5,13,4,4,10,5,5,2,3,2,75,2,1,4,5,8,16,8,20,10,16,,118,,1,21,121.5619717,24.9835587
113,11,8,18,10,2,03中山區,中山區吉林路與吉林路343巷口,0,0,1,1,C03,7,5,5,30,4,1,1,5,4,5,13,4,4,9,4,4,2,16,2,38,2,8,3,4,7,5,1,10,1,12,,72,,1,21,121.5303519,25.06430728
113,11,8,18,10,2,03中山區,中山區吉林路與吉林路343巷口,0,0,1,2,B03,7,5,5,30,4,1,1,5,4,5,13,4,4,9,4,4,2,16,1,64,3,10,3,4,7,9,1,8,1,4,,44,,1,21,121.5303519,25.06430728
113,11,8,18,28,2,09北投區,北投區石牌路2段與立農街2段口,0,0,2,1,B03,7,5,5,50,3,1,1,5,4,5,13,2,1,5,4,5,2,12,1,63,3,10,7,1,7,9,1,8,1,2,,44,,1,22,121.5189971,25.1188128
113,11,8,18,28,2,09北投區,北投區石牌路2段與立農街2段口,0,0,2,2,C03,7,5,5,50,3,1,1,5,4,5,13,2,1,5,4,5,2,12,2,54,2,9,5,1,7,7,1,10,1,13,,101,,1,22,121.5189971,25.1188128
113,11,8,18,28,2,09北投區,北投區石牌路2段與立農街2段口,0,0,2,3,H02,7,5,5,50,3,1,1,5,4,5,13,2,1,5,4,5,2,12,2,79,2,9,5,5,7,20,8,20,10,16,,67,,1,22,121.5189971,25.1188128
113,11,8,18,51,2,04大安區,大安區永康街與潮州街口,0,0,2,1,C03,8,5,5,30,4,2,1,5,4,5,13,4,4,9,5,5,2,15,1,20,2,9,6,1,7,9,1,10,1,11,,72,,1,21,121.5296177,25.0283899
113,11,8,18,51,2,04大安區,大安區永康街與潮州街口,0,0,2,2,C03,8,5,5,30,4,2,1,5,4,5,13,4,4,9,5,5,2,15,1,35,2,8,6,1,7,9,1,10,1,11,,108,,1,21,121.5296177,25.0283899
113,11,8,18,55,2,12內湖區,內湖區金湖路362號,0,0,2,1,C03,6,5,5,40,14,8,1,4,4,5,13,4,4,1,5,4,1,12,1,39,2,8,6,1,7,9,1,10,1,14,,44,,1,21,121.6040569,25.0735652
113,11,8,18,55,2,12內湖區,內湖區金湖路362號,0,0,2,2,C03,6,5,5,40,14,8,1,4,4,5,13,4,4,1,5,4,1,12,2,22,2,9,6,1,7,8,1,10,1,12,,100,,1,21,121.6040569,25.0735652
113,11,8,19,19,2,04大安區,大安區和平東路2段與建國南路2段口,0,0,2,1,C03,7,5,5,50,4,1,1,5,4,5,13,2,1,1,4,5,2,17,1,30,2,8,5,1,7,8,1,10,2,13,,100,,1,21,121.5374637,25.025786
113,11,8,19,19,2,04大安區,大安區和平東路2段與建國南路2段口,0,0,2,2,C03,7,5,5,50,4,1,1,5,4,5,13,2,1,1,4,5,2,17,1,61,2,9,5,1,7,9,1,9,2,11,,44,,1,21,121.5374637,25.025786
113,11,8,19,29,2,04大安區,大安區敦化南路2段10號,0,0,1,1,B03,7,5,5,50,14,9,1,5,4,5,13,4,4,9,4,5,1,12,2,42,3,10,3,4,7,9,1,8,9,2,,108,,2,21,121.5485356,25.0328794
113,11,8,19,29,2,04大安區,大安區敦化南路2段10號,0,0,1,2,C04,7,5,5,50,14,9,1,5,4,5,13,4,4,9,4,5,1,12,2,51,2,9,3,4,7,15,1,8,1,14,,44,,1,21,121.5485356,25.0328794
113,11,8,19,29,2,04大安區,大安區敦化南路2段10號,0,0,1,3,C03,7,5,5,50,14,9,1,5,4,5,13,4,4,9,4,5,1,12,1,38,3,10,3,4,7,9,1,10,1,13,,44,,1,21,121.5485356,25.0328794
113,11,8,19,45,2,03中山區,中山區明水路大直橋下,0,0,1,2,B03,7,5,5,50,14,9,1,5,4,5,13,1,1,1,4,5,2,13,1,45,3,10,7,1,7,9,1,8,1,3,,44,,1,21,121.5440306,25.0774026
113,11,8,19,45,2,03中山區,中山區明水路大直橋下,0,0,1,1,C03,7,5,5,50,14,9,1,5,4,5,13,1,1,1,4,5,2,13,2,41,2,9,6,1,7,9,1,10,1,11,,16,,1,21,121.5440306,25.0774026
113,11,8,20,3,2,05中正區,中正區市民大道2段與林森北路口,0,0,2,1,C03,7,5,5,40,4,1,1,5,4,5,13,1,1,1,4,5,1,17,2,24,3,10,6,1,7,5,1,10,2,13,,8,,1,22,121.5242309,25.0477257
113,11,8,20,3,2,05中正區,中正區市民大道2段與林森北路口,0,0,2,2,C03,7,5,5,40,4,1,1,5,4,5,13,1,1,1,4,5,1,17,2,22,2,9,6,1,7,9,1,10,2,11,,44,,1,22,121.5242309,25.0477257
113,11,8,20,3,2,05中正區,中正區市民大道2段與林森北路口,0,0,2,3,H02,7,5,5,40,4,1,1,5,4,5,13,1,1,1,4,5,1,17,2,24,2,8,6,5,7,20,8,20,10,16,,60,,1,22,121.5242309,25.0477257
113,11,8,20,12,2,03中山區,中山區民生東路3段與建國北路2段口,0,0,1,1,C03,7,5,5,50,4,1,1,5,4,5,13,1,1,1,4,5,2,12,1,28,2,9,6,1,7,8,1,10,1,12,,71,,1,21,121.5371606,25.05787181
113,11,8,20,12,2,03中山區,中山區民生東路3段與建國北路2段口,0,0,1,2,C03,7,5,5,50,4,1,1,5,4,5,13,1,1,1,4,5,2,12,1,48,3,10,6,1,7,9,1,10,1,14,,44,,1,21,121.5371606,25.05787181
113,11,8,20,12,2,07信義區,信義區松壽路與市府路口,0,0,1,1,A02,8,5,5,50,14,9,1,5,4,5,13,4,4,9,4,5,2,9,1,64,3,10,7,4,7,9,1,2,9,17,,116,,1,21,121.5638162,25.0359458
113,11,8,20,12,2,07信義區,信義區松壽路與市府路口,0,0,1,2,H02,8,5,5,50,14,9,1,5,4,5,13,4,4,9,4,5,2,9,2,36,2,9,4,5,7,20,8,20,10,16,,67,,1,21,121.5638162,25.0359458
113,11,8,21,9,2,04大安區,大安區仁愛路3段123巷與仁愛路3段123巷26弄口,0,0,1,1,B11,8,5,5,30,4,1,1,5,4,5,13,4,4,10,5,5,2,17,1,50,3,10,7,1,7,12,1,4,1,17,,72,,1,21,121.5419815,25.0390823
113,11,8,21,9,2,04大安區,大安區仁愛路3段123巷與仁愛路3段123巷26弄口,0,0,1,2,C03,8,5,5,30,4,1,1,5,4,5,13,4,4,10,5,5,2,17,1,37,2,9,5,1,7,12,1,10,1,14,,44,,1,21,121.5419815,25.0390823
113,11,8,21,51,2,10文山區,文山區辛亥路7段與忠順街1段口,0,0,2,1,C03,7,5,5,50,3,1,1,4,4,5,13,2,1,10,5,4,2,16,1,24,2,8,6,1,7,5,1,10,2,11,,74,,1,21,121.5540707,24.983194
113,11,8,21,51,2,10文山區,文山區辛亥路7段與忠順街1段口,0,0,2,2,C03,7,5,5,50,3,1,1,4,4,5,13,2,1,10,5,4,2,16,2,46,2,9,6,1,7,9,1,10,2,11,,44,,1,21,121.5540707,24.983194
113,11,8,21,56,2,10文山區,文山區溪洲街與溪洲街5巷口口,0,0,2,1,C03,7,5,5,50,4,1,1,3,4,5,13,4,4,9,5,5,2,18,1,19,2,9,6,1,7,9,1,10,2,12,,116,,1,21,121.5351382,25.00607349
113,11,8,21,56,2,10文山區,文山區溪洲街與溪洲街5巷口口,0,0,2,3,H02,7,5,5,50,4,1,1,3,4,5,13,4,4,9,5,5,2,18,1,19,2,9,6,5,7,20,8,20,10,16,,67,,1,21,121.5351382,25.00607349
113,11,8,21,56,2,10文山區,文山區溪洲街與溪洲街5巷口口,0,0,2,2,,7,5,5,50,4,1,1,3,4,5,13,4,4,9,5,5,2,18,3,32,,,,,,,,,,,,61,,1,,121.5351382,25.00607349
113,11,8,22,25,2,07信義區,信義區忠孝東路5段35號,0,0,1,1,C04,7,5,5,50,14,9,1,4,4,5,13,1,1,1,4,5,2,13,2,25,2,9,6,1,7,7,1,8,1,11,,13,,1,21,121.566112,25.0412071
113,11,8,22,25,2,07信義區,信義區忠孝東路5段35號,0,0,1,2,B03,7,5,5,50,14,9,1,4,4,5,13,1,1,1,4,5,2,13,1,24,3,10,7,1,7,14,1,8,1,7,,44,,1,21,121.566112,25.0412071
113,11,8,22,51,2,05中正區,中正區汀州路3段與汀州路3段111巷口,0,0,2,1,C03,6,5,5,50,3,18,1,4,4,5,13,2,1,5,4,5,2,3,1,23,2,9,5,1,7,9,1,10,2,11,,70,,1,21,121.5298926,25.0167421
113,11,8,22,51,2,05中正區,中正區汀州路3段與汀州路3段111巷口,0,0,2,2,H01,6,5,5,50,3,18,1,4,4,5,13,2,1,5,4,5,2,3,1,75,2,9,4,5,8,16,8,20,10,16,,122,,1,21,121.5298926,25.0167421
113,11,8,23,25,2,06松山區,松山區長安東路2段與復興北路口,0,0,1,1,C03,6,5,5,50,4,1,1,4,4,5,13,1,1,1,4,5,2,11,2,27,2,9,6,1,7,9,1,10,1,11,,16,,1,22,121.5440395,25.0480972
113,11,8,23,25,2,06松山區,松山區長安東路2段與復興北路口,0,0,1,2,B12,6,5,5,50,4,1,1,4,4,5,13,1,1,1,4,5,2,11,1,42,3,10,7,1,7,9,1,8,1,15,,44,,1,22,121.5440395,25.0480972
113,11,9,0,29,2,09北投區,北投區大業路與光明路口,0,0,1,1,C03,8,5,5,50,4,1,1,5,4,5,13,1,1,5,4,5,2,18,1,56,2,1,6,4,7,9,1,9,1,14,,108,,1,21,121.503814,25.1370736
113,11,9,0,29,2,09北投區,北投區大業路與光明路口,0,0,1,2,,8,5,5,50,4,1,1,5,4,5,13,1,1,5,4,5,2,18,3,0,,,,,,,,,,,,67,,1,,121.503814,25.1370736
113,11,9,0,37,2,04大安區,大安區市民大道4段236號,0,0,1,1,B03,7,5,5,40,14,9,1,4,4,5,13,3,1,1,3,5,2,17,1,26,3,10,7,1,7,9,1,8,1,15,,101,,1,21,121.5568281,25.0447986
113,11,9,0,37,2,04大安區,大安區市民大道4段236號,0,0,1,2,C03,7,5,5,40,14,9,1,4,4,5,13,3,1,1,3,5,2,17,2,28,2,9,6,1,7,9,1,10,1,14,,14,,1,21,121.5568281,25.0447986
113,11,9,0,51,2,01大同區,大同區迪化街1段與民生西路口,0,0,1,1,B01,8,5,5,50,5,2,1,5,4,5,13,2,1,9,4,5,2,17,1,62,3,10,7,4,7,6,1,4,1,15,,9,,2,22,121.5098713,25.0569645
113,11,9,0,51,2,01大同區,大同區迪化街1段與民生西路口,0,0,1,2,C03,8,5,5,50,5,2,1,5,4,5,13,2,1,9,4,5,2,17,1,31,2,9,6,4,7,9,1,10,1,12,,44,,1,22,121.5098713,25.0569645