發生年度,發生月,發生日,發生時-Hours,發生分,處理別-編號,區序,肇事地點,死亡人數,2-30日死亡人數,受傷人數,當事人序號,車種,天候,道路照明設備,道路類別,速限-速度限制,道路型態,事故位置,路面狀況1,路面狀況2,路面狀況3,道路障礙1,道路障礙2,號誌1,號誌2,車道劃分-分向,車道劃分-分道1,車道劃分-分道2,車道劃分-分道3,事故類型及型態,性別,年齡,受傷程度,主要傷處,保護裝置,行動電話,車輛用途,當事者行動狀態,駕駛資格情形,駕駛執照種類,飲酒情形,車輛撞擊部位1,車輛撞擊部位2,肇因碼-個別,肇因碼-主要,個人肇逃否,職業,座標-X,座標-Y
113,11,9,1,29,2,03中山區,中山區南京東路3段與復興北路口,0,0,1,1,B03,7,5,5,50,4,1,1,5,4,5,13,1,1,3,4,5,2,17,1,39,3,10,7,1,7,9,1,8,1,5,,81,,1,21,121.5439246,25.05185914
113,11,9,1,29,2,03中山區,中山區南京東路3段與復興北路口,0,0,1,2,C03,7,5,5,50,4,1,1,5,4,5,13,1,1,3,4,5,2,17,1,21,2,9,6,1,7,9,1,10,1,14,,13,,1,21,121.5439246,25.05185914
113,11,9,1,39,2,03中山區,中山區合江街17巷12號,0,0,1,1,C03,6,5,5,30,14,9,1,4,4,5,13,4,4,10,5,5,2,24,1,22,2,5,3,4,7,9,1,10,1,11,,13,,1,21,121.5395212,25.0550853
113,11,9,1,39,2,03中山區,中山區合江街17巷12號,0,0,1,2,,6,5,5,30,14,9,1,4,4,5,13,4,4,10,5,5,2,24,3,56,,,,,,,,,10,,,129,,1,,121.5395212,25.0550853
113,11,9,1,43,2,06松山區,松山區八德路4段與塔悠路口,0,0,1,1,C03,6,5,5,30,5,1,1,4,4,5,13,1,1,1,4,4,2,16,1,67,3,10,6,1,7,6,1,10,2,15,,5,,1,22,121.5722234,25.0501459
113,11,9,1,43,2,06松山區,松山區八德路4段與塔悠路口,0,0,1,2,C03,6,5,5,30,5,1,1,4,4,5,13,1,1,1,4,4,2,16,2,47,2,9,6,1,7,11,1,10,2,15,,10,,1,22,121.5722234,25.0501459
113,11,9,2,37,2,06松山區,松山區敦化北路與敦化北路199巷口,0,0,1,1,B02,6,5,5,50,4,1,1,4,4,5,13,2,1,1,4,4,2,15,2,43,3,10,7,1,7,9,1,8,1,8,,72,,1,21,121.5492443,25.0557679
113,11,9,2,37,2,06松山區,松山區敦化北路與敦化北路199巷口,0,0,1,2,C03,6,5,5,50,4,1,1,4,4,5,13,2,1,1,4,4,2,15,1,34,2,9,6,1,7,9,1,10,1,11,,44,,1,21,121.5492443,25.0557679
113,11,9,4,28,2,02萬華區,萬華區西園路2段與西藏路口,0,0,1,1,B03,6,5,5,50,4,1,1,4,4,5,13,1,1,1,4,5,2,17,1,75,3,10,7,4,7,5,6,18,11,17,,8,,1,21,121.4956248,25.02880121
113,11,9,4,28,2,02萬華區,萬華區西園路2段與西藏路口,0,0,1,2,C03,6,5,5,50,4,1,1,4,4,5,13,1,1,1,4,5,2,17,1,24,2,9,5,4,7,9,1,10,1,12,,13,,1,21,121.4956248,25.02880121
113,11,9,4,50,2,08士林區,士林區中正路與百齡橋口,0,0,2,1,C03,7,5,5,50,4,2,1,5,4,5,13,1,1,3,4,5,1,17,1,58,2,1,6,1,7,9,1,10,2,14,,108,,1,22,121.5161506,25.0906463
113,11,9,4,50,2,08士林區,士林區中正路與百齡橋口,0,0,2,2,F01,7,5,5,50,4,2,1,5,4,5,13,1,1,3,4,5,1,17,1,49,2,1,4,1,7,9,8,20,2,15,,27,,1,22,121.5161506,25.0906463
113,11,9,5,51,2,04大安區,大安區信義路4段與復興南路2段口口,0,0,2,1,C04,6,5,5,50,4,2,1,4,4,5,13,1,1,1,3,4,1,1,1,27,2,9,6,1,7,6,1,11,1,11,,70,,1,21,121.5437367,25.03330631
113,11,9,5,51,2,04大安區,大安區信義路4段與復興南路2段口口,0,0,2,2,H01,6,5,5,50,4,2,1,4,4,5,13,1,1,1,3,4,1,1,2,73,2,9,4,5,8,16,8,20,10,16,,67,,1,21,121.5437367,25.03330631
113,11,9,7,24,2,08士林區,士林區大南路94號,0,0,1,2,H01,7,7,5,30,14,9,1,4,4,5,13,4,4,9,5,5,2,9,2,86,2,9,4,5,8,16,8,20,10,16,,60,,1,22,121.5243455,25.0895248
113,11,9,7,24,2,08士林區,士林區大南路94號,0,0,1,1,C03,7,7,5,30,14,9,1,4,4,5,13,4,4,9,5,5,2,9,1,66,3,10,5,1,7,9,3,18,2,11,,42,,1,22,121.5243455,25.0895248
113,11,9,7,24,2,08士林區,士林區大南路94號,0,0,1,3,,7,7,5,30,14,9,1,4,4,5,13,4,4,9,5,5,2,9,3,50,,,,,,,,,10,,,,,,,121.5243455,25.0895248
113,11,9,7,50,2,09北投區,北投區大度路與大度路150巷口,0,0,2,1,C03,8,6,5,50,14,9,1,5,4,5,13,1,1,9,2,1,1,13,1,30,2,7,6,1,7,9,1,10,1,11,,118,,1,21,121.4938583,25.1216709
113,11,9,7,50,2,09北投區,北投區大度路與大度路150巷口,0,0,2,2,C03,8,6,5,50,14,9,1,5,4,5,13,1,1,9,2,1,1,13,1,65,2,9,5,1,7,9,3,18,1,13,,42,,1,21,121.4938583,25.1216709
113,11,9,8,6,2,07信義區,信義區松仁路與松仁路235巷口,0,0,1,1,C03,6,6,5,50,4,1,1,4,4,5,13,4,4,4,5,5,2,16,1,28,2,9,5,1,7,9,1,10,1,12,11,42,,1,21,121.5691128,25.0254428
113,11,9,8,6,2,07信義區,信義區松仁路與松仁路235巷口,0,0,1,2,B03,6,6,5,50,4,1,1,4,4,5,13,4,4,4,5,5,2,16,2,33,3,10,3,4,7,6,1,8,1,6,,27,,1,21,121.5691128,25.0254428
113,11,9,8,23,2,07信義區,信義區莊敬路與吳興街269巷口,0,0,1,1,B01,6,5,5,30,3,2,1,4,4,5,13,4,4,9,4,4,2,17,1,66,4,11,3,4,7,21,7,19,9,15,,72,,2,22,121.5650535,25.0276142
113,11,9,8,23,2,07信義區,信義區莊敬路與吳興街269巷口,0,0,1,2,C03,6,5,5,30,3,2,1,4,4,5,13,4,4,9,4,4,2,17,1,25,2,9,6,1,7,9,1,10,1,14,,14,,1,22,121.5650535,25.0276142
113,11,9,8,30,2,08士林區,士林區福國路15巷與中山北路5段811巷口,0,0,1,1,C03,7,7,5,30,4,1,1,4,4,5,13,4,4,10,4,5,1,17,1,36,2,9,5,1,7,9,1,10,9,11,,72,,1,21,121.5245987,25.1009076
113,11,9,8,30,2,08士林區,士林區福國路15巷與中山北路5段811巷口,0,0,1,2,B03,7,7,5,30,4,1,1,4,4,5,13,4,4,10,4,5,1,17,1,67,3,10,7,1,7,9,1,8,9,4,,14,,1,21,121.5245987,25.1009076
113,11,9,9,19,2,05中正區,中正區重慶南路3段與汀州路2段口,0,0,1,1,B03,6,6,5,50,4,1,1,4,4,5,13,1,1,1,4,5,2,17,1,71,3,10,7,1,7,5,1,8,2,2,,71,,1,21,121.5163172,25.0257097
113,11,9,9,19,2,05中正區,中正區重慶南路3段與汀州路2段口,0,0,1,2,C03,6,6,5,50,4,1,1,4,4,5,13,1,1,1,4,5,2,17,1,18,2,9,5,1,7,9,1,10,2,11,,13,,1,21,121.5163172,25.0257097
113,11,9,9,28,2,04大安區,大安區和平東路2段與新生南路3段口,0,0,1,1,C03,6,7,5,50,4,1,1,4,4,5,13,2,1,1,4,5,2,12,2,25,3,10,6,1,7,15,1,10,1,14,,101,,1,21,121.534926,25.0257818
113,11,9,9,28,2,04大安區,大安區和平東路2段與新生南路3段口,0,0,1,2,C03,6,7,5,50,4,1,1,4,4,5,13,2,1,1,4,5,2,12,2,29,2,9,6,1,7,9,1,10,1,11,,44,,1,21,121.534926,25.0257818
113,11,9,9,38,2,08士林區,士林區延平北路7段106巷堤外,0,0,2,1,F01,8,7,5,30,14,9,1,5,4,5,13,4,4,10,5,5,1,17,2,65,2,1,4,1,7,5,8,20,1,11,,8,,1,21,121.4962458,25.09989878
113,11,9,9,38,2,08士林區,士林區延平北路7段106巷堤外,0,0,2,2,C03,8,7,5,30,14,9,1,5,4,5,13,4,4,10,5,5,1,17,2,26,2,8,6,1,7,9,1,10,1,11,,44,,1,21,121.4962458,25.09989878
113,11,9,9,57,2,05中正區,中正區汀州路3段與羅斯福路3段316巷口,0,0,1,1,C03,7,7,5,50,3,1,1,4,4,5,12,2,1,5,4,5,2,16,1,63,3,10,5,1,7,5,1,10,1,11,,74,,1,21,121.5319825,25.0153053
113,11,9,9,57,2,05中正區,中正區汀州路3段與羅斯福路3段316巷口,0,0,1,2,C03,7,7,5,50,3,1,1,4,4,5,12,2,1,5,4,5,2,16,1,49,2,7,5,1,7,9,1,10,1,11,,44,,1,21,121.5319825,25.0153053
113,11,9,10,3,2,03中山區,中山區安東街16巷與安東街16巷30弄口,0,0,2,1,C03,6,6,5,30,3,1,1,4,4,5,13,4,4,10,5,5,2,17,1,77,2,9,6,1,7,1,1,10,1,12,,19,,1,21,121.5403023,25.0453226
113,11,9,10,3,2,03中山區,中山區安東街16巷與安東街16巷30弄口,0,0,2,2,C03,6,6,5,30,3,1,1,4,4,5,13,4,4,10,5,5,2,17,1,20,2,9,6,1,7,9,1,10,1,11,,44,,1,21,121.5403023,25.0453226
113,11,9,10,3,2,03中山區,中山區安東街16巷與安東街16巷30弄口,0,0,2,3,C03,6,6,5,30,3,1,1,4,4,5,13,4,4,10,5,5,2,17,3,0,,,,,,,,,,,,67,,1,,121.5403023,25.0453226
113,11,9,10,3,2,03中山區,中山區安東街16巷與安東街16巷30弄口,0,0,2,4,C03,6,6,5,30,3,1,1,4,4,5,13,4,4,10,5,5,2,17,3,0,,,,,,,,,,,,67,,1,,121.5403023,25.0453226
113,11,9,10,3,2,03中山區,中山區安東街16巷與安東街16巷30弄口,0,0,2,5,C03,6,6,5,30,3,1,1,4,4,5,13,4,4,10,5,5,2,17,3,0,,,,,,,,,,,,67,,1,,121.5403023,25.0453226
113,11,9,10,12,2,04大安區,大安區和平東路2段與新生南路3段口,0,0,2,1,C03,7,6,5,50,4,1,1,4,4,5,13,1,1,3,4,5,2,17,1,27,2,8,6,4,7,9,1,9,1,14,,99,,1,21,121.5349973,25.0263259
113,11,9,10,12,2,04大安區,大安區和平東路2段與新生南路3段口,0,0,2,2,C03,7,6,5,50,4,1,1,4,4,5,13,1,1,3,4,5,2,17,1,25,2,8,6,4,7,9,1,10,1,12,,44,,1,21,121.5349973,25.0263259
113,11,9,10,25,2,10文山區,文山區興隆路4段與下崙路口,0,0,1,2,B03,6,7,5,50,4,1,1,4,4,5,13,2,1,1,4,5,2,16,1,35,3,10,7,1,7,9,1,8,1,2,,44,,1,21,121.5608811,24.9866595
113,11,9,10,25,2,10文山區,文山區興隆路4段與下崙路口,0,0,1,1,F01,6,7,5,50,4,1,1,4,4,5,13,2,1,1,4,5,2,16,1,17,2,9,2,1,7,5,8,20,1,11,,8,,1,21,121.5608811,24.9866595
113,11,9,10,34,2,02萬華區,萬華區和平西路3段與桂林路246巷口,0,0,2,1,C03,7,5,5,30,3,2,1,4,4,5,13,1,1,3,5,5,2,17,1,18,2,8,6,1,7,9,1,10,1,11,,108,,1,21,121.4909373,25.0356802
113,11,9,10,34,2,02萬華區,萬華區和平西路3段與桂林路246巷口,0,0,2,2,C03,7,5,5,30,3,2,1,4,4,5,13,1,1,3,5,5,2,17,1,68,2,8,6,1,7,14,1,10,1,13,,44,,1,21,121.4909373,25.0356802
113,11,9,10,34,2,02萬華區,萬華區和平西路3段與桂林路246巷口,0,0,2,3,C03,7,5,5,30,3,2,1,4,4,5,13,1,1,3,5,5,2,17,1,28,3,10,6,1,7,14,1,10,1,12,,44,,1,21,121.4909373,25.0356802
113,11,9,10,50,2,07信義區,信義區松仁路與松仁路95巷口,0,0,1,1,C03,6,7,5,50,14,9,1,4,4,5,13,4,4,9,4,5,2,13,1,20,3,10,5,4,7,6,1,10,1,13,,9,,1,21,121.5685034,25.0365603
113,11,9,10,50,2,07信義區,信義區松仁路與松仁路95巷口,0,0,1,2,C03,6,7,5,50,14,9,1,4,4,5,13,4,4,9,4,5,2,13,1,27,2,9,5,4,7,9,1,10,1,11,,13,,1,21,121.5685034,25.0365603
113,11,9,11,0,2,01大同區,大同區延平北路4段與敦煌路口,0,0,2,1,C03,7,6,5,50,4,2,1,4,4,5,13,2,1,9,4,5,2,13,1,75,2,9,5,1,7,9,1,10,9,11,,108,,1,21,121.5119896,25.0764738
113,11,9,11,0,2,01大同區,大同區延平北路4段與敦煌路口,0,0,2,2,C03,7,6,5,50,4,2,1,4,4,5,13,2,1,9,4,5,2,13,1,20,2,8,5,1,7,9,1,10,2,13,,44,,1,21,121.5119896,25.0764738
113,11,9,11,7,2,02萬華區,萬華區西藏路199巷與萬大路218巷口,0,0,2,1,C03,7,6,5,30,3,1,1,5,4,5,13,4,4,10,5,5,2,16,2,42,2,9,5,4,7,6,1,10,1,11,,19,,1,22,121.4998034,25.0271431
113,11,9,11,7,2,02萬華區,萬華區西藏路199巷與萬大路218巷口,0,0,2,2,C03,7,6,5,30,3,1,1,5,4,5,13,4,4,10,5,5,2,16,1,28,2,9,5,4,7,9,1,10,1,12,,13,,1,22,121.4998034,25.0271431
113,11,9,11,7,2,02萬華區,萬華區西藏路199巷與萬大路218巷口,0,0,2,3,B03,7,6,5,30,3,1,1,5,4,5,13,4,4,10,5,5,2,16,2,65,3,10,3,4,7,13,3,18,9,7,,44,,1,22,121.4998034,25.0271431
113,11,9,11,7,2,02萬華區,萬華區西藏路199巷與萬大路218巷口,0,0,2,4,B03,7,6,5,30,3,1,1,5,4,5,13,4,4,10,5,5,2,16,1,58,3,10,3,4,7,13,1,8,9,17,,44,,1,22,121.4998034,25.0271431
113,11,9,11,20,2,09北投區,北投區公館路與公館路423巷口,0,0,1,1,C03,7,7,5,30,3,1,1,5,4,5,13,4,4,10,5,5,2,16,2,57,2,9,5,1,7,6,1,10,1,14,,118,,1,21,121.5025215,25.1208798
113,11,9,11,20,2,09北投區,北投區公館路與公館路423巷口,0,0,1,2,C03,7,7,5,30,3,1,1,5,4,5,13,4,4,10,5,5,2,16,1,57,3,10,5,1,7,9,1,10,1,12,,118,,1,21,121.5025215,25.1208798
113,11,9,11,44,2,02萬華區,萬華區西園路2段與西藏路口,0,0,1,1,B03,8,7,5,50,4,1,1,5,4,5,13,1,1,1,4,5,2,17,1,64,3,10,7,1,7,11,1,8,1,1,,10,,1,21,121.4957536,25.02890322
113,11,9,11,44,2,02萬華區,萬華區西園路2段與西藏路口,0,0,1,2,C03,8,7,5,50,4,1,1,5,4,5,13,1,1,1,4,5,2,17,1,33,2,8,5,1,7,9,1,10,1,14,,44,,1,21,121.4957536,25.02890322
113,11,9,11,55,2,08士林區,士林區重慶北路4段207號,0,0,1,1,B03,7,7,5,50,14,8,1,5,4,5,13,4,4,8,3,4,2,12,2,66,3,10,3,4,7,9,1,8,2,2,,107,,1,22,121.5113453,25.0847714
113,11,9,11,55,2,08士林區,士林區重慶北路4段207號,0,0,1,2,F01,7,7,5,50,14,8,1,5,4,5,13,4,4,8,3,4,2,12,1,63,2,9,4,1,7,9,8,20,2,14,,44,,1,22,121.5113453,25.0847714
113,11,9,12,0,2,04大安區,大安區信義路4段與安和路2段口,0,0,1,1,B03,6,6,5,50,4,2,1,4,4,5,13,2,1,4,4,5,2,13,2,47,3,10,7,1,7,9,1,8,1,1,,108,,1,22,121.5521018,25.0331243
113,11,9,12,0,2,04大安區,大安區信義路4段與安和路2段口,0,0,1,2,B03,6,6,5,50,4,2,1,4,4,5,13,2,1,4,4,5,2,13,2,27,2,1,7,1,7,14,1,8,1,3,,44,,1,22,121.5521018,25.0331243
113,11,9,12,30,2,10文山區,文山區木新路2段200號,0,0,1,1,C03,6,6,5,50,14,9,1,4,4,5,13,4,4,5,4,5,1,12,1,18,3,10,6,1,7,9,1,10,1,14,,17,,1,21,121.5678429,24.9837124
113,11,9,12,30,2,10文山區,文山區木新路2段200號,0,0,1,2,B03,6,6,5,50,14,9,1,4,4,5,13,4,4,5,4,5,1,12,1,71,3,10,7,1,7,8,1,8,1,2,,100,,1,21,121.5678429,24.9837124
113,11,9,12,30,2,10文山區,文山區木新路2段200號,0,0,1,3,H02,6,6,5,50,14,9,1,4,4,5,13,4,4,5,4,5,1,12,1,18,2,8,6,5,7,21,8,20,10,17,,67,,1,21,121.5678429,24.9837124
113,11,9,12,40,2,07信義區,信義區虎林街120巷與忠孝東路5段423巷口,0,0,2,1,C03,6,6,5,30,4,1,1,4,4,5,13,4,4,9,5,5,2,15,1,62,3,10,5,1,7,9,1,10,2,11,,72,,1,21,121.5753471,25.0421505
113,11,9,12,40,2,07信義區,信義區虎林街120巷與忠孝東路5段423巷口,0,0,2,2,B03,6,6,5,30,4,1,1,4,4,5,13,4,4,9,5,5,2,15,1,39,2,8,7,1,7,9,1,8,2,5,,13,,1,21,121.5753471,25.0421505
113,11,9,12,40,2,07信義區,信義區虎林街120巷與忠孝東路5段423巷口,0,0,2,3,H02,6,6,5,30,4,1,1,4,4,5,13,4,4,9,5,5,2,15,2,21,2,1,7,5,7,21,8,20,10,17,,67,,1,21,121.5753471,25.0421505
113,11,9,12,45,2,04大安區,大安區市民大道4段168號,0,0,1,1,B01,8,7,5,40,14,9,1,5,4,5,13,4,4,9,5,5,2,12,1,48,3,10,3,4,7,1,1,8,1,4,,19,,1,21,121.5533052,25.0441052
113,11,9,12,45,2,04大安區,大安區市民大道4段168號,0,0,1,2,C03,8,7,5,40,14,9,1,5,4,5,13,4,4,9,5,5,2,12,1,30,2,8,3,4,7,9,1,10,1,12,,44,,1,21,121.5533052,25.0441052
113,11,9,12,55,2,08士林區,士林區文林路587巷兒童新樂園機車停車場出入口,0,0,1,1,C03,7,5,5,50,14,9,1,5,4,5,13,4,4,5,4,5,2,12,1,38,2,7,6,1,7,1,1,10,1,11,,19,,1,21,121.5138775,25.0978866
113,11,9,12,55,2,08士林區,士林區文林路587巷兒童新樂園機車停車場出入口,0,0,1,2,B03,7,5,5,50,14,9,1,5,4,5,13,4,4,5,4,5,2,12,1,64,3,10,7,1,7,9,1,5,1,2,,44,,1,21,121.5138775,25.0978866
113,11,9,13,30,2,02萬華區,接華中橋引道,0,0,1,1,C03,7,7,5,40,3,2,1,5,4,5,13,1,1,3,4,5,2,17,1,60,2,9,5,1,7,9,1,10,1,11,,81,,1,21,121.5072368,25.03519433
113,11,9,13,30,2,02萬華區,接華中橋引道,0,0,1,2,B12,7,7,5,40,3,2,1,5,4,5,13,1,1,3,4,5,2,17,1,48,3,10,7,1,7,6,3,18,1,4,,44,,1,21,121.5072368,25.03519433
113,11,9,14,28,2,05中正區,中正區中山北路1段與市民大道1段口,0,0,3,1,B03,7,6,5,40,14,9,1,5,4,5,13,4,4,1,4,5,2,12,1,29,3,10,2,1,7,9,1,8,2,5,,44,,1,22,121.5201677,25.0480724
113,11,9,14,28,2,05中正區,中正區中山北路1段與市民大道1段口,0,0,3,2,C03,7,6,5,40,14,9,1,5,4,5,13,4,4,1,4,5,2,12,2,43,2,7,6,1,7,9,1,10,2,14,,44,,1,22,121.5201677,25.0480724
113,11,9,14,28,2,05中正區,中正區中山北路1段與市民大道1段口,0,0,3,3,H02,7,6,5,40,14,9,1,5,4,5,13,4,4,1,4,5,2,12,2,48,2,8,6,5,7,20,8,20,10,16,,67,,1,22,121.5201677,25.0480724
113,11,9,14,28,2,05中正區,中正區中山北路1段與市民大道1段口,0,0,3,4,H02,7,6,5,40,14,9,1,5,4,5,13,4,4,1,4,5,2,12,2,9,2,8,6,5,7,20,8,20,10,16,,67,,1,22,121.5201677,25.0480724
113,11,9,14,57,2,11南港區,南港區市民大道7段與向陽路口,0,0,1,1,B03,8,6,5,50,4,1,1,5,4,5,13,2,1,1,4,5,2,16,1,46,3,10,3,4,7,6,1,8,1,6,,9,,1,21,121.5965223,25.0513949
113,11,9,14,57,2,11南港區,南港區市民大道7段與向陽路口,0,0,1,2,C03,8,6,5,50,4,1,1,5,4,5,13,2,1,1,4,5,2,16,1,55,2,9,6,1,7,9,1,10,1,14,,44,,1,21,121.5965223,25.0513949
113,11,9,15,0,2,08士林區,士林區中正路602號與中正路586巷口,0,0,2,1,C03,7,6,5,50,3,2,1,5,4,5,13,4,4,1,4,5,1,16,1,21,2,9,3,4,7,7,1,10,2,13,,100,,1,21,121.5098461,25.0870264
113,11,9,15,0,2,08士林區,士林區中正路602號與中正路586巷口,0,0,2,2,B03,7,6,5,50,3,2,1,5,4,5,13,4,4,1,4,5,1,16,1,33,3,10,3,4,7,9,1,8,2,1,,13,,1,21,121.5098461,25.0870264
113,11,9,15,0,2,08士林區,士林區中正路602號與中正路586巷口,0,0,2,3,H02,7,6,5,50,3,2,1,5,4,5,13,4,4,1,4,5,1,16,2,18,2,9,3,5,7,20,8,20,10,16,,67,,1,21,121.5098461,25.0870264
113,11,9,16,17,2,05中正區,中正區古亭河濱公園自行車道(永福橋下),0,0,2,1,F01,8,6,7,50,14,23,1,5,4,5,13,4,4,9,4,5,1,17,2,9,2,8,4,1,7,5,8,20,1,11,,8,,1,14,121.5254467,25.0162172
113,11,9,16,17,2,05中正區,中正區古亭河濱公園自行車道(永福橋下),0,0,2,2,F01,8,6,7,50,14,23,1,5,4,5,13,4,4,9,4,5,1,17,2,42,2,9,4,1,7,9,8,20,1,11,,108,,1,21,121.5254467,25.0162172
113,11,9,16,48,2,02萬華區,萬華區西藏路與萬大路口,0,0,1,1,C03,7,7,5,50,4,2,1,5,4,5,13,1,1,1,5,5,2,17,1,22,2,8,5,1,7,10,3,18,1,11,14,100,,1,21,121.5001822,25.0293505
113,11,9,16,48,2,02萬華區,萬華區西藏路與萬大路口,0,0,1,2,B03,7,7,5,50,4,2,1,5,4,5,13,1,1,1,5,5,2,17,1,32,3,10,7,1,7,12,1,8,1,7,,44,,1,21,121.5001822,25.0293505
113,11,9,16,48,2,02萬華區,萬華區西藏路與萬大路口,0,0,1,3,B03,7,7,5,50,4,2,1,5,4,5,13,1,1,1,5,5,2,17,1,43,3,10,7,1,7,14,1,8,1,2,,44,,1,21,121.5001822,25.0293505
113,11,9,17,5,2,01大同區,大同區承德路3段與庫倫街口,0,0,1,1,B03,7,5,5,50,4,1,1,5,4,5,13,1,1,5,2,5,2,16,1,27,3,10,7,1,7,5,1,8,1,4,,8,,1,21,121.5186609,25.0719989
113,11,9,17,5,2,01大同區,大同區承德路3段與庫倫街口,0,0,1,2,C03,7,5,5,50,4,1,1,5,4,5,13,1,1,5,2,5,2,16,2,58,2,9,6,1,7,5,1,10,1,12,,8,,1,21,121.5186609,25.0719989
113,11,9,17,58,2,08士林區,士林區文林路770巷與克強路口,0,0,1,1,C03,7,5,5,30,4,2,1,5,4,5,13,4,4,9,4,5,1,15,1,28,3,10,3,4,7,9,1,10,1,14,,72,,1,21,121.5224887,25.1092336
113,11,9,17,58,2,08士林區,士林區文林路770巷與克強路口,0,0,1,2,C03,7,5,5,30,4,2,1,5,4,5,13,4,4,9,4,5,1,15,1,42,2,9,3,4,7,9,1,10,1,11,,44,,1,21,121.5224887,25.1092336
113,11,9,18,35,2,01大同區,大同區南京西路與南京西路167巷口,0,0,1,1,B03,8,5,5,30,5,1,1,5,4,5,13,4,4,5,4,4,2,16,1,40,3,10,7,1,6,5,1,8,2,5,,44,,1,22,121.5128541,25.0539677
113,11,9,18,35,2,01大同區,大同區南京西路與南京西路167巷口,0,0,1,2,C03,8,5,5,30,5,1,1,5,4,5,13,4,4,5,4,4,2,16,1,74,3,10,5,1,7,15,1,10,2,12,,4,,1,22,121.5128541,25.0539677
113,11,9,18,35,2,01大同區,大同區南京西路與南京西路167巷口,0,0,1,3,H02,8,5,5,30,5,1,1,5,4,5,13,4,4,5,4,4,2,16,2,69,2,8,5,5,7,21,8,20,10,16,,67,,1,22,121.5128541,25.0539677
113,11,9,19,7,2,07信義區,信義區市民大道5段與光復南路口口,0,0,1,2,B03,8,7,5,0,14,23,1,5,4,5,13,2,1,9,4,5,1,16,1,38,3,10,3,1,7,6,1,4,1,2,,9,,1,22,121.557924,25.0450539
113,11,9,19,7,2,07信義區,信義區市民大道5段與光復南路口口,0,0,1,1,F01,8,7,5,0,14,23,1,5,4,5,13,2,1,9,4,5,1,16,1,42,2,1,4,4,7,11,8,20,1,11,,11,,1,22,121.557924,25.0450539
113,11,9,19,19,2,03中山區,中山區中山北路2段與民權西路口,0,0,2,1,C03,8,5,5,50,4,3,1,5,4,5,13,1,1,5,4,1,2,16,1,24,2,9,5,1,7,8,1,10,1,11,14,108,,1,21,121.5225203,25.06267873
113,11,9,19,19,2,03中山區,中山區中山北路2段與民權西路口,0,0,2,2,C03,8,5,5,50,4,3,1,5,4,5,13,1,1,5,4,1,2,16,1,58,2,9,5,1,7,14,1,10,1,14,12,44,,1,21,121.5225203,25.06267873
113,11,9,19,25,2,04大安區,大安區和平東路3段與臥龍街口,0,0,1,1,B03,8,5,5,50,4,1,1,5,4,5,13,2,1,1,4,5,1,16,1,85,3,10,3,4,7,5,1,8,2,5,,74,,1,21,121.5467154,25.0246647
113,11,9,19,25,2,04大安區,大安區和平東路3段與臥龍街口,0,0,1,2,C03,8,5,5,50,4,1,1,5,4,5,13,2,1,1,4,5,1,16,1,42,2,9,6,4,7,9,1,10,2,11,,13,,1,21,121.5467154,25.0246647
113,11,9,20,30,2,01大同區,大同區民生西路與民生西路178巷口,0,0,1,1,B01,8,5,5,50,14,9,1,5,4,5,13,4,4,5,4,4,2,12,1,61,3,10,7,1,7,14,1,4,2,2,,126,,1,22,121.5174472,25.0571563
113,11,9,20,30,2,01大同區,大同區民生西路與民生西路178巷口,0,0,1,2,C03,8,5,5,50,14,9,1,5,4,5,13,4,4,5,4,4,2,12,1,28,2,9,6,1,7,1,1,10,2,12,,44,,1,22,121.5174472,25.0571563
113,11,9,20,30,2,01大同區,大同區民生西路與民生西路178巷口,0,0,1,3,H02,8,5,5,50,14,9,1,5,4,5,13,4,4,5,4,4,2,12,4,0,,,,,,,,,,,,119,,2,,121.5174472,25.0571563
113,11,9,21,8,2,06松山區,松山區八德路3段8巷與八德路3段12巷52弄口,0,0,2,1,B02,6,5,5,30,4,1,1,4,4,5,13,3,1,9,4,4,2,15,1,39,3,10,7,1,7,9,1,8,1,5,,72,,1,21,121.5496916,25.0461731
113,11,9,21,8,2,06松山區,松山區八德路3段8巷與八德路3段12巷52弄口,0,0,2,2,C03,6,5,5,30,4,1,1,4,4,5,13,3,1,9,4,4,2,15,1,62,2,9,6,1,7,9,1,10,1,11,,108,,1,21,121.5496916,25.0461731
113,11,9,21,8,2,06松山區,松山區八德路3段8巷與八德路3段12巷52弄口,0,0,2,3,H02,6,5,5,30,4,1,1,4,4,5,13,3,1,9,4,4,2,15,2,61,2,9,6,5,7,20,8,20,10,16,,67,,1,21,121.5496916,25.0461731
113,11,9,21,13,2,03中山區,中山區市民大道2段與林森北路口,0,0,3,1,C03,8,5,5,40,4,1,1,5,4,5,13,1,1,1,4,1,2,12,1,19,2,9,6,1,7,8,1,10,1,12,,100,,1,22,121.522164,25.05804618
113,11,9,21,13,2,03中山區,中山區市民大道2段與林森北路口,0,0,3,2,C03,8,5,5,40,4,1,1,5,4,5,13,1,1,1,4,1,2,12,1,53,2,9,6,1,7,9,1,10,1,14,,44,,1,22,121.522164,25.05804618
113,11,9,21,13,2,03中山區,中山區市民大道2段與林森北路口,0,0,3,3,H02,8,5,5,40,4,1,1,5,4,5,13,1,1,1,4,1,2,12,2,18,2,8,6,5,7,17,8,20,10,16,,67,,1,22,121.522164,25.05804618