發生年度,發生月,發生日,發生時-Hours,發生分,處理別-編號,區序,肇事地點,死亡人數,2-30日死亡人數,受傷人數,當事人序號,車種,天候,道路照明設備,道路類別,速限-速度限制,道路型態,事故位置,路面狀況1,路面狀況2,路面狀況3,道路障礙1,道路障礙2,號誌1,號誌2,車道劃分-分向,車道劃分-分道1,車道劃分-分道2,車道劃分-分道3,事故類型及型態,性別,年齡,受傷程度,主要傷處,保護裝置,行動電話,車輛用途,當事者行動狀態,駕駛資格情形,駕駛執照種類,飲酒情形,車輛撞擊部位1,車輛撞擊部位2,肇因碼-個別,肇因碼-主要,個人肇逃否,職業,座標-X,座標-Y
113,11,9,21,30,2,08士林區,士林區延平北路5段196號,0,0,1,1,B03,7,5,5,50,14,9,1,4,4,5,13,1,1,1,4,5,1,17,1,44,3,10,7,1,7,1,1,8,1,4,,19,,1,21,121.5100635,25.0835727
113,11,9,21,30,2,08士林區,士林區延平北路5段196號,0,0,1,2,C03,7,5,5,50,14,9,1,4,4,5,13,1,1,1,4,5,1,17,1,29,2,9,5,1,7,9,1,10,1,11,,44,,1,21,121.5100635,25.0835727
113,11,9,21,42,2,05中正區,中正區汀州路2段與牯嶺街口,0,0,1,1,C04,7,5,5,50,4,1,1,5,4,5,13,1,1,5,5,5,2,17,2,26,3,10,5,1,7,5,1,10,2,17,,71,,1,22,121.518956,25.0251025
113,11,9,21,42,2,05中正區,中正區汀州路2段與牯嶺街口,0,0,1,2,C03,7,5,5,50,4,1,1,5,4,5,13,1,1,5,5,5,2,17,1,33,2,8,5,1,7,9,1,10,2,14,,116,,1,22,121.518956,25.0251025
113,11,9,22,22,2,02萬華區,萬華區內江街與內江街55巷口,0,0,1,1,C03,7,5,5,50,4,1,1,5,4,5,13,4,4,10,3,5,2,16,1,19,2,7,5,1,7,11,1,10,1,14,,10,,1,21,121.505171,25.0415951
113,11,9,22,22,2,02萬華區,萬華區內江街與內江街55巷口,0,0,1,2,B03,7,5,5,50,4,1,1,5,4,5,13,4,4,10,3,5,2,16,2,43,3,10,7,1,7,9,1,8,1,8,,44,,1,21,121.505171,25.0415951
113,11,9,22,28,2,01大同區,大同區台北橋機慢車道,0,0,3,1,C03,8,5,5,40,10,11,1,5,4,5,13,4,4,8,4,5,2,13,2,25,2,9,5,1,7,15,1,10,2,11,,17,,1,22,121.5086847,25.0634973
113,11,9,22,28,2,01大同區,大同區台北橋機慢車道,0,0,3,2,C03,8,5,5,40,10,11,1,5,4,5,13,4,4,8,4,5,2,13,2,47,3,10,5,1,7,15,1,10,2,13,,17,,1,22,121.5086847,25.0634973
113,11,9,22,28,2,01大同區,大同區台北橋機慢車道,0,0,3,3,C03,8,5,5,40,10,11,1,5,4,5,13,4,4,8,4,5,2,13,2,20,3,10,5,1,7,13,1,10,2,13,,44,,1,22,121.5086847,25.0634973
113,11,9,22,28,2,01大同區,大同區台北橋機慢車道,0,0,3,4,C03,8,5,5,40,10,11,1,5,4,5,13,4,4,8,4,5,2,13,1,28,3,10,5,1,7,15,1,10,2,11,,16,,1,22,121.5086847,25.0634973
113,11,9,22,28,2,01大同區,大同區台北橋機慢車道,0,0,3,5,C03,8,5,5,40,10,11,1,5,4,5,13,4,4,8,4,5,2,13,1,44,3,10,5,1,7,15,1,10,2,13,,44,,1,22,121.5086847,25.0634973
113,11,9,22,28,2,01大同區,大同區台北橋機慢車道,0,0,3,6,C03,8,5,5,40,10,11,1,5,4,5,13,4,4,8,4,5,2,13,2,21,3,10,5,1,7,15,1,10,2,11,,16,,1,22,121.5086847,25.0634973
113,11,9,22,28,2,01大同區,大同區台北橋機慢車道,0,0,3,7,C03,8,5,5,40,10,11,1,5,4,5,13,4,4,8,4,5,2,13,2,46,2,9,5,1,7,1,1,10,2,13,,44,,1,22,121.5086847,25.0634973
113,11,9,22,28,2,01大同區,大同區台北橋機慢車道,0,0,3,8,H02,8,5,5,40,10,11,1,5,4,5,13,4,4,8,4,5,2,13,2,40,2,9,5,5,7,20,8,20,10,16,,67,,1,22,121.5086847,25.0634973
113,11,9,22,30,2,06松山區,松山區塔悠路與塔悠路188巷口,0,0,1,1,B01,7,5,5,40,3,1,1,5,4,5,13,4,4,1,4,4,2,16,1,37,3,10,7,1,7,6,1,4,1,2,,9,,1,21,121.569324,25.0566414
113,11,9,22,30,2,06松山區,松山區塔悠路與塔悠路188巷口,0,0,1,2,C03,7,5,5,40,3,1,1,5,4,5,13,4,4,1,4,4,2,16,1,26,2,3,6,1,7,9,1,10,1,14,,13,,1,21,121.569324,25.0566414
113,11,9,22,30,2,06松山區,松山區塔悠路與塔悠路188巷口,0,0,1,3,B12,7,5,5,40,3,1,1,5,4,5,13,4,4,1,4,4,2,16,4,0,,,,,,,,,11,,,,,,,121.569324,25.0566414
113,11,9,23,23,2,06松山區,松山區撫遠街391號,0,0,1,1,A02,7,5,5,50,14,9,1,5,4,5,13,2,1,1,3,5,2,12,1,48,2,9,7,1,7,9,1,2,1,1,,42,,1,21,121.565723,25.0650934
113,11,9,23,23,2,06松山區,松山區撫遠街391號,0,0,1,2,B03,7,5,5,50,14,9,1,5,4,5,13,2,1,1,3,5,2,12,1,58,3,10,3,4,7,13,1,8,11,3,,44,,1,22,121.565723,25.0650934
113,11,9,23,23,2,06松山區,松山區撫遠街391號,0,0,1,3,B03,7,5,5,50,14,9,1,5,4,5,13,2,1,1,3,5,2,12,1,50,3,10,3,4,7,13,1,8,11,3,,44,,1,22,121.565723,25.0650934
113,11,9,23,23,2,06松山區,松山區撫遠街391號,0,0,1,4,B03,7,5,5,50,14,9,1,5,4,5,13,2,1,1,3,5,2,12,1,58,3,10,3,4,7,13,1,8,11,4,,44,,1,22,121.565723,25.0650934
113,11,9,23,40,2,03中山區,中山區南京東路2段115巷與長春路口側附近口,0,0,1,1,B03,7,5,5,50,4,1,1,5,4,5,13,1,1,5,2,4,2,17,1,31,3,10,3,4,7,5,1,8,1,1,,74,,1,22,121.5336629,25.0547584
113,11,9,23,40,2,03中山區,中山區南京東路2段115巷與長春路口側附近口,0,0,1,2,F01,7,5,5,50,4,1,1,5,4,5,13,1,1,5,2,4,2,17,2,29,2,9,3,4,7,9,8,20,1,11,,44,,1,21,121.5336629,25.0547584
113,11,10,0,32,2,02萬華區,萬華區環河南路3段與萬大路口,0,0,2,1,C03,8,5,5,50,4,1,1,5,4,5,13,2,1,1,4,4,2,15,1,18,2,9,6,1,7,9,1,10,2,14,,81,,1,25,121.4958006,25.01641203
113,11,10,0,32,2,02萬華區,萬華區環河南路3段與萬大路口,0,0,2,2,B03,8,5,5,50,4,1,1,5,4,5,13,2,1,1,4,4,2,15,2,22,3,10,7,1,7,9,1,8,2,1,,44,,1,26,121.4958006,25.01641203
113,11,10,0,32,2,02萬華區,萬華區環河南路3段與萬大路口,0,0,2,3,H02,8,5,5,50,4,1,1,5,4,5,13,2,1,1,4,4,2,15,2,14,2,9,6,5,7,20,8,20,10,16,,67,,1,15,121.4958006,25.01641203
113,11,10,0,35,2,07信義區,信義區莊敬路391巷與莊敬路391巷16弄口,0,0,1,1,,7,5,6,30,4,1,1,4,4,5,13,4,4,5,5,5,2,9,4,0,,,,,,,,,11,,,119,,2,,121.5658208,25.0282554
113,11,10,0,35,2,07信義區,信義區莊敬路391巷與莊敬路391巷16弄口,0,0,1,2,H01,7,5,6,30,4,1,1,4,4,5,13,4,4,5,5,5,2,9,1,24,2,7,4,5,8,16,8,20,10,16,,119,,1,21,121.5658208,25.0282554
113,11,10,1,40,2,02萬華區,萬華區艋舺大道南三門前,0,0,1,1,C03,7,5,5,50,14,9,1,5,4,5,13,4,4,10,3,5,2,12,2,68,2,9,5,1,7,9,1,10,1,12,,42,,1,21,121.49047,25.0282604
113,11,10,1,40,2,02萬華區,萬華區艋舺大道南三門前,0,0,1,2,B03,7,5,5,50,14,9,1,5,4,5,13,4,4,10,3,5,2,12,1,38,3,10,7,1,7,14,1,8,1,4,,38,,1,21,121.49047,25.0282604
113,11,10,5,37,2,02萬華區,萬華區青年路152巷32號,0,0,2,1,C03,7,7,5,30,14,9,1,5,4,5,13,4,4,8,3,5,2,3,1,63,2,9,5,1,7,9,1,10,2,11,,80,,1,21,121.5011795,25.0200635
113,11,10,5,37,2,02萬華區,萬華區青年路152巷32號,0,0,2,2,H01,7,7,5,30,14,9,1,5,4,5,13,4,4,8,3,5,2,3,1,24,2,9,4,5,8,16,8,20,10,16,,67,,1,21,121.5011795,25.0200635
113,11,10,5,37,2,02萬華區,萬華區青年路152巷32號,0,0,2,3,C03,7,7,5,30,14,9,1,5,4,5,13,4,4,8,3,5,2,3,4,0,4,11,3,4,7,21,7,19,9,15,,119,,2,22,121.5011795,25.0200635
113,11,10,5,37,2,02萬華區,萬華區青年路152巷32號,0,0,2,4,C03,7,7,5,30,14,9,1,5,4,5,13,4,4,8,3,5,2,3,4,0,4,11,3,4,7,21,7,19,9,15,,119,,2,22,121.5011795,25.0200635
113,11,10,5,37,2,02萬華區,萬華區青年路152巷32號,0,0,2,5,C03,7,7,5,30,14,9,1,5,4,5,13,4,4,8,3,5,2,3,4,0,4,11,3,4,7,21,7,19,9,15,,119,,2,22,121.5011795,25.0200635
113,11,10,5,37,2,02萬華區,萬華區青年路152巷32號,0,0,2,6,C03,7,7,5,30,14,9,1,5,4,5,13,4,4,8,3,5,2,3,4,0,4,11,3,4,7,21,7,19,9,15,,119,,2,22,121.5011795,25.0200635
113,11,10,8,23,2,09北投區,北投區西安街2段359號,0,0,2,1,H01,8,6,5,50,14,9,1,5,4,5,13,4,4,1,4,5,2,3,2,73,2,8,4,5,8,16,8,20,10,16,,53,,1,22,121.5041453,25.1210217
113,11,10,8,23,2,09北投區,北投區西安街2段359號,0,0,2,2,C03,8,6,5,50,14,9,1,5,4,5,13,4,4,1,4,5,2,3,1,65,2,9,6,1,7,9,1,10,2,11,,42,,1,22,121.5041453,25.1210217
113,11,10,8,28,2,02萬華區,萬華區和平西路2段與艋舺大道口,0,0,2,1,C03,7,5,5,50,5,1,1,5,4,5,13,2,1,1,4,5,2,16,1,19,2,7,6,1,7,6,1,10,1,12,,98,,1,21,121.5046716,25.0337755
113,11,10,8,28,2,02萬華區,萬華區和平西路2段與艋舺大道口,0,0,2,2,C03,7,5,5,50,5,1,1,5,4,5,13,2,1,1,4,5,2,16,1,46,2,9,6,1,7,9,1,10,1,14,,44,,1,21,121.5046716,25.0337755
113,11,10,8,33,2,04大安區,大安區和平東路1段162號,0,0,1,1,B03,8,6,5,50,3,1,1,4,4,5,13,2,1,4,3,5,2,16,1,49,3,10,7,1,7,6,1,8,1,5,,9,,1,21,121.5253078,25.0267281
113,11,10,8,33,2,04大安區,大安區和平東路1段162號,0,0,1,2,C03,8,6,5,50,3,1,1,4,4,5,13,2,1,4,3,5,2,16,2,44,2,8,6,1,7,9,1,10,1,14,,108,,1,21,121.5253078,25.0267281
113,11,10,9,0,2,07信義區,信義區基隆路2段與信義路5段口,0,0,2,1,C03,7,6,5,50,4,2,1,5,4,5,13,1,1,1,4,5,2,13,2,32,2,8,5,1,7,6,1,10,1,11,,108,,1,22,121.5596695,25.0329575
113,11,10,9,0,2,07信義區,信義區基隆路2段與信義路5段口,0,0,2,2,C03,7,6,5,50,4,2,1,5,4,5,13,1,1,1,4,5,2,13,1,22,2,3,5,1,7,6,1,10,1,13,,44,,1,22,121.5596695,25.0329575
113,11,10,10,15,2,04大安區,大安區基隆路4段與羅斯福路4段口口,0,0,1,1,C03,7,6,5,50,5,1,1,5,4,5,13,1,1,1,3,4,1,13,2,42,2,5,6,1,7,9,1,10,1,14,,44,,1,21,121.5373276,25.0115201
113,11,10,10,15,2,04大安區,大安區基隆路4段與羅斯福路4段口口,0,0,1,2,C03,7,6,5,50,5,1,1,5,4,5,13,1,1,1,3,4,1,13,1,42,3,10,6,1,7,9,1,10,1,13,,9,,1,21,121.5373276,25.0115201
113,11,10,10,38,2,02萬華區,萬華區忠孝西路2段與忠孝西路2段16巷口,0,0,1,1,C03,7,5,5,50,3,1,1,5,4,5,13,4,4,9,4,4,2,17,2,44,3,10,5,4,7,6,1,10,1,13,,9,,1,21,121.5085681,25.0482522
113,11,10,10,38,2,02萬華區,萬華區忠孝西路2段與忠孝西路2段16巷口,0,0,1,2,C03,7,5,5,50,3,1,1,5,4,5,13,4,4,9,4,4,2,17,1,35,2,9,5,4,7,9,1,10,1,11,,44,,1,21,121.5085681,25.0482522
113,11,10,11,28,2,08士林區,士林區德行西路與磺溪街口口,0,0,2,2,C03,7,7,5,50,3,1,1,5,4,5,13,2,1,8,3,5,2,16,1,51,2,9,5,1,7,1,1,10,1,14,,19,,1,22,121.5230559,25.1057012
113,11,10,11,28,2,08士林區,士林區德行西路與磺溪街口口,0,0,2,1,C03,7,7,5,50,3,1,1,5,4,5,13,2,1,8,3,5,2,16,1,26,2,9,5,1,7,5,1,10,1,11,,8,,1,22,121.5230559,25.1057012
113,11,10,11,34,2,08士林區,士林區中山北路5段495號旁停車場出口,0,0,1,1,B03,8,6,5,40,14,9,1,5,4,5,13,4,4,4,4,5,2,17,1,35,3,10,3,4,7,1,1,4,1,7,,19,,1,21,121.5277823,25.0930048
113,11,10,11,34,2,08士林區,士林區中山北路5段495號旁停車場出口,0,0,1,2,C03,8,6,5,40,14,9,1,5,4,5,13,4,4,4,4,5,2,17,1,25,2,9,6,4,7,9,1,10,1,11,,44,,1,21,121.5277823,25.0930048
113,11,10,11,40,2,01大同區,大同區環河北路1段與民生西路口,0,0,2,1,B03,7,5,5,50,14,9,1,5,4,5,13,4,4,9,4,5,1,16,1,55,3,10,3,4,7,1,1,8,1,8,,19,,1,21,121.50838,25.0570483
113,11,10,11,40,2,01大同區,大同區環河北路1段與民生西路口,0,0,2,2,C03,7,5,5,50,14,9,1,5,4,5,13,4,4,9,4,5,1,16,1,30,2,9,3,4,7,9,1,10,1,12,,107,,1,21,121.50838,25.0570483
113,11,10,11,40,2,01大同區,大同區環河北路1段與民生西路口,0,0,2,3,H02,7,5,5,50,14,9,1,5,4,5,13,4,4,9,4,5,1,16,2,29,2,9,3,5,7,21,8,20,10,16,,67,,1,21,121.50838,25.0570483
113,11,10,11,42,2,08士林區,士林區基河路238號,0,0,2,1,B03,7,5,5,50,14,9,1,5,4,5,13,4,4,5,4,5,2,14,1,44,3,10,7,1,7,2,1,8,1,3,,12,,1,21,121.521624,25.0911569
113,11,10,11,42,2,08士林區,士林區基河路238號,0,0,2,2,C03,7,5,5,50,14,9,1,5,4,5,13,4,4,5,4,5,2,14,2,65,2,9,6,1,7,9,1,10,1,11,,44,,1,21,121.521624,25.0911569
113,11,10,11,42,2,08士林區,士林區基河路238號,0,0,2,3,H02,7,5,5,50,14,9,1,5,4,5,13,4,4,5,4,5,2,14,2,53,2,9,6,5,7,20,8,20,10,16,,67,,1,21,121.521624,25.0911569
113,11,10,11,52,2,06松山區,松山區民權東路4段與光復北路口,0,0,3,1,C03,8,7,5,50,4,1,1,5,4,5,13,1,1,9,4,5,2,16,1,26,2,9,6,1,7,9,1,10,1,11,,16,,1,22,121.554611,25.0620272
113,11,10,11,52,2,06松山區,松山區民權東路4段與光復北路口,0,0,3,2,C03,8,7,5,50,4,1,1,5,4,5,13,1,1,9,4,5,2,16,1,40,2,9,5,1,7,6,1,10,1,12,,71,,1,22,121.554611,25.0620272
113,11,10,11,52,2,06松山區,松山區民權東路4段與光復北路口,0,0,3,3,H02,8,7,5,50,4,1,1,5,4,5,13,1,1,9,4,5,2,16,2,35,2,9,4,5,7,17,8,20,10,16,,67,,1,22,121.554611,25.0620272
113,11,10,14,50,2,07信義區,信義區信義路5段100-1號,0,0,2,1,B03,8,6,5,50,14,9,1,5,4,5,13,4,4,1,4,5,2,17,2,30,3,10,3,4,7,6,1,8,2,2,,9,,1,22,121.5649209,25.0328251
113,11,10,14,50,2,07信義區,信義區信義路5段100-1號,0,0,2,2,C03,8,6,5,50,14,9,1,5,4,5,13,4,4,1,4,5,2,17,1,19,2,8,6,1,7,9,1,10,2,11,,44,,1,22,121.5649209,25.0328251
113,11,10,14,50,2,07信義區,信義區信義路5段100-1號,0,0,2,3,H02,8,6,5,50,14,9,1,5,4,5,13,4,4,1,4,5,2,17,2,27,2,8,6,5,7,20,8,20,10,17,,67,,1,22,121.5649209,25.0328251
113,11,10,16,25,2,09北投區,北投區承德路7段95號,0,0,1,1,B03,7,7,5,60,14,9,1,5,4,5,13,4,4,1,4,5,2,16,1,57,3,10,7,1,7,6,1,8,1,1,,9,,1,21,121.5098751,25.1116686
113,11,10,16,25,2,09北投區,北投區承德路7段95號,0,0,1,2,C03,7,7,5,60,14,9,1,5,4,5,13,4,4,1,4,5,2,16,1,22,2,9,5,1,7,9,1,10,1,14,,108,,1,21,121.5098751,25.1116686
113,11,10,16,46,2,06松山區,松山區南京東路4段與北寧路口,0,0,1,1,B01,8,6,5,40,4,1,1,5,4,5,13,1,1,1,4,4,2,16,1,54,3,10,7,1,7,6,1,4,1,2,,9,,1,22,121.5526344,25.0515533
113,11,10,16,46,2,06松山區,松山區南京東路4段與北寧路口,0,0,1,2,C03,8,6,5,40,4,1,1,5,4,5,13,1,1,1,4,4,2,16,1,22,2,9,6,1,7,9,1,10,1,11,,81,,1,22,121.5526344,25.0515533
113,11,10,17,8,2,06松山區,松山區延吉街30巷與延吉街口,0,0,1,1,C03,8,5,5,50,4,2,1,5,4,5,13,1,1,5,5,5,2,18,2,28,3,10,6,1,7,15,1,10,1,15,,44,,1,22,121.5534685,25.0462216
113,11,10,17,8,2,06松山區,松山區延吉街30巷與延吉街口,0,0,1,4,B03,8,5,5,50,4,2,1,5,4,5,13,1,1,5,5,5,2,18,1,53,3,10,7,1,7,14,1,8,1,2,,38,,1,22,121.5534685,25.0462216
113,11,10,17,8,2,06松山區,松山區延吉街30巷與延吉街口,0,0,1,5,H02,8,5,5,50,4,2,1,5,4,5,13,1,1,5,5,5,2,18,1,33,3,10,6,5,7,20,8,20,10,16,,60,,1,22,121.5534685,25.0462216
113,11,10,17,8,2,06松山區,松山區延吉街30巷與延吉街口,0,0,1,2,,8,5,5,50,4,2,1,5,4,5,13,1,1,5,5,5,2,18,3,41,,,,,,,,,,,,67,,1,,121.5534685,25.0462216
113,11,10,17,8,2,06松山區,松山區延吉街30巷與延吉街口,0,0,1,6,H02,8,5,5,50,4,2,1,5,4,5,13,1,1,5,5,5,2,18,2,50,2,1,7,5,7,21,8,20,10,16,,67,,1,22,121.5534685,25.0462216
113,11,10,17,8,2,06松山區,松山區延吉街30巷與延吉街口,0,0,1,3,C03,8,5,5,50,4,2,1,5,4,5,13,1,1,5,5,5,2,18,1,35,3,10,6,1,7,15,1,10,1,15,,38,,1,22,121.5534685,25.0462216
113,11,10,17,11,2,03中山區,中山區中山北路1段64號,0,0,1,1,B03,7,5,5,50,14,9,1,4,4,5,13,2,1,1,4,1,2,13,1,45,3,10,7,1,7,9,1,8,1,5,,44,,1,22,121.5207635,25.0484356
113,11,10,17,11,2,03中山區,中山區中山北路1段64號,0,0,1,2,C03,7,5,5,50,14,9,1,4,4,5,13,2,1,1,4,1,2,13,1,24,3,10,6,1,7,7,1,10,1,13,,101,,1,22,121.5207635,25.0484356
113,11,10,17,11,2,03中山區,中山區中山北路1段64號,0,0,1,3,H02,7,5,5,50,14,9,1,4,4,5,13,2,1,1,4,1,2,13,2,24,2,8,6,5,7,20,8,20,10,16,,67,,1,22,121.5207635,25.0484356
113,11,10,17,21,2,07信義區,信義區嘉興街127巷與信安街口,0,0,2,1,C03,7,5,5,30,3,1,1,5,4,5,13,2,1,5,4,5,2,17,1,21,2,9,6,1,7,9,1,10,2,11,,44,,1,21,121.5582485,25.0286772
113,11,10,17,21,2,07信義區,信義區嘉興街127巷與信安街口,0,0,2,2,B03,7,5,5,30,3,1,1,5,4,5,13,2,1,5,4,5,2,17,1,60,3,10,3,4,7,5,1,8,2,8,,74,,1,21,121.5582485,25.0286772
113,11,10,17,21,2,07信義區,信義區嘉興街127巷與信安街口,0,0,2,3,H02,7,5,5,30,3,1,1,5,4,5,13,2,1,5,4,5,2,17,2,41,2,9,3,5,7,20,8,20,10,16,,67,,1,21,121.5582485,25.0286772
113,11,10,18,36,2,05中正區,中正區中華路2段與愛國西路口,0,0,1,1,B03,8,5,5,50,5,2,1,5,4,5,13,1,1,1,4,4,2,17,1,58,3,10,7,1,7,8,1,8,2,6,,108,,1,21,121.5073042,25.0368822
113,11,10,18,36,2,05中正區,中正區中華路2段與愛國西路口,0,0,1,2,C03,8,5,5,50,5,2,1,5,4,5,13,1,1,1,4,4,2,17,1,43,2,7,5,1,7,7,1,9,2,11,,101,,1,21,121.5073042,25.0368822
113,11,10,18,47,2,07信義區,信義區松智路9號公車站旁,0,0,3,1,C03,8,5,5,50,14,8,1,5,4,5,13,4,4,5,1,4,2,12,1,22,2,8,5,1,7,7,1,10,1,11,,102,,1,22,121.5654832,25.0346287
113,11,10,18,47,2,07信義區,信義區松智路9號公車站旁,0,0,3,2,C03,8,5,5,50,14,8,1,5,4,5,13,4,4,5,1,4,2,12,2,27,2,7,5,1,7,9,1,10,1,11,,13,,1,22,121.5654832,25.0346287
113,11,10,18,47,2,07信義區,信義區松智路9號公車站旁,0,0,3,4,H02,8,5,5,50,14,8,1,5,4,5,13,4,4,5,1,4,2,12,2,18,2,8,5,5,7,20,8,20,10,16,,67,,1,21,121.5654832,25.0346287
113,11,10,18,47,2,07信義區,信義區松智路9號公車站旁,0,0,3,3,A04,8,5,5,50,14,8,1,5,4,5,13,4,4,5,1,4,2,12,1,48,3,10,7,1,7,1,1,6,9,17,,19,,1,21,121.5654832,25.0346287
113,11,10,18,58,2,12內湖區,內湖區康寧路3段165巷與康寧路3段165巷14弄口,0,0,1,1,F01,7,5,5,30,3,1,1,5,4,5,13,4,4,5,5,5,1,17,1,11,2,9,2,1,7,5,8,20,1,14,,8,,1,21,121.6118852,25.0709933
113,11,10,18,58,2,12內湖區,內湖區康寧路3段165巷與康寧路3段165巷14弄口,0,0,1,2,C03,7,5,5,30,3,1,1,5,4,5,13,4,4,5,5,5,1,17,1,23,3,10,6,1,7,9,1,10,1,11,,14,,1,21,121.6118852,25.0709933
113,11,10,19,20,2,08士林區,士林區中山北路5段劍潭公車站,0,0,2,1,C03,8,5,5,50,14,9,1,5,4,5,13,4,4,1,4,5,1,17,1,23,2,9,5,1,7,9,1,10,2,13,,44,,1,21,121.524774,25.0817258
113,11,10,19,20,2,08士林區,士林區中山北路5段劍潭公車站,0,0,2,2,C03,8,5,5,50,14,9,1,5,4,5,13,4,4,1,4,5,1,17,1,24,2,9,5,1,7,7,1,10,2,11,,100,,1,21,121.524774,25.0817258
113,11,10,19,20,2,08士林區,士林區中山北路5段劍潭公車站,0,0,2,3,A02,8,5,5,50,14,9,1,5,4,5,13,4,4,1,4,5,1,17,1,56,3,10,7,1,7,7,1,2,2,4,,44,,1,21,121.524774,25.0817258
113,11,10,19,48,2,02萬華區,萬華區桂林路與西園路1段口,0,0,1,1,B01,7,5,5,50,4,1,1,5,4,5,13,1,1,9,4,4,2,16,1,58,3,10,7,1,7,5,1,4,1,1,,44,,1,21,121.4997516,25.0385015
113,11,10,19,48,2,02萬華區,萬華區桂林路與西園路1段口,0,0,1,2,C03,7,5,5,50,4,1,1,5,4,5,13,1,1,9,4,4,2,16,2,22,2,9,5,1,7,9,1,10,1,11,,44,,1,21,121.4997516,25.0385015
113,11,10,20,14,2,01大同區,大同區延平北路1段與長安西路口,0,0,1,1,B03,7,5,5,50,5,1,1,5,4,5,13,2,1,5,5,5,2,17,1,33,3,10,3,4,7,5,1,4,1,4,,8,,1,22,121.5122639,25.0518867
113,11,10,20,14,2,01大同區,大同區延平北路1段與長安西路口,0,0,1,2,C03,7,5,5,50,5,1,1,5,4,5,13,2,1,5,5,5,2,17,1,27,2,9,6,4,7,15,1,9,1,11,,16,,1,22,121.5122639,25.0518867
113,11,10,20,21,2,04大安區,大安區市民大道4段與敦化南路1段口,0,0,1,1,B01,8,5,5,40,4,1,1,5,4,5,13,2,1,1,4,5,1,16,1,65,3,10,3,4,7,6,1,4,1,5,,9,,1,21,121.5486344,25.044749
113,11,10,20,21,2,04大安區,大安區市民大道4段與敦化南路1段口,0,0,1,2,C03,8,5,5,40,4,1,1,5,4,5,13,2,1,1,4,5,1,16,2,31,2,8,6,4,7,9,1,10,1,14,,108,,1,21,121.5486344,25.044749
113,11,10,22,20,2,05中正區,中正區南海路與牯嶺街口,0,0,1,1,B03,8,5,5,30,4,1,2,5,4,5,13,1,1,10,4,5,1,17,2,26,3,10,7,1,7,5,1,8,1,4,,8,,1,21,121.5149698,25.031995
113,11,10,22,20,2,05中正區,中正區南海路與牯嶺街口,0,0,1,2,C03,8,5,5,30,4,1,2,5,4,5,13,1,1,10,4,5,1,17,2,28,2,8,5,1,7,9,1,10,1,12,,44,,1,21,121.5149698,25.031995
113,11,10,22,21,2,07信義區,信義區基隆路2段111號,0,0,1,1,B01,7,5,5,50,14,9,1,5,4,5,13,4,4,9,4,5,2,13,1,62,3,10,3,1,7,8,1,3,1,3,,44,,1,21,121.5569907,25.0288128
113,11,10,22,21,2,07信義區,信義區基隆路2段111號,0,0,1,2,C03,7,5,5,50,14,9,1,5,4,5,13,4,4,9,4,5,2,13,1,35,2,7,6,1,7,8,1,10,1,15,,100,,1,21,121.5569907,25.0288128
113,11,10,22,26,2,06松山區,松山區民權東路5段3號,0,0,1,1,C03,7,5,5,50,14,9,1,5,4,5,13,2,1,9,4,5,2,17,1,23,3,10,6,1,7,5,1,10,1,14,,98,,1,22,121.5649138,25.0631737
113,11,10,22,26,2,06松山區,松山區民權東路5段3號,0,0,1,2,C03,7,5,5,50,14,9,1,5,4,5,13,2,1,9,4,5,2,17,1,22,2,9,6,1,7,9,1,10,1,11,,13,,1,22,121.5649138,25.0631737
113,11,11,0,20,2,10文山區,文山區景華街與景華街216巷口口,0,0,2,1,B01,7,5,5,50,3,2,1,4,4,5,13,4,4,9,5,5,2,17,1,72,2,3,7,1,7,9,6,4,2,5,,44,,1,21,121.5474567,24.9990455
113,11,11,0,20,2,10文山區,文山區景華街與景華街216巷口口,0,0,2,3,B03,7,5,5,50,3,2,1,4,4,5,13,4,4,9,5,5,2,17,2,42,3,10,3,4,7,13,1,8,11,7,,44,,1,21,121.5474567,24.9990455
113,11,11,0,20,2,10文山區,文山區景華街與景華街216巷口口,0,0,2,2,H02,7,5,5,50,3,2,1,4,4,5,13,4,4,9,5,5,2,17,2,52,2,9,2,5,7,21,8,20,10,16,,60,,1,21,121.5474567,24.9990455
113,11,11,3,23,2,03中山區,中山區中山北路3段39號,0,0,1,1,C03,7,5,5,50,14,8,1,5,4,5,13,4,4,1,5,1,1,13,1,38,2,1,3,4,7,9,1,10,7,11,,21,,1,21,121.5224467,25.0661896
113,11,11,3,23,2,03中山區,中山區中山北路3段39號,0,0,1,2,B12,7,5,5,50,14,8,1,5,4,5,13,4,4,1,5,1,1,13,1,60,3,10,3,4,7,13,1,4,1,3,,44,,1,21,121.5224467,25.0661896
113,11,11,4,45,2,07信義區,信義區松智路與松高路口,0,0,1,1,C03,6,5,5,50,4,1,1,4,4,5,13,2,1,5,4,5,2,18,1,19,2,9,6,1,7,5,1,10,9,14,,116,,1,21,121.5653476,25.0392522
113,11,11,4,45,2,07信義區,信義區松智路與松高路口,0,0,1,2,,6,5,5,50,4,1,1,4,4,5,13,2,1,5,4,5,2,18,3,0,,,,,,,,,,,,67,,1,,121.5653476,25.0392522
113,11,11,6,42,2,03中山區,中山區八德路2段與八德路2段174巷口,0,0,1,1,A05,7,6,5,50,3,1,1,5,4,5,13,1,1,4,4,5,2,17,4,0,,,,,,,,,11,,,71,,,,121.5381633,25.04631292