發生年度,發生月,發生日,發生時-Hours,發生分,處理別-編號,區序,肇事地點,死亡人數,2-30日死亡人數,受傷人數,當事人序號,車種,天候,道路照明設備,道路類別,速限-速度限制,道路型態,事故位置,路面狀況1,路面狀況2,路面狀況3,道路障礙1,道路障礙2,號誌1,號誌2,車道劃分-分向,車道劃分-分道1,車道劃分-分道2,車道劃分-分道3,事故類型及型態,性別,年齡,受傷程度,主要傷處,保護裝置,行動電話,車輛用途,當事者行動狀態,駕駛資格情形,駕駛執照種類,飲酒情形,車輛撞擊部位1,車輛撞擊部位2,肇因碼-個別,肇因碼-主要,個人肇逃否,職業,座標-X,座標-Y
113,11,11,6,42,2,03中山區,中山區八德路2段與八德路2段174巷口,0,0,1,2,C03,7,6,5,50,3,1,1,5,4,5,13,1,1,4,4,5,2,17,1,41,2,9,6,1,7,9,1,10,1,12,,44,,1,21,121.5381633,25.04631292
113,11,11,7,32,2,07信義區,(永吉路326巷21號前),0,0,1,1,C03,6,5,5,30,14,9,1,4,4,5,13,4,4,9,5,5,2,9,1,28,2,9,6,1,7,9,1,10,1,17,,13,,1,21,121.5754748,25.0444624
113,11,11,7,32,2,07信義區,(永吉路326巷21號前),0,0,1,2,H01,6,5,5,30,14,9,1,4,4,5,13,4,4,9,5,5,2,9,2,74,3,10,4,5,8,16,8,20,10,16,,121,,1,21,121.5754748,25.0444624
113,11,11,7,41,2,05中正區,中正區水源路與師大路口口,0,0,1,1,C03,7,6,5,50,4,1,1,5,4,5,13,1,1,1,5,5,2,12,2,41,2,8,6,1,7,7,1,10,1,14,,100,,1,21,121.5228375,25.0202095
113,11,11,7,41,2,05中正區,中正區水源路與師大路口口,0,0,1,2,B03,7,6,5,50,4,1,1,5,4,5,13,1,1,1,5,5,2,12,1,51,3,10,3,4,7,9,1,8,1,2,,44,,1,21,121.5228375,25.0202095
113,11,11,7,50,2,03中山區,中山區吉林路與民權東路2段口,0,0,1,1,C03,7,6,5,50,4,1,1,5,4,1,13,1,1,3,4,4,2,12,2,47,3,10,5,1,7,8,1,10,1,12,,100,,1,21,121.5305216,25.0624725
113,11,11,7,50,2,03中山區,中山區吉林路與民權東路2段口,0,0,1,2,C03,7,6,5,50,4,1,1,5,4,1,13,1,1,3,4,4,2,12,2,32,2,9,5,4,7,9,1,10,1,11,,16,,1,21,121.5305216,25.0624725
113,11,11,7,53,2,09北投區,北投區承德路7段與尊賢街243巷口,0,0,1,2,C03,7,7,6,50,4,2,1,5,4,5,13,2,1,1,4,1,2,13,2,51,3,10,5,1,7,14,1,10,1,13,,44,,1,22,121.5053729,25.1161622
113,11,11,7,53,2,09北投區,北投區承德路7段與尊賢街243巷口,0,0,1,1,C04,7,7,6,50,4,2,1,5,4,5,13,2,1,1,4,1,2,13,2,42,2,9,5,1,7,12,1,10,1,11,,44,,1,21,121.5053729,25.1161622
113,11,11,8,0,2,06松山區,松山區撫遠街400巷與民權東路5段口1號旁無名巷,0,0,1,1,C03,6,7,5,30,3,2,1,4,4,5,13,4,4,9,4,5,2,17,2,71,2,9,6,4,7,5,1,10,1,14,,72,,2,21,121.5645456,25.06532665
113,11,11,8,0,2,06松山區,松山區撫遠街400巷與民權東路5段口1號旁無名巷,0,0,1,2,B03,6,7,5,30,3,2,1,4,4,5,13,4,4,9,4,5,2,17,1,43,3,10,3,4,7,9,1,8,9,17,,14,,2,21,121.5645456,25.06532665
113,11,11,8,8,2,02萬華區,萬華區環河南路1段與康定路口,0,0,1,2,C03,8,7,5,50,3,1,2,5,4,5,13,1,1,8,1,5,2,11,1,34,2,7,6,1,7,1,1,10,1,11,,44,,2,22,121.5032682,25.0462046
113,11,11,8,8,2,02萬華區,萬華區環河南路1段與康定路口,0,0,1,1,B01,8,7,5,50,3,1,2,5,4,5,13,1,1,8,1,5,2,11,1,43,3,10,7,1,7,1,1,4,1,5,,71,,1,22,121.5032682,25.0462046
113,11,11,8,15,2,08士林區,士林區文林路625號,0,0,1,1,C03,8,5,5,50,14,9,1,5,4,5,13,4,4,9,5,5,1,17,1,23,2,9,6,1,7,5,1,10,1,13,,101,,1,21,121.5233044,25.0997981
113,11,11,8,15,2,08士林區,士林區文林路625號,0,0,1,2,B03,8,5,5,50,14,9,1,5,4,5,13,4,4,9,5,5,1,17,1,59,3,10,7,1,7,9,1,8,1,5,,108,,1,21,121.5233044,25.0997981
113,11,11,8,30,2,08士林區,士林區中山北路6段405巷10號,0,0,2,1,C03,7,7,5,30,14,9,1,4,4,5,13,4,4,10,5,5,1,10,2,33,2,9,5,1,7,1,1,10,1,11,,19,,1,21,121.5253029,25.1126281
113,11,11,8,30,2,08士林區,士林區中山北路6段405巷10號,0,0,2,2,C03,7,7,5,30,14,9,1,4,4,5,13,4,4,10,5,5,1,10,1,28,2,9,5,1,7,9,1,10,1,11,,13,,1,21,121.5253029,25.1126281
113,11,11,8,38,2,03中山區,中山區松江路與松江路63巷口,0,0,1,1,B03,7,6,5,50,3,2,1,5,4,5,13,4,4,10,5,5,2,16,2,54,3,10,7,1,7,6,1,8,1,2,,9,,1,22,121.5330824,25.0489583
113,11,11,8,38,2,03中山區,中山區松江路與松江路63巷口,0,0,1,2,C03,7,6,5,50,3,2,1,5,4,5,13,4,4,10,5,5,2,16,1,38,2,9,6,1,7,9,1,10,1,14,,108,,1,22,121.5330824,25.0489583
113,11,11,8,40,2,12內湖區,內湖區新豐街與行善路231巷口,0,0,1,1,C03,6,6,5,30,4,1,1,4,4,5,13,4,4,10,5,5,2,15,1,29,2,9,6,1,7,9,1,10,2,11,,42,,1,21,121.5832305,25.0598018
113,11,11,8,40,2,12內湖區,內湖區新豐街與行善路231巷口,0,0,1,2,B03,6,6,5,30,4,1,1,4,4,5,13,4,4,10,5,5,2,15,1,57,3,10,7,1,7,9,1,8,2,10,,14,,1,21,121.5832305,25.0598018
113,11,11,9,0,2,08士林區,士林區德行東路132巷3弄與德行東路132巷口,0,0,1,1,C03,8,6,5,30,4,1,1,5,4,5,13,4,4,10,5,5,1,15,2,37,2,7,3,4,7,9,1,10,2,11,,72,,1,22,121.5292406,25.107469
113,11,11,9,0,2,08士林區,士林區德行東路132巷3弄與德行東路132巷口,0,0,1,2,B03,8,6,5,30,4,1,1,5,4,5,13,4,4,10,5,5,1,15,1,36,3,10,3,4,7,9,1,8,2,4,,14,,1,22,121.5292406,25.107469
113,11,11,9,0,2,09北投區,北投區承德路6段與福國路口,0,0,2,1,C03,7,6,5,50,14,9,1,4,4,5,13,1,1,1,4,5,2,12,1,30,2,8,6,1,7,8,1,10,1,12,,100,,1,21,121.5121549,25.1016941
113,11,11,9,0,2,09北投區,北投區承德路6段與福國路口,0,0,2,2,C03,7,6,5,50,14,9,1,4,4,5,13,1,1,1,4,5,2,12,2,19,2,9,6,1,7,9,1,10,1,11,,44,,1,21,121.5121549,25.1016941
113,11,11,9,16,2,09北投區,北投區文林北路1205289號燈桿,0,0,1,2,B03,8,7,5,50,14,7,1,5,4,5,13,4,4,1,4,4,2,12,2,59,3,10,7,1,7,9,1,8,1,2,,44,,1,21,121.5123291,25.109628
113,11,11,9,16,2,09北投區,北投區文林北路1205289號燈桿,0,0,1,1,C03,8,7,5,50,14,7,1,5,4,5,13,4,4,1,4,4,2,12,2,59,2,9,5,1,7,7,1,10,1,14,,100,,1,21,121.5123291,25.109628
113,11,11,9,19,2,07信義區,信義區基隆路1段17號,0,0,1,1,C03,7,7,5,50,14,9,1,4,4,5,13,4,4,1,4,5,2,13,1,37,2,9,3,4,7,8,1,9,1,11,,44,,1,21,121.5691491,25.0487047
113,11,11,9,19,2,07信義區,信義區基隆路1段17號,0,0,1,2,B01,7,7,5,50,14,9,1,4,4,5,13,4,4,1,4,5,2,13,1,60,3,10,3,4,7,14,1,4,1,3,,38,,1,21,121.5691491,25.0487047
113,11,11,9,45,2,06松山區,松山區南京東路5段與南京東路5段251巷口,0,0,2,1,C03,7,6,5,50,3,2,1,5,4,5,13,4,4,1,4,5,2,13,1,64,2,9,5,1,7,7,1,10,1,11,,108,,1,21,121.5651227,25.0514833
113,11,11,9,45,2,06松山區,松山區南京東路5段與南京東路5段251巷口,0,0,2,2,B03,7,6,5,50,3,2,1,5,4,5,13,4,4,1,4,5,2,13,1,65,3,10,7,1,7,9,1,8,1,7,,44,,1,21,121.5651227,25.0514833
113,11,11,9,45,2,06松山區,松山區南京東路5段與南京東路5段251巷口,0,0,2,3,C03,7,6,5,50,3,2,1,5,4,5,13,4,4,1,4,5,2,13,1,30,3,10,5,1,7,9,1,10,1,11,,44,,1,21,121.5651227,25.0514833
113,11,11,9,45,2,06松山區,松山區南京東路5段與南京東路5段251巷口,0,0,2,4,C03,7,6,5,50,3,2,1,5,4,5,13,4,4,1,4,5,2,13,2,43,3,10,5,1,7,8,1,8,1,17,,14,,1,21,121.5651227,25.0514833
113,11,11,9,45,2,06松山區,松山區南京東路5段與南京東路5段251巷口,0,0,2,5,H02,7,6,5,50,3,2,1,5,4,5,13,4,4,1,4,5,2,13,2,61,2,9,5,5,7,20,8,20,10,16,,67,,1,21,121.5651227,25.0514833
113,11,11,9,53,2,04大安區,大安區芳蘭路與基隆路3段155巷176弄口,0,0,1,1,B03,6,5,5,50,3,2,1,4,4,5,13,2,1,9,4,5,2,17,1,66,3,10,3,4,7,11,1,8,1,4,,10,,1,21,121.5469792,25.0143001
113,11,11,9,53,2,04大安區,大安區芳蘭路與基隆路3段155巷176弄口,0,0,1,2,C03,6,5,5,50,3,2,1,4,4,5,13,2,1,9,4,5,2,17,2,32,2,9,3,4,7,9,1,10,1,11,,44,,1,21,121.5469792,25.0143001
113,11,11,10,0,2,04大安區,大安區師大路與雲和街口口,0,0,1,1,C03,7,6,5,50,3,1,1,4,4,1,13,4,4,8,5,5,1,1,2,24,3,10,6,1,7,9,1,10,1,11,,70,,1,21,121.5284767,25.0236248
113,11,11,10,0,2,04大安區,大安區師大路與雲和街口口,0,0,1,2,H01,7,6,5,50,3,1,1,4,4,1,13,4,4,8,5,5,1,1,2,71,2,9,4,5,8,16,8,20,1,16,,121,,1,21,121.5284767,25.0236248
113,11,11,10,0,2,06松山區,松山區延壽街與健康路325巷口,0,0,1,1,F01,7,6,5,30,3,2,1,5,4,5,13,3,1,9,4,5,2,17,2,76,2,9,4,1,7,6,8,20,1,14,,72,,1,21,121.5672611,25.0571665
113,11,11,10,0,2,06松山區,松山區延壽街與健康路325巷口,0,0,1,2,C03,7,6,5,30,3,2,1,5,4,5,13,3,1,9,4,5,2,17,1,61,3,10,6,1,7,9,1,10,1,12,,44,,1,21,121.5672611,25.0571665
113,11,11,10,4,2,08士林區,士林區中正路與延平北路6段口,0,0,3,1,C03,8,5,8,50,4,1,1,5,4,5,13,2,1,9,4,5,1,17,2,43,2,7,6,1,7,9,1,10,1,12,,86,,1,21,121.5092302,25.0866027
113,11,11,10,4,2,08士林區,士林區中正路與延平北路6段口,0,0,3,2,C03,8,5,8,50,4,1,1,5,4,5,13,2,1,9,4,5,1,17,1,47,2,3,6,1,7,5,1,10,1,14,,44,,1,21,121.5092302,25.0866027
113,11,11,10,4,2,08士林區,士林區中正路與延平北路6段口,0,0,3,3,H02,8,5,8,50,4,1,1,5,4,5,13,2,1,9,4,5,1,17,2,38,2,9,6,5,7,21,8,20,10,16,,60,,1,21,121.5092302,25.0866027
113,11,11,10,13,1,08士林區,士林區延平北路6段466號,1,0,0,1,A31,6,7,5,40,14,8,1,4,4,5,13,4,4,9,4,4,2,12,1,48,3,10,7,1,7,9,1,1,2,2,,17,,1,21,121.4985925,25.0933237
113,11,11,10,13,1,08士林區,士林區延平北路6段466號,1,0,0,2,F01,6,7,5,40,14,8,1,4,4,5,13,4,4,9,4,4,2,12,2,54,1,5,4,1,7,9,8,20,11,14,,44,,1,21,121.4985925,25.0933237
113,11,11,10,13,1,08士林區,士林區延平北路6段466號,1,0,0,3,C03,6,7,5,40,14,8,1,4,4,5,13,4,4,9,4,4,2,12,2,49,3,10,3,4,7,13,1,10,9,13,,44,,1,21,121.4985925,25.0933237
113,11,11,10,13,1,08士林區,士林區延平北路6段466號,1,0,0,4,C03,6,7,5,40,14,8,1,4,4,5,13,4,4,9,4,4,2,12,2,53,3,10,3,4,7,13,1,10,9,13,,44,,1,21,121.4985925,25.0933237
113,11,11,10,31,2,12內湖區,內湖區成功路2段320巷與成功路2段320巷31弄口,0,0,1,1,B03,7,5,5,30,4,2,1,4,4,5,13,1,1,9,5,5,2,17,1,77,3,10,7,1,7,1,1,8,2,8,,19,,1,21,121.5890754,25.0676329
113,11,11,10,31,2,12內湖區,內湖區成功路2段320巷與成功路2段320巷31弄口,0,0,1,2,C04,7,5,5,30,4,2,1,4,4,5,13,1,1,9,5,5,2,17,2,40,2,9,5,1,7,9,1,10,2,11,,44,,1,21,121.5890754,25.0676329
113,11,11,11,10,2,06松山區,松山區光復北路與民生東路5段27巷9弄口,0,0,2,1,C03,7,6,5,40,3,1,1,5,4,5,13,4,4,5,5,4,2,3,2,46,2,9,5,1,7,9,1,10,2,11,,5,,1,22,121.5549046,25.0598615
113,11,11,11,10,2,06松山區,松山區光復北路與民生東路5段27巷9弄口,0,0,2,2,H01,7,6,5,40,3,1,1,5,4,5,13,4,4,5,5,4,2,3,1,96,2,1,4,5,8,16,8,20,10,16,,53,,1,22,121.5549046,25.0598615
113,11,11,11,15,2,08士林區,士林區福林路004 燈桿,0,0,2,1,C03,8,6,5,50,14,9,1,5,4,5,13,4,4,5,4,5,1,17,1,57,2,3,3,4,7,9,6,10,2,11,,44,,1,22,121.5296428,25.09481811
113,11,11,11,15,2,08士林區,士林區福林路004 燈桿,0,0,2,2,C03,8,6,5,50,14,9,1,5,4,5,13,4,4,5,4,5,1,17,1,74,2,7,3,4,7,9,1,10,2,12,,107,,1,22,121.5296428,25.09481811
113,11,11,11,29,2,11南港區,南港區中坡南路與中坡南路31巷口,0,0,1,1,C03,6,7,5,30,4,1,1,4,4,5,13,4,4,5,4,4,2,15,1,71,3,10,5,1,7,9,6,18,1,14,,72,,1,21,121.5832127,25.0431319
113,11,11,11,29,2,11南港區,南港區中坡南路與中坡南路31巷口,0,0,1,2,C03,6,7,5,30,4,1,1,4,4,5,13,4,4,5,4,4,2,15,1,24,2,7,5,1,7,9,1,10,1,11,,14,,1,21,121.5832127,25.0431319
113,11,11,11,40,2,06松山區,松山區民生東路5段與撫遠街口,0,0,1,1,B03,7,6,5,50,4,1,1,5,4,5,13,2,1,1,4,5,2,17,1,65,3,10,7,1,7,6,1,8,1,2,,9,,1,21,121.5684088,25.0593175
113,11,11,11,40,2,06松山區,松山區民生東路5段與撫遠街口,0,0,1,2,C03,7,6,5,50,4,1,1,5,4,5,13,2,1,1,4,5,2,17,2,58,2,8,6,1,7,9,1,10,1,14,,44,,1,21,121.5684088,25.0593175
113,11,11,12,0,2,03中山區,中山區龍江路276號,0,0,1,1,B03,7,6,5,50,14,9,1,5,4,5,13,4,4,9,5,5,2,17,1,44,3,10,3,1,7,13,1,4,1,4,,40,,1,21,121.5407199,25.0608567
113,11,11,12,0,2,03中山區,中山區龍江路276號,0,0,1,2,F01,7,6,5,50,14,9,1,5,4,5,13,4,4,9,5,5,2,17,2,44,2,9,4,1,7,9,8,20,1,12,,44,,1,21,121.5407199,25.0608567
113,11,11,12,12,2,07信義區,信義區基隆路1段149號,0,0,1,2,C03,7,6,5,50,14,9,1,4,4,5,13,4,4,10,3,5,2,12,1,43,2,7,6,1,7,9,1,10,1,14,,44,,1,21,121.5655688,25.0427006
113,11,11,12,12,2,07信義區,信義區基隆路1段149號,0,0,1,1,,7,6,5,50,14,9,1,4,4,5,13,4,4,10,3,5,2,12,4,0,4,11,3,4,7,8,7,19,11,2,,119,,2,22,121.5655688,25.0427006
113,11,11,12,13,2,04大安區,大安區復興南路2段193巷與和平東路2段311巷口,0,0,1,1,B12,6,5,5,30,3,2,1,5,4,3,13,4,4,9,4,5,2,17,1,34,3,10,3,4,7,14,1,8,1,17,,42,,1,21,121.5451597,25.0264164
113,11,11,12,13,2,04大安區,大安區復興南路2段193巷與和平東路2段311巷口,0,0,1,2,C03,6,5,5,30,3,2,1,5,4,3,13,4,4,9,4,5,2,17,2,25,2,8,3,4,7,6,1,10,1,12,,116,,1,21,121.5451597,25.0264164
113,11,11,12,13,2,04大安區,大安區復興南路2段193巷與和平東路2段311巷口,0,0,1,3,H01,6,5,5,30,3,2,1,5,4,3,13,4,4,9,4,5,2,17,1,34,3,10,4,5,8,16,8,20,1,17,,67,,1,21,121.5451597,25.0264164
113,11,11,12,25,2,03中山區,中山區林森北路與中山北路2段77巷口,0,0,1,1,B03,8,7,5,50,4,1,1,5,4,5,13,4,4,10,5,5,2,16,1,41,3,10,7,1,7,5,1,8,1,5,,74,,1,21,121.5254898,25.05744698
113,11,11,12,25,2,03中山區,中山區林森北路與中山北路2段77巷口,0,0,1,2,C03,8,7,5,50,4,1,1,5,4,5,13,4,4,10,5,5,2,16,2,30,2,9,6,1,7,9,1,10,1,11,,44,,1,21,121.5254898,25.05744698
113,11,11,12,38,2,06松山區,松山區八德路3段與八德路3段158巷口,0,0,1,1,B01,6,5,5,50,4,1,1,4,4,5,13,2,1,5,4,5,2,17,1,65,3,10,3,4,7,11,1,4,1,6,,10,,1,22,121.5551009,25.0480649
113,11,11,12,38,2,06松山區,松山區八德路3段與八德路3段158巷口,0,0,1,2,C03,6,5,5,50,4,1,1,4,4,5,13,2,1,5,4,5,2,17,1,24,2,7,6,4,7,9,1,10,1,11,,108,,1,22,121.5551009,25.0480649
113,11,11,12,38,2,06松山區,松山區八德路3段與八德路3段158巷口,0,0,1,3,B12,6,5,5,50,4,1,1,4,4,5,13,2,1,5,4,5,2,17,1,73,3,10,3,4,7,14,1,8,11,17,,38,,1,22,121.5551009,25.0480649
113,11,11,12,45,2,09北投區,北投區石牌路2段113巷與立農街2段口,0,0,1,1,B03,7,6,5,50,4,2,1,5,4,5,13,2,1,10,5,5,2,13,1,69,3,10,7,1,7,9,1,8,1,1,,16,,1,21,121.5170868,25.1187368
113,11,11,12,45,2,09北投區,北投區石牌路2段113巷與立農街2段口,0,0,1,2,C03,7,6,5,50,4,2,1,5,4,5,13,2,1,10,5,5,2,13,2,45,2,5,5,1,7,14,1,10,1,13,,44,,1,21,121.5170868,25.1187368
113,11,11,13,4,2,12內湖區,內湖區康樂街186巷與康樂街口,0,0,2,2,C03,6,6,5,50,3,1,1,4,4,5,13,2,1,5,4,5,2,17,2,23,2,8,6,1,7,9,1,10,2,11,,44,,1,21,121.621054,25.07611747
113,11,11,13,4,2,12內湖區,內湖區康樂街186巷與康樂街口,0,0,2,1,C03,6,6,5,50,3,1,1,4,4,5,13,2,1,5,4,5,2,17,2,41,2,8,6,1,7,5,1,10,2,12,,2,,1,21,121.621054,25.07611747
113,11,11,13,26,2,06松山區,松山區南京東路4段160號與南京東路4段口,0,0,1,2,C03,7,5,5,30,3,2,1,5,4,5,13,4,4,3,4,4,2,17,1,50,2,9,6,4,7,9,1,10,1,11,,44,,1,22,121.5564243,25.05147468
113,11,11,13,26,2,06松山區,松山區南京東路4段160號與南京東路4段口,0,0,1,1,C03,7,5,5,30,3,2,1,5,4,5,13,4,4,3,4,4,2,17,1,35,3,10,6,4,7,6,1,10,1,13,,74,,1,22,121.5564243,25.05147468
113,11,11,13,31,2,04大安區,大安區辛亥路3段與辛亥路3段157巷口,0,0,1,1,B12,6,6,5,50,4,1,1,4,4,5,13,2,1,1,1,5,2,13,1,39,3,10,3,4,7,9,1,4,1,1,,16,,1,22,121.5490874,25.0169503
113,11,11,13,31,2,04大安區,大安區辛亥路3段與辛亥路3段157巷口,0,0,1,2,B03,6,6,5,50,4,1,1,4,4,5,13,2,1,1,1,5,2,13,1,33,2,2,7,4,7,14,1,8,1,3,,44,,1,22,121.5490874,25.0169503
113,11,11,13,50,2,05中正區,中正區中山南路與濟南路1段口,0,0,1,1,C03,6,6,5,50,4,1,1,4,4,5,13,1,1,1,4,5,2,17,1,51,3,10,6,1,7,9,1,10,2,17,,44,,1,21,121.5189252,25.0430099
113,11,11,13,50,2,05中正區,中正區中山南路與濟南路1段口,0,0,1,2,C03,6,6,5,50,4,1,1,4,4,5,13,1,1,1,4,5,2,17,1,51,2,9,5,1,7,9,1,9,2,12,,42,,1,21,121.5189252,25.0430099
113,11,11,14,0,2,06松山區,松山區民權東路4段與敦化北路口,0,0,1,1,B03,7,6,5,50,4,1,1,5,4,5,13,2,1,2,4,5,2,17,1,54,3,10,7,1,7,6,3,18,2,5,,9,,1,21,121.551251,25.0616471
113,11,11,14,0,2,06松山區,松山區民權東路4段與敦化北路口,0,0,1,2,C03,7,6,5,50,4,1,1,5,4,5,13,2,1,2,4,5,2,17,2,56,2,9,6,1,7,9,1,10,2,14,,44,,1,21,121.551251,25.0616471
113,11,11,14,12,2,07信義區,信義區基隆路1段200號,0,0,1,1,B03,6,6,5,50,14,9,1,4,4,5,13,4,4,3,3,5,2,13,1,29,3,10,7,1,7,9,1,8,1,5,,107,,1,21,121.5638892,25.0402865
113,11,11,14,12,2,07信義區,信義區基隆路1段200號,0,0,1,2,C02,6,6,5,50,14,9,1,4,4,5,13,4,4,3,3,5,2,13,1,30,2,6,6,1,7,3,1,9,1,13,,44,,1,21,121.5638892,25.0402865
113,11,11,14,30,2,10文山區,文山區指南路3段與指南路3段24巷口,0,0,1,1,B02,8,6,5,30,3,2,2,5,4,5,13,4,4,10,5,5,2,17,1,59,3,10,3,4,7,6,1,8,1,8,,74,,1,21,121.5795474,24.9838868
113,11,11,14,30,2,10文山區,文山區指南路3段與指南路3段24巷口,0,0,1,2,C03,8,6,5,30,3,2,2,5,4,5,13,4,4,10,5,5,2,17,1,58,2,8,5,1,7,9,1,10,1,13,,44,,1,21,121.5795474,24.9838868
113,11,11,14,30,2,10文山區,文山區指南路3段與指南路3段24巷口,0,0,1,3,B12,8,6,5,30,3,2,2,5,4,5,13,4,4,10,5,5,2,17,1,27,3,10,3,4,7,14,1,4,11,17,,38,,1,21,121.5795474,24.9838868
113,11,11,14,50,2,02萬華區,門牌廣州街222號前,0,0,1,1,B03,7,6,5,30,14,9,1,5,4,5,13,4,4,10,5,5,2,9,2,65,3,10,7,1,7,2,1,8,2,3,,12,,1,26,121.4968641,25.03646221
113,11,11,14,50,2,02萬華區,門牌廣州街222號前,0,0,1,2,H01,7,6,5,30,14,9,1,5,4,5,13,4,4,10,5,5,2,9,2,75,2,5,4,5,8,16,8,20,10,16,,67,,1,26,121.4968641,25.03646221
113,11,11,14,50,2,02萬華區,門牌廣州街222號前,0,0,1,3,B03,7,6,5,30,14,9,1,5,4,5,13,4,4,10,5,5,2,9,1,31,3,10,7,1,7,13,1,8,1,4,,44,,1,26,121.4968641,25.03646221
113,11,11,14,50,2,02萬華區,門牌廣州街222號前,0,0,1,4,B12,7,6,5,30,14,9,1,5,4,5,13,4,4,10,5,5,2,9,1,60,3,10,7,1,7,13,1,8,1,3,,44,,1,26,121.4968641,25.03646221
113,11,11,15,40,2,05中正區,中正區市民大道2段與金山北路口,0,0,1,1,C03,6,7,5,40,4,2,1,4,4,5,13,1,1,1,4,5,2,17,1,20,2,9,5,1,7,9,1,10,1,14,,13,,1,21,121.5303325,25.046018
113,11,11,15,40,2,05中正區,中正區市民大道2段與金山北路口,0,0,1,2,B03,6,7,5,40,4,2,1,4,4,5,13,1,1,1,4,5,2,17,1,51,3,10,7,1,7,14,1,8,1,3,,44,,1,21,121.5303325,25.046018
113,11,11,15,43,2,10文山區,文山區興隆路4段與興隆路4段145巷口,0,0,2,1,C04,8,7,5,50,4,2,1,5,4,5,13,4,4,10,5,5,2,15,2,74,2,9,6,1,7,9,1,21,2,11,,72,,1,21,121.5614817,24.9849309
113,11,11,15,43,2,10文山區,文山區興隆路4段與興隆路4段145巷口,0,0,2,2,C03,8,7,5,50,4,2,1,5,4,5,13,4,4,10,5,5,2,15,1,38,2,9,6,1,7,9,1,10,2,11,,13,,1,21,121.5614817,24.9849309
113,11,11,16,33,2,05中正區,中正區汀州路3段與汀州路3段230巷口,0,0,2,1,C03,6,7,5,50,4,2,1,4,4,5,13,4,4,5,4,5,2,16,2,21,2,7,5,4,7,5,1,10,1,11,,8,,1,21,121.5359696,25.0115082
113,11,11,16,33,2,05中正區,中正區汀州路3段與汀州路3段230巷口,0,0,2,2,C03,6,7,5,50,4,2,1,4,4,5,13,4,4,5,4,5,2,16,1,22,3,10,5,4,7,9,1,10,1,13,,44,,1,21,121.5359696,25.0115082
113,11,11,16,33,2,05中正區,中正區汀州路3段與汀州路3段230巷口,0,0,2,3,H02,6,7,5,50,4,2,1,4,4,5,13,4,4,5,4,5,2,16,2,21,2,8,5,5,7,20,8,20,10,16,,67,,1,21,121.5359696,25.0115082
113,11,11,16,40,2,12內湖區,內湖區金湖路與民權東路6段口,0,0,1,1,B03,6,5,5,50,4,1,1,4,1,5,13,1,1,1,5,5,2,17,1,69,3,10,7,1,7,9,1,8,2,8,,44,,1,21,121.6056704,25.0733359
113,11,11,16,40,2,12內湖區,內湖區金湖路與民權東路6段口,0,0,1,2,C03,6,5,5,50,4,1,1,4,1,5,13,1,1,1,5,5,2,17,2,59,2,9,5,1,7,5,1,10,2,13,,8,,1,21,121.6056704,25.0733359
113,11,11,16,59,2,06松山區,松山區南京東路5段23巷15弄與南京東路5段23巷口,0,0,1,1,C03,6,6,5,30,4,1,5,4,4,5,13,4,4,10,5,5,2,15,1,18,2,9,6,1,7,9,1,21,1,11,,72,,1,21,121.5580474,25.0530584
113,11,11,16,59,2,06松山區,松山區南京東路5段23巷15弄與南京東路5段23巷口,0,0,1,2,B03,6,6,5,30,4,1,5,4,4,5,13,4,4,10,5,5,2,15,1,74,3,10,3,4,7,9,1,8,1,4,,14,,1,21,121.5580474,25.0530584
113,11,11,17,11,2,04大安區,大安區忠孝東路4段與敦化南路1段口,0,0,3,1,C03,6,5,5,50,4,4,1,4,4,5,13,1,1,1,4,5,2,17,1,30,2,9,6,1,7,9,1,10,1,11,,16,,1,21,121.5486073,25.0418145
113,11,11,17,11,2,04大安區,大安區忠孝東路4段與敦化南路1段口,0,0,3,2,C03,6,5,5,50,4,4,1,4,4,5,13,1,1,1,4,5,2,17,1,22,2,9,6,1,7,14,1,10,1,13,,44,,1,21,121.5486073,25.0418145
113,11,11,17,11,2,04大安區,大安區忠孝東路4段與敦化南路1段口,0,0,3,3,H02,6,5,5,50,4,4,1,4,4,5,13,1,1,1,4,5,2,17,2,30,2,9,6,5,7,20,8,20,10,16,,67,,1,21,121.5486073,25.0418145
113,11,11,17,15,2,03中山區,中山區中原街與新生北路2段127巷口,0,0,1,1,B03,8,5,5,50,4,1,1,5,4,5,13,4,4,5,5,5,2,1,1,34,3,10,3,4,7,5,1,8,1,8,,108,,1,22,121.5289687,25.05966628
113,11,11,17,15,2,03中山區,中山區中原街與新生北路2段127巷口,0,0,1,2,H01,8,5,5,50,4,1,1,5,4,5,13,4,4,5,5,5,2,1,2,26,2,9,4,5,8,16,8,20,10,16,,67,,1,22,121.5289687,25.05966628
113,11,11,17,53,2,07信義區,信義區忠孝東路5段743巷與忠孝東路5段口,0,0,1,1,B03,6,5,5,50,5,18,1,4,4,5,13,1,1,3,4,5,2,9,1,40,3,10,3,4,7,9,1,8,2,1,,70,,1,21,121.5812231,25.0435346