發生年度,發生月,發生日,發生時-Hours,發生分,處理別-編號,區序,肇事地點,死亡人數,2-30日死亡人數,受傷人數,當事人序號,車種,天候,道路照明設備,道路類別,速限-速度限制,道路型態,事故位置,路面狀況1,路面狀況2,路面狀況3,道路障礙1,道路障礙2,號誌1,號誌2,車道劃分-分向,車道劃分-分道1,車道劃分-分道2,車道劃分-分道3,事故類型及型態,性別,年齡,受傷程度,主要傷處,保護裝置,行動電話,車輛用途,當事者行動狀態,駕駛資格情形,駕駛執照種類,飲酒情形,車輛撞擊部位1,車輛撞擊部位2,肇因碼-個別,肇因碼-主要,個人肇逃否,職業,座標-X,座標-Y
113,11,11,17,53,2,07信義區,信義區忠孝東路5段743巷與忠孝東路5段口,0,0,1,2,H01,6,5,5,50,5,18,1,4,4,5,13,1,1,3,4,5,2,9,2,12,2,9,4,5,8,18,8,20,10,16,,67,,1,14,121.5812231,25.0435346
113,11,11,18,14,2,01大同區,大同區民權西路與民權西路225巷口,0,0,2,1,C03,6,5,8,50,22,22,1,4,4,5,13,1,1,1,4,5,2,17,1,56,2,9,6,1,7,5,1,10,1,13,,8,,1,21,121.5121846,25.06284474
113,11,11,18,14,2,01大同區,大同區民權西路與民權西路225巷口,0,0,2,2,C03,6,5,8,50,22,22,1,4,4,5,13,1,1,1,4,5,2,17,1,20,2,7,5,1,7,9,1,10,1,11,,108,,1,21,121.5121846,25.06284474
113,11,11,18,20,2,07信義區,(松仁路2號),0,0,2,1,C03,6,5,5,50,14,9,1,4,4,5,13,4,4,1,4,5,2,17,1,23,2,8,6,1,7,9,1,10,2,11,,99,,1,22,121.5683829,25.0404616
113,11,11,18,20,2,07信義區,(松仁路2號),0,0,2,2,C03,6,5,5,50,14,9,1,4,4,5,13,4,4,1,4,5,2,17,1,23,2,7,6,1,7,9,1,10,2,14,,14,,1,22,121.5683829,25.0404616
113,11,11,18,20,2,07信義區,(松仁路2號),0,0,2,3,B03,6,5,5,50,14,9,1,4,4,5,13,4,4,1,4,5,2,17,1,55,3,10,3,4,7,14,1,8,2,3,,44,,1,22,121.5683829,25.0404616
113,11,11,18,40,2,01大同區,大同區鄭州路與西寧北路口,0,0,1,1,C03,6,5,5,40,5,1,1,4,4,5,13,2,1,1,4,5,2,17,1,57,3,10,6,1,7,15,1,10,1,12,,101,,1,21,121.50825,25.050622
113,11,11,18,40,2,01大同區,大同區鄭州路與西寧北路口,0,0,1,2,C03,6,5,5,40,5,1,1,4,4,5,13,2,1,1,4,5,2,17,2,24,2,9,6,1,7,9,1,10,1,11,,44,,1,21,121.50825,25.050622
113,11,11,18,40,2,08士林區,士林區磺溪街與磺溪街47巷口,0,0,1,1,C03,8,5,5,50,4,1,1,5,4,1,13,4,4,9,5,5,2,17,2,35,2,8,3,4,7,7,1,10,1,12,,108,,1,21,121.5229937,25.1070321
113,11,11,18,40,2,08士林區,士林區磺溪街與磺溪街47巷口,0,0,1,2,C03,8,5,5,50,4,1,1,5,4,1,13,4,4,9,5,5,2,17,1,48,3,10,3,4,7,7,1,10,1,14,,101,,1,21,121.5229937,25.1070321
113,11,11,18,40,2,07信義區,松山區民生東路4段108號,0,0,2,1,E03,6,5,5,50,14,9,1,4,4,5,13,1,1,7,5,5,1,11,1,52,3,10,7,1,7,14,1,14,2,4,,40,,1,23,121.5540699,25.0581151
113,11,11,18,40,2,07信義區,松山區民生東路4段108號,0,0,2,2,C03,6,5,5,50,14,9,1,4,4,5,13,1,1,7,5,5,1,11,1,30,2,8,6,1,7,9,1,10,9,17,,44,,1,21,121.5540699,25.0581151
113,11,11,18,40,2,07信義區,松山區民生東路4段108號,0,0,2,3,C03,6,5,5,50,14,9,1,4,4,5,13,1,1,7,5,5,1,11,1,37,2,7,6,1,7,9,1,10,9,17,,44,,1,21,121.5540699,25.0581151
113,11,11,18,45,2,03中山區,中山區民生東路3段6號,0,0,1,1,C03,6,5,5,50,14,9,1,4,4,5,13,4,4,1,5,5,1,13,2,21,2,8,3,4,7,9,1,10,1,11,,16,,1,21,121.5372617,25.05778901
113,11,11,18,45,2,03中山區,中山區民生東路3段6號,0,0,1,2,B03,6,5,5,50,14,9,1,4,4,5,13,4,4,1,5,5,1,13,1,28,3,10,3,4,7,14,1,8,1,7,,44,,1,21,121.5372617,25.05778901
113,11,11,18,49,2,06松山區,松山區延壽街與延壽街424巷口,0,0,1,1,C03,6,5,5,50,3,2,1,4,4,5,13,4,4,8,3,5,2,18,2,35,2,9,6,1,7,12,1,10,1,14,,108,,1,21,121.5563771,25.0563245
113,11,11,18,49,2,06松山區,松山區延壽街與延壽街424巷口,0,0,1,2,,6,5,5,50,3,2,1,4,4,5,13,4,4,8,3,5,2,18,3,,,,,,,,,,,,,67,,1,,121.5563771,25.0563245
113,11,11,18,51,2,01大同區,大同區民權西路與民權西路133巷口,0,0,1,1,C03,6,5,5,50,3,2,1,4,4,5,13,4,4,1,4,5,2,17,1,31,3,10,6,1,7,9,1,10,1,12,,107,,1,21,121.5173648,25.0630354
113,11,11,18,51,2,01大同區,大同區民權西路與民權西路133巷口,0,0,1,2,C03,6,5,5,50,3,2,1,4,4,5,13,4,4,1,4,5,2,17,1,21,2,9,6,1,7,9,1,10,1,14,,44,,1,21,121.5173648,25.0630354
113,11,11,18,52,2,10文山區,文山區懷恩隧道南往北(最後一個涵洞),0,0,1,1,C03,6,5,8,50,6,9,1,4,4,3,13,4,4,1,2,5,2,13,1,28,2,9,6,2,7,9,1,10,1,11,,108,,1,21,121.5519088,24.99533778
113,11,11,18,52,2,10文山區,文山區懷恩隧道南往北(最後一個涵洞),0,0,1,2,E03,6,5,8,50,6,9,1,4,4,3,13,4,4,1,2,5,2,13,1,27,3,10,3,1,7,14,1,8,2,3,,44,,1,23,121.5519088,24.99533778
113,11,11,19,0,2,02萬華區,萬華區昆明街與廣州街口,0,0,2,1,C03,6,5,5,50,4,1,1,4,4,5,13,1,1,10,4,5,2,17,1,22,2,9,6,1,7,7,6,18,1,14,,101,,1,21,121.5035158,25.03655373
113,11,11,19,0,2,02萬華區,萬華區昆明街與廣州街口,0,0,2,2,C03,6,5,5,50,4,1,1,4,4,5,13,1,1,10,4,5,2,17,2,32,2,9,6,1,7,9,1,10,1,11,,44,,1,21,121.5035158,25.03655373
113,11,11,19,13,2,04大安區,大安區復興南路1段與仁愛路3段口,0,0,1,1,B03,6,5,5,50,14,9,1,4,4,5,13,4,4,1,4,5,1,12,1,54,3,10,3,4,7,1,1,8,1,4,,19,,1,21,121.5435866,25.0374574
113,11,11,19,13,2,04大安區,大安區復興南路1段與仁愛路3段口,0,0,1,2,C03,6,5,5,50,14,9,1,4,4,5,13,4,4,1,4,5,1,12,1,30,2,8,6,4,7,9,1,10,1,12,,44,,1,21,121.5435866,25.0374574
113,11,11,19,20,2,03中山區,中山區北安路139號,0,0,1,1,C03,6,5,5,50,18,9,1,4,4,5,13,4,4,1,4,5,2,17,2,22,2,9,5,1,7,9,1,10,1,14,,13,,1,21,121.5330102,25.078176
113,11,11,19,20,2,03中山區,中山區北安路139號,0,0,1,2,B01,6,5,5,50,18,9,1,4,4,5,13,4,4,1,4,5,2,17,1,66,3,10,7,1,7,5,1,4,1,17,,19,,1,21,121.5330102,25.078176
113,11,11,19,20,2,09北投區,北投區大度路1段機慢車道,0,0,2,1,C03,7,5,7,50,14,12,1,5,4,5,13,4,4,1,4,1,1,12,1,26,2,9,5,1,7,7,3,18,5,11,,100,,1,21,121.4868607,25.1217841
113,11,11,19,20,2,09北投區,北投區大度路1段機慢車道,0,0,2,2,C03,7,5,7,50,14,12,1,5,4,5,13,4,4,1,4,1,1,12,2,37,2,9,5,1,7,9,1,10,2,11,,44,,1,21,121.4868607,25.1217841
113,11,11,19,23,2,06松山區,松山區八德路4段91巷11號,0,0,2,1,C03,6,5,5,30,14,9,1,4,4,5,13,4,4,10,5,5,2,17,2,48,2,7,6,1,7,5,1,10,2,14,,8,,1,22,121.5607705,25.04951428
113,11,11,19,23,2,06松山區,松山區八德路4段91巷11號,0,0,2,2,C03,6,5,5,30,14,9,1,4,4,5,13,4,4,10,5,5,2,17,2,32,2,9,6,1,7,9,1,10,2,12,,44,,1,22,121.5607705,25.04951428
113,11,11,19,23,2,06松山區,松山區八德路4段91巷11號,0,0,2,3,C03,6,5,5,30,14,9,1,4,4,5,13,4,4,10,5,5,2,17,2,22,3,10,3,4,7,13,1,10,9,14,,44,,1,22,121.5607705,25.04951428
113,11,11,19,30,2,10文山區,文山區木柵路2段138巷與興隆路4段101巷口,0,0,1,1,B03,6,5,5,30,4,1,1,4,4,5,13,1,1,10,5,5,2,16,1,30,3,10,7,1,7,5,1,8,1,1,,71,,1,21,121.5620232,24.988327
113,11,11,19,30,2,10文山區,文山區木柵路2段138巷與興隆路4段101巷口,0,0,1,2,C03,6,5,5,30,4,1,1,4,4,5,13,1,1,10,5,5,2,16,1,59,2,8,5,1,7,9,1,10,1,11,,44,,1,21,121.5620232,24.988327
113,11,11,19,48,2,07信義區,信義區忠孝東路5段與忠孝東路5段215巷口,0,0,1,1,B03,6,5,5,50,3,1,1,4,4,5,13,1,1,3,3,5,2,17,2,33,3,10,7,1,7,11,1,8,2,17,,10,,1,21,121.5700767,25.0410653
113,11,11,19,48,2,07信義區,信義區忠孝東路5段與忠孝東路5段215巷口,0,0,1,2,C03,6,5,5,50,3,1,1,4,4,5,13,1,1,3,3,5,2,17,2,26,2,9,6,1,7,9,1,10,2,17,,44,,1,21,121.5700767,25.0410653
113,11,11,19,50,2,04大安區,大安區仁愛路3段與建國南路1段口,0,0,1,1,C03,6,5,5,40,3,2,1,4,4,5,13,4,4,1,4,4,1,12,2,29,2,7,3,4,7,7,1,10,2,14,,100,,1,21,121.5382263,25.0389703
113,11,11,19,50,2,04大安區,大安區仁愛路3段與建國南路1段口,0,0,1,2,B02,6,5,5,40,3,2,1,4,4,5,13,4,4,1,4,4,1,12,1,63,3,10,3,4,7,9,1,4,2,2,,44,,1,21,121.5382263,25.0389703
113,11,11,20,21,2,12內湖區,內湖區新明路174巷與新明路口,0,0,1,1,B03,7,6,5,50,3,1,1,4,4,5,13,2,1,5,4,5,2,16,1,28,3,10,3,4,7,5,1,8,2,8,,44,,1,22,121.5857315,25.05751225
113,11,11,20,21,2,12內湖區,內湖區新明路174巷與新明路口,0,0,1,2,C03,7,6,5,50,3,1,1,4,4,5,13,2,1,5,4,5,2,16,1,31,2,9,5,1,7,9,1,10,2,11,,81,,1,22,121.5857315,25.05751225
113,11,11,20,26,2,10文山區,文山區景文街與景中街口口,0,0,2,1,B03,8,5,5,50,4,1,1,5,4,5,13,2,1,5,5,5,2,17,1,46,3,10,7,1,7,5,1,8,1,17,,71,,1,21,121.5413277,24.9929868
113,11,11,20,26,2,10文山區,文山區景文街與景中街口口,0,0,2,2,C03,8,5,5,50,4,1,1,5,4,5,13,2,1,5,5,5,2,17,1,19,2,9,6,1,7,9,1,10,1,14,,42,,1,21,121.5413277,24.9929868
113,11,11,20,26,2,10文山區,文山區景文街與景中街口口,0,0,2,3,H02,8,5,5,50,4,1,1,5,4,5,13,2,1,5,5,5,2,17,2,21,2,9,6,5,7,21,8,20,10,16,,67,,1,21,121.5413277,24.9929868
113,11,11,21,10,2,07信義區,信義區一號道路,0,0,1,1,C03,6,5,5,50,14,9,4,4,4,5,13,4,4,9,4,5,2,18,2,53,2,9,6,1,7,9,1,10,1,17,,118,,1,21,121.5620042,25.0373757
113,11,11,21,10,2,07信義區,信義區一號道路,0,0,1,2,,6,5,5,50,14,9,4,4,4,5,13,4,4,9,4,5,2,18,3,0,,,,,,,,,,,,67,,1,,121.5620042,25.0373757
113,11,11,22,14,2,01大同區,大同區歸綏街與保安街72巷口,0,0,1,1,C03,6,5,5,50,5,2,1,4,4,5,13,4,4,9,5,5,2,13,2,28,2,9,6,1,7,9,3,18,1,11,,108,,1,21,121.5122254,25.058155
113,11,11,22,14,2,01大同區,大同區歸綏街與保安街72巷口,0,0,1,2,B03,6,5,5,50,5,2,1,4,4,5,13,4,4,9,5,5,2,13,1,33,3,10,2,4,7,14,1,8,1,7,,38,,1,21,121.5122254,25.058155
113,11,11,23,20,2,12內湖區,內湖區民權東路6段56巷與民權東路6段口,0,0,2,1,C03,6,5,5,50,4,1,1,4,4,5,13,2,1,5,4,5,2,13,1,38,2,9,5,1,7,9,1,10,1,11,,108,,1,21,121.5845188,25.0686806
113,11,11,23,20,2,12內湖區,內湖區民權東路6段56巷與民權東路6段口,0,0,2,2,B01,6,5,5,50,4,1,1,4,4,5,13,2,1,5,4,5,2,13,1,59,3,10,7,1,7,6,1,8,1,5,3,44,,1,21,121.5845188,25.0686806
113,11,11,23,20,2,12內湖區,內湖區民權東路6段56巷與民權東路6段口,0,0,2,3,H02,6,5,5,50,4,1,1,4,4,5,13,2,1,5,4,5,2,13,1,22,2,1,7,5,7,20,8,20,10,16,,67,,1,21,121.5845188,25.0686806
113,11,11,23,20,2,12內湖區,內湖區民權東路6段56巷與民權東路6段口,0,0,2,4,,6,5,5,50,4,1,1,4,4,5,13,2,1,5,4,5,2,13,3,0,,,,,,,,,,,,67,,1,,121.5845188,25.0686806
113,11,12,0,9,2,10文山區,文山區木柵路2段與木柵路2段109巷口,0,0,2,1,B03,6,6,5,50,4,1,1,4,4,5,13,2,1,10,5,5,2,16,1,50,2,7,7,1,7,5,1,8,2,2,,71,,1,21,121.561797,24.988887
113,11,12,0,9,2,10文山區,文山區木柵路2段與木柵路2段109巷口,0,0,2,2,C03,6,6,5,50,4,1,1,4,4,5,13,2,1,10,5,5,2,16,1,20,2,9,6,1,7,9,3,18,9,11,,44,,1,21,121.561797,24.988887
113,11,12,0,22,2,10文山區,文山區指南路3段與指南路3段2巷口,0,0,1,1,B12,6,5,5,30,3,19,1,4,4,5,13,3,1,10,5,5,2,1,1,52,3,10,7,1,7,5,1,8,2,8,,70,,1,21,121.5798715,24.9853654
113,11,12,0,22,2,10文山區,文山區指南路3段與指南路3段2巷口,0,0,1,2,H01,6,5,5,30,3,19,1,4,4,5,13,3,1,10,5,5,2,1,2,22,2,9,4,5,8,16,8,20,10,16,,44,,1,21,121.5798715,24.9853654
113,11,12,5,50,2,03中山區,中山區天祥路與撫順街口,0,0,2,1,B01,6,5,5,30,4,1,1,4,4,5,13,4,4,10,5,5,2,15,1,57,3,10,7,1,7,9,1,4,2,5,,75,,1,22,121.5207381,25.06358988
113,11,12,5,50,2,03中山區,中山區天祥路與撫順街口,0,0,2,2,C03,6,5,5,30,4,1,1,4,4,5,13,4,4,10,5,5,2,15,1,34,2,9,5,1,7,9,1,10,2,11,,80,,1,22,121.5207381,25.06358988
113,11,12,5,50,2,03中山區,中山區天祥路與撫順街口,0,0,2,3,H02,6,5,5,30,4,1,1,4,4,5,13,4,4,10,5,5,2,15,2,24,2,9,5,5,7,17,8,20,10,16,,67,,1,22,121.5207381,25.06358988
113,11,12,7,1,2,05中正區,中正區羅斯福路2段與南昌路2段口,0,0,2,1,H01,6,7,5,50,3,2,1,4,4,5,13,1,1,1,4,5,2,3,2,74,2,1,4,5,8,18,8,20,10,16,,121,,1,22,121.524098,25.0246923
113,11,12,7,1,2,05中正區,中正區羅斯福路2段與南昌路2段口,0,0,2,2,C03,6,7,5,50,3,2,1,4,4,5,13,1,1,1,4,5,2,3,1,27,2,9,5,1,7,9,3,18,2,11,,13,,1,22,121.524098,25.0246923
113,11,12,7,30,2,06松山區,松山區敦化北路155巷與敦化北路155巷66弄口,0,0,1,1,C03,6,7,5,30,4,1,1,4,4,5,13,4,4,10,3,5,2,18,1,48,2,9,6,1,7,9,1,10,9,11,,42,,1,23,121.5511464,25.0542513
113,11,12,7,30,2,06松山區,松山區敦化北路155巷與敦化北路155巷66弄口,0,0,1,2,,6,7,5,30,4,1,1,4,4,5,13,4,4,10,3,5,2,18,3,0,,,,,,,,,,,,67,,1,,121.5511464,25.0542513
113,11,12,7,35,2,02萬華區,萬華區萬大路257號,0,0,1,1,C03,6,5,5,30,14,9,1,4,4,5,13,4,4,1,3,5,1,16,1,55,3,10,3,4,7,6,1,10,1,13,,101,,1,22,121.5005572,25.0257091
113,11,12,7,35,2,02萬華區,萬華區萬大路257號,0,0,1,2,C03,6,5,5,30,14,9,1,4,4,5,13,4,4,1,3,5,1,16,1,25,2,8,3,4,7,9,1,10,1,11,,44,,1,22,121.5005572,25.0257091
113,11,12,7,45,2,03中山區,中山區民權東路1段中山國小站2號出口,0,0,1,1,C03,6,7,5,50,14,9,1,4,4,5,13,4,4,1,4,5,2,17,1,44,2,9,6,1,7,9,1,10,1,12,,16,,1,21,121.5260082,25.06274281
113,11,12,7,45,2,03中山區,中山區民權東路1段中山國小站2號出口,0,0,1,2,B03,6,7,5,50,14,9,1,4,4,5,13,4,4,1,4,5,2,17,1,57,3,10,7,1,7,9,1,8,1,3,,44,,1,21,121.5260082,25.06274281
113,11,12,7,50,2,09北投區,北投區大同街94號,0,0,1,1,C03,8,6,5,30,14,9,1,5,4,5,13,4,4,10,5,5,2,17,1,47,3,10,6,1,7,4,1,10,2,12,,1,,1,21,121.4984491,25.1342049
113,11,12,7,50,2,09北投區,北投區大同街94號,0,0,1,2,F01,8,6,5,30,14,9,1,5,4,5,13,4,4,10,5,5,2,17,1,31,2,9,4,1,7,9,8,20,2,14,,44,,1,22,121.4984491,25.1342049
113,11,12,8,6,2,01大同區,大同區長安西路與長安西路220巷口,0,0,2,1,C03,6,7,5,50,4,1,1,4,4,5,13,2,1,9,5,5,2,12,2,41,2,9,6,1,7,9,1,10,1,11,,44,,1,22,121.51462,25.0514178
113,11,12,8,6,2,01大同區,大同區長安西路與長安西路220巷口,0,0,2,2,C03,6,7,5,50,4,1,1,4,4,5,13,2,1,9,5,5,2,12,1,32,2,9,6,1,7,15,1,10,1,13,,116,,1,22,121.51462,25.0514178
113,11,12,8,8,2,05中正區,中正區愛國西路與延平南路口,0,0,1,1,C03,7,7,5,50,4,1,1,5,4,5,13,1,1,1,4,4,2,16,1,28,3,10,5,4,7,6,1,10,1,12,,44,,1,21,121.5079657,25.0365656
113,11,12,8,8,2,05中正區,中正區愛國西路與延平南路口,0,0,1,2,C03,7,7,5,50,4,1,1,5,4,5,13,1,1,1,4,4,2,16,1,44,2,7,5,4,7,9,1,10,1,11,,44,,1,21,121.5079657,25.0365656
113,11,12,8,20,2,04大安區,大安區復興南路1段與仁愛路4段口,0,0,1,1,C03,6,5,5,50,4,2,1,4,4,5,13,2,1,1,4,5,2,15,1,19,2,8,3,4,7,1,1,10,1,11,,44,,1,21,121.5438034,25.0381858
113,11,12,8,20,2,04大安區,大安區復興南路1段與仁愛路4段口,0,0,1,2,B03,6,5,5,50,4,2,1,4,4,5,13,2,1,1,4,5,2,15,1,55,3,10,3,4,7,9,1,8,1,5,,42,,1,21,121.5438034,25.0381858
113,11,12,8,30,2,04大安區,大安區信義路4段與信義路4段53巷口口,0,0,2,1,B11,6,6,5,50,3,1,1,4,4,5,13,4,4,1,4,5,2,16,1,64,3,10,7,1,7,5,1,4,1,4,,44,,1,21,121.5450691,25.03346978
113,11,12,8,30,2,04大安區,大安區信義路4段與信義路4段53巷口口,0,0,2,2,C03,6,6,5,50,3,1,1,4,4,5,13,4,4,1,4,5,2,16,1,58,2,8,6,1,7,9,1,10,1,11,,16,,1,21,121.5450691,25.03346978
113,11,12,8,30,2,04大安區,大安區信義路4段與信義路4段53巷口口,0,0,2,3,H02,6,6,5,50,3,1,1,4,4,5,13,4,4,1,4,5,2,16,2,60,2,8,6,5,7,21,8,20,10,16,,67,,1,21,121.5450691,25.03346978
113,11,12,8,32,2,03中山區,中山區南京東路2段110號,0,0,2,1,C03,6,6,5,50,14,8,1,4,4,5,13,4,4,3,4,4,2,17,1,48,2,9,6,1,7,10,1,10,1,11,,100,,1,21,121.5322245,25.05194841
113,11,12,8,32,2,03中山區,中山區南京東路2段110號,0,0,2,2,C03,6,6,5,50,14,8,1,4,4,5,13,4,4,3,4,4,2,17,2,25,2,9,6,1,7,9,1,10,1,12,,44,,1,21,121.5322245,25.05194841
113,11,12,8,32,2,03中山區,中山區南京東路2段110號,0,0,2,3,B03,6,6,5,50,14,8,1,4,4,5,13,4,4,3,4,4,2,17,1,60,3,10,7,1,7,9,1,8,1,6,,44,,1,21,121.5322245,25.05194841
113,11,12,8,34,2,05中正區,中正區思源街8號號對面,0,0,1,1,C03,6,7,5,50,14,9,1,4,4,5,13,4,4,1,4,5,2,12,2,37,3,10,5,1,7,8,1,10,2,13,,101,,1,22,121.5318269,25.0146245
113,11,12,8,34,2,05中正區,中正區思源街8號號對面,0,0,1,2,C03,6,7,5,50,14,9,1,4,4,5,13,4,4,1,4,5,2,12,2,33,2,9,5,1,7,9,1,10,2,11,,44,,1,22,121.5318269,25.0146245
113,11,12,8,34,2,07信義區,信義區松仁路123號,0,0,1,1,F01,7,5,5,50,22,23,1,5,4,5,13,4,4,5,5,5,2,18,1,64,2,7,4,1,7,6,8,20,9,12,,44,,1,21,121.5685968,25.0347426
113,11,12,8,34,2,07信義區,信義區松仁路123號,0,0,1,2,,7,5,5,50,22,23,1,5,4,5,13,4,4,5,5,5,2,18,3,,,,,,,,,,,,,67,,1,,121.5685968,25.0347426
113,11,12,8,43,2,03中山區,中山區北安路625號,0,0,1,1,C03,6,6,5,50,14,9,1,4,4,5,13,4,4,1,4,5,2,17,1,36,2,9,6,1,7,9,1,10,1,14,,42,,1,21,121.549039,25.0832774
113,11,12,8,43,2,03中山區,中山區北安路625號,0,0,1,2,B03,6,6,5,50,14,9,1,4,4,5,13,4,4,1,4,5,2,17,2,52,3,10,7,1,7,8,1,8,1,6,,101,,1,21,121.549039,25.0832774
113,11,12,8,48,2,06松山區,松山區光復北路與健康路口,0,0,1,1,C03,6,7,5,50,4,1,1,4,4,5,13,1,1,8,3,5,2,13,1,37,2,9,5,1,7,9,1,10,9,11,,16,,1,22,121.5565146,25.0537089
113,11,12,8,48,2,06松山區,松山區光復北路與健康路口,0,0,1,2,C03,6,7,5,50,4,1,1,4,4,5,13,1,1,8,3,5,2,13,2,27,3,10,5,1,7,9,1,10,9,13,,16,,1,22,121.5565146,25.0537089
113,11,12,8,59,2,07信義區,信義區光復南路202號對面,0,0,1,1,C03,6,5,8,50,22,22,1,4,4,5,13,4,4,1,4,5,2,17,1,33,2,7,6,1,7,9,1,10,1,11,,16,,1,22,121.5577717,25.0417092
113,11,12,8,59,2,07信義區,信義區光復南路202號對面,0,0,1,2,B03,6,5,8,50,22,22,1,4,4,5,13,4,4,1,4,5,2,17,2,38,3,10,7,1,7,9,1,4,1,3,,44,,1,22,121.5577717,25.0417092
113,11,12,9,0,2,03中山區,中山區中山北路2段與中山北路2段59巷口,0,0,2,1,B03,6,6,5,30,3,2,1,4,4,5,13,4,4,5,4,1,2,16,1,68,3,10,7,1,7,6,1,8,1,4,,74,,1,22,121.5228719,25.0559248
113,11,12,9,0,2,03中山區,中山區中山北路2段與中山北路2段59巷口,0,0,2,2,C03,6,6,5,30,3,2,1,4,4,5,13,4,4,5,4,1,2,16,1,33,2,9,6,1,7,9,1,10,1,12,,16,,1,22,121.5228719,25.0559248
113,11,12,9,0,2,03中山區,中山區中山北路2段與中山北路2段59巷口,0,0,2,3,H02,6,6,5,30,3,2,1,4,4,5,13,4,4,5,4,1,2,16,2,48,2,1,7,5,7,20,8,20,10,16,,67,,1,22,121.5228719,25.0559248
113,11,12,9,0,2,12內湖區,內湖區麥帥一橋西往東,0,0,1,1,C03,6,6,5,40,14,11,1,4,4,5,13,4,4,1,3,5,1,12,1,50,2,9,6,1,7,9,1,10,2,12,,13,,1,21,121.5736376,25.0527792
113,11,12,9,0,2,12內湖區,內湖區麥帥一橋西往東,0,0,1,2,C03,6,6,5,40,14,11,1,4,4,5,13,4,4,1,3,5,1,12,2,41,3,10,6,1,7,9,1,10,2,13,,44,,1,21,121.5736376,25.0527792
113,11,12,9,0,2,12內湖區,內湖區麥帥一橋西往東,0,0,1,3,C03,6,6,5,40,14,11,1,4,4,5,13,4,4,1,3,5,1,12,1,32,3,10,6,1,7,13,1,10,2,11,,44,,1,21,121.5736376,25.0527792
113,11,12,9,15,2,03中山區,中山區民權東路2段53號,0,0,1,1,C03,6,7,5,50,14,9,1,4,4,5,13,4,4,1,4,5,2,13,1,29,2,8,6,1,7,9,1,10,1,11,,108,,1,21,121.5306229,25.06260988
113,11,12,9,15,2,03中山區,中山區民權東路2段53號,0,0,1,2,B03,6,7,5,50,14,9,1,4,4,5,13,4,4,1,4,5,2,13,1,27,3,10,7,1,7,12,1,8,1,7,,44,,1,21,121.5306229,25.06260988
113,11,12,9,15,2,03中山區,中山區民權東路2段53號,0,0,1,3,,6,7,5,50,14,9,1,4,4,5,13,4,4,1,4,5,2,13,4,0,,,,,,,,,,,,119,,2,,121.5306229,25.06260988
113,11,12,9,26,2,03中山區,中山區中山北路3段與民族東路口,0,0,1,1,C03,6,6,5,50,4,1,1,4,4,5,13,1,1,5,4,3,2,17,1,18,3,10,6,1,7,6,1,10,1,12,,9,,1,21,121.5229626,25.06836922
113,11,12,9,26,2,03中山區,中山區中山北路3段與民族東路口,0,0,1,2,C03,6,6,5,50,4,1,1,4,4,5,13,1,1,5,4,3,2,17,1,33,2,9,6,1,7,9,1,10,1,12,,13,,1,21,121.5229626,25.06836922
113,11,12,9,30,2,03中山區,中山區北安路與大直街口,0,0,2,1,C03,6,7,5,50,4,2,1,4,4,5,13,1,1,1,4,5,2,12,2,34,2,9,3,4,7,9,1,10,9,14,,118,,1,21,121.5492092,25.0839934
113,11,12,9,30,2,03中山區,中山區北安路與大直街口,0,0,2,2,C03,6,7,5,50,4,2,1,4,4,5,13,1,1,1,4,5,2,12,1,53,2,8,3,4,7,9,1,10,9,12,,118,,1,21,121.5492092,25.0839934
113,11,12,10,13,2,09北投區,北投區自強街138號,0,0,1,1,B03,7,6,5,50,14,9,1,5,4,5,13,4,4,5,5,5,2,17,2,47,3,10,7,1,7,4,1,8,2,2,,1,,1,21,121.5162,25.1109849
113,11,12,10,13,2,09北投區,北投區自強街138號,0,0,1,2,C03,7,6,5,50,14,9,1,5,4,5,13,4,4,5,5,5,2,17,2,75,2,9,6,1,7,15,1,10,2,14,,101,,1,22,121.5162,25.1109849
113,11,12,10,56,2,04大安區,大安區建國南路1段與仁愛路3段口,0,0,2,1,C03,6,6,5,50,4,1,1,4,4,5,13,2,1,1,4,5,2,13,1,33,2,9,6,1,7,9,1,10,1,13,,16,,1,21,121.5380479,25.0378641
113,11,12,10,56,2,04大安區,大安區建國南路1段與仁愛路3段口,0,0,2,2,C03,6,6,5,50,4,1,1,4,4,5,13,2,1,1,4,5,2,13,2,37,2,9,6,1,7,9,1,10,1,11,,44,,1,21,121.5380479,25.0378641
113,11,12,11,34,2,08士林區,士林區德行東路109巷與士東路120巷20弄口,0,0,1,1,C03,7,6,5,50,4,2,1,5,4,5,13,4,4,9,4,5,1,3,1,76,4,11,3,4,7,9,7,19,11,11,,119,,2,22,121.5288602,25.1115869
113,11,12,11,34,2,08士林區,士林區德行東路109巷與士東路120巷20弄口,0,0,1,2,H01,7,6,5,50,4,2,1,5,4,5,13,4,4,9,4,5,1,3,1,40,2,9,4,5,8,16,8,20,10,16,,44,,1,21,121.5288602,25.1115869
113,11,12,11,40,2,08士林區,士林區福華路164巷與福華路128巷3弄口,0,0,1,1,C03,6,7,5,30,3,1,1,4,4,5,13,4,4,10,4,5,1,17,1,36,3,10,5,1,7,11,1,10,2,13,,44,,1,21,121.5230836,25.10434998