發生年度,發生月,發生日,發生時-Hours,發生分,處理別-編號,區序,肇事地點,死亡人數,2-30日死亡人數,受傷人數,當事人序號,車種,天候,道路照明設備,道路類別,速限-速度限制,道路型態,事故位置,路面狀況1,路面狀況2,路面狀況3,道路障礙1,道路障礙2,號誌1,號誌2,車道劃分-分向,車道劃分-分道1,車道劃分-分道2,車道劃分-分道3,事故類型及型態,性別,年齡,受傷程度,主要傷處,保護裝置,行動電話,車輛用途,當事者行動狀態,駕駛資格情形,駕駛執照種類,飲酒情形,車輛撞擊部位1,車輛撞擊部位2,肇因碼-個別,肇因碼-主要,個人肇逃否,職業,座標-X,座標-Y
113,11,12,11,40,2,08士林區,士林區福華路164巷與福華路128巷3弄口,0,0,1,2,G06,6,7,5,30,3,1,1,4,4,5,13,4,4,10,4,5,1,17,2,64,2,1,4,1,7,9,8,20,2,16,,44,,1,21,121.5230836,25.10434998
113,11,12,11,45,2,08士林區,士林區中正路與延平北路6段口,0,0,1,1,C03,6,6,5,50,4,1,1,4,4,5,13,1,1,1,2,5,2,16,2,23,2,9,3,4,7,9,1,10,2,11,,86,,1,21,121.5093437,25.0865951
113,11,12,11,45,2,08士林區,士林區中正路與延平北路6段口,0,0,1,2,C03,6,6,5,50,4,1,1,4,4,5,13,1,1,1,2,5,2,16,1,46,3,10,3,4,7,5,1,10,2,14,,44,,1,21,121.5093437,25.0865951
113,11,12,12,0,2,05中正區,中正區寧波西街61號,0,0,1,1,B02,6,7,5,50,14,9,1,4,4,5,13,4,4,10,4,5,2,12,2,54,3,10,7,4,7,1,1,8,1,5,,19,,1,21,121.5173801,25.0306413
113,11,12,12,0,2,05中正區,中正區寧波西街61號,0,0,1,2,C04,6,7,5,50,14,9,1,4,4,5,13,4,4,10,4,5,2,12,2,70,2,9,6,4,7,9,1,11,1,14,,44,,1,21,121.5173801,25.0306413
113,11,12,12,35,2,11南港區,南港區南港路3段與南港路3段80巷口,0,0,1,2,C03,7,7,5,30,3,2,1,4,4,5,13,4,4,5,4,5,2,16,1,26,2,9,5,1,7,9,1,10,1,11,,14,,1,21,121.5911075,25.0538995
113,11,12,12,35,2,11南港區,南港區南港路3段與南港路3段80巷口,0,0,1,1,B12,7,7,5,30,3,2,1,4,4,5,13,4,4,5,4,5,2,16,1,59,3,10,7,1,7,5,1,8,1,4,,8,,1,21,121.5911075,25.0538995
113,11,12,13,57,2,08士林區,士林區基河路與劍潭路口口,0,0,1,1,B03,8,6,5,50,4,1,1,5,4,5,13,2,1,10,4,5,2,16,1,76,3,10,7,1,7,5,1,8,1,5,,8,,1,21,121.5247334,25.08410288
113,11,12,13,57,2,08士林區,士林區基河路與劍潭路口口,0,0,1,2,C03,8,6,5,50,4,1,1,5,4,5,13,2,1,10,4,5,2,16,2,21,2,9,6,1,7,9,1,10,1,14,,44,,1,21,121.5247334,25.08410288
113,11,12,15,0,2,12內湖區,內湖區成功路5段與成功路5段35巷口,0,0,1,2,C03,6,6,5,50,14,8,1,4,4,5,13,2,1,1,4,4,2,12,2,38,2,9,5,1,7,9,1,10,2,14,,44,,1,21,121.6070376,25.0780735
113,11,12,15,0,2,12內湖區,內湖區成功路5段與成功路5段35巷口,0,0,1,1,B12,6,6,5,50,14,8,1,4,4,5,13,2,1,1,4,4,2,12,1,36,3,10,7,1,7,8,1,8,2,2,,80,,1,21,121.6070376,25.0780735
113,11,12,15,17,2,05中正區,中正區延平南路與武昌街1段口,0,0,1,1,B12,6,7,5,50,4,1,1,4,4,5,13,4,4,10,5,5,2,15,1,50,3,10,7,1,7,9,1,7,2,8,,72,,1,21,121.5101651,25.0441326
113,11,12,15,17,2,05中正區,中正區延平南路與武昌街1段口,0,0,1,2,C03,6,7,5,50,4,1,1,4,4,5,13,4,4,10,5,5,2,15,1,44,2,9,5,1,7,9,1,10,2,12,,14,,1,21,121.5101651,25.0441326
113,11,12,15,17,2,05中正區,中正區延平南路與武昌街1段口,0,0,1,3,E03,6,7,5,50,4,1,1,4,4,5,13,4,4,10,5,5,2,15,3,0,,,,,,,,,,,,67,,1,,121.5101651,25.0441326
113,11,12,15,17,2,05中正區,中正區延平南路與武昌街1段口,0,0,1,4,E03,6,7,5,50,4,1,1,4,4,5,13,4,4,10,5,5,2,15,3,0,,,,,,,,,,,,67,,1,,121.5101651,25.0441326
113,11,12,15,17,2,05中正區,中正區延平南路與武昌街1段口,0,0,1,5,E03,6,7,5,50,4,1,1,4,4,5,13,4,4,10,5,5,2,15,3,0,,,,,,,,,,,,67,,1,,121.5101651,25.0441326
113,11,12,15,30,2,04大安區,國3甲下辛亥路匝道出口前,0,0,2,2,B03,6,6,5,50,14,9,1,4,4,5,13,4,4,3,4,5,2,13,1,42,2,8,7,1,7,14,1,4,1,3,,44,,1,22,121.5497293,25.0165694
113,11,12,15,30,2,04大安區,國3甲下辛亥路匝道出口前,0,0,2,1,B03,6,6,5,50,14,9,1,4,4,5,13,4,4,3,4,5,2,13,1,51,3,10,7,1,7,1,1,8,1,1,,108,,1,22,121.5497293,25.0165694
113,11,12,15,30,2,04大安區,國3甲下辛亥路匝道出口前,0,0,2,3,H02,6,6,5,50,14,9,1,4,4,5,13,4,4,3,4,5,2,13,2,42,2,1,7,5,7,17,8,20,10,16,,67,,1,22,121.5497293,25.0165694
113,11,12,15,30,2,04大安區,國3甲下辛亥路匝道出口前,0,0,2,4,H02,6,6,5,50,14,9,1,4,4,5,13,4,4,3,4,5,2,13,2,2,3,10,7,5,7,17,8,20,10,16,,67,,1,22,121.5497293,25.0165694
113,11,12,15,32,2,02萬華區,萬華區萬大路505號,0,0,1,1,A02,6,7,5,30,14,9,1,4,4,5,13,4,4,10,5,5,2,9,1,43,3,10,7,1,7,1,1,2,9,2,,44,,2,21,121.4976747,25.0198366
113,11,12,15,32,2,02萬華區,萬華區萬大路505號,0,0,1,2,H01,6,7,5,30,14,9,1,4,4,5,13,4,4,10,5,5,2,9,2,74,2,9,4,5,8,16,8,20,10,16,,67,,1,21,121.4976747,25.0198366
113,11,12,15,39,2,07信義區,信義區永吉路與松隆路口,0,0,1,1,B03,7,5,5,50,5,2,1,4,4,5,13,1,1,1,4,5,2,17,1,73,3,10,7,1,7,6,1,8,1,2,,9,,1,21,121.5707633,25.0457287
113,11,12,15,39,2,07信義區,信義區永吉路與松隆路口,0,0,1,2,C03,7,5,5,50,5,2,1,4,4,5,13,1,1,1,4,5,2,17,1,23,2,9,6,1,7,9,1,10,1,11,,44,,1,21,121.5707633,25.0457287
113,11,12,16,8,2,02萬華區,萬華區堤外便道與桂林路口水門口,0,0,1,1,B02,6,6,5,40,5,1,1,4,4,5,13,1,1,8,3,5,1,15,1,23,3,10,7,1,7,15,1,4,1,8,,82,,1,21,121.4958914,25.0389965
113,11,12,16,8,2,02萬華區,萬華區堤外便道與桂林路口水門口,0,0,1,2,C03,6,6,5,40,5,1,1,4,4,5,13,1,1,8,3,5,1,15,2,22,2,8,5,1,7,1,1,10,1,11,,44,,1,21,121.4958914,25.0389965
113,11,12,16,10,2,09北投區,北投區東陽街與明德路口,0,0,1,2,B03,6,7,5,50,3,1,1,4,4,5,13,1,1,5,2,5,2,13,2,60,3,10,3,4,7,6,1,8,2,3,,44,,1,26,121.5213892,25.1119626
113,11,12,16,10,2,09北投區,北投區東陽街與明德路口,0,0,1,3,C03,6,7,5,50,3,1,1,4,4,5,13,1,1,5,2,5,2,13,2,36,2,9,3,4,7,9,1,10,2,13,,44,,1,22,121.5213892,25.1119626
113,11,12,16,10,2,09北投區,北投區東陽街與明德路口,0,0,1,1,B03,6,7,5,50,3,1,1,4,4,5,13,1,1,5,2,5,2,13,2,45,3,10,3,4,7,9,1,8,2,1,,107,,1,26,121.5213892,25.1119626
113,11,12,16,13,2,03中山區,中山區復興北路與長安東路2段口,0,0,1,1,A02,6,6,5,50,4,1,1,4,4,5,13,1,1,1,4,5,2,17,1,59,3,10,7,1,7,12,1,2,1,17,,44,,1,21,121.5438628,25.0484396
113,11,12,16,13,2,03中山區,中山區復興北路與長安東路2段口,0,0,1,2,B03,6,6,5,50,4,1,1,4,4,5,13,1,1,1,4,5,2,17,3,0,,,,,,,,,11,,,119,,2,,121.5438628,25.0484396
113,11,12,16,13,2,03中山區,中山區復興北路與長安東路2段口,0,0,1,3,H02,6,6,5,50,4,1,1,4,4,5,13,1,1,1,4,5,2,17,2,56,2,9,2,5,7,17,8,20,10,16,,60,,1,21,121.5438628,25.0484396
113,11,12,16,55,2,08士林區,士林區福華路與福國路口,0,0,1,1,B01,6,6,5,50,5,2,1,4,4,5,13,1,1,5,5,5,1,12,1,49,4,11,3,4,7,9,7,19,11,15,,118,,2,22,121.5230362,25.1016828
113,11,12,16,55,2,08士林區,士林區福華路與福國路口,0,0,1,2,C04,6,6,5,50,5,2,1,4,4,5,13,1,1,5,5,5,1,12,2,30,2,8,6,1,7,14,1,10,1,17,,118,,1,22,121.5230362,25.1016828
113,11,12,16,57,2,07信義區,信義區吳興街133號,0,0,1,1,B03,6,5,5,30,14,9,1,4,4,5,13,4,4,5,5,5,2,11,1,27,3,10,3,4,7,9,1,8,2,2,,42,,1,22,121.5614002,25.0298135
113,11,12,16,57,2,07信義區,信義區吳興街133號,0,0,1,2,C03,6,5,5,30,14,9,1,4,4,5,13,4,4,5,5,5,2,11,2,39,2,8,6,4,7,1,1,10,2,14,,19,,1,22,121.5614002,25.0298135
113,11,12,17,11,2,01大同區,大同區重慶北路3段與昌吉街口,0,0,1,1,C03,6,6,5,50,14,9,1,4,4,5,13,4,4,8,3,5,1,13,1,38,2,9,6,4,7,9,1,10,1,11,,16,,1,21,121.5182303,25.0658545
113,11,12,17,11,2,01大同區,大同區重慶北路3段與昌吉街口,0,0,1,2,C03,6,6,5,50,14,9,1,4,4,5,13,4,4,8,3,5,1,13,1,48,3,10,6,4,7,12,1,10,1,13,,44,,1,21,121.5182303,25.0658545
113,11,12,17,11,2,01大同區,大同區重慶北路3段與昌吉街口,0,0,1,3,B03,6,6,5,50,14,9,1,4,4,5,13,4,4,8,3,5,1,13,1,46,3,10,3,4,7,14,1,8,1,17,,44,,1,21,121.5182303,25.0658545
113,11,12,17,11,2,01大同區,大同區重慶北路3段與昌吉街口,0,0,1,4,H01,6,6,5,50,14,9,1,4,4,5,13,4,4,8,3,5,1,13,4,0,,,,,,,,,,,,119,,2,,121.5182303,25.0658545
113,11,12,17,22,2,01大同區,大同區重慶北路2段與民權西路口,0,0,1,1,C03,6,5,5,50,5,1,1,4,4,5,13,2,1,5,4,4,2,12,1,46,3,10,5,1,7,15,1,10,2,12,,101,,1,22,121.5137022,25.06295
113,11,12,17,22,2,01大同區,大同區重慶北路2段與民權西路口,0,0,1,2,C03,6,5,5,50,5,1,1,4,4,5,13,2,1,5,4,4,2,12,1,67,2,9,5,1,7,15,1,10,2,14,,44,,1,22,121.5137022,25.06295
113,11,12,17,34,2,08士林區,士林區延平北路7段106巷與延平北路7段106巷94弄口,0,0,1,1,B01,6,5,5,30,3,1,1,4,4,5,8,4,4,10,5,4,2,17,1,49,3,10,7,1,7,6,1,4,1,17,,72,,1,26,121.4962447,25.0991214
113,11,12,17,34,2,08士林區,士林區延平北路7段106巷與延平北路7段106巷94弄口,0,0,1,2,C03,6,5,5,30,3,1,1,4,4,5,8,4,4,10,5,4,2,17,2,19,2,9,6,1,7,9,1,10,1,14,,108,,1,25,121.4962447,25.0991214
113,11,12,17,37,2,03中山區,中山區民族東路與龍江路口,0,0,1,1,B03,6,6,5,50,3,18,1,4,4,5,13,1,1,1,3,4,2,3,1,59,3,10,7,1,7,5,1,8,2,5,,70,,1,22,121.5409024,25.0681507
113,11,12,17,37,2,03中山區,中山區民族東路與龍江路口,0,0,1,2,H01,6,6,5,50,3,18,1,4,4,5,13,1,1,1,3,4,2,3,1,27,2,9,4,5,8,16,8,20,10,16,,67,,1,22,121.5409024,25.0681507
113,11,12,17,43,2,03中山區,中山區新生北路2段與長春路口,0,0,2,1,C03,6,5,5,50,4,1,1,4,4,5,13,1,1,1,3,5,1,3,1,65,2,9,6,1,7,9,1,10,2,14,,70,,1,21,121.5273561,25.0547712
113,11,12,17,43,2,03中山區,中山區新生北路2段與長春路口,0,0,2,2,H01,6,5,5,50,4,1,1,4,4,5,13,1,1,1,3,5,1,3,1,52,2,9,4,5,8,16,8,20,10,16,,122,,1,21,121.5273561,25.0547712
113,11,12,17,47,2,09北投區,北投區承德路6段335-1號,0,0,2,1,C03,7,5,5,60,14,8,1,5,4,5,13,4,4,1,4,4,2,16,1,52,2,9,5,1,7,8,6,18,3,13,,100,,1,21,121.5120391,25.1024627
113,11,12,17,47,2,09北投區,北投區承德路6段335-1號,0,0,2,2,C03,7,5,5,60,14,8,1,5,4,5,13,4,4,1,4,4,2,16,1,33,2,9,5,1,7,9,1,10,2,11,,44,,1,21,121.5120391,25.1024627
113,11,12,17,50,2,05中正區,中正區金山北路迴轉道旁,0,0,1,1,B03,6,5,5,50,14,9,1,4,4,5,13,4,4,1,4,5,2,17,1,63,3,10,7,1,7,5,1,8,9,17,,103,,1,22,121.5306535,25.045322
113,11,12,17,50,2,05中正區,中正區金山北路迴轉道旁,0,0,1,2,C03,6,5,5,50,14,9,1,4,4,5,13,4,4,1,4,5,2,17,1,20,2,9,6,1,7,9,1,10,2,17,,44,,1,22,121.5306535,25.045322
113,11,12,17,55,2,12內湖區,內湖區新明路321巷與新明路321巷10弄口,0,0,1,1,B03,6,5,5,30,3,1,1,4,4,5,13,4,4,9,4,4,2,16,1,40,3,10,7,1,7,5,1,8,1,8,,44,,1,21,121.5846569,25.056476
113,11,12,17,55,2,12內湖區,內湖區新明路321巷與新明路321巷10弄口,0,0,1,2,C03,6,5,5,30,3,1,1,4,4,5,13,4,4,9,4,4,2,16,1,31,2,9,6,1,7,4,1,10,1,12,,2,,1,21,121.5846569,25.056476
113,11,12,18,25,2,06松山區,松山區光復北路97號,0,0,2,1,B03,6,5,5,50,14,9,1,4,4,5,13,4,4,1,4,5,2,13,2,35,2,8,7,1,7,9,1,8,1,1,,16,,1,21,121.5579024,25.0507168
113,11,12,18,25,2,06松山區,松山區光復北路97號,0,0,2,2,B03,6,5,5,50,14,9,1,4,4,5,13,4,4,1,4,5,2,13,1,52,3,10,7,1,7,9,1,8,1,3,,44,,1,21,121.5579024,25.0507168
113,11,12,18,25,2,06松山區,松山區光復北路97號,0,0,2,3,H02,6,5,5,50,14,9,1,4,4,5,13,4,4,1,4,5,2,13,2,13,2,2,7,5,7,17,8,20,10,16,,67,,1,21,121.5579024,25.0507168
113,11,12,18,25,2,09北投區,北投區自強街31巷與自強街口,0,0,1,1,C03,7,5,5,50,3,1,1,4,4,5,13,4,4,5,4,5,2,17,1,56,2,8,3,4,7,4,6,10,2,12,,94,,1,22,121.512983,25.1102667
113,11,12,18,25,2,09北投區,北投區自強街31巷與自強街口,0,0,1,2,B03,7,5,5,50,3,1,1,4,4,5,13,4,4,5,4,5,2,17,2,55,3,10,3,4,7,5,1,6,2,4,,71,,1,21,121.512983,25.1102667
113,11,12,18,35,2,12內湖區,內湖區瑞光路與瑞光路26巷口,0,0,1,1,C03,6,5,5,50,4,2,1,4,4,5,13,1,1,4,3,5,1,13,2,23,3,10,3,4,7,9,1,10,1,11,,16,,1,22,121.5833713,25.069622
113,11,12,18,35,2,12內湖區,內湖區瑞光路與瑞光路26巷口,0,0,1,2,C03,6,5,5,50,4,2,1,4,4,5,13,1,1,4,3,5,1,13,2,69,2,9,3,4,7,14,1,10,1,13,,44,,1,22,121.5833713,25.069622
113,11,12,18,45,2,12內湖區,內湖區民權東路6段180巷150號,0,0,1,1,B03,6,5,5,50,14,9,1,4,4,5,13,4,4,5,5,5,2,16,1,70,3,10,7,1,7,5,1,8,1,1,,8,,1,21,121.592479,25.0650353
113,11,12,18,45,2,12內湖區,內湖區民權東路6段180巷150號,0,0,1,2,C03,6,5,5,50,14,9,1,4,4,5,13,4,4,5,5,5,2,16,1,42,2,9,5,1,7,9,1,10,1,14,,44,,1,21,121.592479,25.0650353
113,11,12,19,20,2,01大同區,大同區承德路2段與錦西街口,0,0,1,1,B03,6,5,5,50,4,1,1,4,4,5,13,2,1,1,4,5,2,9,1,59,3,10,3,4,7,5,1,8,1,1,,70,,1,21,121.5181094,25.0601023
113,11,12,19,20,2,01大同區,大同區承德路2段與錦西街口,0,0,1,2,H01,6,5,5,50,4,1,1,4,4,5,13,2,1,1,4,5,2,9,2,71,2,9,4,5,8,20,8,20,10,16,,67,,1,21,121.5181094,25.0601023
113,11,12,19,20,2,03中山區,中山區大直橋,0,0,2,1,C03,6,5,5,50,14,11,1,4,4,5,13,1,1,1,4,1,2,13,2,61,2,8,5,1,7,9,1,10,1,11,,108,,1,21,121.5445331,25.0792468
113,11,12,19,20,2,03中山區,中山區大直橋,0,0,2,2,C03,6,5,5,50,14,11,1,4,4,5,13,1,1,1,4,1,2,13,1,37,2,8,5,1,7,14,1,10,1,13,,44,,1,21,121.5445331,25.0792468
113,11,12,19,22,2,06松山區,松山區塔悠路與八德路4段口,0,0,1,1,C03,6,5,5,50,4,1,1,4,4,5,13,1,1,8,3,5,1,16,2,37,2,9,3,1,7,5,1,10,1,14,,8,,1,21,121.5722006,25.0500257
113,11,12,19,22,2,06松山區,松山區塔悠路與八德路4段口,0,0,1,2,B03,6,5,5,50,4,1,1,4,4,5,13,1,1,8,3,5,1,16,1,61,3,10,3,1,7,9,1,8,1,6,,44,,1,21,121.5722006,25.0500257
113,11,12,19,23,2,04大安區,大安區市民大道3段與建國南路1段口,0,0,1,1,C03,6,5,5,50,4,2,1,4,4,5,13,2,1,1,4,4,2,13,2,25,2,9,3,4,7,7,1,10,1,13,,100,,1,22,121.536368,25.0444516
113,11,12,19,23,2,04大安區,大安區市民大道3段與建國南路1段口,0,0,1,2,B03,6,5,5,50,4,2,1,4,4,5,13,2,1,1,4,4,2,13,1,33,3,10,3,4,7,9,1,8,1,1,,44,,1,22,121.536368,25.0444516
113,11,12,19,25,2,03中山區,中山區林森北路林森公園往南,0,0,1,1,C03,6,5,5,50,14,9,1,4,4,5,13,4,4,1,4,5,2,16,1,39,2,9,5,1,7,7,1,10,1,14,,100,,1,22,121.5251647,25.05234448
113,11,12,19,25,2,03中山區,中山區林森北路林森公園往南,0,0,1,2,B01,6,5,5,50,14,9,1,4,4,5,13,4,4,1,4,5,2,16,1,68,3,10,7,1,7,9,1,4,1,5,,44,,1,22,121.5251647,25.05234448
113,11,12,19,27,2,12內湖區,內湖區東湖路113巷與東湖路113巷70弄口,0,0,1,1,C03,6,5,5,30,3,18,1,4,4,5,13,4,4,9,4,4,2,3,1,40,3,10,5,1,7,9,1,10,2,11,,70,,1,21,121.6157859,25.07135271
113,11,12,19,27,2,12內湖區,內湖區東湖路113巷與東湖路113巷70弄口,0,0,1,2,H01,6,5,5,30,3,18,1,4,4,5,13,4,4,9,4,4,2,3,2,62,2,9,4,5,8,16,8,20,10,16,,67,,1,21,121.6157859,25.07135271
113,11,12,20,1,2,02萬華區,萬華區環河南路1段與長沙街2段口,0,0,1,2,C03,6,5,5,50,3,2,1,4,4,5,13,2,1,5,4,5,2,29,2,32,2,9,5,1,7,9,1,10,1,14,,42,,1,21,121.4996581,25.04156587
113,11,12,20,1,2,02萬華區,萬華區環河南路1段與長沙街2段口,0,0,1,1,,6,5,5,50,3,2,1,4,4,5,13,2,1,5,4,5,2,29,3,0,,,,,,,,,,,,66,,1,,121.4996581,25.04156587
113,11,12,20,25,2,08士林區,士林區天母北路87巷9弄與天母北路口,0,0,1,1,B02,6,5,5,50,4,2,1,4,4,5,13,2,1,5,5,5,1,17,1,49,3,10,7,1,7,6,1,8,1,8,,9,,1,21,121.5268101,25.12181197
113,11,12,20,25,2,08士林區,士林區天母北路87巷9弄與天母北路口,0,0,1,2,C03,6,5,5,50,4,2,1,4,4,5,13,2,1,5,5,5,1,17,2,40,2,9,6,1,7,5,1,10,1,12,,44,,1,21,121.5268101,25.12181197
113,11,12,20,36,2,10文山區,文山區新光路1段與萬壽橋口,0,0,1,1,C03,6,5,5,50,4,2,1,4,4,5,13,1,1,1,4,5,2,17,1,24,2,9,5,4,7,9,1,10,1,11,,118,,1,22,121.5732453,24.9917061
113,11,12,20,36,2,10文山區,文山區新光路1段與萬壽橋口,0,0,1,2,C03,6,5,5,50,4,2,1,4,4,5,13,1,1,1,4,5,2,17,1,25,3,10,5,4,7,9,1,10,1,12,,118,,1,22,121.5732453,24.9917061
113,11,12,20,50,2,03中山區,中山區市民大道2段與長安東路1段30巷口東側迴轉道,0,0,2,1,C03,8,5,5,40,3,1,1,4,4,5,13,4,4,1,4,5,2,16,1,19,2,9,5,1,7,5,1,10,1,13,,8,,1,22,121.5267312,25.04747368
113,11,12,20,50,2,03中山區,中山區市民大道2段與長安東路1段30巷口東側迴轉道,0,0,2,2,C03,8,5,5,40,3,1,1,4,4,5,13,4,4,1,4,5,2,16,1,30,2,9,5,1,7,9,1,10,1,11,,44,,1,22,121.5267312,25.04747368
113,11,12,21,0,2,03中山區,中山區復興北路與南京東路3段口,0,0,1,1,F02,6,7,5,50,4,1,1,4,4,5,13,1,1,1,4,5,2,17,2,60,2,9,4,1,7,9,8,20,2,11,,11,,1,21,121.5437567,25.0519482
113,11,12,21,0,2,03中山區,中山區復興北路與南京東路3段口,0,0,1,2,B03,6,7,5,50,4,1,1,4,4,5,13,1,1,1,4,5,2,17,1,35,3,10,7,1,7,15,1,8,2,5,,9,,1,21,121.5437567,25.0519482
113,11,12,21,3,2,08士林區,士林區德行東路331巷與士東路286巷5弄口,0,0,1,1,B03,6,5,5,30,4,2,1,4,4,5,13,4,4,10,5,5,2,16,2,35,3,10,7,1,7,9,1,8,1,8,,72,,1,21,121.5381407,25.11258398
113,11,12,21,3,2,08士林區,士林區德行東路331巷與士東路286巷5弄口,0,0,1,2,C03,6,5,5,30,4,2,1,4,4,5,13,4,4,10,5,5,2,16,2,48,2,9,5,1,7,9,1,10,1,11,,108,,1,21,121.5381407,25.11258398
113,11,12,21,44,2,12內湖區,內湖區金龍路與內湖路2段口,0,0,1,1,A11,6,5,5,50,3,1,1,4,4,5,13,2,1,5,4,4,2,3,1,28,3,10,7,1,7,5,1,3,2,4,,70,,1,21,121.5936481,25.0847171
113,11,12,21,44,2,12內湖區,內湖區金龍路與內湖路2段口,0,0,1,2,H01,6,5,5,50,3,1,1,4,4,5,13,2,1,5,4,4,2,3,1,48,2,9,4,5,8,16,8,20,10,16,,67,,1,21,121.5936481,25.0847171
113,11,12,21,50,2,02萬華區,萬華區環河南路2段與環河南路2段175巷口,0,0,2,1,B03,6,5,5,50,4,1,1,4,4,5,13,2,1,1,4,5,2,16,1,63,3,10,7,1,7,5,3,18,9,2,,71,,1,21,121.4921686,25.0328533
113,11,12,21,50,2,02萬華區,萬華區環河南路2段與環河南路2段175巷口,0,0,2,2,C03,6,5,5,50,4,1,1,4,4,5,13,2,1,1,4,5,2,16,1,22,2,9,6,1,7,9,1,10,1,11,,44,,1,21,121.4921686,25.0328533
113,11,12,21,50,2,02萬華區,萬華區環河南路2段與環河南路2段175巷口,0,0,2,3,H02,6,5,5,50,4,1,1,4,4,5,13,2,1,1,4,5,2,16,2,21,2,9,6,5,7,17,8,20,10,16,,67,,1,21,121.4921686,25.0328533
113,11,12,22,21,2,08士林區,士林區文林路與文林路495巷口,0,0,1,1,B03,6,5,5,50,3,2,1,4,4,5,13,4,4,5,5,5,2,16,1,25,3,10,7,1,7,11,1,8,1,4,,10,,1,21,121.5242477,25.09644236
113,11,12,22,21,2,08士林區,士林區文林路與文林路495巷口,0,0,1,2,C03,6,5,5,50,3,2,1,4,4,5,13,4,4,5,5,5,2,16,1,25,2,9,5,1,7,9,1,10,1,11,,44,,1,21,121.5242477,25.09644236
113,11,12,23,34,2,03中山區,中山區南京東路2段206號,0,0,1,1,B01,6,5,5,50,14,7,1,4,4,5,13,4,4,1,4,4,2,16,1,53,3,10,7,1,7,8,1,4,1,2,,100,,1,22,121.5358919,25.05210795
113,11,12,23,34,2,03中山區,中山區南京東路2段206號,0,0,1,2,C03,6,5,5,50,14,7,1,4,4,5,13,4,4,1,4,4,2,16,1,31,2,9,5,1,7,9,1,10,1,14,,44,,1,22,121.5358919,25.05210795
113,11,13,1,34,2,04大安區,大安區大安路1段與忠孝東路4段49巷4弄口口,0,0,1,1,B01,6,5,5,50,3,2,1,4,4,5,13,4,4,5,4,5,2,17,1,59,3,10,7,1,7,11,1,4,1,5,,118,,1,22,121.5462086,25.0418543
113,11,13,1,34,2,04大安區,大安區大安路1段與忠孝東路4段49巷4弄口口,0,0,1,2,C03,6,5,5,50,3,2,1,4,4,5,13,4,4,5,4,5,2,17,1,44,2,7,5,1,7,9,1,10,1,11,,44,,1,22,121.5462086,25.0418543
113,11,13,5,35,2,05中正區,中正區重慶南路3段與廈門街114巷口,0,0,1,1,B12,6,5,5,40,4,1,1,4,4,5,13,2,1,3,4,5,2,16,1,53,4,11,3,4,7,6,7,19,11,15,,9,,2,22,121.516969,25.0230468
113,11,13,5,35,2,05中正區,中正區重慶南路3段與廈門街114巷口,0,0,1,2,C03,6,5,5,40,4,1,1,4,4,5,13,2,1,3,4,5,2,16,1,26,2,9,5,1,7,9,1,10,1,11,,13,,1,21,121.516969,25.0230468
113,11,13,6,5,2,12內湖區,內湖區民權東路6段與民權東路6段15巷口,0,0,2,1,B03,6,6,5,50,3,1,1,4,4,5,13,4,4,5,5,5,2,16,1,36,3,10,7,1,7,1,1,8,1,8,,72,,1,21,121.5803095,25.0674488
113,11,13,6,5,2,12內湖區,內湖區民權東路6段與民權東路6段15巷口,0,0,2,2,C03,6,6,5,50,3,1,1,4,4,5,13,4,4,5,5,5,2,16,1,64,2,9,5,1,7,9,1,10,1,12,,44,,1,21,121.5803095,25.0674488
113,11,13,6,5,2,12內湖區,內湖區民權東路6段與民權東路6段15巷口,0,0,2,3,H02,6,6,5,50,3,1,1,4,4,5,13,4,4,5,5,5,2,16,2,61,2,9,5,5,7,20,8,20,10,16,,67,,1,21,121.5803095,25.0674488
113,11,13,7,23,2,11南港區,南港區向陽路258巷與向陽路口,0,0,1,1,C03,6,7,5,50,4,2,1,3,4,5,13,1,1,4,5,5,2,17,2,64,2,8,6,1,7,5,1,10,1,14,,71,,1,22,121.5933193,25.057978
113,11,13,7,23,2,11南港區,南港區向陽路258巷與向陽路口,0,0,1,2,B03,6,7,5,50,4,2,1,3,4,5,13,1,1,4,5,5,2,17,1,48,3,10,7,1,7,15,1,8,1,5,,44,,1,22,121.5933193,25.057978
113,11,13,7,55,2,05中正區,中正區重慶南路2段與重慶南路2段6巷口,0,0,1,1,C03,6,6,5,50,3,2,1,4,4,5,13,3,1,1,4,5,2,13,1,18,2,7,5,1,7,9,1,10,1,11,,108,,1,21,121.5126711,25.0345974
113,11,13,7,55,2,05中正區,中正區重慶南路2段與重慶南路2段6巷口,0,0,1,2,B03,6,6,5,50,3,2,1,4,4,5,13,3,1,1,4,5,2,13,2,46,3,10,7,1,7,14,1,8,1,3,,44,,1,21,121.5126711,25.0345974
113,11,13,7,57,2,04大安區,大安區羅斯福路4段21號,0,0,1,1,C03,6,7,5,50,14,9,1,4,4,5,13,4,4,1,3,5,1,13,1,53,2,7,5,4,7,9,1,10,1,11,,16,,1,22,121.5349695,25.014285
113,11,13,7,57,2,04大安區,大安區羅斯福路4段21號,0,0,1,2,B03,6,7,5,50,14,9,1,4,4,5,13,4,4,1,3,5,1,13,2,52,3,10,3,4,7,12,1,8,1,6,,44,,1,22,121.5349695,25.014285
113,11,13,8,10,2,12內湖區,內湖區瑞光路28號,0,0,1,1,B03,6,5,5,50,14,9,1,4,4,5,13,4,4,5,4,5,1,16,1,61,3,10,7,1,7,6,1,8,1,2,,9,,1,21,121.5829393,25.0700513