發生年度,發生月,發生日,發生時-Hours,發生分,處理別-編號,區序,肇事地點,死亡人數,2-30日死亡人數,受傷人數,當事人序號,車種,天候,道路照明設備,道路類別,速限-速度限制,道路型態,事故位置,路面狀況1,路面狀況2,路面狀況3,道路障礙1,道路障礙2,號誌1,號誌2,車道劃分-分向,車道劃分-分道1,車道劃分-分道2,車道劃分-分道3,事故類型及型態,性別,年齡,受傷程度,主要傷處,保護裝置,行動電話,車輛用途,當事者行動狀態,駕駛資格情形,駕駛執照種類,飲酒情形,車輛撞擊部位1,車輛撞擊部位2,肇因碼-個別,肇因碼-主要,個人肇逃否,職業,座標-X,座標-Y
113,11,13,8,10,2,12內湖區,內湖區瑞光路28號,0,0,1,2,C03,6,5,5,50,14,9,1,4,4,5,13,4,4,5,4,5,1,16,2,37,2,9,6,1,7,9,1,10,1,14,,44,,1,21,121.5829393,25.0700513
113,11,13,8,11,1,08士林區,士林區延平北路7段106巷323號,1,0,1,1,C03,8,6,5,30,14,9,1,5,4,5,13,4,4,10,5,5,2,20,1,71,1,4,3,4,7,15,1,10,9,12,,42,,1,21,121.4959854,25.10387353
113,11,13,8,11,1,08士林區,士林區延平北路7段106巷323號,1,0,1,3,H02,8,6,5,30,14,9,1,5,4,5,13,4,4,10,5,5,2,20,2,66,2,9,3,5,7,20,8,20,10,16,,67,,1,21,121.4959854,25.10387353
113,11,13,8,11,1,08士林區,士林區延平北路7段106巷323號,1,0,1,2,,8,6,5,30,14,9,1,5,4,5,13,4,4,10,5,5,2,20,3,0,,,,,,,,,,,,67,,1,,121.4959854,25.10387353
113,11,13,8,17,2,07信義區,信義區環東大道南往北(市民高架226號燈桿),0,0,1,1,B03,7,7,5,80,10,7,1,4,4,5,13,4,4,7,1,5,2,17,1,52,3,10,3,4,7,7,1,8,1,17,,100,,1,22,121.5683125,25.0475536
113,11,13,8,17,2,07信義區,信義區環東大道南往北(市民高架226號燈桿),0,0,1,2,C02,7,7,5,80,10,7,1,4,4,5,13,4,4,7,1,5,2,17,1,46,2,9,6,1,7,9,1,9,1,17,,42,,1,22,121.5683125,25.0475536
113,11,13,8,20,2,03中山區,中山區民權東路3段與龍江路口,0,0,1,1,C03,6,6,5,50,4,2,1,4,4,5,13,1,1,3,4,5,2,13,1,26,2,8,5,1,7,9,1,10,1,11,14,107,,1,21,121.5407617,25.06247414
113,11,13,8,20,2,03中山區,中山區民權東路3段與龍江路口,0,0,1,2,B03,6,6,5,50,4,2,1,4,4,5,13,1,1,3,4,5,2,13,2,46,3,10,7,1,7,12,1,8,1,3,,44,,1,21,121.5407617,25.06247414
113,11,13,8,20,2,03中山區,中山區民權東路3段與龍江路口,0,0,1,3,A02,6,6,5,50,4,2,1,4,4,5,13,1,1,3,4,5,2,13,1,45,3,10,7,1,7,1,1,2,1,15,,19,,1,21,121.5407617,25.06247414
113,11,13,8,20,2,06松山區,松山區八德路3段與八德路3段158巷口,0,0,2,1,B03,6,6,5,50,4,2,1,4,4,5,13,2,1,9,4,5,2,17,1,51,2,5,7,1,7,11,1,8,2,2,,10,,1,21,121.5551735,25.0480334
113,11,13,8,20,2,06松山區,松山區八德路3段與八德路3段158巷口,0,0,2,2,A12,6,6,5,50,4,2,1,4,4,5,13,2,1,9,4,5,2,17,1,67,3,10,7,1,7,9,1,2,2,1,,81,,1,21,121.5551735,25.0480334
113,11,13,8,20,2,06松山區,松山區八德路3段與八德路3段158巷口,0,0,2,3,C03,6,6,5,50,4,2,1,4,4,5,13,2,1,9,4,5,2,17,1,64,2,8,6,1,7,14,1,10,2,11,,44,,1,21,121.5551735,25.0480334
113,11,13,8,20,2,06松山區,松山區八德路3段與八德路3段158巷口,0,0,2,4,,6,6,5,50,4,2,1,4,4,5,13,2,1,9,4,5,2,17,3,0,,,,,,,,,,,,67,,1,,121.5551735,25.0480334
113,11,13,8,20,2,06松山區,松山區八德路3段與八德路3段158巷口,0,0,2,5,C03,6,6,5,50,4,2,1,4,4,5,13,2,1,9,4,5,2,17,3,34,,,,,,,,,,,,67,,1,,121.5551735,25.0480334
113,11,13,8,20,2,06松山區,松山區八德路3段與八德路3段158巷口,0,0,2,6,C03,6,6,5,50,4,2,1,4,4,5,13,2,1,9,4,5,2,17,3,31,,,,,,,,,,,,67,,1,,121.5551735,25.0480334
113,11,13,8,20,2,06松山區,松山區八德路3段與八德路3段158巷口,0,0,2,7,C03,6,6,5,50,4,2,1,4,4,5,13,2,1,9,4,5,2,17,3,60,,,,,,,,,,,,67,,1,,121.5551735,25.0480334
113,11,13,8,20,2,06松山區,松山區八德路3段與八德路3段158巷口,0,0,2,8,C03,6,6,5,50,4,2,1,4,4,5,13,2,1,9,4,5,2,17,3,45,,,,,,,,,,,,67,,1,,121.5551735,25.0480334
113,11,13,8,20,2,06松山區,松山區八德路3段與八德路3段158巷口,0,0,2,9,C03,6,6,5,50,4,2,1,4,4,5,13,2,1,9,4,5,2,17,3,36,,,,,,,,,,,,67,,1,,121.5551735,25.0480334
113,11,13,8,20,2,06松山區,松山區八德路3段與八德路3段158巷口,0,0,2,10,C03,6,6,5,50,4,2,1,4,4,5,13,2,1,9,4,5,2,17,3,53,,,,,,,,,,,,67,,1,,121.5551735,25.0480334
113,11,13,8,23,2,03中山區,中山區林森北路與雙城街43巷口,0,0,1,1,B03,6,6,5,50,4,1,1,4,4,5,13,4,4,5,3,5,2,12,1,31,3,10,3,4,7,11,1,8,1,4,,10,,1,22,121.5259563,25.06765237
113,11,13,8,23,2,03中山區,中山區林森北路與雙城街43巷口,0,0,1,2,C03,6,6,5,50,4,1,1,4,4,5,13,4,4,5,3,5,2,12,1,26,2,7,5,1,7,9,1,10,1,12,,44,,1,22,121.5259563,25.06765237
113,11,13,8,33,2,06松山區,松山區三民路與三民路68巷口,0,0,1,1,B01,6,5,5,30,4,1,1,4,4,5,13,4,4,5,4,5,2,17,1,55,3,10,3,4,7,5,1,4,1,5,,72,,1,22,121.5637772,25.05512619
113,11,13,8,33,2,06松山區,松山區三民路與三民路68巷口,0,0,1,2,C03,6,5,5,30,4,1,1,4,4,5,13,4,4,5,4,5,2,17,1,40,2,8,6,4,7,9,1,10,1,14,,44,,1,22,121.5637772,25.05512619
113,11,13,8,35,2,05中正區,中正區重慶南路1段與衡陽路口,0,0,1,1,C03,6,5,5,50,4,2,1,4,4,5,13,2,1,5,4,5,2,16,2,58,2,9,5,1,7,6,1,10,2,12,,9,,1,22,121.5132432,25.0422241
113,11,13,8,35,2,05中正區,中正區重慶南路1段與衡陽路口,0,0,1,2,C03,6,5,5,50,4,2,1,4,4,5,13,2,1,5,4,5,2,16,1,31,3,10,5,1,7,9,1,10,2,14,,44,,1,22,121.5132432,25.0422241
113,11,13,8,35,2,08士林區,士林區中山北路6段與中山北路6段728巷口,0,0,2,1,C03,7,7,5,50,4,1,1,4,4,5,13,2,1,1,4,5,1,17,1,80,2,9,5,1,7,11,1,10,2,13,,10,,1,21,121.5278856,25.11524317
113,11,13,8,35,2,08士林區,士林區中山北路6段與中山北路6段728巷口,0,0,2,2,C03,7,7,5,50,4,1,1,4,4,5,13,2,1,1,4,5,1,17,2,19,2,9,5,1,7,12,1,10,2,12,,13,,1,21,121.5278856,25.11524317
113,11,13,8,40,2,05中正區,中正區汀州路2段與汀州路2段12巷口,0,0,1,1,C03,6,6,5,30,3,1,1,4,4,5,13,4,4,5,4,5,2,17,1,33,4,11,3,4,7,21,7,19,11,15,,72,,2,22,121.5060011,25.03440958
113,11,13,8,40,2,05中正區,中正區汀州路2段與汀州路2段12巷口,0,0,1,2,C03,6,6,5,30,3,1,1,4,4,5,13,4,4,5,4,5,2,17,1,43,2,9,5,1,7,9,1,10,1,17,,44,,1,21,121.5060011,25.03440958
113,11,13,8,41,2,01大同區,大同區承德路1段與南京西路口(南向北）,0,0,1,1,C03,6,6,5,50,14,9,1,4,4,5,13,4,4,8,3,5,1,16,2,34,2,9,3,4,7,9,1,10,2,11,,44,,1,21,121.5177243,25.052957
113,11,13,8,41,2,01大同區,大同區承德路1段與南京西路口(南向北）,0,0,1,2,B01,6,6,5,50,14,9,1,4,4,5,13,4,4,8,3,5,1,16,1,69,3,10,3,4,7,8,1,8,2,2,,101,,1,21,121.5177243,25.052957
113,11,13,8,49,2,01大同區,大同區延平北路1段與甘谷街口,0,0,1,1,B01,6,6,5,50,4,1,1,4,4,5,13,4,4,5,4,5,2,16,1,70,3,10,7,1,7,5,1,8,1,8,,8,,1,21,121.5118102,25.0527384
113,11,13,8,49,2,01大同區,大同區延平北路1段與甘谷街口,0,0,1,2,C03,6,6,5,50,4,1,1,4,4,5,13,4,4,5,4,5,2,16,2,35,2,9,5,1,7,9,1,10,1,12,,44,,1,21,121.5118102,25.0527384
113,11,13,8,55,2,01大同區,大同區通河西街1段與通河西街堤外便道口口,0,0,2,1,B03,8,6,5,25,3,2,1,4,4,5,13,4,4,10,5,5,2,13,1,59,3,10,3,4,7,9,7,19,9,17,,5,,2,21,121.5171624,25.0781166
113,11,13,8,55,2,01大同區,大同區通河西街1段與通河西街堤外便道口口,0,0,2,2,C03,8,6,5,25,3,2,1,4,4,5,13,4,4,10,5,5,2,13,2,19,2,7,6,1,7,9,1,10,9,11,,16,,1,21,121.5171624,25.0781166
113,11,13,8,55,2,01大同區,大同區通河西街1段與通河西街堤外便道口口,0,0,2,3,C03,8,6,5,25,3,2,1,4,4,5,13,4,4,10,5,5,2,13,1,35,2,9,6,1,7,9,1,10,9,13,,44,,1,21,121.5171624,25.0781166
113,11,13,8,59,2,04大安區,大安區和平東路1段與金山南路2段口,0,0,1,1,C03,6,7,5,50,14,11,1,4,4,5,13,2,1,1,3,5,1,17,1,43,2,9,6,4,7,9,1,10,1,14,,44,,1,22,121.5255342,25.0267314
113,11,13,8,59,2,04大安區,大安區和平東路1段與金山南路2段口,0,0,1,2,C03,6,7,5,50,14,11,1,4,4,5,13,2,1,1,3,5,1,17,1,28,3,10,6,4,7,8,1,10,1,17,,101,,1,22,121.5255342,25.0267314
113,11,13,9,9,2,10文山區,文山區新光路2段燈桿155號旁,0,0,2,1,C03,6,6,5,50,14,7,1,4,4,5,13,4,4,9,4,4,2,11,1,28,2,9,5,1,7,9,1,10,1,11,,44,,1,21,121.5771025,24.9970456
113,11,13,9,9,2,10文山區,文山區新光路2段燈桿155號旁,0,0,2,2,C03,6,6,5,50,14,7,1,4,4,5,13,4,4,9,4,4,2,11,1,30,2,7,5,1,7,15,1,10,1,13,,101,,1,21,121.5771025,24.9970456
113,11,13,9,11,2,08士林區,士林區環河北路3段與社中街口,0,0,2,1,B01,7,6,5,50,5,1,1,5,4,5,13,1,1,1,4,4,2,13,1,60,2,9,3,4,7,21,1,4,2,1,,42,,1,21,121.501455,25.0903546
113,11,13,9,11,2,08士林區,士林區環河北路3段與社中街口,0,0,2,2,B12,7,6,5,50,5,1,1,5,4,5,13,1,1,1,4,4,2,13,1,59,3,10,3,4,7,14,6,4,2,3,,44,,1,21,121.501455,25.0903546
113,11,13,9,11,2,08士林區,士林區環河北路3段與社中街口,0,0,2,3,H02,7,6,5,50,5,1,1,5,4,5,13,1,1,1,4,4,2,13,2,31,2,1,7,5,7,20,8,20,10,16,,67,,1,21,121.501455,25.0903546
113,11,13,9,41,2,04大安區,大安區信義路3段111巷18號,0,0,1,1,B03,6,6,5,30,14,9,1,4,4,5,13,4,4,10,5,5,2,17,1,70,3,10,3,4,7,1,1,8,1,8,,19,,1,22,121.5394921,25.034751
113,11,13,9,41,2,04大安區,大安區信義路3段111巷18號,0,0,1,2,C03,6,6,5,30,14,9,1,4,4,5,13,4,4,10,5,5,2,17,1,53,2,9,5,1,7,9,1,9,1,12,,44,,1,22,121.5394921,25.034751
113,11,13,9,48,2,03中山區,中山區敬業三路與敬業三路162巷口,0,0,1,1,B01,6,7,5,50,4,1,1,4,4,5,13,1,1,3,4,5,2,17,1,63,3,10,7,1,7,6,1,4,1,5,,71,,1,21,121.5563961,25.07922815
113,11,13,9,48,2,03中山區,中山區敬業三路與敬業三路162巷口,0,0,1,2,C03,6,7,5,50,4,1,1,4,4,5,13,1,1,3,4,5,2,17,2,21,2,9,5,1,7,9,1,10,1,14,,44,,1,21,121.5563961,25.07922815
113,11,13,9,53,2,08士林區,士林區延平北路5段與葫蘆街口,0,0,2,1,C03,7,6,5,50,4,1,1,5,4,5,13,1,1,1,4,5,2,16,2,37,2,9,5,1,7,15,1,10,1,14,,17,,1,21,121.5098852,25.08414043
113,11,13,9,53,2,08士林區,士林區延平北路5段與葫蘆街口,0,0,2,2,C03,7,6,5,50,4,1,1,5,4,5,13,1,1,1,4,5,2,16,1,20,2,9,5,1,7,9,1,10,1,14,,44,,1,21,121.5098852,25.08414043
113,11,13,10,30,2,03中山區,中山區林森北路106號,0,0,1,1,,6,6,5,50,14,9,1,4,4,5,13,4,4,2,4,5,2,17,4,0,4,11,3,4,7,1,7,19,11,17,,119,,2,22,121.5249595,25.050771
113,11,13,10,30,2,03中山區,中山區林森北路106號,0,0,1,2,C03,6,6,5,50,14,9,1,4,4,5,13,4,4,2,4,5,2,17,1,45,2,9,6,1,7,10,1,10,1,17,,118,,1,22,121.5249595,25.050771
113,11,13,10,35,2,05中正區,中正區中山北路1段與忠孝西路1段口,0,0,1,1,C03,6,5,5,50,5,2,1,4,4,5,13,2,1,1,2,1,2,16,2,28,2,8,5,1,7,7,1,10,1,14,,100,,1,22,121.5195606,25.0459272
113,11,13,10,35,2,05中正區,中正區中山北路1段與忠孝西路1段口,0,0,1,2,B02,6,5,5,50,5,2,1,4,4,5,13,2,1,1,2,1,2,16,1,65,3,10,7,1,7,6,1,8,1,2,,44,,1,22,121.5195606,25.0459272
113,11,13,10,50,2,11南港區,南港區成美橋南往北,0,0,2,2,C03,6,7,5,30,14,9,1,4,4,5,13,4,4,9,4,5,2,16,1,48,2,7,6,4,7,9,1,10,1,11,,44,,1,21,121.5828952,25.0520076
113,11,13,10,50,2,11南港區,南港區成美橋南往北,0,0,2,1,F01,6,7,5,30,14,9,1,4,4,5,13,4,4,9,4,5,2,16,1,59,2,8,4,4,7,11,8,20,2,12,,99,,1,21,121.5828952,25.0520076
113,11,13,11,5,2,07信義區,信義區信義路6段15巷與松德路133巷口,0,0,1,1,B12,6,6,5,30,4,1,1,4,4,5,13,4,4,10,5,5,2,10,1,28,3,10,7,1,7,9,1,8,1,1,,118,,1,21,121.5752294,25.0371068
113,11,13,11,5,2,07信義區,信義區信義路6段15巷與松德路133巷口,0,0,1,2,C03,6,6,5,30,4,1,1,4,4,5,13,4,4,10,5,5,2,10,1,27,2,9,6,1,7,9,1,10,1,12,,42,,1,21,121.5752294,25.0371068
113,11,13,11,5,2,07信義區,信義區信義路6段15巷與松德路133巷口,0,0,1,3,B03,6,6,5,30,4,1,1,4,4,5,13,4,4,10,5,5,2,10,1,60,3,10,7,1,7,13,1,8,1,1,,42,,1,21,121.5752294,25.0371068
113,11,13,11,6,2,11南港區,南港區研究院路2段與研究院路2段100巷口,0,0,1,1,F01,6,7,5,50,4,1,1,4,4,5,13,2,1,1,1,4,2,17,4,0,,,,,,,,,,,,119,,2,,121.6161002,25.0438766
113,11,13,11,6,2,11南港區,南港區研究院路2段與研究院路2段100巷口,0,0,1,2,C03,6,7,5,50,4,1,1,4,4,5,13,2,1,1,1,4,2,17,2,59,2,9,6,1,7,9,1,10,1,17,,44,,1,21,121.6161002,25.0438766
113,11,13,11,28,2,05中正區,中正區中山南路與凱達格蘭大道口,0,0,1,1,C03,7,6,5,50,5,1,1,5,4,5,13,2,1,5,2,5,2,13,1,42,3,10,5,1,7,12,1,10,1,13,,44,,1,22,121.5172627,25.03915157
113,11,13,11,28,2,05中正區,中正區中山南路與凱達格蘭大道口,0,0,1,2,C03,7,6,5,50,5,1,1,5,4,5,13,2,1,5,2,5,2,13,2,20,2,9,5,1,7,9,1,10,1,11,,16,,1,22,121.5172627,25.03915157
113,11,13,11,28,2,05中正區,中正區中山南路與凱達格蘭大道口,0,0,1,3,C03,7,6,5,50,5,1,1,5,4,5,13,2,1,5,2,5,2,13,1,45,3,10,5,1,7,9,1,10,1,11,,16,,1,22,121.5172627,25.03915157
113,11,13,11,35,2,03中山區,中山區民族東路與雙城街口,0,0,1,1,C03,8,6,5,50,3,2,1,5,4,5,13,1,1,1,4,5,2,13,1,18,3,10,5,1,7,9,1,10,1,11,,44,,1,22,121.5249019,25.0684518
113,11,13,11,35,2,03中山區,中山區民族東路與雙城街口,0,0,1,2,C03,8,6,5,50,3,2,1,5,4,5,13,1,1,1,4,5,2,13,2,51,2,9,5,1,7,9,1,10,1,13,,44,,1,22,121.5249019,25.0684518
113,11,13,11,36,2,01大同區,大同區昌吉街與蘭州街口,0,0,1,1,B12,7,7,5,50,3,1,1,5,4,5,13,2,1,5,5,5,2,17,1,41,3,10,3,1,7,1,1,8,1,17,,19,,1,22,121.5157477,25.0659217
113,11,13,11,36,2,01大同區,大同區昌吉街與蘭州街口,0,0,1,2,C03,7,7,5,50,3,1,1,5,4,5,13,2,1,5,5,5,2,17,1,40,2,9,5,1,7,9,1,10,1,17,,44,,1,22,121.5157477,25.0659217
113,11,13,11,59,2,03中山區,中山區吉林路與長安東路2段口,0,0,1,1,B03,7,6,5,50,5,1,1,4,4,5,13,2,1,5,4,5,2,3,1,51,3,10,7,1,7,5,1,8,2,8,,70,,1,22,121.530124,25.048504
113,11,13,11,59,2,03中山區,中山區吉林路與長安東路2段口,0,0,1,2,H01,7,6,5,50,5,1,1,4,4,5,13,2,1,5,4,5,2,3,2,26,2,9,4,5,8,16,8,20,10,16,,67,,1,22,121.530124,25.048504
113,11,13,11,59,2,08士林區,士林區故宮路自強隧道往士林出口處,0,0,1,1,B03,7,6,6,50,6,9,1,5,4,5,13,4,4,1,4,5,2,12,1,76,3,10,3,4,7,9,1,8,2,2,,107,,1,21,121.5488918,25.0946679
113,11,13,11,59,2,08士林區,士林區故宮路自強隧道往士林出口處,0,0,1,2,C03,7,6,6,50,6,9,1,5,4,5,13,4,4,1,4,5,2,12,2,22,2,9,5,1,7,9,1,10,2,14,,44,,1,21,121.5488918,25.0946679
113,11,13,12,6,2,06松山區,松山區撫遠街439號,0,0,1,2,A32,8,5,5,40,14,8,1,5,4,5,13,4,4,1,3,4,2,13,1,65,3,10,3,4,7,14,1,1,2,7,,116,,1,26,121.5667716,25.0706741
113,11,13,12,6,2,06松山區,松山區撫遠街439號,0,0,1,1,C03,8,5,5,40,14,8,1,5,4,5,13,4,4,1,3,4,2,13,1,43,2,9,5,4,7,9,1,10,2,12,,107,,1,22,121.5667716,25.0706741
113,11,13,12,10,2,04大安區,大安區和平東路2段96巷與和平東路2段96巷10弄口,0,0,1,1,B03,7,6,5,30,5,1,1,4,4,5,13,4,4,9,5,5,2,12,1,62,3,10,3,4,7,9,1,8,1,2,,107,,1,22,121.5409541,25.0231248
113,11,13,12,10,2,04大安區,大安區和平東路2段96巷與和平東路2段96巷10弄口,0,0,1,2,C03,7,6,5,30,5,1,1,4,4,5,13,4,4,9,5,5,2,12,2,64,2,8,6,4,7,7,1,10,1,14,,100,,1,22,121.5409541,25.0231248
113,11,13,12,16,2,07信義區,信義區吳興街368號,0,0,3,1,H01,7,6,5,0,14,9,1,5,4,5,13,4,4,8,3,5,2,3,2,11,2,8,4,5,8,18,8,20,10,16,,60,,1,14,121.5667999,25.0253281
113,11,13,12,16,2,07信義區,信義區吳興街368號,0,0,3,2,C03,7,6,5,0,14,9,1,5,4,5,13,4,4,8,3,5,2,3,2,30,2,9,3,4,7,9,1,10,1,11,,44,,1,21,121.5667999,25.0253281
113,11,13,12,16,2,07信義區,信義區吳興街368號,0,0,3,3,H02,7,6,5,0,14,9,1,5,4,5,13,4,4,8,3,5,2,3,2,30,2,9,4,5,7,20,8,20,10,16,,67,,1,21,121.5667999,25.0253281
113,11,13,12,16,2,07信義區,信義區吳興街368號,0,0,3,4,B11,7,6,5,0,14,9,1,5,4,5,13,4,4,8,3,5,2,3,1,48,3,10,3,4,7,14,7,19,11,15,,119,,2,21,121.5667999,25.0253281
113,11,13,13,35,2,08士林區,士林區承德路5段與士商路口,0,0,1,1,C03,7,6,5,50,4,2,1,5,4,5,13,2,1,1,4,1,1,17,1,60,2,9,5,1,7,9,1,10,1,11,,44,,1,21,121.5141695,25.09608292
113,11,13,13,35,2,08士林區,士林區承德路5段與士商路口,0,0,1,2,C03,7,6,5,50,4,2,1,5,4,5,13,2,1,1,4,1,1,17,1,49,3,10,5,1,7,9,1,10,1,13,,101,,1,21,121.5141695,25.09608292
113,11,13,13,40,2,08士林區,士林區延平北路6段與通河西街2段口口,0,0,1,1,B03,7,7,5,30,5,1,1,5,4,5,13,2,1,8,3,4,2,15,1,56,3,10,3,4,7,9,1,8,2,2,,81,,1,22,121.4978766,25.0940231
113,11,13,13,40,2,08士林區,士林區延平北路6段與通河西街2段口口,0,0,1,2,C03,7,7,5,30,5,1,1,5,4,5,13,2,1,8,3,4,2,15,1,46,2,9,5,1,7,9,6,18,2,11,,44,,1,22,121.4978766,25.0940231
113,11,13,13,50,2,03中山區,中山區長安東路1段與林森北路口,0,0,1,1,B01,8,6,5,50,4,1,1,5,4,5,13,1,1,5,4,5,2,16,1,55,3,10,3,4,7,6,1,4,1,5,,9,,1,21,121.5244851,25.0490516
113,11,13,13,50,2,03中山區,中山區長安東路1段與林森北路口,0,0,1,2,C03,8,6,5,50,4,1,1,5,4,5,13,1,1,5,4,5,2,16,1,32,2,9,5,4,7,9,1,10,1,14,,44,,1,21,121.5244851,25.0490516
113,11,13,13,59,2,04大安區,大安區信義路4段265巷與信義路口側附近4段265巷5弄口,0,0,1,1,B03,8,6,5,30,4,18,1,5,4,5,13,4,4,5,5,5,2,3,2,66,3,10,7,1,7,5,1,8,1,1,,70,,1,22,121.5542818,25.0338021
113,11,13,13,59,2,04大安區,大安區信義路4段265巷與信義路口側附近4段265巷5弄口,0,0,1,2,H01,8,6,5,30,4,18,1,5,4,5,13,4,4,5,5,5,2,3,1,66,2,8,4,5,8,16,8,20,10,16,,67,,1,22,121.5542818,25.0338021
113,11,13,15,50,2,07信義區,信義區吳興街與吳興街269巷口,0,0,2,1,C03,8,6,5,30,4,1,1,5,4,5,13,4,4,5,5,5,2,13,1,67,2,9,5,1,7,9,1,10,1,11,,107,,1,21,121.5639247,25.0268126
113,11,13,15,50,2,07信義區,信義區吳興街與吳興街269巷口,0,0,2,2,C03,8,6,5,30,4,1,1,5,4,5,13,4,4,5,5,5,2,13,2,30,2,9,5,1,7,14,1,10,1,13,,44,,1,21,121.5639247,25.0268126
113,11,13,16,20,2,11南港區,南港區南港路1段與南港路1段2巷口口,0,0,1,1,C03,8,7,5,50,3,1,1,5,4,5,13,4,4,1,4,5,1,18,2,38,2,9,5,4,7,9,1,10,1,17,,118,,1,21,121.6201745,25.054863
113,11,13,16,20,2,11南港區,南港區南港路1段與南港路1段2巷口口,0,0,1,2,,8,7,5,50,3,1,1,5,4,5,13,4,4,1,4,5,1,18,3,0,,,,,,,,,10,,,67,,1,,121.6201745,25.054863
113,11,13,16,29,2,04大安區,大安區羅斯福路2段81巷與羅斯福路2段口,0,0,1,1,B03,8,6,5,30,3,1,1,5,4,5,13,2,1,10,5,5,2,3,1,56,3,10,7,1,7,9,1,8,1,8,,108,,1,21,121.5235938,25.0258589
113,11,13,16,29,2,04大安區,大安區羅斯福路2段81巷與羅斯福路2段口,0,0,1,2,H01,8,6,5,30,3,1,1,5,4,5,13,2,1,10,5,5,2,3,2,75,2,8,4,5,8,16,8,20,10,16,,53,,1,21,121.5235938,25.0258589
113,11,13,17,12,2,07信義區,信義區松仁路與莊敬路口,0,0,2,1,C03,7,5,5,50,14,7,1,5,4,5,13,1,1,9,5,4,2,16,1,37,2,9,3,4,7,6,1,10,1,14,,9,,1,21,121.5681515,25.026751
113,11,13,17,12,2,07信義區,信義區松仁路與莊敬路口,0,0,2,2,C03,7,5,5,50,14,7,1,5,4,5,13,1,1,9,5,4,2,16,2,28,2,9,3,4,7,5,1,10,1,12,,44,,1,21,121.5681515,25.026751
113,11,13,17,26,2,10文山區,文山區興隆路4段76號,0,0,3,1,C03,7,5,5,50,14,9,1,5,4,5,13,4,4,1,4,5,2,13,1,50,2,9,5,4,7,9,1,10,1,11,,105,,1,22,121.5617985,24.9841238
113,11,13,17,26,2,10文山區,文山區興隆路4段76號,0,0,3,2,C03,7,5,5,50,14,9,1,5,4,5,13,4,4,1,4,5,2,13,2,34,2,9,5,1,7,14,1,10,1,13,,44,,1,22,121.5617985,24.9841238
113,11,13,17,26,2,10文山區,文山區興隆路4段76號,0,0,3,3,H02,7,5,5,50,14,9,1,5,4,5,13,4,4,1,4,5,2,13,2,11,2,9,5,5,7,21,8,20,10,17,,67,,1,22,121.5617985,24.9841238
113,11,13,17,33,2,08士林區,士林區延平北路7段106巷175號與延平北路7段106巷口,0,0,1,1,B03,7,5,5,30,3,2,1,5,4,5,13,4,4,10,5,5,1,11,1,54,3,10,3,4,7,12,1,8,2,17,,90,,1,21,121.4961379,25.1015498
113,11,13,17,33,2,08士林區,士林區延平北路7段106巷175號與延平北路7段106巷口,0,0,1,2,C03,7,5,5,30,3,2,1,5,4,5,13,4,4,10,5,5,1,11,1,64,2,9,3,4,7,4,1,10,2,14,,1,,1,21,121.4961379,25.1015498
113,11,13,17,33,2,08士林區,士林區延平北路7段106巷175號與延平北路7段106巷口,0,0,1,3,A12,7,5,5,30,3,2,1,5,4,5,13,4,4,10,5,5,1,11,1,32,3,10,3,4,7,12,1,8,2,4,,27,,1,21,121.4961379,25.1015498
113,11,13,17,44,2,04大安區,大安區基隆路4段43號,0,0,1,1,F01,6,5,5,50,14,20,4,4,4,5,13,4,4,10,5,5,2,17,1,23,2,9,4,4,7,9,8,20,11,15,,44,,1,25,121.5408013,25.0140144
113,11,13,17,44,2,04大安區,大安區基隆路4段43號,0,0,1,2,C03,6,5,5,50,14,20,4,4,4,5,13,4,4,10,5,5,2,17,2,33,3,10,3,1,7,13,1,10,1,15,,44,,1,21,121.5408013,25.0140144
113,11,13,17,52,2,03中山區,中山區長安西路18號,0,0,1,1,C03,8,5,5,50,14,9,1,5,4,5,13,4,4,3,4,5,2,13,1,45,2,9,5,1,7,9,1,10,1,11,,108,,1,21,121.5209136,25.04998808
113,11,13,17,52,2,03中山區,中山區長安西路18號,0,0,1,2,B03,8,5,5,50,14,9,1,5,4,5,13,4,4,3,4,5,2,13,1,54,3,10,7,1,7,14,1,8,1,3,,44,,1,21,121.5209136,25.04998808
113,11,13,18,15,2,11南港區,南港區松河街與重陽路125巷口,0,0,1,1,B03,7,5,5,40,4,2,1,5,4,5,13,1,1,5,4,5,2,13,1,45,3,10,7,1,7,9,1,8,1,1,,44,,1,21,121.5974874,25.0584424
113,11,13,18,15,2,11南港區,南港區松河街與重陽路125巷口,0,0,1,2,C04,7,5,5,40,4,2,1,5,4,5,13,1,1,5,4,5,2,13,2,43,2,9,5,1,7,5,1,8,1,13,,8,,1,21,121.5974874,25.0584424
113,11,13,18,18,2,05中正區,中正區重慶南路2段與重慶南路2段6巷口,0,0,1,1,C03,7,5,5,50,3,1,1,5,4,5,13,3,1,1,4,5,2,17,1,44,2,9,5,1,7,5,1,10,1,14,,8,,1,22,121.5127839,25.0345805
113,11,13,18,18,2,05中正區,中正區重慶南路2段與重慶南路2段6巷口,0,0,1,2,B01,7,5,5,50,3,1,1,5,4,5,13,3,1,1,4,5,2,17,1,48,3,10,7,1,7,9,1,4,1,5,,44,,1,22,121.5127839,25.0345805