發生年度,發生月,發生日,發生時-Hours,發生分,處理別-編號,區序,肇事地點,死亡人數,2-30日死亡人數,受傷人數,當事人序號,車種,天候,道路照明設備,道路類別,速限-速度限制,道路型態,事故位置,路面狀況1,路面狀況2,路面狀況3,道路障礙1,道路障礙2,號誌1,號誌2,車道劃分-分向,車道劃分-分道1,車道劃分-分道2,車道劃分-分道3,事故類型及型態,性別,年齡,受傷程度,主要傷處,保護裝置,行動電話,車輛用途,當事者行動狀態,駕駛資格情形,駕駛執照種類,飲酒情形,車輛撞擊部位1,車輛撞擊部位2,肇因碼-個別,肇因碼-主要,個人肇逃否,職業,座標-X,座標-Y
113,11,13,18,18,2,10文山區,文山區萬壽路與萬壽路75巷口,0,0,1,1,B03,7,5,5,30,3,1,1,5,4,5,13,4,4,10,5,5,2,17,1,34,3,10,3,4,7,5,1,8,2,8,,74,,1,22,121.5872991,24.98587424
113,11,13,18,18,2,10文山區,文山區萬壽路與萬壽路75巷口,0,0,1,2,C04,7,5,5,30,3,1,1,5,4,5,13,4,4,10,5,5,2,17,2,50,2,8,3,4,7,9,1,10,2,14,,44,,1,22,121.5872991,24.98587424
113,11,13,18,23,2,03中山區,中山區明水路575號,0,0,1,1,B02,7,5,5,50,14,9,1,5,4,5,13,1,1,1,3,5,1,15,1,32,3,10,7,1,7,15,1,8,1,6,,85,,1,22,121.5520117,25.0800202
113,11,13,18,23,2,03中山區,中山區明水路575號,0,0,1,2,C03,7,5,5,50,14,9,1,5,4,5,13,1,1,1,3,5,1,15,2,42,2,9,5,1,7,9,1,10,1,11,12,107,,1,22,121.5520117,25.0800202
113,11,13,18,43,2,04大安區,大安區基隆路2段與和平東路3段口,0,0,2,1,C03,8,5,5,50,4,2,1,5,4,5,13,1,1,1,4,5,2,17,1,21,2,9,3,4,7,9,1,10,2,11,,44,,1,21,121.5523181,25.0240516
113,11,13,18,43,2,04大安區,大安區基隆路2段與和平東路3段口,0,0,2,2,C03,8,5,5,50,4,2,1,5,4,5,13,1,1,1,4,5,2,17,2,27,2,9,3,4,7,6,1,10,2,12,,9,,1,23,121.5523181,25.0240516
113,11,13,18,55,2,12內湖區,內湖區康寧路3段99巷與康寧路3段99巷39弄口,0,0,1,1,C03,8,5,5,30,4,2,1,5,4,5,13,4,4,10,5,5,2,17,1,34,2,9,6,1,7,9,1,10,1,14,,72,,1,21,121.6106605,25.07270518
113,11,13,18,55,2,12內湖區,內湖區康寧路3段99巷與康寧路3段99巷39弄口,0,0,1,2,B03,8,5,5,30,4,2,1,5,4,5,13,4,4,10,5,5,2,17,1,66,3,10,7,1,7,9,1,8,1,1,,14,,1,21,121.6106605,25.07270518
113,11,13,18,55,2,12內湖區,內湖區康寧路3段99巷與康寧路3段99巷39弄口,0,0,1,3,B03,8,5,5,30,4,2,1,5,4,5,13,4,4,10,5,5,2,17,1,51,3,10,7,1,7,14,1,8,1,3,,38,,1,21,121.6106605,25.07270518
113,11,13,19,9,2,04大安區,大安區忠孝東路3段與建國南路1段口,0,0,1,1,B01,7,5,5,50,4,2,1,5,4,5,13,1,1,3,3,5,1,12,1,58,3,10,7,1,7,4,1,4,1,2,,107,,1,21,121.5376071,25.0417852
113,11,13,19,9,2,04大安區,大安區忠孝東路3段與建國南路1段口,0,0,1,2,C03,7,5,5,50,4,2,1,5,4,5,13,1,1,3,3,5,1,12,1,27,2,8,5,1,7,9,1,10,1,14,,44,,1,21,121.5376071,25.0417852
113,11,13,19,24,2,12內湖區,內湖區瑞光路26巷與瑞光路口,0,0,1,1,C03,8,5,5,50,3,1,1,5,4,5,13,2,2,5,2,5,2,17,1,30,2,9,6,1,7,5,1,10,1,11,,44,,1,21,121.583347,25.06977807
113,11,13,19,24,2,12內湖區,內湖區瑞光路26巷與瑞光路口,0,0,1,2,B03,8,5,5,50,3,1,1,5,4,5,13,2,2,5,2,5,2,17,2,56,3,10,7,1,7,9,1,8,1,4,,107,,1,21,121.583347,25.06977807
113,11,13,19,26,2,02萬華區,萬華區環河南路1段與環河南路1段348巷口,0,0,1,1,C03,7,5,5,50,3,2,1,5,4,5,13,2,1,1,5,5,2,17,2,39,2,9,6,1,7,14,1,10,1,14,12,80,,1,21,121.498036,25.0403931
113,11,13,19,26,2,02萬華區,萬華區環河南路1段與環河南路1段348巷口,0,0,1,2,B03,7,5,5,50,3,2,1,5,4,5,13,2,1,1,5,5,2,17,1,20,3,10,7,1,7,5,1,8,1,5,,44,,1,21,121.498036,25.0403931
113,11,13,19,42,2,08士林區,士林區格致路與凱旋路口,0,0,1,1,B03,7,5,5,40,4,2,1,5,4,5,13,3,1,5,5,5,1,17,1,25,3,10,7,1,7,15,1,8,2,17,,101,,1,22,121.5464246,25.1369413
113,11,13,19,42,2,08士林區,士林區格致路與凱旋路口,0,0,1,2,C03,7,5,5,40,4,2,1,5,4,5,13,3,1,5,5,5,1,17,1,33,2,9,6,1,7,9,1,10,2,14,,14,,1,22,121.5464246,25.1369413
113,11,13,20,5,2,01大同區,大同區民樂街與延平北路2段144巷口,0,0,1,1,B03,7,5,5,50,3,2,1,5,4,5,13,4,4,9,4,5,2,17,1,49,4,11,3,4,7,14,7,19,11,15,,38,,2,22,121.5106621,25.0576638
113,11,13,20,5,2,01大同區,大同區民樂街與延平北路2段144巷口,0,0,1,2,C03,7,5,5,50,3,2,1,5,4,5,13,4,4,9,4,5,2,17,1,58,3,10,3,4,7,5,1,10,1,11,,72,,1,21,121.5106621,25.0576638
113,11,13,20,5,2,01大同區,大同區民樂街與延平北路2段144巷口,0,0,1,3,C03,7,5,5,50,3,2,1,5,4,5,13,4,4,9,4,5,2,17,1,54,3,10,3,4,7,9,1,10,1,13,,42,,1,21,121.5106621,25.0576638
113,11,13,20,5,2,01大同區,大同區民樂街與延平北路2段144巷口,0,0,1,4,H02,7,5,5,50,3,2,1,5,4,5,13,4,4,9,4,5,2,17,2,53,2,9,3,5,7,20,8,20,10,16,,67,,1,21,121.5106621,25.0576638
113,11,13,20,14,2,04大安區,大安區大安路2段120號,0,0,1,1,C03,8,7,5,50,14,9,1,5,4,5,13,4,4,5,4,5,2,12,1,36,4,11,3,4,7,1,7,19,11,15,,19,,2,22,121.5460366,25.0303397
113,11,13,20,14,2,04大安區,大安區大安路2段120號,0,0,1,2,F01,8,7,5,50,14,9,1,5,4,5,13,4,4,5,4,5,2,12,2,49,2,9,3,4,7,9,8,20,1,12,,44,,1,21,121.5460366,25.0303397
113,11,13,20,55,2,05中正區,中正區北平西路與公園路口,0,0,1,1,B02,7,5,5,50,4,2,1,5,4,5,13,2,1,10,2,5,2,3,1,71,3,10,3,4,7,1,1,8,11,7,,70,,1,22,121.5179986,25.04692616
113,11,13,20,55,2,05中正區,中正區北平西路與公園路口,0,0,1,2,H01,7,5,5,50,4,2,1,5,4,5,13,2,1,10,2,5,2,3,1,21,2,7,4,5,8,17,8,20,10,16,,67,,1,22,121.5179986,25.04692616
113,11,13,21,4,2,05中正區,中正區重慶南路2段與南海路口,0,0,1,1,C03,8,5,5,50,4,1,1,5,4,5,13,2,1,10,4,5,2,16,2,34,2,8,5,1,7,5,1,10,1,14,,8,,1,21,121.5144346,25.0319147
113,11,13,21,4,2,05中正區,中正區重慶南路2段與南海路口,0,0,1,2,B03,8,5,5,50,4,1,1,5,4,5,13,2,1,10,4,5,2,16,2,53,3,10,7,1,7,9,1,8,1,5,,44,,1,21,121.5144346,25.0319147
113,11,13,21,4,2,05中正區,中正區重慶南路2段與南海路口,0,0,1,3,H02,8,5,5,50,4,1,1,5,4,5,13,2,1,10,4,5,2,16,2,10,4,11,5,5,7,20,8,20,10,16,,67,,1,21,121.5144346,25.0319147
113,11,13,22,45,2,11南港區,南港區忠孝東路6段476號,0,0,1,1,B03,8,5,5,50,14,9,1,5,4,5,13,4,4,1,3,5,2,12,1,27,3,10,7,1,7,8,1,14,1,2,,100,,1,21,121.5948999,25.0505318
113,11,13,22,45,2,11南港區,南港區忠孝東路6段476號,0,0,1,2,C03,8,5,5,50,14,9,1,5,4,5,13,4,4,1,3,5,2,12,1,26,2,9,5,1,7,9,1,10,1,14,,44,,1,21,121.5948999,25.0505318
113,11,14,0,1,2,12內湖區,內湖區新明路298巷與南京東路6段口,0,0,2,1,C03,7,5,5,50,4,1,1,5,4,5,13,1,1,5,4,5,2,15,1,27,2,8,5,1,7,9,6,10,1,14,,81,,1,21,121.5816867,25.0568647
113,11,14,0,1,2,12內湖區,內湖區新明路298巷與南京東路6段口,0,0,2,2,C03,7,5,5,50,4,1,1,5,4,5,13,1,1,5,4,5,2,15,1,25,2,9,5,1,7,9,1,10,1,11,,44,,1,21,121.5816867,25.0568647
113,11,14,1,10,2,01大同區,大同區市民高架道下環河匝道,0,0,1,1,B03,7,5,5,40,10,16,1,5,4,5,13,4,4,1,4,5,2,17,1,60,3,10,3,4,7,9,1,8,1,1,,108,,1,21,121.5072083,25.0506306
113,11,14,1,10,2,01大同區,大同區市民高架道下環河匝道,0,0,1,2,B03,7,5,5,40,10,16,1,5,4,5,13,4,4,1,4,5,2,17,1,39,2,9,3,4,7,14,1,8,1,3,,44,,1,21,121.5072083,25.0506306
113,11,14,6,42,2,02萬華區,萬華區長順街22號,0,0,1,1,B01,8,7,5,30,14,7,1,5,4,5,13,4,4,5,3,5,2,3,1,51,3,10,7,1,7,9,1,4,1,1,,44,,1,22,121.4899884,25.0317039
113,11,14,6,42,2,02萬華區,萬華區長順街22號,0,0,1,2,H01,8,7,5,30,14,7,1,5,4,5,13,4,4,5,3,5,2,3,2,74,2,9,4,5,8,16,8,20,1,16,,67,,1,22,121.4899884,25.0317039
113,11,14,7,0,2,04大安區,大安區基隆路2段與和平東路3段口,0,0,1,1,B03,8,6,5,50,5,1,1,5,4,5,13,1,1,3,4,5,2,16,1,54,3,10,7,4,7,5,1,8,1,8,,8,,1,21,121.5527807,25.0246117
113,11,14,7,0,2,04大安區,大安區基隆路2段與和平東路3段口,0,0,1,2,C03,8,6,5,50,5,1,1,5,4,5,13,1,1,3,4,5,2,16,1,21,2,8,5,4,7,9,1,10,1,12,,44,,1,21,121.5527807,25.0246117
113,11,14,7,7,2,05中正區,中正區公園路29號,0,0,1,1,B03,8,6,5,40,14,7,1,5,4,5,13,2,1,5,4,4,2,16,1,40,2,2,7,1,7,1,1,8,1,4,,19,,1,22,121.5149888,25.03600299
113,11,14,7,7,2,05中正區,中正區公園路29號,0,0,1,2,B12,8,6,5,40,14,7,1,5,4,5,13,2,1,5,4,4,2,16,1,29,3,10,7,1,7,9,1,8,1,1,,44,,1,22,121.5149888,25.03600299
113,11,14,7,30,2,05中正區,中正區忠孝西路1段與中華路1段口,0,0,1,1,C03,8,5,5,50,5,1,1,5,4,5,13,1,1,1,4,5,2,12,1,31,2,8,6,1,7,9,1,10,1,12,,16,,1,21,121.5099117,25.0480592
113,11,14,7,30,2,05中正區,中正區忠孝西路1段與中華路1段口,0,0,1,2,C03,8,5,5,50,5,1,1,5,4,5,13,1,1,1,4,5,2,12,1,45,3,10,6,1,7,9,1,10,1,14,,44,,1,21,121.5099117,25.0480592
113,11,14,7,32,2,08士林區,士林區中山北路5段與雙溪街口,0,0,1,1,C03,8,7,5,50,3,1,1,5,4,5,13,2,1,5,5,5,1,17,2,25,2,9,5,1,7,5,1,10,1,12,,44,,1,21,121.5262857,25.1007817
113,11,14,7,32,2,08士林區,士林區中山北路5段與雙溪街口,0,0,1,2,B03,8,7,5,50,3,1,1,5,4,5,13,2,1,5,5,5,1,17,1,59,3,10,7,1,7,9,1,8,1,1,,85,,1,21,121.5262857,25.1007817
113,11,14,7,40,2,06松山區,松山區民權東路3段與敦化北路口,0,0,1,1,C03,8,5,5,50,4,1,1,5,4,5,13,2,1,3,4,5,2,17,1,27,2,8,6,4,7,9,3,18,1,11,,16,,1,22,121.5508152,25.0614413
113,11,14,7,40,2,06松山區,松山區民權東路3段與敦化北路口,0,0,1,2,B03,8,5,5,50,4,1,1,5,4,5,13,2,1,3,4,5,2,17,1,50,3,10,3,4,7,12,1,8,1,6,,44,,1,22,121.5508152,25.0614413
113,11,14,7,40,2,06松山區,松山區民權東路3段與敦化北路口,0,0,1,3,B03,8,5,5,50,4,1,1,5,4,5,13,2,1,3,4,5,2,17,1,55,3,10,3,4,7,9,1,8,1,7,,44,,1,22,121.5508152,25.0614413
113,11,14,7,44,2,12內湖區,內湖區金莊路與行善路383巷口,0,0,1,1,C03,8,7,5,50,4,1,1,5,4,5,13,1,1,5,5,5,2,16,1,41,2,9,5,1,7,4,1,10,2,12,,107,,1,21,121.5876487,25.0636849
113,11,14,7,44,2,12內湖區,內湖區金莊路與行善路383巷口,0,0,1,2,B02,8,7,5,50,4,1,1,5,4,5,13,1,1,5,5,5,2,16,2,47,3,10,7,1,7,5,1,8,2,4,,8,,1,21,121.5876487,25.0636849
113,11,14,7,45,2,03中山區,中山區吉林路與松江路160巷口,0,0,2,1,F01,8,6,5,50,4,1,1,5,4,5,13,4,4,5,4,4,2,15,1,72,2,9,4,4,7,1,8,20,1,12,,19,,1,22,121.5222111,25.05805582
113,11,14,7,45,2,03中山區,中山區吉林路與松江路160巷口,0,0,2,2,C03,8,6,5,50,4,1,1,5,4,5,13,4,4,5,4,4,2,15,1,69,2,9,5,4,7,9,1,10,1,11,,14,,1,22,121.5222111,25.05805582
113,11,14,7,58,2,07信義區,信義區市民大道6段與松隆路329巷口,0,0,1,1,B01,7,7,5,40,3,1,1,5,4,5,13,4,4,10,4,5,2,16,1,63,3,10,7,4,7,6,1,8,1,2,,9,,1,22,121.5792287,25.0488732
113,11,14,7,58,2,07信義區,信義區市民大道6段與松隆路329巷口,0,0,1,2,C03,7,7,5,40,3,1,1,5,4,5,13,4,4,10,4,5,2,16,1,21,3,10,6,1,7,9,1,10,1,11,,81,,1,22,121.5792287,25.0488732
113,11,14,7,58,2,07信義區,信義區市民大道6段與松隆路329巷口,0,0,1,3,H02,7,7,5,40,3,1,1,5,4,5,13,4,4,10,4,5,2,16,2,21,2,9,4,5,7,20,8,20,10,17,,67,,1,22,121.5792287,25.0488732
113,11,14,8,20,2,01大同區,大同區承德路3段與敦煌路口,0,0,1,1,C03,7,6,5,50,4,1,1,5,4,5,13,2,1,1,4,5,2,16,2,60,2,9,5,1,7,5,1,10,1,11,,8,,1,21,121.5201653,25.075166
113,11,14,8,20,2,01大同區,大同區承德路3段與敦煌路口,0,0,1,2,B01,7,6,5,50,4,1,1,5,4,5,13,2,1,1,4,5,2,16,1,66,3,10,7,1,7,9,1,4,1,2,,44,,1,21,121.5201653,25.075166
113,11,14,8,29,2,03中山區,中山區民族東路10號前,0,0,1,1,C03,8,7,5,50,14,7,1,5,4,5,13,4,4,1,4,4,2,13,2,41,2,9,3,4,7,9,1,10,1,11,,16,,1,21,121.5240527,25.0683766
113,11,14,8,29,2,03中山區,中山區民族東路10號前,0,0,1,2,B03,8,7,5,50,14,7,1,5,4,5,13,4,4,1,4,4,2,13,2,46,3,10,3,4,7,9,1,8,1,6,,44,,1,21,121.5240527,25.0683766
113,11,14,8,32,2,03中山區,中山區北安路與敬業二路口,0,0,2,1,C03,8,6,5,50,4,2,1,5,4,5,13,4,4,8,4,5,2,17,1,23,2,9,5,1,7,6,1,10,2,11,,9,,1,23,121.5543544,25.08508912
113,11,14,8,32,2,03中山區,中山區北安路與敬業二路口,0,0,2,2,C03,8,6,5,50,4,2,1,5,4,5,13,4,4,8,4,5,2,17,1,36,2,9,5,1,7,9,1,10,2,11,,108,,1,21,121.5543544,25.08508912
113,11,14,8,32,2,03中山區,中山區北安路與敬業二路口,0,0,2,3,C03,8,6,5,50,4,2,1,5,4,5,13,4,4,8,4,5,2,17,1,23,3,10,5,1,7,9,1,10,2,11,,44,,1,21,121.5543544,25.08508912
113,11,14,8,50,2,11南港區,南港區玉成街與玉成街140巷口口(後山埤3號出口),0,0,1,1,C03,8,6,5,50,14,9,1,5,4,3,10,4,4,5,5,5,2,7,1,46,3,10,5,1,7,9,1,10,1,11,,44,,1,21,121.5832103,25.0451002
113,11,14,8,50,2,11南港區,南港區玉成街與玉成街140巷口口(後山埤3號出口),0,0,1,2,H01,8,6,5,50,14,9,1,5,4,3,10,4,4,5,5,5,2,7,2,32,2,8,4,5,8,18,8,20,10,16,,121,,1,21,121.5832103,25.0451002
113,11,14,9,26,2,10文山區,文山區興隆路3段304巷上(燈桿：0701176旁),0,0,1,1,B11,8,6,5,30,11,9,1,5,4,5,13,4,4,10,5,5,2,11,1,26,3,10,7,1,7,9,1,3,1,4,,17,,1,21,121.5570874,24.99536504
113,11,14,9,26,2,10文山區,文山區興隆路3段304巷上(燈桿：0701176旁),0,0,1,2,C03,8,6,5,30,11,9,1,5,4,5,13,4,4,10,5,5,2,11,2,42,2,8,6,1,7,9,1,10,1,14,,17,,1,21,121.5570874,24.99536504
113,11,14,9,34,2,05中正區,中正區鄭州路與承德路1段口,0,0,4,1,C03,8,6,5,40,5,2,1,5,4,5,13,2,1,1,4,5,2,13,1,21,3,10,5,1,7,12,1,10,1,13,,96,,1,22,121.5162748,25.04868034
113,11,14,9,34,2,05中正區,中正區鄭州路與承德路1段口,0,0,4,2,C03,8,6,5,40,5,2,1,5,4,5,13,2,1,1,4,5,2,13,1,36,2,9,5,1,7,9,1,10,1,11,,108,,1,22,121.5162748,25.04868034
113,11,14,9,34,2,05中正區,中正區鄭州路與承德路1段口,0,0,4,4,C03,8,6,5,40,5,2,1,5,4,5,13,2,1,1,4,5,2,13,1,26,2,7,5,1,7,9,1,10,1,11,,108,,1,22,121.5162748,25.04868034
113,11,14,9,34,2,05中正區,中正區鄭州路與承德路1段口,0,0,4,5,C03,8,6,5,40,5,2,1,5,4,5,13,2,1,1,4,5,2,13,1,19,2,9,5,1,7,9,1,10,1,11,,108,,1,22,121.5162748,25.04868034
113,11,14,9,34,2,05中正區,中正區鄭州路與承德路1段口,0,0,4,3,C03,8,6,5,40,5,2,1,5,4,5,13,2,1,1,4,5,2,13,1,31,2,9,5,1,7,9,1,10,1,11,,108,,1,22,121.5162748,25.04868034
113,11,14,9,46,2,03中山區,中山區中山北路2段與民權東路1段口,0,0,1,1,B03,8,7,5,50,4,1,1,5,4,5,13,2,1,1,4,5,2,13,1,41,3,10,3,4,7,1,1,8,9,1,,108,,1,21,121.5229377,25.06287265
113,11,14,9,46,2,03中山區,中山區中山北路2段與民權東路1段口,0,0,1,2,C03,8,7,5,50,4,1,1,5,4,5,13,2,1,1,4,5,2,13,1,71,2,8,6,4,7,14,1,10,9,13,,44,,1,21,121.5229377,25.06287265
113,11,14,9,50,2,08士林區,士林區中山北路5段300號對面,0,0,1,1,B01,8,7,5,50,14,8,1,5,4,5,13,4,4,8,3,3,2,12,1,52,3,10,3,4,7,8,1,4,1,2,,101,,1,21,121.5273821,25.0889095
113,11,14,9,50,2,08士林區,士林區中山北路5段300號對面,0,0,1,2,C03,8,7,5,50,14,8,1,5,4,5,13,4,4,8,3,3,2,12,2,33,2,9,5,1,7,9,1,10,1,11,,13,,1,22,121.5273821,25.0889095
113,11,14,9,51,2,05中正區,中正區中華路1段與中華路1段95巷附近口,0,0,1,1,C03,8,5,5,50,5,2,1,5,4,5,13,2,1,1,4,1,2,12,1,44,2,9,5,1,7,9,1,10,2,14,,44,,1,22,121.5071553,25.03758502
113,11,14,9,51,2,05中正區,中正區中華路1段與中華路1段95巷附近口,0,0,1,2,B01,8,5,5,50,5,2,1,5,4,5,13,2,1,1,4,1,2,12,1,56,3,10,7,1,7,9,1,2,2,5,,108,,1,21,121.5071553,25.03758502
113,11,14,10,1,2,12內湖區,內湖區行忠路178巷口側附近(附近),0,0,3,1,C03,8,5,5,50,14,9,1,5,4,4,13,4,4,5,4,5,2,13,1,69,2,9,5,1,7,9,1,10,1,11,,16,,1,21,121.5834971,25.06714317
113,11,14,10,1,2,12內湖區,內湖區行忠路178巷口側附近(附近),0,0,3,2,C03,8,5,5,50,14,9,1,5,4,4,13,4,4,5,4,5,2,13,1,33,2,9,5,1,7,6,1,10,1,13,,44,,1,21,121.5834971,25.06714317
113,11,14,10,1,2,12內湖區,內湖區行忠路178巷口側附近(附近),0,0,3,3,H02,8,5,5,50,14,9,1,5,4,4,13,4,4,5,4,5,2,13,2,67,2,9,5,5,7,21,8,20,10,16,,67,,1,21,121.5834971,25.06714317
113,11,14,10,7,2,10文山區,文山區指南路3段47號前,0,0,1,1,B03,8,6,5,30,14,9,1,5,4,5,13,4,4,10,5,5,2,11,2,49,3,10,7,1,7,9,1,8,1,4,,44,,1,21,121.5797288,24.98420094
113,11,14,10,7,2,10文山區,文山區指南路3段47號前,0,0,1,2,C03,8,6,5,30,14,9,1,5,4,5,13,4,4,10,5,5,2,11,1,37,2,8,5,1,7,15,1,10,1,14,,107,,1,21,121.5797288,24.98420094
113,11,14,10,26,2,07信義區,信義區中坡北路與松隆路口,0,0,3,1,C03,7,7,5,50,4,2,1,5,4,5,13,1,1,1,5,5,2,12,2,38,2,9,5,4,7,9,3,18,1,11,,108,,1,22,121.5800259,25.0485289
113,11,14,10,26,2,07信義區,信義區中坡北路與松隆路口,0,0,3,2,C04,7,7,5,50,4,2,1,5,4,5,13,1,1,1,5,5,2,12,2,23,2,9,5,1,7,9,1,10,1,14,,44,,1,22,121.5800259,25.0485289
113,11,14,10,26,2,07信義區,信義區中坡北路與松隆路口,0,0,3,3,H02,7,7,5,50,4,2,1,5,4,5,13,1,1,1,5,5,2,12,1,23,2,9,5,5,7,20,8,20,10,17,,60,,1,22,121.5800259,25.0485289
113,11,14,11,25,2,12內湖區,內湖區瑞光路496號,0,0,2,1,C03,7,6,5,50,14,9,1,5,4,5,13,4,4,5,4,5,2,13,1,39,2,1,6,3,7,9,1,10,1,11,,108,,1,21,121.5687957,25.0791365
113,11,14,11,25,2,12內湖區,內湖區瑞光路496號,0,0,2,2,C03,7,6,5,50,14,9,1,5,4,5,13,4,4,5,4,5,2,13,1,39,2,9,6,1,7,9,1,10,1,13,,44,,1,21,121.5687957,25.0791365
113,11,14,11,42,2,12內湖區,內湖區民權東路6段與舊宗路1段口,0,0,2,1,C03,8,6,5,50,4,2,1,5,4,5,13,2,1,5,5,5,2,17,1,66,2,9,6,1,7,9,1,10,2,11,,108,,1,21,121.575137,25.06585813
113,11,14,11,42,2,12內湖區,內湖區民權東路6段與舊宗路1段口,0,0,2,2,C03,8,6,5,50,4,2,1,5,4,5,13,2,1,5,5,5,2,17,1,44,2,9,6,1,7,14,1,10,2,13,,44,,1,21,121.575137,25.06585813
113,11,14,11,51,2,10文山區,文山區木柵路3段102巷與木柵路3段66巷口口,0,0,1,1,C03,8,6,5,30,4,2,1,5,4,5,13,4,4,10,5,5,2,16,1,71,2,8,5,1,7,6,1,10,1,14,,118,,1,21,121.5677034,24.986881
113,11,14,11,51,2,10文山區,文山區木柵路3段102巷與木柵路3段66巷口口,0,0,1,2,B03,8,6,5,30,4,2,1,5,4,5,13,4,4,10,5,5,2,16,1,35,3,10,7,1,7,9,1,8,1,2,,118,,1,21,121.5677034,24.986881
113,11,14,12,30,2,08士林區,士林區福林路259號,0,0,1,1,B01,7,5,5,50,14,9,1,5,4,5,13,4,4,5,5,5,1,16,1,63,3,10,7,1,7,11,1,4,1,8,,10,,1,21,121.5349713,25.09845311
113,11,14,12,30,2,08士林區,士林區福林路259號,0,0,1,2,C03,7,5,5,50,14,9,1,5,4,5,13,4,4,5,5,5,1,16,1,20,2,9,5,1,7,9,1,10,1,11,,13,,1,21,121.5349713,25.09845311
113,11,14,12,40,2,03中山區,中山區民權西路72號,0,0,1,1,C03,8,7,5,50,14,9,1,5,4,5,13,1,1,1,4,5,2,16,2,48,3,10,6,1,7,6,1,10,1,12,,9,,1,21,121.5194975,25.06275957
113,11,14,12,40,2,03中山區,中山區民權西路72號,0,0,1,2,C03,8,7,5,50,14,9,1,5,4,5,13,1,1,1,4,5,2,16,2,30,2,9,6,1,7,9,1,10,1,11,,44,,1,21,121.5194975,25.06275957
113,11,14,12,40,2,11南港區,南港區南港路1段與興華路口口,0,0,1,1,C03,8,6,5,50,4,2,1,5,4,5,13,2,1,5,4,4,2,12,2,36,2,9,5,1,7,9,3,18,1,12,,16,,1,26,121.6061126,25.0542335
113,11,14,12,40,2,11南港區,南港區南港路1段與興華路口口,0,0,1,2,C03,8,6,5,50,4,2,1,5,4,5,13,2,1,5,4,4,2,12,1,48,3,10,5,1,7,9,1,10,1,14,,44,,1,26,121.6061126,25.0542335
113,11,14,13,17,2,11南港區,南港區忠孝東路7段東往西112燈桿,0,0,1,1,C03,7,7,5,50,14,7,1,5,4,5,13,4,4,1,4,4,2,13,2,25,2,9,6,4,7,9,1,10,1,11,,108,,1,21,121.5968808,25.051005
113,11,14,13,17,2,11南港區,南港區忠孝東路7段東往西112燈桿,0,0,1,2,B12,7,7,5,50,14,7,1,5,4,5,13,4,4,1,4,4,2,13,1,37,3,10,3,4,7,14,1,8,1,6,,44,,1,21,121.5968808,25.051005
113,11,14,13,18,2,05中正區,中正區泉州街20巷與汀州路1段口口,0,0,1,1,C03,7,6,5,30,4,1,1,5,4,5,13,4,4,5,5,5,2,17,2,52,2,8,6,1,7,6,1,10,1,12,,42,,1,21,121.5116178,25.0268346
113,11,14,13,18,2,05中正區,中正區泉州街20巷與汀州路1段口口,0,0,1,2,B03,7,6,5,30,4,1,1,5,4,5,13,4,4,5,5,5,2,17,2,42,3,10,3,4,7,14,1,8,1,7,,38,,1,21,121.5116178,25.0268346
113,11,14,13,20,2,08士林區,士林區福林路第1100206號路燈桿,0,0,1,2,B03,7,7,5,0,14,9,1,5,4,5,13,4,4,9,4,5,1,9,1,57,3,10,7,1,7,9,1,8,2,1,,44,,1,21,121.5302381,25.09518448
113,11,14,13,20,2,08士林區,士林區福林路第1100206號路燈桿,0,0,1,1,H01,7,7,5,0,14,9,1,5,4,5,13,4,4,9,4,5,1,9,2,82,2,4,4,5,8,16,8,20,10,16,,60,,1,21,121.5302381,25.09518448
113,11,14,13,25,2,08士林區,士林區文林路與文林路404巷口,0,0,1,1,C03,8,6,5,30,3,2,1,5,4,5,13,4,4,9,4,5,1,17,1,60,2,7,5,1,7,5,1,10,2,11,,80,,1,21,121.5249864,25.09405359
113,11,14,13,25,2,08士林區,士林區文林路與文林路404巷口,0,0,1,2,C03,8,6,5,30,3,2,1,5,4,5,13,4,4,9,4,5,1,17,2,45,3,10,5,1,7,9,1,10,2,12,,42,,1,21,121.5249864,25.09405359
113,11,14,13,25,2,10文山區,文山區木柵路4段23號,0,0,1,1,C03,8,6,5,50,14,9,1,5,4,5,13,4,4,5,4,5,1,12,1,40,3,10,5,1,7,9,1,10,1,12,,17,,1,21,121.5714851,24.9937918
113,11,14,13,25,2,10文山區,文山區木柵路4段23號,0,0,1,2,C03,8,6,5,50,14,9,1,5,4,5,13,4,4,5,4,5,1,12,2,64,2,9,5,1,7,9,1,10,1,14,,44,,1,21,121.5714851,24.9937918
113,11,14,13,28,2,07信義區,信義區和平東路3段與基隆路2段口,0,0,1,1,B03,8,5,5,50,5,2,1,5,4,5,13,2,1,1,4,1,2,17,1,70,3,10,7,1,7,6,1,8,1,5,,9,,1,22,121.5528818,25.0241891
113,11,14,13,28,2,07信義區,信義區和平東路3段與基隆路2段口,0,0,1,2,C03,8,5,5,50,5,2,1,5,4,5,13,2,1,1,4,1,2,17,2,55,2,9,5,1,7,9,1,10,1,14,,44,,1,22,121.5528818,25.0241891