發生年度,發生月,發生日,發生時-Hours,發生分,處理別-編號,區序,肇事地點,死亡人數,2-30日死亡人數,受傷人數,當事人序號,車種,天候,道路照明設備,道路類別,速限-速度限制,道路型態,事故位置,路面狀況1,路面狀況2,路面狀況3,道路障礙1,道路障礙2,號誌1,號誌2,車道劃分-分向,車道劃分-分道1,車道劃分-分道2,車道劃分-分道3,事故類型及型態,性別,年齡,受傷程度,主要傷處,保護裝置,行動電話,車輛用途,當事者行動狀態,駕駛資格情形,駕駛執照種類,飲酒情形,車輛撞擊部位1,車輛撞擊部位2,肇因碼-個別,肇因碼-主要,個人肇逃否,職業,座標-X,座標-Y
113,11,14,13,40,2,03中山區,中山區南京東路2段98號,0,0,1,1,B01,7,7,5,50,14,8,1,5,4,5,13,4,4,1,4,4,2,13,1,52,3,10,7,1,7,8,1,8,1,6,,100,,1,21,121.5316337,25.0521264
113,11,14,13,40,2,03中山區,中山區南京東路2段98號,0,0,1,2,C03,7,7,5,50,14,8,1,5,4,5,13,4,4,1,4,4,2,13,2,21,2,7,6,1,7,9,1,10,1,11,,13,,1,21,121.5316337,25.0521264
113,11,14,13,40,2,03中山區,中山區南京東路2段98號,0,0,1,3,C03,7,7,5,50,14,8,1,5,4,5,13,4,4,1,4,4,2,13,1,27,3,10,3,4,7,13,1,10,1,13,,38,,1,21,121.5316337,25.0521264
113,11,14,13,41,2,03中山區,中山區一江街與四平街口,0,0,2,1,H01,8,6,5,0,4,1,1,5,4,5,13,1,1,5,4,5,2,3,2,73,2,9,4,5,8,16,8,20,10,16,,122,,1,21,121.5315011,25.0535876
113,11,14,13,41,2,03中山區,中山區一江街與四平街口,0,0,2,2,C03,8,6,5,0,4,1,1,5,4,5,13,1,1,5,4,5,2,3,2,40,2,9,6,1,7,9,1,10,1,11,12,70,,1,21,121.5315011,25.0535876
113,11,14,14,20,2,05中正區,中正區杭州南路1段與杭州南路1段6巷口,0,0,1,1,B01,8,7,5,30,4,1,1,5,4,5,13,4,4,9,4,5,2,15,1,43,3,10,7,1,7,9,1,4,1,5,,72,,1,21,121.5266589,25.0433501
113,11,14,14,20,2,05中正區,中正區杭州南路1段與杭州南路1段6巷口,0,0,1,2,C03,8,7,5,30,4,1,1,5,4,5,13,4,4,9,4,5,2,15,2,32,2,9,6,1,7,15,1,10,1,12,,14,,1,21,121.5266589,25.0433501
113,11,14,14,46,2,12內湖區,內湖區內湖路2段179巷與金龍隧道口,0,0,3,1,C03,8,6,5,50,4,2,1,5,4,5,13,2,1,5,4,5,2,17,1,44,2,9,5,1,7,7,1,10,1,14,,100,,1,21,121.5849656,25.0842925
113,11,14,14,46,2,12內湖區,內湖區內湖路2段179巷與金龍隧道口,0,0,3,2,C03,8,6,5,50,4,2,1,5,4,5,13,2,1,5,4,5,2,17,2,18,2,9,6,1,7,9,1,10,1,12,,44,,1,21,121.5849656,25.0842925
113,11,14,14,46,2,12內湖區,內湖區內湖路2段179巷與金龍隧道口,0,0,3,3,H02,8,6,5,50,4,2,1,5,4,5,13,2,1,5,4,5,2,17,2,18,2,9,6,5,7,20,8,20,10,16,,67,,1,21,121.5849656,25.0842925
113,11,14,15,0,2,12內湖區,內湖區潭美街與安康路32巷口,0,0,1,1,B12,7,5,5,40,3,1,1,5,4,5,13,4,4,5,5,5,1,16,1,43,3,10,7,1,7,6,1,8,1,5,,9,,1,21,121.5950765,25.0610671
113,11,14,15,0,2,12內湖區,內湖區潭美街與安康路32巷口,0,0,1,2,C03,7,5,5,40,3,1,1,5,4,5,13,4,4,5,5,5,1,16,1,20,2,9,6,1,7,9,1,10,1,14,,108,,1,21,121.5950765,25.0610671
113,11,14,15,0,2,12內湖區,內湖區潭美街與安康路32巷口,0,0,1,3,B03,7,5,5,40,3,1,1,5,4,5,13,4,4,5,5,5,1,16,1,26,3,10,3,4,7,13,1,8,9,7,,44,,1,21,121.5950765,25.0610671
113,11,14,15,13,2,07信義區,信義區光復南路419巷與仁愛路4段452巷口,0,0,1,1,C03,7,7,5,30,4,1,1,5,4,5,10,4,4,9,5,5,2,15,1,22,2,9,3,4,7,9,1,10,1,11,,42,,1,21,121.5592497,25.0364889
113,11,14,15,13,2,07信義區,信義區光復南路419巷與仁愛路4段452巷口,0,0,1,2,B03,7,7,5,30,4,1,1,5,4,5,10,4,4,9,5,5,2,15,1,46,3,10,3,4,7,9,1,8,1,2,,44,,1,21,121.5592497,25.0364889
113,11,14,15,13,2,07信義區,信義區光復南路419巷與仁愛路4段452巷口,0,0,1,3,B12,7,7,5,30,4,1,1,5,4,5,10,4,4,9,5,5,2,15,1,45,3,10,3,4,7,13,1,8,9,17,,38,,1,21,121.5592497,25.0364889
113,11,14,15,13,2,07信義區,信義區光復南路419巷與仁愛路4段452巷口,0,0,1,4,B12,7,7,5,30,4,1,1,5,4,5,10,4,4,9,5,5,2,15,1,60,3,10,3,4,7,13,1,8,9,17,,38,,1,21,121.5592497,25.0364889
113,11,14,15,13,2,07信義區,信義區光復南路419巷與仁愛路4段452巷口,0,0,1,5,B12,7,7,5,30,4,1,1,5,4,5,10,4,4,9,5,5,2,15,1,49,3,10,3,4,7,13,1,8,9,17,,38,,1,21,121.5592497,25.0364889
113,11,14,16,25,2,07信義區,信義區基隆路2段187號,0,0,1,1,C03,8,7,5,50,14,9,1,5,4,5,13,4,4,3,4,5,2,13,1,24,2,9,6,1,7,9,1,10,1,11,,16,,1,22,121.5532874,25.0249442
113,11,14,16,25,2,07信義區,信義區基隆路2段187號,0,0,1,2,B03,8,7,5,50,14,9,1,5,4,5,13,4,4,3,4,5,2,13,2,50,3,10,7,1,7,9,1,8,1,3,,44,,1,22,121.5532874,25.0249442
113,11,14,16,36,2,10文山區,文山區興隆路2段與興隆路2段301巷口口,0,0,1,1,C03,8,6,5,30,3,2,1,5,4,5,13,4,4,10,5,5,2,16,1,70,2,9,6,1,7,6,1,10,1,14,,72,,1,21,121.5531302,25.0014383
113,11,14,16,36,2,10文山區,文山區興隆路2段與興隆路2段301巷口口,0,0,1,2,A02,8,6,5,30,3,2,1,5,4,5,13,4,4,10,5,5,2,16,1,58,3,10,7,1,7,8,1,2,1,2,,101,,1,21,121.5531302,25.0014383
113,11,14,16,38,2,08士林區,士林區社正路45巷與社正路45巷4弄口,0,0,2,1,C03,8,6,5,30,3,1,1,5,4,5,13,4,4,10,5,5,1,16,1,19,2,8,5,1,7,5,1,10,1,14,,74,,1,21,121.5096258,25.0893084
113,11,14,16,38,2,08士林區,士林區社正路45巷與社正路45巷4弄口,0,0,2,2,C03,8,6,5,30,3,1,1,5,4,5,13,4,4,10,5,5,1,16,1,50,2,8,5,1,7,9,1,10,1,11,,44,,1,21,121.5096258,25.0893084
113,11,14,16,38,2,07信義區,信義區松高路68號,0,0,1,1,F01,7,5,5,0,22,20,4,5,4,5,13,4,4,10,5,5,2,9,1,15,3,10,2,1,7,9,8,20,9,12,,118,,1,21,121.5707315,25.038949
113,11,14,16,38,2,07信義區,信義區松高路68號,0,0,1,2,H01,7,5,5,0,22,20,4,5,4,5,13,4,4,10,5,5,2,9,2,31,2,9,4,5,8,16,8,20,10,16,,67,,1,21,121.5707315,25.038949
113,11,14,16,53,2,04大安區,大安區敦化南路2段與四維路170巷口,0,0,1,1,C03,8,5,5,50,4,1,1,5,4,5,13,2,1,9,5,5,2,16,2,68,2,8,5,1,7,5,3,18,1,12,,71,,1,21,121.5485998,25.0281336
113,11,14,16,53,2,04大安區,大安區敦化南路2段與四維路170巷口,0,0,1,2,B03,8,5,5,50,4,1,1,5,4,5,13,2,1,9,5,5,2,16,1,65,3,10,7,1,7,9,1,8,1,5,,108,,1,21,121.5485998,25.0281336
113,11,14,17,13,2,09北投區,北投區承德路7段與立賢路口,0,0,1,1,B03,8,5,5,50,3,1,1,5,4,5,13,1,1,3,2,3,1,17,1,43,3,10,3,4,7,6,1,8,2,2,,71,,1,21,121.5049146,25.1162203
113,11,14,17,13,2,09北投區,北投區承德路7段與立賢路口,0,0,1,2,C03,8,5,5,50,3,1,1,5,4,5,13,1,1,3,2,3,1,17,1,54,2,9,3,4,7,9,1,10,2,14,,44,,1,21,121.5049146,25.1162203
113,11,14,17,14,2,09北投區,北投區明德路21號,0,0,1,1,C03,7,5,5,50,14,9,1,5,4,5,13,4,4,5,5,5,2,17,1,47,2,8,5,1,7,5,1,10,1,14,,8,,1,21,121.5175063,25.1070391
113,11,14,17,14,2,09北投區,北投區明德路21號,0,0,1,2,B03,7,5,5,50,14,9,1,5,4,5,13,4,4,5,5,5,2,17,2,71,3,10,7,1,7,9,1,8,1,5,,44,,1,21,121.5175063,25.1070391
113,11,14,17,35,2,03中山區,中山區松江路與民族東路口,0,0,1,1,C03,7,5,5,50,5,2,1,5,4,5,13,2,1,8,3,4,1,17,1,33,2,9,5,1,7,9,1,10,1,11,,44,,1,21,121.5335671,25.0683696
113,11,14,17,35,2,03中山區,中山區松江路與民族東路口,0,0,1,2,B03,7,5,5,50,5,2,1,5,4,5,13,2,1,8,3,4,1,17,1,32,3,10,7,1,7,6,1,8,1,1,,74,,1,21,121.5335671,25.0683696
113,11,14,17,42,2,10文山區,文山區興順街與興順街80巷口,0,0,1,1,B03,8,5,5,30,5,2,1,5,4,5,13,2,1,5,5,5,2,16,1,49,3,10,7,1,7,5,1,8,2,4,,8,,1,21,121.5449766,25.0011787
113,11,14,17,42,2,10文山區,文山區興順街與興順街80巷口,0,0,1,2,F01,8,5,5,30,5,2,1,5,4,5,13,2,1,5,5,5,2,16,2,69,2,3,4,1,7,9,8,20,2,11,,42,,1,21,121.5449766,25.0011787
113,11,14,17,55,2,02萬華區,萬華區大理街148號,0,0,1,1,B03,7,5,5,30,14,9,1,5,4,5,13,4,4,10,5,5,2,17,1,50,3,10,7,1,7,14,1,8,1,4,,40,,1,21,121.495106,25.0339148
113,11,14,17,55,2,02萬華區,萬華區大理街148號,0,0,1,2,C03,7,5,5,30,14,9,1,5,4,5,13,4,4,10,5,5,2,17,2,56,2,9,5,1,7,9,1,10,1,12,,44,,1,21,121.495106,25.0339148
113,11,14,18,10,2,12內湖區,內湖區民權東路6段與民權大橋口,0,0,1,1,C03,7,5,5,50,14,11,1,5,4,5,13,4,4,1,3,4,1,12,2,39,3,10,3,4,7,9,1,10,1,12,,108,,1,21,121.5779312,25.0666707
113,11,14,18,10,2,12內湖區,內湖區民權東路6段與民權大橋口,0,0,1,2,C03,7,5,5,50,14,11,1,5,4,5,13,4,4,1,3,4,1,12,1,39,2,9,3,4,7,9,1,10,1,12,,44,,1,21,121.5779312,25.0666707
113,11,14,18,18,2,12內湖區,內湖區金湖路與金湖路367巷口,0,0,1,1,C03,8,6,5,50,3,2,1,5,4,5,13,2,1,3,4,5,2,17,1,61,2,8,5,1,7,9,1,10,2,15,,118,,1,21,121.6024299,25.07378799
113,11,14,18,18,2,12內湖區,內湖區金湖路與金湖路367巷口,0,0,1,2,C03,8,6,5,50,3,2,1,5,4,5,13,2,1,3,4,5,2,17,1,34,3,10,6,1,7,9,1,10,2,14,,44,,1,21,121.6024299,25.07378799
113,11,14,18,30,2,12內湖區,內湖區堤外便道西向東往汐止,0,0,2,1,B03,7,6,5,50,14,9,1,5,4,5,13,4,4,9,4,5,2,13,1,48,3,10,7,1,7,9,6,18,2,5,,16,,1,21,121.6171831,25.06571068
113,11,14,18,30,2,12內湖區,內湖區堤外便道西向東往汐止,0,0,2,2,C03,7,6,5,50,14,9,1,5,4,5,13,4,4,9,4,5,2,13,2,38,2,9,6,1,7,9,1,10,2,13,,44,,1,21,121.6171831,25.06571068
113,11,14,18,30,2,12內湖區,內湖區堤外便道西向東往汐止,0,0,2,3,C03,7,6,5,50,14,9,1,5,4,5,13,4,4,9,4,5,2,13,1,35,2,9,6,1,7,9,1,10,2,13,,44,,1,21,121.6171831,25.06571068
113,11,14,18,39,2,09北投區,北投區泉源路與新民路口,0,0,1,1,A02,7,5,5,30,3,2,1,5,4,5,13,4,4,9,5,5,1,17,1,53,3,10,7,1,7,5,1,1,1,2,,8,,1,21,121.5156528,25.1417188
113,11,14,18,39,2,09北投區,北投區泉源路與新民路口,0,0,1,2,C03,7,5,5,30,3,2,1,5,4,5,13,4,4,9,5,5,1,17,2,67,2,9,6,1,7,6,1,10,1,14,,74,,1,21,121.5156528,25.1417188
113,11,14,19,8,2,07信義區,信義區莊敬路與松勤街口,0,0,1,1,C03,8,5,5,50,4,1,1,5,4,5,13,2,1,9,4,5,1,12,1,45,3,10,3,4,7,15,1,10,1,12,,101,,1,22,121.5612593,25.032117
113,11,14,19,8,2,07信義區,信義區莊敬路與松勤街口,0,0,1,2,C03,8,5,5,50,4,1,1,5,4,5,13,2,1,9,4,5,1,12,2,24,2,8,3,4,7,9,1,10,1,14,,44,,1,22,121.5612593,25.032117
113,11,14,19,28,2,12內湖區,內湖區潭美街與安康路22巷口,0,0,1,1,B03,8,5,5,40,3,2,1,5,4,5,13,1,1,5,5,5,2,15,1,75,3,10,7,1,7,1,1,8,1,5,,71,,1,21,121.5938827,25.0610488
113,11,14,19,28,2,12內湖區,內湖區潭美街與安康路22巷口,0,0,1,2,C03,8,5,5,40,3,2,1,5,4,5,13,1,1,5,5,5,2,15,2,22,2,9,5,1,7,9,1,10,1,11,,44,,1,21,121.5938827,25.0610488
113,11,14,19,29,2,04大安區,大安區通化街38巷8號,0,0,2,1,C03,8,5,5,30,14,9,1,5,4,5,13,4,4,10,5,5,2,3,2,23,2,7,6,1,7,9,1,10,1,11,,107,,1,21,121.5540014,25.0308943
113,11,14,19,29,2,04大安區,大安區通化街38巷8號,0,0,2,2,H01,8,5,5,30,14,9,1,5,4,5,13,4,4,10,5,5,2,3,1,65,2,9,4,5,8,16,8,20,10,16,,121,,1,21,121.5540014,25.0308943
113,11,14,19,44,2,05中正區,中正區博愛路與貴陽街1段口,0,0,1,1,C03,8,5,5,50,4,1,1,5,4,5,13,1,1,10,5,5,2,16,1,64,2,8,5,1,7,5,1,10,2,11,,74,,1,26,121.5110859,25.038951
113,11,14,19,44,2,05中正區,中正區博愛路與貴陽街1段口,0,0,1,2,C03,8,5,5,50,4,1,1,5,4,5,13,1,1,10,5,5,2,16,1,21,3,10,5,1,7,5,1,10,2,12,,2,,1,26,121.5110859,25.038951
113,11,14,19,44,2,05中正區,中正區博愛路與貴陽街1段口,0,0,1,3,B03,8,5,5,50,4,1,1,5,4,5,13,1,1,10,5,5,2,16,1,54,3,10,7,1,7,9,1,8,2,1,,44,,1,26,121.5110859,25.038951
113,11,14,19,54,2,02萬華區,萬華區堤外便道(華中194燈桿),0,0,3,1,F01,8,5,5,40,14,9,1,5,4,5,13,4,4,5,5,5,2,17,1,44,2,7,4,1,7,11,8,20,1,14,,10,,1,21,121.4917671,25.0210078
113,11,14,19,54,2,02萬華區,萬華區堤外便道(華中194燈桿),0,0,3,2,C03,8,5,5,40,14,9,1,5,4,5,13,4,4,5,5,5,2,17,2,21,2,8,5,1,7,9,1,10,1,11,,13,,1,21,121.4917671,25.0210078
113,11,14,19,54,2,02萬華區,萬華區堤外便道(華中194燈桿),0,0,3,3,H02,8,5,5,40,14,9,1,5,4,5,13,4,4,5,5,5,2,17,2,22,2,8,5,5,7,20,8,20,10,16,,67,,1,21,121.4917671,25.0210078
113,11,14,20,17,2,09北投區,北投區承德路7段與公館路口,0,0,1,2,F01,7,5,5,60,4,1,1,5,4,5,13,2,1,1,4,4,2,16,2,40,2,9,4,1,7,11,8,20,1,14,,11,,1,21,121.5016443,25.1197106
113,11,14,20,17,2,09北投區,北投區承德路7段與公館路口,0,0,1,1,B03,7,5,5,60,4,1,1,5,4,5,13,2,1,1,4,4,2,16,1,49,3,10,7,1,7,6,1,8,1,1,,9,,1,21,121.5016443,25.1197106
113,11,14,20,21,2,02萬華區,萬華區萬大路424巷與萬大路486巷46弄口,0,0,1,1,B01,8,5,8,30,22,22,1,5,4,5,13,1,1,10,5,5,2,17,1,65,3,10,3,4,7,15,1,4,1,2,,44,,1,21,121.4960391,25.0212302
113,11,14,20,21,2,02萬華區,萬華區萬大路424巷與萬大路486巷46弄口,0,0,1,2,C03,8,5,8,30,22,22,1,5,4,5,13,1,1,10,5,5,2,17,1,38,2,8,3,4,7,1,1,10,1,14,,19,,1,21,121.4960391,25.0212302
113,11,14,20,21,2,02萬華區,萬華區萬大路424巷與萬大路486巷46弄口,0,0,1,3,B03,8,5,8,30,22,22,1,5,4,5,13,1,1,10,5,5,2,17,1,60,3,10,3,4,7,13,1,8,1,7,,38,,1,21,121.4960391,25.0212302
113,11,14,20,55,2,08士林區,士林區忠誠路2段與德行東路口,0,0,1,1,B03,7,5,5,50,4,2,1,5,4,5,13,1,1,10,4,5,1,17,1,60,3,10,7,1,7,6,1,8,1,5,,9,,1,21,121.5305338,25.1085314
113,11,14,20,55,2,08士林區,士林區忠誠路2段與德行東路口,0,0,1,2,C03,7,5,5,50,4,2,1,5,4,5,13,1,1,10,4,5,1,17,1,19,2,8,6,1,7,9,1,10,1,11,,44,,1,21,121.5305338,25.1085314
113,11,14,21,16,2,08士林區,士林區基河路與基河路240巷口,0,0,3,1,C03,7,5,5,50,4,1,1,5,4,5,13,1,1,5,4,5,2,17,1,23,2,9,6,1,7,9,1,10,2,11,,13,,1,22,121.5216051,25.0912784
113,11,14,21,16,2,08士林區,士林區基河路與基河路240巷口,0,0,3,2,F03,7,5,5,50,4,1,1,5,4,5,13,1,1,5,4,5,2,17,1,15,2,9,4,1,7,12,8,20,2,13,,42,,1,22,121.5216051,25.0912784
113,11,14,21,16,2,08士林區,士林區基河路與基河路240巷口,0,0,3,3,H02,7,5,5,50,4,1,1,5,4,5,13,1,1,5,4,5,2,17,1,12,2,9,5,5,7,17,8,20,10,16,,67,,1,22,121.5216051,25.0912784
113,11,14,21,25,2,05中正區,中正區師大路與金門街27巷口,0,0,1,1,B03,7,5,5,50,3,1,1,5,4,5,13,4,4,1,4,5,2,12,1,54,3,10,7,1,7,9,1,8,1,5,,42,,1,22,121.5237479,25.0207994
113,11,14,21,25,2,05中正區,中正區師大路與金門街27巷口,0,0,1,2,C02,7,5,5,50,3,1,1,5,4,5,13,4,4,1,4,5,2,12,1,62,2,8,6,1,7,1,1,9,1,14,,42,,1,22,121.5237479,25.0207994
113,11,14,21,43,2,08士林區,士林區德行西路21號對面,0,0,1,1,C04,7,5,5,50,14,9,1,5,4,5,13,4,4,10,4,5,1,17,2,58,2,9,5,1,7,1,1,10,1,14,,19,,1,21,121.5239969,25.1059994
113,11,14,21,43,2,08士林區,士林區德行西路21號對面,0,0,1,2,B03,7,5,5,50,14,9,1,5,4,5,13,4,4,10,4,5,1,17,1,72,3,10,7,1,7,9,1,8,1,2,,44,,1,21,121.5239969,25.1059994
113,11,14,22,17,2,04大安區,大安區市民大道3段與復興南路1段口口,0,0,1,1,C03,7,5,5,50,5,1,1,5,4,5,13,2,1,9,4,5,2,13,1,20,3,10,5,1,7,9,1,10,1,11,,118,,1,21,121.543789,25.0448593
113,11,14,22,17,2,04大安區,大安區市民大道3段與復興南路1段口口,0,0,1,2,C03,7,5,5,50,5,1,1,5,4,5,13,2,1,9,4,5,2,13,1,27,3,10,5,1,7,12,1,10,1,13,,44,,1,21,121.543789,25.0448593
113,11,14,22,17,2,04大安區,大安區市民大道3段與復興南路1段口口,0,0,1,3,H02,7,5,5,50,5,1,1,5,4,5,13,2,1,9,4,5,2,13,2,26,2,8,5,5,7,20,8,20,10,16,,67,,1,21,121.543789,25.0448593
113,11,14,22,19,2,09北投區,北投區東華街1段與建民路口,0,0,4,4,C03,7,5,5,50,14,9,1,5,4,5,13,4,4,10,4,5,2,13,1,34,3,10,6,1,7,9,1,10,1,13,,44,,1,21,121.5188519,25.1101028
113,11,14,22,19,2,09北投區,北投區東華街1段與建民路口,0,0,4,1,C03,7,5,5,50,14,9,1,5,4,5,13,4,4,10,4,5,2,13,2,32,2,7,6,1,7,9,1,10,1,11,,16,,1,21,121.5188519,25.1101028
113,11,14,22,19,2,09北投區,北投區東華街1段與建民路口,0,0,4,5,H02,7,5,5,50,14,9,1,5,4,5,13,4,4,10,4,5,2,13,2,24,2,7,6,5,7,20,8,20,10,16,,67,,1,21,121.5188519,25.1101028
113,11,14,22,19,2,09北投區,北投區東華街1段與建民路口,0,0,4,2,C03,7,5,5,50,14,9,1,5,4,5,13,4,4,10,4,5,2,13,1,24,2,7,6,1,7,9,1,10,1,11,,44,,1,21,121.5188519,25.1101028
113,11,14,22,19,2,09北投區,北投區東華街1段與建民路口,0,0,4,3,C03,7,5,5,50,14,9,1,5,4,5,13,4,4,10,4,5,2,13,2,60,2,8,6,1,7,9,1,10,1,11,,16,,1,21,121.5188519,25.1101028
113,11,14,23,56,2,04大安區,大安區信義路4段186巷與安和路2段32巷口,0,0,1,1,B03,8,5,5,30,4,1,1,5,4,5,13,4,4,10,5,5,2,15,1,38,3,10,7,1,7,9,1,8,1,1,,72,,1,21,121.5515962,25.0317335
113,11,14,23,56,2,04大安區,大安區信義路4段186巷與安和路2段32巷口,0,0,1,2,C03,8,5,5,30,4,1,1,5,4,5,13,4,4,10,5,5,2,15,1,25,2,9,5,1,7,9,1,10,1,14,,13,,1,21,121.5515962,25.0317335
113,11,14,23,57,2,04大安區,大安區基隆路2段與臨江街口口,0,0,1,1,B02,7,5,5,50,5,2,1,5,4,5,13,4,4,1,4,5,2,12,1,43,3,10,7,1,7,8,6,8,2,2,,100,,1,21,121.5573325,25.0294814
113,11,14,23,57,2,04大安區,大安區基隆路2段與臨江街口口,0,0,1,2,C03,7,5,5,50,5,2,1,5,4,5,13,4,4,1,4,5,2,12,1,25,2,9,5,1,7,8,1,10,2,14,,44,,1,21,121.5573325,25.0294814
113,11,14,23,59,2,07信義區,信義區福德街81號,0,0,2,1,C03,7,5,5,30,14,9,1,5,4,5,13,1,1,10,4,5,2,13,2,56,2,9,6,1,7,9,1,10,1,11,,108,,1,21,121.5813621,25.0370135
113,11,14,23,59,2,07信義區,信義區福德街81號,0,0,2,2,C03,7,5,5,30,14,9,1,5,4,5,13,1,1,10,4,5,2,13,2,55,2,9,6,1,7,14,1,10,1,13,,44,,1,21,121.5813621,25.0370135
113,11,15,0,24,2,05中正區,中正區汀州路3段與思源街口,0,0,2,1,B03,7,5,5,50,3,1,1,5,4,5,13,2,1,5,5,5,2,16,2,23,2,9,7,1,7,6,1,8,2,5,,9,,1,22,121.5321189,25.0151127
113,11,15,0,24,2,05中正區,中正區汀州路3段與思源街口,0,0,2,2,C03,7,5,5,50,3,1,1,5,4,5,13,2,1,5,5,5,2,16,1,45,2,9,6,1,7,9,1,10,2,14,,44,,1,22,121.5321189,25.0151127
113,11,15,0,24,2,05中正區,中正區汀州路3段與思源街口,0,0,2,3,,7,5,5,50,3,1,1,5,4,5,13,2,1,5,5,5,2,16,3,0,,,,,,,,,,,,67,,1,,121.5321189,25.0151127
113,11,15,0,40,2,08士林區,士林區劍潭路與基河路口,0,0,3,1,B01,8,5,5,50,14,9,1,5,4,5,13,2,1,1,3,1,1,11,1,45,2,7,3,4,7,15,1,4,2,2,,80,,1,22,121.5247076,25.0841095
113,11,15,0,40,2,08士林區,士林區劍潭路與基河路口,0,0,3,2,C03,8,5,5,50,14,9,1,5,4,5,13,2,1,1,3,1,1,11,1,18,2,9,3,4,7,10,1,10,2,11,,13,,1,22,121.5247076,25.0841095
113,11,15,0,40,2,08士林區,士林區劍潭路與基河路口,0,0,3,3,H02,8,5,5,50,14,9,1,5,4,5,13,2,1,1,3,1,1,11,1,18,2,9,3,5,7,21,8,20,10,16,,67,,1,22,121.5247076,25.0841095
113,11,15,0,41,2,02萬華區,萬華區西藏路213號旁,0,0,1,1,C03,7,5,5,50,14,9,1,5,4,5,13,4,4,1,3,5,2,23,1,24,2,9,6,1,7,5,1,10,1,12,,118,,1,21,121.4962275,25.028739
113,11,15,0,41,2,02萬華區,萬華區西藏路213號旁,0,0,1,2,,7,5,5,50,14,9,1,5,4,5,13,4,4,1,3,5,2,23,3,0,,,,,,,,,,,,67,,1,,121.4962275,25.028739
113,11,15,1,0,2,02萬華區,(第0901209號燈桿處)近西園路二段50巷,0,0,1,1,F02,7,5,5,50,14,9,1,5,4,5,13,4,4,1,4,5,2,29,1,48,2,9,4,1,7,5,8,20,6,11,14,21,,1,21,121.497529,25.032399
113,11,15,1,0,2,02萬華區,(第0901209號燈桿處)近西園路二段50巷,0,0,1,2,,7,5,5,50,14,9,1,5,4,5,13,4,4,1,4,5,2,29,3,0,,,,,,,,,,,,67,,1,,121.497529,25.032399
113,11,15,1,52,2,01大同區,大同區環河北路1段與民生西路口,0,0,1,1,B03,7,5,5,50,14,9,1,5,4,5,13,4,4,1,4,5,2,17,1,38,4,11,3,4,7,7,7,19,11,15,,100,,2,22,121.5082729,25.0567011
113,11,15,1,52,2,01大同區,大同區環河北路1段與民生西路口,0,0,1,2,C03,7,5,5,50,14,9,1,5,4,5,13,4,4,1,4,5,2,17,1,64,2,9,3,4,7,9,1,10,1,14,,44,,1,21,121.5082729,25.0567011
113,11,15,1,52,2,01大同區,大同區環河北路1段與民生西路口,0,0,1,3,B01,7,5,5,50,14,9,1,5,4,5,13,4,4,1,4,5,2,17,1,59,3,10,3,4,7,14,1,4,11,17,,38,,1,21,121.5082729,25.0567011
113,11,15,2,4,2,01大同區,大同區環河北路2段與酒泉街口,0,0,1,1,A31,8,5,5,50,5,2,1,5,4,4,13,4,4,5,5,5,2,17,1,31,4,11,3,4,7,21,7,19,9,15,,30,,2,22,121.5092057,25.0721323
113,11,15,2,4,2,01大同區,大同區環河北路2段與酒泉街口,0,0,1,2,A31,8,5,5,50,5,2,1,5,4,4,13,4,4,5,5,5,2,17,1,36,4,11,3,4,7,21,7,19,9,15,,30,,2,22,121.5092057,25.0721323
113,11,15,2,4,2,01大同區,大同區環河北路2段與酒泉街口,0,0,1,3,C03,8,5,5,50,5,2,1,5,4,4,13,4,4,5,5,5,2,17,1,38,2,9,6,1,7,6,1,10,2,12,,44,,1,21,121.5092057,25.0721323
113,11,15,7,19,2,02萬華區,萬華區桂林路與貴陽街2段164巷口,0,0,1,1,B03,8,6,5,40,14,8,1,5,4,5,13,4,4,5,4,4,1,9,1,48,3,10,3,4,7,9,1,8,1,2,,107,,1,22,121.499977,25.04002057
113,11,15,7,19,2,02萬華區,萬華區桂林路與貴陽街2段164巷口,0,0,1,2,H01,8,6,5,40,14,8,1,5,4,5,13,4,4,5,4,4,1,9,1,29,2,7,4,5,8,16,8,20,10,16,,54,,1,22,121.499977,25.04002057
113,11,15,7,19,2,07信義區,信義區基隆路1段與基隆路1段102巷口,0,0,1,1,B03,7,5,5,50,14,9,1,5,4,5,13,4,4,5,5,5,2,17,1,39,3,10,7,1,7,6,1,8,1,2,,9,,1,21,121.566811,25.0453462
113,11,15,7,19,2,07信義區,信義區基隆路1段與基隆路1段102巷口,0,0,1,2,C03,7,5,5,50,14,9,1,5,4,5,13,4,4,5,5,5,2,17,1,19,2,9,5,1,7,9,1,10,1,14,,44,,1,21,121.566811,25.0453462
113,11,15,7,31,2,01大同區,大同區重慶北路3段與敦煌路口,0,0,1,1,C03,8,7,5,30,3,1,1,5,4,5,13,4,4,10,5,5,2,16,2,41,2,7,6,1,7,5,1,10,1,12,,75,,1,21,121.5137074,25.0763847
113,11,15,7,31,2,01大同區,大同區重慶北路3段與敦煌路口,0,0,1,2,B03,8,7,5,30,3,1,1,5,4,5,13,4,4,10,5,5,2,16,2,57,3,10,7,1,7,9,1,8,1,8,,80,,1,21,121.5137074,25.0763847