發生年度,發生月,發生日,發生時-Hours,發生分,處理別-編號,區序,肇事地點,死亡人數,2-30日死亡人數,受傷人數,當事人序號,車種,天候,道路照明設備,道路類別,速限-速度限制,道路型態,事故位置,路面狀況1,路面狀況2,路面狀況3,道路障礙1,道路障礙2,號誌1,號誌2,車道劃分-分向,車道劃分-分道1,車道劃分-分道2,車道劃分-分道3,事故類型及型態,性別,年齡,受傷程度,主要傷處,保護裝置,行動電話,車輛用途,當事者行動狀態,駕駛資格情形,駕駛執照種類,飲酒情形,車輛撞擊部位1,車輛撞擊部位2,肇因碼-個別,肇因碼-主要,個人肇逃否,職業,座標-X,座標-Y
113,11,15,7,34,2,05中正區,中正區和平西路2段與寧波西街口,0,0,1,1,C03,8,7,5,50,4,1,1,5,4,5,13,1,1,1,4,5,2,16,2,24,3,10,5,4,7,5,1,10,1,13,,8,,1,21,121.5121039,25.02899916
113,11,15,7,34,2,05中正區,中正區和平西路2段與寧波西街口,0,0,1,2,C03,8,7,5,50,4,1,1,5,4,5,13,1,1,1,4,5,2,16,2,25,2,9,5,4,7,9,1,10,1,11,,44,,1,21,121.5121039,25.02899916
113,11,15,8,1,2,04大安區,大安區和平東路2段76巷30弄與和平東路2段76巷19弄口,0,0,2,1,F02,8,7,5,25,4,1,1,5,4,5,13,4,4,4,3,5,1,17,2,44,2,9,4,1,7,5,8,20,1,15,,108,,1,22,121.5395149,25.0233047
113,11,15,8,1,2,04大安區,大安區和平東路2段76巷30弄與和平東路2段76巷19弄口,0,0,2,2,F01,8,7,5,25,4,1,1,5,4,5,13,4,4,4,3,5,1,17,1,50,2,9,4,4,7,6,8,20,1,15,,44,,1,22,121.5395149,25.0233047
113,11,15,8,5,2,06松山區,松山區民生東路5段163-1號,0,0,1,1,B03,8,5,5,50,14,9,1,5,4,5,13,4,4,1,3,1,2,12,1,46,3,10,3,4,7,6,1,4,1,2,,9,,1,21,121.5631965,25.0596489
113,11,15,8,5,2,06松山區,松山區民生東路5段163-1號,0,0,1,2,C03,8,5,5,50,14,9,1,5,4,5,13,4,4,1,3,1,2,12,1,19,2,9,5,4,7,9,3,18,1,14,,44,,1,25,121.5631965,25.0596489
113,11,15,8,5,2,06松山區,松山區民生東路5段163-1號,0,0,1,3,E03,8,5,5,50,14,9,1,5,4,5,13,4,4,1,3,1,2,12,2,29,3,10,3,4,7,13,1,8,11,2,,44,,1,21,121.5631965,25.0596489
113,11,15,8,14,2,08士林區,士林區中正路628號,0,0,1,1,B03,8,6,5,50,14,9,1,5,4,5,13,4,4,9,4,5,1,12,1,25,3,10,7,1,7,8,1,8,1,2,,100,,1,21,121.5083737,25.0866189
113,11,15,8,14,2,08士林區,士林區中正路628號,0,0,1,2,C03,8,6,5,50,14,9,1,5,4,5,13,4,4,9,4,5,1,12,1,54,2,9,5,1,7,9,1,9,1,14,,44,,1,21,121.5083737,25.0866189
113,11,15,8,24,2,05中正區,中正區忠孝東路1段與紹興南街口,0,0,1,1,B03,8,7,5,50,4,1,1,5,4,5,13,1,1,1,3,1,2,13,1,26,3,10,7,1,7,9,1,8,1,1,,16,,1,21,121.5250094,25.04432459
113,11,15,8,24,2,05中正區,中正區忠孝東路1段與紹興南街口,0,0,1,2,C03,8,7,5,50,4,1,1,5,4,5,13,1,1,1,3,1,2,13,1,37,2,9,6,1,7,12,1,10,1,13,,44,,1,21,121.5250094,25.04432459
113,11,15,8,28,2,08士林區,士林區中山北路7段與天母西路口,0,0,2,1,F03,8,5,5,50,4,1,1,5,4,5,13,2,1,1,5,5,1,17,1,80,3,10,2,4,7,9,8,20,1,14,,85,,1,21,121.5300441,25.1183311
113,11,15,8,28,2,08士林區,士林區中山北路7段與天母西路口,0,0,2,2,C03,8,5,5,50,4,1,1,5,4,5,13,2,1,1,5,5,1,17,1,33,2,9,5,1,7,9,1,10,1,13,,16,,1,21,121.5300441,25.1183311
113,11,15,8,28,2,08士林區,士林區中山北路7段與天母西路口,0,0,2,3,C03,8,5,5,50,4,1,1,5,4,5,13,2,1,1,5,5,1,17,1,23,2,9,5,1,7,9,1,10,1,11,,44,,1,21,121.5300441,25.1183311
113,11,15,8,47,2,02萬華區,萬華區西園路1段與西園路1段136巷口,0,0,1,1,A11,7,5,5,50,4,1,1,5,4,5,13,4,4,5,4,5,2,17,1,55,3,10,7,4,7,11,1,7,1,1,,10,,1,21,121.4995874,25.0378738
113,11,15,8,47,2,02萬華區,萬華區西園路1段與西園路1段136巷口,0,0,1,2,C03,7,5,5,50,4,1,1,5,4,5,13,4,4,5,4,5,2,17,2,23,2,9,6,4,7,9,1,10,1,14,,44,,1,21,121.4995874,25.0378738
113,11,15,8,48,2,04大安區,大安區基隆路3段與辛亥路3段口,0,0,1,1,C03,8,6,5,50,5,1,1,5,4,5,13,1,1,1,4,5,2,13,1,53,2,3,6,4,7,9,1,9,1,11,,16,,1,21,121.5464509,25.0188405
113,11,15,8,48,2,04大安區,大安區基隆路3段與辛亥路3段口,0,0,1,2,C03,8,6,5,50,5,1,1,5,4,5,13,1,1,1,4,5,2,13,1,21,3,10,6,4,7,9,1,10,1,13,,16,,1,21,121.5464509,25.0188405
113,11,15,8,48,2,04大安區,大安區基隆路3段與辛亥路3段口,0,0,1,3,C03,8,6,5,50,5,1,1,5,4,5,13,1,1,1,4,5,2,13,1,55,3,10,6,4,7,9,6,10,1,13,,44,,1,21,121.5464509,25.0188405
113,11,15,8,58,2,07信義區,信義區市民大道5段與基隆路1段口,0,0,1,1,C03,7,5,5,50,5,2,1,5,4,5,13,1,1,5,5,5,2,29,1,60,2,9,5,1,7,9,1,10,1,14,,42,,1,21,121.5691276,25.0490297
113,11,15,8,58,2,07信義區,信義區市民大道5段與基隆路1段口,0,0,1,2,,7,5,5,50,5,2,1,5,4,5,13,1,1,5,5,5,2,29,3,,,,,,,,,,,,,67,,1,,121.5691276,25.0490297
113,11,15,9,1,2,03中山區,中山區濱江街與大直橋口,0,0,2,1,C03,8,6,5,40,4,1,1,5,4,5,13,1,1,1,4,5,2,13,2,49,2,9,6,4,7,9,1,10,1,13,,107,,1,21,121.5442226,25.07238334
113,11,15,9,1,2,03中山區,中山區濱江街與大直橋口,0,0,2,2,C03,8,6,5,40,4,1,1,5,4,5,13,1,1,1,4,5,2,13,1,23,2,9,6,4,7,9,1,10,1,11,,107,,1,21,121.5442226,25.07238334
113,11,15,9,30,2,12內湖區,內湖區民權東路6段與成功路2段口,0,0,1,1,B03,8,5,5,50,4,2,1,5,4,5,13,1,1,1,5,5,2,17,1,35,2,8,7,1,7,5,1,8,1,5,,44,,1,21,121.5907388,25.0689646
113,11,15,9,30,2,12內湖區,內湖區民權東路6段與成功路2段口,0,0,1,2,B02,8,5,5,50,4,2,1,5,4,5,13,1,1,1,5,5,2,17,2,50,3,10,7,1,7,5,1,8,1,7,,8,,1,21,121.5907388,25.0689646
113,11,15,9,38,2,02萬華區,萬華區雙和街31巷24號,0,0,1,1,C03,8,6,5,30,14,9,1,5,4,5,13,4,4,10,5,5,1,12,1,58,4,11,3,4,7,9,1,10,11,12,,107,,1,21,121.5020322,25.0272451
113,11,15,9,38,2,02萬華區,萬華區雙和街31巷24號,0,0,1,2,F01,8,6,5,30,14,9,1,5,4,5,13,4,4,10,5,5,1,12,1,89,2,9,4,1,7,9,8,20,1,14,,5,,1,21,121.5020322,25.0272451
113,11,15,9,40,2,08士林區,士林區福志路與雨農路口,0,0,1,1,B03,8,6,5,40,14,9,1,5,4,5,13,4,4,9,5,5,1,17,1,42,3,10,7,1,7,11,1,8,1,4,,10,,1,21,121.5319743,25.098393
113,11,15,9,40,2,08士林區,士林區福志路與雨農路口,0,0,1,2,C03,8,6,5,40,14,9,1,5,4,5,13,4,4,9,5,5,1,17,1,63,2,7,5,1,7,9,1,10,1,11,,108,,1,21,121.5319743,25.098393
113,11,15,9,48,2,10文山區,文山區老泉街26巷(南往北0700986燈桿旁）,0,0,1,1,B03,8,6,5,30,14,9,1,5,4,3,10,4,4,10,5,5,1,10,1,67,3,10,7,1,7,9,6,18,2,8,,44,,1,21,121.5688004,24.9693091
113,11,15,9,48,2,10文山區,文山區老泉街26巷(南往北0700986燈桿旁）,0,0,1,2,C03,8,6,5,30,14,9,1,5,4,3,10,4,4,10,5,5,1,10,1,38,2,9,5,1,7,9,1,10,2,11,,13,,1,21,121.5688004,24.9693091
113,11,15,9,48,2,10文山區,文山區老泉街26巷(南往北0700986燈桿旁）,0,0,1,3,B12,8,6,5,30,14,9,1,5,4,3,10,4,4,10,5,5,1,10,1,47,3,10,3,4,7,13,1,8,9,17,,38,,1,21,121.5688004,24.9693091
113,11,15,9,49,2,03中山區,中山區長春路與長春路61巷口,0,0,1,1,B12,7,7,5,30,3,1,1,5,4,5,13,4,4,10,5,5,2,17,1,65,3,10,7,4,7,9,1,7,11,17,,72,,2,22,121.5263376,25.0549315
113,11,15,9,49,2,03中山區,中山區長春路與長春路61巷口,0,0,1,2,C03,7,7,5,30,3,1,1,5,4,5,13,4,4,10,5,5,2,17,1,33,2,9,5,1,7,9,1,10,1,12,,44,,1,22,121.5263376,25.0549315
113,11,15,9,51,2,03中山區,中山區內湖路1段32巷與內湖路1段口,0,0,1,1,C03,8,6,5,50,5,2,1,5,4,5,13,4,4,10,3,5,1,17,2,47,3,10,5,1,7,6,1,10,1,14,,74,,1,21,121.5595288,25.08478822
113,11,15,9,51,2,03中山區,中山區內湖路1段32巷與內湖路1段口,0,0,1,2,C03,8,6,5,50,5,2,1,5,4,5,13,4,4,10,3,5,1,17,1,47,2,9,5,1,7,9,1,10,1,11,,44,,1,21,121.5595288,25.08478822
113,11,15,10,7,2,04大安區,大安區和平東路2段與建國南路2段口,0,0,1,1,C03,8,6,5,50,5,1,1,5,4,5,13,2,1,1,4,5,2,17,2,31,2,9,5,1,7,7,1,10,2,15,,101,,1,21,121.5378484,25.02561654
113,11,15,10,7,2,04大安區,大安區和平東路2段與建國南路2段口,0,0,1,2,B03,8,6,5,50,5,1,1,5,4,5,13,2,1,1,4,5,2,17,1,47,3,10,7,1,7,9,1,8,2,2,,44,,1,21,121.5378484,25.02561654
113,11,15,10,7,2,04大安區,大安區和平東路2段與建國南路2段口,0,0,1,3,C03,8,6,5,50,5,1,1,5,4,5,13,2,1,1,4,5,2,17,1,26,3,10,6,1,7,9,1,10,2,13,,44,,1,21,121.5378484,25.02561654
113,11,15,10,28,2,08士林區,士林區中山北路6段與中山北路6段12巷口,0,0,1,2,H01,8,6,5,30,14,9,1,5,4,5,13,4,4,10,5,5,1,2,1,19,2,7,4,5,8,16,8,20,10,16,,67,,1,21,121.5266217,25.10377575
113,11,15,10,28,2,08士林區,士林區中山北路6段與中山北路6段12巷口,0,0,1,1,B03,8,6,5,30,14,9,1,5,4,5,13,4,4,10,5,5,1,2,2,87,4,11,3,4,7,15,7,19,11,15,,119,,2,21,121.5266217,25.10377575
113,11,15,10,30,2,07信義區,信義區莊敬路與吳興街345巷口,0,0,1,1,B03,8,6,5,30,4,2,1,5,4,5,13,1,1,5,5,4,2,2,1,69,3,10,3,4,7,5,1,4,1,8,,70,,1,22,121.5636315,25.02698544
113,11,15,10,30,2,07信義區,信義區莊敬路與吳興街345巷口,0,0,1,2,H01,8,6,5,30,4,2,1,5,4,5,13,1,1,5,5,4,2,2,2,65,2,9,4,5,8,16,8,20,1,16,,67,,1,22,121.5636315,25.02698544
113,11,15,10,43,2,02萬華區,萬華區成都路與昆明街口,0,0,1,1,A02,8,6,5,50,4,2,1,5,4,5,13,2,1,9,4,5,2,17,1,61,3,10,7,1,7,12,1,2,9,17,,16,,1,21,121.5050991,25.0429542
113,11,15,10,43,2,02萬華區,萬華區成都路與昆明街口,0,0,1,3,B02,8,6,5,50,4,2,1,5,4,5,13,2,1,9,4,5,2,17,1,43,3,10,7,1,7,15,3,18,9,17,,44,,1,21,121.5050991,25.0429542
113,11,15,10,43,2,02萬華區,萬華區成都路與昆明街口,0,0,1,2,H02,8,6,5,50,4,2,1,5,4,5,13,2,1,9,4,5,2,17,2,65,2,9,4,5,7,20,8,20,10,16,,67,,1,21,121.5050991,25.0429542
113,11,15,11,3,2,08士林區,士林區德行東路與芝玉路1段口,0,0,1,1,H01,7,7,5,50,3,2,1,5,4,5,13,4,4,9,4,5,1,2,1,65,2,7,4,5,8,20,8,20,10,16,,53,,1,21,121.5339477,25.1096567
113,11,15,11,3,2,08士林區,士林區德行東路與芝玉路1段口,0,0,1,2,B03,7,7,5,50,3,2,1,5,4,5,13,4,4,9,4,5,1,2,1,55,3,10,3,4,7,9,1,8,1,2,,108,,1,21,121.5339477,25.1096567
113,11,15,11,10,2,02萬華區,萬華區西園路2段與東園街口,0,0,2,1,C03,8,6,5,50,3,1,1,5,4,5,13,2,1,1,5,5,2,15,1,69,3,10,5,1,7,9,6,10,1,11,,81,,1,21,121.4952522,25.0282966
113,11,15,11,10,2,02萬華區,萬華區西園路2段與東園街口,0,0,2,2,C03,8,6,5,50,3,1,1,5,4,5,13,2,1,1,5,5,2,15,1,35,2,9,6,1,7,9,1,9,1,11,,44,,1,26,121.4952522,25.0282966
113,11,15,11,10,2,02萬華區,萬華區西園路2段與東園街口,0,0,2,4,H02,8,6,5,50,3,1,1,5,4,5,13,2,1,1,5,5,2,15,2,46,2,9,6,5,7,20,8,20,10,16,,67,,1,26,121.4952522,25.0282966
113,11,15,11,10,2,02萬華區,萬華區西園路2段與東園街口,0,0,2,3,C03,8,6,5,50,3,1,1,5,4,5,13,2,1,1,5,5,2,15,1,40,3,10,5,1,7,9,1,10,1,11,,44,,1,26,121.4952522,25.0282966
113,11,15,11,11,2,04大安區,大安區忠孝東路4段223巷與忠孝東路4段205巷7弄口,0,0,1,1,C03,8,6,5,30,4,1,1,5,4,5,13,4,4,10,5,5,2,15,2,28,2,9,5,4,7,9,1,10,1,11,,72,,1,21,121.5530179,25.0420706
113,11,15,11,11,2,04大安區,大安區忠孝東路4段223巷與忠孝東路4段205巷7弄口,0,0,1,2,B01,8,6,5,30,4,1,1,5,4,5,13,4,4,10,5,5,2,15,1,50,3,10,3,4,7,9,1,4,1,1,,14,,1,21,121.5530179,25.0420706
113,11,15,11,25,2,10文山區,文山區木新路3段74巷與興隆路4段179巷口,0,0,1,1,B12,7,6,5,30,4,1,1,5,4,5,13,4,4,10,5,5,2,1,1,72,3,10,7,1,7,9,1,8,2,8,,118,,1,21,121.5630065,24.9837282
113,11,15,11,25,2,10文山區,文山區木新路3段74巷與興隆路4段179巷口,0,0,1,2,H04,7,6,5,30,4,1,1,5,4,5,13,4,4,10,5,5,2,1,2,66,2,9,4,5,8,16,8,20,1,16,,67,,1,21,121.5630065,24.9837282
113,11,15,11,40,2,03中山區,中山區民權東路2段71巷7號,0,0,1,1,B03,8,7,5,50,14,9,1,5,4,5,13,4,4,9,5,5,2,16,1,65,3,10,7,1,7,11,1,8,1,8,,10,,1,21,121.5316717,25.063152
113,11,15,11,40,2,03中山區,中山區民權東路2段71巷7號,0,0,1,2,C03,8,7,5,50,14,9,1,5,4,5,13,4,4,9,5,5,2,16,1,23,2,8,6,1,7,9,1,10,1,12,,44,,1,21,121.5316717,25.063152
113,11,15,12,3,2,04大安區,大安區信義路3段與建國南路2段口,0,0,1,1,B13,8,6,5,50,4,2,1,5,4,5,13,2,1,1,4,5,2,17,1,46,4,11,3,4,7,21,7,19,11,15,,17,,2,22,121.5382494,25.03343818
113,11,15,12,3,2,04大安區,大安區信義路3段與建國南路2段口,0,0,1,2,B02,8,6,5,50,4,2,1,5,4,5,13,2,1,1,4,5,2,17,1,25,2,7,7,1,7,9,1,8,2,2,,17,,1,27,121.5382494,25.03343818
113,11,15,12,20,2,09北投區,北投區大度路3段與關渡路口,0,0,1,1,B03,8,7,5,50,3,1,1,5,4,5,13,2,1,3,4,5,2,16,1,57,3,10,3,4,7,6,1,8,1,5,,9,,1,22,121.4695115,25.1228918
113,11,15,12,20,2,09北投區,北投區大度路3段與關渡路口,0,0,1,2,C03,8,7,5,50,3,1,1,5,4,5,13,2,1,3,4,5,2,16,2,19,2,9,3,4,7,9,1,10,1,14,,44,,1,26,121.4695115,25.1228918
113,11,15,12,40,2,09北投區,北投區承德路6段與軟橋街口,0,0,1,1,B03,7,6,5,60,4,1,1,5,4,5,13,2,1,1,4,4,2,13,1,34,3,10,7,1,7,8,1,8,1,6,,100,,1,21,121.513082,25.0987254
113,11,15,12,40,2,09北投區,北投區承德路6段與軟橋街口,0,0,1,2,C03,7,6,5,60,4,1,1,5,4,5,13,2,1,1,4,4,2,13,1,19,2,9,5,1,7,4,1,10,1,11,,13,,1,21,121.513082,25.0987254
113,11,15,12,43,2,12內湖區,內湖區舊宗路1段86號,0,0,1,1,C04,7,6,5,50,22,9,1,5,4,4,13,4,4,1,4,5,1,12,1,25,2,9,5,1,7,10,1,10,1,14,,17,,1,26,121.5798082,25.0593169
113,11,15,12,43,2,12內湖區,內湖區舊宗路1段86號,0,0,1,2,B03,7,6,5,50,22,9,1,5,4,4,13,4,4,1,4,5,1,12,1,23,3,10,7,1,7,9,1,8,1,2,,17,,1,21,121.5798082,25.0593169
113,11,15,12,52,2,01大同區,大同區延平北路3段與酒泉街口,0,0,1,1,B13,8,5,5,50,4,2,1,5,4,5,13,2,1,5,4,4,2,17,1,21,3,10,3,4,7,6,1,8,2,2,,9,,1,21,121.5109925,25.0720722
113,11,15,12,52,2,01大同區,大同區延平北路3段與酒泉街口,0,0,1,2,C03,8,5,5,50,4,2,1,5,4,5,13,2,1,5,4,4,2,17,2,30,2,9,3,4,7,9,1,10,2,14,,44,,1,21,121.5109925,25.0720722
113,11,15,12,55,2,10文山區,文山區木柵路1段與木柵路1段378巷口,0,0,1,1,C03,8,7,5,30,3,1,1,5,4,5,10,4,4,10,5,5,2,16,1,21,3,10,5,1,7,5,1,10,1,11,,72,,1,21,121.5566383,24.98844954
113,11,15,12,55,2,10文山區,文山區木柵路1段與木柵路1段378巷口,0,0,1,2,C03,8,7,5,30,3,1,1,5,4,5,10,4,4,10,5,5,2,16,2,63,2,7,5,1,7,9,1,10,1,12,,44,,1,21,121.5566383,24.98844954
113,11,15,12,55,2,10文山區,文山區木柵路1段與木柵路1段378巷口,0,0,1,3,B03,8,7,5,30,3,1,1,5,4,5,10,4,4,10,5,5,2,16,3,0,,,,,,,,,11,,,67,,1,,121.5566383,24.98844954
113,11,15,13,0,2,09北投區,北投區稻香路燈桿1204221旁,0,0,1,1,C03,8,7,5,50,14,9,1,5,4,5,13,4,4,5,5,5,2,18,1,25,2,9,5,1,7,9,1,9,9,11,,108,,1,21,121.4822044,25.14632605
113,11,15,13,0,2,09北投區,北投區稻香路燈桿1204221旁,0,0,1,2,,8,7,5,50,14,9,1,5,4,5,13,4,4,5,5,5,2,18,3,,,,,,,,,,10,,,,,,,121.4822044,25.14632605
113,11,15,13,23,2,05中正區,中正區懷寧街與寶慶路口,0,0,2,2,C03,8,6,5,50,3,2,1,5,4,5,13,4,4,10,5,5,2,13,1,36,2,8,5,1,7,9,1,10,2,13,,44,,1,22,121.5139676,25.0407397
113,11,15,13,23,2,05中正區,中正區懷寧街與寶慶路口,0,0,2,1,C03,8,6,5,50,3,2,1,5,4,5,13,4,4,10,5,5,2,13,1,28,2,8,5,1,7,9,1,10,2,11,,16,,1,22,121.5139676,25.0407397
113,11,15,13,43,2,10文山區,文山區木柵路4段與木柵路4段149巷口,0,0,1,1,C03,7,6,4,50,3,1,1,5,4,5,13,4,4,10,5,5,2,16,1,20,2,9,6,1,7,5,1,10,2,12,,72,,1,21,121.575464,24.9993061
113,11,15,13,43,2,10文山區,文山區木柵路4段與木柵路4段149巷口,0,0,1,2,B03,7,6,4,50,3,1,1,5,4,5,13,4,4,10,5,5,2,16,1,44,3,10,7,1,7,9,1,8,2,4,,13,,1,21,121.575464,24.9993061
113,11,15,13,47,2,06松山區,松山區光復北路與南京東路4段口,0,0,1,1,B03,8,7,5,50,4,1,1,5,4,5,13,1,1,9,4,5,2,13,2,44,3,10,7,1,7,9,1,8,1,5,,108,,1,22,121.5575305,25.0515326
113,11,15,13,47,2,06松山區,松山區光復北路與南京東路4段口,0,0,1,2,C03,8,7,5,50,4,1,1,5,4,5,13,1,1,9,4,5,2,13,2,28,2,9,5,1,7,5,1,10,1,14,,8,,1,22,121.5575305,25.0515326
113,11,15,13,48,1,05中正區,中正區水源快速道路(師大路匝道往新店方向),1,0,0,1,A11,8,6,5,60,3,2,1,5,4,5,13,4,4,10,5,5,1,20,1,47,1,9,3,4,7,6,1,1,9,4,,42,,1,21,121.5227406,25.0200192
113,11,15,13,48,1,05中正區,中正區水源快速道路(師大路匝道往新店方向),1,0,0,2,,8,6,5,60,3,2,1,5,4,5,13,4,4,10,5,5,1,20,3,0,,,,,,,,,,,,67,,1,,121.5227406,25.0200192
113,11,15,13,48,1,05中正區,中正區水源快速道路(師大路匝道往新店方向),1,0,0,3,B03,8,6,5,60,3,2,1,5,4,5,13,4,4,10,5,5,1,20,1,49,3,10,7,1,7,9,1,8,2,9,,44,,1,21,121.5227406,25.0200192
113,11,15,13,48,1,05中正區,中正區水源快速道路(師大路匝道往新店方向),1,0,0,4,B03,8,6,5,60,3,2,1,5,4,5,13,4,4,10,5,5,1,20,2,48,3,10,7,1,7,14,1,8,2,9,,44,,1,21,121.5227406,25.0200192
113,11,15,13,48,1,05中正區,中正區水源快速道路(師大路匝道往新店方向),1,0,0,5,B03,8,6,5,60,3,2,1,5,4,5,13,4,4,10,5,5,1,20,2,75,3,10,7,1,7,9,1,8,2,7,,44,,1,21,121.5227406,25.0200192
113,11,15,14,2,2,04大安區,大安區忠孝東路3段276巷12號,0,0,1,1,C03,8,5,5,50,14,9,1,5,4,5,13,4,4,4,3,5,2,12,2,69,2,9,6,1,7,9,1,10,1,14,,101,,1,21,121.5424547,25.0408059
113,11,15,14,2,2,04大安區,大安區忠孝東路3段276巷12號,0,0,1,2,B03,8,5,5,50,14,9,1,5,4,5,13,4,4,4,3,5,2,12,1,34,3,10,7,1,7,9,1,8,1,8,,44,,1,21,121.5424547,25.0408059
113,11,15,14,8,2,01大同區,大同區西寧北路與鄭州路口,0,0,2,1,B03,8,5,5,40,14,9,1,5,4,5,13,2,1,9,4,5,1,16,1,39,3,10,3,4,7,5,1,8,1,5,,99,,1,21,121.508128,25.0505709
113,11,15,14,8,2,01大同區,大同區西寧北路與鄭州路口,0,0,2,2,C03,8,5,5,40,14,9,1,5,4,5,13,2,1,9,4,5,1,16,1,71,2,9,3,4,7,5,1,10,1,14,,44,,1,21,121.508128,25.0505709
113,11,15,14,8,2,01大同區,大同區西寧北路與鄭州路口,0,0,2,3,H02,8,5,5,40,14,9,1,5,4,5,13,2,1,9,4,5,1,16,2,68,2,9,3,5,7,20,8,20,10,16,,67,,1,21,121.508128,25.0505709
113,11,15,14,8,2,05中正區,中正區中山南路與凱達格蘭大道口,0,0,2,1,B03,8,6,5,50,5,1,1,5,4,5,13,2,1,5,4,5,2,15,1,58,2,8,7,1,7,9,1,8,2,1,,81,,1,22,121.5176294,25.03922558
113,11,15,14,8,2,05中正區,中正區中山南路與凱達格蘭大道口,0,0,2,2,B03,8,6,5,50,5,1,1,5,4,5,13,2,1,5,4,5,2,15,2,55,2,3,7,1,7,9,1,8,2,4,,44,,1,22,121.5176294,25.03922558
113,11,15,14,10,2,09北投區,北投區大度路農禪寺出入口,0,0,2,1,C03,7,6,5,50,14,12,1,5,4,5,13,4,4,1,4,1,1,13,2,20,2,8,5,1,7,9,1,9,1,11,,16,,1,21,121.495871,25.1215565
113,11,15,14,10,2,09北投區,北投區大度路農禪寺出入口,0,0,2,2,C03,7,6,5,50,14,12,1,5,4,5,13,4,4,1,4,1,1,13,1,22,2,9,5,1,7,9,1,10,1,13,,44,,1,21,121.495871,25.1215565
113,11,15,14,35,2,09北投區,北投區天母西路與磺溪便道口,0,0,2,1,C03,8,6,5,50,4,1,1,5,4,5,13,4,4,5,5,5,2,16,1,28,2,7,6,1,7,6,1,9,1,12,,74,,1,26,121.523741,25.1186942
113,11,15,14,35,2,09北投區,北投區天母西路與磺溪便道口,0,0,2,2,C03,8,6,5,50,4,1,1,5,4,5,13,4,4,5,5,5,2,16,1,56,3,10,6,1,7,9,6,10,1,14,,44,,1,26,121.523741,25.1186942
113,11,15,14,35,2,09北投區,北投區天母西路與磺溪便道口,0,0,2,3,H02,8,6,5,50,4,1,1,5,4,5,13,4,4,5,5,5,2,16,2,27,2,4,6,5,7,20,8,20,10,16,,67,,1,26,121.523741,25.1186942
113,11,15,14,36,2,03中山區,中山區濱江街高公閘道,0,0,1,1,A02,8,7,5,50,14,9,1,5,4,5,13,4,4,1,5,5,2,17,1,50,3,10,7,1,7,9,1,2,2,15,,17,,1,22,121.5420654,25.0725105
113,11,15,14,36,2,03中山區,中山區濱江街高公閘道,0,0,1,2,B12,8,7,5,50,14,9,1,5,4,5,13,4,4,1,5,5,2,17,1,35,3,10,7,1,7,9,1,8,2,15,,17,,1,22,121.5420654,25.0725105
113,11,15,14,36,2,03中山區,中山區濱江街高公閘道,0,0,1,3,H02,8,7,5,50,14,9,1,5,4,5,13,4,4,1,5,5,2,17,2,74,2,9,4,5,7,17,8,20,10,16,,58,,1,22,121.5420654,25.0725105
113,11,15,14,58,2,05中正區,中正區和平西路1段與重慶南路3段口,0,0,1,1,A02,8,7,5,50,5,1,1,5,4,5,13,1,1,1,4,5,2,9,1,66,3,10,7,4,7,9,1,2,2,17,,44,,1,21,121.5156244,25.0274506
113,11,15,14,58,2,05中正區,中正區和平西路1段與重慶南路3段口,0,0,1,2,H02,8,7,5,50,5,1,1,5,4,5,13,1,1,1,4,5,2,9,2,76,2,9,4,5,7,20,8,20,10,17,,67,,1,21,121.5156244,25.0274506
113,11,15,15,0,2,01大同區,大同區鄭州路與太原路口,0,0,1,1,C03,8,5,5,40,3,2,1,5,4,5,13,4,4,1,4,1,2,13,1,17,2,8,5,1,7,8,2,18,2,13,,100,,1,22,121.5146229,25.0492178
113,11,15,15,0,2,01大同區,大同區鄭州路與太原路口,0,0,1,2,B03,8,5,5,40,3,2,1,5,4,5,13,4,4,1,4,1,2,13,1,44,3,10,7,1,7,1,1,8,2,8,,44,,1,22,121.5146229,25.0492178
113,11,15,15,35,2,04大安區,大安區復興南路1段350號,0,0,1,1,C03,7,5,5,50,14,9,1,5,4,5,13,4,4,10,5,5,2,17,4,0,,,,,,,,,,,,119,,2,,121.5435447,25.03574424
113,11,15,15,35,2,04大安區,大安區復興南路1段350號,0,0,1,2,C03,7,5,5,50,14,9,1,5,4,5,13,4,4,10,5,5,2,17,1,49,2,9,3,4,7,15,1,10,2,14,,44,,1,21,121.5435447,25.03574424
113,11,15,15,35,2,04大安區,大安區復興南路1段350號,0,0,1,3,B03,7,5,5,50,14,9,1,5,4,5,13,4,4,10,5,5,2,17,1,52,3,10,3,4,7,9,1,8,2,5,,44,,1,21,121.5435447,25.03574424
113,11,15,15,52,2,08士林區,士林區中正路與中正路212巷口,0,0,1,1,B03,7,6,5,50,4,1,1,5,4,5,13,1,1,1,4,5,2,17,1,37,3,10,3,4,7,5,1,8,2,5,,8,,1,21,121.5263333,25.09544664
113,11,15,15,52,2,08士林區,士林區中正路與中正路212巷口,0,0,1,2,C03,7,6,5,50,4,1,1,5,4,5,13,1,1,1,4,5,2,17,1,61,2,9,3,4,7,9,1,10,2,11,,42,,1,21,121.5263333,25.09544664
113,11,15,16,6,2,04大安區,大安區忠孝東路3段237巷與忠孝東路3段217巷4弄口,0,0,1,1,B03,8,6,5,30,3,1,1,5,4,5,13,4,4,10,5,5,2,14,1,69,3,10,7,1,7,2,1,8,1,7,,12,,1,21,121.5406742,25.0427912