發生年度,發生月,發生日,發生時-Hours,發生分,處理別-編號,區序,肇事地點,死亡人數,2-30日死亡人數,受傷人數,當事人序號,車種,天候,道路照明設備,道路類別,速限-速度限制,道路型態,事故位置,路面狀況1,路面狀況2,路面狀況3,道路障礙1,道路障礙2,號誌1,號誌2,車道劃分-分向,車道劃分-分道1,車道劃分-分道2,車道劃分-分道3,事故類型及型態,性別,年齡,受傷程度,主要傷處,保護裝置,行動電話,車輛用途,當事者行動狀態,駕駛資格情形,駕駛執照種類,飲酒情形,車輛撞擊部位1,車輛撞擊部位2,肇因碼-個別,肇因碼-主要,個人肇逃否,職業,座標-X,座標-Y
113,11,15,16,6,2,04大安區,大安區忠孝東路3段237巷與忠孝東路3段217巷4弄口,0,0,1,2,C03,8,6,5,30,3,1,1,5,4,5,13,4,4,10,5,5,2,14,1,69,2,9,5,1,7,5,1,10,1,11,,44,,1,21,121.5406742,25.0427912
113,11,15,16,21,2,12內湖區,內湖區瑞光路與基湖路口,0,0,2,1,C03,8,7,5,50,3,1,1,5,4,5,13,2,1,5,4,4,2,16,2,19,2,8,5,1,7,5,1,10,1,12,,8,,1,21,121.5650452,25.0807775
113,11,15,16,21,2,12內湖區,內湖區瑞光路與基湖路口,0,0,2,2,B03,8,7,5,50,3,1,1,5,4,5,13,2,1,5,4,4,2,16,1,68,3,10,7,1,7,9,1,8,1,5,,44,,1,21,121.5650452,25.0807775
113,11,15,16,21,2,12內湖區,內湖區瑞光路與基湖路口,0,0,2,3,H02,8,7,5,50,3,1,1,5,4,5,13,2,1,5,4,4,2,16,2,19,2,9,5,5,7,20,8,20,10,16,,67,,1,21,121.5650452,25.0807775
113,11,15,16,21,2,11南港區,南港區忠孝東路6段與忠孝東路6段185巷口,0,0,1,1,B11,8,6,5,50,3,2,1,5,4,5,13,4,4,1,3,4,2,17,1,24,3,10,3,4,7,6,1,4,1,17,,9,,1,22,121.5873165,25.0489438
113,11,15,16,21,2,11南港區,南港區忠孝東路6段與忠孝東路6段185巷口,0,0,1,2,C03,8,6,5,50,3,2,1,5,4,5,13,4,4,1,3,4,2,17,2,35,2,7,3,4,7,9,1,10,1,12,,13,,1,21,121.5873165,25.0489438
113,11,15,17,2,2,08士林區,士林區延平北路5段與延平北路5段224巷口,0,0,1,1,F01,7,6,5,50,4,2,1,5,4,5,13,1,1,3,4,5,2,14,1,76,2,1,4,1,7,9,8,20,2,11,,44,,1,22,121.5100059,25.0841295
113,11,15,17,2,2,08士林區,士林區延平北路5段與延平北路5段224巷口,0,0,1,2,B01,7,6,5,50,4,2,1,5,4,5,13,1,1,3,4,5,2,14,1,61,3,10,7,1,7,2,1,4,2,7,,12,,1,22,121.5100059,25.0841295
113,11,15,17,14,2,02萬華區,萬華區國興路20號,0,0,1,1,F01,7,5,8,0,22,20,1,5,4,5,13,4,4,10,5,5,2,9,2,80,2,9,4,1,7,9,8,20,1,14,,42,,1,21,121.5085254,25.0244706
113,11,15,17,14,2,02萬華區,萬華區國興路20號,0,0,1,2,H01,7,5,8,0,22,20,1,5,4,5,13,4,4,10,5,5,2,9,1,44,3,10,4,5,8,16,8,20,9,16,,67,,1,21,121.5085254,25.0244706
113,11,15,17,14,2,11南港區,南港區東新街與南港路3段口口,0,0,1,1,C03,7,5,5,50,5,1,1,4,4,5,13,2,1,1,5,5,2,16,1,22,3,10,6,1,7,5,1,10,1,12,,96,,1,21,121.5825673,25.0516566
113,11,15,17,14,2,11南港區,南港區東新街與南港路3段口口,0,0,1,2,C03,7,5,5,50,5,1,1,4,4,5,13,2,1,1,5,5,2,16,2,50,2,7,5,1,7,6,1,10,1,14,,44,,1,21,121.5825673,25.0516566
113,11,15,17,30,2,12內湖區,內湖區金龍路與內湖路3段89巷口,0,0,2,1,C04,7,5,5,40,3,1,1,5,4,5,13,4,4,9,4,4,2,16,1,17,2,9,5,1,7,5,1,10,1,14,,103,,1,22,121.5909193,25.085546
113,11,15,17,30,2,12內湖區,內湖區金龍路與內湖路3段89巷口,0,0,2,2,C03,7,5,5,40,3,1,1,5,4,5,13,4,4,9,4,4,2,16,1,22,2,9,5,1,7,9,1,10,1,11,,44,,1,22,121.5909193,25.085546
113,11,15,17,34,2,09北投區,北投區西安街1段與西安街1段313巷口,0,0,3,1,C03,7,6,5,50,3,1,1,5,4,5,13,4,4,10,4,5,2,3,1,22,2,9,6,1,7,9,1,10,2,12,,70,,1,29,121.5162936,25.1130556
113,11,15,17,34,2,09北投區,北投區西安街1段與西安街1段313巷口,0,0,3,2,H01,7,6,5,50,3,1,1,5,4,5,13,4,4,10,4,5,2,3,2,26,2,1,4,5,8,16,8,20,10,16,,67,,1,26,121.5162936,25.1130556
113,11,15,17,34,2,09北投區,北投區西安街1段與西安街1段313巷口,0,0,3,3,H02,7,6,5,50,3,1,1,5,4,5,13,4,4,10,4,5,2,3,2,14,2,9,6,5,7,20,8,20,10,16,,67,,1,15,121.5162936,25.1130556
113,11,15,18,1,2,12內湖區,內湖區內湖路2段229號,0,0,1,1,H01,8,5,5,50,14,9,1,5,4,5,13,4,4,5,5,5,2,9,1,60,3,10,4,5,8,16,8,20,10,17,,121,,1,21,121.5891423,25.0817566
113,11,15,18,1,2,12內湖區,內湖區內湖路2段229號,0,0,1,2,C03,8,5,5,50,14,9,1,5,4,5,13,4,4,5,5,5,2,9,1,55,2,9,5,1,7,9,1,10,1,11,,107,,1,21,121.5891423,25.0817566
113,11,15,18,1,2,12內湖區,內湖區內湖路2段229號,0,0,1,3,B03,8,5,5,50,14,9,1,5,4,5,13,4,4,5,5,5,2,9,1,57,3,10,7,1,7,12,1,8,1,6,,44,,1,21,121.5891423,25.0817566
113,11,15,18,3,2,01大同區,大同區忠孝西路2段13號,0,0,1,1,B01,7,5,5,50,14,9,1,5,4,5,13,4,4,1,4,5,2,13,1,55,3,10,7,1,7,8,1,4,1,17,,100,,1,21,121.5085538,25.0485117
113,11,15,18,3,2,01大同區,大同區忠孝西路2段13號,0,0,1,2,C03,7,5,5,50,14,9,1,5,4,5,13,4,4,1,4,5,2,13,1,23,3,10,6,1,7,9,1,8,1,14,,44,,1,21,121.5085538,25.0485117
113,11,15,18,3,2,01大同區,大同區忠孝西路2段13號,0,0,1,3,C03,7,5,5,50,14,9,1,5,4,5,13,4,4,1,4,5,2,13,1,23,3,10,6,1,7,14,1,10,1,14,,44,,1,21,121.5085538,25.0485117
113,11,15,18,3,2,01大同區,大同區忠孝西路2段13號,0,0,1,4,C03,7,5,5,50,14,9,1,5,4,5,13,4,4,1,4,5,2,13,2,29,2,8,6,1,7,9,1,10,1,11,,108,,1,21,121.5085538,25.0485117
113,11,15,18,8,2,11南港區,南港區經貿二路與經貿二路88巷口,0,0,2,1,C03,8,5,5,50,3,1,1,5,4,5,13,2,1,1,3,5,2,13,1,66,2,7,3,4,7,9,1,10,1,11,,16,,1,21,121.616891,25.057427
113,11,15,18,8,2,11南港區,南港區經貿二路與經貿二路88巷口,0,0,2,2,C03,8,5,5,50,3,1,1,5,4,5,13,2,1,1,3,5,2,13,2,30,2,7,3,4,7,14,1,10,1,13,,44,,1,22,121.616891,25.057427
113,11,15,19,0,2,05中正區,中正區公園路與貴陽街1段口,0,0,1,1,F01,7,5,5,50,4,1,1,5,4,5,13,1,1,5,4,5,2,17,1,41,3,10,4,4,7,15,8,20,1,13,,8,,1,22,121.5152981,25.03875381
113,11,15,19,0,2,05中正區,中正區公園路與貴陽街1段口,0,0,1,2,C03,7,5,5,50,4,1,1,5,4,5,13,1,1,5,4,5,2,17,1,55,2,9,6,4,7,9,1,10,1,15,,108,,1,22,121.5152981,25.03875381
113,11,15,19,1,2,03中山區,中山區松江路133巷與南京東路2段115巷口口,0,0,2,1,C03,8,5,5,30,14,9,1,5,4,5,13,4,4,10,5,5,2,10,1,40,2,8,5,1,7,9,1,10,2,11,,14,,1,21,121.5336558,25.05418199
113,11,15,19,1,2,03中山區,中山區松江路133巷與南京東路2段115巷口口,0,0,2,2,C03,8,5,5,30,14,9,1,5,4,5,13,4,4,10,5,5,2,10,1,36,2,7,6,1,7,9,1,10,2,13,,14,,1,21,121.5336558,25.05418199
113,11,15,19,3,2,03中山區,中山區民權東路1段榮星花園75號停車格,0,0,1,1,B03,7,5,5,50,14,9,1,1,4,5,13,4,4,3,4,5,2,17,1,39,3,10,3,4,7,15,1,8,1,4,,44,,1,21,121.5403292,25.0624727
113,11,15,19,3,2,03中山區,中山區民權東路1段榮星花園75號停車格,0,0,1,2,C03,7,5,5,50,14,9,1,1,4,5,13,4,4,3,4,5,2,17,2,34,2,9,3,4,7,9,1,10,1,11,,44,,1,21,121.5403292,25.0624727
113,11,15,19,3,2,03中山區,中山區民權東路1段榮星花園75號停車格,0,0,1,3,B03,7,5,5,50,14,9,1,1,4,5,13,4,4,3,4,5,2,17,1,39,3,10,3,4,7,14,1,8,1,2,,44,,1,21,121.5403292,25.0624727
113,11,15,19,17,2,07信義區,信義區基隆路1段與基隆路1段102巷口,0,0,1,1,B03,7,5,5,50,3,1,1,5,4,5,13,4,4,1,4,5,2,16,1,52,3,10,7,1,7,6,1,8,2,2,,9,,1,22,121.5668271,25.0453747
113,11,15,19,17,2,07信義區,信義區基隆路1段與基隆路1段102巷口,0,0,1,2,C03,7,5,5,50,3,1,1,5,4,5,13,4,4,1,4,5,2,16,2,39,2,9,5,1,7,9,1,10,2,14,,44,,1,22,121.5668271,25.0453747
113,11,15,19,53,2,07信義區,信義區忠孝東路5段508-6號,0,0,2,1,C03,8,5,5,30,14,9,1,5,4,5,13,4,4,10,5,5,1,16,1,33,2,8,3,4,7,5,1,10,1,14,,8,,1,22,121.5785601,25.0406169
113,11,15,19,53,2,07信義區,信義區忠孝東路5段508-6號,0,0,2,2,C03,8,5,5,30,14,9,1,5,4,5,13,4,4,10,5,5,1,16,1,23,2,8,3,4,7,9,1,9,1,11,,13,,1,22,121.5785601,25.0406169
113,11,15,20,47,2,04大安區,大安區仁愛路4段與敦化南路1段口,0,0,1,1,B03,8,5,5,50,4,1,1,5,4,5,13,2,1,1,4,5,2,3,2,57,3,10,7,1,7,6,1,8,2,1,,70,,1,21,121.5477517,25.0378413
113,11,15,20,47,2,04大安區,大安區仁愛路4段與敦化南路1段口,0,0,1,2,H01,8,5,5,50,4,1,1,5,4,5,13,2,1,1,4,5,2,3,1,8,2,9,4,5,8,18,8,20,10,16,,67,,1,21,121.5477517,25.0378413
113,11,15,21,38,2,05中正區,中正區基隆路4段與羅斯福路4段口口,0,0,1,1,B03,7,5,5,50,5,1,1,5,4,5,13,1,1,1,4,4,2,16,1,35,3,10,3,4,7,5,1,8,2,8,,103,,1,29,121.5367993,25.0111695
113,11,15,21,38,2,05中正區,中正區基隆路4段與羅斯福路4段口口,0,0,1,2,C03,7,5,5,50,5,1,1,5,4,5,13,1,1,1,4,4,2,16,2,25,2,1,5,1,7,9,1,10,2,12,,44,,1,21,121.5367993,25.0111695
113,11,15,21,38,2,05中正區,中正區基隆路4段與羅斯福路4段口口,0,0,1,3,H02,7,5,5,50,5,1,1,5,4,5,13,1,1,1,4,4,2,16,2,24,4,11,6,5,7,20,8,20,10,17,,67,,1,21,121.5367993,25.0111695
113,11,15,21,40,2,03中山區,中山區松江路133巷與南京東路2段115巷口,0,0,1,1,C03,8,5,5,30,4,1,1,5,4,5,13,4,4,10,5,5,2,15,1,19,2,9,6,1,7,9,1,10,1,14,,72,,1,25,121.5336341,25.05435257
113,11,15,21,40,2,03中山區,中山區松江路133巷與南京東路2段115巷口,0,0,1,2,B03,8,5,5,30,4,1,1,5,4,5,13,4,4,10,5,5,2,15,1,32,3,10,7,1,7,9,1,8,1,1,,14,,1,21,121.5336341,25.05435257
113,11,15,21,45,2,08士林區,士林區中正路345號,0,0,2,1,C03,8,5,8,50,22,22,1,5,4,5,13,3,1,2,4,5,1,17,1,50,2,9,5,1,7,11,3,18,2,11,,11,,1,21,121.5223328,25.09444011
113,11,15,21,45,2,08士林區,士林區中正路345號,0,0,2,2,C01,8,5,8,50,22,22,1,5,4,5,13,3,1,2,4,5,1,17,1,42,2,9,5,1,7,9,1,9,2,11,,14,,1,21,121.5223328,25.09444011
113,11,15,21,45,2,08士林區,士林區中正路345號,0,0,2,3,B03,8,5,8,50,22,22,1,5,4,5,13,3,1,2,4,5,1,17,1,52,3,10,7,1,7,9,1,8,2,3,,44,,1,21,121.5223328,25.09444011
113,11,15,21,58,2,02萬華區,萬華區堤外便道(華中至大理),0,0,2,1,C03,7,5,5,40,12,9,1,5,4,5,13,4,4,10,5,5,2,17,2,20,2,9,6,1,7,9,1,10,1,11,14,108,,1,21,121.4922367,25.0199416
113,11,15,21,58,2,02萬華區,萬華區堤外便道(華中至大理),0,0,2,2,C03,7,5,5,40,12,9,1,5,4,5,13,4,4,10,5,5,2,17,1,57,2,9,6,1,7,9,1,10,1,13,12,8,,1,21,121.4922367,25.0199416
113,11,15,22,20,2,12內湖區,內湖區康寧路3段70巷與康寧路3段口,0,0,1,1,B03,7,5,5,50,4,1,1,5,4,5,13,2,1,1,4,5,2,17,1,28,3,10,7,1,7,5,1,8,1,8,,108,,1,21,121.6113278,25.0703968
113,11,15,22,20,2,12內湖區,內湖區康寧路3段70巷與康寧路3段口,0,0,1,2,C03,7,5,5,50,4,1,1,5,4,5,13,2,1,1,4,5,2,17,1,43,2,9,6,1,7,5,1,10,1,13,,44,,1,21,121.6113278,25.0703968
113,11,15,22,37,2,11南港區,南港區南港路1段與經貿一路口,0,0,2,2,C04,7,5,5,50,3,1,1,5,4,5,13,4,4,5,4,5,2,13,2,58,2,9,5,1,7,9,1,8,1,13,,44,,1,21,121.6192626,25.0546796
113,11,15,22,37,2,11南港區,南港區南港路1段與經貿一路口,0,0,2,1,C03,7,5,5,50,3,1,1,5,4,5,13,4,4,5,4,5,2,13,1,40,2,9,5,1,7,8,1,10,1,11,,100,,1,21,121.6192626,25.0546796
113,11,15,23,10,2,09北投區,北投區承德路7段與實踐街口,0,0,1,1,B03,7,5,5,60,14,9,1,5,4,5,13,1,1,1,4,4,2,12,1,30,3,10,7,1,7,6,1,8,1,8,,9,,1,21,121.5070969,25.1145599
113,11,15,23,10,2,09北投區,北投區承德路7段與實踐街口,0,0,1,2,C03,7,5,5,60,14,9,1,5,4,5,13,1,1,1,4,4,2,12,1,22,2,9,5,1,7,9,1,10,1,12,,8,,1,21,121.5070969,25.1145599
113,11,15,23,24,2,05中正區,中正區凱達格蘭大道近中山南路口往西方向,0,0,1,1,C03,7,5,5,50,14,9,1,5,4,5,13,4,4,5,4,5,2,16,2,51,2,9,6,1,7,7,1,10,2,13,,100,,1,22,121.5164693,25.0394525
113,11,15,23,24,2,05中正區,中正區凱達格蘭大道近中山南路口往西方向,0,0,1,2,B01,7,5,5,50,14,9,1,5,4,5,13,4,4,5,4,5,2,16,1,55,3,10,7,1,7,9,1,4,2,5,,44,,1,22,121.5164693,25.0394525
113,11,15,23,50,2,05中正區,中正區愛國西路與延平南路1段口,0,0,1,1,B03,7,5,5,50,4,1,1,5,4,5,13,1,1,1,4,5,2,17,1,51,3,10,7,4,7,6,1,8,2,15,,9,,1,22,121.5082589,25.03699381
113,11,15,23,50,2,05中正區,中正區愛國西路與延平南路1段口,0,0,1,2,C03,7,5,5,50,4,1,1,5,4,5,13,1,1,1,4,5,2,17,1,19,2,9,6,4,7,15,1,10,2,12,,42,,1,22,121.5082589,25.03699381
113,11,15,23,58,2,01大同區,大同區民權西路與蘭州街口口,0,0,1,1,C03,8,5,5,50,4,1,1,5,4,5,13,2,1,10,5,5,2,13,1,21,3,10,5,1,7,5,6,18,1,13,,8,,1,21,121.5146832,25.0629131
113,11,15,23,58,2,01大同區,大同區民權西路與蘭州街口口,0,0,1,2,C03,8,5,5,50,4,1,1,5,4,5,13,2,1,10,5,5,2,13,1,21,2,9,6,1,7,9,1,10,1,11,,44,,1,21,121.5146832,25.0629131
113,11,16,0,6,2,04大安區,大安區延吉街133號,0,0,1,1,C03,7,5,5,50,14,9,1,5,4,5,13,4,4,5,5,5,2,13,1,46,2,8,5,1,7,12,1,10,1,11,,108,,1,21,121.5542282,25.04246816
113,11,16,0,6,2,04大安區,大安區延吉街133號,0,0,1,2,B03,7,5,5,50,14,9,1,5,4,5,13,4,4,5,5,5,2,13,2,32,3,10,7,1,7,1,1,8,1,3,,44,,1,21,121.5542282,25.04246816
113,11,16,0,15,2,06松山區,松山區塔悠路與南京東路5段口,0,0,1,1,B03,7,5,5,50,5,1,1,4,4,5,13,2,1,1,5,5,2,12,1,27,3,10,3,4,7,9,3,18,2,2,,17,,1,21,121.5704531,25.0513233
113,11,16,0,15,2,06松山區,松山區塔悠路與南京東路5段口,0,0,1,2,C03,7,5,5,50,5,1,1,4,4,5,13,2,1,1,5,5,2,12,1,47,2,9,6,4,7,9,1,10,2,14,,17,,1,21,121.5704531,25.0513233
113,11,16,0,57,2,12內湖區,內湖區康樂街85巷與康樂街61巷口,0,0,2,1,B01,8,5,5,30,4,1,1,5,4,5,13,4,4,10,5,5,2,15,1,41,2,2,7,1,7,9,1,4,2,2,,75,,1,21,121.6195084,25.0695623
113,11,16,0,57,2,12內湖區,內湖區康樂街85巷與康樂街61巷口,0,0,2,2,C03,8,5,5,30,4,1,1,5,4,5,13,4,4,10,5,5,2,15,2,68,2,9,5,1,7,9,1,10,1,11,,80,,1,21,121.6195084,25.0695623
113,11,16,7,31,2,03中山區,中山區民權東路1段與新生北路2段口,0,0,3,1,C03,8,7,5,50,4,1,1,5,4,5,13,1,1,5,4,5,2,13,1,68,2,9,5,1,7,9,1,10,1,11,,16,,1,22,121.5277522,25.0625306
113,11,16,7,31,2,03中山區,中山區民權東路1段與新生北路2段口,0,0,3,2,C03,8,7,5,50,4,1,1,5,4,5,13,1,1,5,4,5,2,13,2,72,2,9,5,1,7,9,1,10,1,13,,44,,1,22,121.5277522,25.0625306
113,11,16,7,31,2,03中山區,中山區民權東路1段與新生北路2段口,0,0,3,3,C03,8,7,5,50,4,1,1,5,4,5,13,1,1,5,4,5,2,13,2,29,2,9,5,1,7,9,1,10,1,11,,16,,1,22,121.5277522,25.0625306
113,11,16,8,10,2,06松山區,松山區民權東路3段184巷1號,0,0,1,1,C03,7,6,5,30,14,9,1,5,4,5,13,4,4,7,5,5,2,17,1,36,2,9,6,1,7,7,1,10,1,14,,99,,1,21,121.5496509,25.06113228
113,11,16,8,10,2,06松山區,松山區民權東路3段184巷1號,0,0,1,2,B01,7,6,5,30,14,9,1,5,4,5,13,4,4,7,5,5,2,17,1,44,3,10,7,1,7,9,1,4,1,1,,44,,1,21,121.5496509,25.06113228
113,11,16,8,52,2,06松山區,松山區敦化北路244巷與敦化北路244巷6弄口,0,0,1,1,B03,6,6,5,30,4,1,1,4,4,5,13,4,4,10,5,5,2,15,1,51,3,10,7,4,7,9,1,8,1,1,,80,,1,21,121.5494218,25.0606475
113,11,16,8,52,2,06松山區,松山區敦化北路244巷與敦化北路244巷6弄口,0,0,1,2,C03,6,6,5,30,4,1,1,4,4,5,13,4,4,10,5,5,2,15,2,43,2,9,5,4,7,9,1,10,1,14,,14,,1,21,121.5494218,25.0606475
113,11,16,10,16,2,01大同區,大同區大龍街與酒泉街口,0,0,2,1,C03,7,5,5,50,14,9,1,5,4,5,13,1,1,9,4,5,1,13,1,28,2,9,3,4,7,5,1,10,1,11,,107,,1,21,121.5158232,25.0720056
113,11,16,10,16,2,01大同區,大同區大龍街與酒泉街口,0,0,2,2,C03,7,5,5,50,14,9,1,5,4,5,13,1,1,9,4,5,1,13,2,39,2,9,3,4,7,5,1,10,1,13,,8,,1,21,121.5158232,25.0720056
113,11,16,10,45,2,07信義區,信義區基隆路1段與松壽路口,0,0,1,1,C03,7,6,5,50,4,2,1,5,4,5,13,1,1,1,4,5,2,13,1,38,3,10,3,4,7,9,1,10,1,11,,108,,1,22,121.561328,25.0356071
113,11,16,10,45,2,07信義區,信義區基隆路1段與松壽路口,0,0,1,2,C03,7,6,5,50,4,2,1,5,4,5,13,1,1,1,4,5,2,13,2,56,2,9,3,4,7,9,1,10,1,13,,44,,1,22,121.561328,25.0356071
113,11,16,10,47,2,05中正區,中正區仁愛路1段與林森南路口,0,0,1,1,B03,7,6,5,50,4,1,1,5,4,5,13,1,1,1,4,5,2,15,1,30,3,10,7,1,7,9,1,8,2,4,,44,,1,21,121.5216268,25.0388676
113,11,16,10,47,2,05中正區,中正區仁愛路1段與林森南路口,0,0,1,2,C03,7,6,5,50,4,1,1,5,4,5,13,1,1,1,4,5,2,15,2,55,2,9,6,1,7,15,1,10,2,11,,96,,1,21,121.5216268,25.0388676
113,11,16,10,50,2,07信義區,信義區一號道路,0,0,1,1,C03,7,6,5,50,14,9,4,5,4,5,13,4,4,5,4,5,2,18,2,71,2,9,6,1,7,9,1,10,1,15,,118,,1,21,121.5620362,25.0372755
113,11,16,10,50,2,07信義區,信義區一號道路,0,0,1,2,,7,6,5,50,14,9,4,5,4,5,13,4,4,5,4,5,2,18,3,0,,,,,,,,,,,,67,,1,,121.5620362,25.0372755
113,11,16,11,5,2,11南港區,南港區南港路2段142號,0,0,2,2,C03,8,6,5,50,14,9,1,5,4,5,13,4,4,4,4,4,2,3,2,50,2,7,3,4,7,9,1,10,2,11,,108,,1,22,121.6011273,25.0533683
113,11,16,11,5,2,11南港區,南港區南港路2段142號,0,0,2,1,H01,8,6,5,50,14,9,1,5,4,5,13,4,4,4,4,4,2,3,2,72,2,1,4,5,8,16,8,20,10,16,,53,,1,22,121.6011273,25.0533683
113,11,16,11,7,2,02萬華區,萬華區華中橋標牌華中053,0,0,2,1,C03,7,7,7,40,8,11,1,5,4,5,13,4,4,10,5,5,2,17,1,43,3,10,5,1,7,14,1,10,1,17,,44,,1,21,121.4953922,25.0125656
113,11,16,11,7,2,02萬華區,萬華區華中橋標牌華中053,0,0,2,2,C03,7,7,7,40,8,11,1,5,4,5,13,4,4,10,5,5,2,17,1,26,3,10,5,1,7,12,1,10,1,13,,44,,1,21,121.4953922,25.0125656
113,11,16,11,7,2,02萬華區,萬華區華中橋標牌華中053,0,0,2,3,C03,7,7,7,40,8,11,1,5,4,5,13,4,4,10,5,5,2,17,2,55,2,9,5,1,7,12,1,10,1,11,13,44,,1,21,121.4953922,25.0125656
113,11,16,11,7,2,02萬華區,萬華區華中橋標牌華中053,0,0,2,4,C03,7,7,7,40,8,11,1,5,4,5,13,4,4,10,5,5,2,17,1,37,2,9,5,1,7,12,1,10,1,11,,44,,1,21,121.4953922,25.0125656
113,11,16,11,7,2,02萬華區,萬華區華中橋標牌華中053,0,0,2,5,H02,7,7,7,40,8,11,1,5,4,5,13,4,4,10,5,5,2,17,1,74,3,10,5,5,7,17,8,20,10,16,,67,,1,21,121.4953922,25.0125656
113,11,16,12,2,2,12內湖區,內湖區瑞光路583巷與瑞光路513巷22弄口,0,0,1,1,C03,8,6,5,50,4,1,1,5,4,5,13,3,1,5,4,5,2,15,1,53,2,9,5,1,7,9,1,10,1,13,,72,,1,21,121.5678796,25.0803316
113,11,16,12,2,2,12內湖區,內湖區瑞光路583巷與瑞光路513巷22弄口,0,0,1,2,B03,8,6,5,50,4,1,1,5,4,5,13,3,1,5,4,5,2,15,1,50,3,10,7,1,7,9,1,8,1,5,,44,,1,21,121.5678796,25.0803316
113,11,16,12,4,2,04大安區,大安區光復南路200號,0,0,1,1,C03,8,6,5,50,14,9,1,5,4,5,13,4,4,1,4,5,2,17,2,37,3,10,6,1,7,7,1,10,1,17,,108,,1,21,121.5575934,25.04195267
113,11,16,12,4,2,04大安區,大安區光復南路200號,0,0,1,2,B03,8,6,5,50,14,9,1,5,4,5,13,4,4,1,4,5,2,17,1,47,3,10,7,1,7,14,1,8,1,8,,44,,1,21,121.5575934,25.04195267
113,11,16,12,4,2,04大安區,大安區光復南路200號,0,0,1,3,H02,8,6,5,50,14,9,1,5,4,5,13,4,4,1,4,5,2,17,2,30,2,8,6,5,7,20,8,20,10,17,,67,,1,21,121.5575934,25.04195267
113,11,16,12,13,2,04大安區,大安區基隆路2段與樂業街口,0,0,1,1,B03,7,6,5,40,4,1,1,5,4,5,13,2,1,4,5,5,2,15,1,26,3,10,7,1,7,9,1,8,1,1,,81,,1,22,121.5503345,25.022385
113,11,16,12,13,2,04大安區,大安區基隆路2段與樂業街口,0,0,1,2,C03,7,6,5,40,4,1,1,5,4,5,13,2,1,4,5,5,2,15,1,31,2,8,5,1,7,9,1,10,1,14,,44,,1,21,121.5503345,25.022385
113,11,16,12,35,2,01大同區,大同區民生西路與環河北路2段口水門內,0,0,2,1,C03,8,7,5,30,14,9,1,5,4,5,13,4,4,10,5,5,2,13,1,35,2,8,6,1,7,9,1,10,1,11,,44,,1,21,121.5079882,25.0565535
113,11,16,12,35,2,01大同區,大同區民生西路與環河北路2段口水門內,0,0,2,2,C03,8,7,5,30,14,9,1,5,4,5,13,4,4,10,5,5,2,13,1,23,2,8,6,1,7,15,1,10,1,13,,27,,1,21,121.5079882,25.0565535
113,11,16,12,35,2,01大同區,大同區民生西路與環河北路2段口水門內,0,0,2,3,C03,8,7,5,30,14,9,1,5,4,5,13,4,4,10,5,5,2,13,1,18,3,10,6,1,7,13,1,10,1,14,,44,,1,21,121.5079882,25.0565535
113,11,16,12,52,2,07信義區,信義區富陽街與富陽街71巷口,0,0,1,1,B03,7,6,5,30,4,1,1,5,4,5,13,4,4,4,5,5,2,14,1,54,3,10,3,4,7,11,1,8,2,3,,12,,1,21,121.5564794,25.0217634
113,11,16,12,52,2,07信義區,信義區富陽街與富陽街71巷口,0,0,1,2,F01,7,6,5,30,4,1,1,5,4,5,13,4,4,4,5,5,2,14,1,77,2,9,4,1,7,9,8,20,2,12,14,44,,1,21,121.5564794,25.0217634
113,11,16,13,32,2,09北投區,北投區大度路042燈桿,0,0,1,1,C03,8,7,5,50,14,12,1,5,4,5,13,4,4,1,4,2,1,18,2,22,2,9,3,4,7,8,1,10,1,12,,118,,1,26,121.4852671,25.1221995
113,11,16,13,32,2,09北投區,北投區大度路042燈桿,0,0,1,2,,8,7,5,50,14,12,1,5,4,5,13,4,4,1,4,2,1,18,3,0,,,,,,,,,,,,67,,1,,121.4852671,25.1221995
113,11,16,13,50,2,08士林區,士林區承德路4段與承德路4段40巷口,0,0,1,1,C03,8,6,5,50,4,2,1,5,4,5,13,2,1,1,4,4,1,13,2,29,2,9,5,1,7,9,1,10,1,11,,16,,1,21,121.5221532,25.08045156
113,11,16,13,50,2,08士林區,士林區承德路4段與承德路4段40巷口,0,0,1,2,C03,8,6,5,50,4,2,1,5,4,5,13,2,1,1,4,4,1,13,1,45,3,10,5,1,7,12,1,10,1,13,,44,,1,21,121.5221532,25.08045156
113,11,16,14,0,2,04大安區,大安區辛亥路1段64號前汀州地下道往建國高架方向,0,0,2,1,B02,8,6,5,40,14,9,1,5,4,5,13,4,4,1,4,5,2,17,1,23,3,10,7,1,7,7,1,8,2,8,,100,,1,21,121.5307097,25.0208666
113,11,16,14,0,2,04大安區,大安區辛亥路1段64號前汀州地下道往建國高架方向,0,0,2,2,B01,8,6,5,40,14,9,1,5,4,5,13,4,4,1,4,5,2,17,1,48,2,7,7,1,7,9,1,4,2,5,,13,,1,21,121.5307097,25.0208666
113,11,16,14,0,2,04大安區,大安區辛亥路1段64號前汀州地下道往建國高架方向,0,0,2,3,H02,8,6,5,40,14,9,1,5,4,5,13,4,4,1,4,5,2,17,2,24,2,1,7,5,7,20,8,20,10,16,,67,,1,21,121.5307097,25.0208666
113,11,16,14,11,2,04大安區,大安區和平東路3段與和平東路3段416巷口口,0,0,1,1,B12,7,6,5,30,5,1,1,5,4,5,13,2,1,1,4,5,2,17,1,23,3,10,7,1,7,5,1,8,1,8,,8,,1,22,121.5590408,25.0181777