發生年度,發生月,發生日,發生時-Hours,發生分,處理別-編號,區序,肇事地點,死亡人數,2-30日死亡人數,受傷人數,當事人序號,車種,天候,道路照明設備,道路類別,速限-速度限制,道路型態,事故位置,路面狀況1,路面狀況2,路面狀況3,道路障礙1,道路障礙2,號誌1,號誌2,車道劃分-分向,車道劃分-分道1,車道劃分-分道2,車道劃分-分道3,事故類型及型態,性別,年齡,受傷程度,主要傷處,保護裝置,行動電話,車輛用途,當事者行動狀態,駕駛資格情形,駕駛執照種類,飲酒情形,車輛撞擊部位1,車輛撞擊部位2,肇因碼-個別,肇因碼-主要,個人肇逃否,職業,座標-X,座標-Y
113,11,16,14,11,2,04大安區,大安區和平東路3段與和平東路3段416巷口口,0,0,1,2,C03,7,6,5,30,5,1,1,5,4,5,13,2,1,1,4,5,2,17,1,22,2,9,5,1,7,9,1,10,1,13,,44,,1,22,121.5590408,25.0181777
113,11,16,14,20,2,12內湖區,內湖區康樂街110巷與康樂街136巷18弄口,0,0,2,1,C03,8,6,5,30,4,1,1,5,4,5,13,4,4,10,5,5,2,15,1,27,2,9,5,1,7,9,1,10,1,11,,80,,1,21,121.6183123,25.0707257
113,11,16,14,20,2,12內湖區,內湖區康樂街110巷與康樂街136巷18弄口,0,0,2,2,C03,8,6,5,30,4,1,1,5,4,5,13,4,4,10,5,5,2,15,1,60,2,7,5,1,7,9,1,10,1,14,,44,,1,21,121.6183123,25.0707257
113,11,16,14,48,2,02萬華區,萬華區環河南路1段10號,0,0,2,1,C03,7,6,5,50,14,9,1,5,4,5,12,4,4,5,4,5,2,13,1,22,2,9,6,1,7,9,1,10,1,11,,108,,1,22,121.5052476,25.0480121
113,11,16,14,48,2,02萬華區,萬華區環河南路1段10號,0,0,2,2,C03,7,6,5,50,14,9,1,5,4,5,12,4,4,5,4,5,2,13,1,58,2,9,6,1,7,9,1,10,1,13,,44,,2,22,121.5052476,25.0480121
113,11,16,15,18,2,10文山區,文山區木新路2段111巷12弄對面（靠河堤側機車停車格）,0,0,3,1,C03,8,6,5,30,14,9,2,5,4,5,13,4,4,10,5,5,2,17,1,74,2,7,5,4,7,2,1,8,1,13,,12,,1,21,121.5702622,24.98313993
113,11,16,15,18,2,10文山區,文山區木新路2段111巷12弄對面（靠河堤側機車停車格）,0,0,3,2,C03,8,6,5,30,14,9,2,5,4,5,13,4,4,10,5,5,2,17,1,64,2,9,5,4,7,9,1,10,1,12,,44,,1,21,121.5702622,24.98313993
113,11,16,15,18,2,10文山區,文山區木新路2段111巷12弄對面（靠河堤側機車停車格）,0,0,3,3,H02,8,6,5,30,14,9,2,5,4,5,13,4,4,10,5,5,2,17,1,9,2,8,6,5,7,17,8,20,10,16,,67,,1,21,121.5702622,24.98313993
113,11,16,15,31,2,07信義區,信義區松仁路123號,0,0,1,1,C03,8,7,5,50,14,9,1,5,4,5,13,4,4,9,4,5,2,13,1,24,2,9,5,1,7,9,1,10,2,14,,42,,1,21,121.5684003,25.0343851
113,11,16,15,31,2,07信義區,信義區松仁路123號,0,0,1,2,B03,8,7,5,50,14,9,1,5,4,5,13,4,4,9,4,5,2,13,1,30,3,10,7,1,7,14,1,8,2,3,,44,,1,21,121.5684003,25.0343851
113,11,16,15,37,2,03中山區,中山區基湖路與基湖路145巷口,0,0,1,1,B03,7,6,5,30,4,1,1,5,4,5,13,4,4,10,5,5,2,15,1,35,3,10,7,4,7,9,1,8,2,8,,72,,1,22,121.5638944,25.0782694
113,11,16,15,37,2,03中山區,中山區基湖路與基湖路145巷口,0,0,1,2,C03,7,6,5,30,4,1,1,5,4,5,13,4,4,10,5,5,2,15,1,62,2,9,6,1,7,9,6,18,2,12,,42,,1,22,121.5638944,25.0782694
113,11,16,16,5,2,02萬華區,萬華區中華路1段與南寧路口,0,0,1,1,B03,7,7,5,50,5,1,1,5,4,5,13,1,1,1,4,1,2,16,1,74,3,10,7,1,7,6,1,8,1,2,,99,,1,21,121.5066743,25.0373141
113,11,16,16,5,2,02萬華區,萬華區中華路1段與南寧路口,0,0,1,2,C03,7,7,5,50,5,1,1,5,4,5,13,1,1,1,4,1,2,16,2,65,2,9,5,1,7,9,1,10,1,14,,13,,1,21,121.5066743,25.0373141
113,11,16,16,34,2,04大安區,大安區和平東路3段228巷與安居街46巷口,0,0,1,1,B03,7,5,5,50,3,1,1,5,4,5,13,4,4,10,4,5,2,16,1,59,3,10,7,1,7,1,1,8,1,4,,19,,1,21,121.5535213,25.0209376
113,11,16,16,34,2,04大安區,大安區和平東路3段228巷與安居街46巷口,0,0,1,2,C03,7,5,5,50,3,1,1,5,4,5,13,4,4,10,4,5,2,16,1,38,2,9,5,1,7,9,6,9,1,11,,44,,1,21,121.5535213,25.0209376
113,11,16,16,35,2,10文山區,文山區新光路2段0707737燈桿,0,0,1,1,C03,7,5,5,50,11,9,1,5,4,5,13,4,4,9,4,5,1,12,1,69,2,9,5,4,7,7,1,10,1,14,,118,,1,22,121.5848316,25.0020241
113,11,16,16,35,2,10文山區,文山區新光路2段0707737燈桿,0,0,1,2,A02,7,5,5,50,11,9,1,5,4,5,13,4,4,9,4,5,1,12,1,55,3,10,3,4,7,9,1,1,1,2,,44,,1,22,121.5848316,25.0020241
113,11,16,17,1,2,04大安區,大安區和平東路3段228巷35號,0,0,1,1,B03,7,5,5,50,14,9,1,5,4,5,13,4,4,9,5,5,2,17,1,56,3,10,7,1,7,15,1,8,2,4,,40,,1,21,121.5536419,25.0209543
113,11,16,17,1,2,04大安區,大安區和平東路3段228巷35號,0,0,1,2,C03,7,5,5,50,14,9,1,5,4,5,13,4,4,9,5,5,2,17,1,50,2,9,6,1,7,9,1,10,2,11,,44,,1,21,121.5536419,25.0209543
113,11,16,17,19,2,12內湖區,內湖區金湖路與康寧路1段口,0,0,2,1,C03,6,5,5,50,3,1,1,4,4,5,13,1,1,1,4,5,2,15,1,19,3,10,5,1,7,1,1,10,1,13,,80,,1,21,121.5995806,25.078991
113,11,16,17,19,2,12內湖區,內湖區金湖路與康寧路1段口,0,0,2,2,C03,6,5,5,50,3,1,1,4,4,5,13,1,1,1,4,5,2,15,1,32,2,9,5,1,7,9,1,10,1,12,,44,,1,21,121.5995806,25.078991
113,11,16,17,19,2,12內湖區,內湖區金湖路與康寧路1段口,0,0,2,3,H02,6,5,5,50,3,1,1,4,4,5,13,1,1,1,4,5,2,15,2,32,2,9,5,5,7,20,8,20,10,16,,67,,1,21,121.5995806,25.078991
113,11,16,17,50,2,12內湖區,內湖區洲子街12號,0,0,2,1,H01,6,5,8,30,14,9,1,4,4,5,13,4,4,5,4,5,2,3,1,77,2,1,4,5,8,16,8,20,10,16,,121,,1,21,121.5752189,25.0784259
113,11,16,17,50,2,12內湖區,內湖區洲子街12號,0,0,2,2,C03,6,5,8,30,14,9,1,4,4,5,13,4,4,5,4,5,2,3,1,25,2,9,5,1,7,9,1,9,1,11,,44,,1,21,121.5752189,25.0784259
113,11,16,18,9,2,04大安區,大安區仁愛路3段47號,0,0,1,1,C03,7,5,5,50,14,9,1,5,4,5,13,4,4,1,4,5,1,17,2,39,2,9,5,1,7,7,1,10,1,13,,100,,1,21,121.5355362,25.038465
113,11,16,18,9,2,04大安區,大安區仁愛路3段47號,0,0,1,2,B03,7,5,5,50,14,9,1,5,4,5,13,4,4,1,4,5,1,17,2,61,3,10,2,1,7,9,1,8,1,1,,44,,1,21,121.5355362,25.038465
113,11,16,18,17,2,02萬華區,萬華區中華路1段與成都路口,0,0,4,1,B03,7,5,5,50,5,1,1,5,4,5,13,1,1,1,4,1,2,17,1,43,3,10,7,1,7,6,1,8,2,5,,9,,1,22,121.5081357,25.0422543
113,11,16,18,17,2,02萬華區,萬華區中華路1段與成都路口,0,0,4,2,C03,7,5,5,50,5,1,1,5,4,5,13,1,1,1,4,1,2,17,1,18,2,9,6,1,7,9,1,10,2,14,,44,,1,22,121.5081357,25.0422543
113,11,16,18,17,2,02萬華區,萬華區中華路1段與成都路口,0,0,4,3,C03,7,5,5,50,5,1,1,5,4,5,13,1,1,1,4,1,2,17,2,42,2,9,6,1,7,14,1,10,2,14,,44,,1,22,121.5081357,25.0422543
113,11,16,18,17,2,02萬華區,萬華區中華路1段與成都路口,0,0,4,4,C03,7,5,5,50,5,1,1,5,4,5,13,1,1,1,4,1,2,17,1,28,2,9,6,1,7,14,1,10,2,14,,44,,1,22,121.5081357,25.0422543
113,11,16,18,17,2,02萬華區,萬華區中華路1段與成都路口,0,0,4,5,H02,7,5,5,50,5,1,1,5,4,5,13,1,1,1,4,1,2,17,2,26,2,9,6,5,7,20,8,20,10,16,,67,,1,22,121.5081357,25.0422543
113,11,16,19,30,2,10文山區,文山區興隆路4段與木柵路2段口口,0,0,2,1,C03,6,5,5,50,4,18,1,4,4,5,13,2,1,1,4,5,2,3,1,45,2,8,5,1,7,9,1,10,2,11,,118,,1,21,121.5601377,24.9886463
113,11,16,19,30,2,10文山區,文山區興隆路4段與木柵路2段口口,0,0,2,2,H01,6,5,5,50,4,18,1,4,4,5,13,2,1,1,4,5,2,3,2,72,2,9,4,5,8,20,8,20,10,16,,122,,1,21,121.5601377,24.9886463
113,11,16,20,32,2,04大安區,大安區和平東路3段與敦化南路2段口,0,0,1,1,C03,7,5,5,50,4,1,1,5,4,5,13,1,1,1,4,5,1,17,2,27,2,9,5,1,7,15,1,10,1,12,,80,,1,21,121.5490018,25.0247872
113,11,16,20,32,2,04大安區,大安區和平東路3段與敦化南路2段口,0,0,1,2,C03,7,5,5,50,4,1,1,5,4,5,13,1,1,1,4,5,1,17,1,24,3,10,5,1,7,9,1,10,1,14,,44,,1,21,121.5490018,25.0247872
113,11,16,20,50,2,03中山區,中山區北安路139號,0,0,2,1,C03,7,5,5,50,11,9,1,4,4,5,13,4,4,1,4,5,2,12,1,46,2,9,6,1,7,9,1,10,1,11,,108,,1,22,121.5330302,25.0782246
113,11,16,20,50,2,03中山區,中山區北安路139號,0,0,2,2,C03,7,5,5,50,11,9,1,4,4,5,13,4,4,1,4,5,2,12,1,51,2,9,6,1,7,9,1,10,1,14,,44,,1,22,121.5330302,25.0782246
113,11,16,20,56,2,03中山區,中山區民族西路與中山北路3段口,0,0,2,1,C03,8,5,5,50,4,2,1,5,4,5,13,1,1,3,4,3,2,13,1,23,2,9,5,4,7,9,1,10,1,11,,16,,1,21,121.5227302,25.0684579
113,11,16,20,56,2,03中山區,中山區民族西路與中山北路3段口,0,0,2,2,C03,8,5,5,50,4,2,1,5,4,5,13,1,1,3,4,3,2,13,1,51,2,9,5,4,7,9,1,9,1,13,,44,,1,21,121.5227302,25.0684579
113,11,16,21,7,2,06松山區,松山區南京東路5段與寶清街口,0,0,1,1,B01,8,5,5,50,4,2,1,5,4,5,13,1,1,9,4,5,2,3,1,63,3,10,7,4,7,5,1,4,2,1,,70,,1,22,121.5684551,25.05127846
113,11,16,21,7,2,06松山區,松山區南京東路5段與寶清街口,0,0,1,2,H01,8,5,5,50,4,2,1,5,4,5,13,1,1,9,4,5,2,3,2,34,2,9,4,5,8,16,8,20,1,16,,67,,1,22,121.5684551,25.05127846
113,11,16,21,30,2,03中山區,中山區林森北路479號,0,0,2,1,B03,8,5,5,50,14,9,1,5,4,5,13,4,4,9,5,5,2,17,1,48,3,10,7,1,7,11,1,8,1,8,,10,,1,21,121.5256172,25.0611616
113,11,16,21,30,2,03中山區,中山區林森北路479號,0,0,2,2,C03,8,5,5,50,14,9,1,5,4,5,13,4,4,9,5,5,2,17,1,41,2,9,5,1,7,9,1,10,1,11,,44,,1,21,121.5256172,25.0611616
113,11,16,21,30,2,03中山區,中山區林森北路479號,0,0,2,3,H02,8,5,5,50,14,9,1,5,4,5,13,4,4,9,5,5,2,17,2,34,2,8,5,5,7,20,8,20,10,16,,67,,1,21,121.5256172,25.0611616
113,11,16,21,30,2,10文山區,文山區木柵路2段202號,0,0,1,1,C03,6,5,5,50,14,9,1,4,4,5,13,4,4,4,5,5,1,3,2,20,3,10,6,1,7,9,1,10,1,11,,44,,1,25,121.5635744,24.9888626
113,11,16,21,30,2,10文山區,文山區木柵路2段202號,0,0,1,2,H01,6,5,5,50,14,9,1,4,4,5,13,4,4,4,5,5,1,3,1,71,2,8,4,5,8,16,8,20,1,16,,121,,1,22,121.5635744,24.9888626
113,11,16,22,10,2,08士林區,士林區福林路254巷與至善路1段口,0,0,2,1,B03,8,5,5,50,3,1,1,5,4,5,13,3,1,1,2,4,2,12,1,32,3,10,3,4,7,7,1,8,1,4,,99,,1,22,121.5379659,25.0978992
113,11,16,22,10,2,08士林區,士林區福林路254巷與至善路1段口,0,0,2,2,C03,8,5,5,50,3,1,1,5,4,5,13,3,1,1,2,4,2,12,1,43,2,9,3,4,7,9,1,10,1,12,,44,,1,22,121.5379659,25.0978992
113,11,16,22,10,2,08士林區,士林區福林路254巷與至善路1段口,0,0,2,3,H02,8,5,5,50,3,1,1,5,4,5,13,3,1,1,2,4,2,12,2,36,2,9,3,5,7,20,8,20,10,16,,67,,1,22,121.5379659,25.0978992
113,11,16,22,15,2,12內湖區,內湖區民權東路6段90巷25弄與民權東路6段120巷口,0,0,1,1,C03,6,5,5,30,4,1,1,4,4,5,13,4,4,10,5,5,2,15,1,19,2,9,6,1,7,9,1,10,2,12,,80,,1,21,121.5872392,25.06762448
113,11,16,22,15,2,12內湖區,內湖區民權東路6段90巷25弄與民權東路6段120巷口,0,0,1,2,B03,6,5,5,30,4,1,1,4,4,5,13,4,4,10,5,5,2,15,1,37,3,10,7,1,7,9,1,8,2,1,,44,,1,21,121.5872392,25.06762448
113,11,16,23,0,2,08士林區,士林區雨農路與雨農路21巷口,0,0,1,1,C03,8,5,5,50,3,1,1,5,4,5,13,4,4,5,4,5,2,16,1,53,4,11,3,4,7,4,7,19,9,15,,119,,2,22,121.5323122,25.09813432
113,11,16,23,0,2,08士林區,士林區雨農路與雨農路21巷口,0,0,1,2,C03,8,5,5,50,3,1,1,5,4,5,13,4,4,5,4,5,2,16,1,24,2,8,3,4,7,5,1,10,1,14,,8,,1,22,121.5323122,25.09813432
113,11,16,23,16,2,06松山區,松山區市民大道5段與東寧路口,0,0,2,1,C03,7,5,5,50,3,1,1,5,4,5,13,1,1,1,3,4,2,17,1,43,2,9,6,1,7,5,1,10,2,11,,83,,1,21,121.5630194,25.0473278
113,11,16,23,16,2,06松山區,松山區市民大道5段與東寧路口,0,0,2,2,C01,7,5,5,50,3,1,1,5,4,5,13,1,1,1,3,4,2,17,1,25,2,9,6,1,7,9,1,9,2,11,,13,,1,21,121.5630194,25.0473278
113,11,16,23,16,2,06松山區,松山區市民大道5段與東寧路口,0,0,2,3,B03,7,5,5,50,3,1,1,5,4,5,13,1,1,1,3,4,2,17,2,46,3,10,3,4,7,14,1,8,2,1,,44,,1,21,121.5630194,25.0473278
113,11,16,23,16,2,06松山區,松山區市民大道5段與東寧路口,0,0,2,4,C03,7,5,5,50,3,1,1,5,4,5,13,1,1,1,3,4,2,17,1,21,3,10,6,1,7,14,1,10,2,14,,44,,1,21,121.5630194,25.0473278
113,11,17,0,11,2,12內湖區,內湖區成功路5段466號,0,0,1,1,B03,6,5,5,50,14,9,1,4,4,5,13,4,4,9,4,4,2,12,1,21,3,10,7,1,7,9,1,8,2,2,,17,,1,21,121.6068239,25.0732145
113,11,17,0,11,2,12內湖區,內湖區成功路5段466號,0,0,1,2,C03,6,5,5,50,14,9,1,4,4,5,13,4,4,9,4,4,2,12,1,58,2,9,6,1,7,9,1,10,2,14,,44,,1,21,121.6068239,25.0732145
113,11,17,5,8,2,05中正區,中正區林森北路與忠孝東路1段口,0,0,1,1,C03,7,5,5,50,4,1,1,5,4,5,13,1,1,5,4,5,2,17,1,73,2,8,5,1,7,5,1,10,2,14,,96,,1,21,121.5233683,25.0449011
113,11,17,5,8,2,05中正區,中正區林森北路與忠孝東路1段口,0,0,1,2,B01,7,5,5,50,4,1,1,5,4,5,13,1,1,5,4,5,2,17,1,58,3,10,7,1,7,9,1,4,2,2,,44,,1,21,121.5233683,25.0449011
113,11,17,5,15,2,08士林區,士林區中正路與福港街口,0,0,2,1,B01,7,5,5,50,3,1,1,5,4,5,13,2,1,5,4,5,1,15,1,62,2,9,7,1,7,11,1,4,1,4,,103,,1,21,121.5195781,25.09619194
113,11,17,5,15,2,08士林區,士林區中正路與福港街口,0,0,2,2,B03,7,5,5,50,3,1,1,5,4,5,13,2,1,5,4,5,1,15,1,37,2,9,7,1,7,9,1,8,1,1,,14,,1,21,121.5195781,25.09619194
113,11,17,9,5,1,05中正區,中正區忠孝東路1段與鎮江街口,1,0,16,1,A02,7,6,5,50,4,2,1,5,4,5,13,2,1,3,4,5,2,17,2,23,3,10,7,1,7,9,1,6,2,1,,108,,1,21,121.5214783,25.0451483
113,11,17,9,5,1,05中正區,中正區忠孝東路1段與鎮江街口,1,0,16,2,A02,7,6,5,50,4,2,1,5,4,5,13,2,1,3,4,5,2,17,1,54,2,1,7,1,7,6,1,6,2,3,,44,,1,21,121.5214783,25.0451483
113,11,17,9,5,1,05中正區,中正區忠孝東路1段與鎮江街口,1,0,16,4,B01,7,6,5,50,4,2,1,5,4,5,13,2,1,3,4,5,2,17,1,55,2,1,7,1,7,14,1,8,2,1,,44,,1,21,121.5214783,25.0451483
113,11,17,9,5,1,05中正區,中正區忠孝東路1段與鎮江街口,1,0,16,3,H01,7,6,5,50,4,2,1,5,4,5,13,2,1,3,4,5,2,17,2,50,1,9,4,5,8,16,8,20,10,16,,67,,1,22,121.5214783,25.0451483
113,11,17,9,5,1,05中正區,中正區忠孝東路1段與鎮江街口,1,0,16,5,H02,7,6,5,50,4,2,1,5,4,5,13,2,1,3,4,5,2,17,2,63,2,9,4,5,7,20,8,20,10,16,,67,,1,21,121.5214783,25.0451483
113,11,17,9,5,1,05中正區,中正區忠孝東路1段與鎮江街口,1,0,16,6,H02,7,6,5,50,4,2,1,5,4,5,13,2,1,3,4,5,2,17,2,71,2,9,4,5,7,20,8,20,10,16,,67,,1,21,121.5214783,25.0451483
113,11,17,9,5,1,05中正區,中正區忠孝東路1段與鎮江街口,1,0,16,7,H02,7,6,5,50,4,2,1,5,4,5,13,2,1,3,4,5,2,17,1,63,2,9,4,5,7,20,8,20,10,16,,67,,1,21,121.5214783,25.0451483
113,11,17,9,5,1,05中正區,中正區忠孝東路1段與鎮江街口,1,0,16,8,H02,7,6,5,50,4,2,1,5,4,5,13,2,1,3,4,5,2,17,2,54,2,9,4,5,7,20,8,20,10,16,,67,,1,21,121.5214783,25.0451483
113,11,17,9,5,1,05中正區,中正區忠孝東路1段與鎮江街口,1,0,16,9,H02,7,6,5,50,4,2,1,5,4,5,13,2,1,3,4,5,2,17,1,25,2,9,4,5,7,20,8,20,10,16,,67,,1,21,121.5214783,25.0451483
113,11,17,9,5,1,05中正區,中正區忠孝東路1段與鎮江街口,1,0,16,10,H02,7,6,5,50,4,2,1,5,4,5,13,2,1,3,4,5,2,17,2,28,2,9,4,5,7,20,8,20,10,16,,67,,1,21,121.5214783,25.0451483
113,11,17,9,5,1,05中正區,中正區忠孝東路1段與鎮江街口,1,0,16,11,H02,7,6,5,50,4,2,1,5,4,5,13,2,1,3,4,5,2,17,2,64,2,9,4,5,7,20,8,20,10,16,,67,,1,21,121.5214783,25.0451483
113,11,17,9,5,1,05中正區,中正區忠孝東路1段與鎮江街口,1,0,16,12,H02,7,6,5,50,4,2,1,5,4,5,13,2,1,3,4,5,2,17,2,50,2,9,4,5,7,20,8,20,10,16,,67,,1,21,121.5214783,25.0451483
113,11,17,9,5,1,05中正區,中正區忠孝東路1段與鎮江街口,1,0,16,13,H02,7,6,5,50,4,2,1,5,4,5,13,2,1,3,4,5,2,17,2,47,2,9,4,5,7,20,8,20,10,16,,67,,1,21,121.5214783,25.0451483
113,11,17,9,5,1,05中正區,中正區忠孝東路1段與鎮江街口,1,0,16,14,H02,7,6,5,50,4,2,1,5,4,5,13,2,1,3,4,5,2,17,2,53,2,9,4,5,7,20,8,20,10,16,,67,,1,21,121.5214783,25.0451483
113,11,17,9,5,1,05中正區,中正區忠孝東路1段與鎮江街口,1,0,16,15,H02,7,6,5,50,4,2,1,5,4,5,13,2,1,3,4,5,2,17,1,72,2,9,4,5,7,20,8,20,10,16,,67,,1,21,121.5214783,25.0451483
113,11,17,9,5,1,05中正區,中正區忠孝東路1段與鎮江街口,1,0,16,16,H02,7,6,5,50,4,2,1,5,4,5,13,2,1,3,4,5,2,17,2,61,2,9,4,5,7,20,8,20,10,16,,67,,1,21,121.5214783,25.0451483
113,11,17,9,5,1,05中正區,中正區忠孝東路1段與鎮江街口,1,0,16,17,H02,7,6,5,50,4,2,1,5,4,5,13,2,1,3,4,5,2,17,1,56,2,9,4,5,7,20,8,20,10,16,,67,,1,21,121.5214783,25.0451483
113,11,17,9,5,1,05中正區,中正區忠孝東路1段與鎮江街口,1,0,16,18,H02,7,6,5,50,4,2,1,5,4,5,13,2,1,3,4,5,2,17,2,72,2,2,4,5,7,20,8,20,10,16,,67,,1,21,121.5214783,25.0451483
113,11,17,9,14,2,08士林區,士林區天母東路69巷與中山北路7段114巷口,0,0,1,1,C03,7,5,8,50,3,1,1,4,4,5,13,4,4,5,5,5,1,3,1,48,3,10,5,1,7,9,1,10,1,11,,70,,1,21,121.5333349,25.1217852
113,11,17,9,14,2,08士林區,士林區天母東路69巷與中山北路7段114巷口,0,0,1,2,H01,7,5,8,50,3,1,1,4,4,5,13,4,4,5,5,5,1,3,1,75,2,9,4,5,8,16,8,20,1,16,,67,,1,21,121.5333349,25.1217852
113,11,17,10,5,2,09北投區,北投區行義路與行義路140巷口,0,0,2,1,B03,6,6,5,40,14,9,1,4,4,5,13,4,4,5,1,5,1,12,1,64,3,10,7,1,7,4,1,8,1,2,,108,,1,21,121.5280781,25.129843
113,11,17,10,5,2,09北投區,北投區行義路與行義路140巷口,0,0,2,2,C03,6,6,5,40,14,9,1,4,4,5,13,4,4,5,1,5,1,12,1,74,2,9,5,1,7,9,1,10,1,14,,44,,1,21,121.5280781,25.129843
113,11,17,10,5,2,09北投區,北投區行義路與行義路140巷口,0,0,2,3,H02,6,6,5,40,14,9,1,4,4,5,13,4,4,5,1,5,1,12,2,67,2,9,5,5,7,20,8,20,10,16,,67,,1,21,121.5280781,25.129843
113,11,17,11,0,2,07信義區,信義區松壽路2號,0,0,1,1,B02,6,7,5,50,14,9,1,4,4,5,13,4,4,5,4,5,2,16,1,43,3,10,7,1,7,6,1,8,1,2,,9,,1,21,121.562315,25.0358529
113,11,17,11,0,2,07信義區,信義區松壽路2號,0,0,1,2,C03,6,7,5,50,14,9,1,4,4,5,13,4,4,5,4,5,2,16,1,28,2,8,6,1,7,9,1,10,1,14,,107,,1,21,121.562315,25.0358529
113,11,17,11,5,2,12內湖區,內湖區康樂街20巷與東湖路119巷口,0,0,1,1,C03,6,7,5,30,3,2,1,4,4,5,13,4,4,10,5,5,2,17,2,47,2,9,5,1,7,11,1,10,1,12,,42,,1,21,121.6166891,25.0688278
113,11,17,11,5,2,12內湖區,內湖區康樂街20巷與東湖路119巷口,0,0,1,2,C04,6,7,5,30,3,2,1,4,4,5,13,4,4,10,5,5,2,17,1,70,3,10,3,4,7,13,7,19,9,12,,44,,1,21,121.6166891,25.0688278
113,11,17,11,5,2,12內湖區,內湖區康樂街20巷與東湖路119巷口,0,0,1,3,C03,6,7,5,30,3,2,1,4,4,5,13,4,4,10,5,5,2,17,2,47,3,10,3,4,7,13,7,19,9,14,,44,,1,21,121.6166891,25.0688278
113,11,17,11,5,2,12內湖區,內湖區康樂街20巷與東湖路119巷口,0,0,1,4,C03,6,7,5,30,3,2,1,4,4,5,13,4,4,10,5,5,2,17,2,46,3,10,3,4,7,13,7,19,9,12,,44,,1,21,121.6166891,25.0688278
113,11,17,11,5,2,12內湖區,內湖區康樂街20巷與東湖路119巷口,0,0,1,5,C03,6,7,5,30,3,2,1,4,4,5,13,4,4,10,5,5,2,17,2,59,3,10,3,4,7,13,7,19,9,14,12,44,,1,21,121.6166891,25.0688278
113,11,17,11,5,2,12內湖區,內湖區康樂街20巷與東湖路119巷口,0,0,1,6,C03,6,7,5,30,3,2,1,4,4,5,13,4,4,10,5,5,2,17,2,34,3,10,3,4,7,13,7,19,9,14,,44,,1,21,121.6166891,25.0688278
113,11,17,11,5,2,07信義區,信義區一號道路,0,0,1,1,A12,6,7,5,50,14,9,4,4,4,5,13,4,4,10,4,5,2,17,1,71,3,10,3,4,7,2,1,6,1,17,,12,,1,21,121.5620331,25.0371505
113,11,17,11,5,2,07信義區,信義區一號道路,0,0,1,2,C03,6,7,5,50,14,9,4,4,4,5,13,4,4,10,4,5,2,17,1,63,2,9,3,4,7,9,1,10,1,14,,13,,1,21,121.5620331,25.0371505
113,11,17,11,7,2,10文山區,文山區木新路2段與無名巷口,0,0,1,1,F03,6,5,5,50,3,2,1,4,4,5,13,4,4,10,4,5,2,17,2,75,3,10,4,1,7,1,8,20,11,17,,19,,1,21,121.5692581,24.9842109
113,11,17,11,7,2,10文山區,文山區木新路2段與無名巷口,0,0,1,2,C03,6,5,5,50,3,2,1,4,4,5,13,4,4,10,4,5,2,17,2,27,2,9,6,1,7,9,1,10,1,17,,44,,1,21,121.5692581,24.9842109
113,11,17,11,16,2,06松山區,松山區市民大道6段與松信路口,0,0,1,1,C04,6,7,5,50,4,1,1,4,4,5,13,2,1,9,4,5,2,17,2,61,2,9,6,1,7,7,1,11,2,14,,100,,1,22,121.5722211,25.0494769
113,11,17,11,16,2,06松山區,松山區市民大道6段與松信路口,0,0,1,2,B01,6,7,5,50,4,1,1,4,4,5,13,2,1,9,4,5,2,17,1,62,3,10,7,1,7,9,1,4,2,2,,44,,1,22,121.5722211,25.0494769
113,11,17,11,18,2,09北投區,北投區承德路7段97號,0,0,2,1,C03,7,6,5,50,14,9,1,5,4,5,13,4,4,1,4,5,2,12,2,33,2,9,5,1,7,4,1,10,1,12,,17,,1,21,121.5096098,25.1119795
113,11,17,11,18,2,09北投區,北投區承德路7段97號,0,0,2,2,C03,7,6,5,50,14,9,1,5,4,5,13,4,4,1,4,5,2,12,1,68,2,9,5,1,7,7,1,10,1,14,,100,,1,21,121.5096098,25.1119795
113,11,17,12,11,2,08士林區,士林區中正路與延平北路5段口,0,0,2,1,C03,7,6,5,50,4,2,1,5,4,5,13,2,1,1,4,5,1,3,1,20,2,9,3,4,7,5,1,10,2,11,,70,,1,21,121.50946,25.0866174
113,11,17,12,11,2,08士林區,士林區中正路與延平北路5段口,0,0,2,2,H01,7,6,5,50,4,2,1,5,4,5,13,2,1,1,4,5,1,3,2,78,2,9,4,5,8,16,8,20,10,16,,67,,1,21,121.50946,25.0866174
113,11,17,12,20,2,06松山區,松山區健康路與南京東路5段59巷口,0,0,1,1,C03,7,6,5,50,3,1,1,5,4,5,13,2,1,1,4,4,2,17,2,39,3,10,6,1,7,8,1,10,2,17,,42,,1,21,121.5592243,25.05382184
113,11,17,12,20,2,06松山區,松山區健康路與南京東路5段59巷口,0,0,1,2,C03,7,6,5,50,3,1,1,5,4,5,13,2,1,1,4,4,2,17,2,34,2,9,6,1,7,9,1,10,2,12,,44,,1,21,121.5592243,25.05382184
113,11,17,12,20,2,06松山區,松山區健康路與南京東路5段59巷口,0,0,1,3,B01,7,6,5,50,3,1,1,5,4,5,13,2,1,1,4,4,2,17,1,49,3,10,3,4,7,8,1,4,2,17,,9,,1,21,121.5592243,25.05382184