發生年度,發生月,發生日,發生時-Hours,發生分,處理別-編號,區序,肇事地點,死亡人數,2-30日死亡人數,受傷人數,當事人序號,車種,天候,道路照明設備,道路類別,速限-速度限制,道路型態,事故位置,路面狀況1,路面狀況2,路面狀況3,道路障礙1,道路障礙2,號誌1,號誌2,車道劃分-分向,車道劃分-分道1,車道劃分-分道2,車道劃分-分道3,事故類型及型態,性別,年齡,受傷程度,主要傷處,保護裝置,行動電話,車輛用途,當事者行動狀態,駕駛資格情形,駕駛執照種類,飲酒情形,車輛撞擊部位1,車輛撞擊部位2,肇因碼-個別,肇因碼-主要,個人肇逃否,職業,座標-X,座標-Y
113,11,17,12,20,2,07信義區,信義區和平東路3段393號,0,0,1,1,C03,7,5,5,50,14,9,1,4,4,5,13,1,1,1,4,5,2,18,2,38,2,9,3,4,7,9,1,10,1,12,,116,,1,22,121.557727,25.019613
113,11,17,12,20,2,07信義區,信義區和平東路3段393號,0,0,1,2,,7,5,5,50,14,9,1,4,4,5,13,1,1,1,4,5,2,18,3,0,,,,,,,,,,,,67,,1,,121.557727,25.019613
113,11,17,12,24,2,06松山區,松山區延壽街330巷16弄與延壽街330巷口,0,0,1,1,B03,7,6,5,30,3,2,1,4,4,5,13,4,4,8,5,5,2,17,1,50,3,10,7,1,7,6,1,8,1,2,,99,,1,22,121.5602447,25.0552951
113,11,17,12,24,2,06松山區,松山區延壽街330巷16弄與延壽街330巷口,0,0,1,2,F01,7,6,5,30,3,2,1,4,4,5,13,4,4,8,5,5,2,17,1,14,2,9,4,1,7,1,8,20,1,11,,19,,1,15,121.5602447,25.0552951
113,11,17,13,1,2,05中正區,中正區金門街12巷18號,0,0,1,1,B01,7,7,5,30,14,9,1,4,4,3,10,4,4,10,5,5,2,17,1,42,3,10,7,1,7,5,1,4,9,17,,44,,1,21,121.5223831,25.0223777
113,11,17,13,1,2,05中正區,中正區金門街12巷18號,0,0,1,2,C03,7,7,5,30,14,9,1,4,4,3,10,4,4,10,5,5,2,17,1,53,2,8,5,1,7,9,1,10,9,11,,116,,1,21,121.5223831,25.0223777
113,11,17,14,30,2,03中山區,中山區建國北路2段151巷10號,0,0,1,1,B03,7,7,5,30,14,9,5,5,4,5,13,4,4,10,5,5,2,17,2,65,3,10,7,1,7,1,1,8,2,8,,19,,1,21,121.5381005,25.0618064
113,11,17,14,30,2,03中山區,中山區建國北路2段151巷10號,0,0,1,2,C03,7,7,5,30,14,9,5,5,4,5,13,4,4,10,5,5,2,17,2,63,2,9,5,1,7,9,3,18,2,12,,44,,1,21,121.5381005,25.0618064
113,11,17,14,30,2,03中山區,中山區建國北路2段151巷10號,0,0,1,3,B03,7,7,5,30,14,9,5,5,4,5,13,4,4,10,5,5,2,17,1,55,3,10,7,1,7,13,1,8,1,6,,44,,1,21,121.5381005,25.0618064
113,11,17,14,45,2,08士林區,士林區福林路與自祥街口,0,0,1,1,B03,8,6,5,50,4,1,1,5,4,5,13,1,1,5,4,5,1,16,1,62,3,10,3,4,7,5,1,8,2,2,,80,,1,22,121.5329727,25.09689078
113,11,17,14,45,2,08士林區,士林區福林路與自祥街口,0,0,1,2,C03,8,6,5,50,4,1,1,5,4,5,13,1,1,5,4,5,1,16,1,19,2,8,3,4,7,9,1,10,2,11,,44,,1,22,121.5329727,25.09689078
113,11,17,14,50,2,03中山區,中山區中山北路3段與撫順街口,0,0,1,1,B01,8,7,5,50,4,1,1,5,4,5,13,4,4,5,4,5,2,17,1,57,3,10,7,1,7,6,1,4,1,4,,72,,1,21,121.5222425,25.06385348
113,11,17,14,50,2,03中山區,中山區中山北路3段與撫順街口,0,0,1,2,F01,8,7,5,50,4,1,1,5,4,5,13,4,4,5,4,5,2,17,1,69,2,9,4,1,7,9,8,20,1,11,,44,,1,21,121.5222425,25.06385348
113,11,17,15,19,2,09北投區,北投區大度路3段與聖景路口,0,0,2,1,C03,7,5,5,50,3,2,1,5,4,5,13,1,1,3,4,3,1,17,1,20,3,10,3,4,7,6,1,10,1,12,,71,,1,21,121.4641072,25.1238122
113,11,17,15,19,2,09北投區,北投區大度路3段與聖景路口,0,0,2,2,C03,7,5,5,50,3,2,1,5,4,5,13,1,1,3,4,3,1,17,1,22,2,9,3,4,7,9,1,10,1,11,,44,,1,21,121.4641072,25.1238122
113,11,17,15,19,2,09北投區,北投區大度路3段與聖景路口,0,0,2,3,H02,7,5,5,50,3,2,1,5,4,5,13,1,1,3,4,3,1,17,1,24,2,9,4,5,8,20,8,20,10,16,,67,,1,21,121.4641072,25.1238122
113,11,17,16,13,2,05中正區,中正區中華路1段與衡陽路口,0,0,1,1,B01,8,6,5,50,5,2,1,5,4,5,13,1,1,5,4,5,2,17,1,51,3,10,2,1,7,14,1,4,2,2,,38,,1,21,121.5085023,25.0422091
113,11,17,16,13,2,05中正區,中正區中華路1段與衡陽路口,0,0,1,2,C03,8,6,5,50,5,2,1,5,4,5,13,1,1,5,4,5,2,17,1,26,2,9,5,1,7,9,1,10,2,14,,44,,1,21,121.5085023,25.0422091
113,11,17,16,13,2,05中正區,中正區中華路1段與衡陽路口,0,0,1,3,H02,8,6,5,50,5,2,1,5,4,5,13,1,1,5,4,5,2,17,1,18,3,10,4,5,7,20,8,20,10,17,,126,,1,21,121.5085023,25.0422091
113,11,17,16,30,2,08士林區,士林區承德路4段與劍潭路口,0,0,2,1,C03,7,6,5,50,4,18,1,5,4,5,13,1,1,1,4,5,1,3,2,31,2,9,6,1,7,9,1,10,2,11,,70,,1,22,121.5233396,25.0839574
113,11,17,16,30,2,08士林區,士林區承德路4段與劍潭路口,0,0,2,2,H01,7,6,5,50,4,18,1,5,4,5,13,1,1,1,4,5,1,3,2,59,2,9,4,5,8,16,8,20,10,16,,122,,1,22,121.5233396,25.0839574
113,11,17,16,48,2,01大同區,大同區大龍街與民族西路口,0,0,1,1,B12,7,6,5,50,5,2,1,5,4,5,13,2,1,5,4,5,2,17,1,42,3,10,2,1,7,14,1,8,1,4,,40,,1,21,121.5158026,25.0686457
113,11,17,16,48,2,01大同區,大同區大龍街與民族西路口,0,0,1,2,F01,7,6,5,50,5,2,1,5,4,5,13,2,1,5,4,5,2,17,2,40,2,9,2,1,7,9,8,20,1,12,,44,,1,21,121.5158026,25.0686457
113,11,17,17,22,2,07信義區,信義區逸仙路與逸仙路26巷口,0,0,1,1,C03,6,5,5,50,3,1,1,4,4,5,13,1,1,9,4,5,2,13,1,25,3,10,6,1,7,9,1,10,1,11,,108,,1,21,121.5615542,25.039655
113,11,17,17,22,2,07信義區,信義區逸仙路與逸仙路26巷口,0,0,1,2,C03,6,5,5,50,3,1,1,4,4,5,13,1,1,9,4,5,2,13,1,31,2,9,6,1,7,14,1,10,1,13,,44,,1,21,121.5615542,25.039655
113,11,17,18,21,2,01大同區,大同區延平北路2段與民生西路口,0,0,1,1,C03,7,5,5,50,5,2,1,5,4,5,13,4,4,5,5,5,2,17,1,32,3,10,6,1,7,9,1,10,2,14,,44,,1,21,121.5115717,25.0567899
113,11,17,18,21,2,01大同區,大同區延平北路2段與民生西路口,0,0,1,2,C03,7,5,5,50,5,2,1,5,4,5,13,4,4,5,5,5,2,17,2,27,2,9,6,1,7,9,1,10,2,12,,44,,1,21,121.5115717,25.0567899
113,11,17,18,21,2,01大同區,大同區延平北路2段與民生西路口,0,0,1,3,B02,7,5,5,50,5,2,1,5,4,5,13,4,4,5,5,5,2,17,1,35,3,10,7,1,7,9,1,8,2,7,,44,,1,21,121.5115717,25.0567899
113,11,17,18,21,2,01大同區,大同區延平北路2段與民生西路口,0,0,1,4,C03,7,5,5,50,5,2,1,5,4,5,13,4,4,5,5,5,2,17,1,48,4,11,3,4,7,9,1,10,11,17,,99,,2,21,121.5115717,25.0567899
113,11,17,19,32,2,03中山區,中山區大直街2巷與大直街口,0,0,1,1,B01,7,5,5,50,3,2,1,5,4,5,13,4,4,5,5,5,2,3,1,56,3,10,3,4,7,11,1,4,9,4,,10,,2,21,121.5464817,25.0809346
113,11,17,19,32,2,03中山區,中山區大直街2巷與大直街口,0,0,1,2,H01,7,5,5,50,3,2,1,5,4,5,13,4,4,5,5,5,2,3,2,40,2,9,4,5,8,16,8,20,10,16,,121,,1,21,121.5464817,25.0809346
113,11,17,20,40,2,05中正區,中正區重慶北路1段(桃園捷運台北車站5號出入口),0,0,1,2,,7,5,5,30,11,9,1,5,4,1,11,4,4,5,4,5,2,28,3,0,,,,,,,,,,,,67,,1,,121.5132576,25.04874947
113,11,17,20,40,2,05中正區,中正區重慶北路1段(桃園捷運台北車站5號出入口),0,0,1,1,C03,7,5,5,30,11,9,1,5,4,1,11,4,4,5,4,5,2,28,1,22,2,9,5,1,7,9,1,10,2,11,,44,,1,22,121.5132576,25.04874947
113,11,17,21,11,2,04大安區,大安區敦化南路1段與仁愛路4段口,0,0,1,1,C03,6,5,5,50,4,1,1,4,4,5,13,1,1,1,4,5,2,17,2,66,2,9,6,1,7,6,1,10,1,15,,71,,1,21,121.5485789,25.0370028
113,11,17,21,11,2,04大安區,大安區敦化南路1段與仁愛路4段口,0,0,1,2,B01,6,5,5,50,4,1,1,4,4,5,13,1,1,1,4,5,2,17,1,69,3,10,7,1,7,9,1,4,1,15,,44,,1,21,121.5485789,25.0370028
113,11,17,21,24,2,07信義區,信義區松仁路89號,0,0,3,1,C03,6,5,5,50,14,9,1,4,4,5,13,2,1,1,4,5,2,13,2,48,2,8,5,1,7,9,1,10,1,11,,108,,1,21,121.5684955,25.0373119
113,11,17,21,24,2,07信義區,信義區松仁路89號,0,0,3,2,C03,6,5,5,50,14,9,1,4,4,5,13,2,1,1,4,5,2,13,1,19,2,8,5,1,7,14,1,10,1,13,,44,,1,21,121.5684955,25.0373119
113,11,17,21,24,2,07信義區,信義區松仁路89號,0,0,3,3,H02,6,5,5,50,14,9,1,4,4,5,13,2,1,1,4,5,2,13,2,17,2,9,5,5,7,20,8,20,10,16,,67,,1,21,121.5684955,25.0373119
113,11,17,21,50,2,01大同區,大同區民權西路129號,0,0,1,1,C03,6,5,5,50,14,9,1,4,4,5,13,4,4,9,4,5,2,17,1,18,3,10,3,4,7,9,3,18,11,11,,16,,1,21,121.5177788,25.0630169
113,11,17,21,50,2,01大同區,大同區民權西路129號,0,0,1,2,C03,6,5,5,50,14,9,1,4,4,5,13,4,4,9,4,5,2,17,1,46,2,8,6,1,7,9,1,10,1,13,,44,,1,21,121.5177788,25.0630169
113,11,17,22,4,2,03中山區,中山區中山北路2段與中山北路2段59巷口,0,0,2,1,B03,7,5,5,30,3,2,1,4,4,5,13,4,4,5,5,1,2,16,1,32,3,10,7,1,7,6,1,8,1,7,,72,,1,22,121.522917,25.0559783
113,11,17,22,4,2,03中山區,中山區中山北路2段與中山北路2段59巷口,0,0,2,2,C03,7,5,5,30,3,2,1,4,4,5,13,4,4,5,5,1,2,16,1,19,2,9,6,1,7,9,1,10,1,11,,13,,1,22,121.522917,25.0559783
113,11,17,22,4,2,03中山區,中山區中山北路2段與中山北路2段59巷口,0,0,2,3,H02,7,5,5,30,3,2,1,4,4,5,13,4,4,5,5,1,2,16,2,19,2,9,6,5,7,21,8,20,10,16,,67,,1,22,121.522917,25.0559783
113,11,17,22,27,2,09北投區,北投區新市街39號,0,0,1,1,C03,8,5,5,30,14,9,1,5,4,5,13,4,4,9,5,5,1,16,1,54,3,10,5,1,7,5,1,10,1,14,,118,,1,21,121.5020458,25.1320896
113,11,17,22,27,2,09北投區,北投區新市街39號,0,0,1,2,C03,8,5,5,30,14,9,1,5,4,5,13,4,4,9,5,5,1,16,1,26,2,8,5,1,7,9,1,10,1,12,,44,,1,21,121.5020458,25.1320896
113,11,17,22,52,2,05中正區,中正區林森南路與羅斯福路1段口口,0,0,1,2,C03,6,5,5,30,4,1,1,4,4,5,13,1,1,1,4,5,1,12,2,32,2,7,6,1,7,9,1,10,1,15,,101,,1,21,121.5181242,25.0329038
113,11,17,22,52,2,05中正區,中正區林森南路與羅斯福路1段口口,0,0,1,1,B03,6,5,5,30,4,1,1,4,4,5,13,1,1,1,4,5,1,12,1,25,3,10,3,4,7,9,1,6,9,4,,101,,1,21,121.5181242,25.0329038
113,11,17,22,56,2,04大安區,大安區忠孝東路4段319號,0,0,1,1,B01,6,5,5,50,14,18,1,4,4,5,13,2,1,1,3,5,2,3,1,66,3,10,7,1,7,9,1,4,1,8,,81,,1,21,121.5560929,25.0414084
113,11,17,22,56,2,04大安區,大安區忠孝東路4段319號,0,0,1,2,H01,6,5,5,50,14,18,1,4,4,5,13,2,1,1,3,5,2,3,1,9,2,8,4,5,8,16,8,20,10,16,,67,,1,21,121.5560929,25.0414084
113,11,18,1,26,2,05中正區,中正區汀州路3段104巷與汀州路3段口口,0,0,1,1,B03,6,5,5,30,3,1,1,4,4,3,10,4,4,9,5,5,2,16,1,19,3,10,3,4,7,5,1,8,1,1,,74,,1,21,121.533031,25.0145069
113,11,18,1,26,2,05中正區,中正區汀州路3段104巷與汀州路3段口口,0,0,1,2,C03,6,5,5,30,3,1,1,4,4,3,10,4,4,9,5,5,2,16,1,26,2,8,5,1,7,9,1,10,1,12,,44,,1,21,121.533031,25.0145069
113,11,18,5,17,2,04大安區,大安區信義路4段與敦化南路1段口,0,0,2,1,C03,7,5,5,50,4,2,1,4,4,5,13,4,4,1,4,5,2,13,1,23,2,9,5,1,7,9,1,10,1,11,,108,,1,21,121.5483437,25.0331853
113,11,18,5,17,2,04大安區,大安區信義路4段與敦化南路1段口,0,0,2,2,C03,7,5,5,50,4,2,1,4,4,5,13,4,4,1,4,5,2,13,1,63,2,9,5,1,7,14,1,10,1,13,,44,,1,21,121.5483437,25.0331853
113,11,18,7,45,2,03中山區,中山區北安路與敬業二路口,0,0,1,1,B03,7,7,5,50,3,1,1,5,4,5,13,4,4,9,4,5,2,17,1,56,3,10,7,1,7,8,1,8,1,17,,100,,1,21,121.5544133,25.0851049
113,11,18,7,45,2,03中山區,中山區北安路與敬業二路口,0,0,1,2,C03,7,7,5,50,3,1,1,5,4,5,13,4,4,9,4,5,2,17,1,44,2,9,5,1,7,9,1,10,1,17,,44,,1,21,121.5544133,25.0851049
113,11,18,7,55,2,08士林區,士林區天玉街38巷13弄與天玉街38巷口,0,0,1,1,B03,6,6,5,50,4,2,1,4,4,5,13,2,1,9,4,5,1,3,2,47,3,10,3,4,7,5,1,8,1,8,,70,,1,21,121.5293196,25.1201142
113,11,18,7,55,2,08士林區,士林區天玉街38巷13弄與天玉街38巷口,0,0,1,2,H01,6,6,5,50,4,2,1,4,4,5,13,2,1,9,4,5,1,3,1,45,2,9,4,5,8,16,8,20,10,16,,67,,1,21,121.5293196,25.1201142
113,11,18,8,11,2,06松山區,松山區民權東路5段與撫遠街口,0,0,1,1,C03,6,6,5,50,4,1,1,4,4,5,13,1,1,1,4,5,2,18,1,56,2,9,5,1,7,9,1,10,1,14,,5,,1,22,121.5658557,25.0631259
113,11,18,8,11,2,06松山區,松山區民權東路5段與撫遠街口,0,0,1,2,,6,6,5,50,4,1,1,4,4,5,13,1,1,1,4,5,2,18,3,0,,,,,,,,,,,,67,,1,,121.5658557,25.0631259
113,11,18,8,15,2,02萬華區,萬華區莒光路與萬大路口,0,0,2,1,C03,7,6,5,50,4,2,1,5,4,5,13,2,1,5,4,5,1,17,1,43,2,8,3,4,7,9,1,10,1,11,,16,,1,22,121.5061005,25.03447793
113,11,18,8,15,2,02萬華區,萬華區莒光路與萬大路口,0,0,2,2,C03,7,6,5,50,4,2,1,5,4,5,13,2,1,5,4,5,1,17,1,27,2,7,3,4,7,9,1,10,1,12,,44,,1,22,121.5061005,25.03447793
113,11,18,8,17,2,03中山區,中山區建國北路1段92巷與建國北路1段口,0,0,1,1,C03,7,7,5,50,14,9,1,5,4,5,13,4,4,9,4,5,2,12,1,40,3,10,5,1,7,8,1,10,2,12,,9,,1,21,121.5362444,25.0492799
113,11,18,8,17,2,03中山區,中山區建國北路1段92巷與建國北路1段口,0,0,1,2,C03,7,7,5,50,14,9,1,5,4,5,13,4,4,9,4,5,2,12,1,55,2,8,5,1,7,9,1,10,2,11,,44,,1,21,121.5362444,25.0492799
113,11,18,8,26,2,11南港區,南港區松河街與興華路口口,0,0,1,1,B02,6,5,5,50,4,1,1,4,4,5,13,4,4,4,1,5,1,16,2,45,3,10,7,1,7,5,1,8,1,17,,72,,1,22,121.6051575,25.05871931
113,11,18,8,26,2,11南港區,南港區松河街與興華路口口,0,0,1,2,C03,6,5,5,50,4,1,1,4,4,5,13,4,4,4,1,5,1,16,2,32,2,9,6,1,7,9,1,10,1,17,,44,,1,22,121.6051575,25.05871931
113,11,18,8,27,2,06松山區,松山區民生東路3段156號,0,0,1,1,C03,6,5,5,50,14,9,1,4,4,5,13,4,4,1,3,5,2,13,1,26,2,9,5,1,7,9,1,10,2,11,,16,,1,21,121.5473876,25.0576679
113,11,18,8,27,2,06松山區,松山區民生東路3段156號,0,0,1,2,B03,6,5,5,50,14,9,1,4,4,5,13,4,4,1,3,5,2,13,1,29,3,10,3,4,7,12,1,8,2,6,,44,,1,21,121.5473876,25.0576679
113,11,18,8,37,2,03中山區,中山區民族東路與建國北路3段口,0,0,2,1,C03,7,7,5,50,5,1,1,5,4,5,13,2,1,1,4,4,2,17,2,19,2,8,6,4,7,7,1,10,2,14,,100,,1,21,121.5333975,25.0682724
113,11,18,8,37,2,03中山區,中山區民族東路與建國北路3段口,0,0,2,2,B03,7,7,5,50,5,1,1,5,4,5,13,2,1,1,4,4,2,17,1,79,3,10,3,4,7,7,1,8,2,2,,44,,1,21,121.5333975,25.0682724
113,11,18,8,37,2,03中山區,中山區民族東路與建國北路3段口,0,0,2,3,H02,7,7,5,50,5,1,1,5,4,5,13,2,1,1,4,4,2,17,2,19,2,8,6,5,7,20,8,20,10,16,,67,,1,21,121.5333975,25.0682724
113,11,18,8,37,2,03中山區,中山區民族東路與建國北路3段口,0,0,2,4,B03,7,7,5,50,5,1,1,5,4,5,13,2,1,1,4,4,2,17,1,56,3,10,3,4,7,9,1,8,9,17,,42,,2,21,121.5333975,25.0682724
113,11,18,8,54,2,06松山區,松山區塔悠路與撫遠街403巷口,0,0,1,1,C03,6,7,5,50,3,1,1,4,4,5,13,2,1,1,4,5,2,17,2,23,2,9,6,1,7,9,1,10,2,11,,81,,1,21,121.5677786,25.0663915
113,11,18,8,54,2,06松山區,松山區塔悠路與撫遠街403巷口,0,0,1,2,B12,6,7,5,50,3,1,1,4,4,5,13,2,1,1,4,5,2,17,1,46,3,10,7,1,7,5,1,8,2,2,,44,,1,21,121.5677786,25.0663915
113,11,18,8,54,2,12內湖區,內湖區環東大道與堤頂大道1段口,0,0,1,1,B03,6,6,5,60,10,7,1,4,4,5,13,4,4,2,5,5,2,13,1,53,3,10,7,1,7,9,1,8,1,1,,42,,1,21,121.5724314,25.06429325
113,11,18,8,54,2,12內湖區,內湖區環東大道與堤頂大道1段口,0,0,1,2,B03,6,6,5,60,10,7,1,4,4,5,13,4,4,2,5,5,2,13,1,45,3,10,7,1,7,14,1,8,1,3,,44,,1,21,121.5724314,25.06429325
113,11,18,8,54,2,12內湖區,內湖區環東大道與堤頂大道1段口,0,0,1,3,B03,6,6,5,60,10,7,1,4,4,5,13,4,4,2,5,5,2,13,1,57,3,10,7,1,7,14,1,8,1,3,,44,,1,21,121.5724314,25.06429325
113,11,18,8,54,2,12內湖區,內湖區環東大道與堤頂大道1段口,0,0,1,4,H02,6,6,5,60,10,7,1,4,4,5,13,4,4,2,5,5,2,13,2,42,2,9,7,5,7,21,8,20,10,16,,67,,1,21,121.5724314,25.06429325
113,11,18,8,55,2,06松山區,松山區八德路3段155巷與八德路3段口,0,0,2,1,C03,7,6,5,50,3,2,1,4,4,5,13,2,1,6,3,5,2,17,2,46,2,9,6,1,7,5,1,10,1,12,,71,,1,22,121.55506,25.0481406
113,11,18,8,55,2,06松山區,松山區八德路3段155巷與八德路3段口,0,0,2,2,C03,7,6,5,50,3,2,1,4,4,5,13,2,1,6,3,5,2,17,2,20,2,9,6,1,7,21,1,10,1,11,,44,,1,21,121.55506,25.0481406
113,11,18,9,0,2,07信義區,信義區和平東路3段697之12號,0,0,1,1,C03,6,7,5,40,14,9,1,4,4,5,13,4,4,5,4,5,1,12,1,21,2,9,5,1,7,9,1,10,1,14,,108,,1,23,121.5652159,25.0100371
113,11,18,9,0,2,07信義區,信義區和平東路3段697之12號,0,0,1,2,B03,6,7,5,40,14,9,1,4,4,5,13,4,4,5,4,5,1,12,1,67,3,10,7,1,7,9,1,8,9,15,,44,,1,21,121.5652159,25.0100371
113,11,18,9,1,2,09北投區,北投區承德路7段與立農街1段口,0,0,1,1,B03,7,5,5,30,3,1,1,5,4,5,13,4,4,1,4,4,2,16,2,40,3,10,7,1,7,6,1,8,1,8,,72,,1,21,121.5026157,25.1187002
113,11,18,9,1,2,09北投區,北投區承德路7段與立農街1段口,0,0,1,2,C03,7,5,5,30,3,1,1,5,4,5,13,4,4,1,4,4,2,16,1,70,2,9,5,1,7,9,1,10,1,12,,14,,1,21,121.5026157,25.1187002
113,11,18,9,20,2,07信義區,信義區信義路5段與松勇路口,0,0,1,1,B11,6,7,5,50,3,1,1,4,4,5,13,4,4,5,4,5,2,17,1,57,3,10,3,4,7,6,1,8,1,5,,9,,1,21,121.5696955,25.0330126
113,11,18,9,20,2,07信義區,信義區信義路5段與松勇路口,0,0,1,2,F01,6,7,5,50,3,1,1,4,4,5,13,4,4,5,4,5,2,17,2,25,2,9,3,4,7,9,8,20,1,12,,44,,1,21,121.5696955,25.0330126
113,11,18,9,29,2,07信義區,信義區永吉路與松信路口,0,0,1,1,B12,6,7,5,50,4,2,1,4,4,5,13,2,1,3,4,4,2,13,1,50,3,10,7,1,7,9,1,8,1,1,,16,,1,21,121.5722778,25.0456223
113,11,18,9,29,2,07信義區,信義區永吉路與松信路口,0,0,1,2,B03,6,7,5,50,4,2,1,4,4,5,13,2,1,3,4,4,2,13,1,50,2,1,7,1,7,9,1,8,1,3,,44,,1,21,121.5722778,25.0456223
113,11,18,10,2,2,03中山區,中山區松江路與長安東路2段口,0,0,2,1,C03,7,6,5,50,14,9,1,5,4,5,13,2,1,1,3,1,2,13,2,19,2,9,6,1,7,9,1,10,1,11,,16,,1,22,121.5328898,25.0487784
113,11,18,10,2,2,03中山區,中山區松江路與長安東路2段口,0,0,2,2,C03,7,6,5,50,14,9,1,5,4,5,13,2,1,1,3,1,2,13,2,22,2,9,6,1,7,9,1,10,1,13,,44,,1,22,121.5328898,25.0487784
113,11,18,10,2,2,03中山區,中山區松江路與長安東路2段口,0,0,2,3,B11,7,6,5,50,14,9,1,5,4,5,13,2,1,1,3,1,2,13,1,36,3,10,7,1,7,7,1,4,9,17,,100,,1,21,121.5328898,25.0487784
113,11,18,10,7,2,08士林區,士林區文林路與福德路口,0,0,1,1,E03,7,7,5,50,4,18,1,4,4,5,13,2,1,9,4,5,1,9,1,57,3,10,7,1,7,5,1,8,2,4,,70,,1,23,121.5259725,25.0923369
113,11,18,10,7,2,08士林區,士林區文林路與福德路口,0,0,1,2,H01,7,7,5,50,4,18,1,4,4,5,13,2,1,9,4,5,1,9,1,51,2,7,4,5,8,16,8,20,10,16,,67,,1,21,121.5259725,25.0923369
113,11,18,10,10,1,04大安區,大安區和平東路1段與溫州街口,1,0,0,1,B01,6,6,5,50,3,1,1,4,4,5,13,2,1,1,4,4,2,16,1,54,3,10,3,4,7,5,1,4,2,5,,71,,1,21,121.5336251,25.0261109
113,11,18,10,10,1,04大安區,大安區和平東路1段與溫州街口,1,0,0,2,C03,6,6,5,50,3,1,1,4,4,5,13,2,1,1,4,4,2,16,2,51,1,1,6,4,7,9,1,10,9,11,,44,,1,22,121.5336251,25.0261109
113,11,18,10,11,2,06松山區,松山區八德路2段410巷與八德路2段410巷88弄口,0,0,2,1,C03,6,5,5,30,5,1,1,4,4,3,13,4,4,10,4,5,2,15,1,27,2,9,5,1,7,9,1,10,1,11,,72,,1,22,121.5467183,25.0461588
113,11,18,10,11,2,06松山區,松山區八德路2段410巷與八德路2段410巷88弄口,0,0,2,2,C03,6,5,5,30,5,1,1,4,4,3,13,4,4,10,4,5,2,15,1,38,2,9,5,1,7,9,1,10,1,11,,108,,1,22,121.5467183,25.0461588
113,11,18,10,11,2,06松山區,松山區八德路2段410巷與八德路2段410巷88弄口,0,0,2,3,B03,6,5,5,30,5,1,1,4,4,3,13,4,4,10,4,5,2,15,1,29,3,10,3,4,7,13,1,8,11,17,,38,,1,22,121.5467183,25.0461588
113,11,18,10,24,2,05中正區,中正區汀州路2段與廈門街48巷口,0,0,1,1,C03,8,6,5,50,3,1,1,5,4,5,13,4,4,5,2,5,2,17,1,41,3,10,5,1,7,6,1,10,2,14,,80,,1,21,121.5171479,25.0255448
113,11,18,10,24,2,05中正區,中正區汀州路2段與廈門街48巷口,0,0,1,2,C03,8,6,5,50,3,1,1,5,4,5,13,4,4,5,2,5,2,17,2,53,2,9,5,1,7,9,1,10,2,12,,44,,1,21,121.5171479,25.0255448
113,11,18,11,22,2,12內湖區,中正區博愛路與廣州街口口,,,,1,B03,7,,,50,,,,,,,,,,,,,,,1,68,,,,,,,,,1,,,,,,,121.5113061,25.0354186
113,11,18,11,22,2,12內湖區,中正區博愛路與廣州街口口,,,,2,C03,7,,,50,,,,,,,,,,,,,,,1,38,,,,,,,,,1,,,,,,,121.5113061,25.0354186
113,11,18,11,44,2,01大同區,大同區通河西街堤外便道(柱子P10),0,0,1,1,C03,7,7,5,30,14,9,1,5,4,5,13,4,4,10,5,5,2,11,1,30,2,9,6,1,7,9,1,10,1,14,,108,,1,22,121.519644,25.076904
113,11,18,11,44,2,01大同區,大同區通河西街堤外便道(柱子P10),0,0,1,2,B03,7,7,5,30,14,9,1,5,4,5,13,4,4,10,5,5,2,11,1,51,3,10,3,1,7,9,1,8,1,8,,44,,1,22,121.519644,25.076904
113,11,18,11,45,2,03中山區,中山區敬業三路與樂群二路口,0,0,2,1,B03,6,7,8,50,4,1,1,4,4,5,13,1,1,1,4,5,2,15,1,51,3,10,7,1,7,9,1,8,1,1,,81,,1,22,121.5563724,25.0799256
113,11,18,11,45,2,03中山區,中山區敬業三路與樂群二路口,0,0,2,2,B03,6,7,8,50,4,1,1,4,4,5,13,1,1,1,4,5,2,15,1,36,2,9,7,1,7,9,1,8,1,1,,44,,1,22,121.5563724,25.0799256
113,11,18,11,45,2,03中山區,中山區敬業三路與樂群二路口,0,0,2,3,B02,6,7,8,50,4,1,1,4,4,5,13,1,1,1,4,5,2,15,1,50,3,10,7,1,7,9,1,8,1,1,,44,,1,22,121.5563724,25.0799256
113,11,18,11,45,2,03中山區,中山區敬業三路與樂群二路口,0,0,2,4,H02,6,7,8,50,4,1,1,4,4,5,13,1,1,1,4,5,2,15,2,37,2,9,7,5,7,17,8,20,10,16,,67,,1,22,121.5563724,25.0799256
113,11,18,11,47,2,10文山區,文山區木柵路1段與辛亥路7段口,0,0,1,1,B12,6,6,5,50,4,18,1,4,4,5,13,2,1,10,5,5,2,3,1,43,3,10,3,4,7,5,1,8,2,8,,118,,1,22,121.5523403,24.9876951
113,11,18,11,47,2,10文山區,文山區木柵路1段與辛亥路7段口,0,0,1,2,H01,6,6,5,50,4,18,1,4,4,5,13,2,1,10,5,5,2,3,1,30,2,7,4,5,8,16,8,20,10,16,,60,,1,22,121.5523403,24.9876951
113,11,18,11,51,2,04大安區,大安區辛亥路3段與復興南路2段口,0,0,1,1,B03,6,5,5,50,5,2,1,4,4,5,13,2,1,8,3,4,1,16,1,30,3,10,7,1,7,9,1,8,1,17,,80,,1,21,121.5436097,25.0210144