發生年度,發生月,發生日,發生時-Hours,發生分,處理別-編號,區序,肇事地點,死亡人數,2-30日死亡人數,受傷人數,當事人序號,車種,天候,道路照明設備,道路類別,速限-速度限制,道路型態,事故位置,路面狀況1,路面狀況2,路面狀況3,道路障礙1,道路障礙2,號誌1,號誌2,車道劃分-分向,車道劃分-分道1,車道劃分-分道2,車道劃分-分道3,事故類型及型態,性別,年齡,受傷程度,主要傷處,保護裝置,行動電話,車輛用途,當事者行動狀態,駕駛資格情形,駕駛執照種類,飲酒情形,車輛撞擊部位1,車輛撞擊部位2,肇因碼-個別,肇因碼-主要,個人肇逃否,職業,座標-X,座標-Y
113,11,18,11,51,2,04大安區,大安區辛亥路3段與復興南路2段口,0,0,1,2,C03,6,5,5,50,5,2,1,4,4,5,13,2,1,8,3,4,1,16,2,27,2,8,6,1,7,9,1,10,1,14,,44,,1,21,121.5436097,25.0210144
113,11,18,12,2,2,07信義區,信義區基隆路2段131-12號,0,0,1,1,C03,6,7,5,50,14,9,1,4,4,5,13,4,4,3,4,5,2,12,1,67,3,10,6,1,7,9,1,10,11,12,,17,,2,21,121.556426,25.0276907
113,11,18,12,2,2,07信義區,信義區基隆路2段131-12號,0,0,1,2,F01,6,7,5,50,14,9,1,4,4,5,13,4,4,3,4,5,2,12,2,69,2,8,4,1,7,9,8,20,1,14,,44,,1,21,121.556426,25.0276907
113,11,18,12,10,2,08士林區,士林區仰德大道2段與仰德大道2段161巷口,0,0,1,1,B11,6,6,5,40,3,1,1,4,4,5,13,4,4,4,3,5,1,16,1,51,3,10,3,4,7,6,1,4,1,2,,9,,1,22,121.5485464,25.11051107
113,11,18,12,10,2,08士林區,士林區仰德大道2段與仰德大道2段161巷口,0,0,1,2,C03,6,6,5,40,3,1,1,4,4,5,13,4,4,4,3,5,1,16,1,18,2,8,3,4,7,9,1,10,1,11,,13,,1,22,121.5485464,25.11051107
113,11,18,12,14,2,05中正區,中正區和平西路1段與牯嶺街口,0,0,1,1,B01,6,6,5,50,4,1,1,4,4,5,13,1,1,1,4,5,2,12,2,45,3,10,7,1,7,9,1,4,11,2,,99,,2,21,121.5190009,25.0265047
113,11,18,12,14,2,05中正區,中正區和平西路1段與牯嶺街口,0,0,1,2,C03,6,6,5,50,4,1,1,4,4,5,13,1,1,1,4,5,2,12,1,36,2,7,5,1,7,9,1,10,1,14,,44,,1,21,121.5190009,25.0265047
113,11,18,13,40,2,03中山區,中山區南京東路3段223巷與南京東路3段口,0,0,1,1,B03,8,7,5,50,3,1,1,5,4,5,13,4,4,7,2,5,2,17,1,29,3,10,7,1,7,6,1,8,11,17,,9,,1,21,121.5434593,25.0519656
113,11,18,13,40,2,03中山區,中山區南京東路3段223巷與南京東路3段口,0,0,1,2,C03,8,7,5,50,3,1,1,5,4,5,13,4,4,7,2,5,2,17,1,39,2,9,5,1,7,9,1,10,1,17,,14,,1,21,121.5434593,25.0519656
113,11,18,13,50,2,12內湖區,內湖區東湖路110號,0,0,1,1,A02,7,5,5,50,14,9,1,5,4,5,13,4,4,4,3,5,1,9,1,53,3,10,3,4,7,15,1,2,11,17,,118,,1,21,121.6158234,25.0683498
113,11,18,13,50,2,12內湖區,內湖區東湖路110號,0,0,1,2,H02,7,5,5,50,14,9,1,5,4,5,13,4,4,4,3,5,1,9,2,55,2,9,3,5,7,20,8,20,10,16,,67,,1,21,121.6158234,25.0683498
113,11,18,14,11,2,04大安區,大安區復興南路1段與復興南路1段107巷口,0,0,1,1,B13,6,5,5,50,3,19,1,4,4,3,13,4,4,10,5,5,2,3,1,45,3,10,7,1,7,9,1,8,1,2,,70,,1,21,121.5440509,25.0436443
113,11,18,14,11,2,04大安區,大安區復興南路1段與復興南路1段107巷口,0,0,1,2,H01,6,5,5,50,3,19,1,4,4,3,13,4,4,10,5,5,2,3,2,93,2,9,4,5,8,16,8,20,10,16,,121,,1,21,121.5440509,25.0436443
113,11,18,14,11,2,04大安區,大安區復興南路1段與復興南路1段107巷口,0,0,1,3,B12,6,5,5,50,3,19,1,4,4,3,13,4,4,10,5,5,2,3,1,63,3,10,7,1,7,13,1,8,1,17,,38,,1,21,121.5440509,25.0436443
113,11,18,14,20,2,03中山區,中山區建國北路1段與長安東路2段口,0,0,2,1,B03,7,6,5,50,4,1,1,4,4,5,13,2,1,1,4,5,2,15,2,73,3,10,7,1,7,9,1,8,1,2,,81,,1,22,121.5368676,25.048454
113,11,18,14,20,2,03中山區,中山區建國北路1段與長安東路2段口,0,0,2,2,C03,7,6,5,50,4,1,1,4,4,5,13,2,1,1,4,5,2,15,1,33,2,9,6,1,7,9,1,10,1,11,,44,,1,22,121.5368676,25.048454
113,11,18,14,20,2,03中山區,中山區建國北路1段與長安東路2段口,0,0,2,3,H02,7,6,5,50,4,1,1,4,4,5,13,2,1,1,4,5,2,15,2,44,2,7,6,5,7,20,8,20,10,16,,67,,1,22,121.5368676,25.048454
113,11,18,14,23,2,01大同區,大同區重慶北路3段上國道往南,0,0,1,1,B03,7,6,5,50,14,7,1,5,4,5,13,4,4,1,4,5,2,17,1,75,3,10,7,1,7,7,1,8,1,8,,80,,1,21,121.513798,25.0786701
113,11,18,14,23,2,01大同區,大同區重慶北路3段上國道往南,0,0,1,2,A12,7,6,5,50,14,7,1,5,4,5,13,4,4,1,4,5,2,17,1,48,2,7,7,1,7,9,1,7,1,5,,44,,1,21,121.513798,25.0786701
113,11,18,14,58,2,11南港區,南港區研究院路4段163號,0,0,2,1,A04,6,7,5,40,14,9,1,3,4,5,13,4,4,4,5,5,1,17,1,37,3,10,7,1,7,9,1,2,9,17,,44,,1,26,121.5923322,25.01834278
113,11,18,14,58,2,11南港區,南港區研究院路4段163號,0,0,2,2,C03,6,7,5,40,14,9,1,3,4,5,13,4,4,4,5,5,1,17,2,50,2,9,5,1,7,9,1,10,1,17,,44,,1,21,121.5923322,25.01834278
113,11,18,14,58,2,11南港區,南港區研究院路4段163號,0,0,2,3,H02,6,7,5,40,14,9,1,3,4,5,13,4,4,4,5,5,1,17,2,25,2,9,5,5,7,20,8,20,10,17,,67,,1,25,121.5923322,25.01834278
113,11,18,15,25,2,05中正區,中正區羅斯福路2段與辛亥路1段口,0,0,1,1,B03,6,7,5,50,4,1,1,4,4,5,13,2,1,10,4,5,2,16,1,57,3,10,7,1,7,9,1,8,2,5,,44,,1,21,121.5291233,25.0198386
113,11,18,15,25,2,05中正區,中正區羅斯福路2段與辛亥路1段口,0,0,1,2,C03,6,7,5,50,4,1,1,4,4,5,13,2,1,10,4,5,2,16,2,51,2,9,5,1,7,5,1,10,2,14,,98,,1,21,121.5291233,25.0198386
113,11,18,15,43,2,12內湖區,內湖區成美橋南港往內湖,0,0,1,1,B03,6,6,5,50,8,9,1,4,4,5,13,4,4,5,4,5,1,13,1,25,3,10,7,1,7,9,1,8,1,5,,16,,1,21,121.5825817,25.05463835
113,11,18,15,43,2,12內湖區,內湖區成美橋南港往內湖,0,0,1,2,C03,6,6,5,50,8,9,1,4,4,5,13,4,4,5,4,5,1,13,1,68,2,9,6,1,7,9,1,10,1,13,,44,,1,21,121.5825817,25.05463835
113,11,18,16,47,2,03中山區,中山區北安路與中山北路4段口,0,0,1,1,C03,7,5,5,50,14,9,1,5,4,5,13,1,1,7,4,5,2,13,1,32,2,8,3,4,7,9,1,10,1,11,,16,,1,21,121.5270806,25.07647244
113,11,18,16,47,2,03中山區,中山區北安路與中山北路4段口,0,0,1,2,C03,7,5,5,50,14,9,1,5,4,5,13,1,1,7,4,5,2,13,1,39,3,10,3,4,7,5,1,10,1,13,,8,,1,21,121.5270806,25.07647244
113,11,18,16,58,2,05中正區,中正區館前路與開封街1段口,0,0,1,1,B03,7,6,5,50,3,1,1,5,4,5,13,4,4,10,4,5,2,2,1,56,3,10,7,1,7,5,1,8,9,8,,70,,1,21,121.5149048,25.0459733
113,11,18,16,58,2,05中正區,中正區館前路與開封街1段口,0,0,1,2,H01,7,6,5,50,3,1,1,5,4,5,13,4,4,10,4,5,2,2,2,38,2,8,4,5,8,16,8,20,10,16,,67,,1,21,121.5149048,25.0459733
113,11,18,17,0,2,08士林區,士林區文林路418號對面,0,0,1,1,C03,7,6,5,50,14,9,1,5,4,5,13,4,4,9,5,5,2,17,1,61,2,9,3,4,7,4,1,10,2,14,,108,,1,21,121.5248279,25.0941397
113,11,18,17,0,2,08士林區,士林區文林路418號對面,0,0,1,2,B01,7,6,5,50,14,9,1,5,4,5,13,4,4,9,5,5,2,17,1,57,3,10,3,4,7,9,1,2,2,2,,44,,1,21,121.5248279,25.0941397
113,11,18,17,0,2,08士林區,士林區文林路418號對面,0,0,1,3,A02,7,6,5,50,14,9,1,5,4,5,13,4,4,9,5,5,2,17,1,40,3,10,3,4,7,14,1,2,2,7,,44,,1,21,121.5248279,25.0941397
113,11,18,17,4,2,10文山區,文山區木新路3段與一壽街口口,0,0,1,1,B12,6,5,5,50,3,1,1,4,4,5,13,2,1,10,5,5,2,17,1,29,3,10,7,1,7,6,1,8,1,2,,9,,1,21,121.5563258,24.9805447
113,11,18,17,4,2,10文山區,文山區木新路3段與一壽街口口,0,0,1,2,C03,6,5,5,50,3,1,1,4,4,5,13,2,1,10,5,5,2,17,1,45,2,9,5,1,7,9,1,10,1,14,,44,,1,21,121.5563258,24.9805447
113,11,18,17,42,2,06松山區,松山區健康路282號,0,0,2,1,B03,6,5,5,40,14,9,1,4,4,5,13,4,4,1,4,5,2,17,1,38,3,10,7,1,7,14,1,8,2,4,,38,,1,25,121.5648766,25.0541645
113,11,18,17,42,2,06松山區,松山區健康路282號,0,0,2,2,C03,6,5,5,40,14,9,1,4,4,5,13,4,4,1,4,5,2,17,2,66,2,9,5,1,7,9,1,10,2,11,,108,,1,26,121.5648766,25.0541645
113,11,18,17,42,2,06松山區,松山區健康路282號,0,0,2,3,H01,6,5,5,40,14,9,1,4,4,5,13,4,4,1,4,5,2,17,2,37,2,9,4,5,8,16,8,20,10,16,,60,,1,25,121.5648766,25.0541645
113,11,18,18,10,2,12內湖區,內湖區新明路122號,0,0,2,1,C03,6,5,6,40,14,7,1,4,4,5,13,4,4,5,4,4,2,16,1,30,2,9,5,1,7,5,1,10,2,14,,19,,1,21,121.5889579,25.05918598
113,11,18,18,10,2,12內湖區,內湖區新明路122號,0,0,2,2,C03,6,5,6,40,14,7,1,4,4,5,13,4,4,5,4,4,2,16,2,22,2,9,5,1,7,9,1,10,2,11,,44,,1,21,121.5889579,25.05918598
113,11,18,18,12,2,11南港區,南港區市民大道8段與富康街口,0,0,2,1,C03,6,5,5,50,4,1,1,4,4,5,13,2,1,1,5,1,2,17,2,34,2,9,6,1,7,15,1,10,1,11,,5,,1,21,121.6171609,25.0544348
113,11,18,18,12,2,11南港區,南港區市民大道8段與富康街口,0,0,2,2,C03,6,5,5,50,4,1,1,4,4,5,13,2,1,1,5,1,2,17,1,44,2,8,6,1,7,5,1,10,1,11,,44,,1,21,121.6171609,25.0544348
113,11,18,18,17,2,05中正區,中正區羅斯福路1段與潮州街口,0,0,1,1,A02,6,5,5,50,4,2,1,4,4,5,13,1,1,1,4,5,2,9,1,50,3,10,7,1,7,14,1,2,2,17,,44,,1,22,121.5203803,25.0298211
113,11,18,18,17,2,05中正區,中正區羅斯福路1段與潮州街口,0,0,1,2,H02,6,5,5,50,4,2,1,4,4,5,13,1,1,1,4,5,2,9,2,61,2,9,2,5,7,19,8,20,10,16,,56,,1,22,121.5203803,25.0298211
113,11,18,18,18,2,12內湖區,內湖區瑞光路258巷2號前,0,0,1,1,C03,6,5,5,50,14,9,1,4,4,5,13,1,1,9,5,5,2,12,1,25,2,8,6,1,7,12,1,9,1,12,,99,,1,21,121.5754293,25.0752168
113,11,18,18,18,2,12內湖區,內湖區瑞光路258巷2號前,0,0,1,2,B03,6,5,5,50,14,9,1,4,4,5,13,1,1,9,5,5,2,12,1,53,3,10,7,1,7,14,1,8,1,8,,44,,1,21,121.5754293,25.0752168
113,11,18,18,18,2,12內湖區,內湖區瑞光路258巷2號前,0,0,1,3,H01,6,5,5,50,14,9,1,4,4,5,13,1,1,9,5,5,2,12,3,0,,,,,,,,,,,,121,,1,,121.5754293,25.0752168
113,11,18,18,18,2,07信義區,信義區光復南路415巷與無名巷口口,0,0,1,1,B01,6,5,5,30,4,1,1,4,4,5,13,4,4,10,5,5,2,15,1,40,3,10,7,1,7,9,1,4,1,1,,80,,1,26,121.5584331,25.0371774
113,11,18,18,18,2,07信義區,信義區光復南路415巷與無名巷口口,0,0,1,2,B03,6,5,5,30,4,1,1,4,4,5,13,4,4,10,5,5,2,15,2,36,2,7,7,1,7,9,1,8,1,8,,80,,1,26,121.5584331,25.0371774
113,11,18,18,19,2,10文山區,文山區指南路2段45巷與指南路2段45巷14弄口,0,0,2,1,C03,6,5,5,30,4,1,1,4,4,5,13,4,4,10,5,5,2,15,2,22,2,9,3,4,7,9,1,10,9,14,,72,,1,25,121.5752178,24.9890156
113,11,18,18,19,2,10文山區,文山區指南路2段45巷與指南路2段45巷14弄口,0,0,2,2,C03,6,5,5,30,4,1,1,4,4,5,13,4,4,10,5,5,2,15,2,39,2,9,3,4,7,9,1,10,9,11,,14,,1,22,121.5752178,24.9890156
113,11,18,18,21,2,03中山區,中山區劍南捷運站與北安路口東向西，1號出口旁,0,0,1,1,B01,6,5,5,50,14,9,1,4,4,5,13,4,4,1,4,5,2,13,1,58,3,10,7,1,7,7,1,4,2,5,,16,,1,21,121.553558,25.0855461
113,11,18,18,21,2,03中山區,中山區劍南捷運站與北安路口東向西，1號出口旁,0,0,1,2,B01,6,5,5,50,14,9,1,4,4,5,13,4,4,1,4,5,2,13,1,57,3,10,7,1,7,9,1,4,2,7,,44,,1,21,121.553558,25.0855461
113,11,18,18,21,2,03中山區,中山區劍南捷運站與北安路口東向西，1號出口旁,0,0,1,3,B03,6,5,5,50,14,9,1,4,4,5,13,4,4,1,4,5,2,13,1,38,3,10,7,1,7,9,1,8,2,3,,44,,1,22,121.553558,25.0855461
113,11,18,18,21,2,03中山區,中山區劍南捷運站與北安路口東向西，1號出口旁,0,0,1,4,H02,6,5,5,50,14,9,1,4,4,5,13,4,4,1,4,5,2,13,1,26,2,9,2,5,7,20,8,20,10,17,,60,,1,22,121.553558,25.0855461
113,11,18,18,35,2,01大同區,大同區延平北路4段282巷與無名巷口,0,0,2,1,C03,6,5,5,30,4,2,1,4,4,5,13,1,1,10,5,5,2,9,2,41,2,8,6,1,7,9,1,10,1,12,,47,,1,21,121.5118745,25.0769209
113,11,18,18,35,2,01大同區,大同區延平北路4段282巷與無名巷口,0,0,2,2,H01,6,5,5,30,4,2,1,4,4,5,13,1,1,10,5,5,2,9,1,7,2,9,4,5,8,20,8,20,10,16,,54,,1,21,121.5118745,25.0769209
113,11,18,18,38,2,07信義區,信義區松信路98號,0,0,3,1,B03,6,5,5,50,14,7,1,4,4,5,13,2,1,9,5,4,2,13,1,23,3,10,7,1,7,9,1,8,2,1,,108,,1,21,121.5720518,25.0445549
113,11,18,18,38,2,07信義區,信義區松信路98號,0,0,3,2,B01,6,5,5,50,14,7,1,4,4,5,13,2,1,9,5,4,2,13,2,68,2,1,7,1,7,14,1,4,2,3,,44,,1,21,121.5720518,25.0445549
113,11,18,18,38,2,07信義區,信義區松信路98號,0,0,3,3,C03,6,5,5,50,14,7,1,4,4,5,13,2,1,9,5,4,2,13,1,28,2,9,5,1,7,14,1,10,2,13,,44,,1,21,121.5720518,25.0445549
113,11,18,18,38,2,07信義區,信義區松信路98號,0,0,3,4,B03,6,5,5,50,14,7,1,4,4,5,13,2,1,9,5,4,2,13,1,25,2,8,7,1,7,14,1,8,2,3,,44,,1,21,121.5720518,25.0445549
113,11,18,18,45,2,01大同區,大同區民權西路與延平北路3段口,0,0,1,1,C03,7,5,5,50,4,1,1,4,4,5,13,2,1,1,4,5,2,17,2,42,2,8,5,4,7,5,1,10,1,17,,8,,1,21,121.5118804,25.062694
113,11,18,18,45,2,01大同區,大同區民權西路與延平北路3段口,0,0,1,2,C03,7,5,5,50,4,1,1,4,4,5,13,2,1,1,4,5,2,17,1,53,3,10,5,4,7,9,1,10,1,14,,44,,1,21,121.5118804,25.062694
113,11,18,18,55,2,10文山區,文山區興隆路4段與興隆路4段42巷口口,0,0,2,1,C03,6,5,5,30,3,18,1,4,4,5,13,4,4,10,5,5,2,3,1,51,2,8,5,1,7,6,1,10,1,11,,118,,1,21,121.5602657,24.9881258
113,11,18,18,55,2,10文山區,文山區興隆路4段與興隆路4段42巷口口,0,0,2,2,H01,6,5,5,30,3,18,1,4,4,5,13,4,4,10,5,5,2,3,1,11,2,8,4,5,8,16,8,20,1,16,,67,,1,14,121.5602657,24.9881258
113,11,18,19,0,2,10文山區,文山區辛亥路5段與辛亥路5段25巷口,0,0,1,1,B03,6,5,5,50,4,1,1,4,4,5,13,2,1,1,4,5,2,16,1,50,3,10,7,1,7,5,1,8,1,1,,71,,1,22,121.5540619,24.9998935
113,11,18,19,0,2,10文山區,文山區辛亥路5段與辛亥路5段25巷口,0,0,1,2,C03,6,5,5,50,4,1,1,4,4,5,13,2,1,1,4,5,2,16,1,19,2,9,6,1,7,9,1,10,1,14,,44,,1,22,121.5540619,24.9998935
113,11,18,19,9,2,12內湖區,內湖區新明路380巷與新明路380巷4弄口,0,0,1,1,C03,6,5,5,30,4,2,1,4,4,5,13,4,4,10,5,5,2,2,2,63,3,10,5,1,7,9,1,10,2,11,,108,,1,21,121.5803195,25.0551274
113,11,18,19,9,2,12內湖區,內湖區新明路380巷與新明路380巷4弄口,0,0,1,2,H01,6,5,5,30,4,2,1,4,4,5,13,4,4,10,5,5,2,2,1,80,2,8,4,5,8,16,8,20,1,16,,54,,1,21,121.5803195,25.0551274
113,11,18,19,14,2,03中山區,中山區建國北路1段與八德路2段口,0,0,1,1,B03,6,5,5,50,4,2,1,4,4,5,13,2,1,10,5,5,1,16,2,49,3,10,7,1,7,5,1,8,2,8,,8,,1,21,121.5369206,25.04613056
113,11,18,19,14,2,03中山區,中山區建國北路1段與八德路2段口,0,0,1,2,F01,6,5,5,50,4,2,1,4,4,5,13,2,1,10,5,5,1,16,1,89,2,9,4,1,7,9,8,20,2,14,,44,,1,21,121.5369206,25.04613056
113,11,18,19,17,2,06松山區,松山區光復北路與健康路口,0,0,1,1,B03,6,5,6,50,4,1,1,4,4,5,13,1,1,8,3,5,1,16,1,66,3,10,3,1,7,9,1,7,1,1,,4,,1,21,121.5565706,25.0536269
113,11,18,19,17,2,06松山區,松山區光復北路與健康路口,0,0,1,2,C03,6,5,6,50,4,1,1,4,4,5,13,1,1,8,3,5,1,16,1,40,2,9,3,1,7,6,1,10,1,14,,44,,1,21,121.5565706,25.0536269
113,11,18,19,22,2,04大安區,大安區和平東路3段與嘉興街口,0,0,1,1,B01,6,5,5,50,4,2,1,4,4,5,13,2,1,8,3,5,1,17,1,48,3,10,7,1,7,11,1,4,1,17,,74,,1,26,121.553856,25.0230483
113,11,18,19,22,2,04大安區,大安區和平東路3段與嘉興街口,0,0,1,2,C03,6,5,5,50,4,2,1,4,4,5,13,2,1,8,3,5,1,17,1,40,2,9,5,1,7,12,1,10,1,17,,42,,1,21,121.553856,25.0230483
113,11,18,19,26,2,07信義區,信義區松仁路130號,0,0,1,1,A02,6,5,5,50,14,9,1,4,4,5,13,2,1,1,4,5,2,9,1,47,3,10,7,1,7,10,1,2,1,15,,44,,1,26,121.5682711,25.0337646
113,11,18,19,26,2,07信義區,信義區松仁路130號,0,0,1,2,H02,6,5,5,50,14,9,1,4,4,5,13,2,1,1,4,5,2,9,2,69,2,9,2,5,7,20,8,20,10,16,,67,,1,22,121.5682711,25.0337646
113,11,18,19,50,2,02萬華區,萬華區漢中街與長沙街2段口,0,0,1,1,B02,6,5,5,50,3,1,1,4,4,5,13,2,1,5,2,5,2,13,1,52,3,10,7,1,7,5,1,2,1,8,,108,,1,21,121.5064167,25.04072842
113,11,18,19,50,2,02萬華區,萬華區漢中街與長沙街2段口,0,0,1,2,C03,6,5,5,50,3,1,1,4,4,5,13,2,1,5,2,5,2,13,1,26,2,6,6,1,7,14,1,10,1,13,,44,,1,21,121.5064167,25.04072842
113,11,18,20,5,2,05中正區,中正區南海路與牯嶺街口,0,0,1,1,B02,6,5,5,30,4,1,4,4,4,5,13,1,1,10,4,5,2,17,2,48,3,10,7,1,7,5,1,8,1,8,,8,,1,22,121.5149548,25.0319916
113,11,18,20,5,2,05中正區,中正區南海路與牯嶺街口,0,0,1,2,C03,6,5,5,30,4,1,4,4,4,5,13,1,1,10,4,5,2,17,1,28,2,9,5,1,7,9,1,10,1,12,,13,,1,22,121.5149548,25.0319916
113,11,18,20,30,2,08士林區,士林區中正路與文林路口,0,0,1,1,B03,6,5,5,50,4,1,1,4,4,5,13,1,1,1,1,5,2,17,2,40,3,10,3,4,7,5,1,8,1,1,,8,,1,21,121.5243225,25.09537521
113,11,18,20,30,2,08士林區,士林區中正路與文林路口,0,0,1,2,C03,6,5,5,50,4,1,1,4,4,5,13,1,1,1,1,5,2,17,1,31,2,9,3,4,7,14,1,10,1,11,,44,,1,21,121.5243225,25.09537521
113,11,18,21,37,2,06松山區,松山區敦化北路4巷與南京東路3段256巷口口,0,0,2,1,C03,6,5,5,30,4,1,1,4,4,5,13,4,4,10,5,5,2,15,2,41,2,9,5,1,7,9,1,10,2,14,,118,,1,21,121.5447034,25.0502107
113,11,18,21,37,2,06松山區,松山區敦化北路4巷與南京東路3段256巷口口,0,0,2,2,C03,6,5,5,30,4,1,1,4,4,5,13,4,4,10,5,5,2,15,1,60,2,9,5,1,7,9,1,10,9,11,,118,,1,21,121.5447034,25.0502107
113,11,18,21,56,2,03中山區,中山區民權東路2段與建國北路口側附近3段口,0,0,2,1,C03,6,5,5,50,4,1,1,4,4,5,13,1,1,5,4,5,2,13,1,21,2,8,3,4,7,9,1,10,1,14,,44,,1,21,121.5369218,25.0624573
113,11,18,21,56,2,03中山區,中山區民權東路2段與建國北路口側附近3段口,0,0,2,2,C03,6,5,5,50,4,1,1,4,4,5,13,1,1,5,4,5,2,13,2,24,2,8,3,4,7,12,1,10,1,12,,44,,1,21,121.5369218,25.0624573
113,11,18,22,5,2,10文山區,文山區木柵路2段與木柵路2段109巷口口,0,0,1,1,B03,6,5,5,50,4,1,1,4,4,5,13,2,1,10,5,5,2,17,1,42,3,10,7,1,7,5,1,8,1,1,,118,,1,21,121.5617659,24.9889098
113,11,18,22,5,2,10文山區,文山區木柵路2段與木柵路2段109巷口口,0,0,1,2,C03,6,5,5,50,4,1,1,4,4,5,13,2,1,10,5,5,2,17,1,20,2,5,5,1,7,9,1,10,1,14,,118,,1,21,121.5617659,24.9889098
113,11,18,23,52,2,01大同區,大同區長安西路與長安西路52巷口,0,0,1,1,H01,6,5,5,50,4,2,1,4,4,5,13,3,1,5,4,5,2,6,1,24,2,9,4,5,8,18,8,20,10,16,,121,,1,21,121.5200807,25.0501866
113,11,18,23,52,2,01大同區,大同區長安西路與長安西路52巷口,0,0,1,2,C03,6,5,5,50,4,2,1,4,4,5,13,3,1,5,4,5,2,6,1,22,3,10,5,1,7,9,1,10,2,12,,13,,1,21,121.5200807,25.0501866
113,11,18,23,52,2,01大同區,大同區長安西路與長安西路52巷口,0,0,1,3,C03,6,5,5,50,4,2,1,4,4,5,13,3,1,5,4,5,2,6,1,35,3,10,5,1,7,9,1,10,2,11,,13,,1,21,121.5200807,25.0501866
113,11,18,23,57,2,05中正區,中正區西藏路116號旁工地前,0,0,1,1,C03,6,5,5,30,14,9,1,4,4,5,13,4,4,1,4,5,2,13,1,53,3,10,5,1,7,9,1,10,1,11,,108,,1,22,121.5046966,25.0302381
113,11,18,23,57,2,05中正區,中正區西藏路116號旁工地前,0,0,1,2,C03,6,5,5,30,14,9,1,4,4,5,13,4,4,1,4,5,2,13,1,43,2,8,5,1,7,9,6,18,1,13,,47,,1,22,121.5046966,25.0302381
113,11,19,5,25,2,07信義區,信義區松仁路與松平路口,0,0,1,1,B12,6,5,5,50,14,9,1,4,4,5,13,2,1,9,4,5,2,13,1,71,3,10,7,1,7,9,1,8,1,1,,16,,1,21,121.5682973,25.0306315
113,11,19,5,25,2,07信義區,信義區松仁路與松平路口,0,0,1,2,B02,6,5,5,50,14,9,1,4,4,5,13,2,1,9,4,5,2,13,1,34,2,9,7,1,7,14,1,8,1,3,,44,,1,21,121.5682973,25.0306315
113,11,19,5,50,2,03中山區,中山區龍江路與龍江路356巷口,0,0,1,1,C03,6,5,5,50,4,1,1,4,4,5,13,1,1,9,5,5,2,12,2,32,3,10,6,1,7,14,1,10,1,12,,44,,1,21,121.5409128,25.06601493
113,11,19,5,50,2,03中山區,中山區龍江路與龍江路356巷口,0,0,1,2,C03,6,5,5,50,4,1,1,4,4,5,13,1,1,9,5,5,2,12,1,69,2,8,6,1,7,9,1,10,1,14,,17,,1,21,121.5409128,25.06601493
113,11,19,6,9,2,01大同區,大同區民權西路186-3號,0,0,2,1,C03,6,5,5,50,14,9,1,4,4,5,13,4,4,1,4,5,2,17,2,32,2,9,5,4,7,9,1,10,1,11,,118,,1,21,121.515571,25.0627196
113,11,19,6,9,2,01大同區,大同區民權西路186-3號,0,0,2,2,C03,6,5,5,50,14,9,1,4,4,5,13,4,4,1,4,5,2,17,1,27,3,10,5,4,7,9,1,10,1,14,,118,,1,21,121.515571,25.0627196
113,11,19,6,9,2,01大同區,大同區民權西路186-3號,0,0,2,3,C03,6,5,5,50,14,9,1,4,4,5,13,4,4,1,4,5,2,17,1,24,2,9,5,4,7,9,1,10,1,12,,118,,1,21,121.515571,25.0627196
113,11,19,6,33,2,09北投區,北投區西安街1段與自強街口,0,0,2,1,H01,6,6,5,0,3,2,1,4,4,5,13,2,1,1,4,5,2,3,1,83,2,9,4,5,8,16,8,20,10,16,,121,,1,21,121.5174714,25.1112017
113,11,19,6,33,2,09北投區,北投區西安街1段與自強街口,0,0,2,2,C03,6,6,5,0,3,2,1,4,4,5,13,2,1,1,4,5,2,3,1,68,3,10,5,1,7,9,1,10,2,11,,44,,1,21,121.5174714,25.1112017
113,11,19,6,33,2,09北投區,北投區西安街1段與自強街口,0,0,2,3,H02,6,6,5,0,3,2,1,4,4,5,13,2,1,1,4,5,2,3,2,60,2,9,5,5,7,20,8,20,10,16,,67,,1,21,121.5174714,25.1112017
113,11,19,7,15,2,03中山區,中山區錦州街242巷與松江路259巷口,0,0,2,1,C03,6,6,5,30,4,1,1,4,4,5,13,4,4,10,5,5,2,15,2,53,2,8,6,1,7,9,1,10,1,11,,72,,1,22,121.533729,25.0595758
113,11,19,7,15,2,03中山區,中山區錦州街242巷與松江路259巷口,0,0,2,2,F01,6,6,5,30,4,1,1,4,4,5,13,4,4,10,5,5,2,15,2,15,2,9,4,1,7,9,8,20,1,12,,44,,1,15,121.533729,25.0595758
113,11,19,7,25,2,11南港區,南港區重陽路166巷與重陽路口,0,0,2,1,C03,6,7,5,40,4,2,1,4,4,5,13,1,1,4,3,4,2,12,1,46,2,8,5,1,7,1,1,10,1,14,,19,,1,21,121.6003643,25.057176
113,11,19,7,25,2,11南港區,南港區重陽路166巷與重陽路口,0,0,2,2,C03,6,7,5,40,4,2,1,4,4,5,13,1,1,4,3,4,2,12,1,18,2,9,5,1,7,9,1,10,1,11,,13,,1,21,121.6003643,25.057176
113,11,19,8,0,2,03中山區,中山區長安東路1段22號,0,0,1,1,C03,6,7,5,50,14,9,1,4,4,5,13,4,4,5,2,5,2,17,1,43,2,9,5,1,7,9,1,10,1,11,,16,,1,21,121.5222027,25.05812988