發生年度,發生月,發生日,發生時-Hours,發生分,處理別-編號,區序,肇事地點,死亡人數,2-30日死亡人數,受傷人數,當事人序號,車種,天候,道路照明設備,道路類別,速限-速度限制,道路型態,事故位置,路面狀況1,路面狀況2,路面狀況3,道路障礙1,道路障礙2,號誌1,號誌2,車道劃分-分向,車道劃分-分道1,車道劃分-分道2,車道劃分-分道3,事故類型及型態,性別,年齡,受傷程度,主要傷處,保護裝置,行動電話,車輛用途,當事者行動狀態,駕駛資格情形,駕駛執照種類,飲酒情形,車輛撞擊部位1,車輛撞擊部位2,肇因碼-個別,肇因碼-主要,個人肇逃否,職業,座標-X,座標-Y
113,11,19,8,0,2,03中山區,中山區長安東路1段22號,0,0,1,2,C03,6,7,5,50,14,9,1,4,4,5,13,4,4,5,2,5,2,17,1,42,3,10,5,1,7,9,1,10,1,13,,16,,1,21,121.5222027,25.05812988
113,11,19,8,0,2,03中山區,中山區長安東路1段22號,0,0,1,3,C03,6,7,5,50,14,9,1,4,4,5,13,4,4,5,2,5,2,17,1,39,3,10,5,1,7,5,1,10,1,17,,16,,1,21,121.5222027,25.05812988
113,11,19,8,5,2,09北投區,北投區稻香路第1204235號燈桿處,0,0,1,1,C03,6,6,5,40,12,9,1,4,4,5,13,4,4,5,5,5,1,17,1,30,2,9,5,1,7,9,1,10,2,12,,42,,1,21,121.4841213,25.1446189
113,11,19,8,5,2,09北投區,北投區稻香路第1204235號燈桿處,0,0,1,2,B03,6,6,5,40,12,9,1,4,4,5,13,4,4,5,5,5,1,17,1,46,3,10,7,1,7,9,1,8,2,3,,44,,1,21,121.4841213,25.1446189
113,11,19,8,21,2,08士林區,士林區仰德大道3段191號與無名巷口,0,0,1,1,C03,6,6,5,40,3,2,1,4,4,5,13,4,4,9,4,5,1,16,1,56,3,10,3,4,7,5,1,10,2,17,,19,,1,21,121.5512918,25.1231382
113,11,19,8,21,2,08士林區,士林區仰德大道3段191號與無名巷口,0,0,1,2,C03,6,6,5,40,3,2,1,4,4,5,13,4,4,9,4,5,1,16,1,35,2,9,3,4,7,9,1,10,2,12,,44,,1,21,121.5512918,25.1231382
113,11,19,8,30,2,05中正區,中正區永福橋(往台北市方向),0,0,1,1,C03,6,6,5,50,8,9,1,4,4,5,13,4,4,5,2,5,1,17,1,50,3,10,5,1,7,7,1,9,1,17,,100,,1,21,121.5281137,25.0115681
113,11,19,8,30,2,05中正區,中正區永福橋(往台北市方向),0,0,1,2,C03,6,6,5,50,8,9,1,4,4,5,13,4,4,5,2,5,1,17,1,33,2,9,5,1,7,9,1,10,1,14,,44,,1,21,121.5281137,25.0115681
113,11,19,8,32,2,07信義區,信義區忠孝東路4段與忠孝東路4段559巷口,0,0,1,1,B13,6,6,5,30,3,1,2,4,4,5,13,4,4,1,4,5,2,17,1,40,3,10,3,4,7,6,1,8,2,17,,72,,1,21,121.5643161,25.0415105
113,11,19,8,32,2,07信義區,信義區忠孝東路4段與忠孝東路4段559巷口,0,0,1,2,C03,6,6,5,30,3,1,2,4,4,5,13,4,4,1,4,5,2,17,1,46,2,9,6,1,7,9,1,10,2,17,,44,,1,21,121.5643161,25.0415105
113,11,19,9,12,2,02萬華區,萬華區華中橋往台北市機車道(編號7010514燈桿前),0,0,1,1,C03,6,6,5,40,14,11,1,4,4,5,13,4,4,9,4,3,1,17,1,19,2,9,5,1,7,12,1,10,1,17,,44,,1,21,121.4955572,25.0132393
113,11,19,9,12,2,02萬華區,萬華區華中橋往台北市機車道(編號7010514燈桿前),0,0,1,2,,6,6,5,40,14,11,1,4,4,5,13,4,4,9,4,3,1,17,4,0,,,,,,,,,,,,119,,2,,121.4955572,25.0132393
113,11,19,9,20,2,09北投區,北投區立賢路社子大橋48號燈桿,0,0,2,1,C03,6,6,5,30,14,11,1,4,4,5,13,4,4,10,5,5,2,16,1,35,2,8,5,1,7,9,1,10,1,14,,2,,1,21,121.4978079,25.1115355
113,11,19,9,20,2,09北投區,北投區立賢路社子大橋48號燈桿,0,0,2,2,C03,6,6,5,30,14,11,1,4,4,5,13,4,4,10,5,5,2,16,2,68,2,9,5,1,7,9,1,10,1,12,,44,,1,21,121.4978079,25.1115355
113,11,19,9,26,2,02萬華區,萬華區環河南路1段159號,0,0,1,1,B12,6,7,5,50,14,9,1,4,4,5,13,4,4,9,5,5,2,17,1,66,3,10,7,1,7,1,1,8,1,8,,19,,1,21,121.499331,25.0412651
113,11,19,9,26,2,02萬華區,萬華區環河南路1段159號,0,0,1,2,C03,6,7,5,50,14,9,1,4,4,5,13,4,4,9,5,5,2,17,2,38,2,9,5,1,7,9,1,10,1,12,,44,,1,21,121.499331,25.0412651
113,11,19,10,30,2,06松山區,松山區南京東路5段305號,0,0,2,1,C03,7,6,5,50,14,9,1,4,4,5,13,4,4,1,3,5,2,13,1,23,2,9,6,1,7,9,1,10,1,11,,44,,1,22,121.5666406,25.0514469
113,11,19,10,30,2,06松山區,松山區南京東路5段305號,0,0,2,2,C03,7,6,5,50,14,9,1,4,4,5,13,4,4,1,3,5,2,13,1,82,3,10,6,1,7,9,1,10,1,13,,44,,1,22,121.5666406,25.0514469
113,11,19,10,30,2,06松山區,松山區南京東路5段305號,0,0,2,3,H02,7,6,5,50,14,9,1,4,4,5,13,4,4,1,3,5,2,13,2,25,2,9,6,5,7,20,8,20,10,16,,60,,1,22,121.5666406,25.0514469
113,11,19,10,47,2,01大同區,大同區重慶北路3段113巷與昌吉街61巷口,0,0,2,1,C03,6,6,5,50,4,1,1,4,4,5,13,4,4,5,4,5,2,17,1,39,2,5,6,1,7,6,1,10,1,12,,9,,1,21,121.514742,25.0672275
113,11,19,10,47,2,01大同區,大同區重慶北路3段113巷與昌吉街61巷口,0,0,2,2,C04,6,6,5,50,4,1,1,4,4,5,13,4,4,5,4,5,2,17,2,34,2,9,6,1,7,9,1,10,1,11,,44,,1,21,121.514742,25.0672275
113,11,19,10,47,2,07信義區,信義區忠孝東路4段560號,0,0,1,1,B03,6,7,5,50,14,8,1,4,4,5,13,4,4,9,3,4,2,17,1,48,3,10,7,4,7,7,1,8,1,17,,101,,1,22,121.5637241,25.041099
113,11,19,10,47,2,07信義區,信義區忠孝東路4段560號,0,0,1,2,C03,6,7,5,50,14,8,1,4,4,5,13,4,4,9,3,4,2,17,2,40,2,9,6,1,7,9,1,10,1,14,,44,,1,22,121.5637241,25.041099
113,11,19,11,17,2,06松山區,松山區市民大道4段307號,0,0,1,1,C03,6,6,8,40,14,9,1,4,4,5,13,4,4,1,3,5,2,13,2,20,2,9,6,1,7,9,1,10,1,11,,16,,1,21,121.5573132,25.0451444
113,11,19,11,17,2,06松山區,松山區市民大道4段307號,0,0,1,2,B01,6,6,8,40,14,9,1,4,4,5,13,4,4,1,3,5,2,13,1,63,3,10,3,4,7,12,1,4,1,6,,44,,1,21,121.5573132,25.0451444
113,11,19,11,22,2,04大安區,大安區忠孝東路3段268號,0,0,1,1,B01,6,6,5,50,14,9,1,4,4,5,13,4,4,1,4,5,2,12,1,62,3,10,7,1,7,8,1,2,1,2,,100,,1,22,121.5422997,25.0415895
113,11,19,11,22,2,04大安區,大安區忠孝東路3段268號,0,0,1,2,C03,6,6,5,50,14,9,1,4,4,5,13,4,4,1,4,5,2,12,1,21,2,7,5,1,7,9,1,10,1,14,,44,,1,22,121.5422997,25.0415895
113,11,19,11,30,2,02萬華區,萬華區昆明街280號,0,0,1,1,B03,7,7,5,50,14,9,1,5,4,5,13,1,1,10,4,5,2,12,1,47,3,10,7,1,7,9,1,8,1,2,,44,,1,21,121.5039845,25.0388087
113,11,19,11,30,2,02萬華區,萬華區昆明街280號,0,0,1,2,C03,7,7,5,50,14,9,1,5,4,5,13,1,1,10,4,5,2,12,2,49,3,10,5,1,7,9,1,10,1,14,,17,,1,21,121.5039845,25.0388087
113,11,19,11,30,2,02萬華區,萬華區昆明街280號,0,0,1,3,H02,7,7,5,50,14,9,1,5,4,5,13,1,1,10,4,5,2,12,1,18,2,8,5,5,7,20,8,20,10,16,,67,,1,21,121.5039845,25.0388087
113,11,19,11,31,2,03中山區,中山區民族東路410巷39號,0,0,1,1,C03,6,7,5,50,14,9,1,4,4,6,13,4,4,7,4,5,2,3,2,82,2,8,6,4,7,15,1,10,1,14,,86,,1,21,121.5183568,25.04847309
113,11,19,11,31,2,03中山區,中山區民族東路410巷39號,0,0,1,2,H01,6,7,5,50,14,9,1,4,4,6,13,4,4,7,4,5,2,3,1,64,3,10,4,5,8,16,8,20,10,16,,67,,1,21,121.5183568,25.04847309
113,11,19,11,42,2,08士林區,士林區延平北路8段2巷與延平北路8段2巷200弄口口,0,0,1,1,C03,7,7,5,40,3,1,1,4,4,5,13,3,1,5,5,5,2,16,1,19,2,9,5,1,7,9,1,10,1,11,,13,,1,21,121.4905718,25.1128887
113,11,19,11,42,2,08士林區,士林區延平北路8段2巷與延平北路8段2巷200弄口口,0,0,1,2,B12,7,7,5,40,3,1,1,4,4,5,13,3,1,5,5,5,2,16,1,46,3,10,3,4,7,5,1,8,1,6,,74,,1,21,121.4905718,25.1128887
113,11,19,11,42,2,07信義區,信義區信義路5段與松智路口,0,0,1,2,C03,6,6,5,50,4,1,1,4,4,5,13,2,1,9,4,5,2,17,1,37,2,9,6,1,7,7,1,10,9,14,,44,,1,22,121.5653783,25.0328346
113,11,19,11,42,2,07信義區,信義區信義路5段與松智路口,0,0,1,1,C03,6,6,5,50,4,1,1,4,4,5,13,2,1,9,4,5,2,17,4,0,,,,,,,,,,,,119,,2,,121.5653783,25.0328346
113,11,19,12,4,2,04大安區,大安區大安路1段161號,0,0,1,1,B12,6,5,5,50,14,9,1,4,4,5,13,4,4,5,5,5,2,13,1,24,3,10,7,1,7,9,1,8,1,1,,108,,1,21,121.5460392,25.0371419
113,11,19,12,4,2,04大安區,大安區大安路1段161號,0,0,1,2,B12,6,5,5,50,14,9,1,4,4,5,13,4,4,5,5,5,2,13,1,53,2,1,7,1,7,14,1,8,1,3,,44,,1,21,121.5460392,25.0371419
113,11,19,12,29,2,03中山區,中山區長安東路2段114號,0,0,1,1,B01,6,7,5,50,14,9,1,4,4,5,13,4,4,5,2,5,2,17,1,40,3,10,7,1,7,15,1,4,2,2,,16,,1,21,121.5476405,25.04819445
113,11,19,12,29,2,03中山區,中山區長安東路2段114號,0,0,1,2,C03,6,7,5,50,14,9,1,4,4,5,13,4,4,5,2,5,2,17,1,27,2,9,5,1,7,10,1,10,2,14,,44,,1,23,121.5476405,25.04819445
113,11,19,12,29,2,03中山區,中山區長安東路2段114號,0,0,1,3,H02,6,7,5,50,14,9,1,4,4,5,13,4,4,5,2,5,2,17,2,25,3,10,4,5,7,20,8,20,10,16,,67,,1,21,121.5476405,25.04819445
113,11,19,12,30,2,04大安區,大安區和平東路1段與金山南路2段口,0,0,1,1,C03,6,6,5,50,4,1,1,4,4,5,13,1,1,10,5,5,2,13,2,53,2,7,5,1,7,12,1,10,1,11,,108,,1,21,121.5256763,25.0267323
113,11,19,12,30,2,04大安區,大安區和平東路1段與金山南路2段口,0,0,1,2,C03,6,6,5,50,4,1,1,4,4,5,13,1,1,10,5,5,2,13,2,59,3,10,5,1,7,12,1,10,1,13,,44,,1,21,121.5256763,25.0267323
113,11,19,12,45,2,03中山區,(民權東路3段58號前),0,0,1,1,B03,6,5,5,30,14,9,1,4,4,5,13,4,4,8,5,5,2,16,2,47,3,10,7,1,7,1,1,8,1,5,,19,,1,22,121.5424326,25.0618973
113,11,19,12,45,2,03中山區,(民權東路3段58號前),0,0,1,2,C03,6,5,5,30,14,9,1,4,4,5,13,4,4,8,5,5,2,16,1,73,2,8,5,1,7,9,1,10,1,14,,44,,1,22,121.5424326,25.0618973
113,11,19,13,0,2,09北投區,北投區大業路157號,0,0,1,1,B03,6,6,5,60,22,9,1,4,4,5,13,4,4,1,4,5,2,17,2,39,3,10,7,1,7,6,1,8,2,5,,9,,1,21,121.498726,25.1246794
113,11,19,13,0,2,09北投區,北投區大業路157號,0,0,1,2,C03,6,6,5,60,22,9,1,4,4,5,13,4,4,1,4,5,2,17,1,23,2,9,6,1,7,9,1,10,2,14,,13,,1,21,121.498726,25.1246794
113,11,19,13,59,2,11南港區,南港區忠孝東路6段225巷與忠孝東路6段口,0,0,1,1,C03,6,6,5,40,3,1,1,4,4,5,13,4,4,1,4,4,1,18,1,56,2,9,5,4,7,6,1,10,1,12,,116,,1,22,121.5884173,25.0492911
113,11,19,13,59,2,11南港區,南港區忠孝東路6段225巷與忠孝東路6段口,0,0,1,2,,6,6,5,40,3,1,1,4,4,5,13,4,4,1,4,4,1,18,3,0,,,,,,,,,11,,,67,,1,,121.5884173,25.0492911
113,11,19,14,0,2,12內湖區,內湖區環東大道東往西,0,0,1,1,B03,6,6,5,70,10,9,2,4,4,5,13,4,4,10,4,5,2,17,2,51,2,9,7,1,7,9,1,8,2,1,,16,,1,21,121.5752217,25.05389627
113,11,19,14,0,2,12內湖區,內湖區環東大道東往西,0,0,1,2,B03,6,6,5,70,10,9,2,4,4,5,13,4,4,10,4,5,2,17,1,32,3,10,7,1,7,9,1,8,2,3,,44,,1,21,121.5752217,25.05389627
113,11,19,15,12,2,03中山區,中山區農安街與德惠街170巷口,0,0,1,1,B03,6,6,5,50,4,1,1,4,4,5,13,2,1,9,5,5,2,13,1,54,3,10,7,1,7,5,1,8,2,7,,44,,1,21,121.5317288,25.0648023
113,11,19,15,12,2,03中山區,中山區農安街與德惠街170巷口,0,0,1,2,C03,6,6,5,50,4,1,1,4,4,5,13,2,1,9,5,5,2,13,1,19,2,9,6,1,7,9,3,18,2,11,,16,,1,21,121.5317288,25.0648023
113,11,19,15,21,2,06松山區,松山區八德路4段207巷與八德路4段181巷17弄口,0,0,1,1,C03,6,7,5,30,4,1,1,4,4,5,13,4,4,10,5,5,2,15,1,27,3,10,5,1,7,15,1,10,1,11,,72,,1,25,121.5638415,25.0494433
113,11,19,15,21,2,06松山區,松山區八德路4段207巷與八德路4段181巷17弄口,0,0,1,2,C03,6,7,5,30,4,1,1,4,4,5,13,4,4,10,5,5,2,15,1,55,2,9,5,1,7,9,1,10,1,11,,44,,1,26,121.5638415,25.0494433
113,11,19,15,41,2,06松山區,松山區健康路與光復北路口,0,0,1,1,B03,6,6,5,50,4,1,1,4,4,5,13,1,1,4,3,5,1,16,1,48,3,10,3,1,7,6,6,8,1,5,,44,,1,21,121.556695,25.05358148
113,11,19,15,41,2,06松山區,松山區健康路與光復北路口,0,0,1,2,C03,6,6,5,50,4,1,1,4,4,5,13,1,1,4,3,5,1,16,2,23,2,8,3,1,7,9,3,18,1,14,,108,,1,21,121.556695,25.05358148
113,11,19,15,55,2,03中山區,中山區中山北路3段32號,0,0,1,1,B03,6,6,5,50,14,9,1,4,4,5,13,4,4,1,4,5,2,17,1,44,3,10,7,1,7,1,1,8,1,4,,19,,1,21,121.5221299,25.0655179
113,11,19,15,55,2,03中山區,中山區中山北路3段32號,0,0,1,2,C03,6,6,5,50,14,9,1,4,4,5,13,4,4,1,4,5,2,17,1,21,2,7,6,1,7,9,1,10,1,14,,13,,1,21,121.5221299,25.0655179
113,11,19,16,10,2,02萬華區,萬華區西藏路(萬板橋下迴轉道),0,0,1,1,B01,6,6,5,50,22,6,1,4,4,5,13,4,4,10,4,5,2,17,1,43,3,10,7,1,7,5,1,3,1,2,,80,,1,21,121.4906489,25.03009353
113,11,19,16,10,2,02萬華區,萬華區西藏路(萬板橋下迴轉道),0,0,1,2,C03,6,6,5,50,22,6,1,4,4,5,13,4,4,10,4,5,2,17,1,54,2,3,6,1,7,9,1,10,1,11,,44,,1,21,121.4906489,25.03009353
113,11,19,16,36,2,05中正區,中正區重慶南路2段與重慶南路2段6巷口口,0,0,1,1,C03,6,6,5,50,3,1,1,4,4,5,13,3,1,1,4,5,1,17,2,24,2,7,6,1,7,5,1,10,2,14,,8,,1,21,121.5131199,25.0340209
113,11,19,16,36,2,05中正區,中正區重慶南路2段與重慶南路2段6巷口口,0,0,1,2,B03,6,6,5,50,3,1,1,4,4,5,13,3,1,1,4,5,1,17,1,36,3,10,7,1,7,9,1,4,2,5,,44,,1,21,121.5131199,25.0340209
113,11,19,16,52,2,02萬華區,萬華區桂林路53號,0,0,1,1,C03,6,5,5,50,14,9,1,4,4,5,13,4,4,5,4,5,2,17,3,0,,,,,,,,,,,,119,,2,,121.5033043,25.0381427
113,11,19,16,52,2,02萬華區,萬華區桂林路53號,0,0,1,2,C03,6,5,5,50,14,9,1,4,4,5,13,4,4,5,4,5,2,17,2,27,2,8,6,1,7,9,1,10,1,15,,44,,1,21,121.5033043,25.0381427
113,11,19,16,52,2,02萬華區,萬華區桂林路53號,0,0,1,3,C03,6,5,5,50,14,9,1,4,4,5,13,4,4,5,4,5,2,17,1,28,3,10,6,1,7,21,1,10,9,15,,44,,1,21,121.5033043,25.0381427
113,11,19,16,52,2,02萬華區,萬華區桂林路53號,0,0,1,4,B01,6,5,5,50,14,9,1,4,4,5,13,4,4,5,4,5,2,17,1,62,3,10,7,1,7,1,1,4,9,17,,44,,1,21,121.5033043,25.0381427
113,11,19,16,52,2,02萬華區,萬華區桂林路53號,0,0,1,5,B01,6,5,5,50,14,9,1,4,4,5,13,4,4,5,4,5,2,17,1,51,3,10,7,1,7,14,1,4,9,17,,44,,1,21,121.5033043,25.0381427
113,11,19,16,55,2,05中正區,中正區中華路1段與武昌街1段口,0,0,1,1,B03,6,5,5,50,4,1,1,4,4,5,13,1,1,1,3,1,2,17,1,56,3,10,7,1,7,7,1,8,2,17,,101,,1,21,121.5090479,25.04426423
113,11,19,16,55,2,05中正區,中正區中華路1段與武昌街1段口,0,0,1,2,C03,6,5,5,50,4,1,1,4,4,5,13,1,1,1,3,1,2,17,1,21,2,8,6,1,7,15,1,10,2,17,,44,,1,21,121.5090479,25.04426423
113,11,19,17,3,2,12內湖區,內湖區民權東路6段15巷與瑞湖街口,0,0,1,1,B03,6,5,5,50,4,2,1,4,4,5,13,2,1,10,4,5,2,17,1,39,3,10,7,1,7,5,1,8,1,4,,8,,1,21,121.5764092,25.0712322
113,11,19,17,3,2,12內湖區,內湖區民權東路6段15巷與瑞湖街口,0,0,1,2,C03,6,5,5,50,4,2,1,4,4,5,13,2,1,10,4,5,2,17,1,29,2,9,6,1,7,9,1,10,1,12,,44,,1,21,121.5764092,25.0712322
113,11,19,17,7,2,11南港區,南港區東新街與市民大道7段口,0,0,1,2,C03,6,5,5,50,4,1,1,4,4,5,13,2,1,5,4,5,2,17,1,33,2,9,6,1,7,9,6,18,9,15,,116,,1,21,121.5839905,25.049304
113,11,19,17,7,2,11南港區,南港區東新街與市民大道7段口,0,0,1,1,B03,6,5,5,50,4,1,1,4,4,5,13,2,1,5,4,5,2,17,1,49,3,10,3,4,7,8,1,8,9,15,,100,,1,21,121.5839905,25.049304
113,11,19,17,8,2,02萬華區,萬華區桂林路與環河南路2段口,0,0,1,1,C03,6,7,5,50,4,1,1,4,4,5,13,1,1,9,4,4,1,8,1,66,3,10,5,1,7,9,1,10,1,11,,44,,1,21,121.4969525,25.0385216
113,11,19,17,8,2,02萬華區,萬華區桂林路與環河南路2段口,0,0,1,2,H01,6,7,5,50,4,1,1,4,4,5,13,1,1,9,4,4,1,8,1,27,2,9,4,5,8,17,8,20,10,16,,67,,1,21,121.4969525,25.0385216
113,11,19,17,9,2,12內湖區,內湖區東湖路119巷與東湖路口,0,0,1,1,B12,6,5,5,50,4,1,1,4,4,5,13,1,1,5,4,5,2,3,1,37,3,10,7,1,7,6,1,8,9,15,,70,,1,21,121.6163419,25.0681838
113,11,19,17,9,2,12內湖區,內湖區東湖路119巷與東湖路口,0,0,1,2,H01,6,5,5,50,4,1,1,4,4,5,13,1,1,5,4,5,2,3,2,13,2,9,4,5,8,18,8,20,10,16,,67,,1,21,121.6163419,25.0681838
113,11,19,17,11,2,07信義區,信義區林口街與林口街66巷口,0,0,2,1,F01,6,5,5,30,4,1,1,4,4,5,13,4,4,9,4,4,2,15,1,80,2,9,4,1,7,9,8,20,9,12,,72,,1,21,121.5792628,25.0387989
113,11,19,17,11,2,07信義區,信義區林口街與林口街66巷口,0,0,2,2,C03,6,5,5,30,4,1,1,4,4,5,13,4,4,9,4,4,2,15,1,56,2,9,6,1,7,9,1,10,2,11,,44,,1,21,121.5792628,25.0387989
113,11,19,17,17,2,01大同區,大同區南京西路與重慶北路2段口口,0,0,1,1,B03,6,5,5,50,4,1,1,4,4,5,13,2,1,1,5,5,2,12,1,42,3,10,7,1,7,4,1,8,1,8,,108,,1,21,121.5144398,25.0542294
113,11,19,17,17,2,01大同區,大同區南京西路與重慶北路2段口口,0,0,1,2,C03,6,5,5,50,4,1,1,4,4,5,13,2,1,1,5,5,2,12,2,46,2,7,6,1,7,9,1,10,1,12,,44,,1,21,121.5144398,25.0542294
113,11,19,17,20,2,08士林區,士林區仰德大道1段101號華興中學旁,0,0,1,1,C03,6,6,5,40,12,9,1,4,4,5,13,4,4,4,5,5,1,17,2,22,2,9,3,4,7,9,1,10,1,14,,13,,1,21,121.538074,25.1045256
113,11,19,17,20,2,08士林區,士林區仰德大道1段101號華興中學旁,0,0,1,2,C03,6,6,5,40,12,9,1,4,4,5,13,4,4,4,5,5,1,17,1,18,3,10,3,4,7,9,1,10,1,11,,44,,1,21,121.538074,25.1045256
113,11,19,17,20,2,08士林區,士林區仰德大道1段101號華興中學旁,0,0,1,3,C03,6,6,5,40,12,9,1,4,4,5,13,4,4,4,5,5,1,17,2,19,3,10,3,4,7,9,1,10,1,12,,44,,1,21,121.538074,25.1045256
113,11,19,17,20,2,08士林區,士林區仰德大道1段101號華興中學旁,0,0,1,4,C03,6,6,5,40,12,9,1,4,4,5,13,4,4,4,5,5,1,17,1,27,3,10,3,4,7,9,1,9,1,12,,13,,1,21,121.538074,25.1045256
113,11,19,17,34,2,10文山區,文山區木柵路1段與木柵路1段378巷口,0,0,2,1,B01,7,5,5,50,3,1,1,4,4,5,13,4,4,10,5,5,2,16,1,62,3,10,7,1,7,5,1,4,2,1,,74,,1,21,121.5565983,24.9884379
113,11,19,17,34,2,10文山區,文山區木柵路1段與木柵路1段378巷口,0,0,2,2,C03,7,5,5,50,3,1,1,4,4,5,13,4,4,10,5,5,2,16,1,18,2,9,6,1,7,9,1,10,2,11,,44,,1,21,121.5565983,24.9884379
113,11,19,17,34,2,10文山區,文山區木柵路1段與木柵路1段378巷口,0,0,2,3,H02,7,5,5,50,3,1,1,4,4,5,13,4,4,10,5,5,2,16,2,18,2,7,6,5,7,20,8,20,10,16,,67,,1,21,121.5565983,24.9884379
113,11,19,17,40,2,03中山區,中山區中原街與吉林路174巷口,0,0,1,1,C03,8,5,5,50,3,2,1,5,4,5,13,4,4,9,4,5,2,1,1,59,3,10,6,1,7,1,1,11,2,11,,19,,1,21,121.528876,25.05714863
113,11,19,17,40,2,03中山區,中山區中原街與吉林路174巷口,0,0,1,2,H01,8,5,5,50,3,2,1,5,4,5,13,4,4,9,4,5,2,1,2,62,2,1,4,5,8,16,8,20,10,16,,121,,1,21,121.528876,25.05714863
113,11,19,17,43,2,07信義區,信義區松仁路與莊敬路口,0,0,1,1,B03,6,5,5,50,4,2,1,4,4,5,13,1,1,5,5,4,2,17,2,42,3,10,3,4,7,6,1,8,1,8,,9,,1,21,121.5684081,25.0268595
113,11,19,17,43,2,07信義區,信義區松仁路與莊敬路口,0,0,1,2,C03,6,5,5,50,4,2,1,4,4,5,13,1,1,5,5,4,2,17,1,73,2,9,3,4,7,5,1,10,1,12,,8,,1,21,121.5684081,25.0268595
113,11,19,18,0,2,09北投區,北投區中央北路2段與文化三路口,0,0,2,1,C03,6,5,5,50,3,1,1,4,4,5,13,2,1,4,4,4,2,16,2,54,2,9,5,1,7,5,1,10,1,12,,8,,1,21,121.4961195,25.1365938
113,11,19,18,0,2,09北投區,北投區中央北路2段與文化三路口,0,0,2,2,C03,6,5,5,50,3,1,1,4,4,5,13,2,1,4,4,4,2,16,1,31,2,9,5,1,7,9,1,9,1,11,,44,,1,21,121.4961195,25.1365938
113,11,19,18,0,2,12內湖區,內湖區民權東路6段90巷25弄26號,0,0,2,1,C03,6,5,5,30,4,1,1,4,4,5,13,4,4,10,5,5,2,3,1,63,2,9,6,1,7,9,1,10,1,11,,42,,1,21,121.587052,25.0676294
113,11,19,18,0,2,12內湖區,內湖區民權東路6段90巷25弄26號,0,0,2,2,H01,6,5,5,30,4,1,1,4,4,5,13,4,4,10,5,5,2,3,2,65,2,1,4,5,8,16,8,20,10,16,,53,,1,21,121.587052,25.0676294
113,11,19,18,5,2,12內湖區,內湖區新明路428巷13號,0,0,2,1,C03,6,5,5,30,14,9,1,4,4,5,13,4,4,10,5,5,2,3,2,27,2,9,6,1,7,9,1,10,2,11,,108,,1,21,121.5797494,25.0543352
113,11,19,18,5,2,12內湖區,內湖區新明路428巷13號,0,0,2,2,H01,6,5,5,30,14,9,1,4,4,5,13,4,4,10,5,5,2,3,1,44,2,9,4,5,8,18,8,20,10,16,,121,,1,21,121.5797494,25.0543352
113,11,19,18,27,2,07信義區,信義區松高路與松智路口,0,0,1,1,B02,6,5,5,50,3,1,1,4,4,5,13,1,1,9,4,5,2,17,1,29,3,10,3,4,7,9,1,8,2,17,,81,,1,22,121.5654972,25.0391923
113,11,19,18,27,2,07信義區,信義區松高路與松智路口,0,0,1,2,C03,6,5,5,50,3,1,1,4,4,5,13,1,1,9,4,5,2,17,2,34,2,9,3,4,7,9,1,10,2,14,,44,,1,22,121.5654972,25.0391923
113,11,19,18,38,2,04大安區,大安區仁愛路4段147號前,0,0,1,1,B01,6,5,5,50,14,9,1,4,4,5,13,2,1,8,3,5,1,13,1,61,3,10,7,1,7,9,1,4,1,1,,108,,1,26,121.5517209,25.0379939
113,11,19,18,38,2,04大安區,大安區仁愛路4段147號前,0,0,1,2,C03,6,5,5,50,14,9,1,4,4,5,13,2,1,8,3,5,1,13,1,34,2,8,5,1,7,12,1,10,1,13,,44,,1,26,121.5517209,25.0379939
113,11,19,18,38,2,04大安區,大安區仁愛路4段147號前,0,0,1,3,B03,6,5,5,50,14,9,1,4,4,5,13,2,1,8,3,5,1,13,1,39,3,10,7,1,7,15,1,8,1,3,,44,,1,21,121.5517209,25.0379939
113,11,19,18,44,2,04大安區,大安區和平東路1段155號,0,0,1,1,B03,6,5,5,50,14,9,1,4,4,5,13,2,1,1,4,5,2,12,1,51,3,10,7,1,7,7,1,8,1,4,,100,,1,21,121.5315075,25.0263902
113,11,19,18,44,2,04大安區,大安區和平東路1段155號,0,0,1,2,C03,6,5,5,50,14,9,1,4,4,5,13,2,1,1,4,5,2,12,1,25,2,9,6,1,7,9,1,9,1,11,,97,,1,21,121.5315075,25.0263902
113,11,19,19,7,2,07信義區,信義區忠孝東路5段與松仁路口,0,0,1,1,C03,6,5,5,50,14,9,1,4,4,5,13,2,1,1,4,5,2,18,1,49,2,9,5,1,7,9,1,10,1,12,,118,,1,21,121.5682177,25.0409918
113,11,19,19,7,2,07信義區,信義區忠孝東路5段與松仁路口,0,0,1,2,,6,5,5,50,14,9,1,4,4,5,13,2,1,1,4,5,2,18,3,0,,,,,,,,,,,,67,,1,,121.5682177,25.0409918
113,11,19,19,30,2,10文山區,文山區指南路1段51巷與木新路1段口,0,0,2,1,B03,6,5,5,50,4,1,1,4,4,5,13,2,1,5,4,5,1,13,1,34,3,10,7,1,7,5,1,8,2,1,,108,,1,21,121.5706442,24.9889822