發生年度,發生月,發生日,發生時-Hours,發生分,處理別-編號,區序,肇事地點,死亡人數,2-30日死亡人數,受傷人數,當事人序號,車種,天候,道路照明設備,道路類別,速限-速度限制,道路型態,事故位置,路面狀況1,路面狀況2,路面狀況3,道路障礙1,道路障礙2,號誌1,號誌2,車道劃分-分向,車道劃分-分道1,車道劃分-分道2,車道劃分-分道3,事故類型及型態,性別,年齡,受傷程度,主要傷處,保護裝置,行動電話,車輛用途,當事者行動狀態,駕駛資格情形,駕駛執照種類,飲酒情形,車輛撞擊部位1,車輛撞擊部位2,肇因碼-個別,肇因碼-主要,個人肇逃否,職業,座標-X,座標-Y
113,11,19,19,30,2,10文山區,文山區指南路1段51巷與木新路1段口,0,0,2,2,C03,6,5,5,50,4,1,1,4,4,5,13,2,1,5,4,5,1,13,2,49,2,9,5,1,7,14,1,10,2,13,,44,,1,21,121.5706442,24.9889822
113,11,19,19,30,2,10文山區,文山區指南路1段51巷與木新路1段口,0,0,2,3,C03,6,5,5,50,4,1,1,4,4,5,13,2,1,5,4,5,1,13,2,56,2,1,5,1,7,14,1,10,2,13,,44,,1,21,121.5706442,24.9889822
113,11,19,19,30,2,10文山區,文山區指南路1段51巷與木新路1段口,0,0,2,4,B01,6,5,5,50,4,1,1,4,4,5,13,2,1,5,4,5,1,13,1,68,3,10,7,1,7,14,1,4,2,3,,44,,1,21,121.5706442,24.9889822
113,11,19,19,35,2,09北投區,北投區承德路7段1203673燈桿,0,0,1,1,C03,6,5,5,60,14,9,1,4,4,5,13,4,4,9,4,4,2,13,2,31,3,10,5,1,7,15,1,10,1,12,,118,,1,21,121.5032272,25.1177325
113,11,19,19,35,2,09北投區,北投區承德路7段1203673燈桿,0,0,1,2,C03,6,5,5,60,14,9,1,4,4,5,13,4,4,9,4,4,2,13,2,23,2,9,5,1,7,9,1,10,1,11,,118,,1,21,121.5032272,25.1177325
113,11,19,19,40,2,03中山區,中山區民生東路1段與林森北路口,0,0,1,1,C03,7,5,5,50,4,1,1,5,4,5,13,1,1,5,4,2,2,17,1,28,3,10,5,1,7,5,1,10,1,12,,71,,1,25,121.5255417,25.05833253
113,11,19,19,40,2,03中山區,中山區民生東路1段與林森北路口,0,0,1,2,C03,7,5,5,50,4,1,1,5,4,5,13,1,1,5,4,2,2,17,1,47,2,8,5,1,7,9,1,10,1,11,,44,,1,21,121.5255417,25.05833253
113,11,19,19,45,2,07信義區,信義區信義路5段與信義路5段91巷口口,0,0,2,1,B02,6,6,5,30,3,1,1,4,4,5,13,3,1,1,4,5,2,17,1,40,3,10,7,1,7,6,1,8,1,17,,80,,1,22,121.5715752,25.0328813
113,11,19,19,45,2,07信義區,信義區信義路5段與信義路5段91巷口口,0,0,2,2,C03,6,6,5,30,3,1,1,4,4,5,13,3,1,1,4,5,2,17,1,49,2,8,6,1,7,9,6,10,1,12,,13,,1,22,121.5715752,25.0328813
113,11,19,19,45,2,07信義區,信義區信義路5段與信義路5段91巷口口,0,0,2,3,C03,6,6,5,30,3,1,1,4,4,5,13,3,1,1,4,5,2,17,1,20,2,8,6,1,7,9,1,10,1,14,,108,,1,22,121.5715752,25.0328813
113,11,19,20,11,2,02萬華區,萬華區萬大路與民和街口,0,0,3,1,C03,6,5,5,30,4,2,1,4,4,5,13,2,1,1,3,5,1,13,1,82,2,9,3,4,7,9,1,10,1,11,,108,,1,22,121.5003642,25.0265616
113,11,19,20,11,2,02萬華區,萬華區萬大路與民和街口,0,0,3,2,C04,6,5,5,30,4,2,1,4,4,5,13,2,1,1,3,5,1,13,2,59,2,9,3,4,7,9,1,11,1,12,,44,,1,22,121.5003642,25.0265616
113,11,19,20,11,2,02萬華區,萬華區萬大路與民和街口,0,0,3,3,H02,6,5,5,30,4,2,1,4,4,5,13,2,1,1,3,5,1,13,2,69,2,9,3,5,7,20,8,20,10,16,,67,,1,22,121.5003642,25.0265616
113,11,19,20,45,2,09北投區,北投區明德路與懷德街口,0,0,1,1,B03,7,5,5,50,14,9,1,5,4,5,13,1,1,5,5,5,2,17,1,41,3,10,7,1,7,9,1,8,1,5,,44,,1,22,121.5204385,25.1102505
113,11,19,20,45,2,09北投區,北投區明德路與懷德街口,0,0,1,2,C03,7,5,5,50,14,9,1,5,4,5,13,1,1,5,5,5,2,17,2,32,2,8,5,1,7,15,1,10,1,13,,42,,1,22,121.5204385,25.1102505
113,11,19,20,45,2,09北投區,北投區明德路與懷德街口,0,0,1,3,A12,7,5,5,50,14,9,1,5,4,5,13,1,1,5,5,5,2,17,1,53,3,10,7,1,7,15,1,2,1,7,,38,,1,22,121.5204385,25.1102505
113,11,19,20,45,2,09北投區,北投區明德路與懷德街口,0,0,1,4,B03,7,5,5,50,14,9,1,5,4,5,13,1,1,5,5,5,2,17,1,42,3,10,3,1,7,13,1,8,9,17,,38,,1,22,121.5204385,25.1102505
113,11,19,21,13,2,07信義區,信義區和平東路3段557號,0,0,1,1,C03,6,5,5,40,14,9,1,4,4,5,13,1,1,9,4,5,2,18,2,27,2,9,5,1,7,9,1,10,1,14,,42,,1,21,121.5610329,25.0156457
113,11,19,21,13,2,07信義區,信義區和平東路3段557號,0,0,1,2,,6,5,5,40,14,9,1,4,4,5,13,1,1,9,4,5,2,18,3,0,,,,,,,,,,,,67,,1,,121.5610329,25.0156457
113,11,19,23,0,2,08士林區,士林區文林路與雙溪街口,0,0,1,1,,6,5,5,50,4,1,1,4,4,5,13,1,1,5,4,4,2,18,3,0,,,,,,,,,,,,67,,1,,121.5233949,25.09968657
113,11,19,23,0,2,08士林區,士林區文林路與雙溪街口,0,0,1,2,C04,6,5,5,50,4,1,1,4,4,5,13,1,1,5,4,4,2,18,2,63,2,9,3,4,7,6,1,11,1,17,,44,,1,21,121.5233949,25.09968657
113,11,19,23,0,2,12內湖區,內湖區內湖路2段103巷與麗山街口,0,0,1,1,B01,6,5,5,30,3,1,1,4,4,5,13,4,4,10,5,5,2,17,1,71,4,11,3,4,7,21,7,19,11,15,,44,,2,22,121.5810201,25.0820937
113,11,19,23,0,2,12內湖區,內湖區內湖路2段103巷與麗山街口,0,0,1,2,C03,6,5,5,30,3,1,1,4,4,5,13,4,4,10,5,5,2,17,1,52,2,9,5,1,7,9,1,10,2,14,,4,,1,21,121.5810201,25.0820937
113,11,19,23,27,2,08士林區,士林區延平北路5段與中正路口,0,0,2,1,C03,7,6,5,50,4,1,1,5,4,5,13,1,1,1,4,5,2,17,1,19,2,9,5,1,7,5,3,18,1,14,,8,,1,21,121.5091531,25.0868059
113,11,19,23,27,2,08士林區,士林區延平北路5段與中正路口,0,0,2,2,C03,7,6,5,50,4,1,1,5,4,5,13,1,1,1,4,5,2,17,2,21,3,10,6,4,7,9,1,10,1,12,,44,,1,21,121.5091531,25.0868059
113,11,19,23,27,2,08士林區,士林區延平北路5段與中正路口,0,0,2,3,H02,7,6,5,50,4,1,1,5,4,5,13,1,1,1,4,5,2,17,1,17,2,9,5,5,7,20,8,20,10,16,,67,,1,21,121.5091531,25.0868059
113,11,20,0,8,2,05中正區,中正區忠孝東路2段與八德路1段口,0,0,1,1,B03,6,5,5,50,3,2,1,4,4,5,13,1,1,1,4,5,2,17,1,47,3,10,7,1,7,15,1,8,2,7,,14,,1,21,121.528734,25.04353
113,11,20,0,8,2,05中正區,中正區忠孝東路2段與八德路1段口,0,0,1,2,C03,6,5,5,50,3,2,1,4,4,5,13,1,1,1,4,5,2,17,1,24,2,9,6,1,7,15,1,10,2,12,,44,,1,21,121.528734,25.04353
113,11,20,0,20,2,04大安區,大安區仁愛路4段27巷與大安路1段144巷口,0,0,3,1,B03,6,5,5,30,4,1,1,4,4,5,13,4,4,9,5,5,1,15,1,32,2,8,3,4,7,9,1,8,1,5,,72,,1,22,121.5451792,25.0386201
113,11,20,0,20,2,04大安區,大安區仁愛路4段27巷與大安路1段144巷口,0,0,3,2,B01,6,5,5,30,4,1,1,4,4,5,13,4,4,9,5,5,1,15,1,38,2,1,3,4,7,9,1,4,1,8,,44,,1,21,121.5451792,25.0386201
113,11,20,0,20,2,04大安區,大安區仁愛路4段27巷與大安路1段144巷口,0,0,3,3,B03,6,5,5,30,4,1,1,4,4,5,13,4,4,9,5,5,1,15,1,30,3,10,3,4,7,13,1,8,1,17,,44,,1,21,121.5451792,25.0386201
113,11,20,0,20,2,04大安區,大安區仁愛路4段27巷與大安路1段144巷口,0,0,3,4,H02,6,5,5,30,4,1,1,4,4,5,13,4,4,9,5,5,1,15,2,31,2,7,3,5,7,21,8,20,10,16,,67,,1,21,121.5451792,25.0386201
113,11,20,1,46,2,02萬華區,萬華區武昌街2段114-3號,0,0,1,1,A11,6,5,5,30,14,9,4,4,4,5,13,4,4,5,5,5,2,17,1,62,3,10,7,1,7,1,1,3,9,17,,19,,1,21,121.5047264,25.0452329
113,11,20,1,46,2,02萬華區,萬華區武昌街2段114-3號,0,0,1,2,C03,6,5,5,30,14,9,4,4,4,5,13,4,4,5,5,5,2,17,2,24,2,9,6,1,7,9,1,10,1,14,,13,,1,21,121.5047264,25.0452329
113,11,20,2,15,2,09北投區,北投區承德路6段與福國路口,0,0,1,2,B01,6,5,5,50,4,1,1,4,4,5,13,1,1,1,4,5,2,16,1,56,3,10,7,1,7,5,1,8,2,2,,44,,1,22,121.5121639,25.1015906
113,11,20,2,15,2,09北投區,北投區承德路6段與福國路口,0,0,1,1,C03,6,5,5,50,4,1,1,4,4,5,13,1,1,1,4,5,2,16,1,18,2,9,6,1,7,9,1,10,2,11,,81,,1,22,121.5121639,25.1015906
113,11,20,5,52,2,05中正區,中正區忠孝西路1段(捷運台北車站M5出入口),0,0,2,1,B03,6,5,5,50,14,9,1,4,4,5,13,4,4,1,4,5,2,13,1,34,2,1,2,4,7,8,1,8,9,1,,44,,1,22,121.516059,25.0466753
113,11,20,5,52,2,05中正區,中正區忠孝西路1段(捷運台北車站M5出入口),0,0,2,2,A02,6,5,5,50,14,9,1,4,4,5,13,4,4,1,4,5,2,13,1,51,2,7,2,1,7,14,1,2,2,6,,44,,1,22,121.516059,25.0466753
113,11,20,7,30,2,07信義區,信義區信義路5段8號,0,0,1,1,C03,7,5,5,50,14,9,1,4,4,5,13,4,4,1,4,5,2,13,2,61,2,9,6,1,7,9,1,10,1,11,,16,,1,21,121.5611208,25.0329143
113,11,20,7,30,2,07信義區,信義區信義路5段8號,0,0,1,2,C03,7,5,5,50,14,9,1,4,4,5,13,4,4,1,4,5,2,13,2,55,3,10,6,1,7,9,1,10,1,13,,44,,1,21,121.5611208,25.0329143
113,11,20,7,48,2,07信義區,信義區基隆路1段149號,0,0,1,1,C03,7,7,5,50,14,9,1,4,4,5,13,4,4,10,4,5,2,13,1,21,2,9,6,4,7,9,1,10,1,14,,118,,1,21,121.5654842,25.0425719
113,11,20,7,48,2,07信義區,信義區基隆路1段149號,0,0,1,2,C03,7,7,5,50,14,9,1,4,4,5,13,4,4,10,4,5,2,13,1,32,3,10,6,4,7,14,1,10,1,13,,44,,1,21,121.5654842,25.0425719
113,11,20,7,57,2,02萬華區,萬華區永福街與柳州街口,0,0,1,1,B01,6,7,5,30,4,1,1,4,4,5,13,2,1,9,5,5,2,9,2,69,3,10,7,1,7,5,1,4,1,8,,70,,1,21,121.5052148,25.0382175
113,11,20,7,57,2,02萬華區,萬華區永福街與柳州街口,0,0,1,2,H01,6,7,5,30,4,1,1,4,4,5,13,2,1,9,5,5,2,9,1,36,2,8,4,5,8,16,8,20,10,16,,67,,1,21,121.5052148,25.0382175
113,11,20,8,6,2,07信義區,信義區和平東路3段與安居街口,0,0,1,1,C03,7,7,5,50,14,9,1,4,4,5,13,1,1,1,4,5,2,17,2,36,2,9,6,4,7,9,1,10,1,14,,13,,1,21,121.55552,25.0216136
113,11,20,8,6,2,07信義區,信義區和平東路3段與安居街口,0,0,1,2,B03,7,7,5,50,14,9,1,4,4,5,13,1,1,1,4,5,2,17,1,64,3,10,3,4,7,11,1,8,1,17,,10,,1,21,121.55552,25.0216136
113,11,20,8,9,2,05中正區,中正區新生高架道(下金山南路一段),0,0,1,1,B03,6,6,5,40,10,16,1,4,4,5,13,4,4,10,4,5,1,13,1,46,3,10,7,1,7,12,1,8,1,1,,108,,1,21,121.5294014,25.0417343
113,11,20,8,9,2,05中正區,中正區新生高架道(下金山南路一段),0,0,1,2,B03,6,6,5,40,10,16,1,4,4,5,13,4,4,10,4,5,1,13,1,22,2,1,7,1,7,14,1,8,1,3,,44,,1,21,121.5294014,25.0417343
113,11,20,8,17,2,07信義區,信義區虎林街164巷60弄與忠孝東路5段236巷27弄口,0,0,1,1,B03,7,5,5,30,3,1,1,4,4,5,13,4,4,10,5,5,2,17,1,47,3,10,7,1,7,5,1,8,1,8,,72,,1,21,121.5739395,25.0384964
113,11,20,8,17,2,07信義區,信義區虎林街164巷60弄與忠孝東路5段236巷27弄口,0,0,1,2,C03,7,5,5,30,3,1,1,4,4,5,13,4,4,10,5,5,2,17,2,37,2,9,6,1,7,9,1,10,1,11,,44,,1,21,121.5739395,25.0384964
113,11,20,8,17,2,07信義區,信義區虎林街164巷60弄與忠孝東路5段236巷27弄口,0,0,1,3,B12,7,5,5,30,3,1,1,4,4,5,13,4,4,10,5,5,2,17,1,44,3,10,3,4,7,14,6,8,9,4,,38,,1,21,121.5739395,25.0384964
113,11,20,8,24,2,04大安區,大安區大安路1段與大安路1段16巷口,0,0,1,1,A12,7,6,5,30,3,2,1,2,4,3,13,4,4,10,5,5,2,17,1,46,3,10,3,1,7,12,1,7,9,17,,30,,1,21,121.5461301,25.0443742
113,11,20,8,24,2,04大安區,大安區大安路1段與大安路1段16巷口,0,0,1,2,C03,7,6,5,30,3,2,1,2,4,3,13,4,4,10,5,5,2,17,2,31,2,7,6,4,7,9,1,10,1,17,,44,,1,21,121.5461301,25.0443742
113,11,20,8,28,2,06松山區,松山區塔悠路與南京東路5段口,0,0,1,1,B01,6,6,5,50,5,1,1,4,4,5,13,2,1,1,4,4,2,12,1,55,3,10,3,4,7,9,1,4,2,4,,108,,1,21,121.5701392,25.0514089
113,11,20,8,28,2,06松山區,松山區塔悠路與南京東路5段口,0,0,1,2,C03,6,6,5,50,5,1,1,4,4,5,13,2,1,1,4,4,2,12,2,78,2,1,6,1,7,9,1,10,9,12,,44,,1,21,121.5701392,25.0514089
113,11,20,8,52,2,12內湖區,內湖區文德路22巷27弄與江南街65巷口,0,0,1,1,C03,6,6,5,30,3,1,1,4,4,5,13,4,4,10,5,5,2,13,1,30,2,8,6,1,7,9,1,10,1,11,,16,,1,21,121.5792053,25.07637251
113,11,20,8,52,2,12內湖區,內湖區文德路22巷27弄與江南街65巷口,0,0,1,2,C03,6,6,5,30,3,1,1,4,4,5,13,4,4,10,5,5,2,13,1,36,3,10,6,1,7,9,1,9,1,13,,44,,1,21,121.5792053,25.07637251
113,11,20,9,17,2,04大安區,大安區信義路3段41-2號,0,0,1,1,C03,6,7,5,0,14,20,4,4,4,5,13,4,4,10,5,5,2,17,1,47,3,10,5,1,7,14,1,10,1,17,,44,,1,21,121.5351896,25.0337351
113,11,20,9,17,2,04大安區,大安區信義路3段41-2號,0,0,1,2,F01,6,7,5,0,14,20,4,4,4,5,13,4,4,10,5,5,2,17,2,61,2,9,2,4,7,9,8,20,1,17,,42,,1,21,121.5351896,25.0337351
113,11,20,9,34,2,09北投區,北投區承德路7段166號,0,0,2,1,C02,7,6,5,50,14,8,1,4,4,5,13,4,4,1,4,4,2,16,1,29,2,8,5,1,7,3,1,9,1,12,,44,,1,21,121.5085936,25.1132816
113,11,20,9,34,2,09北投區,北投區承德路7段166號,0,0,2,2,C03,7,6,5,50,14,8,1,4,4,5,13,4,4,1,4,4,2,16,2,19,2,8,5,1,7,9,1,10,1,11,,108,,1,21,121.5085936,25.1132816
113,11,20,9,34,2,09北投區,北投區承德路7段166號,0,0,2,3,C03,7,6,5,50,14,8,1,4,4,5,13,4,4,1,4,4,2,16,3,47,,,,,,,,,9,,,67,,1,,121.5085936,25.1132816
113,11,20,9,55,2,03中山區,中山區建國北路3段171號,0,0,1,1,B03,7,6,5,50,14,9,1,5,4,5,13,4,4,1,4,5,2,13,1,57,3,10,7,1,7,9,1,8,1,1,,16,,1,21,121.5339391,25.06782213
113,11,20,9,55,2,03中山區,中山區建國北路3段171號,0,0,1,2,C03,7,6,5,50,14,9,1,5,4,5,13,4,4,1,4,5,2,13,2,64,2,8,6,1,7,9,1,10,1,13,,44,,1,21,121.5339391,25.06782213
113,11,20,10,0,2,03中山區,中山區市民大道3段與建國南路1段口,0,0,1,1,B01,7,5,5,40,4,2,1,5,4,5,13,2,1,5,4,5,2,17,1,65,3,10,3,4,7,6,1,4,1,2,,9,,1,21,121.5369161,25.0448613
113,11,20,10,0,2,03中山區,中山區市民大道3段與建國南路1段口,0,0,1,2,C03,7,5,5,40,4,2,1,5,4,5,13,2,1,5,4,5,2,17,1,60,2,9,3,4,7,9,1,10,1,14,,44,,1,21,121.5369161,25.0448613
113,11,20,10,8,2,02萬華區,萬華區中華路2段與西藏路口,0,0,1,1,B01,7,6,5,50,4,1,1,4,4,5,13,2,1,1,5,5,2,17,1,58,3,10,7,1,7,11,1,4,2,17,,10,,1,26,121.5040509,25.03002885
113,11,20,10,8,2,02萬華區,萬華區中華路2段與西藏路口,0,0,1,2,C03,7,6,5,50,4,1,1,4,4,5,13,2,1,1,5,5,2,17,2,19,2,9,6,1,7,9,1,10,2,14,,44,,1,25,121.5040509,25.03002885
113,11,20,10,18,2,06松山區,松山區市民大道4段71號,0,0,1,1,B03,7,6,8,40,22,22,1,4,4,5,13,4,4,1,4,5,2,17,1,70,3,10,7,1,7,5,1,8,1,2,,73,,1,21,121.5468479,25.045164
113,11,20,10,18,2,06松山區,松山區市民大道4段71號,0,0,1,2,C03,7,6,8,40,22,22,1,4,4,5,13,4,4,1,4,5,2,17,1,19,2,9,5,1,7,9,1,10,1,14,,13,,1,21,121.5468479,25.045164
113,11,20,10,27,2,01大同區,大同區延平北路4段與迪化街2段口,0,0,1,1,B03,7,6,5,50,5,1,1,4,4,5,13,2,1,5,4,5,2,17,2,49,3,10,3,4,7,9,1,8,2,5,,107,,1,22,121.5114906,25.0740701
113,11,20,10,27,2,01大同區,大同區延平北路4段與迪化街2段口,0,0,1,2,C04,7,6,5,50,5,1,1,4,4,5,13,2,1,5,4,5,2,17,1,37,2,9,6,4,7,5,1,10,2,14,,8,,1,22,121.5114906,25.0740701
113,11,20,10,30,2,10文山區,文山區木柵路1段與辛亥路6段口,0,0,1,1,C03,6,7,5,50,4,1,1,4,4,5,13,1,1,10,5,5,2,16,1,51,3,10,5,1,7,5,1,10,1,11,,44,,1,21,121.5522679,24.987824
113,11,20,10,30,2,10文山區,文山區木柵路1段與辛亥路6段口,0,0,1,2,C03,6,7,5,50,4,1,1,4,4,5,13,1,1,10,5,5,2,16,1,30,2,9,5,1,7,9,1,10,1,11,,13,,1,21,121.5522679,24.987824
113,11,20,10,48,2,03中山區,中山區建國北路1段與長安東路2段口,0,0,2,1,B03,6,6,6,50,4,1,1,4,4,5,13,1,1,1,4,5,2,17,1,46,3,10,3,4,7,6,1,8,1,2,,98,,1,21,121.53699,25.0483312
113,11,20,10,48,2,03中山區,中山區建國北路1段與長安東路2段口,0,0,2,2,C03,6,6,6,50,4,1,1,4,4,5,13,1,1,1,4,5,2,17,1,34,2,9,5,1,7,9,1,10,1,11,,44,,1,21,121.53699,25.0483312
113,11,20,10,48,2,03中山區,中山區建國北路1段與長安東路2段口,0,0,2,3,H02,6,6,6,50,4,1,1,4,4,5,13,1,1,1,4,5,2,17,2,28,2,8,4,5,7,21,8,20,10,16,,67,,1,21,121.53699,25.0483312
113,11,20,11,5,2,10文山區,文山區羅斯福路6段與景華街口,0,0,1,1,B03,6,6,5,30,4,19,1,4,4,5,13,2,1,5,5,5,2,3,1,77,3,10,7,1,7,5,1,8,2,1,,70,,1,21,121.5412967,24.9951156
113,11,20,11,5,2,10文山區,文山區羅斯福路6段與景華街口,0,0,1,2,H01,6,6,5,30,4,19,1,4,4,5,13,2,1,5,5,5,2,3,2,60,2,6,4,5,8,16,8,20,10,16,,67,,1,21,121.5412967,24.9951156
113,11,20,11,12,2,04大安區,大安區建國南路2段與辛亥路2段口口,0,0,1,1,B02,6,5,5,50,5,2,1,4,4,5,13,2,1,1,2,5,2,13,1,33,3,10,7,1,7,9,1,2,1,5,,16,,1,21,121.5374824,25.02258464
113,11,20,11,12,2,04大安區,大安區建國南路2段與辛亥路2段口口,0,0,1,2,C02,6,5,5,50,5,2,1,4,4,5,13,2,1,1,2,5,2,13,1,36,2,9,5,1,7,14,1,9,1,13,,44,,1,21,121.5374824,25.02258464
113,11,20,11,26,2,03中山區,中山區龍江路與南京東路3段109巷口,0,0,1,1,B03,7,6,5,50,5,1,1,5,4,5,13,4,4,9,5,5,2,16,1,60,3,10,7,1,7,6,1,8,1,2,,9,,1,21,121.5404383,25.0536898
113,11,20,11,26,2,03中山區,中山區龍江路與南京東路3段109巷口,0,0,1,2,C03,7,6,5,50,5,1,1,5,4,5,13,4,4,9,5,5,2,16,1,39,2,9,6,1,7,9,1,10,1,14,,44,,1,21,121.5404383,25.0536898
113,11,20,11,42,2,03中山區,中山區建國北路3段與農安街口,0,0,2,1,B12,7,5,5,50,4,2,1,5,4,5,13,2,1,1,4,5,2,13,1,26,2,9,3,4,7,9,1,8,1,1,,108,,1,21,121.5365561,25.0651283
113,11,20,11,42,2,03中山區,中山區建國北路3段與農安街口,0,0,2,2,B03,7,5,5,50,4,2,1,5,4,5,13,2,1,1,4,5,2,13,2,43,2,9,3,4,7,14,1,8,1,3,,44,,1,21,121.5365561,25.0651283
113,11,20,12,0,2,10文山區,文山區指南路2段36號,0,0,2,1,B01,6,6,5,50,14,9,1,4,4,5,13,4,4,10,5,5,1,13,1,30,3,10,7,1,7,9,1,4,1,1,,107,,1,21,121.5748769,24.9878112
113,11,20,12,0,2,10文山區,文山區指南路2段36號,0,0,2,2,C03,6,6,5,50,14,9,1,4,4,5,13,4,4,10,5,5,1,13,1,69,2,8,5,1,7,14,1,10,1,13,,44,,1,21,121.5748769,24.9878112
113,11,20,12,0,2,10文山區,文山區指南路2段36號,0,0,2,3,H02,6,6,5,50,14,9,1,4,4,5,13,4,4,10,5,5,1,13,2,64,2,9,5,5,7,20,8,20,10,16,,67,,1,21,121.5748769,24.9878112
113,11,20,12,10,2,05中正區,中正區市民大道3段2號,0,0,1,1,C03,7,6,5,40,14,9,1,5,4,5,13,4,4,8,4,4,1,17,1,29,2,9,6,1,7,5,1,10,2,14,,42,,1,22,121.5313092,25.04575545
113,11,20,12,10,2,05中正區,中正區市民大道3段2號,0,0,1,2,B01,7,6,5,40,14,9,1,5,4,5,13,4,4,8,4,4,1,17,1,64,3,10,7,1,7,8,1,4,2,3,,44,,1,21,121.5313092,25.04575545
113,11,20,12,12,2,03中山區,中山區建國北路3段與松江路口,0,0,1,1,B03,8,7,5,50,4,1,2,5,4,5,13,2,1,9,4,5,2,17,2,27,3,10,7,1,7,5,1,8,1,4,,16,,1,21,121.5332748,25.0677198
113,11,20,12,12,2,03中山區,中山區建國北路3段與松江路口,0,0,1,2,C03,8,7,5,50,4,1,2,5,4,5,13,2,1,9,4,5,2,17,2,55,2,9,5,1,7,9,1,10,1,12,,16,,1,21,121.5332748,25.0677198
113,11,20,12,57,2,06松山區,松山區光復南路45巷與光復南路口,0,0,1,1,B03,7,6,5,50,3,2,1,5,4,5,13,4,4,1,4,5,2,17,1,45,3,10,7,1,7,13,1,8,1,4,,40,,1,21,121.5578538,25.04618357
113,11,20,12,57,2,06松山區,松山區光復南路45巷與光復南路口,0,0,1,2,C03,7,6,5,50,3,2,1,5,4,5,13,4,4,1,4,5,2,17,1,41,2,9,6,1,7,6,1,10,1,11,,44,,1,21,121.5578538,25.04618357
113,11,20,13,30,2,08士林區,士林區光華路61巷4弄NO.1108291燈桿,0,0,1,1,B03,7,6,5,30,11,9,1,5,4,5,13,4,4,10,5,5,1,11,1,47,3,10,7,1,7,9,1,8,2,4,,44,,1,21,121.541017,25.12357692
113,11,20,13,30,2,08士林區,士林區光華路61巷4弄NO.1108291燈桿,0,0,1,2,C03,7,6,5,30,11,9,1,5,4,5,13,4,4,10,5,5,1,11,1,20,2,9,5,1,7,9,1,10,2,11,,14,,1,21,121.541017,25.12357692
113,11,20,13,35,2,03中山區,中山區松江路與德惠街口,0,0,2,1,B03,7,6,5,50,4,2,1,5,4,5,13,1,1,1,4,5,2,17,1,82,3,10,7,1,7,6,1,8,1,5,,9,,1,21,121.5333684,25.0667307
113,11,20,13,35,2,03中山區,中山區松江路與德惠街口,0,0,2,2,C03,7,6,5,50,4,2,1,5,4,5,13,1,1,1,4,5,2,17,1,67,2,9,5,1,7,5,1,10,1,12,,8,,1,21,121.5333684,25.0667307
113,11,20,13,35,2,03中山區,中山區松江路與德惠街口,0,0,2,3,H02,7,6,5,50,4,2,1,5,4,5,13,1,1,1,4,5,2,17,2,64,2,9,5,5,7,20,8,20,10,16,,67,,1,21,121.5333684,25.0667307
113,11,20,13,45,2,01大同區,大同區市民高架道下重慶北匝道(東往西),0,0,1,1,B03,6,5,5,40,10,7,1,4,4,5,13,4,4,5,4,5,2,17,2,24,3,10,3,4,7,7,1,8,2,4,,100,,1,21,121.5141873,25.049206
113,11,20,13,45,2,01大同區,大同區市民高架道下重慶北匝道(東往西),0,0,1,2,B01,6,5,5,40,10,7,1,4,4,5,13,4,4,5,4,5,2,17,1,48,2,3,3,4,7,9,1,4,2,2,,108,,1,21,121.5141873,25.049206
113,11,20,14,15,2,02萬華區,萬華區西園路2段255號,0,0,1,1,,7,7,5,50,14,9,1,5,4,5,13,1,1,8,3,5,2,12,4,0,,,,,,,,,,,,119,,2,,121.4927031,25.0259441
113,11,20,14,15,2,02萬華區,萬華區西園路2段255號,0,0,1,2,B03,7,7,5,50,14,9,1,5,4,5,13,1,1,8,3,5,2,12,1,22,3,10,7,1,7,7,1,8,2,8,,44,,1,21,121.4927031,25.0259441
113,11,20,14,15,2,02萬華區,萬華區西園路2段255號,0,0,1,3,C03,7,7,5,50,14,9,1,5,4,5,13,1,1,8,3,5,2,12,1,44,2,9,5,1,7,9,1,10,2,11,,44,,1,21,121.4927031,25.0259441
113,11,20,14,15,2,02萬華區,萬華區西園路2段255號,0,0,1,4,B03,7,7,5,50,14,9,1,5,4,5,13,1,1,8,3,5,2,12,1,31,3,10,7,1,7,13,1,8,9,4,,38,,1,21,121.4927031,25.0259441
113,11,20,14,25,2,12內湖區,內湖區東湖路160巷與康寧街口,0,0,1,1,C03,6,6,5,50,5,1,1,4,4,5,13,2,1,9,4,5,2,16,1,36,2,9,6,1,7,9,1,10,2,12,,81,,1,21,121.6175778,25.0675828
113,11,20,14,25,2,12內湖區,內湖區東湖路160巷與康寧街口,0,0,1,2,A02,6,6,5,50,5,1,1,4,4,5,13,2,1,9,4,5,2,16,1,42,3,10,7,1,7,9,1,6,2,1,,44,,1,21,121.6175778,25.0675828
113,11,20,14,48,2,11南港區,南港區東新街與東新街77巷4弄口,0,0,1,1,B03,6,7,5,50,3,2,1,4,4,5,13,4,4,5,4,5,2,16,1,61,3,10,3,4,7,9,1,8,2,7,,2,,1,21,121.5876428,25.0468399
113,11,20,14,48,2,11南港區,南港區東新街與東新街77巷4弄口,0,0,1,2,B03,6,7,5,50,3,2,1,4,4,5,13,4,4,5,4,5,2,16,2,45,2,1,3,4,7,5,1,8,2,8,,8,,1,21,121.5876428,25.0468399