發生年度,發生月,發生日,發生時-Hours,發生分,處理別-編號,區序,肇事地點,死亡人數,2-30日死亡人數,受傷人數,當事人序號,車種,天候,道路照明設備,道路類別,速限-速度限制,道路型態,事故位置,路面狀況1,路面狀況2,路面狀況3,道路障礙1,道路障礙2,號誌1,號誌2,車道劃分-分向,車道劃分-分道1,車道劃分-分道2,車道劃分-分道3,事故類型及型態,性別,年齡,受傷程度,主要傷處,保護裝置,行動電話,車輛用途,當事者行動狀態,駕駛資格情形,駕駛執照種類,飲酒情形,車輛撞擊部位1,車輛撞擊部位2,肇因碼-個別,肇因碼-主要,個人肇逃否,職業,座標-X,座標-Y
113,11,20,15,25,2,03中山區,中山區民族東路502號對面車格,0,0,1,1,C03,7,7,5,50,11,9,1,5,4,5,13,4,4,4,4,5,2,17,2,65,2,9,6,1,7,9,1,10,1,12,,108,,1,21,121.5418907,25.0681338
113,11,20,15,25,2,03中山區,中山區民族東路502號對面車格,0,0,1,2,B03,7,7,5,50,11,9,1,5,4,5,13,4,4,4,4,5,2,17,1,25,3,10,3,1,7,13,1,8,9,4,,44,,1,21,121.5418907,25.0681338
113,11,20,15,25,2,03中山區,中山區民族東路502號對面車格,0,0,1,3,B03,7,7,5,50,11,9,1,5,4,5,13,4,4,4,4,5,2,17,2,42,3,10,3,1,7,13,1,8,9,4,,44,,1,21,121.5418907,25.0681338
113,11,20,15,30,2,02萬華區,萬華區堤外便道(光復橋下旁),0,0,1,1,B03,8,6,5,40,14,9,5,5,4,5,13,4,4,10,5,5,2,17,1,39,3,10,7,1,7,5,1,8,9,8,,80,,1,21,121.4907991,25.0232628
113,11,20,15,30,2,02萬華區,萬華區堤外便道(光復橋下旁),0,0,1,2,B03,8,6,5,40,14,9,5,5,4,5,13,4,4,10,5,5,2,17,1,63,2,9,7,1,7,9,1,8,9,2,,108,,1,21,121.4907991,25.0232628
113,11,20,15,32,2,09北投區,北投區中央北路4段與中央北路4段316巷口,0,0,1,1,B03,7,6,5,50,3,1,1,5,4,5,13,2,1,5,4,5,2,12,1,54,3,10,7,1,7,11,1,8,1,4,,10,,1,21,121.4727006,25.13088968
113,11,20,15,32,2,09北投區,北投區中央北路4段與中央北路4段316巷口,0,0,1,2,C03,7,6,5,50,3,1,1,5,4,5,13,2,1,5,4,5,2,12,1,18,2,9,5,1,7,9,1,10,1,11,,13,,1,21,121.4727006,25.13088968
113,11,20,16,47,2,04大安區,大安區辛亥路3段與臥龍街188巷口,0,0,1,2,B03,7,5,5,50,3,1,1,4,4,5,13,4,4,10,4,5,2,17,1,47,3,10,3,4,7,6,1,8,1,17,,74,,1,21,121.5504064,25.0162005
113,11,20,16,47,2,04大安區,大安區辛亥路3段與臥龍街188巷口,0,0,1,1,C03,7,5,5,50,3,1,1,4,4,5,13,4,4,10,4,5,2,17,1,45,2,9,5,4,7,9,1,10,1,17,,44,,1,21,121.5504064,25.0162005
113,11,20,17,21,2,04大安區,大安區忠孝東路3段81號,0,0,1,1,B01,6,5,5,50,14,9,1,4,4,5,13,4,4,1,3,5,1,12,1,57,3,10,3,4,7,8,1,4,1,5,,100,,1,21,121.538551,25.0417937
113,11,20,17,21,2,04大安區,大安區忠孝東路3段81號,0,0,1,2,C03,6,5,5,50,14,9,1,4,4,5,13,4,4,1,3,5,1,12,2,26,2,1,6,1,7,7,1,10,1,14,,44,,1,21,121.538551,25.0417937
113,11,20,17,30,2,10文山區,文山區光輝路112巷與光輝路112巷5弄口,0,0,1,1,C03,6,5,5,30,4,1,1,4,4,5,13,4,4,10,5,5,1,15,2,58,2,7,5,1,7,9,1,10,9,11,,75,,1,21,121.5572066,24.9846158
113,11,20,17,30,2,10文山區,文山區光輝路112巷與光輝路112巷5弄口,0,0,1,2,C03,6,5,5,30,4,1,1,4,4,5,13,4,4,10,5,5,1,15,1,24,3,10,6,1,7,9,1,10,9,11,,44,,1,21,121.5572066,24.9846158
113,11,20,17,49,2,03中山區,中山區大佳河濱公園與濱江街199巷口8號水門附近,0,0,3,1,C03,6,5,5,30,5,2,1,4,4,5,13,4,4,10,3,5,1,17,1,53,2,9,5,1,7,5,1,10,1,13,,74,,1,21,121.5398613,25.073671
113,11,20,17,49,2,03中山區,中山區大佳河濱公園與濱江街199巷口8號水門附近,0,0,3,2,C03,6,5,5,30,5,2,1,4,4,5,13,4,4,10,3,5,1,17,1,41,2,9,5,1,7,9,1,10,1,11,,14,,1,21,121.5398613,25.073671
113,11,20,17,49,2,03中山區,中山區大佳河濱公園與濱江街199巷口8號水門附近,0,0,3,3,H02,6,5,5,30,5,2,1,4,4,5,13,4,4,10,3,5,1,17,2,41,2,9,6,5,7,17,8,20,10,16,,67,,1,21,121.5398613,25.073671
113,11,20,17,50,2,04大安區,大安區基隆路2段156號,0,0,1,1,B03,6,5,5,50,14,9,1,4,4,5,13,4,4,9,4,5,1,12,1,27,3,10,3,4,7,9,1,8,1,2,,44,,1,21,121.55608,25.0274925
113,11,20,17,50,2,04大安區,大安區基隆路2段156號,0,0,1,2,C03,6,5,5,50,14,9,1,4,4,5,13,4,4,9,4,5,1,12,2,26,2,8,6,1,7,9,1,10,1,14,,17,,1,21,121.55608,25.0274925
113,11,20,17,57,2,04大安區,大安區和平東路1段與和平東路1段141巷口口,0,0,1,1,B03,6,5,5,50,4,1,1,4,4,5,13,2,1,1,4,5,2,17,2,54,3,10,7,1,7,5,1,14,2,2,,71,,1,21,121.5303986,25.0265247
113,11,20,17,57,2,04大安區,大安區和平東路1段與和平東路1段141巷口口,0,0,1,2,C03,6,5,5,50,4,1,1,4,4,5,13,2,1,1,4,5,2,17,1,22,2,1,5,1,7,9,1,10,9,11,,13,,1,21,121.5303986,25.0265247
113,11,20,18,0,2,03中山區,中山區錦州街與中原街口,0,0,2,1,B03,7,6,5,50,4,1,1,5,4,5,13,1,1,5,4,5,2,12,1,59,3,10,7,4,7,9,1,8,9,8,,108,,2,22,121.5289022,25.06032835
113,11,20,18,0,2,03中山區,中山區錦州街與中原街口,0,0,2,2,C04,7,6,5,50,4,1,1,5,4,5,13,1,1,5,4,5,2,12,2,54,2,9,5,1,7,14,1,8,1,13,12,44,,1,21,121.5289022,25.06032835
113,11,20,18,0,2,03中山區,中山區錦州街與中原街口,0,0,2,3,C03,7,6,5,50,4,1,1,5,4,5,13,1,1,5,4,5,2,12,1,62,2,9,5,1,7,9,1,10,1,11,14,44,,1,21,121.5289022,25.06032835
113,11,20,18,12,2,11南港區,南港區忠孝東路6段310號,0,0,2,1,C03,6,5,5,50,14,9,1,4,4,5,13,4,4,1,4,5,2,16,2,32,2,9,6,1,7,1,1,10,2,14,,19,,1,21,121.589731,25.049352
113,11,20,18,12,2,11南港區,南港區忠孝東路6段310號,0,0,2,2,C03,6,5,5,50,14,9,1,4,4,5,13,4,4,1,4,5,2,16,1,18,2,9,6,1,7,9,1,10,2,11,,13,,1,21,121.589731,25.049352
113,11,20,18,12,2,11南港區,南港區忠孝東路6段310號,0,0,2,3,B03,6,5,5,50,14,9,1,4,4,5,13,4,4,1,4,5,2,16,1,34,3,10,3,1,7,13,1,8,9,3,,38,,1,21,121.589731,25.049352
113,11,20,18,35,2,04大安區,大安區永康街與潮州街口,0,0,3,1,C03,6,5,5,30,4,1,1,4,4,5,13,4,4,10,5,5,1,15,2,26,2,8,6,4,7,9,1,10,1,11,,72,,1,21,121.5296108,25.0283848
113,11,20,18,35,2,04大安區,大安區永康街與潮州街口,0,0,3,2,C03,6,5,5,30,4,1,1,4,4,5,13,4,4,10,5,5,1,15,2,40,2,9,6,4,7,9,1,10,1,12,,44,,1,21,121.5296108,25.0283848
113,11,20,18,35,2,04大安區,大安區永康街與潮州街口,0,0,3,3,H02,6,5,5,30,4,1,1,4,4,5,13,4,4,10,5,5,1,15,1,8,2,7,6,5,7,20,8,20,10,16,,67,,1,21,121.5296108,25.0283848
113,11,20,19,3,2,11南港區,南港區向陽路185號,0,0,1,1,B03,6,5,5,50,14,9,1,4,4,5,13,4,4,3,4,5,2,16,2,34,3,10,7,1,7,8,1,8,1,5,,101,,1,21,121.5936826,25.0561794
113,11,20,19,3,2,11南港區,南港區向陽路185號,0,0,1,2,C03,6,5,5,50,14,9,1,4,4,5,13,4,4,3,4,5,2,16,1,20,2,9,6,1,7,9,1,10,1,14,,44,,1,21,121.5936826,25.0561794
113,11,20,19,26,2,04大安區,大安區信義路3段147巷與信義路3段147巷36弄口,0,0,1,1,B03,6,5,5,30,4,1,1,4,4,5,13,4,4,5,5,5,2,15,1,48,3,10,7,1,7,9,1,8,1,2,,72,,1,21,121.5443528,25.03746841
113,11,20,19,26,2,04大安區,大安區信義路3段147巷與信義路3段147巷36弄口,0,0,1,2,C03,6,5,5,30,4,1,1,4,4,5,13,4,4,5,5,5,2,15,2,20,2,8,6,1,7,9,1,10,1,11,,107,,1,21,121.5443528,25.03746841
113,11,20,19,26,2,12內湖區,內湖區港華街29巷與港華街51巷1弄口19號旁,0,0,2,1,C03,6,5,5,30,14,9,1,4,4,5,13,4,4,10,5,5,2,10,1,69,2,7,6,1,7,9,1,10,1,11,,42,,1,21,121.5767163,25.0829133
113,11,20,19,26,2,12內湖區,內湖區港華街29巷與港華街51巷1弄口19號旁,0,0,2,2,F01,6,5,5,30,14,9,1,4,4,5,13,4,4,10,5,5,2,10,2,66,2,9,4,1,7,9,8,20,1,11,,5,,1,21,121.5767163,25.0829133
113,11,20,20,40,2,04大安區,大安區建國南路2段往南(大安森林公園),0,0,1,1,C03,6,5,5,50,14,9,1,4,4,5,13,4,4,8,3,5,1,12,2,26,2,8,5,1,7,8,1,8,1,12,,100,,1,26,121.5375327,25.0320447
113,11,20,20,40,2,04大安區,大安區建國南路2段往南(大安森林公園),0,0,1,2,B03,6,5,5,50,14,9,1,4,4,5,13,4,4,8,3,5,1,12,1,53,3,10,7,1,7,9,1,8,1,4,,44,,1,21,121.5375327,25.0320447
113,11,20,20,59,2,04大安區,大安區泰順街50巷與龍泉街口,0,0,3,1,C03,6,5,5,30,4,1,1,4,4,5,13,4,4,10,5,5,2,15,2,43,2,9,6,1,7,9,1,10,9,12,,72,,1,21,121.5293451,25.0232183
113,11,20,20,59,2,04大安區,大安區泰順街50巷與龍泉街口,0,0,3,2,C03,6,5,5,30,4,1,1,4,4,5,13,4,4,10,5,5,2,15,2,37,2,9,5,1,7,9,3,18,9,11,,44,,1,21,121.5293451,25.0232183
113,11,20,20,59,2,04大安區,大安區泰順街50巷與龍泉街口,0,0,3,3,H02,6,5,5,30,4,1,1,4,4,5,13,4,4,10,5,5,2,15,2,42,2,9,5,5,7,21,8,20,10,16,,67,,1,21,121.5293451,25.0232183
113,11,20,21,16,2,12內湖區,內湖區民權東路6段180巷66號前,0,0,1,1,C03,8,5,5,50,14,9,1,4,4,5,13,4,4,9,4,5,2,17,1,37,2,9,6,1,7,9,1,10,1,12,,108,,1,21,121.5926599,25.06669074
113,11,20,21,16,2,12內湖區,內湖區民權東路6段180巷66號前,0,0,1,2,C03,8,5,5,50,14,9,1,4,4,5,13,4,4,9,4,5,2,17,1,34,3,10,3,1,7,13,1,10,1,14,,38,,1,21,121.5926599,25.06669074
113,11,20,21,42,2,04大安區,大安區和平東路1段與和平東路1段141巷口,0,0,1,1,B03,7,5,5,50,4,1,1,4,4,5,13,1,1,10,5,5,2,16,1,34,3,10,7,1,7,6,1,8,1,6,2,9,,1,21,121.5303978,25.02656344
113,11,20,21,42,2,04大安區,大安區和平東路1段與和平東路1段141巷口,0,0,1,2,C03,7,5,5,50,4,1,1,4,4,5,13,1,1,10,5,5,2,16,1,28,2,9,5,1,7,9,1,10,1,14,,44,,1,21,121.5303978,25.02656344
113,11,20,21,52,2,05中正區,中正區中山南路與青島西路口,0,0,2,2,C03,7,5,5,50,4,1,1,5,4,5,13,1,1,1,4,4,2,17,1,29,2,8,6,1,7,9,1,10,2,14,,44,,1,21,121.51932,25.0445191
113,11,20,21,52,2,05中正區,中正區中山南路與青島西路口,0,0,2,3,H02,7,5,5,50,4,1,1,5,4,5,13,1,1,1,4,4,2,17,2,29,2,9,6,5,7,20,8,20,10,16,,67,,1,21,121.51932,25.0445191
113,11,20,21,52,2,05中正區,中正區中山南路與青島西路口,0,0,2,1,B03,7,5,5,50,4,1,1,5,4,5,13,1,1,1,4,4,2,17,1,56,3,10,7,1,7,5,1,8,2,17,,71,,1,21,121.51932,25.0445191
113,11,20,21,53,2,09北投區,北投區尊賢街264巷與尊賢街302巷口口,0,0,2,1,C03,7,5,5,30,4,1,1,5,4,5,13,4,4,10,5,5,2,17,1,23,2,9,6,1,7,9,1,10,2,11,,72,,1,22,121.5086077,25.118116
113,11,20,21,53,2,09北投區,北投區尊賢街264巷與尊賢街302巷口口,0,0,2,2,C03,7,5,5,30,4,1,1,5,4,5,13,4,4,10,5,5,2,17,1,25,2,9,6,1,7,9,1,10,2,12,,13,,1,22,121.5086077,25.118116
113,11,20,21,53,2,09北投區,北投區尊賢街264巷與尊賢街302巷口口,0,0,2,3,B03,7,5,5,30,4,1,1,5,4,5,13,4,4,10,5,5,2,17,1,71,3,10,3,4,7,13,1,8,9,8,,67,,1,21,121.5086077,25.118116
113,11,20,22,17,2,10文山區,文山區木柵路3段與保儀路口,0,0,1,1,B01,7,6,5,30,4,18,1,4,4,5,13,2,1,5,5,5,2,1,1,59,3,10,7,1,7,5,1,8,11,1,,70,,1,21,121.5685112,24.9888151
113,11,20,22,17,2,10文山區,文山區木柵路3段與保儀路口,0,0,1,2,H01,7,6,5,30,4,18,1,4,4,5,13,2,1,5,5,5,2,1,2,24,2,8,4,5,8,16,8,20,10,16,,67,,1,21,121.5685112,24.9888151
113,11,20,22,22,2,03中山區,中山區民權東路2段與建國北路3段口,0,0,2,1,C03,7,5,5,50,5,2,1,4,4,5,13,1,1,8,4,5,1,17,2,21,2,9,5,1,7,9,1,10,1,12,,16,,1,21,121.5363613,25.0624976
113,11,20,22,22,2,03中山區,中山區民權東路2段與建國北路3段口,0,0,2,2,C03,7,5,5,50,5,2,1,4,4,5,13,1,1,8,4,5,1,17,1,49,2,9,5,1,7,9,1,10,1,13,,44,,1,21,121.5363613,25.0624976
113,11,20,22,41,2,01大同區,大同區承德路2段與民生西路口,0,0,1,1,B01,7,5,5,50,4,18,1,5,4,5,13,2,1,1,4,5,2,9,1,54,3,10,7,4,7,6,1,4,9,2,,70,,2,21,121.5176364,25.0575297
113,11,20,22,41,2,01大同區,大同區承德路2段與民生西路口,0,0,1,2,H01,7,5,5,50,4,18,1,5,4,5,13,2,1,1,4,5,2,9,2,76,2,1,4,5,8,16,8,20,10,16,,67,,1,21,121.5176364,25.0575297
113,11,20,22,54,2,03中山區,中山區北安路387號,0,0,1,1,B03,8,6,5,50,14,9,1,5,4,5,13,4,4,5,4,5,2,16,2,33,3,10,3,4,7,11,1,8,1,5,,10,,1,22,121.5222108,25.05805853
113,11,20,22,54,2,03中山區,中山區北安路387號,0,0,1,2,C03,8,6,5,50,14,9,1,5,4,5,13,4,4,5,4,5,2,16,2,19,2,9,6,1,7,9,1,10,1,11,,44,,1,22,121.5222108,25.05805853
113,11,20,22,57,2,07信義區,信義區松仁路與松仁路240巷口,0,0,1,1,C03,6,5,5,50,4,1,1,4,4,5,13,3,1,5,5,5,2,17,1,26,3,10,3,4,7,6,1,10,1,13,,9,,1,21,121.5693396,25.0248361
113,11,20,22,57,2,07信義區,信義區松仁路與松仁路240巷口,0,0,1,2,C03,6,5,5,50,4,1,1,4,4,5,13,3,1,5,5,5,2,17,2,28,2,8,3,4,7,9,1,10,1,11,,44,,1,21,121.5693396,25.0248361
113,11,20,23,25,2,01大同區,大同區延平北路2段與民權西路口,0,0,2,1,C03,7,5,5,50,4,1,1,5,4,5,13,2,1,1,4,5,2,17,2,43,2,9,5,4,7,5,1,11,1,14,,8,,1,21,121.5105985,25.0630511
113,11,20,23,25,2,01大同區,大同區延平北路2段與民權西路口,0,0,2,2,C03,7,5,5,50,4,1,1,5,4,5,13,2,1,1,4,5,2,17,1,20,2,9,5,4,7,9,1,10,1,11,,108,,1,21,121.5105985,25.0630511
113,11,21,0,19,2,01大同區,大同區重慶北路2段與涼州街口,0,0,1,1,B03,7,5,5,50,4,2,1,5,4,5,13,2,1,1,4,5,2,17,1,25,4,11,3,4,7,6,1,8,9,6,,9,,2,21,121.5137961,25.0612657
113,11,21,0,19,2,01大同區,大同區重慶北路2段與涼州街口,0,0,1,2,C03,7,5,5,50,4,2,1,5,4,5,13,2,1,1,4,5,2,17,1,24,2,7,5,4,7,9,1,10,1,11,,13,,1,21,121.5137961,25.0612657
113,11,21,0,39,2,04大安區,大安區新生南路3段與辛亥路2段口,0,0,2,1,C03,6,5,5,50,4,1,1,4,4,5,13,1,1,9,4,5,1,13,1,40,2,7,3,4,7,9,1,10,1,11,,16,,1,22,121.534479,25.0220646
113,11,21,0,39,2,04大安區,大安區新生南路3段與辛亥路2段口,0,0,2,2,F01,6,5,5,50,4,1,1,4,4,5,13,1,1,9,4,5,1,13,1,64,2,1,3,4,7,9,8,20,1,13,,44,,1,22,121.534479,25.0220646
113,11,21,0,54,2,07信義區,信義區吳興街與松仁路240巷口,0,0,1,1,C02,6,5,5,30,4,1,1,4,4,5,13,4,4,5,5,5,2,15,1,21,2,9,3,4,7,9,1,9,1,12,,44,,1,21,121.5680942,25.0242576
113,11,21,0,54,2,07信義區,信義區吳興街與松仁路240巷口,0,0,1,2,B01,6,5,5,30,4,1,1,4,4,5,13,4,4,5,5,5,2,15,1,57,3,10,3,4,7,9,1,4,1,1,,44,,1,21,121.5680942,25.0242576
113,11,21,2,2,2,04大安區,大安區復興南路2段與辛亥路2段口,0,0,1,1,B01,6,5,5,50,4,1,1,4,4,5,13,1,1,9,4,5,1,4,1,58,3,10,3,4,7,6,1,4,1,1,,70,,1,21,121.5438446,25.0215628
113,11,21,2,2,2,04大安區,大安區復興南路2段與辛亥路2段口,0,0,1,2,H01,6,5,5,50,4,1,1,4,4,5,13,1,1,9,4,5,1,4,1,27,2,8,4,5,8,16,8,20,10,16,,67,,1,22,121.5438446,25.0215628
113,11,21,5,18,2,04大安區,大安區辛亥路2段51號對面台大側,0,0,2,1,C03,7,5,5,50,22,9,1,4,4,5,13,4,4,1,4,5,2,3,2,24,2,9,6,1,7,9,1,10,1,11,,16,,1,21,121.5371071,25.022233
113,11,21,5,18,2,04大安區,大安區辛亥路2段51號對面台大側,0,0,2,2,H01,7,5,5,50,22,9,1,4,4,5,13,4,4,1,4,5,2,3,2,76,2,9,4,5,8,16,8,20,10,16,,121,,1,21,121.5371071,25.022233
113,11,21,6,21,2,10文山區,文山區秀明路2段與秀明路2段118巷口口,0,0,1,1,C03,6,5,5,30,3,1,1,4,4,5,13,4,4,10,5,5,2,17,1,52,3,10,5,4,7,5,1,10,1,17,,72,,1,22,121.576751,24.9893065
113,11,21,6,21,2,10文山區,文山區秀明路2段與秀明路2段118巷口口,0,0,1,2,C03,6,5,5,30,3,1,1,4,4,5,13,4,4,10,5,5,2,17,1,66,2,8,5,4,7,6,1,10,1,17,,44,,1,22,121.576751,24.9893065
113,11,21,7,31,2,02萬華區,萬華區忠孝橋汽車道下橋處(往台北市),0,0,1,1,A12,8,5,8,50,22,22,1,5,4,5,13,1,1,10,5,5,2,17,1,62,3,10,3,4,7,15,1,7,1,17,,42,,2,21,121.5070633,25.0487302
113,11,21,7,31,2,02萬華區,萬華區忠孝橋汽車道下橋處(往台北市),0,0,1,2,B03,8,5,8,50,22,22,1,5,4,5,13,1,1,10,5,5,2,17,1,41,3,10,3,4,7,15,1,8,1,2,,42,,1,21,121.5070633,25.0487302
113,11,21,7,31,2,02萬華區,萬華區忠孝橋汽車道下橋處(往台北市),0,0,1,3,C03,8,5,8,50,22,22,1,5,4,5,13,1,1,10,5,5,2,17,2,25,2,9,3,4,7,9,1,10,1,14,,44,,1,21,121.5070633,25.0487302
113,11,21,7,40,2,10文山區,文山區光輝路與光輝路18巷口,0,0,2,1,B03,6,6,5,30,3,1,1,4,4,5,12,4,4,10,5,5,1,14,1,47,3,10,7,1,7,2,1,8,1,3,,118,,1,21,121.5576324,24.99937439
113,11,21,7,40,2,10文山區,文山區光輝路與光輝路18巷口,0,0,2,2,C03,6,6,5,30,3,1,1,4,4,5,12,4,4,10,5,5,1,14,2,44,2,8,5,1,7,9,1,10,1,12,,44,,1,21,121.5576324,24.99937439
113,11,21,7,40,2,10文山區,文山區光輝路與光輝路18巷口,0,0,2,3,H02,6,6,5,30,3,1,1,4,4,5,12,4,4,10,5,5,1,14,2,10,2,8,5,5,7,20,8,20,10,16,,67,,1,21,121.5576324,24.99937439
113,11,21,7,40,2,10文山區,文山區光輝路與光輝路18巷口,0,0,2,4,B03,6,6,5,30,3,1,1,4,4,5,12,4,4,10,5,5,1,14,2,44,3,10,7,1,7,9,1,8,1,8,,44,,1,21,121.5576324,24.99937439
113,11,21,7,57,2,03中山區,中山區北安路458巷47弄與北安路458巷41弄口,0,0,2,1,C03,7,5,5,30,4,1,1,5,4,5,13,1,1,5,4,5,2,16,2,29,2,7,3,4,7,15,1,10,1,11,,8,,1,21,121.5454503,25.0783786
113,11,21,7,57,2,03中山區,中山區北安路458巷47弄與北安路458巷41弄口,0,0,2,2,C03,7,5,5,30,4,1,1,5,4,5,13,1,1,5,4,5,2,16,2,43,2,7,3,4,7,5,1,10,1,11,,19,,1,21,121.5454503,25.0783786
113,11,21,8,0,2,02萬華區,萬華區桂林路2段與桂林路2段242巷口,0,0,1,1,C03,7,5,5,50,4,1,1,5,4,5,13,1,1,10,4,5,2,17,1,45,4,11,6,4,7,1,7,19,1,15,,19,,1,21,121.4961759,25.03885377
113,11,21,8,0,2,02萬華區,萬華區桂林路2段與桂林路2段242巷口,0,0,1,2,C03,7,5,5,50,4,1,1,5,4,5,13,1,1,10,4,5,2,17,2,31,2,8,5,4,7,9,1,10,1,15,,17,,1,21,121.4961759,25.03885377
113,11,21,8,1,2,12內湖區,內湖區星雲街33巷與星雲街口,0,0,2,1,C03,7,6,5,50,3,2,1,5,4,5,13,1,1,5,5,5,2,3,2,39,2,9,6,1,7,9,1,10,1,11,,70,,1,21,121.594148,25.07096335
113,11,21,8,1,2,12內湖區,內湖區星雲街33巷與星雲街口,0,0,2,2,H01,7,6,5,50,3,2,1,5,4,5,13,1,1,5,5,5,2,3,2,48,2,9,4,5,8,18,8,20,1,16,,122,,1,21,121.594148,25.07096335
113,11,21,8,20,2,03中山區,中山區建國北路1段76號,0,0,2,1,C03,7,6,6,50,14,9,1,5,4,5,13,4,4,1,4,4,2,13,1,25,2,9,5,4,7,9,1,10,1,11,,118,,1,21,121.5371328,25.0492559
113,11,21,8,20,2,03中山區,中山區建國北路1段76號,0,0,2,2,C03,7,6,6,50,14,9,1,5,4,5,13,4,4,1,4,4,2,13,1,35,2,9,5,4,7,9,1,10,1,13,,118,,1,21,121.5371328,25.0492559
113,11,21,8,20,2,06松山區,松山區南京東路5段39號,0,0,1,1,C03,6,6,5,50,14,7,1,4,4,5,13,4,4,1,4,4,2,11,1,45,2,7,6,1,7,7,1,10,1,12,,107,,1,22,121.5584557,25.0516136
113,11,21,8,20,2,06松山區,松山區南京東路5段39號,0,0,1,2,B03,6,6,5,50,14,7,1,4,4,5,13,4,4,1,4,4,2,11,1,43,3,10,7,1,7,15,1,8,1,7,,44,,1,22,121.5584557,25.0516136
113,11,21,8,20,2,07信義區,信義區林口街與松山路465巷口,0,0,1,1,B03,7,5,5,40,3,2,1,4,4,5,13,1,1,5,5,4,2,17,2,34,3,10,7,1,7,6,1,8,2,4,,80,,1,21,121.5791167,25.0395721
113,11,21,8,20,2,07信義區,信義區林口街與松山路465巷口,0,0,1,2,C03,7,5,5,40,3,2,1,4,4,5,13,1,1,5,5,4,2,17,1,70,2,9,6,1,7,5,1,10,2,12,,44,,1,21,121.5791167,25.0395721
113,11,21,8,51,2,02萬華區,萬華區桂林路242巷與桂林路228巷11弄口,0,0,2,1,C03,8,5,5,50,5,1,1,5,4,5,13,1,1,8,3,5,1,13,1,40,2,7,5,1,7,12,1,10,1,11,13,16,,1,21,121.4956524,25.0385896
113,11,21,8,51,2,02萬華區,萬華區桂林路242巷與桂林路228巷11弄口,0,0,2,2,C03,8,5,5,50,5,1,1,5,4,5,13,1,1,8,3,5,1,13,1,39,3,10,5,1,7,12,1,10,1,13,,101,,1,21,121.4956524,25.0385896
113,11,21,8,51,2,02萬華區,萬華區桂林路242巷與桂林路228巷11弄口,0,0,2,3,C03,8,5,5,50,5,1,1,5,4,5,13,1,1,8,3,5,1,13,1,31,2,8,5,1,7,12,1,10,1,11,,16,,1,21,121.4956524,25.0385896
113,11,21,8,51,2,04大安區,大安區辛亥路3段與臥龍街188巷口,0,0,1,1,B02,6,6,5,50,3,2,1,4,4,5,13,4,4,1,4,5,2,17,1,53,3,10,7,1,7,8,1,8,2,6,,100,,1,21,121.5505414,25.0160909
113,11,21,8,51,2,04大安區,大安區辛亥路3段與臥龍街188巷口,0,0,1,2,C03,6,6,5,50,3,2,1,4,4,5,13,4,4,1,4,5,2,17,1,70,2,9,5,1,7,9,1,10,2,14,,44,,1,21,121.5505414,25.0160909
113,11,21,8,52,2,09北投區,北投區行義路10號,0,0,2,1,B03,7,6,5,40,14,9,1,5,4,5,13,4,4,5,5,5,2,12,1,46,3,10,7,1,7,4,1,8,1,2,,108,,1,21,121.526094,25.1244277
113,11,21,8,52,2,09北投區,北投區行義路10號,0,0,2,2,C03,7,6,5,40,14,9,1,5,4,5,13,4,4,5,5,5,2,12,2,61,2,7,5,1,7,9,1,10,1,14,,44,,1,21,121.526094,25.1244277
113,11,21,8,52,2,09北投區,北投區行義路10號,0,0,2,3,H02,7,6,5,40,14,9,1,5,4,5,13,4,4,5,5,5,2,12,1,28,2,7,5,5,7,20,8,20,10,16,,67,,1,21,121.526094,25.1244277
113,11,21,8,55,2,08士林區,士林區至善路2段與故宮路口,0,0,1,1,B03,8,6,5,50,4,1,1,5,4,5,13,2,1,3,2,5,2,13,1,51,2,7,7,1,7,5,1,8,1,1,,16,,1,26,121.546532,25.0981011
113,11,21,8,55,2,08士林區,士林區至善路2段與故宮路口,0,0,1,2,B03,8,6,5,50,4,1,1,5,4,5,13,2,1,3,2,5,2,13,1,35,3,10,7,1,7,5,1,8,1,3,,42,,1,26,121.546532,25.0981011
113,11,21,9,28,2,03中山區,中山區民權東路2段92巷與民權東路2段口,0,0,3,1,C03,7,5,5,50,14,10,1,5,4,5,13,1,1,1,4,5,1,17,1,52,3,10,3,4,7,7,1,10,9,17,,100,,1,21,121.5318096,25.0624668
113,11,21,9,28,2,03中山區,中山區民權東路2段92巷與民權東路2段口,0,0,3,2,A01,7,5,5,50,14,10,1,5,4,5,13,1,1,1,4,5,1,17,1,56,3,10,3,4,7,9,1,2,1,17,,44,,1,21,121.5318096,25.0624668
113,11,21,9,28,2,03中山區,中山區民權東路2段92巷與民權東路2段口,0,0,3,3,H02,7,5,5,50,14,10,1,5,4,5,13,1,1,1,4,5,1,17,2,86,2,7,3,5,7,17,8,20,10,16,,67,,1,21,121.5318096,25.0624668
113,11,21,9,28,2,03中山區,中山區民權東路2段92巷與民權東路2段口,0,0,3,4,H02,7,5,5,50,14,10,1,5,4,5,13,1,1,1,4,5,1,17,2,65,2,2,3,5,7,17,8,20,10,16,,67,,1,21,121.5318096,25.0624668
113,11,21,9,28,2,03中山區,中山區民權東路2段92巷與民權東路2段口,0,0,3,5,H02,7,5,5,50,14,10,1,5,4,5,13,1,1,1,4,5,1,17,2,86,2,1,3,5,7,17,8,20,10,16,,67,,1,21,121.5318096,25.0624668