發生年度,發生月,發生日,發生時-Hours,發生分,處理別-編號,區序,肇事地點,死亡人數,2-30日死亡人數,受傷人數,當事人序號,車種,天候,道路照明設備,道路類別,速限-速度限制,道路型態,事故位置,路面狀況1,路面狀況2,路面狀況3,道路障礙1,道路障礙2,號誌1,號誌2,車道劃分-分向,車道劃分-分道1,車道劃分-分道2,車道劃分-分道3,事故類型及型態,性別,年齡,受傷程度,主要傷處,保護裝置,行動電話,車輛用途,當事者行動狀態,駕駛資格情形,駕駛執照種類,飲酒情形,車輛撞擊部位1,車輛撞擊部位2,肇因碼-個別,肇因碼-主要,個人肇逃否,職業,座標-X,座標-Y
113,11,21,9,57,2,02萬華區,萬華區西園路2段140巷與雙園街67巷口,0,0,2,1,C03,6,7,5,50,5,2,1,4,4,5,13,4,4,9,5,5,2,3,1,34,2,8,5,1,7,9,6,10,2,11,,107,,1,21,121.4952798,25.03126
113,11,21,9,57,2,02萬華區,萬華區西園路2段140巷與雙園街67巷口,0,0,2,2,H01,6,7,5,50,5,2,1,4,4,5,13,4,4,9,5,5,2,3,1,60,2,1,4,5,8,16,8,20,10,16,,121,,1,21,121.4952798,25.03126
113,11,21,10,0,2,10文山區,文山區木新路2段71巷1號,0,0,1,1,C03,6,5,5,50,14,9,1,4,4,5,13,4,4,5,4,5,2,12,2,25,3,10,6,4,7,9,1,10,1,14,,108,,1,22,121.5706468,24.9856146
113,11,21,10,0,2,10文山區,文山區木新路2段71巷1號,0,0,1,2,C03,6,5,5,50,14,9,1,4,4,5,13,4,4,5,4,5,2,12,2,65,2,9,5,4,7,9,1,10,1,12,,44,,1,22,121.5706468,24.9856146
113,11,21,10,2,2,07信義區,信義區環東大道下基隆路匝道,0,0,1,1,B03,6,7,8,40,14,16,1,4,4,5,13,4,4,10,4,5,2,13,1,31,2,2,7,1,7,15,1,8,1,1,,16,,1,22,121.5692552,25.0493674
113,11,21,10,2,2,07信義區,信義區環東大道下基隆路匝道,0,0,1,2,B13,6,7,8,40,14,16,1,4,4,5,13,4,4,10,4,5,2,13,1,61,3,10,7,1,7,9,1,8,1,6,,44,,1,22,121.5692552,25.0493674
113,11,21,10,33,2,04大安區,大安區建國南路1段291巷28號,0,0,1,1,C03,6,6,5,30,14,9,1,4,4,5,13,4,4,10,5,5,2,16,1,80,2,7,5,1,7,1,1,10,1,14,,19,,1,21,121.5394107,25.0356723
113,11,21,10,33,2,04大安區,大安區建國南路1段291巷28號,0,0,1,2,B02,6,6,5,30,14,9,1,4,4,5,13,4,4,10,5,5,2,16,1,39,3,10,7,1,7,9,1,8,1,2,,44,,1,21,121.5394107,25.0356723
113,11,21,10,34,2,02萬華區,萬華區康定路與內江街口,0,0,1,1,B01,6,7,5,50,4,1,1,4,4,5,13,1,1,8,3,5,2,16,1,52,3,10,7,1,7,5,1,4,2,5,,2,,1,21,121.5023385,25.0417242
113,11,21,10,34,2,02萬華區,萬華區康定路與內江街口,0,0,1,2,C03,6,7,5,50,4,1,1,4,4,5,13,1,1,8,3,5,2,16,2,65,2,9,5,1,7,9,1,10,2,11,,44,,1,21,121.5023385,25.0417242
113,11,21,11,12,2,12內湖區,內湖區新明路與新明路298巷口,0,0,1,1,B02,6,7,5,50,4,1,1,4,4,5,13,1,1,5,4,5,2,16,1,23,3,10,7,1,7,5,1,8,1,2,,71,,1,21,121.5183568,25.04847309
113,11,21,11,12,2,12內湖區,內湖區新明路與新明路298巷口,0,0,1,2,C03,6,7,5,50,4,1,1,4,4,5,13,1,1,5,4,5,2,16,1,28,2,9,5,1,7,9,1,10,1,11,,44,,1,21,121.5183568,25.04847309
113,11,21,11,39,2,04大安區,大安區忠孝東路3段86號,0,0,1,1,B03,6,6,5,50,14,9,1,4,4,5,13,4,4,1,4,5,2,17,1,73,2,3,7,1,7,9,1,8,1,8,5,42,,1,21,121.5358003,25.0418342
113,11,21,11,39,2,04大安區,大安區忠孝東路3段86號,0,0,1,2,B01,6,6,5,50,14,9,1,4,4,5,13,4,4,1,4,5,2,17,1,50,3,10,7,1,7,14,1,2,1,3,1,44,,1,21,121.5358003,25.0418342
113,11,21,11,39,2,04大安區,大安區忠孝東路3段86號,0,0,1,3,B01,6,6,5,50,14,9,1,4,4,5,13,4,4,1,4,5,2,17,1,68,3,10,7,1,7,14,1,4,1,3,,44,,1,21,121.5358003,25.0418342
113,11,21,11,39,2,04大安區,大安區忠孝東路3段86號,0,0,1,4,B03,6,6,5,50,14,9,1,4,4,5,13,4,4,1,4,5,2,17,1,56,3,10,7,1,7,14,1,8,1,4,,44,,1,21,121.5358003,25.0418342
113,11,21,11,39,2,04大安區,大安區忠孝東路3段86號,0,0,1,5,,6,6,5,50,14,9,1,4,4,5,13,4,4,1,4,5,2,17,3,0,,,,,,,,,,,,67,,1,,121.5358003,25.0418342
113,11,21,11,50,2,12內湖區,內湖區瑞光路394號,0,0,1,1,C03,6,7,5,50,14,9,1,4,4,5,13,4,4,5,4,5,2,16,2,24,2,9,5,1,7,5,1,10,1,14,,8,,1,21,121.571249,25.07803654
113,11,21,11,50,2,12內湖區,內湖區瑞光路394號,0,0,1,2,B03,6,7,5,50,14,9,1,4,4,5,13,4,4,5,4,5,2,16,2,37,3,10,7,1,7,9,1,8,1,5,,44,,1,21,121.571249,25.07803654
113,11,21,11,57,2,02萬華區,萬華區南寧路25號對面,0,0,1,1,B01,6,6,5,50,14,7,1,4,4,5,13,4,4,1,3,5,2,12,1,63,3,10,7,1,7,8,1,4,1,5,,100,,1,22,121.5054634,25.0369516
113,11,21,11,57,2,02萬華區,萬華區南寧路25號對面,0,0,1,2,C03,6,6,5,50,14,7,1,4,4,5,13,4,4,1,3,5,2,12,2,40,2,9,6,1,7,9,1,10,1,14,,44,,1,22,121.5054634,25.0369516
113,11,21,12,5,2,09北投區,北投區公館路423巷與立農街1段187巷口,0,0,1,1,C03,6,6,5,30,4,1,5,4,4,5,13,3,1,10,5,5,2,15,2,63,2,9,5,1,7,9,1,10,1,11,,72,,1,21,121.5037934,25.1200809
113,11,21,12,5,2,09北投區,北投區公館路423巷與立農街1段187巷口,0,0,1,2,B03,6,6,5,30,4,1,5,4,4,5,13,3,1,10,5,5,2,15,1,62,3,10,7,1,7,9,1,8,1,4,,14,,1,21,121.5037934,25.1200809
113,11,21,12,19,2,06松山區,松山區南京東路3段256巷與復興北路81巷口,0,0,1,1,F01,7,6,5,30,4,1,1,5,4,5,13,4,4,10,4,5,2,15,2,67,2,9,4,1,7,9,8,20,1,11,,80,,1,21,121.5447319,25.0511798
113,11,21,12,19,2,06松山區,松山區南京東路3段256巷與復興北路81巷口,0,0,1,2,B03,7,6,5,30,4,1,1,5,4,5,13,4,4,10,4,5,2,15,1,37,3,10,7,1,7,9,1,8,1,6,,13,,1,21,121.5447319,25.0511798
113,11,21,13,13,2,04大安區,大安區復興南路1段305號,0,0,1,1,C03,6,5,5,50,14,9,5,4,4,5,13,4,4,10,5,5,2,18,2,27,2,9,3,4,7,10,1,10,1,14,,102,,1,21,121.5437272,25.0347837
113,11,21,13,13,2,04大安區,大安區復興南路1段305號,0,0,1,2,,6,5,5,50,14,9,5,4,4,5,13,4,4,10,5,5,2,18,3,0,,,,,,,,,,,,67,,1,,121.5437272,25.0347837
113,11,21,13,16,2,04大安區,大安區敦化南路1段160巷與忠孝東路4段101巷口口,0,0,1,1,B03,6,6,5,30,4,1,1,4,4,5,13,4,4,10,5,5,2,15,2,43,3,10,7,1,7,9,1,8,1,1,,42,,1,21,121.5481034,25.0435577
113,11,21,13,16,2,04大安區,大安區敦化南路1段160巷與忠孝東路4段101巷口口,0,0,1,2,C03,6,6,5,30,4,1,1,4,4,5,13,4,4,10,5,5,2,15,1,32,2,9,5,1,7,9,1,9,1,12,,42,,1,21,121.5481034,25.0435577
113,11,21,13,16,2,04大安區,大安區敦化南路1段160巷與忠孝東路4段101巷口口,0,0,1,3,A11,6,6,5,30,4,1,1,4,4,5,13,4,4,10,5,5,2,15,1,38,3,10,7,1,7,13,1,3,9,17,,38,,2,21,121.5481034,25.0435577
113,11,21,13,42,2,03中山區,中山區建國北路1段140號,0,0,1,1,C03,6,5,5,50,14,9,1,4,4,5,13,4,4,1,4,5,2,13,1,54,2,9,6,1,7,9,1,10,1,11,,16,,1,22,121.5364998,25.0509166
113,11,21,13,42,2,03中山區,中山區建國北路1段140號,0,0,1,2,B03,6,5,5,50,14,9,1,4,4,5,13,4,4,1,4,5,2,13,1,27,3,10,7,1,7,9,1,8,1,6,,44,,1,22,121.5364998,25.0509166
113,11,21,13,50,2,09北投區,北投區天母西路與天母西路120巷口,0,0,1,1,B03,6,5,5,30,3,1,1,4,4,5,13,4,4,7,4,5,1,16,1,44,3,10,7,1,7,5,6,8,1,1,,72,,1,21,121.5228324,25.118963
113,11,21,13,50,2,09北投區,北投區天母西路與天母西路120巷口,0,0,1,2,C03,6,5,5,30,3,1,1,4,4,5,13,4,4,7,4,5,1,16,1,20,2,7,6,1,7,9,1,10,1,12,,14,,1,21,121.5228324,25.118963
113,11,21,13,50,2,09北投區,北投區天母西路與天母西路120巷口,0,0,1,3,B13,6,5,5,30,3,1,1,4,4,5,13,4,4,7,4,5,1,16,1,46,3,10,7,1,7,14,1,8,1,1,,44,,1,21,121.5228324,25.118963
113,11,21,13,52,2,02萬華區,萬華區萬大路628號與萬大路口華中橋下迴轉道,0,0,1,1,C02,6,7,5,30,5,2,1,4,4,5,13,4,4,10,3,5,2,16,1,55,2,9,5,1,7,9,1,9,1,12,,99,,1,21,121.4957161,25.0169147
113,11,21,13,52,2,02萬華區,萬華區萬大路628號與萬大路口華中橋下迴轉道,0,0,1,2,A02,6,7,5,30,5,2,1,4,4,5,13,4,4,10,3,5,2,16,1,49,3,10,7,1,7,5,1,2,1,8,,44,,1,21,121.4957161,25.0169147
113,11,21,14,20,2,05中正區,中正區林森南路與徐州路口,0,0,2,1,C03,6,7,5,50,4,2,1,4,4,5,13,1,1,5,4,5,2,13,2,20,2,8,5,1,7,9,1,10,1,11,,16,,1,21,121.5222431,25.0412302
113,11,21,14,20,2,05中正區,中正區林森南路與徐州路口,0,0,2,2,C03,6,7,5,50,4,2,1,4,4,5,13,1,1,5,4,5,2,13,1,43,2,8,5,1,7,9,1,10,1,13,,44,,1,21,121.5222431,25.0412302
113,11,21,14,40,2,05中正區,中正區寧波西街與羅斯福路1段口口,0,0,1,1,B03,6,6,5,50,4,1,1,4,4,5,13,1,1,10,2,5,1,17,1,70,3,10,7,1,7,6,1,8,2,1,,108,,1,21,121.5195244,25.0317426
113,11,21,14,40,2,05中正區,中正區寧波西街與羅斯福路1段口口,0,0,1,2,C03,6,6,5,50,4,1,1,4,4,5,13,1,1,10,2,5,1,17,1,65,2,5,6,1,7,6,1,10,2,13,,44,,1,21,121.5195244,25.0317426
113,11,21,15,15,2,05中正區,中正區中山南路與仁愛路1段口,0,0,1,1,B03,6,6,5,50,18,9,1,4,4,5,13,1,1,1,4,5,2,12,1,63,3,10,7,1,7,9,1,8,2,2,,17,,1,21,121.5179554,25.0395722
113,11,21,15,15,2,05中正區,中正區中山南路與仁愛路1段口,0,0,1,2,C03,6,6,5,50,18,9,1,4,4,5,13,1,1,1,4,5,2,12,1,66,2,9,6,1,7,9,1,10,2,14,,17,,1,22,121.5179554,25.0395722
113,11,21,15,55,2,03中山區,中山區合江街與龍江路286巷口,0,0,1,1,C03,7,6,5,50,4,1,1,5,4,5,13,4,4,9,4,5,2,13,1,49,3,10,6,1,7,9,3,18,1,11,,16,,1,21,121.5392501,25.0610713
113,11,21,15,55,2,03中山區,中山區合江街與龍江路286巷口,0,0,1,2,F01,7,6,5,50,4,1,1,5,4,5,13,4,4,9,4,5,2,13,2,70,2,5,4,1,7,9,8,20,1,13,,44,,1,21,121.5392501,25.0610713
113,11,21,15,56,2,05中正區,中正區汀州路1段264號,0,0,1,1,C03,6,7,8,50,22,22,1,4,4,5,13,4,4,9,4,5,2,9,1,46,2,9,5,4,7,9,1,10,1,17,,44,,1,21,121.5110792,25.0269629
113,11,21,15,56,2,05中正區,中正區汀州路1段264號,0,0,1,2,H01,6,7,8,50,22,22,1,4,4,5,13,4,4,9,4,5,2,9,1,39,3,10,4,5,8,16,8,20,10,17,,67,,1,21,121.5110792,25.0269629
113,11,21,16,14,2,03中山區,中山區錦州街323號,0,0,2,1,B01,6,5,5,50,14,9,1,4,4,5,13,4,4,9,5,5,2,13,1,56,3,10,3,4,7,9,1,4,1,5,,107,,1,21,121.5389557,25.06027974
113,11,21,16,14,2,03中山區,中山區錦州街323號,0,0,2,2,C03,6,5,5,50,14,9,1,4,4,5,13,4,4,9,5,5,2,13,2,63,2,8,3,4,7,9,3,18,1,13,,44,,1,21,121.5389557,25.06027974
113,11,21,16,14,2,03中山區,中山區錦州街323號,0,0,2,3,B03,6,5,5,50,14,9,1,4,4,5,13,4,4,9,5,5,2,13,1,60,3,10,3,4,7,13,1,8,9,7,,44,,1,21,121.5389557,25.06027974
113,11,21,16,14,2,03中山區,中山區錦州街323號,0,0,2,4,H02,6,5,5,50,14,9,1,4,4,5,13,4,4,9,5,5,2,13,2,76,2,1,3,5,7,20,8,20,10,16,,67,,1,22,121.5389557,25.06027974
113,11,21,16,43,2,03中山區,中山區民生東路3段69號,0,0,1,1,C03,7,6,5,50,14,9,1,5,4,5,13,4,4,1,4,1,2,17,2,43,3,10,5,1,7,7,1,10,9,17,,100,,1,21,121.5432414,25.0578382
113,11,21,16,43,2,03中山區,中山區民生東路3段69號,0,0,1,2,C03,7,6,5,50,14,9,1,5,4,5,13,4,4,1,4,1,2,17,1,23,2,9,5,1,7,9,1,10,9,17,,42,,1,21,121.5432414,25.0578382
113,11,21,17,0,2,06松山區,松山區塔悠路188巷與塔悠路口,0,0,1,1,B03,6,5,5,30,3,1,1,4,4,5,13,4,4,1,3,4,2,16,1,52,3,10,7,1,7,6,1,8,1,3,,73,,1,22,121.5693788,25.0566083
113,11,21,17,0,2,06松山區,松山區塔悠路188巷與塔悠路口,0,0,1,2,C03,6,5,5,30,3,1,1,4,4,5,13,4,4,1,3,4,2,16,1,32,2,9,5,1,7,15,1,10,1,11,,14,,1,25,121.5693788,25.0566083
113,11,21,17,25,2,01大同區,大同區民族西路45號,0,0,1,1,B12,6,5,5,50,14,9,1,4,4,5,13,4,4,5,4,5,2,17,1,49,3,10,7,4,7,9,1,8,1,6,,17,,1,21,121.5198385,25.0684732
113,11,21,17,25,2,01大同區,大同區民族西路45號,0,0,1,2,C03,6,5,5,50,14,9,1,4,4,5,13,4,4,5,4,5,2,17,1,68,2,9,5,4,7,9,1,10,1,14,,17,,1,21,121.5198385,25.0684732
113,11,21,17,27,2,03中山區,中山區松江路與松江路581巷口,0,0,1,1,B03,6,5,5,50,3,1,1,4,4,5,13,4,4,3,4,5,2,17,4,0,,,,,,,,,,,,119,,2,,121.5336622,25.07047486
113,11,21,17,27,2,03中山區,中山區松江路與松江路581巷口,0,0,1,2,C03,6,5,5,50,3,1,1,4,4,5,13,4,4,3,4,5,2,17,2,39,2,9,6,1,7,10,1,10,1,14,,119,,1,21,121.5336622,25.07047486
113,11,21,17,31,2,02萬華區,萬華區西園路2段與西園路2段254巷口,0,0,1,1,C03,6,5,5,50,3,1,1,4,4,5,13,4,4,1,3,5,1,13,1,20,2,9,3,4,7,9,1,9,1,11,,16,,1,22,121.4947534,25.0278581
113,11,21,17,31,2,02萬華區,萬華區西園路2段與西園路2段254巷口,0,0,1,2,B03,6,5,5,50,3,1,1,4,4,5,13,4,4,1,3,5,1,13,1,31,3,10,3,4,7,9,1,8,1,6,,44,,1,22,121.4947534,25.0278581
113,11,21,17,31,2,10文山區,文山區木柵路1段與光輝路口,0,0,1,1,C03,6,5,5,30,3,1,1,4,4,5,13,1,1,10,5,5,2,1,1,34,3,10,5,1,7,5,1,10,2,11,,70,,1,21,121.555044,24.9881838
113,11,21,17,31,2,10文山區,文山區木柵路1段與光輝路口,0,0,1,2,H01,6,5,5,30,3,1,1,4,4,5,13,1,1,10,5,5,2,1,1,10,2,9,4,5,8,18,8,20,10,16,,121,,1,21,121.555044,24.9881838
113,11,21,17,35,2,04大安區,大安區新生南路3段與辛亥路2段口,0,0,1,1,B03,7,5,5,50,4,1,1,4,4,5,13,2,1,3,4,5,1,16,2,26,3,10,3,4,7,6,1,8,1,5,,9,,1,21,121.5346324,25.0222724
113,11,21,17,35,2,04大安區,大安區新生南路3段與辛亥路2段口,0,0,1,2,F01,7,5,5,50,4,1,1,4,4,5,13,2,1,3,4,5,1,16,1,23,2,9,3,4,7,11,8,20,1,14,,11,,1,21,121.5346324,25.0222724
113,11,21,17,48,2,04大安區,大安區建國南路2段與瑞安街264巷口,0,0,1,1,F02,6,5,5,50,3,1,1,4,4,5,13,4,4,10,5,5,2,17,4,0,,,,,,,,,,,,119,,2,,121.5380185,25.0271485
113,11,21,17,48,2,04大安區,大安區建國南路2段與瑞安街264巷口,0,0,1,2,F01,6,5,5,50,3,1,1,4,4,5,13,4,4,10,5,5,2,17,1,14,2,8,4,4,7,9,8,20,11,17,,118,,1,22,121.5380185,25.0271485
113,11,21,18,0,2,03中山區,中山區龍江路與龍江路45巷口,0,0,1,1,B03,6,5,5,30,4,1,1,4,4,5,13,4,4,9,4,5,2,17,1,45,3,10,7,1,7,9,1,8,2,7,,72,,1,21,121.5403773,25.0491936
113,11,21,18,0,2,03中山區,中山區龍江路與龍江路45巷口,0,0,1,2,C03,6,5,5,30,4,1,1,4,4,5,13,4,4,9,4,5,2,17,1,21,2,9,5,1,7,9,1,10,2,12,,44,,1,21,121.5403773,25.0491936
113,11,21,18,2,2,03中山區,中山區中山北路3段181號,0,0,1,1,C03,6,5,5,50,14,8,1,4,4,5,13,4,4,1,5,5,1,17,2,28,3,10,3,4,7,7,1,10,1,17,,101,,1,21,121.5242015,25.07291423
113,11,21,18,2,2,03中山區,中山區中山北路3段181號,0,0,1,2,C03,6,5,5,50,14,8,1,4,4,5,13,4,4,1,5,5,1,17,2,40,2,9,3,4,7,9,1,10,1,11,,44,,1,21,121.5242015,25.07291423
113,11,21,18,2,2,03中山區,中山區中山北路3段181號,0,0,1,3,C03,6,5,5,50,14,8,1,4,4,5,13,4,4,1,5,5,1,17,3,0,,,,,,,,,,,,67,,1,,121.5242015,25.07291423
113,11,21,18,13,2,09北投區,北投區西安街1段315號前,0,0,1,1,C03,7,5,5,50,14,18,1,4,4,5,13,4,4,10,5,5,2,3,4,0,,,,,,,,,11,,,119,,2,,121.5162573,25.1130401
113,11,21,18,13,2,09北投區,北投區西安街1段315號前,0,0,1,2,H01,7,5,5,50,14,18,1,4,4,5,13,4,4,10,5,5,2,3,2,57,2,9,4,5,8,16,8,20,10,16,,67,,1,21,121.5162573,25.1130401
113,11,21,18,15,2,02萬華區,萬華區中華路2段416巷與國興路口口,0,0,1,1,C03,6,5,5,50,4,2,1,4,4,5,13,1,1,8,3,5,1,17,1,43,2,1,3,4,7,9,1,10,8,11,,21,,1,21,121.5051553,25.0271483
113,11,21,18,15,2,02萬華區,萬華區中華路2段416巷與國興路口口,0,0,1,2,C03,6,5,5,50,4,2,1,4,4,5,13,1,1,8,3,5,1,17,1,38,3,10,3,4,7,9,1,10,2,11,,44,,1,21,121.5051553,25.0271483
113,11,21,18,15,2,03中山區,中山區北安路與敬業三路口,0,0,1,1,B03,6,5,5,50,4,1,1,4,4,5,13,1,1,1,4,5,2,2,1,59,3,10,7,1,7,6,1,8,1,1,,70,,1,22,121.55629,25.0844523
113,11,21,18,15,2,03中山區,中山區北安路與敬業三路口,0,0,1,2,H01,6,5,5,50,4,1,1,4,4,5,13,1,1,1,4,5,2,2,1,45,2,9,4,5,8,18,8,20,10,16,,67,,1,22,121.55629,25.0844523
113,11,21,18,19,2,11南港區,南港區重陽路366號與重陽路口,0,0,1,1,B03,6,5,5,50,3,4,1,4,4,5,13,1,1,5,4,4,2,13,1,41,3,10,7,1,7,9,1,8,1,8,,107,,1,21,121.6088535,25.0586938
113,11,21,18,19,2,11南港區,南港區重陽路366號與重陽路口,0,0,1,2,C03,6,5,5,50,3,4,1,4,4,5,13,1,1,5,4,4,2,13,1,29,2,9,6,1,7,14,1,10,1,13,,44,,1,21,121.6088535,25.0586938
113,11,21,18,20,2,10文山區,文山區木新路2段264號前,0,0,1,1,B03,7,5,5,50,14,9,1,4,4,5,13,4,4,5,4,5,2,17,1,20,3,10,7,1,7,1,1,8,1,4,,19,,1,21,121.5661505,24.9830941
113,11,21,18,20,2,10文山區,文山區木新路2段264號前,0,0,1,2,C03,7,5,5,50,14,9,1,4,4,5,13,4,4,5,4,5,2,17,1,26,2,9,5,1,7,9,1,10,1,12,,44,,1,21,121.5661505,24.9830941
113,11,21,18,48,2,03中山區,中山區市民大道2段與林森北路口西側迴轉道,0,0,1,1,B03,6,5,5,40,22,9,1,4,4,5,13,4,4,1,4,5,2,17,1,25,3,10,3,4,7,11,1,8,2,5,,44,,1,22,121.523858,25.0479173
113,11,21,18,48,2,03中山區,中山區市民大道2段與林森北路口西側迴轉道,0,0,1,2,C03,6,5,5,40,22,9,1,4,4,5,13,4,4,1,4,5,2,17,1,52,2,9,3,4,7,9,1,10,2,11,,44,,1,22,121.523858,25.0479173
113,11,21,19,0,2,11南港區,南港區經貿二路188號北往南,0,0,1,1,B03,7,5,5,50,3,2,1,4,4,5,13,4,4,5,4,5,2,12,1,38,3,10,7,1,7,1,1,8,1,7,,19,,1,21,121.6152215,25.0599318
113,11,21,19,0,2,11南港區,南港區經貿二路188號北往南,0,0,1,2,C01,7,5,5,50,3,2,1,4,4,5,13,4,4,5,4,5,2,12,1,51,2,8,5,1,7,9,1,9,1,12,,44,,1,21,121.6152215,25.0599318
113,11,21,19,10,2,05中正區,中正區中華路2段411號前,0,0,2,1,A02,6,5,5,40,14,8,1,4,4,5,13,1,1,5,5,5,2,9,1,43,3,10,7,1,7,14,1,1,2,2,,40,,1,21,121.5082844,25.0258104
113,11,21,19,10,2,05中正區,中正區中華路2段411號前,0,0,2,2,H02,6,5,5,40,14,8,1,4,4,5,13,1,1,5,5,5,2,9,1,36,2,7,4,5,7,19,8,20,10,16,,67,,1,21,121.5082844,25.0258104
113,11,21,19,10,2,05中正區,中正區中華路2段411號前,0,0,2,3,H02,6,5,5,40,14,8,1,4,4,5,13,1,1,5,5,5,2,9,2,1,2,1,4,5,7,20,8,20,10,16,,67,,1,21,121.5082844,25.0258104
113,11,21,19,36,2,08士林區,士林區通河西街1段與堤外便道口槌球場停車場,0,0,2,1,C03,6,5,5,40,3,1,1,4,4,5,13,4,4,5,5,5,2,12,1,25,2,9,6,1,7,9,1,10,1,15,,1,,1,21,121.5126533,25.0859027
113,11,21,19,36,2,08士林區,士林區通河西街1段與堤外便道口槌球場停車場,0,0,2,2,C03,6,5,5,40,3,1,1,4,4,5,13,4,4,5,5,5,2,12,2,32,2,9,6,1,7,9,1,10,1,15,,44,,1,21,121.5126533,25.0859027
113,11,21,20,18,2,03中山區,中山區林森北路585號,0,0,1,1,B01,6,5,5,50,14,9,1,4,4,5,13,4,4,8,3,5,1,17,1,53,3,10,7,1,7,11,1,4,1,17,,19,,1,21,121.5256836,25.0657883
113,11,21,20,18,2,03中山區,中山區林森北路585號,0,0,1,2,C03,6,5,5,50,14,9,1,4,4,5,13,4,4,8,3,5,1,17,1,40,2,9,5,1,7,9,1,10,1,14,,44,,1,21,121.5256836,25.0657883
113,11,21,20,44,2,03中山區,中山區中山北路1段124號,0,0,3,1,C03,6,5,5,50,14,8,1,4,4,5,13,4,4,1,4,1,2,17,1,19,3,10,5,1,7,9,1,10,1,11,,108,,1,21,121.5220383,25.0508786
113,11,21,20,44,2,03中山區,中山區中山北路1段124號,0,0,3,2,C03,6,5,5,50,14,8,1,4,4,5,13,4,4,1,4,1,2,17,1,19,3,10,5,1,7,9,1,10,1,13,,44,,1,21,121.5220383,25.0508786
113,11,21,20,44,2,03中山區,中山區中山北路1段124號,0,0,3,5,H02,6,5,5,50,14,8,1,4,4,5,13,4,4,1,4,1,2,17,1,19,2,8,5,5,7,17,8,20,10,16,,67,,1,21,121.5220383,25.0508786
113,11,21,20,44,2,03中山區,中山區中山北路1段124號,0,0,3,3,C03,6,5,5,50,14,8,1,4,4,5,13,4,4,1,4,1,2,17,1,20,2,9,5,1,7,9,1,10,1,14,,108,,1,21,121.5220383,25.0508786
113,11,21,20,44,2,03中山區,中山區中山北路1段124號,0,0,3,6,H02,6,5,5,50,14,8,1,4,4,5,13,4,4,1,4,1,2,17,2,22,2,9,5,5,7,17,8,20,10,16,,67,,1,21,121.5220383,25.0508786
113,11,21,20,44,2,03中山區,中山區中山北路1段124號,0,0,3,4,A04,6,5,5,50,14,8,1,4,4,5,13,4,4,1,4,1,2,17,1,52,4,11,3,4,7,1,7,19,11,17,,19,,2,22,121.5220383,25.0508786
113,11,21,20,58,2,04大安區,大安區基隆路3段與辛亥路3段口,0,0,2,1,C03,6,5,5,50,4,1,1,4,4,5,13,2,1,10,5,5,2,17,1,23,2,8,3,4,7,15,1,10,1,13,,101,,1,21,121.5466978,25.0194051
113,11,21,20,58,2,04大安區,大安區基隆路3段與辛亥路3段口,0,0,2,2,C03,6,5,5,50,4,1,1,4,4,5,13,2,1,10,5,5,2,17,2,50,2,9,3,4,7,9,1,10,1,14,,44,,1,21,121.5466978,25.0194051
113,11,21,21,9,2,10文山區,文山區木柵路1段與木柵路1段103巷口口,0,0,2,6,C03,6,5,5,30,3,2,1,4,4,5,13,4,4,5,4,5,2,16,1,19,3,10,5,1,7,14,1,10,9,17,,38,,1,21,121.5476371,24.9870926
113,11,21,21,9,2,10文山區,文山區木柵路1段與木柵路1段103巷口口,0,0,2,7,C03,6,5,5,30,3,2,1,4,4,5,13,4,4,5,4,5,2,16,1,19,3,10,5,1,7,14,1,10,9,17,,38,,1,21,121.5476371,24.9870926
113,11,21,21,9,2,10文山區,文山區木柵路1段與木柵路1段103巷口口,0,0,2,1,C03,6,5,5,30,3,2,1,4,4,5,13,4,4,5,4,5,2,16,2,45,2,7,5,1,7,6,1,10,1,11,,73,,1,21,121.5476371,24.9870926
113,11,21,21,9,2,10文山區,文山區木柵路1段與木柵路1段103巷口口,0,0,2,2,A02,6,5,5,30,3,2,1,4,4,5,13,4,4,5,4,5,2,16,1,48,3,10,7,1,7,9,1,2,1,2,,44,,1,21,121.5476371,24.9870926
113,11,21,21,9,2,10文山區,文山區木柵路1段與木柵路1段103巷口口,0,0,2,3,H02,6,5,5,30,3,2,1,4,4,5,13,4,4,5,4,5,2,16,2,67,2,9,2,5,7,17,8,20,10,16,,67,,1,21,121.5476371,24.9870926
113,11,21,21,9,2,10文山區,文山區木柵路1段與木柵路1段103巷口口,0,0,2,4,B02,6,5,5,30,3,2,1,4,4,5,13,4,4,5,4,5,2,16,1,50,3,10,7,1,7,14,1,2,9,17,,38,,1,21,121.5476371,24.9870926
113,11,21,21,9,2,10文山區,文山區木柵路1段與木柵路1段103巷口口,0,0,2,5,C03,6,5,5,30,3,2,1,4,4,5,13,4,4,5,4,5,2,16,2,19,3,10,5,1,7,14,1,10,9,17,,38,,1,21,121.5476371,24.9870926
113,11,21,21,31,2,04大安區,大安區羅斯福路3段229號,0,0,1,1,F01,6,5,5,50,14,20,1,4,4,5,13,4,4,10,5,5,2,10,4,0,4,11,3,4,7,9,8,20,11,11,,119,,2,21,121.5297493,25.0194608