發生年度,發生月,發生日,發生時-Hours,發生分,處理別-編號,區序,肇事地點,死亡人數,2-30日死亡人數,受傷人數,當事人序號,車種,天候,道路照明設備,道路類別,速限-速度限制,道路型態,事故位置,路面狀況1,路面狀況2,路面狀況3,道路障礙1,道路障礙2,號誌1,號誌2,車道劃分-分向,車道劃分-分道1,車道劃分-分道2,車道劃分-分道3,事故類型及型態,性別,年齡,受傷程度,主要傷處,保護裝置,行動電話,車輛用途,當事者行動狀態,駕駛資格情形,駕駛執照種類,飲酒情形,車輛撞擊部位1,車輛撞擊部位2,肇因碼-個別,肇因碼-主要,個人肇逃否,職業,座標-X,座標-Y
113,11,21,21,31,2,04大安區,大安區羅斯福路3段229號,0,0,1,2,F01,6,5,5,50,14,20,1,4,4,5,13,4,4,10,5,5,2,10,2,42,2,7,3,4,7,9,8,20,11,11,,44,,1,21,121.5297493,25.0194608
113,11,21,21,53,2,10文山區,文山區秀明路1段96號,0,0,1,1,B03,6,5,5,50,14,11,1,4,4,5,13,4,4,1,5,4,2,16,2,50,3,10,7,1,7,8,1,8,1,6,,100,,1,21,121.567479,24.9911199
113,11,21,21,53,2,10文山區,文山區秀明路1段96號,0,0,1,2,C03,6,5,5,50,14,11,1,4,4,5,13,4,4,1,5,4,2,16,2,18,2,9,6,1,7,9,1,10,1,14,,44,,1,21,121.567479,24.9911199
113,11,21,22,28,2,06松山區,松山區市民大道4段與八德路3段8巷口,0,0,1,1,C03,6,5,5,40,14,9,1,4,4,5,13,4,4,1,4,5,2,12,1,41,3,10,5,1,7,15,1,10,1,13,,42,,1,21,121.5495263,25.0448921
113,11,21,22,28,2,06松山區,松山區市民大道4段與八德路3段8巷口,0,0,1,2,C03,6,5,5,40,14,9,1,4,4,5,13,4,4,1,4,5,2,12,1,18,2,7,5,1,7,9,1,10,1,11,,13,,1,21,121.5495263,25.0448921
113,11,21,22,28,2,06松山區,松山區市民大道4段與八德路3段8巷口,0,0,1,3,B02,6,5,5,40,14,9,1,4,4,5,13,4,4,1,4,5,2,12,1,25,3,10,7,1,7,6,1,8,9,17,,72,,1,21,121.5495263,25.0448921
113,11,21,22,55,2,12內湖區,內湖區金莊路與金莊路91巷口,0,0,1,1,B03,6,5,5,50,4,2,1,4,4,5,13,2,1,9,4,5,2,2,2,47,3,10,3,4,7,5,1,8,2,8,,70,,1,21,121.5877464,25.0636343
113,11,21,22,55,2,12內湖區,內湖區金莊路與金莊路91巷口,0,0,1,2,H01,6,5,5,50,4,2,1,4,4,5,13,2,1,9,4,5,2,2,1,28,2,9,4,5,8,16,8,20,10,16,,67,,1,21,121.5877464,25.0636343
113,11,21,23,4,2,03中山區,中山區林森北路與長安東路1段口,0,0,1,1,B01,7,5,5,50,14,9,1,4,4,5,13,2,1,1,5,5,1,17,1,52,3,10,3,4,7,7,1,3,1,17,,80,,1,21,121.5245786,25.04934899
113,11,21,23,4,2,03中山區,中山區林森北路與長安東路1段口,0,0,1,2,C03,7,5,5,50,14,9,1,4,4,5,13,2,1,1,5,5,1,17,1,34,2,9,3,4,7,9,1,10,1,14,,44,,1,21,121.5245786,25.04934899
113,11,21,23,15,2,09北投區,北投區大度路機慢車道 西往東,0,0,3,1,C03,7,5,5,50,14,12,1,5,4,5,13,4,4,1,4,1,1,12,1,25,2,9,5,1,7,9,1,10,1,12,,108,,1,21,121.4919735,25.1214346
113,11,21,23,15,2,09北投區,北投區大度路機慢車道 西往東,0,0,3,2,C03,7,5,5,50,14,12,1,5,4,5,13,4,4,1,4,1,1,12,1,32,2,5,5,1,7,9,1,10,1,14,,27,,1,21,121.4919735,25.1214346
113,11,21,23,15,2,09北投區,北投區大度路機慢車道 西往東,0,0,3,3,C03,7,5,5,50,14,12,1,5,4,5,13,4,4,1,4,1,1,12,2,20,2,9,5,1,7,9,1,10,1,13,,44,,1,21,121.4919735,25.1214346
113,11,22,0,35,2,06松山區,松山區市民大道4段與八德路3段74巷口,0,0,1,1,B01,7,5,5,40,3,2,1,4,4,4,13,4,4,9,4,5,2,17,1,27,3,10,3,4,7,6,1,4,1,4,,72,,1,22,121.5523879,25.04455006
113,11,22,0,35,2,06松山區,松山區市民大道4段與八德路3段74巷口,0,0,1,2,C03,7,5,5,40,3,2,1,4,4,4,13,4,4,9,4,5,2,17,2,27,2,7,6,1,7,9,1,10,1,12,,14,,1,22,121.5523879,25.04455006
113,11,22,3,38,2,03中山區,中山區建國北路1段與南京東路3段口,0,0,1,1,C03,6,5,5,50,4,1,1,4,4,5,13,1,1,1,4,5,2,12,1,21,2,9,5,1,7,9,1,10,1,11,,44,,1,21,121.5376105,25.0519655
113,11,22,3,38,2,03中山區,中山區建國北路1段與南京東路3段口,0,0,1,2,B01,6,5,5,50,4,1,1,4,4,5,13,1,1,1,4,5,2,12,1,40,3,10,7,1,7,8,1,4,1,6,,44,,1,21,121.5376105,25.0519655
113,11,22,4,43,2,06松山區,松山區復興北路與八德路2段口,0,0,1,1,B01,6,5,5,50,4,2,1,4,4,5,13,2,1,8,3,4,2,3,1,64,3,10,7,1,7,5,1,4,1,8,,70,,1,21,121.5440088,25.0477126
113,11,22,4,43,2,06松山區,松山區復興北路與八德路2段口,0,0,1,2,H01,6,5,5,50,4,2,1,4,4,5,13,2,1,8,3,4,2,3,2,78,2,9,4,5,8,16,8,20,10,16,,67,,1,21,121.5440088,25.0477126
113,11,22,4,49,2,07信義區,信義區忠孝東路5段與忠孝東路5段71巷口,0,0,1,1,B03,6,5,5,50,3,1,1,4,4,5,13,4,4,1,4,5,1,16,1,26,3,10,3,4,7,6,1,8,1,2,,9,,1,21,121.5673147,25.0411838
113,11,22,4,49,2,07信義區,信義區忠孝東路5段與忠孝東路5段71巷口,0,0,1,2,C03,6,5,5,50,3,1,1,4,4,5,13,4,4,1,4,5,1,16,1,29,2,7,3,4,7,9,1,10,1,11,,14,,1,21,121.5673147,25.0411838
113,11,22,6,50,2,02萬華區,萬華區忠孝西路2段與西寧南路口,0,0,1,1,C03,7,7,7,50,8,11,1,5,4,5,13,1,1,9,5,5,2,13,1,75,2,8,5,1,7,9,1,10,1,11,,44,,1,21,121.5073533,25.0485758
113,11,22,6,50,2,02萬華區,萬華區忠孝西路2段與西寧南路口,0,0,1,2,C03,7,7,7,50,8,11,1,5,4,5,13,1,1,9,5,5,2,13,1,41,3,10,5,1,7,14,1,10,1,13,,44,,1,21,121.5073533,25.0485758
113,11,22,6,52,2,03中山區,中山區濱江街99號,0,0,1,1,B02,7,5,5,50,11,9,1,5,4,5,13,4,4,1,4,5,2,16,1,66,3,10,3,4,7,5,1,8,1,8,,8,,1,21,121.5348955,25.07320322
113,11,22,6,52,2,03中山區,中山區濱江街99號,0,0,1,2,C03,7,5,5,50,11,9,1,5,4,5,13,4,4,1,4,5,2,16,1,32,2,8,3,4,7,9,1,10,1,14,,44,,1,21,121.5348955,25.07320322
113,11,22,7,44,2,06松山區,松山區光復北路152號,0,0,1,1,B01,7,6,5,50,14,9,1,5,4,5,13,4,4,6,3,5,2,17,1,63,3,10,7,1,7,8,1,4,1,17,,44,,1,21,121.5571255,25.0519927
113,11,22,7,44,2,06松山區,松山區光復北路152號,0,0,1,2,C03,7,6,5,50,14,9,1,5,4,5,13,4,4,6,3,5,2,17,1,45,2,9,6,1,7,9,1,10,1,12,,44,,1,21,121.5571255,25.0519927
113,11,22,7,57,2,03中山區,中山區松江路與渭水路口,0,0,1,1,C03,7,6,5,50,4,1,1,5,4,5,13,1,1,3,4,5,2,17,1,44,2,7,6,1,7,9,1,10,1,17,,116,,1,21,121.5330111,25.04565263
113,11,22,7,57,2,03中山區,中山區松江路與渭水路口,0,0,1,2,C03,7,6,5,50,4,1,1,5,4,5,13,1,1,3,4,5,2,17,1,55,3,10,6,1,7,9,1,10,9,11,,16,,1,21,121.5330111,25.04565263
113,11,22,8,5,2,12內湖區,內湖區民權東路6段117號,0,0,1,1,C03,6,7,5,50,14,9,1,4,4,5,13,4,4,1,4,5,2,17,1,26,2,9,5,1,7,9,1,10,2,11,,108,,1,21,121.5924272,25.0690096
113,11,22,8,5,2,12內湖區,內湖區民權東路6段117號,0,0,1,2,C03,6,7,5,50,14,9,1,4,4,5,13,4,4,1,4,5,2,17,1,56,3,10,5,1,7,8,1,10,2,13,,101,,1,21,121.5924272,25.0690096
113,11,22,8,15,2,01大同區,大同區環河北路2段與酒泉街口,0,0,1,1,C03,7,5,5,50,14,9,1,5,4,5,13,4,4,9,4,5,2,13,1,23,3,10,5,1,7,15,1,10,2,11,,16,,1,22,121.5091734,25.0724495
113,11,22,8,15,2,01大同區,大同區環河北路2段與酒泉街口,0,0,1,2,C03,7,5,5,50,14,9,1,5,4,5,13,4,4,9,4,5,2,13,2,48,2,9,5,1,7,1,1,10,2,13,,44,,1,22,121.5091734,25.0724495
113,11,22,8,15,2,01大同區,大同區環河北路2段與酒泉街口,0,0,1,3,C03,7,5,5,50,14,9,1,5,4,5,13,4,4,9,4,5,2,13,1,66,3,10,5,1,7,1,1,10,2,13,,44,,1,22,121.5091734,25.0724495
113,11,22,8,15,2,11南港區,南港區同德路85巷與忠孝東路6段110巷口,0,0,1,1,B03,6,6,5,50,3,2,1,4,4,5,13,4,4,5,5,5,2,16,1,50,3,10,7,1,7,6,1,8,1,5,,9,,1,21,121.5855478,25.0465967
113,11,22,8,15,2,11南港區,南港區同德路85巷與忠孝東路6段110巷口,0,0,1,2,C03,6,6,5,50,3,2,1,4,4,5,13,4,4,5,5,5,2,16,2,51,2,8,6,1,7,9,1,10,1,14,,44,,1,21,121.5855478,25.0465967
113,11,22,8,20,2,05中正區,中正區重慶南路2段73號,0,0,2,1,F01,7,7,5,50,14,9,1,5,4,5,13,4,4,1,4,5,2,17,2,44,2,9,4,1,7,6,8,20,1,12,,80,,1,22,121.5152688,25.0300961
113,11,22,8,20,2,05中正區,中正區重慶南路2段73號,0,0,2,2,C03,7,7,5,50,14,9,1,5,4,5,13,4,4,1,4,5,2,17,1,30,2,9,5,1,7,9,1,10,1,14,,44,,1,22,121.5152688,25.0300961
113,11,22,8,27,2,02萬華區,萬華區環河南路1段與內江街口,0,0,3,1,C03,7,7,5,50,3,1,1,5,4,5,13,1,1,9,5,5,2,17,2,34,2,8,5,1,7,12,1,10,1,11,,16,,1,21,121.5000789,25.0419847
113,11,22,8,27,2,02萬華區,萬華區環河南路1段與內江街口,0,0,3,2,C03,7,7,5,50,3,1,1,5,4,5,13,1,1,9,5,5,2,17,1,41,3,10,5,1,7,12,1,10,1,13,,44,,1,21,121.5000789,25.0419847
113,11,22,8,27,2,02萬華區,萬華區環河南路1段與內江街口,0,0,3,3,C03,7,7,5,50,3,1,1,5,4,5,13,1,1,9,5,5,2,17,2,22,2,7,5,1,7,12,1,10,1,11,,44,,1,21,121.5000789,25.0419847
113,11,22,8,27,2,02萬華區,萬華區環河南路1段與內江街口,0,0,3,4,H02,7,7,5,50,3,1,1,5,4,5,13,1,1,9,5,5,2,17,2,27,2,8,5,5,7,17,8,20,10,16,,67,,1,21,121.5000789,25.0419847
113,11,22,8,37,2,12內湖區,內湖區舊宗路2段與舊宗路2段121巷口,0,0,1,1,C03,6,6,5,50,3,2,1,4,4,5,13,1,1,3,3,5,2,13,2,25,2,9,5,1,7,9,1,10,1,11,,42,,1,21,121.5747954,25.0690388
113,11,22,8,37,2,12內湖區,內湖區舊宗路2段與舊宗路2段121巷口,0,0,1,2,B03,6,6,5,50,3,2,1,4,4,5,13,1,1,3,3,5,2,13,2,52,3,10,7,1,7,9,1,8,1,10,,44,,1,21,121.5747954,25.0690388
113,11,22,8,40,2,06松山區,松山區松河街與無名巷口,0,0,1,1,C03,6,6,5,40,3,1,1,4,4,5,13,1,1,5,5,5,2,16,1,30,3,10,6,1,7,5,1,10,1,12,,5,,1,22,121.5721116,25.0508454
113,11,22,8,40,2,06松山區,松山區松河街與無名巷口,0,0,1,2,C03,6,6,5,40,3,1,1,4,4,5,13,1,1,5,5,5,2,16,2,32,2,8,6,1,7,9,1,10,1,12,,5,,1,22,121.5721116,25.0508454
113,11,22,8,41,2,01大同區,大同區台北橋機車道往西,0,0,2,1,C03,7,6,5,50,14,9,1,5,4,5,13,4,4,10,4,5,2,13,2,24,2,9,3,4,7,9,1,10,1,11,,108,,1,21,121.508876,25.06345816
113,11,22,8,41,2,01大同區,大同區台北橋機車道往西,0,0,2,2,C04,7,6,5,50,14,9,1,5,4,5,13,4,4,10,4,5,2,13,2,54,2,9,3,4,7,9,1,11,1,13,,27,,1,21,121.508876,25.06345816
113,11,22,8,42,2,08士林區,士林區重陽橋019號電燈桿,0,0,1,1,C03,8,6,5,25,8,11,1,5,4,5,13,4,4,10,4,5,1,17,1,19,2,9,6,1,7,10,1,10,2,14,,100,,1,25,121.5065579,25.0857997
113,11,22,8,42,2,08士林區,士林區重陽橋019號電燈桿,0,0,1,2,C03,8,6,5,25,8,11,1,5,4,5,13,4,4,10,4,5,1,17,1,64,3,10,6,1,7,8,1,10,1,12,,100,,1,26,121.5065579,25.0857997
113,11,22,8,43,2,04大安區,大安區辛亥路3段308號（二殯停車場出入口）,0,0,1,1,B03,8,6,5,50,14,9,1,4,4,5,13,1,1,1,4,4,2,17,1,20,3,10,7,1,7,7,1,8,1,17,,80,,1,21,121.552303,25.0146306
113,11,22,8,43,2,04大安區,大安區辛亥路3段308號（二殯停車場出入口）,0,0,1,2,C03,8,6,5,50,14,9,1,4,4,5,13,1,1,1,4,4,2,17,1,21,2,9,6,1,7,9,1,10,1,17,,44,,1,21,121.552303,25.0146306
113,11,22,8,48,2,01大同區,大同區台北橋機慢車道東往西第五根燈桿旁,0,0,1,1,C03,7,6,5,50,14,11,1,5,4,5,13,4,4,1,4,5,2,13,1,36,2,7,5,1,7,9,1,10,1,11,,107,,1,21,121.509296,25.0633845
113,11,22,8,48,2,01大同區,大同區台北橋機慢車道東往西第五根燈桿旁,0,0,1,2,C03,7,6,5,50,14,11,1,5,4,5,13,4,4,1,4,5,2,13,1,24,3,10,5,1,7,13,1,10,1,13,,44,,1,21,121.509296,25.0633845
113,11,22,9,5,2,10文山區,文山區木柵路4段96-6號,0,0,1,1,C03,8,7,5,30,14,9,1,5,4,5,13,4,4,10,5,5,2,16,1,23,3,10,5,4,7,5,1,10,1,12,,72,,1,21,121.5754245,24.9992368
113,11,22,9,5,2,10文山區,文山區木柵路4段96-6號,0,0,1,2,C03,8,7,5,30,14,9,1,5,4,5,13,4,4,10,5,5,2,16,2,38,2,9,5,4,7,9,1,10,1,14,,14,,1,21,121.5754245,24.9992368
113,11,22,9,7,2,07信義區,信義區富陽街55巷與崇德街146巷口,0,0,2,1,C03,7,6,5,30,4,1,1,5,4,5,13,3,1,9,4,5,2,17,1,27,2,9,3,4,7,9,1,10,1,13,,72,,1,21,121.5576806,25.0227285
113,11,22,9,7,2,07信義區,信義區富陽街55巷與崇德街146巷口,0,0,2,2,C04,7,6,5,30,4,1,1,5,4,5,13,3,1,9,4,5,2,17,1,27,2,9,3,4,7,9,1,10,2,11,,108,,1,21,121.5576806,25.0227285
113,11,22,9,25,2,08士林區,士林區承德路5段與通河東街2段口,0,0,1,1,C03,8,5,5,50,5,1,1,5,4,5,13,1,1,9,4,5,1,17,2,35,2,8,6,1,7,9,1,10,2,12,,13,,1,21,121.5138063,25.0960975
113,11,22,9,25,2,08士林區,士林區承德路5段與通河東街2段口,0,0,1,2,C03,8,5,5,50,5,1,1,5,4,5,13,1,1,9,4,5,1,17,2,61,3,10,6,1,7,9,6,10,2,17,,42,,1,21,121.5138063,25.0960975
113,11,22,9,25,2,08士林區,士林區承德路5段與通河東街2段口,0,0,1,3,H02,8,5,5,50,5,1,1,5,4,5,13,1,1,9,4,5,1,17,1,4,4,11,6,5,7,20,8,20,10,16,,67,,1,21,121.5138063,25.0960975
113,11,22,9,37,2,07信義區,信義區吳興街269巷與莊敬路口,0,0,1,1,B01,8,6,5,30,4,2,1,5,4,5,13,4,4,8,5,5,2,17,1,60,3,10,3,1,7,5,1,4,1,17,,80,,1,21,121.5650137,25.0276086
113,11,22,9,37,2,07信義區,信義區吳興街269巷與莊敬路口,0,0,1,2,C03,8,6,5,30,4,2,1,5,4,5,13,4,4,8,5,5,2,17,1,21,2,9,5,1,7,9,1,10,1,11,,33,,1,21,121.5650137,25.0276086
113,11,22,9,37,2,07信義區,信義區吳興街269巷與莊敬路口,0,0,1,3,B03,8,6,5,30,4,2,1,5,4,5,13,4,4,8,5,5,2,17,1,52,3,10,3,1,7,14,1,8,1,8,,44,,1,21,121.5650137,25.0276086
113,11,22,10,0,2,11南港區,南港區松河街378號,0,0,2,1,C03,7,6,5,50,14,9,1,5,4,5,13,4,4,9,4,5,2,13,2,36,2,9,6,1,7,9,1,10,2,11,,16,,1,21,121.5874187,25.0542756
113,11,22,10,0,2,11南港區,南港區松河街378號,0,0,2,2,C03,7,6,5,50,14,9,1,5,4,5,13,4,4,9,4,5,2,13,2,31,2,9,6,1,7,9,1,10,2,13,,16,,1,21,121.5874187,25.0542756
113,11,22,10,0,2,11南港區,南港區松河街378號,0,0,2,3,B03,7,6,5,50,14,9,1,5,4,5,13,4,4,9,4,5,2,13,1,48,3,10,7,1,7,1,1,8,2,3,,19,,1,21,121.5874187,25.0542756
113,11,22,10,7,2,12內湖區,內湖區新明路361巷與新明路口,0,0,2,1,C03,7,7,5,40,3,1,1,5,4,5,13,4,4,5,4,4,2,17,1,38,3,10,5,1,7,4,1,10,2,14,,44,,1,21,121.5825203,25.0558778
113,11,22,10,7,2,12內湖區,內湖區新明路361巷與新明路口,0,0,2,2,F01,7,7,5,40,3,1,1,5,4,5,13,4,4,5,4,4,2,17,2,64,2,9,4,1,7,8,8,20,1,13,,100,,1,21,121.5825203,25.0558778
113,11,22,10,7,2,12內湖區,內湖區新明路361巷與新明路口,0,0,2,3,C03,7,7,5,40,3,1,1,5,4,5,13,4,4,5,4,4,2,17,1,51,2,9,5,1,7,9,1,10,2,11,,108,,1,21,121.5825203,25.0558778
113,11,22,10,7,2,12內湖區,內湖區新明路361巷與新明路口,0,0,2,4,B01,7,7,5,40,3,1,1,5,4,5,13,4,4,5,4,4,2,17,1,66,3,10,7,1,7,9,1,4,2,5,,44,,1,21,121.5825203,25.0558778
113,11,22,10,19,2,12內湖區,內湖區環山路1段3號,0,0,1,1,C03,7,6,5,50,14,7,1,5,4,5,13,4,4,5,4,4,2,13,2,20,2,8,6,1,7,9,1,10,1,11,,108,,1,22,121.5655874,25.08324194
113,11,22,10,19,2,12內湖區,內湖區環山路1段3號,0,0,1,2,B01,7,6,5,50,14,7,1,5,4,5,13,4,4,5,4,4,2,13,1,61,3,10,3,4,7,12,1,4,1,6,,44,,1,26,121.5655874,25.08324194
113,11,22,10,29,2,06松山區,松山區八德路2段與復興南路1段口,0,0,1,1,C03,7,6,5,50,4,1,1,5,4,5,13,2,1,1,3,5,2,17,1,54,2,9,6,1,7,9,1,10,1,12,,44,,1,22,121.5439757,25.0476141
113,11,22,10,29,2,06松山區,松山區八德路2段與復興南路1段口,0,0,1,2,B03,7,6,5,50,4,1,1,5,4,5,13,2,1,1,3,5,2,17,1,53,3,10,7,1,7,5,1,8,1,17,,44,,1,22,121.5439757,25.0476141
113,11,22,10,43,2,08士林區,士林區通河街76巷與承德路4段10巷口,0,0,1,1,C03,8,6,5,30,4,2,1,5,4,5,13,4,4,5,5,5,2,15,1,59,2,9,6,1,7,9,1,10,1,11,,72,,1,21,121.5201462,25.080116
113,11,22,10,43,2,08士林區,士林區通河街76巷與承德路4段10巷口,0,0,1,2,B03,8,6,5,30,4,2,1,5,4,5,13,4,4,5,5,5,2,15,1,46,3,10,7,1,7,9,1,8,1,1,,108,,1,21,121.5201462,25.080116
113,11,22,10,55,2,08士林區,士林區重慶北路4段與通河西街1段口,0,0,1,1,C03,7,6,5,50,3,2,1,5,4,5,13,1,1,9,4,5,1,16,2,67,2,9,3,4,7,9,1,10,1,11,,81,,1,21,121.5119087,25.0877198
113,11,22,10,55,2,08士林區,士林區重慶北路4段與通河西街1段口,0,0,1,2,B03,7,6,5,50,3,2,1,5,4,5,13,1,1,9,4,5,1,16,1,21,3,10,3,4,7,5,1,8,1,1,,44,,1,21,121.5119087,25.0877198
113,11,22,11,6,2,08士林區,士林區至誠路2段70號,0,0,1,1,C04,7,6,5,40,14,9,1,5,4,5,13,4,4,9,5,5,1,17,2,64,2,9,5,1,7,9,1,8,2,11,,16,,1,21,121.5285342,25.10175984
113,11,22,11,6,2,08士林區,士林區至誠路2段70號,0,0,1,2,C03,7,6,5,40,14,9,1,5,4,5,13,4,4,9,5,5,1,17,1,49,3,10,5,1,7,9,1,10,2,14,,44,,1,21,121.5285342,25.10175984
113,11,22,11,6,2,08士林區,士林區至誠路2段70號,0,0,1,3,H01,7,6,5,40,14,9,1,5,4,5,13,4,4,9,5,5,1,17,1,83,3,10,4,5,8,16,8,20,10,16,,121,,1,21,121.5285342,25.10175984
113,11,22,11,8,2,10文山區,文山區興隆路2段96巷與仙岩路口,0,0,1,1,A11,7,6,5,50,4,1,1,5,4,5,13,2,1,9,5,5,2,16,1,39,3,10,7,1,7,6,1,2,2,2,,9,,1,21,121.55034,25.0000678
113,11,22,11,8,2,10文山區,文山區興隆路2段96巷與仙岩路口,0,0,1,2,F01,7,6,5,50,4,1,1,5,4,5,13,2,1,9,5,5,2,16,2,76,2,6,4,1,7,9,8,20,2,11,,97,,1,21,121.55034,25.0000678
113,11,22,11,16,2,01大同區,大同區民生西路與西寧北路口,0,0,1,1,B02,8,6,5,50,5,1,1,5,4,5,13,4,4,5,5,5,2,16,1,71,3,10,7,1,7,6,1,8,2,2,,9,,1,21,121.508933,25.05683704
113,11,22,11,16,2,01大同區,大同區民生西路與西寧北路口,0,0,1,2,C03,8,6,5,50,5,1,1,5,4,5,13,4,4,5,5,5,2,16,1,57,2,9,6,1,7,9,1,10,2,14,,44,,1,21,121.508933,25.05683704
113,11,22,11,30,2,01大同區,大同區民族西路與重慶北路3段口,0,0,1,1,B03,8,5,5,50,5,2,1,5,4,5,13,2,1,9,4,4,2,15,2,41,3,10,7,1,7,15,1,8,9,5,,9,,1,22,121.5138537,25.0687629
113,11,22,11,30,2,01大同區,大同區民族西路與重慶北路3段口,0,0,1,2,F01,8,5,5,50,5,2,1,5,4,5,13,2,1,9,4,4,2,15,2,63,2,9,2,1,7,1,8,20,9,14,,19,,1,22,121.5138537,25.0687629
113,11,22,11,43,2,02萬華區,萬華區康定路與三水街口,0,0,3,1,C03,7,6,5,50,4,1,1,5,4,5,13,2,1,5,4,5,2,16,1,73,2,8,6,1,7,5,1,10,1,12,,71,,1,21,121.5013342,25.0360735
113,11,22,11,43,2,02萬華區,萬華區康定路與三水街口,0,0,3,2,C03,7,6,5,50,4,1,1,5,4,5,13,2,1,5,4,5,2,16,1,58,2,9,6,1,7,9,1,10,1,11,,44,,1,21,121.5013342,25.0360735
113,11,22,11,43,2,02萬華區,萬華區康定路與三水街口,0,0,3,3,H02,7,6,5,50,4,1,1,5,4,5,13,2,1,5,4,5,2,16,2,55,2,9,6,5,7,20,8,20,10,16,,67,,1,21,121.5013342,25.0360735
113,11,22,12,21,2,04大安區,大安區忠孝東路4段26巷與大安路1段116巷口,0,0,1,1,B01,7,6,5,30,4,1,1,5,4,5,13,1,1,10,5,5,1,17,1,42,3,10,7,1,7,5,1,4,2,8,,8,,1,21,121.5443891,25.0398352
113,11,22,12,21,2,04大安區,大安區忠孝東路4段26巷與大安路1段116巷口,0,0,1,2,C03,7,6,5,30,4,1,1,5,4,5,13,1,1,10,5,5,1,17,2,42,2,9,5,1,7,9,1,10,2,12,,44,,1,21,121.5443891,25.0398352
113,11,22,12,25,2,01大同區,大同區環河北路2段與迪化街2段172巷口,0,0,1,1,B03,8,6,5,50,5,1,1,5,4,5,13,4,4,1,5,5,2,16,1,56,3,10,7,1,7,6,1,7,1,6,,9,,1,21,121.517166,25.06636054
113,11,22,12,25,2,01大同區,大同區環河北路2段與迪化街2段172巷口,0,0,1,2,C03,8,6,5,50,5,1,1,5,4,5,13,4,4,1,5,5,2,16,1,21,2,7,6,1,7,9,1,10,1,14,,14,,1,21,121.517166,25.06636054
113,11,22,12,31,2,05中正區,中正區重慶南路1段與凱達格蘭大道口,0,0,2,1,C03,7,6,5,50,3,2,1,5,4,5,13,1,1,5,4,5,2,16,1,19,2,9,6,4,7,15,1,10,2,11,,42,,1,22,121.512974,25.04056782
113,11,22,12,31,2,05中正區,中正區重慶南路1段與凱達格蘭大道口,0,0,2,2,C03,7,6,5,50,3,2,1,5,4,5,13,1,1,5,4,5,2,16,1,69,2,9,6,4,7,9,6,10,2,13,,44,,1,22,121.512974,25.04056782
113,11,22,13,14,2,08士林區,士林區格致路與格致路131巷口,0,0,1,1,B03,7,6,5,40,14,9,1,4,4,5,13,4,4,4,5,5,2,13,1,23,3,10,7,1,7,9,1,8,1,1,,108,,1,21,121.5481382,25.1404691
113,11,22,13,14,2,08士林區,士林區格致路與格致路131巷口,0,0,1,2,C03,7,6,5,40,14,9,1,4,4,5,13,4,4,4,5,5,2,13,2,68,2,9,5,1,7,9,1,10,1,13,,44,,1,21,121.5481382,25.1404691
113,11,22,13,14,2,08士林區,士林區格致路與格致路131巷口,0,0,1,3,,7,6,5,40,14,9,1,4,4,5,13,4,4,4,5,5,2,13,3,0,,,,,,,,,,,,67,,1,,121.5481382,25.1404691
113,11,22,13,30,2,12內湖區,內湖區民權東路6段時報廣場,0,0,2,1,C03,7,6,7,40,14,8,1,5,4,5,13,4,4,1,4,4,2,13,1,33,2,9,5,1,7,9,1,10,1,11,,16,,1,21,121.5941836,25.07098993
113,11,22,13,30,2,12內湖區,內湖區民權東路6段時報廣場,0,0,2,2,C04,7,6,7,40,14,8,1,5,4,5,13,4,4,1,4,4,2,13,2,48,2,8,5,1,7,9,1,10,1,13,,44,,1,21,121.5941836,25.07098993
113,11,22,13,36,2,04大安區,大安區和平東路2段311巷與和平東路口側附近2段口,0,0,1,1,B03,7,6,5,50,4,1,1,5,4,5,13,1,1,1,3,5,2,17,1,59,3,10,7,1,7,9,1,8,1,2,,44,,1,21,121.5449467,25.0248256
113,11,22,13,36,2,04大安區,大安區和平東路2段311巷與和平東路口側附近2段口,0,0,1,2,C04,7,6,5,50,4,1,1,5,4,5,13,1,1,1,3,5,2,17,2,42,2,9,5,1,7,9,1,10,1,14,,101,,1,21,121.5449467,25.0248256
113,11,22,13,38,2,03中山區,中山區一江街與松江路口,0,0,1,1,B01,8,6,5,30,4,1,1,5,4,5,13,4,4,10,5,5,2,15,1,43,3,10,3,4,7,9,1,4,2,8,,72,,1,21,121.531465,25.0510127
113,11,22,13,38,2,03中山區,中山區一江街與松江路口,0,0,1,2,C03,8,6,5,30,4,1,1,5,4,5,13,4,4,10,5,5,2,15,1,48,2,3,5,4,7,9,1,10,2,12,,44,,1,21,121.531465,25.0510127
113,11,22,13,38,2,11南港區,南港區南港路1段356號,0,0,1,1,C03,7,6,5,50,14,7,1,5,4,1,12,4,4,5,4,4,2,16,1,32,3,10,6,1,7,8,1,10,1,12,,100,,1,21,121.6071829,25.054463
113,11,22,13,38,2,11南港區,南港區南港路1段356號,0,0,1,2,C03,7,6,5,50,14,7,1,5,4,1,12,4,4,5,4,4,2,16,1,33,2,9,6,1,7,9,1,10,1,11,,16,,1,21,121.6071829,25.054463
113,11,22,13,54,2,08士林區,士林區通河西街1段與通河西街1段口堤外 百齡槌球場停車場出入口,0,0,2,1,B03,7,6,5,30,3,2,1,5,4,5,13,4,4,9,5,5,1,17,1,37,3,10,7,1,7,5,1,8,2,8,,72,,1,21,121.5126459,25.0859688