發生年度,發生月,發生日,發生時-Hours,發生分,處理別-編號,區序,肇事地點,死亡人數,2-30日死亡人數,受傷人數,當事人序號,車種,天候,道路照明設備,道路類別,速限-速度限制,道路型態,事故位置,路面狀況1,路面狀況2,路面狀況3,道路障礙1,道路障礙2,號誌1,號誌2,車道劃分-分向,車道劃分-分道1,車道劃分-分道2,車道劃分-分道3,事故類型及型態,性別,年齡,受傷程度,主要傷處,保護裝置,行動電話,車輛用途,當事者行動狀態,駕駛資格情形,駕駛執照種類,飲酒情形,車輛撞擊部位1,車輛撞擊部位2,肇因碼-個別,肇因碼-主要,個人肇逃否,職業,座標-X,座標-Y
113,11,22,13,54,2,08士林區,士林區通河西街1段與通河西街1段口堤外 百齡槌球場停車場出入口,0,0,2,2,C03,7,6,5,30,3,2,1,5,4,5,13,4,4,9,5,5,1,17,1,21,2,9,5,1,7,9,1,10,2,11,,13,,1,21,121.5126459,25.0859688
113,11,22,13,54,2,08士林區,士林區通河西街1段與通河西街1段口堤外 百齡槌球場停車場出入口,0,0,2,3,C03,7,6,5,30,3,2,1,5,4,5,13,4,4,9,5,5,1,17,1,30,2,9,5,1,7,9,1,10,2,11,,13,,1,21,121.5126459,25.0859688
113,11,22,13,54,2,08士林區,士林區通河西街1段與通河西街1段口堤外 百齡槌球場停車場出入口,0,0,2,4,B13,7,6,5,30,3,2,1,5,4,5,13,4,4,9,5,5,1,17,1,65,3,10,7,1,7,14,1,8,2,1,,38,,1,21,121.5126459,25.0859688
113,11,22,13,55,2,03中山區,中山區民生西路8號,0,0,1,1,,7,6,5,50,14,9,1,5,4,5,13,2,1,5,5,5,2,17,4,0,4,11,3,4,7,8,7,19,11,17,,100,,2,22,121.5225229,25.057864
113,11,22,13,55,2,03中山區,中山區民生西路8號,0,0,1,2,,7,6,5,50,14,9,1,5,4,5,13,2,1,5,5,5,2,17,4,0,4,11,3,4,7,9,7,19,11,17,,44,,2,22,121.5225229,25.057864
113,11,22,13,55,2,03中山區,中山區民生西路8號,0,0,1,3,A02,7,6,5,50,14,9,1,5,4,5,13,2,1,5,5,5,2,17,1,40,3,10,7,1,7,12,1,2,2,17,,16,,1,22,121.5225229,25.057864
113,11,22,13,55,2,03中山區,中山區民生西路8號,0,0,1,4,H02,7,6,5,50,14,9,1,5,4,5,13,2,1,5,5,5,2,17,2,71,2,9,4,5,7,17,8,20,10,17,,67,,1,22,121.5225229,25.057864
113,11,22,14,13,2,02萬華區,萬華區康定路與康定路101巷口,0,0,1,1,B12,8,6,5,50,3,1,1,5,4,5,13,4,4,5,4,5,2,17,1,43,3,10,7,1,7,5,1,8,2,6,,8,,1,21,121.5019779,25.0396038
113,11,22,14,13,2,02萬華區,萬華區康定路與康定路101巷口,0,0,1,2,C03,8,6,5,50,3,1,1,5,4,5,13,4,4,5,4,5,2,17,1,29,2,5,6,1,7,9,1,10,2,11,12,44,,1,23,121.5019779,25.0396038
113,11,22,14,27,2,10文山區,文山區新光路2段告示牌0+950往東10公尺處,0,0,1,1,C03,7,6,5,50,11,9,1,5,4,5,13,4,4,9,5,5,1,20,1,16,2,9,6,1,7,9,2,18,1,11,,116,,1,16,121.5183568,25.04847309
113,11,22,14,27,2,10文山區,文山區新光路2段告示牌0+950往東10公尺處,0,0,1,2,,7,6,5,50,11,9,1,5,4,5,13,4,4,9,5,5,1,20,3,0,,,,,,,,,,,,67,,1,,121.5183568,25.04847309
113,11,22,15,0,2,09北投區,北投區新市街23號,0,0,1,1,B03,8,7,5,30,14,9,1,5,4,5,13,4,4,10,5,5,2,10,1,59,3,10,7,1,7,1,1,8,1,5,,19,,1,22,121.5019429,25.13178144
113,11,22,15,0,2,09北投區,北投區新市街23號,0,0,1,2,C03,8,7,5,30,14,9,1,5,4,5,13,4,4,10,5,5,2,10,2,65,2,9,6,1,7,9,1,10,1,12,,44,,1,22,121.5019429,25.13178144
113,11,22,15,23,2,07信義區,信義區林口街80巷與福德街84巷口,0,0,1,1,C03,6,6,5,30,4,1,1,4,4,5,13,4,4,9,5,5,1,15,1,23,2,8,3,4,7,9,1,10,1,11,,72,,1,22,121.5803915,25.03956082
113,11,22,15,23,2,07信義區,信義區林口街80巷與福德街84巷口,0,0,1,2,B03,6,6,5,30,4,1,1,4,4,5,13,4,4,9,5,5,1,15,1,34,3,10,3,4,7,9,1,10,1,4,,14,,1,22,121.5803915,25.03956082
113,11,22,15,25,2,05中正區,中正區羅斯福路1段與羅斯福路1段9巷2弄口口,0,0,1,1,B03,8,6,5,40,3,2,1,5,4,5,13,4,4,1,4,4,1,17,1,57,3,10,7,1,7,1,1,8,2,4,,19,,1,21,121.5180252,25.0334003
113,11,22,15,25,2,05中正區,中正區羅斯福路1段與羅斯福路1段9巷2弄口口,0,0,1,2,C03,8,6,5,40,3,2,1,5,4,5,13,4,4,1,4,4,1,17,1,34,2,8,6,1,7,9,1,10,2,12,,13,,1,21,121.5180252,25.0334003
113,11,22,16,10,2,05中正區,中正區長沙街1段20號,0,0,1,1,B02,7,6,5,50,14,9,1,5,4,5,13,4,4,5,4,5,2,16,1,57,3,10,7,1,7,11,1,8,1,4,,10,,1,22,121.5086335,25.0404076
113,11,22,16,10,2,05中正區,中正區長沙街1段20號,0,0,1,2,C03,7,6,5,50,14,9,1,5,4,5,13,4,4,5,4,5,2,16,2,46,2,9,6,1,7,9,1,10,1,12,,44,,1,21,121.5086335,25.0404076
113,11,22,16,25,2,06松山區,松山區塔悠路179號,0,0,1,1,B03,8,7,5,50,14,6,1,5,4,5,13,1,1,9,4,4,1,16,2,43,3,10,7,4,7,5,1,8,1,5,,80,,1,22,121.5695726,25.05637543
113,11,22,16,25,2,06松山區,松山區塔悠路179號,0,0,1,2,C03,8,7,5,50,14,6,1,5,4,5,13,1,1,9,4,4,1,16,1,16,2,8,6,4,7,9,2,18,1,11,,13,,1,22,121.5695726,25.05637543
113,11,22,16,56,2,03中山區,中山區北安路47號,0,0,1,1,B03,7,5,5,50,14,9,1,5,4,5,13,4,4,1,4,5,2,16,1,46,3,10,3,4,7,5,1,8,1,6,,80,,1,21,121.5282225,25.07750553
113,11,22,16,56,2,03中山區,中山區北安路47號,0,0,1,2,C03,7,5,5,50,14,9,1,5,4,5,13,4,4,1,4,5,2,16,1,66,2,7,3,4,7,9,1,10,1,11,,44,,1,21,121.5282225,25.07750553
113,11,22,17,6,2,09北投區,北投區明德路與懷德街口,0,0,1,1,C03,7,5,5,50,14,9,1,5,4,5,13,1,1,9,4,5,2,16,1,26,3,10,5,1,7,6,1,10,1,12,,9,,1,21,121.5202834,25.11013871
113,11,22,17,6,2,09北投區,北投區明德路與懷德街口,0,0,1,2,F01,7,5,5,50,14,9,1,5,4,5,13,1,1,9,4,5,2,16,1,14,2,9,2,4,7,9,8,20,1,14,,44,,1,21,121.5202834,25.11013871
113,11,22,17,23,2,05中正區,中正區重慶南路2段與愛國西路口,0,0,1,1,B03,7,5,5,50,4,1,1,5,4,5,13,1,1,1,5,5,2,17,1,63,3,10,7,1,7,5,1,8,2,5,,83,,1,22,121.5125934,25.0350495
113,11,22,17,23,2,05中正區,中正區重慶南路2段與愛國西路口,0,0,1,2,C03,7,5,5,50,4,1,1,5,4,5,13,1,1,1,5,5,2,17,1,24,2,9,5,1,7,9,1,10,2,11,,13,,1,22,121.5125934,25.0350495
113,11,22,17,40,2,12內湖區,內湖區瑞光路26巷與瑞光路口,0,0,1,1,C03,8,5,5,50,3,1,1,5,4,5,13,2,1,5,4,5,2,17,1,65,2,7,5,1,7,11,1,10,1,12,,11,,1,21,121.5832977,25.069803
113,11,22,17,40,2,12內湖區,內湖區瑞光路26巷與瑞光路口,0,0,1,2,B03,8,5,5,50,3,1,1,5,4,5,13,2,1,5,4,5,2,17,1,58,3,10,7,1,7,9,1,8,1,8,,44,,1,21,121.5832977,25.069803
113,11,22,17,40,2,12內湖區,內湖區瑞光路26巷與瑞光路口,0,0,1,3,B02,8,5,5,50,3,1,1,5,4,5,13,2,1,5,4,5,2,17,1,45,3,10,7,1,7,9,1,8,1,8,,44,,1,21,121.5832977,25.069803
113,11,22,18,0,2,09北投區,北投區東華街2段72號,0,0,1,1,C03,8,5,5,50,14,9,1,5,4,5,13,4,4,10,4,5,2,13,2,22,2,9,6,1,7,9,1,10,1,11,,108,,1,22,121.5139722,25.1171159
113,11,22,18,0,2,09北投區,北投區東華街2段72號,0,0,1,2,B03,8,5,5,50,14,9,1,5,4,5,13,4,4,10,4,5,2,13,1,24,3,10,7,1,7,14,1,8,1,3,,44,,1,22,121.5139722,25.1171159
113,11,22,18,10,2,01大同區,大同區民生西路280號,0,0,3,1,F02,7,5,5,0,14,9,1,4,4,5,13,4,4,9,4,5,2,17,2,32,2,8,2,1,7,11,8,20,1,11,,11,,1,21,121.5130233,25.0569796
113,11,22,18,10,2,01大同區,大同區民生西路280號,0,0,3,2,C03,7,5,5,0,14,9,1,4,4,5,13,4,4,9,4,5,2,17,1,22,3,10,5,1,7,9,1,10,1,11,,44,,1,21,121.5130233,25.0569796
113,11,22,18,10,2,01大同區,大同區民生西路280號,0,0,3,3,H02,7,5,5,0,14,9,1,4,4,5,13,4,4,9,4,5,2,17,1,2,2,9,7,5,7,20,8,20,10,16,,67,,1,21,121.5130233,25.0569796
113,11,22,18,10,2,01大同區,大同區民生西路280號,0,0,3,4,H02,7,5,5,0,14,9,1,4,4,5,13,4,4,9,4,5,2,17,2,4,2,9,7,5,7,20,8,20,10,16,,67,,1,21,121.5130233,25.0569796
113,11,22,18,22,2,12內湖區,內湖區民權大橋東向西往松山,0,0,2,1,C03,8,5,5,30,14,11,1,5,4,5,13,4,4,1,4,4,2,13,1,42,2,9,6,4,7,9,1,10,2,11,,16,,1,21,121.5661163,25.06303406
113,11,22,18,22,2,12內湖區,內湖區民權大橋東向西往松山,0,0,2,2,C03,8,5,5,30,14,11,1,5,4,5,13,4,4,1,4,4,2,13,1,36,2,9,6,4,7,12,1,10,2,13,,44,,1,21,121.5661163,25.06303406
113,11,22,18,25,2,12內湖區,內湖區民權大橋內湖往松山,0,0,3,1,C03,8,5,5,30,8,11,1,5,4,5,13,4,4,1,4,4,2,13,2,29,2,9,5,1,7,9,1,10,2,11,,16,,1,21,121.5763973,25.06622819
113,11,22,18,25,2,12內湖區,內湖區民權大橋內湖往松山,0,0,3,2,C03,8,5,5,30,8,11,1,5,4,5,13,4,4,1,4,4,2,13,2,27,3,10,5,1,7,14,1,10,2,13,,44,,1,21,121.5763973,25.06622819
113,11,22,18,25,2,12內湖區,內湖區民權大橋內湖往松山,0,0,3,3,C04,8,5,5,30,8,11,1,5,4,5,13,4,4,1,4,4,2,13,2,31,2,9,5,1,7,9,1,8,2,14,,116,,1,21,121.5763973,25.06622819
113,11,22,18,25,2,12內湖區,內湖區民權大橋內湖往松山,0,0,3,4,H02,8,5,5,30,8,11,1,5,4,5,13,4,4,1,4,4,2,13,2,29,2,9,5,5,7,20,8,20,10,17,,67,,1,21,121.5763973,25.06622819
113,11,22,18,45,2,06松山區,松山區八德路4段與松山路口,0,0,1,1,B03,7,5,5,50,4,2,1,5,4,5,13,2,1,1,4,4,2,17,2,54,3,10,7,1,7,11,1,8,1,17,,85,,1,21,121.577253,25.050124
113,11,22,18,45,2,06松山區,松山區八德路4段與松山路口,0,0,1,2,C03,7,5,5,50,4,2,1,5,4,5,13,2,1,1,4,4,2,17,1,21,2,9,5,1,7,9,1,10,1,17,,44,,1,21,121.577253,25.050124
113,11,22,18,56,2,03中山區,中山區長安東路2段與復興北路口,0,0,1,1,B03,8,5,5,30,4,1,1,5,4,5,13,4,4,1,4,5,2,17,1,34,3,10,7,1,7,6,1,8,1,2,,9,,1,21,121.543815,25.04831778
113,11,22,18,56,2,03中山區,中山區長安東路2段與復興北路口,0,0,1,2,C03,8,5,5,30,4,1,1,5,4,5,13,4,4,1,4,5,2,17,2,21,2,8,5,1,7,9,1,10,1,14,12,44,,1,23,121.543815,25.04831778
113,11,22,18,57,2,12內湖區,內湖區民權大橋內湖往松山,0,0,1,1,,8,5,5,30,14,11,1,5,4,5,13,4,4,1,4,5,2,17,4,0,,,,,,,,,,,,119,,2,,121.5770301,25.06641333
113,11,22,18,57,2,12內湖區,內湖區民權大橋內湖往松山,0,0,1,2,C03,8,5,5,30,14,11,1,5,4,5,13,4,4,1,4,5,2,17,1,65,2,9,5,1,7,9,1,10,9,15,,118,,1,21,121.5770301,25.06641333
113,11,22,19,5,2,04大安區,大安區延吉街60號與延吉街口,0,0,1,1,C03,7,5,5,50,3,1,1,5,4,5,13,4,4,6,5,5,2,13,2,51,2,9,5,1,7,9,3,18,1,11,,16,,1,21,121.5538743,25.0437343
113,11,22,19,5,2,04大安區,大安區延吉街60號與延吉街口,0,0,1,2,B03,7,5,5,50,3,1,1,5,4,5,13,4,4,6,5,5,2,13,1,39,3,10,7,1,7,14,1,8,1,6,,44,,1,21,121.5538743,25.0437343
113,11,22,19,20,2,12內湖區,內湖區民權大橋東向西,0,0,1,8,C03,7,5,5,30,14,9,1,5,4,5,13,4,4,1,5,5,2,17,1,60,3,10,5,1,7,9,1,10,1,11,,16,,1,21,121.5659115,25.06354893
113,11,22,19,20,2,12內湖區,內湖區民權大橋東向西,0,0,1,1,C03,7,5,5,30,14,9,1,5,4,5,13,4,4,1,5,5,2,17,2,41,2,8,5,1,7,9,1,10,1,11,,16,,1,21,121.5659115,25.06354893
113,11,22,19,20,2,12內湖區,內湖區民權大橋東向西,0,0,1,2,C03,7,5,5,30,14,9,1,5,4,5,13,4,4,1,5,5,2,17,1,51,3,10,5,1,7,9,1,10,1,13,,16,,1,21,121.5659115,25.06354893
113,11,22,19,20,2,12內湖區,內湖區民權大橋東向西,0,0,1,3,C03,7,5,5,30,14,9,1,5,4,5,13,4,4,1,5,5,2,17,2,26,3,10,5,1,7,9,1,10,1,13,,16,,1,21,121.5659115,25.06354893
113,11,22,19,20,2,12內湖區,內湖區民權大橋東向西,0,0,1,4,C03,7,5,5,30,14,9,1,5,4,5,13,4,4,1,5,5,2,17,1,38,3,10,5,1,7,9,1,10,1,13,,44,,1,21,121.5659115,25.06354893
113,11,22,19,20,2,12內湖區,內湖區民權大橋東向西,0,0,1,5,C03,7,5,5,30,14,9,1,5,4,5,13,4,4,1,5,5,2,17,1,29,3,10,5,1,7,9,1,10,1,13,,16,,1,21,121.5659115,25.06354893
113,11,22,19,20,2,12內湖區,內湖區民權大橋東向西,0,0,1,6,C03,7,5,5,30,14,9,1,5,4,5,13,4,4,1,5,5,2,17,1,37,3,10,5,1,7,9,1,10,1,11,,16,,1,21,121.5659115,25.06354893
113,11,22,19,20,2,12內湖區,內湖區民權大橋東向西,0,0,1,7,C03,7,5,5,30,14,9,1,5,4,5,13,4,4,1,5,5,2,17,1,56,3,10,5,1,7,9,1,10,1,13,,44,,1,21,121.5659115,25.06354893
113,11,22,19,45,2,03中山區,中山區新生北路3段3巷與吉林路口,0,0,2,1,C03,7,5,5,30,4,2,1,5,4,5,13,4,4,8,5,5,1,15,2,63,2,8,5,1,7,9,1,10,1,14,,80,,1,22,121.5302421,25.0631349
113,11,22,19,45,2,03中山區,中山區新生北路3段3巷與吉林路口,0,0,2,2,C03,7,5,5,30,4,2,1,5,4,5,13,4,4,8,5,5,1,15,1,29,2,8,5,1,7,9,1,10,1,11,,42,,1,22,121.5302421,25.0631349
113,11,22,20,10,2,01大同區,大同區民權西路與延平北路3段口,0,0,1,1,C03,7,5,5,50,4,2,1,5,4,5,13,1,1,1,4,5,2,12,1,21,3,10,6,1,7,9,1,10,1,12,,118,,1,21,121.5114201,25.0630281
113,11,22,20,10,2,01大同區,大同區民權西路與延平北路3段口,0,0,1,2,G06,7,5,5,50,4,2,1,5,4,5,13,1,1,1,4,5,2,12,2,70,2,9,2,1,7,9,8,20,1,17,,118,,1,21,121.5114201,25.0630281
113,11,22,20,10,2,04大安區,大安區羅斯福路2段31號,0,0,1,1,C03,7,6,5,50,14,9,1,5,4,5,13,4,4,1,4,5,2,12,2,18,3,10,5,1,7,7,1,10,9,14,,101,,2,22,121.5222885,25.0277989
113,11,22,20,10,2,04大安區,大安區羅斯福路2段31號,0,0,1,2,C04,7,6,5,50,14,9,1,5,4,5,13,4,4,1,4,5,2,12,2,25,2,8,3,4,7,7,1,10,1,12,,16,,1,22,121.5222885,25.0277989
113,11,22,20,46,2,05中正區,中正區金山南路1段與信義路2段口,0,0,1,1,C03,7,5,5,40,4,1,1,5,4,5,13,1,1,1,4,1,2,12,1,35,3,10,5,1,7,9,1,10,2,12,,44,,1,21,121.5271294,25.03420651
113,11,22,20,46,2,05中正區,中正區金山南路1段與信義路2段口,0,0,1,2,C03,7,5,5,40,4,1,1,5,4,5,13,1,1,1,4,1,2,12,1,50,2,8,5,1,7,8,1,10,2,12,,100,,1,21,121.5271294,25.03420651
113,11,22,20,46,2,05中正區,中正區金山南路1段與信義路2段口,0,0,1,3,B03,7,5,5,40,4,1,1,5,4,5,13,1,1,1,4,1,2,12,1,26,3,10,7,1,7,9,1,8,11,1,,44,,1,21,121.5271294,25.03420651
113,11,22,21,14,2,04大安區,大安區忠孝東路4段197號,0,0,1,1,B01,7,5,5,50,14,9,1,5,4,5,13,4,4,10,5,5,2,17,1,69,3,10,3,4,7,14,1,4,2,2,,40,,1,21,121.5512107,25.0415743
113,11,22,21,14,2,04大安區,大安區忠孝東路4段197號,0,0,1,2,H02,7,5,5,50,14,9,1,5,4,5,13,4,4,10,5,5,2,17,2,52,3,10,4,5,7,21,8,20,10,16,,40,,1,21,121.5512107,25.0415743
113,11,22,21,14,2,04大安區,大安區忠孝東路4段197號,0,0,1,3,C03,7,5,5,50,14,9,1,5,4,5,13,4,4,10,5,5,2,17,1,35,2,9,3,4,7,9,1,10,2,11,,44,,1,21,121.5512107,25.0415743
113,11,22,21,14,2,04大安區,大安區忠孝東路4段197號,0,0,1,4,B01,7,5,5,50,14,9,1,5,4,5,13,4,4,10,5,5,2,17,1,64,3,10,3,4,7,13,1,4,1,7,,44,,1,21,121.5512107,25.0415743
113,11,22,21,30,2,01大同區,大同區鄭州路與西寧北路口,0,0,1,1,C01,8,5,5,40,4,1,1,5,4,5,13,2,1,8,3,5,2,17,1,32,2,8,6,1,7,5,1,9,1,13,,8,,1,21,121.5082021,25.0506052
113,11,22,21,30,2,01大同區,大同區鄭州路與西寧北路口,0,0,1,2,B03,8,5,5,40,4,1,1,5,4,5,13,2,1,8,3,5,2,17,1,29,3,10,7,1,7,5,1,8,1,1,,44,,1,21,121.5082021,25.0506052
113,11,22,21,35,2,08士林區,士林區中山北路5段與劍潭路口,0,0,1,1,C03,7,5,5,50,4,1,1,5,4,5,13,1,1,5,4,5,2,16,1,20,3,10,3,4,7,6,1,10,1,13,,9,,1,21,121.5254479,25.0846083
113,11,22,21,35,2,08士林區,士林區中山北路5段與劍潭路口,0,0,1,2,C03,7,5,5,50,4,1,1,5,4,5,13,1,1,5,4,5,2,16,2,50,2,9,3,4,7,9,1,10,1,11,,44,,1,21,121.5254479,25.0846083
113,11,22,22,8,2,02萬華區,萬華區中興橋機車引道,0,0,2,1,C03,7,5,5,30,8,16,1,5,4,5,13,4,4,10,5,5,2,13,1,19,2,7,6,1,7,9,1,10,1,11,,108,,1,22,121.5022455,25.045558
113,11,22,22,8,2,02萬華區,萬華區中興橋機車引道,0,0,2,2,F01,7,5,5,30,8,16,1,5,4,5,13,4,4,10,5,5,2,13,1,56,2,8,2,1,7,9,8,20,1,13,,42,,1,22,121.5022455,25.045558
113,11,22,22,18,2,07信義區,信義區松高路與松智路口,0,0,1,1,B01,8,5,5,50,3,1,1,5,4,3,10,2,1,5,4,5,2,16,1,66,3,10,7,1,7,5,1,4,2,1,,71,,1,21,121.5656032,25.0390839
113,11,22,22,18,2,07信義區,信義區松高路與松智路口,0,0,1,2,C03,8,5,5,50,3,1,1,5,4,3,10,2,1,5,4,5,2,16,1,29,2,9,6,1,7,9,1,10,2,11,,44,,1,21,121.5656032,25.0390839
113,11,22,22,25,2,03中山區,中山區樂群一路往東、下塔悠公園前,0,0,2,1,C03,7,5,5,50,14,9,1,5,4,5,13,4,4,1,4,5,2,13,2,20,2,9,6,4,7,9,1,10,1,11,,108,,1,21,121.5183568,25.04847309
113,11,22,22,25,2,03中山區,中山區樂群一路往東、下塔悠公園前,0,0,2,2,C03,7,5,5,50,14,9,1,5,4,5,13,4,4,1,4,5,2,13,1,37,2,9,6,4,7,9,1,10,1,13,,44,,1,21,121.5183568,25.04847309
113,11,22,22,28,2,07信義區,信義區市民大道5段與東興路口,0,0,1,1,B03,8,5,5,40,4,1,1,5,4,5,13,2,1,1,4,5,1,16,1,33,3,10,3,4,7,5,1,8,1,1,,71,,1,22,121.5658494,25.04820627
113,11,22,22,28,2,07信義區,信義區市民大道5段與東興路口,0,0,1,2,C03,8,5,5,40,4,1,1,5,4,5,13,2,1,1,4,5,1,16,2,29,2,9,3,4,7,9,1,10,1,11,,14,,1,22,121.5658494,25.04820627
113,11,22,22,37,2,07信義區,信義區忠孝東路5段6號,0,0,1,1,A02,7,5,5,50,14,8,1,5,4,5,13,1,1,5,4,5,2,12,1,43,3,10,7,4,7,9,1,2,2,6,,17,,1,21,121.5645104,25.0408255
113,11,22,22,37,2,07信義區,信義區忠孝東路5段6號,0,0,1,2,C03,7,5,5,50,14,8,1,5,4,5,13,1,1,5,4,5,2,12,1,56,2,8,5,4,7,9,1,10,2,13,,116,,1,21,121.5645104,25.0408255
113,11,22,22,40,2,09北投區,北投區石牌路2段與裕民三路口,0,0,1,1,B03,7,5,5,50,3,1,1,5,4,5,13,4,4,5,4,5,2,2,1,41,3,10,3,4,7,5,1,8,1,8,,70,,1,22,121.5159946,25.1160685
113,11,22,22,40,2,09北投區,北投區石牌路2段與裕民三路口,0,0,1,2,H01,7,5,5,50,3,1,1,5,4,5,13,4,4,5,4,5,2,2,1,44,2,8,4,5,8,16,8,20,10,16,,67,,1,22,121.5159946,25.1160685
113,11,22,23,0,2,10文山區,文山區景美舊橋與景美街口口,0,0,1,1,B01,7,5,5,50,5,2,1,5,4,5,13,2,1,5,5,4,1,17,1,60,3,10,7,1,7,14,1,4,1,2,,44,,1,21,121.5408901,24.9880921
113,11,22,23,0,2,10文山區,文山區景美舊橋與景美街口口,0,0,1,2,H02,7,5,5,50,5,2,1,5,4,5,13,2,1,5,5,4,1,17,1,32,3,10,7,5,7,20,8,20,10,16,,126,,1,21,121.5408901,24.9880921
113,11,22,23,0,2,10文山區,文山區景美舊橋與景美街口口,0,0,1,3,C03,7,5,5,50,5,2,1,5,4,5,13,2,1,5,5,4,1,17,1,31,2,9,6,1,7,9,1,10,1,14,,44,,1,21,121.5408901,24.9880921
113,11,23,0,50,2,03中山區,中山區中山北路1段與長安東路1段口,0,0,2,1,C03,8,5,5,50,4,2,1,5,4,5,13,1,1,1,4,1,2,17,2,29,2,9,5,1,7,9,3,18,1,12,,118,,1,21,121.5216552,25.0495784
113,11,23,0,50,2,03中山區,中山區中山北路1段與長安東路1段口,0,0,2,2,C03,8,5,5,50,4,2,1,5,4,5,13,1,1,1,4,1,2,17,1,25,2,9,5,1,7,9,1,10,1,12,,44,,1,21,121.5216552,25.0495784
113,11,23,0,50,2,03中山區,中山區中山北路1段與長安東路1段口,0,0,2,3,B01,8,5,5,50,4,2,1,5,4,5,13,1,1,1,4,1,2,17,1,68,4,11,3,4,7,21,7,19,11,17,,44,,2,22,121.5216552,25.0495784
113,11,23,1,22,2,03中山區,中山區新生北路1段與長安東路1段口,0,0,1,2,C03,7,5,5,50,4,1,1,5,4,5,13,4,4,5,4,5,2,16,1,18,2,9,5,1,7,9,1,10,1,14,,44,,1,22,121.5291904,25.0481918
113,11,23,1,22,2,03中山區,中山區新生北路1段與長安東路1段口,0,0,1,1,B01,7,5,5,50,4,1,1,5,4,5,13,4,4,5,4,5,2,16,1,62,3,10,7,1,7,6,1,4,1,2,,9,,1,22,121.5291904,25.0481918
113,11,23,2,9,2,05中正區,中正區中華路1段與忠孝西路1段口,0,0,1,2,C03,8,5,5,50,4,1,1,5,4,5,13,2,1,1,4,5,2,16,1,26,2,9,5,1,7,9,1,10,2,12,,44,,1,23,121.5101008,25.04807914
113,11,23,2,9,2,05中正區,中正區中華路1段與忠孝西路1段口,0,0,1,1,C03,8,5,5,50,4,1,1,5,4,5,13,2,1,1,4,5,2,16,2,22,3,10,5,1,7,5,1,10,9,17,,8,,1,22,121.5101008,25.04807914
113,11,23,3,56,2,08士林區,士林區延平北路5段與延平北路5段163巷口,0,0,2,1,F01,8,5,5,50,3,1,1,5,4,5,13,1,1,1,4,5,2,17,1,75,2,9,4,1,7,11,8,20,1,15,,10,,1,21,121.5102237,25.0824314
113,11,23,3,56,2,08士林區,士林區延平北路5段與延平北路5段163巷口,0,0,2,2,C03,8,5,5,50,3,1,1,5,4,5,13,1,1,1,4,5,2,17,2,43,2,9,6,4,7,9,1,10,1,15,,44,,1,21,121.5102237,25.0824314
113,11,23,4,30,2,02萬華區,萬華區西園路2段與西園路2段261巷口,0,0,2,1,C03,7,5,5,50,3,1,1,5,4,5,13,2,1,1,4,5,2,3,1,64,2,8,5,1,7,9,1,10,2,11,,42,,1,22,121.4926349,25.0259152
113,11,23,4,30,2,02萬華區,萬華區西園路2段與西園路2段261巷口,0,0,2,2,H01,7,5,5,50,3,1,1,5,4,5,13,2,1,1,4,5,2,3,2,80,2,9,4,5,8,16,8,20,10,16,,122,,1,22,121.4926349,25.0259152
113,11,23,4,40,2,03中山區,中山區民族西路2號,0,0,1,1,B03,7,5,5,50,14,9,1,5,4,5,13,4,4,8,5,5,2,3,1,69,3,10,7,1,7,9,1,8,1,8,,108,,1,21,121.5219292,25.0685073
113,11,23,4,40,2,03中山區,中山區民族西路2號,0,0,1,2,H01,7,5,5,50,14,9,1,5,4,5,13,4,4,8,5,5,2,3,2,31,2,9,4,5,8,16,8,20,9,16,,121,,1,21,121.5219292,25.0685073
113,11,23,6,21,2,02萬華區,萬華區西園路2段243-3號,0,0,1,1,B02,7,6,5,50,14,9,1,5,4,5,13,4,4,1,4,5,2,13,1,19,3,10,3,4,7,9,3,18,1,5,,108,,1,22,121.4933648,25.0265088
113,11,23,6,21,2,02萬華區,萬華區西園路2段243-3號,0,0,1,2,C03,7,6,5,50,14,9,1,5,4,5,13,4,4,1,4,5,2,13,1,51,2,9,3,4,7,9,1,10,1,13,,44,,1,22,121.4933648,25.0265088
113,11,23,6,38,2,12內湖區,內湖區民權東路6段296巷與康寧路3段26巷口,0,0,1,1,C03,7,6,5,30,4,1,1,5,4,5,13,4,4,5,5,5,2,16,1,64,2,9,5,1,7,5,1,10,1,12,,74,,1,21,121.6076588,25.071267
113,11,23,6,38,2,12內湖區,內湖區民權東路6段296巷與康寧路3段26巷口,0,0,1,2,B03,7,6,5,30,4,1,1,5,4,5,13,4,4,5,5,5,2,16,1,66,3,10,7,1,7,9,1,8,1,8,,44,,1,21,121.6076588,25.071267
113,11,23,7,24,2,07信義區,信義區福德街284號,0,0,1,1,C02,7,7,5,50,14,18,1,5,4,5,13,4,4,5,2,5,2,3,1,29,3,10,5,1,7,9,1,9,2,11,,70,,1,21,121.5866194,25.03901023
113,11,23,7,24,2,07信義區,信義區福德街284號,0,0,1,2,H01,7,7,5,50,14,18,1,5,4,5,13,4,4,5,2,5,2,3,2,12,2,1,4,5,8,16,8,20,10,16,,67,,1,14,121.5866194,25.03901023
113,11,23,7,27,2,09北投區,北投區軟橋街與士科路口,0,0,1,1,C03,8,6,5,50,3,1,1,5,4,5,13,4,4,5,5,5,2,17,1,79,3,10,5,1,7,5,1,7,2,17,,73,,1,26,121.5149902,25.0997723