發生年度,發生月,發生日,發生時-Hours,發生分,處理別-編號,區序,肇事地點,死亡人數,2-30日死亡人數,受傷人數,當事人序號,車種,天候,道路照明設備,道路類別,速限-速度限制,道路型態,事故位置,路面狀況1,路面狀況2,路面狀況3,道路障礙1,道路障礙2,號誌1,號誌2,車道劃分-分向,車道劃分-分道1,車道劃分-分道2,車道劃分-分道3,事故類型及型態,性別,年齡,受傷程度,主要傷處,保護裝置,行動電話,車輛用途,當事者行動狀態,駕駛資格情形,駕駛執照種類,飲酒情形,車輛撞擊部位1,車輛撞擊部位2,肇因碼-個別,肇因碼-主要,個人肇逃否,職業,座標-X,座標-Y
113,11,23,7,27,2,09北投區,北投區軟橋街與士科路口,0,0,1,2,C03,8,6,5,50,3,1,1,5,4,5,13,4,4,5,5,5,2,17,1,20,2,9,6,1,7,9,6,10,2,12,,14,,1,26,121.5149902,25.0997723
113,11,23,7,34,2,06松山區,松山區民生東路5段與塔悠路口,0,0,2,1,C04,7,7,5,50,3,1,1,5,4,5,13,2,1,9,4,5,2,17,2,54,2,9,6,1,7,8,1,11,1,12,,100,,1,22,121.5688692,25.0593796
113,11,23,7,34,2,06松山區,松山區民生東路5段與塔悠路口,0,0,2,2,C03,7,7,5,50,3,1,1,5,4,5,13,2,1,9,4,5,2,17,1,54,2,9,6,1,7,9,1,10,1,14,,44,,1,22,121.5688692,25.0593796
113,11,23,7,36,2,04大安區,大安區辛亥路3段81號,0,0,4,2,C03,7,6,5,50,14,9,1,5,4,5,13,4,4,1,4,5,2,17,1,39,2,9,5,1,7,9,1,10,1,11,,16,,1,22,121.5464841,25.0196116
113,11,23,7,36,2,04大安區,大安區辛亥路3段81號,0,0,4,4,C03,7,6,5,50,14,9,1,5,4,5,13,4,4,1,4,5,2,17,2,33,3,10,5,1,7,9,1,10,1,11,,44,,1,22,121.5464841,25.0196116
113,11,23,7,36,2,04大安區,大安區辛亥路3段81號,0,0,4,5,C03,7,6,5,50,14,9,1,5,4,5,13,4,4,1,4,5,2,17,2,49,2,8,5,1,7,9,1,10,1,14,,44,,1,22,121.5464841,25.0196116
113,11,23,7,36,2,04大安區,大安區辛亥路3段81號,0,0,4,1,C03,7,6,5,50,14,9,1,5,4,5,13,4,4,1,4,5,2,17,2,46,3,10,5,1,7,7,1,10,1,17,,100,,1,22,121.5464841,25.0196116
113,11,23,7,36,2,04大安區,大安區辛亥路3段81號,0,0,4,7,C03,7,6,5,50,14,9,1,5,4,5,13,4,4,1,4,5,2,17,1,54,3,10,5,1,7,9,1,10,1,12,,44,,1,22,121.5464841,25.0196116
113,11,23,7,36,2,04大安區,大安區辛亥路3段81號,0,0,4,6,C03,7,6,5,50,14,9,1,5,4,5,13,4,4,1,4,5,2,17,2,56,2,8,5,1,7,15,1,10,1,13,,102,,1,22,121.5464841,25.0196116
113,11,23,7,36,2,04大安區,大安區辛亥路3段81號,0,0,4,3,H02,7,6,5,50,14,9,1,5,4,5,13,4,4,1,4,5,2,17,2,38,2,6,5,5,7,17,8,20,10,16,,67,,1,22,121.5464841,25.0196116
113,11,23,7,44,2,03中山區,中山區吉林路299巷32號,0,0,1,1,C03,7,5,5,30,14,9,1,5,4,5,13,4,4,10,5,5,2,29,1,28,2,9,3,4,7,9,1,10,1,11,,118,,1,21,121.5313395,25.0630322
113,11,23,7,44,2,03中山區,中山區吉林路299巷32號,0,0,1,2,C03,7,5,5,30,14,9,1,5,4,5,13,4,4,10,5,5,2,29,3,0,,,,,,,,,,,,67,,1,,121.5313395,25.0630322
113,11,23,7,44,2,03中山區,中山區吉林路299巷32號,0,0,1,3,C03,7,5,5,30,14,9,1,5,4,5,13,4,4,10,5,5,2,29,3,0,,,,,,,,,,,,67,,1,,121.5313395,25.0630322
113,11,23,7,44,2,03中山區,中山區吉林路299巷32號,0,0,1,4,C03,7,5,5,30,14,9,1,5,4,5,13,4,4,10,5,5,2,29,3,0,,,,,,,,,,,,67,,1,,121.5313395,25.0630322
113,11,23,7,44,2,03中山區,中山區吉林路299巷32號,0,0,1,5,C03,7,5,5,30,14,9,1,5,4,5,13,4,4,10,5,5,2,29,3,0,,,,,,,,,,,,67,,1,,121.5313395,25.0630322
113,11,23,7,44,2,03中山區,中山區吉林路299巷32號,0,0,1,6,H01,7,5,5,30,14,9,1,5,4,5,13,4,4,10,5,5,2,29,3,0,,,,,,,,,,,,67,,1,,121.5313395,25.0630322
113,11,23,9,18,2,04大安區,大安區金華街181號,0,0,1,1,B03,7,6,5,50,14,9,1,5,4,5,13,4,4,5,5,5,2,17,2,69,3,10,7,1,7,14,1,8,1,15,,108,,1,21,121.5269267,25.03018251
113,11,23,9,18,2,04大安區,大安區金華街181號,0,0,1,2,C03,7,6,5,50,14,9,1,5,4,5,13,4,4,5,5,5,2,17,2,30,2,8,6,1,7,15,1,10,1,13,,42,,1,21,121.5269267,25.03018251
113,11,23,9,20,2,10文山區,文山區新光路1段31巷與指南路2段45巷24弄口,0,0,1,1,C03,7,7,5,30,4,1,1,5,4,5,13,4,4,10,5,5,2,15,1,20,2,9,5,1,7,9,1,10,1,11,,72,,1,21,121.5749277,24.9898632
113,11,23,9,20,2,10文山區,文山區新光路1段31巷與指南路2段45巷24弄口,0,0,1,2,B03,7,7,5,30,4,1,1,5,4,5,13,4,4,10,5,5,2,15,1,27,3,10,7,1,7,9,1,8,1,2,,14,,1,21,121.5749277,24.9898632
113,11,23,9,39,2,11南港區,南港區南港路3段256巷與南港路3段口,0,0,1,1,C03,7,6,5,30,14,9,1,5,4,5,13,4,4,10,5,5,2,17,2,29,2,9,3,4,7,9,1,10,1,14,,5,,1,21,121.5836249,25.0522989
113,11,23,9,39,2,11南港區,南港區南港路3段256巷與南港路3段口,0,0,1,2,B03,7,6,5,30,14,9,1,5,4,5,13,4,4,10,5,5,2,17,1,46,3,10,3,4,7,9,1,8,1,4,,44,,1,21,121.5836249,25.0522989
113,11,23,10,0,2,09北投區,北投區尊賢街230巷與吉利街142巷口,0,0,1,1,C03,8,6,6,30,4,1,1,5,4,5,13,4,4,10,5,5,2,11,4,0,,,,,,,,,,,,119,,2,,121.5082488,25.1163446
113,11,23,10,0,2,09北投區,北投區尊賢街230巷與吉利街142巷口,0,0,1,2,C03,8,6,6,30,4,1,1,5,4,5,13,4,4,10,5,5,2,11,1,71,2,8,5,1,7,14,1,10,2,17,,44,,1,21,121.5082488,25.1163446
113,11,23,10,25,2,04大安區,大安區信義路3段152巷與信義路3段口,0,0,2,1,C03,7,5,5,30,3,2,1,5,4,5,13,4,4,10,5,5,2,17,1,29,2,8,6,1,7,9,1,10,1,11,,14,,1,21,121.5408011,25.0332829
113,11,23,10,25,2,04大安區,大安區信義路3段152巷與信義路3段口,0,0,2,2,F02,7,5,5,30,3,2,1,5,4,5,13,4,4,10,5,5,2,17,1,60,2,9,4,1,7,9,8,20,1,11,,53,,1,21,121.5408011,25.0332829
113,11,23,10,37,2,09北投區,北投區西安街1段與西安街1段313巷口,0,0,1,1,C03,8,6,5,50,3,1,1,5,4,5,13,4,4,10,4,5,2,13,1,71,2,9,6,1,7,9,1,9,1,11,,16,,1,26,121.5162669,25.11303959
113,11,23,10,37,2,09北投區,北投區西安街1段與西安街1段313巷口,0,0,1,2,B03,8,6,5,50,3,1,1,5,4,5,13,4,4,10,4,5,2,13,1,51,3,10,7,1,7,15,1,8,1,7,,44,,1,26,121.5162669,25.11303959
113,11,23,10,50,2,07信義區,信義區市民大道5段與光復南路口,0,0,1,1,B03,8,6,5,50,4,1,1,5,4,5,13,1,1,3,4,5,2,12,1,41,3,10,3,4,7,8,1,8,9,6,,86,,1,21,121.5577862,25.0450166
113,11,23,10,50,2,07信義區,信義區市民大道5段與光復南路口,0,0,1,2,C03,8,6,5,50,4,1,1,5,4,5,13,1,1,3,4,5,2,12,1,18,2,7,5,1,7,8,1,10,9,11,,44,,1,21,121.5577862,25.0450166
113,11,23,10,59,2,08士林區,士林區至善路3段76號,0,0,1,1,H01,8,7,5,40,14,9,1,5,4,5,13,4,4,5,4,5,1,9,1,73,2,9,4,5,8,16,8,20,10,16,,121,,1,21,121.5666465,25.11341712
113,11,23,10,59,2,08士林區,士林區至善路3段76號,0,0,1,2,B02,8,7,5,40,14,9,1,5,4,5,13,4,4,5,4,5,1,9,2,57,3,10,7,1,7,12,1,8,2,3,,13,,1,21,121.5666465,25.11341712
113,11,23,10,59,2,08士林區,士林區至善路3段76號,0,0,1,3,B03,8,7,5,40,14,9,1,5,4,5,13,4,4,5,4,5,1,9,2,29,3,10,7,1,7,12,1,8,2,1,,16,,1,21,121.5666465,25.11341712
113,11,23,11,5,2,04大安區,大安區光復南路420巷與光復南路口側附近口,0,0,1,1,C03,7,6,5,50,3,1,1,5,4,5,13,1,1,1,3,5,2,17,2,22,2,9,6,1,7,9,1,10,1,14,,101,,1,21,121.5574907,25.0364718
113,11,23,11,5,2,04大安區,大安區光復南路420巷與光復南路口側附近口,0,0,1,2,B12,7,6,5,50,3,1,1,5,4,5,13,1,1,1,3,5,2,17,1,35,3,10,7,1,7,9,1,4,1,2,,44,,1,21,121.5574907,25.0364718
113,11,23,11,5,2,04大安區,大安區光復南路420巷與光復南路口側附近口,0,0,1,3,B03,7,6,5,50,3,1,1,5,4,5,13,1,1,1,3,5,2,17,1,41,3,10,7,1,7,14,1,8,1,6,,44,,1,21,121.5574907,25.0364718
113,11,23,11,20,2,03中山區,中山區美堤河濱公園道路,0,0,2,1,F01,7,6,8,0,14,20,1,5,4,5,13,4,4,10,5,5,2,13,2,28,2,9,4,1,7,9,8,20,1,11,,108,,1,22,121.5519224,25.0765881
113,11,23,11,20,2,03中山區,中山區美堤河濱公園道路,0,0,2,2,F01,7,6,8,0,14,20,1,5,4,5,13,4,4,10,5,5,2,13,1,5,2,7,4,1,7,9,8,20,1,12,,101,,1,22,121.5519224,25.0765881
113,11,23,11,37,2,05中正區,中正區中華路2段317號,0,0,1,1,C03,7,7,5,40,14,8,1,5,4,5,13,4,4,9,4,4,2,13,1,70,2,8,5,1,7,9,1,10,2,11,,16,,1,22,121.5062634,25.0276959
113,11,23,11,37,2,05中正區,中正區中華路2段317號,0,0,1,2,B01,7,7,5,40,14,8,1,5,4,5,13,4,4,9,4,4,2,13,1,69,3,10,7,1,7,14,1,4,2,6,,44,,1,22,121.5062634,25.0276959
113,11,23,12,6,2,10文山區,文山區木柵路4段74號旁,0,0,2,1,B12,7,6,5,50,22,9,1,5,4,5,13,1,1,10,4,4,2,12,1,56,3,10,7,1,7,8,1,8,2,2,,101,,2,21,121.5743806,24.9979323
113,11,23,12,6,2,10文山區,文山區木柵路4段74號旁,0,0,2,2,C03,7,6,5,50,22,9,1,5,4,5,13,1,1,10,4,4,2,12,2,45,2,9,6,1,7,9,1,10,2,14,,44,,1,21,121.5743806,24.9979323
113,11,23,12,6,2,10文山區,文山區木柵路4段74號旁,0,0,2,3,H02,7,6,5,50,22,9,1,5,4,5,13,1,1,10,4,4,2,12,2,8,2,8,5,5,7,21,8,20,10,16,,67,,1,14,121.5743806,24.9979323
113,11,23,12,30,2,09北投區,北投區致遠一路2段與致遠一路2段11巷口,0,0,2,1,C03,8,6,5,50,4,1,1,5,4,5,13,4,4,5,5,5,2,13,2,56,2,9,5,1,7,15,1,10,1,12,,44,,1,26,121.514464,25.1109791
113,11,23,12,30,2,09北投區,北投區致遠一路2段與致遠一路2段11巷口,0,0,2,2,C03,8,6,5,50,4,1,1,5,4,5,13,4,4,5,5,5,2,13,2,58,2,8,5,1,7,9,1,10,1,11,,108,,1,26,121.514464,25.1109791
113,11,23,12,45,2,09北投區,北投區承德路7段90號,0,0,2,1,B12,8,6,5,60,14,9,1,5,4,5,13,4,4,9,4,5,2,16,1,66,3,10,7,1,7,8,1,8,1,2,,80,,1,21,121.5105798,25.1114695
113,11,23,12,45,2,09北投區,北投區承德路7段90號,0,0,2,2,C03,8,6,5,60,14,9,1,5,4,5,13,4,4,9,4,5,2,16,2,57,2,9,5,1,7,9,1,10,1,14,,44,,1,21,121.5105798,25.1114695
113,11,23,12,45,2,09北投區,北投區承德路7段90號,0,0,2,3,H02,8,6,5,60,14,9,1,5,4,5,13,4,4,9,4,5,2,16,1,21,2,8,5,5,7,20,8,20,10,16,,67,,1,21,121.5105798,25.1114695
113,11,23,12,57,2,07信義區,信義區崇德街與信安街口,0,0,2,1,C03,8,7,5,50,4,1,1,5,4,5,13,2,1,9,4,5,1,16,1,85,2,9,5,1,7,5,3,18,9,11,,71,,2,21,121.5557998,25.0240178
113,11,23,12,57,2,07信義區,信義區崇德街與信安街口,0,0,2,2,C03,8,7,5,50,4,1,1,5,4,5,13,2,1,9,4,5,1,16,1,28,2,9,5,1,7,9,1,10,1,11,,13,,1,21,121.5557998,25.0240178
113,11,23,13,3,2,07信義區,信義區和平東路3段391巷與和平東路3段391巷8弄口,0,0,1,1,B03,8,7,5,30,4,2,1,5,4,5,13,4,4,10,5,5,2,14,1,27,3,10,3,4,7,2,1,4,1,3,,12,,1,21,121.5579345,25.0201491
113,11,23,13,3,2,07信義區,信義區和平東路3段391巷與和平東路3段391巷8弄口,0,0,1,2,C03,8,7,5,30,4,2,1,5,4,5,13,4,4,10,5,5,2,14,1,45,2,7,3,4,7,14,1,10,1,11,,44,,1,21,121.5579345,25.0201491
113,11,23,13,25,2,09北投區,北投區文承路與北科路口,0,0,1,1,C03,7,6,5,50,4,2,1,5,4,5,13,1,1,5,4,5,1,11,1,41,2,9,5,1,7,9,6,10,1,11,,42,,1,21,121.5155458,25.1050676
113,11,23,13,25,2,09北投區,北投區文承路與北科路口,0,0,1,2,G03,7,6,5,50,4,2,1,5,4,5,13,1,1,5,4,5,1,11,1,64,3,10,7,1,7,9,1,5,1,16,,44,,1,21,121.5155458,25.1050676
113,11,23,13,30,2,06松山區,松山區八德路2段與八德路2段451巷口,0,0,1,1,C03,7,6,5,50,4,2,1,5,4,5,13,2,1,5,4,5,2,12,1,26,3,10,6,1,7,7,1,10,1,14,,100,,1,22,121.547404,25.04816
113,11,23,13,30,2,06松山區,松山區八德路2段與八德路2段451巷口,0,0,1,2,B03,7,6,5,50,4,2,1,5,4,5,13,2,1,5,4,5,2,12,1,49,3,10,7,1,7,9,1,8,1,2,,42,,1,22,121.547404,25.04816
113,11,23,13,30,2,06松山區,松山區八德路2段與八德路2段451巷口,0,0,1,3,H02,7,6,5,50,4,2,1,5,4,5,13,2,1,5,4,5,2,12,2,36,2,8,6,5,7,20,8,20,10,16,,67,,1,22,121.547404,25.04816
113,11,23,13,32,2,05中正區,中正區中華路2段371號,0,0,1,1,B03,7,7,5,50,14,9,1,5,4,5,13,4,4,9,4,4,2,17,1,77,3,10,7,1,7,6,1,8,1,5,,9,,1,22,121.507472,25.0265082
113,11,23,13,32,2,05中正區,中正區中華路2段371號,0,0,1,2,C03,7,7,5,50,14,9,1,5,4,5,13,4,4,9,4,4,2,17,1,47,2,8,5,1,7,9,1,9,1,14,,44,,1,22,121.507472,25.0265082
113,11,23,13,38,2,07信義區,信義區松山路262號,0,0,1,1,B03,7,7,5,50,14,9,1,5,4,5,13,4,4,1,4,5,2,12,1,43,3,10,7,1,7,9,1,8,1,2,,101,,1,22,121.5777364,25.0437743
113,11,23,13,38,2,07信義區,信義區松山路262號,0,0,1,2,C03,7,7,5,50,14,9,1,5,4,5,13,4,4,1,4,5,2,12,1,24,2,7,6,1,7,9,1,10,1,11,,44,,1,22,121.5777364,25.0437743
113,11,23,13,45,2,12內湖區,內湖區港墘路127巷10號,0,0,1,1,C03,7,6,5,50,14,9,1,5,4,5,13,4,4,5,5,5,2,17,2,46,2,8,6,1,7,2,1,10,2,13,,44,,1,21,121.5764148,25.0778355
113,11,23,13,45,2,12內湖區,內湖區港墘路127巷10號,0,0,1,2,B03,7,6,5,50,14,9,1,5,4,5,13,4,4,5,5,5,2,17,1,68,3,10,7,1,7,9,1,8,2,5,,105,,1,21,121.5764148,25.0778355
113,11,23,13,48,2,06松山區,松山區南京東路4段133巷與南京東路4段133巷4弄口,0,0,1,1,B03,7,6,5,30,4,2,1,5,4,5,13,4,4,8,3,5,2,17,1,48,3,10,3,4,7,13,1,8,1,2,,118,,1,21,121.5550867,25.0520814
113,11,23,13,48,2,06松山區,松山區南京東路4段133巷與南京東路4段133巷4弄口,0,0,1,2,F01,7,6,5,30,4,2,1,5,4,5,13,4,4,8,3,5,2,17,2,25,2,9,4,1,7,9,8,20,1,11,,118,,1,21,121.5550867,25.0520814
113,11,23,13,48,2,06松山區,松山區南京東路4段133巷與南京東路4段133巷4弄口,0,0,1,3,H02,7,6,5,30,4,2,1,5,4,5,13,4,4,8,3,5,2,17,2,48,3,10,4,5,7,19,8,20,10,16,,126,,1,21,121.5550867,25.0520814
113,11,23,13,51,2,04大安區,大安區羅斯福路3段297號,0,0,1,1,B03,7,6,5,50,14,9,1,5,4,5,13,1,1,1,3,5,2,17,2,43,3,10,7,1,7,9,1,4,1,6,,44,,1,21,121.5316882,25.0174428
113,11,23,13,51,2,04大安區,大安區羅斯福路3段297號,0,0,1,2,C03,7,6,5,50,14,9,1,5,4,5,13,1,1,1,3,5,2,17,1,35,3,10,6,1,7,9,1,10,1,11,,16,,1,21,121.5316882,25.0174428
113,11,23,13,51,2,04大安區,大安區羅斯福路3段297號,0,0,1,3,C03,7,6,5,50,14,9,1,5,4,5,13,1,1,1,3,5,2,17,2,44,2,7,6,1,7,9,1,10,1,11,,44,,1,21,121.5316882,25.0174428
113,11,23,15,20,2,12內湖區,內湖區金湖路與星雲街口,0,0,2,1,B03,7,6,5,50,3,1,1,5,4,5,13,2,1,3,4,5,2,13,1,41,3,10,7,1,7,5,1,8,2,17,,74,,1,21,121.5974646,25.0814571
113,11,23,15,20,2,12內湖區,內湖區金湖路與星雲街口,0,0,2,2,C03,7,6,5,50,3,1,1,5,4,5,13,2,1,3,4,5,2,13,1,23,3,10,6,1,6,9,1,10,2,13,,44,,1,21,121.5974646,25.0814571
113,11,23,15,20,2,12內湖區,內湖區金湖路與星雲街口,0,0,2,3,C03,7,6,5,50,3,1,1,5,4,5,13,2,1,3,4,5,2,13,1,22,2,9,6,1,7,9,1,9,2,11,,108,,1,21,121.5974646,25.0814571
113,11,23,15,20,2,12內湖區,內湖區金湖路與星雲街口,0,0,2,4,H02,7,6,5,50,3,1,1,5,4,5,13,2,1,3,4,5,2,13,2,22,2,8,5,5,7,21,8,20,10,17,,67,,1,21,121.5974646,25.0814571
113,11,23,15,42,2,01大同區,大同區延平北路2段與保安街口,0,0,1,1,B03,7,6,5,50,5,1,1,5,4,5,13,2,1,5,4,5,2,17,2,29,3,10,7,1,7,11,1,8,1,8,,10,,1,21,121.5114639,25.0589068
113,11,23,15,42,2,01大同區,大同區延平北路2段與保安街口,0,0,1,2,C03,7,6,5,50,5,1,1,5,4,5,13,2,1,5,4,5,2,17,2,60,2,9,6,1,7,9,1,10,1,12,,44,,1,21,121.5114639,25.0589068
113,11,23,15,50,2,08士林區,士林區社正路與社中街33巷口,0,0,2,1,C03,7,7,5,50,5,1,1,5,4,5,13,4,4,5,1,5,1,15,1,20,2,9,5,1,7,9,1,10,1,11,,80,,1,21,121.5096902,25.08896859
113,11,23,15,50,2,08士林區,士林區社正路與社中街33巷口,0,0,2,2,C03,7,7,5,50,5,1,1,5,4,5,13,4,4,5,1,5,1,15,2,27,2,9,5,1,7,9,1,10,1,11,,44,,1,21,121.5096902,25.08896859
113,11,23,16,5,2,01大同區,大同區承德路3段與敦煌路口,0,0,1,1,C03,8,5,5,50,4,1,1,5,4,5,13,1,1,1,4,1,2,16,1,67,2,9,5,1,7,9,6,10,2,14,,44,,1,21,121.5202114,25.0752722
113,11,23,16,5,2,01大同區,大同區承德路3段與敦煌路口,0,0,1,2,B03,8,5,5,50,4,1,1,5,4,5,13,1,1,1,4,1,2,16,2,39,3,10,2,1,7,5,1,8,2,1,,71,,1,21,121.5202114,25.0752722
113,11,23,16,11,2,07信義區,信義區福德街251巷12號,0,0,1,1,B03,7,6,5,30,11,9,1,5,4,5,13,4,4,10,5,5,2,17,1,34,3,10,3,4,7,5,1,8,1,8,,108,,1,22,121.5862519,25.0376115
113,11,23,16,11,2,07信義區,信義區福德街251巷12號,0,0,1,2,C03,7,6,5,30,11,9,1,5,4,5,13,4,4,10,5,5,2,17,1,49,2,8,3,4,7,6,1,10,1,11,,44,,1,22,121.5862519,25.0376115
113,11,23,16,20,2,02萬華區,萬華區內江街與雅江街口,0,0,2,1,C03,8,7,5,30,4,1,1,5,4,5,13,4,4,8,5,5,2,15,2,40,2,9,6,1,7,9,1,10,1,14,,72,,1,21,121.5015779,25.0417543
113,11,23,16,20,2,02萬華區,萬華區內江街與雅江街口,0,0,2,2,C03,8,7,5,30,4,1,1,5,4,5,13,4,4,8,5,5,2,15,1,26,2,7,6,1,7,9,1,10,1,12,,14,,1,21,121.5015779,25.0417543
113,11,23,17,3,2,12內湖區,內湖區民權東路6段190巷與民權東路6段口,0,0,1,1,B02,7,6,5,50,3,1,1,5,4,5,13,4,4,1,4,5,2,16,1,47,3,10,3,4,7,6,1,8,1,2,,9,,1,22,121.5943394,25.0687292
113,11,23,17,3,2,12內湖區,內湖區民權東路6段190巷與民權東路6段口,0,0,1,2,C03,7,6,5,50,3,1,1,5,4,5,13,4,4,1,4,5,2,16,1,43,2,8,6,1,7,9,1,10,1,14,,44,,1,22,121.5943394,25.0687292
113,11,23,17,23,2,01大同區,大同區鄭州路與西寧北路口,0,0,1,1,B03,7,5,5,40,5,1,1,5,4,5,13,2,1,1,4,5,2,17,2,47,3,10,7,1,7,9,1,8,1,5,,99,,1,21,121.5081913,25.0505799
113,11,23,17,23,2,01大同區,大同區鄭州路與西寧北路口,0,0,1,2,C03,7,5,5,40,5,1,1,5,4,5,13,2,1,1,4,5,2,17,1,32,3,10,6,1,7,5,1,10,1,14,,8,,1,21,121.5081913,25.0505799
113,11,23,17,23,2,01大同區,大同區鄭州路與西寧北路口,0,0,1,3,H02,7,5,5,40,5,1,1,5,4,5,13,2,1,1,4,5,2,17,2,31,2,8,6,5,7,17,8,20,10,16,,67,,1,21,121.5081913,25.0505799
113,11,23,17,28,2,10文山區,文山區木柵路4段與木柵路4段159巷口,0,0,1,1,B03,7,6,5,50,3,2,1,5,4,5,13,1,1,10,5,5,2,17,1,112,4,11,3,4,7,6,7,19,11,17,,118,,1,21,121.5756658,24.9998013
113,11,23,17,28,2,10文山區,文山區木柵路4段與木柵路4段159巷口,0,0,1,2,C03,7,6,5,50,3,2,1,5,4,5,13,1,1,10,5,5,2,17,1,42,3,10,6,1,7,14,1,10,9,17,,44,,1,21,121.5756658,24.9998013
113,11,23,17,28,2,10文山區,文山區木柵路4段與木柵路4段159巷口,0,0,1,3,H02,7,6,5,50,3,2,1,5,4,5,13,1,1,10,5,5,2,17,1,65,2,7,6,5,7,20,8,20,10,17,,67,,1,21,121.5756658,24.9998013
113,11,23,17,44,2,10文山區,文山區萬壽橋（東往西）,0,0,2,1,C03,8,5,5,50,14,9,1,5,4,5,13,4,4,1,4,5,2,17,1,50,2,9,3,4,7,15,1,10,1,11,,42,,1,22,121.5716225,24.99169478
113,11,23,17,44,2,10文山區,文山區萬壽橋（東往西）,0,0,2,2,C03,8,5,5,50,14,9,1,5,4,5,13,4,4,1,4,5,2,17,1,33,2,9,3,4,7,9,1,10,1,11,,42,,1,22,121.5716225,24.99169478
113,11,23,17,44,2,10文山區,文山區萬壽橋（東往西）,0,0,2,3,B03,8,5,5,50,14,9,1,5,4,5,13,4,4,1,4,5,2,17,2,64,3,10,3,4,7,14,1,8,1,6,,44,,1,22,121.5716225,24.99169478
113,11,23,17,55,2,07信義區,信義區松壽路2號,0,0,1,1,C03,7,5,5,50,14,9,1,5,4,5,13,4,4,9,4,5,2,13,1,44,2,8,6,1,7,5,1,10,1,13,,8,,1,21,121.5630508,25.0359055
113,11,23,17,55,2,07信義區,信義區松壽路2號,0,0,1,2,B03,7,5,5,50,14,9,1,5,4,5,13,4,4,9,4,5,2,13,2,48,3,10,7,1,7,9,1,8,1,1,,44,,1,21,121.5630508,25.0359055
113,11,23,17,58,2,05中正區,中正區羅斯福路3段62號,0,0,2,2,C03,7,5,5,50,14,9,1,5,4,5,13,1,1,1,4,5,2,12,2,38,2,8,5,1,7,14,1,10,2,12,,44,,1,22,121.5260783,25.0223622
113,11,23,17,58,2,05中正區,中正區羅斯福路3段62號,0,0,2,1,C03,7,5,5,50,14,9,1,5,4,5,13,1,1,1,4,5,2,12,2,77,2,9,5,1,7,9,1,10,2,14,,108,,1,22,121.5260783,25.0223622
113,11,23,18,5,2,08士林區,士林區延平北路7段106巷與延平北路7段106巷口旁,0,0,1,1,,8,5,5,30,11,9,1,5,4,5,13,4,4,10,5,5,1,17,4,0,4,11,3,4,7,9,7,19,9,15,,119,,2,22,121.4961611,25.1012614
113,11,23,18,5,2,08士林區,士林區延平北路7段106巷與延平北路7段106巷口旁,0,0,1,2,C03,8,5,5,30,11,9,1,5,4,5,13,4,4,10,5,5,1,17,1,26,2,9,3,4,7,9,1,10,1,11,,16,,1,21,121.4961611,25.1012614
113,11,23,18,5,2,08士林區,士林區延平北路7段106巷與延平北路7段106巷口旁,0,0,1,3,B03,8,5,5,30,11,9,1,5,4,5,13,4,4,10,5,5,1,17,1,26,3,10,3,4,7,9,1,8,1,3,,44,,1,21,121.4961611,25.1012614
113,11,23,18,34,2,10文山區,文山區木柵路5段與文和橋口,0,0,2,1,B12,7,5,5,50,3,1,1,5,4,5,13,1,1,5,4,5,2,16,1,44,3,10,7,1,7,5,1,8,2,2,,8,,1,21,121.5949802,25.0016748
113,11,23,18,34,2,10文山區,文山區木柵路5段與文和橋口,0,0,2,2,C03,7,5,5,50,3,1,1,5,4,5,13,1,1,5,4,5,2,16,2,22,2,9,5,1,7,9,1,10,2,11,,44,,1,21,121.5949802,25.0016748
113,11,23,18,34,2,10文山區,文山區木柵路5段與文和橋口,0,0,2,3,H02,7,5,5,50,3,1,1,5,4,5,13,1,1,5,4,5,2,16,1,23,2,9,5,5,7,20,8,20,10,16,,67,,1,21,121.5949802,25.0016748
113,11,23,18,34,2,07信義區,信義區福德街84巷與福德街口側附近口,0,0,2,1,B03,7,5,5,30,4,2,1,5,4,1,11,1,1,10,4,5,2,15,1,57,2,3,7,4,7,9,1,8,2,1,,13,,1,21,121.5814818,25.0371953
113,11,23,18,34,2,07信義區,信義區福德街84巷與福德街口側附近口,0,0,2,2,B02,7,5,5,30,4,2,1,5,4,1,11,1,1,10,4,5,2,15,1,25,3,10,7,4,7,11,1,8,2,2,,98,,1,21,121.5814818,25.0371953
113,11,23,18,34,2,07信義區,信義區福德街84巷與福德街口側附近口,0,0,2,3,H02,7,5,5,30,4,2,1,5,4,1,11,1,1,10,4,5,2,15,2,25,2,8,7,5,7,17,8,20,10,16,,44,,1,21,121.5814818,25.0371953
113,11,23,18,34,2,07信義區,信義區福德街84巷與福德街口側附近口,0,0,2,4,,7,5,5,30,4,2,1,5,4,1,11,1,1,10,4,5,2,15,3,44,,,,,,,,,,,,67,,1,,121.5814818,25.0371953
113,11,23,18,47,2,05中正區,中正區汀州路3段與汀州路3段160巷口,0,0,1,1,C03,8,5,5,50,4,1,1,5,4,5,13,2,1,5,4,5,2,16,2,27,3,10,5,1,7,11,1,10,9,13,,10,,2,21,121.5345283,25.0134352