發生年度,發生月,發生日,發生時-Hours,發生分,處理別-編號,區序,肇事地點,死亡人數,2-30日死亡人數,受傷人數,當事人序號,車種,天候,道路照明設備,道路類別,速限-速度限制,道路型態,事故位置,路面狀況1,路面狀況2,路面狀況3,道路障礙1,道路障礙2,號誌1,號誌2,車道劃分-分向,車道劃分-分道1,車道劃分-分道2,車道劃分-分道3,事故類型及型態,性別,年齡,受傷程度,主要傷處,保護裝置,行動電話,車輛用途,當事者行動狀態,駕駛資格情形,駕駛執照種類,飲酒情形,車輛撞擊部位1,車輛撞擊部位2,肇因碼-個別,肇因碼-主要,個人肇逃否,職業,座標-X,座標-Y
113,11,23,18,47,2,05中正區,中正區汀州路3段與汀州路3段160巷口,0,0,1,2,C03,8,5,5,50,4,1,1,5,4,5,13,2,1,5,4,5,2,16,2,20,2,1,5,1,7,9,1,10,1,11,,44,,1,21,121.5345283,25.0134352
113,11,23,19,0,2,12內湖區,內湖區麥帥一橋東向西,0,0,1,1,B03,6,5,5,50,8,9,1,4,4,5,13,4,4,1,3,5,2,17,1,43,3,10,7,1,7,9,1,8,1,1,,107,,1,21,121.5747661,25.0535817
113,11,23,19,0,2,12內湖區,內湖區麥帥一橋東向西,0,0,1,2,B03,6,5,5,50,8,9,1,4,4,5,13,4,4,1,3,5,2,17,2,36,2,2,7,1,7,14,1,8,1,3,,44,,1,21,121.5747661,25.0535817
113,11,23,19,23,2,02萬華區,萬華區康定路與長沙街2段口,0,0,2,2,C03,8,5,5,50,4,2,1,5,4,5,13,1,1,5,4,5,2,17,1,39,2,7,5,1,7,9,1,10,1,14,,44,,1,21,121.5020286,25.0406171
113,11,23,19,23,2,02萬華區,萬華區康定路與長沙街2段口,0,0,2,1,C03,8,5,5,50,4,2,1,5,4,5,13,1,1,5,4,5,2,17,1,55,2,4,5,1,7,8,6,10,1,12,,101,,1,21,121.5020286,25.0406171
113,11,23,19,35,2,10文山區,文山區興隆路4段6號,0,0,2,1,F01,7,5,8,50,14,9,1,5,4,5,13,4,4,1,4,5,2,12,1,15,3,10,4,1,7,9,8,20,2,12,,108,,1,21,121.5595455,24.9898815
113,11,23,19,35,2,10文山區,文山區興隆路4段6號,0,0,2,2,B03,7,5,8,50,14,9,1,5,4,5,13,4,4,1,4,5,2,12,1,47,3,10,3,4,7,13,1,8,9,5,,38,,1,21,121.5595455,24.9898815
113,11,23,19,35,2,10文山區,文山區興隆路4段6號,0,0,2,3,C03,7,5,8,50,14,9,1,5,4,5,13,4,4,1,4,5,2,12,1,30,2,9,6,1,7,9,1,10,2,17,,44,,1,21,121.5595455,24.9898815
113,11,23,19,35,2,10文山區,文山區興隆路4段6號,0,0,2,4,H02,7,5,8,50,14,9,1,5,4,5,13,4,4,1,4,5,2,12,2,17,2,9,6,5,7,17,8,20,10,16,,67,,1,21,121.5595455,24.9898815
113,11,23,19,39,2,10文山區,文山區興隆路4段6號,0,0,3,1,C03,7,5,5,50,14,9,1,5,4,5,13,4,4,1,4,5,2,13,1,25,2,9,6,1,7,9,1,10,2,11,,108,,1,21,121.5596308,24.989808
113,11,23,19,39,2,10文山區,文山區興隆路4段6號,0,0,3,2,C03,7,5,5,50,14,9,1,5,4,5,13,4,4,1,4,5,2,13,1,30,2,9,6,1,7,13,1,10,2,13,,44,,1,21,121.5596308,24.989808
113,11,23,19,39,2,10文山區,文山區興隆路4段6號,0,0,3,3,H02,7,5,5,50,14,9,1,5,4,5,13,4,4,1,4,5,2,13,2,26,2,9,6,5,7,17,8,20,10,16,,67,,1,21,121.5596308,24.989808
113,11,23,19,43,2,11南港區,南港區忠孝東路7段99號對面,0,0,1,1,C03,7,5,5,40,14,8,1,4,4,5,13,4,4,1,4,4,2,13,1,40,2,7,5,1,7,9,1,10,1,11,,108,,1,21,121.6028825,25.0515529
113,11,23,19,43,2,11南港區,南港區忠孝東路7段99號對面,0,0,1,2,C03,7,5,5,40,14,8,1,4,4,5,13,4,4,1,4,4,2,13,1,30,3,10,5,1,7,9,1,10,1,11,,44,,1,21,121.6028825,25.0515529
113,11,23,20,40,2,03中山區,中山區民權東路1段與新生北路2段口,0,0,2,1,C03,8,5,5,50,3,1,1,5,4,5,13,2,1,1,4,5,2,17,1,37,2,9,6,4,7,7,1,10,1,14,,101,,1,21,121.5274098,25.0625528
113,11,23,20,40,2,03中山區,中山區民權東路1段與新生北路2段口,0,0,2,2,B03,8,5,5,50,3,1,1,5,4,5,13,2,1,1,4,5,2,17,1,54,3,10,3,4,7,9,1,8,1,5,,44,,1,21,121.5274098,25.0625528
113,11,23,20,40,2,03中山區,中山區民權東路1段與新生北路2段口,0,0,2,3,H02,8,5,5,50,3,1,1,5,4,5,13,2,1,1,4,5,2,17,2,35,2,7,6,5,7,20,8,20,10,16,,67,,1,21,121.5274098,25.0625528
113,11,23,20,48,2,02萬華區,萬華區中華路2段與南寧路口,0,0,2,1,B01,7,6,5,50,4,2,1,5,4,5,13,2,1,1,4,4,1,9,1,61,2,8,3,4,7,9,6,18,1,8,,108,,1,22,121.5066602,25.0367464
113,11,23,20,48,2,02萬華區,萬華區中華路2段與南寧路口,0,0,2,3,H02,7,6,5,50,4,2,1,5,4,5,13,2,1,1,4,4,1,9,2,69,2,1,3,5,7,20,8,20,10,16,,44,,1,22,121.5066602,25.0367464
113,11,23,20,48,2,02萬華區,萬華區中華路2段與南寧路口,0,0,2,2,,7,6,5,50,4,2,1,5,4,5,13,2,1,1,4,4,1,9,3,0,,,,,,,,,10,,,67,,,,121.5066602,25.0367464
113,11,23,21,15,2,03中山區,中山區吉林路8巷與新生北路1段口,0,0,1,1,C03,8,5,5,30,3,1,1,5,4,5,13,4,4,10,5,5,2,17,1,33,3,10,5,1,7,6,1,10,1,14,,4,,1,21,121.5222072,25.0580515
113,11,23,21,15,2,03中山區,中山區吉林路8巷與新生北路1段口,0,0,1,2,C03,8,5,5,30,3,1,1,5,4,5,13,4,4,10,5,5,2,17,2,62,2,9,5,1,7,9,1,10,1,12,,44,,1,21,121.5222072,25.0580515
113,11,23,21,21,2,05中正區,中正區中山南路與凱達格蘭大道口,0,0,2,1,C03,8,5,5,50,5,1,1,5,4,5,13,2,1,5,2,5,2,13,1,20,2,8,5,1,7,9,1,10,1,11,,16,,1,22,121.5173486,25.03873697
113,11,23,21,21,2,05中正區,中正區中山南路與凱達格蘭大道口,0,0,2,2,C03,8,5,5,50,5,1,1,5,4,5,13,2,1,5,2,5,2,13,2,19,2,8,5,1,7,14,1,10,1,13,,44,,1,22,121.5173486,25.03873697
113,11,23,21,21,2,05中正區,中正區中山南路與凱達格蘭大道口,0,0,2,3,C03,8,5,5,50,5,1,1,5,4,5,13,2,1,5,2,5,2,13,1,21,3,10,5,1,7,14,1,10,1,13,,44,,1,22,121.5173486,25.03873697
113,11,23,21,26,2,10文山區,文山區興隆路2段與興隆路2段244巷口,0,0,1,1,C03,7,5,6,50,3,1,1,5,4,5,13,4,4,1,4,5,2,17,1,32,3,10,6,1,7,5,1,10,1,11,,19,,1,21,121.553862,25.0011221
113,11,23,21,26,2,10文山區,文山區興隆路2段與興隆路2段244巷口,0,0,1,2,C03,7,5,6,50,3,1,1,5,4,5,13,4,4,1,4,5,2,17,1,46,2,9,6,1,7,1,1,10,1,11,,8,,1,21,121.553862,25.0011221
113,11,23,21,41,2,06松山區,松山區南京東路4段與敦化北路口,0,0,2,1,C03,7,5,5,50,4,2,1,5,4,5,13,2,1,2,4,5,2,12,2,44,2,9,5,1,7,8,1,10,1,12,,101,,1,21,121.5493926,25.051841
113,11,23,21,41,2,06松山區,松山區南京東路4段與敦化北路口,0,0,2,2,C03,7,5,5,50,4,2,1,5,4,5,13,2,1,2,4,5,2,12,1,32,2,9,5,1,7,9,1,10,1,11,,44,,1,21,121.5493926,25.051841
113,11,23,21,58,2,01大同區,大同區鄭州路與西寧北路口,0,0,1,1,C03,7,5,5,40,4,2,1,5,4,5,13,1,1,1,4,5,2,17,1,23,2,9,5,1,7,5,1,10,1,14,,8,,1,21,121.5082011,25.0506039
113,11,23,21,58,2,01大同區,大同區鄭州路與西寧北路口,0,0,1,2,B03,7,5,5,40,4,2,1,5,4,5,13,1,1,1,4,5,2,17,1,62,3,10,7,1,7,15,1,8,1,5,,42,,1,21,121.5082011,25.0506039
113,11,23,22,32,2,06松山區,松山區復興北路與長安東路2段口口,0,0,3,1,C03,7,5,5,50,4,1,1,5,4,5,13,2,1,1,4,5,2,16,1,23,2,9,6,1,7,8,1,10,1,11,,101,,1,21,121.5440837,25.0482312
113,11,23,22,32,2,06松山區,松山區復興北路與長安東路2段口口,0,0,3,2,C03,7,5,5,50,4,1,1,5,4,5,13,2,1,1,4,5,2,16,2,41,2,9,6,1,7,9,3,18,1,13,,42,,1,21,121.5440837,25.0482312
113,11,23,22,32,2,06松山區,松山區復興北路與長安東路2段口口,0,0,3,3,H02,7,5,5,50,4,1,1,5,4,5,13,2,1,1,4,5,2,16,2,19,2,9,6,5,7,20,8,20,10,16,,67,,1,21,121.5440837,25.0482312
113,11,23,22,50,2,03中山區,中山區松江路169號,0,0,2,1,C03,7,5,5,50,14,9,1,5,4,5,13,4,4,1,4,5,2,17,1,20,2,9,6,4,7,9,1,10,1,11,,108,,1,21,121.5332012,25.0551641
113,11,23,22,50,2,03中山區,中山區松江路169號,0,0,2,2,C04,7,5,5,50,14,9,1,5,4,5,13,4,4,1,4,5,2,17,1,45,3,10,5,4,7,8,1,10,1,13,,44,,1,21,121.5332012,25.0551641
113,11,23,22,50,2,03中山區,中山區松江路169號,0,0,2,4,B03,7,5,5,50,14,9,1,5,4,5,13,4,4,1,4,5,2,17,1,60,3,10,3,4,7,13,1,8,1,7,,38,,1,21,121.5332012,25.0551641
113,11,23,22,50,2,03中山區,中山區松江路169號,0,0,2,3,H02,7,5,5,50,14,9,1,5,4,5,13,4,4,1,4,5,2,17,2,20,2,9,6,5,7,20,8,20,10,16,,67,,1,21,121.5332012,25.0551641
113,11,23,23,15,2,04大安區,大安區辛亥路3段81號對面西往東近基隆路三段,0,0,1,1,B01,8,5,5,50,14,9,1,5,4,5,13,4,4,1,4,5,2,17,1,60,3,10,3,4,7,9,1,4,1,2,,108,,1,21,121.5461954,25.0192417
113,11,23,23,15,2,04大安區,大安區辛亥路3段81號對面西往東近基隆路三段,0,0,1,2,C03,8,5,5,50,14,9,1,5,4,5,13,4,4,1,4,5,2,17,1,18,3,10,3,4,7,9,1,10,1,17,,44,,1,21,121.5461954,25.0192417
113,11,23,23,15,2,04大安區,大安區辛亥路3段81號對面西往東近基隆路三段,0,0,1,3,H02,8,5,5,50,14,9,1,5,4,5,13,4,4,1,4,5,2,17,2,16,2,8,3,5,7,20,8,20,10,16,,67,,1,21,121.5461954,25.0192417
113,11,23,23,18,2,03中山區,中山區林森北路與林森北路383巷口,0,0,1,1,C03,7,5,5,50,3,1,1,5,4,5,13,4,4,9,4,5,2,16,2,62,3,10,5,4,7,5,1,10,2,11,,74,,1,21,121.5183568,25.04847309
113,11,23,23,18,2,03中山區,中山區林森北路與林森北路383巷口,0,0,1,2,C03,7,5,5,50,3,1,1,5,4,5,13,4,4,9,4,5,2,16,1,61,2,9,5,4,7,9,1,10,2,14,,44,,1,21,121.5183568,25.04847309
113,11,24,3,11,2,10文山區,文山區景豐街37巷7弄與景豐街31巷口,0,0,2,1,C03,7,5,5,30,14,9,1,5,4,5,13,4,4,10,5,5,2,17,1,18,2,9,6,1,7,9,1,10,2,12,,108,,1,25,121.5454183,25.0001339
113,11,24,3,11,2,10文山區,文山區景豐街37巷7弄與景豐街31巷口,0,0,2,2,H02,7,5,5,30,14,9,1,5,4,5,13,4,4,10,5,5,2,17,1,18,2,9,6,5,7,20,8,20,10,16,,67,,1,25,121.5454183,25.0001339
113,11,24,3,11,2,10文山區,文山區景豐街37巷7弄與景豐街31巷口,0,0,2,3,C03,7,5,5,30,14,9,1,5,4,5,13,4,4,10,5,5,2,17,1,35,3,10,3,1,7,13,1,10,11,13,,44,,1,21,121.5454183,25.0001339
113,11,24,3,16,2,04大安區,大安區忠孝東路4段15號,0,0,2,1,B01,7,5,5,50,14,9,1,5,4,5,13,4,4,1,2,5,2,17,1,53,2,9,3,4,7,14,1,4,1,2,,44,,1,21,121.5447882,25.0418381
113,11,24,3,16,2,04大安區,大安區忠孝東路4段15號,0,0,2,3,H02,7,5,5,50,14,9,1,5,4,5,13,4,4,1,2,5,2,17,2,35,3,10,3,5,7,20,8,20,10,16,,126,,1,21,121.5447882,25.0418381
113,11,24,3,16,2,04大安區,大安區忠孝東路4段15號,0,0,2,2,C03,7,5,5,50,14,9,1,5,4,5,13,4,4,1,2,5,2,17,2,21,2,9,3,4,7,9,1,10,1,14,,44,,1,21,121.5447882,25.0418381
113,11,24,5,15,2,04大安區,大安區信義路3段與大安路1段口,0,0,1,1,B01,8,5,5,50,5,1,1,5,4,5,13,1,1,8,3,5,2,29,1,68,3,10,3,4,7,11,1,8,9,1,,10,,1,21,121.5459458,25.0334745
113,11,24,5,15,2,04大安區,大安區信義路3段與大安路1段口,0,0,1,2,F01,8,5,5,50,5,1,1,5,4,5,13,1,1,8,3,5,2,29,1,41,2,9,3,4,7,5,8,20,9,11,,8,,1,21,121.5459458,25.0334745
113,11,24,6,9,2,11南港區,南港區研究院路2段與研究院路2段61巷口,0,0,1,1,C03,8,5,5,50,4,1,1,5,4,5,13,2,1,5,5,5,2,16,1,58,3,10,3,4,7,5,1,10,1,12,,71,,1,22,121.6162113,25.043779
113,11,24,6,9,2,11南港區,南港區研究院路2段與研究院路2段61巷口,0,0,1,2,C03,8,5,5,50,4,1,1,5,4,5,13,2,1,5,5,5,2,16,1,54,2,8,3,4,7,9,1,10,1,11,,44,,1,22,121.6162113,25.043779
113,11,24,6,21,2,05中正區,中正區金山南路1段67巷與臨沂街口,0,0,1,1,B03,8,6,5,30,4,1,1,5,4,5,8,4,4,10,5,5,2,15,1,42,3,10,7,1,7,9,1,8,2,8,,72,,1,22,121.5292192,25.0376745
113,11,24,6,21,2,05中正區,中正區金山南路1段67巷與臨沂街口,0,0,1,2,C04,8,6,5,30,4,1,1,5,4,5,8,4,4,10,5,5,2,15,1,26,2,8,5,1,7,9,1,11,2,11,,44,,1,22,121.5292192,25.0376745
113,11,24,8,26,2,04大安區,大安區濟南路3段與仁愛路3段31巷口口,0,0,1,1,B01,8,6,5,30,3,1,1,5,4,5,13,4,4,9,4,5,2,16,1,64,3,10,7,1,7,5,1,2,1,5,,8,,1,21,121.5347909,25.0401559
113,11,24,8,26,2,04大安區,大安區濟南路3段與仁愛路3段31巷口口,0,0,1,2,C03,8,6,5,30,3,1,1,5,4,5,13,4,4,9,4,5,2,16,2,65,2,9,5,1,7,9,1,10,1,12,,44,,1,21,121.5347909,25.0401559
113,11,24,8,37,2,06松山區,松山區觀山河濱公園自行車道(燈桿3015225處),0,0,2,1,F01,8,7,5,30,14,23,1,5,4,5,13,4,4,10,5,5,2,17,2,15,2,9,4,1,7,9,8,20,1,11,,118,,1,16,121.5689623,25.07137957
113,11,24,8,37,2,06松山區,松山區觀山河濱公園自行車道(燈桿3015225處),0,0,2,2,F01,8,7,5,30,14,23,1,5,4,5,13,4,4,10,5,5,2,17,1,31,2,9,4,1,7,9,8,20,1,11,,118,,1,22,121.5689623,25.07137957
113,11,24,8,40,2,01大同區,大同區堤外自行車專用道,0,0,2,1,F01,7,6,5,0,14,23,1,5,4,5,13,4,4,10,5,5,2,11,1,56,2,9,3,4,7,9,8,20,1,11,,107,,1,21,121.5077351,25.07844295
113,11,24,8,40,2,01大同區,大同區堤外自行車專用道,0,0,2,2,F01,7,6,5,0,14,23,1,5,4,5,13,4,4,10,5,5,2,11,1,68,2,9,3,4,7,9,8,20,1,11,,44,,1,21,121.5077351,25.07844295
113,11,24,8,45,2,11南港區,南港區玉成街與玉成街52巷口口,0,0,1,1,F01,8,6,5,30,3,1,1,5,4,5,13,4,4,10,5,5,2,17,1,66,3,10,4,1,7,9,8,20,1,17,,4,,1,21,121.5815515,25.0480072
113,11,24,8,45,2,11南港區,南港區玉成街與玉成街52巷口口,0,0,1,2,F01,8,6,5,30,3,1,1,5,4,5,13,4,4,10,5,5,2,17,1,48,2,7,4,1,7,5,8,20,1,14,,99,,1,21,121.5815515,25.0480072
113,11,24,8,45,2,11南港區,南港區玉成街與玉成街52巷口口,0,0,1,3,C03,8,6,5,30,3,1,1,5,4,5,13,4,4,10,5,5,2,17,2,61,3,10,6,1,7,13,1,10,1,12,,38,,1,21,121.5815515,25.0480072
113,11,24,8,45,2,11南港區,南港區玉成街與玉成街52巷口口,0,0,1,4,C03,8,6,5,30,3,1,1,5,4,5,13,4,4,10,5,5,2,17,2,58,3,10,6,1,7,13,1,10,1,12,,38,,1,21,121.5815515,25.0480072
113,11,24,8,53,2,04大安區,大安區信義路4段與四維路口口,0,0,1,1,B03,8,6,5,30,3,1,1,5,4,5,13,4,4,10,5,5,2,17,1,66,3,10,7,1,7,6,1,8,1,5,,9,,1,22,121.5480588,25.0331542
113,11,24,8,53,2,04大安區,大安區信義路4段與四維路口口,0,0,1,2,F01,8,6,5,30,3,1,1,5,4,5,13,4,4,10,5,5,2,17,1,52,2,8,4,1,7,11,8,20,1,11,,11,,1,22,121.5480588,25.0331542
113,11,24,8,58,2,08士林區,士林區福華路135號,0,0,1,1,C03,8,7,5,50,14,9,1,5,4,5,13,4,4,10,4,5,1,17,1,32,2,9,5,1,7,9,1,10,9,11,,44,,1,21,121.5223711,25.1026284
113,11,24,8,58,2,08士林區,士林區福華路135號,0,0,1,2,B03,8,7,5,50,14,9,1,5,4,5,13,4,4,10,4,5,1,17,1,40,3,10,3,4,7,13,1,8,1,6,,44,,1,21,121.5223711,25.1026284
113,11,24,9,48,2,12內湖區,內湖區瑞光路317號,0,0,1,1,,8,6,5,50,14,9,1,5,4,5,13,4,4,5,4,5,2,29,3,0,,,,,,,,,,,,67,,1,,121.5752573,25.07619362
113,11,24,9,48,2,12內湖區,內湖區瑞光路317號,0,0,1,2,C03,8,6,5,50,14,9,1,5,4,5,13,4,4,5,4,5,2,29,1,25,2,9,6,1,7,9,1,10,2,11,,44,,1,21,121.5752573,25.07619362
113,11,24,9,48,2,12內湖區,內湖區瑞光路317號,0,0,1,3,B03,8,6,5,50,14,9,1,5,4,5,13,4,4,5,4,5,2,29,1,53,3,10,7,1,7,14,1,8,2,3,,44,,1,21,121.5752573,25.07619362
113,11,24,9,57,2,02萬華區,萬華區東園街35巷與東園街口,0,0,2,1,C03,8,6,5,50,3,1,1,5,4,5,13,3,1,9,4,5,1,13,2,58,2,8,5,1,7,12,1,10,1,11,,118,,1,21,121.4957737,25.02719444
113,11,24,9,57,2,02萬華區,萬華區東園街35巷與東園街口,0,0,2,2,C03,8,6,5,50,3,1,1,5,4,5,13,3,1,9,4,5,1,13,2,35,2,8,5,1,7,14,1,10,1,13,,118,,1,21,121.4957737,25.02719444
113,11,24,9,57,2,02萬華區,萬華區東園街35巷與東園街口,0,0,2,3,H02,8,6,5,50,3,1,1,5,4,5,13,3,1,9,4,5,1,13,2,21,3,10,5,5,7,21,8,20,10,16,,67,,1,21,121.4957737,25.02719444
113,11,24,10,15,2,08士林區,士林區百齡橋西往東,0,0,1,1,C03,8,5,8,50,22,22,1,5,4,5,13,4,4,1,1,5,1,13,1,18,3,10,5,1,7,9,1,10,1,15,,37,,1,21,121.5136993,25.08909671
113,11,24,10,15,2,08士林區,士林區百齡橋西往東,0,0,1,2,C03,8,5,8,50,22,22,1,5,4,5,13,4,4,1,1,5,1,13,1,20,2,9,5,1,7,9,1,10,1,11,,16,,1,21,121.5136993,25.08909671
113,11,24,10,15,2,08士林區,士林區百齡橋西往東,0,0,1,3,B03,8,5,8,50,22,22,1,5,4,5,13,4,4,1,1,5,1,13,1,39,3,10,7,1,7,12,1,8,1,3,,44,,1,21,121.5136993,25.08909671
113,11,24,10,15,2,08士林區,士林區百齡橋西往東,0,0,1,4,H02,8,5,8,50,22,22,1,5,4,5,13,4,4,1,1,5,1,13,2,16,3,10,4,5,7,20,8,20,10,16,,37,,1,21,121.5136993,25.08909671
113,11,24,10,24,1,04大安區,大安區光復南路148號,1,0,0,1,B01,8,6,5,50,14,9,1,5,4,5,13,4,4,1,4,5,2,12,1,68,3,10,7,1,7,8,1,4,2,6,,101,,1,21,121.5576368,25.04283792
113,11,24,10,24,1,04大安區,大安區光復南路148號,1,0,0,2,C03,8,6,5,50,14,9,1,5,4,5,13,4,4,1,4,5,2,12,1,19,1,9,6,1,7,21,1,10,9,11,,108,,1,25,121.5576368,25.04283792
113,11,24,10,24,1,04大安區,大安區光復南路148號,1,0,0,3,,8,6,5,50,14,9,1,5,4,5,13,4,4,1,4,5,2,12,3,0,,,,,,,,,,,,67,,1,,121.5576368,25.04283792
113,11,24,10,40,2,02萬華區,萬華區康定路與貴陽街2段口,0,0,1,1,C03,7,6,5,50,4,1,1,5,4,5,13,1,1,8,5,5,2,16,1,27,2,9,5,4,7,9,1,10,1,11,,44,,1,22,121.5019214,25.0401368
113,11,24,10,40,2,02萬華區,萬華區康定路與貴陽街2段口,0,0,1,2,C03,7,6,5,50,4,1,1,5,4,5,13,1,1,8,5,5,2,16,1,43,3,10,5,4,7,5,1,10,1,13,,8,,1,22,121.5019214,25.0401368
113,11,24,10,47,2,05中正區,中正區羅斯福路1段與愛國東路口,0,0,1,1,C03,7,6,5,50,4,1,1,5,4,5,13,1,1,3,4,5,2,12,1,29,3,10,5,1,7,9,1,10,2,12,,101,,1,21,121.5170538,25.03462834
113,11,24,10,47,2,05中正區,中正區羅斯福路1段與愛國東路口,0,0,1,2,C03,7,6,5,50,4,1,1,5,4,5,13,1,1,3,4,5,2,12,1,65,2,9,5,1,7,9,1,10,2,14,,44,,1,21,121.5170538,25.03462834
113,11,24,10,47,2,05中正區,中正區羅斯福路1段與愛國東路口,0,0,1,3,H02,7,6,5,50,4,1,1,5,4,5,13,1,1,3,4,5,2,12,2,60,4,11,5,5,7,20,8,20,10,16,,67,,1,21,121.5170538,25.03462834
113,11,24,10,54,2,03中山區,中山區建國北路1段與長安東路2段口,0,0,2,1,C03,8,6,5,40,4,1,1,5,4,5,13,4,4,1,4,3,2,13,1,47,2,8,6,4,7,9,1,10,1,11,,16,,1,22,121.5371568,25.04846519
113,11,24,10,54,2,03中山區,中山區建國北路1段與長安東路2段口,0,0,2,2,C03,8,6,5,40,4,1,1,5,4,5,13,4,4,1,4,3,2,13,1,43,2,9,6,1,7,14,1,10,1,13,,44,,1,22,121.5371568,25.04846519
113,11,24,11,41,2,04大安區,大安區仁愛路3段與建國南路1段口往西未過建國南路,0,0,2,1,B03,8,5,5,50,14,9,1,5,4,5,13,4,4,1,4,5,2,12,1,51,3,10,7,1,7,8,1,8,1,6,,100,,1,21,121.5387356,25.0383735
113,11,24,11,41,2,04大安區,大安區仁愛路3段與建國南路1段口往西未過建國南路,0,0,2,2,B01,8,5,5,50,14,9,1,5,4,5,13,4,4,1,4,5,2,12,1,28,2,3,7,1,7,9,1,4,1,8,,16,,1,21,121.5387356,25.0383735
113,11,24,11,41,2,04大安區,大安區仁愛路3段與建國南路1段口往西未過建國南路,0,0,2,3,H02,8,5,5,50,14,9,1,5,4,5,13,4,4,1,4,5,2,12,2,77,2,9,7,5,7,20,8,20,10,16,,67,,1,21,121.5387356,25.0383735
113,11,24,12,47,2,08士林區,士林區通河西街2段堤外便道,0,0,2,1,C01,7,6,5,40,14,9,1,5,4,5,13,4,4,9,4,5,1,16,1,55,3,10,3,4,7,1,3,18,1,12,,19,,1,21,121.5069301,25.093351
113,11,24,12,47,2,08士林區,士林區通河西街2段堤外便道,0,0,2,2,C03,7,6,5,40,14,9,1,5,4,5,13,4,4,9,4,5,1,16,1,39,2,9,3,4,7,9,1,10,1,11,,44,,1,21,121.5069301,25.093351
113,11,24,12,47,2,08士林區,士林區通河西街2段堤外便道,0,0,2,3,H02,7,6,5,40,14,9,1,5,4,5,13,4,4,9,4,5,1,16,2,33,2,9,3,5,7,20,8,20,10,16,,67,,1,21,121.5069301,25.093351
113,11,24,13,4,2,02萬華區,萬華區莒光路128號,0,0,1,1,C03,8,6,5,50,14,9,1,5,4,5,13,4,4,3,4,5,2,17,1,20,3,10,6,1,7,9,1,10,1,12,,107,,1,21,121.5032858,25.03128994
113,11,24,13,4,2,02萬華區,萬華區莒光路128號,0,0,1,2,F01,8,6,5,50,14,9,1,5,4,5,13,4,4,3,4,5,2,17,1,81,2,9,4,1,7,9,8,20,1,13,14,44,,1,21,121.5032858,25.03128994
113,11,24,13,20,2,07信義區,信義區市府路與松壽路口口,0,0,2,1,C03,8,7,5,50,4,2,1,5,4,5,13,2,1,5,4,5,2,13,1,23,2,8,6,1,7,9,1,10,1,11,,16,,1,21,121.5631821,25.03596
113,11,24,13,20,2,07信義區,信義區市府路與松壽路口口,0,0,2,2,C03,8,7,5,50,4,2,1,5,4,5,13,2,1,5,4,5,2,13,1,45,2,8,6,1,7,6,1,10,1,13,,44,,1,21,121.5631821,25.03596
113,11,24,13,50,2,04大安區,大安區建國南路2段與建國南路2段151巷口,0,0,1,1,C03,8,6,5,50,4,1,1,5,4,5,13,1,1,1,3,5,2,17,1,37,3,10,6,1,7,7,1,10,1,14,,101,,1,21,121.5379757,25.0287372
113,11,24,13,50,2,04大安區,大安區建國南路2段與建國南路2段151巷口,0,0,1,2,B03,8,6,5,50,4,1,1,5,4,5,13,1,1,1,3,5,2,17,2,61,3,10,7,1,7,9,1,8,1,6,,44,,1,21,121.5379757,25.0287372
113,11,24,13,50,2,04大安區,大安區建國南路2段與建國南路2段151巷口,0,0,1,3,H02,8,6,5,50,4,1,1,5,4,5,13,1,1,1,3,5,2,17,2,14,2,8,6,5,7,20,8,20,10,16,,67,,1,21,121.5379757,25.0287372
113,11,24,14,10,2,12內湖區,內湖區康樂街110巷與康樂街136巷18弄口,0,0,2,1,C03,8,6,5,30,4,1,1,5,4,5,13,4,4,10,4,5,2,15,1,41,2,8,5,1,7,9,1,10,1,13,,80,,1,21,121.618306,25.0707303
113,11,24,14,10,2,12內湖區,內湖區康樂街110巷與康樂街136巷18弄口,0,0,2,2,C03,8,6,5,30,4,1,1,5,4,5,13,4,4,10,4,5,2,15,1,52,2,8,5,1,7,9,1,10,1,11,,14,,1,21,121.618306,25.0707303
113,11,24,14,55,2,02萬華區,萬華區梧州街59號,0,0,1,1,B03,8,7,5,30,22,9,1,5,4,5,13,4,4,10,5,5,2,9,1,68,3,10,7,1,7,2,1,8,1,7,,12,,1,21,121.5073695,25.03515721
113,11,24,14,55,2,02萬華區,萬華區梧州街59號,0,0,1,2,H01,8,7,5,30,22,9,1,5,4,5,13,4,4,10,5,5,2,9,2,54,2,9,4,5,8,16,8,20,10,16,,60,,1,21,121.5073695,25.03515721
113,11,24,15,5,2,01大同區,大同區民生西路與民樂街口,0,0,3,1,C03,7,7,5,50,5,2,1,5,4,5,13,2,1,5,4,5,2,17,1,72,2,9,3,4,7,5,1,10,1,11,,98,,1,21,121.5106767,25.0569663
113,11,24,15,5,2,01大同區,大同區民生西路與民樂街口,0,0,3,2,C03,7,7,5,50,5,2,1,5,4,5,13,2,1,5,4,5,2,17,1,56,2,9,3,4,7,9,1,10,1,11,,44,,1,21,121.5106767,25.0569663
113,11,24,15,5,2,01大同區,大同區民生西路與民樂街口,0,0,3,3,H02,7,7,5,50,5,2,1,5,4,5,13,2,1,5,4,5,2,17,2,69,2,9,3,5,7,20,8,20,10,16,,67,,1,21,121.5106767,25.0569663