發生年度,發生月,發生日,發生時-Hours,發生分,處理別-編號,區序,肇事地點,死亡人數,2-30日死亡人數,受傷人數,當事人序號,車種,天候,道路照明設備,道路類別,速限-速度限制,道路型態,事故位置,路面狀況1,路面狀況2,路面狀況3,道路障礙1,道路障礙2,號誌1,號誌2,車道劃分-分向,車道劃分-分道1,車道劃分-分道2,車道劃分-分道3,事故類型及型態,性別,年齡,受傷程度,主要傷處,保護裝置,行動電話,車輛用途,當事者行動狀態,駕駛資格情形,駕駛執照種類,飲酒情形,車輛撞擊部位1,車輛撞擊部位2,肇因碼-個別,肇因碼-主要,個人肇逃否,職業,座標-X,座標-Y
113,11,24,15,40,2,04大安區,大安區忠孝東路3段與忠孝東路口側附近3段193巷口,0,0,1,1,F01,8,6,5,0,3,18,1,5,4,5,13,4,4,10,5,5,2,3,2,52,3,10,4,1,7,9,8,20,1,17,,17,,1,22,121.5386959,25.0418545
113,11,24,15,40,2,04大安區,大安區忠孝東路3段與忠孝東路口側附近3段193巷口,0,0,1,2,H01,8,6,5,0,3,18,1,5,4,5,13,4,4,10,5,5,2,3,1,30,2,7,4,5,8,16,8,20,10,16,,67,,1,22,121.5386959,25.0418545
113,11,24,15,42,2,05中正區,中正區汀州路4段與基隆路4段口口,0,0,2,1,F01,7,6,5,50,4,1,1,5,4,5,13,1,1,5,5,5,2,15,2,29,2,8,4,1,7,9,8,20,1,14,,44,,1,21,121.5362442,25.0111107
113,11,24,15,42,2,05中正區,中正區汀州路4段與基隆路4段口口,0,0,2,2,C03,7,6,5,50,4,1,1,5,4,5,13,1,1,5,5,5,2,15,2,65,2,8,6,1,7,9,1,10,1,11,,13,,1,21,121.5362442,25.0111107
113,11,24,16,6,2,03中山區,中山區建國北路2段96巷與建國北路2段口,0,0,1,1,B03,7,6,5,30,5,2,1,5,4,5,13,4,4,10,3,5,2,17,1,47,3,10,7,1,7,9,1,8,1,4,,108,,1,21,121.5366533,25.05746845
113,11,24,16,6,2,03中山區,中山區建國北路2段96巷與建國北路2段口,0,0,1,2,F01,7,6,5,30,5,2,1,5,4,5,13,4,4,10,3,5,2,17,1,17,2,7,4,1,7,9,8,20,1,12,,42,,1,16,121.5366533,25.05746845
113,11,24,16,45,2,08士林區,士林區中山北路4段與通河街口,0,0,2,1,C03,8,5,5,50,3,1,1,5,4,5,13,1,1,1,2,5,2,16,1,30,3,10,3,4,7,6,1,10,1,13,,9,,1,21,121.5240169,25.0798989
113,11,24,16,45,2,08士林區,士林區中山北路4段與通河街口,0,0,2,2,C03,8,5,5,50,3,1,1,5,4,5,13,1,1,1,2,5,2,16,1,26,2,9,3,4,7,9,1,10,1,11,,44,,1,21,121.5240169,25.0798989
113,11,24,16,45,2,08士林區,士林區中山北路4段與通河街口,0,0,2,3,H02,8,5,5,50,3,1,1,5,4,5,13,1,1,1,2,5,2,16,2,23,2,9,3,5,7,20,8,20,10,16,,67,,1,21,121.5240169,25.0798989
113,11,24,17,20,2,12內湖區,內湖區民權東路6段與金湖路口引道,0,0,1,1,B03,8,5,5,50,3,2,1,5,4,5,13,4,4,3,5,5,2,17,1,52,3,10,7,1,7,6,1,8,1,7,,73,,1,21,121.6053687,25.07295544
113,11,24,17,20,2,12內湖區,內湖區民權東路6段與金湖路口引道,0,0,1,2,C01,8,5,5,50,3,2,1,5,4,5,13,4,4,3,5,5,2,17,1,38,2,9,6,1,7,9,1,9,1,11,,14,,1,21,121.6053687,25.07295544
113,11,24,17,29,2,08士林區,士林區中山北路5段698巷與中正路104巷2弄口,0,0,2,1,C03,8,5,5,30,3,1,1,5,4,5,13,4,4,10,5,5,2,15,2,56,2,9,6,1,7,1,1,10,1,11,,72,,1,21,121.5291247,25.0972815
113,11,24,17,29,2,08士林區,士林區中山北路5段698巷與中正路104巷2弄口,0,0,2,2,C03,8,5,5,30,3,1,1,5,4,5,13,4,4,10,5,5,2,15,1,35,2,7,6,1,7,9,1,10,1,11,,108,,1,21,121.5291247,25.0972815
113,11,24,17,35,2,07信義區,信義區松仁路與松仁路95巷口口,0,0,1,1,B03,8,6,5,50,3,1,1,5,4,5,13,4,4,5,5,5,2,17,2,25,3,10,7,1,7,1,1,8,1,5,,99,,1,22,121.5685526,25.0366273
113,11,24,17,35,2,07信義區,信義區松仁路與松仁路95巷口口,0,0,1,2,F01,8,6,5,50,3,1,1,5,4,5,13,4,4,5,5,5,2,17,1,27,2,8,4,1,7,1,8,20,1,14,,19,,1,22,121.5685526,25.0366273
113,11,24,18,10,2,01大同區,大同區延平北路1段與甘谷街口,0,0,1,1,B01,8,5,5,50,4,1,1,5,4,5,13,4,4,8,3,5,2,16,1,45,3,10,7,1,7,6,1,3,1,2,,9,,1,21,121.511765,25.0527896
113,11,24,18,10,2,01大同區,大同區延平北路1段與甘谷街口,0,0,1,2,C03,8,5,5,50,4,1,1,5,4,5,13,4,4,8,3,5,2,16,1,36,2,9,6,1,7,4,1,10,1,11,,44,,1,21,121.511765,25.0527896
113,11,24,18,43,2,04大安區,大安區光復南路與光復南路180巷口,0,0,1,1,B03,8,5,5,50,3,1,1,5,4,5,13,4,4,8,3,5,2,12,1,22,3,10,3,4,7,15,1,8,1,5,,9,,1,21,121.55759,25.0423714
113,11,24,18,43,2,04大安區,大安區光復南路與光復南路180巷口,0,0,1,2,C03,8,5,5,50,3,1,1,5,4,5,13,4,4,8,3,5,2,12,1,28,2,9,3,4,7,9,1,10,1,14,,44,,1,21,121.55759,25.0423714
113,11,24,18,50,2,06松山區,松山區市民大道4段與敦化南路1段口口,0,0,1,1,C03,8,5,5,40,4,2,1,5,4,5,13,2,1,1,4,5,2,17,1,38,2,9,6,1,7,9,1,10,1,14,,116,,1,21,121.5493281,25.0449148
113,11,24,18,50,2,06松山區,松山區市民大道4段與敦化南路1段口口,0,0,1,2,C03,8,5,5,40,4,2,1,5,4,5,13,2,1,1,4,5,2,17,1,32,3,10,6,1,7,6,1,9,1,17,,9,,1,22,121.5493281,25.0449148
113,11,24,19,0,2,08士林區,士林區承德路4段與通河街口,0,0,2,1,C03,7,5,5,50,4,1,1,5,4,5,13,2,1,1,4,5,1,17,1,65,2,8,5,1,7,9,6,10,2,14,,44,,1,21,121.5222968,25.08018051
113,11,24,19,0,2,08士林區,士林區承德路4段與通河街口,0,0,2,2,C03,7,5,5,50,4,1,1,5,4,5,13,2,1,1,4,5,1,17,1,41,2,9,5,1,7,9,1,10,2,11,,44,,1,21,121.5222968,25.08018051
113,11,24,19,16,2,10文山區,文山區萬芳路50號,0,0,1,1,C03,7,5,5,50,14,9,1,5,4,5,13,2,1,5,4,5,2,13,2,19,3,10,6,1,7,9,1,10,1,11,,16,,1,25,121.5708452,24.99674176
113,11,24,19,16,2,10文山區,文山區萬芳路50號,0,0,1,2,C03,7,5,5,50,14,9,1,5,4,5,13,2,1,5,4,5,2,13,1,48,2,8,6,1,7,14,1,9,1,13,,44,,1,21,121.5708452,24.99674176
113,11,24,19,41,2,05中正區,中正區羅斯福路4段142號,0,0,1,1,C03,8,5,5,50,14,9,1,5,4,3,10,4,4,3,4,5,2,12,2,51,2,8,5,1,7,7,1,10,1,14,,44,,1,21,121.5360449,25.0129007
113,11,24,19,41,2,05中正區,中正區羅斯福路4段142號,0,0,1,2,B03,8,5,5,50,14,9,1,5,4,3,10,4,4,3,4,5,2,12,1,73,3,10,7,1,7,1,1,8,1,2,,44,,1,21,121.5360449,25.0129007
113,11,24,19,41,2,05中正區,中正區羅斯福路4段142號,0,0,1,3,B01,8,5,5,50,14,9,1,5,4,3,10,4,4,3,4,5,2,12,1,69,3,10,7,1,7,1,1,4,9,17,,19,,1,21,121.5360449,25.0129007
113,11,24,19,41,2,05中正區,中正區羅斯福路4段142號,0,0,1,4,B02,8,5,5,50,14,9,1,5,4,3,10,4,4,3,4,5,2,12,1,30,3,10,7,1,7,13,1,8,9,17,,38,,1,21,121.5360449,25.0129007
113,11,24,20,20,2,01大同區,大同區鄭州路與環河北路1段口,0,0,1,1,C03,7,5,5,40,4,2,1,5,4,5,13,1,1,1,4,5,2,17,2,26,3,10,5,1,7,5,1,10,1,13,,8,,1,21,121.5067045,25.05065123
113,11,24,20,20,2,01大同區,大同區鄭州路與環河北路1段口,0,0,1,2,B03,7,5,5,40,4,2,1,5,4,5,13,1,1,1,4,5,2,17,1,31,3,10,7,1,7,5,1,8,1,1,,16,,1,21,121.5067045,25.05065123
113,11,24,20,20,2,01大同區,大同區鄭州路與環河北路1段口,0,0,1,3,B03,7,5,5,40,4,2,1,5,4,5,13,1,1,1,4,5,2,17,1,55,3,10,7,1,7,5,1,8,1,1,,16,,1,21,121.5067045,25.05065123
113,11,24,20,20,2,01大同區,大同區鄭州路與環河北路1段口,0,0,1,4,H02,7,5,5,40,4,2,1,5,4,5,13,1,1,1,4,5,2,17,2,23,2,8,5,5,7,20,8,20,10,16,,67,,1,21,121.5067045,25.05065123
113,11,24,21,52,2,08士林區,士林區中山北路6段與天母西路口,0,0,1,1,C03,7,5,5,50,4,1,1,5,4,5,13,2,1,1,4,5,2,16,1,18,2,8,6,1,7,5,1,10,1,12,,85,,1,21,121.5299995,25.1182509
113,11,24,21,52,2,08士林區,士林區中山北路6段與天母西路口,0,0,1,2,B03,7,5,5,50,4,1,1,5,4,5,13,2,1,1,4,5,2,16,2,33,3,10,7,1,7,9,1,8,1,1,,44,,1,21,121.5299995,25.1182509
113,11,24,22,9,2,07信義區,信義區莊敬路325巷與吳興街220巷口,0,0,2,1,C03,8,5,5,50,4,2,1,5,4,5,13,1,1,9,5,5,2,17,1,39,2,8,6,1,7,5,1,10,1,11,,74,,1,22,121.5635628,25.0280724
113,11,24,22,9,2,07信義區,信義區莊敬路325巷與吳興街220巷口,0,0,2,2,C03,8,5,5,50,4,2,1,5,4,5,13,1,1,9,5,5,2,17,1,19,2,9,6,1,7,9,1,10,1,11,,13,,1,22,121.5635628,25.0280724
113,11,24,22,53,2,03中山區,中山區敬業四路與樂群二路口,0,0,1,1,C04,8,5,5,50,3,1,1,5,4,5,13,2,1,9,4,5,2,17,1,40,2,9,5,1,7,5,1,10,1,12,,71,,1,21,121.5584905,25.08022883
113,11,24,22,53,2,03中山區,中山區敬業四路與樂群二路口,0,0,1,2,B03,8,5,5,50,3,1,1,5,4,5,13,2,1,9,4,5,2,17,1,28,3,10,7,1,7,9,1,8,1,1,,44,,1,21,121.5584905,25.08022883
113,11,24,23,34,2,02萬華區,萬華區華中橋機車道往新北市（燈桿7010470）,0,0,2,1,C03,7,5,5,40,14,11,1,5,4,5,13,4,4,10,3,5,1,12,1,71,2,7,3,4,7,9,6,18,1,11,,108,,1,22,121.4954444,25.0161097
113,11,24,23,34,2,02萬華區,萬華區華中橋機車道往新北市（燈桿7010470）,0,0,2,2,C03,7,5,5,40,14,11,1,5,4,5,13,4,4,10,3,5,1,12,1,32,2,8,3,4,7,9,1,10,1,12,,44,,1,22,121.4954444,25.0161097
113,11,24,23,34,2,02萬華區,萬華區華中橋機車道往新北市（燈桿7010470）,0,0,2,3,,7,5,5,40,14,11,1,5,4,5,13,4,4,10,3,5,1,12,3,0,,,,,,,,,,,,67,,1,,121.4954444,25.0161097
113,11,25,3,24,2,12內湖區,內湖區堤頂大道2段與港墘路口,0,0,1,1,C02,7,5,5,50,3,1,1,5,4,5,13,2,1,1,4,1,1,16,1,21,2,9,6,1,7,5,3,18,1,14,,8,,1,21,121.5722115,25.0745769
113,11,25,3,24,2,12內湖區,內湖區堤頂大道2段與港墘路口,0,0,1,2,B01,7,5,5,50,3,1,1,5,4,5,13,2,1,1,4,1,1,16,1,34,3,10,7,1,7,9,1,3,1,1,,44,,1,21,121.5722115,25.0745769
113,11,25,5,20,2,09北投區,北投區承德路6段451號,0,0,1,1,A11,8,5,5,60,14,9,1,5,4,5,13,4,4,1,4,4,2,17,1,43,3,10,3,4,7,15,1,3,11,17,,35,,1,26,121.5111819,25.11009
113,11,25,5,20,2,09北投區,北投區承德路6段451號,0,0,1,2,C03,8,5,5,60,14,9,1,5,4,5,13,4,4,1,4,4,2,17,1,18,2,9,3,4,7,9,1,10,1,11,,108,,1,26,121.5111819,25.11009
113,11,25,5,53,2,04大安區,大安區大安路1段116巷與復興南路1段口,0,0,2,1,B03,7,5,5,50,4,1,1,5,4,5,13,1,1,1,4,5,2,16,1,63,2,9,7,1,7,5,1,8,2,2,,71,,1,21,121.5438033,25.0398279
113,11,25,5,53,2,04大安區,大安區大安路1段116巷與復興南路1段口,0,0,2,2,B03,7,5,5,50,4,1,1,5,4,5,13,1,1,1,4,5,2,16,1,68,2,9,7,1,7,9,1,8,2,1,,13,,1,21,121.5438033,25.0398279
113,11,25,5,53,2,04大安區,大安區大安路1段116巷與復興南路1段口,0,0,2,3,,7,5,5,50,4,1,1,5,4,5,13,1,1,1,4,5,2,16,3,32,,,,,,,,,,,,67,,1,,121.5438033,25.0398279
113,11,25,6,56,2,02萬華區,萬華區華西街與廣州街口,0,0,1,1,C03,7,7,5,30,4,1,1,5,4,5,13,4,4,10,5,5,2,17,1,41,2,8,6,1,7,9,1,10,1,12,,75,,1,21,121.4982871,25.0367537
113,11,25,6,56,2,02萬華區,萬華區華西街與廣州街口,0,0,1,2,C03,7,7,5,30,4,1,1,5,4,5,13,4,4,10,5,5,2,17,1,51,3,10,5,1,7,9,1,9,9,11,,107,,1,21,121.4982871,25.0367537
113,11,25,7,5,2,05中正區,中正區中華路2段307巷與中華路2段315巷5弄口口,0,0,1,1,C03,8,6,5,30,4,1,1,5,4,5,13,4,4,5,5,5,1,17,2,46,3,10,6,1,7,11,1,10,2,14,,10,,1,21,121.5062354,25.0293244
113,11,25,7,5,2,05中正區,中正區中華路2段307巷與中華路2段315巷5弄口口,0,0,1,2,C03,8,6,5,30,4,1,1,5,4,5,13,4,4,5,5,5,1,17,2,27,2,8,6,1,7,9,1,10,2,12,,44,,1,21,121.5062354,25.0293244
113,11,25,7,19,2,08士林區,士林區社正路45巷與社正路口,0,0,2,1,C03,8,5,5,30,4,2,1,5,4,5,13,4,4,5,5,5,2,17,2,48,2,9,5,1,7,9,1,10,1,12,,72,,1,21,121.5097667,25.08884791
113,11,25,7,19,2,08士林區,士林區社正路45巷與社正路口,0,0,2,2,C03,8,5,5,30,4,2,1,5,4,5,13,4,4,5,5,5,2,17,1,35,2,9,5,1,7,9,1,10,1,11,,44,,1,21,121.5097667,25.08884791
113,11,25,7,25,2,06松山區,松山區敦化北路與民權東路3段口,0,0,2,1,C03,8,6,5,50,4,2,1,5,4,5,13,1,1,1,3,5,2,13,1,56,2,9,6,1,7,9,1,10,1,11,,16,,1,21,121.5502371,25.0615205
113,11,25,7,25,2,06松山區,松山區敦化北路與民權東路3段口,0,0,2,2,C03,8,6,5,50,4,2,1,5,4,5,13,1,1,1,3,5,2,13,2,48,2,9,6,1,7,12,1,10,1,12,,44,,1,21,121.5502371,25.0615205
113,11,25,7,35,2,09北投區,北投區石牌路2段97巷與石牌路2段97巷6弄口,0,0,1,1,C03,8,7,5,50,3,2,1,5,4,5,13,4,4,5,5,5,2,3,2,33,3,10,6,1,7,9,1,9,2,11,,117,,1,22,121.5162244,25.1176966
113,11,25,7,35,2,09北投區,北投區石牌路2段97巷與石牌路2段97巷6弄口,0,0,1,2,H01,8,7,5,50,3,2,1,5,4,5,13,4,4,5,5,5,2,3,2,85,2,9,4,5,8,16,8,20,10,16,,121,,1,22,121.5162244,25.1176966
113,11,25,7,53,2,02萬華區,萬華區西園路1段145號,0,0,2,1,C03,7,7,5,40,14,9,1,5,4,5,13,4,4,1,3,5,2,18,1,43,2,7,5,1,7,9,1,10,2,14,,42,,1,21,121.4994045,25.0358104
113,11,25,7,53,2,02萬華區,萬華區西園路1段145號,0,0,2,2,,7,7,5,40,14,9,1,5,4,5,13,4,4,1,3,5,2,18,3,0,,,,,,,,,,,,67,,1,,121.4994045,25.0358104
113,11,25,7,53,2,02萬華區,萬華區西園路1段145號,0,0,2,3,H02,7,7,5,40,14,9,1,5,4,5,13,4,4,1,3,5,2,18,2,39,2,1,5,5,7,17,8,20,10,16,,67,,1,21,121.4994045,25.0358104
113,11,25,7,57,2,09北投區,北投區大度路2號加油站出口,0,0,2,1,C03,8,7,5,50,14,9,1,5,4,5,13,4,4,9,4,5,1,17,2,18,2,8,5,1,7,1,1,10,1,14,,19,,1,21,121.4987491,25.1213594
113,11,25,7,57,2,09北投區,北投區大度路2號加油站出口,0,0,2,2,C03,8,7,5,50,14,9,1,5,4,5,13,4,4,9,4,5,1,17,2,56,2,7,5,1,7,9,1,10,1,11,,44,,1,21,121.4987491,25.1213594
113,11,25,8,5,2,01大同區,大同區承德路3段與民族西路口,0,0,2,1,C03,8,7,5,50,4,2,1,5,4,5,13,2,1,1,4,5,2,17,2,52,2,9,3,4,7,15,1,10,1,12,,42,,1,21,121.5185048,25.0684227
113,11,25,8,5,2,01大同區,大同區承德路3段與民族西路口,0,0,2,2,C03,8,7,5,50,4,2,1,5,4,5,13,2,1,1,4,5,2,17,1,52,2,9,3,4,7,15,1,10,1,14,,42,,1,21,121.5185048,25.0684227
113,11,25,8,7,2,12內湖區,內湖區內湖路1段512號,0,0,1,1,B03,8,6,5,50,14,7,1,5,4,5,13,4,4,1,4,4,2,12,2,41,3,10,7,1,7,15,1,8,1,2,,42,,1,21,121.5737176,25.0805406
113,11,25,8,7,2,12內湖區,內湖區內湖路1段512號,0,0,1,2,C03,8,6,5,50,14,7,1,5,4,5,13,4,4,1,4,4,2,12,1,27,2,7,5,1,7,9,1,10,1,11,,13,,1,21,121.5737176,25.0805406
113,11,25,8,7,2,12內湖區,內湖區內湖路1段512號,0,0,1,3,,8,6,5,50,14,7,1,5,4,5,13,4,4,1,4,4,2,12,3,0,,,,,,,,,,,,61,,1,,121.5737176,25.0805406
113,11,25,8,20,2,04大安區,大安區金華街與信義路2段198巷口,0,0,1,1,C03,8,6,5,50,4,1,1,5,4,5,13,1,1,10,5,5,2,16,1,59,2,8,5,1,7,9,6,10,1,12,,4,,1,21,121.5314988,25.0300141
113,11,25,8,20,2,04大安區,大安區金華街與信義路2段198巷口,0,0,1,2,B01,8,6,5,50,4,1,1,5,4,5,13,1,1,10,5,5,2,16,1,60,3,10,7,1,7,5,1,2,1,4,,44,,1,21,121.5314988,25.0300141
113,11,25,8,25,2,10文山區,文山區木新路3段51號,0,0,1,1,C03,8,7,5,50,14,7,1,5,4,5,13,1,1,5,5,4,2,16,1,41,3,10,5,1,7,7,1,10,2,14,,44,,1,21,121.5641753,24.9824813
113,11,25,8,25,2,10文山區,文山區木新路3段51號,0,0,1,2,C03,8,7,5,50,14,7,1,5,4,5,13,1,1,5,5,4,2,16,1,74,2,8,5,4,7,5,1,10,2,12,,8,,1,21,121.5641753,24.9824813
113,11,25,8,25,2,11南港區,南港區忠孝東路6段(近玉成街),0,0,2,1,C03,8,7,5,50,14,9,1,5,4,5,13,4,4,1,4,5,2,13,2,30,2,9,5,1,7,9,1,10,1,11,,44,,1,21,121.5836852,25.0464913
113,11,25,8,25,2,11南港區,南港區忠孝東路6段(近玉成街),0,0,2,2,C03,8,7,5,50,14,9,1,5,4,5,13,4,4,1,4,5,2,13,2,42,2,9,5,1,7,9,1,10,1,13,,101,,1,21,121.5836852,25.0464913
113,11,25,8,26,2,10文山區,文山區羅斯福路6段與羅斯福路6段455巷口,0,0,2,1,C03,8,6,5,50,4,2,1,5,4,5,13,1,1,1,4,5,2,17,1,31,2,8,6,1,7,9,1,10,1,11,,108,,1,22,121.5398999,24.9904762
113,11,25,8,26,2,10文山區,文山區羅斯福路6段與羅斯福路6段455巷口,0,0,2,2,C03,8,6,5,50,4,2,1,5,4,5,13,1,1,1,4,5,2,17,2,30,2,1,6,1,7,9,1,10,1,13,,44,,1,22,121.5398999,24.9904762
113,11,25,8,26,2,10文山區,文山區羅斯福路6段與羅斯福路6段455巷口,0,0,2,3,A01,8,6,5,50,4,2,1,5,4,5,13,1,1,1,4,5,2,17,1,45,3,10,7,1,7,7,1,2,1,7,,100,,1,22,121.5398999,24.9904762
113,11,25,8,55,2,05中正區,中正區鄭州路與承德路1段口,0,0,1,1,C03,8,5,5,40,14,9,1,5,4,5,13,1,1,1,4,5,1,17,1,20,3,10,5,1,7,9,1,10,1,11,,16,,1,21,121.5159321,25.0487566
113,11,25,8,55,2,05中正區,中正區鄭州路與承德路1段口,0,0,1,2,C03,8,5,5,40,14,9,1,5,4,5,13,1,1,1,4,5,1,17,1,23,2,8,5,1,7,9,1,10,1,13,,44,,1,21,121.5159321,25.0487566
113,11,25,8,55,2,05中正區,中正區鄭州路與承德路1段口,0,0,1,3,B03,8,5,5,40,14,9,1,5,4,5,13,1,1,1,4,5,1,17,1,34,3,10,7,1,7,9,1,8,1,8,,44,,1,21,121.5159321,25.0487566
113,11,25,8,55,2,05中正區,中正區鄭州路與承德路1段口,0,0,1,4,C03,8,5,5,40,14,9,1,5,4,5,13,1,1,1,4,5,1,17,1,24,3,10,5,1,7,9,1,10,1,13,,44,,1,21,121.5159321,25.0487566
113,11,25,8,59,2,07信義區,信義區信義路6段與信義路6段76巷口,0,0,2,1,C03,7,7,5,50,4,1,1,5,4,5,13,1,1,9,4,5,2,17,2,61,2,9,5,1,7,5,1,10,2,12,,71,,1,21,121.5768149,25.0353317
113,11,25,8,59,2,07信義區,信義區信義路6段與信義路6段76巷口,0,0,2,2,C03,7,7,5,50,4,1,1,5,4,5,13,1,1,9,4,5,2,17,2,35,2,8,5,1,7,9,1,10,2,11,,44,,1,21,121.5768149,25.0353317
113,11,25,9,10,2,01大同區,大同區民權西路與民權西路144巷口,0,0,2,1,C03,7,6,5,50,4,1,2,5,4,5,13,2,1,5,5,5,2,16,1,22,2,9,6,1,7,15,1,10,2,12,,101,,1,23,121.5157377,25.0628521
113,11,25,9,10,2,01大同區,大同區民權西路與民權西路144巷口,0,0,2,2,C03,7,6,5,50,4,1,2,5,4,5,13,2,1,5,5,5,2,16,1,33,2,9,6,1,7,4,1,10,2,14,,44,,1,21,121.5157377,25.0628521
113,11,25,9,28,2,04大安區,大安區辛亥路2段185號,0,0,1,1,C03,8,6,5,50,14,7,1,5,4,5,13,4,4,1,4,4,2,13,2,27,2,8,5,1,7,9,1,10,1,11,,16,,1,22,121.5416445,25.021551
113,11,25,9,28,2,04大安區,大安區辛亥路2段185號,0,0,1,2,B03,8,6,5,50,14,7,1,5,4,5,13,4,4,1,4,4,2,13,1,36,3,10,7,1,7,12,1,8,1,3,,44,,1,22,121.5416445,25.021551
113,11,25,9,28,2,04大安區,大安區辛亥路2段185號,0,0,1,3,B01,8,6,5,50,14,7,1,5,4,5,13,4,4,1,4,4,2,13,1,62,3,10,7,1,7,14,1,4,9,17,,38,,1,22,121.5416445,25.021551
113,11,25,9,33,2,07信義區,信義區松德路與信義路5段口,0,0,1,1,A05,8,7,5,40,4,4,1,5,4,5,13,1,1,1,4,5,2,13,1,59,3,10,3,4,7,15,1,2,1,5,,113,,1,21,121.5746189,25.0332758
113,11,25,9,33,2,07信義區,信義區松德路與信義路5段口,0,0,1,2,C03,8,7,5,40,4,4,1,5,4,5,13,1,1,1,4,5,2,13,1,54,3,10,3,4,7,14,1,10,1,13,,44,,1,21,121.5746189,25.0332758
113,11,25,9,33,2,07信義區,信義區松德路與信義路5段口,0,0,1,3,C03,8,7,5,40,4,4,1,5,4,5,13,1,1,1,4,5,2,13,1,60,2,8,3,4,7,14,1,10,1,14,,44,,1,21,121.5746189,25.0332758
113,11,25,9,35,2,07信義區,信義區莊敬路391巷16弄與莊敬路391巷口口,0,0,1,1,C03,8,6,8,30,4,1,1,5,4,5,13,4,4,10,5,5,2,17,1,26,3,10,6,1,7,5,1,10,1,11,,72,,1,22,121.5658027,25.0282458
113,11,25,9,35,2,07信義區,信義區莊敬路391巷16弄與莊敬路391巷口口,0,0,1,2,C03,8,6,8,30,4,1,1,5,4,5,13,4,4,10,5,5,2,17,1,68,2,9,5,1,7,9,1,10,1,12,,14,,1,22,121.5658027,25.0282458
113,11,25,9,40,2,03中山區,中山區敬業三路161巷與樂群二路116巷口,0,0,1,1,C03,8,7,5,30,4,1,1,5,4,5,13,4,4,9,4,5,2,15,1,52,2,9,5,1,7,9,1,10,2,14,,72,,1,21,121.5558997,25.07935034
113,11,25,9,40,2,03中山區,中山區敬業三路161巷與樂群二路116巷口,0,0,1,2,B03,8,7,5,30,4,1,1,5,4,5,13,4,4,9,4,5,2,15,1,47,3,10,7,1,7,9,1,8,2,5,,14,,1,21,121.5558997,25.07935034
113,11,25,9,55,2,04大安區,大安區羅斯福路4段119巷與羅斯福路4段113巷19弄口旁,0,0,1,1,B03,8,6,5,30,3,2,1,5,4,5,13,4,4,5,5,5,2,14,1,65,3,10,7,1,7,2,1,8,1,3,,12,,1,21,121.5400138,25.0102884
113,11,25,9,55,2,04大安區,大安區羅斯福路4段119巷與羅斯福路4段113巷19弄口旁,0,0,1,2,C03,8,6,5,30,3,2,1,5,4,5,13,4,4,5,5,5,2,14,1,76,2,8,5,1,7,14,1,9,1,11,,44,,1,21,121.5400138,25.0102884
113,11,25,10,20,2,11南港區,南港區南湖大橋南往北,0,0,2,1,C03,8,7,5,50,8,9,1,5,4,5,13,4,4,1,3,5,1,13,1,23,3,10,5,1,7,8,1,10,1,13,,100,,1,21,121.6137287,25.0612747
113,11,25,10,20,2,11南港區,南港區南湖大橋南往北,0,0,2,2,C03,8,7,5,50,8,9,1,5,4,5,13,4,4,1,3,5,1,13,1,73,2,9,5,1,7,9,1,10,1,11,,44,,1,21,121.6137287,25.0612747
113,11,25,10,20,2,11南港區,南港區南湖大橋南往北,0,0,2,3,H02,8,7,5,50,8,9,1,5,4,5,13,4,4,1,3,5,1,13,2,70,2,9,5,5,7,21,8,20,10,16,,67,,1,21,121.6137287,25.0612747
113,11,25,10,31,2,10文山區,文山區老泉街與無名巷口,0,0,1,1,C03,8,7,5,50,3,1,1,5,4,5,13,3,1,5,5,5,2,15,1,48,2,9,5,1,7,15,6,10,2,11,,72,,1,21,121.5575508,24.9762331
113,11,25,10,31,2,10文山區,文山區老泉街與無名巷口,0,0,1,2,B03,8,7,5,50,3,1,1,5,4,5,13,3,1,5,5,5,2,15,1,33,3,10,7,1,7,15,1,3,2,5,,95,,1,21,121.5575508,24.9762331
113,11,25,10,37,2,04大安區,大安區潮州街107巷與潮州街口,0,0,1,1,C03,8,6,6,30,4,1,1,5,4,5,13,4,4,10,5,5,1,15,1,63,2,8,5,1,7,9,1,10,1,11,,72,,1,21,121.5275419,25.02869
113,11,25,10,37,2,04大安區,大安區潮州街107巷與潮州街口,0,0,1,2,B01,8,6,6,30,4,1,1,5,4,5,13,4,4,10,5,5,1,15,1,64,3,10,3,4,7,9,1,4,1,8,,14,,1,21,121.5275419,25.02869
113,11,25,10,38,2,11南港區,南港區南港路3段21號,0,0,1,1,C03,8,6,5,50,14,9,1,5,4,5,13,4,4,5,4,5,2,13,1,39,2,9,6,1,7,9,1,10,2,11,,108,,1,21,121.5912155,25.053863
113,11,25,10,38,2,11南港區,南港區南港路3段21號,0,0,1,2,C03,8,6,5,50,14,9,1,5,4,5,13,4,4,5,4,5,2,13,1,30,3,10,6,1,7,9,1,9,2,13,,44,,1,21,121.5912155,25.053863
113,11,25,10,38,2,11南港區,南港區南港路3段21號,0,0,1,3,C02,8,6,5,50,14,9,1,5,4,5,13,4,4,5,4,5,2,13,1,73,3,10,5,1,7,11,1,9,2,17,,10,,1,21,121.5912155,25.053863
113,11,25,11,13,2,06松山區,松山區民權東路4段與敦化北路口口附近,0,0,1,2,C03,7,6,5,50,14,9,1,5,4,5,13,4,4,9,4,4,2,16,1,41,2,8,6,1,7,9,1,10,1,14,,44,,1,21,121.5517514,25.0615192