發生年度,發生月,發生日,發生時-Hours,發生分,處理別-編號,區序,肇事地點,死亡人數,2-30日死亡人數,受傷人數,當事人序號,車種,天候,道路照明設備,道路類別,速限-速度限制,道路型態,事故位置,路面狀況1,路面狀況2,路面狀況3,道路障礙1,道路障礙2,號誌1,號誌2,車道劃分-分向,車道劃分-分道1,車道劃分-分道2,車道劃分-分道3,事故類型及型態,性別,年齡,受傷程度,主要傷處,保護裝置,行動電話,車輛用途,當事者行動狀態,駕駛資格情形,駕駛執照種類,飲酒情形,車輛撞擊部位1,車輛撞擊部位2,肇因碼-個別,肇因碼-主要,個人肇逃否,職業,座標-X,座標-Y
113,11,25,11,13,2,06松山區,松山區民權東路4段與敦化北路口口附近,0,0,1,1,B03,7,6,5,50,14,9,1,5,4,5,13,4,4,9,4,4,2,16,1,44,3,10,7,1,7,8,1,8,1,2,,100,,1,21,121.5517514,25.0615192
113,11,25,11,27,2,08士林區,士林區天母西路62巷與天母西路50巷口,0,0,1,1,C03,8,5,5,30,3,1,1,5,4,5,13,4,4,10,5,5,1,36,1,73,5,1,6,1,7,6,1,10,9,14,,116,,1,21,121.5241114,25.118022
113,11,25,11,27,2,08士林區,士林區天母西路62巷與天母西路50巷口,0,0,1,2,,8,5,5,30,3,1,1,5,4,5,13,4,4,10,5,5,1,36,3,0,,,,,,,,,,,,67,,1,,121.5241114,25.118022
113,11,25,11,30,2,05中正區,中正區公園路與貴陽街1段口,0,0,1,1,B01,8,6,5,50,4,1,1,5,4,5,13,1,1,5,4,5,2,2,1,72,3,10,7,1,7,5,1,8,2,8,,70,,1,21,121.5153267,25.0386502
113,11,25,11,30,2,05中正區,中正區公園路與貴陽街1段口,0,0,1,2,H01,8,6,5,50,4,1,1,5,4,5,13,1,1,5,4,5,2,2,2,75,2,9,4,5,8,16,8,20,10,16,,67,,1,21,121.5153267,25.0386502
113,11,25,12,10,2,04大安區,大安區和平東路1段91號,0,0,1,1,B12,8,6,5,50,14,8,1,5,4,5,13,4,4,1,4,4,2,12,1,31,3,10,3,4,7,8,1,8,1,3,,80,,1,21,121.5256783,25.0269311
113,11,25,12,10,2,04大安區,大安區和平東路1段91號,0,0,1,2,C03,8,6,5,50,14,8,1,5,4,5,13,4,4,1,4,4,2,12,2,39,2,9,5,4,7,9,1,10,1,11,,44,,1,21,121.5256783,25.0269311
113,11,25,12,52,2,08士林區,士林區中山北路6段765號,0,0,1,1,C03,8,6,5,50,14,9,1,5,4,5,13,4,4,10,5,5,1,16,1,66,2,9,5,1,7,7,1,10,1,14,,100,,1,21,121.5281148,25.1158423
113,11,25,12,52,2,08士林區,士林區中山北路6段765號,0,0,1,2,B01,8,6,5,50,14,9,1,5,4,5,13,4,4,10,5,5,1,16,1,61,3,10,7,1,7,9,1,4,1,2,,44,,1,21,121.5281148,25.1158423
113,11,25,13,4,2,07信義區,信義區信安街與信安街115巷口,0,0,1,1,C03,8,6,5,50,4,2,1,5,4,5,13,4,4,5,5,5,2,17,1,47,3,10,5,1,7,9,1,10,1,17,,30,,1,21,121.5561238,25.02484
113,11,25,13,4,2,07信義區,信義區信安街與信安街115巷口,0,0,1,2,C03,8,6,5,50,4,2,1,5,4,5,13,4,4,5,5,5,2,17,1,24,2,9,5,1,7,9,1,10,1,17,,44,,1,21,121.5561238,25.02484
113,11,25,13,27,2,03中山區,中山區中山北路3段圓山下坡道,0,0,1,1,C03,8,7,5,50,14,9,1,5,4,5,13,1,1,10,4,5,2,13,2,18,2,9,5,1,7,9,1,10,1,11,,16,,1,22,121.5257458,25.0753442
113,11,25,13,27,2,03中山區,中山區中山北路3段圓山下坡道,0,0,1,2,B03,8,7,5,50,14,9,1,5,4,5,13,1,1,10,4,5,2,13,1,40,3,10,7,1,7,14,1,8,1,7,,44,,1,22,121.5257458,25.0753442
113,11,25,13,30,2,01大同區,大同區民權西路與民權西路160巷口,0,0,1,1,B03,8,6,5,50,3,2,1,5,4,5,13,4,4,8,3,5,1,17,1,32,3,10,3,4,7,6,1,4,11,17,,9,,1,21,121.5155877,25.06286756
113,11,25,13,30,2,01大同區,大同區民權西路與民權西路160巷口,0,0,1,2,C03,8,6,5,50,3,2,1,5,4,5,13,4,4,8,3,5,1,17,1,35,2,9,3,4,7,9,1,10,1,14,,14,,1,21,121.5155877,25.06286756
113,11,25,13,37,2,11南港區,南港區大坑街與東勢街口,0,0,1,1,C03,8,6,5,50,4,1,1,5,4,5,13,4,4,5,5,5,2,16,2,59,2,9,5,1,7,5,1,10,1,11,,72,,1,21,121.6238624,25.0388444
113,11,25,13,37,2,11南港區,南港區大坑街與東勢街口,0,0,1,2,B02,8,6,5,50,4,1,1,5,4,5,13,4,4,5,5,5,2,16,1,22,3,10,3,4,7,9,1,8,1,2,,44,,1,21,121.6238624,25.0388444
113,11,25,13,42,2,09北投區,北投區吉利街123巷與吉利街口口,0,0,2,1,C03,8,6,5,30,4,2,1,5,4,5,13,2,1,10,5,5,2,17,2,18,2,9,6,1,7,9,1,10,2,12,,17,,1,22,121.5064801,25.1186733
113,11,25,13,42,2,09北投區,北投區吉利街123巷與吉利街口口,0,0,2,2,C03,8,6,5,30,4,2,1,5,4,5,13,2,1,10,5,5,2,17,2,57,2,9,6,1,7,5,3,18,2,11,,8,,1,22,121.5064801,25.1186733
113,11,25,13,55,2,08士林區,士林區中正路391號,0,0,1,1,B03,8,5,8,50,22,22,1,5,4,5,13,4,4,1,4,5,1,17,2,61,3,10,7,1,7,5,1,8,1,1,,8,,1,21,121.5211705,25.09414888
113,11,25,13,55,2,08士林區,士林區中正路391號,0,0,1,2,C03,8,5,8,50,22,22,1,5,4,5,13,4,4,1,4,5,1,17,1,22,2,9,5,1,7,9,1,10,1,11,,99,,1,21,121.5211705,25.09414888
113,11,25,14,15,2,12內湖區,內湖區成功路3段與文德路口附近,0,0,2,1,C03,8,6,5,50,5,2,1,5,4,5,13,1,1,1,3,5,1,12,1,24,2,9,6,1,7,9,1,10,1,12,,16,,1,21,121.5898042,25.078219
113,11,25,14,15,2,12內湖區,內湖區成功路3段與文德路口附近,0,0,2,2,C03,8,6,5,50,5,2,1,5,4,5,13,1,1,1,3,5,1,12,1,62,2,9,6,1,7,9,1,10,1,13,,44,,1,21,121.5898042,25.078219
113,11,25,14,15,2,12內湖區,內湖區成功路3段與文德路口附近,0,0,2,3,B03,8,6,5,50,5,2,1,5,4,5,13,1,1,1,3,5,1,12,1,72,3,10,7,1,7,14,1,8,1,17,,44,,1,21,121.5898042,25.078219
113,11,25,14,40,2,05中正區,中正區汀州路2段與汀州路2段6巷口口,0,0,1,1,B02,7,6,5,50,3,1,1,5,4,5,13,4,4,9,5,5,2,16,1,42,3,10,3,4,7,6,1,8,2,2,,9,,1,21,121.5157514,25.0257957
113,11,25,14,40,2,05中正區,中正區汀州路2段與汀州路2段6巷口口,0,0,1,2,C03,7,6,5,50,3,1,1,5,4,5,13,4,4,9,5,5,2,16,1,35,2,7,6,1,7,9,1,10,2,11,,13,,1,21,121.5157514,25.0257957
113,11,25,14,50,2,03中山區,中山區吉林路與民族東路口,0,0,1,1,B01,8,7,5,50,3,1,1,5,4,5,13,1,1,9,4,5,2,3,1,57,3,10,7,1,7,5,1,4,2,1,,70,,1,21,121.530101,25.06839189
113,11,25,14,50,2,03中山區,中山區吉林路與民族東路口,0,0,1,2,H01,8,7,5,50,3,1,1,5,4,5,13,1,1,9,4,5,2,3,1,64,2,8,4,5,8,18,8,20,10,16,,67,,1,21,121.530101,25.06839189
113,11,25,15,2,2,09北投區,北投區大度路與中央北路2段257巷口口,0,0,3,1,C03,8,6,5,70,5,1,1,5,4,5,13,2,1,1,4,1,2,17,1,62,2,9,6,1,7,6,1,10,1,12,,42,,1,22,121.4864618,25.1220972
113,11,25,15,2,2,09北投區,北投區大度路與中央北路2段257巷口口,0,0,3,2,C03,8,6,5,70,5,1,1,5,4,5,13,2,1,1,4,1,2,17,1,35,2,9,6,1,7,9,1,10,1,11,,44,,1,22,121.4864618,25.1220972
113,11,25,15,2,2,09北投區,北投區大度路與中央北路2段257巷口口,0,0,3,3,H02,8,6,5,70,5,1,1,5,4,5,13,2,1,1,4,1,2,17,2,31,2,9,4,5,8,20,8,20,10,16,,67,,1,22,121.4864618,25.1220972
113,11,25,15,21,2,07信義區,信義區吳興街與吳興街260巷口,0,0,1,1,B01,8,7,8,30,4,2,1,5,4,5,13,4,4,10,5,5,2,4,1,64,3,10,3,4,7,9,1,4,1,1,,70,,1,21,121.5638667,25.0267421
113,11,25,15,21,2,07信義區,信義區吳興街與吳興街260巷口,0,0,1,2,H01,8,7,8,30,4,2,1,5,4,5,13,4,4,10,5,5,2,4,2,23,2,9,4,5,8,18,8,20,1,16,,67,,1,22,121.5638667,25.0267421
113,11,25,15,38,2,03中山區,中山區市民大道2段與林森北路口,0,0,1,1,C03,7,6,5,40,4,1,1,5,4,5,13,2,1,1,5,5,1,16,1,23,3,10,3,4,7,9,1,9,1,12,,108,,1,21,121.5242392,25.04790612
113,11,25,15,38,2,03中山區,中山區市民大道2段與林森北路口,0,0,1,2,C03,7,6,5,40,4,1,1,5,4,5,13,2,1,1,5,5,1,16,2,49,2,8,3,4,7,5,3,18,1,14,,44,,1,21,121.5242392,25.04790612
113,11,25,15,44,2,07信義區,信義區信義路5段100-1號停車場出入口,0,0,1,1,B03,8,6,5,50,22,9,1,5,4,5,13,4,4,1,4,5,2,16,1,51,3,10,7,1,7,6,1,8,2,2,,9,,1,22,121.5650163,25.0328146
113,11,25,15,44,2,07信義區,信義區信義路5段100-1號停車場出入口,0,0,1,2,C03,8,6,5,50,22,9,1,5,4,5,13,4,4,1,4,5,2,16,2,43,2,9,6,1,7,4,1,10,2,14,,108,,1,22,121.5650163,25.0328146
113,11,25,15,58,2,04大安區,大安區東豐街與復興南路1段279巷30弄口,0,0,1,1,C03,7,6,5,30,4,1,1,5,4,5,13,4,4,10,5,5,2,15,2,69,2,9,5,1,7,9,1,8,1,11,,73,,1,21,121.5451246,25.03603628
113,11,25,15,58,2,04大安區,大安區東豐街與復興南路1段279巷30弄口,0,0,1,2,B03,7,6,5,30,4,1,1,5,4,5,13,4,4,10,5,5,2,15,2,27,3,10,7,1,7,9,1,8,1,2,,44,,1,21,121.5451246,25.03603628
113,11,25,16,0,2,07信義區,信義區吳興街與吳興街260巷口,0,0,1,1,C03,8,6,5,30,4,2,1,5,4,5,13,4,4,9,5,5,2,17,1,45,3,10,5,1,7,5,1,9,1,12,,8,,1,21,121.5639179,25.026751
113,11,25,16,0,2,07信義區,信義區吳興街與吳興街260巷口,0,0,1,2,F01,8,6,5,30,4,2,1,5,4,5,13,4,4,9,5,5,2,17,1,11,2,9,2,1,7,9,8,20,1,11,,108,,1,21,121.5639179,25.026751
113,11,25,17,10,2,02萬華區,萬華區康定路與武昌街2段口,0,0,1,1,C03,7,5,5,50,4,1,1,5,4,5,13,2,1,5,5,5,2,17,1,74,2,8,6,1,7,5,1,10,1,14,,8,,1,21,121.5031617,25.0455996
113,11,25,17,10,2,02萬華區,萬華區康定路與武昌街2段口,0,0,1,2,B03,7,5,5,50,4,1,1,5,4,5,13,2,1,5,5,5,2,17,1,23,3,10,7,1,7,9,1,8,1,2,,44,,1,21,121.5031617,25.0455996
113,11,25,17,20,2,02萬華區,萬華區艋舺大道與西藏路口,0,0,2,1,B03,7,5,5,50,4,2,1,5,4,5,13,2,1,1,4,5,1,17,4,68,4,11,3,4,7,6,7,19,11,15,,119,,2,22,121.491398,25.0289931
113,11,25,17,20,2,02萬華區,萬華區艋舺大道與西藏路口,0,0,2,2,C04,7,5,5,50,4,2,1,5,4,5,13,2,1,1,4,5,1,17,1,83,2,9,3,4,7,9,1,10,1,14,,42,,1,22,121.491398,25.0289931
113,11,25,17,20,2,02萬華區,萬華區艋舺大道與西藏路口,0,0,2,3,H02,7,5,5,50,4,2,1,5,4,5,13,2,1,1,4,5,1,17,2,76,2,9,3,5,7,20,8,20,10,16,,60,,1,22,121.491398,25.0289931
113,11,25,17,44,2,01大同區,萬華區堤外便道與桂林路口水門口,0,0,2,1,C03,8,5,5,40,4,1,1,5,4,5,13,2,1,5,5,5,2,3,1,42,2,9,6,1,7,9,1,10,2,11,,108,,1,21,121.4958398,25.0389973
113,11,25,17,44,2,01大同區,萬華區堤外便道與桂林路口水門口,0,0,2,2,H01,8,5,5,40,4,1,1,5,4,5,13,2,1,5,5,5,2,3,1,55,2,9,4,5,8,16,8,20,10,16,,121,,1,23,121.4958398,25.0389973
113,11,25,17,46,2,10文山區,文山區木新路2段與恆光街口,0,0,1,1,B03,7,5,5,50,4,1,1,5,4,5,13,2,1,10,5,4,2,16,1,44,3,10,7,1,7,5,1,8,1,5,,8,,1,21,121.5667451,24.9832317
113,11,25,17,46,2,10文山區,文山區木新路2段與恆光街口,0,0,1,2,C03,7,5,5,50,4,1,1,5,4,5,13,2,1,10,5,4,2,16,1,32,2,8,6,1,7,9,1,10,1,11,,44,,1,21,121.5667451,24.9832317
113,11,25,18,14,2,12內湖區,內湖區新湖一路與舊宗路1段口口,0,0,2,1,C03,7,5,5,50,4,1,1,5,4,5,13,1,1,1,5,5,2,16,2,69,2,9,6,1,7,5,1,10,1,14,,80,,1,21,121.5792388,25.0603144
113,11,25,18,14,2,12內湖區,內湖區新湖一路與舊宗路1段口口,0,0,2,2,B03,7,5,5,50,4,1,1,5,4,5,13,1,1,1,5,5,2,16,2,51,3,10,7,1,7,9,1,8,1,5,,44,,1,21,121.5792388,25.0603144
113,11,25,18,14,2,12內湖區,內湖區新湖一路與舊宗路1段口口,0,0,2,3,H02,7,5,5,50,4,1,1,5,4,5,13,1,1,1,5,5,2,16,2,43,2,9,6,5,7,20,8,20,10,16,,67,,1,21,121.5792388,25.0603144
113,11,25,18,17,2,09北投區,北投區學園路2號與學園路口城市科大校門口,0,0,2,1,C03,7,5,5,30,4,2,1,5,4,5,13,2,1,5,5,5,2,11,1,19,2,7,5,1,7,9,1,10,1,12,,108,,1,25,121.4674119,25.1329355
113,11,25,18,17,2,09北投區,北投區學園路2號與學園路口城市科大校門口,0,0,2,2,C03,7,5,5,30,4,2,1,5,4,5,13,2,1,5,5,5,2,11,1,24,2,8,5,1,7,5,1,10,9,12,,8,,1,25,121.4674119,25.1329355
113,11,25,18,30,2,08士林區,士林區福林路與中山北路5段470巷口,0,0,3,1,C02,8,5,8,50,3,1,1,5,4,5,13,4,4,5,4,5,1,12,1,55,2,9,6,1,7,11,1,9,1,14,,10,,1,21,121.529147,25.0944528
113,11,25,18,30,2,08士林區,士林區福林路與中山北路5段470巷口,0,0,3,2,C03,8,5,8,50,3,1,1,5,4,5,13,4,4,5,4,5,1,12,1,19,2,9,6,1,7,9,1,10,1,12,,108,,1,21,121.529147,25.0944528
113,11,25,18,30,2,08士林區,士林區福林路與中山北路5段470巷口,0,0,3,3,H02,8,5,8,50,3,1,1,5,4,5,13,4,4,5,4,5,1,12,2,55,2,9,6,5,7,21,8,20,10,17,,67,,1,21,121.529147,25.0944528
113,11,25,18,42,2,10文山區,文山區秀明路1段與久康街口,0,0,1,1,B03,6,5,5,50,4,1,1,4,4,5,13,2,1,10,5,5,2,9,1,46,3,10,3,4,7,11,1,8,1,1,,10,,1,22,121.5649171,24.9896765
113,11,25,18,42,2,10文山區,文山區秀明路1段與久康街口,0,0,1,2,H01,6,5,5,50,4,1,1,4,4,5,13,2,1,10,5,5,2,9,2,58,2,9,4,5,8,16,8,20,10,16,,121,,1,22,121.5649171,24.9896765
113,11,25,19,2,2,05中正區,中正區市民大道2段與市民大道2段口1001795燈桿,0,0,3,1,C03,8,5,5,40,3,2,1,5,4,5,13,4,4,1,5,5,2,17,1,44,2,9,6,1,7,5,1,10,1,11,12,72,,1,21,121.5211492,25.04788178
113,11,25,19,2,2,05中正區,中正區市民大道2段與市民大道2段口1001795燈桿,0,0,3,2,C03,8,5,5,40,3,2,1,5,4,5,13,4,4,1,5,5,2,17,1,26,2,9,6,1,7,9,1,10,1,14,12,13,,1,21,121.5211492,25.04788178
113,11,25,19,2,2,05中正區,中正區市民大道2段與市民大道2段口1001795燈桿,0,0,3,3,C03,8,5,5,40,3,2,1,5,4,5,13,4,4,1,5,5,2,17,2,21,2,9,6,1,7,9,1,10,1,11,14,108,,1,21,121.5211492,25.04788178
113,11,25,19,39,2,08士林區,士林區士東路91巷11-1號,0,0,2,1,C03,8,5,5,30,14,9,1,5,4,5,13,4,4,5,5,5,2,17,1,25,2,1,6,1,7,9,1,10,1,11,,107,,1,21,121.5293622,25.1128959
113,11,25,19,39,2,08士林區,士林區士東路91巷11-1號,0,0,2,2,F01,8,5,5,30,14,9,1,5,4,5,13,4,4,5,5,5,2,17,2,69,2,8,4,1,7,8,8,20,10,13,,4,,1,21,121.5293622,25.1128959
113,11,25,20,15,2,12內湖區,內湖區瑞光路與瑞光路258巷口,0,0,2,1,C03,7,5,5,50,4,1,1,5,4,5,13,2,1,5,4,5,1,13,1,30,2,8,6,1,7,9,1,10,1,11,,16,,1,21,121.5759955,25.0756792
113,11,25,20,15,2,12內湖區,內湖區瑞光路與瑞光路258巷口,0,0,2,2,C03,7,5,5,50,4,1,1,5,4,5,13,2,1,5,4,5,1,13,2,43,2,9,6,1,7,9,1,10,1,13,,44,,1,21,121.5759955,25.0756792
113,11,25,21,6,2,03中山區,中山區市民大道3段179號,0,0,1,1,F03,8,5,5,40,14,9,1,5,4,5,13,4,4,1,4,5,2,23,2,56,2,9,4,1,7,15,8,20,9,11,,42,,1,21,121.5420496,25.0447564
113,11,25,21,6,2,03中山區,中山區市民大道3段179號,0,0,1,2,,8,5,5,40,14,9,1,5,4,5,13,4,4,1,4,5,2,23,3,0,,,,,,,,,,,,67,,1,,121.5420496,25.0447564
113,11,25,21,10,2,07信義區,信義區松高路與市府路口,0,0,1,1,B03,7,5,5,50,4,18,1,5,4,5,13,1,1,4,3,5,2,3,1,55,3,10,7,1,7,5,1,8,2,1,,70,,1,21,121.5635776,25.0390207
113,11,25,21,10,2,07信義區,信義區松高路與市府路口,0,0,1,2,H01,7,5,5,50,4,18,1,5,4,5,13,1,1,4,3,5,2,3,2,72,2,9,4,5,8,16,8,20,10,16,,67,,1,21,121.5635776,25.0390207
113,11,25,21,13,2,04大安區,大安區市民大道4段34號,0,0,3,1,C03,7,5,5,40,14,6,1,5,4,5,13,4,4,1,3,1,2,16,1,21,2,9,5,1,7,5,1,10,1,14,,8,,1,21,121.545337,25.0447896
113,11,25,21,13,2,04大安區,大安區市民大道4段34號,0,0,3,2,C02,7,5,5,40,14,6,1,5,4,5,13,4,4,1,3,1,2,16,1,33,2,9,5,1,7,9,1,9,1,12,,13,,1,21,121.545337,25.0447896
113,11,25,21,13,2,04大安區,大安區市民大道4段34號,0,0,3,3,H02,7,5,5,40,14,6,1,5,4,5,13,4,4,1,3,1,2,16,2,21,2,9,5,5,7,17,8,20,10,16,,67,,1,21,121.545337,25.0447896
113,11,25,22,3,2,04大安區,大安區基隆路2段172-1號,0,0,1,1,C03,8,5,5,50,14,9,1,5,4,5,13,4,4,8,3,5,2,12,2,30,2,7,3,4,7,9,1,10,1,12,,44,,1,21,121.5540446,25.0259203
113,11,25,22,3,2,04大安區,大安區基隆路2段172-1號,0,0,1,2,B03,8,5,5,50,14,9,1,5,4,5,13,4,4,8,3,5,2,12,1,56,3,10,3,4,7,1,1,8,1,4,,19,,1,21,121.5540446,25.0259203
113,11,25,22,33,2,01大同區,大同區重慶北路3段機慢車道北往南（J8),0,0,2,1,C03,7,5,7,30,14,12,1,5,4,5,13,4,4,10,5,5,2,17,1,25,2,9,5,1,7,9,1,9,1,12,,108,,1,21,121.5124212,25.07837256
113,11,25,22,33,2,01大同區,大同區重慶北路3段機慢車道北往南（J8),0,0,2,2,F01,7,5,7,30,14,12,1,5,4,5,13,4,4,10,5,5,2,17,2,26,2,8,4,1,7,9,8,20,1,14,,44,,1,21,121.5124212,25.07837256
113,11,25,22,56,2,07信義區,信義區松山路669號,0,0,1,1,C03,8,5,5,30,14,9,1,5,4,5,13,4,4,10,5,5,2,36,1,18,2,9,5,1,7,9,3,18,1,11,,108,,1,21,121.5811509,25.0330686
113,11,25,22,56,2,07信義區,信義區松山路669號,0,0,1,2,,8,5,5,30,14,9,1,5,4,5,13,4,4,10,5,5,2,36,3,0,,,,,,,,,,,,,,1,,121.5811509,25.0330686
113,11,26,0,19,1,03中山區,中山區民生東路2段與建國北路2段口,1,0,0,1,B01,8,5,5,50,4,1,1,5,4,5,13,2,1,1,4,5,2,16,1,62,3,10,7,4,7,5,1,4,2,2,,71,,1,21,121.5366716,25.0577534
113,11,26,0,19,1,03中山區,中山區民生東路2段與建國北路2段口,1,0,0,2,C03,8,5,5,50,4,1,1,5,4,5,13,2,1,1,4,5,2,16,1,40,1,9,6,4,7,9,1,10,9,11,,13,,1,21,121.5366716,25.0577534
113,11,26,1,35,2,08士林區,士林區重慶北路4段與重慶北路4段49巷口,0,0,1,1,C03,7,5,5,50,3,1,1,5,4,5,13,2,1,1,3,5,1,16,1,21,2,8,5,1,7,5,1,10,1,14,,98,,1,22,121.5132192,25.0811106
113,11,26,1,35,2,08士林區,士林區重慶北路4段與重慶北路4段49巷口,0,0,1,2,B03,7,5,5,50,3,1,1,5,4,5,13,2,1,1,3,5,1,16,1,40,3,10,3,4,7,9,1,8,1,1,,44,,1,21,121.5132192,25.0811106
113,11,26,6,40,2,08士林區,士林區延平北路7段106巷與無名巷口,0,0,1,1,C03,6,6,5,30,3,1,1,4,4,5,13,4,4,10,5,5,1,17,1,30,2,9,3,4,7,9,1,10,1,14,,13,,1,21,121.4962297,25.0991355
113,11,26,6,40,2,08士林區,士林區延平北路7段106巷與無名巷口,0,0,1,2,C03,6,6,5,30,3,1,1,4,4,5,13,4,4,10,5,5,1,17,1,36,3,10,3,4,7,7,1,10,1,14,,101,,1,21,121.4962297,25.0991355
113,11,26,7,30,2,03中山區,中山區建國北路1段55號,0,0,1,1,C03,6,5,5,50,14,9,1,4,4,5,13,4,4,10,5,5,2,12,1,58,2,9,5,1,7,9,1,10,1,12,,17,,1,22,121.5369706,25.0500412
113,11,26,7,30,2,03中山區,中山區建國北路1段55號,0,0,1,2,C03,6,5,5,50,14,9,1,4,4,5,13,4,4,10,5,5,2,12,1,44,3,10,5,1,7,9,1,10,1,14,,17,,1,22,121.5369706,25.0500412
113,11,26,7,33,2,02萬華區,萬華區桂林路246巷與桂林路244巷口,0,0,1,1,C03,7,7,5,30,3,1,1,4,4,5,13,1,1,10,5,5,2,13,1,64,3,10,6,1,7,9,1,10,1,11,,107,,1,21,121.4941983,25.0377564
113,11,26,7,33,2,02萬華區,萬華區桂林路246巷與桂林路244巷口,0,0,1,2,C03,7,7,5,30,3,1,1,4,4,5,13,1,1,10,5,5,2,13,2,43,2,9,6,1,7,14,1,10,1,13,,44,,1,21,121.4941983,25.0377564
113,11,26,7,40,2,03中山區,中山區民權東路2段與建國北路3段口,0,0,1,1,B03,6,7,5,50,5,1,1,4,4,5,13,1,1,1,4,5,2,17,1,50,3,10,7,1,7,6,1,8,2,2,,44,,1,21,121.536678,25.0624934
113,11,26,7,40,2,03中山區,中山區民權東路2段與建國北路3段口,0,0,1,2,F01,6,7,5,50,5,1,1,4,4,5,13,1,1,1,4,5,2,17,2,23,2,8,4,1,7,11,8,20,1,11,,44,,1,21,121.536678,25.0624934
113,11,26,7,48,2,04大安區,大安區和平東路1段與青田街口口,0,0,2,1,B03,6,6,5,50,5,1,1,4,4,5,13,2,1,1,4,5,2,17,1,43,3,10,7,1,7,9,1,8,1,8,,42,,1,21,121.5320344,25.0262565
113,11,26,7,48,2,04大安區,大安區和平東路1段與青田街口口,0,0,2,2,C03,6,6,5,50,5,1,1,4,4,5,13,2,1,1,4,5,2,17,1,27,2,7,5,1,7,5,1,10,1,12,,44,,1,21,121.5320344,25.0262565
113,11,26,7,48,2,04大安區,大安區和平東路1段與青田街口口,0,0,2,3,H02,6,6,5,50,5,1,1,4,4,5,13,2,1,1,4,5,2,17,2,28,2,9,5,5,7,20,8,20,10,16,,67,,1,21,121.5320344,25.0262565
113,11,26,7,55,2,06松山區,松山區八德路4段636號,0,0,1,1,B01,6,6,5,50,14,8,1,4,4,5,13,4,4,1,3,4,2,17,1,51,3,10,3,4,7,8,1,4,1,5,,44,,1,21,121.5733525,25.0498918
113,11,26,7,55,2,06松山區,松山區八德路4段636號,0,0,1,2,C03,6,6,5,50,14,8,1,4,4,5,13,4,4,1,3,4,2,17,1,59,2,9,6,1,7,9,1,10,1,14,,108,,1,21,121.5733525,25.0498918
113,11,26,8,10,2,01大同區,大同區敦煌路與敦煌路80巷口,0,0,2,1,B03,6,7,5,50,3,2,1,4,4,5,13,2,1,1,5,5,2,17,1,64,3,10,3,4,7,6,1,8,1,5,,9,,1,21,121.5176473,25.0757726
113,11,26,8,10,2,01大同區,大同區敦煌路與敦煌路80巷口,0,0,2,2,C03,6,7,5,50,3,2,1,4,4,5,13,2,1,1,5,5,2,17,2,38,2,9,3,4,7,9,1,10,1,13,,44,,1,21,121.5176473,25.0757726
113,11,26,8,10,2,01大同區,大同區敦煌路與敦煌路80巷口,0,0,2,3,H02,6,7,5,50,3,2,1,4,4,5,13,2,1,1,5,5,2,17,2,16,2,9,3,5,7,20,8,20,10,16,,67,,1,21,121.5176473,25.0757726
113,11,26,8,16,2,09北投區,北投區承德路6段與福國路口,0,0,2,1,C03,6,7,5,40,14,9,1,4,4,5,13,2,1,1,4,4,2,12,2,30,2,9,6,1,7,8,1,10,1,14,,108,,1,22,121.5125706,25.1009513
113,11,26,8,16,2,09北投區,北投區承德路6段與福國路口,0,0,2,2,C03,6,7,5,40,14,9,1,4,4,5,13,2,1,1,4,4,2,12,1,55,2,9,6,1,7,8,1,10,1,12,,100,,1,22,121.5125706,25.1009513
113,11,26,8,21,2,03中山區,中山區中山北路1段與市民大道1段口,0,0,1,1,B02,7,5,5,50,4,1,1,5,4,5,13,1,1,1,3,5,2,16,1,70,3,10,7,1,7,6,1,8,1,2,,9,,1,22,121.5206889,25.0482356
113,11,26,8,21,2,03中山區,中山區中山北路1段與市民大道1段口,0,0,1,2,C03,7,5,5,50,4,1,1,5,4,5,13,1,1,1,3,5,2,16,2,26,2,9,5,1,7,9,1,10,1,11,,44,,1,22,121.5206889,25.0482356
113,11,26,8,21,2,07信義區,信義區永吉路200巷56弄與永吉路200巷口,0,0,1,1,C03,6,7,5,30,4,1,1,4,4,5,13,4,4,5,5,5,2,17,1,38,2,9,3,4,7,9,1,10,1,14,,44,,1,21,121.5726143,25.0434205
113,11,26,8,21,2,07信義區,信義區永吉路200巷56弄與永吉路200巷口,0,0,1,2,C03,6,7,5,30,4,1,1,4,4,5,13,4,4,5,5,5,2,17,1,28,3,10,3,4,7,5,3,18,1,17,,44,,1,21,121.5726143,25.0434205
113,11,26,8,22,2,01大同區,大同區南京西路與重慶北路1段口,0,0,1,1,A04,6,6,5,50,5,1,1,4,4,5,13,4,4,1,5,5,2,16,1,26,3,10,7,1,7,5,1,2,1,8,,8,,1,21,121.5142551,25.0539319
113,11,26,8,22,2,01大同區,大同區南京西路與重慶北路1段口,0,0,1,2,F01,6,6,5,50,5,1,1,4,4,5,13,4,4,1,5,5,2,16,2,66,2,9,4,1,7,11,8,20,1,13,,11,,1,21,121.5142551,25.0539319
113,11,26,8,27,2,06松山區,松山區光復北路與民生東路5段27巷9弄口,0,0,1,1,B03,6,6,5,30,3,1,1,4,4,5,13,4,4,9,4,4,2,17,1,44,3,10,7,1,7,6,1,8,1,8,,72,,1,21,121.5549555,25.0599259