發生年度,發生月,發生日,發生時-Hours,發生分,處理別-編號,區序,肇事地點,死亡人數,2-30日死亡人數,受傷人數,當事人序號,車種,天候,道路照明設備,道路類別,速限-速度限制,道路型態,事故位置,路面狀況1,路面狀況2,路面狀況3,道路障礙1,道路障礙2,號誌1,號誌2,車道劃分-分向,車道劃分-分道1,車道劃分-分道2,車道劃分-分道3,事故類型及型態,性別,年齡,受傷程度,主要傷處,保護裝置,行動電話,車輛用途,當事者行動狀態,駕駛資格情形,駕駛執照種類,飲酒情形,車輛撞擊部位1,車輛撞擊部位2,肇因碼-個別,肇因碼-主要,個人肇逃否,職業,座標-X,座標-Y
113,11,26,8,27,2,06松山區,松山區光復北路與民生東路5段27巷9弄口,0,0,1,2,C03,6,6,5,30,3,1,1,4,4,5,13,4,4,9,4,4,2,17,1,62,2,9,6,1,7,9,1,10,1,11,,13,,1,21,121.5549555,25.0599259
113,11,26,8,27,2,06松山區,松山區光復北路與民生東路5段27巷9弄口,0,0,1,3,B03,6,6,5,30,3,1,1,4,4,5,13,4,4,9,4,4,2,17,2,60,3,10,7,1,7,14,1,8,1,1,,44,,1,21,121.5549555,25.0599259
113,11,26,8,30,2,03中山區,中山區民權西路70巷與天祥路60巷口,0,0,1,1,F02,6,7,5,30,3,1,1,4,4,5,13,4,4,10,5,5,2,16,2,24,2,8,4,4,7,9,8,20,1,11,,42,,2,21,121.519842,25.06216098
113,11,26,8,30,2,03中山區,中山區民權西路70巷與天祥路60巷口,0,0,1,2,B03,6,7,5,30,3,1,1,4,4,5,13,4,4,10,5,5,2,16,1,41,3,10,3,4,7,5,1,8,1,8,,80,,1,21,121.519842,25.06216098
113,11,26,8,53,2,05中正區,中正區凱達格蘭大道與公園路口,0,0,1,2,C03,6,7,5,50,4,2,1,4,4,5,13,1,1,9,4,5,2,12,2,56,2,9,5,1,7,9,1,10,2,14,,44,,1,21,121.5154746,25.03954099
113,11,26,8,53,2,05中正區,中正區凱達格蘭大道與公園路口,0,0,1,1,B03,6,7,5,50,4,2,1,4,4,5,13,1,1,9,4,5,2,12,1,39,3,10,7,1,7,8,1,8,2,2,,100,,1,21,121.5154746,25.03954099
113,11,26,9,3,2,03中山區,中山區民權東路2段152巷與松江路297巷口,0,0,1,1,C03,6,6,5,30,4,1,1,4,4,5,13,4,4,8,5,5,1,15,1,54,3,10,3,4,7,9,1,10,1,14,,72,,1,21,121.5348558,25.0610603
113,11,26,9,3,2,03中山區,中山區民權東路2段152巷與松江路297巷口,0,0,1,2,C03,6,6,5,30,4,1,1,4,4,5,13,4,4,8,5,5,1,15,2,46,2,9,3,4,7,9,1,10,1,11,,44,,1,21,121.5348558,25.0610603
113,11,26,9,5,2,10文山區,文山區木柵路4段159巷0706803電桿號,0,0,1,1,B01,6,6,7,30,11,9,1,4,4,5,13,4,4,10,5,5,2,17,1,46,3,10,7,1,7,9,1,8,1,4,,118,,1,22,121.5770017,25.0117156
113,11,26,9,5,2,10文山區,文山區木柵路4段159巷0706803電桿號,0,0,1,2,C03,6,6,7,30,11,9,1,4,4,5,13,4,4,10,5,5,2,17,1,73,2,9,5,1,7,6,5,18,1,14,,118,,1,22,121.5770017,25.0117156
113,11,26,9,23,2,06松山區,松山區塔悠路187號,0,0,1,1,C03,7,6,5,50,14,9,1,4,4,5,13,1,1,1,3,4,2,17,1,74,2,9,5,1,7,5,1,10,1,12,,99,,1,21,121.5695726,25.0563829
113,11,26,9,23,2,06松山區,松山區塔悠路187號,0,0,1,2,B03,7,6,5,50,14,9,1,4,4,5,13,1,1,1,3,4,2,17,1,74,3,10,3,4,7,9,1,8,1,1,,44,,1,21,121.5695726,25.0563829
113,11,26,9,26,2,05中正區,中正區辛亥路1段22號,0,0,1,1,B03,6,7,5,50,14,7,1,4,4,5,13,4,4,1,4,4,2,17,2,27,3,10,7,1,7,8,1,8,1,17,,80,,1,22,121.5286098,25.0189012
113,11,26,9,26,2,05中正區,中正區辛亥路1段22號,0,0,1,2,B01,6,7,5,50,14,7,1,4,4,5,13,4,4,1,4,4,2,17,1,38,3,10,7,1,7,10,1,4,1,5,,14,,1,22,121.5286098,25.0189012
113,11,26,9,26,2,05中正區,中正區辛亥路1段22號,0,0,1,3,B03,6,7,5,50,14,7,1,4,4,5,13,4,4,1,4,4,2,17,1,48,2,2,7,1,7,9,1,3,1,4,,44,,1,22,121.5286098,25.0189012
113,11,26,10,26,2,02萬華區,萬華區環河南路1段與康定路口,0,0,1,1,B03,6,7,8,50,3,1,1,4,4,5,13,1,1,5,5,5,1,17,1,36,3,10,7,1,7,5,1,8,2,1,,71,,1,21,121.50329,25.0461685
113,11,26,10,26,2,02萬華區,萬華區環河南路1段與康定路口,0,0,1,2,C03,6,7,8,50,3,1,1,4,4,5,13,1,1,5,5,5,1,17,1,29,2,9,6,1,7,9,1,10,2,14,,44,,1,21,121.50329,25.0461685
113,11,26,10,35,2,06松山區,松山區復興北路與南京東路3段口,0,0,1,2,C03,6,6,5,50,4,2,1,4,4,5,13,1,1,1,3,5,2,13,1,21,3,10,6,1,7,12,1,10,1,13,,118,,1,21,121.5440975,25.0515378
113,11,26,10,35,2,06松山區,松山區復興北路與南京東路3段口,0,0,1,1,C03,6,6,5,50,4,2,1,4,4,5,13,1,1,1,3,5,2,13,2,30,2,9,6,1,7,9,1,10,1,11,,118,,1,21,121.5440975,25.0515378
113,11,26,10,40,2,10文山區,文山區試院路102號前,0,0,2,1,C03,6,6,5,30,14,9,1,4,4,5,13,4,4,5,5,5,2,17,2,20,2,9,3,4,7,11,1,10,1,13,,83,,1,25,121.5479648,24.9899389
113,11,26,10,40,2,10文山區,文山區試院路102號前,0,0,2,2,C03,6,6,5,30,14,9,1,4,4,5,13,4,4,5,5,5,2,17,2,18,2,9,3,4,7,11,1,10,1,11,,16,,1,25,121.5479648,24.9899389
113,11,26,10,50,2,04大安區,大安區辛亥路3段與臥龍街188巷口,0,0,1,1,B01,7,6,5,50,3,1,1,4,4,5,13,4,4,10,4,5,1,16,1,51,3,10,3,4,7,6,1,4,1,6,,9,,1,21,121.5505053,25.0161688
113,11,26,10,50,2,04大安區,大安區辛亥路3段與臥龍街188巷口,0,0,1,2,C03,7,6,5,50,3,1,1,4,4,5,13,4,4,10,4,5,1,16,1,52,2,9,6,4,7,9,1,10,1,11,,14,,1,21,121.5505053,25.0161688
113,11,26,11,3,2,07信義區,信義區忠孝東路4段515號,0,0,1,1,C03,7,7,5,50,14,9,1,5,4,5,13,1,1,3,4,5,2,18,1,42,2,9,6,4,7,9,1,10,1,14,,42,,1,21,121.5578048,25.0416644
113,11,26,11,3,2,07信義區,信義區忠孝東路4段515號,0,0,1,2,,7,7,5,50,14,9,1,5,4,5,13,1,1,3,4,5,2,18,3,0,,,,,,,,,,,,67,,1,,121.5578048,25.0416644
113,11,26,11,48,2,10文山區,文山區木柵路4段21巷18號,0,0,1,1,B03,7,7,5,50,14,9,1,5,4,5,13,4,4,5,4,5,2,16,1,71,3,10,7,1,7,5,1,8,2,5,,8,,1,22,121.5713883,24.9933577
113,11,26,11,48,2,10文山區,文山區木柵路4段21巷18號,0,0,1,2,C04,7,7,5,50,14,9,1,5,4,5,13,4,4,5,4,5,2,16,2,26,2,9,5,1,7,9,1,10,2,14,,44,,1,22,121.5713883,24.9933577
113,11,26,11,49,2,10文山區,文山區木柵路3段169巷與秀明路1段口口,0,0,1,1,B03,7,6,5,30,3,1,1,4,4,5,13,2,3,10,5,5,1,16,2,66,3,10,7,1,7,6,1,8,1,4,,72,,1,21,121.5683912,24.9914285
113,11,26,11,49,2,10文山區,文山區木柵路3段169巷與秀明路1段口口,0,0,1,2,C03,7,6,5,30,3,1,1,4,4,5,13,2,3,10,5,5,1,16,1,24,2,8,6,1,7,9,1,10,1,12,,13,,1,21,121.5683912,24.9914285
113,11,26,12,1,2,05中正區,中正區汀州路3段40號(汀州三總醫院前),0,0,1,1,B03,8,6,5,50,3,1,1,5,4,5,13,1,1,5,2,5,2,17,1,58,3,10,7,1,7,5,1,8,2,4,,8,,1,21,121.5294507,25.0170401
113,11,26,12,1,2,05中正區,中正區汀州路3段40號(汀州三總醫院前),0,0,1,2,C03,8,6,5,50,3,1,1,5,4,5,13,1,1,5,2,5,2,17,2,26,2,9,5,1,7,9,1,10,2,12,,44,,1,21,121.5294507,25.0170401
113,11,26,12,2,2,05中正區,中正區金山南路1段與杭州南路1段101巷口,0,0,1,3,,7,6,5,50,3,2,1,5,4,5,13,4,4,1,4,5,2,13,3,0,,,,,,,,,,,,67,,1,,121.5279538,25.0373504
113,11,26,12,2,2,05中正區,中正區金山南路1段與杭州南路1段101巷口,0,0,1,1,C03,7,6,5,50,3,2,1,5,4,5,13,4,4,1,4,5,2,13,1,34,3,10,6,1,7,9,1,10,2,11,,108,,1,21,121.5279538,25.0373504
113,11,26,12,2,2,05中正區,中正區金山南路1段與杭州南路1段101巷口,0,0,1,2,C03,7,6,5,50,3,2,1,5,4,5,13,4,4,1,4,5,2,13,2,32,2,8,6,1,7,9,1,10,2,13,,44,,1,21,121.5279538,25.0373504
113,11,26,12,10,2,06松山區,松山區光復北路與南京東路5段口,0,0,1,1,C03,7,7,5,50,14,9,1,5,4,5,13,1,1,1,3,5,2,13,2,72,2,9,6,1,7,9,1,10,1,11,,16,,1,22,121.5579015,25.0511862
113,11,26,12,10,2,06松山區,松山區光復北路與南京東路5段口,0,0,1,2,B01,7,7,5,50,14,9,1,5,4,5,13,1,1,1,3,5,2,13,1,58,3,10,7,1,7,9,1,8,1,6,,16,,1,26,121.5579015,25.0511862
113,11,26,12,12,2,05中正區,中正區延平南路與長沙街1段口,0,0,1,1,B03,7,5,5,50,14,9,1,5,4,5,13,1,1,5,5,5,1,17,1,34,3,10,7,1,7,1,1,8,2,5,,108,,1,21,121.5094272,25.0403242
113,11,26,12,12,2,05中正區,中正區延平南路與長沙街1段口,0,0,1,2,C03,7,5,5,50,14,9,1,5,4,5,13,1,1,5,5,5,1,17,2,45,2,8,5,1,7,14,1,10,2,14,,44,,1,21,121.5094272,25.0403242
113,11,26,12,36,2,05中正區,中正區重慶南路1段61號,0,0,2,1,C03,7,6,5,50,14,9,1,5,4,5,13,4,4,10,4,5,2,17,2,52,2,8,6,1,7,11,1,10,2,14,,44,,1,22,121.5132445,25.0446005
113,11,26,12,36,2,05中正區,中正區重慶南路1段61號,0,0,2,2,C03,7,6,5,50,14,9,1,5,4,5,13,4,4,10,4,5,2,17,2,20,2,8,5,1,7,9,1,10,2,11,,44,,1,22,121.5132445,25.0446005
113,11,26,13,16,2,04大安區,大安區光復南路570號,0,0,1,1,A02,8,7,5,50,14,9,1,5,4,5,13,4,4,1,4,5,2,9,1,51,3,10,7,1,7,15,1,2,11,17,,60,,1,21,121.5573978,25.033973
113,11,26,13,16,2,04大安區,大安區光復南路570號,0,0,1,2,H02,8,7,5,50,14,9,1,5,4,5,13,4,4,1,4,5,2,9,2,82,2,5,4,5,7,20,8,20,10,17,,67,,1,21,121.5573978,25.033973
113,11,26,13,20,2,07信義區,信義區松山路與松隆路口,0,0,1,1,B01,7,6,5,50,4,1,1,5,4,5,13,1,1,3,4,5,2,16,1,66,3,10,3,4,7,6,1,4,2,5,,80,,1,21,121.5776704,25.0481402
113,11,26,13,20,2,07信義區,信義區松山路與松隆路口,0,0,1,2,C03,7,6,5,50,4,1,1,5,4,5,13,1,1,3,4,5,2,16,1,30,2,9,5,1,7,9,1,10,2,11,,44,,1,21,121.5776704,25.0481402
113,11,26,14,13,2,01大同區,大同區承德路1段與太原路115巷口口,0,0,1,1,C03,7,6,5,30,3,1,1,5,4,5,13,4,4,1,5,5,1,16,1,62,2,1,6,1,7,6,1,10,2,14,,9,,1,21,121.5173248,25.0523116
113,11,26,14,13,2,01大同區,大同區承德路1段與太原路115巷口口,0,0,1,2,B01,7,6,5,30,3,1,1,5,4,5,13,4,4,1,5,5,1,16,1,55,3,10,7,1,7,9,1,4,2,2,,44,,1,21,121.5173248,25.0523116
113,11,26,14,13,2,01大同區,大同區承德路1段與太原路115巷口口,0,0,1,3,A04,7,6,5,30,3,1,1,5,4,5,13,4,4,1,5,5,1,16,1,36,3,10,7,1,7,13,1,1,9,17,,38,,1,21,121.5173248,25.0523116
113,11,26,14,27,2,03中山區,中山區長安東路2段246號,0,0,1,1,C03,7,7,5,50,14,9,1,5,4,5,13,4,4,5,4,5,2,14,1,46,3,10,5,1,7,2,1,10,1,13,,12,,1,22,121.5432165,25.04860315
113,11,26,14,27,2,03中山區,中山區長安東路2段246號,0,0,1,2,C03,7,7,5,50,14,9,1,5,4,5,13,4,4,5,4,5,2,14,1,43,2,9,5,1,7,9,1,10,1,11,,44,,1,22,121.5432165,25.04860315
113,11,26,15,15,2,05中正區,中正區中華路1段與貴陽街1段口,0,0,1,1,C03,7,7,5,50,4,1,1,5,4,5,13,1,1,1,4,1,2,13,2,23,2,8,5,1,7,9,1,10,2,11,,16,,1,21,121.5076266,25.03929976
113,11,26,15,15,2,05中正區,中正區中華路1段與貴陽街1段口,0,0,1,2,C03,7,7,5,50,4,1,1,5,4,5,13,1,1,1,4,1,2,13,1,35,3,10,5,1,7,9,1,10,9,13,,44,,2,21,121.5076266,25.03929976
113,11,26,15,15,2,05中正區,中正區中華路1段與貴陽街1段口,0,0,1,3,B03,7,7,5,50,4,1,1,5,4,5,13,1,1,1,4,1,2,13,2,29,3,10,7,1,7,8,1,8,9,15,,44,,2,21,121.5076266,25.03929976
113,11,26,15,24,2,03中山區,中山區中山北路2段與撫順街口,0,0,1,1,C03,7,7,5,50,3,2,1,5,4,5,13,4,4,1,4,5,2,13,2,40,3,10,5,4,7,9,1,10,1,11,,16,,1,21,121.52229,25.06370111
113,11,26,15,24,2,03中山區,中山區中山北路2段與撫順街口,0,0,1,2,C03,7,7,5,50,3,2,1,5,4,5,13,4,4,1,4,5,2,13,2,19,2,7,6,4,7,9,1,10,1,13,,44,,1,21,121.52229,25.06370111
113,11,26,15,30,2,06松山區,松山區八德路4段650號,0,0,1,1,B03,7,7,5,40,14,8,1,5,4,5,13,4,4,1,3,4,2,13,2,48,3,10,7,1,7,6,1,8,1,6,,44,,1,26,121.5750889,25.0499159
113,11,26,15,30,2,06松山區,松山區八德路4段650號,0,0,1,2,C03,7,7,5,40,14,8,1,5,4,5,13,4,4,1,3,4,2,13,1,37,2,9,5,1,7,9,1,10,1,11,,16,,1,26,121.5750889,25.0499159
113,11,26,15,49,2,04大安區,大安區辛亥路1段與羅斯福路3段口,0,0,1,1,B03,7,7,5,50,4,1,1,5,4,5,13,1,1,8,3,5,1,15,1,60,3,10,7,1,7,15,6,8,1,1,,71,,1,21,121.5295521,25.0196703
113,11,26,15,49,2,04大安區,大安區辛亥路1段與羅斯福路3段口,0,0,1,2,F01,7,7,5,50,4,1,1,5,4,5,13,1,1,8,3,5,1,15,2,24,2,8,4,1,7,9,8,20,1,14,,44,,1,21,121.5295521,25.0196703
113,11,26,16,22,2,08士林區,士林區中山北路6段35巷與福國路口,0,0,1,1,C03,7,5,5,50,4,1,1,5,4,5,13,2,1,1,4,5,2,16,2,24,2,9,6,1,7,9,1,10,1,14,,86,,1,21,121.5246749,25.1022893
113,11,26,16,22,2,08士林區,士林區中山北路6段35巷與福國路口,0,0,1,2,B03,7,5,5,50,4,1,1,5,4,5,13,2,1,1,4,5,2,16,1,49,3,10,7,1,7,6,1,8,1,2,,44,,1,21,121.5246749,25.1022893
113,11,26,16,32,2,11南港區,南港區成功橋南往北,0,0,2,1,C03,7,6,5,50,14,9,1,5,4,5,13,4,4,5,4,5,2,13,1,50,2,9,5,1,7,9,1,10,1,11,,108,,1,21,121.594124,25.07098017
113,11,26,16,32,2,11南港區,南港區成功橋南往北,0,0,2,2,F01,7,6,5,50,14,9,1,5,4,5,13,4,4,5,4,5,2,13,2,70,2,9,4,1,7,9,8,20,1,13,,44,,1,21,121.594124,25.07098017
113,11,26,16,34,2,04大安區,大安區和平東路3段與和平東路3段228巷口口,0,0,1,1,B03,7,7,5,50,4,1,1,5,4,5,13,2,1,5,5,5,1,9,1,47,3,10,3,4,7,9,1,8,11,4,,70,,1,21,121.5545322,25.0222867
113,11,26,16,34,2,04大安區,大安區和平東路3段與和平東路3段228巷口口,0,0,1,2,H01,7,7,5,50,4,1,1,5,4,5,13,2,1,5,5,5,1,9,1,11,2,9,4,5,8,18,8,20,10,16,,122,,1,21,121.5545322,25.0222867
113,11,26,16,44,2,04大安區,大安區信義路4段與敦化南路1段口,0,0,1,1,F03,7,6,5,50,4,1,1,5,4,5,13,1,1,10,5,5,2,16,2,17,2,8,4,1,7,5,8,20,1,13,,8,,1,21,121.5490428,25.0333692
113,11,26,16,44,2,04大安區,大安區信義路4段與敦化南路1段口,0,0,1,2,B03,7,6,5,50,4,1,1,5,4,5,13,1,1,10,5,5,2,16,1,71,3,10,7,1,7,9,1,8,1,1,,44,,1,21,121.5490428,25.0333692
113,11,26,16,59,2,02萬華區,萬華區萬大路與萬大路186巷口,0,0,1,1,C03,7,6,5,30,3,1,1,5,4,5,13,2,1,1,4,5,2,16,1,63,2,9,6,1,7,5,1,10,1,12,,98,,1,22,121.5004232,25.0278587
113,11,26,16,59,2,02萬華區,萬華區萬大路與萬大路186巷口,0,0,1,2,B03,7,6,5,30,3,1,1,5,4,5,13,2,1,1,4,5,2,16,1,23,3,10,3,4,7,1,1,8,1,5,,44,,1,22,121.5004232,25.0278587
113,11,26,17,0,2,06松山區,松山區寧安街52巷與八德路3段99巷口,0,0,1,1,B02,7,5,5,30,4,1,1,5,4,5,13,4,4,10,5,5,2,15,1,33,3,10,7,1,7,9,1,8,1,5,,72,,1,22,121.5536485,25.05047818
113,11,26,17,0,2,06松山區,松山區寧安街52巷與八德路3段99巷口,0,0,1,2,C03,7,5,5,30,4,1,1,5,4,5,13,4,4,10,5,5,2,15,1,46,2,1,6,1,7,9,1,10,1,13,,44,,1,22,121.5536485,25.05047818
113,11,26,17,13,2,08士林區,士林區中正路與延平北路5段口,0,0,1,1,C03,8,5,5,50,3,1,1,5,4,5,13,4,4,10,4,5,1,17,1,71,2,9,6,1,7,5,6,10,1,12,,72,,1,21,121.5096724,25.086696
113,11,26,17,13,2,08士林區,士林區中正路與延平北路5段口,0,0,1,2,C03,8,5,5,50,3,1,1,5,4,5,13,4,4,10,4,5,1,17,2,21,3,10,6,1,7,9,1,10,1,14,,44,,1,21,121.5096724,25.086696
113,11,26,17,35,2,07信義區,信義區松仁路100號,0,0,2,1,B01,7,5,5,50,14,9,1,5,4,5,13,4,4,1,4,5,2,17,1,58,3,10,3,4,7,8,1,4,2,17,,100,,1,21,121.5682615,25.0342172
113,11,26,17,35,2,07信義區,信義區松仁路100號,0,0,2,2,C03,7,5,5,50,14,9,1,5,4,5,13,4,4,1,4,5,2,17,1,44,2,9,3,4,7,9,3,18,2,11,,108,,1,22,121.5682615,25.0342172
113,11,26,17,35,2,07信義區,信義區松仁路100號,0,0,2,3,C03,7,5,5,50,14,9,1,5,4,5,13,4,4,1,4,5,2,17,1,47,2,8,3,4,7,9,1,11,2,13,,44,,1,22,121.5682615,25.0342172
113,11,26,17,45,2,05中正區,中正區福州街與南昌路2段口口,0,0,2,1,C03,8,5,5,50,4,1,1,5,4,5,13,1,1,5,5,5,1,17,1,63,2,8,6,1,7,5,1,10,1,12,,94,,1,21,121.5188657,25.02898531
113,11,26,17,45,2,05中正區,中正區福州街與南昌路2段口口,0,0,2,2,C03,8,5,5,50,4,1,1,5,4,5,13,1,1,5,5,5,1,17,1,28,2,8,6,1,7,5,1,10,1,14,,44,,1,21,121.5188657,25.02898531
113,11,26,17,45,2,12內湖區,內湖區內湖路1段667號,0,0,1,1,B03,8,5,5,50,14,7,1,5,4,5,13,4,4,1,4,4,2,12,2,60,3,10,7,1,7,7,1,8,1,7,,100,,1,21,121.5748446,25.0802424
113,11,26,17,45,2,12內湖區,內湖區內湖路1段667號,0,0,1,2,C02,8,5,5,50,14,7,1,5,4,5,13,4,4,1,4,4,2,12,2,23,2,9,6,1,7,9,1,9,1,12,,44,,1,21,121.5748446,25.0802424
113,11,26,17,46,2,09北投區,北投區陽明路1段與陽明路1段43巷口,0,0,1,1,C03,7,5,5,50,3,2,1,5,4,5,13,3,1,5,5,5,1,16,2,18,3,10,6,1,7,6,1,10,9,13,,9,,1,22,121.5493844,25.1491003
113,11,26,17,46,2,09北投區,北投區陽明路1段與陽明路1段43巷口,0,0,1,2,C03,7,5,5,50,3,2,1,5,4,5,13,3,1,5,5,5,1,16,2,18,2,9,6,1,7,9,1,10,9,11,,44,,1,22,121.5493844,25.1491003
113,11,26,17,50,2,05中正區,中正區三元街與三元街230巷口,0,0,1,2,C03,7,5,5,50,4,2,1,5,4,5,13,1,1,1,4,4,2,17,1,59,2,7,5,1,7,9,1,10,1,12,,97,,1,22,121.512929,25.027573
113,11,26,17,50,2,05中正區,中正區三元街與三元街230巷口,0,0,1,1,B03,7,5,5,50,4,2,1,5,4,5,13,1,1,1,4,4,2,17,1,41,3,10,7,1,7,5,1,8,1,4,,71,,1,22,121.512929,25.027573
113,11,26,17,55,2,04大安區,大安區芳蘭路與基隆路3段155巷口,0,0,1,1,D03,7,5,5,50,4,1,1,5,4,5,13,1,1,10,5,5,2,17,2,24,3,10,7,1,7,5,1,14,2,1,,71,,1,29,121.5451141,25.0125234
113,11,26,17,55,2,04大安區,大安區芳蘭路與基隆路3段155巷口,0,0,1,2,C03,7,5,5,50,4,1,1,5,4,5,13,1,1,10,5,5,2,17,2,23,2,8,5,1,7,9,1,10,2,11,,44,,1,21,121.5451141,25.0125234
113,11,26,18,2,2,01大同區,大同區承德橋與承德橋口機慢車道,0,0,1,2,F01,7,5,5,40,8,11,1,5,4,5,13,4,4,2,4,5,2,17,1,63,3,10,4,1,7,15,8,20,2,15,,44,,1,21,121.5206231,25.07629484
113,11,26,18,2,2,01大同區,大同區承德橋與承德橋口機慢車道,0,0,1,1,C03,7,5,5,40,8,11,1,5,4,5,13,4,4,2,4,5,2,17,1,61,2,9,6,1,7,9,1,10,2,12,,107,,1,21,121.5206231,25.07629484
113,11,26,18,8,2,05中正區,中正區新生南路1段與臨沂街3巷口,0,0,2,1,C03,7,5,5,50,3,2,1,5,4,5,13,4,4,3,4,5,1,13,2,46,2,9,6,1,7,9,1,10,2,11,,44,,1,22,121.5327851,25.04296708
113,11,26,18,8,2,05中正區,中正區新生南路1段與臨沂街3巷口,0,0,2,2,C03,7,5,5,50,3,2,1,5,4,5,13,4,4,3,4,5,1,13,1,22,2,9,6,1,7,9,1,10,2,13,,100,,1,21,121.5327851,25.04296708
113,11,26,18,8,2,07信義區,信義區信義路5段150巷401弄與松仁路281巷口,0,0,1,1,H01,7,5,5,30,4,1,1,5,4,5,13,4,4,9,4,5,1,2,2,64,2,7,4,5,8,16,8,20,10,16,,121,,1,21,121.5701357,25.024138
113,11,26,18,8,2,07信義區,信義區信義路5段150巷401弄與松仁路281巷口,0,0,1,2,B03,7,5,5,30,4,1,1,5,4,5,13,4,4,9,4,5,1,2,1,59,3,10,3,4,7,5,1,8,1,1,,70,,1,21,121.5701357,25.024138
113,11,26,18,17,2,10文山區,文山區景興路282巷與景後街口口,0,0,1,1,C03,7,5,5,50,4,1,1,5,4,5,13,3,1,9,5,5,2,15,2,70,2,9,6,1,7,9,1,10,1,12,,84,,1,21,121.5417698,24.9897403
113,11,26,18,17,2,10文山區,文山區景興路282巷與景後街口口,0,0,1,2,B01,7,5,5,50,4,1,1,5,4,5,13,3,1,9,5,5,2,15,1,73,3,10,7,1,7,9,1,8,1,1,,44,,1,21,121.5417698,24.9897403
113,11,26,18,23,2,10文山區,文山區萬芳路停車格283號附近,0,0,2,1,C03,7,5,5,50,11,9,1,5,4,5,13,4,4,5,4,5,2,17,1,55,2,4,3,4,7,9,1,11,2,11,,16,,1,22,121.5677202,24.9989742
113,11,26,18,23,2,10文山區,文山區萬芳路停車格283號附近,0,0,2,2,C03,7,5,5,50,11,9,1,5,4,5,13,4,4,5,4,5,2,17,2,41,2,9,3,4,7,9,1,10,2,13,,42,,1,22,121.5677202,24.9989742
113,11,26,18,23,2,10文山區,文山區萬芳路停車格283號附近,0,0,2,3,H01,7,5,5,50,11,9,1,5,4,5,13,4,4,5,4,5,2,17,1,39,3,10,4,5,8,16,8,20,10,16,,121,,1,22,121.5677202,24.9989742
113,11,26,18,33,2,09北投區,北投區立賢路16號,0,0,2,1,H01,7,5,5,50,14,9,1,5,4,5,13,4,4,1,4,5,2,3,2,85,2,9,4,5,8,16,8,20,10,17,,60,,1,21,121.5029543,25.11477987
113,11,26,18,33,2,09北投區,北投區立賢路16號,0,0,2,2,C03,7,5,5,50,14,9,1,5,4,5,13,4,4,1,4,5,2,3,1,49,2,9,5,1,7,9,1,10,2,11,,108,,1,21,121.5029543,25.11477987
113,11,26,18,33,2,09北投區,北投區立賢路16號,0,0,2,3,A12,7,5,5,50,14,9,1,5,4,5,13,4,4,1,4,5,2,3,1,63,3,10,7,1,7,9,1,8,2,2,,44,,1,21,121.5029543,25.11477987
113,11,26,18,38,2,08士林區,士林區通河街劍潭國小正門前,0,0,2,1,C03,8,5,5,30,14,9,1,5,4,5,13,3,1,5,4,5,2,17,2,24,2,9,6,1,7,11,1,10,1,15,,10,,1,21,121.5230512,25.0800396
113,11,26,18,38,2,08士林區,士林區通河街劍潭國小正門前,0,0,2,2,C03,8,5,5,30,14,9,1,5,4,5,13,3,1,5,4,5,2,17,2,35,2,9,6,1,7,9,1,10,1,15,,13,,1,21,121.5230512,25.0800396
113,11,26,18,42,2,02萬華區,萬華區西藏路與莒光路299巷口,0,0,1,1,C03,8,5,5,50,3,2,1,5,4,5,13,2,1,1,5,5,2,13,1,37,2,9,6,1,7,9,1,10,1,11,,108,,1,26,121.4993192,25.0293874
113,11,26,18,42,2,02萬華區,萬華區西藏路與莒光路299巷口,0,0,1,2,B03,8,5,5,50,3,2,1,5,4,5,13,2,1,1,5,5,2,13,1,76,3,10,7,1,7,9,1,8,1,6,,44,,1,21,121.4993192,25.0293874
113,11,26,19,7,2,03中山區,中山區南京東路2段與新生北路2段口,0,0,1,1,B03,7,5,5,50,4,4,1,5,4,5,13,1,1,1,4,4,2,13,2,71,3,10,3,4,7,9,1,8,1,1,,16,,1,21,121.5222368,25.05821649
113,11,26,19,7,2,03中山區,中山區南京東路2段與新生北路2段口,0,0,1,2,C03,7,5,5,50,4,4,1,5,4,5,13,1,1,1,4,4,2,13,1,43,2,9,5,4,7,14,1,10,1,13,,44,,1,21,121.5222368,25.05821649
113,11,26,19,8,2,02萬華區,萬華區萬大路329巷13弄與萬大路329巷口,0,0,2,1,F01,8,5,7,30,5,1,1,5,4,5,13,4,4,10,5,5,1,12,2,56,3,10,4,1,7,15,8,20,1,14,,101,,1,21,121.5007543,25.0238614
113,11,26,19,8,2,02萬華區,萬華區萬大路329巷13弄與萬大路329巷口,0,0,2,2,C03,8,5,7,30,5,1,1,5,4,5,13,4,4,10,5,5,1,12,2,42,2,9,5,1,7,12,1,10,1,11,,44,,1,21,121.5007543,25.0238614
113,11,26,19,8,2,02萬華區,萬華區萬大路329巷13弄與萬大路329巷口,0,0,2,3,H02,8,5,7,30,5,1,1,5,4,5,13,4,4,10,5,5,1,12,1,9,2,8,5,5,7,21,8,20,10,16,,67,,1,21,121.5007543,25.0238614