發生年度,發生月,發生日,發生時-Hours,發生分,處理別-編號,區序,肇事地點,死亡人數,2-30日死亡人數,受傷人數,當事人序號,車種,天候,道路照明設備,道路類別,速限-速度限制,道路型態,事故位置,路面狀況1,路面狀況2,路面狀況3,道路障礙1,道路障礙2,號誌1,號誌2,車道劃分-分向,車道劃分-分道1,車道劃分-分道2,車道劃分-分道3,事故類型及型態,性別,年齡,受傷程度,主要傷處,保護裝置,行動電話,車輛用途,當事者行動狀態,駕駛資格情形,駕駛執照種類,飲酒情形,車輛撞擊部位1,車輛撞擊部位2,肇因碼-個別,肇因碼-主要,個人肇逃否,職業,座標-X,座標-Y
113,11,26,19,8,2,02萬華區,萬華區萬大路329巷13弄與萬大路329巷口,0,0,2,4,H02,8,5,7,30,5,1,1,5,4,5,13,4,4,10,5,5,1,12,1,9,3,10,5,5,7,21,8,20,10,16,,67,,1,21,121.5007543,25.0238614
113,11,26,19,8,2,02萬華區,萬華區萬大路329巷13弄與萬大路329巷口,0,0,2,5,H02,8,5,7,30,5,1,1,5,4,5,13,4,4,10,5,5,1,12,1,4,3,10,5,5,7,21,8,20,10,16,,67,,1,21,121.5007543,25.0238614
113,11,26,19,20,2,12內湖區,內湖區新湖一路365號,0,0,1,1,B03,8,5,5,40,14,9,1,5,4,5,13,4,4,9,5,5,2,17,1,38,3,10,7,1,7,1,1,8,2,8,,19,,1,21,121.5847087,25.06370919
113,11,26,19,20,2,12內湖區,內湖區新湖一路365號,0,0,1,2,C03,8,5,5,40,14,9,1,5,4,5,13,4,4,9,5,5,2,17,1,34,2,8,5,1,7,9,1,10,2,11,,44,,1,21,121.5847087,25.06370919
113,11,26,19,35,2,10文山區,文山區辛亥路4段與辛亥路4段166巷口,0,0,3,1,C03,8,5,5,50,3,2,1,5,4,5,13,2,1,1,4,5,2,16,1,66,2,9,5,1,7,11,1,10,2,12,,10,,1,21,121.5565018,25.0038135
113,11,26,19,35,2,10文山區,文山區辛亥路4段與辛亥路4段166巷口,0,0,3,2,C03,8,5,5,50,3,2,1,5,4,5,13,2,1,1,4,5,2,16,1,23,2,8,5,1,7,9,1,10,2,14,,44,,1,21,121.5565018,25.0038135
113,11,26,19,35,2,10文山區,文山區辛亥路4段與辛亥路4段166巷口,0,0,3,3,H02,8,5,5,50,3,2,1,5,4,5,13,2,1,1,4,5,2,16,2,61,2,7,5,5,7,20,8,20,10,17,,67,,1,21,121.5565018,25.0038135
113,11,26,19,44,2,03中山區,中山區北安路458巷與北安路口,0,0,1,1,B03,8,5,5,50,4,2,1,5,4,5,13,4,4,1,4,5,2,2,1,57,3,10,7,1,7,9,1,8,2,2,,42,,1,21,121.5442667,25.07927477
113,11,26,19,44,2,03中山區,中山區北安路458巷與北安路口,0,0,1,2,H01,8,5,5,50,4,2,1,5,4,5,13,4,4,1,4,5,2,2,1,18,2,9,4,5,8,18,8,20,10,16,,60,,1,25,121.5442667,25.07927477
113,11,26,22,2,2,02萬華區,萬華區光復橋往板橋方向上橋處(編號003026燈桿前),0,0,2,1,C03,8,5,5,50,8,9,1,5,4,3,10,4,4,9,4,5,1,13,1,24,2,8,5,1,7,12,1,10,1,13,,44,,1,21,121.4911382,25.0247679
113,11,26,22,2,2,02萬華區,萬華區光復橋往板橋方向上橋處(編號003026燈桿前),0,0,2,2,B01,8,5,5,50,8,9,1,5,4,3,10,4,4,9,4,5,1,13,1,63,3,10,7,1,7,12,1,4,1,6,,44,,1,21,121.4911382,25.0247679
113,11,26,22,2,2,02萬華區,萬華區光復橋往板橋方向上橋處(編號003026燈桿前),0,0,2,3,C03,8,5,5,50,8,9,1,5,4,3,10,4,4,9,4,5,1,13,2,27,2,9,5,1,7,12,1,10,1,11,,16,,1,21,121.4911382,25.0247679
113,11,26,22,2,2,02萬華區,萬華區光復橋往板橋方向上橋處(編號003026燈桿前),0,0,2,4,C03,8,5,5,50,8,9,1,5,4,3,10,4,4,9,4,5,1,13,1,20,3,10,5,1,7,15,1,10,1,17,,50,,1,21,121.4911382,25.0247679
113,11,26,22,30,2,03中山區,中山區北安路798號,0,0,2,1,B01,8,5,5,50,14,7,1,5,4,5,13,4,4,1,4,4,2,13,1,69,3,10,7,1,7,8,1,4,1,3,,100,,1,26,121.5548905,25.08497588
113,11,26,22,30,2,03中山區,中山區北安路798號,0,0,2,2,C03,8,5,5,50,14,7,1,5,4,5,13,4,4,1,4,4,2,13,1,18,2,9,6,1,7,9,1,10,1,11,,13,,1,25,121.5548905,25.08497588
113,11,26,22,30,2,03中山區,中山區北安路798號,0,0,2,3,H02,8,5,5,50,14,7,1,5,4,5,13,4,4,1,4,4,2,13,2,16,2,8,6,5,7,20,8,20,10,16,,67,,1,16,121.5548905,25.08497588
113,11,26,23,42,2,09北投區,北投區明德路與明德路18巷口,0,0,1,1,C03,7,5,5,30,4,1,1,5,4,5,13,4,4,5,5,5,2,15,1,40,3,10,5,1,7,9,1,10,2,14,,72,,1,21,121.5175127,25.1069696
113,11,26,23,42,2,09北投區,北投區明德路與明德路18巷口,0,0,1,2,C03,7,5,5,30,4,1,1,5,4,5,13,4,4,5,5,5,2,15,2,36,2,9,5,1,7,9,1,9,2,11,,42,,1,21,121.5175127,25.1069696
113,11,26,23,55,2,10文山區,文山區溪口街82巷與汀州路4段口,0,0,3,1,C03,8,5,5,40,5,3,1,5,4,5,13,2,1,1,4,1,1,16,1,46,2,9,6,1,7,6,1,10,2,12,,101,,1,21,121.5364116,25.0108159
113,11,26,23,55,2,10文山區,文山區溪口街82巷與汀州路4段口,0,0,3,2,C03,8,5,5,40,5,3,1,5,4,5,13,2,1,1,4,1,1,16,2,18,2,9,6,1,7,9,1,10,2,11,,14,,1,21,121.5364116,25.0108159
113,11,26,23,55,2,10文山區,文山區溪口街82巷與汀州路4段口,0,0,3,3,H02,8,5,5,40,5,3,1,5,4,5,13,2,1,1,4,1,1,16,2,18,2,9,6,5,7,20,8,20,10,16,,67,,1,21,121.5364116,25.0108159
113,11,27,0,3,2,02萬華區,萬華區康定路60號,0,0,1,1,B01,7,5,5,50,14,9,1,5,4,5,13,4,4,9,4,5,2,12,1,42,3,10,3,4,7,8,1,4,1,2,,100,,1,21,121.5024115,25.0425989
113,11,27,0,3,2,02萬華區,萬華區康定路60號,0,0,1,2,C03,7,5,5,50,14,9,1,5,4,5,13,4,4,9,4,5,2,12,1,21,2,9,6,1,7,9,1,10,1,14,,44,,1,21,121.5024115,25.0425989
113,11,27,0,50,2,03中山區,中山區民權東路2段105號,0,0,1,1,C03,8,5,5,50,14,9,1,5,4,5,13,4,4,1,4,5,2,12,1,21,3,10,6,1,7,8,1,10,1,11,,101,,1,25,121.5328787,25.06261416
113,11,27,0,50,2,03中山區,中山區民權東路2段105號,0,0,1,2,C03,8,5,5,50,14,9,1,5,4,5,13,4,4,1,4,5,2,12,1,33,2,8,6,1,7,9,1,10,1,13,,44,,1,26,121.5328787,25.06261416
113,11,27,0,50,2,03中山區,中山區民權東路2段105號,0,0,1,3,C03,8,5,5,50,14,9,1,5,4,5,13,4,4,1,4,5,2,12,1,41,3,10,6,1,7,13,1,10,9,12,,44,,1,21,121.5328787,25.06261416
113,11,27,0,50,2,03中山區,中山區民權東路2段105號,0,0,1,4,C03,8,5,5,50,14,9,1,5,4,5,13,4,4,1,4,5,2,12,1,31,3,10,6,1,7,13,1,10,9,12,,44,,1,21,121.5328787,25.06261416
113,11,27,7,7,2,05中正區,中正區重慶南路2段與愛國西路口,0,0,1,1,C03,8,6,5,50,4,1,1,5,4,5,13,1,1,1,4,5,2,13,1,30,2,9,5,1,7,9,1,10,2,11,,14,,1,21,121.5124316,25.0355362
113,11,27,7,7,2,05中正區,中正區重慶南路2段與愛國西路口,0,0,1,2,B03,8,6,5,50,4,1,1,5,4,5,13,1,1,1,4,5,2,13,2,48,3,10,7,1,7,14,1,8,2,3,,44,,1,21,121.5124316,25.0355362
113,11,27,7,21,2,01大同區,大同區環河北路2段261號,0,0,1,1,B03,8,6,5,60,14,9,1,5,4,5,13,4,4,1,4,5,2,17,2,45,3,10,7,4,7,8,1,8,1,5,,100,,1,21,121.5091991,25.07047925
113,11,27,7,21,2,01大同區,大同區環河北路2段261號,0,0,1,2,C02,8,6,5,60,14,9,1,5,4,5,13,4,4,1,4,5,2,17,1,20,2,8,6,4,7,9,1,10,1,14,,44,,1,21,121.5091991,25.07047925
113,11,27,7,23,2,08士林區,士林區故宮路與故宮路48巷口,0,0,1,1,B01,8,5,5,50,4,2,1,5,4,5,13,4,4,3,4,5,2,16,1,59,3,10,2,1,7,9,1,8,1,5,,17,,1,21,121.5474238,25.09630137
113,11,27,7,23,2,08士林區,士林區故宮路與故宮路48巷口,0,0,1,2,C03,8,5,5,50,4,2,1,5,4,5,13,4,4,3,4,5,2,16,1,63,2,9,5,1,7,9,1,10,1,14,,17,,1,21,121.5474238,25.09630137
113,11,27,7,30,2,09北投區,北投區北投路1段與公館路口,0,0,1,1,C03,8,7,5,50,4,2,1,5,4,5,13,2,1,5,4,5,2,16,1,69,2,9,6,1,7,8,1,10,1,12,,108,,1,22,121.502499,25.1214376
113,11,27,7,30,2,09北投區,北投區北投路1段與公館路口,0,0,1,2,B01,8,7,5,50,4,2,1,5,4,5,13,2,1,5,4,5,2,16,1,65,3,10,7,1,7,7,1,4,1,7,,44,,1,22,121.502499,25.1214376
113,11,27,7,32,2,05中正區,中正區汀州路1段92巷與汀州路1段140巷口口,0,0,1,1,C03,8,6,5,30,3,1,1,5,4,5,13,4,4,10,5,5,1,9,2,46,3,10,6,1,7,5,1,10,2,11,,106,,1,21,121.506991,25.03005538
113,11,27,7,32,2,05中正區,中正區汀州路1段92巷與汀州路1段140巷口口,0,0,1,2,H01,8,6,5,30,3,1,1,5,4,5,13,4,4,10,5,5,1,9,2,79,2,7,4,5,8,16,8,20,10,16,,67,,1,21,121.506991,25.03005538
113,11,27,7,38,2,04大安區,大安區和平東路3段與基隆路2段口,0,0,3,1,C03,8,6,5,50,18,9,1,5,4,5,13,2,1,1,4,5,2,13,1,37,2,9,5,1,7,9,1,10,1,11,,108,,1,21,121.551751,25.02438791
113,11,27,7,38,2,04大安區,大安區和平東路3段與基隆路2段口,0,0,3,2,C03,8,6,5,50,18,9,1,5,4,5,13,2,1,1,4,5,2,13,1,20,2,6,5,1,7,12,1,10,1,13,,44,,1,21,121.551751,25.02438791
113,11,27,7,38,2,04大安區,大安區和平東路3段與基隆路2段口,0,0,3,3,C03,8,6,5,50,18,9,1,5,4,5,13,2,1,1,4,5,2,13,1,19,2,8,5,1,7,9,1,10,1,14,,108,,1,21,121.551751,25.02438791
113,11,27,7,44,2,09北投區,北投區中央北路3段40巷19弄與中央北路3段40巷43弄口,0,0,1,1,C03,8,6,5,30,4,2,1,5,4,5,13,4,4,10,5,5,2,16,2,33,2,9,5,1,7,6,1,10,2,11,,108,,1,21,121.4845468,25.13853782
113,11,27,7,44,2,09北投區,北投區中央北路3段40巷19弄與中央北路3段40巷43弄口,0,0,1,2,B03,8,6,5,30,4,2,1,5,4,5,13,4,4,10,5,5,2,16,1,45,3,10,7,1,7,9,1,8,2,4,,44,,1,21,121.4845468,25.13853782
113,11,27,7,45,2,12內湖區,內湖區成功交流道西南角,0,0,1,1,C03,8,6,5,50,4,4,1,5,4,5,13,2,1,1,3,5,1,17,2,54,2,9,6,1,7,9,1,10,2,12,,17,,1,21,121.5902488,25.0645929
113,11,27,7,45,2,12內湖區,內湖區成功交流道西南角,0,0,1,2,B03,8,6,5,50,4,4,1,5,4,5,13,2,1,1,3,5,1,17,1,54,3,10,7,1,7,12,1,8,2,4,,99,,1,21,121.5902488,25.0645929
113,11,27,7,45,2,12內湖區,內湖區成功交流道西南角,0,0,1,3,B01,8,6,5,50,4,4,1,5,4,5,13,2,1,1,3,5,1,17,1,39,3,10,7,1,7,9,1,4,2,5,,99,,1,21,121.5902488,25.0645929
113,11,27,7,47,2,08士林區,士林區延平北路7段106巷與延平北路7段口,0,0,2,1,F01,8,6,5,30,3,2,1,5,4,5,13,4,4,10,5,5,1,17,2,59,2,8,4,1,7,9,8,20,1,12,,42,,1,21,121.4971925,25.09687902
113,11,27,7,47,2,08士林區,士林區延平北路7段106巷與延平北路7段口,0,0,2,2,C03,8,6,5,30,3,2,1,5,4,5,13,4,4,10,5,5,1,17,1,20,2,8,6,1,7,9,1,10,1,11,,44,,1,21,121.4971925,25.09687902
113,11,27,7,48,2,09北投區,北投區文林北路與自強街口,0,0,1,1,B03,8,6,5,50,4,2,1,5,4,5,13,2,1,1,4,5,2,17,1,52,3,10,7,1,7,6,1,8,1,4,,9,,1,22,121.5120803,25.1100518
113,11,27,7,48,2,09北投區,北投區文林北路與自強街口,0,0,1,2,C03,8,6,5,50,4,2,1,5,4,5,13,2,1,1,4,5,2,17,1,56,2,9,6,1,7,5,1,10,1,12,,8,,1,22,121.5120803,25.1100518
113,11,27,7,49,2,04大安區,大安區辛亥路3段與復興南路2段口,0,0,1,1,B02,8,6,5,50,4,1,1,5,4,5,13,1,1,10,5,5,2,17,4,0,4,11,3,4,7,5,7,19,11,15,,119,,2,22,121.5434175,25.021134
113,11,27,7,49,2,04大安區,大安區辛亥路3段與復興南路2段口,0,0,1,2,C03,8,6,5,50,4,1,1,5,4,5,13,1,1,10,5,5,2,17,1,68,2,8,5,1,7,9,1,10,1,12,,44,,1,21,121.5434175,25.021134
113,11,27,7,57,2,07信義區,信義區崇德街與崇德街146巷口,0,0,2,1,C03,8,7,5,30,4,1,1,5,4,5,13,4,4,10,5,5,2,17,1,30,2,9,3,4,7,5,1,10,1,11,,72,,1,21,121.5567846,25.023616
113,11,27,7,57,2,07信義區,信義區崇德街與崇德街146巷口,0,0,2,2,C03,8,7,5,30,4,1,1,5,4,5,13,4,4,10,5,5,2,17,1,42,2,8,3,4,7,9,1,10,1,11,,14,,1,21,121.5567846,25.023616
113,11,27,8,6,2,05中正區,中正區中山南路與貴陽街1段口,0,0,1,1,B03,8,6,5,50,3,1,1,5,4,5,13,2,1,5,4,5,2,15,1,44,3,10,7,1,7,9,1,8,2,1,,81,,1,22,121.5173817,25.03811952
113,11,27,8,6,2,05中正區,中正區中山南路與貴陽街1段口,0,0,1,2,C03,8,6,5,50,3,1,1,5,4,5,13,2,1,5,4,5,2,15,1,31,2,9,5,1,7,9,1,10,2,14,,44,,1,22,121.5173817,25.03811952
113,11,27,8,15,2,01大同區,大同區延平北路3段與延平北路3段18巷口,0,0,1,1,B01,8,6,5,50,5,1,1,5,4,5,13,4,4,5,5,5,2,17,1,60,3,10,7,1,7,11,1,4,2,5,,44,,1,21,121.5111464,25.06394802
113,11,27,8,15,2,01大同區,大同區延平北路3段與延平北路3段18巷口,0,0,1,2,C03,8,6,5,50,5,1,1,5,4,5,13,4,4,5,5,5,2,17,1,24,2,9,6,1,7,9,3,18,2,11,,13,,1,21,121.5111464,25.06394802
113,11,27,8,40,2,08士林區,士林區德行西路102號,0,0,1,1,C04,8,5,8,50,22,22,1,5,4,5,13,4,4,9,5,5,1,17,2,35,2,9,5,1,7,5,1,10,1,14,,8,,1,21,121.5208239,25.10399369
113,11,27,8,40,2,08士林區,士林區德行西路102號,0,0,1,2,B03,8,5,8,50,22,22,1,5,4,5,13,4,4,9,5,5,1,17,1,48,3,10,7,1,7,9,1,8,1,1,,44,,1,21,121.5208239,25.10399369
113,11,27,8,45,2,02萬華區,萬華區華江橋機車道往臺北市(001025燈桿),0,0,3,1,C03,8,7,5,40,8,11,1,5,4,5,13,4,4,1,4,5,2,13,1,31,2,7,5,1,7,9,1,10,1,11,,16,,1,21,121.4840091,25.03574372
113,11,27,8,45,2,02萬華區,萬華區華江橋機車道往臺北市(001025燈桿),0,0,3,2,C03,8,7,5,40,8,11,1,5,4,5,13,4,4,1,4,5,2,13,1,30,2,8,5,1,7,12,1,10,1,13,,44,,1,21,121.4840091,25.03574372
113,11,27,8,45,2,02萬華區,萬華區華江橋機車道往臺北市(001025燈桿),0,0,3,3,H02,8,7,5,40,8,11,1,5,4,5,13,4,4,1,4,5,2,13,2,30,2,8,5,5,7,20,8,20,10,16,,67,,1,21,121.4840091,25.03574372
113,11,27,9,0,2,04大安區,大安區辛亥路3段與臥龍街188巷口,0,0,1,1,B03,8,7,5,50,14,9,5,5,4,5,13,4,4,10,5,5,2,17,2,61,3,10,3,4,7,8,1,8,2,17,,44,,1,21,121.5512113,25.0156428
113,11,27,9,0,2,04大安區,大安區辛亥路3段與臥龍街188巷口,0,0,1,2,C03,8,7,5,50,14,9,5,5,4,5,13,4,4,10,5,5,2,17,1,27,2,9,3,4,7,9,1,10,2,11,,44,,1,21,121.5512113,25.0156428
113,11,27,9,0,2,04大安區,大安區辛亥路3段與臥龍街188巷口,0,0,1,3,C03,8,7,5,50,14,9,5,5,4,5,13,4,4,10,5,5,2,17,1,54,3,10,3,4,7,12,1,10,2,13,,44,,1,21,121.5512113,25.0156428
113,11,27,9,20,2,01大同區,大同區雙連街與萬全街口,0,0,1,1,B03,8,6,5,30,4,1,1,5,4,5,13,4,4,10,5,5,2,17,1,35,3,10,7,4,7,9,1,8,1,4,,72,,1,21,121.5188156,25.0588987
113,11,27,9,20,2,01大同區,大同區雙連街與萬全街口,0,0,1,2,C03,8,6,5,30,4,1,1,5,4,5,13,4,4,10,5,5,2,17,1,55,2,9,5,4,7,9,1,10,1,12,,14,,1,21,121.5188156,25.0588987
113,11,27,9,33,2,08士林區,士林區重陽橋機慢車道 270654燈桿,0,0,4,1,C03,8,6,5,40,8,9,1,5,4,5,13,4,4,5,4,5,2,13,1,23,2,9,6,1,7,9,1,10,1,11,,16,,1,21,121.5199721,25.09613429
113,11,27,9,33,2,08士林區,士林區重陽橋機慢車道 270654燈桿,0,0,4,2,C03,8,6,5,40,8,9,1,5,4,5,13,4,4,5,4,5,2,13,2,22,2,9,6,1,7,9,1,10,1,13,,44,,1,21,121.5199721,25.09613429
113,11,27,9,33,2,08士林區,士林區重陽橋機慢車道 270654燈桿,0,0,4,3,F01,8,6,5,40,8,9,1,5,4,5,13,4,4,5,4,5,2,13,1,74,2,9,4,1,7,9,8,20,1,13,,44,,1,21,121.5199721,25.09613429
113,11,27,9,33,2,08士林區,士林區重陽橋機慢車道 270654燈桿,0,0,4,4,C03,8,6,5,40,8,9,1,5,4,5,13,4,4,5,4,5,2,13,1,18,2,9,6,1,7,9,1,10,1,11,,16,,1,21,121.5199721,25.09613429
113,11,27,9,35,2,12內湖區,內湖區內湖路1段439號,0,0,1,1,C03,8,6,5,40,14,8,1,5,4,5,13,4,4,1,4,4,2,17,2,43,2,9,6,1,7,9,1,10,2,11,,108,,1,21,121.5720625,25.0812607
113,11,27,9,35,2,12內湖區,內湖區內湖路1段439號,0,0,1,2,C03,8,6,5,40,14,8,1,5,4,5,13,4,4,1,4,4,2,17,1,62,3,10,6,1,7,8,1,10,2,13,,42,,1,21,121.5720625,25.0812607
113,11,27,9,46,2,09北投區,北投區承德路7段384號,0,0,1,1,B02,7,6,5,60,3,2,1,5,4,5,13,4,4,1,4,4,2,11,1,68,3,10,7,1,7,7,1,8,1,3,,19,,1,21,121.5019041,25.11925845
113,11,27,9,46,2,09北投區,北投區承德路7段384號,0,0,1,2,C03,7,6,5,60,3,2,1,5,4,5,13,4,4,1,4,4,2,11,1,21,2,9,5,1,7,9,1,10,1,11,,13,,1,21,121.5019041,25.11925845
113,11,27,9,47,2,12內湖區,內湖區民權大橋西往東(第8支路燈桿),0,0,2,1,C03,8,6,5,30,8,7,1,5,4,5,13,4,4,5,4,4,2,13,1,34,2,5,5,1,7,7,1,10,1,11,,16,,1,21,121.5695474,25.0638617
113,11,27,9,47,2,12內湖區,內湖區民權大橋西往東(第8支路燈桿),0,0,2,2,C03,8,6,5,30,8,7,1,5,4,5,13,4,4,5,4,4,2,13,1,25,2,8,5,1,7,9,1,10,1,13,,44,,1,21,121.5695474,25.0638617
113,11,27,9,47,2,12內湖區,內湖區民權大橋西往東(第8支路燈桿),0,0,2,3,,8,6,5,30,8,7,1,5,4,5,13,4,4,5,4,4,2,13,3,56,,,,,,,,,,,,65,,1,,121.5695474,25.0638617
113,11,27,9,50,2,12內湖區,內湖區金湖路與康寧路1段口,0,0,1,1,C03,8,7,5,50,3,1,1,5,4,5,13,4,4,1,4,5,2,13,1,32,2,8,5,1,7,9,1,10,1,11,,16,,1,21,121.600545,25.0770248
113,11,27,9,50,2,12內湖區,內湖區金湖路與康寧路1段口,0,0,1,2,C03,8,7,5,50,3,1,1,5,4,5,13,4,4,1,4,5,2,13,1,24,3,10,6,1,7,12,1,10,1,13,,44,,1,21,121.600545,25.0770248
113,11,27,10,15,2,01大同區,大同區環河北路2段與環河北路2段69巷口,0,0,1,1,B12,8,6,5,50,3,2,1,5,4,5,13,4,4,1,4,5,2,17,1,58,3,10,2,4,7,13,1,8,1,7,,34,,1,21,121.508899,25.0657458
113,11,27,10,15,2,01大同區,大同區環河北路2段與環河北路2段69巷口,0,0,1,2,C03,8,6,5,50,3,2,1,5,4,5,13,4,4,1,4,5,2,17,1,45,2,9,5,4,7,9,1,10,1,12,,44,,1,21,121.508899,25.0657458
113,11,27,10,20,2,04大安區,大安區市民大道4段與忠孝東路4段181巷口,0,0,1,1,C03,8,7,5,40,3,1,1,5,4,5,13,2,1,10,4,5,1,12,1,61,3,10,6,4,7,9,1,10,1,14,,81,,1,21,121.5508071,25.0445503
113,11,27,10,20,2,04大安區,大安區市民大道4段與忠孝東路4段181巷口,0,0,1,2,C03,8,7,5,40,3,1,1,5,4,5,13,2,1,10,4,5,1,12,2,35,2,9,6,4,7,12,1,10,1,12,,81,,1,21,121.5508071,25.0445503
113,11,27,10,24,2,01大同區,大同區台北橋機慢車道往東,0,0,1,1,C03,8,6,5,40,8,11,1,5,4,5,13,4,4,10,5,5,1,17,1,37,3,10,6,1,7,9,1,10,9,17,,42,,1,21,121.5085885,25.0632662
113,11,27,10,24,2,01大同區,大同區台北橋機慢車道往東,0,0,1,2,C03,8,6,5,40,8,11,1,5,4,5,13,4,4,10,5,5,1,17,1,40,2,9,6,1,7,9,1,10,1,17,,42,,1,21,121.5085885,25.0632662
113,11,27,10,40,2,03中山區,中山區民權東路2段與新生北路2段口,0,0,1,1,C03,8,7,5,50,14,9,1,5,4,5,13,4,4,1,4,5,2,13,2,25,2,7,5,1,7,9,1,10,1,11,,16,,1,21,121.5275247,25.06284458
113,11,27,10,40,2,03中山區,中山區民權東路2段與新生北路2段口,0,0,1,2,B01,8,7,5,50,14,9,1,5,4,5,13,4,4,1,4,5,2,13,1,69,3,10,7,1,7,9,1,4,1,3,,44,,1,21,121.5275247,25.06284458
113,11,27,11,0,2,07信義區,信義區松山路158號,0,0,1,1,C04,8,7,5,30,14,9,1,5,4,5,13,4,4,10,5,5,2,12,1,44,2,9,6,4,7,9,1,8,9,14,,42,,1,21,121.5775324,25.0464749
113,11,27,11,0,2,07信義區,信義區松山路158號,0,0,1,2,C03,8,7,5,30,14,9,1,5,4,5,13,4,4,10,5,5,2,12,2,25,3,10,3,4,7,13,1,10,9,13,,44,,1,21,121.5775324,25.0464749
113,11,27,11,0,2,07信義區,信義區松山路158號,0,0,1,3,B03,8,7,5,30,14,9,1,5,4,5,13,4,4,10,5,5,2,12,1,50,3,10,3,4,7,13,1,8,9,4,,44,,1,21,121.5775324,25.0464749
113,11,27,11,1,2,01大同區,大同區大龍街與民族西路口,0,0,1,1,B03,8,6,5,50,4,1,1,5,4,5,13,2,1,9,4,5,2,16,1,29,3,10,7,1,7,5,1,8,1,1,,71,,1,21,121.5158503,25.0685319
113,11,27,11,1,2,01大同區,大同區大龍街與民族西路口,0,0,1,2,C02,8,6,5,50,4,1,1,5,4,5,13,2,1,9,4,5,2,16,1,25,2,9,5,1,7,9,1,10,1,14,,44,,1,21,121.5158503,25.0685319
113,11,27,11,13,2,01大同區,大同區台北橋機慢車道與台北橋機慢車道口,0,0,1,1,C03,8,6,5,40,8,11,1,5,4,5,13,4,4,1,5,5,2,13,1,26,3,10,6,1,7,9,1,10,2,11,,107,,1,21,121.5101201,25.0630241
113,11,27,11,13,2,01大同區,大同區台北橋機慢車道與台北橋機慢車道口,0,0,1,2,C03,8,6,5,40,8,11,1,5,4,5,13,4,4,1,5,5,2,13,2,29,2,9,6,1,7,9,1,10,2,13,,44,,1,21,121.5101201,25.0630241
113,11,27,11,14,2,05中正區,中正區愛國西路與愛國西路36巷口,0,0,1,1,C03,8,6,5,50,3,1,1,5,4,5,13,4,4,1,4,5,2,13,2,22,2,9,5,1,7,9,1,10,1,11,,16,,1,21,121.5094523,25.03598857
113,11,27,11,14,2,05中正區,中正區愛國西路與愛國西路36巷口,0,0,1,2,B01,8,6,5,50,3,1,1,5,4,5,13,4,4,1,4,5,2,13,1,48,3,10,7,1,7,14,1,2,11,7,,114,,2,21,121.5094523,25.03598857
113,11,27,11,17,2,11南港區,南港區忠孝東路7段與忠孝東路7段265巷口,0,0,1,1,B03,8,6,5,50,3,1,1,5,4,5,13,2,1,1,5,5,2,16,1,70,3,10,7,1,7,5,1,8,1,5,,71,,1,21,121.6035716,25.051791
113,11,27,11,17,2,11南港區,南港區忠孝東路7段與忠孝東路7段265巷口,0,0,1,2,C03,8,6,5,50,3,1,1,5,4,5,13,2,1,1,5,5,2,16,2,24,2,9,6,1,7,9,1,10,1,11,,44,,1,21,121.6035716,25.051791
113,11,27,11,30,2,05中正區,中正區泉州街14號,0,0,2,1,C03,8,6,5,50,14,9,1,5,4,5,13,4,4,5,5,5,1,17,1,32,2,8,6,1,7,15,1,10,2,12,,27,,1,21,121.5146215,25.0275353
113,11,27,11,30,2,05中正區,中正區泉州街14號,0,0,2,2,C03,8,6,5,50,14,9,1,5,4,5,13,4,4,5,5,5,1,17,1,68,2,8,6,1,7,9,1,10,2,14,,44,,1,21,121.5146215,25.0275353
113,11,27,11,30,2,05中正區,中正區泉州街14號,0,0,2,3,C03,8,6,5,50,14,9,1,5,4,5,13,4,4,5,5,5,1,17,2,39,3,10,3,1,7,13,1,10,11,12,,44,,1,21,121.5146215,25.0275353
113,11,27,11,54,2,03中山區,中山區八德路2段232號,0,0,1,1,B03,8,7,5,50,14,9,1,5,4,5,13,4,4,5,4,5,2,16,1,56,3,10,7,1,7,7,1,8,1,4,,103,,1,22,121.5401603,25.04664615
113,11,27,11,54,2,03中山區,中山區八德路2段232號,0,0,1,2,C03,8,7,5,50,14,9,1,5,4,5,13,4,4,5,4,5,2,16,1,25,2,9,5,1,7,9,1,10,1,12,,44,,1,22,121.5401603,25.04664615
113,11,27,12,5,2,09北投區,北投區中央北路4段與大度路3段口,0,0,1,1,C03,8,6,5,50,14,9,1,5,4,5,13,1,1,9,4,5,2,17,2,67,3,10,6,1,7,5,3,18,9,17,,71,,2,21,121.4649402,25.1243687
113,11,27,12,5,2,09北投區,北投區中央北路4段與大度路3段口,0,0,1,2,C03,8,6,5,50,14,9,1,5,4,5,13,1,1,9,4,5,2,17,1,69,2,8,5,1,7,9,1,10,1,14,,44,,1,21,121.4649402,25.1243687
113,11,27,12,6,2,08士林區,士林區中正路與文林路口,0,0,1,1,B03,7,5,5,50,4,1,1,5,4,5,13,2,1,4,5,5,1,17,4,45,4,11,3,4,7,9,7,19,1,15,,119,,2,22,121.5245567,25.0952822
113,11,27,12,6,2,08士林區,士林區中正路與文林路口,0,0,1,2,C03,7,5,5,50,4,1,1,5,4,5,13,2,1,4,5,5,1,17,2,26,2,9,5,1,7,14,1,10,1,13,,44,,1,21,121.5245567,25.0952822