發生年度,發生月,發生日,發生時-Hours,發生分,處理別-編號,區序,肇事地點,死亡人數,2-30日死亡人數,受傷人數,當事人序號,車種,天候,道路照明設備,道路類別,速限-速度限制,道路型態,事故位置,路面狀況1,路面狀況2,路面狀況3,道路障礙1,道路障礙2,號誌1,號誌2,車道劃分-分向,車道劃分-分道1,車道劃分-分道2,車道劃分-分道3,事故類型及型態,性別,年齡,受傷程度,主要傷處,保護裝置,行動電話,車輛用途,當事者行動狀態,駕駛資格情形,駕駛執照種類,飲酒情形,車輛撞擊部位1,車輛撞擊部位2,肇因碼-個別,肇因碼-主要,個人肇逃否,職業,座標-X,座標-Y
113,11,27,12,13,2,09北投區,北投區中和街與雙全街口,0,0,2,1,C03,8,7,5,50,4,1,1,5,4,5,13,2,1,5,5,5,1,13,1,30,2,9,6,1,7,9,1,10,1,11,,107,,1,22,121.5014853,25.1392989
113,11,27,12,13,2,09北投區,北投區中和街與雙全街口,0,0,2,2,C03,8,7,5,50,4,1,1,5,4,5,13,2,1,5,5,5,1,13,2,67,2,9,5,1,7,5,1,11,1,13,,44,,1,22,121.5014853,25.1392989
113,11,27,12,40,2,02萬華區,萬華區萬大路298號,0,0,1,1,B02,7,6,5,30,14,9,1,5,4,5,13,4,4,10,3,5,1,17,1,37,3,10,3,4,7,15,1,8,1,17,,19,,1,21,121.5002796,25.0250869
113,11,27,12,40,2,02萬華區,萬華區萬大路298號,0,0,1,2,C04,7,6,5,30,14,9,1,5,4,5,13,4,4,10,3,5,1,17,2,53,2,9,3,4,7,9,1,21,1,17,,13,,1,21,121.5002796,25.0250869
113,11,27,13,0,2,08士林區,士林區德行東路129巷與德行東路109巷64弄口,0,0,2,1,C03,8,6,5,30,4,1,1,5,4,5,13,4,4,10,5,5,2,15,1,64,2,9,3,4,7,9,1,10,1,14,,72,,1,21,121.5293567,25.109413
113,11,27,13,0,2,08士林區,士林區德行東路129巷與德行東路109巷64弄口,0,0,2,2,C03,8,6,5,30,4,1,1,5,4,5,13,4,4,10,5,5,2,15,2,65,2,9,3,4,7,9,1,10,1,11,,108,,1,21,121.5293567,25.109413
113,11,27,13,5,2,01大同區,大同區鄭州路往東近塔城街,0,0,1,1,B12,8,6,5,40,14,9,1,5,4,5,13,4,4,9,4,5,2,16,1,35,3,10,7,1,7,6,1,8,1,2,,9,,1,21,121.5096553,25.0501589
113,11,27,13,5,2,01大同區,大同區鄭州路往東近塔城街,0,0,1,2,C03,8,6,5,40,14,9,1,5,4,5,13,4,4,9,4,5,2,16,2,35,2,9,5,1,7,9,1,10,1,14,,14,,1,21,121.5096553,25.0501589
113,11,27,13,22,2,05中正區,中正區忠孝西路1段114號西往東,0,0,1,1,B03,7,7,5,50,14,9,1,5,4,5,13,4,4,1,4,1,2,12,2,60,3,10,7,1,7,9,1,8,1,2,,42,,1,21,121.5118173,25.04765826
113,11,27,13,22,2,05中正區,中正區忠孝西路1段114號西往東,0,0,1,2,C03,7,7,5,50,14,9,1,5,4,5,13,4,4,1,4,1,2,12,1,32,2,7,5,1,7,9,1,10,1,14,,42,,1,21,121.5118173,25.04765826
113,11,27,13,25,2,04大安區,大安區仁愛路4段25號,0,0,1,1,,8,6,5,0,14,20,2,5,4,5,13,4,4,10,5,5,2,11,4,0,4,11,3,4,7,4,8,20,11,13,,119,,2,22,121.5448392,25.0381816
113,11,27,13,25,2,04大安區,大安區仁愛路4段25號,0,0,1,2,F01,8,6,5,0,14,20,2,5,4,5,13,4,4,10,5,5,2,11,2,64,2,9,4,4,7,9,8,20,1,11,,44,,1,21,121.5448392,25.0381816
113,11,27,13,30,2,11南港區,南港區市民大道8段與南港路1段277巷口,0,0,1,1,C03,7,7,5,50,4,2,1,5,4,5,13,2,1,9,5,5,2,17,1,30,3,10,6,1,7,6,1,10,1,17,,74,,1,21,121.6088226,25.0535722
113,11,27,13,30,2,11南港區,南港區市民大道8段與南港路1段277巷口,0,0,1,2,C03,7,7,5,50,4,2,1,5,4,5,13,2,1,9,5,5,2,17,1,46,2,9,5,1,7,9,1,10,1,17,,44,,1,21,121.6088226,25.0535722
113,11,27,13,40,2,12內湖區,內湖區麥帥一橋,0,0,1,1,C01,8,6,5,60,8,9,1,5,4,5,13,4,4,1,4,5,1,12,1,44,2,7,5,1,7,4,1,9,1,12,,100,,1,21,121.5725283,25.0522825
113,11,27,13,40,2,12內湖區,內湖區麥帥一橋,0,0,1,2,B03,8,6,5,60,8,9,1,5,4,5,13,4,4,1,4,5,1,12,1,50,3,10,7,1,7,7,1,8,1,7,,100,,1,21,121.5725283,25.0522825
113,11,27,14,14,2,10文山區,文山區木新路3段與興隆路4段口,0,0,1,1,B03,8,6,5,50,3,2,1,5,4,5,13,1,1,5,4,5,2,16,1,51,3,10,7,1,7,6,1,8,1,2,,9,,1,21,121.5183568,25.04847309
113,11,27,14,14,2,10文山區,文山區木新路3段與興隆路4段口,0,0,1,2,C03,8,6,5,50,3,2,1,5,4,5,13,1,1,5,4,5,2,16,2,21,2,9,6,1,7,9,1,10,1,14,,44,,1,21,121.5183568,25.04847309
113,11,27,14,29,2,08士林區,士林區凱旋路與凱旋路29巷口,0,0,1,1,C03,8,7,5,30,11,9,1,5,4,5,13,4,4,10,5,5,2,17,1,21,2,7,6,1,7,9,1,10,1,14,,42,,1,21,121.5443471,25.13618385
113,11,27,14,29,2,08士林區,士林區凱旋路與凱旋路29巷口,0,0,1,2,B03,8,7,5,30,11,9,1,5,4,5,13,4,4,10,5,5,2,17,1,21,3,10,7,1,7,9,1,8,1,4,,42,,1,21,121.5443471,25.13618385
113,11,27,14,31,2,01大同區,大同區民族西路32巷與承德路3段99巷口,0,0,3,1,C03,8,6,5,30,5,1,1,5,4,5,13,4,4,10,5,5,2,16,2,64,2,9,6,1,7,6,1,10,2,14,,72,,1,21,121.5192356,25.0663978
113,11,27,14,31,2,01大同區,大同區民族西路32巷與承德路3段99巷口,0,0,3,2,C03,8,6,5,30,5,1,1,5,4,5,13,4,4,10,5,5,2,16,1,54,2,8,6,1,7,9,1,10,2,11,,13,,1,21,121.5192356,25.0663978
113,11,27,14,31,2,01大同區,大同區民族西路32巷與承德路3段99巷口,0,0,3,3,H02,8,6,5,30,5,1,1,5,4,5,13,4,4,10,5,5,2,16,2,64,2,9,6,5,7,20,8,20,10,16,,67,,1,21,121.5192356,25.0663978
113,11,27,14,34,2,07信義區,信義區吳興街99巷與吳興街口,0,0,1,1,C03,8,6,5,50,3,1,1,5,4,5,13,4,4,9,5,5,2,16,2,74,3,10,5,1,7,5,1,10,2,11,,72,,1,21,121.5608728,25.0304129
113,11,27,14,34,2,07信義區,信義區吳興街99巷與吳興街口,0,0,1,2,C03,8,6,5,50,3,1,1,5,4,5,13,4,4,9,5,5,2,16,2,44,2,8,6,1,7,9,1,10,2,12,,14,,1,21,121.5608728,25.0304129
113,11,27,14,54,2,10文山區,文山區汀州路4段140巷與溪洲街口口附近,0,0,2,1,C03,8,6,5,30,14,9,1,5,4,5,13,4,4,9,5,5,2,16,1,64,2,9,6,1,7,5,1,10,1,14,,8,,1,21,121.5350708,25.0046734
113,11,27,14,54,2,10文山區,文山區汀州路4段140巷與溪洲街口口附近,0,0,2,2,C03,8,6,5,30,14,9,1,5,4,5,13,4,4,9,5,5,2,16,1,26,2,9,6,1,7,9,1,10,1,12,,44,,1,21,121.5350708,25.0046734
113,11,27,15,20,2,12內湖區,內湖區成功路3段174巷與內湖路2段口,0,0,1,1,B03,8,7,5,50,4,2,1,5,4,5,13,2,1,5,5,5,2,11,1,63,3,10,7,1,7,9,1,8,1,2,,17,,1,21,121.590379,25.0820466
113,11,27,15,20,2,12內湖區,內湖區成功路3段174巷與內湖路2段口,0,0,1,2,C03,8,7,5,50,4,2,1,5,4,5,13,2,1,5,5,5,2,11,2,77,2,8,5,1,7,9,1,10,1,14,,44,,1,21,121.590379,25.0820466
113,11,27,15,25,2,10文山區,文山區指南路2段與道南橋口,0,0,1,1,B03,8,6,5,50,3,2,1,5,4,5,13,1,1,5,5,5,2,16,2,19,3,10,7,1,7,11,1,8,1,2,,10,,1,21,121.5735121,24.9880728
113,11,27,15,25,2,10文山區,文山區指南路2段與道南橋口,0,0,1,2,C03,8,6,5,50,3,2,1,5,4,5,13,1,1,5,5,5,2,16,2,68,2,9,6,1,7,9,1,10,1,14,,44,,1,21,121.5735121,24.9880728
113,11,27,15,27,2,09北投區,北投區北投路1段與大業路280巷35弄口,0,0,1,1,B03,8,7,5,50,14,9,1,5,4,5,13,4,4,5,3,5,2,16,1,53,3,10,7,1,7,6,1,8,2,5,,9,,1,21,121.5003865,25.1276079
113,11,27,15,27,2,09北投區,北投區北投路1段與大業路280巷35弄口,0,0,1,2,C03,8,7,5,50,14,9,1,5,4,5,13,4,4,5,3,5,2,16,1,57,2,9,5,1,7,9,1,10,2,14,,44,,1,21,121.5003865,25.1276079
113,11,27,16,6,2,07信義區,信義區信義路6段75號,0,0,1,1,A02,8,6,5,50,14,9,1,5,4,5,13,2,1,5,4,5,2,9,1,58,3,10,7,1,7,1,1,2,1,17,,36,,1,21,121.5770307,25.035487
113,11,27,16,6,2,07信義區,信義區信義路6段75號,0,0,1,2,H02,8,6,5,50,14,9,1,5,4,5,13,2,1,5,4,5,2,9,2,76,2,1,4,5,7,19,8,20,10,17,,67,,1,21,121.5770307,25.035487
113,11,27,16,14,2,08士林區,士林區德行西路35號對面,0,0,1,1,C03,7,6,5,50,14,9,1,5,4,5,13,4,4,5,4,5,1,12,2,72,2,9,6,1,7,9,1,10,1,11,,118,,1,22,121.5238141,25.10582778
113,11,27,16,14,2,08士林區,士林區德行西路35號對面,0,0,1,3,B03,7,6,5,50,14,9,1,5,4,5,13,4,4,5,4,5,1,12,1,75,3,10,7,1,7,9,1,8,1,4,,118,,1,22,121.5238141,25.10582778
113,11,27,16,14,2,08士林區,士林區德行西路35號對面,0,0,1,2,B02,7,6,5,50,14,9,1,5,4,5,13,4,4,5,4,5,1,12,1,49,3,10,7,1,7,9,1,8,1,5,,118,,1,22,121.5238141,25.10582778
113,11,27,16,45,2,12內湖區,內湖區潭美街與成功路2段口,0,0,1,1,B03,8,6,5,50,3,1,1,5,4,5,13,2,1,9,4,5,2,16,1,21,3,10,7,1,7,5,1,8,2,1,,71,,1,21,121.5921545,25.0601122
113,11,27,16,45,2,12內湖區,內湖區潭美街與成功路2段口,0,0,1,2,C03,8,6,5,50,3,1,1,5,4,5,13,2,1,9,4,5,2,16,1,35,2,9,6,1,7,9,6,10,2,14,,13,,1,21,121.5921545,25.0601122
113,11,27,16,47,2,05中正區,中正區市民大道1段與中山北路1段口逸仙公園旁,0,0,1,1,A02,7,5,5,40,14,9,1,5,4,5,13,4,4,1,4,1,2,12,1,27,3,10,7,1,7,9,1,2,2,5,,17,,1,21,121.5208592,25.04771413
113,11,27,16,47,2,05中正區,中正區市民大道1段與中山北路1段口逸仙公園旁,0,0,1,2,C03,7,5,5,40,14,9,1,5,4,5,13,4,4,1,4,1,2,12,2,51,2,8,5,1,7,9,1,10,2,14,,17,,1,21,121.5208592,25.04771413
113,11,27,16,50,2,05中正區,中正區八德路1段60號,0,0,1,1,B01,8,7,5,50,14,9,1,5,4,5,13,4,4,5,4,5,2,13,1,57,3,10,7,1,7,9,1,4,1,5,,16,,1,21,121.5312875,25.0439402
113,11,27,16,50,2,05中正區,中正區八德路1段60號,0,0,1,2,C03,8,7,5,50,14,9,1,5,4,5,13,4,4,5,4,5,2,13,2,51,2,7,5,2,7,15,1,10,1,13,,111,,1,21,121.5312875,25.0439402
113,11,27,16,50,2,05中正區,中正區八德路1段60號,0,0,1,3,B03,8,7,5,50,14,9,1,5,4,5,13,4,4,5,4,5,2,13,2,24,4,11,3,4,7,21,7,19,11,15,,38,,2,22,121.5312875,25.0439402
113,11,27,17,12,2,09北投區,北投區大度路2段與立德路口往淡水機車道,0,0,2,1,C03,8,5,5,50,14,12,1,5,4,5,13,4,4,1,4,1,1,13,1,27,2,8,5,1,7,9,1,10,1,11,,108,,1,21,121.4744744,25.12284437
113,11,27,17,12,2,09北投區,北投區大度路2段與立德路口往淡水機車道,0,0,2,2,C03,8,5,5,50,14,12,1,5,4,5,13,4,4,1,4,1,1,13,1,23,3,10,5,1,7,9,1,10,1,13,,44,,1,21,121.4744744,25.12284437
113,11,27,17,12,2,09北投區,北投區大度路2段與立德路口往淡水機車道,0,0,2,3,C03,8,5,5,50,14,12,1,5,4,5,13,4,4,1,4,1,1,13,2,49,2,8,5,1,7,9,1,10,1,13,,44,,1,21,121.4744744,25.12284437
113,11,27,17,15,2,11南港區,南港區南港路3段141號與南港路3段256巷口,0,0,1,1,C03,8,5,5,50,3,1,1,5,4,5,13,2,1,5,4,5,2,12,1,51,3,10,3,4,7,9,1,10,2,11,,16,,1,22,121.5849254,25.052621
113,11,27,17,15,2,11南港區,南港區南港路3段141號與南港路3段256巷口,0,0,1,2,C03,8,5,5,50,3,1,1,5,4,5,13,2,1,5,4,5,2,12,1,52,2,8,3,4,7,9,1,10,2,12,,44,,1,22,121.5849254,25.052621
113,11,27,17,15,2,11南港區,南港區南港路3段141號與南港路3段256巷口,0,0,1,3,C03,8,5,5,50,3,1,1,5,4,5,13,2,1,5,4,5,2,12,1,18,3,10,3,4,7,6,1,10,2,15,,9,,1,22,121.5849254,25.052621
113,11,27,17,30,2,05中正區,中正區博愛路43號,0,0,1,3,B03,8,5,5,50,14,9,1,5,4,5,13,4,4,10,4,5,2,12,1,31,3,10,7,1,7,13,1,8,2,3,,38,,1,21,121.5114918,25.0446747
113,11,27,17,30,2,05中正區,中正區博愛路43號,0,0,1,1,B03,8,5,5,50,14,9,1,5,4,5,13,4,4,10,4,5,2,12,1,62,3,10,7,1,7,8,1,7,2,5,,100,,1,21,121.5114918,25.0446747
113,11,27,17,30,2,05中正區,中正區博愛路43號,0,0,1,2,C03,8,5,5,50,14,9,1,5,4,5,13,4,4,10,4,5,2,12,1,34,2,9,5,1,7,9,1,10,2,14,,27,,1,21,121.5114918,25.0446747
113,11,27,17,30,2,11南港區,南港區東新街與東新街168巷口,0,0,2,1,C03,7,7,5,30,4,2,1,5,4,5,13,2,1,9,4,5,2,16,1,30,2,8,6,4,7,6,1,10,1,11,,44,,1,21,121.5898789,25.0464674
113,11,27,17,30,2,11南港區,南港區東新街與東新街168巷口,0,0,2,2,F01,7,7,5,30,4,2,1,5,4,5,13,2,1,9,4,5,2,16,2,38,2,9,4,4,7,9,8,20,1,14,,81,,1,21,121.5898789,25.0464674
113,11,27,17,31,2,02萬華區,萬華區忠孝橋下橋處,0,0,4,1,C03,7,5,5,50,8,11,1,5,4,5,13,4,4,1,4,5,2,13,2,22,2,9,6,4,7,9,1,10,1,11,,16,,1,22,121.5067377,25.048722
113,11,27,17,31,2,02萬華區,萬華區忠孝橋下橋處,0,0,4,2,C03,7,5,5,50,8,11,1,5,4,5,13,4,4,1,4,5,2,13,2,21,2,9,6,4,7,9,1,10,1,13,,44,,1,22,121.5067377,25.048722
113,11,27,17,31,2,02萬華區,萬華區忠孝橋下橋處,0,0,4,3,C03,7,5,5,50,8,11,1,5,4,5,13,4,4,1,4,5,2,13,2,54,3,10,6,4,7,9,1,10,1,13,,44,,1,22,121.5067377,25.048722
113,11,27,17,31,2,02萬華區,萬華區忠孝橋下橋處,0,0,4,4,H02,7,5,5,50,8,11,1,5,4,5,13,4,4,1,4,5,2,13,2,21,2,9,6,5,7,20,8,20,10,16,,67,,1,22,121.5067377,25.048722
113,11,27,17,31,2,02萬華區,萬華區忠孝橋下橋處,0,0,4,5,H02,7,5,5,50,8,11,1,5,4,5,13,4,4,1,4,5,2,13,2,19,2,9,6,5,7,20,8,20,10,16,,67,,1,22,121.5067377,25.048722
113,11,27,17,33,2,03中山區,中山區中山北路2段與民生西路口,0,0,3,1,C03,8,5,5,50,4,2,1,5,4,5,13,2,1,1,4,5,2,13,1,21,2,9,6,1,7,9,1,10,2,11,,108,,1,21,121.5227488,25.0581205
113,11,27,17,33,2,03中山區,中山區中山北路2段與民生西路口,0,0,3,2,C03,8,5,5,50,4,2,1,5,4,5,13,2,1,1,4,5,2,13,1,64,2,9,6,1,7,6,1,10,2,13,,9,,1,21,121.5227488,25.0581205
113,11,27,17,33,2,03中山區,中山區中山北路2段與民生西路口,0,0,3,3,H02,8,5,5,50,4,2,1,5,4,5,13,2,1,1,4,5,2,13,1,24,2,9,6,5,7,20,8,20,10,16,,67,,1,21,121.5227488,25.0581205
113,11,27,17,35,2,03中山區,中山區遼寧街與龍江路45巷口,0,0,2,1,C03,8,5,5,30,4,1,1,5,4,5,13,4,4,9,4,5,2,15,1,24,2,9,6,4,7,9,1,9,1,14,,72,,1,21,121.5421598,25.04916954
113,11,27,17,35,2,03中山區,中山區遼寧街與龍江路45巷口,0,0,2,2,C03,8,5,5,30,4,1,1,5,4,5,13,4,4,9,4,5,2,15,1,41,2,9,5,4,7,9,1,10,1,11,,44,,1,21,121.5421598,25.04916954
113,11,27,17,35,2,07信義區,信義區和平東路3段(莊敬隧道往西),0,0,1,1,C03,7,5,5,40,11,9,1,5,4,5,13,4,4,8,5,5,2,18,1,19,2,9,3,4,7,9,1,10,1,12,,116,,1,22,121.5653204,25.00987939
113,11,27,17,35,2,07信義區,信義區和平東路3段(莊敬隧道往西),0,0,1,2,,7,5,5,40,11,9,1,5,4,5,13,4,4,8,5,5,2,18,3,0,,,,,,,,,10,,,67,,1,,121.5653204,25.00987939
113,11,27,18,8,2,08士林區,士林區仰德大道1段16號上方200公尺處,0,0,2,1,C03,8,5,5,40,14,9,1,5,4,5,13,4,4,5,5,5,1,17,1,20,2,9,6,1,7,9,1,10,1,12,,17,,1,21,121.5365068,25.1042496
113,11,27,18,8,2,08士林區,士林區仰德大道1段16號上方200公尺處,0,0,2,2,C03,8,5,5,40,14,9,1,5,4,5,13,4,4,5,5,5,1,17,1,20,2,9,6,1,7,9,1,10,1,14,,44,,1,21,121.5365068,25.1042496
113,11,27,18,8,2,08士林區,士林區仰德大道1段16號上方200公尺處,0,0,2,3,B03,8,5,5,40,14,9,1,5,4,5,13,4,4,5,5,5,1,17,1,39,3,10,7,1,7,14,1,8,1,6,,44,,1,21,121.5365068,25.1042496
113,11,27,18,9,2,03中山區,中山區民權西路19號,0,0,1,1,C03,7,5,5,50,14,9,1,5,4,5,13,4,4,3,4,5,2,13,1,40,2,9,6,1,7,7,1,10,1,11,,100,,1,22,121.5214506,25.0628427
113,11,27,18,9,2,03中山區,中山區民權西路19號,0,0,1,2,B03,7,5,5,50,14,9,1,5,4,5,13,4,4,3,4,5,2,13,1,54,3,10,7,1,7,14,1,8,1,3,,44,,1,22,121.5214506,25.0628427
113,11,27,18,12,2,03中山區,中山區林森北路383巷與林森北路口,0,0,2,1,B01,7,5,5,50,3,1,1,5,4,5,13,4,4,5,4,5,2,16,1,33,2,6,3,4,7,5,1,4,2,2,,74,,1,21,121.5256107,25.0585464
113,11,27,18,12,2,03中山區,中山區林森北路383巷與林森北路口,0,0,2,2,C03,7,5,5,50,3,1,1,5,4,5,13,4,4,5,4,5,2,16,1,26,2,3,3,4,7,9,1,10,2,11,,44,,1,21,121.5256107,25.0585464
113,11,27,18,13,2,07信義區,信義區福德街與林口街口,0,0,1,1,C03,7,5,5,30,4,1,1,5,4,5,13,2,1,1,4,5,1,16,2,22,2,8,3,4,7,6,1,10,1,12,,44,,1,21,121.5792131,25.0363725
113,11,27,18,13,2,07信義區,信義區福德街與林口街口,0,0,1,2,C03,7,5,5,30,4,1,1,5,4,5,13,2,1,1,4,5,1,16,1,51,3,10,3,4,7,9,1,10,1,11,,108,,1,21,121.5792131,25.0363725
113,11,27,18,15,2,02萬華區,萬華區桂林路224巷與桂林路口,0,0,1,1,C03,8,5,5,50,3,2,1,5,4,5,13,4,4,8,3,5,1,17,1,66,3,10,5,1,7,12,6,18,1,11,,86,,1,21,121.4967519,25.038552
113,11,27,18,15,2,02萬華區,萬華區桂林路224巷與桂林路口,0,0,1,2,C03,8,5,5,50,3,2,1,5,4,5,13,4,4,8,3,5,1,17,2,24,2,9,5,1,7,11,1,10,1,14,,10,,1,21,121.4967519,25.038552
113,11,27,18,40,2,11南港區,南港區市民大道8段335號,0,0,1,1,A12,8,5,5,50,14,9,1,5,4,5,13,1,1,1,4,5,2,17,1,46,3,10,3,4,7,9,1,3,1,17,,37,,1,21,121.603653,25.0527803
113,11,27,18,40,2,11南港區,南港區市民大道8段335號,0,0,1,2,C03,8,5,5,50,14,9,1,5,4,5,13,1,1,1,4,5,2,17,1,34,2,9,3,4,7,9,1,10,1,17,,44,,1,21,121.603653,25.0527803
113,11,27,18,44,2,07信義區,信義區虎林街120巷270號,0,0,2,1,C03,7,5,5,30,14,9,1,5,4,5,13,4,4,9,5,5,2,9,1,25,2,8,3,4,7,9,1,10,1,11,,14,,1,21,121.5705815,25.0422677
113,11,27,18,44,2,07信義區,信義區虎林街120巷270號,0,0,2,2,H01,7,5,5,30,14,9,1,5,4,5,13,4,4,9,5,5,2,9,2,44,2,9,4,5,8,16,8,20,10,16,,67,,1,21,121.5705815,25.0422677
113,11,27,18,55,2,01大同區,大同區環河北路1段與鄭州路口,0,0,1,1,C03,8,5,5,50,5,2,1,5,4,5,13,2,1,9,4,4,2,13,2,37,2,9,6,1,7,15,1,10,2,13,,71,,1,22,121.5069371,25.0510216
113,11,27,18,55,2,01大同區,大同區環河北路1段與鄭州路口,0,0,1,2,B03,8,5,5,50,5,2,1,5,4,5,13,2,1,9,4,4,2,13,2,53,3,10,7,1,7,1,1,8,2,8,,44,,1,22,121.5069371,25.0510216
113,11,27,19,12,2,05中正區,中正區中山南路與信義路1段口,0,0,1,1,B03,8,5,5,50,5,1,1,5,4,5,13,2,1,10,3,1,2,3,2,59,3,10,7,1,7,9,1,8,2,1,,70,,1,26,121.5181109,25.03849
113,11,27,19,12,2,05中正區,中正區中山南路與信義路1段口,0,0,1,2,H01,8,5,5,50,5,1,1,5,4,5,13,2,1,10,3,1,2,3,2,48,2,1,4,5,8,18,8,20,10,16,,67,,1,26,121.5181109,25.03849
113,11,27,19,43,2,11南港區,南港區南港路2段與成功路1段口,0,0,1,1,C03,7,5,5,50,4,1,1,5,4,5,13,2,1,4,3,5,2,13,1,25,2,9,6,1,7,9,1,10,1,12,,16,,1,21,121.5936007,25.0543368
113,11,27,19,43,2,11南港區,南港區南港路2段與成功路1段口,0,0,1,2,B03,7,5,5,50,4,1,1,5,4,5,13,2,1,4,3,5,2,13,1,58,3,10,7,1,7,13,1,8,1,4,,44,,1,21,121.5936007,25.0543368
113,11,27,21,25,2,04大安區,大安區忠孝東路4段325號,0,0,2,1,C03,7,5,5,50,14,9,1,5,4,5,13,4,4,1,4,5,1,17,1,32,2,9,6,1,7,9,1,10,2,11,,16,,1,21,121.556799,25.0414484
113,11,27,21,25,2,04大安區,大安區忠孝東路4段325號,0,0,2,2,C03,7,5,5,50,14,9,1,5,4,5,13,4,4,1,4,5,1,17,2,29,2,8,6,1,7,12,3,18,2,13,,42,,1,21,121.556799,25.0414484
113,11,27,21,50,2,03中山區,中山區明水路與明水路397巷口,0,0,1,1,B03,8,5,5,50,3,1,1,5,4,5,13,2,1,1,4,5,2,16,2,43,3,10,7,1,7,5,1,8,1,2,,8,,1,22,121.5477166,25.0774477
113,11,27,21,50,2,03中山區,中山區明水路與明水路397巷口,0,0,1,2,C03,8,5,5,50,3,1,1,5,4,5,13,2,1,1,4,5,2,16,2,38,2,9,6,1,7,9,1,10,1,11,,44,,1,22,121.5477166,25.0774477
113,11,27,22,29,2,11南港區,南港區南港路1段277巷與市民大道8段口,0,0,2,1,C03,8,5,5,50,4,1,1,5,4,5,8,2,1,4,5,5,1,15,1,30,2,9,5,4,7,9,1,10,1,14,,81,,1,22,121.6088195,25.0535188
113,11,27,22,29,2,11南港區,南港區南港路1段277巷與市民大道8段口,0,0,2,2,C03,8,5,5,50,4,1,1,5,4,5,8,2,1,4,5,5,1,15,1,28,2,9,5,4,7,9,1,10,1,11,,44,,1,22,121.6088195,25.0535188
113,11,27,22,50,2,05中正區,中正區南海路與惠安街口,0,0,2,1,C03,8,5,5,50,4,2,1,5,4,5,13,1,1,5,4,5,2,13,1,30,2,9,5,4,7,9,1,10,1,11,,16,,1,21,121.5080877,25.0282656
113,11,27,22,50,2,05中正區,中正區南海路與惠安街口,0,0,2,2,C03,8,5,5,50,4,2,1,5,4,5,13,1,1,5,4,5,2,13,1,31,2,8,5,4,7,14,1,10,1,13,,44,,1,21,121.5080877,25.0282656
113,11,27,22,53,2,05中正區,中正區和平西路1段92號,0,0,1,1,C03,7,5,5,50,14,8,1,5,4,5,13,4,4,1,4,4,2,18,1,21,2,9,5,1,7,9,1,10,2,11,,108,,1,22,121.5182549,25.0265809
113,11,27,22,53,2,05中正區,中正區和平西路1段92號,0,0,1,2,C03,7,5,5,50,14,8,1,5,4,5,13,4,4,1,4,4,2,18,1,47,3,10,3,4,7,13,1,10,9,14,,44,,1,21,121.5182549,25.0265809
113,11,27,22,53,2,05中正區,中正區和平西路1段92號,0,0,1,3,C03,7,5,5,50,14,8,1,5,4,5,13,4,4,1,4,4,2,18,1,34,3,10,3,4,7,13,1,10,9,12,,44,,1,21,121.5182549,25.0265809
113,11,27,22,53,2,05中正區,中正區和平西路1段92號,0,0,1,4,C03,7,5,5,50,14,8,1,5,4,5,13,4,4,1,4,4,2,18,3,0,,,,,,,,,,,,67,,1,,121.5182549,25.0265809
113,11,27,22,53,2,05中正區,中正區和平西路1段92號,0,0,1,5,C03,7,5,5,50,14,8,1,5,4,5,13,4,4,1,4,4,2,18,1,58,3,10,3,4,7,13,1,10,9,12,,44,,1,21,121.5182549,25.0265809
113,11,27,22,53,2,05中正區,中正區和平西路1段92號,0,0,1,6,C03,7,5,5,50,14,8,1,5,4,5,13,4,4,1,4,4,2,18,1,65,3,10,3,4,7,13,1,10,9,14,,44,,1,21,121.5182549,25.0265809
113,11,27,22,53,2,05中正區,中正區和平西路1段92號,0,0,1,7,C03,7,5,5,50,14,8,1,5,4,5,13,4,4,1,4,4,2,18,1,58,3,10,3,4,7,13,1,10,9,12,,44,,1,21,121.5182549,25.0265809
113,11,28,3,44,2,03中山區,中山區民族西路與玉門街口,0,0,2,1,F01,7,5,5,0,4,1,1,5,4,5,13,1,1,5,4,5,2,15,1,92,2,9,3,4,7,9,8,20,2,14,,118,,1,21,121.5196754,25.06868777
113,11,28,3,44,2,03中山區,中山區民族西路與玉門街口,0,0,2,2,C03,7,5,5,0,4,1,1,5,4,5,13,1,1,5,4,5,2,15,1,27,2,7,3,4,7,9,1,10,2,11,,118,,1,21,121.5196754,25.06868777
113,11,28,6,50,2,05中正區,中正區晉江街與晉江街124巷口,0,0,2,1,C03,8,7,5,30,4,1,1,5,4,5,12,4,4,10,5,5,2,15,1,62,2,9,5,1,7,9,1,10,1,11,,72,,1,21,121.5255342,25.0221661
113,11,28,6,50,2,05中正區,中正區晉江街與晉江街124巷口,0,0,2,2,C03,8,7,5,30,4,1,1,5,4,5,12,4,4,10,5,5,2,15,1,60,2,9,5,1,7,9,1,10,1,11,,108,,1,21,121.5255342,25.0221661
113,11,28,7,13,2,05中正區,中正區惠安街與汀州路1段92巷口,0,0,2,1,C03,8,6,5,30,4,1,1,5,4,5,13,4,4,10,5,5,2,15,1,59,2,7,5,1,7,9,1,10,2,11,,72,,1,21,121.5064881,25.0297103