發生年度,發生月,發生日,發生時-Hours,發生分,處理別-編號,區序,肇事地點,死亡人數,2-30日死亡人數,受傷人數,當事人序號,車種,天候,道路照明設備,道路類別,速限-速度限制,道路型態,事故位置,路面狀況1,路面狀況2,路面狀況3,道路障礙1,道路障礙2,號誌1,號誌2,車道劃分-分向,車道劃分-分道1,車道劃分-分道2,車道劃分-分道3,事故類型及型態,性別,年齡,受傷程度,主要傷處,保護裝置,行動電話,車輛用途,當事者行動狀態,駕駛資格情形,駕駛執照種類,飲酒情形,車輛撞擊部位1,車輛撞擊部位2,肇因碼-個別,肇因碼-主要,個人肇逃否,職業,座標-X,座標-Y
113,11,28,7,13,2,05中正區,中正區惠安街與汀州路1段92巷口,0,0,2,2,C03,8,6,5,30,4,1,1,5,4,5,13,4,4,10,5,5,2,15,1,43,2,7,5,1,7,9,1,10,2,11,,44,,1,21,121.5064881,25.0297103
113,11,28,7,35,2,05中正區,中正區中華路1段與寶慶路口,0,0,1,1,C03,7,5,5,50,4,2,1,5,4,5,13,1,1,1,4,1,2,3,2,57,2,9,5,1,7,9,6,10,2,11,,85,,1,21,121.5073257,25.03518111
113,11,28,7,35,2,05中正區,中正區中華路1段與寶慶路口,0,0,1,2,H01,7,5,5,50,4,2,1,5,4,5,13,1,1,1,4,1,2,3,1,41,3,10,4,5,8,16,8,20,10,16,,122,,1,21,121.5073257,25.03518111
113,11,28,7,58,2,12內湖區,內湖區成功路5段與大湖山莊街131巷口,0,0,1,1,B03,8,6,5,30,4,2,1,5,4,5,13,1,1,5,5,5,2,17,2,53,3,10,7,1,7,14,1,8,1,2,,38,,1,21,121.6008301,25.08492531
113,11,28,7,58,2,12內湖區,內湖區成功路5段與大湖山莊街131巷口,0,0,1,2,C03,8,6,5,30,4,2,1,5,4,5,13,1,1,5,5,5,2,17,1,34,2,7,5,1,7,9,1,10,1,11,,44,,1,21,121.6008301,25.08492531
113,11,28,7,58,2,12內湖區,內湖區成功路5段與大湖山莊街131巷口,0,0,1,3,H02,8,6,5,30,4,2,1,5,4,5,13,1,1,5,5,5,2,17,2,47,3,10,4,5,7,19,8,20,10,16,,126,,1,21,121.6008301,25.08492531
113,11,28,8,10,2,12內湖區,內湖區康樂街85巷與康樂街61巷口,0,0,1,1,C03,8,6,5,30,4,1,1,5,4,5,13,4,4,10,5,5,2,17,1,28,2,9,6,1,7,9,1,10,2,12,,42,,1,21,121.6195067,25.0695778
113,11,28,8,10,2,12內湖區,內湖區康樂街85巷與康樂街61巷口,0,0,1,2,B03,8,6,5,30,4,1,1,5,4,5,13,4,4,10,5,5,2,17,1,48,3,10,7,1,7,9,1,8,2,1,,42,,1,21,121.6195067,25.0695778
113,11,28,8,10,2,12內湖區,內湖區康樂街85巷與康樂街61巷口,0,0,1,3,,8,6,5,30,4,1,1,5,4,5,13,4,4,10,5,5,2,17,3,0,,,,,,,,,,,,67,,1,,121.6195067,25.0695778
113,11,28,8,15,2,12內湖區,內湖區行善路15號,0,0,1,1,B03,8,6,5,50,14,9,1,5,4,5,13,4,4,9,4,5,2,16,2,45,3,10,7,1,7,5,1,8,2,1,,80,,1,21,121.5747538,25.05613888
113,11,28,8,15,2,12內湖區,內湖區行善路15號,0,0,1,2,C03,8,6,5,50,14,9,1,5,4,5,13,4,4,9,4,5,2,16,1,48,2,9,5,1,7,9,1,10,2,11,,44,,1,21,121.5747538,25.05613888
113,11,28,8,20,2,12內湖區,內湖區舊宗路1段與民權東路6段口,0,0,1,1,B03,8,6,5,50,5,1,1,5,4,5,13,2,1,9,4,5,2,16,1,48,3,10,7,1,7,5,1,8,2,1,,71,,1,21,121.5753099,25.0654446
113,11,28,8,20,2,12內湖區,內湖區舊宗路1段與民權東路6段口,0,0,1,2,C03,8,6,5,50,5,1,1,5,4,5,13,2,1,9,4,5,2,16,1,28,2,9,6,1,7,9,1,10,2,14,,44,,1,21,121.5753099,25.0654446
113,11,28,8,21,2,04大安區,大安區信義路4段與大安路1段口,0,0,1,1,C03,8,5,5,50,4,1,1,5,4,5,13,2,1,10,5,5,2,12,2,44,2,9,3,4,7,5,1,10,1,14,,8,,1,21,121.5458411,25.0334338
113,11,28,8,21,2,04大安區,大安區信義路4段與大安路1段口,0,0,1,2,C03,8,5,5,50,4,1,1,5,4,5,13,2,1,10,5,5,2,12,1,29,3,10,3,4,7,9,1,10,1,12,,44,,1,21,121.5458411,25.0334338
113,11,28,8,35,2,03中山區,中山區北安路與北安路841巷口,0,0,1,1,C03,8,7,5,40,14,9,1,5,4,5,13,4,4,1,4,5,2,13,1,22,2,8,5,4,7,9,1,10,1,11,,16,,1,21,121.5574141,25.0845099
113,11,28,8,35,2,03中山區,中山區北安路與北安路841巷口,0,0,1,2,C03,8,7,5,40,14,9,1,5,4,5,13,4,4,1,4,5,2,13,1,38,3,10,6,4,7,9,1,10,1,13,,44,,1,21,121.5574141,25.0845099
113,11,28,8,35,2,03中山區,中山區北安路與北安路841巷口,0,0,1,3,B03,8,7,5,40,14,9,1,5,4,5,13,4,4,1,4,5,2,13,1,33,3,10,3,4,7,9,1,8,1,5,,44,,1,21,121.5574141,25.0845099
113,11,28,8,35,2,03中山區,中山區北安路與北安路841巷口,0,0,1,4,B03,8,7,5,40,14,9,1,5,4,5,13,4,4,1,4,5,2,13,1,54,3,10,3,4,7,1,1,8,1,17,,19,,1,21,121.5574141,25.0845099
113,11,28,8,40,2,05中正區,中正區羅斯福路4段與羅斯福路4段196巷口,0,0,1,1,B01,8,6,5,50,3,2,1,5,4,5,13,4,4,1,4,5,2,17,1,43,3,10,7,1,7,9,1,4,2,5,,108,,1,21,121.5366306,25.0119715
113,11,28,8,40,2,05中正區,中正區羅斯福路4段與羅斯福路4段196巷口,0,0,1,3,B01,8,6,5,50,3,2,1,5,4,5,13,4,4,1,4,5,2,17,1,68,3,10,7,1,7,9,1,4,2,8,,44,,1,21,121.5366306,25.0119715
113,11,28,8,40,2,05中正區,中正區羅斯福路4段與羅斯福路4段196巷口,0,0,1,2,C03,8,6,5,50,3,2,1,5,4,5,13,4,4,1,4,5,2,17,2,27,2,9,5,1,7,7,1,10,2,13,,100,,1,21,121.5366306,25.0119715
113,11,28,8,44,2,06松山區,松山區八德路4段17巷與八德路4段口,0,0,1,1,C03,7,7,5,50,3,1,1,5,4,5,13,4,4,9,3,5,2,13,1,27,2,9,5,1,7,9,1,10,1,11,,16,,1,25,121.558433,25.0482921
113,11,28,8,44,2,06松山區,松山區八德路4段17巷與八德路4段口,0,0,1,2,B03,7,7,5,50,3,1,1,5,4,5,13,4,4,9,3,5,2,13,1,76,3,10,7,1,7,9,1,8,1,6,,44,,1,26,121.558433,25.0482921
113,11,28,8,50,2,05中正區,中正區貴陽街1段與博愛路口,0,0,1,1,C03,8,6,5,50,4,1,1,5,4,5,13,1,1,5,4,5,2,16,2,22,3,10,6,1,7,5,1,10,1,13,,44,,1,22,121.5110904,25.038923
113,11,28,8,50,2,05中正區,中正區貴陽街1段與博愛路口,0,0,1,2,C03,8,6,5,50,4,1,1,5,4,5,13,1,1,5,4,5,2,16,1,53,2,9,6,1,7,9,1,10,1,11,,8,,1,22,121.5110904,25.038923
113,11,28,9,0,2,07信義區,信義區和平東路3段663號,0,0,1,1,B03,7,5,5,40,11,9,1,5,4,5,13,4,4,9,5,5,2,12,1,60,3,10,7,1,7,9,1,8,2,2,,17,,1,21,121.5631612,25.01269223
113,11,28,9,0,2,07信義區,信義區和平東路3段663號,0,0,1,2,C03,7,5,5,40,11,9,1,5,4,5,13,4,4,9,5,5,2,12,2,25,2,9,5,1,7,9,1,10,2,11,,44,,1,21,121.5631612,25.01269223
113,11,28,9,10,2,02萬華區,萬華區中華路1段174號,0,0,2,1,C03,7,6,6,50,14,9,1,5,4,5,13,4,4,3,3,5,2,13,1,26,2,9,5,4,7,9,1,10,1,11,,16,,1,22,121.5074658,25.0399445
113,11,28,9,10,2,02萬華區,萬華區中華路1段174號,0,0,2,2,C03,7,6,6,50,14,9,1,5,4,5,13,4,4,3,3,5,2,13,1,41,3,10,5,4,7,9,1,10,1,13,,44,,1,22,121.5074658,25.0399445
113,11,28,9,10,2,02萬華區,萬華區中華路1段174號,0,0,2,3,C03,7,6,6,50,14,9,1,5,4,5,13,4,4,3,3,5,2,13,2,32,2,9,5,4,7,9,1,10,1,12,,44,,1,22,121.5074658,25.0399445
113,11,28,9,15,2,04大安區,大安區羅斯福路3段283巷內(北往南),0,0,2,1,F01,8,6,5,20,14,9,1,5,4,5,13,4,4,10,5,5,1,10,1,24,2,7,4,1,7,9,8,20,1,11,,4,,1,21,121.5319339,25.0213764
113,11,28,9,15,2,04大安區,大安區羅斯福路3段283巷內(北往南),0,0,2,2,C03,8,6,5,20,14,9,1,5,4,5,13,4,4,10,5,5,1,10,2,20,2,9,5,1,7,9,1,10,1,11,,44,,1,21,121.5319339,25.0213764
113,11,28,9,27,2,06松山區,松山區民生東路4段80巷與民生東路4段56巷3弄口,0,0,1,1,B03,7,7,5,30,4,1,1,5,4,5,13,4,4,1,4,5,2,15,2,29,3,10,7,1,7,9,1,8,1,2,,72,,1,25,121.5530376,25.0572245
113,11,28,9,27,2,06松山區,松山區民生東路4段80巷與民生東路4段56巷3弄口,0,0,1,2,C03,7,7,5,30,4,1,1,5,4,5,13,4,4,1,4,5,2,15,2,27,2,8,5,1,7,9,1,10,1,11,,14,,1,25,121.5530376,25.0572245
113,11,28,9,32,2,02萬華區,萬華區環河南路1段與武昌街2段口(中興橋機車道往新北市方向前),0,0,1,1,C03,8,6,5,50,4,1,1,5,4,5,13,2,1,4,4,5,2,29,1,43,2,8,6,1,7,5,1,10,2,14,,42,,1,23,121.5025077,25.045671
113,11,28,9,32,2,02萬華區,萬華區環河南路1段與武昌街2段口(中興橋機車道往新北市方向前),0,0,1,2,,8,6,5,50,4,1,1,5,4,5,13,2,1,4,4,5,2,29,3,0,,,,,,,,,,,,67,,1,,121.5025077,25.045671
113,11,28,9,37,2,07信義區,信義區松信路與虎林街120巷口,0,0,1,1,C03,8,7,5,40,4,2,1,5,4,5,13,1,1,9,4,4,2,15,1,38,2,8,6,4,7,9,1,10,1,11,,13,,1,21,121.5720402,25.0423994
113,11,28,9,37,2,07信義區,信義區松信路與虎林街120巷口,0,0,1,2,B03,8,7,5,40,4,2,1,5,4,5,13,1,1,9,4,4,2,15,1,75,3,10,3,4,7,13,1,8,1,7,,44,,1,22,121.5720402,25.0423994
113,11,28,9,37,2,07信義區,信義區松信路與虎林街120巷口,0,0,1,3,C03,8,7,5,40,4,2,1,5,4,5,13,1,1,9,4,4,2,15,2,70,3,10,5,4,7,5,1,10,1,17,,71,,1,22,121.5720402,25.0423994
113,11,28,9,42,2,07信義區,信義區吳興街281巷與吳興街281巷47弄口,0,0,1,1,B12,8,6,5,30,3,1,1,5,4,5,13,4,4,10,5,5,1,17,1,47,3,10,3,4,7,5,1,2,1,17,,72,,1,22,121.5654561,25.02649929
113,11,28,9,42,2,07信義區,信義區吳興街281巷與吳興街281巷47弄口,0,0,1,2,C03,8,6,5,30,3,1,1,5,4,5,13,4,4,10,5,5,1,17,1,82,3,10,3,4,7,9,1,10,1,12,,108,,1,22,121.5654561,25.02649929
113,11,28,9,42,2,07信義區,信義區吳興街281巷與吳興街281巷47弄口,0,0,1,3,H02,8,6,5,30,3,1,1,5,4,5,13,4,4,10,5,5,1,17,2,81,2,7,3,5,7,17,8,20,10,16,,67,,1,22,121.5654561,25.02649929
113,11,28,9,45,2,03中山區,中山區濱江街309號,0,0,1,1,C03,7,5,5,50,14,9,1,5,4,5,13,4,4,10,5,5,1,13,1,18,2,7,5,1,7,9,1,10,1,11,,16,,1,21,121.5458898,25.07239615
113,11,28,9,45,2,03中山區,中山區濱江街309號,0,0,1,2,B03,7,5,5,50,14,9,1,5,4,5,13,4,4,10,5,5,1,13,1,28,3,10,7,1,7,9,1,8,1,6,,44,,1,21,121.5458898,25.07239615
113,11,28,9,57,2,04大安區,大安區基隆路4段43號,0,0,2,1,C03,8,7,5,40,14,8,1,5,4,5,13,4,4,1,4,4,2,13,1,24,2,9,3,4,7,9,1,10,1,11,,100,,1,21,121.5413262,25.01445012
113,11,28,9,57,2,04大安區,大安區基隆路4段43號,0,0,2,2,C03,8,7,5,40,14,8,1,5,4,5,13,4,4,1,4,4,2,13,1,18,2,9,3,4,7,9,1,10,1,13,,44,,1,21,121.5413262,25.01445012
113,11,28,10,7,2,05中正區,中正區徐州路國際會議中心旁,0,0,1,1,B03,8,7,5,50,14,7,1,5,4,5,13,4,4,5,4,4,2,16,1,52,3,10,7,1,7,1,6,8,2,8,,19,,1,21,121.5206794,25.04139438
113,11,28,10,7,2,05中正區,中正區徐州路國際會議中心旁,0,0,1,2,C03,8,7,5,50,14,7,1,5,4,5,13,4,4,5,4,4,2,16,1,45,2,9,5,1,7,9,1,10,2,11,,44,,1,21,121.5206794,25.04139438
113,11,28,10,15,2,01大同區,大同區市民高架道與市民高架道口京站旁,0,0,1,1,B12,8,6,5,60,14,7,1,5,4,5,13,4,4,1,5,5,2,13,2,59,3,10,7,1,7,9,1,8,1,1,,108,,1,21,121.5182432,25.04865466
113,11,28,10,15,2,01大同區,大同區市民高架道與市民高架道口京站旁,0,0,1,2,B03,8,6,5,60,14,7,1,5,4,5,13,4,4,1,5,5,2,13,2,59,2,9,7,1,7,14,1,8,1,3,,44,,1,21,121.5182432,25.04865466
113,11,28,10,24,2,11南港區,南港區松河街與成功路1段36巷口,0,0,1,1,C03,8,6,5,40,3,1,1,5,4,4,13,4,4,5,4,5,2,15,2,40,2,7,3,4,7,11,1,10,2,11,,10,,1,21,121.5912724,25.057286
113,11,28,10,24,2,11南港區,南港區松河街與成功路1段36巷口,0,0,1,2,B03,8,6,5,40,3,1,1,5,4,4,13,4,4,5,4,5,2,15,1,60,3,10,3,4,7,9,1,8,2,8,,44,,1,21,121.5912724,25.057286
113,11,28,10,30,2,03中山區,中山區中山北路1段69號,0,0,1,1,C03,8,7,5,50,14,9,1,5,4,5,13,4,4,9,4,5,2,17,2,40,3,10,5,1,7,9,1,10,1,14,,44,,1,21,121.5219719,25.0502703
113,11,28,10,30,2,03中山區,中山區中山北路1段69號,0,0,1,2,C03,8,7,5,50,14,9,1,5,4,5,13,4,4,9,4,5,2,17,1,37,2,9,5,1,7,9,1,10,1,12,,44,,1,21,121.5219719,25.0502703
113,11,28,10,52,2,09北投區,北投區承德路6段與承德路6段口337號,0,0,1,1,B03,8,6,5,60,3,1,1,5,4,5,13,4,4,1,4,4,2,16,2,72,3,10,7,1,7,1,1,8,1,5,,19,,1,21,121.5120417,25.10321907
113,11,28,10,52,2,09北投區,北投區承德路6段與承德路6段口337號,0,0,1,2,C03,8,6,5,60,3,1,1,5,4,5,13,4,4,1,4,4,2,16,1,45,2,9,5,1,7,9,1,10,1,11,,44,,1,21,121.5120417,25.10321907
113,11,28,11,5,2,03中山區,中山區敬業四路33號旁,0,0,1,1,B03,8,7,5,40,14,9,1,5,4,5,13,4,4,9,4,5,2,17,1,56,3,10,7,1,7,14,1,8,2,4,,40,,1,21,121.5585806,25.08032287
113,11,28,11,5,2,03中山區,中山區敬業四路33號旁,0,0,1,2,C03,8,7,5,40,14,9,1,5,4,5,13,4,4,9,4,5,2,17,1,40,2,9,5,1,7,9,1,10,2,12,,44,,1,21,121.5585806,25.08032287
113,11,28,11,20,2,05中正區,中正區臨沂街61巷與連雲街口側附近口,0,0,1,1,B03,7,6,5,30,4,1,1,5,4,5,13,4,4,10,5,5,2,15,1,63,3,10,7,1,7,9,1,8,1,5,,72,,1,22,121.5312573,25.0355726
113,11,28,11,20,2,05中正區,中正區臨沂街61巷與連雲街口側附近口,0,0,1,2,C03,7,6,5,30,4,1,1,5,4,5,13,4,4,10,5,5,2,15,2,69,2,9,6,1,7,9,1,10,1,11,,44,,1,22,121.5312573,25.0355726
113,11,28,11,27,2,10文山區,文山區興隆路3段168號,0,0,1,1,C03,8,6,5,50,14,9,1,5,4,5,13,4,4,1,4,5,2,17,1,25,3,10,5,1,7,15,1,10,11,11,,108,,1,21,121.5584968,24.9983404
113,11,28,11,27,2,10文山區,文山區興隆路3段168號,0,0,1,2,A02,8,6,5,50,14,9,1,5,4,5,13,4,4,1,4,5,2,17,1,54,3,10,7,1,7,14,1,2,11,17,,44,,1,21,121.5584968,24.9983404
113,11,28,11,27,2,10文山區,文山區興隆路3段168號,0,0,1,3,H02,8,6,5,50,14,9,1,5,4,5,13,4,4,1,4,5,2,17,2,27,2,8,4,5,7,19,8,20,10,16,,56,,1,21,121.5584968,24.9983404
113,11,28,11,34,2,05中正區,中正區三元街與和平西路2段98巷口口,0,0,1,2,C03,7,6,5,50,3,1,1,5,4,5,13,4,4,1,4,4,2,16,2,24,2,8,6,1,7,9,1,10,9,14,,44,,1,21,121.5099115,25.0287539
113,11,28,11,34,2,05中正區,中正區三元街與和平西路2段98巷口口,0,0,1,1,B11,7,6,5,50,3,1,1,5,4,5,13,4,4,1,4,4,2,16,1,60,3,10,3,4,7,6,1,4,9,2,,74,,1,21,121.5099115,25.0287539
113,11,28,12,12,2,12內湖區,內湖區安康路434巷與五分街72巷口,0,0,1,1,B12,8,7,5,50,3,1,1,5,4,5,13,4,4,9,4,5,2,16,1,39,3,10,3,4,7,5,1,4,2,8,,8,,1,21,121.6168806,25.06620891
113,11,28,12,12,2,12內湖區,內湖區安康路434巷與五分街72巷口,0,0,1,2,C03,8,7,5,50,3,1,1,5,4,5,13,4,4,9,4,5,2,16,1,20,2,9,6,1,7,9,1,10,2,14,,14,,1,21,121.6168806,25.06620891
113,11,28,12,19,2,10文山區,文山區羅斯福路6段與景福街口口,0,0,1,1,A02,8,6,5,50,4,1,1,5,4,5,13,2,1,1,4,5,2,17,1,56,3,10,7,1,7,7,1,2,11,17,,101,,1,21,121.5408665,24.9931157
113,11,28,12,19,2,10文山區,文山區羅斯福路6段與景福街口口,0,0,1,2,C03,8,6,5,50,4,1,1,5,4,5,13,2,1,1,4,5,2,17,1,40,3,10,6,1,7,15,1,10,2,13,,102,,1,26,121.5408665,24.9931157
113,11,28,12,19,2,10文山區,文山區羅斯福路6段與景福街口口,0,0,1,3,C03,8,6,5,50,4,1,1,5,4,5,13,2,1,1,4,5,2,17,1,65,2,9,6,1,7,9,1,10,2,11,,44,,1,21,121.5408665,24.9931157
113,11,28,12,29,2,04大安區,大安區新生南路3段與辛亥路2段口,0,0,1,1,B03,8,6,5,50,4,1,1,5,4,5,13,2,1,1,4,4,1,16,1,30,3,10,3,4,7,6,1,8,2,6,,9,,1,21,121.5345199,25.0222852
113,11,28,12,29,2,04大安區,大安區新生南路3段與辛亥路2段口,0,0,1,2,C03,8,6,5,50,4,1,1,5,4,5,13,2,1,1,4,4,1,16,2,64,2,9,6,4,7,9,1,10,2,14,,44,,1,21,121.5345199,25.0222852
113,11,28,12,54,2,08士林區,士林區福林路100巷與福林路口,0,0,1,1,B03,8,6,5,50,3,1,1,5,4,5,13,3,1,5,5,5,1,17,1,40,3,10,7,1,7,6,1,8,1,2,,9,,1,21,121.5312924,25.0957896
113,11,28,12,54,2,08士林區,士林區福林路100巷與福林路口,0,0,1,2,C03,8,6,5,50,3,1,1,5,4,5,13,3,1,5,5,5,1,17,1,18,2,7,6,1,7,9,1,10,1,14,,44,,1,21,121.5312924,25.0957896
113,11,28,13,1,2,04大安區,大安區金山南路2段52號,0,0,1,1,C03,8,7,5,50,14,9,1,5,4,5,13,4,4,3,4,5,2,17,2,59,3,10,3,4,7,9,1,10,11,17,,30,,2,21,121.5072689,25.03520343
113,11,28,13,1,2,04大安區,大安區金山南路2段52號,0,0,1,2,C03,8,7,5,50,14,9,1,5,4,5,13,4,4,3,4,5,2,17,1,45,2,9,3,4,7,9,1,10,1,11,,44,,1,21,121.5072689,25.03520343
113,11,28,13,1,2,04大安區,大安區金山南路2段與和平東路1段口,0,0,1,1,C03,8,5,5,50,3,4,1,5,4,5,13,2,1,1,4,5,2,12,2,25,2,8,6,1,7,15,1,10,1,12,,100,,1,21,121.5259014,25.0270255
113,11,28,13,1,2,04大安區,大安區金山南路2段與和平東路1段口,0,0,1,2,B01,8,5,5,50,3,4,1,5,4,5,13,2,1,1,4,5,2,12,1,47,3,10,7,1,7,9,1,4,1,8,,44,,1,21,121.5259014,25.0270255
113,11,28,13,45,2,03中山區,中山區建國北路3段93巷與建國北路3段93巷5弄口,0,0,1,1,C03,8,7,5,50,4,1,1,5,4,5,13,4,4,5,5,5,2,15,1,19,2,9,5,1,7,9,1,10,1,11,,72,,1,22,121.5370218,25.0659735
113,11,28,13,45,2,03中山區,中山區建國北路3段93巷與建國北路3段93巷5弄口,0,0,1,2,B11,8,7,5,50,4,1,1,5,4,5,13,4,4,5,5,5,2,15,1,49,3,10,7,1,7,9,1,4,1,7,,44,,1,22,121.5370218,25.0659735
113,11,28,13,59,2,01大同區,大同區承德路3段與民族西路口,0,0,1,1,C03,8,6,5,50,4,2,1,5,4,5,13,1,1,5,4,5,2,17,1,31,2,8,6,1,7,9,1,10,2,15,,16,,1,21,121.5181085,25.0684995
113,11,28,13,59,2,01大同區,大同區承德路3段與民族西路口,0,0,1,2,C03,8,6,5,50,4,2,1,5,4,5,13,1,1,5,4,5,2,17,1,55,3,10,6,1,7,9,1,10,2,12,,44,,1,21,121.5181085,25.0684995
113,11,28,14,10,2,06松山區,松山區民生東路5段與民生東路5段36巷口,0,0,1,1,B03,8,5,5,50,3,1,1,5,4,5,13,1,1,9,4,5,2,17,2,49,3,10,7,4,7,6,1,8,1,2,,9,,1,22,121.5569922,25.05833954
113,11,28,14,10,2,06松山區,松山區民生東路5段與民生東路5段36巷口,0,0,1,2,G06,8,5,5,50,3,1,1,5,4,5,13,1,1,9,4,5,2,17,2,59,2,7,2,4,7,15,8,20,1,16,,42,,1,22,121.5569922,25.05833954
113,11,28,14,23,2,10文山區,文山區汀州路4段與溪洲街137巷58弄口,0,0,1,1,C03,7,6,5,30,3,1,1,5,4,1,13,4,4,5,5,5,2,17,1,35,3,10,6,1,7,5,1,9,2,13,,13,,1,21,121.5354949,25.0009632
113,11,28,14,23,2,10文山區,文山區汀州路4段與溪洲街137巷58弄口,0,0,1,2,C03,7,6,5,30,3,1,1,5,4,1,13,4,4,5,5,5,2,17,2,63,2,7,6,1,7,5,1,10,2,12,,8,,1,21,121.5354949,25.0009632
113,11,28,14,43,2,04大安區,大安區杭州南路2段59巷,0,0,1,1,C03,7,5,5,50,14,9,1,5,4,5,13,4,4,5,4,5,1,29,3,21,,,,,,,,,11,,,,,,,121.5224963,25.0315594
113,11,28,14,43,2,04大安區,大安區杭州南路2段59巷,0,0,1,2,C03,7,5,5,50,14,9,1,5,4,5,13,4,4,5,4,5,1,29,1,21,2,9,5,1,7,9,1,10,1,14,,119,,1,21,121.5224963,25.0315594
113,11,28,15,0,2,08士林區,士林區福林路與忠勇街口,0,0,3,1,C03,8,6,5,50,4,1,1,5,4,5,13,1,1,5,4,5,2,15,1,19,2,9,6,1,7,9,1,10,1,12,,81,,1,21,121.5344226,25.0979501
113,11,28,15,0,2,08士林區,士林區福林路與忠勇街口,0,0,3,2,C03,8,6,5,50,4,1,1,5,4,5,13,1,1,5,4,5,2,15,1,19,2,9,6,1,7,9,1,10,1,11,,44,,1,21,121.5344226,25.0979501
113,11,28,15,0,2,08士林區,士林區福林路與忠勇街口,0,0,3,3,H02,8,6,5,50,4,1,1,5,4,5,13,1,1,5,4,5,2,15,1,19,2,9,6,5,7,20,8,20,10,16,,67,,1,21,121.5344226,25.0979501
113,11,28,15,42,2,07信義區,信義區莊敬路204號,0,0,1,1,C03,7,6,5,50,14,9,1,5,4,5,13,4,4,10,4,5,1,18,1,37,2,8,3,4,7,9,1,10,1,14,,42,,1,21,121.5615465,25.0303799
113,11,28,15,42,2,07信義區,信義區莊敬路204號,0,0,1,2,C04,7,6,5,50,14,9,1,5,4,5,13,4,4,10,4,5,1,18,3,0,,,,,,,,,,,,67,,1,,121.5615465,25.0303799
113,11,28,15,42,2,07信義區,信義區莊敬路204號,0,0,1,3,C03,7,6,5,50,14,9,1,5,4,5,13,4,4,10,4,5,1,18,3,0,,,,,,,,,,,,67,,1,,121.5615465,25.0303799
113,11,28,15,43,2,11南港區,南港區舊莊街1段181號與南深路口,0,0,1,1,A12,8,6,5,50,3,1,1,2,4,5,13,2,1,9,5,5,2,17,1,53,3,10,3,4,6,9,1,2,1,17,,27,,2,22,121.6216589,25.0390389
113,11,28,15,43,2,11南港區,南港區舊莊街1段181號與南深路口,0,0,1,2,C03,8,6,5,50,3,1,1,2,4,5,13,2,1,9,5,5,2,17,1,61,2,8,5,1,7,6,1,10,1,12,,44,,1,22,121.6216589,25.0390389
113,11,28,15,46,2,09北投區,北投區北投路1段（1208033燈桿）,0,0,1,2,C03,7,6,5,50,14,9,1,5,4,5,13,4,4,9,4,5,2,17,2,24,3,10,5,1,7,9,1,10,1,13,,101,,1,21,121.5021841,25.12170448
113,11,28,15,46,2,09北投區,北投區北投路1段（1208033燈桿）,0,0,1,1,C03,7,6,5,50,14,9,1,5,4,5,13,4,4,9,4,5,2,17,2,42,2,7,5,1,7,9,1,10,1,11,,108,,1,21,121.5021841,25.12170448
113,11,28,16,0,2,09北投區,北投區吉利街123巷8弄與吉利街139巷口,0,0,2,1,F01,8,6,5,30,3,2,1,5,4,5,13,4,4,10,5,5,2,17,1,72,2,9,4,1,7,5,8,20,1,11,,72,,1,21,121.5067521,25.119065
113,11,28,16,0,2,09北投區,北投區吉利街123巷8弄與吉利街139巷口,0,0,2,2,C03,8,6,5,30,3,2,1,5,4,5,13,4,4,10,5,5,2,17,1,57,2,8,5,1,7,9,1,10,1,11,,44,,1,21,121.5067521,25.119065
113,11,28,16,2,2,07信義區,信義區松仁路95巷,0,0,1,1,C03,8,7,5,30,14,9,1,5,4,5,13,4,4,5,2,5,2,16,1,46,3,10,5,1,7,10,1,10,2,12,,95,,1,21,121.5686829,25.0365927
113,11,28,16,2,2,07信義區,信義區松仁路95巷,0,0,1,2,C03,8,7,5,30,14,9,1,5,4,5,13,4,4,5,2,5,2,16,1,45,2,9,5,1,7,9,1,10,2,11,,44,,1,21,121.5686829,25.0365927
113,11,28,16,18,2,08士林區,士林區仰德大道3段與仰德大道3段125巷口,0,0,1,1,B03,8,6,5,40,3,1,1,5,4,5,13,1,1,5,5,5,1,17,2,44,3,10,3,4,7,6,1,8,1,6,,9,,1,21,121.5516218,25.1227125
113,11,28,16,18,2,08士林區,士林區仰德大道3段與仰德大道3段125巷口,0,0,1,2,C03,8,6,5,40,3,1,1,5,4,5,13,1,1,5,5,5,1,17,1,20,2,8,5,1,7,9,1,10,1,11,,108,,1,21,121.5516218,25.1227125
113,11,28,17,20,2,05中正區,中正區重慶南路3段與和平西路1段口,0,0,1,1,B01,8,5,5,50,5,2,1,5,4,5,13,1,1,1,4,5,2,13,1,53,3,10,7,1,7,9,1,4,1,1,,108,,1,22,121.5157466,25.0277709
113,11,28,17,20,2,05中正區,中正區重慶南路3段與和平西路1段口,0,0,1,2,C03,8,5,5,50,5,2,1,5,4,5,13,1,1,1,4,5,2,13,2,48,2,9,6,1,7,12,1,10,1,13,,44,,1,22,121.5157466,25.0277709
113,11,28,17,25,2,08士林區,士林區通河西街1段29號停車格,0,0,1,1,B03,7,5,5,40,14,9,1,5,4,5,13,4,4,9,4,5,1,12,1,57,2,8,3,4,7,13,1,8,1,4,,40,,1,21,121.5131709,25.0824292
113,11,28,17,25,2,08士林區,士林區通河西街1段29號停車格,0,0,1,2,B03,7,5,5,40,14,9,1,5,4,5,13,4,4,9,4,5,1,12,1,67,3,10,3,4,7,9,1,8,1,2,,44,,1,21,121.5131709,25.0824292