發生年度,發生月,發生日,發生時-Hours,發生分,處理別-編號,區序,肇事地點,死亡人數,2-30日死亡人數,受傷人數,當事人序號,車種,天候,道路照明設備,道路類別,速限-速度限制,道路型態,事故位置,路面狀況1,路面狀況2,路面狀況3,道路障礙1,道路障礙2,號誌1,號誌2,車道劃分-分向,車道劃分-分道1,車道劃分-分道2,車道劃分-分道3,事故類型及型態,性別,年齡,受傷程度,主要傷處,保護裝置,行動電話,車輛用途,當事者行動狀態,駕駛資格情形,駕駛執照種類,飲酒情形,車輛撞擊部位1,車輛撞擊部位2,肇因碼-個別,肇因碼-主要,個人肇逃否,職業,座標-X,座標-Y
113,11,28,17,40,2,09北投區,北投區石牌路2段106號,0,0,1,2,H01,8,5,5,50,14,18,1,5,4,5,13,3,1,5,4,5,2,3,1,73,2,9,4,5,8,16,8,20,1,16,,53,,1,21,121.5168478,25.1176737
113,11,28,17,40,2,09北投區,北投區石牌路2段106號,0,0,1,1,C03,8,5,5,50,14,18,1,5,4,5,13,3,1,5,4,5,2,3,1,19,3,10,5,1,7,9,1,10,2,12,,70,,1,21,121.5168478,25.1176737
113,11,28,18,4,2,06松山區,松山區松河街與饒河街221巷口口,0,0,2,1,C03,7,5,6,40,3,2,1,5,4,5,13,2,1,5,5,5,2,13,1,28,2,8,6,1,7,9,1,10,1,13,,44,,1,21,121.5767296,25.0514191
113,11,28,18,4,2,06松山區,松山區松河街與饒河街221巷口口,0,0,2,2,C03,7,5,6,40,3,2,1,5,4,5,13,2,1,5,5,5,2,13,2,22,3,10,6,1,7,9,1,10,1,13,,42,,1,21,121.5767296,25.0514191
113,11,28,18,4,2,06松山區,松山區松河街與饒河街221巷口口,0,0,2,3,C03,7,5,6,40,3,2,1,5,4,5,13,2,1,5,5,5,2,13,1,23,2,9,6,1,7,10,1,10,1,11,,16,,1,21,121.5767296,25.0514191
113,11,28,18,7,2,04大安區,大安區敦化南路2段與基隆路2段口,0,0,2,1,C03,8,5,5,50,4,1,1,5,4,5,13,2,1,10,5,5,2,13,1,55,2,9,3,4,7,12,1,10,1,13,,44,,1,21,121.5488096,25.0212054
113,11,28,18,7,2,04大安區,大安區敦化南路2段與基隆路2段口,0,0,2,2,C03,8,5,5,50,4,1,1,5,4,5,13,2,1,10,5,5,2,13,1,32,2,9,3,4,7,9,1,10,1,11,,108,,1,21,121.5488096,25.0212054
113,11,28,18,25,2,09北投區,北投區大度路1段與大度路1段150巷口,0,0,1,1,C03,7,5,5,50,5,2,1,5,4,5,13,1,1,1,4,1,1,13,2,45,2,9,5,1,7,9,1,10,1,11,,118,,1,21,121.4937816,25.1216832
113,11,28,18,25,2,09北投區,北投區大度路1段與大度路1段150巷口,0,0,1,2,C03,7,5,5,50,5,2,1,5,4,5,13,1,1,1,4,1,1,13,2,39,3,10,5,1,7,9,1,10,1,13,,44,,1,21,121.4937816,25.1216832
113,11,28,18,30,2,01大同區,大同區哈密街59巷38弄與哈密街59巷56弄口,0,0,1,1,C03,8,5,5,30,4,1,1,5,4,5,13,4,4,8,4,5,2,15,2,65,2,9,6,1,7,9,1,10,1,11,,72,,1,21,121.5144902,25.0753774
113,11,28,18,30,2,01大同區,大同區哈密街59巷38弄與哈密街59巷56弄口,0,0,1,2,B12,8,5,5,30,4,1,1,5,4,5,13,4,4,8,4,5,2,15,1,61,3,10,7,1,7,9,1,15,1,8,,44,,1,21,121.5144902,25.0753774
113,11,28,18,33,2,09北投區,北投區文林北路與明德路口,0,0,1,1,C03,8,5,5,50,4,1,1,5,4,5,13,2,1,1,4,5,2,16,1,55,2,9,3,4,7,5,1,10,1,12,,8,,1,26,121.5166235,25.106079
113,11,28,18,33,2,09北投區,北投區文林北路與明德路口,0,0,1,2,B03,8,5,5,50,4,1,1,5,4,5,13,2,1,1,4,5,2,16,1,44,3,10,3,4,7,9,1,8,1,1,,44,,1,26,121.5166235,25.106079
113,11,28,18,50,2,04大安區,大安區復興南路1段與忠孝東路4段口,0,0,1,1,C03,7,5,5,50,4,1,1,5,4,5,13,2,1,1,4,5,1,17,2,29,2,9,6,1,7,9,1,10,1,11,,16,,1,21,121.5438676,25.0414589
113,11,28,18,50,2,04大安區,大安區復興南路1段與忠孝東路4段口,0,0,1,2,C03,7,5,5,50,4,1,1,5,4,5,13,2,1,1,4,5,1,17,1,42,3,10,6,1,7,9,1,10,1,13,,44,,1,21,121.5438676,25.0414589
113,11,28,18,50,2,04大安區,大安區復興南路1段與忠孝東路4段口,0,0,1,3,C03,7,5,5,50,4,1,1,5,4,5,13,2,1,1,4,5,1,17,1,46,3,10,6,1,7,9,1,10,1,17,,50,,1,21,121.5438676,25.0414589
113,11,28,18,56,2,07信義區,信義區和平東路3段與基隆路2段口口,0,0,1,1,B03,8,5,5,50,5,1,1,5,4,5,13,1,1,9,5,5,2,16,1,27,3,10,3,4,7,5,1,8,1,8,,85,,1,21,121.5526516,25.0243817
113,11,28,18,56,2,07信義區,信義區和平東路3段與基隆路2段口口,0,0,1,2,C03,8,5,5,50,5,1,1,5,4,5,13,1,1,9,5,5,2,16,2,43,2,9,5,1,7,9,1,10,1,11,12,44,,1,21,121.5526516,25.0243817
113,11,28,19,3,2,10文山區,文山區興隆路1段189號,0,0,1,1,A12,8,5,5,50,14,9,1,5,4,5,13,4,4,1,4,5,2,16,1,63,3,10,7,1,7,1,1,7,2,8,,19,,1,26,121.5430923,25.0007709
113,11,28,19,3,2,10文山區,文山區興隆路1段189號,0,0,1,2,C03,8,5,5,50,14,9,1,5,4,5,13,4,4,1,4,5,2,16,1,23,2,8,6,1,7,9,1,10,2,11,,13,,1,21,121.5430923,25.0007709
113,11,28,19,15,2,03中山區,中山區中山北路2段59巷3弄13號,0,0,1,1,B02,8,5,5,30,14,9,1,5,4,5,13,4,4,10,5,5,2,17,2,55,3,10,7,1,7,1,1,8,1,1,,19,,1,21,121.5236393,25.0563198
113,11,28,19,15,2,03中山區,中山區中山北路2段59巷3弄13號,0,0,1,2,C03,8,5,5,30,14,9,1,5,4,5,13,4,4,10,5,5,2,17,1,30,2,8,6,1,7,9,1,10,1,12,,14,,1,21,121.5236393,25.0563198
113,11,28,20,7,2,04大安區,大安區基隆路3段與基隆路3段22巷口,0,0,1,1,C03,7,5,5,50,3,1,1,5,4,5,13,4,4,1,4,5,2,16,1,26,3,10,3,4,7,6,1,10,1,13,,9,,1,21,121.547206,25.0197995
113,11,28,20,7,2,04大安區,大安區基隆路3段與基隆路3段22巷口,0,0,1,2,C03,7,5,5,50,3,1,1,5,4,5,13,4,4,1,4,5,2,16,1,31,2,9,3,4,7,9,1,10,1,11,,44,,1,21,121.547206,25.0197995
113,11,28,20,30,2,08士林區,士林區重陽橋機車道(往蘆洲),0,0,1,1,C03,8,5,5,40,14,8,1,5,4,5,13,4,4,1,4,1,2,17,1,28,2,9,6,1,7,9,6,18,1,11,,16,,1,21,121.5074276,25.08624324
113,11,28,20,30,2,08士林區,士林區重陽橋機車道(往蘆洲),0,0,1,2,C03,8,5,5,40,14,8,1,5,4,5,13,4,4,1,4,1,2,17,2,24,3,10,5,1,7,9,1,10,1,13,,44,,1,21,121.5074276,25.08624324
113,11,28,20,30,2,08士林區,士林區重陽橋機車道(往蘆洲),0,0,1,3,F01,8,5,5,40,14,8,1,5,4,5,13,4,4,1,4,1,2,17,1,41,3,10,4,1,7,9,8,20,1,17,,44,,1,21,121.5074276,25.08624324
113,11,28,20,30,2,08士林區,士林區德行東路331巷與德行東路331巷51弄口,0,0,2,1,C03,7,5,5,30,4,1,1,5,4,5,13,4,4,10,4,5,1,17,1,50,3,10,5,1,7,9,1,10,2,11,,80,,1,21,121.5381832,25.112248
113,11,28,20,30,2,08士林區,士林區德行東路331巷與德行東路331巷51弄口,0,0,2,2,C03,7,5,5,30,4,1,1,5,4,5,13,4,4,10,4,5,1,17,2,34,2,9,5,1,7,9,1,10,2,11,,14,,1,21,121.5381832,25.112248
113,11,28,20,30,2,08士林區,士林區德行東路331巷與德行東路331巷51弄口,0,0,2,3,H02,7,5,5,30,4,1,1,5,4,5,13,4,4,10,4,5,1,17,2,21,2,8,5,5,7,21,8,20,10,17,,60,,1,21,121.5381832,25.112248
113,11,28,20,50,2,04大安區,大安區建國南路1段與建國南路1段258巷口口,0,0,2,1,F01,7,5,5,30,4,1,1,5,4,5,13,2,1,1,4,5,1,17,1,71,2,9,4,1,7,5,8,20,1,12,,83,,1,21,121.5374637,25.0367561
113,11,28,20,50,2,04大安區,大安區建國南路1段與建國南路1段258巷口口,0,0,2,2,C03,7,5,5,30,4,1,1,5,4,5,13,2,1,1,4,5,1,17,2,39,2,8,6,1,7,9,1,10,1,11,,44,,1,21,121.5374637,25.0367561
113,11,28,21,10,2,04大安區,大安區基隆路4段41巷68弄6號,0,0,1,1,C03,8,5,5,30,14,9,1,5,4,5,13,4,4,5,4,5,2,17,1,20,2,9,6,1,7,11,1,10,1,14,,44,,1,21,121.5425502,25.0123758
113,11,28,21,10,2,04大安區,大安區基隆路4段41巷68弄6號,0,0,1,2,C03,8,5,5,30,14,9,1,5,4,5,13,4,4,5,4,5,2,17,1,20,3,10,6,1,7,9,1,10,1,11,,44,,1,21,121.5425502,25.0123758
113,11,28,21,30,2,01大同區,大同區長安西路與承德路1段口,0,0,1,1,A12,8,5,5,50,5,1,1,5,4,5,13,2,1,9,4,5,2,10,1,33,3,10,7,1,7,1,1,8,1,1,,108,,1,21,121.5170677,25.0508962
113,11,28,21,30,2,01大同區,大同區長安西路與承德路1段口,0,0,1,2,C03,8,5,5,50,5,1,1,5,4,5,13,2,1,9,4,5,2,10,1,54,2,3,6,1,7,1,1,10,1,11,,71,,1,22,121.5170677,25.0508962
113,11,28,22,0,2,08士林區,士林區社中街與社中街140巷口,0,0,2,1,C03,8,5,5,30,3,2,1,5,4,5,13,4,4,9,5,5,1,17,1,26,2,8,5,1,7,9,1,10,2,11,,107,,1,21,121.5096027,25.09048657
113,11,28,22,0,2,08士林區,士林區社中街與社中街140巷口,0,0,2,2,C03,8,5,5,30,3,2,1,5,4,5,13,4,4,9,5,5,1,17,2,25,2,9,5,1,7,5,1,10,2,14,,8,,1,21,121.5096027,25.09048657
113,11,28,22,28,2,11南港區,南港區南港路3段314巷與松河街口口,0,0,1,1,B03,8,5,5,50,3,1,1,5,4,5,13,4,4,5,5,5,2,16,1,28,3,10,7,1,7,11,1,8,2,8,,10,,1,22,121.5812289,25.0523907
113,11,28,22,28,2,11南港區,南港區南港路3段314巷與松河街口口,0,0,1,2,C03,8,5,5,50,3,1,1,5,4,5,13,4,4,5,5,5,2,16,1,33,2,9,6,1,7,9,1,10,2,11,,44,,1,22,121.5812289,25.0523907
113,11,28,22,30,2,03中山區,中山區中山北路1段126巷與中山北路口側附近1段口,0,0,2,1,C03,8,5,5,50,3,2,1,5,4,5,13,4,4,5,4,5,2,13,1,24,2,7,3,4,7,9,1,10,1,11,,16,,1,21,121.5220857,25.0509891
113,11,28,22,30,2,03中山區,中山區中山北路1段126巷與中山北路口側附近1段口,0,0,2,2,C03,8,5,5,50,3,2,1,5,4,5,13,4,4,5,4,5,2,13,1,40,2,9,3,4,7,12,1,10,1,13,,44,,1,21,121.5220857,25.0509891
113,11,28,22,33,2,01大同區,大同區鄭州路與環河北路1段口,0,0,1,1,C03,7,5,5,50,4,1,1,5,4,5,13,2,1,10,4,5,2,16,1,20,3,10,3,4,7,5,1,10,1,14,,8,,1,21,121.5069287,25.050748
113,11,28,22,33,2,01大同區,大同區鄭州路與環河北路1段口,0,0,1,2,C03,7,5,5,50,4,1,1,5,4,5,13,2,1,10,4,5,2,16,2,28,2,9,3,4,7,9,1,10,1,12,,44,,1,21,121.5069287,25.050748
113,11,28,23,4,2,03中山區,中山區市民大道2段往西(華山公園前迴轉道),0,0,2,1,C03,7,5,5,40,14,9,1,5,4,5,13,4,4,1,4,5,2,16,1,31,2,7,3,4,7,5,1,10,2,14,,8,,1,21,121.5265832,25.0472969
113,11,28,23,4,2,03中山區,中山區市民大道2段往西(華山公園前迴轉道),0,0,2,2,C03,7,5,5,40,14,9,1,5,4,5,13,4,4,1,4,5,2,16,1,24,2,9,3,4,7,9,1,8,2,12,,13,,1,21,121.5265832,25.0472969
113,11,28,23,45,2,09北投區,北投區大度路與大度路150巷口,0,0,2,1,C03,7,5,5,50,3,1,1,5,4,5,13,1,1,3,2,3,1,17,2,22,2,9,3,4,7,9,1,10,1,11,,108,,1,21,121.4936288,25.1217335
113,11,28,23,45,2,09北投區,北投區大度路與大度路150巷口,0,0,2,2,C03,7,5,5,50,3,1,1,5,4,5,13,1,1,3,2,3,1,17,1,43,2,9,3,4,7,15,1,10,1,15,,60,,1,21,121.4936288,25.1217335
113,11,29,6,19,2,06松山區,松山區光復北路13號,0,0,1,1,B03,7,5,5,30,14,9,1,5,4,5,13,4,4,9,5,5,2,16,1,62,3,10,7,4,7,5,1,8,1,4,,8,,1,21,121.5580821,25.0492012
113,11,29,6,19,2,06松山區,松山區光復北路13號,0,0,1,2,C03,7,5,5,30,14,9,1,5,4,5,13,4,4,9,5,5,2,16,2,33,2,9,6,4,7,9,1,10,1,12,,44,,1,21,121.5580821,25.0492012
113,11,29,7,0,2,01大同區,大同區民權西路與蘭州街口,0,0,1,1,C03,8,6,5,50,3,1,1,5,4,5,13,2,1,8,3,5,1,16,2,55,3,10,6,1,7,5,1,10,1,14,,101,,1,21,121.514709,25.0629101
113,11,29,7,0,2,01大同區,大同區民權西路與蘭州街口,0,0,1,2,C03,8,6,5,50,3,1,1,5,4,5,13,2,1,8,3,5,1,16,2,46,2,9,6,1,7,9,1,10,1,11,,44,,1,21,121.514709,25.0629101
113,11,29,7,0,2,01大同區,大同區民權西路與蘭州街口,0,0,1,3,C03,8,6,5,50,3,1,1,5,4,5,13,2,1,8,3,5,1,16,2,34,3,10,3,4,7,9,1,10,9,11,,16,,1,21,121.514709,25.0629101
113,11,29,7,30,2,11南港區,南港區松河街與南港路3段256巷口,0,0,4,1,C03,8,7,5,30,3,1,1,4,4,5,13,4,4,5,4,5,2,17,1,58,2,7,5,1,7,5,1,10,2,11,,8,,1,21,121.584614,25.0532725
113,11,29,7,30,2,11南港區,南港區松河街與南港路3段256巷口,0,0,4,2,C03,8,7,5,30,3,1,1,4,4,5,13,4,4,5,4,5,2,17,1,41,2,8,2,1,7,9,1,10,2,11,,108,,1,21,121.584614,25.0532725
113,11,29,7,30,2,11南港區,南港區松河街與南港路3段256巷口,0,0,4,3,H02,8,7,5,30,3,1,1,4,4,5,13,4,4,5,4,5,2,17,1,8,2,1,7,5,7,20,8,20,10,16,,67,,1,21,121.584614,25.0532725
113,11,29,7,30,2,11南港區,南港區松河街與南港路3段256巷口,0,0,4,4,H02,8,7,5,30,3,1,1,4,4,5,13,4,4,5,4,5,2,17,2,9,3,10,2,5,7,20,8,20,10,16,,67,,1,21,121.584614,25.0532725
113,11,29,7,30,2,11南港區,南港區松河街與南港路3段256巷口,0,0,4,5,H02,8,7,5,30,3,1,1,4,4,5,13,4,4,5,4,5,2,17,2,51,2,7,5,5,7,20,8,20,10,16,,67,,1,21,121.584614,25.0532725
113,11,29,7,50,2,04大安區,大安區和平東路2段299號與和平東路2段口,0,0,2,1,C03,8,6,5,50,3,1,1,5,4,5,13,1,1,1,3,5,2,15,1,64,2,7,5,1,7,11,1,10,1,12,,10,,1,21,121.5446982,25.0248598
113,11,29,7,50,2,04大安區,大安區和平東路2段299號與和平東路2段口,0,0,2,2,C03,8,6,5,50,3,1,1,5,4,5,13,1,1,1,3,5,2,15,1,21,2,9,6,1,7,9,1,10,1,11,,44,,1,21,121.5446982,25.0248598
113,11,29,7,53,2,02萬華區,萬華區環河南路1段與漢口街2段口,0,0,1,1,B03,8,7,5,50,3,1,1,5,4,5,13,3,1,5,4,5,2,17,1,59,3,10,7,1,7,5,1,8,1,8,,74,,1,21,121.5036705,25.04648195
113,11,29,7,53,2,02萬華區,萬華區環河南路1段與漢口街2段口,0,0,1,2,C03,8,7,5,50,3,1,1,5,4,5,13,3,1,5,4,5,2,17,1,33,2,9,5,1,7,9,1,10,1,14,,44,,1,21,121.5036705,25.04648195
113,11,29,7,55,2,09北投區,北投區大業路與中和街口,0,0,2,1,F03,7,6,5,50,5,1,1,5,4,5,13,2,1,1,4,5,2,15,2,79,2,9,4,1,7,9,8,20,1,11,,81,,1,21,121.5040039,25.13698219
113,11,29,7,55,2,09北投區,北投區大業路與中和街口,0,0,2,2,C03,7,6,5,50,5,1,1,5,4,5,13,2,1,1,4,5,2,15,1,28,2,7,5,1,7,9,1,10,1,11,,44,,1,21,121.5040039,25.13698219
113,11,29,8,0,2,06松山區,松山區民生東路3段130巷4號,0,0,1,1,H02,8,6,5,30,14,24,1,5,4,5,13,4,4,10,5,5,2,9,2,26,3,10,4,5,7,19,8,20,10,16,,126,,1,22,121.5462209,25.0569045
113,11,29,8,0,2,06松山區,松山區民生東路3段130巷4號,0,0,1,2,C03,8,6,5,30,14,24,1,5,4,5,13,4,4,10,5,5,2,9,1,39,2,9,6,1,7,4,1,10,1,14,,88,,1,22,121.5462209,25.0569045
113,11,29,8,0,2,06松山區,松山區民生東路3段130巷4號,0,0,1,3,B03,8,6,5,30,14,24,1,5,4,5,13,4,4,10,5,5,2,9,1,68,3,10,7,1,7,14,1,8,1,2,,40,,1,22,121.5462209,25.0569045
113,11,29,8,5,2,12內湖區,內湖區星雲街與康寧路1段口,0,0,1,1,C03,7,5,8,40,4,2,1,5,4,5,13,1,1,4,3,5,1,13,1,29,2,8,3,4,7,5,1,10,1,11,,16,,1,21,121.5938373,25.0794627
113,11,29,8,5,2,12內湖區,內湖區星雲街與康寧路1段口,0,0,1,2,B02,7,5,8,40,4,2,1,5,4,5,13,1,1,4,3,5,1,13,2,42,3,10,3,4,7,14,1,8,1,3,,44,,1,21,121.5938373,25.0794627
113,11,29,8,10,2,06松山區,松山區民權東路5段與撫遠街口,0,0,3,1,C03,8,7,5,50,14,8,1,5,4,5,13,4,4,1,3,4,2,13,1,56,3,10,5,1,7,9,1,10,1,13,,44,,1,22,121.56623,25.0631857
113,11,29,8,10,2,06松山區,松山區民權東路5段與撫遠街口,0,0,3,2,C03,8,7,5,50,14,8,1,5,4,5,13,4,4,1,3,4,2,13,1,40,2,9,5,1,7,9,1,10,1,13,,44,,1,22,121.56623,25.0631857
113,11,29,8,10,2,06松山區,松山區民權東路5段與撫遠街口,0,0,3,3,C03,8,7,5,50,14,8,1,5,4,5,13,4,4,1,3,4,2,13,1,43,3,10,5,1,7,9,1,10,1,13,,44,,1,22,121.56623,25.0631857
113,11,29,8,10,2,06松山區,松山區民權東路5段與撫遠街口,0,0,3,4,C03,8,7,5,50,14,8,1,5,4,5,13,4,4,1,3,4,2,13,1,64,2,9,5,1,7,9,1,10,1,11,,16,,1,22,121.56623,25.0631857
113,11,29,8,10,2,06松山區,松山區民權東路5段與撫遠街口,0,0,3,5,C03,8,7,5,50,14,8,1,5,4,5,13,4,4,1,3,4,2,13,1,24,3,10,5,1,7,9,1,10,1,13,,44,,1,22,121.56623,25.0631857
113,11,29,8,10,2,06松山區,松山區民權東路5段與撫遠街口,0,0,3,6,C03,8,7,5,50,14,8,1,5,4,5,13,4,4,1,3,4,2,13,1,37,2,9,5,1,7,9,1,10,1,11,,16,,1,22,121.56623,25.0631857
113,11,29,8,10,2,12內湖區,內湖區行善路與堤頂大道1段口,0,0,1,1,C03,8,6,5,50,3,1,1,5,4,5,13,4,4,1,5,5,2,16,1,21,3,10,6,1,7,6,1,10,2,12,,9,,1,21,121.5744652,25.05598921
113,11,29,8,10,2,12內湖區,內湖區行善路與堤頂大道1段口,0,0,1,2,C03,8,6,5,50,3,1,1,5,4,5,13,4,4,1,5,5,2,16,2,48,2,9,6,1,7,9,1,11,2,11,,107,,1,21,121.5744652,25.05598921
113,11,29,8,21,2,04大安區,大安區信義路2段26號,0,0,3,1,C03,8,5,5,50,14,9,1,5,4,5,13,4,4,1,4,5,2,12,1,30,2,9,6,1,7,9,1,10,1,12,,107,,1,21,121.5252482,25.0349271
113,11,29,8,21,2,04大安區,大安區信義路2段26號,0,0,3,2,C03,8,5,5,50,14,9,1,5,4,5,13,4,4,1,4,5,2,12,2,40,2,9,6,1,7,9,1,10,1,14,,44,,1,21,121.5252482,25.0349271
113,11,29,8,21,2,04大安區,大安區信義路2段26號,0,0,3,3,C03,8,5,5,50,14,9,1,5,4,5,13,4,4,1,4,5,2,12,1,32,2,9,6,1,7,9,1,10,1,12,,44,,1,21,121.5252482,25.0349271
113,11,29,8,21,2,04大安區,大安區信義路2段26號,0,0,3,4,B03,8,5,5,50,14,9,1,5,4,5,13,4,4,1,4,5,2,12,1,28,3,10,7,1,7,7,1,8,1,17,,100,,1,21,121.5252482,25.0349271
113,11,29,8,23,2,02萬華區,萬華區和平西路2段與艋舺大道口,0,0,2,1,C03,7,6,5,50,5,1,1,5,4,5,13,2,1,1,4,5,2,12,1,47,2,7,6,1,7,8,1,10,1,12,,100,,1,21,121.5047481,25.03395668
113,11,29,8,23,2,02萬華區,萬華區和平西路2段與艋舺大道口,0,0,2,2,C03,7,6,5,50,5,1,1,5,4,5,13,2,1,1,4,5,2,12,1,28,2,9,6,1,7,9,1,10,1,14,,17,,1,21,121.5047481,25.03395668
113,11,29,8,34,2,08士林區,士林區中正路620號,0,0,1,1,B03,7,6,5,30,22,6,1,5,4,5,13,4,4,1,4,5,1,17,1,43,3,10,7,1,7,11,1,8,2,6,,72,,1,21,121.5087483,25.0867129
113,11,29,8,34,2,08士林區,士林區中正路620號,0,0,1,2,C03,7,6,5,30,22,6,1,5,4,5,13,4,4,1,4,5,1,17,1,33,2,9,6,1,7,9,1,9,2,11,,108,,1,21,121.5087483,25.0867129
113,11,29,8,35,2,05中正區,中正區信義路2段與金山南路1段口,0,0,2,1,C03,8,6,5,50,4,1,1,5,4,5,13,1,1,3,4,5,1,17,1,20,2,8,6,1,7,6,1,10,2,12,,9,,1,22,121.5273952,25.0341157
113,11,29,8,35,2,05中正區,中正區信義路2段與金山南路1段口,0,0,2,2,C03,8,6,5,50,4,1,1,5,4,5,13,1,1,3,4,5,1,17,2,29,2,9,6,1,7,9,1,10,2,11,,44,,1,22,121.5273952,25.0341157
113,11,29,8,39,2,02萬華區,萬華區環河南路1段與內江街口,0,0,1,1,C03,8,7,5,50,3,2,1,5,4,5,13,1,1,2,2,5,2,17,1,35,3,10,5,1,7,15,1,10,1,14,,101,,1,21,121.5001549,25.041924
113,11,29,8,39,2,02萬華區,萬華區環河南路1段與內江街口,0,0,1,2,C03,8,7,5,50,3,2,1,5,4,5,13,1,1,2,2,5,2,17,2,18,2,8,5,1,7,9,1,10,1,12,,44,,1,21,121.5001549,25.041924
113,11,29,8,42,2,01大同區,大同區重慶北路2段與民權西路口,0,0,2,1,C03,7,6,5,50,4,1,1,5,4,5,13,1,1,1,4,5,2,15,1,30,2,8,6,1,7,15,1,10,1,11,,44,,1,21,121.5134858,25.0628844
113,11,29,8,42,2,01大同區,大同區重慶北路2段與民權西路口,0,0,2,2,C03,7,6,5,50,4,1,1,5,4,5,13,1,1,1,4,5,2,15,1,63,2,9,6,1,7,9,1,10,1,12,,44,,1,21,121.5134858,25.0628844
113,11,29,9,2,2,01大同區,大同區民族西路與迪化街2段146巷口,0,0,1,1,B12,8,6,5,50,14,9,1,5,4,5,13,4,4,8,3,5,1,17,1,48,3,10,3,4,7,13,1,8,2,4,,40,,1,21,121.5097374,25.068643
113,11,29,9,2,2,01大同區,大同區民族西路與迪化街2段146巷口,0,0,1,2,C02,8,6,5,50,14,9,1,5,4,5,13,4,4,8,3,5,1,17,1,30,2,9,6,4,7,9,1,9,2,11,,44,,1,21,121.5097374,25.068643
113,11,29,9,5,2,05中正區,中正區青島東路7-1號,0,0,2,1,B03,8,7,5,50,14,9,1,5,4,5,13,4,4,8,4,4,2,12,1,20,3,10,7,1,7,11,1,8,1,4,,10,,1,21,121.5224283,25.0437698
113,11,29,9,5,2,05中正區,中正區青島東路7-1號,0,0,2,2,C03,8,7,5,50,14,9,1,5,4,5,13,4,4,8,4,4,2,12,1,22,2,9,6,1,7,9,1,10,1,12,,108,,1,21,121.5224283,25.0437698
113,11,29,9,5,2,05中正區,中正區青島東路7-1號,0,0,2,3,H02,8,7,5,50,14,9,1,5,4,5,13,4,4,8,4,4,2,12,2,20,2,8,6,5,7,20,8,20,10,16,,67,,1,21,121.5224283,25.0437698
113,11,29,9,23,2,10文山區,文山區溪洲街與溪洲街137巷口口,0,0,1,1,B03,7,6,5,30,3,1,1,5,4,5,13,2,1,5,5,5,2,16,1,36,3,10,7,1,7,5,1,8,2,1,,74,,1,21,121.5353783,25.0000952
113,11,29,9,23,2,10文山區,文山區溪洲街與溪洲街137巷口口,0,0,1,2,C03,7,6,5,30,3,1,1,5,4,5,13,2,1,5,5,5,2,16,2,22,2,9,6,1,7,9,1,10,1,11,,44,,1,21,121.5353783,25.0000952
113,11,29,9,39,2,06松山區,松山區民權東路4段與光復北路口,0,0,3,1,A04,7,6,5,50,4,2,1,5,4,5,13,2,1,1,4,5,2,13,1,42,3,10,7,1,7,9,1,1,2,1,,22,,1,22,121.5548364,25.0619767
113,11,29,9,39,2,06松山區,松山區民權東路4段與光復北路口,0,0,3,2,C03,7,6,5,50,4,2,1,5,4,5,13,2,1,1,4,5,2,13,1,45,2,9,6,1,7,14,1,10,2,13,,44,,1,22,121.5548364,25.0619767
113,11,29,9,39,2,06松山區,松山區民權東路4段與光復北路口,0,0,3,3,C03,7,6,5,50,4,2,1,5,4,5,13,2,1,1,4,5,2,13,2,56,2,1,6,1,7,14,1,10,2,13,,44,,1,22,121.5548364,25.0619767
113,11,29,9,39,2,06松山區,松山區民權東路4段與光復北路口,0,0,3,4,C03,7,6,5,50,4,2,1,5,4,5,13,2,1,1,4,5,2,13,2,46,2,8,6,1,7,14,1,10,2,13,,44,,1,22,121.5548364,25.0619767
113,11,29,9,39,2,06松山區,松山區民權東路4段與光復北路口,0,0,3,5,C03,7,6,5,50,4,2,1,5,4,5,13,2,1,1,4,5,2,13,1,62,3,10,6,1,7,14,1,10,2,13,,44,,1,22,121.5548364,25.0619767
113,11,29,9,40,2,12內湖區,內湖區金湖路24號,0,0,1,1,C03,7,5,5,50,14,9,1,5,4,5,13,4,4,1,3,5,1,17,1,41,2,8,3,4,7,15,1,10,1,11,,13,,1,21,121.5961284,25.0830313
113,11,29,9,40,2,12內湖區,內湖區金湖路24號,0,0,1,2,A04,7,5,5,50,14,9,1,5,4,5,13,4,4,1,3,5,1,17,1,31,3,10,3,4,7,7,1,2,1,4,,100,,1,21,121.5961284,25.0830313
113,11,29,10,1,2,12內湖區,內湖區新湖二路與新湖三路口,0,0,2,1,C03,8,6,5,40,4,1,1,5,4,5,13,4,4,5,5,5,2,15,1,43,2,7,5,1,7,9,1,10,2,14,,72,,1,21,121.5846994,25.0650493
113,11,29,10,1,2,12內湖區,內湖區新湖二路與新湖三路口,0,0,2,2,C03,8,6,5,40,4,1,1,5,4,5,13,4,4,5,5,5,2,15,2,42,2,7,5,1,7,9,1,10,2,11,,44,,1,21,121.5846994,25.0650493
113,11,29,10,1,2,12內湖區,內湖區新湖二路與新湖三路口,0,0,2,3,,8,6,5,40,4,1,1,5,4,5,13,4,4,5,5,5,2,15,3,0,,,,,,,,,,,,67,,1,,121.5846994,25.0650493
113,11,29,10,1,2,12內湖區,內湖區新湖二路與新湖三路口,0,0,2,4,C03,8,6,5,40,4,1,1,5,4,5,13,4,4,5,5,5,2,15,1,53,4,11,3,4,7,13,7,19,11,12,,44,,1,22,121.5846994,25.0650493