發生年度,發生月,發生日,發生時-Hours,發生分,處理別-編號,區序,肇事地點,死亡人數,2-30日死亡人數,受傷人數,當事人序號,車種,天候,道路照明設備,道路類別,速限-速度限制,道路型態,事故位置,路面狀況1,路面狀況2,路面狀況3,道路障礙1,道路障礙2,號誌1,號誌2,車道劃分-分向,車道劃分-分道1,車道劃分-分道2,車道劃分-分道3,事故類型及型態,性別,年齡,受傷程度,主要傷處,保護裝置,行動電話,車輛用途,當事者行動狀態,駕駛資格情形,駕駛執照種類,飲酒情形,車輛撞擊部位1,車輛撞擊部位2,肇因碼-個別,肇因碼-主要,個人肇逃否,職業,座標-X,座標-Y
113,11,29,10,14,2,05中正區,中正區青島東路與中山南路口,0,0,1,1,B03,8,6,5,50,4,1,1,5,4,5,13,2,1,5,4,4,2,17,1,67,3,10,7,1,7,5,1,8,2,1,,98,,1,22,121.5192441,25.04454627
113,11,29,10,14,2,05中正區,中正區青島東路與中山南路口,0,0,1,2,C03,8,6,5,50,4,1,1,5,4,5,13,2,1,5,4,4,2,17,1,18,2,9,5,1,7,9,1,10,2,14,,44,,1,22,121.5192441,25.04454627
113,11,29,10,40,2,04大安區,大安區新生南路3段與新生南路3段98巷口,0,0,2,1,C03,8,7,5,50,14,9,1,5,4,5,13,4,4,1,4,5,2,13,2,30,2,9,3,4,7,9,1,10,1,11,,16,,1,21,121.5332664,25.0168406
113,11,29,10,40,2,04大安區,大安區新生南路3段與新生南路3段98巷口,0,0,2,2,C03,8,7,5,50,14,9,1,5,4,5,13,4,4,1,4,5,2,13,1,41,2,9,3,4,7,11,1,10,1,12,,98,,1,21,121.5332664,25.0168406
113,11,29,10,44,2,01大同區,大同區延平北路1段與長安西路口,0,0,1,1,B01,7,7,5,50,5,1,1,5,4,5,13,1,1,5,4,5,2,16,1,56,3,10,7,1,7,11,1,4,1,8,,10,,1,21,121.511871,25.0519529
113,11,29,10,44,2,01大同區,大同區延平北路1段與長安西路口,0,0,1,2,C03,7,7,5,50,5,1,1,5,4,5,13,1,1,5,4,5,2,16,1,21,2,9,6,1,7,9,1,10,1,12,,44,,1,21,121.511871,25.0519529
113,11,29,10,44,2,01大同區,大同區延平北路1段與長安西路口,0,0,1,3,E03,7,7,5,50,5,1,1,5,4,5,13,1,1,5,4,5,2,16,3,0,,,,,,,,,,,,67,,1,,121.511871,25.0519529
113,11,29,10,44,2,01大同區,大同區延平北路1段與長安西路口,0,0,1,4,E03,7,7,5,50,5,1,1,5,4,5,13,1,1,5,4,5,2,16,3,0,,,,,,,,,,,,67,,1,,121.511871,25.0519529
113,11,29,11,13,2,06松山區,松山區光復北路與延壽街口,0,0,1,1,B03,8,6,5,50,4,1,1,5,4,5,13,1,1,8,3,5,2,11,1,67,3,10,7,1,7,15,1,8,1,6,,74,,1,21,121.5556246,25.0563049
113,11,29,11,13,2,06松山區,松山區光復北路與延壽街口,0,0,1,2,C03,8,6,5,50,4,1,1,5,4,5,13,1,1,8,3,5,2,11,1,31,2,5,5,1,7,15,1,10,1,11,,108,,1,21,121.5556246,25.0563049
113,11,29,11,23,2,10文山區,文山區景隆街與景隆街36巷口口,0,0,2,1,C03,8,6,5,50,3,1,1,5,4,5,13,2,1,5,5,5,2,17,2,65,2,7,6,1,7,9,1,10,2,11,,81,,1,21,121.5433177,24.9989612
113,11,29,11,23,2,10文山區,文山區景隆街與景隆街36巷口口,0,0,2,2,C03,8,6,5,50,3,1,1,5,4,5,13,2,1,5,5,5,2,17,1,35,2,9,6,1,7,5,1,10,2,14,,44,,1,21,121.5433177,24.9989612
113,11,29,11,30,2,06松山區,松山區光復北路與延壽街口口,0,0,1,1,C03,7,6,5,50,4,1,1,5,4,5,13,1,1,5,4,5,2,16,2,84,3,10,6,1,7,6,6,10,1,12,,9,,1,21,121.5556575,25.0562066
113,11,29,11,30,2,06松山區,松山區光復北路與延壽街口口,0,0,1,2,C03,7,6,5,50,4,1,1,5,4,5,13,1,1,5,4,5,2,16,2,45,2,9,6,1,7,9,1,10,1,11,,44,,1,21,121.5556575,25.0562066
113,11,29,11,41,2,12內湖區,內湖區行善路與行善路383巷口,0,0,1,1,B03,8,6,5,50,3,1,1,5,4,5,13,4,4,1,4,4,2,16,2,48,3,10,7,1,7,6,1,8,1,5,,80,,1,21,121.5853798,25.063784
113,11,29,11,41,2,12內湖區,內湖區行善路與行善路383巷口,0,0,1,2,C03,8,6,5,50,3,1,1,5,4,5,13,4,4,1,4,4,2,16,1,29,2,7,5,1,7,9,1,10,1,14,,44,,1,21,121.5853798,25.063784
113,11,29,11,44,2,11南港區,南港區大坑街與福山街口,0,0,1,1,C03,8,6,5,30,4,2,1,5,4,1,11,4,4,5,5,5,2,15,1,40,3,10,6,1,7,9,1,10,1,11,,44,,1,21,121.617525,25.0460149
113,11,29,11,44,2,11南港區,南港區大坑街與福山街口,0,0,1,2,C03,8,6,5,30,4,2,1,5,4,1,11,4,4,5,5,5,2,15,1,60,2,9,5,1,7,9,1,10,1,11,,72,,1,21,121.617525,25.0460149
113,11,29,11,44,2,11南港區,南港區大坑街與福山街口,0,0,1,3,,8,6,5,30,4,2,1,5,4,1,11,4,4,5,5,5,2,15,3,60,,,,,,,,,,,,67,,1,,121.617525,25.0460149
113,11,29,12,2,2,10文山區,文山區辛亥路6段與木柵路1段口,0,0,1,1,B02,8,6,5,50,14,9,2,5,4,5,13,2,1,1,4,5,2,17,1,40,3,10,3,4,7,1,1,8,1,1,,118,,1,21,121.5523209,24.9878357
113,11,29,12,2,2,10文山區,文山區辛亥路6段與木柵路1段口,0,0,1,2,C03,8,6,5,50,14,9,2,5,4,5,13,2,1,1,4,5,2,17,1,63,2,5,5,4,7,9,1,10,1,13,,118,,1,21,121.5523209,24.9878357
113,11,29,12,5,2,09北投區,北投區致遠二路與致遠二路15巷口,0,0,1,1,B03,8,6,5,50,14,9,1,5,4,5,13,4,4,9,4,5,2,11,1,36,3,10,7,1,7,1,1,8,1,8,,19,,1,21,121.5116755,25.11513524
113,11,29,12,5,2,09北投區,北投區致遠二路與致遠二路15巷口,0,0,1,2,C03,8,6,5,50,14,9,1,5,4,5,13,4,4,9,4,5,2,11,2,71,2,8,5,1,7,9,1,10,1,11,,44,,1,21,121.5116755,25.11513524
113,11,29,12,28,2,09北投區,北投區大業路與中和街口,0,0,1,1,C03,8,6,5,50,4,1,1,5,4,5,13,2,1,9,4,5,2,16,1,68,2,8,6,1,7,5,1,10,1,11,,71,,1,21,121.5037615,25.1372618
113,11,29,12,28,2,09北投區,北投區大業路與中和街口,0,0,1,2,C03,8,6,5,50,4,1,1,5,4,5,13,2,1,9,4,5,2,16,1,48,3,10,6,1,7,9,1,10,1,11,,13,,1,21,121.5037615,25.1372618
113,11,29,12,32,2,11南港區,南港區南港路2段240號與南港路2段口,0,0,2,1,C03,8,6,5,50,4,1,1,5,4,5,13,2,1,4,3,4,2,16,2,23,2,9,3,4,7,11,1,10,2,12,,10,,1,21,121.5970592,25.0542187
113,11,29,12,32,2,11南港區,南港區南港路2段240號與南港路2段口,0,0,2,2,C03,8,6,5,50,4,1,1,5,4,5,13,2,1,4,3,4,2,16,1,39,2,9,3,4,7,9,1,10,2,11,,44,,1,21,121.5970592,25.0542187
113,11,29,12,34,2,04大安區,大安區新生南路2段與金華街口,0,0,1,1,B03,8,6,5,50,4,1,1,5,4,5,13,2,1,1,4,5,1,16,1,53,3,10,3,4,7,6,1,8,1,5,,9,,1,21,121.5335223,25.030617
113,11,29,12,34,2,04大安區,大安區新生南路2段與金華街口,0,0,1,2,C03,8,6,5,50,4,1,1,5,4,5,13,2,1,1,4,5,1,16,1,53,2,9,3,4,7,9,1,10,1,11,,44,,1,21,121.5335223,25.030617
113,11,29,12,39,2,01大同區,大同區西寧北路17號,0,0,1,1,B03,8,7,5,50,14,9,1,5,4,5,13,4,4,5,5,5,2,16,2,33,3,10,7,1,7,1,1,8,1,8,,19,,1,21,121.5085955,25.052318
113,11,29,12,39,2,01大同區,大同區西寧北路17號,0,0,1,2,C03,8,7,5,50,14,9,1,5,4,5,13,4,4,5,5,5,2,16,1,29,2,8,6,1,7,9,1,10,1,12,,44,,1,21,121.5085955,25.052318
113,11,29,12,45,2,04大安區,大安區復興南路1段201號,0,0,1,1,,8,7,5,50,14,9,1,5,4,4,13,2,1,1,4,5,2,18,3,0,,,,,,,,,10,,,130,,,,121.5438159,25.0396622
113,11,29,12,45,2,04大安區,大安區復興南路1段201號,0,0,1,2,C03,8,7,5,50,14,9,1,5,4,4,13,2,1,1,4,5,2,18,2,46,2,9,3,4,7,9,1,10,1,17,,44,,1,21,121.5438159,25.0396622
113,11,29,12,49,2,05中正區,中正區市民大道2段與林森北路1段口,0,0,1,2,C03,7,7,5,50,4,2,1,5,4,5,13,1,1,1,4,1,2,12,1,49,2,7,5,1,7,14,1,10,9,14,,118,,1,21,121.5241996,25.04777973
113,11,29,12,49,2,05中正區,中正區市民大道2段與林森北路1段口,0,0,1,1,C03,7,7,5,50,4,2,1,5,4,5,13,1,1,1,4,1,2,12,1,19,,,,,,,,,9,,,119,,2,,121.5241996,25.04777973
113,11,29,13,0,2,08士林區,士林區中山北路4段與通河街口,0,0,1,1,B12,8,6,5,50,3,2,1,5,4,5,13,1,1,1,4,5,2,17,1,49,3,10,7,1,7,6,1,8,2,6,,17,,1,22,121.5242707,25.0797192
113,11,29,13,0,2,08士林區,士林區中山北路4段與通河街口,0,0,1,2,C03,8,6,5,50,3,2,1,5,4,5,13,1,1,1,4,5,2,17,1,49,2,9,6,1,7,9,1,10,2,11,,17,,1,22,121.5242707,25.0797192
113,11,29,13,24,2,10文山區,文山區老泉街13-1號附近,0,0,2,1,C03,7,6,5,50,14,9,1,5,4,5,13,4,4,5,5,5,2,9,2,36,2,9,3,4,7,9,1,10,2,11,,42,,1,22,121.5584014,24.97603028
113,11,29,13,24,2,10文山區,文山區老泉街13-1號附近,0,0,2,2,H01,7,6,5,50,14,9,1,5,4,5,13,4,4,5,5,5,2,9,1,12,2,9,4,5,8,16,8,20,10,16,,60,,1,14,121.5584014,24.97603028
113,11,29,13,50,2,08士林區,士林區中山北路5段68巷,0,0,1,1,C03,7,6,5,50,14,9,1,5,4,5,13,4,4,1,3,5,1,16,1,59,3,10,6,1,7,5,1,10,1,15,,100,,1,22,121.5255574,25.0838539
113,11,29,13,50,2,08士林區,士林區中山北路5段68巷,0,0,1,2,C03,7,6,5,50,14,9,1,5,4,5,13,4,4,1,3,5,1,16,1,31,2,9,6,1,7,9,1,10,1,14,,44,,1,22,121.5255574,25.0838539
113,11,29,14,11,2,12內湖區,內湖區民權東路6段與民權東路6段15巷口,0,0,2,1,B03,8,6,5,50,3,1,1,5,4,5,13,4,4,1,4,4,2,17,1,32,2,7,7,1,7,6,1,8,2,2,,9,,1,21,121.5804513,25.0675178
113,11,29,14,11,2,12內湖區,內湖區民權東路6段與民權東路6段15巷口,0,0,2,2,C03,8,6,5,50,3,1,1,5,4,5,13,4,4,1,4,4,2,17,1,25,2,9,5,1,7,9,1,10,2,14,,13,,1,21,121.5804513,25.0675178
113,11,29,14,47,2,06松山區,松山區市民大道5段與東寧路口,0,0,1,1,B03,7,6,8,40,22,22,1,5,4,5,13,4,4,1,4,4,1,17,1,54,3,10,7,1,7,7,1,8,1,4,,100,,1,21,121.5624175,25.0470946
113,11,29,14,47,2,06松山區,松山區市民大道5段與東寧路口,0,0,1,2,B01,7,6,8,40,22,22,1,5,4,5,13,4,4,1,4,4,1,17,1,45,2,8,7,1,7,9,1,4,1,2,,44,,1,21,121.5624175,25.0470946
113,11,29,14,59,2,06松山區,松山區民生東路3段與復興北路口,0,0,1,1,C03,8,7,5,50,4,1,1,5,4,5,13,2,1,1,4,5,2,17,2,21,2,9,6,1,7,9,1,10,2,12,,81,,1,21,121.5443544,25.0577795
113,11,29,14,59,2,06松山區,松山區民生東路3段與復興北路口,0,0,1,2,B12,8,7,5,50,4,1,1,5,4,5,13,2,1,1,4,5,2,17,1,33,3,10,7,1,7,5,1,8,2,1,,44,,1,21,121.5443544,25.0577795
113,11,29,15,2,2,04大安區,大安區和平東路3段228巷與安居街34巷口,0,0,2,1,C03,8,5,5,50,4,2,1,5,4,5,13,4,4,5,5,5,2,11,1,70,3,10,5,1,7,9,6,10,1,14,,19,,1,21,121.5538664,25.0211799
113,11,29,15,2,2,04大安區,大安區和平東路3段228巷與安居街34巷口,0,0,2,2,C03,8,5,5,50,4,2,1,5,4,5,13,4,4,5,5,5,2,11,1,20,2,9,6,1,7,9,1,10,1,14,,44,,1,21,121.5538664,25.0211799
113,11,29,15,2,2,04大安區,大安區和平東路3段228巷與安居街34巷口,0,0,2,3,H02,8,5,5,50,4,2,1,5,4,5,13,4,4,5,5,5,2,11,2,68,2,8,6,5,7,20,8,20,10,16,,67,,1,21,121.5538664,25.0211799
113,11,29,15,20,2,04大安區,大安區忠孝東路4段233號,0,0,1,1,A02,8,6,5,50,14,9,1,5,4,5,13,4,4,1,3,5,2,9,1,45,3,10,7,1,7,1,1,1,1,17,,44,,1,21,121.5534727,25.041561
113,11,29,15,20,2,04大安區,大安區忠孝東路4段233號,0,0,1,3,H02,8,6,5,50,14,9,1,5,4,5,13,4,4,1,3,5,2,9,2,61,2,9,4,5,7,20,8,20,10,16,,67,,1,21,121.5534727,25.041561
113,11,29,15,20,2,04大安區,大安區忠孝東路4段233號,0,0,1,2,B02,8,6,5,50,14,9,1,5,4,5,13,4,4,1,3,5,2,9,3,0,,,,,,,,,,,,67,,1,,121.5534727,25.041561
113,11,29,15,28,2,10文山區,文山區萬美街2段與興德路口口,0,0,1,1,B03,8,6,5,40,3,1,1,5,4,5,13,3,1,5,5,4,2,17,1,61,3,10,7,1,7,11,1,8,2,5,,80,,1,21,121.5587983,25.0057692
113,11,29,15,28,2,10文山區,文山區萬美街2段與興德路口口,0,0,1,2,C03,8,6,5,40,3,1,1,5,4,5,13,3,1,5,5,4,2,17,1,56,2,7,5,1,7,9,1,10,8,11,,21,,1,21,121.5587983,25.0057692
113,11,29,16,39,2,04大安區,大安區延吉街62巷與忠孝東路4段223巷口,0,0,1,1,B03,8,5,5,30,4,18,1,5,4,5,13,4,4,7,5,5,2,3,1,60,3,10,7,1,7,5,1,8,1,1,,70,,1,21,121.5529694,25.0434078
113,11,29,16,39,2,04大安區,大安區延吉街62巷與忠孝東路4段223巷口,0,0,1,2,H01,8,5,5,30,4,18,1,5,4,5,13,4,4,7,5,5,2,3,1,34,2,8,4,5,8,16,8,20,10,16,,67,,1,21,121.5529694,25.0434078
113,11,29,16,50,2,08士林區,士林區福林路與中山北路5段470巷口口,0,0,1,1,C03,7,5,5,50,3,1,1,5,4,5,13,4,4,5,4,5,2,13,1,19,2,8,6,1,7,9,1,10,1,11,,16,,1,21,121.5291902,25.0945711
113,11,29,16,50,2,08士林區,士林區福林路與中山北路5段470巷口口,0,0,1,2,C03,7,5,5,50,3,1,1,5,4,5,13,4,4,5,4,5,2,13,1,21,3,10,6,1,7,14,1,10,1,13,,44,,1,21,121.5291902,25.0945711
113,11,29,16,50,2,08士林區,士林區福林路與中山北路5段470巷口口,0,0,1,3,H01,7,5,5,50,3,1,1,5,4,5,13,4,4,5,4,5,2,13,1,44,3,10,4,5,8,16,8,20,10,16,,67,,1,21,121.5291902,25.0945711
113,11,29,17,0,2,03中山區,中山區林森北路77號,0,0,1,1,B03,8,7,5,50,14,9,1,5,4,5,13,4,4,1,4,5,2,13,1,55,3,10,7,1,7,9,1,8,1,1,,42,,1,21,121.5247414,25.04948136
113,11,29,17,0,2,03中山區,中山區林森北路77號,0,0,1,2,C03,8,7,5,50,14,9,1,5,4,5,13,4,4,1,4,5,2,13,2,67,2,9,6,1,7,9,1,10,1,13,,44,,1,21,121.5247414,25.04948136
113,11,29,17,13,2,01大同區,大同區長安西路與南京西路434巷口,0,0,1,1,B12,7,5,5,50,3,2,1,5,4,5,13,4,4,5,4,5,2,17,1,46,3,10,3,4,7,9,1,2,1,2,,44,,1,22,121.5089308,25.0520495
113,11,29,17,13,2,01大同區,大同區長安西路與南京西路434巷口,0,0,1,2,B01,7,5,5,50,3,2,1,5,4,5,13,4,4,5,4,5,2,17,1,61,2,1,3,1,7,13,1,4,1,4,,40,,1,22,121.5089308,25.0520495
113,11,29,17,13,2,01大同區,大同區長安西路與南京西路434巷口,0,0,1,3,H03,7,5,5,50,3,2,1,5,4,5,13,4,4,5,4,5,2,17,1,46,3,10,4,5,7,13,1,7,1,4,,44,,1,22,121.5089308,25.0520495
113,11,29,17,14,2,03中山區,中山區北安路651號與大直街口,0,0,1,1,B03,8,6,5,50,4,1,1,5,4,5,13,1,1,1,4,5,2,16,2,41,3,10,7,1,7,5,1,8,1,8,,8,,1,21,121.5493679,25.0841863
113,11,29,17,14,2,03中山區,中山區北安路651號與大直街口,0,0,1,2,F01,8,6,5,50,4,1,1,5,4,5,13,1,1,1,4,5,2,16,2,19,2,9,4,1,7,9,8,20,1,11,,99,,1,21,121.5493679,25.0841863
113,11,29,17,50,2,05中正區,中正區金門街與金門街27巷口,0,0,1,2,B03,8,5,5,30,4,1,1,5,4,5,13,4,4,10,5,5,2,17,2,49,3,10,7,1,7,5,1,8,1,8,,44,,1,21,121.5227706,25.0211107
113,11,29,17,50,2,05中正區,中正區金門街與金門街27巷口,0,0,1,1,C03,8,5,5,30,4,1,1,5,4,5,13,4,4,10,5,5,2,17,1,75,2,8,5,1,7,9,1,10,1,14,,4,,1,21,121.5227706,25.0211107
113,11,29,17,50,2,12內湖區,內湖區內湖路1段與內湖路1段518巷口,0,0,1,1,C03,7,5,5,50,4,2,1,5,4,5,13,1,1,1,5,5,2,17,1,33,2,8,5,1,7,9,1,10,1,11,,44,,1,21,121.5766737,25.0791308
113,11,29,17,50,2,12內湖區,內湖區內湖路1段與內湖路1段518巷口,0,0,1,2,B03,7,5,5,50,4,2,1,5,4,5,13,1,1,1,5,5,2,17,1,59,3,10,7,1,7,14,1,8,1,3,,44,,1,21,121.5766737,25.0791308
113,11,29,17,55,2,08士林區,士林區文昌路與美崙街口,0,0,1,1,B03,7,5,5,50,4,1,1,5,4,5,13,2,1,5,4,5,2,12,1,21,3,10,7,1,7,7,1,8,1,4,,101,,1,21,121.5209137,25.0966484
113,11,29,17,55,2,08士林區,士林區文昌路與美崙街口,0,0,1,2,C03,7,5,5,50,4,1,1,5,4,5,13,2,1,5,4,5,2,12,2,63,2,7,6,1,7,9,1,10,1,12,,44,,1,21,121.5209137,25.0966484
113,11,29,18,2,2,04大安區,大安區基隆路2段176號,0,0,2,1,C03,8,5,5,50,14,9,1,5,4,5,13,4,4,1,4,5,2,13,2,29,2,9,6,1,7,9,1,10,1,11,,44,,1,21,121.5538897,25.025677
113,11,29,18,2,2,04大安區,大安區基隆路2段176號,0,0,2,2,C03,8,5,5,50,14,9,1,5,4,5,13,4,4,1,4,5,2,13,2,40,2,9,6,1,7,9,1,10,1,13,,101,,1,21,121.5538897,25.025677
113,11,29,18,2,2,04大安區,大安區基隆路2段176號,0,0,2,3,F01,8,5,5,50,14,9,1,5,4,5,13,4,4,1,4,5,2,13,4,0,,,,,7,9,8,20,11,17,,119,,2,,121.5538897,25.025677
113,11,29,18,2,2,04大安區,大安區基隆路2段176號,0,0,2,4,A02,8,5,5,50,14,9,1,5,4,5,13,4,4,1,4,5,2,13,1,59,3,10,7,1,7,9,1,2,1,5,,44,,1,21,121.5538897,25.025677
113,11,29,18,5,2,12內湖區,內湖區瑞光路與瑞光路26巷口,0,0,1,1,C03,8,5,5,50,3,1,1,5,4,5,13,2,1,5,4,5,2,13,2,35,3,10,6,1,7,9,1,10,1,11,,108,,1,21,121.5833247,25.06974716
113,11,29,18,5,2,12內湖區,內湖區瑞光路與瑞光路26巷口,0,0,1,2,C03,8,5,5,50,3,1,1,5,4,5,13,2,1,5,4,5,2,13,2,26,2,6,6,1,7,9,1,10,1,13,,44,,1,21,121.5833247,25.06974716
113,11,29,18,8,2,01大同區,大同區延平北路2段60巷14號,0,0,2,1,C03,7,5,5,30,14,9,1,5,4,5,13,4,4,10,5,5,2,9,2,60,2,8,6,1,7,9,1,10,1,14,,5,,1,21,121.511109,25.0554039
113,11,29,18,8,2,01大同區,大同區延平北路2段60巷14號,0,0,2,2,H01,7,5,5,30,14,9,1,5,4,5,13,4,4,10,5,5,2,9,2,74,2,9,4,5,8,20,8,20,10,16,,54,,1,21,121.511109,25.0554039
113,11,29,18,30,2,07信義區,信義區基隆路2段69號對面,0,0,1,1,C03,8,5,5,50,14,9,1,5,4,5,13,4,4,9,5,5,2,13,2,28,2,9,5,1,7,9,1,10,9,11,,16,,1,21,121.55816,25.0307825
113,11,29,18,30,2,07信義區,信義區基隆路2段69號對面,0,0,1,2,B03,8,5,5,50,14,9,1,5,4,5,13,4,4,9,5,5,2,13,2,43,3,10,7,1,7,9,1,8,9,6,,44,,1,21,121.55816,25.0307825
113,11,29,18,31,2,06松山區,松山區光復北路13號,0,0,1,1,B01,7,5,8,0,22,22,1,5,4,5,13,4,4,1,5,5,2,17,1,66,3,10,7,1,7,6,1,4,2,1,,19,,1,21,121.5579717,25.0495882
113,11,29,18,31,2,06松山區,松山區光復北路13號,0,0,1,2,F01,7,5,8,0,22,22,1,5,4,5,13,4,4,1,5,5,2,17,1,34,2,9,4,1,7,9,8,20,2,14,,53,,1,21,121.5579717,25.0495882
113,11,29,18,53,2,10文山區,文山區萬美街1段燈桿編號0706292往西5公尺處,0,0,2,1,C04,7,6,5,40,14,9,1,5,4,5,12,4,4,10,5,5,2,16,1,22,2,9,6,1,7,5,1,8,1,12,,8,,1,21,121.5576381,24.99937063
113,11,29,18,53,2,10文山區,文山區萬美街1段燈桿編號0706292往西5公尺處,0,0,2,2,C03,7,6,5,40,14,9,1,5,4,5,12,4,4,10,5,5,2,16,1,24,2,7,6,1,7,9,1,10,1,11,,44,,1,21,121.5576381,24.99937063
113,11,29,19,2,2,03中山區,中山區北安路771號,0,0,1,1,B03,8,5,5,50,14,7,1,5,4,5,13,1,1,1,3,4,1,17,4,0,,,,,,,,,11,,,99,,,,121.5525196,25.0858448
113,11,29,19,2,2,03中山區,中山區北安路771號,0,0,1,2,C01,8,5,5,50,14,7,1,5,4,5,13,1,1,1,3,4,1,17,1,28,3,10,6,1,7,9,1,9,1,11,,16,,1,21,121.5525196,25.0858448
113,11,29,19,2,2,03中山區,中山區北安路771號,0,0,1,3,B03,8,5,5,50,14,7,1,5,4,5,13,1,1,1,3,4,1,17,1,39,3,10,7,1,7,9,1,8,1,3,,44,,1,21,121.5525196,25.0858448
113,11,29,19,2,2,03中山區,中山區北安路771號,0,0,1,4,H02,8,5,5,50,14,7,1,5,4,5,13,1,1,1,3,4,1,17,2,25,2,1,6,5,7,17,8,20,10,16,,67,,1,21,121.5525196,25.0858448
113,11,29,19,8,2,07信義區,信義區松信路與松信路50巷口,0,0,1,1,C03,7,5,5,30,3,2,1,5,4,5,13,4,4,5,2,4,2,17,1,31,2,8,5,1,7,9,1,10,1,11,,42,,1,22,121.5721472,25.0472615
113,11,29,19,8,2,07信義區,信義區松信路與松信路50巷口,0,0,1,2,B03,7,5,5,30,3,2,1,5,4,5,13,4,4,5,2,4,2,17,2,57,3,10,7,1,7,9,1,8,1,2,,42,,1,22,121.5721472,25.0472615
113,11,29,19,35,2,10文山區,文山區興隆路2段244巷與興隆路2段口,0,0,1,1,B03,8,5,5,50,3,1,1,5,4,5,13,4,4,5,5,5,2,16,1,60,3,10,7,1,7,5,1,8,1,8,,72,,1,21,121.553832,25.0011076
113,11,29,19,35,2,10文山區,文山區興隆路2段244巷與興隆路2段口,0,0,1,2,C03,8,5,5,50,3,1,1,5,4,5,13,4,4,5,5,5,2,16,2,29,2,9,5,1,7,1,1,10,1,14,,19,,1,21,121.553832,25.0011076
113,11,29,19,41,2,03中山區,中山區民生西路19號,0,0,1,1,C03,8,5,5,50,14,9,1,5,4,5,13,4,4,5,4,5,2,12,1,35,2,7,5,1,7,7,1,10,1,14,,100,,1,21,121.5213474,25.05781172
113,11,29,19,41,2,03中山區,中山區民生西路19號,0,0,1,2,B03,8,5,5,50,14,9,1,5,4,5,13,4,4,5,4,5,2,12,1,38,3,10,7,1,7,9,1,8,1,2,,44,,1,21,121.5213474,25.05781172
113,11,29,19,55,2,02萬華區,萬華區萬大路與萬大路329巷口,0,0,1,1,B03,7,5,5,30,4,1,1,5,4,5,13,1,1,10,5,5,2,3,2,45,3,10,7,1,7,5,6,18,2,8,,70,,1,22,121.500201,25.02423707
113,11,29,19,55,2,02萬華區,萬華區萬大路與萬大路329巷口,0,0,1,2,H01,7,5,5,30,4,1,1,5,4,5,13,1,1,10,5,5,2,3,2,28,2,9,4,5,8,16,8,20,10,16,,121,,1,21,121.500201,25.02423707
113,11,29,20,5,2,05中正區,中正區中正河濱公園近中正橋下,0,0,2,2,H01,7,5,8,0,22,22,1,5,4,5,13,4,4,10,5,5,2,9,2,55,2,9,4,5,8,18,8,20,10,16,,67,,1,22,121.5154977,25.0219246
113,11,29,20,5,2,05中正區,中正區中正河濱公園近中正橋下,0,0,2,1,F01,7,5,8,0,22,22,1,5,4,5,13,4,4,10,5,5,2,9,1,16,2,9,4,1,7,9,8,20,1,11,,44,,1,22,121.5154977,25.0219246
113,11,29,20,26,2,06松山區,松山區光復北路與光復北路11巷口,0,0,1,1,B03,8,6,5,50,4,1,1,5,4,5,13,2,1,3,4,5,2,16,1,42,3,10,3,4,7,6,1,8,1,6,,9,,1,22,121.5578892,25.04903
113,11,29,20,26,2,06松山區,松山區光復北路與光復北路11巷口,0,0,1,2,C03,8,6,5,50,4,1,1,5,4,5,13,2,1,3,4,5,2,16,1,30,3,10,6,4,7,9,1,10,1,11,,44,,1,22,121.5578892,25.04903
113,11,29,20,26,2,06松山區,松山區光復北路與光復北路11巷口,0,0,1,3,C03,8,6,5,50,4,1,1,5,4,5,13,2,1,3,4,5,2,16,2,53,2,9,6,4,7,9,1,10,1,11,,44,,1,22,121.5578892,25.04903
113,11,29,20,43,2,03中山區,中山區長安東路1段與長安東路1段65巷口,0,0,1,1,B01,8,5,5,50,3,2,1,5,4,5,13,4,4,5,5,5,2,11,1,64,3,10,7,1,7,11,1,4,1,7,,103,,1,21,121.5274308,25.0485115
113,11,29,20,43,2,03中山區,中山區長安東路1段與長安東路1段65巷口,0,0,1,2,C03,8,5,5,50,3,2,1,5,4,5,13,4,4,5,5,5,2,11,1,25,2,8,5,1,7,9,1,10,1,11,14,27,,1,21,121.5274308,25.0485115
113,11,29,21,0,2,06松山區,松山區市民大道4段與敦化南路1段口,0,0,1,1,C03,8,5,5,40,14,9,1,5,4,5,13,2,1,1,4,5,2,13,2,32,2,9,6,1,7,9,1,10,2,11,,16,,1,21,121.5495481,25.0449108
113,11,29,21,0,2,06松山區,松山區市民大道4段與敦化南路1段口,0,0,1,2,B03,8,5,5,40,14,9,1,5,4,5,13,2,1,1,4,5,2,13,2,58,3,10,7,1,7,14,1,8,2,6,,44,,1,21,121.5495481,25.0449108
113,11,29,22,8,2,08士林區,士林區文林路與文林路144巷口口,0,0,4,1,C03,7,5,5,50,14,9,1,5,4,5,13,4,4,8,3,5,2,12,1,26,2,7,5,4,7,9,1,10,1,11,,108,,1,22,121.5265488,25.0887388
113,11,29,22,8,2,08士林區,士林區文林路與文林路144巷口口,0,0,4,4,H02,7,5,5,50,14,9,1,5,4,5,13,4,4,8,3,5,2,12,2,28,2,8,5,5,7,20,8,20,10,16,,67,,1,22,121.5265488,25.0887388