發生年度,發生月,發生日,發生時-Hours,發生分,處理別-編號,區序,肇事地點,死亡人數,2-30日死亡人數,受傷人數,當事人序號,車種,天候,道路照明設備,道路類別,速限-速度限制,道路型態,事故位置,路面狀況1,路面狀況2,路面狀況3,道路障礙1,道路障礙2,號誌1,號誌2,車道劃分-分向,車道劃分-分道1,車道劃分-分道2,車道劃分-分道3,事故類型及型態,性別,年齡,受傷程度,主要傷處,保護裝置,行動電話,車輛用途,當事者行動狀態,駕駛資格情形,駕駛執照種類,飲酒情形,車輛撞擊部位1,車輛撞擊部位2,肇因碼-個別,肇因碼-主要,個人肇逃否,職業,座標-X,座標-Y
113,11,29,22,8,2,08士林區,士林區文林路與文林路144巷口口,0,0,4,2,C01,7,5,5,50,14,9,1,5,4,5,13,4,4,8,3,5,2,12,1,43,2,9,5,4,7,9,1,9,1,14,,44,,1,22,121.5265488,25.0887388
113,11,29,22,8,2,08士林區,士林區文林路與文林路144巷口口,0,0,4,3,C03,7,5,5,50,14,9,1,5,4,5,13,4,4,8,3,5,2,12,2,23,2,9,5,4,7,9,1,10,1,12,,44,,1,21,121.5265488,25.0887388
113,11,29,22,38,2,04大安區,大安區永康街31巷與信義路2段198巷口,0,0,2,1,C03,8,5,5,30,4,1,1,5,4,5,13,4,4,10,5,5,2,15,1,28,2,9,6,1,7,9,1,10,1,11,,72,,1,21,121.5309464,25.0316477
113,11,29,22,38,2,04大安區,大安區永康街31巷與信義路2段198巷口,0,0,2,2,C03,8,5,5,30,4,1,1,5,4,5,13,4,4,10,5,5,2,15,1,22,2,9,6,1,7,9,1,10,1,14,,13,,1,21,121.5309464,25.0316477
113,11,29,22,57,2,02萬華區,萬華區桂林路214號,0,0,2,1,B03,8,5,5,50,14,9,1,5,4,5,13,4,4,9,5,4,2,17,1,112,4,11,3,4,7,11,7,19,11,17,,119,,2,22,121.4967482,25.0385712
113,11,29,22,57,2,02萬華區,萬華區桂林路214號,0,0,2,2,C03,8,5,5,50,14,9,1,5,4,5,13,4,4,9,5,4,2,17,1,24,2,9,5,1,7,12,1,10,1,12,,119,,1,21,121.4967482,25.0385712
113,11,29,22,57,2,02萬華區,萬華區桂林路214號,0,0,2,3,H02,8,5,5,50,14,9,1,5,4,5,13,4,4,9,5,4,2,17,2,29,2,9,5,5,7,17,8,20,10,16,,119,,1,21,121.4967482,25.0385712
113,11,29,23,38,2,10文山區,文山區興隆路1段與景隆街口,0,0,1,1,B03,8,5,5,50,4,18,1,5,4,5,13,2,1,5,4,5,2,3,1,51,3,10,7,1,7,5,1,8,2,8,,70,,1,21,121.5444115,24.9988046
113,11,29,23,38,2,10文山區,文山區興隆路1段與景隆街口,0,0,1,2,H01,8,5,5,50,4,18,1,5,4,5,13,2,1,5,4,5,2,3,2,81,2,9,4,5,8,16,8,20,10,16,,67,,1,21,121.5444115,24.9988046
113,11,29,23,58,2,03中山區,中山區松江路與渭水路口口,0,0,1,2,C03,8,5,5,50,4,1,1,5,4,5,13,1,1,5,4,5,2,17,1,18,2,9,3,4,7,9,1,10,1,17,,44,,1,21,121.5329029,25.0458908
113,11,29,23,58,2,03中山區,中山區松江路與渭水路口口,0,0,1,1,C03,8,5,5,50,4,1,1,5,4,5,13,1,1,5,4,5,2,17,4,0,,,,,,,,,,,,119,,2,,121.5329029,25.0458908
113,11,30,0,35,2,03中山區,中山區市民大道3段與建國南路1段口,0,0,1,1,C03,8,5,5,40,4,2,1,5,4,5,13,1,1,9,4,5,2,12,2,36,3,10,6,1,7,8,1,10,1,11,,100,,1,21,121.5363583,25.04477856
113,11,30,0,35,2,03中山區,中山區市民大道3段與建國南路1段口,0,0,1,2,C03,8,5,5,40,4,2,1,5,4,5,13,1,1,9,4,5,2,12,2,49,2,9,6,1,7,9,1,10,1,14,,44,,1,21,121.5363583,25.04477856
113,11,30,3,11,2,07信義區,信義區中坡北路與松隆路口口,0,0,2,1,C03,8,5,5,50,3,1,1,5,4,5,13,2,1,9,5,5,2,16,1,34,2,8,5,4,7,9,1,10,1,11,12,118,,1,21,121.5800732,25.0484126
113,11,30,3,11,2,07信義區,信義區中坡北路與松隆路口口,0,0,2,2,C03,8,5,5,50,3,1,1,5,4,5,13,2,1,9,5,5,2,16,1,24,2,9,5,4,7,5,1,10,1,11,12,118,,1,21,121.5800732,25.0484126
113,11,30,5,10,2,08士林區,士林區福港街139號,0,0,1,1,C03,7,5,5,50,14,9,1,5,4,5,13,4,4,5,5,5,2,17,1,24,2,9,5,1,7,9,1,10,1,11,,16,,1,21,121.5180142,25.0879201
113,11,30,5,10,2,08士林區,士林區福港街139號,0,0,1,2,B12,7,5,5,50,14,9,1,5,4,5,13,4,4,5,5,5,2,17,1,33,3,10,7,1,7,12,1,8,1,3,,44,,1,21,121.5180142,25.0879201
113,11,30,6,55,2,12內湖區,內湖區舊宗路2段與民權東路6段11巷口,0,0,1,1,C03,8,6,5,50,3,1,1,5,4,5,13,3,1,1,3,5,1,16,2,53,2,9,6,1,7,5,1,10,2,14,,84,,1,21,121.5748063,25.0682917
113,11,30,6,55,2,12內湖區,內湖區舊宗路2段與民權東路6段11巷口,0,0,1,2,B12,8,6,5,50,3,1,1,5,4,5,13,3,1,1,3,5,1,16,1,63,3,10,7,1,7,9,1,8,2,1,,14,,1,21,121.5748063,25.0682917
113,11,30,8,54,2,12內湖區,內湖區大湖街與大湖街口（向日有機農場入口）,0,0,1,1,B03,7,7,5,30,3,2,1,5,4,5,13,4,4,10,5,5,2,16,1,67,3,10,7,1,7,5,1,8,2,5,,80,,1,21,121.6072709,25.1031364
113,11,30,8,54,2,12內湖區,內湖區大湖街與大湖街口（向日有機農場入口）,0,0,1,2,F01,7,7,5,30,3,2,1,5,4,5,13,4,4,10,5,5,2,16,1,37,2,9,4,1,7,9,8,20,2,11,,16,,1,21,121.6072709,25.1031364
113,11,30,9,14,2,01大同區,大同區民權西路與民權西路160巷口,0,0,1,1,C03,8,6,5,50,3,1,1,5,4,5,13,4,4,1,4,5,2,17,2,59,3,10,5,4,7,9,1,10,1,11,,44,,1,21,121.5152397,25.0627916
113,11,30,9,14,2,01大同區,大同區民權西路與民權西路160巷口,0,0,1,2,C03,8,6,5,50,3,1,1,5,4,5,13,4,4,1,4,5,2,17,2,29,2,8,5,4,7,6,1,10,1,13,,44,,1,21,121.5152397,25.0627916
113,11,30,9,16,2,11南港區,南港區經貿二路196號,0,0,2,2,B03,8,6,5,50,14,9,1,5,4,5,13,4,4,3,4,5,2,13,1,67,3,10,3,4,7,9,1,8,1,3,,44,,1,22,121.614584,25.0603328
113,11,30,9,16,2,11南港區,南港區經貿二路196號,0,0,2,3,H02,8,6,5,50,14,9,1,5,4,5,13,4,4,3,4,5,2,13,2,11,2,1,3,5,7,21,8,20,10,16,,67,,1,14,121.614584,25.0603328
113,11,30,9,16,2,11南港區,南港區經貿二路196號,0,0,2,4,H02,8,6,5,50,14,9,1,5,4,5,13,4,4,3,4,5,2,13,1,9,2,7,3,5,7,21,8,20,10,16,,67,,1,14,121.614584,25.0603328
113,11,30,9,16,2,11南港區,南港區經貿二路196號,0,0,2,1,B03,8,6,5,50,14,9,1,5,4,5,13,4,4,3,4,5,2,13,2,47,3,10,3,4,7,9,1,8,1,1,,44,,1,22,121.614584,25.0603328
113,11,30,9,18,2,08士林區,士林區重陽橋機車道西向東,0,0,2,1,C03,8,6,5,25,10,11,1,5,4,5,13,4,4,10,4,5,1,17,1,27,3,10,6,1,7,7,1,9,1,13,,100,,1,21,121.5073595,25.08603914
113,11,30,9,18,2,08士林區,士林區重陽橋機車道西向東,0,0,2,2,C03,8,6,5,25,10,11,1,5,4,5,13,4,4,10,4,5,1,17,2,35,2,9,6,1,7,9,1,10,1,11,,44,,1,21,121.5073595,25.08603914
113,11,30,9,18,2,08士林區,士林區重陽橋機車道西向東,0,0,2,3,H02,8,6,5,25,10,11,1,5,4,5,13,4,4,10,4,5,1,17,2,39,2,8,6,5,7,17,8,20,10,16,,67,,1,21,121.5073595,25.08603914
113,11,30,9,45,2,12內湖區,內湖區南京東路6段與舊宗路1段口,0,0,1,1,B03,8,5,5,50,4,2,1,5,4,5,13,1,1,1,3,5,1,13,1,46,3,10,3,4,7,9,1,8,1,1,,16,,1,21,121.5816149,25.05711959
113,11,30,9,45,2,12內湖區,內湖區南京東路6段與舊宗路1段口,0,0,1,2,B03,8,5,5,50,4,2,1,5,4,5,13,1,1,1,3,5,1,13,1,39,3,10,3,4,7,14,1,8,1,3,,44,,1,21,121.5816149,25.05711959
113,11,30,9,45,2,12內湖區,內湖區南京東路6段與舊宗路1段口,0,0,1,3,B03,8,5,5,50,4,2,1,5,4,5,13,1,1,1,3,5,1,13,1,56,3,10,3,4,7,14,1,8,1,3,,44,,1,21,121.5816149,25.05711959
113,11,30,9,45,2,12內湖區,內湖區南京東路6段與舊宗路1段口,0,0,1,4,H02,8,5,5,50,4,2,1,5,4,5,13,1,1,1,3,5,1,13,2,39,2,2,3,5,7,20,8,20,10,16,,67,,1,21,121.5816149,25.05711959
113,11,30,9,50,2,08士林區,士林區承德路5段與基河路口,0,0,1,1,B03,8,5,5,50,4,1,1,5,4,5,13,2,1,1,4,4,1,12,1,62,3,10,7,1,7,6,1,8,1,2,,9,,1,21,121.5134146,25.09780158
113,11,30,9,50,2,08士林區,士林區承德路5段與基河路口,0,0,1,2,C03,8,5,5,50,4,1,1,5,4,5,13,2,1,1,4,4,1,12,1,41,2,9,5,1,7,15,1,10,1,11,,14,,1,21,121.5134146,25.09780158
113,11,30,10,5,2,08士林區,士林區忠誠路2段166巷28弄與天母東路8巷31弄口,0,0,2,1,C03,8,6,5,30,4,1,1,5,4,5,13,4,4,10,5,5,2,15,1,82,2,7,6,1,7,9,1,10,1,12,,75,,1,22,121.5327058,25.1164472
113,11,30,10,5,2,08士林區,士林區忠誠路2段166巷28弄與天母東路8巷31弄口,0,0,2,2,B03,8,6,5,30,4,1,1,5,4,5,13,4,4,10,5,5,2,15,2,74,3,10,7,1,7,9,1,8,1,8,,14,,1,22,121.5327058,25.1164472
113,11,30,10,5,2,08士林區,士林區忠誠路2段166巷28弄與天母東路8巷31弄口,0,0,2,3,H02,8,6,5,30,4,1,1,5,4,5,13,4,4,10,5,5,2,15,2,78,2,9,6,5,7,17,8,20,10,16,,67,,1,22,121.5327058,25.1164472
113,11,30,10,43,2,10文山區,文山區木新路2段與恆光街口口,0,0,1,1,C03,8,6,5,50,4,1,1,5,4,5,13,2,1,10,5,5,2,16,1,46,3,10,5,1,7,1,1,10,2,13,,19,,1,21,121.5667099,24.9833018
113,11,30,10,43,2,10文山區,文山區木新路2段與恆光街口口,0,0,1,2,C03,8,6,5,50,4,1,1,5,4,5,13,2,1,10,5,5,2,16,1,43,2,9,3,1,7,9,1,10,2,15,,44,,1,23,121.5667099,24.9833018
113,11,30,11,0,2,03中山區,中山區民權東路2段71巷與吉林路315巷口,0,0,1,1,B03,8,7,5,50,4,1,1,5,4,5,13,4,4,9,4,5,2,9,1,50,3,10,7,1,7,5,1,8,2,1,,16,,1,21,121.5316564,25.06348
113,11,30,11,0,2,03中山區,中山區民權東路2段71巷與吉林路315巷口,0,0,1,2,H01,8,7,5,50,4,1,1,5,4,5,13,4,4,9,4,5,2,9,1,84,2,9,4,5,8,16,8,20,1,16,,67,,1,21,121.5316564,25.06348
113,11,30,11,13,2,12內湖區,內湖區東湖路160巷與五分街口,0,0,1,1,C03,7,5,5,30,4,1,1,5,4,5,13,3,1,9,5,5,2,16,1,57,2,9,6,1,7,5,1,10,2,12,,84,,1,21,121.6172769,25.0671705
113,11,30,11,13,2,12內湖區,內湖區東湖路160巷與五分街口,0,0,1,2,B03,7,5,5,30,4,1,1,5,4,5,13,3,1,9,5,5,2,16,1,72,3,10,7,1,7,9,1,8,2,1,,44,,1,21,121.6172769,25.0671705
113,11,30,11,30,2,10文山區,文山區景華街109號,0,0,1,1,B03,8,6,5,30,14,9,1,5,4,5,13,4,4,10,5,5,2,9,1,55,3,10,3,1,7,13,1,8,2,17,,40,,1,21,121.5467793,24.9957145
113,11,30,11,30,2,10文山區,文山區景華街109號,0,0,1,2,H04,8,6,5,30,14,9,1,5,4,5,13,4,4,10,5,5,2,9,2,62,2,7,4,5,8,20,8,20,10,16,,60,,1,21,121.5467793,24.9957145
113,11,30,11,52,2,08士林區,士林區文林路與福國路口口,0,0,1,1,B03,7,7,5,50,5,1,1,5,4,5,13,2,1,8,3,4,2,17,1,65,3,10,3,4,7,6,1,8,1,4,,9,,1,22,121.5211898,25.102012
113,11,30,11,52,2,08士林區,士林區文林路與福國路口口,0,0,1,2,C03,7,7,5,50,5,1,1,5,4,5,13,2,1,8,3,4,2,17,2,48,2,9,5,1,7,5,6,8,1,15,,8,,1,22,121.5211898,25.102012
113,11,30,12,0,2,09北投區,北投區公館路與公館路308巷口,0,0,1,1,B03,7,6,5,30,4,1,1,5,4,5,13,4,4,9,4,5,2,15,2,75,3,10,7,1,7,9,1,8,1,1,,72,,1,21,121.50584,25.12441772
113,11,30,12,0,2,09北投區,北投區公館路與公館路308巷口,0,0,1,2,C03,7,6,5,30,4,1,1,5,4,5,13,4,4,9,4,5,2,15,1,23,2,9,5,1,7,9,1,10,1,12,,44,,1,21,121.50584,25.12441772
113,11,30,12,3,2,02萬華區,萬華區雙和街21號,0,0,1,1,B03,8,6,5,30,14,9,1,5,4,5,13,4,4,10,5,5,2,9,1,63,3,10,3,4,7,9,1,8,1,5,,107,,1,22,121.5059971,25.0344398
113,11,30,12,3,2,02萬華區,萬華區雙和街21號,0,0,1,2,H01,8,6,5,30,14,9,1,5,4,5,13,4,4,10,5,5,2,9,1,80,2,8,4,5,8,17,8,20,10,16,,60,,1,22,121.5059971,25.0344398
113,11,30,12,3,2,02萬華區,萬華區雙和街21號,0,0,1,3,C03,8,6,5,30,14,9,1,5,4,5,13,4,4,10,5,5,2,9,2,63,3,10,3,4,7,13,1,10,1,12,,44,,1,22,121.5059971,25.0344398
113,11,30,12,15,2,06松山區,松山區三民路與三民路68巷口,0,0,2,1,C03,7,6,5,30,4,1,1,5,4,5,13,4,4,9,4,5,2,15,1,50,2,8,6,1,7,9,1,10,2,12,,72,,1,21,121.5638237,25.0550696
113,11,30,12,15,2,06松山區,松山區三民路與三民路68巷口,0,0,2,2,C03,7,6,5,30,4,1,1,5,4,5,13,4,4,9,4,5,2,15,1,32,2,9,5,1,7,9,1,10,2,11,,13,,1,21,121.5638237,25.0550696
113,11,30,12,55,2,12內湖區,內湖區星雲街161巷與金湖路65巷口,0,0,2,1,C03,8,6,5,30,4,1,1,5,4,5,13,4,4,10,5,5,2,17,1,63,2,9,6,1,7,9,1,10,2,11,,75,,1,21,121.5961968,25.0813752
113,11,30,12,55,2,12內湖區,內湖區星雲街161巷與金湖路65巷口,0,0,2,2,C03,8,6,5,30,4,1,1,5,4,5,13,4,4,10,5,5,2,17,1,48,2,9,6,1,7,9,1,10,2,14,,14,,1,21,121.5961968,25.0813752
113,11,30,13,11,2,07信義區,信義區基隆路1段172巷與忠孝東路4段559巷16弄口,0,0,1,1,B03,8,6,5,30,11,18,1,5,4,5,13,4,4,10,5,5,2,3,2,29,3,10,7,1,7,5,1,8,1,1,,70,,1,21,121.5648934,25.0431755
113,11,30,13,11,2,07信義區,信義區基隆路1段172巷與忠孝東路4段559巷16弄口,0,0,1,2,H01,8,6,5,30,11,18,1,5,4,5,13,4,4,10,5,5,2,3,2,29,2,8,4,5,8,16,8,20,10,16,,60,,1,21,121.5648934,25.0431755
113,11,30,13,35,2,12內湖區,內湖區民權大橋東向西機車專用道,0,0,3,1,C03,8,6,5,50,8,11,1,5,4,5,13,4,4,1,4,5,2,12,2,31,2,9,5,1,7,9,1,10,1,11,,16,,1,21,121.5770684,25.0664596
113,11,30,13,35,2,12內湖區,內湖區民權大橋東向西機車專用道,0,0,3,2,C03,8,6,5,50,8,11,1,5,4,5,13,4,4,1,4,5,2,12,2,33,2,8,5,1,7,9,1,10,1,11,,44,,1,21,121.5770684,25.0664596
113,11,30,13,35,2,12內湖區,內湖區民權大橋東向西機車專用道,0,0,3,3,C03,8,6,5,50,8,11,1,5,4,5,13,4,4,1,4,5,2,12,1,33,2,8,5,1,7,9,1,8,1,13,,44,,1,21,121.5770684,25.0664596
113,11,30,13,41,2,12內湖區,內湖區民善街與舊宗路1段150巷口,0,0,2,1,B03,8,6,5,50,4,1,1,5,4,5,13,4,4,8,3,5,1,15,1,83,3,10,7,1,7,9,1,8,1,5,,80,,1,21,121.5751785,25.0616452
113,11,30,13,41,2,12內湖區,內湖區民善街與舊宗路1段150巷口,0,0,2,2,C03,8,6,5,50,4,1,1,5,4,5,13,4,4,8,3,5,1,15,1,28,2,8,6,1,7,9,1,10,1,11,,44,,1,21,121.5751785,25.0616452
113,11,30,13,41,2,12內湖區,內湖區民善街與舊宗路1段150巷口,0,0,2,3,H02,8,6,5,50,4,1,1,5,4,5,13,4,4,8,3,5,1,15,2,27,2,9,5,5,7,20,8,20,10,16,,67,,1,21,121.5751785,25.0616452
113,11,30,14,28,2,09北投區,北投區承德路7段與大業路口,0,0,1,1,C03,8,6,5,50,5,1,1,5,4,5,13,2,1,1,4,5,2,13,1,25,2,8,6,1,7,5,1,10,1,11,,16,,1,21,121.4996785,25.120969
113,11,30,14,28,2,09北投區,北投區承德路7段與大業路口,0,0,1,2,B03,8,6,5,50,5,1,1,5,4,5,13,2,1,1,4,5,2,13,1,26,3,10,7,1,7,9,1,8,1,3,,44,,1,21,121.4996785,25.120969
113,11,30,14,44,2,05中正區,市民大道停車場(公園-中山)入口,0,0,1,1,B02,8,6,5,40,14,9,1,5,4,5,13,4,4,1,4,5,2,13,1,20,3,10,7,1,7,7,1,8,2,3,,100,,1,22,121.5192181,25.04821785
113,11,30,14,44,2,05中正區,市民大道停車場(公園-中山)入口,0,0,1,2,C03,8,6,5,40,14,9,1,5,4,5,13,4,4,1,4,5,2,13,1,42,2,8,5,1,7,9,3,18,4,11,,21,,1,22,121.5192181,25.04821785
113,11,30,15,30,2,12內湖區,內湖區永保街與安康路口,0,0,1,1,B03,8,6,5,40,3,1,1,5,4,5,13,4,4,10,5,5,2,16,1,42,3,10,7,1,7,5,1,8,2,1,,8,,1,21,121.6074392,25.0644535
113,11,30,15,30,2,12內湖區,內湖區永保街與安康路口,0,0,1,2,C03,8,6,5,40,3,1,1,5,4,5,13,4,4,10,5,5,2,16,1,21,2,9,6,1,7,9,1,10,2,11,,13,,1,21,121.6074392,25.0644535
113,11,30,15,32,2,01大同區,大同區重慶北路2段與民生西路口,0,0,2,3,B03,8,6,5,50,4,1,1,5,4,5,13,2,1,1,4,5,2,17,1,56,3,10,7,4,7,9,1,8,9,6,,44,,1,21,121.5136741,25.05706615
113,11,30,15,32,2,01大同區,大同區重慶北路2段與民生西路口,0,0,2,2,B12,8,6,5,50,4,1,1,5,4,5,13,2,1,1,4,5,2,17,1,24,3,10,7,4,7,6,1,8,1,7,,44,,1,21,121.5136741,25.05706615
113,11,30,15,32,2,01大同區,大同區重慶北路2段與民生西路口,0,0,2,4,H02,8,6,5,50,4,1,1,5,4,5,13,2,1,1,4,5,2,17,2,55,2,9,5,5,7,20,8,20,10,16,,67,,1,21,121.5136741,25.05706615
113,11,30,15,32,2,01大同區,大同區重慶北路2段與民生西路口,0,0,2,1,C04,8,6,5,50,4,1,1,5,4,5,13,2,1,1,4,5,2,17,1,29,2,9,5,4,7,9,1,10,1,11,,108,,1,21,121.5136741,25.05706615
113,11,30,15,36,2,05中正區,中正區汀州路2段109號,0,0,1,1,B03,8,7,5,50,14,9,1,5,4,5,13,4,4,5,5,5,2,12,1,51,3,10,7,4,7,1,1,8,1,4,,19,,1,21,121.5186288,25.0251801
113,11,30,15,36,2,05中正區,中正區汀州路2段109號,0,0,1,2,C03,8,7,5,50,14,9,1,5,4,5,13,4,4,5,5,5,2,12,1,30,2,9,5,4,7,9,1,10,1,12,,44,,1,21,121.5186288,25.0251801
113,11,30,15,36,2,05中正區,中正區汀州路2段109號,0,0,1,3,B01,8,7,5,50,14,9,1,5,4,5,13,4,4,5,5,5,2,12,1,65,3,10,7,4,7,9,1,4,1,4,,44,,1,21,121.5186288,25.0251801
113,11,30,15,57,2,09北投區,北投區洲美快速道路(往淡水方向),0,0,2,1,B03,8,7,5,60,10,7,1,5,4,5,13,4,4,10,4,5,2,13,2,67,2,9,7,1,7,9,1,8,9,1,,108,,1,21,121.4941774,25.1215978
113,11,30,15,57,2,09北投區,北投區洲美快速道路(往淡水方向),0,0,2,2,B03,8,7,5,60,10,7,1,5,4,5,13,4,4,10,4,5,2,13,1,64,2,7,7,1,7,14,1,8,1,3,,44,,1,21,121.4941774,25.1215978
113,11,30,16,2,2,09北投區,北投區大度路3段與大度路3段296巷口,0,0,1,2,B03,8,7,5,50,5,2,1,5,4,5,13,3,1,5,5,5,2,13,1,48,3,10,7,1,7,9,1,8,2,6,,44,,1,22,121.4662411,25.123508
113,11,30,16,2,2,09北投區,北投區大度路3段與大度路3段296巷口,0,0,1,1,C03,8,7,5,50,5,2,1,5,4,5,13,3,1,5,5,5,2,13,1,58,2,7,5,1,7,9,1,10,2,11,,42,,1,22,121.4662411,25.123508
113,11,30,16,4,2,01大同區,大同區南京西路18巷22號,0,0,1,1,B03,8,6,5,30,14,9,1,5,4,5,13,4,4,10,5,5,2,9,1,28,3,10,7,1,7,9,1,8,1,2,,108,,1,21,121.5201559,25.0511022
113,11,30,16,4,2,01大同區,大同區南京西路18巷22號,0,0,1,2,H01,8,6,5,30,14,9,1,5,4,5,13,4,4,10,5,5,2,9,1,24,2,7,4,5,8,16,8,20,10,16,,44,,1,21,121.5201559,25.0511022
113,11,30,16,55,2,08士林區,士林區忠誠路1段東往西車道第1105210號路燈桿,0,0,1,1,C03,7,5,5,50,14,7,1,5,4,5,13,4,4,1,4,4,1,17,1,59,2,9,5,1,7,9,7,19,2,14,,118,,1,21,121.5290076,25.10577231
113,11,30,16,55,2,08士林區,士林區忠誠路1段東往西車道第1105210號路燈桿,0,0,1,2,B01,7,5,5,50,14,7,1,5,4,5,13,4,4,1,4,4,1,17,2,27,3,10,7,1,7,9,1,4,2,2,,118,,1,21,121.5290076,25.10577231
113,11,30,17,2,2,08士林區,士林區文林路與文林路594巷口,0,0,2,1,B01,8,5,5,50,4,1,1,5,4,5,13,3,1,5,4,4,2,17,1,53,3,10,7,1,7,5,1,4,1,2,,74,,1,21,121.5237267,25.0984954
113,11,30,17,2,2,08士林區,士林區文林路與文林路594巷口,0,0,2,2,C03,8,5,5,50,4,1,1,5,4,5,13,3,1,5,4,4,2,17,1,52,2,7,6,1,7,9,1,10,1,11,,13,,1,21,121.5237267,25.0984954
113,11,30,17,2,2,08士林區,士林區文林路與文林路594巷口,0,0,2,3,H02,8,5,5,50,4,1,1,5,4,5,13,3,1,5,4,4,2,17,2,43,2,7,6,5,7,20,8,20,10,16,,67,,1,21,121.5237267,25.0984954
113,11,30,17,47,2,01大同區,大同區塔城街南往北(0802419燈桿),0,0,1,1,B03,7,5,5,50,14,9,1,5,4,5,13,4,4,5,2,5,2,17,1,38,3,10,7,1,7,8,1,8,1,2,,100,,1,21,121.5102862,25.04927576
113,11,30,17,47,2,01大同區,大同區塔城街南往北(0802419燈桿),0,0,1,2,C03,7,5,5,50,14,9,1,5,4,5,13,4,4,5,2,5,2,17,2,23,2,9,5,1,7,9,1,10,1,14,,44,,1,21,121.5102862,25.04927576
113,11,30,17,47,2,08士林區,士林區文林路251號,0,0,1,1,B03,8,5,5,50,14,9,1,5,4,5,13,4,4,5,5,5,1,16,1,50,3,10,7,1,7,11,1,8,1,8,,10,,1,21,121.5268596,25.0907695
113,11,30,17,47,2,08士林區,士林區文林路251號,0,0,1,2,C03,8,5,5,50,14,9,1,5,4,5,13,4,4,5,5,5,1,16,2,44,2,9,5,1,7,9,1,10,1,11,,44,,1,21,121.5268596,25.0907695
113,11,30,18,16,2,04大安區,大安區芳蘭路與長興街口,0,0,1,1,B03,7,5,5,50,14,9,1,5,4,5,13,4,4,8,3,5,2,16,1,74,3,10,7,1,7,5,1,8,1,8,,8,,1,21,121.547244,25.014724
113,11,30,18,16,2,04大安區,大安區芳蘭路與長興街口,0,0,1,2,C03,7,5,5,50,14,9,1,5,4,5,13,4,4,8,3,5,2,16,1,30,2,9,6,1,7,9,1,10,1,12,,44,,1,21,121.547244,25.014724
113,11,30,18,30,2,10文山區,文山區老泉街（北二高籃球場),0,0,2,1,C03,8,5,5,30,14,9,1,5,4,3,10,4,4,10,5,5,1,13,2,42,2,9,5,1,7,9,1,10,1,11,,108,,1,21,121.5594783,24.97686347
113,11,30,18,30,2,10文山區,文山區老泉街（北二高籃球場),0,0,2,2,B11,8,5,5,30,14,9,1,5,4,3,10,4,4,10,5,5,1,13,1,50,3,10,3,4,7,15,1,8,9,3,,38,,1,21,121.5594783,24.97686347
113,11,30,18,30,2,10文山區,文山區老泉街（北二高籃球場),0,0,2,3,H02,8,5,5,30,14,9,1,5,4,3,10,4,4,10,5,5,1,13,1,12,2,7,5,5,7,20,8,20,10,16,,67,,1,21,121.5594783,24.97686347
113,11,30,19,17,2,03中山區,中山區北安路與劍南路口,0,0,1,1,B03,8,5,5,50,3,1,1,5,4,5,13,1,1,1,4,5,2,15,2,65,3,10,3,4,7,9,1,8,1,4,,118,,1,22,121.5313601,25.10508054
113,11,30,19,17,2,03中山區,中山區北安路與劍南路口,0,0,1,2,C03,8,5,5,50,3,1,1,5,4,5,13,1,1,1,4,5,2,15,1,22,2,9,6,4,7,9,1,10,1,11,,118,,1,22,121.5313601,25.10508054
113,11,30,19,42,2,08士林區,士林區福國路與福華路口,0,0,1,1,B01,7,5,5,50,4,4,1,5,4,5,13,2,1,1,4,5,2,12,1,55,3,10,7,1,7,9,1,4,11,2,,107,,2,21,121.5224538,25.1020454
113,11,30,19,42,2,08士林區,士林區福國路與福華路口,0,0,1,2,C03,7,5,5,50,4,4,1,5,4,5,13,2,1,1,4,5,2,12,2,67,2,8,5,1,7,14,1,10,1,17,,44,,1,21,121.5224538,25.1020454
113,11,30,20,40,2,10文山區,文山區景文街與景文街90巷口,0,0,3,1,C03,8,5,5,40,3,2,1,5,4,5,13,4,4,5,5,4,2,16,1,69,2,8,6,1,7,1,1,10,2,14,,19,,1,21,121.541169,24.9905829
113,11,30,20,40,2,10文山區,文山區景文街與景文街90巷口,0,0,3,2,C03,8,5,5,40,3,2,1,5,4,5,13,4,4,5,5,4,2,16,2,31,2,8,6,1,7,9,3,18,2,11,,44,,1,21,121.541169,24.9905829
113,11,30,20,40,2,10文山區,文山區景文街與景文街90巷口,0,0,3,3,H02,8,5,5,40,3,2,1,5,4,5,13,4,4,5,5,4,2,16,2,64,2,6,6,5,7,20,8,20,10,16,,67,,1,21,121.541169,24.9905829
113,11,30,21,54,2,12內湖區,內湖區金湖路與金湖路363巷口,0,0,1,1,C03,8,5,5,50,3,2,1,5,4,5,13,2,1,3,4,5,2,17,2,45,3,10,6,1,7,7,1,10,1,13,,101,,1,21,121.6024844,25.07361951
113,11,30,21,54,2,12內湖區,內湖區金湖路與金湖路363巷口,0,0,1,2,C03,8,5,5,50,3,2,1,5,4,5,13,2,1,3,4,5,2,17,1,29,2,9,6,1,7,9,1,10,1,14,,108,,1,21,121.6024844,25.07361951