發生年度,發生月,發生日,發生時-Hours,發生分,處理別-編號,區序,肇事地點,死亡人數,2-30日死亡人數,受傷人數,當事人序號,車種,天候,道路照明設備,道路類別,速限-速度限制,道路型態,事故位置,路面狀況1,路面狀況2,路面狀況3,道路障礙1,道路障礙2,號誌1,號誌2,車道劃分-分向,車道劃分-分道1,車道劃分-分道2,車道劃分-分道3,事故類型及型態,性別,年齡,受傷程度,主要傷處,保護裝置,行動電話,車輛用途,當事者行動狀態,駕駛資格情形,駕駛執照種類,飲酒情形,車輛撞擊部位1,車輛撞擊部位2,肇因碼-個別,肇因碼-主要,個人肇逃否,職業,座標-X,座標-Y
113,11,30,21,54,2,12內湖區,內湖區金湖路與金湖路363巷口,0,0,1,3,C03,8,5,5,50,3,2,1,5,4,5,13,2,1,3,4,5,2,17,1,56,3,10,6,1,7,9,1,10,1,17,,44,,1,21,121.6024844,25.07361951
113,11,30,23,0,2,03中山區,中山區林森北路與中山北路2段77巷口,0,0,2,1,H01,7,5,5,0,14,9,1,5,4,5,13,4,4,5,4,5,2,3,2,61,2,9,4,5,8,16,8,20,10,16,,67,,2,21,121.5221734,25.0580045
113,11,30,23,0,2,03中山區,中山區林森北路與中山北路2段77巷口,0,0,2,2,H01,7,5,5,0,14,9,1,5,4,5,13,4,4,5,4,5,2,3,2,56,2,9,4,5,8,16,8,20,10,16,,67,,1,21,121.5221734,25.0580045
113,11,30,23,0,2,03中山區,中山區林森北路與中山北路2段77巷口,0,0,2,3,B03,7,5,5,0,14,9,1,5,4,5,13,4,4,5,4,5,2,3,1,77,3,10,3,4,7,15,1,8,1,1,,108,,1,22,121.5221734,25.0580045
113,11,30,23,10,2,02萬華區,萬華區西藏路與西藏路129巷口,0,0,2,1,C03,8,5,8,50,22,22,1,5,4,5,13,4,4,10,5,5,2,17,1,55,2,9,3,4,7,15,1,10,1,17,,30,,1,21,121.5019452,25.0295427
113,11,30,23,10,2,02萬華區,萬華區西藏路與西藏路129巷口,0,0,2,2,C03,8,5,8,50,22,22,1,5,4,5,13,4,4,10,5,5,2,17,1,34,2,9,3,4,7,9,1,10,1,11,,107,,1,21,121.5019452,25.0295427
113,11,30,23,10,2,02萬華區,萬華區環河南路2段與長順街口,0,0,1,1,B12,7,5,5,50,4,1,1,5,4,5,13,1,1,1,5,5,2,17,1,86,2,1,3,1,7,5,1,8,1,8,,71,,1,21,121.4908098,25.0313486
113,11,30,23,10,2,02萬華區,萬華區環河南路2段與長順街口,0,0,1,2,B03,7,5,5,50,4,1,1,5,4,5,13,1,1,1,5,5,2,17,1,48,3,10,7,1,7,9,1,8,1,8,,44,,1,21,121.4908098,25.0313486
113,12,1,0,50,2,08士林區,士林區重慶北路4段與通河西街1段口,0,0,3,1,C03,8,5,5,50,5,1,1,5,4,5,13,1,1,5,5,5,2,15,2,28,2,9,5,1,7,9,1,10,1,12,,81,,1,21,121.5119091,25.0877214
113,12,1,0,50,2,08士林區,士林區重慶北路4段與通河西街1段口,0,0,3,2,B03,8,5,5,50,5,1,1,5,4,5,13,1,1,5,5,5,2,15,1,37,2,2,3,4,7,9,1,8,1,1,,44,,1,21,121.5119091,25.0877214
113,12,1,0,50,2,08士林區,士林區重慶北路4段與通河西街1段口,0,0,3,3,H02,8,5,5,50,5,1,1,5,4,5,13,1,1,5,5,5,2,15,2,28,2,9,5,5,7,21,8,20,10,16,,67,,1,21,121.5119091,25.0877214
113,12,1,1,8,2,03中山區,中山區南京東路1段與林森北路口,0,0,1,1,C03,8,5,5,50,4,1,1,5,4,5,13,1,1,1,4,5,2,17,1,27,2,8,6,1,7,6,1,10,1,14,,82,,1,22,121.5245621,25.05232892
113,12,1,1,8,2,03中山區,中山區南京東路1段與林森北路口,0,0,1,2,B03,8,5,5,50,4,1,1,5,4,5,13,1,1,1,4,5,2,17,1,49,3,10,3,4,7,5,1,4,1,5,,8,,1,22,121.5245621,25.05232892
113,12,1,6,50,2,01大同區,大同區重慶北路1段與南京西路口,0,0,1,1,C03,8,6,5,50,4,1,1,5,4,5,13,2,1,9,4,5,2,16,2,70,2,9,5,1,7,5,3,18,1,14,,8,,1,21,121.5140604,25.0540288
113,12,1,6,50,2,01大同區,大同區重慶北路1段與南京西路口,0,0,1,2,B03,8,6,5,50,4,1,1,5,4,5,13,2,1,9,4,5,2,16,1,26,3,10,7,1,7,9,1,8,1,5,,108,,1,21,121.5140604,25.0540288
113,12,1,7,50,2,09北投區,北投區紗帽路（1206508燈桿）,0,0,1,1,C03,8,6,5,40,14,9,1,5,4,5,13,4,4,9,4,5,2,11,1,18,2,8,5,1,7,9,1,10,1,11,,4,,1,21,121.5345719,25.14256159
113,12,1,7,50,2,09北投區,北投區紗帽路（1206508燈桿）,0,0,1,2,B03,8,6,5,40,14,9,1,5,4,5,13,4,4,9,4,5,2,11,2,47,3,10,7,1,7,9,1,8,1,8,,44,,1,21,121.5345719,25.14256159
113,12,1,8,10,2,08士林區,士林區文林路與大東路口,0,0,2,1,C03,8,5,5,50,3,1,1,5,4,5,13,2,1,5,4,5,2,11,2,69,2,2,3,4,7,9,1,8,1,14,,72,,1,22,121.5250879,25.0935548
113,12,1,8,10,2,08士林區,士林區文林路與大東路口,0,0,2,2,C03,8,5,5,50,3,1,1,5,4,5,13,2,1,5,4,5,2,11,1,29,2,2,3,4,7,9,1,10,1,11,,14,,1,22,121.5250879,25.0935548
113,12,1,8,44,2,06松山區,松山區塔悠路187號與堤外便道口,0,0,1,1,C03,7,6,5,30,3,1,1,5,4,5,13,4,4,10,5,5,2,16,2,18,3,10,6,1,7,6,1,10,1,12,,9,,1,21,121.5698906,25.0564755
113,12,1,8,44,2,06松山區,松山區塔悠路187號與堤外便道口,0,0,1,2,F02,7,6,5,30,3,1,1,5,4,5,13,4,4,10,5,5,2,16,2,51,2,9,4,1,7,9,8,20,1,11,,44,,1,21,121.5698906,25.0564755
113,12,1,9,2,2,08士林區,士林區延平北路7段106巷與延平北路7段口,0,0,2,1,C03,8,6,5,40,3,1,1,5,4,5,13,4,4,10,5,5,1,15,1,35,2,9,5,1,7,9,1,10,1,11,,108,,1,21,121.4971505,25.0968862
113,12,1,9,2,2,08士林區,士林區延平北路7段106巷與延平北路7段口,0,0,2,2,F01,8,6,5,40,3,1,1,5,4,5,13,4,4,10,5,5,1,15,1,52,2,9,2,4,7,11,8,20,1,14,,10,,1,21,121.4971505,25.0968862
113,12,1,9,9,2,07信義區,信義區虎林街47-3號,0,0,2,1,F03,8,6,5,50,14,9,1,5,4,5,13,4,4,9,5,5,2,16,2,74,2,8,2,1,7,1,8,20,1,14,,19,,1,21,121.5767507,25.0475312
113,12,1,9,9,2,07信義區,信義區虎林街47-3號,0,0,2,2,C03,8,6,5,50,14,9,1,5,4,5,13,4,4,9,5,5,2,16,1,22,2,8,5,1,7,9,1,10,1,11,,44,,1,21,121.5767507,25.0475312
113,12,1,9,23,2,01大同區,大同區承德路3段208巷53號,0,0,1,1,C03,8,6,5,30,14,9,1,5,4,5,13,4,4,10,5,5,1,16,1,45,3,10,6,1,7,5,1,10,1,14,,8,,1,21,121.5166783,25.0705037
113,12,1,9,23,2,01大同區,大同區承德路3段208巷53號,0,0,1,2,C03,8,6,5,30,14,9,1,5,4,5,13,4,4,10,5,5,1,16,1,24,2,9,6,1,7,9,1,10,1,11,,44,,1,21,121.5166783,25.0705037
113,12,1,9,38,2,02萬華區,萬華區康定路與康定路25巷口,0,0,2,2,C03,8,7,5,30,4,1,1,5,4,5,13,4,4,5,4,5,2,15,1,25,2,9,6,1,7,9,1,10,1,11,,44,,1,21,121.5026942,25.04405314
113,12,1,9,38,2,02萬華區,萬華區康定路與康定路25巷口,0,0,2,1,C03,8,7,5,30,4,1,1,5,4,5,13,4,4,5,4,5,2,15,1,68,2,8,6,1,7,9,1,10,1,12,,72,,1,21,121.5026942,25.04405314
113,12,1,9,47,2,05中正區,中正區中山北路1段與市民大道2段口往東迴轉道,0,0,1,1,C01,8,6,5,40,3,1,1,5,4,5,13,4,4,1,4,5,1,11,1,28,3,10,6,1,7,7,1,9,2,14,,101,,1,21,121.521196,25.0479285
113,12,1,9,47,2,05中正區,中正區中山北路1段與市民大道2段口往東迴轉道,0,0,1,2,C03,8,6,5,40,3,1,1,5,4,5,13,4,4,1,4,5,1,11,2,21,2,9,6,1,7,9,3,18,2,12,,42,,1,22,121.521196,25.0479285
113,12,1,9,56,2,05中正區,中正區中華路1段83號與中華路1段口,0,0,1,1,B03,8,5,5,50,3,2,1,5,4,5,13,4,4,1,5,5,2,17,1,33,3,10,7,1,7,6,1,8,1,2,2,9,,1,21,121.5074643,25.03861676
113,12,1,9,56,2,05中正區,中正區中華路1段83號與中華路1段口,0,0,1,2,C03,8,5,5,50,3,2,1,5,4,5,13,4,4,1,5,5,2,17,1,29,2,8,6,1,7,9,1,10,1,11,12,17,,1,21,121.5074643,25.03861676
113,12,1,10,21,2,07信義區,信義區松智路9巷停車場出入口,0,0,1,1,B03,8,6,5,30,14,9,1,5,4,5,13,4,4,9,5,5,2,16,1,41,3,10,7,1,7,5,1,8,1,4,,8,,1,21,121.5664086,25.03789975
113,12,1,10,21,2,07信義區,信義區松智路9巷停車場出入口,0,0,1,2,C03,8,6,5,30,14,9,1,5,4,5,13,4,4,9,5,5,2,16,2,23,2,9,6,1,7,9,1,10,1,12,,4,,1,21,121.5664086,25.03789975
113,12,1,10,21,2,07信義區,信義區松智路9巷停車場出入口,0,0,1,3,B03,8,6,5,30,14,9,1,5,4,5,13,4,4,9,5,5,2,16,1,61,3,10,7,1,7,9,1,8,1,5,,108,,1,21,121.5664086,25.03789975
113,12,1,10,24,2,07信義區,信義區基隆路2段149之49號,0,0,2,1,C03,8,5,5,50,14,9,1,5,4,5,13,1,1,1,4,5,2,13,1,19,2,9,5,1,7,8,1,10,1,11,,101,,1,21,121.5550063,25.0264716
113,12,1,10,24,2,07信義區,信義區基隆路2段149之49號,0,0,2,2,C03,8,5,5,50,14,9,1,5,4,5,13,1,1,1,4,5,2,13,1,33,3,10,5,1,7,14,1,10,1,13,,44,,1,21,121.5550063,25.0264716
113,12,1,10,24,2,07信義區,信義區基隆路2段149之49號,0,0,2,3,C03,8,5,5,50,14,9,1,5,4,5,13,1,1,1,4,5,2,13,1,69,2,7,5,1,7,9,1,10,1,11,,44,,1,21,121.5550063,25.0264716
113,12,1,10,48,2,06松山區,松山區民權大橋西往東（中段處）,0,0,2,1,C03,8,7,5,30,11,8,1,5,4,5,13,4,4,1,4,4,2,17,1,41,2,9,6,1,7,9,1,9,1,14,,13,,1,21,121.5684012,25.0637541
113,12,1,10,48,2,06松山區,松山區民權大橋西往東（中段處）,0,0,2,2,F01,8,7,5,30,11,8,1,5,4,5,13,4,4,1,4,4,2,17,1,73,2,7,4,1,7,9,8,20,1,14,,44,,1,22,121.5684012,25.0637541
113,12,1,11,5,2,07信義區,信義區基隆路1段0604846燈桿,0,0,1,1,C03,8,7,5,50,14,9,1,5,4,5,13,4,4,1,4,5,2,18,1,20,2,9,3,4,7,9,1,10,1,12,,42,,1,21,121.5685147,25.0476867
113,12,1,11,5,2,07信義區,信義區基隆路1段0604846燈桿,0,0,1,2,,8,7,5,50,14,9,1,5,4,5,13,4,4,1,4,5,2,18,3,0,,,,,,,,,,,,67,,1,,121.5685147,25.0476867
113,12,1,11,12,2,01大同區,大同區重慶北路2段171號後方,0,0,1,1,B03,8,6,8,50,22,22,1,5,4,5,13,4,4,10,4,5,2,17,1,65,3,10,3,4,7,21,1,8,1,1,,80,,1,21,121.5148612,25.0590926
113,12,1,11,12,2,01大同區,大同區重慶北路2段171號後方,0,0,1,2,C03,8,6,8,50,22,22,1,5,4,5,13,4,4,10,4,5,2,17,1,23,2,8,5,1,7,9,6,18,1,12,,44,,1,21,121.5148612,25.0590926
113,12,1,11,23,2,03中山區,中山區民權東路1段與民權東路1段71巷口,0,0,1,1,C03,7,5,5,50,3,2,1,5,4,5,13,4,4,3,4,5,2,13,1,36,2,9,3,4,7,9,1,10,1,11,,44,,1,21,121.5271501,25.0627539
113,12,1,11,23,2,03中山區,中山區民權東路1段與民權東路1段71巷口,0,0,1,2,B01,7,5,5,50,3,2,1,5,4,5,13,4,4,3,4,5,2,13,1,45,3,10,3,4,7,12,1,4,1,7,,44,,1,21,121.5271501,25.0627539
113,12,1,11,31,2,08士林區,士林區重陽橋機車道東向西(6511709燈桿)),0,0,2,1,F01,8,6,5,25,8,9,1,5,4,5,13,4,4,10,4,5,1,10,2,52,2,9,4,1,7,9,8,20,1,11,,4,,1,21,121.5042381,25.08671236
113,12,1,11,31,2,08士林區,士林區重陽橋機車道東向西(6511709燈桿)),0,0,2,2,C03,8,6,5,25,8,9,1,5,4,5,13,4,4,10,4,5,1,10,1,29,2,9,6,1,7,9,1,9,1,11,,44,,1,21,121.5042381,25.08671236
113,12,1,12,15,2,10文山區,文山區木柵路1段175號旁,0,0,1,1,C03,8,6,5,50,14,9,1,5,4,5,13,2,1,5,4,5,2,12,1,22,2,7,5,1,7,9,1,10,1,12,,16,,1,21,121.551106,24.9876791
113,12,1,12,15,2,10文山區,文山區木柵路1段175號旁,0,0,1,2,B03,8,6,5,50,14,9,1,5,4,5,13,2,1,5,4,5,2,12,1,52,3,10,7,1,7,9,1,8,1,4,,44,,1,21,121.551106,24.9876791
113,12,1,12,15,2,10文山區,文山區木柵路1段175號旁,0,0,1,3,C03,8,6,5,50,14,9,1,5,4,5,13,2,1,5,4,5,2,12,2,57,3,10,5,1,7,9,1,10,9,14,,44,,1,21,121.551106,24.9876791
113,12,1,12,30,2,04大安區,大安區市民大道3段與建國南路1段口,0,0,1,1,C03,8,7,5,40,4,2,1,5,4,5,13,1,1,8,3,5,1,5,1,34,2,9,5,1,7,9,1,10,1,17,,44,,1,21,121.547597,25.04817845
113,12,1,12,30,2,04大安區,大安區市民大道3段與建國南路1段口,0,0,1,2,H01,8,7,5,40,4,2,1,5,4,5,13,1,1,8,3,5,1,5,2,50,3,10,4,5,8,17,8,20,10,16,,54,,1,21,121.547597,25.04817845
113,12,1,12,31,2,04大安區,大安區新生南路3段與辛亥路2段口,0,0,1,1,C03,8,7,5,50,14,7,1,5,4,5,13,2,1,2,4,4,2,13,1,29,2,9,3,4,7,9,1,10,1,11,,16,,1,21,121.5344827,25.0221345
113,12,1,12,31,2,04大安區,大安區新生南路3段與辛亥路2段口,0,0,1,2,C03,8,7,5,50,14,7,1,5,4,5,13,2,1,2,4,4,2,13,1,19,3,10,3,4,7,9,1,10,1,13,,44,,1,21,121.5344827,25.0221345
113,12,1,12,40,2,04大安區,大安區復興南路1段200號,0,0,1,1,F01,8,6,5,0,14,20,1,5,4,5,13,4,4,10,5,5,2,38,1,51,2,9,4,1,7,9,8,20,1,11,,44,,1,21,121.5435745,25.0398841
113,12,1,12,40,2,04大安區,大安區復興南路1段200號,0,0,1,2,,8,6,5,0,14,20,1,5,4,5,13,4,4,10,5,5,2,38,3,43,,,,,,,,,,,,61,,1,,121.5435745,25.0398841
113,12,1,12,46,2,03中山區,中山區復興北路226號,0,0,1,1,B01,8,6,5,50,14,9,1,5,4,5,13,4,4,1,4,1,2,16,1,51,3,10,3,4,7,8,1,4,9,2,,118,,1,21,121.5440626,25.0565441
113,12,1,12,46,2,03中山區,中山區復興北路226號,0,0,1,2,C03,8,6,5,50,14,9,1,5,4,5,13,4,4,1,4,1,2,16,1,23,2,8,6,1,7,9,1,10,1,14,,118,,1,21,121.5440626,25.0565441
113,12,1,13,5,2,01大同區,大同區民族西路與民族西路32巷口,0,0,4,3,H02,8,6,5,50,4,1,1,5,4,5,13,2,1,5,4,5,2,17,2,25,2,7,5,5,7,20,8,20,10,16,,67,,1,21,121.5195076,25.0685108
113,12,1,13,5,2,01大同區,大同區民族西路與民族西路32巷口,0,0,4,2,C03,8,6,5,50,4,1,1,5,4,5,13,2,1,5,4,5,2,17,2,18,2,8,5,1,7,15,1,10,1,13,,98,,1,21,121.5195076,25.0685108
113,12,1,13,5,2,01大同區,大同區民族西路與民族西路32巷口,0,0,4,4,C03,8,6,5,50,4,1,1,5,4,5,13,2,1,5,4,5,2,17,1,26,2,8,5,1,7,9,1,10,1,14,,44,,1,21,121.5195076,25.0685108
113,12,1,13,5,2,01大同區,大同區民族西路與民族西路32巷口,0,0,4,1,C03,8,6,5,50,4,1,1,5,4,5,13,2,1,5,4,5,2,17,2,25,2,9,5,1,7,9,1,10,1,11,,44,,1,21,121.5195076,25.0685108
113,12,1,13,25,2,01大同區,大同區延平北路3段與民權西路口,0,0,1,1,B03,8,6,5,50,4,1,1,5,4,5,13,1,1,1,4,5,2,17,1,19,3,10,7,1,7,5,1,8,2,4,,8,,1,21,121.511205,25.06306381
113,12,1,13,25,2,01大同區,大同區延平北路3段與民權西路口,0,0,1,2,C03,8,6,5,50,4,1,1,5,4,5,13,1,1,1,4,5,2,17,1,36,2,9,5,1,7,9,1,10,2,12,,44,,1,21,121.511205,25.06306381
113,12,1,13,37,2,09北投區,北投區承德路7段與立賢路口,0,0,1,1,F01,8,6,5,60,4,1,1,5,4,5,13,2,1,1,2,5,2,16,1,65,2,6,4,1,7,9,8,20,1,11,,81,,1,22,121.5049772,25.1160187
113,12,1,13,37,2,09北投區,北投區承德路7段與立賢路口,0,0,1,2,B03,8,6,5,60,4,1,1,5,4,5,13,2,1,1,2,5,2,16,2,61,3,10,2,1,7,6,1,8,1,4,,44,,1,22,121.5049772,25.1160187
113,12,1,14,0,2,03中山區,中山區民權東路2段與建國北路3段口,0,0,2,1,B03,7,5,5,50,4,2,1,5,4,5,13,2,1,3,4,5,2,17,1,55,3,10,3,4,7,6,1,8,1,2,,9,,1,21,121.5367556,25.062496
113,12,1,14,0,2,03中山區,中山區民權東路2段與建國北路3段口,0,0,2,2,C03,7,5,5,50,4,2,1,5,4,5,13,2,1,3,4,5,2,17,1,41,2,8,3,4,7,9,1,10,1,14,,44,,1,21,121.5367556,25.062496
113,12,1,14,0,2,03中山區,中山區民權東路2段與建國北路3段口,0,0,2,3,H02,7,5,5,50,4,2,1,5,4,5,13,2,1,3,4,5,2,17,2,41,2,4,3,5,7,17,8,20,10,16,,67,,1,21,121.5367556,25.062496
113,12,1,14,43,2,09北投區,北投區光明路與大業路口,0,0,1,1,B03,8,7,5,50,5,2,1,5,4,5,13,2,1,3,4,5,2,3,1,40,3,10,7,1,7,9,1,4,2,2,,118,,1,21,121.5033552,25.1372173
113,12,1,14,43,2,09北投區,北投區光明路與大業路口,0,0,1,2,H01,8,7,5,50,5,2,1,5,4,5,13,2,1,3,4,5,2,3,2,68,2,9,4,5,8,16,8,20,10,16,,67,,1,21,121.5033552,25.1372173
113,12,1,15,7,2,11南港區,南港區市民大道7段與向陽路口口,0,0,1,2,C03,8,7,5,50,4,1,1,5,4,5,13,2,1,2,4,4,1,16,1,28,2,8,6,1,7,5,1,10,9,14,,8,,1,22,121.5955119,25.0514654
113,12,1,15,7,2,11南港區,南港區市民大道7段與向陽路口口,0,0,1,1,C03,8,7,5,50,4,1,1,5,4,5,13,2,1,2,4,4,1,16,2,18,3,10,6,1,7,9,1,10,9,12,,44,,1,21,121.5955119,25.0514654
113,12,1,15,35,2,08士林區,士林區重陽橋往北市機車道,0,0,2,1,C03,8,6,5,25,11,11,1,5,4,5,13,4,4,10,4,5,1,17,1,18,2,7,6,4,7,5,1,10,2,12,,13,,1,21,121.5055806,25.0842395
113,12,1,15,35,2,08士林區,士林區重陽橋往北市機車道,0,0,2,2,C03,8,6,5,25,11,11,1,5,4,5,13,4,4,10,4,5,1,17,2,44,2,9,6,4,7,5,1,10,2,14,,44,,1,21,121.5055806,25.0842395
113,12,1,15,40,2,10文山區,文山區老泉街第0701922燈桿,0,0,1,1,B03,8,7,5,40,14,9,1,5,4,5,13,4,4,9,5,5,2,13,1,26,3,10,7,1,7,9,1,8,1,1,,118,,1,21,121.5641119,24.97994129
113,12,1,15,40,2,10文山區,文山區老泉街第0701922燈桿,0,0,1,2,C03,8,7,5,40,14,9,1,5,4,5,13,4,4,9,5,5,2,13,2,68,2,5,5,1,7,5,1,10,1,13,,44,,1,21,121.5641119,24.97994129
113,12,1,16,21,2,01大同區,大同區塔城街36號對面,0,0,1,1,B03,8,6,6,50,14,9,1,5,4,5,13,4,4,9,4,5,2,17,1,32,3,10,7,4,7,6,1,8,1,6,,9,,1,21,121.5105335,25.0516931
113,12,1,16,21,2,01大同區,大同區塔城街36號對面,0,0,1,2,C03,8,6,6,50,14,9,1,5,4,5,13,4,4,9,4,5,2,17,1,73,2,8,6,4,7,9,1,10,1,13,,108,,1,21,121.5105335,25.0516931
113,12,1,16,40,2,11南港區,南港區忠孝東路7段與研究院路1段口,0,0,1,1,C03,7,6,5,50,3,2,1,5,4,5,13,1,1,5,4,5,2,17,1,22,2,9,5,1,7,8,1,10,1,12,,100,,1,21,121.6163259,25.0530493
113,12,1,16,40,2,11南港區,南港區忠孝東路7段與研究院路1段口,0,0,1,2,C03,7,6,5,50,3,2,1,5,4,5,13,1,1,5,4,5,2,17,1,60,3,10,5,1,7,5,1,10,1,14,,8,,1,21,121.6163259,25.0530493
113,12,1,17,35,2,03中山區,中山區北安路47號與北安路口,0,0,2,1,B03,8,5,5,50,3,1,1,5,4,5,13,4,4,5,1,5,2,17,1,71,3,10,7,1,7,1,1,8,1,17,,19,,1,21,121.5282816,25.0775702
113,12,1,17,35,2,03中山區,中山區北安路47號與北安路口,0,0,2,2,C03,8,5,5,50,3,1,1,5,4,5,13,4,4,5,1,5,2,17,1,24,2,9,5,1,7,9,1,10,1,14,,44,,1,21,121.5282816,25.0775702
113,12,1,17,35,2,03中山區,中山區北安路47號與北安路口,0,0,2,3,H02,8,5,5,50,3,1,1,5,4,5,13,4,4,5,1,5,2,17,2,22,2,9,5,5,7,20,8,20,10,16,,67,,1,21,121.5282816,25.0775702
113,12,1,17,45,2,01大同區,大同區環河堤外便道自行車道往北近敦煌疏散門,0,0,2,1,F01,8,5,7,0,14,23,1,5,4,5,13,4,4,9,4,5,2,16,2,64,2,9,4,1,7,5,8,20,1,14,,101,,1,21,121.5087683,25.0740748
113,12,1,17,45,2,01大同區,大同區環河堤外便道自行車道往北近敦煌疏散門,0,0,2,2,F07,8,5,7,0,14,23,1,5,4,5,13,4,4,9,4,5,2,16,1,45,2,8,4,4,7,9,8,20,10,11,,42,,1,21,121.5087683,25.0740748
113,12,1,18,20,2,03中山區,中山區南京西路與南京西路23巷口,0,0,3,1,B01,8,5,5,50,5,2,1,5,4,5,13,1,1,1,4,5,2,17,1,45,3,10,7,1,7,9,1,4,1,5,,16,,1,21,121.520439,25.0526776
113,12,1,18,20,2,03中山區,中山區南京西路與南京西路23巷口,0,0,3,2,C03,8,5,5,50,5,2,1,5,4,5,13,1,1,1,4,5,2,17,1,48,2,9,5,1,7,14,1,10,1,13,,32,,1,21,121.520439,25.0526776
113,12,1,18,20,2,03中山區,中山區南京西路與南京西路23巷口,0,0,3,3,B01,8,5,5,50,5,2,1,5,4,5,13,1,1,1,4,5,2,17,1,65,3,10,7,1,7,7,1,4,1,3,,101,,1,21,121.520439,25.0526776
113,12,1,18,20,2,03中山區,中山區南京西路與南京西路23巷口,0,0,3,4,H02,8,5,5,50,5,2,1,5,4,5,13,1,1,1,4,5,2,17,2,44,2,9,5,5,7,20,8,20,10,16,,67,,1,21,121.520439,25.0526776
113,12,1,18,20,2,03中山區,中山區南京西路與南京西路23巷口,0,0,3,5,H02,8,5,5,50,5,2,1,5,4,5,13,1,1,1,4,5,2,17,1,7,2,9,5,5,7,21,8,20,10,16,,67,,1,21,121.520439,25.0526776
113,12,1,18,20,2,03中山區,中山區南京西路與南京西路23巷口,0,0,3,6,B01,8,5,5,50,5,2,1,5,4,5,13,1,1,1,4,5,2,17,1,66,3,10,7,1,7,14,1,4,1,17,,38,,1,21,121.520439,25.0526776
113,12,1,18,28,2,02萬華區,萬華區康定路與桂林路口,0,0,2,1,C03,8,5,5,50,4,1,1,5,4,5,13,1,1,5,4,5,2,17,2,25,2,5,5,4,7,15,1,10,1,13,,101,,1,21,121.5016931,25.0383483
113,12,1,18,28,2,02萬華區,萬華區康定路與桂林路口,0,0,2,2,C03,8,5,5,50,4,1,1,5,4,5,13,1,1,5,4,5,2,17,1,18,2,9,5,4,7,9,3,18,1,11,,13,,1,21,121.5016931,25.0383483
113,12,1,18,33,2,01大同區,大同區市民高架道第442號燈桿,0,0,1,1,B03,8,5,5,50,10,7,1,5,4,5,13,4,4,1,4,5,2,13,1,42,2,7,7,1,7,9,1,8,2,1,,16,,1,21,121.5175807,25.04866848
113,12,1,18,33,2,01大同區,大同區市民高架道第442號燈桿,0,0,1,2,B03,8,5,5,50,10,7,1,5,4,5,13,4,4,1,4,5,2,13,1,32,3,10,7,1,7,9,1,8,2,3,,44,,1,21,121.5175807,25.04866848
113,12,1,18,54,2,05中正區,中正區重慶南路1段與沅陵街口,0,0,2,1,C03,8,5,5,50,3,2,1,5,4,5,13,4,4,5,4,5,1,17,1,20,2,8,5,1,7,9,1,10,1,12,,42,,1,21,121.5132002,25.04284039
113,12,1,18,54,2,05中正區,中正區重慶南路1段與沅陵街口,0,0,2,2,C03,8,5,5,50,3,2,1,5,4,5,13,4,4,5,4,5,1,17,1,33,2,8,5,1,7,9,1,10,1,13,,44,,1,21,121.5132002,25.04284039
113,12,1,19,0,2,06松山區,松山區八德路3段10號,0,0,1,1,B03,7,5,5,50,14,9,1,5,4,5,13,4,4,9,4,5,2,16,1,27,3,10,7,1,7,11,1,8,1,8,,10,,1,22,121.5499579,25.0481764
113,12,1,19,0,2,06松山區,松山區八德路3段10號,0,0,1,2,C03,7,5,5,50,14,9,1,5,4,5,13,4,4,9,4,5,2,16,1,29,2,9,5,1,7,9,1,10,1,12,,44,,1,22,121.5499579,25.0481764
113,12,1,19,15,2,03中山區,中山區長安西路19巷2弄29號,0,0,1,1,F01,8,5,5,30,14,9,1,5,4,5,13,4,4,10,5,5,2,9,4,0,,,,,,,,,,,,119,,2,,121.5203623,25.05092518
113,12,1,19,15,2,03中山區,中山區長安西路19巷2弄29號,0,0,1,2,H01,8,5,5,30,14,9,1,5,4,5,13,4,4,10,5,5,2,9,1,36,2,9,4,5,8,16,8,20,10,16,,67,,1,22,121.5203623,25.05092518
113,12,1,19,55,2,07信義區,信義區松壽路與松智路口口,0,0,1,1,B02,7,5,5,50,4,1,1,5,4,5,13,2,1,5,4,5,2,16,1,29,3,10,7,1,7,5,1,8,2,1,,8,,1,21,121.5654821,25.0359107
113,12,1,19,55,2,07信義區,信義區松壽路與松智路口口,0,0,1,2,C03,7,5,5,50,4,1,1,5,4,5,13,2,1,5,4,5,2,16,1,24,2,9,6,1,7,9,1,10,2,14,,44,,1,21,121.5654821,25.0359107
113,12,1,20,12,2,05中正區,中正區中山南路1段與徐州路口,0,0,1,1,C02,8,5,5,50,3,1,1,5,4,5,13,1,1,1,4,5,2,17,2,19,2,9,5,1,7,12,1,10,2,14,,107,,1,21,121.5185928,25.0418012
113,12,1,20,12,2,05中正區,中正區中山南路1段與徐州路口,0,0,1,2,B03,8,5,5,50,3,1,1,5,4,5,13,1,1,1,4,5,2,17,2,48,3,10,7,1,7,12,1,8,2,6,,44,,1,21,121.5185928,25.0418012
113,12,1,20,13,2,02萬華區,萬華區康定路與桂林路口,0,0,1,1,C03,7,5,5,50,4,1,1,5,4,5,13,1,1,9,4,5,2,17,1,22,3,10,5,1,7,5,1,10,1,17,,74,,1,21,121.5018077,25.0383884
113,12,1,20,13,2,02萬華區,萬華區康定路與桂林路口,0,0,1,2,C03,7,5,5,50,4,1,1,5,4,5,13,1,1,9,4,5,2,17,1,21,2,9,5,1,7,9,3,18,1,17,,44,,1,21,121.5018077,25.0383884