發生年度,發生月,發生日,發生時-Hours,發生分,處理別-編號,區序,肇事地點,死亡人數,2-30日死亡人數,受傷人數,當事人序號,車種,天候,道路照明設備,道路類別,速限-速度限制,道路型態,事故位置,路面狀況1,路面狀況2,路面狀況3,道路障礙1,道路障礙2,號誌1,號誌2,車道劃分-分向,車道劃分-分道1,車道劃分-分道2,車道劃分-分道3,事故類型及型態,性別,年齡,受傷程度,主要傷處,保護裝置,行動電話,車輛用途,當事者行動狀態,駕駛資格情形,駕駛執照種類,飲酒情形,車輛撞擊部位1,車輛撞擊部位2,肇因碼-個別,肇因碼-主要,個人肇逃否,職業,座標-X,座標-Y
113,12,1,22,6,2,06松山區,松山區松山路與市民大道6段口,0,0,1,1,B03,8,5,5,50,4,1,1,5,4,5,13,1,1,1,3,4,2,16,2,47,3,10,3,4,7,5,1,8,2,2,,74,,1,22,121.5776983,25.0494904
113,12,1,22,6,2,06松山區,松山區松山路與市民大道6段口,0,0,1,2,C03,8,5,5,50,4,1,1,5,4,5,13,1,1,1,3,4,2,16,1,20,2,9,5,1,7,9,1,10,2,11,,44,,1,22,121.5776983,25.0494904
113,12,1,23,20,2,08士林區,士林區文林路與文林路594巷口,0,0,1,1,B03,8,5,5,50,4,2,1,5,4,5,13,3,1,9,4,4,1,17,1,70,3,10,7,1,7,6,1,8,1,2,,9,,1,21,121.5237456,25.0984551
113,12,1,23,20,2,08士林區,士林區文林路與文林路594巷口,0,0,1,2,C03,8,5,5,50,4,2,1,5,4,5,13,3,1,9,4,4,1,17,1,20,3,10,5,1,7,9,1,10,1,14,,13,,1,21,121.5237456,25.0984551
113,12,1,23,20,2,08士林區,士林區文林路與文林路594巷口,0,0,1,3,H02,8,5,5,50,4,2,1,5,4,5,13,3,1,9,4,4,1,17,1,21,2,9,5,5,7,20,8,20,10,16,,67,,1,21,121.5237456,25.0984551
113,12,2,0,24,2,05中正區,中正區羅斯福路3段與辛亥路1段口,0,0,1,1,C04,8,5,5,50,4,1,1,5,4,5,13,1,1,1,4,5,2,17,1,20,2,8,5,1,7,7,1,10,1,13,,100,,1,21,121.5290764,25.0198352
113,12,2,0,24,2,05中正區,中正區羅斯福路3段與辛亥路1段口,0,0,1,2,B02,8,5,5,50,4,1,1,5,4,5,13,1,1,1,4,5,2,17,1,36,3,10,7,1,7,9,1,4,1,5,,44,,1,21,121.5290764,25.0198352
113,12,2,1,23,2,02萬華區,萬華區中華路2段與廣州街口,0,0,1,1,C03,8,5,5,40,4,1,1,5,4,5,13,1,1,8,3,4,1,17,1,18,3,10,5,1,7,5,1,10,1,13,,8,,1,21,121.5064544,25.036012
113,12,2,1,23,2,02萬華區,萬華區中華路2段與廣州街口,0,0,1,2,B01,8,5,5,40,4,1,1,5,4,5,13,1,1,8,3,4,1,17,1,33,3,10,7,1,7,12,1,4,1,1,,13,,1,21,121.5064544,25.036012
113,12,2,1,23,2,02萬華區,萬華區中華路2段與廣州街口,0,0,1,3,H02,8,5,5,40,4,1,1,5,4,5,13,1,1,8,3,4,1,17,2,18,2,7,5,5,7,21,8,20,10,16,,67,,1,21,121.5064544,25.036012
113,12,2,1,38,2,03中山區,中山區北安路583號,0,0,1,1,C03,7,5,5,50,14,9,1,5,4,5,13,1,1,10,3,5,1,17,1,23,2,9,6,1,7,9,1,10,1,11,,108,,1,25,121.5486057,25.08151376
113,12,2,1,38,2,03中山區,中山區北安路583號,0,0,1,2,B01,7,5,5,50,14,9,1,5,4,5,13,1,1,10,3,5,1,17,1,57,3,10,7,1,7,14,1,4,1,3,,44,,1,21,121.5486057,25.08151376
113,12,2,5,30,2,02萬華區,萬華區環河快速道路往南下西藏路匝道,0,0,1,1,B01,7,5,5,60,10,7,1,5,4,5,13,4,4,1,4,5,2,18,1,45,2,9,7,1,7,7,1,4,1,1,,13,,1,21,121.5026646,25.0459412
113,12,2,5,30,2,02萬華區,萬華區環河快速道路往南下西藏路匝道,0,0,1,2,,7,5,5,60,10,7,1,5,4,5,13,4,4,1,4,5,2,18,3,0,,,,,,,,,,,,67,,1,,121.5026646,25.0459412
113,12,2,6,30,2,05中正區,中正區基隆高架道路近福和橋匝道,0,0,1,1,B03,8,7,5,50,10,9,1,5,4,5,13,4,4,1,4,5,2,23,1,25,2,9,3,4,7,9,1,8,6,1,,21,,1,22,121.5361797,25.0110107
113,12,2,6,30,2,05中正區,中正區基隆高架道路近福和橋匝道,0,0,1,3,H02,8,7,5,50,10,9,1,5,4,5,13,4,4,1,4,5,2,23,1,22,4,11,7,5,7,20,8,20,10,16,,67,,1,22,121.5361797,25.0110107
113,12,2,6,30,2,05中正區,中正區基隆高架道路近福和橋匝道,0,0,1,2,,8,7,5,50,10,9,1,5,4,5,13,4,4,1,4,5,2,23,3,0,,,,,,,,,,,,67,,1,,121.5361797,25.0110107
113,12,2,6,30,2,05中正區,中正區基隆高架道路近福和橋匝道,0,0,1,4,H02,8,7,5,50,10,9,1,5,4,5,13,4,4,1,4,5,2,23,1,23,4,11,7,5,7,20,8,20,10,16,,67,,1,22,121.5361797,25.0110107
113,12,2,7,30,2,04大安區,大安區永康街與永康街17巷口,0,0,2,1,F01,8,6,5,30,4,1,1,5,4,5,13,4,4,9,5,5,1,16,2,17,2,9,4,4,7,5,8,20,1,14,,8,,1,21,121.5296941,25.03224
113,12,2,7,30,2,04大安區,大安區永康街與永康街17巷口,0,0,2,2,C03,8,6,5,30,4,1,1,5,4,5,13,4,4,9,5,5,1,16,1,67,2,8,6,4,7,9,1,10,1,11,,44,,1,21,121.5296941,25.03224
113,12,2,7,54,2,02萬華區,萬華區華江橋機車道往台北市（燈桿001028）,0,0,2,1,C03,8,7,7,40,8,11,1,5,4,5,13,4,4,10,3,5,1,13,1,31,2,9,3,4,7,9,1,10,1,11,,16,,1,22,121.4878806,25.0354971
113,12,2,7,54,2,02萬華區,萬華區華江橋機車道往台北市（燈桿001028）,0,0,2,2,C03,8,7,7,40,8,11,1,5,4,5,13,4,4,10,3,5,1,13,1,57,2,9,3,4,7,9,1,10,1,11,,16,,1,22,121.4878806,25.0354971
113,12,2,7,54,2,02萬華區,萬華區華江橋機車道往台北市（燈桿001028）,0,0,2,3,C03,8,7,7,40,8,11,1,5,4,5,13,4,4,10,3,5,1,13,2,25,3,10,3,4,7,9,1,10,1,14,,44,,1,22,121.4878806,25.0354971
113,12,2,7,54,2,02萬華區,萬華區華江橋機車道往台北市（燈桿001028）,0,0,2,4,C03,8,7,7,40,8,11,1,5,4,5,13,4,4,10,3,5,1,13,1,25,3,10,3,4,7,9,1,10,1,13,,44,,1,22,121.4878806,25.0354971
113,12,2,8,3,2,04大安區,大安區和平東路3段與基隆路2段口,0,0,2,1,C02,8,5,5,50,5,2,1,5,4,5,13,2,1,1,4,5,2,16,1,20,2,7,6,1,7,6,1,9,1,12,,9,,1,21,121.5525307,25.0244595
113,12,2,8,3,2,04大安區,大安區和平東路3段與基隆路2段口,0,0,2,2,C04,8,5,5,50,5,2,1,5,4,5,13,2,1,1,4,5,2,16,2,48,2,9,6,1,7,9,1,10,1,11,,44,,1,21,121.5525307,25.0244595
113,12,2,8,8,2,12內湖區,內湖區瑞光路76巷與民權東路6段21巷口,0,0,1,1,B03,8,6,5,50,3,2,1,5,4,5,13,4,4,9,4,5,2,16,1,35,3,10,7,1,7,9,1,8,2,7,,17,,1,21,121.5798753,25.0693619
113,12,2,8,8,2,12內湖區,內湖區瑞光路76巷與民權東路6段21巷口,0,0,1,2,C03,8,6,5,50,3,2,1,5,4,5,13,4,4,9,4,5,2,16,1,64,2,9,6,1,7,9,1,10,2,12,,44,,1,21,121.5798753,25.0693619
113,12,2,8,24,2,07信義區,信義區忠孝東路5段與松仁路口口,0,0,1,1,C03,8,6,5,50,4,3,1,5,4,5,13,2,1,1,4,5,2,17,2,64,2,3,5,1,7,9,1,10,1,11,,107,,1,22,121.5684887,25.041166
113,12,2,8,24,2,07信義區,信義區忠孝東路5段與松仁路口口,0,0,1,2,C03,8,6,5,50,4,3,1,5,4,5,13,2,1,1,4,5,2,17,1,27,3,10,6,1,7,8,1,10,1,13,,100,,1,22,121.5684887,25.041166
113,12,2,8,27,2,08士林區,士林區中山北路5段與中山北路5段505巷口,0,0,1,1,A02,8,6,5,40,4,2,1,5,4,5,13,2,1,4,4,1,1,17,1,35,3,10,3,4,7,9,1,2,9,5,,44,,1,21,121.5278597,25.0935109
113,12,2,8,27,2,08士林區,士林區中山北路5段與中山北路5段505巷口,0,0,1,2,C03,8,6,5,40,4,2,1,5,4,5,13,2,1,4,4,1,1,17,1,28,2,9,3,4,7,7,1,10,9,14,,100,,1,21,121.5278597,25.0935109
113,12,2,8,47,2,07信義區,信義區吳興街600巷與吳興街600巷67弄口,0,0,1,1,C03,8,6,5,30,14,9,1,5,4,5,13,4,4,10,5,5,2,17,2,72,3,10,5,1,7,5,1,10,1,11,,80,,1,21,121.5706311,25.0191561
113,12,2,8,47,2,07信義區,信義區吳興街600巷與吳興街600巷67弄口,0,0,1,2,C03,8,6,5,30,14,9,1,5,4,5,13,4,4,10,5,5,2,17,2,53,2,8,5,1,7,9,1,10,1,11,,13,,1,21,121.5706311,25.0191561
113,12,2,9,1,2,04大安區,大安區市民大道4段與光復南路口,0,0,1,1,B03,8,6,5,40,5,1,1,5,4,5,13,2,1,1,4,5,1,12,1,72,3,10,3,4,7,9,1,8,2,2,,108,,1,21,121.5577393,25.0450079
113,12,2,9,1,2,04大安區,大安區市民大道4段與光復南路口,0,0,1,2,C03,8,6,5,40,5,1,1,5,4,5,13,2,1,1,4,5,1,12,1,42,2,9,6,4,7,9,1,10,2,14,,44,,1,21,121.5577393,25.0450079
113,12,2,9,38,2,10文山區,文山區辛亥路7段與寶橋口,0,0,1,1,B03,8,6,5,50,14,9,1,5,4,5,13,4,4,1,4,5,2,10,2,61,3,10,7,1,7,9,1,8,2,1,,118,,1,21,121.5536816,24.9810321
113,12,2,9,38,2,10文山區,文山區辛亥路7段與寶橋口,0,0,1,2,C03,8,6,5,50,14,9,1,5,4,5,13,4,4,1,4,5,2,10,2,26,2,9,5,1,7,9,1,10,2,11,,44,,1,21,121.5536816,24.9810321
113,12,2,9,51,2,08士林區,士林區通河東街2段與大南路口,0,0,2,1,F01,8,6,5,30,5,2,1,5,4,5,13,1,1,10,4,5,1,17,2,49,2,9,2,1,7,5,8,20,1,14,,8,,1,21,121.5154739,25.08938456
113,12,2,9,51,2,08士林區,士林區通河東街2段與大南路口,0,0,2,2,C03,8,6,5,30,5,2,1,5,4,5,13,1,1,10,4,5,1,17,1,22,2,9,6,1,7,9,1,10,1,11,,13,,1,21,121.5154739,25.08938456
113,12,2,10,2,2,08士林區,士林區中正路426號,0,0,2,1,C03,8,6,6,0,22,20,4,5,4,5,13,4,4,10,5,5,2,9,2,71,2,9,3,4,7,9,1,10,1,11,,99,,1,21,121.5191905,25.0930756
113,12,2,10,2,2,08士林區,士林區中正路426號,0,0,2,2,H01,8,6,6,0,22,20,4,5,4,5,13,4,4,10,5,5,2,9,1,72,2,9,4,5,8,16,8,20,10,16,,67,,1,21,121.5191905,25.0930756
113,12,2,10,6,2,04大安區,大安區安東街45號,0,0,1,1,B03,8,6,5,30,14,9,1,5,4,5,13,4,4,10,5,5,1,1,2,53,3,10,7,1,7,9,1,8,1,5,,118,,1,22,121.5423129,25.0435547
113,12,2,10,6,2,04大安區,大安區安東街45號,0,0,1,2,H01,8,6,5,30,14,9,1,5,4,5,13,4,4,10,5,5,1,1,1,22,2,8,4,5,8,16,8,20,10,16,,67,,1,22,121.5423129,25.0435547
113,12,2,10,10,2,04大安區,大安區復興南路1段與信義路3段147巷45弄口,0,0,1,1,B01,8,6,5,30,3,1,1,5,4,5,13,4,4,10,5,5,2,15,1,43,3,10,7,1,7,9,1,1,1,1,,80,,1,21,121.543519,25.0371351
113,12,2,10,10,2,04大安區,大安區復興南路1段與信義路3段147巷45弄口,0,0,1,2,F01,8,6,5,30,3,1,1,5,4,5,13,4,4,10,5,5,2,15,1,77,2,9,2,1,7,11,8,20,1,14,,11,,1,21,121.543519,25.0371351
113,12,2,10,27,2,12內湖區,內湖區環山路2段與內湖路1段411巷口口,0,0,1,1,B03,8,5,5,50,3,1,1,5,4,5,13,1,1,5,4,5,2,16,1,70,3,10,7,1,7,5,1,8,2,7,,8,,1,21,121.5728118,25.0857141
113,12,2,10,27,2,12內湖區,內湖區環山路2段與內湖路1段411巷口口,0,0,1,2,C03,8,5,5,50,3,1,1,5,4,5,13,1,1,5,4,5,2,16,2,29,2,9,6,1,7,12,1,10,2,11,,44,,1,21,121.5728118,25.0857141
113,12,2,10,45,2,12內湖區,內湖區內湖路3段與內湖路3段59巷口,0,0,1,1,B03,8,6,5,50,5,1,1,5,4,5,13,2,1,5,5,5,2,16,1,64,3,10,7,1,7,6,1,8,1,2,,9,,1,21,121.5920742,25.08611079
113,12,2,10,45,2,12內湖區,內湖區內湖路3段與內湖路3段59巷口,0,0,1,2,F01,8,6,5,50,5,1,1,5,4,5,13,2,1,5,5,5,2,16,2,29,2,8,2,1,7,9,8,20,1,14,,44,,1,21,121.5920742,25.08611079
113,12,2,11,15,2,10文山區,文山區興隆路2段153巷與興隆路2段153巷5弄口,0,0,1,1,B03,8,6,5,30,4,1,1,5,4,5,13,4,4,9,5,5,2,1,2,56,3,10,7,1,7,2,1,8,2,7,,12,,1,21,121.5480345,25.0011374
113,12,2,11,15,2,10文山區,文山區興隆路2段153巷與興隆路2段153巷5弄口,0,0,1,2,H01,8,6,5,30,4,1,1,5,4,5,13,4,4,9,5,5,2,1,2,84,2,9,4,5,8,16,8,20,10,16,,67,,1,21,121.5480345,25.0011374
113,12,2,11,24,2,08士林區,士林區文昌路155巷與美崙街152巷口,0,0,1,1,C03,8,5,5,30,3,1,1,5,4,5,13,4,4,10,5,5,1,17,1,69,2,9,6,1,7,5,1,10,2,12,,72,,1,21,121.5191541,25.0973148
113,12,2,11,24,2,08士林區,士林區文昌路155巷與美崙街152巷口,0,0,1,2,B03,8,5,5,30,3,1,1,5,4,5,13,4,4,10,5,5,1,17,1,69,3,10,7,1,7,9,1,8,2,8,,14,,1,21,121.5191541,25.0973148
113,12,2,11,27,2,04大安區,大安區忠孝東路4段147巷8號,0,0,1,1,C03,8,7,5,30,14,9,1,5,4,5,13,4,4,10,5,5,1,3,2,53,3,10,5,1,7,9,1,10,1,11,,108,,1,21,121.5496528,25.0423754
113,12,2,11,27,2,04大安區,大安區忠孝東路4段147巷8號,0,0,1,2,H01,8,7,5,30,14,9,1,5,4,5,13,4,4,10,5,5,1,3,2,56,2,9,4,5,8,16,8,20,10,16,,121,,1,21,121.5496528,25.0423754
113,12,2,11,35,2,07信義區,信義區忠孝東路4段與忠孝東路口側附近4段553巷口,0,0,1,1,C03,8,7,5,50,3,1,1,5,4,5,13,2,1,3,4,5,2,16,1,46,2,8,6,4,7,6,1,10,1,13,,9,,1,22,121.562936,25.0413184
113,12,2,11,35,2,07信義區,信義區忠孝東路4段與忠孝東路口側附近4段553巷口,0,0,1,2,B01,8,7,5,50,3,1,1,5,4,5,13,2,1,3,4,5,2,16,1,69,3,10,3,4,7,9,1,4,1,8,,44,,1,22,121.562936,25.0413184
113,12,2,12,5,2,01大同區,大同區錦西街與錦西街38巷口,0,0,1,1,B03,8,6,5,50,3,2,1,5,4,5,13,4,4,9,4,5,2,17,1,32,3,10,7,1,7,5,1,8,1,5,,44,,1,21,121.5203587,25.0603591
113,12,2,12,5,2,01大同區,大同區錦西街與錦西街38巷口,0,0,1,2,C03,8,6,5,50,3,2,1,5,4,5,13,4,4,9,4,5,2,17,1,43,2,8,5,1,7,5,1,10,1,14,,8,,1,21,121.5203587,25.0603591
113,12,2,12,11,2,08士林區,士林區承德路5段與士商路口,0,0,1,1,B03,8,5,5,40,5,1,1,5,4,5,13,1,1,9,4,4,1,17,2,54,3,10,7,1,7,6,1,8,2,6,,9,,1,21,121.5142373,25.0960314
113,12,2,12,11,2,08士林區,士林區承德路5段與士商路口,0,0,1,2,C03,8,5,5,40,5,1,1,5,4,5,13,1,1,9,4,4,1,17,1,50,2,9,6,1,7,9,6,10,9,14,,107,,1,21,121.5142373,25.0960314
113,12,2,12,13,2,03中山區,中山區八德路2段199巷與建國北路1段33巷口,0,0,1,1,B03,8,5,5,30,4,1,1,5,4,5,13,4,4,10,5,5,2,16,2,62,3,10,3,4,7,5,1,8,1,5,,72,,1,21,121.5390613,25.0478198
113,12,2,12,13,2,03中山區,中山區八德路2段199巷與建國北路1段33巷口,0,0,1,2,C03,8,5,5,30,4,1,1,5,4,5,13,4,4,10,5,5,2,16,1,26,2,7,3,4,7,9,1,10,1,14,,13,,1,21,121.5390613,25.0478198
113,12,2,12,30,2,02萬華區,萬華區中華路1段與中華路1段192巷口,0,0,1,1,C03,8,6,5,30,3,2,1,5,4,5,13,4,4,10,5,5,2,17,1,61,3,10,6,1,7,9,1,10,1,11,,108,,1,21,121.5067261,25.039033
113,12,2,12,30,2,02萬華區,萬華區中華路1段與中華路1段192巷口,0,0,1,2,F01,8,6,5,30,3,2,1,5,4,5,13,4,4,10,5,5,2,17,2,65,2,9,2,4,7,11,8,20,1,13,,11,,1,21,121.5067261,25.039033
113,12,2,13,1,2,02萬華區,萬華區西藏路與艋舺大道口,0,0,2,1,C03,8,6,5,50,4,2,1,5,4,5,13,2,1,1,4,3,2,12,1,64,2,9,6,1,7,9,1,10,1,12,,101,,1,22,121.4915608,25.0288741
113,12,2,13,1,2,02萬華區,萬華區西藏路與艋舺大道口,0,0,2,2,B03,8,6,5,50,4,2,1,5,4,5,13,2,1,1,4,3,2,12,2,56,3,10,3,4,7,9,1,8,1,4,,44,,1,22,121.4915608,25.0288741
113,12,2,13,1,2,02萬華區,萬華區西藏路與艋舺大道口,0,0,2,3,H02,8,6,5,50,4,2,1,5,4,5,13,2,1,1,4,3,2,12,2,65,2,9,6,5,7,20,8,20,10,16,,67,,1,22,121.4915608,25.0288741
113,12,2,13,1,2,05中正區,中正區重慶南路1段130號,0,0,2,1,C03,7,5,5,50,14,9,1,5,4,5,13,4,4,9,4,5,2,16,1,53,2,8,5,1,7,5,1,10,1,12,,8,,1,21,121.5125757,25.0367098
113,12,2,13,1,2,05中正區,中正區重慶南路1段130號,0,0,2,2,C03,7,5,5,50,14,9,1,5,4,5,13,4,4,9,4,5,2,16,1,24,2,9,5,1,7,9,1,10,1,11,,44,,1,21,121.5125757,25.0367098
113,12,2,13,12,2,09北投區,北投區立農街1段與吉利街123巷8弄口,0,0,2,1,C03,8,6,5,30,4,1,1,5,4,5,13,4,4,10,5,5,2,15,2,20,2,9,5,1,7,9,1,10,1,11,,118,,1,21,121.5067316,25.1194973
113,12,2,13,12,2,09北投區,北投區立農街1段與吉利街123巷8弄口,0,0,2,2,C03,8,6,5,30,4,1,1,5,4,5,13,4,4,10,5,5,2,15,1,42,2,9,5,1,7,9,1,10,1,14,,118,,1,21,121.5067316,25.1194973
113,12,2,13,12,2,10文山區,文山區興隆路3段與興隆路3段206巷口,0,0,2,1,C03,8,6,5,50,5,1,1,5,4,5,13,2,1,1,4,5,2,16,2,68,2,9,5,1,7,11,1,10,2,13,,10,,1,21,121.5594712,24.9975608
113,12,2,13,12,2,10文山區,文山區興隆路3段與興隆路3段206巷口,0,0,2,2,C03,8,6,5,50,5,1,1,5,4,5,13,2,1,1,4,5,2,16,1,41,2,9,6,1,7,9,1,10,2,11,,13,,1,21,121.5594712,24.9975608
113,12,2,13,16,2,05中正區,中正區中華路1段與武昌街1段口,0,0,1,1,F01,8,6,5,50,4,1,1,5,4,5,13,1,1,1,4,1,1,16,1,40,2,7,2,4,7,6,8,20,2,14,,85,,1,22,121.5090322,25.0443504
113,12,2,13,16,2,05中正區,中正區中華路1段與武昌街1段口,0,0,1,2,A02,8,6,5,50,4,1,1,5,4,5,13,1,1,1,4,1,1,16,1,57,3,10,7,1,7,9,1,2,1,1,,44,,1,21,121.5090322,25.0443504
113,12,2,13,36,2,12內湖區,內湖區康寧路1段224號前,0,0,2,1,C03,8,5,5,30,11,9,1,5,4,5,13,4,4,9,5,5,2,16,1,48,2,9,6,1,7,1,1,10,2,14,,19,,1,21,121.5960042,25.0783451
113,12,2,13,36,2,12內湖區,內湖區康寧路1段224號前,0,0,2,2,C03,8,5,5,30,11,9,1,5,4,5,13,4,4,9,5,5,2,16,1,27,2,9,6,1,7,9,1,10,2,11,,13,,1,21,121.5960042,25.0783451
113,12,2,14,20,2,03中山區,中山區中山北路3段與民族東路口海霸王無名巷,0,0,2,1,C03,8,6,5,30,3,1,1,5,4,5,13,4,4,10,5,5,2,17,1,60,2,9,6,1,7,9,1,10,1,11,,108,,1,21,121.5231625,25.06886328
113,12,2,14,20,2,03中山區,中山區中山北路3段與民族東路口海霸王無名巷,0,0,2,2,F01,8,6,5,30,3,1,1,5,4,5,13,4,4,10,5,5,2,17,1,54,2,9,2,1,7,11,8,20,1,14,,11,,1,21,121.5231625,25.06886328
113,12,2,14,30,2,03中山區,中山區長春路與建國北路2段口,0,0,1,1,B03,8,6,5,50,4,1,1,5,4,5,13,2,1,5,4,5,2,17,1,43,3,10,7,1,7,5,1,8,1,5,,71,,1,22,121.5371456,25.0548423
113,12,2,14,30,2,03中山區,中山區長春路與建國北路2段口,0,0,1,2,C03,8,6,5,50,4,1,1,5,4,5,13,2,1,5,4,5,2,17,2,22,2,9,6,1,7,9,1,10,1,14,,44,,1,22,121.5371456,25.0548423
113,12,2,14,39,2,06松山區,松山區敦化北路與長春路口,0,0,2,1,C03,8,6,5,50,4,2,1,5,4,5,13,1,1,1,4,5,1,13,1,46,2,9,5,1,7,9,1,10,1,11,,16,,1,21,121.5487495,25.0546879
113,12,2,14,39,2,06松山區,松山區敦化北路與長春路口,0,0,2,2,C03,8,6,5,50,4,2,1,5,4,5,13,1,1,1,4,5,1,13,1,76,3,10,5,1,7,12,1,10,1,13,,44,,1,21,121.5487495,25.0546879
113,12,2,14,39,2,06松山區,松山區敦化北路與長春路口,0,0,2,3,H02,8,6,5,50,4,2,1,5,4,5,13,1,1,1,4,5,1,13,2,72,2,8,5,5,7,20,8,20,10,16,,67,,1,21,121.5487495,25.0546879
113,12,2,14,47,2,06松山區,松山區民權東路4段與光復北路口,0,0,1,1,C03,8,6,5,50,4,1,1,5,4,5,13,2,1,5,4,4,2,16,2,33,2,9,6,4,7,7,1,10,1,14,,101,,1,21,121.5544459,25.0618353
113,12,2,14,47,2,06松山區,松山區民權東路4段與光復北路口,0,0,1,2,C03,8,6,5,50,4,1,1,5,4,5,13,2,1,5,4,4,2,16,1,22,3,10,6,4,7,9,1,10,1,12,,44,,1,21,121.5544459,25.0618353
113,12,2,15,8,2,03中山區,中山區濱江街與濱江街180巷口,0,0,1,1,B12,7,5,5,50,3,1,1,5,4,5,13,1,1,1,4,5,2,16,1,54,3,10,3,4,7,11,6,18,2,8,,10,,1,21,121.538863,25.07259929
113,12,2,15,8,2,03中山區,中山區濱江街與濱江街180巷口,0,0,1,2,C03,7,5,5,50,3,1,1,5,4,5,13,1,1,1,4,5,2,16,1,20,2,9,3,4,7,9,1,10,2,11,,44,,1,21,121.538863,25.07259929
113,12,2,15,10,2,09北投區,北投區大度路2段第二迴轉道往淡水,0,0,2,1,C03,8,6,5,50,14,12,1,5,4,5,13,1,1,1,2,1,2,13,2,60,2,9,5,1,7,9,3,18,2,13,,13,,1,21,121.4863918,25.1221079
113,12,2,15,10,2,09北投區,北投區大度路2段第二迴轉道往淡水,0,0,2,2,C03,8,6,5,50,14,12,1,5,4,5,13,1,1,1,2,1,2,13,2,51,2,9,5,1,7,9,3,18,2,12,,16,,1,21,121.4863918,25.1221079
113,12,2,15,25,2,03中山區,中山區新生北路2段72巷與民生東路口側附近1段70巷口,0,0,1,1,B12,8,7,5,30,4,1,1,5,4,5,13,4,4,10,5,5,2,17,1,39,3,10,3,4,7,9,1,8,1,4,,72,,1,21,121.5264181,25.0570327
113,12,2,15,25,2,03中山區,中山區新生北路2段72巷與民生東路口側附近1段70巷口,0,0,1,2,F01,8,7,5,30,4,1,1,5,4,5,13,4,4,10,5,5,2,17,1,57,2,9,3,4,7,9,8,20,1,11,,108,,1,22,121.5264181,25.0570327
113,12,2,15,29,2,07信義區,信義區忠孝東路5段516號,0,0,1,1,C03,8,5,5,50,14,9,1,5,4,5,13,4,4,1,4,5,2,13,2,36,2,9,6,1,7,9,1,10,1,11,,108,,1,22,121.5788519,25.04119157
113,12,2,15,29,2,07信義區,信義區忠孝東路5段516號,0,0,1,2,B03,8,5,5,50,14,9,1,5,4,5,13,4,4,1,4,5,2,13,2,52,3,10,7,1,7,9,1,8,1,3,,44,,1,22,121.5788519,25.04119157
113,12,2,15,32,2,11南港區,南港區忠孝東路6段360號,0,0,1,1,C03,7,7,5,40,14,8,1,5,4,5,13,2,1,1,4,4,2,13,1,51,3,10,6,1,7,9,1,10,1,11,,16,,1,21,121.5915499,25.0499492
113,12,2,15,32,2,11南港區,南港區忠孝東路6段360號,0,0,1,2,C03,7,7,5,40,14,8,1,5,4,5,13,2,1,1,4,4,2,13,2,19,2,7,6,1,7,9,1,10,1,13,,44,,1,21,121.5915499,25.0499492
113,12,2,15,35,2,03中山區,中山區北安路與大直街口,0,0,1,1,C03,8,7,5,50,4,1,1,5,4,5,13,2,1,9,4,4,2,15,1,26,2,7,6,1,7,9,1,10,2,11,,81,,1,22,121.5473183,25.0798688
113,12,2,15,35,2,03中山區,中山區北安路與大直街口,0,0,1,2,B01,8,7,5,50,4,1,1,5,4,5,13,2,1,9,4,4,2,15,1,69,3,10,7,1,7,9,1,4,2,4,,44,,1,22,121.5473183,25.0798688
113,12,2,15,38,2,07信義區,信義區基隆路2段91號,0,0,1,1,C03,7,6,5,50,14,9,1,5,4,5,13,4,4,8,4,5,2,17,1,23,2,9,3,4,7,9,1,10,1,14,,16,,1,21,121.5577463,25.0298229
113,12,2,15,38,2,07信義區,信義區基隆路2段91號,0,0,1,2,A02,7,6,5,50,14,9,1,5,4,5,13,4,4,8,4,5,2,17,1,44,3,10,3,4,7,9,1,2,1,6,,44,,1,21,121.5577463,25.0298229
113,12,2,16,1,2,11南港區,南港區南港路2段246號與南港路2段口,0,0,1,1,C02,8,7,5,50,4,1,1,5,4,5,13,2,1,4,3,4,1,17,1,40,2,7,6,1,7,11,1,9,1,17,,10,,1,21,121.5974023,25.0542167
113,12,2,16,1,2,11南港區,南港區南港路2段246號與南港路2段口,0,0,1,2,C03,8,7,5,50,4,1,1,5,4,5,13,2,1,4,3,4,1,17,1,24,3,10,6,1,7,9,1,10,1,17,,44,,1,21,121.5974023,25.0542167
113,12,2,16,37,2,08士林區,士林區中山北路6段157巷8弄16號,0,0,1,1,C03,8,6,5,30,14,9,1,5,4,5,13,4,4,10,5,5,2,12,1,56,2,8,6,1,7,1,1,10,1,14,,19,,1,26,121.5243684,25.10757
113,12,2,16,37,2,08士林區,士林區中山北路6段157巷8弄16號,0,0,1,2,B01,8,6,5,30,14,9,1,5,4,5,13,4,4,10,5,5,2,12,2,51,3,10,7,1,7,9,1,4,1,5,,44,,1,26,121.5243684,25.10757
113,12,2,16,41,2,07信義區,信義區永吉路與松隆路口,0,0,1,1,B03,8,6,5,50,5,1,1,5,4,5,13,1,1,3,3,5,2,12,1,47,3,10,7,1,7,8,1,8,2,17,,44,,1,22,121.5705843,25.0455587
113,12,2,16,41,2,07信義區,信義區永吉路與松隆路口,0,0,1,2,C03,8,6,5,50,5,1,1,5,4,5,13,1,1,3,3,5,2,12,1,37,3,10,6,1,7,9,1,10,2,12,,16,,1,22,121.5705843,25.0455587
113,12,2,16,41,2,07信義區,信義區永吉路與松隆路口,0,0,1,3,F01,8,6,5,50,5,1,1,5,4,5,13,1,1,3,3,5,2,12,1,17,2,9,4,1,7,9,8,20,2,14,,44,,1,22,121.5705843,25.0455587