發生年度,發生月,發生日,發生時-Hours,發生分,處理別-編號,區序,肇事地點,死亡人數,2-30日死亡人數,受傷人數,當事人序號,車種,天候,道路照明設備,道路類別,速限-速度限制,道路型態,事故位置,路面狀況1,路面狀況2,路面狀況3,道路障礙1,道路障礙2,號誌1,號誌2,車道劃分-分向,車道劃分-分道1,車道劃分-分道2,車道劃分-分道3,事故類型及型態,性別,年齡,受傷程度,主要傷處,保護裝置,行動電話,車輛用途,當事者行動狀態,駕駛資格情形,駕駛執照種類,飲酒情形,車輛撞擊部位1,車輛撞擊部位2,肇因碼-個別,肇因碼-主要,個人肇逃否,職業,座標-X,座標-Y
113,12,2,16,43,2,02萬華區,萬華區忠孝西路2段與西寧南路口,0,0,1,1,C03,8,5,5,50,4,1,1,5,4,5,13,1,1,9,5,5,2,17,2,46,2,9,5,1,7,6,1,10,1,12,,9,,1,21,121.5074909,25.0485047
113,12,2,16,43,2,02萬華區,萬華區忠孝西路2段與西寧南路口,0,0,1,2,B03,8,5,5,50,4,1,1,5,4,5,13,1,1,9,5,5,2,17,2,68,3,10,7,1,7,9,1,8,1,8,,44,,1,21,121.5074909,25.0485047
113,12,2,17,31,2,05中正區,中正區重慶南路1段與武昌街1段口,0,0,1,1,C03,7,5,5,50,4,2,1,5,4,5,13,1,1,9,4,5,2,13,1,58,3,10,5,1,7,7,1,10,2,13,,100,,1,21,121.5087178,25.05145549
113,12,2,17,31,2,05中正區,中正區重慶南路1段與武昌街1段口,0,0,1,2,C03,7,5,5,50,4,2,1,5,4,5,13,1,1,9,4,5,2,13,1,28,3,10,5,1,7,9,1,10,2,13,,44,,1,21,121.5087178,25.05145549
113,12,2,17,31,2,05中正區,中正區重慶南路1段與武昌街1段口,0,0,1,3,C03,7,5,5,50,4,2,1,5,4,5,13,1,1,9,4,5,2,13,1,34,2,9,5,1,7,9,1,10,2,11,,16,,1,21,121.5087178,25.05145549
113,12,2,18,10,2,04大安區,大安區信義路3段與復興南路1段口,0,0,2,1,B03,8,5,5,50,4,1,1,5,4,5,13,2,1,1,4,5,1,16,2,46,2,2,3,4,7,5,1,8,2,4,,8,,1,21,121.5436804,25.0334738
113,12,2,18,10,2,04大安區,大安區信義路3段與復興南路1段口,0,0,2,2,B01,8,5,5,50,4,1,1,5,4,5,13,2,1,1,4,5,1,16,2,52,2,3,3,4,7,9,1,4,2,5,,44,,1,21,121.5436804,25.0334738
113,12,2,18,18,2,05中正區,中正區館前路與開封街1段口,0,0,2,1,C03,7,5,5,50,3,2,1,5,4,5,13,4,4,10,5,5,2,9,1,35,2,9,5,1,7,9,1,10,2,12,,70,,1,21,121.514993,25.0460491
113,12,2,18,18,2,05中正區,中正區館前路與開封街1段口,0,0,2,2,H01,7,5,5,50,3,2,1,5,4,5,13,4,4,10,5,5,2,9,2,64,2,8,4,5,8,16,8,20,10,16,,67,,1,21,121.514993,25.0460491
113,12,2,18,35,2,07信義區,信義區松仁路與忠孝東路5段236巷2弄口口,0,0,1,1,B01,7,5,8,50,3,1,1,5,4,5,13,4,4,1,4,5,2,17,1,48,3,10,7,1,7,5,1,4,1,2,,74,,1,21,121.5685374,25.0404858
113,12,2,18,35,2,07信義區,信義區松仁路與忠孝東路5段236巷2弄口口,0,0,1,2,C03,7,5,8,50,3,1,1,5,4,5,13,4,4,1,4,5,2,17,2,33,2,9,6,1,7,9,3,18,1,11,,14,,1,22,121.5685374,25.0404858
113,12,2,18,38,2,04大安區,大安區和平東路3段與安和路2段口,0,0,2,1,C03,8,5,5,50,5,2,1,5,4,5,13,2,1,1,4,5,2,17,1,73,2,9,3,4,7,5,1,10,1,14,,8,,1,21,121.5503647,25.024468
113,12,2,18,38,2,04大安區,大安區和平東路3段與安和路2段口,0,0,2,2,B03,8,5,5,50,5,2,1,5,4,5,13,2,1,1,4,5,2,17,2,32,3,10,3,4,7,9,1,8,1,5,,81,,1,21,121.5503647,25.024468
113,12,2,18,38,2,04大安區,大安區和平東路3段與安和路2段口,0,0,2,3,H02,8,5,5,50,5,2,1,5,4,5,13,2,1,1,4,5,2,17,2,69,2,9,3,5,7,21,8,20,10,16,,67,,1,21,121.5503647,25.024468
113,12,2,19,6,2,02萬華區,萬華區和平西路3段與和平西路3段382巷口,0,0,2,1,C03,7,5,5,50,4,1,1,5,4,5,13,1,1,10,5,5,2,13,1,30,2,9,5,4,7,9,1,10,1,12,,108,,1,22,121.4915027,25.03534383
113,12,2,19,6,2,02萬華區,萬華區和平西路3段與和平西路3段382巷口,0,0,2,2,C03,7,5,5,50,4,1,1,5,4,5,13,1,1,10,5,5,2,13,2,26,2,9,5,4,7,14,1,10,2,14,,44,,1,22,121.4915027,25.03534383
113,12,2,19,43,2,02萬華區,萬華區東園街與西園路2段口,0,0,1,1,B03,7,5,5,50,3,2,1,5,4,5,13,2,1,5,2,5,2,13,1,37,3,10,7,1,7,15,1,8,2,1,,107,,1,21,121.4955307,25.0279226
113,12,2,19,43,2,02萬華區,萬華區東園街與西園路2段口,0,0,1,2,C03,7,5,5,50,3,2,1,5,4,5,13,2,1,5,2,5,2,13,1,37,2,8,6,1,7,9,1,10,2,13,,4,,1,21,121.4955307,25.0279226
113,12,2,19,45,2,01大同區,大同區鄭州路與西寧北路口,0,0,1,1,C03,8,5,5,40,5,1,1,5,4,5,13,4,4,1,5,5,2,16,2,42,2,9,6,1,7,5,1,10,1,14,,8,,1,21,121.5081648,25.050588
113,12,2,19,45,2,01大同區,大同區鄭州路與西寧北路口,0,0,1,2,B03,8,5,5,40,5,1,1,5,4,5,13,4,4,1,5,5,2,16,2,24,3,10,7,1,7,9,1,8,1,5,,99,,1,21,121.5081648,25.050588
113,12,2,19,58,2,08士林區,士林區至誠路1段295號,0,0,1,1,H01,7,5,5,30,14,9,1,5,4,5,13,4,4,9,4,5,1,3,2,74,3,10,4,5,8,16,8,20,10,16,,121,,1,21,121.5314396,25.1018862
113,12,2,19,58,2,08士林區,士林區至誠路1段295號,0,0,1,2,C03,7,5,5,30,14,9,1,5,4,5,13,4,4,9,4,5,1,3,2,24,2,9,3,4,7,9,1,10,1,14,,44,,1,21,121.5314396,25.1018862
113,12,2,20,6,2,03中山區,中山區民生東路2段153號,0,0,1,1,C03,8,5,5,50,14,9,1,5,1,5,13,4,4,1,5,5,2,13,2,18,2,9,5,1,7,9,1,10,1,11,,16,,1,22,121.5362085,25.0579818
113,12,2,20,6,2,03中山區,中山區民生東路2段153號,0,0,1,2,A04,8,5,5,50,14,9,1,5,1,5,13,4,4,1,5,5,2,13,1,25,3,10,7,1,7,9,1,6,1,3,,44,,1,22,121.5362085,25.0579818
113,12,2,20,13,2,03中山區,中山區建國北路3段55號,0,0,2,1,F03,8,5,5,0,14,20,4,5,4,5,13,4,4,10,5,5,2,9,1,38,2,8,2,1,7,9,8,20,1,11,,99,,1,21,121.5356945,25.0665847
113,12,2,20,13,2,03中山區,中山區建國北路3段55號,0,0,2,2,H01,8,5,5,0,14,20,4,5,4,5,13,4,4,10,5,5,2,9,2,12,2,8,4,5,8,16,8,20,10,16,,67,,1,21,121.5356945,25.0665847
113,12,2,20,28,2,03中山區,中山區堤頂大道2段與樂群二路口,0,0,1,1,B03,8,5,5,50,4,2,1,5,4,5,13,1,1,5,4,5,2,17,1,57,3,10,7,1,7,5,1,8,1,2,,8,,1,22,121.5627994,25.0801203
113,12,2,20,28,2,03中山區,中山區堤頂大道2段與樂群二路口,0,0,1,2,C03,8,5,5,50,4,2,1,5,4,5,13,1,1,5,4,5,2,17,2,21,2,9,5,1,7,6,1,10,1,11,,9,,1,22,121.5627994,25.0801203
113,12,2,20,34,2,06松山區,松山區東興路與東興路2巷口,0,0,2,1,H01,8,5,5,50,3,1,1,5,4,5,13,4,4,5,4,5,2,3,2,30,2,9,4,5,8,16,8,20,1,16,,53,,1,22,121.5654602,25.0507232
113,12,2,20,34,2,06松山區,松山區東興路與東興路2巷口,0,0,2,2,C03,8,5,5,50,3,1,1,5,4,5,13,4,4,5,4,5,2,3,1,22,2,9,6,1,7,9,1,9,1,15,,42,,1,22,121.5654602,25.0507232
113,12,2,20,35,2,03中山區,中山區吉林路與錦州街口,0,0,1,1,C03,8,7,5,50,14,9,1,5,4,5,13,1,1,8,5,5,2,12,2,54,2,9,5,1,7,7,1,10,1,14,,100,,1,21,121.5302332,25.060379
113,12,2,20,35,2,03中山區,中山區吉林路與錦州街口,0,0,1,2,B03,8,7,5,50,14,9,1,5,4,5,13,1,1,8,5,5,2,12,1,32,3,10,7,1,7,9,1,8,1,2,,44,,1,21,121.5302332,25.060379
113,12,2,20,45,2,12內湖區,內湖區民權東路6段120巷與民權東路6段90巷25弄口,0,0,1,1,B03,8,5,5,30,4,1,1,5,4,5,13,4,4,10,5,5,2,17,1,60,3,10,7,1,7,5,1,4,1,8,,74,,1,21,121.5871798,25.0676265
113,12,2,20,45,2,12內湖區,內湖區民權東路6段120巷與民權東路6段90巷25弄口,0,0,1,2,C03,8,5,5,30,4,1,1,5,4,5,13,4,4,10,5,5,2,17,2,47,2,8,5,1,7,15,1,10,1,11,,5,,1,21,121.5871798,25.0676265
113,12,2,20,45,2,12內湖區,內湖區民權東路6段120巷與民權東路6段90巷25弄口,0,0,1,3,B03,8,5,5,30,4,1,1,5,4,5,13,4,4,10,5,5,2,17,1,34,3,10,7,1,7,14,1,8,1,4,,44,,1,21,121.5871798,25.0676265
113,12,2,21,30,2,03中山區,中山區民族西路往西、特斯拉停車場前,0,0,1,1,C03,8,5,5,50,14,9,1,5,4,5,13,4,4,5,4,5,2,13,1,33,2,9,5,4,7,9,1,10,1,11,,16,,1,21,121.5216383,25.06852139
113,12,2,21,30,2,03中山區,中山區民族西路往西、特斯拉停車場前,0,0,1,2,B03,8,5,5,50,14,9,1,5,4,5,13,4,4,5,4,5,2,13,1,54,3,10,3,4,7,9,1,5,1,3,,44,,1,21,121.5216383,25.06852139
113,12,2,21,44,2,01大同區,大同區塔城街與忠孝西路2段口,0,0,1,1,B01,8,5,5,50,5,1,1,5,4,5,13,4,4,5,5,5,2,12,1,61,3,10,7,1,7,9,1,2,2,4,,108,,1,21,121.5098549,25.0482132
113,12,2,21,44,2,01大同區,大同區塔城街與忠孝西路2段口,0,0,1,2,C03,8,5,5,50,5,1,1,5,4,5,13,4,4,5,5,5,2,12,1,67,2,9,6,1,7,8,1,10,2,12,,100,,1,21,121.5098549,25.0482132
113,12,2,21,45,2,04大安區,大安區基隆路2段與通化街171巷口,0,0,1,1,B02,7,5,5,50,4,1,1,5,4,5,13,2,1,1,1,5,2,13,1,52,3,10,7,1,7,9,1,4,8,8,,108,,1,21,121.5560774,25.0275274
113,12,2,21,45,2,04大安區,大安區基隆路2段與通化街171巷口,0,0,1,2,B03,7,5,5,50,4,1,1,5,4,5,13,2,1,1,1,5,2,13,2,45,2,9,7,1,7,14,1,8,2,6,,44,,1,21,121.5560774,25.0275274
113,12,2,21,59,2,09北投區,北投區大度路3段與關渡路口,0,0,3,1,C03,8,5,5,50,3,2,1,5,4,5,13,1,1,9,4,5,1,17,1,34,2,7,5,1,7,9,1,10,1,11,,81,,1,21,121.469473,25.1228645
113,12,2,21,59,2,09北投區,北投區大度路3段與關渡路口,0,0,3,2,C03,8,5,5,50,3,2,1,5,4,5,13,1,1,9,4,5,1,17,1,20,2,7,5,1,7,6,1,10,1,12,,44,,1,21,121.469473,25.1228645
113,12,2,21,59,2,09北投區,北投區大度路3段與關渡路口,0,0,3,3,H02,8,5,5,50,3,2,1,5,4,5,13,1,1,9,4,5,1,17,2,27,2,8,3,5,7,20,8,20,10,17,,67,,1,21,121.469473,25.1228645
113,12,2,22,0,2,03中山區,中山區北安路與北安路841巷口,0,0,1,1,C03,8,5,5,50,14,9,1,5,4,5,13,4,4,1,4,5,2,13,1,28,2,8,5,1,7,9,1,10,1,11,,108,,1,21,121.5580342,25.0847491
113,12,2,22,0,2,03中山區,中山區北安路與北安路841巷口,0,0,1,2,B03,8,5,5,50,14,9,1,5,4,5,13,4,4,1,4,5,2,13,1,25,3,10,7,1,7,14,1,8,1,3,,38,,1,21,121.5580342,25.0847491
113,12,2,22,25,2,03中山區,中山區民權西路與天祥路口,0,0,1,1,B01,8,5,5,50,4,1,1,5,4,5,13,1,1,5,5,5,2,1,1,69,3,10,7,1,7,5,1,4,1,8,,70,,1,22,121.5209202,25.0627328
113,12,2,22,25,2,03中山區,中山區民權西路與天祥路口,0,0,1,2,H01,8,5,5,50,4,1,1,5,4,5,13,1,1,5,5,5,2,1,2,34,2,9,4,5,8,16,8,20,10,16,,67,,1,22,121.5209202,25.0627328
113,12,2,22,30,2,02萬華區,萬華區華江橋往新北市機慢車道匝道(上坡前),0,0,1,1,C03,7,5,7,40,14,11,1,5,4,5,13,4,4,10,5,5,2,17,2,19,2,8,5,1,7,12,1,10,1,11,,108,,1,21,121.5073646,25.03525488
113,12,2,22,30,2,02萬華區,萬華區華江橋往新北市機慢車道匝道(上坡前),0,0,1,2,C03,7,5,7,40,14,11,1,5,4,5,13,4,4,10,5,5,2,17,1,33,3,10,5,1,7,14,1,10,1,14,,44,,1,21,121.5073646,25.03525488
113,12,2,22,30,2,02萬華區,萬華區華江橋往新北市機慢車道匝道(上坡前),0,0,1,3,C03,7,5,7,40,14,11,1,5,4,5,13,4,4,10,5,5,2,17,1,18,3,10,5,1,7,14,1,10,1,13,,44,,1,21,121.5073646,25.03525488
113,12,2,22,30,2,02萬華區,萬華區華江橋往新北市機慢車道匝道(上坡前),0,0,1,4,,7,5,7,40,14,11,1,5,4,5,13,4,4,10,5,5,2,17,3,0,,,,,,,,,,,,67,,1,,121.5073646,25.03525488
113,12,2,23,10,2,07信義區,信義區松仁路與松仁路240巷口,0,0,3,1,C03,8,5,5,30,4,1,1,5,4,5,13,3,1,9,5,5,2,15,1,26,2,9,5,1,7,9,3,18,2,14,,72,,1,22,121.5693922,25.0247883
113,12,2,23,10,2,07信義區,信義區松仁路與松仁路240巷口,0,0,3,2,C03,8,5,5,30,4,1,1,5,4,5,13,3,1,9,5,5,2,15,1,37,2,8,6,1,7,9,6,10,2,11,,14,,1,22,121.5693922,25.0247883
113,12,2,23,10,2,07信義區,信義區松仁路與松仁路240巷口,0,0,3,3,H02,8,5,5,30,4,1,1,5,4,5,13,3,1,9,5,5,2,15,2,25,2,9,5,5,7,17,8,20,10,16,,67,,1,22,121.5693922,25.0247883
113,12,2,23,39,2,04大安區,大安區和平東路3段與基隆路2段口,0,0,1,1,B03,8,5,5,50,4,1,1,5,4,5,13,2,1,1,4,5,2,16,2,54,3,10,7,1,7,6,1,8,1,6,,9,,1,21,121.5524799,25.0244197
113,12,2,23,39,2,04大安區,大安區和平東路3段與基隆路2段口,0,0,1,2,C03,8,5,5,50,4,1,1,5,4,5,13,2,1,1,4,5,2,16,1,49,2,9,6,1,7,9,1,10,1,11,,13,,1,21,121.5524799,25.0244197
113,12,3,0,27,2,12內湖區,內湖區康寧路3段與康寧路3段165巷口,0,0,3,1,C03,8,5,5,50,4,2,1,5,4,5,13,2,1,1,4,5,2,17,2,53,2,9,6,1,7,5,1,10,2,11,,74,,1,21,121.6111299,25.0705825
113,12,3,0,27,2,12內湖區,內湖區康寧路3段與康寧路3段165巷口,0,0,3,2,C03,8,5,5,50,4,2,1,5,4,5,13,2,1,1,4,5,2,17,2,19,2,9,6,1,7,9,1,10,2,15,,13,,1,21,121.6111299,25.0705825
113,12,3,0,27,2,12內湖區,內湖區康寧路3段與康寧路3段165巷口,0,0,3,3,C03,8,5,5,50,4,2,1,5,4,5,13,2,1,1,4,5,2,17,1,19,2,9,6,1,7,9,1,10,2,11,,13,,1,21,121.6111299,25.0705825
113,12,3,0,33,2,02萬華區,萬華區萬大路與萬大路486巷口,0,0,1,1,B12,8,5,5,30,3,1,1,5,4,5,13,4,4,10,5,5,2,17,1,75,3,10,7,1,7,6,1,8,1,4,,72,,1,21,121.4973686,25.0194833
113,12,3,0,33,2,02萬華區,萬華區萬大路與萬大路486巷口,0,0,1,2,C03,8,5,5,30,3,1,1,5,4,5,13,4,4,10,5,5,2,17,1,32,2,9,5,1,7,9,1,10,1,11,,14,,1,21,121.4973686,25.0194833
113,12,3,6,10,2,05中正區,中正區羅斯福路1段與南昌路1段59巷口,0,0,1,1,B03,8,7,5,30,3,2,1,5,4,3,10,4,4,3,4,4,2,17,1,72,4,11,3,4,7,21,7,19,11,15,,72,,2,22,121.5186026,25.031826
113,12,3,6,10,2,05中正區,中正區羅斯福路1段與南昌路1段59巷口,0,0,1,2,C03,8,7,5,30,3,2,1,5,4,3,10,4,4,3,4,4,2,17,1,32,2,8,5,1,7,9,1,10,1,14,,13,,1,21,121.5186026,25.031826
113,12,3,6,10,2,05中正區,中正區羅斯福路1段與南昌路1段59巷口,0,0,1,3,A12,8,7,5,30,3,2,1,5,4,3,10,4,4,3,4,4,2,17,1,66,3,10,7,1,7,13,1,3,1,17,,38,,1,21,121.5186026,25.031826
113,12,3,6,10,2,05中正區,中正區羅斯福路1段與南昌路1段59巷口,0,0,1,4,F01,8,7,5,30,3,2,1,5,4,3,10,4,4,3,4,4,2,17,1,112,3,10,4,1,7,13,8,20,11,14,,38,,1,21,121.5186026,25.031826
113,12,3,7,6,2,02萬華區,萬華區寶興街65巷與西園路2段225巷口,0,0,2,1,C03,8,7,5,30,4,1,1,5,4,5,13,4,4,10,5,5,1,15,1,30,2,9,3,4,7,9,1,10,1,11,,75,,1,22,121.4948829,25.0271285
113,12,3,7,6,2,02萬華區,萬華區寶興街65巷與西園路2段225巷口,0,0,2,2,C03,8,7,5,30,4,1,1,5,4,5,13,4,4,10,5,5,1,15,1,54,2,9,3,4,7,9,1,10,1,14,,108,,1,22,121.4948829,25.0271285
113,12,3,7,23,2,04大安區,大安區建國南路2段276號與和平東路2段76巷2弄口,0,0,1,1,C03,7,6,5,50,4,2,1,5,4,5,13,1,1,9,4,4,1,13,2,69,2,7,3,4,7,15,1,10,1,11,,16,,1,22,121.5379226,25.0248638
113,12,3,7,23,2,04大安區,大安區建國南路2段276號與和平東路2段76巷2弄口,0,0,1,2,B03,7,6,5,50,4,2,1,5,4,5,13,1,1,9,4,4,1,13,2,50,3,10,3,4,7,14,1,8,1,7,,44,,1,22,121.5379226,25.0248638
113,12,3,7,26,2,05中正區,中正區市民大道3段8號,0,0,1,1,C03,8,7,5,40,14,7,1,5,4,5,13,4,4,4,3,1,2,12,1,64,2,5,5,1,7,9,1,10,2,11,,16,,1,26,121.5310911,25.0458413
113,12,3,7,26,2,05中正區,中正區市民大道3段8號,0,0,1,2,C03,8,7,5,40,14,7,1,5,4,5,13,4,4,4,3,1,2,12,1,34,3,10,5,1,7,9,1,10,2,11,,16,,1,26,121.5310911,25.0458413
113,12,3,7,26,2,05中正區,中正區市民大道3段8號,0,0,1,3,C03,8,7,5,40,14,7,1,5,4,5,13,4,4,4,3,1,2,12,1,32,3,10,5,1,7,9,1,10,2,17,,44,,1,26,121.5310911,25.0458413
113,12,3,7,26,2,05中正區,中正區市民大道3段8號,0,0,1,4,C03,8,7,5,40,14,7,1,5,4,5,13,4,4,4,3,1,2,12,1,25,3,10,5,1,7,12,1,10,2,13,,44,,1,26,121.5310911,25.0458413
113,12,3,7,26,2,05中正區,中正區市民大道3段8號,0,0,1,5,C03,8,7,5,40,14,7,1,5,4,5,13,4,4,4,3,1,2,12,1,43,3,10,5,1,7,12,1,10,2,17,,30,,1,26,121.5310911,25.0458413
113,12,3,7,29,2,04大安區,大安區基隆路2段與敦化南路2段口,0,0,2,1,C03,8,6,5,50,14,9,1,5,4,5,13,2,1,1,4,5,1,11,1,30,2,8,3,4,7,7,1,10,1,14,,100,,1,21,121.54889,25.0209683
113,12,3,7,29,2,04大安區,大安區基隆路2段與敦化南路2段口,0,0,2,2,C03,8,6,5,50,14,9,1,5,4,5,13,2,1,1,4,5,1,11,1,29,2,9,3,4,7,9,1,10,1,12,,44,,1,21,121.54889,25.0209683
113,12,3,7,45,2,03中山區,中山區明水路與北安路458巷口,0,0,1,1,B03,8,7,5,50,4,2,1,5,4,5,13,1,1,1,4,5,2,17,1,64,3,10,7,1,7,11,1,8,1,3,,10,,1,21,121.5438862,25.07792934
113,12,3,7,45,2,03中山區,中山區明水路與北安路458巷口,0,0,1,2,C03,8,7,5,50,4,2,1,5,4,5,13,1,1,1,4,5,2,17,1,18,2,8,6,1,7,9,1,10,1,11,,13,,1,21,121.5438862,25.07792934
113,12,3,7,48,2,02萬華區,萬華區環河南路1段與內江街口,0,0,2,1,C03,8,7,5,50,3,2,1,5,4,5,13,1,1,2,2,5,2,17,1,60,3,10,5,1,7,11,1,10,1,12,,16,,1,21,121.5001843,25.04200954
113,12,3,7,48,2,02萬華區,萬華區環河南路1段與內江街口,0,0,2,2,C03,8,7,5,50,3,2,1,5,4,5,13,1,1,2,2,5,2,17,1,35,2,8,5,1,7,11,1,10,1,14,,16,,1,21,121.5001843,25.04200954
113,12,3,7,48,2,02萬華區,萬華區環河南路1段與內江街口,0,0,2,3,H02,8,7,5,50,3,2,1,5,4,5,13,1,1,2,2,5,2,17,2,34,2,8,5,5,7,20,8,20,10,16,,67,,1,21,121.5001843,25.04200954
113,12,3,7,55,2,05中正區,中正區重慶南路3段91號,0,0,1,1,B12,8,6,5,50,14,9,1,5,4,5,13,4,4,3,4,5,2,17,1,54,3,10,7,1,7,6,1,8,1,7,,9,,1,21,121.5166832,25.02517004
113,12,3,7,55,2,05中正區,中正區重慶南路3段91號,0,0,1,2,C03,8,6,5,50,14,9,1,5,4,5,13,4,4,3,4,5,2,17,1,45,2,9,5,1,7,9,1,10,1,11,,108,,1,21,121.5166832,25.02517004
113,12,3,8,4,2,09北投區,北投區明德路與西安街1段口,0,0,1,1,B03,8,6,5,50,14,9,1,5,4,5,13,1,1,9,4,5,2,16,2,30,3,10,7,1,7,6,1,8,1,1,,42,,1,21,121.5190874,25.1089745
113,12,3,8,4,2,09北投區,北投區明德路與西安街1段口,0,0,1,2,F01,8,6,5,50,14,9,1,5,4,5,13,1,1,9,4,5,2,16,1,64,2,7,4,1,7,9,8,20,1,12,,42,,1,21,121.5190874,25.1089745
113,12,3,8,32,2,12內湖區,內湖區民權東路6段19巷與瑞光路76巷口,0,0,2,1,B03,8,6,5,50,4,1,1,5,4,5,13,2,1,8,3,5,1,15,2,40,3,10,7,1,7,9,1,8,2,2,,81,,1,21,121.5790575,25.068958
113,12,3,8,32,2,12內湖區,內湖區民權東路6段19巷與瑞光路76巷口,0,0,2,2,C03,8,6,5,50,4,1,1,5,4,5,13,2,1,8,3,5,1,15,1,24,2,9,6,1,7,9,1,10,2,11,,44,,1,21,121.5790575,25.068958
113,12,3,8,32,2,12內湖區,內湖區民權東路6段19巷與瑞光路76巷口,0,0,2,3,C03,8,6,5,50,4,1,1,5,4,5,13,2,1,8,3,5,1,15,2,65,2,9,6,1,7,9,1,10,2,11,,44,,1,21,121.5790575,25.068958
113,12,3,8,40,2,02萬華區,萬華區內江街與康定路口,0,0,1,1,C03,8,7,5,50,4,1,1,5,4,5,13,2,1,8,3,5,1,16,2,30,2,9,3,4,7,5,1,10,1,14,,83,,1,22,121.5022191,25.041695
113,12,3,8,40,2,02萬華區,萬華區內江街與康定路口,0,0,1,2,C03,8,7,5,50,4,1,1,5,4,5,13,2,1,8,3,5,1,16,1,28,3,10,3,4,7,9,1,10,1,12,,81,,1,22,121.5022191,25.041695
113,12,3,8,46,2,09北投區,北投區西安街1段與文林北路80巷口,0,0,1,1,B01,8,7,6,30,3,1,1,5,4,5,13,4,4,1,4,5,2,16,1,53,3,10,3,4,7,6,1,4,2,7,,72,,1,26,121.5203873,25.1070818
113,12,3,8,46,2,09北投區,北投區西安街1段與文林北路80巷口,0,0,1,2,C03,8,7,6,30,3,1,1,5,4,5,13,4,4,1,4,5,2,16,1,48,2,9,3,4,7,9,1,10,2,11,,44,,1,26,121.5203873,25.1070818
113,12,3,8,50,2,01大同區,大同區承德路1段與長安西路口,0,0,3,1,C03,8,7,5,50,4,1,1,5,4,5,13,1,1,1,4,5,2,13,1,27,2,9,6,1,7,9,1,10,1,11,,108,,1,21,121.5170249,25.0507181
113,12,3,8,50,2,01大同區,大同區承德路1段與長安西路口,0,0,3,2,C03,8,7,5,50,4,1,1,5,4,5,13,1,1,1,4,5,2,13,1,52,2,9,6,1,7,9,1,10,1,13,,44,,1,21,121.5170249,25.0507181
113,12,3,8,50,2,01大同區,大同區承德路1段與長安西路口,0,0,3,3,H02,8,7,5,50,4,1,1,5,4,5,13,1,1,1,4,5,2,13,2,39,2,9,6,5,7,21,8,20,10,17,,67,,1,21,121.5170249,25.0507181
113,12,3,8,51,2,08士林區,士林區至善路2段與臨溪路口,0,0,1,1,B12,8,6,5,50,4,1,1,5,4,5,13,1,1,1,4,5,1,13,1,26,3,10,7,1,7,9,1,8,1,1,,108,,1,21,121.5423658,25.0970943
113,12,3,8,51,2,08士林區,士林區至善路2段與臨溪路口,0,0,1,2,C03,8,6,5,50,4,1,1,5,4,5,13,1,1,1,4,5,1,13,2,23,2,9,6,1,7,14,1,10,1,13,,44,,1,21,121.5423658,25.0970943
113,12,3,8,56,2,10文山區,文山區萬美街2段與萬美街2段21巷口,0,0,1,1,C03,7,5,5,40,3,2,1,5,4,5,13,3,1,10,5,5,1,17,2,44,2,9,6,1,7,6,1,10,1,14,,118,,1,21,121.5619008,25.001911
113,12,3,8,56,2,10文山區,文山區萬美街2段與萬美街2段21巷口,0,0,1,2,A02,7,5,5,40,3,2,1,5,4,5,13,3,1,10,5,5,1,17,1,57,3,10,7,1,7,9,1,2,1,2,,118,,1,21,121.5619008,25.001911
113,12,3,8,56,2,07信義區,信義區和平東路3段637號,0,0,1,1,C04,8,6,5,40,14,9,1,5,4,5,13,2,1,9,4,5,1,17,1,43,2,8,3,4,7,9,1,10,1,12,,44,,1,21,121.563328,25.0129094
113,12,3,8,56,2,07信義區,信義區和平東路3段637號,0,0,1,2,B03,8,6,5,40,14,9,1,5,4,5,13,2,1,9,4,5,1,17,2,63,3,10,3,4,7,11,1,8,1,17,,10,,1,21,121.563328,25.0129094
113,12,3,8,57,2,03中山區,中山區建國北路3段54號,0,0,1,1,C03,8,6,5,50,14,9,1,5,4,5,13,4,4,10,4,5,2,13,1,46,2,8,5,1,7,9,1,10,1,11,14,108,,1,21,121.5363181,25.06527042
113,12,3,8,57,2,03中山區,中山區建國北路3段54號,0,0,1,2,B03,8,6,5,50,14,9,1,5,4,5,13,4,4,10,4,5,2,13,1,41,3,10,7,1,7,14,1,8,1,6,,44,,1,21,121.5363181,25.06527042
113,12,3,8,57,2,03中山區,中山區建國北路3段54號,0,0,1,3,B12,8,6,5,50,14,9,1,5,4,5,13,4,4,10,4,5,2,13,1,41,3,10,7,1,7,14,1,8,1,2,,44,,1,21,121.5363181,25.06527042
113,12,3,9,15,2,05中正區,中正區重慶南路3段15巷與牯嶺街口口,0,0,1,1,C03,8,6,5,30,3,1,1,5,4,5,13,4,4,5,5,5,2,17,2,29,2,7,6,1,7,5,1,10,1,14,,72,,1,21,121.5168729,25.0294201
113,12,3,9,15,2,05中正區,中正區重慶南路3段15巷與牯嶺街口口,0,0,1,2,B03,8,6,5,30,3,1,1,5,4,5,13,4,4,5,5,5,2,17,1,40,3,10,3,4,7,9,1,8,1,1,,108,,1,21,121.5168729,25.0294201
113,12,3,9,16,2,02萬華區,萬華區西藏路與寶興街口,0,0,2,1,F01,8,7,5,50,5,1,1,5,4,5,13,2,1,3,2,5,2,17,2,66,2,9,4,1,7,9,8,20,1,11,,81,,1,21,121.4947035,25.02767186
113,12,3,9,16,2,02萬華區,萬華區西藏路與寶興街口,0,0,2,2,C03,8,7,5,50,5,1,1,5,4,5,13,2,1,3,2,5,2,17,1,33,2,8,6,1,7,9,1,10,1,11,,44,,1,21,121.4947035,25.02767186