發生年度,發生月,發生日,發生時-Hours,發生分,處理別-編號,區序,肇事地點,死亡人數,2-30日死亡人數,受傷人數,當事人序號,車種,天候,道路照明設備,道路類別,速限-速度限制,道路型態,事故位置,路面狀況1,路面狀況2,路面狀況3,道路障礙1,道路障礙2,號誌1,號誌2,車道劃分-分向,車道劃分-分道1,車道劃分-分道2,車道劃分-分道3,事故類型及型態,性別,年齡,受傷程度,主要傷處,保護裝置,行動電話,車輛用途,當事者行動狀態,駕駛資格情形,駕駛執照種類,飲酒情形,車輛撞擊部位1,車輛撞擊部位2,肇因碼-個別,肇因碼-主要,個人肇逃否,職業,座標-X,座標-Y
113,12,3,9,20,2,05中正區,中正區和平西路1段與牯嶺街口,0,0,1,1,C03,7,7,5,50,4,1,1,5,4,5,13,1,1,1,4,5,2,17,1,22,2,9,5,1,7,9,1,10,1,11,,108,,1,22,121.5191976,25.0265396
113,12,3,9,20,2,05中正區,中正區和平西路1段與牯嶺街口,0,0,1,2,C03,7,7,5,50,4,1,1,5,4,5,13,1,1,1,4,5,2,17,1,26,3,10,5,1,7,14,1,10,1,13,,44,,1,22,121.5191976,25.0265396
113,12,3,9,30,2,04大安區,大安區新生南路2段86號,0,0,1,1,A04,8,6,5,50,14,10,1,5,4,5,13,4,4,1,2,5,1,9,1,62,3,10,3,4,7,1,1,2,1,17,,118,,1,21,121.5347696,25.0263969
113,12,3,9,30,2,04大安區,大安區新生南路2段86號,0,0,1,2,H02,8,6,5,50,14,10,1,5,4,5,13,4,4,1,2,5,1,9,1,90,2,9,2,5,7,19,8,20,10,16,,67,,1,21,121.5347696,25.0263969
113,12,3,9,40,2,01大同區,大同區西寧北路70號與南京西路239巷口,0,0,1,1,B03,8,7,5,50,3,2,1,5,4,5,13,4,4,5,5,5,2,16,1,56,3,10,7,1,7,11,1,4,1,8,,10,,1,21,121.5087631,25.0538451
113,12,3,9,40,2,01大同區,大同區西寧北路70號與南京西路239巷口,0,0,1,2,C03,8,7,5,50,3,2,1,5,4,5,13,4,4,5,5,5,2,16,2,18,2,9,6,1,7,9,1,10,1,12,,44,,1,21,121.5087631,25.0538451
113,12,3,9,40,2,08士林區,士林區福林路247號,0,0,1,1,C03,8,5,8,50,22,22,1,5,4,5,13,2,1,4,4,5,1,17,2,20,3,10,5,1,7,9,1,8,1,14,,80,,1,21,121.5344874,25.09797789
113,12,3,9,40,2,08士林區,士林區福林路247號,0,0,1,2,C03,8,5,8,50,22,22,1,5,4,5,13,2,1,4,4,5,1,17,1,19,2,9,5,1,7,6,1,10,1,12,,44,,1,21,121.5344874,25.09797789
113,12,3,10,2,2,11南港區,南港區重陽路199巷41號,0,0,2,1,F01,8,7,5,50,14,9,1,5,4,5,13,4,4,5,4,5,2,12,2,74,2,9,3,4,7,8,8,20,1,12,,80,,1,21,121.6000361,25.0583321
113,12,3,10,2,2,11南港區,南港區重陽路199巷41號,0,0,2,2,C03,8,7,5,50,14,9,1,5,4,5,13,4,4,5,4,5,2,12,1,23,2,9,3,4,7,9,1,10,1,11,,17,,1,21,121.6000361,25.0583321
113,12,3,10,2,2,11南港區,南港區重陽路199巷41號,0,0,2,3,B03,8,7,5,50,14,9,1,5,4,5,13,4,4,5,4,5,2,12,1,23,3,10,3,1,7,13,1,8,9,7,,44,,1,21,121.6000361,25.0583321
113,12,3,10,58,2,07信義區,信義區仁愛路4段507號,0,0,1,1,C03,8,6,5,50,14,9,1,5,4,5,13,4,4,9,4,5,1,16,2,44,3,10,3,4,7,11,1,10,1,11,,103,,1,22,121.5615323,25.0382616
113,12,3,10,58,2,07信義區,信義區仁愛路4段507號,0,0,1,2,C03,8,6,5,50,14,9,1,5,4,5,13,4,4,9,4,5,1,16,2,41,2,9,3,4,7,9,1,10,1,12,,44,,1,22,121.5615323,25.0382616
113,12,3,11,8,2,01大同區,大同區通河西街1段堤外便道,0,0,1,1,B03,8,5,5,50,14,9,1,5,4,5,13,4,4,9,4,5,1,13,1,72,3,10,3,4,7,9,1,8,1,4,,44,,1,21,121.5162215,25.0791444
113,12,3,11,8,2,01大同區,大同區通河西街1段堤外便道,0,0,1,2,C03,8,5,5,50,14,9,1,5,4,5,13,4,4,9,4,5,1,13,2,19,2,9,3,4,7,4,1,10,1,11,,1,,1,21,121.5162215,25.0791444
113,12,3,11,16,2,01大同區,大同區重慶北路3段120巷與昌吉街95巷口,0,0,1,1,B03,8,5,5,30,3,2,1,5,4,5,13,4,4,5,5,5,2,17,1,42,3,10,3,4,7,5,1,8,2,4,,72,,1,21,121.5131525,25.0672221
113,12,3,11,16,2,01大同區,大同區重慶北路3段120巷與昌吉街95巷口,0,0,1,2,C03,8,5,5,30,3,2,1,5,4,5,13,4,4,5,5,5,2,17,1,45,2,9,3,4,7,9,1,10,2,14,,13,,1,21,121.5131525,25.0672221
113,12,3,11,35,2,05中正區,中正區市民大道2段與金山北路口,0,0,1,1,C03,7,5,5,40,4,1,1,5,4,5,13,2,1,1,4,5,2,13,2,24,2,9,5,1,7,9,1,10,1,11,,16,,1,25,121.5307441,25.0459361
113,12,3,11,35,2,05中正區,中正區市民大道2段與金山北路口,0,0,1,2,B03,7,5,5,40,4,1,1,5,4,5,13,2,1,1,4,5,2,13,1,41,3,10,7,1,7,9,1,8,1,6,,44,,1,21,121.5307441,25.0459361
113,12,3,12,6,2,01大同區,大同區承德路3段208巷91號與酒泉街口,0,0,1,1,B01,8,5,5,30,3,2,1,5,4,5,13,4,4,10,5,5,2,9,1,39,3,10,3,4,7,5,1,4,2,1,,108,,1,21,121.5174456,25.0712469
113,12,3,12,6,2,01大同區,大同區承德路3段208巷91號與酒泉街口,0,0,1,2,H04,8,5,5,30,3,2,1,5,4,5,13,4,4,10,5,5,2,9,1,56,2,9,4,5,8,20,8,20,10,16,,60,,1,21,121.5174456,25.0712469
113,12,3,12,8,2,05中正區,中正區重慶南路3段134號,0,0,1,1,F01,7,7,5,50,14,9,1,5,4,5,13,1,1,1,4,5,2,17,1,80,2,9,4,1,7,9,8,20,1,14,,85,,1,22,121.5167399,25.024292
113,12,3,12,8,2,05中正區,中正區重慶南路3段134號,0,0,1,2,B03,7,7,5,50,14,9,1,5,4,5,13,1,1,1,4,5,2,17,2,39,3,10,7,1,7,9,1,8,1,8,,108,,1,22,121.5167399,25.024292
113,12,3,12,25,2,10文山區,文山區木柵路3段102巷與木柵路3段66巷口,0,0,1,1,C03,8,6,5,30,4,1,1,5,4,5,13,4,4,5,5,5,2,16,1,71,2,7,6,1,7,9,1,10,1,11,,80,,1,21,121.5678756,24.9868572
113,12,3,12,25,2,10文山區,文山區木柵路3段102巷與木柵路3段66巷口,0,0,1,2,B03,8,6,5,30,4,1,1,5,4,5,13,4,4,5,5,5,2,16,1,75,3,10,7,1,7,5,1,8,1,8,,8,,1,21,121.5678756,24.9868572
113,12,3,12,27,2,12內湖區,內湖區康寧路3段72號附近側附近,0,0,1,1,C03,7,6,5,40,14,8,1,5,4,5,13,4,4,9,4,4,2,13,2,19,2,9,6,1,7,8,1,10,2,11,,100,,1,21,121.6118979,25.0696162
113,12,3,12,27,2,12內湖區,內湖區康寧路3段72號附近側附近,0,0,1,2,B03,7,6,5,40,14,8,1,5,4,5,13,4,4,9,4,4,2,13,2,31,3,10,3,4,7,14,1,8,2,7,,42,,1,21,121.6118979,25.0696162
113,12,3,12,30,2,10文山區,文山區木新路3段與木新路3段155巷口,0,0,1,1,C03,7,5,5,50,3,2,1,5,4,5,13,2,1,5,5,4,2,13,1,73,3,10,6,1,7,9,1,10,1,11,,16,,1,21,121.5611736,24.9818451
113,12,3,12,30,2,10文山區,文山區木新路3段與木新路3段155巷口,0,0,1,2,C03,7,5,5,50,3,2,1,5,4,5,13,2,1,5,5,4,2,13,1,43,3,10,6,1,7,14,1,10,1,13,,44,,1,21,121.5611736,24.9818451
113,12,3,12,30,2,10文山區,文山區木新路3段與木新路3段155巷口,0,0,1,3,C03,7,5,5,50,3,2,1,5,4,5,13,2,1,5,5,4,2,13,2,29,3,10,6,1,7,10,1,10,11,17,,100,,1,21,121.5611736,24.9818451
113,12,3,12,30,2,10文山區,文山區木新路3段與木新路3段155巷口,0,0,1,4,H02,7,5,5,50,3,2,1,5,4,5,13,2,1,5,5,4,2,13,2,18,2,8,6,5,7,17,8,20,10,16,,67,,1,16,121.5611736,24.9818451
113,12,3,13,23,2,03中山區,中山區復興北路與民權東路3段口,0,0,1,1,B03,8,6,6,50,4,1,1,5,4,5,13,1,1,1,4,5,2,17,2,49,3,10,7,1,7,12,1,8,1,17,,44,,1,21,121.5441535,25.06250485
113,12,3,13,23,2,03中山區,中山區復興北路與民權東路3段口,0,0,1,2,A02,8,6,6,50,4,1,1,5,4,5,13,1,1,1,4,5,2,17,1,55,3,10,7,1,7,12,1,2,1,17,,44,,1,21,121.5441535,25.06250485
113,12,3,13,23,2,03中山區,中山區復興北路與民權東路3段口,0,0,1,3,H02,8,6,6,50,4,1,1,5,4,5,13,1,1,1,4,5,2,17,2,71,2,1,4,5,7,20,8,20,10,16,,67,,1,21,121.5441535,25.06250485
113,12,3,13,40,2,05中正區,中正區南海路與重慶南路2段口口,0,0,1,2,B01,8,6,5,50,4,1,1,5,4,5,13,1,1,1,4,5,2,13,1,48,3,10,3,1,7,9,1,4,1,6,,42,,1,21,121.5146179,25.0319266
113,12,3,13,40,2,05中正區,中正區南海路與重慶南路2段口口,0,0,1,1,C03,8,6,5,50,4,1,1,5,4,5,13,1,1,1,4,5,2,13,2,32,2,8,6,1,7,9,6,18,1,11,,16,,1,21,121.5146179,25.0319266
113,12,3,14,56,2,06松山區,松山區八德路4段245巷37號,0,0,2,1,C03,8,5,5,30,14,9,1,5,4,5,13,4,4,9,5,5,2,3,1,40,2,8,6,4,7,9,1,10,1,11,,70,,2,22,121.5642271,25.05075341
113,12,3,14,56,2,06松山區,松山區八德路4段245巷37號,0,0,2,2,H01,8,5,5,30,14,9,1,5,4,5,13,4,4,9,5,5,2,3,1,64,2,9,4,5,8,16,8,20,1,16,,67,,1,22,121.5642271,25.05075341
113,12,3,15,30,2,08士林區,士林區菁山路101巷85號旁下山路段,0,0,2,1,C03,6,7,5,30,11,9,1,4,4,5,13,4,4,9,4,5,1,18,1,18,2,9,5,1,7,5,1,10,9,14,,44,,1,21,121.5614679,25.15649018
113,12,3,15,30,2,08士林區,士林區菁山路101巷85號旁下山路段,0,0,2,2,,6,7,5,30,11,9,1,4,4,5,13,4,4,9,4,5,1,18,3,0,,,,,,,,,,,,67,,1,,121.5614679,25.15649018
113,12,3,15,30,2,08士林區,士林區菁山路101巷85號旁下山路段,0,0,2,3,H02,6,7,5,30,11,9,1,4,4,5,13,4,4,9,4,5,1,18,1,19,2,9,5,5,7,20,8,20,10,17,,67,,1,21,121.5614679,25.15649018
113,12,3,15,39,2,04大安區,大安區忠孝東路4段與敦化南路1段口,0,0,1,1,C03,7,6,5,50,4,2,1,5,4,5,13,1,1,10,4,5,2,17,1,63,2,9,5,1,7,9,1,10,1,14,12,108,,1,21,121.548861,25.0416189
113,12,3,15,39,2,04大安區,大安區忠孝東路4段與敦化南路1段口,0,0,1,2,B03,7,6,5,50,4,2,1,5,4,5,13,1,1,10,4,5,2,17,1,39,3,10,7,1,7,9,1,8,1,5,,44,,1,21,121.548861,25.0416189
113,12,3,15,39,2,04大安區,大安區忠孝東路4段與敦化南路1段口,0,0,1,3,B01,7,6,5,50,4,2,1,5,4,5,13,1,1,10,4,5,2,17,2,57,3,10,7,1,7,14,1,8,1,8,,44,,1,21,121.548861,25.0416189
113,12,3,15,57,2,10文山區,文山區興隆路3段84號,0,0,1,1,C03,8,6,5,50,14,9,1,5,4,5,13,4,4,1,4,5,2,12,1,58,2,9,5,1,7,7,1,10,1,14,,100,,1,21,121.5565366,25.00000833
113,12,3,15,57,2,10文山區,文山區興隆路3段84號,0,0,1,2,B02,8,6,5,50,14,9,1,5,4,5,13,4,4,1,4,5,2,12,1,44,3,10,7,1,7,9,1,8,1,5,,44,,1,21,121.5565366,25.00000833
113,12,3,16,4,2,12內湖區,內湖區康樂街與康樂街136巷口,0,0,1,1,B03,7,5,5,50,4,2,1,5,4,5,13,1,1,5,5,5,2,17,1,36,3,10,7,1,7,5,1,8,11,17,,74,,1,21,121.6129001,25.06758221
113,12,3,16,4,2,12內湖區,內湖區康樂街與康樂街136巷口,0,0,1,2,C03,7,5,5,50,4,2,1,5,4,5,13,1,1,5,5,5,2,17,1,36,2,9,5,1,7,9,1,10,1,14,,42,,1,21,121.6129001,25.06758221
113,12,3,16,10,2,08士林區,士林區文昌路95-1號,0,0,1,1,B03,8,6,5,50,14,9,1,5,4,5,13,4,4,1,4,4,2,17,1,62,3,10,3,4,7,13,1,4,1,4,,40,,1,21,121.5210007,25.096431
113,12,3,16,10,2,08士林區,士林區文昌路95-1號,0,0,1,2,C03,8,6,5,50,14,9,1,5,4,5,13,4,4,1,4,4,2,17,1,24,2,8,3,4,7,9,1,10,1,12,,44,,1,21,121.5210007,25.096431
113,12,3,16,15,2,12內湖區,內湖區康寧路3段75巷與康寧路3段75巷207弄口,0,0,1,1,C03,7,6,5,30,3,2,1,5,4,5,13,4,4,9,4,5,2,16,1,55,2,9,6,1,7,5,1,10,2,12,,72,,1,21,121.6142344,25.077016
113,12,3,16,15,2,12內湖區,內湖區康寧路3段75巷與康寧路3段75巷207弄口,0,0,1,2,B03,7,6,5,30,3,2,1,5,4,5,13,4,4,9,4,5,2,16,1,69,3,10,7,1,7,9,1,8,2,8,,44,,1,21,121.6142344,25.077016
113,12,3,16,30,2,04大安區,大安區忠孝東路4段216巷與忠孝東路4段216巷11弄口,0,0,1,1,C03,8,6,5,30,4,1,1,5,4,5,13,4,4,9,4,5,1,16,1,64,2,7,5,4,7,6,1,10,1,11,,72,,1,21,121.5530001,25.0408272
113,12,3,16,30,2,04大安區,大安區忠孝東路4段216巷與忠孝東路4段216巷11弄口,0,0,1,2,B01,8,6,5,30,4,1,1,5,4,5,13,4,4,9,4,5,1,16,1,61,3,10,3,4,7,9,1,4,1,2,,44,,1,21,121.5530001,25.0408272
113,12,3,16,40,2,09北投區,北投區知行路316巷與知行路316巷20弄口,0,0,3,1,C03,8,5,5,30,4,1,1,5,4,3,10,4,4,10,5,5,2,16,1,72,2,9,5,1,7,5,1,10,2,12,,72,,1,21,121.468296,25.1224502
113,12,3,16,40,2,09北投區,北投區知行路316巷與知行路316巷20弄口,0,0,3,2,C03,8,5,5,30,4,1,1,5,4,3,10,4,4,10,5,5,2,16,2,18,2,1,5,1,7,9,1,10,2,11,,44,,1,21,121.468296,25.1224502
113,12,3,16,40,2,09北投區,北投區知行路316巷與知行路316巷20弄口,0,0,3,3,H02,8,5,5,30,4,1,1,5,4,3,10,4,4,10,5,5,2,16,2,18,2,9,5,5,7,20,8,20,10,16,,67,,1,21,121.468296,25.1224502
113,12,3,16,40,2,09北投區,北投區知行路316巷與知行路316巷20弄口,0,0,3,4,B03,8,5,5,30,4,1,1,5,4,3,10,4,4,10,5,5,2,16,1,36,3,10,3,4,7,13,1,8,9,17,,38,,1,22,121.468296,25.1224502
113,12,3,16,56,2,02萬華區,萬華區興義街與西園路2段372巷口,0,0,2,1,C03,7,7,6,30,4,3,1,5,4,5,13,4,4,10,5,5,2,16,1,69,2,9,5,1,7,5,1,10,1,11,,71,,1,21,121.4909635,25.0258257
113,12,3,16,56,2,02萬華區,萬華區興義街與西園路2段372巷口,0,0,2,2,C03,7,7,6,30,4,3,1,5,4,5,13,4,4,10,5,5,2,16,1,26,2,9,5,1,7,9,1,10,1,14,,14,,1,21,121.4909635,25.0258257
113,12,3,17,17,2,07信義區,信義區永吉路335號,0,0,2,1,C03,7,5,5,40,14,9,1,5,4,5,13,4,4,9,3,4,2,17,1,74,2,9,3,4,7,15,1,10,1,14,,17,,1,21,121.5760887,25.0455408
113,12,3,17,17,2,07信義區,信義區永吉路335號,0,0,2,2,B03,7,5,5,40,14,9,1,5,4,5,13,4,4,9,3,4,2,17,2,25,2,2,3,4,7,9,1,8,1,2,,44,,1,21,121.5760887,25.0455408
113,12,3,17,18,2,05中正區,中正區延平南路與長沙街1段口,0,0,2,1,H01,8,5,5,50,4,1,1,5,4,5,13,2,1,10,2,5,2,3,2,56,2,7,4,5,8,16,8,20,10,16,,122,,1,22,121.5090936,25.0404324
113,12,3,17,18,2,05中正區,中正區延平南路與長沙街1段口,0,0,2,2,C03,8,5,5,50,4,1,1,5,4,5,13,2,1,10,2,5,2,3,1,50,2,9,5,1,7,9,1,10,2,14,,70,,1,22,121.5090936,25.0404324
113,12,3,17,23,2,03中山區,中山區明水路與明水路397巷口,0,0,1,1,B03,8,5,5,50,3,1,1,5,4,5,13,1,1,1,4,5,2,15,2,30,3,10,7,1,7,15,1,8,2,2,,74,,1,21,121.5475948,25.07763395
113,12,3,17,23,2,03中山區,中山區明水路與明水路397巷口,0,0,1,2,C02,8,5,5,50,3,1,1,5,4,5,13,1,1,1,4,5,2,15,1,36,2,9,5,1,7,9,1,9,2,11,,44,,1,21,121.5475948,25.07763395
113,12,3,17,45,2,03中山區,中山區長安東路1段與天津街口,0,0,1,3,B03,7,5,5,50,14,9,1,5,4,5,13,1,1,5,4,5,2,12,1,64,3,10,3,4,7,3,1,8,1,3,,44,,1,21,121.5231545,25.0494557
113,12,3,17,45,2,03中山區,中山區長安東路1段與天津街口,0,0,1,2,C03,7,5,5,50,14,9,1,5,4,5,13,1,1,5,4,5,2,12,1,19,2,9,3,4,7,9,1,10,1,15,,44,,1,21,121.5231545,25.0494557
113,12,3,17,45,2,03中山區,中山區長安東路1段與天津街口,0,0,1,1,C03,7,5,5,50,14,9,1,5,4,5,13,1,1,5,4,5,2,12,1,22,4,11,3,1,7,15,1,10,11,15,,118,,2,21,121.5231545,25.0494557
113,12,3,17,47,2,08士林區,士林區士商路與士商路40巷口,0,0,2,1,F01,7,5,5,50,3,1,1,5,4,5,13,4,4,9,4,5,1,17,1,62,2,8,4,1,7,7,8,20,2,14,,101,,1,21,121.5205508,25.0901779
113,12,3,17,47,2,08士林區,士林區士商路與士商路40巷口,0,0,2,2,C03,7,5,5,50,3,1,1,5,4,5,13,4,4,9,4,5,1,17,2,20,2,9,5,1,7,9,1,10,2,12,,14,,1,21,121.5205508,25.0901779
113,12,3,18,12,2,03中山區,中山區八德路2段與渭水路口,0,0,1,1,B01,8,5,5,50,3,1,1,5,4,5,13,1,1,5,4,5,2,17,1,53,3,10,7,1,7,14,1,4,1,2,,38,,1,22,121.5353084,25.0454903
113,12,3,18,12,2,03中山區,中山區八德路2段與渭水路口,0,0,1,2,C03,8,5,5,50,3,1,1,5,4,5,13,1,1,5,4,5,2,17,1,34,2,9,5,1,7,9,1,10,1,14,,44,,1,22,121.5353084,25.0454903
113,12,3,18,12,2,03中山區,中山區八德路2段與渭水路口,0,0,1,3,H02,8,5,5,50,3,1,1,5,4,5,13,1,1,5,4,5,2,17,2,48,3,10,4,5,7,19,8,20,10,16,,56,,1,22,121.5353084,25.0454903
113,12,3,18,26,2,01大同區,大同區延平北路3段18巷與民權西路245巷口,0,0,3,1,C03,8,5,5,30,4,1,1,5,4,5,13,4,4,10,5,5,2,17,2,26,2,9,6,1,7,9,1,10,2,14,,72,,1,21,121.510356,25.0639403
113,12,3,18,26,2,01大同區,大同區延平北路3段18巷與民權西路245巷口,0,0,3,2,C03,8,5,5,30,4,1,1,5,4,5,13,4,4,10,5,5,2,17,2,34,2,9,6,1,7,9,1,10,2,11,,44,,1,21,121.510356,25.0639403
113,12,3,18,26,2,01大同區,大同區延平北路3段18巷與民權西路245巷口,0,0,3,3,H03,8,5,5,30,4,1,1,5,4,5,13,4,4,10,5,5,2,17,2,69,2,9,4,5,8,20,8,20,10,16,,67,,1,21,121.510356,25.0639403
113,12,3,18,30,2,07信義區,信義區信義路5段150巷人行道,0,0,1,1,F01,7,5,8,0,22,20,4,5,4,5,13,4,4,10,5,5,2,18,2,56,2,8,4,4,7,9,8,20,1,15,,42,,1,22,121.5697156,25.0319416
113,12,3,18,30,2,07信義區,信義區信義路5段150巷人行道,0,0,1,2,,7,5,8,0,22,20,4,5,4,5,13,4,4,10,5,5,2,18,3,0,,,,,,,,,,,,67,,1,,121.5697156,25.0319416
113,12,3,18,50,2,03中山區,中山區民權東路2段與吉林路口,0,0,1,1,C03,7,5,5,50,4,2,1,5,4,5,13,2,1,1,4,5,2,13,2,42,2,1,6,4,7,9,1,10,1,11,,16,,1,21,121.5301345,25.06254947
113,12,3,18,50,2,03中山區,中山區民權東路2段與吉林路口,0,0,1,2,C03,7,5,5,50,4,2,1,5,4,5,13,2,1,1,4,5,2,13,1,27,3,10,6,4,7,9,1,10,1,13,,44,,1,21,121.5301345,25.06254947
113,12,3,18,50,2,03中山區,中山區民權東路2段與吉林路口,0,0,1,3,C03,7,5,5,50,4,2,1,5,4,5,13,2,1,1,4,5,2,13,2,42,3,10,6,4,7,15,1,10,9,15,,107,,2,21,121.5301345,25.06254947
113,12,3,18,51,2,09北投區,北投區石牌路2段與石牌路2段357巷口,0,0,1,2,C04,8,5,5,50,3,1,1,5,4,5,13,4,4,5,5,5,2,17,1,74,2,9,6,1,7,9,1,10,1,13,,44,,1,22,121.5253649,25.1235353
113,12,3,18,51,2,09北投區,北投區石牌路2段與石牌路2段357巷口,0,0,1,1,B01,8,5,5,50,3,1,1,5,4,5,13,4,4,5,5,5,2,17,1,67,3,10,7,1,7,9,1,4,1,1,,108,,1,22,121.5253649,25.1235353
113,12,3,18,51,2,09北投區,北投區石牌路2段與石牌路2段357巷口,0,0,1,3,C03,8,5,5,50,3,1,1,5,4,5,13,4,4,5,5,5,2,17,1,30,3,10,6,1,7,11,1,10,1,13,,10,,1,22,121.5253649,25.1235353
113,12,3,18,55,2,12內湖區,內湖區港墘路127巷與港墘路127巷6弄口,0,0,2,1,C03,8,5,5,30,4,2,1,5,4,5,13,4,4,10,5,5,2,17,1,31,2,8,6,1,7,9,1,10,1,11,,72,,1,21,121.5765565,25.07786468
113,12,3,18,55,2,12內湖區,內湖區港墘路127巷與港墘路127巷6弄口,0,0,2,2,C03,8,5,5,30,4,2,1,5,4,5,13,4,4,10,5,5,2,17,1,50,2,9,6,1,7,9,1,10,1,14,,44,,1,21,121.5765565,25.07786468
113,12,3,19,4,2,08士林區,士林區中山北路5段250號,0,0,1,1,A02,7,5,5,50,14,9,1,5,4,5,13,4,4,1,5,5,1,9,1,50,3,10,7,1,7,9,1,2,1,17,,44,,1,21,121.5267703,25.0872481
113,12,3,19,4,2,08士林區,士林區中山北路5段250號,0,0,1,2,H02,7,5,5,50,14,9,1,5,4,5,13,4,4,1,5,5,1,9,1,66,2,9,3,5,7,20,8,20,10,17,,67,,1,21,121.5267703,25.0872481
113,12,3,19,12,2,01大同區,大同區延平北路4段與迪化街2段口,0,0,1,1,B03,8,5,5,50,5,1,1,5,4,5,13,4,4,5,5,5,2,16,1,53,3,10,7,1,7,5,1,8,2,2,,8,,1,21,121.511531,25.0741792
113,12,3,19,12,2,01大同區,大同區延平北路4段與迪化街2段口,0,0,1,2,C03,8,5,5,50,5,1,1,5,4,5,13,4,4,5,5,5,2,16,1,24,2,9,6,1,7,9,1,10,2,12,,44,,1,21,121.511531,25.0741792
113,12,3,19,30,2,03中山區,中山區北安路789號,0,0,2,1,C03,7,5,5,40,14,9,1,5,4,5,13,4,4,1,5,5,2,13,2,30,2,9,5,1,7,9,1,10,1,11,,108,,1,22,121.5533884,25.0856501
113,12,3,19,30,2,03中山區,中山區北安路789號,0,0,2,2,C03,7,5,5,40,14,9,1,5,4,5,13,4,4,1,5,5,2,13,1,27,2,8,5,1,7,9,1,10,1,11,,108,,1,22,121.5533884,25.0856501
113,12,3,19,30,2,03中山區,中山區北安路789號,0,0,2,3,C03,7,5,5,40,14,9,1,5,4,5,13,4,4,1,5,5,2,13,1,23,3,10,5,1,7,9,1,10,1,11,,108,,1,22,121.5533884,25.0856501
113,12,3,19,30,2,03中山區,中山區北安路789號,0,0,2,4,,7,5,5,40,14,9,1,5,4,5,13,4,4,1,5,5,2,13,3,0,,,,,,,,,,,,130,,1,,121.5533884,25.0856501
113,12,3,19,35,2,11南港區,南港區研究院路2段6號,0,0,2,1,C03,8,5,5,50,14,9,1,5,4,5,13,4,4,1,4,5,2,16,1,48,2,8,6,1,7,8,1,10,1,12,,101,,1,21,121.6157194,25.0479698
113,12,3,19,35,2,11南港區,南港區研究院路2段6號,0,0,2,2,C03,8,5,5,50,14,9,1,5,4,5,13,4,4,1,4,5,2,16,1,34,2,8,6,1,7,9,1,10,1,11,,44,,1,21,121.6157194,25.0479698
113,12,3,20,6,2,03中山區,中山區基湖路與基湖路112巷口,0,0,1,2,C03,7,5,5,30,4,1,1,5,4,5,13,4,4,1,4,5,2,17,1,27,2,9,6,4,7,9,1,10,1,17,,13,,1,21,121.5638681,25.07833795
113,12,3,20,6,2,03中山區,中山區基湖路與基湖路112巷口,0,0,1,1,B03,7,5,5,30,4,1,1,5,4,5,13,4,4,1,4,5,2,17,2,46,3,10,3,4,7,9,1,8,9,17,,72,,1,21,121.5638681,25.07833795
113,12,3,20,15,2,06松山區,松山區延壽街422號對面,0,0,2,1,C03,7,5,5,50,14,9,1,5,4,5,13,4,4,9,4,5,2,13,2,49,2,8,5,1,7,9,1,10,1,12,,44,,1,22,121.5564453,25.0563355
113,12,3,20,15,2,06松山區,松山區延壽街422號對面,0,0,2,2,C03,7,5,5,50,14,9,1,5,4,5,13,4,4,9,4,5,2,13,1,60,2,8,5,1,7,8,1,10,1,14,,101,,1,22,121.5564453,25.0563355
113,12,3,20,15,2,06松山區,松山區延壽街422號對面,0,0,2,3,H02,7,5,5,50,14,9,1,5,4,5,13,4,4,9,4,5,2,13,1,8,3,10,5,5,7,17,8,20,10,17,,67,,1,22,121.5564453,25.0563355
113,12,3,20,34,2,04大安區,大安區復興南路2段與復興南路2段78巷口,0,0,1,1,B03,8,5,5,50,4,2,1,5,4,5,13,2,1,1,4,5,2,17,1,47,3,10,3,4,7,5,1,8,1,2,,74,,1,21,121.5434614,25.0310934
113,12,3,20,34,2,04大安區,大安區復興南路2段與復興南路2段78巷口,0,0,1,2,C03,8,5,5,50,4,2,1,5,4,5,13,2,1,1,4,5,2,17,2,44,2,8,3,4,7,1,1,10,1,11,,44,,1,21,121.5434614,25.0310934
113,12,3,20,45,2,01大同區,大同區通河西街堤外便道與通河西街1段口,0,0,1,1,A05,8,5,5,30,5,2,1,5,4,5,13,4,4,10,5,5,2,14,1,54,3,10,7,1,7,2,1,2,2,7,,12,,1,21,121.5186414,25.0774022
113,12,3,20,45,2,01大同區,大同區通河西街堤外便道與通河西街1段口,0,0,1,2,C03,8,5,5,30,5,2,1,5,4,5,13,4,4,10,5,5,2,14,2,54,2,9,6,1,7,14,1,10,2,11,,44,,1,21,121.5186414,25.0774022
113,12,3,20,56,2,02萬華區,萬華區寶興街210巷與德昌街185巷口,0,0,2,1,C03,8,5,5,30,4,1,1,5,4,5,13,4,4,10,5,5,2,16,2,56,2,9,5,4,7,5,1,10,1,11,,8,,1,22,121.4944836,25.0225986
113,12,3,20,56,2,02萬華區,萬華區寶興街210巷與德昌街185巷口,0,0,2,2,C04,8,5,5,30,4,1,1,5,4,5,13,4,4,10,5,5,2,16,2,43,2,9,5,4,7,9,1,10,1,12,,75,,1,22,121.4944836,25.0225986
113,12,3,20,56,2,02萬華區,萬華區寶興街210巷與德昌街185巷口,0,0,2,3,B12,8,5,5,30,4,1,1,5,4,5,13,4,4,10,5,5,2,16,1,59,3,10,3,4,7,14,1,8,9,17,,38,,1,22,121.4944836,25.0225986