發生年度,發生月,發生日,發生時-Hours,發生分,處理別-編號,區序,肇事地點,死亡人數,2-30日死亡人數,受傷人數,當事人序號,車種,天候,道路照明設備,道路類別,速限-速度限制,道路型態,事故位置,路面狀況1,路面狀況2,路面狀況3,道路障礙1,道路障礙2,號誌1,號誌2,車道劃分-分向,車道劃分-分道1,車道劃分-分道2,車道劃分-分道3,事故類型及型態,性別,年齡,受傷程度,主要傷處,保護裝置,行動電話,車輛用途,當事者行動狀態,駕駛資格情形,駕駛執照種類,飲酒情形,車輛撞擊部位1,車輛撞擊部位2,肇因碼-個別,肇因碼-主要,個人肇逃否,職業,座標-X,座標-Y
113,12,3,21,6,2,01大同區,大同區承德路1段與南京西路口,0,0,1,1,C03,8,5,5,50,4,1,1,5,4,5,13,1,1,1,4,5,2,17,1,29,3,10,6,1,7,9,1,10,2,11,,16,,1,21,121.5177496,25.0529966
113,12,3,21,6,2,01大同區,大同區承德路1段與南京西路口,0,0,1,2,C03,8,5,5,50,4,1,1,5,4,5,13,1,1,1,4,5,2,17,2,35,2,8,6,1,7,15,1,10,2,13,,44,,1,21,121.5177496,25.0529966
113,12,3,21,15,2,03中山區,中山區市民大道2段與長安東路1段30巷口,0,0,4,1,C03,8,5,5,40,3,2,1,5,4,5,13,4,4,1,3,5,1,17,1,35,2,8,6,1,7,5,1,10,1,13,,72,,1,21,121.5266665,25.04747717
113,12,3,21,15,2,03中山區,中山區市民大道2段與長安東路1段30巷口,0,0,4,2,C03,8,5,5,40,3,2,1,5,4,5,13,4,4,1,3,5,1,17,1,27,2,7,6,1,7,9,1,10,1,11,,44,,1,21,121.5266665,25.04747717
113,12,3,21,15,2,03中山區,中山區市民大道2段與長安東路1段30巷口,0,0,4,3,C03,8,5,5,40,3,2,1,5,4,5,13,4,4,1,3,5,1,17,1,52,2,8,6,1,7,9,1,10,1,14,,44,,1,21,121.5266665,25.04747717
113,12,3,21,15,2,03中山區,中山區市民大道2段與長安東路1段30巷口,0,0,4,4,H02,8,5,5,40,3,2,1,5,4,5,13,4,4,1,3,5,1,17,2,29,2,7,6,5,7,17,8,20,10,16,,67,,1,21,121.5266665,25.04747717
113,12,3,21,46,2,01大同區,大同區民權西路與大龍街口,0,0,2,1,C03,8,5,5,50,4,1,1,5,4,5,13,1,1,1,4,5,2,13,1,24,2,9,6,1,7,9,1,10,2,11,,108,,1,21,121.5162136,25.063039
113,12,3,21,46,2,01大同區,大同區民權西路與大龍街口,0,0,2,2,C03,8,5,5,50,4,1,1,5,4,5,13,1,1,1,4,5,2,13,1,30,2,9,6,1,7,15,1,10,2,13,,44,,1,21,121.5162136,25.063039
113,12,3,21,55,2,07信義區,(忠孝東路5段789號),0,0,1,1,B03,7,5,8,50,22,22,1,5,4,5,13,4,4,1,4,5,2,17,1,68,3,10,7,1,7,13,1,8,1,4,,40,,1,22,121.5813021,25.04404596
113,12,3,21,55,2,07信義區,(忠孝東路5段789號),0,0,1,2,F01,7,5,8,50,22,22,1,5,4,5,13,4,4,1,4,5,2,17,2,24,2,9,4,1,7,9,8,20,1,12,,44,,1,22,121.5813021,25.04404596
113,12,3,22,21,2,06松山區,松山區市民大道5段與東興路口,0,0,3,1,C03,7,5,5,50,4,1,1,5,4,5,13,2,1,1,3,5,2,15,1,21,2,9,6,1,7,9,1,9,1,14,,44,,1,22,121.5658069,25.0483824
113,12,3,22,21,2,06松山區,松山區市民大道5段與東興路口,0,0,3,2,C03,7,5,5,50,4,1,1,5,4,5,13,2,1,1,3,5,2,15,2,23,2,9,6,1,7,9,1,10,1,11,,81,,1,21,121.5658069,25.0483824
113,12,3,22,21,2,06松山區,松山區市民大道5段與東興路口,0,0,3,3,H02,7,5,5,50,4,1,1,5,4,5,13,2,1,1,3,5,2,15,2,24,2,9,6,5,7,20,8,20,10,16,,67,,1,21,121.5658069,25.0483824
113,12,3,23,20,2,12內湖區,內湖區內湖路2段103巷32號,0,0,1,1,C03,8,5,5,30,14,9,1,5,4,5,13,4,4,9,4,5,1,11,1,32,2,9,5,1,7,9,1,10,1,11,,17,,1,21,121.5810944,25.0826397
113,12,3,23,20,2,12內湖區,內湖區內湖路2段103巷32號,0,0,1,2,B01,8,5,5,30,14,9,1,5,4,5,13,4,4,9,4,5,1,11,1,64,3,10,7,1,7,9,1,4,1,4,,17,,1,21,121.5810944,25.0826397
113,12,3,23,20,2,12內湖區,內湖區內湖路2段103巷32號,0,0,1,3,B03,8,5,5,30,14,9,1,5,4,5,13,4,4,9,4,5,1,11,3,0,,,,,,,,,,,,67,,1,,121.5810944,25.0826397
113,12,4,0,21,2,03中山區,中山區林森北路與新生北路2段60巷口,0,0,1,1,C03,7,5,5,30,3,1,1,5,4,5,13,4,4,8,5,5,2,16,1,22,3,10,5,1,7,9,1,10,1,11,,44,,1,22,121.5254938,25.0556794
113,12,4,0,21,2,03中山區,中山區林森北路與新生北路2段60巷口,0,0,1,2,C03,7,5,5,30,3,1,1,5,4,5,13,4,4,8,5,5,2,16,1,36,2,9,5,1,7,9,1,10,1,12,,44,,1,22,121.5254938,25.0556794
113,12,4,0,43,2,02萬華區,萬華區堤外便道與堤外便道口貴陽疏散門,0,0,2,1,H01,7,5,5,40,4,2,1,1,4,5,13,3,1,1,5,5,2,2,1,25,2,9,4,5,8,16,8,20,10,16,,60,,1,21,121.4990352,25.0414475
113,12,4,0,43,2,02萬華區,萬華區堤外便道與堤外便道口貴陽疏散門,0,0,2,2,C03,7,5,5,40,4,2,1,1,4,5,13,3,1,1,5,5,2,2,1,20,2,9,5,1,7,9,3,18,1,11,,108,,1,21,121.4990352,25.0414475
113,12,4,2,7,2,01大同區,大同區延平北路3段與景化街口口,0,0,1,1,C03,8,5,5,50,3,1,1,5,4,5,13,4,4,5,5,5,2,16,1,28,3,10,6,1,7,11,1,10,1,14,,10,,1,21,121.5110952,25.0649511
113,12,4,2,7,2,01大同區,大同區延平北路3段與景化街口口,0,0,1,2,C03,8,5,5,50,3,1,1,5,4,5,13,4,4,5,5,5,2,16,1,25,2,7,6,1,7,9,1,10,1,12,,14,,1,21,121.5110952,25.0649511
113,12,4,5,50,2,05中正區,中正區中山南路與仁愛路1段口,0,0,2,1,A02,7,5,5,50,5,2,1,5,4,5,13,1,1,5,4,1,2,12,2,51,2,8,2,1,7,8,1,2,2,2,,100,,1,22,121.5179465,25.0396388
113,12,4,5,50,2,05中正區,中正區中山南路與仁愛路1段口,0,0,2,2,C03,7,5,5,50,5,2,1,5,4,5,13,1,1,5,4,1,2,12,1,67,2,5,6,1,7,9,1,10,2,14,,44,,1,22,121.5179465,25.0396388
113,12,4,7,34,2,08士林區,士林區德行東路與德行東路74巷口,0,0,3,1,C03,8,5,5,50,4,2,1,5,4,5,13,4,4,5,4,5,2,12,1,55,2,9,6,1,7,9,1,10,9,11,,108,,1,21,121.5272708,25.1073035
113,12,4,7,34,2,08士林區,士林區德行東路與德行東路74巷口,0,0,3,2,C03,8,5,5,50,4,2,1,5,4,5,13,4,4,5,4,5,2,12,1,69,2,8,6,1,7,14,1,10,9,13,,44,,1,21,121.5272708,25.1073035
113,12,4,7,34,2,08士林區,士林區德行東路與德行東路74巷口,0,0,3,3,C03,8,5,5,50,4,2,1,5,4,5,13,4,4,5,4,5,2,12,2,19,2,9,6,1,7,14,1,10,9,14,,44,,1,25,121.5272708,25.1073035
113,12,4,7,36,2,10文山區,文山區木柵路1段與辛亥路6段口,0,0,1,1,C03,8,5,5,50,4,1,1,5,4,5,13,2,1,1,4,4,2,16,2,37,2,9,6,1,7,5,1,10,2,13,,8,,1,21,121.5523192,24.9878367
113,12,4,7,36,2,10文山區,文山區木柵路1段與辛亥路6段口,0,0,1,2,B03,8,5,5,50,4,1,1,5,4,5,13,2,1,1,4,4,2,16,1,43,3,10,7,1,7,9,1,8,2,1,,44,,1,21,121.5523192,24.9878367
113,12,4,8,0,2,12內湖區,內湖區陽光街與陽光街321巷口,0,0,1,1,B01,7,5,5,50,3,2,1,5,4,5,13,4,4,5,5,5,2,13,1,59,3,10,7,1,7,9,1,8,1,1,,16,,1,21,121.5787856,25.0734852
113,12,4,8,0,2,12內湖區,內湖區陽光街與陽光街321巷口,0,0,1,2,C03,7,5,5,50,3,2,1,5,4,5,13,4,4,5,5,5,2,13,1,35,2,6,5,1,7,14,1,10,1,13,,44,,1,21,121.5787856,25.0734852
113,12,4,8,11,2,07信義區,信義區忠孝東路5段與忠孝東路5段215巷口,0,0,2,1,C03,7,6,5,50,3,1,1,5,4,5,13,2,1,1,4,5,1,13,1,23,2,7,3,4,7,9,1,10,1,11,,16,,1,21,121.5700638,25.0410918
113,12,4,8,11,2,07信義區,信義區忠孝東路5段與忠孝東路5段215巷口,0,0,2,2,C03,7,6,5,50,3,1,1,5,4,5,13,2,1,1,4,5,1,13,1,28,2,8,3,4,7,14,1,10,1,13,,44,,1,21,121.5700638,25.0410918
113,12,4,8,11,2,07信義區,信義區忠孝東路5段與忠孝東路5段215巷口,0,0,2,3,B01,7,6,5,50,3,1,1,5,4,5,13,2,1,1,4,5,1,13,1,58,3,10,3,4,7,14,1,4,1,17,,42,,1,21,121.5700638,25.0410918
113,12,4,8,25,2,08士林區,士林區通河西街2段與堤外便道口,0,0,1,1,C03,8,6,5,30,3,2,1,5,4,5,13,4,4,10,5,5,1,13,2,27,2,8,6,1,7,9,1,10,1,12,,16,,1,22,121.5113674,25.0909212
113,12,4,8,25,2,08士林區,士林區通河西街2段與堤外便道口,0,0,1,2,C03,8,6,5,30,3,2,1,5,4,5,13,4,4,10,5,5,1,13,1,27,3,10,6,1,7,9,1,10,1,14,,44,,1,22,121.5113674,25.0909212
113,12,4,8,25,2,08士林區,士林區通河西街2段與堤外便道口,0,0,1,3,C03,8,6,5,30,3,2,1,5,4,5,13,4,4,10,5,5,1,13,2,32,3,10,6,1,7,9,1,10,1,14,,44,,1,22,121.5113674,25.0909212
113,12,4,8,43,2,04大安區,大安區仁愛路3段與建國南路1段口,0,0,1,1,B03,8,6,5,50,14,7,1,5,4,5,13,4,4,1,4,4,1,12,1,55,4,11,3,4,7,7,1,8,9,17,,100,,2,22,121.538152,25.0387751
113,12,4,8,43,2,04大安區,大安區仁愛路3段與建國南路1段口,0,0,1,2,C03,8,6,5,50,14,7,1,5,4,5,13,4,4,1,4,4,1,12,1,32,2,9,3,4,7,9,1,9,1,14,,44,,1,21,121.538152,25.0387751
113,12,4,8,53,2,05中正區,中正區新生南路1段54巷與新生南路1段口,0,0,1,1,B03,8,6,5,30,3,1,1,5,4,5,12,4,4,10,5,5,2,16,1,44,3,10,7,4,7,6,1,8,1,1,,72,,1,22,121.5326867,25.04127985
113,12,4,8,53,2,05中正區,中正區新生南路1段54巷與新生南路1段口,0,0,1,2,C03,8,6,5,30,3,1,1,5,4,5,12,4,4,10,5,5,2,16,2,29,2,8,6,4,7,9,1,10,1,12,,44,,1,22,121.5326867,25.04127985
113,12,4,8,56,2,10文山區,文山區新光路1段與新光路1段118巷口,0,0,1,1,C03,7,6,8,30,22,22,1,5,4,5,10,4,4,10,5,4,2,17,2,36,2,9,3,4,7,5,1,10,2,14,,80,,1,22,121.5737086,24.9932004
113,12,4,8,56,2,10文山區,文山區新光路1段與新光路1段118巷口,0,0,1,2,B03,7,6,8,30,22,22,1,5,4,5,10,4,4,10,5,4,2,17,2,52,3,10,3,4,7,9,1,8,2,1,,99,,1,22,121.5737086,24.9932004
113,12,4,8,56,2,10文山區,文山區新光路1段與新光路1段118巷口,0,0,1,3,A02,7,6,8,30,22,22,1,5,4,5,10,4,4,10,5,4,2,17,1,42,3,10,3,4,7,13,1,2,9,17,,38,,1,21,121.5737086,24.9932004
113,12,4,9,0,2,03中山區,中山區樂群一路與基湖路口,0,0,1,1,C03,8,7,5,50,3,2,1,5,4,5,13,1,1,1,2,5,2,17,1,35,2,8,6,1,7,9,1,10,1,12,,42,,1,21,121.5648788,25.07584315
113,12,4,9,0,2,03中山區,中山區樂群一路與基湖路口,0,0,1,2,,8,7,5,50,3,2,1,5,4,5,13,1,1,1,2,5,2,17,4,0,,,,,,,,,,,,119,,2,,121.5648788,25.07584315
113,12,4,9,33,2,07信義區,信義區基隆路1段29號,0,0,1,1,B12,8,6,5,50,14,9,1,5,4,5,13,4,4,1,4,5,2,12,1,25,3,10,3,4,7,8,1,8,2,5,,100,,1,22,121.5689328,25.0483391
113,12,4,9,33,2,07信義區,信義區基隆路1段29號,0,0,1,2,C03,8,6,5,50,14,9,1,5,4,5,13,4,4,1,4,5,2,12,1,79,2,9,3,4,7,9,1,10,2,14,,44,,1,22,121.5689328,25.0483391
113,12,4,9,35,2,04大安區,大安區市民大道4段與復興南路1段口,0,0,1,1,C03,8,6,5,40,4,1,1,5,4,5,13,2,1,1,4,5,1,16,1,37,2,9,6,4,7,5,1,10,1,11,,8,,1,21,121.5439934,25.044793
113,12,4,9,35,2,04大安區,大安區市民大道4段與復興南路1段口,0,0,1,2,C03,8,6,5,40,4,1,1,5,4,5,13,2,1,1,4,5,1,16,1,25,3,10,6,4,7,9,3,18,1,11,,13,,1,21,121.5439934,25.044793
113,12,4,9,55,2,08士林區,士林區承德路4段與劍潭路口,0,0,2,1,C03,8,6,5,50,14,8,1,5,4,5,13,4,4,1,4,4,2,17,2,44,2,9,6,1,7,15,1,10,2,12,,100,,1,22,121.5233867,25.0838196
113,12,4,9,55,2,08士林區,士林區承德路4段與劍潭路口,0,0,2,2,C03,8,6,5,50,14,8,1,5,4,5,13,4,4,1,4,4,2,17,2,23,2,9,6,1,7,15,1,10,2,11,,44,,1,22,121.5233867,25.0838196
113,12,4,10,2,2,04大安區,大安區和平東路3段與基隆路2段口,0,0,1,1,C03,8,6,5,50,4,1,1,5,4,5,13,2,1,1,4,5,1,15,1,86,2,8,3,4,7,9,1,10,1,12,,81,,1,21,121.5527181,25.0240523
113,12,4,10,2,2,04大安區,大安區和平東路3段與基隆路2段口,0,0,1,2,C03,8,6,5,50,4,1,1,5,4,5,13,2,1,1,4,5,1,15,1,55,3,10,3,4,7,9,1,10,2,11,,44,,1,21,121.5527181,25.0240523
113,12,4,10,15,2,08士林區,士林區雨農路100巷與福林路口,0,0,1,1,B03,8,6,5,30,3,1,1,5,4,5,13,4,4,5,4,5,2,17,1,66,3,10,3,4,7,6,1,8,1,8,,75,,1,22,121.5365831,25.0996068
113,12,4,10,15,2,08士林區,士林區雨農路100巷與福林路口,0,0,1,2,C03,8,6,5,30,3,1,1,5,4,5,13,4,4,5,4,5,2,17,1,32,2,7,3,4,7,9,1,10,1,11,,14,,1,22,121.5365831,25.0996068
113,12,4,10,25,2,07信義區,信義區市民大道5段與東興路口,0,0,1,1,B12,8,6,5,40,4,1,1,5,4,3,10,2,1,1,2,5,2,16,1,23,3,10,7,1,7,5,1,8,2,1,,74,,1,21,121.5658149,25.0482056
113,12,4,10,25,2,07信義區,信義區市民大道5段與東興路口,0,0,1,2,C03,8,6,5,40,4,1,1,5,4,3,10,2,1,1,2,5,2,16,1,20,2,8,6,1,7,9,1,10,2,14,,13,,1,21,121.5658149,25.0482056
113,12,4,10,41,2,12內湖區,內湖區民權東路6段與民權東路6段210巷口,0,0,1,1,B03,8,6,5,30,4,2,1,5,4,5,13,2,1,9,4,4,2,16,2,58,3,10,7,1,7,6,1,8,1,8,,9,,1,21,121.5983109,25.0674839
113,12,4,10,41,2,12內湖區,內湖區民權東路6段與民權東路6段210巷口,0,0,1,2,C03,8,6,5,30,4,2,1,5,4,5,13,2,1,9,4,4,2,16,2,79,2,9,6,1,7,5,1,10,1,12,,8,,1,21,121.5983109,25.0674839
113,12,4,11,34,2,05中正區,市民大道停車場(公園-中山)段入口,0,0,1,1,B03,8,6,5,40,14,9,1,5,4,5,13,4,4,1,4,5,2,12,1,31,3,10,7,1,7,7,1,8,2,4,,100,,1,22,121.5192551,25.04821748
113,12,4,11,34,2,05中正區,市民大道停車場(公園-中山)段入口,0,0,1,2,C03,8,6,5,40,14,9,1,5,4,5,13,4,4,1,4,5,2,12,1,29,2,9,5,1,7,9,1,10,2,12,,44,,1,22,121.5192551,25.04821748
113,12,4,11,56,2,07信義區,信義區永吉路30巷與忠孝東路5段71巷11弄口,0,0,1,1,B01,8,7,5,30,4,1,1,5,4,5,13,4,4,9,5,5,2,3,1,43,3,10,3,4,7,9,1,4,2,5,,108,,1,22,121.5686849,25.0418987
113,12,4,11,56,2,07信義區,信義區永吉路30巷與忠孝東路5段71巷11弄口,0,0,1,2,H01,8,7,5,30,4,1,1,5,4,5,13,4,4,9,5,5,2,3,2,83,2,9,4,5,8,16,8,20,10,16,,121,,1,22,121.5686849,25.0418987
113,12,4,12,5,2,12內湖區,內湖區瑞光路290號,0,0,1,2,C03,8,5,5,50,14,9,1,5,4,5,13,4,4,5,4,5,2,17,1,45,2,7,5,1,7,13,1,10,1,17,,38,,1,21,121.5750881,25.0761245
113,12,4,12,5,2,12內湖區,內湖區瑞光路290號,0,0,1,1,B03,8,5,5,50,14,9,1,5,4,5,13,4,4,5,4,5,2,17,2,33,4,11,3,4,7,21,7,19,11,15,,108,,2,21,121.5750881,25.0761245
113,12,4,12,39,2,12內湖區,內湖區南京東路6段往西上麥帥一橋匝道,0,0,1,1,B01,8,6,5,50,8,16,1,5,4,5,13,4,4,9,4,5,2,13,1,55,3,10,7,1,7,9,1,4,2,1,,16,,1,21,121.576301,25.0536552
113,12,4,12,39,2,12內湖區,內湖區南京東路6段往西上麥帥一橋匝道,0,0,1,2,B03,8,6,5,50,8,16,1,5,4,5,13,4,4,9,4,5,2,13,1,53,3,10,7,1,7,9,1,8,2,3,,44,,1,21,121.576301,25.0536552
113,12,4,12,39,2,12內湖區,內湖區南京東路6段往西上麥帥一橋匝道,0,0,1,3,H02,8,6,5,50,8,16,1,5,4,5,13,4,4,9,4,5,2,13,2,48,2,1,2,5,7,21,8,20,10,16,,60,,1,21,121.576301,25.0536552
113,12,4,12,42,2,04大安區,大安區羅斯福路3段與辛亥路1段口,0,0,1,1,C03,7,7,5,50,4,1,1,5,4,5,13,1,1,1,4,5,2,17,1,20,2,7,6,1,7,7,1,10,1,14,,100,,1,21,121.5291566,25.019902
113,12,4,12,42,2,04大安區,大安區羅斯福路3段與辛亥路1段口,0,0,1,2,C03,7,7,5,50,4,1,1,5,4,5,13,1,1,1,4,5,2,17,1,20,3,10,6,1,7,9,1,10,1,12,,44,,1,21,121.5291566,25.019902
113,12,4,12,50,2,11南港區,南港區中坡北路與中坡北路60巷口,0,0,1,1,B11,8,6,5,50,3,2,1,5,4,5,13,4,4,1,3,5,2,15,1,56,3,10,3,4,7,6,1,8,1,2,,9,,1,21,121.58076,25.046828
113,12,4,12,50,2,11南港區,南港區中坡北路與中坡北路60巷口,0,0,1,2,C03,8,6,5,50,3,2,1,5,4,5,13,4,4,1,3,5,2,15,2,40,2,8,3,4,7,9,1,10,1,14,,44,,1,21,121.58076,25.046828
113,12,4,13,15,2,12內湖區,內湖區內湖路1段360巷與洲子街口,0,0,2,1,C03,7,6,5,50,4,1,1,5,4,5,13,2,1,5,5,5,2,12,2,33,2,9,5,1,7,5,1,10,1,13,,8,,1,22,121.5695343,25.07920837
113,12,4,13,15,2,12內湖區,內湖區內湖路1段360巷與洲子街口,0,0,2,2,B03,7,6,5,50,4,1,1,5,4,5,13,2,1,5,5,5,2,12,1,51,3,10,3,4,7,9,1,8,1,1,,44,,1,22,121.5695343,25.07920837
113,12,4,13,15,2,12內湖區,內湖區內湖路1段360巷與洲子街口,0,0,2,3,H02,7,6,5,50,4,1,1,5,4,5,13,2,1,5,5,5,2,12,2,38,2,9,5,5,7,17,8,20,10,16,,67,,1,22,121.5695343,25.07920837
113,12,4,13,17,2,08士林區,士林區文林路與大東路口,0,0,1,1,B01,8,5,5,50,3,1,1,5,4,5,13,4,4,5,5,5,2,12,1,64,3,10,7,1,7,9,1,4,2,2,,72,,1,21,121.5249908,25.0937518
113,12,4,13,17,2,08士林區,士林區文林路與大東路口,0,0,1,2,C03,8,5,5,50,3,1,1,5,4,5,13,4,4,5,5,5,2,12,2,72,2,9,6,1,7,9,1,10,2,14,,44,,1,21,121.5249908,25.0937518
113,12,4,13,20,2,06松山區,松山區民權東路4段與光復北路口,0,0,1,1,C03,7,6,5,40,14,8,1,5,4,5,13,4,4,3,4,4,2,17,1,60,3,10,5,1,7,9,1,10,1,13,,101,,1,21,121.5550147,25.06200985
113,12,4,13,20,2,06松山區,松山區民權東路4段與光復北路口,0,0,1,2,C03,7,6,5,40,14,8,1,5,4,5,13,4,4,3,4,4,2,17,2,25,2,9,5,1,7,9,1,10,1,13,,118,,1,21,121.5550147,25.06200985
113,12,4,13,39,2,10文山區,文山區木柵路1段與辛亥路6段口,0,0,1,1,C03,8,6,5,40,14,9,2,5,4,5,13,2,1,1,4,4,2,18,1,61,2,9,5,4,7,9,1,10,11,12,,108,,1,21,121.5523806,24.9880117
113,12,4,13,39,2,10文山區,文山區木柵路1段與辛亥路6段口,0,0,1,2,,8,6,5,40,14,9,2,5,4,5,13,2,1,1,4,4,2,18,3,0,,,,,,,,,,,,67,,1,,121.5523806,24.9880117
113,12,4,14,4,2,04大安區,大安區忠孝東路4段與忠孝東路4段248巷口,0,0,2,1,B01,7,7,5,50,3,2,1,5,4,5,13,4,4,1,4,5,2,17,1,51,3,10,7,1,7,14,1,3,1,6,,38,,1,21,121.5540205,25.0412931
113,12,4,14,4,2,04大安區,大安區忠孝東路4段與忠孝東路4段248巷口,0,0,2,2,C03,7,7,5,50,3,2,1,5,4,5,13,4,4,1,4,5,2,17,2,29,2,7,6,1,7,9,1,10,1,14,,44,,1,21,121.5540205,25.0412931
113,12,4,14,4,2,04大安區,大安區忠孝東路4段與忠孝東路4段248巷口,0,0,2,3,H02,7,7,5,50,3,2,1,5,4,5,13,4,4,1,4,5,2,17,2,26,2,7,7,5,7,19,8,20,10,16,,126,,1,21,121.5540205,25.0412931
113,12,4,14,16,2,05中正區,中正區中華路2段311巷與惠安街口,0,0,1,2,C03,7,7,5,30,3,1,1,5,4,3,10,4,4,10,5,5,2,17,1,58,2,8,5,1,7,6,1,10,1,12,,44,,1,22,121.5069707,25.0291817
113,12,4,14,16,2,05中正區,中正區中華路2段311巷與惠安街口,0,0,1,1,C03,7,7,5,30,3,1,1,5,4,3,10,4,4,10,5,5,2,17,4,0,,,,,,,,,,,,119,,2,,121.5069707,25.0291817
113,12,4,14,16,2,05中正區,中正區中華路2段311巷與惠安街口,0,0,1,3,B03,7,7,5,30,3,1,1,5,4,3,10,4,4,10,5,5,2,17,1,68,3,10,7,1,7,13,1,8,9,17,,38,,1,22,121.5069707,25.0291817
113,12,4,14,20,2,05中正區,中正區忠孝東路1段與紹興北街口,0,0,1,1,C03,8,7,5,50,14,7,1,5,4,5,13,1,1,3,3,5,2,13,1,28,2,8,5,1,7,8,1,10,2,11,,108,,2,26,121.5248421,25.0445319
113,12,4,14,20,2,05中正區,中正區忠孝東路1段與紹興北街口,0,0,1,2,B03,8,7,5,50,14,7,1,5,4,5,13,1,1,3,3,5,2,13,1,66,3,10,7,1,7,14,1,8,2,3,,38,,1,26,121.5248421,25.0445319
113,12,4,15,21,2,11南港區,南港區市民大道8段與中南街口,0,0,2,1,C03,7,6,5,50,4,1,1,5,4,5,12,2,1,1,4,5,2,16,1,31,2,9,5,1,7,5,1,10,1,12,,71,,1,21,121.6152612,25.0544345
113,12,4,15,21,2,11南港區,南港區市民大道8段與中南街口,0,0,2,2,C03,7,6,5,50,4,1,1,5,4,5,12,2,1,1,4,5,2,16,1,42,2,7,5,1,7,9,3,18,1,11,,42,,1,21,121.6152612,25.0544345
113,12,4,15,31,2,10文山區,文山區木柵路1段54號前,0,0,1,1,C03,8,6,5,50,14,9,1,5,4,5,12,4,4,5,4,5,2,17,2,41,3,10,5,1,7,9,1,10,1,11,,94,,1,21,121.5469697,24.9869287
113,12,4,15,31,2,10文山區,文山區木柵路1段54號前,0,0,1,2,C03,8,6,5,50,14,9,1,5,4,5,12,4,4,5,4,5,2,17,1,33,2,9,5,1,7,11,1,10,1,14,,44,,1,21,121.5469697,24.9869287
113,12,4,15,47,2,05中正區,中正區南昌路2段與南昌路2段202巷口,0,0,1,1,B02,7,6,5,50,3,2,1,5,4,5,13,1,1,5,4,5,2,12,2,66,3,10,7,1,7,4,1,8,2,2,,94,,1,21,121.5248984,25.02365016
113,12,4,15,47,2,05中正區,中正區南昌路2段與南昌路2段202巷口,0,0,1,2,C03,7,6,5,50,3,2,1,5,4,5,13,1,1,5,4,5,2,12,1,72,2,9,5,1,7,9,1,10,2,14,,44,,1,21,121.5248984,25.02365016
113,12,4,16,25,2,06松山區,松山區光復北路11巷與八德路4段17巷口,0,0,1,1,C03,8,5,5,30,4,1,1,5,4,5,13,4,4,4,3,5,2,15,1,78,2,9,5,1,7,1,1,10,2,11,,19,,1,21,121.5584367,25.0493279
113,12,4,16,25,2,06松山區,松山區光復北路11巷與八德路4段17巷口,0,0,1,2,B03,8,5,5,30,4,1,1,5,4,5,13,4,4,4,3,5,2,15,1,43,3,10,3,4,7,9,1,8,2,4,,44,,1,21,121.5584367,25.0493279
113,12,4,16,29,2,11南港區,南港區重陽路520號,0,0,1,2,E05,8,5,5,50,14,7,1,5,4,5,13,4,4,8,3,4,2,12,1,29,3,10,3,4,7,11,1,8,1,3,,10,,1,21,121.6123203,25.0611512
113,12,4,16,29,2,11南港區,南港區重陽路520號,0,0,1,1,C03,8,5,5,50,14,7,1,5,4,5,13,4,4,8,3,4,2,12,1,31,2,7,3,4,7,9,1,10,1,11,,108,,1,21,121.6123203,25.0611512
113,12,4,16,38,2,03中山區,中山區松江路46號,0,0,1,1,C03,7,6,5,50,14,9,1,5,4,5,13,4,4,10,3,5,1,17,1,39,2,9,5,1,7,9,1,10,1,11,,108,,1,21,121.5328727,25.0481152
113,12,4,16,38,2,03中山區,中山區松江路46號,0,0,1,2,B03,7,6,5,50,14,9,1,5,4,5,13,4,4,10,3,5,1,17,2,37,3,10,7,1,7,14,1,8,1,7,,44,,1,21,121.5328727,25.0481152
113,12,4,17,8,2,05中正區,中正區羅斯福路3段與羅斯福路3段210巷口口,0,0,1,1,B03,7,6,5,50,3,1,1,5,4,5,13,4,4,1,4,5,2,13,1,56,3,10,3,4,7,6,1,8,1,6,,44,,1,21,121.5294761,25.0192891
113,12,4,17,8,2,05中正區,中正區羅斯福路3段與羅斯福路3段210巷口口,0,0,1,2,C03,7,6,5,50,3,1,1,5,4,5,13,4,4,1,4,5,2,13,1,18,2,7,5,1,7,6,3,18,1,11,,108,,1,21,121.5294761,25.0192891
113,12,4,17,23,2,05中正區,中正區重慶南路2段與重慶南路2段6巷口,0,0,2,1,F01,7,5,5,30,3,1,1,5,4,5,13,3,1,1,4,5,1,15,1,16,2,9,2,1,7,9,8,20,1,13,,80,,1,21,121.5129439,25.0344277
113,12,4,17,23,2,05中正區,中正區重慶南路2段與重慶南路2段6巷口,0,0,2,2,C03,7,5,5,30,3,1,1,5,4,5,13,3,1,1,4,5,1,15,1,69,2,9,5,1,7,9,1,10,1,11,,44,,1,21,121.5129439,25.0344277
113,12,4,17,36,2,05中正區,中正區林森南路與青島東路口,0,0,1,1,C03,8,5,5,50,4,1,1,5,4,5,13,2,1,5,4,5,2,12,1,23,3,10,5,1,7,8,1,10,2,12,,100,,1,22,121.5229576,25.04363121
113,12,4,17,36,2,05中正區,中正區林森南路與青島東路口,0,0,1,2,C03,8,5,5,50,4,1,1,5,4,5,13,2,1,5,4,5,2,12,2,43,2,9,5,1,7,9,1,10,2,14,,44,,1,22,121.5229576,25.04363121
113,12,4,17,38,2,02萬華區,萬華區萬大路(往北，靠近富民路),0,0,1,1,B03,8,5,5,50,14,9,1,5,4,5,13,4,4,7,4,5,2,12,2,71,3,10,7,1,7,7,1,8,2,8,,101,,1,21,121.4971954,25.0189929