發生年度,發生月,發生日,發生時-Hours,發生分,處理別-編號,區序,肇事地點,死亡人數,2-30日死亡人數,受傷人數,當事人序號,車種,天候,道路照明設備,道路類別,速限-速度限制,道路型態,事故位置,路面狀況1,路面狀況2,路面狀況3,道路障礙1,道路障礙2,號誌1,號誌2,車道劃分-分向,車道劃分-分道1,車道劃分-分道2,車道劃分-分道3,事故類型及型態,性別,年齡,受傷程度,主要傷處,保護裝置,行動電話,車輛用途,當事者行動狀態,駕駛資格情形,駕駛執照種類,飲酒情形,車輛撞擊部位1,車輛撞擊部位2,肇因碼-個別,肇因碼-主要,個人肇逃否,職業,座標-X,座標-Y
113,12,4,17,38,2,02萬華區,萬華區萬大路(往北，靠近富民路),0,0,1,2,C03,8,5,5,50,14,9,1,5,4,5,13,4,4,7,4,5,2,12,1,60,2,9,5,1,7,9,1,10,9,12,,44,,1,21,121.4971954,25.0189929
113,12,4,17,58,2,03中山區,中山區市民大道2段47號,0,0,1,1,C03,7,5,5,40,14,9,1,5,4,5,13,1,1,10,5,5,2,13,1,26,2,8,5,1,7,9,1,10,1,11,,13,,1,22,121.528029,25.0469715
113,12,4,17,58,2,03中山區,中山區市民大道2段47號,0,0,1,2,B03,7,5,5,40,14,9,1,5,4,5,13,1,1,10,5,5,2,13,2,40,3,10,7,1,7,9,1,4,1,6,,44,,1,22,121.528029,25.0469715
113,12,4,18,6,2,06松山區,松山區松河街與八德路4段763巷口,0,0,2,1,C03,8,5,5,40,3,1,1,5,4,5,13,2,1,8,3,5,2,16,1,61,2,9,5,4,7,5,1,10,1,13,,83,,1,26,121.577737,25.0516423
113,12,4,18,6,2,06松山區,松山區松河街與八德路4段763巷口,0,0,2,2,C03,8,5,5,40,3,1,1,5,4,5,13,2,1,8,3,5,2,16,1,23,2,9,5,4,7,9,1,10,1,11,,44,,1,22,121.577737,25.0516423
113,12,4,18,8,2,04大安區,大安區復興南路2段與瑞安街23巷口,0,0,1,1,B03,7,5,5,50,4,1,1,5,4,5,13,2,1,1,3,5,1,17,2,55,3,10,3,4,7,5,1,8,1,5,,74,,1,22,121.5436506,25.0310586
113,12,4,18,8,2,04大安區,大安區復興南路2段與瑞安街23巷口,0,0,1,2,C03,7,5,5,50,4,1,1,5,4,5,13,2,1,1,3,5,1,17,1,34,2,8,6,4,7,9,1,10,1,11,,44,,1,22,121.5436506,25.0310586
113,12,4,19,19,2,05中正區,中正區博愛路172號,0,0,1,1,B03,8,5,5,50,14,9,1,5,4,5,13,4,4,5,5,4,1,17,1,43,3,10,7,1,7,9,1,8,1,1,,107,,1,21,121.5110323,25.03766917
113,12,4,19,19,2,05中正區,中正區博愛路172號,0,0,1,2,C03,8,5,5,50,14,9,1,5,4,5,13,4,4,5,5,4,1,17,1,20,2,9,5,1,7,11,1,10,1,14,,10,,1,21,121.5110323,25.03766917
113,12,4,20,2,2,09北投區,、永興路一段50號、中和街252號、永興路二段1號,0,0,1,1,B03,8,5,5,50,14,9,1,5,4,5,13,4,4,9,4,5,1,10,1,39,2,1,7,1,7,9,6,8,2,1,,4,,1,21,121.500543,25.1395359
113,12,4,20,2,2,09北投區,、永興路一段50號、中和街252號、永興路二段1號,0,0,1,2,B03,8,5,5,50,14,9,1,5,4,5,13,4,4,9,4,5,1,10,1,60,3,10,7,1,7,9,1,8,2,1,,44,,1,21,121.500543,25.1395359
113,12,4,20,2,2,09北投區,、永興路一段50號、中和街252號、永興路二段1號,0,0,1,3,C03,8,5,5,50,14,9,1,5,4,5,13,4,4,9,4,5,1,10,2,48,3,10,3,4,7,13,7,19,11,14,,44,,1,21,121.500543,25.1395359
113,12,4,20,2,2,09北投區,、永興路一段50號、中和街252號、永興路二段1號,0,0,1,4,C03,8,5,5,50,14,9,1,5,4,5,13,4,4,9,4,5,1,10,2,44,3,10,3,4,7,13,7,19,11,14,,44,,1,21,121.500543,25.1395359
113,12,4,20,2,2,09北投區,、永興路一段50號、中和街252號、永興路二段1號,0,0,1,5,C03,8,5,5,50,14,9,1,5,4,5,13,4,4,9,4,5,1,10,1,29,3,10,3,4,7,13,7,19,11,14,,44,,1,21,121.500543,25.1395359
113,12,4,20,2,2,09北投區,、永興路一段50號、中和街252號、永興路二段1號,0,0,1,6,C03,8,5,5,50,14,9,1,5,4,5,13,4,4,9,4,5,1,10,1,57,3,10,3,4,7,13,7,19,9,14,,44,,1,21,121.500543,25.1395359
113,12,4,20,2,2,09北投區,、永興路一段50號、中和街252號、永興路二段1號,0,0,1,7,C03,8,5,5,50,14,9,1,5,4,5,13,4,4,9,4,5,1,10,1,40,3,10,3,4,7,13,7,19,11,14,,44,,1,21,121.500543,25.1395359
113,12,4,20,2,2,09北投區,、永興路一段50號、中和街252號、永興路二段1號,0,0,1,8,C03,8,5,5,50,14,9,1,5,4,5,13,4,4,9,4,5,1,10,2,60,3,10,3,4,7,13,7,19,11,14,,44,,1,21,121.500543,25.1395359
113,12,4,20,2,2,09北投區,、永興路一段50號、中和街252號、永興路二段1號,0,0,1,9,C03,8,5,5,50,14,9,1,5,4,5,13,4,4,9,4,5,1,10,1,43,3,10,3,4,7,13,7,19,11,14,,44,,1,21,121.500543,25.1395359
113,12,4,20,2,2,09北投區,、永興路一段50號、中和街252號、永興路二段1號,0,0,1,10,C03,8,5,5,50,14,9,1,5,4,5,13,4,4,9,4,5,1,10,1,34,3,10,3,4,7,13,7,19,11,14,,44,,1,21,121.500543,25.1395359
113,12,4,20,2,2,09北投區,、永興路一段50號、中和街252號、永興路二段1號,0,0,1,11,C03,8,5,5,50,14,9,1,5,4,5,13,4,4,9,4,5,1,10,1,43,3,10,3,4,7,13,7,19,11,14,,44,,1,21,121.500543,25.1395359
113,12,4,20,2,2,09北投區,、永興路一段50號、中和街252號、永興路二段1號,0,0,1,12,C03,8,5,5,50,14,9,1,5,4,5,13,4,4,9,4,5,1,10,2,53,3,10,3,4,7,13,7,19,11,14,,44,,1,21,121.500543,25.1395359
113,12,4,20,2,2,09北投區,、永興路一段50號、中和街252號、永興路二段1號,0,0,1,13,C04,8,5,5,50,14,9,1,5,4,5,13,4,4,9,4,5,1,10,2,59,3,10,3,4,7,13,7,19,11,14,,44,,1,21,121.500543,25.1395359
113,12,4,20,2,2,09北投區,、永興路一段50號、中和街252號、永興路二段1號,0,0,1,14,C03,8,5,5,50,14,9,1,5,4,5,13,4,4,9,4,5,1,10,1,68,3,10,3,4,7,13,7,19,11,14,,44,,1,21,121.500543,25.1395359
113,12,4,20,2,2,09北投區,、永興路一段50號、中和街252號、永興路二段1號,0,0,1,15,C03,8,5,5,50,14,9,1,5,4,5,13,4,4,9,4,5,1,10,2,59,3,10,3,4,7,13,7,19,11,14,,44,,1,21,121.500543,25.1395359
113,12,4,20,2,2,09北投區,、永興路一段50號、中和街252號、永興路二段1號,0,0,1,16,C03,8,5,5,50,14,9,1,5,4,5,13,4,4,9,4,5,1,10,1,59,3,10,3,4,7,13,7,19,11,14,,44,,1,21,121.500543,25.1395359
113,12,4,20,2,2,09北投區,、永興路一段50號、中和街252號、永興路二段1號,0,0,1,17,C03,8,5,5,50,14,9,1,5,4,5,13,4,4,9,4,5,1,10,2,46,3,10,3,4,7,13,7,19,11,14,,44,,1,21,121.500543,25.1395359
113,12,4,20,2,2,09北投區,、永興路一段50號、中和街252號、永興路二段1號,0,0,1,18,C03,8,5,5,50,14,9,1,5,4,5,13,4,4,9,4,5,1,10,1,66,3,10,3,4,7,13,7,19,11,14,,44,,1,21,121.500543,25.1395359
113,12,4,20,2,2,09北投區,、永興路一段50號、中和街252號、永興路二段1號,0,0,1,19,,8,5,5,50,14,9,1,5,4,5,13,4,4,9,4,5,1,10,3,38,,,,,,,,,,,,67,,1,,121.500543,25.1395359
113,12,4,20,2,2,09北投區,、永興路一段50號、中和街252號、永興路二段1號,0,0,1,20,,8,5,5,50,14,9,1,5,4,5,13,4,4,9,4,5,1,10,3,68,,,,,,,,,,,,67,,1,,121.500543,25.1395359
113,12,4,20,21,2,04大安區,大安區羅斯福路4段與基隆路4段口,0,0,1,1,C03,7,5,5,50,4,1,1,5,4,5,13,1,1,1,3,5,2,17,2,27,2,9,5,1,7,7,1,10,1,14,,100,,1,21,121.5374267,25.0111936
113,12,4,20,21,2,04大安區,大安區羅斯福路4段與基隆路4段口,0,0,1,2,C03,7,5,5,50,4,1,1,5,4,5,13,1,1,1,3,5,2,17,1,20,3,10,5,1,7,9,6,10,1,12,,44,,1,21,121.5374267,25.0111936
113,12,4,20,24,2,01大同區,大同區延平北路3段4號,0,0,2,1,C03,7,5,5,50,14,9,1,5,4,5,13,4,4,5,4,5,2,16,1,81,2,8,5,1,7,11,1,10,1,14,,10,,1,21,121.5111569,25.063509
113,12,4,20,24,2,01大同區,大同區延平北路3段4號,0,0,2,2,C03,7,5,5,50,14,9,1,5,4,5,13,4,4,5,4,5,2,16,1,37,2,5,5,1,7,9,1,10,1,11,,44,,1,21,121.5111569,25.063509
113,12,4,21,4,2,04大安區,大安區通化街57巷3號(西往東),0,0,1,1,C03,8,5,6,30,14,9,1,5,4,5,13,4,4,10,5,5,2,17,1,44,3,10,3,4,7,15,1,10,9,17,,108,,2,21,121.5543831,25.0305516
113,12,4,21,4,2,04大安區,大安區通化街57巷3號(西往東),0,0,1,2,C03,8,5,6,30,14,9,1,5,4,5,13,4,4,10,5,5,2,17,1,30,2,9,3,4,7,12,1,10,1,14,,116,,1,21,121.5543831,25.0305516
113,12,4,21,28,2,10文山區,文山區景華街與景華街52巷口口,0,0,2,1,C03,8,6,5,50,3,1,1,5,4,5,13,4,4,9,5,5,2,16,1,64,2,9,5,1,7,5,1,9,1,11,,74,,1,21,121.5432842,24.99538627
113,12,4,21,28,2,10文山區,文山區景華街與景華街52巷口口,0,0,2,2,C03,8,6,5,50,3,1,1,5,4,5,13,4,4,9,5,5,2,16,1,50,2,3,6,1,7,9,1,9,1,11,,108,,1,21,121.5432842,24.99538627
113,12,4,21,53,2,07信義區,信義區基隆路1段35巷7弄與松隆路123巷口口,0,0,2,1,C03,7,5,8,30,4,1,1,5,4,5,13,4,4,5,4,5,2,15,1,20,2,9,6,1,7,9,1,10,1,11,,72,,1,22,121.5716329,25.0479798
113,12,4,21,53,2,07信義區,信義區基隆路1段35巷7弄與松隆路123巷口口,0,0,2,2,C03,7,5,8,30,4,1,1,5,4,5,13,4,4,5,4,5,2,15,1,30,2,9,6,1,7,9,1,10,1,14,,14,,1,22,121.5716329,25.0479798
113,12,4,22,5,2,03中山區,中山區龍江路與合江街105巷口,0,0,1,1,C03,7,5,5,30,4,2,1,5,4,5,13,4,4,9,5,5,2,17,1,18,3,10,3,4,7,5,1,10,1,11,,44,,1,21,121.5407211,25.059841
113,12,4,22,5,2,03中山區,中山區龍江路與合江街105巷口,0,0,1,2,C03,7,5,5,30,4,2,1,5,4,5,13,4,4,9,5,5,2,17,1,39,3,10,3,4,7,9,1,10,1,12,,44,,1,21,121.5407211,25.059841
113,12,4,22,5,2,03中山區,中山區龍江路與合江街105巷口,0,0,1,3,H02,7,5,5,30,4,2,1,5,4,5,13,4,4,9,5,5,2,17,2,36,2,8,3,5,7,20,8,20,10,16,,60,,1,21,121.5407211,25.059841
113,12,4,22,5,2,03中山區,中山區龍江路與合江街105巷口,0,0,1,4,B03,7,5,5,30,4,2,1,5,4,5,13,4,4,9,5,5,2,17,1,50,3,10,3,4,7,13,1,8,9,17,,38,,2,21,121.5407211,25.059841
113,12,5,1,58,2,05中正區,中正區市民大道2段與林森北路口,0,0,2,1,C04,8,5,5,50,4,1,1,5,4,5,13,1,1,1,4,5,2,12,1,16,2,9,6,1,7,15,2,18,2,12,,100,,1,21,121.5241641,25.0476872
113,12,5,1,58,2,05中正區,中正區市民大道2段與林森北路口,0,0,2,2,C03,8,5,5,50,4,1,1,5,4,5,13,1,1,1,4,5,2,12,1,26,2,9,6,1,7,9,1,10,2,11,,44,,1,21,121.5241641,25.0476872
113,12,5,4,33,2,03中山區,中山區林森北路與林森北路399巷口,0,0,1,1,B03,8,5,5,50,4,1,1,5,4,5,13,2,1,5,5,5,2,16,1,35,3,10,7,4,7,5,1,8,2,1,,71,,1,21,121.5255738,25.0591041
113,12,5,4,33,2,03中山區,中山區林森北路與林森北路399巷口,0,0,1,2,C03,8,5,5,50,4,1,1,5,4,5,13,2,1,5,5,5,2,16,1,46,2,9,6,1,7,9,1,10,2,14,,44,,1,21,121.5255738,25.0591041
113,12,5,7,35,2,08士林區,士林區克強路與磺溪便道口,0,0,2,1,C03,8,5,5,30,4,1,1,5,4,5,13,4,4,5,5,5,2,15,2,64,2,9,6,1,7,9,1,10,1,11,,72,,1,21,121.5224982,25.1092195
113,12,5,7,35,2,08士林區,士林區克強路與磺溪便道口,0,0,2,2,C03,8,5,5,30,4,1,1,5,4,5,13,4,4,5,5,5,2,15,2,46,2,8,6,1,7,9,1,9,1,11,,44,,1,21,121.5224982,25.1092195
113,12,5,7,36,2,02萬華區,萬華區東園街154巷9弄與東園街154巷9弄口,0,0,1,1,C03,8,5,5,30,3,1,1,5,4,5,13,4,4,10,5,5,2,17,2,51,4,11,5,1,7,9,3,18,9,11,,89,,2,22,121.4970852,25.02305123
113,12,5,7,36,2,02萬華區,萬華區東園街154巷9弄與東園街154巷9弄口,0,0,1,2,C03,8,5,5,30,3,1,1,5,4,5,13,4,4,10,5,5,2,17,2,18,2,7,5,4,7,5,1,10,1,11,,44,,1,25,121.4970852,25.02305123
113,12,5,7,36,2,12內湖區,內湖區成功路4段與成功路4段61巷口口,0,0,1,1,B03,7,6,5,50,3,18,1,5,4,5,13,2,1,1,5,5,2,3,1,62,3,10,7,1,7,5,1,8,2,1,,70,,1,21,121.5941112,25.07087653
113,12,5,7,36,2,12內湖區,內湖區成功路4段與成功路4段61巷口口,0,0,1,2,H01,7,6,5,50,3,18,1,5,4,5,13,2,1,1,5,5,2,3,2,47,2,9,4,5,8,16,8,20,10,16,,67,,1,21,121.5941112,25.07087653
113,12,5,8,18,2,03中山區,中山區濱江街269號,0,0,1,1,B03,7,6,5,50,14,9,1,5,4,5,13,4,4,10,3,5,1,17,1,28,3,10,7,1,7,6,1,8,1,5,,9,,1,21,121.5427562,25.0724943
113,12,5,8,18,2,03中山區,中山區濱江街269號,0,0,1,2,C03,7,6,5,50,14,9,1,5,4,5,13,4,4,10,3,5,1,17,1,64,2,9,5,1,7,9,1,10,1,14,,44,,1,21,121.5427562,25.0724943
113,12,5,8,26,2,07信義區,信義區信安街15巷與吳興街156巷65弄口,0,0,2,1,C03,7,6,5,30,4,1,1,5,4,5,13,4,4,9,4,5,1,15,1,52,2,8,3,4,7,9,1,10,1,11,,72,,1,21,121.559114,25.0278249
113,12,5,8,26,2,07信義區,信義區信安街15巷與吳興街156巷65弄口,0,0,2,2,C03,7,6,5,30,4,1,1,5,4,5,13,4,4,9,4,5,1,15,2,20,2,7,3,4,7,9,1,10,1,12,,13,,1,21,121.559114,25.0278249
113,12,5,8,27,2,06松山區,松山區光復北路11巷97號,0,0,1,1,C03,7,6,5,50,14,9,1,5,4,5,13,4,4,9,5,5,2,17,1,27,2,9,6,1,7,9,1,10,1,15,,16,,1,21,121.5622147,25.0503267
113,12,5,8,27,2,06松山區,松山區光復北路11巷97號,0,0,1,2,B03,7,6,5,50,14,9,1,5,4,5,13,4,4,9,5,5,2,17,1,63,3,10,7,1,7,9,1,8,1,17,,44,,1,21,121.5622147,25.0503267
113,12,5,8,27,2,06松山區,松山區光復北路11巷97號,0,0,1,3,B01,7,6,5,50,14,9,1,5,4,5,13,4,4,9,5,5,2,17,1,56,3,10,7,1,7,14,1,4,9,17,,99,,1,21,121.5622147,25.0503267
113,12,5,8,52,2,05中正區,中正區青島東路1號,0,0,1,1,C03,8,7,5,50,14,7,1,5,4,5,13,4,4,4,3,4,2,13,2,39,3,10,5,1,7,9,1,10,2,11,,16,,1,26,121.520102,25.0443123
113,12,5,8,52,2,05中正區,中正區青島東路1號,0,0,1,2,C03,8,7,5,50,14,7,1,5,4,5,13,4,4,4,3,4,2,13,2,23,2,7,5,1,7,12,1,10,2,13,,44,,1,26,121.520102,25.0443123
113,12,5,8,52,2,05中正區,中正區青島東路1號,0,0,1,3,C03,8,7,5,50,14,7,1,5,4,5,13,4,4,4,3,4,2,13,1,21,3,10,5,1,7,14,1,10,2,13,,44,,1,26,121.520102,25.0443123
113,12,5,8,56,2,12內湖區,內湖區行善路468號,0,0,1,1,C03,8,6,5,40,14,8,1,5,4,5,13,4,4,1,4,4,2,18,2,26,2,9,5,1,7,9,1,10,1,14,,116,,1,21,121.5854271,25.0645862
113,12,5,8,56,2,12內湖區,內湖區行善路468號,0,0,1,2,,8,6,5,40,14,8,1,5,4,5,13,4,4,1,4,4,2,18,3,,,,,,,,,,,,,67,,1,,121.5854271,25.0645862
113,12,5,8,56,2,12內湖區,內湖區行善路468號,0,0,1,3,B01,8,6,5,40,14,8,1,5,4,5,13,4,4,1,4,4,2,18,1,39,3,10,7,1,7,8,1,4,9,17,,80,,1,21,121.5854271,25.0645862
113,12,5,8,56,2,12內湖區,內湖區行善路468號,0,0,1,4,B12,8,6,5,40,14,8,1,5,4,5,13,4,4,1,4,4,2,18,1,44,3,10,7,1,7,14,1,8,9,17,,38,,1,21,121.5854271,25.0645862
113,12,5,9,0,2,10文山區,文山區興隆路2段244巷與興隆路2段口,0,0,1,1,C03,8,6,5,50,3,1,1,5,4,5,13,4,4,5,5,5,2,16,2,20,2,9,5,1,7,5,1,10,1,12,,72,,1,21,121.5538015,25.0011381
113,12,5,9,0,2,10文山區,文山區興隆路2段244巷與興隆路2段口,0,0,1,2,B03,8,6,5,50,3,1,1,5,4,5,13,4,4,5,5,5,2,16,1,72,3,10,7,1,7,9,1,8,1,8,,44,,1,21,121.5538015,25.0011381
113,12,5,9,2,2,04大安區,大安區復興南路2段與復興南路2段12巷口,0,0,2,1,C03,8,7,5,50,14,9,1,5,4,5,13,4,4,3,4,5,2,17,2,44,4,11,3,4,7,6,1,10,9,13,,44,,2,21,121.5434731,25.0328023
113,12,5,9,2,2,04大安區,大安區復興南路2段與復興南路2段12巷口,0,0,2,2,C04,8,7,5,50,14,9,1,5,4,5,13,4,4,3,4,5,2,17,2,36,2,9,3,4,7,9,1,10,1,11,,16,,2,21,121.5434731,25.0328023
113,12,5,9,2,2,04大安區,大安區復興南路2段與復興南路2段12巷口,0,0,2,3,C03,8,7,5,50,14,9,1,5,4,5,13,4,4,3,4,5,2,17,2,32,2,9,3,4,7,9,1,10,1,11,,44,,1,21,121.5434731,25.0328023
113,12,5,9,2,2,05中正區,中正區中華路1段與愛國西路口,0,0,1,1,B03,8,7,5,50,5,1,1,5,4,5,13,1,1,10,5,5,2,17,1,65,3,10,7,1,7,6,1,8,2,4,,44,,1,21,121.5071057,25.0375125
113,12,5,9,2,2,05中正區,中正區中華路1段與愛國西路口,0,0,1,2,C03,8,7,5,50,5,1,1,5,4,5,13,1,1,10,5,5,2,17,1,30,2,9,5,1,7,9,1,10,2,11,,44,,1,21,121.5071057,25.0375125
113,12,5,9,15,2,11南港區,南港區東新街108巷與東新街80巷口,0,0,1,1,B02,8,7,5,50,3,1,1,5,4,5,13,2,1,5,4,5,2,16,2,43,3,10,7,1,7,5,1,8,1,8,,8,,1,21,121.5875187,25.0450283
113,12,5,9,15,2,11南港區,南港區東新街108巷與東新街80巷口,0,0,1,2,C03,8,7,5,50,3,1,1,5,4,5,13,2,1,5,4,5,2,16,2,23,2,1,5,1,7,9,1,10,1,12,,44,,1,21,121.5875187,25.0450283
113,12,5,9,20,2,01大同區,大同區延平北路2段與民權西路口,0,0,2,1,C03,8,6,5,50,4,1,1,5,4,5,13,1,1,5,2,5,2,17,1,61,2,9,5,1,7,9,1,10,2,14,,81,,1,21,121.5112673,25.0628288
113,12,5,9,20,2,01大同區,大同區延平北路2段與民權西路口,0,0,2,2,C03,8,6,5,50,4,1,1,5,4,5,13,1,1,5,2,5,2,17,2,22,2,9,5,1,7,9,1,10,2,11,,44,,1,21,121.5112673,25.0628288
113,12,5,9,28,2,05中正區,中正區林森北路與北平東路口,0,0,1,1,B03,8,7,5,50,4,1,1,5,4,5,13,1,1,4,3,4,2,17,2,64,3,10,7,1,7,5,1,8,1,2,,74,,1,21,121.523806,25.0463495
113,12,5,9,28,2,05中正區,中正區林森北路與北平東路口,0,0,1,2,C03,8,7,5,50,4,1,1,5,4,5,13,1,1,4,3,4,2,17,2,36,2,9,6,1,7,9,1,10,1,11,,44,,1,21,121.523806,25.0463495
113,12,5,9,35,2,12內湖區,內湖區瑞光路與瑞光路112巷口口,0,0,2,1,C04,7,6,5,50,3,1,1,5,4,5,13,2,1,5,4,4,2,16,2,25,2,9,5,1,7,5,1,10,1,12,,74,,1,21,121.5805671,25.07197642
113,12,5,9,35,2,12內湖區,內湖區瑞光路與瑞光路112巷口口,0,0,2,2,C03,7,6,5,50,3,1,1,5,4,5,13,2,1,5,4,4,2,16,1,44,2,9,5,1,7,9,1,9,1,11,,44,,1,21,121.5805671,25.07197642
113,12,5,9,35,2,07信義區,信義區光復南路419巷與光復南路421巷6弄口,0,0,1,1,B12,8,7,5,30,4,1,1,5,4,5,13,4,4,10,5,5,2,15,1,51,3,10,7,4,7,9,1,8,2,8,,72,,1,21,121.558411,25.0365005
113,12,5,9,35,2,07信義區,信義區光復南路419巷與光復南路421巷6弄口,0,0,1,2,C03,8,7,5,30,4,1,1,5,4,5,13,4,4,10,5,5,2,15,1,75,2,9,5,1,7,9,1,10,2,11,,44,,1,21,121.558411,25.0365005
113,12,5,9,35,2,07信義區,信義區基隆路1段37巷與基隆路1段87巷口,0,0,1,1,B12,8,6,5,30,4,1,1,5,4,5,13,4,4,10,5,5,2,15,1,20,3,10,7,1,7,9,1,8,2,8,,72,,1,21,121.5688624,25.0462729
113,12,5,9,35,2,07信義區,信義區基隆路1段37巷與基隆路1段87巷口,0,0,1,2,G06,8,6,5,30,4,1,1,5,4,5,13,4,4,10,5,5,2,15,2,80,2,8,4,1,7,9,8,20,2,16,,4,,1,21,121.5688624,25.0462729
113,12,5,10,5,2,03中山區,中山區南京東路2段與松江路口,0,0,2,1,C03,8,7,5,50,4,1,1,5,4,5,13,1,1,1,4,5,2,13,1,23,2,9,5,1,7,9,1,10,1,11,,16,,1,21,121.5333115,25.05231027
113,12,5,10,5,2,03中山區,中山區南京東路2段與松江路口,0,0,2,2,C03,8,7,5,50,4,1,1,5,4,5,13,1,1,1,4,5,2,13,1,28,2,9,5,1,7,6,1,10,1,13,,44,,1,21,121.5333115,25.05231027
113,12,5,10,30,2,03中山區,中山區新生北路1段與長安東路2段口,0,0,3,1,B01,8,7,5,50,4,1,1,5,4,5,13,1,1,1,4,5,2,15,1,65,3,10,7,1,7,9,1,4,1,4,,81,,1,22,121.5297894,25.0482625
113,12,5,10,30,2,03中山區,中山區新生北路1段與長安東路2段口,0,0,3,2,B03,8,7,5,50,4,1,1,5,4,5,13,1,1,1,4,5,2,15,2,69,3,10,7,1,7,9,1,8,1,1,,44,,1,22,121.5297894,25.0482625
113,12,5,10,30,2,03中山區,中山區新生北路1段與長安東路2段口,0,0,3,3,H02,8,7,5,50,4,1,1,5,4,5,13,1,1,1,4,5,2,15,1,77,2,9,7,5,7,17,8,20,10,16,,67,,1,22,121.5297894,25.0482625
113,12,5,10,30,2,03中山區,中山區新生北路1段與長安東路2段口,0,0,3,4,H02,8,7,5,50,4,1,1,5,4,5,13,1,1,1,4,5,2,15,2,75,2,9,7,5,7,17,8,20,10,16,,67,,1,22,121.5297894,25.0482625
113,12,5,10,30,2,03中山區,中山區新生北路1段與長安東路2段口,0,0,3,5,H02,8,7,5,50,4,1,1,5,4,5,13,1,1,1,4,5,2,15,1,69,2,9,7,5,7,17,8,20,10,16,,67,,1,22,121.5297894,25.0482625
113,12,5,11,17,2,04大安區,大安區基隆路3段台科大前,0,0,1,1,C04,7,5,5,40,14,8,1,5,4,5,13,4,4,1,3,1,1,17,2,82,2,9,5,1,7,7,1,8,1,14,,101,,1,21,121.5411369,25.01446756
113,12,5,11,17,2,04大安區,大安區基隆路3段台科大前,0,0,1,2,B03,7,5,5,40,14,8,1,5,4,5,13,4,4,1,3,1,1,17,2,46,3,10,2,1,7,9,1,8,1,2,,44,,1,21,121.5411369,25.01446756
113,12,5,11,17,2,04大安區,大安區基隆路3段台科大前,0,0,1,3,B12,7,5,5,40,14,8,1,5,4,5,13,4,4,1,3,1,1,17,1,47,3,10,2,1,7,14,1,8,1,17,,44,,1,21,121.5411369,25.01446756
113,12,5,11,20,2,07信義區,信義區松山路340號,0,0,1,2,B03,7,7,5,50,14,9,1,5,4,5,13,4,4,1,4,5,2,13,1,63,3,10,7,1,7,9,1,8,1,3,,44,,1,21,121.5777968,25.04180905
113,12,5,11,20,2,07信義區,信義區松山路340號,0,0,1,1,C03,7,7,5,50,14,9,1,5,4,5,13,4,4,1,4,5,2,13,2,18,2,8,5,1,7,9,1,10,1,11,,118,,1,21,121.5777968,25.04180905
113,12,5,11,40,2,12內湖區,內湖區成功路4段61巷與成功路4段口,0,0,2,1,C03,7,6,5,50,3,2,1,5,4,5,13,2,1,5,5,5,2,10,2,68,2,9,6,1,7,4,1,10,1,11,,94,,1,22,121.5944997,25.07102761
113,12,5,11,40,2,12內湖區,內湖區成功路4段61巷與成功路4段口,0,0,2,2,C03,7,6,5,50,3,2,1,5,4,5,13,2,1,5,5,5,2,10,2,63,2,9,5,1,7,15,1,10,1,11,,83,,1,22,121.5944997,25.07102761
113,12,5,11,42,2,05中正區,中正區中華路1段與忠孝西路1段口,0,0,1,1,B13,8,6,5,50,4,1,1,5,4,5,13,1,1,1,4,5,1,12,1,31,3,10,7,1,7,9,1,8,2,4,,17,,1,21,121.5100964,25.0479211
113,12,5,11,42,2,05中正區,中正區中華路1段與忠孝西路1段口,0,0,1,2,C03,8,6,5,50,4,1,1,5,4,5,13,1,1,1,4,5,1,12,1,64,2,9,5,1,7,9,1,10,2,12,,17,,1,22,121.5100964,25.0479211
113,12,5,12,23,2,05中正區,中正區汀州路1段217號,0,0,2,1,C03,8,6,5,50,14,9,1,5,4,5,13,4,4,9,4,5,2,16,1,18,2,7,5,1,7,11,1,10,1,14,,10,,1,21,121.5118252,25.02675813
113,12,5,12,23,2,05中正區,中正區汀州路1段217號,0,0,2,2,C03,8,6,5,50,14,9,1,5,4,5,13,4,4,9,4,5,2,16,2,35,2,9,5,1,7,9,1,10,1,12,,44,,1,21,121.5118252,25.02675813
113,12,5,12,36,2,06松山區,松山區南京東路5段與寶清街口,0,0,1,1,C03,8,6,5,50,4,1,1,5,4,5,13,2,1,1,4,5,2,13,1,30,3,10,6,1,7,15,6,10,1,13,,101,,1,21,121.5683463,25.05144339
113,12,5,12,36,2,06松山區,松山區南京東路5段與寶清街口,0,0,1,2,C03,8,6,5,50,4,1,1,5,4,5,13,2,1,1,4,5,2,13,2,29,2,9,6,1,7,9,1,10,1,11,,44,,1,21,121.5683463,25.05144339
113,12,5,13,7,2,04大安區,大安區基隆路3段往北p401號橋柱前,0,0,2,1,C03,8,7,5,50,14,9,1,5,4,5,13,4,4,1,4,5,2,17,2,54,2,9,6,1,7,8,3,18,1,12,,101,,1,21,121.5458768,25.01839099
113,12,5,13,7,2,04大安區,大安區基隆路3段往北p401號橋柱前,0,0,2,2,C03,8,7,5,50,14,9,1,5,4,5,13,4,4,1,4,5,2,17,2,32,2,9,6,1,7,9,1,10,1,11,,44,,1,21,121.5458768,25.01839099
113,12,5,13,7,2,04大安區,大安區基隆路3段往北p401號橋柱前,0,0,2,3,B03,8,7,5,50,14,9,1,5,4,5,13,4,4,1,4,5,2,17,1,48,3,10,7,1,7,14,1,8,1,5,,44,,1,21,121.5458768,25.01839099