發生年度,發生月,發生日,發生時-Hours,發生分,處理別-編號,區序,肇事地點,死亡人數,2-30日死亡人數,受傷人數,當事人序號,車種,天候,道路照明設備,道路類別,速限-速度限制,道路型態,事故位置,路面狀況1,路面狀況2,路面狀況3,道路障礙1,道路障礙2,號誌1,號誌2,車道劃分-分向,車道劃分-分道1,車道劃分-分道2,車道劃分-分道3,事故類型及型態,性別,年齡,受傷程度,主要傷處,保護裝置,行動電話,車輛用途,當事者行動狀態,駕駛資格情形,駕駛執照種類,飲酒情形,車輛撞擊部位1,車輛撞擊部位2,肇因碼-個別,肇因碼-主要,個人肇逃否,職業,座標-X,座標-Y
113,12,5,13,23,2,03中山區,中山區基湖路與基湖路151巷口,0,0,1,1,C04,8,7,5,50,4,1,1,5,4,5,13,1,1,1,4,5,2,13,2,21,2,7,5,1,7,5,1,10,1,13,,8,,1,21,121.5635931,25.07799441
113,12,5,13,23,2,03中山區,中山區基湖路與基湖路151巷口,0,0,1,2,B03,8,7,5,50,4,1,1,5,4,5,13,1,1,1,4,5,2,13,1,68,3,10,7,1,7,9,1,8,1,1,,44,,1,21,121.5635931,25.07799441
113,12,5,13,35,2,10文山區,文山區興隆路4段與興隆路4段1巷口,0,0,3,1,C03,7,6,5,50,3,2,1,5,4,5,13,1,1,1,4,5,2,17,2,20,2,8,3,4,7,9,1,10,1,11,,108,,1,22,121.5590161,24.9910254
113,12,5,13,35,2,10文山區,文山區興隆路4段與興隆路4段1巷口,0,0,3,2,C03,7,6,5,50,3,2,1,5,4,5,13,1,1,1,4,5,2,17,1,26,2,7,3,4,7,14,1,10,1,14,,44,,1,22,121.5590161,24.9910254
113,12,5,13,35,2,10文山區,文山區興隆路4段與興隆路4段1巷口,0,0,3,3,H02,7,6,5,50,3,2,1,5,4,5,13,1,1,1,4,5,2,17,2,27,2,9,3,5,7,20,8,20,10,16,,60,,1,22,121.5590161,24.9910254
113,12,5,13,39,2,06松山區,松山區南京東路5段234-1號,0,0,2,1,C03,7,6,5,50,14,9,1,5,4,5,13,4,4,1,4,5,2,13,2,28,2,9,5,1,7,6,1,10,2,13,,118,,1,21,121.5658407,25.0513065
113,12,5,13,39,2,06松山區,松山區南京東路5段234-1號,0,0,2,2,C03,7,6,5,50,14,9,1,5,4,5,13,4,4,1,4,5,2,13,1,46,2,9,5,1,7,6,1,10,2,11,,118,,1,21,121.5658407,25.0513065
113,12,5,13,43,2,08士林區,士林區承德路5段與士商路口,0,0,1,1,B03,8,6,5,50,4,2,1,5,4,5,13,2,1,1,4,4,1,17,2,50,3,10,7,1,7,6,1,8,2,1,,9,,1,21,121.5139897,25.0964145
113,12,5,13,43,2,08士林區,士林區承德路5段與士商路口,0,0,1,2,C03,8,6,5,50,4,2,1,5,4,5,13,2,1,1,4,4,1,17,2,20,2,9,6,1,7,5,1,10,2,12,,44,,1,21,121.5139897,25.0964145
113,12,5,14,7,2,12內湖區,內湖區金龍路97號,0,0,1,1,C03,7,7,5,50,14,8,1,5,4,5,13,1,1,4,3,4,1,13,2,19,2,9,6,1,7,8,1,10,1,11,,108,,1,21,121.5913387,25.0854212
113,12,5,14,7,2,12內湖區,內湖區金龍路97號,0,0,1,2,B02,7,7,5,50,14,8,1,5,4,5,13,1,1,4,3,4,1,13,1,56,3,10,7,1,7,8,1,8,1,3,,44,,1,21,121.5913387,25.0854212
113,12,5,14,20,2,11南港區,南港區忠孝東路6段132號,0,0,1,1,C03,8,7,5,50,14,9,1,5,4,5,13,4,4,1,4,5,2,17,1,45,2,7,5,1,7,9,1,10,1,12,,108,,1,21,121.5854101,25.0480699
113,12,5,14,20,2,11南港區,南港區忠孝東路6段132號,0,0,1,2,C03,8,7,5,50,14,9,1,5,4,5,13,4,4,1,4,5,2,17,1,30,3,10,5,1,7,13,1,10,1,13,,44,,1,21,121.5854101,25.0480699
113,12,5,14,38,2,01大同區,大同區延平北路2段117號,0,0,1,1,F01,7,6,5,0,22,25,4,5,5,1,13,4,4,10,5,5,2,1,1,73,3,10,3,4,7,9,8,20,1,15,,108,,1,21,121.5116435,25.0571418
113,12,5,14,38,2,01大同區,大同區延平北路2段117號,0,0,1,2,H01,7,6,5,0,22,25,4,5,5,1,13,4,4,10,5,5,2,1,2,37,2,9,4,5,8,16,8,20,10,16,,67,,1,21,121.5116435,25.0571418
113,12,5,14,47,2,01大同區,大同區西寧北路82之5號,0,0,1,1,C03,8,6,5,50,14,9,1,5,4,5,13,4,4,5,4,5,2,13,2,38,2,9,6,1,7,9,1,10,2,11,,107,,1,21,121.5088346,25.0547823
113,12,5,14,47,2,01大同區,大同區西寧北路82之5號,0,0,1,2,B03,8,6,5,50,14,9,1,5,4,5,13,4,4,5,4,5,2,13,1,56,3,10,7,1,7,14,1,8,2,7,,38,,1,21,121.5088346,25.0547823
113,12,5,15,2,2,06松山區,松山區南京東路5段與三民路口,0,0,1,1,B03,8,5,5,50,4,1,1,5,4,5,13,2,1,3,4,5,2,17,1,45,3,10,3,4,7,15,1,8,2,4,,98,,1,22,121.5640779,25.0514252
113,12,5,15,2,2,06松山區,松山區南京東路5段與三民路口,0,0,1,2,C03,8,5,5,50,4,1,1,5,4,5,13,2,1,3,4,5,2,17,1,60,2,9,6,4,7,9,1,10,2,14,,13,,1,22,121.5640779,25.0514252
113,12,5,15,7,2,07信義區,信義區信義路5段1號,0,0,1,1,C03,8,6,5,50,14,9,1,5,4,5,13,4,4,9,3,5,2,13,1,54,3,10,3,4,7,8,1,10,1,13,14,100,,1,21,121.5603886,25.0331176
113,12,5,15,7,2,07信義區,信義區信義路5段1號,0,0,1,2,C03,8,6,5,50,14,9,1,5,4,5,13,4,4,9,3,5,2,13,2,53,2,4,3,4,7,9,1,10,1,11,,44,,1,21,121.5603886,25.0331176
113,12,5,15,7,2,07信義區,信義區信義路5段1號,0,0,1,3,B03,8,6,5,50,14,9,1,5,4,5,13,4,4,9,3,5,2,13,1,50,3,10,3,4,7,14,1,8,1,6,,44,,1,21,121.5603886,25.0331176
113,12,5,15,33,2,05中正區,中正區汀州路1段與汀州路1段252巷口口對面,0,0,2,1,C03,8,6,5,50,4,1,1,5,4,5,13,4,4,5,5,5,1,3,1,73,2,8,6,1,7,9,3,18,2,11,,70,,1,21,121.5106232,25.02719691
113,12,5,15,33,2,05中正區,中正區汀州路1段與汀州路1段252巷口口對面,0,0,2,2,H01,8,6,5,50,4,1,1,5,4,5,13,4,4,5,5,5,1,3,1,70,2,1,4,5,8,16,8,20,10,16,,67,,1,21,121.5106232,25.02719691
113,12,5,15,53,2,03中山區,中山區中山北路2段與長春路口,0,0,1,1,B03,8,7,5,50,4,1,1,5,4,5,13,1,1,1,4,5,2,3,1,55,3,10,7,1,7,5,1,8,1,15,,70,,1,21,121.5226647,25.0548908
113,12,5,15,53,2,03中山區,中山區中山北路2段與長春路口,0,0,1,2,H01,8,7,5,50,4,1,1,5,4,5,13,1,1,1,4,5,2,3,1,27,2,7,4,5,8,16,8,20,10,16,,67,,1,21,121.5226647,25.0548908
113,12,5,15,55,2,03中山區,中山區松江路與市民大道3段口,0,0,1,1,B03,7,6,5,50,5,2,1,5,4,5,13,2,1,8,3,5,1,17,1,31,3,10,7,1,7,6,1,8,1,5,,9,,1,21,121.533036,25.04553105
113,12,5,15,55,2,03中山區,中山區松江路與市民大道3段口,0,0,1,2,C03,7,6,5,50,5,2,1,5,4,5,13,2,1,8,3,5,1,17,1,29,2,9,5,1,7,9,1,10,1,11,,44,,1,21,121.533036,25.04553105
113,12,5,15,59,2,04大安區,大安區永康街17巷與信義路2段198巷口,0,0,1,1,C03,8,6,5,30,4,1,1,5,4,5,13,4,4,10,5,5,2,15,2,40,2,9,6,1,7,9,1,10,1,13,,72,,1,21,121.5307089,25.0323763
113,12,5,15,59,2,04大安區,大安區永康街17巷與信義路2段198巷口,0,0,1,2,B03,8,6,5,30,4,1,1,5,4,5,13,4,4,10,5,5,2,15,2,28,3,10,7,1,7,9,1,8,1,1,,107,,1,21,121.5307089,25.0323763
113,12,5,16,5,2,03中山區,中山區農安街231號,0,0,1,1,B03,8,6,5,50,14,9,1,5,4,5,13,4,4,4,5,5,1,12,1,75,3,10,3,4,7,1,1,8,1,8,,19,,1,21,121.534118,25.06474171
113,12,5,16,5,2,03中山區,中山區農安街231號,0,0,1,2,C03,8,6,5,50,14,9,1,5,4,5,13,4,4,4,5,5,1,12,1,60,2,5,3,4,7,9,1,10,1,12,,108,,1,21,121.534118,25.06474171
113,12,5,16,40,2,05中正區,中正區館前路8號,0,0,1,1,C03,8,6,5,50,14,9,1,5,4,5,13,4,4,10,4,5,1,12,1,66,2,9,5,1,7,7,1,10,2,14,,100,,1,21,121.51497,25.0457002
113,12,5,16,40,2,05中正區,中正區館前路8號,0,0,1,2,B03,8,6,5,50,14,9,1,5,4,5,13,4,4,10,4,5,1,12,2,47,3,10,7,1,7,9,1,8,2,2,,44,,1,22,121.51497,25.0457002
113,12,5,16,55,2,12內湖區,內湖區成功路2段與南京東路6段口,0,0,2,1,B03,7,5,6,50,3,2,1,5,4,5,13,4,4,1,5,5,2,17,1,55,3,10,7,1,7,15,1,8,2,8,,72,,1,21,121.5910835,25.0611234
113,12,5,16,55,2,12內湖區,內湖區成功路2段與南京東路6段口,0,0,2,2,C03,7,5,6,50,3,2,1,5,4,5,13,4,4,1,5,5,2,17,2,54,2,9,5,1,7,9,1,10,2,12,,44,,1,21,121.5910835,25.0611234
113,12,5,16,55,2,12內湖區,內湖區成功路2段與南京東路6段口,0,0,2,3,H02,7,5,6,50,3,2,1,5,4,5,13,4,4,1,5,5,2,17,2,57,2,9,5,5,7,20,8,20,10,16,,67,,1,21,121.5910835,25.0611234
113,12,5,17,8,2,11南港區,南港區研究院路2段130號,0,0,1,1,B03,8,5,5,50,14,9,1,5,4,5,13,4,4,5,4,5,2,16,2,47,3,10,7,1,7,5,1,8,2,8,,8,,1,21,121.6174722,25.0397383
113,12,5,17,8,2,11南港區,南港區研究院路2段130號,0,0,1,2,C03,8,5,5,50,14,9,1,5,4,5,13,4,4,5,4,5,2,16,1,36,2,8,5,1,7,9,1,10,1,11,,44,,1,21,121.6174722,25.0397383
113,12,5,17,11,2,01大同區,大同區哈密街與哈密街83巷口,0,0,2,1,C03,8,5,5,30,5,1,4,5,4,5,13,4,4,10,5,5,2,15,1,49,2,8,6,1,7,9,1,10,1,12,,72,,1,21,121.5148951,25.07296196
113,12,5,17,11,2,01大同區,大同區哈密街與哈密街83巷口,0,0,2,2,C03,8,5,5,30,5,1,4,5,4,5,13,4,4,10,5,5,2,15,1,27,2,9,6,1,7,9,1,10,1,11,,44,,1,21,121.5148951,25.07296196
113,12,5,17,13,2,08士林區,士林區仰德大道1段101號附近,0,0,1,1,B12,8,5,5,40,12,9,1,5,4,5,13,4,4,9,1,5,1,12,4,0,,,,,,,,,,,,119,,2,,121.5391212,25.1028286
113,12,5,17,13,2,08士林區,士林區仰德大道1段101號附近,0,0,1,2,C03,8,5,5,40,12,9,1,5,4,5,13,4,4,9,1,5,1,12,2,18,2,9,5,1,7,9,1,10,1,12,,118,,1,21,121.5391212,25.1028286
113,12,5,17,21,2,10文山區,文山區景文街129號,0,0,1,1,C03,8,5,5,40,14,8,1,5,4,5,13,4,4,5,5,4,2,17,2,28,2,9,6,1,7,12,1,10,1,14,,116,,1,21,121.5410963,24.9902431
113,12,5,17,21,2,10文山區,文山區景文街129號,0,0,1,2,C03,8,5,5,40,14,8,1,5,4,5,13,4,4,5,5,4,2,17,1,56,3,10,6,1,7,10,1,10,1,17,,100,,1,21,121.5410963,24.9902431
113,12,5,17,31,2,07信義區,信義區信義路5段與基隆路1段口,0,0,1,1,B03,8,5,5,50,4,2,1,5,4,5,13,2,1,9,5,5,2,13,1,45,3,10,3,4,7,5,1,8,1,5,,108,,1,21,121.5597829,25.0330639
113,12,5,17,31,2,07信義區,信義區信義路5段與基隆路1段口,0,0,1,2,C03,8,5,5,50,4,2,1,5,4,5,13,2,1,9,5,5,2,13,2,73,2,8,5,4,7,5,1,10,1,14,11,44,,1,21,121.5597829,25.0330639
113,12,5,19,13,2,05中正區,中正區中華路1段25號,0,0,2,1,C03,8,5,5,50,14,9,1,5,4,5,13,4,4,1,4,5,2,13,2,41,2,9,6,1,7,9,1,10,2,11,,108,,1,22,121.5095641,25.0458956
113,12,5,19,13,2,05中正區,中正區中華路1段25號,0,0,2,2,F01,8,5,5,50,14,9,1,5,4,5,13,4,4,1,4,5,2,13,2,59,2,8,4,1,7,9,8,20,2,13,,44,,1,22,121.5095641,25.0458956
113,12,5,19,18,2,12內湖區,內湖區瑞光路76巷與民權東路6段11巷口,0,0,2,1,C03,8,5,5,50,3,1,1,5,4,5,13,4,4,5,5,5,2,17,1,46,2,8,5,1,7,5,1,10,1,12,,42,,1,21,121.5781447,25.0675579
113,12,5,19,18,2,12內湖區,內湖區瑞光路76巷與民權東路6段11巷口,0,0,2,2,C03,8,5,5,50,3,1,1,5,4,5,13,4,4,5,5,5,2,17,1,31,2,8,5,1,7,5,1,10,1,13,,44,,1,21,121.5781447,25.0675579
113,12,5,19,26,2,05中正區,中正區汀州路3段62號,0,0,1,1,B03,8,5,5,50,14,9,1,5,4,5,13,4,4,5,4,5,2,12,1,24,3,10,7,4,7,9,1,8,1,5,,108,,1,21,121.5316703,25.0154617
113,12,5,19,26,2,05中正區,中正區汀州路3段62號,0,0,1,2,C03,8,5,5,50,14,9,1,5,4,5,13,4,4,5,4,5,2,12,1,45,2,8,5,4,7,9,1,10,1,13,,101,,1,21,121.5316703,25.0154617
113,12,5,19,26,2,05中正區,中正區汀州路3段62號,0,0,1,3,B03,8,5,5,50,14,9,1,5,4,5,13,4,4,5,4,5,2,12,1,24,3,10,7,4,7,14,1,8,9,17,,38,,1,21,121.5316703,25.0154617
113,12,5,20,43,2,12內湖區,內湖區金湖路與金湖路367巷口,0,0,2,1,C03,8,5,5,50,3,1,1,5,4,5,13,2,1,9,4,5,2,12,1,23,2,9,6,1,7,9,1,10,1,12,,16,,1,21,121.6029058,25.07351363
113,12,5,20,43,2,12內湖區,內湖區金湖路與金湖路367巷口,0,0,2,2,C03,8,5,5,50,3,1,1,5,4,5,13,2,1,9,4,5,2,12,1,61,2,7,6,1,7,9,1,10,1,17,,16,,1,21,121.6029058,25.07351363
113,12,5,20,45,2,07信義區,信義區基隆路2段22號,0,0,1,1,C03,7,5,5,50,14,9,1,5,4,5,13,2,1,1,4,5,2,12,2,51,2,9,6,1,7,7,3,18,2,14,,95,,1,21,121.5588253,25.0319136
113,12,5,20,45,2,07信義區,信義區基隆路2段22號,0,0,1,2,B03,7,5,5,50,14,9,1,5,4,5,13,2,1,1,4,5,2,12,1,49,3,10,3,4,7,9,1,8,2,2,,108,,1,21,121.5588253,25.0319136
113,12,5,21,23,2,03中山區,中山區建國北路1段與長安東路2段口,0,0,2,1,C03,7,5,5,50,4,1,1,5,4,5,13,2,1,1,4,5,2,13,1,27,2,9,6,1,7,6,1,10,9,13,,71,,1,22,121.5369431,25.048275
113,12,5,21,23,2,03中山區,中山區建國北路1段與長安東路2段口,0,0,2,2,C03,7,5,5,50,4,1,1,5,4,5,13,2,1,1,4,5,2,13,2,28,2,9,6,1,7,9,1,10,9,11,,44,,1,22,121.5369431,25.048275
113,12,5,21,25,2,05中正區,中正區仁愛路1段與林森南路口,0,0,2,1,C03,7,5,5,50,4,2,1,5,4,5,13,1,1,1,4,1,2,16,1,60,2,9,5,1,7,9,1,10,2,12,,44,,1,21,121.5216541,25.03863765
113,12,5,21,25,2,05中正區,中正區仁愛路1段與林森南路口,0,0,2,2,C03,7,5,5,50,4,2,1,5,4,5,13,1,1,1,4,1,2,16,1,34,2,9,5,1,7,5,1,10,2,14,,8,,1,21,121.5216541,25.03863765
113,12,5,22,8,2,08士林區,士林區德行東路109巷57號,0,0,1,1,C03,7,6,5,30,14,9,1,5,4,5,13,4,4,9,5,5,1,13,2,20,2,9,6,1,7,9,1,10,1,11,,108,,1,22,121.5285581,25.1097772
113,12,5,22,8,2,08士林區,士林區德行東路109巷57號,0,0,1,2,B12,7,6,5,30,14,9,1,5,4,5,13,4,4,9,5,5,1,13,1,42,3,10,7,1,7,13,1,8,1,3,,38,,1,22,121.5285581,25.1097772
113,12,5,22,16,2,05中正區,中正區重慶南路1段與貴陽街1段口,0,0,3,1,B03,8,6,5,50,4,1,1,5,4,5,13,1,1,10,5,5,2,16,1,39,2,9,2,1,7,5,1,8,2,2,,71,,1,22,121.5128992,25.0387433
113,12,5,22,16,2,05中正區,中正區重慶南路1段與貴陽街1段口,0,0,3,2,C03,8,6,5,50,4,1,1,5,4,5,13,1,1,10,5,5,2,16,1,22,2,9,5,1,7,9,1,10,9,11,,13,,1,22,121.5128992,25.0387433
113,12,5,22,16,2,05中正區,中正區重慶南路1段與貴陽街1段口,0,0,3,3,H02,8,6,5,50,4,1,1,5,4,5,13,1,1,10,5,5,2,16,2,28,2,9,2,5,7,20,8,20,10,16,,67,,1,22,121.5128992,25.0387433
113,12,5,22,30,2,11南港區,南港區南港路3段與八德路4段口,0,0,1,1,C03,8,5,5,50,5,1,1,5,4,5,13,2,1,5,4,5,2,16,1,33,3,10,3,4,7,9,1,10,1,15,,99,,1,22,121.5838969,25.0515534
113,12,5,22,30,2,11南港區,南港區南港路3段與八德路4段口,0,0,1,2,C03,8,5,5,50,5,1,1,5,4,5,13,2,1,5,4,5,2,16,2,20,2,9,6,4,7,6,1,10,1,12,,9,,1,22,121.5838969,25.0515534
113,12,5,22,50,2,02萬華區,萬華區艋舺大道與艋舺大道口華翠橋下迴轉道,0,0,1,1,B12,7,5,5,50,4,1,1,5,4,5,13,4,4,10,4,5,2,16,1,41,3,10,7,1,7,5,1,8,1,2,,99,,1,21,121.4911537,25.0286831
113,12,5,22,50,2,02萬華區,萬華區艋舺大道與艋舺大道口華翠橋下迴轉道,0,0,1,2,C02,7,5,5,50,4,1,1,5,4,5,13,4,4,10,4,5,2,16,1,23,2,9,5,1,7,9,1,10,1,11,,44,,1,21,121.4911537,25.0286831
113,12,5,23,45,2,09北投區,北投區石牌路2段與天母北路口,0,0,2,1,C03,7,5,5,50,5,2,1,5,4,5,13,2,1,5,5,5,2,17,1,17,3,10,6,1,7,1,2,18,9,13,,19,,2,16,121.5258744,25.1237503
113,12,5,23,45,2,09北投區,北投區石牌路2段與天母北路口,0,0,2,2,A02,7,5,5,50,5,2,1,5,4,5,13,2,1,5,5,5,2,17,1,60,3,10,7,1,7,6,1,2,1,5,,44,,1,22,121.5258744,25.1237503
113,12,5,23,45,2,09北投區,北投區石牌路2段與天母北路口,0,0,2,3,H02,7,5,5,50,5,2,1,5,4,5,13,2,1,5,5,5,2,17,1,59,2,9,4,5,7,17,8,20,10,16,,67,,1,22,121.5258744,25.1237503
113,12,5,23,45,2,09北投區,北投區石牌路2段與天母北路口,0,0,2,4,H02,7,5,5,50,5,2,1,5,4,5,13,2,1,5,5,5,2,17,2,56,2,9,4,5,7,20,8,20,10,16,,67,,1,22,121.5258744,25.1237503
113,12,6,0,10,2,08士林區,士林區福林路100巷11弄與福林路100巷77弄口,0,0,3,1,F01,7,5,5,30,3,2,1,5,4,5,13,4,4,10,5,5,1,16,1,16,2,9,3,4,7,5,8,20,2,14,,8,,1,21,121.5327213,25.096043
113,12,6,0,10,2,08士林區,士林區福林路100巷11弄與福林路100巷77弄口,0,0,3,2,C03,7,5,5,30,3,2,1,5,4,5,13,4,4,10,5,5,1,16,1,19,2,9,3,4,7,9,1,10,2,11,,13,,1,21,121.5327213,25.096043
113,12,6,0,10,2,08士林區,士林區福林路100巷11弄與福林路100巷77弄口,0,0,3,3,H02,7,5,5,30,3,2,1,5,4,5,13,4,4,10,5,5,1,16,1,20,2,9,3,5,7,20,8,20,10,16,,67,,1,21,121.5327213,25.096043
113,12,6,0,11,2,02萬華區,萬華區環河南路1段61號2段,0,0,2,1,C03,7,5,5,50,14,9,1,5,4,5,13,4,4,8,4,5,2,16,1,75,2,9,5,1,7,7,3,18,1,13,,101,,2,21,121.5022808,25.0454608
113,12,6,0,11,2,02萬華區,萬華區環河南路1段61號2段,0,0,2,2,C02,7,5,5,50,14,9,1,5,4,5,13,4,4,8,4,5,2,16,2,28,2,9,6,1,7,9,1,9,1,11,,44,,1,21,121.5022808,25.0454608
113,12,6,7,8,2,08士林區,士林區故宮路與故宮路34巷口,0,0,2,1,C03,8,5,5,50,4,4,1,5,4,5,13,1,1,1,4,5,2,12,1,25,2,8,6,1,7,8,1,10,1,14,,100,,1,21,121.5470502,25.0968593
113,12,6,7,8,2,08士林區,士林區故宮路與故宮路34巷口,0,0,2,2,B03,8,5,5,50,4,4,1,5,4,5,13,1,1,1,4,5,2,12,1,84,3,10,7,1,7,14,1,8,1,6,,44,,1,21,121.5470502,25.0968593
113,12,6,7,8,2,08士林區,士林區故宮路與故宮路34巷口,0,0,2,3,H02,8,5,5,50,4,4,1,5,4,5,13,1,1,1,4,5,2,12,1,22,2,8,6,5,7,20,8,20,10,16,,67,,1,21,121.5470502,25.0968593
113,12,6,7,8,2,08士林區,士林區故宮路與故宮路34巷口,0,0,2,4,A02,8,5,5,50,4,4,1,5,4,5,13,1,1,1,4,5,2,12,1,59,3,10,7,1,7,9,1,1,9,4,,42,,1,21,121.5470502,25.0968593
113,12,6,7,10,2,03中山區,中山區中山北路3段與民族東路口,0,0,1,1,A12,8,7,5,50,4,1,1,5,4,5,13,1,1,1,4,5,2,17,1,56,3,10,7,1,7,5,1,1,1,6,,83,,1,22,121.5229928,25.0684315
113,12,6,7,10,2,03中山區,中山區中山北路3段與民族東路口,0,0,1,2,C03,8,7,5,50,4,1,1,5,4,5,13,1,1,1,4,5,2,17,1,34,2,9,5,1,7,9,1,10,1,11,,81,,1,22,121.5229928,25.0684315
113,12,6,7,11,2,10文山區,文山區羅斯福路6段與景仁街口,0,0,1,1,B03,8,6,5,50,4,1,1,5,4,5,13,2,1,1,4,5,2,16,1,69,3,10,2,1,7,5,1,6,2,2,,74,,1,21,121.5408048,24.997106
113,12,6,7,11,2,10文山區,文山區羅斯福路6段與景仁街口,0,0,1,2,C03,8,6,5,50,4,1,1,5,4,5,13,2,1,1,4,5,2,16,1,19,2,9,6,1,7,9,1,10,2,11,,13,,1,21,121.5408048,24.997106
113,12,6,7,20,2,04大安區,大安區忠孝東路4段與敦化南路1段口,0,0,1,1,B03,8,7,5,50,4,1,1,5,4,5,13,2,1,1,4,5,2,17,1,51,3,10,3,4,7,6,1,8,1,6,,68,,1,21,121.5488933,25.0416513
113,12,6,7,20,2,04大安區,大安區忠孝東路4段與敦化南路1段口,0,0,1,2,C03,8,7,5,50,4,1,1,5,4,5,13,2,1,1,4,5,2,17,1,33,2,9,3,4,7,9,1,10,1,11,,44,,1,21,121.5488933,25.0416513
113,12,6,7,40,2,04大安區,大安區敦化南路2段81巷與無名巷口,0,0,1,1,F01,8,6,5,50,3,2,1,5,4,5,13,4,4,9,5,5,1,16,2,36,2,9,4,4,7,5,8,20,1,14,,8,,1,21,121.5503266,25.0299554
113,12,6,7,40,2,04大安區,大安區敦化南路2段81巷與無名巷口,0,0,1,2,B03,8,6,5,50,3,2,1,5,4,5,13,4,4,9,5,5,1,16,1,54,3,10,3,4,7,9,1,8,1,5,,44,,1,21,121.5503266,25.0299554
113,12,6,7,53,2,08士林區,士林區承德路5段與士商路口,0,0,1,1,C03,8,6,5,0,4,2,1,5,4,5,13,2,1,1,4,5,1,12,4,0,,,,,,,,,,,,119,,2,,121.5139267,25.0960592
113,12,6,7,53,2,08士林區,士林區承德路5段與士商路口,0,0,1,2,C03,8,6,5,0,4,2,1,5,4,5,13,2,1,1,4,5,1,12,1,67,2,8,6,1,7,9,1,10,1,14,,118,,1,21,121.5139267,25.0960592
113,12,6,8,8,2,08士林區,士林區忠誠路1段82號前,0,0,1,1,B02,8,6,5,50,14,8,1,5,4,5,13,4,4,1,4,4,1,2,1,69,3,10,7,1,7,11,1,8,1,2,,44,,1,21,121.5277026,25.10479915
113,12,6,8,8,2,08士林區,士林區忠誠路1段82號前,0,0,1,2,H01,8,6,5,50,14,8,1,5,4,5,13,4,4,1,4,4,1,2,1,33,2,7,4,5,8,16,8,20,10,16,,53,,1,21,121.5277026,25.10479915
113,12,6,8,15,2,05中正區,中正區重慶南路2段29號,0,0,2,1,C03,7,7,5,50,14,9,1,5,4,5,13,4,4,1,4,5,2,12,1,65,2,9,5,1,7,9,3,18,2,12,,108,,1,22,121.5142388,25.0323673
113,12,6,8,15,2,05中正區,中正區重慶南路2段29號,0,0,2,2,C03,7,7,5,50,14,9,1,5,4,5,13,4,4,1,4,5,2,12,1,60,2,9,5,1,7,9,1,10,2,14,,44,,1,22,121.5142388,25.0323673
113,12,6,8,16,2,05中正區,中正區汀州路1段372號,0,0,1,1,F03,8,6,5,50,14,9,1,5,4,5,13,4,4,9,4,5,2,17,2,77,3,10,2,1,7,10,8,20,2,13,,80,,1,21,121.513281,25.0263589
113,12,6,8,16,2,05中正區,中正區汀州路1段372號,0,0,1,2,C03,8,6,5,50,14,9,1,5,4,5,13,4,4,9,4,5,2,17,1,38,2,8,5,1,7,9,1,9,2,11,,44,,1,21,121.513281,25.0263589
113,12,6,8,21,2,11南港區,南港區東新街75號,0,0,2,2,C03,8,6,5,50,4,1,1,5,4,5,13,2,1,5,5,5,2,12,1,26,2,7,5,1,7,9,1,10,1,12,,44,,1,22,121.588118,25.0465779
113,12,6,8,21,2,11南港區,南港區東新街75號,0,0,2,1,C03,8,6,5,50,4,1,1,5,4,5,13,2,1,5,5,5,2,12,1,44,2,1,5,1,7,1,1,10,1,14,,19,,1,22,121.588118,25.0465779
113,12,6,8,22,2,11南港區,南港區興中路29號,0,0,2,1,C03,8,7,5,50,3,1,1,5,4,5,13,4,4,5,4,5,2,13,1,28,2,7,5,1,7,9,1,10,1,12,,108,,1,21,121.607197,25.0559915
113,12,6,8,22,2,11南港區,南港區興中路29號,0,0,2,2,C03,8,7,5,50,3,1,1,5,4,5,13,4,4,5,4,5,2,13,1,47,2,7,5,1,7,9,1,10,1,14,,44,,1,21,121.607197,25.0559915
113,12,6,8,26,2,08士林區,士林區中山北路6段191號,0,0,1,1,C03,8,5,5,50,14,9,1,5,4,5,13,4,4,1,4,5,2,12,1,24,2,7,6,1,7,8,1,10,1,11,,16,,1,21,121.5250236,25.1077581
113,12,6,8,26,2,08士林區,士林區中山北路6段191號,0,0,1,2,B01,8,5,5,50,14,9,1,5,4,5,13,4,4,1,4,5,2,12,1,55,3,10,7,1,7,14,1,4,1,6,,44,,1,21,121.5250236,25.1077581
113,12,6,8,26,2,08士林區,士林區中山北路6段191號,0,0,1,3,C03,8,5,5,50,14,9,1,5,4,5,13,4,4,1,4,5,2,12,2,54,3,10,6,1,7,9,1,10,1,11,,44,,1,21,121.5250236,25.1077581
113,12,6,8,39,2,03中山區,中山區撫順街41巷,0,0,1,1,C03,8,7,8,50,14,9,1,5,4,5,13,4,4,5,5,5,2,17,1,72,3,10,5,1,7,9,3,18,1,15,,4,,1,22,121.5193209,25.0633611
113,12,6,8,39,2,03中山區,中山區撫順街41巷,0,0,1,2,C03,8,7,8,50,14,9,1,5,4,5,13,4,4,5,5,5,2,17,1,31,2,9,5,1,7,9,1,10,1,14,,44,,1,22,121.5193209,25.0633611
113,12,6,8,41,2,07信義區,信義區松山路與松德路口,0,0,1,1,C03,8,6,5,50,4,2,1,5,4,5,13,2,1,1,4,4,2,13,2,35,2,8,6,1,7,9,1,10,1,11,,118,,1,21,121.577753,25.0394477