發生年度,發生月,發生日,發生時-Hours,發生分,處理別-編號,區序,肇事地點,死亡人數,2-30日死亡人數,受傷人數,當事人序號,車種,天候,道路照明設備,道路類別,速限-速度限制,道路型態,事故位置,路面狀況1,路面狀況2,路面狀況3,道路障礙1,道路障礙2,號誌1,號誌2,車道劃分-分向,車道劃分-分道1,車道劃分-分道2,車道劃分-分道3,事故類型及型態,性別,年齡,受傷程度,主要傷處,保護裝置,行動電話,車輛用途,當事者行動狀態,駕駛資格情形,駕駛執照種類,飲酒情形,車輛撞擊部位1,車輛撞擊部位2,肇因碼-個別,肇因碼-主要,個人肇逃否,職業,座標-X,座標-Y
113,12,6,8,41,2,07信義區,信義區松山路與松德路口,0,0,1,2,C03,8,6,5,50,4,2,1,5,4,5,13,2,1,1,4,4,2,13,2,40,3,10,5,1,7,9,1,10,1,13,,118,,1,21,121.577753,25.0394477
113,12,6,8,42,2,05中正區,中正區三元街與南海路附近口,0,0,2,1,C03,8,6,5,50,4,1,1,5,4,5,13,1,1,1,4,4,1,12,2,26,2,8,6,1,7,9,1,10,2,14,,17,,1,21,121.5089275,25.0294528
113,12,6,8,42,2,05中正區,中正區三元街與南海路附近口,0,0,2,2,C03,8,6,5,50,4,1,1,5,4,5,13,1,1,1,4,4,1,12,1,25,2,8,6,1,7,9,1,9,2,12,,17,,1,21,121.5089275,25.0294528
113,12,6,8,48,2,12內湖區,內湖區東湖路與東湖路33巷口口,0,0,1,1,B03,8,5,5,50,3,1,1,5,4,5,13,4,4,5,4,5,2,16,2,37,3,10,7,1,7,6,1,8,2,7,,72,,1,21,121.6135056,25.0688466
113,12,6,8,48,2,12內湖區,內湖區東湖路與東湖路33巷口口,0,0,1,2,C03,8,5,5,50,3,1,1,5,4,5,13,4,4,5,4,5,2,16,1,71,2,9,6,1,7,9,1,10,2,11,,44,,1,21,121.6135056,25.0688466
113,12,6,8,53,2,04大安區,大安區復興南路1段與復興南路1段219巷口,0,0,1,1,B03,8,7,5,50,3,1,1,5,4,5,12,4,4,8,3,5,1,12,2,81,3,10,7,1,7,15,1,8,1,2,,74,,1,21,121.5438367,25.0390246
113,12,6,8,53,2,04大安區,大安區復興南路1段與復興南路1段219巷口,0,0,1,2,C03,8,7,5,50,3,1,1,5,4,5,12,4,4,8,3,5,1,12,1,52,2,8,5,1,7,9,1,10,1,14,,17,,1,21,121.5438367,25.0390246
113,12,6,8,53,2,04大安區,大安區復興南路1段與復興南路1段219巷口,0,0,1,3,A05,8,7,5,50,3,1,1,5,4,5,12,4,4,8,3,5,1,12,1,64,3,10,7,1,7,21,1,2,1,17,,44,,1,21,121.5438367,25.0390246
113,12,6,9,0,2,12內湖區,內湖區民權東路6段174巷與民權東路6段180巷4弄口,0,0,1,1,C03,8,6,5,50,4,1,1,5,4,5,13,4,4,5,5,5,2,16,1,28,3,10,5,1,7,1,1,10,1,12,,19,,1,21,121.5918919,25.0684772
113,12,6,9,0,2,12內湖區,內湖區民權東路6段174巷與民權東路6段180巷4弄口,0,0,1,2,C04,8,6,5,50,4,1,1,5,4,5,13,4,4,5,5,5,2,16,2,44,2,9,5,1,7,9,1,10,1,11,,72,,1,21,121.5918919,25.0684772
113,12,6,9,1,2,03中山區,中山區一江街與松江路108巷口,0,0,1,1,H01,8,6,5,30,14,9,1,5,4,5,13,4,4,4,5,5,1,3,2,50,3,10,4,5,8,16,8,20,10,16,,121,,1,21,121.5314908,25.05143936
113,12,6,9,1,2,03中山區,中山區一江街與松江路108巷口,0,0,1,2,C03,8,6,5,30,14,9,1,5,4,5,13,4,4,4,5,5,1,3,1,50,2,9,3,4,7,9,1,10,1,14,,44,,1,21,121.5314908,25.05143936
113,12,6,9,9,2,07信義區,信義區松仁路與松勤街口,0,0,1,1,B01,8,5,5,50,4,1,1,5,4,5,13,1,1,9,4,5,2,16,1,43,3,10,7,4,7,9,1,4,1,5,,44,,1,21,121.5682078,25.03172264
113,12,6,9,9,2,07信義區,信義區松仁路與松勤街口,0,0,1,2,C03,8,5,5,50,4,1,1,5,4,5,13,1,1,9,4,5,2,16,2,29,2,8,5,1,7,5,1,10,1,14,,8,,1,21,121.5682078,25.03172264
113,12,6,9,12,2,09北投區,北投區洲美街1205737號燈桿,0,0,2,1,C03,8,7,5,40,14,9,1,5,4,1,12,4,4,9,5,5,2,12,1,32,2,9,5,1,7,8,1,10,1,11,,108,,1,21,121.4991863,25.10540726
113,12,6,9,12,2,09北投區,北投區洲美街1205737號燈桿,0,0,2,2,C03,8,7,5,40,14,9,1,5,4,1,12,4,4,9,5,5,2,12,1,73,2,9,5,1,7,9,1,10,1,13,,44,,1,21,121.4991863,25.10540726
113,12,6,9,30,2,11南港區,南港區東新街與忠孝東路6段口,0,0,1,1,C03,7,6,5,30,4,1,1,5,4,5,13,2,1,3,2,5,2,16,2,67,2,1,5,1,7,9,1,10,1,14,,72,,1,22,121.5848908,25.0481513
113,12,6,9,30,2,11南港區,南港區東新街與忠孝東路6段口,0,0,1,2,B03,7,6,5,30,4,1,1,5,4,5,13,2,1,3,2,5,2,16,1,59,3,10,3,4,7,6,1,8,1,2,,44,,1,22,121.5848908,25.0481513
113,12,6,10,16,2,02萬華區,萬華區萬大路(華中橋下),0,0,2,1,C03,8,5,5,30,14,9,1,5,4,5,13,4,4,10,5,5,2,17,1,75,2,9,5,4,7,9,1,10,1,14,,17,,1,21,121.4960626,25.01715641
113,12,6,10,16,2,02萬華區,萬華區萬大路(華中橋下),0,0,2,2,B12,8,5,5,30,14,9,1,5,4,5,13,4,4,10,5,5,2,17,1,68,3,10,7,4,7,9,1,8,1,2,,17,,1,21,121.4960626,25.01715641
113,12,6,10,16,2,02萬華區,萬華區萬大路(華中橋下),0,0,2,3,H02,8,5,5,30,14,9,1,5,4,5,13,4,4,10,5,5,2,17,2,61,2,9,5,5,7,20,8,20,10,16,,67,,1,21,121.4960626,25.01715641
113,12,6,10,50,2,02萬華區,萬華區中華路2段307巷與中華路2段口,0,0,1,1,B03,8,6,5,50,3,1,1,5,4,5,13,1,1,9,4,4,1,17,2,42,3,10,7,1,7,11,1,8,1,8,,10,,1,21,121.5053289,25.028601
113,12,6,10,50,2,02萬華區,萬華區中華路2段307巷與中華路2段口,0,0,1,2,C03,8,6,5,50,3,1,1,5,4,5,13,1,1,9,4,4,1,17,2,28,2,8,5,1,7,9,1,15,1,12,,44,,1,21,121.5053289,25.028601
113,12,6,11,21,2,06松山區,松山區市民大道4段與市民大道4段37巷口,0,0,1,1,B03,8,5,5,40,4,1,1,5,4,5,13,4,4,7,4,5,2,17,1,29,3,10,3,4,7,9,1,8,2,5,,72,,1,22,121.5449789,25.04510393
113,12,6,11,21,2,06松山區,松山區市民大道4段與市民大道4段37巷口,0,0,1,2,C03,8,5,5,40,4,1,1,5,4,5,13,4,4,7,4,5,2,17,1,23,2,9,6,4,7,9,1,10,2,14,,44,,1,22,121.5449789,25.04510393
113,12,6,11,25,2,08士林區,士林區社中街與社正路口,0,0,1,1,B03,8,6,5,50,4,1,1,5,4,5,13,1,1,5,5,5,2,15,2,63,3,10,3,4,7,9,1,8,2,4,,81,,1,21,121.5106163,25.08898
113,12,6,11,25,2,08士林區,士林區社中街與社正路口,0,0,1,2,C03,8,6,5,50,4,1,1,5,4,5,13,1,1,5,5,5,2,15,2,58,2,9,6,1,7,9,1,10,2,11,,44,,1,21,121.5106163,25.08898
113,12,6,11,42,2,10文山區,文山區興隆路2段129號,0,0,1,1,B03,8,6,5,50,14,9,1,5,4,5,13,4,4,1,4,1,2,17,2,71,3,10,7,1,7,1,1,8,1,8,,19,,1,21,121.5576324,24.99934387
113,12,6,11,42,2,10文山區,文山區興隆路2段129號,0,0,1,2,C03,8,6,5,50,14,9,1,5,4,5,13,4,4,1,4,1,2,17,2,64,2,9,6,1,7,9,3,18,1,12,,44,,1,21,121.5576324,24.99934387
113,12,6,11,42,2,10文山區,文山區興隆路2段129號,0,0,1,3,B01,8,6,5,50,14,9,1,5,4,5,13,4,4,1,4,1,2,17,1,66,3,10,7,1,7,9,1,4,1,2,,44,,1,21,121.5576324,24.99934387
113,12,6,12,2,2,07信義區,信義區基隆路1段與松壽路口,0,0,1,1,B03,8,7,5,50,4,1,1,5,4,5,13,1,1,9,4,5,2,17,1,39,3,10,7,1,7,6,1,8,1,2,,44,,1,21,121.5614656,25.0358982
113,12,6,12,2,2,07信義區,信義區基隆路1段與松壽路口,0,0,1,2,C03,8,7,5,50,4,1,1,5,4,5,13,1,1,9,4,5,2,17,1,40,2,9,5,1,7,9,1,10,1,14,,108,,1,21,121.5614656,25.0358982
113,12,6,12,20,2,12內湖區,內湖區文德路66巷11弄與文德路66巷口,0,0,1,1,C03,7,6,6,30,4,1,1,5,4,5,13,4,4,10,5,5,2,15,1,36,2,9,6,1,7,9,1,10,2,12,,72,,1,22,121.5814081,25.0779592
113,12,6,12,20,2,12內湖區,內湖區文德路66巷11弄與文德路66巷口,0,0,1,2,B01,7,6,6,30,4,1,1,5,4,5,13,4,4,10,5,5,2,15,1,52,3,10,3,4,7,9,1,8,2,1,,44,,1,22,121.5814081,25.0779592
113,12,6,12,28,2,04大安區,大安區羅斯福路4段與基隆路4段口,0,0,1,1,C03,8,6,5,50,4,1,1,5,4,5,13,2,1,1,4,5,2,15,2,69,2,9,5,1,7,9,1,10,1,14,,81,,1,21,121.5370516,25.0114586
113,12,6,12,28,2,04大安區,大安區羅斯福路4段與基隆路4段口,0,0,1,2,B01,8,6,5,50,4,1,1,5,4,5,13,2,1,1,4,5,2,15,2,62,3,10,2,1,7,9,1,4,1,5,,44,,1,21,121.5370516,25.0114586
113,12,6,13,0,2,04大安區,大安區復興南路2段340巷與復興南路2段口,0,0,1,1,C03,8,7,5,30,3,2,1,5,4,5,13,3,1,8,3,5,1,17,2,37,2,8,5,1,7,6,1,10,1,14,,80,,1,26,121.5433198,25.0226682
113,12,6,13,0,2,04大安區,大安區復興南路2段340巷與復興南路2段口,0,0,1,2,B03,8,7,5,30,3,2,1,5,4,5,13,3,1,8,3,5,1,17,1,54,3,10,7,1,7,9,1,8,1,5,,44,,1,26,121.5433198,25.0226682
113,12,6,13,4,2,07信義區,信義區基隆路1段與松隆路口,0,0,1,1,C03,7,6,5,50,14,9,1,5,4,5,13,1,1,3,4,5,2,13,1,29,2,8,6,1,7,9,1,10,1,11,,16,,1,21,121.5657904,25.0431198
113,12,6,13,4,2,07信義區,信義區基隆路1段與松隆路口,0,0,1,2,C03,7,6,5,50,14,9,1,5,4,5,13,1,1,3,4,5,2,13,1,41,3,10,6,1,7,9,1,9,1,13,,16,,1,21,121.5657904,25.0431198
113,12,6,13,4,2,07信義區,信義區基隆路1段與松隆路口,0,0,1,3,B03,7,6,5,50,14,9,1,5,4,5,13,1,1,3,4,5,2,13,2,50,3,10,7,1,7,9,1,8,1,3,,44,,1,21,121.5657904,25.0431198
113,12,6,13,5,2,08士林區,士林區堤外便道與社正路口越堤道,0,0,1,1,B03,8,6,5,50,3,1,1,5,4,5,13,4,4,5,5,5,2,17,1,58,3,10,3,4,7,9,1,8,2,5,,72,,1,21,121.511538,25.0905943
113,12,6,13,5,2,08士林區,士林區堤外便道與社正路口越堤道,0,0,1,2,C03,8,6,5,50,3,1,1,5,4,5,13,4,4,5,5,5,2,17,2,36,2,9,6,1,7,9,1,10,2,11,,5,,1,21,121.511538,25.0905943
113,12,6,13,13,2,04大安區,大安區忠孝東路4段223巷5號,0,0,1,1,B01,7,5,5,50,14,9,1,5,4,5,13,4,4,4,1,5,2,17,1,44,3,10,7,1,7,14,1,4,1,2,,40,,1,21,121.5529272,25.0417543
113,12,6,13,13,2,04大安區,大安區忠孝東路4段223巷5號,0,0,1,2,C03,7,5,5,50,14,9,1,5,4,5,13,4,4,4,1,5,2,17,1,35,2,9,5,1,7,9,1,10,1,14,,44,,1,21,121.5529272,25.0417543
113,12,6,13,13,2,04大安區,大安區忠孝東路4段223巷5號,0,0,1,3,H02,7,5,5,50,14,9,1,5,4,5,13,4,4,4,1,5,2,17,2,28,3,10,7,5,7,19,8,20,10,17,,126,,1,21,121.5529272,25.0417543
113,12,6,13,16,2,04大安區,大安區基隆路2段與樂業街口,0,0,1,1,B03,8,7,5,40,4,1,1,5,4,5,13,1,1,3,4,5,2,15,2,34,3,10,7,1,7,9,1,8,1,1,,81,,1,21,121.5503366,25.0223891
113,12,6,13,16,2,04大安區,大安區基隆路2段與樂業街口,0,0,1,2,C03,8,7,5,40,4,1,1,5,4,5,13,1,1,3,4,5,2,15,1,35,2,9,6,1,7,1,1,10,1,14,,44,,1,21,121.5503366,25.0223891
113,12,6,13,39,2,10文山區,文山區指南路2段與新光路1段口,0,0,1,1,A02,7,5,5,40,3,1,1,5,4,5,13,2,1,9,5,5,2,9,2,60,3,10,7,1,7,9,1,2,11,17,,42,,1,21,121.5737975,24.988079
113,12,6,13,39,2,10文山區,文山區指南路2段與新光路1段口,0,0,1,2,H02,7,5,5,40,3,1,1,5,4,5,13,2,1,9,5,5,2,9,2,77,2,1,4,5,7,20,8,20,10,16,,67,,1,21,121.5737975,24.988079
113,12,6,13,50,2,04大安區,大安區敦化南路1段370號前,0,0,3,1,C03,8,7,5,50,14,9,1,5,4,5,13,4,4,8,3,5,1,13,1,29,2,7,5,1,7,9,1,10,1,11,,108,,1,26,121.5485608,25.033791
113,12,6,13,50,2,04大安區,大安區敦化南路1段370號前,0,0,3,2,C03,8,7,5,50,14,9,1,5,4,5,13,4,4,8,3,5,1,13,1,39,2,9,5,1,7,15,1,10,1,13,,44,,1,26,121.5485608,25.033791
113,12,6,13,50,2,04大安區,大安區敦化南路1段370號前,0,0,3,3,B01,8,7,5,50,14,9,1,5,4,5,13,4,4,8,3,5,1,13,1,64,3,10,7,1,7,15,1,4,1,7,,44,,1,26,121.5485608,25.033791
113,12,6,13,50,2,04大安區,大安區敦化南路1段370號前,0,0,3,4,H02,8,7,5,50,14,9,1,5,4,5,13,4,4,8,3,5,1,13,2,35,2,8,5,5,7,20,8,20,10,16,,67,,1,26,121.5485608,25.033791
113,12,6,14,9,2,05中正區,中正區紹興南街18-9號,0,0,1,2,H01,8,5,5,40,14,9,1,5,4,5,13,4,4,9,4,5,2,7,1,27,2,7,4,5,8,17,8,20,10,16,,121,,1,21,121.5237841,25.03982511
113,12,6,14,9,2,05中正區,中正區紹興南街18-9號,0,0,1,1,B12,8,5,5,40,14,9,1,5,4,5,13,4,4,9,4,5,2,7,1,30,3,10,7,1,7,2,1,8,1,3,,12,,1,21,121.5237841,25.03982511
113,12,6,14,19,1,05中正區,中正區重慶南路2段7巷與南昌路1段口口,1,0,0,1,C03,8,6,5,50,4,1,1,5,4,5,13,4,4,5,5,5,1,15,1,70,1,1,6,1,7,9,1,10,9,11,,72,,1,21,121.5150837,25.0338775
113,12,6,14,19,1,05中正區,中正區重慶南路2段7巷與南昌路1段口口,1,0,0,2,A02,8,6,5,50,4,1,1,5,4,5,13,4,4,5,5,5,1,15,1,46,3,10,7,1,7,9,1,2,2,5,,14,,1,21,121.5150837,25.0338775
113,12,6,14,20,2,06松山區,松山區民權東路3段191巷與民權東路3段191巷19弄口,0,0,1,1,B03,7,6,5,30,5,1,1,5,4,5,13,4,4,10,5,5,2,15,1,57,3,10,7,1,7,9,1,8,1,4,,72,,1,21,121.5478518,25.0628453
113,12,6,14,20,2,06松山區,松山區民權東路3段191巷與民權東路3段191巷19弄口,0,0,1,2,C03,7,6,5,30,5,1,1,5,4,5,13,4,4,10,5,5,2,15,1,53,2,8,5,1,7,9,1,10,1,11,,14,,1,21,121.5478518,25.0628453
113,12,6,14,36,2,04大安區,大安區和平東路1段與和平東路1段199巷口,0,0,1,1,C03,7,6,5,50,14,9,1,5,4,5,13,4,4,1,4,5,2,16,1,37,2,9,5,1,7,8,1,10,1,12,,100,,1,21,121.5342722,25.0262238
113,12,6,14,36,2,04大安區,大安區和平東路1段與和平東路1段199巷口,0,0,1,2,C03,7,6,5,50,14,9,1,5,4,5,13,4,4,1,4,5,2,16,1,63,3,10,5,1,7,9,1,10,1,14,,107,,1,21,121.5342722,25.0262238
113,12,6,14,50,2,12內湖區,內湖區成功路2段與國道一號口南下入口,0,0,1,1,B03,8,6,5,50,4,1,1,5,4,5,13,2,1,1,4,5,2,17,1,69,3,10,7,1,7,8,1,8,2,6,,100,,1,21,121.590334,25.06542936
113,12,6,14,50,2,12內湖區,內湖區成功路2段與國道一號口南下入口,0,0,1,2,C03,8,6,5,50,4,1,1,5,4,5,13,2,1,1,4,5,2,17,1,42,2,9,5,1,7,9,1,10,2,14,,44,,1,21,121.590334,25.06542936
113,12,6,15,10,2,05中正區,中正區中山南路與常德街口,0,0,3,1,C03,7,6,5,50,3,2,1,5,4,5,13,1,1,1,4,5,2,13,1,25,2,9,6,1,7,9,6,10,1,11,,16,,1,22,121.5182003,25.0404539
113,12,6,15,10,2,05中正區,中正區中山南路與常德街口,0,0,3,2,C03,7,6,5,50,3,2,1,5,4,5,13,1,1,1,4,5,2,13,2,20,2,9,6,1,7,12,1,10,1,13,,44,,1,22,121.5182003,25.0404539
113,12,6,15,10,2,05中正區,中正區中山南路與常德街口,0,0,3,3,C03,7,6,5,50,3,2,1,5,4,5,13,1,1,1,4,5,2,13,1,32,2,9,6,1,7,9,1,10,1,11,,44,,1,22,121.5182003,25.0404539
113,12,6,15,18,2,03中山區,中山區北安路與北安路518巷口,0,0,2,1,C03,7,7,5,50,3,1,1,5,4,5,13,4,4,1,4,5,2,16,2,21,2,9,5,1,7,6,1,10,1,12,,9,,1,22,121.5458194,25.07985151
113,12,6,15,18,2,03中山區,中山區北安路與北安路518巷口,0,0,2,2,C03,7,7,5,50,3,1,1,5,4,5,13,4,4,1,4,5,2,16,1,52,2,9,5,1,7,9,1,10,1,14,,44,,1,22,121.5458194,25.07985151
113,12,6,16,18,2,05中正區,中正區貴陽街1段與延平南路口,0,0,1,1,C03,7,6,5,50,4,1,1,5,4,5,13,2,1,9,4,5,1,17,2,48,2,9,6,1,7,6,1,10,2,11,,80,,1,22,121.5086579,25.0390406
113,12,6,16,18,2,05中正區,中正區貴陽街1段與延平南路口,0,0,1,2,F01,7,6,5,50,4,1,1,5,4,5,13,2,1,9,4,5,1,17,2,18,3,10,2,4,7,15,8,20,2,13,,44,,1,16,121.5086579,25.0390406
113,12,6,16,29,2,10文山區,文山區興隆路3段192巷8弄與興隆路3段口,0,0,1,1,F01,8,6,5,30,4,4,1,5,4,5,13,2,1,5,5,5,2,13,2,42,3,10,4,1,7,9,8,20,11,11,,17,,1,21,121.5597321,24.9967126
113,12,6,16,29,2,10文山區,文山區興隆路3段192巷8弄與興隆路3段口,0,0,1,2,C03,8,6,5,30,4,4,1,5,4,5,13,2,1,5,5,5,2,13,2,41,2,9,6,1,7,14,1,10,11,13,,44,,1,21,121.5597321,24.9967126
113,12,6,16,50,2,08士林區,士林區菁山路101巷68號,0,0,2,1,B02,7,5,8,50,22,22,1,5,4,5,13,3,1,4,5,5,1,17,1,26,3,10,7,1,7,5,1,8,1,4,,80,,1,21,121.5617861,25.15126134
113,12,6,16,50,2,08士林區,士林區菁山路101巷68號,0,0,2,2,C03,7,5,8,50,22,22,1,5,4,5,13,3,1,4,5,5,1,17,1,19,2,9,5,1,7,9,1,10,1,12,,44,,1,21,121.5617861,25.15126134
113,12,6,16,50,2,08士林區,士林區菁山路101巷68號,0,0,2,3,H02,7,5,8,50,22,22,1,5,4,5,13,3,1,4,5,5,1,17,2,19,2,9,5,5,7,20,8,20,10,16,,67,,1,21,121.5617861,25.15126134
113,12,6,17,0,2,04大安區,大安區新生南路2段與辛亥路2段口,0,0,1,1,C03,8,5,5,50,5,1,1,5,4,5,13,1,1,8,3,4,2,13,1,22,3,10,3,4,7,9,1,10,1,11,,108,,1,21,121.5345028,25.0221654
113,12,6,17,0,2,04大安區,大安區新生南路2段與辛亥路2段口,0,0,1,2,C03,8,5,5,50,5,1,1,5,4,5,13,1,1,8,3,4,2,13,2,30,2,9,3,4,7,15,1,10,1,13,,44,,1,21,121.5345028,25.0221654
113,12,6,17,11,2,06松山區,松山區民生東路5段與新中街口,0,0,1,1,B01,8,5,5,50,4,1,1,5,4,5,13,1,1,1,3,5,2,16,1,44,3,10,3,4,7,5,1,4,2,2,,71,,1,26,121.5605287,25.0587387
113,12,6,17,11,2,06松山區,松山區民生東路5段與新中街口,0,0,1,2,C03,8,5,5,50,4,1,1,5,4,5,13,1,1,1,3,5,2,16,1,28,2,7,5,1,7,9,1,10,2,11,,44,,1,22,121.5605287,25.0587387
113,12,6,17,12,2,06松山區,松山區松河街264號,0,0,1,1,B12,7,5,5,40,14,9,1,5,4,5,13,4,4,9,5,5,2,12,1,37,4,11,3,4,,,,,9,,,101,,2,,121.5795473,25.05204865
113,12,6,17,12,2,06松山區,松山區松河街264號,0,0,1,2,C03,7,5,5,40,14,9,1,5,4,5,13,4,4,9,5,5,2,12,1,48,2,7,5,1,7,4,1,10,9,14,,108,,1,21,121.5795473,25.05204865
113,12,6,17,15,2,05中正區,中正區和平西路2段9號,0,0,1,1,C03,7,5,5,50,14,9,1,5,4,5,13,4,4,1,4,5,2,12,1,36,2,9,5,1,7,8,1,10,2,12,,108,,1,22,121.5140321,25.0280974
113,12,6,17,15,2,05中正區,中正區和平西路2段9號,0,0,1,2,B03,7,5,5,50,14,9,1,5,4,5,13,4,4,1,4,5,2,12,2,43,3,10,7,1,7,13,1,8,9,4,,44,,1,22,121.5140321,25.0280974
113,12,6,17,22,2,10文山區,文山區羅斯福路6段與育英街口,0,0,1,1,B03,7,5,5,50,4,1,1,5,4,5,13,1,1,1,4,5,2,16,2,52,3,10,7,1,7,5,1,8,1,5,,74,,1,22,121.5397535,24.9903954
113,12,6,17,22,2,10文山區,文山區羅斯福路6段與育英街口,0,0,1,2,C03,7,5,5,50,4,1,1,5,4,5,13,1,1,1,4,5,2,16,1,32,2,9,6,1,7,9,1,10,1,11,,44,,1,22,121.5397535,24.9903954
113,12,6,17,30,2,10文山區,文山區指南路1段53號與木新路1段口,0,0,2,1,B03,8,6,5,50,3,1,1,5,4,5,13,4,4,5,4,5,2,16,1,32,3,10,7,1,7,9,1,8,2,8,,44,,1,21,121.5706339,24.9881588
113,12,6,17,30,2,10文山區,文山區指南路1段53號與木新路1段口,0,0,2,2,C03,8,6,5,50,3,1,1,5,4,5,13,4,4,5,4,5,2,16,2,22,2,9,5,1,7,1,1,10,2,12,,19,,1,21,121.5706339,24.9881588
113,12,6,17,30,2,10文山區,文山區指南路1段53號與木新路1段口,0,0,2,3,H02,8,6,5,50,3,1,1,5,4,5,13,4,4,5,4,5,2,16,2,20,2,9,5,5,7,20,8,20,10,16,,67,,1,21,121.5706339,24.9881588
113,12,6,17,45,2,09北投區,北投區大度路3段1208595號燈桿,0,0,1,1,C03,7,5,5,50,14,12,1,5,4,5,13,4,4,1,4,1,1,13,1,23,3,10,5,1,7,9,1,10,1,11,,16,,1,22,121.4803576,25.1224705
113,12,6,17,45,2,09北投區,北投區大度路3段1208595號燈桿,0,0,1,2,C03,7,5,5,50,14,12,1,5,4,5,13,4,4,1,4,1,1,13,2,57,2,9,5,1,7,9,1,10,1,13,,44,,1,22,121.4803576,25.1224705
113,12,6,17,49,2,12內湖區,內湖區新明路298巷與南京東路6段口,0,0,1,1,B01,7,5,5,50,5,2,1,5,4,5,13,2,1,5,2,5,2,12,1,44,3,10,3,4,7,9,1,4,9,2,,114,,1,22,121.5816428,25.0569682
113,12,6,17,49,2,12內湖區,內湖區新明路298巷與南京東路6段口,0,0,1,2,C03,7,5,5,50,5,2,1,5,4,5,13,2,1,5,2,5,2,12,2,22,2,9,6,1,7,7,1,10,1,14,,101,,1,22,121.5816428,25.0569682
113,12,6,18,1,2,04大安區,大安區通化街171巷與基隆路2段口,0,0,1,1,B02,7,5,5,50,4,1,1,5,4,5,13,1,1,3,4,5,2,13,1,27,3,10,7,4,7,9,1,8,2,8,,16,,1,21,121.5560839,25.0275337
113,12,6,18,1,2,04大安區,大安區通化街171巷與基隆路2段口,0,0,1,2,B03,7,5,5,50,4,1,1,5,4,5,13,1,1,3,4,5,2,13,2,44,3,10,7,4,7,9,1,8,2,6,,44,,1,21,121.5560839,25.0275337
113,12,6,18,1,2,04大安區,大安區通化街171巷與基隆路2段口,0,0,1,3,B03,7,5,5,50,4,1,1,5,4,5,13,1,1,3,4,5,2,13,2,29,3,10,7,4,7,14,1,8,2,6,,44,,1,21,121.5560839,25.0275337
113,12,6,18,1,2,04大安區,大安區通化街171巷與基隆路2段口,0,0,1,4,H02,7,5,5,50,4,1,1,5,4,5,13,1,1,3,4,5,2,13,2,52,2,2,7,5,7,20,8,20,10,16,,67,,1,21,121.5560839,25.0275337
113,12,6,18,1,2,04大安區,大安區通化街171巷與基隆路2段口,0,0,1,5,C03,7,5,5,50,4,1,1,5,4,5,13,1,1,3,4,5,2,13,4,0,4,11,3,4,7,21,7,19,11,15,,44,,2,22,121.5560839,25.0275337
113,12,6,18,17,2,12內湖區,內湖區南京東路6段159號與南京東路6段口往行善路匝道,0,0,1,1,B12,8,6,5,40,3,2,2,5,4,5,13,4,4,10,4,5,2,17,1,19,3,10,7,1,7,8,1,8,1,6,,73,,1,21,121.5796906,25.05658833
113,12,6,18,17,2,12內湖區,內湖區南京東路6段159號與南京東路6段口往行善路匝道,0,0,1,2,C03,8,6,5,40,3,2,2,5,4,5,13,4,4,10,4,5,2,17,1,37,2,8,6,1,7,9,1,10,1,11,,44,,1,21,121.5796906,25.05658833
113,12,6,18,17,2,12內湖區,內湖區文德路220巷41號,0,0,1,1,B03,8,5,5,30,14,9,1,5,4,5,13,4,4,10,5,5,2,16,2,45,3,10,7,1,7,8,1,8,1,5,,101,,1,21,121.5881029,25.07754202
113,12,6,18,17,2,12內湖區,內湖區文德路220巷41號,0,0,1,2,C03,8,5,5,30,14,9,1,5,4,5,13,4,4,10,5,5,2,16,2,50,2,9,5,1,7,9,1,10,1,14,,44,,1,21,121.5881029,25.07754202
113,12,6,18,20,2,08士林區,士林區延平北路5段與中正路口,0,0,1,1,C03,8,5,5,50,4,1,1,5,4,5,13,2,1,1,4,5,1,16,1,32,3,10,5,1,7,5,1,10,1,14,,8,,1,21,121.5092652,25.0865872
113,12,6,18,20,2,08士林區,士林區延平北路5段與中正路口,0,0,1,2,C03,8,5,5,50,4,1,1,5,4,5,13,2,1,1,4,5,1,16,1,19,2,9,5,1,7,9,1,10,1,12,,44,,1,21,121.5092652,25.0865872
113,12,6,18,36,2,07信義區,信義區信義路4段與基隆路1段口,0,0,2,1,C03,7,5,5,50,4,2,1,5,4,5,13,2,1,3,4,5,2,13,1,67,2,9,5,1,7,9,1,10,1,11,,16,,1,21,121.5595959,25.033373
113,12,6,18,36,2,07信義區,信義區信義路4段與基隆路1段口,0,0,2,3,H02,7,5,5,50,4,2,1,5,4,5,13,2,1,3,4,5,2,13,2,62,2,9,5,5,7,21,8,20,10,16,,67,,1,21,121.5595959,25.033373
113,12,6,18,36,2,07信義區,信義區信義路4段與基隆路1段口,0,0,2,2,C03,7,5,5,50,4,2,1,5,4,5,13,2,1,3,4,5,2,13,1,57,3,10,5,1,7,9,1,10,1,13,,44,,1,21,121.5595959,25.033373
113,12,6,18,40,2,12內湖區,內湖區民權東路6段與行忠路171巷口,0,0,1,1,B03,7,5,5,50,3,2,1,5,4,5,13,4,4,1,3,5,1,13,1,42,3,10,3,4,7,9,1,8,1,1,,16,,1,22,121.5809374,25.0676025
113,12,6,18,40,2,12內湖區,內湖區民權東路6段與行忠路171巷口,0,0,1,2,B03,7,5,5,50,3,2,1,5,4,5,13,4,4,1,3,5,1,13,2,51,2,2,3,4,7,14,1,8,1,3,,44,,1,22,121.5809374,25.0676025