發生年度,發生月,發生日,發生時-Hours,發生分,處理別-編號,區序,肇事地點,死亡人數,2-30日死亡人數,受傷人數,當事人序號,車種,天候,道路照明設備,道路類別,速限-速度限制,道路型態,事故位置,路面狀況1,路面狀況2,路面狀況3,道路障礙1,道路障礙2,號誌1,號誌2,車道劃分-分向,車道劃分-分道1,車道劃分-分道2,車道劃分-分道3,事故類型及型態,性別,年齡,受傷程度,主要傷處,保護裝置,行動電話,車輛用途,當事者行動狀態,駕駛資格情形,駕駛執照種類,飲酒情形,車輛撞擊部位1,車輛撞擊部位2,肇因碼-個別,肇因碼-主要,個人肇逃否,職業,座標-X,座標-Y
113,12,6,18,40,2,12內湖區,內湖區民權東路6段與行忠路171巷口,0,0,1,3,B01,7,5,5,50,3,2,1,5,4,5,13,4,4,1,3,5,1,13,1,30,3,10,3,4,7,14,1,4,1,3,,44,,1,22,121.5809374,25.0676025
113,12,6,18,44,2,04大安區,大安區信義路4段74巷與信義路4段口,0,0,1,1,C03,8,5,5,50,3,2,1,5,4,5,13,4,4,8,3,5,1,13,1,39,2,7,5,1,7,9,1,10,1,11,,108,,1,26,121.5470392,25.0332093
113,12,6,18,44,2,04大安區,大安區信義路4段74巷與信義路4段口,0,0,1,2,B12,8,5,5,50,3,2,1,5,4,5,13,4,4,8,3,5,1,13,1,68,3,10,7,1,7,14,1,8,1,7,,44,,1,26,121.5470392,25.0332093
113,12,6,19,25,2,04大安區,大安區仁愛路4段27巷26號,0,0,1,1,B02,7,5,5,30,14,9,1,5,4,5,13,4,4,10,5,5,1,12,1,53,3,10,3,4,7,8,1,8,1,5,,100,,1,22,121.5452069,25.040434
113,12,6,19,25,2,04大安區,大安區仁愛路4段27巷26號,0,0,1,2,C03,7,5,5,30,14,9,1,5,4,5,13,4,4,10,5,5,1,12,1,33,2,8,6,4,7,9,1,10,1,14,,44,,1,22,121.5452069,25.040434
113,12,6,20,25,2,12內湖區,內湖區瑞湖街與陽光街口,0,0,2,1,C03,8,5,5,50,4,1,1,5,4,5,13,1,1,5,5,5,2,13,2,70,2,8,5,1,7,5,1,10,1,14,,101,,1,21,121.5760617,25.072838
113,12,6,20,25,2,12內湖區,內湖區瑞湖街與陽光街口,0,0,2,2,C03,8,5,5,50,4,1,1,5,4,5,13,1,1,5,5,5,2,13,1,36,2,9,5,1,7,9,1,10,1,12,,44,,1,21,121.5760617,25.072838
113,12,6,20,36,2,02萬華區,萬華區廣州街與中華路2段口,0,0,2,1,B01,7,5,5,50,22,7,1,5,4,5,13,2,1,1,3,4,1,17,1,67,3,10,7,1,7,6,1,4,1,8,,9,,1,21,121.5064002,25.0359087
113,12,6,20,36,2,02萬華區,萬華區廣州街與中華路2段口,0,0,2,2,C03,7,5,5,50,22,7,1,5,4,5,13,2,1,1,3,4,1,17,1,31,2,9,5,1,7,5,1,10,1,12,,8,,1,21,121.5064002,25.0359087
113,12,6,20,36,2,02萬華區,萬華區廣州街與中華路2段口,0,0,2,3,H02,7,5,5,50,22,7,1,5,4,5,13,2,1,1,3,4,1,17,2,46,2,9,5,5,7,17,8,20,10,16,,67,,1,21,121.5064002,25.0359087
113,12,6,20,48,2,03中山區,中山區林森北路與雙城街7巷口,0,0,1,1,B01,8,5,5,50,3,2,1,5,4,5,13,4,4,5,5,5,2,12,1,45,3,10,7,1,7,11,1,4,1,8,,10,,1,21,121.5256344,25.0636726
113,12,6,20,48,2,03中山區,中山區林森北路與雙城街7巷口,0,0,1,2,C03,8,5,5,50,3,2,1,5,4,5,13,4,4,5,5,5,2,12,2,22,2,8,6,1,7,9,1,10,1,12,,44,,1,21,121.5256344,25.0636726
113,12,6,21,15,2,12內湖區,內湖區民權東路6段120巷與民權東路6段120巷7弄口,0,0,2,1,C03,7,5,5,30,4,1,1,5,4,5,13,4,4,10,5,5,2,15,1,24,2,9,3,4,7,9,1,10,1,11,,44,,1,21,121.5872225,25.0676052
113,12,6,21,15,2,12內湖區,內湖區民權東路6段120巷與民權東路6段120巷7弄口,0,0,2,2,C03,7,5,5,30,4,1,1,5,4,5,13,4,4,10,5,5,2,15,1,53,2,9,3,4,7,9,1,10,1,11,,75,,1,21,121.5872225,25.0676052
113,12,6,21,23,2,03中山區,中山區民族東路76號,0,0,1,1,C03,8,5,5,50,8,9,1,5,4,5,13,4,4,9,4,5,2,13,1,26,2,8,5,1,7,9,1,10,1,11,,16,,1,21,121.5266297,25.06830884
113,12,6,21,23,2,03中山區,中山區民族東路76號,0,0,1,2,A12,8,5,5,50,8,9,1,5,4,5,13,4,4,9,4,5,2,13,1,63,3,10,7,1,7,9,1,6,1,6,,44,,1,26,121.5266297,25.06830884
113,12,6,21,56,2,05中正區,中正區和平西路1段與廈門街口,0,0,1,1,B03,7,5,5,50,4,1,1,5,4,5,13,1,1,1,4,5,2,16,1,23,3,10,7,1,7,6,1,8,9,5,,9,,1,22,121.5180574,25.02681
113,12,6,21,56,2,05中正區,中正區和平西路1段與廈門街口,0,0,1,2,C03,7,5,5,50,4,1,1,5,4,5,13,1,1,1,4,5,2,16,1,18,2,8,6,1,7,9,1,10,9,14,,108,,1,22,121.5180574,25.02681
113,12,6,22,2,2,08士林區,士林區承德路5段與中正路口,0,0,1,1,C03,8,5,5,50,3,2,1,5,4,5,13,4,4,10,5,4,1,13,2,19,2,9,5,1,7,9,1,10,1,11,,16,,1,21,121.5159738,25.0917364
113,12,6,22,2,2,08士林區,士林區承德路5段與中正路口,0,0,1,2,C03,8,5,5,50,3,2,1,5,4,5,13,4,4,10,5,4,1,13,1,67,3,10,5,1,7,12,1,10,1,13,,14,,1,21,121.5159738,25.0917364
113,12,6,22,2,2,08士林區,士林區承德路5段與中正路口,0,0,1,3,B03,8,5,5,50,3,2,1,5,4,5,13,4,4,10,5,4,1,13,1,29,3,10,7,1,7,9,1,8,1,17,,72,,1,21,121.5159738,25.0917364
113,12,6,22,30,2,01大同區,大同區環河北路2段與環河北路2段145巷口,0,0,1,1,B02,7,5,5,30,3,2,1,5,4,5,13,4,4,1,4,5,2,17,1,32,3,10,3,4,7,6,1,8,1,8,,72,,1,21,121.5090587,25.0672428
113,12,6,22,30,2,01大同區,大同區環河北路2段與環河北路2段145巷口,0,0,1,2,C03,7,5,5,30,3,2,1,5,4,5,13,4,4,1,4,5,2,17,1,25,2,9,3,4,7,9,1,10,1,12,,14,,1,21,121.5090587,25.0672428
113,12,6,22,38,2,07信義區,信義區基隆路2段149之49號,0,0,1,1,C03,7,5,5,50,14,9,1,5,4,5,13,2,1,8,5,5,2,13,1,33,2,9,5,4,7,9,6,10,2,11,12,42,,1,21,121.5549671,25.0264409
113,12,6,22,38,2,07信義區,信義區基隆路2段149之49號,0,0,1,2,B01,7,5,5,50,14,9,1,5,4,5,13,2,1,8,5,5,2,13,1,56,3,10,3,4,7,9,1,8,2,3,,44,,1,21,121.5549671,25.0264409
113,12,6,23,0,2,12內湖區,內湖區康寧路3段與安康路口,0,0,1,1,B03,8,5,5,50,4,1,1,5,4,5,13,1,1,3,4,4,2,16,2,21,3,10,7,1,7,11,1,8,1,5,,118,,1,21,121.6110476,25.0648847
113,12,6,23,0,2,12內湖區,內湖區康寧路3段與安康路口,0,0,1,2,C03,8,5,5,50,4,1,1,5,4,5,13,1,1,3,4,4,2,16,1,20,2,9,5,1,7,9,1,10,1,14,,44,,1,21,121.6110476,25.0648847
113,12,7,0,17,2,12內湖區,內湖區東湖路與康樂街口,0,0,1,1,C03,7,5,5,50,4,1,1,5,4,5,13,1,1,5,4,5,2,12,4,0,,,,,,,,,1,,,,,,,121.6175163,25.0678812
113,12,7,0,17,2,12內湖區,內湖區東湖路與康樂街口,0,0,1,2,C03,7,5,5,50,4,1,1,5,4,5,13,1,1,5,4,5,2,12,2,37,2,9,5,1,7,9,1,10,9,12,,17,,1,21,121.6175163,25.0678812
113,12,7,0,41,2,05中正區,中正區中山南路與仁愛路1段口,0,0,1,1,B01,8,5,5,50,5,2,1,5,4,5,13,1,1,1,4,5,2,12,1,65,3,10,7,1,7,9,1,4,2,5,,44,,1,21,121.517931,25.0395515
113,12,7,0,41,2,05中正區,中正區中山南路與仁愛路1段口,0,0,1,2,C03,8,5,5,50,5,2,1,5,4,5,13,1,1,1,4,5,2,12,1,23,2,9,6,1,7,15,1,10,2,14,,100,,1,21,121.517931,25.0395515
113,12,7,0,50,2,08士林區,士林區文林路,0,0,2,1,B01,8,5,5,50,14,9,1,5,4,5,13,4,4,5,4,5,1,17,1,53,3,10,7,1,7,11,1,8,1,17,,10,,1,22,121.5242768,25.0964177
113,12,7,0,50,2,08士林區,士林區文林路,0,0,2,2,C03,8,5,5,50,14,9,1,5,4,5,13,4,4,5,4,5,1,17,1,37,2,9,5,1,7,9,3,18,1,14,,42,,1,22,121.5242768,25.0964177
113,12,7,0,50,2,08士林區,士林區文林路,0,0,2,3,H02,8,5,5,50,14,9,1,5,4,5,13,4,4,5,4,5,1,17,2,73,2,9,6,5,7,20,8,20,10,17,,67,,1,21,121.5242768,25.0964177
113,12,7,2,42,2,07信義區,信義區松信路與市民大道6段口,0,0,1,1,B01,8,5,5,50,4,2,1,5,4,5,13,2,1,1,4,5,2,3,1,33,3,10,3,4,7,5,1,4,2,1,,70,,1,21,121.5723461,25.0491954
113,12,7,2,42,2,07信義區,信義區松信路與市民大道6段口,0,0,1,2,H01,8,5,5,50,4,2,1,5,4,5,13,2,1,1,4,5,2,3,2,24,2,9,4,5,8,16,8,20,10,16,,67,,1,21,121.5723461,25.0491954
113,12,7,5,48,2,07信義區,信義區松山路465巷與松山路465巷2弄口,0,0,1,1,C03,7,5,5,30,5,1,1,5,4,4,13,4,4,10,5,5,2,15,1,34,2,9,6,1,7,9,1,10,2,14,,72,,1,21,121.5784125,25.0395696
113,12,7,5,48,2,07信義區,信義區松山路465巷與松山路465巷2弄口,0,0,1,2,B12,7,5,5,30,5,1,1,5,4,4,13,4,4,10,5,5,2,15,1,53,3,10,3,4,7,9,1,8,2,5,,14,,1,21,121.5784125,25.0395696
113,12,7,5,50,2,07信義區,信義區永吉路與松山路口,0,0,2,1,B01,7,5,5,50,4,1,1,5,4,5,13,2,1,3,4,5,2,17,1,40,3,10,7,1,7,5,1,4,2,2,,71,,1,22,121.5777659,25.0454653
113,12,7,5,50,2,07信義區,信義區永吉路與松山路口,0,0,2,2,B03,7,5,5,50,4,1,1,5,4,5,13,2,1,3,4,5,2,17,2,35,2,1,7,1,7,9,1,8,2,1,,13,,1,22,121.5777659,25.0454653
113,12,7,5,50,2,07信義區,信義區永吉路與松山路口,0,0,2,3,H02,7,5,5,50,4,1,1,5,4,5,13,2,1,3,4,5,2,17,1,20,2,1,7,5,7,20,8,20,10,16,,67,,1,22,121.5777659,25.0454653
113,12,7,7,31,2,06松山區,松山區民權東路4段與敦化北路口口,0,0,2,1,C03,6,7,5,50,4,1,1,4,4,5,13,2,1,1,4,5,2,17,1,18,2,9,6,1,7,9,1,10,1,12,,17,,1,21,121.5513586,25.0614082
113,12,7,7,31,2,06松山區,松山區民權東路4段與敦化北路口口,0,0,2,2,C03,6,7,5,50,4,1,1,4,4,5,13,2,1,1,4,5,2,17,1,57,2,9,6,1,7,9,1,10,1,14,,17,,1,21,121.5513586,25.0614082
113,12,7,8,25,2,07信義區,信義區市民大道6段與松隆路329巷口,0,0,1,1,B03,6,7,5,40,3,2,1,4,4,5,13,1,1,9,4,5,2,17,1,52,3,10,7,4,7,1,1,8,1,17,,19,,1,21,121.5792191,25.0488842
113,12,7,8,25,2,07信義區,信義區市民大道6段與松隆路329巷口,0,0,1,2,C03,6,7,5,40,3,2,1,4,4,5,13,1,1,9,4,5,2,17,1,21,2,9,5,1,7,9,1,10,1,17,,44,,1,21,121.5792191,25.0488842
113,12,7,8,36,2,08士林區,士林區格致路上山路段第1106076號路燈桿,0,0,1,1,B03,6,7,5,40,14,9,1,4,4,5,13,4,4,9,4,5,1,17,1,57,3,10,7,1,7,11,1,8,2,8,,10,,1,21,121.5465125,25.13873575
113,12,7,8,36,2,08士林區,士林區格致路上山路段第1106076號路燈桿,0,0,1,2,C03,6,7,5,40,14,9,1,4,4,5,13,4,4,9,4,5,1,17,1,22,2,9,5,1,7,9,1,10,2,14,,13,,1,21,121.5465125,25.13873575
113,12,7,9,24,2,08士林區,士林區重慶北路4段117號,0,0,1,1,B03,8,7,5,40,14,8,1,5,4,5,13,4,4,9,4,4,2,17,1,68,3,10,7,1,7,8,1,8,1,5,,101,,1,21,121.5122981,25.082507
113,12,7,9,24,2,08士林區,士林區重慶北路4段117號,0,0,1,2,C03,8,7,5,40,14,8,1,5,4,5,13,4,4,9,4,4,2,17,1,20,2,8,6,1,7,9,1,10,1,11,,108,,1,21,121.5122981,25.082507
113,12,7,9,24,2,08士林區,士林區重慶北路4段117號,0,0,1,3,B03,8,7,5,40,14,8,1,5,4,5,13,4,4,9,4,4,2,17,1,28,3,10,7,1,7,14,1,8,11,4,,38,,1,21,121.5122981,25.082507
113,12,7,9,46,2,06松山區,松山區民權東路3段與民族東路口,0,0,2,1,C03,6,7,5,50,3,1,1,4,4,5,13,4,4,1,4,5,2,17,1,51,2,9,6,1,7,15,1,10,11,13,,101,,1,21,121.5499358,25.0617538
113,12,7,9,46,2,06松山區,松山區民權東路3段與民族東路口,0,0,2,2,C04,6,7,5,50,3,1,1,4,4,5,13,4,4,1,4,5,2,17,1,54,2,9,6,1,7,9,1,9,11,11,,13,,1,22,121.5499358,25.0617538
113,12,7,9,53,2,07信義區,信義區松山路與松山路149巷口,0,0,1,1,B03,6,7,5,50,4,1,1,4,4,5,13,2,1,3,4,5,2,17,1,54,3,10,7,1,7,9,1,8,5,8,,81,,1,22,121.5778185,25.0466449
113,12,7,9,53,2,07信義區,信義區松山路與松山路149巷口,0,0,1,2,F03,6,7,5,50,4,1,1,4,4,5,13,2,1,3,4,5,2,17,2,71,2,8,2,1,7,5,8,20,2,12,,98,,1,22,121.5778185,25.0466449
113,12,7,10,55,2,01大同區,大同區承德路3段與承德路3段251巷口,0,0,1,1,C03,7,6,5,50,3,1,1,5,4,5,13,4,4,1,4,5,2,13,1,31,3,10,6,1,7,7,1,10,1,13,,100,,1,21,121.5185119,25.0697652
113,12,7,10,55,2,01大同區,大同區承德路3段與承德路3段251巷口,0,0,1,2,C03,7,6,5,50,3,1,1,5,4,5,13,4,4,1,4,5,2,13,1,51,2,9,6,1,7,9,1,10,1,11,,44,,1,21,121.5185119,25.0697652
113,12,7,11,16,2,10文山區,文山區興隆路4段124號與興隆路4段122巷口口,0,0,2,1,F01,7,5,5,30,14,9,1,5,4,5,13,4,4,10,5,5,2,17,2,61,2,9,3,4,7,5,8,20,1,15,,8,,1,22,121.5621896,24.9825855
113,12,7,11,16,2,10文山區,文山區興隆路4段124號與興隆路4段122巷口口,0,0,2,2,C03,7,5,5,30,14,9,1,5,4,5,13,4,4,10,5,5,2,17,1,44,2,9,5,4,7,9,1,9,1,11,,44,,1,22,121.5621896,24.9825855
113,12,7,11,35,2,07信義區,信義區基隆路1段與忠孝東路5段口,0,0,1,1,C03,7,6,5,50,14,9,1,5,4,5,13,2,1,1,2,5,2,16,2,25,2,5,5,1,7,7,1,10,1,14,,101,,1,21,121.5646642,25.0411769
113,12,7,11,35,2,07信義區,信義區基隆路1段與忠孝東路5段口,0,0,1,2,B01,7,6,5,50,14,9,1,5,4,5,13,2,1,1,2,5,2,16,1,54,3,10,7,1,7,9,1,4,1,2,,44,,1,21,121.5646642,25.0411769
113,12,7,12,0,2,03中山區,中山區合江街68號,0,0,1,1,C03,8,6,5,40,14,9,1,5,4,5,13,4,4,9,5,5,2,17,1,53,3,10,5,4,7,11,1,10,1,14,,10,,1,22,121.5391475,25.0566975
113,12,7,12,0,2,03中山區,中山區合江街68號,0,0,1,2,C03,8,6,5,40,14,9,1,5,4,5,13,4,4,9,5,5,2,17,1,21,2,7,5,4,7,9,1,10,1,11,,13,,1,22,121.5391475,25.0566975
113,12,7,12,13,2,03中山區,中山區遼寧街185巷46號與南京東路3段223巷口,0,0,1,1,C03,7,6,5,50,5,2,1,5,4,5,13,4,4,10,3,5,1,17,1,37,2,9,5,1,7,9,1,10,1,11,,72,,1,21,121.5434859,25.0533146
113,12,7,12,13,2,03中山區,中山區遼寧街185巷46號與南京東路3段223巷口,0,0,1,2,B03,7,6,5,50,5,2,1,5,4,5,13,4,4,10,3,5,1,17,1,44,3,10,7,1,7,9,1,8,1,5,,13,,1,21,121.5434859,25.0533146
113,12,7,12,45,2,04大安區,大安區和平東路2段307號,0,0,1,1,F07,7,6,6,0,22,20,4,5,4,5,13,4,4,10,5,5,2,9,2,61,3,10,2,4,7,15,8,20,1,15,,42,,1,22,121.5449164,25.0248982
113,12,7,12,45,2,04大安區,大安區和平東路2段307號,0,0,1,2,H01,7,6,6,0,22,20,4,5,4,5,13,4,4,10,5,5,2,9,1,8,2,8,4,5,8,17,8,20,10,16,,67,,1,22,121.5449164,25.0248982
113,12,7,12,50,2,04大安區,大安區信義路3段與建國南路1段口,0,0,1,1,B03,7,6,5,50,4,2,1,5,4,5,13,2,1,1,4,5,2,12,1,51,3,10,7,1,7,9,1,8,1,4,,118,,1,21,121.5380867,25.0335453
113,12,7,12,50,2,04大安區,大安區信義路3段與建國南路1段口,0,0,1,2,C03,7,6,5,50,4,2,1,5,4,5,13,2,1,1,4,5,2,12,1,46,3,10,6,1,7,9,6,18,1,15,,118,,1,21,121.5380867,25.0335453
113,12,7,12,50,2,04大安區,大安區信義路3段與建國南路1段口,0,0,1,3,H02,7,6,5,50,4,2,1,5,4,5,13,2,1,1,4,5,2,12,2,46,2,8,6,5,7,20,8,20,10,16,,67,,1,21,121.5380867,25.0335453
113,12,7,12,54,2,10文山區,文山區興隆路3段292號前,0,0,2,1,C03,8,6,5,50,14,9,1,5,4,5,13,4,4,1,4,5,2,16,1,29,2,8,6,1,7,6,1,10,1,11,,9,,1,21,121.559864,24.9954623
113,12,7,12,54,2,10文山區,文山區興隆路3段292號前,0,0,2,2,C03,8,6,5,50,14,9,1,5,4,5,13,4,4,1,4,5,2,16,2,56,2,7,6,1,7,9,1,10,1,14,,44,,1,21,121.559864,24.9954623
113,12,7,12,56,2,01大同區,大同區鄭州路與西寧北路口,0,0,1,1,B03,8,7,5,50,5,2,1,5,4,5,13,2,1,1,4,5,2,17,1,49,3,10,3,4,7,9,1,8,1,1,,108,,1,21,121.5081572,25.0504965
113,12,7,12,56,2,01大同區,大同區鄭州路與西寧北路口,0,0,1,2,C03,8,7,5,50,5,2,1,5,4,5,13,2,1,1,4,5,2,17,1,30,2,9,3,4,7,14,1,10,1,13,,44,,1,21,121.5081572,25.0504965
113,12,7,13,12,2,12內湖區,內湖區東湖路16巷與東湖路106巷9弄口口,0,0,3,1,C03,6,6,5,30,4,1,1,4,4,5,12,4,4,10,5,5,2,16,1,35,2,9,5,1,7,9,1,10,1,11,,19,,1,21,121.6126217,25.0680068
113,12,7,13,12,2,12內湖區,內湖區東湖路16巷與東湖路106巷9弄口口,0,0,3,2,C03,6,6,5,30,4,1,1,4,4,5,12,4,4,10,5,5,2,16,1,28,2,9,5,1,7,9,1,10,1,14,,44,,1,21,121.6126217,25.0680068
113,12,7,13,12,2,12內湖區,內湖區東湖路16巷與東湖路106巷9弄口口,0,0,3,3,H02,6,6,5,30,4,1,1,4,4,5,12,4,4,10,5,5,2,16,2,28,2,9,5,5,7,17,8,20,10,16,,67,,1,21,121.6126217,25.0680068
113,12,7,13,12,2,12內湖區,內湖區東湖路16巷與東湖路106巷9弄口口,0,0,3,4,,6,6,5,30,4,1,1,4,4,5,12,4,4,10,5,5,2,16,3,30,,,,,,,,,10,,,67,,1,,121.6126217,25.0680068
113,12,7,13,17,2,01大同區,大同區民權西路與民權西路133巷口,0,0,1,1,C03,7,6,5,50,3,2,1,5,4,5,13,2,1,1,4,5,2,17,2,55,2,9,6,1,7,7,1,10,1,14,,101,,1,21,121.5167898,25.062995
113,12,7,13,17,2,01大同區,大同區民權西路與民權西路133巷口,0,0,1,2,B03,7,6,5,50,3,2,1,5,4,5,13,2,1,1,4,5,2,17,1,44,3,10,7,1,7,9,1,8,1,5,,108,,1,21,121.5167898,25.062995
113,12,7,13,29,2,01大同區,大同區重慶北路3段與酒泉街口,0,0,1,1,C03,8,7,5,50,4,2,1,5,4,5,13,2,1,1,4,5,2,17,1,31,2,9,3,4,7,15,1,10,1,14,,42,,1,21,121.51368,25.0719894
113,12,7,13,29,2,01大同區,大同區重慶北路3段與酒泉街口,0,0,1,2,B03,8,7,5,50,4,2,1,5,4,5,13,2,1,1,4,5,2,17,1,55,3,10,3,4,7,6,1,8,1,5,,42,,1,21,121.51368,25.0719894
113,12,7,14,30,2,10文山區,文山區興隆路3段與興隆路3段229巷口口,0,0,1,1,B03,8,6,5,50,3,1,1,5,4,5,13,2,1,1,4,5,2,16,1,66,3,10,7,1,7,11,1,8,1,6,,10,,1,21,121.5592269,24.9935317
113,12,7,14,30,2,10文山區,文山區興隆路3段與興隆路3段229巷口口,0,0,1,2,C03,8,6,5,50,3,1,1,5,4,5,13,2,1,1,4,5,2,16,1,46,2,9,6,1,7,9,1,9,1,11,,13,,1,21,121.5592269,24.9935317
113,12,7,14,38,2,01大同區,大同區延平北路2段與延平北路2段144巷口口,0,0,2,1,B01,7,6,5,50,4,1,1,5,4,5,13,4,4,5,5,5,2,16,1,33,3,10,7,1,7,11,1,4,2,1,,10,,1,21,121.5114836,25.0576577
113,12,7,14,38,2,01大同區,大同區延平北路2段與延平北路2段144巷口口,0,0,2,2,C03,7,6,5,50,4,1,1,5,4,5,13,4,4,5,5,5,2,16,1,34,2,9,6,1,7,9,1,10,2,14,,32,,1,21,121.5114836,25.0576577
113,12,7,14,38,2,01大同區,大同區延平北路2段與延平北路2段144巷口口,0,0,2,3,H02,7,6,5,50,4,1,1,5,4,5,13,4,4,5,5,5,2,16,1,1,2,9,2,5,7,20,8,20,10,16,,67,,1,24,121.5114836,25.0576577
113,12,7,14,40,2,10文山區,文山區木柵路5段102號,0,0,1,1,,7,7,5,50,14,9,1,5,4,5,13,4,4,5,4,5,2,29,3,76,,,,,,,,,10,,,130,,1,,121.5901375,25.0001779
113,12,7,14,40,2,10文山區,文山區木柵路5段102號,0,0,1,2,C03,7,7,5,50,14,9,1,5,4,5,13,4,4,5,4,5,2,29,2,27,3,10,5,1,7,9,1,10,1,13,,44,,1,21,121.5901375,25.0001779
113,12,7,14,40,2,10文山區,文山區木柵路5段102號,0,0,1,3,H02,7,7,5,50,14,9,1,5,4,5,13,4,4,5,4,5,2,29,2,18,2,9,5,5,7,20,8,20,10,16,,67,,1,21,121.5901375,25.0001779
113,12,7,14,50,2,08士林區,士林區忠誠路2段207巷與東山路口,0,0,1,1,C03,8,6,5,30,4,2,1,5,4,5,13,3,1,1,4,5,1,15,1,16,3,10,5,1,7,9,2,18,1,11,,72,,1,21,121.5390316,25.1163804
113,12,7,14,50,2,08士林區,士林區忠誠路2段207巷與東山路口,0,0,1,2,B03,8,6,5,30,4,2,1,5,4,5,13,3,1,1,4,5,1,15,1,48,3,10,7,1,7,9,1,8,1,1,,44,,1,21,121.5390316,25.1163804
113,12,7,14,50,2,08士林區,士林區忠誠路2段207巷與東山路口,0,0,1,3,H02,8,6,5,30,4,2,1,5,4,5,13,3,1,1,4,5,1,15,2,15,2,9,5,5,7,20,8,20,10,16,,67,,1,21,121.5390316,25.1163804
113,12,7,15,23,2,09北投區,北投區東華街1段360號,0,0,2,1,C03,8,6,5,50,14,9,1,5,4,5,13,4,4,10,4,5,2,17,1,43,2,9,6,1,7,9,1,10,1,11,,16,,1,26,121.5192776,25.109512
113,12,7,15,23,2,09北投區,北投區東華街1段360號,0,0,2,2,C03,8,6,5,50,14,9,1,5,4,5,13,4,4,10,4,5,2,17,1,20,2,9,6,1,7,15,1,10,1,13,,44,,1,25,121.5192776,25.109512
113,12,7,15,23,2,09北投區,北投區東華街1段360號,0,0,2,3,C03,8,6,5,50,14,9,1,5,4,5,13,4,4,10,4,5,2,17,2,51,3,10,3,4,7,13,1,10,11,13,,44,,1,22,121.5192776,25.109512
113,12,7,15,23,2,09北投區,北投區東華街1段360號,0,0,2,4,C03,8,6,5,50,14,9,1,5,4,5,13,4,4,10,4,5,2,17,1,70,3,10,6,1,7,1,1,10,1,17,,19,,1,26,121.5192776,25.109512
113,12,7,15,40,2,06松山區,松山區市民大道4段與復興南路1段口,0,0,1,1,C03,7,6,5,40,4,2,1,5,4,5,13,1,1,1,4,5,2,13,2,27,2,8,6,1,7,9,1,10,1,11,,2,,1,22,121.5442471,25.0450058
113,12,7,15,40,2,06松山區,松山區市民大道4段與復興南路1段口,0,0,1,2,B01,7,6,5,40,4,2,1,5,4,5,13,1,1,1,4,5,2,13,1,60,3,10,7,1,7,9,1,4,1,3,,44,,1,22,121.5442471,25.0450058
113,12,7,16,20,2,03中山區,中山區大佳河濱公園自行車道，088號燈桿處,0,0,2,1,F01,7,5,5,30,11,23,1,5,4,5,13,4,4,9,4,5,2,10,2,67,2,1,4,4,7,15,8,20,1,11,,118,,1,21,121.5329782,25.07448761
113,12,7,16,20,2,03中山區,中山區大佳河濱公園自行車道，088號燈桿處,0,0,2,2,F01,7,5,5,30,11,23,1,5,4,5,13,4,4,9,4,5,2,10,1,11,2,8,3,4,7,15,8,20,1,11,,118,,1,21,121.5329782,25.07448761
113,12,7,16,29,2,07信義區,信義區松山路與松德路口口,0,0,1,1,B03,8,7,5,50,4,1,1,5,4,5,13,2,1,1,4,4,2,16,1,72,3,10,7,1,7,5,1,8,1,8,,83,,1,21,121.5777941,25.0395483
113,12,7,16,29,2,07信義區,信義區松山路與松德路口口,0,0,1,2,C03,8,7,5,50,4,1,1,5,4,5,13,2,1,1,4,4,2,16,1,30,3,10,6,1,7,9,1,10,1,12,,44,,1,21,121.5777941,25.0395483
113,12,7,16,29,2,07信義區,信義區松山路與松德路口口,0,0,1,3,H02,8,7,5,50,4,1,1,5,4,5,13,2,1,1,4,4,2,16,2,64,2,7,6,5,7,20,8,20,10,16,,67,,1,21,121.5777941,25.0395483
113,12,7,16,43,2,04大安區,大安區仁愛路3段與建國南路1段口,0,0,1,1,C03,7,7,5,50,14,9,1,5,4,5,13,1,1,8,3,5,1,12,2,56,2,8,5,1,7,8,1,10,1,12,,27,,1,21,121.5385724,25.0383135
113,12,7,16,43,2,04大安區,大安區仁愛路3段與建國南路1段口,0,0,1,2,B03,7,7,5,50,14,9,1,5,4,5,13,1,1,8,3,5,1,12,1,45,3,10,7,1,7,9,1,8,1,4,,44,,1,21,121.5385724,25.0383135
113,12,7,16,46,2,01大同區,大同區敦煌路與延平北路4段口口,0,0,1,1,B03,7,6,5,50,4,1,1,5,4,5,13,2,1,5,5,5,2,16,1,42,3,10,7,1,7,5,1,8,2,2,,8,,1,21,121.5120154,25.0765762
113,12,7,16,46,2,01大同區,大同區敦煌路與延平北路4段口口,0,0,1,2,C03,7,6,5,50,4,1,1,5,4,5,13,2,1,5,5,5,2,16,1,39,2,9,6,1,7,9,1,9,2,11,,44,,1,21,121.5120154,25.0765762
113,12,7,17,0,2,03中山區,中山區北安路554巷8弄9號,0,0,1,1,B03,7,5,5,50,11,13,1,5,4,5,13,4,4,8,5,5,2,17,1,82,4,11,3,4,7,15,1,4,9,7,,101,,2,21,121.5501497,25.0787254
113,12,7,17,0,2,03中山區,中山區北安路554巷8弄9號,0,0,1,2,C03,7,5,5,50,11,13,1,5,4,5,13,4,4,8,5,5,2,17,1,55,2,8,5,1,7,9,1,10,1,14,,44,,1,22,121.5501497,25.0787254