發生年度,發生月,發生日,發生時-Hours,發生分,處理別-編號,區序,肇事地點,死亡人數,2-30日死亡人數,受傷人數,當事人序號,車種,天候,道路照明設備,道路類別,速限-速度限制,道路型態,事故位置,路面狀況1,路面狀況2,路面狀況3,道路障礙1,道路障礙2,號誌1,號誌2,車道劃分-分向,車道劃分-分道1,車道劃分-分道2,車道劃分-分道3,事故類型及型態,性別,年齡,受傷程度,主要傷處,保護裝置,行動電話,車輛用途,當事者行動狀態,駕駛資格情形,駕駛執照種類,飲酒情形,車輛撞擊部位1,車輛撞擊部位2,肇因碼-個別,肇因碼-主要,個人肇逃否,職業,座標-X,座標-Y
113,12,7,17,57,2,05中正區,中正區汀州路2段143號前,0,0,1,1,B03,7,5,5,50,14,9,1,5,4,5,13,1,1,5,5,5,2,17,1,71,3,10,2,1,7,13,1,8,2,4,,40,,1,22,121.5200217,25.0248771
113,12,7,17,57,2,05中正區,中正區汀州路2段143號前,0,0,1,2,C03,7,5,5,50,14,9,1,5,4,5,13,1,1,5,5,5,2,17,1,64,2,9,5,1,7,9,1,10,2,12,,44,,1,22,121.5200217,25.0248771
113,12,7,17,57,2,05中正區,中正區汀州路2段143號前,0,0,1,3,H02,7,5,5,50,14,9,1,5,4,5,13,1,1,5,5,5,2,17,1,30,4,11,5,5,7,20,8,20,10,16,,67,,1,22,121.5200217,25.0248771
113,12,7,18,0,2,04大安區,大安區信義路4段2號,0,0,3,1,C03,8,5,5,50,14,9,1,5,4,5,13,4,4,8,3,5,2,13,2,20,2,9,3,4,7,9,1,10,1,11,,42,,1,21,121.5439427,25.033289
113,12,7,18,0,2,04大安區,大安區信義路4段2號,0,0,3,2,C03,8,5,5,50,14,9,1,5,4,5,13,4,4,8,3,5,2,13,1,19,2,9,3,4,7,9,1,10,1,14,,44,,1,21,121.5439427,25.033289
113,12,7,18,0,2,04大安區,大安區信義路4段2號,0,0,3,3,H02,8,5,5,50,14,9,1,5,4,5,13,4,4,8,3,5,2,13,2,18,2,9,3,5,7,20,8,20,10,16,,67,,1,21,121.5439427,25.033289
113,12,7,18,0,2,04大安區,大安區信義路4段2號,0,0,3,4,B03,8,5,5,50,14,9,1,5,4,5,13,4,4,8,3,5,2,13,1,40,3,10,3,4,7,15,1,8,1,6,,44,,1,21,121.5439427,25.033289
113,12,7,18,21,2,11南港區,南港區研究院路2段與研究院路2段53巷口,0,0,2,1,F02,6,5,5,50,4,1,1,4,4,5,13,2,1,1,3,5,2,15,1,63,2,9,4,1,7,11,8,20,2,15,,10,,1,21,121.6158636,25.04444107
113,12,7,18,21,2,11南港區,南港區研究院路2段與研究院路2段53巷口,0,0,2,2,C03,6,5,5,50,4,1,1,4,4,5,13,2,1,1,3,5,2,15,1,21,2,9,6,1,7,9,1,10,2,11,,29,,1,21,121.6158636,25.04444107
113,12,7,18,37,2,11南港區,南港區忠孝東路7段99號,0,0,1,1,B03,7,5,5,50,14,8,1,4,4,5,13,4,4,3,4,4,2,12,1,24,3,10,3,4,7,1,1,8,1,7,,19,,1,22,121.5988912,25.0510887
113,12,7,18,37,2,11南港區,南港區忠孝東路7段99號,0,0,1,2,C03,7,5,5,50,14,8,1,4,4,5,13,4,4,3,4,4,2,12,1,26,2,8,5,4,7,9,1,10,1,11,,44,,1,22,121.5988912,25.0510887
113,12,7,18,43,2,02萬華區,萬華區長沙街2段119號,0,0,2,1,C03,7,5,5,50,14,9,1,5,4,5,13,4,4,8,3,5,1,16,1,53,2,5,3,4,7,1,1,10,1,13,,19,,1,22,121.5036441,25.0404328
113,12,7,18,43,2,02萬華區,萬華區長沙街2段119號,0,0,2,2,C03,7,5,5,50,14,9,1,5,4,5,13,4,4,8,3,5,1,16,1,20,2,9,3,4,7,4,3,18,1,11,,94,,1,22,121.5036441,25.0404328
113,12,7,18,43,2,07信義區,信義區信義路6段與松山路口,0,0,1,2,C03,7,5,5,50,4,2,1,5,4,5,13,2,1,9,5,5,1,13,2,55,2,8,5,1,7,9,1,10,9,17,,16,,1,21,121.5784159,25.0363451
113,12,7,18,43,2,07信義區,信義區信義路6段與松山路口,0,0,1,1,C02,7,5,5,50,4,2,1,5,4,5,13,2,1,9,5,5,1,13,1,49,3,10,5,1,7,6,1,9,9,17,,9,,1,21,121.5784159,25.0363451
113,12,7,18,46,2,12內湖區,內湖區瑞湖街北往南(民權東路六段11巷59號旁),0,0,1,1,B03,8,5,5,50,14,9,1,5,4,5,13,4,4,9,5,5,2,17,1,53,3,10,7,1,7,6,1,8,2,2,,9,,1,21,121.5764513,25.0683558
113,12,7,18,46,2,12內湖區,內湖區瑞湖街北往南(民權東路六段11巷59號旁),0,0,1,2,C03,8,5,5,50,14,9,1,5,4,5,13,4,4,9,5,5,2,17,1,60,2,9,5,1,7,9,6,10,2,14,,44,,1,21,121.5764513,25.0683558
113,12,7,18,52,2,08士林區,士林區延平北路5段1巷與延平北路5段口,0,0,1,1,C03,7,5,5,50,4,2,1,5,4,5,13,2,1,3,4,5,1,17,1,47,3,10,5,1,7,11,1,10,1,13,,10,,1,21,121.511274,25.07899799
113,12,7,18,52,2,08士林區,士林區延平北路5段1巷與延平北路5段口,0,0,1,2,C03,7,5,5,50,4,2,1,5,4,5,13,2,1,3,4,5,1,17,1,60,2,8,6,1,7,9,1,10,1,11,,44,,1,21,121.511274,25.07899799
113,12,7,19,57,2,03中山區,中山區合江街與合江街102巷口,0,0,1,1,C03,7,5,5,30,5,1,1,5,4,5,13,4,4,9,5,5,2,16,1,55,2,8,3,4,7,5,1,10,1,12,,8,,1,21,121.5392604,25.05873912
113,12,7,19,57,2,03中山區,中山區合江街與合江街102巷口,0,0,1,2,B03,7,5,5,30,5,1,1,5,4,5,13,4,4,9,5,5,2,16,1,60,3,10,3,4,7,9,1,8,1,8,,44,,1,21,121.5392604,25.05873912
113,12,7,20,11,2,12內湖區,內湖區港華街31號附近側附近,0,0,1,1,,7,6,5,50,14,9,1,5,4,5,13,4,4,9,4,5,2,18,3,13,,,,,,,,,,,,130,,1,,121.5766966,25.08247756
113,12,7,20,11,2,12內湖區,內湖區港華街31號附近側附近,0,0,1,2,C03,7,6,5,50,14,9,1,5,4,5,13,4,4,9,4,5,2,18,2,57,2,9,6,1,7,9,1,10,2,11,,44,,1,21,121.5766966,25.08247756
113,12,7,20,15,2,03中山區,中山區林森北路133巷與南京東路1段132巷口,0,0,1,1,C03,7,5,5,30,4,1,1,5,4,5,13,4,4,10,5,5,2,17,2,33,2,9,6,1,7,5,1,8,1,12,,72,,1,21,121.5269263,25.05069392
113,12,7,20,15,2,03中山區,中山區林森北路133巷與南京東路1段132巷口,0,0,1,2,B01,7,5,5,30,4,1,1,5,4,5,13,4,4,10,5,5,2,17,1,53,3,10,7,1,7,9,1,4,1,8,,44,,1,21,121.5269263,25.05069392
113,12,7,20,19,2,01大同區,大同區重慶北路3段與伊寧街口,0,0,2,1,F01,8,5,5,0,4,1,1,5,4,5,13,2,1,1,4,5,2,15,1,80,2,9,4,1,7,9,8,20,1,12,,81,,1,21,121.5139094,25.064885
113,12,7,20,19,2,01大同區,大同區重慶北路3段與伊寧街口,0,0,2,2,C03,8,5,5,0,4,1,1,5,4,5,13,2,1,1,4,5,2,15,1,19,2,9,5,1,7,9,1,10,1,11,,44,,1,21,121.5139094,25.064885
113,12,7,20,30,2,08士林區,士林區中正路601號與中正路口迴轉道,0,0,1,1,C03,8,5,5,50,3,2,1,5,4,5,13,4,4,10,5,5,1,13,1,25,2,9,5,1,7,5,1,10,1,11,,107,,1,21,121.5096615,25.0867162
113,12,7,20,30,2,08士林區,士林區中正路601號與中正路口迴轉道,0,0,1,2,C03,8,5,5,50,3,2,1,5,4,5,13,4,4,10,5,5,1,13,2,19,3,10,5,1,7,5,3,18,1,13,,44,,1,21,121.5096615,25.0867162
113,12,7,20,38,2,04大安區,大安區忠孝東路4段231號,0,0,1,1,B01,7,5,5,50,14,9,1,5,4,5,13,1,2,3,4,5,2,12,1,67,3,10,7,4,7,9,1,4,1,8,,108,,1,21,121.553195,25.0415183
113,12,7,20,38,2,04大安區,大安區忠孝東路4段231號,0,0,1,2,C03,7,5,5,50,14,9,1,5,4,5,13,1,2,3,4,5,2,12,1,42,2,8,6,4,7,9,1,10,1,12,,44,,1,21,121.553195,25.0415183
113,12,7,21,31,2,10文山區,文山區三福街4巷9號,0,0,1,1,B03,7,5,5,30,14,9,1,5,4,3,13,4,4,10,5,5,2,17,1,48,3,10,7,1,7,14,1,8,1,17,,38,,1,21,121.5424888,24.99598811
113,12,7,21,31,2,10文山區,文山區三福街4巷9號,0,0,1,2,C03,7,5,5,30,14,9,1,5,4,3,13,4,4,10,5,5,2,17,1,34,2,9,6,1,7,9,1,10,1,14,,44,,1,21,121.5424888,24.99598811
113,12,7,21,31,2,10文山區,文山區三福街4巷9號,0,0,1,3,H01,7,5,5,30,14,9,1,5,4,3,13,4,4,10,5,5,2,17,2,9,3,10,4,5,8,16,8,20,10,16,,53,,1,14,121.5424888,24.99598811
113,12,7,22,49,2,07信義區,信義區松智路與松平路口,0,0,1,1,B03,7,5,6,50,4,2,1,5,4,5,13,1,1,5,5,5,2,16,1,60,3,10,3,4,7,5,1,8,1,6,,8,,1,22,121.5653484,25.0304646
113,12,7,22,49,2,07信義區,信義區松智路與松平路口,0,0,1,2,C03,7,5,6,50,4,2,1,5,4,5,13,1,1,5,5,5,2,16,1,18,2,9,3,4,7,9,1,10,1,11,,13,,1,22,121.5653484,25.0304646
113,12,7,23,5,2,06松山區,松山區民生東路5段138巷與民生東路5段口,0,0,1,1,B01,7,5,5,30,4,1,1,5,4,5,13,1,1,1,4,5,2,3,1,67,3,10,7,1,7,5,1,4,2,8,,70,,1,22,121.5578156,25.05433655
113,12,7,23,5,2,06松山區,松山區民生東路5段138巷與民生東路5段口,0,0,1,2,H01,7,5,5,30,4,1,1,5,4,5,13,1,1,1,4,5,2,3,2,62,2,9,4,5,8,16,8,20,10,16,,67,,1,22,121.5578156,25.05433655
113,12,7,23,16,2,12內湖區,內湖區康寧路3段99巷39弄與康寧路3段189巷155弄口,0,0,2,1,C03,7,5,5,30,3,1,1,5,4,5,13,4,4,10,5,5,2,13,1,21,2,8,5,1,7,9,1,10,1,11,,107,,1,21,121.6129047,25.06755764
113,12,7,23,16,2,12內湖區,內湖區康寧路3段99巷39弄與康寧路3段189巷155弄口,0,0,2,2,B01,7,5,5,30,3,1,1,5,4,5,13,4,4,10,5,5,2,13,1,65,3,10,7,1,7,9,1,4,1,3,,14,,1,21,121.6129047,25.06755764
113,12,7,23,16,2,12內湖區,內湖區康寧路3段99巷39弄與康寧路3段189巷155弄口,0,0,2,3,H02,7,5,5,30,3,1,1,5,4,5,13,4,4,10,5,5,2,13,2,19,2,7,5,5,7,21,8,20,10,16,,67,,1,21,121.6129047,25.06755764
113,12,7,23,19,2,08士林區,士林區中正路與重陽橋口往三重機車道,0,0,2,1,C03,8,5,5,50,14,11,1,5,4,5,13,4,4,10,5,5,1,13,1,18,2,7,5,1,7,9,1,10,1,11,,16,,1,21,121.5073521,25.0863057
113,12,7,23,19,2,08士林區,士林區中正路與重陽橋口往三重機車道,0,0,2,2,C03,8,5,5,50,14,11,1,5,4,5,13,4,4,10,5,5,1,13,1,24,2,8,5,1,7,9,1,10,1,13,,44,,1,21,121.5073521,25.0863057
113,12,7,23,19,2,08士林區,士林區中正路與重陽橋口往三重機車道,0,0,2,3,C03,8,5,5,50,14,11,1,5,4,5,13,4,4,10,5,5,1,13,1,27,3,10,5,1,7,9,1,10,1,13,,44,,1,21,121.5073521,25.0863057
113,12,8,0,50,2,11南港區,南港區南港路3段與南港路3段47巷口口,0,0,2,1,C03,8,5,5,50,3,1,1,5,4,5,13,4,4,5,4,5,2,16,1,28,2,7,6,1,7,5,1,10,1,11,,72,,1,21,121.5901209,25.0534552
113,12,8,0,50,2,11南港區,南港區南港路3段與南港路3段47巷口口,0,0,2,2,C03,8,5,5,50,3,1,1,5,4,5,13,4,4,5,4,5,2,16,2,57,2,8,6,1,7,9,1,10,1,12,,44,,1,21,121.5901209,25.0534552
113,12,8,3,25,2,04大安區,大安區忠孝東路4段181巷7弄7號,0,0,3,1,B03,8,5,5,50,14,9,1,5,4,5,13,4,4,10,5,5,1,17,1,23,3,10,7,1,7,1,1,8,4,8,,19,,1,21,121.5510659,25.0421497
113,12,8,3,25,2,04大安區,大安區忠孝東路4段181巷7弄7號,0,0,3,2,C03,8,5,5,50,14,9,1,5,4,5,13,4,4,10,5,5,1,17,1,23,3,10,5,1,7,13,1,10,1,13,,44,,1,21,121.5510659,25.0421497
113,12,8,3,25,2,04大安區,大安區忠孝東路4段181巷7弄7號,0,0,3,4,H01,8,5,5,50,14,9,1,5,4,5,13,4,4,10,5,5,1,17,2,32,2,9,4,5,8,17,8,20,10,16,,60,,1,21,121.5510659,25.0421497
113,12,8,3,25,2,04大安區,大安區忠孝東路4段181巷7弄7號,0,0,3,3,C03,8,5,5,50,14,9,1,5,4,5,13,4,4,10,5,5,1,17,1,62,3,10,5,1,7,13,1,10,1,14,,44,,1,21,121.5510659,25.0421497
113,12,8,3,25,2,04大安區,大安區忠孝東路4段181巷7弄7號,0,0,3,5,H01,8,5,5,50,14,9,1,5,4,5,13,4,4,10,5,5,1,17,2,30,2,9,4,5,8,17,8,20,10,16,,60,,1,21,121.5510659,25.0421497
113,12,8,3,25,2,04大安區,大安區忠孝東路4段181巷7弄7號,0,0,3,6,H01,8,5,5,50,14,9,1,5,4,5,13,4,4,10,5,5,1,17,2,33,2,9,4,5,8,17,8,20,10,16,,60,,1,21,121.5510659,25.0421497
113,12,8,7,37,2,12內湖區,內湖區舊宗路2段與舊宗路2段121巷口,0,0,1,1,B03,6,5,5,50,4,1,1,4,4,5,13,1,1,1,4,5,2,9,1,51,3,10,7,1,7,5,1,8,2,5,,108,,1,21,121.5748602,25.0694955
113,12,8,7,37,2,12內湖區,內湖區舊宗路2段與舊宗路2段121巷口,0,0,1,2,H03,6,5,5,50,4,1,1,4,4,5,13,1,1,1,4,5,2,9,1,48,2,9,4,5,8,16,8,20,10,16,,67,,1,21,121.5748602,25.0694955
113,12,8,7,50,2,10文山區,文山區木柵路4段31-6號對面,0,0,1,1,C03,6,6,5,50,14,9,1,4,4,5,13,1,1,10,4,5,2,18,1,41,2,9,6,1,7,9,1,10,1,14,,118,,1,21,121.5716205,24.9939561
113,12,8,7,50,2,10文山區,文山區木柵路4段31-6號對面,0,0,1,2,,6,6,5,50,14,9,1,4,4,5,13,1,1,10,4,5,2,18,3,0,,,,,,,,,,,,67,,1,,121.5716205,24.9939561
113,12,8,7,52,2,12內湖區,內湖區江南街與江南街71巷口,0,0,1,1,C03,6,7,5,50,3,1,1,4,4,5,13,4,4,9,4,5,2,17,1,40,3,10,6,1,7,5,1,10,2,17,,8,,1,21,121.5773833,25.0772793
113,12,8,7,52,2,12內湖區,內湖區江南街與江南街71巷口,0,0,1,2,C03,6,7,5,50,3,1,1,4,4,5,13,4,4,9,4,5,2,17,2,43,2,9,6,1,7,9,1,10,2,11,,108,,1,21,121.5773833,25.0772793
113,12,8,7,52,2,12內湖區,內湖區江南街與江南街71巷口,0,0,1,3,B03,6,7,5,50,3,1,1,4,4,5,13,4,4,9,4,5,2,17,1,49,3,10,3,1,7,13,1,8,2,8,,38,,1,21,121.5773833,25.0772793
113,12,8,8,54,2,08士林區,士林區中山北路5段42號,0,0,1,1,B12,8,6,5,40,14,9,1,5,4,5,13,4,4,1,4,5,2,17,1,32,3,10,3,4,7,8,1,8,1,17,,100,,1,21,121.5256123,25.0835954
113,12,8,8,54,2,08士林區,士林區中山北路5段42號,0,0,1,2,C03,8,6,5,40,14,9,1,5,4,5,13,4,4,1,4,5,2,17,2,24,2,9,6,4,7,9,1,9,1,14,,116,,1,21,121.5256123,25.0835954
113,12,8,9,12,2,05中正區,中正區重慶北路1段機場捷運台北車站5號出入口,0,0,1,1,B03,8,6,5,30,11,9,1,5,4,1,13,4,4,5,4,5,2,12,2,33,3,10,2,1,7,9,1,8,2,2,,44,,1,22,121.5085114,25.05139132
113,12,8,9,12,2,05中正區,中正區重慶北路1段機場捷運台北車站5號出入口,0,0,1,2,C03,8,6,5,30,11,9,1,5,4,1,13,4,4,5,4,5,2,12,2,63,2,9,6,1,7,10,1,10,2,14,,100,,1,22,121.5085114,25.05139132
113,12,8,9,30,2,05中正區,中正區信義路1段與杭州南路1段口,0,0,2,2,C04,8,6,5,50,4,18,1,5,4,5,13,1,1,1,4,5,2,3,1,21,2,8,5,1,7,9,1,21,2,11,,70,,1,22,121.5243871,25.0356318
113,12,8,9,30,2,05中正區,中正區信義路1段與杭州南路1段口,0,0,2,1,H01,8,6,5,50,4,18,1,5,4,5,13,1,1,1,4,5,2,3,1,83,2,9,4,5,8,18,8,20,10,16,,122,,1,22,121.5243871,25.0356318
113,12,8,10,10,2,07信義區,信義區忠孝東路5段275巷7弄環保局三張犁分隊部,0,0,1,1,C03,7,7,5,30,14,9,1,5,4,5,13,4,4,10,5,5,2,17,2,60,2,4,5,1,7,1,1,10,1,11,,19,,1,22,121.5707841,25.04152051
113,12,8,10,10,2,07信義區,信義區忠孝東路5段275巷7弄環保局三張犁分隊部,0,0,1,2,B03,7,7,5,30,14,9,1,5,4,5,13,4,4,10,5,5,2,17,1,58,3,10,7,1,7,9,1,8,1,5,,44,,1,22,121.5707841,25.04152051
113,12,8,10,15,2,11南港區,南港區經貿二路與經貿二路235巷口,0,0,1,1,B03,7,6,5,50,5,1,1,5,4,5,13,2,1,5,4,5,2,16,1,49,3,10,3,4,7,6,1,8,1,2,,9,,1,21,121.6145183,25.0605935
113,12,8,10,15,2,11南港區,南港區經貿二路與經貿二路235巷口,0,0,1,2,F03,7,6,5,50,5,1,1,5,4,5,13,2,1,5,4,5,2,16,2,38,2,9,4,1,7,9,8,20,1,14,,32,,1,21,121.6145183,25.0605935
113,12,8,10,47,2,02萬華區,萬華區桂林路20號,0,0,1,1,B03,7,7,5,50,14,9,1,5,4,5,13,4,4,9,4,5,2,16,1,45,3,10,7,1,7,1,1,8,1,4,,19,,1,21,121.5056335,25.0376789
113,12,8,10,47,2,02萬華區,萬華區桂林路20號,0,0,1,2,C03,7,7,5,50,14,9,1,5,4,5,13,4,4,9,4,5,2,16,1,19,2,9,6,1,7,9,1,10,1,11,,44,,1,21,121.5056335,25.0376789
113,12,8,12,34,2,04大安區,大安區羅斯福路3段327號,0,0,3,3,H02,7,5,5,50,14,9,1,5,4,5,13,4,4,1,4,5,2,12,2,16,2,7,6,5,7,20,8,20,10,16,,67,,1,21,121.5321307,25.0170546
113,12,8,12,34,2,04大安區,大安區羅斯福路3段327號,0,0,3,1,C03,7,5,5,50,14,9,1,5,4,5,13,4,4,1,4,5,2,12,1,20,2,9,6,1,7,15,1,10,1,13,,101,,1,21,121.5321307,25.0170546
113,12,8,12,34,2,04大安區,大安區羅斯福路3段327號,0,0,3,2,C03,7,5,5,50,14,9,1,5,4,5,13,4,4,1,4,5,2,12,2,18,2,9,6,1,7,9,1,10,1,11,,13,,1,22,121.5321307,25.0170546
113,12,8,12,36,2,04大安區,大安區青田街5巷與青田街口,0,0,1,1,C03,8,7,5,30,4,2,1,5,4,5,13,4,4,10,5,5,1,15,1,49,2,7,5,1,7,9,1,10,1,14,,72,,1,26,121.5319601,25.0285978
113,12,8,12,36,2,04大安區,大安區青田街5巷與青田街口,0,0,1,2,C03,8,7,5,30,4,2,1,5,4,5,13,4,4,10,5,5,1,15,1,32,3,10,5,1,7,9,1,10,1,11,,108,,1,26,121.5319601,25.0285978
113,12,8,12,50,2,03中山區,中山區建國北路1段與建國北路1段23巷口,0,0,2,1,B03,7,7,5,50,3,1,1,5,4,5,13,4,4,1,4,5,2,12,2,34,3,10,7,1,7,6,1,8,1,2,,9,,1,21,121.5369542,25.0453705
113,12,8,12,50,2,03中山區,中山區建國北路1段與建國北路1段23巷口,0,0,2,2,C03,7,7,5,50,3,1,1,5,4,5,13,4,4,1,4,5,2,12,1,71,2,7,5,1,7,9,1,10,1,14,,44,,1,21,121.5369542,25.0453705
113,12,8,12,50,2,03中山區,中山區建國北路1段與建國北路1段23巷口,0,0,2,3,H02,7,7,5,50,3,1,1,5,4,5,13,4,4,1,4,5,2,12,2,66,2,6,5,5,7,20,8,20,10,16,,67,,1,21,121.5369542,25.0453705
113,12,8,13,17,2,07信義區,信義區松壽路2號,0,0,2,1,C03,6,6,5,50,14,9,1,4,4,5,13,4,4,9,4,5,2,17,2,56,2,1,3,4,7,1,1,10,2,14,,19,,1,22,121.56297,25.0359879
113,12,8,13,17,2,07信義區,信義區松壽路2號,0,0,2,2,C03,6,6,5,50,14,9,1,4,4,5,13,4,4,9,4,5,2,17,2,48,2,1,3,4,7,9,1,10,2,11,,44,,1,22,121.56297,25.0359879
113,12,8,13,30,2,04大安區,大安區安和路2段50號,0,0,1,1,A03,7,6,5,50,14,9,1,5,4,5,13,2,1,1,4,5,2,9,1,37,3,10,3,4,7,1,1,2,2,17,,44,,1,21,121.5523197,25.0310273
113,12,8,13,30,2,04大安區,大安區安和路2段50號,0,0,1,2,H02,7,6,5,50,14,9,1,5,4,5,13,2,1,1,4,5,2,9,1,92,2,1,3,5,7,20,8,20,10,16,,67,,1,22,121.5523197,25.0310273
113,12,8,13,30,2,06松山區,松山區市民大道4段與復興南路1段口,0,0,1,1,C03,7,7,5,40,4,1,1,5,4,5,13,2,1,1,4,5,2,12,1,47,2,8,5,1,7,7,1,10,1,14,,100,,1,21,121.5440922,25.0449865
113,12,8,13,30,2,06松山區,松山區市民大道4段與復興南路1段口,0,0,1,2,B03,7,7,5,40,4,1,1,5,4,5,13,2,1,1,4,5,2,12,1,54,3,10,7,1,7,9,1,8,1,2,,44,,1,21,121.5440922,25.0449865
113,12,8,13,46,2,02萬華區,萬華區中華路2段484巷6號,0,0,2,1,F01,7,7,5,50,14,9,1,5,4,5,13,4,4,5,5,5,2,17,1,86,2,9,2,4,7,5,8,20,1,14,,8,,1,21,121.5062098,25.0260289
113,12,8,13,46,2,02萬華區,萬華區中華路2段484巷6號,0,0,2,2,C03,7,7,5,50,14,9,1,5,4,5,13,4,4,5,5,5,2,17,1,48,2,9,5,1,7,9,1,10,1,11,,44,,1,21,121.5062098,25.0260289
113,12,8,14,13,2,02萬華區,萬華區中華路2段10號,0,0,1,1,A02,7,6,5,50,14,9,1,5,4,5,13,4,4,5,4,5,2,9,1,60,3,10,7,1,7,1,1,2,1,17,,44,,1,21,121.5054578,25.033741
113,12,8,14,13,2,02萬華區,萬華區中華路2段10號,0,0,1,2,H02,7,6,5,50,14,9,1,5,4,5,13,4,4,5,4,5,2,9,2,82,2,9,4,5,7,17,8,20,10,16,,60,,1,21,121.5054578,25.033741
113,12,8,14,20,2,05中正區,中正區羅斯福路4段90巷前公車停靠區,0,0,1,1,A03,8,7,5,40,14,10,1,5,4,5,13,1,1,2,4,5,2,9,1,45,3,10,7,1,7,1,1,2,9,17,,42,,1,21,121.5348287,25.0142739
113,12,8,14,20,2,05中正區,中正區羅斯福路4段90巷前公車停靠區,0,0,1,2,H02,8,7,5,40,14,10,1,5,4,5,13,1,1,2,4,5,2,9,2,56,2,3,4,5,7,19,8,20,10,16,,42,,1,21,121.5348287,25.0142739
113,12,8,14,22,2,01大同區,大同區承德路3段294號,0,0,1,1,B03,8,7,5,50,14,9,1,5,4,5,13,4,4,1,4,5,2,17,1,49,3,10,3,4,7,8,1,8,1,5,,100,,1,21,121.5194792,25.073917
113,12,8,14,22,2,01大同區,大同區承德路3段294號,0,0,1,2,C03,8,7,5,50,14,9,1,5,4,5,13,4,4,1,4,5,2,17,1,40,3,10,3,4,7,9,1,10,1,14,,44,,1,21,121.5194792,25.073917
113,12,8,14,22,2,01大同區,大同區承德路3段294號,0,0,1,3,H02,8,7,5,50,14,9,1,5,4,5,13,4,4,1,4,5,2,17,1,14,2,9,3,5,7,20,8,20,10,16,,67,,1,21,121.5194792,25.073917
113,12,8,15,24,2,03中山區,中山區吉林路與吉林路393巷口,0,0,1,1,B03,7,6,5,50,5,1,1,5,4,5,13,4,4,9,5,5,2,16,1,46,3,10,7,1,7,6,1,8,1,2,,74,,1,21,121.5304345,25.0656407
113,12,8,15,24,2,03中山區,中山區吉林路與吉林路393巷口,0,0,1,2,C03,7,6,5,50,5,1,1,5,4,5,13,4,4,9,5,5,2,16,1,33,2,8,6,1,7,9,1,10,1,11,,108,,1,21,121.5304345,25.0656407
113,12,8,15,35,2,10文山區,文山區木柵路4段與木柵路4段159巷口,0,0,1,1,C03,6,5,5,50,3,1,1,4,4,5,13,2,1,10,4,5,2,13,2,56,2,9,6,1,7,9,1,10,1,11,,16,,1,21,121.5756318,24.99976961
113,12,8,15,35,2,10文山區,文山區木柵路4段與木柵路4段159巷口,0,0,1,2,C03,6,5,5,50,3,1,1,4,4,5,13,2,1,10,4,5,2,13,2,32,3,10,6,1,7,9,1,10,1,13,,44,,1,21,121.5756318,24.99976961
113,12,8,15,40,2,05中正區,中正區衡陽路與桃源街口,0,0,4,1,C03,8,6,5,50,3,1,1,5,4,5,13,4,4,10,5,5,2,16,2,52,2,9,5,1,7,5,1,10,2,12,,44,,1,22,121.5105298,25.0422024
113,12,8,15,40,2,05中正區,中正區衡陽路與桃源街口,0,0,4,2,C03,8,6,5,50,3,1,1,5,4,5,13,4,4,10,5,5,2,16,1,39,2,9,5,1,7,9,1,10,2,12,,44,,1,22,121.5105298,25.0422024
113,12,8,15,40,2,05中正區,中正區衡陽路與桃源街口,0,0,4,3,H02,8,6,5,50,3,1,1,5,4,5,13,4,4,10,5,5,2,16,2,55,2,9,5,5,7,20,8,20,10,16,,67,,1,22,121.5105298,25.0422024
113,12,8,15,40,2,05中正區,中正區衡陽路與桃源街口,0,0,4,4,H02,8,6,5,50,3,1,1,5,4,5,13,4,4,10,5,5,2,16,2,38,2,9,5,5,7,20,8,20,10,16,,67,,1,22,121.5105298,25.0422024
113,12,8,15,42,2,09北投區,北投區承德路7段與石牌路1段口北往南方向,0,0,2,1,C03,8,5,6,60,3,2,1,5,4,5,13,1,1,9,4,4,1,12,1,25,2,5,6,1,7,15,1,10,2,12,,17,,1,21,121.5090001,25.1124653
113,12,8,15,42,2,09北投區,北投區承德路7段與石牌路1段口北往南方向,0,0,2,2,C03,8,5,6,60,3,2,1,5,4,5,13,1,1,9,4,4,1,12,1,27,2,8,6,1,7,9,1,10,2,14,,44,,1,21,121.5090001,25.1124653
113,12,8,16,40,2,02萬華區,萬華區堤外便道(龍山038燈桿),0,0,2,1,C03,8,7,5,40,14,11,1,5,4,5,13,4,4,1,4,5,2,17,1,27,2,8,5,1,7,9,1,10,1,11,,108,,1,21,121.5005347,25.04347044
113,12,8,16,40,2,02萬華區,萬華區堤外便道(龍山038燈桿),0,0,2,2,C03,8,7,5,40,14,11,1,5,4,5,13,4,4,1,4,5,2,17,2,70,2,8,5,3,7,15,1,10,1,13,,39,,1,21,121.5005347,25.04347044
113,12,8,16,55,2,01大同區,大同區塔城街與忠孝西路2段口,0,0,1,1,B03,7,5,5,50,5,1,1,5,4,5,13,4,4,1,5,5,2,16,2,41,3,10,7,1,7,6,1,8,2,1,,9,,1,21,121.5096503,25.0482438
113,12,8,16,55,2,01大同區,大同區塔城街與忠孝西路2段口,0,0,1,2,F01,7,5,5,50,5,1,1,5,4,5,13,4,4,1,5,5,2,16,1,18,2,9,4,1,7,15,8,20,2,11,,11,,1,21,121.5096503,25.0482438
113,12,8,17,0,2,02萬華區,萬華區環河南路2段與桂林路口,0,0,1,1,B01,7,6,5,50,4,1,1,5,4,5,13,2,1,1,4,5,2,16,1,22,3,10,7,1,7,5,1,4,1,1,,106,,1,21,121.4969377,25.0383603