發生年度,發生月,發生日,發生時-Hours,發生分,處理別-編號,區序,肇事地點,死亡人數,2-30日死亡人數,受傷人數,當事人序號,車種,天候,道路照明設備,道路類別,速限-速度限制,道路型態,事故位置,路面狀況1,路面狀況2,路面狀況3,道路障礙1,道路障礙2,號誌1,號誌2,車道劃分-分向,車道劃分-分道1,車道劃分-分道2,車道劃分-分道3,事故類型及型態,性別,年齡,受傷程度,主要傷處,保護裝置,行動電話,車輛用途,當事者行動狀態,駕駛資格情形,駕駛執照種類,飲酒情形,車輛撞擊部位1,車輛撞擊部位2,肇因碼-個別,肇因碼-主要,個人肇逃否,職業,座標-X,座標-Y
113,12,8,17,0,2,02萬華區,萬華區環河南路2段與桂林路口,0,0,1,2,F01,7,6,5,50,4,1,1,5,4,5,13,2,1,1,4,5,2,16,1,8,2,1,2,1,7,9,8,20,1,14,,99,,1,21,121.4969377,25.0383603
113,12,8,17,30,2,08士林區,士林區格致路234號,0,0,1,1,C03,7,5,5,40,14,9,1,4,4,5,13,4,4,5,5,5,1,9,2,35,3,10,5,1,7,9,1,10,1,11,,108,,1,21,121.5490157,25.1434457
113,12,8,17,30,2,08士林區,士林區格致路234號,0,0,1,2,H01,7,5,5,40,14,9,1,4,4,5,13,4,4,5,5,5,1,9,2,83,2,9,4,5,8,16,8,20,1,16,,121,,1,21,121.5490157,25.1434457
113,12,8,17,55,2,12內湖區,內湖區民權東路6段136巷與民權東路6段口,0,0,1,1,B03,6,5,5,40,4,1,1,4,4,5,13,1,1,1,3,4,1,16,1,35,3,10,3,4,7,5,1,8,1,8,,74,,1,21,121.5878201,25.06905411
113,12,8,17,55,2,12內湖區,內湖區民權東路6段136巷與民權東路6段口,0,0,1,2,C03,6,5,5,40,4,1,1,4,4,5,13,1,1,1,3,4,1,16,1,29,2,9,3,4,7,9,1,10,1,14,,44,,1,21,121.5878201,25.06905411
113,12,8,18,6,2,07信義區,信義區忠孝東路4段400號,0,0,1,1,F03,7,5,8,50,22,22,1,4,4,5,13,4,4,1,4,5,2,13,1,14,2,9,2,1,7,5,8,20,2,11,,108,,1,22,121.558036,25.0412233
113,12,8,18,6,2,07信義區,信義區忠孝東路4段400號,0,0,1,2,B01,7,5,8,50,22,22,1,4,4,5,13,4,4,1,4,5,2,13,1,54,3,10,7,1,7,9,1,4,2,7,,44,,1,21,121.558036,25.0412233
113,12,8,18,10,2,11南港區,南港區市民大道8段與忠孝東路7段325巷口,0,0,1,1,B03,6,5,5,50,3,1,1,4,4,5,13,1,1,1,3,5,2,17,1,50,3,10,7,1,7,5,1,8,1,2,,74,,1,21,121.6052932,25.05294
113,12,8,18,10,2,11南港區,南港區市民大道8段與忠孝東路7段325巷口,0,0,1,2,C03,6,5,5,50,3,1,1,4,4,5,13,1,1,1,3,5,2,17,2,30,2,9,5,1,7,9,1,10,1,11,,44,,1,21,121.6052932,25.05294
113,12,8,18,13,2,04大安區,大安區市民大道4段與市民大道4段48巷口,0,0,1,1,B02,7,5,5,40,3,1,1,5,4,5,13,4,4,10,5,5,2,16,1,52,3,10,3,4,7,6,1,8,1,5,,9,,1,22,121.5459182,25.0449429
113,12,8,18,13,2,04大安區,大安區市民大道4段與市民大道4段48巷口,0,0,1,2,C03,7,5,5,40,3,1,1,5,4,5,13,4,4,10,5,5,2,16,1,40,2,9,6,4,7,9,1,10,1,14,,44,,1,22,121.5459182,25.0449429
113,12,8,18,18,2,11南港區,南港區市民大道8段無名巷,0,0,2,1,H01,6,5,5,50,3,1,1,4,4,5,13,2,1,1,4,5,1,6,2,19,2,9,4,5,8,18,8,20,1,16,,122,,2,25,121.5996649,25.0521065
113,12,8,18,18,2,11南港區,南港區市民大道8段無名巷,0,0,2,2,C03,6,5,5,50,3,1,1,4,4,5,13,2,1,1,4,5,1,6,1,28,2,9,5,4,7,9,1,10,1,11,,44,,1,22,121.5996649,25.0521065
113,12,8,18,19,2,06松山區,松山區市民大道6段與松山路口,0,0,1,1,B01,7,5,5,50,4,1,1,5,4,5,13,1,1,9,4,5,2,15,1,57,3,10,7,1,7,9,1,8,1,8,,81,,1,21,121.577725,25.0495066
113,12,8,18,19,2,06松山區,松山區市民大道6段與松山路口,0,0,1,2,C03,7,5,5,50,4,1,1,5,4,5,13,1,1,9,4,5,2,15,1,71,2,9,5,1,7,9,1,10,1,12,,44,,1,21,121.577725,25.0495066
113,12,8,18,19,2,09北投區,北投區承德路7段與承德路7段188巷口,0,0,2,1,C03,7,5,5,60,14,9,1,5,4,5,13,4,4,1,4,5,2,13,1,35,2,9,5,1,7,9,1,10,2,13,,44,,1,21,121.5077088,25.11397027
113,12,8,18,19,2,09北投區,北投區承德路7段與承德路7段188巷口,0,0,2,2,C03,7,5,5,60,14,9,1,5,4,5,13,4,4,1,4,5,2,13,1,57,2,9,5,1,7,9,1,10,2,11,,16,,1,21,121.5077088,25.11397027
113,12,8,18,26,2,08士林區,士林區福港街205號,0,0,2,1,B03,7,5,5,30,14,9,1,5,4,5,13,3,1,5,5,5,2,17,1,21,3,10,7,1,7,11,1,8,1,8,,92,,1,21,121.5194414,25.09621029
113,12,8,18,26,2,08士林區,士林區福港街205號,0,0,2,2,C03,7,5,5,30,14,9,1,5,4,5,13,3,1,5,5,5,2,17,2,49,2,9,6,1,7,9,1,10,1,12,,44,,1,21,121.5194414,25.09621029
113,12,8,18,26,2,08士林區,士林區福港街205號,0,0,2,3,H02,7,5,5,30,14,9,1,5,4,5,13,3,1,5,5,5,2,17,2,19,2,9,6,5,7,20,8,20,10,16,,67,,1,21,121.5194414,25.09621029
113,12,8,18,55,2,10文山區,文山區政大二街與政大三街口口,0,0,1,1,C03,6,5,5,30,4,1,1,4,4,5,13,4,4,10,5,5,2,18,1,43,2,9,5,1,7,9,1,10,9,14,,44,,1,21,121.5840533,24.9865281
113,12,8,18,55,2,10文山區,文山區政大二街與政大三街口口,0,0,1,2,,6,5,5,30,4,1,1,4,4,5,13,4,4,10,5,5,2,18,3,0,,,,,,,,,,,,67,,1,,121.5840533,24.9865281
113,12,8,19,11,2,10文山區,文山區辛亥路5段與興隆路2段244巷口,0,0,1,1,B03,6,5,5,50,4,1,1,4,4,5,13,2,1,1,4,5,2,16,1,69,3,10,7,1,7,5,1,8,2,1,,71,,1,21,121.5540558,24.9999022
113,12,8,19,11,2,10文山區,文山區辛亥路5段與興隆路2段244巷口,0,0,1,2,C03,6,5,5,50,4,1,1,4,4,5,13,2,1,1,4,5,2,16,1,27,2,9,6,1,7,9,1,10,2,11,,44,,1,21,121.5540558,24.9999022
113,12,8,19,30,2,08士林區,士林區承德路4段6巷與承德路4段口,0,0,2,1,C03,7,5,5,30,4,1,1,5,4,5,13,4,4,10,5,5,2,15,1,48,2,9,6,1,7,9,1,10,1,11,,72,,1,22,121.5215346,25.0790039
113,12,8,19,30,2,08士林區,士林區承德路4段6巷與承德路4段口,0,0,2,2,C03,7,5,5,30,4,1,1,5,4,5,13,4,4,10,5,5,2,15,2,19,2,9,6,1,7,9,1,10,1,11,,13,,1,22,121.5215346,25.0790039
113,12,8,19,30,2,08士林區,士林區承德路4段6巷與承德路4段口,0,0,2,3,H02,7,5,5,30,4,1,1,5,4,5,13,4,4,10,5,5,2,15,1,12,3,10,6,5,7,17,8,20,10,16,,67,,1,22,121.5215346,25.0790039
113,12,8,19,44,2,05中正區,中正區許昌街30號,0,0,1,1,C03,7,6,5,50,14,9,1,5,4,5,13,4,4,7,5,5,1,1,1,18,3,10,6,1,7,9,1,10,2,11,,4,,1,22,121.5158381,25.0454948
113,12,8,19,44,2,05中正區,中正區許昌街30號,0,0,1,2,H01,7,6,5,50,14,9,1,5,4,5,13,4,4,7,5,5,1,1,1,27,2,8,4,5,8,16,8,20,10,16,,67,,1,21,121.5158381,25.0454948
113,12,8,19,50,2,02萬華區,萬華區萬大路與長泰街口,0,0,2,1,C03,7,5,5,30,3,2,1,5,4,5,13,2,1,1,4,5,2,13,1,72,2,9,5,1,7,9,1,10,1,11,,16,,1,21,121.499307,25.0227024
113,12,8,19,50,2,02萬華區,萬華區萬大路與長泰街口,0,0,2,2,B03,7,5,5,30,3,2,1,5,4,5,13,2,1,1,4,5,2,13,1,43,3,10,7,1,7,12,1,8,1,6,,13,,1,21,121.499307,25.0227024
113,12,8,19,50,2,02萬華區,萬華區萬大路與長泰街口,0,0,2,3,H02,7,5,5,30,3,2,1,5,4,5,13,2,1,1,4,5,2,13,2,65,2,9,5,5,7,20,8,20,10,16,,67,,1,21,121.499307,25.0227024
113,12,8,19,56,2,12內湖區,內湖區成功路2段456巷3號,0,0,2,1,C03,6,6,5,20,12,9,1,4,4,5,13,4,4,10,5,5,2,10,1,30,2,9,6,1,7,9,1,9,2,11,,5,,1,21,121.5864471,25.0743891
113,12,8,19,56,2,12內湖區,內湖區成功路2段456巷3號,0,0,2,2,C03,6,6,5,20,12,9,1,4,4,5,13,4,4,10,5,5,2,10,2,28,2,9,6,1,7,9,1,10,2,14,,44,,1,21,121.5864471,25.0743891
113,12,8,21,22,2,04大安區,大安區忠孝東路3段與建國南路1段口,0,0,2,1,C03,7,5,5,50,4,1,1,5,4,5,13,2,1,1,4,5,2,12,1,29,2,9,6,1,7,8,1,10,1,12,,101,,1,21,121.5374269,25.0416485
113,12,8,21,22,2,04大安區,大安區忠孝東路3段與建國南路1段口,0,0,2,2,C04,7,5,5,50,4,1,1,5,4,5,13,2,1,1,4,5,2,12,1,37,3,10,6,1,7,9,1,10,1,15,,44,,1,21,121.5374269,25.0416485
113,12,8,21,22,2,04大安區,大安區忠孝東路3段與建國南路1段口,0,0,2,3,H02,7,5,5,50,4,1,1,5,4,5,13,2,1,1,4,5,2,12,1,42,2,7,6,5,7,20,8,20,10,16,,67,,1,21,121.5374269,25.0416485
113,12,8,21,29,2,02萬華區,萬華區中華路2段與艋舺大道口,0,0,1,1,C03,6,5,5,40,3,2,1,4,4,5,13,2,1,1,3,4,1,16,1,40,2,3,3,4,7,7,1,9,1,13,,100,,1,22,121.5057308,25.0347671
113,12,8,21,29,2,02萬華區,萬華區中華路2段與艋舺大道口,0,0,1,2,B01,6,5,5,40,3,2,1,4,4,5,13,2,1,1,3,4,1,16,1,55,3,10,3,4,7,9,1,3,1,1,,44,,1,22,121.5057308,25.0347671
113,12,8,21,40,2,07信義區,信義區忠孝東路5段452號,0,0,1,1,C03,7,5,5,50,14,9,1,4,4,5,13,4,4,1,4,5,2,17,1,42,3,10,3,4,7,1,1,10,9,17,,19,,1,22,121.5767948,25.0406786
113,12,8,21,40,2,07信義區,信義區忠孝東路5段452號,0,0,1,2,C03,7,5,5,50,14,9,1,4,4,5,13,4,4,1,4,5,2,17,1,18,2,9,3,4,7,9,1,10,9,14,,42,,1,25,121.5767948,25.0406786
113,12,9,1,10,2,03中山區,中山區吉林路與錦州街口,0,0,1,1,B01,7,5,5,50,4,1,1,5,4,5,13,1,1,5,4,5,2,1,1,60,3,10,7,1,7,5,1,4,1,1,,70,,1,21,121.5301393,25.06034594
113,12,9,1,10,2,03中山區,中山區吉林路與錦州街口,0,0,1,2,H01,7,5,5,50,4,1,1,5,4,5,13,1,1,5,4,5,2,1,1,26,2,1,4,5,8,16,8,20,1,16,,67,,1,21,121.5301393,25.06034594
113,12,9,6,5,2,03中山區,中山區中山北路2段與民生西路口,0,0,1,1,C03,8,5,5,50,4,2,1,5,4,5,13,1,1,9,4,5,2,13,1,68,2,7,5,1,7,9,1,10,1,11,,16,,1,21,121.5225382,25.05783228
113,12,9,6,5,2,03中山區,中山區中山北路2段與民生西路口,0,0,1,2,B01,8,5,5,50,4,2,1,5,4,5,13,1,1,9,4,5,2,13,1,62,3,10,7,1,7,14,1,4,1,7,,44,,1,21,121.5225382,25.05783228
113,12,9,6,46,2,01大同區,大同區鄭州路與塔城街口側附近口,0,0,1,1,B03,7,5,5,40,4,1,2,5,4,5,13,2,1,9,4,4,2,10,2,32,3,10,7,1,7,15,1,8,2,1,,71,,1,22,121.5104229,25.0499702
113,12,9,6,46,2,01大同區,大同區鄭州路與塔城街口側附近口,0,0,1,2,F01,7,5,5,40,4,1,2,5,4,5,13,2,1,9,4,4,2,10,1,78,2,8,4,1,7,1,8,20,2,14,,42,,1,22,121.5104229,25.0499702
113,12,9,7,12,2,09北投區,北投區東華街2段370號與立農街1段187巷口,0,0,2,1,C03,8,6,5,40,3,1,1,5,4,5,13,2,1,10,4,5,2,15,1,27,2,7,5,1,7,1,3,18,2,14,12,19,,1,21,121.5068489,25.120959
113,12,9,7,12,2,09北投區,北投區東華街2段370號與立農街1段187巷口,0,0,2,2,C03,8,6,5,40,3,1,1,5,4,5,13,2,1,10,4,5,2,15,2,71,2,9,5,1,7,9,1,11,2,11,,44,,1,21,121.5068489,25.120959
113,12,9,7,12,2,09北投區,北投區東華街2段370號與立農街1段187巷口,0,0,2,3,C03,8,6,5,40,3,1,1,5,4,5,13,2,1,10,4,5,2,15,1,54,3,10,5,1,7,9,1,10,2,11,,13,,1,21,121.5068489,25.120959
113,12,9,7,53,2,04大安區,大安區忠孝東路3段10巷與新生南路1段103巷口,0,0,1,1,C02,7,6,5,30,4,1,1,5,4,5,13,4,4,10,5,5,2,15,1,57,2,9,6,1,7,9,1,9,1,11,,72,,1,21,121.5334023,25.0406514
113,12,9,7,53,2,04大安區,大安區忠孝東路3段10巷與新生南路1段103巷口,0,0,1,2,B03,7,6,5,30,4,1,1,5,4,5,13,4,4,10,5,5,2,15,1,35,3,10,7,1,7,9,1,8,1,4,,108,,1,21,121.5334023,25.0406514
113,12,9,7,55,2,11南港區,南港區南港路1段與南港路1段2巷口,0,0,1,2,B03,7,6,5,50,14,9,1,5,4,5,13,4,4,9,4,5,2,16,2,48,3,10,7,1,7,9,1,8,2,2,,44,,1,21,121.6201959,25.0548041
113,12,9,7,55,2,11南港區,南港區南港路1段與南港路1段2巷口,0,0,1,1,C03,7,6,5,50,14,9,1,5,4,5,13,4,4,9,4,5,2,16,2,27,2,9,5,1,7,7,1,10,2,14,,100,,1,21,121.6201959,25.0548041
113,12,9,8,2,2,02萬華區,萬華區桂林路與南寧路口,0,0,1,1,B12,7,7,5,50,5,2,1,5,4,5,13,1,2,9,5,5,2,13,1,20,3,10,7,1,7,12,1,8,1,8,,44,,1,21,121.5064518,25.0373422
113,12,9,8,2,2,02萬華區,萬華區桂林路與南寧路口,0,0,1,2,C03,7,7,5,50,5,2,1,5,4,5,13,1,2,9,5,5,2,13,1,44,2,8,5,1,7,14,1,10,1,13,,44,,1,21,121.5064518,25.0373422
113,12,9,8,42,2,03中山區,中山區八德路2段174巷與八德路2段口,0,0,3,1,C03,8,6,5,50,4,1,1,5,4,5,13,2,1,5,4,5,1,13,1,34,2,8,5,1,7,9,1,10,1,13,,44,,1,21,121.5380723,25.0462931
113,12,9,8,42,2,03中山區,中山區八德路2段174巷與八德路2段口,0,0,3,2,C03,8,6,5,50,4,1,1,5,4,5,13,2,1,5,4,5,1,13,2,26,2,9,5,1,7,9,1,10,1,11,,44,,1,21,121.5380723,25.0462931
113,12,9,8,42,2,03中山區,中山區八德路2段174巷與八德路2段口,0,0,3,3,C03,8,6,5,50,4,1,1,5,4,5,13,2,1,5,4,5,1,13,1,32,3,10,5,1,7,9,1,10,1,11,,16,,1,21,121.5380723,25.0462931
113,12,9,8,42,2,03中山區,中山區八德路2段174巷與八德路2段口,0,0,3,4,C03,8,6,5,50,4,1,1,5,4,5,13,2,1,5,4,5,1,13,2,49,2,8,5,1,7,9,1,10,1,14,,42,,1,21,121.5380723,25.0462931
113,12,9,8,47,2,10文山區,文山區木柵路2段與木柵路2段138巷口口,0,0,2,1,C03,7,6,5,50,4,1,1,5,4,5,12,1,1,10,5,5,2,16,1,45,2,9,6,1,7,5,1,11,2,12,,74,,1,21,121.5617853,24.9888033
113,12,9,8,47,2,10文山區,文山區木柵路2段與木柵路2段138巷口口,0,0,2,2,C03,7,6,5,50,4,1,1,5,4,5,12,1,1,10,5,5,2,16,2,21,2,9,6,1,7,9,1,10,2,11,,44,,1,21,121.5617853,24.9888033
113,12,9,8,51,2,05中正區,中正區重慶南路3段與汀州路2段口口,0,0,2,1,C03,8,6,5,50,4,1,1,5,4,5,13,1,1,1,4,5,2,13,1,41,2,1,5,1,7,9,1,10,1,11,,108,,1,21,121.5165081,25.025606
113,12,9,8,51,2,05中正區,中正區重慶南路3段與汀州路2段口口,0,0,2,2,C03,8,6,5,50,4,1,1,5,4,5,13,1,1,1,4,5,2,13,1,44,2,7,6,1,7,9,1,10,1,12,,44,,1,21,121.5165081,25.025606
113,12,9,8,51,2,05中正區,中正區重慶南路3段與汀州路2段口口,0,0,2,3,C03,8,6,5,50,4,1,1,5,4,5,13,1,1,1,4,5,2,13,1,62,3,10,6,1,7,15,6,18,1,17,,101,,1,21,121.5165081,25.025606
113,12,9,8,54,2,01大同區,大同區南京西路25巷與赤峰街3巷口,0,0,1,1,B03,7,6,5,30,14,9,1,5,4,5,13,4,4,10,5,5,2,9,2,38,3,10,7,1,7,9,1,8,11,8,,70,,1,21,121.5202729,25.0531571
113,12,9,8,54,2,01大同區,大同區南京西路25巷與赤峰街3巷口,0,0,1,2,H01,7,6,5,30,14,9,1,5,4,5,13,4,4,10,5,5,2,9,2,76,2,9,4,5,8,20,8,20,10,16,,121,,1,21,121.5202729,25.0531571
113,12,9,9,10,2,06松山區,松山區八德路3段8巷與八德路3段12巷52弄口,0,0,1,1,B01,7,6,5,30,4,1,1,5,4,5,13,1,1,9,5,5,2,3,2,41,3,10,7,1,7,5,1,4,1,8,,70,,1,21,121.5497307,25.0461713
113,12,9,9,10,2,06松山區,松山區八德路3段8巷與八德路3段12巷52弄口,0,0,1,2,H01,7,6,5,30,4,1,1,5,4,5,13,1,1,9,5,5,2,3,2,32,2,9,4,5,8,16,8,20,10,16,,67,,1,21,121.5497307,25.0461713
113,12,9,9,49,2,04大安區,大安區和平東路3段1巷與四維路228巷口,0,0,2,1,C03,8,6,5,30,4,1,1,5,4,5,13,4,4,10,5,5,2,15,2,26,2,7,5,1,7,9,1,10,1,11,,72,,1,21,121.5467531,25.0256001
113,12,9,9,49,2,04大安區,大安區和平東路3段1巷與四維路228巷口,0,0,2,2,C03,8,6,5,30,4,1,1,5,4,5,13,4,4,10,5,5,2,15,1,44,2,8,5,1,7,9,1,10,1,12,,44,,1,21,121.5467531,25.0256001
113,12,9,10,30,2,06松山區,松山區八德路4段72巷與光復南路17巷口,0,0,1,1,B01,7,6,5,30,4,1,1,5,4,5,13,4,4,10,5,5,2,15,1,52,3,10,7,1,7,9,1,4,1,4,,108,,1,21,121.5601949,25.0474685
113,12,9,10,30,2,06松山區,松山區八德路4段72巷與光復南路17巷口,0,0,1,2,C03,7,6,5,30,4,1,1,5,4,5,13,4,4,10,5,5,2,15,1,34,2,9,5,1,7,9,1,10,1,11,,75,,1,21,121.5601949,25.0474685
113,12,9,10,50,2,03中山區,中山區遼寧街81巷與遼寧街口,0,0,1,1,B03,8,7,5,30,5,1,1,5,4,5,13,4,4,9,4,5,2,17,1,73,3,10,7,1,7,6,1,8,1,1,,72,,1,21,121.5421894,25.049589
113,12,9,10,50,2,03中山區,中山區遼寧街81巷與遼寧街口,0,0,1,2,C03,8,7,5,30,5,1,1,5,4,5,13,4,4,9,4,5,2,17,2,30,2,9,5,1,7,9,1,10,1,12,,44,,1,21,121.5421894,25.049589
113,12,9,11,8,2,09北投區,北投區東華街2段198號,0,0,1,1,B03,8,6,5,50,11,9,1,5,4,5,13,4,4,10,4,5,2,13,1,62,3,10,7,1,7,14,1,6,2,7,,38,,1,21,121.5103664,25.1202927
113,12,9,11,8,2,09北投區,北投區東華街2段198號,0,0,1,2,C03,8,6,5,50,11,9,1,5,4,5,13,4,4,10,4,5,2,13,1,34,2,9,5,1,7,8,1,10,2,12,,107,,1,21,121.5103664,25.1202927
113,12,9,11,44,2,01大同區,大同區承德路3段205號,0,0,1,1,B03,7,5,8,50,22,22,1,5,4,5,13,4,4,1,4,5,2,17,2,67,3,10,7,1,7,1,1,8,2,4,,19,,1,21,121.5184945,25.0697641
113,12,9,11,44,2,01大同區,大同區承德路3段205號,0,0,1,2,C03,7,5,8,50,22,22,1,5,4,5,13,4,4,1,4,5,2,17,2,19,2,8,5,1,7,9,1,10,2,11,,44,,1,21,121.5184945,25.0697641
113,12,9,11,47,2,12內湖區,內湖區堤外便道與東湖路160巷口,0,0,1,1,C03,7,7,5,50,3,2,1,5,4,5,13,2,1,5,5,5,2,13,1,44,2,9,5,1,7,9,1,10,1,11,,108,,1,21,121.6135646,25.0652148
113,12,9,11,47,2,12內湖區,內湖區堤外便道與東湖路160巷口,0,0,1,2,B03,7,7,5,50,3,2,1,5,4,5,13,2,1,5,5,5,2,13,1,64,3,10,7,1,7,14,1,8,1,6,,44,,1,21,121.6135646,25.0652148
113,12,9,12,0,2,03中山區,中山區明水路397巷7弄與明水路397巷口,0,0,2,1,C03,8,7,5,30,4,1,1,5,4,5,13,4,4,5,2,5,2,17,2,25,2,9,5,1,7,9,1,10,1,11,,72,,1,21,121.5481633,25.07811068
113,12,9,12,0,2,03中山區,中山區明水路397巷7弄與明水路397巷口,0,0,2,2,B03,8,7,5,30,4,1,1,5,4,5,13,4,4,5,2,5,2,17,1,60,3,10,7,1,7,9,1,8,1,2,,14,,1,21,121.5481633,25.07811068
113,12,9,12,0,2,03中山區,中山區明水路397巷7弄與明水路397巷口,0,0,2,3,H02,8,7,5,30,4,1,1,5,4,5,13,4,4,5,2,5,2,17,2,24,2,9,4,5,7,20,8,20,10,16,,67,,1,21,121.5481633,25.07811068
113,12,9,12,4,2,08士林區,士林區延平北路6段與社正路口,0,0,1,1,B12,8,6,5,50,4,2,1,5,4,5,13,4,4,5,4,5,1,17,1,53,3,10,7,1,7,6,1,8,1,2,,44,,1,21,121.5090491,25.0883343
113,12,9,12,4,2,08士林區,士林區延平北路6段與社正路口,0,0,1,2,C03,8,6,5,50,4,2,1,5,4,5,13,4,4,5,4,5,1,17,1,59,2,9,6,1,7,8,1,10,1,14,,101,,1,21,121.5090491,25.0883343
113,12,9,12,4,2,08士林區,士林區延平北路6段與社正路口,0,0,1,3,B03,8,6,5,50,4,2,1,5,4,5,13,4,4,5,4,5,1,17,1,56,3,10,7,1,7,14,1,8,9,17,,38,,1,21,121.5090491,25.0883343
113,12,9,12,8,2,11南港區,南港區南港路1段與南港路1段277巷口,0,0,1,2,B03,8,6,5,50,3,1,1,5,4,5,13,1,1,5,4,5,2,13,1,42,3,10,3,1,7,14,1,8,1,3,,44,,1,21,121.6086398,25.0547096
113,12,9,12,8,2,11南港區,南港區南港路1段與南港路1段277巷口,0,0,1,1,C03,8,6,5,50,3,1,1,5,4,5,13,1,1,5,4,5,2,13,2,23,2,9,5,1,7,9,1,10,1,11,,108,,1,21,121.6086398,25.0547096
113,12,9,12,25,2,02萬華區,萬華區中華路1段與漢口街2段20巷口,0,0,1,1,C03,7,6,5,50,3,1,1,5,4,5,13,4,4,1,4,1,2,17,1,33,2,9,6,1,7,6,1,10,1,12,,44,,1,21,121.5088491,25.0448299
113,12,9,12,25,2,02萬華區,萬華區中華路1段與漢口街2段20巷口,0,0,1,2,C03,7,6,5,50,3,1,1,5,4,5,13,4,4,1,4,1,2,17,1,16,3,10,6,1,7,9,2,18,1,14,,107,,1,21,121.5088491,25.0448299
113,12,9,12,35,2,01大同區,大同區重慶北路1段與鄭州路口口,0,0,1,1,C03,8,6,5,40,4,1,1,5,4,5,13,2,1,10,5,5,2,16,2,27,2,9,6,1,7,9,1,10,2,14,,86,,1,21,121.5134605,25.0495277
113,12,9,12,35,2,01大同區,大同區重慶北路1段與鄭州路口口,0,0,1,2,B12,8,6,5,40,4,1,1,5,4,5,13,2,1,10,5,5,2,16,1,51,3,10,7,1,7,6,1,4,2,2,,44,,1,21,121.5134605,25.0495277
113,12,9,12,36,2,12內湖區,內湖區文湖街80號,0,0,1,1,C03,7,5,5,50,14,9,1,5,4,5,13,4,4,9,5,5,2,17,1,20,2,9,5,1,7,1,1,10,1,11,,19,,1,21,121.5654049,25.08646623
113,12,9,12,36,2,12內湖區,內湖區文湖街80號,0,0,1,2,C03,7,5,5,50,14,9,1,5,4,5,13,4,4,9,5,5,2,17,1,18,3,10,5,1,7,9,1,10,1,11,,44,,1,21,121.5654049,25.08646623
113,12,9,12,45,2,04大安區,大安區信義路4段265巷25號,0,0,1,1,C03,8,6,5,30,14,9,1,5,4,5,13,4,4,5,5,5,1,18,2,29,2,9,5,4,7,9,1,10,1,17,,42,,1,21,121.5549418,25.0345658
113,12,9,12,45,2,04大安區,大安區信義路4段265巷25號,0,0,1,2,,8,6,5,30,14,9,1,5,4,5,13,4,4,5,5,5,1,18,3,0,,,,,,,,,,,,67,,1,,121.5549418,25.0345658
113,12,9,13,25,2,11南港區,南港區三重路19號,0,0,1,1,B01,8,6,5,50,14,9,1,5,4,5,13,4,4,5,4,5,2,17,1,44,3,10,3,4,7,14,1,4,1,2,,40,,1,21,121.6139543,25.0565244
113,12,9,13,25,2,11南港區,南港區三重路19號,0,0,1,2,C03,8,6,5,50,14,9,1,5,4,5,13,4,4,5,4,5,2,17,1,41,2,7,6,4,7,9,1,10,1,14,,44,,1,21,121.6139543,25.0565244
113,12,9,13,25,2,11南港區,南港區三重路19號,0,0,1,3,H02,8,6,5,50,14,9,1,5,4,5,13,4,4,5,4,5,2,17,1,54,3,10,3,5,7,19,8,20,10,16,,126,,1,21,121.6139543,25.0565244
113,12,9,13,37,2,04大安區,大安區辛亥路3段與辛亥路3段157巷口口,0,0,1,1,B03,7,6,5,50,4,1,1,5,4,5,13,2,1,1,4,5,2,16,1,58,3,10,3,4,7,6,1,8,1,5,,9,,1,22,121.5498416,25.0167716
113,12,9,13,37,2,04大安區,大安區辛亥路3段與辛亥路3段157巷口口,0,0,1,2,C03,7,6,5,50,4,1,1,5,4,5,13,2,1,1,4,5,2,16,1,25,2,9,3,4,7,9,1,9,1,11,,44,,1,22,121.5498416,25.0167716
113,12,9,13,40,2,03中山區,中山區長春路與新生北路2段口,0,0,1,1,B03,8,6,5,50,4,2,1,5,4,5,13,2,1,5,4,5,2,17,1,47,3,10,7,1,7,11,1,8,1,1,,10,,1,21,121.5272563,25.0549578
113,12,9,13,40,2,03中山區,中山區長春路與新生北路2段口,0,0,1,2,C03,8,6,5,50,4,2,1,5,4,5,13,2,1,5,4,5,2,17,2,34,2,9,5,1,7,9,1,10,1,14,,44,,1,21,121.5272563,25.0549578
113,12,9,13,55,2,02萬華區,萬華區華江橋往台北市機車道下橋路段,0,0,1,1,C03,8,7,7,40,8,11,1,5,4,5,13,4,4,10,5,5,2,17,1,31,2,9,5,1,7,15,1,10,1,15,,17,,1,21,121.4895397,25.0338828
113,12,9,13,55,2,02萬華區,萬華區華江橋往台北市機車道下橋路段,0,0,1,2,C03,8,7,7,40,8,11,1,5,4,5,13,4,4,10,5,5,2,17,1,38,3,10,5,1,7,15,1,10,1,15,,17,,1,21,121.4895397,25.0338828
113,12,9,14,5,2,08士林區,士林區中正路與士商路口口,0,0,2,3,H02,7,7,5,50,4,1,1,5,4,5,13,2,1,8,3,5,2,12,2,68,2,9,3,5,7,21,8,20,10,16,,67,,1,22,121.5189099,25.0922245
113,12,9,14,5,2,08士林區,士林區中正路與士商路口口,0,0,2,1,C03,7,7,5,50,4,1,1,5,4,5,13,2,1,8,3,5,2,12,1,68,2,9,3,4,7,10,1,10,1,14,,101,,1,22,121.5189099,25.0922245
113,12,9,14,5,2,08士林區,士林區中正路與士商路口口,0,0,2,2,A05,7,7,5,50,4,1,1,5,4,5,13,2,1,8,3,5,2,12,1,49,3,10,3,4,7,9,1,6,1,2,,44,,1,22,121.5189099,25.0922245