發生年度,發生月,發生日,發生時-Hours,發生分,處理別-編號,區序,肇事地點,死亡人數,2-30日死亡人數,受傷人數,當事人序號,車種,天候,道路照明設備,道路類別,速限-速度限制,道路型態,事故位置,路面狀況1,路面狀況2,路面狀況3,道路障礙1,道路障礙2,號誌1,號誌2,車道劃分-分向,車道劃分-分道1,車道劃分-分道2,車道劃分-分道3,事故類型及型態,性別,年齡,受傷程度,主要傷處,保護裝置,行動電話,車輛用途,當事者行動狀態,駕駛資格情形,駕駛執照種類,飲酒情形,車輛撞擊部位1,車輛撞擊部位2,肇因碼-個別,肇因碼-主要,個人肇逃否,職業,座標-X,座標-Y
113,12,9,14,15,2,05中正區,中正區公園路與襄陽路口,0,0,1,1,C03,8,7,5,50,3,2,1,5,4,5,13,1,1,4,3,4,2,16,1,55,2,8,5,1,7,5,1,10,2,14,,44,,1,26,121.5165955,25.0430814
113,12,9,14,15,2,05中正區,中正區公園路與襄陽路口,0,0,1,2,B01,8,7,5,50,3,2,1,5,4,5,13,1,1,4,3,4,2,16,1,67,3,10,7,1,7,1,1,4,2,5,,85,,1,26,121.5165955,25.0430814
113,12,9,14,25,2,10文山區,文山區指南路2段與萬壽路口,0,0,1,1,B03,8,7,5,40,4,1,1,5,4,5,13,2,1,10,5,5,2,3,1,45,3,10,7,1,7,5,1,8,2,1,,70,,1,21,121.5761186,24.9876522
113,12,9,14,25,2,10文山區,文山區指南路2段與萬壽路口,0,0,1,2,H01,8,7,5,40,4,1,1,5,4,5,13,2,1,10,5,5,2,3,2,23,2,7,4,5,8,16,8,20,10,16,,67,,1,21,121.5761186,24.9876522
113,12,9,14,30,2,06松山區,松山區光復北路36號,0,0,1,1,B01,8,6,5,50,14,9,1,5,4,5,13,2,1,2,4,5,2,17,1,41,3,10,7,1,7,14,1,4,2,6,,38,,1,21,121.5578258,25.04944308
113,12,9,14,30,2,06松山區,松山區光復北路36號,0,0,1,2,C03,8,6,5,50,14,9,1,5,4,5,13,2,1,2,4,5,2,17,1,74,2,9,5,1,7,9,1,10,2,11,,44,,1,21,121.5578258,25.04944308
113,12,9,14,30,2,06松山區,松山區光復北路36號,0,0,1,3,H02,8,6,5,50,14,9,1,5,4,5,13,2,1,2,4,5,2,17,2,41,3,10,4,5,7,19,8,20,10,16,,126,,1,21,121.5578258,25.04944308
113,12,9,14,30,2,06松山區,松山區光復北路36號,0,0,1,4,C03,8,6,5,50,14,9,1,5,4,5,13,2,1,2,4,5,2,17,2,44,3,10,6,1,7,13,1,10,11,11,,44,,1,21,121.5578258,25.04944308
113,12,9,14,30,2,06松山區,松山區光復北路36號,0,0,1,5,C03,8,6,5,50,14,9,1,5,4,5,13,2,1,2,4,5,2,17,2,42,3,10,6,4,7,13,1,10,11,13,,44,,1,21,121.5578258,25.04944308
113,12,9,14,37,2,01大同區,大同區承德路3段135號,0,0,2,1,C03,8,6,5,50,14,9,1,5,4,5,13,4,4,1,4,5,2,12,1,47,3,10,6,1,7,7,1,10,2,15,,101,,1,21,121.518487,25.0674354
113,12,9,14,37,2,01大同區,大同區承德路3段135號,0,0,2,2,C03,8,6,5,50,14,9,1,5,4,5,13,4,4,1,4,5,2,12,2,33,2,9,6,1,7,9,1,10,2,12,,32,,1,21,121.518487,25.0674354
113,12,9,14,37,2,01大同區,大同區承德路3段135號,0,0,2,3,H02,8,6,5,50,14,9,1,5,4,5,13,4,4,1,4,5,2,12,1,5,2,7,6,5,7,20,8,20,10,16,,67,,1,24,121.518487,25.0674354
113,12,9,14,42,2,05中正區,中正區重慶南路1段與貴陽街1段口,0,0,1,1,C03,8,6,5,50,4,2,1,5,4,5,13,1,1,10,5,5,2,12,1,38,3,10,5,1,7,8,1,10,2,13,,101,,1,22,121.5128786,25.0385795
113,12,9,14,42,2,05中正區,中正區重慶南路1段與貴陽街1段口,0,0,1,2,C03,8,6,5,50,4,2,1,5,4,5,13,1,1,10,5,5,2,12,1,49,2,9,5,1,7,9,1,10,2,11,,44,,1,22,121.5128786,25.0385795
113,12,9,14,42,2,05中正區,中正區重慶南路1段與貴陽街1段口,0,0,1,3,C03,8,6,5,50,4,2,1,5,4,5,13,1,1,10,5,5,2,12,1,40,3,10,5,1,7,9,1,10,2,11,,44,,1,22,121.5128786,25.0385795
113,12,9,14,54,2,02萬華區,萬華區興寧街與興寧街8巷口,0,0,2,1,C03,7,6,5,30,4,1,1,5,4,5,13,4,4,10,5,5,2,15,2,51,2,9,5,4,7,9,1,10,1,12,,4,,1,22,121.5072811,25.03520559
113,12,9,14,54,2,02萬華區,萬華區興寧街與興寧街8巷口,0,0,2,2,C03,7,6,5,30,4,1,1,5,4,5,13,4,4,10,5,5,2,15,2,51,2,9,5,4,7,9,1,10,1,11,,44,,1,22,121.5072811,25.03520559
113,12,9,15,1,2,10文山區,文山區辛亥路7段與光輝路21巷口,0,0,1,1,B03,7,6,5,50,3,1,1,5,4,5,13,1,1,5,4,4,2,17,2,45,3,10,3,4,7,6,1,8,1,2,,9,,1,22,121.5538868,24.9854969
113,12,9,15,1,2,10文山區,文山區辛亥路7段與光輝路21巷口,0,0,1,2,C03,7,6,5,50,3,1,1,5,4,5,13,1,1,5,4,4,2,17,2,55,2,8,3,4,7,9,1,10,1,11,,44,,1,22,121.5538868,24.9854969
113,12,9,16,4,2,09北投區,北投區中和街與中和街391巷口,0,0,2,1,C01,7,6,5,50,3,1,1,5,4,5,13,4,4,9,4,5,1,3,1,29,2,8,6,1,7,9,1,9,1,11,,108,,1,21,121.4986393,25.1424564
113,12,9,16,4,2,09北投區,北投區中和街與中和街391巷口,0,0,2,2,H01,7,6,5,50,3,1,1,5,4,5,13,4,4,9,4,5,1,3,1,71,2,9,4,5,8,16,8,20,10,16,,121,,1,21,121.4986393,25.1424564
113,12,9,16,37,2,01大同區,大同區通河西街1段與通河西街1段口0802679燈桿,0,0,1,1,C03,7,5,5,30,14,9,1,5,4,5,13,4,4,10,5,5,2,13,1,30,2,7,5,1,7,9,3,18,2,11,,108,,1,21,121.5195926,25.07708217
113,12,9,16,37,2,01大同區,大同區通河西街1段與通河西街1段口0802679燈桿,0,0,1,2,B03,7,5,5,30,14,9,1,5,4,5,13,4,4,10,5,5,2,13,2,35,3,10,7,1,7,9,1,8,2,6,,44,,1,21,121.5195926,25.07708217
113,12,9,17,10,2,10文山區,文山區辛亥路6段與辛亥路6段86巷口,0,0,2,1,C03,8,5,5,50,3,1,1,5,4,5,13,2,1,5,4,5,1,13,1,73,2,9,5,1,7,9,1,10,1,11,,108,,1,21,121.5523968,24.9888432
113,12,9,17,10,2,10文山區,文山區辛亥路6段與辛亥路6段86巷口,0,0,2,2,C03,8,5,5,50,3,1,1,5,4,5,13,2,1,5,4,5,1,13,2,19,2,2,5,1,7,9,1,10,1,13,,44,,1,21,121.5523968,24.9888432
113,12,9,17,17,2,08士林區,士林區福華路128巷旁,0,0,3,1,C03,8,6,5,50,14,9,1,5,4,5,13,4,4,10,4,5,1,16,2,19,2,8,5,1,7,7,1,10,1,14,,80,,1,21,121.5226929,25.1032104
113,12,9,17,17,2,08士林區,士林區福華路128巷旁,0,0,3,2,C03,8,6,5,50,14,9,1,5,4,5,13,4,4,10,4,5,1,16,1,62,2,9,5,1,7,9,1,10,1,11,,14,,1,21,121.5226929,25.1032104
113,12,9,17,17,2,08士林區,士林區福華路128巷旁,0,0,3,3,H02,8,6,5,50,14,9,1,5,4,5,13,4,4,10,4,5,1,16,2,54,2,7,5,5,7,20,8,20,10,16,,67,,1,21,121.5226929,25.1032104
113,12,9,17,25,2,03中山區,中山區林森北路與林森北路310巷口,0,0,2,1,C03,8,5,5,50,4,1,1,5,4,5,13,2,1,10,5,5,2,16,1,66,2,8,6,1,7,5,1,10,1,12,,74,,1,26,121.5254794,25.05623434
113,12,9,17,25,2,03中山區,中山區林森北路與林森北路310巷口,0,0,2,2,C03,8,5,5,50,4,1,1,5,4,5,13,2,1,10,5,5,2,16,2,21,2,8,6,1,7,9,1,10,1,11,,44,,1,21,121.5254794,25.05623434
113,12,9,17,28,2,10文山區,文山區老泉街燈桿0701918號,0,0,1,1,B03,7,5,5,40,11,9,1,5,4,5,13,4,4,9,5,5,2,13,1,47,3,10,3,4,7,9,1,8,2,1,,108,,1,22,121.5651428,24.98037567
113,12,9,17,28,2,10文山區,文山區老泉街燈桿0701918號,0,0,1,2,C03,7,5,5,40,11,9,1,5,4,5,13,4,4,9,5,5,2,13,1,19,2,6,3,4,7,14,1,10,2,13,,44,,1,22,121.5651428,24.98037567
113,12,9,17,28,2,10文山區,文山區老泉街燈桿0701918號,0,0,1,3,B03,7,5,5,40,11,9,1,5,4,5,13,4,4,9,5,5,2,13,2,51,3,10,3,4,7,15,1,8,9,17,,4,,1,22,121.5651428,24.98037567
113,12,9,17,28,2,10文山區,文山區老泉街燈桿0701918號,0,0,1,4,B01,7,5,5,40,11,9,1,5,4,5,13,4,4,9,5,5,2,13,1,67,3,10,3,4,7,13,1,4,9,17,,38,,1,21,121.5651428,24.98037567
113,12,9,17,28,2,10文山區,文山區老泉街燈桿0701918號,0,0,1,5,H01,7,5,5,40,11,9,1,5,4,5,13,4,4,9,5,5,2,13,3,0,,,,,,,,,,,,67,,1,,121.5651428,24.98037567
113,12,9,17,29,2,03中山區,中山區長安西路19巷2弄與長安西路口,0,0,2,1,B03,8,5,5,50,4,1,1,5,4,5,13,2,1,5,5,5,2,16,1,39,3,10,7,1,7,6,1,8,1,5,,9,,1,21,121.5202531,25.0502058
113,12,9,17,29,2,03中山區,中山區長安西路19巷2弄與長安西路口,0,0,2,2,C03,8,5,5,50,4,1,1,5,4,5,13,2,1,5,5,5,2,16,1,39,2,9,5,1,7,9,1,10,1,11,,44,,1,21,121.5202531,25.0502058
113,12,9,17,29,2,03中山區,中山區長安西路19巷2弄與長安西路口,0,0,2,3,H02,8,5,5,50,4,1,1,5,4,5,13,2,1,5,5,5,2,16,1,6,2,9,5,5,7,20,8,20,10,16,,67,,1,21,121.5202531,25.0502058
113,12,9,17,31,2,03中山區,中山區濱江街357號前,0,0,1,1,B13,7,5,5,50,14,7,1,5,4,5,13,1,1,1,4,5,2,17,1,55,3,10,3,4,7,9,1,8,1,1,,81,,1,21,121.5525326,25.0725188
113,12,9,17,31,2,03中山區,中山區濱江街357號前,0,0,1,2,C03,7,5,5,50,14,7,1,5,4,5,13,1,1,1,4,5,2,17,1,30,2,9,3,4,7,9,1,10,1,14,,44,,1,21,121.5525326,25.0725188
113,12,9,17,39,2,07信義區,信義區松勤街與松平路99巷口,0,0,1,1,B03,7,5,5,30,3,1,1,5,4,5,13,4,4,5,4,5,2,16,1,44,3,10,3,4,7,5,1,8,1,4,,72,,1,21,121.567612,25.0319048
113,12,9,17,39,2,07信義區,信義區松勤街與松平路99巷口,0,0,1,2,C03,7,5,5,30,3,1,1,5,4,5,13,4,4,5,4,5,2,16,1,37,2,9,3,4,7,9,1,10,1,11,,44,,1,21,121.567612,25.0319048
113,12,9,17,41,2,10文山區,文山區木新路3段與木新路3段232巷7弄口,0,0,2,1,C03,8,6,5,30,14,9,2,5,4,5,13,4,4,10,5,5,2,17,1,18,2,9,5,4,7,9,1,10,1,11,,80,,1,21,121.5589669,24.98184365
113,12,9,17,41,2,10文山區,文山區木新路3段與木新路3段232巷7弄口,0,0,2,2,C03,8,6,5,30,14,9,2,5,4,5,13,4,4,10,5,5,2,17,2,63,2,9,5,4,7,9,1,10,11,11,,13,,2,21,121.5589669,24.98184365
113,12,9,17,41,2,11南港區,南港區市民大道8段與南港路2段41巷口,0,0,2,1,C03,8,5,5,50,4,2,1,5,4,5,13,1,1,1,4,5,2,16,2,48,2,7,3,4,7,5,1,10,1,11,,8,,1,21,121.6031867,25.0526346
113,12,9,17,41,2,11南港區,南港區市民大道8段與南港路2段41巷口,0,0,2,2,C03,8,5,5,50,4,2,1,5,4,5,13,1,1,1,4,5,2,16,1,47,2,9,3,4,7,9,1,10,1,11,,44,,1,21,121.6031867,25.0526346
113,12,9,17,50,2,12內湖區,內湖區瑞湖街與民權東路6段15巷口,0,0,2,1,C03,8,5,5,50,4,1,1,5,4,5,12,1,1,5,4,5,1,17,1,35,2,9,6,1,7,5,1,10,1,14,,8,,1,21,121.5765173,25.0690026
113,12,9,17,50,2,12內湖區,內湖區瑞湖街與民權東路6段15巷口,0,0,2,2,C03,8,5,5,50,4,1,1,5,4,5,12,1,1,5,4,5,1,17,2,34,2,9,5,1,7,9,1,10,1,11,,44,,1,21,121.5765173,25.0690026
113,12,9,18,9,2,12內湖區,內湖區民權東路6段81巷與民權東路6段81巷11弄口,0,0,1,1,C03,8,5,5,30,3,1,1,5,4,5,13,4,4,10,5,5,2,16,1,19,3,10,5,1,7,9,1,10,1,11,,5,,1,21,121.5877444,25.069415
113,12,9,18,9,2,12內湖區,內湖區民權東路6段81巷與民權東路6段81巷11弄口,0,0,1,2,C03,8,5,5,30,3,1,1,5,4,5,13,4,4,10,5,5,2,16,1,27,3,10,5,1,7,5,1,10,1,17,,8,,1,21,121.5877444,25.069415
113,12,9,18,9,2,12內湖區,內湖區民權東路6段81巷與民權東路6段81巷11弄口,0,0,1,3,H02,8,5,5,30,3,1,1,5,4,5,13,4,4,10,5,5,2,16,2,29,2,8,5,5,7,21,8,20,10,16,,67,,1,21,121.5877444,25.069415
113,12,9,18,14,2,04大安區,大安區金華街190號,0,0,1,1,B03,7,5,5,30,14,9,1,5,4,5,13,4,4,10,5,5,2,16,2,53,3,10,7,1,7,7,1,8,1,4,,101,,1,21,121.5315861,25.02976979
113,12,9,18,14,2,04大安區,大安區金華街190號,0,0,1,2,C03,7,5,5,30,14,9,1,5,4,5,13,4,4,10,5,5,2,16,2,47,2,9,6,1,7,9,1,10,1,11,,44,,1,21,121.5315861,25.02976979
113,12,9,18,40,2,06松山區,松山區民權東路4段東往西方向022號燈桿,0,0,1,1,C03,7,5,5,50,14,9,1,4,4,5,13,4,4,10,5,5,2,12,1,34,3,10,6,4,7,8,1,10,1,13,,100,,1,22,121.561997,25.0628998
113,12,9,18,40,2,06松山區,松山區民權東路4段東往西方向022號燈桿,0,0,1,2,C03,7,5,5,50,14,9,1,4,4,5,13,4,4,10,5,5,2,12,1,41,2,9,6,4,7,9,1,10,1,11,,44,,1,22,121.561997,25.0628998
113,12,9,18,50,2,12內湖區,內湖區堤頂大道1段與新湖一路口,0,0,1,1,B01,7,5,5,50,3,2,1,4,4,5,13,4,4,1,3,5,1,12,1,68,3,10,3,4,7,15,1,4,1,2,,100,,1,21,121.5735518,25.0585926
113,12,9,18,50,2,12內湖區,內湖區堤頂大道1段與新湖一路口,0,0,1,2,C03,7,5,5,50,3,2,1,4,4,5,13,4,4,1,3,5,1,12,1,22,2,9,3,4,7,9,3,18,9,14,,44,,1,21,121.5735518,25.0585926
113,12,9,19,0,2,02萬華區,萬華區東園街73巷與東園街35巷口,0,0,1,2,C03,8,5,5,30,3,2,1,5,4,5,13,3,1,10,5,5,2,13,1,42,2,9,6,1,7,15,1,10,1,13,,44,,1,21,121.4945196,25.02749831
113,12,9,19,0,2,02萬華區,萬華區東園街73巷與東園街35巷口,0,0,1,1,C03,8,5,5,30,3,2,1,5,4,5,13,3,1,10,5,5,2,13,4,0,,,,,,,,,,,,119,,2,,121.4945196,25.02749831
113,12,9,19,4,2,03中山區,中山區市民大道2段與林森北路口,0,0,1,1,B03,8,5,5,40,4,2,1,5,4,5,13,1,1,1,4,5,2,11,1,34,3,10,3,4,7,7,1,8,1,4,,108,,1,22,121.5236908,25.04795203
113,12,9,19,4,2,03中山區,中山區市民大道2段與林森北路口,0,0,1,2,C03,8,5,5,40,4,2,1,5,4,5,13,1,1,1,4,5,2,11,1,24,2,9,5,1,7,9,1,10,1,12,,44,,1,22,121.5236908,25.04795203
113,12,9,19,11,2,10文山區,文山區木柵路1段與辛亥路6段口,0,0,1,1,B03,7,6,5,50,4,1,1,5,4,5,13,1,1,10,5,5,2,16,1,61,3,10,7,1,7,5,1,8,1,1,,8,,1,21,121.5524075,24.9878277
113,12,9,19,11,2,10文山區,文山區木柵路1段與辛亥路6段口,0,0,1,2,C03,7,6,5,50,4,1,1,5,4,5,13,1,1,10,5,5,2,16,2,25,2,9,6,1,7,9,1,10,1,14,,44,,1,21,121.5524075,24.9878277
113,12,9,19,12,2,08士林區,士林區延平北路6段159號,0,0,3,1,C04,7,5,5,50,14,9,1,5,4,5,13,4,4,5,5,5,2,17,2,39,2,9,6,1,7,1,1,10,2,14,,19,,1,21,121.5072796,25.08947134
113,12,9,19,12,2,08士林區,士林區延平北路6段159號,0,0,3,2,C03,7,5,5,50,14,9,1,5,4,5,13,4,4,5,5,5,2,17,1,24,2,9,6,1,7,9,1,10,2,15,,44,,1,23,121.5072796,25.08947134
113,12,9,19,12,2,08士林區,士林區延平北路6段159號,0,0,3,3,H02,7,5,5,50,14,9,1,5,4,5,13,4,4,5,5,5,2,17,2,5,2,9,6,5,7,20,8,20,10,17,,67,,1,21,121.5072796,25.08947134
113,12,9,19,13,2,12內湖區,內湖區行愛路與行忠路口,0,0,1,1,B02,7,5,5,50,4,1,1,5,4,5,13,1,1,5,4,4,2,10,1,28,3,10,7,1,7,15,1,8,1,1,,74,,1,21,121.5787964,25.0659373
113,12,9,19,13,2,12內湖區,內湖區行愛路與行忠路口,0,0,1,2,C03,7,5,5,50,4,1,1,5,4,5,13,1,1,5,4,4,2,10,1,45,2,9,5,1,7,9,1,10,1,11,,44,,1,21,121.5787964,25.0659373
113,12,9,19,29,2,04大安區,往西(和平東路二段20號對面),0,0,1,1,C03,8,5,5,50,14,7,1,5,4,5,13,4,4,1,4,4,2,17,1,40,3,10,6,4,7,15,1,10,1,17,,42,,1,22,121.5362034,25.0259322
113,12,9,19,29,2,04大安區,往西(和平東路二段20號對面),0,0,1,2,C03,8,5,5,50,14,7,1,5,4,5,13,4,4,1,4,4,2,17,2,29,2,8,6,4,7,9,1,10,1,12,,44,,1,22,121.5362034,25.0259322
113,12,9,19,51,2,02萬華區,萬華區康定路與廣州街口,0,0,1,1,B12,7,5,5,50,4,1,1,5,4,5,13,2,1,8,3,5,1,17,1,45,3,10,3,4,7,11,1,8,1,17,,10,,1,22,121.5014716,25.0366086
113,12,9,19,51,2,02萬華區,萬華區康定路與廣州街口,0,0,1,2,C03,7,5,5,50,4,1,1,5,4,5,13,2,1,8,3,5,1,17,2,26,2,9,3,4,7,9,1,10,1,17,,44,,1,22,121.5014716,25.0366086
113,12,9,19,57,2,09北投區,北投區稻香路1204246號燈桿,0,0,1,1,C03,7,5,5,40,11,9,1,2,4,5,13,4,4,9,5,5,1,18,2,46,2,8,5,1,7,9,1,10,1,14,,44,,1,21,121.4861781,25.1438514
113,12,9,19,57,2,09北投區,北投區稻香路1204246號燈桿,0,0,1,2,,7,5,5,40,11,9,1,2,4,5,13,4,4,9,5,5,1,18,3,,,,,,,,,,,,,61,,1,,121.4861781,25.1438514
113,12,9,20,3,2,01大同區,大同區鄭州路與太原路口,0,0,1,1,B03,7,5,5,40,3,1,1,5,4,5,13,3,1,1,4,5,2,16,1,24,3,10,7,1,7,6,1,8,1,2,,9,,1,21,121.5149114,25.0491833
113,12,9,20,3,2,01大同區,大同區鄭州路與太原路口,0,0,1,2,C03,7,5,5,40,3,1,1,5,4,5,13,3,1,1,4,5,2,16,2,50,2,7,6,1,7,9,1,10,1,14,,14,,1,21,121.5149114,25.0491833
113,12,9,20,24,2,09北投區,北投區石牌路1段與石牌路1段166巷口,0,0,2,1,C03,8,5,5,50,3,1,1,5,4,5,13,2,1,5,4,5,2,17,1,33,2,9,6,1,7,5,1,9,1,13,,8,,1,22,121.513475,25.1145292
113,12,9,20,24,2,09北投區,北投區石牌路1段與石牌路1段166巷口,0,0,2,2,B03,8,5,5,50,3,1,1,5,4,5,13,2,1,5,4,5,2,17,1,31,3,10,7,1,7,9,1,8,1,1,,44,,1,22,121.513475,25.1145292
113,12,9,20,24,2,09北投區,北投區石牌路1段與石牌路1段166巷口,0,0,2,3,H02,8,5,5,50,3,1,1,5,4,5,13,2,1,5,4,5,2,17,2,33,2,9,6,5,7,20,8,20,10,16,,67,,1,22,121.513475,25.1145292
113,12,9,20,31,2,08士林區,士林區中正路與延平北路6段口口,0,0,2,1,B03,8,5,5,50,4,1,1,5,4,5,13,2,1,10,4,5,2,16,1,46,3,10,7,1,7,5,1,8,1,6,,71,,1,21,121.50916,25.08692988
113,12,9,20,31,2,08士林區,士林區中正路與延平北路6段口口,0,0,2,2,C03,8,5,5,50,4,1,1,5,4,5,13,2,1,10,4,5,2,16,1,19,2,9,6,1,7,9,1,10,1,11,,44,,1,21,121.50916,25.08692988
113,12,9,20,31,2,08士林區,士林區中正路與延平北路6段口口,0,0,2,3,H02,8,5,5,50,4,1,1,5,4,5,13,2,1,10,4,5,2,16,2,20,2,8,3,5,7,20,8,20,10,16,,67,,1,21,121.50916,25.08692988
113,12,9,21,0,2,01大同區,大同區承德路3段283巷,0,0,1,1,B03,8,5,5,30,14,9,1,5,4,5,13,4,4,10,5,5,2,16,1,35,3,10,7,1,7,5,1,8,1,4,,101,,1,21,121.5197225,25.0728009
113,12,9,21,0,2,01大同區,大同區承德路3段283巷,0,0,1,2,C03,8,5,5,30,14,9,1,5,4,5,13,4,4,10,5,5,2,16,2,36,2,9,6,1,7,9,1,10,1,12,,5,,1,21,121.5197225,25.0728009
113,12,9,21,0,2,03中山區,中山區北安路與大直街口,0,0,2,1,C03,7,5,5,50,4,1,1,5,4,5,13,1,1,3,4,5,2,12,2,28,2,7,6,1,7,15,1,10,1,11,,42,,1,21,121.5467518,25.08036956
113,12,9,21,0,2,03中山區,中山區北安路與大直街口,0,0,2,2,B03,7,5,5,50,4,1,1,5,4,5,13,1,1,3,4,5,2,12,1,44,3,10,7,1,7,15,1,8,1,5,,44,,1,21,121.5467518,25.08036956
113,12,9,21,0,2,03中山區,中山區北安路與大直街口,0,0,2,3,H02,7,5,5,50,4,1,1,5,4,5,13,1,1,3,4,5,2,12,2,27,2,6,6,5,7,20,8,20,10,16,,67,,1,21,121.5467518,25.08036956
113,12,9,22,25,2,01大同區,大同區民生西路76號,0,0,1,1,B03,8,5,5,50,14,9,1,5,3,5,13,1,1,9,4,5,1,13,1,30,3,10,3,4,7,9,1,8,1,1,,108,,1,21,121.5203712,25.0576157
113,12,9,22,25,2,01大同區,大同區民生西路76號,0,0,1,2,C03,8,5,5,50,14,9,1,5,3,5,13,1,1,9,4,5,1,13,1,55,2,9,3,4,7,7,1,10,1,13,,100,,1,21,121.5203712,25.0576157
113,12,10,0,16,2,03中山區,中山區南京東路1段96號,0,0,1,1,B03,7,5,5,40,14,7,1,5,4,5,13,4,4,3,4,4,2,17,1,48,3,10,7,1,7,1,1,8,1,3,,19,,1,21,121.5263411,25.0519224
113,12,10,0,16,2,03中山區,中山區南京東路1段96號,0,0,1,2,C03,7,5,5,40,14,7,1,5,4,5,13,4,4,3,4,4,2,17,1,30,2,9,6,1,7,9,1,10,1,14,,13,,1,21,121.5263411,25.0519224
113,12,10,0,16,2,03中山區,中山區南京東路1段96號,0,0,1,3,B03,7,5,5,40,14,7,1,5,4,5,13,4,4,3,4,4,2,17,1,44,3,10,7,1,7,13,1,8,1,3,,38,,1,21,121.5263411,25.0519224
113,12,10,5,29,2,11南港區,南港區昆陽街157巷與昆陽街口口,0,0,1,1,C03,6,5,5,50,3,1,1,4,4,5,13,2,1,5,2,5,2,17,1,59,3,10,6,4,7,5,1,10,1,14,,99,,1,22,121.5943792,25.0494487
113,12,10,5,29,2,11南港區,南港區昆陽街157巷與昆陽街口口,0,0,1,2,F01,6,5,5,50,3,1,1,4,4,5,13,2,1,5,2,5,2,17,1,81,2,1,2,4,7,9,8,20,1,14,,27,,1,22,121.5943792,25.0494487
113,12,10,7,19,2,09北投區,北投區中央北路4段與中央北路4段60巷口,0,0,1,1,C03,8,6,5,50,3,1,1,5,4,5,13,4,4,5,4,4,2,12,1,23,2,9,5,1,7,10,1,10,9,14,,100,,1,21,121.4770493,25.1343393
113,12,10,7,19,2,09北投區,北投區中央北路4段與中央北路4段60巷口,0,0,1,2,B03,8,6,5,50,3,1,1,5,4,5,13,4,4,5,4,4,2,12,1,67,3,10,7,1,7,9,1,8,2,2,,44,,1,21,121.4770493,25.1343393
113,12,10,7,35,2,08士林區,士林區仰德大道1段與仰德大道1段6巷口口,0,0,3,2,C03,7,7,5,30,5,1,1,5,4,5,13,2,1,10,5,5,2,16,2,20,2,8,3,4,7,9,1,10,1,17,,44,,1,22,121.5376731,25.1007978
113,12,10,7,35,2,08士林區,士林區仰德大道1段與仰德大道1段6巷口口,0,0,3,3,C03,7,7,5,30,5,1,1,5,4,5,13,2,1,10,5,5,2,16,2,40,2,9,3,4,7,5,1,10,1,14,,8,,1,22,121.5376731,25.1007978
113,12,10,7,35,2,08士林區,士林區仰德大道1段與仰德大道1段6巷口口,0,0,3,1,C03,7,7,5,30,5,1,1,5,4,5,13,2,1,10,5,5,2,16,1,18,2,8,3,4,7,9,1,10,1,12,,44,,1,22,121.5376731,25.1007978
113,12,10,7,55,2,08士林區,士林區忠誠路1段與德行東路132巷7弄口,0,0,1,1,B03,8,6,5,30,3,1,1,5,4,5,13,4,4,10,5,5,2,17,1,69,3,10,3,4,7,9,1,8,2,17,,107,,1,21,121.5297389,25.10688729
113,12,10,7,55,2,08士林區,士林區忠誠路1段與德行東路132巷7弄口,0,0,1,2,F01,8,6,5,30,3,1,1,5,4,5,13,4,4,10,5,5,2,17,2,33,2,9,4,4,7,10,8,20,2,11,,102,,1,21,121.5297389,25.10688729
113,12,10,7,58,2,03中山區,中山區長春路172號,0,0,2,1,C03,8,7,5,50,14,9,1,5,4,5,13,4,4,9,4,5,2,17,1,24,3,10,5,1,7,9,1,10,1,11,,108,,1,21,121.5340736,25.0548337
113,12,10,7,58,2,03中山區,中山區長春路172號,0,0,2,2,C03,8,7,5,50,14,9,1,5,4,5,13,4,4,9,4,5,2,17,2,47,2,9,5,1,7,9,1,10,1,13,,44,,1,21,121.5340736,25.0548337
113,12,10,7,58,2,03中山區,中山區長春路172號,0,0,2,3,H02,8,7,5,50,14,9,1,5,4,5,13,4,4,9,4,5,2,17,2,7,2,9,4,5,7,20,8,20,10,16,,67,,1,21,121.5340736,25.0548337
113,12,10,8,5,2,12內湖區,內湖區民權東路6段與康寧路3段口,0,0,1,1,C03,6,5,5,40,3,1,1,4,4,5,13,1,1,1,5,5,2,17,1,68,2,9,5,1,7,6,1,10,2,14,,9,,1,21,121.6062859,25.0730373
113,12,10,8,5,2,12內湖區,內湖區民權東路6段與康寧路3段口,0,0,1,2,B03,6,5,5,40,3,1,1,4,4,5,13,1,1,1,5,5,2,17,1,37,3,10,7,1,7,9,1,8,2,2,,44,,1,21,121.6062859,25.0730373
113,12,10,8,30,2,01大同區,大同區台北橋機慢車道,0,0,1,1,C03,8,6,5,40,8,11,1,5,4,5,13,4,4,1,4,4,2,17,1,42,3,10,5,4,7,8,1,10,1,13,,100,,1,21,121.5090813,25.0631275
113,12,10,8,30,2,01大同區,大同區台北橋機慢車道,0,0,1,2,C03,8,6,5,40,8,11,1,5,4,5,13,4,4,1,4,4,2,17,2,31,2,7,5,4,7,9,1,10,1,11,,108,,1,21,121.5090813,25.0631275
113,12,10,8,37,2,12內湖區,內湖區民權東路6段與舊宗路1段口,0,0,1,1,C03,7,5,5,50,4,1,1,4,4,5,13,1,1,1,5,5,2,17,2,37,4,11,3,4,7,5,1,10,11,17,,8,,2,21,121.5750147,25.06578719
113,12,10,8,37,2,12內湖區,內湖區民權東路6段與舊宗路1段口,0,0,1,2,C03,7,5,5,50,4,1,1,4,4,5,13,1,1,1,5,5,2,17,1,30,2,8,5,1,7,5,1,10,1,14,,108,,1,21,121.5750147,25.06578719