發生年度,發生月,發生日,發生時-Hours,發生分,處理別-編號,區序,肇事地點,死亡人數,2-30日死亡人數,受傷人數,當事人序號,車種,天候,道路照明設備,道路類別,速限-速度限制,道路型態,事故位置,路面狀況1,路面狀況2,路面狀況3,道路障礙1,道路障礙2,號誌1,號誌2,車道劃分-分向,車道劃分-分道1,車道劃分-分道2,車道劃分-分道3,事故類型及型態,性別,年齡,受傷程度,主要傷處,保護裝置,行動電話,車輛用途,當事者行動狀態,駕駛資格情形,駕駛執照種類,飲酒情形,車輛撞擊部位1,車輛撞擊部位2,肇因碼-個別,肇因碼-主要,個人肇逃否,職業,座標-X,座標-Y
113,12,10,8,37,2,12內湖區,內湖區康寧路3段75巷137號,0,0,1,1,B03,7,7,8,30,14,9,1,4,4,5,13,3,1,9,5,5,2,3,1,55,3,10,7,1,7,9,1,8,1,1,,70,,1,21,121.6099119,25.0748959
113,12,10,8,37,2,12內湖區,內湖區康寧路3段75巷137號,0,0,1,2,H01,7,7,8,30,14,9,1,4,4,5,13,3,1,9,5,5,2,3,1,19,2,9,4,5,8,18,8,20,1,16,,121,,1,21,121.6099119,25.0748959
113,12,10,8,43,2,12內湖區,內湖區成功路4段294巷與成功路4段口,0,0,1,1,C03,8,6,5,30,3,1,1,4,4,5,13,4,4,1,5,5,2,16,2,31,2,9,6,1,7,6,1,10,11,14,,72,,1,21,121.5977289,25.0847186
113,12,10,8,43,2,12內湖區,內湖區成功路4段294巷與成功路4段口,0,0,1,2,B03,8,6,5,30,3,1,1,4,4,5,13,4,4,1,5,5,2,16,1,40,3,10,7,1,7,9,1,8,11,1,,13,,1,21,121.5977289,25.0847186
113,12,10,8,44,2,07信義區,信義區忠孝東路5段217號,0,0,3,1,B01,6,6,5,50,14,9,1,4,4,5,13,4,4,3,3,5,2,13,1,56,3,10,7,1,7,1,1,4,2,17,,19,,1,21,121.5703867,25.0410743
113,12,10,8,44,2,07信義區,信義區忠孝東路5段217號,0,0,3,2,C03,6,6,5,50,14,9,1,4,4,5,13,4,4,3,3,5,2,13,2,28,2,9,6,1,7,9,1,10,2,14,,44,,1,21,121.5703867,25.0410743
113,12,10,8,44,2,07信義區,信義區忠孝東路5段217號,0,0,3,3,C03,6,6,5,50,14,9,1,4,4,5,13,4,4,3,3,5,2,13,2,31,2,9,6,1,7,12,1,10,2,11,,44,,1,21,121.5703867,25.0410743
113,12,10,8,44,2,07信義區,信義區忠孝東路5段217號,0,0,3,4,H02,6,6,5,50,14,9,1,4,4,5,13,4,4,3,3,5,2,13,2,4,2,9,5,5,7,20,8,20,10,16,,67,,1,24,121.5703867,25.0410743
113,12,10,8,50,2,02萬華區,萬華區西園路2段243-4號,0,0,1,1,C03,7,7,5,50,14,9,1,5,4,5,13,4,4,1,5,5,2,13,1,26,2,9,5,1,7,15,1,10,1,11,,16,,1,21,121.4933845,25.0265365
113,12,10,8,50,2,02萬華區,萬華區西園路2段243-4號,0,0,1,2,B03,7,7,5,50,14,9,1,5,4,5,13,4,4,1,5,5,2,13,1,58,3,10,7,1,7,12,1,8,1,7,,44,,1,21,121.4933845,25.0265365
113,12,10,8,50,2,03中山區,中山區民權東路3段2號,0,0,1,1,C03,8,6,5,50,14,9,1,5,4,5,13,4,4,1,4,5,2,13,2,29,2,9,5,1,7,8,1,10,1,11,,16,,1,21,121.5376951,25.0622996
113,12,10,8,50,2,03中山區,中山區民權東路3段2號,0,0,1,2,C03,8,6,5,50,14,9,1,5,4,5,13,4,4,1,4,5,2,13,2,37,3,10,5,1,7,9,1,10,9,13,,44,,1,21,121.5376951,25.0622996
113,12,10,8,50,2,03中山區,中山區民權東路3段2號,0,0,1,3,C03,8,6,5,50,14,9,1,5,4,5,13,4,4,1,4,5,2,13,2,45,3,10,5,1,7,9,1,10,9,11,,44,,1,21,121.5376951,25.0622996
113,12,10,8,51,2,03中山區,中山區民生東路1段與民生東路1段70巷口,0,0,1,1,C03,8,6,5,30,4,2,1,5,4,5,13,4,4,5,4,5,2,15,2,46,2,9,5,1,7,9,1,10,1,12,,72,,1,21,121.5264261,25.0580026
113,12,10,8,51,2,03中山區,中山區民生東路1段與民生東路1段70巷口,0,0,1,2,B03,8,6,5,30,4,2,1,5,4,5,13,4,4,5,4,5,2,15,2,49,3,10,7,1,7,9,1,8,1,1,,44,,1,21,121.5264261,25.0580026
113,12,10,9,0,2,07信義區,信義區吳興街與莊敬路178巷口,0,0,1,1,C03,7,5,5,30,3,2,1,4,4,5,13,4,4,10,5,5,2,18,2,34,2,9,6,1,7,6,1,10,1,12,,42,,1,22,121.5602259,25.0313002
113,12,10,9,0,2,07信義區,信義區吳興街與莊敬路178巷口,0,0,1,2,,7,5,5,30,3,2,1,4,4,5,13,4,4,10,5,5,2,18,3,0,,,,,,,,,,,,67,,1,,121.5602259,25.0313002
113,12,10,9,6,2,12內湖區,內湖區內湖路1段與內湖路1段591巷口,0,0,1,1,B03,7,7,5,50,4,1,1,4,4,5,13,1,1,1,1,4,1,17,1,60,4,11,3,4,7,21,7,19,11,15,,119,,2,22,121.5733303,25.0807016
113,12,10,9,6,2,12內湖區,內湖區內湖路1段與內湖路1段591巷口,0,0,1,2,C03,7,7,5,50,4,1,1,4,4,5,13,1,1,1,1,4,1,17,2,32,2,9,6,1,7,9,1,10,1,15,,44,,1,21,121.5733303,25.0807016
113,12,10,9,7,2,09北投區,北投區石牌路1段與承德路7段口,0,0,1,1,A04,8,6,5,50,4,1,1,2,4,5,13,1,1,5,4,5,2,17,1,45,3,10,7,1,7,15,1,2,9,17,,42,,1,26,121.5092604,25.1126532
113,12,10,9,7,2,09北投區,北投區石牌路1段與承德路7段口,0,0,1,2,C03,8,6,5,50,4,1,1,2,4,5,13,1,1,5,4,5,2,17,2,29,2,9,6,1,7,6,1,9,9,12,,44,,1,26,121.5092604,25.1126532
113,12,10,9,8,2,01大同區,大同區延平北路3段146號,0,0,2,1,C03,8,6,5,50,14,9,1,5,4,5,13,4,4,5,4,5,2,17,1,66,2,8,5,4,7,11,1,10,1,14,,44,,1,21,121.5107657,25.0674562
113,12,10,9,8,2,01大同區,大同區延平北路3段146號,0,0,2,2,C03,8,6,5,50,14,9,1,5,4,5,13,4,4,5,4,5,2,17,2,34,2,9,5,4,7,9,1,10,1,11,,44,,1,21,121.5107657,25.0674562
113,12,10,9,20,2,12內湖區,內湖區民權大橋西往東機車道(西往東第8支路燈),0,0,1,1,C03,6,6,5,30,8,11,1,4,4,5,13,4,4,2,2,4,2,13,1,30,3,10,5,1,7,9,1,10,1,11,,16,,1,21,121.5695645,25.06385
113,12,10,9,20,2,12內湖區,內湖區民權大橋西往東機車道(西往東第8支路燈),0,0,1,2,C03,6,6,5,30,8,11,1,4,4,5,13,4,4,2,2,4,2,13,2,32,2,9,5,1,7,9,1,10,1,13,,44,,1,21,121.5695645,25.06385
113,12,10,9,48,2,07信義區,信義區基隆路1段與松隆路口,0,0,1,1,B03,6,6,5,50,4,1,1,4,4,5,13,2,1,8,3,5,2,17,1,65,3,10,3,4,7,15,1,8,1,1,,108,,1,21,121.5657527,25.0434024
113,12,10,9,48,2,07信義區,信義區基隆路1段與松隆路口,0,0,1,2,F01,6,6,5,50,4,1,1,4,4,5,13,2,1,8,3,5,2,17,2,78,2,9,4,4,7,11,8,20,1,14,,11,,1,21,121.5657527,25.0434024
113,12,10,10,19,2,10文山區,文山區福和橋機車專用道(7510071燈桿),0,0,1,1,C03,7,6,5,40,8,11,1,5,4,5,13,4,4,10,4,3,2,17,2,31,3,10,6,1,7,8,1,10,1,13,,100,,1,21,121.5363237,25.0098393
113,12,10,10,19,2,10文山區,文山區福和橋機車專用道(7510071燈桿),0,0,1,2,C03,7,6,5,40,8,11,1,5,4,5,13,4,4,10,4,3,2,17,1,38,2,9,6,1,7,9,1,10,1,11,,44,,1,21,121.5363237,25.0098393
113,12,10,10,24,2,10文山區,文山區木新路2段79巷12弄16號,0,0,1,1,B03,6,7,5,30,14,9,1,4,4,5,13,4,4,9,5,5,2,11,1,53,3,10,7,1,7,7,1,8,2,17,,100,,1,21,121.5710852,24.9843868
113,12,10,10,24,2,10文山區,文山區木新路2段79巷12弄16號,0,0,1,2,C04,6,7,5,30,14,9,1,4,4,5,13,4,4,9,5,5,2,11,1,43,2,7,5,1,7,9,1,10,2,14,,44,,1,21,121.5710852,24.9843868
113,12,10,10,24,2,10文山區,文山區木新路2段79巷12弄16號,0,0,1,3,B01,6,7,5,30,14,9,1,4,4,5,13,4,4,9,5,5,2,11,1,58,3,10,7,1,7,9,1,4,2,4,,44,,1,21,121.5710852,24.9843868
113,12,10,10,30,2,08士林區,士林區中山北路6段與克強路口,0,0,1,1,C03,8,5,5,50,4,1,1,5,4,5,13,2,1,1,4,5,2,12,1,80,2,7,3,4,7,1,1,10,9,14,,19,,1,22,121.5251826,25.10872559
113,12,10,10,30,2,08士林區,士林區中山北路6段與克強路口,0,0,1,2,C03,8,5,5,50,4,1,1,5,4,5,13,2,1,1,4,5,2,12,1,26,3,10,3,4,7,9,1,10,9,12,,44,,1,22,121.5251826,25.10872559
113,12,10,10,55,2,02萬華區,萬華區萬大路423巷20弄與萬大路449巷口,0,0,1,1,C03,7,7,5,30,4,2,1,5,4,5,13,4,4,10,5,5,2,17,1,72,3,10,6,1,7,9,7,19,9,17,,44,,1,21,121.4992866,25.0205115
113,12,10,10,55,2,02萬華區,萬華區萬大路423巷20弄與萬大路449巷口,0,0,1,2,C03,7,7,5,30,4,2,1,5,4,5,13,4,4,10,5,5,2,17,2,29,2,9,6,1,7,5,1,10,1,17,,44,,1,21,121.4992866,25.0205115
113,12,10,10,56,2,02萬華區,萬華區中華路1段與南寧路口,0,0,1,1,F01,7,5,5,50,5,1,1,5,4,5,13,1,1,1,4,1,2,17,2,27,2,9,4,1,7,9,8,20,1,11,,4,,1,22,121.5064206,25.0372255
113,12,10,10,56,2,02萬華區,萬華區中華路1段與南寧路口,0,0,1,2,B03,7,5,5,50,5,1,1,5,4,5,13,1,1,1,4,1,2,17,1,64,3,10,7,1,7,6,1,8,1,8,,9,,1,22,121.5064206,25.0372255
113,12,10,11,21,2,03中山區,中山區民權西路40號,0,0,1,1,C03,7,5,5,50,14,9,1,5,4,5,13,4,4,3,4,5,2,13,2,59,2,9,3,4,7,9,1,10,1,11,,16,,1,21,121.5211562,25.0627359
113,12,10,11,21,2,03中山區,中山區民權西路40號,0,0,1,2,C03,7,5,5,50,14,9,1,5,4,5,13,4,4,3,4,5,2,13,1,34,3,10,3,4,7,14,1,10,1,13,,44,,1,21,121.5211562,25.0627359
113,12,10,11,49,2,05中正區,中正區羅斯福路1段與南海路口口,0,0,1,1,B03,8,6,5,30,5,1,1,5,4,5,13,1,1,10,4,5,1,17,1,61,3,10,7,1,7,8,1,8,2,2,,17,,1,21,121.5178058,25.0327235
113,12,10,11,49,2,05中正區,中正區羅斯福路1段與南海路口口,0,0,1,2,C03,8,6,5,30,5,1,1,5,4,5,13,1,1,10,4,5,1,17,2,48,2,7,6,1,7,9,1,10,2,14,,44,,1,21,121.5178058,25.0327235
113,12,10,12,0,2,04大安區,大安區通化街171巷36號對面,0,0,1,1,B12,6,6,5,50,14,9,1,4,4,5,13,4,4,9,5,5,2,16,1,53,3,10,3,4,7,1,1,8,1,8,,19,,1,22,121.5549477,25.0277584
113,12,10,12,0,2,04大安區,大安區通化街171巷36號對面,0,0,1,2,C03,6,6,5,50,14,9,1,4,4,5,13,4,4,9,5,5,2,16,2,46,2,9,3,4,7,9,1,10,1,11,,44,,1,22,121.5549477,25.0277584
113,12,10,12,7,2,04大安區,大安區仁愛路4段266巷與仁愛路4段300巷口口,0,0,1,1,B01,7,6,5,50,4,1,1,5,4,5,13,2,1,5,4,5,2,17,1,64,3,10,3,4,7,6,1,4,1,8,,74,,1,22,121.5534033,25.0370449
113,12,10,12,7,2,04大安區,大安區仁愛路4段266巷與仁愛路4段300巷口口,0,0,1,2,C03,7,6,5,50,4,1,1,5,4,5,13,2,1,5,4,5,2,17,2,29,2,9,3,4,7,5,1,10,1,12,,44,,1,22,121.5534033,25.0370449
113,12,10,13,46,2,05中正區,中正區信義路2段213號,0,0,1,1,C03,8,6,5,50,14,9,1,5,4,5,13,4,4,1,4,5,2,12,1,22,2,9,6,1,7,8,1,10,2,12,,100,,1,21,121.5307389,25.0337106
113,12,10,13,46,2,05中正區,中正區信義路2段213號,0,0,1,2,B03,8,6,5,50,14,9,1,5,4,5,13,4,4,1,4,5,2,12,2,49,3,10,7,1,7,9,1,8,2,4,,44,,1,21,121.5307389,25.0337106
113,12,10,14,4,2,03中山區,中山區南京東路1段92號,0,0,1,1,C03,7,5,5,50,14,9,1,5,4,5,13,4,4,3,4,5,2,28,2,42,2,9,3,4,7,8,1,10,1,11,,108,,1,21,121.5268677,25.0520192
113,12,10,14,4,2,03中山區,中山區南京東路1段92號,0,0,1,2,,7,5,5,50,14,9,1,5,4,5,13,4,4,3,4,5,2,28,3,28,,,,,,,,,,,,67,,1,,121.5268677,25.0520192
113,12,10,14,5,2,07信義區,信義區逸仙路與松高路口,0,0,1,1,B03,7,5,5,50,5,1,1,5,4,5,13,2,1,9,2,5,2,13,2,58,3,10,7,1,7,9,3,18,9,8,,44,,1,21,121.5615273,25.0392312
113,12,10,14,5,2,07信義區,信義區逸仙路與松高路口,0,0,1,2,C03,7,5,5,50,5,1,1,5,4,5,13,2,1,9,2,5,2,13,2,62,2,9,5,1,7,5,1,10,9,13,,8,,1,21,121.5615273,25.0392312
113,12,10,14,7,2,01大同區,大同區承德路1段與太原路133巷口口,0,0,1,1,C03,7,5,5,50,3,2,1,5,4,5,13,4,4,10,5,5,2,17,1,35,3,10,5,1,7,8,1,10,1,17,,118,,1,21,121.5174309,25.0527897
113,12,10,14,7,2,01大同區,大同區承德路1段與太原路133巷口口,0,0,1,2,C03,7,5,5,50,3,2,1,5,4,5,13,4,4,10,5,5,2,17,1,56,2,9,5,1,7,1,1,10,1,17,,118,,1,22,121.5174309,25.0527897
113,12,10,14,40,2,12內湖區,內湖區成功路4段與金湖路口,0,0,1,2,C03,7,5,5,50,4,1,1,4,4,5,13,2,1,9,4,4,2,11,1,32,2,8,6,1,7,9,1,10,2,11,,108,,1,21,121.5948066,25.08383213
113,12,10,14,40,2,12內湖區,內湖區成功路4段與金湖路口,0,0,1,1,B03,7,5,5,50,4,1,1,4,4,5,13,2,1,9,4,4,2,11,1,42,3,10,7,1,7,5,1,8,2,1,,74,,1,21,121.5948066,25.08383213
113,12,10,15,0,2,06松山區,松山區興安街194號,0,0,1,1,C03,8,6,5,50,14,9,1,5,4,3,10,4,4,9,4,5,2,17,2,37,2,8,6,1,7,1,1,10,1,11,,19,,1,21,121.5452323,25.05608456
113,12,10,15,0,2,06松山區,松山區興安街194號,0,0,1,2,B01,8,6,5,50,14,9,1,5,4,3,10,4,4,9,4,5,2,17,1,66,3,10,3,4,7,7,1,4,1,5,,44,,1,21,121.5452323,25.05608456
113,12,10,15,0,2,06松山區,松山區興安街194號,0,0,1,3,B01,8,6,5,50,14,9,1,5,4,3,10,4,4,9,4,5,2,17,1,63,3,10,3,4,7,14,1,4,11,17,,38,,1,21,121.5452323,25.05608456
113,12,10,15,0,2,06松山區,松山區民生東路4段80巷1弄與民生東路4段80巷口,0,0,1,1,B03,8,6,5,30,4,1,1,5,4,5,13,4,4,5,5,5,2,15,1,73,3,10,7,1,7,9,1,8,1,1,,72,,1,21,121.5529781,25.0576365
113,12,10,15,0,2,06松山區,松山區民生東路4段80巷1弄與民生東路4段80巷口,0,0,1,2,C03,8,6,5,30,4,1,1,5,4,5,13,4,4,5,5,5,2,15,1,28,2,9,6,1,7,9,1,10,1,14,,44,,1,21,121.5529781,25.0576365
113,12,10,15,45,2,01大同區,大同區寧夏路155號口,0,0,1,1,B03,8,6,5,50,14,9,1,5,4,5,13,4,4,9,4,5,2,16,1,25,3,10,7,1,7,8,1,8,2,5,,101,,1,21,121.5141543,25.0615014
113,12,10,15,45,2,01大同區,大同區寧夏路155號口,0,0,1,2,C03,8,6,5,50,14,9,1,5,4,5,13,4,4,9,4,5,2,16,1,52,2,8,6,1,7,9,1,10,2,14,,44,,1,23,121.5141543,25.0615014
113,12,10,16,28,2,12內湖區,內湖區東湖路136號,0,0,1,1,C03,6,7,5,50,14,9,1,4,4,5,13,4,4,9,4,5,2,12,1,20,4,11,5,1,7,8,1,10,1,12,,100,,2,21,121.6167384,25.0680656
113,12,10,16,28,2,12內湖區,內湖區東湖路136號,0,0,1,2,C03,6,7,5,50,14,9,1,4,4,5,13,4,4,9,4,5,2,12,1,69,2,8,5,1,7,7,1,10,1,14,,100,,1,21,121.6167384,25.0680656
113,12,10,17,12,2,12內湖區,內湖區民權東路6段與成功路2段口,0,0,1,1,B03,7,5,5,50,3,2,1,5,4,5,13,4,4,1,5,5,2,17,1,56,3,10,7,1,7,6,1,8,2,5,,9,,1,21,121.5941022,25.07094852
113,12,10,17,12,2,12內湖區,內湖區民權東路6段與成功路2段口,0,0,1,2,C03,7,5,5,50,3,2,1,5,4,5,13,4,4,1,5,5,2,17,1,24,2,9,5,1,7,9,1,10,2,14,,44,,1,21,121.5941022,25.07094852
113,12,10,17,25,2,07信義區,信義區吳興街432巷與吳興街口口,0,0,1,1,C03,7,5,8,30,4,1,1,5,4,5,13,4,4,5,4,5,2,17,1,23,3,10,6,1,7,5,1,10,1,11,,71,,1,22,121.5680916,25.0242471
113,12,10,17,25,2,07信義區,信義區吳興街432巷與吳興街口口,0,0,1,2,C04,7,5,8,30,4,1,1,5,4,5,13,4,4,5,4,5,2,17,1,60,3,10,6,1,7,9,1,11,1,12,,14,,1,22,121.5680916,25.0242471
113,12,10,17,25,2,07信義區,信義區吳興街432巷與吳興街口口,0,0,1,3,H02,7,5,8,30,4,1,1,5,4,5,13,4,4,5,4,5,2,17,2,55,2,8,5,5,7,19,8,20,10,16,,60,,1,22,121.5680916,25.0242471
113,12,10,17,30,2,08士林區,士林區通河西街1段堤外溜冰場前,0,0,2,1,C03,7,5,5,40,14,9,1,5,4,5,13,4,4,9,5,5,2,9,1,63,2,9,6,1,7,15,1,10,9,11,,108,,1,21,121.5128451,25.0850849
113,12,10,17,30,2,08士林區,士林區通河西街1段堤外溜冰場前,0,0,2,2,H01,7,5,5,40,14,9,1,5,4,5,13,4,4,9,5,5,2,9,1,76,2,1,4,5,8,20,8,20,2,16,,67,,1,21,121.5128451,25.0850849
113,12,10,17,32,2,02萬華區,萬華區堤外便道(近忠孝橋下),0,0,2,1,C03,7,5,5,40,14,11,1,5,4,5,13,4,4,4,1,5,2,17,2,62,2,9,6,1,7,9,1,10,1,14,12,4,,1,21,121.5045386,25.0475436
113,12,10,17,32,2,02萬華區,萬華區堤外便道(近忠孝橋下),0,0,2,2,C03,7,5,5,40,14,11,1,5,4,5,13,4,4,4,1,5,2,17,1,47,2,9,6,1,7,9,1,10,1,14,12,44,,1,21,121.5045386,25.0475436
113,12,10,17,40,2,02萬華區,萬華區和平西路3段與南寧路口,0,0,1,1,B01,8,5,5,50,5,1,1,5,4,5,13,2,1,1,2,5,2,17,1,46,2,2,7,4,7,5,1,4,1,5,,8,,1,21,121.5032638,25.03516781
113,12,10,17,40,2,02萬華區,萬華區和平西路3段與南寧路口,0,0,1,2,B03,8,5,5,50,5,1,1,5,4,5,13,2,1,1,2,5,2,17,1,58,3,10,7,4,7,5,1,8,1,7,,44,,1,21,121.5032638,25.03516781
113,12,10,17,41,2,10文山區,文山區木柵路5段43巷電桿3號旁,0,0,1,1,C03,7,5,5,30,11,9,1,4,4,5,13,4,4,5,5,5,2,18,1,44,2,9,5,1,7,9,1,10,1,12,,44,,1,21,121.5847189,25.00560074
113,12,10,17,41,2,10文山區,文山區木柵路5段43巷電桿3號旁,0,0,1,2,,7,5,5,30,11,9,1,4,4,5,13,4,4,5,5,5,2,18,3,,,,,,,,,,,,,67,,1,,121.5847189,25.00560074
113,12,10,17,55,2,12內湖區,內湖區潭美街與安康路32巷口,0,0,1,1,C03,7,5,5,40,3,2,1,4,4,5,13,4,4,5,5,5,2,17,1,43,3,10,6,4,7,1,6,18,11,17,,19,,2,21,121.5948364,25.0610681
113,12,10,17,55,2,12內湖區,內湖區潭美街與安康路32巷口,0,0,1,2,C03,7,5,5,40,3,2,1,4,4,5,13,4,4,5,5,5,2,17,1,36,2,8,5,1,7,9,1,10,1,14,,44,,1,21,121.5948364,25.0610681
113,12,10,18,2,2,03中山區,中山區遼寧街與遼寧街201巷口,0,0,1,1,B02,8,5,5,50,4,1,1,5,4,5,13,4,4,8,5,5,2,16,1,25,3,10,3,4,7,11,1,8,1,1,,98,,1,22,121.5476337,25.04815403
113,12,10,18,2,2,03中山區,中山區遼寧街與遼寧街201巷口,0,0,1,2,C03,8,5,5,50,4,1,1,5,4,5,13,4,4,8,5,5,2,16,2,44,2,9,6,4,7,9,1,10,1,14,,44,,1,22,121.5476337,25.04815403
113,12,10,18,5,2,12內湖區,內湖區康寧路3段245巷與五分街14巷口,0,0,2,1,C03,6,6,5,50,3,1,1,4,4,5,13,4,4,9,4,5,2,16,2,32,2,9,6,1,7,5,1,10,1,14,,80,,1,21,121.6133595,25.06633881
113,12,10,18,5,2,12內湖區,內湖區康寧路3段245巷與五分街14巷口,0,0,2,2,C03,6,6,5,50,3,1,1,4,4,5,13,4,4,9,4,5,2,16,2,31,2,9,6,1,7,9,1,10,1,11,,16,,1,21,121.6133595,25.06633881
113,12,10,18,7,2,07信義區,信義區松山路213號,0,0,1,1,B03,7,5,5,50,14,7,1,5,4,5,13,2,1,8,3,3,2,13,2,50,3,10,7,1,7,9,1,8,1,1,,118,,1,22,121.5778121,25.0450852
113,12,10,18,7,2,07信義區,信義區松山路213號,0,0,1,2,C02,7,5,5,50,14,7,1,5,4,5,13,2,1,8,3,3,2,13,1,34,2,8,6,1,7,14,1,9,1,13,,44,,1,22,121.5778121,25.0450852
113,12,10,18,7,2,07信義區,信義區松山路213號,0,0,1,3,B03,7,5,5,50,14,7,1,5,4,5,13,2,1,8,3,3,2,13,2,33,3,10,7,1,7,14,1,8,1,7,,44,,1,22,121.5778121,25.0450852
113,12,10,18,27,2,06松山區,松山區南京東路5段123巷與南京東路5段59巷27弄口,0,0,1,1,C03,7,5,5,50,4,1,1,5,4,5,13,4,4,5,5,5,2,16,2,33,2,9,6,1,7,5,1,10,2,14,,8,,1,21,121.5608152,25.0529698
113,12,10,18,27,2,06松山區,松山區南京東路5段123巷與南京東路5段59巷27弄口,0,0,1,2,C03,7,5,5,50,4,1,1,5,4,5,13,4,4,5,5,5,2,16,2,72,3,10,6,1,7,9,1,10,2,12,,44,,1,21,121.5608152,25.0529698
113,12,10,18,30,2,03中山區,中山區八德路2段與市民大道3段口,0,0,1,1,B03,7,5,6,50,5,2,1,5,4,5,13,2,1,8,3,5,1,17,1,57,3,10,7,1,7,6,1,8,1,4,,82,,1,21,121.5347143,25.0450944
113,12,10,18,30,2,03中山區,中山區八德路2段與市民大道3段口,0,0,1,2,C03,7,5,6,50,5,2,1,5,4,5,13,2,1,8,3,5,1,17,1,27,2,9,5,1,7,9,1,10,1,12,,44,,1,21,121.5347143,25.0450944
113,12,10,18,35,2,07信義區,信義區松仁路240巷7號,0,0,1,1,B03,7,5,5,30,14,9,1,5,4,5,13,4,4,10,5,5,1,6,1,40,3,10,7,1,7,9,1,8,2,5,,108,,1,21,121.5691728,25.0246944
113,12,10,18,35,2,07信義區,信義區松仁路240巷7號,0,0,1,2,H01,7,5,5,30,14,9,1,5,4,5,13,4,4,10,5,5,1,6,1,12,2,8,4,5,8,18,8,20,10,16,,121,,1,21,121.5691728,25.0246944
113,12,10,18,48,2,03中山區,中山區民權東路2段與民權東路2段135巷口,0,0,2,1,C03,7,5,5,50,4,1,1,5,4,5,13,2,1,1,5,5,1,16,2,21,2,9,3,4,7,6,1,10,1,12,,9,,1,21,121.5351221,25.06256299
113,12,10,18,48,2,03中山區,中山區民權東路2段與民權東路2段135巷口,0,0,2,2,C03,7,5,5,50,4,1,1,5,4,5,13,2,1,1,5,5,1,16,2,37,2,9,3,4,7,9,1,10,1,14,,44,,1,21,121.5351221,25.06256299
113,12,10,19,16,2,03中山區,中山區大佳河濱公園迎風足球場停車場,0,0,1,1,B03,7,5,5,50,14,9,1,5,4,5,13,4,4,8,5,5,1,16,1,42,3,10,3,4,7,6,1,8,1,5,,9,,1,21,121.5470214,25.073587
113,12,10,19,16,2,03中山區,中山區大佳河濱公園迎風足球場停車場,0,0,1,2,C03,7,5,5,50,14,9,1,5,4,5,13,4,4,8,5,5,1,16,1,35,2,9,3,4,7,9,1,10,1,14,,44,,1,21,121.5470214,25.073587
113,12,10,19,16,2,07信義區,信義區忠孝東路5段與中坡南路口,0,0,2,1,B03,8,5,5,50,4,1,1,5,4,5,13,1,1,3,4,5,2,12,1,54,3,10,3,4,7,9,1,8,1,2,,44,,1,21,121.5818584,25.0442279
113,12,10,19,16,2,07信義區,信義區忠孝東路5段與中坡南路口,0,0,2,2,C03,8,5,5,50,4,1,1,5,4,5,13,1,1,3,4,5,2,12,2,59,2,9,5,1,7,7,1,10,1,14,,101,,1,21,121.5818584,25.0442279
113,12,10,19,16,2,07信義區,信義區忠孝東路5段與中坡南路口,0,0,2,3,H02,8,5,5,50,4,1,1,5,4,5,13,1,1,3,4,5,2,12,2,70,2,9,5,5,7,21,8,20,10,17,,67,,1,21,121.5818584,25.0442279
113,12,10,19,30,2,07信義區,信義區松仁路與松仁路253巷口,0,0,1,1,B03,7,5,5,50,4,1,1,5,4,5,13,3,1,5,5,5,1,17,1,25,3,10,7,1,7,5,1,8,2,6,,71,,1,21,121.5691028,25.0254318
113,12,10,19,30,2,07信義區,信義區松仁路與松仁路253巷口,0,0,1,2,C03,7,5,5,50,4,1,1,5,4,5,13,3,1,5,5,5,1,17,2,31,2,9,6,1,7,9,1,10,2,11,,107,,1,21,121.5691028,25.0254318
113,12,10,19,40,2,10文山區,文山區興隆路3段與興德路口,0,0,2,1,B12,8,5,5,50,3,1,1,5,4,5,13,2,1,1,4,5,2,16,1,31,3,10,7,1,7,11,1,8,11,4,,10,,1,21,121.5551793,25.0006416
113,12,10,19,40,2,10文山區,文山區興隆路3段與興德路口,0,0,2,2,C03,8,5,5,50,3,1,1,5,4,5,13,2,1,1,4,5,2,16,2,38,2,8,6,1,7,5,1,10,2,12,,108,,1,21,121.5551793,25.0006416
113,12,10,19,40,2,10文山區,文山區興隆路3段與興德路口,0,0,2,3,H02,8,5,5,50,3,1,1,5,4,5,13,2,1,1,4,5,2,16,1,11,2,8,6,5,7,20,8,20,10,16,,67,,1,21,121.5551793,25.0006416
113,12,10,19,41,2,08士林區,士林區德行東路與德行東路331巷口口,0,0,1,1,F02,7,5,5,50,4,1,1,5,4,5,13,3,1,5,5,5,2,17,2,50,2,9,6,1,7,5,8,20,1,14,,8,,1,21,121.5374487,25.11046692
113,12,10,19,41,2,08士林區,士林區德行東路與德行東路331巷口口,0,0,1,2,B01,7,5,5,50,4,1,1,5,4,5,13,3,1,5,5,5,2,17,1,61,3,10,7,1,7,9,1,4,1,5,,14,,1,21,121.5374487,25.11046692
113,12,10,19,49,2,08士林區,士林區至誠路2段13號,0,0,1,1,C03,8,5,8,40,14,9,1,5,4,5,13,3,1,9,5,5,1,17,1,30,2,9,5,1,7,4,1,10,1,14,,108,,1,21,121.5303335,25.1022058