發生年度,發生月,發生日,發生時-Hours,發生分,處理別-編號,區序,肇事地點,死亡人數,2-30日死亡人數,受傷人數,當事人序號,車種,天候,道路照明設備,道路類別,速限-速度限制,道路型態,事故位置,路面狀況1,路面狀況2,路面狀況3,道路障礙1,道路障礙2,號誌1,號誌2,車道劃分-分向,車道劃分-分道1,車道劃分-分道2,車道劃分-分道3,事故類型及型態,性別,年齡,受傷程度,主要傷處,保護裝置,行動電話,車輛用途,當事者行動狀態,駕駛資格情形,駕駛執照種類,飲酒情形,車輛撞擊部位1,車輛撞擊部位2,肇因碼-個別,肇因碼-主要,個人肇逃否,職業,座標-X,座標-Y
113,12,10,19,49,2,08士林區,士林區至誠路2段13號,0,0,1,2,B03,8,5,8,40,14,9,1,5,4,5,13,3,1,9,5,5,1,17,1,50,3,10,7,1,7,7,1,8,1,17,,101,,1,21,121.5303335,25.1022058
113,12,10,21,32,2,08士林區,士林區承德路5段與中正路口,0,0,1,1,C03,8,5,5,50,4,1,1,5,4,5,13,1,1,10,5,1,1,15,1,31,2,9,5,1,7,9,1,10,1,11,,44,,1,21,121.5164058,25.0911381
113,12,10,21,32,2,08士林區,士林區承德路5段與中正路口,0,0,1,2,B03,8,5,5,50,4,1,1,5,4,5,13,1,1,10,5,1,1,15,1,62,3,10,7,1,7,9,1,8,1,6,,81,,1,21,121.5164058,25.0911381
113,12,10,21,40,2,11南港區,南港區玉成街與玉成街140巷口,0,0,1,1,C03,7,5,5,50,3,2,1,5,4,5,13,4,4,9,5,5,2,13,1,24,3,10,6,1,7,9,1,10,1,11,,16,,1,21,121.5831664,25.0450991
113,12,10,21,40,2,11南港區,南港區玉成街與玉成街140巷口,0,0,1,2,C03,7,5,5,50,3,2,1,5,4,5,13,4,4,9,5,5,2,13,2,31,2,9,6,1,7,9,1,10,1,13,,44,,1,21,121.5831664,25.0450991
113,12,10,22,10,2,01大同區,大同區民生西路171巷與萬全街口,0,0,4,1,C03,8,5,5,30,4,1,1,5,4,5,13,4,4,10,5,5,2,15,2,27,2,8,6,1,7,9,1,10,1,14,,72,,1,21,121.5171967,25.05808999
113,12,10,22,10,2,01大同區,大同區民生西路171巷與萬全街口,0,0,4,2,C03,8,5,5,30,4,1,1,5,4,5,13,4,4,10,5,5,2,15,1,29,2,7,6,1,7,9,1,10,1,11,,44,,1,21,121.5171967,25.05808999
113,12,10,22,10,2,01大同區,大同區民生西路171巷與萬全街口,0,0,4,3,H02,8,5,5,30,4,1,1,5,4,5,13,4,4,10,5,5,2,15,2,25,2,8,6,5,7,21,8,20,10,17,,67,,1,21,121.5171967,25.05808999
113,12,10,22,10,2,01大同區,大同區民生西路171巷與萬全街口,0,0,4,4,H02,8,5,5,30,4,1,1,5,4,5,13,4,4,10,5,5,2,15,2,27,2,8,6,5,7,21,8,20,10,17,,67,,1,21,121.5171967,25.05808999
113,12,10,22,32,2,02萬華區,萬華區堤外便道(中興橋下),0,0,3,1,C03,8,5,7,40,14,11,1,5,4,5,13,4,4,2,5,5,2,17,1,18,3,10,5,1,7,9,1,10,1,11,,16,,1,21,121.5007928,25.04455461
113,12,10,22,32,2,02萬華區,萬華區堤外便道(中興橋下),0,0,3,2,C03,8,5,7,40,14,11,1,5,4,5,13,4,4,2,5,5,2,17,1,40,3,10,5,1,7,9,1,10,1,11,,16,,1,21,121.5007928,25.04455461
113,12,10,22,32,2,02萬華區,萬華區堤外便道(中興橋下),0,0,3,3,C03,8,5,7,40,14,11,1,5,4,5,13,4,4,2,5,5,2,17,1,27,2,8,5,1,7,15,1,10,1,11,,108,,1,21,121.5007928,25.04455461
113,12,10,22,32,2,02萬華區,萬華區堤外便道(中興橋下),0,0,3,4,C03,8,5,7,40,14,11,1,5,4,5,13,4,4,2,5,5,2,17,1,30,2,8,5,1,7,9,1,10,1,13,,44,,1,21,121.5007928,25.04455461
113,12,10,22,32,2,02萬華區,萬華區堤外便道(中興橋下),0,0,3,5,C03,8,5,7,40,14,11,1,5,4,5,13,4,4,2,5,5,2,17,1,21,2,8,5,1,7,9,1,10,1,11,,16,,1,21,121.5007928,25.04455461
113,12,10,22,32,2,02萬華區,萬華區堤外便道(中興橋下),0,0,3,6,C03,8,5,7,40,14,11,1,5,4,5,13,4,4,2,5,5,2,17,1,43,3,10,5,1,7,9,1,10,1,13,,44,,1,21,121.5007928,25.04455461
113,12,10,22,50,2,01大同區,大同區西寧北路與鄭州路口,0,0,1,1,C03,8,5,5,40,14,9,1,5,4,5,13,2,1,9,4,5,1,16,1,22,3,10,3,4,7,9,1,10,1,11,,99,,1,21,121.5081478,25.0505884
113,12,10,22,50,2,01大同區,大同區西寧北路與鄭州路口,0,0,1,2,C03,8,5,5,40,14,9,1,5,4,5,13,2,1,9,4,5,1,16,2,26,2,8,3,4,7,5,1,10,1,13,,8,,1,21,121.5081478,25.0505884
113,12,10,22,53,2,12內湖區,內湖區民權東路6段190巷與民權東路6段206巷口,0,0,2,1,B03,8,5,5,30,4,1,1,5,4,5,13,4,4,9,5,5,2,17,1,24,3,10,7,1,7,9,1,8,2,5,,72,,1,21,121.5943222,25.0657349
113,12,10,22,53,2,12內湖區,內湖區民權東路6段190巷與民權東路6段206巷口,0,0,2,2,C03,8,5,5,30,4,1,1,5,4,5,13,4,4,9,5,5,2,17,1,29,2,8,6,1,7,9,1,10,2,11,,13,,1,21,121.5943222,25.0657349
113,12,10,22,53,2,12內湖區,內湖區民權東路6段190巷與民權東路6段206巷口,0,0,2,3,H02,8,5,5,30,4,1,1,5,4,5,13,4,4,9,5,5,2,17,2,30,2,9,6,5,7,20,8,20,10,16,,67,,1,21,121.5943222,25.0657349
113,12,10,23,29,2,12內湖區,內湖區內湖路1段737巷與內湖路1段737巷61弄口,0,0,1,1,B02,7,6,5,30,3,2,1,5,4,5,13,4,4,9,4,5,2,3,1,36,3,10,7,1,7,5,1,4,2,1,,70,,1,21,121.5791535,25.08089317
113,12,10,23,29,2,12內湖區,內湖區內湖路1段737巷與內湖路1段737巷61弄口,0,0,1,2,H01,7,6,5,30,3,2,1,5,4,5,13,4,4,9,4,5,2,3,1,38,2,9,4,5,8,16,8,20,10,16,,121,,1,21,121.5791535,25.08089317
113,12,10,23,40,2,10文山區,文山區新光路2段燈桿0707754號,0,0,1,1,C03,7,5,5,50,14,9,1,5,4,5,13,4,4,1,4,5,2,29,1,19,2,9,3,4,7,9,1,10,9,14,,118,,1,22,121.5795329,24.99848041
113,12,10,23,40,2,10文山區,文山區新光路2段燈桿0707754號,0,0,1,2,,7,5,5,50,14,9,1,5,4,5,13,4,4,1,4,5,2,29,3,0,,,,,,,,,,,,67,,1,,121.5795329,24.99848041
113,12,11,0,11,2,12內湖區,內湖區舊宗路1段與行善路口,0,0,1,1,B01,8,5,5,50,4,1,1,5,4,5,13,1,1,1,5,5,2,13,1,30,3,10,7,1,7,15,1,2,2,8,,108,,1,21,121.580884,25.0589649
113,12,11,0,11,2,12內湖區,內湖區舊宗路1段與行善路口,0,0,1,2,C03,8,5,5,50,4,1,1,5,4,5,13,1,1,1,5,5,2,13,2,49,2,9,6,1,7,14,1,10,2,13,,44,,1,21,121.580884,25.0589649
113,12,11,0,31,2,04大安區,大安區市民大道4段與敦化南路1段口,0,0,1,1,C03,7,5,5,50,4,1,1,5,4,5,13,1,1,1,4,1,2,17,2,24,2,9,3,4,7,9,1,10,1,11,,116,,1,21,121.5491777,25.0446897
113,12,11,0,31,2,04大安區,大安區市民大道4段與敦化南路1段口,0,0,1,2,C03,7,5,5,50,4,1,1,5,4,5,13,1,1,1,4,1,2,17,1,29,3,10,3,4,7,6,1,10,1,17,,44,,1,21,121.5491777,25.0446897
113,12,11,2,3,2,05中正區,中正區福和橋往新北市上橋處,0,0,1,1,C03,7,5,5,50,14,9,1,5,4,5,13,4,4,1,4,5,2,18,1,29,2,9,5,1,7,9,1,10,6,11,,21,,1,21,121.5362735,25.01089367
113,12,11,2,3,2,05中正區,中正區福和橋往新北市上橋處,0,0,1,2,,7,5,5,50,14,9,1,5,4,5,13,4,4,1,4,5,2,18,3,0,,,,,,,,,,,,67,,1,,121.5362735,25.01089367
113,12,11,5,11,2,07信義區,信義區基隆路2段149號,0,0,1,1,C03,7,5,5,50,14,9,1,5,4,5,13,4,4,1,4,5,1,2,1,43,3,10,6,1,7,9,1,10,2,11,,107,,1,21,121.5568267,25.0282947
113,12,11,5,11,2,07信義區,信義區基隆路2段149號,0,0,1,2,H01,7,5,5,50,14,9,1,5,4,5,13,4,4,1,4,5,1,2,1,87,2,9,4,5,8,16,8,20,10,16,,60,,1,21,121.5568267,25.0282947
113,12,11,7,6,2,07信義區,信義區松德路169巷與松德路口側附近133巷口,0,0,1,1,C03,8,7,5,30,4,1,1,5,4,5,13,4,4,5,5,5,2,15,1,24,2,9,6,4,7,9,1,10,1,11,,13,,1,22,121.5759208,25.0363395
113,12,11,7,6,2,07信義區,信義區松德路169巷與松德路口側附近133巷口,0,0,1,2,B03,8,7,5,30,4,1,1,5,4,5,13,4,4,5,5,5,2,15,2,41,3,10,3,4,7,9,1,8,1,8,,72,,1,22,121.5759208,25.0363395
113,12,11,7,25,2,09北投區,北投區石牌路2段與石牌路2段99巷口,0,0,1,1,B03,8,7,5,50,3,1,1,5,4,5,13,2,1,5,4,5,2,9,2,72,3,10,7,1,7,5,1,8,2,4,,83,,1,21,121.5170153,25.1177468
113,12,11,7,25,2,09北投區,北投區石牌路2段與石牌路2段99巷口,0,0,1,2,H03,8,7,5,50,3,1,1,5,4,5,13,2,1,5,4,5,2,9,1,59,2,8,4,5,8,20,8,20,10,16,,67,,1,21,121.5170153,25.1177468
113,12,11,7,43,2,12內湖區,內湖區民權東路6段192號,0,0,1,1,C03,8,6,5,50,14,9,1,5,4,5,13,2,1,1,4,4,2,13,1,31,3,10,5,1,7,9,6,10,2,11,,108,,1,21,121.5948641,25.0686391
113,12,11,7,43,2,12內湖區,內湖區民權東路6段192號,0,0,1,2,C03,8,6,5,50,14,9,1,5,4,5,13,2,1,1,4,4,2,13,1,53,2,9,5,1,7,9,1,10,1,13,,44,,1,21,121.5948641,25.0686391
113,12,11,7,50,2,10文山區,文山區老泉街與老泉街26巷口口,0,0,2,1,C03,8,6,5,50,3,1,1,5,4,5,13,3,1,10,5,5,1,16,1,32,2,8,6,1,7,5,5,18,1,14,,72,,1,21,121.5575274,24.9762398
113,12,11,7,50,2,10文山區,文山區老泉街與老泉街26巷口口,0,0,2,2,C03,8,6,5,50,3,1,1,5,4,5,13,3,1,10,5,5,1,16,1,54,2,8,6,1,7,9,1,10,1,12,,14,,1,21,121.5575274,24.9762398
113,12,11,8,6,2,12內湖區,內湖區環山路2段26巷與環山路2段口,0,0,2,1,C03,7,6,5,30,3,1,1,5,4,5,13,4,4,5,4,5,2,15,2,32,2,9,6,1,7,1,1,10,1,14,,72,,1,22,121.5724868,25.0858498
113,12,11,8,6,2,12內湖區,內湖區環山路2段26巷與環山路2段口,0,0,2,2,C03,7,6,5,30,3,1,1,5,4,5,13,4,4,5,4,5,2,15,1,30,2,9,6,1,7,9,1,10,1,11,,13,,1,22,121.5724868,25.0858498
113,12,11,8,19,2,11南港區,南港區南深路(南向北),0,0,1,1,B03,6,6,5,30,14,7,1,4,4,5,13,4,4,5,5,4,2,12,1,43,3,10,3,4,7,9,1,8,1,6,,118,,1,21,121.6230933,25.0277731
113,12,11,8,19,2,11南港區,南港區南深路(南向北),0,0,1,2,C03,6,6,5,30,14,7,1,4,4,5,13,4,4,5,5,4,2,12,1,81,2,9,5,4,7,9,1,10,1,14,,118,,1,21,121.6230933,25.0277731
113,12,11,8,23,2,11南港區,南港區舊莊街1段與舊莊街1段91巷口,0,0,2,2,C03,7,6,5,50,3,2,1,5,4,5,13,3,1,5,5,5,2,16,2,31,2,9,6,1,7,9,1,10,1,11,,44,,1,21,121.6192423,25.0407131
113,12,11,8,23,2,11南港區,南港區舊莊街1段與舊莊街1段91巷口,0,0,2,3,H02,7,6,5,50,3,2,1,5,4,5,13,3,1,5,5,5,2,16,2,25,2,9,6,5,7,20,8,20,10,16,,67,,1,21,121.6192423,25.0407131
113,12,11,8,23,2,11南港區,南港區舊莊街1段與舊莊街1段91巷口,0,0,2,1,B02,7,6,5,50,3,2,1,5,4,5,13,3,1,5,5,5,2,16,2,40,3,10,3,1,7,6,1,8,1,2,,9,,1,21,121.6192423,25.0407131
113,12,11,8,30,2,03中山區,中山區民族東路2號,0,0,3,1,C03,8,5,5,50,14,9,1,5,4,5,13,4,4,1,4,5,2,16,1,45,2,7,3,4,7,6,1,10,1,12,,9,,1,21,121.523605,25.06848849
113,12,11,8,30,2,03中山區,中山區民族東路2號,0,0,3,2,C03,8,5,5,50,14,9,1,5,4,5,13,4,4,1,4,5,2,16,1,25,2,9,3,4,7,9,1,10,1,14,,13,,1,21,121.523605,25.06848849
113,12,11,8,30,2,03中山區,中山區民族東路2號,0,0,3,3,H02,8,5,5,50,14,9,1,5,4,5,13,4,4,1,4,5,2,16,2,42,2,7,3,5,7,20,8,20,10,16,,67,,1,21,121.523605,25.06848849
113,12,11,8,31,2,03中山區,中山區內湖路1段與堤頂大道2段口,0,0,1,1,C03,8,6,5,50,14,9,1,5,4,5,13,2,1,1,5,5,2,12,1,32,2,9,6,1,7,7,1,10,1,11,,16,,1,22,121.5601021,25.0847027
113,12,11,8,31,2,03中山區,中山區內湖路1段與堤頂大道2段口,0,0,1,2,B03,8,6,5,50,14,9,1,5,4,5,13,2,1,1,5,5,2,12,2,40,3,10,7,1,7,14,1,8,1,2,,44,,1,22,121.5601021,25.0847027
113,12,11,9,3,2,04大安區,大安區復興南路1段與大安路1段116巷口,0,0,2,1,C03,7,5,5,50,4,2,1,5,4,5,13,1,1,1,2,5,2,17,2,27,2,9,6,1,7,9,1,10,1,13,,44,,1,21,121.5438001,25.0396444
113,12,11,9,3,2,04大安區,大安區復興南路1段與大安路1段116巷口,0,0,2,2,C03,7,5,5,50,4,2,1,5,4,5,13,1,1,1,2,5,2,17,1,32,2,8,6,1,7,9,1,10,1,11,,108,,1,21,121.5438001,25.0396444
113,12,11,9,3,2,04大安區,大安區復興南路1段與大安路1段116巷口,0,0,2,3,B03,7,5,5,50,4,2,1,5,4,5,13,1,1,1,2,5,2,17,1,53,3,10,7,1,7,8,1,8,1,2,,100,,1,21,121.5438001,25.0396444
113,12,11,9,5,2,12內湖區,內湖區內湖路3段與內湖路2段355巷口,0,0,1,1,B02,8,6,5,30,4,2,1,5,4,5,8,4,4,10,5,5,2,17,1,29,3,10,7,1,7,9,1,8,1,4,,72,,1,21,121.5927422,25.084574
113,12,11,9,5,2,12內湖區,內湖區內湖路3段與內湖路2段355巷口,0,0,1,2,C03,8,6,5,30,4,2,1,5,4,5,8,4,4,10,5,5,2,17,1,64,2,5,6,1,7,9,1,10,1,11,,44,,1,21,121.5927422,25.084574
113,12,11,9,20,2,08士林區,士林區重陽橋往臺北市機車道下橋處,0,0,2,3,C03,7,7,5,25,14,11,1,5,4,5,13,4,4,9,3,5,2,12,1,64,3,10,3,4,7,9,1,10,1,11,,44,,1,22,121.5080733,25.0862909
113,12,11,9,20,2,08士林區,士林區重陽橋往臺北市機車道下橋處,0,0,2,1,C03,7,7,5,25,14,11,1,5,4,5,13,4,4,9,3,5,2,12,2,59,2,9,3,4,7,9,3,18,1,11,,16,,1,22,121.5080733,25.0862909
113,12,11,9,20,2,08士林區,士林區重陽橋往臺北市機車道下橋處,0,0,2,2,C03,7,7,5,25,14,11,1,5,4,5,13,4,4,9,3,5,2,12,2,23,2,9,3,4,7,9,1,10,1,11,,16,,1,22,121.5080733,25.0862909
113,12,11,9,27,2,06松山區,松山區敦化北路與敦化北路155巷口口,0,0,1,1,B12,8,7,5,30,4,1,1,5,4,5,13,2,1,1,4,4,2,17,1,64,3,10,7,1,7,6,1,8,1,4,,9,,1,21,121.5493635,25.0543286
113,12,11,9,27,2,06松山區,松山區敦化北路與敦化北路155巷口口,0,0,1,2,C03,8,7,5,30,4,1,1,5,4,5,13,2,1,1,4,4,2,17,1,35,2,9,6,1,7,14,1,9,1,14,,44,,1,21,121.5493635,25.0543286
113,12,11,9,37,2,03中山區,中山區吉林路與長春路口,0,0,1,1,C03,7,6,5,50,4,1,1,5,4,5,13,1,1,5,4,5,2,16,1,27,3,10,5,4,7,6,1,10,1,14,,9,,1,21,121.530093,25.0548117
113,12,11,9,37,2,03中山區,中山區吉林路與長春路口,0,0,1,2,C03,7,6,5,50,4,1,1,5,4,5,13,1,1,5,4,5,2,16,1,28,2,9,5,4,7,9,1,10,1,14,,44,,1,21,121.530093,25.0548117
113,12,11,9,41,2,01大同區,大同區民生西路與延平北路口側附近2段口,0,0,1,1,C03,7,5,5,50,5,1,1,5,4,5,13,2,1,5,4,5,2,10,2,40,2,8,6,1,7,15,1,10,1,12,,71,,1,21,121.5115532,25.0569075
113,12,11,9,41,2,01大同區,大同區民生西路與延平北路口側附近2段口,0,0,1,2,C03,7,5,5,50,5,1,1,5,4,5,13,2,1,5,4,5,2,10,1,47,3,10,5,1,7,1,1,10,1,11,,44,,1,21,121.5115532,25.0569075
113,12,11,9,41,2,01大同區,大同區民生西路與延平北路口側附近2段口,0,0,1,3,H02,7,5,5,50,5,1,1,5,4,5,13,2,1,5,4,5,2,10,2,68,3,10,4,5,7,20,8,20,10,16,,67,,1,21,121.5115532,25.0569075
113,12,11,10,21,2,04大安區,大安區信義路4段與敦化南路2段口,0,0,2,1,B03,7,6,5,50,4,1,1,5,4,5,13,1,1,1,4,5,2,16,1,67,3,10,7,1,7,6,1,8,1,2,,44,,1,21,121.5485154,25.0331773
113,12,11,10,21,2,04大安區,大安區信義路4段與敦化南路2段口,0,0,2,2,C03,7,6,5,50,4,1,1,5,4,5,13,1,1,1,4,5,2,16,1,31,2,9,5,1,7,9,1,10,1,11,,44,,1,21,121.5485154,25.0331773
113,12,11,10,21,2,04大安區,大安區信義路4段與敦化南路2段口,0,0,2,3,H02,7,6,5,50,4,1,1,5,4,5,13,1,1,1,4,5,2,16,2,30,2,9,3,5,7,20,8,20,10,16,,67,,1,21,121.5485154,25.0331773
113,12,11,10,30,2,10文山區,文山區秀明路1段97號,0,0,1,1,C03,8,7,5,40,14,7,1,5,4,5,13,4,4,1,5,4,2,12,1,32,2,9,5,1,7,7,1,10,1,14,,100,,1,21,121.5657695,24.9902293
113,12,11,10,30,2,10文山區,文山區秀明路1段97號,0,0,1,2,B03,8,7,5,40,14,7,1,5,4,5,13,4,4,1,5,4,2,12,2,66,3,10,7,1,7,9,1,8,1,2,,44,,1,21,121.5657695,24.9902293
113,12,11,11,2,2,06松山區,松山區饒河街61巷與松河街口,0,0,3,1,C03,7,6,5,40,3,1,1,5,4,5,13,4,4,8,4,5,2,17,2,41,2,9,6,1,7,9,1,10,1,15,,118,,1,22,121.585708,25.0457984
113,12,11,11,2,2,06松山區,松山區饒河街61巷與松河街口,0,0,3,2,C03,7,6,5,40,3,1,1,5,4,5,13,4,4,8,4,5,2,17,1,50,3,10,6,1,7,15,1,10,1,12,,44,,1,22,121.585708,25.0457984
113,12,11,11,2,2,06松山區,松山區饒河街61巷與松河街口,0,0,3,3,C03,7,6,5,40,3,1,1,5,4,5,13,4,4,8,4,5,2,17,1,51,2,9,6,1,7,15,1,10,1,13,,44,,1,22,121.585708,25.0457984
113,12,11,11,2,2,06松山區,松山區饒河街61巷與松河街口,0,0,3,4,H02,7,6,5,40,3,1,1,5,4,5,13,4,4,8,4,5,2,17,2,50,2,9,6,5,7,20,8,20,10,16,,67,,1,22,121.585708,25.0457984
113,12,11,11,10,2,04大安區,大安區溫州街12巷24弄與溫州街12巷口,0,0,1,1,B01,8,5,5,30,3,2,1,5,4,5,13,4,4,10,5,5,1,14,1,51,3,10,7,1,7,2,1,7,2,3,,12,,1,21,121.5317926,25.0257953
113,12,11,11,10,2,04大安區,大安區溫州街12巷24弄與溫州街12巷口,0,0,1,2,C03,8,5,5,30,3,2,1,5,4,5,13,4,4,10,5,5,1,14,1,43,2,9,6,1,7,14,1,10,2,11,,44,,1,21,121.5317926,25.0257953
113,12,11,11,19,2,05中正區,中正區南昌路1段153號,0,0,1,1,C03,8,6,5,50,14,9,1,5,4,5,13,4,4,9,5,5,2,16,2,44,2,7,6,1,7,11,1,10,1,14,,10,,1,21,121.5186544,25.0292914
113,12,11,11,19,2,05中正區,中正區南昌路1段153號,0,0,1,2,C03,8,6,5,50,14,9,1,5,4,5,13,4,4,9,5,5,2,16,1,32,3,10,5,1,7,4,1,10,1,12,,13,,1,21,121.5186544,25.0292914
113,12,11,11,28,2,04大安區,大安區延吉街97巷5號(廢鐵道),0,0,1,1,B12,8,7,5,30,14,9,1,5,4,5,12,4,4,1,4,4,2,12,1,46,3,10,3,4,7,14,1,8,11,8,,38,,1,21,121.5552783,25.0433781
113,12,11,11,28,2,04大安區,大安區延吉街97巷5號(廢鐵道),0,0,1,2,C03,8,7,5,30,14,9,1,5,4,5,12,4,4,1,4,4,2,12,1,40,2,7,3,4,7,9,1,10,1,11,,108,,1,21,121.5552783,25.0433781
113,12,11,11,30,2,12內湖區,內湖區瑞光路280號與江南街口,0,0,1,1,B03,8,7,5,50,3,1,1,5,4,5,13,2,1,5,4,5,1,16,1,60,3,10,7,1,7,5,1,8,2,2,,8,,1,21,121.575484,25.0760036
113,12,11,11,30,2,12內湖區,內湖區瑞光路280號與江南街口,0,0,1,2,C03,8,7,5,50,3,1,1,5,4,5,13,2,1,5,4,5,1,16,1,31,2,9,5,1,7,9,1,10,2,11,,44,,1,21,121.575484,25.0760036
113,12,11,11,34,2,06松山區,松山區民權東路3段181號,0,0,3,1,C03,8,5,5,50,14,9,1,5,4,5,13,2,1,1,3,5,2,13,1,24,2,8,5,1,7,9,1,10,2,11,,16,,1,21,121.5482367,25.0620849
113,12,11,11,34,2,06松山區,松山區民權東路3段181號,0,0,3,2,C03,8,5,5,50,14,9,1,5,4,5,13,2,1,1,3,5,2,13,1,28,2,9,5,1,7,14,1,10,2,13,,44,,1,29,121.5482367,25.0620849
113,12,11,11,34,2,06松山區,松山區民權東路3段181號,0,0,3,3,H02,8,5,5,50,14,9,1,5,4,5,13,2,1,1,3,5,2,13,2,56,2,9,5,5,7,20,8,20,10,17,,67,,1,22,121.5482367,25.0620849
113,12,11,12,2,2,04大安區,大安區永康街與潮州街口,0,0,1,1,B01,8,5,5,30,4,1,1,5,4,5,13,4,4,10,5,5,2,15,1,42,3,10,7,1,7,9,1,2,1,1,,72,,1,21,121.5296071,25.0283875
113,12,11,12,2,2,04大安區,大安區永康街與潮州街口,0,0,1,2,C03,8,5,5,30,4,1,1,5,4,5,13,4,4,10,5,5,2,15,1,69,2,9,6,1,7,9,1,10,1,12,,44,,1,21,121.5296071,25.0283875
113,12,11,12,5,2,05中正區,中正區三元街與寧波西街口,0,0,1,1,C03,8,7,5,40,4,4,1,5,4,5,13,1,1,1,4,4,2,12,1,36,3,10,5,4,7,7,1,10,1,13,,100,,1,21,121.511273,25.0279751
113,12,11,12,5,2,05中正區,中正區三元街與寧波西街口,0,0,1,2,C03,8,7,5,40,4,4,1,5,4,5,13,1,1,1,4,4,2,12,1,18,2,9,5,4,7,9,1,10,1,11,,107,,1,21,121.511273,25.0279751
113,12,11,12,30,2,04大安區,大安區新生南路3段76巷與溫州街74巷3弄口,0,0,1,1,B01,8,6,5,20,4,1,1,5,4,3,10,4,4,10,5,5,2,15,1,48,3,10,7,1,7,9,1,2,1,1,,72,,1,21,121.5322803,25.0192952
113,12,11,12,30,2,04大安區,大安區新生南路3段76巷與溫州街74巷3弄口,0,0,1,2,C03,8,6,5,20,4,1,1,5,4,3,10,4,4,10,5,5,2,15,1,23,2,7,5,1,7,9,1,10,1,12,,13,,1,21,121.5322803,25.0192952
113,12,11,13,57,2,09北投區,北投區北投路2段與大業路口(東北角）,0,0,1,1,B03,8,6,5,50,5,1,1,5,4,5,13,1,1,1,5,5,2,16,1,51,3,10,7,1,7,6,1,8,2,2,,71,,1,26,121.496466,25.1346414
113,12,11,13,57,2,09北投區,北投區北投路2段與大業路口(東北角）,0,0,1,2,C03,8,6,5,50,5,1,1,5,4,5,13,1,1,1,5,5,2,16,2,59,2,9,6,1,7,9,1,10,2,14,,44,,1,26,121.496466,25.1346414
113,12,11,14,12,2,04大安區,大安區復興南路1段與忠孝東路3段口,0,0,2,1,C03,8,7,5,50,14,9,1,5,4,5,13,2,1,1,4,5,2,13,1,24,2,9,3,4,7,9,1,10,1,11,,108,,1,21,121.5436797,25.0416011
113,12,11,14,12,2,04大安區,大安區復興南路1段與忠孝東路3段口,0,0,2,2,C03,8,7,5,50,14,9,1,5,4,5,13,2,1,1,4,5,2,13,1,77,2,9,3,4,7,8,1,10,1,13,,100,,1,21,121.5436797,25.0416011
113,12,11,14,22,2,03中山區,中山區民權東路3段39巷與龍江路331巷口,0,0,2,2,C03,7,5,5,30,4,1,1,5,4,5,13,4,4,9,5,5,2,15,1,63,2,8,3,4,7,9,1,10,1,11,,44,,1,21,121.5425545,25.06271908
113,12,11,14,22,2,03中山區,中山區民權東路3段39巷與龍江路331巷口,0,0,2,1,B03,7,5,5,30,4,1,1,5,4,5,13,4,4,9,5,5,2,15,1,30,3,10,3,4,7,9,1,8,1,4,,72,,1,21,121.5425545,25.06271908
113,12,11,14,22,2,03中山區,中山區民權東路3段39巷與龍江路331巷口,0,0,2,3,H02,7,5,5,30,4,1,1,5,4,5,13,4,4,9,5,5,2,15,2,61,2,6,3,5,7,20,8,20,10,16,,67,,1,21,121.5425545,25.06271908
113,12,11,14,28,2,08士林區,士林區中山北路6段785號,0,0,1,1,B03,8,7,5,50,14,9,1,5,4,5,13,4,4,1,5,5,2,17,1,58,3,10,7,1,7,1,1,8,1,8,,19,,1,21,121.5285938,25.11652525
113,12,11,14,28,2,08士林區,士林區中山北路6段785號,0,0,1,2,C03,8,7,5,50,14,9,1,5,4,5,13,4,4,1,5,5,2,17,2,64,2,2,6,1,7,9,1,10,1,11,,44,,1,21,121.5285938,25.11652525
113,12,11,14,29,2,03中山區,中山區長春路187號,0,0,1,1,H01,8,7,5,50,14,9,1,5,4,5,13,4,4,9,4,5,2,3,2,57,3,10,4,5,8,16,8,20,10,16,,121,,1,21,121.5377391,25.0547882
113,12,11,14,29,2,03中山區,中山區長春路187號,0,0,1,3,H01,8,7,5,50,14,9,1,5,4,5,13,4,4,9,4,5,2,3,1,73,3,10,4,5,8,16,8,20,10,16,,121,,1,21,121.5377391,25.0547882
113,12,11,14,29,2,03中山區,中山區長春路187號,0,0,1,2,C03,8,7,5,50,14,9,1,5,4,5,13,4,4,9,4,5,2,3,1,58,2,9,5,1,7,9,1,10,1,14,,13,,1,21,121.5377391,25.0547882
113,12,11,14,42,2,07信義區,信義區環東大道下基隆路匝道與永吉路口,0,0,1,1,B03,7,6,5,40,5,2,1,5,4,5,13,2,1,1,4,5,2,17,4,0,,,,,,,,,,,,119,,2,,121.5672568,25.0457615
113,12,11,14,42,2,07信義區,信義區環東大道下基隆路匝道與永吉路口,0,0,1,2,C02,7,6,5,40,5,2,1,5,4,5,13,2,1,1,4,5,2,17,1,43,2,9,6,1,7,9,1,9,2,17,,44,,1,21,121.5672568,25.0457615
113,12,11,15,13,2,11南港區,南港區東新街與東新街64巷口,0,0,2,1,B03,7,6,5,50,4,2,1,5,4,5,13,1,1,5,5,5,2,3,1,25,3,10,3,1,7,5,1,8,2,1,,70,,1,21,121.5858793,25.04735
113,12,11,15,13,2,11南港區,南港區東新街與東新街64巷口,0,0,2,2,H01,7,6,5,50,4,2,1,5,4,5,13,1,1,5,5,5,2,3,1,92,2,9,4,5,8,16,8,20,10,16,,67,,1,21,121.5858793,25.04735