發生年度,發生月,發生日,發生時-Hours,發生分,處理別-編號,區序,肇事地點,死亡人數,2-30日死亡人數,受傷人數,當事人序號,車種,天候,道路照明設備,道路類別,速限-速度限制,道路型態,事故位置,路面狀況1,路面狀況2,路面狀況3,道路障礙1,道路障礙2,號誌1,號誌2,車道劃分-分向,車道劃分-分道1,車道劃分-分道2,車道劃分-分道3,事故類型及型態,性別,年齡,受傷程度,主要傷處,保護裝置,行動電話,車輛用途,當事者行動狀態,駕駛資格情形,駕駛執照種類,飲酒情形,車輛撞擊部位1,車輛撞擊部位2,肇因碼-個別,肇因碼-主要,個人肇逃否,職業,座標-X,座標-Y
113,12,11,15,13,2,11南港區,南港區東新街與東新街64巷口,0,0,2,3,H01,7,6,5,50,4,2,1,5,4,5,13,1,1,5,5,5,2,3,2,31,2,9,4,5,8,16,8,20,10,16,,67,,1,21,121.5858793,25.04735
113,12,11,16,18,2,03中山區,中山區民權東路1段與中山北路2段口,0,0,2,1,C03,7,5,5,50,4,1,1,5,4,5,13,1,1,1,4,5,2,16,1,31,2,7,3,4,7,6,1,10,1,13,,9,,1,21,121.5225668,25.06326567
113,12,11,16,18,2,03中山區,中山區民權東路1段與中山北路2段口,0,0,2,2,C03,7,5,5,50,4,1,1,5,4,5,13,1,1,1,4,5,2,16,1,38,2,8,3,4,7,9,1,10,1,14,,44,,1,21,121.5225668,25.06326567
113,12,11,16,23,2,05中正區,中正區重慶南路2段與南海路口,0,0,1,1,C03,8,7,5,50,4,1,1,5,4,5,13,1,1,1,4,5,2,16,2,24,3,10,5,4,7,5,1,10,1,13,,8,,1,21,121.5144063,25.0318893
113,12,11,16,23,2,05中正區,中正區重慶南路2段與南海路口,0,0,1,2,C03,8,7,5,50,4,1,1,5,4,5,13,1,1,1,4,5,2,16,1,37,2,9,5,4,7,9,1,10,1,11,,44,,1,21,121.5144063,25.0318893
113,12,11,16,25,2,05中正區,中正區羅斯福路4段68號,0,0,1,1,C03,8,6,5,50,14,9,1,5,4,5,13,1,1,1,4,5,1,12,1,25,2,8,6,1,7,8,1,10,1,12,,100,,1,21,121.5343811,25.014529
113,12,11,16,25,2,05中正區,中正區羅斯福路4段68號,0,0,1,2,C03,8,6,5,50,14,9,1,5,4,5,13,1,1,1,4,5,1,12,1,19,3,10,6,1,7,9,1,10,1,14,,44,,1,21,121.5343811,25.014529
113,12,11,16,27,2,06松山區,松山區八德路3段74巷14弄與八德路3段12巷51弄口,0,0,2,1,F01,7,5,5,30,4,1,1,5,4,5,13,4,4,5,5,5,2,15,1,59,2,9,4,1,7,9,8,20,2,12,,72,,1,21,121.5520221,25.046145
113,12,11,16,27,2,06松山區,松山區八德路3段74巷14弄與八德路3段12巷51弄口,0,0,2,2,C03,7,5,5,30,4,1,1,5,4,5,13,4,4,5,5,5,2,15,2,20,2,9,6,1,7,9,1,10,2,11,,44,,1,21,121.5520221,25.046145
113,12,11,16,42,2,04大安區,大安區金山南路2段與潮州街口,0,0,1,1,C03,8,5,5,50,4,2,1,5,4,5,13,2,1,8,3,5,1,16,1,32,2,7,5,1,7,5,1,10,2,12,,96,,1,23,121.5263916,25.028876
113,12,11,16,42,2,04大安區,大安區金山南路2段與潮州街口,0,0,1,2,C03,8,5,5,50,4,2,1,5,4,5,13,2,1,8,3,5,1,16,1,26,3,10,5,1,7,9,1,10,2,11,,44,,1,21,121.5263916,25.028876
113,12,11,16,47,2,07信義區,信義區忠孝東路5段71巷與永吉路30巷148弄口,0,0,2,1,C03,7,5,5,30,4,1,1,5,4,5,13,4,4,5,5,5,2,15,1,55,2,7,5,1,7,9,1,10,1,14,,72,,1,21,121.5673691,25.0427663
113,12,11,16,47,2,07信義區,信義區忠孝東路5段71巷與永吉路30巷148弄口,0,0,2,2,C03,7,5,5,30,4,1,1,5,4,5,13,4,4,5,5,5,2,15,1,55,2,9,5,1,7,9,1,10,1,11,,14,,1,21,121.5673691,25.0427663
113,12,11,17,5,2,01大同區,大同區鄭州路與西寧北路口,0,0,1,1,B03,7,6,5,40,4,1,1,5,4,5,13,2,1,8,3,5,1,16,1,27,3,10,3,4,7,9,1,8,2,5,,99,,1,21,121.5082115,25.05045706
113,12,11,17,5,2,01大同區,大同區鄭州路與西寧北路口,0,0,1,2,C03,7,6,5,40,4,1,1,5,4,5,13,2,1,8,3,5,1,16,1,31,2,2,6,4,7,5,1,10,2,14,,8,,1,21,121.5082115,25.05045706
113,12,11,17,13,2,02萬華區,萬華區寶興街與萬大路424巷口,0,0,1,1,B12,8,7,5,50,4,2,1,5,4,5,13,2,1,9,4,5,2,13,1,43,3,10,7,1,7,9,1,8,1,5,,108,,1,21,121.4959874,25.02136529
113,12,11,17,13,2,02萬華區,萬華區寶興街與萬大路424巷口,0,0,1,2,C03,8,7,5,50,4,2,1,5,4,5,13,2,1,9,4,5,2,13,2,50,2,8,6,1,7,14,1,10,1,13,,44,,1,21,121.4959874,25.02136529
113,12,11,17,14,1,05中正區,中正區水源路173號,1,0,1,1,C03,8,5,5,50,14,9,1,5,4,5,13,4,4,10,4,5,2,29,1,57,1,9,5,1,7,7,1,10,9,11,,108,,1,21,121.5140692,25.0241037
113,12,11,17,14,1,05中正區,中正區水源路173號,1,0,1,2,,8,5,5,50,14,9,1,5,4,5,13,4,4,10,4,5,2,29,3,,,,,,,,,,,,,67,,1,,121.5140692,25.0241037
113,12,11,17,14,1,05中正區,中正區水源路173號,1,0,1,3,B03,8,5,5,50,14,9,1,5,4,5,13,4,4,10,4,5,2,29,1,47,3,10,7,1,7,7,1,8,2,17,,100,,1,21,121.5140692,25.0241037
113,12,11,17,14,1,05中正區,中正區水源路173號,1,0,1,4,H02,8,5,5,50,14,9,1,5,4,5,13,4,4,10,4,5,2,29,2,46,2,9,5,5,7,20,8,20,10,16,,67,,1,21,121.5140692,25.0241037
113,12,11,17,15,2,12內湖區,內湖區康寧路3段245巷與五分街14巷口,0,0,1,1,F01,7,5,6,50,3,1,1,5,4,5,13,4,4,5,5,5,2,12,1,18,3,10,2,1,7,5,8,20,2,13,,8,,1,16,121.6133813,25.0663223
113,12,11,17,15,2,12內湖區,內湖區康寧路3段245巷與五分街14巷口,0,0,1,2,C03,7,5,6,50,3,1,1,5,4,5,13,4,4,5,5,5,2,12,1,36,2,9,6,1,7,9,1,10,2,11,,44,,1,22,121.6133813,25.0663223
113,12,11,17,26,2,06松山區,松山區民生東路5段與民生東路5段36巷口,0,0,1,1,A02,8,5,5,50,14,9,1,5,4,5,13,1,1,1,3,5,2,9,1,60,3,10,3,1,7,9,1,2,1,17,,44,,1,26,121.5568563,25.0584141
113,12,11,17,26,2,06松山區,松山區民生東路5段與民生東路5段36巷口,0,0,1,2,H02,8,5,5,50,14,9,1,5,4,5,13,1,1,1,3,5,2,9,2,76,2,8,3,5,7,20,8,20,10,17,,67,,1,22,121.5568563,25.0584141
113,12,11,17,30,2,12內湖區,內湖區成功路2段與成功路2段312巷口,0,0,1,1,C03,8,5,5,50,14,9,1,5,4,5,13,4,4,1,4,5,2,17,1,29,2,8,6,1,7,9,1,9,1,12,,116,,1,21,121.590625,25.06686062
113,12,11,17,30,2,12內湖區,內湖區成功路2段與成功路2段312巷口,0,0,1,2,A02,8,5,5,50,14,9,1,5,4,5,13,4,4,1,4,5,2,17,1,60,3,10,7,1,7,7,1,1,9,17,,80,,1,21,121.590625,25.06686062
113,12,11,17,37,2,02萬華區,萬華區東園街91號,0,0,2,1,F01,7,5,6,50,14,9,1,5,4,5,13,4,4,9,5,5,2,16,1,75,2,9,4,1,7,5,8,20,1,12,,8,,1,21,121.4966418,25.0255706
113,12,11,17,37,2,02萬華區,萬華區東園街91號,0,0,2,2,C03,7,5,6,50,14,9,1,5,4,5,13,4,4,9,5,5,2,16,2,33,2,9,6,1,7,9,1,10,1,11,,44,,1,21,121.4966418,25.0255706
113,12,11,17,40,2,12內湖區,內湖區成功路3段與陽光街口,0,0,1,1,B03,7,5,5,50,4,1,1,5,4,5,13,1,1,5,5,5,2,17,1,47,3,10,7,1,7,6,1,8,1,5,,9,,1,21,121.589883,25.0774022
113,12,11,17,40,2,12內湖區,內湖區成功路3段與陽光街口,0,0,1,2,C03,7,5,5,50,4,1,1,5,4,5,13,1,1,5,5,5,2,17,2,31,2,8,5,1,7,9,1,10,1,14,,44,,1,21,121.589883,25.0774022
113,12,11,17,41,2,03中山區,中山區樂群三路58號,0,0,1,1,B03,8,7,5,50,14,9,1,5,4,5,13,4,4,9,5,5,2,17,2,56,3,10,7,1,7,1,1,8,1,1,,19,,1,21,121.5534992,25.08263838
113,12,11,17,41,2,03中山區,中山區樂群三路58號,0,0,1,2,C03,8,7,5,50,14,9,1,5,4,5,13,4,4,9,5,5,2,17,1,44,2,9,6,1,7,9,1,10,1,12,,44,,1,21,121.5534992,25.08263838
113,12,11,17,44,2,10文山區,文山區三福街4巷(0703106燈桿),0,0,1,1,B03,8,5,5,30,14,9,1,5,4,5,13,4,4,10,5,5,2,17,2,47,3,10,7,1,7,13,1,8,1,4,,40,,1,21,121.5428191,24.99646241
113,12,11,17,44,2,10文山區,文山區三福街4巷(0703106燈桿),0,0,1,2,F01,8,5,5,30,14,9,1,5,4,5,13,4,4,10,5,5,2,17,1,14,2,9,4,1,7,9,8,20,1,11,,29,,1,15,121.5428191,24.99646241
113,12,11,17,45,2,05中正區,中正區濟南路2段與忠孝東路2段134巷口,0,0,1,1,C04,7,5,6,50,4,1,1,5,4,5,13,4,4,10,5,5,2,17,2,67,2,9,5,1,7,5,1,8,2,12,,74,,1,21,121.5316351,25.040258
113,12,11,17,45,2,05中正區,中正區濟南路2段與忠孝東路2段134巷口,0,0,1,2,B03,7,5,6,50,4,1,1,5,4,5,13,4,4,10,5,5,2,17,2,39,3,10,7,1,7,9,1,8,2,8,,44,,1,21,121.5316351,25.040258
113,12,11,17,48,2,11南港區,南港區市民大道8段與興中路口,0,0,1,1,C03,7,5,5,50,4,2,1,5,4,5,13,2,1,5,2,5,2,17,1,19,3,10,6,1,7,11,1,10,1,14,,103,,1,21,121.6076217,25.05335291
113,12,11,17,48,2,11南港區,南港區市民大道8段與興中路口,0,0,1,2,C03,7,5,5,50,4,2,1,5,4,5,13,2,1,5,2,5,2,17,1,39,2,9,6,1,7,5,1,10,1,12,,44,,1,21,121.6076217,25.05335291
113,12,11,18,10,2,06松山區,松山區長安東路2段259號,0,0,2,1,H01,7,5,5,30,14,9,1,5,4,5,13,4,4,10,5,5,2,6,1,21,2,9,4,5,8,18,8,20,10,16,,121,,1,21,121.5461815,25.04862279
113,12,11,18,10,2,06松山區,松山區長安東路2段259號,0,0,2,2,C03,7,5,5,30,14,9,1,5,4,5,13,4,4,10,5,5,2,6,2,39,2,9,6,1,7,9,1,10,2,11,,44,,1,21,121.5461815,25.04862279
113,12,11,18,10,2,06松山區,松山區長安東路2段259號,0,0,2,3,C03,7,5,5,30,14,9,1,5,4,5,13,4,4,10,5,5,2,6,3,38,,,,,,,,,,,,67,,1,,121.5461815,25.04862279
113,12,11,18,18,2,03中山區,中山區松江路133巷與南京東路2段115巷口,0,0,2,1,B03,8,5,5,30,4,1,1,5,4,5,13,4,4,9,5,5,2,17,1,49,3,10,7,1,7,9,1,4,2,4,,72,,1,21,121.5336441,25.0543585
113,12,11,18,18,2,03中山區,中山區松江路133巷與南京東路2段115巷口,0,0,2,2,C03,8,5,5,30,4,1,1,5,4,5,13,4,4,9,5,5,2,17,2,55,2,9,5,1,7,9,1,10,2,11,,44,,1,21,121.5336441,25.0543585
113,12,11,18,18,2,03中山區,中山區松江路133巷與南京東路2段115巷口,0,0,2,3,H02,8,5,5,30,4,1,1,5,4,5,13,4,4,9,5,5,2,17,2,52,2,9,5,5,7,20,8,20,10,16,,67,,1,21,121.5336441,25.0543585
113,12,11,18,20,2,08士林區,士林區中正路與福林路口,0,0,1,1,C03,8,5,5,50,4,1,1,5,4,5,13,1,1,10,5,5,1,16,1,21,2,9,5,1,7,6,1,10,1,12,,9,,1,21,121.5318945,25.0964186
113,12,11,18,20,2,08士林區,士林區中正路與福林路口,0,0,1,2,C03,8,5,5,50,4,1,1,5,4,5,13,1,1,10,5,5,1,16,1,18,3,10,5,1,7,9,1,10,1,14,,44,,1,21,121.5318945,25.0964186
113,12,11,18,30,2,05中正區,中正區中山南路與青島西路口,0,0,2,1,C03,8,5,5,50,14,9,1,5,4,5,13,4,4,5,4,5,2,17,1,18,2,9,6,1,7,1,1,10,1,12,,19,,1,21,121.5186299,25.0446689
113,12,11,18,30,2,05中正區,中正區中山南路與青島西路口,0,0,2,2,C03,8,5,5,50,14,9,1,5,4,5,13,4,4,5,4,5,2,17,2,32,2,8,6,1,7,6,1,10,1,14,,44,,1,21,121.5186299,25.0446689
113,12,11,18,30,2,11南港區,南港區玉成街與中坡北路50巷口,0,0,1,1,B03,7,5,5,50,3,1,1,5,4,5,13,1,1,5,5,5,2,15,2,62,3,10,3,1,7,9,1,8,1,1,,81,,1,21,121.5823478,25.0470599
113,12,11,18,30,2,11南港區,南港區玉成街與中坡北路50巷口,0,0,1,2,C03,7,5,5,50,3,1,1,5,4,5,13,1,1,5,5,5,2,15,1,54,2,9,5,1,7,14,1,10,1,13,,44,,1,21,121.5823478,25.0470599
113,12,11,18,30,2,11南港區,南港區玉成街與中坡北路50巷口,0,0,1,3,B03,7,5,5,50,3,1,1,5,4,5,13,1,1,5,5,5,2,15,1,31,3,10,3,1,7,9,1,8,1,1,,44,,1,21,121.5823478,25.0470599
113,12,11,18,48,2,09北投區,北投區中央北路2段與中央北路2段350巷口,0,0,2,1,C03,7,5,5,50,3,1,1,5,4,5,13,1,1,4,4,5,2,16,1,73,2,8,5,1,7,5,1,10,2,13,,74,,1,22,121.4882805,25.1384664
113,12,11,18,48,2,09北投區,北投區中央北路2段與中央北路2段350巷口,0,0,2,2,B03,7,5,5,50,3,1,1,5,4,5,13,1,1,4,4,5,2,16,1,30,3,10,7,1,7,9,1,8,2,5,,13,,1,22,121.4882805,25.1384664
113,12,11,18,48,2,09北投區,北投區中央北路2段與中央北路2段350巷口,0,0,2,3,H02,7,5,5,50,3,1,1,5,4,5,13,1,1,4,4,5,2,16,2,14,2,8,5,5,7,20,8,20,10,16,,67,,1,22,121.4882805,25.1384664
113,12,11,18,52,2,09北投區,北投區建民路125巷27號,0,0,2,1,C03,8,5,5,30,14,9,1,5,4,5,13,4,4,10,5,5,2,16,1,44,2,7,5,1,7,5,6,10,1,14,,14,,1,21,121.5130981,25.10609969
113,12,11,18,52,2,09北投區,北投區建民路125巷27號,0,0,2,2,C03,8,5,5,30,14,9,1,5,4,5,13,4,4,10,5,5,2,16,2,46,2,8,5,1,7,9,1,10,1,11,,80,,1,21,121.5130981,25.10609969
113,12,11,18,55,2,09北投區,北投區大興街24巷與大興街24巷6弄口,0,0,1,1,B03,7,5,5,30,4,1,1,5,4,5,13,4,4,10,5,5,2,17,1,54,3,10,7,1,7,9,1,8,1,4,,72,,1,22,121.4986121,25.12939233
113,12,11,18,55,2,09北投區,北投區大興街24巷與大興街24巷6弄口,0,0,1,2,C03,7,5,5,30,4,1,1,5,4,5,13,4,4,10,5,5,2,17,2,45,2,8,6,1,7,9,1,10,1,11,,14,,1,22,121.4986121,25.12939233
113,12,11,19,18,2,03中山區,中山區合江街與合江街58巷口,0,0,1,1,F01,7,5,5,0,4,1,1,5,4,5,13,4,4,4,5,5,1,11,1,12,2,8,2,4,7,15,8,20,1,12,,71,,1,21,121.5391073,25.05577525
113,12,11,19,18,2,03中山區,中山區合江街與合江街58巷口,0,0,1,2,C04,7,5,5,0,4,1,1,5,4,5,13,4,4,4,5,5,1,11,1,32,3,10,3,4,7,9,1,10,1,11,,44,,1,21,121.5391073,25.05577525
113,12,11,19,20,2,05中正區,中正區博愛路與愛國西路口,0,0,2,1,B03,7,5,5,50,4,1,1,5,4,5,13,1,1,1,4,5,2,17,1,31,3,10,7,1,7,6,1,8,2,2,,9,,1,21,121.5108453,25.0359437
113,12,11,19,20,2,05中正區,中正區博愛路與愛國西路口,0,0,2,2,C03,7,5,5,50,4,1,1,5,4,5,13,1,1,1,4,5,2,17,1,30,2,8,5,1,7,9,1,10,2,11,,44,,1,21,121.5108453,25.0359437
113,12,11,19,20,2,05中正區,中正區博愛路與愛國西路口,0,0,2,3,C03,7,5,5,50,4,1,1,5,4,5,13,1,1,1,4,5,2,17,1,24,2,9,5,1,7,9,1,10,2,12,,44,,1,21,121.5108453,25.0359437
113,12,11,19,20,2,09北投區,北投區尊賢街302巷與石牌路1段39巷口,0,0,1,1,C03,8,5,5,30,4,1,1,5,4,5,13,4,4,10,5,5,2,15,2,67,2,9,5,1,7,9,1,10,1,14,,72,,1,21,121.5085808,25.11809763
113,12,11,19,20,2,09北投區,北投區尊賢街302巷與石牌路1段39巷口,0,0,1,2,C03,8,5,5,30,4,1,1,5,4,5,13,4,4,10,5,5,2,15,1,54,3,10,5,1,7,9,1,10,1,11,,44,,1,21,121.5085808,25.11809763
113,12,11,19,49,2,02萬華區,萬華區西園路1段與大理街口,0,0,1,1,B01,8,6,5,30,4,1,1,5,4,5,13,4,4,9,5,5,2,15,1,64,3,10,3,4,7,9,1,4,1,2,,72,,1,21,121.4993791,25.0344708
113,12,11,19,49,2,02萬華區,萬華區西園路1段與大理街口,0,0,1,2,C03,8,6,5,30,4,1,1,5,4,5,13,4,4,9,5,5,2,15,2,62,2,9,5,1,7,9,1,10,1,12,,44,,1,22,121.4993791,25.0344708
113,12,11,20,11,2,08士林區,士林區承德路5段與承德路5段150巷口,0,0,2,1,C03,8,5,5,50,4,2,1,5,4,5,13,1,1,10,4,4,1,17,1,46,3,10,6,1,7,9,1,10,2,14,,44,,1,21,121.5132082,25.09774737
113,12,11,20,11,2,08士林區,士林區承德路5段與承德路5段150巷口,0,0,2,3,C03,8,5,5,50,4,2,1,5,4,5,13,1,1,10,4,4,1,17,1,55,3,10,6,1,7,9,1,10,2,11,,13,,1,21,121.5132082,25.09774737
113,12,11,20,11,2,08士林區,士林區承德路5段與承德路5段150巷口,0,0,2,2,C03,8,5,5,50,4,2,1,5,4,5,13,1,1,10,4,4,1,17,1,61,2,8,6,1,7,9,1,10,2,11,,108,,1,21,121.5132082,25.09774737
113,12,11,20,11,2,08士林區,士林區承德路5段與承德路5段150巷口,0,0,2,4,C03,8,5,5,50,4,2,1,5,4,5,13,1,1,10,4,4,1,17,1,30,2,8,6,1,7,9,1,10,2,13,,42,,1,21,121.5132082,25.09774737
113,12,11,20,36,2,11南港區,南港區南湖大橋(南向北),0,0,1,1,C03,7,5,5,50,8,7,1,5,4,5,13,4,4,2,4,4,1,18,1,14,2,9,3,4,7,9,2,18,1,14,,44,,1,15,121.6133753,25.0617915
113,12,11,20,36,2,11南港區,南港區南湖大橋(南向北),0,0,1,2,,7,5,5,50,8,7,1,5,4,5,13,4,4,2,4,4,1,18,3,0,,,,,,,,,,,,67,,1,,121.6133753,25.0617915
113,12,11,21,6,2,09北投區,北投區中央北路2段與稻香路口,0,0,1,1,B03,8,5,5,50,14,9,1,5,4,5,13,1,1,9,4,5,2,17,1,54,3,10,7,1,7,5,1,8,1,2,,80,,1,21,121.4943348,25.13806585
113,12,11,21,6,2,09北投區,北投區中央北路2段與稻香路口,0,0,1,2,C03,8,5,5,50,14,9,1,5,4,5,13,1,1,9,4,5,2,17,1,21,2,9,5,1,7,12,1,10,1,11,,13,,1,21,121.4943348,25.13806585
113,12,11,21,32,2,06松山區,松山區撫遠街451號,0,0,1,1,B03,7,6,5,50,14,9,1,5,4,5,13,4,4,1,3,4,2,17,1,54,3,10,3,4,7,6,1,8,1,17,,118,,1,21,121.5646557,25.07066456
113,12,11,21,32,2,06松山區,松山區撫遠街451號,0,0,1,2,C03,7,6,5,50,14,9,1,5,4,5,13,4,4,1,3,4,2,17,2,25,2,9,6,1,7,12,1,9,1,12,,118,,1,21,121.5646557,25.07066456
113,12,11,21,43,2,05中正區,中正區重慶南路2段與南海路口,0,0,1,1,B03,8,5,5,50,5,1,1,5,4,5,13,1,1,10,4,5,2,17,1,37,3,10,7,1,7,9,1,8,1,5,,86,,1,21,121.5143511,25.031841
113,12,11,21,43,2,05中正區,中正區重慶南路2段與南海路口,0,0,1,2,C03,8,5,5,50,5,1,1,5,4,5,13,1,1,10,4,5,2,17,1,36,2,9,5,1,7,5,1,10,1,14,,44,,1,21,121.5143511,25.031841
113,12,11,21,50,2,08士林區,士林區華齡街與福港街259巷口,0,0,1,1,B12,7,5,5,50,3,2,1,5,4,5,13,4,4,9,5,5,2,3,1,30,3,10,7,1,7,5,1,8,2,1,,42,,1,22,121.5193752,25.08412468
113,12,11,21,50,2,08士林區,士林區華齡街與福港街259巷口,0,0,1,2,H01,7,5,5,50,3,2,1,5,4,5,13,4,4,9,5,5,2,3,2,28,2,8,4,5,8,16,8,20,10,16,,67,,1,22,121.5193752,25.08412468
113,12,11,22,1,2,01大同區,大同區民生西路159號,0,0,1,1,C03,7,5,5,50,14,9,1,5,4,5,13,4,4,5,2,5,2,17,1,28,3,10,5,1,7,9,1,10,1,11,,44,,1,21,121.5176605,25.05727673
113,12,11,22,1,2,01大同區,大同區民生西路159號,0,0,1,2,C03,7,5,5,50,14,9,1,5,4,5,13,4,4,5,2,5,2,17,2,25,2,9,5,1,7,9,1,10,1,14,,44,,1,21,121.5176605,25.05727673
113,12,11,22,1,2,01大同區,大同區民生西路159號,0,0,1,3,H01,7,5,5,50,14,9,1,5,4,5,13,4,4,5,2,5,2,17,2,66,3,10,4,5,8,16,8,20,10,16,,121,,1,21,121.5176605,25.05727673
113,12,11,23,15,2,03中山區,中山區民權東路2段與松江路口,0,0,1,1,C03,7,5,5,50,14,9,1,5,4,5,13,2,1,8,3,5,1,17,1,28,3,10,5,1,7,9,1,10,1,11,,108,,1,21,121.5335552,25.0625513
113,12,11,23,15,2,03中山區,中山區民權東路2段與松江路口,0,0,1,2,C03,7,5,5,50,14,9,1,5,4,5,13,2,1,8,3,5,1,17,2,30,2,9,5,1,7,14,1,10,1,13,,44,,1,21,121.5335552,25.0625513
113,12,12,2,47,2,03中山區,中山區中山北路2段42巷無名巷,0,0,1,1,B01,8,5,5,30,4,1,1,5,4,5,13,4,4,10,5,5,2,15,1,48,3,10,7,1,7,9,1,4,1,5,,72,,1,22,121.5216688,25.0546368
113,12,12,2,47,2,03中山區,中山區中山北路2段42巷無名巷,0,0,1,2,C03,8,5,5,30,4,1,1,5,4,5,13,4,4,10,5,5,2,15,2,25,2,9,5,1,7,9,1,10,1,14,,14,,1,22,121.5216688,25.0546368
113,12,12,4,30,2,03中山區,中山區林森北路518號,0,0,1,1,C03,7,5,5,50,14,9,1,5,4,5,13,1,1,9,4,5,2,17,1,23,3,10,5,1,7,1,1,10,1,14,,19,,1,21,121.5255682,25.062359
113,12,12,4,30,2,03中山區,中山區林森北路518號,0,0,1,2,C03,7,5,5,50,14,9,1,5,4,5,13,1,1,9,4,5,2,17,1,32,2,8,5,1,7,9,6,18,1,11,,42,,1,21,121.5255682,25.062359
113,12,12,5,40,2,08士林區,士林區承德路5段監理站,0,0,1,1,B03,8,5,5,50,14,8,1,5,4,5,13,4,4,1,4,3,1,17,1,65,3,10,7,1,7,8,1,8,1,3,,100,,1,21,121.5145451,25.09415152
113,12,12,5,40,2,08士林區,士林區承德路5段監理站,0,0,1,2,C03,8,5,5,50,14,8,1,5,4,5,13,4,4,1,4,3,1,17,1,52,2,9,5,1,7,9,1,10,1,11,,44,,1,21,121.5145451,25.09415152
113,12,12,5,40,2,08士林區,士林區承德路5段監理站,0,0,1,3,B01,8,5,5,50,14,8,1,5,4,5,13,4,4,1,4,3,1,17,1,51,3,10,7,4,7,15,1,8,1,3,,44,,1,21,121.5145451,25.09415152
113,12,12,6,1,2,02萬華區,萬華區堤外便道與長順街口口水門,0,0,1,1,B02,7,5,5,40,4,1,1,5,4,5,13,2,1,5,5,5,2,3,1,53,3,10,7,1,7,5,1,4,1,1,,70,,1,21,121.4885456,25.0325146
113,12,12,6,1,2,02萬華區,萬華區堤外便道與長順街口口水門,0,0,1,2,H01,7,5,5,40,4,1,1,5,4,5,13,2,1,5,5,5,2,3,2,79,2,9,4,5,8,16,8,20,10,16,,67,,1,21,121.4885456,25.0325146
113,12,12,6,45,2,09北投區,北投區中央北路3段與中央北路3段40巷口,0,0,1,1,C03,7,6,5,50,3,1,1,5,4,5,13,1,1,5,4,5,1,17,1,31,3,10,5,1,7,9,1,10,1,11,,85,,1,21,121.4856532,25.1381971
113,12,12,6,45,2,09北投區,北投區中央北路3段與中央北路3段40巷口,0,0,1,2,C03,7,6,5,50,3,1,1,5,4,5,13,1,1,5,4,5,1,17,2,21,2,9,5,1,7,1,1,10,1,11,,19,,1,21,121.4856532,25.1381971
113,12,12,7,20,2,04大安區,大安區敦化南路1段187巷與忠孝東路4段181巷口,0,0,1,1,C03,7,6,5,30,4,1,1,5,4,5,13,4,4,10,5,5,2,15,1,32,2,8,6,1,7,9,1,10,1,11,,72,,1,21,121.5507668,25.0425724
113,12,12,7,20,2,04大安區,大安區敦化南路1段187巷與忠孝東路4段181巷口,0,0,1,2,B03,7,6,5,30,4,1,1,5,4,5,13,4,4,10,5,5,2,15,1,56,3,10,7,1,7,9,1,8,1,8,,44,,1,21,121.5507668,25.0425724
113,12,12,7,34,2,06松山區,松山區延壽街18巷與健康路325巷24弄口,0,0,1,1,B03,7,5,5,30,4,1,1,5,4,5,13,4,4,9,5,5,2,17,1,43,3,10,3,4,7,5,1,8,1,8,,75,,1,22,121.5687486,25.0565694
113,12,12,7,34,2,06松山區,松山區延壽街18巷與健康路325巷24弄口,0,0,1,2,C03,7,5,5,30,4,1,1,5,4,5,13,4,4,9,5,5,2,17,1,41,2,8,6,4,7,5,1,10,1,13,,14,,1,22,121.5687486,25.0565694
113,12,12,7,40,2,04大安區,大安區辛亥路3段330號(二殯前),0,0,1,1,B01,7,7,5,50,14,9,1,5,4,5,13,4,4,8,3,5,1,17,1,59,3,10,7,1,7,15,1,4,1,7,,17,,1,26,121.5525483,25.0143846
113,12,12,7,40,2,04大安區,大安區辛亥路3段330號(二殯前),0,0,1,2,C03,7,7,5,50,14,9,1,5,4,5,13,4,4,8,3,5,1,17,1,55,2,1,5,1,7,15,1,10,1,14,,17,,1,26,121.5525483,25.0143846
113,12,12,8,12,2,10文山區,文山區興隆路3段與興德路口,0,0,1,1,B01,7,6,5,50,14,9,1,5,4,5,13,2,1,1,4,5,2,12,1,58,3,10,7,1,7,1,1,3,2,8,,19,,1,21,121.5553273,25.0005802
113,12,12,8,12,2,10文山區,文山區興隆路3段與興德路口,0,0,1,2,A02,7,6,5,50,14,9,1,5,4,5,13,2,1,1,4,5,2,12,1,30,2,7,7,1,7,9,1,1,2,5,,44,,1,21,121.5553273,25.0005802
113,12,12,8,21,2,01大同區,大同區鄭州路與西寧北路口,0,0,2,1,C03,8,7,5,40,4,2,1,5,4,5,13,2,1,1,4,5,2,17,1,49,2,9,3,4,7,9,1,10,1,11,,13,,1,21,121.5082644,25.0506123
113,12,12,8,21,2,01大同區,大同區鄭州路與西寧北路口,0,0,2,2,C03,8,7,5,40,4,2,1,5,4,5,13,2,1,1,4,5,2,17,1,45,2,9,3,4,7,8,1,10,1,13,,101,,1,21,121.5082644,25.0506123