發生年度,發生月,發生日,發生時-Hours,發生分,處理別-編號,區序,肇事地點,死亡人數,2-30日死亡人數,受傷人數,當事人序號,車種,天候,道路照明設備,道路類別,速限-速度限制,道路型態,事故位置,路面狀況1,路面狀況2,路面狀況3,道路障礙1,道路障礙2,號誌1,號誌2,車道劃分-分向,車道劃分-分道1,車道劃分-分道2,車道劃分-分道3,事故類型及型態,性別,年齡,受傷程度,主要傷處,保護裝置,行動電話,車輛用途,當事者行動狀態,駕駛資格情形,駕駛執照種類,飲酒情形,車輛撞擊部位1,車輛撞擊部位2,肇因碼-個別,肇因碼-主要,個人肇逃否,職業,座標-X,座標-Y
113,12,12,8,30,2,03中山區,中山區民生東路2段與吉林路口,0,0,3,1,C03,7,7,5,50,4,1,2,5,4,5,13,1,1,5,4,5,2,17,1,54,2,8,3,4,7,8,3,18,1,12,,101,,1,21,121.5301626,25.0579312
113,12,12,8,30,2,03中山區,中山區民生東路2段與吉林路口,0,0,3,2,C03,7,7,5,50,4,1,2,5,4,5,13,1,1,5,4,5,2,17,1,45,2,8,3,4,7,9,1,10,1,14,,44,,1,21,121.5301626,25.0579312
113,12,12,8,30,2,03中山區,中山區民生東路2段與吉林路口,0,0,3,3,H02,7,7,5,50,4,1,2,5,4,5,13,1,1,5,4,5,2,17,2,53,2,9,3,5,7,20,8,20,10,16,,67,,1,21,121.5301626,25.0579312
113,12,12,8,45,2,02萬華區,萬華區桂林路244巷與桂林路242巷口,0,0,3,1,C03,8,6,5,50,5,1,1,5,4,5,13,1,1,1,5,5,2,12,1,22,2,9,6,1,7,9,1,10,1,12,,44,,1,25,121.4955445,25.03849312
113,12,12,8,45,2,02萬華區,萬華區桂林路244巷與桂林路242巷口,0,0,3,2,C03,8,6,5,50,5,1,1,5,4,5,13,1,1,1,5,5,2,12,1,53,2,9,5,1,7,7,1,10,1,14,,101,,1,26,121.4955445,25.03849312
113,12,12,8,45,2,02萬華區,萬華區桂林路244巷與桂林路242巷口,0,0,3,3,C03,8,6,5,50,5,1,1,5,4,5,13,1,1,1,5,5,2,12,1,31,2,9,6,1,7,9,1,10,1,12,,44,,1,26,121.4955445,25.03849312
113,12,12,8,58,2,09北投區,北投區東華街1段與建民路口,0,0,1,1,B03,7,5,5,30,3,1,1,5,4,5,13,4,4,9,4,5,2,17,1,42,3,10,7,1,7,6,1,8,1,7,,72,,1,21,121.5187194,25.1103105
113,12,12,8,58,2,09北投區,北投區東華街1段與建民路口,0,0,1,2,C03,7,5,5,30,3,1,1,5,4,5,13,4,4,9,4,5,2,17,1,26,2,9,5,1,7,9,1,10,1,12,,14,,1,21,121.5187194,25.1103105
113,12,12,9,7,2,06松山區,信義區基隆路汽機車混合地下道往北(上坡處滅火器旁),0,0,1,2,H03,7,5,5,30,7,9,1,5,4,5,13,4,4,10,2,5,2,9,1,34,2,8,4,5,8,17,8,20,2,16,,67,,1,23,121.5663206,25.03311878
113,12,12,9,7,2,06松山區,信義區基隆路汽機車混合地下道往北(上坡處滅火器旁),0,0,1,1,B03,7,5,5,30,7,9,1,5,4,5,13,4,4,10,2,5,2,9,4,25,,,,,,,,,,,,119,,2,,121.5663206,25.03311878
113,12,12,9,41,2,03中山區,中山區中山北路4段(圓山下坡道口),0,0,1,1,C03,7,5,5,50,14,9,1,5,4,5,13,1,1,7,4,4,2,13,1,30,2,9,3,4,7,9,1,10,1,11,,44,,1,21,121.5257338,25.0754098
113,12,12,9,41,2,03中山區,中山區中山北路4段(圓山下坡道口),0,0,1,2,B03,7,5,5,50,14,9,1,5,4,5,13,1,1,7,4,4,2,13,1,41,3,10,3,4,7,14,1,8,1,3,,44,,1,21,121.5257338,25.0754098
113,12,12,9,49,2,04大安區,大安區復興南路2段17號,0,0,1,1,B01,7,5,5,50,14,8,1,5,4,5,13,4,4,1,3,1,1,17,1,51,3,10,7,1,7,6,1,4,1,2,,9,,1,21,121.5437237,25.03225308
113,12,12,9,49,2,04大安區,大安區復興南路2段17號,0,0,1,2,C03,7,5,5,50,14,8,1,5,4,5,13,4,4,1,3,1,1,17,1,61,2,9,5,1,7,9,1,10,1,14,,44,,1,21,121.5437237,25.03225308
113,12,12,11,7,2,10文山區,文山區景興路與景興路85巷口口,0,0,1,1,B03,6,6,5,30,3,2,1,4,4,5,13,4,4,10,5,5,2,15,1,71,3,10,7,1,7,9,1,8,2,5,,44,,1,21,121.5448208,24.9960132
113,12,12,11,7,2,10文山區,文山區景興路與景興路85巷口口,0,0,1,2,F01,6,6,5,30,3,2,1,4,4,5,13,4,4,10,5,5,2,15,1,83,2,9,4,1,7,1,8,20,1,11,,19,,1,21,121.5448208,24.9960132
113,12,12,11,10,2,10文山區,文山區木柵路3段84號,0,0,2,1,H01,6,6,6,50,14,9,1,4,4,5,13,4,4,9,5,5,1,3,1,70,2,9,4,5,8,16,8,20,10,16,,121,,1,21,121.56683,24.9886081
113,12,12,11,10,2,10文山區,文山區木柵路3段84號,0,0,2,2,C04,6,6,6,50,14,9,1,4,4,5,13,4,4,9,5,5,1,3,1,19,2,8,5,1,7,9,1,10,1,11,,108,,1,21,121.56683,24.9886081
113,12,12,11,32,2,04大安區,大安區信義路4段與敦化南路2段口,0,0,1,1,B01,8,7,5,50,5,1,1,5,4,5,13,1,1,8,3,5,2,17,4,0,4,11,3,4,7,6,7,19,11,15,,119,,2,22,121.5490877,25.0331588
113,12,12,11,32,2,04大安區,大安區信義路4段與敦化南路2段口,0,0,1,2,C03,8,7,5,50,5,1,1,5,4,5,13,1,1,8,3,5,2,17,2,32,2,9,3,4,7,6,1,10,1,12,,42,,1,21,121.5490877,25.0331588
113,12,12,11,43,2,02萬華區,萬華區萬大路329巷與長泰街52巷口,0,0,1,1,C03,7,6,5,30,4,1,1,5,4,5,13,4,4,10,5,5,2,16,1,54,2,9,5,4,7,6,1,10,1,12,,72,,1,22,121.500739,25.0238612
113,12,12,11,43,2,02萬華區,萬華區萬大路329巷與長泰街52巷口,0,0,1,2,B03,7,6,5,30,4,1,1,5,4,5,13,4,4,10,5,5,2,16,1,65,3,10,3,4,7,9,1,8,1,17,,44,,1,22,121.500739,25.0238612
113,12,12,11,45,2,12內湖區,內湖區江南街71巷65弄與江南街65巷口,0,0,2,1,F01,7,5,5,30,4,2,1,5,4,5,13,4,4,4,1,5,1,12,1,84,2,8,3,4,7,15,8,20,1,14,,74,,1,21,121.579019,25.0762279
113,12,12,11,45,2,12內湖區,內湖區江南街71巷65弄與江南街65巷口,0,0,2,2,B03,7,5,5,30,4,2,1,5,4,5,13,4,4,4,1,5,1,12,1,49,2,3,3,4,7,9,1,8,1,2,,44,,1,21,121.579019,25.0762279
113,12,12,12,0,2,04大安區,大安區和平東路2段96巷與和平東路2段118巷6弄口口,0,0,1,1,C03,7,6,5,30,3,1,1,4,4,5,13,4,4,9,5,5,2,10,1,47,2,8,3,4,7,9,1,10,1,11,,107,,1,22,121.5415437,25.0240085
113,12,12,12,0,2,04大安區,大安區和平東路2段96巷與和平東路2段118巷6弄口口,0,0,1,2,B03,7,6,5,30,3,1,1,4,4,5,13,4,4,9,5,5,2,10,2,51,3,10,3,4,7,9,1,8,1,8,,44,,1,22,121.5415437,25.0240085
113,12,12,12,0,2,04大安區,大安區和平東路2段96巷與和平東路2段118巷6弄口口,0,0,1,3,F02,7,6,5,30,3,1,1,4,4,5,13,4,4,9,5,5,2,10,2,70,3,10,4,1,7,9,8,20,9,17,,72,,2,21,121.5415437,25.0240085
113,12,12,12,10,2,12內湖區,內湖區金龍路與內湖路3段141巷口,0,0,2,1,C03,7,6,5,50,4,1,1,5,4,5,13,2,1,5,4,5,2,16,2,24,2,9,6,1,7,11,1,9,1,11,,10,,1,21,121.5892188,25.086281
113,12,12,12,10,2,12內湖區,內湖區金龍路與內湖路3段141巷口,0,0,2,2,C03,7,6,5,50,4,1,1,5,4,5,13,2,1,5,4,5,2,16,1,19,2,8,6,1,7,9,1,10,1,11,,44,,1,21,121.5892188,25.086281
113,12,12,12,31,2,06松山區,松山區南京東路4段6號,0,0,1,1,B03,8,7,6,40,14,12,1,5,4,5,13,4,4,1,4,4,2,17,1,47,3,10,7,1,7,1,1,8,1,8,,19,,1,21,121.551579,25.0515806
113,12,12,12,31,2,06松山區,松山區南京東路4段6號,0,0,1,2,C03,8,7,6,40,14,12,1,5,4,5,13,4,4,1,4,4,2,17,1,42,2,9,6,1,7,9,1,10,1,11,,44,,1,21,121.551579,25.0515806
113,12,12,12,55,2,09北投區,北投區大業路與豐年路2段口北往南,0,0,1,1,B03,8,5,5,50,4,2,1,5,4,5,13,1,1,9,4,5,1,12,1,63,3,10,7,1,7,8,1,8,2,17,,101,,1,21,121.4963545,25.1347391
113,12,12,12,55,2,09北投區,北投區大業路與豐年路2段口北往南,0,0,1,2,B03,8,5,5,50,4,2,1,5,4,5,13,1,1,9,4,5,1,12,1,53,3,10,7,1,7,10,6,8,2,5,,102,,1,21,121.4963545,25.1347391
113,12,12,12,55,2,09北投區,北投區大業路與豐年路2段口北往南,0,0,1,3,C03,8,5,5,50,4,2,1,5,4,5,13,1,1,9,4,5,1,12,1,32,2,7,6,1,7,9,1,10,2,14,,44,,1,21,121.4963545,25.1347391
113,12,12,13,3,2,04大安區,大安區忠孝東路3段30號,0,0,1,1,B12,7,6,5,0,14,20,4,5,4,5,13,4,4,10,5,5,2,17,1,57,3,10,3,4,7,1,1,8,1,5,,19,,1,22,121.5349185,25.0418395
113,12,12,13,3,2,04大安區,大安區忠孝東路3段30號,0,0,1,2,F01,7,6,5,0,14,20,4,5,4,5,13,4,4,10,5,5,2,17,2,59,2,7,4,4,7,9,8,20,1,11,,99,,1,22,121.5349185,25.0418395
113,12,12,13,3,2,07信義區,信義區虎林街164巷與虎林街164巷60弄口,0,0,1,1,C03,6,6,5,30,4,1,1,4,4,3,10,4,4,10,5,5,2,15,1,42,2,7,6,1,7,9,1,10,2,11,,72,,1,21,121.5744744,25.0378417
113,12,12,13,3,2,07信義區,信義區虎林街164巷與虎林街164巷60弄口,0,0,1,2,B03,6,6,5,30,4,1,1,4,4,3,10,4,4,10,5,5,2,15,1,34,3,10,7,1,7,9,1,8,2,7,,44,,1,21,121.5744744,25.0378417
113,12,12,13,3,2,07信義區,信義區虎林街164巷與虎林街164巷60弄口,0,0,1,3,B03,6,6,5,30,4,1,1,4,4,3,10,4,4,10,5,5,2,15,1,47,3,10,7,1,7,14,1,8,9,17,,44,,1,21,121.5744744,25.0378417
113,12,12,13,19,2,05中正區,中正區羅斯福路2段與和平西路1段口,0,0,1,1,A12,7,7,5,50,4,1,1,5,4,5,13,1,1,1,4,5,2,17,1,52,3,10,7,1,7,6,1,7,1,6,,9,,1,22,121.5221038,25.0272737
113,12,12,13,19,2,05中正區,中正區羅斯福路2段與和平西路1段口,0,0,1,2,C03,7,7,5,50,4,1,1,5,4,5,13,1,1,1,4,5,2,17,2,20,2,9,5,1,7,9,1,10,1,11,,13,,1,22,121.5221038,25.0272737
113,12,12,13,19,2,05中正區,中正區羅斯福路2段與和平西路1段口,0,0,1,3,H02,7,7,5,50,4,1,1,5,4,5,13,1,1,1,4,5,2,17,2,19,4,11,5,5,7,20,8,20,10,16,,67,,1,22,121.5221038,25.0272737
113,12,12,13,24,2,09北投區,北投區自強街61巷與自強街31巷口,0,0,2,1,C03,8,6,5,30,4,1,1,5,4,5,13,4,4,10,5,5,2,15,2,47,2,9,6,1,7,9,1,10,2,14,,72,,1,26,121.5126582,25.1110912
113,12,12,13,24,2,09北投區,北投區自強街61巷與自強街31巷口,0,0,2,2,C03,8,6,5,30,4,1,1,5,4,5,13,4,4,10,5,5,2,15,1,29,2,8,6,1,7,9,1,10,2,11,,107,,1,26,121.5126582,25.1110912
113,12,12,14,2,2,03中山區,中山區松江路207號,0,0,1,1,B01,7,7,5,50,14,9,1,5,4,5,13,4,4,1,4,5,2,17,1,59,3,10,7,1,7,14,1,4,1,2,,38,,1,21,121.533183,25.0573595
113,12,12,14,2,2,03中山區,中山區松江路207號,0,0,1,3,H02,7,7,5,50,14,9,1,5,4,5,13,4,4,1,4,5,2,17,2,37,3,10,7,5,7,19,8,20,10,16,,126,,1,21,121.533183,25.0573595
113,12,12,14,2,2,03中山區,中山區松江路207號,0,0,1,2,C03,7,7,5,50,14,9,1,5,4,5,13,4,4,1,4,5,2,17,1,33,2,9,5,1,7,9,1,10,1,11,,44,,1,21,121.533183,25.0573595
113,12,12,14,25,2,05中正區,中正區中山南路與忠孝西路1段口,0,0,1,1,B02,7,6,5,50,4,2,1,5,4,5,13,1,1,1,4,5,2,16,1,34,3,10,7,1,7,7,1,8,1,4,,100,,1,22,121.5191424,25.0456375
113,12,12,14,25,2,05中正區,中正區中山南路與忠孝西路1段口,0,0,1,2,B03,7,6,5,50,4,2,1,5,4,5,13,1,1,1,4,5,2,16,1,46,3,10,7,1,7,14,1,8,1,7,,44,,1,22,121.5191424,25.0456375
113,12,12,14,25,2,05中正區,中正區中山南路與忠孝西路1段口,0,0,1,3,A02,7,6,5,50,4,2,1,5,4,5,13,1,1,1,4,5,2,16,1,42,3,10,7,1,7,9,1,2,1,5,,44,,1,26,121.5191424,25.0456375
113,12,12,14,25,2,05中正區,中正區中山南路與忠孝西路1段口,0,0,1,4,H02,7,6,5,50,4,2,1,5,4,5,13,1,1,1,4,5,2,16,2,43,2,9,4,5,7,17,8,20,10,16,,67,,1,22,121.5191424,25.0456375
113,12,12,14,29,2,03中山區,中山區中山北路3段往南、圓山花博公車站前,0,0,1,1,C03,7,7,5,50,14,9,1,5,4,5,10,4,4,1,4,5,2,13,1,59,2,9,6,4,7,9,1,10,1,11,,16,,1,21,121.5230888,25.06964049
113,12,12,14,29,2,03中山區,中山區中山北路3段往南、圓山花博公車站前,0,0,1,2,B03,7,7,5,50,14,9,1,5,4,5,10,4,4,1,4,5,2,13,1,27,3,10,3,4,7,9,1,8,1,3,,44,,1,21,121.5230888,25.06964049
113,12,12,14,29,2,03中山區,中山區中山北路3段往南、圓山花博公車站前,0,0,1,3,A04,7,7,5,50,14,9,1,5,4,5,10,4,4,1,4,5,2,13,1,23,3,10,3,4,7,15,1,1,9,17,,42,,2,21,121.5230888,25.06964049
113,12,12,14,40,2,05中正區,中正區南海路58號,0,0,1,1,C03,7,7,5,30,14,9,1,5,4,5,13,1,1,10,4,5,2,13,1,66,2,9,5,1,7,9,1,10,1,12,,42,,1,22,121.5115401,25.0311351
113,12,12,14,40,2,05中正區,中正區南海路58號,0,0,1,2,B02,7,7,5,30,14,9,1,5,4,5,13,1,1,10,4,5,2,13,2,46,3,10,7,1,7,14,1,4,1,7,,44,,1,22,121.5115401,25.0311351
113,12,12,15,0,2,07信義區,信義區虎林街164巷30號與虎林街164巷口,0,0,2,1,B03,7,5,5,30,4,2,1,5,4,5,13,4,4,10,5,5,2,16,1,46,3,10,7,1,7,6,1,8,2,8,,74,,1,21,121.5756694,25.0387795
113,12,12,15,0,2,07信義區,信義區虎林街164巷30號與虎林街164巷口,0,0,2,2,C03,7,5,5,30,4,2,1,5,4,5,13,4,4,10,5,5,2,16,2,28,2,9,5,1,7,9,1,10,2,11,,14,,1,21,121.5756694,25.0387795
113,12,12,15,0,2,07信義區,信義區虎林街164巷30號與虎林街164巷口,0,0,2,3,H02,7,5,5,30,4,2,1,5,4,5,13,4,4,10,5,5,2,16,2,27,2,9,5,5,7,20,8,20,10,16,,67,,1,21,121.5756694,25.0387795
113,12,12,15,2,2,09北投區,北投區明德路與明德路337巷口,0,0,1,1,B03,7,6,6,50,3,2,1,5,4,5,13,4,4,10,5,5,2,17,2,58,3,10,7,1,7,6,1,8,1,8,,80,,1,21,121.5201796,25.1168351
113,12,12,15,2,2,09北投區,北投區明德路與明德路337巷口,0,0,1,2,F03,7,6,6,50,3,2,1,5,4,5,13,4,4,10,5,5,2,17,1,87,2,9,2,1,7,5,8,20,1,12,,44,,1,21,121.5201796,25.1168351
113,12,12,15,18,2,05中正區,中正區博愛路25號,0,0,1,1,C03,8,6,5,50,14,9,1,5,4,5,13,4,4,10,4,5,2,12,2,33,2,9,5,1,7,1,1,10,1,14,,19,,1,22,121.5113416,25.04558454
113,12,12,15,18,2,05中正區,中正區博愛路25號,0,0,1,2,B03,8,6,5,50,14,9,1,5,4,5,13,4,4,10,4,5,2,12,1,49,3,10,7,1,7,9,1,8,1,2,,44,,1,22,121.5113416,25.04558454
113,12,12,16,10,2,07信義區,信義區基隆路1段88號,0,0,1,1,B01,7,5,5,50,14,9,1,5,4,5,13,4,4,5,5,5,2,12,1,48,3,10,7,1,7,15,1,4,2,5,,9,,1,21,121.567325,25.046296
113,12,12,16,10,2,07信義區,信義區基隆路1段88號,0,0,1,2,C03,7,5,5,50,14,9,1,5,4,5,13,4,4,5,5,5,2,12,1,23,2,8,5,1,7,9,1,10,2,14,,17,,1,21,121.567325,25.046296
113,12,12,16,18,2,05中正區,中正區常德街與中山南路口,0,0,1,1,B01,7,7,5,50,3,2,1,5,4,5,13,1,1,9,4,5,2,16,1,61,3,10,7,1,7,15,1,4,2,5,,108,,1,22,121.5175896,25.04096743
113,12,12,16,18,2,05中正區,中正區常德街與中山南路口,0,0,1,2,C03,7,7,5,50,3,2,1,5,4,5,13,1,1,9,4,5,2,16,2,38,2,8,5,1,7,13,1,10,2,12,,44,,1,21,121.5175896,25.04096743
113,12,12,16,30,2,08士林區,士林區延平北路7段106巷與延平北路7段176巷44弄口,0,0,1,1,B12,8,5,5,30,3,2,1,5,4,5,13,4,4,10,5,5,1,16,1,27,3,10,7,1,7,5,1,8,2,4,,9,,1,21,121.4960399,25.1032935
113,12,12,16,30,2,08士林區,士林區延平北路7段106巷與延平北路7段176巷44弄口,0,0,1,2,C03,8,5,5,30,3,2,1,5,4,5,13,4,4,10,5,5,1,16,1,20,2,9,5,1,7,4,1,8,2,12,,108,,1,21,121.4960399,25.1032935
113,12,12,16,36,2,08士林區,士林區中山北路5段647號,0,0,1,1,A02,7,7,8,50,14,9,1,5,4,5,13,4,4,4,5,5,1,17,1,54,3,10,7,1,7,1,1,2,1,5,,44,,1,21,121.52761,25.0966005
113,12,12,16,36,2,08士林區,士林區中山北路5段647號,0,0,1,2,C03,7,7,8,50,14,9,1,5,4,5,13,4,4,4,5,5,1,17,1,38,2,9,5,1,7,4,1,10,1,14,,108,,1,21,121.52761,25.0966005
113,12,12,16,36,2,08士林區,士林區中山北路5段647號,0,0,1,3,B03,7,7,8,50,14,9,1,5,4,5,13,4,4,4,5,5,1,17,2,69,3,10,3,4,7,13,1,8,11,7,,44,,1,21,121.52761,25.0966005
113,12,12,16,38,2,10文山區,文山區萬樂街21號停車格前,0,0,1,1,C03,6,6,5,40,14,9,1,4,4,5,13,4,4,5,5,5,2,18,1,18,2,8,5,1,7,9,1,10,1,12,,118,,1,21,121.5686189,24.99911533
113,12,12,16,38,2,10文山區,文山區萬樂街21號停車格前,0,0,1,2,,6,6,5,40,14,9,1,4,4,5,13,4,4,5,5,5,2,18,3,0,,,,,,,,,,,,67,,1,,121.5686189,24.99911533
113,12,12,16,45,2,05中正區,中正區中華路1段與忠孝西路1段口,0,0,1,2,C03,8,7,5,50,4,1,1,5,4,5,13,1,1,1,4,5,2,17,2,42,2,9,5,1,7,8,1,10,1,14,,101,,1,21,121.510199,25.0481602
113,12,12,16,45,2,05中正區,中正區中華路1段與忠孝西路1段口,0,0,1,3,B03,8,7,5,50,4,1,1,5,4,5,13,1,1,1,4,5,2,17,1,52,3,10,7,1,7,9,1,8,1,4,,44,,1,21,121.510199,25.0481602
113,12,12,16,45,2,05中正區,中正區中華路1段與忠孝西路1段口,0,0,1,1,B01,8,7,5,50,4,1,1,5,4,5,13,1,1,1,4,5,2,17,1,30,4,11,7,4,7,15,1,8,9,15,,44,,2,21,121.510199,25.0481602
113,12,12,17,39,2,12內湖區,內湖區康寧路1段與金湖路口,0,0,2,1,C03,6,5,5,50,3,1,1,4,4,5,13,2,1,1,4,4,2,16,2,35,2,8,5,1,7,5,1,10,2,12,,71,,1,21,121.5996932,25.0786607
113,12,12,17,39,2,12內湖區,內湖區康寧路1段與金湖路口,0,0,2,2,C03,6,5,5,50,3,1,1,4,4,5,13,2,1,1,4,4,2,16,1,61,2,8,5,1,7,9,1,10,2,11,,44,,1,21,121.5996932,25.0786607
113,12,12,18,53,2,06松山區,松山區八德路3段12巷與八德路3段口,0,0,1,1,B03,8,5,5,50,3,1,1,5,4,5,13,1,1,8,3,5,1,17,1,51,3,10,3,1,7,5,1,4,1,15,,74,,1,21,121.5507384,25.0481414
113,12,12,18,53,2,06松山區,松山區八德路3段12巷與八德路3段口,0,0,1,2,C03,8,5,5,50,3,1,1,5,4,5,13,1,1,8,3,5,1,17,1,27,2,9,3,1,7,9,1,10,1,12,,44,,1,21,121.5507384,25.0481414
113,12,12,18,55,2,08士林區,士林區至誠路1段88號與雙溪街口,0,0,2,1,F01,7,5,5,50,3,2,1,5,4,5,13,4,4,10,4,5,1,17,2,55,2,9,2,1,7,11,8,20,1,15,,99,,1,21,121.5350225,25.10143086
113,12,12,18,55,2,08士林區,士林區至誠路1段88號與雙溪街口,0,0,2,2,C03,7,5,5,50,3,2,1,5,4,5,13,4,4,10,4,5,1,17,2,26,2,8,6,1,7,9,1,10,1,12,,44,,1,21,121.5350225,25.10143086
113,12,12,19,0,2,05中正區,中正區林森南路地下道北往南,0,0,2,1,C03,8,5,5,50,14,9,1,5,4,5,13,4,4,6,1,5,2,13,2,21,2,8,5,1,7,9,1,10,2,11,,16,,1,26,121.5210501,25.0377411
113,12,12,19,0,2,05中正區,中正區林森南路地下道北往南,0,0,2,2,C03,8,5,5,50,14,9,1,5,4,5,13,4,4,6,1,5,2,13,1,31,3,10,5,1,7,12,1,10,2,13,,44,,1,26,121.5210501,25.0377411
113,12,12,19,0,2,05中正區,中正區林森南路地下道北往南,0,0,2,3,B01,8,5,5,50,14,9,1,5,4,5,13,4,4,6,1,5,2,13,1,66,3,10,7,1,7,9,1,4,2,5,,44,,1,26,121.5210501,25.0377411
113,12,12,19,0,2,05中正區,中正區林森南路地下道北往南,0,0,2,4,H02,8,5,5,50,14,9,1,5,4,5,13,4,4,6,1,5,2,13,2,31,2,7,4,5,7,20,8,20,10,16,,67,,1,26,121.5210501,25.0377411
113,12,12,19,4,2,12內湖區,內湖區新明路與南京東路6段368巷口,0,0,1,1,B03,7,5,5,50,3,1,1,5,4,5,13,1,1,8,3,5,1,16,1,62,3,10,7,1,7,5,1,8,1,2,,74,,1,21,121.5870976,25.0580161
113,12,12,19,4,2,12內湖區,內湖區新明路與南京東路6段368巷口,0,0,1,2,C03,7,5,5,50,3,1,1,5,4,5,13,1,1,8,3,5,1,16,1,20,2,9,6,1,7,9,1,10,1,11,,44,,1,21,121.5870976,25.0580161
113,12,12,19,15,2,06松山區,松山區南京東路5段與光復北路口,0,0,2,1,C03,7,5,5,50,5,2,1,5,4,5,13,1,1,1,3,5,2,13,1,30,2,9,6,1,7,15,1,10,1,12,,44,,1,21,121.557933,25.0512207
113,12,12,19,15,2,06松山區,松山區南京東路5段與光復北路口,0,0,2,2,C03,7,5,5,50,5,2,1,5,4,5,13,1,1,1,3,5,2,13,1,30,2,9,6,1,7,12,1,10,1,14,,44,,1,21,121.557933,25.0512207
113,12,12,19,20,2,03中山區,中山區錦西街9號,0,0,1,1,B01,8,5,5,50,14,9,1,5,4,5,13,4,4,9,5,5,2,3,1,63,3,10,7,1,7,9,1,4,1,1,,107,,1,22,121.5222604,25.05800522
113,12,12,19,20,2,03中山區,中山區錦西街9號,0,0,1,2,H01,8,5,5,50,14,9,1,5,4,5,13,4,4,9,5,5,2,3,2,83,2,9,4,5,8,16,8,20,10,16,,121,,1,22,121.5222604,25.05800522
113,12,12,19,30,2,07信義區,信義區吳興街481號,0,0,1,1,C03,8,5,5,30,14,9,1,5,4,5,13,4,4,10,5,5,2,13,2,42,2,8,6,1,7,9,1,10,1,11,,16,,1,21,121.5695113,25.0235406
113,12,12,19,30,2,07信義區,信義區吳興街481號,0,0,1,2,C03,8,5,5,30,14,9,1,5,4,5,13,4,4,10,5,5,2,13,1,37,3,10,6,1,7,9,1,10,1,13,,44,,1,21,121.5695113,25.0235406
113,12,12,19,30,2,07信義區,信義區吳興街481號,0,0,1,3,F01,8,5,5,30,14,9,1,5,4,5,13,4,4,10,5,5,2,13,2,47,3,10,4,1,7,9,8,20,9,17,,44,,1,21,121.5695113,25.0235406
113,12,12,19,40,2,12內湖區,內湖區新明路174巷與新明路口,0,0,1,1,B03,7,6,5,50,3,1,1,5,4,5,13,2,1,5,4,5,2,17,1,22,3,10,7,1,7,11,1,8,1,6,,42,,1,21,121.5855026,25.0573988
113,12,12,19,40,2,12內湖區,內湖區新明路174巷與新明路口,0,0,1,2,C03,7,6,5,50,3,1,1,5,4,5,13,2,1,5,4,5,2,17,2,35,2,9,6,1,7,9,1,10,1,11,,44,,1,21,121.5855026,25.0573988
113,12,12,19,40,2,12內湖區,內湖區成功路2段219號,0,0,1,1,A12,8,5,5,50,14,9,1,5,4,5,13,1,1,1,5,5,2,13,1,65,3,10,7,1,7,9,1,7,2,1,,108,,1,21,121.5907165,25.067136
113,12,12,19,40,2,12內湖區,內湖區成功路2段219號,0,0,1,2,B03,8,5,5,50,14,9,1,5,4,5,13,1,1,1,5,5,2,13,2,48,2,9,7,1,7,14,1,8,2,3,,44,,1,21,121.5907165,25.067136
113,12,12,19,40,2,12內湖區,內湖區成功路2段219號,0,0,1,3,B03,8,5,5,50,14,9,1,5,4,5,13,1,1,1,5,5,2,13,1,42,3,10,7,1,7,14,1,8,2,3,,44,,1,21,121.5907165,25.067136
113,12,12,20,0,2,10文山區,文山區萬美街1段與萬樂街口,0,0,1,1,C03,6,5,5,40,14,9,1,4,4,5,13,3,1,10,5,5,1,13,2,33,2,8,5,1,7,9,1,10,1,11,,16,,1,21,121.5658981,25.0016148
113,12,12,20,0,2,10文山區,文山區萬美街1段與萬樂街口,0,0,1,2,C03,6,5,5,40,14,9,1,4,4,5,13,3,1,10,5,5,1,13,1,45,3,10,5,1,7,6,1,10,1,12,,44,,1,21,121.5658981,25.0016148
113,12,12,20,0,2,10文山區,文山區萬美街1段與萬樂街口,0,0,1,3,C03,6,5,5,40,14,9,1,4,4,5,13,3,1,10,5,5,1,13,3,60,,,,,,,,,,,,67,,1,,121.5658981,25.0016148
113,12,12,20,0,2,10文山區,文山區萬美街1段與萬樂街口,0,0,1,4,C03,6,5,5,40,14,9,1,4,4,5,13,3,1,10,5,5,1,13,3,49,,,,,,,,,,,,67,,1,,121.5658981,25.0016148
113,12,12,20,0,2,10文山區,文山區萬美街1段與萬樂街口,0,0,1,5,C03,6,5,5,40,14,9,1,4,4,5,13,3,1,10,5,5,1,13,3,63,,,,,,,,,,,,67,,1,,121.5658981,25.0016148
113,12,12,20,0,2,10文山區,文山區萬美街1段與萬樂街口,0,0,1,6,C03,6,5,5,40,14,9,1,4,4,5,13,3,1,10,5,5,1,13,3,26,,,,,,,,,,,,67,,1,,121.5658981,25.0016148
113,12,12,20,42,2,07信義區,信義區基隆路1段3號,0,0,1,1,C03,8,5,5,50,14,9,1,5,4,5,13,1,1,1,3,5,2,13,1,32,3,10,6,1,7,9,1,9,1,11,,118,,1,21,121.5692474,25.0489154
113,12,12,20,42,2,07信義區,信義區基隆路1段3號,0,0,1,2,C03,8,5,5,50,14,9,1,5,4,5,13,1,1,1,3,5,2,13,1,26,2,8,6,1,7,12,1,10,1,13,,44,,1,21,121.5692474,25.0489154