發生年度,發生月,發生日,發生時-Hours,發生分,處理別-編號,區序,肇事地點,死亡人數,2-30日死亡人數,受傷人數,當事人序號,車種,天候,道路照明設備,道路類別,速限-速度限制,道路型態,事故位置,路面狀況1,路面狀況2,路面狀況3,道路障礙1,道路障礙2,號誌1,號誌2,車道劃分-分向,車道劃分-分道1,車道劃分-分道2,車道劃分-分道3,事故類型及型態,性別,年齡,受傷程度,主要傷處,保護裝置,行動電話,車輛用途,當事者行動狀態,駕駛資格情形,駕駛執照種類,飲酒情形,車輛撞擊部位1,車輛撞擊部位2,肇因碼-個別,肇因碼-主要,個人肇逃否,職業,座標-X,座標-Y
113,12,12,21,0,2,08士林區,士林區光華路26巷與光華路口,0,0,3,1,C03,6,5,5,30,4,2,1,4,4,5,13,4,4,10,5,5,1,17,1,23,2,9,6,1,7,9,1,10,1,14,,72,,1,21,121.5425346,25.13694607
113,12,12,21,0,2,08士林區,士林區光華路26巷與光華路口,0,0,3,2,C03,6,5,5,30,4,2,1,4,4,5,13,4,4,10,5,5,1,17,1,21,2,9,6,1,7,9,1,10,1,11,,13,,1,21,121.5425346,25.13694607
113,12,12,21,0,2,08士林區,士林區光華路26巷與光華路口,0,0,3,3,H02,6,5,5,30,4,2,1,4,4,5,13,4,4,10,5,5,1,17,2,21,2,9,6,5,7,20,8,20,10,16,,67,,1,21,121.5425346,25.13694607
113,12,12,21,11,2,10文山區,文山區興隆路2段153巷與興隆路2段口,0,0,1,1,B03,8,5,5,30,3,18,1,5,4,5,13,2,1,10,5,5,2,2,2,32,3,10,7,1,7,5,1,8,2,8,,70,,1,21,121.5485962,25.0003404
113,12,12,21,11,2,10文山區,文山區興隆路2段153巷與興隆路2段口,0,0,1,2,H01,8,5,5,30,3,18,1,5,4,5,13,2,1,10,5,5,2,2,2,65,2,9,4,5,8,16,8,20,10,16,,67,,1,21,121.5485962,25.0003404
113,12,12,21,12,2,02萬華區,萬華區西園路2段296號,0,0,2,1,H01,7,5,5,50,14,9,1,5,4,5,13,4,4,1,4,5,2,3,1,62,2,9,4,5,8,16,8,20,10,16,,121,,1,22,121.4932527,25.0265868
113,12,12,21,12,2,02萬華區,萬華區西園路2段296號,0,0,2,2,C03,7,5,5,50,14,9,1,5,4,5,13,4,4,1,4,5,2,3,2,59,2,9,6,1,7,9,1,10,2,11,,108,,1,22,121.4932527,25.0265868
113,12,12,21,28,2,11南港區,南港區忠孝東路6段474號,0,0,2,1,B03,7,5,5,50,14,9,1,4,4,5,13,4,4,3,4,5,2,12,1,57,3,10,3,4,7,8,1,8,1,2,,100,,1,22,121.5947835,25.0505175
113,12,12,21,28,2,11南港區,南港區忠孝東路6段474號,0,0,2,2,C03,7,5,5,50,14,9,1,4,4,5,13,4,4,3,4,5,2,12,1,22,2,7,3,4,7,4,1,10,1,14,,108,,1,22,121.5947835,25.0505175
113,12,12,21,28,2,11南港區,南港區忠孝東路6段474號,0,0,2,3,H02,7,5,5,50,14,9,1,4,4,5,13,4,4,3,4,5,2,12,2,24,2,8,3,5,7,20,8,20,10,16,,67,,1,22,121.5947835,25.0505175
113,12,12,21,30,2,08士林區,士林區承德路4段179巷7號,0,0,1,1,B01,8,5,5,30,14,9,1,5,4,5,13,4,4,5,5,5,1,17,1,61,3,10,7,1,7,9,1,4,1,1,,16,,1,21,121.523739,25.08789961
113,12,12,21,30,2,08士林區,士林區承德路4段179巷7號,0,0,1,2,C03,8,5,5,30,14,9,1,5,4,5,13,4,4,5,5,5,1,17,2,25,2,8,5,1,7,15,1,10,1,13,,101,,1,21,121.523739,25.08789961
113,12,12,21,30,2,08士林區,士林區承德路4段179巷7號,0,0,1,3,C03,8,5,5,30,14,9,1,5,4,5,13,4,4,5,5,5,1,17,1,23,3,10,3,4,7,15,1,10,11,14,,44,,1,21,121.523739,25.08789961
113,12,12,21,30,2,08士林區,士林區承德路4段179巷7號,0,0,1,4,C03,8,5,5,30,14,9,1,5,4,5,13,4,4,5,5,5,1,17,1,31,3,10,3,4,7,15,1,10,11,12,,44,,1,21,121.523739,25.08789961
113,12,12,21,39,2,05中正區,中正區八德路1段60號,0,0,1,1,C03,8,5,5,50,14,9,1,5,4,5,13,4,4,4,4,5,2,17,2,30,2,8,5,1,7,15,1,10,2,14,,102,,1,26,121.531295,25.043907
113,12,12,21,39,2,05中正區,中正區八德路1段60號,0,0,1,2,B03,8,5,5,50,14,9,1,5,4,5,13,4,4,4,4,5,2,17,1,51,3,10,7,1,7,14,1,8,2,4,,38,,1,26,121.531295,25.043907
113,12,12,21,39,2,05中正區,中正區八德路1段60號,0,0,1,3,B01,8,5,5,50,14,9,1,5,4,5,13,4,4,4,4,5,2,17,2,40,3,10,7,1,7,9,1,4,2,17,,44,,1,26,121.531295,25.043907
113,12,12,22,15,2,03中山區,中山區市民大道2段與林森北路口西側迴轉道,0,0,1,1,B03,8,5,5,40,3,1,1,5,4,5,13,4,4,10,5,5,2,17,1,36,3,10,7,1,7,11,3,18,1,15,,80,,1,22,121.5087346,25.05158032
113,12,12,22,15,2,03中山區,中山區市民大道2段與林森北路口西側迴轉道,0,0,1,2,C03,8,5,5,40,3,1,1,5,4,5,13,4,4,10,5,5,2,17,1,27,2,9,5,1,7,9,1,10,1,14,,13,,1,22,121.5087346,25.05158032
113,12,12,22,40,2,03中山區,中山區龍江路與合江街55巷口,0,0,1,1,C03,7,5,5,30,4,1,1,5,4,5,13,4,4,9,5,5,2,15,2,32,2,9,5,1,7,9,1,10,2,11,,75,,1,21,121.5405817,25.0568878
113,12,12,22,40,2,03中山區,中山區龍江路與合江街55巷口,0,0,1,2,B03,7,5,5,30,4,1,1,5,4,5,13,4,4,9,5,5,2,15,1,36,3,10,7,1,7,9,1,8,2,8,,108,,1,21,121.5405817,25.0568878
113,12,12,23,14,2,06松山區,松山區東興路與南京東路5段250巷口,0,0,1,1,B03,6,5,5,50,3,1,1,4,4,5,13,4,4,5,4,5,2,16,1,32,3,10,7,1,7,6,1,6,1,2,,9,,1,21,121.565477,25.0507078
113,12,12,23,14,2,06松山區,松山區東興路與南京東路5段250巷口,0,0,1,2,C04,6,5,5,50,3,1,1,4,4,5,13,4,4,5,4,5,2,16,1,26,2,8,5,1,7,9,1,8,1,14,,44,,1,21,121.565477,25.0507078
113,12,12,23,20,2,11南港區,南港區松河街與南港路3段256巷口,0,0,2,1,B03,8,5,5,30,3,1,1,5,4,5,13,4,4,5,4,5,2,17,1,28,3,10,7,1,7,5,1,8,2,4,,8,,1,21,121.5845663,25.0532714
113,12,12,23,20,2,11南港區,南港區松河街與南港路3段256巷口,0,0,2,2,C03,8,5,5,30,3,1,1,5,4,5,13,4,4,5,4,5,2,17,1,32,2,8,5,1,7,9,1,10,2,11,,14,,1,21,121.5845663,25.0532714
113,12,12,23,20,2,11南港區,南港區松河街與南港路3段256巷口,0,0,2,3,H02,8,5,5,30,3,1,1,5,4,5,13,4,4,5,4,5,2,17,2,30,2,8,5,5,7,20,8,20,10,16,,67,,1,21,121.5845663,25.0532714
113,12,13,2,15,2,02萬華區,萬華區昆明街與洛陽街口,0,0,2,1,C03,7,5,5,50,3,1,1,5,4,5,13,3,1,10,3,5,1,3,1,45,2,9,3,4,7,9,1,10,1,11,,70,,1,22,121.5062333,25.0478401
113,12,13,2,15,2,02萬華區,萬華區昆明街與洛陽街口,0,0,2,2,H01,7,5,5,50,3,1,1,5,4,5,13,3,1,10,3,5,1,3,2,24,2,9,4,5,8,16,8,20,10,16,,67,,1,22,121.5062333,25.0478401
113,12,13,2,38,2,02萬華區,萬華區環河南路1段與漢口街2段口,0,0,2,1,C03,7,5,5,50,3,1,1,5,4,5,13,3,1,9,4,5,2,16,1,40,2,9,6,1,7,5,1,10,1,12,,71,,1,22,121.5036807,25.0464835
113,12,13,2,38,2,02萬華區,萬華區環河南路1段與漢口街2段口,0,0,2,2,C03,7,5,5,50,3,1,1,5,4,5,13,3,1,9,4,5,2,16,1,26,2,9,6,1,7,9,1,10,1,11,,14,,1,22,121.5036807,25.0464835
113,12,13,3,12,2,04大安區,大安區文昌街與文昌街250巷口,0,0,1,1,B03,7,5,5,30,4,1,1,5,4,5,13,4,4,9,5,5,2,15,1,48,3,10,7,1,7,9,1,8,1,5,,80,,1,21,121.555742,25.0322732
113,12,13,3,12,2,04大安區,大安區文昌街與文昌街250巷口,0,0,1,2,C03,7,5,5,30,4,1,1,5,4,5,13,4,4,9,5,5,2,15,1,31,2,9,6,1,7,9,1,10,1,14,,13,,1,21,121.555742,25.0322732
113,12,13,6,45,2,05中正區,中正區中華路1段與愛國西路口,0,0,1,1,B03,7,5,5,50,5,2,1,5,4,5,13,1,1,1,3,1,2,17,1,48,3,10,7,1,7,5,1,8,1,8,,8,,1,21,121.5070231,25.03745411
113,12,13,6,45,2,05中正區,中正區中華路1段與愛國西路口,0,0,1,2,F01,7,5,5,50,5,2,1,5,4,5,13,1,1,1,3,1,2,17,1,38,2,9,4,1,7,9,8,20,1,13,,44,,1,21,121.5070231,25.03745411
113,12,13,7,21,2,09北投區,北投區稻香路與中央北路2段口,0,0,1,1,C03,7,5,5,50,3,2,1,5,4,5,13,4,4,5,4,5,2,13,1,38,2,7,3,4,7,9,1,10,2,11,,16,,1,21,121.4909894,25.1388436
113,12,13,7,21,2,09北投區,北投區稻香路與中央北路2段口,0,0,1,2,B03,7,5,5,50,3,2,1,5,4,5,13,4,4,5,4,5,2,13,1,42,3,10,3,4,7,12,1,8,2,6,,44,,1,21,121.4909894,25.1388436
113,12,13,7,21,2,09北投區,北投區稻香路與中央北路2段口,0,0,1,3,,7,5,5,50,3,2,1,5,4,5,13,4,4,5,4,5,2,13,3,0,,,,,,,,,,,,67,,1,,121.4909894,25.1388436
113,12,13,7,46,2,03中山區,中山區植福路286巷與敬業四路口,0,0,1,1,B03,7,6,5,50,3,1,1,5,4,5,13,4,4,5,5,5,2,17,1,51,3,10,7,1,7,5,1,8,1,17,,72,,1,21,121.5465106,25.08135322
113,12,13,7,46,2,03中山區,中山區植福路286巷與敬業四路口,0,0,1,2,C03,7,6,5,50,3,1,1,5,4,5,13,4,4,5,5,5,2,17,1,36,2,9,5,1,7,9,1,10,1,12,,13,,1,21,121.5465106,25.08135322
113,12,13,8,0,2,03中山區,中山區明水路397巷與明水路口側附近397巷7弄口,0,0,1,1,B03,7,5,5,30,4,1,1,5,4,5,13,4,4,9,5,5,2,17,2,44,3,10,3,4,7,9,1,8,1,8,,72,,1,21,121.5477335,25.0780583
113,12,13,8,0,2,03中山區,中山區明水路397巷與明水路口側附近397巷7弄口,0,0,1,2,C03,7,5,5,30,4,1,1,5,4,5,13,4,4,9,5,5,2,17,2,19,2,9,3,4,7,9,1,10,1,12,,13,,1,21,121.5477335,25.0780583
113,12,13,8,13,2,11南港區,南港區市民大道7段與向陽路口,0,0,1,1,B03,7,6,5,50,4,1,1,5,4,5,13,2,1,1,3,5,2,16,2,47,3,10,3,4,7,6,1,8,1,3,,9,,1,21,121.5953899,25.0514034
113,12,13,8,13,2,11南港區,南港區市民大道7段與向陽路口,0,0,1,2,C03,7,6,5,50,4,1,1,5,4,5,13,2,1,1,3,5,2,16,1,32,2,9,3,4,7,9,1,10,1,11,,44,,1,21,121.5953899,25.0514034
113,12,13,8,20,2,12內湖區,內湖區東湖路與康樂街口,0,0,3,1,B12,7,7,5,50,5,4,1,5,4,5,13,2,1,5,4,5,2,13,1,31,3,10,7,1,7,9,1,8,7,1,,108,,1,21,121.6173292,25.0680923
113,12,13,8,20,2,12內湖區,內湖區東湖路與康樂街口,0,0,3,5,C03,7,7,5,50,5,4,1,5,4,5,13,2,1,5,4,5,2,13,1,38,2,8,6,1,7,14,1,10,2,13,,44,,1,21,121.6173292,25.0680923
113,12,13,8,20,2,12內湖區,內湖區東湖路與康樂街口,0,0,3,2,C03,7,7,5,50,5,4,1,5,4,5,13,2,1,5,4,5,2,13,2,29,2,7,5,1,7,14,1,10,2,13,,44,,1,21,121.6173292,25.0680923
113,12,13,8,20,2,12內湖區,內湖區東湖路與康樂街口,0,0,3,3,C03,7,7,5,50,5,4,1,5,4,5,13,2,1,5,4,5,2,13,2,69,2,2,6,1,7,14,1,10,2,13,,44,,1,21,121.6173292,25.0680923
113,12,13,8,20,2,12內湖區,內湖區東湖路與康樂街口,0,0,3,4,C03,7,7,5,50,5,4,1,5,4,5,13,2,1,5,4,5,2,13,1,30,3,10,6,1,7,14,1,10,2,13,,44,,1,21,121.6173292,25.0680923
113,12,13,8,26,2,01大同區,大同區重慶北路2段與南京西路口,0,0,2,1,C03,7,6,5,50,5,1,1,5,4,5,13,2,1,5,4,5,2,17,1,40,2,9,6,1,7,9,3,18,2,11,,4,,1,21,121.514021,25.0540406
113,12,13,8,26,2,01大同區,大同區重慶北路2段與南京西路口,0,0,2,2,C03,7,6,5,50,5,1,1,5,4,5,13,2,1,5,4,5,2,17,2,21,2,9,6,1,7,11,1,10,2,14,,44,,1,21,121.514021,25.0540406
113,12,13,8,28,2,06松山區,松山區八德路4段與東興路口,0,0,1,1,B03,7,5,5,50,4,1,1,5,4,5,13,2,1,5,4,5,2,17,1,27,3,10,3,4,7,8,1,8,1,5,,100,,1,22,121.5653745,25.0489002
113,12,13,8,28,2,06松山區,松山區八德路4段與東興路口,0,0,1,2,C03,7,5,5,50,4,1,1,5,4,5,13,2,1,5,4,5,2,17,1,29,2,9,6,4,7,9,1,10,1,14,,44,,1,22,121.5653745,25.0489002
113,12,13,8,37,2,02萬華區,萬華區西園路2段183號,0,0,2,1,C03,6,7,5,50,14,9,1,4,4,5,13,4,4,1,3,5,2,13,1,37,2,9,5,1,7,9,1,10,1,11,,16,,1,21,121.4948462,25.0277822
113,12,13,8,37,2,02萬華區,萬華區西園路2段183號,0,0,2,2,C03,6,7,5,50,14,9,1,4,4,5,13,4,4,1,3,5,2,13,1,25,2,9,5,1,7,9,1,10,1,14,,44,,1,21,121.4948462,25.0277822
113,12,13,8,44,2,03中山區,中山區民權東路2段142號,0,0,1,1,C03,7,5,5,50,14,9,1,5,4,5,13,4,4,1,4,5,2,17,2,64,2,9,3,4,7,9,1,10,1,11,,108,,1,21,121.5337009,25.06263175
113,12,13,8,44,2,03中山區,中山區民權東路2段142號,0,0,1,2,C03,7,5,5,50,14,9,1,5,4,5,13,4,4,1,4,5,2,17,1,81,3,10,3,4,7,14,1,10,1,13,,38,,1,21,121.5337009,25.06263175
113,12,13,8,48,2,11南港區,南港區松河街與重陽路口側附近263巷口,0,0,1,1,B03,7,7,5,50,3,1,1,5,4,5,13,4,4,5,5,5,2,16,2,51,3,10,7,1,7,5,1,8,2,1,,72,,1,22,121.6026132,25.0584639
113,12,13,8,48,2,11南港區,南港區松河街與重陽路口側附近263巷口,0,0,1,2,C03,7,7,5,50,3,1,1,5,4,5,13,4,4,5,5,5,2,16,2,28,2,8,6,1,7,9,1,10,2,11,,14,,1,22,121.6026132,25.0584639
113,12,13,8,56,2,11南港區,南港區研究院路1段130巷與研究院路1段130巷口029路燈,0,0,1,1,C03,7,6,5,30,14,9,1,5,4,3,13,4,4,10,5,5,2,10,1,69,2,7,6,1,7,9,1,10,1,11,,108,,1,21,121.6123112,25.0445287
113,12,13,8,56,2,11南港區,南港區研究院路1段130巷與研究院路1段130巷口029路燈,0,0,1,2,C03,7,6,5,30,14,9,1,5,4,3,13,4,4,10,5,5,2,10,2,19,3,10,5,1,7,9,1,10,1,11,,108,,1,21,121.6123112,25.0445287
113,12,13,8,58,2,09北投區,北投區中央北路4段與中央北路4段30巷口,0,0,1,1,C03,7,6,5,50,3,1,1,5,4,5,13,1,1,5,4,5,1,13,1,46,2,9,5,1,7,9,1,10,1,11,,108,,1,21,121.4781415,25.1350413
113,12,13,8,58,2,09北投區,北投區中央北路4段與中央北路4段30巷口,0,0,1,2,B03,7,6,5,50,3,1,1,5,4,5,13,1,1,5,4,5,1,13,2,42,3,10,7,1,7,5,1,8,1,6,,44,,1,21,121.4781415,25.1350413
113,12,13,9,23,2,11南港區,南港區忠孝東路6段與忠孝東路6段278巷口,0,0,1,1,D03,7,6,5,50,3,1,1,5,4,5,13,2,1,1,4,5,2,16,1,23,3,10,3,4,7,11,1,8,2,2,,10,,1,29,121.5891592,25.0492367
113,12,13,9,23,2,11南港區,南港區忠孝東路6段與忠孝東路6段278巷口,0,0,1,2,C03,7,6,5,50,3,1,1,5,4,5,13,2,1,1,4,5,2,16,1,27,2,9,6,1,7,9,1,10,2,11,,13,,1,21,121.5891592,25.0492367
113,12,13,9,50,2,12內湖區,內湖區瑞光路122巷42弄與瑞光路132巷口,0,0,1,1,B03,7,6,5,30,3,1,1,5,4,4,8,4,4,10,5,5,1,17,1,33,3,10,7,1,7,5,1,8,1,8,,72,,1,21,121.5796709,25.0718221
113,12,13,9,50,2,12內湖區,內湖區瑞光路122巷42弄與瑞光路132巷口,0,0,1,2,C04,7,6,5,30,3,1,1,5,4,4,8,4,4,10,5,5,1,17,2,61,2,7,5,1,7,9,3,18,1,12,,44,,1,21,121.5796709,25.0718221
113,12,13,10,14,2,11南港區,南港區研究院路1段與中南街123巷口,0,0,1,1,B03,7,6,6,50,4,1,1,5,4,5,13,2,1,1,3,5,2,16,1,69,3,10,3,4,7,5,1,8,1,2,,8,,1,21,121.6160041,25.0519735
113,12,13,10,14,2,11南港區,南港區研究院路1段與中南街123巷口,0,0,1,2,C03,7,6,6,50,4,1,1,5,4,5,13,2,1,1,3,5,2,16,1,29,2,9,3,4,7,9,1,10,1,11,,44,,1,21,121.6160041,25.0519735
113,12,13,10,29,2,05中正區,中正區羅斯福路4段196巷與汀州路3段口口,0,0,1,1,B03,7,6,5,30,4,1,1,5,4,5,13,4,4,5,5,5,2,15,1,35,3,10,3,4,7,9,1,8,1,1,,72,,1,21,121.5359333,25.0115701
113,12,13,10,29,2,05中正區,中正區羅斯福路4段196巷與汀州路3段口口,0,0,1,2,C03,7,6,5,30,4,1,1,5,4,5,13,4,4,5,5,5,2,15,2,24,2,8,5,1,7,9,1,10,1,12,,14,,1,21,121.5359333,25.0115701
113,12,13,10,29,2,05中正區,中正區羅斯福路4段196巷與汀州路3段口口,0,0,1,3,B03,7,6,5,30,4,1,1,5,4,5,13,4,4,5,5,5,2,15,1,58,3,10,3,4,7,14,1,8,1,8,,44,,1,21,121.5359333,25.0115701
113,12,13,10,41,2,12內湖區,內湖區舊宗路1段135號,0,0,1,1,B03,7,6,5,50,14,9,1,5,4,5,13,4,4,10,5,5,2,17,2,50,3,10,7,1,7,1,1,8,1,8,,19,,1,21,121.57906,25.0606145
113,12,13,10,41,2,12內湖區,內湖區舊宗路1段135號,0,0,1,2,C03,7,6,5,50,14,9,1,5,4,5,13,4,4,10,5,5,2,17,2,35,2,9,5,1,7,9,1,10,1,12,,13,,1,21,121.57906,25.0606145
113,12,13,10,55,2,09北投區,北投區大業路264號,0,0,1,1,C03,7,6,5,60,14,9,1,5,4,5,13,2,1,1,4,4,2,12,1,42,2,8,5,1,7,7,6,18,1,14,,101,,1,21,121.4982649,25.1268428
113,12,13,10,55,2,09北投區,北投區大業路264號,0,0,1,2,B03,7,6,5,60,14,9,1,5,4,5,13,2,1,1,4,4,2,12,1,46,3,10,7,1,7,9,1,8,1,4,,44,,1,21,121.4982649,25.1268428
113,12,13,11,11,2,07信義區,信義區基隆路1段141號口,0,0,1,1,B03,8,6,8,50,14,9,1,5,4,5,13,4,4,1,3,5,2,13,1,25,3,10,7,1,7,9,3,18,1,1,,108,,1,22,121.5657966,25.043354
113,12,13,11,11,2,07信義區,信義區基隆路1段141號口,0,0,1,2,B03,8,6,8,50,14,9,1,5,4,5,13,4,4,1,3,5,2,13,1,30,3,10,7,1,7,14,1,8,1,3,,44,,1,22,121.5657966,25.043354
113,12,13,11,11,2,07信義區,信義區基隆路1段141號口,0,0,1,3,B03,8,6,8,50,14,9,1,5,4,5,13,4,4,1,3,5,2,13,1,62,3,10,7,1,7,14,1,8,1,3,,44,,1,22,121.5657966,25.043354
113,12,13,11,11,2,07信義區,信義區基隆路1段141號口,0,0,1,4,B03,8,6,8,50,14,9,1,5,4,5,13,4,4,1,3,5,2,13,1,43,3,10,7,1,7,14,1,8,1,3,,44,,1,22,121.5657966,25.043354
113,12,13,11,11,2,07信義區,信義區基隆路1段141號口,0,0,1,5,H02,8,6,8,50,14,9,1,5,4,5,13,4,4,1,3,5,2,13,2,31,2,4,7,5,7,17,8,20,10,16,,67,,1,21,121.5657966,25.043354
113,12,13,11,18,2,12內湖區,內湖區內湖路1段與內湖路1段285巷口,0,0,1,1,C03,8,6,5,40,3,2,1,5,4,5,13,2,1,1,4,4,2,17,1,70,2,8,5,1,7,5,1,10,1,11,,83,,1,21,121.5675214,25.0824182
113,12,13,11,18,2,12內湖區,內湖區內湖路1段與內湖路1段285巷口,0,0,1,2,B03,8,6,5,40,3,2,1,5,4,5,13,2,1,1,4,4,2,17,1,37,3,10,7,1,7,9,1,8,1,4,,44,,1,21,121.5675214,25.0824182
113,12,13,11,20,2,02萬華區,萬華區西園路1段與和平西路3段口,0,0,1,1,B12,7,6,5,50,4,1,1,5,4,5,13,1,1,3,4,5,2,16,1,50,3,10,3,4,7,11,3,18,1,2,,98,,1,22,121.4992895,25.0349668
113,12,13,11,20,2,02萬華區,萬華區西園路1段與和平西路3段口,0,0,1,2,F01,7,6,5,50,4,1,1,5,4,5,13,1,1,3,4,5,2,16,2,51,2,9,3,4,7,6,8,20,1,14,,4,,1,22,121.4992895,25.0349668
113,12,13,11,20,2,06松山區,松山區八德路3段12巷52弄與八德路3段8巷口,0,0,1,1,B13,7,6,5,50,4,1,1,5,4,5,13,1,1,9,4,5,2,12,1,36,3,10,7,1,7,9,1,8,9,4,,108,,1,22,121.5496343,25.0461912
113,12,13,11,20,2,06松山區,松山區八德路3段12巷52弄與八德路3段8巷口,0,0,1,2,F01,7,6,5,50,4,1,1,5,4,5,13,1,1,9,4,5,2,12,1,88,2,9,4,4,7,9,8,20,1,14,,44,,1,22,121.5496343,25.0461912
113,12,13,11,30,2,05中正區,中正區金山南路1段與忠孝東路2段口,0,0,2,1,C03,6,6,5,50,4,1,1,4,4,5,13,2,1,1,4,5,2,15,1,60,2,8,5,1,7,15,1,10,2,14,,8,,1,22,121.5297512,25.04310882
113,12,13,11,30,2,05中正區,中正區金山南路1段與忠孝東路2段口,0,0,2,2,C03,6,6,5,50,4,1,1,4,4,5,13,2,1,1,4,5,2,15,1,21,2,9,5,1,7,9,1,10,2,11,,44,,1,22,121.5297512,25.04310882
113,12,13,11,48,2,06松山區,松山區南京東路4段與健康路口,0,0,1,1,B03,7,7,5,40,4,1,1,5,4,5,13,1,1,9,4,5,2,3,1,37,3,10,7,1,7,6,1,8,1,2,,70,,1,22,121.552628,25.0518509
113,12,13,11,48,2,06松山區,松山區南京東路4段與健康路口,0,0,1,2,H01,7,7,5,40,4,1,1,5,4,5,13,1,1,9,4,5,2,3,2,41,2,7,4,5,8,16,8,20,10,16,,53,,1,22,121.552628,25.0518509
113,12,13,11,49,2,10文山區,文山區木新路2段225號,0,0,1,1,C03,7,6,5,50,14,9,2,5,4,5,13,4,4,5,4,5,2,17,1,37,3,10,5,4,7,1,6,10,1,11,,118,,1,21,121.5674369,24.9835052
113,12,13,11,49,2,10文山區,文山區木新路2段225號,0,0,1,2,C03,7,6,5,50,14,9,2,5,4,5,13,4,4,5,4,5,2,17,2,21,2,9,5,4,7,9,1,10,1,12,,44,,1,21,121.5674369,24.9835052
113,12,13,11,56,2,10文山區,文山區光輝路與木柵路1段260巷口,0,0,1,1,C03,6,6,5,30,3,2,1,4,4,5,13,4,4,10,5,5,2,18,1,68,2,9,3,4,7,9,1,10,2,17,,42,,1,22,121.5550567,24.9874372
113,12,13,11,56,2,10文山區,文山區光輝路與木柵路1段260巷口,0,0,1,2,,6,6,5,30,3,2,1,4,4,5,13,4,4,10,5,5,2,18,3,,,,,,,,,,,,,67,,1,,121.5550567,24.9874372
113,12,13,12,10,2,03中山區,中山區五常街53巷與龍江路356巷口,0,0,1,1,B03,8,6,5,30,4,1,1,5,4,6,12,4,4,5,4,5,2,15,1,71,3,10,3,4,7,9,1,8,1,8,,80,,1,21,121.5396239,25.0660256
113,12,13,12,10,2,03中山區,中山區五常街53巷與龍江路356巷口,0,0,1,2,C03,8,6,5,30,4,1,1,5,4,6,12,4,4,5,4,5,2,15,2,53,2,9,5,4,7,9,1,10,1,11,,44,,1,21,121.5396239,25.0660256
113,12,13,12,24,2,06松山區,松山區南京東路5段313號,0,0,1,1,C03,7,6,5,50,14,9,1,5,4,5,13,4,4,1,4,5,2,17,2,21,2,8,5,1,7,9,1,10,2,11,14,16,,1,21,121.5667187,25.0514385
113,12,13,12,24,2,06松山區,松山區南京東路5段313號,0,0,1,2,C03,7,6,5,50,14,9,1,5,4,5,13,4,4,1,4,5,2,17,1,55,3,10,5,1,7,12,1,10,2,13,,44,,1,21,121.5667187,25.0514385
113,12,13,12,24,2,06松山區,松山區南京東路5段313號,0,0,1,3,C03,7,6,5,50,14,9,1,5,4,5,13,4,4,1,4,5,2,17,1,57,3,10,5,1,7,12,1,10,2,11,,16,,1,21,121.5667187,25.0514385
113,12,13,12,55,2,04大安區,大安區和平東路3段與樂業街口,0,0,2,1,C03,7,7,5,50,3,1,1,5,4,5,13,4,4,1,4,5,1,17,1,42,2,9,6,1,7,9,1,10,1,11,,107,,1,21,121.5501368,25.0244506
113,12,13,12,55,2,04大安區,大安區和平東路3段與樂業街口,0,0,2,2,C03,7,7,5,50,3,1,1,5,4,5,13,4,4,1,4,5,1,17,1,18,2,9,6,1,7,9,1,10,1,11,,44,,1,21,121.5501368,25.0244506
113,12,13,12,55,2,04大安區,大安區和平東路3段與樂業街口,0,0,2,3,B03,7,7,5,50,3,1,1,5,4,5,13,4,4,1,4,5,1,17,1,32,3,10,7,1,7,15,1,8,1,6,,100,,1,21,121.5501368,25.0244506
113,12,13,13,34,2,05中正區,中正區汀州路3段165號,0,0,1,2,C03,6,7,5,50,14,9,1,4,4,5,13,4,4,10,5,5,2,17,2,27,2,8,5,1,7,9,1,10,1,14,,118,,1,22,121.5321944,25.015158
113,12,13,13,34,2,05中正區,中正區汀州路3段165號,0,0,1,1,C03,6,7,5,50,14,9,1,4,4,5,13,4,4,10,5,5,2,17,1,54,3,10,5,1,7,21,1,10,11,15,,118,,2,22,121.5321944,25.015158
113,12,13,13,55,2,03中山區,中山區復興北路與錦州街口,0,0,1,1,B01,7,6,5,50,3,1,1,5,4,5,13,1,1,1,4,5,2,17,1,37,3,10,7,1,7,5,1,4,1,2,,74,,1,21,121.544116,25.06018428
113,12,13,13,55,2,03中山區,中山區復興北路與錦州街口,0,0,1,2,C03,7,6,5,50,3,1,1,5,4,5,13,1,1,1,4,5,2,17,1,62,2,7,6,1,7,9,1,10,1,11,,44,,1,21,121.544116,25.06018428
113,12,13,14,18,2,07信義區,信義區松仁路101號對面,0,0,1,1,C03,8,6,5,50,14,9,1,5,4,5,13,4,4,1,4,5,1,12,1,69,2,8,5,1,7,10,1,10,1,13,,100,,1,22,121.5682683,25.0361565
113,12,13,14,18,2,07信義區,信義區松仁路101號對面,0,0,1,2,B02,8,6,5,50,14,9,1,5,4,5,13,4,4,1,4,5,1,12,1,31,3,10,7,1,7,9,1,8,1,5,,108,,1,22,121.5682683,25.0361565
113,12,13,15,4,2,10文山區,文山區興隆路4段與興隆路4段122巷口,0,0,1,1,C03,6,6,5,50,4,1,1,4,4,5,13,1,1,10,5,5,2,15,1,20,3,10,6,1,7,9,1,10,1,11,,81,,1,21,121.5623112,24.982611