發生年度,發生月,發生日,發生時-Hours,發生分,處理別-編號,區序,肇事地點,死亡人數,2-30日死亡人數,受傷人數,當事人序號,車種,天候,道路照明設備,道路類別,速限-速度限制,道路型態,事故位置,路面狀況1,路面狀況2,路面狀況3,道路障礙1,道路障礙2,號誌1,號誌2,車道劃分-分向,車道劃分-分道1,車道劃分-分道2,車道劃分-分道3,事故類型及型態,性別,年齡,受傷程度,主要傷處,保護裝置,行動電話,車輛用途,當事者行動狀態,駕駛資格情形,駕駛執照種類,飲酒情形,車輛撞擊部位1,車輛撞擊部位2,肇因碼-個別,肇因碼-主要,個人肇逃否,職業,座標-X,座標-Y
113,12,13,15,4,2,10文山區,文山區興隆路4段與興隆路4段122巷口,0,0,1,2,C03,6,6,5,50,4,1,1,4,4,5,13,1,1,10,5,5,2,15,1,35,2,2,6,1,7,9,1,10,1,14,,44,,1,21,121.5623112,24.982611
113,12,13,15,22,2,06松山區,松山區八德路4段709巷2號,0,0,1,1,C03,7,7,5,30,14,9,1,5,4,5,13,4,4,10,5,5,2,17,2,50,2,8,5,1,7,6,1,10,2,11,,80,,1,22,121.5767914,25.05040433
113,12,13,15,22,2,06松山區,松山區八德路4段709巷2號,0,0,1,2,B01,7,7,5,30,14,9,1,5,4,5,13,4,4,10,5,5,2,17,1,59,3,10,7,1,7,9,1,4,2,4,,14,,1,22,121.5767914,25.05040433
113,12,13,15,43,2,10文山區,文山區和平東路4段與和平東路4段381巷口,0,0,2,1,B03,7,6,5,30,3,1,1,4,4,5,13,4,4,10,5,5,2,17,1,68,3,10,7,1,7,6,1,8,11,17,,80,,1,21,121.5740205,24.9994436
113,12,13,15,43,2,10文山區,文山區和平東路4段與和平東路4段381巷口,0,0,2,2,C03,7,6,5,30,3,1,1,4,4,5,13,4,4,10,5,5,2,17,1,21,2,9,6,1,7,9,1,10,1,17,,42,,1,21,121.5740205,24.9994436
113,12,13,15,43,2,10文山區,文山區和平東路4段與和平東路4段381巷口,0,0,2,3,H02,7,6,5,30,3,1,1,4,4,5,13,4,4,10,5,5,2,17,1,60,2,9,6,5,7,17,8,20,10,16,,67,,1,21,121.5740205,24.9994436
113,12,13,15,46,2,08士林區,士林區福華路與福華路166巷口,0,0,1,4,B01,7,7,5,50,3,1,1,5,4,5,13,4,4,10,4,5,1,13,2,51,3,10,7,1,7,14,1,4,2,4,,44,,1,21,121.5224081,25.1045583
113,12,13,15,46,2,08士林區,士林區福華路與福華路166巷口,0,0,1,5,,7,7,5,50,3,1,1,5,4,5,13,4,4,10,4,5,1,13,3,64,,,,,,,,,,,,67,,1,,121.5224081,25.1045583
113,12,13,15,46,2,08士林區,士林區福華路與福華路166巷口,0,0,1,6,C03,7,7,5,50,3,1,1,5,4,5,13,4,4,10,4,5,1,13,1,24,3,10,3,1,7,13,1,10,11,15,,44,,1,21,121.5224081,25.1045583
113,12,13,15,46,2,08士林區,士林區福華路與福華路166巷口,0,0,1,7,C03,7,7,5,50,3,1,1,5,4,5,13,4,4,10,4,5,1,13,1,63,3,10,3,1,7,13,1,10,11,15,,44,,1,21,121.5224081,25.1045583
113,12,13,15,46,2,08士林區,士林區福華路與福華路166巷口,0,0,1,8,C03,7,7,5,50,3,1,1,5,4,5,13,4,4,10,4,5,1,13,1,28,3,10,3,1,7,13,1,10,11,15,,44,,1,21,121.5224081,25.1045583
113,12,13,15,46,2,08士林區,士林區福華路與福華路166巷口,0,0,1,9,F03,7,7,5,50,3,1,1,5,4,5,13,4,4,10,4,5,1,13,2,34,3,10,2,4,7,13,8,20,11,17,,44,,1,21,121.5224081,25.1045583
113,12,13,15,46,2,08士林區,士林區福華路與福華路166巷口,0,0,1,1,B01,7,7,5,50,3,1,1,5,4,5,13,4,4,10,4,5,1,13,1,63,3,10,7,1,7,9,1,4,2,1,,108,,1,21,121.5224081,25.1045583
113,12,13,15,46,2,08士林區,士林區福華路與福華路166巷口,0,0,1,2,C03,7,7,5,50,3,1,1,5,4,5,13,4,4,10,4,5,1,13,1,42,2,9,6,1,7,14,1,10,2,13,,44,,1,21,121.5224081,25.1045583
113,12,13,15,46,2,08士林區,士林區福華路與福華路166巷口,0,0,1,3,B01,7,7,5,50,3,1,1,5,4,5,13,4,4,10,4,5,1,13,1,65,3,10,7,1,7,14,1,4,2,4,,44,,1,21,121.5224081,25.1045583
113,12,13,15,49,2,10文山區,文山區木柵路3段191號,0,0,1,1,B01,7,6,5,50,14,9,2,5,4,5,13,4,4,9,5,5,2,17,1,66,3,10,3,4,7,9,1,4,1,2,,118,,1,21,121.5700049,24.9900462
113,12,13,15,49,2,10文山區,文山區木柵路3段191號,0,0,1,2,C03,7,6,5,50,14,9,2,5,4,5,13,4,4,9,5,5,2,17,1,66,2,9,5,4,7,4,1,10,1,14,,107,,1,21,121.5700049,24.9900462
113,12,13,15,51,2,03中山區,中山區北安路85號,0,0,2,1,C03,7,6,5,50,14,9,1,5,4,5,13,4,4,1,4,5,2,13,1,30,2,9,6,4,7,9,1,10,1,11,,16,,1,22,121.5298467,25.07839836
113,12,13,15,51,2,03中山區,中山區北安路85號,0,0,2,2,C03,7,6,5,50,14,9,1,5,4,5,13,4,4,1,4,5,2,13,1,19,3,10,6,4,7,14,1,10,1,13,,44,,1,22,121.5298467,25.07839836
113,12,13,15,51,2,03中山區,中山區北安路85號,0,0,2,3,C03,7,6,5,50,14,9,1,5,4,5,13,4,4,1,4,5,2,13,1,33,2,8,6,4,7,9,1,10,1,11,,16,,1,22,121.5298467,25.07839836
113,12,13,15,51,2,03中山區,中山區北安路85號,0,0,2,4,H01,7,6,5,50,14,9,1,5,4,5,13,4,4,1,4,5,2,13,1,52,3,10,4,5,8,20,8,20,10,16,,54,,1,22,121.5298467,25.07839836
113,12,13,15,57,2,01大同區,大同區涼州街42號,0,0,1,1,B02,7,6,5,50,14,9,1,5,4,5,13,4,4,10,4,5,2,12,1,52,3,10,3,4,7,3,1,8,1,4,,80,,1,21,121.512216,25.0606907
113,12,13,15,57,2,01大同區,大同區涼州街42號,0,0,1,2,C03,7,6,5,50,14,9,1,5,4,5,13,4,4,10,4,5,2,12,2,21,2,9,5,1,7,9,1,10,1,12,,44,,1,21,121.512216,25.0606907
113,12,13,15,57,2,01大同區,大同區涼州街42號,0,0,1,3,A02,7,6,5,50,14,9,1,5,4,5,13,4,4,10,4,5,2,12,1,59,3,10,3,4,7,9,1,2,1,8,,44,,1,21,121.512216,25.0606907
113,12,13,16,10,2,03中山區,中山區南京東路1段林森公園,0,0,2,1,C04,7,6,5,50,14,7,1,5,4,5,13,4,4,3,4,4,2,17,2,60,2,9,6,1,7,9,1,11,1,11,,108,,1,21,121.5265043,25.05221417
113,12,13,16,10,2,03中山區,中山區南京東路1段林森公園,0,0,2,2,B01,7,6,5,50,14,7,1,5,4,5,13,4,4,3,4,4,2,17,1,47,3,10,7,1,7,9,1,4,1,6,,44,,1,21,121.5265043,25.05221417
113,12,13,16,10,2,03中山區,中山區南京東路1段林森公園,0,0,2,3,C03,7,6,5,50,14,7,1,5,4,5,13,4,4,3,4,4,2,17,2,75,2,9,6,1,7,9,1,10,1,11,,16,,1,21,121.5265043,25.05221417
113,12,13,16,14,2,04大安區,大安區敦南街51號與無名巷口,0,0,1,1,C03,7,6,5,30,3,1,1,5,4,5,13,4,4,10,5,5,2,16,1,24,3,10,6,1,7,5,1,10,1,17,,27,,1,21,121.5466259,25.0229812
113,12,13,16,14,2,04大安區,大安區敦南街51號與無名巷口,0,0,1,2,C03,7,6,5,30,3,1,1,5,4,5,13,4,4,10,5,5,2,16,1,21,2,8,6,1,7,9,1,10,1,12,,42,,1,21,121.5466259,25.0229812
113,12,13,16,28,2,05中正區,中正區汀州路3段223號,0,0,1,3,B03,7,5,5,50,14,9,1,5,4,5,13,4,4,9,5,5,2,17,2,58,3,10,7,1,7,1,1,8,9,4,,19,,1,22,121.5339332,25.0139297
113,12,13,16,28,2,05中正區,中正區汀州路3段223號,0,0,1,2,C03,7,5,5,50,14,9,1,5,4,5,13,4,4,9,5,5,2,17,2,40,2,9,5,1,7,14,1,10,2,13,,44,,1,22,121.5339332,25.0139297
113,12,13,16,28,2,05中正區,中正區汀州路3段223號,0,0,1,1,B03,7,5,5,50,14,9,1,5,4,5,13,4,4,9,5,5,2,17,1,26,3,10,7,1,7,9,1,8,2,5,,16,,1,22,121.5339332,25.0139297
113,12,13,16,28,2,05中正區,中正區汀州路3段223號,0,0,1,4,H02,7,5,5,50,14,9,1,5,4,5,13,4,4,9,5,5,2,17,1,3,4,11,5,5,7,20,8,20,10,16,,58,,1,22,121.5339332,25.0139297
113,12,13,16,29,2,09北投區,北投區中央北路4段322號對面,0,0,1,1,C03,7,6,5,50,14,7,1,5,4,5,13,4,4,9,4,5,2,13,2,52,2,9,5,1,7,9,1,10,2,12,,108,,1,21,121.4725773,25.1306858
113,12,13,16,29,2,09北投區,北投區中央北路4段322號對面,0,0,1,2,C03,7,6,5,50,14,7,1,5,4,5,13,4,4,9,4,5,2,13,1,29,3,10,6,1,7,9,1,10,2,14,,44,,1,21,121.4725773,25.1306858
113,12,13,16,29,2,09北投區,北投區中央北路4段322號對面,0,0,1,3,A02,7,6,5,50,14,7,1,5,4,5,13,4,4,9,4,5,2,13,1,60,3,10,7,1,7,9,1,2,2,1,,44,,1,21,121.4725773,25.1306858
113,12,13,16,31,2,04大安區,大安區龍泉街與泰順街26巷口,0,0,1,1,B01,7,6,5,30,3,1,1,5,4,3,10,4,4,10,5,5,2,17,1,63,3,10,7,1,7,14,1,4,9,2,,38,,2,21,121.5292991,25.0249585
113,12,13,16,31,2,04大安區,大安區龍泉街與泰順街26巷口,0,0,1,2,C03,7,6,5,30,3,1,1,5,4,3,10,4,4,10,5,5,2,17,1,53,2,9,6,1,7,9,1,10,9,14,,44,,1,21,121.5292991,25.0249585
113,12,13,16,31,2,04大安區,大安區龍泉街與泰順街26巷口,0,0,1,3,H02,7,6,5,30,3,1,1,5,4,3,10,4,4,10,5,5,2,17,3,37,,,,,,,,,,,,67,,1,,121.5292991,25.0249585
113,12,13,16,41,2,10文山區,文山區新光路1段52號旁,0,0,1,1,C03,7,6,5,50,14,9,1,5,4,5,13,4,4,9,5,5,2,17,2,18,2,9,6,1,7,9,1,10,1,14,,42,,1,21,121.5737271,24.98994909
113,12,13,16,41,2,10文山區,文山區新光路1段52號旁,0,0,1,2,B03,7,6,5,50,14,9,1,5,4,5,13,4,4,9,5,5,2,17,2,54,3,10,7,1,7,9,1,8,1,4,,44,,1,21,121.5737271,24.98994909
113,12,13,16,41,2,10文山區,文山區新光路1段52號旁,0,0,1,3,C03,7,6,5,50,14,9,1,5,4,5,13,4,4,9,5,5,2,17,1,26,3,10,6,1,7,9,1,10,1,11,,44,,1,21,121.5737271,24.98994909
113,12,13,17,0,2,12內湖區,內湖區內湖路1段與內湖路1段91巷口,0,0,1,1,F01,8,5,5,50,4,2,1,5,4,5,13,2,1,1,4,5,2,17,1,35,3,10,4,1,7,7,8,20,1,11,,101,,1,21,121.5613007,25.0844877
113,12,13,17,0,2,12內湖區,內湖區內湖路1段與內湖路1段91巷口,0,0,1,2,C03,8,5,5,50,4,2,1,5,4,5,13,2,1,1,4,5,2,17,2,58,2,8,6,1,7,9,1,10,1,11,,44,,1,21,121.5613007,25.0844877
113,12,13,17,1,2,06松山區,松山區光復北路與民生東路5段口,0,0,1,1,A02,7,5,5,50,4,1,1,5,4,5,13,1,1,1,4,5,2,9,1,59,3,10,2,1,7,12,1,2,1,17,,118,,1,21,121.5554777,25.0583184
113,12,13,17,1,2,06松山區,松山區光復北路與民生東路5段口,0,0,1,2,H02,7,5,5,50,4,1,1,5,4,5,13,1,1,1,4,5,2,9,2,60,2,9,4,5,7,17,8,20,10,16,,67,,1,21,121.5554777,25.0583184
113,12,13,17,17,2,12內湖區,內湖區新明路與新明路351巷口,0,0,2,1,C04,7,5,5,50,3,2,1,5,4,5,13,4,4,5,4,5,2,17,1,71,2,8,5,1,7,10,1,10,1,12,,72,,1,21,121.58311,25.0563566
113,12,13,17,17,2,12內湖區,內湖區新明路與新明路351巷口,0,0,2,2,C03,7,5,5,50,3,2,1,5,4,5,13,4,4,5,4,5,2,17,1,42,3,10,5,1,7,9,1,10,1,11,,44,,1,21,121.58311,25.0563566
113,12,13,17,17,2,12內湖區,內湖區新明路與新明路351巷口,0,0,2,3,B03,7,5,5,50,3,2,1,5,4,5,13,4,4,5,4,5,2,17,2,41,2,1,7,1,7,14,1,8,1,2,,44,,1,21,121.58311,25.0563566
113,12,13,17,37,2,07信義區,信義區忠孝東路5段71巷與基隆路1段147巷口,0,0,1,1,B03,7,5,5,30,4,2,1,5,4,5,13,4,4,10,5,5,2,1,1,49,3,10,7,1,7,5,1,8,2,8,,8,,1,21,121.5673801,25.0423667
113,12,13,17,37,2,07信義區,信義區忠孝東路5段71巷與基隆路1段147巷口,0,0,1,2,H01,7,5,5,30,4,2,1,5,4,5,13,4,4,10,5,5,2,1,2,37,2,7,4,5,8,16,8,20,10,16,,67,,1,21,121.5673801,25.0423667
113,12,13,17,50,2,12內湖區,內湖區安美街與潭美街口,0,0,1,1,B01,8,5,5,40,5,1,1,5,4,5,13,1,1,10,5,5,2,16,1,52,3,10,7,1,7,6,1,3,2,2,,9,,1,21,121.5963198,25.0604309
113,12,13,17,50,2,12內湖區,內湖區安美街與潭美街口,0,0,1,2,C03,8,5,5,40,5,1,1,5,4,5,13,1,1,10,5,5,2,16,1,31,2,8,6,1,7,9,1,10,2,14,,44,,1,21,121.5963198,25.0604309
113,12,13,18,6,2,12內湖區,內湖區康寧路3段與安康路口,0,0,1,1,B03,8,5,5,50,5,1,1,5,4,5,13,1,1,8,3,5,1,17,1,52,3,10,7,1,7,5,1,8,2,2,,108,,1,21,121.6107825,25.0653972
113,12,13,18,6,2,12內湖區,內湖區康寧路3段與安康路口,0,0,1,2,C03,8,5,5,50,5,1,1,5,4,5,13,1,1,8,3,5,1,17,2,68,2,9,6,1,7,5,1,10,2,14,,44,,1,21,121.6107825,25.0653972
113,12,13,18,18,2,02萬華區,萬華區光復橋下橋處南往北,0,0,1,1,C03,7,5,7,50,10,9,1,4,4,5,13,2,1,10,3,5,2,13,2,27,2,8,6,1,7,8,1,10,9,13,,101,,1,21,121.4923326,25.0256614
113,12,13,18,18,2,02萬華區,萬華區光復橋下橋處南往北,0,0,1,2,C03,7,5,7,50,10,9,1,4,4,5,13,2,1,10,3,5,2,13,1,39,3,10,6,1,7,9,1,10,1,12,,44,,1,21,121.4923326,25.0256614
113,12,13,18,18,2,02萬華區,萬華區光復橋下橋處南往北,0,0,1,3,B03,7,5,7,50,10,9,1,4,4,5,13,2,1,10,3,5,2,13,2,52,3,10,7,1,7,15,1,8,9,8,,114,,1,21,121.4923326,25.0256614
113,12,13,18,22,2,04大安區,大安區基隆路4段138號,0,0,1,1,C04,7,5,5,50,14,9,1,5,4,5,13,4,4,1,3,1,2,12,1,42,2,8,6,1,7,8,1,11,1,13,,17,,1,21,121.5401562,25.0138735
113,12,13,18,22,2,04大安區,大安區基隆路4段138號,0,0,1,2,B03,7,5,5,50,14,9,1,5,4,5,13,4,4,1,3,1,2,12,2,53,3,10,7,1,7,9,1,8,1,4,,14,,1,21,121.5401562,25.0138735
113,12,13,18,24,2,02萬華區,萬華區青年路與青年路30巷口,0,0,1,1,B03,6,5,5,30,3,1,1,4,4,5,13,2,1,8,3,5,1,16,1,43,3,10,3,4,7,11,1,8,1,8,,10,,1,22,121.5052263,25.0256934
113,12,13,18,24,2,02萬華區,萬華區青年路與青年路30巷口,0,0,1,2,C03,6,5,5,30,3,1,1,4,4,5,13,2,1,8,3,5,1,16,1,21,2,9,3,4,7,9,1,10,1,11,,94,,1,22,121.5052263,25.0256934
113,12,13,18,54,2,09北投區,距承德路7段與承德路7段413巷口往南第一支反光警示桿,0,0,1,1,C03,7,5,5,30,11,9,2,5,4,5,13,4,4,10,5,5,2,29,2,28,2,9,5,1,7,9,1,10,1,12,,118,,1,22,121.5002899,25.11915207
113,12,13,18,54,2,09北投區,距承德路7段與承德路7段413巷口往南第一支反光警示桿,0,0,1,2,,7,5,5,30,11,9,2,5,4,5,13,4,4,10,5,5,2,29,3,0,,,,,,,,,,,,67,,1,,121.5002899,25.11915207
113,12,13,19,25,2,07信義區,信義區信義路5段17號附近側附近,0,0,1,1,C03,8,5,5,50,14,9,1,5,4,5,13,4,4,8,3,5,1,13,1,53,3,10,5,1,7,9,1,10,1,11,,16,,1,21,121.5682346,25.033149
113,12,13,19,25,2,07信義區,信義區信義路5段17號附近側附近,0,0,1,2,C03,8,5,5,50,14,9,1,5,4,5,13,4,4,8,3,5,1,13,2,48,2,7,6,1,7,9,1,10,1,13,,44,,1,21,121.5682346,25.033149
113,12,13,20,20,2,12內湖區,內湖區瑞光路與港墘路口,0,0,1,1,B03,7,5,5,50,4,1,1,5,4,5,13,1,1,1,1,4,1,12,2,52,3,10,3,4,7,15,1,8,1,5,,44,,1,21,121.5748008,25.0764062
113,12,13,20,20,2,12內湖區,內湖區瑞光路與港墘路口,0,0,1,2,C03,7,5,5,50,4,1,1,5,4,5,13,1,1,1,1,4,1,12,2,26,2,9,3,4,7,15,1,10,1,14,,86,,1,21,121.5748008,25.0764062
113,12,13,21,7,2,08士林區,士林區百齡橋7510213燈桿,0,0,4,1,C03,7,5,5,50,14,9,1,5,4,5,13,4,4,3,5,5,2,13,1,18,2,8,6,1,7,9,1,10,1,11,,16,,1,21,121.5137894,25.0890374
113,12,13,21,7,2,08士林區,士林區百齡橋7510213燈桿,0,0,4,2,C03,7,5,5,50,14,9,1,5,4,5,13,4,4,3,5,5,2,13,1,18,2,9,6,1,7,9,1,10,1,13,,108,,1,21,121.5137894,25.0890374
113,12,13,21,7,2,08士林區,士林區百齡橋7510213燈桿,0,0,4,3,F01,7,5,5,50,14,9,1,5,4,5,13,4,4,3,5,5,2,13,1,51,2,8,4,1,7,9,8,20,1,14,,44,,1,21,121.5137894,25.0890374
113,12,13,21,7,2,08士林區,士林區百齡橋7510213燈桿,0,0,4,4,H02,7,5,5,50,14,9,1,5,4,5,13,4,4,3,5,5,2,13,1,18,2,9,6,5,7,20,8,20,10,16,,67,,1,21,121.5137894,25.0890374
113,12,13,21,12,2,11南港區,南港區舊莊街1段與舊莊街1段91巷口,0,0,1,1,B03,7,5,5,50,3,1,1,5,4,5,13,3,1,8,3,5,2,11,1,34,3,10,3,4,7,11,1,8,6,4,,21,,1,21,121.6191319,25.0407712
113,12,13,21,12,2,11南港區,南港區舊莊街1段與舊莊街1段91巷口,0,0,1,2,B03,7,5,5,50,3,1,1,5,4,5,13,3,1,8,3,5,2,11,1,67,3,10,3,4,7,9,1,8,2,1,,16,,1,21,121.6191319,25.0407712
113,12,13,21,12,2,11南港區,南港區舊莊街1段與舊莊街1段91巷口,0,0,1,3,C03,7,5,5,50,3,1,1,5,4,5,13,3,1,8,3,5,2,11,1,19,2,8,3,4,7,9,1,10,2,11,,16,,1,21,121.6191319,25.0407712
113,12,13,21,43,2,05中正區,中正區中山南路與青島西路口,0,0,2,1,C03,7,5,5,50,4,1,1,5,4,5,13,1,1,10,4,5,2,17,1,39,2,8,6,4,7,5,1,10,1,11,,74,,1,22,121.5191622,25.0445745
113,12,13,21,43,2,05中正區,中正區中山南路與青島西路口,0,0,2,2,C03,7,5,5,50,4,1,1,5,4,5,13,1,1,10,4,5,2,17,1,34,2,7,6,4,7,9,1,10,1,11,,44,,1,22,121.5191622,25.0445745
113,12,13,21,44,2,11南港區,南港區市民大道7段與玉成街口,0,0,1,1,B03,8,5,5,30,4,1,1,5,4,5,13,2,1,5,4,5,2,10,1,66,3,10,7,1,7,4,1,8,1,1,,1,,1,21,121.5814347,25.0490357
113,12,13,21,44,2,11南港區,南港區市民大道7段與玉成街口,0,0,1,2,C03,8,5,5,30,4,1,1,5,4,5,13,2,1,5,4,5,2,10,2,35,2,8,5,1,7,9,1,10,1,11,,44,,1,21,121.5814347,25.0490357
113,12,13,22,6,2,09北投區,北投區石牌路2段與石牌路2段97巷口,0,0,1,1,B03,7,5,5,50,4,1,1,5,4,5,13,4,4,5,4,5,2,16,1,54,3,10,7,1,7,15,1,8,1,6,,118,,1,22,121.5166547,25.1175438
113,12,13,22,6,2,09北投區,北投區石牌路2段與石牌路2段97巷口,0,0,1,2,C03,7,5,5,50,4,1,1,5,4,5,13,4,4,5,4,5,2,16,1,22,2,7,5,1,7,15,1,10,1,14,,44,,1,22,121.5166547,25.1175438
113,12,13,22,11,2,05中正區,中正區羅斯福路1段7號,0,0,2,1,C03,7,5,5,40,14,8,1,5,4,5,13,4,4,3,4,4,2,13,1,33,3,10,5,1,7,9,1,10,9,11,,42,,1,21,121.517892,25.0334352
113,12,13,22,11,2,05中正區,中正區羅斯福路1段7號,0,0,2,2,C03,7,5,5,40,14,8,1,5,4,5,13,4,4,3,4,4,2,13,1,20,2,8,5,1,7,12,1,10,1,13,,42,,1,21,121.517892,25.0334352
113,12,13,22,11,2,05中正區,中正區羅斯福路1段7號,0,0,2,3,C04,7,5,5,40,14,8,1,5,4,5,13,4,4,3,4,4,2,13,2,27,2,8,5,1,7,9,1,10,9,13,,42,,1,21,121.517892,25.0334352
113,12,13,23,43,2,01大同區,大同區長安西路與塔城街口,0,0,1,1,B03,7,5,5,50,4,1,1,5,4,5,13,1,1,5,2,5,2,17,1,45,3,10,7,1,7,5,1,8,2,8,,8,,1,21,121.5103775,25.052029
113,12,13,23,43,2,01大同區,大同區長安西路與塔城街口,0,0,1,2,C03,7,5,5,50,4,1,1,5,4,5,13,1,1,5,2,5,2,17,1,30,2,9,5,1,7,9,1,10,2,14,,44,,1,21,121.5103775,25.052029
113,12,13,23,43,2,01大同區,大同區長安西路與塔城街口,0,0,1,3,C03,7,5,5,50,4,1,1,5,4,5,13,1,1,5,2,5,2,17,1,37,3,10,6,1,7,13,1,10,11,14,,38,,1,21,121.5103775,25.052029
113,12,14,0,24,2,01大同區,大同區酒泉街與酒泉街103巷口,0,0,3,1,C03,7,5,5,50,3,1,1,5,4,5,13,4,4,5,2,5,2,17,1,47,2,9,6,1,7,5,1,10,2,11,,98,,1,21,121.5148873,25.07199643
113,12,14,0,24,2,01大同區,大同區酒泉街與酒泉街103巷口,0,0,3,2,C03,7,5,5,50,3,1,1,5,4,5,13,4,4,5,2,5,2,17,2,22,2,9,5,1,7,9,1,10,2,11,,44,,1,21,121.5148873,25.07199643
113,12,14,0,24,2,01大同區,大同區酒泉街與酒泉街103巷口,0,0,3,3,H02,7,5,5,50,3,1,1,5,4,5,13,4,4,5,2,5,2,17,2,20,2,9,4,5,7,20,8,20,10,16,,67,,1,21,121.5148873,25.07199643
113,12,14,1,6,2,07信義區,信義區松山路480號,0,0,1,1,B01,7,5,5,50,14,9,1,5,4,5,13,4,4,1,4,5,2,16,1,62,3,10,3,4,7,6,1,4,2,5,,9,,1,21,121.5777207,25.0399023
113,12,14,1,6,2,07信義區,信義區松山路480號,0,0,1,2,C03,7,5,5,50,14,9,1,5,4,5,13,4,4,1,4,5,2,16,2,25,2,9,6,1,7,9,1,10,2,14,,44,,1,21,121.5777207,25.0399023
113,12,14,1,9,2,10文山區,文山區興隆路2段與興隆路2段154巷口,0,0,1,1,B01,7,5,5,50,3,1,1,4,4,5,13,3,1,5,5,5,2,17,1,47,3,10,7,1,7,5,1,4,1,17,,74,,1,21,121.5509763,25.0015002
113,12,14,1,9,2,10文山區,文山區興隆路2段與興隆路2段154巷口,0,0,1,2,C03,7,5,5,50,3,1,1,4,4,5,13,3,1,5,5,5,2,17,2,34,2,9,6,1,7,9,1,10,1,14,,14,,1,21,121.5509763,25.0015002
113,12,14,1,41,2,04大安區,大安區辛亥路3段(辛亥芳蘭往東第一個號誌),0,0,1,1,B03,7,5,5,50,14,9,1,5,4,5,13,3,1,9,3,5,2,12,2,52,3,10,7,1,7,9,1,8,1,6,,118,,1,21,121.5497803,25.01623347
113,12,14,1,41,2,04大安區,大安區辛亥路3段(辛亥芳蘭往東第一個號誌),0,0,1,2,C03,7,5,5,50,14,9,1,5,4,5,13,3,1,9,3,5,2,12,1,29,3,10,6,1,7,9,1,10,1,14,,118,,1,21,121.5497803,25.01623347
113,12,14,1,41,2,04大安區,大安區辛亥路3段(辛亥芳蘭往東第一個號誌),0,0,1,3,H02,7,5,5,50,14,9,1,5,4,5,13,3,1,9,3,5,2,12,2,30,2,8,6,5,7,20,8,20,10,16,,67,,1,21,121.5497803,25.01623347
113,12,14,1,47,2,01大同區,大同區民權西路與民權西路144巷口,0,0,1,1,B02,7,5,5,40,4,2,1,5,4,5,13,1,1,1,4,5,2,17,1,29,3,10,7,1,7,6,1,8,1,6,,98,,1,21,121.5159321,25.06290848
113,12,14,1,47,2,01大同區,大同區民權西路與民權西路144巷口,0,0,1,2,C03,7,5,5,40,4,2,1,5,4,5,13,1,1,1,4,5,2,17,1,27,2,9,5,1,7,9,1,10,1,11,,44,,1,21,121.5159321,25.06290848
113,12,14,5,25,2,12內湖區,內湖區民權東路6段280巷42號,0,0,1,1,C03,7,5,5,30,14,9,1,5,4,5,13,4,4,10,5,5,2,18,1,68,2,1,2,1,7,9,1,10,9,12,,42,,1,21,121.6070272,25.0692689
113,12,14,5,25,2,12內湖區,內湖區民權東路6段280巷42號,0,0,1,2,,7,5,5,30,14,9,1,5,4,5,13,4,4,10,5,5,2,18,3,0,,,,,,,,,,,,67,,1,,121.6070272,25.0692689
113,12,14,8,0,2,07信義區,信義區基隆路2段62號,0,0,1,1,C03,7,5,5,50,14,9,1,5,4,5,13,4,4,1,4,5,2,13,2,24,2,9,6,1,7,9,1,10,1,11,,107,,1,21,121.558225,25.0309879
113,12,14,8,0,2,07信義區,信義區基隆路2段62號,0,0,1,2,B03,7,5,5,50,14,9,1,5,4,5,13,4,4,1,4,5,2,13,1,45,3,10,7,4,7,13,1,8,1,3,,38,,1,21,121.558225,25.0309879
113,12,14,8,25,2,10文山區,文山區莊敬隧道南往北,0,0,1,1,F01,8,5,5,40,6,9,1,5,4,5,13,4,4,5,5,5,1,18,2,63,2,9,4,1,7,9,8,20,1,14,,42,,1,21,121.5662495,25.0073156
113,12,14,8,25,2,10文山區,文山區莊敬隧道南往北,0,0,1,2,,8,5,5,40,6,9,1,5,4,5,13,4,4,5,5,5,1,18,3,0,,,,,,,,,,,,67,,1,,121.5662495,25.0073156
113,12,14,9,13,2,12內湖區,內湖區大湖山莊街176巷與成功路4段294巷口,0,0,1,1,H03,8,7,5,30,4,1,1,5,4,5,13,4,4,10,5,5,2,9,1,56,3,10,4,5,8,20,8,20,10,16,,60,,1,21,121.5993499,25.0867904
113,12,14,9,13,2,12內湖區,內湖區大湖山莊街176巷與成功路4段294巷口,0,0,1,2,C03,8,7,5,30,4,1,1,5,4,5,13,4,4,10,5,5,2,9,1,51,2,3,5,1,7,9,1,10,1,15,,44,,1,21,121.5993499,25.0867904
113,12,14,9,21,2,12內湖區,內湖區康樂街204-8號前,0,0,1,1,B03,8,5,5,50,14,9,1,5,4,5,13,4,4,9,5,5,2,16,1,74,3,10,7,1,7,1,1,8,9,8,,19,,2,21,121.6216979,25.0763344
113,12,14,9,21,2,12內湖區,內湖區康樂街204-8號前,0,0,1,2,C03,8,5,5,50,14,9,1,5,4,5,13,4,4,9,5,5,2,16,2,20,2,9,6,1,7,9,1,10,9,12,,44,,1,21,121.6216979,25.0763344