發生年度,發生月,發生日,發生時-Hours,發生分,處理別-編號,區序,肇事地點,死亡人數,2-30日死亡人數,受傷人數,當事人序號,車種,天候,道路照明設備,道路類別,速限-速度限制,道路型態,事故位置,路面狀況1,路面狀況2,路面狀況3,道路障礙1,道路障礙2,號誌1,號誌2,車道劃分-分向,車道劃分-分道1,車道劃分-分道2,車道劃分-分道3,事故類型及型態,性別,年齡,受傷程度,主要傷處,保護裝置,行動電話,車輛用途,當事者行動狀態,駕駛資格情形,駕駛執照種類,飲酒情形,車輛撞擊部位1,車輛撞擊部位2,肇因碼-個別,肇因碼-主要,個人肇逃否,職業,座標-X,座標-Y
113,12,14,9,21,2,12內湖區,內湖區康樂街204-8號前,0,0,1,3,B03,8,5,5,50,14,9,1,5,4,5,13,4,4,9,5,5,2,16,1,53,3,10,7,1,7,14,1,8,9,17,,38,,1,21,121.6216979,25.0763344
113,12,14,10,44,2,07信義區,信義區基隆路1段35巷21號,0,0,1,1,C03,7,6,5,30,14,9,1,5,4,5,13,4,4,10,5,5,2,16,1,33,3,10,6,1,7,6,1,10,1,11,,9,,1,21,121.5708271,25.0469672
113,12,14,10,44,2,07信義區,信義區基隆路1段35巷21號,0,0,1,2,C03,7,6,5,30,14,9,1,5,4,5,13,4,4,10,5,5,2,16,1,51,3,10,6,1,7,9,1,10,1,14,,44,,1,21,121.5708271,25.0469672
113,12,14,10,44,2,07信義區,信義區基隆路1段35巷21號,0,0,1,3,H02,7,6,5,30,14,9,1,5,4,5,13,4,4,10,5,5,2,16,2,52,2,8,6,5,7,20,8,20,10,17,,67,,1,21,121.5708271,25.0469672
113,12,14,11,9,2,08士林區,士林區天母西路33號,0,0,1,1,B02,7,6,5,50,14,9,1,5,4,5,13,4,4,5,5,5,2,17,1,44,3,10,7,1,7,5,1,8,2,4,,8,,1,21,121.5279581,25.11846005
113,12,14,11,9,2,08士林區,士林區天母西路33號,0,0,1,2,C03,7,6,5,50,14,9,1,5,4,5,13,4,4,5,5,5,2,17,1,43,2,9,6,1,7,9,1,10,2,11,,44,,1,21,121.5279581,25.11846005
113,12,14,11,10,2,07信義區,信義區逸仙路48號,0,0,2,1,C03,8,6,5,50,14,9,1,5,4,5,13,4,4,9,4,5,2,17,1,32,2,7,6,1,7,8,1,10,1,13,,100,,1,22,121.5615265,25.0404833
113,12,14,11,10,2,07信義區,信義區逸仙路48號,0,0,2,2,A02,8,6,5,50,14,9,1,5,4,5,13,4,4,9,4,5,2,17,1,62,3,10,7,1,7,9,1,1,1,5,,44,,1,22,121.5615265,25.0404833
113,12,14,11,10,2,07信義區,信義區逸仙路48號,0,0,2,3,H02,8,6,5,50,14,9,1,5,4,5,13,4,4,9,4,5,2,17,2,71,2,7,3,5,7,17,8,20,10,16,,67,,1,22,121.5615265,25.0404833
113,12,14,11,42,2,08士林區,士林區延平北路7段106巷211號旁,0,0,1,1,B03,7,6,5,40,14,9,1,5,4,5,13,4,4,10,5,5,2,16,1,69,3,10,7,1,7,5,1,8,1,8,,80,,1,21,121.4960869,25.10247759
113,12,14,11,42,2,08士林區,士林區延平北路7段106巷211號旁,0,0,1,2,C03,7,6,5,40,14,9,1,5,4,5,13,4,4,10,5,5,2,16,1,18,2,8,6,1,7,9,1,10,1,11,,13,,1,21,121.4960869,25.10247759
113,12,14,11,45,2,12內湖區,內湖區五分街83號,0,0,1,1,C03,7,5,5,30,14,9,1,5,4,5,13,4,4,10,5,5,1,8,2,27,3,10,3,4,7,1,1,10,2,11,,42,,1,21,121.6158752,25.0672869
113,12,14,11,45,2,12內湖區,內湖區五分街83號,0,0,1,2,H01,7,5,5,30,14,9,1,5,4,5,13,4,4,10,5,5,1,8,2,64,2,9,4,5,8,17,8,20,10,16,,67,,1,21,121.6158752,25.0672869
113,12,14,12,43,2,08士林區,士林區通河西街1段與重慶北路4段口,0,0,1,1,F02,8,6,5,50,3,1,1,5,4,5,13,2,1,9,2,5,1,15,2,65,2,9,4,1,7,9,8,20,1,12,,81,,1,21,121.5118736,25.08759701
113,12,14,12,43,2,08士林區,士林區通河西街1段與重慶北路4段口,0,0,1,2,B03,8,6,5,50,3,1,1,5,4,5,13,2,1,9,2,5,1,15,1,39,3,10,7,1,7,1,1,8,1,1,,44,,1,21,121.5118736,25.08759701
113,12,14,13,21,2,09北投區,北投區竹子湖路41號旁,0,0,1,1,B02,6,6,5,30,11,9,1,4,4,5,13,4,4,10,5,5,2,10,1,50,3,10,7,1,7,9,1,4,2,8,,5,,1,21,121.5341425,25.1725959
113,12,14,13,21,2,09北投區,北投區竹子湖路41號旁,0,0,1,2,C03,6,6,5,30,11,9,1,4,4,5,13,4,4,10,5,5,2,10,2,26,2,9,5,1,7,9,1,10,2,11,,44,,1,21,121.5341425,25.1725959
113,12,14,14,3,2,03中山區,中山區林森北路357號與林森北路口,0,0,1,1,B01,7,6,5,50,4,1,1,5,4,5,13,4,4,9,4,5,2,17,1,68,3,10,7,1,7,1,1,4,1,2,,19,,1,21,121.5256382,25.05740609
113,12,14,14,3,2,03中山區,中山區林森北路357號與林森北路口,0,0,1,2,C03,7,6,5,50,4,1,1,5,4,5,13,4,4,9,4,5,2,17,1,18,2,9,6,1,7,9,1,10,1,11,,14,,1,21,121.5256382,25.05740609
113,12,14,14,53,2,02萬華區,萬華區華中橋機車道往新北市方向(華中021牌面前),0,0,1,1,C03,7,6,7,40,8,11,1,5,4,4,13,4,4,9,4,3,1,13,1,39,3,10,5,1,7,12,1,10,1,12,14,16,,1,21,121.4954432,25.0160635
113,12,14,14,53,2,02萬華區,萬華區華中橋機車道往新北市方向(華中021牌面前),0,0,1,2,C03,7,6,7,40,8,11,1,5,4,4,13,4,4,9,4,3,1,13,1,57,3,10,5,1,7,12,1,10,1,14,,30,,1,21,121.4954432,25.0160635
113,12,14,14,53,2,02萬華區,萬華區華中橋機車道往新北市方向(華中021牌面前),0,0,1,3,C03,7,6,7,40,8,11,1,5,4,4,13,4,4,9,4,3,1,13,1,59,3,10,5,1,7,12,1,10,1,12,,16,,1,21,121.4954432,25.0160635
113,12,14,14,53,2,02萬華區,萬華區華中橋機車道往新北市方向(華中021牌面前),0,0,1,4,H02,7,6,7,40,8,11,1,5,4,4,13,4,4,9,4,3,1,13,2,57,2,8,5,5,7,21,8,20,10,16,,67,,1,21,121.4954432,25.0160635
113,12,14,15,25,2,05中正區,中正區北平東路與天津街口,0,0,1,1,B03,8,7,5,50,4,1,1,5,4,5,13,1,1,6,4,5,2,17,1,31,3,10,7,1,7,6,1,8,1,2,,9,,1,21,121.5220781,25.0467759
113,12,14,15,25,2,05中正區,中正區北平東路與天津街口,0,0,1,2,C03,8,7,5,50,4,1,1,5,4,5,13,1,1,6,4,5,2,17,2,21,2,9,6,1,7,6,1,10,1,14,,44,,1,21,121.5220781,25.0467759
113,12,14,16,10,2,11南港區,南港區東明街52號,0,0,1,1,B03,8,6,5,30,14,9,1,5,4,5,12,4,4,7,5,5,2,14,1,31,3,10,7,1,7,2,1,8,1,3,,12,,1,21,121.6034542,25.0553961
113,12,14,16,10,2,11南港區,南港區東明街52號,0,0,1,2,C03,8,6,5,30,14,9,1,5,4,5,12,4,4,7,5,5,2,14,2,56,2,9,6,1,7,14,1,10,1,11,,44,,1,21,121.6034542,25.0553961
113,12,14,16,26,2,09北投區,北投區承德路7段188巷與尊賢街口,0,0,2,1,C03,8,7,5,30,4,1,1,5,4,5,13,4,4,10,5,5,1,15,2,24,2,9,6,1,7,9,1,9,1,11,,75,,1,22,121.5086253,25.1143501
113,12,14,16,26,2,09北投區,北投區承德路7段188巷與尊賢街口,0,0,2,2,C03,8,7,5,30,4,1,1,5,4,5,13,4,4,10,5,5,1,15,2,42,2,9,6,1,7,9,1,10,1,11,,108,,1,22,121.5086253,25.1143501
113,12,14,16,58,2,02萬華區,萬華區環河南路1段與武昌街2段口,0,0,2,1,C03,8,5,5,50,4,2,1,5,4,5,13,2,1,4,4,5,2,16,1,48,3,10,6,1,7,8,1,10,1,12,,100,,1,21,121.5025896,25.04583751
113,12,14,16,58,2,02萬華區,萬華區環河南路1段與武昌街2段口,0,0,2,2,C03,8,5,5,50,4,2,1,5,4,5,13,2,1,4,4,5,2,16,1,48,2,8,6,1,7,9,1,10,1,11,,44,,1,21,121.5025896,25.04583751
113,12,14,16,58,2,02萬華區,萬華區環河南路1段與武昌街2段口,0,0,2,3,H02,8,5,5,50,4,2,1,5,4,5,13,2,1,4,4,5,2,16,2,47,2,8,6,5,7,20,8,20,10,16,,67,,1,21,121.5025896,25.04583751
113,12,14,17,12,2,06松山區,松山區敦化北路與民權東路4段口,0,0,1,1,C03,7,5,5,50,4,2,1,4,4,5,13,2,1,1,4,3,2,12,1,22,2,9,6,1,7,7,1,10,1,14,,99,,1,21,121.5508439,25.0610751
113,12,14,17,12,2,06松山區,松山區敦化北路與民權東路4段口,0,0,1,2,A04,7,5,5,50,4,2,1,4,4,5,13,2,1,1,4,3,2,12,1,54,3,10,7,1,7,9,1,2,1,5,,44,,1,21,121.5508439,25.0610751
113,12,14,17,12,2,06松山區,松山區敦化北路與民權東路4段口,0,0,1,3,B02,7,5,5,50,4,2,1,4,4,5,13,2,1,1,4,3,2,12,1,41,3,10,7,1,7,9,1,8,1,4,,44,,1,21,121.5508439,25.0610751
113,12,14,17,15,2,05中正區,中正區愛國西路與公園路口,0,0,1,1,C03,8,5,5,50,11,9,1,5,4,5,13,2,1,1,4,1,2,12,1,19,2,9,6,1,7,15,1,10,2,14,,101,,1,21,121.5146517,25.0352503
113,12,14,17,15,2,05中正區,中正區愛國西路與公園路口,0,0,1,2,C03,8,5,5,50,11,9,1,5,4,5,13,2,1,1,4,1,2,12,1,26,3,10,6,1,7,15,1,10,2,15,,44,,1,21,121.5146517,25.0352503
113,12,14,17,43,2,02萬華區,萬華區環河南路1段348巷與桂林路242巷口,0,0,2,1,C03,7,5,5,50,5,2,1,5,4,5,13,1,1,1,3,5,2,11,1,50,3,10,5,1,7,5,1,10,1,12,,83,,1,21,121.495848,25.0388672
113,12,14,17,43,2,02萬華區,萬華區環河南路1段348巷與桂林路242巷口,0,0,2,2,C03,7,5,5,50,5,2,1,5,4,5,13,1,1,1,3,5,2,11,2,61,2,9,5,1,7,9,1,10,1,12,,44,,1,21,121.495848,25.0388672
113,12,14,17,43,2,02萬華區,萬華區環河南路1段348巷與桂林路242巷口,0,0,2,3,H02,7,5,5,50,5,2,1,5,4,5,13,1,1,1,3,5,2,11,2,44,2,7,5,5,7,17,8,20,10,16,,67,,1,21,121.495848,25.0388672
113,12,14,17,55,2,09北投區,北投區西安街2段與公館路口,0,0,1,1,B03,8,5,5,50,14,9,1,5,4,5,13,1,1,9,4,5,2,16,1,53,3,10,7,1,7,5,6,8,1,2,,80,,1,21,121.5026809,25.1213786
113,12,14,17,55,2,09北投區,北投區西安街2段與公館路口,0,0,1,2,C02,8,5,5,50,14,9,1,5,4,5,13,1,1,9,4,5,2,16,1,37,2,8,5,1,7,9,1,9,1,11,,44,,1,21,121.5026809,25.1213786
113,12,14,18,12,2,05中正區,中正區和平西路1段與南昌路2段口口,0,0,1,1,C03,7,5,5,50,4,1,1,5,4,5,13,1,1,1,4,4,2,17,2,26,2,8,5,1,7,9,1,10,1,17,,116,,1,21,121.520905,25.0268508
113,12,14,18,12,2,05中正區,中正區和平西路1段與南昌路2段口口,0,0,1,2,B03,7,5,5,50,4,1,1,5,4,5,13,1,1,1,4,4,2,17,2,62,3,10,3,4,7,8,1,8,9,17,,101,,1,21,121.520905,25.0268508
113,12,14,19,33,2,02萬華區,萬華區萬大路與萬大路90巷口,0,0,1,1,C03,7,5,5,50,3,2,1,5,4,5,13,1,1,9,5,5,2,13,2,49,2,8,5,1,7,9,1,10,1,11,,44,,1,21,121.5004639,25.0302745
113,12,14,19,33,2,02萬華區,萬華區萬大路與萬大路90巷口,0,0,1,2,C03,7,5,5,50,3,2,1,5,4,5,13,1,1,9,5,5,2,13,2,26,3,10,5,1,7,9,1,10,1,13,,44,,1,21,121.5004639,25.0302745
113,12,14,20,4,2,08士林區,北投區致遠二路與東華街2段口,0,0,1,1,C01,7,5,5,50,4,1,1,5,4,5,13,1,1,5,5,5,2,17,1,49,3,10,6,1,7,9,1,9,2,11,,44,,1,23,121.5135276,25.1178029
113,12,14,20,4,2,08士林區,北投區致遠二路與東華街2段口,0,0,1,2,C03,7,5,5,50,4,1,1,5,4,5,13,1,1,5,5,5,2,17,1,39,2,9,6,1,7,15,1,10,2,12,,44,,1,22,121.5135276,25.1178029
113,12,14,20,33,2,06松山區,松山區健康路174號對面,0,0,1,1,B03,7,5,5,40,14,8,1,5,4,5,13,4,4,1,4,4,2,17,1,47,3,10,7,1,7,10,1,8,1,6,,100,,1,22,121.5583341,25.0539002
113,12,14,20,33,2,06松山區,松山區健康路174號對面,0,0,1,2,C03,7,5,5,40,14,8,1,5,4,5,13,4,4,1,4,4,2,17,1,33,2,7,6,1,7,9,1,10,1,14,,44,,1,22,121.5583341,25.0539002
113,12,14,21,17,2,01大同區,大同區重慶北路3段283號旁,0,0,1,1,B03,8,5,5,50,14,9,1,5,4,5,13,4,4,1,4,5,2,17,1,73,3,10,3,4,7,1,1,8,2,17,,19,,1,21,121.5139227,25.0726543
113,12,14,21,17,2,01大同區,大同區重慶北路3段283號旁,0,0,1,2,C03,8,5,5,50,14,9,1,5,4,5,13,4,4,1,4,5,2,17,2,33,2,9,3,4,7,9,1,10,2,13,,44,,1,21,121.5139227,25.0726543
113,12,14,21,17,2,01大同區,大同區重慶北路3段283號旁,0,0,1,3,B03,8,5,5,50,14,9,1,5,4,5,13,4,4,1,4,5,2,17,1,36,3,10,3,4,7,9,1,8,2,1,,108,,1,21,121.5139227,25.0726543
113,12,14,21,17,2,01大同區,大同區重慶北路3段283號旁,0,0,1,4,B03,8,5,5,50,14,9,1,5,4,5,13,4,4,1,4,5,2,17,1,34,3,10,3,4,7,13,7,19,9,3,,44,,1,21,121.5139227,25.0726543
113,12,14,21,31,2,03中山區,中山區南京東路2段與伊通街口,0,0,3,1,C03,7,5,5,50,4,2,1,5,4,5,13,2,1,3,4,4,2,17,2,55,2,9,3,4,7,6,1,10,1,12,,101,,1,21,121.5348972,25.052129
113,12,14,21,31,2,03中山區,中山區南京東路2段與伊通街口,0,0,3,2,C03,7,5,5,50,4,2,1,5,4,5,13,2,1,3,4,4,2,17,2,43,2,9,3,4,7,4,1,10,1,11,,108,,1,21,121.5348972,25.052129
113,12,14,21,31,2,03中山區,中山區南京東路2段與伊通街口,0,0,3,3,H02,7,5,5,50,4,2,1,5,4,5,13,2,1,3,4,4,2,17,2,15,2,9,3,5,7,20,8,20,10,16,,67,,1,21,121.5348972,25.052129
113,12,14,21,49,2,07信義區,信義區松仁路與忠孝東路5段口,0,0,1,1,C03,8,5,5,50,4,1,1,5,4,5,13,2,1,9,4,5,2,17,1,30,3,10,5,1,7,5,1,10,1,13,,8,,1,21,121.5685515,25.0409683
113,12,14,21,49,2,07信義區,信義區松仁路與忠孝東路5段口,0,0,1,2,B03,8,5,5,50,4,1,1,5,4,5,13,2,1,9,4,5,2,17,1,52,3,10,7,1,7,9,1,8,1,5,,44,,1,21,121.5685515,25.0409683
113,12,14,21,49,2,07信義區,信義區松仁路與忠孝東路5段口,0,0,1,3,H02,8,5,5,50,4,1,1,5,4,5,13,2,1,9,4,5,2,17,2,37,2,8,5,5,7,20,8,20,10,16,,67,,1,21,121.5685515,25.0409683
113,12,14,22,10,2,04大安區,大安區基隆路高架道北往南方向燈桿102號,0,0,4,1,B03,8,5,5,60,10,9,1,5,4,5,13,4,4,1,4,5,2,17,2,63,2,4,7,1,7,8,1,8,2,5,,100,,1,21,121.5409618,25.01453733
113,12,14,22,10,2,04大安區,大安區基隆路高架道北往南方向燈桿102號,0,0,4,2,B03,8,5,5,60,10,9,1,5,4,5,13,4,4,1,4,5,2,17,1,40,2,9,7,1,7,9,3,18,2,8,,44,,1,21,121.5409618,25.01453733
113,12,14,22,10,2,04大安區,大安區基隆路高架道北往南方向燈桿102號,0,0,4,3,B03,8,5,5,60,10,9,1,5,4,5,13,4,4,1,4,5,2,17,2,33,2,6,7,1,7,9,1,8,2,6,,44,,1,21,121.5409618,25.01453733
113,12,14,22,10,2,04大安區,大安區基隆路高架道北往南方向燈桿102號,0,0,4,4,H02,8,5,5,60,10,9,1,5,4,5,13,4,4,1,4,5,2,17,2,93,2,6,7,5,7,21,8,20,10,16,,67,,1,21,121.5409618,25.01453733
113,12,14,22,10,2,04大安區,大安區基隆路高架道北往南方向燈桿102號,0,0,4,5,,8,5,5,60,10,9,1,5,4,5,13,4,4,1,4,5,2,17,3,0,,,,,,,,,,,,67,,1,,121.5409618,25.01453733
113,12,14,22,11,2,07信義區,信義區莊敬隧道北側附近,0,0,1,1,C04,7,5,5,40,11,9,1,5,4,5,13,4,4,9,4,5,2,29,2,24,2,8,5,1,7,9,1,10,2,12,,42,,1,21,121.5652118,25.0100425
113,12,14,22,11,2,07信義區,信義區莊敬隧道北側附近,0,0,1,2,,7,5,5,40,11,9,1,5,4,5,13,4,4,9,4,5,2,29,3,0,,,,,,,,,,,,67,,1,,121.5652118,25.0100425
113,12,15,1,52,2,04大安區,大安區基隆路2段與通化街171巷口,0,0,3,1,C03,7,5,5,50,4,1,1,5,4,5,13,1,1,8,3,5,1,15,1,22,2,8,5,1,7,9,1,10,2,11,,81,,1,21,121.5559194,25.0274272
113,12,15,1,52,2,04大安區,大安區基隆路2段與通化街171巷口,0,0,3,3,H02,7,5,5,50,4,1,1,5,4,5,13,1,1,8,3,5,1,15,1,20,2,7,5,5,7,21,8,20,10,16,,67,,1,21,121.5559194,25.0274272
113,12,15,1,52,2,04大安區,大安區基隆路2段與通化街171巷口,0,0,3,2,C03,7,5,5,50,4,1,1,5,4,5,13,1,1,8,3,5,1,15,2,33,2,9,5,1,7,1,1,10,2,11,,44,,1,21,121.5559194,25.0274272
113,12,15,1,52,2,07信義區,信義區松壽路與基隆路1段口,0,0,1,1,C03,7,5,5,50,14,9,1,5,4,5,13,1,1,9,4,5,2,13,4,0,4,11,3,4,7,9,7,19,9,11,,119,,2,21,121.5613258,25.0361214
113,12,15,1,52,2,07信義區,信義區松壽路與基隆路1段口,0,0,1,2,C03,7,5,5,50,14,9,1,5,4,5,13,1,1,9,4,5,2,13,1,24,2,9,5,1,7,14,1,10,1,13,,44,,1,21,121.5613258,25.0361214
113,12,15,2,52,2,04大安區,大安區仁愛路4段91巷與仁愛路4段71巷口,0,0,2,1,C01,8,5,5,30,4,1,1,5,4,5,13,4,4,10,5,5,2,15,1,26,2,9,6,1,7,9,1,9,2,12,,72,,1,21,121.5470762,25.0385502
113,12,15,2,52,2,04大安區,大安區仁愛路4段91巷與仁愛路4段71巷口,0,0,2,2,C03,8,5,5,30,4,1,1,5,4,5,13,4,4,10,5,5,2,15,2,29,2,8,6,1,7,9,1,10,2,11,,108,,1,21,121.5470762,25.0385502
113,12,15,4,42,2,03中山區,中山區長安東路1段與中山北路1段口,0,0,1,1,B01,8,5,5,50,4,1,1,5,4,5,13,2,1,1,4,5,2,3,1,61,3,10,7,1,7,6,1,4,1,5,,70,,1,21,121.5217007,25.0499555
113,12,15,4,42,2,03中山區,中山區長安東路1段與中山北路1段口,0,0,1,2,H01,8,5,5,50,4,1,1,5,4,5,13,2,1,1,4,5,2,3,1,36,2,9,4,5,8,16,8,20,10,16,,67,,1,21,121.5217007,25.0499555
113,12,15,4,58,2,05中正區,中正區重慶南路1段與重慶南路1段136巷口,0,0,1,1,C04,8,5,5,50,3,1,1,5,4,5,13,4,4,10,5,5,2,18,1,34,2,1,5,1,7,15,1,10,2,12,,108,,1,26,121.5125028,25.0364588
113,12,15,4,58,2,05中正區,中正區重慶南路1段與重慶南路1段136巷口,0,0,1,2,,8,5,5,50,3,1,1,5,4,5,13,4,4,10,5,5,2,18,3,0,,,,,,,,,,,,67,,1,,121.5125028,25.0364588
113,12,15,5,21,2,08士林區,士林區通河西街2段116巷與通河西街2段口,0,0,1,1,B03,7,5,5,30,4,1,1,5,4,5,13,4,4,5,4,5,1,17,1,70,3,10,7,1,7,5,1,7,2,4,,72,,1,21,121.5072575,25.0929696
113,12,15,5,21,2,08士林區,士林區通河西街2段116巷與通河西街2段口,0,0,1,2,C03,7,5,5,30,4,1,1,5,4,5,13,4,4,5,4,5,1,17,1,26,2,8,6,1,7,9,6,18,2,11,,108,,1,21,121.5072575,25.0929696
113,12,15,6,42,2,09北投區,北投區中央南路1段與崇仁路1段口,0,0,1,1,B03,8,6,5,50,3,1,1,5,4,5,13,3,1,5,5,5,2,16,2,57,3,10,7,1,7,8,1,8,2,6,,100,,1,26,121.5011685,25.1284206
113,12,15,6,42,2,09北投區,北投區中央南路1段與崇仁路1段口,0,0,1,2,C03,8,6,5,50,3,1,1,5,4,5,13,3,1,5,5,5,2,16,1,70,2,9,6,1,7,9,1,10,2,14,,42,,1,26,121.5011685,25.1284206
113,12,15,7,26,2,08士林區,士林區中正路與文林路口,0,0,2,1,C03,7,7,5,50,4,2,1,5,4,5,13,2,1,1,2,5,1,17,2,19,2,6,5,1,7,11,1,10,1,12,,85,,1,21,121.5247616,25.09501762
113,12,15,7,26,2,08士林區,士林區中正路與文林路口,0,0,2,2,C02,7,7,5,50,4,2,1,5,4,5,13,2,1,1,2,5,1,17,1,53,2,9,5,1,7,9,1,9,1,11,,13,,1,21,121.5247616,25.09501762
113,12,15,7,36,2,05中正區,中正區羅斯福路2段與和平西路1段口,0,0,2,1,C03,8,7,5,50,4,2,1,5,4,5,13,1,1,1,4,5,2,12,1,51,2,9,5,4,7,7,1,10,2,12,,100,,1,21,121.5221575,25.027246
113,12,15,7,36,2,05中正區,中正區羅斯福路2段與和平西路1段口,0,0,2,2,C03,8,7,5,50,4,2,1,5,4,5,13,1,1,1,4,5,2,12,1,32,2,9,5,4,7,9,1,10,2,14,,13,,1,21,121.5221575,25.027246
113,12,15,7,37,2,06松山區,松山區復興北路地下道北往南第320號燈,0,0,1,1,C03,7,5,5,40,14,9,1,5,4,5,13,4,4,7,4,5,2,18,2,59,2,9,5,1,7,9,1,10,1,15,,118,,1,21,121.522899,25.05861501
113,12,15,7,37,2,06松山區,松山區復興北路地下道北往南第320號燈,0,0,1,2,,7,5,5,40,14,9,1,5,4,5,13,4,4,7,4,5,2,18,3,0,,,,,,,,,,,,67,,1,,121.522899,25.05861501
113,12,15,8,46,2,03中山區,中山區新生北路3段與濱江街口,0,0,1,1,C03,7,7,5,50,3,1,1,5,4,5,13,3,1,1,4,5,2,13,2,32,2,9,5,1,7,9,1,10,2,11,,118,,1,21,121.5286069,25.07046605
113,12,15,8,46,2,03中山區,中山區新生北路3段與濱江街口,0,0,1,2,B03,7,7,5,50,3,1,1,5,4,5,13,3,1,1,4,5,2,13,1,65,3,10,7,1,7,9,1,8,2,7,,118,,1,21,121.5286069,25.07046605
113,12,15,8,52,2,10文山區,文山區興隆路2段203巷與興隆路2段153巷6弄口,0,0,1,1,C03,8,6,5,50,4,1,1,5,4,5,13,3,1,9,5,5,2,16,1,46,2,8,6,1,7,14,1,10,1,11,,80,,1,21,121.5487179,25.0019162
113,12,15,8,52,2,10文山區,文山區興隆路2段203巷與興隆路2段153巷6弄口,0,0,1,2,B03,8,6,5,50,4,1,1,5,4,5,13,3,1,9,5,5,2,16,1,41,3,10,7,1,7,5,1,8,1,1,,8,,1,21,121.5487179,25.0019162
113,12,15,8,52,2,10文山區,文山區興隆路2段203巷與興隆路2段153巷6弄口,0,0,1,3,H02,8,6,5,50,4,1,1,5,4,5,13,3,1,9,5,5,2,16,2,14,3,10,6,5,7,21,8,20,10,16,,67,,1,21,121.5487179,25.0019162
113,12,15,8,55,2,02萬華區,萬華區中華路2段416巷68號,0,0,3,1,C03,7,7,8,50,14,9,1,5,4,5,13,4,4,9,5,5,2,13,2,75,2,9,5,1,7,9,1,10,1,11,,108,,1,21,121.5045666,25.02721172
113,12,15,8,55,2,02萬華區,萬華區中華路2段416巷68號,0,0,3,2,C03,7,7,8,50,14,9,1,5,4,5,13,4,4,9,5,5,2,13,2,24,2,9,5,1,7,9,1,10,1,13,,44,,1,21,121.5045666,25.02721172
113,12,15,8,55,2,02萬華區,萬華區中華路2段416巷68號,0,0,3,3,H02,7,7,8,50,14,9,1,5,4,5,13,4,4,9,5,5,2,13,2,74,2,9,5,5,7,20,8,20,10,16,,67,,1,21,121.5045666,25.02721172
113,12,15,10,3,2,02萬華區,萬華區中華路2段與寧波西街,0,0,1,1,C03,8,5,8,50,22,22,1,5,4,5,13,1,1,10,5,5,2,17,1,20,2,9,3,4,7,5,1,10,1,13,,8,,1,21,121.5101188,25.02463703
113,12,15,10,3,2,02萬華區,萬華區中華路2段與寧波西街,0,0,1,2,B03,8,5,8,50,22,22,1,5,4,5,13,1,1,10,5,5,2,17,1,47,3,10,3,4,7,9,1,8,1,1,,44,,1,21,121.5101188,25.02463703
113,12,15,10,19,2,08士林區,士林區士東路91巷10號,0,0,2,1,C03,7,6,5,30,14,9,1,5,4,5,13,4,4,9,5,5,2,17,1,73,2,9,5,1,7,10,1,10,1,12,,80,,1,21,121.5234864,25.11547366
113,12,15,10,19,2,08士林區,士林區士東路91巷10號,0,0,2,2,C03,7,6,5,30,14,9,1,5,4,5,13,4,4,9,5,5,2,17,1,54,2,9,5,1,7,9,1,10,1,14,,44,,1,21,121.5234864,25.11547366
113,12,15,10,19,2,08士林區,士林區士東路91巷10號,0,0,2,3,B03,7,6,5,30,14,9,1,5,4,5,13,4,4,9,5,5,2,17,1,35,3,10,3,4,7,13,7,19,9,8,,44,,1,21,121.5234864,25.11547366
113,12,15,10,19,2,08士林區,士林區士東路91巷10號,0,0,2,4,C03,7,6,5,30,14,9,1,5,4,5,13,4,4,9,5,5,2,17,2,47,3,10,3,4,7,13,7,19,9,13,,44,,1,21,121.5234864,25.11547366
113,12,15,12,6,2,06松山區,松山區八德路3段與光復北路口,0,0,1,1,B12,8,6,5,50,4,1,1,5,4,5,13,2,1,3,3,5,2,15,1,71,3,10,7,1,7,15,1,8,1,1,,83,,1,22,121.5577681,25.0482102
113,12,15,12,6,2,06松山區,松山區八德路3段與光復北路口,0,0,1,2,C03,8,6,5,50,4,1,1,5,4,5,13,2,1,3,3,5,2,15,1,25,2,9,6,1,7,9,1,10,1,12,,44,,1,22,121.5577681,25.0482102
113,12,15,12,27,2,06松山區,松山區市民大道5段與光復南路57巷口,0,0,1,1,B01,7,6,5,40,3,2,1,5,4,5,13,2,1,1,4,5,2,12,1,64,3,10,7,1,7,8,1,4,1,2,,100,,1,21,121.5594767,25.0459203
113,12,15,12,27,2,06松山區,松山區市民大道5段與光復南路57巷口,0,0,1,2,C03,7,6,5,40,3,2,1,5,4,5,13,2,1,1,4,5,2,12,1,30,2,9,6,1,7,9,1,10,1,14,,44,,1,21,121.5594767,25.0459203
113,12,15,12,34,2,04大安區,大安區基隆路2段與基隆路2段209巷口口,0,0,1,1,B11,7,7,5,50,3,1,1,5,4,5,13,4,4,1,4,5,1,17,1,53,3,10,7,1,7,6,1,8,1,5,,9,,1,21,121.551395,25.0232313
113,12,15,12,34,2,04大安區,大安區基隆路2段與基隆路2段209巷口口,0,0,1,2,C03,7,7,5,50,3,1,1,5,4,5,13,4,4,1,4,5,1,17,2,31,2,9,6,1,7,9,1,10,1,14,,13,,1,21,121.551395,25.0232313
113,12,15,13,20,2,03中山區,中山區建國北路1段61號,0,0,1,1,C03,7,7,5,50,14,9,1,5,4,5,13,4,4,10,4,5,2,16,1,49,3,10,6,1,7,8,6,18,1,12,,100,,1,21,121.5369716,25.05073523