發生年度,發生月,發生日,發生時-Hours,發生分,處理別-編號,區序,肇事地點,死亡人數,2-30日死亡人數,受傷人數,當事人序號,車種,天候,道路照明設備,道路類別,速限-速度限制,道路型態,事故位置,路面狀況1,路面狀況2,路面狀況3,道路障礙1,道路障礙2,號誌1,號誌2,車道劃分-分向,車道劃分-分道1,車道劃分-分道2,車道劃分-分道3,事故類型及型態,性別,年齡,受傷程度,主要傷處,保護裝置,行動電話,車輛用途,當事者行動狀態,駕駛資格情形,駕駛執照種類,飲酒情形,車輛撞擊部位1,車輛撞擊部位2,肇因碼-個別,肇因碼-主要,個人肇逃否,職業,座標-X,座標-Y
113,12,15,13,20,2,03中山區,中山區建國北路1段61號,0,0,1,2,C03,7,7,5,50,14,9,1,5,4,5,13,4,4,10,4,5,2,16,2,19,2,9,6,1,7,9,1,10,1,14,,44,,1,21,121.5369716,25.05073523
113,12,15,13,39,2,10文山區,文山區汀州路4段與溪洲街82巷口,0,0,1,1,C03,8,6,5,30,5,1,1,5,4,5,13,2,1,10,5,5,2,16,1,18,3,10,5,1,7,5,1,10,2,14,,8,,1,21,121.5364046,25.010818
113,12,15,13,39,2,10文山區,文山區汀州路4段與溪洲街82巷口,0,0,1,2,C03,8,6,5,30,5,1,1,5,4,5,13,2,1,10,5,5,2,16,2,62,2,9,5,1,7,9,1,11,2,12,,44,,1,21,121.5364046,25.010818
113,12,15,14,13,2,02萬華區,萬華區桂林路與桂林路242巷口,0,0,2,1,C03,7,6,5,50,5,2,1,5,4,5,13,2,1,1,4,5,2,13,1,44,2,9,6,1,7,15,1,10,1,15,,108,,1,21,121.4959227,25.0386921
113,12,15,14,13,2,02萬華區,萬華區桂林路與桂林路242巷口,0,0,2,2,C03,7,6,5,50,5,2,1,5,4,5,13,2,1,1,4,5,2,13,1,73,2,9,6,1,7,14,1,10,1,13,,44,,1,21,121.4959227,25.0386921
113,12,15,14,20,2,10文山區,文山區集英街與保儀路13巷口,0,0,1,1,C03,8,5,5,30,4,1,1,5,4,5,13,4,4,10,5,5,1,15,2,67,2,9,6,1,7,9,1,10,1,12,,75,,1,21,121.5693868,24.9884239
113,12,15,14,20,2,10文山區,文山區集英街與保儀路13巷口,0,0,1,2,B03,8,5,5,30,4,1,1,5,4,5,13,4,4,10,5,5,1,15,1,57,3,10,7,1,7,9,1,8,1,1,,44,,1,21,121.5693868,24.9884239
113,12,15,14,29,2,01大同區,大同區赤峰街35號,0,0,1,1,B01,8,7,5,30,14,9,1,5,4,5,13,4,4,10,5,5,2,2,1,42,4,11,3,4,7,21,7,19,11,15,,119,,2,21,121.5194597,25.0544936
113,12,15,14,29,2,01大同區,大同區赤峰街35號,0,0,1,2,H01,8,7,5,30,14,9,1,5,4,5,13,4,4,10,5,5,2,2,1,12,2,8,4,5,8,16,8,20,10,16,,67,,1,21,121.5194597,25.0544936
113,12,15,15,27,2,09北投區,北投區東華街1段38號,0,0,1,1,B03,8,6,5,30,14,9,1,5,4,5,13,1,1,10,5,5,1,12,1,38,3,10,7,1,7,9,1,8,1,2,,17,,1,21,121.52017,25.1082036
113,12,15,15,27,2,09北投區,北投區東華街1段38號,0,0,1,2,F01,8,6,5,30,14,9,1,5,4,5,13,1,1,10,5,5,1,12,2,70,2,9,4,1,7,9,8,20,1,11,,44,,1,21,121.52017,25.1082036
113,12,15,15,27,2,09北投區,北投區東華街1段46號,,,1,1,B03,7,,,50,,,,,,,,,,,,,,,1,38,,,,,,,,,1,,,,,,,121.5201579,25.1082166
113,12,15,15,27,2,09北投區,北投區東華街1段46號,,,1,2,F01,7,,,50,,,,,,,,,,,,,,,2,70,,,,,,,,,1,,,,,,,121.5201579,25.1082166
113,12,15,15,35,2,10文山區,文山區萬芳路與萬芳路口無名巷口,0,0,2,2,B03,7,7,5,30,3,2,1,5,4,5,13,4,4,10,5,5,2,16,1,46,2,8,7,1,7,9,1,8,2,2,,13,,1,21,121.571005,24.9952933
113,12,15,15,35,2,10文山區,文山區萬芳路與萬芳路口無名巷口,0,0,2,3,H02,7,7,5,30,3,2,1,5,4,5,13,4,4,10,5,5,2,16,2,44,2,9,7,5,7,20,8,20,10,16,,67,,1,21,121.571005,24.9952933
113,12,15,15,35,2,10文山區,文山區萬芳路與萬芳路口無名巷口,0,0,2,1,B03,7,7,5,30,3,2,1,5,4,5,13,4,4,10,5,5,2,16,1,58,3,10,7,1,7,5,1,8,2,5,,72,,1,21,121.571005,24.9952933
113,12,15,15,40,2,04大安區,大安區辛亥路2段209號,0,0,1,1,C03,7,6,5,50,14,7,1,5,4,5,13,4,4,1,4,4,2,17,1,36,3,10,6,1,7,8,1,10,9,15,,100,,2,21,121.5427456,25.021622
113,12,15,15,40,2,04大安區,大安區辛亥路2段209號,0,0,1,2,C03,7,6,5,50,14,7,1,5,4,5,13,4,4,1,4,4,2,17,1,65,2,9,3,4,7,9,1,10,1,11,,44,,1,22,121.5427456,25.021622
113,12,15,16,5,2,04大安區,大安區市民大道4段與市民大道4段68巷口,0,0,1,1,C03,7,6,5,40,3,1,1,5,4,5,13,4,4,10,5,5,2,16,1,19,3,10,6,4,7,6,1,10,1,12,,80,,1,22,121.5472633,25.0449097
113,12,15,16,5,2,04大安區,大安區市民大道4段與市民大道4段68巷口,0,0,1,2,C03,7,6,5,40,3,1,1,5,4,5,13,4,4,10,5,5,2,16,2,22,2,9,6,4,7,9,1,10,1,11,,44,,1,22,121.5472633,25.0449097
113,12,15,16,16,2,05中正區,中正區汀州路1段102號,0,0,2,1,F01,8,6,5,50,14,9,1,5,4,5,13,4,4,5,2,5,2,17,1,13,2,9,4,1,7,5,8,20,2,14,,8,,1,15,121.5076066,25.0301384
113,12,15,16,16,2,05中正區,中正區汀州路1段102號,0,0,2,2,C03,8,6,5,50,14,9,1,5,4,5,13,4,4,5,2,5,2,17,2,23,2,9,5,1,7,9,1,10,2,11,,44,,1,21,121.5076066,25.0301384
113,12,15,16,25,2,02萬華區,萬華區桂林路與昆明街口,0,0,1,1,B03,7,6,5,50,4,2,1,5,4,5,13,2,1,5,4,5,2,17,1,36,3,10,7,1,7,11,1,7,1,1,,10,,1,21,121.5037838,25.03833355
113,12,15,16,25,2,02萬華區,萬華區桂林路與昆明街口,0,0,1,2,C03,7,6,5,50,4,2,1,5,4,5,13,2,1,5,4,5,2,17,1,24,2,8,6,1,7,14,1,10,1,13,,44,,1,21,121.5037838,25.03833355
113,12,15,16,30,2,03中山區,中山區中山北路2段171號,0,0,1,1,C03,7,6,5,50,14,8,1,5,4,5,13,2,1,1,5,1,1,12,2,36,2,8,3,4,7,9,1,10,1,14,,17,,1,21,121.5226689,25.06306503
113,12,15,16,30,2,03中山區,中山區中山北路2段171號,0,0,1,2,B01,7,6,5,50,14,8,1,5,4,5,13,2,1,1,5,1,1,12,1,56,3,10,3,4,7,9,1,4,1,5,,17,,1,21,121.5226689,25.06306503
113,12,15,16,55,2,03中山區,中山區錦州街與中原街口,0,0,1,1,F01,7,5,5,50,4,1,1,5,4,5,13,1,1,9,4,5,2,3,1,34,3,10,4,1,7,6,8,20,1,11,,42,,1,21,121.5290078,25.0602454
113,12,15,16,55,2,03中山區,中山區錦州街與中原街口,0,0,1,2,H01,7,5,5,50,4,1,1,5,4,5,13,1,1,9,4,5,2,3,2,63,2,7,4,5,8,16,8,20,10,16,,42,,1,21,121.5290078,25.0602454
113,12,15,17,35,2,12內湖區,內湖區民權東路6段與行忠路171巷口口,0,0,2,1,B03,7,5,5,50,3,1,1,5,4,5,13,4,4,1,4,5,2,16,1,43,3,10,7,1,7,6,1,8,2,5,,9,,1,21,121.5809133,25.0675334
113,12,15,17,35,2,12內湖區,內湖區民權東路6段與行忠路171巷口口,0,0,2,2,C03,7,5,5,50,3,1,1,5,4,5,13,4,4,1,4,5,2,16,2,57,2,9,6,1,7,9,1,10,2,14,,44,,1,21,121.5809133,25.0675334
113,12,15,17,35,2,12內湖區,內湖區民權東路6段與行忠路171巷口口,0,0,2,3,C03,7,5,5,50,3,1,1,5,4,5,13,4,4,1,4,5,2,16,1,41,2,9,6,1,7,15,1,10,2,11,,16,,1,21,121.5809133,25.0675334
113,12,15,17,38,2,09北投區,北投區東陽街439號,0,0,2,1,H01,8,5,8,50,14,9,1,5,4,5,13,4,4,7,5,5,2,9,2,28,2,9,4,5,8,18,8,20,10,16,,121,,1,21,121.5185546,25.112509
113,12,15,17,38,2,09北投區,北投區東陽街439號,0,0,2,2,C03,8,5,8,50,14,9,1,5,4,5,13,4,4,7,5,5,2,9,2,34,2,9,6,1,7,9,1,10,1,11,,44,,1,21,121.5185546,25.112509
113,12,15,19,15,2,06松山區,松山區南京東路5段250巷36弄與八德路4段389巷口,0,0,2,1,C03,8,5,5,30,4,1,1,5,4,5,13,4,4,10,5,5,2,16,2,48,2,8,5,1,7,9,1,10,1,14,,72,,1,22,121.5684457,25.0498046
113,12,15,19,15,2,06松山區,松山區南京東路5段250巷36弄與八德路4段389巷口,0,0,2,2,C03,8,5,5,30,4,1,1,5,4,5,13,4,4,10,5,5,2,16,1,44,2,8,5,1,7,9,1,10,1,11,,13,,1,22,121.5684457,25.0498046
113,12,15,20,20,2,03中山區,中山區敬業一路178號對面,0,0,1,1,B03,8,5,5,50,14,9,1,5,4,5,13,4,4,9,5,5,2,17,2,47,3,10,7,1,7,1,1,8,2,8,,19,,1,21,121.5536753,25.0840716
113,12,15,20,20,2,03中山區,中山區敬業一路178號對面,0,0,1,2,C03,8,5,5,50,14,9,1,5,4,5,13,4,4,9,5,5,2,17,1,31,3,10,5,1,7,9,1,10,2,12,,29,,1,21,121.5536753,25.0840716
113,12,15,20,20,2,03中山區,中山區敬業一路178號對面,0,0,1,3,H02,8,5,5,50,14,9,1,5,4,5,13,4,4,9,5,5,2,17,2,37,2,9,5,5,7,20,8,20,10,16,,67,,1,21,121.5536753,25.0840716
113,12,15,20,52,2,04大安區,大安區新生南路3段與和平東路2段口,0,0,1,1,B03,8,5,8,50,4,4,1,5,4,5,13,2,1,1,4,5,2,17,1,21,3,10,7,1,7,15,1,8,2,1,,108,,1,21,121.5349163,25.02571465
113,12,15,20,52,2,04大安區,大安區新生南路3段與和平東路2段口,0,0,1,2,C03,8,5,8,50,4,4,1,5,4,5,13,2,1,1,4,5,2,17,1,44,2,6,6,1,7,14,1,10,2,13,,44,,1,21,121.5349163,25.02571465
113,12,15,21,13,2,07信義區,信義區基隆路2段62號,0,0,2,1,C03,8,5,5,50,14,9,1,5,4,5,13,4,4,9,4,5,2,12,2,23,2,9,5,1,7,8,1,10,2,13,,100,,1,21,121.5582746,25.0310228
113,12,15,21,13,2,07信義區,信義區基隆路2段62號,0,0,2,2,C03,8,5,5,50,14,9,1,5,4,5,13,4,4,9,4,5,2,12,1,19,2,9,5,1,7,9,1,10,2,14,,13,,1,21,121.5582746,25.0310228
113,12,15,21,14,2,07信義區,信義區永吉路與永吉路30巷口,0,0,1,1,B03,8,5,6,50,4,1,1,5,4,5,13,1,1,1,4,5,2,15,1,31,3,10,3,4,7,9,1,8,1,8,,81,,1,21,121.5688603,25.0457159
113,12,15,21,14,2,07信義區,信義區永吉路與永吉路30巷口,0,0,1,2,C03,8,5,6,50,4,1,1,5,4,5,13,1,1,1,4,5,2,15,1,31,2,9,3,4,7,9,1,10,1,11,,44,,1,21,121.5688603,25.0457159
113,12,15,21,16,2,04大安區,大安區基隆路2段與臥龍街口,0,0,1,1,C03,7,5,5,50,3,2,1,5,4,5,13,4,4,1,4,5,2,17,1,59,4,11,3,4,7,8,7,19,11,17,,13,,2,21,121.5482271,25.0203626
113,12,15,21,16,2,04大安區,大安區基隆路2段與臥龍街口,0,0,1,2,C03,7,5,5,50,3,2,1,5,4,5,13,4,4,1,4,5,2,17,1,20,2,9,3,4,7,9,1,10,1,17,,13,,1,21,121.5482271,25.0203626
113,12,15,21,34,2,04大安區,大安區敦化南路2段98號,0,0,1,1,C03,8,5,5,50,14,9,1,5,4,5,13,2,1,1,4,5,2,17,1,34,2,9,3,4,7,12,1,10,1,14,,42,,1,21,121.5484825,25.0280101
113,12,15,21,34,2,04大安區,大安區敦化南路2段98號,0,0,1,2,A02,8,5,5,50,14,9,1,5,4,5,13,2,1,1,4,5,2,17,1,36,3,10,3,4,7,1,1,2,1,17,,44,,1,21,121.5484825,25.0280101
113,12,15,22,22,2,10文山區,文山區木柵路1段與景美溪橋口,0,0,1,1,C03,7,5,5,50,3,1,1,5,4,5,13,1,1,5,4,5,2,18,1,43,2,8,6,1,7,6,1,10,2,12,,118,,1,23,121.5455187,24.9867839
113,12,15,22,22,2,10文山區,文山區木柵路1段與景美溪橋口,0,0,1,2,,7,5,5,50,3,1,1,5,4,5,13,1,1,5,4,5,2,18,3,,,,,,,,,,,,,67,,1,,121.5455187,24.9867839
113,12,15,22,39,2,07信義區,信義區吳興街與吳興街7巷口,0,0,1,1,B03,7,5,5,30,4,1,1,5,4,3,12,4,4,10,5,5,2,15,2,38,3,10,3,4,7,9,1,8,2,4,,72,,1,22,121.5593938,25.0317155
113,12,15,22,39,2,07信義區,信義區吳興街與吳興街7巷口,0,0,1,2,C03,7,5,5,30,4,1,1,5,4,3,12,4,4,10,5,5,2,15,1,43,2,8,6,1,7,9,1,10,2,11,,44,,1,21,121.5593938,25.0317155
113,12,15,22,39,2,07信義區,信義區吳興街與吳興街7巷口,0,0,1,3,A11,7,5,5,30,4,1,1,5,4,3,12,4,4,10,5,5,2,15,1,31,3,10,3,4,7,14,1,3,2,17,,38,,1,21,121.5593938,25.0317155
113,12,15,23,55,2,04大安區,大安區敦化南路1段247巷口側附近,0,0,1,1,A12,8,6,5,50,14,9,1,5,4,5,13,4,4,1,4,5,2,17,1,52,3,10,3,4,7,6,1,7,1,5,,9,,1,21,121.5491408,25.0389192
113,12,15,23,55,2,04大安區,大安區敦化南路1段247巷口側附近,0,0,1,2,C03,8,6,5,50,14,9,1,5,4,5,13,4,4,1,4,5,2,17,2,31,2,8,3,4,7,9,1,10,1,14,,14,,1,21,121.5491408,25.0389192
113,12,16,4,50,2,04大安區,大安區光復南路116巷與光復南路116巷口與廢鐵道,0,0,1,1,C03,8,5,5,30,4,1,1,5,4,5,13,4,4,1,5,5,2,17,1,43,2,9,6,1,7,5,1,10,1,11,,74,,1,21,121.5562379,25.0429956
113,12,16,4,50,2,04大安區,大安區光復南路116巷與光復南路116巷口與廢鐵道,0,0,1,2,C03,8,5,5,30,4,1,1,5,4,5,13,4,4,1,5,5,2,17,1,20,3,10,6,1,7,9,1,10,1,11,,44,,1,21,121.5562379,25.0429956
113,12,16,5,21,2,04大安區,大安區復興南路2段與復興南路2段78巷口,0,0,2,2,C03,8,5,5,50,4,1,1,5,4,5,13,2,1,1,4,5,2,29,1,20,2,9,5,1,7,9,1,10,1,11,,44,,1,22,121.5434585,25.0311159
113,12,16,5,21,2,04大安區,大安區復興南路2段與復興南路2段78巷口,0,0,2,1,G03,8,5,5,50,4,1,1,5,4,5,13,2,1,1,4,5,2,29,3,32,,,,,,,,,,,,130,,1,,121.5434585,25.0311159
113,12,16,5,21,2,04大安區,大安區復興南路2段與復興南路2段78巷口,0,0,2,3,H02,8,5,5,50,4,1,1,5,4,5,13,2,1,1,4,5,2,29,2,20,2,8,5,5,7,17,8,20,10,16,,67,,1,22,121.5434585,25.0311159
113,12,16,6,52,2,10文山區,文山區木柵路4段與木柵路4段149巷口口,0,0,1,1,B03,7,6,5,50,3,1,1,5,4,5,13,2,1,10,5,5,2,16,2,55,3,10,7,1,7,6,1,8,1,2,,9,,1,21,121.5749827,24.9987397
113,12,16,6,52,2,10文山區,文山區木柵路4段與木柵路4段149巷口口,0,0,1,2,C03,7,6,5,50,3,1,1,5,4,5,13,2,1,10,5,5,2,16,1,65,2,9,5,1,7,9,1,10,1,14,,44,,1,21,121.5749827,24.9987397
113,12,16,7,6,2,03中山區,中山區中山北路1段53巷與中山北路1段口,0,0,1,1,C03,7,6,5,30,3,1,1,5,4,5,13,4,4,1,5,1,1,16,1,36,3,10,3,4,7,6,1,10,1,14,,72,,1,21,121.5215427,25.04939415
113,12,16,7,6,2,03中山區,中山區中山北路1段53巷與中山北路1段口,0,0,1,2,C03,7,6,5,30,3,1,1,5,4,5,13,4,4,1,5,1,1,16,1,53,2,8,3,4,7,9,1,10,1,12,,44,,1,21,121.5215427,25.04939415
113,12,16,7,11,2,02萬華區,萬華區桂林路246巷與桂林路244巷口,0,0,2,1,C03,8,6,5,30,3,1,1,5,4,5,13,1,1,10,4,5,1,17,1,38,3,10,5,1,7,12,1,9,1,11,,16,,1,21,121.4941937,25.037758
113,12,16,7,11,2,02萬華區,萬華區桂林路246巷與桂林路244巷口,0,0,2,2,C03,8,6,5,30,3,1,1,5,4,5,13,1,1,10,4,5,1,17,1,24,2,9,5,1,7,12,1,10,1,13,,13,,1,21,121.4941937,25.037758
113,12,16,7,11,2,02萬華區,萬華區桂林路246巷與桂林路244巷口,0,0,2,3,C03,8,6,5,30,3,1,1,5,4,5,13,1,1,10,4,5,1,17,1,26,3,10,5,1,7,12,1,10,1,11,,16,,1,21,121.4941937,25.037758
113,12,16,7,11,2,02萬華區,萬華區桂林路246巷與桂林路244巷口,0,0,2,4,C03,8,6,5,30,3,1,1,5,4,5,13,1,1,10,4,5,1,17,2,38,2,5,5,1,7,12,1,10,1,13,,44,,1,21,121.4941937,25.037758
113,12,16,7,18,2,12內湖區,內湖區內湖路1段與內湖路1段737巷口,0,0,1,1,B03,7,6,5,50,3,2,1,5,4,5,13,2,1,1,4,5,2,13,2,34,3,10,7,1,7,7,1,8,1,3,,100,,1,21,121.578318,25.0788765
113,12,16,7,18,2,12內湖區,內湖區內湖路1段與內湖路1段737巷口,0,0,1,2,C03,7,6,5,50,3,2,1,5,4,5,13,2,1,1,4,5,2,13,1,37,2,9,6,1,7,7,1,10,1,11,,13,,1,21,121.578318,25.0788765
113,12,16,7,20,2,05中正區,中正區重慶南路2段與南海路口,0,0,1,1,C03,8,6,5,50,4,1,1,5,4,5,13,1,1,1,4,5,2,13,2,31,2,9,5,1,7,9,1,10,2,11,,16,,1,21,121.5142208,25.0321045
113,12,16,7,20,2,05中正區,中正區重慶南路2段與南海路口,0,0,1,2,B02,8,6,5,50,4,1,1,5,4,5,13,1,1,1,4,5,2,13,1,43,3,10,7,1,7,14,1,4,2,6,,44,,1,21,121.5142208,25.0321045
113,12,16,7,48,2,07信義區,信義區忠孝東路5段與虎林街口口,0,0,1,1,B03,8,5,8,50,4,1,1,5,4,5,13,2,1,1,4,5,2,12,2,29,3,10,7,1,7,11,1,8,2,8,,103,,1,21,121.5770352,25.0408666
113,12,16,7,48,2,07信義區,信義區忠孝東路5段與虎林街口口,0,0,1,2,C03,8,5,8,50,4,1,1,5,4,5,13,2,1,1,4,5,2,12,1,41,2,9,5,1,7,9,1,10,2,12,,44,,1,21,121.5770352,25.0408666
113,12,16,7,54,2,10文山區,文山區景後街202號,0,0,2,1,C03,8,6,5,30,14,9,1,5,4,5,13,4,4,10,5,5,2,17,1,30,2,8,5,1,7,9,1,10,11,11,,16,,2,21,121.5467359,25.000087
113,12,16,7,54,2,10文山區,文山區景後街202號,0,0,2,2,C03,8,6,5,30,14,9,1,5,4,5,13,4,4,10,5,5,2,17,2,73,2,9,5,1,7,9,1,10,11,11,,16,,1,21,121.5467359,25.000087
113,12,16,8,0,2,05中正區,中正區忠孝東路1段12號,0,0,1,1,C03,8,7,5,50,14,9,1,5,4,5,13,4,4,1,3,4,2,17,1,32,3,10,6,1,7,15,1,10,1,13,,100,,1,21,121.522226,25.04502233
113,12,16,8,0,2,05中正區,中正區忠孝東路1段12號,0,0,1,2,C03,8,7,5,50,14,9,1,5,4,5,13,4,4,1,3,4,2,17,1,28,2,8,6,1,7,9,1,10,1,11,,44,,1,21,121.522226,25.04502233
113,12,16,8,20,2,05中正區,中正區林森南路與仁愛路1段口,0,0,1,1,B03,8,5,5,50,4,2,1,5,4,5,13,1,1,1,5,5,2,17,2,36,3,10,7,1,7,8,1,8,1,2,2,100,,1,21,121.5216487,25.03888029
113,12,16,8,20,2,05中正區,中正區林森南路與仁愛路1段口,0,0,1,2,B03,8,5,5,50,4,2,1,5,4,5,13,1,1,1,5,5,2,17,1,39,2,9,7,1,7,9,1,8,1,8,4,17,,1,21,121.5216487,25.03888029
113,12,16,8,24,2,05中正區,中正區市民大道2段與林森北路口,0,0,1,1,C03,7,6,5,40,4,2,1,5,4,5,13,1,1,1,4,5,2,13,1,30,2,8,6,1,7,9,1,10,1,11,,16,,1,21,121.5239077,25.04772604
113,12,16,8,24,2,05中正區,中正區市民大道2段與林森北路口,0,0,1,2,C03,7,6,5,40,4,2,1,5,4,5,13,1,1,1,4,5,2,13,1,44,3,10,6,1,7,9,1,10,1,13,,44,,1,21,121.5239077,25.04772604
113,12,16,8,50,2,04大安區,(臥龍街193號對面),0,0,1,1,B02,7,6,5,40,14,9,1,5,4,5,13,4,4,5,5,5,2,12,1,39,3,10,3,4,7,15,1,8,1,5,,101,,1,22,121.5524779,25.0177549
113,12,16,8,50,2,04大安區,(臥龍街193號對面),0,0,1,2,C03,7,6,5,40,14,9,1,5,4,5,13,4,4,5,5,5,2,12,1,72,2,1,3,4,7,9,1,10,1,14,,14,,1,22,121.5524779,25.0177549
113,12,16,8,55,2,08士林區,士林區忠義街78巷與忠誠路1段171巷12弄口,0,0,2,1,C03,7,7,5,30,4,2,1,5,4,5,13,4,4,4,5,5,1,17,2,31,2,9,5,1,7,9,1,10,1,11,,14,,1,21,121.5312557,25.1065805
113,12,16,8,55,2,08士林區,士林區忠義街78巷與忠誠路1段171巷12弄口,0,0,2,2,C03,7,7,5,30,4,2,1,5,4,5,13,4,4,4,5,5,1,17,1,28,2,9,5,1,7,5,1,10,1,11,,74,,1,21,121.5312557,25.1065805
113,12,16,9,5,2,04大安區,大安區和平東路2段58號,0,0,2,1,C03,7,6,5,50,14,9,1,5,4,5,13,4,4,1,4,5,2,13,2,38,2,9,5,1,7,9,1,10,1,11,,118,,1,21,121.5384236,25.0254543
113,12,16,9,5,2,04大安區,大安區和平東路2段58號,0,0,2,2,C03,7,6,5,50,14,9,1,5,4,5,13,4,4,1,4,5,2,13,2,56,2,9,5,1,7,9,1,10,1,13,,44,,1,21,121.5384236,25.0254543
113,12,16,9,5,2,04大安區,大安區和平東路2段58號,0,0,2,3,,7,6,5,50,14,9,1,5,4,5,13,4,4,1,4,5,2,13,4,0,,,,,,,,,,,,119,,2,,121.5384236,25.0254543
113,12,16,9,11,2,03中山區,中山區新生北路3段與德惠街口,0,0,1,1,B01,8,7,8,50,3,1,1,5,4,5,13,4,4,5,4,4,2,17,4,0,,,,,,,,,,,,99,,2,,121.5268983,25.0666802
113,12,16,9,11,2,03中山區,中山區新生北路3段與德惠街口,0,0,1,2,C03,8,7,8,50,3,1,1,5,4,5,13,4,4,5,4,4,2,17,2,28,2,9,5,1,7,9,1,10,1,12,,73,,1,22,121.5268983,25.0666802
113,12,16,9,22,2,03中山區,中山區復興北路402巷與復興北路402巷8弄口,0,0,1,1,C03,7,6,5,30,3,2,1,5,4,5,13,4,4,8,3,5,1,17,2,73,2,9,5,1,7,9,1,10,1,11,,4,,1,21,121.5436223,25.0617659
113,12,16,9,22,2,03中山區,中山區復興北路402巷與復興北路402巷8弄口,0,0,1,2,B03,7,6,5,30,3,2,1,5,4,5,13,4,4,8,3,5,1,17,1,59,3,10,7,1,7,5,1,8,1,8,,44,,1,21,121.5436223,25.0617659
113,12,16,9,25,2,07信義區,信義區松智路與松勤街口口,0,0,1,1,B03,8,5,8,50,22,22,1,5,4,5,13,1,1,10,5,5,2,17,1,44,3,10,7,1,7,5,1,8,1,8,,44,,1,21,121.5653344,25.0319498
113,12,16,9,25,2,07信義區,信義區松智路與松勤街口口,0,0,1,2,C03,8,5,8,50,22,22,1,5,4,5,13,1,1,10,5,5,2,17,1,51,2,9,6,1,7,9,1,10,1,14,,81,,1,21,121.5653344,25.0319498
113,12,16,9,35,2,07信義區,信義區松平路81號,0,0,1,1,C03,8,7,5,30,14,9,1,5,4,5,13,4,4,9,5,5,2,12,1,31,2,9,3,4,7,9,1,10,1,12,,44,,1,22,121.56693,25.0304587
113,12,16,9,35,2,07信義區,信義區松平路81號,0,0,1,2,B01,8,7,5,30,14,9,1,5,4,5,13,4,4,9,5,5,2,12,1,56,3,10,3,4,7,7,1,4,1,8,,101,,1,22,121.56693,25.0304587
113,12,16,9,53,2,03中山區,中山區北安路與北安路538巷口,0,0,1,1,C03,8,7,5,50,3,1,1,5,4,5,13,4,4,1,4,5,2,17,1,50,3,10,5,1,7,6,1,10,1,15,,9,,1,22,121.5478039,25.08021733
113,12,16,9,53,2,03中山區,中山區北安路與北安路538巷口,0,0,1,2,C03,8,7,5,50,3,1,1,5,4,5,13,4,4,1,4,5,2,17,1,34,2,9,5,1,7,9,1,10,1,14,,44,,1,22,121.5478039,25.08021733
113,12,16,10,13,2,03中山區,中山區民族東路512巷13弄18號,0,0,2,1,C03,8,6,5,30,14,9,1,5,4,5,13,4,4,10,5,5,2,11,2,49,2,9,5,4,7,9,1,10,1,12,,80,,1,22,121.5426302,25.06696663
113,12,16,10,13,2,03中山區,中山區民族東路512巷13弄18號,0,0,2,2,C04,8,6,5,30,14,9,1,5,4,5,13,4,4,10,5,5,2,11,2,40,2,8,6,4,7,9,1,10,1,11,,14,,1,22,121.5426302,25.06696663
113,12,16,10,17,2,04大安區,大安區四維路與四維路170巷口,0,0,2,1,C03,7,6,5,30,4,1,1,5,4,5,13,3,1,5,4,5,2,15,1,28,2,8,3,4,7,9,1,10,1,11,,72,,1,21,121.548018,25.0282015
113,12,16,10,17,2,04大安區,大安區四維路與四維路170巷口,0,0,2,2,C03,7,6,5,30,4,1,1,5,4,5,13,3,1,5,4,5,2,15,1,51,2,9,3,4,7,9,1,10,1,11,,44,,1,21,121.548018,25.0282015
113,12,16,10,38,2,10文山區,文山區景仁街與羅斯福路6段142巷20弄口,0,0,1,1,B03,8,6,5,30,4,1,1,5,4,5,13,4,4,5,5,5,2,16,1,64,3,10,7,1,7,9,1,8,2,5,,14,,1,21,121.5403224,24.9969478
113,12,16,10,38,2,10文山區,文山區景仁街與羅斯福路6段142巷20弄口,0,0,1,2,C03,8,6,5,30,4,1,1,5,4,5,13,4,4,5,5,5,2,16,1,33,2,8,6,1,7,5,1,10,2,14,,8,,1,21,121.5403224,24.9969478
113,12,16,10,55,2,04大安區,大安區金山南路2段113號,0,0,1,1,C03,7,7,5,50,14,9,1,5,4,5,13,4,4,1,4,5,2,18,1,23,2,9,6,1,7,9,1,10,1,17,,116,,1,21,121.5267162,25.0304552
113,12,16,10,55,2,04大安區,大安區金山南路2段113號,0,0,1,2,,7,7,5,50,14,9,1,5,4,5,13,4,4,1,4,5,2,18,3,0,,,,,,,,,,,,130,,1,,121.5267162,25.0304552
113,12,16,11,41,2,04大安區,大安區復興南路1段283號,0,0,1,1,F01,7,6,5,0,14,20,4,5,4,5,8,4,4,10,5,5,2,9,1,27,3,10,3,4,7,9,8,20,1,11,,116,,1,21,121.543836,25.035537
113,12,16,11,41,2,04大安區,大安區復興南路1段283號,0,0,1,2,H01,7,6,5,0,14,20,4,5,4,5,8,4,4,10,5,5,2,9,2,53,2,9,4,5,8,16,8,20,10,16,,67,,1,21,121.543836,25.035537
113,12,16,11,50,2,04大安區,大安區忠孝東路3段與建國南路1段口,0,0,1,1,B03,7,7,5,50,4,1,1,5,4,5,13,2,1,1,4,5,2,12,1,73,3,10,7,1,7,15,1,8,1,7,,100,,1,21,121.5372687,25.0418181