發生年度,發生月,發生日,發生時-Hours,發生分,處理別-編號,區序,肇事地點,死亡人數,2-30日死亡人數,受傷人數,當事人序號,車種,天候,道路照明設備,道路類別,速限-速度限制,道路型態,事故位置,路面狀況1,路面狀況2,路面狀況3,道路障礙1,道路障礙2,號誌1,號誌2,車道劃分-分向,車道劃分-分道1,車道劃分-分道2,車道劃分-分道3,事故類型及型態,性別,年齡,受傷程度,主要傷處,保護裝置,行動電話,車輛用途,當事者行動狀態,駕駛資格情形,駕駛執照種類,飲酒情形,車輛撞擊部位1,車輛撞擊部位2,肇因碼-個別,肇因碼-主要,個人肇逃否,職業,座標-X,座標-Y
113,12,16,11,50,2,04大安區,大安區忠孝東路3段與建國南路1段口,0,0,1,2,C03,7,7,5,50,4,1,1,5,4,5,13,2,1,1,4,5,2,12,1,61,2,5,6,1,7,9,1,10,1,12,,44,,1,21,121.5372687,25.0418181
113,12,16,12,5,2,09北投區,北投區奇岩路4號,0,0,1,1,B03,8,5,5,30,14,9,1,5,4,5,13,4,4,10,5,5,1,11,1,31,3,10,7,1,7,9,1,8,2,8,,5,,1,21,121.5071986,25.1345123
113,12,16,12,5,2,09北投區,北投區奇岩路4號,0,0,1,2,C03,8,5,5,30,14,9,1,5,4,5,13,4,4,10,5,5,1,11,2,26,2,7,5,1,7,9,1,10,2,11,,5,,1,21,121.5071986,25.1345123
113,12,16,12,30,2,12內湖區,內湖區內湖路2段103巷36號,0,0,2,1,C03,7,6,5,50,3,18,1,5,4,5,13,4,4,5,5,5,2,3,1,33,2,9,6,1,7,9,1,10,2,11,,42,,1,21,121.5812004,25.0818394
113,12,16,12,30,2,12內湖區,內湖區內湖路2段103巷36號,0,0,2,2,H01,7,6,5,50,3,18,1,5,4,5,13,4,4,5,5,5,2,3,2,53,2,9,4,5,8,18,8,20,10,16,,67,,1,21,121.5812004,25.0818394
113,12,16,12,44,2,03中山區,中山區中山北路1段與南京東路1段口,0,0,1,1,C03,7,6,5,50,14,9,1,5,4,5,13,2,1,8,3,5,1,17,1,27,3,10,5,1,7,9,1,10,1,11,,16,,1,21,121.5226544,25.0521623
113,12,16,12,44,2,03中山區,中山區中山北路1段與南京東路1段口,0,0,1,2,C03,7,6,5,50,14,9,1,5,4,5,13,2,1,8,3,5,1,17,2,45,2,9,5,1,7,14,1,10,1,13,,44,,1,21,121.5226544,25.0521623
113,12,16,12,50,2,03中山區,(錦州街5號前),0,0,1,1,C03,7,6,5,50,3,1,1,5,4,5,13,4,4,5,4,5,2,13,1,20,2,1,5,1,7,9,1,10,7,11,,21,,1,21,121.523797,25.0603702
113,12,16,12,50,2,03中山區,(錦州街5號前),0,0,1,2,B03,7,6,5,50,3,1,1,5,4,5,13,4,4,5,4,5,2,13,1,31,3,10,7,1,7,9,1,8,2,6,,44,,1,21,121.523797,25.0603702
113,12,16,12,52,2,04大安區,大安區光復南路與光復南路346巷口口,0,0,1,1,B03,7,7,5,50,4,1,1,5,4,5,13,4,4,1,4,4,1,17,1,35,3,10,7,1,7,5,1,8,1,2,,74,,1,21,121.5575034,25.038416
113,12,16,12,52,2,04大安區,大安區光復南路與光復南路346巷口口,0,0,1,2,C03,7,7,5,50,4,1,1,5,4,5,13,4,4,1,4,4,1,17,1,42,2,7,6,1,7,9,1,9,1,11,,14,,1,21,121.5575034,25.038416
113,12,16,13,5,2,09北投區,北投區承德路7段401巷575號,0,0,1,1,C03,8,5,5,30,11,9,1,5,4,5,13,4,4,10,5,5,2,17,1,39,2,9,3,4,7,9,1,10,1,11,,5,,1,21,121.4900414,25.1166437
113,12,16,13,5,2,09北投區,北投區承德路7段401巷575號,0,0,1,2,B03,8,5,5,30,11,9,1,5,4,5,13,4,4,10,5,5,2,17,1,31,3,10,3,4,7,9,1,8,1,8,,44,,1,21,121.4900414,25.1166437
113,12,16,13,16,2,03中山區,中山區民權東路3段73號,0,0,1,1,C03,7,6,5,50,14,9,1,5,4,5,13,4,4,1,5,5,1,12,2,62,2,9,3,4,7,7,1,8,1,12,,100,,1,21,121.543743,25.062452
113,12,16,13,16,2,03中山區,中山區民權東路3段73號,0,0,1,2,A11,7,6,5,50,14,9,1,5,4,5,13,4,4,1,5,5,1,12,1,25,3,10,3,4,7,9,1,2,1,5,,44,,1,21,121.543743,25.062452
113,12,16,13,17,2,03中山區,中山區長春路與南京東路2段115巷口,0,0,1,1,B02,8,6,5,50,4,1,1,5,4,5,13,1,1,5,4,5,2,16,2,59,3,10,3,4,7,5,1,8,9,1,,8,,1,22,121.5336273,25.0547596
113,12,16,13,17,2,03中山區,中山區長春路與南京東路2段115巷口,0,0,1,2,C03,8,6,5,50,4,1,1,5,4,5,13,1,1,5,4,5,2,16,1,33,2,9,3,4,7,9,1,10,1,14,,44,,1,22,121.5336273,25.0547596
113,12,16,13,43,2,03中山區,中山區遼寧街201巷與遼寧街口,0,0,1,1,B03,7,5,5,50,4,2,1,5,4,5,13,4,4,5,5,5,2,17,2,44,3,10,3,4,7,5,1,8,1,8,,8,,1,21,121.5421536,25.0543047
113,12,16,13,43,2,03中山區,中山區遼寧街201巷與遼寧街口,0,0,1,2,F02,7,5,5,50,4,2,1,5,4,5,13,4,4,5,5,5,2,17,1,59,2,9,3,4,7,9,8,20,1,14,,99,,1,21,121.5421536,25.0543047
113,12,16,13,44,2,03中山區,中山區北安路與明水路口,0,0,2,1,C03,7,6,5,50,3,3,1,5,4,5,13,2,1,8,3,5,1,17,1,22,2,9,5,1,7,1,1,10,1,11,,108,,1,21,121.5386094,25.0776779
113,12,16,13,44,2,03中山區,中山區北安路與明水路口,0,0,2,2,C03,7,6,5,50,3,3,1,5,4,5,13,2,1,8,3,5,1,17,1,24,2,9,5,1,7,1,1,10,1,13,,44,,1,21,121.5386094,25.0776779
113,12,16,14,20,2,05中正區,中正區杭州南路1段與杭州南路1段14巷口,0,0,1,1,C03,8,5,5,50,3,2,1,5,4,5,13,4,4,10,4,5,2,16,1,34,2,8,5,1,7,7,1,10,2,14,,100,,1,21,121.5255155,25.03959256
113,12,16,14,20,2,05中正區,中正區杭州南路1段與杭州南路1段14巷口,0,0,1,2,B01,8,5,5,50,3,2,1,5,4,5,13,4,4,10,4,5,2,16,1,54,3,10,7,1,7,9,1,4,2,2,,44,,1,21,121.5255155,25.03959256
113,12,16,14,49,2,02萬華區,萬華區康定路與康定路372巷口,0,0,2,1,C03,8,5,5,50,4,1,1,5,4,5,13,1,1,9,4,5,2,17,2,41,2,9,6,4,7,5,1,9,1,13,,44,,1,21,121.5010242,25.0341089
113,12,16,14,49,2,02萬華區,萬華區康定路與康定路372巷口,0,0,2,2,C03,8,5,5,50,4,1,1,5,4,5,13,1,1,9,4,5,2,17,1,42,2,8,5,4,7,9,1,10,1,11,,44,,1,21,121.5010242,25.0341089
113,12,16,15,0,2,01大同區,大同區天水路與延平北路1段口,0,0,1,1,A04,8,6,5,50,5,1,1,5,4,5,13,2,1,8,3,5,2,3,1,58,3,10,7,1,7,5,1,2,2,8,,70,,1,21,121.5118572,25.0519409
113,12,16,15,0,2,01大同區,大同區天水路與延平北路1段口,0,0,1,2,H01,8,6,5,50,5,1,1,5,4,5,13,2,1,8,3,5,2,3,1,84,2,1,4,5,8,20,8,20,10,16,,122,,1,21,121.5118572,25.0519409
113,12,16,15,0,2,03中山區,中山區市民高架道往西，建國匝道旁,0,0,3,1,B03,7,6,5,80,14,9,1,5,4,5,13,4,4,1,3,5,1,13,1,31,2,9,7,4,7,12,1,8,2,6,,44,,1,21,121.5425674,25.0791793
113,12,16,15,0,2,03中山區,中山區市民高架道往西，建國匝道旁,0,0,3,2,B02,7,6,5,80,14,9,1,5,4,5,13,4,4,1,3,5,1,13,1,28,3,10,7,4,7,9,1,4,2,8,,16,,1,21,121.5425674,25.0791793
113,12,16,15,0,2,03中山區,中山區市民高架道往西，建國匝道旁,0,0,3,3,H02,7,6,5,80,14,9,1,5,4,5,13,4,4,1,3,5,1,13,2,34,2,8,2,5,7,20,8,20,10,17,,67,,1,21,121.5425674,25.0791793
113,12,16,15,0,2,03中山區,中山區市民高架道往西，建國匝道旁,0,0,3,4,H02,7,6,5,80,14,9,1,5,4,5,13,4,4,1,3,5,1,13,2,31,2,9,7,5,7,20,8,20,10,17,,67,,1,21,121.5425674,25.0791793
113,12,16,15,0,2,06松山區,松山區民生東路5段84號,0,0,1,2,H02,7,6,5,50,14,9,1,5,4,5,13,4,4,1,4,5,2,9,2,53,2,9,4,5,7,20,8,20,10,17,,67,,1,22,121.5594297,25.05852791
113,12,16,15,0,2,06松山區,松山區民生東路5段84號,0,0,1,1,A02,7,6,5,50,14,9,1,5,4,5,13,4,4,1,4,5,2,9,1,45,3,10,7,1,7,1,1,2,9,17,,44,,1,21,121.5594297,25.05852791
113,12,16,15,10,2,10文山區,文山區和平東路4段與和平東路4段66巷口口,0,0,1,1,B03,8,6,5,40,3,1,1,5,4,5,13,2,1,5,5,5,2,16,1,67,3,10,7,4,7,6,1,8,1,2,,9,,1,22,121.5669137,25.0056248
113,12,16,15,10,2,10文山區,文山區和平東路4段與和平東路4段66巷口口,0,0,1,2,C03,8,6,5,40,3,1,1,5,4,5,13,2,1,5,5,5,2,16,1,40,2,8,6,4,7,9,1,10,1,11,,108,,1,21,121.5669137,25.0056248
113,12,16,15,14,2,08士林區,士林區中山北路5段與中山北路5段829巷口,0,0,1,1,B03,7,6,5,30,3,1,1,5,4,5,13,4,4,10,5,5,2,16,1,29,3,10,7,1,7,6,1,8,1,2,,9,,1,26,121.5257444,25.1017932
113,12,16,15,14,2,08士林區,士林區中山北路5段與中山北路5段829巷口,0,0,1,2,C03,7,6,5,30,3,1,1,5,4,5,13,4,4,10,5,5,2,16,2,61,2,7,6,1,7,9,1,10,1,14,,14,,1,26,121.5257444,25.1017932
113,12,16,15,20,2,09北投區,北投區光明路200號,0,0,1,1,B03,8,6,5,50,14,9,1,5,4,5,13,4,4,5,5,5,2,17,2,51,3,10,7,1,7,8,1,8,2,2,,100,,1,22,121.5032937,25.1357279
113,12,16,15,20,2,09北投區,北投區光明路200號,0,0,1,2,C03,8,6,5,50,14,9,1,5,4,5,13,4,4,5,5,5,2,17,1,57,2,9,6,1,7,9,1,10,2,14,,44,,1,22,121.5032937,25.1357279
113,12,16,15,36,2,04大安區,大安區基隆路2段與敦化南路2段口,0,0,1,1,B03,7,7,5,50,4,1,1,5,4,5,13,2,1,1,3,5,1,17,2,58,3,10,3,4,7,5,1,8,1,4,,8,,1,22,121.5489162,25.0211898
113,12,16,15,36,2,04大安區,大安區基隆路2段與敦化南路2段口,0,0,1,2,C03,7,7,5,50,4,1,1,5,4,5,13,2,1,1,3,5,1,17,1,27,2,8,6,4,7,9,1,10,1,12,,44,,1,22,121.5489162,25.0211898
113,12,16,15,46,2,04大安區,大安區辛亥路3段157巷與辛亥路3段157巷12弄口,0,0,2,1,B03,8,5,5,50,3,1,1,5,4,5,13,4,4,8,3,5,1,16,1,50,3,10,7,1,7,8,1,8,1,8,,101,,1,21,121.5494611,25.0176127
113,12,16,15,46,2,04大安區,大安區辛亥路3段157巷與辛亥路3段157巷12弄口,0,0,2,2,C03,8,5,5,50,3,1,1,5,4,5,13,4,4,8,3,5,1,16,1,29,2,9,5,1,7,9,1,10,1,12,,44,,1,21,121.5494611,25.0176127
113,12,16,15,46,2,04大安區,大安區辛亥路3段157巷與辛亥路3段157巷12弄口,0,0,2,3,H02,8,5,5,50,3,1,1,5,4,5,13,4,4,8,3,5,1,16,2,28,2,9,5,5,7,21,8,20,10,16,,67,,1,21,121.5494611,25.0176127
113,12,16,16,18,2,10文山區,文山區景中街與景文街口,0,0,1,1,B01,8,6,5,50,4,1,1,5,4,5,13,2,1,1,4,5,2,16,1,65,3,10,7,1,7,5,1,4,2,4,,8,,1,21,121.5413288,24.9929172
113,12,16,16,18,2,10文山區,文山區景中街與景文街口,0,0,1,2,C03,8,6,5,50,4,1,1,5,4,5,13,2,1,1,4,5,2,16,1,24,2,8,6,1,7,9,1,10,2,14,,44,,1,23,121.5413288,24.9929172
113,12,16,16,18,2,12內湖區,內湖區瑞光路與瑞光路26巷口,0,0,1,1,A11,7,5,5,50,3,2,1,5,4,5,13,2,1,5,4,5,2,12,1,39,3,10,7,1,7,8,1,1,1,2,,44,,1,21,121.5832632,25.0697383
113,12,16,16,18,2,12內湖區,內湖區瑞光路與瑞光路26巷口,0,0,1,2,C03,7,5,5,50,3,2,1,5,4,5,13,2,1,5,4,5,2,12,2,48,2,9,5,1,7,7,1,10,1,14,,100,,1,21,121.5832632,25.0697383
113,12,16,16,31,2,12內湖區,內湖區洲子街與港墘路口,0,0,1,1,B12,7,6,5,30,4,1,1,5,4,5,13,2,1,5,4,5,2,16,1,43,3,10,3,4,7,6,1,8,2,5,,9,,1,26,121.5758787,25.0780832
113,12,16,16,31,2,12內湖區,內湖區洲子街與港墘路口,0,0,1,2,F01,7,6,5,30,4,1,1,5,4,5,13,2,1,5,4,5,2,16,1,78,2,9,2,1,7,11,8,20,1,14,,11,,1,22,121.5758787,25.0780832
113,12,16,16,38,2,09北投區,北投區中央北路3段與中央北路3段220巷口,0,0,1,1,B01,7,5,5,50,3,1,1,5,4,5,13,2,1,5,4,5,2,16,1,61,3,10,7,1,7,11,1,8,1,4,,10,,1,21,121.523505,25.11641008
113,12,16,16,38,2,09北投區,北投區中央北路3段與中央北路3段220巷口,0,0,1,2,C03,7,5,5,50,3,1,1,5,4,5,13,2,1,5,4,5,2,16,1,18,2,9,5,1,7,9,1,10,1,11,,116,,1,21,121.523505,25.11641008
113,12,16,16,58,2,01大同區,大同區承德路3段與庫倫街口,0,0,1,1,A02,7,6,5,50,4,2,1,5,4,5,13,1,1,5,2,5,2,17,1,46,3,10,7,1,7,9,1,2,11,2,,16,,1,21,121.5183868,25.0718803
113,12,16,16,58,2,01大同區,大同區承德路3段與庫倫街口,0,0,1,2,F01,7,6,5,50,4,2,1,5,4,5,13,1,1,5,2,5,2,17,2,31,2,1,4,1,7,12,8,20,11,17,,85,,1,21,121.5183868,25.0718803
113,12,16,16,58,2,12內湖區,內湖區成美橋(北往南向),0,0,2,1,C03,8,5,5,50,8,9,1,5,4,5,13,4,4,5,4,5,2,12,1,44,2,9,5,1,7,9,6,10,2,15,,108,,1,21,121.582272,25.05547234
113,12,16,16,58,2,12內湖區,內湖區成美橋(北往南向),0,0,2,2,C03,8,5,5,50,8,9,1,5,4,5,13,4,4,5,4,5,2,12,1,27,3,10,5,1,7,9,1,10,2,14,,44,,1,21,121.582272,25.05547234
113,12,16,16,58,2,12內湖區,內湖區成美橋(北往南向),0,0,2,3,B03,8,5,5,50,8,9,1,5,4,5,13,4,4,5,4,5,2,12,1,44,3,10,7,1,7,9,1,8,2,8,,44,,1,21,121.582272,25.05547234
113,12,16,16,58,2,12內湖區,內湖區成美橋(北往南向),0,0,2,4,A02,8,5,5,50,8,9,1,5,4,5,13,4,4,5,4,5,2,12,1,44,3,10,7,1,7,9,1,2,2,4,,44,,1,21,121.582272,25.05547234
113,12,16,16,58,2,12內湖區,內湖區成美橋(北往南向),0,0,2,5,H02,8,5,5,50,8,9,1,5,4,5,13,4,4,5,4,5,2,12,2,63,2,8,5,5,7,20,8,20,10,16,,67,,1,21,121.582272,25.05547234
113,12,16,17,2,2,04大安區,大安區通化街與通化街165巷口口,0,0,2,1,B03,8,5,5,50,4,1,1,5,4,5,13,4,4,9,4,5,2,17,1,32,3,10,3,4,7,11,1,8,1,3,,10,,1,22,121.553759,25.0284942
113,12,16,17,2,2,04大安區,大安區通化街與通化街165巷口口,0,0,2,2,C03,8,5,5,50,4,1,1,5,4,5,13,4,4,9,4,5,2,17,2,39,2,8,5,1,7,9,1,10,1,11,,44,,1,22,121.553759,25.0284942
113,12,16,17,2,2,04大安區,大安區通化街與通化街165巷口口,0,0,2,3,H02,8,5,5,50,4,1,1,5,4,5,13,4,4,9,4,5,2,17,1,6,2,8,5,5,7,21,8,20,10,16,,67,,1,24,121.553759,25.0284942
113,12,16,17,15,2,04大安區,大安區新生南路1段103巷33弄與新生南路1段97巷口口,0,0,1,1,C03,7,5,5,30,4,1,1,5,4,5,13,4,4,10,5,5,2,15,1,43,2,9,3,4,7,9,1,10,1,12,,72,,1,22,121.5360553,25.0412673
113,12,16,17,15,2,04大安區,大安區新生南路1段103巷33弄與新生南路1段97巷口口,0,0,1,2,B03,7,5,5,30,4,1,1,5,4,5,13,4,4,10,5,5,2,15,1,70,3,10,3,4,7,9,1,8,1,1,,14,,1,22,121.5360553,25.0412673
113,12,16,17,15,2,04大安區,大安區新生南路1段103巷33弄與新生南路1段97巷口口,0,0,1,3,C03,7,5,5,30,4,1,1,5,4,5,13,4,4,10,5,5,2,15,3,0,,,,,,,,,,,,67,,1,,121.5360553,25.0412673
113,12,16,17,15,2,04大安區,大安區新生南路1段103巷33弄與新生南路1段97巷口口,0,0,1,4,C03,7,5,5,30,4,1,1,5,4,5,13,4,4,10,5,5,2,15,3,0,,,,,,,,,,,,67,,1,,121.5360553,25.0412673
113,12,16,17,16,2,09北投區,北投區承德路6段與河美街口口,0,0,1,1,C03,8,6,5,50,14,11,1,5,4,5,13,2,1,1,4,5,2,17,1,74,2,9,6,1,7,9,1,10,1,11,,42,,1,22,121.5126087,25.0991464
113,12,16,17,16,2,09北投區,北投區承德路6段與河美街口口,0,0,1,2,C03,8,6,5,50,14,11,1,5,4,5,13,2,1,1,4,5,2,17,1,26,3,10,6,1,7,14,1,10,1,13,,44,,1,21,121.5126087,25.0991464
113,12,16,17,16,2,09北投區,北投區承德路6段與河美街口口,0,0,1,3,C03,8,6,5,50,14,11,1,5,4,5,13,2,1,1,4,5,2,17,4,0,,,,,,,,,,,,119,,2,,121.5126087,25.0991464
113,12,16,17,20,2,04大安區,大安區新生南路3段7號,0,0,1,1,B03,7,5,5,50,22,9,1,5,4,5,13,4,4,8,3,5,1,17,1,35,3,10,7,1,7,1,1,8,1,1,,19,,1,21,121.5349385,25.0256616
113,12,16,17,20,2,04大安區,大安區新生南路3段7號,0,0,1,2,C03,7,5,5,50,22,9,1,5,4,5,13,4,4,8,3,5,1,17,2,62,2,9,5,1,7,9,1,10,1,12,,44,,1,21,121.5349385,25.0256616
113,12,16,17,20,2,08士林區,士林區社子街22巷與社子街52巷口,0,0,1,2,B03,7,5,5,30,5,1,1,5,4,5,13,4,4,10,5,5,2,15,1,55,3,10,7,1,7,9,1,8,2,1,,14,,1,22,121.507303,25.0870218
113,12,16,17,20,2,08士林區,士林區社子街22巷與社子街52巷口,0,0,1,1,C04,7,5,5,30,5,1,1,5,4,5,13,4,4,10,5,5,2,15,1,46,2,7,5,1,7,9,6,10,2,12,,72,,1,22,121.507303,25.0870218
113,12,16,17,28,2,08士林區,士林區葫蘆街與延平北路5段257巷15弄口口,0,0,1,1,B03,8,5,5,50,3,2,1,5,4,5,13,4,4,8,3,5,2,16,2,63,3,10,3,4,7,9,1,8,1,8,,4,,1,22,121.509198,25.0839189
113,12,16,17,28,2,08士林區,士林區葫蘆街與延平北路5段257巷15弄口口,0,0,1,2,C03,8,5,5,50,3,2,1,5,4,5,13,4,4,8,3,5,2,16,2,67,2,9,3,4,7,6,1,10,1,11,,80,,1,22,121.509198,25.0839189
113,12,16,17,31,2,04大安區,大安區建國南路1段與新生南路1段103巷口口,0,0,2,1,C03,8,6,5,50,4,1,1,5,4,5,13,2,1,9,4,4,2,17,2,56,2,9,3,4,7,15,1,10,9,15,,17,,1,21,121.5373161,25.04063311
113,12,16,17,31,2,04大安區,大安區建國南路1段與新生南路1段103巷口口,0,0,2,2,C03,8,6,5,50,4,1,1,5,4,5,13,2,1,9,4,4,2,17,2,42,2,9,5,1,7,9,1,10,1,14,,17,,1,21,121.5373161,25.04063311
113,12,16,17,33,2,05中正區,中正區愛國西路與羅斯福路1段口口,0,0,1,1,C03,8,5,5,50,4,1,1,5,4,5,13,1,1,1,4,5,1,17,1,74,3,10,6,1,7,9,1,10,2,12,,81,,1,21,121.5162117,25.0354302
113,12,16,17,33,2,05中正區,中正區愛國西路與羅斯福路1段口口,0,0,1,2,F01,8,5,5,50,4,1,1,5,4,5,13,1,1,1,4,5,1,17,2,59,2,1,4,1,7,1,8,20,2,11,,85,,1,21,121.5162117,25.0354302
113,12,16,17,36,2,04大安區,大安區臥龍街151巷36號,0,0,2,2,H01,8,5,5,50,14,9,1,5,4,5,13,4,4,5,4,5,2,9,1,56,3,10,4,5,8,20,8,20,1,16,,67,,1,21,121.5523519,25.0201821
113,12,16,17,36,2,04大安區,大安區臥龍街151巷36號,0,0,2,3,C03,8,5,5,50,14,9,1,5,4,5,13,4,4,5,4,5,2,9,2,34,2,9,6,1,7,9,1,10,1,11,,44,,1,21,121.5523519,25.0201821
113,12,16,17,36,2,04大安區,大安區臥龍街151巷36號,0,0,2,1,C03,8,5,5,50,14,9,1,5,4,5,13,4,4,5,4,5,2,9,2,43,2,8,6,1,7,9,1,10,1,11,,44,,1,21,121.5523519,25.0201821
113,12,16,17,49,2,09北投區,北投區建民路與建民路151巷口口,0,0,2,1,C03,8,5,5,30,4,1,1,5,4,5,13,4,4,10,5,5,2,17,2,36,2,9,6,1,7,9,1,10,1,11,,72,,1,22,121.5192978,25.1104375
113,12,16,17,49,2,09北投區,北投區建民路與建民路151巷口口,0,0,2,2,C03,8,5,5,30,4,1,1,5,4,5,13,4,4,10,5,5,2,17,1,32,2,9,6,1,7,9,1,10,1,14,,44,,1,22,121.5192978,25.1104375
113,12,16,17,50,2,04大安區,大安區敦化南路1段與東豐街口口,0,0,1,1,C03,8,5,5,50,3,1,1,5,4,5,13,4,4,1,4,4,2,12,1,29,3,10,5,1,7,8,1,10,1,13,,101,,1,22,121.5485501,25.0360206
113,12,16,17,50,2,04大安區,大安區敦化南路1段與東豐街口口,0,0,1,2,C03,8,5,5,50,3,1,1,5,4,5,13,4,4,1,4,4,2,12,1,51,2,8,5,1,7,9,1,10,1,11,,44,,1,22,121.5485501,25.0360206
113,12,16,17,51,2,12內湖區,內湖區行愛路與新湖三路口,0,0,1,1,B03,7,5,5,50,4,1,1,5,4,5,13,1,1,8,3,5,1,15,1,43,3,10,7,1,7,9,1,8,2,1,,107,,1,21,121.5789756,25.0654267
113,12,16,17,51,2,12內湖區,內湖區行愛路與新湖三路口,0,0,1,2,C03,7,5,5,50,4,1,1,5,4,5,13,1,1,8,3,5,1,15,2,19,2,9,6,1,7,9,1,10,2,14,,44,,1,21,121.5789756,25.0654267
113,12,16,18,5,2,12內湖區,內湖區新湖一路與新湖二路191巷口,0,0,1,1,B02,7,5,5,50,3,1,1,5,4,5,13,1,1,5,5,5,2,17,1,54,3,10,7,1,7,15,1,8,1,5,,101,,1,21,121.5804174,25.0610713
113,12,16,18,5,2,12內湖區,內湖區新湖一路與新湖二路191巷口,0,0,1,2,C03,7,5,5,50,3,1,1,5,4,5,13,1,1,5,5,5,2,17,1,28,2,8,5,1,7,9,1,10,1,14,,44,,1,21,121.5804174,25.0610713
113,12,16,18,5,2,11南港區,南港區研究院路1段63號與忠孝東路7段口,0,0,1,1,B01,7,5,5,50,3,1,1,5,4,5,13,1,1,1,4,5,2,16,1,32,3,10,7,1,7,6,1,8,2,5,,9,,1,21,121.6162985,25.0528952
113,12,16,18,5,2,11南港區,南港區研究院路1段63號與忠孝東路7段口,0,0,1,2,B03,7,5,5,50,3,1,1,5,4,5,13,1,1,1,4,5,2,16,1,27,3,10,7,1,7,9,1,7,2,8,,13,,1,21,121.6162985,25.0528952
113,12,16,18,5,2,11南港區,南港區研究院路1段63號與忠孝東路7段口,0,0,1,3,H01,7,5,5,50,3,1,1,5,4,5,13,1,1,1,4,5,2,16,2,29,2,8,4,5,8,16,8,20,10,16,,67,,1,21,121.6162985,25.0528952
113,12,16,18,5,2,11南港區,南港區研究院路1段63號與忠孝東路7段口,0,0,1,4,C03,7,5,5,50,3,1,1,5,4,5,13,1,1,1,4,5,2,16,1,33,3,10,3,4,7,13,1,10,9,13,,44,,1,21,121.6162985,25.0528952
113,12,16,18,5,2,11南港區,南港區研究院路1段63號與忠孝東路7段口,0,0,1,5,C03,7,5,5,50,3,1,1,5,4,5,13,1,1,1,4,5,2,16,1,24,3,10,3,4,7,13,1,10,9,13,,44,,1,21,121.6162985,25.0528952
113,12,16,18,5,2,11南港區,南港區研究院路1段63號與忠孝東路7段口,0,0,1,6,C03,7,5,5,50,3,1,1,5,4,5,13,1,1,1,4,5,2,16,2,26,3,10,3,4,7,13,1,10,9,13,,44,,1,21,121.6162985,25.0528952
113,12,16,18,5,2,11南港區,南港區研究院路1段63號與忠孝東路7段口,0,0,1,7,C03,7,5,5,50,3,1,1,5,4,5,13,1,1,1,4,5,2,16,1,35,3,10,3,4,7,13,1,10,9,13,,44,,1,21,121.6162985,25.0528952
113,12,16,18,5,2,11南港區,南港區研究院路1段63號與忠孝東路7段口,0,0,1,8,C03,7,5,5,50,3,1,1,5,4,5,13,1,1,1,4,5,2,16,1,33,3,10,3,4,7,13,1,10,9,13,,44,,1,21,121.6162985,25.0528952
113,12,16,18,5,2,11南港區,南港區研究院路1段63號與忠孝東路7段口,0,0,1,9,C03,7,5,5,50,3,1,1,5,4,5,13,1,1,1,4,5,2,16,2,22,3,10,3,4,7,13,1,10,9,13,,44,,1,21,121.6162985,25.0528952
113,12,16,18,5,2,11南港區,南港區研究院路1段63號與忠孝東路7段口,0,0,1,10,,7,5,5,50,3,1,1,5,4,5,13,1,1,1,4,5,2,16,3,36,,,,,,,,,,,,67,,1,,121.6162985,25.0528952
113,12,16,18,49,2,07信義區,信義區基隆路2段與和平東路3段口圓環,0,0,2,1,B01,8,5,5,50,18,9,1,5,4,5,13,1,1,10,4,5,2,16,1,43,2,3,3,4,7,7,1,4,2,8,,72,,1,22,121.5528793,25.0244801
113,12,16,18,49,2,07信義區,信義區基隆路2段與和平東路3段口圓環,0,0,2,2,B03,8,5,5,50,18,9,1,5,4,5,13,1,1,10,4,5,2,16,1,50,2,8,3,4,7,9,1,8,2,5,,44,,1,22,121.5528793,25.0244801
113,12,16,18,52,2,09北投區,北投區大度路與大度路口東往西機車優先道,0,0,2,1,C03,7,5,5,50,14,12,1,5,4,5,13,4,4,1,4,3,2,13,2,50,2,6,5,1,7,7,1,10,1,13,,100,,1,21,121.474305,25.1228453
113,12,16,18,52,2,09北投區,北投區大度路與大度路口東往西機車優先道,0,0,2,2,C03,7,5,5,50,14,12,1,5,4,5,13,4,4,1,4,3,2,13,1,42,2,9,5,1,7,9,1,10,1,11,,108,,1,21,121.474305,25.1228453
113,12,16,19,20,2,03中山區,中山區南京東路1段與中山北路2段口,0,0,1,1,B01,8,5,5,50,4,1,1,5,4,5,13,2,1,1,4,5,2,16,1,76,3,10,7,1,7,6,1,8,2,1,,9,,1,21,121.5227008,25.0524943
113,12,16,19,20,2,03中山區,中山區南京東路1段與中山北路2段口,0,0,1,2,F01,8,5,5,50,4,1,1,5,4,5,13,2,1,1,4,5,2,16,2,32,2,9,2,1,7,11,8,20,2,12,,11,,1,21,121.5227008,25.0524943
113,12,16,19,22,2,12內湖區,內湖區內湖路3段與內湖路3段18巷口,0,0,1,1,C03,7,5,5,30,4,1,1,5,4,5,13,4,4,10,5,5,2,17,1,54,2,9,5,1,7,9,1,10,1,12,,72,,1,21,121.5927715,25.084594
113,12,16,19,22,2,12內湖區,內湖區內湖路3段與內湖路3段18巷口,0,0,1,2,B03,7,5,5,30,4,1,1,5,4,5,13,4,4,10,5,5,2,17,1,67,3,10,7,1,7,9,1,6,1,5,,14,,1,21,121.5927715,25.084594