發生年度,發生月,發生日,發生時-Hours,發生分,處理別-編號,區序,肇事地點,死亡人數,2-30日死亡人數,受傷人數,當事人序號,車種,天候,道路照明設備,道路類別,速限-速度限制,道路型態,事故位置,路面狀況1,路面狀況2,路面狀況3,道路障礙1,道路障礙2,號誌1,號誌2,車道劃分-分向,車道劃分-分道1,車道劃分-分道2,車道劃分-分道3,事故類型及型態,性別,年齡,受傷程度,主要傷處,保護裝置,行動電話,車輛用途,當事者行動狀態,駕駛資格情形,駕駛執照種類,飲酒情形,車輛撞擊部位1,車輛撞擊部位2,肇因碼-個別,肇因碼-主要,個人肇逃否,職業,座標-X,座標-Y
113,12,16,19,28,2,04大安區,大安區仁愛路3段與新生南路1段口,0,0,1,1,C03,8,5,5,50,4,1,1,5,4,5,13,1,1,1,4,5,2,17,2,33,2,9,6,1,7,15,1,10,1,17,,44,,1,21,121.5329812,25.0383381
113,12,16,19,28,2,04大安區,大安區仁愛路3段與新生南路1段口,0,0,1,2,B01,8,5,5,50,4,1,1,5,4,5,13,1,1,1,4,5,2,17,1,56,3,10,7,1,7,9,1,4,1,17,,44,,1,21,121.5329812,25.0383381
113,12,16,19,34,2,01大同區,大同區西寧北路與鄭州路口,0,0,1,1,B03,7,5,5,50,4,1,1,5,4,5,13,2,1,4,4,5,2,13,1,33,3,10,3,4,7,9,1,8,1,1,,108,,1,21,121.5081102,25.0504911
113,12,16,19,34,2,01大同區,大同區西寧北路與鄭州路口,0,0,1,2,C03,7,5,5,50,4,1,1,5,4,5,13,2,1,4,4,5,2,13,1,78,2,9,3,4,7,14,1,10,1,13,,44,,1,21,121.5081102,25.0504911
113,12,16,19,35,2,05中正區,中正區忠孝東路1段與鎮江街口,0,0,1,1,B01,7,5,5,50,4,1,1,5,4,5,13,2,1,1,4,5,2,3,1,68,3,10,7,4,7,5,1,4,2,1,,70,,1,21,121.5217121,25.04515868
113,12,16,19,35,2,05中正區,中正區忠孝東路1段與鎮江街口,0,0,1,2,H01,7,5,5,50,4,1,1,5,4,5,13,2,1,1,4,5,2,3,2,36,2,9,4,5,8,16,8,20,10,16,,67,,1,22,121.5217121,25.04515868
113,12,16,19,37,2,07信義區,信義區松山路與忠孝東路5段口,0,0,1,1,C03,7,5,5,50,4,1,1,5,4,5,13,1,1,9,4,5,2,13,2,47,2,7,6,1,7,9,1,10,1,11,,108,,1,21,121.5777564,25.0409905
113,12,16,19,37,2,07信義區,信義區松山路與忠孝東路5段口,0,0,1,2,C03,7,5,5,50,4,1,1,5,4,5,13,1,1,9,4,5,2,13,1,57,3,10,6,1,7,14,1,10,1,13,,44,,1,21,121.5777564,25.0409905
113,12,16,20,11,2,06松山區,松山區光復北路155巷附近側附近,0,0,2,1,C03,7,5,5,50,14,9,1,5,4,5,13,1,1,9,4,5,2,13,1,30,2,9,6,1,7,9,3,18,1,13,,37,,1,21,121.5558317,25.0550944
113,12,16,20,11,2,06松山區,松山區光復北路155巷附近側附近,0,0,2,2,C03,7,5,5,50,14,9,1,5,4,5,13,1,1,9,4,5,2,13,1,31,2,8,6,1,7,9,1,10,1,11,,16,,1,21,121.5558317,25.0550944
113,12,16,20,40,2,05中正區,中正區貴陽街1段與懷寧街口,0,0,1,1,B03,8,5,5,50,3,1,1,5,4,5,13,4,4,5,4,5,2,17,2,51,3,10,7,1,7,5,1,8,2,8,,8,,1,21,121.5137523,25.038699
113,12,16,20,40,2,05中正區,中正區貴陽街1段與懷寧街口,0,0,1,2,C03,8,5,5,50,3,1,1,5,4,5,13,4,4,5,4,5,2,17,2,55,2,9,5,1,7,9,1,10,2,12,,44,,1,21,121.5137523,25.038699
113,12,16,20,43,2,04大安區,大安區光復南路116巷與廢鐵道口,0,0,1,1,C03,8,5,5,30,4,1,1,5,4,5,13,4,4,1,5,5,2,16,1,27,2,9,5,1,7,5,1,10,1,12,,74,,1,22,121.5562178,25.0430211
113,12,16,20,43,2,04大安區,大安區光復南路116巷與廢鐵道口,0,0,1,2,B03,8,5,5,30,4,1,1,5,4,5,13,4,4,1,5,5,2,16,1,35,3,10,7,1,7,9,1,8,1,1,,108,,1,22,121.5562178,25.0430211
113,12,16,20,55,2,12內湖區,內湖區環山路1段與文湖街口,0,0,1,1,B03,8,5,5,50,3,1,1,5,4,5,13,2,1,10,4,5,2,16,1,44,3,10,7,1,7,5,1,8,2,5,,71,,1,21,121.5661491,25.0862122
113,12,16,20,55,2,12內湖區,內湖區環山路1段與文湖街口,0,0,1,2,C03,8,5,5,50,3,1,1,5,4,5,13,2,1,10,4,5,2,16,2,24,2,8,5,1,7,9,1,10,2,11,,44,,1,21,121.5661491,25.0862122
113,12,16,20,58,2,04大安區,大安區忠孝東路4段與大安路1段口口,0,0,2,1,C03,8,6,5,50,4,1,1,5,4,5,13,2,1,1,4,5,2,13,1,20,2,7,5,1,7,9,1,10,1,11,,118,,1,21,121.546355,25.0416838
113,12,16,20,58,2,04大安區,大安區忠孝東路4段與大安路1段口口,0,0,2,2,C03,8,6,5,50,4,1,1,5,4,5,13,2,1,1,4,5,2,13,2,27,2,9,5,1,7,9,1,10,1,13,,44,,1,21,121.546355,25.0416838
113,12,16,21,15,2,12內湖區,內湖區新明路312巷4號,0,0,1,1,B01,7,5,5,30,14,9,1,5,4,5,13,4,4,10,5,5,2,17,1,51,3,10,7,1,7,1,1,8,1,1,,19,,1,21,121.5817622,25.05611029
113,12,16,21,15,2,12內湖區,內湖區新明路312巷4號,0,0,1,2,C03,7,5,5,30,14,9,1,5,4,5,13,4,4,10,5,5,2,17,1,45,2,8,5,1,7,9,1,10,1,14,,13,,1,21,121.5817622,25.05611029
113,12,16,21,20,2,06松山區,松山區八德路3段12巷與八德路3段12巷52弄口,0,0,1,1,B03,7,5,5,30,4,1,1,5,4,5,13,4,4,10,5,5,2,13,1,63,3,10,7,1,7,6,1,8,1,1,,108,,1,22,121.5506985,25.046237
113,12,16,21,20,2,06松山區,松山區八德路3段12巷與八德路3段12巷52弄口,0,0,1,2,C03,7,5,5,30,4,1,1,5,4,5,13,4,4,10,5,5,2,13,2,23,2,8,6,1,7,12,1,10,1,13,,44,,1,22,121.5506985,25.046237
113,12,16,21,32,2,04大安區,大安區杭州南路2段與潮州街口,0,0,1,1,C03,8,5,5,50,4,1,1,5,4,5,13,1,1,5,5,5,2,17,2,26,3,10,6,1,7,5,1,10,2,13,,80,,1,21,121.5220959,25.029557
113,12,16,21,32,2,04大安區,大安區杭州南路2段與潮州街口,0,0,1,2,C03,8,5,5,50,4,1,1,5,4,5,13,1,1,5,5,5,2,17,2,61,2,9,5,1,7,9,1,10,2,11,,108,,1,21,121.5220959,25.029557
113,12,17,5,4,2,10文山區,文山區木柵路5段(139號停車格）,0,0,2,1,A12,8,5,5,50,14,9,1,5,4,5,13,4,4,5,4,5,2,13,1,57,2,1,7,1,7,9,1,7,2,1,,108,,1,21,121.5884149,25.0017566
113,12,17,5,4,2,10文山區,文山區木柵路5段(139號停車格）,0,0,2,2,A32,8,5,5,50,14,9,1,5,4,5,13,4,4,5,4,5,2,13,1,36,2,3,7,4,7,13,1,1,2,3,,38,,1,21,121.5884149,25.0017566
113,12,17,5,33,2,10文山區,文山區木柵路4段117號,0,0,1,1,C03,7,6,5,50,14,9,1,5,4,5,13,1,1,5,4,5,2,11,1,46,2,7,6,1,7,9,1,10,2,14,,42,,1,21,121.5736097,24.9973447
113,12,17,5,33,2,10文山區,文山區木柵路4段117號,0,0,1,2,A12,7,6,5,50,14,9,1,5,4,5,13,1,1,5,4,5,2,11,1,36,3,10,7,1,7,9,1,3,2,4,,44,,1,21,121.5736097,24.9973447
113,12,17,6,9,1,04大安區,大安區市民大道4段與忠孝東路4段223巷口口,1,0,0,1,C03,8,5,5,30,4,2,1,5,4,5,13,4,4,10,5,5,2,17,1,50,1,9,5,1,7,6,1,10,9,11,,107,,1,22,121.5531613,25.0441943
113,12,17,6,9,1,04大安區,大安區市民大道4段與忠孝東路4段223巷口口,1,0,0,2,A31,8,5,5,30,4,2,1,5,4,5,13,4,4,10,5,5,2,17,1,59,3,10,3,1,7,13,1,1,2,3,,38,,1,26,121.5531613,25.0441943
113,12,17,6,21,2,02萬華區,萬華區堤外便道華中橋下,0,0,1,1,B12,8,5,8,40,22,22,1,5,4,5,13,4,4,10,5,5,2,17,1,76,3,10,3,4,7,11,1,8,1,5,,92,,1,21,121.4949175,25.0163248
113,12,17,6,21,2,02萬華區,萬華區堤外便道華中橋下,0,0,1,2,G06,8,5,8,40,22,22,1,5,4,5,13,4,4,10,5,5,2,17,2,74,2,9,3,4,7,9,8,20,1,16,,42,,1,21,121.4949175,25.0163248
113,12,17,6,21,2,02萬華區,萬華區堤外便道華中橋下,0,0,1,3,B12,8,5,8,40,22,22,1,5,4,5,13,4,4,10,5,5,2,17,1,35,3,10,3,4,7,13,1,8,1,8,,38,,1,21,121.4949175,25.0163248
113,12,17,6,33,2,04大安區,大安區新生南路3段與新生南路3段86巷口,0,0,1,2,C03,8,5,8,50,3,2,1,5,4,5,13,1,1,8,3,5,2,17,1,59,2,9,3,4,7,15,1,10,1,12,,44,,1,21,121.5337287,25.0183795
113,12,17,6,33,2,04大安區,大安區新生南路3段與新生南路3段86巷口,0,0,1,1,A05,8,5,8,50,3,2,1,5,4,5,13,1,1,8,3,5,2,17,1,57,3,10,3,4,7,9,1,2,1,17,,49,,1,21,121.5337287,25.0183795
113,12,17,7,16,2,11南港區,南港區南港路2段與南港路2段41巷口,0,0,1,1,C03,7,7,8,50,3,1,1,5,4,5,13,1,1,4,3,4,1,13,1,25,2,8,3,4,7,9,1,10,2,11,,16,,1,21,121.6026863,25.0535912
113,12,17,7,16,2,11南港區,南港區南港路2段與南港路2段41巷口,0,0,1,2,B03,7,7,8,50,3,1,1,5,4,5,13,1,1,4,3,4,1,13,1,32,3,10,3,4,7,14,1,8,2,3,,44,,1,21,121.6026863,25.0535912
113,12,17,7,25,2,07信義區,信義區松勤街140巷與信義路5段150巷口,0,0,1,1,B02,7,6,5,30,3,1,1,5,4,5,13,4,4,10,5,5,2,17,1,42,3,10,7,1,7,5,1,8,1,17,,80,,1,22,121.5696832,25.0309452
113,12,17,7,25,2,07信義區,信義區松勤街140巷與信義路5段150巷口,0,0,1,2,C03,7,6,5,30,3,1,1,5,4,5,13,4,4,10,5,5,2,17,1,54,2,8,6,1,7,9,1,10,1,17,,14,,1,22,121.5696832,25.0309452
113,12,17,7,28,2,04大安區,大安區復興南路2段193巷與復興南路2段口,0,0,1,1,C03,7,6,5,50,4,2,1,5,4,5,13,1,1,1,4,5,2,13,1,29,2,9,5,1,7,9,1,10,1,14,,108,,1,21,121.5435446,25.0264641
113,12,17,7,28,2,04大安區,大安區復興南路2段193巷與復興南路2段口,0,0,1,2,B03,7,6,5,50,4,2,1,5,4,5,13,1,1,1,4,5,2,13,2,39,3,10,7,1,7,8,1,8,1,6,,44,,1,21,121.5435446,25.0264641
113,12,17,7,28,2,04大安區,大安區復興南路2段193巷與復興南路2段口,0,0,1,3,B03,7,6,5,50,4,2,1,5,4,5,13,1,1,1,4,5,2,13,4,0,,,,,,,,,11,,,119,,2,,121.5435446,25.0264641
113,12,17,7,30,2,05中正區,中正區水源快速道路85號燈桿,0,0,2,1,C02,8,6,5,60,14,7,1,5,4,5,13,4,4,1,4,5,1,17,1,46,2,8,6,1,7,9,1,9,2,11,,16,,1,21,121.5230195,25.0192391
113,12,17,7,30,2,05中正區,中正區水源快速道路85號燈桿,0,0,2,2,B03,8,6,5,60,14,7,1,5,4,5,13,4,4,1,4,5,1,17,1,31,3,10,7,1,7,12,1,8,2,7,,13,,1,21,121.5230195,25.0192391
113,12,17,7,30,2,05中正區,中正區水源快速道路85號燈桿,0,0,2,3,B03,8,6,5,60,14,7,1,5,4,5,13,4,4,1,4,5,1,17,1,52,3,10,7,1,7,9,1,8,2,2,,44,,1,21,121.5230195,25.0192391
113,12,17,7,30,2,05中正區,中正區水源快速道路85號燈桿,0,0,2,4,H02,8,6,5,60,14,7,1,5,4,5,13,4,4,1,4,5,1,17,1,20,2,8,7,5,7,20,8,20,10,16,,67,,1,21,121.5230195,25.0192391
113,12,17,7,38,2,09北投區,北投區立農街2段與立農街2段273巷口,0,0,1,1,C03,8,7,5,50,4,1,1,5,4,5,13,4,4,5,5,5,2,17,1,34,2,9,6,1,7,9,1,10,1,14,,42,,1,22,121.5150682,25.1187464
113,12,17,7,38,2,09北投區,北投區立農街2段與立農街2段273巷口,0,0,1,2,C03,8,7,5,50,4,1,1,5,4,5,13,4,4,5,5,5,2,17,2,19,3,10,6,1,7,14,1,10,1,13,,44,,1,22,121.5150682,25.1187464
113,12,17,7,40,2,06松山區,松山區民權東路3段與敦化北路口,0,0,2,2,C03,7,6,5,50,4,2,1,5,4,5,13,1,1,1,4,5,2,17,2,37,2,8,6,1,7,14,1,10,2,13,,44,,1,22,121.5502528,25.0614803
113,12,17,7,40,2,06松山區,松山區民權東路3段與敦化北路口,0,0,2,1,C03,7,6,5,50,4,2,1,5,4,5,13,1,1,1,4,5,2,17,1,30,2,7,5,1,7,9,1,10,2,15,,42,,1,22,121.5502528,25.0614803
113,12,17,7,42,2,02萬華區,萬華區西寧南路與漢口街2段口,0,0,2,1,C03,7,6,5,50,4,1,1,5,4,5,13,2,1,5,4,5,2,17,1,72,3,10,6,1,7,5,1,10,1,14,,8,,1,21,121.5067564,25.0456945
113,12,17,7,42,2,02萬華區,萬華區西寧南路與漢口街2段口,0,0,2,2,C03,7,6,5,50,4,1,1,5,4,5,13,2,1,5,4,5,2,17,1,54,2,9,6,1,7,9,1,10,1,12,,44,,1,21,121.5067564,25.0456945
113,12,17,7,42,2,02萬華區,萬華區西寧南路與漢口街2段口,0,0,2,3,H02,7,6,5,50,4,1,1,5,4,5,13,2,1,5,4,5,2,17,2,69,2,8,6,5,7,17,8,20,10,16,,67,,1,21,121.5067564,25.0456945
113,12,17,7,44,2,11南港區,南港區三重路與三重路67巷口,0,0,1,1,C03,8,6,5,50,3,2,1,5,4,5,13,4,4,5,4,5,2,13,2,39,2,9,6,1,7,9,1,10,1,11,,44,,1,21,121.6140486,25.0606881
113,12,17,7,44,2,11南港區,南港區三重路與三重路67巷口,0,0,1,2,C03,8,6,5,50,3,2,1,5,4,5,13,4,4,5,4,5,2,13,1,61,3,10,6,1,7,6,1,10,1,13,,9,,1,21,121.6140486,25.0606881
113,12,17,7,45,2,02萬華區,萬華區艋舺大道(台電倉庫),0,0,1,1,C03,7,6,8,50,22,22,1,5,4,5,13,4,4,1,5,5,2,17,2,27,3,10,6,1,7,1,1,10,1,11,,19,,1,21,121.4952133,25.0322878
113,12,17,7,45,2,02萬華區,萬華區艋舺大道(台電倉庫),0,0,1,2,F01,7,6,8,50,22,22,1,5,4,5,13,4,4,1,5,5,2,17,2,59,2,9,4,1,7,9,8,20,1,14,12,108,,1,21,121.4952133,25.0322878
113,12,17,8,1,2,06松山區,松山區市民大道6段與八德路4段652巷口,0,0,4,1,F01,8,5,5,40,3,2,1,5,4,5,13,4,4,1,3,5,2,15,2,67,2,9,3,1,7,11,8,20,2,12,,11,,1,22,121.5751829,25.0494354
113,12,17,8,1,2,06松山區,松山區市民大道6段與八德路4段652巷口,0,0,4,2,C03,8,5,5,40,3,2,1,5,4,5,13,4,4,1,3,5,2,15,1,35,2,9,5,4,7,9,1,10,2,11,,14,,1,22,121.5751829,25.0494354
113,12,17,8,1,2,06松山區,松山區市民大道6段與八德路4段652巷口,0,0,4,3,C03,8,5,5,40,3,2,1,5,4,5,13,4,4,1,3,5,2,15,1,36,2,9,5,1,7,9,1,10,2,11,,14,,1,22,121.5751829,25.0494354
113,12,17,8,1,2,06松山區,松山區市民大道6段與八德路4段652巷口,0,0,4,4,H02,8,5,5,40,3,2,1,5,4,5,13,4,4,1,3,5,2,15,1,21,2,9,5,5,7,20,8,20,10,17,,67,,1,21,121.5751829,25.0494354
113,12,17,8,1,2,06松山區,松山區市民大道6段與八德路4段652巷口,0,0,4,5,B03,8,5,5,40,3,2,1,5,4,5,13,4,4,1,3,5,2,15,3,0,,,,,,,,,,,,65,,1,,121.5751829,25.0494354
113,12,17,8,5,2,02萬華區,萬華區萬大路423巷43號,0,0,2,1,B03,7,5,5,50,11,9,1,5,4,5,13,4,4,8,4,5,2,16,1,43,3,10,3,4,7,11,1,8,1,4,,10,,1,22,121.5005016,25.0212976
113,12,17,8,5,2,02萬華區,萬華區萬大路423巷43號,0,0,2,2,C03,7,5,5,50,11,9,1,5,4,5,13,4,4,8,4,5,2,16,1,44,2,9,5,4,7,9,1,10,1,11,,107,,1,22,121.5005016,25.0212976
113,12,17,8,5,2,02萬華區,萬華區萬大路423巷43號,0,0,2,3,C03,7,5,5,50,11,9,1,5,4,5,13,4,4,8,4,5,2,16,1,69,2,9,5,4,7,9,1,10,1,11,,107,,1,22,121.5005016,25.0212976
113,12,17,8,19,2,09北投區,北投區東華街2段與致遠三路55巷口,0,0,2,1,C03,8,7,5,50,4,1,1,5,4,5,13,2,1,10,4,5,2,16,2,19,2,9,6,1,7,5,1,10,1,14,,8,,1,22,121.5089525,25.120547
113,12,17,8,19,2,09北投區,北投區東華街2段與致遠三路55巷口,0,0,2,2,C03,8,7,5,50,4,1,1,5,4,5,13,2,1,10,4,5,2,16,2,48,2,9,6,1,7,9,1,10,1,12,,44,,1,22,121.5089525,25.120547
113,12,17,8,21,2,08士林區,士林區中正路與福壽街口,0,0,1,1,B03,7,6,5,50,3,2,1,5,4,5,13,4,4,3,4,5,1,16,1,69,3,10,3,4,7,8,1,8,1,2,,100,,1,21,121.525832,25.0953816
113,12,17,8,21,2,08士林區,士林區中正路與福壽街口,0,0,1,2,C03,7,6,5,50,3,2,1,5,4,5,13,4,4,3,4,5,1,16,1,26,2,9,3,4,7,9,3,18,1,14,,44,,1,21,121.525832,25.0953816
113,12,17,8,30,2,03中山區,中山區建國北路3段與民權東路2段口,0,0,1,1,A32,8,7,5,50,14,9,1,5,4,5,13,4,4,1,4,5,2,12,1,65,3,10,7,1,7,8,1,5,2,5,,44,,1,21,121.5367415,25.0629917
113,12,17,8,30,2,03中山區,中山區建國北路3段與民權東路2段口,0,0,1,2,C02,8,7,5,50,14,9,1,5,4,5,13,4,4,1,4,5,2,12,1,26,2,7,5,1,7,9,1,9,2,14,,44,,1,21,121.5367415,25.0629917
113,12,17,8,30,2,12內湖區,內湖區行善路與行善路59巷口,0,0,2,1,C03,7,7,5,50,3,1,1,5,4,5,13,1,1,4,5,5,1,17,1,47,2,9,6,1,7,5,1,10,1,11,,74,,1,21,121.5779111,25.0577271
113,12,17,8,30,2,12內湖區,內湖區行善路與行善路59巷口,0,0,2,2,C02,7,7,5,50,3,1,1,5,4,5,13,1,1,4,5,5,1,17,1,33,2,9,6,1,7,9,1,9,1,11,,13,,1,21,121.5779111,25.0577271
113,12,17,8,30,2,12內湖區,內湖區行善路與行善路59巷口,0,0,2,3,C03,7,7,5,50,3,1,1,5,4,5,13,1,1,4,5,5,1,17,1,37,3,10,3,4,7,13,7,19,1,13,,44,,1,22,121.5779111,25.0577271
113,12,17,8,30,2,12內湖區,內湖區行善路與行善路59巷口,0,0,2,4,C03,7,7,5,50,3,1,1,5,4,5,13,1,1,4,5,5,1,17,1,28,3,10,3,4,7,13,7,19,1,13,,44,,1,22,121.5779111,25.0577271
113,12,17,8,35,2,12內湖區,內湖區堤頂大道2段與瑞光路548巷口,0,0,2,1,C03,7,6,5,50,3,2,1,5,4,5,13,4,4,1,4,5,2,12,1,27,2,8,6,1,7,9,1,10,1,11,,108,,1,22,121.5668118,25.0780787
113,12,17,8,35,2,12內湖區,內湖區堤頂大道2段與瑞光路548巷口,0,0,2,2,C03,7,6,5,50,3,2,1,5,4,5,13,4,4,1,4,5,2,12,1,64,2,9,6,1,7,6,1,10,1,13,,9,,1,22,121.5668118,25.0780787
113,12,17,8,47,2,01大同區,大同區長安西路與太原路口,0,0,3,1,C02,8,6,5,50,14,9,1,5,4,5,13,4,4,8,3,5,1,13,1,32,2,8,6,1,7,9,1,9,1,11,,16,,1,21,121.515672,25.0511906
113,12,17,8,47,2,01大同區,大同區長安西路與太原路口,0,0,3,2,C03,8,6,5,50,14,9,1,5,4,5,13,4,4,8,3,5,1,13,1,45,2,8,6,1,7,14,1,10,1,13,,44,,1,21,121.515672,25.0511906
113,12,17,8,47,2,01大同區,大同區長安西路與太原路口,0,0,3,3,C03,8,6,5,50,14,9,1,5,4,5,13,4,4,8,3,5,1,13,1,27,2,8,6,1,7,14,1,10,1,13,,44,,1,21,121.515672,25.0511906
113,12,17,8,47,2,01大同區,大同區長安西路與太原路口,0,0,3,4,B03,8,6,5,50,14,9,1,5,4,5,13,4,4,8,3,5,1,13,1,26,3,10,7,1,7,14,1,8,1,3,,44,,1,21,121.515672,25.0511906
113,12,17,8,47,2,05中正區,中正區市民大道2段與林森北路口,0,0,1,1,C03,8,6,5,40,4,1,1,5,4,5,13,2,1,1,4,5,2,16,2,22,2,9,6,1,7,9,1,10,2,11,,108,,1,21,121.524241,25.0477345
113,12,17,8,47,2,05中正區,中正區市民大道2段與林森北路口,0,0,1,2,B03,8,6,5,40,4,1,1,5,4,5,13,2,1,1,4,5,2,16,1,27,3,10,7,1,7,5,1,8,2,6,,44,,1,21,121.524241,25.0477345
113,12,17,8,50,2,05中正區,中正區羅斯福路4段與羅斯福路4段108巷口,0,0,1,1,B02,8,7,5,50,3,2,1,5,4,5,13,4,4,2,4,5,2,12,1,56,3,10,7,1,7,7,1,4,1,7,,100,,1,22,121.5354144,25.0135908
113,12,17,8,50,2,05中正區,中正區羅斯福路4段與羅斯福路4段108巷口,0,0,1,2,C03,8,7,5,50,3,2,1,5,4,5,13,4,4,2,4,5,2,12,1,26,2,8,6,1,7,4,1,10,1,12,,44,,1,22,121.5354144,25.0135908
113,12,17,9,21,2,09北投區,北投區中央北路2段與中央北路2段257巷口,0,0,1,1,B03,8,5,5,50,4,1,1,5,4,5,13,1,1,9,4,5,1,3,1,64,3,10,7,1,7,6,1,8,2,1,,70,,1,21,121.4910772,25.1384501
113,12,17,9,21,2,09北投區,北投區中央北路2段與中央北路2段257巷口,0,0,1,2,H01,8,5,5,50,4,1,1,5,4,5,13,1,1,9,4,5,1,3,2,43,2,8,4,5,8,16,8,20,10,16,,67,,1,21,121.4910772,25.1384501
113,12,17,9,25,2,01大同區,大同區承德路3段與承德路3段122巷口,0,0,1,1,B03,8,6,5,50,4,1,1,5,4,5,13,1,1,1,4,5,2,17,1,87,3,10,7,1,7,5,1,8,1,5,,71,,1,21,121.5182857,25.0672813
113,12,17,9,25,2,01大同區,大同區承德路3段與承德路3段122巷口,0,0,1,2,C03,8,6,5,50,4,1,1,5,4,5,13,1,1,1,4,5,2,17,1,19,2,8,6,1,7,9,1,10,1,14,,13,,1,21,121.5182857,25.0672813
113,12,17,9,25,2,04大安區,大安區和平東路3段1巷與四維路198巷口,0,0,1,1,B03,7,6,5,30,3,1,1,5,4,5,13,4,4,10,5,5,2,3,2,47,3,10,3,4,7,5,1,8,9,8,,70,,1,21,121.546829,25.0266957
113,12,17,9,25,2,04大安區,大安區和平東路3段1巷與四維路198巷口,0,0,1,2,H01,7,6,5,30,3,1,1,5,4,5,13,4,4,10,5,5,2,3,2,68,2,9,4,5,8,16,8,20,10,16,,67,,1,21,121.546829,25.0266957
113,12,17,9,30,2,03中山區,中山區北安路與明水路口,0,0,1,1,C03,8,5,5,50,3,2,1,5,4,5,13,1,1,8,5,5,2,12,1,35,2,8,5,1,7,7,1,10,1,13,,44,,1,21,121.5387444,25.0776952
113,12,17,9,30,2,03中山區,中山區北安路與明水路口,0,0,1,2,B03,8,5,5,50,3,2,1,5,4,5,13,1,1,8,5,5,2,12,2,46,3,10,7,1,7,7,1,8,1,5,,44,,1,21,121.5387444,25.0776952
113,12,17,9,40,2,04大安區,大安區市民大道4段100號,0,0,2,1,C03,7,6,5,40,14,9,1,5,4,5,13,4,4,1,4,5,2,12,1,34,2,9,3,4,7,15,1,10,1,14,,8,,1,22,121.5502997,25.0448184
113,12,17,9,40,2,04大安區,大安區市民大道4段100號,0,0,2,2,C03,7,6,5,40,14,9,1,5,4,5,13,4,4,1,4,5,2,12,1,24,2,9,3,4,7,9,1,10,1,12,,44,,1,22,121.5502997,25.0448184
113,12,17,9,44,2,12內湖區,內湖區堤外便道東往西(PU1B橋墩處),0,0,1,1,C03,8,6,5,50,14,9,1,5,4,5,13,4,4,5,4,5,2,12,1,25,2,9,6,1,7,4,1,10,1,15,,108,,1,21,121.6133277,25.065341
113,12,17,9,44,2,12內湖區,內湖區堤外便道東往西(PU1B橋墩處),0,0,1,2,B12,8,6,5,50,14,9,1,5,4,5,13,4,4,5,4,5,2,12,1,45,3,10,7,1,7,9,1,8,1,2,,44,,1,21,121.6133277,25.065341
113,12,17,10,0,2,06松山區,松山區南京東路3段與南京東路3段338巷口,0,0,2,1,C03,8,6,5,50,3,1,1,5,4,5,13,3,1,1,4,4,2,13,1,72,3,10,6,1,7,9,6,10,1,11,,16,,1,22,121.5480804,25.05189514
113,12,17,10,0,2,06松山區,松山區南京東路3段與南京東路3段338巷口,0,0,2,2,C03,8,6,5,50,3,1,1,5,4,5,13,3,1,1,4,4,2,13,1,47,2,7,6,1,7,15,1,10,1,13,,14,,1,22,121.5480804,25.05189514
113,12,17,10,0,2,06松山區,松山區南京東路3段與南京東路3段338巷口,0,0,2,3,H02,8,6,5,50,3,1,1,5,4,5,13,3,1,1,4,4,2,13,2,80,2,8,6,5,7,21,8,20,10,16,,67,,1,22,121.5480804,25.05189514
113,12,17,10,5,2,03中山區,中山區新生北路1段與南京東路1段口,0,0,1,1,C03,8,7,5,50,4,1,1,5,4,5,13,2,1,7,2,5,2,17,2,38,3,10,5,1,7,6,1,10,1,13,,9,,1,21,121.5273802,25.0520098
113,12,17,10,5,2,03中山區,中山區新生北路1段與南京東路1段口,0,0,1,2,C03,8,7,5,50,4,1,1,5,4,5,13,2,1,7,2,5,2,17,2,24,2,9,5,1,7,9,1,10,1,11,,108,,1,21,121.5273802,25.0520098
113,12,17,10,9,2,10文山區,文山區木柵路1段與試院路口,0,0,1,1,C03,7,6,5,50,4,1,1,5,4,5,13,2,1,5,4,5,2,13,2,22,2,9,5,1,7,5,1,10,1,11,,16,,1,21,121.550238,24.9874715
113,12,17,10,9,2,10文山區,文山區木柵路1段與試院路口,0,0,1,2,B01,7,6,5,50,4,1,1,5,4,5,13,2,1,5,4,5,2,13,1,46,3,10,7,1,7,5,1,8,1,6,,44,,1,21,121.550238,24.9874715
113,12,17,10,9,2,10文山區,文山區木柵路1段與試院路口,0,0,1,3,,7,6,5,50,4,1,1,5,4,5,13,2,1,5,4,5,2,13,3,0,,,,,,,,,,,,67,,1,,121.550238,24.9874715
113,12,17,10,26,2,02萬華區,萬華區寶興街與東園街66巷口,0,0,1,1,B03,8,7,5,30,4,1,1,5,4,5,13,2,1,10,4,5,2,1,2,60,3,10,7,1,7,5,1,8,2,4,,70,,1,22,121.4949155,25.0247207
113,12,17,10,26,2,02萬華區,萬華區寶興街與東園街66巷口,0,0,1,2,H01,8,7,5,30,4,1,1,5,4,5,13,2,1,10,4,5,2,1,2,38,2,8,4,5,8,16,8,20,2,16,,67,,1,22,121.4949155,25.0247207
113,12,17,10,30,2,02萬華區,萬華區環河南路1段與峨眉街口,0,0,3,1,C03,8,7,7,30,3,1,1,5,4,5,13,4,4,5,1,5,2,17,2,28,2,8,6,1,7,6,1,10,1,14,,9,,1,22,121.5014854,25.044758
113,12,17,10,30,2,02萬華區,萬華區環河南路1段與峨眉街口,0,0,3,2,B01,8,7,7,30,3,1,1,5,4,5,13,4,4,5,1,5,2,17,1,59,3,10,7,1,7,1,1,4,1,8,,19,,1,22,121.5014854,25.044758