發生年度,發生月,發生日,發生時-Hours,發生分,處理別-編號,區序,肇事地點,死亡人數,2-30日死亡人數,受傷人數,當事人序號,車種,天候,道路照明設備,道路類別,速限-速度限制,道路型態,事故位置,路面狀況1,路面狀況2,路面狀況3,道路障礙1,道路障礙2,號誌1,號誌2,車道劃分-分向,車道劃分-分道1,車道劃分-分道2,車道劃分-分道3,事故類型及型態,性別,年齡,受傷程度,主要傷處,保護裝置,行動電話,車輛用途,當事者行動狀態,駕駛資格情形,駕駛執照種類,飲酒情形,車輛撞擊部位1,車輛撞擊部位2,肇因碼-個別,肇因碼-主要,個人肇逃否,職業,座標-X,座標-Y
113,12,17,10,30,2,02萬華區,萬華區環河南路1段與峨眉街口,0,0,3,3,C03,8,7,7,30,3,1,1,5,4,5,13,4,4,5,1,5,2,17,2,48,2,9,6,1,7,9,1,10,1,12,,13,,1,22,121.5014854,25.044758
113,12,17,10,30,2,02萬華區,萬華區環河南路1段與峨眉街口,0,0,3,4,H02,8,7,7,30,3,1,1,5,4,5,13,4,4,5,1,5,2,17,2,19,2,9,4,5,7,21,8,20,10,16,,67,,1,22,121.5014854,25.044758
113,12,17,10,55,2,12內湖區,內湖區環山路3段與港墘路口,0,0,1,1,B03,8,5,5,50,3,1,1,5,4,5,13,1,1,10,5,5,2,16,2,54,3,10,7,1,7,5,1,8,2,6,,44,,1,21,121.5787025,25.083918
113,12,17,10,55,2,12內湖區,內湖區環山路3段與港墘路口,0,0,1,2,C03,8,5,5,50,3,1,1,5,4,5,13,1,1,10,5,5,2,16,2,40,2,9,6,1,7,9,1,10,2,11,,44,,1,21,121.5787025,25.083918
113,12,17,10,59,2,04大安區,大安區信義路3段63號,0,0,1,1,B12,8,6,5,50,14,9,1,5,4,5,13,4,4,1,3,5,2,13,1,41,3,10,7,1,7,7,1,8,1,4,,101,,1,21,121.5366404,25.0337329
113,12,17,10,59,2,04大安區,大安區信義路3段63號,0,0,1,2,C03,8,6,5,50,14,9,1,5,4,5,13,4,4,1,3,5,2,13,1,32,2,9,6,1,7,9,1,10,1,12,,108,,1,21,121.5366404,25.0337329
113,12,17,11,50,2,12內湖區,內湖區江南街89巷與江南街117巷8弄口,0,0,2,1,C03,7,5,5,30,4,2,1,5,4,5,13,4,4,10,5,5,1,16,2,58,2,8,6,1,7,5,1,10,1,12,,8,,1,21,121.577453,25.0765626
113,12,17,11,50,2,12內湖區,內湖區江南街89巷與江南街117巷8弄口,0,0,2,2,C03,7,5,5,30,4,2,1,5,4,5,13,4,4,10,5,5,1,16,1,48,2,8,6,1,7,9,1,10,1,11,,44,,1,21,121.577453,25.0765626
113,12,17,11,50,2,12內湖區,內湖區江南街89巷與江南街117巷8弄口,0,0,2,3,C02,7,5,5,30,4,2,1,5,4,5,13,4,4,10,5,5,1,16,1,39,3,10,6,1,7,13,1,9,9,14,,38,,1,21,121.577453,25.0765626
113,12,17,11,50,2,12內湖區,內湖區江南街89巷與江南街117巷8弄口,0,0,2,4,B03,7,5,5,30,4,2,1,5,4,5,13,4,4,10,5,5,1,16,1,53,3,10,7,1,7,13,1,8,9,4,,38,,1,21,121.577453,25.0765626
113,12,17,11,55,2,03中山區,中山區敬業三路與樂群三路口,0,0,1,1,B01,8,6,5,50,4,1,1,5,4,5,13,2,1,1,5,5,1,13,1,64,3,10,3,4,7,1,1,1,1,8,,44,,1,21,121.5564161,25.0825829
113,12,17,11,55,2,03中山區,中山區敬業三路與樂群三路口,0,0,1,2,C03,8,6,5,50,4,1,1,5,4,5,13,2,1,1,5,5,1,13,1,35,2,9,3,4,7,6,1,10,1,13,,9,,1,21,121.5564161,25.0825829
113,12,17,12,20,2,05中正區,中正區南海路與重慶南路2段口口,0,0,1,1,C03,8,6,5,50,4,1,1,5,4,5,13,1,1,10,4,5,1,17,1,34,3,10,6,1,7,9,1,10,1,13,,99,,1,21,121.5144497,25.03181947
113,12,17,12,20,2,05中正區,中正區南海路與重慶南路2段口口,0,0,1,2,C03,8,6,5,50,4,1,1,5,4,5,13,1,1,10,4,5,1,17,1,17,2,8,6,1,7,5,2,18,1,11,,16,,1,21,121.5144497,25.03181947
113,12,17,12,24,2,03中山區,中山區農安街與松江路口,0,0,1,1,C03,8,7,5,50,4,1,1,5,4,5,13,1,1,9,4,5,2,12,2,32,2,9,5,1,7,9,1,10,2,14,,44,,1,21,121.5333991,25.0647776
113,12,17,12,24,2,03中山區,中山區農安街與松江路口,0,0,1,2,C03,8,7,5,50,4,1,1,5,4,5,13,1,1,9,4,5,2,12,1,49,3,10,5,1,7,8,1,10,2,14,,101,,1,21,121.5333991,25.0647776
113,12,17,12,32,2,05中正區,中正區汀州路3段與思源街口,0,0,1,1,B03,7,7,5,50,3,1,1,5,4,5,13,1,1,5,4,5,2,16,2,26,3,10,7,1,7,11,1,8,1,8,,92,,1,22,121.5321556,25.0150934
113,12,17,12,32,2,05中正區,中正區汀州路3段與思源街口,0,0,1,2,C03,7,7,5,50,3,1,1,5,4,5,13,1,1,5,4,5,2,16,2,65,2,9,6,1,7,5,1,10,1,12,,44,,1,22,121.5321556,25.0150934
113,12,17,12,42,2,02萬華區,萬華區民和街與西藏路199巷口,0,0,2,1,C04,7,6,5,30,5,2,1,5,4,5,13,3,1,9,5,5,2,3,1,48,2,1,5,1,7,9,1,11,1,11,,70,,1,22,121.4998572,25.0263112
113,12,17,12,42,2,02萬華區,萬華區民和街與西藏路199巷口,0,0,2,2,H01,7,6,5,30,5,2,1,5,4,5,13,3,1,9,5,5,2,3,2,34,2,9,4,5,8,16,8,20,1,16,,121,,1,21,121.4998572,25.0263112
113,12,17,12,53,2,06松山區,松山區富錦街529號,0,0,1,2,H01,8,6,5,30,14,9,1,5,4,5,13,4,4,10,5,5,2,1,1,66,2,7,4,5,8,16,8,20,10,16,,67,,1,21,121.565428,25.06110432
113,12,17,12,53,2,06松山區,松山區富錦街529號,0,0,1,1,C03,8,6,5,30,14,9,1,5,4,5,13,4,4,10,5,5,2,1,2,64,4,11,3,4,7,9,1,10,9,15,,118,,1,22,121.565428,25.06110432
113,12,17,13,0,2,08士林區,士林區福國路與德行西路94巷口,0,0,2,1,B03,8,6,5,30,5,2,1,5,4,5,13,4,4,10,5,5,1,15,1,61,3,10,7,1,7,9,1,8,1,1,,108,,1,21,121.5217032,25.1019844
113,12,17,13,0,2,08士林區,士林區福國路與德行西路94巷口,0,0,2,2,F02,8,6,5,30,5,2,1,5,4,5,13,4,4,10,5,5,1,15,2,37,2,7,2,1,7,11,8,20,1,14,,11,,1,21,121.5217032,25.1019844
113,12,17,13,0,2,08士林區,士林區福國路與德行西路94巷口,0,0,2,3,H02,8,6,5,30,5,2,1,5,4,5,13,4,4,10,5,5,1,15,1,1,2,1,4,5,7,20,8,20,10,16,,67,,1,21,121.5217032,25.1019844
113,12,17,13,6,2,07信義區,信義區虎林街164巷60弄與忠孝東路5段372巷29弄口,0,0,2,1,C03,8,6,5,30,4,2,1,5,4,5,13,4,4,8,3,5,2,17,1,27,2,8,3,4,7,9,1,10,1,14,,72,,1,21,121.573978,25.0389294
113,12,17,13,6,2,07信義區,信義區虎林街164巷60弄與忠孝東路5段372巷29弄口,0,0,2,2,B03,8,6,5,30,4,2,1,5,4,5,13,4,4,8,3,5,2,17,1,62,3,10,3,4,7,9,1,8,1,1,,14,,1,21,121.573978,25.0389294
113,12,17,13,6,2,07信義區,信義區虎林街164巷60弄與忠孝東路5段372巷29弄口,0,0,2,3,H02,8,6,5,30,4,2,1,5,4,5,13,4,4,8,3,5,2,17,2,26,2,8,3,5,7,20,8,20,10,16,,67,,1,21,121.573978,25.0389294
113,12,17,13,33,2,03中山區,中山區錦州街241巷與錦州街口,0,0,1,1,C03,7,6,5,30,4,1,1,5,4,5,13,4,4,8,5,5,1,16,2,62,2,9,3,4,7,6,1,10,11,14,,72,,1,21,121.5336428,25.0603407
113,12,17,13,33,2,03中山區,中山區錦州街241巷與錦州街口,0,0,1,2,B03,7,6,5,30,4,1,1,5,4,5,13,4,4,8,5,5,1,16,2,37,3,10,3,4,7,9,1,8,1,5,,108,,1,21,121.5336428,25.0603407
113,12,17,13,34,2,12內湖區,內湖區安康路32巷與安康路32巷24弄口,0,0,1,1,B03,7,7,5,50,4,1,1,5,4,5,13,4,4,4,5,5,1,15,2,55,3,10,7,1,7,9,1,8,1,1,,80,,1,21,121.5949905,25.0619039
113,12,17,13,34,2,12內湖區,內湖區安康路32巷與安康路32巷24弄口,0,0,1,2,C03,7,7,5,50,4,1,1,5,4,5,13,4,4,4,5,5,1,15,1,37,2,9,5,1,7,9,3,18,1,12,,75,,1,21,121.5949905,25.0619039
113,12,17,13,38,2,05中正區,中正區重慶南路3段與重慶南路3段3巷口口,0,0,2,1,C04,8,6,5,50,3,2,1,5,4,5,13,4,4,1,4,5,1,17,2,21,2,7,6,1,7,8,1,10,1,12,,100,,1,21,121.5154466,25.029764
113,12,17,13,38,2,05中正區,中正區重慶南路3段與重慶南路3段3巷口口,0,0,2,2,C03,8,6,5,50,3,2,1,5,4,5,13,4,4,1,4,5,1,17,2,39,3,10,6,1,7,9,1,10,1,14,,42,,1,21,121.5154466,25.029764
113,12,17,13,38,2,05中正區,中正區重慶南路3段與重慶南路3段3巷口口,0,0,2,3,B03,8,6,5,50,3,2,1,5,4,5,13,4,4,1,4,5,1,17,1,59,3,10,7,1,7,9,1,8,1,2,,44,,1,21,121.5154466,25.029764
113,12,17,13,38,2,05中正區,中正區重慶南路3段與重慶南路3段3巷口口,0,0,2,4,H02,8,6,5,50,3,2,1,5,4,5,13,4,4,1,4,5,1,17,1,13,2,8,6,5,7,20,8,20,10,16,,67,,1,15,121.5154466,25.029764
113,12,17,14,10,2,05中正區,中正區重慶南路1段與衡陽路口,0,0,1,1,B03,7,7,5,50,4,2,1,5,4,5,13,1,1,9,4,5,2,13,1,56,3,10,7,1,7,12,1,8,1,7,,99,,1,21,121.513199,25.04230305
113,12,17,14,10,2,05中正區,中正區重慶南路1段與衡陽路口,0,0,1,2,C03,7,7,5,50,4,2,1,5,4,5,13,1,1,9,4,5,2,13,1,30,2,8,5,1,7,9,1,10,1,11,,108,,1,21,121.513199,25.04230305
113,12,17,15,20,2,08士林區,士林區中山北路5段與福國路口,0,0,2,1,C03,8,6,5,50,5,2,1,5,4,5,13,1,1,10,4,5,1,17,2,20,2,9,6,1,7,5,1,10,1,14,,85,,1,21,121.5254398,25.1026583
113,12,17,15,20,2,08士林區,士林區中山北路5段與福國路口,0,0,2,2,C03,8,6,5,50,5,2,1,5,4,5,13,1,1,10,4,5,1,17,1,38,2,9,6,1,7,9,1,10,1,12,,44,,1,21,121.5254398,25.1026583
113,12,17,15,44,2,12內湖區,內湖區民權東路6段36號,0,0,1,1,F01,7,6,5,0,22,20,4,5,4,5,13,4,4,10,5,5,2,17,1,14,2,8,4,1,7,15,8,20,1,15,,102,,1,21,121.5806826,25.06746313
113,12,17,15,44,2,12內湖區,內湖區民權東路6段36號,0,0,1,2,C03,7,6,5,0,22,20,4,5,4,5,13,4,4,10,5,5,2,17,1,30,4,11,3,4,7,13,7,19,1,13,,38,,1,21,121.5806826,25.06746313
113,12,17,16,20,2,03中山區,中山區復興北路28號,0,0,1,1,A12,7,7,5,50,14,9,1,5,4,5,13,4,4,1,4,5,2,12,1,56,3,10,3,4,7,7,1,3,2,4,,100,,1,21,121.5183568,25.04847309
113,12,17,16,20,2,03中山區,中山區復興北路28號,0,0,1,2,C03,7,7,5,50,14,9,1,5,4,5,13,4,4,1,4,5,2,12,1,23,2,9,6,4,7,9,1,10,2,12,,13,,1,21,121.5183568,25.04847309
113,12,17,16,20,2,10文山區,文山區興隆路3段與興隆路3段192巷8弄口,0,0,1,1,C03,8,6,5,50,4,1,1,5,4,5,13,2,1,1,4,5,2,15,1,62,3,10,5,1,7,9,6,10,2,11,,81,,1,21,121.5598409,24.9967341
113,12,17,16,20,2,10文山區,文山區興隆路3段與興隆路3段192巷8弄口,0,0,1,2,C03,8,6,5,50,4,1,1,5,4,5,13,2,1,1,4,5,2,15,2,74,2,9,5,1,7,9,1,10,2,14,,44,,1,21,121.5598409,24.9967341
113,12,17,16,23,2,11南港區,南港區忠孝東路5段與玉成街口,0,0,1,1,B03,7,6,8,50,5,1,1,5,4,5,13,2,1,2,3,5,2,11,1,46,3,10,3,4,7,5,1,8,2,6,,74,,1,21,121.5827294,25.0452264
113,12,17,16,23,2,11南港區,南港區忠孝東路5段與玉成街口,0,0,1,2,C03,7,6,8,50,5,1,1,5,4,5,13,2,1,2,3,5,2,11,1,29,2,7,3,4,7,9,1,10,2,11,,13,,1,21,121.5827294,25.0452264
113,12,17,16,26,2,06松山區,松山區南京東路5段23巷與南京東路5段59巷28弄口,0,0,1,1,C03,8,6,5,30,4,1,1,5,4,5,13,4,4,8,3,5,1,16,2,22,2,9,3,4,7,9,1,10,1,11,,72,,1,21,121.5580326,25.0526182
113,12,17,16,26,2,06松山區,松山區南京東路5段23巷與南京東路5段59巷28弄口,0,0,1,2,B03,8,6,5,30,4,1,1,5,4,5,13,4,4,8,3,5,1,16,1,41,3,10,3,1,7,9,1,8,1,5,,44,,1,21,121.5580326,25.0526182
113,12,17,16,28,2,05中正區,中正區重慶南路2段與重慶南路2段6巷口,0,0,2,1,C03,7,6,5,50,3,2,1,5,4,5,13,3,1,1,4,5,2,3,1,32,2,9,5,1,7,9,1,10,1,11,,70,,1,21,121.5129639,25.0343753
113,12,17,16,28,2,05中正區,中正區重慶南路2段與重慶南路2段6巷口,0,0,2,2,H01,7,6,5,50,3,2,1,5,4,5,13,3,1,1,4,5,2,3,2,38,2,9,4,5,8,16,8,20,10,16,,67,,1,21,121.5129639,25.0343753
113,12,17,16,43,2,04大安區,大安區羅斯福路3段與辛亥路1段口口,0,0,1,1,B03,7,6,5,50,4,1,1,5,4,5,13,2,1,1,4,5,2,16,1,32,3,10,3,4,7,6,1,8,1,5,,9,,1,22,121.5292265,25.01996701
113,12,17,16,43,2,04大安區,大安區羅斯福路3段與辛亥路1段口口,0,0,1,2,C03,7,6,5,50,4,1,1,5,4,5,13,2,1,1,4,5,2,16,2,22,2,9,3,4,7,9,3,18,1,14,,44,,1,22,121.5292265,25.01996701
113,12,17,16,47,2,10文山區,文山區景興路18號,0,0,2,1,C03,7,6,5,50,14,9,1,5,4,5,13,4,4,1,4,5,2,13,1,47,2,9,6,1,7,9,1,10,1,11,,13,,1,21,121.5446554,24.9978833
113,12,17,16,47,2,10文山區,文山區景興路18號,0,0,2,2,C03,7,6,5,50,14,9,1,5,4,5,13,4,4,1,4,5,2,13,2,44,2,8,6,1,7,9,1,11,1,13,,44,,1,21,121.5446554,24.9978833
113,12,17,16,48,2,04大安區,大安區敦化南路1段329巷,0,0,1,1,B03,7,6,5,30,14,9,1,5,4,5,13,4,4,1,4,5,2,13,1,40,3,10,7,1,7,9,1,8,1,1,,16,,1,21,121.5492047,25.0341919
113,12,17,16,48,2,04大安區,大安區敦化南路1段329巷,0,0,1,2,C03,7,6,5,30,14,9,1,5,4,5,13,4,4,1,4,5,2,13,2,48,2,9,5,1,7,9,1,10,1,13,,44,,1,21,121.5492047,25.0341919
113,12,17,16,48,2,05中正區,中正區忠孝東路2段與臨沂街口,0,0,1,1,A02,7,7,5,50,4,1,1,5,4,5,13,1,1,1,4,1,2,12,1,41,3,10,7,1,7,7,1,2,1,4,,101,,1,21,121.5307684,25.04295594
113,12,17,16,48,2,05中正區,中正區忠孝東路2段與臨沂街口,0,0,1,2,B03,7,7,5,50,4,1,1,5,4,5,13,1,1,1,4,1,2,12,1,50,3,10,7,1,7,8,1,8,1,5,,101,,1,21,121.5307684,25.04295594
113,12,17,16,48,2,05中正區,中正區忠孝東路2段與臨沂街口,0,0,1,3,H02,7,7,5,50,4,1,1,5,4,5,13,1,1,1,4,1,2,12,2,39,2,9,7,5,7,20,8,20,10,16,,67,,1,21,121.5307684,25.04295594
113,12,17,17,3,2,03中山區,中山區中山北路2段58號,0,0,1,1,A02,8,7,5,50,14,9,1,5,4,5,13,4,4,1,4,1,2,9,1,47,3,10,7,1,7,1,1,2,9,5,,36,,1,22,121.5211307,25.05018029
113,12,17,17,3,2,03中山區,中山區中山北路2段58號,0,0,1,2,H02,8,7,5,50,14,9,1,5,4,5,13,4,4,1,4,1,2,9,2,24,2,9,4,5,7,19,8,20,10,16,,67,,1,22,121.5211307,25.05018029
113,12,17,17,18,2,07信義區,信義區忠孝東路4段與忠孝東路4段559巷口,0,0,2,1,B03,7,5,5,30,3,1,1,5,4,3,10,4,4,3,4,5,2,16,1,45,3,10,3,4,7,6,1,8,1,8,,72,,1,21,121.5636034,25.0412427
113,12,17,17,18,2,07信義區,信義區忠孝東路4段與忠孝東路4段559巷口,0,0,2,2,C03,7,5,5,30,3,1,1,5,4,3,10,4,4,3,4,5,2,16,1,44,2,9,6,4,7,9,1,10,1,11,,14,,1,21,121.5636034,25.0412427
113,12,17,17,18,2,07信義區,信義區忠孝東路4段與忠孝東路4段559巷口,0,0,2,3,C03,7,5,5,30,3,1,1,5,4,3,10,4,4,3,4,5,2,16,2,23,2,9,6,4,7,9,1,10,1,11,,44,,1,21,121.5636034,25.0412427
113,12,17,17,54,2,01大同區,大同區鄭州路與西寧北路口,0,0,1,1,B03,7,5,5,40,4,1,1,5,4,5,13,2,1,1,4,5,2,17,2,31,3,10,3,4,7,9,1,8,1,1,,42,,1,22,121.5081442,25.050587
113,12,17,17,54,2,01大同區,大同區鄭州路與西寧北路口,0,0,1,2,C03,7,5,5,40,4,1,1,5,4,5,13,2,1,1,4,5,2,17,1,25,2,8,6,4,7,5,1,10,1,13,,42,,1,22,121.5081442,25.050587
113,12,17,18,0,2,07信義區,信義區信義路5段95號,0,0,1,1,B03,7,5,5,30,14,9,1,5,4,5,13,4,4,9,5,5,2,16,2,46,3,10,7,1,7,5,1,8,1,4,,8,,1,21,121.5725475,25.0335883
113,12,17,18,0,2,07信義區,信義區信義路5段95號,0,0,1,2,C03,7,5,5,30,14,9,1,5,4,5,13,4,4,9,5,5,2,16,1,60,2,7,6,1,7,9,1,10,1,12,,44,,1,21,121.5725475,25.0335883
113,12,17,18,4,2,07信義區,信義區松壽路20巷與松壽路口,0,0,1,1,B01,7,5,5,50,4,2,1,5,4,5,13,4,4,10,5,5,2,17,1,52,3,10,3,4,7,6,1,3,1,8,,72,,1,21,121.5676387,25.0357918
113,12,17,18,4,2,07信義區,信義區松壽路20巷與松壽路口,0,0,1,2,C03,7,5,5,50,4,2,1,5,4,5,13,4,4,10,5,5,2,17,1,20,3,10,6,1,7,9,1,10,1,12,,44,,1,21,121.5676387,25.0357918
113,12,17,18,4,2,07信義區,信義區松壽路20巷與松壽路口,0,0,1,3,H02,7,5,5,50,4,2,1,5,4,5,13,4,4,10,5,5,2,17,2,20,2,8,6,5,7,20,8,20,10,16,,67,,1,21,121.5676387,25.0357918
113,12,17,18,6,2,08士林區,士林區承德路4段與承德路4段77巷口,0,0,1,1,B03,7,5,5,50,5,2,1,5,4,5,13,1,1,10,4,5,1,17,2,21,3,10,7,1,7,11,1,8,1,5,,10,,1,21,121.5232167,25.08249266
113,12,17,18,6,2,08士林區,士林區承德路4段與承德路4段77巷口,0,0,1,2,C03,7,5,5,50,5,2,1,5,4,5,13,1,1,10,4,5,1,17,1,18,2,9,6,1,7,9,1,10,1,11,,13,,1,21,121.5232167,25.08249266
113,12,17,18,8,2,03中山區,中山區林森北路383巷與林森北路口,0,0,2,2,C03,7,5,5,30,3,1,1,5,4,5,10,4,4,9,5,5,2,16,1,64,2,3,3,4,7,9,1,10,9,11,,14,,1,21,121.5210223,25.05026117
113,12,17,18,8,2,03中山區,中山區林森北路383巷與林森北路口,0,0,2,1,C03,7,5,5,30,3,1,1,5,4,5,10,4,4,9,5,5,2,16,1,21,2,7,3,4,7,5,1,10,9,14,,72,,1,21,121.5210223,25.05026117
113,12,17,18,8,2,03中山區,中山區林森北路383巷與林森北路口,0,0,2,3,B03,7,5,5,30,3,1,1,5,4,5,10,4,4,9,5,5,2,16,1,36,3,10,3,4,7,13,1,8,9,17,,38,,1,21,121.5210223,25.05026117
113,12,17,18,8,2,07信義區,信義區忠孝東路5段1-4號,0,0,1,1,C03,8,5,5,50,14,9,1,5,4,5,13,4,4,1,4,5,2,12,1,51,2,9,3,4,7,9,1,10,1,12,,17,,1,21,121.5650883,25.0412211
113,12,17,18,8,2,07信義區,信義區忠孝東路5段1-4號,0,0,1,2,B03,8,5,5,50,14,9,1,5,4,5,13,4,4,1,4,5,2,12,1,57,3,10,3,4,7,9,1,8,1,8,,44,,1,21,121.5650883,25.0412211
113,12,17,18,11,2,07信義區,信義區松山路與市民大道6段口,0,0,1,2,C03,8,5,5,50,4,2,1,5,4,5,13,2,1,1,4,4,1,12,1,50,3,10,3,4,7,9,1,10,1,14,,44,,1,22,121.5777158,25.0492061
113,12,17,18,11,2,07信義區,信義區松山路與市民大道6段口,0,0,1,1,C03,8,5,5,50,4,2,1,5,4,5,13,2,1,1,4,4,1,12,1,27,2,9,3,4,7,8,1,10,1,12,,42,,1,22,121.5777158,25.0492061
113,12,17,18,15,2,04大安區,大安區仁愛路4段122巷59號,0,0,1,1,B03,7,5,5,30,14,9,1,5,4,5,13,4,4,10,5,5,1,16,1,42,3,10,3,4,7,8,1,8,1,5,,101,,1,21,121.5502135,25.0337804
113,12,17,18,15,2,04大安區,大安區仁愛路4段122巷59號,0,0,1,2,C03,7,5,5,30,14,9,1,5,4,5,13,4,4,10,5,5,1,16,2,42,2,9,6,1,7,9,1,10,1,14,,27,,1,22,121.5502135,25.0337804
113,12,17,18,20,2,12內湖區,內湖區成功路2段與潭美街口,0,0,2,1,C03,8,5,6,40,3,1,1,5,4,5,13,2,1,9,4,5,2,16,2,60,2,9,6,1,7,5,1,10,2,11,,8,,1,21,121.5916998,25.0600652
113,12,17,18,20,2,12內湖區,內湖區成功路2段與潭美街口,0,0,2,2,C03,8,5,6,40,3,1,1,5,4,5,13,2,1,9,4,5,2,16,1,42,2,9,6,1,7,9,1,10,2,14,,13,,1,21,121.5916998,25.0600652
113,12,17,18,22,2,08士林區,士林區基河路與大東路口,0,0,1,1,B01,8,5,5,50,3,1,1,5,4,5,13,4,4,7,4,5,2,16,1,58,3,10,7,1,7,4,1,3,1,4,,94,,1,26,121.5240763,25.0876106
113,12,17,18,22,2,08士林區,士林區基河路與大東路口,0,0,1,2,C03,8,5,5,50,3,1,1,5,4,5,13,4,4,7,4,5,2,16,1,19,2,8,6,1,7,9,1,10,1,12,,44,,1,25,121.5240763,25.0876106
113,12,17,18,25,2,05中正區,中正區濟南路1段與紹興南街口,0,0,1,1,B03,7,5,5,50,4,2,1,5,4,5,13,1,1,5,4,4,2,16,2,28,3,10,7,1,7,11,1,8,1,4,,94,,1,22,121.5241552,25.0420688
113,12,17,18,25,2,05中正區,中正區濟南路1段與紹興南街口,0,0,1,2,C03,7,5,5,50,4,2,1,5,4,5,13,1,1,5,4,4,2,16,1,22,2,9,6,1,7,9,1,10,1,12,,44,,1,22,121.5241552,25.0420688
113,12,17,18,35,2,02萬華區,萬華區康定路與大理街口,0,0,2,1,C03,8,5,5,50,4,1,1,5,4,5,13,1,1,4,1,5,2,17,1,61,3,10,6,1,7,5,1,10,1,12,,44,,1,22,121.5011782,25.0346329
113,12,17,18,35,2,02萬華區,萬華區康定路與大理街口,0,0,2,2,C03,8,5,5,50,4,1,1,5,4,5,13,1,1,4,1,5,2,17,1,48,2,8,6,1,7,9,1,10,1,11,,44,,1,22,121.5011782,25.0346329
113,12,17,18,35,2,02萬華區,萬華區康定路與大理街口,0,0,2,3,C03,8,5,5,50,4,1,1,5,4,5,13,1,1,4,1,5,2,17,2,20,2,8,6,1,7,9,1,10,1,11,,44,,1,22,121.5011782,25.0346329
113,12,17,18,47,2,03中山區,中山區南京東路3段25號,0,0,2,1,C03,8,5,5,50,14,9,1,5,4,5,13,4,4,1,4,4,1,13,2,56,2,9,5,1,7,9,1,10,2,11,,16,,1,21,121.5377546,25.0520739
113,12,17,18,47,2,03中山區,中山區南京東路3段25號,0,0,2,2,C03,8,5,5,50,14,9,1,5,4,5,13,4,4,1,4,4,1,13,1,24,2,8,5,1,7,9,1,10,2,13,,44,,1,21,121.5377546,25.0520739
113,12,17,19,3,2,10文山區,文山區木柵路4段與木柵路4段33巷口口,0,0,3,1,C03,8,5,5,50,3,1,1,5,4,5,13,2,1,10,5,5,2,16,2,43,2,9,5,1,7,5,1,10,1,11,,71,,1,21,121.5715279,24.9940754
113,12,17,19,3,2,10文山區,文山區木柵路4段與木柵路4段33巷口口,0,0,3,2,C03,8,5,5,50,3,1,1,5,4,5,13,2,1,10,5,5,2,16,1,50,2,8,5,1,7,9,1,10,1,14,,44,,1,21,121.5715279,24.9940754
113,12,17,19,3,2,10文山區,文山區木柵路4段與木柵路4段33巷口口,0,0,3,3,H02,8,5,5,50,3,1,1,5,4,5,13,2,1,10,5,5,2,16,1,16,2,7,5,5,7,20,8,20,10,16,,67,,1,21,121.5715279,24.9940754
113,12,17,19,16,2,07信義區,信義區虎林街120巷270號附近側附近,0,0,2,3,H02,7,5,5,30,14,9,1,5,4,5,13,4,4,10,5,5,2,29,2,46,2,9,3,5,7,20,8,20,10,16,,67,,1,22,121.5706169,25.0422918
113,12,17,19,16,2,07信義區,信義區虎林街120巷270號附近側附近,0,0,2,2,,7,5,5,30,14,9,1,5,4,5,13,4,4,10,5,5,2,29,3,11,,,,,,,,,,,,130,,1,,121.5706169,25.0422918
113,12,17,19,16,2,07信義區,信義區虎林街120巷270號附近側附近,0,0,2,1,C03,7,5,5,30,14,9,1,5,4,5,13,4,4,10,5,5,2,29,1,46,2,9,3,4,7,9,1,10,1,14,,44,,1,22,121.5706169,25.0422918
113,12,17,19,22,2,10文山區,文山區木柵路1段與辛亥路7段口,0,0,1,1,B03,7,5,5,50,4,1,1,5,4,5,13,1,1,10,5,5,2,16,2,57,3,10,7,1,7,6,1,8,1,5,,9,,1,21,121.552422,24.9877345
113,12,17,19,22,2,10文山區,文山區木柵路1段與辛亥路7段口,0,0,1,2,C03,7,5,5,50,4,1,1,5,4,5,13,1,1,10,5,5,2,16,1,20,3,10,5,1,7,9,1,10,1,11,,44,,1,21,121.552422,24.9877345
113,12,17,19,22,2,10文山區,文山區木柵路1段與辛亥路7段口,0,0,1,3,H02,7,5,5,50,4,1,1,5,4,5,13,1,1,10,5,5,2,16,2,19,2,8,5,5,7,20,8,20,10,16,,67,,1,21,121.552422,24.9877345
113,12,17,19,31,2,01大同區,大同區延平北路3段與民族西路口,0,0,2,1,C03,8,5,5,50,5,1,1,5,4,5,13,2,1,5,5,5,2,17,1,22,2,8,6,1,7,9,1,10,1,13,,4,,1,21,121.5108731,25.0685182
113,12,17,19,31,2,01大同區,大同區延平北路3段與民族西路口,0,0,2,2,C03,8,5,5,50,5,1,1,5,4,5,13,2,1,5,5,5,2,17,2,52,2,9,6,1,7,5,1,10,1,14,,44,,1,21,121.5108731,25.0685182
113,12,17,19,47,2,01大同區,大同區民權西路102巷與民權西路102巷4弄口,0,0,2,1,B02,7,5,5,30,4,1,1,5,4,5,13,4,4,10,5,5,2,15,2,44,3,10,3,4,7,9,1,8,1,1,,108,,1,21,121.5177026,25.0615888
113,12,17,19,47,2,01大同區,大同區民權西路102巷與民權西路102巷4弄口,0,0,2,2,C03,7,5,5,30,4,1,1,5,4,5,13,4,4,10,5,5,2,15,1,36,2,9,3,4,7,9,1,10,1,12,,72,,1,21,121.5177026,25.0615888