發生年度,發生月,發生日,發生時-Hours,發生分,處理別-編號,區序,肇事地點,死亡人數,2-30日死亡人數,受傷人數,當事人序號,車種,天候,道路照明設備,道路類別,速限-速度限制,道路型態,事故位置,路面狀況1,路面狀況2,路面狀況3,道路障礙1,道路障礙2,號誌1,號誌2,車道劃分-分向,車道劃分-分道1,車道劃分-分道2,車道劃分-分道3,事故類型及型態,性別,年齡,受傷程度,主要傷處,保護裝置,行動電話,車輛用途,當事者行動狀態,駕駛資格情形,駕駛執照種類,飲酒情形,車輛撞擊部位1,車輛撞擊部位2,肇因碼-個別,肇因碼-主要,個人肇逃否,職業,座標-X,座標-Y
113,12,17,19,47,2,01大同區,大同區民權西路102巷與民權西路102巷4弄口,0,0,2,3,H02,7,5,5,30,4,1,1,5,4,5,13,4,4,10,5,5,2,15,2,34,2,8,3,5,7,20,8,20,10,16,,67,,1,21,121.5177026,25.0615888
113,12,17,20,37,2,07信義區,信義區忠孝東路4段550號,0,0,1,1,C04,8,5,5,50,14,9,1,5,4,5,13,4,4,1,4,5,1,13,2,31,2,9,3,4,7,7,1,10,1,11,,16,,1,22,121.5632273,25.0411425
113,12,17,20,37,2,07信義區,信義區忠孝東路4段550號,0,0,1,2,C03,8,5,5,50,14,9,1,5,4,5,13,4,4,1,4,5,1,13,2,31,3,10,3,4,7,9,1,10,1,13,,44,,1,22,121.5632273,25.0411425
113,12,17,21,22,2,07信義區,信義區松仁路236號,0,0,1,1,C03,7,5,5,50,14,9,1,5,4,5,13,4,4,10,5,5,2,29,2,47,2,9,3,4,7,9,1,10,1,14,,44,,1,21,121.5692419,25.0250661
113,12,17,21,22,2,07信義區,信義區松仁路236號,0,0,1,2,,7,5,5,50,14,9,1,5,4,5,13,4,4,10,5,5,2,29,3,0,,,,,,,,,10,,,130,,1,,121.5692419,25.0250661
113,12,17,21,27,2,03中山區,中山區南京東路2段54號,0,0,1,1,B03,7,5,5,50,14,7,1,5,4,5,13,4,4,3,4,4,2,17,1,61,3,10,7,1,7,1,1,8,1,4,,19,,1,21,121.5297285,25.05192761
113,12,17,21,27,2,03中山區,中山區南京東路2段54號,0,0,1,2,C03,7,5,5,50,14,7,1,5,4,5,13,4,4,3,4,4,2,17,1,45,2,9,6,1,7,9,1,10,1,11,,44,,1,21,121.5297285,25.05192761
113,12,17,21,29,2,04大安區,大安區建國南路1段與信義路3段口,0,0,2,1,C03,8,5,5,50,4,1,1,5,4,5,13,2,1,1,4,5,2,16,1,18,2,7,5,1,7,6,1,10,1,11,,9,,1,21,121.5374813,25.03344785
113,12,17,21,29,2,04大安區,大安區建國南路1段與信義路3段口,0,0,2,2,C03,8,5,5,50,4,1,1,5,4,5,13,2,1,1,4,5,2,16,2,29,2,9,5,1,7,9,1,10,1,14,,44,,1,21,121.5374813,25.03344785
113,12,17,21,30,2,09北投區,北投區石牌路1段62號,0,0,1,1,H01,8,5,5,50,14,9,1,5,4,5,13,4,4,5,5,5,2,9,2,71,3,10,4,5,8,20,8,20,10,16,,60,,1,22,121.5109648,25.1133648
113,12,17,21,30,2,09北投區,北投區石牌路1段62號,0,0,1,2,C03,8,5,5,50,14,9,1,5,4,5,13,4,4,5,5,5,2,9,1,89,2,9,3,4,7,9,1,10,1,11,,44,,1,22,121.5109648,25.1133648
113,12,17,22,30,2,05中正區,中正區中山北路1段與北平東路口,0,0,1,1,B02,7,5,5,50,4,1,1,5,4,5,13,1,1,1,4,5,2,16,1,21,3,10,7,1,7,6,1,8,1,2,,9,,1,22,121.5204431,25.0470965
113,12,17,22,30,2,05中正區,中正區中山北路1段與北平東路口,0,0,1,2,C03,7,5,5,50,4,1,1,5,4,5,13,1,1,1,4,5,2,16,1,18,2,9,6,1,7,9,1,10,1,14,,108,,1,22,121.5204431,25.0470965
113,12,18,6,16,2,10文山區,文山區景隆街19巷與景隆街口口附近,0,0,2,2,C03,8,5,5,50,4,1,1,5,4,5,13,4,4,9,5,5,2,17,1,59,2,9,6,1,7,5,1,10,11,11,,72,,1,21,121.5468079,25.00002134
113,12,18,6,16,2,10文山區,文山區景隆街19巷與景隆街口口附近,0,0,2,1,C03,8,5,5,50,4,1,1,5,4,5,13,4,4,9,5,5,2,17,2,33,2,8,6,1,7,5,1,9,11,14,,8,,1,21,121.5468079,25.00002134
113,12,18,6,20,2,06松山區,松山區民生東路5段與光復北路口,0,0,1,1,A05,8,5,5,50,4,1,1,5,4,5,13,2,1,3,4,5,2,13,1,36,3,10,7,1,7,9,1,1,1,5,,16,,1,21,121.5553629,25.0583412
113,12,18,6,20,2,06松山區,松山區民生東路5段與光復北路口,0,0,1,2,C03,8,5,5,50,4,1,1,5,4,5,13,2,1,3,4,5,2,13,2,74,2,8,6,1,7,9,1,10,1,13,,44,,1,21,121.5553629,25.0583412
113,12,18,6,44,2,07信義區,信義區和平東路3段圓環內,0,0,1,1,B03,7,5,8,50,22,22,1,5,4,5,13,1,1,5,5,5,2,17,1,60,3,10,7,1,7,5,1,8,1,6,,8,,1,21,121.5528501,25.0241571
113,12,18,6,44,2,07信義區,信義區和平東路3段圓環內,0,0,1,2,C03,7,5,8,50,22,22,1,5,4,5,13,1,1,5,5,5,2,17,2,43,2,8,5,1,7,9,1,10,1,11,,44,,1,21,121.5528501,25.0241571
113,12,18,7,24,2,10文山區,文山區木柵路2段161巷第0700377號燈桿前,0,0,1,1,C03,8,6,5,30,11,9,1,5,4,5,13,4,4,10,5,5,2,10,2,60,3,10,5,1,7,9,1,10,1,11,,5,,1,22,121.5628394,24.98925161
113,12,18,7,24,2,10文山區,文山區木柵路2段161巷第0700377號燈桿前,0,0,1,2,C03,8,6,5,30,11,9,1,5,4,5,13,4,4,10,5,5,2,10,2,47,2,8,5,1,7,9,1,10,1,11,,5,,1,21,121.5628394,24.98925161
113,12,18,7,42,2,07信義區,信義區福德街221巷與福德街221巷4弄口,0,0,2,1,C03,7,7,5,30,4,1,1,5,4,5,13,4,4,10,5,5,2,15,2,30,2,9,6,1,7,9,1,10,1,11,,44,,1,22,121.5851191,25.0379149
113,12,18,7,42,2,07信義區,信義區福德街221巷與福德街221巷4弄口,0,0,2,2,C03,7,7,5,30,4,1,1,5,4,5,13,4,4,10,5,5,2,15,1,61,2,8,6,1,7,9,1,10,1,11,,75,,1,22,121.5851191,25.0379149
113,12,18,8,2,2,03中山區,中山區長春路167號,0,0,1,1,C03,8,5,5,50,14,9,1,5,4,5,13,4,4,8,5,5,2,13,1,23,2,9,5,1,7,9,1,10,1,11,,108,,1,22,121.5353026,25.0548221
113,12,18,8,2,2,03中山區,中山區長春路167號,0,0,1,2,B03,8,5,5,50,14,9,1,5,4,5,13,4,4,8,5,5,2,13,2,52,3,10,2,1,7,14,1,8,1,3,,38,,1,22,121.5353026,25.0548221
113,12,18,8,10,2,06松山區,松山區南京東路5段36號,0,0,2,1,C03,7,6,5,40,14,8,1,5,4,5,13,2,1,1,3,4,2,13,2,22,2,9,6,1,7,9,1,10,1,11,,16,,1,22,121.5592364,25.0514132
113,12,18,8,10,2,06松山區,松山區南京東路5段36號,0,0,2,2,C03,7,6,5,40,14,8,1,5,4,5,13,2,1,1,3,4,2,13,1,42,2,9,6,1,7,9,1,10,1,13,,44,,1,22,121.5592364,25.0514132
113,12,18,8,14,2,06松山區,松山區民權東路4段與敦化北路口,0,0,2,1,C03,7,5,5,50,4,1,1,5,4,5,13,2,1,3,4,5,2,17,1,25,2,9,6,4,7,9,1,10,1,12,,108,,1,22,121.5514671,25.0616609
113,12,18,8,14,2,06松山區,松山區民權東路4段與敦化北路口,0,0,2,2,B12,7,5,5,50,4,1,1,5,4,5,13,2,1,3,4,5,2,17,1,75,3,10,3,4,7,6,1,8,1,7,,44,,1,22,121.5514671,25.0616609
113,12,18,8,14,2,06松山區,松山區民權東路4段與敦化北路口,0,0,2,3,C03,7,5,5,50,4,1,1,5,4,5,13,2,1,3,4,5,2,17,1,28,2,7,6,4,7,9,1,10,1,11,,16,,1,22,121.5514671,25.0616609
113,12,18,8,14,2,08士林區,士林區中山北路5段698巷5號,0,0,1,1,C03,7,6,5,30,14,9,1,5,4,5,13,4,4,10,5,5,2,11,1,55,4,11,3,4,7,4,7,19,11,11,,1,,2,22,121.5278314,25.0976546
113,12,18,8,14,2,08士林區,士林區中山北路5段698巷5號,0,0,1,2,C03,7,6,5,30,14,9,1,5,4,5,13,4,4,10,5,5,2,11,1,44,2,8,6,4,7,9,3,18,11,11,,44,,1,21,121.5278314,25.0976546
113,12,18,8,15,2,08士林區,士林區中正路503號全家超商前,0,0,1,1,C03,8,6,5,0,22,20,1,5,4,5,13,4,4,10,5,5,2,9,4,0,4,11,3,4,7,2,7,19,11,15,,119,,2,22,121.5179513,25.09184156
113,12,18,8,15,2,08士林區,士林區中正路503號全家超商前,0,0,1,2,H01,8,6,5,0,22,20,1,5,4,5,13,4,4,10,5,5,2,9,2,30,2,8,4,5,8,20,8,20,10,16,,67,,1,22,121.5179513,25.09184156
113,12,18,8,44,2,06松山區,松山區民生東路5段156號,0,0,1,1,C03,8,7,5,50,14,9,1,5,4,5,13,2,1,1,4,5,2,13,1,41,2,8,6,1,7,9,1,9,1,11,,16,,1,21,121.5627887,25.0586601
113,12,18,8,44,2,06松山區,松山區民生東路5段156號,0,0,1,2,B01,8,7,5,50,14,9,1,5,4,5,13,2,1,1,4,5,2,13,1,59,3,10,7,1,7,9,1,4,1,3,,44,,1,21,121.5627887,25.0586601
113,12,18,8,55,2,07信義區,信義區基隆路1段147巷5弄與松隆路口,0,0,1,1,B03,7,6,5,30,3,18,1,5,4,5,13,4,4,10,5,5,2,3,1,59,3,10,3,4,7,2,1,4,2,6,,12,,1,21,121.5664296,25.0431964
113,12,18,8,55,2,07信義區,信義區基隆路1段147巷5弄與松隆路口,0,0,1,2,H01,7,6,5,30,3,18,1,5,4,5,13,4,4,10,5,5,2,3,1,38,2,8,4,5,8,16,8,20,10,16,,67,,1,22,121.5664296,25.0431964
113,12,18,9,5,2,04大安區,大安區杭州南路2段3號,0,0,2,1,C03,7,6,5,50,14,9,1,5,4,5,13,4,4,1,4,5,2,13,1,23,2,8,3,4,7,9,1,10,1,11,,44,,1,22,121.5239611,25.0342302
113,12,18,9,5,2,04大安區,大安區杭州南路2段3號,0,0,2,2,C03,7,6,5,50,14,9,1,5,4,5,13,4,4,1,4,5,2,13,1,31,2,9,3,4,7,9,1,10,1,13,,44,,1,22,121.5239611,25.0342302
113,12,18,9,7,2,08士林區,士林區志成街與志成街22巷口口,0,0,1,1,C03,8,6,5,30,4,1,1,5,4,5,13,4,4,10,5,5,2,15,1,60,2,9,6,1,7,9,1,10,2,12,,72,,1,21,121.5301494,25.09684002
113,12,18,9,7,2,08士林區,士林區志成街與志成街22巷口口,0,0,1,2,B03,8,6,5,30,4,1,1,5,4,5,13,4,4,10,5,5,2,15,1,39,3,10,7,1,7,9,1,8,2,1,,44,,1,21,121.5301494,25.09684002
113,12,18,9,7,2,07信義區,信義區松平路30巷景平公園旁,0,0,1,1,,7,5,5,30,14,9,1,5,4,5,13,4,4,5,5,5,2,17,4,0,4,11,3,4,7,21,7,19,11,15,,119,,2,22,121.5636471,25.0298825
113,12,18,9,7,2,07信義區,信義區松平路30巷景平公園旁,0,0,1,2,F03,7,5,5,30,14,9,1,5,4,5,13,4,4,5,5,5,2,17,2,44,2,9,3,4,7,9,8,20,1,12,,118,,1,22,121.5636471,25.0298825
113,12,18,9,47,2,05中正區,中正區中山南路與徐州路口,0,0,1,1,B01,7,7,5,50,4,1,1,5,4,5,13,1,1,1,4,1,2,12,1,38,3,10,7,1,7,14,1,8,1,7,,42,,1,21,121.5188898,25.04168478
113,12,18,9,47,2,05中正區,中正區中山南路與徐州路口,0,0,1,2,C03,7,7,5,50,4,1,1,5,4,5,13,1,1,1,4,1,2,12,2,31,2,8,5,1,7,9,1,10,1,11,,108,,1,21,121.5188898,25.04168478
113,12,18,10,4,2,03中山區,中山區民權東路3段與建國北路3段口,0,0,1,1,F01,7,5,5,50,4,2,1,5,4,5,13,2,1,3,4,5,2,16,2,66,2,9,4,4,7,9,8,20,2,11,,44,,1,21,121.5372839,25.0625733
113,12,18,10,4,2,03中山區,中山區民權東路3段與建國北路3段口,0,0,1,2,B03,7,5,5,50,4,2,1,5,4,5,13,2,1,3,4,5,2,16,2,56,3,10,3,4,7,6,1,8,2,2,,44,,1,21,121.5372839,25.0625733
113,12,18,10,10,2,03中山區,中山區長春路與中原街口,0,0,1,2,F01,7,7,5,40,3,1,1,5,4,5,13,2,1,5,4,4,2,12,2,64,2,9,4,4,7,7,8,20,1,14,,100,,1,21,121.5288234,25.05536181
113,12,18,10,10,2,03中山區,中山區長春路與中原街口,0,0,1,1,B12,7,7,5,40,3,1,1,5,4,5,13,2,1,5,4,4,2,12,1,46,3,10,2,4,7,9,1,8,9,6,,44,,1,21,121.5288234,25.05536181
113,12,18,10,10,2,12內湖區,內湖區舊宗路1段18號,0,0,1,1,B03,8,6,5,50,14,9,1,5,4,5,13,4,4,1,4,5,2,17,1,66,3,10,7,1,7,6,1,8,2,5,,101,,1,21,121.581266,25.058018
113,12,18,10,10,2,12內湖區,內湖區舊宗路1段18號,0,0,1,2,C03,8,6,5,50,14,9,1,5,4,5,13,4,4,1,4,5,2,17,1,31,2,9,6,2,7,9,1,10,2,14,,107,,1,21,121.581266,25.058018
113,12,18,10,20,2,05中正區,中正區羅斯福路4段與基隆路4段口,0,0,2,1,C03,8,7,5,50,5,1,1,5,4,5,13,2,1,10,4,5,2,17,2,35,2,9,5,1,7,8,1,10,1,12,,100,,1,21,121.5369696,25.0113721
113,12,18,10,20,2,05中正區,中正區羅斯福路4段與基隆路4段口,0,0,2,2,C03,8,7,5,50,5,1,1,5,4,5,13,2,1,10,4,5,2,17,2,50,2,9,5,1,7,9,1,10,1,11,,44,,1,21,121.5369696,25.0113721
113,12,18,10,20,2,06松山區,松山區光復北路與八德路3段口,0,0,1,1,C03,7,5,5,50,4,1,1,5,4,5,13,2,1,3,4,5,2,17,1,71,2,9,6,4,7,9,1,10,2,14,,118,,1,22,121.5577812,25.0484795
113,12,18,10,20,2,06松山區,松山區光復北路與八德路3段口,0,0,1,2,B03,7,5,5,50,4,1,1,5,4,5,13,2,1,3,4,5,2,17,1,56,3,10,3,4,7,9,1,8,2,2,,118,,1,22,121.5577812,25.0484795
113,12,18,10,30,2,03中山區,中山區建國北路3段與建國北路3段22巷口,0,0,1,1,B03,7,7,5,50,4,1,1,5,4,5,13,4,4,1,4,5,2,12,1,44,3,10,7,1,7,8,1,8,1,2,,9,,1,21,121.5369065,25.06390288
113,12,18,10,30,2,03中山區,中山區建國北路3段與建國北路3段22巷口,0,0,1,2,C03,7,7,5,50,4,1,1,5,4,5,13,4,4,1,4,5,2,12,1,18,2,8,5,1,7,9,1,10,1,11,,108,,1,21,121.5369065,25.06390288
113,12,18,10,50,2,03中山區,中山區建國北路3段77號,0,0,1,1,C03,8,5,5,50,14,9,1,5,4,5,13,1,1,8,5,5,2,17,1,60,3,10,5,1,7,5,1,10,1,17,,27,,1,22,121.537203,25.0652003
113,12,18,10,50,2,03中山區,中山區建國北路3段77號,0,0,1,2,C03,8,5,5,50,14,9,1,5,4,5,13,1,1,8,5,5,2,17,1,50,2,8,5,1,7,5,1,10,1,14,,42,,1,22,121.537203,25.0652003
113,12,18,10,59,2,04大安區,大安區忠孝東路4段216巷64號,0,0,1,1,B01,8,6,5,30,4,1,1,5,4,5,13,4,4,4,1,5,2,17,1,57,3,10,7,1,7,8,1,4,1,17,,101,,1,21,121.5528929,25.0383695
113,12,18,10,59,2,04大安區,大安區忠孝東路4段216巷64號,0,0,1,2,C02,8,6,5,30,4,1,1,5,4,5,13,4,4,4,1,5,2,17,1,42,2,4,6,1,7,9,1,9,1,13,,44,,1,21,121.5528929,25.0383695
113,12,18,10,59,2,04大安區,大安區忠孝東路4段216巷64號,0,0,1,3,B03,8,6,5,30,4,1,1,5,4,5,13,4,4,4,1,5,2,17,1,52,3,10,7,1,7,14,1,8,1,1,,44,,1,21,121.5528929,25.0383695
113,12,18,10,59,2,04大安區,大安區忠孝東路4段216巷64號,0,0,1,4,C03,8,6,5,30,4,1,1,5,4,5,13,4,4,4,1,5,2,17,1,62,3,10,6,1,7,9,1,10,1,17,,44,,1,21,121.5528929,25.0383695
113,12,18,11,32,2,05中正區,中正區南昌路1段與南海路口,0,0,3,1,C03,8,6,5,30,4,2,2,5,4,5,13,1,1,4,5,5,1,17,1,66,2,7,5,1,7,7,1,10,2,14,,101,,1,21,121.5160668,25.0326845
113,12,18,11,32,2,05中正區,中正區南昌路1段與南海路口,0,0,3,2,C03,8,6,5,30,4,2,2,5,4,5,13,1,1,4,5,5,1,17,1,20,2,7,5,1,7,9,1,10,2,12,,44,,1,25,121.5160668,25.0326845
113,12,18,11,32,2,05中正區,中正區南昌路1段與南海路口,0,0,3,3,H02,8,6,5,30,4,2,2,5,4,5,13,1,1,4,5,5,1,17,2,30,2,8,5,5,7,20,8,20,10,16,,67,,1,21,121.5160668,25.0326845
113,12,18,11,56,2,06松山區,松山區健康路與南京東路5段59巷口,0,0,1,1,B03,7,6,5,50,4,2,1,5,4,5,13,1,1,1,3,4,2,13,1,62,3,10,3,4,7,9,1,8,1,5,,118,,1,21,121.5592144,25.05373657
113,12,18,11,56,2,06松山區,松山區健康路與南京東路5段59巷口,0,0,1,2,C03,7,6,5,50,4,2,1,5,4,5,13,1,1,1,3,4,2,13,2,32,2,9,6,1,7,14,1,10,1,14,,42,,1,21,121.5592144,25.05373657
113,12,18,12,3,2,03中山區,中山區明水路325號旁,0,0,1,1,B03,7,6,5,50,14,9,1,5,4,5,13,4,4,1,4,5,2,11,2,34,3,10,7,1,7,7,1,8,2,4,,100,,1,21,121.5400669,25.0776918
113,12,18,12,3,2,03中山區,中山區明水路325號旁,0,0,1,2,C03,7,6,5,50,14,9,1,5,4,5,13,4,4,1,4,5,2,11,1,23,2,9,5,1,7,9,1,10,2,11,,13,,1,21,121.5400669,25.0776918
113,12,18,12,7,2,07信義區,信義區忠孝東路5段236巷27弄與虎林街164巷60弄口,0,0,1,1,F01,7,6,5,30,3,2,1,5,4,5,13,4,4,10,5,5,2,16,1,22,2,8,4,1,7,5,8,20,1,14,,8,,1,21,121.5739951,25.0383982
113,12,18,12,7,2,07信義區,信義區忠孝東路5段236巷27弄與虎林街164巷60弄口,0,0,1,2,C03,7,6,5,30,3,2,1,5,4,5,13,4,4,10,5,5,2,16,1,41,3,10,5,1,7,9,1,10,1,11,12,44,,1,21,121.5739951,25.0383982
113,12,18,12,13,2,10文山區,文山區景明街與興隆路1段70巷11弄口,0,0,1,1,B03,7,6,5,30,4,1,1,5,4,5,13,4,4,10,5,5,2,15,1,67,3,10,7,1,7,9,1,8,1,8,,72,,1,22,121.5409379,25.0015301
113,12,18,12,13,2,10文山區,文山區景明街與興隆路1段70巷11弄口,0,0,1,2,C03,7,6,5,30,4,1,1,5,4,5,13,4,4,10,5,5,2,15,1,40,2,9,6,1,7,9,1,10,1,12,,44,,1,22,121.5409379,25.0015301
113,12,18,12,40,2,01大同區,大同區民樂街8號,0,0,1,1,B03,7,6,5,50,14,9,1,5,4,5,13,4,4,8,3,5,2,2,1,30,4,11,3,4,7,9,1,8,11,2,,108,,1,22,121.5107896,25.055807
113,12,18,12,40,2,01大同區,大同區民樂街8號,0,0,1,2,H01,7,6,5,50,14,9,1,5,4,5,13,4,4,8,3,5,2,2,1,32,2,8,4,5,8,16,8,20,10,16,,67,,1,21,121.5107896,25.055807
113,12,18,12,53,2,05中正區,中正區忠孝西路1段與館前路口,0,0,1,2,A02,8,6,5,50,4,1,1,5,4,5,13,2,1,3,4,5,2,17,1,59,3,10,7,1,7,9,1,2,2,17,,44,,1,22,121.5156359,25.046341
113,12,18,12,53,2,05中正區,中正區忠孝西路1段與館前路口,0,0,1,3,H02,8,6,5,50,4,1,1,5,4,5,13,2,1,3,4,5,2,17,1,74,2,9,4,5,7,17,8,20,10,16,,67,,1,22,121.5156359,25.046341
113,12,18,12,53,2,05中正區,中正區忠孝西路1段與館前路口,0,0,1,1,B01,8,6,5,50,4,1,1,5,4,5,13,2,1,3,4,5,2,17,1,55,3,10,7,1,7,6,1,4,9,17,,9,,1,22,121.5156359,25.046341
113,12,18,13,4,2,03中山區,中山區南京東路2段53號,0,0,2,1,B03,8,6,5,50,14,9,1,5,4,5,13,4,4,1,4,4,2,12,1,41,3,10,7,1,7,15,1,8,11,2,,114,,2,21,121.5293904,25.0521606
113,12,18,13,4,2,03中山區,中山區南京東路2段53號,0,0,2,3,H02,8,6,5,50,14,9,1,5,4,5,13,4,4,1,4,4,2,12,2,30,2,8,5,5,7,21,8,20,10,16,,67,,1,22,121.5293904,25.0521606
113,12,18,13,4,2,03中山區,中山區南京東路2段53號,0,0,2,2,C03,8,6,5,50,14,9,1,5,4,5,13,4,4,1,4,4,2,12,2,41,2,9,5,4,7,15,1,10,2,14,,101,,1,22,121.5293904,25.0521606
113,12,18,13,23,2,09北投區,北投區公館路376巷與公館路376巷6弄口,0,0,1,1,C03,8,6,6,30,3,1,1,5,4,5,13,4,4,10,5,5,2,13,2,26,3,10,5,1,7,9,1,10,2,11,,16,,1,21,121.5035133,25.1238935
113,12,18,13,23,2,09北投區,北投區公館路376巷與公館路376巷6弄口,0,0,1,2,C03,8,6,6,30,3,1,1,5,4,5,13,4,4,10,5,5,2,13,2,72,2,8,5,1,7,9,1,10,2,13,,44,,1,21,121.5035133,25.1238935
113,12,18,14,40,2,06松山區,松山區民族東路668巷與民族東路口,0,0,1,1,F01,7,6,5,30,3,1,1,5,4,5,13,4,4,10,5,5,2,18,2,58,2,9,4,1,7,9,8,20,1,11,,118,,1,27,121.5465677,25.0648582
113,12,18,14,40,2,06松山區,松山區民族東路668巷與民族東路口,0,0,1,2,,7,6,5,30,3,1,1,5,4,5,13,4,4,10,5,5,2,18,3,0,,,,,,,,,,,,67,,1,,121.5465677,25.0648582
113,12,18,14,44,2,09北投區,北投區洲美快速道路往大度路方向,0,0,3,1,A12,8,6,5,60,8,7,1,5,4,5,13,4,4,9,4,5,2,13,1,42,3,10,7,1,7,9,1,5,2,1,,16,,1,21,121.4948603,25.1214732
113,12,18,14,44,2,09北投區,北投區洲美快速道路往大度路方向,0,0,3,2,B03,8,6,5,60,8,7,1,5,4,5,13,4,4,9,4,5,2,13,2,21,2,8,7,1,7,9,1,8,2,3,,44,,1,21,121.4948603,25.1214732
113,12,18,14,44,2,09北投區,北投區洲美快速道路往大度路方向,0,0,3,3,B12,8,6,5,60,8,7,1,5,4,5,13,4,4,9,4,5,2,13,1,32,2,2,7,1,7,1,1,8,2,3,,44,,1,21,121.4948603,25.1214732
113,12,18,14,44,2,09北投區,北投區洲美快速道路往大度路方向,0,0,3,4,H02,8,6,5,60,8,7,1,5,4,5,13,4,4,9,4,5,2,13,1,29,2,2,7,5,7,20,8,20,10,16,,67,,1,21,121.4948603,25.1214732
113,12,18,14,44,2,09北投區,北投區洲美快速道路往大度路方向,0,0,3,5,H02,8,6,5,60,8,7,1,5,4,5,13,4,4,9,4,5,2,13,1,43,4,11,7,5,7,20,8,20,10,16,,67,,1,21,121.4948603,25.1214732
113,12,18,14,49,2,03中山區,中山區民生東路1段23巷,0,0,1,1,C03,7,7,5,30,14,9,1,5,4,5,13,4,4,10,5,5,1,17,1,26,3,10,5,1,7,5,1,10,11,17,,8,,1,21,121.5211345,25.05004585
113,12,18,14,49,2,03中山區,中山區民生東路1段23巷,0,0,1,2,C03,7,7,5,30,14,9,1,5,4,5,13,4,4,10,5,5,1,17,1,26,2,7,5,1,7,9,1,10,1,17,,44,,1,21,121.5211345,25.05004585
113,12,18,15,0,2,08士林區,士林區承德路5段與士商路口,0,0,1,1,B03,7,6,5,50,4,2,1,5,4,5,13,2,1,1,4,5,2,17,4,0,,,,,,,,,11,,,119,,2,,121.5142442,25.0960328
113,12,18,15,0,2,08士林區,士林區承德路5段與士商路口,0,0,1,2,C03,7,6,5,50,4,2,1,5,4,5,13,2,1,1,4,5,2,17,1,20,2,9,6,1,7,10,1,8,1,11,,44,,1,21,121.5142442,25.0960328
113,12,18,15,30,2,05中正區,中正區牯嶺街與南昌路1段74巷口,0,0,2,1,C03,7,7,5,30,4,1,1,5,4,5,13,4,4,9,5,5,2,15,2,28,2,9,6,1,7,9,1,10,1,11,,72,,1,22,121.51617,25.03043026
113,12,18,15,30,2,05中正區,中正區牯嶺街與南昌路1段74巷口,0,0,2,2,C03,7,7,5,30,4,1,1,5,4,5,13,4,4,9,5,5,2,15,2,20,2,8,6,1,7,9,1,10,1,11,,14,,1,22,121.51617,25.03043026
113,12,18,15,30,2,07信義區,信義區忠孝東路5段與基隆路1段口,0,0,1,1,B02,8,6,5,50,4,1,1,5,4,5,13,2,1,3,4,5,2,13,2,24,3,10,7,1,7,9,1,8,2,1,,16,,1,21,121.5646354,25.0412041
113,12,18,15,30,2,07信義區,信義區忠孝東路5段與基隆路1段口,0,0,1,2,C03,8,6,5,50,4,1,1,5,4,5,13,2,1,3,4,5,2,13,1,28,2,8,6,1,7,12,6,10,2,13,,44,,1,21,121.5646354,25.0412041
113,12,18,16,10,2,04大安區,大安區敦化南路2段19號,0,0,1,1,B01,7,6,5,50,14,9,1,5,4,5,13,4,4,4,4,5,2,12,1,44,3,10,7,1,7,7,1,4,1,4,,100,,1,21,121.549011,25.0325794
113,12,18,16,10,2,04大安區,大安區敦化南路2段19號,0,0,1,2,C03,7,6,5,50,14,9,1,5,4,5,13,4,4,4,4,5,2,12,1,39,2,9,5,1,7,7,1,10,1,12,,100,,1,21,121.549011,25.0325794
113,12,18,16,26,2,10文山區,文山區木柵路5段16號,0,0,2,1,C03,8,6,5,50,14,9,1,5,4,5,13,4,4,5,5,5,2,11,2,42,2,9,6,1,7,9,1,10,1,14,,118,,1,21,121.5813732,25.0023022
113,12,18,16,26,2,10文山區,文山區木柵路5段16號,0,0,2,2,C03,8,6,5,50,14,9,1,5,4,5,13,4,4,5,5,5,2,11,1,26,2,7,6,1,7,9,1,10,1,14,,17,,1,21,121.5813732,25.0023022
113,12,18,17,0,2,08士林區,士林區士東路與忠誠路2段口,0,0,2,1,B01,8,6,5,50,4,2,1,5,4,5,13,2,1,1,4,5,1,37,1,67,2,9,3,4,7,6,1,4,2,1,,45,,1,21,121.5315739,25.1123799
113,12,18,17,0,2,08士林區,士林區士東路與忠誠路2段口,0,0,2,2,,8,6,5,50,4,2,1,5,4,5,13,2,1,1,4,5,1,37,3,39,,,,,,,,,,,,67,,1,,121.5315739,25.1123799
113,12,18,17,0,2,08士林區,士林區士東路與忠誠路2段口,0,0,2,3,,8,6,5,50,4,2,1,5,4,5,13,2,1,1,4,5,1,37,3,51,,,,,,,,,,,,67,,1,,121.5315739,25.1123799
113,12,18,17,0,2,08士林區,士林區士東路與忠誠路2段口,0,0,2,4,,8,6,5,50,4,2,1,5,4,5,13,2,1,1,4,5,1,37,3,0,,,,,,,,,,,,67,,1,,121.5315739,25.1123799
113,12,18,17,0,2,08士林區,士林區士東路與忠誠路2段口,0,0,2,6,,8,6,5,50,4,2,1,5,4,5,13,2,1,1,4,5,1,37,3,0,,,,,,,,,,,,67,,1,,121.5315739,25.1123799
113,12,18,17,0,2,08士林區,士林區士東路與忠誠路2段口,0,0,2,5,,8,6,5,50,4,2,1,5,4,5,13,2,1,1,4,5,1,37,3,0,,,,,,,,,,,,67,,1,,121.5315739,25.1123799