發生年度,發生月,發生日,發生時-Hours,發生分,處理別-編號,區序,肇事地點,死亡人數,2-30日死亡人數,受傷人數,當事人序號,車種,天候,道路照明設備,道路類別,速限-速度限制,道路型態,事故位置,路面狀況1,路面狀況2,路面狀況3,道路障礙1,道路障礙2,號誌1,號誌2,車道劃分-分向,車道劃分-分道1,車道劃分-分道2,車道劃分-分道3,事故類型及型態,性別,年齡,受傷程度,主要傷處,保護裝置,行動電話,車輛用途,當事者行動狀態,駕駛資格情形,駕駛執照種類,飲酒情形,車輛撞擊部位1,車輛撞擊部位2,肇因碼-個別,肇因碼-主要,個人肇逃否,職業,座標-X,座標-Y
113,12,18,17,0,2,08士林區,士林區士東路與忠誠路2段口,0,0,2,7,,8,6,5,50,4,2,1,5,4,5,13,2,1,1,4,5,1,37,3,0,,,,,,,,,,,,67,,1,,121.5315739,25.1123799
113,12,18,17,0,2,08士林區,士林區士東路與忠誠路2段口,0,0,2,8,,8,6,5,50,4,2,1,5,4,5,13,2,1,1,4,5,1,37,3,53,,,,,,,,,,,,67,,1,,121.5315739,25.1123799
113,12,18,17,0,2,08士林區,士林區士東路與忠誠路2段口,0,0,2,9,,8,6,5,50,4,2,1,5,4,5,13,2,1,1,4,5,1,37,3,36,,,,,,,,,,,,67,,1,,121.5315739,25.1123799
113,12,18,17,0,2,08士林區,士林區士東路與忠誠路2段口,0,0,2,10,,8,6,5,50,4,2,1,5,4,5,13,2,1,1,4,5,1,37,3,0,,,,,,,,,,,,67,,1,,121.5315739,25.1123799
113,12,18,17,0,2,08士林區,士林區士東路與忠誠路2段口,0,0,2,11,,8,6,5,50,4,2,1,5,4,5,13,2,1,1,4,5,1,37,3,0,,,,,,,,,,,,67,,1,,121.5315739,25.1123799
113,12,18,17,0,2,08士林區,士林區士東路與忠誠路2段口,0,0,2,12,H02,8,6,5,50,4,2,1,5,4,5,13,2,1,1,4,5,1,37,2,56,2,9,3,5,7,21,8,20,10,16,,67,,1,22,121.5315739,25.1123799
113,12,18,17,25,2,03中山區,中山區八德路2段174巷與八德路2段口,0,0,1,1,B03,7,5,5,50,3,1,1,5,4,5,13,1,1,5,4,5,2,15,1,37,3,10,3,4,7,11,1,8,1,1,,10,,1,21,121.5381472,25.0462472
113,12,18,17,25,2,03中山區,中山區八德路2段174巷與八德路2段口,0,0,1,2,F01,7,5,5,50,3,1,1,5,4,5,13,1,1,5,4,5,2,15,1,77,2,9,3,4,7,9,8,20,1,14,,29,,1,21,121.5381472,25.0462472
113,12,18,17,54,2,06松山區,松山區民權東路4段與光復北路口,0,0,2,1,C03,7,5,5,50,4,1,1,5,4,5,13,2,1,1,4,5,2,15,1,53,2,9,5,1,7,15,1,9,1,11,,71,,1,25,121.554571,25.0618436
113,12,18,17,54,2,06松山區,松山區民權東路4段與光復北路口,0,0,2,2,B11,7,5,5,50,4,1,1,5,4,5,13,2,1,1,4,5,2,15,1,41,3,10,7,1,7,9,1,4,1,1,,44,,1,26,121.554571,25.0618436
113,12,18,17,54,2,06松山區,松山區民權東路4段與光復北路口,0,0,2,3,H02,7,5,5,50,4,1,1,5,4,5,13,2,1,1,4,5,2,15,2,48,2,9,5,5,7,21,8,20,10,17,,60,,1,25,121.554571,25.0618436
113,12,18,18,5,2,10文山區,文山區木新路2段211巷與木新路2段211巷6弄口口,0,0,2,1,C03,8,5,5,30,4,1,1,5,4,5,13,4,4,10,5,5,2,15,1,37,2,9,5,1,7,9,1,10,1,12,,72,,1,21,121.5679903,24.9831797
113,12,18,18,5,2,10文山區,文山區木新路2段211巷與木新路2段211巷6弄口口,0,0,2,2,C03,8,5,5,30,4,1,1,5,4,5,13,4,4,10,5,5,2,15,1,19,2,9,6,1,7,9,1,10,1,11,,44,,1,21,121.5679903,24.9831797
113,12,18,18,15,2,02萬華區,萬華區長沙街2段73號,0,0,1,1,F01,8,5,5,50,14,9,1,5,4,5,13,4,4,9,4,5,2,17,1,75,2,8,4,4,7,15,8,20,1,11,,4,,1,21,121.505057,25.04054537
113,12,18,18,15,2,02萬華區,萬華區長沙街2段73號,0,0,1,2,C03,8,5,5,50,14,9,1,5,4,5,13,4,4,9,4,5,2,17,1,47,3,10,5,4,7,9,1,10,1,11,,13,,1,21,121.505057,25.04054537
113,12,18,18,20,2,12內湖區,內湖區五分街77號,0,0,1,1,C03,7,5,5,40,14,9,1,5,4,5,13,4,4,9,5,5,1,13,2,40,2,8,6,1,7,9,1,10,2,11,,108,,1,21,121.6150309,25.0673359
113,12,18,18,20,2,12內湖區,內湖區五分街77號,0,0,1,2,B03,7,5,5,40,14,9,1,5,4,5,13,4,4,9,5,5,1,13,2,55,3,10,7,1,7,14,1,8,2,3,,44,,1,21,121.6150309,25.0673359
113,12,18,18,44,2,04大安區,大安區安和路1段與忠孝東路4段170巷口,0,0,1,1,B01,8,5,5,50,22,18,1,5,4,5,13,4,4,10,5,5,2,3,1,43,3,10,7,1,7,6,1,4,1,8,,70,,1,21,121.5507504,25.0387818
113,12,18,18,44,2,04大安區,大安區安和路1段與忠孝東路4段170巷口,0,0,1,2,H01,8,5,5,50,22,18,1,5,4,5,13,4,4,10,5,5,2,3,2,27,2,9,4,5,8,16,8,20,10,16,,67,,1,21,121.5507504,25.0387818
113,12,18,19,10,2,03中山區,中山區建國北路1段與南京東路3段口,0,0,1,1,C03,8,5,5,50,4,1,1,5,4,5,13,1,1,10,1,5,2,12,1,51,3,10,6,1,7,9,1,10,1,14,,99,,1,21,121.5374679,25.0520419
113,12,18,19,10,2,03中山區,中山區建國北路1段與南京東路3段口,0,0,1,2,C03,8,5,5,50,4,1,1,5,4,5,13,1,1,10,1,5,2,12,1,23,2,7,6,1,7,15,1,10,1,12,,44,,1,21,121.5374679,25.0520419
113,12,18,19,10,2,12內湖區,內湖區民權東路6段與民權東路6段11巷口,0,0,1,1,C03,8,5,5,50,4,1,1,5,4,5,13,1,1,10,5,5,2,11,2,57,3,10,6,1,7,15,1,10,2,12,,100,,1,21,121.5784445,25.0667764
113,12,18,19,10,2,12內湖區,內湖區民權東路6段與民權東路6段11巷口,0,0,1,2,C03,8,5,5,50,4,1,1,5,4,5,13,1,1,10,5,5,2,11,2,44,2,9,6,1,7,15,1,10,2,14,,44,,1,21,121.5784445,25.0667764
113,12,18,19,37,2,04大安區,大安區信義路3段109號,0,0,2,1,C03,8,6,5,50,14,9,1,5,4,5,13,4,4,1,3,5,2,12,1,48,3,10,6,1,7,9,1,10,1,12,,44,,1,21,121.5394092,25.03373885
113,12,18,19,37,2,04大安區,大安區信義路3段109號,0,0,2,2,C04,8,6,5,50,14,9,1,5,4,5,13,4,4,1,3,5,2,12,1,31,2,9,6,1,7,9,1,8,1,14,,16,,1,21,121.5394092,25.03373885
113,12,18,19,37,2,04大安區,大安區信義路3段109號,0,0,2,3,C03,8,6,5,50,14,9,1,5,4,5,13,4,4,1,3,5,2,12,1,36,2,8,6,1,7,9,1,10,1,12,,16,,1,21,121.5394092,25.03373885
113,12,18,19,40,2,05中正區,中正區襄陽路與南陽街口,0,0,1,1,B01,7,5,5,50,3,1,1,5,4,5,13,4,4,5,4,5,2,3,1,66,3,10,7,1,7,9,1,4,2,8,,70,,1,26,121.5160405,25.0433365
113,12,18,19,40,2,05中正區,中正區襄陽路與南陽街口,0,0,1,2,H01,7,5,5,50,3,1,1,5,4,5,13,4,4,5,4,5,2,3,1,64,2,9,4,5,8,16,8,20,10,16,,67,,1,22,121.5160405,25.0433365
113,12,18,19,53,2,07信義區,信義區忠孝東路5段與忠孝東路5段215巷口,0,0,1,1,C03,8,5,5,50,3,4,1,5,4,5,13,2,1,1,4,5,1,12,2,19,3,10,3,4,7,9,3,18,1,12,,17,,1,22,121.5703341,25.041094
113,12,18,19,53,2,07信義區,信義區忠孝東路5段與忠孝東路5段215巷口,0,0,1,2,C03,8,5,5,50,3,4,1,5,4,5,13,2,1,1,4,5,1,12,1,42,2,8,3,4,7,14,1,10,1,14,,44,,1,22,121.5703341,25.041094
113,12,18,20,0,2,12內湖區,內湖區成功路4段與大湖街131巷口口,0,0,1,1,C03,7,5,5,50,4,2,1,5,4,5,13,2,1,1,4,5,2,12,1,18,2,9,6,1,7,9,1,10,1,14,,108,,1,21,121.6003996,25.084586
113,12,18,20,0,2,12內湖區,內湖區成功路4段與大湖街131巷口口,0,0,1,2,B03,7,5,5,50,4,2,1,5,4,5,13,2,1,1,4,5,2,12,2,51,3,10,7,1,7,11,1,8,1,6,,10,,1,21,121.6003996,25.084586
113,12,18,20,10,2,12內湖區,內湖區內湖路2段179巷226號,0,0,2,1,C03,8,5,5,50,14,9,1,5,4,5,13,4,4,5,5,5,2,10,1,20,2,9,6,1,7,15,1,10,2,11,,116,,1,21,121.5849232,25.0843336
113,12,18,20,10,2,12內湖區,內湖區內湖路2段179巷226號,0,0,2,2,C03,8,5,5,50,14,9,1,5,4,5,13,4,4,5,5,5,2,10,2,47,2,9,6,1,7,9,1,9,2,11,,44,,1,21,121.5849232,25.0843336
113,12,18,20,15,2,01大同區,大同區環河北路2段109號,0,0,2,1,C03,8,5,5,50,14,9,1,5,4,5,13,4,4,1,4,5,2,17,1,24,2,9,6,1,7,9,1,10,2,11,,108,,1,21,121.5089533,25.0662955
113,12,18,20,15,2,01大同區,大同區環河北路2段109號,0,0,2,2,B03,8,5,5,50,14,9,1,5,4,5,13,4,4,1,4,5,2,17,1,59,3,10,7,1,7,3,1,8,2,4,,18,,1,21,121.5089533,25.0662955
113,12,18,20,15,2,01大同區,大同區環河北路2段109號,0,0,2,3,C03,8,5,5,50,14,9,1,5,4,5,13,4,4,1,4,5,2,17,1,54,2,9,6,1,7,9,1,10,2,12,,44,,1,23,121.5089533,25.0662955
113,12,18,20,30,2,07信義區,信義區吳興街與吳興街269巷口,0,0,2,1,C03,7,5,5,30,4,1,1,5,4,5,13,4,4,9,5,5,2,15,1,28,2,9,5,1,7,9,1,10,1,11,,72,,1,21,121.5638924,25.026772
113,12,18,20,30,2,07信義區,信義區吳興街與吳興街269巷口,0,0,2,2,C03,7,5,5,30,4,1,1,5,4,5,13,4,4,9,5,5,2,15,2,25,2,7,5,1,7,9,1,10,1,14,,14,,1,21,121.5638924,25.026772
113,12,18,20,46,2,04大安區,大安區信義路4段與信義路4段294巷口口,0,0,1,1,B01,7,5,5,50,4,1,1,5,4,5,13,2,1,1,4,5,2,9,2,50,3,10,7,1,7,6,1,4,2,8,,108,,1,21,121.5542769,25.0329932
113,12,18,20,46,2,04大安區,大安區信義路4段與信義路4段294巷口口,0,0,1,2,H01,7,5,5,50,4,1,1,5,4,5,13,2,1,1,4,5,2,9,2,50,2,9,4,5,8,16,8,20,10,16,,122,,1,21,121.5542769,25.0329932
113,12,18,20,46,2,04大安區,大安區信義路4段與信義路4段294巷口口,0,0,1,3,B03,7,5,5,50,4,1,1,5,4,5,13,2,1,1,4,5,2,9,2,66,3,10,7,1,7,9,1,8,2,5,,108,,1,21,121.5542769,25.0329932
113,12,18,21,15,2,08士林區,士林區仰德大道2段129號,0,0,1,1,B03,8,5,5,40,12,9,1,5,4,5,13,4,4,4,5,5,1,17,2,46,3,10,3,4,7,4,1,8,2,4,,42,,1,21,121.5466341,25.1089093
113,12,18,21,15,2,08士林區,士林區仰德大道2段129號,0,0,1,2,C03,8,5,5,40,12,9,1,5,4,5,13,4,4,4,5,5,1,17,1,20,2,7,3,4,7,9,1,10,2,14,,44,,1,21,121.5466341,25.1089093
113,12,18,21,40,2,06松山區,松山區八德路2段366巷與市民大道4段口,0,0,1,2,H01,7,5,5,40,4,18,1,5,4,5,13,1,1,1,4,5,1,3,1,25,2,8,4,5,8,16,8,20,10,16,,53,,1,25,121.5460236,25.0451912
113,12,18,21,40,2,06松山區,松山區八德路2段366巷與市民大道4段口,0,0,1,1,B02,7,5,5,40,4,18,1,5,4,5,13,1,1,1,4,5,1,3,1,23,3,10,7,1,7,5,1,8,9,1,,118,,1,26,121.5460236,25.0451912
113,12,18,22,54,2,07信義區,信義區和平東路3段與崇德街口,0,0,1,1,B03,7,5,5,50,3,2,1,5,4,5,13,4,4,5,5,5,2,13,1,34,3,10,3,4,7,9,1,8,9,7,,44,,1,22,121.5529645,25.0242803
113,12,18,22,54,2,07信義區,信義區和平東路3段與崇德街口,0,0,1,2,F01,7,5,5,50,3,2,1,5,4,5,13,4,4,5,5,5,2,13,1,18,2,9,3,4,7,9,8,20,9,17,,107,,1,22,121.5529645,25.0242803
113,12,18,23,15,2,03中山區,中山區八德路2段與龍江路口,0,0,1,1,B01,7,5,5,50,3,1,1,5,4,5,13,1,1,5,4,5,2,16,1,68,3,10,3,4,7,5,1,4,2,2,,8,,1,21,121.5405188,25.0468895
113,12,18,23,15,2,03中山區,中山區八德路2段與龍江路口,0,0,1,3,B03,7,5,5,50,3,1,1,5,4,5,13,1,1,5,4,5,2,16,1,51,3,10,3,4,7,9,1,8,2,8,,44,,1,21,121.5405188,25.0468895
113,12,18,23,15,2,03中山區,中山區八德路2段與龍江路口,0,0,1,2,C03,7,5,5,50,3,1,1,5,4,5,13,1,1,5,4,5,2,16,1,21,2,1,3,4,7,9,1,10,9,11,,44,,1,21,121.5405188,25.0468895
113,12,18,23,48,2,01大同區,大同區重慶北路3段與昌吉街口,0,0,1,1,B03,7,5,5,50,4,1,1,5,4,5,13,2,1,4,4,5,2,2,1,25,3,10,3,4,7,6,1,8,2,1,,70,,1,21,121.5134972,25.065937
113,12,18,23,48,2,01大同區,大同區重慶北路3段與昌吉街口,0,0,1,2,H01,7,5,5,50,4,1,1,5,4,5,13,2,1,4,4,5,2,2,2,21,2,8,4,5,8,16,8,20,10,16,,67,,1,21,121.5134972,25.065937
113,12,19,0,12,2,04大安區,大安區信義路4段281號,0,0,1,1,C04,7,5,5,50,14,9,1,5,4,5,13,4,4,5,4,5,2,17,2,61,2,1,5,4,7,15,1,8,1,14,,17,,1,21,121.5549017,25.0332543
113,12,19,0,12,2,04大安區,大安區信義路4段281號,0,0,1,2,B03,7,5,5,50,14,9,1,5,4,5,13,4,4,5,4,5,2,17,1,34,3,10,7,4,7,9,1,8,1,2,,44,,1,21,121.5549017,25.0332543
113,12,19,0,13,2,09北投區,北投區大業路300巷與大業路300巷9弄口,0,0,1,1,B03,7,5,5,30,4,1,1,5,4,5,13,4,4,10,5,5,2,15,1,50,3,10,7,1,7,9,1,8,1,4,,72,,1,21,121.498528,25.1281932
113,12,19,0,13,2,09北投區,北投區大業路300巷與大業路300巷9弄口,0,0,1,2,C03,7,5,5,30,4,1,1,5,4,5,13,4,4,10,5,5,2,15,1,26,2,9,5,1,7,9,1,10,1,11,,44,,1,21,121.498528,25.1281932
113,12,19,1,2,2,02萬華區,萬華區康定路60號,0,0,1,1,B01,7,6,5,50,14,9,1,5,4,5,13,4,4,9,4,5,2,12,1,69,3,10,3,4,7,9,1,4,2,2,,17,,1,21,121.5024069,25.0426163
113,12,19,1,2,2,02萬華區,萬華區康定路60號,0,0,1,2,F01,7,6,5,50,14,9,1,5,4,5,13,4,4,9,4,5,2,12,2,50,2,9,2,1,7,7,8,20,2,14,,100,,1,21,121.5024069,25.0426163
113,12,19,2,47,2,04大安區,大安區羅斯福路2段67號,0,0,1,1,B01,8,5,5,50,14,9,1,5,4,5,13,2,1,10,5,5,2,9,1,48,3,10,3,4,7,2,1,4,1,3,,116,,1,21,121.5228597,25.0266991
113,12,19,2,47,2,04大安區,大安區羅斯福路2段67號,0,0,1,2,H01,8,5,5,50,14,9,1,5,4,5,13,2,1,10,5,5,2,9,1,33,2,5,4,5,8,17,8,20,10,16,,60,,1,21,121.5228597,25.0266991
113,12,19,3,13,2,04大安區,大安區羅斯福路4段與羅斯福路4段123巷21弄口,0,0,2,1,B01,8,5,5,50,3,1,1,5,4,5,13,4,4,1,4,5,2,17,1,63,3,10,7,1,7,6,1,4,1,2,,9,,1,21,121.5375064,25.00991315
113,12,19,3,13,2,04大安區,大安區羅斯福路4段與羅斯福路4段123巷21弄口,0,0,2,2,C03,8,5,5,50,3,1,1,5,4,5,13,4,4,1,4,5,2,17,1,18,2,9,5,1,7,6,1,10,1,14,,44,,1,21,121.5375064,25.00991315
113,12,19,3,13,2,04大安區,大安區羅斯福路4段與羅斯福路4段123巷21弄口,0,0,2,3,H02,8,5,5,50,3,1,1,5,4,5,13,4,4,1,4,5,2,17,2,19,2,9,5,5,7,20,8,20,10,16,,67,,1,21,121.5375064,25.00991315
113,12,19,3,13,2,04大安區,大安區羅斯福路4段與羅斯福路4段123巷21弄口,0,0,2,4,,8,5,5,50,3,1,1,5,4,5,13,4,4,1,4,5,2,17,3,46,,,,,,,,,,,,67,,1,,121.5375064,25.00991315
113,12,19,5,6,2,12內湖區,內湖區江南街71巷與江南街71巷16弄口,0,0,1,1,C03,7,5,5,30,4,1,1,5,4,5,13,4,4,5,5,5,1,16,1,67,3,10,5,1,7,5,1,10,1,13,,8,,1,21,121.5784565,25.0759217
113,12,19,5,6,2,12內湖區,內湖區江南街71巷與江南街71巷16弄口,0,0,1,2,C03,7,5,5,30,4,1,1,5,4,5,13,4,4,5,5,5,1,16,1,21,2,7,6,1,7,9,1,10,1,11,,13,,1,21,121.5784565,25.0759217
113,12,19,5,11,2,02萬華區,萬華區光復橋往臺北（燈桿003011）,0,0,2,1,C03,7,5,8,50,8,9,1,5,4,5,13,4,4,1,3,5,2,13,1,51,2,9,5,1,7,9,1,10,1,15,,118,,1,21,121.489785,25.02398576
113,12,19,5,11,2,02萬華區,萬華區光復橋往臺北（燈桿003011）,0,0,2,2,C03,7,5,8,50,8,9,1,5,4,5,13,4,4,1,3,5,2,13,2,59,2,9,5,1,7,9,1,10,1,13,,44,,1,21,121.489785,25.02398576
113,12,19,6,37,2,06松山區,松山區市民大道6段與基隆路1段口,0,0,1,1,C03,7,7,5,40,4,1,1,5,4,5,13,2,1,1,4,5,2,15,1,57,3,10,6,1,7,9,1,10,1,12,,118,,1,21,121.5690596,25.049093
113,12,19,6,37,2,06松山區,松山區市民大道6段與基隆路1段口,0,0,1,2,C03,7,7,5,40,4,1,1,5,4,5,13,2,1,1,4,5,2,15,2,53,2,7,5,1,7,9,1,10,1,11,,118,,1,21,121.5690596,25.049093
113,12,19,7,49,2,09北投區,北投區中山路5-7號,0,0,1,1,B03,7,6,5,30,14,9,1,5,4,5,13,4,4,8,3,5,2,17,2,40,3,10,7,1,7,11,1,8,1,8,,10,,1,21,121.510115,25.1378108
113,12,19,7,49,2,09北投區,北投區中山路5-7號,0,0,1,2,C03,7,6,5,30,14,9,1,5,4,5,13,4,4,8,3,5,2,17,2,44,2,7,6,1,7,4,3,18,1,12,,44,,1,21,121.510115,25.1378108
113,12,19,8,0,2,07信義區,信義區和平東路3段557號,0,0,1,1,C03,7,7,6,40,14,9,1,5,4,5,13,4,4,5,5,5,2,13,1,25,3,10,5,1,7,9,1,10,1,11,,118,,1,21,121.5609653,25.0156751
113,12,19,8,0,2,07信義區,信義區和平東路3段557號,0,0,1,2,C03,7,7,6,40,14,9,1,5,4,5,13,4,4,5,5,5,2,13,1,51,2,9,5,1,7,9,1,10,1,13,,44,,1,21,121.5609653,25.0156751
113,12,19,8,6,2,03中山區,中山區吉林路與農安街125巷口,0,0,2,1,C03,7,5,5,40,4,1,1,5,4,5,13,4,4,5,5,5,2,13,2,24,2,7,3,4,7,9,1,10,1,11,,16,,1,21,121.5303387,25.065807
113,12,19,8,6,2,03中山區,中山區吉林路與農安街125巷口,0,0,2,2,C03,7,5,5,40,4,1,1,5,4,5,13,4,4,5,5,5,2,13,1,52,2,5,3,4,7,14,1,10,1,13,,44,,1,21,121.5303387,25.065807
113,12,19,8,21,2,06松山區,松山區松河街與中坡北路口,0,0,1,1,C03,7,6,5,40,3,1,1,5,4,5,13,1,1,5,5,5,2,13,1,48,2,9,6,1,7,9,1,10,1,11,,16,,1,21,121.5798031,25.0520868
113,12,19,8,21,2,06松山區,松山區松河街與中坡北路口,0,0,1,2,B03,7,6,5,40,3,1,1,5,4,5,13,1,1,5,5,5,2,13,1,41,3,10,7,1,7,6,1,8,1,7,,44,,1,21,121.5798031,25.0520868
113,12,19,8,59,2,12內湖區,內湖區環山路2段53巷與環山路2段53巷1弄口,0,0,1,1,C03,6,6,5,30,4,2,1,4,4,5,13,4,4,10,5,5,2,17,1,39,3,10,6,1,7,9,1,10,2,12,,72,,1,21,121.5735835,25.0848675
113,12,19,8,59,2,12內湖區,內湖區環山路2段53巷與環山路2段53巷1弄口,0,0,1,2,C03,6,6,5,30,4,2,1,4,4,5,13,4,4,10,5,5,2,17,2,60,2,9,6,1,7,9,1,10,2,11,,108,,1,21,121.5735835,25.0848675
113,12,19,8,59,2,12內湖區,內湖區環山路2段53巷與環山路2段53巷1弄口,0,0,1,3,B02,6,6,5,30,4,2,1,4,4,5,13,4,4,10,5,5,2,17,1,58,3,10,7,1,7,14,1,8,9,17,,38,,1,21,121.5735835,25.0848675
113,12,19,9,2,2,10文山區,文山區忠順街1段123號,0,0,2,1,B12,6,6,6,50,14,9,1,4,4,5,13,4,4,9,5,5,2,16,1,31,3,10,7,1,7,14,1,4,1,4,,40,,1,21,121.56024,24.9842938
113,12,19,9,2,2,10文山區,文山區忠順街1段123號,0,0,2,2,C03,6,6,6,50,14,9,1,4,4,5,13,4,4,9,5,5,2,16,2,22,2,9,6,1,7,9,1,10,1,12,,44,,1,21,121.56024,24.9842938
113,12,19,9,2,2,10文山區,文山區忠順街1段123號,0,0,2,3,H02,6,6,6,50,14,9,1,4,4,5,13,4,4,9,5,5,2,16,2,21,2,9,6,5,7,17,8,20,10,16,,67,,1,21,121.56024,24.9842938
113,12,19,9,2,2,07信義區,信義區吳興街156巷與吳興街156巷25弄口,0,0,1,1,F01,7,6,5,30,3,1,1,5,4,5,13,4,4,5,5,5,2,12,1,27,3,10,4,4,7,5,8,20,1,14,,8,,1,21,121.5609157,25.0286579
113,12,19,9,2,2,07信義區,信義區吳興街156巷與吳興街156巷25弄口,0,0,1,2,C03,7,6,5,30,3,1,1,5,4,5,13,4,4,5,5,5,2,12,2,53,2,9,6,4,7,9,1,10,1,11,,44,,1,21,121.5609157,25.0286579
113,12,19,9,10,2,12內湖區,內湖區文湖街21巷68弄31號前無名巷,0,0,2,1,C04,7,5,5,30,14,9,2,4,4,5,13,4,4,10,5,5,2,11,2,72,2,7,3,4,7,9,1,11,1,12,,118,,1,21,121.5609416,25.0888223
113,12,19,9,10,2,12內湖區,內湖區文湖街21巷68弄31號前無名巷,0,0,2,2,C03,7,5,5,30,14,9,2,4,4,5,13,4,4,10,5,5,2,11,2,37,2,8,3,4,7,14,1,10,1,14,,118,,1,21,121.5609416,25.0888223
113,12,19,9,10,2,12內湖區,內湖區文湖街21巷68弄31號前無名巷,0,0,2,3,,7,5,5,30,14,9,2,4,4,5,13,4,4,10,5,5,2,11,3,,,,,,,,,,,,,67,,1,,121.5609416,25.0888223
113,12,19,9,37,2,02萬華區,萬華區西園路2段與西園路2段196巷口,0,0,2,1,C03,7,6,5,30,3,2,1,5,4,5,13,4,4,1,4,5,2,17,1,76,2,8,6,1,7,6,3,18,1,14,12,72,,1,21,121.4957772,25.0291826
113,12,19,9,37,2,02萬華區,萬華區西園路2段與西園路2段196巷口,0,0,2,4,H02,7,6,5,30,3,2,1,5,4,5,13,4,4,1,4,5,2,17,2,77,2,9,6,5,7,20,8,20,10,16,,67,,1,21,121.4957772,25.0291826
113,12,19,9,37,2,02萬華區,萬華區西園路2段與西園路2段196巷口,0,0,2,2,B01,7,6,5,30,3,2,1,5,4,5,13,4,4,1,4,5,2,17,1,55,3,10,7,1,7,9,1,4,1,5,,44,,1,21,121.4957772,25.0291826
113,12,19,9,37,2,02萬華區,萬華區西園路2段與西園路2段196巷口,0,0,2,3,B11,7,6,5,30,3,2,1,5,4,5,13,4,4,1,4,5,2,17,1,47,4,11,3,4,7,13,7,19,9,17,,44,,1,21,121.4957772,25.0291826
113,12,19,9,54,2,04大安區,大安區永康街與潮州街口,0,0,2,1,C03,6,7,5,30,4,2,1,4,4,5,13,4,4,9,5,5,1,15,2,28,2,8,5,1,7,15,1,10,1,11,,72,,1,26,121.5296126,25.0283852
113,12,19,9,54,2,04大安區,大安區永康街與潮州街口,0,0,2,2,C03,6,7,5,30,4,2,1,4,4,5,13,4,4,9,5,5,1,15,1,39,2,8,5,1,7,15,1,10,1,12,,13,,1,26,121.5296126,25.0283852
113,12,19,9,55,2,04大安區,大安區新生南路1段97巷與忠孝東路3段44巷口,0,0,2,1,C03,7,7,5,30,4,1,1,5,4,5,13,4,4,10,5,5,2,15,1,34,2,8,6,1,7,9,1,10,1,12,,72,,1,21,121.5346181,25.0411537
113,12,19,9,55,2,04大安區,大安區新生南路1段97巷與忠孝東路3段44巷口,0,0,2,2,C03,7,7,5,30,4,1,1,5,4,5,13,4,4,10,5,5,2,15,1,28,2,8,6,1,7,9,1,10,1,11,,44,,1,21,121.5346181,25.0411537
113,12,19,10,1,2,08士林區,士林區通河東街1段與和豐街口,0,0,1,1,C03,7,7,5,30,3,1,1,5,4,5,13,4,4,1,5,5,1,17,2,26,3,10,5,1,7,1,1,10,1,11,,19,,1,21,121.517061,25.0823568
113,12,19,10,1,2,08士林區,士林區通河東街1段與和豐街口,0,0,1,2,C03,7,7,5,30,3,1,1,5,4,5,13,4,4,1,5,5,1,17,2,72,2,9,5,1,7,9,1,10,1,13,,13,,1,21,121.517061,25.0823568
113,12,19,10,1,2,08士林區,士林區通河東街1段與和豐街口,0,0,1,3,,7,7,5,30,3,1,1,5,4,5,13,4,4,1,5,5,1,17,3,0,,,,,,,,,,,,67,,1,,121.517061,25.0823568
113,12,19,10,1,2,08士林區,士林區通河東街1段與和豐街口,0,0,1,4,,7,7,5,30,3,1,1,5,4,5,13,4,4,1,5,5,1,17,3,0,,,,,,,,,,,,67,,1,,121.517061,25.0823568
113,12,19,10,26,2,10文山區,文山區興隆路2段與興隆路2段96巷口,0,0,1,1,B02,6,6,5,50,4,1,1,4,4,5,13,2,1,1,4,5,2,17,1,68,3,10,7,1,7,5,1,8,1,17,,71,,1,21,121.5498539,25.0007485
113,12,19,10,26,2,10文山區,文山區興隆路2段與興隆路2段96巷口,0,0,1,2,C03,6,6,5,50,4,1,1,4,4,5,13,2,1,1,4,5,2,17,1,26,2,8,6,1,7,9,3,18,1,14,,14,,1,21,121.5498539,25.0007485
113,12,19,10,28,2,07信義區,信義區信安街103巷8-6號,0,0,1,1,C03,7,5,6,30,14,9,1,4,4,5,13,4,4,5,5,5,2,17,1,37,2,9,5,1,7,9,1,10,1,11,,107,,1,21,121.5583802,25.0251733
113,12,19,10,28,2,07信義區,信義區信安街103巷8-6號,0,0,1,2,B03,7,5,6,30,14,9,1,4,4,5,13,4,4,5,5,5,2,17,1,53,3,10,7,1,7,9,1,8,1,8,,44,,1,21,121.5583802,25.0251733
113,12,19,10,33,2,10文山區,文山區興隆路4段66巷與忠順街1段141巷口,0,0,2,1,C03,6,5,5,30,4,1,1,4,4,5,13,4,4,10,5,5,2,15,2,32,2,9,6,1,7,9,1,10,2,11,,72,,1,21,121.5607329,24.9847469
113,12,19,10,33,2,10文山區,文山區興隆路4段66巷與忠順街1段141巷口,0,0,2,2,C03,6,5,5,30,4,1,1,4,4,5,13,4,4,10,5,5,2,15,2,55,2,8,6,1,7,9,1,10,2,13,,14,,1,21,121.5607329,24.9847469
113,12,19,10,35,2,09北投區,北投區中和街406號,0,0,2,1,C03,7,5,5,50,14,9,1,4,4,5,13,4,4,5,4,5,2,16,2,77,2,9,5,1,7,11,1,10,1,11,,10,,1,21,121.4981642,25.14348773