發生年度,發生月,發生日,發生時-Hours,發生分,處理別-編號,區序,肇事地點,死亡人數,2-30日死亡人數,受傷人數,當事人序號,車種,天候,道路照明設備,道路類別,速限-速度限制,道路型態,事故位置,路面狀況1,路面狀況2,路面狀況3,道路障礙1,道路障礙2,號誌1,號誌2,車道劃分-分向,車道劃分-分道1,車道劃分-分道2,車道劃分-分道3,事故類型及型態,性別,年齡,受傷程度,主要傷處,保護裝置,行動電話,車輛用途,當事者行動狀態,駕駛資格情形,駕駛執照種類,飲酒情形,車輛撞擊部位1,車輛撞擊部位2,肇因碼-個別,肇因碼-主要,個人肇逃否,職業,座標-X,座標-Y
113,12,19,10,35,2,09北投區,北投區中和街406號,0,0,2,2,C03,7,5,5,50,14,9,1,4,4,5,13,4,4,5,4,5,2,16,2,29,2,8,5,1,7,9,1,10,1,11,,44,,1,21,121.4981642,25.14348773
113,12,19,10,40,2,04大安區,大安區信義路4段與通化街口,0,0,1,1,B03,6,6,8,50,4,1,1,4,4,5,13,2,1,1,3,5,2,16,1,56,3,10,7,1,7,6,1,8,1,6,,9,,1,21,121.5541927,25.0330527
113,12,19,10,40,2,04大安區,大安區信義路4段與通化街口,0,0,1,2,C03,6,6,8,50,4,1,1,4,4,5,13,2,1,1,3,5,2,16,2,27,2,9,6,1,7,9,1,10,1,14,,44,,1,21,121.5541927,25.0330527
113,12,19,10,46,2,05中正區,中正區中華路1段與愛國西路口,0,0,1,1,B03,8,6,5,50,5,1,1,4,4,5,13,2,1,10,5,5,2,3,1,59,3,10,7,1,7,5,1,8,2,1,,70,,1,26,121.5070221,25.0375827
113,12,19,10,46,2,05中正區,中正區中華路1段與愛國西路口,0,0,1,2,H01,8,6,5,50,5,1,1,4,4,5,13,2,1,10,5,5,2,3,1,44,2,9,4,5,8,18,8,20,10,16,,122,,1,26,121.5070221,25.0375827
113,12,19,11,2,2,03中山區,中山區大直橋與北安路口,0,0,1,1,C03,8,7,5,50,4,1,1,5,4,5,13,2,1,5,2,5,2,17,1,19,3,10,5,1,7,9,1,10,1,12,,118,,1,21,121.5445429,25.0795317
113,12,19,11,2,2,03中山區,中山區大直橋與北安路口,0,0,1,2,C03,8,7,5,50,4,1,1,5,4,5,13,2,1,5,2,5,2,17,1,28,2,9,5,1,7,9,1,10,1,14,,118,,1,21,121.5445429,25.0795317
113,12,19,11,2,2,03中山區,中山區大直橋與北安路口,0,0,1,3,C03,8,7,5,50,4,1,1,5,4,5,13,2,1,5,2,5,2,17,2,48,3,10,5,1,7,9,1,10,1,17,,118,,1,21,121.5445429,25.0795317
113,12,19,11,9,2,05中正區,中正區漢口街1段57號,0,0,1,1,H01,6,6,5,50,14,9,1,4,4,5,13,1,1,10,4,5,2,3,2,65,2,7,4,5,8,18,8,20,2,16,,121,,2,21,121.5123808,25.0451864
113,12,19,11,9,2,05中正區,中正區漢口街1段57號,0,0,1,2,C03,6,6,5,50,14,9,1,4,4,5,13,1,1,10,4,5,2,3,1,70,3,10,6,1,7,9,1,10,2,11,,44,,1,21,121.5123808,25.0451864
113,12,19,11,17,2,05中正區,中正區臨沂街27巷與臨沂街口,0,0,1,1,C03,6,6,5,30,4,1,1,4,4,5,13,4,4,5,5,5,2,17,2,26,2,9,5,1,7,6,1,10,1,12,,42,,1,22,121.5302808,25.0411516
113,12,19,11,17,2,05中正區,中正區臨沂街27巷與臨沂街口,0,0,1,2,B03,6,6,5,30,4,1,1,4,4,5,13,4,4,5,5,5,2,17,1,34,3,10,7,1,7,9,1,8,9,17,,44,,1,22,121.5302808,25.0411516
113,12,19,11,40,2,07信義區,信義區崇德街62號,0,0,1,1,C03,6,6,5,50,14,9,1,4,4,5,13,4,4,9,5,5,2,13,1,20,2,9,5,1,7,9,1,10,2,11,12,108,,1,21,121.5545085,25.0242437
113,12,19,11,40,2,07信義區,信義區崇德街62號,0,0,1,2,B03,6,6,5,50,14,9,1,4,4,5,13,4,4,9,5,5,2,13,1,26,3,10,3,4,7,14,1,8,2,3,,44,,1,21,121.5545085,25.0242437
113,12,19,11,45,2,08士林區,士林區承德路4段藝術中心旁,0,0,1,1,C03,7,6,5,40,14,8,1,5,4,5,13,4,4,1,5,4,2,17,1,21,3,10,6,1,7,1,1,10,1,13,,19,,1,21,121.5235476,25.08482613
113,12,19,11,45,2,08士林區,士林區承德路4段藝術中心旁,0,0,1,2,C03,7,6,5,40,14,8,1,5,4,5,13,4,4,1,5,4,2,17,1,32,2,8,6,1,7,9,1,10,1,11,,13,,1,21,121.5235476,25.08482613
113,12,19,11,45,2,12內湖區,內湖區民權東路6段180巷與民權東路6段口,0,0,1,1,B03,6,6,5,50,4,1,1,4,4,5,13,1,1,1,5,5,2,16,1,43,3,10,7,1,7,5,1,8,2,8,,71,,1,21,121.5928053,25.0688364
113,12,19,11,45,2,12內湖區,內湖區民權東路6段180巷與民權東路6段口,0,0,1,2,C03,6,6,5,50,4,1,1,4,4,5,13,1,1,1,5,5,2,16,1,65,2,9,6,1,7,9,1,10,2,14,,44,,1,21,121.5928053,25.0688364
113,12,19,12,27,2,10文山區,文山區萬安街16巷與萬和街口,0,0,1,1,B03,6,5,5,30,3,1,1,4,4,5,13,3,1,10,5,5,2,17,2,47,3,10,7,1,7,5,1,8,1,17,,84,,1,21,121.5687637,25.0003364
113,12,19,12,27,2,10文山區,文山區萬安街16巷與萬和街口,0,0,1,2,C03,6,5,5,30,3,1,1,4,4,5,13,3,1,10,5,5,2,17,1,65,2,6,6,1,7,9,1,10,1,12,,13,,1,21,121.5687637,25.0003364
113,12,19,12,30,2,07信義區,信義區信安街與信安街115巷口口,0,0,1,1,C03,7,7,5,30,3,1,1,4,4,5,13,4,4,10,5,5,2,16,1,45,3,10,6,1,7,6,1,10,1,14,,72,,1,21,121.5561786,25.0248755
113,12,19,12,30,2,07信義區,信義區信安街與信安街115巷口口,0,0,1,2,C03,7,7,5,30,3,1,1,4,4,5,13,4,4,10,5,5,2,16,1,37,2,7,6,1,7,9,1,10,1,17,,44,,1,21,121.5561786,25.0248755
113,12,19,12,44,2,09北投區,北投區致遠二路與石牌路1段口,0,0,1,1,B03,6,6,5,50,14,9,1,4,4,5,13,1,1,9,4,5,2,17,1,26,3,10,7,1,7,5,1,8,1,17,,8,,1,21,121.5122214,25.1140041
113,12,19,12,44,2,09北投區,北投區致遠二路與石牌路1段口,0,0,1,2,C03,6,6,5,50,14,9,1,4,4,5,13,1,1,9,4,5,2,17,2,43,2,8,5,1,7,9,1,10,1,12,,44,,1,21,121.5122214,25.1140041
113,12,19,12,50,2,07信義區,信義區基隆路1段102巷與基隆路1段口,0,0,1,1,B03,8,6,5,50,3,2,1,4,4,5,13,4,4,1,3,4,2,17,2,70,3,10,7,1,7,6,1,8,1,17,,44,,1,21,121.5668506,25.0454215
113,12,19,12,50,2,07信義區,信義區基隆路1段102巷與基隆路1段口,0,0,1,2,C03,8,6,5,50,3,2,1,4,4,5,13,4,4,1,3,4,2,17,1,28,2,8,6,1,7,9,1,10,1,12,,44,,1,21,121.5668506,25.0454215
113,12,19,12,52,2,09北投區,北投區石牌路2段97巷與石牌路2段口,0,0,2,1,A02,7,7,5,50,14,9,1,5,4,5,13,4,4,5,4,5,2,9,1,54,3,10,7,1,7,9,1,2,1,17,,108,,1,21,121.5168148,25.1177309
113,12,19,12,52,2,09北投區,北投區石牌路2段97巷與石牌路2段口,0,0,2,2,H02,7,7,5,50,14,9,1,5,4,5,13,4,4,5,4,5,2,9,2,55,2,1,4,5,7,17,8,20,10,17,,67,,1,21,121.5168148,25.1177309
113,12,19,12,52,2,09北投區,北投區石牌路2段97巷與石牌路2段口,0,0,2,3,H02,7,7,5,50,14,9,1,5,4,5,13,4,4,5,4,5,2,9,1,54,2,7,4,5,7,17,8,20,10,17,,67,,1,21,121.5168148,25.1177309
113,12,19,13,5,2,08士林區,士林區延平北路5段與葫東街口口,0,0,1,2,C03,6,6,5,50,3,1,1,4,4,5,13,2,1,3,4,5,2,17,1,36,2,9,6,1,7,15,1,10,2,14,,44,,1,23,121.5100635,25.08338086
113,12,19,13,5,2,08士林區,士林區延平北路5段與葫東街口口,0,0,1,1,C03,6,6,5,50,3,1,1,4,4,5,13,2,1,3,4,5,2,17,4,0,4,11,3,4,7,21,7,19,11,15,,119,,2,22,121.5100635,25.08338086
113,12,19,13,30,2,03中山區,中山區伊通街21號對面,0,0,1,1,B02,6,6,5,50,14,9,1,4,4,5,13,4,4,9,5,5,2,12,1,52,3,10,3,4,7,14,1,8,1,2,,40,,1,22,121.5347098,25.0490371
113,12,19,13,30,2,03中山區,中山區伊通街21號對面,0,0,1,2,C03,6,6,5,50,14,9,1,4,4,5,13,4,4,9,5,5,2,12,2,71,2,8,5,4,7,9,1,10,1,14,,44,,1,22,121.5347098,25.0490371
113,12,19,13,30,2,03中山區,中山區伊通街21號對面,0,0,1,3,H02,6,6,5,50,14,9,1,4,4,5,13,4,4,9,5,5,2,12,2,18,3,10,3,5,7,19,8,20,10,16,,56,,1,22,121.5347098,25.0490371
113,12,19,13,30,2,03中山區,中山區伊通街21號對面,0,0,1,4,B03,6,6,5,50,14,9,1,4,4,5,13,4,4,9,5,5,2,12,1,61,3,10,3,4,7,14,1,8,9,4,,44,,1,21,121.5347098,25.0490371
113,12,19,14,13,2,07信義區,信義區永吉路與永吉路180巷口,0,0,1,1,B12,6,6,5,50,3,2,1,4,4,5,13,4,4,10,3,5,2,12,1,62,3,10,3,4,7,9,6,8,1,7,,44,,1,21,121.5715091,25.0455715
113,12,19,14,13,2,07信義區,信義區永吉路與永吉路180巷口,0,0,1,2,C01,6,6,5,50,3,2,1,4,4,5,13,4,4,10,3,5,2,12,1,25,2,9,5,1,7,9,1,9,1,11,14,16,,1,21,121.5715091,25.0455715
113,12,19,14,19,2,04大安區,大安區復興南路2段與復興南路2段151巷口,0,0,1,1,B02,6,7,5,50,4,2,1,4,4,5,13,1,1,2,3,1,2,17,4,0,,,,,,,,,11,,,,,,,121.5435708,25.028444
113,12,19,14,19,2,04大安區,大安區復興南路2段與復興南路2段151巷口,0,0,1,2,C03,6,7,5,50,4,2,1,4,4,5,13,1,1,2,3,1,2,17,1,27,2,9,5,1,7,9,1,10,1,17,,44,,1,21,121.5435708,25.028444
113,12,19,14,30,2,12內湖區,內湖區民善街205號,0,0,1,1,B03,6,6,5,50,14,9,1,4,4,5,13,4,4,10,5,5,2,16,1,26,3,10,7,1,7,6,1,8,2,5,,9,,1,21,121.574766,25.0641021
113,12,19,14,30,2,12內湖區,內湖區民善街205號,0,0,1,2,C03,6,6,5,50,14,9,1,4,4,5,13,4,4,10,5,5,2,16,2,43,2,8,6,1,7,9,1,10,2,14,,44,,1,21,121.574766,25.0641021
113,12,19,14,30,2,12內湖區,內湖區民善街205號,0,0,1,3,B03,6,6,5,50,14,9,1,4,4,5,13,4,4,10,5,5,2,16,1,67,3,10,7,1,7,14,1,8,2,1,,44,,1,21,121.574766,25.0641021
113,12,19,14,43,2,03中山區,中山區中山北路3段往南(花博公園旁),0,0,2,3,H02,6,5,5,50,14,9,1,4,4,5,13,4,4,5,4,5,2,12,2,53,2,8,3,5,7,20,8,20,10,16,,67,,1,21,121.5231537,25.06985072
113,12,19,14,43,2,03中山區,中山區中山北路3段往南(花博公園旁),0,0,2,2,C03,6,5,5,50,14,9,1,4,4,5,13,4,4,5,4,5,2,12,1,64,3,10,3,4,7,9,1,10,1,12,,17,,1,21,121.5231537,25.06985072
113,12,19,14,43,2,03中山區,中山區中山北路3段往南(花博公園旁),0,0,2,1,C03,6,5,5,50,14,9,1,4,4,5,13,4,4,5,4,5,2,12,2,52,2,7,3,4,7,9,1,10,1,14,,17,,1,21,121.5231537,25.06985072
113,12,19,15,38,2,09北投區,北投區石牌路2段與振興街口,0,0,2,1,C03,6,7,5,50,4,1,1,4,4,5,13,2,1,10,5,5,2,12,2,48,2,8,5,1,7,8,1,10,1,12,,101,,1,21,121.5212549,25.1189249
113,12,19,15,38,2,09北投區,北投區石牌路2段與振興街口,0,0,2,2,C03,6,7,5,50,4,1,1,4,4,5,13,2,1,10,5,5,2,12,1,19,2,7,5,1,7,9,1,10,1,14,,108,,1,21,121.5212549,25.1189249
113,12,19,16,14,2,02萬華區,萬華區艋舺大道與萬大路口,0,0,1,1,B02,6,5,8,50,22,22,1,4,4,5,13,1,1,10,5,5,2,17,1,112,4,11,3,4,7,4,7,19,11,2,,42,,2,22,121.5009037,25.0329361
113,12,19,16,14,2,02萬華區,萬華區艋舺大道與萬大路口,0,0,1,2,C03,6,5,8,50,22,22,1,4,4,5,13,1,1,10,5,5,2,17,1,29,2,7,3,4,7,9,1,10,1,14,,44,,1,21,121.5009037,25.0329361
113,12,19,16,25,2,07信義區,信義區福德街151巷與福德街137巷口,0,0,1,1,C03,6,7,5,30,3,1,1,4,4,5,13,4,4,10,5,5,2,17,1,46,3,10,5,1,7,9,1,10,1,12,,75,,1,21,121.5837574,25.0371042
113,12,19,16,25,2,07信義區,信義區福德街151巷與福德街137巷口,0,0,1,2,C03,6,7,5,30,3,1,1,4,4,5,13,4,4,10,5,5,2,17,2,46,2,9,5,1,7,9,1,10,1,11,,14,,1,21,121.5837574,25.0371042
113,12,19,16,37,2,04大安區,大安區敦化南路2段112號旁,0,0,1,1,B03,6,7,5,50,14,9,1,4,4,5,13,2,1,8,3,5,1,12,1,26,3,10,7,1,7,9,1,8,1,5,,104,,1,26,121.5485173,25.0302887
113,12,19,16,37,2,04大安區,大安區敦化南路2段112號旁,0,0,1,2,B01,6,7,5,50,14,9,1,4,4,5,13,2,1,8,3,5,1,12,1,61,2,1,7,1,7,14,1,4,1,7,,44,,1,26,121.5485173,25.0302887
113,12,19,17,26,2,05中正區,中正區重慶南路2段6巷與博愛路口,0,0,1,2,H01,7,5,5,30,4,1,1,4,4,5,13,4,4,10,5,5,1,3,2,41,2,9,4,5,8,16,8,20,1,16,,67,,1,21,121.5120196,25.0339897
113,12,19,17,26,2,05中正區,中正區重慶南路2段6巷與博愛路口,0,0,1,1,B03,7,5,5,30,4,1,1,4,4,5,13,4,4,10,5,5,1,3,1,55,3,10,7,1,7,9,1,8,2,1,,70,,1,21,121.5120196,25.0339897
113,12,19,17,28,2,11南港區,南港區富康街與研究院路1段口,0,0,1,1,C03,6,5,5,50,4,1,1,4,4,5,13,2,1,5,5,5,2,17,1,63,2,8,5,1,7,6,1,10,1,14,,9,,1,22,121.6165925,25.0544851
113,12,19,17,28,2,11南港區,南港區富康街與研究院路1段口,0,0,1,2,B03,6,5,5,50,4,1,1,4,4,5,13,2,1,5,5,5,2,17,2,39,3,10,3,4,7,5,1,8,1,1,,44,,1,22,121.6165925,25.0544851
113,12,19,17,40,2,07信義區,信義區林口街58號,0,0,2,2,H01,6,5,5,50,14,7,1,4,4,5,13,4,4,9,5,4,2,2,1,73,2,9,4,5,8,16,8,20,10,16,,60,,1,21,121.5793613,25.0384789
113,12,19,17,40,2,07信義區,信義區林口街58號,0,0,2,1,C03,6,5,5,50,14,7,1,4,4,5,13,4,4,9,5,4,2,2,1,32,2,9,6,4,7,9,1,10,2,11,,108,,1,21,121.5793613,25.0384789
113,12,19,17,47,2,08士林區,士林區福林路100巷11弄與福林路100巷77弄口,0,0,2,1,C03,6,5,5,30,3,1,1,4,4,5,13,4,4,5,5,5,2,3,2,51,2,9,3,4,7,9,1,10,1,11,,70,,1,21,121.5324265,25.0958932
113,12,19,17,47,2,08士林區,士林區福林路100巷11弄與福林路100巷77弄口,0,0,2,2,H01,6,5,5,30,3,1,1,4,4,5,13,4,4,5,5,5,2,3,1,31,2,9,4,5,8,16,8,20,10,16,,67,,1,21,121.5324265,25.0958932
113,12,19,17,51,2,09北投區,北投區致遠一路1段46巷與西安街1段口,0,0,1,1,C03,6,5,5,50,14,9,1,4,4,5,13,2,1,5,5,5,2,18,2,21,2,9,5,1,7,9,1,10,1,14,,116,,1,21,121.5181834,25.1105604
113,12,19,17,51,2,09北投區,北投區致遠一路1段46巷與西安街1段口,0,0,1,2,,6,5,5,50,14,9,1,4,4,5,13,2,1,5,5,5,2,18,3,0,,,,,,,,,,,,67,,1,,121.5181834,25.1105604
113,12,19,18,0,2,04大安區,大安區基隆路2段與敦南街口,0,0,1,1,C01,6,5,5,30,3,1,1,4,4,5,13,4,4,8,3,5,2,29,3,0,,,,,,,,,,,,67,,1,,121.5478928,25.0203645
113,12,19,18,0,2,04大安區,大安區基隆路2段與敦南街口,0,0,1,2,C03,6,5,5,30,3,1,1,4,4,5,13,4,4,8,3,5,2,29,2,53,2,9,3,4,7,9,1,10,1,14,,44,,1,21,121.5478928,25.0203645
113,12,19,18,4,2,07信義區,信義區忠孝東路5段236巷與忠孝東路5段236巷3弄口,0,0,1,1,B03,6,5,5,50,4,18,1,4,4,5,13,4,4,4,3,5,2,3,1,42,3,10,3,4,7,5,1,8,1,1,,70,,1,21,121.5720176,25.0404235
113,12,19,18,4,2,07信義區,信義區忠孝東路5段236巷與忠孝東路5段236巷3弄口,0,0,1,2,H01,6,5,5,50,4,18,1,4,4,5,13,4,4,4,3,5,2,3,1,23,2,7,4,5,8,16,8,20,10,16,,67,,1,21,121.5720176,25.0404235
113,12,19,18,15,2,09北投區,北投區承德路7段與石牌路1段口,0,0,6,1,C03,8,5,5,60,14,11,1,4,4,5,13,2,1,1,4,5,2,12,1,19,2,7,5,1,7,9,1,10,2,11,,108,,1,21,121.5096367,25.11238324
113,12,19,18,15,2,09北投區,北投區承德路7段與石牌路1段口,0,0,6,2,C03,8,5,5,60,14,11,1,4,4,5,13,2,1,1,4,5,2,12,2,18,2,7,5,1,7,14,1,10,2,12,,44,,1,21,121.5096367,25.11238324
113,12,19,18,15,2,09北投區,北投區承德路7段與石牌路1段口,0,0,6,3,C03,8,5,5,60,14,11,1,4,4,5,13,2,1,1,4,5,2,12,2,42,2,8,5,1,7,14,1,10,2,12,,44,,1,21,121.5096367,25.11238324
113,12,19,18,15,2,09北投區,北投區承德路7段與石牌路1段口,0,0,6,4,C03,8,5,5,60,14,11,1,4,4,5,13,2,1,1,4,5,2,12,1,34,2,8,5,1,7,14,1,10,2,12,,44,,1,21,121.5096367,25.11238324
113,12,19,18,15,2,09北投區,北投區承德路7段與石牌路1段口,0,0,6,5,C03,8,5,5,60,14,11,1,4,4,5,13,2,1,1,4,5,2,12,2,27,2,8,5,1,7,14,1,10,2,12,,44,,1,21,121.5096367,25.11238324
113,12,19,18,15,2,09北投區,北投區承德路7段與石牌路1段口,0,0,6,6,H02,8,5,5,60,14,11,1,4,4,5,13,2,1,1,4,5,2,12,2,62,2,8,5,5,7,20,8,20,10,16,,67,,1,21,121.5096367,25.11238324
113,12,19,18,23,2,06松山區,松山區南京東路4段與敦化北路口,0,0,1,1,B03,6,5,5,40,4,1,1,4,4,5,13,2,1,1,4,5,2,12,1,36,3,10,7,1,7,15,1,4,1,2,,9,,1,25,121.549009,25.051884
113,12,19,18,23,2,06松山區,松山區南京東路4段與敦化北路口,0,0,1,2,C03,6,5,5,40,4,1,1,4,4,5,13,2,1,1,4,5,2,12,1,39,2,9,5,1,7,9,1,8,1,14,,108,,1,25,121.549009,25.051884
113,12,19,18,40,2,04大安區,"大安區辛亥路3段(東往西,臥龍公園旁)",0,0,1,1,C03,6,5,5,50,14,9,1,4,4,5,13,4,4,1,4,5,2,13,1,20,2,9,5,1,7,9,1,10,1,11,,108,,1,21,121.550038,25.0164112
113,12,19,18,40,2,04大安區,"大安區辛亥路3段(東往西,臥龍公園旁)",0,0,1,2,B03,6,5,5,50,14,9,1,4,4,5,13,4,4,1,4,5,2,13,1,24,3,10,7,1,7,14,1,8,1,3,,44,,1,21,121.550038,25.0164112
113,12,19,18,40,2,09北投區,北投區中央北路4段與中央北路4段18巷口,0,0,1,1,C03,6,5,5,50,3,4,1,4,4,5,13,2,1,5,4,5,2,13,2,42,2,9,5,1,7,9,1,10,1,11,,42,,1,21,121.4784897,25.1352251
113,12,19,18,40,2,09北投區,北投區中央北路4段與中央北路4段18巷口,0,0,1,2,B02,6,5,5,50,3,4,1,4,4,5,13,2,1,5,4,5,2,13,1,78,3,10,7,1,7,14,1,8,1,6,,44,,1,21,121.4784897,25.1352251
113,12,19,18,45,2,08士林區,士林區至善路1段至善公園旁,0,0,1,1,C03,6,5,5,40,14,8,1,4,4,5,13,4,4,1,4,4,2,13,1,34,2,9,6,1,7,9,1,10,1,11,,16,,1,22,121.5389827,25.0977747
113,12,19,18,45,2,08士林區,士林區至善路1段至善公園旁,0,0,1,2,B03,6,5,5,40,14,8,1,4,4,5,13,4,4,1,4,4,2,13,1,55,3,10,7,1,7,9,1,8,1,3,,44,,1,22,121.5389827,25.0977747
113,12,19,19,8,2,05中正區,中正區貴陽街1段與重慶南路1段口,0,0,1,1,B03,6,5,5,50,4,2,1,4,4,5,13,1,1,10,5,5,2,2,1,70,3,10,2,1,7,5,6,8,2,1,,44,,1,22,121.5128939,25.0388759
113,12,19,19,8,2,05中正區,中正區貴陽街1段與重慶南路1段口,0,0,1,2,H01,6,5,5,50,4,2,1,4,4,5,13,1,1,10,5,5,2,2,2,39,2,9,4,5,8,16,8,20,10,16,,67,,1,22,121.5128939,25.0388759
113,12,19,19,8,2,06松山區,松山區南京東路5段59巷28弄32號,0,0,1,1,F01,6,5,8,30,22,22,1,4,4,5,13,4,4,10,5,5,2,29,1,73,2,1,4,1,7,15,8,20,7,14,,21,,1,21,121.5580134,25.0525292
113,12,19,19,8,2,06松山區,松山區南京東路5段59巷28弄32號,0,0,1,2,,6,5,8,30,22,22,1,4,4,5,13,4,4,10,5,5,2,29,3,0,,,,,,,,,,,,67,,1,,121.5580134,25.0525292
113,12,19,19,9,2,01大同區,大同區華陰街57號,0,0,1,2,C03,6,5,5,30,14,9,1,4,4,5,13,4,4,10,5,5,2,17,1,31,2,9,6,1,7,9,1,9,2,14,,13,,1,21,121.5186248,25.0494699
113,12,19,19,9,2,01大同區,大同區華陰街57號,0,0,1,1,B01,6,5,5,30,14,9,1,4,4,5,13,4,4,10,5,5,2,17,1,64,3,10,7,1,7,1,1,4,2,17,,19,,1,21,121.5186248,25.0494699
113,12,19,19,11,2,07信義區,信義區永吉路與松山路口,0,0,1,1,C03,6,5,5,50,4,1,1,4,4,5,13,2,1,1,4,5,1,13,1,32,2,8,3,4,7,9,1,10,1,11,,16,,1,22,121.5775118,25.0453682
113,12,19,19,11,2,07信義區,信義區永吉路與松山路口,0,0,1,2,C03,6,5,5,50,4,1,1,4,4,5,13,2,1,1,4,5,1,13,2,30,3,10,3,4,7,9,1,10,1,13,,44,,1,22,121.5775118,25.0453682
113,12,19,19,13,2,04大安區,大安區安居街與安居街60巷口,0,0,2,1,C03,6,5,5,50,3,1,1,4,4,5,13,4,4,8,3,5,2,9,1,23,2,9,6,1,7,9,1,10,1,11,,108,,1,21,121.5538249,25.0200092
113,12,19,19,13,2,04大安區,大安區安居街與安居街60巷口,0,0,2,2,H01,6,5,5,50,3,1,1,4,4,5,13,4,4,8,3,5,2,9,1,27,2,9,4,5,8,16,8,20,10,16,,121,,1,21,121.5538249,25.0200092
113,12,19,19,30,2,12內湖區,內湖區民權東路6段與民權東路6段136巷口,0,0,1,1,B03,6,5,5,40,4,2,1,4,4,5,13,2,1,1,4,5,2,17,1,39,3,10,7,1,7,6,1,8,1,2,,80,,1,21,121.5880218,25.0690531
113,12,19,19,30,2,12內湖區,內湖區民權東路6段與民權東路6段136巷口,0,0,1,2,C03,6,5,5,40,4,2,1,4,4,5,13,2,1,1,4,5,2,17,2,40,2,8,5,1,7,9,1,10,1,14,,44,,1,21,121.5880218,25.0690531
113,12,19,19,30,2,12內湖區,內湖區民權東路6段81巷與民權東路6段81巷11弄口口,0,0,1,1,C03,6,6,5,30,3,1,1,4,4,5,13,4,4,10,5,5,2,17,2,46,2,9,5,1,7,12,1,10,1,12,,116,,1,21,121.5878818,25.0696103
113,12,19,19,30,2,12內湖區,內湖區民權東路6段81巷與民權東路6段81巷11弄口口,0,0,1,2,B03,6,6,5,30,3,1,1,4,4,5,13,4,4,10,5,5,2,17,2,29,3,10,7,1,7,2,1,8,1,17,,12,,1,21,121.5878818,25.0696103
113,12,19,19,35,2,09北投區,北投區明德路與懷德街口,0,0,1,1,B03,6,5,5,50,4,18,1,4,4,5,13,2,1,5,5,5,2,9,1,29,3,10,7,1,7,5,1,6,9,5,,70,,1,21,121.5202359,25.1101312
113,12,19,19,35,2,09北投區,北投區明德路與懷德街口,0,0,1,2,H01,6,5,5,50,4,18,1,4,4,5,13,2,1,5,5,5,2,9,2,34,2,9,4,5,8,16,8,20,10,16,,67,,1,21,121.5202359,25.1101312
113,12,19,19,57,2,05中正區,中正區中華路1段1號,0,0,1,1,B03,6,6,5,50,14,9,1,4,4,5,13,4,4,1,4,5,2,17,2,26,3,10,2,1,7,7,1,8,1,17,,100,,1,22,121.5100897,25.0475473
113,12,19,19,57,2,05中正區,中正區中華路1段1號,0,0,1,2,C03,6,6,5,50,14,9,1,4,4,5,13,4,4,1,4,5,2,17,1,25,2,7,5,1,7,9,1,10,1,17,,44,,1,22,121.5100897,25.0475473
113,12,19,19,57,2,12內湖區,內湖區環山路2段26巷與環山路2段口（環山平面停車場出入口）,0,0,1,1,B03,6,5,5,50,14,9,1,4,4,5,13,4,4,5,4,5,2,16,1,62,3,10,7,1,7,11,1,8,1,8,,103,,1,21,121.5721504,25.086005
113,12,19,19,57,2,12內湖區,內湖區環山路2段26巷與環山路2段口（環山平面停車場出入口）,0,0,1,2,C03,6,5,5,50,14,9,1,4,4,5,13,4,4,5,4,5,2,16,2,46,2,9,6,1,7,9,1,10,1,12,,44,,1,21,121.5721504,25.086005
113,12,19,20,22,2,04大安區,大安區信義路3段與仁愛路3段24巷口,0,0,1,1,C03,6,5,5,50,3,1,1,4,4,5,13,1,1,10,5,5,2,17,1,37,2,9,5,1,7,9,1,10,1,14,,44,,1,21,121.5359016,25.0336638
113,12,19,20,22,2,04大安區,大安區信義路3段與仁愛路3段24巷口,0,0,1,2,F01,6,5,5,50,3,1,1,4,4,5,13,1,1,10,5,5,2,17,1,16,3,10,4,1,7,5,8,20,1,17,,8,,1,21,121.5359016,25.0336638
113,12,19,20,33,2,04大安區,大安區基隆路3段與基隆路3段156巷口,0,0,2,1,C03,6,5,5,50,4,1,1,4,4,5,13,1,1,1,3,4,2,17,2,26,2,9,6,1,7,9,1,10,1,15,,116,,1,21,121.542615,25.0159702
113,12,19,20,33,2,04大安區,大安區基隆路3段與基隆路3段156巷口,0,0,2,2,C03,6,5,5,50,4,1,1,4,4,5,13,1,1,1,3,4,2,17,1,31,2,9,6,1,7,9,1,10,1,14,,44,,1,21,121.542615,25.0159702
113,12,19,20,59,2,04大安區,大安區信義路3段與新生南路2段口,0,0,1,1,B01,7,5,5,40,14,9,1,5,4,5,13,1,1,10,5,5,2,17,1,66,3,10,3,4,7,7,1,4,1,17,,44,,1,21,121.5328709,25.0334087
113,12,19,20,59,2,04大安區,大安區信義路3段與新生南路2段口,0,0,1,2,C03,7,5,5,40,14,9,1,5,4,5,13,1,1,10,5,5,2,17,1,46,2,9,3,4,7,12,1,10,1,17,,44,,1,21,121.5328709,25.0334087
113,12,19,21,35,2,08士林區,士林區延平北路7段106巷與延平北路7段106巷94弄口,0,0,1,1,B03,6,5,5,30,3,1,1,4,4,5,13,4,4,10,5,5,2,16,1,62,3,10,7,1,7,6,1,8,1,4,,74,,1,21,121.496249,25.0991153