發生年度,發生月,發生日,發生時-Hours,發生分,處理別-編號,區序,肇事地點,死亡人數,2-30日死亡人數,受傷人數,當事人序號,車種,天候,道路照明設備,道路類別,速限-速度限制,道路型態,事故位置,路面狀況1,路面狀況2,路面狀況3,道路障礙1,道路障礙2,號誌1,號誌2,車道劃分-分向,車道劃分-分道1,車道劃分-分道2,車道劃分-分道3,事故類型及型態,性別,年齡,受傷程度,主要傷處,保護裝置,行動電話,車輛用途,當事者行動狀態,駕駛資格情形,駕駛執照種類,飲酒情形,車輛撞擊部位1,車輛撞擊部位2,肇因碼-個別,肇因碼-主要,個人肇逃否,職業,座標-X,座標-Y
113,12,19,21,35,2,08士林區,士林區延平北路7段106巷與延平北路7段106巷94弄口,0,0,1,2,C03,6,5,5,30,3,1,1,4,4,5,13,4,4,10,5,5,2,16,1,31,2,8,6,1,7,9,1,10,1,11,,14,,1,25,121.496249,25.0991153
113,12,19,21,48,2,03中山區,中山區中山北路3段花博公園圓山4號出入口,0,0,2,1,C03,6,5,5,50,14,9,1,4,4,5,13,1,1,5,4,5,2,17,1,18,2,8,3,4,7,9,1,10,1,11,,44,,1,21,121.5233451,25.0706224
113,12,19,21,48,2,03中山區,中山區中山北路3段花博公園圓山4號出入口,0,0,2,2,C03,6,5,5,50,14,9,1,4,4,5,13,1,1,5,4,5,2,17,2,57,2,9,3,4,7,9,1,10,1,14,,44,,1,21,121.5233451,25.0706224
113,12,19,22,19,2,03中山區,中山區新生北路1段與新生北路1段47巷口,0,0,1,1,B03,6,5,5,50,5,1,1,4,4,5,13,1,1,10,4,5,2,16,1,21,2,1,7,1,7,9,6,8,2,8,,81,,1,21,121.5299203,25.04833513
113,12,19,22,19,2,03中山區,中山區新生北路1段與新生北路1段47巷口,0,0,1,2,B03,6,5,5,50,5,1,1,4,4,5,13,1,1,10,4,5,2,16,1,47,3,10,7,1,7,6,1,8,2,2,,44,,1,21,121.5299203,25.04833513
113,12,19,22,27,2,04大安區,大安區和平東路2段與復興南路2段口,0,0,2,1,C03,6,5,5,50,5,1,1,4,4,5,13,1,1,3,4,5,2,16,2,57,2,6,6,4,7,8,1,10,1,12,,101,,1,21,121.5434779,25.0247847
113,12,19,22,27,2,04大安區,大安區和平東路2段與復興南路2段口,0,0,2,2,C03,6,5,5,50,5,1,1,4,4,5,13,1,1,3,4,5,2,16,2,23,2,6,6,4,7,9,1,10,1,11,,44,,1,21,121.5434779,25.0247847
113,12,19,23,51,2,03中山區,中山區中山北路2段與民生東路口側附近1段口,0,0,1,1,B01,6,5,5,50,4,1,1,4,4,5,13,1,1,5,4,5,2,17,1,64,4,11,7,4,7,15,1,8,11,15,,44,,1,21,121.5229523,25.0579415
113,12,19,23,51,2,03中山區,中山區中山北路2段與民生東路口側附近1段口,0,0,1,2,C03,6,5,5,50,4,1,1,4,4,5,13,1,1,5,4,5,2,17,2,26,2,9,3,4,7,9,1,10,1,17,,44,,1,21,121.5229523,25.0579415
113,12,20,0,38,2,01大同區,大同區忠孝西路2段與西寧北路口,0,0,1,1,B01,6,5,5,50,5,2,1,4,4,5,13,2,1,1,4,5,2,17,1,62,3,10,7,1,7,8,1,4,2,6,,80,,1,21,121.5079501,25.0486614
113,12,20,0,38,2,01大同區,大同區忠孝西路2段與西寧北路口,0,0,1,2,C03,6,5,5,50,5,2,1,4,4,5,13,2,1,1,4,5,2,17,1,19,2,9,6,1,7,9,1,10,2,11,,44,,1,21,121.5079501,25.0486614
113,12,20,1,7,2,12內湖區,內湖區潭美街與新明路460巷口,0,0,1,1,B02,6,5,5,40,3,1,1,4,4,5,13,2,1,5,5,5,2,17,1,51,3,10,7,1,7,5,1,8,1,1,,74,,1,21,121.5786713,25.0535031
113,12,20,1,7,2,12內湖區,內湖區潭美街與新明路460巷口,0,0,1,2,C03,6,5,5,40,3,1,1,4,4,5,13,2,1,5,5,5,2,17,1,44,2,7,6,1,7,9,1,10,1,14,,44,,1,21,121.5786713,25.0535031
113,12,20,1,30,2,12內湖區,內湖區內湖路1段411巷與內湖路1段411巷19弄口,0,0,1,1,C03,6,5,5,50,3,2,1,4,4,5,13,4,4,5,5,5,2,17,1,18,2,6,5,1,7,5,1,10,1,11,,42,,1,21,121.5712262,25.0825522
113,12,20,1,30,2,12內湖區,內湖區內湖路1段411巷與內湖路1段411巷19弄口,0,0,1,2,C03,6,5,5,50,3,2,1,4,4,5,13,4,4,5,5,5,2,17,1,19,3,10,5,1,7,5,1,10,1,13,,44,,1,21,121.5712262,25.0825522
113,12,20,6,12,2,04大安區,大安區安和路1段74號,0,0,2,1,C03,6,7,5,50,14,9,1,4,4,5,13,4,4,10,5,5,2,13,1,47,2,9,3,4,7,9,1,10,1,11,,108,,1,21,121.5524496,25.0351617
113,12,20,6,12,2,04大安區,大安區安和路1段74號,0,0,2,2,F01,6,7,5,50,14,9,1,4,4,5,13,4,4,10,5,5,2,13,1,39,2,9,3,4,7,9,8,20,1,13,,29,,1,21,121.5524496,25.0351617
113,12,20,7,7,2,11南港區,南港區南港路2段28號附近側附近,0,0,1,1,C03,6,7,5,40,14,8,1,4,4,5,13,4,4,4,3,4,2,12,2,19,2,9,6,1,7,9,1,10,2,11,,44,,1,21,121.605701,25.054064
113,12,20,7,7,2,11南港區,南港區南港路2段28號附近側附近,0,0,1,2,C03,6,7,5,40,14,8,1,4,4,5,13,4,4,4,3,4,2,12,1,37,3,10,5,1,7,8,3,18,2,13,,100,,1,21,121.605701,25.054064
113,12,20,7,10,2,12內湖區,內湖區文德路269號,0,0,2,1,C03,7,7,5,30,14,7,1,4,4,5,13,4,4,1,4,4,2,16,2,54,2,6,5,1,7,1,1,10,1,13,,19,,1,21,121.5886361,25.07907048
113,12,20,7,10,2,12內湖區,內湖區文德路269號,0,0,2,2,C03,7,7,5,30,14,7,1,4,4,5,13,4,4,1,4,4,2,16,1,68,2,9,5,1,7,9,1,9,1,11,,44,,1,21,121.5886361,25.07907048
113,12,20,7,40,2,10文山區,文山區興隆路3段192巷與興隆路3段192巷8弄口,0,0,1,1,B03,6,6,5,30,3,1,1,4,4,5,13,4,4,5,5,5,2,17,2,48,3,10,7,1,7,5,1,8,1,8,,8,,1,22,121.558327,24.99752624
113,12,20,7,40,2,10文山區,文山區興隆路3段192巷與興隆路3段192巷8弄口,0,0,1,2,C03,6,6,5,30,3,1,1,4,4,5,13,4,4,5,5,5,2,17,2,34,2,9,5,1,7,14,1,10,1,11,,44,,1,22,121.558327,24.99752624
113,12,20,8,13,2,07信義區,信義區忠孝東路5段731號,0,0,1,1,C03,6,6,5,50,14,9,1,4,4,5,13,4,4,1,4,5,2,18,2,44,2,9,6,1,7,9,1,10,1,12,,44,,1,22,121.5816547,25.0432479
113,12,20,8,13,2,07信義區,信義區忠孝東路5段731號,0,0,1,2,,6,6,5,50,14,9,1,4,4,5,13,4,4,1,4,5,2,18,3,0,,,,,,,,,,,,67,,1,,121.5816547,25.0432479
113,12,20,8,22,2,03中山區,中山區樂群二路與植福路口,0,0,1,1,C03,7,5,5,50,4,1,1,4,4,5,13,2,1,3,4,5,2,17,1,29,2,8,3,4,7,9,1,10,1,14,,42,,1,21,121.5617033,25.0799658
113,12,20,8,22,2,03中山區,中山區樂群二路與植福路口,0,0,1,2,B03,7,5,5,50,4,1,1,4,4,5,13,2,1,3,4,5,2,17,1,64,3,10,3,4,7,7,1,8,1,17,,100,,1,21,121.5617033,25.0799658
113,12,20,8,31,2,02萬華區,萬華區忠孝西路2段與中華路1段口,0,0,1,2,C04,7,7,5,50,4,1,1,4,4,5,13,1,1,1,4,5,2,17,2,31,2,9,5,1,7,9,1,10,1,12,,44,,1,21,121.5099617,25.0479727
113,12,20,8,31,2,02萬華區,萬華區忠孝西路2段與中華路1段口,0,0,1,1,,7,7,5,50,4,1,1,4,4,5,13,1,1,1,4,5,2,17,4,0,,,,,,,,,,,,119,,2,,121.5099617,25.0479727
113,12,20,8,35,2,06松山區,松山區八德路4段341號,0,0,1,1,B02,7,6,5,50,14,9,1,4,4,5,13,4,4,5,4,5,2,12,1,64,3,10,7,1,7,9,1,8,1,2,,17,,1,22,121.5676807,25.04920675
113,12,20,8,35,2,06松山區,松山區八德路4段341號,0,0,1,2,C04,7,6,5,50,14,9,1,4,4,5,13,4,4,5,4,5,2,12,1,32,2,7,6,1,7,9,1,10,1,14,,44,,1,22,121.5676807,25.04920675
113,12,20,8,41,2,03中山區,中山區明水路西往東，0106365燈桿,0,0,1,1,C03,6,6,5,50,14,9,1,4,4,5,13,4,4,1,4,5,2,13,1,20,2,9,6,1,7,7,1,10,2,11,,108,,1,25,121.5451472,25.0774169
113,12,20,8,41,2,03中山區,中山區明水路西往東，0106365燈桿,0,0,1,2,B03,6,6,5,50,14,9,1,4,4,5,13,4,4,1,4,5,2,13,1,47,3,10,7,1,7,9,1,8,2,6,,44,,1,21,121.5451472,25.0774169
113,12,20,8,41,2,10文山區,文山區木柵路4段與秀明路1段口,0,0,2,1,C03,6,6,5,50,4,1,1,4,4,5,13,1,1,10,5,5,2,15,1,28,2,9,3,4,7,9,1,10,2,14,,69,,1,22,121.5710811,24.9916223
113,12,20,8,41,2,10文山區,文山區木柵路4段與秀明路1段口,0,0,2,2,C03,6,6,5,50,4,1,1,4,4,5,13,1,1,10,5,5,2,15,2,26,2,9,3,4,7,9,1,10,2,11,,108,,1,22,121.5710811,24.9916223
113,12,20,8,43,2,02萬華區,萬華區忠孝橋機車道往北市,0,0,2,1,C03,7,6,8,40,10,11,1,5,4,5,13,4,4,5,5,5,2,13,2,27,2,9,6,1,7,9,1,10,1,11,,16,,1,21,121.5055452,25.0491007
113,12,20,8,43,2,02萬華區,萬華區忠孝橋機車道往北市,0,0,2,2,C03,7,6,8,40,10,11,1,5,4,5,13,4,4,5,5,5,2,13,2,43,2,9,6,1,7,9,1,10,1,13,,44,,1,21,121.5055452,25.0491007
113,12,20,8,44,2,08士林區,士林區承德路4段2巷與承德路4段6巷口,0,0,3,1,C03,7,6,5,30,3,1,1,5,4,5,13,4,4,10,5,5,2,16,1,23,2,9,6,1,7,5,1,10,1,14,,44,,1,21,121.5187879,25.0801832
113,12,20,8,44,2,08士林區,士林區承德路4段2巷與承德路4段6巷口,0,0,3,2,C03,7,6,5,30,3,1,1,5,4,5,13,4,4,10,5,5,2,16,1,33,2,9,6,1,7,9,1,10,1,11,,5,,1,21,121.5187879,25.0801832
113,12,20,8,44,2,08士林區,士林區承德路4段2巷與承德路4段6巷口,0,0,3,3,H02,7,6,5,30,3,1,1,5,4,5,13,4,4,10,5,5,2,16,2,23,2,9,6,5,7,17,8,20,10,16,,67,,1,21,121.5187879,25.0801832
113,12,20,9,5,2,04大安區,大安區忠孝東路3段214號,0,0,1,2,C03,7,7,5,50,14,9,1,5,4,5,13,4,4,1,4,5,1,17,1,28,2,9,6,1,7,9,1,10,1,14,,44,,1,21,121.5400939,25.0415666
113,12,20,9,5,2,04大安區,大安區忠孝東路3段214號,0,0,1,1,B03,7,7,5,50,14,9,1,5,4,5,13,4,4,1,4,5,1,17,2,47,3,10,7,1,7,6,1,8,1,6,,9,,1,21,121.5400939,25.0415666
113,12,20,9,6,2,07信義區,信義區大道路89號,0,0,1,1,B03,6,6,5,50,14,9,1,4,4,5,13,4,4,5,4,5,2,12,2,72,3,10,3,4,7,4,1,8,2,2,,1,,1,22,121.5827416,25.040305
113,12,20,9,6,2,07信義區,信義區大道路89號,0,0,1,2,C03,6,6,5,50,14,9,1,4,4,5,13,4,4,5,4,5,2,12,2,23,2,9,6,1,7,9,1,10,2,14,,44,,1,21,121.5827416,25.040305
113,12,20,9,10,2,03中山區,中山區明水路325號對面,0,0,1,1,C03,8,7,5,50,14,9,1,5,4,5,13,4,4,2,4,5,2,13,1,38,2,5,6,1,7,8,1,10,1,11,,100,,1,21,121.5414052,25.07750197
113,12,20,9,10,2,03中山區,中山區明水路325號對面,0,0,1,2,B01,8,7,5,50,14,9,1,5,4,5,13,4,4,2,4,5,2,13,1,62,3,10,7,1,7,9,1,4,1,3,,44,,1,26,121.5414052,25.07750197
113,12,20,9,20,2,05中正區,中正區中山南路與青島東路口,0,0,1,1,C03,7,6,5,50,4,2,1,4,4,5,13,1,1,1,3,1,2,13,2,61,2,8,5,1,7,9,1,10,2,11,,16,,1,26,121.5193388,25.0443095
113,12,20,9,20,2,05中正區,中正區中山南路與青島東路口,0,0,1,2,C03,7,6,5,50,4,2,1,4,4,5,13,1,1,1,3,1,2,13,1,38,3,10,5,1,7,13,1,10,2,13,,44,,1,26,121.5193388,25.0443095
113,12,20,9,40,2,04大安區,大安區辛亥路3段西向東(公車站青峰活動中心),0,0,1,1,C03,6,6,5,50,14,9,1,4,4,5,13,4,4,1,4,5,2,13,1,18,2,9,3,4,7,9,1,10,1,11,,107,,1,21,121.5514435,25.0151409
113,12,20,9,40,2,04大安區,大安區辛亥路3段西向東(公車站青峰活動中心),0,0,1,2,B03,6,6,5,50,14,9,1,4,4,5,13,4,4,1,4,5,2,13,1,49,3,10,3,4,7,14,1,8,1,7,,38,,1,21,121.5514435,25.0151409
113,12,20,9,43,2,05中正區,中正區林森北路與北平東路口,0,0,2,1,C03,7,6,5,50,4,1,1,5,4,5,13,1,1,10,4,5,2,15,2,68,2,8,6,1,7,9,3,18,2,11,,81,,1,22,121.5244708,25.0461992
113,12,20,9,43,2,05中正區,中正區林森北路與北平東路口,0,0,2,2,C03,7,6,5,50,4,1,1,5,4,5,13,1,1,10,4,5,2,15,2,63,2,9,6,1,7,1,1,10,2,14,,44,,1,22,121.5244708,25.0461992
113,12,20,10,31,2,02萬華區,萬華區富民路與萬大路493巷12弄口,0,0,1,1,C03,7,6,5,50,3,2,1,5,4,5,13,4,4,10,4,5,1,17,1,76,2,9,3,4,7,8,1,10,1,12,,42,,1,22,121.4980079,25.0190204
113,12,20,10,31,2,02萬華區,萬華區富民路與萬大路493巷12弄口,0,0,1,2,C03,7,6,5,50,3,2,1,5,4,5,13,4,4,10,4,5,1,17,1,64,3,10,3,4,7,9,1,10,1,13,,44,,1,22,121.4980079,25.0190204
113,12,20,11,10,2,10文山區,文山區福興路78巷20弄45號,0,0,1,2,C03,6,6,5,30,14,9,1,4,4,5,13,4,4,10,5,5,2,17,2,60,2,8,6,1,7,9,1,10,2,14,,44,,1,21,121.5517969,25.00494605
113,12,20,11,10,2,10文山區,文山區福興路78巷20弄45號,0,0,1,3,C03,6,6,5,30,14,9,1,4,4,5,13,4,4,10,5,5,2,17,1,57,3,10,3,1,7,13,1,10,11,12,,44,,1,21,121.5517969,25.00494605
113,12,20,11,10,2,10文山區,文山區福興路78巷20弄45號,0,0,1,4,H02,6,6,5,30,14,9,1,4,4,5,13,4,4,10,5,5,2,17,1,12,3,10,7,5,7,19,8,20,10,16,,126,,1,14,121.5517969,25.00494605
113,12,20,11,10,2,10文山區,文山區福興路78巷20弄45號,0,0,1,1,B01,6,6,5,30,14,9,1,4,4,5,13,4,4,10,5,5,2,17,1,61,3,10,7,1,7,14,1,4,2,4,,38,,1,21,121.5517969,25.00494605
113,12,20,11,22,2,04大安區,大安區通化街15號,0,0,1,1,H01,8,5,5,50,14,9,1,4,4,5,13,4,4,9,4,5,2,1,2,67,2,8,4,5,8,16,8,20,1,16,,53,,1,21,121.5543071,25.0320362
113,12,20,11,22,2,04大安區,大安區通化街15號,0,0,1,2,C03,8,5,5,50,14,9,1,4,4,5,13,4,4,9,4,5,2,1,1,41,3,10,3,4,7,9,1,10,1,11,,44,,1,21,121.5543071,25.0320362
113,12,20,11,25,2,05中正區,中正區仁愛路2段34號,0,0,1,1,B11,6,7,6,50,14,9,1,4,4,5,13,4,4,10,3,1,2,12,1,51,3,10,7,1,7,8,1,7,2,2,,19,,1,26,121.5272248,25.0381589
113,12,20,11,25,2,05中正區,中正區仁愛路2段34號,0,0,1,2,C03,6,7,6,50,14,9,1,4,4,5,13,4,4,10,3,1,2,12,1,66,2,1,5,1,7,9,1,10,2,11,,13,,1,26,121.5272248,25.0381589
113,12,20,11,25,2,08士林區,士林區德行東路與德行東路129巷口口,0,0,1,2,C03,7,5,5,30,3,1,1,5,4,5,13,4,4,8,3,5,2,15,1,20,3,10,5,1,7,9,1,10,1,12,,14,,1,22,121.5290472,25.1079772
113,12,20,11,25,2,08士林區,士林區德行東路與德行東路129巷口口,0,0,1,1,C03,7,5,5,30,3,1,1,5,4,5,13,4,4,8,3,5,2,15,2,63,2,9,5,1,7,9,1,10,1,11,,72,,1,22,121.5290472,25.1079772
113,12,20,11,54,2,01大同區,大同區大龍街與大龍街187巷口,0,0,1,1,B03,7,6,5,50,3,1,1,4,4,5,13,4,4,9,4,5,2,16,1,76,3,10,7,1,7,6,1,8,2,5,,80,,1,21,121.5159655,25.069149
113,12,20,11,54,2,01大同區,大同區大龍街與大龍街187巷口,0,0,1,2,C03,7,6,5,50,3,1,1,4,4,5,13,4,4,9,4,5,2,16,1,62,2,9,5,1,7,9,1,10,2,14,,44,,1,21,121.5159655,25.069149
113,12,20,12,4,2,06松山區,松山區八德路4段與東寧路口,0,0,1,1,B01,7,7,5,50,4,1,1,4,4,5,13,2,1,1,4,5,2,12,1,65,3,10,7,1,7,15,1,4,1,6,,100,,1,26,121.5630757,25.0486684
113,12,20,12,4,2,06松山區,松山區八德路4段與東寧路口,0,0,1,2,C03,7,7,5,50,4,1,1,4,4,5,13,2,1,1,4,5,2,12,1,41,2,9,5,1,7,9,1,10,1,11,,44,,1,26,121.5630757,25.0486684
113,12,20,12,5,2,12內湖區,內湖區內湖路2段160號,0,0,1,1,C03,7,5,5,50,14,9,1,4,4,5,13,4,4,4,3,5,1,13,2,24,2,9,3,4,7,9,1,10,1,11,,16,,1,21,121.5832048,25.0799579
113,12,20,12,5,2,12內湖區,內湖區內湖路2段160號,0,0,1,2,B03,7,5,5,50,14,9,1,4,4,5,13,4,4,4,3,5,1,13,1,32,3,10,3,4,7,3,1,8,1,7,,44,,1,21,121.5832048,25.0799579
113,12,20,12,5,2,07信義區,信義區忠孝東路5段與松山路口,0,0,1,1,A02,6,7,5,50,4,1,1,4,4,5,13,1,1,1,4,5,2,9,1,60,3,10,3,4,7,5,1,2,9,17,,44,,1,21,121.5778995,25.0410091
113,12,20,12,5,2,07信義區,信義區忠孝東路5段與松山路口,0,0,1,2,H02,6,7,5,50,4,1,1,4,4,5,13,1,1,1,4,5,2,9,2,89,2,9,4,5,7,20,8,20,10,16,,67,,1,21,121.5778995,25.0410091
113,12,20,12,15,2,08士林區,士林區延平北路8段2巷200弄與堤外便道口堤防便道,0,0,1,1,B03,8,6,5,30,3,1,1,5,4,5,13,4,4,10,5,5,2,16,2,46,3,10,7,1,7,5,1,8,1,8,,72,,1,21,121.4935654,25.1112333
113,12,20,12,15,2,08士林區,士林區延平北路8段2巷200弄與堤外便道口堤防便道,0,0,1,2,C03,8,6,5,30,3,1,1,5,4,5,13,4,4,10,5,5,2,16,1,18,2,9,6,1,7,9,1,10,1,11,,108,,1,21,121.4935654,25.1112333
113,12,20,12,22,2,04大安區,大安區和平東路1段與師大路口,0,0,1,1,B03,7,7,5,50,14,9,1,5,4,5,13,4,4,1,4,5,1,17,2,65,3,10,7,1,7,7,1,8,1,4,,100,,1,21,121.5281854,25.0265727
113,12,20,12,22,2,04大安區,大安區和平東路1段與師大路口,0,0,1,2,C03,7,7,5,50,14,9,1,5,4,5,13,4,4,1,4,5,1,17,1,24,2,9,6,1,7,9,1,10,1,12,,44,,1,21,121.5281854,25.0265727
113,12,20,12,33,2,05中正區,中正區信義路2段與信義路2段243巷口,0,0,1,1,B01,7,6,5,30,3,1,1,4,4,5,13,4,4,9,4,5,2,9,1,67,3,10,7,1,7,9,1,8,2,10,,70,,1,21,121.5311281,25.0337867
113,12,20,12,33,2,05中正區,中正區信義路2段與信義路2段243巷口,0,0,1,2,H01,7,6,5,30,3,1,1,4,4,5,13,4,4,9,4,5,2,9,2,42,2,8,4,5,8,16,8,20,2,16,,67,,1,21,121.5311281,25.0337867
113,12,20,13,48,2,06松山區,松山區敦化北路244巷與敦化北路244巷6弄口,0,0,1,1,B03,7,7,5,30,4,2,1,5,4,5,13,4,4,10,4,5,2,15,2,76,3,10,7,1,7,9,1,8,1,6,,72,,1,22,121.5494239,25.0606456
113,12,20,13,48,2,06松山區,松山區敦化北路244巷與敦化北路244巷6弄口,0,0,1,2,C03,7,7,5,30,4,2,1,5,4,5,13,4,4,10,4,5,2,15,1,35,2,8,5,1,7,9,1,10,1,11,,108,,1,22,121.5494239,25.0606456
113,12,20,14,19,2,07信義區,信義區松仁路228巷7弄與松仁路240巷口,0,0,1,1,C03,7,6,5,30,4,1,1,4,4,5,13,4,4,10,5,5,2,15,2,67,2,8,6,1,7,1,1,10,1,14,,80,,1,21,121.5689383,25.0245965
113,12,20,14,19,2,07信義區,信義區松仁路228巷7弄與松仁路240巷口,0,0,1,2,C03,7,6,5,30,4,1,1,4,4,5,13,4,4,10,5,5,2,15,2,48,3,10,6,1,7,9,1,10,1,11,,44,,1,21,121.5689383,25.0245965
113,12,20,14,31,2,08士林區,士林區百齡橋西向東,0,0,3,4,C03,7,6,5,40,8,11,1,5,4,5,13,4,4,10,5,5,1,17,1,65,3,10,6,1,7,9,1,10,2,13,,44,,1,21,121.5139818,25.0892776
113,12,20,14,31,2,08士林區,士林區百齡橋西向東,0,0,3,3,C03,7,6,5,40,8,11,1,5,4,5,13,4,4,10,5,5,1,17,1,36,2,9,6,1,7,9,1,10,2,13,,44,,1,21,121.5139818,25.0892776
113,12,20,14,31,2,08士林區,士林區百齡橋西向東,0,0,3,2,C03,7,6,5,40,8,11,1,5,4,5,13,4,4,10,5,5,1,17,2,80,2,9,6,1,7,9,1,10,2,13,,44,,1,21,121.5139818,25.0892776
113,12,20,14,31,2,08士林區,士林區百齡橋西向東,0,0,3,1,C03,7,6,5,40,8,11,1,5,4,5,13,4,4,10,5,5,1,17,2,19,2,9,6,1,7,9,3,18,2,11,,16,,1,21,121.5139818,25.0892776
113,12,20,14,38,2,08士林區,士林區百齡橋西向東機車道,0,0,2,1,C03,7,6,5,40,8,11,1,5,4,5,13,4,4,1,4,4,2,17,1,72,3,10,5,1,7,9,1,10,1,17,,44,,1,21,121.5168653,25.09107611
113,12,20,14,38,2,08士林區,士林區百齡橋西向東機車道,0,0,2,2,C03,7,6,5,40,8,11,1,5,4,5,13,4,4,1,4,4,2,17,2,34,3,10,6,1,7,9,1,10,1,13,,44,,1,21,121.5168653,25.09107611
113,12,20,14,38,2,08士林區,士林區百齡橋西向東機車道,0,0,2,3,C03,7,6,5,40,8,11,1,5,4,5,13,4,4,1,4,4,2,17,1,28,2,9,6,1,7,9,1,10,1,11,,16,,1,21,121.5168653,25.09107611
113,12,20,14,38,2,08士林區,士林區百齡橋西向東機車道,0,0,2,4,C04,7,6,5,40,8,11,1,5,4,5,13,4,4,1,4,4,2,17,2,45,2,7,5,1,7,9,1,11,1,12,,16,,1,21,121.5168653,25.09107611
113,12,20,14,38,2,08士林區,士林區百齡橋西向東機車道,0,0,2,5,C03,7,6,5,40,8,11,1,5,4,5,13,4,4,1,4,4,2,17,1,18,3,10,6,1,7,9,1,10,1,13,,44,,1,21,121.5168653,25.09107611
113,12,20,14,40,2,04大安區,大安區市民大道3段與八德路2段口,0,0,1,1,B03,7,6,5,40,4,1,1,4,4,5,13,1,1,1,4,5,2,16,1,52,3,10,3,4,7,6,1,8,1,2,,9,,1,21,121.5342832,25.044919
113,12,20,14,40,2,04大安區,大安區市民大道3段與八德路2段口,0,0,1,2,C03,7,6,5,40,4,1,1,4,4,5,13,1,1,1,4,5,2,16,1,73,2,9,3,4,7,9,1,10,1,14,,44,,1,21,121.5342832,25.044919
113,12,20,15,16,2,07信義區,信義區基隆路1段與基隆路口側附近1段364巷口,0,0,1,1,C03,6,6,5,30,14,9,1,4,4,5,13,4,4,10,5,5,2,29,1,28,2,7,5,1,7,9,1,10,1,14,,14,,1,21,121.5608272,25.0354026
113,12,20,15,16,2,07信義區,信義區基隆路1段與基隆路口側附近1段364巷口,0,0,1,2,,6,6,5,30,14,9,1,4,4,5,13,4,4,10,5,5,2,29,3,0,,,,,,,,,,,,67,,1,,121.5608272,25.0354026
113,12,20,15,20,2,05中正區,中正區杭州南路1段6巷與杭州南路口側附近1段口,0,0,1,1,C03,7,7,5,50,4,1,1,4,4,5,13,4,4,10,4,5,2,17,1,33,2,8,5,1,7,9,1,10,1,11,,108,,1,21,121.5266219,25.0433094
113,12,20,15,20,2,05中正區,中正區杭州南路1段6巷與杭州南路口側附近1段口,0,0,1,2,B03,7,7,5,50,4,1,1,4,4,5,13,4,4,10,4,5,2,17,1,49,3,10,7,1,7,12,1,8,1,6,,44,,1,21,121.5266219,25.0433094
113,12,20,15,20,2,05中正區,中正區杭州南路1段6巷與杭州南路口側附近1段口,0,0,1,3,B01,7,7,5,50,4,1,1,4,4,5,13,4,4,10,4,5,2,17,1,56,3,10,7,1,7,5,1,2,1,17,,72,,1,21,121.5266219,25.0433094
113,12,20,16,0,2,02萬華區,萬華區和平西路3段與桂林路246巷口,0,0,1,1,B03,8,5,8,50,22,22,1,5,4,5,13,1,1,10,5,5,2,17,1,55,3,10,3,4,7,11,1,8,1,7,,85,,1,21,121.4910852,25.03582544
113,12,20,16,0,2,02萬華區,萬華區和平西路3段與桂林路246巷口,0,0,1,2,C03,8,5,8,50,22,22,1,5,4,5,13,1,1,10,5,5,2,17,2,38,2,9,3,4,7,9,1,10,1,12,,44,,1,21,121.4910852,25.03582544
113,12,20,16,9,2,03中山區,中山區林森北路與中山北路1段105巷口,0,0,1,1,C03,7,7,5,50,14,9,1,5,4,5,13,2,1,1,4,5,2,13,1,28,3,10,6,1,7,9,1,10,1,11,,16,,1,21,121.5248445,25.050241
113,12,20,16,9,2,03中山區,中山區林森北路與中山北路1段105巷口,0,0,1,2,C03,7,7,5,50,14,9,1,5,4,5,13,2,1,1,4,5,2,13,1,22,2,9,6,1,7,9,1,10,1,14,,13,,1,21,121.5248445,25.050241
113,12,20,16,9,2,03中山區,中山區林森北路與中山北路1段105巷口,0,0,1,3,B03,7,7,5,50,14,9,1,5,4,5,13,2,1,1,4,5,2,13,1,27,3,10,7,1,7,1,1,8,1,17,,19,,1,21,121.5248445,25.050241
113,12,20,16,31,2,10文山區,文山區木柵路4段與萬芳路口,0,0,1,1,C03,7,5,5,50,3,1,1,5,4,5,13,2,1,5,4,5,2,17,1,26,3,10,6,1,7,8,1,10,1,17,,101,,1,21,121.5718125,24.9949112
113,12,20,16,31,2,10文山區,文山區木柵路4段與萬芳路口,0,0,1,2,C03,7,5,5,50,3,1,1,5,4,5,13,2,1,5,4,5,2,17,2,32,2,9,6,1,7,9,1,10,1,12,,44,,1,21,121.5718125,24.9949112
113,12,20,16,56,2,07信義區,信義區松壽路1號,0,0,1,1,C03,8,7,5,50,14,9,1,4,4,5,13,4,4,9,4,5,2,17,1,42,2,9,5,1,7,1,1,10,1,14,,19,,1,21,121.5629364,25.0359353
113,12,20,16,56,2,07信義區,信義區松壽路1號,0,0,1,2,B01,8,7,5,50,14,9,1,4,4,5,13,4,4,9,4,5,2,17,1,61,3,10,7,1,7,9,1,4,1,5,,44,,1,21,121.5629364,25.0359353
113,12,20,17,0,2,06松山區,松山區復興北路499巷與復興北路口,0,0,2,1,C03,7,5,5,50,3,1,1,5,4,5,13,4,4,1,4,5,2,16,1,27,2,9,5,1,7,6,1,10,1,12,,9,,1,25,121.5444176,25.0653014
113,12,20,17,0,2,06松山區,松山區復興北路499巷與復興北路口,0,0,2,2,C03,7,5,5,50,3,1,1,5,4,5,13,4,4,1,4,5,2,16,1,22,2,9,5,1,7,15,1,10,1,14,,14,,1,25,121.5444176,25.0653014