發生年度,發生月,發生日,發生時-Hours,發生分,處理別-編號,區序,肇事地點,死亡人數,2-30日死亡人數,受傷人數,當事人序號,車種,天候,道路照明設備,道路類別,速限-速度限制,道路型態,事故位置,路面狀況1,路面狀況2,路面狀況3,道路障礙1,道路障礙2,號誌1,號誌2,車道劃分-分向,車道劃分-分道1,車道劃分-分道2,車道劃分-分道3,事故類型及型態,性別,年齡,受傷程度,主要傷處,保護裝置,行動電話,車輛用途,當事者行動狀態,駕駛資格情形,駕駛執照種類,飲酒情形,車輛撞擊部位1,車輛撞擊部位2,肇因碼-個別,肇因碼-主要,個人肇逃否,職業,座標-X,座標-Y
113,12,20,17,5,2,07信義區,信義區忠孝東路4段與忠孝東路口側附近4段553巷口,0,0,2,1,C04,6,5,5,50,3,1,1,4,4,5,13,1,1,9,5,5,2,9,1,42,2,8,6,1,7,5,1,10,1,14,,44,,1,21,121.5628549,25.0411511
113,12,20,17,5,2,07信義區,信義區忠孝東路4段與忠孝東路口側附近4段553巷口,0,0,2,2,H02,6,5,5,50,3,1,1,4,4,5,13,1,1,9,5,5,2,9,2,38,2,8,6,5,7,20,8,20,10,17,,67,,1,21,121.5628549,25.0411511
113,12,20,17,5,2,07信義區,信義區忠孝東路4段與忠孝東路口側附近4段553巷口,0,0,2,3,,6,5,5,50,3,1,1,4,4,5,13,1,1,9,5,5,2,9,3,0,,,,,,,,,,,,67,,1,,121.5628549,25.0411511
113,12,20,17,13,2,03中山區,中山區南京東路1段35號,0,0,2,1,C03,7,5,5,50,14,9,1,5,4,5,13,2,1,1,4,4,2,12,1,34,2,7,6,1,7,9,1,10,1,12,,17,,1,22,121.526611,25.0521995
113,12,20,17,13,2,03中山區,中山區南京東路1段35號,0,0,2,2,C03,7,5,5,50,14,9,1,5,4,5,13,2,1,1,4,4,2,12,2,60,2,9,6,1,7,7,1,10,1,14,,100,,1,22,121.526611,25.0521995
113,12,20,17,30,2,07信義區,信義區松信路與永吉路180巷67弄口,0,0,1,1,C03,6,5,5,50,4,2,1,4,4,5,13,1,1,9,4,4,2,17,1,25,2,9,6,1,7,9,1,10,1,14,,13,,1,21,121.5719807,25.0435679
113,12,20,17,30,2,07信義區,信義區松信路與永吉路180巷67弄口,0,0,1,2,C03,6,5,5,50,4,2,1,4,4,5,13,1,1,9,4,4,2,17,1,60,3,10,6,1,7,6,1,10,1,17,,9,,1,21,121.5719807,25.0435679
113,12,20,18,5,2,08士林區,士林區文林路448號,0,0,2,1,C03,8,5,5,50,14,9,1,5,4,5,13,4,4,5,4,5,2,16,2,43,2,8,3,4,7,11,1,10,1,14,,10,,1,22,121.5244671,25.09566127
113,12,20,18,5,2,08士林區,士林區文林路448號,0,0,2,2,C03,8,5,5,50,14,9,1,5,4,5,13,4,4,5,4,5,2,16,1,52,2,8,3,4,7,9,1,10,1,11,,4,,1,22,121.5244671,25.09566127
113,12,20,18,9,2,08士林區,士林區格致路20巷與格致路口,0,0,1,1,B03,8,5,5,30,4,1,1,5,4,5,13,2,1,10,5,5,2,3,2,19,3,10,3,4,7,5,1,8,2,1,,70,,1,21,121.5463032,25.1366643
113,12,20,18,9,2,08士林區,士林區格致路20巷與格致路口,0,0,1,2,H01,8,5,5,30,4,1,1,5,4,5,13,2,1,10,5,5,2,3,2,20,2,9,4,5,8,16,8,20,10,16,,67,,1,21,121.5463032,25.1366643
113,12,20,18,17,2,08士林區,士林區中山北路5段512號(南往北),0,0,1,1,C04,7,5,5,50,14,9,1,5,4,5,13,4,4,1,4,5,1,12,2,70,3,10,5,1,7,9,1,11,1,15,,101,,1,21,121.5280926,25.0932817
113,12,20,18,17,2,08士林區,士林區中山北路5段512號(南往北),0,0,1,2,C03,7,5,5,50,14,9,1,5,4,5,13,4,4,1,4,5,1,12,1,40,2,9,6,1,7,9,1,10,1,12,,108,,1,21,121.5280926,25.0932817
113,12,20,18,17,2,08士林區,士林區中山北路5段512號(南往北),0,0,1,3,C03,7,5,5,50,14,9,1,5,4,5,13,4,4,1,4,5,1,12,2,28,3,10,2,1,7,13,1,10,1,13,,44,,1,21,121.5280926,25.0932817
113,12,20,18,37,2,03中山區,中山區錦州街305巷與錦州街口口,0,0,2,1,C03,7,5,5,50,4,1,1,5,4,5,13,4,4,5,5,5,2,16,2,43,3,10,5,4,7,5,1,10,1,11,,74,,1,22,121.5378453,25.06024648
113,12,20,18,37,2,03中山區,中山區錦州街305巷與錦州街口口,0,0,2,2,C03,7,5,5,50,4,1,1,5,4,5,13,4,4,5,5,5,2,16,1,24,2,9,6,1,7,9,1,10,1,14,,44,,1,22,121.5378453,25.06024648
113,12,20,18,37,2,03中山區,中山區錦州街305巷與錦州街口口,0,0,2,3,H02,7,5,5,50,4,1,1,5,4,5,13,4,4,5,5,5,2,16,2,19,2,9,6,5,7,17,8,20,10,16,,67,,1,22,121.5378453,25.06024648
113,12,20,18,42,2,04大安區,大安區信義路3段111巷與建國南路1段307巷口,0,0,1,1,C03,7,5,5,30,3,1,1,5,4,5,13,4,4,10,5,5,2,17,2,30,2,9,6,1,7,5,1,10,1,12,,72,,1,21,121.5395425,25.0354767
113,12,20,18,42,2,04大安區,大安區信義路3段111巷與建國南路1段307巷口,0,0,1,2,B03,7,5,5,30,3,1,1,5,4,5,13,4,4,10,5,5,2,17,2,43,3,10,7,1,7,9,1,8,1,4,,14,,1,21,121.5395425,25.0354767
113,12,20,18,50,2,08士林區,士林區雨聲街105號與雨聲街口,0,0,1,1,B03,7,5,5,50,3,1,1,5,4,5,13,4,4,5,5,5,2,16,2,64,3,10,7,1,7,8,1,8,1,2,,9,,1,21,121.531216,25.10501927
113,12,20,18,50,2,08士林區,士林區雨聲街105號與雨聲街口,0,0,1,2,C03,7,5,5,50,3,1,1,5,4,5,13,4,4,5,5,5,2,16,1,30,2,9,5,1,7,9,1,10,1,14,,44,,1,21,121.531216,25.10501927
113,12,20,18,55,2,05中正區,中正區博愛路與寶慶路口,0,0,1,1,A02,7,5,5,50,4,2,1,4,4,5,13,1,1,9,4,5,2,12,1,49,3,10,7,1,7,9,1,2,2,2,,44,,1,21,121.5113838,25.04134115
113,12,20,18,55,2,05中正區,中正區博愛路與寶慶路口,0,0,1,2,C03,7,5,5,50,4,2,1,4,4,5,13,1,1,9,4,5,2,12,1,25,2,9,5,1,7,9,1,10,2,14,,100,,1,21,121.5113838,25.04134115
113,12,20,18,56,2,07信義區,信義區基隆路1段與松壽路口,0,0,2,1,B03,6,5,5,50,14,9,1,4,4,5,13,2,1,1,4,5,2,16,1,36,3,10,7,1,7,6,1,8,1,2,,9,,1,21,121.5615391,25.0360119
113,12,20,18,56,2,07信義區,信義區基隆路1段與松壽路口,0,0,2,2,C04,6,5,5,50,14,9,1,4,4,5,13,2,1,1,4,5,2,16,2,37,2,8,5,1,7,9,1,10,1,11,,44,,1,21,121.5615391,25.0360119
113,12,20,18,56,2,07信義區,信義區基隆路1段與松壽路口,0,0,2,3,H02,6,5,5,50,14,9,1,4,4,5,13,2,1,1,4,5,2,16,2,10,2,9,6,5,7,20,8,20,10,16,,67,,1,21,121.5615391,25.0360119
113,12,20,19,2,2,04大安區,大安區羅斯福路3段201號,0,0,1,2,B01,6,5,5,50,14,9,1,4,4,5,13,4,4,3,4,5,2,12,1,69,3,10,7,1,7,9,1,4,1,2,,108,,1,22,121.528364,25.0206487
113,12,20,19,2,2,04大安區,大安區羅斯福路3段201號,0,0,1,1,C03,6,5,5,50,14,9,1,4,4,5,13,4,4,3,4,5,2,12,2,54,2,9,5,1,7,7,1,8,1,13,,100,,1,22,121.528364,25.0206487
113,12,20,19,11,2,01大同區,大同區重慶北路3段25巷28號,0,0,1,1,B02,7,5,5,30,14,9,1,5,4,5,13,4,4,10,5,5,2,9,1,46,3,10,3,4,7,9,1,8,2,4,,42,,1,21,121.5149286,25.0645253
113,12,20,19,11,2,01大同區,大同區重慶北路3段25巷28號,0,0,1,2,H01,7,5,5,30,14,9,1,5,4,5,13,4,4,10,5,5,2,9,1,37,2,9,4,5,8,16,8,20,10,16,,67,,1,21,121.5149286,25.0645253
113,12,20,19,13,2,11南港區,南港區研究院路1段37號,0,0,1,2,C03,7,5,5,50,14,9,1,4,4,5,13,4,4,9,4,5,2,13,1,32,2,8,6,1,7,7,1,10,1,11,,100,,1,22,121.6164172,25.0536011
113,12,20,19,13,2,11南港區,南港區研究院路1段37號,0,0,1,1,B03,7,5,5,50,14,9,1,4,4,5,13,4,4,9,4,5,2,13,1,44,3,10,7,1,7,9,1,8,1,5,,44,,1,22,121.6164172,25.0536011
113,12,20,19,13,2,11南港區,南港區研究院路1段37號,0,0,1,3,B01,7,5,5,50,14,9,1,4,4,5,13,4,4,9,4,5,2,13,1,58,3,10,7,1,7,8,1,4,1,4,,44,,1,22,121.6164172,25.0536011
113,12,20,19,15,2,04大安區,大安區新生南路3段與新生南路3段98巷口,0,0,1,1,C03,8,5,5,50,4,2,1,5,4,5,13,1,1,1,4,4,2,29,1,44,2,9,5,1,7,8,1,10,9,12,,102,,1,21,121.5333625,25.01701556
113,12,20,19,15,2,04大安區,大安區新生南路3段與新生南路3段98巷口,0,0,1,2,,8,5,5,50,4,2,1,5,4,5,13,1,1,1,4,4,2,29,3,0,,,,,,,,,,,,67,,1,,121.5333625,25.01701556
113,12,20,19,21,2,01大同區,大同區環河北路1段與長安西路口,0,0,1,1,C03,8,5,5,50,5,1,1,5,4,5,13,2,1,9,4,5,2,17,1,20,3,10,6,1,7,6,1,10,1,13,,80,,1,21,121.5073252,25.0523282
113,12,20,19,21,2,01大同區,大同區環河北路1段與長安西路口,0,0,1,2,C03,8,5,5,50,5,1,1,5,4,5,13,2,1,9,4,5,2,17,2,32,2,9,6,1,7,9,1,10,1,11,,16,,1,21,121.5073252,25.0523282
113,12,20,19,30,2,08士林區,士林區故宮路35巷與故宮路口,0,0,3,1,C03,6,5,5,50,4,2,1,4,4,5,13,1,1,3,4,5,2,13,1,61,2,7,6,1,7,9,3,18,2,12,,42,,1,22,121.5472181,25.0966457
113,12,20,19,30,2,08士林區,士林區故宮路35巷與故宮路口,0,0,3,2,C03,6,5,5,50,4,2,1,4,4,5,13,1,1,3,4,5,2,13,1,32,2,9,6,1,7,15,1,9,2,13,,44,,1,22,121.5472181,25.0966457
113,12,20,19,30,2,08士林區,士林區故宮路35巷與故宮路口,0,0,3,3,H02,6,5,5,50,4,2,1,4,4,5,13,1,1,3,4,5,2,13,2,26,2,9,6,5,7,17,8,20,10,17,,67,,1,22,121.5472181,25.0966457
113,12,20,19,45,2,04大安區,大安區忠孝東路4段52號,0,0,1,1,B01,8,5,5,50,14,9,1,5,4,3,13,4,4,1,4,5,2,13,1,63,3,10,3,4,7,9,1,4,1,5,,108,,1,21,121.5450648,25.0415172
113,12,20,19,45,2,04大安區,大安區忠孝東路4段52號,0,0,1,2,C03,8,5,5,50,14,9,1,5,4,3,13,4,4,1,4,5,2,13,2,34,2,8,3,4,7,7,1,10,1,12,,100,,1,21,121.5450648,25.0415172
113,12,20,20,20,2,12內湖區,內湖區康寧路3段165巷與康寧路3段165巷23弄口,0,0,3,1,C03,6,5,5,30,4,18,1,4,4,5,13,4,4,10,5,5,2,9,1,61,2,7,5,1,7,9,1,10,2,11,,70,,1,21,121.6121209,25.07136432
113,12,20,20,20,2,12內湖區,內湖區康寧路3段165巷與康寧路3段165巷23弄口,0,0,3,2,H01,6,5,5,30,4,18,1,4,4,5,13,4,4,10,5,5,2,9,1,37,2,9,4,5,8,16,8,20,10,16,,67,,1,21,121.6121209,25.07136432
113,12,20,20,20,2,12內湖區,內湖區康寧路3段165巷與康寧路3段165巷23弄口,0,0,3,3,H01,6,5,5,30,4,18,1,4,4,5,13,4,4,10,5,5,2,9,2,29,2,9,4,5,8,16,8,20,10,16,,67,,1,21,121.6121209,25.07136432
113,12,20,20,21,2,07信義區,信義區松山路568號,0,0,2,1,C03,6,5,5,50,14,9,1,4,4,5,13,4,4,9,5,5,2,17,1,30,2,9,5,1,7,9,1,10,1,11,,108,,1,21,121.5782667,25.0371619
113,12,20,20,21,2,07信義區,信義區松山路568號,0,0,2,2,F01,6,5,5,50,14,9,1,4,4,5,13,4,4,9,5,5,2,17,1,89,2,9,2,1,7,11,8,20,1,14,,11,,1,21,121.5782667,25.0371619
113,12,20,20,30,2,09北投區,北投區石牌路2段201號中正樓前,0,0,1,1,C03,7,5,5,50,14,9,1,4,4,5,13,1,1,5,4,4,1,12,2,61,2,9,5,1,7,7,1,10,1,14,,100,,1,21,121.5202926,25.1186181
113,12,20,20,30,2,09北投區,北投區石牌路2段201號中正樓前,0,0,1,2,B03,7,5,5,50,14,9,1,4,4,5,13,1,1,5,4,4,1,12,1,51,3,10,7,1,7,9,1,8,1,5,,44,,1,21,121.5202926,25.1186181
113,12,20,20,37,2,05中正區,中正區同安街與同安街30巷口,0,0,2,1,C03,7,5,5,30,3,2,1,5,4,5,13,4,4,10,5,5,2,16,1,37,2,9,5,1,7,11,1,10,1,14,,10,,1,21,121.5218429,25.0242751
113,12,20,20,37,2,05中正區,中正區同安街與同安街30巷口,0,0,2,2,C03,7,5,5,30,3,2,1,5,4,5,13,4,4,10,5,5,2,16,1,33,2,9,5,1,7,9,1,10,1,11,,107,,1,21,121.5218429,25.0242751
113,12,20,20,39,2,08士林區,士林區中山北路5段與福國路口,0,0,2,1,C03,8,5,5,50,3,1,1,5,4,5,13,2,1,1,4,5,2,17,2,32,2,8,3,4,7,5,1,10,1,14,,44,,1,22,121.525591,25.10238412
113,12,20,20,39,2,08士林區,士林區中山北路5段與福國路口,0,0,2,2,C03,8,5,5,50,3,1,1,5,4,5,13,2,1,1,4,5,2,17,2,50,2,7,3,4,7,5,1,10,1,14,,44,,1,22,121.525591,25.10238412
113,12,20,20,39,2,08士林區,士林區中山北路5段與福國路口,0,0,2,3,A04,8,5,5,50,3,1,1,5,4,5,13,2,1,1,4,5,2,17,1,28,3,10,3,4,7,5,1,2,11,17,,120,,1,22,121.525591,25.10238412
113,12,20,20,40,2,08士林區,士林區仰德大道3段與仰德大道3段口福音山莊,0,0,1,1,B03,6,5,5,40,3,2,1,4,4,5,13,1,1,5,5,5,1,13,1,25,3,10,7,1,7,9,1,8,1,1,,108,,1,22,121.5504769,25.1142906
113,12,20,20,40,2,08士林區,士林區仰德大道3段與仰德大道3段口福音山莊,0,0,1,2,B03,6,5,5,40,3,2,1,4,4,5,13,1,1,5,5,5,1,13,1,58,3,10,7,1,7,9,1,8,1,3,,44,,1,22,121.5504769,25.1142906
113,12,20,20,40,2,08士林區,士林區仰德大道3段與仰德大道3段口福音山莊,0,0,1,3,H02,6,5,5,40,3,2,1,4,4,5,13,1,1,5,5,5,1,13,2,49,2,1,7,5,7,17,8,20,10,17,,67,,1,22,121.5504769,25.1142906
113,12,20,20,50,2,11南港區,南港區忠孝東路6段與忠孝東路6段185巷口,0,0,1,1,C03,6,5,5,30,4,2,1,4,4,5,13,4,4,10,5,5,2,16,1,67,3,10,6,1,7,5,1,10,1,17,,72,,1,21,121.5871749,25.0491347
113,12,20,20,50,2,11南港區,南港區忠孝東路6段與忠孝東路6段185巷口,0,0,1,2,C03,6,5,5,30,4,2,1,4,4,5,13,4,4,10,5,5,2,16,2,50,2,9,6,1,7,9,1,10,1,15,,44,,1,21,121.5871749,25.0491347
113,12,20,20,56,2,08士林區,士林區福華路150號,0,0,2,1,B03,7,5,5,50,14,9,1,5,4,5,13,4,4,10,4,5,2,13,1,35,2,9,7,1,7,9,1,8,2,1,,116,,1,22,121.5226757,25.1032947
113,12,20,20,56,2,08士林區,士林區福華路150號,0,0,2,2,B01,7,5,5,50,14,9,1,5,4,5,13,4,4,10,4,5,2,13,1,69,2,9,7,1,7,14,1,4,2,3,,38,,1,22,121.5226757,25.1032947
113,12,20,20,56,2,08士林區,士林區福華路150號,0,0,2,3,B01,7,5,5,50,14,9,1,5,4,5,13,4,4,10,4,5,2,13,1,62,3,10,3,4,7,14,1,4,2,3,,44,,1,22,121.5226757,25.1032947
113,12,20,20,56,2,08士林區,士林區福華路150號,0,0,2,4,B01,7,5,5,50,14,9,1,5,4,5,13,4,4,10,4,5,2,13,1,68,3,10,3,4,7,14,1,4,2,3,,44,,1,22,121.5226757,25.1032947
113,12,20,20,57,2,07信義區,信義區松仁路與松勤街口,0,0,1,1,B03,6,5,5,50,4,2,1,4,4,5,13,1,1,5,4,5,2,16,1,31,3,10,7,1,7,5,1,8,1,8,,8,,1,21,121.5683809,25.0318771
113,12,20,20,57,2,07信義區,信義區松仁路與松勤街口,0,0,1,2,C03,6,5,5,50,4,2,1,4,4,5,13,1,1,5,4,5,2,16,1,51,2,8,6,1,7,9,1,10,1,14,,44,,1,21,121.5683809,25.0318771
113,12,20,21,0,2,05中正區,中正區羅斯福路3段162號,0,0,1,1,C03,6,6,5,50,14,9,1,4,4,5,13,4,4,1,4,5,2,13,2,61,2,9,5,1,7,9,3,18,1,11,,108,,1,21,121.5286942,25.0200798
113,12,20,21,0,2,05中正區,中正區羅斯福路3段162號,0,0,1,2,B03,6,6,5,50,14,9,1,4,4,5,13,4,4,1,4,5,2,13,1,43,3,10,7,1,7,14,1,8,1,3,,44,,1,21,121.5286942,25.0200798
113,12,20,21,0,2,05中正區,中正區思源街1號,0,0,3,1,C03,6,5,5,50,3,1,1,4,4,5,13,1,1,5,2,5,2,17,1,59,2,7,5,1,7,5,1,10,2,14,,8,,1,21,121.530163,25.0134452
113,12,20,21,0,2,05中正區,中正區思源街1號,0,0,3,2,C03,6,5,5,50,3,1,1,4,4,5,13,1,1,5,2,5,2,17,1,18,2,8,5,1,7,9,1,10,2,11,,108,,1,25,121.530163,25.0134452
113,12,20,21,0,2,05中正區,中正區思源街1號,0,0,3,3,H02,6,5,5,50,3,1,1,4,4,5,13,1,1,5,2,5,2,17,2,17,2,8,5,5,7,20,8,20,10,16,,67,,1,21,121.530163,25.0134452
113,12,20,21,18,2,06松山區,松山區市民大道4段265號,0,0,2,1,C03,6,5,5,50,14,9,1,4,4,5,13,4,4,1,4,5,2,17,1,66,2,1,5,1,7,9,1,10,1,13,,44,,1,21,121.5552501,25.04473768
113,12,20,21,18,2,06松山區,松山區市民大道4段265號,0,0,2,2,C03,6,5,5,50,14,9,1,4,4,5,13,4,4,1,4,5,2,17,2,22,2,7,5,1,7,9,1,10,1,11,,107,,1,21,121.5552501,25.04473768
113,12,20,21,18,2,06松山區,松山區市民大道4段265號,0,0,2,3,B03,6,5,5,50,14,9,1,4,4,5,13,4,4,1,4,5,2,17,1,42,3,10,2,1,7,13,1,8,9,7,,44,,1,21,121.5552501,25.04473768
113,12,20,21,42,2,03中山區,中山區南京西路1-2號,0,0,1,1,F02,7,5,5,50,14,9,1,4,4,5,13,4,4,9,3,5,1,17,1,44,2,9,5,1,7,7,8,20,1,14,,100,,1,21,121.5212821,25.0524956
113,12,20,21,42,2,03中山區,中山區南京西路1-2號,0,0,1,2,B03,7,5,5,50,14,9,1,4,4,5,13,4,4,9,3,5,1,17,1,37,3,10,7,1,7,9,1,8,1,2,,44,,1,21,121.5212821,25.0524956
113,12,20,21,49,2,05中正區,中正區中山南路與忠孝東路1段口,0,0,1,1,B12,7,5,5,50,4,2,1,4,4,5,13,1,1,1,4,1,2,3,1,34,3,10,7,1,7,9,1,8,2,1,,70,,1,21,121.5197778,25.04553692
113,12,20,21,49,2,05中正區,中正區中山南路與忠孝東路1段口,0,0,1,2,H01,7,5,5,50,4,2,1,4,4,5,13,1,1,1,4,1,2,3,2,80,2,9,4,5,8,16,8,20,10,16,,122,,1,21,121.5197778,25.04553692
113,12,20,21,54,2,01大同區,大同區南京西路273號,0,0,1,1,C03,6,5,5,50,14,9,1,4,4,5,13,4,4,9,5,5,2,16,1,18,2,9,6,1,7,11,1,10,2,12,,10,,1,21,121.5095027,25.05332407
113,12,20,21,54,2,01大同區,大同區南京西路273號,0,0,1,2,B03,6,5,5,50,14,9,1,4,4,5,13,4,4,9,5,5,2,16,1,43,3,10,7,1,7,9,1,8,2,1,,44,,1,21,121.5095027,25.05332407
113,12,20,21,54,2,04大安區,大安區金山南路2段27號,0,0,2,1,A02,7,5,5,50,14,9,1,4,4,5,13,4,4,10,5,5,2,13,4,0,,,,,,,,,11,,,,,,,121.527186,25.0332786
113,12,20,21,54,2,04大安區,大安區金山南路2段27號,0,0,2,2,C03,7,5,5,50,14,9,1,4,4,5,13,4,4,10,5,5,2,13,1,43,2,9,3,4,7,9,1,10,2,11,,44,,1,21,121.527186,25.0332786
113,12,20,21,54,2,04大安區,大安區金山南路2段27號,0,0,2,3,C03,7,5,5,50,14,9,1,4,4,5,13,4,4,10,5,5,2,13,1,30,2,2,3,4,7,15,1,10,2,13,,44,,1,21,121.527186,25.0332786
113,12,20,21,57,2,02萬華區,萬華區成都路與漢中街口,0,0,1,1,,7,5,5,50,4,2,1,4,4,5,13,1,1,8,3,5,2,3,4,0,4,11,3,4,7,21,7,19,11,15,,119,,2,22,121.5077481,25.042409
113,12,20,21,57,2,02萬華區,萬華區成都路與漢中街口,0,0,1,2,H01,7,5,5,50,4,2,1,4,4,5,13,1,1,8,3,5,2,3,1,45,2,8,4,5,8,16,8,20,10,16,,67,,1,21,121.5077481,25.042409
113,12,20,21,58,2,07信義區,信義區基隆路2段與光復南路口側附近口,0,0,1,1,,6,5,5,50,14,9,1,4,4,5,13,1,1,8,5,5,2,17,4,0,,,,,,,,,,,,119,,2,,121.5575452,25.0300613
113,12,20,21,58,2,07信義區,信義區基隆路2段與光復南路口側附近口,0,0,1,2,C03,6,5,5,50,14,9,1,4,4,5,13,1,1,8,5,5,2,17,1,30,2,8,6,1,7,9,1,10,1,12,,44,,1,21,121.5575452,25.0300613
113,12,20,21,58,2,07信義區,信義區基隆路2段與光復南路口側附近口,0,0,1,3,B03,6,5,5,50,14,9,1,4,4,5,13,1,1,8,5,5,2,17,1,43,3,10,7,1,7,9,1,4,1,2,,44,,1,21,121.5575452,25.0300613
113,12,20,21,58,2,07信義區,信義區松仁路與松勤街口,0,0,1,1,,6,5,5,50,4,2,1,4,4,5,13,1,1,5,4,5,2,17,4,0,4,11,3,4,7,6,7,19,11,4,,119,,2,22,121.5683642,25.0320289
113,12,20,21,58,2,07信義區,信義區松仁路與松勤街口,0,0,1,2,B03,6,5,5,50,4,2,1,4,4,5,13,1,1,5,4,5,2,17,1,34,3,10,7,1,7,5,1,8,1,2,,118,,1,21,121.5683642,25.0320289
113,12,20,21,58,2,07信義區,信義區松仁路與松勤街口,0,0,1,3,H02,6,5,5,50,4,2,1,4,4,5,13,1,1,5,4,5,2,17,2,34,2,2,7,5,7,20,8,20,10,16,,67,,1,21,121.5683642,25.0320289
113,12,20,22,4,2,03中山區,中山區南京東路3段與遼寧街口口,0,0,2,1,C03,6,5,5,50,4,2,1,4,4,5,13,1,1,1,3,4,2,13,1,20,2,9,6,1,7,9,1,9,1,11,,108,,1,22,121.5476161,25.04816184
113,12,20,22,4,2,03中山區,中山區南京東路3段與遼寧街口口,0,0,2,2,C03,6,5,5,50,4,2,1,4,4,5,13,1,1,1,3,4,2,13,1,41,2,9,6,4,7,9,1,10,1,13,,44,,1,22,121.5476161,25.04816184
113,12,20,22,6,2,05中正區,中正區水源路與詔安街38巷口,0,0,1,1,C03,6,6,5,50,3,2,1,4,4,5,13,4,4,3,4,5,2,23,1,19,2,9,5,1,7,9,1,10,1,11,,108,,1,21,121.5146603,25.02410451
113,12,20,22,6,2,05中正區,中正區水源路與詔安街38巷口,0,0,1,2,,6,6,5,50,3,2,1,4,4,5,13,4,4,3,4,5,2,23,3,0,,,,,,,,,,,,67,,1,,121.5146603,25.02410451
113,12,20,22,30,2,07信義區,信義區松勤街100號,0,0,1,1,C03,7,5,5,30,14,9,1,5,4,5,13,4,4,9,5,5,2,17,1,44,3,10,5,1,7,9,1,10,1,11,,14,,1,21,121.5638248,25.0320429
113,12,20,22,30,2,07信義區,信義區松勤街100號,0,0,1,2,F01,7,5,5,30,14,9,1,5,4,5,13,4,4,9,5,5,2,17,2,20,2,9,2,1,7,11,8,20,1,12,,11,,1,21,121.5638248,25.0320429
113,12,20,22,35,2,06松山區,松山區敦化南路1段與八德路3段12巷52弄口,0,0,2,1,C03,6,5,5,50,3,2,1,4,4,5,13,1,1,8,3,4,2,13,1,41,3,10,5,1,7,9,1,10,1,13,,14,,1,21,121.5491571,25.0459844
113,12,20,22,35,2,06松山區,松山區敦化南路1段與八德路3段12巷52弄口,0,0,2,2,C03,6,5,5,50,3,2,1,4,4,5,13,1,1,8,3,4,2,13,1,38,2,9,5,1,7,9,1,10,1,11,,16,,1,21,121.5491571,25.0459844
113,12,20,22,35,2,06松山區,松山區敦化南路1段與八德路3段12巷52弄口,0,0,2,3,C03,6,5,5,50,3,2,1,4,4,5,13,1,1,8,3,4,2,13,2,27,2,9,5,1,7,9,1,10,1,11,,16,,1,21,121.5491571,25.0459844
113,12,20,22,35,2,06松山區,松山區敦化南路1段與八德路3段12巷52弄口,0,0,2,4,C03,6,5,5,50,3,2,1,4,4,5,13,1,1,8,3,4,2,13,2,20,3,10,5,1,7,9,1,10,1,12,,17,,1,21,121.5491571,25.0459844
113,12,20,23,2,2,03中山區,中山區市民大道3段與建國南路1段口,0,0,1,1,B01,6,5,5,40,4,1,1,4,4,5,13,1,1,9,4,5,2,12,1,57,3,10,3,4,7,9,1,4,1,4,,44,,1,22,121.5362482,25.04489388
113,12,20,23,2,2,03中山區,中山區市民大道3段與建國南路1段口,0,0,1,2,C03,6,5,5,40,4,1,1,4,4,5,13,1,1,9,4,5,2,12,2,55,2,9,5,4,7,9,1,10,1,12,,44,,1,22,121.5362482,25.04489388
113,12,20,23,3,2,01大同區,大同區延平北路2段與南京西路口口,0,0,2,2,C03,6,5,5,50,4,1,1,4,4,5,13,2,1,5,5,5,2,16,2,18,2,9,6,1,7,9,1,10,1,14,,44,,1,21,121.5117189,25.0539523
113,12,20,23,3,2,01大同區,大同區延平北路2段與南京西路口口,0,0,2,3,H02,6,5,5,50,4,1,1,4,4,5,13,2,1,5,5,5,2,16,2,19,2,9,6,5,7,20,8,20,10,16,,67,,1,21,121.5117189,25.0539523
113,12,20,23,3,2,01大同區,大同區延平北路2段與南京西路口口,0,0,2,1,B03,6,5,5,50,4,1,1,4,4,5,13,2,1,5,5,5,2,16,2,26,3,10,7,1,7,6,1,8,1,5,,9,,1,25,121.5117189,25.0539523
113,12,20,23,7,2,01大同區,大同區台北橋機慢車道往西上橋處,0,0,1,1,C03,7,5,7,50,14,11,1,5,4,5,13,4,4,1,4,5,2,17,1,32,3,10,3,4,7,15,1,10,1,13,,101,,1,21,121.508715,25.0634874
113,12,20,23,7,2,01大同區,大同區台北橋機慢車道往西上橋處,0,0,1,2,C03,7,5,7,50,14,11,1,5,4,5,13,4,4,1,4,5,2,17,2,28,2,9,3,4,7,15,1,10,1,11,,108,,1,21,121.508715,25.0634874
113,12,20,23,45,2,01大同區,大同區鄭州路與西寧北路口32號,0,0,1,1,C03,7,5,5,40,14,9,1,5,4,5,13,4,4,1,4,5,2,17,1,31,2,9,3,4,7,9,1,10,1,11,,42,,1,21,121.5075477,25.0507067
113,12,20,23,45,2,01大同區,大同區鄭州路與西寧北路口32號,0,0,1,2,C03,7,5,5,40,14,9,1,5,4,5,13,4,4,1,4,5,2,17,2,28,3,10,3,4,7,15,1,10,1,13,,42,,1,21,121.5075477,25.0507067