發生年度,發生月,發生日,發生時-Hours,發生分,處理別-編號,區序,肇事地點,死亡人數,2-30日死亡人數,受傷人數,當事人序號,車種,天候,道路照明設備,道路類別,速限-速度限制,道路型態,事故位置,路面狀況1,路面狀況2,路面狀況3,道路障礙1,道路障礙2,號誌1,號誌2,車道劃分-分向,車道劃分-分道1,車道劃分-分道2,車道劃分-分道3,事故類型及型態,性別,年齡,受傷程度,主要傷處,保護裝置,行動電話,車輛用途,當事者行動狀態,駕駛資格情形,駕駛執照種類,飲酒情形,車輛撞擊部位1,車輛撞擊部位2,肇因碼-個別,肇因碼-主要,個人肇逃否,職業,座標-X,座標-Y
113,12,20,23,45,2,01大同區,大同區鄭州路與西寧北路口32號,0,0,1,3,,7,5,5,40,14,9,1,5,4,5,13,4,4,1,4,5,2,17,4,0,,,,,,,,,,,,119,,2,,121.5075477,25.0507067
113,12,20,23,50,2,07信義區,信義區松仁路194號,0,0,2,1,C03,6,5,5,50,14,9,1,4,4,5,13,4,4,9,5,4,2,2,1,55,2,9,5,1,7,9,1,10,2,11,,108,,1,21,121.5683961,25.0277861
113,12,20,23,50,2,07信義區,信義區松仁路194號,0,0,2,2,H01,6,5,5,50,14,9,1,4,4,5,13,4,4,9,5,4,2,2,2,58,2,9,4,5,8,16,8,20,1,16,,121,,1,21,121.5683961,25.0277861
113,12,21,0,38,2,01大同區,大同區酒泉街與延平北路4段口,0,0,1,1,B01,6,5,5,50,5,18,1,4,4,5,13,1,1,5,5,5,2,3,1,52,3,10,7,1,7,5,1,2,2,1,,70,,1,21,121.511113,25.0722761
113,12,21,0,38,2,01大同區,大同區酒泉街與延平北路4段口,0,0,1,2,H01,6,5,5,50,5,18,1,4,4,5,13,1,1,5,5,5,2,3,2,22,2,7,4,5,8,16,8,20,10,16,,67,,1,21,121.511113,25.0722761
113,12,21,0,52,2,05中正區,中正區新生北路1段與市民大道3段口,0,0,4,1,H01,6,5,5,40,4,2,1,4,4,5,13,1,1,1,5,5,2,3,1,24,2,1,4,5,8,16,8,20,10,16,,122,,1,29,121.5326534,25.0453915
113,12,21,0,52,2,05中正區,中正區新生北路1段與市民大道3段口,0,0,4,2,C03,6,5,5,40,4,2,1,4,4,5,13,1,1,1,5,5,2,3,1,30,2,2,5,1,7,9,1,10,2,13,,70,,1,22,121.5326534,25.0453915
113,12,21,0,52,2,05中正區,中正區新生北路1段與市民大道3段口,0,0,4,3,C03,6,5,5,40,4,2,1,4,4,5,13,1,1,1,5,5,2,3,1,20,2,9,5,1,7,9,1,10,2,11,,16,,1,22,121.5326534,25.0453915
113,12,21,0,52,2,05中正區,中正區新生北路1段與市民大道3段口,0,0,4,4,C03,6,5,5,40,4,2,1,4,4,5,13,1,1,1,5,5,2,3,1,29,2,9,5,1,7,9,1,10,2,17,,13,,1,22,121.5326534,25.0453915
113,12,21,1,15,2,03中山區,中山區林森北路與林森北路138巷口,0,0,1,1,C03,6,5,5,50,3,1,1,4,4,5,13,4,4,3,4,5,2,17,1,22,2,9,5,1,7,9,1,10,1,14,,42,,1,21,121.5251943,25.05138553
113,12,21,1,15,2,03中山區,中山區林森北路與林森北路138巷口,0,0,1,2,B01,6,5,5,50,3,1,1,4,4,5,13,4,4,3,4,5,2,17,1,64,3,10,7,1,7,14,1,4,1,17,,38,,1,21,121.5251943,25.05138553
113,12,21,1,54,2,04大安區,大安區復興南路1段200號,0,0,2,1,C03,6,5,5,50,14,9,2,4,4,5,13,2,1,1,4,5,2,8,1,50,2,8,5,1,7,9,1,10,2,11,,108,,1,22,121.5436059,25.0397433
113,12,21,1,54,2,04大安區,大安區復興南路1段200號,0,0,2,2,H01,6,5,5,50,14,9,2,4,4,5,13,2,1,1,4,5,2,8,2,26,2,8,4,5,8,17,8,20,10,16,,54,,1,22,121.5436059,25.0397433
113,12,21,1,55,2,10文山區,文山區保儀路與木柵路3段102巷口,0,0,3,1,B03,6,5,6,50,4,1,1,4,4,5,13,2,1,10,5,5,1,17,1,28,2,8,7,1,7,9,1,8,1,4,,81,,1,21,121.5683624,24.9868285
113,12,21,1,55,2,10文山區,文山區保儀路與木柵路3段102巷口,0,0,3,2,B01,6,5,6,50,4,1,1,4,4,5,13,2,1,10,5,5,1,17,1,47,2,7,7,1,7,9,1,4,1,1,,13,,1,21,121.5683624,24.9868285
113,12,21,1,55,2,10文山區,文山區保儀路與木柵路3段102巷口,0,0,3,3,H02,6,5,6,50,4,1,1,4,4,5,13,2,1,10,5,5,1,17,1,26,2,3,7,5,7,21,8,20,10,16,,67,,1,21,121.5683624,24.9868285
113,12,21,5,9,2,02萬華區,萬華區環河快速道路與萬大路口,0,0,1,1,B03,7,5,5,40,4,1,1,4,4,5,13,1,1,1,3,5,2,3,1,69,3,10,7,1,7,9,1,8,1,1,,44,,1,21,121.4953227,25.0165053
113,12,21,5,9,2,02萬華區,萬華區環河快速道路與萬大路口,0,0,1,2,H01,7,5,5,40,4,1,1,4,4,5,13,1,1,1,3,5,2,3,1,76,2,9,4,5,8,16,8,20,10,16,,122,,1,21,121.4953227,25.0165053
113,12,21,5,19,2,12內湖區,內湖區行善路59巷美善公園,0,0,2,1,C03,6,5,6,30,14,9,1,4,4,5,13,4,4,5,5,5,2,4,2,54,2,9,5,1,7,9,1,10,1,11,,108,,1,21,121.57836,25.0569934
113,12,21,5,19,2,12內湖區,內湖區行善路59巷美善公園,0,0,2,2,H01,6,5,6,30,14,9,1,4,4,5,13,4,4,5,5,5,2,4,1,56,2,9,4,5,8,16,8,20,10,16,,121,,1,21,121.57836,25.0569934
113,12,21,6,25,2,03中山區,中山區林森北路561號,0,0,2,1,C03,8,5,5,50,14,9,1,5,4,5,13,4,4,5,5,5,2,2,2,66,2,9,6,1,7,9,1,10,1,11,,108,,1,22,121.5257029,25.0645608
113,12,21,6,25,2,03中山區,中山區林森北路561號,0,0,2,2,H01,8,5,5,50,14,9,1,5,4,5,13,4,4,5,5,5,2,2,2,71,2,9,4,5,8,16,8,20,10,16,,121,,1,22,121.5257029,25.0645608
113,12,21,6,29,2,03中山區,中山區民族東路410巷與五常街口,0,0,1,1,B03,7,6,5,50,3,1,1,4,4,5,13,4,4,5,4,5,2,17,1,49,3,10,7,1,7,5,1,8,1,8,,72,,1,21,121.5382988,25.0643568
113,12,21,6,29,2,03中山區,中山區民族東路410巷與五常街口,0,0,1,2,C03,7,6,5,50,3,1,1,4,4,5,13,4,4,5,4,5,2,17,1,65,2,9,6,1,7,9,1,10,1,11,,44,,1,21,121.5382988,25.0643568
113,12,21,7,30,2,07信義區,信義區信義路5段與基隆路2段口,0,0,1,1,B02,7,6,5,50,4,1,1,4,4,5,13,2,1,1,3,5,2,16,2,36,3,10,3,4,7,11,1,8,2,4,,10,,1,22,121.5596891,25.0330006
113,12,21,7,30,2,07信義區,信義區信義路5段與基隆路2段口,0,0,1,2,C03,7,6,5,50,4,1,1,4,4,5,13,2,1,1,3,5,2,16,1,61,2,9,6,4,7,5,1,10,2,12,,108,,1,22,121.5596891,25.0330006
113,12,21,8,20,2,05中正區,中正區重慶南路2段與南海路口,0,0,1,1,B03,7,7,5,50,4,1,1,5,4,5,13,1,1,1,4,5,2,16,1,69,3,10,7,1,7,5,6,18,1,6,,74,,1,21,121.5143196,25.0318853
113,12,21,8,20,2,05中正區,中正區重慶南路2段與南海路口,0,0,1,2,C03,7,7,5,50,4,1,1,5,4,5,13,1,1,1,4,5,2,16,2,40,2,9,5,1,7,9,1,10,1,11,,44,,1,21,121.5143196,25.0318853
113,12,21,8,47,2,04大安區,大安區復興南路2段349號,0,0,1,1,C03,6,7,5,50,14,7,1,4,4,5,13,4,4,1,4,4,2,13,1,47,2,3,6,1,7,9,1,10,1,11,,16,,1,21,121.5434543,25.0239084
113,12,21,8,47,2,04大安區,大安區復興南路2段349號,0,0,1,2,B03,6,7,5,50,14,7,1,4,4,5,13,4,4,1,4,4,2,13,1,63,3,10,7,1,7,9,1,8,1,6,,44,,1,21,121.5434543,25.0239084
113,12,21,8,57,2,09北投區,北投區石牌路1段39巷與尊賢街302巷口,0,0,2,1,C03,7,6,5,30,4,1,1,5,4,5,13,4,4,10,5,5,2,15,2,68,2,9,6,1,7,9,1,10,1,14,,72,,1,21,121.5085814,25.1181186
113,12,21,8,57,2,09北投區,北投區石牌路1段39巷與尊賢街302巷口,0,0,2,2,C03,7,6,5,30,4,1,1,5,4,5,13,4,4,10,5,5,2,15,2,63,2,9,6,1,7,9,1,10,1,11,,108,,1,21,121.5085814,25.1181186
113,12,21,9,35,2,01大同區,大同區民權西路102巷與民權西路102巷4弄口,0,0,2,1,C03,8,7,5,30,4,2,1,5,4,5,13,4,4,10,5,5,2,15,2,52,2,8,6,1,7,9,1,10,1,14,,72,,1,21,121.5177074,25.0615747
113,12,21,9,35,2,01大同區,大同區民權西路102巷與民權西路102巷4弄口,0,0,2,2,C03,8,7,5,30,4,2,1,5,4,5,13,4,4,10,5,5,2,15,1,21,2,7,6,1,7,9,1,10,1,11,,14,,1,21,121.5177074,25.0615747
113,12,21,10,5,2,09北投區,北投區公館路與北投路1段口,0,0,1,1,C03,7,6,5,50,4,1,1,5,4,5,13,2,1,5,4,5,2,16,1,23,3,10,5,1,7,9,1,10,1,11,,99,,1,21,121.5025808,25.12133384
113,12,21,10,5,2,09北投區,北投區公館路與北投路1段口,0,0,1,2,C03,7,6,5,50,4,1,1,5,4,5,13,2,1,5,4,5,2,16,1,74,2,9,5,1,7,5,1,10,1,14,,8,,1,21,121.5025808,25.12133384
113,12,21,10,9,2,08士林區,士林區忠誠路2段207巷體大鴻坦樓門口,0,0,1,1,C03,7,6,5,50,14,9,1,5,4,5,13,4,4,9,5,5,1,13,1,20,2,9,6,1,7,9,1,10,1,11,,108,,1,22,121.5370628,25.1164123
113,12,21,10,9,2,08士林區,士林區忠誠路2段207巷體大鴻坦樓門口,0,0,1,2,B03,7,6,5,50,14,9,1,5,4,5,13,4,4,9,5,5,1,13,1,47,3,10,7,1,7,14,1,8,1,6,,44,,1,22,121.5370628,25.1164123
113,12,21,10,9,2,08士林區,士林區忠誠路2段207巷體大鴻坦樓門口,0,0,1,3,,7,6,5,50,14,9,1,5,4,5,13,4,4,9,5,5,1,13,4,0,,,,,,,,,,,,119,,2,,121.5370628,25.1164123
113,12,21,10,20,2,12內湖區,內湖區康寧路3段70巷與康寧路3段口,0,0,1,1,B03,7,6,5,50,4,2,1,4,4,5,13,2,1,1,4,4,2,17,1,55,3,10,7,1,7,8,1,8,2,17,,100,,1,21,121.6113163,25.0702959
113,12,21,10,20,2,12內湖區,內湖區康寧路3段70巷與康寧路3段口,0,0,1,2,C03,7,6,5,50,4,2,1,4,4,5,13,2,1,1,4,4,2,17,1,29,2,8,6,1,7,9,1,10,2,17,,44,,1,21,121.6113163,25.0702959
113,12,21,10,50,2,03中山區,中山區中山北路2段115巷3弄與民權東路1段18巷口,0,0,1,1,C03,7,7,5,30,3,2,1,5,4,5,13,4,4,10,5,5,2,13,1,30,2,9,6,1,7,9,1,10,1,11,,16,,1,21,121.5236154,25.06134089
113,12,21,10,50,2,03中山區,中山區中山北路2段115巷3弄與民權東路1段18巷口,0,0,1,2,B03,7,7,5,30,3,2,1,5,4,5,13,4,4,10,5,5,2,13,1,50,3,10,7,1,7,9,1,8,1,3,,44,,1,21,121.5236154,25.06134089
113,12,21,11,46,2,02萬華區,萬華區西昌街與廣州街口,0,0,1,1,C03,7,6,5,50,4,2,1,5,4,5,13,4,4,5,5,5,1,17,1,54,2,8,3,4,7,5,6,18,1,14,,101,,1,22,121.5007553,25.0366347
113,12,21,11,46,2,02萬華區,萬華區西昌街與廣州街口,0,0,1,2,B03,7,6,5,50,4,2,1,5,4,5,13,4,4,5,5,5,1,17,1,20,3,10,3,4,7,9,1,8,1,5,,44,,1,22,121.5007553,25.0366347
113,12,21,12,1,2,04大安區,大安區敦化南路2段81巷與無名巷口,0,0,1,1,B12,7,7,5,50,4,1,1,5,4,5,13,2,1,8,3,5,1,17,1,36,3,10,3,4,7,13,1,8,1,7,,40,,1,21,121.550528,25.0298909
113,12,21,12,1,2,04大安區,大安區敦化南路2段81巷與無名巷口,0,0,1,2,F01,7,7,5,50,4,1,1,5,4,5,13,2,1,8,3,5,1,17,1,24,2,7,4,4,7,6,8,20,1,12,,44,,1,22,121.550528,25.0298909
113,12,21,12,3,2,02萬華區,萬華區水源快速道路往南198號燈桿,0,0,3,1,B03,7,6,5,60,10,7,1,5,4,5,13,4,4,10,4,5,2,12,1,58,3,10,7,1,7,7,1,8,1,7,,100,,1,21,121.5110597,25.02344794
113,12,21,12,3,2,02萬華區,萬華區水源快速道路往南198號燈桿,0,0,3,2,B01,7,6,5,60,10,7,1,5,4,5,13,4,4,10,4,5,2,12,1,20,2,8,7,1,7,9,1,4,1,5,,13,,1,21,121.5110597,25.02344794
113,12,21,12,3,2,02萬華區,萬華區水源快速道路往南198號燈桿,0,0,3,3,H02,7,6,5,60,10,7,1,5,4,5,13,4,4,10,4,5,2,12,1,24,2,1,4,5,7,20,8,20,10,16,,67,,1,21,121.5110597,25.02344794
113,12,21,12,3,2,02萬華區,萬華區水源快速道路往南198號燈桿,0,0,3,4,H02,7,6,5,60,10,7,1,5,4,5,13,4,4,10,4,5,2,12,2,29,2,8,4,5,7,20,8,20,10,16,,67,,1,21,121.5110597,25.02344794
113,12,21,12,28,2,08士林區,士林區葫蘆街與葫蘆街40巷口,0,0,1,1,B03,7,6,5,30,4,2,1,5,4,5,13,4,4,10,5,5,2,17,1,48,3,10,7,1,7,13,1,8,1,4,,40,,1,26,121.5095323,25.0801856
113,12,21,12,28,2,08士林區,士林區葫蘆街與葫蘆街40巷口,0,0,1,2,C03,7,6,5,30,4,2,1,5,4,5,13,4,4,10,5,5,2,17,1,29,2,9,6,1,7,9,1,9,1,12,,44,,1,26,121.5095323,25.0801856
113,12,21,12,35,2,03中山區,中山區中山北路3段2號,0,0,2,1,C03,7,6,5,50,14,9,1,5,4,5,13,4,4,1,4,5,2,13,1,21,2,9,5,4,7,9,1,10,1,11,,16,,1,21,121.5221723,25.0642873
113,12,21,12,35,2,03中山區,中山區中山北路3段2號,0,0,2,2,B03,7,6,5,50,14,9,1,5,4,5,13,4,4,1,4,5,2,13,1,24,3,10,3,4,7,9,1,8,1,7,,44,,1,21,121.5221723,25.0642873
113,12,21,12,35,2,03中山區,中山區中山北路3段2號,0,0,2,3,H02,7,6,5,50,14,9,1,5,4,5,13,4,4,1,4,5,2,13,2,20,2,9,5,5,7,21,8,20,10,16,,67,,1,21,121.5221723,25.0642873
113,12,21,14,0,2,03中山區,中山區松江路226巷與民生東路2段115巷口,0,0,1,1,B01,8,6,5,30,4,1,1,5,4,5,13,4,4,10,5,5,2,15,1,46,2,1,7,1,7,9,1,4,1,6,5,72,,1,21,121.5316497,25.05848791
113,12,21,14,0,2,03中山區,中山區松江路226巷與民生東路2段115巷口,0,0,1,2,B03,8,6,5,30,4,1,1,5,4,5,13,4,4,10,5,5,2,15,1,62,3,10,7,1,7,9,1,8,1,1,,44,,1,21,121.5316497,25.05848791
113,12,21,14,0,2,05中正區,中正區中山北路1段與北平西路口,0,0,1,1,C03,8,7,5,50,4,1,1,5,4,5,13,1,1,1,4,5,2,13,1,74,2,8,5,1,7,9,1,10,1,11,,16,,1,21,121.5203899,25.0470416
113,12,21,14,0,2,05中正區,中正區中山北路1段與北平西路口,0,0,1,2,B03,8,7,5,50,4,1,1,5,4,5,13,1,1,1,4,5,2,13,2,46,3,10,7,1,7,12,1,8,1,7,,44,,1,21,121.5203899,25.0470416
113,12,21,14,18,2,04大安區,大安區泰順街62巷與泰順街口,0,0,1,1,B03,7,7,5,30,5,1,1,5,4,5,13,4,4,5,4,5,2,9,1,70,3,10,7,1,7,5,1,8,1,17,,108,,1,21,121.5311359,25.0223071
113,12,21,14,18,2,04大安區,大安區泰順街62巷與泰順街口,0,0,1,2,H01,7,7,5,30,5,1,1,5,4,5,13,4,4,5,4,5,2,9,2,74,2,1,4,5,8,16,8,20,10,16,,54,,1,21,121.5311359,25.0223071
113,12,21,14,46,2,05中正區,中正區羅斯福路2段與杭州南路2段口口,0,0,1,1,B03,8,6,5,50,5,1,1,4,4,5,13,1,1,10,5,5,1,15,1,45,3,10,7,1,7,9,1,8,1,5,,85,,1,21,121.522037,25.0279889
113,12,21,14,46,2,05中正區,中正區羅斯福路2段與杭州南路2段口口,0,0,1,2,C03,8,6,5,50,5,1,1,4,4,5,13,1,1,10,5,5,1,15,1,22,2,8,6,1,7,1,1,10,1,11,,44,,1,21,121.522037,25.0279889
113,12,21,14,52,2,12內湖區,內湖區舊宗路1段268號,0,0,1,1,,7,6,5,50,14,8,1,5,4,5,13,4,4,1,4,5,1,17,4,0,,,,,,,,,,,,119,,2,,121.5762365,25.064061
113,12,21,14,52,2,12內湖區,內湖區舊宗路1段268號,0,0,1,2,C03,7,6,5,50,14,8,1,5,4,5,13,4,4,1,4,5,1,17,2,62,2,9,5,1,7,9,1,10,1,14,,118,,1,26,121.5762365,25.064061
113,12,21,14,57,2,05中正區,中正區羅斯福路2段2號與福州街口,0,0,1,1,C03,8,7,5,50,5,1,1,5,4,5,13,1,1,1,4,5,2,13,2,49,2,7,5,4,7,1,1,10,1,11,,44,,1,21,121.5205636,25.0294547
113,12,21,14,57,2,05中正區,中正區羅斯福路2段2號與福州街口,0,0,1,2,B03,8,7,5,50,5,1,1,5,4,5,13,1,1,1,4,5,2,13,2,43,3,10,7,4,7,1,1,8,1,6,,44,,1,21,121.5205636,25.0294547
113,12,21,15,0,2,02萬華區,萬華區西園路2段與西園路2段39巷口,0,0,1,1,C03,7,6,5,50,5,2,1,5,4,5,13,2,1,1,5,5,2,16,1,56,3,10,5,1,7,5,1,10,1,14,,8,,1,21,121.4973096,25.03183775
113,12,21,15,0,2,02萬華區,萬華區西園路2段與西園路2段39巷口,0,0,1,2,C03,7,6,5,50,5,2,1,5,4,5,13,2,1,1,5,5,2,16,1,35,2,9,5,1,7,9,1,10,1,11,,44,,1,26,121.4973096,25.03183775
113,12,21,15,55,2,10文山區,文山區汀州路4段與萬慶街口口,0,0,2,2,C03,8,6,5,30,5,2,1,5,4,5,13,1,1,10,5,5,2,17,1,29,2,9,6,1,7,9,1,10,1,11,,13,,1,21,121.5356695,24.9962421
113,12,21,15,55,2,10文山區,文山區汀州路4段與萬慶街口口,0,0,2,1,F01,8,6,5,30,5,2,1,5,4,5,13,1,1,10,5,5,2,17,1,46,2,9,4,1,7,7,8,20,9,13,,101,,1,21,121.5356695,24.9962421
113,12,21,16,35,2,05中正區,中正區師大路與汀州路3段口口,0,0,1,1,B03,7,6,5,50,5,1,1,4,4,5,13,1,1,1,4,5,1,15,2,52,3,10,7,1,7,9,1,8,1,2,,81,,1,21,121.5260745,25.0207063
113,12,21,16,35,2,05中正區,中正區師大路與汀州路3段口口,0,0,1,2,C03,7,6,5,50,5,1,1,4,4,5,13,1,1,1,4,5,1,15,1,50,2,8,6,1,7,9,1,10,1,11,,44,,1,21,121.5260745,25.0207063
113,12,21,16,46,2,04大安區,大安區市民大道4段與市民大道4段68巷口,0,0,1,1,B03,7,5,5,40,3,1,1,5,4,5,13,4,4,1,4,5,2,16,1,57,3,10,3,4,7,6,1,8,1,2,,9,,1,21,121.5472618,25.0449038
113,12,21,16,46,2,04大安區,大安區市民大道4段與市民大道4段68巷口,0,0,1,2,C03,7,5,5,40,3,1,1,5,4,5,13,4,4,1,4,5,2,16,1,22,2,8,3,4,7,9,1,10,1,14,,13,,1,21,121.5472618,25.0449038
113,12,21,16,51,2,09北投區,北投區磺溪便道振興醫院出入口,0,0,1,1,B03,7,6,5,0,14,9,1,5,4,5,13,4,4,10,5,5,2,17,1,24,3,10,7,1,7,1,1,8,1,4,,19,,1,22,121.5246867,25.11587561
113,12,21,16,51,2,09北投區,北投區磺溪便道振興醫院出入口,0,0,1,2,C03,7,6,5,0,14,9,1,5,4,5,13,4,4,10,5,5,2,17,1,23,2,8,6,1,7,9,1,10,1,11,,108,,1,22,121.5246867,25.11587561
113,12,21,16,56,2,04大安區,大安區永康街與信義路2段口,0,0,1,1,B03,7,5,5,50,14,9,1,5,4,5,13,4,4,5,5,5,1,3,1,40,3,10,7,1,7,9,1,8,1,1,,107,,1,21,121.5298788,25.0333562
113,12,21,16,56,2,04大安區,大安區永康街與信義路2段口,0,0,1,2,H01,7,5,5,50,14,9,1,5,4,5,13,4,4,5,5,5,1,3,2,59,2,8,4,5,8,16,8,20,10,16,,121,,1,21,121.5298788,25.0333562
113,12,21,17,0,2,07信義區,信義區崇德街與和平東路3段口,0,0,1,1,B03,7,5,5,50,3,1,1,5,4,5,13,4,4,9,4,5,2,13,1,45,3,10,7,1,7,6,1,8,1,1,,16,,1,21,121.5529134,25.0244204
113,12,21,17,0,2,07信義區,信義區崇德街與和平東路3段口,0,0,1,2,C03,7,5,5,50,3,1,1,5,4,5,13,4,4,9,4,5,2,13,2,28,2,9,6,1,7,9,1,10,1,13,,44,,1,21,121.5529134,25.0244204
113,12,21,17,20,2,04大安區,大安區敦南街與敦南街76巷口,0,0,1,1,B01,7,5,5,30,4,2,1,5,4,5,13,4,4,10,5,5,2,17,1,46,3,10,3,4,7,1,1,4,1,8,,19,,1,21,121.5474958,25.020868
113,12,21,17,20,2,04大安區,大安區敦南街與敦南街76巷口,0,0,1,2,C03,7,5,5,30,4,2,1,5,4,5,13,4,4,10,5,5,2,17,1,22,2,8,6,4,7,6,1,10,1,12,,44,,1,22,121.5474958,25.020868
113,12,21,17,26,2,07信義區,信義區信義路6段與松德路口,0,0,1,1,A02,6,5,5,50,4,1,1,4,4,5,13,2,1,9,4,5,1,17,1,58,3,10,3,4,7,1,1,2,9,17,,19,,1,22,121.5747304,25.0337854
113,12,21,17,26,2,07信義區,信義區信義路6段與松德路口,0,0,1,3,H02,6,5,5,50,4,1,1,4,4,5,13,2,1,9,4,5,1,17,2,38,2,9,3,5,7,17,8,20,10,16,,67,,1,22,121.5747304,25.0337854
113,12,21,17,26,2,07信義區,信義區信義路6段與松德路口,0,0,1,2,B03,6,5,5,50,4,1,1,4,4,5,13,2,1,9,4,5,1,17,1,52,3,10,3,4,7,6,1,8,9,17,,9,,1,22,121.5747304,25.0337854
113,12,21,17,30,2,03中山區,中山區長安西路19巷2弄與南京西路口14號,0,0,1,1,B03,7,5,5,30,14,9,1,5,4,5,13,4,4,10,5,5,2,17,1,37,3,10,7,1,7,14,1,8,1,2,,38,,1,21,121.5204372,25.0519674
113,12,21,17,30,2,03中山區,中山區長安西路19巷2弄與南京西路口14號,0,0,1,2,C03,7,5,5,30,14,9,1,5,4,5,13,4,4,10,5,5,2,17,1,23,2,8,5,1,7,9,1,10,1,14,,44,,1,23,121.5204372,25.0519674
113,12,21,17,30,2,03中山區,中山區長安西路19巷2弄與南京西路口14號,0,0,1,3,H02,7,5,5,30,14,9,1,5,4,5,13,4,4,10,5,5,2,17,2,36,3,10,7,5,7,19,8,20,10,16,,126,,1,21,121.5204372,25.0519674
113,12,21,17,35,2,06松山區,松山區新中街與民生東路5段口,0,0,1,2,C03,7,5,5,50,4,1,1,5,4,5,13,1,1,8,3,5,2,12,1,38,2,9,6,1,7,5,1,10,1,12,,8,,1,21,121.5604791,25.058677
113,12,21,17,35,2,06松山區,松山區新中街與民生東路5段口,0,0,1,1,B03,7,5,5,50,4,1,1,5,4,5,13,1,1,8,3,5,2,12,1,33,3,10,7,1,7,5,1,8,1,4,,8,,1,21,121.5604791,25.058677
113,12,21,18,0,2,05中正區,中正區臨沂街75巷18號,0,0,1,2,C03,7,5,5,30,14,9,1,5,4,5,13,4,4,10,5,5,2,17,1,57,3,10,5,1,7,9,1,10,2,17,,44,,1,21,121.5299183,25.0346414
113,12,21,18,0,2,05中正區,中正區臨沂街75巷18號,0,0,1,3,H02,7,5,5,30,14,9,1,5,4,5,13,4,4,10,5,5,2,17,2,44,3,10,7,5,7,19,8,20,10,17,,126,,1,21,121.5299183,25.0346414
113,12,21,18,0,2,05中正區,中正區臨沂街75巷18號,0,0,1,1,B01,7,5,5,30,14,9,1,5,4,5,13,4,4,10,5,5,2,17,1,57,3,10,7,1,7,14,1,4,2,2,,44,,1,21,121.5299183,25.0346414
113,12,21,18,0,2,05中正區,中正區臨沂街75巷18號,0,0,1,4,H02,7,5,5,30,14,9,1,5,4,5,13,4,4,10,5,5,2,17,1,56,2,8,5,5,7,20,8,20,10,16,,67,,1,21,121.5299183,25.0346414
113,12,21,18,0,2,12內湖區,內湖區舊宗路1段與行善路口口,0,0,1,1,B03,7,5,5,50,4,18,1,5,4,5,13,2,1,1,4,5,2,3,1,71,3,10,7,1,7,5,1,8,1,1,,70,,1,21,121.5803349,25.0586911
113,12,21,18,0,2,12內湖區,內湖區舊宗路1段與行善路口口,0,0,1,2,H01,7,5,5,50,4,18,1,5,4,5,13,2,1,1,4,5,2,3,2,53,2,8,4,5,8,16,8,20,10,16,,67,,1,21,121.5803349,25.0586911
113,12,21,18,12,2,04大安區,大安區新生南路3段22巷與溫州街口,0,0,1,1,B03,8,5,5,30,4,2,1,5,4,5,13,4,4,10,5,5,2,15,1,28,3,10,7,1,7,9,1,8,1,8,,72,,1,21,121.5334015,25.0241435
113,12,21,18,12,2,04大安區,大安區新生南路3段22巷與溫州街口,0,0,1,2,C03,8,5,5,30,4,2,1,5,4,5,13,4,4,10,5,5,2,15,1,31,2,8,6,1,7,9,1,10,1,11,,108,,1,21,121.5334015,25.0241435
113,12,21,18,42,2,10文山區,文山區景興路與景興路53巷口口,0,0,2,1,B02,7,5,5,50,4,4,1,5,4,5,13,2,1,1,4,5,2,13,1,72,4,11,7,1,7,15,1,8,11,15,,44,,2,21,121.5447373,24.9966712
113,12,21,18,42,2,10文山區,文山區景興路與景興路53巷口口,0,0,2,2,C03,7,5,5,50,4,4,1,5,4,5,13,2,1,1,4,5,2,13,1,71,2,5,5,1,7,14,3,18,2,13,,44,,1,21,121.5447373,24.9966712
113,12,21,18,42,2,10文山區,文山區景興路與景興路53巷口口,0,0,2,3,C03,7,5,5,50,4,4,1,5,4,5,13,2,1,1,4,5,2,13,1,34,2,7,6,1,7,14,1,10,2,11,,44,,1,21,121.5447373,24.9966712
113,12,21,18,58,2,02萬華區,萬華區忠孝橋接市民高架匝道,0,0,2,1,B01,7,5,5,40,10,9,1,5,4,5,13,4,4,10,5,5,2,13,1,61,2,1,7,4,7,9,1,4,1,5,,108,,1,21,121.5050022,25.0486813
113,12,21,18,58,2,02萬華區,萬華區忠孝橋接市民高架匝道,0,0,2,2,B03,7,5,5,40,10,9,1,5,4,5,13,4,4,10,5,5,2,13,1,26,2,8,7,4,7,9,1,8,1,7,,44,,1,21,121.5050022,25.0486813
113,12,21,19,32,2,03中山區,中山區明水路與大直橋口,0,0,1,1,C03,7,5,5,50,3,2,1,5,4,5,13,1,1,5,4,5,2,16,1,18,2,9,5,1,7,7,1,10,1,14,,100,,1,22,121.5444544,25.077414
113,12,21,19,32,2,03中山區,中山區明水路與大直橋口,0,0,1,2,B03,7,5,5,50,3,2,1,5,4,5,13,1,1,5,4,5,2,16,1,40,3,10,7,1,7,9,1,8,1,5,,44,,1,22,121.5444544,25.077414
113,12,21,19,58,2,12內湖區,內湖區文德路22巷與文德路22巷53弄口,0,0,2,1,C03,8,5,5,30,5,1,1,5,4,5,13,4,4,10,4,5,2,15,1,26,2,9,6,1,6,9,1,10,2,14,,14,,1,21,121.5941163,25.07093294
113,12,21,19,58,2,12內湖區,內湖區文德路22巷與文德路22巷53弄口,0,0,2,2,C03,8,5,5,30,5,1,1,5,4,5,13,4,4,10,4,5,2,15,1,52,2,9,6,1,7,9,1,10,2,12,,75,,1,21,121.5941163,25.07093294