發生年度,發生月,發生日,發生時-Hours,發生分,處理別-編號,區序,肇事地點,死亡人數,2-30日死亡人數,受傷人數,當事人序號,車種,天候,道路照明設備,道路類別,速限-速度限制,道路型態,事故位置,路面狀況1,路面狀況2,路面狀況3,道路障礙1,道路障礙2,號誌1,號誌2,車道劃分-分向,車道劃分-分道1,車道劃分-分道2,車道劃分-分道3,事故類型及型態,性別,年齡,受傷程度,主要傷處,保護裝置,行動電話,車輛用途,當事者行動狀態,駕駛資格情形,駕駛執照種類,飲酒情形,車輛撞擊部位1,車輛撞擊部位2,肇因碼-個別,肇因碼-主要,個人肇逃否,職業,座標-X,座標-Y
113,12,21,19,58,2,12內湖區,內湖區文德路22巷與文德路22巷53弄口,0,0,2,3,,8,5,5,30,5,1,1,5,4,5,13,4,4,10,4,5,2,15,3,0,,,,,,,,,,,,67,,1,,121.5941163,25.07093294
113,12,21,20,20,2,06松山區,松山區市民大道5段與東興路口,0,0,2,1,B03,7,5,5,40,14,9,1,5,4,5,13,4,4,1,4,5,2,13,1,38,3,10,7,1,7,15,1,8,2,1,,113,,1,21,121.5662046,25.0484719
113,12,21,20,20,2,06松山區,松山區市民大道5段與東興路口,0,0,2,2,B02,7,5,5,40,14,9,1,5,4,5,13,4,4,1,4,5,2,13,1,58,2,9,7,1,7,14,1,8,2,3,,44,,1,21,121.5662046,25.0484719
113,12,21,20,20,2,06松山區,松山區市民大道5段與東興路口,0,0,2,3,H02,7,5,5,40,14,9,1,5,4,5,13,4,4,1,4,5,2,13,2,43,2,1,7,5,7,20,8,20,10,16,,67,,1,21,121.5662046,25.0484719
113,12,21,20,41,2,08士林區,士林區國泰街與光華路口,0,0,1,2,C03,6,5,5,30,4,1,1,4,4,5,13,4,4,10,5,5,2,15,2,34,2,9,6,1,7,9,1,10,2,12,,13,,1,21,121.5425336,25.1369357
113,12,21,20,41,2,08士林區,士林區國泰街與光華路口,0,0,1,1,B03,6,5,5,30,4,1,1,4,4,5,13,4,4,10,5,5,2,15,1,49,3,10,3,4,7,9,1,8,2,1,,72,,1,21,121.5425336,25.1369357
113,12,21,20,43,2,01大同區,大同區承德路3段與民權西路口,0,0,1,1,B01,8,5,5,50,4,2,1,5,4,5,13,1,1,1,4,5,2,13,1,58,3,10,7,1,7,9,1,4,2,1,,108,,1,21,121.5187762,25.062971
113,12,21,20,43,2,01大同區,大同區承德路3段與民權西路口,0,0,1,2,C03,8,5,5,50,4,2,1,5,4,5,13,1,1,1,4,5,2,13,1,63,2,9,6,1,7,9,1,10,2,13,,44,,1,21,121.5187762,25.062971
113,12,21,20,58,2,12內湖區,內湖區新明路298巷與南京東路6段口,0,0,1,1,B03,7,5,5,50,4,18,1,5,4,5,13,2,1,1,4,5,1,2,1,57,3,10,7,1,7,6,1,10,1,5,,70,,1,21,121.5817067,25.057098
113,12,21,20,58,2,12內湖區,內湖區新明路298巷與南京東路6段口,0,0,1,2,H01,7,5,5,50,4,18,1,5,4,5,13,2,1,1,4,5,1,2,2,26,2,9,4,5,8,16,8,20,1,16,,67,,1,21,121.5817067,25.057098
113,12,21,21,40,2,03中山區,中山區長春路與復興北路口,0,0,1,1,C03,8,5,5,50,5,1,1,5,4,5,13,1,1,1,4,5,2,12,1,24,3,10,5,1,7,8,1,10,2,13,,100,,1,21,121.5441438,25.0545197
113,12,21,21,40,2,03中山區,中山區長春路與復興北路口,0,0,1,2,C03,8,5,5,50,5,1,1,5,4,5,13,1,1,1,4,5,2,12,1,25,2,9,5,1,7,9,1,10,2,11,,44,,1,21,121.5441438,25.0545197
113,12,21,22,10,2,06松山區,松山區八德路4段213號,0,0,2,1,C03,7,5,5,50,14,9,1,5,4,5,13,2,1,9,4,5,1,13,1,33,2,7,6,1,7,9,1,10,1,11,,16,,1,22,121.5642454,25.0488788
113,12,21,22,10,2,06松山區,松山區八德路4段213號,0,0,2,2,C03,7,5,5,50,14,9,1,5,4,5,13,2,1,9,4,5,1,13,1,22,2,7,6,1,7,9,1,10,1,13,,44,,1,22,121.5642454,25.0488788
113,12,21,23,10,2,03中山區,中山區新生北路1段44號,0,0,1,1,B01,7,5,5,50,14,9,1,5,4,5,13,4,4,10,5,5,2,1,1,37,3,10,7,1,7,5,1,4,1,5,,108,,1,22,121.5311016,25.04654032
113,12,21,23,10,2,03中山區,中山區新生北路1段44號,0,0,1,2,H01,7,5,5,50,14,9,1,5,4,5,13,4,4,10,5,5,2,1,1,59,2,9,4,5,8,16,8,20,10,16,,121,,1,22,121.5311016,25.04654032
113,12,21,23,38,2,04大安區,大安區光復南路72弄與光復南路72巷口廢鐵道,0,0,2,1,B03,7,5,5,30,3,1,1,5,4,5,13,4,4,1,5,5,2,16,1,42,3,10,3,4,7,6,1,8,1,5,,9,,1,22,121.5556109,25.0434563
113,12,21,23,38,2,04大安區,大安區光復南路72弄與光復南路72巷口廢鐵道,0,0,2,2,C03,7,5,5,30,3,1,1,5,4,5,13,4,4,1,5,5,2,16,1,18,2,9,6,4,7,9,1,10,1,14,,44,,1,21,121.5556109,25.0434563
113,12,21,23,38,2,04大安區,大安區光復南路72弄與光復南路72巷口廢鐵道,0,0,2,3,H02,7,5,5,30,3,1,1,5,4,5,13,4,4,1,5,5,2,16,2,16,2,9,5,5,7,17,8,20,10,16,,67,,1,22,121.5556109,25.0434563
113,12,22,0,37,2,01大同區,大同區承德路2段53巷與赤峰街口口,0,0,1,1,C03,8,5,5,30,4,1,1,5,4,5,13,4,4,10,5,5,2,15,1,22,2,8,6,1,7,9,1,10,1,11,,72,,1,21,121.5196338,25.0553136
113,12,22,0,37,2,01大同區,大同區承德路2段53巷與赤峰街口口,0,0,1,2,B01,8,5,5,30,4,1,1,5,4,5,13,4,4,10,5,5,2,15,1,49,3,10,7,1,7,9,1,4,1,8,,108,,1,21,121.5196338,25.0553136
113,12,22,0,49,2,01大同區,大同區民權西路與重慶北路3段口,0,0,2,1,C03,7,5,5,50,5,1,1,5,4,5,13,4,4,1,5,5,2,13,2,23,2,9,6,1,7,9,1,10,1,11,,108,,1,21,121.5136366,25.06314182
113,12,22,0,49,2,01大同區,大同區民權西路與重慶北路3段口,0,0,2,2,C03,7,5,5,50,5,1,1,5,4,5,13,4,4,1,5,5,2,13,1,23,2,8,6,1,7,14,1,9,1,13,,44,,1,21,121.5136366,25.06314182
113,12,22,2,41,2,10文山區,文山區木柵路5段燈桿008號旁,0,0,1,1,B03,7,6,5,40,11,9,1,5,4,5,13,1,1,2,4,5,2,12,1,52,3,10,7,1,7,9,1,8,11,2,,17,,2,21,121.5943335,24.998611
113,12,22,2,41,2,10文山區,文山區木柵路5段燈桿008號旁,0,0,1,2,C03,7,6,5,40,11,9,1,5,4,5,13,1,1,2,4,5,2,12,1,21,3,10,5,1,7,9,3,18,2,14,,44,,1,21,121.5943335,24.998611
113,12,22,2,41,2,10文山區,文山區木柵路5段燈桿008號旁,0,0,1,3,H02,7,6,5,40,11,9,1,5,4,5,13,1,1,2,4,5,2,12,1,21,2,8,5,5,7,21,8,20,10,16,,67,,1,21,121.5943335,24.998611
113,12,22,3,2,2,02萬華區,萬華區堤外便道與水源快速道路口,0,0,2,1,B12,7,5,5,50,3,1,1,5,4,5,13,4,4,5,5,5,2,17,1,37,3,10,7,4,7,6,1,8,1,5,,9,,1,21,121.4982124,25.0162362
113,12,22,3,2,2,02萬華區,萬華區堤外便道與水源快速道路口,0,0,2,2,C03,7,5,5,50,3,1,1,5,4,5,13,4,4,5,5,5,2,17,1,22,2,8,5,4,7,9,1,10,1,11,,32,,1,21,121.4982124,25.0162362
113,12,22,3,2,2,02萬華區,萬華區堤外便道與水源快速道路口,0,0,2,3,H02,7,5,5,50,3,1,1,5,4,5,13,4,4,5,5,5,2,17,1,66,2,8,5,5,7,20,8,20,10,16,,67,,1,21,121.4982124,25.0162362
113,12,22,4,1,2,02萬華區,萬華區西園路2段與西園路2段320巷口,0,0,1,1,C03,8,5,5,50,3,1,1,5,4,5,13,1,1,1,4,5,2,17,1,30,2,8,5,4,7,5,1,10,1,12,,99,,1,21,121.4925646,25.02597847
113,12,22,4,1,2,02萬華區,萬華區西園路2段與西園路2段320巷口,0,0,1,2,B01,8,5,5,50,3,1,1,5,4,5,13,1,1,1,4,5,2,17,1,69,3,10,7,4,7,9,1,4,1,1,,44,,1,21,121.4925646,25.02597847
113,12,22,6,0,2,03中山區,中山區北安路789號,0,0,1,1,B01,7,5,5,50,14,9,1,5,4,5,13,4,4,1,4,5,2,12,1,59,3,10,7,1,7,8,1,4,2,2,,100,,1,21,121.5536959,25.0855454
113,12,22,6,0,2,03中山區,中山區北安路789號,0,0,1,2,C03,7,5,5,50,14,9,1,5,4,5,13,4,4,1,4,5,2,12,1,46,2,8,5,1,7,9,1,10,2,11,,13,,1,21,121.5536959,25.0855454
113,12,22,7,23,2,02萬華區,萬華區環河南路1段與長沙街2段口,0,0,1,1,C03,7,5,5,50,3,1,1,5,4,5,13,2,1,8,3,5,1,16,1,53,4,11,3,4,7,5,7,19,11,14,,8,,2,22,121.4996279,25.0415725
113,12,22,7,23,2,02萬華區,萬華區環河南路1段與長沙街2段口,0,0,1,2,C03,7,5,5,50,3,1,1,5,4,5,13,2,1,8,3,5,1,16,1,36,2,9,3,4,7,9,1,10,1,11,,44,,1,22,121.4996279,25.0415725
113,12,22,7,36,2,07信義區,信義區市民大道5段與光復南路口,0,0,2,1,B01,8,6,5,50,5,2,1,5,4,5,13,1,1,3,4,5,2,23,1,63,2,9,3,4,7,9,1,4,2,8,,108,,1,21,121.5579463,25.0450923
113,12,22,7,36,2,07信義區,信義區市民大道5段與光復南路口,0,0,2,2,,8,6,5,50,5,2,1,5,4,5,13,1,1,3,4,5,2,23,3,0,,,,,,,,,,,,67,,1,,121.5579463,25.0450923
113,12,22,7,36,2,07信義區,信義區市民大道5段與光復南路口,0,0,2,3,H02,8,6,5,50,5,2,1,5,4,5,13,1,1,3,4,5,2,23,2,35,2,9,3,5,7,21,8,20,10,16,,67,,1,21,121.5579463,25.0450923
113,12,22,7,43,2,05中正區,中正區汀州路3段與羅斯福路4段24巷口,0,0,1,1,B12,7,7,5,50,4,1,1,5,4,5,13,1,1,5,5,5,2,13,1,38,3,10,7,1,7,9,1,8,2,1,,16,,1,22,121.5323132,25.0149914
113,12,22,7,43,2,05中正區,中正區汀州路3段與羅斯福路4段24巷口,0,0,1,2,C03,7,7,5,50,4,1,1,5,4,5,13,1,1,5,5,5,2,13,1,50,2,9,5,1,7,12,1,10,2,13,,44,,1,22,121.5323132,25.0149914
113,12,22,7,43,2,05中正區,中正區汀州路3段與羅斯福路4段24巷口,0,0,1,3,H01,7,7,5,50,4,1,1,5,4,5,13,1,1,5,5,5,2,13,4,0,,,,,,,,,10,,,67,,1,,121.5323132,25.0149914
113,12,22,8,4,2,02萬華區,萬華區長順街46巷與長順街14巷口,0,0,2,1,C03,8,7,5,30,3,1,1,5,4,5,13,4,4,10,5,5,2,15,2,71,2,8,5,1,7,15,1,10,1,14,,72,,1,22,121.4891341,25.0308149
113,12,22,8,4,2,02萬華區,萬華區長順街46巷與長順街14巷口,0,0,2,2,C03,8,7,5,30,3,1,1,5,4,5,13,4,4,10,5,5,2,15,1,31,2,9,5,1,7,9,6,18,1,11,,44,,1,21,121.4891341,25.0308149
113,12,22,10,9,2,06松山區,松山區復興北路地下道北往南(險升坡標誌),0,0,2,3,H02,7,7,5,40,7,9,1,5,4,5,13,4,4,5,2,5,2,13,2,19,3,10,5,5,7,20,8,20,10,16,,67,,1,22,121.5442131,25.067404
113,12,22,10,9,2,06松山區,松山區復興北路地下道北往南(險升坡標誌),0,0,2,2,C03,7,7,5,40,7,9,1,5,4,5,13,4,4,5,2,5,2,13,1,40,2,8,5,1,7,12,1,10,1,13,,44,,1,22,121.5442131,25.067404
113,12,22,10,9,2,06松山區,松山區復興北路地下道北往南(險升坡標誌),0,0,2,1,C03,7,7,5,40,7,9,1,5,4,5,13,4,4,5,2,5,2,13,1,16,2,8,5,1,7,9,2,18,1,11,,16,,1,16,121.5442131,25.067404
113,12,22,10,23,2,07信義區,信義區松高路12號,0,0,2,1,B03,7,6,5,50,14,9,1,4,4,5,13,2,1,9,4,5,2,13,1,56,3,10,3,4,7,9,1,8,2,5,,108,,1,22,121.5672506,25.0390322
113,12,22,10,23,2,07信義區,信義區松高路12號,0,0,2,2,C03,7,6,5,50,14,9,1,4,4,5,13,2,1,9,4,5,2,13,2,29,2,9,5,1,7,14,1,10,2,13,,44,,1,22,121.5672506,25.0390322
113,12,22,10,23,2,07信義區,信義區松高路12號,0,0,2,3,H02,7,6,5,50,14,9,1,4,4,5,13,2,1,9,4,5,2,13,2,17,2,9,5,5,7,21,8,20,10,17,,67,,1,22,121.5672506,25.0390322
113,12,22,10,35,2,03中山區,中山區民權東路3段60巷與錦州街口,0,0,2,1,B03,7,6,5,30,4,1,1,5,4,5,13,4,4,5,5,5,2,15,1,36,3,10,7,1,7,9,1,8,1,5,,72,,1,22,121.5423537,25.060175
113,12,22,10,35,2,03中山區,中山區民權東路3段60巷與錦州街口,0,0,2,2,C03,7,6,5,30,4,1,1,5,4,5,13,4,4,5,5,5,2,15,2,48,2,9,6,1,7,9,1,10,1,14,,44,,1,22,121.5423537,25.060175
113,12,22,10,35,2,03中山區,中山區民權東路3段60巷與錦州街口,0,0,2,3,H02,7,6,5,30,4,1,1,5,4,5,13,4,4,5,5,5,2,15,1,60,2,8,6,5,7,20,8,20,10,16,,67,,1,22,121.5423537,25.060175
113,12,22,11,30,2,10文山區,文山區汀州路4段與溪洲街口口,0,0,1,1,B03,8,6,5,50,3,1,1,5,4,5,13,3,1,5,5,5,2,16,2,52,3,10,7,1,7,5,1,8,1,4,,8,,1,21,121.5356338,25.0044887
113,12,22,11,30,2,10文山區,文山區汀州路4段與溪洲街口口,0,0,1,2,C03,8,6,5,50,3,1,1,5,4,5,13,3,1,5,5,5,2,16,2,52,2,8,6,1,7,9,3,18,1,11,,44,,1,21,121.5356338,25.0044887
113,12,22,12,29,2,09北投區,北投區中央南路1段17號前,0,0,1,1,B03,8,6,6,50,14,9,1,5,4,5,13,4,4,9,5,5,2,13,1,43,3,10,7,1,7,9,1,8,1,5,,108,,1,21,121.501466,25.132699
113,12,22,12,29,2,09北投區,北投區中央南路1段17號前,0,0,1,2,C03,8,6,6,50,14,9,1,5,4,5,13,4,4,9,5,5,2,13,2,58,2,8,5,1,7,14,1,10,1,13,,44,,1,21,121.501466,25.132699
113,12,22,13,10,2,03中山區,中山區植福路170號,0,0,1,1,C03,7,6,5,50,14,9,1,5,4,5,13,4,4,5,5,5,2,13,2,63,2,9,6,1,7,9,1,11,1,14,,16,,1,22,121.5587748,25.0838732
113,12,22,13,10,2,03中山區,中山區植福路170號,0,0,1,2,B03,7,6,5,50,14,9,1,5,4,5,13,4,4,5,5,5,2,13,1,40,3,10,7,1,7,14,1,8,1,6,,44,,1,22,121.5587748,25.0838732
113,12,22,13,10,2,03中山區,中山區植福路170號,0,0,1,3,B01,7,6,5,50,14,9,1,5,4,5,13,4,4,5,5,5,2,13,1,44,3,10,7,1,7,14,1,4,1,4,,38,,1,22,121.5587748,25.0838732
113,12,22,13,10,2,03中山區,中山區植福路170號,0,0,1,4,,7,6,5,50,14,9,1,5,4,5,13,4,4,5,5,5,2,13,4,0,4,11,3,4,7,11,7,19,11,17,,119,,2,22,121.5587748,25.0838732
113,12,22,13,28,2,03中山區,中山區中山北路2段與民權西路口,0,0,2,1,C03,7,7,5,50,14,9,1,5,4,5,13,2,1,5,4,5,2,13,2,18,2,9,5,1,7,9,3,18,2,11,,107,,1,21,121.522405,25.0631743
113,12,22,13,28,2,03中山區,中山區中山北路2段與民權西路口,0,0,2,2,B01,7,7,5,50,14,9,1,5,4,5,13,2,1,5,4,5,2,13,1,61,3,10,7,1,7,14,1,4,2,3,,44,,1,21,121.522405,25.0631743
113,12,22,13,28,2,03中山區,中山區中山北路2段與民權西路口,0,0,2,3,H02,7,7,5,50,14,9,1,5,4,5,13,2,1,5,4,5,2,13,1,28,2,9,5,5,7,17,8,20,10,16,,67,,1,21,121.522405,25.0631743
113,12,22,13,41,2,12內湖區,內湖區民權東路6段296巷與民權東路6段296巷口,0,0,1,1,C02,7,7,5,30,4,1,1,5,4,5,13,4,4,9,4,5,2,15,1,23,2,9,6,1,7,9,1,9,2,12,,72,,1,21,121.6087096,25.0702274
113,12,22,13,41,2,12內湖區,內湖區民權東路6段296巷與民權東路6段296巷口,0,0,1,2,B03,7,7,5,30,4,1,1,5,4,5,13,4,4,9,4,5,2,15,1,40,3,10,3,4,7,9,1,8,2,1,,14,,1,21,121.6087096,25.0702274
113,12,22,13,44,2,02萬華區,萬華區桂林路與桂林路151巷口,0,0,1,1,B03,7,6,5,50,3,2,1,5,4,5,13,4,4,5,5,4,1,17,1,42,3,10,3,4,7,5,1,8,1,4,,42,,1,22,121.4978148,25.0385322
113,12,22,13,44,2,02萬華區,萬華區桂林路與桂林路151巷口,0,0,1,2,C03,7,6,5,50,3,2,1,5,4,5,13,4,4,5,5,4,1,17,1,25,2,7,3,4,7,9,1,10,1,11,,42,,1,22,121.4978148,25.0385322
113,12,22,13,47,2,03中山區,中山區民權東路2段113巷與民權東路口側附近2段口,0,0,1,1,B03,7,6,5,50,3,2,1,5,4,5,13,4,4,1,4,4,2,12,1,57,3,10,3,4,7,8,1,8,1,5,,100,,1,21,121.5341437,25.0626621
113,12,22,13,47,2,03中山區,中山區民權東路2段113巷與民權東路口側附近2段口,0,0,1,2,C03,7,6,5,50,3,2,1,5,4,5,13,4,4,1,4,4,2,12,1,42,2,9,3,4,7,7,1,9,1,14,,100,,1,21,121.5341437,25.0626621
113,12,22,15,1,2,03中山區,中山區民權東路2段135巷與松江路357巷口,0,0,1,1,B03,7,6,5,30,5,2,1,5,4,5,13,4,4,8,3,5,1,17,1,66,3,10,7,1,7,5,1,8,1,1,,74,,1,21,121.5349311,25.06343634
113,12,22,15,1,2,03中山區,中山區民權東路2段135巷與松江路357巷口,0,0,1,2,C03,7,6,5,30,5,2,1,5,4,5,13,4,4,8,3,5,1,17,2,31,2,9,5,1,7,9,1,10,1,11,,44,,1,21,121.5349311,25.06343634
113,12,22,15,34,2,12內湖區,內湖區成功路4段186號,0,0,1,1,C03,7,6,5,50,14,7,1,5,4,5,13,4,4,1,4,5,2,13,2,61,2,9,5,1,7,9,1,10,1,11,,107,,1,21,121.5944154,25.0837365
113,12,22,15,34,2,12內湖區,內湖區成功路4段186號,0,0,1,2,B03,7,6,5,50,14,7,1,5,4,5,13,4,4,1,4,5,2,13,1,48,3,10,7,1,7,14,1,8,2,3,,44,,1,21,121.5944154,25.0837365
113,12,22,15,35,2,03中山區,中山區敬業四路33號,0,0,1,1,B01,7,7,5,50,14,9,1,5,4,5,13,4,4,9,4,5,2,16,1,41,3,10,7,1,7,11,1,4,1,1,,10,,1,21,121.5585251,25.08071136
113,12,22,15,35,2,03中山區,中山區敬業四路33號,0,0,1,2,C03,7,7,5,50,14,9,1,5,4,5,13,4,4,9,4,5,2,16,1,23,2,9,6,1,7,9,1,10,1,14,,44,,1,21,121.5585251,25.08071136
113,12,22,15,35,2,03中山區,中山區敬業四路33號,0,0,1,3,B03,7,7,5,50,14,9,1,5,4,5,13,4,4,9,4,5,2,16,1,52,3,10,7,1,7,14,1,8,1,3,,38,,1,21,121.5585251,25.08071136
113,12,22,17,5,2,07信義區,信義區信義路5段與松仁路口側附近口,0,0,1,1,B02,7,5,5,50,4,1,1,5,4,5,13,2,1,1,4,5,2,16,1,44,3,10,3,4,7,5,1,8,1,1,,85,,1,22,121.5682661,25.0327485
113,12,22,17,5,2,07信義區,信義區信義路5段與松仁路口側附近口,0,0,1,2,C03,7,5,5,50,4,1,1,5,4,5,13,2,1,1,4,5,2,16,2,35,2,9,3,4,7,9,1,10,1,14,,44,,1,22,121.5682661,25.0327485
113,12,22,17,50,2,08士林區,士林區社子街52巷與社子街22巷口,0,0,3,1,C03,8,5,5,30,4,1,1,5,4,5,13,4,4,10,5,5,2,17,1,61,2,1,3,4,7,9,1,10,1,12,,72,,1,21,121.5073019,25.0870157
113,12,22,17,50,2,08士林區,士林區社子街52巷與社子街22巷口,0,0,3,2,C03,8,5,5,30,4,1,1,5,4,5,13,4,4,10,5,5,2,17,1,27,2,9,3,4,7,9,1,9,1,11,,44,,1,21,121.5073019,25.0870157
113,12,22,17,50,2,08士林區,士林區社子街52巷與社子街22巷口,0,0,3,3,B01,8,5,5,30,4,1,1,5,4,5,13,4,4,10,5,5,2,17,1,29,3,10,3,4,7,9,1,4,1,2,,108,,1,21,121.5073019,25.0870157
113,12,22,17,50,2,08士林區,士林區社子街52巷與社子街22巷口,0,0,3,4,H02,8,5,5,30,4,1,1,5,4,5,13,4,4,10,5,5,2,17,2,35,2,9,3,5,7,20,8,20,10,16,,67,,1,21,121.5073019,25.0870157
113,12,22,18,10,2,05中正區,中正區南海路50-1號,0,0,1,1,C03,7,5,5,30,14,9,4,5,4,5,13,1,1,10,4,5,2,13,1,38,2,9,5,1,7,9,1,10,1,14,,108,,1,22,121.5152828,25.0320859
113,12,22,18,10,2,05中正區,中正區南海路50-1號,0,0,1,2,B03,7,5,5,30,14,9,4,5,4,5,13,1,1,10,4,5,2,13,2,37,3,10,7,1,7,12,1,8,1,6,,44,,1,22,121.5152828,25.0320859
113,12,22,18,41,2,07信義區,信義區忠孝東路5段293號與忠孝東路5段295巷口,0,0,1,1,B03,8,5,5,30,3,1,1,5,4,5,13,4,4,1,4,5,2,17,2,46,3,10,3,4,7,6,1,8,2,7,,72,,1,22,121.5724246,25.0409869
113,12,22,18,41,2,07信義區,信義區忠孝東路5段293號與忠孝東路5段295巷口,0,0,1,2,C03,8,5,5,30,3,1,1,5,4,5,13,4,4,1,4,5,2,17,1,52,2,8,6,1,7,9,1,10,2,11,,44,,1,22,121.5724246,25.0409869
113,12,22,19,53,2,01大同區,大同區民生西路與民生西路171巷口,0,0,1,1,C03,8,5,5,50,3,1,1,5,4,5,13,4,4,5,4,5,2,13,1,35,2,9,6,1,7,9,1,10,2,11,,42,,1,21,121.5171357,25.0571681
113,12,22,19,53,2,01大同區,大同區民生西路與民生西路171巷口,0,0,1,2,B03,8,5,5,50,3,1,1,5,4,5,13,4,4,5,4,5,2,13,1,53,3,10,7,1,7,9,1,8,2,3,,44,,1,21,121.5171357,25.0571681
113,12,22,21,20,2,04大安區,大安區仁愛路4段300巷與仁愛路4段300巷20弄口,0,0,2,1,C03,8,5,5,30,5,2,1,5,4,5,13,4,4,8,3,5,1,15,2,31,2,7,6,1,7,9,1,10,1,14,,72,,1,21,121.5544579,25.0362375
113,12,22,21,20,2,04大安區,大安區仁愛路4段300巷與仁愛路4段300巷20弄口,0,0,2,2,F02,8,5,5,30,5,2,1,5,4,5,13,4,4,8,3,5,1,15,2,45,2,8,6,1,7,9,8,20,1,12,,44,,1,21,121.5544579,25.0362375
113,12,22,21,24,2,05中正區,中正區廈門街與廈門街114巷口,0,0,1,1,C03,8,5,5,30,3,1,1,5,4,5,13,2,1,5,4,5,2,16,1,43,3,10,5,1,7,5,1,10,1,11,,74,,1,21,121.5174054,25.0231712
113,12,22,21,24,2,05中正區,中正區廈門街與廈門街114巷口,0,0,1,2,C03,8,5,5,30,3,1,1,5,4,5,13,2,1,5,4,5,2,16,1,24,2,8,5,1,7,9,1,10,1,11,,44,,1,21,121.5174054,25.0231712
113,12,22,21,24,2,05中正區,中正區廈門街與廈門街114巷口,0,0,1,3,B01,8,5,5,30,3,1,1,5,4,5,13,2,1,5,4,5,2,16,1,62,3,10,7,1,7,9,1,4,1,4,,44,,1,21,121.5174054,25.0231712
113,12,22,21,30,2,12內湖區,內湖區文湖街21巷68弄與文湖街21巷口,0,0,2,1,C03,7,5,5,30,4,1,1,5,4,5,13,4,4,10,5,5,2,16,1,18,2,8,5,1,7,9,1,10,1,12,,72,,1,21,121.5598989,25.0883517
113,12,22,21,30,2,12內湖區,內湖區文湖街21巷68弄與文湖街21巷口,0,0,2,2,C03,7,5,5,30,4,1,1,5,4,5,13,4,4,10,5,5,2,16,1,46,2,8,5,1,7,9,1,9,1,11,,14,,1,21,121.5598989,25.0883517
113,12,22,21,54,2,07信義區,松山區民權大橋第三燈桿,0,0,1,1,C03,8,5,5,30,8,11,1,5,4,5,13,4,4,1,4,5,2,13,2,57,2,9,6,4,7,9,1,10,2,11,,107,,1,22,121.5683772,25.06377681
113,12,22,21,54,2,07信義區,松山區民權大橋第三燈桿,0,0,1,2,B03,8,5,5,30,8,11,1,5,4,5,13,4,4,1,4,5,2,13,2,26,3,10,3,4,7,14,1,8,2,6,,44,,1,23,121.5683772,25.06377681
113,12,23,0,8,2,06松山區,松山區民生東路3段130巷與興安街口,0,0,1,2,H01,8,5,5,30,3,1,1,5,4,5,13,4,4,10,5,5,2,9,1,36,2,7,4,5,8,16,8,20,10,16,,67,,1,21,121.5462493,25.0560879
113,12,23,0,8,2,06松山區,松山區民生東路3段130巷與興安街口,0,0,1,1,B12,8,5,5,30,3,1,1,5,4,5,13,4,4,10,5,5,2,9,1,36,3,10,7,1,7,5,1,8,9,4,,70,,2,21,121.5462493,25.0560879
113,12,23,0,20,2,08士林區,士林區中山北路6段與士東路口,0,0,1,1,B12,7,5,5,50,4,2,1,5,4,5,13,2,1,1,4,5,2,12,1,26,3,10,7,1,7,8,1,7,2,2,,100,,1,21,121.5259677,25.1115657
113,12,23,0,20,2,08士林區,士林區中山北路6段與士東路口,0,0,1,2,C03,7,5,5,50,4,2,1,5,4,5,13,2,1,1,4,5,2,12,2,24,2,9,6,1,7,9,1,10,2,14,,44,,1,21,121.5259677,25.1115657
113,12,23,0,24,1,10文山區,文山區辛亥路4段106號,1,0,0,1,B03,8,5,5,50,14,9,1,5,4,5,13,4,4,1,4,5,2,13,1,28,3,10,7,1,7,1,1,8,2,7,,19,,1,21,121.5574255,25.0056588
113,12,23,0,24,1,10文山區,文山區辛亥路4段106號,1,0,0,2,C01,8,5,5,50,14,9,1,5,4,5,13,4,4,1,4,5,2,13,1,22,1,9,6,1,7,9,1,9,9,11,,13,,1,25,121.5574255,25.0056588
113,12,23,1,30,2,09北投區,北投區大業路527巷北投機廠034號燈桿,0,0,2,1,C03,8,5,5,40,3,1,1,5,4,5,13,4,4,5,5,5,2,18,1,20,2,9,6,1,7,9,1,10,1,12,,108,,1,25,121.4865426,25.1356388
113,12,23,1,30,2,09北投區,北投區大業路527巷北投機廠034號燈桿,0,0,2,2,,8,5,5,40,3,1,1,5,4,5,13,4,4,5,5,5,2,18,3,,,,,,,,,,,,,67,,1,,121.4865426,25.1356388
113,12,23,1,30,2,09北投區,北投區大業路527巷北投機廠034號燈桿,0,0,2,3,H02,8,5,5,40,3,1,1,5,4,5,13,4,4,5,5,5,2,18,2,20,2,9,6,5,7,20,8,20,10,16,,67,,1,25,121.4865426,25.1356388
113,12,23,2,8,2,04大安區,大安區忠孝東路4段與忠孝東路4段181巷口,0,0,1,1,B01,7,5,5,50,3,1,1,5,4,5,13,3,1,1,4,5,2,15,1,46,3,10,3,4,7,9,1,8,1,5,,44,,1,22,121.5507634,25.0415869
113,12,23,2,8,2,04大安區,大安區忠孝東路4段與忠孝東路4段181巷口,0,0,1,2,F01,7,5,5,50,3,1,1,5,4,5,13,3,1,1,4,5,2,15,2,22,2,9,4,4,7,9,8,20,1,12,,80,,1,22,121.5507634,25.0415869