發生年度,發生月,發生日,發生時-Hours,發生分,處理別-編號,區序,肇事地點,死亡人數,2-30日死亡人數,受傷人數,當事人序號,車種,天候,道路照明設備,道路類別,速限-速度限制,道路型態,事故位置,路面狀況1,路面狀況2,路面狀況3,道路障礙1,道路障礙2,號誌1,號誌2,車道劃分-分向,車道劃分-分道1,車道劃分-分道2,車道劃分-分道3,事故類型及型態,性別,年齡,受傷程度,主要傷處,保護裝置,行動電話,車輛用途,當事者行動狀態,駕駛資格情形,駕駛執照種類,飲酒情形,車輛撞擊部位1,車輛撞擊部位2,肇因碼-個別,肇因碼-主要,個人肇逃否,職業,座標-X,座標-Y
113,12,23,5,50,2,05中正區,中正區重慶南路2段與愛國西路口,0,0,2,1,C03,7,5,5,50,5,1,1,5,4,5,13,2,1,1,4,5,2,15,1,52,2,5,5,1,7,9,1,10,2,11,,81,,1,21,121.5125924,25.0350489
113,12,23,5,50,2,05中正區,中正區重慶南路2段與愛國西路口,0,0,2,2,C03,7,5,5,50,5,1,1,5,4,5,13,2,1,1,4,5,2,15,1,34,2,9,5,1,7,9,1,10,2,11,,44,,1,21,121.5125924,25.0350489
113,12,23,6,13,2,03中山區,中山區長春路167號,0,0,1,1,B03,7,5,5,50,14,9,1,5,4,5,13,1,1,8,5,5,1,16,1,56,3,10,7,1,7,1,1,8,1,4,,19,,1,22,121.5350025,25.0548147
113,12,23,6,13,2,03中山區,中山區長春路167號,0,0,1,2,C03,7,5,5,50,14,9,1,5,4,5,13,1,1,8,5,5,1,16,2,33,2,9,5,1,7,9,1,10,1,11,,44,,1,22,121.5350025,25.0548147
113,12,23,6,44,2,07信義區,信義區基隆路1段與松壽路口,0,0,2,1,C03,7,5,5,50,5,1,1,5,4,5,13,1,1,10,4,5,2,17,1,24,2,9,6,1,7,9,1,10,1,11,,13,,1,21,121.5613615,25.035729
113,12,23,6,44,2,07信義區,信義區基隆路1段與松壽路口,0,0,2,2,F01,7,5,5,50,5,1,1,5,4,5,13,1,1,10,4,5,2,17,2,73,2,9,2,1,7,9,8,20,1,12,,81,,1,21,121.5613615,25.035729
113,12,23,7,0,2,09北投區,北投區榮華三路與磺溪便道口,0,0,1,1,B03,7,6,5,30,14,9,1,5,4,5,13,4,4,9,4,5,2,17,2,50,3,10,7,1,7,9,1,8,1,1,,72,,1,21,121.5252039,25.1137216
113,12,23,7,0,2,09北投區,北投區榮華三路與磺溪便道口,0,0,1,2,B01,7,6,5,30,14,9,1,5,4,5,13,4,4,9,4,5,2,17,1,55,3,10,7,1,7,9,1,4,1,4,,13,,1,21,121.5252039,25.1137216
113,12,23,7,0,2,09北投區,北投區榮華三路與磺溪便道口,0,0,1,3,H02,7,6,5,30,14,9,1,5,4,5,13,4,4,9,4,5,2,17,1,15,2,1,7,5,7,20,8,20,10,16,,67,,1,21,121.5252039,25.1137216
113,12,23,7,25,2,08士林區,士林區至善路2段與至善路2段25巷口,0,0,1,1,C03,7,6,5,40,3,2,1,5,4,5,13,2,1,3,2,4,2,12,1,59,2,6,5,1,7,9,3,18,1,14,,13,,1,26,121.544023,25.0971922
113,12,23,7,25,2,08士林區,士林區至善路2段與至善路2段25巷口,0,0,1,2,B03,7,6,5,40,3,2,1,5,4,5,13,2,1,3,2,4,2,12,2,46,3,10,7,1,7,9,1,8,1,6,,101,,1,28,121.544023,25.0971922
113,12,23,7,50,2,04大安區,大安區和平東路3段212巷與和平東路3段口,0,0,1,1,B03,8,5,5,30,3,1,1,5,4,5,13,4,4,5,4,5,2,15,1,47,3,10,2,1,7,9,1,8,9,1,,80,,1,21,121.5541768,25.0226117
113,12,23,7,50,2,04大安區,大安區和平東路3段212巷與和平東路3段口,0,0,1,2,F01,8,5,5,30,3,1,1,5,4,5,13,4,4,5,4,5,2,15,2,29,2,9,2,1,7,11,8,20,9,14,,11,,1,21,121.5541768,25.0226117
113,12,23,8,8,2,04大安區,大安區基隆路3段與辛亥路3段口,0,0,1,1,C03,8,6,5,50,14,9,1,5,4,5,13,2,1,1,3,5,2,12,2,56,2,8,6,1,7,7,1,10,2,15,,100,,1,21,121.5471057,25.019079
113,12,23,8,8,2,04大安區,大安區基隆路3段與辛亥路3段口,0,0,1,2,B03,8,6,5,50,14,9,1,5,4,5,13,2,1,1,3,5,2,12,1,31,3,10,7,1,7,9,1,8,2,2,,44,,1,21,121.5471057,25.019079
113,12,23,8,8,2,04大安區,大安區基隆路3段與辛亥路3段口,0,0,1,3,B03,8,6,5,50,14,9,1,5,4,5,13,2,1,1,3,5,2,12,1,45,3,10,7,1,7,9,1,8,2,7,,44,,1,21,121.5471057,25.019079
113,12,23,8,10,2,09北投區,北投區承德路7段80號,0,0,2,1,C03,8,6,5,60,14,9,1,5,4,5,13,4,4,1,4,5,2,13,1,46,2,1,6,1,7,7,1,10,1,11,,100,,1,21,121.5106829,25.1113514
113,12,23,8,10,2,09北投區,北投區承德路7段80號,0,0,2,2,F01,8,6,5,60,14,9,1,5,4,5,13,4,4,1,4,5,2,13,1,65,2,9,2,1,7,9,8,20,1,13,,5,,1,21,121.5106829,25.1113514
113,12,23,8,15,2,12內湖區,內湖區瑞光路500號前,0,0,3,1,C03,7,5,5,50,14,9,1,5,4,5,13,4,4,5,4,5,2,3,1,29,2,9,6,1,7,9,1,10,2,12,,42,,1,21,121.5682229,25.0794054
113,12,23,8,15,2,12內湖區,內湖區瑞光路500號前,0,0,3,2,H01,7,5,5,50,14,9,1,5,4,5,13,4,4,5,4,5,2,3,2,73,2,9,4,5,8,18,8,20,1,16,,121,,1,21,121.5682229,25.0794054
113,12,23,8,15,2,12內湖區,內湖區瑞光路500號前,0,0,3,3,H02,7,5,5,50,14,9,1,5,4,5,13,4,4,5,4,5,2,3,2,25,2,9,6,5,7,20,8,20,10,16,,67,,1,21,121.5682229,25.0794054
113,12,23,8,25,2,04大安區,大安區信義路3段與新生南路2段口,0,0,1,1,C03,8,7,5,40,4,1,1,5,4,5,13,2,1,1,4,5,2,12,1,54,3,10,6,1,7,9,1,10,1,12,,44,,1,21,121.5328885,25.0335285
113,12,23,8,25,2,04大安區,大安區信義路3段與新生南路2段口,0,0,1,2,C03,8,7,5,40,4,1,1,5,4,5,13,2,1,1,4,5,2,12,1,43,2,8,6,1,7,9,1,10,1,11,,108,,1,21,121.5328885,25.0335285
113,12,23,8,32,2,07信義區,信義區信義路5段122號,0,0,1,1,C03,7,5,5,50,14,9,1,5,4,5,13,4,4,5,4,5,2,17,1,50,3,10,6,1,7,7,1,10,1,17,,100,,1,21,121.5683835,25.0323886
113,12,23,8,32,2,07信義區,信義區信義路5段122號,0,0,1,2,C03,7,5,5,50,14,9,1,5,4,5,13,4,4,5,4,5,2,17,1,34,2,9,6,1,7,9,1,10,1,14,,13,,1,21,121.5683835,25.0323886
113,12,23,8,33,2,02萬華區,萬華區艋舺大道120巷38弄與萬大路口,0,0,1,1,B03,7,6,5,30,3,2,1,5,4,5,13,4,4,10,5,5,2,17,1,52,3,10,2,1,7,13,1,8,1,4,,40,,1,22,121.5007463,25.0316809
113,12,23,8,33,2,02萬華區,萬華區艋舺大道120巷38弄與萬大路口,0,0,1,2,C03,7,6,5,30,3,2,1,5,4,5,13,4,4,10,5,5,2,17,2,65,2,2,6,1,7,6,1,10,1,12,,16,,1,22,121.5007463,25.0316809
113,12,23,8,40,2,05中正區,中正區忠孝東路1段與林森南路口,0,0,1,1,B03,8,6,5,50,4,2,1,5,4,5,13,1,1,1,4,5,2,13,1,39,3,10,7,1,7,9,1,8,1,1,,108,,1,22,121.5231268,25.0447871
113,12,23,8,40,2,05中正區,中正區忠孝東路1段與林森南路口,0,0,1,2,C03,8,6,5,50,4,2,1,5,4,5,13,1,1,1,4,5,2,13,1,36,2,9,6,1,7,14,1,10,1,13,,44,,1,22,121.5231268,25.0447871
113,12,23,8,45,2,05中正區,中正區中山南路1段與忠孝西路1段口,0,0,1,2,C03,8,7,5,50,4,1,1,5,4,5,13,1,1,10,5,5,2,16,1,47,3,10,5,1,7,9,1,10,2,14,,99,,1,21,121.5195062,25.0457754
113,12,23,8,45,2,05中正區,中正區中山南路1段與忠孝西路1段口,0,0,1,1,C03,8,7,5,50,4,1,1,5,4,5,13,1,1,10,5,5,2,16,2,42,2,9,5,1,7,15,1,10,2,12,,44,,1,21,121.5195062,25.0457754
113,12,23,8,45,2,08士林區,士林區延平北路6段與社正路口,0,0,2,1,C03,8,6,5,50,5,2,1,5,4,5,13,2,1,9,4,5,1,17,2,30,2,9,5,1,7,5,1,10,2,12,,71,,1,21,121.5083452,25.0886835
113,12,23,8,45,2,08士林區,士林區延平北路6段與社正路口,0,0,2,2,C03,8,6,5,50,5,2,1,5,4,5,13,2,1,9,4,5,1,17,1,22,2,9,5,1,7,9,1,9,2,11,,13,,1,21,121.5083452,25.0886835
113,12,23,8,50,2,10文山區,文山區基隆路4段與羅斯福路4段口口,0,0,1,1,C03,8,6,5,50,5,2,1,5,4,5,13,2,1,1,4,1,1,13,1,37,2,7,6,1,7,9,1,10,2,11,,108,,1,21,121.5366654,25.0108908
113,12,23,8,50,2,10文山區,文山區基隆路4段與羅斯福路4段口口,0,0,1,2,C03,8,6,5,50,5,2,1,5,4,5,13,2,1,1,4,1,1,13,1,22,3,10,6,1,7,12,1,10,2,13,,44,,1,21,121.5366654,25.0108908
113,12,23,8,52,2,03中山區,中山區民權東路1段與民權東路1段12巷口,0,0,1,1,B01,7,7,5,40,3,1,1,5,4,5,13,4,4,3,4,4,2,16,1,52,3,10,7,1,7,6,1,8,1,5,,9,,1,21,121.5236076,25.06260651
113,12,23,8,52,2,03中山區,中山區民權東路1段與民權東路1段12巷口,0,0,1,2,C03,7,7,5,40,3,1,1,5,4,5,13,4,4,3,4,4,2,16,1,44,2,9,6,1,7,9,1,10,1,14,,44,,1,21,121.5236076,25.06260651
113,12,23,9,40,2,12內湖區,內湖區康寧路3段75巷與康寧路3段75巷24弄口,0,0,1,1,B01,7,6,5,40,3,2,1,5,4,5,13,4,4,5,4,5,2,13,1,67,3,10,7,1,7,9,1,4,2,8,,108,,1,21,121.6090874,25.0727105
113,12,23,9,40,2,12內湖區,內湖區康寧路3段75巷與康寧路3段75巷24弄口,0,0,1,2,C03,7,6,5,40,3,2,1,5,4,5,13,4,4,5,4,5,2,13,2,23,2,9,5,1,7,5,1,10,2,13,,72,,1,21,121.6090874,25.0727105
113,12,23,9,42,2,04大安區,大安區忠孝東路4段49巷與復興南路1段135巷口,0,0,1,1,B01,7,5,5,30,4,1,1,5,4,5,13,4,4,10,5,5,2,3,1,62,3,10,3,4,7,5,1,4,2,4,,70,,1,21,121.5452123,25.0425812
113,12,23,9,42,2,04大安區,大安區忠孝東路4段49巷與復興南路1段135巷口,0,0,1,2,H01,7,5,5,30,4,1,1,5,4,5,13,4,4,10,5,5,2,3,2,63,2,7,4,5,8,16,8,20,10,16,,121,,1,21,121.5452123,25.0425812
113,12,23,10,45,2,02萬華區,萬華區青年路與青年路68巷口,0,0,3,1,F02,7,6,5,30,3,2,1,5,4,5,13,2,1,5,5,5,2,17,1,84,2,7,4,1,7,9,8,20,1,14,,85,,1,21,121.5027396,25.02347542
113,12,23,10,45,2,02萬華區,萬華區青年路與青年路68巷口,0,0,3,2,C03,7,6,5,30,3,2,1,5,4,5,13,2,1,5,5,5,2,17,2,34,2,7,6,1,7,9,1,10,1,11,,85,,1,21,121.5027396,25.02347542
113,12,23,10,45,2,02萬華區,萬華區青年路與青年路68巷口,0,0,3,3,H02,7,6,5,30,3,2,1,5,4,5,13,2,1,5,5,5,2,17,2,84,2,8,4,5,7,20,8,20,10,16,,67,,1,21,121.5027396,25.02347542
113,12,23,11,1,2,07信義區,信義區和平東路3段與基隆路2段口,0,0,2,1,C03,7,6,5,50,5,2,1,5,4,5,13,2,1,3,4,4,2,13,1,27,2,9,6,1,7,8,1,10,1,13,,100,,1,22,121.5528119,25.0244965
113,12,23,11,1,2,07信義區,信義區和平東路3段與基隆路2段口,0,0,2,2,C03,7,6,5,50,5,2,1,5,4,5,13,2,1,3,4,4,2,13,1,28,2,9,6,1,7,9,1,10,1,11,,44,,1,22,121.5528119,25.0244965
113,12,23,12,0,2,03中山區,中山區基湖路與樂群一路口,0,0,1,1,B03,7,6,5,50,3,1,1,5,4,5,13,1,1,3,4,5,2,16,1,60,3,10,3,4,7,6,1,8,1,2,,9,,1,21,121.5632642,25.07617
113,12,23,12,0,2,03中山區,中山區基湖路與樂群一路口,0,0,1,2,C03,7,6,5,50,3,1,1,5,4,5,13,1,1,3,4,5,2,16,1,47,2,9,3,4,7,9,1,10,1,14,,44,,1,21,121.5632642,25.07617
113,12,23,12,0,2,05中正區,中正區市民大道1段北車北二門前,0,0,1,1,C03,7,6,5,40,14,9,1,5,4,5,13,4,4,1,4,5,2,17,2,19,2,9,6,1,7,9,1,10,2,17,,116,,1,22,121.5175338,25.0484751
113,12,23,12,0,2,05中正區,中正區市民大道1段北車北二門前,0,0,1,2,B01,7,6,5,40,14,9,1,5,4,5,13,4,4,1,4,5,2,17,1,58,3,10,7,1,7,14,1,4,2,17,,38,,1,21,121.5175338,25.0484751
113,12,23,12,0,2,10文山區,文山區老泉街26巷11號,0,0,1,1,B03,8,7,5,30,14,9,1,5,4,5,13,4,4,10,5,5,1,9,1,22,3,10,7,1,7,9,1,8,1,2,,108,,1,21,121.5667786,24.96671237
113,12,23,12,0,2,10文山區,文山區老泉街26巷11號,0,0,1,2,H01,8,7,5,30,14,9,1,5,4,5,13,4,4,10,5,5,1,9,1,66,2,9,4,5,8,16,8,20,10,16,,60,,1,21,121.5667786,24.96671237
113,12,23,12,3,2,07信義區,信義區基隆路2段7號,0,0,1,1,C03,7,5,5,50,14,9,1,5,4,5,13,4,4,1,4,5,2,13,2,41,2,8,5,1,7,9,6,18,1,11,,22,,1,22,121.5593824,25.0325525
113,12,23,12,3,2,07信義區,信義區基隆路2段7號,0,0,1,2,B03,7,5,5,50,14,9,1,5,4,5,13,4,4,1,4,5,2,13,2,55,3,10,7,1,7,9,1,8,1,3,,44,,1,22,121.5593824,25.0325525
113,12,23,12,20,2,03中山區,中山區建國北路1段88巷,0,0,1,2,C03,7,6,5,30,14,9,1,5,4,5,13,2,1,10,5,5,2,17,1,43,2,9,6,1,7,9,1,10,1,14,,44,,1,22,121.5361126,25.0497016
113,12,23,12,20,2,03中山區,中山區建國北路1段88巷,0,0,1,1,B01,7,6,5,30,14,9,1,5,4,5,13,2,1,10,5,5,2,17,1,50,3,10,7,1,7,14,1,4,1,2,,40,,1,22,121.5361126,25.0497016
113,12,23,12,20,2,03中山區,中山區建國北路1段88巷,0,0,1,3,H02,7,6,5,30,14,9,1,5,4,5,13,2,1,10,5,5,2,17,1,37,3,10,7,5,7,19,8,20,10,16,,126,,1,22,121.5361126,25.0497016
113,12,23,12,20,2,10文山區,文山區試院路102號,0,0,2,1,C03,7,6,5,30,14,9,1,5,4,5,13,4,4,9,4,5,1,16,1,44,2,9,6,1,7,11,1,10,1,14,,10,,1,21,121.5478008,24.9899609
113,12,23,12,20,2,10文山區,文山區試院路102號,0,0,2,2,C03,7,6,5,30,14,9,1,5,4,5,13,4,4,9,4,5,1,16,2,20,2,8,6,1,7,9,1,10,1,12,,44,,1,21,121.5478008,24.9899609
113,12,23,12,52,2,04大安區,大安區辛亥路1段與羅斯福路3段口,0,0,1,1,B03,7,6,5,50,4,1,1,5,4,5,13,2,1,1,4,5,2,16,1,24,3,10,7,1,7,6,1,8,1,2,,9,,1,21,121.5294917,25.0195919
113,12,23,12,52,2,04大安區,大安區辛亥路1段與羅斯福路3段口,0,0,1,2,C03,7,6,5,50,4,1,1,5,4,5,13,2,1,1,4,5,2,16,1,30,2,9,5,1,7,9,1,10,1,14,,44,,1,21,121.5294917,25.0195919
113,12,23,13,8,2,08士林區,士林區忠誠路2段與德行東路口口,0,0,1,1,C03,7,6,5,50,4,1,1,5,4,5,13,1,1,1,1,4,1,15,1,19,2,7,6,1,7,9,1,10,1,11,,79,,1,21,121.5301988,25.10832021
113,12,23,13,8,2,08士林區,士林區忠誠路2段與德行東路口口,0,0,1,2,E01,7,6,5,50,4,1,1,5,4,5,13,1,1,1,1,4,1,15,1,26,3,10,7,1,7,9,1,8,1,2,,44,,1,21,121.5301988,25.10832021
113,12,23,13,20,2,07信義區,信義區基隆路1段與松壽路口,0,0,1,1,F01,6,6,5,50,5,2,1,4,4,5,13,4,4,8,3,4,2,13,1,39,3,10,4,1,7,5,8,20,1,14,,8,,1,22,121.5613563,25.0357059
113,12,23,13,20,2,07信義區,信義區基隆路1段與松壽路口,0,0,1,2,C04,6,6,5,50,5,2,1,4,4,5,13,4,4,8,3,4,2,13,2,28,2,8,6,1,7,9,1,11,1,11,,44,,1,22,121.5613563,25.0357059
113,12,23,13,54,2,08士林區,士林區仰德大道2段與仰德大道2段2巷口,0,0,2,1,C03,6,6,5,40,3,2,1,4,4,5,13,2,1,4,5,5,1,13,1,20,2,9,6,1,7,9,1,10,1,11,,42,,1,21,121.5399821,25.1020091
113,12,23,13,54,2,08士林區,士林區仰德大道2段與仰德大道2段2巷口,0,0,2,2,C03,6,6,5,40,3,2,1,4,4,5,13,2,1,4,5,5,1,13,1,18,2,9,6,1,7,14,1,10,1,13,,44,,1,21,121.5399821,25.1020091
113,12,23,14,13,2,03中山區,中山區民生東路1段與民生東路1段70巷口,0,0,1,1,C04,6,6,5,50,4,1,1,4,4,5,13,4,4,5,4,5,2,17,2,70,2,1,6,1,7,9,1,8,1,14,,44,,1,21,121.5264295,25.05800323
113,12,23,14,13,2,03中山區,中山區民生東路1段與民生東路1段70巷口,0,0,1,2,C02,6,6,5,50,4,1,1,4,4,5,13,4,4,5,4,5,2,17,1,59,3,10,6,1,7,14,1,9,1,13,,44,,1,21,121.5264295,25.05800323
113,12,23,14,40,2,07信義區,信義區基隆路汽機車混合地下道與忠孝東路5段口,0,0,1,1,B01,6,6,5,30,14,9,1,4,4,5,13,1,1,9,4,5,2,13,1,64,3,10,7,1,7,8,1,4,1,6,,99,,1,21,121.5644816,25.0409185
113,12,23,14,40,2,07信義區,信義區基隆路汽機車混合地下道與忠孝東路5段口,0,0,1,2,C03,6,6,5,30,14,9,1,4,4,5,13,1,1,9,4,5,2,13,1,28,2,9,6,1,7,9,1,10,1,11,,42,,1,21,121.5644816,25.0409185
113,12,23,14,43,2,08士林區,士林區福林路與福林路口泰北高中,0,0,1,1,C03,6,6,5,50,3,1,1,4,4,5,13,3,1,5,4,5,2,17,2,22,2,9,3,4,7,9,1,10,1,14,,42,,1,21,121.5337434,25.0975195
113,12,23,14,43,2,08士林區,士林區福林路與福林路口泰北高中,0,0,1,2,B03,6,6,5,50,3,1,1,4,4,5,13,3,1,5,4,5,2,17,1,28,3,10,3,4,7,9,1,8,1,2,,44,,1,21,121.5337434,25.0975195
113,12,23,14,51,2,02萬華區,萬華區西園路2段與東園街口,0,0,1,1,B01,6,5,5,50,3,1,1,4,4,5,13,1,1,1,4,5,2,17,1,61,3,10,7,4,7,6,1,4,1,5,,9,,1,21,121.4952821,25.02810934
113,12,23,14,51,2,02萬華區,萬華區西園路2段與東園街口,0,0,1,2,C03,6,5,5,50,3,1,1,4,4,5,13,1,1,1,4,5,2,17,1,30,2,8,5,4,7,9,1,10,1,11,,44,,1,21,121.4952821,25.02810934
113,12,23,14,54,2,07信義區,信義區忠孝東路5段412號,0,0,1,1,B03,6,7,5,50,4,1,1,4,4,5,13,1,1,3,4,5,2,16,1,47,3,10,3,4,7,1,1,4,2,7,,19,,1,22,121.5751542,25.0408267
113,12,23,14,54,2,07信義區,信義區忠孝東路5段412號,0,0,1,2,C03,6,7,5,50,4,1,1,4,4,5,13,1,1,3,4,5,2,16,1,49,2,8,3,4,7,9,1,10,2,11,,44,,1,22,121.5751542,25.0408267
113,12,23,15,48,2,06松山區,松山區市民大道4段與敦化南路1段口,0,0,1,1,B03,6,5,5,40,4,1,1,4,4,5,13,1,1,1,4,4,2,17,1,40,3,10,7,1,7,6,1,8,1,2,,9,,1,21,121.5491602,25.0449519
113,12,23,15,48,2,06松山區,松山區市民大道4段與敦化南路1段口,0,0,1,2,C03,6,5,5,40,4,1,1,4,4,5,13,1,1,1,4,4,2,17,1,20,2,7,6,1,7,9,1,10,1,14,,44,,1,21,121.5491602,25.0449519
113,12,23,16,13,2,10文山區,文山區興隆路4段與興隆路4段1巷口,0,0,1,1,B03,6,6,5,50,3,1,1,4,4,5,13,1,1,10,5,5,2,16,2,48,3,10,7,1,7,5,1,8,1,2,,8,,1,21,121.5589556,24.991149
113,12,23,16,13,2,10文山區,文山區興隆路4段與興隆路4段1巷口,0,0,1,2,C03,6,6,5,50,3,1,1,4,4,5,13,1,1,10,5,5,2,16,1,20,2,9,6,1,7,9,1,10,1,11,,44,,1,21,121.5589556,24.991149
113,12,23,16,30,2,12內湖區,內湖區舊宗路1段與新湖二路口,0,0,1,1,C03,6,5,5,50,4,1,1,4,4,5,13,1,1,5,4,5,2,12,2,59,2,9,5,1,7,5,3,18,1,14,,8,,1,21,121.5780809,25.0618379
113,12,23,16,30,2,12內湖區,內湖區舊宗路1段與新湖二路口,0,0,1,2,B02,6,5,5,50,4,1,1,4,4,5,13,1,1,5,4,5,2,12,1,58,3,10,7,1,7,9,1,8,1,2,,44,,1,21,121.5780809,25.0618379
113,12,23,17,6,2,04大安區,大安區樂利路5巷14弄與樂利路11巷口,0,0,1,1,C03,6,6,5,30,3,2,1,4,4,5,13,4,4,9,4,5,1,16,2,54,2,7,5,1,7,5,1,10,1,12,,72,,1,21,121.5519827,25.0284297
113,12,23,17,6,2,04大安區,大安區樂利路5巷14弄與樂利路11巷口,0,0,1,2,C03,6,6,5,30,3,2,1,4,4,5,13,4,4,9,4,5,1,16,1,20,3,10,5,1,7,9,1,10,1,14,,13,,1,21,121.5519827,25.0284297
113,12,23,17,7,2,07信義區,信義區崇德街38號,0,0,1,1,C03,6,5,5,50,14,9,1,4,4,5,13,4,4,9,4,4,2,13,2,21,2,9,6,1,7,9,1,10,1,11,,16,,1,21,121.5537551,25.0242864
113,12,23,17,7,2,07信義區,信義區崇德街38號,0,0,1,2,B03,6,5,5,50,14,9,1,4,4,5,13,4,4,9,4,4,2,13,1,51,3,10,7,1,7,14,1,8,1,6,,44,,1,21,121.5537551,25.0242864
113,12,23,17,9,2,02萬華區,萬華區環河南路1段18號,0,0,2,1,C03,6,6,5,50,14,7,1,4,4,5,13,4,4,4,1,5,2,3,1,51,2,8,6,1,7,9,1,10,1,14,,108,,1,22,121.5053839,25.0478375
113,12,23,17,9,2,02萬華區,萬華區環河南路1段18號,0,0,2,2,H01,6,6,5,50,14,7,1,4,4,5,13,4,4,4,1,5,2,3,2,68,2,1,4,5,8,16,8,20,1,16,,67,,1,22,121.5053839,25.0478375
113,12,23,17,14,2,12內湖區,內湖區內湖路1段與內湖路1段口往港墘路引道口,0,0,1,1,B03,6,5,5,50,3,1,1,4,4,5,13,4,4,1,4,4,2,16,1,77,3,10,7,1,7,6,1,8,1,5,,86,,1,21,121.5773141,25.0793539
113,12,23,17,14,2,12內湖區,內湖區內湖路1段與內湖路1段口往港墘路引道口,0,0,1,2,C03,6,5,5,50,3,1,1,4,4,5,13,4,4,1,4,4,2,16,1,18,2,9,6,1,7,9,1,10,1,14,,44,,1,21,121.5773141,25.0793539
113,12,23,17,34,2,12內湖區,內湖區內湖路1段91巷24弄與內湖路1段91巷口,0,0,2,1,F01,6,5,5,30,3,1,1,4,4,5,13,4,4,4,5,5,1,15,2,73,2,9,2,1,7,9,8,20,1,14,,72,,1,21,121.5618639,25.0853014
113,12,23,17,34,2,12內湖區,內湖區內湖路1段91巷24弄與內湖路1段91巷口,0,0,2,2,C03,6,5,5,30,3,1,1,4,4,5,13,4,4,4,5,5,1,15,1,51,2,9,6,1,7,9,1,10,1,11,,44,,1,21,121.5618639,25.0853014
113,12,23,17,40,2,12內湖區,內湖區民權東路6段123巷與民權東路6段123巷34弄口,0,0,1,1,B03,6,5,5,30,3,1,1,4,4,5,13,4,4,5,5,5,2,17,1,27,3,10,7,1,7,5,1,8,2,8,,44,,1,21,121.5928577,25.07039868
113,12,23,17,40,2,12內湖區,內湖區民權東路6段123巷與民權東路6段123巷34弄口,0,0,1,2,C03,6,5,5,30,3,1,1,4,4,5,13,4,4,5,5,5,2,17,1,57,2,9,6,1,7,9,1,9,2,12,,94,,1,21,121.5928577,25.07039868
113,12,23,17,41,2,11南港區,南港區惠民街67號,0,0,1,1,B03,6,5,5,30,14,9,1,4,4,5,13,4,4,5,4,5,2,14,1,59,3,10,3,4,2,2,1,8,1,7,,12,,1,21,121.6100484,25.057369
113,12,23,17,41,2,11南港區,南港區惠民街67號,0,0,1,2,C03,6,5,5,30,14,9,1,4,4,5,13,4,4,5,4,5,2,14,2,34,3,10,3,4,7,9,1,10,1,12,,44,,1,21,121.6100484,25.057369
113,12,23,17,41,2,11南港區,南港區惠民街67號,0,0,1,3,C03,6,5,5,30,14,9,1,4,4,5,13,4,4,5,4,5,2,14,2,6,2,8,3,4,7,9,2,18,11,12,,44,,1,21,121.6100484,25.057369
113,12,23,17,42,2,04大安區,大安區羅斯福路3段309號,0,0,1,1,B03,7,5,5,50,14,8,1,4,4,5,13,4,4,3,3,5,2,12,1,48,3,10,7,1,7,1,1,14,1,8,,19,,1,22,121.5317862,25.0173615
113,12,23,17,42,2,04大安區,大安區羅斯福路3段309號,0,0,1,2,C03,7,5,5,50,14,8,1,4,4,5,13,4,4,3,3,5,2,12,1,69,2,8,5,1,7,9,1,10,1,11,,44,,1,22,121.5317862,25.0173615
113,12,23,17,44,2,12內湖區,內湖區民權東路6段174巷與民權東路6段口,0,0,2,1,B01,6,5,5,50,3,2,1,4,4,5,13,4,4,1,4,5,2,12,1,53,3,10,7,1,7,7,1,14,1,4,,72,,1,21,121.5922849,25.0688813
113,12,23,17,44,2,12內湖區,內湖區民權東路6段174巷與民權東路6段口,0,0,2,2,B03,6,5,5,50,3,2,1,4,4,5,13,4,4,1,4,5,2,12,1,77,3,10,7,1,7,9,1,8,1,2,,44,,1,21,121.5922849,25.0688813
113,12,23,17,44,2,12內湖區,內湖區民權東路6段174巷與民權東路6段口,0,0,2,3,H02,6,5,5,50,3,2,1,4,4,5,13,4,4,1,4,5,2,12,1,48,2,9,7,5,7,20,8,20,10,16,,67,,1,21,121.5922849,25.0688813
113,12,23,17,44,2,12內湖區,內湖區民權東路6段174巷與民權東路6段口,0,0,2,4,H02,6,5,5,50,3,2,1,4,4,5,13,4,4,1,4,5,2,12,1,62,2,1,2,5,7,20,8,20,10,16,,67,,1,21,121.5922849,25.0688813
113,12,23,17,45,2,08士林區,士林區德行東路338巷與德行東路口,0,0,1,1,F01,6,5,5,30,3,2,1,4,4,3,13,4,4,10,5,5,2,2,1,48,3,10,4,4,7,9,8,20,1,11,,108,,1,21,121.538006,25.1102445
113,12,23,17,45,2,08士林區,士林區德行東路338巷與德行東路口,0,0,1,2,H01,6,5,5,30,3,2,1,4,4,3,13,4,4,10,5,5,2,2,1,74,2,9,4,5,8,16,8,20,10,16,,67,,1,21,121.538006,25.1102445
113,12,23,17,54,2,10文山區,文山區景豐街31巷與興隆路2段61巷口,0,0,1,1,B03,6,5,5,30,4,1,1,4,4,5,13,4,4,10,5,5,2,15,1,49,3,10,7,1,7,9,1,8,1,1,,108,,1,21,121.5454774,25.0000003
113,12,23,17,54,2,10文山區,文山區景豐街31巷與興隆路2段61巷口,0,0,1,2,C03,6,5,5,30,4,1,1,4,4,5,13,4,4,10,5,5,2,15,1,21,2,8,6,1,7,9,1,10,1,11,,75,,1,21,121.5454774,25.0000003
113,12,23,17,57,2,10文山區,文山區試院路104號旁,0,0,1,1,C03,6,5,5,30,14,9,1,4,4,4,13,4,4,10,5,5,2,37,1,18,2,9,5,1,7,9,1,10,1,11,,42,,1,21,121.5475569,24.9899761