發生年度,發生月,發生日,發生時-Hours,發生分,處理別-編號,區序,肇事地點,死亡人數,2-30日死亡人數,受傷人數,當事人序號,車種,天候,道路照明設備,道路類別,速限-速度限制,道路型態,事故位置,路面狀況1,路面狀況2,路面狀況3,道路障礙1,道路障礙2,號誌1,號誌2,車道劃分-分向,車道劃分-分道1,車道劃分-分道2,車道劃分-分道3,事故類型及型態,性別,年齡,受傷程度,主要傷處,保護裝置,行動電話,車輛用途,當事者行動狀態,駕駛資格情形,駕駛執照種類,飲酒情形,車輛撞擊部位1,車輛撞擊部位2,肇因碼-個別,肇因碼-主要,個人肇逃否,職業,座標-X,座標-Y
113,12,23,17,57,2,10文山區,文山區試院路104號旁,0,0,1,2,,6,5,5,30,14,9,1,4,4,4,13,4,4,10,5,5,2,37,3,,,,,,,,,,,,,67,,1,,121.5475569,24.9899761
113,12,23,18,4,2,08士林區,士林區延平北路7段106巷與延平北路7段106巷6弄口,0,0,2,1,C03,6,6,5,40,14,9,1,4,4,5,13,4,4,10,5,5,2,3,1,46,2,9,5,1,7,9,1,10,1,11,,108,,1,21,121.4967624,25.09728685
113,12,23,18,4,2,08士林區,士林區延平北路7段106巷與延平北路7段106巷6弄口,0,0,2,2,H01,6,6,5,40,14,9,1,4,4,5,13,4,4,10,5,5,2,3,2,76,2,9,4,5,8,16,8,20,1,16,,121,,1,21,121.4967624,25.09728685
113,12,23,18,8,2,11南港區,南港區中坡北路與玉成街52巷口口,0,0,1,1,C03,6,5,5,50,4,2,1,4,4,5,13,2,1,1,4,1,2,12,1,25,2,6,3,4,7,11,1,10,2,12,,98,,1,22,121.5804255,25.0477574
113,12,23,18,8,2,11南港區,南港區中坡北路與玉成街52巷口口,0,0,1,2,B03,6,5,5,50,4,2,1,4,4,5,13,2,1,1,4,1,2,12,1,22,3,10,3,4,7,9,3,18,2,4,,44,,1,22,121.5804255,25.0477574
113,12,23,18,15,2,08士林區,士林區中山北路5段與雙溪街口,0,0,1,1,B03,6,5,5,50,3,1,1,4,4,5,13,3,1,9,4,5,1,17,1,66,3,10,7,1,7,5,1,8,2,8,,80,,1,21,121.5263135,25.10078094
113,12,23,18,15,2,08士林區,士林區中山北路5段與雙溪街口,0,0,1,2,C03,6,5,5,50,3,1,1,4,4,5,13,3,1,9,4,5,1,17,1,28,2,9,5,1,7,9,1,10,2,11,,44,,1,21,121.5263135,25.10078094
113,12,23,18,20,2,09北投區,北投區石牌路2段與天母西路口,0,0,1,1,B12,6,5,5,50,3,18,1,4,4,5,13,3,1,5,4,5,2,3,1,71,3,10,7,1,7,9,1,8,2,1,,70,,1,21,121.5221157,25.119319
113,12,23,18,20,2,09北投區,北投區石牌路2段與天母西路口,0,0,1,2,H01,6,5,5,50,3,18,1,4,4,5,13,3,1,5,4,5,2,3,2,29,2,9,4,5,8,16,8,20,10,16,,67,,1,21,121.5221157,25.119319
113,12,23,18,27,2,05中正區,中正區臨沂街與臨沂街27巷口,0,0,1,1,C03,6,5,5,30,4,1,1,4,4,5,13,4,4,9,5,5,1,15,2,62,2,8,6,1,7,9,1,10,2,11,,80,,1,22,121.530222,25.0411589
113,12,23,18,27,2,05中正區,中正區臨沂街與臨沂街27巷口,0,0,1,2,B01,6,5,5,30,4,1,1,4,4,5,13,4,4,9,5,5,1,15,1,57,3,10,7,1,7,9,1,4,2,4,,44,,1,21,121.530222,25.0411589
113,12,23,18,28,2,03中山區,中山區天津街與中山北路1段33巷口,0,0,1,1,C03,7,5,5,50,4,2,1,4,4,5,13,4,4,9,5,5,2,3,1,19,3,10,3,4,7,9,1,10,1,11,,70,,1,22,121.5225628,25.0486693
113,12,23,18,28,2,03中山區,中山區天津街與中山北路1段33巷口,0,0,1,2,H01,7,5,5,50,4,2,1,4,4,5,13,4,4,9,5,5,2,3,2,70,2,9,4,5,8,16,8,20,10,16,,67,,1,22,121.5225628,25.0486693
113,12,23,18,45,2,08士林區,士林區通河西街2段與通河西街2段108巷口,0,0,1,1,B03,6,5,5,50,3,2,1,4,4,5,13,4,4,9,5,5,2,17,1,35,3,10,3,4,7,4,1,8,2,2,,44,,1,21,121.5082575,25.09289
113,12,23,18,45,2,08士林區,士林區通河西街2段與通河西街2段108巷口,0,0,1,2,C03,6,5,5,50,3,2,1,4,4,5,13,4,4,9,5,5,2,17,2,62,2,9,3,4,7,15,1,10,2,15,,108,,1,21,121.5082575,25.09289
113,12,23,18,45,2,08士林區,士林區通河西街2段與通河西街2段108巷口,0,0,1,3,B03,6,5,5,50,3,2,1,4,4,5,13,4,4,9,5,5,2,17,2,23,3,10,3,4,7,13,1,8,11,4,,40,,1,21,121.5082575,25.09289
113,12,23,18,48,2,04大安區,大安區辛亥路車行地下道,0,0,1,1,A12,6,5,5,40,7,9,1,4,4,5,13,4,4,1,4,5,2,13,1,52,3,10,7,1,7,9,1,8,1,1,,16,,1,21,121.5302518,25.0205822
113,12,23,18,48,2,04大安區,大安區辛亥路車行地下道,0,0,1,2,B03,6,5,5,40,7,9,1,4,4,5,13,4,4,1,4,5,2,13,1,47,2,6,7,1,7,14,6,8,1,3,,44,,1,21,121.5302518,25.0205822
113,12,23,18,48,2,04大安區,大安區辛亥路車行地下道,0,0,1,3,B03,6,5,5,40,7,9,1,4,4,5,13,4,4,1,4,5,2,13,1,48,3,10,7,1,7,14,1,8,1,3,,44,,1,21,121.5302518,25.0205822
113,12,23,18,48,2,04大安區,大安區辛亥路車行地下道,0,0,1,4,B03,6,5,5,40,7,9,1,4,4,5,13,4,4,1,4,5,2,13,1,30,3,10,7,1,7,14,1,8,1,3,,44,,1,21,121.5302518,25.0205822
113,12,23,18,58,2,07信義區,信義區東興路與市民大道5段口,0,0,1,1,B03,6,5,5,50,4,18,1,4,4,5,13,1,1,1,4,5,2,3,1,43,3,10,3,4,7,5,1,8,1,8,,70,,1,22,121.5659558,25.0482546
113,12,23,18,58,2,07信義區,信義區東興路與市民大道5段口,0,0,1,2,H01,6,5,5,50,4,18,1,4,4,5,13,1,1,1,4,5,2,3,1,57,2,1,4,5,8,16,8,20,1,16,,67,,1,22,121.5659558,25.0482546
113,12,23,19,6,2,03中山區,中山區中山北路3段59號,0,0,1,1,A02,6,5,5,50,14,9,1,4,4,5,13,1,1,8,5,5,2,12,1,63,3,10,3,1,7,7,7,19,11,15,,119,,2,22,121.5230554,25.0688421
113,12,23,19,6,2,03中山區,中山區中山北路3段59號,0,0,1,2,C03,6,5,5,50,14,9,1,4,4,5,13,1,1,8,5,5,2,12,1,31,2,9,5,1,7,9,1,10,1,11,,44,,1,22,121.5230554,25.0688421
113,12,23,19,10,2,12內湖區,內湖區民權東路6段191巷28號前,0,0,1,1,G06,6,5,5,40,14,9,1,4,4,5,13,4,4,9,5,5,2,17,4,,,,,,,,,,,,,119,,2,,121.5980241,25.0683746
113,12,23,19,10,2,12內湖區,內湖區民權東路6段191巷28號前,0,0,1,2,C03,6,5,5,40,14,9,1,4,4,5,13,4,4,9,5,5,2,17,1,58,2,9,5,1,7,9,1,10,9,12,,44,,1,21,121.5980241,25.0683746
113,12,23,19,11,2,02萬華區,萬華區桂林路與柳州街口,0,0,1,1,B03,7,5,5,50,4,1,1,4,4,5,13,1,1,8,3,5,2,2,1,48,3,10,3,4,7,5,1,8,1,1,,70,,1,22,121.505239,25.0377816
113,12,23,19,11,2,02萬華區,萬華區桂林路與柳州街口,0,0,1,2,H01,7,5,5,50,4,1,1,4,4,5,13,1,1,8,3,5,2,2,2,59,2,9,4,5,8,16,8,20,10,16,,122,,1,22,121.505239,25.0377816
113,12,23,19,15,2,12內湖區,內湖區民權東路6段206巷與民權東路6段190巷35弄口,0,0,2,1,B03,6,5,5,50,3,1,1,4,4,5,13,1,1,5,5,5,2,17,1,29,2,9,7,1,7,11,1,8,2,4,,10,,1,21,121.5957427,25.06666315
113,12,23,19,15,2,12內湖區,內湖區民權東路6段206巷與民權東路6段190巷35弄口,0,0,2,2,B03,6,5,5,50,3,1,1,4,4,5,13,1,1,5,5,5,2,17,1,26,2,9,7,1,7,9,1,8,2,1,,44,,1,21,121.5957427,25.06666315
113,12,23,19,19,2,03中山區,中山區民族東路410巷60號,0,0,1,1,C03,7,5,5,50,14,9,1,4,4,5,13,4,4,4,5,5,1,9,1,34,3,10,5,1,7,9,1,10,1,11,,108,,1,21,121.5382897,25.06444238
113,12,23,19,19,2,03中山區,中山區民族東路410巷60號,0,0,1,2,H01,7,5,5,50,14,9,1,4,4,5,13,4,4,4,5,5,1,9,2,75,2,1,4,5,8,16,8,20,10,16,,60,,1,21,121.5382897,25.06444238
113,12,23,19,34,2,07信義區,信義區莊敬路316號,0,0,1,1,C03,6,5,5,50,14,9,1,4,4,5,13,4,4,9,5,5,2,17,4,0,,,,,,,,,,,,119,,2,,121.563274,25.028264
113,12,23,19,34,2,07信義區,信義區莊敬路316號,0,0,1,2,A01,6,5,5,50,14,9,1,4,4,5,13,4,4,9,5,5,2,17,1,61,3,10,3,4,7,14,1,2,9,17,,44,,1,21,121.563274,25.028264
113,12,23,19,34,2,07信義區,信義區莊敬路316號,0,0,1,3,H02,6,5,5,50,14,9,1,4,4,5,13,4,4,9,5,5,2,17,2,16,2,9,4,5,7,19,8,20,10,16,,67,,1,16,121.563274,25.028264
113,12,23,19,35,2,08士林區,士林區芝玉路1段223巷與芝玉路1段口,0,0,2,1,C03,6,5,5,30,3,2,1,4,4,5,13,4,4,10,5,5,2,1,2,47,2,9,5,1,7,6,1,10,1,11,,70,,1,21,121.5336127,25.10892296
113,12,23,19,35,2,08士林區,士林區芝玉路1段223巷與芝玉路1段口,0,0,2,2,H01,6,5,5,30,3,2,1,4,4,5,13,4,4,10,5,5,2,1,2,58,2,9,4,5,8,16,8,20,1,16,,67,,1,21,121.5336127,25.10892296
113,12,23,19,53,2,05中正區,中正區重慶北路1段與北平西路口,0,0,1,1,C03,6,5,5,0,14,9,1,4,4,5,13,4,4,1,4,1,2,12,1,37,3,10,5,1,7,8,1,10,11,12,,100,,2,21,121.5111709,25.04916017
113,12,23,19,53,2,05中正區,中正區重慶北路1段與北平西路口,0,0,1,2,C03,6,5,5,0,14,9,1,4,4,5,13,4,4,1,4,1,2,12,1,28,2,8,5,1,7,9,1,10,9,14,,44,,1,21,121.5111709,25.04916017
113,12,23,20,54,2,12內湖區,內湖區金湖路與星雲街口,0,0,1,1,C03,6,5,5,50,3,1,1,4,4,5,13,1,1,1,4,5,2,17,1,26,2,9,5,1,7,9,1,10,1,14,,42,,1,21,121.5974745,25.0814449
113,12,23,20,54,2,12內湖區,內湖區金湖路與星雲街口,0,0,1,2,B03,6,5,5,50,3,1,1,4,4,5,13,1,1,1,4,5,2,17,1,59,3,10,7,1,7,5,1,8,1,17,,71,,1,21,121.5974745,25.0814449
113,12,23,20,58,2,04大安區,大安區復興南路1段與東豐街口,0,0,1,1,B03,6,5,5,50,4,1,1,4,4,5,13,2,1,1,4,4,1,16,1,55,3,10,3,4,7,6,1,8,1,2,,9,,1,21,121.5437258,25.0361644
113,12,23,20,58,2,04大安區,大安區復興南路1段與東豐街口,0,0,1,2,F01,6,5,5,50,4,1,1,4,4,5,13,2,1,1,4,4,1,16,2,59,2,6,2,1,7,11,8,20,1,14,,11,,1,21,121.5437258,25.0361644
113,12,23,21,13,2,10文山區,文山區辛亥路7段北往南144號停車格前,0,0,1,1,C03,6,5,5,50,14,9,1,4,4,5,13,4,4,10,5,5,2,12,1,21,3,10,5,1,7,8,1,9,1,12,,100,,1,21,121.5536232,24.9806824
113,12,23,21,13,2,10文山區,文山區辛亥路7段北往南144號停車格前,0,0,1,2,C03,6,5,5,50,14,9,1,4,4,5,13,4,4,10,5,5,2,12,2,24,2,9,5,1,7,9,1,10,1,14,,44,,1,21,121.5536232,24.9806824
113,12,23,21,17,2,03中山區,中山區中山北路2段62巷38號,0,0,2,2,H01,6,5,5,30,14,9,1,4,4,5,13,4,4,10,5,5,2,3,2,22,2,9,4,5,8,16,8,20,10,16,,121,,1,21,121.5207817,25.0567274
113,12,23,21,17,2,03中山區,中山區中山北路2段62巷38號,0,0,2,1,C03,6,5,5,30,14,9,1,4,4,5,13,4,4,10,5,5,2,3,2,49,2,8,5,1,7,9,1,10,1,11,,108,,1,21,121.5207817,25.0567274
113,12,23,21,48,2,07信義區,信義區莊敬路325巷與莊敬路391巷11弄口,0,0,2,1,C03,6,5,5,50,4,18,1,4,4,5,13,2,1,9,4,5,1,9,1,46,2,8,3,4,7,5,1,10,2,14,,70,,1,21,121.5648637,25.0291093
113,12,23,21,48,2,07信義區,信義區莊敬路325巷與莊敬路391巷11弄口,0,0,2,2,H01,6,5,5,50,4,18,1,4,4,5,13,2,1,9,4,5,1,9,2,82,2,6,4,5,8,16,8,20,10,16,,67,,1,21,121.5648637,25.0291093
113,12,23,22,40,2,03中山區,中山區中山北路3段與民族東路口,0,0,1,1,C03,6,5,5,50,4,2,1,4,4,5,13,4,4,1,4,4,2,17,1,29,3,10,6,4,7,1,1,10,1,14,,19,,1,21,121.5183568,25.04847309
113,12,23,22,40,2,03中山區,中山區中山北路3段與民族東路口,0,0,1,2,C03,6,5,5,50,4,2,1,4,4,5,13,4,4,1,4,4,2,17,2,31,2,9,6,4,7,9,1,10,1,11,,13,,1,21,121.5183568,25.04847309
113,12,23,23,7,2,04大安區,大安區忠孝東路4段與忠孝東路4段223巷口,0,0,1,1,B01,7,5,5,50,5,1,1,4,4,5,13,2,1,5,4,5,2,3,1,55,4,11,3,4,7,5,7,19,9,15,,70,,2,22,121.5530765,25.0413667
113,12,23,23,7,2,04大安區,大安區忠孝東路4段與忠孝東路4段223巷口,0,0,1,2,H01,7,5,5,50,5,1,1,4,4,5,13,2,1,5,4,5,2,3,1,30,2,7,4,5,8,16,8,20,10,16,,67,,1,21,121.5530765,25.0413667
113,12,23,23,10,2,01大同區,大同區長安西路與華亭街口,0,0,1,1,B02,6,5,5,30,4,1,1,4,4,5,13,3,1,5,4,5,2,17,1,37,3,10,7,1,7,6,1,8,2,8,,72,,1,21,121.5132337,25.0517931
113,12,23,23,10,2,01大同區,大同區長安西路與華亭街口,0,0,1,2,C03,6,5,5,30,4,1,1,4,4,5,13,3,1,5,4,5,2,17,2,22,2,8,6,1,7,9,1,10,2,12,,14,,1,21,121.5132337,25.0517931
113,12,23,23,20,2,03中山區,中山區中山北路1段與長安東路1段口,0,0,2,1,C03,6,5,5,50,4,2,1,4,4,5,13,1,1,8,5,5,2,13,2,23,2,9,5,1,7,9,1,10,1,11,,108,,1,21,121.5216473,25.0495681
113,12,23,23,20,2,03中山區,中山區中山北路1段與長安東路1段口,0,0,2,2,C04,6,5,5,50,4,2,1,4,4,5,13,1,1,8,5,5,2,13,2,31,2,8,5,1,7,14,1,10,1,13,,44,,1,21,121.5216473,25.0495681
113,12,24,0,58,2,06松山區,松山區市民大道4段71號,0,0,1,1,B03,6,5,5,40,22,9,1,4,4,5,13,4,4,1,4,5,2,17,2,54,3,10,7,1,7,11,1,8,1,2,,80,,1,21,121.5449138,25.0450872
113,12,24,0,58,2,06松山區,松山區市民大道4段71號,0,0,1,2,C03,6,5,5,40,22,9,1,4,4,5,13,4,4,1,4,5,2,17,1,40,2,8,5,1,7,9,1,10,1,14,,44,,1,21,121.5449138,25.0450872
113,12,24,1,0,2,07信義區,信義區忠孝東路5段與基隆路1段口,0,0,1,1,B01,6,5,5,50,4,18,1,4,4,5,13,1,1,1,4,5,2,2,2,46,3,10,3,4,7,6,1,4,1,1,,70,,1,21,121.5647305,25.0413294
113,12,24,1,0,2,07信義區,信義區忠孝東路5段與基隆路1段口,0,0,1,2,H01,6,5,5,50,4,18,1,4,4,5,13,1,1,1,4,5,2,2,1,41,2,9,4,5,8,16,8,20,1,16,,67,,1,21,121.5647305,25.0413294
113,12,24,5,55,2,03中山區,中山區北安路與大直街670巷口,0,0,1,1,B03,8,5,5,59,4,1,1,5,4,5,13,2,1,5,2,5,2,9,1,59,3,10,7,1,7,5,1,8,1,1,,16,,1,21,121.5493628,25.0841891
113,12,24,5,55,2,03中山區,中山區北安路與大直街670巷口,0,0,1,2,H01,8,5,5,59,4,1,1,5,4,5,13,2,1,5,2,5,2,9,1,83,2,9,4,5,8,16,8,20,1,16,,67,,1,21,121.5493628,25.0841891
113,12,24,7,2,2,01大同區,大同區重慶北路3段250-5號,0,0,1,1,B02,6,6,5,50,22,9,1,4,4,5,13,4,4,9,5,5,2,17,1,39,3,10,2,4,7,6,1,8,1,4,,80,,1,22,121.5136634,25.0712258
113,12,24,7,2,2,01大同區,大同區重慶北路3段250-5號,0,0,1,2,C03,6,6,5,50,22,9,1,4,4,5,13,4,4,9,5,5,2,17,1,48,2,9,6,4,7,9,1,10,1,14,,44,,1,22,121.5136634,25.0712258
113,12,24,7,25,2,04大安區,大安區和平東路2段與新生南路3段口,0,0,2,1,C03,6,7,5,50,4,2,1,4,4,5,13,2,1,1,4,5,2,13,1,29,2,9,6,1,7,9,1,10,1,11,,44,,1,21,121.5348923,25.0257035
113,12,24,7,25,2,04大安區,大安區和平東路2段與新生南路3段口,0,0,2,2,C03,6,7,5,50,4,2,1,4,4,5,13,2,1,1,4,5,2,13,1,45,2,9,6,1,7,15,1,10,1,13,,44,,1,21,121.5348923,25.0257035
113,12,24,7,25,2,12內湖區,內湖區民權東路6段90巷10號,0,0,1,1,B03,6,6,5,30,14,9,1,4,4,5,13,4,4,10,5,5,2,17,1,42,3,10,2,1,7,13,1,8,1,4,,44,,1,21,121.5860518,25.0683016
113,12,24,7,25,2,12內湖區,內湖區民權東路6段90巷10號,0,0,1,2,C03,6,6,5,30,14,9,1,4,4,5,13,4,4,10,5,5,2,17,1,29,2,9,5,1,7,9,1,10,1,11,,44,,1,21,121.5860518,25.0683016
113,12,24,7,40,2,01大同區,大同區鄭州路145號,0,0,2,1,C03,6,6,5,40,22,9,1,4,4,5,13,4,4,1,4,5,2,17,2,60,2,9,6,1,7,7,1,10,2,14,,100,,1,21,121.5094211,25.0504183
113,12,24,7,40,2,01大同區,大同區鄭州路145號,0,0,2,2,B03,6,6,5,40,22,9,1,4,4,5,13,4,4,1,4,5,2,17,1,41,3,10,7,1,7,9,1,8,2,2,,13,,1,21,121.5094211,25.0504183
113,12,24,7,40,2,01大同區,大同區鄭州路145號,0,0,2,3,C03,6,6,5,40,22,9,1,4,4,5,13,4,4,1,4,5,2,17,1,29,2,8,5,1,7,9,1,10,2,11,,44,,1,21,121.5094211,25.0504183
113,12,24,8,0,2,12內湖區,內湖區康樂街116-4號,0,0,1,1,C04,6,6,5,50,14,9,1,4,4,5,13,4,4,5,4,5,2,16,2,23,2,9,5,1,7,5,1,10,1,12,,80,,1,21,121.6191683,25.0712222
113,12,24,8,0,2,12內湖區,內湖區康樂街116-4號,0,0,1,2,C03,6,6,5,50,14,9,1,4,4,5,13,4,4,5,4,5,2,16,1,31,3,10,6,1,7,9,1,10,1,11,,44,,1,21,121.6191683,25.0712222
113,12,24,8,5,2,12內湖區,內湖區文德路218號,0,0,1,1,C03,6,5,5,50,14,9,1,4,4,5,13,4,4,1,3,4,1,17,1,37,2,9,3,4,7,15,1,10,1,14,,99,,1,21,121.5874435,25.078668
113,12,24,8,5,2,12內湖區,內湖區文德路218號,0,0,1,2,B01,6,5,5,50,14,9,1,4,4,5,13,4,4,1,3,4,1,17,1,63,3,10,3,4,7,9,1,4,1,3,,44,,1,21,121.5874435,25.078668
113,12,24,8,5,2,12內湖區,內湖區文德路218號,0,0,1,3,B01,6,5,5,50,14,9,1,4,4,5,13,4,4,1,3,4,1,17,1,56,3,10,3,4,7,7,1,4,11,17,,70,,2,21,121.5874435,25.078668
113,12,24,8,25,2,10文山區,文山區新光路2段32號,0,0,1,1,C03,6,6,5,50,14,9,1,4,4,5,13,4,4,1,4,5,1,13,1,20,2,8,6,1,7,9,1,10,1,11,,16,,1,25,121.5771455,24.9967755
113,12,24,8,25,2,10文山區,文山區新光路2段32號,0,0,1,2,B03,6,6,5,50,14,9,1,4,4,5,13,4,4,1,4,5,1,13,2,36,3,10,7,1,7,9,1,8,1,3,,44,,1,21,121.5771455,24.9967755
113,12,24,8,26,2,09北投區,北投區行義路第1209093號燈桿前,0,0,1,1,C03,6,6,5,40,11,9,1,4,4,5,13,4,4,9,5,5,1,10,2,26,2,9,5,1,7,9,1,10,1,14,,17,,1,21,121.5249144,25.1463908
113,12,24,8,26,2,09北投區,北投區行義路第1209093號燈桿前,0,0,1,2,B03,6,6,5,40,11,9,1,4,4,5,13,4,4,9,5,5,1,10,2,56,3,10,7,1,7,9,1,8,2,4,,44,,1,21,121.5249144,25.1463908
113,12,24,8,30,2,06松山區,松山區民權東路4段與三民路口,0,0,1,1,C03,6,6,5,50,3,2,1,4,4,5,13,1,1,1,3,5,2,17,1,44,3,10,6,4,7,9,1,10,1,11,,16,,1,21,121.5628355,25.0627058
113,12,24,8,30,2,06松山區,松山區民權東路4段與三民路口,0,0,1,2,C03,6,6,5,50,3,2,1,4,4,5,13,1,1,1,3,5,2,17,1,32,2,9,6,4,7,12,1,10,1,13,,44,,1,21,121.5628355,25.0627058
113,12,24,8,30,2,06松山區,松山區民權東路4段與三民路口,0,0,1,3,A12,6,6,5,50,3,2,1,4,4,5,13,1,1,1,3,5,2,17,1,21,3,10,3,4,7,12,1,3,1,15,,44,,1,21,121.5628355,25.0627058
113,12,24,8,30,2,10文山區,文山區羅斯福路5段與汀州路4段口口,0,0,3,3,H02,6,6,5,50,4,2,1,4,4,5,13,2,1,1,4,5,2,12,1,5,2,7,6,5,7,21,8,20,10,16,,67,,1,24,121.5380014,25.0082264
113,12,24,8,30,2,10文山區,文山區羅斯福路5段與汀州路4段口口,0,0,3,1,C03,6,6,5,50,4,2,1,4,4,5,13,2,1,1,4,5,2,12,1,19,2,6,6,1,7,7,1,10,1,13,,100,,1,21,121.5380014,25.0082264
113,12,24,8,30,2,10文山區,文山區羅斯福路5段與汀州路4段口口,0,0,3,2,C03,6,6,5,50,4,2,1,4,4,5,13,2,1,1,4,5,2,12,2,31,2,9,6,1,7,9,1,10,1,11,,44,,1,21,121.5380014,25.0082264
113,12,24,8,31,2,05中正區,中正區市民大道1段與中山北路1段口,0,0,2,1,C03,6,6,5,40,4,1,1,4,4,5,13,2,1,1,4,5,2,16,1,30,2,8,6,1,7,15,1,10,2,12,,101,,1,21,121.5205385,25.0479826
113,12,24,8,31,2,05中正區,中正區市民大道1段與中山北路1段口,0,0,2,2,C03,6,6,5,40,4,1,1,4,4,5,13,2,1,1,4,5,2,16,1,59,2,3,6,1,7,9,1,10,2,14,,44,,1,21,121.5205385,25.0479826
113,12,24,8,37,2,03中山區,中山區興安街42號對面,0,0,1,1,B01,6,6,5,40,14,9,1,4,4,5,13,4,4,9,4,4,2,12,1,58,3,10,3,4,7,11,1,4,1,4,,10,,1,22,121.5387292,25.05616824
113,12,24,8,37,2,03中山區,中山區興安街42號對面,0,0,1,2,C03,6,6,5,40,14,9,1,4,4,5,13,4,4,9,4,4,2,12,2,57,2,8,6,1,7,9,1,10,1,12,,44,,1,22,121.5387292,25.05616824
113,12,24,8,37,2,05中正區,中正區南昌路1段與寧波西街口,0,0,2,2,C03,6,6,5,50,4,1,1,4,4,5,13,1,1,5,2,5,1,17,1,48,2,6,5,1,7,9,1,10,2,11,,44,,1,21,121.5175445,25.03078214
113,12,24,8,37,2,05中正區,中正區南昌路1段與寧波西街口,0,0,2,1,C03,6,6,5,50,4,1,1,4,4,5,13,1,1,5,2,5,1,17,2,32,2,8,5,1,7,5,1,10,2,14,,8,,1,21,121.5175445,25.03078214
113,12,24,8,50,2,07信義區,信義區嘉興街180號,0,0,1,1,B03,6,7,8,30,14,9,1,4,4,5,13,4,4,10,5,5,2,3,2,44,3,10,3,4,7,5,1,8,2,8,,44,,1,21,121.5571377,25.0278207
113,12,24,8,50,2,07信義區,信義區嘉興街180號,0,0,1,2,H01,6,7,8,30,14,9,1,4,4,5,13,4,4,10,5,5,2,3,1,43,2,8,4,5,8,16,8,20,10,16,,53,,1,22,121.5571377,25.0278207
113,12,24,9,15,2,03中山區,中山區復興北路168號,0,0,1,1,C03,7,7,5,50,14,9,1,5,4,5,13,4,4,1,4,5,2,17,2,23,3,10,3,4,7,8,1,10,1,12,,101,,1,21,121.543952,25.0536888
113,12,24,9,15,2,03中山區,中山區復興北路168號,0,0,1,2,C03,7,7,5,50,14,9,1,5,4,5,13,4,4,1,4,5,2,17,1,38,2,9,3,4,7,9,1,10,1,15,,13,,1,21,121.543952,25.0536888
113,12,24,9,30,2,03中山區,中山區劍南路326巷36弄與北安路745巷口,0,0,1,1,C03,6,5,8,30,22,22,1,4,4,5,13,4,4,10,5,5,2,10,2,28,2,8,3,4,7,9,1,10,2,11,,44,,1,21,121.5515092,25.0898806
113,12,24,9,30,2,03中山區,中山區劍南路326巷36弄與北安路745巷口,0,0,1,2,E05,6,5,8,30,22,22,1,4,4,5,13,4,4,10,5,5,2,10,1,20,3,10,3,4,7,9,1,14,2,1,,44,,1,21,121.5515092,25.0898806
113,12,24,9,31,2,03中山區,中山區新生北路1段與長安東路2段口,0,0,1,1,B01,7,7,5,50,5,2,1,5,4,5,13,2,1,8,4,5,1,17,1,59,3,10,7,1,7,9,1,4,1,4,,81,,1,21,121.5297444,25.0483107
113,12,24,9,31,2,03中山區,中山區新生北路1段與長安東路2段口,0,0,1,2,B01,7,7,5,50,5,2,1,5,4,5,13,2,1,8,4,5,1,17,1,55,2,9,7,1,7,9,1,4,1,1,,44,,1,21,121.5297444,25.0483107
113,12,24,9,36,2,03中山區,中山區中山北路2段92號,0,0,2,1,B03,7,6,5,50,14,8,1,5,4,5,13,4,4,1,5,1,1,12,1,47,3,10,3,4,7,7,1,8,1,8,,80,,1,21,121.5227694,25.0583598
113,12,24,9,36,2,03中山區,中山區中山北路2段92號,0,0,2,2,C03,7,6,5,50,14,8,1,5,4,5,13,4,4,1,5,1,1,12,1,22,2,9,3,4,7,9,1,10,1,12,,44,,1,21,121.5227694,25.0583598
113,12,24,9,36,2,03中山區,中山區中山北路2段92號,0,0,2,3,H02,7,6,5,50,14,8,1,5,4,5,13,4,4,1,5,1,1,12,1,23,2,8,3,5,7,20,8,20,10,16,,67,,1,21,121.5227694,25.0583598
113,12,24,9,46,2,12內湖區,內湖區東湖路113巷與東湖路113巷95弄口,0,0,1,1,C03,6,6,5,30,3,1,1,4,4,5,13,4,4,5,5,5,2,16,2,27,2,9,5,1,7,5,1,10,1,12,,80,,1,21,121.6155138,25.0740274
113,12,24,9,46,2,12內湖區,內湖區東湖路113巷與東湖路113巷95弄口,0,0,1,2,B03,6,6,5,30,3,1,1,4,4,5,13,4,4,5,5,5,2,16,1,34,3,10,7,1,7,9,1,8,1,4,,108,,1,21,121.6155138,25.0740274
113,12,24,9,56,2,11南港區,南港區忠孝東路6段與玉成街口,0,0,1,1,B03,7,7,5,50,5,1,1,4,4,5,13,2,1,1,4,5,2,17,2,43,3,10,7,1,7,11,1,8,1,17,,10,,1,21,121.5828809,25.0453892
113,12,24,9,56,2,11南港區,南港區忠孝東路6段與玉成街口,0,0,1,2,C03,7,7,5,50,5,1,1,4,4,5,13,2,1,1,4,5,2,17,1,32,2,8,5,1,7,9,1,10,1,14,,44,,1,21,121.5828809,25.0453892
113,12,24,10,7,2,02萬華區,萬華區中華路2段416巷與萬大路277巷33弄口,0,0,1,1,B03,8,5,8,30,22,22,1,5,4,5,13,1,1,10,5,5,2,17,2,46,3,10,3,4,7,1,1,8,1,5,,108,,1,21,121.5016057,25.0264548