發生年度,發生月,發生日,發生時-Hours,發生分,處理別-編號,區序,肇事地點,死亡人數,2-30日死亡人數,受傷人數,當事人序號,車種,天候,道路照明設備,道路類別,速限-速度限制,道路型態,事故位置,路面狀況1,路面狀況2,路面狀況3,道路障礙1,道路障礙2,號誌1,號誌2,車道劃分-分向,車道劃分-分道1,車道劃分-分道2,車道劃分-分道3,事故類型及型態,性別,年齡,受傷程度,主要傷處,保護裝置,行動電話,車輛用途,當事者行動狀態,駕駛資格情形,駕駛執照種類,飲酒情形,車輛撞擊部位1,車輛撞擊部位2,肇因碼-個別,肇因碼-主要,個人肇逃否,職業,座標-X,座標-Y
113,12,24,10,7,2,02萬華區,萬華區中華路2段416巷與萬大路277巷33弄口,0,0,1,2,C03,8,5,8,30,22,22,1,5,4,5,13,1,1,10,5,5,2,17,2,58,2,8,3,4,7,14,1,10,1,13,,44,,1,21,121.5016057,25.0264548
113,12,24,10,7,2,02萬華區,萬華區中華路2段416巷與萬大路277巷33弄口,0,0,1,3,B03,8,5,8,30,22,22,1,5,4,5,13,1,1,10,5,5,2,17,1,33,3,10,3,4,7,13,1,4,1,7,,44,,1,21,121.5016057,25.0264548
113,12,24,10,15,2,09北投區,北投區承德路6段427號,0,0,1,1,B03,7,6,5,60,14,7,1,5,4,5,13,4,4,9,4,4,2,17,2,68,3,10,7,1,7,8,1,8,1,6,,100,,1,22,121.511374,25.1092169
113,12,24,10,15,2,09北投區,北投區承德路6段427號,0,0,1,2,C03,7,6,5,60,14,7,1,5,4,5,13,4,4,9,4,4,2,17,1,58,2,9,6,1,7,9,1,10,1,11,,44,,1,22,121.511374,25.1092169
113,12,24,10,25,2,05中正區,中正區青島東路與林森南路口,0,0,1,1,B03,7,6,5,50,4,1,1,4,4,5,13,1,1,5,4,5,2,16,1,56,3,10,7,1,7,11,1,8,2,2,,10,,1,22,121.5230698,25.0436249
113,12,24,10,25,2,05中正區,中正區青島東路與林森南路口,0,0,1,2,C03,7,6,5,50,4,1,1,4,4,5,13,1,1,5,4,5,2,16,1,23,2,9,6,1,7,9,1,10,2,11,,13,,1,22,121.5230698,25.0436249
113,12,24,10,37,2,08士林區,士林區復興橋與至誠路1段口,0,0,1,1,B03,7,7,5,50,3,1,1,4,4,5,13,1,1,4,5,5,1,17,2,54,3,10,7,1,7,6,1,8,1,8,,9,,1,21,121.5373298,25.1005339
113,12,24,10,37,2,08士林區,士林區復興橋與至誠路1段口,0,0,1,2,C03,7,7,5,50,3,1,1,4,4,5,13,1,1,4,5,5,1,17,1,71,2,9,5,1,7,9,1,10,1,12,,44,,1,21,121.5373298,25.1005339
113,12,24,10,50,2,01大同區,大同區大龍街與民族西路口,0,0,1,1,B03,7,6,5,50,4,1,1,5,4,5,13,2,1,4,4,5,2,16,1,46,3,10,3,4,7,5,1,8,1,17,,71,,1,21,121.5158681,25.06856733
113,12,24,10,50,2,01大同區,大同區大龍街與民族西路口,0,0,1,2,C03,7,6,5,50,4,1,1,5,4,5,13,2,1,4,4,5,2,16,2,44,2,9,3,4,7,9,1,10,1,11,,44,,1,21,121.5158681,25.06856733
113,12,24,10,57,2,01大同區,大同區延平北路3段與民權西路口,0,0,1,1,C03,7,6,5,50,14,11,1,5,4,5,13,1,1,1,4,5,2,17,1,31,2,9,5,1,7,9,1,10,2,11,,16,,1,21,121.5108326,25.06309146
113,12,24,10,57,2,01大同區,大同區延平北路3段與民權西路口,0,0,1,2,B13,7,6,5,50,14,11,1,5,4,5,13,1,1,1,4,5,2,17,1,48,3,10,7,1,7,12,1,8,2,6,,42,,1,21,121.5108326,25.06309146
113,12,24,11,0,2,04大安區,大安區敦化南路1段200號,0,0,1,1,B03,6,6,5,50,14,9,1,4,4,5,13,4,4,4,4,5,2,17,2,44,3,10,7,1,7,1,1,8,1,8,,19,,1,22,121.5486242,25.042027
113,12,24,11,0,2,04大安區,大安區敦化南路1段200號,0,0,1,2,C03,6,6,5,50,14,9,1,4,4,5,13,4,4,4,4,5,2,17,1,64,2,9,5,1,7,9,1,10,1,11,,44,,1,22,121.5486242,25.042027
113,12,24,11,5,2,03中山區,中山區新生北路3段11巷61號,0,0,2,1,C03,7,7,5,30,14,9,5,5,4,5,13,4,4,10,5,5,2,3,1,42,2,9,5,1,7,9,1,10,2,11,,44,,1,21,121.5298911,25.0634918
113,12,24,11,5,2,03中山區,中山區新生北路3段11巷61號,0,0,2,2,H01,7,7,5,30,14,9,5,5,4,5,13,4,4,10,5,5,2,3,1,79,2,9,4,5,8,16,8,20,10,16,,53,,1,21,121.5298911,25.0634918
113,12,24,11,6,2,11南港區,南港區忠孝東路6段279號,0,0,1,1,C03,6,6,5,30,14,9,1,4,4,5,13,4,4,10,5,5,2,12,2,55,3,10,3,4,7,9,1,10,1,11,,17,,1,21,121.5898636,25.0497598
113,12,24,11,6,2,11南港區,南港區忠孝東路6段279號,0,0,1,2,C04,6,6,5,30,14,9,1,4,4,5,13,4,4,10,5,5,2,12,2,71,2,7,3,4,7,9,1,21,1,13,,44,,1,21,121.5898636,25.0497598
113,12,24,11,25,2,08士林區,士林區芝玉路1段197巷與忠義街91巷口,0,0,2,1,B01,8,5,5,30,4,1,1,5,4,5,13,4,4,10,5,5,2,15,2,54,3,10,3,4,7,9,1,8,1,5,,72,,1,21,121.5328991,25.10629726
113,12,24,11,25,2,08士林區,士林區芝玉路1段197巷與忠義街91巷口,0,0,2,2,C03,8,5,5,30,4,1,1,5,4,5,13,4,4,10,5,5,2,15,1,71,2,9,3,4,7,9,1,10,1,11,,108,,1,21,121.5328991,25.10629726
113,12,24,11,25,2,08士林區,士林區芝玉路1段197巷與忠義街91巷口,0,0,2,3,H02,8,5,5,30,4,1,1,5,4,5,13,4,4,10,5,5,2,15,2,71,2,9,3,5,7,20,8,20,10,16,,67,,1,21,121.5328991,25.10629726
113,12,24,11,25,2,08士林區,士林區芝玉路1段197巷與忠義街91巷口,0,0,2,4,B03,8,5,5,30,4,1,1,5,4,5,13,4,4,10,5,5,2,15,1,26,4,11,7,1,7,15,1,8,9,15,,44,,1,21,121.5328991,25.10629726
113,12,24,11,48,2,05中正區,中正區延平南路與寶慶路口,0,0,1,1,B01,8,7,5,50,4,2,1,5,4,5,13,1,1,10,3,5,2,13,1,60,3,10,7,1,7,9,1,4,2,1,,16,,1,26,121.5095903,25.0416783
113,12,24,11,48,2,05中正區,中正區延平南路與寶慶路口,0,0,1,2,C03,8,7,5,50,4,2,1,5,4,5,13,1,1,10,3,5,2,13,2,52,2,1,5,1,7,15,1,10,9,13,,44,,1,26,121.5095903,25.0416783
113,12,24,12,10,2,12內湖區,內湖區民權東路6段123巷與民權東路6段123巷20弄口口,0,0,1,1,B03,6,6,5,30,4,1,1,4,4,5,13,4,4,5,5,5,2,16,1,38,3,10,7,1,7,5,1,8,1,1,,72,,1,21,121.5928522,25.069729
113,12,24,12,10,2,12內湖區,內湖區民權東路6段123巷與民權東路6段123巷20弄口口,0,0,1,2,C03,6,6,5,30,4,1,1,4,4,5,13,4,4,5,5,5,2,16,2,32,2,5,5,1,7,9,1,10,1,12,,14,,1,21,121.5928522,25.069729
113,12,24,12,16,2,01大同區,大同區重慶北路3段與酒泉街口,0,0,1,1,C03,8,6,5,50,4,2,1,5,4,5,13,2,1,1,4,5,2,17,1,22,3,10,5,4,7,15,1,10,2,17,,101,,1,21,121.5134197,25.0724098
113,12,24,12,16,2,01大同區,大同區重慶北路3段與酒泉街口,0,0,1,2,C03,8,6,5,50,4,2,1,5,4,5,13,2,1,1,4,5,2,17,1,42,2,9,5,4,7,9,1,10,2,14,,44,,1,21,121.5134197,25.0724098
113,12,24,12,16,2,01大同區,大同區重慶北路3段與酒泉街口,0,0,1,3,H02,8,6,5,50,4,2,1,5,4,5,13,2,1,1,4,5,2,17,2,22,3,10,5,5,7,20,8,20,10,16,,67,,1,21,121.5134197,25.0724098
113,12,24,12,20,2,05中正區,中正區愛國西路與重慶南路1段口,0,0,1,2,C03,8,6,5,50,4,1,1,5,4,1,13,2,1,3,4,5,2,17,1,20,2,9,5,1,7,9,1,10,9,14,,44,,1,22,121.5210187,25.04793299
113,12,24,12,20,2,05中正區,中正區愛國西路與重慶南路1段口,0,0,1,1,B01,8,6,5,50,4,1,1,5,4,1,13,2,1,3,4,5,2,17,1,63,3,10,7,1,7,8,1,4,9,17,,100,,1,22,121.5210187,25.04793299
113,12,24,12,21,2,01大同區,大同區大龍街與大龍街91巷口,0,0,1,1,F02,7,6,5,50,4,1,1,5,4,5,13,2,1,4,4,5,2,12,2,32,2,9,3,4,7,7,8,20,1,14,,100,,1,21,121.5159437,25.0673036
113,12,24,12,21,2,01大同區,大同區大龍街與大龍街91巷口,0,0,1,2,C03,7,6,5,50,4,1,1,5,4,5,13,2,1,4,4,5,2,12,1,55,3,10,3,4,7,9,1,10,1,12,,44,,1,21,121.5159437,25.0673036
113,12,24,12,25,2,03中山區,中山區中山北路2段92號,0,0,1,1,B12,7,7,8,50,14,9,1,5,4,5,13,4,4,5,4,4,2,17,1,43,3,10,3,4,7,6,1,10,1,15,,9,,1,21,121.522807,25.0599137
113,12,24,12,25,2,03中山區,中山區中山北路2段92號,0,0,1,2,C03,7,7,8,50,14,9,1,5,4,5,13,4,4,5,4,4,2,17,2,71,2,8,3,4,7,9,1,10,1,15,,44,,1,21,121.522807,25.0599137
113,12,24,12,28,2,04大安區,大安區仁愛路4段48巷與四維路6巷口,0,0,2,1,C03,6,6,5,30,4,1,1,4,4,5,11,4,4,10,5,5,2,15,1,23,2,9,5,1,7,9,1,10,2,11,,75,,1,21,121.5475066,25.0370535
113,12,24,12,28,2,04大安區,大安區仁愛路4段48巷與四維路6巷口,0,0,2,2,C03,6,6,5,30,4,1,1,4,4,5,11,4,4,10,5,5,2,15,1,28,2,9,5,1,7,9,1,10,2,14,,14,,1,21,121.5475066,25.0370535
113,12,24,12,28,2,04大安區,大安區仁愛路4段48巷與四維路6巷口,0,0,2,3,B12,6,6,5,30,4,1,1,4,4,5,11,4,4,10,5,5,2,15,1,53,3,10,3,1,7,13,1,8,9,17,,38,,1,21,121.5475066,25.0370535
113,12,24,12,35,2,07信義區,信義區松山路541巷15號與松山路515巷2弄口,0,0,1,1,B03,7,6,5,30,4,1,1,4,4,5,13,4,4,10,5,5,2,15,1,55,3,10,7,1,7,9,1,8,1,1,,44,,1,22,121.5786379,25.0377846
113,12,24,12,35,2,07信義區,信義區松山路541巷15號與松山路515巷2弄口,0,0,1,2,C03,7,6,5,30,4,1,1,4,4,5,13,4,4,10,5,5,2,15,2,56,2,8,6,1,7,9,1,10,1,11,,72,,1,22,121.5786379,25.0377846
113,12,24,13,2,2,10文山區,文山區懷恩隧道往南出口處,0,0,2,1,C03,7,6,5,50,6,9,1,5,4,5,13,4,4,10,2,5,1,20,1,18,2,9,6,1,7,9,3,18,2,11,,108,,1,25,121.5513372,24.991828
113,12,24,13,2,2,10文山區,文山區懷恩隧道往南出口處,0,0,2,2,,7,6,5,50,6,9,1,5,4,5,13,4,4,10,2,5,1,20,3,,,,,,,,,,,,,67,,1,,121.5513372,24.991828
113,12,24,13,2,2,10文山區,文山區懷恩隧道往南出口處,0,0,2,3,H02,7,6,5,50,6,9,1,5,4,5,13,4,4,10,2,5,1,20,1,18,2,9,6,5,7,21,8,20,10,16,,67,,1,25,121.5513372,24.991828
113,12,24,13,7,2,02萬華區,萬華區永福街與柳州街口,0,0,1,1,C03,8,6,5,30,4,1,1,5,4,5,13,1,1,9,4,5,1,9,2,51,3,10,5,1,7,5,1,10,1,13,,44,,1,21,121.5052705,25.0382879
113,12,24,13,7,2,02萬華區,萬華區永福街與柳州街口,0,0,1,2,H01,8,6,5,30,4,1,1,5,4,5,13,1,1,9,4,5,1,9,1,47,2,1,4,5,8,20,8,20,10,16,,60,,1,21,121.5052705,25.0382879
113,12,24,13,7,2,05中正區,中正區汀州路2段265號,0,0,1,1,C03,7,6,5,50,14,9,1,5,4,5,13,4,4,5,4,5,2,17,2,45,2,8,5,1,7,2,1,10,1,13,,42,,1,21,121.5238254,25.0224115
113,12,24,13,7,2,05中正區,中正區汀州路2段265號,0,0,1,2,B03,7,6,5,50,14,9,1,5,4,5,13,4,4,5,4,5,2,17,1,49,3,10,7,1,7,9,1,8,1,5,,108,,1,21,121.5238254,25.0224115
113,12,24,13,35,2,05中正區,中正區館前路與開封街1段口,0,0,1,1,,7,6,5,50,3,1,1,5,4,5,13,4,4,10,4,5,2,3,4,0,4,11,3,4,7,5,7,19,11,,,119,,2,,121.5148796,25.0459734
113,12,24,13,35,2,05中正區,中正區館前路與開封街1段口,0,0,1,2,H01,7,6,5,50,3,1,1,5,4,5,13,4,4,10,4,5,2,3,1,20,2,8,4,5,8,16,8,20,10,16,,121,,1,22,121.5148796,25.0459734
113,12,24,13,40,2,12內湖區,內湖區潭美街791號,0,0,1,1,B11,6,5,5,50,14,9,1,4,4,5,13,4,4,10,5,5,2,17,1,43,3,10,7,1,7,2,1,8,1,3,,44,,1,21,121.6107562,25.06371183
113,12,24,13,40,2,12內湖區,內湖區潭美街791號,0,0,1,2,C03,6,5,5,50,14,9,1,4,4,5,13,4,4,10,5,5,2,17,1,36,2,9,5,1,7,9,1,10,1,11,,13,,1,21,121.6107562,25.06371183
113,12,24,13,42,2,04大安區,大安區敦化南路1段252巷與敦化南路1段232巷口,0,0,2,1,C03,6,6,5,30,3,1,1,4,4,5,13,4,4,5,5,5,2,16,1,49,2,8,6,4,7,11,1,10,1,12,,10,,1,21,121.5479665,25.039776
113,12,24,13,42,2,04大安區,大安區敦化南路1段252巷與敦化南路1段232巷口,0,0,2,2,C03,6,6,5,30,3,1,1,4,4,5,13,4,4,5,5,5,2,16,1,42,2,8,6,4,7,9,1,10,1,11,,44,,1,21,121.5479665,25.039776
113,12,24,13,54,2,07信義區,信義區莊敬路與吳興街345巷口,0,0,1,1,B03,7,6,5,50,4,2,1,4,4,5,13,2,1,5,4,5,2,17,1,74,3,10,3,4,7,9,1,8,1,7,,81,,1,21,121.5660448,25.0273551
113,12,24,13,54,2,07信義區,信義區莊敬路與吳興街345巷口,0,0,1,2,C03,7,6,5,50,4,2,1,4,4,5,13,2,1,5,4,5,2,17,2,45,2,9,3,4,7,5,1,10,1,12,,44,,1,21,121.5660448,25.0273551
113,12,24,13,55,2,12內湖區,內湖區成功路5段與成功路5段152巷口,0,0,6,1,B03,6,6,5,50,3,1,1,4,4,5,12,2,1,1,4,4,2,17,1,55,2,8,7,1,7,11,1,8,1,2,,10,,1,21,121.6046037,25.0831159
113,12,24,13,55,2,12內湖區,內湖區成功路5段與成功路5段152巷口,0,0,6,2,B03,6,6,5,50,3,1,1,4,4,5,12,2,1,1,4,4,2,17,1,19,2,9,7,1,7,9,1,8,1,1,,81,,1,21,121.6046037,25.0831159
113,12,24,13,55,2,12內湖區,內湖區成功路5段與成功路5段152巷口,0,0,6,3,H02,6,6,5,50,3,1,1,4,4,5,12,2,1,1,4,4,2,17,2,43,2,9,7,5,7,21,8,20,10,16,,67,,1,21,121.6046037,25.0831159
113,12,24,13,55,2,12內湖區,內湖區成功路5段與成功路5段152巷口,0,0,6,4,H02,6,6,5,50,3,1,1,4,4,5,12,2,1,1,4,4,2,17,2,64,2,1,7,5,7,21,8,20,10,16,,67,,1,21,121.6046037,25.0831159
113,12,24,13,55,2,12內湖區,內湖區成功路5段與成功路5段152巷口,0,0,6,5,H02,6,6,5,50,3,1,1,4,4,5,12,2,1,1,4,4,2,17,2,45,2,9,7,5,7,21,8,20,10,16,,67,,1,21,121.6046037,25.0831159
113,12,24,13,55,2,12內湖區,內湖區成功路5段與成功路5段152巷口,0,0,6,6,H02,6,6,5,50,3,1,1,4,4,5,12,2,1,1,4,4,2,17,2,45,2,1,7,5,7,21,8,20,10,16,,67,,1,21,121.6046037,25.0831159
113,12,24,14,2,2,09北投區,北投區大度路3段機車道,0,0,2,1,C03,7,7,5,50,14,9,1,5,4,5,13,4,4,1,4,5,2,12,2,23,2,9,5,1,7,9,1,10,1,12,,108,,1,21,121.4795784,25.1222155
113,12,24,14,2,2,09北投區,北投區大度路3段機車道,0,0,2,2,C03,7,7,5,50,14,9,1,5,4,5,13,4,4,1,4,5,2,12,1,54,3,10,5,1,7,14,1,10,1,14,,44,,1,21,121.4795784,25.1222155
113,12,24,14,2,2,09北投區,北投區大度路3段機車道,0,0,2,3,C03,7,7,5,50,14,9,1,5,4,5,13,4,4,1,4,5,2,12,1,47,2,8,5,1,7,14,1,10,1,13,,44,,1,21,121.4795784,25.1222155
113,12,24,14,35,2,12內湖區,內湖區成功路2段國道一號北上匝道,0,0,1,1,B12,6,5,5,50,14,9,1,4,4,5,13,1,1,1,3,5,1,16,1,35,3,10,3,4,7,6,1,8,1,2,,9,,1,21,121.5909676,25.0641988
113,12,24,14,35,2,12內湖區,內湖區成功路2段國道一號北上匝道,0,0,1,2,C03,6,5,5,50,14,9,1,4,4,5,13,1,1,1,3,5,1,16,2,72,2,9,3,4,7,9,3,18,1,14,,44,,1,21,121.5909676,25.0641988
113,12,24,14,47,2,02萬華區,萬華區環河南路1段與峨眉街口,0,0,1,1,B02,7,7,5,30,3,1,1,5,4,5,13,4,4,9,4,5,2,12,1,27,3,10,7,1,7,9,1,4,1,2,,17,,1,21,121.5015449,25.0448077
113,12,24,14,47,2,02萬華區,萬華區環河南路1段與峨眉街口,0,0,1,2,C03,7,7,5,30,3,1,1,5,4,5,13,4,4,9,4,5,2,12,2,27,2,9,5,1,7,9,1,10,1,14,,17,,1,21,121.5015449,25.0448077
113,12,24,14,58,2,10文山區,文山區羅斯福路6段142巷與汀州路4段口口,0,0,1,1,C03,7,6,5,30,3,1,1,4,4,5,13,3,1,10,5,5,2,13,1,19,2,9,6,1,7,9,1,10,1,11,,108,,1,21,121.5354012,24.99861262
113,12,24,14,58,2,10文山區,文山區羅斯福路6段142巷與汀州路4段口口,0,0,1,2,B13,7,6,5,30,3,1,1,4,4,5,13,3,1,10,5,5,2,13,1,35,3,10,7,1,7,9,1,8,1,6,,44,,1,21,121.5354012,24.99861262
113,12,24,14,58,2,10文山區,文山區羅斯福路6段142巷與汀州路4段口口,0,0,1,3,C03,7,6,5,30,3,1,1,4,4,5,13,3,1,10,5,5,2,13,1,38,3,10,6,1,7,14,1,10,1,13,,44,,1,21,121.5354012,24.99861262
113,12,24,14,58,2,07信義區,信義區福德街與大道路口,0,0,2,1,C03,6,7,5,30,4,1,1,4,4,1,11,2,1,10,4,5,2,16,1,36,2,9,3,4,7,5,1,10,1,11,,71,,1,21,121.5837702,25.0381084
113,12,24,14,58,2,07信義區,信義區福德街與大道路口,0,0,2,2,C03,6,7,5,30,4,1,1,4,4,1,11,2,1,10,4,5,2,16,1,30,2,9,3,4,7,9,1,10,1,11,,13,,1,21,121.5837702,25.0381084
113,12,24,15,8,2,07信義區,信義區基隆路2段155號,0,0,1,1,C03,6,6,5,50,14,9,1,4,4,5,13,4,4,1,4,5,1,13,2,33,2,9,3,4,7,9,1,10,1,11,,16,,1,22,121.5543402,25.0258879
113,12,24,15,8,2,07信義區,信義區基隆路2段155號,0,0,1,2,B03,6,6,5,50,14,9,1,4,4,5,13,4,4,1,4,5,1,13,1,58,3,10,3,4,7,9,1,8,1,3,,44,,1,22,121.5543402,25.0258879
113,12,24,15,25,2,03中山區,中山區林森北路與新生北路2段76巷口,0,0,1,1,C03,7,5,5,30,4,1,1,5,4,5,13,4,4,8,5,5,2,16,2,71,2,9,5,1,7,5,1,10,1,12,,44,,1,22,121.5254765,25.057402
113,12,24,15,25,2,03中山區,中山區林森北路與新生北路2段76巷口,0,0,1,2,B02,7,5,5,30,4,1,1,5,4,5,13,4,4,8,5,5,2,16,1,58,3,10,7,1,7,9,1,8,1,4,,44,,1,22,121.5254765,25.057402
113,12,24,15,54,2,09北投區,北投區光明路116號,0,0,1,1,F01,7,7,5,50,18,9,1,5,4,5,13,4,4,1,5,5,2,13,2,43,2,7,3,1,7,9,8,20,1,14,,108,,1,21,121.5016456,25.1332369
113,12,24,15,54,2,09北投區,北投區光明路116號,0,0,1,2,B03,7,7,5,50,18,9,1,5,4,5,13,4,4,1,5,5,2,13,2,55,3,10,7,1,7,9,1,8,1,6,,44,,1,21,121.5016456,25.1332369
113,12,24,16,12,2,05中正區,中正區林森南路與青島東路口,0,0,1,1,B03,7,5,5,50,4,1,1,4,4,5,13,2,1,9,4,5,2,16,1,46,3,10,7,1,7,6,1,8,2,17,,9,,1,21,121.5229221,25.0436114
113,12,24,16,12,2,05中正區,中正區林森南路與青島東路口,0,0,1,2,C03,7,5,5,50,4,1,1,4,4,5,13,2,1,9,4,5,2,16,1,28,2,9,5,1,7,9,1,10,2,17,,44,,1,21,121.5229221,25.0436114
113,12,24,16,46,2,06松山區,松山區濱江街436號,0,0,1,1,B03,6,7,5,40,14,7,1,4,4,5,13,4,4,1,4,4,2,17,1,29,3,10,7,1,7,1,1,8,1,17,,19,,1,21,121.5580766,25.07185596
113,12,24,16,46,2,06松山區,松山區濱江街436號,0,0,1,2,C03,6,7,5,40,14,7,1,4,4,5,13,4,4,1,4,4,2,17,2,29,2,9,5,1,7,9,1,10,1,14,,13,,1,21,121.5580766,25.07185596
113,12,24,16,55,2,12內湖區,內湖區康樂街與康樂街125巷口,0,0,1,1,C03,6,5,5,50,4,1,1,4,4,5,13,1,1,10,5,5,2,12,2,25,2,9,6,1,7,9,1,10,2,14,,17,,1,21,121.6195947,25.07345
113,12,24,16,55,2,12內湖區,內湖區康樂街與康樂街125巷口,0,0,1,2,B03,6,5,5,50,4,1,1,4,4,5,13,1,1,10,5,5,2,12,1,66,3,10,7,1,7,9,1,8,2,2,,17,,1,21,121.6195947,25.07345
113,12,24,17,3,2,08士林區,士林區延平北路7段106巷94弄與延平北路7段106巷口,0,0,1,1,B03,6,5,5,30,3,1,1,4,4,5,13,4,4,10,5,5,2,17,1,72,3,10,7,1,7,6,1,8,1,4,,72,,1,21,121.4962378,25.0991192
113,12,24,17,3,2,08士林區,士林區延平北路7段106巷94弄與延平北路7段106巷口,0,0,1,2,C03,6,5,5,30,3,1,1,4,4,5,13,4,4,10,5,5,2,17,2,20,2,9,6,1,7,9,3,18,1,11,,108,,1,21,121.4962378,25.0991192
113,12,24,17,8,2,05中正區,中正區中華路1段與中華路1段9巷口,0,0,2,1,C03,6,5,5,50,4,2,1,4,4,5,13,2,1,3,4,3,2,16,1,19,2,9,6,1,7,7,1,10,2,14,,100,,1,21,121.5098685,25.0469251
113,12,24,17,8,2,05中正區,中正區中華路1段與中華路1段9巷口,0,0,2,2,C02,6,5,5,50,4,2,1,4,4,5,13,2,1,3,4,3,2,16,1,32,2,7,6,1,7,9,1,9,2,11,,44,,1,21,121.5098685,25.0469251
113,12,24,17,9,2,12內湖區,內湖區民權東路6段296巷5號,0,0,1,1,B03,6,6,5,30,14,9,1,4,4,5,13,4,4,9,5,5,2,16,2,47,3,10,7,1,7,6,1,8,1,5,,9,,1,21,121.6055876,25.0724152
113,12,24,17,9,2,12內湖區,內湖區民權東路6段296巷5號,0,0,1,2,C03,6,6,5,30,14,9,1,4,4,5,13,4,4,9,5,5,2,16,1,61,2,9,5,1,7,9,1,10,1,11,,44,,1,21,121.6055876,25.0724152
113,12,24,17,20,2,03中山區,中山區吉林路108巷,0,0,1,1,B02,7,5,5,30,14,9,1,4,4,5,13,4,4,8,5,5,1,1,4,0,,,,,,,,,11,,,,,,,121.5290677,25.05335442
113,12,24,17,20,2,03中山區,中山區吉林路108巷,0,0,1,2,H01,7,5,5,30,14,9,1,4,4,5,13,4,4,8,5,5,1,1,1,45,2,7,4,5,8,16,8,20,10,16,,67,,1,21,121.5290677,25.05335442
113,12,24,17,30,2,03中山區,中山區八德路2段203號,0,0,1,1,C03,6,5,5,50,14,9,1,4,4,5,13,4,4,4,5,5,1,12,2,53,2,9,3,4,7,7,1,10,1,14,,101,,1,21,121.5400134,25.04665171
113,12,24,17,30,2,03中山區,中山區八德路2段203號,0,0,1,2,B12,6,5,5,50,14,9,1,4,4,5,13,4,4,4,5,5,1,12,1,41,3,10,3,4,7,9,1,8,1,5,,17,,1,21,121.5400134,25.04665171
113,12,24,17,30,2,03中山區,中山區八德路2段203號,0,0,1,3,B02,6,5,5,50,14,9,1,4,4,5,13,4,4,4,5,5,1,12,1,63,3,10,3,4,7,6,1,8,9,17,,80,,1,21,121.5400134,25.04665171
113,12,24,17,30,2,08士林區,士林區社中街361巷與社中街口,0,0,2,1,B03,7,5,5,50,3,2,1,5,4,5,13,4,4,5,5,5,1,17,2,49,3,10,7,1,7,4,1,8,2,17,,94,,1,21,121.5039676,25.09232007
113,12,24,17,30,2,08士林區,士林區社中街361巷與社中街口,0,0,2,2,C03,7,5,5,50,3,2,1,5,4,5,13,4,4,5,5,5,1,17,1,76,2,9,6,1,7,9,1,10,2,14,,44,,1,21,121.5039676,25.09232007
113,12,24,17,30,2,08士林區,士林區社中街361巷與社中街口,0,0,2,3,H02,7,5,5,50,3,2,1,5,4,5,13,4,4,5,5,5,1,17,2,64,2,9,6,5,7,17,8,20,10,16,,67,,1,21,121.5039676,25.09232007
113,12,24,17,30,2,09北投區,北投區崇仁路1段與中央南路1段口,0,0,2,1,C03,7,5,5,50,3,1,1,5,4,5,13,3,1,5,5,5,2,15,2,66,2,9,5,1,7,9,1,10,2,11,,84,,1,21,121.5012703,25.1282308
113,12,24,17,30,2,09北投區,北投區崇仁路1段與中央南路1段口,0,0,2,2,C03,7,5,5,50,3,1,1,5,4,5,13,3,1,5,5,5,2,15,1,32,2,9,5,1,7,9,3,18,2,12,,44,,1,21,121.5012703,25.1282308
113,12,24,17,39,2,10文山區,文山區辛亥路6段11號,0,0,1,1,C03,7,5,5,50,14,9,1,5,4,5,13,4,4,1,4,5,1,13,2,21,2,9,6,1,7,9,1,10,1,11,,16,,1,22,121.5521662,24.9907123
113,12,24,17,39,2,10文山區,文山區辛亥路6段11號,0,0,1,2,B03,7,5,5,50,14,9,1,5,4,5,13,4,4,1,4,5,1,13,1,29,3,10,7,1,7,14,1,8,1,3,,44,,1,22,121.5521662,24.9907123
113,12,24,17,50,2,11南港區,南港區重陽路與興中路86巷口,0,0,1,1,B03,6,5,5,40,3,1,1,4,4,5,13,4,4,5,4,4,2,16,1,73,3,10,7,1,7,6,1,8,2,2,,9,,1,21,121.6058185,25.0579028
113,12,24,17,50,2,11南港區,南港區重陽路與興中路86巷口,0,0,1,2,C03,6,5,5,40,3,1,1,4,4,5,13,4,4,5,4,4,2,16,2,38,2,2,5,1,7,9,1,10,2,14,,44,,1,21,121.6058185,25.0579028
113,12,24,17,52,2,05中正區,中正區羅斯福路4段與羅斯福路4段24巷口,0,0,1,1,C03,7,5,5,50,3,2,1,5,4,5,13,4,4,5,4,5,2,12,2,68,3,10,5,1,7,9,1,10,1,14,,17,,1,21,121.5331391,25.0155193
113,12,24,17,52,2,05中正區,中正區羅斯福路4段與羅斯福路4段24巷口,0,0,1,2,C03,7,5,5,50,3,2,1,5,4,5,13,4,4,5,4,5,2,12,1,33,2,9,5,1,7,9,1,10,1,14,,44,,1,21,121.5331391,25.0155193
113,12,24,17,54,2,10文山區,文山區木柵路4段157之1號(欣欣驗車廠前）,0,0,1,1,B03,8,5,5,50,14,9,1,5,4,5,13,4,4,10,5,5,2,16,1,29,3,10,7,1,7,5,1,8,2,5,,8,,1,21,121.5754703,24.9995292