發生年度,發生月,發生日,發生時-Hours,發生分,處理別-編號,區序,肇事地點,死亡人數,2-30日死亡人數,受傷人數,當事人序號,車種,天候,道路照明設備,道路類別,速限-速度限制,道路型態,事故位置,路面狀況1,路面狀況2,路面狀況3,道路障礙1,道路障礙2,號誌1,號誌2,車道劃分-分向,車道劃分-分道1,車道劃分-分道2,車道劃分-分道3,事故類型及型態,性別,年齡,受傷程度,主要傷處,保護裝置,行動電話,車輛用途,當事者行動狀態,駕駛資格情形,駕駛執照種類,飲酒情形,車輛撞擊部位1,車輛撞擊部位2,肇因碼-個別,肇因碼-主要,個人肇逃否,職業,座標-X,座標-Y
113,12,24,17,54,2,10文山區,文山區木柵路4段157之1號(欣欣驗車廠前）,0,0,1,2,C03,8,5,5,50,14,9,1,5,4,5,13,4,4,10,5,5,2,16,2,31,2,9,5,1,7,9,1,10,2,14,,44,,1,21,121.5754703,24.9995292
113,12,24,18,3,2,07信義區,信義區信義路5段與松德路口側附近口,0,0,1,1,B03,6,5,5,50,4,1,1,4,4,5,13,2,1,3,2,5,2,13,1,31,3,10,3,4,7,9,1,8,1,2,,17,,1,22,121.5745104,25.0334868
113,12,24,18,3,2,07信義區,信義區信義路5段與松德路口側附近口,0,0,1,2,C03,6,5,5,50,4,1,1,4,4,5,13,2,1,3,2,5,2,13,1,24,2,9,3,4,7,9,1,10,1,14,,44,,1,22,121.5745104,25.0334868
113,12,24,18,7,2,09北投區,北投區文林北路與文林北路75巷口,0,0,3,1,C03,7,5,5,50,4,4,1,5,4,5,13,2,1,1,4,4,2,13,1,41,2,8,5,1,7,9,1,10,1,12,,16,,1,21,121.5173864,25.1054163
113,12,24,18,7,2,09北投區,北投區文林北路與文林北路75巷口,0,0,3,2,C03,7,5,5,50,4,4,1,5,4,5,13,2,1,1,4,4,2,13,1,54,2,8,5,1,7,12,1,10,1,14,,14,,1,21,121.5173864,25.1054163
113,12,24,18,7,2,09北投區,北投區文林北路與文林北路75巷口,0,0,3,3,C03,7,5,5,50,4,4,1,5,4,5,13,2,1,1,4,4,2,13,2,29,2,9,5,1,7,12,1,10,1,12,13,14,,1,21,121.5173864,25.1054163
113,12,24,18,10,2,04大安區,大安區忠孝東路4段77巷與敦化南路1段190巷口,0,0,1,1,C03,7,5,5,30,4,1,1,4,4,5,13,4,4,10,5,5,1,15,1,31,2,9,6,4,7,9,1,10,1,11,,80,,1,21,121.5472188,25.0426262
113,12,24,18,10,2,04大安區,大安區忠孝東路4段77巷與敦化南路1段190巷口,0,0,1,2,B03,7,5,5,30,4,1,1,4,4,5,13,4,4,10,5,5,1,15,1,41,3,10,3,4,7,9,1,8,1,8,,44,,1,21,121.5472188,25.0426262
113,12,24,18,10,2,08士林區,士林區延平北路7段106巷與延平北路7段106巷口交叉口,0,0,2,1,C03,8,5,5,30,3,1,1,5,4,5,13,4,4,10,5,5,1,17,1,45,2,7,3,4,7,5,1,10,1,14,,72,,1,21,121.4960613,25.1024814
113,12,24,18,10,2,08士林區,士林區延平北路7段106巷與延平北路7段106巷口交叉口,0,0,2,2,C03,8,5,5,30,3,1,1,5,4,5,13,4,4,10,5,5,1,17,2,29,2,7,3,4,7,9,1,10,1,11,,108,,1,21,121.4960613,25.1024814
113,12,24,18,12,2,07信義區,信義區虎林街222巷與無名巷口,0,0,1,1,B03,7,5,5,50,3,1,1,5,4,5,13,4,4,9,5,5,2,16,1,61,3,10,7,1,7,9,1,8,1,1,,44,,1,21,121.5770243,25.0372113
113,12,24,18,12,2,07信義區,信義區虎林街222巷與無名巷口,0,0,1,2,F01,7,5,5,50,3,1,1,5,4,5,13,4,4,9,5,5,2,16,2,42,2,9,4,1,7,5,8,20,1,14,,44,,1,21,121.5770243,25.0372113
113,12,24,18,19,2,06松山區,松山區民生東路4段110號,0,0,1,1,C03,6,5,5,50,22,9,1,4,4,5,13,1,1,1,5,5,2,13,2,34,2,8,6,1,7,9,1,10,1,11,,16,,1,21,121.5541379,25.0581073
113,12,24,18,19,2,06松山區,松山區民生東路4段110號,0,0,1,2,C03,6,5,5,50,22,9,1,4,4,5,13,1,1,1,5,5,2,13,1,34,3,10,6,1,7,14,1,10,1,13,,42,,1,21,121.5541379,25.0581073
113,12,24,18,26,2,04大安區,大安區忠孝東路3段與新生南路1段口,0,0,1,1,B01,6,5,5,50,5,1,1,4,4,5,13,1,1,3,4,5,2,17,1,45,3,10,7,4,7,14,1,4,1,2,,40,,1,21,121.5332285,25.0421532
113,12,24,18,26,2,04大安區,大安區忠孝東路3段與新生南路1段口,0,0,1,2,C03,6,5,5,50,5,1,1,4,4,5,13,1,1,3,4,5,2,17,1,55,2,7,6,4,7,9,1,10,1,14,,44,,1,21,121.5332285,25.0421532
113,12,24,18,26,2,04大安區,大安區忠孝東路3段與新生南路1段口,0,0,1,3,H02,6,5,5,50,5,1,1,4,4,5,13,1,1,3,4,5,2,17,1,42,3,10,4,5,7,19,8,20,10,16,,126,,1,21,121.5332285,25.0421532
113,12,24,18,26,2,10文山區,文山區興隆路2段275巷1弄8號,0,0,1,1,C03,6,5,5,30,14,9,1,4,4,5,13,4,4,10,5,5,2,14,2,39,3,10,6,1,7,2,1,10,1,13,14,12,,1,21,121.5521626,25.0031211
113,12,24,18,26,2,10文山區,文山區興隆路2段275巷1弄8號,0,0,1,2,C03,6,5,5,30,14,9,1,4,4,5,13,4,4,10,5,5,2,14,1,34,2,9,5,1,7,9,1,10,1,11,,108,,1,21,121.5521626,25.0031211
113,12,24,18,26,2,10文山區,文山區興隆路2段275巷1弄8號,0,0,1,3,C03,6,5,5,30,14,9,1,4,4,5,13,4,4,10,5,5,2,14,1,49,3,10,3,1,7,13,1,9,11,12,,44,,1,21,121.5521626,25.0031211
113,12,24,18,54,2,06松山區,松山區復興北路地下道往南方向,0,0,1,1,C03,7,5,5,40,14,9,1,5,4,5,13,4,4,10,4,5,2,13,1,22,3,10,5,1,7,9,1,10,2,11,,16,,1,21,121.5442283,25.07004778
113,12,24,18,54,2,06松山區,松山區復興北路地下道往南方向,0,0,1,2,C03,7,5,5,40,14,9,1,5,4,5,13,4,4,10,4,5,2,13,2,26,2,9,5,1,7,9,1,10,2,13,,44,,1,21,121.5442283,25.07004778
113,12,24,18,59,2,06松山區,松山區北寧路與北寧路32巷口,0,0,1,1,C03,6,5,6,40,3,2,1,4,4,5,13,4,4,5,4,4,2,3,1,22,2,9,6,1,7,9,1,10,1,14,,116,,1,21,121.5526072,25.0493133
113,12,24,18,59,2,06松山區,松山區北寧路與北寧路32巷口,0,0,1,2,H01,6,5,6,40,3,2,1,4,4,5,13,4,4,5,4,4,2,3,2,49,3,10,4,5,8,16,8,20,10,16,,67,,1,21,121.5526072,25.0493133
113,12,24,19,11,2,08士林區,士林區仰德大道3段12號,0,0,2,1,C03,6,5,5,40,14,9,1,4,4,5,13,4,4,1,5,5,1,17,1,19,2,8,6,4,7,9,1,10,1,12,,117,,1,21,121.551048,25.1154259
113,12,24,19,11,2,08士林區,士林區仰德大道3段12號,0,0,2,2,B03,6,5,5,40,14,9,1,4,4,5,13,4,4,1,5,5,1,17,1,65,3,10,3,1,7,13,1,8,11,4,,44,,1,21,121.551048,25.1154259
113,12,24,19,11,2,08士林區,士林區仰德大道3段12號,0,0,2,3,H02,6,5,5,40,14,9,1,4,4,5,13,4,4,1,5,5,1,17,2,18,2,6,4,5,7,20,8,20,10,16,,67,,1,21,121.551048,25.1154259
113,12,24,19,12,2,07信義區,信義區松隆路192號與松信路口,0,0,1,1,B01,6,5,5,50,4,2,1,4,4,5,13,2,1,3,4,5,2,13,1,69,3,10,7,1,7,9,1,4,2,1,,16,,1,21,121.5720306,25.0467587
113,12,24,19,12,2,07信義區,信義區松隆路192號與松信路口,0,0,1,2,C03,6,5,5,50,4,2,1,4,4,5,13,2,1,3,4,5,2,13,1,42,2,5,6,1,7,14,1,10,2,13,,44,,1,21,121.5720306,25.0467587
113,12,24,19,25,2,08士林區,士林區中正路426號,0,0,1,1,B12,6,5,5,50,14,7,1,4,4,5,13,4,4,3,4,4,2,17,1,49,3,10,3,4,7,9,1,4,1,4,,118,,1,21,121.5195437,25.0931258
113,12,24,19,25,2,08士林區,士林區中正路426號,0,0,1,2,C03,6,5,5,50,14,7,1,4,4,5,13,4,4,3,4,4,2,17,1,22,2,9,3,4,7,9,1,10,1,12,,118,,1,21,121.5195437,25.0931258
113,12,24,19,29,2,02萬華區,萬華區環河南路1段與峨眉街口,0,0,2,1,B02,7,5,5,30,3,1,1,5,4,5,13,4,4,8,3,5,2,16,2,20,3,10,3,4,7,6,1,8,1,5,,44,,1,22,121.5015348,25.0447844
113,12,24,19,29,2,02萬華區,萬華區環河南路1段與峨眉街口,0,0,2,2,C03,7,5,5,30,3,1,1,5,4,5,13,4,4,8,3,5,2,16,1,31,2,9,5,4,7,9,1,10,1,14,,13,,1,22,121.5015348,25.0447844
113,12,24,19,29,2,02萬華區,萬華區環河南路1段與峨眉街口,0,0,2,3,H02,7,5,5,30,3,1,1,5,4,5,13,4,4,8,3,5,2,16,2,28,2,9,5,5,7,20,8,20,10,16,,67,,1,22,121.5015348,25.0447844
113,12,24,19,29,2,12內湖區,內湖區文德路143號,0,0,1,1,B02,7,6,5,40,14,7,1,4,4,5,13,4,4,1,4,4,2,17,4,0,,,,,,,,,11,,,,,,,121.5845015,25.0785943
113,12,24,19,29,2,12內湖區,內湖區文德路143號,0,0,1,2,C03,7,6,5,40,14,7,1,4,4,5,13,4,4,1,4,4,2,17,1,36,2,9,6,1,7,9,1,10,9,17,,116,,1,22,121.5845015,25.0785943
113,12,24,21,13,2,10文山區,文山區羅斯福路6段與萬隆街口,0,0,1,1,B03,8,5,5,50,4,1,1,5,4,5,13,2,1,1,4,5,2,16,1,23,3,10,7,1,7,5,1,8,2,2,,71,,1,21,121.5394288,25.0005733
113,12,24,21,13,2,10文山區,文山區羅斯福路6段與萬隆街口,0,0,1,2,C03,8,5,5,50,4,1,1,5,4,5,13,2,1,1,4,5,2,16,2,56,2,3,5,1,7,9,1,10,2,11,,44,,1,21,121.5394288,25.0005733
113,12,24,21,15,2,10文山區,文山區萬芳路與萬芳路105巷口,0,0,2,1,C03,7,5,5,50,14,9,1,5,4,5,13,2,1,5,4,5,2,13,2,49,2,9,5,1,7,9,1,10,1,11,,16,,1,21,121.5623523,24.9974485
113,12,24,21,15,2,10文山區,文山區萬芳路與萬芳路105巷口,0,0,2,2,B03,7,5,5,50,14,9,1,5,4,5,13,2,1,5,4,5,2,13,1,53,3,10,7,1,7,14,1,8,1,3,,44,,1,21,121.5623523,24.9974485
113,12,24,21,15,2,10文山區,文山區萬芳路與萬芳路105巷口,0,0,2,3,C03,7,5,5,50,14,9,1,5,4,5,13,2,1,5,4,5,2,13,1,46,3,10,5,1,7,9,1,10,1,17,,44,,1,21,121.5623523,24.9974485
113,12,24,21,15,2,10文山區,文山區萬芳路與萬芳路105巷口,0,0,2,4,H02,7,5,5,50,14,9,1,5,4,5,13,2,1,5,4,5,2,13,1,15,2,9,5,5,7,21,8,20,10,16,,67,,1,21,121.5623523,24.9974485
113,12,24,21,53,2,06松山區,松山區松河街158號,0,0,1,1,C03,6,5,5,40,14,9,1,4,4,5,13,4,4,9,5,5,2,13,1,23,3,10,5,1,7,9,3,18,2,11,,108,,1,21,121.5760542,25.0512574
113,12,24,21,53,2,06松山區,松山區松河街158號,0,0,1,2,C03,6,5,5,40,14,9,1,4,4,5,13,4,4,9,5,5,2,13,1,35,2,8,5,1,7,5,1,10,2,13,,44,,1,21,121.5760542,25.0512574
113,12,24,22,41,2,12內湖區,內湖區民權東路6段56巷與民權東路6段口,0,0,3,1,H01,7,5,5,50,4,2,1,4,4,5,13,2,1,1,4,4,2,3,1,60,2,8,4,5,8,16,8,20,10,16,,122,,1,22,121.5845611,25.0687522
113,12,24,22,41,2,12內湖區,內湖區民權東路6段56巷與民權東路6段口,0,0,3,2,C03,7,5,5,50,4,2,1,4,4,5,13,2,1,1,4,4,2,3,1,46,2,9,5,1,7,9,1,10,2,11,,44,,1,22,121.5845611,25.0687522
113,12,24,22,41,2,12內湖區,內湖區民權東路6段56巷與民權東路6段口,0,0,3,3,H02,7,5,5,50,4,2,1,4,4,5,13,2,1,1,4,4,2,3,2,22,2,9,5,5,7,17,8,20,10,16,,67,,1,22,121.5845611,25.0687522
113,12,25,0,24,2,02萬華區,萬華區華江橋機車道往新北,0,0,1,1,C03,7,5,7,40,14,11,1,5,4,5,13,4,4,10,3,5,2,13,2,25,2,9,5,1,7,9,1,10,1,11,,16,,1,21,121.4956582,25.0387409
113,12,25,0,24,2,02萬華區,萬華區華江橋機車道往新北,0,0,1,2,C03,7,5,7,40,14,11,1,5,4,5,13,4,4,10,3,5,2,13,1,28,3,10,5,1,7,9,1,10,1,13,,44,,1,21,121.4956582,25.0387409
113,12,25,3,10,2,08士林區,士林區百齡橋,0,0,2,1,C03,8,5,5,50,14,9,1,5,4,5,13,4,4,1,4,5,1,13,1,66,2,1,3,4,7,9,1,10,2,11,,108,,1,21,121.5119995,25.08786407
113,12,25,3,10,2,08士林區,士林區百齡橋,0,0,2,2,C03,8,5,5,50,14,9,1,5,4,5,13,4,4,1,4,5,1,13,1,57,2,1,3,4,7,9,1,10,2,13,,44,,1,21,121.5119995,25.08786407
113,12,25,7,14,2,04大安區,大安區基隆路3段與辛亥路3段口,0,0,1,1,C03,8,5,5,50,14,9,1,5,4,5,13,2,1,1,4,5,2,13,1,31,2,8,3,4,7,7,3,18,1,11,,100,,1,21,121.546302,25.0187433
113,12,25,7,14,2,04大安區,大安區基隆路3段與辛亥路3段口,0,0,1,2,B03,8,5,5,50,14,9,1,5,4,5,13,2,1,1,4,5,2,13,2,55,3,10,3,4,7,9,1,8,1,7,,44,,1,21,121.546302,25.0187433
113,12,25,7,35,2,08士林區,士林區福華路與福華路164巷口,0,0,3,1,C03,7,6,5,50,4,2,1,5,4,5,13,4,4,10,4,5,2,3,1,31,2,9,6,1,7,9,6,10,2,15,,70,,1,22,121.5225451,25.1042248
113,12,25,7,35,2,08士林區,士林區福華路與福華路164巷口,0,0,3,2,H01,7,6,5,50,4,2,1,5,4,5,13,4,4,10,4,5,2,3,1,29,2,9,4,5,8,16,8,20,10,16,,67,,1,22,121.5225451,25.1042248
113,12,25,7,35,2,08士林區,士林區福華路與福華路164巷口,0,0,3,3,H02,7,6,5,50,4,2,1,5,4,5,13,4,4,10,4,5,2,3,2,28,2,7,6,5,7,17,8,20,10,17,,67,,1,22,121.5225451,25.1042248
113,12,25,7,37,2,06松山區,松山區南京東路3段285號,0,0,3,1,B03,8,6,5,40,14,8,1,5,4,5,13,4,4,8,3,4,1,17,1,48,3,10,3,1,7,1,1,8,1,15,,19,,1,21,121.5458492,25.0519277
113,12,25,7,37,2,06松山區,松山區南京東路3段285號,0,0,3,2,C03,8,6,5,40,14,8,1,5,4,5,13,4,4,8,3,4,1,17,1,47,2,9,3,1,7,15,1,10,1,14,,102,,1,21,121.5458492,25.0519277
113,12,25,7,37,2,06松山區,松山區南京東路3段285號,0,0,3,3,C03,8,6,5,40,14,8,1,5,4,5,13,4,4,8,3,4,1,17,1,47,2,9,3,1,7,9,1,10,1,12,,44,,1,21,121.5458492,25.0519277
113,12,25,7,37,2,06松山區,松山區南京東路3段285號,0,0,3,4,H02,8,6,5,40,14,8,1,5,4,5,13,4,4,8,3,4,1,17,2,16,2,9,3,5,7,20,8,20,10,16,,60,,1,21,121.5458492,25.0519277
113,12,25,7,40,2,06松山區,松山區興安街與慶城街口,0,0,1,1,F02,7,6,5,30,3,2,4,4,4,5,13,4,4,1,5,5,2,18,2,36,2,9,6,1,7,6,8,20,1,14,,9,,1,21,121.5469263,25.05581801
113,12,25,7,40,2,06松山區,松山區興安街與慶城街口,0,0,1,2,,7,6,5,30,3,2,4,4,4,5,13,4,4,1,5,5,2,18,3,,,,,,,,,,,,,67,,1,,121.5469263,25.05581801
113,12,25,7,40,2,10文山區,文山區羅斯福路5段170巷與公館街口,0,0,1,1,B03,7,6,5,30,3,1,1,4,4,5,13,4,4,10,5,5,2,16,1,37,3,10,7,1,7,5,1,8,2,8,,72,,1,21,121.5372903,25.0046962
113,12,25,7,40,2,10文山區,文山區羅斯福路5段170巷與公館街口,0,0,1,2,C03,7,6,5,30,3,1,1,4,4,5,13,4,4,10,5,5,2,16,2,21,2,8,6,1,7,9,1,10,2,14,,13,,1,21,121.5372903,25.0046962
113,12,25,7,54,2,11南港區,南港區成福路與玉成街口,0,0,1,1,C03,6,6,5,50,3,2,1,4,4,5,13,4,4,5,5,5,2,3,1,51,3,10,6,1,7,9,1,10,9,11,,70,,1,21,121.5867708,25.0430571
113,12,25,7,54,2,11南港區,南港區成福路與玉成街口,0,0,1,2,H01,6,6,5,50,3,2,1,4,4,5,13,4,4,5,5,5,2,3,2,45,2,8,4,5,8,16,8,20,10,16,,67,,1,21,121.5867708,25.0430571
113,12,25,8,10,2,08士林區,士林區中山北路5段與文林路口,0,0,1,1,C03,8,6,5,50,14,9,1,5,4,5,13,4,4,10,5,5,1,13,2,26,3,10,5,1,7,15,1,10,1,11,,16,,1,21,121.5254841,25.0856499
113,12,25,8,10,2,08士林區,士林區中山北路5段與文林路口,0,0,1,2,C03,8,6,5,50,14,9,1,5,4,5,13,4,4,10,5,5,1,13,1,44,3,10,5,1,7,9,1,10,1,13,,44,,1,21,121.5254841,25.0856499
113,12,25,8,10,2,08士林區,士林區中山北路5段與文林路口,0,0,1,3,C03,8,6,5,50,14,9,1,5,4,5,13,4,4,10,5,5,1,13,2,57,3,10,5,1,7,9,1,10,1,11,,16,,1,21,121.5254841,25.0856499
113,12,25,8,10,2,08士林區,士林區中山北路5段與文林路口,0,0,1,4,C03,8,6,5,50,14,9,1,5,4,5,13,4,4,10,5,5,1,13,2,51,2,9,5,1,7,9,1,10,1,15,,16,,1,21,121.5254841,25.0856499
113,12,25,8,15,2,08士林區,士林區雙溪街與雨農橋口,0,0,1,1,B03,7,5,5,30,3,1,1,5,4,5,13,4,4,10,5,5,1,17,1,36,3,10,7,1,7,6,1,8,1,1,,72,,1,21,121.5339052,25.10114939
113,12,25,8,15,2,08士林區,士林區雙溪街與雨農橋口,0,0,1,2,C03,7,5,5,30,3,1,1,5,4,5,13,4,4,10,5,5,1,17,1,36,2,9,5,1,7,9,1,10,1,12,,44,,1,21,121.5339052,25.10114939
113,12,25,8,30,2,05中正區,中正區中山南路與忠孝東路1段口,0,0,1,1,C03,7,5,5,50,14,8,1,5,4,5,13,1,1,4,4,1,1,17,2,38,2,7,5,1,7,7,1,10,1,14,,100,,1,21,121.5195944,25.0452648
113,12,25,8,30,2,05中正區,中正區中山南路與忠孝東路1段口,0,0,1,2,C03,7,5,5,50,14,8,1,5,4,5,13,1,1,4,4,1,1,17,1,35,3,10,5,1,7,9,1,10,1,14,,44,,1,21,121.5195944,25.0452648
113,12,25,9,8,2,12內湖區,內湖區民權東路6段13號前,0,0,2,1,C03,7,7,5,50,14,9,1,5,4,5,13,4,4,1,4,5,2,13,2,66,2,8,6,4,7,12,1,10,2,14,,44,,1,21,121.5941289,25.0709425
113,12,25,9,8,2,12內湖區,內湖區民權東路6段13號前,0,0,2,2,C03,7,7,5,50,14,9,1,5,4,5,13,4,4,1,4,5,2,13,1,29,2,9,6,4,7,9,1,10,2,11,,16,,1,21,121.5941289,25.0709425
113,12,25,9,24,2,01大同區,大同區延平北路3段與民權西路口,0,0,2,1,C03,7,6,5,50,4,2,1,5,4,5,13,1,1,1,4,5,2,17,1,28,2,8,5,1,7,9,1,10,1,11,,44,,1,21,121.511464,25.06305154
113,12,25,9,24,2,01大同區,大同區延平北路3段與民權西路口,0,0,2,2,F03,7,6,5,50,4,2,1,5,4,5,13,1,1,1,4,5,2,17,2,64,2,1,6,1,7,7,8,20,1,13,,101,,1,21,121.511464,25.06305154
113,12,25,9,25,2,03中山區,中山區中山北路1段99號,0,0,2,1,C03,8,7,5,50,14,9,1,5,4,5,13,4,4,1,4,5,2,13,2,63,2,9,5,1,7,9,1,10,1,11,,16,,1,22,121.5219086,25.05797121
113,12,25,9,25,2,03中山區,中山區中山北路1段99號,0,0,2,2,C03,8,7,5,50,14,9,1,5,4,5,13,4,4,1,4,5,2,13,2,34,2,9,5,1,7,9,1,10,1,13,,44,,1,22,121.5219086,25.05797121
113,12,25,9,40,2,12內湖區,內湖區成功路2段與成功路2段250巷口,0,0,1,1,B01,7,6,5,50,14,9,1,5,4,5,13,4,4,1,4,5,2,16,1,54,3,10,7,1,7,7,1,4,1,4,,100,,1,21,121.5905415,25.0658029
113,12,25,9,40,2,12內湖區,內湖區成功路2段與成功路2段250巷口,0,0,1,2,C03,7,6,5,50,14,9,1,5,4,5,13,4,4,1,4,5,2,16,1,22,2,9,5,1,7,9,1,10,1,12,,44,,1,21,121.5905415,25.0658029
113,12,25,9,45,2,02萬華區,萬華區艋舺大道與艋舺大道390巷口,0,0,1,1,B03,7,6,5,50,14,9,1,5,4,5,13,2,1,1,4,5,1,9,1,72,3,10,3,4,7,9,1,8,1,1,,42,,1,22,121.4940229,25.0309866
113,12,25,9,45,2,02萬華區,萬華區艋舺大道與艋舺大道390巷口,0,0,1,2,F07,7,6,5,50,14,9,1,5,4,5,13,2,1,1,4,5,1,9,2,41,2,8,4,5,8,20,8,20,1,16,,60,,1,22,121.4940229,25.0309866
113,12,25,9,52,2,09北投區,北投區光明路226號,0,0,2,1,H01,8,6,5,30,14,9,1,5,4,5,13,4,4,9,4,5,2,9,1,48,2,9,4,5,8,16,8,20,10,16,,121,,1,22,121.5055141,25.1361496
113,12,25,9,52,2,09北投區,北投區光明路226號,0,0,2,2,C03,8,6,5,30,14,9,1,5,4,5,13,4,4,9,4,5,2,9,1,52,2,9,6,1,7,9,1,10,2,11,,108,,1,22,121.5055141,25.1361496
113,12,25,9,58,2,03中山區,中山區民權東路1段2號,0,0,2,1,B01,7,6,5,50,14,9,1,5,4,5,13,4,4,1,5,4,1,12,1,64,3,10,3,4,7,8,1,4,1,17,,44,,1,21,121.5236255,25.06265061
113,12,25,9,58,2,03中山區,中山區民權東路1段2號,0,0,2,2,C03,7,6,5,50,14,9,1,5,4,5,13,4,4,1,5,4,1,12,2,37,3,10,3,4,7,8,1,10,1,17,,100,,1,21,121.5236255,25.06265061
113,12,25,9,58,2,03中山區,中山區民權東路1段2號,0,0,2,3,C03,7,6,5,50,14,9,1,5,4,5,13,4,4,1,5,4,1,12,1,21,2,7,3,4,7,9,1,10,1,14,,13,,1,21,121.5236255,25.06265061
113,12,25,9,58,2,03中山區,中山區民權東路1段2號,0,0,2,4,H02,7,6,5,50,14,9,1,5,4,5,13,4,4,1,5,4,1,12,2,17,2,8,3,5,7,20,8,20,10,16,,67,,1,21,121.5236255,25.06265061
113,12,25,10,0,2,08士林區,士林區德行東路90巷16號,0,0,1,1,B02,7,6,5,30,14,9,1,5,4,5,13,4,4,10,5,5,2,2,4,0,,,,,,,,,,,,119,,2,,121.5279709,25.1069178
113,12,25,10,0,2,08士林區,士林區德行東路90巷16號,0,0,1,2,H01,7,6,5,30,14,9,1,5,4,5,13,4,4,10,5,5,2,2,1,76,2,7,4,5,8,16,8,20,10,16,,67,,1,22,121.5279709,25.1069178
113,12,25,10,4,2,07信義區,信義區松德路200巷與松德路180巷口,0,0,1,1,C03,7,5,5,30,4,2,1,5,4,5,13,3,1,9,4,5,2,17,1,29,3,10,6,1,7,5,1,10,1,14,,44,,1,22,121.5734913,25.0347769
113,12,25,10,4,2,07信義區,信義區松德路200巷與松德路180巷口,0,0,1,2,C03,7,5,5,30,4,2,1,5,4,5,13,3,1,9,4,5,2,17,2,31,2,9,6,1,7,9,1,10,1,11,,44,,1,22,121.5734913,25.0347769
113,12,25,10,20,2,07信義區,信義區信義路5段115號,0,1,0,1,A02,8,6,5,50,14,9,1,5,4,5,13,4,4,3,3,5,2,12,1,58,3,10,7,1,7,9,1,2,2,8,,44,,1,21,121.5740452,25.0333789
113,12,25,10,20,2,07信義區,信義區信義路5段115號,0,1,0,2,C03,8,6,5,50,14,9,1,5,4,5,13,4,4,3,3,5,2,12,1,85,5,9,6,1,7,15,1,10,2,12,,101,,1,21,121.5740452,25.0333789
113,12,25,10,41,2,10文山區,文山區木新路2段161巷19弄3號旁,0,0,2,1,C03,7,6,5,30,14,9,1,5,4,5,13,4,4,10,5,5,2,3,1,27,2,9,6,1,7,9,1,9,2,11,,108,,1,21,121.5696461,24.9827224
113,12,25,10,41,2,10文山區,文山區木新路2段161巷19弄3號旁,0,0,2,2,H01,7,6,5,30,14,9,1,5,4,5,13,4,4,10,5,5,2,3,2,72,2,9,4,5,8,16,8,20,10,16,,121,,1,21,121.5696461,24.9827224
113,12,25,10,42,2,04大安區,大安區金山南路2段138號,0,0,1,1,B03,8,6,5,40,14,9,1,5,4,5,13,4,4,1,4,4,2,14,1,27,3,10,7,1,7,2,1,8,1,3,,12,,1,21,121.5263524,25.0295678
113,12,25,10,42,2,04大安區,大安區金山南路2段138號,0,0,1,2,C03,8,6,5,40,14,9,1,5,4,5,13,4,4,1,4,4,2,14,1,72,2,9,5,1,7,15,1,10,1,14,,12,,1,21,121.5263524,25.0295678
113,12,25,10,42,2,09北投區,北投區中央北路4段與中央北路4段583巷口,0,0,1,1,B01,7,6,5,50,14,9,1,5,4,5,13,1,1,9,4,5,2,16,1,59,3,10,7,1,7,6,1,4,1,17,,9,,1,21,121.4655945,25.12596613
113,12,25,10,42,2,09北投區,北投區中央北路4段與中央北路4段583巷口,0,0,1,2,C03,7,6,5,50,14,9,1,5,4,5,13,1,1,9,4,5,2,16,1,21,2,9,5,1,7,9,1,10,1,14,,13,,1,21,121.4655945,25.12596613
113,12,25,11,5,2,01大同區,大同區鄭州路與鄭州路口中興醫院停車場出入口,0,0,1,1,B03,8,6,5,40,5,2,1,5,4,5,13,4,4,1,5,5,2,17,1,54,3,10,7,1,7,5,1,8,1,7,,8,,1,21,121.5088716,25.050485
113,12,25,11,5,2,01大同區,大同區鄭州路與鄭州路口中興醫院停車場出入口,0,0,1,2,C03,8,6,5,40,5,2,1,5,4,5,13,4,4,1,5,5,2,17,1,18,2,8,6,1,7,9,1,10,1,11,,16,,1,21,121.5088716,25.050485
113,12,25,11,26,2,11南港區,南港區研究院路1段114號,0,0,1,1,A02,8,7,5,50,14,9,1,5,4,5,13,4,4,1,4,5,2,17,1,67,3,10,7,1,7,7,1,2,2,4,,100,,1,21,121.615729,25.0514037
113,12,25,11,26,2,11南港區,南港區研究院路1段114號,0,0,1,2,C03,8,7,5,50,14,9,1,5,4,5,13,4,4,1,4,5,2,17,2,33,2,9,5,1,7,9,1,10,2,11,,44,,1,21,121.615729,25.0514037
113,12,25,11,33,2,07信義區,信義區忠孝東路5段68號,0,0,2,1,C03,8,6,5,50,14,9,1,5,4,5,13,4,4,1,4,5,2,12,1,61,2,9,3,4,7,9,1,10,2,11,,80,,1,21,121.5672992,25.0410077
113,12,25,11,33,2,07信義區,信義區忠孝東路5段68號,0,0,2,2,C03,8,6,5,50,14,9,1,5,4,5,13,4,4,1,4,5,2,12,1,52,2,8,3,4,7,9,1,10,2,13,,44,,1,21,121.5672992,25.0410077
113,12,25,11,33,2,07信義區,信義區忠孝東路5段68號,0,0,2,3,B01,8,6,5,50,14,9,1,5,4,5,13,4,4,1,4,5,2,12,1,41,3,10,3,4,7,9,1,4,2,7,,44,,1,21,121.5672992,25.0410077