發生年度,發生月,發生日,發生時-Hours,發生分,處理別-編號,區序,肇事地點,死亡人數,2-30日死亡人數,受傷人數,當事人序號,車種,天候,道路照明設備,道路類別,速限-速度限制,道路型態,事故位置,路面狀況1,路面狀況2,路面狀況3,道路障礙1,道路障礙2,號誌1,號誌2,車道劃分-分向,車道劃分-分道1,車道劃分-分道2,車道劃分-分道3,事故類型及型態,性別,年齡,受傷程度,主要傷處,保護裝置,行動電話,車輛用途,當事者行動狀態,駕駛資格情形,駕駛執照種類,飲酒情形,車輛撞擊部位1,車輛撞擊部位2,肇因碼-個別,肇因碼-主要,個人肇逃否,職業,座標-X,座標-Y
113,12,25,11,45,2,12內湖區,內湖區民權東路6段296巷5號,0,0,1,1,B03,7,5,8,30,14,9,1,5,4,5,13,4,4,4,3,5,1,17,1,50,3,10,3,4,7,1,1,8,1,1,,19,,1,21,121.6055572,25.0724179
113,12,25,11,45,2,12內湖區,內湖區民權東路6段296巷5號,0,0,1,2,C03,7,5,8,30,14,9,1,5,4,5,13,4,4,4,3,5,1,17,2,49,2,8,3,4,7,9,1,10,1,12,,44,,1,21,121.6055572,25.0724179
113,12,25,11,48,2,07信義區,信義區忠孝東路5段與基隆路1段口,0,0,1,1,B03,7,5,5,50,5,2,1,5,4,5,13,1,1,5,5,5,2,17,1,53,3,10,7,1,7,5,1,8,2,6,,99,,1,21,121.564635,25.0411969
113,12,25,11,48,2,07信義區,信義區忠孝東路5段與基隆路1段口,0,0,1,2,C03,7,5,5,50,5,2,1,5,4,5,13,1,1,5,5,5,2,17,1,29,2,9,5,1,7,9,1,10,2,11,,13,,1,21,121.564635,25.0411969
113,12,25,11,50,2,08士林區,士林區福林路254巷西向東,0,0,1,1,B01,8,6,5,50,14,9,1,5,4,5,13,4,4,10,5,5,1,12,1,56,3,10,7,1,7,9,1,8,1,2,,118,,1,21,121.5370643,25.0981115
113,12,25,11,50,2,08士林區,士林區福林路254巷西向東,0,0,1,2,C03,8,6,5,50,14,9,1,5,4,5,13,4,4,10,5,5,1,12,2,29,2,8,5,1,7,9,1,10,1,14,,118,,1,21,121.5370643,25.0981115
113,12,25,12,0,2,07信義區,信義區崇德街348號,0,0,2,1,C03,7,7,5,30,12,9,1,5,4,5,8,4,4,10,5,5,2,11,2,23,2,9,5,1,7,9,1,10,2,14,,118,,1,21,121.5764404,25.0121916
113,12,25,12,0,2,07信義區,信義區崇德街348號,0,0,2,2,F01,7,7,5,30,12,9,1,5,4,5,8,4,4,10,5,5,2,11,1,64,2,9,5,1,7,9,8,20,2,14,,118,,1,21,121.5764404,25.0121916
113,12,25,12,10,2,01大同區,大同區錦西街與錦西街38巷口,0,0,1,1,B12,8,6,5,50,5,1,1,5,4,5,13,4,4,5,4,5,2,17,1,43,4,11,3,4,7,5,1,8,11,1,,8,,1,21,121.5202072,25.0603744
113,12,25,12,10,2,01大同區,大同區錦西街與錦西街38巷口,0,0,1,2,C03,8,6,5,50,5,1,1,5,4,5,13,4,4,5,4,5,2,17,2,31,3,10,6,1,7,9,1,10,1,11,,44,,1,21,121.5202072,25.0603744
113,12,25,12,10,2,01大同區,大同區錦西街與錦西街38巷口,0,0,1,3,H02,8,6,5,50,5,1,1,5,4,5,13,4,4,5,4,5,2,17,2,65,2,9,6,5,7,17,8,20,10,16,,67,,1,21,121.5202072,25.0603744
113,12,25,12,45,2,12內湖區,內湖區環山路3段與內湖路2段103巷口,0,0,1,1,C03,7,6,5,50,4,1,1,5,4,5,13,2,1,5,4,5,2,16,2,42,3,10,5,1,7,5,1,10,1,12,,71,,1,21,121.5809601,25.0846584
113,12,25,12,45,2,12內湖區,內湖區環山路3段與內湖路2段103巷口,0,0,1,2,C03,7,6,5,50,4,1,1,5,4,5,13,2,1,5,4,5,2,16,2,18,2,9,6,1,7,9,1,10,1,11,,13,,1,21,121.5809601,25.0846584
113,12,25,12,47,2,06松山區,松山區三民路80巷與延壽街72巷口,0,0,1,1,B03,8,5,5,30,4,1,1,5,4,5,13,4,4,10,5,5,2,15,1,76,3,10,7,1,7,9,1,8,1,2,,72,,1,21,121.5654575,25.0563599
113,12,25,12,47,2,06松山區,松山區三民路80巷與延壽街72巷口,0,0,1,2,C03,8,5,5,30,4,1,1,5,4,5,13,4,4,10,5,5,2,15,1,55,2,8,6,1,7,9,1,10,1,11,,44,,1,21,121.5654575,25.0563599
113,12,25,13,0,2,04大安區,大安區羅斯福路4段與羅斯福路4段口捷運公館2號出口,0,0,1,1,F02,7,7,5,0,14,10,1,5,4,5,13,1,1,1,1,1,2,17,1,73,2,9,4,1,7,9,8,20,1,14,,81,,1,21,121.5346817,25.0146157
113,12,25,13,0,2,04大安區,大安區羅斯福路4段與羅斯福路4段口捷運公館2號出口,0,0,1,2,A04,7,7,5,0,14,10,1,5,4,5,13,1,1,1,1,1,2,17,1,42,3,10,7,1,7,9,1,2,1,8,,44,,1,21,121.5346817,25.0146157
113,12,25,13,9,2,05中正區,中正區三元街178號,0,0,2,1,F01,8,7,5,0,22,20,4,5,4,5,13,4,4,10,5,5,2,29,2,42,2,8,4,1,7,9,8,20,2,17,,118,,1,21,121.5115308,25.0277958
113,12,25,13,9,2,05中正區,中正區三元街178號,0,0,2,3,H02,8,7,5,0,22,20,4,5,4,5,13,4,4,10,5,5,2,29,2,7,2,7,4,5,7,20,8,20,10,17,,67,,1,21,121.5115308,25.0277958
113,12,25,13,9,2,05中正區,中正區三元街178號,0,0,2,2,,8,7,5,0,22,20,4,5,4,5,13,4,4,10,5,5,2,29,3,22,,,,,,,,,,,,66,,1,,121.5115308,25.0277958
113,12,25,13,11,2,04大安區,大安區信義路4段與安和路1段口,0,0,1,1,B02,7,5,5,50,14,9,1,5,4,5,13,4,4,10,4,5,2,12,1,72,3,10,7,1,7,4,1,8,1,4,,108,,1,21,121.5527873,25.0332968
113,12,25,13,11,2,04大安區,大安區信義路4段與安和路1段口,0,0,1,2,F01,7,5,5,50,14,9,1,5,4,5,13,4,4,10,4,5,2,12,1,53,2,9,4,1,7,9,8,20,1,12,,44,,1,21,121.5527873,25.0332968
113,12,25,13,11,2,12內湖區,內湖區新湖一路與舊宗路1段口,0,0,1,1,A05,7,6,5,50,14,9,1,5,4,5,13,4,4,5,5,5,2,13,1,67,4,11,3,4,7,21,7,19,11,15,,108,,2,22,121.5790576,25.0601428
113,12,25,13,11,2,12內湖區,內湖區新湖一路與舊宗路1段口,0,0,1,2,C03,7,6,5,50,14,9,1,5,4,5,13,4,4,5,5,5,2,13,1,40,2,1,5,1,7,14,1,10,9,13,,44,,1,21,121.5790576,25.0601428
113,12,25,14,0,2,12內湖區,內湖區新湖二路與民善街口,0,0,1,1,C03,7,5,5,50,4,1,1,5,4,5,13,2,1,5,4,5,1,16,2,61,2,9,5,1,7,5,1,10,1,14,,8,,1,21,121.5753526,25.0606537
113,12,25,14,0,2,12內湖區,內湖區新湖二路與民善街口,0,0,1,2,C03,7,5,5,50,4,1,1,5,4,5,13,2,1,5,4,5,1,16,1,28,3,10,6,1,7,9,1,10,1,12,,44,,1,21,121.5753526,25.0606537
113,12,25,14,5,2,08士林區,士林區光華路與長春街2巷口,0,0,1,1,B03,8,5,5,30,3,1,1,5,4,5,13,4,4,10,5,5,1,17,1,19,3,10,7,1,7,6,1,8,1,8,,9,,1,21,121.5444166,25.1378538
113,12,25,14,5,2,08士林區,士林區光華路與長春街2巷口,0,0,1,2,C03,8,5,5,30,3,1,1,5,4,5,13,4,4,10,5,5,1,17,1,19,2,9,6,1,7,9,1,10,1,12,,14,,1,21,121.5444166,25.1378538
113,12,25,14,38,2,01大同區,大同區承德路3段與承德路3段254巷口,0,0,1,1,C03,8,7,5,50,4,2,1,5,4,5,13,2,1,1,4,5,2,17,1,83,2,9,3,4,7,15,6,18,2,14,,42,,1,21,121.5190294,25.073093
113,12,25,14,38,2,01大同區,大同區承德路3段與承德路3段254巷口,0,0,1,2,C03,8,7,5,50,4,2,1,5,4,5,13,2,1,1,4,5,2,17,1,28,3,10,3,4,7,9,1,10,2,12,,42,,1,21,121.5190294,25.073093
113,12,25,15,40,2,12內湖區,內湖區康寧路1段與康寧路1段64巷口,0,0,1,1,C03,7,6,5,30,3,1,1,5,4,5,13,4,4,9,5,5,2,3,2,29,3,10,6,1,7,9,1,10,2,11,,107,,1,21,121.592234,25.0800547
113,12,25,15,40,2,12內湖區,內湖區康寧路1段與康寧路1段64巷口,0,0,1,2,H01,7,6,5,30,3,1,1,5,4,5,13,4,4,9,5,5,2,3,2,42,2,9,4,5,8,16,8,20,10,16,,121,,1,21,121.592234,25.0800547
113,12,25,15,55,2,05中正區,中正區中華路1段與延平南路84巷口,0,0,1,1,C03,7,6,5,50,3,2,1,5,4,5,13,4,4,1,4,5,2,17,2,35,2,9,6,4,7,15,1,10,1,14,11,42,,1,22,121.5091845,25.04466973
113,12,25,15,55,2,05中正區,中正區中華路1段與延平南路84巷口,0,0,1,2,B01,7,6,5,50,3,2,1,5,4,5,13,4,4,1,4,5,2,17,1,58,3,10,7,4,7,14,1,4,1,7,,44,,1,21,121.5091845,25.04466973
113,12,25,16,25,2,04大安區,大安區通安街與安和路2段35巷口,0,0,1,1,B01,8,5,5,30,4,1,1,5,4,5,13,4,4,10,5,5,2,15,1,46,3,10,3,4,7,9,1,4,1,8,,72,,1,21,121.55331,25.0316904
113,12,25,16,25,2,04大安區,大安區通安街與安和路2段35巷口,0,0,1,2,C03,8,5,5,30,4,1,1,5,4,5,13,4,4,10,5,5,2,15,1,31,2,8,3,4,7,9,1,10,1,12,,44,,1,21,121.55331,25.0316904
113,12,25,17,10,2,03中山區,中山區民生東路1段與民生東路1段70巷口,0,0,1,1,C03,8,7,5,50,4,1,1,5,4,5,13,4,4,5,2,5,2,9,1,28,3,10,5,1,7,9,3,18,1,11,,70,,1,21,121.5265072,25.0579903
113,12,25,17,10,2,03中山區,中山區民生東路1段與民生東路1段70巷口,0,0,1,2,H01,8,7,5,50,4,1,1,5,4,5,13,4,4,5,2,5,2,9,2,22,2,9,4,5,8,16,8,20,1,16,,67,,1,21,121.5265072,25.0579903
113,12,25,17,20,2,04大安區,大安區基隆路2段與樂業街口,0,0,1,1,C03,8,5,5,50,5,2,1,5,4,5,13,1,2,8,3,5,2,12,2,42,2,9,3,4,7,9,1,10,1,14,,17,,1,21,121.5504791,25.0222527
113,12,25,17,20,2,04大安區,大安區基隆路2段與樂業街口,0,0,1,2,B03,8,5,5,50,5,2,1,5,4,5,13,1,2,8,3,5,2,12,1,21,3,10,3,4,7,9,1,8,1,5,,44,,1,21,121.5504791,25.0222527
113,12,25,17,39,2,10文山區,文山區辛亥路5段與辛亥路5段25巷口,0,0,1,1,B03,8,5,5,30,4,18,1,5,4,5,13,2,1,5,5,5,2,2,1,55,3,10,7,1,7,5,1,8,2,4,,70,,1,21,121.5540394,24.9998348
113,12,25,17,39,2,10文山區,文山區辛亥路5段與辛亥路5段25巷口,0,0,1,2,H01,8,5,5,30,4,18,1,5,4,5,13,2,1,5,5,5,2,2,1,61,2,9,4,5,8,16,8,20,10,16,,67,,1,21,121.5540394,24.9998348
113,12,25,17,58,2,11南港區,南港區大坑街與宜興橋口,0,0,1,1,B01,7,5,5,50,4,19,1,5,4,5,13,2,1,5,5,5,2,3,1,69,3,10,3,4,7,5,1,4,1,1,,70,,1,21,121.620811,25.0411499
113,12,25,17,58,2,11南港區,南港區大坑街與宜興橋口,0,0,1,2,H01,7,5,5,50,4,19,1,5,4,5,13,2,1,5,5,5,2,3,1,68,2,8,4,5,8,16,8,20,10,16,,67,,1,22,121.620811,25.0411499
113,12,25,18,21,2,04大安區,大安區和平東路3段與嘉興街口,0,0,1,1,A02,7,5,5,50,4,2,1,5,4,5,13,1,1,1,4,5,2,17,1,50,3,10,7,1,7,12,1,2,1,17,,36,,1,21,121.5535037,25.0232161
113,12,25,18,21,2,04大安區,大安區和平東路3段與嘉興街口,0,0,1,3,H02,7,5,5,50,4,2,1,5,4,5,13,1,1,1,4,5,2,17,2,50,2,9,2,5,7,17,8,20,10,16,,67,,1,21,121.5535037,25.0232161
113,12,25,18,21,2,04大安區,大安區和平東路3段與嘉興街口,0,0,1,2,B12,7,5,5,50,4,2,1,5,4,5,13,1,1,1,4,5,2,17,4,0,,,,,,,,,,,,119,,2,,121.5535037,25.0232161
113,12,25,18,30,2,07信義區,信義區信義快速道路往北,0,0,2,2,B03,7,5,5,70,10,7,1,5,4,5,13,4,4,7,4,5,1,13,1,45,2,2,7,4,7,15,1,8,1,3,,16,,1,21,121.5716283,25.0314003
113,12,25,18,30,2,07信義區,信義區信義快速道路往北,0,0,2,3,B03,7,5,5,70,10,7,1,5,4,5,13,4,4,7,4,5,1,13,1,42,3,10,7,4,7,9,1,8,1,1,,44,,1,21,121.5716283,25.0314003
113,12,25,18,30,2,07信義區,信義區信義快速道路往北,0,0,2,4,B03,7,5,5,70,10,7,1,5,4,5,13,4,4,7,4,5,1,13,2,50,3,10,7,4,7,9,1,8,1,1,,44,,1,21,121.5716283,25.0314003
113,12,25,18,30,2,07信義區,信義區信義快速道路往北,0,0,2,1,B03,7,5,5,70,10,7,1,5,4,5,13,4,4,7,4,5,1,13,4,0,,,,,,,,,,,,119,,2,,121.5716283,25.0314003
113,12,25,18,30,2,07信義區,信義區信義快速道路往北,0,0,2,5,H02,7,5,5,70,10,7,1,5,4,5,13,4,4,7,4,5,1,13,2,78,2,2,3,5,7,20,8,20,10,17,,67,,1,21,121.5716283,25.0314003
113,12,25,18,35,2,03中山區,中山區吉林路412號,0,0,2,1,H01,7,5,5,0,14,8,1,5,4,5,13,1,1,4,3,4,1,9,2,77,2,5,4,5,8,16,8,20,10,16,,121,,1,21,121.5303717,25.06565678
113,12,25,18,35,2,03中山區,中山區吉林路412號,0,0,2,2,C03,7,5,5,0,14,8,1,5,4,5,13,1,1,4,3,4,1,9,1,20,2,7,5,1,7,9,1,10,1,11,,13,,1,21,121.5303717,25.06565678
113,12,25,18,47,2,04大安區,大安區忠孝東路4段與敦化南路1段口,0,0,1,1,C03,8,5,5,50,4,1,1,5,4,5,13,2,1,1,4,5,1,17,1,54,2,9,3,4,7,6,1,10,1,12,,9,,1,21,121.548604,25.0414076
113,12,25,18,47,2,04大安區,大安區忠孝東路4段與敦化南路1段口,0,0,1,2,B03,8,5,5,50,4,1,1,5,4,5,13,2,1,1,4,5,1,17,1,59,3,10,3,4,7,6,1,2,1,8,,44,,1,21,121.548604,25.0414076
113,12,25,18,51,2,05中正區,中正區汀州路3段與思源街口口,0,0,2,1,C03,7,5,5,50,3,1,1,5,4,5,13,1,1,5,5,5,2,17,2,30,2,8,5,1,7,5,1,10,1,13,,8,,1,21,121.5322358,25.0151252
113,12,25,18,51,2,05中正區,中正區汀州路3段與思源街口口,0,0,2,2,B02,7,5,5,50,3,1,1,5,4,5,13,1,1,5,5,5,2,17,2,29,2,2,3,4,7,9,1,8,1,1,,44,,1,21,121.5322358,25.0151252
113,12,25,19,4,2,03中山區,中山區新生北路3段往南，0102337燈桿,0,0,2,1,C03,7,5,5,50,14,9,1,5,4,5,13,4,4,10,4,5,2,13,2,40,2,9,6,1,7,9,1,10,2,11,,16,,1,21,121.5258977,25.07228118
113,12,25,19,4,2,03中山區,中山區新生北路3段往南，0102337燈桿,0,0,2,2,B12,7,5,5,50,14,9,1,5,4,5,13,4,4,10,4,5,2,13,1,45,3,10,2,1,7,14,1,8,2,3,,44,,1,21,121.5258977,25.07228118
113,12,25,19,4,2,03中山區,中山區新生北路3段往南，0102337燈桿,0,0,2,3,H02,7,5,5,50,14,9,1,5,4,5,13,4,4,10,4,5,2,13,2,32,2,1,6,5,7,21,8,20,10,17,,67,,1,21,121.5258977,25.07228118
113,12,25,19,20,2,08士林區,士林區文林路與文林路770巷口,0,0,2,1,C03,7,5,5,40,3,1,1,5,4,1,13,4,4,1,4,4,2,13,1,31,2,7,6,1,7,9,1,10,1,11,,16,,1,21,121.5195124,25.1037163
113,12,25,19,20,2,08士林區,士林區文林路與文林路770巷口,0,0,2,2,C03,7,5,5,40,3,1,1,5,4,1,13,4,4,1,4,4,2,13,1,17,2,8,6,1,7,14,2,18,1,13,,44,,1,21,121.5195124,25.1037163
113,12,25,19,20,2,08士林區,士林區文林路與文林路770巷口,0,0,2,3,,7,5,5,40,3,1,1,5,4,1,13,4,4,1,4,4,2,13,3,31,,,,,,,,,,,,67,,1,,121.5195124,25.1037163
113,12,25,19,25,2,07信義區,信義區基隆路1段428號,0,0,1,1,A02,7,5,5,0,14,20,1,5,4,5,13,4,4,10,5,5,2,8,1,56,3,10,3,4,7,3,1,2,1,2,,18,,1,21,121.5598526,25.0338438
113,12,25,19,25,2,07信義區,信義區基隆路1段428號,0,0,1,2,H01,7,5,5,0,14,20,1,5,4,5,13,4,4,10,5,5,2,8,1,53,2,1,4,5,8,17,8,20,10,16,,67,,1,22,121.5598526,25.0338438
113,12,25,19,50,2,02萬華區,萬華區東園街73巷66號,0,0,1,1,C03,7,5,5,30,14,9,1,5,4,5,13,3,1,10,4,5,2,17,2,45,2,9,6,1,7,9,1,10,1,14,,44,,2,21,121.4984596,25.0266152
113,12,25,19,50,2,02萬華區,萬華區東園街73巷66號,0,0,1,2,B03,7,5,5,30,14,9,1,5,4,5,13,3,1,10,4,5,2,17,1,69,3,10,7,1,7,9,1,8,1,2,,44,,1,21,121.4984596,25.0266152
113,12,25,19,53,2,03中山區,中山區建國南路1段與市民大道3段口,0,0,1,1,C03,7,5,5,50,4,2,1,5,4,5,13,2,1,1,2,5,2,17,2,49,2,9,3,4,7,5,1,10,1,14,,8,,1,21,121.5368833,25.0448119
113,12,25,19,53,2,03中山區,中山區建國南路1段與市民大道3段口,0,0,1,2,B03,7,5,5,50,4,2,1,5,4,5,13,2,1,1,2,5,2,17,1,34,3,10,3,4,7,9,1,8,1,5,,44,,1,21,121.5368833,25.0448119
113,12,25,19,53,2,09北投區,北投區承德路7段302號,0,0,1,1,C03,8,5,5,60,22,7,1,5,4,5,13,4,4,1,4,4,2,17,2,55,3,10,6,1,7,8,1,10,2,13,,101,,1,26,121.5048639,25.1166301
113,12,25,19,53,2,09北投區,北投區承德路7段302號,0,0,1,2,C03,8,5,5,60,22,7,1,5,4,5,13,4,4,1,4,4,2,17,1,31,2,9,6,1,7,9,1,9,2,11,,108,,1,26,121.5048639,25.1166301
113,12,25,20,2,2,03中山區,中山區中原街與新生北路2段149巷口,0,0,2,1,B03,7,5,5,50,4,1,1,5,4,5,13,4,4,9,5,5,2,3,1,32,2,3,3,1,7,5,1,8,1,1,,70,,1,21,121.5289031,25.062039
113,12,25,20,2,2,03中山區,中山區中原街與新生北路2段149巷口,0,0,2,2,H01,7,5,5,50,4,1,1,5,4,5,13,4,4,9,5,5,2,3,2,75,2,9,4,5,8,16,8,20,10,17,,121,,1,21,121.5289031,25.062039
113,12,25,20,20,2,09北投區,北投區承德路7段與承德路6段口,0,0,2,1,C03,8,5,5,60,3,2,1,5,4,5,13,2,1,1,4,5,2,13,1,58,2,9,6,1,7,9,1,10,1,11,,108,,1,22,121.5108971,25.1106105
113,12,25,20,20,2,09北投區,北投區承德路7段與承德路6段口,0,0,2,2,C03,8,5,5,60,3,2,1,5,4,5,13,2,1,1,4,5,2,13,1,30,2,9,6,1,7,9,1,10,1,13,,44,,1,22,121.5108971,25.1106105
113,12,25,20,28,2,02萬華區,萬華區中華路1段200號,0,0,1,1,A02,8,5,5,50,14,9,1,5,4,5,13,4,4,1,4,5,2,9,1,47,3,10,7,1,7,1,1,2,1,17,,42,,1,21,121.5068639,25.03800089
113,12,25,20,28,2,02萬華區,萬華區中華路1段200號,0,0,1,2,H02,8,5,5,50,14,9,1,5,4,5,13,4,4,1,4,5,2,9,2,75,2,6,4,5,7,20,8,20,10,16,,67,,1,21,121.5068639,25.03800089
113,12,25,21,23,2,04大安區,大安區羅斯福路2段與和平東路1段口,0,0,1,1,C03,8,5,5,50,4,1,1,5,4,5,13,2,1,3,4,5,1,12,1,31,3,10,6,4,7,9,1,10,1,14,,99,,1,21,121.5226709,25.0269305
113,12,25,21,23,2,04大安區,大安區羅斯福路2段與和平東路1段口,0,0,1,2,C03,8,5,5,50,4,1,1,5,4,5,13,2,1,3,4,5,1,12,2,22,2,9,6,4,7,9,1,10,1,11,,44,,1,21,121.5226709,25.0269305
113,12,25,21,25,2,08士林區,士林區福華路與福華路157巷口,0,0,1,1,C03,6,5,5,50,3,2,1,4,4,5,13,1,1,10,4,5,2,18,1,37,2,9,6,1,7,6,1,10,9,12,,116,,1,22,121.5220693,25.103741
113,12,25,21,25,2,08士林區,士林區福華路與福華路157巷口,0,0,1,2,,6,5,5,50,3,2,1,4,4,5,13,1,1,10,4,5,2,18,3,0,,,,,,,,,,,,67,,1,,121.5220693,25.103741
113,12,25,21,39,2,07信義區,信義區松廉路與松智路口,0,0,2,1,B03,8,5,5,50,3,1,1,5,4,5,13,2,1,5,4,5,2,16,1,48,2,3,7,1,7,9,1,8,2,1,,44,,1,21,121.5654413,25.034059
113,12,25,21,39,2,07信義區,信義區松廉路與松智路口,0,0,2,2,B01,8,5,5,50,3,1,1,5,4,5,13,2,1,5,4,5,2,16,1,50,2,3,7,1,7,5,1,4,2,5,,71,,1,21,121.5654413,25.034059
113,12,25,22,20,2,04大安區,大安區建國南路1段285號,0,0,3,1,C03,7,5,5,50,14,9,1,5,4,5,13,3,1,9,4,5,1,13,1,34,2,8,5,1,7,9,1,9,1,11,,16,,1,21,121.53821,25.0359699
113,12,25,22,20,2,04大安區,大安區建國南路1段285號,0,0,3,2,C03,7,5,5,50,14,9,1,5,4,5,13,3,1,9,4,5,1,13,1,24,2,8,5,1,7,9,1,10,1,13,,44,,1,21,121.53821,25.0359699
113,12,25,22,20,2,04大安區,大安區建國南路1段285號,0,0,3,3,H02,7,5,5,50,14,9,1,5,4,5,13,3,1,9,4,5,1,13,2,62,2,3,4,5,7,20,8,20,10,16,,67,,1,21,121.53821,25.0359699
113,12,25,22,24,2,02萬華區,萬華區昆明街76號,0,0,2,1,C03,8,5,5,50,14,9,1,5,4,5,13,4,4,10,4,5,2,17,1,48,2,8,5,1,7,7,1,10,1,14,,100,,1,21,121.5055615,25.04579086
113,12,25,22,24,2,02萬華區,萬華區昆明街76號,0,0,2,2,C03,8,5,5,50,14,9,1,5,4,5,13,4,4,10,4,5,2,17,1,22,2,9,5,1,7,9,1,10,1,14,,44,,1,21,121.5055615,25.04579086
113,12,25,22,37,2,04大安區,大安區四維路192號,0,0,1,1,F01,7,7,5,30,14,9,1,5,3,5,13,3,1,10,5,5,2,18,1,43,2,9,3,4,7,9,8,20,1,17,,108,,1,21,121.547999,25.0269589
113,12,25,22,37,2,04大安區,大安區四維路192號,0,0,1,2,,7,7,5,30,14,9,1,5,3,5,13,3,1,10,5,5,2,18,3,0,,,,,,,,,,,,61,,1,,121.547999,25.0269589
113,12,26,7,13,2,12內湖區,內湖區港華街100號,0,0,1,1,C03,7,7,5,50,14,9,1,5,4,5,13,4,4,7,5,5,2,12,1,43,3,10,5,1,7,1,1,10,1,12,,19,,1,21,121.5724034,25.0838329
113,12,26,7,13,2,12內湖區,內湖區港華街100號,0,0,1,2,C03,7,7,5,50,14,9,1,5,4,5,13,4,4,7,5,5,2,12,1,44,3,10,5,1,7,9,1,10,1,14,,44,,1,21,121.5724034,25.0838329
113,12,26,7,13,2,12內湖區,內湖區港華街100號,0,0,1,3,H02,7,7,5,50,14,9,1,5,4,5,13,4,4,7,5,5,2,12,2,14,2,8,5,5,7,20,8,20,10,16,,67,,1,21,121.5724034,25.0838329
113,12,26,7,29,2,12內湖區,內湖區東湖路33巷10號前（機車停車格）,0,0,1,1,C03,7,5,5,30,14,9,1,5,4,5,13,4,4,10,5,5,2,12,2,47,2,8,6,1,7,15,1,10,9,12,,108,,1,21,121.6135152,25.0693561
113,12,26,7,29,2,12內湖區,內湖區東湖路33巷10號前（機車停車格）,0,0,1,2,C03,7,5,5,30,14,9,1,5,4,5,13,4,4,10,5,5,2,12,1,29,3,10,6,1,7,13,1,10,9,13,,44,,1,21,121.6135152,25.0693561
113,12,26,7,29,2,12內湖區,內湖區東湖路33巷10號前（機車停車格）,0,0,1,3,C03,7,5,5,30,14,9,1,5,4,5,13,4,4,10,5,5,2,12,1,63,3,10,6,1,7,13,1,10,9,14,,44,,1,21,121.6135152,25.0693561
113,12,26,7,29,2,12內湖區,內湖區東湖路33巷10號前（機車停車格）,0,0,1,4,C03,7,5,5,30,14,9,1,5,4,5,13,4,4,10,5,5,2,12,2,25,3,10,6,1,7,13,1,10,9,14,,44,,1,21,121.6135152,25.0693561
113,12,26,7,50,2,11南港區,南港區市民大道7段與中坡北路口,0,0,2,1,F02,7,7,5,40,4,1,1,5,4,5,13,1,1,1,3,4,2,15,1,55,2,9,4,1,7,9,8,20,1,12,,81,,1,21,121.5802328,25.049481
113,12,26,7,50,2,11南港區,南港區市民大道7段與中坡北路口,0,0,2,2,C03,7,7,5,40,4,1,1,5,4,5,13,1,1,1,3,4,2,15,1,34,2,6,5,1,7,9,1,10,1,11,,44,,1,21,121.5802328,25.049481
113,12,26,7,51,2,09北投區,北投區大業路157號,0,0,1,1,B12,7,7,5,50,14,9,1,5,4,5,13,4,4,1,4,5,2,16,1,43,3,10,7,1,7,6,1,3,2,5,,9,,1,22,121.498661,25.1248566
113,12,26,7,51,2,09北投區,北投區大業路157號,0,0,1,2,C03,7,7,5,50,14,9,1,5,4,5,13,4,4,1,4,5,2,16,2,36,2,9,5,1,7,9,1,10,2,14,,44,,1,22,121.498661,25.1248566
113,12,26,8,3,2,04大安區,大安區復興南路1段與大安路1段116巷口,0,0,1,1,B03,8,5,5,50,4,1,1,5,4,5,13,2,1,8,3,5,1,16,1,56,3,10,7,1,7,6,1,8,1,2,,9,,1,21,121.5438539,25.0397671
113,12,26,8,3,2,04大安區,大安區復興南路1段與大安路1段116巷口,0,0,1,2,C03,8,5,5,50,4,1,1,5,4,5,13,2,1,8,3,5,1,16,1,48,2,9,5,1,7,9,1,10,1,11,,13,,1,21,121.5438539,25.0397671
113,12,26,8,33,2,04大安區,大安區建國南路1段與建國南路1段291巷口口,0,0,2,1,C03,8,5,5,30,14,9,1,5,4,5,13,4,4,1,4,5,2,17,2,39,2,7,3,4,7,6,1,10,1,14,,80,,1,21,121.5382162,25.0357737
113,12,26,8,33,2,04大安區,大安區建國南路1段與建國南路1段291巷口口,0,0,2,2,A02,8,5,5,30,14,9,1,5,4,5,13,4,4,1,4,5,2,17,1,40,3,10,3,4,7,9,1,2,1,6,,44,,1,21,121.5382162,25.0357737
113,12,26,8,33,2,04大安區,大安區建國南路1段與建國南路1段291巷口口,0,0,2,3,H02,8,5,5,30,14,9,1,5,4,5,13,4,4,1,4,5,2,17,2,5,2,8,3,5,7,21,8,20,10,16,,67,,1,21,121.5382162,25.0357737
113,12,26,8,45,2,05中正區,中正區牯嶺街95巷81號前,0,0,1,1,C03,7,6,5,30,14,9,1,5,4,5,13,4,4,10,5,5,2,17,2,29,2,9,6,1,7,15,1,10,2,11,,108,,1,21,121.5211437,25.0254575
113,12,26,8,45,2,05中正區,中正區牯嶺街95巷81號前,0,0,1,2,C03,7,6,5,30,14,9,1,5,4,5,13,4,4,10,5,5,2,17,2,35,3,10,3,4,7,13,1,10,11,13,,44,,1,21,121.5211437,25.0254575
113,12,26,8,45,2,05中正區,中正區牯嶺街95巷81號前,0,0,1,3,C03,7,6,5,30,14,9,1,5,4,5,13,4,4,10,5,5,2,17,1,20,3,10,3,4,7,13,1,10,11,13,,44,,1,21,121.5211437,25.0254575