發生年度,發生月,發生日,發生時-Hours,發生分,處理別-編號,區序,肇事地點,死亡人數,2-30日死亡人數,受傷人數,當事人序號,車種,天候,道路照明設備,道路類別,速限-速度限制,道路型態,事故位置,路面狀況1,路面狀況2,路面狀況3,道路障礙1,道路障礙2,號誌1,號誌2,車道劃分-分向,車道劃分-分道1,車道劃分-分道2,車道劃分-分道3,事故類型及型態,性別,年齡,受傷程度,主要傷處,保護裝置,行動電話,車輛用途,當事者行動狀態,駕駛資格情形,駕駛執照種類,飲酒情形,車輛撞擊部位1,車輛撞擊部位2,肇因碼-個別,肇因碼-主要,個人肇逃否,職業,座標-X,座標-Y
113,12,26,8,45,2,05中正區,中正區牯嶺街95巷81號前,0,0,1,4,C03,7,6,5,30,14,9,1,5,4,5,13,4,4,10,5,5,2,17,1,38,3,10,3,4,7,13,1,10,11,13,,44,,1,21,121.5211437,25.0254575
113,12,26,8,45,2,05中正區,中正區牯嶺街95巷81號前,0,0,1,5,C03,7,6,5,30,14,9,1,5,4,5,13,4,4,10,5,5,2,17,2,27,3,10,3,4,7,13,1,10,11,13,,44,,1,21,121.5211437,25.0254575
113,12,26,8,45,2,05中正區,中正區牯嶺街95巷81號前,0,0,1,6,C03,7,6,5,30,14,9,1,5,4,5,13,4,4,10,5,5,2,17,1,70,3,10,3,4,7,13,1,10,11,13,,44,,1,21,121.5211437,25.0254575
113,12,26,8,45,2,05中正區,中正區牯嶺街95巷81號前,0,0,1,7,B03,7,6,5,30,14,9,1,5,4,5,13,4,4,10,5,5,2,17,2,27,3,10,3,4,7,13,1,8,11,1,,44,,1,21,121.5211437,25.0254575
113,12,26,8,59,2,05中正區,中正區重慶南路2段與泉州街9巷口,0,0,1,1,B03,8,6,5,50,14,9,1,5,4,5,13,4,4,1,4,5,2,17,1,69,3,10,7,2,7,15,1,8,2,4,,38,,1,21,121.514772,25.0308172
113,12,26,8,59,2,05中正區,中正區重慶南路2段與泉州街9巷口,0,0,1,2,B03,8,6,5,50,14,9,1,5,4,5,13,4,4,1,4,5,2,17,1,51,3,10,7,1,7,9,1,8,2,2,,17,,1,21,121.514772,25.0308172
113,12,26,8,59,2,05中正區,中正區重慶南路2段與泉州街9巷口,0,0,1,3,C03,8,6,5,50,14,9,1,5,4,5,13,4,4,1,4,5,2,17,1,23,2,9,5,1,7,9,1,10,2,11,,16,,1,21,121.514772,25.0308172
113,12,26,9,37,2,06松山區,松山區敦化北路與八德路3段口,0,0,1,1,B13,8,6,6,50,4,2,1,5,4,5,13,1,1,8,3,4,1,16,1,23,3,10,3,1,7,8,1,8,1,2,,100,,1,21,121.5496156,25.0482639
113,12,26,9,37,2,06松山區,松山區敦化北路與八德路3段口,0,0,1,2,F01,8,6,6,50,4,2,1,5,4,5,13,1,1,8,3,4,1,16,2,68,2,9,3,1,7,9,8,20,1,14,,44,,1,22,121.5496156,25.0482639
113,12,26,9,38,2,06松山區,松山區撫遠街與濱江街口,0,0,1,1,B03,7,7,5,50,14,7,1,5,4,5,13,4,4,9,4,4,2,23,1,27,3,10,7,4,7,11,1,8,2,8,,10,,1,22,121.5638377,25.0706914
113,12,26,9,38,2,06松山區,松山區撫遠街與濱江街口,0,0,1,3,C03,7,7,5,50,14,7,1,5,4,5,13,4,4,9,4,4,2,23,1,28,2,9,6,1,7,9,1,10,2,14,,44,,1,22,121.5638377,25.0706914
113,12,26,9,38,2,06松山區,松山區撫遠街與濱江街口,0,0,1,2,,7,7,5,50,14,7,1,5,4,5,13,4,4,9,4,4,2,23,3,0,,,,,,,,,,,,67,,1,,121.5638377,25.0706914
113,12,26,9,40,2,12內湖區,內湖區康寧路3段與康寧路3段165巷口,0,0,2,1,B03,7,5,5,50,4,1,1,5,4,5,13,1,1,1,3,5,1,16,1,68,3,10,3,4,7,5,1,8,1,6,,8,,1,21,121.6113545,25.0704277
113,12,26,9,40,2,12內湖區,內湖區康寧路3段與康寧路3段165巷口,0,0,2,2,C03,7,5,5,50,4,1,1,5,4,5,13,1,1,1,3,5,1,16,1,19,2,9,3,4,7,9,1,10,1,11,,13,,1,21,121.6113545,25.0704277
113,12,26,9,40,2,12內湖區,內湖區康寧路3段與康寧路3段165巷口,0,0,2,3,H02,7,5,5,50,4,1,1,5,4,5,13,1,1,1,3,5,1,16,2,20,2,9,3,5,7,20,8,20,10,16,,67,,1,21,121.6113545,25.0704277
113,12,26,10,21,2,09北投區,北投區福美路與福善路口口,0,0,1,2,A02,8,6,5,50,4,1,1,5,4,5,13,4,4,4,5,5,2,17,1,65,3,10,7,1,7,9,1,2,2,5,,14,,1,21,121.5065836,25.1005094
113,12,26,10,21,2,09北投區,北投區福美路與福善路口口,0,0,1,1,B03,8,6,5,50,4,1,1,5,4,5,13,4,4,4,5,5,2,17,1,53,2,9,7,1,7,9,1,8,2,4,,72,,1,21,121.5065836,25.1005094
113,12,26,10,21,2,09北投區,北投區福美路與福善路口口,0,0,1,3,B03,8,6,5,50,4,1,1,5,4,5,13,4,4,4,5,5,2,17,3,42,,,,,,,,,,,,67,,1,,121.5065836,25.1005094
113,12,26,10,21,2,09北投區,北投區福美路與福善路口口,0,0,1,4,B03,8,6,5,50,4,1,1,5,4,5,13,4,4,4,5,5,2,17,3,62,,,,,,,,,,,,67,,1,,121.5065836,25.1005094
113,12,26,10,35,2,08士林區,士林區忠誠路2段77號,0,0,1,1,A02,7,7,8,50,22,22,1,5,4,5,13,2,1,1,5,5,1,9,1,61,3,10,7,1,7,12,1,2,1,17,,44,,1,21,121.5227596,25.1163716
113,12,26,10,35,2,08士林區,士林區忠誠路2段77號,0,0,1,2,H02,7,7,8,50,22,22,1,5,4,5,13,2,1,1,5,5,1,9,1,78,2,1,4,5,7,17,8,20,10,16,,67,,1,21,121.5227596,25.1163716
113,12,26,10,54,2,01大同區,大同區市民高架道6510997燈桿,0,0,1,4,B03,8,7,5,50,10,7,1,5,4,5,13,4,4,1,4,5,2,13,1,52,3,10,3,4,7,14,1,8,1,3,,44,,1,21,121.5156355,25.0489589
113,12,26,10,54,2,01大同區,大同區市民高架道6510997燈桿,0,0,1,1,B12,8,7,5,50,10,7,1,5,4,5,13,4,4,1,4,5,2,13,1,36,3,10,3,4,7,9,1,8,1,1,,16,,1,21,121.5156355,25.0489589
113,12,26,10,54,2,01大同區,大同區市民高架道6510997燈桿,0,0,1,2,B03,8,7,5,50,10,7,1,5,4,5,13,4,4,1,4,5,2,13,2,53,2,9,3,4,7,14,1,8,1,3,,44,,1,21,121.5156355,25.0489589
113,12,26,10,54,2,01大同區,大同區市民高架道6510997燈桿,0,0,1,3,B03,8,7,5,50,10,7,1,5,4,5,13,4,4,1,4,5,2,13,2,36,3,10,3,4,7,14,1,8,1,3,,44,,1,21,121.5156355,25.0489589
113,12,26,11,17,2,06松山區,松山區南京東路5段66巷9號,0,0,1,2,C03,7,6,5,30,14,9,1,5,4,5,13,4,4,10,5,5,2,29,1,39,2,9,6,1,7,9,1,10,1,14,,42,,1,21,121.5608155,25.0512353
113,12,26,11,17,2,06松山區,松山區南京東路5段66巷9號,0,0,1,1,C03,7,6,5,30,14,9,1,5,4,5,13,4,4,10,5,5,2,29,3,0,,,,,,,,,,,,131,,1,,121.5608155,25.0512353
113,12,26,11,33,2,04大安區,大安區敦化南路1段190巷與大安路1段口口,0,0,1,1,B03,7,7,5,30,4,1,1,5,4,5,13,4,4,10,4,5,1,17,1,26,3,10,7,1,7,9,1,8,1,8,,72,,1,21,121.5461502,25.0426702
113,12,26,11,33,2,04大安區,大安區敦化南路1段190巷與大安路1段口口,0,0,1,2,C03,7,7,5,30,4,1,1,5,4,5,13,4,4,10,4,5,1,17,2,48,2,9,6,1,7,9,1,10,1,12,,44,,1,21,121.5461502,25.0426702
113,12,26,11,40,2,06松山區,松山區濱江街863號,0,0,2,1,B03,7,7,5,50,14,7,1,5,4,5,13,4,4,1,4,4,1,12,1,64,3,10,7,1,7,8,6,8,2,5,,100,,1,26,121.5611871,25.0708555
113,12,26,11,40,2,06松山區,松山區濱江街863號,0,0,2,2,C03,7,7,5,50,14,7,1,5,4,5,13,4,4,1,4,4,1,12,2,25,2,9,5,1,7,9,1,10,2,11,,44,,1,26,121.5611871,25.0708555
113,12,26,11,40,2,06松山區,松山區濱江街863號,0,0,2,3,C03,7,7,5,50,14,7,1,5,4,5,13,4,4,1,4,4,1,12,1,28,2,9,5,1,7,9,1,10,2,11,,44,,1,26,121.5611871,25.0708555
113,12,26,11,50,2,12內湖區,內湖區東湖路113巷70弄12號,0,0,1,1,B01,7,7,5,30,14,9,1,5,4,5,13,4,4,10,5,5,2,8,1,33,3,10,7,1,7,9,1,4,2,5,,108,,1,21,121.6161364,25.0714473
113,12,26,11,50,2,12內湖區,內湖區東湖路113巷70弄12號,0,0,1,2,H01,7,7,5,30,14,9,1,5,4,5,13,4,4,10,5,5,2,8,2,72,2,8,4,5,8,17,8,20,10,16,,121,,1,21,121.6161364,25.0714473
113,12,26,11,54,2,08士林區,士林區士東路與士東路286巷口,0,0,2,1,C03,8,6,5,50,5,2,1,5,4,5,13,2,1,1,4,5,1,17,1,22,2,9,5,1,7,5,1,10,1,12,,71,,1,21,121.5373504,25.1134462
113,12,26,11,54,2,08士林區,士林區士東路與士東路286巷口,0,0,2,2,C03,8,6,5,50,5,2,1,5,4,5,13,2,1,1,4,5,1,17,1,21,2,9,5,1,7,9,1,10,1,11,,44,,1,21,121.5373504,25.1134462
113,12,26,12,19,2,05中正區,中正區三元街212巷與泉州街20巷口,0,0,1,1,C03,8,7,5,30,4,1,1,5,4,5,13,4,4,10,5,5,1,15,1,74,2,8,5,1,7,9,1,10,2,12,,75,,1,21,121.5122535,25.0268174
113,12,26,12,19,2,05中正區,中正區三元街212巷與泉州街20巷口,0,0,1,2,B01,8,7,5,30,4,1,1,5,4,5,13,4,4,10,5,5,1,15,1,65,3,10,7,1,7,9,1,4,2,1,,108,,1,21,121.5122535,25.0268174
113,12,26,12,58,2,08士林區,士林區忠誠路1段與中山北路6段口,0,0,2,1,B13,7,5,8,50,22,22,1,5,4,5,13,2,1,1,5,5,1,17,1,25,3,10,7,1,7,9,1,8,1,1,,16,,1,21,121.5252248,25.10403618
113,12,26,12,58,2,08士林區,士林區忠誠路1段與中山北路6段口,0,0,2,2,B03,7,5,8,50,22,22,1,5,4,5,13,2,1,1,5,5,1,17,2,52,3,10,7,1,7,6,1,8,1,17,,9,,1,21,121.5252248,25.10403618
113,12,26,12,58,2,08士林區,士林區忠誠路1段與中山北路6段口,0,0,2,3,C03,7,5,8,50,22,22,1,5,4,5,13,2,1,1,5,5,1,17,1,27,2,9,5,1,7,9,1,10,1,13,,44,,1,21,121.5252248,25.10403618
113,12,26,12,58,2,08士林區,士林區忠誠路1段與中山北路6段口,0,0,2,4,H02,7,5,8,50,22,22,1,5,4,5,13,2,1,1,5,5,1,17,2,27,2,9,5,5,7,20,8,20,10,16,,67,,1,21,121.5252248,25.10403618
113,12,26,13,29,2,08士林區,士林區通河西街2段延平河濱NO.308電桿,0,0,2,1,A12,8,6,5,30,14,9,1,5,4,5,13,4,4,10,5,5,1,10,1,54,3,10,7,1,7,9,1,7,2,1,,5,,1,21,121.5008995,25.09417407
113,12,26,13,29,2,08士林區,士林區通河西街2段延平河濱NO.308電桿,0,0,2,2,B12,8,6,5,30,14,9,1,5,4,5,13,4,4,10,5,5,1,10,1,33,2,8,7,1,7,9,1,8,2,1,,44,,1,21,121.5008995,25.09417407
113,12,26,13,29,2,08士林區,士林區通河西街2段延平河濱NO.308電桿,0,0,2,3,H02,8,6,5,30,14,9,1,5,4,5,13,4,4,10,5,5,1,10,1,48,2,9,7,5,7,20,8,20,10,16,,67,,1,21,121.5008995,25.09417407
113,12,26,13,32,2,03中山區,中山區民權東路2段與松江路口,0,0,2,1,C03,7,6,5,50,14,9,1,5,4,5,13,2,1,8,3,5,1,17,1,47,2,9,5,1,7,9,1,10,1,11,,44,,1,21,121.5333388,25.06262836
113,12,26,13,32,2,03中山區,中山區民權東路2段與松江路口,0,0,2,2,C03,7,6,5,50,14,9,1,5,4,5,13,2,1,8,3,5,1,17,2,27,2,9,5,1,7,6,1,10,1,12,,9,,1,21,121.5333388,25.06262836
113,12,26,13,45,2,03中山區,中山區南京東路2段174號前,0,0,2,3,C03,7,6,5,50,14,9,1,5,4,5,13,4,4,9,4,5,2,3,2,40,4,11,2,1,7,13,1,10,11,15,,44,,2,21,121.534796,25.0516135
113,12,26,13,45,2,03中山區,中山區南京東路2段174號前,0,0,2,2,C03,7,6,5,50,14,9,1,5,4,5,13,4,4,9,4,5,2,3,1,48,2,9,5,1,7,9,1,10,2,11,,44,,1,21,121.534796,25.0516135
113,12,26,13,45,2,03中山區,中山區南京東路2段174號前,0,0,2,1,H01,7,6,5,50,14,9,1,5,4,5,13,4,4,9,4,5,2,3,1,40,2,9,4,5,8,18,8,20,10,16,,121,,1,21,121.534796,25.0516135
113,12,26,13,45,2,03中山區,中山區南京東路2段174號前,0,0,2,4,C03,7,6,5,50,14,9,1,5,4,5,13,4,4,9,4,5,2,3,2,77,4,11,2,1,7,13,1,10,11,15,,44,,2,21,121.534796,25.0516135
113,12,26,15,5,2,04大安區,大安區金華街與青田街口,0,0,1,1,B03,7,6,5,50,4,1,1,5,4,5,13,1,1,10,5,5,2,16,1,44,3,10,7,1,7,5,1,8,1,8,,71,,1,21,121.5315536,25.0299954
113,12,26,15,5,2,04大安區,大安區金華街與青田街口,0,0,1,2,C03,7,6,5,50,4,1,1,5,4,5,13,1,1,10,5,5,2,16,1,60,2,9,5,1,7,9,1,10,1,14,,44,,1,21,121.5315536,25.0299954
113,12,26,15,5,2,04大安區,大安區金華街與青田街口,0,0,1,3,,7,6,5,50,4,1,1,5,4,5,13,1,1,10,5,5,2,16,3,,,,,,,,,,,,,67,,1,,121.5315536,25.0299954
113,12,26,15,30,2,07信義區,信義區基隆路2段與基隆路2段39巷口,0,0,2,1,C03,7,5,5,50,14,9,1,5,4,5,13,4,4,1,4,5,2,16,1,36,2,8,5,1,7,6,1,10,1,11,,80,,1,21,121.5586978,25.0313922
113,12,26,15,30,2,07信義區,信義區基隆路2段與基隆路2段39巷口,0,0,2,2,C03,7,5,5,50,14,9,1,5,4,5,13,4,4,1,4,5,2,16,1,25,2,7,5,1,7,9,1,10,1,11,,44,,1,21,121.5586978,25.0313922
113,12,26,15,34,2,03中山區,中山區民權東路2段71巷與吉林路329巷口,0,0,1,1,C03,7,5,5,30,4,2,1,5,4,5,13,4,4,9,5,5,2,15,1,48,2,9,3,4,7,9,1,10,1,12,,72,,1,21,121.5317432,25.0638848
113,12,26,15,34,2,03中山區,中山區民權東路2段71巷與吉林路329巷口,0,0,1,2,B03,7,5,5,30,4,2,1,5,4,5,13,4,4,9,5,5,2,15,2,42,3,10,3,4,7,9,1,8,1,1,,44,,1,21,121.5317432,25.0638848
113,12,26,15,55,2,06松山區,松山區延壽街與延壽街119巷口,0,0,2,1,F01,7,6,5,30,3,1,1,5,4,5,10,4,4,9,5,5,2,15,1,73,2,9,4,1,7,15,8,20,1,11,,74,,1,21,121.5649274,25.057009
113,12,26,15,55,2,06松山區,松山區延壽街與延壽街119巷口,0,0,2,2,C03,7,6,5,30,3,1,1,5,4,5,10,4,4,9,5,5,2,15,1,60,2,9,5,1,7,9,1,10,1,11,,14,,1,21,121.5649274,25.057009
113,12,26,15,55,2,06松山區,松山區延壽街與延壽街119巷口,0,0,2,3,B12,7,6,5,30,3,1,1,5,4,5,10,4,4,9,5,5,2,15,1,41,3,10,3,4,7,13,1,8,11,17,,38,,1,21,121.5649274,25.057009
113,12,26,15,56,2,04大安區,大安區復興南路2段與復興南路2段308巷口口,0,0,2,1,C03,8,5,5,50,14,9,1,5,4,5,13,3,1,1,4,4,2,17,1,36,2,9,3,4,7,9,1,10,1,11,,16,,1,21,121.5433536,25.0237893
113,12,26,15,56,2,04大安區,大安區復興南路2段與復興南路2段308巷口口,0,0,2,2,C03,8,5,5,50,14,9,1,5,4,5,13,3,1,1,4,4,2,17,1,23,2,9,3,4,7,9,1,10,1,14,,44,,1,21,121.5433536,25.0237893
113,12,26,15,56,2,04大安區,大安區復興南路2段與復興南路2段308巷口口,0,0,2,3,C03,8,5,5,50,14,9,1,5,4,5,13,3,1,1,4,4,2,17,1,59,3,10,3,4,7,12,1,10,1,13,,44,,1,21,121.5433536,25.0237893
113,12,26,16,40,2,06松山區,松山區民生東路3段與民生東路3段140巷口,0,0,1,1,B03,7,6,5,30,3,1,1,5,4,5,13,4,4,9,4,5,2,15,2,73,3,10,7,1,7,15,1,8,1,4,,72,,1,22,121.5473654,25.0576239
113,12,26,16,40,2,06松山區,松山區民生東路3段與民生東路3段140巷口,0,0,1,2,C03,7,6,5,30,3,1,1,5,4,5,13,4,4,9,4,5,2,15,1,69,2,9,6,1,7,9,1,10,1,11,,14,,1,22,121.5473654,25.0576239
113,12,26,17,15,2,01大同區,大同區興城街與萬全街口,0,0,1,1,B03,7,5,5,30,4,1,1,5,4,5,13,4,4,10,5,5,2,17,2,48,3,10,7,4,7,9,1,8,1,8,,72,,1,21,121.5178985,25.0584001
113,12,26,17,15,2,01大同區,大同區興城街與萬全街口,0,0,1,2,C03,7,5,5,30,4,1,1,5,4,5,13,4,4,10,5,5,2,17,2,30,2,9,5,4,7,9,1,10,1,11,,13,,1,21,121.5178985,25.0584001
113,12,26,17,57,2,07信義區,信義區松仁路與莊敬路423巷8弄口,0,0,1,1,B02,7,5,5,50,4,1,1,5,4,5,13,2,1,9,5,5,2,16,1,50,3,10,7,1,7,5,1,8,2,8,,74,,1,21,121.5683292,25.0285329
113,12,26,17,57,2,07信義區,信義區松仁路與莊敬路423巷8弄口,0,0,1,2,C03,7,5,5,50,4,1,1,5,4,5,13,2,1,9,5,5,2,16,1,45,2,9,5,1,7,9,1,10,2,14,,44,,1,21,121.5683292,25.0285329
113,12,26,18,15,2,01大同區,大同區承德路2段與承德路2段109巷口,0,0,1,1,B03,7,5,5,50,14,9,1,5,4,5,13,4,4,8,3,5,1,12,1,23,4,11,3,4,7,15,7,19,11,2,,114,,1,22,121.5183078,25.0567851
113,12,26,18,15,2,01大同區,大同區承德路2段與承德路2段109巷口,0,0,1,2,C03,7,5,5,50,14,9,1,5,4,5,13,4,4,8,3,5,1,12,2,37,2,8,6,1,7,9,1,10,1,14,,16,,1,21,121.5183078,25.0567851
113,12,26,18,18,2,12內湖區,內湖區文德路66巷與陽光街口,0,0,1,1,C03,8,5,5,50,3,2,1,5,4,5,13,4,4,5,5,5,2,3,1,27,3,10,6,1,7,9,1,10,2,11,,70,,1,21,121.5823529,25.07494086
113,12,26,18,18,2,12內湖區,內湖區文德路66巷與陽光街口,0,0,1,2,H01,8,5,5,50,3,2,1,5,4,5,13,4,4,5,5,5,2,3,2,62,2,9,4,5,8,16,8,20,10,16,,67,,1,21,121.5823529,25.07494086
113,12,26,18,32,2,04大安區,大安區復興南路1段219-1號,0,0,1,1,B01,8,5,5,50,14,9,1,5,4,5,13,4,4,1,4,4,2,12,1,51,3,10,3,4,7,1,1,4,1,17,,19,,1,21,121.5437915,25.0390019
113,12,26,18,32,2,04大安區,大安區復興南路1段219-1號,0,0,1,2,C03,8,5,5,50,14,9,1,5,4,5,13,4,4,1,4,4,2,12,1,27,2,9,3,4,7,9,1,10,1,14,,42,,1,21,121.5437915,25.0390019
113,12,26,18,32,2,04大安區,大安區復興南路1段219-1號,0,0,1,3,C03,8,5,5,50,14,9,1,5,4,5,13,4,4,1,4,4,2,12,1,33,3,10,3,4,7,9,1,10,1,11,,44,,1,21,121.5437915,25.0390019
113,12,26,18,33,2,05中正區,中正區牯嶺街與廈門街口,0,0,1,1,C03,8,5,5,50,3,1,1,5,4,5,13,1,1,5,5,5,2,17,2,40,2,9,5,4,7,6,1,10,2,15,,9,,1,21,121.5182819,25.0274778
113,12,26,18,33,2,05中正區,中正區牯嶺街與廈門街口,0,0,1,2,C03,8,5,5,50,3,1,1,5,4,5,13,1,1,5,5,5,2,17,1,69,3,10,5,4,7,9,1,10,2,17,,44,,1,21,121.5182819,25.0274778
113,12,26,18,40,2,02萬華區,萬華區寶興街與德昌街口,0,0,2,1,C03,7,5,5,50,4,1,1,5,4,5,13,1,1,9,5,5,2,17,1,27,2,7,5,1,7,5,3,18,1,12,,71,,1,21,121.4954245,25.0237179
113,12,26,18,40,2,02萬華區,萬華區寶興街與德昌街口,0,0,2,2,C03,7,5,5,50,4,1,1,5,4,5,13,1,1,9,5,5,2,17,2,51,2,9,5,1,7,9,1,10,1,11,,44,,1,21,121.4954245,25.0237179
113,12,26,18,54,2,01大同區,大同區延平北路3段與延平北路3段83巷口,0,0,1,1,C04,7,5,5,50,4,1,1,5,4,5,13,2,1,9,4,5,2,16,2,30,2,9,5,1,7,11,1,21,1,12,,10,,1,21,121.5109105,25.0671616
113,12,26,18,54,2,01大同區,大同區延平北路3段與延平北路3段83巷口,0,0,1,2,C03,7,5,5,50,4,1,1,5,4,5,13,2,1,9,4,5,2,16,1,20,3,10,5,1,7,9,1,10,1,11,,44,,1,21,121.5109105,25.0671616
113,12,26,18,54,2,08士林區,士林區士東路與士東路286巷口,0,0,2,1,C03,7,5,5,50,3,1,1,5,4,5,13,2,1,1,3,4,2,16,1,18,2,9,3,4,7,5,1,10,1,11,,71,,1,22,121.537301,25.1134442
113,12,26,18,54,2,08士林區,士林區士東路與士東路286巷口,0,0,2,2,C03,7,5,5,50,3,1,1,5,4,5,13,2,1,1,3,4,2,16,1,31,2,9,3,4,7,9,1,10,1,14,,44,,1,22,121.537301,25.1134442
113,12,26,18,59,2,06松山區,松山區松河街128號,0,0,1,1,B03,8,5,5,40,14,9,1,5,4,5,13,4,4,10,4,5,2,17,1,32,3,10,7,1,7,11,1,8,1,4,,10,,1,21,121.575228,25.05107387
113,12,26,18,59,2,06松山區,松山區松河街128號,0,0,1,2,C03,8,5,5,40,14,9,1,5,4,5,13,4,4,10,4,5,2,17,1,39,2,9,6,1,7,9,1,10,1,11,,13,,1,21,121.575228,25.05107387
113,12,26,19,10,2,04大安區,大安區基隆路2段與和平東路3段口,0,0,2,1,C03,8,5,5,50,5,2,1,5,4,5,13,2,1,3,4,5,1,13,2,46,2,8,6,4,7,9,1,10,1,11,,16,,1,21,121.5527442,25.0246026
113,12,26,19,10,2,04大安區,大安區基隆路2段與和平東路3段口,0,0,2,2,C03,8,5,5,50,5,2,1,5,4,5,13,2,1,3,4,5,1,13,1,64,2,8,6,4,7,9,1,10,1,11,,16,,1,21,121.5527442,25.0246026
113,12,26,19,10,2,04大安區,大安區基隆路2段與和平東路3段口,0,0,2,3,B01,8,5,5,50,5,2,1,5,4,5,13,2,1,3,4,5,1,13,1,60,3,10,3,4,7,12,1,4,1,3,,44,,1,21,121.5527442,25.0246026
113,12,26,19,23,2,07信義區,信義區信義路5段100-1號口,0,0,2,1,B03,8,5,5,50,14,9,1,5,4,5,13,4,4,3,4,5,2,16,1,23,2,3,7,1,7,6,1,8,2,2,,9,,1,21,121.5648878,25.0328195
113,12,26,19,23,2,07信義區,信義區信義路5段100-1號口,0,0,2,2,C03,8,5,5,50,14,9,1,5,4,5,13,4,4,3,4,5,2,16,2,47,2,7,6,1,7,9,1,10,2,14,,44,,1,21,121.5648878,25.0328195
113,12,26,19,27,2,10文山區,文山區新光路2段圓環,0,0,1,1,B03,7,5,5,50,5,1,1,5,4,5,13,3,1,10,4,5,1,13,2,62,3,10,7,1,7,9,1,8,1,8,,108,,1,21,121.5831351,25.0005302
113,12,26,19,27,2,10文山區,文山區新光路2段圓環,0,0,1,2,C03,7,5,5,50,5,1,1,5,4,5,13,3,1,10,4,5,1,13,1,30,2,7,6,1,7,14,1,10,1,13,,44,,1,21,121.5831351,25.0005302
113,12,26,19,50,2,08士林區,士林區基河路與大南路口,0,0,1,1,C03,8,5,5,50,4,1,1,5,4,5,13,2,1,5,4,5,2,16,2,20,2,8,3,4,7,5,1,10,1,14,,8,,1,22,121.5228578,25.0896944
113,12,26,19,50,2,08士林區,士林區基河路與大南路口,0,0,1,2,B03,8,5,5,50,4,1,1,5,4,5,13,2,1,5,4,5,2,16,1,40,3,10,3,4,7,9,1,8,1,1,,44,,1,22,121.5228578,25.0896944
113,12,26,20,10,2,06松山區,松山區敦化北路120巷7弄15號,0,0,1,1,B03,7,5,5,30,14,9,1,5,4,5,13,4,4,10,5,5,2,2,1,43,3,10,7,1,7,9,6,18,8,2,,107,,1,22,121.5480124,25.05364195
113,12,26,20,10,2,06松山區,松山區敦化北路120巷7弄15號,0,0,1,2,H01,7,5,5,30,14,9,1,5,4,5,13,4,4,10,5,5,2,2,2,9,2,9,4,5,8,16,8,20,10,16,,67,,1,22,121.5480124,25.05364195
113,12,26,20,20,2,10文山區,文山區木柵路4段77號,0,0,1,1,B03,7,5,5,50,14,9,1,5,4,5,13,3,1,10,5,5,2,16,1,51,3,10,7,1,7,6,1,8,1,2,,9,,1,21,121.5720176,24.9959458
113,12,26,20,20,2,10文山區,文山區木柵路4段77號,0,0,1,2,C03,7,5,5,50,14,9,1,5,4,5,13,3,1,10,5,5,2,16,1,31,2,9,6,1,7,9,1,10,1,11,,44,,1,21,121.5720176,24.9959458
113,12,26,20,21,2,05中正區,中正區青島西路11號,0,0,2,1,C03,7,5,5,50,14,9,1,5,4,5,13,1,1,9,5,5,1,12,2,36,2,9,6,1,7,9,1,10,2,12,,108,,1,22,121.5181133,25.0448314
113,12,26,20,21,2,05中正區,中正區青島西路11號,0,0,2,2,C03,7,5,5,50,14,9,1,5,4,5,13,1,1,9,5,5,1,12,1,27,2,9,6,1,7,14,1,10,2,14,,44,,1,22,121.5181133,25.0448314
113,12,26,20,48,2,05中正區,中正區泉州街與福州街口,0,0,2,1,B03,8,5,5,50,4,1,1,5,4,5,13,4,4,1,5,5,2,16,2,22,3,10,7,4,7,5,1,8,1,5,,72,,1,21,121.5141374,25.0265877
113,12,26,20,48,2,05中正區,中正區泉州街與福州街口,0,0,2,2,C03,8,5,5,50,4,1,1,5,4,5,13,4,4,1,5,5,2,16,1,33,2,9,5,4,7,9,1,10,1,12,,44,,1,21,121.5141374,25.0265877
113,12,26,20,48,2,05中正區,中正區泉州街與福州街口,0,0,2,3,H02,8,5,5,50,4,1,1,5,4,5,13,4,4,1,5,5,2,16,1,39,2,9,5,5,7,20,8,20,10,16,,67,,1,21,121.5141374,25.0265877
113,12,26,21,19,2,06松山區,松山區復興南路1段39號(市民大道4段往西迴轉道前),0,0,1,1,C03,8,5,5,40,14,9,1,5,4,5,13,4,4,3,4,5,2,13,2,31,2,9,6,4,7,9,1,10,1,11,,16,,1,22,121.5452706,25.0450977
113,12,26,21,19,2,06松山區,松山區復興南路1段39號(市民大道4段往西迴轉道前),0,0,1,2,B03,8,5,5,40,14,9,1,5,4,5,13,4,4,3,4,5,2,13,2,41,3,10,3,4,7,9,1,8,1,7,,44,,1,22,121.5452706,25.0450977
113,12,26,21,58,2,04大安區,大安區敦化南路2段與四維路101巷口,0,0,1,1,F01,7,5,5,50,3,1,1,5,4,5,13,4,4,1,4,5,2,17,2,57,2,9,2,4,7,11,8,20,1,11,,11,,1,21,121.5484561,25.0321335
113,12,26,21,58,2,04大安區,大安區敦化南路2段與四維路101巷口,0,0,1,2,B03,7,5,5,50,3,1,1,5,4,5,13,4,4,1,4,5,2,17,1,40,3,10,3,4,7,6,1,8,1,4,,44,,1,21,121.5484561,25.0321335