發生年度,發生月,發生日,發生時-Hours,發生分,處理別-編號,區序,肇事地點,死亡人數,2-30日死亡人數,受傷人數,當事人序號,車種,天候,道路照明設備,道路類別,速限-速度限制,道路型態,事故位置,路面狀況1,路面狀況2,路面狀況3,道路障礙1,道路障礙2,號誌1,號誌2,車道劃分-分向,車道劃分-分道1,車道劃分-分道2,車道劃分-分道3,事故類型及型態,性別,年齡,受傷程度,主要傷處,保護裝置,行動電話,車輛用途,當事者行動狀態,駕駛資格情形,駕駛執照種類,飲酒情形,車輛撞擊部位1,車輛撞擊部位2,肇因碼-個別,肇因碼-主要,個人肇逃否,職業,座標-X,座標-Y
113,12,26,22,10,2,03中山區,中山區長安東路2段與建國北路1段口,0,0,1,1,C03,8,5,5,50,4,2,1,5,4,5,13,1,1,9,4,5,2,12,1,61,3,10,6,1,7,8,1,11,1,14,,100,,1,26,121.5365989,25.048458
113,12,26,22,10,2,03中山區,中山區長安東路2段與建國北路1段口,0,0,1,2,C03,8,5,5,50,4,2,1,5,4,5,13,1,1,9,4,5,2,12,1,44,3,10,6,1,7,9,1,10,1,11,,44,,1,26,121.5365989,25.048458
113,12,26,22,10,2,03中山區,中山區長安東路2段與建國北路1段口,0,0,1,3,H02,8,5,5,50,4,2,1,5,4,5,13,1,1,9,4,5,2,12,2,51,2,5,6,5,7,20,8,20,10,16,,67,,1,26,121.5365989,25.048458
113,12,26,22,32,2,10文山區,文山區下崙路汽車格17號,0,0,1,1,C03,7,5,5,30,14,9,1,5,4,5,13,4,4,9,5,5,2,17,1,24,2,8,6,1,7,9,1,10,2,11,,108,,1,22,121.5596648,24.9865129
113,12,26,22,32,2,10文山區,文山區下崙路汽車格17號,0,0,1,2,B03,7,5,5,30,14,9,1,5,4,5,13,4,4,9,5,5,2,17,1,50,3,10,3,1,7,13,1,8,11,4,,44,,1,22,121.5596648,24.9865129
113,12,26,23,19,2,02萬華區,萬華區環河南路1段與武昌街2段口,0,0,1,2,C03,8,5,5,50,4,1,1,5,4,5,13,1,1,9,5,5,2,17,2,24,2,8,5,4,7,5,1,10,2,11,,8,,1,21,121.5026537,25.04571717
113,12,26,23,19,2,02萬華區,萬華區環河南路1段與武昌街2段口,0,0,1,1,C03,8,5,5,50,4,1,1,5,4,5,13,1,1,9,5,5,2,17,1,20,3,10,5,4,7,9,1,10,2,12,,16,,1,21,121.5026537,25.04571717
113,12,27,1,21,2,02萬華區,萬華區西昌街與長沙街2段口,0,0,1,1,B01,8,5,5,50,4,1,1,5,4,5,13,3,1,5,5,5,2,15,1,38,3,10,7,4,7,9,1,4,1,4,,84,,1,21,121.5007496,25.04102594
113,12,27,1,21,2,02萬華區,萬華區西昌街與長沙街2段口,0,0,1,2,C03,8,5,5,50,4,1,1,5,4,5,13,3,1,5,5,5,2,15,2,38,2,8,5,4,7,9,1,10,1,11,,44,,1,21,121.5007496,25.04102594
113,12,27,1,21,2,07信義區,信義區基隆路1段與松隆路口,0,0,1,1,B02,7,5,5,50,4,1,1,5,4,5,13,2,1,1,4,5,2,17,1,60,3,10,7,1,7,5,1,4,2,5,,86,,1,21,121.5659061,25.0433156
113,12,27,1,21,2,07信義區,信義區基隆路1段與松隆路口,0,0,1,2,C03,7,5,5,50,4,1,1,5,4,5,13,2,1,1,4,5,2,17,1,34,2,9,5,1,7,9,1,10,2,11,,13,,1,21,121.5659061,25.0433156
113,12,27,6,19,2,07信義區,信義區莊敬路與吳興街156巷口,0,0,1,2,B01,7,5,5,50,4,1,1,5,4,5,13,1,1,9,4,4,2,15,2,51,3,10,7,4,7,9,1,4,2,1,,44,,1,21,121.5622518,25.0295485
113,12,27,6,19,2,07信義區,信義區莊敬路與吳興街156巷口,0,0,1,1,C03,7,5,5,50,4,1,1,5,4,5,13,1,1,9,4,4,2,15,1,71,2,9,5,4,7,1,1,10,2,14,,19,,1,21,121.5622518,25.0295485
113,12,27,7,0,2,03中山區,中山區市民大道2段與市民大道2段5巷口,0,0,1,1,B02,7,7,5,40,3,1,1,5,4,5,13,4,4,1,4,5,2,16,2,22,3,10,3,4,7,6,1,8,1,5,,9,,1,21,121.5215953,25.04810649
113,12,27,7,0,2,03中山區,中山區市民大道2段與市民大道2段5巷口,0,0,1,2,C03,7,7,5,40,3,1,1,5,4,5,13,4,4,1,4,5,2,16,1,45,2,8,5,4,7,9,1,10,1,14,,108,,1,21,121.5215953,25.04810649
113,12,27,7,23,2,03中山區,中山區南京東路3段與復興北路口,0,0,1,1,B12,7,7,5,50,4,1,1,5,4,5,13,1,1,1,4,5,2,16,1,42,3,10,7,1,7,6,1,8,1,5,,9,,1,22,121.5439205,25.0519374
113,12,27,7,23,2,03中山區,中山區南京東路3段與復興北路口,0,0,1,2,C03,7,7,5,50,4,1,1,5,4,5,13,1,1,1,4,5,2,16,1,38,2,9,5,1,7,9,1,10,1,14,,44,,1,22,121.5439205,25.0519374
113,12,27,7,55,2,06松山區,松山區民權東路5段與撫遠街口,0,0,1,1,B01,7,7,5,50,4,2,1,5,4,5,13,1,1,1,4,5,1,12,1,65,3,10,7,1,7,12,6,8,1,6,,17,,1,26,121.565665,25.0632942
113,12,27,7,55,2,06松山區,松山區民權東路5段與撫遠街口,0,0,1,2,C03,7,7,5,50,4,2,1,5,4,5,13,1,1,1,4,5,1,12,2,44,2,9,5,1,7,9,1,10,1,11,,17,,1,26,121.565665,25.0632942
113,12,27,8,2,2,08士林區,士林區中山北路6段290巷23弄與忠誠路2段10巷口,0,0,1,1,B01,7,5,8,30,4,1,1,5,4,5,13,4,4,10,5,5,1,17,1,48,3,10,7,1,7,9,1,4,1,2,,14,,1,21,121.5280352,25.10958446
113,12,27,8,2,2,08士林區,士林區中山北路6段290巷23弄與忠誠路2段10巷口,0,0,1,2,C03,7,5,8,30,4,1,1,5,4,5,13,4,4,10,5,5,1,17,1,20,2,9,5,1,7,9,1,10,1,11,,14,,1,21,121.5280352,25.10958446
113,12,27,8,3,2,05中正區,中正區臨沂街61巷與連雲街口,0,0,2,1,B03,8,6,5,30,4,1,1,5,4,5,8,4,4,10,5,5,2,15,2,42,3,10,7,1,7,9,1,8,2,1,,72,,1,22,121.5312523,25.03554595
113,12,27,8,3,2,05中正區,中正區臨沂街61巷與連雲街口,0,0,2,2,C03,8,6,5,30,4,1,1,5,4,5,8,4,4,10,5,5,2,15,1,23,2,9,5,1,7,9,1,10,2,14,,13,,1,22,121.5312523,25.03554595
113,12,27,8,3,2,05中正區,中正區臨沂街61巷與連雲街口,0,0,2,3,H01,8,6,5,30,4,1,1,5,4,5,8,4,4,10,5,5,2,15,1,42,2,6,4,5,8,16,8,20,10,16,,67,,1,22,121.5312523,25.03554595
113,12,27,8,12,2,06松山區,松山區民生東路4段131巷21號,0,0,1,1,B02,7,7,5,40,14,9,1,5,4,5,13,4,4,9,4,5,2,11,2,43,3,10,7,1,7,11,1,8,1,5,,10,,1,25,121.553773,25.0589363
113,12,27,8,12,2,06松山區,松山區民生東路4段131巷21號,0,0,1,2,C03,7,7,5,40,14,9,1,5,4,5,13,4,4,9,4,5,2,11,2,47,2,6,5,1,7,9,1,10,1,14,,14,,1,25,121.553773,25.0589363
113,12,27,8,36,2,06松山區,松山區健康路325巷與健康路325巷5弄口,0,0,2,1,C03,7,6,5,30,4,2,1,4,4,5,13,2,1,5,5,5,2,13,1,71,2,9,6,4,7,9,1,10,1,11,,16,,1,22,121.5672032,25.0550508
113,12,27,8,36,2,06松山區,松山區健康路325巷與健康路325巷5弄口,0,0,2,2,C03,7,6,5,30,4,2,1,4,4,5,13,2,1,5,5,5,2,13,1,44,2,9,6,4,7,9,1,10,1,13,,44,,1,22,121.5672032,25.0550508
113,12,27,8,40,2,08士林區,士林區中山北路5段與小北街口,0,0,1,1,B03,8,6,5,40,4,2,1,5,4,5,13,2,1,4,4,1,1,17,2,77,3,10,3,4,7,8,1,8,2,2,,100,,1,21,121.5273528,25.0901935
113,12,27,8,40,2,08士林區,士林區中山北路5段與小北街口,0,0,1,2,C03,8,6,5,40,4,2,1,5,4,5,13,2,1,4,4,1,1,17,2,34,2,9,3,4,7,9,1,10,2,14,,13,,1,21,121.5273528,25.0901935
113,12,27,8,40,2,08士林區,士林區中山北路5段與小北街口,0,0,1,3,C03,8,6,5,40,4,2,1,5,4,5,13,2,1,4,4,1,1,17,1,19,3,10,2,1,7,13,1,10,9,12,,44,,1,21,121.5273528,25.0901935
113,12,27,8,49,2,09北投區,北投區中央北路2段與文化三路口,0,0,1,1,A02,7,7,5,50,3,2,1,5,4,5,13,1,1,10,5,5,2,12,1,65,3,10,7,1,7,1,1,2,1,2,,118,,1,22,121.4960346,25.1365213
113,12,27,8,49,2,09北投區,北投區中央北路2段與文化三路口,0,0,1,2,F01,7,7,5,50,3,2,1,5,4,5,13,1,1,10,5,5,2,12,2,70,2,8,2,1,7,9,8,20,1,11,,118,,1,22,121.4960346,25.1365213
113,12,27,8,49,2,09北投區,北投區中央北路2段與文化三路口,0,0,1,3,B02,7,7,5,50,3,2,1,5,4,5,13,1,1,10,5,5,2,12,1,49,3,10,7,1,7,14,1,2,1,4,,38,,1,22,121.4960346,25.1365213
113,12,27,9,0,2,09北投區,北投區中央北路4段與中央北路4段316巷口,0,0,1,1,C03,7,7,5,50,3,2,1,5,4,5,13,1,1,4,4,5,2,3,2,69,3,10,5,1,7,9,1,10,1,11,,70,,1,22,121.4728148,25.1308949
113,12,27,9,0,2,09北投區,北投區中央北路4段與中央北路4段316巷口,0,0,1,2,H01,7,7,5,50,3,2,1,5,4,5,13,1,1,4,4,5,2,3,2,72,2,8,4,5,8,16,8,20,10,16,,67,,1,22,121.4728148,25.1308949
113,12,27,9,6,2,08士林區,士林區前港街與後港街口,0,0,2,1,C03,7,5,8,30,4,1,1,5,4,5,13,3,1,10,5,5,1,9,1,68,2,8,5,1,7,5,1,10,1,11,,108,,1,21,121.5225636,25.0848571
113,12,27,9,6,2,08士林區,士林區前港街與後港街口,0,0,2,2,H01,7,5,8,30,4,1,1,5,4,5,13,3,1,10,5,5,1,9,1,45,2,9,4,5,8,16,8,20,10,16,,121,,1,21,121.5225636,25.0848571
113,12,27,9,11,2,07信義區,信義區松隆路與永吉路120巷22弄口,0,0,2,1,F02,8,7,6,50,3,1,1,5,4,5,13,4,4,10,5,5,2,17,1,39,3,10,2,1,7,9,8,20,2,11,,87,,1,21,121.569625,25.0448555
113,12,27,9,11,2,07信義區,信義區松隆路與永吉路120巷22弄口,0,0,2,2,C03,8,7,6,50,3,1,1,5,4,5,13,4,4,10,5,5,2,17,2,29,2,8,5,1,7,6,1,10,2,12,,80,,1,21,121.569625,25.0448555
113,12,27,9,11,2,07信義區,信義區松隆路與永吉路120巷22弄口,0,0,2,3,H02,8,7,6,50,3,1,1,5,4,5,13,4,4,10,5,5,2,17,1,4,2,9,4,5,7,20,8,20,10,16,,67,,1,21,121.569625,25.0448555
113,12,27,9,24,2,01大同區,大同區延平北路4段與敦煌路口,0,0,1,1,C03,8,5,5,50,4,2,1,5,4,5,13,2,1,5,4,5,2,17,1,25,2,8,3,4,7,5,1,10,2,12,,74,,1,21,121.512066,25.0764074
113,12,27,9,24,2,01大同區,大同區延平北路4段與敦煌路口,0,0,1,2,B03,8,5,5,50,4,2,1,5,4,5,13,2,1,5,4,5,2,17,2,35,3,10,3,4,7,9,1,8,2,8,,44,,1,21,121.512066,25.0764074
113,12,27,9,24,2,03中山區,中山區松江路567號,0,0,1,1,B12,7,7,5,40,14,16,1,5,4,5,13,4,4,10,5,5,2,13,1,34,2,9,7,1,7,9,1,8,2,1,,42,,1,22,121.539424,25.0727806
113,12,27,9,24,2,03中山區,中山區松江路567號,0,0,1,2,B03,7,7,5,40,14,16,1,5,4,5,13,4,4,10,5,5,2,13,1,35,3,10,7,1,7,9,1,8,2,6,,44,,1,22,121.539424,25.0727806
113,12,27,9,24,2,03中山區,中山區松江路567號,0,0,1,3,B12,7,7,5,40,14,16,1,5,4,5,13,4,4,10,5,5,2,13,1,44,3,10,7,1,7,14,1,8,2,6,,44,,1,22,121.539424,25.0727806
113,12,27,9,27,2,03中山區,中山區長安東路2段116巷與長安東路2段口,0,0,2,1,B01,7,5,5,50,4,2,1,5,4,5,13,4,4,4,3,5,1,15,1,42,3,10,7,1,7,9,1,4,1,1,,44,,1,21,121.5357826,25.04847408
113,12,27,9,27,2,03中山區,中山區長安東路2段116巷與長安東路2段口,0,0,2,2,C03,7,5,5,50,4,2,1,5,4,5,13,4,4,4,3,5,1,15,2,36,2,1,5,1,7,9,1,10,1,12,,72,,1,21,121.5357826,25.04847408
113,12,27,9,27,2,03中山區,中山區長安東路2段116巷與長安東路2段口,0,0,2,3,H02,7,5,5,50,4,2,1,5,4,5,13,4,4,4,3,5,1,15,2,13,2,1,7,5,7,17,8,20,10,16,,67,,1,21,121.5357826,25.04847408
113,12,27,9,28,2,12內湖區,內湖區麥帥一橋機車道(東往西向),0,0,2,1,C03,8,5,5,50,8,9,1,5,4,5,13,4,4,10,4,5,2,13,1,33,2,7,5,1,7,9,1,10,2,11,,16,,1,21,121.574912,25.05379111
113,12,27,9,28,2,12內湖區,內湖區麥帥一橋機車道(東往西向),0,0,2,2,C03,8,5,5,50,8,9,1,5,4,5,13,4,4,10,4,5,2,13,1,59,2,9,5,1,7,9,1,10,2,13,,44,,1,21,121.574912,25.05379111
113,12,27,9,58,2,07信義區,信義區松智路與松智路9巷口,0,0,1,1,F03,7,6,5,30,3,2,1,5,4,5,13,4,4,8,5,5,2,15,2,55,2,8,5,1,7,15,8,20,1,11,,80,,1,21,121.5654828,25.0377121
113,12,27,9,58,2,07信義區,信義區松智路與松智路9巷口,0,0,1,2,B01,7,6,5,30,3,2,1,5,4,5,13,4,4,8,5,5,2,15,1,65,3,10,7,1,7,9,1,4,1,15,,44,,1,21,121.5654828,25.0377121
113,12,27,10,18,2,09北投區,北投區中央北路4段569號,0,0,2,1,B12,7,7,5,50,14,9,1,5,4,5,13,4,4,5,4,5,2,12,1,53,3,10,7,1,7,8,1,8,1,2,,100,,1,21,121.4672711,25.1275812
113,12,27,10,18,2,09北投區,北投區中央北路4段569號,0,0,2,2,C03,7,7,5,50,14,9,1,5,4,5,13,4,4,5,4,5,2,12,2,63,2,9,5,1,7,9,1,10,1,14,,108,,1,21,121.4672711,25.1275812
113,12,27,10,18,2,09北投區,北投區中央北路4段569號,0,0,2,3,H02,7,7,5,50,14,9,1,5,4,5,13,4,4,5,4,5,2,12,1,68,2,9,3,5,7,20,8,20,10,17,,67,,1,21,121.4672711,25.1275812
113,12,27,10,27,2,02萬華區,萬華區寶興街與寶興街38巷口,0,0,2,1,C03,7,6,5,30,4,2,1,5,4,5,13,4,4,9,4,5,1,17,1,35,2,5,3,4,7,9,1,10,1,12,,42,,1,22,121.4933867,25.0273709
113,12,27,10,27,2,02萬華區,萬華區寶興街與寶興街38巷口,0,0,2,2,C03,7,6,5,30,4,2,1,5,4,5,13,4,4,9,4,5,1,17,2,36,2,9,3,4,7,9,3,18,1,11,,42,,1,22,121.4933867,25.0273709
113,12,27,10,41,2,01大同區,大同區承德路3段與民族西路口口,0,0,1,1,C03,7,6,5,50,4,1,1,5,4,5,13,2,1,1,4,5,2,16,2,31,2,9,6,1,7,9,1,10,2,11,,81,,2,21,121.5186312,25.0684681
113,12,27,10,41,2,01大同區,大同區承德路3段與民族西路口口,0,0,1,2,B01,7,6,5,50,4,1,1,5,4,5,13,2,1,1,4,5,2,16,1,52,3,10,7,1,7,5,1,4,2,2,,44,,1,21,121.5186312,25.0684681
113,12,27,10,45,2,12內湖區,內湖區成功路2段與成功路2段486巷口口,0,0,1,1,B03,7,6,5,50,3,2,1,5,4,5,13,2,1,1,4,5,2,9,1,64,3,10,7,1,7,1,1,8,1,17,,37,,1,21,121.589879,25.0728862
113,12,27,10,45,2,12內湖區,內湖區成功路2段與成功路2段486巷口口,0,0,1,2,H02,7,6,5,50,3,2,1,5,4,5,13,2,1,1,4,5,2,9,2,88,2,1,2,5,7,19,8,20,10,16,,44,,1,21,121.589879,25.0728862
113,12,27,11,0,2,03中山區,中山區民權東路2段與中原街口,0,0,1,2,C03,8,6,5,50,4,1,1,5,4,5,13,1,1,1,4,5,2,17,1,23,2,8,5,4,7,9,1,10,1,14,,44,,1,22,121.5289131,25.0625006
113,12,27,11,0,2,03中山區,中山區民權東路2段與中原街口,0,0,1,1,B01,8,6,5,50,4,1,1,5,4,5,13,1,1,1,4,5,2,17,1,64,3,10,3,4,7,6,1,4,9,17,,9,,1,22,121.5289131,25.0625006
113,12,27,11,4,2,10文山區,文山區景興路202巷與景後街口,0,0,1,1,F01,7,6,5,30,4,1,1,5,4,5,13,3,1,10,5,5,2,15,2,28,2,9,4,1,7,9,8,20,2,12,,72,,1,21,121.5428712,24.9921095
113,12,27,11,4,2,10文山區,文山區景興路202巷與景後街口,0,0,1,2,B01,7,6,5,30,4,1,1,5,4,5,13,3,1,10,5,5,2,15,1,38,3,10,7,1,7,9,1,1,2,8,,44,,1,21,121.5428712,24.9921095
113,12,27,11,7,2,12內湖區,內湖區康寧路3段99巷與康寧路3段99巷12弄口,0,0,1,1,B03,7,5,5,30,4,1,1,5,4,5,13,4,4,10,5,5,1,15,1,48,3,10,7,1,7,9,1,8,1,4,,72,,1,21,121.6110604,25.07230837
113,12,27,11,7,2,12內湖區,內湖區康寧路3段99巷與康寧路3段99巷12弄口,0,0,1,2,C03,7,5,5,30,4,1,1,5,4,5,13,4,4,10,5,5,1,15,1,36,2,9,6,1,7,9,1,10,1,11,,13,,1,21,121.6110604,25.07230837
113,12,27,11,8,2,03中山區,中山區建國北路1段與長安東路2段口,0,0,1,1,B03,7,7,5,50,4,1,1,5,4,5,13,1,1,1,4,5,2,16,1,66,3,10,7,1,7,6,1,8,1,5,,9,,1,22,121.5370001,25.0482873
113,12,27,11,8,2,03中山區,中山區建國北路1段與長安東路2段口,0,0,1,2,C03,7,7,5,50,4,1,1,5,4,5,13,1,1,1,4,5,2,16,1,67,2,9,5,1,7,9,1,10,1,14,,44,,1,22,121.5370001,25.0482873
113,12,27,11,13,2,03中山區,中山區中山北路2段與南京東路1段口,0,0,1,1,C03,7,7,5,50,4,2,1,5,4,5,13,2,1,1,4,5,2,12,2,61,2,9,6,4,7,7,1,10,2,14,,101,,1,21,121.5224854,25.05264703
113,12,27,11,13,2,03中山區,中山區中山北路2段與南京東路1段口,0,0,1,2,C03,7,7,5,50,4,2,1,5,4,5,13,2,1,1,4,5,2,12,2,25,3,10,6,4,7,9,1,10,2,12,,44,,1,21,121.5224854,25.05264703
113,12,27,11,28,2,03中山區,中山區中山北路4段與新生高架道口下方,0,0,1,1,C03,7,5,5,50,11,9,1,5,4,5,13,4,4,10,5,5,2,17,1,32,2,9,5,1,7,5,1,10,1,17,,116,,1,22,121.5252957,25.0768284
113,12,27,11,28,2,03中山區,中山區中山北路4段與新生高架道口下方,0,0,1,2,C03,7,5,5,50,11,9,1,5,4,5,13,4,4,10,5,5,2,17,2,44,3,10,5,1,7,5,1,10,1,17,,101,,1,22,121.5252957,25.0768284
113,12,27,11,38,2,02萬華區,萬華區漢口街2段90巷與漢口街2段90巷8弄口,0,0,2,1,C03,7,7,5,30,4,1,1,5,4,5,13,4,4,10,5,5,2,15,1,43,2,9,5,1,7,9,1,9,1,11,,75,,1,21,121.5042162,25.0458111
113,12,27,11,38,2,02萬華區,萬華區漢口街2段90巷與漢口街2段90巷8弄口,0,0,2,2,C04,7,7,5,30,4,1,1,5,4,5,13,4,4,10,5,5,2,15,2,70,2,9,5,1,7,9,1,8,1,11,,13,,1,21,121.5042162,25.0458111
113,12,27,12,7,2,06松山區,松山區復興北路363號,0,0,2,1,F01,7,7,5,50,14,9,1,5,4,5,13,4,4,9,4,5,2,17,2,74,2,9,4,1,7,7,8,20,1,13,,100,,1,22,121.5442945,25.0606268
113,12,27,12,7,2,06松山區,松山區復興北路363號,0,0,2,2,C03,7,7,5,50,14,9,1,5,4,5,13,4,4,9,4,5,2,17,1,19,2,9,6,1,7,9,1,10,1,11,,13,,1,22,121.5442945,25.0606268
113,12,27,12,15,2,03中山區,中山區新生北路2段與長春路口,0,0,1,1,B01,8,6,5,50,4,1,1,5,4,5,13,1,1,5,4,5,2,16,1,65,3,10,3,4,7,6,1,4,1,7,,44,,1,22,121.5277598,25.0549562
113,12,27,12,15,2,03中山區,中山區新生北路2段與長春路口,0,0,1,2,C03,8,6,5,50,4,1,1,5,4,5,13,1,1,5,4,5,2,16,1,39,2,8,5,4,7,9,1,10,1,11,,16,,1,22,121.5277598,25.0549562
113,12,27,12,54,2,12內湖區,內湖區瑞光路與江南街口,0,0,3,1,C03,7,5,5,50,3,1,1,5,4,5,13,1,1,5,4,5,1,16,2,32,2,8,5,1,7,5,1,10,1,11,,71,,1,21,121.5754847,25.0760786
113,12,27,12,54,2,12內湖區,內湖區瑞光路與江南街口,0,0,3,2,C03,7,5,5,50,3,1,1,5,4,5,13,1,1,5,4,5,1,16,2,36,2,8,6,1,7,9,1,10,1,11,,44,,1,21,121.5754847,25.0760786
113,12,27,12,54,2,12內湖區,內湖區瑞光路與江南街口,0,0,3,3,H02,7,5,5,50,3,1,1,5,4,5,13,1,1,5,4,5,1,16,2,35,2,8,6,5,7,20,8,20,10,16,,67,,1,21,121.5754847,25.0760786
113,12,27,13,19,2,11南港區,南港區研究院路1段與經貿二路口,0,0,1,1,C03,7,6,5,50,4,1,1,5,4,5,13,2,1,1,4,5,2,12,2,24,2,9,6,1,7,15,1,10,2,14,,101,,1,21,121.616554,25.0551462
113,12,27,13,19,2,11南港區,南港區研究院路1段與經貿二路口,0,0,1,2,B03,7,6,5,50,4,1,1,5,4,5,13,2,1,1,4,5,2,12,1,72,3,10,3,4,7,9,1,8,2,2,,44,,1,21,121.616554,25.0551462
113,12,27,13,23,2,03中山區,中山區松江路64巷與松江路口,0,0,1,1,B03,7,6,5,30,3,1,1,5,4,3,13,4,4,8,5,5,1,16,1,52,3,10,3,4,7,6,1,8,1,8,,72,,1,21,121.5327332,25.0495067
113,12,27,13,23,2,03中山區,中山區松江路64巷與松江路口,0,0,1,2,B03,7,6,5,30,3,1,1,5,4,3,13,4,4,8,5,5,1,16,1,30,3,10,3,4,7,13,1,8,1,17,,38,,1,21,121.5327332,25.0495067
113,12,27,13,23,2,03中山區,中山區松江路64巷與松江路口,0,0,1,3,C03,7,6,5,30,3,1,1,5,4,3,13,4,4,8,5,5,1,16,1,35,2,9,3,4,7,9,1,10,1,12,,44,,1,21,121.5327332,25.0495067
113,12,27,13,38,2,04大安區,大安區復興南路2段125巷與瑞安街23巷24弄口,0,0,1,1,C03,7,6,5,30,4,1,1,5,4,5,13,4,4,10,5,5,2,15,2,63,4,11,3,4,7,9,7,19,11,11,,14,,2,21,121.5450907,25.0291812
113,12,27,13,38,2,04大安區,大安區復興南路2段125巷與瑞安街23巷24弄口,0,0,1,2,C03,7,6,5,30,4,1,1,5,4,5,13,4,4,10,5,5,2,15,1,27,2,9,3,4,7,9,1,9,1,11,,75,,1,21,121.5450907,25.0291812
113,12,27,14,0,2,01大同區,大同區承德路3段148-1號,0,0,1,1,C03,7,6,5,50,14,9,1,5,4,5,13,4,4,1,4,5,2,12,1,60,3,10,5,4,7,15,1,10,1,12,,101,,1,21,121.5183388,25.0675993
113,12,27,14,0,2,01大同區,大同區承德路3段148-1號,0,0,1,2,C03,7,6,5,50,14,9,1,5,4,5,13,4,4,1,4,5,2,12,2,18,2,8,5,4,7,9,1,10,1,14,,44,,1,21,121.5183388,25.0675993
113,12,27,14,22,2,01大同區,大同區延平北路3段與延平北路3段17巷口口,0,0,1,1,C03,7,6,5,50,3,1,1,5,4,5,13,4,4,5,5,5,2,16,1,46,3,10,6,1,7,9,6,18,1,12,,4,,1,21,121.5111631,25.0637727
113,12,27,14,22,2,01大同區,大同區延平北路3段與延平北路3段17巷口口,0,0,1,2,C03,7,6,5,50,3,1,1,5,4,5,13,4,4,5,5,5,2,16,1,69,2,1,6,1,7,5,3,18,1,11,,8,,1,21,121.5111631,25.0637727
113,12,27,14,43,2,03中山區,中山區南京東路2段90號,0,0,1,1,C03,7,7,5,0,22,20,1,4,4,5,13,4,4,10,5,5,2,17,1,37,3,10,6,4,7,1,1,9,1,17,,19,,1,21,121.5312559,25.0518884
113,12,27,14,43,2,03中山區,中山區南京東路2段90號,0,0,1,2,F02,7,7,5,0,22,20,1,4,4,5,13,4,4,10,5,5,2,17,1,51,2,9,4,4,7,9,8,20,1,17,,99,,1,21,121.5312559,25.0518884
113,12,27,15,45,2,03中山區,中山區民權東路2段與松江路口,0,0,2,1,A02,7,7,5,50,4,2,1,5,4,5,13,1,1,1,3,5,1,9,1,32,3,10,7,1,7,1,1,2,1,17,,44,,1,21,121.5329037,25.0626429
113,12,27,15,45,2,03中山區,中山區民權東路2段與松江路口,0,0,2,3,H02,7,7,5,50,4,2,1,5,4,5,13,1,1,1,3,5,1,9,1,85,2,1,4,5,7,17,8,20,10,16,,67,,1,21,121.5329037,25.0626429
113,12,27,15,45,2,03中山區,中山區民權東路2段與松江路口,0,0,2,2,H02,7,7,5,50,4,2,1,5,4,5,13,1,1,1,3,5,1,9,2,77,2,1,7,5,7,17,8,20,10,16,,67,,1,21,121.5329037,25.0626429
113,12,27,15,45,2,03中山區,中山區民權東路2段與松江路口,0,0,2,4,A12,7,7,5,50,4,2,1,5,4,5,13,1,1,1,3,5,1,9,4,59,,,,,,,,,1,,,119,,2,,121.5329037,25.0626429
113,12,27,15,59,2,03中山區,中山區中山北路3段28號,0,0,1,1,C03,7,7,5,50,14,9,1,5,4,5,13,4,4,1,4,5,2,12,1,66,3,10,5,4,7,9,1,10,1,12,,17,,1,21,121.5221568,25.0653333
113,12,27,15,59,2,03中山區,中山區中山北路3段28號,0,0,1,2,C03,7,7,5,50,14,9,1,5,4,5,13,4,4,1,4,5,2,12,2,20,2,9,6,4,7,9,1,10,1,14,,44,,1,21,121.5221568,25.0653333
113,12,27,16,5,2,03中山區,中山區市民大道2段與林森北路口,0,0,1,1,C03,7,5,5,40,14,9,1,5,4,5,13,4,4,10,5,5,2,13,2,42,2,9,5,1,7,9,1,10,1,11,,16,,1,22,121.5238457,25.0479527
113,12,27,16,5,2,03中山區,中山區市民大道2段與林森北路口,0,0,1,2,B03,7,5,5,40,14,9,1,5,4,5,13,4,4,10,5,5,2,13,1,53,3,10,7,1,7,8,1,8,1,7,,44,,1,22,121.5238457,25.0479527
113,12,27,16,30,2,03中山區,中山區民權西路64號前,0,0,1,1,C03,7,6,5,50,14,9,1,5,4,5,13,4,4,1,4,5,2,13,1,45,2,9,5,1,7,9,1,10,1,11,,17,,1,21,121.5196993,25.0626936
113,12,27,16,30,2,03中山區,中山區民權西路64號前,0,0,1,2,B03,7,6,5,50,14,9,1,5,4,5,13,4,4,1,4,5,2,13,1,25,3,10,7,1,7,12,1,8,1,4,,44,,1,21,121.5196993,25.0626936
113,12,27,16,30,2,03中山區,中山區民權西路64號前,0,0,2,1,C03,7,6,5,50,14,9,1,5,4,5,13,4,4,1,4,5,2,13,1,47,2,9,5,1,7,9,1,10,2,11,,108,,1,21,121.5202324,25.0627267
113,12,27,16,30,2,03中山區,中山區民權西路64號前,0,0,2,2,B01,7,6,5,50,14,9,1,5,4,5,13,4,4,1,4,5,2,13,1,54,3,10,7,1,7,9,1,4,2,7,,44,,1,21,121.5202324,25.0627267