發生年度,發生月,發生日,發生時-Hours,發生分,處理別-編號,區序,肇事地點,死亡人數,2-30日死亡人數,受傷人數,當事人序號,車種,天候,道路照明設備,道路類別,速限-速度限制,道路型態,事故位置,路面狀況1,路面狀況2,路面狀況3,道路障礙1,道路障礙2,號誌1,號誌2,車道劃分-分向,車道劃分-分道1,車道劃分-分道2,車道劃分-分道3,事故類型及型態,性別,年齡,受傷程度,主要傷處,保護裝置,行動電話,車輛用途,當事者行動狀態,駕駛資格情形,駕駛執照種類,飲酒情形,車輛撞擊部位1,車輛撞擊部位2,肇因碼-個別,肇因碼-主要,個人肇逃否,職業,座標-X,座標-Y
113,12,27,16,30,2,03中山區,中山區民權西路64號前,0,0,2,3,H02,7,6,5,50,14,9,1,5,4,5,13,4,4,1,4,5,2,13,2,43,2,9,5,5,7,20,8,20,10,17,,60,,1,21,121.5202324,25.0627267
113,12,27,16,30,2,03中山區,中山區民權西路64號前,0,0,2,4,A12,7,6,5,50,14,9,1,5,4,5,13,4,4,1,4,5,2,13,3,0,,,,,,,,,9,,,,,,,121.5202324,25.0627267
113,12,27,16,34,2,10文山區,文山區興隆路2段49號,0,0,2,1,C03,7,6,5,50,14,18,1,5,4,5,12,4,4,1,4,5,2,3,2,29,2,9,6,1,7,9,1,10,2,11,,70,,1,21,121.5456344,24.9988403
113,12,27,16,34,2,10文山區,文山區興隆路2段49號,0,0,2,2,H01,7,6,5,50,14,18,1,5,4,5,12,4,4,1,4,5,2,3,1,27,2,9,4,5,8,16,8,20,10,16,,67,,1,21,121.5456344,24.9988403
113,12,27,16,34,2,10文山區,文山區興隆路2段49號,0,0,2,3,A02,7,6,5,50,14,18,1,5,4,5,12,4,4,1,4,5,2,3,1,46,3,10,7,1,7,14,1,2,11,17,,44,,1,21,121.5456344,24.9988403
113,12,27,16,50,2,04大安區,大安區敦化南路2段59號,0,0,1,1,F01,7,5,8,0,22,20,4,5,4,5,13,4,4,10,5,5,2,9,2,13,3,10,4,1,7,9,8,20,1,11,,70,,1,21,121.5491273,25.0311713
113,12,27,16,50,2,04大安區,大安區敦化南路2段59號,0,0,1,2,H01,7,5,8,0,22,20,4,5,4,5,13,4,4,10,5,5,2,9,2,77,2,9,4,5,8,16,8,20,1,16,,67,,1,21,121.5491273,25.0311713
113,12,27,17,25,2,07信義區,信義區基隆路2段151號,0,0,1,1,C03,7,5,5,50,14,9,1,5,4,5,13,4,4,1,4,5,2,3,1,58,3,10,3,4,7,9,1,10,1,11,,16,,1,21,121.5547216,25.0261569
113,12,27,17,25,2,07信義區,信義區基隆路2段151號,0,0,1,2,H01,7,5,5,50,14,9,1,5,4,5,13,4,4,1,4,5,2,3,1,19,2,3,4,5,8,16,8,20,10,16,,53,,1,21,121.5547216,25.0261569
113,12,27,17,35,2,01大同區,大同區撫順街與承德路3段51巷口口,0,0,1,1,B03,8,6,5,50,3,2,1,5,4,5,13,4,4,5,5,5,2,9,1,43,3,10,7,1,7,9,1,8,2,2,,108,,1,21,121.5189877,25.0632999
113,12,27,17,35,2,01大同區,大同區撫順街與承德路3段51巷口口,0,0,1,2,H01,8,6,5,50,3,2,1,5,4,5,13,4,4,5,5,5,2,9,2,3,2,9,4,5,8,20,8,20,10,16,,54,,1,21,121.5189877,25.0632999
113,12,27,17,48,2,04大安區,大安區信義路4段與大安路2段口,0,0,1,1,B03,8,5,5,50,14,9,1,5,4,5,13,2,1,1,4,5,2,17,1,22,3,10,3,4,7,6,1,8,1,5,,27,,1,21,121.5459123,25.0332223
113,12,27,17,48,2,04大安區,大安區信義路4段與大安路2段口,0,0,1,2,C03,8,5,5,50,14,9,1,5,4,5,13,2,1,1,4,5,2,17,2,34,2,9,3,4,7,9,1,10,1,14,,44,,1,21,121.5459123,25.0332223
113,12,27,17,50,2,09北投區,北投區石牌路1段64號,0,0,1,1,C03,7,5,5,50,14,9,1,5,4,5,13,4,4,5,4,5,2,12,1,36,3,10,5,1,7,8,1,10,2,17,,16,,1,21,121.5113193,25.113564
113,12,27,17,50,2,09北投區,北投區石牌路1段64號,0,0,1,2,C03,7,5,5,50,14,9,1,5,4,5,13,4,4,5,4,5,2,12,2,19,2,9,5,1,7,8,1,10,1,12,,100,,1,21,121.5113193,25.113564
113,12,27,18,0,2,03中山區,中山區北安路經國七海文化園區對面,0,0,1,1,C03,7,5,5,50,14,9,1,5,4,5,13,4,4,3,4,5,2,13,2,33,2,9,6,1,7,9,6,10,1,11,,16,,1,21,121.5366912,25.07779884
113,12,27,18,0,2,03中山區,中山區北安路經國七海文化園區對面,0,0,1,2,B12,7,5,5,50,14,9,1,5,4,5,13,4,4,3,4,5,2,13,1,42,3,10,7,1,7,14,1,8,1,6,,44,,1,21,121.5366912,25.07779884
113,12,27,18,18,2,05中正區,中正區中山南路與青島東路口,0,0,3,1,C03,7,5,5,50,4,1,1,5,4,5,13,2,1,1,4,5,2,12,1,23,3,10,5,1,7,4,1,9,1,12,,108,,1,21,121.519388,25.0445184
113,12,27,18,18,2,05中正區,中正區中山南路與青島東路口,0,0,3,2,C03,7,5,5,50,4,1,1,5,4,5,13,2,1,1,4,5,2,12,1,27,2,9,5,1,7,9,1,10,1,14,,44,,1,21,121.519388,25.0445184
113,12,27,18,18,2,05中正區,中正區中山南路與青島東路口,0,0,3,3,C03,7,5,5,50,4,1,1,5,4,5,13,2,1,1,4,5,2,12,1,36,2,9,5,1,7,9,1,10,1,13,,44,,1,21,121.519388,25.0445184
113,12,27,18,18,2,05中正區,中正區中山南路與青島東路口,0,0,3,4,H02,7,5,5,50,4,1,1,5,4,5,13,2,1,1,4,5,2,12,2,36,2,9,5,5,7,21,8,20,10,16,,67,,1,21,121.519388,25.0445184
113,12,27,18,38,2,06松山區,松山區塔悠路99號,0,0,1,1,C03,7,5,5,50,14,9,1,5,4,5,13,4,4,1,4,5,2,12,1,25,2,9,6,1,7,9,1,10,1,12,,17,,1,21,121.5700387,25.0539084
113,12,27,18,38,2,06松山區,松山區塔悠路99號,0,0,1,2,B01,7,5,5,50,14,9,1,5,4,5,13,4,4,1,4,5,2,12,1,54,3,10,7,1,7,9,1,4,1,8,,17,,1,21,121.5700387,25.0539084
113,12,27,18,58,2,04大安區,大安區永康街與潮州街口,0,0,3,1,B03,8,5,5,30,4,1,1,5,4,5,13,4,4,10,5,5,1,15,1,42,3,10,3,4,7,9,1,8,1,8,,72,,1,21,121.5296167,25.0283906
113,12,27,18,58,2,04大安區,大安區永康街與潮州街口,0,0,3,2,B01,8,5,5,30,4,1,1,5,4,5,13,4,4,10,5,5,1,15,1,44,3,10,3,4,7,9,1,4,1,2,,108,,1,21,121.5296167,25.0283906
113,12,27,18,58,2,04大安區,大安區永康街與潮州街口,0,0,3,3,C03,8,5,5,30,4,1,1,5,4,5,13,4,4,10,5,5,1,15,1,112,4,11,3,4,7,13,7,19,11,15,,38,,1,21,121.5296167,25.0283906
113,12,27,18,58,2,04大安區,大安區永康街與潮州街口,0,0,3,4,H02,8,5,5,30,4,1,1,5,4,5,13,4,4,10,5,5,1,15,2,43,2,1,3,5,7,20,8,20,10,16,,67,,1,21,121.5296167,25.0283906
113,12,27,18,58,2,04大安區,大安區永康街與潮州街口,0,0,3,5,H02,8,5,5,30,4,1,1,5,4,5,13,4,4,10,5,5,1,15,2,9,2,1,3,5,7,20,8,20,10,16,,67,,1,21,121.5296167,25.0283906
113,12,27,18,58,2,04大安區,大安區永康街與潮州街口,0,0,3,6,H02,8,5,5,30,4,1,1,5,4,5,13,4,4,10,5,5,1,15,2,8,2,1,3,5,7,20,8,20,10,16,,67,,1,21,121.5296167,25.0283906
113,12,27,19,3,2,10文山區,文山區興隆路3段217號對面,0,0,1,1,B03,8,5,5,50,14,9,1,5,4,5,13,4,4,1,4,5,2,12,2,42,3,10,7,1,7,4,1,8,2,2,,17,,1,21,121.559553,24.9944824
113,12,27,19,3,2,10文山區,文山區興隆路3段217號對面,0,0,1,2,C03,8,5,5,50,14,9,1,5,4,5,13,4,4,1,4,5,2,12,2,71,2,9,5,1,7,9,1,10,9,14,,44,,1,21,121.559553,24.9944824
113,12,27,20,9,2,03中山區,中山區八德路2段330號,0,0,1,1,B03,7,5,5,50,14,9,1,5,4,5,13,4,4,5,4,5,2,16,1,39,3,10,3,4,7,11,1,8,2,4,,94,,1,21,121.5431539,25.0474128
113,12,27,20,9,2,03中山區,中山區八德路2段330號,0,0,1,2,C01,7,5,5,50,14,9,1,5,4,5,13,4,4,5,4,5,2,16,1,48,2,8,3,4,7,9,1,10,2,11,,13,,1,21,121.5431539,25.0474128
113,12,27,20,9,2,03中山區,中山區八德路2段330號,0,0,1,3,C03,7,5,5,50,14,9,1,5,4,5,13,4,4,5,4,5,2,16,3,0,,,,,,,,,,,,67,,1,,121.5431539,25.0474128
113,12,27,20,9,2,03中山區,中山區八德路2段330號,0,0,1,4,C03,7,5,5,50,14,9,1,5,4,5,13,4,4,5,4,5,2,16,3,0,,,,,,,,,,,,67,,1,,121.5431539,25.0474128
113,12,27,20,34,2,02萬華區,萬華區西寧南路與峨眉街口,0,0,2,1,B01,8,5,5,50,4,2,1,5,4,5,13,2,1,10,4,5,2,12,1,67,3,10,7,1,7,7,1,4,1,4,,100,,1,21,121.5061585,25.0436125
113,12,27,20,34,2,02萬華區,萬華區西寧南路與峨眉街口,0,0,2,2,C03,8,5,5,50,4,2,1,5,4,5,13,2,1,10,4,5,2,12,1,19,2,7,6,1,7,9,3,18,1,12,,13,,1,21,121.5061585,25.0436125
113,12,27,20,34,2,02萬華區,萬華區西寧南路與峨眉街口,0,0,2,3,H02,8,5,5,50,4,2,1,5,4,5,13,2,1,10,4,5,2,12,1,18,2,9,6,5,7,20,8,20,10,16,,67,,1,21,121.5061585,25.0436125
113,12,27,21,5,2,08士林區,士林區天母東路與天母東路43巷口,0,0,1,1,F01,7,5,5,50,4,2,1,5,4,5,13,2,1,1,4,5,2,3,1,15,3,10,4,1,7,9,8,20,1,11,,107,,1,21,121.5322607,25.1181052
113,12,27,21,5,2,08士林區,士林區天母東路與天母東路43巷口,0,0,1,2,H01,7,5,5,50,4,2,1,5,4,5,13,2,1,1,4,5,2,3,2,44,2,9,4,5,8,16,8,20,10,16,,121,,1,21,121.5322607,25.1181052
113,12,27,21,5,2,08士林區,士林區天母東路與天母東路43巷口,0,0,1,3,B03,7,5,5,50,4,2,1,5,4,5,13,2,1,1,4,5,2,3,1,55,3,10,3,1,7,13,1,8,9,17,,38,,1,21,121.5322607,25.1181052
113,12,27,21,25,2,01大同區,大同區民生西路與重慶北路2段口,0,0,1,1,B03,7,5,5,50,4,1,1,5,4,5,13,1,1,5,4,5,2,15,1,38,3,10,7,1,7,9,1,8,1,2,,85,,1,21,121.5136498,25.057023
113,12,27,21,25,2,01大同區,大同區民生西路與重慶北路2段口,0,0,1,2,C03,7,5,5,50,4,1,1,5,4,5,13,1,1,5,4,5,2,15,1,22,2,8,6,1,7,9,1,10,1,11,,44,,1,21,121.5136498,25.057023
113,12,27,21,37,2,07信義區,信義區林口街68號,0,0,2,1,C03,7,5,5,40,14,7,1,5,4,5,13,4,4,9,4,4,2,3,2,27,2,9,5,4,7,9,1,10,2,11,,70,,1,21,121.5792713,25.0387983
113,12,27,21,37,2,07信義區,信義區林口街68號,0,0,2,2,H01,7,5,5,40,14,7,1,5,4,5,13,4,4,9,4,4,2,3,2,75,2,9,4,5,8,20,8,20,2,16,,121,,1,21,121.5792713,25.0387983
113,12,27,21,45,2,07信義區,信義區信義路5段與松仁路口,0,0,1,1,A02,8,5,8,50,4,1,1,5,4,5,13,1,1,1,4,5,2,12,1,62,3,10,7,1,7,9,1,2,1,2,,44,,1,22,121.5682945,25.0329391
113,12,27,21,45,2,07信義區,信義區信義路5段與松仁路口,0,0,1,2,C03,8,5,8,50,4,1,1,5,4,5,13,1,1,1,4,5,2,12,2,22,2,9,6,1,7,9,1,10,1,14,,17,,1,22,121.5682945,25.0329391
113,12,27,21,50,2,06松山區,松山區延壽街414號,0,0,1,1,B03,8,5,5,50,14,9,1,5,4,5,13,4,4,9,4,5,2,12,1,63,3,10,7,1,7,9,1,8,6,2,,108,,1,21,121.5567018,25.05632796
113,12,27,21,50,2,06松山區,松山區延壽街414號,0,0,1,2,B03,8,5,5,50,14,9,1,5,4,5,13,4,4,9,4,5,2,12,1,49,2,9,3,1,7,13,1,8,2,15,,38,,1,21,121.5567018,25.05632796
113,12,27,22,18,2,08士林區,士林區中山北路6段與德行東路口,0,0,2,1,C03,8,5,5,50,4,1,1,5,4,5,13,1,1,5,4,5,2,17,1,65,2,9,6,1,7,5,1,10,2,11,,8,,1,21,121.5249481,25.1065181
113,12,27,22,18,2,08士林區,士林區中山北路6段與德行東路口,0,0,2,2,C04,8,5,5,50,4,1,1,5,4,5,13,1,1,5,4,5,2,17,2,69,2,9,6,1,7,9,1,8,2,11,,44,,1,21,121.5249481,25.1065181
113,12,27,22,18,2,08士林區,士林區中山北路6段與德行東路口,0,0,2,3,B01,8,5,5,50,4,1,1,5,4,5,13,1,1,5,4,5,2,17,1,53,3,10,3,4,7,14,1,3,2,1,,44,,1,21,121.5249481,25.1065181
113,12,27,22,25,2,08士林區,士林區至善路2段34號,0,0,1,1,B03,7,5,9,50,11,8,1,5,4,5,13,4,4,1,3,1,1,12,2,39,3,10,3,4,7,9,1,8,1,2,,99,,1,22,121.5449105,25.0972991
113,12,27,22,25,2,08士林區,士林區至善路2段34號,0,0,1,2,C03,7,5,9,50,11,8,1,5,4,5,13,4,4,1,3,1,1,12,2,30,2,9,5,1,7,9,1,10,1,14,,44,,1,22,121.5449105,25.0972991
113,12,27,22,34,2,07信義區,信義區松智路與松壽路口,0,0,2,1,B01,7,5,5,50,4,1,1,5,4,5,13,2,1,5,4,5,2,16,1,60,3,10,7,1,7,5,1,4,1,6,,83,,1,21,121.5654199,25.035864
113,12,27,22,34,2,07信義區,信義區松智路與松壽路口,0,0,2,2,C03,7,5,5,50,4,1,1,5,4,5,13,2,1,5,4,5,2,16,1,19,2,7,6,1,7,9,1,10,1,11,,44,,1,21,121.5654199,25.035864
113,12,27,22,34,2,07信義區,信義區松智路與松壽路口,0,0,2,3,H02,7,5,5,50,4,1,1,5,4,5,13,2,1,5,4,5,2,16,2,24,2,8,7,5,7,21,8,20,10,16,,60,,1,21,121.5654199,25.035864
113,12,27,23,2,2,05中正區,中正區永福橋水源路匝道,0,0,1,1,B03,7,5,5,30,14,9,1,5,4,5,13,4,4,5,5,5,2,17,1,38,3,10,7,1,7,7,1,8,1,4,,95,,1,22,121.528278,25.0117656
113,12,27,23,2,2,05中正區,中正區永福橋水源路匝道,0,0,1,2,C03,7,5,5,30,14,9,1,5,4,5,13,4,4,5,5,5,2,17,1,65,2,7,5,1,7,9,1,10,1,12,,44,,1,22,121.528278,25.0117656
113,12,28,0,1,2,08士林區,士林區重慶北路4段49巷與重慶北路4段49巷15弄口,0,0,1,2,B03,7,5,5,30,4,1,1,5,4,5,13,4,4,9,5,5,2,15,1,28,3,10,3,4,7,9,1,8,2,1,,107,,1,22,121.5116968,25.0809974
113,12,28,0,1,2,08士林區,士林區重慶北路4段49巷與重慶北路4段49巷15弄口,0,0,1,1,C03,7,5,5,30,4,1,1,5,4,5,13,4,4,9,5,5,2,15,1,22,2,9,5,1,7,9,1,10,2,12,,72,,1,22,121.5116968,25.0809974
113,12,28,0,1,2,08士林區,士林區重慶北路4段49巷與重慶北路4段49巷15弄口,0,0,1,3,B03,7,5,5,30,4,1,1,5,4,5,13,4,4,9,5,5,2,15,1,40,3,10,3,4,7,13,1,8,9,2,,38,,1,22,121.5116968,25.0809974
113,12,28,0,1,2,08士林區,士林區重慶北路4段49巷與重慶北路4段49巷15弄口,0,0,1,4,B12,7,5,5,30,4,1,1,5,4,5,13,4,4,9,5,5,2,15,1,53,3,10,3,4,7,13,1,8,9,8,,38,,1,22,121.5116968,25.0809974
113,12,28,0,16,2,05中正區,中正區延平南路與漢口街1段口,0,0,1,1,C03,7,5,5,50,4,2,1,5,4,5,13,2,1,10,4,5,2,13,1,18,2,9,5,1,7,9,1,10,1,11,,16,,1,21,121.51028,25.0451805
113,12,28,0,16,2,05中正區,中正區延平南路與漢口街1段口,0,0,1,2,C03,7,5,5,50,4,2,1,5,4,5,13,2,1,10,4,5,2,13,1,20,3,10,5,1,7,9,1,10,1,13,,44,,1,21,121.51028,25.0451805
113,12,28,0,40,2,01大同區,大同區重慶北路2段與民生西路口,0,0,1,1,C03,6,5,5,50,4,2,1,4,4,5,13,2,1,9,4,5,2,16,1,25,2,9,5,1,7,6,1,10,1,13,,9,,1,21,121.5136458,25.0570339
113,12,28,0,40,2,01大同區,大同區重慶北路2段與民生西路口,0,0,1,2,C03,6,5,5,50,4,2,1,4,4,5,13,2,1,9,4,5,2,16,1,45,3,10,5,1,7,9,1,10,1,11,,44,,1,21,121.5136458,25.0570339
113,12,28,0,58,2,04大安區,大安區基隆路2段144巷與基隆路2段口,0,0,3,1,C03,8,5,5,50,3,1,1,5,4,5,13,4,4,10,4,5,2,17,1,68,2,8,5,1,7,6,1,10,1,12,,44,,1,21,121.556492,25.0280977
113,12,28,0,58,2,04大安區,大安區基隆路2段144巷與基隆路2段口,0,0,3,2,C03,8,5,5,50,3,1,1,5,4,5,13,4,4,10,4,5,2,17,2,30,2,9,6,1,7,9,1,10,1,14,,44,,1,21,121.556492,25.0280977
113,12,28,0,58,2,04大安區,大安區基隆路2段144巷與基隆路2段口,0,0,3,3,H02,8,5,5,50,3,1,1,5,4,5,13,4,4,10,4,5,2,17,2,35,2,9,6,5,7,20,8,20,10,16,,67,,1,21,121.556492,25.0280977
113,12,28,4,53,2,12內湖區,內湖區港華街與港墘路26巷口,0,0,1,1,B01,8,5,5,50,4,1,1,5,4,5,13,4,4,5,4,5,2,16,1,38,3,10,7,1,7,5,1,4,1,1,,80,,1,21,121.5768798,25.0824796
113,12,28,4,53,2,12內湖區,內湖區港華街與港墘路26巷口,0,0,1,2,C03,8,5,5,50,4,1,1,5,4,5,13,4,4,5,4,5,2,16,2,69,2,9,5,1,7,9,1,8,1,14,,44,,1,21,121.5768798,25.0824796
113,12,28,8,48,2,03中山區,中山區民族東路與德惠街167巷口,0,0,1,1,C03,7,5,5,50,3,2,1,5,4,5,13,4,4,3,4,5,2,13,1,23,2,9,3,4,7,9,1,10,1,11,,44,,1,21,121.5304143,25.06822643
113,12,28,8,48,2,03中山區,中山區民族東路與德惠街167巷口,0,0,1,2,C03,7,5,5,50,3,2,1,5,4,5,13,4,4,3,4,5,2,13,2,31,3,10,3,4,7,6,1,10,1,13,,44,,1,21,121.5304143,25.06822643
113,12,28,9,10,2,03中山區,中山區松江路199號,0,0,1,1,B01,7,7,5,50,14,9,1,5,4,5,13,4,4,1,3,5,1,12,1,61,3,10,7,1,7,8,1,4,1,17,,100,,1,21,121.5331802,25.05731705
113,12,28,9,10,2,03中山區,中山區松江路199號,0,0,1,2,C03,7,7,5,50,14,9,1,5,4,5,13,4,4,1,3,5,1,12,2,41,2,7,5,1,7,9,1,10,1,17,,44,,1,21,121.5331802,25.05731705
113,12,28,9,18,2,01大同區,大同區昌吉街與迪化街2段口,0,0,1,1,C03,7,6,5,30,5,1,1,5,4,5,13,3,1,5,5,5,2,15,2,23,2,9,6,4,7,9,1,10,1,11,,84,,1,22,121.5095275,25.0658347
113,12,28,9,18,2,01大同區,大同區昌吉街與迪化街2段口,0,0,1,2,B03,7,6,5,30,5,1,1,5,4,5,13,3,1,5,5,5,2,15,2,45,3,10,3,4,7,9,1,8,1,7,,44,,1,22,121.5095275,25.0658347
113,12,28,9,34,2,04大安區,大安區敦化南路1段190巷與忠孝東路4段77巷口,0,0,2,1,C03,7,6,5,30,4,1,1,5,4,5,13,4,4,10,5,5,2,15,1,22,2,7,5,1,7,9,1,10,2,14,,72,,1,22,121.5467911,25.0427604
113,12,28,9,34,2,04大安區,大安區敦化南路1段190巷與忠孝東路4段77巷口,0,0,2,2,C03,7,6,5,30,4,1,1,5,4,5,13,4,4,10,5,5,2,15,2,44,2,9,5,1,7,9,1,10,2,11,,44,,1,22,121.5467911,25.0427604
113,12,28,10,30,2,03中山區,中山區明水路409號,0,0,2,1,C03,7,5,5,50,14,9,1,5,4,5,13,4,4,3,4,5,2,13,1,23,2,9,3,4,7,9,1,10,1,11,,108,,1,21,121.5480668,25.0774074
113,12,28,10,30,2,03中山區,中山區明水路409號,0,0,2,2,F01,7,5,5,50,14,9,1,5,4,5,13,4,4,3,4,5,2,13,1,32,2,9,3,4,7,9,8,20,1,13,,44,,1,21,121.5480668,25.0774074
113,12,28,10,30,2,03中山區,中山區明水路409號,0,0,2,3,A05,7,5,5,50,14,9,1,5,4,5,13,4,4,3,4,5,2,13,1,42,3,10,3,4,7,15,1,2,1,17,,44,,1,21,121.5480668,25.0774074
113,12,28,11,8,2,03中山區,中山區合江街與合江街180巷口,0,0,1,1,B03,7,7,5,30,4,1,1,5,4,3,10,4,4,9,4,5,2,16,1,47,3,10,3,4,7,6,1,8,1,1,,72,,1,21,121.5392457,25.0611167
113,12,28,11,8,2,03中山區,中山區合江街與合江街180巷口,0,0,1,2,C03,7,7,5,30,4,1,1,5,4,3,10,4,4,9,4,5,2,16,2,37,2,9,6,4,7,9,1,10,1,12,,44,,1,22,121.5392457,25.0611167
113,12,28,11,8,2,03中山區,中山區合江街與合江街180巷口,0,0,1,3,B11,7,7,5,30,4,1,1,5,4,3,10,4,4,9,4,5,2,16,4,0,,,,,,,,,,,,119,,2,,121.5392457,25.0611167
113,12,28,11,20,2,03中山區,中山區龍江路與興安街口,0,0,1,2,H01,7,7,5,50,14,9,1,5,4,5,13,1,1,5,5,5,2,2,2,74,2,9,4,5,8,16,8,20,10,16,,53,,1,22,121.5405754,25.0559488
113,12,28,11,20,2,03中山區,中山區龍江路與興安街口,0,0,1,3,B03,7,7,5,50,14,9,1,5,4,5,13,1,1,5,5,5,2,2,2,55,3,10,7,1,7,14,1,8,9,17,,38,,1,22,121.5405754,25.0559488
113,12,28,11,20,2,03中山區,中山區龍江路與興安街口,0,0,1,1,B03,7,7,5,50,14,9,1,5,4,5,13,1,1,5,5,5,2,2,2,50,3,10,7,1,7,9,1,8,1,5,,108,,1,22,121.5405754,25.0559488
113,12,28,11,20,2,08士林區,士林區美崙街與基河路口,0,0,1,1,C03,7,5,8,50,22,22,1,5,4,5,13,4,4,9,1,5,1,17,1,50,2,9,5,1,7,5,1,10,1,12,,80,,1,21,121.5194489,25.09619685
113,12,28,11,20,2,08士林區,士林區美崙街與基河路口,0,0,1,2,C03,7,5,8,50,22,22,1,5,4,5,13,4,4,9,1,5,1,17,1,23,3,10,5,1,7,9,1,10,1,11,,14,,1,21,121.5194489,25.09619685
113,12,28,12,0,2,02萬華區,萬華區康定路與長沙街2段口,0,0,2,1,B03,7,6,5,50,4,1,1,5,4,5,13,1,1,9,4,5,2,17,1,60,3,10,7,1,7,5,1,8,1,2,,80,,1,21,121.5020972,25.0405567
113,12,28,12,0,2,02萬華區,萬華區康定路與長沙街2段口,0,0,2,2,C03,7,6,5,50,4,1,1,5,4,5,13,1,1,9,4,5,2,17,1,56,2,9,6,1,7,9,1,10,1,15,,44,,1,21,121.5020972,25.0405567
113,12,28,12,0,2,02萬華區,萬華區康定路與長沙街2段口,0,0,2,3,H02,7,6,5,50,4,1,1,5,4,5,13,1,1,9,4,5,2,17,2,27,2,9,5,5,7,21,8,20,10,16,,67,,1,21,121.5020972,25.0405567
113,12,28,12,25,2,03中山區,中山區中山北路3段與民族東路口,0,0,2,1,C03,7,7,5,50,4,1,1,5,4,5,13,1,1,1,3,5,1,17,1,75,2,7,5,1,7,6,1,10,1,12,,101,,1,21,121.522559,25.06848149
113,12,28,12,25,2,03中山區,中山區中山北路3段與民族東路口,0,0,2,2,B03,7,7,5,50,4,1,1,5,4,5,13,1,1,1,3,5,1,17,2,69,3,10,7,1,7,9,1,8,1,8,,44,,1,21,121.522559,25.06848149
113,12,28,12,25,2,03中山區,中山區中山北路3段與民族東路口,0,0,2,3,H02,7,7,5,50,4,1,1,5,4,5,13,1,1,1,3,5,1,17,2,75,2,5,4,5,7,17,8,20,10,16,,67,,1,21,121.522559,25.06848149
113,12,28,12,35,2,02萬華區,萬華區環河南路1段168號,0,0,1,1,B12,7,7,5,50,14,9,1,5,4,5,13,4,4,9,5,5,2,12,1,68,3,10,7,1,7,9,1,8,1,5,,108,,1,21,121.503856,25.0467442
113,12,28,12,35,2,02萬華區,萬華區環河南路1段168號,0,0,1,2,C03,7,7,5,50,14,9,1,5,4,5,13,4,4,9,5,5,2,12,2,30,2,6,5,1,7,9,1,10,1,14,,44,,1,21,121.503856,25.0467442
113,12,28,12,35,2,07信義區,信義區嘉興街與嘉興街181巷口,0,0,2,1,C03,7,6,5,50,3,1,1,5,4,5,13,3,1,5,5,5,2,17,1,42,2,9,5,1,7,5,1,10,1,14,,80,,1,21,121.5564895,25.0263711
113,12,28,12,35,2,07信義區,信義區嘉興街與嘉興街181巷口,0,0,2,2,C03,7,6,5,50,3,1,1,5,4,5,13,3,1,5,5,5,2,17,2,74,2,9,5,1,7,9,1,10,1,11,,44,,1,21,121.5564895,25.0263711
113,12,28,12,45,2,03中山區,中山區建國北路3段與民權東路3段口,0,0,2,1,C03,7,7,5,50,4,1,1,5,4,5,13,1,1,1,4,5,2,16,2,60,2,9,5,1,7,9,1,10,1,11,,99,,1,22,121.5373113,25.0624722
113,12,28,12,45,2,03中山區,中山區建國北路3段與民權東路3段口,0,0,2,2,C03,7,7,5,50,4,1,1,5,4,5,13,1,1,1,4,5,2,16,1,65,2,9,5,1,7,6,3,18,1,11,,9,,1,22,121.5373113,25.0624722
113,12,28,12,50,2,08士林區,士林區中山北路7段219巷私人停車場出入口,0,0,1,1,F01,7,6,5,20,12,9,1,5,4,5,13,4,4,10,5,5,2,17,2,59,2,9,4,4,7,15,8,20,1,14,,101,,1,21,121.5321317,25.1265924
113,12,28,12,50,2,08士林區,士林區中山北路7段219巷私人停車場出入口,0,0,1,2,B12,7,6,5,20,12,9,1,5,4,5,13,4,4,10,5,5,2,17,2,44,3,10,3,4,7,9,1,8,1,2,,13,,1,21,121.5321317,25.1265924
113,12,28,12,56,2,08士林區,士林區忠義街與忠義街91巷口,0,0,2,1,B03,7,6,5,40,3,1,1,5,4,5,13,3,1,5,5,5,1,16,1,21,2,2,7,1,7,5,1,8,1,8,,4,,1,22,121.5321173,25.1063259
113,12,28,12,56,2,08士林區,士林區忠義街與忠義街91巷口,0,0,2,2,B03,7,6,5,40,3,1,1,5,4,5,13,3,1,5,5,5,1,16,1,65,2,9,7,1,7,13,1,8,1,8,,38,,1,22,121.5321173,25.1063259
113,12,28,12,59,2,10文山區,文山區景興路288號,0,0,1,1,C03,7,6,5,50,14,9,1,5,4,5,13,4,4,9,5,5,2,17,2,42,4,11,6,1,7,7,1,10,1,11,,101,,1,21,121.5422956,24.9892383
113,12,28,12,59,2,10文山區,文山區景興路288號,0,0,1,2,C03,7,6,5,50,14,9,1,5,4,5,13,4,4,9,5,5,2,17,2,44,2,9,6,1,7,9,1,10,1,14,,44,,1,21,121.5422956,24.9892383
113,12,28,13,18,2,05中正區,中正區延平南路156號,0,0,1,2,F01,8,5,5,50,14,9,1,5,4,5,13,4,4,9,5,5,1,17,2,35,2,9,2,1,7,9,8,20,9,12,,44,,1,21,121.508349,25.0379217
113,12,28,13,18,2,05中正區,中正區延平南路156號,0,0,1,1,B01,8,5,5,50,14,9,1,5,4,5,13,4,4,9,5,5,1,17,4,0,4,11,3,4,7,15,7,4,11,4,,119,,2,21,121.508349,25.0379217