發生年度,發生月,發生日,發生時-Hours,發生分,處理別-編號,區序,肇事地點,死亡人數,2-30日死亡人數,受傷人數,當事人序號,車種,天候,道路照明設備,道路類別,速限-速度限制,道路型態,事故位置,路面狀況1,路面狀況2,路面狀況3,道路障礙1,道路障礙2,號誌1,號誌2,車道劃分-分向,車道劃分-分道1,車道劃分-分道2,車道劃分-分道3,事故類型及型態,性別,年齡,受傷程度,主要傷處,保護裝置,行動電話,車輛用途,當事者行動狀態,駕駛資格情形,駕駛執照種類,飲酒情形,車輛撞擊部位1,車輛撞擊部位2,肇因碼-個別,肇因碼-主要,個人肇逃否,職業,座標-X,座標-Y
113,12,28,13,55,2,10文山區,文山區指南路3段34巷（指南幹77 B 7227 AB39),0,0,1,1,C03,7,6,5,30,11,9,1,5,4,4,13,4,4,10,5,5,1,18,2,22,2,9,3,4,7,9,1,10,2,14,,44,,1,21,121.5636649,25.02700914
113,12,28,13,55,2,10文山區,文山區指南路3段34巷（指南幹77 B 7227 AB39),0,0,1,2,,7,6,5,30,11,9,1,5,4,4,13,4,4,10,5,5,1,18,3,0,,,,,,,,,,,,67,,1,,121.5636649,25.02700914
113,12,28,14,9,2,03中山區,中山區中山北路2段與中山北路2段42巷口,0,0,1,1,C03,7,7,5,50,4,2,1,5,4,5,13,4,4,1,4,5,2,17,1,44,2,9,5,4,7,9,1,10,1,17,,42,,1,21,121.5225488,25.05449028
113,12,28,14,9,2,03中山區,中山區中山北路2段與中山北路2段42巷口,0,0,1,2,C03,7,7,5,50,4,2,1,5,4,5,13,4,4,1,4,5,2,17,1,70,4,11,5,4,7,9,1,10,11,17,,44,,1,21,121.5225488,25.05449028
113,12,28,14,33,2,07信義區,信義區松仁路與忠孝東路5段236巷2弄口,0,0,1,1,B03,7,6,5,50,4,1,1,5,4,5,13,4,4,1,4,5,2,17,1,25,3,10,3,4,7,6,1,8,1,2,,9,,1,22,121.5685938,25.0405089
113,12,28,14,33,2,07信義區,信義區松仁路與忠孝東路5段236巷2弄口,0,0,1,2,C03,7,6,5,50,4,1,1,5,4,5,13,4,4,1,4,5,2,17,1,60,2,8,5,4,7,9,1,10,1,14,,108,,1,22,121.5685938,25.0405089
113,12,28,14,33,2,07信義區,信義區松仁路與忠孝東路5段236巷2弄口,0,0,1,3,B03,7,6,5,50,4,1,1,5,4,5,13,4,4,1,4,5,2,17,1,41,3,10,3,4,7,14,1,8,1,8,,44,,1,22,121.5685938,25.0405089
113,12,28,14,35,2,04大安區,大安區安和路2段171巷與樂利路口口,0,0,1,1,C03,7,6,5,40,4,1,1,5,4,5,13,2,1,5,4,4,2,16,2,68,2,7,5,1,7,5,1,10,1,14,,8,,1,21,121.5510649,25.0282854
113,12,28,14,35,2,04大安區,大安區安和路2段171巷與樂利路口口,0,0,1,2,B03,7,6,5,40,4,1,1,5,4,5,13,2,1,5,4,4,2,16,2,44,3,10,7,1,7,9,1,8,1,2,,44,,1,21,121.5510649,25.0282854
113,12,28,14,43,2,10文山區,文山區興隆路4段與忠順街1段口口,0,0,3,1,C03,7,7,5,50,4,1,5,5,4,5,13,2,1,10,5,5,2,16,1,23,2,9,5,1,7,5,1,10,1,12,,71,,1,21,121.5616476,24.9845278
113,12,28,14,43,2,10文山區,文山區興隆路4段與忠順街1段口口,0,0,3,2,C03,7,7,5,50,4,1,5,5,4,5,13,2,1,10,5,5,2,16,1,43,2,9,5,1,7,9,1,10,1,11,,44,,1,21,121.5616476,24.9845278
113,12,28,14,43,2,10文山區,文山區興隆路4段與忠順街1段口口,0,0,3,3,H02,7,7,5,50,4,1,5,5,4,5,13,2,1,10,5,5,2,16,2,36,2,9,5,5,7,21,8,20,10,16,,67,,1,21,121.5616476,24.9845278
113,12,28,15,22,2,04大安區,大安區仁愛路4段與敦化南路1段口口,0,0,3,1,C03,7,6,5,50,5,1,1,5,4,5,13,2,1,1,4,5,2,13,1,31,2,8,5,1,7,9,1,10,1,11,,108,,1,22,121.549056,25.0369517
113,12,28,15,22,2,04大安區,大安區仁愛路4段與敦化南路1段口口,0,0,3,2,C03,7,6,5,50,5,1,1,5,4,5,13,2,1,1,4,5,2,13,1,52,2,5,5,1,7,12,1,10,1,13,,44,,1,22,121.549056,25.0369517
113,12,28,15,22,2,04大安區,大安區仁愛路4段與敦化南路1段口口,0,0,3,3,H02,7,6,5,50,5,1,1,5,4,5,13,2,1,1,4,5,2,13,2,30,2,8,5,5,7,17,8,20,10,16,,67,,1,22,121.549056,25.0369517
113,12,28,15,42,2,06松山區,松山區市民大道5段與八德路4段36巷口,0,0,2,1,C03,7,6,5,40,3,2,1,5,4,5,13,1,1,1,4,5,2,13,2,72,2,9,5,1,7,9,1,10,1,11,,16,,1,21,121.5595691,25.0459203
113,12,28,15,42,2,06松山區,松山區市民大道5段與八德路4段36巷口,0,0,2,2,C03,7,6,5,40,3,2,1,5,4,5,13,1,1,1,4,5,2,13,1,26,2,8,5,1,7,12,1,10,1,13,,44,,1,21,121.5595691,25.0459203
113,12,28,16,11,2,03中山區,中山區長安西路19巷2弄65號,0,0,1,1,B03,8,7,5,30,14,9,1,5,4,5,13,4,4,10,5,5,2,17,1,40,3,10,7,1,7,9,1,10,1,2,,40,,1,21,121.520436,25.0519909
113,12,28,16,11,2,03中山區,中山區長安西路19巷2弄65號,0,0,1,2,C03,8,7,5,30,14,9,1,5,4,5,13,4,4,10,5,5,2,17,1,29,2,9,5,1,7,9,1,10,1,14,,44,,1,21,121.520436,25.0519909
113,12,28,16,11,2,03中山區,中山區長安西路19巷2弄65號,0,0,1,3,H02,8,7,5,30,14,9,1,5,4,5,13,4,4,10,5,5,2,17,1,9,3,10,4,5,7,20,8,20,10,16,,40,,1,21,121.520436,25.0519909
113,12,28,16,15,2,12內湖區,內湖區民權東路6段與民權東路6段81巷口,0,0,1,1,B03,7,6,5,50,4,1,1,5,4,5,13,1,1,1,5,5,2,16,1,56,3,10,7,1,7,5,1,8,2,6,,74,,1,21,121.5884779,25.0693036
113,12,28,16,15,2,12內湖區,內湖區民權東路6段與民權東路6段81巷口,0,0,1,2,C03,7,6,5,50,4,1,1,5,4,5,13,1,1,1,5,5,2,16,1,20,2,9,6,1,7,9,1,10,2,11,,44,,1,21,121.5884779,25.0693036
113,12,28,16,30,2,10文山區,文山區萬和街萬芳6號公園公車站,0,0,1,1,A02,8,5,5,40,14,9,1,5,4,5,13,4,4,9,5,5,2,9,1,42,3,10,7,1,7,9,1,2,11,17,,42,,1,21,121.569012,24.9996714
113,12,28,16,30,2,10文山區,文山區萬和街萬芳6號公園公車站,0,0,1,2,H02,8,5,5,40,14,9,1,5,4,5,13,4,4,9,5,5,2,9,1,60,2,9,4,5,7,19,8,20,10,17,,67,,1,21,121.569012,24.9996714
113,12,28,17,2,2,11南港區,南港區南港路2段與南港路2段178巷口,0,0,1,1,C03,7,6,5,50,4,2,4,5,4,5,13,2,1,5,5,4,2,16,2,65,2,9,6,1,7,11,1,10,2,14,,101,,1,21,121.5996716,25.0533516
113,12,28,17,2,2,11南港區,南港區南港路2段與南港路2段178巷口,0,0,1,2,B03,7,6,5,50,4,2,4,5,4,5,13,2,1,5,5,4,2,16,1,38,3,10,3,4,7,6,1,8,2,1,,16,,1,21,121.5996716,25.0533516
113,12,28,17,20,2,05中正區,中正區南昌路1段10-2號,0,0,1,1,B03,8,5,5,50,14,9,1,5,4,5,13,4,4,9,4,5,2,16,1,39,3,10,7,1,7,11,1,4,1,4,,10,,1,21,121.5153424,25.0338132
113,12,28,17,20,2,05中正區,中正區南昌路1段10-2號,0,0,1,2,C03,8,5,5,50,14,9,1,5,4,5,13,4,4,9,4,5,2,16,1,18,2,9,5,1,7,9,1,10,1,11,,108,,1,21,121.5153424,25.0338132
113,12,28,17,38,2,04大安區,大安區市民大道4段與光復南路口側附近口,0,0,1,1,B01,8,5,5,40,5,1,1,5,4,5,13,2,1,1,4,5,2,17,2,54,3,10,7,1,7,6,1,4,1,2,,9,,1,22,121.5576164,25.0449107
113,12,28,17,38,2,04大安區,大安區市民大道4段與光復南路口側附近口,0,0,1,2,C03,8,5,5,40,5,1,1,5,4,5,13,2,1,1,4,5,2,17,2,23,2,7,5,1,7,9,1,10,1,14,,108,,1,22,121.5576164,25.0449107
113,12,28,17,39,2,07信義區,信義區松信路210號,0,0,1,1,B03,7,5,5,50,14,9,1,5,4,5,13,4,4,9,4,5,2,17,2,48,3,10,7,1,7,11,1,8,1,17,,99,,1,21,121.5719402,25.0414916
113,12,28,17,39,2,07信義區,信義區松信路210號,0,0,1,2,C03,7,5,5,50,14,9,1,5,4,5,13,4,4,9,4,5,2,17,1,55,2,9,5,1,7,9,1,10,1,12,,44,,1,21,121.5719402,25.0414916
113,12,28,17,40,2,03中山區,中山區龍江路與遼寧街116巷口,0,0,1,1,B03,7,5,5,50,4,1,1,5,4,5,13,4,4,5,4,5,2,1,1,52,3,10,7,1,7,6,1,8,1,1,,70,,1,21,121.5405647,25.05282743
113,12,28,17,40,2,03中山區,中山區龍江路與遼寧街116巷口,0,0,1,2,H01,7,5,5,50,4,1,1,5,4,5,13,4,4,5,4,5,2,1,1,73,2,7,4,5,8,16,8,20,1,16,,67,,1,21,121.5405647,25.05282743
113,12,28,18,1,2,02萬華區,萬華區萬大路與萬大路186巷口,0,0,1,1,C03,8,5,5,30,3,1,2,5,4,5,13,1,1,9,5,5,2,3,2,56,2,9,5,1,7,9,1,10,9,11,,44,,1,21,121.5005889,25.0277964
113,12,28,18,1,2,02萬華區,萬華區萬大路與萬大路186巷口,0,0,1,2,H01,8,5,5,30,3,1,2,5,4,5,13,1,1,9,5,5,2,3,1,112,4,11,4,5,8,18,8,20,10,16,,67,,1,22,121.5005889,25.0277964
113,12,28,18,2,2,10文山區,（光輝路64號）,0,0,1,1,B03,7,5,5,50,3,2,1,5,4,5,13,4,4,9,5,5,2,9,1,44,3,10,3,4,7,5,1,8,2,8,,70,,1,22,121.5555215,24.9846076
113,12,28,18,2,2,10文山區,（光輝路64號）,0,0,1,2,H01,7,5,5,50,3,2,1,5,4,5,13,4,4,9,5,5,2,9,2,84,2,1,4,5,8,16,8,20,10,16,,67,,1,22,121.5555215,24.9846076
113,12,28,18,17,2,09北投區,北投區明德路176巷與明德路口,0,0,2,1,C03,7,5,5,50,4,18,1,5,4,5,13,4,4,5,5,5,2,3,1,40,2,7,5,1,7,9,1,10,2,11,,70,,1,21,121.5211512,25.111221
113,12,28,18,17,2,09北投區,北投區明德路176巷與明德路口,0,0,2,2,H01,7,5,5,50,4,18,1,5,4,5,13,4,4,5,5,5,2,3,2,77,2,9,4,5,8,16,8,20,1,16,,67,,1,22,121.5211512,25.111221
113,12,28,18,35,2,06松山區,松山區復興北路499巷與民權東路3段191巷口,0,0,2,1,C03,8,5,6,30,3,1,1,5,4,5,13,4,4,10,5,5,2,17,2,49,2,9,5,1,7,1,1,11,2,11,,19,,1,21,121.5446825,25.0653475
113,12,28,18,35,2,06松山區,松山區復興北路499巷與民權東路3段191巷口,0,0,2,2,C03,8,5,6,30,3,1,1,5,4,5,13,4,4,10,5,5,2,17,1,54,2,9,5,1,7,9,1,10,2,11,,44,,1,21,121.5446825,25.0653475
113,12,28,18,40,2,12內湖區,內湖區舊宗路1段與新湖三路口,0,0,1,1,B03,8,5,5,50,4,18,1,5,4,5,13,2,1,9,4,5,2,1,1,37,3,10,2,1,7,5,3,18,2,1,,70,,1,21,121.5766875,25.0636567
113,12,28,18,40,2,12內湖區,內湖區舊宗路1段與新湖三路口,0,0,1,2,H01,8,5,5,50,4,18,1,5,4,5,13,2,1,9,4,5,2,1,1,24,2,8,4,5,8,16,8,20,10,16,,67,,1,21,121.5766875,25.0636567
113,12,28,18,55,2,03中山區,中山區復興北路62號前,0,0,1,1,B01,7,5,5,50,14,9,1,5,4,5,13,4,4,1,4,5,2,17,1,64,3,10,3,4,7,8,1,4,1,2,,44,,1,21,121.5438749,25.0504193
113,12,28,18,55,2,03中山區,中山區復興北路62號前,0,0,1,2,C03,7,5,5,50,14,9,1,5,4,5,13,4,4,1,4,5,2,17,2,24,2,8,3,4,7,9,1,10,1,14,,44,,1,21,121.5438749,25.0504193
113,12,28,19,0,2,01大同區,大同區民權西路102巷4弄與民權西路144巷口,0,0,1,1,C03,8,5,5,30,4,1,1,5,4,5,13,3,1,10,5,5,2,15,2,56,2,9,6,1,7,9,1,10,1,11,,72,,1,21,121.5159224,25.0615873
113,12,28,19,0,2,01大同區,大同區民權西路102巷4弄與民權西路144巷口,0,0,1,2,B03,8,5,5,30,4,1,1,5,4,5,13,3,1,10,5,5,2,15,1,36,3,10,7,1,7,9,1,8,1,1,,44,,1,21,121.5159224,25.0615873
113,12,28,19,35,2,06松山區,松山區長春路與復興北路141巷6弄口,0,0,1,1,B01,8,5,5,50,4,1,1,5,4,5,13,4,4,4,3,5,2,16,1,58,3,10,3,4,7,5,1,4,2,8,,80,,1,22,121.544783,25.0544676
113,12,28,19,35,2,06松山區,松山區長春路與復興北路141巷6弄口,0,0,1,2,F01,8,5,5,50,4,1,1,5,4,5,13,4,4,4,3,5,2,16,2,46,2,9,4,1,7,9,8,20,2,14,,44,,1,22,121.544783,25.0544676
113,12,28,19,39,2,02萬華區,萬華區西寧南路與貴陽街2段口,0,0,1,1,B03,7,5,5,50,22,19,1,5,4,5,13,2,1,10,5,5,2,2,1,37,3,10,7,1,7,5,1,8,1,1,,70,,1,21,121.5062801,25.0393937
113,12,28,19,39,2,02萬華區,萬華區西寧南路與貴陽街2段口,0,0,1,2,H01,7,5,5,50,22,19,1,5,4,5,13,2,1,10,5,5,2,2,1,15,2,9,4,5,8,16,8,20,1,16,,67,,1,21,121.5062801,25.0393937
113,12,28,19,45,2,11南港區,南港區三重路與新民街口,0,0,3,1,C03,7,5,5,50,3,2,1,5,4,5,13,1,1,5,4,5,2,16,1,60,2,9,5,1,7,5,1,10,1,12,,8,,1,21,121.6139321,25.0561263
113,12,28,19,45,2,11南港區,南港區三重路與新民街口,0,0,3,2,C03,7,5,5,50,3,2,1,5,4,5,13,1,1,5,4,5,2,16,1,27,2,8,5,1,7,9,1,10,1,11,,44,,1,21,121.6139321,25.0561263
113,12,28,19,45,2,11南港區,南港區三重路與新民街口,0,0,3,3,H02,7,5,5,50,3,2,1,5,4,5,13,1,1,5,4,5,2,16,1,26,2,9,5,5,7,17,8,20,10,17,,67,,1,21,121.6139321,25.0561263
113,12,28,19,46,2,05中正區,中正區衡陽路與延平南路口,0,0,1,1,B02,7,5,5,50,4,1,1,5,4,5,13,1,1,10,4,5,2,3,1,52,3,10,7,4,7,5,1,4,2,8,,70,,1,22,121.5096052,25.04209558
113,12,28,19,46,2,05中正區,中正區衡陽路與延平南路口,0,0,1,2,H01,7,5,5,50,4,1,1,5,4,5,13,1,1,10,4,5,2,3,1,39,2,9,4,5,8,16,8,20,10,16,,67,,1,22,121.5096052,25.04209558
113,12,28,20,10,2,03中山區,中山區松江路133巷與南京東路2段115巷口,0,0,1,1,B01,7,5,5,30,4,1,1,5,4,5,13,4,4,10,5,5,1,15,1,48,3,10,7,1,7,9,1,4,1,1,,72,,1,21,121.5338472,25.05443437
113,12,28,20,10,2,03中山區,中山區松江路133巷與南京東路2段115巷口,0,0,1,2,C03,7,5,5,30,4,1,1,5,4,5,13,4,4,10,5,5,1,15,1,27,2,8,6,1,7,9,1,10,1,12,,14,,1,21,121.5338472,25.05443437
113,12,28,20,17,2,05中正區,中正區重慶南路3段與重慶南路3段132巷口,0,0,3,3,H02,7,5,5,50,3,1,1,5,4,5,13,1,1,1,4,5,2,12,2,15,2,9,5,5,7,20,8,20,10,16,,67,,1,21,121.5166727,25.0242008
113,12,28,20,17,2,05中正區,中正區重慶南路3段與重慶南路3段132巷口,0,0,3,1,C03,7,5,5,50,3,1,1,5,4,5,13,1,1,1,4,5,2,12,1,32,2,9,5,1,7,15,6,10,2,12,,100,,1,21,121.5166727,25.0242008
113,12,28,20,17,2,05中正區,中正區重慶南路3段與重慶南路3段132巷口,0,0,3,2,C03,7,5,5,50,3,1,1,5,4,5,13,1,1,1,4,5,2,12,1,19,2,9,5,1,7,9,1,10,2,14,,44,,1,21,121.5166727,25.0242008
113,12,28,20,25,2,03中山區,中山區市民大道2段與林森北路口,0,0,1,1,C03,7,5,5,40,4,1,1,5,4,5,13,1,1,1,4,5,2,17,2,35,3,10,6,1,7,9,1,10,1,13,,80,,1,21,121.52424,25.04796848
113,12,28,20,25,2,03中山區,中山區市民大道2段與林森北路口,0,0,1,2,C03,7,5,5,40,4,1,1,5,4,5,13,1,1,1,4,5,2,17,2,29,2,9,6,1,7,9,1,10,1,11,,16,,1,21,121.52424,25.04796848
113,12,28,20,32,2,08士林區,士林區德行西路與磺溪街口,0,0,1,1,B03,8,5,5,50,3,1,1,5,4,5,13,1,1,5,5,4,2,17,1,64,3,10,3,4,7,5,1,8,2,1,,74,,1,21,121.5230566,25.1055346
113,12,28,20,32,2,08士林區,士林區德行西路與磺溪街口,0,0,1,2,C03,8,5,5,50,3,1,1,5,4,5,13,1,1,5,5,4,2,17,1,22,2,9,6,1,7,9,1,10,2,12,,13,,1,21,121.5230566,25.1055346
113,12,29,0,22,2,06松山區,松山區民生東路3段128號,0,0,1,1,B12,7,5,5,50,14,9,1,5,4,5,13,1,1,1,4,5,2,17,1,36,3,10,7,1,7,15,1,8,2,17,,30,,1,21,121.545722,25.0576281
113,12,29,0,22,2,06松山區,松山區民生東路3段128號,0,0,1,2,C03,7,5,5,50,14,9,1,5,4,5,13,1,1,1,4,5,2,17,1,35,2,9,5,1,7,9,1,10,2,11,,13,,1,21,121.545722,25.0576281
113,12,29,0,22,2,06松山區,松山區民生東路3段128號,0,0,1,3,B03,7,5,5,50,14,9,1,5,4,5,13,1,1,1,4,5,2,17,1,31,3,10,7,1,7,13,1,8,9,1,4,44,,1,21,121.545722,25.0576281
113,12,29,1,6,2,03中山區,中山區林森北路與中山北路2段59巷口,0,0,3,1,C03,7,5,5,30,4,1,1,5,4,5,13,4,4,9,4,5,2,15,1,67,2,8,3,4,7,9,1,10,2,12,,44,,1,21,121.5254282,25.0558216
113,12,29,1,6,2,03中山區,中山區林森北路與中山北路2段59巷口,0,0,3,2,C03,7,5,5,30,4,1,1,5,4,5,13,4,4,9,4,5,2,15,1,24,2,9,3,4,7,9,1,10,2,11,,44,,1,21,121.5254282,25.0558216
113,12,29,1,6,2,03中山區,中山區林森北路與中山北路2段59巷口,0,0,3,3,H02,7,5,5,30,4,1,1,5,4,5,13,4,4,9,4,5,2,15,2,60,2,8,3,5,7,21,8,20,10,16,,67,,1,21,121.5254282,25.0558216
113,12,29,2,0,2,01大同區,大同區重慶北路3段與民族西路口,0,0,1,1,A12,7,6,5,50,4,1,1,5,4,5,13,2,1,8,3,5,2,16,1,62,3,10,7,1,7,5,1,3,1,2,,98,,1,21,121.5135715,25.0686612
113,12,29,2,0,2,01大同區,大同區重慶北路3段與民族西路口,0,0,1,2,C03,7,6,5,50,4,1,1,5,4,5,13,2,1,8,3,5,2,16,1,23,2,9,6,1,7,9,1,10,1,11,,44,,1,21,121.5135715,25.0686612
113,12,29,4,29,2,07信義區,信義區和平東路3段391巷8弄與和平東路3段391巷口,0,0,1,1,B01,8,5,5,30,4,1,1,5,4,5,13,4,4,9,5,5,2,15,1,56,2,9,7,1,7,9,1,4,2,5,,72,,1,22,121.5580088,25.0200442
113,12,29,4,29,2,07信義區,信義區和平東路3段391巷8弄與和平東路3段391巷口,0,0,1,2,B01,8,5,5,30,4,1,1,5,4,5,13,4,4,9,5,5,2,15,1,57,3,10,7,1,7,9,1,4,2,1,,14,,1,22,121.5580088,25.0200442
113,12,29,5,25,2,03中山區,中山區中山北路3段(花博圓山公園5號出入口),0,0,1,1,C03,7,5,5,50,14,9,1,5,4,5,13,4,4,5,4,5,2,13,2,20,2,9,3,4,7,9,1,10,1,11,,42,,1,21,121.52289,25.0690779
113,12,29,5,25,2,03中山區,中山區中山北路3段(花博圓山公園5號出入口),0,0,1,2,B01,7,5,5,50,14,9,1,5,4,5,13,4,4,5,4,5,2,13,1,64,3,10,3,4,7,13,1,4,1,3,,44,,1,21,121.52289,25.0690779
113,12,29,6,46,2,03中山區,中山區中山北路3段中山橋北往南,0,0,1,1,C03,8,7,5,50,8,8,1,5,4,5,13,4,4,3,4,4,2,20,1,62,2,1,6,1,7,9,1,10,5,14,,21,,1,26,121.5257518,25.0746538
113,12,29,6,46,2,03中山區,中山區中山北路3段中山橋北往南,0,0,1,2,,8,7,5,50,8,8,1,5,4,5,13,4,4,3,4,4,2,20,3,0,,,,,,,,,,,,67,,1,,121.5257518,25.0746538
113,12,29,7,3,2,08士林區,士林區延平北路5段285巷51號,0,0,2,1,C03,8,5,5,30,11,9,1,5,4,5,13,4,4,10,5,5,2,17,1,15,2,7,3,4,7,6,2,18,1,11,,44,,1,22,121.5075055,25.08504274
113,12,29,7,3,2,08士林區,士林區延平北路5段285巷51號,0,0,2,2,C03,8,5,5,30,11,9,1,5,4,5,13,4,4,10,5,5,2,17,2,70,2,7,3,4,7,9,1,10,1,11,,5,,1,22,121.5075055,25.08504274
113,12,29,8,34,2,05中正區,中正區重慶南路1段與重慶南路1段5巷口,0,0,2,1,C03,8,7,5,50,3,2,1,5,4,5,13,4,4,10,4,5,2,16,1,21,2,9,5,1,7,5,1,10,2,14,,8,,1,21,121.5133092,25.0465055
113,12,29,8,34,2,05中正區,中正區重慶南路1段與重慶南路1段5巷口,0,0,2,2,C03,8,7,5,50,3,2,1,5,4,5,13,4,4,10,4,5,2,16,1,24,2,8,5,1,7,9,1,10,2,12,,44,,1,21,121.5133092,25.0465055
113,12,29,8,42,2,06松山區,松山區復興北路與復興北路427巷口,0,0,1,1,C03,8,7,5,50,3,2,1,5,4,5,13,1,1,9,4,5,2,2,2,63,3,10,6,1,7,9,1,10,1,11,,17,,1,22,121.5443642,25.06339517
113,12,29,8,42,2,06松山區,松山區復興北路與復興北路427巷口,0,0,1,2,H01,8,7,5,50,3,2,1,5,4,5,13,1,1,9,4,5,2,2,2,67,2,8,4,5,8,16,8,20,1,16,,123,,1,22,121.5443642,25.06339517
113,12,29,8,50,2,02萬華區,萬華區西藏路與中華路2段300巷13弄口,0,0,2,1,C03,8,6,5,30,3,2,1,5,4,5,13,4,4,1,5,5,2,16,1,29,2,9,6,1,7,6,1,10,2,14,,72,,1,26,121.5036831,25.0298504
113,12,29,8,50,2,02萬華區,萬華區西藏路與中華路2段300巷13弄口,0,0,2,2,B01,8,6,5,30,3,2,1,5,4,5,13,4,4,1,5,5,2,16,1,62,2,8,7,1,7,9,1,4,2,2,,44,,1,26,121.5036831,25.0298504
113,12,29,9,10,2,04大安區,大安區四維路170巷與和平東路3段1巷口,0,0,1,1,B01,7,7,5,30,3,1,1,5,4,5,13,4,4,8,3,5,1,15,1,62,3,10,3,4,7,1,1,4,1,1,,80,,1,21,121.5469105,25.0282378
113,12,29,9,10,2,04大安區,大安區四維路170巷與和平東路3段1巷口,0,0,1,2,C03,7,7,5,30,3,1,1,5,4,5,13,4,4,8,3,5,1,15,2,30,2,9,6,1,7,9,1,10,1,12,,44,,1,21,121.5469105,25.0282378
113,12,29,9,10,2,05中正區,中正區重慶南路1段與懷寧街108巷口,0,0,1,2,C03,8,7,5,50,3,2,1,5,4,5,13,4,4,5,4,5,2,17,1,21,2,9,5,1,7,9,1,10,9,17,,116,,1,21,121.5131674,25.0414543
113,12,29,9,10,2,05中正區,中正區重慶南路1段與懷寧街108巷口,0,0,1,1,C03,8,7,5,50,3,2,1,5,4,5,13,4,4,5,4,5,2,17,4,0,,,,,,,,,11,,,,,,,121.5131674,25.0414543
113,12,29,9,40,2,10文山區,文山區木柵路2段與木柵路2段109巷口,0,0,1,1,B03,8,6,5,50,14,9,2,5,4,5,13,2,1,5,4,5,2,17,1,71,3,10,3,4,7,5,1,8,2,5,,71,,1,21,121.5617472,24.9888913
113,12,29,9,40,2,10文山區,文山區木柵路2段與木柵路2段109巷口,0,0,1,2,C03,8,6,5,50,14,9,2,5,4,5,13,2,1,5,4,5,2,17,1,57,2,9,5,4,7,9,1,10,2,11,,44,,1,21,121.5617472,24.9888913
113,12,29,9,55,2,06松山區,松山區南京東路3段300號,0,0,2,1,F02,7,6,5,0,14,20,2,5,4,5,13,4,4,10,5,5,2,1,1,83,2,9,4,1,7,9,8,20,1,11,,70,,1,22,121.5465879,25.051629
113,12,29,9,55,2,06松山區,松山區南京東路3段300號,0,0,2,2,H01,7,6,5,0,14,20,2,5,4,5,13,4,4,10,5,5,2,1,1,43,2,9,4,5,8,16,8,20,10,16,,67,,1,22,121.5465879,25.051629
113,12,29,9,59,2,03中山區,中山區中山北路2段93巷口側附近,0,0,1,1,C03,8,7,5,50,14,9,1,5,4,5,13,4,4,1,4,5,2,12,1,33,2,9,5,1,7,9,1,10,1,14,,42,,1,21,121.523023,25.0593045
113,12,29,9,59,2,03中山區,中山區中山北路2段93巷口側附近,0,0,1,2,B12,8,7,5,50,14,9,1,5,4,5,13,4,4,1,4,5,2,12,1,48,3,10,7,1,7,8,1,8,9,17,,100,,1,21,121.523023,25.0593045
113,12,29,9,59,2,04大安區,大安區市民大道4段122號,0,0,2,1,C03,8,6,5,40,14,9,1,5,4,5,13,4,4,1,4,5,2,13,2,22,2,4,6,4,7,9,3,18,1,11,,108,,1,21,121.5516792,25.044388
113,12,29,9,59,2,04大安區,大安區市民大道4段122號,0,0,2,2,B01,8,6,5,40,14,9,1,5,4,5,13,4,4,1,4,5,2,13,1,58,3,10,7,4,7,14,1,4,1,6,,38,,1,21,121.5516792,25.044388
113,12,29,9,59,2,04大安區,大安區市民大道4段122號,0,0,2,3,H02,8,6,5,40,14,9,1,5,4,5,13,4,4,1,4,5,2,13,2,20,2,1,6,5,7,20,8,20,10,16,,67,,1,21,121.5516792,25.044388
113,12,29,10,2,2,04大安區,大安區大安路2段與四維路154巷口,0,0,1,1,B03,8,6,5,30,4,1,1,5,4,5,13,2,1,10,5,5,2,3,1,56,3,10,7,1,7,5,1,8,2,1,,70,,1,22,121.5460801,25.0311113
113,12,29,10,2,2,04大安區,大安區大安路2段與四維路154巷口,0,0,1,2,H01,8,6,5,30,4,1,1,5,4,5,13,2,1,10,5,5,2,3,2,84,2,9,4,5,8,16,8,20,10,16,,67,,1,22,121.5460801,25.0311113
113,12,29,10,7,2,03中山區,中山區林森北路與錦州街口,0,0,1,1,B01,7,5,5,50,14,9,1,5,4,5,13,4,4,9,5,5,2,17,1,68,3,10,3,4,7,11,1,4,1,4,,44,,1,21,121.5255467,25.0600017
113,12,29,10,7,2,03中山區,中山區林森北路與錦州街口,0,0,1,2,C03,7,5,5,50,14,9,1,5,4,5,13,4,4,9,5,5,2,17,1,39,2,9,3,2,7,9,1,10,1,11,,44,,1,21,121.5255467,25.0600017
113,12,29,10,8,2,04大安區,大安區臥龍街201號,0,0,1,1,B03,8,5,5,40,14,9,1,5,4,5,13,4,4,8,3,5,1,13,1,34,3,10,7,1,7,9,1,8,1,5,,16,,1,21,121.5523588,25.0178374
113,12,29,10,8,2,04大安區,大安區臥龍街201號,0,0,1,2,C03,8,5,5,40,14,9,1,5,4,5,13,4,4,8,3,5,1,13,1,56,2,8,5,1,7,14,1,10,1,13,,44,,1,21,121.5523588,25.0178374
113,12,29,10,16,2,02萬華區,萬華區環河南路1段與康定路口,0,0,1,1,B03,8,7,5,50,3,1,1,5,4,5,13,1,1,9,5,5,2,17,1,84,3,10,7,1,7,5,1,8,1,8,,72,,1,21,121.5032903,25.0461278