發生年度,發生月,發生日,發生時-Hours,發生分,處理別-編號,區序,肇事地點,死亡人數,2-30日死亡人數,受傷人數,當事人序號,車種,天候,道路照明設備,道路類別,速限-速度限制,道路型態,事故位置,路面狀況1,路面狀況2,路面狀況3,道路障礙1,道路障礙2,號誌1,號誌2,車道劃分-分向,車道劃分-分道1,車道劃分-分道2,車道劃分-分道3,事故類型及型態,性別,年齡,受傷程度,主要傷處,保護裝置,行動電話,車輛用途,當事者行動狀態,駕駛資格情形,駕駛執照種類,飲酒情形,車輛撞擊部位1,車輛撞擊部位2,肇因碼-個別,肇因碼-主要,個人肇逃否,職業,座標-X,座標-Y
113,12,29,10,16,2,02萬華區,萬華區環河南路1段與康定路口,0,0,1,2,C03,8,7,5,50,3,1,1,5,4,5,13,1,1,9,5,5,2,17,2,61,2,9,5,1,7,9,1,10,1,14,,44,,1,21,121.5032903,25.0461278
113,12,29,10,43,2,04大安區,大安區市民大道4段與忠孝東路4段205巷口,0,0,1,1,C03,7,5,5,40,3,2,1,5,4,5,13,4,4,1,3,5,2,13,1,38,2,8,5,1,7,9,1,10,1,11,,108,,1,21,121.5518975,25.0443775
113,12,29,10,43,2,04大安區,大安區市民大道4段與忠孝東路4段205巷口,0,0,1,2,B01,7,5,5,40,3,2,1,5,4,5,13,4,4,1,3,5,2,13,1,36,3,10,7,1,7,6,1,4,1,6,,44,,1,21,121.5518975,25.0443775
113,12,29,11,55,2,02萬華區,萬華區光復橋往臺北下橋處,0,0,1,1,C03,8,7,5,50,8,9,1,5,4,5,13,1,1,1,3,5,2,12,1,40,3,10,5,1,7,9,1,10,9,12,,108,,1,21,121.4924624,25.0257777
113,12,29,11,55,2,02萬華區,萬華區光復橋往臺北下橋處,0,0,1,2,C03,8,7,5,50,8,9,1,5,4,5,13,1,1,1,3,5,2,12,1,53,2,9,5,1,7,14,1,10,9,14,,44,,1,21,121.4924624,25.0257777
113,12,29,11,58,2,09北投區,北投區公館路423巷與公館路口,0,0,1,1,B03,7,7,5,50,3,1,1,5,4,5,13,4,4,10,5,5,2,12,1,32,3,10,7,1,7,9,1,8,9,7,,108,,1,21,121.5024532,25.120841
113,12,29,11,58,2,09北投區,北投區公館路423巷與公館路口,0,0,1,2,C03,7,7,5,50,3,1,1,5,4,5,13,4,4,10,5,5,2,12,1,69,2,9,5,1,7,9,1,10,1,12,,80,,1,21,121.5024532,25.120841
113,12,29,12,1,2,10文山區,文山區興隆路3段與興隆路3段115巷口,0,0,1,1,C03,8,6,5,50,3,1,1,5,4,5,13,2,1,1,4,5,2,17,1,41,3,10,6,1,7,5,1,10,1,17,,8,,1,21,121.557861,24.9989971
113,12,29,12,1,2,10文山區,文山區興隆路3段與興隆路3段115巷口,0,0,1,2,A02,8,6,5,50,3,1,1,5,4,5,13,2,1,1,4,5,2,17,1,47,3,10,7,1,7,9,1,2,1,17,,44,,1,21,121.557861,24.9989971
113,12,29,12,1,2,10文山區,文山區興隆路3段與興隆路3段115巷口,0,0,1,3,H02,8,6,5,50,3,1,1,5,4,5,13,2,1,1,4,5,2,17,2,38,2,6,4,5,7,17,8,20,10,16,,67,,1,21,121.557861,24.9989971
113,12,29,12,29,2,01大同區,大同區民權西路160巷26弄8號,0,0,1,1,B03,7,6,5,30,14,9,5,5,4,5,13,4,4,10,5,5,2,16,1,48,3,10,3,4,7,11,1,8,1,4,,10,,1,21,121.5150919,25.0616372
113,12,29,12,29,2,01大同區,大同區民權西路160巷26弄8號,0,0,1,2,C03,7,6,5,30,14,9,5,5,4,5,13,4,4,10,5,5,2,16,1,54,2,9,3,4,7,9,1,10,1,12,,13,,1,21,121.5150919,25.0616372
113,12,29,12,55,2,09北投區,北投區明德路與東陽街口,0,0,2,1,C03,8,6,5,50,3,1,1,5,4,5,13,3,1,5,5,5,2,16,1,23,3,10,5,1,7,6,1,10,1,13,,9,,1,25,121.5215147,25.1120027
113,12,29,12,55,2,09北投區,北投區明德路與東陽街口,0,0,2,2,C03,8,6,5,50,3,1,1,5,4,5,13,3,1,5,5,5,2,16,2,44,3,10,6,1,7,9,1,10,1,11,,32,,1,26,121.5215147,25.1120027
113,12,29,12,55,2,09北投區,北投區明德路與東陽街口,0,0,2,3,H02,8,6,5,50,3,1,1,5,4,5,13,3,1,5,5,5,2,16,1,8,2,7,6,5,7,20,8,20,10,16,,67,,1,14,121.5215147,25.1120027
113,12,29,12,55,2,09北投區,北投區明德路與東陽街口,0,0,2,4,H02,8,6,5,50,3,1,1,5,4,5,13,3,1,5,5,5,2,16,2,6,2,7,6,5,7,20,8,20,10,16,,67,,1,14,121.5215147,25.1120027
113,12,29,12,58,2,07信義區,信義區松仁路253巷4弄3號,0,0,1,1,B01,8,7,5,30,14,9,1,5,4,5,13,4,4,10,5,5,2,16,1,52,3,10,3,4,7,5,1,4,1,4,,8,,1,21,121.5696667,25.0253081
113,12,29,12,58,2,07信義區,信義區松仁路253巷4弄3號,0,0,1,2,C03,8,7,5,30,14,9,1,5,4,5,13,4,4,10,5,5,2,16,1,38,2,9,6,4,7,9,1,10,1,12,,108,,1,21,121.5696667,25.0253081
113,12,29,13,30,2,03中山區,中山區新生北路2段66號與新生高架道口迴轉道,0,0,1,1,B03,8,7,5,50,3,1,1,5,4,5,13,2,1,1,4,5,2,16,1,63,3,10,3,4,7,5,1,8,2,8,,8,,1,21,121.5274237,25.05613711
113,12,29,13,30,2,03中山區,中山區新生北路2段66號與新生高架道口迴轉道,0,0,1,2,C03,8,7,5,50,3,1,1,5,4,5,13,2,1,1,4,5,2,16,1,43,2,9,6,4,7,9,1,10,2,12,,44,,1,21,121.5274237,25.05613711
113,12,29,13,56,2,08士林區,士林區福華路與福華路157巷口,0,0,2,1,C03,8,5,5,50,3,2,1,5,4,5,13,2,1,9,4,5,2,3,1,42,2,9,5,1,7,9,1,10,1,11,,108,,1,21,121.5221452,25.10375943
113,12,29,13,56,2,08士林區,士林區福華路與福華路157巷口,0,0,2,2,H01,8,5,5,50,3,2,1,5,4,5,13,2,1,9,4,5,2,3,2,40,2,9,4,5,8,16,8,20,1,16,,122,,1,21,121.5221452,25.10375943
113,12,29,14,10,2,09北投區,北投區中央北路1段224號,0,0,1,1,B03,8,6,5,50,14,9,1,5,4,5,13,4,4,4,4,5,2,12,1,46,3,10,7,1,7,1,1,8,2,8,,19,,1,26,121.4969705,25.1361971
113,12,29,14,10,2,09北投區,北投區中央北路1段224號,0,0,1,2,C03,8,6,5,50,14,9,1,5,4,5,13,4,4,4,4,5,2,12,2,72,2,9,6,1,7,9,1,10,2,12,,44,,1,26,121.4969705,25.1361971
113,12,29,14,27,2,05中正區,中正區重慶北路1段與鄭州路口,0,0,1,1,C03,8,7,5,40,4,1,1,5,4,5,13,1,1,1,4,5,2,17,2,45,2,9,6,1,7,15,1,10,1,12,,101,,1,21,121.5133435,25.04926783
113,12,29,14,27,2,05中正區,中正區重慶北路1段與鄭州路口,0,0,1,2,C02,8,7,5,40,4,1,1,5,4,5,13,1,1,1,4,5,2,17,1,21,3,10,6,1,7,9,1,10,1,14,,44,,1,21,121.5133435,25.04926783
113,12,29,14,45,2,12內湖區,內湖區環山路2段與環山路2段109巷口口,0,0,2,1,F01,8,6,5,50,3,1,1,5,4,5,13,2,1,9,4,5,2,16,2,12,2,9,2,1,7,5,8,20,1,14,,8,,1,14,121.5760761,25.0844483
113,12,29,14,45,2,12內湖區,內湖區環山路2段與環山路2段109巷口口,0,0,2,2,C04,8,6,5,50,3,1,1,5,4,5,13,2,1,9,4,5,2,16,1,28,2,9,5,1,7,9,1,10,1,11,,13,,1,21,121.5760761,25.0844483
113,12,29,15,3,2,10文山區,文山區木柵路3段與木新路1段口,0,0,2,1,B03,8,6,5,50,3,1,1,5,4,5,13,1,1,5,5,5,2,17,1,45,2,2,7,1,7,6,1,8,1,2,,44,,1,21,121.5707894,24.9905686
113,12,29,15,3,2,10文山區,文山區木柵路3段與木新路1段口,0,0,2,2,C03,8,6,5,50,3,1,1,5,4,5,13,1,1,5,5,5,2,17,1,50,2,9,6,1,7,9,1,10,1,14,,16,,1,21,121.5707894,24.9905686
113,12,29,15,10,2,07信義區,信義區東興路63號斜對面,0,0,1,1,B03,7,6,5,50,14,9,1,5,4,5,13,4,4,1,4,5,2,12,1,41,3,10,3,4,7,9,1,4,1,5,,42,,1,22,121.5667941,25.0459231
113,12,29,15,10,2,07信義區,信義區東興路63號斜對面,0,0,1,2,C03,7,6,5,50,14,9,1,5,4,5,13,4,4,1,4,5,2,12,1,27,3,10,3,4,7,14,1,10,1,14,,42,,1,22,121.5667941,25.0459231
113,12,29,15,10,2,07信義區,信義區東興路63號斜對面,0,0,1,3,H02,7,6,5,50,14,9,1,5,4,5,13,4,4,1,4,5,2,12,2,33,2,8,3,5,7,17,8,20,10,16,,67,,1,22,121.5667941,25.0459231
113,12,29,15,16,2,04大安區,大安區和平東路1段與師大路口口,0,0,1,1,C03,8,6,5,50,3,3,1,5,4,5,13,2,1,1,4,4,2,13,1,70,3,10,5,1,7,9,1,10,1,11,,108,,1,21,121.528474,25.0267294
113,12,29,15,16,2,04大安區,大安區和平東路1段與師大路口口,0,0,1,2,C03,8,6,5,50,3,3,1,5,4,5,13,2,1,1,4,4,2,13,1,42,2,9,5,1,7,14,1,10,1,13,,44,,1,21,121.528474,25.0267294
113,12,29,16,15,2,06松山區,松山區迎風河濱公園3012141燈桿處,0,0,1,1,H01,7,7,5,0,14,23,1,5,4,5,13,4,4,10,5,5,1,1,2,44,2,1,4,5,8,18,8,20,10,16,,60,,1,21,121.5622924,25.07148662
113,12,29,16,15,2,06松山區,松山區迎風河濱公園3012141燈桿處,0,0,1,2,F01,7,7,5,0,14,23,1,5,4,5,13,4,4,10,5,5,1,1,1,15,3,10,4,1,7,9,8,20,1,11,,108,,1,21,121.5622924,25.07148662
113,12,29,17,0,2,08士林區,士林區至誠路1段與雨聲街口,0,0,1,1,B03,7,5,5,50,3,1,1,5,4,5,13,1,1,5,5,5,2,16,1,20,3,10,3,4,7,6,1,8,1,2,,9,,1,21,121.5315206,25.10463254
113,12,29,17,0,2,08士林區,士林區至誠路1段與雨聲街口,0,0,1,2,C03,7,5,5,50,3,1,1,5,4,5,13,1,1,5,5,5,2,16,2,52,2,9,3,4,7,9,1,10,1,14,,44,,1,21,121.5315206,25.10463254
113,12,29,17,11,2,02萬華區,萬華區德昌街27號,0,0,2,1,F01,7,6,5,30,14,9,1,5,4,5,13,4,4,10,5,5,2,2,1,12,2,9,4,4,7,9,8,20,1,11,,42,,1,22,121.4991633,25.0251841
113,12,29,17,11,2,02萬華區,萬華區德昌街27號,0,0,2,2,H01,7,6,5,30,14,9,1,5,4,5,13,4,4,10,5,5,2,2,1,90,2,9,4,5,8,16,8,20,10,16,,67,,1,22,121.4991633,25.0251841
113,12,29,17,28,2,08士林區,士林區大南路83號與大南路口對面,0,0,1,1,C03,8,6,5,30,3,2,1,5,4,5,13,4,4,10,5,5,2,9,4,0,,,,,,,,,11,,,,,,,121.5182404,25.08711672
113,12,29,17,28,2,08士林區,士林區大南路83號與大南路口對面,0,0,1,2,H01,8,6,5,30,3,2,1,5,4,5,13,4,4,10,5,5,2,9,1,16,2,8,4,5,8,16,8,20,10,16,,67,,1,16,121.5182404,25.08711672
113,12,29,17,45,2,01大同區,大同區民族西路38號,0,0,2,1,A12,7,5,5,50,14,9,1,5,4,5,13,4,4,8,3,5,1,16,1,49,3,10,3,4,7,7,1,7,2,4,,100,,1,21,121.5193809,25.0684699
113,12,29,17,45,2,01大同區,大同區民族西路38號,0,0,2,2,C03,7,5,5,50,14,9,1,5,4,5,13,4,4,8,3,5,1,16,1,69,2,9,3,4,7,9,1,10,2,12,,44,,1,21,121.5193809,25.0684699
113,12,29,17,45,2,01大同區,大同區民族西路38號,0,0,2,3,H02,7,5,5,50,14,9,1,5,4,5,13,4,4,8,3,5,1,16,2,68,2,9,3,5,7,20,8,20,10,16,,67,,1,21,121.5193809,25.0684699
113,12,29,18,0,2,04大安區,大安區敦化南路1段與仁愛路4段口,0,0,1,1,B03,8,5,5,50,18,9,1,5,4,5,13,2,1,4,4,5,2,16,2,43,3,10,7,1,7,6,1,8,1,2,,9,,1,22,121.5497739,25.0386139
113,12,29,18,0,2,04大安區,大安區敦化南路1段與仁愛路4段口,0,0,1,2,C03,8,5,5,50,18,9,1,5,4,5,13,2,1,4,4,5,2,16,1,21,2,9,5,1,7,9,1,10,1,14,,44,,1,22,121.5497739,25.0386139
113,12,29,18,0,2,07信義區,信義區忠孝東路5段68號,0,0,3,1,C03,8,5,5,50,14,9,1,5,4,5,13,4,4,1,4,5,2,13,1,24,2,8,6,1,7,9,1,10,1,11,,16,,1,22,121.5676122,25.0409885
113,12,29,18,0,2,07信義區,信義區忠孝東路5段68號,0,0,3,2,C03,8,5,5,50,14,9,1,5,4,5,13,4,4,1,4,5,2,13,1,57,2,8,6,1,7,7,1,10,1,13,,44,,1,22,121.5676122,25.0409885
113,12,29,18,0,2,07信義區,信義區忠孝東路5段68號,0,0,3,3,B02,8,5,5,50,14,9,1,5,4,5,13,4,4,1,4,5,2,13,1,49,3,10,3,4,7,14,1,8,1,3,,44,,1,22,121.5676122,25.0409885
113,12,29,18,0,2,07信義區,信義區忠孝東路5段68號,0,0,3,4,H02,8,5,5,50,14,9,1,5,4,5,13,4,4,1,4,5,2,13,2,24,2,8,6,5,7,20,8,20,10,16,,67,,1,22,121.5676122,25.0409885
113,12,29,18,10,2,01大同區,大同區延平北路3段與民權西路口,0,0,1,1,B03,7,5,5,50,14,11,1,5,4,5,13,4,4,1,4,5,2,13,1,38,3,10,7,1,7,9,1,8,1,3,,14,,1,21,121.5109011,25.0630595
113,12,29,18,10,2,01大同區,大同區延平北路3段與民權西路口,0,0,1,2,C03,7,5,5,50,14,11,1,5,4,5,13,4,4,1,4,5,2,13,1,40,2,8,6,1,7,9,1,10,1,12,,108,,1,21,121.5109011,25.0630595
113,12,29,18,10,2,01大同區,大同區延平北路3段與民權西路口,0,0,1,3,C03,7,5,5,50,14,11,1,5,4,5,13,4,4,1,4,5,2,13,1,24,3,10,6,1,7,9,1,10,1,14,,44,,1,21,121.5109011,25.0630595
113,12,29,18,13,2,01大同區,大同區重慶北路3段216號,0,0,1,1,C03,8,5,5,50,14,9,1,5,4,5,13,4,4,1,4,5,2,13,1,27,3,10,6,1,7,9,1,10,1,11,,44,,1,21,121.5136517,25.0701448
113,12,29,18,13,2,01大同區,大同區重慶北路3段216號,0,0,1,2,C03,8,5,5,50,14,9,1,5,4,5,13,4,4,1,4,5,2,13,1,68,2,8,6,1,7,12,1,10,1,13,,42,,1,21,121.5136517,25.0701448
113,12,29,18,14,2,05中正區,中正區臨沂街與臨沂街19巷口,0,0,2,1,C03,7,5,5,30,4,1,1,5,4,5,13,4,4,10,5,5,1,15,1,49,2,9,6,1,7,9,1,10,2,14,,72,,1,22,121.5304944,25.041985
113,12,29,18,14,2,05中正區,中正區臨沂街與臨沂街19巷口,0,0,2,2,C03,7,5,5,30,4,1,1,5,4,5,13,4,4,10,5,5,1,15,1,34,2,9,6,1,7,9,1,10,2,11,,44,,1,21,121.5304944,25.041985
113,12,29,18,30,2,05中正區,中正區羅斯福路3段與羅斯福路3段244巷口,0,0,2,1,C03,7,5,5,50,3,1,1,5,4,5,13,1,1,1,4,5,2,16,1,26,2,9,5,1,7,6,1,10,1,12,,82,,1,21,121.5314318,25.0174215
113,12,29,18,30,2,05中正區,中正區羅斯福路3段與羅斯福路3段244巷口,0,0,2,2,C03,7,5,5,50,3,1,1,5,4,5,13,1,1,1,4,5,2,16,1,18,2,9,5,1,7,9,1,10,1,14,,81,,1,21,121.5314318,25.0174215
113,12,29,18,40,2,12內湖區,內湖區內湖路1段617號,0,0,1,1,A02,7,5,5,50,14,8,1,5,4,5,13,4,4,1,4,4,1,9,1,51,3,10,7,1,7,9,1,2,9,17,,44,,1,21,121.5737231,25.08064986
113,12,29,18,40,2,12內湖區,內湖區內湖路1段617號,0,0,1,2,H02,7,5,5,50,14,8,1,5,4,5,13,4,4,1,4,4,1,9,2,66,2,6,4,5,7,20,8,20,10,16,,67,,1,21,121.5737231,25.08064986
113,12,29,19,4,2,07信義區,信義區永吉路30巷119號,0,0,1,1,B01,7,5,5,30,14,9,1,5,4,5,13,4,4,8,3,5,2,17,1,39,3,10,3,4,7,9,1,8,1,1,,16,,1,21,121.5687624,25.0430418
113,12,29,19,4,2,07信義區,信義區永吉路30巷119號,0,0,1,2,C03,7,5,5,30,14,9,1,5,4,5,13,4,4,8,3,5,2,17,1,24,2,8,3,4,7,15,1,10,1,13,,44,,1,21,121.5687624,25.0430418
113,12,29,19,4,2,07信義區,信義區永吉路30巷119號,0,0,1,3,B03,7,5,5,30,14,9,1,5,4,5,13,4,4,8,3,5,2,17,2,40,3,10,3,4,7,15,1,8,11,15,,44,,1,21,121.5687624,25.0430418
113,12,29,19,10,2,05中正區,中正區汀州路2段與重慶南路3段口,0,0,1,1,B03,7,5,5,50,4,1,1,5,4,5,13,1,1,5,5,5,2,17,2,36,3,10,7,1,7,5,1,8,1,2,,71,,1,22,121.5164859,25.0256228
113,12,29,19,10,2,05中正區,中正區汀州路2段與重慶南路3段口,0,0,1,2,C03,7,5,5,50,4,1,1,5,4,5,13,1,1,5,5,5,2,17,1,21,2,9,5,1,7,9,1,10,1,12,,44,,1,22,121.5164859,25.0256228
113,12,29,19,22,2,05中正區,中正區忠孝東路2段與金山南路1段口,0,0,2,1,C03,8,5,5,50,4,1,1,5,4,5,13,1,1,10,5,5,2,17,1,40,2,7,5,1,7,5,1,10,2,14,,8,,1,26,121.5297801,25.0431555
113,12,29,19,22,2,05中正區,中正區忠孝東路2段與金山南路1段口,0,0,2,2,B03,8,5,5,50,4,1,1,5,4,5,13,1,1,10,5,5,2,17,1,26,3,10,7,1,7,5,1,8,2,5,,44,,1,26,121.5297801,25.0431555
113,12,29,19,22,2,05中正區,中正區忠孝東路2段與金山南路1段口,0,0,2,3,H02,8,5,5,50,4,1,1,5,4,5,13,1,1,10,5,5,2,17,2,40,2,8,5,5,7,20,8,20,10,16,,67,,1,26,121.5297801,25.0431555
113,12,29,19,36,2,10文山區,文山區木新路3段與木新路3段74巷口,0,0,2,1,C04,8,5,5,30,3,1,1,5,4,5,13,4,4,10,5,5,2,16,2,70,2,9,5,1,7,5,1,10,1,11,,72,,1,21,121.5635613,24.9823962
113,12,29,19,36,2,10文山區,文山區木新路3段與木新路3段74巷口,0,0,2,2,C03,8,5,5,30,3,1,1,5,4,5,13,4,4,10,5,5,2,16,1,53,2,9,5,1,7,9,1,10,1,11,,14,,1,21,121.5635613,24.9823962
113,12,29,19,43,2,07信義區,信義區松仁路28號,0,0,1,1,C03,7,5,5,50,14,9,1,5,4,5,13,4,4,1,3,5,2,13,1,21,3,10,6,1,7,9,1,10,1,11,,16,,1,21,121.5683411,25.0396462
113,12,29,19,43,2,07信義區,信義區松仁路28號,0,0,1,2,B03,7,5,5,50,14,9,1,5,4,5,13,4,4,1,3,5,2,13,1,46,3,10,7,1,7,9,1,8,1,6,,44,,1,21,121.5683411,25.0396462
113,12,29,19,43,2,07信義區,信義區松仁路28號,0,0,1,3,H02,7,5,5,50,14,9,1,5,4,5,13,4,4,1,3,5,2,13,2,22,2,8,6,5,7,20,8,20,10,16,,67,,1,21,121.5683411,25.0396462
113,12,29,20,5,2,03中山區,中山區合江街77號,0,0,1,1,B01,7,5,5,50,14,9,1,5,4,5,13,4,4,9,5,5,2,3,1,51,3,10,7,1,7,9,1,4,1,2,,44,,1,21,121.5392295,25.05887907
113,12,29,20,5,2,03中山區,中山區合江街77號,0,0,1,2,H01,7,5,5,50,14,9,1,5,4,5,13,4,4,9,5,5,2,3,1,63,2,9,4,5,8,16,8,20,10,16,,53,,1,21,121.5392295,25.05887907
113,12,29,21,30,2,01大同區,大同區民權西路與蘭州街口,0,0,3,1,C03,8,5,5,50,4,1,1,5,4,5,13,2,1,8,3,5,2,16,2,58,3,10,6,1,7,5,1,10,1,14,,8,,1,21,121.5147656,25.0629634
113,12,29,21,30,2,01大同區,大同區民權西路與蘭州街口,0,0,3,2,C03,8,5,5,50,4,1,1,5,4,5,13,2,1,8,3,5,2,16,1,18,2,9,6,1,7,9,1,10,1,11,,13,,1,21,121.5147656,25.0629634
113,12,29,21,30,2,01大同區,大同區民權西路與蘭州街口,0,0,3,3,H02,8,5,5,50,4,1,1,5,4,5,13,2,1,8,3,5,2,16,2,26,2,8,6,5,7,20,8,20,10,16,,67,,1,21,121.5147656,25.0629634
113,12,29,21,30,2,01大同區,大同區民權西路與蘭州街口,0,0,3,4,H02,8,5,5,50,4,1,1,5,4,5,13,2,1,8,3,5,2,16,2,19,2,9,6,5,7,20,8,20,10,16,,67,,1,21,121.5147656,25.0629634
113,12,29,22,30,2,01大同區,大同區台北橋機慢車道往三重分岔口,0,0,4,1,C03,8,5,6,50,8,11,1,5,4,5,13,4,4,8,3,5,2,13,1,27,2,8,6,1,7,9,1,10,1,11,,16,,1,21,121.5222171,25.05798097
113,12,29,22,30,2,01大同區,大同區台北橋機慢車道往三重分岔口,0,0,4,2,C03,8,5,6,50,8,11,1,5,4,5,13,4,4,8,3,5,2,13,1,49,2,8,6,1,7,9,1,10,1,13,,102,,1,21,121.5222171,25.05798097
113,12,29,22,30,2,01大同區,大同區台北橋機慢車道往三重分岔口,0,0,4,3,C03,8,5,6,50,8,11,1,5,4,5,13,4,4,8,3,5,2,13,1,40,2,9,6,1,7,9,1,10,1,11,,16,,1,21,121.5222171,25.05798097
113,12,29,22,30,2,01大同區,大同區台北橋機慢車道往三重分岔口,0,0,4,4,C03,8,5,6,50,8,11,1,5,4,5,13,4,4,8,3,5,2,13,1,32,3,10,6,1,7,7,1,10,1,11,,100,,1,21,121.5222171,25.05798097
113,12,29,22,30,2,01大同區,大同區台北橋機慢車道往三重分岔口,0,0,4,5,C03,8,5,6,50,8,11,1,5,4,5,13,4,4,8,3,5,2,13,1,25,3,10,6,1,7,9,1,10,1,11,,44,,1,21,121.5222171,25.05798097
113,12,29,22,30,2,01大同區,大同區台北橋機慢車道往三重分岔口,0,0,4,6,H02,8,5,6,50,8,11,1,5,4,5,13,4,4,8,3,5,2,13,2,22,2,8,6,5,7,20,8,20,10,16,,67,,1,21,121.5222171,25.05798097
113,12,29,22,58,2,07信義區,信義區環東大道下基隆路匝道,0,0,1,1,B03,8,5,5,40,10,16,1,5,4,5,13,2,1,10,4,5,2,13,2,43,3,10,3,4,7,9,1,8,2,1,,16,,1,22,121.5674437,25.0460901
113,12,29,22,58,2,07信義區,信義區環東大道下基隆路匝道,0,0,1,2,B03,8,5,5,40,10,16,1,5,4,5,13,2,1,10,4,5,2,13,2,56,2,1,3,4,7,12,1,8,2,3,,16,,1,22,121.5674437,25.0460901
113,12,29,23,34,2,04大安區,大安區辛亥路3段與辛亥路3段284巷口,0,0,1,1,C03,8,5,5,50,14,9,1,5,4,5,13,3,1,10,5,5,2,29,1,27,2,9,3,4,7,9,1,10,1,15,,44,,1,21,121.5513802,25.0152265
113,12,29,23,34,2,04大安區,大安區辛亥路3段與辛亥路3段284巷口,0,0,1,2,,8,5,5,50,14,9,1,5,4,5,13,3,1,10,5,5,2,29,3,42,,,,,,,,,,,,66,,1,,121.5513802,25.0152265
113,12,30,0,21,2,09北投區,北投區承德路6段與福國路口,0,0,1,1,B03,7,5,5,60,4,2,1,5,4,5,13,1,1,1,4,5,2,13,1,25,3,10,7,1,7,15,1,8,2,1,,108,,1,21,121.5121351,25.1019153
113,12,30,0,21,2,09北投區,北投區承德路6段與福國路口,0,0,1,2,C03,7,5,5,60,4,2,1,5,4,5,13,1,1,1,4,5,2,13,2,27,2,9,5,1,7,14,1,10,2,13,,44,,1,21,121.5121351,25.1019153
113,12,30,0,39,2,04大安區,大安區延吉街與延吉街70巷口口,0,0,2,1,B01,8,5,5,50,4,1,1,5,4,5,13,2,1,5,4,5,2,16,1,41,2,2,7,1,7,5,1,8,1,4,,8,,1,21,121.5541885,25.042633
113,12,30,0,39,2,04大安區,大安區延吉街與延吉街70巷口口,0,0,2,2,F02,8,5,5,50,4,1,1,5,4,5,13,2,1,5,4,5,2,16,1,24,2,9,4,1,7,9,8,20,1,11,,44,,1,21,121.5541885,25.042633
113,12,30,1,4,2,07信義區,信義區松智路9號,0,0,1,1,F01,8,5,5,0,14,20,4,5,4,5,13,4,4,10,5,5,2,17,1,21,2,8,4,4,7,9,8,20,1,12,,118,,1,25,121.5653142,25.0353541
113,12,30,1,4,2,07信義區,信義區松智路9號,0,0,1,2,B03,8,5,5,0,14,20,4,5,4,5,13,4,4,10,5,5,2,17,1,27,3,10,3,4,7,13,1,8,9,5,,44,,1,21,121.5653142,25.0353541
113,12,30,6,50,2,12內湖區,內湖區環東大道(東往西）,0,0,1,1,B03,7,5,5,80,14,9,1,5,4,5,13,4,4,1,4,5,1,12,1,60,3,10,7,1,7,9,1,8,2,2,,13,,1,21,121.5183568,25.04847309
113,12,30,6,50,2,12內湖區,內湖區環東大道(東往西）,0,0,1,2,C02,7,5,5,80,14,9,1,5,4,5,13,4,4,1,4,5,1,12,1,46,2,9,6,1,7,7,1,9,2,14,,100,,1,21,121.5183568,25.04847309
113,12,30,7,30,2,04大安區,大安區辛亥路3段往西辛亥隧道出口,0,0,1,1,C03,8,5,5,50,14,9,1,5,4,5,13,4,4,1,2,5,2,13,2,39,2,8,5,1,7,9,1,10,2,11,,16,,1,22,121.5544433,25.0129783
113,12,30,7,30,2,04大安區,大安區辛亥路3段往西辛亥隧道出口,0,0,1,2,B03,8,5,5,50,14,9,1,5,4,5,13,4,4,1,2,5,2,13,1,60,3,10,7,1,7,9,1,8,2,3,,44,,1,22,121.5544433,25.0129783
113,12,30,7,50,2,05中正區,中正區林森南路地下道,0,0,2,1,B03,8,5,5,50,7,9,1,5,4,5,13,4,4,6,4,5,2,13,2,40,4,11,3,4,7,15,7,19,11,15,,114,,2,22,121.5202496,25.0356083
113,12,30,7,50,2,05中正區,中正區林森南路地下道,0,0,2,2,C03,8,5,5,50,7,9,1,5,4,5,13,4,4,6,4,5,2,13,1,23,2,9,6,1,7,9,1,10,1,11,,16,,1,21,121.5202496,25.0356083
113,12,30,7,50,2,05中正區,中正區林森南路地下道,0,0,2,3,H02,8,5,5,50,7,9,1,5,4,5,13,4,4,6,4,5,2,13,2,22,2,9,6,5,7,21,8,20,10,16,,67,,1,21,121.5202496,25.0356083
113,12,30,7,50,2,09北投區,北投區實踐街45號,0,0,1,1,E02,7,7,5,50,14,9,1,5,4,5,13,4,4,9,4,5,2,9,1,29,3,10,3,4,7,9,1,6,2,5,,107,,1,21,121.5091963,25.1152402
113,12,30,7,50,2,09北投區,北投區實踐街45號,0,0,1,2,H01,7,7,5,50,14,9,1,5,4,5,13,4,4,9,4,5,2,9,1,8,2,1,4,5,8,16,8,20,10,16,,67,,1,14,121.5091963,25.1152402
113,12,30,8,2,2,07信義區,信義區忠孝東路5段236巷15號附近側附近人行道,0,0,2,1,F02,7,7,8,0,22,20,4,5,4,5,13,4,4,10,5,5,2,16,1,47,2,9,2,4,7,9,8,20,1,11,,44,,1,22,121.5719925,25.0395167
113,12,30,8,2,2,07信義區,信義區忠孝東路5段236巷15號附近側附近人行道,0,0,2,2,F01,7,7,8,0,22,20,4,5,4,5,13,4,4,10,5,5,2,16,1,15,2,9,2,4,7,5,8,20,1,14,,8,,1,22,121.5719925,25.0395167