發生年度,發生月,發生日,發生時-Hours,發生分,處理別-編號,區序,肇事地點,死亡人數,2-30日死亡人數,受傷人數,當事人序號,車種,天候,道路照明設備,道路類別,速限-速度限制,道路型態,事故位置,路面狀況1,路面狀況2,路面狀況3,道路障礙1,道路障礙2,號誌1,號誌2,車道劃分-分向,車道劃分-分道1,車道劃分-分道2,車道劃分-分道3,事故類型及型態,性別,年齡,受傷程度,主要傷處,保護裝置,行動電話,車輛用途,當事者行動狀態,駕駛資格情形,駕駛執照種類,飲酒情形,車輛撞擊部位1,車輛撞擊部位2,肇因碼-個別,肇因碼-主要,個人肇逃否,職業,座標-X,座標-Y
113,12,30,8,19,2,12內湖區,內湖區民權東路6段56巷與民權東路6段90巷16弄口口,0,0,1,1,C03,8,5,5,50,3,2,1,5,4,5,13,4,4,5,5,4,2,16,2,33,3,10,6,1,7,9,1,10,2,12,,99,,1,21,121.5850989,25.0678749
113,12,30,8,19,2,12內湖區,內湖區民權東路6段56巷與民權東路6段90巷16弄口口,0,0,1,2,C03,8,5,5,50,3,2,1,5,4,5,13,4,4,5,5,4,2,16,1,30,2,9,6,1,7,14,1,10,2,14,,42,,1,21,121.5850989,25.0678749
113,12,30,8,20,2,05中正區,中正區福州街2號,0,0,1,1,C03,7,6,5,50,14,9,1,5,4,5,13,1,1,8,5,5,1,12,1,52,3,10,5,1,7,4,1,10,1,13,,4,,1,21,121.5199052,25.0295967
113,12,30,8,20,2,05中正區,中正區福州街2號,0,0,1,2,C03,7,6,5,50,14,9,1,5,4,5,13,1,1,8,5,5,1,12,2,33,2,9,5,1,7,9,1,10,1,11,,4,,1,21,121.5199052,25.0295967
113,12,30,8,32,2,10文山區,文山區木新路3段69號,0,0,3,1,C03,8,6,5,50,14,9,2,5,4,5,13,4,4,5,4,5,2,17,1,75,2,8,5,4,7,1,1,10,1,14,,19,,1,21,121.5635208,24.9823182
113,12,30,8,32,2,10文山區,文山區木新路3段69號,0,0,3,2,C03,8,6,5,50,14,9,2,5,4,5,13,4,4,5,4,5,2,17,1,24,2,8,5,4,7,9,1,10,1,11,,44,,1,21,121.5635208,24.9823182
113,12,30,8,32,2,10文山區,文山區木新路3段69號,0,0,3,3,H02,8,6,5,50,14,9,2,5,4,5,13,4,4,5,4,5,2,17,2,6,2,7,5,5,7,17,8,20,10,16,,67,,1,21,121.5635208,24.9823182
113,12,30,8,50,2,07信義區,信義區忠孝東路4段與忠孝東路4段553巷口,0,0,1,1,C03,7,7,5,50,4,1,1,5,4,5,13,1,1,1,4,5,2,12,2,33,2,8,3,4,7,15,1,10,1,13,,44,,1,21,121.5627444,25.0411192
113,12,30,8,50,2,07信義區,信義區忠孝東路4段與忠孝東路4段553巷口,0,0,1,2,A02,7,7,5,50,4,1,1,5,4,5,13,1,1,1,4,5,2,12,1,30,3,10,3,4,7,9,1,2,1,1,,44,,1,21,121.5627444,25.0411192
113,12,30,9,0,2,05中正區,中正區博愛路與長沙街1段口,0,0,1,2,H01,7,6,5,50,3,2,1,5,4,5,13,4,4,10,5,5,2,1,1,31,2,9,4,5,8,16,8,20,10,16,,67,,1,22,121.5113368,25.0401581
113,12,30,9,0,2,05中正區,中正區博愛路與長沙街1段口,0,0,1,1,B03,7,6,5,50,3,2,1,5,4,5,13,4,4,10,5,5,2,1,2,28,3,10,2,1,7,5,1,8,2,1,,44,,1,22,121.5113368,25.0401581
113,12,30,9,0,2,08士林區,士林區承德路4段與後港街口,0,0,1,1,C03,8,5,5,30,5,2,1,5,4,5,13,1,1,10,4,5,1,17,1,32,2,9,6,1,7,6,1,10,1,12,,9,,1,21,121.5230888,25.08231761
113,12,30,9,0,2,08士林區,士林區承德路4段與後港街口,0,0,1,2,C03,8,5,5,30,5,2,1,5,4,5,13,1,1,10,4,5,1,17,1,46,3,10,6,1,7,9,1,10,1,11,,44,,1,21,121.5230888,25.08231761
113,12,30,9,6,2,09北投區,北投區裕民二路49巷與裕民六路101巷口,0,0,1,1,B02,8,5,5,50,3,1,1,5,4,3,10,4,4,9,4,4,2,17,1,36,3,10,7,1,7,7,1,8,1,7,,19,,1,21,121.5170829,25.1146794
113,12,30,9,6,2,09北投區,北投區裕民二路49巷與裕民六路101巷口,0,0,1,2,C03,8,5,5,50,3,1,1,5,4,3,10,4,4,9,4,4,2,17,1,23,2,9,6,1,7,9,1,10,1,17,,116,,1,21,121.5170829,25.1146794
113,12,30,9,6,2,09北投區,北投區裕民二路49巷與裕民六路101巷口,0,0,1,3,E05,8,5,5,50,3,1,1,5,4,3,10,4,4,9,4,4,2,17,1,37,3,10,3,1,7,13,1,10,1,17,,38,,1,27,121.5170829,25.1146794
113,12,30,9,16,2,02萬華區,萬華區艋舺大道74號,0,0,1,1,C03,7,7,5,50,22,5,1,5,4,5,13,4,4,9,5,5,2,17,1,61,3,10,5,1,7,15,1,10,1,17,,101,,1,21,121.5036493,25.0334554
113,12,30,9,16,2,02萬華區,萬華區艋舺大道74號,0,0,1,2,C03,7,7,5,50,22,5,1,5,4,5,13,4,4,9,5,5,2,17,2,42,2,9,5,1,7,9,1,10,1,11,,44,,1,21,121.5036493,25.0334554
113,12,30,9,16,2,02萬華區,萬華區艋舺大道74號,0,0,1,3,,7,7,5,50,22,5,1,5,4,5,13,4,4,9,5,5,2,17,3,0,,,,,,,,,,,,67,,1,,121.5036493,25.0334554
113,12,30,9,20,2,01大同區,大同區承德路3段與民權西路口,0,0,2,1,C03,7,6,5,50,4,1,1,5,4,5,13,2,1,1,4,5,2,16,1,56,2,9,3,4,7,15,1,10,1,12,,100,,1,21,121.5184807,25.0630038
113,12,30,9,20,2,01大同區,大同區承德路3段與民權西路口,0,0,2,2,C03,7,6,5,50,4,1,1,5,4,5,13,2,1,1,4,5,2,16,1,38,2,9,3,4,7,9,1,10,1,11,,13,,1,21,121.5184807,25.0630038
113,12,30,9,27,2,04大安區,大安區信義路2段26號,0,0,1,1,C03,8,6,5,50,14,9,1,5,4,5,13,4,4,7,3,5,2,12,2,33,2,9,5,1,7,7,1,10,1,11,,100,,1,22,121.5252777,25.0349197
113,12,30,9,27,2,04大安區,大安區信義路2段26號,0,0,1,2,B02,8,6,5,50,14,9,1,5,4,5,13,4,4,7,3,5,2,12,2,32,3,10,7,1,7,9,1,14,1,7,,44,,1,22,121.5252777,25.0349197
113,12,30,9,34,2,07信義區,信義區忠孝東路5段與忠孝東路5段215巷口,0,0,2,1,C03,8,6,5,50,3,1,1,5,4,5,13,2,1,1,4,5,1,12,2,20,2,9,3,4,7,8,1,10,1,12,,80,,1,22,121.5700546,25.0409301
113,12,30,9,34,2,07信義區,信義區忠孝東路5段與忠孝東路5段215巷口,0,0,2,2,C04,8,6,5,50,3,1,1,5,4,5,13,2,1,1,4,5,1,12,2,54,2,7,3,4,7,9,1,10,1,11,,44,,1,22,121.5700546,25.0409301
113,12,30,9,35,2,05中正區,中正區懷寧街與貴陽街1段口,0,0,1,1,C03,8,7,5,50,3,2,1,5,4,5,13,4,4,4,1,5,2,17,2,33,2,9,6,1,7,5,1,10,1,14,,99,,1,21,121.5137002,25.038745
113,12,30,9,35,2,05中正區,中正區懷寧街與貴陽街1段口,0,0,1,2,C03,8,7,5,50,3,2,1,5,4,5,13,4,4,4,1,5,2,17,1,35,3,10,6,1,7,9,1,10,1,11,,44,,1,21,121.5137002,25.038745
113,12,30,10,0,2,01大同區,大同區重慶北路2段與南京西路口,0,0,2,1,C03,7,6,5,50,4,1,1,5,4,5,13,2,1,1,4,5,2,16,1,71,2,9,3,4,7,6,1,10,1,12,,9,,1,21,121.5143208,25.05409126
113,12,30,10,0,2,01大同區,大同區重慶北路2段與南京西路口,0,0,2,2,C03,7,6,5,50,4,1,1,5,4,5,13,2,1,1,4,5,2,16,2,27,2,9,3,4,7,9,1,10,1,11,,44,,1,21,121.5143208,25.05409126
113,12,30,10,36,2,01大同區,大同區寧夏路與民生西路口,0,0,1,1,C03,8,7,5,50,4,2,1,5,4,5,13,2,1,5,4,5,2,17,1,70,3,10,3,4,7,5,1,10,1,17,,71,,1,21,121.5155293,25.0570804
113,12,30,10,36,2,01大同區,大同區寧夏路與民生西路口,0,0,1,2,C03,8,7,5,50,4,2,1,5,4,5,13,2,1,5,4,5,2,17,1,35,2,9,3,4,7,9,1,10,1,14,,42,,1,21,121.5155293,25.0570804
113,12,30,10,53,2,03中山區,中山區林森北路與林森北路416巷口,0,0,1,1,B01,7,5,5,50,3,2,1,5,4,5,13,4,4,9,5,5,2,16,1,57,3,10,3,4,7,11,1,4,1,4,,10,,1,21,121.5255665,25.0597041
113,12,30,10,53,2,03中山區,中山區林森北路與林森北路416巷口,0,0,1,2,C03,7,5,5,50,3,2,1,5,4,5,13,4,4,9,5,5,2,16,1,25,2,8,3,4,7,9,1,10,1,12,,44,,1,21,121.5255665,25.0597041
113,12,30,11,2,2,12內湖區,內湖區新明路298巷19號,0,0,1,1,B03,8,6,5,50,14,9,1,5,4,5,13,4,4,5,4,5,2,17,1,39,3,10,7,1,7,8,1,8,2,5,,100,,1,21,121.582459,25.0567852
113,12,30,11,2,2,12內湖區,內湖區新明路298巷19號,0,0,1,2,C03,8,6,5,50,14,9,1,5,4,5,13,4,4,5,4,5,2,17,1,24,2,9,6,1,7,9,1,10,2,11,,44,,1,21,121.582459,25.0567852
113,12,30,11,40,2,04大安區,大安區新生南路1段與青田街口,0,0,0,1,B01,8,6,5,50,14,9,1,5,4,5,13,2,1,10,5,5,2,17,3,0,,,,,,,,,11,,,,,,,121.5344023,25.0282813
113,12,30,11,40,2,04大安區,大安區新生南路1段與青田街口,0,0,0,2,A02,8,6,5,50,14,9,1,5,4,5,13,2,1,10,5,5,2,17,1,59,3,10,7,1,7,9,1,2,1,17,,44,,1,21,121.5344023,25.0282813
113,12,30,11,40,2,04大安區,大安區新生南路1段與青田街口,0,0,0,3,H02,8,6,5,50,14,9,1,5,4,5,13,2,1,10,5,5,2,17,3,0,,,,,,,,,10,,,,,,,121.5344023,25.0282813
113,12,30,11,47,2,08士林區,士林區美崙街新光醫院急診出入口,0,0,2,1,C03,8,5,5,50,14,9,1,5,4,5,13,4,4,10,5,5,1,17,1,20,2,9,6,1,7,9,3,18,1,15,,116,,1,21,121.5192039,25.0956976
113,12,30,11,47,2,08士林區,士林區美崙街新光醫院急診出入口,0,0,2,2,C03,8,5,5,50,14,9,1,5,4,5,13,4,4,10,5,5,1,17,2,71,2,9,6,1,7,9,1,10,1,15,,44,,1,21,121.5192039,25.0956976
113,12,30,12,11,2,02萬華區,萬華區中華路2段與西藏路口,0,0,1,1,B01,7,6,5,30,4,1,1,5,4,5,13,1,1,1,5,5,2,12,1,55,3,10,7,1,7,15,1,4,1,2,,44,,1,21,121.5041611,25.0298551
113,12,30,12,11,2,02萬華區,萬華區中華路2段與西藏路口,0,0,1,2,C03,7,6,5,30,4,1,1,5,4,5,13,1,1,1,5,5,2,12,1,43,2,8,5,1,7,15,1,10,1,14,,100,,1,21,121.5041611,25.0298551
113,12,30,12,23,2,04大安區,大安區辛亥路2段31號,0,0,1,1,B03,7,6,5,50,14,9,1,5,4,5,13,4,4,1,4,5,2,12,1,27,3,10,3,4,7,8,1,8,1,2,,17,,1,21,121.5356147,25.0226777
113,12,30,12,23,2,04大安區,大安區辛亥路2段31號,0,0,1,2,C03,7,6,5,50,14,9,1,5,4,5,13,4,4,1,4,5,2,12,1,61,2,9,5,4,7,9,1,10,1,14,,44,,1,21,121.5356147,25.0226777
113,12,30,12,23,2,08士林區,士林區至善路2段11號,0,0,2,1,B03,8,7,5,50,14,5,1,5,4,5,13,2,1,1,4,1,1,23,1,52,3,10,7,1,7,9,1,8,2,1,,108,,1,21,121.5439414,25.0971106
113,12,30,12,23,2,08士林區,士林區至善路2段11號,0,0,2,3,H02,8,7,5,50,14,5,1,5,4,5,13,2,1,1,4,1,1,23,2,87,2,9,2,5,7,20,8,20,10,17,,67,,1,21,121.5439414,25.0971106
113,12,30,12,23,2,08士林區,士林區至善路2段11號,0,0,2,4,H02,8,7,5,50,14,5,1,5,4,5,13,2,1,1,4,1,1,23,2,47,2,9,2,5,7,20,8,20,10,17,,67,,1,21,121.5439414,25.0971106
113,12,30,12,23,2,08士林區,士林區至善路2段11號,0,0,2,2,,8,7,5,50,14,5,1,5,4,5,13,2,1,1,4,1,1,23,3,0,,,,,,,,,,,,67,,1,,121.5439414,25.0971106
113,12,30,12,25,2,09北投區,北投區北投路2段9號,0,0,2,1,B03,7,7,6,50,14,8,1,5,4,5,13,4,4,9,4,4,2,16,1,26,3,10,3,4,7,8,1,8,2,5,,80,,1,21,121.4992819,25.1305719
113,12,30,12,25,2,09北投區,北投區北投路2段9號,0,0,2,2,C03,7,7,6,50,14,8,1,5,4,5,13,4,4,9,4,4,2,16,1,54,2,9,3,4,7,9,1,10,2,14,,44,,1,21,121.4992819,25.1305719
113,12,30,12,25,2,09北投區,北投區北投路2段9號,0,0,2,3,H02,7,7,6,50,14,8,1,5,4,5,13,4,4,9,4,4,2,16,2,52,2,9,3,5,7,20,8,20,10,16,,67,,1,21,121.4992819,25.1305719
113,12,30,12,37,2,09北投區,北投區西安街1段347號北往南,0,0,1,1,C03,8,5,8,50,14,9,1,5,4,5,13,4,4,9,4,5,1,12,2,41,2,8,6,1,7,9,1,10,1,11,,16,,1,21,121.5157492,25.1138002
113,12,30,12,37,2,09北投區,北投區西安街1段347號北往南,0,0,1,2,B03,8,5,8,50,14,9,1,5,4,5,13,4,4,9,4,5,1,12,1,52,3,10,7,1,7,9,1,8,1,6,,44,,1,21,121.5157492,25.1138002
113,12,30,12,59,2,07信義區,信義區松仁路與莊敬路423巷8弄口,0,0,2,1,C03,7,5,5,30,4,1,1,5,4,5,13,1,1,5,5,5,1,17,1,75,2,9,6,1,7,5,1,10,1,11,,71,,1,21,121.568351,25.0285331
113,12,30,12,59,2,07信義區,信義區松仁路與莊敬路423巷8弄口,0,0,2,2,C03,7,5,5,30,4,1,1,5,4,5,13,1,1,5,5,5,1,17,1,68,2,9,6,1,7,9,1,10,1,14,,44,,1,21,121.568351,25.0285331
113,12,30,13,37,2,04大安區,大安區仁愛路4段與安和路1段口,0,0,1,1,B01,7,5,5,50,4,1,1,5,4,5,13,2,1,1,3,5,2,17,1,55,3,10,7,1,7,6,1,4,1,5,,9,,1,21,121.5511877,25.0376245
113,12,30,13,37,2,04大安區,大安區仁愛路4段與安和路1段口,0,0,1,2,C03,7,5,5,50,4,1,1,5,4,5,13,2,1,1,3,5,2,17,2,42,2,8,6,1,7,9,1,10,1,14,,44,,1,21,121.5511877,25.0376245
113,12,30,14,4,2,04大安區,大安區新生南路1段與忠孝東路3段口口,0,0,1,1,B01,8,6,5,50,4,1,1,5,4,5,13,2,1,3,1,4,2,17,1,60,3,10,7,1,7,6,1,14,1,7,,5,,1,21,121.5329974,25.0421449
113,12,30,14,4,2,04大安區,大安區新生南路1段與忠孝東路3段口口,0,0,1,2,C03,8,6,5,50,4,1,1,5,4,5,13,2,1,3,1,4,2,17,1,62,2,9,5,1,7,9,1,10,1,14,,44,,1,22,121.5329974,25.0421449
113,12,30,14,30,2,12內湖區,內湖區堤頂大道1段365號,0,0,1,1,B03,7,6,5,50,14,9,1,5,4,5,13,4,4,1,5,5,2,16,1,35,3,10,7,1,7,8,1,8,2,5,,100,,1,21,121.5720886,25.0756941
113,12,30,14,30,2,12內湖區,內湖區堤頂大道1段365號,0,0,1,2,C03,7,6,5,50,14,9,1,5,4,5,13,4,4,1,5,5,2,16,2,48,2,9,6,1,7,9,1,10,2,14,,44,,1,21,121.5720886,25.0756941
113,12,30,14,30,2,12內湖區,內湖區堤頂大道1段365號,0,0,1,3,,7,6,5,50,14,9,1,5,4,5,13,4,4,1,5,5,2,16,3,0,,,,,,,,,,,,67,,1,,121.5720886,25.0756941
113,12,30,14,54,2,02萬華區,萬華區艋舺大道87號,0,0,1,1,C03,8,6,5,30,14,9,1,5,4,5,13,4,4,9,4,5,1,11,1,40,2,7,5,1,7,12,1,10,1,11,,116,,1,21,121.5028304,25.0337064
113,12,30,14,54,2,02萬華區,萬華區艋舺大道87號,0,0,1,2,B03,8,6,5,30,14,9,1,5,4,5,13,4,4,9,4,5,1,11,1,24,3,10,7,1,7,12,1,8,1,8,,44,,1,21,121.5028304,25.0337064
113,12,30,14,54,2,02萬華區,萬華區艋舺大道87號,0,0,1,3,C03,8,6,5,30,14,9,1,5,4,5,13,4,4,9,4,5,1,11,1,30,3,10,5,1,7,1,1,10,1,17,,44,,1,21,121.5028304,25.0337064
113,12,30,15,1,2,04大安區,大安區仁愛路4段341號,0,0,1,1,C03,8,6,5,50,14,9,1,5,4,5,13,4,4,1,4,5,2,17,1,46,2,9,5,1,7,12,1,10,1,11,,108,,1,21,121.5536942,25.0379769
113,12,30,15,1,2,04大安區,大安區仁愛路4段341號,0,0,1,2,C03,8,6,5,50,14,9,1,5,4,5,13,4,4,1,4,5,2,17,1,37,3,10,5,1,7,12,1,10,1,13,,44,,1,21,121.5536942,25.0379769
113,12,30,15,1,2,04大安區,大安區仁愛路4段341號,0,0,1,3,C03,8,6,5,50,14,9,1,5,4,5,13,4,4,1,4,5,2,17,3,54,,,,,,,,,,,,67,,1,,121.5536942,25.0379769
113,12,30,15,24,2,02萬華區,萬華區環河南路3段355號,0,0,1,1,C03,8,6,5,50,14,9,1,5,4,5,13,4,4,1,4,5,2,12,2,69,2,9,6,1,7,9,1,10,1,14,,17,,1,21,121.4949044,25.0171641
113,12,30,15,24,2,02萬華區,萬華區環河南路3段355號,0,0,1,2,B03,8,6,5,50,14,9,1,5,4,5,13,4,4,1,4,5,2,12,1,46,3,10,7,1,7,9,1,8,1,2,,17,,1,21,121.4949044,25.0171641
113,12,30,15,31,2,06松山區,松山區民權東路3段191巷與民族東路668巷口,0,0,2,1,C03,7,6,5,30,4,1,1,5,4,5,13,4,4,10,5,5,2,17,1,23,2,9,5,1,7,9,1,10,1,11,,72,,1,21,121.5459729,25.0643331
113,12,30,15,31,2,06松山區,松山區民權東路3段191巷與民族東路668巷口,0,0,2,2,C03,7,6,5,30,4,1,1,5,4,5,13,4,4,10,5,5,2,17,1,24,2,9,5,1,7,9,1,10,1,11,,42,,1,21,121.5459729,25.0643331
113,12,30,15,34,2,01大同區,大同區延平北路3段與民權西路口,0,0,1,1,C03,8,6,5,50,4,1,1,5,4,5,13,2,1,1,4,5,2,17,1,30,3,10,5,1,7,15,1,10,1,17,,101,,1,21,121.5111287,25.0630119
113,12,30,15,34,2,01大同區,大同區延平北路3段與民權西路口,0,0,1,2,C03,8,6,5,50,4,1,1,5,4,5,13,2,1,1,4,5,2,17,1,23,2,9,5,1,7,9,1,10,1,11,,13,,1,21,121.5111287,25.0630119
113,12,30,15,35,2,08士林區,士林區天母西路與天母西路13巷口,0,0,1,1,C03,7,7,5,50,3,1,1,5,4,5,13,2,1,9,4,5,1,17,2,34,2,8,5,1,7,7,1,10,2,12,,100,,1,21,121.5284573,25.11841532
113,12,30,15,35,2,08士林區,士林區天母西路與天母西路13巷口,0,0,1,2,B03,7,7,5,50,3,1,1,5,4,5,13,2,1,9,4,5,1,17,1,47,3,10,7,1,7,9,1,8,2,5,,44,,1,21,121.5284573,25.11841532
113,12,30,15,35,2,08士林區,士林區天母西路與天母西路13巷口,0,0,1,3,B03,7,7,5,50,3,1,1,5,4,5,13,2,1,9,4,5,1,17,2,41,3,10,7,1,7,14,1,8,2,7,,44,,1,21,121.5284573,25.11841532
113,12,30,16,9,2,07信義區,信義區吳興街50巷與基隆路2段39巷口,0,0,2,1,C03,7,6,5,30,4,1,1,5,4,5,13,4,4,9,5,5,2,17,2,25,2,9,3,4,7,9,1,10,1,12,,72,,1,22,121.5595552,25.0306155
113,12,30,16,9,2,07信義區,信義區吳興街50巷與基隆路2段39巷口,0,0,2,2,C03,7,6,5,30,4,1,1,5,4,5,13,4,4,9,5,5,2,17,1,60,2,9,3,4,7,9,1,10,1,11,,44,,1,22,121.5595552,25.0306155
113,12,30,16,50,2,06松山區,松山區八德路4段340號,0,0,1,1,B12,7,6,5,50,14,9,1,5,4,5,13,4,4,4,3,5,2,12,1,49,3,10,7,1,7,8,1,8,1,2,,100,,1,22,121.5682362,25.04925352
113,12,30,16,50,2,06松山區,松山區八德路4段340號,0,0,1,2,C03,7,6,5,50,14,9,1,5,4,5,13,4,4,4,3,5,2,12,1,24,2,9,6,1,7,8,1,10,1,11,,44,,1,22,121.5682362,25.04925352
113,12,30,17,1,2,02萬華區,萬華區堤外便道近貴陽疏散門,0,0,1,1,C03,7,6,5,40,14,11,1,5,4,5,13,4,4,3,4,5,2,13,1,69,3,10,6,1,7,9,1,10,1,11,,16,,1,21,121.4992551,25.0416638
113,12,30,17,1,2,02萬華區,萬華區堤外便道近貴陽疏散門,0,0,1,2,C03,7,6,5,40,14,11,1,5,4,5,13,4,4,3,4,5,2,13,2,36,2,9,6,1,7,9,1,10,1,11,,16,,1,21,121.4992551,25.0416638
113,12,30,17,1,2,02萬華區,萬華區堤外便道近貴陽疏散門,0,0,1,3,C03,7,6,5,40,14,11,1,5,4,5,13,4,4,3,4,5,2,13,1,45,3,10,6,1,7,9,1,10,1,13,,44,,1,21,121.4992551,25.0416638
113,12,30,17,3,2,08士林區,士林區文林路與文林路661巷口,0,0,2,1,C03,7,5,5,50,3,1,1,5,4,5,13,1,1,5,4,5,2,12,1,18,2,9,5,1,7,9,3,18,1,11,,16,,1,21,121.5226043,25.100682
113,12,30,17,3,2,08士林區,士林區文林路與文林路661巷口,0,0,2,2,C03,7,5,5,50,3,1,1,5,4,5,13,1,1,5,4,5,2,12,1,51,2,6,6,1,7,9,1,10,1,13,,44,,1,21,121.5226043,25.100682
113,12,30,17,3,2,08士林區,士林區文林路與文林路661巷口,0,0,2,3,B03,7,5,5,50,3,1,1,5,4,5,13,1,1,5,4,5,2,12,1,41,3,10,7,1,7,9,1,6,1,2,,44,,1,21,121.5226043,25.100682
113,12,30,17,6,2,03中山區,中山區北安路458巷41弄21號,0,0,1,2,C03,7,6,5,30,14,9,1,5,4,5,13,4,4,9,5,5,2,16,1,28,2,9,6,1,7,9,1,10,1,12,,13,,1,22,121.5458797,25.0787888
113,12,30,17,6,2,03中山區,中山區北安路458巷41弄21號,0,0,1,1,B03,7,6,5,30,14,9,1,5,4,5,13,4,4,9,5,5,2,16,1,63,3,10,7,1,7,2,1,8,1,3,,12,,1,22,121.5458797,25.0787888
113,12,30,17,34,2,08士林區,士林區德行東路97號,0,0,1,1,B03,8,5,5,50,14,9,1,5,4,5,13,4,4,10,4,5,1,17,1,61,3,10,7,1,7,9,1,8,1,2,,44,,1,21,121.5280673,25.10760223
113,12,30,17,34,2,08士林區,士林區德行東路97號,0,0,1,2,C03,8,5,5,50,14,9,1,5,4,5,13,4,4,10,4,5,1,17,2,36,2,8,6,1,7,15,1,10,1,14,,101,,1,21,121.5280673,25.10760223
113,12,30,17,45,2,03中山區,中山區濱江街195號,0,0,2,1,B02,8,5,5,50,14,9,1,5,4,5,13,4,4,1,4,5,2,17,1,32,3,10,7,1,7,6,1,15,1,5,,101,,1,21,121.5394963,25.0726001
113,12,30,17,45,2,03中山區,中山區濱江街195號,0,0,2,2,C04,8,5,5,50,14,9,1,5,4,5,13,4,4,1,4,5,2,17,2,45,2,7,6,1,7,9,1,10,1,11,,44,,1,21,121.5394963,25.0726001
113,12,30,17,45,2,03中山區,中山區濱江街195號,0,0,2,3,H02,8,5,5,50,14,9,1,5,4,5,13,4,4,1,4,5,2,17,2,6,2,8,6,5,7,17,8,20,10,16,,67,,1,21,121.5394963,25.0726001
113,12,30,17,50,2,03中山區,中山區八德路2段214號,0,0,1,1,B03,8,5,8,0,5,2,1,5,4,5,13,4,4,10,5,5,2,17,1,47,3,10,7,1,7,9,1,8,9,17,,4,,1,21,121.539781,25.04653241
113,12,30,17,50,2,03中山區,中山區八德路2段214號,0,0,1,2,C03,8,5,8,0,5,2,1,5,4,5,13,4,4,10,5,5,2,17,1,55,2,8,5,1,7,6,1,10,1,12,,44,,1,21,121.539781,25.04653241
113,12,30,17,55,2,02萬華區,萬華區艋舺大道167號,0,0,1,1,B02,8,5,5,50,14,9,1,5,4,5,13,4,4,9,4,4,2,17,1,41,3,10,7,4,7,6,1,4,1,6,,44,,1,21,121.4990386,25.03465262
113,12,30,17,55,2,02萬華區,萬華區艋舺大道167號,0,0,1,2,C03,8,5,5,50,14,9,1,5,4,5,13,4,4,9,4,4,2,17,2,19,2,8,6,4,7,9,1,10,1,14,,44,,1,21,121.4990386,25.03465262
113,12,30,18,0,2,08士林區,士林區天母北路87巷與天母北路87巷9弄口,0,0,1,1,C03,7,5,5,50,4,1,1,5,4,5,13,4,4,9,4,5,1,17,1,58,3,10,5,1,7,5,1,10,2,12,,74,,1,21,121.5277098,25.1222463
113,12,30,18,0,2,08士林區,士林區天母北路87巷與天母北路87巷9弄口,0,0,1,2,C03,7,5,5,50,4,1,1,5,4,5,13,4,4,9,4,5,1,17,2,64,2,9,5,1,7,9,1,10,2,11,,29,,1,21,121.5277098,25.1222463
113,12,30,18,11,2,05中正區,中正區和平西路2段與延平南路口,0,0,1,1,B03,7,5,5,50,4,2,1,5,4,5,13,1,1,1,5,5,2,12,1,43,3,10,7,4,7,9,1,8,1,5,,108,,1,21,121.507167,25.0322233
113,12,30,18,11,2,05中正區,中正區和平西路2段與延平南路口,0,0,1,2,C03,7,5,5,50,4,2,1,5,4,5,13,1,1,1,5,5,2,12,1,35,2,8,5,4,7,9,1,10,1,14,,44,,1,21,121.507167,25.0322233
113,12,30,18,19,2,01大同區,大同區忠孝橋機慢車道,0,0,2,1,C03,7,5,7,40,14,11,1,5,4,5,13,4,4,1,4,5,2,17,1,27,3,10,3,4,7,9,1,10,1,11,,108,,1,21,121.5055572,25.0494751
113,12,30,18,19,2,01大同區,大同區忠孝橋機慢車道,0,0,2,2,C03,7,5,7,40,14,11,1,5,4,5,13,4,4,1,4,5,2,17,1,25,3,10,3,4,7,9,1,10,1,13,,44,,1,21,121.5055572,25.0494751
113,12,30,18,19,2,01大同區,大同區忠孝橋機慢車道,0,0,2,3,C03,7,5,7,40,14,11,1,5,4,5,13,4,4,1,4,5,2,17,1,18,2,9,3,4,7,9,1,10,1,11,,108,,1,21,121.5055572,25.0494751
113,12,30,18,19,2,01大同區,大同區忠孝橋機慢車道,0,0,2,4,C03,7,5,7,40,14,11,1,5,4,5,13,4,4,1,4,5,2,17,1,23,2,9,3,4,7,9,1,10,1,17,,42,,1,21,121.5055572,25.0494751
113,12,30,19,6,2,01大同區,大同區重慶北路1段與南京西路口,0,0,2,1,F01,7,5,5,50,4,2,1,5,4,5,13,1,1,1,4,5,2,17,1,60,2,9,4,1,7,15,8,20,11,12,,99,,1,21,121.5142852,25.05400846
113,12,30,19,6,2,01大同區,大同區重慶北路1段與南京西路口,0,0,2,2,C03,7,5,5,50,4,2,1,5,4,5,13,1,1,1,4,5,2,17,2,27,2,1,5,1,7,6,1,10,11,11,,44,,1,21,121.5142852,25.05400846
113,12,30,19,19,2,02萬華區,萬華區桂林路與梧州街口,0,0,1,2,C03,7,5,5,40,4,2,1,5,4,5,13,4,4,5,5,4,2,17,1,32,2,9,6,1,7,9,1,10,1,14,,44,,1,21,121.4976893,25.0384577
113,12,30,19,19,2,02萬華區,萬華區桂林路與梧州街口,0,0,1,3,,7,5,5,40,4,2,1,5,4,5,13,4,4,5,5,4,2,17,3,0,,,,,,,,,,,,67,,1,,121.4976893,25.0384577