發生年度,發生月,發生日,發生時-Hours,發生分,處理別-編號,區序,肇事地點,死亡人數,2-30日死亡人數,受傷人數,當事人序號,車種,天候,道路照明設備,道路類別,速限-速度限制,道路型態,事故位置,路面狀況1,路面狀況2,路面狀況3,道路障礙1,道路障礙2,號誌1,號誌2,車道劃分-分向,車道劃分-分道1,車道劃分-分道2,車道劃分-分道3,事故類型及型態,性別,年齡,受傷程度,主要傷處,保護裝置,行動電話,車輛用途,當事者行動狀態,駕駛資格情形,駕駛執照種類,飲酒情形,車輛撞擊部位1,車輛撞擊部位2,肇因碼-個別,肇因碼-主要,個人肇逃否,職業,座標-X,座標-Y
113,12,30,19,19,2,02萬華區,萬華區桂林路與梧州街口,0,0,1,1,C03,7,5,5,40,4,2,1,5,4,5,13,4,4,5,5,4,2,17,1,53,3,10,6,1,7,15,1,10,1,12,,100,,1,21,121.4976893,25.0384577
113,12,30,19,30,2,05中正區,中正區林森南路地下道,0,0,2,1,C03,7,5,5,50,7,9,1,5,4,5,13,4,4,10,2,5,2,17,1,27,2,8,6,4,7,9,1,10,1,11,,16,,1,22,121.520386,25.03539972
113,12,30,19,30,2,05中正區,中正區林森南路地下道,0,0,2,2,C03,7,5,5,50,7,9,1,5,4,5,13,4,4,10,2,5,2,17,1,41,2,8,6,4,7,14,1,10,1,13,11,44,,1,22,121.520386,25.03539972
113,12,30,19,30,2,05中正區,中正區林森南路地下道,0,0,2,3,B03,7,5,5,50,7,9,1,5,4,5,13,4,4,10,2,5,2,17,1,39,3,10,7,4,7,9,1,8,1,3,,44,,1,22,121.520386,25.03539972
113,12,30,20,0,2,07信義區,信義區基隆路2段94號,0,0,1,1,C03,8,5,5,50,14,9,1,5,4,5,13,2,1,1,4,5,2,18,1,42,2,9,3,4,7,14,1,10,9,17,,108,,1,21,121.5576872,25.030079
113,12,30,20,0,2,07信義區,信義區基隆路2段94號,0,0,1,2,,8,5,5,50,14,9,1,5,4,5,13,2,1,1,4,5,2,18,3,0,,,,,,,,,,,,67,,1,,121.5576872,25.030079
113,12,30,20,20,2,07信義區,信義區吳興街與吳興街284巷口,0,0,1,1,B12,7,5,5,30,5,1,1,5,4,5,13,4,4,10,5,5,2,13,1,22,3,10,3,4,7,5,1,8,1,8,,118,,1,21,121.5642451,25.0263938
113,12,30,20,20,2,07信義區,信義區吳興街與吳興街284巷口,0,0,1,2,C03,7,5,5,30,5,1,1,5,4,5,13,4,4,10,5,5,2,13,2,43,2,9,6,4,7,14,1,10,1,13,,118,,1,21,121.5642451,25.0263938
113,12,30,20,27,2,09北投區,北投區大業路527巷與大業路527巷75弄口,0,0,1,2,C03,8,5,5,40,3,2,1,5,4,5,13,4,4,5,5,5,1,14,1,32,3,10,6,1,7,14,1,10,1,11,,44,,1,22,121.4859351,25.1351397
113,12,30,20,27,2,09北投區,北投區大業路527巷與大業路527巷75弄口,0,0,1,1,A05,8,5,5,40,3,2,1,5,4,5,13,4,4,5,5,5,1,14,1,43,3,10,7,1,7,2,1,2,1,3,,12,,1,22,121.4859351,25.1351397
113,12,30,20,27,2,09北投區,北投區大業路527巷與大業路527巷75弄口,0,0,1,3,H02,8,5,5,40,3,2,1,5,4,5,13,4,4,5,5,5,1,14,2,28,2,9,6,5,7,20,8,20,10,16,,67,,1,22,121.4859351,25.1351397
113,12,30,20,35,2,04大安區,大安區辛亥路3段往東第一行穿,0,0,2,1,C03,8,5,5,50,14,9,1,5,4,5,13,3,1,10,4,5,2,17,2,70,2,9,6,1,7,9,1,10,1,12,,44,,1,21,121.5513767,25.0151981
113,12,30,20,35,2,04大安區,大安區辛亥路3段往東第一行穿,0,0,2,2,C03,8,5,5,50,14,9,1,5,4,5,13,3,1,10,4,5,2,17,1,44,2,9,6,1,7,9,1,10,1,11,,44,,1,21,121.5513767,25.0151981
113,12,30,21,10,2,05中正區,中正區重慶南路1段與重慶南路1段126巷口,0,0,1,1,C03,7,5,5,50,3,2,1,5,4,5,13,4,4,5,4,5,2,17,1,21,2,9,6,4,7,9,1,10,2,11,,108,,1,22,121.5127854,25.03726193
113,12,30,21,10,2,05中正區,中正區重慶南路1段與重慶南路1段126巷口,0,0,1,2,B03,7,5,5,50,3,2,1,5,4,5,13,4,4,5,4,5,2,17,1,55,3,10,3,4,7,13,1,8,2,7,,44,,1,22,121.5127854,25.03726193
113,12,30,21,18,2,05中正區,中正區金門街與金門街17巷口,0,0,2,1,C03,8,5,5,30,4,1,1,5,4,5,13,4,4,10,5,5,1,15,2,34,2,9,5,1,7,9,1,10,2,12,,4,,1,21,121.5231006,25.0215329
113,12,30,21,18,2,05中正區,中正區金門街與金門街17巷口,0,0,2,2,C03,8,5,5,30,4,1,1,5,4,5,13,4,4,10,5,5,1,15,1,47,2,9,5,1,7,9,1,10,2,11,,14,,1,21,121.5231006,25.0215329
113,12,30,21,19,2,10文山區,文山區興隆路3段72號前,0,0,2,1,C03,8,5,5,50,14,9,1,5,4,5,13,4,4,1,4,5,2,17,2,42,2,8,6,1,7,7,1,10,1,11,,102,,1,21,121.5576324,24.99934387
113,12,30,21,19,2,10文山區,文山區興隆路3段72號前,0,0,2,2,C03,8,5,5,50,14,9,1,5,4,5,13,4,4,1,4,5,2,17,1,45,2,8,6,1,7,9,1,10,1,12,,44,,1,21,121.5576324,24.99934387
113,12,30,21,19,2,10文山區,文山區興隆路3段72號前,0,0,2,3,H01,8,5,5,50,14,9,1,5,4,5,13,4,4,1,4,5,2,17,2,74,3,10,4,5,8,16,8,20,10,16,,123,,1,21,121.5576324,24.99934387
113,12,30,21,19,2,10文山區,文山區興隆路3段72號前,0,0,2,4,B03,8,5,5,50,14,9,1,5,4,5,13,4,4,1,4,5,2,17,1,55,3,10,3,4,7,13,1,8,11,17,,38,,1,21,121.5576324,24.99934387
113,12,30,21,20,2,03中山區,中山區北安路與北安路554巷口,0,0,2,1,H01,7,5,5,50,5,2,1,5,4,5,13,2,1,8,3,5,1,9,1,68,2,9,4,5,8,16,8,20,1,16,,122,,1,21,121.548251,25.0805608
113,12,30,21,20,2,03中山區,中山區北安路與北安路554巷口,0,0,2,2,C03,7,5,5,50,5,2,1,5,4,5,13,2,1,8,3,5,1,9,2,32,2,9,5,1,7,9,1,10,1,11,,70,,1,21,121.548251,25.0805608
113,12,30,22,20,2,02萬華區,萬華區中華路2段與廣州街口,0,0,1,1,B02,8,5,5,50,4,1,1,5,4,5,13,1,1,9,4,4,2,17,1,24,3,10,7,4,7,6,1,8,1,6,,9,,1,21,121.5064557,25.0361309
113,12,30,22,20,2,02萬華區,萬華區中華路2段與廣州街口,0,0,1,2,C03,8,5,5,50,4,1,1,5,4,5,13,1,1,9,4,4,2,17,2,62,2,8,5,4,7,9,1,10,1,11,,44,,1,21,121.5064557,25.0361309
113,12,30,22,38,2,06松山區,松山區光復北路208號,0,0,2,1,F01,8,5,5,50,14,9,1,5,4,5,13,3,1,9,4,5,2,16,1,76,2,9,4,1,7,5,8,20,1,14,,8,,1,21,121.5557336,25.0553736
113,12,30,22,38,2,06松山區,松山區光復北路208號,0,0,2,2,C03,8,5,5,50,14,9,1,5,4,5,13,3,1,9,4,5,2,16,2,41,2,9,6,4,7,9,1,10,1,11,,108,,1,21,121.5557336,25.0553736
113,12,30,23,45,2,07信義區,信義區松壽路與一號道路口,0,0,1,1,B03,7,5,5,50,4,1,1,5,4,5,13,1,1,9,4,5,2,17,1,34,3,10,3,4,7,15,1,8,2,5,,19,,1,22,121.5620061,25.0359509
113,12,30,23,45,2,07信義區,信義區松壽路與一號道路口,0,0,1,2,C03,7,5,5,50,4,1,1,5,4,5,13,1,1,9,4,5,2,17,1,18,2,9,3,4,7,9,1,10,2,14,,13,,1,22,121.5620061,25.0359509
113,12,31,0,10,2,10文山區,文山區新光路1段159巷口側附近,0,0,1,1,B03,7,5,5,50,14,9,1,5,4,5,13,3,1,10,5,4,2,3,2,51,3,10,3,4,7,5,1,8,9,8,,118,,1,22,121.5737007,24.9925343
113,12,31,0,10,2,10文山區,文山區新光路1段159巷口側附近,0,0,1,2,H01,7,5,5,50,14,9,1,5,4,5,13,3,1,10,5,4,2,3,2,41,2,8,4,5,8,16,8,20,10,16,,53,,1,22,121.5737007,24.9925343
113,12,31,0,50,2,03中山區,中山區林森北路380號,0,0,3,1,C03,8,5,5,50,14,9,1,5,4,5,13,4,4,5,3,5,2,13,1,46,2,8,5,1,7,9,1,10,1,11,,108,,1,21,121.5255381,25.05842144
113,12,31,0,50,2,03中山區,中山區林森北路380號,0,0,3,2,C03,8,5,5,50,14,9,1,5,4,5,13,4,4,5,3,5,2,13,1,56,2,8,5,1,7,14,1,10,1,13,11,44,,1,21,121.5255381,25.05842144
113,12,31,0,50,2,03中山區,中山區林森北路380號,0,0,3,3,B03,8,5,5,50,14,9,1,5,4,5,13,4,4,5,3,5,2,13,1,25,3,10,7,1,7,14,1,8,1,3,,44,,1,21,121.5255381,25.05842144
113,12,31,0,50,2,03中山區,中山區林森北路380號,0,0,3,4,B03,8,5,5,50,14,9,1,5,4,5,13,4,4,5,3,5,2,13,1,68,3,10,7,1,7,9,1,4,1,8,,44,,1,21,121.5255381,25.05842144
113,12,31,0,50,2,03中山區,中山區林森北路380號,0,0,3,5,H02,8,5,5,50,14,9,1,5,4,5,13,4,4,5,3,5,2,13,2,10,2,8,5,5,7,20,8,20,10,16,,67,,1,21,121.5255381,25.05842144
113,12,31,5,54,1,10文山區,文山區木柵路1段與光輝路口,1,0,0,1,B01,7,5,5,50,3,1,1,5,4,5,13,2,1,10,5,5,2,16,1,44,3,10,7,1,7,5,1,4,2,8,,71,,1,21,121.5551268,24.9881577
113,12,31,5,54,1,10文山區,文山區木柵路1段與光輝路口,1,0,0,2,C03,7,5,5,50,3,1,1,5,4,5,13,2,1,10,5,5,2,16,1,66,1,9,6,1,7,9,1,10,9,11,,44,,1,21,121.5551268,24.9881577
113,12,31,7,22,2,10文山區,文山區羅斯福路5段151號,0,0,1,1,B03,8,6,5,50,14,9,1,5,4,5,13,4,4,1,4,5,2,12,1,50,3,10,7,1,7,8,1,8,1,2,,100,,1,21,121.538845,25.0040595
113,12,31,7,22,2,10文山區,文山區羅斯福路5段151號,0,0,1,2,C03,8,6,5,50,14,9,1,5,4,5,13,4,4,1,4,5,2,12,1,30,2,9,6,1,7,9,1,10,1,11,,44,,1,21,121.538845,25.0040595
113,12,31,7,37,2,07信義區,信義區中坡南路與福德街232巷口,0,0,1,1,B03,8,6,5,50,5,1,1,5,4,5,13,2,1,5,4,4,1,16,2,55,3,10,3,4,7,9,1,8,1,8,,81,,1,22,121.5840918,25.0391632
113,12,31,7,37,2,07信義區,信義區中坡南路與福德街232巷口,0,0,1,2,C03,8,6,5,50,5,1,1,5,4,5,13,2,1,5,4,4,1,16,1,79,2,8,3,4,7,5,1,10,1,12,,44,,1,22,121.5840918,25.0391632
113,12,31,7,50,2,04大安區,大安區基隆路3段與基隆路3段155巷口,0,0,2,1,B03,7,7,5,50,3,2,1,5,4,5,13,2,1,1,3,4,1,12,2,23,3,10,3,4,7,9,1,8,1,5,,44,,1,21,121.5424448,25.0155166
113,12,31,7,50,2,04大安區,大安區基隆路3段與基隆路3段155巷口,0,0,2,2,C03,7,7,5,50,3,2,1,5,4,5,13,2,1,1,3,4,1,12,1,27,2,9,6,4,7,12,1,10,1,13,,44,,1,21,121.5424448,25.0155166
113,12,31,7,50,2,04大安區,大安區基隆路3段與基隆路3段155巷口,0,0,2,3,C03,7,7,5,50,3,2,1,5,4,5,13,2,1,1,3,4,1,12,1,33,3,10,6,1,7,7,1,10,1,12,,44,,1,21,121.5424448,25.0155166
113,12,31,7,50,2,04大安區,大安區基隆路3段與基隆路3段155巷口,0,0,2,4,H02,7,7,5,50,3,2,1,5,4,5,13,2,1,1,3,4,1,12,2,30,2,8,6,5,7,20,8,20,10,16,,67,,1,21,121.5424448,25.0155166
113,12,31,7,57,2,07信義區,信義區市民大道6段與松山路附近側附近口,0,0,2,1,H01,7,7,5,0,14,19,1,5,4,5,13,2,1,10,4,5,2,3,2,62,2,9,4,5,8,16,8,20,10,16,,121,,1,22,121.5779822,25.04893742
113,12,31,7,57,2,07信義區,信義區市民大道6段與松山路附近側附近口,0,0,2,2,C03,7,7,5,0,14,19,1,5,4,5,13,2,1,10,4,5,2,3,1,26,2,9,3,4,7,9,1,10,2,11,,70,,1,22,121.5779822,25.04893742
113,12,31,8,15,2,02萬華區,萬華區桂林路242巷與桂林路228巷9弄口,0,0,2,1,C03,8,5,8,50,22,22,1,5,4,5,13,1,1,10,5,5,2,13,1,27,2,8,3,4,7,15,1,10,1,11,,16,,1,21,121.4955391,25.0384867
113,12,31,8,15,2,02萬華區,萬華區桂林路242巷與桂林路228巷9弄口,0,0,2,2,C03,8,5,8,50,22,22,1,5,4,5,13,1,1,10,5,5,2,13,1,32,2,9,3,4,7,15,1,10,1,13,,44,,1,21,121.4955391,25.0384867
113,12,31,8,21,2,09北投區,北投區大度路3段與關渡路口,0,0,1,1,B03,7,6,5,50,3,1,1,5,4,5,13,1,1,1,4,5,2,16,1,28,3,10,7,1,7,6,1,8,9,2,,80,,1,26,121.4694869,25.1229003
113,12,31,8,21,2,09北投區,北投區大度路3段與關渡路口,0,0,1,2,C03,7,6,5,50,3,1,1,5,4,5,13,1,1,1,4,5,2,16,2,56,2,8,6,1,7,9,1,10,9,14,,44,,1,26,121.4694869,25.1229003
113,12,31,8,35,2,01大同區,大同區延平北路3段與延平北路3段18巷口,0,0,2,1,F01,8,6,5,30,5,1,1,5,4,5,13,4,4,5,4,5,2,15,2,27,2,9,2,1,7,9,8,20,1,11,,80,,1,21,121.511172,25.0639276
113,12,31,8,35,2,01大同區,大同區延平北路3段與延平北路3段18巷口,0,0,2,2,C03,8,6,5,30,5,1,1,5,4,5,13,4,4,5,4,5,2,15,2,36,2,9,6,1,7,9,1,10,1,14,,44,,1,21,121.511172,25.0639276
113,12,31,8,38,2,11南港區,南港區南港路2段與南港路2段41巷口口,0,0,1,2,C03,7,7,5,50,3,2,1,5,4,5,13,2,1,5,4,4,1,13,2,22,2,8,6,1,7,9,1,10,1,14,,44,,1,21,121.6025388,25.0536216
113,12,31,8,38,2,11南港區,南港區南港路2段與南港路2段41巷口口,0,0,1,1,C03,7,7,5,50,3,2,1,5,4,5,13,2,1,5,4,4,1,13,1,27,3,10,6,1,7,9,1,10,1,12,,17,,1,21,121.6025388,25.0536216
113,12,31,8,42,2,01大同區,大同區承德路1段與太原路97巷口口,0,0,1,1,C03,8,6,5,50,4,1,1,5,4,5,13,2,1,1,5,5,1,16,1,58,3,10,5,1,7,9,1,10,2,14,,99,,1,21,121.5172027,25.0519625
113,12,31,8,42,2,01大同區,大同區承德路1段與太原路97巷口口,0,0,1,2,C03,8,6,5,50,4,1,1,5,4,5,13,2,1,1,5,5,1,16,2,55,2,9,5,1,7,6,1,10,2,12,,9,,1,21,121.5172027,25.0519625
113,12,31,8,57,2,12內湖區,內湖區內湖路1段1巷3弄13號前,0,0,2,1,C03,7,7,8,30,14,9,1,5,4,5,13,4,4,10,5,5,2,10,2,33,2,9,6,4,7,9,1,10,2,11,,17,,1,21,121.5587127,25.08548865
113,12,31,8,57,2,12內湖區,內湖區內湖路1段1巷3弄13號前,0,0,2,2,C03,7,7,8,30,14,9,1,5,4,5,13,4,4,10,5,5,2,10,2,27,2,9,6,4,7,9,1,10,2,14,,17,,1,21,121.5587127,25.08548865
113,12,31,9,3,2,06松山區,松山區民權東路3段與民權東路3段160巷口,0,0,1,1,B01,7,6,5,50,4,2,1,5,4,5,13,1,1,1,4,5,2,13,1,50,3,10,7,1,7,1,1,4,1,8,,108,,1,21,121.5477519,25.061946
113,12,31,9,3,2,06松山區,松山區民權東路3段與民權東路3段160巷口,0,0,1,3,C03,7,6,5,50,4,2,1,5,4,5,13,1,1,1,4,5,2,13,1,30,3,10,6,1,7,9,1,10,1,11,,44,,1,21,121.5477519,25.061946
113,12,31,9,3,2,06松山區,松山區民權東路3段與民權東路3段160巷口,0,0,1,2,C03,7,6,5,50,4,2,1,5,4,5,13,1,1,1,4,5,2,13,1,52,2,9,6,1,7,14,1,10,1,13,,44,,1,21,121.5477519,25.061946
113,12,31,9,13,2,02萬華區,萬華區堤外便道與華中二疏散門路口,0,0,2,1,C03,7,7,5,40,3,2,1,5,4,5,13,1,1,9,5,5,2,18,2,35,2,9,5,1,7,6,1,10,1,14,,107,,1,21,121.4951651,25.0162883
113,12,31,9,13,2,02萬華區,萬華區堤外便道與華中二疏散門路口,0,0,2,2,,7,7,5,40,3,2,1,5,4,5,13,1,1,9,5,5,2,18,3,59,,,,,,,,,,,,130,,1,,121.4951651,25.0162883
113,12,31,9,13,2,02萬華區,萬華區堤外便道與華中二疏散門路口,0,0,2,3,H02,7,7,5,40,3,2,1,5,4,5,13,1,1,9,5,5,2,18,2,59,2,9,5,5,7,17,8,20,10,16,,67,,1,21,121.4951651,25.0162883
113,12,31,9,31,2,07信義區,信義區吳興街156巷與吳興街156巷7弄口,0,0,1,1,C03,8,6,5,30,4,1,1,5,4,5,13,4,4,9,5,5,1,15,2,55,2,9,3,4,7,9,1,10,1,11,,72,,1,22,121.5614891,25.0290127
113,12,31,9,31,2,07信義區,信義區吳興街156巷與吳興街156巷7弄口,0,0,1,2,C03,8,6,5,30,4,1,1,5,4,5,13,4,4,9,5,5,1,15,1,28,3,10,3,4,7,9,1,10,1,12,,14,,1,22,121.5614891,25.0290127
113,12,31,9,32,2,04大安區,大安區金山南路2段與金華街口,0,0,1,1,B03,8,7,5,50,4,2,1,5,4,5,13,2,1,9,4,5,2,16,2,77,3,10,7,1,7,5,1,8,1,2,,71,,1,21,121.5266581,25.0301738
113,12,31,9,32,2,04大安區,大安區金山南路2段與金華街口,0,0,1,2,C03,8,7,5,50,4,2,1,5,4,5,13,2,1,9,4,5,2,16,1,66,2,9,5,1,7,9,1,10,1,11,,44,,1,21,121.5266581,25.0301738
113,12,31,9,35,2,03中山區,中山區八德路2段167巷與建國北路1段23巷口,0,0,1,1,C03,7,5,5,30,4,1,1,5,4,5,13,4,4,1,5,5,2,15,2,48,2,1,3,4,7,9,1,10,2,11,,72,,1,21,121.5378667,25.04703344
113,12,31,9,35,2,03中山區,中山區八德路2段167巷與建國北路1段23巷口,0,0,1,2,B02,7,5,5,30,4,1,1,5,4,5,13,4,4,1,5,5,2,15,1,56,3,10,3,4,7,9,1,8,2,4,,14,,1,21,121.5378667,25.04703344
113,12,31,10,0,2,08士林區,士林區承德路4段9巷與承德路4段10巷口,0,0,2,1,C03,7,6,5,30,4,2,1,5,4,5,13,2,1,9,5,5,2,17,1,70,2,8,6,1,7,5,1,9,1,11,,8,,1,21,121.521924,25.0793341
113,12,31,10,0,2,08士林區,士林區承德路4段9巷與承德路4段10巷口,0,0,2,2,C03,7,6,5,30,4,2,1,5,4,5,13,2,1,9,5,5,2,17,1,23,2,9,6,1,7,9,1,10,1,11,,44,,1,21,121.521924,25.0793341
113,12,31,10,24,2,05中正區,中正區市民高架道與市民高架道口往東重慶北路上方,0,0,1,1,C03,8,5,5,80,14,9,1,5,4,5,13,4,4,9,4,5,2,29,1,73,2,9,5,1,7,21,1,10,2,12,,118,,1,21,121.5133602,25.04947673
113,12,31,10,24,2,05中正區,中正區市民高架道與市民高架道口往東重慶北路上方,0,0,1,2,,8,5,5,80,14,9,1,5,4,5,13,4,4,9,4,5,2,29,3,0,,,,,,,,,,,,67,,1,,121.5133602,25.04947673
113,12,31,10,54,2,03中山區,中山區民權東路2段11號,0,0,2,1,C03,8,7,5,50,14,9,1,5,4,5,13,4,4,1,4,5,2,13,2,40,2,8,6,1,7,9,1,10,2,11,,16,,1,21,121.5286565,25.0627172
113,12,31,10,54,2,03中山區,中山區民權東路2段11號,0,0,2,2,C03,8,7,5,50,14,9,1,5,4,5,13,4,4,1,4,5,2,13,1,26,2,9,6,1,7,9,1,10,2,13,,44,,1,21,121.5286565,25.0627172
113,12,31,11,5,2,03中山區,中山區錦西街與天祥路口,0,0,1,1,B03,7,5,5,50,3,2,1,5,4,5,13,4,4,5,5,5,2,16,1,48,3,10,3,4,7,6,1,8,1,5,,9,,1,21,121.5210437,25.0603895
113,12,31,11,5,2,03中山區,中山區錦西街與天祥路口,0,0,1,2,C03,7,5,5,50,3,2,1,5,4,5,13,4,4,5,5,5,2,16,2,40,2,8,3,4,7,9,3,18,1,14,,44,,1,21,121.5210437,25.0603895
113,12,31,11,35,2,08士林區,士林區文林路532號與前街口,0,0,1,1,C03,8,5,5,50,4,1,1,5,4,5,13,1,1,10,1,5,1,16,1,53,2,8,5,1,7,5,1,10,2,14,,8,,1,21,121.5240465,25.0972357
113,12,31,11,35,2,08士林區,士林區文林路532號與前街口,0,0,1,2,B12,8,5,5,50,4,1,1,5,4,5,13,1,1,10,1,5,1,16,1,64,3,10,7,1,7,9,1,8,2,5,,44,,1,21,121.5240465,25.0972357
113,12,31,12,5,2,07信義區,信義區忠孝東路5段493號,0,0,1,1,C03,8,6,5,50,14,9,1,5,4,5,13,2,1,1,4,5,2,17,1,67,3,10,6,4,7,7,1,10,2,14,,100,,1,22,121.5782698,25.0411359
113,12,31,12,5,2,07信義區,信義區忠孝東路5段493號,0,0,1,2,C03,8,6,5,50,14,9,1,5,4,5,13,2,1,1,4,5,2,17,2,54,2,8,6,4,7,9,1,10,2,11,,44,,1,22,121.5782698,25.0411359
113,12,31,12,5,2,07信義區,信義區忠孝東路5段493號,0,0,1,3,B03,8,6,5,50,14,9,1,5,4,5,13,2,1,1,4,5,2,17,1,38,3,10,3,4,7,14,1,8,2,5,,44,,1,22,121.5782698,25.0411359
113,12,31,12,12,2,06松山區,松山區敦化南路1段與市民大道4段口,0,0,1,1,A02,7,7,5,50,4,1,1,5,4,5,13,2,1,5,4,4,2,9,1,49,3,10,7,1,7,12,1,2,1,17,,44,,1,21,121.5491456,25.04485509
113,12,31,12,12,2,06松山區,松山區敦化南路1段與市民大道4段口,0,0,1,2,H02,7,7,5,50,4,1,1,5,4,5,13,2,1,5,4,4,2,9,2,78,2,1,2,5,7,20,8,20,10,16,,67,,1,21,121.5491456,25.04485509
113,12,31,12,12,2,11南港區,南港區重陽路與重陽路57巷口,0,0,1,1,C03,7,6,5,50,3,1,1,5,4,5,13,4,4,4,3,4,2,13,1,31,3,10,3,4,7,9,1,10,1,11,,16,,1,21,121.5964698,25.0554786
113,12,31,12,12,2,11南港區,南港區重陽路與重陽路57巷口,0,0,1,2,C03,7,6,5,50,3,1,1,5,4,5,13,4,4,4,3,4,2,13,1,38,2,9,3,4,7,9,1,10,1,13,,44,,1,21,121.5964698,25.0554786
113,12,31,12,13,2,02萬華區,萬華區中華路2段606巷與水源路口,0,0,2,1,A02,7,7,5,50,3,2,1,5,4,5,13,4,4,10,3,5,2,17,1,35,2,3,7,1,7,6,1,2,2,2,,9,,1,21,121.5096016,25.0232349
113,12,31,12,13,2,02萬華區,萬華區中華路2段606巷與水源路口,0,0,2,2,B01,7,7,5,50,3,2,1,5,4,5,13,4,4,10,3,5,2,17,1,69,2,1,7,1,7,14,1,4,2,3,,38,,1,21,121.5096016,25.0232349
113,12,31,12,13,2,02萬華區,萬華區中華路2段606巷與水源路口,0,0,2,3,B03,7,7,5,50,3,2,1,5,4,5,13,4,4,10,3,5,2,17,2,38,4,11,3,4,7,13,7,19,9,3,,44,,2,22,121.5096016,25.0232349
113,12,31,12,13,2,02萬華區,萬華區中華路2段606巷與水源路口,0,0,2,4,C03,7,7,5,50,3,2,1,5,4,5,13,4,4,10,3,5,2,17,1,32,4,11,3,4,7,13,7,19,9,12,,44,,2,22,121.5096016,25.0232349
113,12,31,12,13,2,02萬華區,萬華區中華路2段606巷與水源路口,0,0,2,5,C03,7,7,5,50,3,2,1,5,4,5,13,4,4,10,3,5,2,17,1,35,4,11,3,4,7,13,7,19,9,12,,44,,2,22,121.5096016,25.0232349
113,12,31,12,13,2,02萬華區,萬華區中華路2段606巷與水源路口,0,0,2,6,C03,7,7,5,50,3,2,1,5,4,5,13,4,4,10,3,5,2,17,2,39,3,10,5,1,7,13,1,10,9,12,,44,,1,21,121.5096016,25.0232349
113,12,31,12,13,2,02萬華區,萬華區中華路2段606巷與水源路口,0,0,2,7,C03,7,7,5,50,3,2,1,5,4,5,13,4,4,10,3,5,2,17,1,27,4,11,3,4,7,13,7,19,9,12,,44,,2,22,121.5096016,25.0232349
113,12,31,12,13,2,02萬華區,萬華區中華路2段606巷與水源路口,0,0,2,8,C03,7,7,5,50,3,2,1,5,4,5,13,4,4,10,3,5,2,17,1,44,3,10,5,1,7,13,1,10,9,12,,44,,1,21,121.5096016,25.0232349
113,12,31,12,23,2,06松山區,松山區市民大道6段與松山路口,0,0,1,1,G06,7,6,5,50,4,1,1,5,4,5,13,1,1,1,4,5,2,15,2,74,2,8,4,1,7,9,8,20,1,16,,81,,1,21,121.5776676,25.0494894
113,12,31,12,23,2,06松山區,松山區市民大道6段與松山路口,0,0,1,2,B03,7,6,5,50,4,1,1,5,4,5,13,1,1,1,4,5,2,15,1,52,3,10,7,1,7,9,1,8,1,2,,44,,1,21,121.5776676,25.0494894
113,12,31,12,53,2,03中山區,中山區南京東路2段115巷30號,0,0,1,1,B03,8,6,5,30,14,9,1,5,4,5,13,4,4,10,5,5,2,2,2,40,3,10,7,1,7,9,1,8,1,5,,17,,1,21,121.5426033,25.0792017
113,12,31,12,53,2,03中山區,中山區南京東路2段115巷30號,0,0,1,2,H01,8,6,5,30,14,9,1,5,4,5,13,4,4,10,5,5,2,2,2,71,2,8,4,5,8,16,8,20,10,16,,67,,1,21,121.5426033,25.0792017
113,12,31,13,6,2,03中山區,中山區合江街與合江街口側附近100巷口,0,0,1,1,B12,8,7,5,50,4,2,1,5,4,5,13,4,4,5,5,5,2,10,1,46,3,10,7,1,7,9,1,8,1,1,,80,,1,21,121.5392022,25.0582447
113,12,31,13,6,2,03中山區,中山區合江街與合江街口側附近100巷口,0,0,1,2,C03,8,7,5,50,4,2,1,5,4,5,13,4,4,5,5,5,2,10,1,44,2,8,6,3,7,9,1,10,1,11,,108,,1,21,121.5392022,25.0582447
113,12,31,13,6,2,03中山區,中山區合江街與合江街口側附近100巷口,0,0,1,3,B01,8,7,5,50,4,2,1,5,4,5,13,4,4,5,5,5,2,10,2,59,3,10,7,1,7,14,1,4,9,17,,99,,2,21,121.5392022,25.0582447
113,12,31,13,20,2,05中正區,中正區汀州路2段16號,0,0,1,1,C04,8,7,5,50,14,9,1,5,4,5,13,4,4,1,5,5,2,12,2,64,2,7,5,4,7,9,1,8,2,14,,101,,1,21,121.5168064,25.0255719
113,12,31,13,20,2,05中正區,中正區汀州路2段16號,0,0,1,2,B03,8,7,5,50,14,9,1,5,4,5,13,4,4,1,5,5,2,12,1,58,3,10,7,4,7,9,1,8,2,2,,44,,1,21,121.5168064,25.0255719
113,12,31,14,20,2,10文山區,文山區木柵路5段43巷燈桿編號063號旁,0,0,1,1,C03,7,6,5,30,11,9,1,5,4,5,13,4,4,10,5,5,2,10,2,35,3,10,5,1,7,9,1,10,1,11,,102,,1,21,121.5720415,25.01135472
113,12,31,14,20,2,10文山區,文山區木柵路5段43巷燈桿編號063號旁,0,0,1,2,C03,7,6,5,30,11,9,1,5,4,5,13,4,4,10,5,5,2,10,2,24,2,9,5,1,7,9,1,10,1,11,,102,,1,21,121.5720415,25.01135472