發生年度,發生月,發生日,發生時-Hours,發生分,處理別-編號,區序,肇事地點,死亡人數,2-30日死亡人數,受傷人數,當事人序號,車種,天候,道路照明設備,道路類別,速限-速度限制,道路型態,事故位置,路面狀況1,路面狀況2,路面狀況3,道路障礙1,道路障礙2,號誌1,號誌2,車道劃分-分向,車道劃分-分道1,車道劃分-分道2,車道劃分-分道3,事故類型及型態,性別,年齡,受傷程度,主要傷處,保護裝置,行動電話,車輛用途,當事者行動狀態,駕駛資格情形,駕駛執照種類,飲酒情形,車輛撞擊部位1,車輛撞擊部位2,肇因碼-個別,肇因碼-主要,個人肇逃否,職業,座標-X,座標-Y
113,12,31,14,42,2,04大安區,大安區和平東路3段228巷與安居街34巷口,0,0,1,1,C03,7,6,5,50,3,2,1,5,4,5,13,4,4,4,5,5,2,13,2,43,2,9,5,1,7,9,1,10,1,11,,16,,1,21,121.5539303,25.0213554
113,12,31,14,42,2,04大安區,大安區和平東路3段228巷與安居街34巷口,0,0,1,2,B12,7,6,5,50,3,2,1,5,4,5,13,4,4,4,5,5,2,13,1,28,3,10,7,1,7,14,1,8,1,6,,44,,1,21,121.5539303,25.0213554
113,12,31,14,50,2,04大安區,大安區信義路3段與復興南路1段口,0,0,1,1,,8,5,5,0,22,20,1,5,4,5,13,4,4,10,5,5,2,17,4,0,,,,,,,,,,,,119,,2,,121.5433858,25.0335448
113,12,31,14,50,2,04大安區,大安區信義路3段與復興南路1段口,0,0,1,2,F02,8,5,5,0,22,20,1,5,4,5,13,4,4,10,5,5,2,17,2,64,2,9,5,4,7,9,8,20,11,15,,44,,1,21,121.5433858,25.0335448
113,12,31,14,55,2,05中正區,中正區忠孝東路2段101號,0,0,1,1,B03,8,7,5,50,14,9,1,5,4,5,13,4,4,1,4,5,2,12,2,49,3,10,7,1,7,15,1,8,2,5,,100,,1,21,121.531678,25.04275058
113,12,31,14,55,2,05中正區,中正區忠孝東路2段101號,0,0,1,2,C03,8,7,5,50,14,9,1,5,4,5,13,4,4,1,4,5,2,12,2,58,2,9,6,1,7,9,1,10,2,14,,17,,1,21,121.531678,25.04275058
113,12,31,15,9,2,05中正區,中正區中山北路1段與北平西路口,0,0,1,1,B01,8,6,5,50,4,1,1,5,4,5,13,1,1,1,4,5,2,16,1,60,3,10,7,1,7,5,1,4,2,4,,107,,1,21,121.5203988,25.0473303
113,12,31,15,9,2,05中正區,中正區中山北路1段與北平西路口,0,0,1,2,F01,8,6,5,50,4,1,1,5,4,5,13,1,1,1,4,5,2,16,1,89,2,9,4,1,7,9,8,20,2,11,,83,,1,21,121.5203988,25.0473303
113,12,31,15,10,2,12內湖區,內湖區行善路70號附近側附近,0,0,1,1,B03,7,6,5,50,14,9,1,5,4,5,13,4,4,9,5,5,2,12,2,36,3,10,7,1,7,1,1,8,2,8,,19,,1,21,121.5768309,25.0578576
113,12,31,15,10,2,12內湖區,內湖區行善路70號附近側附近,0,0,1,2,C03,7,6,5,50,14,9,1,5,4,5,13,4,4,9,5,5,2,12,1,46,2,9,6,1,7,9,1,10,2,11,,108,,1,21,121.5768309,25.0578576
113,12,31,15,10,2,12內湖區,內湖區行善路70號附近側附近,0,0,1,3,C03,7,6,5,50,14,9,1,5,4,5,13,4,4,9,5,5,2,12,1,31,3,10,2,4,7,13,7,19,11,14,,44,,1,21,121.5768309,25.0578576
113,12,31,15,10,2,12內湖區,內湖區行善路70號附近側附近,0,0,1,4,C03,7,6,5,50,14,9,1,5,4,5,13,4,4,9,5,5,2,12,1,33,3,10,2,4,7,13,7,19,11,14,,44,,1,21,121.5768309,25.0578576
113,12,31,15,20,2,02萬華區,萬華區西園路2段與東園街口,0,0,1,1,C03,7,6,5,50,3,1,1,5,4,5,13,2,1,1,5,5,2,17,1,50,2,9,6,1,7,9,1,10,1,14,,81,,1,26,121.4952294,25.02823897
113,12,31,15,20,2,02萬華區,萬華區西園路2段與東園街口,0,0,1,2,C03,7,6,5,50,3,1,1,5,4,5,13,2,1,1,5,5,2,17,1,33,3,10,5,1,7,9,3,18,1,13,,44,,1,26,121.4952294,25.02823897
113,12,31,15,21,2,10文山區,文山區新光路2段燈桿0707735號,0,0,1,1,C01,7,6,5,50,22,9,1,2,4,5,13,3,1,1,4,5,1,17,1,40,2,9,3,4,7,7,1,9,2,12,,42,,1,23,121.5835676,25.0007729
113,12,31,15,21,2,10文山區,文山區新光路2段燈桿0707735號,0,0,1,2,A05,7,6,5,50,22,9,1,2,4,5,13,3,1,1,4,5,1,17,1,61,3,10,3,4,7,15,1,6,9,17,,37,,1,21,121.5835676,25.0007729
113,12,31,15,33,2,12內湖區,內湖區瑞湖街與陽光街321巷口,0,0,2,1,F03,8,6,5,50,4,1,1,5,4,5,13,1,1,8,3,5,1,16,2,30,2,9,5,1,7,5,8,20,2,12,,71,,1,21,121.5772689,25.0711458
113,12,31,15,33,2,12內湖區,內湖區瑞湖街與陽光街321巷口,0,0,2,2,C03,8,6,5,50,4,1,1,5,4,5,13,1,1,8,3,5,1,16,2,38,2,9,6,1,7,9,1,10,2,11,,44,,1,21,121.5772689,25.0711458
113,12,31,15,40,2,08士林區,士林區中山北路5段與中正路口,0,0,2,1,C03,7,7,5,50,4,1,1,5,4,5,13,2,1,9,4,5,1,17,2,20,2,9,5,1,7,8,1,10,2,12,,100,,1,21,121.5277876,25.09580857
113,12,31,15,40,2,08士林區,士林區中山北路5段與中正路口,0,0,2,2,C03,7,7,5,50,4,1,1,5,4,5,13,2,1,9,4,5,1,17,1,19,2,7,5,1,7,9,1,10,2,12,,44,,1,21,121.5277876,25.09580857
113,12,31,15,51,2,02萬華區,萬華區華江橋往北市機車匝道下橋處,0,0,3,1,C03,7,6,7,40,10,11,1,5,4,5,13,4,4,10,5,5,2,13,1,21,2,8,5,1,7,9,1,10,1,12,,108,,1,22,121.5072742,25.0352044
113,12,31,15,51,2,02萬華區,萬華區華江橋往北市機車匝道下橋處,0,0,3,2,C03,7,6,7,40,10,11,1,5,4,5,13,4,4,10,5,5,2,13,1,31,2,6,5,1,7,9,1,10,1,11,,13,,1,22,121.5072742,25.0352044
113,12,31,15,51,2,02萬華區,萬華區華江橋往北市機車匝道下橋處,0,0,3,3,C03,7,6,7,40,10,11,1,5,4,5,13,4,4,10,5,5,2,13,2,45,2,9,5,1,7,4,1,10,1,14,,16,,1,22,121.5072742,25.0352044
113,12,31,15,58,2,09北投區,北投區石牌路2段與立農街2段口,0,0,1,1,B01,7,7,5,50,3,2,1,5,4,5,13,2,1,5,4,5,2,16,1,68,3,10,7,1,7,6,1,4,1,5,,9,,1,22,121.519279,25.1188477
113,12,31,15,58,2,09北投區,北投區石牌路2段與立農街2段口,0,0,1,2,C03,7,7,5,50,3,2,1,5,4,5,13,2,1,5,4,5,2,16,1,51,2,9,6,1,7,9,1,9,1,14,,44,,1,22,121.519279,25.1188477
113,12,31,16,18,2,11南港區,南港區市民大道8段與興華路口口,0,0,1,2,C03,7,7,5,50,3,1,1,5,4,5,13,2,1,3,4,5,1,16,2,24,3,10,6,1,7,9,1,10,1,12,,44,,1,21,121.6063797,25.0531239
113,12,31,16,18,2,11南港區,南港區市民大道8段與興華路口口,0,0,1,3,C03,7,7,5,50,3,1,1,5,4,5,13,2,1,3,4,5,1,16,1,20,3,10,6,1,7,9,1,10,1,14,,44,,1,21,121.6063797,25.0531239
113,12,31,16,18,2,11南港區,南港區市民大道8段與興華路口口,0,0,1,4,C03,7,7,5,50,3,1,1,5,4,5,13,2,1,3,4,5,1,16,1,46,2,8,6,1,7,9,1,10,1,11,,44,,1,21,121.6063797,25.0531239
113,12,31,16,18,2,11南港區,南港區市民大道8段與興華路口口,0,0,1,1,C03,7,7,5,50,3,1,1,5,4,5,13,2,1,3,4,5,1,16,1,73,3,10,6,1,7,5,1,10,9,14,,8,,2,21,121.6063797,25.0531239
113,12,31,16,30,2,08士林區,士林區通河西街1段與堤外便道口,0,0,1,1,C03,7,6,5,40,14,9,1,5,4,5,13,4,4,9,5,5,1,13,1,23,2,9,6,1,7,9,1,9,1,11,,14,,1,22,121.513837,25.0818225
113,12,31,16,30,2,08士林區,士林區通河西街1段與堤外便道口,0,0,1,2,B12,7,6,5,40,14,9,1,5,4,5,13,4,4,9,5,5,1,13,1,28,3,10,7,1,7,15,1,8,1,3,,44,,1,22,121.513837,25.0818225
113,12,31,17,3,2,06松山區,松山區濱江街368號,0,0,2,1,C03,7,6,5,50,14,9,1,5,4,5,13,2,1,1,4,5,2,17,1,22,2,5,6,4,7,9,3,18,1,14,,85,,1,21,121.5578361,25.07194555
113,12,31,17,3,2,06松山區,松山區濱江街368號,0,0,2,2,C03,7,6,5,50,14,9,1,5,4,5,13,2,1,1,4,5,2,17,1,22,2,9,6,4,7,9,1,10,1,11,,44,,1,21,121.5578361,25.07194555
113,12,31,17,20,2,04大安區,大安區基隆路2段與基隆路2段144巷口,0,0,1,1,B03,8,5,5,50,3,1,1,5,4,5,13,4,4,10,5,5,2,16,1,34,3,10,3,4,7,6,1,8,1,2,,9,,1,21,121.5564936,25.0281019
113,12,31,17,20,2,04大安區,大安區基隆路2段與基隆路2段144巷口,0,0,1,2,C03,8,5,5,50,3,1,1,5,4,5,13,4,4,10,5,5,2,16,1,46,2,9,3,4,7,9,1,10,1,14,,44,,1,21,121.5564936,25.0281019
113,12,31,17,25,2,04大安區,大安區臥龍街與臥龍街23巷口,0,0,1,1,B03,8,6,5,30,3,1,1,5,4,5,13,4,4,10,5,5,2,16,1,40,3,10,7,1,7,5,1,8,1,2,,8,,1,21,121.5466723,25.0237537
113,12,31,17,25,2,04大安區,大安區臥龍街與臥龍街23巷口,0,0,1,2,C03,8,6,5,30,3,1,1,5,4,5,13,4,4,10,5,5,2,16,1,33,2,9,5,1,7,9,1,10,1,12,,44,,1,21,121.5466723,25.0237537
113,12,31,17,42,2,03中山區,中山區民族東路520號對面,0,0,2,1,C03,8,5,5,50,11,9,1,5,4,5,13,4,4,5,4,5,2,13,1,21,2,9,5,1,7,9,1,10,1,11,14,16,,1,21,121.5431664,25.06727328
113,12,31,17,42,2,03中山區,中山區民族東路520號對面,0,0,2,2,C01,8,5,5,50,11,9,1,5,4,5,13,4,4,5,4,5,2,13,1,27,2,8,5,1,7,9,1,9,1,13,14,44,,1,21,121.5431664,25.06727328
113,12,31,17,42,2,03中山區,中山區民族東路520號對面,0,0,2,3,B03,8,5,5,50,11,9,1,5,4,5,13,4,4,5,4,5,2,13,1,47,3,10,7,1,7,9,1,8,1,5,,44,,1,21,121.5431664,25.06727328
113,12,31,17,42,2,03中山區,中山區民族東路520號對面,0,0,2,4,B03,8,5,5,50,11,9,1,5,4,5,13,4,4,5,4,5,2,13,1,61,3,10,7,1,7,14,1,8,1,17,,44,,1,21,121.5431664,25.06727328
113,12,31,17,42,2,03中山區,中山區長安東路2段與八德路2段167巷口,0,0,2,1,C03,7,5,5,50,3,19,1,5,4,5,13,4,4,5,4,5,2,3,2,28,2,8,5,4,7,9,1,10,1,11,,70,,1,21,121.5380259,25.04843
113,12,31,17,42,2,03中山區,中山區長安東路2段與八德路2段167巷口,0,0,2,2,H01,7,5,5,50,3,19,1,5,4,5,13,4,4,5,4,5,2,3,2,63,2,8,4,5,8,16,8,20,10,16,,121,,1,21,121.5380259,25.04843
113,12,31,18,2,2,02萬華區,萬華區廣州街與廣州街81巷口,0,0,2,1,C03,8,5,8,30,22,22,1,5,4,5,13,4,4,10,5,5,2,17,1,28,2,8,3,4,7,11,1,10,1,17,,42,,1,21,121.5042646,25.0365485
113,12,31,18,2,2,02萬華區,萬華區廣州街與廣州街81巷口,0,0,2,2,C03,8,5,8,30,22,22,1,5,4,5,13,4,4,10,5,5,2,17,1,40,2,9,3,4,7,9,1,10,1,14,,108,,1,21,121.5042646,25.0365485
113,12,31,18,10,2,07信義區,信義區松信路與虎林街120巷口,0,0,2,1,F01,7,5,5,30,4,1,1,5,4,5,13,1,1,9,5,5,2,11,1,14,2,9,4,4,7,11,8,20,1,11,,11,,1,21,121.5720893,25.0422612
113,12,31,18,10,2,07信義區,信義區松信路與虎林街120巷口,0,0,2,2,C03,7,5,5,30,4,1,1,5,4,5,13,1,1,9,5,5,2,11,2,46,2,9,5,4,7,9,1,10,1,14,,44,,1,21,121.5720893,25.0422612
113,12,31,18,30,2,12內湖區,內湖區民權大橋東向西上橋處,0,0,4,1,C03,7,6,5,30,8,11,1,5,4,5,13,4,4,9,4,5,2,13,2,26,2,8,6,1,7,9,1,10,1,11,,16,,1,21,121.5773483,25.0664115
113,12,31,18,30,2,12內湖區,內湖區民權大橋東向西上橋處,0,0,4,2,C03,7,6,5,30,8,11,1,5,4,5,13,4,4,9,4,5,2,13,1,28,2,7,6,1,7,14,1,10,1,13,,44,,1,21,121.5773483,25.0664115
113,12,31,18,30,2,12內湖區,內湖區民權大橋東向西上橋處,0,0,4,3,C03,7,6,5,30,8,11,1,5,4,5,13,4,4,9,4,5,2,13,1,42,3,10,6,1,7,14,1,10,1,13,,44,,1,21,121.5773483,25.0664115
113,12,31,18,30,2,12內湖區,內湖區民權大橋東向西上橋處,0,0,4,4,C03,7,6,5,30,8,11,1,5,4,5,13,4,4,9,4,5,2,13,1,40,3,10,6,1,7,14,1,10,1,13,,44,,1,21,121.5773483,25.0664115
113,12,31,18,30,2,12內湖區,內湖區民權大橋東向西上橋處,0,0,4,5,C03,7,6,5,30,8,11,1,5,4,5,13,4,4,9,4,5,2,13,1,48,2,8,6,1,7,14,1,10,1,13,,44,,1,21,121.5773483,25.0664115
113,12,31,18,30,2,12內湖區,內湖區民權大橋東向西上橋處,0,0,4,6,H02,7,6,5,30,8,11,1,5,4,5,13,4,4,9,4,5,2,13,2,26,2,9,6,5,7,21,8,20,10,16,,67,,1,21,121.5773483,25.0664115
113,12,31,18,36,2,04大安區,大安區安和路2段與樂利路口,0,0,1,1,C03,7,5,5,50,4,1,1,5,4,5,13,1,1,1,3,1,1,17,1,27,2,9,5,1,7,5,1,10,1,14,,8,,1,21,121.5508328,25.0290974
113,12,31,18,36,2,04大安區,大安區安和路2段與樂利路口,0,0,1,2,C03,7,5,5,50,4,1,1,5,4,5,13,1,1,1,3,1,1,17,1,26,3,10,5,1,7,9,1,10,1,12,,13,,1,21,121.5508328,25.0290974
113,12,31,18,37,2,06松山區,松山區南京東路5段與光復北路口,0,0,1,1,C03,7,5,5,40,4,1,1,5,4,5,13,2,1,1,4,4,2,12,2,33,2,7,6,1,7,7,1,10,1,14,,80,,1,21,121.5576469,25.0516206
113,12,31,18,37,2,06松山區,松山區南京東路5段與光復北路口,0,0,1,2,B03,7,5,5,40,4,1,1,5,4,5,13,2,1,1,4,4,2,12,1,29,3,10,7,1,7,9,1,8,1,2,,44,,1,21,121.5576469,25.0516206
113,12,31,18,44,2,11南港區,南港區忠孝東路6段與昆陽街口,0,0,3,1,C03,8,5,5,40,14,12,1,5,4,5,13,4,4,8,3,4,2,13,1,19,2,8,3,4,7,9,1,10,1,11,,16,,1,21,121.5930472,25.0502851
113,12,31,18,44,2,11南港區,南港區忠孝東路6段與昆陽街口,0,0,3,2,C03,8,5,5,40,14,12,1,5,4,5,13,4,4,8,3,4,2,13,2,48,2,8,3,4,7,9,1,10,1,13,,44,,1,21,121.5930472,25.0502851
113,12,31,18,44,2,11南港區,南港區忠孝東路6段與昆陽街口,0,0,3,3,C03,8,5,5,40,14,12,1,5,4,5,13,4,4,8,3,4,2,13,2,33,2,8,3,4,7,9,1,10,1,13,,44,,1,21,121.5930472,25.0502851
113,12,31,18,45,2,04大安區,大安區辛亥路3段與基隆路3段口,0,0,2,1,C03,8,5,5,50,4,1,1,5,4,5,13,2,1,5,4,5,2,13,2,35,2,9,6,1,7,9,1,10,1,11,,16,,1,21,121.5465374,25.0191972
113,12,31,18,45,2,04大安區,大安區辛亥路3段與基隆路3段口,0,0,2,2,C03,8,5,5,50,4,1,1,5,4,5,13,2,1,5,4,5,2,13,1,38,2,8,6,1,7,14,1,10,1,13,,44,,1,21,121.5465374,25.0191972
113,12,31,18,50,2,05中正區,中正區羅斯福路3段與辛亥路1段口,0,0,1,1,C03,7,5,5,50,4,1,1,5,4,5,13,2,1,1,3,5,1,12,2,20,2,9,5,1,7,15,1,10,1,14,,99,,1,21,121.5290797,25.0197898
113,12,31,18,50,2,05中正區,中正區羅斯福路3段與辛亥路1段口,0,0,1,2,B01,7,5,5,50,4,1,1,5,4,5,13,2,1,1,3,5,1,12,1,58,3,10,7,1,7,9,1,4,1,5,,44,,1,21,121.5290797,25.0197898
113,12,31,19,26,2,02萬華區,萬華區和平西路3段174-3號,0,0,1,1,B01,7,5,5,50,14,7,1,5,4,5,13,4,4,1,4,4,2,12,1,69,3,10,7,1,7,9,1,4,1,5,,108,,1,21,121.4978519,25.0352701
113,12,31,19,26,2,02萬華區,萬華區和平西路3段174-3號,0,0,1,2,C03,7,5,5,50,14,7,1,5,4,5,13,4,4,1,4,4,2,12,1,66,3,10,6,1,7,9,1,10,1,13,,44,,1,21,121.4978519,25.0352701
113,12,31,19,26,2,02萬華區,萬華區和平西路3段174-3號,0,0,1,3,H02,7,5,5,50,14,7,1,5,4,5,13,4,4,1,4,4,2,12,2,63,2,8,6,5,7,20,8,20,10,16,,67,,1,21,121.4978519,25.0352701
113,12,31,19,26,2,02萬華區,萬華區和平西路3段174-3號,0,0,1,4,B01,7,5,5,50,14,7,1,5,4,5,13,4,4,1,4,4,2,12,1,51,3,10,7,1,7,14,1,2,9,17,,38,,1,21,121.4978519,25.0352701
113,12,31,19,27,2,09北投區,北投區中央北路4段與大度路3段口,0,0,1,1,B01,7,5,5,50,3,1,1,5,4,5,13,1,1,9,4,5,2,17,1,48,3,10,3,1,7,5,1,4,1,17,,71,,1,21,121.4649469,25.12419341
113,12,31,19,27,2,09北投區,北投區中央北路4段與大度路3段口,0,0,1,2,C03,7,5,5,50,3,1,1,5,4,5,13,1,1,9,4,5,2,17,1,22,2,9,6,1,7,9,1,10,1,17,,44,,1,21,121.4649469,25.12419341
113,12,31,19,34,2,05中正區,中正區汀州路2段28號,0,0,3,1,C03,8,5,5,50,14,9,1,5,4,5,13,4,4,5,2,5,2,17,1,67,2,9,6,1,7,11,1,10,2,11,,10,,1,21,121.5171532,25.0254877
113,12,31,19,34,2,05中正區,中正區汀州路2段28號,0,0,3,2,C03,8,5,5,50,14,9,1,5,4,5,13,4,4,5,2,5,2,17,2,29,2,9,5,1,7,9,1,10,2,11,,44,,1,21,121.5171532,25.0254877
113,12,31,19,34,2,05中正區,中正區汀州路2段28號,0,0,3,3,H02,8,5,5,50,14,9,1,5,4,5,13,4,4,5,2,5,2,17,2,68,2,9,6,5,7,20,8,20,10,16,,67,,1,21,121.5171532,25.0254877
113,12,31,19,57,2,03中山區,中山區八德路2段與八德路2段210巷口,0,0,1,1,C04,8,5,5,50,4,2,1,5,4,5,13,1,1,5,4,5,2,13,1,28,2,9,5,1,7,9,1,10,2,11,,16,,1,21,121.5393237,25.0464663
113,12,31,19,57,2,03中山區,中山區八德路2段與八德路2段210巷口,0,0,1,2,C03,8,5,5,50,4,2,1,5,4,5,13,1,1,5,4,5,2,13,1,44,3,10,5,1,7,9,1,10,2,13,,44,,1,21,121.5393237,25.0464663
113,12,31,20,7,2,12內湖區,內湖區瑞光路與瑞光路316巷口,0,0,1,1,B01,7,5,5,50,3,2,1,5,4,5,13,1,1,5,4,5,2,15,1,63,3,10,7,1,7,11,1,4,1,5,,92,,1,21,121.5741088,25.0767148
113,12,31,20,7,2,12內湖區,內湖區瑞光路與瑞光路316巷口,0,0,1,2,C03,7,5,5,50,3,2,1,5,4,5,13,1,1,5,4,5,2,15,1,31,2,9,5,1,7,9,1,10,1,11,,44,,1,21,121.5741088,25.0767148
113,12,31,20,16,2,07信義區,信義區忠孝東路5段236巷與忠孝東路5段236巷45弄口,0,0,1,1,C03,7,5,5,30,3,2,1,5,4,5,13,4,4,5,4,5,2,13,2,22,2,8,6,1,7,9,1,10,2,11,,16,,1,22,121.571444,25.0377394
113,12,31,20,16,2,07信義區,信義區忠孝東路5段236巷與忠孝東路5段236巷45弄口,0,0,1,2,B01,7,5,5,30,3,2,1,5,4,5,13,4,4,5,4,5,2,13,1,45,3,10,3,4,7,14,1,4,2,6,,44,,1,21,121.571444,25.0377394
113,12,31,20,18,2,04大安區,大安區和平東路3段與基隆路2段口,0,0,2,1,C03,8,5,5,50,4,2,1,5,4,5,13,4,4,1,4,1,1,13,1,30,2,9,5,1,7,9,1,10,1,11,,16,,1,21,121.5522574,25.024293
113,12,31,20,18,2,04大安區,大安區和平東路3段與基隆路2段口,0,0,2,2,C03,8,5,5,50,4,2,1,5,4,5,13,4,4,1,4,1,1,13,1,48,2,9,5,1,7,14,1,10,1,13,,44,,1,21,121.5522574,25.024293
113,12,31,20,26,2,03中山區,中山區吉林路179號,0,0,1,1,B03,7,5,5,50,14,9,1,5,4,5,13,4,4,8,3,4,1,17,1,57,3,10,7,1,7,5,1,8,1,8,,99,,1,21,121.5302571,25.0595543
113,12,31,20,26,2,03中山區,中山區吉林路179號,0,0,1,2,C03,7,5,5,50,14,9,1,5,4,5,13,4,4,8,3,4,1,17,1,48,3,10,5,1,7,9,1,10,1,11,,44,,1,21,121.5302571,25.0595543
113,12,31,20,26,2,03中山區,中山區吉林路179號,0,0,1,3,H02,7,5,5,50,14,9,1,5,4,5,13,4,4,8,3,4,1,17,2,48,2,9,4,5,7,21,8,20,10,16,,67,,1,21,121.5302571,25.0595543
113,12,31,21,29,2,09北投區,學園路口站,0,0,1,1,B03,7,5,5,40,14,9,1,5,4,5,13,4,4,9,5,5,2,16,2,68,3,10,7,1,7,11,1,4,1,1,,99,,1,21,121.4659574,25.12685403
113,12,31,21,29,2,09北投區,學園路口站,0,0,1,2,C03,7,5,5,40,14,9,1,5,4,5,13,4,4,9,5,5,2,16,1,19,2,9,6,1,7,9,1,10,1,14,,44,,1,21,121.4659574,25.12685403
113,12,31,21,47,2,12內湖區,內湖區潭美街與南京東路6段口,0,0,1,1,B03,7,5,5,40,3,1,1,5,4,5,13,3,1,5,5,5,2,17,1,22,3,10,7,1,7,11,1,8,1,4,,10,,1,21,121.5749675,25.0531617
113,12,31,21,47,2,12內湖區,內湖區潭美街與南京東路6段口,0,0,1,2,C03,7,5,5,40,3,1,1,5,4,5,13,3,1,5,5,5,2,17,1,35,2,9,5,1,7,9,1,10,1,11,,14,,1,21,121.5749675,25.0531617
113,12,31,21,55,2,07信義區,信義區信義路5段與松仁路口,0,0,1,1,C03,8,6,5,50,4,2,1,5,4,5,13,1,1,3,4,5,2,13,1,64,2,9,5,1,7,9,1,10,2,11,,16,,1,21,121.5681473,25.0327139
113,12,31,21,55,2,07信義區,信義區信義路5段與松仁路口,0,0,1,2,B01,8,6,5,50,4,2,1,5,4,5,13,1,1,3,4,5,2,13,1,58,3,10,3,4,7,6,1,4,2,7,,44,,1,21,121.5681473,25.0327139
113,12,31,22,11,2,03中山區,中山區中山北路3段31號,0,0,1,1,C03,7,5,5,50,14,9,1,5,4,5,13,4,4,10,3,5,1,17,1,26,2,9,5,1,7,9,1,10,1,11,,108,,1,21,121.5223787,25.0653798
113,12,31,22,11,2,03中山區,中山區中山北路3段31號,0,0,1,2,B03,7,5,5,50,14,9,1,5,4,5,13,4,4,10,3,5,1,17,2,54,3,10,7,1,7,13,1,8,9,7,,44,,1,21,121.5223787,25.0653798
113,12,31,22,19,2,07信義區,信義區嘉興街127巷與信安街口,0,0,1,1,C03,7,5,5,30,3,2,1,5,4,5,13,1,1,5,5,5,2,16,1,19,3,10,3,4,7,9,1,10,9,14,,13,,1,22,121.558128,25.0287271
113,12,31,22,19,2,07信義區,信義區嘉興街127巷與信安街口,0,0,1,2,B03,7,5,5,30,3,2,1,5,4,5,13,1,1,5,5,5,2,16,1,31,3,10,3,4,7,6,1,8,9,5,,9,,1,22,121.558128,25.0287271
113,12,31,22,19,2,07信義區,信義區嘉興街127巷與信安街口,0,0,1,3,H02,7,5,5,30,3,2,1,5,4,5,13,1,1,5,5,5,2,16,2,17,2,8,3,5,7,20,8,20,10,16,,67,,1,22,121.558128,25.0287271
113,12,31,22,45,2,03中山區,中山區中山北路2段與中山北路2段183巷口,0,0,1,1,B02,8,5,5,50,3,1,1,5,4,5,13,4,4,1,4,5,2,12,1,32,3,10,7,1,7,8,1,8,1,5,,44,,1,21,121.5224699,25.06355798
113,12,31,22,45,2,03中山區,中山區中山北路2段與中山北路2段183巷口,0,0,1,2,C03,8,5,5,50,3,1,1,5,4,5,13,4,4,1,4,5,2,12,1,44,2,9,5,1,7,9,1,10,1,14,,44,,1,21,121.5224699,25.06355798
113,12,31,22,48,2,07信義區,信義區忠孝東路5段524巷24號,0,0,1,1,F02,8,5,5,30,14,9,1,5,4,5,13,4,4,5,5,5,2,9,2,26,3,10,4,1,7,9,8,20,1,11,,118,,1,21,121.5800143,25.0401657
113,12,31,22,48,2,07信義區,信義區忠孝東路5段524巷24號,0,0,1,2,H01,8,5,5,30,14,9,1,5,4,5,13,4,4,5,5,5,2,9,2,66,2,8,4,5,8,16,8,20,1,16,,67,,1,21,121.5800143,25.0401657
113,12,31,23,17,2,07信義區,信義區忠孝東路5段423巷56號,0,0,2,2,H01,7,5,5,30,14,9,1,5,4,5,13,4,4,10,4,5,1,9,1,60,2,6,4,5,8,16,8,20,10,16,,67,,1,21,121.5754282,25.0430292
113,12,31,23,17,2,07信義區,信義區忠孝東路5段423巷56號,0,0,2,1,C04,7,5,5,30,14,9,1,5,4,5,13,4,4,10,4,5,1,9,1,62,2,7,3,4,7,9,1,8,2,12,,108,,1,21,121.5754282,25.0430292
113,12,31,23,40,2,11南港區,南港區三重路69號,0,0,2,1,B03,7,5,5,50,14,9,1,5,4,5,13,2,1,3,4,5,2,13,2,41,3,10,3,4,7,7,6,7,9,6,,100,,1,22,121.6140135,25.0607565
113,12,31,23,40,2,11南港區,南港區三重路69號,0,0,2,2,C03,7,5,5,50,14,9,1,5,4,5,13,2,1,3,4,5,2,13,2,19,2,8,3,4,7,8,1,10,1,11,,100,,1,22,121.6140135,25.0607565
113,12,31,23,40,2,11南港區,南港區三重路69號,0,0,2,3,H02,7,5,5,50,14,9,1,5,4,5,13,2,1,3,4,5,2,13,2,17,2,8,3,5,7,20,8,20,10,16,,67,,1,22,121.6140135,25.0607565
113,12,31,23,46,2,05中正區,中正區重慶南路3段與汀州路2段口,0,0,2,1,B03,7,5,5,50,4,1,1,5,4,5,13,2,1,1,3,5,1,16,1,57,3,10,7,1,7,5,1,8,1,5,,8,,1,21,121.5164999,25.0256407
113,12,31,23,46,2,05中正區,中正區重慶南路3段與汀州路2段口,0,0,2,2,C03,7,5,5,50,4,1,1,5,4,5,13,2,1,1,3,5,1,16,2,40,2,9,5,1,7,9,1,10,1,11,,44,,1,21,121.5164999,25.0256407
113,12,31,23,46,2,05中正區,中正區重慶南路3段與汀州路2段口,0,0,2,3,H02,7,5,5,50,4,1,1,5,4,5,13,2,1,1,3,5,1,16,2,14,2,9,5,5,7,17,8,20,10,16,,67,,1,21,121.5164999,25.0256407
113,12,31,23,46,2,05中正區,中正區汀州路3段與汀州路3段160巷口,0,0,1,1,B03,8,5,5,50,4,1,1,5,4,1,13,1,1,5,2,5,2,17,1,48,3,10,7,1,7,5,1,8,2,8,,71,,1,21,121.534322,25.013574
113,12,31,23,46,2,05中正區,中正區汀州路3段與汀州路3段160巷口,0,0,1,2,C03,8,5,5,50,4,1,1,5,4,1,13,1,1,5,2,5,2,17,1,62,2,5,5,1,7,9,1,9,2,14,,29,,1,21,121.534322,25.013574